/*--------------------------------*- C++ -*----------------------------------*\
  =========                 |
  \\      /  F ield         | OpenFOAM: The Open Source CFD Toolbox
   \\    /   O peration     | Website:  https://openfoam.org
    \\  /    A nd           | Version:  11
     \\/     M anipulation  |
\*---------------------------------------------------------------------------*/
FoamFile
{
    format      ascii;
    class       volVectorField;
    location    "30";
    object      U;
}
// * * * * * * * * * * * * * * * * * * * * * * * * * * * * * * * * * * * * * //

dimensions      [0 1 -1 0 0 0 0];

internalField   nonuniform List<vector> 
4096
(
(1.791515578e-05 -1.786440169e-05 0)
(6.112858485e-05 -2.643740605e-05 0)
(9.978733425e-05 -1.896069466e-05 0)
(0.0001055651521 -5.08416449e-06 0)
(6.758733923e-05 1.039709056e-05 0)
(-1.539744532e-05 2.526558671e-05 0)
(-0.0001409417273 3.864427209e-05 0)
(-0.0003048971748 5.022196016e-05 0)
(-0.0005024495178 5.997795329e-05 0)
(-0.0007286330098 6.802142365e-05 0)
(-0.0009786386185 7.451082137e-05 0)
(-0.0012479656 7.961642947e-05 0)
(-0.001532479388 8.350156553e-05 0)
(-0.001828416519 8.631263804e-05 0)
(-0.002132357856 8.817407837e-05 0)
(-0.002441183262 8.918624853e-05 0)
(-0.002752016833 8.94253182e-05 0)
(-0.003062169213 8.894451896e-05 0)
(-0.003369081767 8.777638391e-05 0)
(-0.003670276066 8.593568754e-05 0)
(-0.003963311215 8.34228652e-05 0)
(-0.004245750753 8.022773534e-05 0)
(-0.004515140222 7.633337968e-05 0)
(-0.004768996011 7.172006132e-05 0)
(-0.005004805635 6.636908082e-05 0)
(-0.005220039247 6.026648568e-05 0)
(-0.005412171887 5.340656006e-05 0)
(-0.00557871569 4.579502744e-05 0)
(-0.005717261045 3.745190162e-05 0)
(-0.005825525446 2.841392026e-05 0)
(-0.005901408584 1.873649635e-05 0)
(-0.005943052025 8.495133964e-06 0)
(-0.005948901724 -2.213763165e-06 0)
(-0.005917770816 -1.327311413e-05 0)
(-0.005848901145 -2.454527192e-05 0)
(-0.005742021106 -3.58738653e-05 0)
(-0.005597396758 -4.708598715e-05 0)
(-0.005415874434 -5.799525527e-05 0)
(-0.005198912336 -6.840568055e-05 0)
(-0.004948598948 -7.811624462e-05 0)
(-0.004667656431 -8.692607319e-05 0)
(-0.004359427559 -9.464005021e-05 0)
(-0.00402784524 -0.0001010746777 0)
(-0.003677384276 -0.0001060639548 0)
(-0.00331299567 -0.0001094650278 0)
(-0.002940024481 -0.0001111633589 0)
(-0.002564112896 -0.0001110771658 0)
(-0.002191090852 -0.0001091609213 0)
(-0.001826856967 -0.0001054077424 0)
(-0.001477252839 -9.985058959e-05 0)
(-0.001147933779 -9.256232014e-05 0)
(-0.0008442386793 -8.36547875e-05 0)
(-0.0005710607261 -7.327739259e-05 0)
(-0.0003327178343 -6.161597276e-05 0)
(-0.0001328189051 -4.889458e-05 0)
(2.586165968e-05 -3.538349299e-05 0)
(0.0001415615559 -2.139757612e-05 0)
(0.0002137500082 -7.342114777e-06 0)
(0.0002434562576 6.201277907e-06 0)
(0.0002337857265 1.836271969e-05 0)
(0.0001906739656 2.778213499e-05 0)
(0.0001243114305 3.207796882e-05 0)
(5.350109841e-05 2.729196031e-05 0)
(1.004260977e-05 1.008190659e-05 0)
(2.679524333e-05 -6.130782634e-05 0)
(7.663588673e-05 -7.602383814e-05 0)
(8.965065033e-05 -3.006593092e-05 0)
(2.105352666e-05 4.374421707e-05 0)
(-0.000149837411 0.000127226669 0)
(-0.0004282537757 0.0002103682946 0)
(-0.0008112350961 0.000287938942 0)
(-0.0012911367 0.0003573929023 0)
(-0.001857762224 0.000417739071 0)
(-0.00249977735 0.0004688507713 0)
(-0.003205599603 0.0005110648556 0)
(-0.003963920238 0.0005449473347 0)
(-0.004763983219 0.0005711507551 0)
(-0.005595705171 0.0005903259273 0)
(-0.006449691214 0.0006030681297 0)
(-0.007317184663 0.000609886372 0)
(-0.008189977841 0.0006111887769 0)
(-0.009060303963 0.0006072795752 0)
(-0.009920724868 0.0005983645786 0)
(-0.01076402554 0.0005845628175 0)
(-0.01158312346 0.000565922557 0)
(-0.01237099847 0.0005424402692 0)
(-0.0131206469 0.0005140814037 0)
(-0.01382506223 0.0004808020017 0)
(-0.01447724319 0.0004425703528 0)
(-0.01507022908 0.0003993880221 0)
(-0.01559716125 0.0003513096647 0)
(-0.01605136872 0.0002984611142 0)
(-0.01642647541 0.0002410552808 0)
(-0.01671652562 0.0001794054227 0)
(-0.01691612394 0.0001139353762 0)
(-0.01702058517 4.518632271e-05 0)
(-0.01702609003 -2.618024622e-05 0)
(-0.0169298394 -9.938333552e-05 0)
(-0.01673020403 -0.0001735283854 0)
(-0.01642686347 -0.0002476171336 0)
(-0.01602092633 -0.0003205622343 0)
(-0.01551502817 -0.0003912064227 0)
(-0.01491340092 -0.0004583459073 0)
(-0.01422190876 -0.0005207575373 0)
(-0.01344804623 -0.000577229087 0)
(-0.01260089536 -0.0006265917938 0)
(-0.01169103975 -0.000667754106 0)
(-0.0107304348 -0.0006997354512 0)
(-0.009732234935 -0.0007216987546 0)
(-0.008710580026 -0.0007329804242 0)
(-0.007680344872 -0.0007331166055 0)
(-0.006656856707 -0.0007218647017 0)
(-0.005655586822 -0.0006992194585 0)
(-0.004691822761 -0.0006654234003 0)
(-0.003780327432 -0.0006209720614 0)
(-0.002934990316 -0.0005666153345 0)
(-0.002168473616 -0.0005033574465 0)
(-0.001491851943 -0.0004324599959 0)
(-0.0009142388708 -0.0003554564531 0)
(-0.0004423881879 -0.0002741895936 0)
(-8.022492088e-05 -0.000190865092 0)
(0.0001716897729 -0.000108214184 0)
(0.0003169371743 -2.974151138e-05 0)
(0.0003642867951 3.982268467e-05 0)
(0.0003287305728 9.39186783e-05 0)
(0.0002330543756 0.0001230828185 0)
(0.0001138272134 0.0001139751529 0)
(2.703277103e-05 5.32799121e-05 0)
(1.975499629e-05 -0.0001009184038 0)
(3.144048362e-05 -8.947584367e-05 0)
(-4.0209463e-05 4.070473034e-05 0)
(-0.0002383805145 0.0002302456985 0)
(-0.0005848963717 0.0004435079753 0)
(-0.001086384083 0.0006584737565 0)
(-0.001739504711 0.0008620747564 0)
(-0.002534518213 0.001047116299 0)
(-0.003457833494 0.001210103052 0)
(-0.004493817758 0.001349815589 0)
(-0.005626028002 0.001466397937 0)
(-0.006838005992 0.001560762895 0)
(-0.00811375443 0.001634199825 0)
(-0.009437986385 0.001688116574 0)
(-0.01079621712 0.001723872883 0)
(-0.01217475008 0.001742678128 0)
(-0.01356059638 0.001745535598 0)
(-0.01494135765 0.001733221057 0)
(-0.01630509533 0.001706286754 0)
(-0.01764020353 0.001665084208 0)
(-0.01893529868 0.001609800547 0)
(-0.02017913513 0.001540504201 0)
(-0.02136055318 0.001457196507 0)
(-0.02246846344 0.001359866381 0)
(-0.0234918693 0.001248545656 0)
(-0.02441992753 0.001123363076 0)
(-0.02524204546 0.0009845951895 0)
(-0.02594801208 0.0008327126529 0)
(-0.02652815893 0.0006684205809 0)
(-0.02697354615 0.0004926917493 0)
(-0.02727616767 0.0003067915276 0)
(-0.02742916937 0.000112293446 0)
(-0.02742707254 -8.891546167e-05 0)
(-0.02726599557 -0.000294638828 0)
(-0.02694386586 -0.0005023896206 0)
(-0.0264606131 -0.0007094178448 0)
(-0.02581833612 -0.0009127509937 0)
(-0.02502143526 -0.001109245947 0)
(-0.02407670265 -0.001295651439 0)
(-0.0229933635 -0.001468679902 0)
(-0.02178306279 -0.001625086984 0)
(-0.02045979282 -0.00176175654 0)
(-0.01903975887 -0.001875788536 0)
(-0.01754118192 -0.001964586937 0)
(-0.0159840395 -0.002025944507 0)
(-0.01438974753 -0.002058121452 0)
(-0.01278078808 -0.002059915059 0)
(-0.01118028965 -0.002030718011 0)
(-0.009611567804 -0.001970563845 0)
(-0.008097634458 -0.001880159206 0)
(-0.006660684273 -0.001760904157 0)
(-0.005321564866 -0.001614903912 0)
(-0.004099235039 -0.001444978139 0)
(-0.003010210767 -0.001254677834 0)
(-0.002067992691 -0.001048325097 0)
(-0.001282460121 -0.0008310972419 0)
(-0.0006592026332 -0.0006091829268 0)
(-0.0001987658508 -0.0003900742462 0)
(0.0001042586499 -0.0001829965359 0)
(0.0002623684663 3.525419902e-07 0)
(0.0002961203383 0.0001448524588 0)
(0.0002352245819 0.0002308798314 0)
(0.0001247011828 0.000233485716 0)
(3.197748022e-05 0.0001238014417 0)
(6.046871283e-06 -0.0001079172123 0)
(-4.372835147e-05 -2.025323887e-05 0)
(-0.0002356214684 0.0002397807137 0)
(-0.0005995385172 0.000589338499 0)
(-0.001152554235 0.0009762811633 0)
(-0.001899820109 0.001366261922 0)
(-0.002836315747 0.001737552864 0)
(-0.003950084411 0.002077327599 0)
(-0.005224785456 0.002378724778 0)
(-0.006641513923 0.002638784139 0)
(-0.008180126312 0.002857027674 0)
(-0.009820164539 0.003034472892 0)
(-0.0115414513 0.003172946785 0)
(-0.01332443458 0.003274614256 0)
(-0.01515034841 0.003341661489 0)
(-0.0170012444 0.003376093261 0)
(-0.01885993771 0.00337961546 0)
(-0.020709903 0.00335358198 0)
(-0.02253514801 0.003298990311 0)
(-0.02432008677 0.003216513595 0)
(-0.02604942896 0.003106559388 0)
(-0.02770809775 0.00296934712 0)
(-0.02928118456 0.002804997633 0)
(-0.03075394601 0.002613629255 0)
(-0.03211184577 0.002395455722 0)
(-0.03334064137 0.002150881993 0)
(-0.03442651442 0.001880594558 0)
(-0.0353562405 0.001585643308 0)
(-0.03611739421 0.001267512398 0)
(-0.03669858288 0.0009281778438 0)
(-0.03708970208 0.0005701498275 0)
(-0.03728220475 0.0001964979305 0)
(-0.03726937422 -0.0001891421723 0)
(-0.03704659413 -0.0005825816832 0)
(-0.03661160395 -0.000979112767 0)
(-0.03596472891 -0.001373563151 0)
(-0.03510907728 -0.001760371846 0)
(-0.03405069384 -0.002133685011 0)
(-0.03279866101 -0.002487470411 0)
(-0.0313651396 -0.002815648258 0)
(-0.02976534252 -0.003112235343 0)
(-0.0280174362 -0.003371498687 0)
(-0.02614236629 -0.003588114235 0)
(-0.02416360639 -0.003757325602 0)
(-0.02210683058 -0.003875097655 0)
(-0.01999951306 -0.003938259671 0)
(-0.01787046009 -0.003944633295 0)
(-0.01574928158 -0.003893141332 0)
(-0.01366581115 -0.003783894801 0)
(-0.0116494843 -0.003618257637 0)
(-0.009728684311 -0.00339889102 0)
(-0.007930064834 -0.003129782711 0)
(-0.006277855242 -0.002816271023 0)
(-0.004793151855 -0.002465078465 0)
(-0.003493192958 -0.002084376784 0)
(-0.002390609615 -0.001683912984 0)
(-0.001492638044 -0.001275235982 0)
(-0.0008002785543 -0.0008720778389 0)
(-0.0003073668808 -0.0004909319633 0)
(4.505811603e-07 -0.0001518940173 0)
(0.0001465276827 0.0001202089922 0)
(0.0001640460003 0.0002947152662 0)
(0.000101390562 0.0003341116005 0)
(2.865973327e-05 0.0001916454927 0)
(-9.934490956e-06 -6.987241501e-05 0)
(-0.0001325159625 0.0001565840908 0)
(-0.0004654471966 0.0005957980735 0)
(-0.001018320003 0.001147317214 0)
(-0.001799114976 0.001745371544 0)
(-0.002809064225 0.002344771891 0)
(-0.004039937977 0.002915687967 0)
(-0.005476864557 0.003439661622 0)
(-0.007100707685 0.003906216437 0)
(-0.008889667052 0.004310333966 0)
(-0.01082051701 0.004650620681 0)
(-0.01286953149 0.004927968492 0)
(-0.01501311315 0.005144583489 0)
(-0.01722818088 0.005303293892 0)
(-0.01949237214 0.005407070306 0)
(-0.02178410952 0.005458708758 0)
(-0.02408257394 0.005460639522 0)
(-0.0263676208 0.005414833443 0)
(-0.02861966876 0.005322783456 0)
(-0.03081958531 0.005185543328 0)
(-0.03294858772 0.005003808848 0)
(-0.03498817346 0.004778029128 0)
(-0.03692008995 0.004508537621 0)
(-0.03872634995 0.004195694077 0)
(-0.04038929557 0.00384002997 0)
(-0.04189171136 0.003442391051 0)
(-0.0432169845 0.003004071605 0)
(-0.04434930813 0.002526935746 0)
(-0.04527392212 0.002013521723 0)
(-0.04597738455 0.001467125731 0)
(-0.04644786534 0.0008918621986 0)
(-0.04667545328 0.0002926979752 0)
(-0.04665246597 -0.0003245416905 0)
(-0.04637375329 -0.00095319801 0)
(-0.04583698298 -0.001585833169 0)
(-0.04504289682 -0.002214317369 0)
(-0.04399552786 -0.002829946827 0)
(-0.04270236763 -0.003423591599 0)
(-0.04117447362 -0.003985870966 0)
(-0.03942650827 -0.004507353002 0)
(-0.03747670217 -0.004978773816 0)
(-0.03534673534 -0.005391270915 0)
(-0.03306153273 -0.005736624211 0)
(-0.03064897205 -0.006007497486 0)
(-0.02813950449 -0.006197672724 0)
(-0.02556569105 -0.006302269781 0)
(-0.02296166 -0.00631794437 0)
(-0.02036249281 -0.006243058561 0)
(-0.01780354794 -0.006077819861 0)
(-0.01531973308 -0.005824387603 0)
(-0.01294473703 -0.005486948899 0)
(-0.01071023221 -0.005071770828 0)
(-0.008645057205 -0.004587240917 0)
(-0.006774386927 -0.004043914399 0)
(-0.00511889485 -0.003454594066 0)
(-0.003693908745 -0.002834476645 0)
(-0.002508559421 -0.002201408073 0)
(-0.001564922372 -0.001576297094 0)
(-0.0008571432754 -0.0009837351225 0)
(-0.00037056151 -0.0004528802547 0)
(-8.101691396e-05 -1.862215287e-05 0)
(4.579668351e-05 0.0002772574216 0)
(5.795085006e-05 0.0003847879912 0)
(2.121716736e-05 0.0002405121779 0)
(-2.62273592e-05 1.694618771e-05 0)
(-0.0002262877698 0.0004525607926 0)
(-0.0007110973173 0.001124823328 0)
(-0.001466376699 0.001921721076 0)
(-0.002488294481 0.002767219544 0)
(-0.003772223563 0.003607422764 0)
(-0.005305301509 0.004405637951 0)
(-0.007068862875 0.005138387279 0)
(-0.0090405879 0.005791808646 0)
(-0.01119576847 0.006358844514 0)
(-0.01350834598 0.006837105312 0)
(-0.01595174206 0.007227244001 0)
(-0.01849944759 0.007531735934 0)
(-0.02112540026 0.007753983089 0)
(-0.02380419367 0.007897676621 0)
(-0.02651115818 0.007966365208 0)
(-0.02922235118 0.007963187457 0)
(-0.03191449044 0.007890734583 0)
(-0.03456485976 0.007751015538 0)
(-0.03715121107 0.007545501286 0)
(-0.0396516821 0.007275228514 0)
(-0.04204474453 0.006940945935 0)
(-0.04430919282 0.006543288791 0)
(-0.04642418053 0.006082969209 0)
(-0.04836930729 0.005560971855 0)
(-0.05012475682 0.004978745885 0)
(-0.0516714838 0.004338385479 0)
(-0.05299144528 0.003642792396 0)
(-0.05406787045 0.002895814897 0)
(-0.0548855614 0.002102358219 0)
(-0.05543121581 0.00126846246 0)
(-0.05569376218 0.0004013444516 0)
(-0.05566469667 -0.0004905992233 0)
(-0.05533841121 -0.001397830513 0)
(-0.05471250091 -0.002309749883 0)
(-0.05378803973 -0.003214819466 0)
(-0.05256981296 -0.004100728212 0)
(-0.05106649564 -0.004954597297 0)
(-0.04929076659 -0.005763222693 0)
(-0.04725934849 -0.006513350393 0)
(-0.04499296612 -0.00719197833 0)
(-0.04251621587 -0.007786677704 0)
(-0.03985734189 -0.008285925204 0)
(-0.03704791616 -0.008679436664 0)
(-0.0341224223 -0.008958492168 0)
(-0.03111774525 -0.009116242552 0)
(-0.02807257186 -0.009147987915 0)
(-0.0250267096 -0.009051420125 0)
(-0.02202033313 -0.008826823579 0)
(-0.01909317021 -0.008477231756 0)
(-0.0162836397 -0.008008541278 0)
(-0.01362795523 -0.007429590471 0)
(-0.01115920773 -0.00675221554 0)
(-0.008906439666 -0.005991304521 0)
(-0.00689372266 -0.005164876632 0)
(-0.005139249167 -0.004294222395 0)
(-0.003654449084 -0.003404146612 0)
(-0.002443143931 -0.002523359774 0)
(-0.001500753069 -0.00168506477 0)
(-0.0008135735711 -0.0009278029339 0)
(-0.0003581723012 -0.0002965834583 0)
(-0.0001008122563 0.0001559766624 0)
(3.635276792e-06 0.0003682497664 0)
(1.201639275e-05 0.0002628734882 0)
(-4.210236659e-05 0.0001531715754 0)
(-0.0003206693298 0.0008723671759 0)
(-0.000961691747 0.001834900921 0)
(-0.001925841462 0.002922180016 0)
(-0.003195986394 0.004051273277 0)
(-0.004760257526 0.005161976895 0)
(-0.006599999602 0.006212359948 0)
(-0.008691912113 0.007174948602 0)
(-0.01100998561 0.008033094281 0)
(-0.01352639318 0.008778016579 0)
(-0.01621226818 0.009406467936 0)
(-0.01903837931 0.009918896479 0)
(-0.02197562415 0.01031802665 0)
(-0.02499535166 0.01060779108 0)
(-0.02806954394 0.01079255404 0)
(-0.03117088752 0.0108765757 0)
(-0.034272765 0.01086367361 0)
(-0.03734919653 0.01075704467 0)
(-0.0403747577 0.01055921541 0)
(-0.04332449653 0.0102720929 0)
(-0.04617386797 0.00989709201 0)
(-0.04889870035 0.009435317844 0)
(-0.05147520379 0.008887785006 0)
(-0.05388002719 0.008255657668 0)
(-0.05609036681 0.00754049671 0)
(-0.0580841266 0.006744502134 0)
(-0.05984012781 0.005870740693 0)
(-0.06133836339 0.004923350139 0)
(-0.06256029067 0.003907712829 0)
(-0.06348915456 0.0028305925 0)
(-0.06411033228 0.001700229011 0)
(-0.06441168965 0.000526386769 0)
(-0.06438393824 -0.0006796466211 0)
(-0.06402098254 -0.001905114091 0)
(-0.06332024523 -0.003135896484 0)
(-0.06228295937 -0.00435667437 0)
(-0.06091441568 -0.005551143212 0)
(-0.05922415384 -0.006702279676 0)
(-0.05722608677 -0.00779265525 0)
(-0.05493854811 -0.008804791626 0)
(-0.05238425369 -0.00972155059 0)
(-0.04959016962 -0.01052654946 0)
(-0.04658728091 -0.0112045916 0)
(-0.04341025713 -0.01174210032 0)
(-0.04009701335 -0.01212754359 0)
(-0.03668816795 -0.01235183704 0)
(-0.03322640117 -0.012408713 0)
(-0.02975572144 -0.01229504505 0)
(-0.02632064932 -0.01201112002 0)
(-0.02296533143 -0.01156085286 0)
(-0.01973259889 -0.01095194488 0)
(-0.0166629866 -0.01019599124 0)
(-0.01379373074 -0.00930855081 0)
(-0.01115776271 -0.008309198322 0)
(-0.008782718251 -0.007221586752 0)
(-0.00668998094 -0.006073554833 0)
(-0.004893779677 -0.004897320318 0)
(-0.003400363256 -0.003729801531 0)
(-0.002207288901 -0.002613112551 0)
(-0.001302848142 -0.001595299785 0)
(-0.0006654984835 -0.0007313479608 0)
(-0.0002633608773 -8.416509348e-05 0)
(-5.594056225e-05 0.0002741008639 0)
(2.28550824e-06 0.0002551203905 0)
(-5.730023101e-05 0.0003380352932 0)
(-0.0004134841089 0.001416795284 0)
(-0.00121106258 0.002728787628 0)
(-0.002385763864 0.004152692632 0)
(-0.003906540853 0.005601728736 0)
(-0.005753421434 0.00701177588 0)
(-0.00790111983 0.008337451081 0)
(-0.01032101133 0.009548550518 0)
(-0.01298290972 0.01062649538 0)
(-0.01585559157 0.01156133223 0)
(-0.01890729391 0.01234928615 0)
(-0.02210620076 0.01299078149 0)
(-0.02542080514 0.01348887585 0)
(-0.02882014262 0.01384805759 0)
(-0.032273917 0.01407335688 0)
(-0.03575253934 0.01416972369 0)
(-0.03922710398 0.0141416306 0)
(-0.04266932603 0.01399286181 0)
(-0.04605146328 0.01372645392 0)
(-0.04934624264 0.0133447569 0)
(-0.05252680779 0.01284958725 0)
(-0.05556670118 0.01224244827 0)
(-0.0584398896 0.01152479514 0)
(-0.06112083917 0.01069832543 0)
(-0.06358464242 0.009765278133 0)
(-0.06580719706 0.008728726683 0)
(-0.06776543385 0.0075928535 0)
(-0.0694375888 0.006363195633 0)
(-0.07080351318 0.005046852557 0)
(-0.07184501355 0.003652648673 0)
(-0.07254621293 0.002191244301 0)
(-0.07289392326 0.0006751900761 0)
(-0.07287801879 -0.0008810792902 0)
(-0.07249179952 -0.00246131488 0)
(-0.0717323332 -0.004047588635 0)
(-0.07060076467 -0.005620494488 0)
(-0.06910258063 -0.007159414356 0)
(-0.06724781849 -0.008642846512 0)
(-0.06505120793 -0.01004879197 0)
(-0.06253223436 -0.01135519256 0)
(-0.05971511436 -0.01254041221 0)
(-0.05662867411 -0.01358375124 0)
(-0.05330612368 -0.0144659811 0)
(-0.04978472159 -0.01516988578 0)
(-0.04610532691 -0.01568079485 0)
(-0.04231183849 -0.01598709247 0)
(-0.03845052444 -0.01608068745 0)
(-0.03456924808 -0.01595743041 0)
(-0.03071660022 -0.0156174671 0)
(-0.02694095093 -0.01506552045 0)
(-0.02328943736 -0.01431109929 0)
(-0.01980690663 -0.0133686378 0)
(-0.01653483564 -0.01225757687 0)
(-0.01351025127 -0.01100240646 0)
(-0.01076467644 -0.009632695469 0)
(-0.00832312866 -0.008183142712 0)
(-0.006203197942 -0.00669368773 0)
(-0.004414235651 -0.005209721308 0)
(-0.002956712944 -0.003782439016 0)
(-0.001821771193 -0.00246940504 0)
(-0.0009906509516 -0.001335350569 0)
(-0.000434220702 -0.0004528936629 0)
(-0.0001175636662 9.647189059e-05 0)
(-7.372307258e-06 0.0002158135508 0)
(-7.177564311e-05 0.0005701693929 0)
(-0.0005037127315 0.002084345141 0)
(-0.001455768673 0.003805792493 0)
(-0.002839478163 0.00561335488 0)
(-0.004609828127 0.007419000552 0)
(-0.006738303582 0.009156914845 0)
(-0.009192459461 0.01078005397 0)
(-0.01193785101 0.012256859 0)
(-0.01493971937 0.01356783328 0)
(-0.01816318161 0.01470256605 0)
(-0.02157345378 0.01565723919 0)
(-0.02513613767 0.01643256411 0)
(-0.02881743148 0.01703211796 0)
(-0.03258425216 0.01746104569 0)
(-0.03640428331 0.01772508841 0)
(-0.04024596282 0.0178298976 0)
(-0.04407842739 0.01778059527 0)
(-0.04787143333 0.01758154191 0)
(-0.05159527265 0.01723627571 0)
(-0.05522070121 0.01674758941 0)
(-0.05871889347 0.01611771302 0)
(-0.06206143493 0.01534857429 0)
(-0.06522036024 0.01444211097 0)
(-0.06816824175 0.01340061237 0)
(-0.07087833037 0.01222707028 0)
(-0.07332474797 0.01092552225 0)
(-0.07548272842 0.009501372617 0)
(-0.07732890229 0.007961678874 0)
(-0.07884161901 0.006315393188 0)
(-0.08000129881 0.004573550307 0)
(-0.08079080599 0.00274939478 0)
(-0.08119583415 0.0008584416602 0)
(-0.0812052937 -0.001081533912 0)
(-0.08081169083 -0.00305058169 0)
(-0.08001148744 -0.005026737767 0)
(-0.07880543072 -0.006986263646 0)
(-0.07719884049 -0.008903961796 0)
(-0.07520184288 -0.01075356522 0)
(-0.0728295382 -0.01250819641 0)
(-0.07010209144 -0.0141408889 0)
(-0.06704473388 -0.01562516217 0)
(-0.06368766552 -0.01693563829 0)
(-0.06006584891 -0.01804868642 0)
(-0.05621868699 -0.01894307896 0)
(-0.05218958003 -0.01960064177 0)
(-0.04802535929 -0.0200068798 0)
(-0.04377559909 -0.02015155959 0)
(-0.03949181233 -0.02002923106 0)
(-0.03522653932 -0.0196396737 0)
(-0.03103234358 -0.01898825614 0)
(-0.02696073312 -0.01808620313 0)
(-0.0230610294 -0.01695077111 0)
(-0.01937920973 -0.01560534059 0)
(-0.01595675228 -0.01407944214 0)
(-0.01282951531 -0.01240874041 0)
(-0.0100266841 -0.01063500805 0)
(-0.007569818579 -0.008806126052 0)
(-0.005472040555 -0.006976148179 0)
(-0.003737440059 -0.005205470149 0)
(-0.002360719686 -0.003561167325 0)
(-0.001326574631 -0.002117516277 0)
(-0.0006091885074 -0.0009563636118 0)
(-0.0001796041364 -0.0001676485047 0)
(-1.670439059e-05 0.0001447037801 0)
(-8.555990642e-05 0.0008479393193 0)
(-0.0005909021526 0.002872208461 0)
(-0.001693888094 0.005063007037 0)
(-0.003282891664 0.007301510612 0)
(-0.005299220823 0.009500607719 0)
(-0.007705689806 0.01159478123 0)
(-0.01046242785 0.01353703635 0)
(-0.01352886677 0.01529585331 0)
(-0.01686539982 0.01685190841 0)
(-0.02043328094 0.01819515527 0)
(-0.02419459309 0.01932232866 0)
(-0.02811233835 0.02023484252 0)
(-0.03215049017 0.02093706992 0)
(-0.03627399207 0.02143498571 0)
(-0.04044871323 0.02173514212 0)
(-0.04464137013 0.02184394292 0)
(-0.04881942609 0.02176717945 0)
(-0.05295098364 0.02150979138 0)
(-0.05700468455 0.02107581478 0)
(-0.06094963119 0.0204684819 0)
(-0.06475534085 0.01969043861 0)
(-0.06839174209 0.01874404801 0)
(-0.07182921921 0.01763175166 0)
(-0.07503870852 0.01635646286 0)
(-0.07799184734 0.01492196956 0)
(-0.08066117428 0.01333332748 0)
(-0.08302037784 0.01159722703 0)
(-0.08504458824 0.009722320077 0)
(-0.08671070668 0.007719494977 0)
(-0.08799776478 0.005602090222 0)
(-0.08888730643 0.003386038786 0)
(-0.08936378356 0.001089936696 0)
(-0.08941495667 -0.001264969365 0)
(-0.08903229037 -0.003654879362 0)
(-0.08821133389 -0.006053624507 0)
(-0.08695207561 -0.008432940852 0)
(-0.08525926 -0.01076283109 0)
(-0.0831426549 -0.01301201243 0)
(-0.08061725673 -0.01514844619 0)
(-0.07770342041 -0.01713994204 0)
(-0.07442690124 -0.01895482748 0)
(-0.070818796 -0.02056266991 0)
(-0.06691537164 -0.02193503596 0)
(-0.06275777154 -0.02304626999 0)
(-0.05839159157 -0.02387427136 0)
(-0.05386632134 -0.02440124851 0)
(-0.0492346499 -0.02461442717 0)
(-0.04455163993 -0.02450669094 0)
(-0.03987377914 -0.02407713433 0)
(-0.03525792364 -0.02333151246 0)
(-0.03076015308 -0.02228257667 0)
(-0.02643456294 -0.02095029283 0)
(-0.02233202418 -0.01936194657 0)
(-0.0184989445 -0.01755214891 0)
(-0.0149760693 -0.01556276423 0)
(-0.01179736223 -0.01344279 0)
(-0.008989003713 -0.01124822328 0)
(-0.006568553213 -0.009041949562 0)
(-0.004544374084 -0.006893692383 0)
(-0.002915334191 -0.004880082932 0)
(-0.001670085634 -0.003084855402 0)
(-0.0007864514989 -0.001598810816 0)
(-0.0002414481694 -0.0005198141198 0)
(-2.565397077e-05 4.204429234e-05 0)
(-9.869963918e-05 0.001169620863 0)
(-0.0006748554265 0.003776835246 0)
(-0.00192431481 0.006496087446 0)
(-0.003713413863 0.009212553237 0)
(-0.005970257787 0.01184185327 0)
(-0.008649079908 0.01432052959 0)
(-0.01170252512 0.01660322627 0)
(-0.01508376963 0.01865982231 0)
(-0.01874820835 0.02047228102 0)
(-0.02265310765 0.02203179983 0)
(-0.02675734557 0.02333633672 0)
(-0.03102131678 0.02438850123 0)
(-0.03540682842 0.02519381153 0)
(-0.0398769703 0.02575930896 0)
(-0.04439597 0.02609250851 0)
(-0.04892903834 0.02620065636 0)
(-0.05344221355 0.02609026091 0)
(-0.05790221502 0.02576686119 0)
(-0.06227631784 0.02523499524 0)
(-0.06653225868 0.02449833121 0)
(-0.07063818177 0.02355992506 0)
(-0.07456263161 0.02242257123 0)
(-0.07827459693 0.02108921488 0)
(-0.08174360795 0.01956339783 0)
(-0.08493988693 0.01784971365 0)
(-0.08783455017 0.01595425047 0)
(-0.09039985809 0.01388500354 0)
(-0.09260950866 0.01165224232 0)
(-0.09443896878 0.009268819587 0)
(-0.0958658371 0.006750412005 0)
(-0.09687023139 0.004115683637 0)
(-0.09743519304 0.001386365358 0)
(-0.09754710069 -0.001412755657 0)
(-0.09719608383 -0.004253940908 0)
(-0.09637642763 -0.00710670306 0)
(-0.09508695833 -0.009938108562 0)
(-0.09333139748 -0.01271318025 0)
(-0.09111867313 -0.01539539871 0)
(-0.08846317421 -0.01794729857 0)
(-0.08538493381 -0.02033115338 0)
(-0.08190972638 -0.02250973938 0)
(-0.07806906365 -0.02444716536 0)
(-0.07390007478 -0.026109752 0)
(-0.06944525725 -0.0274669408 0)
(-0.06475208755 -0.02849220943 0)
(-0.05987248377 -0.02916396779 0)
(-0.05486211669 -0.02946640777 0)
(-0.0497795711 -0.02939027946 0)
(-0.04468536533 -0.02893356819 0)
(-0.03964084362 -0.02810205048 0)
(-0.03470696269 -0.0269097121 0)
(-0.02994300107 -0.02537901911 0)
(-0.0254052254 -0.02354104128 0)
(-0.02114555373 -0.02143543685 0)
(-0.0172102602 -0.01911031745 0)
(-0.01363876755 -0.01662202049 0)
(-0.01046257113 -0.01403482241 0)
(-0.007704346613 -0.01142062766 0)
(-0.005377358582 -0.008858670291 0)
(-0.003485175153 -0.006435284803 0)
(-0.002020793236 -0.004243744518 0)
(-0.0009658406691 -0.00238379477 0)
(-0.0003031326225 -0.0009611186114 0)
(-3.427667353e-05 -9.183210911e-05 0)
(-0.0001112344483 0.001533467091 0)
(-0.0007554747924 0.004794231412 0)
(-0.002146350832 0.008099725894 0)
(-0.004129286715 0.01134046496 0)
(-0.006619760259 0.0144363355 0)
(-0.009563659883 0.01732749514 0)
(-0.01290624461 0.01997168701 0)
(-0.01659444558 0.02234148454 0)
(-0.02057862389 0.02442123874 0)
(-0.0248120173 0.02620429182 0)
(-0.02925027997 0.02769053786 0)
(-0.03385121857 0.02888432772 0)
(-0.03857453881 0.0297927285 0)
(-0.04338158843 0.03042413582 0)
(-0.04823510824 0.03078722362 0)
(-0.05309899556 0.03089020674 0)
(-0.05793808549 0.03074038536 0)
(-0.06271795788 0.0303439361 0)
(-0.06740477818 0.02970591236 0)
(-0.07196517968 0.02883041542 0)
(-0.07636619312 0.02772089881 0)
(-0.08057522831 0.0263805699 0)
(-0.08456011002 0.02481285564 0)
(-0.08828916903 0.02302190247 0)
(-0.09173138738 0.02101308392 0)
(-0.09485659528 0.01879349329 0)
(-0.09763571649 0.01637240203 0)
(-0.1000410576 0.01376166776 0)
(-0.1020466365 0.01097607872 0)
(-0.1036285445 0.00803362345 0)
(-0.1047653362 0.004955676881 0)
(-0.1054384414 0.001767095017 0)
(-0.105632592 -0.001503788073 0)
(-0.1053362553 -0.004825266329 0)
(-0.1045420674 -0.0081624747 0)
(-0.1032472557 -0.01147771317 0)
(-0.1014540387 -0.01473088256 0)
(-0.09916999153 -0.01788003238 0)
(-0.09640836236 -0.02088201821 0)
(-0.0931883236 -0.02369326319 0)
(-0.08953514051 -0.02627061484 0)
(-0.08548023939 -0.02857228422 0)
(-0.08106115696 -0.03055885036 0)
(-0.07632135381 -0.03219430825 0)
(-0.07130987674 -0.03344713456 0)
(-0.06608085804 -0.03429134142 0)
(-0.06069284476 -0.03470748609 0)
(-0.05520795679 -0.03468360321 0)
(-0.04969087991 -0.034216027 0)
(-0.04420770805 -0.03331007383 0)
(-0.03882465733 -0.0319805611 0)
(-0.03360668296 -0.03025214566 0)
(-0.02861603803 -0.028159475 0)
(-0.02391081966 -0.02574715485 0)
(-0.01954355378 -0.02306954813 0)
(-0.01555987209 -0.02019043035 0)
(-0.01199733034 -0.01718253427 0)
(-0.008884426725 -0.01412701882 0)
(-0.006239955551 -0.01111290019 0)
(-0.004072691629 -0.008236501822 0)
(-0.002380307369 -0.005600919192 0)
(-0.00114832205 -0.003315116148 0)
(-0.0003651147521 -0.001492880417 0)
(-4.268870669e-05 -0.0002567729951 0)
(-0.000123189663 0.001937719146 0)
(-0.000832682078 0.005920099006 0)
(-0.002359471322 0.009867916272 0)
(-0.004529170505 0.0136781549 0)
(-0.007245255305 0.01727629649 0)
(-0.01044560125 0.02060749926 0)
(-0.01406829555 0.02363394117 0)
(-0.0180541487 0.02633210879 0)
(-0.02234855169 0.02868980553 0)
(-0.02690075084 0.03070341509 0)
(-0.03166321336 0.03237549823 0)
(-0.03659121209 0.03371272418 0)
(-0.04164243333 0.03472415038 0)
(-0.04677659734 0.03541985327 0)
(-0.05195510592 0.03580989797 0)
(-0.05714072106 0.03590362525 0)
(-0.06229727853 0.03570922619 0)
(-0.06738944206 0.03523357029 0)
(-0.07238250358 0.03448224903 0)
(-0.07724223457 0.03345979582 0)
(-0.08193479193 0.03217004304 0)
(-0.08642668087 0.03061657892 0)
(-0.09068477536 0.02880326936 0)
(-0.09467639566 0.0267348131 0)
(-0.09836944097 0.02441730269 0)
(-0.1017325745 0.02185876748 0)
(-0.1047354578 0.01906967847 0)
(-0.1073490296 0.01606339855 0)
(-0.1095458265 0.01285656436 0)
(-0.1113003401 0.009469388548 0)
(-0.1125894066 0.00592587289 0)
(-0.1133926241 0.002253924367 0)
(-0.1136927924 -0.001514633031 0)
(-0.1134763686 -0.005344157007 0)
(-0.112733932 -0.00919540087 0)
(-0.1114606503 -0.01302584927 0)
(-0.1096567323 -0.01679017728 0)
(-0.1073278591 -0.02044083558 0)
(-0.1044855749 -0.02392876104 0)
(-0.1011476211 -0.02720420924 0)
(-0.09733819343 -0.03021770125 0)
(-0.09308810039 -0.03292107283 0)
(-0.08843480166 -0.03526860847 0)
(-0.0834223036 -0.03721823756 0)
(-0.07810089237 -0.03873276387 0)
(-0.07252668754 -0.0397810949 0)
(-0.06676100458 -0.04033943295 0)
(-0.06086952111 -0.04039238772 0)
(-0.05492125039 -0.03993396936 0)
(-0.04898733486 -0.03896842356 0)
(-0.04313968297 -0.03751087498 0)
(-0.03744948295 -0.03558775352 0)
(-0.03198563678 -0.0332369884 0)
(-0.02681316614 -0.03050796724 0)
(-0.02199164897 -0.02746127057 0)
(-0.01757374798 -0.02416820467 0)
(-0.01360388692 -0.02071016552 0)
(-0.01011714029 -0.01717787092 0)
(-0.007138490614 -0.01367050221 0)
(-0.00468243814 -0.01029481692 0)
(-0.00275165818 -0.007164231166 0)
(-0.001335638372 -0.004397481941 0)
(-0.0004281230525 -0.002117102603 0)
(-5.104003282e-05 -0.0004529680923 0)
(-0.0001345748384 0.00238059324 0)
(-0.0009063793709 0.007149887592 0)
(-0.002563192403 0.01179408898 0)
(-0.004911893727 0.01621765579 0)
(-0.007844608641 0.0203528438 0)
(-0.01129159513 0.02415105775 0)
(-0.01518406662 0.02758013355 0)
(-0.01945692578 0.0306216091 0)
(-0.02405073891 0.03326775595 0)
(-0.02891086659 0.03551887404 0)
(-0.03398667855 0.03738092065 0)
(-0.03923100433 0.0388634742 0)
(-0.04459961452 0.03997804683 0)
(-0.05005072596 0.0407367493 0)
(-0.05554454898 0.0411512977 0)
(-0.06104288126 0.04123234104 0)
(-0.06650875137 0.04098908133 0)
(-0.07190611584 0.04042915143 0)
(-0.07719961352 0.03955871251 0)
(-0.08235437974 0.0383827308 0)
(-0.08733592177 0.0369053935 0)
(-0.09211005589 0.03513062491 0)
(-0.09664290523 0.03306266683 0)
(-0.1009009565 0.03070669063 0)
(-0.1048511728 0.02806941247 0)
(-0.1084611604 0.02515968738 0)
(-0.1116993844 0.02198906181 0)
(-0.1145354326 0.01857226793 0)
(-0.1169403218 0.01492764592 0)
(-0.118886846 0.01107748308 0)
(-0.1203499618 0.007048259888 0)
(-0.1213072094 0.00287079496 0)
(-0.1217391648 -0.001419719382 0)
(-0.1216299177 -0.005783798185 0)
(-0.1209675723 -0.01017786668 0)
(-0.1197447602 -0.01455459616 0)
(-0.1179591558 -0.01886337394 0)
(-0.115613981 -0.0230509143 0)
(-0.1127184837 -0.02706201214 0)
(-0.1092883694 -0.03084043849 0)
(-0.105346164 -0.03432997251 0)
(-0.1009214821 -0.03747555976 0)
(-0.09605117506 -0.04022457961 0)
(-0.09077933043 -0.04252819846 0)
(-0.08515709746 -0.0443427775 0)
(-0.07924231573 -0.04563129722 0)
(-0.07309892902 -0.04636475465 0)
(-0.06679617434 -0.04652348469 0)
(-0.06040754527 -0.0460983553 0)
(-0.05400954021 -0.04509178685 0)
(-0.0476802183 -0.04351855089 0)
(-0.04149759879 -0.0414063114 0)
(-0.03553795126 -0.03879588371 0)
(-0.02987403532 -0.03574119982 0)
(-0.02457335644 -0.03230898533 0)
(-0.01969650844 -0.02857816806 0)
(-0.01529566641 -0.02463905236 0)
(-0.01141330433 -0.02059229976 0)
(-0.008081311779 -0.01654776414 0)
(-0.005320485096 -0.0126232522 0)
(-0.00313887532 -0.008943216634 0)
(-0.001530062505 -0.005636987489 0)
(-0.0004930634839 -0.002836795275 0)
(-5.950068159e-05 -0.0006810548783 0)
(-0.0001453845608 0.002860257753 0)
(-0.0009764313725 0.008478796425 0)
(-0.00275700029 0.013871165 0)
(-0.005276307708 0.01895022617 0)
(-0.00841579883 0.02365608085 0)
(-0.01209855273 0.02794751368 0)
(-0.0162492682 0.03179914133 0)
(-0.02079722032 0.03519861187 0)
(-0.02567836114 0.03814362483 0)
(-0.03083432819 0.04063923771 0)
(-0.03621152908 0.04269551972 0)
(-0.04176047447 0.04432554968 0)
(-0.04743514515 0.04554376941 0)
(-0.05319239053 0.04636469444 0)
(-0.05899138067 0.04680197104 0)
(-0.06479311727 0.04686775831 0)
(-0.07056000656 0.0465724062 0)
(-0.07625549689 0.04592439459 0)
(-0.08184378311 0.04493049378 0)
(-0.08728957852 0.0435961056 0)
(-0.09255795399 0.04192574337 0)
(-0.09761424288 0.03992361111 0)
(-0.1024240094 0.03759424494 0)
(-0.1069530777 0.03494318351 0)
(-0.111167618 0.03197763847 0)
(-0.1150342879 0.02870714079 0)
(-0.1185204235 0.02514414247 0)
(-0.1215942809 0.02130455738 0)
(-0.124225324 0.01720822772 0)
(-0.1263845575 0.01287930509 0)
(-0.1280449052 0.008346536595 0)
(-0.1291816307 0.003643447319 0)
(-0.1297728012 -0.001191589743 0)
(-0.1297997866 -0.00611540543 0)
(-0.1292477974 -0.01108021153 0)
(-0.1281064507 -0.01603392359 0)
(-0.1263703505 -0.02092062678 0)
(-0.1240396768 -0.02568119836 0)
(-0.1211207622 -0.03025409158 0)
(-0.1176266354 -0.03457628355 0)
(-0.1135775068 -0.03858438518 0)
(-0.1090011669 -0.04221590536 0)
(-0.1039332654 -0.045410654 0)
(-0.09841743949 -0.04811226037 0)
(-0.09250525598 -0.05026977382 0)
(-0.08625593942 -0.05183930485 0)
(-0.07973585973 -0.0527856559 0)
(-0.07301776274 -0.05308388465 0)
(-0.06617973711 -0.05272073807 0)
(-0.05930392409 -0.05169589508 0)
(-0.05247499129 -0.05002295909 0)
(-0.04577840743 -0.04773014996 0)
(-0.03929856953 -0.04486065765 0)
(-0.03311684807 -0.04147263617 0)
(-0.02730962618 -0.03763883577 0)
(-0.02194641415 -0.03344589065 0)
(-0.01708811269 -0.02899329728 0)
(-0.01278551061 -0.02439213006 0)
(-0.009078214222 -0.0197635522 0)
(-0.005993975741 -0.01523720727 0)
(-0.003546683186 -0.01094951296 0)
(-0.001734226326 -0.007041458847 0)
(-0.0005609569209 -0.003656194245 0)
(-6.825181988e-05 -0.0009421842688 0)
(-0.0001556001439 0.003374807183 0)
(-0.001042659719 0.009901751104 0)
(-0.002940317488 0.01609156251 0)
(-0.005621208548 0.02186639206 0)
(-0.008956787089 0.02717517437 0)
(-0.01286342366 0.03198511375 0)
(-0.01725970658 0.03627864073 0)
(-0.02206961447 0.0400504955 0)
(-0.02722474573 0.04330470606 0)
(-0.03266322286 0.04605188781 0)
(-0.03832866448 0.04830691323 0)
(-0.04416941565 0.05008694294 0)
(-0.05013781321 0.05140982439 0)
(-0.05618948706 0.05229285678 0)
(-0.06228272308 0.05275190861 0)
(-0.06837789486 0.05280086509 0)
(-0.07443696683 0.05245137489 0)
(-0.08042307137 0.05171285953 0)
(-0.0863001605 0.0505927452 0)
(-0.0920327317 0.04909687421 0)
(-0.09758562568 0.04723005382 0)
(-0.1029238935 0.04499670167 0)
(-0.1080127295 0.04240155025 0)
(-0.1128174659 0.03945037692 0)
(-0.1173036264 0.03615073084 0)
(-0.1214370342 0.03251263259 0)
(-0.1251839735 0.0285492269 0)
(-0.1285114017 0.02427737283 0)
(-0.1313872123 0.01971815861 0)
(-0.1337805483 0.01489733065 0)
(-0.1356621675 0.009845627382 0)
(-0.1370048599 0.00459900905 0)
(-0.1377839197 -0.0008012259594 0)
(-0.1379776629 -0.00630844936 0)
(-0.1375680031 -0.01187084122 0)
(-0.1365410717 -0.01743168105 0)
(-0.1348878676 -0.02292979308 0)
(-0.1326049359 -0.02830016351 0)
(-0.1296950535 -0.03347473868 0)
(-0.1261678966 -0.03838341156 0)
(-0.1220406659 -0.04295519899 0)
(-0.1173386345 -0.04711960578 0)
(-0.1120955831 -0.050808163 0)
(-0.1063540814 -0.05395611795 0)
(-0.1001655764 -0.05650424183 0)
(-0.09359024769 -0.05840070947 0)
(-0.08669659693 -0.05960299387 0)
(-0.07956074405 -0.06007970864 0)
(-0.07226541714 -0.05981232415 0)
(-0.06489863566 -0.05879668018 0)
(-0.05755210516 -0.05704421993 0)
(-0.05031935991 -0.05458287802 0)
(-0.04329370869 -0.0514575688 0)
(-0.0365660563 -0.0477302404 0)
(-0.03022268742 -0.04347948278 0)
(-0.02434310665 -0.03879970311 0)
(-0.0189980211 -0.03379990501 0)
(-0.01424756499 -0.02860212574 0)
(-0.01013999125 -0.02333960264 0)
(-0.006710791842 -0.01815477392 0)
(-0.003980279325 -0.0131971555 0)
(-0.001951001359 -0.008620691301 0)
(-0.0006328980279 -0.004580908379 0)
(-7.748069168e-05 -0.001238063217 0)
(-0.0001651916482 0.003922236721 0)
(-0.001104844145 0.01141336932 0)
(-0.003112491966 0.01844717827 0)
(-0.00594530307 0.02495595257 0)
(-0.009465452595 0.03089838108 0)
(-0.01358309836 0.03625104565 0)
(-0.01821115632 0.04100514106 0)
(-0.02326867753 0.04516340701 0)
(-0.028683205 0.04873703915 0)
(-0.03438958855 0.05174296515 0)
(-0.04032885996 0.05420152131 0)
(-0.04644737471 0.05613451402 0)
(-0.05269598768 0.05756366599 0)
(-0.05902926692 0.0585094407 0)
(-0.0654047747 0.05899022818 0)
(-0.07178242442 0.05902186599 0)
(-0.0781239163 0.05861746291 0)
(-0.08439225411 0.05778748643 0)
(-0.09055134273 0.05654007204 0)
(-0.09656566486 0.05488151034 0)
(-0.1024000336 0.05281686835 0)
(-0.1080194168 0.05035070372 0)
(-0.1133888293 0.04748783379 0)
(-0.1184732873 0.04423412645 0)
(-0.1232378227 0.04059728417 0)
(-0.1276475531 0.03658759821 0)
(-0.1316678055 0.03221865425 0)
(-0.1352642939 0.02750797493 0)
(-0.1384033514 0.02247758754 0)
(-0.1410522175 0.01715450731 0)
(-0.143179385 0.0115711272 0)
(-0.1447550082 0.005765505337 0)
(-0.1457513786 -0.0002184591142 0)
(-0.1461434586 -0.006330970831 0)
(-0.1459094916 -0.01251643533 0)
(-0.1450316742 -0.018713685 0)
(-0.1434968777 -0.02485638981 0)
(-0.1412974213 -0.03087364973 0)
(-0.1384318713 -0.03669078759 0)
(-0.1349058454 -0.04223035654 0)
(-0.1307327916 -0.04741337016 0)
(-0.1259347061 -0.05216075642 0)
(-0.1205427473 -0.05639502727 0)
(-0.1145977001 -0.06004214363 0)
(-0.1081502403 -0.06303354239 0)
(-0.1012609522 -0.06530827653 0)
(-0.09400005194 -0.06681520527 0)
(-0.08644678171 -0.06751515682 0)
(-0.07868844858 -0.067382976 0)
(-0.07081910064 -0.06640936212 0)
(-0.06293785176 -0.0646024024 0)
(-0.05514688948 -0.06198871297 0)
(-0.04754922387 -0.05861411363 0)
(-0.04024625654 -0.05454378458 0)
(-0.03333526844 -0.04986188063 0)
(-0.02690693527 -0.04467060978 0)
(-0.02104297241 -0.03908881379 0)
(-0.01581402759 -0.0332501134 0)
(-0.01127807906 -0.02730070608 0)
(-0.007479298901 -0.0213969469 0)
(-0.00444517206 -0.01570277947 0)
(-0.002183415061 -0.01038661063 0)
(-0.0007100281279 -0.005618016984 0)
(-8.737782477e-05 -0.001570981303 0)
(-0.0001741200167 0.00450041961 0)
(-0.001162727786 0.01300792491 0)
(-0.003272801079 0.02092935889 0)
(-0.006247204308 0.02820796745 0)
(-0.009939573533 0.03481305145 0)
(-0.01425437161 0.04073145133 0)
(-0.01909930617 0.04596399732 0)
(-0.02438889742 0.05052226245 0)
(-0.030046958 0.05442538644 0)
(-0.03600533184 0.05769731414 0)
(-0.0422026867 0.06036447052 0)
(-0.04858358053 0.06245384888 0)
(-0.05509755947 0.06399150485 0)
(-0.06169829402 0.0650014437 0)
(-0.06834278598 0.06550487925 0)
(-0.0749906559 0.06551983457 0)
(-0.08160351453 0.06506104865 0)
(-0.08814442042 0.06414014776 0)
(-0.09457742287 0.06276603712 0)
(-0.1008671877 0.06094546736 0)
(-0.1069787015 0.05868373115 0)
(-0.1128770497 0.05598544789 0)
(-0.118527263 0.05285539852 0)
(-0.1238942269 0.04929937765 0)
(-0.1289426513 0.04532503548 0)
(-0.133637096 0.04094268752 0)
(-0.1379420516 0.03616607488 0)
(-0.1418220759 0.03101306211 0)
(-0.1452419883 0.02550626233 0)
(-0.1481671256 0.01967358107 0)
(-0.1505636628 0.01354867075 0)
(-0.1523990066 0.007171286829 0)
(-0.1536422623 0.0005875358999 0)
(-0.1542647918 -0.006149995801 0)
(-0.154240843 -0.01298226293 0)
(-0.1535482631 -0.01984391901 0)
(-0.1521693025 -0.02666366479 0)
(-0.1500914772 -0.03336479248 0)
(-0.1473084867 -0.03986595065 0)
(-0.1438211617 -0.04608215094 0)
(-0.1396384104 -0.05192603167 0)
(-0.1347781243 -0.05730938672 0)
(-0.1292679951 -0.06214495733 0)
(-0.1231461918 -0.06634847131 0)
(-0.1164618365 -0.06984089804 0)
(-0.1092752212 -0.0725508692 0)
(-0.1016577072 -0.07441719653 0)
(-0.09369125519 -0.07539139934 0)
(-0.08546754975 -0.07544013881 0)
(-0.07708669612 -0.07454744524 0)
(-0.06865549296 -0.07271662033 0)
(-0.0602853102 -0.06997170136 0)
(-0.05208962995 -0.06635838852 0)
(-0.04418133669 -0.06194436073 0)
(-0.03666986734 -0.05681893837 0)
(-0.0296583479 -0.0510920897 0)
(-0.02324083816 -0.04489281804 0)
(-0.01749982593 -0.03836700173 0)
(-0.01250426933 -0.03167479419 0)
(-0.008308148337 -0.02498774572 0)
(-0.004947059851 -0.01848574585 0)
(-0.002434591586 -0.01235337617 0)
(-0.0007935172897 -0.006776131859 0)
(-9.813558143e-05 -0.001943826998 0)
(-0.0001823392687 0.005107088661 0)
(-0.00121602516 0.01467931639 0)
(-0.003420465394 0.02352887241 0)
(-0.006525447519 0.03161073975 0)
(-0.01037684098 0.03890562424 0)
(-0.01487395118 0.04541142912 0)
(-0.01991976155 0.0511394121 0)
(-0.02542467756 0.05611073919 0)
(-0.03130912443 0.06035320616 0)
(-0.03750222251 0.06389842776 0)
(-0.04394051104 0.06677950329 0)
(-0.05056695197 0.06902912729 0)
(-0.05732996188 0.07067813019 0)
(-0.06418248079 0.07175442968 0)
(-0.07108111312 0.07228236564 0)
(-0.07798535165 0.07228238449 0)
(-0.08485688882 0.07177103295 0)
(-0.09165901729 0.07076121713 0)
(-0.09835611873 0.06926267995 0)
(-0.1049132378 0.06728264952 0)
(-0.1112957361 0.06482661275 0)
(-0.117469021 0.06189917144 0)
(-0.1233983424 0.05850494333 0)
(-0.1290486536 0.05464947562 0)
(-0.1343845307 0.05034014491 0)
(-0.1393701493 0.04558702313 0)
(-0.1439693164 0.04040369394 0)
(-0.1481455601 0.03480800852 0)
(-0.1518622795 0.02882277229 0)
(-0.1550829614 0.02247635541 0)
(-0.1577714689 0.01580322026 0)
(-0.1598924107 0.008844357244 0)
(-0.1614115981 0.001647617878 0)
(-0.1622966022 -0.005732071139 0)
(-0.1625174049 -0.01323262109 0)
(-0.1620471552 -0.02078486156 0)
(-0.1608630343 -0.02831279871 0)
(-0.1589472092 -0.03573408486 0)
(-0.1562878684 -0.04296072902 0)
(-0.1528803178 -0.04990007623 0)
(-0.1487281034 -0.05645607984 0)
(-0.1438441204 -0.06253088399 0)
(-0.1382516572 -0.0680267222 0)
(-0.1319853142 -0.07284812363 0)
(-0.1250917294 -0.07690439952 0)
(-0.1176300384 -0.08011236087 0)
(-0.1096719955 -0.08239919463 0)
(-0.1013016904 -0.08370540177 0)
(-0.09261480329 -0.0839876788 0)
(-0.08371736253 -0.08322160736 0)
(-0.07472399451 -0.08140400722 0)
(-0.06575568569 -0.07855480914 0)
(-0.0569371127 -0.07471831756 0)
(-0.04839363125 -0.06996375918 0)
(-0.04024804776 -0.06438505174 0)
(-0.03261732003 -0.05809977507 0)
(-0.02560933249 -0.05124737741 0)
(-0.01931991734 -0.04398669792 0)
(-0.01383046869 -0.03649293499 0)
(-0.009206119282 -0.02895425858 0)
(-0.00549173951 -0.02156820469 0)
(-0.002707709283 -0.0145374392 0)
(-0.000884552587 -0.008065434099 0)
(-0.0001099475753 -0.002360097365 0)
(-0.0001897987507 0.005739822839 0)
(-0.001264432061 0.01642104393 0)
(-0.003554669596 0.02623588752 0)
(-0.006778521072 0.03515180325 0)
(-0.01077489715 0.04316162292 0)
(-0.01543850103 0.05027503552 0)
(-0.02066809098 0.0565144364 0)
(-0.02637038646 0.06191126788 0)
(-0.03246277822 0.0665026272 0)
(-0.03887195305 0.07032839723 0)
(-0.04553256269 0.07342889541 0)
(-0.05238617765 0.0758430023 0)
(-0.05938026492 0.07760674639 0)
(-0.06646719972 0.07875231914 0)
(-0.07360334897 0.07930748687 0)
(-0.08074823839 0.07929536052 0)
(-0.08786380821 0.07873447889 0)
(-0.09491375963 0.07763915759 0)
(-0.1018629909 0.07602005406 0)
(-0.1086771193 0.07388489918 0)
(-0.1153220841 0.07123934851 0)
(-0.1217638237 0.06808791 0)
(-0.1279680204 0.0644349109 0)
(-0.1338999089 0.06028547226 0)
(-0.1395241426 0.0556464667 0)
(-0.1448047155 0.05052744056 0)
(-0.1497049417 0.04494148737 0)
(-0.1541874912 0.03890606371 0)
(-0.1582144905 0.03244374096 0)
(-0.1617476919 0.02558288794 0)
(-0.1647487218 0.01835827866 0)
(-0.1671794172 0.01081161763 0)
(-0.1690022615 0.002991971346 0)
(-0.1701809313 -0.005043910665 0)
(-0.1706809566 -0.01323140068 0)
(-0.170470509 -0.0214979524 0)
(-0.1695213188 -0.02976325298 0)
(-0.1678097098 -0.03793958899 0)
(-0.1653177482 -0.04593247129 0)
(-0.1620344857 -0.05364155541 0)
(-0.1579572626 -0.06096189127 0)
(-0.1530930335 -0.06778553059 0)
(-0.1474596582 -0.07400350885 0)
(-0.1410870925 -0.07950820304 0)
(-0.1340184028 -0.08419604547 0)
(-0.1263105162 -0.08797054837 0)
(-0.1180346199 -0.09074556549 0)
(-0.1092761216 -0.09244868618 0)
(-0.1001340941 -0.0930246283 0)
(-0.09072014783 -0.0924384715 0)
(-0.08115670068 -0.09067855561 0)
(-0.07157465202 -0.08775886482 0)
(-0.06211050967 -0.08372072839 0)
(-0.05290306273 -0.07863369615 0)
(-0.04408973665 -0.07259549084 0)
(-0.0358027988 -0.06573099629 0)
(-0.02816558871 -0.058190306 0)
(-0.02128898105 -0.0501459195 0)
(-0.0152684881 -0.0417892401 0)
(-0.01018198641 -0.03332661543 0)
(-0.006085033627 -0.02497510539 0)
(-0.003005969332 -0.01695756586 0)
(-0.0009843304679 -0.009497692458 0)
(-0.0001230086633 -0.002823903635 0)
(-0.000196445459 0.006396039657 0)
(-0.001307636935 0.01822619807 0)
(-0.003674588695 0.02903996614 0)
(-0.007004908616 0.03881792231 0)
(-0.01113139237 0.0475656624 0)
(-0.01594471132 0.05530529551 0)
(-0.02133990776 0.06207097786 0)
(-0.02722045022 0.06790503175 0)
(-0.033501051 0.07285443219 0)
(-0.04010625412 0.07696787164 0)
(-0.04696906369 0.08029338571 0)
(-0.0540298606 0.08287649424 0)
(-0.06123533799 0.08475882679 0)
(-0.0685374665 0.08597719909 0)
(-0.07589252902 0.08656310124 0)
(-0.08326023795 0.08654255276 0)
(-0.09060294055 0.08593627577 0)
(-0.09788491485 0.08476013453 0)
(-0.1050717551 0.08302578839 0)
(-0.112129843 0.08074150682 0)
(-0.1190258989 0.07791309792 0)
(-0.1257266064 0.07454490716 0)
(-0.1321983044 0.07064084906 0)
(-0.1384067394 0.06620544187 0)
(-0.1443168766 0.06124482202 0)
(-0.1498927639 0.05576772221 0)
(-0.1550974533 0.04978640208 0)
(-0.15989298 0.04331752537 0)
(-0.164240405 0.03638297933 0)
(-0.1680999317 0.02901063368 0)
(-0.1714311038 0.021235035 0)
(-0.1741930994 0.01309803034 0)
(-0.1763451333 0.004649309286 0)
(-0.177846983 -0.004053154417 0)
(-0.1786596383 -0.01294278509 0)
(-0.1787461084 -0.02194420664 0)
(-0.1780723794 -0.03097327694 0)
(-0.1766085128 -0.03993731434 0)
(-0.1743298972 -0.04873560202 0)
(-0.1712186309 -0.05726021274 0)
(-0.1672650062 -0.06539719817 0)
(-0.1624690564 -0.07302818411 0)
(-0.1568421113 -0.08003240271 0)
(-0.1504082874 -0.0862891759 0)
(-0.1432058304 -0.09168084196 0)
(-0.1352882076 -0.09609608793 0)
(-0.1267248461 -0.09943361655 0)
(-0.117601406 -0.1016060384 0)
(-0.1080194872 -0.1025438419 0)
(-0.09809568577 -0.1021992582 0)
(-0.08795994419 -0.1005498132 0)
(-0.07775318246 -0.09760134363 0)
(-0.06762424432 -0.09339026136 0)
(-0.05772625023 -0.0879848754 0)
(-0.04821250369 -0.08148562949 0)
(-0.03923214234 -0.07402418177 0)
(-0.03092574156 -0.06576133362 0)
(-0.02342112314 -0.05688389784 0)
(-0.01682984815 -0.04760068441 0)
(-0.011244403 -0.03813789386 0)
(-0.006732729783 -0.02873415924 0)
(-0.00333257144 -0.01963483057 0)
(-0.001094051767 -0.01108626773 0)
(-0.0001375153172 -0.003339974274 0)
(-0.0002022264505 0.007072993976 0)
(-0.001345333475 0.02008746244 0)
(-0.003779418501 0.03193007348 0)
(-0.007203140178 0.04259510994 0)
(-0.01144405702 0.05210147335 0)
(-0.01638939029 0.06048422902 0)
(-0.02193098059 0.06778982404 0)
(-0.02796948091 0.07407198032 0)
(-0.03441727788 0.07938805505 0)
(-0.04119705806 0.08379603309 0)
(-0.04824041077 0.08735212281 0)
(-0.05548672111 0.09010890396 0)
(-0.0628820753 0.09211398881 0)
(-0.07037819031 0.09340915651 0)
(-0.07793140893 0.0940299148 0)
(-0.08550177455 0.09400543875 0)
(-0.09305219185 0.09335883271 0)
(-0.1005476763 0.09210765947 0)
(-0.1079546917 0.09026468041 0)
(-0.1152405725 0.08783875287 0)
(-0.1223730237 0.08483583486 0)
(-0.1293196938 0.08126005322 0)
(-0.1360478117 0.07711479869 0)
(-0.1425238838 0.0724038189 0)
(-0.1487134458 0.06713228824 0)
(-0.1545808681 0.06130784046 0)
(-0.1600892152 0.05494155612 0)
(-0.1652001624 0.04804890104 0)
(-0.1698739774 0.04065061476 0)
(-0.1740695748 0.03277354856 0)
(-0.1777446561 0.02445145115 0)
(-0.1808559489 0.01572569745 0)
(-0.1833595641 0.006645950996 0)
(-0.1852114911 -0.002729259697 0)
(-0.1863682029 -0.01233208881 0)
(-0.1867874732 -0.02208498288 0)
(-0.1864293665 -0.03190058418 0)
(-0.1852573624 -0.04168177801 0)
(-0.1832396994 -0.05132204062 0)
(-0.180350883 -0.06070612662 0)
(-0.1765733416 -0.06971115274 0)
(-0.1718991961 -0.07820813481 0)
(-0.1663320888 -0.08606402582 0)
(-0.1598889972 -0.09314428668 0)
(-0.1526019412 -0.09931599773 0)
(-0.1445194712 -0.104451487 0)
(-0.1357078112 -0.1084324118 0)
(-0.126251524 -0.1111541834 0)
(-0.1162535669 -0.1125305778 0)
(-0.1058346186 -0.1124983254 0)
(-0.09513159208 -0.1110214357 0)
(-0.08429528767 -0.1080949863 0)
(-0.07348720128 -0.1037481016 0)
(-0.06287556954 -0.09804587045 0)
(-0.05263080503 -0.09109000237 0)
(-0.04292053651 -0.08301810027 0)
(-0.03390449889 -0.07400152942 0)
(-0.0257295798 -0.06424196724 0)
(-0.01852558826 -0.05396683529 0)
(-0.01240179021 -0.0434239583 0)
(-0.007440525657 -0.03287575712 0)
(-0.003690693389 -0.02259258323 0)
(-0.001214918258 -0.01284610576 0)
(-0.0001536662348 -0.003913656537 0)
(-0.0002070913502 0.007767783733 0)
(-0.001377234279 0.0219971324 0)
(-0.003868409579 0.03489460905 0)
(-0.007371850549 0.04646866895 0)
(-0.01171078553 0.05675194964 0)
(-0.01676957387 0.06579289989 0)
(-0.02243736794 0.0736506871 0)
(-0.02861243493 0.08039086394 0)
(-0.03520517933 0.08608159932 0)
(-0.04213670424 0.09079059285 0)
(-0.04933740486 0.09458263402 0)
(-0.05674585165 0.09751774977 0)
(-0.06430767813 0.09964989519 0)
(-0.07197448583 0.1010261404 0)
(-0.07970280907 0.1016863015 0)
(-0.08745315487 0.1016629595 0)
(-0.09518912488 0.1009818087 0)
(-0.1028766232 0.09966227264 0)
(-0.1104831497 0.0977183299 0)
(-0.117977175 0.09515949169 0)
(-0.1253275918 0.0919918807 0)
(-0.132503236 0.08821936671 0)
(-0.1394724698 0.0838447228 0)
(-0.1462028226 0.07887077448 0)
(-0.1526606836 0.07330152274 0)
(-0.1588110464 0.06714322938 0)
(-0.1646173047 0.06040545943 0)
(-0.1700411036 0.05310208003 0)
(-0.1750422544 0.04525221758 0)
(-0.179578721 0.0368811757 0)
(-0.1836066934 0.02802131462 0)
(-0.1870807602 0.01871288871 0)
(-0.1899542062 0.009004832956 0)
(-0.1921794667 -0.001044509158 0)
(-0.1937086536 -0.01136672236 0)
(-0.1944943688 -0.02188289929 0)
(-0.194490711 -0.03250320012 0)
(-0.1936543849 -0.04312675672 0)
(-0.1919461195 -0.05364182801 0)
(-0.1893322797 -0.06392630018 0)
(-0.1857866759 -0.07384861205 0)
(-0.1812925471 -0.08326917788 0)
(-0.1758446646 -0.09204237471 0)
(-0.1694514863 -0.1000191474 0)
(-0.1621372608 -0.1070502609 0)
(-0.1539439623 -0.1129901961 0)
(-0.1449329098 -0.1177016392 0)
(-0.1351859118 -0.1210604622 0)
(-0.12480577 -0.1229610311 0)
(-0.1139159855 -0.1233216134 0)
(-0.1026595378 -0.1220896055 0)
(-0.09119665195 -0.119246254 0)
(-0.07970153616 -0.1148105281 0)
(-0.06835815309 -0.1088418177 0)
(-0.05735517714 -0.1014411776 0)
(-0.04688037407 -0.09275093291 0)
(-0.03711468808 -0.08295257684 0)
(-0.02822640629 -0.07226303093 0)
(-0.02036606965 -0.06092948626 0)
(-0.01366222515 -0.04922323005 0)
(-0.008213975094 -0.03743284184 0)
(-0.004083471874 -0.02585639113 0)
(-0.001348129881 -0.01479372036 0)
(-0.0001716630846 -0.004550917059 0)
(-0.0002109949538 0.008477363085 0)
(-0.001403085423 0.02394715126 0)
(-0.003940904163 0.03792146149 0)
(-0.007509843737 0.05042326003 0)
(-0.01192973067 0.06149922386 0)
(-0.0170826502 0.07121149271 0)
(-0.02285557261 0.07963227589 0)
(-0.02914479689 0.08683929485 0)
(-0.03585907369 0.09291188256 0)
(-0.04291818022 0.09792781414 0)
(-0.05025152137 0.1019608217 0)
(-0.05779701753 0.1050787335 0)
(-0.06549998768 0.1073421862 0)
(-0.07331204084 0.1088038575 0)
(-0.08119002001 0.10950816 0)
(-0.08909501484 0.1094913358 0)
(-0.09699145131 0.1087818863 0)
(-0.1048462626 0.1074012728 0)
(-0.1126281421 0.1053648234 0)
(-0.1203068745 0.102682789 0)
(-0.1278527402 0.09936149335 0)
(-0.1352359871 0.09540453343 0)
(-0.1424263609 0.09081399403 0)
(-0.1493926906 0.08559165047 0)
(-0.1561025232 0.07974014205 0)
(-0.1625218063 0.07326410734 0)
(-0.1686146197 0.06617127905 0)
(-0.1743429593 0.05847354089 0)
(-0.179666581 0.05018795157 0)
(-0.184542914 0.04133774144 0)
(-0.1889270596 0.03195328562 0)
(-0.1927718904 0.02207305273 0)
(-0.196028266 0.01174452248 0)
(-0.1986453715 0.00102506628 0)
(-0.2005713115 -0.01001721609 0)
(-0.2017537818 -0.02130287902 0)
(-0.2021409615 -0.03274047586 0)
(-0.2016827482 -0.04422623397 0)
(-0.2003321537 -0.05564397277 0)
(-0.1980469832 -0.06686537034 0)
(-0.1947917762 -0.0777506729 0)
(-0.1905399825 -0.08814993833 0)
(-0.1852763334 -0.09790490328 0)
(-0.1789993402 -0.106851553 0)
(-0.1717238223 -0.1148234516 0)
(-0.1634833341 -0.1216558553 0)
(-0.1543323313 -0.1271905835 0)
(-0.1443478879 -0.1312815596 0)
(-0.1336307626 -0.1338008593 0)
(-0.1223056107 -0.1346450261 0)
(-0.1105201603 -0.1337413363 0)
(-0.09844321481 -0.1310536289 0)
(-0.08626142003 -0.1265872822 0)
(-0.07417482348 -0.1203929148 0)
(-0.06239137 -0.112568435 0)
(-0.05112058396 -0.1032591629 0)
(-0.0405667651 -0.0926558876 0)
(-0.0309221404 -0.08099089384 0)
(-0.02236076304 -0.06853218732 0)
(-0.01503332101 -0.05557638346 0)
(-0.009058430925 -0.04244073309 0)
(-0.004513982425 -0.02945395503 0)
(-0.001494881896 -0.01694716614 0)
(-0.0001917112892 -0.005258341614 0)
(-0.0002138999183 0.009198563368 0)
(-0.001422681814 0.02592916537 0)
(-0.00399637556 0.0409980894 0)
(-0.007616162529 0.05444299997 0)
(-0.01209940616 0.0663247749 0)
(-0.01732649666 0.07671942208 0)
(-0.02318271312 0.08571239989 0)
(-0.02956278481 0.09339383978 0)
(-0.03637411584 0.09985451204 0)
(-0.04353539356 0.105182566 0)
(-0.05097521552 0.1094609916 0)
(-0.05863099684 0.1127657399 0)
(-0.06644786161 0.1151644478 0)
(-0.0743775321 0.1167157068 0)
(-0.08237726111 0.1174688131 0)
(-0.09040882539 0.1174639305 0)
(-0.09843758915 0.1167325965 0)
(-0.1064316435 0.1152985025 0)
(-0.114361023 0.1131784788 0)
(-0.1221969965 0.1103836244 0)
(-0.1299114284 0.1069205258 0)
(-0.1374762024 0.1027925187 0)
(-0.1448627023 0.09800095797 0)
(-0.152041344 0.09254647108 0)
(-0.1589811535 0.08643017843 0)
(-0.1656493896 0.07965487529 0)
(-0.172011211 0.07222617556 0)
(-0.1780293918 0.06415362282 0)
(-0.183664093 0.05545177746 0)
(-0.1888726979 0.04614128859 0)
(-0.1936097287 0.03624995795 0)
(-0.1978268584 0.02581379918 0)
(-0.201473038 0.01487808966 0)
(-0.2044947599 0.003498400244 0)
(-0.2068365255 -0.008258434126 0)
(-0.2084414627 -0.02031333905 0)
(-0.2092521731 -0.03257426322 0)
(-0.2092118844 -0.04493553921 0)
(-0.2082658504 -0.05727752105 0)
(-0.206363063 -0.06946656907 0)
(-0.203458282 -0.08135548136 0)
(-0.1995143717 -0.09278448417 0)
(-0.1945049169 -0.1035828964 0)
(-0.1884170587 -0.1135715775 0)
(-0.1812544581 -0.1225662508 0)
(-0.1730402537 -0.13038176 0)
(-0.1638198397 -0.136837269 0)
(-0.1536632524 -0.1417623413 0)
(-0.1426669226 -0.1450037534 0)
(-0.1309545398 -0.1464327934 0)
(-0.1186767833 -0.145952698 0)
(-0.1060097182 -0.1435057836 0)
(-0.09315172754 -0.1390797646 0)
(-0.08031896066 -0.1327127247 0)
(-0.06773941433 -0.1244962423 0)
(-0.05564590174 -0.1145762718 0)
(-0.04426827612 -0.1031515425 0)
(-0.03382543129 -0.09046945016 0)
(-0.02451801325 -0.07681966215 0)
(-0.01652209358 -0.06252596103 0)
(-0.009978980806 -0.04793690017 0)
(-0.004985216471 -0.03341499684 0)
(-0.00165636129 -0.01932600019 0)
(-0.0002140207572 -0.006043133834 0)
(-0.0002157795218 0.009928122227 0)
(-0.001435883212 0.02793459934 0)
(-0.00403446963 0.04411163038 0)
(-0.007690162321 0.05851159285 0)
(-0.01221879652 0.07120957086 0)
(-0.01749962733 0.08229547818 0)
(-0.02341670915 0.09186810948 0)
(-0.02986357331 0.1000301482 0)
(-0.03674655746 0.1068839957 0)
(-0.04398346893 0.1125284129 0)
(-0.05150225662 0.1170559174 0)
(-0.05923995294 0.1205508741 0)
(-0.06714158673 0.1230882196 0)
(-0.07515908104 0.1247327577 0)
(-0.0832501833 0.1255389547 0)
(-0.09137744682 0.125551164 0)
(-0.09950727459 0.1248042011 0)
(-0.1076090323 0.1233241977 0)
(-0.115654233 0.1211296606 0)
(-0.1236157918 0.1182326708 0)
(-0.1314673468 0.1146401676 0)
(-0.1391826389 0.1103552682 0)
(-0.1467349461 0.1053785904 0)
(-0.1540965648 0.09970955241 0)
(-0.1612383344 0.09334763716 0)
(-0.1681292016 0.08629361657 0)
(-0.174735826 0.07855073972 0)
(-0.1810222278 0.07012589312 0)
(-0.1869494854 0.06103074538 0)
(-0.1924754912 0.05128288848 0)
(-0.1975547801 0.04090698658 0)
(-0.2021384461 0.02993593943 0)
(-0.2061741698 0.01841206117 0)
(-0.20960638 0.006388263948 0)
(-0.2123765903 -0.006070774131 0)
(-0.2144239221 -0.01888744998 0)
(-0.2156858653 -0.03197021324 0)
(-0.2160993243 -0.04521265682 0)
(-0.2156019676 -0.05849284045 0)
(-0.2141339264 -0.07167293958 0)
(-0.2116398637 -0.08459933243 0)
(-0.2080714271 -0.09710325653 0)
(-0.2033900704 -0.1090021763 0)
(-0.1975702033 -0.1201020046 0)
(-0.1906025863 -0.1302003107 0)
(-0.182497842 -0.1390906182 0)
(-0.1732899019 -0.1465678467 0)
(-0.1630391536 -0.1524348779 0)
(-0.1518350103 -0.1565101258 0)
(-0.139797589 -0.1586358743 0)
(-0.1270781846 -0.1586870099 0)
(-0.1138582524 -0.156579653 0)
(-0.1003466879 -0.1522790832 0)
(-0.08677531109 -0.1458062948 0)
(-0.07339262279 -0.1372425306 0)
(-0.06045607657 -0.1267312349 0)
(-0.04822326472 -0.1144770473 0)
(-0.03694262618 -0.1007417132 0)
(-0.02684477439 -0.08583710092 0)
(-0.01813480925 -0.07011589862 0)
(-0.01098037288 -0.05396067653 0)
(-0.005500053835 -0.03777111521 0)
(-0.001833741846 -0.02195123087 0)
(-0.0002388064747 -0.006913112371 0)
(-0.0002166204744 0.01066272121 0)
(-0.001442630769 0.0299547522 0)
(-0.004055048029 0.04724903962 0)
(-0.007731588562 0.06261249649 0)
(-0.01228747285 0.07613425029 0)
(-0.01760134919 0.08791801164 0)
(-0.0235564788 0.09807587562 0)
(-0.03004553149 0.1067231196 0)
(-0.03697402492 0.1139738915 0)
(-0.04425906565 0.1199377421 0)
(-0.05182808527 0.1247169442 0)
(-0.05961783233 0.128404539 0)
(-0.06757331933 0.1310830464 0)
(-0.07564673983 0.132823774 0)
(-0.08379640488 0.1336866474 0)
(-0.09198571987 0.1337204855 0)
(-0.1001822144 0.1329636382 0)
(-0.1083566342 0.1314449071 0)
(-0.1164820978 0.1291846726 0)
(-0.1245333199 0.1261961592 0)
(-0.1324858949 0.12248678 0)
(-0.1403156377 0.1180595113 0)
(-0.1479979745 0.1129142645 0)
(-0.1555073782 0.1070492291 0)
(-0.1628168425 0.1004621767 0)
(-0.1698973927 0.09315172353 0)
(-0.1767176322 0.08511855781 0)
(-0.1832433252 0.07636664279 0)
(-0.1894370217 0.06690441188 0)
(-0.1952577329 0.05674597116 0)
(-0.2006606686 0.04591232431 0)
(-0.2055970528 0.03443263112 0)
(-0.2100140391 0.02234550476 0)
(-0.2138547513 0.009700344098 0)
(-0.2170584828 -0.003441311842 0)
(-0.2195610877 -0.01700442587 0)
(-0.2212956078 -0.03089916091 0)
(-0.222193187 -0.04501967412 0)
(-0.2221843157 -0.05924309613 0)
(-0.2212004582 -0.0734287968 0)
(-0.2191761033 -0.08741806261 0)
(-0.2160512722 -0.1010343347 0)
(-0.2117744914 -0.1140841753 0)
(-0.2063062121 -0.1263591424 0)
(-0.1996226117 -0.1376387502 0)
(-0.1917196618 -0.1476946738 0)
(-0.1826172821 -0.1562963112 0)
(-0.1723633315 -0.1632177399 0)
(-0.1610371225 -0.1682459984 0)
(-0.1487520901 -0.1711904805 0)
(-0.1356572191 -0.1718930687 0)
(-0.1219368482 -0.1702384604 0)
(-0.1078085305 -0.1661639863 0)
(-0.09351875697 -0.1596681104 0)
(-0.07933653318 -0.1508167726 0)
(-0.06554501535 -0.1397468116 0)
(-0.05243162139 -0.1266658936 0)
(-0.04027730992 -0.1118486752 0)
(-0.02934631056 -0.09562931644 0)
(-0.0198768105 -0.07839095019 0)
(-0.01206692857 -0.0605529083 0)
(-0.006061229208 -0.04255560396 0)
(-0.00202817733 -0.02484525084 0)
(-0.0002662888698 -0.007876705682 0)
(-0.0002164257612 0.01139903201 0)
(-0.001442964014 0.03198091544 0)
(-0.004058232944 0.05039725982 0)
(-0.00774065732 0.06672912599 0)
(-0.0123057138 0.08107934386 0)
(-0.0176319258 0.09356516059 0)
(-0.02360214546 0.1043118117 0)
(-0.03010847268 0.1134471128 0)
(-0.03705581111 0.1210969986 0)
(-0.04436071065 0.127381933 0)
(-0.05195018737 0.1324141336 0)
(-0.05976078031 0.136295556 0)
(-0.0677375445 0.1391165743 0)
(-0.07583299716 0.1409552879 0)
(-0.08400606822 0.1418773744 0)
(-0.0922210789 0.1419364048 0)
(-0.1004467629 0.1411745352 0)
(-0.1086553415 0.1396234866 0)
(-0.1168216574 0.1373057351 0)
(-0.1249223692 0.1342358381 0)
(-0.1329352031 0.1304218361 0)
(-0.1408382581 0.1258666789 0)
(-0.1486093581 0.120569643 0)
(-0.1562254455 0.114527715 0)
(-0.1636620107 0.1077369313 0)
(-0.1708925536 0.1001936742 0)
(-0.1778880756 0.09189593246 0)
(-0.1846166018 0.08284454023 0)
(-0.1910427368 0.07304441401 0)
(-0.1971272604 0.0625058062 0)
(-0.2028267745 0.05124559453 0)
(-0.2080934133 0.03928862317 0)
(-0.2128746396 0.02666910579 0)
(-0.2171131496 0.01343209338 0)
(-0.2207469222 -0.0003649997449 0)
(-0.2237094479 -0.01465082984 0)
(-0.2259301872 -0.02933855663 0)
(-0.2273353128 -0.04432432643 0)
(-0.2278487961 -0.05948588203 0)
(-0.2273939007 -0.07468140484 0)
(-0.2258951462 -0.08974872139 0)
(-0.2232807974 -0.1045050377 0)
(-0.2194859158 -0.1187473948 0)
(-0.214455982 -0.1322540612 0)
(-0.2081510548 -0.1447870913 0)
(-0.2005503715 -0.1560962704 0)
(-0.1916572239 -0.1659246317 0)
(-0.181503856 -0.1740156608 0)
(-0.1701560426 -0.1801221878 0)
(-0.1577169271 -0.1840168105 0)
(-0.1443296364 -0.1855034932 0)
(-0.130178178 -0.1844297664 0)
(-0.1154861703 -0.1806987332 0)
(-0.1005130753 -0.1742799157 0)
(-0.08554781021 -0.1652178822 0)
(-0.07089987147 -0.1536376337 0)
(-0.05688837657 -0.1397459193 0)
(-0.04382979577 -0.1238279861 0)
(-0.03202585923 -0.1062397513 0)
(-0.02175231609 -0.08739600123 0)
(-0.01324244053 -0.06775552806 0)
(-0.006671291474 -0.04780322743 0)
(-0.002240792352 -0.02803175117 0)
(-0.0002966938718 -0.008942943375 0)
(-0.0002152175032 0.01213377165 0)
(-0.001437038237 0.03400451353 0)
(-0.004044453208 0.05354342332 0)
(-0.007718138718 0.07084509619 0)
(-0.01227463118 0.08602553865 0)
(-0.01759274738 0.09921512152 0)
(-0.02355525301 0.1105519396 0)
(-0.03005391381 0.1201761976 0)
(-0.0369931776 0.1282255893 0)
(-0.04428914233 0.1348315667 0)
(-0.05186847892 0.1401164497 0)
(-0.05966756694 0.1441913279 0)
(-0.06763154456 0.147154692 0)
(-0.07571329216 0.1490917213 0)
(-0.0838724036 0.1500741446 0)
(-0.09207417151 0.150160584 0)
(-0.1002886043 0.1493972895 0)
(-0.1084894883 0.1478191718 0)
(-0.1166535019 0.1454510494 0)
(-0.1247593859 0.1423090309 0)
(-0.1327871664 0.1384019704 0)
(-0.1407174291 0.133732943 0)
(-0.1485306376 0.1283007041 0)
(-0.1562064905 0.1221011105 0)
(-0.1637233117 0.1151284925 0)
(-0.1710574687 0.1073769783 0)
(-0.1781828164 0.09884178196 0)
(-0.1850701638 0.08952047074 0)
(-0.1916867661 0.07941423396 0)
(-0.1979958454 0.06852917572 0)
(-0.203956148 0.05687765497 0)
(-0.2095215506 0.0444796932 0)
(-0.2146407318 0.03136446609 0)
(-0.2192569346 0.01757188863 0)
(-0.2233078497 0.003154294844 0)
(-0.2267256611 -0.01182179879 0)
(-0.2294373037 -0.02727387286 0)
(-0.2313649942 -0.04310157594 0)
(-0.2324271048 -0.05918495127 0)
(-0.2325394587 -0.07538282479 0)
(-0.231617131 -0.09153148736 0)
(-0.2295768337 -0.107443845 0)
(-0.2263399544 -0.1229092516 0)
(-0.2218362934 -0.1376942758 0)
(-0.2160085008 -0.1515446827 0)
(-0.2088171546 -0.1641889204 0)
(-0.2002463393 -0.1753433831 0)
(-0.1903094838 -0.1847196637 0)
(-0.1790551033 -0.1920338943 0)
(-0.1665719758 -0.1970181028 0)
(-0.1529931903 -0.199433287 0)
(-0.1384984454 -0.1990836267 0)
(-0.1233139932 -0.1958309682 0)
(-0.1077097281 -0.1896084502 0)
(-0.09199313244 -0.1804319626 0)
(-0.0765000928 -0.1684081046 0)
(-0.06158294394 -0.153737468 0)
(-0.04759656904 -0.1367124432 0)
(-0.03488425692 -0.1177093248 0)
(-0.02376419499 -0.09717525934 0)
(-0.01451005469 -0.0756110447 0)
(-0.007332555201 -0.05354994631 0)
(-0.002472670635 -0.03153561256 0)
(-0.000330252606 -0.01012144283 0)
(-0.0002130398381 0.01286376657 0)
(-0.001425142287 0.03601726773 0)
(-0.004014491941 0.05667508803 0)
(-0.007665443401 0.07494450463 0)
(-0.01219630027 0.09095398664 0)
(-0.01748650728 0.1048464658 0)
(-0.02341898829 0.1167725002 0)
(-0.0298853426 0.1268844511 0)
(-0.03678966454 0.1353316848 0)
(-0.04404766098 0.1422566775 0)
(-0.05158569548 0.1477919862 0)
(-0.05934001522 0.152058043 0)
(-0.06725586693 0.1551617152 0)
(-0.07528652447 0.1571955546 0)
(-0.08339228545 0.1582376503 0)
(-0.09153946694 0.1583519875 0)
(-0.09969942107 0.1575892156 0)
(-0.1078475869 0.155987726 0)
(-0.115962588 0.1535749497 0)
(-0.1240253812 0.1503687925 0)
(-0.1320184552 0.1463791407 0)
(-0.1399250777 0.1416093824 0)
(-0.1477285847 0.1360579078 0)
(-0.1554117073 0.1297195646 0)
(-0.1629559285 0.1225870592 0)
(-0.1703408654 0.1146523058 0)
(-0.1775436712 0.1059077353 0)
(-0.1845384547 0.09634758322 0)
(-0.1912957148 0.08596918016 0)
(-0.1977817932 0.07477427055 0)
(-0.2039583475 0.06277038752 0)
(-0.2097818554 0.04997230844 0)
(-0.2152031643 0.03640361405 0)
(-0.2201671053 0.02209836775 0)
(-0.2246122035 0.007102925188 0)
(-0.2284705223 -0.008522126459 0)
(-0.2316676962 -0.02469991451 0)
(-0.2341232123 -0.04133515065 0)
(-0.2357510205 -0.05831197362 0)
(-0.2364605683 -0.07549186605 0)
(-0.2361583568 -0.09271177177 0)
(-0.2347501268 -0.1097825914 0)
(-0.2321437791 -0.1264882857 0)
(-0.228253113 -0.1425858704 0)
(-0.2230024326 -0.1578066317 0)
(-0.21633201 -0.1718589287 0)
(-0.2082043077 -0.1844329493 0)
(-0.1986107487 -0.1952077494 0)
(-0.1875786843 -0.2038608045 0)
(-0.1751780609 -0.2100801248 0)
(-0.1615271442 -0.2135787322 0)
(-0.1467965522 -0.2141109633 0)
(-0.1312108137 -0.2114896889 0)
(-0.1150467395 -0.2056031663 0)
(-0.09862810201 -0.1964299475 0)
(-0.08231645259 -0.1840501308 0)
(-0.06649832733 -0.1686513525 0)
(-0.05156969038 -0.1505282877 0)
(-0.03791952974 -0.1300751103 0)
(-0.02591371467 -0.1077713116 0)
(-0.01587213647 -0.08416194007 0)
(-0.008047044197 -0.05983258705 0)
(-0.002724840566 -0.03538276977 0)
(-0.000367200689 -0.01142238975 0)
(-0.0002099618431 0.01358602609 0)
(-0.001407716983 0.03801138402 0)
(-0.003969536107 0.05978050825 0)
(-0.007584712698 0.07901225648 0)
(-0.0120738956 0.09584665888 0)
(-0.01731738512 0.1104385028 0)
(-0.023198411 0.1229503106 0)
(-0.0296084918 0.1335462975 0)
(-0.03645140595 0.1423873707 0)
(-0.04364248206 0.1496270425 0)
(-0.05110778091 0.1554082302 0)
(-0.05878342387 0.159860916 0)
(-0.06661478117 0.1631006093 0)
(-0.07455554737 0.1652275372 0)
(-0.08256676558 0.1663264707 0)
(-0.0906158348 0.166467086 0)
(-0.09867552533 0.1657047547 0)
(-0.1067230215 0.1640816596 0)
(-0.1147390045 0.1616281371 0)
(-0.1227067816 0.1583641616 0)
(-0.1306114639 0.1543008991 0)
(-0.1384391897 0.1494422727 0)
(-0.1461763907 0.1437865021 0)
(-0.1538090931 0.137327592 0)
(-0.1613222481 0.1300567594 0)
(-0.168699085 0.1219638036 0)
(-0.1759204799 0.1130384314 0)
(-0.1829643354 0.1032715566 0)
(-0.1898049679 0.09265660241 0)
(-0.1964124988 0.08119083225 0)
(-0.2027522537 0.06887674244 0)
(-0.2087841711 0.05572354492 0)
(-0.214462234 0.04174876939 0)
(-0.2197339391 0.02698000952 0)
(-0.2245398307 0.01145683255 0)
(-0.2288131335 -0.004767136355 0)
(-0.2324795438 -0.02162195621 0)
(-0.2354572311 -0.03901896053 0)
(-0.2376571408 -0.05684823395 0)
(-0.2389837071 -0.07497605594 0)
(-0.2393360843 -0.09324242975 0)
(-0.2386100345 -0.1114588691 0)
(-0.2367006093 -0.1294066786 0)
(-0.2335057575 -0.1468360343 0)
(-0.2289309606 -0.1634662399 0)
(-0.2228949487 -0.1789875961 0)
(-0.215336459 -0.1930653551 0)
(-0.2062218784 -0.2053462252 0)
(-0.1955534513 -0.2154678117 0)
(-0.1833775471 -0.2230712163 0)
(-0.1697922851 -0.2278167416 0)
(-0.1549536457 -0.2294022697 0)
(-0.1390790899 -0.2275834102 0)
(-0.122447724 -0.2221940135 0)
(-0.1053962249 -0.2131651939 0)
(-0.08831009522 -0.2005407224 0)
(-0.07161031079 -0.1844866418 0)
(-0.05573616987 -0.1652933099 0)
(-0.04112645509 -0.1433688368 0)
(-0.02820026697 -0.1192240397 0)
(-0.01733012272 -0.09344996419 0)
(-0.008816427802 -0.06668844882 0)
(-0.002998258228 -0.03960004546 0)
(-0.0004077771305 -0.01285651116 0)
(-0.0002060805566 0.01429782533 0)
(-0.001385374474 0.03997976617 0)
(-0.003911228928 0.06284894231 0)
(-0.007478913908 0.08303443351 0)
(-0.0119118339 0.1006867471 0)
(-0.01709123852 0.1159716907 0)
(-0.02290069221 0.1290631661 0)
(-0.02923162066 0.1401368888 0)
(-0.03598744947 0.1493651512 0)
(-0.04308308943 0.1569125059 0)
(-0.05044427025 0.1629323588 0)
(-0.05800697729 0.1675644608 0)
(-0.0657167152 0.1709332445 0)
(-0.07352763145 0.1731469315 0)
(-0.08140156719 0.1742973141 0)
(-0.08930707474 0.1744601043 0)
(-0.09721843139 0.1736957365 0)
(-0.1051146723 0.1720505132 0)
(-0.1129786586 0.1695579888 0)
(-0.1207961887 0.1662404997 0)
(-0.1285551568 0.162110764 0)
(-0.1362447573 0.1571734914 0)
(-0.1438547305 0.1514269605 0)
(-0.1513746453 0.1448645396 0)
(-0.1587932094 0.1374761388 0)
(-0.1660976007 0.129249598 0)
(-0.1732728115 0.1201720225 0)
(-0.1803009986 0.110231089 0)
(-0.1871608316 0.09941634768 0)
(-0.1938268361 0.08772055302 0)
(-0.2002687269 0.07514105607 0)
(-0.2064507345 0.06168129273 0)
(-0.2123309273 0.04735240257 0)
(-0.217860544 0.032175011 0)
(-0.2229833548 0.01618120433 0)
(-0.2276350844 -0.0005832791836 0)
(-0.2317429479 -0.01805662919 0)
(-0.2352253553 -0.0361583029 0)
(-0.2379918737 -0.05478617572 0)
(-0.2399435624 -0.07381352676 0)
(-0.2409738057 -0.09308597779 0)
(-0.240969802 -0.1124185395 0)
(-0.239814882 -0.1315929958 0)
(-0.2373918345 -0.1503559443 0)
(-0.2335874046 -0.1684179034 0)
(-0.2282980883 -0.1854539906 0)
(-0.2214372666 -0.2011067493 0)
(-0.2129435996 -0.2149917363 0)
(-0.2027904219 -0.2267064456 0)
(-0.1909956619 -0.2358430028 0)
(-0.1776315511 -0.2420047951 0)
(-0.1628331462 -0.2448267793 0)
(-0.1468044868 -0.2439986486 0)
(-0.1298211425 -0.2392893883 0)
(-0.1122280188 -0.2305711046 0)
(-0.09443163744 -0.2178395138 0)
(-0.07688665894 -0.2012282955 0)
(-0.06007732873 -0.1810147748 0)
(-0.04449610432 -0.1576152152 0)
(-0.03062107747 -0.131569388 0)
(-0.01888436272 -0.1035153222 0)
(-0.009641951489 -0.07415484241 0)
(-0.003293788415 -0.04421495008 0)
(-0.0004522229006 -0.01443503982 0)
(-0.0002015242014 0.01499679838 0)
(-0.001358919158 0.04191625593 0)
(-0.003841726613 0.06587099934 0)
(-0.007351943099 0.08699870958 0)
(-0.01171592728 0.1054591142 0)
(-0.01681580633 0.1214280949 0)
(-0.02253536416 0.1350902865 0)
(-0.02876580527 0.1466325263 0)
(-0.0354100804 0.1562383371 0)
(-0.04238258647 0.1640833323 0)
(-0.04960866214 0.1703315596 0)
(-0.05702413536 0.1751327849 0)
(-0.06457466036 0.1786206722 0)
(-0.0722148851 0.1809117819 0)
(-0.07990752337 0.1821052886 0)
(-0.08762237733 0.182283304 0)
(-0.09533534526 0.1815116823 0)
(-0.1030274417 0.1798411903 0)
(-0.110683849 0.1773089279 0)
(-0.1182930104 0.1739399034 0)
(-0.1258457711 0.1697486791 0)
(-0.1333345657 0.1647410255 0)
(-0.1407526489 0.1589155375 0)
(-0.1480933633 0.1522651877 0)
(-0.1553494372 0.144778803 0)
(-0.1625123017 0.1364424683 0)
(-0.1695714194 0.1272408698 0)
(-0.1765136143 0.1171585997 0)
(-0.1833223937 0.1061814506 0)
(-0.1899772538 0.09429773209 0)
(-0.1964529627 0.08149964623 0)
(-0.2027188162 0.06778475923 0)
(-0.2087378668 0.05315760983 0)
(-0.2144661315 0.0376314944 0)
(-0.2198517939 0.02123046851 0)
(-0.2248344255 0.003991601449 0)
(-0.229344262 -0.01403248599 0)
(-0.233301608 -0.03277077064 0)
(-0.23661644 -0.05213068951 0)
(-0.2391883157 -0.07199470928 0)
(-0.2409067474 -0.0922166996 0)
(-0.2416521988 -0.1126182353 0)
(-0.2412979139 -0.1329850407 0)
(-0.2397128015 -0.1530638904 0)
(-0.2367656055 -0.1725603964 0)
(-0.2323305666 -0.1911382403 0)
(-0.2262947177 -0.2084205269 0)
(-0.2185668372 -0.223994024 0)
(-0.2090879007 -0.2374170748 0)
(-0.1978426214 -0.2482318781 0)
(-0.1848713601 -0.2559815868 0)
(-0.1702813498 -0.2602322344 0)
(-0.1542558768 -0.2605988578 0)
(-0.1370598632 -0.2567743723 0)
(-0.1190403122 -0.2485588736 0)
(-0.1006203718 -0.2358862703 0)
(-0.0822863599 -0.2188446888 0)
(-0.06456817017 -0.1976871835 0)
(-0.04801538039 -0.172830092 0)
(-0.0331709069 -0.1448379804 0)
(-0.02053395325 -0.1143957492 0)
(-0.01052436446 -0.08226855783 0)
(-0.00361218458 -0.04925544554 0)
(-0.0005007792948 -0.01616966902 0)
(-0.0001964557784 0.01568104246 0)
(-0.001329371119 0.04381590272 0)
(-0.003763761744 0.06883902885 0)
(-0.007208739106 0.09089481584 0)
(-0.01149355119 0.1101507968 0)
(-0.01650092863 0.126791896 0)
(-0.02211458585 0.1410128053 0)
(-0.02822524117 0.1530111159 0)
(-0.03473515165 0.16298146 0)
(-0.04155804411 0.1711105792 0)
(-0.04861877717 0.1775733654 0)
(-0.05585299618 0.1825298941 0)
(-0.06320653535 0.1861234102 0)
(-0.07063461873 0.1884791917 0)
(-0.07810094309 0.189704184 0)
(-0.08557669565 0.1898872824 0)
(-0.09303954789 0.1891001335 0)
(-0.1004726569 0.1873983238 0)
(-0.1078636961 0.1848228368 0)
(-0.1152039295 0.1814016724 0)
(-0.1224873342 0.1771515405 0)
(-0.1297097735 0.1720795608 0)
(-0.1368682159 0.1661849212 0)
(-0.1439599937 0.159460464 0)
(-0.1509820938 0.1518941888 0)
(-0.1579304685 0.1434706703 0)
(-0.1647993581 0.1341724076 0)
(-0.1715806103 0.1239811226 0)
(-0.178262988 0.1128790385 0)
(-0.1848314511 0.1008501716 0)
(-0.1912664037 0.08788167316 0)
(-0.197542897 0.07396526423 0)
(-0.2036297823 0.05909880655 0)
(-0.2094888144 0.04328805711 0)
(-0.2150737122 0.02654865561 0)
(-0.2203291929 0.008908394606 0)
(-0.2251900094 -0.009590177986 0)
(-0.2295800566 -0.02888678513 0)
(-0.2334116018 -0.04890005147 0)
(-0.236584752 -0.06952372033 0)
(-0.2389873171 -0.09062251288 0)
(-0.2404952345 -0.1120277156 0)
(-0.2409737907 -0.1335326777 0)
(-0.2402799045 -0.1548885105 0)
(-0.2382657648 -0.1758004179 0)
(-0.2347841164 -0.1959252484 0)
(-0.2296954497 -0.2148710288 0)
(-0.2228772482 -0.2321993924 0)
(-0.2142352722 -0.2474319108 0)
(-0.203716589 -0.2600613253 0)
(-0.1913236986 -0.2695684858 0)
(-0.1771286819 -0.2754453825 0)
(-0.1612858601 -0.2772239532 0)
(-0.1440411051 -0.2745093829 0)
(-0.1257357981 -0.2670154648 0)
(-0.1068036228 -0.2545984627 0)
(-0.0877589478 -0.2372850783 0)
(-0.06917678493 -0.2152899032 0)
(-0.05166656762 -0.1890184442 0)
(-0.0358417562 -0.1590535909 0)
(-0.02227657514 -0.1261254719 0)
(-0.01146384814 -0.09106525926 0)
(-0.003954069144 -0.05474967231 0)
(-0.0005536863194 -0.01807249754 0)
(-0.0001910772871 0.01634923481 0)
(-0.001297993489 0.04567526714 0)
(-0.003680716678 0.07174755811 0)
(-0.007055414046 0.09471506071 0)
(-0.01125383396 0.1147515614 0)
(-0.0161587903 0.1320499457 0)
(-0.02165343104 0.1468142992 0)
(-0.02762756321 0.1592526535 0)
(-0.03398242223 0.1695707061 0)
(-0.04063084544 0.1779664782 0)
(-0.04749709826 0.1846259903 0)
(-0.05451662464 0.1897199927 0)
(-0.06163549803 0.1934017209 0)
(-0.06880963809 0.1958055943 0)
(-0.07600388684 0.1970467496 0)
(-0.08319100654 0.1972212718 0)
(-0.09035064701 0.1964069844 0)
(-0.09746831873 0.194664656 0)
(-0.1045343971 0.1920394938 0)
(-0.1115431731 0.18856281 0)
(-0.1184919577 0.1842537669 0)
(-0.1253802409 0.1791211266 0)
(-0.1322089022 0.1731649542 0)
(-0.1389794649 0.1663782411 0)
(-0.1456933857 0.1587484352 0)
(-0.1523513671 0.1502588753 0)
(-0.1589526817 0.1408901437 0)
(-0.1654944934 0.1306213558 0)
(-0.1719711612 0.1194314171 0)
(-0.178373513 0.1073002793 0)
(-0.1846880727 0.09421023621 0)
(-0.1908962289 0.08014730211 0)
(-0.1969733338 0.06510272014 0)
(-0.2028877253 0.04907465433 0)
(-0.2085996711 0.03207012243 0)
(-0.2140602424 0.01410723189 0)
(-0.2192101357 -0.004782216596 0)
(-0.2239785002 -0.02454969789 0)
(-0.2282818067 -0.04512643109 0)
(-0.2320228658 -0.06641934002 0)
(-0.2350901554 -0.0883064702 0)
(-0.2373576133 -0.1106319271 0)
(-0.2386851506 -0.1332004641 0)
(-0.2389201831 -0.1557719676 0)
(-0.2379005295 -0.1780562424 0)
(-0.2354590586 -0.1997086916 0)
(-0.2314304604 -0.2203277073 0)
(-0.2256604514 -0.2394548133 0)
(-0.2180175678 -0.2565787897 0)
(-0.2084074312 -0.2711451053 0)
(-0.1967889794 -0.2825718887 0)
(-0.1831916418 -0.2902733144 0)
(-0.1677318618 -0.2936905575 0)
(-0.1506268259 -0.2923293754 0)
(-0.1322029039 -0.285801942 0)
(-0.1128963055 -0.2738690034 0)
(-0.09324394268 -0.2564770747 0)
(-0.07386381934 -0.2337847004 0)
(-0.05542691363 -0.2061722335 0)
(-0.03862258913 -0.1742314745 0)
(-0.02410834055 -0.1387340607 0)
(-0.01245995089 -0.1005788098 0)
(-0.004319916213 -0.06072564142 0)
(-0.0006111814328 -0.0201559655 0)
(-0.0001856349452 0.01700076461 0)
(-0.001266325726 0.04749276403 0)
(-0.003596711685 0.07459378509 0)
(-0.006899407722 0.09845491119 0)
(-0.01100787705 0.1192545206 0)
(-0.01580419829 0.1371923731 0)
(-0.0211702078 0.152481353 0)
(-0.02699418977 0.1653397307 0)
(-0.0331759082 0.1759843552 0)
(-0.03962702736 0.18462481 0)
(-0.04627108952 0.1914586475 0)
(-0.05304333863 0.1966677601 0)
(-0.05989019311 0.2004158613 0)
(-0.06676845064 0.2028469941 0)
(-0.07364433221 0.2040849447 0)
(-0.08049243822 0.2042334152 0)
(-0.08729467161 0.2033767991 0)
(-0.09403916979 0.2015814082 0)
(-0.1007192733 0.1988970064 0)
(-0.107332548 0.1953585295 0)
(-0.1138798688 0.1909878866 0)
(-0.1203645656 0.1857957667 0)
(-0.1267916278 0.1797833915 0)
(-0.1331669582 0.1729441812 0)
(-0.139496668 0.1652653151 0)
(-0.1457863975 0.156729185 0)
(-0.1520406515 0.1473147514 0)
(-0.158262131 0.1369988236 0)
(-0.1644510476 0.1257572894 0)
(-0.1706044014 0.1135663305 0)
(-0.1767152059 0.1004036596 0)
(-0.1827716428 0.08624982674 0)
(-0.1887561298 0.07108964347 0)
(-0.1946442883 0.05491378254 0)
(-0.2004038014 0.03772061762 0)
(-0.2059931615 0.01951837575 0)
(-0.2113603143 0.0003276806874 0)
(-0.2164412267 -0.01981543166 0)
(-0.2211584316 -0.04085591079 0)
(-0.2254196238 -0.06271549251 0)
(-0.2291164319 -0.08528777869 0)
(-0.2321235523 -0.1084326294 0)
(-0.2342984817 -0.1319699256 0)
(-0.2354821662 -0.1556728856 0)
(-0.2355009655 -0.1792612801 0)
(-0.2341703899 -0.2023951123 0)
(-0.2313011122 -0.2246695916 0)
(-0.2267077295 -0.2456125388 0)
(-0.2202206423 -0.2646856512 0)
(-0.2117011709 -0.2812912889 0)
(-0.2010596215 -0.2947864949 0)
(-0.1882754357 -0.304505723 0)
(-0.1734178335 -0.3097930824 0)
(-0.1566645988 -0.3100437221 0)
(-0.1383160208 -0.3047522763 0)
(-0.1188007283 -0.2935642473 0)
(-0.09867044293 -0.2763241973 0)
(-0.07858203317 -0.2531132259 0)
(-0.05926826432 -0.2242681451 0)
(-0.04149908852 -0.1903765721 0)
(-0.02602366229 -0.1522451805 0)
(-0.01351153564 -0.1108405324 0)
(-0.004710039415 -0.06721089628 0)
(-0.0006734991225 -0.02243278286 0)
(-0.0001804259412 0.01763588364 0)
(-0.001236225611 0.04926905399 0)
(-0.003516714307 0.07737813719 0)
(-0.006749675896 0.1021136449 0)
(-0.01076901826 0.123656812 0)
(-0.01545490512 0.1422132405 0)
(-0.02068682098 0.1580041566 0)
(-0.02635069995 0.1712580518 0)
(-0.0323442509 0.1822032114 0)
(-0.03857761876 0.191061253 0)
(-0.04497348793 0.1980418302 0)
(-0.05146694246 0.2033385789 0)
(-0.05800492001 0.2071262809 0)
(-0.06454536515 0.2095591548 0)
(-0.07105620571 0.2107701375 0)
(-0.07751423728 0.2108709944 0)
(-0.08390397899 0.2099530846 0)
(-0.09021654688 0.2080886133 0)
(-0.09644857533 0.2053322156 0)
(-0.1026012041 0.2017227383 0)
(-0.1086791386 0.1972851081 0)
(-0.1146897824 0.1920322016 0)
(-0.1206424386 0.1859666575 0)
(-0.126547568 0.1790825897 0)
(-0.1324160945 0.1713671842 0)
(-0.1382587425 0.162802174 0)
(-0.1440853908 0.1533652027 0)
(-0.1499044257 0.1430310934 0)
(-0.1557220772 0.131773051 0)
(-0.1615417151 0.1195638298 0)
(-0.1673630894 0.106376906 0)
(-0.1731814907 0.09218769844 0)
(-0.1789868114 0.07697489055 0)
(-0.1847624883 0.06072191257 0)
(-0.1904843094 0.04341865349 0)
(-0.1961190726 0.02506348358 0)
(-0.2016230949 0.005665679093 0)
(-0.2069405691 -0.01475164653 0)
(-0.2120018291 -0.0361479864 0)
(-0.2167215562 -0.05846117154 0)
(-0.2209970245 -0.08160224683 0)
(-0.2247065752 -0.1054494559 0)
(-0.2277085262 -0.1298413118 0)
(-0.229840845 -0.1545688522 0)
(-0.2309220085 -0.1793673383 0)
(-0.2307535742 -0.203907888 0)
(-0.2291250755 -0.2277898422 0)
(-0.2258218944 -0.2505350376 0)
(-0.2206367126 -0.271585573 0)
(-0.2133849528 -0.2903070467 0)
(-0.2039242327 -0.3059994823 0)
(-0.1921772341 -0.3179181221 0)
(-0.1781565395 -0.3253057327 0)
(-0.1619889861 -0.3274368853 0)
(-0.1439361205 -0.323672748 0)
(-0.1244066692 -0.3135223644 0)
(-0.1039568967 -0.296703589 0)
(-0.08327597048 -0.2731945035 0)
(-0.0631567719 -0.2432652418 0)
(-0.04445346279 -0.2074816068 0)
(-0.02801515835 -0.1666752521 0)
(-0.01461674892 -0.1218784171 0)
(-0.005124588407 -0.07423215274 0)
(-0.0007408719736 -0.02491585401 0)
(-0.0001758074619 0.01825588092 0)
(-0.001209923759 0.05100749577 0)
(-0.003446678608 0.08010491071 0)
(-0.006616925546 0.1056950852 0)
(-0.01055315369 0.1279603501 0)
(-0.01513199482 0.1471112491 0)
(-0.02022919147 0.1633771237 0)
(-0.0257272533 0.1769969454 0)
(-0.03152110604 0.1882110036 0)
(-0.03751897286 0.1972536816 0)
(-0.04364255874 0.2043475247 0)
(-0.04982689172 0.209698688 0)
(-0.05601969984 0.2134937385 0)
(-0.06218045821 0.2158977051 0)
(-0.06827925013 0.2170532224 0)
(-0.0742955412 0.217080581 0)
(-0.08021693786 0.216078493 0)
(-0.08603798092 0.2141253838 0)
(-0.09175900569 0.2112810404 0)
(-0.09738508579 0.2075884688 0)
(-0.1029250663 0.2030758423 0)
(-0.1083906839 0.1977584478 0)
(-0.1137957673 0.1916405644 0)
(-0.1191555046 0.184717234 0)
(-0.124485766 0.1769759 0)
(-0.1298024638 0.1683979095 0)
(-0.1351209347 0.158959886 0)
(-0.140455324 0.1486349904 0)
(-0.1458179536 0.1373940948 0)
(-0.1512186518 0.1252069016 0)
(-0.1566640235 0.1120430446 0)
(-0.1621566371 0.09787321695 0)
(-0.1676941036 0.08267037732 0)
(-0.1732680238 0.06641109458 0)
(-0.1788627786 0.04907710351 0)
(-0.184454143 0.03065715726 0)
(-0.1900077051 0.01114927873 0)
(-0.1954770762 -0.009436468374 0)
(-0.2008019335 -0.03107455823 0)
(-0.2059058864 -0.05371978989 0)
(-0.2106942544 -0.0773021014 0)
(-0.2150519155 -0.1017203147 0)
(-0.2188413922 -0.126834693 0)
(-0.2219014958 -0.1524583089 0)
(-0.2240469563 -0.1783473642 0)
(-0.2250696012 -0.2041908344 0)
(-0.2247417931 -0.2296001441 0)
(-0.22282294 -0.2541000139 0)
(-0.2190699339 -0.2771221542 0)
(-0.2132522602 -0.2980040413 0)
(-0.2051721994 -0.3159954949 0)
(-0.1946899247 -0.3302760057 0)
(-0.1817523531 -0.3399854747 0)
(-0.1664233766 -0.3442699693 0)
(-0.148911748 -0.342342052 0)
(-0.1295917302 -0.333552183 0)
(-0.1090110641 -0.3174639721 0)
(-0.08788175762 -0.2939224751 0)
(-0.06705269174 -0.263102565 0)
(-0.04746431921 -0.225525091 0)
(-0.03007360609 -0.182032041 0)
(-0.0157730212 -0.1337162921 0)
(-0.005563558564 -0.08181493046 0)
(-0.0008135341228 -0.02761820425 0)
(-0.0001722090301 0.01886328916 0)
(-0.001190095796 0.05271467669 0)
(-0.003393725848 0.08278301098 0)
(-0.006513914147 0.1092084358 0)
(-0.01037913826 0.1321726566 0)
(-0.01486035046 0.1518904925 0)
(-0.019827748 0.168599522 0)
(-0.02515906148 0.1825498511 0)
(-0.0307455552 0.1939947284 0)
(-0.03649308595 0.2031823815 0)
(-0.04232229805 0.2103493234 0)
(-0.04816836509 0.2157152227 0)
(-0.05398020941 0.2194793012 0)
(-0.05971936973 0.2218181275 0)
(-0.06535868515 0.2228846255 0)
(-0.07088090996 0.2228080801 0)
(-0.07627733841 0.2216949225 0)
(-0.08154649293 0.2196300846 0)
(-0.08669290695 0.2166787329 0)
(-0.09172601683 0.2128882229 0)
(-0.09665916511 0.208290144 0)
(-0.1015087093 0.2029023568 0)
(-0.106293225 0.1967309515 0)
(-0.111032789 0.189772084 0)
(-0.1157483254 0.1820136653 0)
(-0.1204609973 0.1734368956 0)
(-0.1251916253 0.1640176522 0)
(-0.1299601125 0.1537277441 0)
(-0.134784856 0.1425360599 0)
(-0.1396821219 0.130409638 0)
(-0.1446653619 0.117314695 0)
(-0.149744444 0.1032176567 0)
(-0.1549247736 0.08808623942 0)
(-0.1602062732 0.0718906442 0)
(-0.165582193 0.05460493445 0)
(-0.1710377235 0.03620868673 0)
(-0.1765483776 0.01668902218 0)
(-0.1820781148 -0.00395685422 0)
(-0.1875772339 -0.02571846277 0)
(-0.1929799752 -0.0485679739 0)
(-0.1982019064 -0.07245516062 0)
(-0.203137215 -0.09730107213 0)
(-0.2076560138 -0.1229902957 0)
(-0.2116019572 -0.1493616737 0)
(-0.214790571 -0.1761974706 0)
(-0.2170088682 -0.2032112016 0)
(-0.2180170221 -0.2300346693 0)
(-0.2175530529 -0.2562052354 0)
(-0.2153416231 -0.2811549879 0)
(-0.2111080487 -0.3042042063 0)
(-0.2045984184 -0.3245622872 0)
(-0.1956061617 -0.3413398658 0)
(-0.1840044277 -0.3535759602 0)
(-0.1697822023 -0.3602831992 0)
(-0.1530803445 -0.3605121843 0)
(-0.1342219456 -0.3534325919 0)
(-0.1137301591 -0.338423918 0)
(-0.09232702784 -0.3151636507 0)
(-0.07091027564 -0.2836967102 0)
(-0.05050661742 -0.2444692643 0)
(-0.03218796136 -0.1983131918 0)
(-0.01697711073 -0.1463729768 0)
(-0.006026819599 -0.08998319404 0)
(-0.0008917282972 -0.03055291617 0)
(-0.000170149585 0.01946213362 0)
(-0.001179959146 0.05440104504 0)
(-0.003366381694 0.08542681963 0)
(-0.006455834672 0.1126692359 0)
(-0.01026928911 0.1363077802 0)
(-0.01466922564 0.1565612533 0)
(-0.01951800701 0.1736760967 0)
(-0.02468691779 0.1879147505 0)
(-0.03006253404 0.1995448974 0)
(-0.03554788508 0.2088301384 0)
(-0.04106255334 0.2160223909 0)
(-0.04654220308 0.2213560983 0)
(-0.05193753349 0.2250441847 0)
(-0.05721287118 0.2272755898 0)
(-0.06234459895 0.2282141584 0)
(-0.06731955104 0.2279986311 0)
(-0.07213346099 0.2267434841 0)
(-0.07678951585 0.2245403785 0)
(-0.08129704463 0.2214600131 0)
(-0.08567035028 0.2175542015 0)
(-0.08992768157 0.2128580374 0)
(-0.09409033329 0.2073920404 0)
(-0.09818185854 0.2011642094 0)
(-0.1022273743 0.1941719353 0)
(-0.1062529401 0.1864037484 0)
(-0.1102849904 0.1778408932 0)
(-0.1143497984 0.1684587341 0)
(-0.1184729514 0.1582280093 0)
(-0.1226788167 0.1471159549 0)
(-0.1269899738 0.1350873286 0)
(-0.1314265903 0.1221053672 0)
(-0.136005715 0.1081327182 0)
(-0.1407404598 0.09313239548 0)
(-0.1456390407 0.07706881386 0)
(-0.1507036413 0.0599089761 0)
(-0.1559290653 0.04162389848 0)
(-0.1613011383 0.02219038472 0)
(-0.1667948252 0.00159328014 0)
(-0.172372005 -0.0201716357 0)
(-0.1779789307 -0.0430938648 0)
(-0.1835433474 -0.06714339445 0)
(-0.188971282 -0.09226451211 0)
(-0.1941436737 -0.1183680196 0)
(-0.1989130213 -0.1453215865 0)
(-0.2031004088 -0.1729380737 0)
(-0.2064934595 -0.200961838 0)
(-0.2088460069 -0.2290533399 0)
(-0.2098805356 -0.2567728709 0)
(-0.2092947038 -0.2835649226 0)
(-0.206773412 -0.3087456344 0)
(-0.2020078383 -0.331496801 0)
(-0.1947224469 -0.350870917 0)
(-0.1847100425 -0.3658123333 0)
(-0.1718733924 -0.3751993262 0)
(-0.1562698026 -0.377910158 0)
(-0.1381525795 -0.3729125657 0)
(-0.1180011304 -0.359370484 0)
(-0.09653094994 -0.3367548985 0)
(-0.0746777562 -0.3049393955 0)
(-0.05355171143 -0.2642579721 0)
(-0.03434545795 -0.2155047265 0)
(-0.01822520465 -0.1598614453 0)
(-0.006514170445 -0.09875902878 0)
(-0.0009757180643 -0.03373308787 0)
(-0.000170261293 0.02005823859 0)
(-0.001183403737 0.05608167656 0)
(-0.003374889725 0.08805722402 0)
(-0.006460813641 0.1161004607 0)
(-0.01025002089 0.1403873151 0)
(-0.01459294382 0.1611408341 0)
(-0.01934125411 0.1786176582 0)
(-0.02435778336 0.1930945015 0)
(-0.02952325935 0.2048556381 0)
(-0.03473744953 0.2141821453 0)
(-0.03991901097 0.2213432281 0)
(-0.04500464885 0.2265896823 0)
(-0.04994765864 0.2301493827 0)
(-0.05471612099 0.2322245739 0)
(-0.05929097853 0.2329906797 0)
(-0.0636641401 0.2325963288 0)
(-0.06783670252 0.2311642993 0)
(-0.07181734006 0.2287931139 0)
(-0.07562088216 0.2255590517 0)
(-0.07926707956 0.2215183859 0)
(-0.08277954616 0.2167096966 0)
(-0.08618485683 0.2111561481 0)
(-0.08951177771 0.2048676531 0)
(-0.09279060458 0.1978428747 0)
(-0.09605258508 0.1900710419 0)
(-0.09932940141 0.1815335696 0)
(-0.1026526907 0.1722054891 0)
(-0.1060535814 0.1620567048 0)
(-0.1095622224 0.1510530982 0)
(-0.1132072846 0.1391575092 0)
(-0.1170154082 0.1263306248 0)
(-0.1210105728 0.1125318164 0)
(-0.1252133594 0.09771996838 0)
(-0.1296400747 0.08185435454 0)
(-0.1343016991 0.0648956276 0)
(-0.1392026188 0.04680700672 0)
(-0.1443390965 0.02755576849 0)
(-0.1496974306 0.007115176827 0)
(-0.1552517343 -0.01453297474 0)
(-0.1609613244 -0.03739501437 0)
(-0.166767656 -0.061460945 0)
(-0.1725907784 -0.08669861292 0)
(-0.1783254043 -0.113046137 0)
(-0.1838366989 -0.1404022232 0)
(-0.1889560748 -0.1686140268 0)
(-0.1934774728 -0.19746234 0)
(-0.1971548858 -0.226644146 0)
(-0.1997022174 -0.2557530445 0)
(-0.2007969423 -0.2842587938 0)
(-0.2000893653 -0.3114882604 0)
(-0.197219441 -0.3366113959 0)
(-0.1918429265 -0.3586373151 0)
(-0.1836678694 -0.3764267876 0)
(-0.1725008685 -0.3887279035 0)
(-0.1583001077 -0.3942405516 0)
(-0.1412290023 -0.3917118434 0)
(-0.121701001 -0.3800582501 0)
(-0.1004043089 -0.3585013874 0)
(-0.07829739735 -0.3266950186 0)
(-0.0565674797 -0.2848144852 0)
(-0.03653180175 -0.2335795183 0)
(-0.01951309439 -0.1741880268 0)
(-0.007025429851 -0.1081623834 0)
(-0.001065807521 -0.03717182926 0)
(-0.0001733228635 0.02065961223 0)
(-0.001205169188 0.05777721834 0)
(-0.003431626872 0.0907028535 0)
(-0.006550556101 0.1195337984 0)
(-0.01035264603 0.144441522 0)
(-0.01467174891 0.1656544001 0)
(-0.01934533303 0.1834415925 0)
(-0.02422541368 0.1980970156 0)
(-0.02918561431 0.2099245759 0)
(-0.03412210189 0.2192256515 0)
(-0.03895296478 0.2262891571 0)
(-0.04361678675 0.2313841842 0)
(-0.04807058948 0.2347550211 0)
(-0.05228747602 0.2366182438 0)
(-0.05625423909 0.2371615151 0)
(-0.0599690921 0.2365437201 0)
(-0.06343961155 0.234896092 0)
(-0.0666809313 0.2323240187 0)
(-0.06971419619 0.2289092704 0)
(-0.07256526088 0.2247124427 0)
(-0.07526360801 0.2197754517 0)
(-0.07784145447 0.2141239687 0)
(-0.08033301293 0.2077697135 0)
(-0.08277387696 0.2007125592 0)
(-0.08520050028 0.1929424237 0)
(-0.08764974303 0.1844409421 0)
(-0.09015846037 0.1751829264 0)
(-0.09276311006 0.1651376278 0)
(-0.09549935701 0.1542698266 0)
(-0.09840165257 0.1425407728 0)
(-0.1015027657 0.1299090133 0)
(-0.1048332417 0.116331138 0)
(-0.10842076 0.1017624891 0)
(-0.1122893613 0.08615788216 0)
(-0.1164585056 0.06947240136 0)
(-0.1209419178 0.05166234593 0)
(-0.125746172 0.03268642769 0)
(-0.1308689511 0.01250734915 0)
(-0.1362969092 -0.008906069012 0)
(-0.1420030882 -0.03157600697 0)
(-0.1479437852 -0.0555117213 0)
(-0.1540548195 -0.08070423276 0)
(-0.1602472033 -0.1071192286 0)
(-0.1664022366 -0.1346876838 0)
(-0.1723662168 -0.163293695 0)
(-0.1779451333 -0.1927590612 0)
(-0.1829000144 -0.2228243194 0)
(-0.186943985 -0.2531263414 0)
(-0.1897425764 -0.2831733086 0)
(-0.1909193447 -0.3123190031 0)
(-0.1900692727 -0.3397399154 0)
(-0.1867825521 -0.3644205992 0)
(-0.1806808595 -0.3851546793 0)
(-0.1714668333 -0.4005703232 0)
(-0.1589848632 -0.4091888501 0)
(-0.1432874862 -0.4095222584 0)
(-0.1246971396 -0.4002087531 0)
(-0.1038495466 -0.3801746627 0)
(-0.08170555848 -0.3487981707 0)
(-0.05951852837 -0.3060392305 0)
(-0.03873147155 -0.2524957423 0)
(-0.02083644492 -0.189351674 0)
(-0.007560575208 -0.1182109205 0)
(-0.001162371523 -0.04088231832 0)
(-0.0001803062691 0.02127693836 0)
(-0.001251085474 0.05951506745 0)
(-0.003551654174 0.09340157891 0)
(-0.006751178997 0.1230111352 0)
(-0.01061437646 0.1485105529 0)
(-0.01495282508 0.1701357986 0)
(-0.01958553184 0.1881722241 0)
(-0.02435098166 0.202935187 0)
(-0.02911441337 0.2147523988 0)
(-0.03376825696 0.2239492526 0)
(-0.03823072481 0.2308374323 0)
(-0.04244351321 0.2357066751 0)
(-0.04636890234 0.2388193601 0)
(-0.04998665941 0.2404074878 0)
(-0.05329104193 0.2406715784 0)
(-0.05628806486 0.2397810311 0)
(-0.05899310948 0.2378755335 0)
(-0.06142889618 0.2350671684 0)
(-0.06362380693 0.2314429297 0)
(-0.06561052276 0.2270674248 0)
(-0.06742493195 0.221985594 0)
(-0.06910526227 0.2162253311 0)
(-0.07069139266 0.2097999255 0)
(-0.07222430377 0.2027102822 0)
(-0.07374563154 0.1949468982 0)
(-0.07529729273 0.1864915914 0)
(-0.07692115533 0.1773189923 0)
(-0.07865872969 0.1673978169 0)
(-0.08055085851 0.156691942 0)
(-0.08263738445 0.1451613132 0)
(-0.08495677429 0.1327627132 0)
(-0.08754567665 0.1194504254 0)
(-0.0904383881 0.1051768317 0)
(-0.09366619784 0.08989298781 0)
(-0.09725657554 0.07354923305 0)
(-0.1012321588 0.05609590227 0)
(-0.1056094871 0.03748423114 0)
(-0.1103974159 0.0176675728 0)
(-0.115595126 -0.003396918866 0)
(-0.1211896639 -0.02574594036 0)
(-0.1271528655 -0.04940670208 0)
(-0.1334375792 -0.07439232929 0)
(-0.1399731237 -0.1006954621 0)
(-0.1466598956 -0.1282795232 0)
(-0.1533632064 -0.1570669856 0)
(-0.1599065765 -0.1869239277 0)
(-0.1660650061 -0.2176402311 0)
(-0.1715591644 -0.2489050505 0)
(-0.176052012 -0.2802778048 0)
(-0.1791500578 -0.3111560419 0)
(-0.1804121562 -0.3407432519 0)
(-0.1793692505 -0.3680220555 0)
(-0.1755584231 -0.3917409611 0)
(-0.1685735654 -0.4104254594 0)
(-0.1581324517 -0.4224254933 0)
(-0.144155703 -0.4260096778 0)
(-0.1268472819 -0.4195102793 0)
(-0.1067606204 -0.4015107934 0)
(-0.08483268102 -0.3710510256 0)
(-0.0623664323 -0.3278073682 0)
(-0.04092813399 -0.2721952794 0)
(-0.02219118222 -0.2053433289 0)
(-0.008119946475 -0.1289200274 0)
(-0.001265900887 -0.04487794756 0)
(-0.0001924424384 0.02192421467 0)
(-0.001328400297 0.06133086033 0)
(-0.003753446261 0.096202345 0)
(-0.007094282726 0.1265862827 0)
(-0.01107956272 0.1526457601 0)
(-0.01549149021 0.1746282868 0)
(-0.02012552662 0.1928409286 0)
(-0.02480360706 0.2076264468 0)
(-0.02938140597 0.2193419643 0)
(-0.03374784145 0.2283416827 0)
(-0.03782243955 0.2349638473 0)
(-0.04155178107 0.2395216222 0)
(-0.0449054526 0.2422973459 0)
(-0.04787198262 0.2435395508 0)
(-0.05045508561 0.2434621276 0)
(-0.05267037083 0.2422450679 0)
(-0.05454256842 0.2400362961 0)
(-0.05610326355 0.2369541899 0)
(-0.05738909203 0.2330904732 0)
(-0.05844033355 0.2285132432 0)
(-0.05929983367 0.2232699605 0)
(-0.06001218853 0.2173902865 0)
(-0.06062313284 0.2108886943 0)
(-0.06117908009 0.2037668152 0)
(-0.06172677221 0.1960155051 0)
(-0.06231300305 0.1876166329 0)
(-0.06298438652 0.1785446064 0)
(-0.06378714452 0.1687676539 0)
(-0.0647668933 0.1582488897 0)
(-0.065968409 0.1469471905 0)
(-0.06743535307 0.1348179109 0)
(-0.06920993747 0.1218134727 0)
(-0.07133250738 0.107883861 0)
(-0.07384101479 0.09297706658 0)
(-0.07677035025 0.07703952445 0)
(-0.08015149128 0.06001660591 0)
(-0.08401041484 0.04185324344 0)
(-0.08836670728 0.02249479134 0)
(-0.09323178925 0.001888260592 0)
(-0.09860662829 -0.02001588635 0)
(-0.1044788533 -0.04326108175 0)
(-0.110819102 -0.06788085624 0)
(-0.1175764228 -0.09389335096 0)
(-0.1246726428 -0.1212935458 0)
(-0.1319956016 -0.1500424157 0)
(-0.1393913213 -0.180052082 0)
(-0.1466554344 -0.2111659589 0)
(-0.153524614 -0.2431330084 0)
(-0.1596693692 -0.2755756596 0)
(-0.1646904104 -0.3079519368 0)
(-0.1681217647 -0.33951409 0)
(-0.1694447674 -0.3692686886 0)
(-0.1681175778 -0.3959466701 0)
(-0.1636244114 -0.4179957285 0)
(-0.1555465445 -0.4336105208 0)
(-0.1436526552 -0.4408164794 0)
(-0.127999055 -0.4376179418 0)
(-0.1090224729 -0.4222084815 0)
(-0.0876030527 -0.3932204653 0)
(-0.06506994609 -0.3499660872 0)
(-0.04310517161 -0.2926020147 0)
(-0.02357402889 -0.2221454049 0)
(-0.008704538721 -0.1403030498 0)
(-0.001377069021 -0.04917260161 0)
(-0.0002113140212 0.02261959133 0)
(-0.001446225484 0.06327037292 0)
(-0.004059856413 0.09916741909 0)
(-0.007618319462 0.1303269716 0)
(-0.0118012009 0.1569110421 0)
(-0.01635253923 0.1791850537 0)
(-0.02103828892 0.1974858297 0)
(-0.02566062324 0.2121917514 0)
(-0.03006477801 0.2236967527 0)
(-0.03413697952 0.2323899216 0)
(-0.03779997354 0.2386406697 0)
(-0.04100771766 0.2427887936 0)
(-0.04373980465 0.2451385906 0)
(-0.04599616796 0.2459561599 0)
(-0.04779240132 0.2454690755 0)
(-0.04915581886 0.2438677296 0)
(-0.05012226263 0.2413077676 0)
(-0.05073359777 0.2379131649 0)
(-0.05103580277 0.2337796013 0)
(-0.05107755143 0.2289778888 0)
(-0.05090918611 0.2235572818 0)
(-0.05058199231 0.2175485629 0)
(-0.0501476977 0.2109668398 0)
(-0.04965813302 0.2038140267 0)
(-0.04916500411 0.196081003 0)
(-0.04871973539 0.1877494613 0)
(-0.04837335376 0.1787934628 0)
(-0.04817638784 0.1691807284 0)
(-0.04817876201 0.1588736918 0)
(-0.04842966892 0.1478303464 0)
(-0.04897740365 0.1360049132 0)
(-0.04986914244 0.1233483619 0)
(-0.05115064793 0.1098088169 0)
(-0.05286587812 0.09533188214 0)
(-0.05505647056 0.07986092536 0)
(-0.05776106421 0.06333737145 0)
(-0.06101440964 0.04570106824 0)
(-0.06484620264 0.02689081053 0)
(-0.06927955548 0.006845141098 0)
(-0.07432898235 -0.01449640192 0)
(-0.07999777869 -0.03719137422 0)
(-0.08627460558 -0.06129147786 0)
(-0.09312905854 -0.08683815072 0)
(-0.1005060269 -0.1138560181 0)
(-0.1083186299 -0.142343356 0)
(-0.1164396138 -0.1722584541 0)
(-0.1246912982 -0.20350056 0)
(-0.1328345387 -0.2358839915 0)
(-0.1405577964 -0.2691042071 0)
(-0.1474683383 -0.3026953688 0)
(-0.1530888221 -0.3359805451 0)
(-0.1568639088 -0.3680185044 0)
(-0.1581827611 -0.3975552098 0)
(-0.1564236639 -0.4229933713 0)
(-0.15102564 -0.4423986865 0)
(-0.141587719 -0.4535644828 0)
(-0.1279886851 -0.4541539422 0)
(-0.11050982 -0.4419269699 0)
(-0.08993412876 -0.4150347221 0)
(-0.06758506903 -0.3723314092 0)
(-0.04524630875 -0.3136199079 0)
(-0.02498322567 -0.2397313921 0)
(-0.009316417043 -0.152371832 0)
(-0.001496829759 -0.05378112232 0)
(-0.0002389873084 0.02338648565 0)
(-0.001616148146 0.06539196281 0)
(-0.004499392322 0.1023751526 0)
(-0.008370324849 0.1343171192 0)
(-0.01284271965 0.161384128 0)
(-0.01761166029 0.183869347 0)
(-0.02240677162 0.2021508318 0)
(-0.02700728472 0.2166537268 0)
(-0.03124775145 0.2278183903 0)
(-0.03501345696 0.2360763614 0)
(-0.03823328334 0.2418336797 0)
(-0.04087200654 0.2454603444 0)
(-0.04292273637 0.2472846279 0)
(-0.04440009834 0.2475910228 0)
(-0.04533446385 0.2466207651 0)
(-0.04576728972 0.2445740653 0)
(-0.0457474964 0.2416133767 0)
(-0.04532875094 0.2378671981 0)
(-0.04456749829 0.2334340521 0)
(-0.04352158603 0.2283863943 0)
(-0.04224934358 0.2227742952 0)
(-0.04080899721 0.2166288016 0)
(-0.03925832461 0.2099649335 0)
(-0.03765447439 0.2027843033 0)
(-0.0360538917 0.1950773633 0)
(-0.03451230671 0.186825307 0)
(-0.03308475447 0.1780016497 0)
(-0.03182560057 0.1685735204 0)
(-0.03078855428 0.1585027002 0)
(-0.03002665665 0.1477464396 0)
(-0.02959222978 0.1362580801 0)
(-0.02953677319 0.1239875138 0)
(-0.02991079461 0.1108815106 0)
(-0.03076355706 0.09688393934 0)
(-0.03214271852 0.08193591953 0)
(-0.03409383234 0.06597593953 0)
(-0.03665966433 0.04893999255 0)
(-0.03987926614 0.0307617957 0)
(-0.04378672188 0.01137318618 0)
(-0.04840945212 -0.009295169651 0)
(-0.05376593297 -0.03131256476 0)
(-0.05986263377 -0.05474622167 0)
(-0.06668991771 -0.07965804359 0)
(-0.07421663137 -0.1060994757 0)
(-0.0823830636 -0.134103629 0)
(-0.09109197108 -0.1636734212 0)
(-0.1001975095 -0.194764164 0)
(-0.1094921982 -0.2272587047 0)
(-0.1186926208 -0.2609331224 0)
(-0.1274255145 -0.2954113641 0)
(-0.1352173085 -0.3301084873 0)
(-0.1414919804 -0.3641648588 0)
(-0.1455840576 -0.3963781931 0)
(-0.1467750317 -0.4251467839 0)
(-0.1443612994 -0.4484449394 0)
(-0.1377584223 -0.4638582628 0)
(-0.1266384826 -0.4687079068 0)
(-0.1110848589 -0.4602835414 0)
(-0.0917350806 -0.4361792237 0)
(-0.06986477092 -0.39468417 0)
(-0.04733629307 -0.3351306218 0)
(-0.02641948718 -0.2580655557 0)
(-0.00995930384 -0.1651376606 0)
(-0.001626561633 -0.05872004127 0)
(-0.000278201971 0.02425507839 0)
(-0.001853073322 0.06776972674 0)
(-0.005107903153 0.1059233608 0)
(-0.009408084658 0.1386593304 0)
(-0.0142800209 0.1661576054 0)
(-0.01935675067 0.1887538893 0)
(-0.02432403289 0.2068836033 0)
(-0.02893541092 0.2210335659 0)
(-0.03301563293 0.2317028558 0)
(-0.03645219672 0.2393746882 0)
(-0.03918443469 0.2444980208 0)
(-0.04119261197 0.2474768493 0)
(-0.04248785555 0.2486652603 0)
(-0.04310350703 0.2483665593 0)
(-0.04308812069 0.2468351057 0)
(-0.04250004854 0.2442798041 0)
(-0.04140342092 0.2408684837 0)
(-0.03986528374 0.236732627 0)
(-0.03795365098 0.2319720838 0)
(-0.03573625366 0.2266595456 0)
(-0.03327979984 0.2208446442 0)
(-0.03064959608 0.214557612 0)
(-0.02790941197 0.2078124811 0)
(-0.0251215034 0.2006098384 0)
(-0.02234672718 0.1929391475 0)
(-0.0196447016 0.1847806953 0)
(-0.01707398433 0.1761071831 0)
(-0.01469224039 0.16688501 0)
(-0.01255638353 0.1570752873 0)
(-0.01072268858 0.1466346259 0)
(-0.009246861789 0.1355157083 0)
(-0.00818405595 0.1236676933 0)
(-0.007588827498 0.1110364722 0)
(-0.007515020843 0.09756480279 0)
(-0.008015561947 0.08319234727 0)
(-0.009142135771 0.06785564292 0)
(-0.01094471059 0.05148804091 0)
(-0.01347085604 0.03401965944 0)
(-0.016764779 0.01537741809 0)
(-0.02086596919 -0.004514746908 0)
(-0.0258073099 -0.02573533357 0)
(-0.03161246342 -0.04836414359 0)
(-0.03829223122 -0.07248023406 0)
(-0.04583958773 -0.09815828793 0)
(-0.05422297878 -0.12546266 0)
(-0.06337739404 -0.1544377631 0)
(-0.0731928224 -0.1850930785 0)
(-0.08349984357 -0.2173805077 0)
(-0.09405257167 -0.2511613341 0)
(-0.1045100518 -0.2861599724 0)
(-0.1144186781 -0.321902437 0)
(-0.1232003382 -0.3576397071 0)
(-0.1301536656 -0.3922606821 0)
(-0.1344784515 -0.4242067806 0)
(-0.1353347485 -0.4514102253 0)
(-0.1319465391 -0.471288832 0)
(-0.1237525963 -0.4808372247 0)
(-0.110593346 -0.476850366 0)
(-0.09290408272 -0.4562912133 0)
(-0.07185806334 -0.4167646776 0)
(-0.04936154138 -0.3569903446 0)
(-0.02788725283 -0.2771026411 0)
(-0.01063941485 -0.1786127423 0)
(-0.001768283289 -0.06400869431 0)
(-0.0003326486467 0.02526434415 0)
(-0.002176398624 0.07049760213 0)
(-0.005930814831 0.1099334235 0)
(-0.01080280453 0.1434775108 0)
(-0.01620366854 0.1713393481 0)
(-0.02168878874 0.1939190793 0)
(-0.02689219812 0.2117319271 0)
(-0.03154012758 0.2253460904 0)
(-0.03545027221 0.2353348301 0)
(-0.03851755255 0.2422440135 0)
(-0.04069795803 0.2465724857 0)
(-0.04199347265 0.2487619866 0)
(-0.04243891593 0.2491937795 0)
(-0.04209118219 0.2481897113 0)
(-0.04102092021 0.2460159699 0)
(-0.03930639699 0.242888298 0)
(-0.037029177 0.2389778126 0)
(-0.03427123542 0.2344168772 0)
(-0.03111315608 0.2293046894 0)
(-0.02763311862 0.2237123949 0)
(-0.02390643802 0.2176876398 0)
(-0.02000547488 0.2112585374 0)
(-0.01599977305 0.2044370576 0)
(-0.01195634004 0.1972219096 0)
(-0.007939987904 0.18960091 0)
(-0.004013693057 0.18155296 0)
(-0.0002389572473 0.1730496238 0)
(0.003323868093 0.1640563919 0)
(0.006615305509 0.1545336627 0)
(0.009576507106 0.1444374817 0)
(0.01214905777 0.1337200702 0)
(0.01427484362 0.1223301752 0)
(0.01589596996 0.1102132619 0)
(0.01695474359 0.09731157294 0)
(0.01739373108 0.08356407287 0)
(0.01715591115 0.06890629766 0)
(0.01618495043 0.05327013092 0)
(0.0144256464 0.03658353469 0)
(0.01182460332 0.01877027461 0)
(0.008331238415 -0.0002502969154 0)
(0.00389925602 -0.02056329563 0)
(-0.001511251623 -0.04225802004 0)
(-0.007930713152 -0.06542703236 0)
(-0.01537572935 -0.09016412263 0)
(-0.02384300042 -0.1165603779 0)
(-0.03330084713 -0.1446971539 0)
(-0.04367776488 -0.1746341582 0)
(-0.05484737802 -0.2063901088 0)
(-0.06660946947 -0.2399126404 0)
(-0.07866747751 -0.2750334905 0)
(-0.09060424279 -0.3114050333 0)
(-0.1018600792 -0.3484156922 0)
(-0.1117205234 -0.3850857551 0)
(-0.1193250499 -0.419952776 0)
(-0.1237115282 -0.4509676741 0)
(-0.1239120285 -0.4754377958 0)
(-0.1191104053 -0.4900673997 0)
(-0.1088582992 -0.4911504683 0)
(-0.09332361154 -0.474952598 0)
(-0.07350790048 -0.4382653196 0)
(-0.05131056421 -0.3790252101 0)
(-0.02939630653 -0.2967873901 0)
(-0.0113666642 -0.1928123713 0)
(-0.001924981956 -0.06967088855 0)
(-0.0004073849848 0.02646483968 0)
(-0.002611678182 0.07369471772 0)
(-0.007026102944 0.1145551813 0)
(-0.01264232712 0.1489193064 0)
(-0.01872096609 0.1770517329 0)
(-0.02472161829 0.1994491655 0)
(-0.03021922678 0.2167375384 0)
(-0.03491332991 0.2295921321 0)
(-0.03862028456 0.2386794469 0)
(-0.04125058203 0.2446206478 0)
(-0.04278558206 0.2479717635 0)
(-0.04325714218 0.2492155286 0)
(-0.04273079475 0.2487608225 0)
(-0.04129266799 0.2469466846 0)
(-0.03903986823 0.2440487758 0)
(-0.03607376241 0.2402868654 0)
(-0.03249554475 0.2358324583 0)
(-0.0284035206 0.2308160372 0)
(-0.0238916283 0.2253336481 0)
(-0.01904881636 0.2194527117 0)
(-0.01395898517 0.2132170425 0)
(-0.008701289562 0.2066511143 0)
(-0.003350614113 0.1997636003 0)
(0.00202182927 0.1925503671 0)
(0.007347891391 0.1849968596 0)
(0.01256190394 0.177080059 0)
(0.01760011139 0.1687700377 0)
(0.02240018545 0.1600311781 0)
(0.0269007931 0.1508231049 0)
(0.03104122139 0.1411013644 0)
(0.0347610615 0.1308179054 0)
(0.03799995462 0.1199213725 0)
(0.04069739127 0.1083572407 0)
(0.04279256767 0.09606781107 0)
(0.04422430509 0.08299207882 0)
(0.04493104361 0.06906548682 0)
(0.04485093115 0.05421957371 0)
(0.04392204203 0.03838152685 0)
(0.0420827781 0.02147365575 0)
(0.03927253425 0.003412813921 0)
(0.03543274813 -0.01589017707 0)
(0.03050849971 -0.03653099401 0)
(0.02445094829 -0.05861193241 0)
(0.01722093594 -0.08224140318 0)
(0.008794254156 -0.107532041 0)
(-0.0008307285316 -0.1345964342 0)
(-0.01162227492 -0.163538734 0)
(-0.02350038613 -0.1944395365 0)
(-0.0363169365 -0.2273303092 0)
(-0.04983041628 -0.2621524469 0)
(-0.06367602057 -0.2986952092 0)
(-0.07733403597 -0.3365071431 0)
(-0.09010312174 -0.3747784626 0)
(-0.1010901423 -0.412199007 0)
(-0.1092339081 -0.446809405 0)
(-0.1133843096 -0.4758822772 0)
(-0.1124567669 -0.4958926142 0)
(-0.1056703044 -0.5026526628 0)
(-0.09285267324 -0.491680365 0)
(-0.07474706046 -0.4588200773 0)
(-0.05317380466 -0.4010243564 0)
(-0.03096384336 -0.3170534733 0)
(-0.01215643362 -0.207757981 0)
(-0.0021011292 -0.07573738424 0)
(-0.0005094797917 0.02792259292 0)
(-0.00319303184 0.07751240179 0)
(-0.00846826761 0.1199726171 0)
(-0.01503486872 0.155157789 0)
(-0.02195736762 0.1834286052 0)
(-0.02857947128 0.2054251078 0)
(-0.03441172444 0.2219261287 0)
(-0.03913162766 0.2337470328 0)
(-0.0425644497 0.2416704398 0)
(-0.04464849352 0.2464067354 0)
(-0.04540243296 0.2485760875 0)
(-0.04489844503 0.2487042663 0)
(-0.04324124928 0.2472266485 0)
(-0.04055267799 0.2444965352 0)
(-0.03696096257 0.2407952689 0)
(-0.0325937333 0.2363426247 0)
(-0.02757378701 0.2313066245 0)
(-0.02201682835 0.2258123595 0)
(-0.01603055724 0.2199496658 0)
(-0.009714629181 0.213779656 0)
(-0.003161143888 0.2073401823 0)
(0.003544535211 0.2006503501 0)
(0.01032290002 0.1937142037 0)
(0.01709934259 0.1865237126 0)
(0.02380320341 0.1790611738 0)
(0.03036695484 0.171301098 0)
(0.03672542514 0.1632117064 0)
(0.04281512676 0.1547560768 0)
(0.04857367077 0.1458930019 0)
(0.0539392599 0.1365776055 0)
(0.05885025404 0.1267617579 0)
(0.06324480096 0.1163943115 0)
(0.06706052371 0.1054211812 0)
(0.07023426096 0.09378528359 0)
(0.07270185985 0.08142634474 0)
(0.07439802629 0.06828057982 0)
(0.07525624557 0.05428024498 0)
(0.0752087971 0.03935305597 0)
(0.07418690372 0.02342146738 0)
(0.0721210795 0.006401808666 0)
(0.06894177555 -0.01179671501 0)
(0.06458047371 -0.03127311543 0)
(0.05897146058 -0.05213568487 0)
(0.05205461346 -0.07450282952 0)
(0.0437796893 -0.09850314852 0)
(0.03411281561 -0.1242739145 0)
(0.02304611791 -0.1519564291 0)
(0.0106116751 -0.1816857675 0)
(-0.0030988364 -0.2135710499 0)
(-0.01790756764 -0.2476606945 0)
(-0.03351649497 -0.283885353 0)
(-0.04946737032 -0.3219701971 0)
(-0.06510064812 -0.3613093819 0)
(-0.079524246 -0.400801098 0)
(-0.09161082496 -0.4386544184 0)
(-0.1000503198 -0.4722012126 0)
(-0.103488159 -0.4977770231 0)
(-0.1007730388 -0.5107655209 0)
(-0.09131434254 -0.5059138412 0)
(-0.07549060371 -0.4779894949 0)
(-0.0549421797 -0.4227290896 0)
(-0.0326170326 -0.3378210782 0)
(-0.0130322287 -0.2234813017 0)
(-0.002303521217 -0.08224961059 0)
(-0.0006490517938 0.02972463839 0)
(-0.003966731308 0.08214339646 0)
(-0.01035367557 0.1264101138 0)
(-0.01811306285 0.1623912656 0)
(-0.02605609268 0.1906082259 0)
(-0.03339011141 0.2119121012 0)
(-0.03956081695 0.2272915654 0)
(-0.04423514187 0.2377435839 0)
(-0.04726424659 0.244193377 0)
(-0.04863202925 0.2474548161 0)
(-0.04841043595 0.2482176831 0)
(-0.04672498902 0.2470505504 0)
(-0.04372948998 0.2444117484 0)
(-0.03958851866 0.2406636845 0)
(-0.03446610524 0.2360877234 0)
(-0.02851896689 0.2308981428 0)
(-0.02189295107 0.2252544918 0)
(-0.01472163043 0.2192721455 0)
(-0.007126266078 0.2130311013 0)
(0.0007834136723 0.2065831969 0)
(0.008907997975 0.199957949 0)
(0.01715698027 0.1931672302 0)
(0.02544734166 0.1862090263 0)
(0.03370218079 0.1790703412 0)
(0.04184944359 0.1717295389 0)
(0.04982081198 0.1641581294 0)
(0.05755071484 0.1563221505 0)
(0.06497547261 0.1481832092 0)
(0.07203256023 0.1396992442 0)
(0.07865997222 0.130825059 0)
(0.0847956752 0.1215126616 0)
(0.09037713379 0.111711438 0)
(0.09534089702 0.101368177 0)
(0.09962223542 0.09042696048 0)
(0.103154823 0.07882892186 0)
(0.1058704623 0.06651187207 0)
(0.1076988587 0.05340978334 0)
(0.1085674567 0.03945211366 0)
(0.1084013672 0.02456294731 0)
(0.1071234303 0.008659920522 0)
(0.104654492 -0.008347100377 0)
(0.1009140163 -0.02655760837 0)
(0.09582121784 -0.0460822842 0)
(0.08929700947 -0.06704498355 0)
(0.08126721927 -0.08958456658 0)
(0.07166773984 -0.1138559578 0)
(0.06045258289 -0.1400292191 0)
(0.04760618478 -0.1682844506 0)
(0.03316170153 -0.1987988402 0)
(0.01722728537 -0.2317200951 0)
(2.21300904e-05 -0.2671178882 0)
(-0.01807718827 -0.3049024265 0)
(-0.03648272211 -0.344698155 0)
(-0.05434219234 -0.3856634775 0)
(-0.07050517921 -0.4262583369 0)
(-0.08353879095 -0.463984042 0)
(-0.09183355088 -0.49515781 0)
(-0.09384213192 -0.5148308615 0)
(-0.08847619933 -0.516998136 0)
(-0.07562258418 -0.495239146 0)
(-0.05660294441 -0.4438157229 0)
(-0.03439599587 -0.3589917101 0)
(-0.01402976216 -0.2400298277 0)
(-0.002542705972 -0.08926531402 0)
(-0.0008410253486 0.03198711148 0)
(-0.004996711976 0.08783400305 0)
(-0.01280774595 0.1341386186 0)
(-0.02203764842 0.1708391007 0)
(-0.03117368999 0.1987192279 0)
(-0.03926977878 0.2189386095 0)
(-0.04571602726 0.2327714856 0)
(-0.05019128356 0.2414471461 0)
(-0.05259925953 0.2460623697 0)
(-0.05299446786 0.2475473111 0)
(-0.05152280813 0.246663535 0)
(-0.0483788077 0.2440183801 0)
(-0.04377634399 0.2400860273 0)
(-0.0379298649 0.2352298416 0)
(-0.03104333454 0.2297232054 0)
(-0.02330451923 0.2237676586 0)
(-0.01488277608 0.2175080572 0)
(-0.005929021174 0.2110449063 0)
(0.003423054715 0.204444202 0)
(0.01305512366 0.1977452286 0)
(0.02286209594 0.1909666261 0)
(0.0327499852 0.1841111183 0)
(0.0426338986 0.1771691772 0)
(0.0524362072 0.1701218168 0)
(0.06208492565 0.1629427519 0)
(0.07151231081 0.1556000251 0)
(0.08065365425 0.1480572277 0)
(0.08944625179 0.1402743977 0)
(0.09782852502 0.1322086591 0)
(0.1057392696 0.1238146495 0)
(0.1131170077 0.1150447738 0)
(0.1198994235 0.1058493065 0)
(0.1260228636 0.0961763613 0)
(0.1314218883 0.08597173483 0)
(0.1360288608 0.07517862644 0)
(0.1397735697 0.0637372263 0)
(0.1425828803 0.05158415583 0)
(0.1443804227 0.03865173378 0)
(0.1450863304 0.0248670287 0)
(0.1446170579 0.01015064579 0)
(0.1428853317 -0.005584818622 0)
(0.13980033 -0.02243672831 0)
(0.1352682159 -0.04051480714 0)
(0.1291932715 -0.0599440514 0)
(0.1214800238 -0.08086801038 0)
(0.1120369404 -0.1034521023 0)
(0.1007826249 -0.1278861247 0)
(0.08765589157 -0.1543842347 0)
(0.0726316774 -0.1831791968 0)
(0.05574536256 -0.2145053949 0)
(0.03712846642 -0.2485618513 0)
(0.01705828572 -0.285442533 0)
(-0.003978087921 -0.3250175895 0)
(-0.02521052716 -0.366748404 0)
(-0.0455184254 -0.4094261087 0)
(-0.06340019564 -0.4508433895 0)
(-0.07702863035 -0.4874518277 0)
(-0.08445486201 -0.514118057 0)
(-0.08402009151 -0.5241634556 0)
(-0.07497316654 -0.5099090804 0)
(-0.05813021037 -0.4638682644 0)
(-0.03635672071 -0.3804374782 0)
(-0.01520335853 -0.2574736303 0)
(-0.002835509507 -0.0968673468 0)
(-0.001108246494 0.03486749752 0)
(-0.006373328013 0.09490005766 0)
(-0.01599449251 0.1434800484 0)
(-0.02699906666 0.1807296171 0)
(-0.03746705236 0.2078546096 0)
(-0.04629301259 0.2264620543 0)
(-0.05283855339 0.2382102499 0)
(-0.05683405288 0.2446200583 0)
(-0.05827584058 0.2469884953 0)
(-0.05732301125 0.2463701516 0)
(-0.05422114885 0.2435944635 0)
(-0.04925160005 0.23929761 0)
(-0.04269955028 0.2339575448 0)
(-0.03483553842 0.2279265875 0)
(-0.02590612086 0.2214593315 0)
(-0.01613038293 0.2147354109 0)
(-0.005699961476 0.207877518 0)
(0.005218972194 0.2009653674 0)
(0.01648282264 0.194046398 0)
(0.02796733524 0.1871438734 0)
(0.03956438145 0.1802629861 0)
(0.05117900684 0.1733954398 0)
(0.06272677981 0.1665228737 0)
(0.07413148249 0.1596194066 0)
(0.08532313289 0.1526535267 0)
(0.0962363109 0.1455894787 0)
(0.1068087477 0.1383882703 0)
(0.1169801401 0.1310083853 0)
(0.1266911523 0.1234062684 0)
(0.135882568 0.115536628 0)
(0.1444945641 0.1073525882 0)
(0.1524660766 0.09880571479 0)
(0.1597342366 0.08984592521 0)
(0.166233856 0.08042128944 0)
(0.1718969488 0.07047771797 0)
(0.1766522732 0.05995852575 0)
(0.1804248908 0.04880385022 0)
(0.1831357356 0.0369498899 0)
(0.1847012022 0.02432791393 0)
(0.185032761 0.01086297497 0)
(0.1840366323 -0.003527766708 0)
(0.1816135977 -0.01893722395 0)
(0.177658994 -0.03547116117 0)
(0.1720630915 -0.05325177609 0)
(0.1647121746 -0.07242208003 0)
(0.1554907631 -0.09315103014 0)
(0.1442857978 -0.1156389777 0)
(0.1309940805 -0.1401222784 0)
(0.1155349524 -0.1668745862 0)
(0.09787110877 -0.196200073 0)
(0.07804142907 -0.2284102235 0)
(0.05621031591 -0.2637707508 0)
(0.03273727551 -0.3023990649 0)
(0.008266528465 -0.344087659 0)
(-0.01617249595 -0.3880292179 0)
(-0.03908192049 -0.4324340608 0)
(-0.05848187723 -0.4740688077 0)
(-0.07204745361 -0.5078218385 0)
(-0.07749601373 -0.5265009322 0)
(-0.07327982837 -0.521171324 0)
(-0.0594649968 -0.4823350647 0)
(-0.03857235582 -0.401979747 0)
(-0.01663609819 -0.2759129435 0)
(-0.003209665597 -0.1051777271 0)
(-0.001487263637 0.0385839331 0)
(-0.008227653936 0.1037476429 0)
(-0.02012858868 0.1548060855 0)
(-0.03321268323 0.1922727972 0)
(-0.0450628542 0.2180255273 0)
(-0.05443470625 0.234313864 0)
(-0.06071929456 0.2433038633 0)
(-0.06376370032 0.2468720597 0)
(-0.06371451956 0.2465385533 0)
(-0.06087946632 0.2434806757 0)
(-0.05563389739 0.2385817412 0)
(-0.04836438901 0.2324882479 0)
(-0.03943708013 0.2256632468 0)
(-0.02918216524 0.2184313106 0)
(-0.01788842976 0.2110143055 0)
(-0.005803574983 0.2035588466 0)
(0.006862416693 0.1961568848 0)
(0.01993258941 0.1888609101 0)
(0.03325797197 0.181695071 0)
(0.04671270661 0.1746632098 0)
(0.06018964082 0.16775469 0)
(0.07359647588 0.1609485739 0)
(0.08685247343 0.154216617 0)
(0.09988568664 0.1475254048 0)
(0.1126306558 0.1408378684 0)
(0.1250265022 0.1341143492 0)
(0.1370153544 0.1273133304 0)
(0.1485410466 0.1203919247 0)
(0.1595480368 0.1133061752 0)
(0.1699804976 0.1060112118 0)
(0.1797815422 0.09846129163 0)
(0.1888925501 0.09060973921 0)
(0.1972525669 0.08240879634 0)
(0.2047977528 0.07380938133 0)
(0.2114608622 0.06476075191 0)
(0.2171707361 0.05521005615 0)
(0.2218517977 0.04510174609 0)
(0.2254235391 0.03437681529 0)
(0.2277999958 0.02297180456 0)
(0.228889206 0.01081749814 0)
(0.2285926593 -0.002162798136 0)
(0.2268048111 -0.01605553942 0)
(0.2234126073 -0.03095992501 0)
(0.2182951912 -0.04699187977 0)
(0.2113240307 -0.06428916092 0)
(0.2023637259 -0.08301779304 0)
(0.1912741684 -0.1033797882 0)
(0.1779151403 -0.125621609 0)
(0.1621551699 -0.1500417834 0)
(0.1438875581 -0.1769940635 0)
(0.1230579461 -0.2068789784 0)
(0.09970940311 -0.2401109435 0)
(0.07405197433 -0.2770399956 0)
(0.04656215206 -0.317797701 0)
(0.01811080232 -0.3620296523 0)
(-0.009898407834 -0.4084817049 0)
(-0.03543099852 -0.4544358255 0)
(-0.0558560187 -0.4950686129 0)
(-0.06825270221 -0.522937745 0)
(-0.07012239929 -0.5279728381 0)
(-0.06047507481 -0.4984608148 0)
(-0.0411285995 -0.4233477103 0)
(-0.01845565312 -0.2954841956 0)
(-0.003712465865 -0.1143807236 0)
(-0.002039398483 0.04344696845 0)
(-0.01075516692 0.1148987441 0)
(-0.02548840415 0.1685228304 0)
(-0.04089730763 0.2056044415 0)
(-0.05399112354 0.2290815075 0)
(-0.06346115678 0.2421134292 0)
(-0.06883671876 0.2475203783 0)
(-0.0701828078 0.2475940315 0)
(-0.06787492809 0.2440845159 0)
(-0.06242264138 0.2382723415 0)
(-0.05436257731 0.2310651992 0)
(-0.04420196376 0.2230895844 0)
(-0.03239250127 0.2147667644 0)
(-0.01932196905 0.2063715913 0)
(-0.005315588516 0.1980761589 0)
(0.009357863713 0.1899813351 0)
(0.02447813092 0.1821391189 0)
(0.0398653343 0.1745682938 0)
(0.0553724037 0.1672652665 0)
(0.07087842043 0.160211527 0)
(0.08628295668 0.1533787528 0)
(0.1015013637 0.1467322718 0)
(0.1164609033 0.1402333989 0)
(0.1310976006 0.1338409963 0)
(0.1453536967 0.1275125007 0)
(0.1591755909 0.121204581 0)
(0.172512176 0.1148735416 0)
(0.185313486 0.1084755444 0)
(0.1975295877 0.1019667016 0)
(0.2091096609 0.095303071 0)
(0.2200012203 0.08844057399 0)
(0.2301494426 0.08133484741 0)
(0.2394965658 0.07394103152 0)
(0.247981335 0.06621349121 0)
(0.2555384739 0.05810545996 0)
(0.2620981611 0.04956858811 0)
(0.2675854958 0.04055236753 0)
(0.2719199391 0.03100339113 0)
(0.2750147155 0.02086438852 0)
(0.2767761629 0.01007295445 0)
(0.2771030125 -0.001440144723 0)
(0.2758856714 -0.0137532309 0)
(0.2730053584 -0.02695676576 0)
(0.268333245 -0.04115745493 0)
(0.2617297453 -0.05648371591 0)
(0.2530440377 -0.07309287351 0)
(0.2421142988 -0.09118038358 0)
(0.2287694539 -0.1109911254 0)
(0.2128339255 -0.1328321089 0)
(0.1941379887 -0.1570843917 0)
(0.1725380802 -0.1842089252 0)
(0.147953802 -0.2147354726 0)
(0.1204310448 -0.2492146312 0)
(0.09024224732 -0.2880999087 0)
(0.05803205877 -0.3315117064 0)
(0.0250038477 -0.3788255669 0)
(-0.00688850329 -0.4280400661 0)
(-0.0348366955 -0.4749398951 0)
(-0.05533496603 -0.5122183124 0)
(-0.06481578998 -0.5289634294 0)
(-0.06087636414 -0.5111821385 0)
(-0.04410222345 -0.4440998329 0)
(-0.02085741906 -0.3163577459 0)
(-0.004426840909 -0.1247616266 0)
(-0.002872228314 0.04991420872 0)
(-0.01425439169 0.1290190316 0)
(-0.03242241208 0.1850224798 0)
(-0.05021231479 0.2206773395 0)
(-0.06404563068 0.2405759226 0)
(-0.07272737553 0.2491371667 0)
(-0.07611274697 0.2499898265 0)
(-0.07463211816 0.2458755917 0)
(-0.06898893077 0.23874878 0)
(-0.05995119165 0.2299441484 0)
(-0.04824229717 0.2203420922 0)
(-0.03449547019 0.2105037984 0)
(-0.01924157816 0.2007726626 0)
(-0.002913619067 0.1913467775 0)
(0.01414143265 0.1823290994 0)
(0.03164858978 0.1737613987 0)
(0.04939121897 0.1656468568 0)
(0.06719893026 0.1579648954 0)
(0.08493733915 0.1506807895 0)
(0.1024996635 0.1437518159 0)
(0.1197999552 0.1371311271 0)
(0.136767714 0.1307701406 0)
(0.1533436313 0.1246199713 0)
(0.1694762396 0.1186322496 0)
(0.1851192788 0.1127595508 0)
(0.2002296217 0.1069555773 0)
(0.214765634 0.1011751873 0)
(0.2286858677 0.09537432654 0)
(0.2419480087 0.08950989732 0)
(0.2545080153 0.08353958549 0)
(0.2663193959 0.07742165431 0)
(0.2773325884 0.07111470802 0)
(0.2874944048 0.06457742203 0)
(0.2967475168 0.05776823121 0)
(0.3050299571 0.05064496239 0)
(0.3122746176 0.04316439059 0)
(0.3184087237 0.03528168883 0)
(0.3233532676 0.02694973001 0)
(0.3270223807 0.01811818164 0)
(0.3293226188 0.008732308974 0)
(0.3301521439 -0.001268628915 0)
(0.3293998164 -0.01195350402 0)
(0.3269440353 -0.0234023166 0)
(0.3226514428 -0.03571017899 0)
(0.3163754932 -0.04899279839 0)
(0.3079548675 -0.063393902 0)
(0.2972119784 -0.07909516404 0)
(0.2839520461 -0.09632916308 0)
(0.2679637651 -0.1153955808 0)
(0.2490235967 -0.1366798952 0)
(0.2269074705 -0.1606715517 0)
(0.2014164932 -0.18797387 0)
(0.1724272961 -0.2192890983 0)
(0.1399823089 -0.2553471555 0)
(0.1044380533 -0.2967249758 0)
(0.06668446368 -0.3434788296 0)
(0.02842405565 -0.3944989573 0)
(-0.007560532177 -0.4465268716 0)
(-0.03733526498 -0.4929052709 0)
(-0.05623604011 -0.5224128757 0)
(-0.0600827227 -0.518971461 0)
(-0.04749678942 -0.4634776491 0)
(-0.02413260328 -0.3387100796 0)
(-0.005500206556 -0.1367731226 0)
(-0.004180894509 0.05868779768 0)
(-0.01918599156 0.1469347145 0)
(-0.04132275083 0.2045600555 0)
(-0.06109455763 0.2370541825 0)
(-0.07449469759 0.2515440728 0)
(-0.08080280965 0.2541269374 0)
(-0.0804985331 0.2493626985 0)
(-0.07457340831 0.2404159626 0)
(-0.06416616597 0.2293606732 0)
(-0.05034693804 0.2174928245 0)
(-0.03403000881 0.2055850604 0)
(-0.01595739196 0.1940712692 0)
(0.003287544459 0.1831725371 0)
(0.02325572137 0.172980049 0)
(0.04360628255 0.1635081631 0)
(0.06408290728 0.1547276669 0)
(0.08449390187 0.1465861845 0)
(0.1046961754 0.139020424 0)
(0.1245826701 0.1319633189 0)
(0.1440726551 0.1253480247 0)
(0.1631043044 0.1191100102 0)
(0.1816290505 0.1131880165 0)
(0.1996073005 0.1075243626 0)
(0.2170051835 0.1020648879 0)
(0.2337920783 0.09675870657 0)
(0.2499387237 0.09155787388 0)
(0.2654157664 0.08641702308 0)
(0.2801926322 0.08129300125 0)
(0.2942366361 0.07614451812 0)
(0.3075122673 0.07093181106 0)
(0.3199805956 0.0656163234 0)
(0.331598764 0.06016038943 0)
(0.3423195326 0.05452691605 0)
(0.3520908499 0.04867904778 0)
(0.3608554276 0.04257979825 0)
(0.3685503008 0.03619162563 0)
(0.3751063507 0.02947592189 0)
(0.3804477712 0.02239237526 0)
(0.3844914535 0.01489815004 0)
(0.3871462527 0.006946800627 0)
(0.3883121453 -0.001513198844 0)
(0.3878791719 -0.01054034103 0)
(0.3857260706 -0.0202029096 0)
(0.3817186821 -0.03058266079 0)
(0.3757079305 -0.04178000151 0)
(0.3675273362 -0.05392115727 0)
(0.3569900621 -0.06716803627 0)
(0.3438856364 -0.08173165972 0)
(0.3279768583 -0.09789005634 0)
(0.308998153 -0.1160111725 0)
(0.2866581475 -0.136580079 0)
(0.2606519884 -0.1602264726 0)
(0.2306935834 -0.1877412313 0)
(0.1965849229 -0.2200565865 0)
(0.1583480828 -0.2581397199 0)
(0.1164511828 -0.3027126343 0)
(0.0721504669 -0.3536688583 0)
(0.02791955913 -0.4090386807 0)
(-0.01218451912 -0.4634290775 0)
(-0.04254388339 -0.5061326396 0)
(-0.05692654804 -0.5196137944 0)
(-0.05107899639 -0.4801405213 0)
(-0.02868395598 -0.362627088 0)
(-0.007191882862 -0.1511449652 0)
(-0.006323210429 0.07088578024 0)
(-0.02624601389 0.169594463 0)
(-0.05248564275 0.2269670703 0)
(-0.07285595161 0.2535255475 0)
(-0.08348730852 0.2601523898 0)
(-0.08478780062 0.2550312904 0)
(-0.07828650437 0.2436555257 0)
(-0.0657536268 0.2294605818 0)
(-0.04884054166 0.2144617913 0)
(-0.02891486527 0.1997647589 0)
(-0.007037189758 0.1859224753 0)
(0.01600039673 0.1731658838 0)
(0.0396210999 0.1615460563 0)
(0.06341284048 0.1510192388 0)
(0.08708574055 0.1414962222 0)
(0.1104386971 0.1328700869 0)
(0.1333340585 0.125031138 0)
(0.1556788657 0.1178744182 0)
(0.1774111383 0.1113030237 0)
(0.1984899237 0.1052291245 0)
(0.2188881071 0.09957379339 0)
(0.2385872224 0.0942662704 0)
(0.2575737042 0.08924300983 0)
(0.2758361765 0.08444669362 0)
(0.2933634816 0.07982530155 0)
(0.3101432412 0.07533127658 0)
(0.3261607947 0.07092079492 0)
(0.3413984078 0.06655313594 0)
(0.3558346698 0.06219013964 0)
(0.3694440221 0.05779573681 0)
(0.3821963743 0.05333553569 0)
(0.3940567732 0.04877644909 0)
(0.4049851018 0.04408634523 0)
(0.4149357827 0.03923370507 0)
(0.4238574702 0.03418726662 0)
(0.4316927105 0.02891563311 0)
(0.4383775523 0.02338681611 0)
(0.4438410867 0.01756767606 0)
(0.4480048837 0.0114232105 0)
(0.4507822759 0.004915606092 0)
(0.4520775853 -0.001997086564 0)
(0.4517849543 -0.009362448679 0)
(0.4497868414 -0.01723630967 0)
(0.4459522763 -0.02568596265 0)
(0.4401344088 -0.03479476705 0)
(0.4321673413 -0.04466864362 0)
(0.4218620388 -0.05544519693 0)
(0.4090011449 -0.06730650723 0)
(0.3933326974 -0.08049692429 0)
(0.3745631752 -0.0953473729 0)
(0.3523513461 -0.1123073989 0)
(0.3263065978 -0.1319846193 0)
(0.2959997954 -0.155186643 0)
(0.2610025307 -0.1829495478 0)
(0.2209831071 -0.2165140396 0)
(0.1759041686 -0.2571680921 0)
(0.1263795411 -0.3058085878 0)
(0.07422555962 -0.3619963468 0)
(0.02313463009 -0.4222467907 0)
(-0.02075377595 -0.4774562568 0)
(-0.04915500188 -0.5099315331 0)
(-0.05399588682 -0.4917138796 0)
(-0.03495915617 -0.3878326188 0)
(-0.009931593929 -0.1690269571 0)
(-0.009927349839 0.08831198034 0)
(-0.03637290845 0.1978453276 0)
(-0.06561796479 0.2510412154 0)
(-0.08321716915 0.2674620269 0)
(-0.08685218009 0.2632116323 0)
(-0.07909746522 0.2487332945 0)
(-0.06301669424 0.230168731 0)
(-0.04129830126 0.2108564785 0)
(-0.01606585165 0.192446693 0)
(0.01113168094 0.1756410715 0)
(0.03922045209 0.1606398034 0)
(0.06748084759 0.1473952146 0)
(0.09544489763 0.1357500871 0)
(0.1228183089 0.1255101017 0)
(0.1494239078 0.1164797009 0)
(0.1751619434 0.108478189 0)
(0.199982787 0.1013455434 0)
(0.2238683878 0.09494312443 0)
(0.2468197766 0.08915206371 0)
(0.2688486881 0.0838707766 0)
(0.2899719686 0.07901232041 0)
(0.310207854 0.07450192944 0)
(0.3295735028 0.07027485548 0)
(0.3480833657 0.06627454141 0)
(0.3657481155 0.06245110757 0)
(0.3825739468 0.05876011224 0)
(0.3985621205 0.05516154214 0)
(0.4137086669 0.05161899102 0)
(0.4280041892 0.04809898872 0)
(0.4414337259 0.04457044821 0)
(0.4539766444 0.04100420258 0)
(0.4656065443 0.03737260794 0)
(0.4762911538 0.03364919064 0)
(0.4859922054 0.02980831859 0)
(0.4946652773 0.02582487629 0)
(0.5022595875 0.02167392108 0)
(0.5087177231 0.01733029455 0)
(0.5139752879 0.01276815762 0)
(0.5179604236 0.007960405219 0)
(0.5205931123 0.002877878606 0)
(0.5217846448 -0.002511807593 0)
(0.5214363245 -0.008245260771 0)
(0.519437854 -0.0143656973 0)
(0.5156656575 -0.02092554521 0)
(0.5099801509 -0.02799028361 0)
(0.5022221337 -0.03564393804 0)
(0.4922079346 -0.0439969111 0)
(0.4797228682 -0.05319719776 0)
(0.4645125482 -0.06344647062 0)
(0.4462717051 -0.07502305131 0)
(0.4246306103 -0.08831428515 0)
(0.3991405345 -0.1038608636 0)
(0.3692628444 -0.1224140312 0)
(0.3343731639 -0.1450006264 0)
(0.2938053425 -0.1729747228 0)
(0.2469833985 -0.2079973744 0)
(0.193723617 -0.2518113071 0)
(0.1348148296 -0.3055509479 0)
(0.07294867154 -0.3681651218 0)
(0.01390859489 -0.4334488157 0)
(-0.03254918578 -0.4855679921 0)
(-0.05391238301 -0.4940983986 0)
(-0.04306093976 -0.4130334992 0)
(-0.01430465469 -0.1920897713 0)
(-0.01590948314 0.1138842801 0)
(-0.05028388173 0.2316475591 0)
(-0.07827211115 0.2732687796 0)
(-0.0860460796 0.273793484 0)
(-0.07576080309 0.2556400929 0)
(-0.05342840679 0.2309479946 0)
(-0.02389530895 0.2056808116 0)
(0.009408905615 0.1824087414 0)
(0.04420128338 0.1619830644 0)
(0.07906378362 0.144460704 0)
(0.1131688017 0.1295731937 0)
(0.1460665693 0.1169505434 0)
(0.1775407272 0.1062216978 0)
(0.2075146405 0.09705434993 0)
(0.2359919972 0.08916617672 0)
(0.2630199725 0.08232355839 0)
(0.2886668348 0.07633557387 0)
(0.3130085875 0.07104685692 0)
(0.3361211829 0.06633083766 0)
(0.3580761309 0.06208391658 0)
(0.3789381527 0.05822067246 0)
(0.3987640459 0.05467002148 0)
(0.4176022519 0.05137218326 0)
(0.4354928184 0.04827630323 0)
(0.4524675704 0.04533859599 0)
(0.4685503811 0.04252089651 0)
(0.4837574762 0.0397895276 0)
(0.4980977373 0.03711441088 0)
(0.5115729819 0.03446836445 0)
(0.5241782084 0.0318265423 0)
(0.5359018016 0.02916598024 0)
(0.5467256932 0.02646521962 0)
(0.5566254756 0.02370398546 0)
(0.5655704639 0.0208628981 0)
(0.5735237019 0.01792319908 0)
(0.580441903 0.01486647094 0)
(0.5862753168 0.01167432984 0)
(0.5909675042 0.00832806524 0)
(0.5944549658 0.004808174648 0)
(0.5966664533 0.001093752759 0)
(0.5975228428 -0.002838132391 0)
(0.5969356818 -0.007013858432 0)
(0.5948055374 -0.01146448866 0)
(0.5910205758 -0.01622792622 0)
(0.5854537149 -0.02135192582 0)
(0.5779588562 -0.0268983571 0)
(0.5683656878 -0.03294935372 0)
(0.5564724201 -0.03961626299 0)
(0.5420356761 -0.04705276732 0)
(0.5247565499 -0.05547422889 0)
(0.5042617404 -0.06518624478 0)
(0.480078961 -0.07662652799 0)
(0.4516072599 -0.09042512566 0)
(0.4180870757 -0.1074872108 0)
(0.378585172 -0.1290962132 0)
(0.3320325432 -0.1570128921 0)
(0.2773984464 -0.1934862496 0)
(0.2141532995 -0.2409557565 0)
(0.1432464553 -0.3009625406 0)
(0.06883132465 -0.3713965163 0)
(0.0005864401197 -0.4409468225 0)
(-0.04516075956 -0.4804844203 0)
(-0.05142903927 -0.4345938524 0)
(-0.02064830735 -0.2226880546 0)
(-0.02484125584 0.1526747662 0)
(-0.06617006977 0.2676960654 0)
(-0.08126637856 0.2848749951 0)
(-0.06630908689 0.2632154171 0)
(-0.03252114902 0.2299261591 0)
(0.01022997351 0.1965071972 0)
(0.05605579078 0.1671312232 0)
(0.1016711277 0.1426818394 0)
(0.1453902586 0.1227813118 0)
(0.1864812221 0.1066929657 0)
(0.2247353973 0.09366709271 0)
(0.2602098761 0.08305458523 0)
(0.2930842597 0.07433024207 0)
(0.3235834936 0.06708251942 0)
(0.3519379095 0.06099344568 0)
(0.37836402 0.05581833228 0)
(0.4030565028 0.05136850974 0)
(0.4261859549 0.04749764976 0)
(0.4478994563 0.04409129682 0)
(0.4683223604 0.04105899534 0)
(0.4875604916 0.03832841682 0)
(0.505702343 0.03584099 0)
(0.5228210928 0.03354864628 0)
(0.5389763712 0.03141138857 0)
(0.5542157713 0.02939546738 0)
(0.5685761193 0.02747200502 0)
(0.5820845335 0.02561595164 0)
(0.5947593018 0.0238052873 0)
(0.6066106045 0.0220204068 0)
(0.6176411069 0.0202436404 0)
(0.6278464417 0.01845887472 0)
(0.6372155953 0.01665124656 0)
(0.6457312113 0.01480688806 0)
(0.6533698154 0.01291270478 0)
(0.660101967 0.01095617061 0)
(0.6658923337 0.008925124313 0)
(0.6706996866 0.006807551983 0)
(0.6744767833 0.004591331996 0)
(0.6771701098 0.002263885335 0)
(0.6787195881 -0.0001881637255 0)
(0.6790580209 -0.002779167087 0)
(0.6781099891 -0.005526307584 0)
(0.6757908637 -0.008449612048 0)
(0.6720049639 -0.01157364521 0)
(0.6666430188 -0.01492965488 0)
(0.659578604 -0.01855851542 0)
(0.6506630602 -0.02251501072 0)
(0.6397182388 -0.02687414067 0)
(0.6265261203 -0.03174051017 0)
(0.6108139333 -0.03726248654 0)
(0.5922328543 -0.04365379677 0)
(0.5703277553 -0.05122675902 0)
(0.5444950898 -0.06044357402 0)
(0.5139267761 -0.07199496779 0)
(0.4775423262 -0.08691782576 0)
(0.4339258798 -0.1067604256 0)
(0.381322428 -0.1337796501 0)
(0.3178287791 -0.1710659081 0)
(0.2420872281 -0.2222359753 0)
(0.1551006967 -0.2897104476 0)
(0.06371292486 -0.3695029894 0)
(-0.01523337373 -0.4400044418 0)
(-0.05366242944 -0.4440074399 0)
(-0.02750278832 -0.2643706468 0)
(-0.0331446689 0.2117594763 0)
(-0.07132576032 0.2930930104 0)
(-0.04670065272 0.2668131025 0)
(0.01000887683 0.2206544696 0)
(0.07585009751 0.1769546113 0)
(0.1408543072 0.1411320719 0)
(0.2010462577 0.1134955997 0)
(0.2551480504 0.09262457207 0)
(0.3032073192 0.07687850502 0)
(0.3458159217 0.06489997881 0)
(0.3837054683 0.05567064142 0)
(0.41757989 0.04845141552 0)
(0.4480579202 0.04271274578 0)
(0.4756605792 0.03807617163 0)
(0.5008171533 0.0342699143 0)
(0.5238777804 0.03109693711 0)
(0.5451269924 0.02841263615 0)
(0.5647959188 0.02610941688 0)
(0.5830725029 0.02410603421 0)
(0.6001097514 0.02234019192 0)
(0.6160322736 0.02076336756 0)
(0.6309414163 0.01933716106 0)
(0.6449192811 0.01803069316 0)
(0.6580318691 0.01681873322 0)
(0.6703315463 0.01568033858 0)
(0.681858986 0.01459785609 0)
(0.6926447047 0.01355618246 0)
(0.7027102838 0.01254221096 0)
(0.7120693455 0.01154441333 0)
(0.7207283362 0.01055251996 0)
(0.7286871568 0.009557271725 0)
(0.7359396688 0.008550223257 0)
(0.7424740988 0.007523582432 0)
(0.7482733532 0.006470073468 0)
(0.7533152555 0.005382812816 0)
(0.7575727072 0.004255188891 0)
(0.7610137684 0.003080735097 0)
(0.7636016122 0.00185297116 0)
(0.7652944698 0.0005651650867 0)
(0.7660456034 -0.0007895211126 0)
(0.7658022564 -0.002218915279 0)
(0.764505199 -0.003732063629 0)
(0.7620883239 -0.005339677103 0)
(0.7584765712 -0.007055030461 0)
(0.7535838871 -0.008895170564 0)
(0.747310205 -0.01088261196 0)
(0.739537011 -0.01304780745 0)
(0.7301209222 -0.01543280196 0)
(0.7188843486 -0.01809672177 0)
(0.7056017984 -0.02112417325 0)
(0.6899796283 -0.02463834367 0)
(0.6716258815 -0.02882183846 0)
(0.6500051713 -0.03395045171 0)
(0.6243713559 -0.04044882865 0)
(0.5936686567 -0.04898337989 0)
(0.556393042 -0.06061786916 0)
(0.5104185206 -0.07706916007 0)
(0.4528376536 -0.1010977186 0)
(0.3800444497 -0.1369663556 0)
(0.2888253643 -0.1904011243 0)
(0.1794773694 -0.2659874684 0)
(0.0614541574 -0.357480082 0)
(-0.03144554518 -0.4225170533 0)
(-0.02618200731 -0.3157951869 0)
(-0.007224700423 0.2686118568 0)
(-0.007379424524 0.2715486802 0)
(0.09967935745 0.1954154371 0)
(0.2106995631 0.137530614 0)
(0.3028686455 0.09790182101 0)
(0.3780218204 0.07092709094 0)
(0.4393816391 0.05278438135 0)
(0.4896491773 0.04054742573 0)
(0.5312572026 0.03213408963 0)
(0.5662065521 0.02619638492 0)
(0.5960172419 0.02188824036 0)
(0.621816359 0.0186754414 0)
(0.6444404318 0.01621572398 0)
(0.6645141158 0.01428605575 0)
(0.6825076097 0.01273810775 0)
(0.6987784393 0.01147094055 0)
(0.713601467 0.0104142167 0)
(0.7271902599 0.009517768629 0)
(0.7397123342 0.00874500213 0)
(0.75130011 0.008068643151 0)
(0.7620588564 0.007467940498 0)
(0.7720725087 0.006926790028 0)
(0.7814079727 0.006432453309 0)
(0.7901183428 0.005974667333 0)
(0.7982453338 0.005545016278 0)
(0.8058211371 0.005136481939 0)
(0.8128698534 0.0047431178 0)
(0.8194086083 0.004359809865 0)
(0.8254484309 0.003982098964 0)
(0.8309949513 0.003606046981 0)
(0.836048958 0.003228134511 0)
(0.8406068475 0.002845180832 0)
(0.8446609849 0.002454279341 0)
(0.8481999925 0.002052742978 0)
(0.8512089743 0.001638055013 0)
(0.8536696828 0.001207820119 0)
(0.8555606103 0.0007597121218 0)
(0.8568569392 0.0002914415459 0)
(0.8575309362 -0.0001991459815 0)
(0.8575513331 -0.0007147560089 0)
(0.856882832 -0.001258328637 0)
(0.8554862682 -0.001832922684 0)
(0.853317791 -0.002442431071 0)
(0.8503276257 -0.003091800049 0)
(0.846458595 -0.003787455691 0)
(0.8416439437 -0.004537985223 0)
(0.8358041304 -0.005355124504 0)
(0.8288421515 -0.006255211571 0)
(0.8206366876 -0.00726137628 0)
(0.8110319416 -0.008406915191 0)
(0.7998223627 -0.009740626581 0)
(0.786729303 -0.01133548437 0)
(0.7713647058 -0.01330318621 0)
(0.7531735485 -0.01581941665 0)
(0.7313409905 -0.01916945837 0)
(0.7046408102 -0.02383415912 0)
(0.671186745 -0.03065940757 0)
(0.6280263162 -0.04120123339 0)
(0.5705675168 -0.05841691469 0)
(0.4921914398 -0.08788395306 0)
(0.3841720771 -0.1391337651 0)
(0.2365662669 -0.2235730876 0)
(0.0699279573 -0.3324005901 0)
(0.02501739699 -0.3290642984 0)
(0.28361595 0.1463381239 0)
(0.3687185424 0.1254145884 0)
(0.525863377 0.07647727182 0)
(0.6393031102 0.04576412893 0)
(0.7088861982 0.02803211005 0)
(0.7548183828 0.01763016832 0)
(0.7874464518 0.01154145991 0)
(0.811589522 0.007963013814 0)
(0.8301202938 0.00580571144 0)
(0.8448724584 0.004452113254 0)
(0.8569922396 0.003563022264 0)
(0.8672060107 0.002951001229 0)
(0.8759922234 0.002510364486 0)
(0.8836775094 0.002180002328 0)
(0.8904914778 0.001923460764 0)
(0.8965998286 0.001718179163 0)
(0.9021249757 0.001549636925 0)
(0.9071591561 0.001408120402 0)
(0.9117729824 0.001286891645 0)
(0.9160211789 0.001181119059 0)
(0.9199465245 0.00108723232 0)
(0.9235826227 0.001002520365 0)
(0.9269558844 0.0009248729997 0)
(0.9300869727 0.0008526101075 0)
(0.9329918725 0.0007843659642 0)
(0.9356826947 0.0007190092104 0)
(0.9381682889 0.0006555864654 0)
(0.9404547176 0.0005932819442 0)
(0.9425456272 0.000531388082 0)
(0.9444425425 0.0004692838149 0)
(0.9461451036 0.000406418203 0)
(0.9476512574 0.0003422977412 0)
(0.9489574134 0.0002764761081 0)
(0.9500585702 0.0002085453227 0)
(0.9509484165 0.0001381273031 0)
(0.9516194073 6.486418755e-05 0)
(0.9520628295 -1.159317095e-05 0)
(0.9522689149 -9.156319535e-05 0)
(0.9522264942 -0.0001751278879 0)
(0.9519232588 -0.0002630580057 0)
(0.9513458126 -0.0003557182392 0)
(0.9504790355 -0.0004535120825 0)
(0.9493060821 -0.0005570582375 0)
(0.9478079071 -0.0006671843051 0)
(0.9459626054 -0.0007849897344 0)
(0.9437444925 -0.000911974547 0)
(0.9411227614 -0.001050223344 0)
(0.9380595249 -0.001202672264 0)
(0.9345069497 -0.001373509978 0)
(0.9304030076 -0.001568796955 0)
(0.9256650712 -0.001797452197 0)
(0.9201800514 -0.002072884786 0)
(0.9137888028 -0.002415811909 0)
(0.9062606517 -0.002859386257 0)
(0.8972501139 -0.003459118357 0)
(0.8862198012 -0.004313503882 0)
(0.8722945005 -0.005610444512 0)
(0.8539621124 -0.007738720193 0)
(0.8284497532 -0.0115606761 0)
(0.7905066799 -0.01906413154 0)
(0.728937166 -0.03479376803 0)
(0.6160985688 -0.06801343481 0)
(0.4316482723 -0.1277645938 0)
(0.3114748608 -0.1559276279 0)
)
;

boundaryField
{
    movingWall
    {
        type            fixedValue;
        value           uniform (1 0 0);
    }
    fixedWalls
    {
        type            noSlip;
    }
    frontAndBack
    {
        type            empty;
    }
}


// ************************************************************************* //
