/*--------------------------------*- C++ -*----------------------------------*\
  =========                 |
  \\      /  F ield         | OpenFOAM: The Open Source CFD Toolbox
   \\    /   O peration     | Website:  https://openfoam.org
    \\  /    A nd           | Version:  11
     \\/     M anipulation  |
\*---------------------------------------------------------------------------*/
FoamFile
{
    format      ascii;
    class       vectorField;
    location    "constant/polyMesh";
    object      points;
}
// * * * * * * * * * * * * * * * * * * * * * * * * * * * * * * * * * * * * * //


29402
(
(-0.2 0 0)
(-0.195 0 0)
(-0.19 0 0)
(-0.185 0 0)
(-0.18 0 0)
(-0.175 0 0)
(-0.17 0 0)
(-0.165 0 0)
(-0.16 0 0)
(-0.155 0 0)
(-0.15 0 0)
(-0.145 0 0)
(-0.14 0 0)
(-0.135 0 0)
(-0.13 0 0)
(-0.125 0 0)
(-0.12 0 0)
(-0.115 0 0)
(-0.11 0 0)
(-0.105 0 0)
(-0.1 0 0)
(-0.095 0 0)
(-0.09 0 0)
(-0.085 0 0)
(-0.08 0 0)
(-0.075 0 0)
(-0.07 0 0)
(-0.065 0 0)
(-0.06 0 0)
(-0.055 0 0)
(-0.05 0 0)
(-0.045 0 0)
(-0.04 0 0)
(-0.035 0 0)
(-0.03 0 0)
(-0.025 0 0)
(-0.02 0 0)
(-0.015 0 0)
(-0.01 0 0)
(-0.005 0 0)
(0 0 0)
(-0.2 0.0002615149745 0)
(-0.195 0.0002615149745 0)
(-0.19 0.0002615149745 0)
(-0.185 0.0002615149745 0)
(-0.18 0.0002615149745 0)
(-0.175 0.0002615149745 0)
(-0.17 0.0002615149745 0)
(-0.165 0.0002615149745 0)
(-0.16 0.0002615149745 0)
(-0.155 0.0002615149745 0)
(-0.15 0.0002615149745 0)
(-0.145 0.0002615149745 0)
(-0.14 0.0002615149745 0)
(-0.135 0.0002615149745 0)
(-0.13 0.0002615149745 0)
(-0.125 0.0002615149745 0)
(-0.12 0.0002615149745 0)
(-0.115 0.0002615149745 0)
(-0.11 0.0002615149745 0)
(-0.105 0.0002615149745 0)
(-0.1 0.0002615149745 0)
(-0.095 0.0002615149745 0)
(-0.09 0.0002615149745 0)
(-0.085 0.0002615149745 0)
(-0.08 0.0002615149745 0)
(-0.075 0.0002615149745 0)
(-0.07 0.0002615149745 0)
(-0.065 0.0002615149745 0)
(-0.06 0.0002615149745 0)
(-0.055 0.0002615149745 0)
(-0.05 0.0002615149745 0)
(-0.045 0.0002615149745 0)
(-0.04 0.0002615149745 0)
(-0.035 0.0002615149745 0)
(-0.03 0.0002615149745 0)
(-0.025 0.0002615149745 0)
(-0.02 0.0002615149745 0)
(-0.015 0.0002615149745 0)
(-0.01 0.0002615149745 0)
(-0.005 0.0002615149745 0)
(0 0.0002615149745 0)
(-0.2 0.0005409576069 0)
(-0.195 0.0005409576069 0)
(-0.19 0.0005409576069 0)
(-0.185 0.0005409576069 0)
(-0.18 0.0005409576069 0)
(-0.175 0.0005409576069 0)
(-0.17 0.0005409576069 0)
(-0.165 0.0005409576069 0)
(-0.16 0.0005409576069 0)
(-0.155 0.0005409576069 0)
(-0.15 0.0005409576069 0)
(-0.145 0.0005409576069 0)
(-0.14 0.0005409576069 0)
(-0.135 0.0005409576069 0)
(-0.13 0.0005409576069 0)
(-0.125 0.0005409576069 0)
(-0.12 0.0005409576069 0)
(-0.115 0.0005409576069 0)
(-0.11 0.0005409576069 0)
(-0.105 0.0005409576069 0)
(-0.1 0.0005409576069 0)
(-0.095 0.0005409576069 0)
(-0.09 0.0005409576069 0)
(-0.085 0.0005409576069 0)
(-0.08 0.0005409576069 0)
(-0.075 0.0005409576069 0)
(-0.07 0.0005409576069 0)
(-0.065 0.0005409576069 0)
(-0.06 0.0005409576069 0)
(-0.055 0.0005409576069 0)
(-0.05 0.0005409576069 0)
(-0.045 0.0005409576069 0)
(-0.04 0.0005409576069 0)
(-0.035 0.0005409576069 0)
(-0.03 0.0005409576069 0)
(-0.025 0.0005409576069 0)
(-0.02 0.0005409576069 0)
(-0.015 0.0005409576069 0)
(-0.01 0.0005409576069 0)
(-0.005 0.0005409576069 0)
(0 0.0005409576069 0)
(-0.2 0.0008395568933 0)
(-0.195 0.0008395568933 0)
(-0.19 0.0008395568933 0)
(-0.185 0.0008395568933 0)
(-0.18 0.0008395568933 0)
(-0.175 0.0008395568933 0)
(-0.17 0.0008395568933 0)
(-0.165 0.0008395568933 0)
(-0.16 0.0008395568933 0)
(-0.155 0.0008395568933 0)
(-0.15 0.0008395568933 0)
(-0.145 0.0008395568933 0)
(-0.14 0.0008395568933 0)
(-0.135 0.0008395568933 0)
(-0.13 0.0008395568933 0)
(-0.125 0.0008395568933 0)
(-0.12 0.0008395568933 0)
(-0.115 0.0008395568933 0)
(-0.11 0.0008395568933 0)
(-0.105 0.0008395568933 0)
(-0.1 0.0008395568933 0)
(-0.095 0.0008395568933 0)
(-0.09 0.0008395568933 0)
(-0.085 0.0008395568933 0)
(-0.08 0.0008395568933 0)
(-0.075 0.0008395568933 0)
(-0.07 0.0008395568933 0)
(-0.065 0.0008395568933 0)
(-0.06 0.0008395568933 0)
(-0.055 0.0008395568933 0)
(-0.05 0.0008395568933 0)
(-0.045 0.0008395568933 0)
(-0.04 0.0008395568933 0)
(-0.035 0.0008395568933 0)
(-0.03 0.0008395568933 0)
(-0.025 0.0008395568933 0)
(-0.02 0.0008395568933 0)
(-0.015 0.0008395568933 0)
(-0.01 0.0008395568933 0)
(-0.005 0.0008395568933 0)
(0 0.0008395568933 0)
(-0.2 0.001158626081 0)
(-0.195 0.001158626081 0)
(-0.19 0.001158626081 0)
(-0.185 0.001158626081 0)
(-0.18 0.001158626081 0)
(-0.175 0.001158626081 0)
(-0.17 0.001158626081 0)
(-0.165 0.001158626081 0)
(-0.16 0.001158626081 0)
(-0.155 0.001158626081 0)
(-0.15 0.001158626081 0)
(-0.145 0.001158626081 0)
(-0.14 0.001158626081 0)
(-0.135 0.001158626081 0)
(-0.13 0.001158626081 0)
(-0.125 0.001158626081 0)
(-0.12 0.001158626081 0)
(-0.115 0.001158626081 0)
(-0.11 0.001158626081 0)
(-0.105 0.001158626081 0)
(-0.1 0.001158626081 0)
(-0.095 0.001158626081 0)
(-0.09 0.001158626081 0)
(-0.085 0.001158626081 0)
(-0.08 0.001158626081 0)
(-0.075 0.001158626081 0)
(-0.07 0.001158626081 0)
(-0.065 0.001158626081 0)
(-0.06 0.001158626081 0)
(-0.055 0.001158626081 0)
(-0.05 0.001158626081 0)
(-0.045 0.001158626081 0)
(-0.04 0.001158626081 0)
(-0.035 0.001158626081 0)
(-0.03 0.001158626081 0)
(-0.025 0.001158626081 0)
(-0.02 0.001158626081 0)
(-0.015 0.001158626081 0)
(-0.01 0.001158626081 0)
(-0.005 0.001158626081 0)
(0 0.001158626081 0)
(-0.2 0.001499568446 0)
(-0.195 0.001499568446 0)
(-0.19 0.001499568446 0)
(-0.185 0.001499568446 0)
(-0.18 0.001499568446 0)
(-0.175 0.001499568446 0)
(-0.17 0.001499568446 0)
(-0.165 0.001499568446 0)
(-0.16 0.001499568446 0)
(-0.155 0.001499568446 0)
(-0.15 0.001499568446 0)
(-0.145 0.001499568446 0)
(-0.14 0.001499568446 0)
(-0.135 0.001499568446 0)
(-0.13 0.001499568446 0)
(-0.125 0.001499568446 0)
(-0.12 0.001499568446 0)
(-0.115 0.001499568446 0)
(-0.11 0.001499568446 0)
(-0.105 0.001499568446 0)
(-0.1 0.001499568446 0)
(-0.095 0.001499568446 0)
(-0.09 0.001499568446 0)
(-0.085 0.001499568446 0)
(-0.08 0.001499568446 0)
(-0.075 0.001499568446 0)
(-0.07 0.001499568446 0)
(-0.065 0.001499568446 0)
(-0.06 0.001499568446 0)
(-0.055 0.001499568446 0)
(-0.05 0.001499568446 0)
(-0.045 0.001499568446 0)
(-0.04 0.001499568446 0)
(-0.035 0.001499568446 0)
(-0.03 0.001499568446 0)
(-0.025 0.001499568446 0)
(-0.02 0.001499568446 0)
(-0.015 0.001499568446 0)
(-0.01 0.001499568446 0)
(-0.005 0.001499568446 0)
(0 0.001499568446 0)
(-0.2 0.001863883461 0)
(-0.195 0.001863883461 0)
(-0.19 0.001863883461 0)
(-0.185 0.001863883461 0)
(-0.18 0.001863883461 0)
(-0.175 0.001863883461 0)
(-0.17 0.001863883461 0)
(-0.165 0.001863883461 0)
(-0.16 0.001863883461 0)
(-0.155 0.001863883461 0)
(-0.15 0.001863883461 0)
(-0.145 0.001863883461 0)
(-0.14 0.001863883461 0)
(-0.135 0.001863883461 0)
(-0.13 0.001863883461 0)
(-0.125 0.001863883461 0)
(-0.12 0.001863883461 0)
(-0.115 0.001863883461 0)
(-0.11 0.001863883461 0)
(-0.105 0.001863883461 0)
(-0.1 0.001863883461 0)
(-0.095 0.001863883461 0)
(-0.09 0.001863883461 0)
(-0.085 0.001863883461 0)
(-0.08 0.001863883461 0)
(-0.075 0.001863883461 0)
(-0.07 0.001863883461 0)
(-0.065 0.001863883461 0)
(-0.06 0.001863883461 0)
(-0.055 0.001863883461 0)
(-0.05 0.001863883461 0)
(-0.045 0.001863883461 0)
(-0.04 0.001863883461 0)
(-0.035 0.001863883461 0)
(-0.03 0.001863883461 0)
(-0.025 0.001863883461 0)
(-0.02 0.001863883461 0)
(-0.015 0.001863883461 0)
(-0.01 0.001863883461 0)
(-0.005 0.001863883461 0)
(0 0.001863883461 0)
(-0.2 0.002253173394 0)
(-0.195 0.002253173394 0)
(-0.19 0.002253173394 0)
(-0.185 0.002253173394 0)
(-0.18 0.002253173394 0)
(-0.175 0.002253173394 0)
(-0.17 0.002253173394 0)
(-0.165 0.002253173394 0)
(-0.16 0.002253173394 0)
(-0.155 0.002253173394 0)
(-0.15 0.002253173394 0)
(-0.145 0.002253173394 0)
(-0.14 0.002253173394 0)
(-0.135 0.002253173394 0)
(-0.13 0.002253173394 0)
(-0.125 0.002253173394 0)
(-0.12 0.002253173394 0)
(-0.115 0.002253173394 0)
(-0.11 0.002253173394 0)
(-0.105 0.002253173394 0)
(-0.1 0.002253173394 0)
(-0.095 0.002253173394 0)
(-0.09 0.002253173394 0)
(-0.085 0.002253173394 0)
(-0.08 0.002253173394 0)
(-0.075 0.002253173394 0)
(-0.07 0.002253173394 0)
(-0.065 0.002253173394 0)
(-0.06 0.002253173394 0)
(-0.055 0.002253173394 0)
(-0.05 0.002253173394 0)
(-0.045 0.002253173394 0)
(-0.04 0.002253173394 0)
(-0.035 0.002253173394 0)
(-0.03 0.002253173394 0)
(-0.025 0.002253173394 0)
(-0.02 0.002253173394 0)
(-0.015 0.002253173394 0)
(-0.01 0.002253173394 0)
(-0.005 0.002253173394 0)
(0 0.002253173394 0)
(-0.2 0.002669150351 0)
(-0.195 0.002669150351 0)
(-0.19 0.002669150351 0)
(-0.185 0.002669150351 0)
(-0.18 0.002669150351 0)
(-0.175 0.002669150351 0)
(-0.17 0.002669150351 0)
(-0.165 0.002669150351 0)
(-0.16 0.002669150351 0)
(-0.155 0.002669150351 0)
(-0.15 0.002669150351 0)
(-0.145 0.002669150351 0)
(-0.14 0.002669150351 0)
(-0.135 0.002669150351 0)
(-0.13 0.002669150351 0)
(-0.125 0.002669150351 0)
(-0.12 0.002669150351 0)
(-0.115 0.002669150351 0)
(-0.11 0.002669150351 0)
(-0.105 0.002669150351 0)
(-0.1 0.002669150351 0)
(-0.095 0.002669150351 0)
(-0.09 0.002669150351 0)
(-0.085 0.002669150351 0)
(-0.08 0.002669150351 0)
(-0.075 0.002669150351 0)
(-0.07 0.002669150351 0)
(-0.065 0.002669150351 0)
(-0.06 0.002669150351 0)
(-0.055 0.002669150351 0)
(-0.05 0.002669150351 0)
(-0.045 0.002669150351 0)
(-0.04 0.002669150351 0)
(-0.035 0.002669150351 0)
(-0.03 0.002669150351 0)
(-0.025 0.002669150351 0)
(-0.02 0.002669150351 0)
(-0.015 0.002669150351 0)
(-0.01 0.002669150351 0)
(-0.005 0.002669150351 0)
(0 0.002669150351 0)
(-0.2 0.003113643812 0)
(-0.195 0.003113643812 0)
(-0.19 0.003113643812 0)
(-0.185 0.003113643812 0)
(-0.18 0.003113643812 0)
(-0.175 0.003113643812 0)
(-0.17 0.003113643812 0)
(-0.165 0.003113643812 0)
(-0.16 0.003113643812 0)
(-0.155 0.003113643812 0)
(-0.15 0.003113643812 0)
(-0.145 0.003113643812 0)
(-0.14 0.003113643812 0)
(-0.135 0.003113643812 0)
(-0.13 0.003113643812 0)
(-0.125 0.003113643812 0)
(-0.12 0.003113643812 0)
(-0.115 0.003113643812 0)
(-0.11 0.003113643812 0)
(-0.105 0.003113643812 0)
(-0.1 0.003113643812 0)
(-0.095 0.003113643812 0)
(-0.09 0.003113643812 0)
(-0.085 0.003113643812 0)
(-0.08 0.003113643812 0)
(-0.075 0.003113643812 0)
(-0.07 0.003113643812 0)
(-0.065 0.003113643812 0)
(-0.06 0.003113643812 0)
(-0.055 0.003113643812 0)
(-0.05 0.003113643812 0)
(-0.045 0.003113643812 0)
(-0.04 0.003113643812 0)
(-0.035 0.003113643812 0)
(-0.03 0.003113643812 0)
(-0.025 0.003113643812 0)
(-0.02 0.003113643812 0)
(-0.015 0.003113643812 0)
(-0.01 0.003113643812 0)
(-0.005 0.003113643812 0)
(0 0.003113643812 0)
(-0.2 0.00358860867 0)
(-0.195 0.00358860867 0)
(-0.19 0.00358860867 0)
(-0.185 0.00358860867 0)
(-0.18 0.00358860867 0)
(-0.175 0.00358860867 0)
(-0.17 0.00358860867 0)
(-0.165 0.00358860867 0)
(-0.16 0.00358860867 0)
(-0.155 0.00358860867 0)
(-0.15 0.00358860867 0)
(-0.145 0.00358860867 0)
(-0.14 0.00358860867 0)
(-0.135 0.00358860867 0)
(-0.13 0.00358860867 0)
(-0.125 0.00358860867 0)
(-0.12 0.00358860867 0)
(-0.115 0.00358860867 0)
(-0.11 0.00358860867 0)
(-0.105 0.00358860867 0)
(-0.1 0.00358860867 0)
(-0.095 0.00358860867 0)
(-0.09 0.00358860867 0)
(-0.085 0.00358860867 0)
(-0.08 0.00358860867 0)
(-0.075 0.00358860867 0)
(-0.07 0.00358860867 0)
(-0.065 0.00358860867 0)
(-0.06 0.00358860867 0)
(-0.055 0.00358860867 0)
(-0.05 0.00358860867 0)
(-0.045 0.00358860867 0)
(-0.04 0.00358860867 0)
(-0.035 0.00358860867 0)
(-0.03 0.00358860867 0)
(-0.025 0.00358860867 0)
(-0.02 0.00358860867 0)
(-0.015 0.00358860867 0)
(-0.01 0.00358860867 0)
(-0.005 0.00358860867 0)
(0 0.00358860867 0)
(-0.2 0.004096133833 0)
(-0.195 0.004096133833 0)
(-0.19 0.004096133833 0)
(-0.185 0.004096133833 0)
(-0.18 0.004096133833 0)
(-0.175 0.004096133833 0)
(-0.17 0.004096133833 0)
(-0.165 0.004096133833 0)
(-0.16 0.004096133833 0)
(-0.155 0.004096133833 0)
(-0.15 0.004096133833 0)
(-0.145 0.004096133833 0)
(-0.14 0.004096133833 0)
(-0.135 0.004096133833 0)
(-0.13 0.004096133833 0)
(-0.125 0.004096133833 0)
(-0.12 0.004096133833 0)
(-0.115 0.004096133833 0)
(-0.11 0.004096133833 0)
(-0.105 0.004096133833 0)
(-0.1 0.004096133833 0)
(-0.095 0.004096133833 0)
(-0.09 0.004096133833 0)
(-0.085 0.004096133833 0)
(-0.08 0.004096133833 0)
(-0.075 0.004096133833 0)
(-0.07 0.004096133833 0)
(-0.065 0.004096133833 0)
(-0.06 0.004096133833 0)
(-0.055 0.004096133833 0)
(-0.05 0.004096133833 0)
(-0.045 0.004096133833 0)
(-0.04 0.004096133833 0)
(-0.035 0.004096133833 0)
(-0.03 0.004096133833 0)
(-0.025 0.004096133833 0)
(-0.02 0.004096133833 0)
(-0.015 0.004096133833 0)
(-0.01 0.004096133833 0)
(-0.005 0.004096133833 0)
(0 0.004096133833 0)
(-0.2 0.004638451411 0)
(-0.195 0.004638451411 0)
(-0.19 0.004638451411 0)
(-0.185 0.004638451411 0)
(-0.18 0.004638451411 0)
(-0.175 0.004638451411 0)
(-0.17 0.004638451411 0)
(-0.165 0.004638451411 0)
(-0.16 0.004638451411 0)
(-0.155 0.004638451411 0)
(-0.15 0.004638451411 0)
(-0.145 0.004638451411 0)
(-0.14 0.004638451411 0)
(-0.135 0.004638451411 0)
(-0.13 0.004638451411 0)
(-0.125 0.004638451411 0)
(-0.12 0.004638451411 0)
(-0.115 0.004638451411 0)
(-0.11 0.004638451411 0)
(-0.105 0.004638451411 0)
(-0.1 0.004638451411 0)
(-0.095 0.004638451411 0)
(-0.09 0.004638451411 0)
(-0.085 0.004638451411 0)
(-0.08 0.004638451411 0)
(-0.075 0.004638451411 0)
(-0.07 0.004638451411 0)
(-0.065 0.004638451411 0)
(-0.06 0.004638451411 0)
(-0.055 0.004638451411 0)
(-0.05 0.004638451411 0)
(-0.045 0.004638451411 0)
(-0.04 0.004638451411 0)
(-0.035 0.004638451411 0)
(-0.03 0.004638451411 0)
(-0.025 0.004638451411 0)
(-0.02 0.004638451411 0)
(-0.015 0.004638451411 0)
(-0.01 0.004638451411 0)
(-0.005 0.004638451411 0)
(0 0.004638451411 0)
(-0.2 0.005217946531 0)
(-0.195 0.005217946531 0)
(-0.19 0.005217946531 0)
(-0.185 0.005217946531 0)
(-0.18 0.005217946531 0)
(-0.175 0.005217946531 0)
(-0.17 0.005217946531 0)
(-0.165 0.005217946531 0)
(-0.16 0.005217946531 0)
(-0.155 0.005217946531 0)
(-0.15 0.005217946531 0)
(-0.145 0.005217946531 0)
(-0.14 0.005217946531 0)
(-0.135 0.005217946531 0)
(-0.13 0.005217946531 0)
(-0.125 0.005217946531 0)
(-0.12 0.005217946531 0)
(-0.115 0.005217946531 0)
(-0.11 0.005217946531 0)
(-0.105 0.005217946531 0)
(-0.1 0.005217946531 0)
(-0.095 0.005217946531 0)
(-0.09 0.005217946531 0)
(-0.085 0.005217946531 0)
(-0.08 0.005217946531 0)
(-0.075 0.005217946531 0)
(-0.07 0.005217946531 0)
(-0.065 0.005217946531 0)
(-0.06 0.005217946531 0)
(-0.055 0.005217946531 0)
(-0.05 0.005217946531 0)
(-0.045 0.005217946531 0)
(-0.04 0.005217946531 0)
(-0.035 0.005217946531 0)
(-0.03 0.005217946531 0)
(-0.025 0.005217946531 0)
(-0.02 0.005217946531 0)
(-0.015 0.005217946531 0)
(-0.01 0.005217946531 0)
(-0.005 0.005217946531 0)
(0 0.005217946531 0)
(-0.2 0.005837167829 0)
(-0.195 0.005837167829 0)
(-0.19 0.005837167829 0)
(-0.185 0.005837167829 0)
(-0.18 0.005837167829 0)
(-0.175 0.005837167829 0)
(-0.17 0.005837167829 0)
(-0.165 0.005837167829 0)
(-0.16 0.005837167829 0)
(-0.155 0.005837167829 0)
(-0.15 0.005837167829 0)
(-0.145 0.005837167829 0)
(-0.14 0.005837167829 0)
(-0.135 0.005837167829 0)
(-0.13 0.005837167829 0)
(-0.125 0.005837167829 0)
(-0.12 0.005837167829 0)
(-0.115 0.005837167829 0)
(-0.11 0.005837167829 0)
(-0.105 0.005837167829 0)
(-0.1 0.005837167829 0)
(-0.095 0.005837167829 0)
(-0.09 0.005837167829 0)
(-0.085 0.005837167829 0)
(-0.08 0.005837167829 0)
(-0.075 0.005837167829 0)
(-0.07 0.005837167829 0)
(-0.065 0.005837167829 0)
(-0.06 0.005837167829 0)
(-0.055 0.005837167829 0)
(-0.05 0.005837167829 0)
(-0.045 0.005837167829 0)
(-0.04 0.005837167829 0)
(-0.035 0.005837167829 0)
(-0.03 0.005837167829 0)
(-0.025 0.005837167829 0)
(-0.02 0.005837167829 0)
(-0.015 0.005837167829 0)
(-0.01 0.005837167829 0)
(-0.005 0.005837167829 0)
(0 0.005837167829 0)
(-0.2 0.006498838655 0)
(-0.195 0.006498838655 0)
(-0.19 0.006498838655 0)
(-0.185 0.006498838655 0)
(-0.18 0.006498838655 0)
(-0.175 0.006498838655 0)
(-0.17 0.006498838655 0)
(-0.165 0.006498838655 0)
(-0.16 0.006498838655 0)
(-0.155 0.006498838655 0)
(-0.15 0.006498838655 0)
(-0.145 0.006498838655 0)
(-0.14 0.006498838655 0)
(-0.135 0.006498838655 0)
(-0.13 0.006498838655 0)
(-0.125 0.006498838655 0)
(-0.12 0.006498838655 0)
(-0.115 0.006498838655 0)
(-0.11 0.006498838655 0)
(-0.105 0.006498838655 0)
(-0.1 0.006498838655 0)
(-0.095 0.006498838655 0)
(-0.09 0.006498838655 0)
(-0.085 0.006498838655 0)
(-0.08 0.006498838655 0)
(-0.075 0.006498838655 0)
(-0.07 0.006498838655 0)
(-0.065 0.006498838655 0)
(-0.06 0.006498838655 0)
(-0.055 0.006498838655 0)
(-0.05 0.006498838655 0)
(-0.045 0.006498838655 0)
(-0.04 0.006498838655 0)
(-0.035 0.006498838655 0)
(-0.03 0.006498838655 0)
(-0.025 0.006498838655 0)
(-0.02 0.006498838655 0)
(-0.015 0.006498838655 0)
(-0.01 0.006498838655 0)
(-0.005 0.006498838655 0)
(0 0.006498838655 0)
(-0.2 0.007205869057 0)
(-0.195 0.007205869057 0)
(-0.19 0.007205869057 0)
(-0.185 0.007205869057 0)
(-0.18 0.007205869057 0)
(-0.175 0.007205869057 0)
(-0.17 0.007205869057 0)
(-0.165 0.007205869057 0)
(-0.16 0.007205869057 0)
(-0.155 0.007205869057 0)
(-0.15 0.007205869057 0)
(-0.145 0.007205869057 0)
(-0.14 0.007205869057 0)
(-0.135 0.007205869057 0)
(-0.13 0.007205869057 0)
(-0.125 0.007205869057 0)
(-0.12 0.007205869057 0)
(-0.115 0.007205869057 0)
(-0.11 0.007205869057 0)
(-0.105 0.007205869057 0)
(-0.1 0.007205869057 0)
(-0.095 0.007205869057 0)
(-0.09 0.007205869057 0)
(-0.085 0.007205869057 0)
(-0.08 0.007205869057 0)
(-0.075 0.007205869057 0)
(-0.07 0.007205869057 0)
(-0.065 0.007205869057 0)
(-0.06 0.007205869057 0)
(-0.055 0.007205869057 0)
(-0.05 0.007205869057 0)
(-0.045 0.007205869057 0)
(-0.04 0.007205869057 0)
(-0.035 0.007205869057 0)
(-0.03 0.007205869057 0)
(-0.025 0.007205869057 0)
(-0.02 0.007205869057 0)
(-0.015 0.007205869057 0)
(-0.01 0.007205869057 0)
(-0.005 0.007205869057 0)
(0 0.007205869057 0)
(-0.2 0.007961368572 0)
(-0.195 0.007961368572 0)
(-0.19 0.007961368572 0)
(-0.185 0.007961368572 0)
(-0.18 0.007961368572 0)
(-0.175 0.007961368572 0)
(-0.17 0.007961368572 0)
(-0.165 0.007961368572 0)
(-0.16 0.007961368572 0)
(-0.155 0.007961368572 0)
(-0.15 0.007961368572 0)
(-0.145 0.007961368572 0)
(-0.14 0.007961368572 0)
(-0.135 0.007961368572 0)
(-0.13 0.007961368572 0)
(-0.125 0.007961368572 0)
(-0.12 0.007961368572 0)
(-0.115 0.007961368572 0)
(-0.11 0.007961368572 0)
(-0.105 0.007961368572 0)
(-0.1 0.007961368572 0)
(-0.095 0.007961368572 0)
(-0.09 0.007961368572 0)
(-0.085 0.007961368572 0)
(-0.08 0.007961368572 0)
(-0.075 0.007961368572 0)
(-0.07 0.007961368572 0)
(-0.065 0.007961368572 0)
(-0.06 0.007961368572 0)
(-0.055 0.007961368572 0)
(-0.05 0.007961368572 0)
(-0.045 0.007961368572 0)
(-0.04 0.007961368572 0)
(-0.035 0.007961368572 0)
(-0.03 0.007961368572 0)
(-0.025 0.007961368572 0)
(-0.02 0.007961368572 0)
(-0.015 0.007961368572 0)
(-0.01 0.007961368572 0)
(-0.005 0.007961368572 0)
(0 0.007961368572 0)
(-0.2 0.008768659909 0)
(-0.195 0.008768659909 0)
(-0.19 0.008768659909 0)
(-0.185 0.008768659909 0)
(-0.18 0.008768659909 0)
(-0.175 0.008768659909 0)
(-0.17 0.008768659909 0)
(-0.165 0.008768659909 0)
(-0.16 0.008768659909 0)
(-0.155 0.008768659909 0)
(-0.15 0.008768659909 0)
(-0.145 0.008768659909 0)
(-0.14 0.008768659909 0)
(-0.135 0.008768659909 0)
(-0.13 0.008768659909 0)
(-0.125 0.008768659909 0)
(-0.12 0.008768659909 0)
(-0.115 0.008768659909 0)
(-0.11 0.008768659909 0)
(-0.105 0.008768659909 0)
(-0.1 0.008768659909 0)
(-0.095 0.008768659909 0)
(-0.09 0.008768659909 0)
(-0.085 0.008768659909 0)
(-0.08 0.008768659909 0)
(-0.075 0.008768659909 0)
(-0.07 0.008768659909 0)
(-0.065 0.008768659909 0)
(-0.06 0.008768659909 0)
(-0.055 0.008768659909 0)
(-0.05 0.008768659909 0)
(-0.045 0.008768659909 0)
(-0.04 0.008768659909 0)
(-0.035 0.008768659909 0)
(-0.03 0.008768659909 0)
(-0.025 0.008768659909 0)
(-0.02 0.008768659909 0)
(-0.015 0.008768659909 0)
(-0.01 0.008768659909 0)
(-0.005 0.008768659909 0)
(0 0.008768659909 0)
(-0.2 0.009631293556 0)
(-0.195 0.009631293556 0)
(-0.19 0.009631293556 0)
(-0.185 0.009631293556 0)
(-0.18 0.009631293556 0)
(-0.175 0.009631293556 0)
(-0.17 0.009631293556 0)
(-0.165 0.009631293556 0)
(-0.16 0.009631293556 0)
(-0.155 0.009631293556 0)
(-0.15 0.009631293556 0)
(-0.145 0.009631293556 0)
(-0.14 0.009631293556 0)
(-0.135 0.009631293556 0)
(-0.13 0.009631293556 0)
(-0.125 0.009631293556 0)
(-0.12 0.009631293556 0)
(-0.115 0.009631293556 0)
(-0.11 0.009631293556 0)
(-0.105 0.009631293556 0)
(-0.1 0.009631293556 0)
(-0.095 0.009631293556 0)
(-0.09 0.009631293556 0)
(-0.085 0.009631293556 0)
(-0.08 0.009631293556 0)
(-0.075 0.009631293556 0)
(-0.07 0.009631293556 0)
(-0.065 0.009631293556 0)
(-0.06 0.009631293556 0)
(-0.055 0.009631293556 0)
(-0.05 0.009631293556 0)
(-0.045 0.009631293556 0)
(-0.04 0.009631293556 0)
(-0.035 0.009631293556 0)
(-0.03 0.009631293556 0)
(-0.025 0.009631293556 0)
(-0.02 0.009631293556 0)
(-0.015 0.009631293556 0)
(-0.01 0.009631293556 0)
(-0.005 0.009631293556 0)
(0 0.009631293556 0)
(-0.2 0.0105530634 0)
(-0.195 0.0105530634 0)
(-0.19 0.0105530634 0)
(-0.185 0.0105530634 0)
(-0.18 0.0105530634 0)
(-0.175 0.0105530634 0)
(-0.17 0.0105530634 0)
(-0.165 0.0105530634 0)
(-0.16 0.0105530634 0)
(-0.155 0.0105530634 0)
(-0.15 0.0105530634 0)
(-0.145 0.0105530634 0)
(-0.14 0.0105530634 0)
(-0.135 0.0105530634 0)
(-0.13 0.0105530634 0)
(-0.125 0.0105530634 0)
(-0.12 0.0105530634 0)
(-0.115 0.0105530634 0)
(-0.11 0.0105530634 0)
(-0.105 0.0105530634 0)
(-0.1 0.0105530634 0)
(-0.095 0.0105530634 0)
(-0.09 0.0105530634 0)
(-0.085 0.0105530634 0)
(-0.08 0.0105530634 0)
(-0.075 0.0105530634 0)
(-0.07 0.0105530634 0)
(-0.065 0.0105530634 0)
(-0.06 0.0105530634 0)
(-0.055 0.0105530634 0)
(-0.05 0.0105530634 0)
(-0.045 0.0105530634 0)
(-0.04 0.0105530634 0)
(-0.035 0.0105530634 0)
(-0.03 0.0105530634 0)
(-0.025 0.0105530634 0)
(-0.02 0.0105530634 0)
(-0.015 0.0105530634 0)
(-0.01 0.0105530634 0)
(-0.005 0.0105530634 0)
(0 0.0105530634 0)
(-0.2 0.01153802341 0)
(-0.195 0.01153802341 0)
(-0.19 0.01153802341 0)
(-0.185 0.01153802341 0)
(-0.18 0.01153802341 0)
(-0.175 0.01153802341 0)
(-0.17 0.01153802341 0)
(-0.165 0.01153802341 0)
(-0.16 0.01153802341 0)
(-0.155 0.01153802341 0)
(-0.15 0.01153802341 0)
(-0.145 0.01153802341 0)
(-0.14 0.01153802341 0)
(-0.135 0.01153802341 0)
(-0.13 0.01153802341 0)
(-0.125 0.01153802341 0)
(-0.12 0.01153802341 0)
(-0.115 0.01153802341 0)
(-0.11 0.01153802341 0)
(-0.105 0.01153802341 0)
(-0.1 0.01153802341 0)
(-0.095 0.01153802341 0)
(-0.09 0.01153802341 0)
(-0.085 0.01153802341 0)
(-0.08 0.01153802341 0)
(-0.075 0.01153802341 0)
(-0.07 0.01153802341 0)
(-0.065 0.01153802341 0)
(-0.06 0.01153802341 0)
(-0.055 0.01153802341 0)
(-0.05 0.01153802341 0)
(-0.045 0.01153802341 0)
(-0.04 0.01153802341 0)
(-0.035 0.01153802341 0)
(-0.03 0.01153802341 0)
(-0.025 0.01153802341 0)
(-0.02 0.01153802341 0)
(-0.015 0.01153802341 0)
(-0.01 0.01153802341 0)
(-0.005 0.01153802341 0)
(0 0.01153802341 0)
(-0.2 0.01259050546 0)
(-0.195 0.01259050546 0)
(-0.19 0.01259050546 0)
(-0.185 0.01259050546 0)
(-0.18 0.01259050546 0)
(-0.175 0.01259050546 0)
(-0.17 0.01259050546 0)
(-0.165 0.01259050546 0)
(-0.16 0.01259050546 0)
(-0.155 0.01259050546 0)
(-0.15 0.01259050546 0)
(-0.145 0.01259050546 0)
(-0.14 0.01259050546 0)
(-0.135 0.01259050546 0)
(-0.13 0.01259050546 0)
(-0.125 0.01259050546 0)
(-0.12 0.01259050546 0)
(-0.115 0.01259050546 0)
(-0.11 0.01259050546 0)
(-0.105 0.01259050546 0)
(-0.1 0.01259050546 0)
(-0.095 0.01259050546 0)
(-0.09 0.01259050546 0)
(-0.085 0.01259050546 0)
(-0.08 0.01259050546 0)
(-0.075 0.01259050546 0)
(-0.07 0.01259050546 0)
(-0.065 0.01259050546 0)
(-0.06 0.01259050546 0)
(-0.055 0.01259050546 0)
(-0.05 0.01259050546 0)
(-0.045 0.01259050546 0)
(-0.04 0.01259050546 0)
(-0.035 0.01259050546 0)
(-0.03 0.01259050546 0)
(-0.025 0.01259050546 0)
(-0.02 0.01259050546 0)
(-0.015 0.01259050546 0)
(-0.01 0.01259050546 0)
(-0.005 0.01259050546 0)
(0 0.01259050546 0)
(-0.2 0.0137151384 0)
(-0.195 0.0137151384 0)
(-0.19 0.0137151384 0)
(-0.185 0.0137151384 0)
(-0.18 0.0137151384 0)
(-0.175 0.0137151384 0)
(-0.17 0.0137151384 0)
(-0.165 0.0137151384 0)
(-0.16 0.0137151384 0)
(-0.155 0.0137151384 0)
(-0.15 0.0137151384 0)
(-0.145 0.0137151384 0)
(-0.14 0.0137151384 0)
(-0.135 0.0137151384 0)
(-0.13 0.0137151384 0)
(-0.125 0.0137151384 0)
(-0.12 0.0137151384 0)
(-0.115 0.0137151384 0)
(-0.11 0.0137151384 0)
(-0.105 0.0137151384 0)
(-0.1 0.0137151384 0)
(-0.095 0.0137151384 0)
(-0.09 0.0137151384 0)
(-0.085 0.0137151384 0)
(-0.08 0.0137151384 0)
(-0.075 0.0137151384 0)
(-0.07 0.0137151384 0)
(-0.065 0.0137151384 0)
(-0.06 0.0137151384 0)
(-0.055 0.0137151384 0)
(-0.05 0.0137151384 0)
(-0.045 0.0137151384 0)
(-0.04 0.0137151384 0)
(-0.035 0.0137151384 0)
(-0.03 0.0137151384 0)
(-0.025 0.0137151384 0)
(-0.02 0.0137151384 0)
(-0.015 0.0137151384 0)
(-0.01 0.0137151384 0)
(-0.005 0.0137151384 0)
(0 0.0137151384 0)
(-0.2 0.0149168684 0)
(-0.195 0.0149168684 0)
(-0.19 0.0149168684 0)
(-0.185 0.0149168684 0)
(-0.18 0.0149168684 0)
(-0.175 0.0149168684 0)
(-0.17 0.0149168684 0)
(-0.165 0.0149168684 0)
(-0.16 0.0149168684 0)
(-0.155 0.0149168684 0)
(-0.15 0.0149168684 0)
(-0.145 0.0149168684 0)
(-0.14 0.0149168684 0)
(-0.135 0.0149168684 0)
(-0.13 0.0149168684 0)
(-0.125 0.0149168684 0)
(-0.12 0.0149168684 0)
(-0.115 0.0149168684 0)
(-0.11 0.0149168684 0)
(-0.105 0.0149168684 0)
(-0.1 0.0149168684 0)
(-0.095 0.0149168684 0)
(-0.09 0.0149168684 0)
(-0.085 0.0149168684 0)
(-0.08 0.0149168684 0)
(-0.075 0.0149168684 0)
(-0.07 0.0149168684 0)
(-0.065 0.0149168684 0)
(-0.06 0.0149168684 0)
(-0.055 0.0149168684 0)
(-0.05 0.0149168684 0)
(-0.045 0.0149168684 0)
(-0.04 0.0149168684 0)
(-0.035 0.0149168684 0)
(-0.03 0.0149168684 0)
(-0.025 0.0149168684 0)
(-0.02 0.0149168684 0)
(-0.015 0.0149168684 0)
(-0.01 0.0149168684 0)
(-0.005 0.0149168684 0)
(0 0.0149168684 0)
(-0.2 0.0162009807 0)
(-0.195 0.0162009807 0)
(-0.19 0.0162009807 0)
(-0.185 0.0162009807 0)
(-0.18 0.0162009807 0)
(-0.175 0.0162009807 0)
(-0.17 0.0162009807 0)
(-0.165 0.0162009807 0)
(-0.16 0.0162009807 0)
(-0.155 0.0162009807 0)
(-0.15 0.0162009807 0)
(-0.145 0.0162009807 0)
(-0.14 0.0162009807 0)
(-0.135 0.0162009807 0)
(-0.13 0.0162009807 0)
(-0.125 0.0162009807 0)
(-0.12 0.0162009807 0)
(-0.115 0.0162009807 0)
(-0.11 0.0162009807 0)
(-0.105 0.0162009807 0)
(-0.1 0.0162009807 0)
(-0.095 0.0162009807 0)
(-0.09 0.0162009807 0)
(-0.085 0.0162009807 0)
(-0.08 0.0162009807 0)
(-0.075 0.0162009807 0)
(-0.07 0.0162009807 0)
(-0.065 0.0162009807 0)
(-0.06 0.0162009807 0)
(-0.055 0.0162009807 0)
(-0.05 0.0162009807 0)
(-0.045 0.0162009807 0)
(-0.04 0.0162009807 0)
(-0.035 0.0162009807 0)
(-0.03 0.0162009807 0)
(-0.025 0.0162009807 0)
(-0.02 0.0162009807 0)
(-0.015 0.0162009807 0)
(-0.01 0.0162009807 0)
(-0.005 0.0162009807 0)
(0 0.0162009807 0)
(-0.2 0.01757312285 0)
(-0.195 0.01757312285 0)
(-0.19 0.01757312285 0)
(-0.185 0.01757312285 0)
(-0.18 0.01757312285 0)
(-0.175 0.01757312285 0)
(-0.17 0.01757312285 0)
(-0.165 0.01757312285 0)
(-0.16 0.01757312285 0)
(-0.155 0.01757312285 0)
(-0.15 0.01757312285 0)
(-0.145 0.01757312285 0)
(-0.14 0.01757312285 0)
(-0.135 0.01757312285 0)
(-0.13 0.01757312285 0)
(-0.125 0.01757312285 0)
(-0.12 0.01757312285 0)
(-0.115 0.01757312285 0)
(-0.11 0.01757312285 0)
(-0.105 0.01757312285 0)
(-0.1 0.01757312285 0)
(-0.095 0.01757312285 0)
(-0.09 0.01757312285 0)
(-0.085 0.01757312285 0)
(-0.08 0.01757312285 0)
(-0.075 0.01757312285 0)
(-0.07 0.01757312285 0)
(-0.065 0.01757312285 0)
(-0.06 0.01757312285 0)
(-0.055 0.01757312285 0)
(-0.05 0.01757312285 0)
(-0.045 0.01757312285 0)
(-0.04 0.01757312285 0)
(-0.035 0.01757312285 0)
(-0.03 0.01757312285 0)
(-0.025 0.01757312285 0)
(-0.02 0.01757312285 0)
(-0.015 0.01757312285 0)
(-0.01 0.01757312285 0)
(-0.005 0.01757312285 0)
(0 0.01757312285 0)
(-0.2 0.01903932958 0)
(-0.195 0.01903932958 0)
(-0.19 0.01903932958 0)
(-0.185 0.01903932958 0)
(-0.18 0.01903932958 0)
(-0.175 0.01903932958 0)
(-0.17 0.01903932958 0)
(-0.165 0.01903932958 0)
(-0.16 0.01903932958 0)
(-0.155 0.01903932958 0)
(-0.15 0.01903932958 0)
(-0.145 0.01903932958 0)
(-0.14 0.01903932958 0)
(-0.135 0.01903932958 0)
(-0.13 0.01903932958 0)
(-0.125 0.01903932958 0)
(-0.12 0.01903932958 0)
(-0.115 0.01903932958 0)
(-0.11 0.01903932958 0)
(-0.105 0.01903932958 0)
(-0.1 0.01903932958 0)
(-0.095 0.01903932958 0)
(-0.09 0.01903932958 0)
(-0.085 0.01903932958 0)
(-0.08 0.01903932958 0)
(-0.075 0.01903932958 0)
(-0.07 0.01903932958 0)
(-0.065 0.01903932958 0)
(-0.06 0.01903932958 0)
(-0.055 0.01903932958 0)
(-0.05 0.01903932958 0)
(-0.045 0.01903932958 0)
(-0.04 0.01903932958 0)
(-0.035 0.01903932958 0)
(-0.03 0.01903932958 0)
(-0.025 0.01903932958 0)
(-0.02 0.01903932958 0)
(-0.015 0.01903932958 0)
(-0.01 0.01903932958 0)
(-0.005 0.01903932958 0)
(0 0.01903932958 0)
(-0.2 0.0206060493 0)
(-0.195 0.0206060493 0)
(-0.19 0.0206060493 0)
(-0.185 0.0206060493 0)
(-0.18 0.0206060493 0)
(-0.175 0.0206060493 0)
(-0.17 0.0206060493 0)
(-0.165 0.0206060493 0)
(-0.16 0.0206060493 0)
(-0.155 0.0206060493 0)
(-0.15 0.0206060493 0)
(-0.145 0.0206060493 0)
(-0.14 0.0206060493 0)
(-0.135 0.0206060493 0)
(-0.13 0.0206060493 0)
(-0.125 0.0206060493 0)
(-0.12 0.0206060493 0)
(-0.115 0.0206060493 0)
(-0.11 0.0206060493 0)
(-0.105 0.0206060493 0)
(-0.1 0.0206060493 0)
(-0.095 0.0206060493 0)
(-0.09 0.0206060493 0)
(-0.085 0.0206060493 0)
(-0.08 0.0206060493 0)
(-0.075 0.0206060493 0)
(-0.07 0.0206060493 0)
(-0.065 0.0206060493 0)
(-0.06 0.0206060493 0)
(-0.055 0.0206060493 0)
(-0.05 0.0206060493 0)
(-0.045 0.0206060493 0)
(-0.04 0.0206060493 0)
(-0.035 0.0206060493 0)
(-0.03 0.0206060493 0)
(-0.025 0.0206060493 0)
(-0.02 0.0206060493 0)
(-0.015 0.0206060493 0)
(-0.01 0.0206060493 0)
(-0.005 0.0206060493 0)
(0 0.0206060493 0)
(-0.2 0.02228017248 0)
(-0.195 0.02228017248 0)
(-0.19 0.02228017248 0)
(-0.185 0.02228017248 0)
(-0.18 0.02228017248 0)
(-0.175 0.02228017248 0)
(-0.17 0.02228017248 0)
(-0.165 0.02228017248 0)
(-0.16 0.02228017248 0)
(-0.155 0.02228017248 0)
(-0.15 0.02228017248 0)
(-0.145 0.02228017248 0)
(-0.14 0.02228017248 0)
(-0.135 0.02228017248 0)
(-0.13 0.02228017248 0)
(-0.125 0.02228017248 0)
(-0.12 0.02228017248 0)
(-0.115 0.02228017248 0)
(-0.11 0.02228017248 0)
(-0.105 0.02228017248 0)
(-0.1 0.02228017248 0)
(-0.095 0.02228017248 0)
(-0.09 0.02228017248 0)
(-0.085 0.02228017248 0)
(-0.08 0.02228017248 0)
(-0.075 0.02228017248 0)
(-0.07 0.02228017248 0)
(-0.065 0.02228017248 0)
(-0.06 0.02228017248 0)
(-0.055 0.02228017248 0)
(-0.05 0.02228017248 0)
(-0.045 0.02228017248 0)
(-0.04 0.02228017248 0)
(-0.035 0.02228017248 0)
(-0.03 0.02228017248 0)
(-0.025 0.02228017248 0)
(-0.02 0.02228017248 0)
(-0.015 0.02228017248 0)
(-0.01 0.02228017248 0)
(-0.005 0.02228017248 0)
(0 0.02228017248 0)
(-0.2 0.02406906198 0)
(-0.195 0.02406906198 0)
(-0.19 0.02406906198 0)
(-0.185 0.02406906198 0)
(-0.18 0.02406906198 0)
(-0.175 0.02406906198 0)
(-0.17 0.02406906198 0)
(-0.165 0.02406906198 0)
(-0.16 0.02406906198 0)
(-0.155 0.02406906198 0)
(-0.15 0.02406906198 0)
(-0.145 0.02406906198 0)
(-0.14 0.02406906198 0)
(-0.135 0.02406906198 0)
(-0.13 0.02406906198 0)
(-0.125 0.02406906198 0)
(-0.12 0.02406906198 0)
(-0.115 0.02406906198 0)
(-0.11 0.02406906198 0)
(-0.105 0.02406906198 0)
(-0.1 0.02406906198 0)
(-0.095 0.02406906198 0)
(-0.09 0.02406906198 0)
(-0.085 0.02406906198 0)
(-0.08 0.02406906198 0)
(-0.075 0.02406906198 0)
(-0.07 0.02406906198 0)
(-0.065 0.02406906198 0)
(-0.06 0.02406906198 0)
(-0.055 0.02406906198 0)
(-0.05 0.02406906198 0)
(-0.045 0.02406906198 0)
(-0.04 0.02406906198 0)
(-0.035 0.02406906198 0)
(-0.03 0.02406906198 0)
(-0.025 0.02406906198 0)
(-0.02 0.02406906198 0)
(-0.015 0.02406906198 0)
(-0.01 0.02406906198 0)
(-0.005 0.02406906198 0)
(0 0.02406906198 0)
(-0.2 0.02598058536 0)
(-0.195 0.02598058536 0)
(-0.19 0.02598058536 0)
(-0.185 0.02598058536 0)
(-0.18 0.02598058536 0)
(-0.175 0.02598058536 0)
(-0.17 0.02598058536 0)
(-0.165 0.02598058536 0)
(-0.16 0.02598058536 0)
(-0.155 0.02598058536 0)
(-0.15 0.02598058536 0)
(-0.145 0.02598058536 0)
(-0.14 0.02598058536 0)
(-0.135 0.02598058536 0)
(-0.13 0.02598058536 0)
(-0.125 0.02598058536 0)
(-0.12 0.02598058536 0)
(-0.115 0.02598058536 0)
(-0.11 0.02598058536 0)
(-0.105 0.02598058536 0)
(-0.1 0.02598058536 0)
(-0.095 0.02598058536 0)
(-0.09 0.02598058536 0)
(-0.085 0.02598058536 0)
(-0.08 0.02598058536 0)
(-0.075 0.02598058536 0)
(-0.07 0.02598058536 0)
(-0.065 0.02598058536 0)
(-0.06 0.02598058536 0)
(-0.055 0.02598058536 0)
(-0.05 0.02598058536 0)
(-0.045 0.02598058536 0)
(-0.04 0.02598058536 0)
(-0.035 0.02598058536 0)
(-0.03 0.02598058536 0)
(-0.025 0.02598058536 0)
(-0.02 0.02598058536 0)
(-0.015 0.02598058536 0)
(-0.01 0.02598058536 0)
(-0.005 0.02598058536 0)
(0 0.02598058536 0)
(-0.2 0.02802314956 0)
(-0.195 0.02802314956 0)
(-0.19 0.02802314956 0)
(-0.185 0.02802314956 0)
(-0.18 0.02802314956 0)
(-0.175 0.02802314956 0)
(-0.17 0.02802314956 0)
(-0.165 0.02802314956 0)
(-0.16 0.02802314956 0)
(-0.155 0.02802314956 0)
(-0.15 0.02802314956 0)
(-0.145 0.02802314956 0)
(-0.14 0.02802314956 0)
(-0.135 0.02802314956 0)
(-0.13 0.02802314956 0)
(-0.125 0.02802314956 0)
(-0.12 0.02802314956 0)
(-0.115 0.02802314956 0)
(-0.11 0.02802314956 0)
(-0.105 0.02802314956 0)
(-0.1 0.02802314956 0)
(-0.095 0.02802314956 0)
(-0.09 0.02802314956 0)
(-0.085 0.02802314956 0)
(-0.08 0.02802314956 0)
(-0.075 0.02802314956 0)
(-0.07 0.02802314956 0)
(-0.065 0.02802314956 0)
(-0.06 0.02802314956 0)
(-0.055 0.02802314956 0)
(-0.05 0.02802314956 0)
(-0.045 0.02802314956 0)
(-0.04 0.02802314956 0)
(-0.035 0.02802314956 0)
(-0.03 0.02802314956 0)
(-0.025 0.02802314956 0)
(-0.02 0.02802314956 0)
(-0.015 0.02802314956 0)
(-0.01 0.02802314956 0)
(-0.005 0.02802314956 0)
(0 0.02802314956 0)
(-0.2 0.03020573784 0)
(-0.195 0.03020573784 0)
(-0.19 0.03020573784 0)
(-0.185 0.03020573784 0)
(-0.18 0.03020573784 0)
(-0.175 0.03020573784 0)
(-0.17 0.03020573784 0)
(-0.165 0.03020573784 0)
(-0.16 0.03020573784 0)
(-0.155 0.03020573784 0)
(-0.15 0.03020573784 0)
(-0.145 0.03020573784 0)
(-0.14 0.03020573784 0)
(-0.135 0.03020573784 0)
(-0.13 0.03020573784 0)
(-0.125 0.03020573784 0)
(-0.12 0.03020573784 0)
(-0.115 0.03020573784 0)
(-0.11 0.03020573784 0)
(-0.105 0.03020573784 0)
(-0.1 0.03020573784 0)
(-0.095 0.03020573784 0)
(-0.09 0.03020573784 0)
(-0.085 0.03020573784 0)
(-0.08 0.03020573784 0)
(-0.075 0.03020573784 0)
(-0.07 0.03020573784 0)
(-0.065 0.03020573784 0)
(-0.06 0.03020573784 0)
(-0.055 0.03020573784 0)
(-0.05 0.03020573784 0)
(-0.045 0.03020573784 0)
(-0.04 0.03020573784 0)
(-0.035 0.03020573784 0)
(-0.03 0.03020573784 0)
(-0.025 0.03020573784 0)
(-0.02 0.03020573784 0)
(-0.015 0.03020573784 0)
(-0.01 0.03020573784 0)
(-0.005 0.03020573784 0)
(0 0.03020573784 0)
(-0.2 0.03253794928 0)
(-0.195 0.03253794928 0)
(-0.19 0.03253794928 0)
(-0.185 0.03253794928 0)
(-0.18 0.03253794928 0)
(-0.175 0.03253794928 0)
(-0.17 0.03253794928 0)
(-0.165 0.03253794928 0)
(-0.16 0.03253794928 0)
(-0.155 0.03253794928 0)
(-0.15 0.03253794928 0)
(-0.145 0.03253794928 0)
(-0.14 0.03253794928 0)
(-0.135 0.03253794928 0)
(-0.13 0.03253794928 0)
(-0.125 0.03253794928 0)
(-0.12 0.03253794928 0)
(-0.115 0.03253794928 0)
(-0.11 0.03253794928 0)
(-0.105 0.03253794928 0)
(-0.1 0.03253794928 0)
(-0.095 0.03253794928 0)
(-0.09 0.03253794928 0)
(-0.085 0.03253794928 0)
(-0.08 0.03253794928 0)
(-0.075 0.03253794928 0)
(-0.07 0.03253794928 0)
(-0.065 0.03253794928 0)
(-0.06 0.03253794928 0)
(-0.055 0.03253794928 0)
(-0.05 0.03253794928 0)
(-0.045 0.03253794928 0)
(-0.04 0.03253794928 0)
(-0.035 0.03253794928 0)
(-0.03 0.03253794928 0)
(-0.025 0.03253794928 0)
(-0.02 0.03253794928 0)
(-0.015 0.03253794928 0)
(-0.01 0.03253794928 0)
(-0.005 0.03253794928 0)
(0 0.03253794928 0)
(-0.2 0.035030041 0)
(-0.195 0.035030041 0)
(-0.19 0.035030041 0)
(-0.185 0.035030041 0)
(-0.18 0.035030041 0)
(-0.175 0.035030041 0)
(-0.17 0.035030041 0)
(-0.165 0.035030041 0)
(-0.16 0.035030041 0)
(-0.155 0.035030041 0)
(-0.15 0.035030041 0)
(-0.145 0.035030041 0)
(-0.14 0.035030041 0)
(-0.135 0.035030041 0)
(-0.13 0.035030041 0)
(-0.125 0.035030041 0)
(-0.12 0.035030041 0)
(-0.115 0.035030041 0)
(-0.11 0.035030041 0)
(-0.105 0.035030041 0)
(-0.1 0.035030041 0)
(-0.095 0.035030041 0)
(-0.09 0.035030041 0)
(-0.085 0.035030041 0)
(-0.08 0.035030041 0)
(-0.075 0.035030041 0)
(-0.07 0.035030041 0)
(-0.065 0.035030041 0)
(-0.06 0.035030041 0)
(-0.055 0.035030041 0)
(-0.05 0.035030041 0)
(-0.045 0.035030041 0)
(-0.04 0.035030041 0)
(-0.035 0.035030041 0)
(-0.03 0.035030041 0)
(-0.025 0.035030041 0)
(-0.02 0.035030041 0)
(-0.015 0.035030041 0)
(-0.01 0.035030041 0)
(-0.005 0.035030041 0)
(0 0.035030041 0)
(-0.2 0.03769297329 0)
(-0.195 0.03769297329 0)
(-0.19 0.03769297329 0)
(-0.185 0.03769297329 0)
(-0.18 0.03769297329 0)
(-0.175 0.03769297329 0)
(-0.17 0.03769297329 0)
(-0.165 0.03769297329 0)
(-0.16 0.03769297329 0)
(-0.155 0.03769297329 0)
(-0.15 0.03769297329 0)
(-0.145 0.03769297329 0)
(-0.14 0.03769297329 0)
(-0.135 0.03769297329 0)
(-0.13 0.03769297329 0)
(-0.125 0.03769297329 0)
(-0.12 0.03769297329 0)
(-0.115 0.03769297329 0)
(-0.11 0.03769297329 0)
(-0.105 0.03769297329 0)
(-0.1 0.03769297329 0)
(-0.095 0.03769297329 0)
(-0.09 0.03769297329 0)
(-0.085 0.03769297329 0)
(-0.08 0.03769297329 0)
(-0.075 0.03769297329 0)
(-0.07 0.03769297329 0)
(-0.065 0.03769297329 0)
(-0.06 0.03769297329 0)
(-0.055 0.03769297329 0)
(-0.05 0.03769297329 0)
(-0.045 0.03769297329 0)
(-0.04 0.03769297329 0)
(-0.035 0.03769297329 0)
(-0.03 0.03769297329 0)
(-0.025 0.03769297329 0)
(-0.02 0.03769297329 0)
(-0.015 0.03769297329 0)
(-0.01 0.03769297329 0)
(-0.005 0.03769297329 0)
(0 0.03769297329 0)
(-0.2 0.04053845779 0)
(-0.195 0.04053845779 0)
(-0.19 0.04053845779 0)
(-0.185 0.04053845779 0)
(-0.18 0.04053845779 0)
(-0.175 0.04053845779 0)
(-0.17 0.04053845779 0)
(-0.165 0.04053845779 0)
(-0.16 0.04053845779 0)
(-0.155 0.04053845779 0)
(-0.15 0.04053845779 0)
(-0.145 0.04053845779 0)
(-0.14 0.04053845779 0)
(-0.135 0.04053845779 0)
(-0.13 0.04053845779 0)
(-0.125 0.04053845779 0)
(-0.12 0.04053845779 0)
(-0.115 0.04053845779 0)
(-0.11 0.04053845779 0)
(-0.105 0.04053845779 0)
(-0.1 0.04053845779 0)
(-0.095 0.04053845779 0)
(-0.09 0.04053845779 0)
(-0.085 0.04053845779 0)
(-0.08 0.04053845779 0)
(-0.075 0.04053845779 0)
(-0.07 0.04053845779 0)
(-0.065 0.04053845779 0)
(-0.06 0.04053845779 0)
(-0.055 0.04053845779 0)
(-0.05 0.04053845779 0)
(-0.045 0.04053845779 0)
(-0.04 0.04053845779 0)
(-0.035 0.04053845779 0)
(-0.03 0.04053845779 0)
(-0.025 0.04053845779 0)
(-0.02 0.04053845779 0)
(-0.015 0.04053845779 0)
(-0.01 0.04053845779 0)
(-0.005 0.04053845779 0)
(0 0.04053845779 0)
(-0.2 0.04357900904 0)
(-0.195 0.04357900904 0)
(-0.19 0.04357900904 0)
(-0.185 0.04357900904 0)
(-0.18 0.04357900904 0)
(-0.175 0.04357900904 0)
(-0.17 0.04357900904 0)
(-0.165 0.04357900904 0)
(-0.16 0.04357900904 0)
(-0.155 0.04357900904 0)
(-0.15 0.04357900904 0)
(-0.145 0.04357900904 0)
(-0.14 0.04357900904 0)
(-0.135 0.04357900904 0)
(-0.13 0.04357900904 0)
(-0.125 0.04357900904 0)
(-0.12 0.04357900904 0)
(-0.115 0.04357900904 0)
(-0.11 0.04357900904 0)
(-0.105 0.04357900904 0)
(-0.1 0.04357900904 0)
(-0.095 0.04357900904 0)
(-0.09 0.04357900904 0)
(-0.085 0.04357900904 0)
(-0.08 0.04357900904 0)
(-0.075 0.04357900904 0)
(-0.07 0.04357900904 0)
(-0.065 0.04357900904 0)
(-0.06 0.04357900904 0)
(-0.055 0.04357900904 0)
(-0.05 0.04357900904 0)
(-0.045 0.04357900904 0)
(-0.04 0.04357900904 0)
(-0.035 0.04357900904 0)
(-0.03 0.04357900904 0)
(-0.025 0.04357900904 0)
(-0.02 0.04357900904 0)
(-0.015 0.04357900904 0)
(-0.01 0.04357900904 0)
(-0.005 0.04357900904 0)
(0 0.04357900904 0)
(-0.2 0.04682799945 0)
(-0.195 0.04682799945 0)
(-0.19 0.04682799945 0)
(-0.185 0.04682799945 0)
(-0.18 0.04682799945 0)
(-0.175 0.04682799945 0)
(-0.17 0.04682799945 0)
(-0.165 0.04682799945 0)
(-0.16 0.04682799945 0)
(-0.155 0.04682799945 0)
(-0.15 0.04682799945 0)
(-0.145 0.04682799945 0)
(-0.14 0.04682799945 0)
(-0.135 0.04682799945 0)
(-0.13 0.04682799945 0)
(-0.125 0.04682799945 0)
(-0.12 0.04682799945 0)
(-0.115 0.04682799945 0)
(-0.11 0.04682799945 0)
(-0.105 0.04682799945 0)
(-0.1 0.04682799945 0)
(-0.095 0.04682799945 0)
(-0.09 0.04682799945 0)
(-0.085 0.04682799945 0)
(-0.08 0.04682799945 0)
(-0.075 0.04682799945 0)
(-0.07 0.04682799945 0)
(-0.065 0.04682799945 0)
(-0.06 0.04682799945 0)
(-0.055 0.04682799945 0)
(-0.05 0.04682799945 0)
(-0.045 0.04682799945 0)
(-0.04 0.04682799945 0)
(-0.035 0.04682799945 0)
(-0.03 0.04682799945 0)
(-0.025 0.04682799945 0)
(-0.02 0.04682799945 0)
(-0.015 0.04682799945 0)
(-0.01 0.04682799945 0)
(-0.005 0.04682799945 0)
(0 0.04682799945 0)
(-0.2 0.05029971816 0)
(-0.195 0.05029971816 0)
(-0.19 0.05029971816 0)
(-0.185 0.05029971816 0)
(-0.18 0.05029971816 0)
(-0.175 0.05029971816 0)
(-0.17 0.05029971816 0)
(-0.165 0.05029971816 0)
(-0.16 0.05029971816 0)
(-0.155 0.05029971816 0)
(-0.15 0.05029971816 0)
(-0.145 0.05029971816 0)
(-0.14 0.05029971816 0)
(-0.135 0.05029971816 0)
(-0.13 0.05029971816 0)
(-0.125 0.05029971816 0)
(-0.12 0.05029971816 0)
(-0.115 0.05029971816 0)
(-0.11 0.05029971816 0)
(-0.105 0.05029971816 0)
(-0.1 0.05029971816 0)
(-0.095 0.05029971816 0)
(-0.09 0.05029971816 0)
(-0.085 0.05029971816 0)
(-0.08 0.05029971816 0)
(-0.075 0.05029971816 0)
(-0.07 0.05029971816 0)
(-0.065 0.05029971816 0)
(-0.06 0.05029971816 0)
(-0.055 0.05029971816 0)
(-0.05 0.05029971816 0)
(-0.045 0.05029971816 0)
(-0.04 0.05029971816 0)
(-0.035 0.05029971816 0)
(-0.03 0.05029971816 0)
(-0.025 0.05029971816 0)
(-0.02 0.05029971816 0)
(-0.015 0.05029971816 0)
(-0.01 0.05029971816 0)
(-0.005 0.05029971816 0)
(0 0.05029971816 0)
(-0.2 0.0540094339 0)
(-0.195 0.0540094339 0)
(-0.19 0.0540094339 0)
(-0.185 0.0540094339 0)
(-0.18 0.0540094339 0)
(-0.175 0.0540094339 0)
(-0.17 0.0540094339 0)
(-0.165 0.0540094339 0)
(-0.16 0.0540094339 0)
(-0.155 0.0540094339 0)
(-0.15 0.0540094339 0)
(-0.145 0.0540094339 0)
(-0.14 0.0540094339 0)
(-0.135 0.0540094339 0)
(-0.13 0.0540094339 0)
(-0.125 0.0540094339 0)
(-0.12 0.0540094339 0)
(-0.115 0.0540094339 0)
(-0.11 0.0540094339 0)
(-0.105 0.0540094339 0)
(-0.1 0.0540094339 0)
(-0.095 0.0540094339 0)
(-0.09 0.0540094339 0)
(-0.085 0.0540094339 0)
(-0.08 0.0540094339 0)
(-0.075 0.0540094339 0)
(-0.07 0.0540094339 0)
(-0.065 0.0540094339 0)
(-0.06 0.0540094339 0)
(-0.055 0.0540094339 0)
(-0.05 0.0540094339 0)
(-0.045 0.0540094339 0)
(-0.04 0.0540094339 0)
(-0.035 0.0540094339 0)
(-0.03 0.0540094339 0)
(-0.025 0.0540094339 0)
(-0.02 0.0540094339 0)
(-0.015 0.0540094339 0)
(-0.01 0.0540094339 0)
(-0.005 0.0540094339 0)
(0 0.0540094339 0)
(-0.2 0.0579734621 0)
(-0.195 0.0579734621 0)
(-0.19 0.0579734621 0)
(-0.185 0.0579734621 0)
(-0.18 0.0579734621 0)
(-0.175 0.0579734621 0)
(-0.17 0.0579734621 0)
(-0.165 0.0579734621 0)
(-0.16 0.0579734621 0)
(-0.155 0.0579734621 0)
(-0.15 0.0579734621 0)
(-0.145 0.0579734621 0)
(-0.14 0.0579734621 0)
(-0.135 0.0579734621 0)
(-0.13 0.0579734621 0)
(-0.125 0.0579734621 0)
(-0.12 0.0579734621 0)
(-0.115 0.0579734621 0)
(-0.11 0.0579734621 0)
(-0.105 0.0579734621 0)
(-0.1 0.0579734621 0)
(-0.095 0.0579734621 0)
(-0.09 0.0579734621 0)
(-0.085 0.0579734621 0)
(-0.08 0.0579734621 0)
(-0.075 0.0579734621 0)
(-0.07 0.0579734621 0)
(-0.065 0.0579734621 0)
(-0.06 0.0579734621 0)
(-0.055 0.0579734621 0)
(-0.05 0.0579734621 0)
(-0.045 0.0579734621 0)
(-0.04 0.0579734621 0)
(-0.035 0.0579734621 0)
(-0.03 0.0579734621 0)
(-0.025 0.0579734621 0)
(-0.02 0.0579734621 0)
(-0.015 0.0579734621 0)
(-0.01 0.0579734621 0)
(-0.005 0.0579734621 0)
(0 0.0579734621 0)
(-0.2 0.06220923664 0)
(-0.195 0.06220923664 0)
(-0.19 0.06220923664 0)
(-0.185 0.06220923664 0)
(-0.18 0.06220923664 0)
(-0.175 0.06220923664 0)
(-0.17 0.06220923664 0)
(-0.165 0.06220923664 0)
(-0.16 0.06220923664 0)
(-0.155 0.06220923664 0)
(-0.15 0.06220923664 0)
(-0.145 0.06220923664 0)
(-0.14 0.06220923664 0)
(-0.135 0.06220923664 0)
(-0.13 0.06220923664 0)
(-0.125 0.06220923664 0)
(-0.12 0.06220923664 0)
(-0.115 0.06220923664 0)
(-0.11 0.06220923664 0)
(-0.105 0.06220923664 0)
(-0.1 0.06220923664 0)
(-0.095 0.06220923664 0)
(-0.09 0.06220923664 0)
(-0.085 0.06220923664 0)
(-0.08 0.06220923664 0)
(-0.075 0.06220923664 0)
(-0.07 0.06220923664 0)
(-0.065 0.06220923664 0)
(-0.06 0.06220923664 0)
(-0.055 0.06220923664 0)
(-0.05 0.06220923664 0)
(-0.045 0.06220923664 0)
(-0.04 0.06220923664 0)
(-0.035 0.06220923664 0)
(-0.03 0.06220923664 0)
(-0.025 0.06220923664 0)
(-0.02 0.06220923664 0)
(-0.015 0.06220923664 0)
(-0.01 0.06220923664 0)
(-0.005 0.06220923664 0)
(0 0.06220923664 0)
(-0.2 0.06673538659 0)
(-0.195 0.06673538659 0)
(-0.19 0.06673538659 0)
(-0.185 0.06673538659 0)
(-0.18 0.06673538659 0)
(-0.175 0.06673538659 0)
(-0.17 0.06673538659 0)
(-0.165 0.06673538659 0)
(-0.16 0.06673538659 0)
(-0.155 0.06673538659 0)
(-0.15 0.06673538659 0)
(-0.145 0.06673538659 0)
(-0.14 0.06673538659 0)
(-0.135 0.06673538659 0)
(-0.13 0.06673538659 0)
(-0.125 0.06673538659 0)
(-0.12 0.06673538659 0)
(-0.115 0.06673538659 0)
(-0.11 0.06673538659 0)
(-0.105 0.06673538659 0)
(-0.1 0.06673538659 0)
(-0.095 0.06673538659 0)
(-0.09 0.06673538659 0)
(-0.085 0.06673538659 0)
(-0.08 0.06673538659 0)
(-0.075 0.06673538659 0)
(-0.07 0.06673538659 0)
(-0.065 0.06673538659 0)
(-0.06 0.06673538659 0)
(-0.055 0.06673538659 0)
(-0.05 0.06673538659 0)
(-0.045 0.06673538659 0)
(-0.04 0.06673538659 0)
(-0.035 0.06673538659 0)
(-0.03 0.06673538659 0)
(-0.025 0.06673538659 0)
(-0.02 0.06673538659 0)
(-0.015 0.06673538659 0)
(-0.01 0.06673538659 0)
(-0.005 0.06673538659 0)
(0 0.06673538659 0)
(-0.2 0.07157181808 0)
(-0.195 0.07157181808 0)
(-0.19 0.07157181808 0)
(-0.185 0.07157181808 0)
(-0.18 0.07157181808 0)
(-0.175 0.07157181808 0)
(-0.17 0.07157181808 0)
(-0.165 0.07157181808 0)
(-0.16 0.07157181808 0)
(-0.155 0.07157181808 0)
(-0.15 0.07157181808 0)
(-0.145 0.07157181808 0)
(-0.14 0.07157181808 0)
(-0.135 0.07157181808 0)
(-0.13 0.07157181808 0)
(-0.125 0.07157181808 0)
(-0.12 0.07157181808 0)
(-0.115 0.07157181808 0)
(-0.11 0.07157181808 0)
(-0.105 0.07157181808 0)
(-0.1 0.07157181808 0)
(-0.095 0.07157181808 0)
(-0.09 0.07157181808 0)
(-0.085 0.07157181808 0)
(-0.08 0.07157181808 0)
(-0.075 0.07157181808 0)
(-0.07 0.07157181808 0)
(-0.065 0.07157181808 0)
(-0.06 0.07157181808 0)
(-0.055 0.07157181808 0)
(-0.05 0.07157181808 0)
(-0.045 0.07157181808 0)
(-0.04 0.07157181808 0)
(-0.035 0.07157181808 0)
(-0.03 0.07157181808 0)
(-0.025 0.07157181808 0)
(-0.02 0.07157181808 0)
(-0.015 0.07157181808 0)
(-0.01 0.07157181808 0)
(-0.005 0.07157181808 0)
(0 0.07157181808 0)
(-0.2 0.07673980185 0)
(-0.195 0.07673980185 0)
(-0.19 0.07673980185 0)
(-0.185 0.07673980185 0)
(-0.18 0.07673980185 0)
(-0.175 0.07673980185 0)
(-0.17 0.07673980185 0)
(-0.165 0.07673980185 0)
(-0.16 0.07673980185 0)
(-0.155 0.07673980185 0)
(-0.15 0.07673980185 0)
(-0.145 0.07673980185 0)
(-0.14 0.07673980185 0)
(-0.135 0.07673980185 0)
(-0.13 0.07673980185 0)
(-0.125 0.07673980185 0)
(-0.12 0.07673980185 0)
(-0.115 0.07673980185 0)
(-0.11 0.07673980185 0)
(-0.105 0.07673980185 0)
(-0.1 0.07673980185 0)
(-0.095 0.07673980185 0)
(-0.09 0.07673980185 0)
(-0.085 0.07673980185 0)
(-0.08 0.07673980185 0)
(-0.075 0.07673980185 0)
(-0.07 0.07673980185 0)
(-0.065 0.07673980185 0)
(-0.06 0.07673980185 0)
(-0.055 0.07673980185 0)
(-0.05 0.07673980185 0)
(-0.045 0.07673980185 0)
(-0.04 0.07673980185 0)
(-0.035 0.07673980185 0)
(-0.03 0.07673980185 0)
(-0.025 0.07673980185 0)
(-0.02 0.07673980185 0)
(-0.015 0.07673980185 0)
(-0.01 0.07673980185 0)
(-0.005 0.07673980185 0)
(0 0.07673980185 0)
(-0.2 0.08226206685 0)
(-0.195 0.08226206685 0)
(-0.19 0.08226206685 0)
(-0.185 0.08226206685 0)
(-0.18 0.08226206685 0)
(-0.175 0.08226206685 0)
(-0.17 0.08226206685 0)
(-0.165 0.08226206685 0)
(-0.16 0.08226206685 0)
(-0.155 0.08226206685 0)
(-0.15 0.08226206685 0)
(-0.145 0.08226206685 0)
(-0.14 0.08226206685 0)
(-0.135 0.08226206685 0)
(-0.13 0.08226206685 0)
(-0.125 0.08226206685 0)
(-0.12 0.08226206685 0)
(-0.115 0.08226206685 0)
(-0.11 0.08226206685 0)
(-0.105 0.08226206685 0)
(-0.1 0.08226206685 0)
(-0.095 0.08226206685 0)
(-0.09 0.08226206685 0)
(-0.085 0.08226206685 0)
(-0.08 0.08226206685 0)
(-0.075 0.08226206685 0)
(-0.07 0.08226206685 0)
(-0.065 0.08226206685 0)
(-0.06 0.08226206685 0)
(-0.055 0.08226206685 0)
(-0.05 0.08226206685 0)
(-0.045 0.08226206685 0)
(-0.04 0.08226206685 0)
(-0.035 0.08226206685 0)
(-0.03 0.08226206685 0)
(-0.025 0.08226206685 0)
(-0.02 0.08226206685 0)
(-0.015 0.08226206685 0)
(-0.01 0.08226206685 0)
(-0.005 0.08226206685 0)
(0 0.08226206685 0)
(-0.2 0.08816290014 0)
(-0.195 0.08816290014 0)
(-0.19 0.08816290014 0)
(-0.185 0.08816290014 0)
(-0.18 0.08816290014 0)
(-0.175 0.08816290014 0)
(-0.17 0.08816290014 0)
(-0.165 0.08816290014 0)
(-0.16 0.08816290014 0)
(-0.155 0.08816290014 0)
(-0.15 0.08816290014 0)
(-0.145 0.08816290014 0)
(-0.14 0.08816290014 0)
(-0.135 0.08816290014 0)
(-0.13 0.08816290014 0)
(-0.125 0.08816290014 0)
(-0.12 0.08816290014 0)
(-0.115 0.08816290014 0)
(-0.11 0.08816290014 0)
(-0.105 0.08816290014 0)
(-0.1 0.08816290014 0)
(-0.095 0.08816290014 0)
(-0.09 0.08816290014 0)
(-0.085 0.08816290014 0)
(-0.08 0.08816290014 0)
(-0.075 0.08816290014 0)
(-0.07 0.08816290014 0)
(-0.065 0.08816290014 0)
(-0.06 0.08816290014 0)
(-0.055 0.08816290014 0)
(-0.05 0.08816290014 0)
(-0.045 0.08816290014 0)
(-0.04 0.08816290014 0)
(-0.035 0.08816290014 0)
(-0.03 0.08816290014 0)
(-0.025 0.08816290014 0)
(-0.02 0.08816290014 0)
(-0.015 0.08816290014 0)
(-0.01 0.08816290014 0)
(-0.005 0.08816290014 0)
(0 0.08816290014 0)
(-0.2 0.09446825374 0)
(-0.195 0.09446825374 0)
(-0.19 0.09446825374 0)
(-0.185 0.09446825374 0)
(-0.18 0.09446825374 0)
(-0.175 0.09446825374 0)
(-0.17 0.09446825374 0)
(-0.165 0.09446825374 0)
(-0.16 0.09446825374 0)
(-0.155 0.09446825374 0)
(-0.15 0.09446825374 0)
(-0.145 0.09446825374 0)
(-0.14 0.09446825374 0)
(-0.135 0.09446825374 0)
(-0.13 0.09446825374 0)
(-0.125 0.09446825374 0)
(-0.12 0.09446825374 0)
(-0.115 0.09446825374 0)
(-0.11 0.09446825374 0)
(-0.105 0.09446825374 0)
(-0.1 0.09446825374 0)
(-0.095 0.09446825374 0)
(-0.09 0.09446825374 0)
(-0.085 0.09446825374 0)
(-0.08 0.09446825374 0)
(-0.075 0.09446825374 0)
(-0.07 0.09446825374 0)
(-0.065 0.09446825374 0)
(-0.06 0.09446825374 0)
(-0.055 0.09446825374 0)
(-0.05 0.09446825374 0)
(-0.045 0.09446825374 0)
(-0.04 0.09446825374 0)
(-0.035 0.09446825374 0)
(-0.03 0.09446825374 0)
(-0.025 0.09446825374 0)
(-0.02 0.09446825374 0)
(-0.015 0.09446825374 0)
(-0.01 0.09446825374 0)
(-0.005 0.09446825374 0)
(0 0.09446825374 0)
(-0.2 0.1012058588 0)
(-0.195 0.1012058588 0)
(-0.19 0.1012058588 0)
(-0.185 0.1012058588 0)
(-0.18 0.1012058588 0)
(-0.175 0.1012058588 0)
(-0.17 0.1012058588 0)
(-0.165 0.1012058588 0)
(-0.16 0.1012058588 0)
(-0.155 0.1012058588 0)
(-0.15 0.1012058588 0)
(-0.145 0.1012058588 0)
(-0.14 0.1012058588 0)
(-0.135 0.1012058588 0)
(-0.13 0.1012058588 0)
(-0.125 0.1012058588 0)
(-0.12 0.1012058588 0)
(-0.115 0.1012058588 0)
(-0.11 0.1012058588 0)
(-0.105 0.1012058588 0)
(-0.1 0.1012058588 0)
(-0.095 0.1012058588 0)
(-0.09 0.1012058588 0)
(-0.085 0.1012058588 0)
(-0.08 0.1012058588 0)
(-0.075 0.1012058588 0)
(-0.07 0.1012058588 0)
(-0.065 0.1012058588 0)
(-0.06 0.1012058588 0)
(-0.055 0.1012058588 0)
(-0.05 0.1012058588 0)
(-0.045 0.1012058588 0)
(-0.04 0.1012058588 0)
(-0.035 0.1012058588 0)
(-0.03 0.1012058588 0)
(-0.025 0.1012058588 0)
(-0.02 0.1012058588 0)
(-0.015 0.1012058588 0)
(-0.01 0.1012058588 0)
(-0.005 0.1012058588 0)
(0 0.1012058588 0)
(-0.2 0.1084053474 0)
(-0.195 0.1084053474 0)
(-0.19 0.1084053474 0)
(-0.185 0.1084053474 0)
(-0.18 0.1084053474 0)
(-0.175 0.1084053474 0)
(-0.17 0.1084053474 0)
(-0.165 0.1084053474 0)
(-0.16 0.1084053474 0)
(-0.155 0.1084053474 0)
(-0.15 0.1084053474 0)
(-0.145 0.1084053474 0)
(-0.14 0.1084053474 0)
(-0.135 0.1084053474 0)
(-0.13 0.1084053474 0)
(-0.125 0.1084053474 0)
(-0.12 0.1084053474 0)
(-0.115 0.1084053474 0)
(-0.11 0.1084053474 0)
(-0.105 0.1084053474 0)
(-0.1 0.1084053474 0)
(-0.095 0.1084053474 0)
(-0.09 0.1084053474 0)
(-0.085 0.1084053474 0)
(-0.08 0.1084053474 0)
(-0.075 0.1084053474 0)
(-0.07 0.1084053474 0)
(-0.065 0.1084053474 0)
(-0.06 0.1084053474 0)
(-0.055 0.1084053474 0)
(-0.05 0.1084053474 0)
(-0.045 0.1084053474 0)
(-0.04 0.1084053474 0)
(-0.035 0.1084053474 0)
(-0.03 0.1084053474 0)
(-0.025 0.1084053474 0)
(-0.02 0.1084053474 0)
(-0.015 0.1084053474 0)
(-0.01 0.1084053474 0)
(-0.005 0.1084053474 0)
(0 0.1084053474 0)
(-0.2 0.1160983832 0)
(-0.195 0.1160983832 0)
(-0.19 0.1160983832 0)
(-0.185 0.1160983832 0)
(-0.18 0.1160983832 0)
(-0.175 0.1160983832 0)
(-0.17 0.1160983832 0)
(-0.165 0.1160983832 0)
(-0.16 0.1160983832 0)
(-0.155 0.1160983832 0)
(-0.15 0.1160983832 0)
(-0.145 0.1160983832 0)
(-0.14 0.1160983832 0)
(-0.135 0.1160983832 0)
(-0.13 0.1160983832 0)
(-0.125 0.1160983832 0)
(-0.12 0.1160983832 0)
(-0.115 0.1160983832 0)
(-0.11 0.1160983832 0)
(-0.105 0.1160983832 0)
(-0.1 0.1160983832 0)
(-0.095 0.1160983832 0)
(-0.09 0.1160983832 0)
(-0.085 0.1160983832 0)
(-0.08 0.1160983832 0)
(-0.075 0.1160983832 0)
(-0.07 0.1160983832 0)
(-0.065 0.1160983832 0)
(-0.06 0.1160983832 0)
(-0.055 0.1160983832 0)
(-0.05 0.1160983832 0)
(-0.045 0.1160983832 0)
(-0.04 0.1160983832 0)
(-0.035 0.1160983832 0)
(-0.03 0.1160983832 0)
(-0.025 0.1160983832 0)
(-0.02 0.1160983832 0)
(-0.015 0.1160983832 0)
(-0.01 0.1160983832 0)
(-0.005 0.1160983832 0)
(0 0.1160983832 0)
(-0.2 0.1243188003 0)
(-0.195 0.1243188003 0)
(-0.19 0.1243188003 0)
(-0.185 0.1243188003 0)
(-0.18 0.1243188003 0)
(-0.175 0.1243188003 0)
(-0.17 0.1243188003 0)
(-0.165 0.1243188003 0)
(-0.16 0.1243188003 0)
(-0.155 0.1243188003 0)
(-0.15 0.1243188003 0)
(-0.145 0.1243188003 0)
(-0.14 0.1243188003 0)
(-0.135 0.1243188003 0)
(-0.13 0.1243188003 0)
(-0.125 0.1243188003 0)
(-0.12 0.1243188003 0)
(-0.115 0.1243188003 0)
(-0.11 0.1243188003 0)
(-0.105 0.1243188003 0)
(-0.1 0.1243188003 0)
(-0.095 0.1243188003 0)
(-0.09 0.1243188003 0)
(-0.085 0.1243188003 0)
(-0.08 0.1243188003 0)
(-0.075 0.1243188003 0)
(-0.07 0.1243188003 0)
(-0.065 0.1243188003 0)
(-0.06 0.1243188003 0)
(-0.055 0.1243188003 0)
(-0.05 0.1243188003 0)
(-0.045 0.1243188003 0)
(-0.04 0.1243188003 0)
(-0.035 0.1243188003 0)
(-0.03 0.1243188003 0)
(-0.025 0.1243188003 0)
(-0.02 0.1243188003 0)
(-0.015 0.1243188003 0)
(-0.01 0.1243188003 0)
(-0.005 0.1243188003 0)
(0 0.1243188003 0)
(-0.2 0.1331027523 0)
(-0.195 0.1331027523 0)
(-0.19 0.1331027523 0)
(-0.185 0.1331027523 0)
(-0.18 0.1331027523 0)
(-0.175 0.1331027523 0)
(-0.17 0.1331027523 0)
(-0.165 0.1331027523 0)
(-0.16 0.1331027523 0)
(-0.155 0.1331027523 0)
(-0.15 0.1331027523 0)
(-0.145 0.1331027523 0)
(-0.14 0.1331027523 0)
(-0.135 0.1331027523 0)
(-0.13 0.1331027523 0)
(-0.125 0.1331027523 0)
(-0.12 0.1331027523 0)
(-0.115 0.1331027523 0)
(-0.11 0.1331027523 0)
(-0.105 0.1331027523 0)
(-0.1 0.1331027523 0)
(-0.095 0.1331027523 0)
(-0.09 0.1331027523 0)
(-0.085 0.1331027523 0)
(-0.08 0.1331027523 0)
(-0.075 0.1331027523 0)
(-0.07 0.1331027523 0)
(-0.065 0.1331027523 0)
(-0.06 0.1331027523 0)
(-0.055 0.1331027523 0)
(-0.05 0.1331027523 0)
(-0.045 0.1331027523 0)
(-0.04 0.1331027523 0)
(-0.035 0.1331027523 0)
(-0.03 0.1331027523 0)
(-0.025 0.1331027523 0)
(-0.02 0.1331027523 0)
(-0.015 0.1331027523 0)
(-0.01 0.1331027523 0)
(-0.005 0.1331027523 0)
(0 0.1331027523 0)
(-0.2 0.1424888713 0)
(-0.195 0.1424888713 0)
(-0.19 0.1424888713 0)
(-0.185 0.1424888713 0)
(-0.18 0.1424888713 0)
(-0.175 0.1424888713 0)
(-0.17 0.1424888713 0)
(-0.165 0.1424888713 0)
(-0.16 0.1424888713 0)
(-0.155 0.1424888713 0)
(-0.15 0.1424888713 0)
(-0.145 0.1424888713 0)
(-0.14 0.1424888713 0)
(-0.135 0.1424888713 0)
(-0.13 0.1424888713 0)
(-0.125 0.1424888713 0)
(-0.12 0.1424888713 0)
(-0.115 0.1424888713 0)
(-0.11 0.1424888713 0)
(-0.105 0.1424888713 0)
(-0.1 0.1424888713 0)
(-0.095 0.1424888713 0)
(-0.09 0.1424888713 0)
(-0.085 0.1424888713 0)
(-0.08 0.1424888713 0)
(-0.075 0.1424888713 0)
(-0.07 0.1424888713 0)
(-0.065 0.1424888713 0)
(-0.06 0.1424888713 0)
(-0.055 0.1424888713 0)
(-0.05 0.1424888713 0)
(-0.045 0.1424888713 0)
(-0.04 0.1424888713 0)
(-0.035 0.1424888713 0)
(-0.03 0.1424888713 0)
(-0.025 0.1424888713 0)
(-0.02 0.1424888713 0)
(-0.015 0.1424888713 0)
(-0.01 0.1424888713 0)
(-0.005 0.1424888713 0)
(0 0.1424888713 0)
(-0.2 0.1525184378 0)
(-0.195 0.1525184378 0)
(-0.19 0.1525184378 0)
(-0.185 0.1525184378 0)
(-0.18 0.1525184378 0)
(-0.175 0.1525184378 0)
(-0.17 0.1525184378 0)
(-0.165 0.1525184378 0)
(-0.16 0.1525184378 0)
(-0.155 0.1525184378 0)
(-0.15 0.1525184378 0)
(-0.145 0.1525184378 0)
(-0.14 0.1525184378 0)
(-0.135 0.1525184378 0)
(-0.13 0.1525184378 0)
(-0.125 0.1525184378 0)
(-0.12 0.1525184378 0)
(-0.115 0.1525184378 0)
(-0.11 0.1525184378 0)
(-0.105 0.1525184378 0)
(-0.1 0.1525184378 0)
(-0.095 0.1525184378 0)
(-0.09 0.1525184378 0)
(-0.085 0.1525184378 0)
(-0.08 0.1525184378 0)
(-0.075 0.1525184378 0)
(-0.07 0.1525184378 0)
(-0.065 0.1525184378 0)
(-0.06 0.1525184378 0)
(-0.055 0.1525184378 0)
(-0.05 0.1525184378 0)
(-0.045 0.1525184378 0)
(-0.04 0.1525184378 0)
(-0.035 0.1525184378 0)
(-0.03 0.1525184378 0)
(-0.025 0.1525184378 0)
(-0.02 0.1525184378 0)
(-0.015 0.1525184378 0)
(-0.01 0.1525184378 0)
(-0.005 0.1525184378 0)
(0 0.1525184378 0)
(-0.2 0.1632355619 0)
(-0.195 0.1632355619 0)
(-0.19 0.1632355619 0)
(-0.185 0.1632355619 0)
(-0.18 0.1632355619 0)
(-0.175 0.1632355619 0)
(-0.17 0.1632355619 0)
(-0.165 0.1632355619 0)
(-0.16 0.1632355619 0)
(-0.155 0.1632355619 0)
(-0.15 0.1632355619 0)
(-0.145 0.1632355619 0)
(-0.14 0.1632355619 0)
(-0.135 0.1632355619 0)
(-0.13 0.1632355619 0)
(-0.125 0.1632355619 0)
(-0.12 0.1632355619 0)
(-0.115 0.1632355619 0)
(-0.11 0.1632355619 0)
(-0.105 0.1632355619 0)
(-0.1 0.1632355619 0)
(-0.095 0.1632355619 0)
(-0.09 0.1632355619 0)
(-0.085 0.1632355619 0)
(-0.08 0.1632355619 0)
(-0.075 0.1632355619 0)
(-0.07 0.1632355619 0)
(-0.065 0.1632355619 0)
(-0.06 0.1632355619 0)
(-0.055 0.1632355619 0)
(-0.05 0.1632355619 0)
(-0.045 0.1632355619 0)
(-0.04 0.1632355619 0)
(-0.035 0.1632355619 0)
(-0.03 0.1632355619 0)
(-0.025 0.1632355619 0)
(-0.02 0.1632355619 0)
(-0.015 0.1632355619 0)
(-0.01 0.1632355619 0)
(-0.005 0.1632355619 0)
(0 0.1632355619 0)
(-0.2 0.1746873779 0)
(-0.195 0.1746873779 0)
(-0.19 0.1746873779 0)
(-0.185 0.1746873779 0)
(-0.18 0.1746873779 0)
(-0.175 0.1746873779 0)
(-0.17 0.1746873779 0)
(-0.165 0.1746873779 0)
(-0.16 0.1746873779 0)
(-0.155 0.1746873779 0)
(-0.15 0.1746873779 0)
(-0.145 0.1746873779 0)
(-0.14 0.1746873779 0)
(-0.135 0.1746873779 0)
(-0.13 0.1746873779 0)
(-0.125 0.1746873779 0)
(-0.12 0.1746873779 0)
(-0.115 0.1746873779 0)
(-0.11 0.1746873779 0)
(-0.105 0.1746873779 0)
(-0.1 0.1746873779 0)
(-0.095 0.1746873779 0)
(-0.09 0.1746873779 0)
(-0.085 0.1746873779 0)
(-0.08 0.1746873779 0)
(-0.075 0.1746873779 0)
(-0.07 0.1746873779 0)
(-0.065 0.1746873779 0)
(-0.06 0.1746873779 0)
(-0.055 0.1746873779 0)
(-0.05 0.1746873779 0)
(-0.045 0.1746873779 0)
(-0.04 0.1746873779 0)
(-0.035 0.1746873779 0)
(-0.03 0.1746873779 0)
(-0.025 0.1746873779 0)
(-0.02 0.1746873779 0)
(-0.015 0.1746873779 0)
(-0.01 0.1746873779 0)
(-0.005 0.1746873779 0)
(0 0.1746873779 0)
(-0.2 0.1869242513 0)
(-0.195 0.1869242513 0)
(-0.19 0.1869242513 0)
(-0.185 0.1869242513 0)
(-0.18 0.1869242513 0)
(-0.175 0.1869242513 0)
(-0.17 0.1869242513 0)
(-0.165 0.1869242513 0)
(-0.16 0.1869242513 0)
(-0.155 0.1869242513 0)
(-0.15 0.1869242513 0)
(-0.145 0.1869242513 0)
(-0.14 0.1869242513 0)
(-0.135 0.1869242513 0)
(-0.13 0.1869242513 0)
(-0.125 0.1869242513 0)
(-0.12 0.1869242513 0)
(-0.115 0.1869242513 0)
(-0.11 0.1869242513 0)
(-0.105 0.1869242513 0)
(-0.1 0.1869242513 0)
(-0.095 0.1869242513 0)
(-0.09 0.1869242513 0)
(-0.085 0.1869242513 0)
(-0.08 0.1869242513 0)
(-0.075 0.1869242513 0)
(-0.07 0.1869242513 0)
(-0.065 0.1869242513 0)
(-0.06 0.1869242513 0)
(-0.055 0.1869242513 0)
(-0.05 0.1869242513 0)
(-0.045 0.1869242513 0)
(-0.04 0.1869242513 0)
(-0.035 0.1869242513 0)
(-0.03 0.1869242513 0)
(-0.025 0.1869242513 0)
(-0.02 0.1869242513 0)
(-0.015 0.1869242513 0)
(-0.01 0.1869242513 0)
(-0.005 0.1869242513 0)
(0 0.1869242513 0)
(-0.2 0.2 0)
(-0.195 0.2 0)
(-0.19 0.2 0)
(-0.185 0.2 0)
(-0.18 0.2 0)
(-0.175 0.2 0)
(-0.17 0.2 0)
(-0.165 0.2 0)
(-0.16 0.2 0)
(-0.155 0.2 0)
(-0.15 0.2 0)
(-0.145 0.2 0)
(-0.14 0.2 0)
(-0.135 0.2 0)
(-0.13 0.2 0)
(-0.125 0.2 0)
(-0.12 0.2 0)
(-0.115 0.2 0)
(-0.11 0.2 0)
(-0.105 0.2 0)
(-0.1 0.2 0)
(-0.095 0.2 0)
(-0.09 0.2 0)
(-0.085 0.2 0)
(-0.08 0.2 0)
(-0.075 0.2 0)
(-0.07 0.2 0)
(-0.065 0.2 0)
(-0.06 0.2 0)
(-0.055 0.2 0)
(-0.05 0.2 0)
(-0.045 0.2 0)
(-0.04 0.2 0)
(-0.035 0.2 0)
(-0.03 0.2 0)
(-0.025 0.2 0)
(-0.02 0.2 0)
(-0.015 0.2 0)
(-0.01 0.2 0)
(-0.005 0.2 0)
(0 0.2 0)
(-0.2 0 0.01)
(-0.195 0 0.01)
(-0.19 0 0.01)
(-0.185 0 0.01)
(-0.18 0 0.01)
(-0.175 0 0.01)
(-0.17 0 0.01)
(-0.165 0 0.01)
(-0.16 0 0.01)
(-0.155 0 0.01)
(-0.15 0 0.01)
(-0.145 0 0.01)
(-0.14 0 0.01)
(-0.135 0 0.01)
(-0.13 0 0.01)
(-0.125 0 0.01)
(-0.12 0 0.01)
(-0.115 0 0.01)
(-0.11 0 0.01)
(-0.105 0 0.01)
(-0.1 0 0.01)
(-0.095 0 0.01)
(-0.09 0 0.01)
(-0.085 0 0.01)
(-0.08 0 0.01)
(-0.075 0 0.01)
(-0.07 0 0.01)
(-0.065 0 0.01)
(-0.06 0 0.01)
(-0.055 0 0.01)
(-0.05 0 0.01)
(-0.045 0 0.01)
(-0.04 0 0.01)
(-0.035 0 0.01)
(-0.03 0 0.01)
(-0.025 0 0.01)
(-0.02 0 0.01)
(-0.015 0 0.01)
(-0.01 0 0.01)
(-0.005 0 0.01)
(0 0 0.01)
(-0.2 0.0002615149745 0.01)
(-0.195 0.0002615149745 0.01)
(-0.19 0.0002615149745 0.01)
(-0.185 0.0002615149745 0.01)
(-0.18 0.0002615149745 0.01)
(-0.175 0.0002615149745 0.01)
(-0.17 0.0002615149745 0.01)
(-0.165 0.0002615149745 0.01)
(-0.16 0.0002615149745 0.01)
(-0.155 0.0002615149745 0.01)
(-0.15 0.0002615149745 0.01)
(-0.145 0.0002615149745 0.01)
(-0.14 0.0002615149745 0.01)
(-0.135 0.0002615149745 0.01)
(-0.13 0.0002615149745 0.01)
(-0.125 0.0002615149745 0.01)
(-0.12 0.0002615149745 0.01)
(-0.115 0.0002615149745 0.01)
(-0.11 0.0002615149745 0.01)
(-0.105 0.0002615149745 0.01)
(-0.1 0.0002615149745 0.01)
(-0.095 0.0002615149745 0.01)
(-0.09 0.0002615149745 0.01)
(-0.085 0.0002615149745 0.01)
(-0.08 0.0002615149745 0.01)
(-0.075 0.0002615149745 0.01)
(-0.07 0.0002615149745 0.01)
(-0.065 0.0002615149745 0.01)
(-0.06 0.0002615149745 0.01)
(-0.055 0.0002615149745 0.01)
(-0.05 0.0002615149745 0.01)
(-0.045 0.0002615149745 0.01)
(-0.04 0.0002615149745 0.01)
(-0.035 0.0002615149745 0.01)
(-0.03 0.0002615149745 0.01)
(-0.025 0.0002615149745 0.01)
(-0.02 0.0002615149745 0.01)
(-0.015 0.0002615149745 0.01)
(-0.01 0.0002615149745 0.01)
(-0.005 0.0002615149745 0.01)
(0 0.0002615149745 0.01)
(-0.2 0.0005409576069 0.01)
(-0.195 0.0005409576069 0.01)
(-0.19 0.0005409576069 0.01)
(-0.185 0.0005409576069 0.01)
(-0.18 0.0005409576069 0.01)
(-0.175 0.0005409576069 0.01)
(-0.17 0.0005409576069 0.01)
(-0.165 0.0005409576069 0.01)
(-0.16 0.0005409576069 0.01)
(-0.155 0.0005409576069 0.01)
(-0.15 0.0005409576069 0.01)
(-0.145 0.0005409576069 0.01)
(-0.14 0.0005409576069 0.01)
(-0.135 0.0005409576069 0.01)
(-0.13 0.0005409576069 0.01)
(-0.125 0.0005409576069 0.01)
(-0.12 0.0005409576069 0.01)
(-0.115 0.0005409576069 0.01)
(-0.11 0.0005409576069 0.01)
(-0.105 0.0005409576069 0.01)
(-0.1 0.0005409576069 0.01)
(-0.095 0.0005409576069 0.01)
(-0.09 0.0005409576069 0.01)
(-0.085 0.0005409576069 0.01)
(-0.08 0.0005409576069 0.01)
(-0.075 0.0005409576069 0.01)
(-0.07 0.0005409576069 0.01)
(-0.065 0.0005409576069 0.01)
(-0.06 0.0005409576069 0.01)
(-0.055 0.0005409576069 0.01)
(-0.05 0.0005409576069 0.01)
(-0.045 0.0005409576069 0.01)
(-0.04 0.0005409576069 0.01)
(-0.035 0.0005409576069 0.01)
(-0.03 0.0005409576069 0.01)
(-0.025 0.0005409576069 0.01)
(-0.02 0.0005409576069 0.01)
(-0.015 0.0005409576069 0.01)
(-0.01 0.0005409576069 0.01)
(-0.005 0.0005409576069 0.01)
(0 0.0005409576069 0.01)
(-0.2 0.0008395568933 0.01)
(-0.195 0.0008395568933 0.01)
(-0.19 0.0008395568933 0.01)
(-0.185 0.0008395568933 0.01)
(-0.18 0.0008395568933 0.01)
(-0.175 0.0008395568933 0.01)
(-0.17 0.0008395568933 0.01)
(-0.165 0.0008395568933 0.01)
(-0.16 0.0008395568933 0.01)
(-0.155 0.0008395568933 0.01)
(-0.15 0.0008395568933 0.01)
(-0.145 0.0008395568933 0.01)
(-0.14 0.0008395568933 0.01)
(-0.135 0.0008395568933 0.01)
(-0.13 0.0008395568933 0.01)
(-0.125 0.0008395568933 0.01)
(-0.12 0.0008395568933 0.01)
(-0.115 0.0008395568933 0.01)
(-0.11 0.0008395568933 0.01)
(-0.105 0.0008395568933 0.01)
(-0.1 0.0008395568933 0.01)
(-0.095 0.0008395568933 0.01)
(-0.09 0.0008395568933 0.01)
(-0.085 0.0008395568933 0.01)
(-0.08 0.0008395568933 0.01)
(-0.075 0.0008395568933 0.01)
(-0.07 0.0008395568933 0.01)
(-0.065 0.0008395568933 0.01)
(-0.06 0.0008395568933 0.01)
(-0.055 0.0008395568933 0.01)
(-0.05 0.0008395568933 0.01)
(-0.045 0.0008395568933 0.01)
(-0.04 0.0008395568933 0.01)
(-0.035 0.0008395568933 0.01)
(-0.03 0.0008395568933 0.01)
(-0.025 0.0008395568933 0.01)
(-0.02 0.0008395568933 0.01)
(-0.015 0.0008395568933 0.01)
(-0.01 0.0008395568933 0.01)
(-0.005 0.0008395568933 0.01)
(0 0.0008395568933 0.01)
(-0.2 0.001158626081 0.01)
(-0.195 0.001158626081 0.01)
(-0.19 0.001158626081 0.01)
(-0.185 0.001158626081 0.01)
(-0.18 0.001158626081 0.01)
(-0.175 0.001158626081 0.01)
(-0.17 0.001158626081 0.01)
(-0.165 0.001158626081 0.01)
(-0.16 0.001158626081 0.01)
(-0.155 0.001158626081 0.01)
(-0.15 0.001158626081 0.01)
(-0.145 0.001158626081 0.01)
(-0.14 0.001158626081 0.01)
(-0.135 0.001158626081 0.01)
(-0.13 0.001158626081 0.01)
(-0.125 0.001158626081 0.01)
(-0.12 0.001158626081 0.01)
(-0.115 0.001158626081 0.01)
(-0.11 0.001158626081 0.01)
(-0.105 0.001158626081 0.01)
(-0.1 0.001158626081 0.01)
(-0.095 0.001158626081 0.01)
(-0.09 0.001158626081 0.01)
(-0.085 0.001158626081 0.01)
(-0.08 0.001158626081 0.01)
(-0.075 0.001158626081 0.01)
(-0.07 0.001158626081 0.01)
(-0.065 0.001158626081 0.01)
(-0.06 0.001158626081 0.01)
(-0.055 0.001158626081 0.01)
(-0.05 0.001158626081 0.01)
(-0.045 0.001158626081 0.01)
(-0.04 0.001158626081 0.01)
(-0.035 0.001158626081 0.01)
(-0.03 0.001158626081 0.01)
(-0.025 0.001158626081 0.01)
(-0.02 0.001158626081 0.01)
(-0.015 0.001158626081 0.01)
(-0.01 0.001158626081 0.01)
(-0.005 0.001158626081 0.01)
(0 0.001158626081 0.01)
(-0.2 0.001499568446 0.01)
(-0.195 0.001499568446 0.01)
(-0.19 0.001499568446 0.01)
(-0.185 0.001499568446 0.01)
(-0.18 0.001499568446 0.01)
(-0.175 0.001499568446 0.01)
(-0.17 0.001499568446 0.01)
(-0.165 0.001499568446 0.01)
(-0.16 0.001499568446 0.01)
(-0.155 0.001499568446 0.01)
(-0.15 0.001499568446 0.01)
(-0.145 0.001499568446 0.01)
(-0.14 0.001499568446 0.01)
(-0.135 0.001499568446 0.01)
(-0.13 0.001499568446 0.01)
(-0.125 0.001499568446 0.01)
(-0.12 0.001499568446 0.01)
(-0.115 0.001499568446 0.01)
(-0.11 0.001499568446 0.01)
(-0.105 0.001499568446 0.01)
(-0.1 0.001499568446 0.01)
(-0.095 0.001499568446 0.01)
(-0.09 0.001499568446 0.01)
(-0.085 0.001499568446 0.01)
(-0.08 0.001499568446 0.01)
(-0.075 0.001499568446 0.01)
(-0.07 0.001499568446 0.01)
(-0.065 0.001499568446 0.01)
(-0.06 0.001499568446 0.01)
(-0.055 0.001499568446 0.01)
(-0.05 0.001499568446 0.01)
(-0.045 0.001499568446 0.01)
(-0.04 0.001499568446 0.01)
(-0.035 0.001499568446 0.01)
(-0.03 0.001499568446 0.01)
(-0.025 0.001499568446 0.01)
(-0.02 0.001499568446 0.01)
(-0.015 0.001499568446 0.01)
(-0.01 0.001499568446 0.01)
(-0.005 0.001499568446 0.01)
(0 0.001499568446 0.01)
(-0.2 0.001863883461 0.01)
(-0.195 0.001863883461 0.01)
(-0.19 0.001863883461 0.01)
(-0.185 0.001863883461 0.01)
(-0.18 0.001863883461 0.01)
(-0.175 0.001863883461 0.01)
(-0.17 0.001863883461 0.01)
(-0.165 0.001863883461 0.01)
(-0.16 0.001863883461 0.01)
(-0.155 0.001863883461 0.01)
(-0.15 0.001863883461 0.01)
(-0.145 0.001863883461 0.01)
(-0.14 0.001863883461 0.01)
(-0.135 0.001863883461 0.01)
(-0.13 0.001863883461 0.01)
(-0.125 0.001863883461 0.01)
(-0.12 0.001863883461 0.01)
(-0.115 0.001863883461 0.01)
(-0.11 0.001863883461 0.01)
(-0.105 0.001863883461 0.01)
(-0.1 0.001863883461 0.01)
(-0.095 0.001863883461 0.01)
(-0.09 0.001863883461 0.01)
(-0.085 0.001863883461 0.01)
(-0.08 0.001863883461 0.01)
(-0.075 0.001863883461 0.01)
(-0.07 0.001863883461 0.01)
(-0.065 0.001863883461 0.01)
(-0.06 0.001863883461 0.01)
(-0.055 0.001863883461 0.01)
(-0.05 0.001863883461 0.01)
(-0.045 0.001863883461 0.01)
(-0.04 0.001863883461 0.01)
(-0.035 0.001863883461 0.01)
(-0.03 0.001863883461 0.01)
(-0.025 0.001863883461 0.01)
(-0.02 0.001863883461 0.01)
(-0.015 0.001863883461 0.01)
(-0.01 0.001863883461 0.01)
(-0.005 0.001863883461 0.01)
(0 0.001863883461 0.01)
(-0.2 0.002253173394 0.01)
(-0.195 0.002253173394 0.01)
(-0.19 0.002253173394 0.01)
(-0.185 0.002253173394 0.01)
(-0.18 0.002253173394 0.01)
(-0.175 0.002253173394 0.01)
(-0.17 0.002253173394 0.01)
(-0.165 0.002253173394 0.01)
(-0.16 0.002253173394 0.01)
(-0.155 0.002253173394 0.01)
(-0.15 0.002253173394 0.01)
(-0.145 0.002253173394 0.01)
(-0.14 0.002253173394 0.01)
(-0.135 0.002253173394 0.01)
(-0.13 0.002253173394 0.01)
(-0.125 0.002253173394 0.01)
(-0.12 0.002253173394 0.01)
(-0.115 0.002253173394 0.01)
(-0.11 0.002253173394 0.01)
(-0.105 0.002253173394 0.01)
(-0.1 0.002253173394 0.01)
(-0.095 0.002253173394 0.01)
(-0.09 0.002253173394 0.01)
(-0.085 0.002253173394 0.01)
(-0.08 0.002253173394 0.01)
(-0.075 0.002253173394 0.01)
(-0.07 0.002253173394 0.01)
(-0.065 0.002253173394 0.01)
(-0.06 0.002253173394 0.01)
(-0.055 0.002253173394 0.01)
(-0.05 0.002253173394 0.01)
(-0.045 0.002253173394 0.01)
(-0.04 0.002253173394 0.01)
(-0.035 0.002253173394 0.01)
(-0.03 0.002253173394 0.01)
(-0.025 0.002253173394 0.01)
(-0.02 0.002253173394 0.01)
(-0.015 0.002253173394 0.01)
(-0.01 0.002253173394 0.01)
(-0.005 0.002253173394 0.01)
(0 0.002253173394 0.01)
(-0.2 0.002669150351 0.01)
(-0.195 0.002669150351 0.01)
(-0.19 0.002669150351 0.01)
(-0.185 0.002669150351 0.01)
(-0.18 0.002669150351 0.01)
(-0.175 0.002669150351 0.01)
(-0.17 0.002669150351 0.01)
(-0.165 0.002669150351 0.01)
(-0.16 0.002669150351 0.01)
(-0.155 0.002669150351 0.01)
(-0.15 0.002669150351 0.01)
(-0.145 0.002669150351 0.01)
(-0.14 0.002669150351 0.01)
(-0.135 0.002669150351 0.01)
(-0.13 0.002669150351 0.01)
(-0.125 0.002669150351 0.01)
(-0.12 0.002669150351 0.01)
(-0.115 0.002669150351 0.01)
(-0.11 0.002669150351 0.01)
(-0.105 0.002669150351 0.01)
(-0.1 0.002669150351 0.01)
(-0.095 0.002669150351 0.01)
(-0.09 0.002669150351 0.01)
(-0.085 0.002669150351 0.01)
(-0.08 0.002669150351 0.01)
(-0.075 0.002669150351 0.01)
(-0.07 0.002669150351 0.01)
(-0.065 0.002669150351 0.01)
(-0.06 0.002669150351 0.01)
(-0.055 0.002669150351 0.01)
(-0.05 0.002669150351 0.01)
(-0.045 0.002669150351 0.01)
(-0.04 0.002669150351 0.01)
(-0.035 0.002669150351 0.01)
(-0.03 0.002669150351 0.01)
(-0.025 0.002669150351 0.01)
(-0.02 0.002669150351 0.01)
(-0.015 0.002669150351 0.01)
(-0.01 0.002669150351 0.01)
(-0.005 0.002669150351 0.01)
(0 0.002669150351 0.01)
(-0.2 0.003113643812 0.01)
(-0.195 0.003113643812 0.01)
(-0.19 0.003113643812 0.01)
(-0.185 0.003113643812 0.01)
(-0.18 0.003113643812 0.01)
(-0.175 0.003113643812 0.01)
(-0.17 0.003113643812 0.01)
(-0.165 0.003113643812 0.01)
(-0.16 0.003113643812 0.01)
(-0.155 0.003113643812 0.01)
(-0.15 0.003113643812 0.01)
(-0.145 0.003113643812 0.01)
(-0.14 0.003113643812 0.01)
(-0.135 0.003113643812 0.01)
(-0.13 0.003113643812 0.01)
(-0.125 0.003113643812 0.01)
(-0.12 0.003113643812 0.01)
(-0.115 0.003113643812 0.01)
(-0.11 0.003113643812 0.01)
(-0.105 0.003113643812 0.01)
(-0.1 0.003113643812 0.01)
(-0.095 0.003113643812 0.01)
(-0.09 0.003113643812 0.01)
(-0.085 0.003113643812 0.01)
(-0.08 0.003113643812 0.01)
(-0.075 0.003113643812 0.01)
(-0.07 0.003113643812 0.01)
(-0.065 0.003113643812 0.01)
(-0.06 0.003113643812 0.01)
(-0.055 0.003113643812 0.01)
(-0.05 0.003113643812 0.01)
(-0.045 0.003113643812 0.01)
(-0.04 0.003113643812 0.01)
(-0.035 0.003113643812 0.01)
(-0.03 0.003113643812 0.01)
(-0.025 0.003113643812 0.01)
(-0.02 0.003113643812 0.01)
(-0.015 0.003113643812 0.01)
(-0.01 0.003113643812 0.01)
(-0.005 0.003113643812 0.01)
(0 0.003113643812 0.01)
(-0.2 0.00358860867 0.01)
(-0.195 0.00358860867 0.01)
(-0.19 0.00358860867 0.01)
(-0.185 0.00358860867 0.01)
(-0.18 0.00358860867 0.01)
(-0.175 0.00358860867 0.01)
(-0.17 0.00358860867 0.01)
(-0.165 0.00358860867 0.01)
(-0.16 0.00358860867 0.01)
(-0.155 0.00358860867 0.01)
(-0.15 0.00358860867 0.01)
(-0.145 0.00358860867 0.01)
(-0.14 0.00358860867 0.01)
(-0.135 0.00358860867 0.01)
(-0.13 0.00358860867 0.01)
(-0.125 0.00358860867 0.01)
(-0.12 0.00358860867 0.01)
(-0.115 0.00358860867 0.01)
(-0.11 0.00358860867 0.01)
(-0.105 0.00358860867 0.01)
(-0.1 0.00358860867 0.01)
(-0.095 0.00358860867 0.01)
(-0.09 0.00358860867 0.01)
(-0.085 0.00358860867 0.01)
(-0.08 0.00358860867 0.01)
(-0.075 0.00358860867 0.01)
(-0.07 0.00358860867 0.01)
(-0.065 0.00358860867 0.01)
(-0.06 0.00358860867 0.01)
(-0.055 0.00358860867 0.01)
(-0.05 0.00358860867 0.01)
(-0.045 0.00358860867 0.01)
(-0.04 0.00358860867 0.01)
(-0.035 0.00358860867 0.01)
(-0.03 0.00358860867 0.01)
(-0.025 0.00358860867 0.01)
(-0.02 0.00358860867 0.01)
(-0.015 0.00358860867 0.01)
(-0.01 0.00358860867 0.01)
(-0.005 0.00358860867 0.01)
(0 0.00358860867 0.01)
(-0.2 0.004096133833 0.01)
(-0.195 0.004096133833 0.01)
(-0.19 0.004096133833 0.01)
(-0.185 0.004096133833 0.01)
(-0.18 0.004096133833 0.01)
(-0.175 0.004096133833 0.01)
(-0.17 0.004096133833 0.01)
(-0.165 0.004096133833 0.01)
(-0.16 0.004096133833 0.01)
(-0.155 0.004096133833 0.01)
(-0.15 0.004096133833 0.01)
(-0.145 0.004096133833 0.01)
(-0.14 0.004096133833 0.01)
(-0.135 0.004096133833 0.01)
(-0.13 0.004096133833 0.01)
(-0.125 0.004096133833 0.01)
(-0.12 0.004096133833 0.01)
(-0.115 0.004096133833 0.01)
(-0.11 0.004096133833 0.01)
(-0.105 0.004096133833 0.01)
(-0.1 0.004096133833 0.01)
(-0.095 0.004096133833 0.01)
(-0.09 0.004096133833 0.01)
(-0.085 0.004096133833 0.01)
(-0.08 0.004096133833 0.01)
(-0.075 0.004096133833 0.01)
(-0.07 0.004096133833 0.01)
(-0.065 0.004096133833 0.01)
(-0.06 0.004096133833 0.01)
(-0.055 0.004096133833 0.01)
(-0.05 0.004096133833 0.01)
(-0.045 0.004096133833 0.01)
(-0.04 0.004096133833 0.01)
(-0.035 0.004096133833 0.01)
(-0.03 0.004096133833 0.01)
(-0.025 0.004096133833 0.01)
(-0.02 0.004096133833 0.01)
(-0.015 0.004096133833 0.01)
(-0.01 0.004096133833 0.01)
(-0.005 0.004096133833 0.01)
(0 0.004096133833 0.01)
(-0.2 0.004638451411 0.01)
(-0.195 0.004638451411 0.01)
(-0.19 0.004638451411 0.01)
(-0.185 0.004638451411 0.01)
(-0.18 0.004638451411 0.01)
(-0.175 0.004638451411 0.01)
(-0.17 0.004638451411 0.01)
(-0.165 0.004638451411 0.01)
(-0.16 0.004638451411 0.01)
(-0.155 0.004638451411 0.01)
(-0.15 0.004638451411 0.01)
(-0.145 0.004638451411 0.01)
(-0.14 0.004638451411 0.01)
(-0.135 0.004638451411 0.01)
(-0.13 0.004638451411 0.01)
(-0.125 0.004638451411 0.01)
(-0.12 0.004638451411 0.01)
(-0.115 0.004638451411 0.01)
(-0.11 0.004638451411 0.01)
(-0.105 0.004638451411 0.01)
(-0.1 0.004638451411 0.01)
(-0.095 0.004638451411 0.01)
(-0.09 0.004638451411 0.01)
(-0.085 0.004638451411 0.01)
(-0.08 0.004638451411 0.01)
(-0.075 0.004638451411 0.01)
(-0.07 0.004638451411 0.01)
(-0.065 0.004638451411 0.01)
(-0.06 0.004638451411 0.01)
(-0.055 0.004638451411 0.01)
(-0.05 0.004638451411 0.01)
(-0.045 0.004638451411 0.01)
(-0.04 0.004638451411 0.01)
(-0.035 0.004638451411 0.01)
(-0.03 0.004638451411 0.01)
(-0.025 0.004638451411 0.01)
(-0.02 0.004638451411 0.01)
(-0.015 0.004638451411 0.01)
(-0.01 0.004638451411 0.01)
(-0.005 0.004638451411 0.01)
(0 0.004638451411 0.01)
(-0.2 0.005217946531 0.01)
(-0.195 0.005217946531 0.01)
(-0.19 0.005217946531 0.01)
(-0.185 0.005217946531 0.01)
(-0.18 0.005217946531 0.01)
(-0.175 0.005217946531 0.01)
(-0.17 0.005217946531 0.01)
(-0.165 0.005217946531 0.01)
(-0.16 0.005217946531 0.01)
(-0.155 0.005217946531 0.01)
(-0.15 0.005217946531 0.01)
(-0.145 0.005217946531 0.01)
(-0.14 0.005217946531 0.01)
(-0.135 0.005217946531 0.01)
(-0.13 0.005217946531 0.01)
(-0.125 0.005217946531 0.01)
(-0.12 0.005217946531 0.01)
(-0.115 0.005217946531 0.01)
(-0.11 0.005217946531 0.01)
(-0.105 0.005217946531 0.01)
(-0.1 0.005217946531 0.01)
(-0.095 0.005217946531 0.01)
(-0.09 0.005217946531 0.01)
(-0.085 0.005217946531 0.01)
(-0.08 0.005217946531 0.01)
(-0.075 0.005217946531 0.01)
(-0.07 0.005217946531 0.01)
(-0.065 0.005217946531 0.01)
(-0.06 0.005217946531 0.01)
(-0.055 0.005217946531 0.01)
(-0.05 0.005217946531 0.01)
(-0.045 0.005217946531 0.01)
(-0.04 0.005217946531 0.01)
(-0.035 0.005217946531 0.01)
(-0.03 0.005217946531 0.01)
(-0.025 0.005217946531 0.01)
(-0.02 0.005217946531 0.01)
(-0.015 0.005217946531 0.01)
(-0.01 0.005217946531 0.01)
(-0.005 0.005217946531 0.01)
(0 0.005217946531 0.01)
(-0.2 0.005837167829 0.01)
(-0.195 0.005837167829 0.01)
(-0.19 0.005837167829 0.01)
(-0.185 0.005837167829 0.01)
(-0.18 0.005837167829 0.01)
(-0.175 0.005837167829 0.01)
(-0.17 0.005837167829 0.01)
(-0.165 0.005837167829 0.01)
(-0.16 0.005837167829 0.01)
(-0.155 0.005837167829 0.01)
(-0.15 0.005837167829 0.01)
(-0.145 0.005837167829 0.01)
(-0.14 0.005837167829 0.01)
(-0.135 0.005837167829 0.01)
(-0.13 0.005837167829 0.01)
(-0.125 0.005837167829 0.01)
(-0.12 0.005837167829 0.01)
(-0.115 0.005837167829 0.01)
(-0.11 0.005837167829 0.01)
(-0.105 0.005837167829 0.01)
(-0.1 0.005837167829 0.01)
(-0.095 0.005837167829 0.01)
(-0.09 0.005837167829 0.01)
(-0.085 0.005837167829 0.01)
(-0.08 0.005837167829 0.01)
(-0.075 0.005837167829 0.01)
(-0.07 0.005837167829 0.01)
(-0.065 0.005837167829 0.01)
(-0.06 0.005837167829 0.01)
(-0.055 0.005837167829 0.01)
(-0.05 0.005837167829 0.01)
(-0.045 0.005837167829 0.01)
(-0.04 0.005837167829 0.01)
(-0.035 0.005837167829 0.01)
(-0.03 0.005837167829 0.01)
(-0.025 0.005837167829 0.01)
(-0.02 0.005837167829 0.01)
(-0.015 0.005837167829 0.01)
(-0.01 0.005837167829 0.01)
(-0.005 0.005837167829 0.01)
(0 0.005837167829 0.01)
(-0.2 0.006498838655 0.01)
(-0.195 0.006498838655 0.01)
(-0.19 0.006498838655 0.01)
(-0.185 0.006498838655 0.01)
(-0.18 0.006498838655 0.01)
(-0.175 0.006498838655 0.01)
(-0.17 0.006498838655 0.01)
(-0.165 0.006498838655 0.01)
(-0.16 0.006498838655 0.01)
(-0.155 0.006498838655 0.01)
(-0.15 0.006498838655 0.01)
(-0.145 0.006498838655 0.01)
(-0.14 0.006498838655 0.01)
(-0.135 0.006498838655 0.01)
(-0.13 0.006498838655 0.01)
(-0.125 0.006498838655 0.01)
(-0.12 0.006498838655 0.01)
(-0.115 0.006498838655 0.01)
(-0.11 0.006498838655 0.01)
(-0.105 0.006498838655 0.01)
(-0.1 0.006498838655 0.01)
(-0.095 0.006498838655 0.01)
(-0.09 0.006498838655 0.01)
(-0.085 0.006498838655 0.01)
(-0.08 0.006498838655 0.01)
(-0.075 0.006498838655 0.01)
(-0.07 0.006498838655 0.01)
(-0.065 0.006498838655 0.01)
(-0.06 0.006498838655 0.01)
(-0.055 0.006498838655 0.01)
(-0.05 0.006498838655 0.01)
(-0.045 0.006498838655 0.01)
(-0.04 0.006498838655 0.01)
(-0.035 0.006498838655 0.01)
(-0.03 0.006498838655 0.01)
(-0.025 0.006498838655 0.01)
(-0.02 0.006498838655 0.01)
(-0.015 0.006498838655 0.01)
(-0.01 0.006498838655 0.01)
(-0.005 0.006498838655 0.01)
(0 0.006498838655 0.01)
(-0.2 0.007205869057 0.01)
(-0.195 0.007205869057 0.01)
(-0.19 0.007205869057 0.01)
(-0.185 0.007205869057 0.01)
(-0.18 0.007205869057 0.01)
(-0.175 0.007205869057 0.01)
(-0.17 0.007205869057 0.01)
(-0.165 0.007205869057 0.01)
(-0.16 0.007205869057 0.01)
(-0.155 0.007205869057 0.01)
(-0.15 0.007205869057 0.01)
(-0.145 0.007205869057 0.01)
(-0.14 0.007205869057 0.01)
(-0.135 0.007205869057 0.01)
(-0.13 0.007205869057 0.01)
(-0.125 0.007205869057 0.01)
(-0.12 0.007205869057 0.01)
(-0.115 0.007205869057 0.01)
(-0.11 0.007205869057 0.01)
(-0.105 0.007205869057 0.01)
(-0.1 0.007205869057 0.01)
(-0.095 0.007205869057 0.01)
(-0.09 0.007205869057 0.01)
(-0.085 0.007205869057 0.01)
(-0.08 0.007205869057 0.01)
(-0.075 0.007205869057 0.01)
(-0.07 0.007205869057 0.01)
(-0.065 0.007205869057 0.01)
(-0.06 0.007205869057 0.01)
(-0.055 0.007205869057 0.01)
(-0.05 0.007205869057 0.01)
(-0.045 0.007205869057 0.01)
(-0.04 0.007205869057 0.01)
(-0.035 0.007205869057 0.01)
(-0.03 0.007205869057 0.01)
(-0.025 0.007205869057 0.01)
(-0.02 0.007205869057 0.01)
(-0.015 0.007205869057 0.01)
(-0.01 0.007205869057 0.01)
(-0.005 0.007205869057 0.01)
(0 0.007205869057 0.01)
(-0.2 0.007961368572 0.01)
(-0.195 0.007961368572 0.01)
(-0.19 0.007961368572 0.01)
(-0.185 0.007961368572 0.01)
(-0.18 0.007961368572 0.01)
(-0.175 0.007961368572 0.01)
(-0.17 0.007961368572 0.01)
(-0.165 0.007961368572 0.01)
(-0.16 0.007961368572 0.01)
(-0.155 0.007961368572 0.01)
(-0.15 0.007961368572 0.01)
(-0.145 0.007961368572 0.01)
(-0.14 0.007961368572 0.01)
(-0.135 0.007961368572 0.01)
(-0.13 0.007961368572 0.01)
(-0.125 0.007961368572 0.01)
(-0.12 0.007961368572 0.01)
(-0.115 0.007961368572 0.01)
(-0.11 0.007961368572 0.01)
(-0.105 0.007961368572 0.01)
(-0.1 0.007961368572 0.01)
(-0.095 0.007961368572 0.01)
(-0.09 0.007961368572 0.01)
(-0.085 0.007961368572 0.01)
(-0.08 0.007961368572 0.01)
(-0.075 0.007961368572 0.01)
(-0.07 0.007961368572 0.01)
(-0.065 0.007961368572 0.01)
(-0.06 0.007961368572 0.01)
(-0.055 0.007961368572 0.01)
(-0.05 0.007961368572 0.01)
(-0.045 0.007961368572 0.01)
(-0.04 0.007961368572 0.01)
(-0.035 0.007961368572 0.01)
(-0.03 0.007961368572 0.01)
(-0.025 0.007961368572 0.01)
(-0.02 0.007961368572 0.01)
(-0.015 0.007961368572 0.01)
(-0.01 0.007961368572 0.01)
(-0.005 0.007961368572 0.01)
(0 0.007961368572 0.01)
(-0.2 0.008768659909 0.01)
(-0.195 0.008768659909 0.01)
(-0.19 0.008768659909 0.01)
(-0.185 0.008768659909 0.01)
(-0.18 0.008768659909 0.01)
(-0.175 0.008768659909 0.01)
(-0.17 0.008768659909 0.01)
(-0.165 0.008768659909 0.01)
(-0.16 0.008768659909 0.01)
(-0.155 0.008768659909 0.01)
(-0.15 0.008768659909 0.01)
(-0.145 0.008768659909 0.01)
(-0.14 0.008768659909 0.01)
(-0.135 0.008768659909 0.01)
(-0.13 0.008768659909 0.01)
(-0.125 0.008768659909 0.01)
(-0.12 0.008768659909 0.01)
(-0.115 0.008768659909 0.01)
(-0.11 0.008768659909 0.01)
(-0.105 0.008768659909 0.01)
(-0.1 0.008768659909 0.01)
(-0.095 0.008768659909 0.01)
(-0.09 0.008768659909 0.01)
(-0.085 0.008768659909 0.01)
(-0.08 0.008768659909 0.01)
(-0.075 0.008768659909 0.01)
(-0.07 0.008768659909 0.01)
(-0.065 0.008768659909 0.01)
(-0.06 0.008768659909 0.01)
(-0.055 0.008768659909 0.01)
(-0.05 0.008768659909 0.01)
(-0.045 0.008768659909 0.01)
(-0.04 0.008768659909 0.01)
(-0.035 0.008768659909 0.01)
(-0.03 0.008768659909 0.01)
(-0.025 0.008768659909 0.01)
(-0.02 0.008768659909 0.01)
(-0.015 0.008768659909 0.01)
(-0.01 0.008768659909 0.01)
(-0.005 0.008768659909 0.01)
(0 0.008768659909 0.01)
(-0.2 0.009631293556 0.01)
(-0.195 0.009631293556 0.01)
(-0.19 0.009631293556 0.01)
(-0.185 0.009631293556 0.01)
(-0.18 0.009631293556 0.01)
(-0.175 0.009631293556 0.01)
(-0.17 0.009631293556 0.01)
(-0.165 0.009631293556 0.01)
(-0.16 0.009631293556 0.01)
(-0.155 0.009631293556 0.01)
(-0.15 0.009631293556 0.01)
(-0.145 0.009631293556 0.01)
(-0.14 0.009631293556 0.01)
(-0.135 0.009631293556 0.01)
(-0.13 0.009631293556 0.01)
(-0.125 0.009631293556 0.01)
(-0.12 0.009631293556 0.01)
(-0.115 0.009631293556 0.01)
(-0.11 0.009631293556 0.01)
(-0.105 0.009631293556 0.01)
(-0.1 0.009631293556 0.01)
(-0.095 0.009631293556 0.01)
(-0.09 0.009631293556 0.01)
(-0.085 0.009631293556 0.01)
(-0.08 0.009631293556 0.01)
(-0.075 0.009631293556 0.01)
(-0.07 0.009631293556 0.01)
(-0.065 0.009631293556 0.01)
(-0.06 0.009631293556 0.01)
(-0.055 0.009631293556 0.01)
(-0.05 0.009631293556 0.01)
(-0.045 0.009631293556 0.01)
(-0.04 0.009631293556 0.01)
(-0.035 0.009631293556 0.01)
(-0.03 0.009631293556 0.01)
(-0.025 0.009631293556 0.01)
(-0.02 0.009631293556 0.01)
(-0.015 0.009631293556 0.01)
(-0.01 0.009631293556 0.01)
(-0.005 0.009631293556 0.01)
(0 0.009631293556 0.01)
(-0.2 0.0105530634 0.01)
(-0.195 0.0105530634 0.01)
(-0.19 0.0105530634 0.01)
(-0.185 0.0105530634 0.01)
(-0.18 0.0105530634 0.01)
(-0.175 0.0105530634 0.01)
(-0.17 0.0105530634 0.01)
(-0.165 0.0105530634 0.01)
(-0.16 0.0105530634 0.01)
(-0.155 0.0105530634 0.01)
(-0.15 0.0105530634 0.01)
(-0.145 0.0105530634 0.01)
(-0.14 0.0105530634 0.01)
(-0.135 0.0105530634 0.01)
(-0.13 0.0105530634 0.01)
(-0.125 0.0105530634 0.01)
(-0.12 0.0105530634 0.01)
(-0.115 0.0105530634 0.01)
(-0.11 0.0105530634 0.01)
(-0.105 0.0105530634 0.01)
(-0.1 0.0105530634 0.01)
(-0.095 0.0105530634 0.01)
(-0.09 0.0105530634 0.01)
(-0.085 0.0105530634 0.01)
(-0.08 0.0105530634 0.01)
(-0.075 0.0105530634 0.01)
(-0.07 0.0105530634 0.01)
(-0.065 0.0105530634 0.01)
(-0.06 0.0105530634 0.01)
(-0.055 0.0105530634 0.01)
(-0.05 0.0105530634 0.01)
(-0.045 0.0105530634 0.01)
(-0.04 0.0105530634 0.01)
(-0.035 0.0105530634 0.01)
(-0.03 0.0105530634 0.01)
(-0.025 0.0105530634 0.01)
(-0.02 0.0105530634 0.01)
(-0.015 0.0105530634 0.01)
(-0.01 0.0105530634 0.01)
(-0.005 0.0105530634 0.01)
(0 0.0105530634 0.01)
(-0.2 0.01153802341 0.01)
(-0.195 0.01153802341 0.01)
(-0.19 0.01153802341 0.01)
(-0.185 0.01153802341 0.01)
(-0.18 0.01153802341 0.01)
(-0.175 0.01153802341 0.01)
(-0.17 0.01153802341 0.01)
(-0.165 0.01153802341 0.01)
(-0.16 0.01153802341 0.01)
(-0.155 0.01153802341 0.01)
(-0.15 0.01153802341 0.01)
(-0.145 0.01153802341 0.01)
(-0.14 0.01153802341 0.01)
(-0.135 0.01153802341 0.01)
(-0.13 0.01153802341 0.01)
(-0.125 0.01153802341 0.01)
(-0.12 0.01153802341 0.01)
(-0.115 0.01153802341 0.01)
(-0.11 0.01153802341 0.01)
(-0.105 0.01153802341 0.01)
(-0.1 0.01153802341 0.01)
(-0.095 0.01153802341 0.01)
(-0.09 0.01153802341 0.01)
(-0.085 0.01153802341 0.01)
(-0.08 0.01153802341 0.01)
(-0.075 0.01153802341 0.01)
(-0.07 0.01153802341 0.01)
(-0.065 0.01153802341 0.01)
(-0.06 0.01153802341 0.01)
(-0.055 0.01153802341 0.01)
(-0.05 0.01153802341 0.01)
(-0.045 0.01153802341 0.01)
(-0.04 0.01153802341 0.01)
(-0.035 0.01153802341 0.01)
(-0.03 0.01153802341 0.01)
(-0.025 0.01153802341 0.01)
(-0.02 0.01153802341 0.01)
(-0.015 0.01153802341 0.01)
(-0.01 0.01153802341 0.01)
(-0.005 0.01153802341 0.01)
(0 0.01153802341 0.01)
(-0.2 0.01259050546 0.01)
(-0.195 0.01259050546 0.01)
(-0.19 0.01259050546 0.01)
(-0.185 0.01259050546 0.01)
(-0.18 0.01259050546 0.01)
(-0.175 0.01259050546 0.01)
(-0.17 0.01259050546 0.01)
(-0.165 0.01259050546 0.01)
(-0.16 0.01259050546 0.01)
(-0.155 0.01259050546 0.01)
(-0.15 0.01259050546 0.01)
(-0.145 0.01259050546 0.01)
(-0.14 0.01259050546 0.01)
(-0.135 0.01259050546 0.01)
(-0.13 0.01259050546 0.01)
(-0.125 0.01259050546 0.01)
(-0.12 0.01259050546 0.01)
(-0.115 0.01259050546 0.01)
(-0.11 0.01259050546 0.01)
(-0.105 0.01259050546 0.01)
(-0.1 0.01259050546 0.01)
(-0.095 0.01259050546 0.01)
(-0.09 0.01259050546 0.01)
(-0.085 0.01259050546 0.01)
(-0.08 0.01259050546 0.01)
(-0.075 0.01259050546 0.01)
(-0.07 0.01259050546 0.01)
(-0.065 0.01259050546 0.01)
(-0.06 0.01259050546 0.01)
(-0.055 0.01259050546 0.01)
(-0.05 0.01259050546 0.01)
(-0.045 0.01259050546 0.01)
(-0.04 0.01259050546 0.01)
(-0.035 0.01259050546 0.01)
(-0.03 0.01259050546 0.01)
(-0.025 0.01259050546 0.01)
(-0.02 0.01259050546 0.01)
(-0.015 0.01259050546 0.01)
(-0.01 0.01259050546 0.01)
(-0.005 0.01259050546 0.01)
(0 0.01259050546 0.01)
(-0.2 0.0137151384 0.01)
(-0.195 0.0137151384 0.01)
(-0.19 0.0137151384 0.01)
(-0.185 0.0137151384 0.01)
(-0.18 0.0137151384 0.01)
(-0.175 0.0137151384 0.01)
(-0.17 0.0137151384 0.01)
(-0.165 0.0137151384 0.01)
(-0.16 0.0137151384 0.01)
(-0.155 0.0137151384 0.01)
(-0.15 0.0137151384 0.01)
(-0.145 0.0137151384 0.01)
(-0.14 0.0137151384 0.01)
(-0.135 0.0137151384 0.01)
(-0.13 0.0137151384 0.01)
(-0.125 0.0137151384 0.01)
(-0.12 0.0137151384 0.01)
(-0.115 0.0137151384 0.01)
(-0.11 0.0137151384 0.01)
(-0.105 0.0137151384 0.01)
(-0.1 0.0137151384 0.01)
(-0.095 0.0137151384 0.01)
(-0.09 0.0137151384 0.01)
(-0.085 0.0137151384 0.01)
(-0.08 0.0137151384 0.01)
(-0.075 0.0137151384 0.01)
(-0.07 0.0137151384 0.01)
(-0.065 0.0137151384 0.01)
(-0.06 0.0137151384 0.01)
(-0.055 0.0137151384 0.01)
(-0.05 0.0137151384 0.01)
(-0.045 0.0137151384 0.01)
(-0.04 0.0137151384 0.01)
(-0.035 0.0137151384 0.01)
(-0.03 0.0137151384 0.01)
(-0.025 0.0137151384 0.01)
(-0.02 0.0137151384 0.01)
(-0.015 0.0137151384 0.01)
(-0.01 0.0137151384 0.01)
(-0.005 0.0137151384 0.01)
(0 0.0137151384 0.01)
(-0.2 0.0149168684 0.01)
(-0.195 0.0149168684 0.01)
(-0.19 0.0149168684 0.01)
(-0.185 0.0149168684 0.01)
(-0.18 0.0149168684 0.01)
(-0.175 0.0149168684 0.01)
(-0.17 0.0149168684 0.01)
(-0.165 0.0149168684 0.01)
(-0.16 0.0149168684 0.01)
(-0.155 0.0149168684 0.01)
(-0.15 0.0149168684 0.01)
(-0.145 0.0149168684 0.01)
(-0.14 0.0149168684 0.01)
(-0.135 0.0149168684 0.01)
(-0.13 0.0149168684 0.01)
(-0.125 0.0149168684 0.01)
(-0.12 0.0149168684 0.01)
(-0.115 0.0149168684 0.01)
(-0.11 0.0149168684 0.01)
(-0.105 0.0149168684 0.01)
(-0.1 0.0149168684 0.01)
(-0.095 0.0149168684 0.01)
(-0.09 0.0149168684 0.01)
(-0.085 0.0149168684 0.01)
(-0.08 0.0149168684 0.01)
(-0.075 0.0149168684 0.01)
(-0.07 0.0149168684 0.01)
(-0.065 0.0149168684 0.01)
(-0.06 0.0149168684 0.01)
(-0.055 0.0149168684 0.01)
(-0.05 0.0149168684 0.01)
(-0.045 0.0149168684 0.01)
(-0.04 0.0149168684 0.01)
(-0.035 0.0149168684 0.01)
(-0.03 0.0149168684 0.01)
(-0.025 0.0149168684 0.01)
(-0.02 0.0149168684 0.01)
(-0.015 0.0149168684 0.01)
(-0.01 0.0149168684 0.01)
(-0.005 0.0149168684 0.01)
(0 0.0149168684 0.01)
(-0.2 0.0162009807 0.01)
(-0.195 0.0162009807 0.01)
(-0.19 0.0162009807 0.01)
(-0.185 0.0162009807 0.01)
(-0.18 0.0162009807 0.01)
(-0.175 0.0162009807 0.01)
(-0.17 0.0162009807 0.01)
(-0.165 0.0162009807 0.01)
(-0.16 0.0162009807 0.01)
(-0.155 0.0162009807 0.01)
(-0.15 0.0162009807 0.01)
(-0.145 0.0162009807 0.01)
(-0.14 0.0162009807 0.01)
(-0.135 0.0162009807 0.01)
(-0.13 0.0162009807 0.01)
(-0.125 0.0162009807 0.01)
(-0.12 0.0162009807 0.01)
(-0.115 0.0162009807 0.01)
(-0.11 0.0162009807 0.01)
(-0.105 0.0162009807 0.01)
(-0.1 0.0162009807 0.01)
(-0.095 0.0162009807 0.01)
(-0.09 0.0162009807 0.01)
(-0.085 0.0162009807 0.01)
(-0.08 0.0162009807 0.01)
(-0.075 0.0162009807 0.01)
(-0.07 0.0162009807 0.01)
(-0.065 0.0162009807 0.01)
(-0.06 0.0162009807 0.01)
(-0.055 0.0162009807 0.01)
(-0.05 0.0162009807 0.01)
(-0.045 0.0162009807 0.01)
(-0.04 0.0162009807 0.01)
(-0.035 0.0162009807 0.01)
(-0.03 0.0162009807 0.01)
(-0.025 0.0162009807 0.01)
(-0.02 0.0162009807 0.01)
(-0.015 0.0162009807 0.01)
(-0.01 0.0162009807 0.01)
(-0.005 0.0162009807 0.01)
(0 0.0162009807 0.01)
(-0.2 0.01757312285 0.01)
(-0.195 0.01757312285 0.01)
(-0.19 0.01757312285 0.01)
(-0.185 0.01757312285 0.01)
(-0.18 0.01757312285 0.01)
(-0.175 0.01757312285 0.01)
(-0.17 0.01757312285 0.01)
(-0.165 0.01757312285 0.01)
(-0.16 0.01757312285 0.01)
(-0.155 0.01757312285 0.01)
(-0.15 0.01757312285 0.01)
(-0.145 0.01757312285 0.01)
(-0.14 0.01757312285 0.01)
(-0.135 0.01757312285 0.01)
(-0.13 0.01757312285 0.01)
(-0.125 0.01757312285 0.01)
(-0.12 0.01757312285 0.01)
(-0.115 0.01757312285 0.01)
(-0.11 0.01757312285 0.01)
(-0.105 0.01757312285 0.01)
(-0.1 0.01757312285 0.01)
(-0.095 0.01757312285 0.01)
(-0.09 0.01757312285 0.01)
(-0.085 0.01757312285 0.01)
(-0.08 0.01757312285 0.01)
(-0.075 0.01757312285 0.01)
(-0.07 0.01757312285 0.01)
(-0.065 0.01757312285 0.01)
(-0.06 0.01757312285 0.01)
(-0.055 0.01757312285 0.01)
(-0.05 0.01757312285 0.01)
(-0.045 0.01757312285 0.01)
(-0.04 0.01757312285 0.01)
(-0.035 0.01757312285 0.01)
(-0.03 0.01757312285 0.01)
(-0.025 0.01757312285 0.01)
(-0.02 0.01757312285 0.01)
(-0.015 0.01757312285 0.01)
(-0.01 0.01757312285 0.01)
(-0.005 0.01757312285 0.01)
(0 0.01757312285 0.01)
(-0.2 0.01903932958 0.01)
(-0.195 0.01903932958 0.01)
(-0.19 0.01903932958 0.01)
(-0.185 0.01903932958 0.01)
(-0.18 0.01903932958 0.01)
(-0.175 0.01903932958 0.01)
(-0.17 0.01903932958 0.01)
(-0.165 0.01903932958 0.01)
(-0.16 0.01903932958 0.01)
(-0.155 0.01903932958 0.01)
(-0.15 0.01903932958 0.01)
(-0.145 0.01903932958 0.01)
(-0.14 0.01903932958 0.01)
(-0.135 0.01903932958 0.01)
(-0.13 0.01903932958 0.01)
(-0.125 0.01903932958 0.01)
(-0.12 0.01903932958 0.01)
(-0.115 0.01903932958 0.01)
(-0.11 0.01903932958 0.01)
(-0.105 0.01903932958 0.01)
(-0.1 0.01903932958 0.01)
(-0.095 0.01903932958 0.01)
(-0.09 0.01903932958 0.01)
(-0.085 0.01903932958 0.01)
(-0.08 0.01903932958 0.01)
(-0.075 0.01903932958 0.01)
(-0.07 0.01903932958 0.01)
(-0.065 0.01903932958 0.01)
(-0.06 0.01903932958 0.01)
(-0.055 0.01903932958 0.01)
(-0.05 0.01903932958 0.01)
(-0.045 0.01903932958 0.01)
(-0.04 0.01903932958 0.01)
(-0.035 0.01903932958 0.01)
(-0.03 0.01903932958 0.01)
(-0.025 0.01903932958 0.01)
(-0.02 0.01903932958 0.01)
(-0.015 0.01903932958 0.01)
(-0.01 0.01903932958 0.01)
(-0.005 0.01903932958 0.01)
(0 0.01903932958 0.01)
(-0.2 0.0206060493 0.01)
(-0.195 0.0206060493 0.01)
(-0.19 0.0206060493 0.01)
(-0.185 0.0206060493 0.01)
(-0.18 0.0206060493 0.01)
(-0.175 0.0206060493 0.01)
(-0.17 0.0206060493 0.01)
(-0.165 0.0206060493 0.01)
(-0.16 0.0206060493 0.01)
(-0.155 0.0206060493 0.01)
(-0.15 0.0206060493 0.01)
(-0.145 0.0206060493 0.01)
(-0.14 0.0206060493 0.01)
(-0.135 0.0206060493 0.01)
(-0.13 0.0206060493 0.01)
(-0.125 0.0206060493 0.01)
(-0.12 0.0206060493 0.01)
(-0.115 0.0206060493 0.01)
(-0.11 0.0206060493 0.01)
(-0.105 0.0206060493 0.01)
(-0.1 0.0206060493 0.01)
(-0.095 0.0206060493 0.01)
(-0.09 0.0206060493 0.01)
(-0.085 0.0206060493 0.01)
(-0.08 0.0206060493 0.01)
(-0.075 0.0206060493 0.01)
(-0.07 0.0206060493 0.01)
(-0.065 0.0206060493 0.01)
(-0.06 0.0206060493 0.01)
(-0.055 0.0206060493 0.01)
(-0.05 0.0206060493 0.01)
(-0.045 0.0206060493 0.01)
(-0.04 0.0206060493 0.01)
(-0.035 0.0206060493 0.01)
(-0.03 0.0206060493 0.01)
(-0.025 0.0206060493 0.01)
(-0.02 0.0206060493 0.01)
(-0.015 0.0206060493 0.01)
(-0.01 0.0206060493 0.01)
(-0.005 0.0206060493 0.01)
(0 0.0206060493 0.01)
(-0.2 0.02228017248 0.01)
(-0.195 0.02228017248 0.01)
(-0.19 0.02228017248 0.01)
(-0.185 0.02228017248 0.01)
(-0.18 0.02228017248 0.01)
(-0.175 0.02228017248 0.01)
(-0.17 0.02228017248 0.01)
(-0.165 0.02228017248 0.01)
(-0.16 0.02228017248 0.01)
(-0.155 0.02228017248 0.01)
(-0.15 0.02228017248 0.01)
(-0.145 0.02228017248 0.01)
(-0.14 0.02228017248 0.01)
(-0.135 0.02228017248 0.01)
(-0.13 0.02228017248 0.01)
(-0.125 0.02228017248 0.01)
(-0.12 0.02228017248 0.01)
(-0.115 0.02228017248 0.01)
(-0.11 0.02228017248 0.01)
(-0.105 0.02228017248 0.01)
(-0.1 0.02228017248 0.01)
(-0.095 0.02228017248 0.01)
(-0.09 0.02228017248 0.01)
(-0.085 0.02228017248 0.01)
(-0.08 0.02228017248 0.01)
(-0.075 0.02228017248 0.01)
(-0.07 0.02228017248 0.01)
(-0.065 0.02228017248 0.01)
(-0.06 0.02228017248 0.01)
(-0.055 0.02228017248 0.01)
(-0.05 0.02228017248 0.01)
(-0.045 0.02228017248 0.01)
(-0.04 0.02228017248 0.01)
(-0.035 0.02228017248 0.01)
(-0.03 0.02228017248 0.01)
(-0.025 0.02228017248 0.01)
(-0.02 0.02228017248 0.01)
(-0.015 0.02228017248 0.01)
(-0.01 0.02228017248 0.01)
(-0.005 0.02228017248 0.01)
(0 0.02228017248 0.01)
(-0.2 0.02406906198 0.01)
(-0.195 0.02406906198 0.01)
(-0.19 0.02406906198 0.01)
(-0.185 0.02406906198 0.01)
(-0.18 0.02406906198 0.01)
(-0.175 0.02406906198 0.01)
(-0.17 0.02406906198 0.01)
(-0.165 0.02406906198 0.01)
(-0.16 0.02406906198 0.01)
(-0.155 0.02406906198 0.01)
(-0.15 0.02406906198 0.01)
(-0.145 0.02406906198 0.01)
(-0.14 0.02406906198 0.01)
(-0.135 0.02406906198 0.01)
(-0.13 0.02406906198 0.01)
(-0.125 0.02406906198 0.01)
(-0.12 0.02406906198 0.01)
(-0.115 0.02406906198 0.01)
(-0.11 0.02406906198 0.01)
(-0.105 0.02406906198 0.01)
(-0.1 0.02406906198 0.01)
(-0.095 0.02406906198 0.01)
(-0.09 0.02406906198 0.01)
(-0.085 0.02406906198 0.01)
(-0.08 0.02406906198 0.01)
(-0.075 0.02406906198 0.01)
(-0.07 0.02406906198 0.01)
(-0.065 0.02406906198 0.01)
(-0.06 0.02406906198 0.01)
(-0.055 0.02406906198 0.01)
(-0.05 0.02406906198 0.01)
(-0.045 0.02406906198 0.01)
(-0.04 0.02406906198 0.01)
(-0.035 0.02406906198 0.01)
(-0.03 0.02406906198 0.01)
(-0.025 0.02406906198 0.01)
(-0.02 0.02406906198 0.01)
(-0.015 0.02406906198 0.01)
(-0.01 0.02406906198 0.01)
(-0.005 0.02406906198 0.01)
(0 0.02406906198 0.01)
(-0.2 0.02598058536 0.01)
(-0.195 0.02598058536 0.01)
(-0.19 0.02598058536 0.01)
(-0.185 0.02598058536 0.01)
(-0.18 0.02598058536 0.01)
(-0.175 0.02598058536 0.01)
(-0.17 0.02598058536 0.01)
(-0.165 0.02598058536 0.01)
(-0.16 0.02598058536 0.01)
(-0.155 0.02598058536 0.01)
(-0.15 0.02598058536 0.01)
(-0.145 0.02598058536 0.01)
(-0.14 0.02598058536 0.01)
(-0.135 0.02598058536 0.01)
(-0.13 0.02598058536 0.01)
(-0.125 0.02598058536 0.01)
(-0.12 0.02598058536 0.01)
(-0.115 0.02598058536 0.01)
(-0.11 0.02598058536 0.01)
(-0.105 0.02598058536 0.01)
(-0.1 0.02598058536 0.01)
(-0.095 0.02598058536 0.01)
(-0.09 0.02598058536 0.01)
(-0.085 0.02598058536 0.01)
(-0.08 0.02598058536 0.01)
(-0.075 0.02598058536 0.01)
(-0.07 0.02598058536 0.01)
(-0.065 0.02598058536 0.01)
(-0.06 0.02598058536 0.01)
(-0.055 0.02598058536 0.01)
(-0.05 0.02598058536 0.01)
(-0.045 0.02598058536 0.01)
(-0.04 0.02598058536 0.01)
(-0.035 0.02598058536 0.01)
(-0.03 0.02598058536 0.01)
(-0.025 0.02598058536 0.01)
(-0.02 0.02598058536 0.01)
(-0.015 0.02598058536 0.01)
(-0.01 0.02598058536 0.01)
(-0.005 0.02598058536 0.01)
(0 0.02598058536 0.01)
(-0.2 0.02802314956 0.01)
(-0.195 0.02802314956 0.01)
(-0.19 0.02802314956 0.01)
(-0.185 0.02802314956 0.01)
(-0.18 0.02802314956 0.01)
(-0.175 0.02802314956 0.01)
(-0.17 0.02802314956 0.01)
(-0.165 0.02802314956 0.01)
(-0.16 0.02802314956 0.01)
(-0.155 0.02802314956 0.01)
(-0.15 0.02802314956 0.01)
(-0.145 0.02802314956 0.01)
(-0.14 0.02802314956 0.01)
(-0.135 0.02802314956 0.01)
(-0.13 0.02802314956 0.01)
(-0.125 0.02802314956 0.01)
(-0.12 0.02802314956 0.01)
(-0.115 0.02802314956 0.01)
(-0.11 0.02802314956 0.01)
(-0.105 0.02802314956 0.01)
(-0.1 0.02802314956 0.01)
(-0.095 0.02802314956 0.01)
(-0.09 0.02802314956 0.01)
(-0.085 0.02802314956 0.01)
(-0.08 0.02802314956 0.01)
(-0.075 0.02802314956 0.01)
(-0.07 0.02802314956 0.01)
(-0.065 0.02802314956 0.01)
(-0.06 0.02802314956 0.01)
(-0.055 0.02802314956 0.01)
(-0.05 0.02802314956 0.01)
(-0.045 0.02802314956 0.01)
(-0.04 0.02802314956 0.01)
(-0.035 0.02802314956 0.01)
(-0.03 0.02802314956 0.01)
(-0.025 0.02802314956 0.01)
(-0.02 0.02802314956 0.01)
(-0.015 0.02802314956 0.01)
(-0.01 0.02802314956 0.01)
(-0.005 0.02802314956 0.01)
(0 0.02802314956 0.01)
(-0.2 0.03020573784 0.01)
(-0.195 0.03020573784 0.01)
(-0.19 0.03020573784 0.01)
(-0.185 0.03020573784 0.01)
(-0.18 0.03020573784 0.01)
(-0.175 0.03020573784 0.01)
(-0.17 0.03020573784 0.01)
(-0.165 0.03020573784 0.01)
(-0.16 0.03020573784 0.01)
(-0.155 0.03020573784 0.01)
(-0.15 0.03020573784 0.01)
(-0.145 0.03020573784 0.01)
(-0.14 0.03020573784 0.01)
(-0.135 0.03020573784 0.01)
(-0.13 0.03020573784 0.01)
(-0.125 0.03020573784 0.01)
(-0.12 0.03020573784 0.01)
(-0.115 0.03020573784 0.01)
(-0.11 0.03020573784 0.01)
(-0.105 0.03020573784 0.01)
(-0.1 0.03020573784 0.01)
(-0.095 0.03020573784 0.01)
(-0.09 0.03020573784 0.01)
(-0.085 0.03020573784 0.01)
(-0.08 0.03020573784 0.01)
(-0.075 0.03020573784 0.01)
(-0.07 0.03020573784 0.01)
(-0.065 0.03020573784 0.01)
(-0.06 0.03020573784 0.01)
(-0.055 0.03020573784 0.01)
(-0.05 0.03020573784 0.01)
(-0.045 0.03020573784 0.01)
(-0.04 0.03020573784 0.01)
(-0.035 0.03020573784 0.01)
(-0.03 0.03020573784 0.01)
(-0.025 0.03020573784 0.01)
(-0.02 0.03020573784 0.01)
(-0.015 0.03020573784 0.01)
(-0.01 0.03020573784 0.01)
(-0.005 0.03020573784 0.01)
(0 0.03020573784 0.01)
(-0.2 0.03253794928 0.01)
(-0.195 0.03253794928 0.01)
(-0.19 0.03253794928 0.01)
(-0.185 0.03253794928 0.01)
(-0.18 0.03253794928 0.01)
(-0.175 0.03253794928 0.01)
(-0.17 0.03253794928 0.01)
(-0.165 0.03253794928 0.01)
(-0.16 0.03253794928 0.01)
(-0.155 0.03253794928 0.01)
(-0.15 0.03253794928 0.01)
(-0.145 0.03253794928 0.01)
(-0.14 0.03253794928 0.01)
(-0.135 0.03253794928 0.01)
(-0.13 0.03253794928 0.01)
(-0.125 0.03253794928 0.01)
(-0.12 0.03253794928 0.01)
(-0.115 0.03253794928 0.01)
(-0.11 0.03253794928 0.01)
(-0.105 0.03253794928 0.01)
(-0.1 0.03253794928 0.01)
(-0.095 0.03253794928 0.01)
(-0.09 0.03253794928 0.01)
(-0.085 0.03253794928 0.01)
(-0.08 0.03253794928 0.01)
(-0.075 0.03253794928 0.01)
(-0.07 0.03253794928 0.01)
(-0.065 0.03253794928 0.01)
(-0.06 0.03253794928 0.01)
(-0.055 0.03253794928 0.01)
(-0.05 0.03253794928 0.01)
(-0.045 0.03253794928 0.01)
(-0.04 0.03253794928 0.01)
(-0.035 0.03253794928 0.01)
(-0.03 0.03253794928 0.01)
(-0.025 0.03253794928 0.01)
(-0.02 0.03253794928 0.01)
(-0.015 0.03253794928 0.01)
(-0.01 0.03253794928 0.01)
(-0.005 0.03253794928 0.01)
(0 0.03253794928 0.01)
(-0.2 0.035030041 0.01)
(-0.195 0.035030041 0.01)
(-0.19 0.035030041 0.01)
(-0.185 0.035030041 0.01)
(-0.18 0.035030041 0.01)
(-0.175 0.035030041 0.01)
(-0.17 0.035030041 0.01)
(-0.165 0.035030041 0.01)
(-0.16 0.035030041 0.01)
(-0.155 0.035030041 0.01)
(-0.15 0.035030041 0.01)
(-0.145 0.035030041 0.01)
(-0.14 0.035030041 0.01)
(-0.135 0.035030041 0.01)
(-0.13 0.035030041 0.01)
(-0.125 0.035030041 0.01)
(-0.12 0.035030041 0.01)
(-0.115 0.035030041 0.01)
(-0.11 0.035030041 0.01)
(-0.105 0.035030041 0.01)
(-0.1 0.035030041 0.01)
(-0.095 0.035030041 0.01)
(-0.09 0.035030041 0.01)
(-0.085 0.035030041 0.01)
(-0.08 0.035030041 0.01)
(-0.075 0.035030041 0.01)
(-0.07 0.035030041 0.01)
(-0.065 0.035030041 0.01)
(-0.06 0.035030041 0.01)
(-0.055 0.035030041 0.01)
(-0.05 0.035030041 0.01)
(-0.045 0.035030041 0.01)
(-0.04 0.035030041 0.01)
(-0.035 0.035030041 0.01)
(-0.03 0.035030041 0.01)
(-0.025 0.035030041 0.01)
(-0.02 0.035030041 0.01)
(-0.015 0.035030041 0.01)
(-0.01 0.035030041 0.01)
(-0.005 0.035030041 0.01)
(0 0.035030041 0.01)
(-0.2 0.03769297329 0.01)
(-0.195 0.03769297329 0.01)
(-0.19 0.03769297329 0.01)
(-0.185 0.03769297329 0.01)
(-0.18 0.03769297329 0.01)
(-0.175 0.03769297329 0.01)
(-0.17 0.03769297329 0.01)
(-0.165 0.03769297329 0.01)
(-0.16 0.03769297329 0.01)
(-0.155 0.03769297329 0.01)
(-0.15 0.03769297329 0.01)
(-0.145 0.03769297329 0.01)
(-0.14 0.03769297329 0.01)
(-0.135 0.03769297329 0.01)
(-0.13 0.03769297329 0.01)
(-0.125 0.03769297329 0.01)
(-0.12 0.03769297329 0.01)
(-0.115 0.03769297329 0.01)
(-0.11 0.03769297329 0.01)
(-0.105 0.03769297329 0.01)
(-0.1 0.03769297329 0.01)
(-0.095 0.03769297329 0.01)
(-0.09 0.03769297329 0.01)
(-0.085 0.03769297329 0.01)
(-0.08 0.03769297329 0.01)
(-0.075 0.03769297329 0.01)
(-0.07 0.03769297329 0.01)
(-0.065 0.03769297329 0.01)
(-0.06 0.03769297329 0.01)
(-0.055 0.03769297329 0.01)
(-0.05 0.03769297329 0.01)
(-0.045 0.03769297329 0.01)
(-0.04 0.03769297329 0.01)
(-0.035 0.03769297329 0.01)
(-0.03 0.03769297329 0.01)
(-0.025 0.03769297329 0.01)
(-0.02 0.03769297329 0.01)
(-0.015 0.03769297329 0.01)
(-0.01 0.03769297329 0.01)
(-0.005 0.03769297329 0.01)
(0 0.03769297329 0.01)
(-0.2 0.04053845779 0.01)
(-0.195 0.04053845779 0.01)
(-0.19 0.04053845779 0.01)
(-0.185 0.04053845779 0.01)
(-0.18 0.04053845779 0.01)
(-0.175 0.04053845779 0.01)
(-0.17 0.04053845779 0.01)
(-0.165 0.04053845779 0.01)
(-0.16 0.04053845779 0.01)
(-0.155 0.04053845779 0.01)
(-0.15 0.04053845779 0.01)
(-0.145 0.04053845779 0.01)
(-0.14 0.04053845779 0.01)
(-0.135 0.04053845779 0.01)
(-0.13 0.04053845779 0.01)
(-0.125 0.04053845779 0.01)
(-0.12 0.04053845779 0.01)
(-0.115 0.04053845779 0.01)
(-0.11 0.04053845779 0.01)
(-0.105 0.04053845779 0.01)
(-0.1 0.04053845779 0.01)
(-0.095 0.04053845779 0.01)
(-0.09 0.04053845779 0.01)
(-0.085 0.04053845779 0.01)
(-0.08 0.04053845779 0.01)
(-0.075 0.04053845779 0.01)
(-0.07 0.04053845779 0.01)
(-0.065 0.04053845779 0.01)
(-0.06 0.04053845779 0.01)
(-0.055 0.04053845779 0.01)
(-0.05 0.04053845779 0.01)
(-0.045 0.04053845779 0.01)
(-0.04 0.04053845779 0.01)
(-0.035 0.04053845779 0.01)
(-0.03 0.04053845779 0.01)
(-0.025 0.04053845779 0.01)
(-0.02 0.04053845779 0.01)
(-0.015 0.04053845779 0.01)
(-0.01 0.04053845779 0.01)
(-0.005 0.04053845779 0.01)
(0 0.04053845779 0.01)
(-0.2 0.04357900904 0.01)
(-0.195 0.04357900904 0.01)
(-0.19 0.04357900904 0.01)
(-0.185 0.04357900904 0.01)
(-0.18 0.04357900904 0.01)
(-0.175 0.04357900904 0.01)
(-0.17 0.04357900904 0.01)
(-0.165 0.04357900904 0.01)
(-0.16 0.04357900904 0.01)
(-0.155 0.04357900904 0.01)
(-0.15 0.04357900904 0.01)
(-0.145 0.04357900904 0.01)
(-0.14 0.04357900904 0.01)
(-0.135 0.04357900904 0.01)
(-0.13 0.04357900904 0.01)
(-0.125 0.04357900904 0.01)
(-0.12 0.04357900904 0.01)
(-0.115 0.04357900904 0.01)
(-0.11 0.04357900904 0.01)
(-0.105 0.04357900904 0.01)
(-0.1 0.04357900904 0.01)
(-0.095 0.04357900904 0.01)
(-0.09 0.04357900904 0.01)
(-0.085 0.04357900904 0.01)
(-0.08 0.04357900904 0.01)
(-0.075 0.04357900904 0.01)
(-0.07 0.04357900904 0.01)
(-0.065 0.04357900904 0.01)
(-0.06 0.04357900904 0.01)
(-0.055 0.04357900904 0.01)
(-0.05 0.04357900904 0.01)
(-0.045 0.04357900904 0.01)
(-0.04 0.04357900904 0.01)
(-0.035 0.04357900904 0.01)
(-0.03 0.04357900904 0.01)
(-0.025 0.04357900904 0.01)
(-0.02 0.04357900904 0.01)
(-0.015 0.04357900904 0.01)
(-0.01 0.04357900904 0.01)
(-0.005 0.04357900904 0.01)
(0 0.04357900904 0.01)
(-0.2 0.04682799945 0.01)
(-0.195 0.04682799945 0.01)
(-0.19 0.04682799945 0.01)
(-0.185 0.04682799945 0.01)
(-0.18 0.04682799945 0.01)
(-0.175 0.04682799945 0.01)
(-0.17 0.04682799945 0.01)
(-0.165 0.04682799945 0.01)
(-0.16 0.04682799945 0.01)
(-0.155 0.04682799945 0.01)
(-0.15 0.04682799945 0.01)
(-0.145 0.04682799945 0.01)
(-0.14 0.04682799945 0.01)
(-0.135 0.04682799945 0.01)
(-0.13 0.04682799945 0.01)
(-0.125 0.04682799945 0.01)
(-0.12 0.04682799945 0.01)
(-0.115 0.04682799945 0.01)
(-0.11 0.04682799945 0.01)
(-0.105 0.04682799945 0.01)
(-0.1 0.04682799945 0.01)
(-0.095 0.04682799945 0.01)
(-0.09 0.04682799945 0.01)
(-0.085 0.04682799945 0.01)
(-0.08 0.04682799945 0.01)
(-0.075 0.04682799945 0.01)
(-0.07 0.04682799945 0.01)
(-0.065 0.04682799945 0.01)
(-0.06 0.04682799945 0.01)
(-0.055 0.04682799945 0.01)
(-0.05 0.04682799945 0.01)
(-0.045 0.04682799945 0.01)
(-0.04 0.04682799945 0.01)
(-0.035 0.04682799945 0.01)
(-0.03 0.04682799945 0.01)
(-0.025 0.04682799945 0.01)
(-0.02 0.04682799945 0.01)
(-0.015 0.04682799945 0.01)
(-0.01 0.04682799945 0.01)
(-0.005 0.04682799945 0.01)
(0 0.04682799945 0.01)
(-0.2 0.05029971816 0.01)
(-0.195 0.05029971816 0.01)
(-0.19 0.05029971816 0.01)
(-0.185 0.05029971816 0.01)
(-0.18 0.05029971816 0.01)
(-0.175 0.05029971816 0.01)
(-0.17 0.05029971816 0.01)
(-0.165 0.05029971816 0.01)
(-0.16 0.05029971816 0.01)
(-0.155 0.05029971816 0.01)
(-0.15 0.05029971816 0.01)
(-0.145 0.05029971816 0.01)
(-0.14 0.05029971816 0.01)
(-0.135 0.05029971816 0.01)
(-0.13 0.05029971816 0.01)
(-0.125 0.05029971816 0.01)
(-0.12 0.05029971816 0.01)
(-0.115 0.05029971816 0.01)
(-0.11 0.05029971816 0.01)
(-0.105 0.05029971816 0.01)
(-0.1 0.05029971816 0.01)
(-0.095 0.05029971816 0.01)
(-0.09 0.05029971816 0.01)
(-0.085 0.05029971816 0.01)
(-0.08 0.05029971816 0.01)
(-0.075 0.05029971816 0.01)
(-0.07 0.05029971816 0.01)
(-0.065 0.05029971816 0.01)
(-0.06 0.05029971816 0.01)
(-0.055 0.05029971816 0.01)
(-0.05 0.05029971816 0.01)
(-0.045 0.05029971816 0.01)
(-0.04 0.05029971816 0.01)
(-0.035 0.05029971816 0.01)
(-0.03 0.05029971816 0.01)
(-0.025 0.05029971816 0.01)
(-0.02 0.05029971816 0.01)
(-0.015 0.05029971816 0.01)
(-0.01 0.05029971816 0.01)
(-0.005 0.05029971816 0.01)
(0 0.05029971816 0.01)
(-0.2 0.0540094339 0.01)
(-0.195 0.0540094339 0.01)
(-0.19 0.0540094339 0.01)
(-0.185 0.0540094339 0.01)
(-0.18 0.0540094339 0.01)
(-0.175 0.0540094339 0.01)
(-0.17 0.0540094339 0.01)
(-0.165 0.0540094339 0.01)
(-0.16 0.0540094339 0.01)
(-0.155 0.0540094339 0.01)
(-0.15 0.0540094339 0.01)
(-0.145 0.0540094339 0.01)
(-0.14 0.0540094339 0.01)
(-0.135 0.0540094339 0.01)
(-0.13 0.0540094339 0.01)
(-0.125 0.0540094339 0.01)
(-0.12 0.0540094339 0.01)
(-0.115 0.0540094339 0.01)
(-0.11 0.0540094339 0.01)
(-0.105 0.0540094339 0.01)
(-0.1 0.0540094339 0.01)
(-0.095 0.0540094339 0.01)
(-0.09 0.0540094339 0.01)
(-0.085 0.0540094339 0.01)
(-0.08 0.0540094339 0.01)
(-0.075 0.0540094339 0.01)
(-0.07 0.0540094339 0.01)
(-0.065 0.0540094339 0.01)
(-0.06 0.0540094339 0.01)
(-0.055 0.0540094339 0.01)
(-0.05 0.0540094339 0.01)
(-0.045 0.0540094339 0.01)
(-0.04 0.0540094339 0.01)
(-0.035 0.0540094339 0.01)
(-0.03 0.0540094339 0.01)
(-0.025 0.0540094339 0.01)
(-0.02 0.0540094339 0.01)
(-0.015 0.0540094339 0.01)
(-0.01 0.0540094339 0.01)
(-0.005 0.0540094339 0.01)
(0 0.0540094339 0.01)
(-0.2 0.0579734621 0.01)
(-0.195 0.0579734621 0.01)
(-0.19 0.0579734621 0.01)
(-0.185 0.0579734621 0.01)
(-0.18 0.0579734621 0.01)
(-0.175 0.0579734621 0.01)
(-0.17 0.0579734621 0.01)
(-0.165 0.0579734621 0.01)
(-0.16 0.0579734621 0.01)
(-0.155 0.0579734621 0.01)
(-0.15 0.0579734621 0.01)
(-0.145 0.0579734621 0.01)
(-0.14 0.0579734621 0.01)
(-0.135 0.0579734621 0.01)
(-0.13 0.0579734621 0.01)
(-0.125 0.0579734621 0.01)
(-0.12 0.0579734621 0.01)
(-0.115 0.0579734621 0.01)
(-0.11 0.0579734621 0.01)
(-0.105 0.0579734621 0.01)
(-0.1 0.0579734621 0.01)
(-0.095 0.0579734621 0.01)
(-0.09 0.0579734621 0.01)
(-0.085 0.0579734621 0.01)
(-0.08 0.0579734621 0.01)
(-0.075 0.0579734621 0.01)
(-0.07 0.0579734621 0.01)
(-0.065 0.0579734621 0.01)
(-0.06 0.0579734621 0.01)
(-0.055 0.0579734621 0.01)
(-0.05 0.0579734621 0.01)
(-0.045 0.0579734621 0.01)
(-0.04 0.0579734621 0.01)
(-0.035 0.0579734621 0.01)
(-0.03 0.0579734621 0.01)
(-0.025 0.0579734621 0.01)
(-0.02 0.0579734621 0.01)
(-0.015 0.0579734621 0.01)
(-0.01 0.0579734621 0.01)
(-0.005 0.0579734621 0.01)
(0 0.0579734621 0.01)
(-0.2 0.06220923664 0.01)
(-0.195 0.06220923664 0.01)
(-0.19 0.06220923664 0.01)
(-0.185 0.06220923664 0.01)
(-0.18 0.06220923664 0.01)
(-0.175 0.06220923664 0.01)
(-0.17 0.06220923664 0.01)
(-0.165 0.06220923664 0.01)
(-0.16 0.06220923664 0.01)
(-0.155 0.06220923664 0.01)
(-0.15 0.06220923664 0.01)
(-0.145 0.06220923664 0.01)
(-0.14 0.06220923664 0.01)
(-0.135 0.06220923664 0.01)
(-0.13 0.06220923664 0.01)
(-0.125 0.06220923664 0.01)
(-0.12 0.06220923664 0.01)
(-0.115 0.06220923664 0.01)
(-0.11 0.06220923664 0.01)
(-0.105 0.06220923664 0.01)
(-0.1 0.06220923664 0.01)
(-0.095 0.06220923664 0.01)
(-0.09 0.06220923664 0.01)
(-0.085 0.06220923664 0.01)
(-0.08 0.06220923664 0.01)
(-0.075 0.06220923664 0.01)
(-0.07 0.06220923664 0.01)
(-0.065 0.06220923664 0.01)
(-0.06 0.06220923664 0.01)
(-0.055 0.06220923664 0.01)
(-0.05 0.06220923664 0.01)
(-0.045 0.06220923664 0.01)
(-0.04 0.06220923664 0.01)
(-0.035 0.06220923664 0.01)
(-0.03 0.06220923664 0.01)
(-0.025 0.06220923664 0.01)
(-0.02 0.06220923664 0.01)
(-0.015 0.06220923664 0.01)
(-0.01 0.06220923664 0.01)
(-0.005 0.06220923664 0.01)
(0 0.06220923664 0.01)
(-0.2 0.06673538659 0.01)
(-0.195 0.06673538659 0.01)
(-0.19 0.06673538659 0.01)
(-0.185 0.06673538659 0.01)
(-0.18 0.06673538659 0.01)
(-0.175 0.06673538659 0.01)
(-0.17 0.06673538659 0.01)
(-0.165 0.06673538659 0.01)
(-0.16 0.06673538659 0.01)
(-0.155 0.06673538659 0.01)
(-0.15 0.06673538659 0.01)
(-0.145 0.06673538659 0.01)
(-0.14 0.06673538659 0.01)
(-0.135 0.06673538659 0.01)
(-0.13 0.06673538659 0.01)
(-0.125 0.06673538659 0.01)
(-0.12 0.06673538659 0.01)
(-0.115 0.06673538659 0.01)
(-0.11 0.06673538659 0.01)
(-0.105 0.06673538659 0.01)
(-0.1 0.06673538659 0.01)
(-0.095 0.06673538659 0.01)
(-0.09 0.06673538659 0.01)
(-0.085 0.06673538659 0.01)
(-0.08 0.06673538659 0.01)
(-0.075 0.06673538659 0.01)
(-0.07 0.06673538659 0.01)
(-0.065 0.06673538659 0.01)
(-0.06 0.06673538659 0.01)
(-0.055 0.06673538659 0.01)
(-0.05 0.06673538659 0.01)
(-0.045 0.06673538659 0.01)
(-0.04 0.06673538659 0.01)
(-0.035 0.06673538659 0.01)
(-0.03 0.06673538659 0.01)
(-0.025 0.06673538659 0.01)
(-0.02 0.06673538659 0.01)
(-0.015 0.06673538659 0.01)
(-0.01 0.06673538659 0.01)
(-0.005 0.06673538659 0.01)
(0 0.06673538659 0.01)
(-0.2 0.07157181808 0.01)
(-0.195 0.07157181808 0.01)
(-0.19 0.07157181808 0.01)
(-0.185 0.07157181808 0.01)
(-0.18 0.07157181808 0.01)
(-0.175 0.07157181808 0.01)
(-0.17 0.07157181808 0.01)
(-0.165 0.07157181808 0.01)
(-0.16 0.07157181808 0.01)
(-0.155 0.07157181808 0.01)
(-0.15 0.07157181808 0.01)
(-0.145 0.07157181808 0.01)
(-0.14 0.07157181808 0.01)
(-0.135 0.07157181808 0.01)
(-0.13 0.07157181808 0.01)
(-0.125 0.07157181808 0.01)
(-0.12 0.07157181808 0.01)
(-0.115 0.07157181808 0.01)
(-0.11 0.07157181808 0.01)
(-0.105 0.07157181808 0.01)
(-0.1 0.07157181808 0.01)
(-0.095 0.07157181808 0.01)
(-0.09 0.07157181808 0.01)
(-0.085 0.07157181808 0.01)
(-0.08 0.07157181808 0.01)
(-0.075 0.07157181808 0.01)
(-0.07 0.07157181808 0.01)
(-0.065 0.07157181808 0.01)
(-0.06 0.07157181808 0.01)
(-0.055 0.07157181808 0.01)
(-0.05 0.07157181808 0.01)
(-0.045 0.07157181808 0.01)
(-0.04 0.07157181808 0.01)
(-0.035 0.07157181808 0.01)
(-0.03 0.07157181808 0.01)
(-0.025 0.07157181808 0.01)
(-0.02 0.07157181808 0.01)
(-0.015 0.07157181808 0.01)
(-0.01 0.07157181808 0.01)
(-0.005 0.07157181808 0.01)
(0 0.07157181808 0.01)
(-0.2 0.07673980185 0.01)
(-0.195 0.07673980185 0.01)
(-0.19 0.07673980185 0.01)
(-0.185 0.07673980185 0.01)
(-0.18 0.07673980185 0.01)
(-0.175 0.07673980185 0.01)
(-0.17 0.07673980185 0.01)
(-0.165 0.07673980185 0.01)
(-0.16 0.07673980185 0.01)
(-0.155 0.07673980185 0.01)
(-0.15 0.07673980185 0.01)
(-0.145 0.07673980185 0.01)
(-0.14 0.07673980185 0.01)
(-0.135 0.07673980185 0.01)
(-0.13 0.07673980185 0.01)
(-0.125 0.07673980185 0.01)
(-0.12 0.07673980185 0.01)
(-0.115 0.07673980185 0.01)
(-0.11 0.07673980185 0.01)
(-0.105 0.07673980185 0.01)
(-0.1 0.07673980185 0.01)
(-0.095 0.07673980185 0.01)
(-0.09 0.07673980185 0.01)
(-0.085 0.07673980185 0.01)
(-0.08 0.07673980185 0.01)
(-0.075 0.07673980185 0.01)
(-0.07 0.07673980185 0.01)
(-0.065 0.07673980185 0.01)
(-0.06 0.07673980185 0.01)
(-0.055 0.07673980185 0.01)
(-0.05 0.07673980185 0.01)
(-0.045 0.07673980185 0.01)
(-0.04 0.07673980185 0.01)
(-0.035 0.07673980185 0.01)
(-0.03 0.07673980185 0.01)
(-0.025 0.07673980185 0.01)
(-0.02 0.07673980185 0.01)
(-0.015 0.07673980185 0.01)
(-0.01 0.07673980185 0.01)
(-0.005 0.07673980185 0.01)
(0 0.07673980185 0.01)
(-0.2 0.08226206685 0.01)
(-0.195 0.08226206685 0.01)
(-0.19 0.08226206685 0.01)
(-0.185 0.08226206685 0.01)
(-0.18 0.08226206685 0.01)
(-0.175 0.08226206685 0.01)
(-0.17 0.08226206685 0.01)
(-0.165 0.08226206685 0.01)
(-0.16 0.08226206685 0.01)
(-0.155 0.08226206685 0.01)
(-0.15 0.08226206685 0.01)
(-0.145 0.08226206685 0.01)
(-0.14 0.08226206685 0.01)
(-0.135 0.08226206685 0.01)
(-0.13 0.08226206685 0.01)
(-0.125 0.08226206685 0.01)
(-0.12 0.08226206685 0.01)
(-0.115 0.08226206685 0.01)
(-0.11 0.08226206685 0.01)
(-0.105 0.08226206685 0.01)
(-0.1 0.08226206685 0.01)
(-0.095 0.08226206685 0.01)
(-0.09 0.08226206685 0.01)
(-0.085 0.08226206685 0.01)
(-0.08 0.08226206685 0.01)
(-0.075 0.08226206685 0.01)
(-0.07 0.08226206685 0.01)
(-0.065 0.08226206685 0.01)
(-0.06 0.08226206685 0.01)
(-0.055 0.08226206685 0.01)
(-0.05 0.08226206685 0.01)
(-0.045 0.08226206685 0.01)
(-0.04 0.08226206685 0.01)
(-0.035 0.08226206685 0.01)
(-0.03 0.08226206685 0.01)
(-0.025 0.08226206685 0.01)
(-0.02 0.08226206685 0.01)
(-0.015 0.08226206685 0.01)
(-0.01 0.08226206685 0.01)
(-0.005 0.08226206685 0.01)
(0 0.08226206685 0.01)
(-0.2 0.08816290014 0.01)
(-0.195 0.08816290014 0.01)
(-0.19 0.08816290014 0.01)
(-0.185 0.08816290014 0.01)
(-0.18 0.08816290014 0.01)
(-0.175 0.08816290014 0.01)
(-0.17 0.08816290014 0.01)
(-0.165 0.08816290014 0.01)
(-0.16 0.08816290014 0.01)
(-0.155 0.08816290014 0.01)
(-0.15 0.08816290014 0.01)
(-0.145 0.08816290014 0.01)
(-0.14 0.08816290014 0.01)
(-0.135 0.08816290014 0.01)
(-0.13 0.08816290014 0.01)
(-0.125 0.08816290014 0.01)
(-0.12 0.08816290014 0.01)
(-0.115 0.08816290014 0.01)
(-0.11 0.08816290014 0.01)
(-0.105 0.08816290014 0.01)
(-0.1 0.08816290014 0.01)
(-0.095 0.08816290014 0.01)
(-0.09 0.08816290014 0.01)
(-0.085 0.08816290014 0.01)
(-0.08 0.08816290014 0.01)
(-0.075 0.08816290014 0.01)
(-0.07 0.08816290014 0.01)
(-0.065 0.08816290014 0.01)
(-0.06 0.08816290014 0.01)
(-0.055 0.08816290014 0.01)
(-0.05 0.08816290014 0.01)
(-0.045 0.08816290014 0.01)
(-0.04 0.08816290014 0.01)
(-0.035 0.08816290014 0.01)
(-0.03 0.08816290014 0.01)
(-0.025 0.08816290014 0.01)
(-0.02 0.08816290014 0.01)
(-0.015 0.08816290014 0.01)
(-0.01 0.08816290014 0.01)
(-0.005 0.08816290014 0.01)
(0 0.08816290014 0.01)
(-0.2 0.09446825374 0.01)
(-0.195 0.09446825374 0.01)
(-0.19 0.09446825374 0.01)
(-0.185 0.09446825374 0.01)
(-0.18 0.09446825374 0.01)
(-0.175 0.09446825374 0.01)
(-0.17 0.09446825374 0.01)
(-0.165 0.09446825374 0.01)
(-0.16 0.09446825374 0.01)
(-0.155 0.09446825374 0.01)
(-0.15 0.09446825374 0.01)
(-0.145 0.09446825374 0.01)
(-0.14 0.09446825374 0.01)
(-0.135 0.09446825374 0.01)
(-0.13 0.09446825374 0.01)
(-0.125 0.09446825374 0.01)
(-0.12 0.09446825374 0.01)
(-0.115 0.09446825374 0.01)
(-0.11 0.09446825374 0.01)
(-0.105 0.09446825374 0.01)
(-0.1 0.09446825374 0.01)
(-0.095 0.09446825374 0.01)
(-0.09 0.09446825374 0.01)
(-0.085 0.09446825374 0.01)
(-0.08 0.09446825374 0.01)
(-0.075 0.09446825374 0.01)
(-0.07 0.09446825374 0.01)
(-0.065 0.09446825374 0.01)
(-0.06 0.09446825374 0.01)
(-0.055 0.09446825374 0.01)
(-0.05 0.09446825374 0.01)
(-0.045 0.09446825374 0.01)
(-0.04 0.09446825374 0.01)
(-0.035 0.09446825374 0.01)
(-0.03 0.09446825374 0.01)
(-0.025 0.09446825374 0.01)
(-0.02 0.09446825374 0.01)
(-0.015 0.09446825374 0.01)
(-0.01 0.09446825374 0.01)
(-0.005 0.09446825374 0.01)
(0 0.09446825374 0.01)
(-0.2 0.1012058588 0.01)
(-0.195 0.1012058588 0.01)
(-0.19 0.1012058588 0.01)
(-0.185 0.1012058588 0.01)
(-0.18 0.1012058588 0.01)
(-0.175 0.1012058588 0.01)
(-0.17 0.1012058588 0.01)
(-0.165 0.1012058588 0.01)
(-0.16 0.1012058588 0.01)
(-0.155 0.1012058588 0.01)
(-0.15 0.1012058588 0.01)
(-0.145 0.1012058588 0.01)
(-0.14 0.1012058588 0.01)
(-0.135 0.1012058588 0.01)
(-0.13 0.1012058588 0.01)
(-0.125 0.1012058588 0.01)
(-0.12 0.1012058588 0.01)
(-0.115 0.1012058588 0.01)
(-0.11 0.1012058588 0.01)
(-0.105 0.1012058588 0.01)
(-0.1 0.1012058588 0.01)
(-0.095 0.1012058588 0.01)
(-0.09 0.1012058588 0.01)
(-0.085 0.1012058588 0.01)
(-0.08 0.1012058588 0.01)
(-0.075 0.1012058588 0.01)
(-0.07 0.1012058588 0.01)
(-0.065 0.1012058588 0.01)
(-0.06 0.1012058588 0.01)
(-0.055 0.1012058588 0.01)
(-0.05 0.1012058588 0.01)
(-0.045 0.1012058588 0.01)
(-0.04 0.1012058588 0.01)
(-0.035 0.1012058588 0.01)
(-0.03 0.1012058588 0.01)
(-0.025 0.1012058588 0.01)
(-0.02 0.1012058588 0.01)
(-0.015 0.1012058588 0.01)
(-0.01 0.1012058588 0.01)
(-0.005 0.1012058588 0.01)
(0 0.1012058588 0.01)
(-0.2 0.1084053474 0.01)
(-0.195 0.1084053474 0.01)
(-0.19 0.1084053474 0.01)
(-0.185 0.1084053474 0.01)
(-0.18 0.1084053474 0.01)
(-0.175 0.1084053474 0.01)
(-0.17 0.1084053474 0.01)
(-0.165 0.1084053474 0.01)
(-0.16 0.1084053474 0.01)
(-0.155 0.1084053474 0.01)
(-0.15 0.1084053474 0.01)
(-0.145 0.1084053474 0.01)
(-0.14 0.1084053474 0.01)
(-0.135 0.1084053474 0.01)
(-0.13 0.1084053474 0.01)
(-0.125 0.1084053474 0.01)
(-0.12 0.1084053474 0.01)
(-0.115 0.1084053474 0.01)
(-0.11 0.1084053474 0.01)
(-0.105 0.1084053474 0.01)
(-0.1 0.1084053474 0.01)
(-0.095 0.1084053474 0.01)
(-0.09 0.1084053474 0.01)
(-0.085 0.1084053474 0.01)
(-0.08 0.1084053474 0.01)
(-0.075 0.1084053474 0.01)
(-0.07 0.1084053474 0.01)
(-0.065 0.1084053474 0.01)
(-0.06 0.1084053474 0.01)
(-0.055 0.1084053474 0.01)
(-0.05 0.1084053474 0.01)
(-0.045 0.1084053474 0.01)
(-0.04 0.1084053474 0.01)
(-0.035 0.1084053474 0.01)
(-0.03 0.1084053474 0.01)
(-0.025 0.1084053474 0.01)
(-0.02 0.1084053474 0.01)
(-0.015 0.1084053474 0.01)
(-0.01 0.1084053474 0.01)
(-0.005 0.1084053474 0.01)
(0 0.1084053474 0.01)
(-0.2 0.1160983832 0.01)
(-0.195 0.1160983832 0.01)
(-0.19 0.1160983832 0.01)
(-0.185 0.1160983832 0.01)
(-0.18 0.1160983832 0.01)
(-0.175 0.1160983832 0.01)
(-0.17 0.1160983832 0.01)
(-0.165 0.1160983832 0.01)
(-0.16 0.1160983832 0.01)
(-0.155 0.1160983832 0.01)
(-0.15 0.1160983832 0.01)
(-0.145 0.1160983832 0.01)
(-0.14 0.1160983832 0.01)
(-0.135 0.1160983832 0.01)
(-0.13 0.1160983832 0.01)
(-0.125 0.1160983832 0.01)
(-0.12 0.1160983832 0.01)
(-0.115 0.1160983832 0.01)
(-0.11 0.1160983832 0.01)
(-0.105 0.1160983832 0.01)
(-0.1 0.1160983832 0.01)
(-0.095 0.1160983832 0.01)
(-0.09 0.1160983832 0.01)
(-0.085 0.1160983832 0.01)
(-0.08 0.1160983832 0.01)
(-0.075 0.1160983832 0.01)
(-0.07 0.1160983832 0.01)
(-0.065 0.1160983832 0.01)
(-0.06 0.1160983832 0.01)
(-0.055 0.1160983832 0.01)
(-0.05 0.1160983832 0.01)
(-0.045 0.1160983832 0.01)
(-0.04 0.1160983832 0.01)
(-0.035 0.1160983832 0.01)
(-0.03 0.1160983832 0.01)
(-0.025 0.1160983832 0.01)
(-0.02 0.1160983832 0.01)
(-0.015 0.1160983832 0.01)
(-0.01 0.1160983832 0.01)
(-0.005 0.1160983832 0.01)
(0 0.1160983832 0.01)
(-0.2 0.1243188003 0.01)
(-0.195 0.1243188003 0.01)
(-0.19 0.1243188003 0.01)
(-0.185 0.1243188003 0.01)
(-0.18 0.1243188003 0.01)
(-0.175 0.1243188003 0.01)
(-0.17 0.1243188003 0.01)
(-0.165 0.1243188003 0.01)
(-0.16 0.1243188003 0.01)
(-0.155 0.1243188003 0.01)
(-0.15 0.1243188003 0.01)
(-0.145 0.1243188003 0.01)
(-0.14 0.1243188003 0.01)
(-0.135 0.1243188003 0.01)
(-0.13 0.1243188003 0.01)
(-0.125 0.1243188003 0.01)
(-0.12 0.1243188003 0.01)
(-0.115 0.1243188003 0.01)
(-0.11 0.1243188003 0.01)
(-0.105 0.1243188003 0.01)
(-0.1 0.1243188003 0.01)
(-0.095 0.1243188003 0.01)
(-0.09 0.1243188003 0.01)
(-0.085 0.1243188003 0.01)
(-0.08 0.1243188003 0.01)
(-0.075 0.1243188003 0.01)
(-0.07 0.1243188003 0.01)
(-0.065 0.1243188003 0.01)
(-0.06 0.1243188003 0.01)
(-0.055 0.1243188003 0.01)
(-0.05 0.1243188003 0.01)
(-0.045 0.1243188003 0.01)
(-0.04 0.1243188003 0.01)
(-0.035 0.1243188003 0.01)
(-0.03 0.1243188003 0.01)
(-0.025 0.1243188003 0.01)
(-0.02 0.1243188003 0.01)
(-0.015 0.1243188003 0.01)
(-0.01 0.1243188003 0.01)
(-0.005 0.1243188003 0.01)
(0 0.1243188003 0.01)
(-0.2 0.1331027523 0.01)
(-0.195 0.1331027523 0.01)
(-0.19 0.1331027523 0.01)
(-0.185 0.1331027523 0.01)
(-0.18 0.1331027523 0.01)
(-0.175 0.1331027523 0.01)
(-0.17 0.1331027523 0.01)
(-0.165 0.1331027523 0.01)
(-0.16 0.1331027523 0.01)
(-0.155 0.1331027523 0.01)
(-0.15 0.1331027523 0.01)
(-0.145 0.1331027523 0.01)
(-0.14 0.1331027523 0.01)
(-0.135 0.1331027523 0.01)
(-0.13 0.1331027523 0.01)
(-0.125 0.1331027523 0.01)
(-0.12 0.1331027523 0.01)
(-0.115 0.1331027523 0.01)
(-0.11 0.1331027523 0.01)
(-0.105 0.1331027523 0.01)
(-0.1 0.1331027523 0.01)
(-0.095 0.1331027523 0.01)
(-0.09 0.1331027523 0.01)
(-0.085 0.1331027523 0.01)
(-0.08 0.1331027523 0.01)
(-0.075 0.1331027523 0.01)
(-0.07 0.1331027523 0.01)
(-0.065 0.1331027523 0.01)
(-0.06 0.1331027523 0.01)
(-0.055 0.1331027523 0.01)
(-0.05 0.1331027523 0.01)
(-0.045 0.1331027523 0.01)
(-0.04 0.1331027523 0.01)
(-0.035 0.1331027523 0.01)
(-0.03 0.1331027523 0.01)
(-0.025 0.1331027523 0.01)
(-0.02 0.1331027523 0.01)
(-0.015 0.1331027523 0.01)
(-0.01 0.1331027523 0.01)
(-0.005 0.1331027523 0.01)
(0 0.1331027523 0.01)
(-0.2 0.1424888713 0.01)
(-0.195 0.1424888713 0.01)
(-0.19 0.1424888713 0.01)
(-0.185 0.1424888713 0.01)
(-0.18 0.1424888713 0.01)
(-0.175 0.1424888713 0.01)
(-0.17 0.1424888713 0.01)
(-0.165 0.1424888713 0.01)
(-0.16 0.1424888713 0.01)
(-0.155 0.1424888713 0.01)
(-0.15 0.1424888713 0.01)
(-0.145 0.1424888713 0.01)
(-0.14 0.1424888713 0.01)
(-0.135 0.1424888713 0.01)
(-0.13 0.1424888713 0.01)
(-0.125 0.1424888713 0.01)
(-0.12 0.1424888713 0.01)
(-0.115 0.1424888713 0.01)
(-0.11 0.1424888713 0.01)
(-0.105 0.1424888713 0.01)
(-0.1 0.1424888713 0.01)
(-0.095 0.1424888713 0.01)
(-0.09 0.1424888713 0.01)
(-0.085 0.1424888713 0.01)
(-0.08 0.1424888713 0.01)
(-0.075 0.1424888713 0.01)
(-0.07 0.1424888713 0.01)
(-0.065 0.1424888713 0.01)
(-0.06 0.1424888713 0.01)
(-0.055 0.1424888713 0.01)
(-0.05 0.1424888713 0.01)
(-0.045 0.1424888713 0.01)
(-0.04 0.1424888713 0.01)
(-0.035 0.1424888713 0.01)
(-0.03 0.1424888713 0.01)
(-0.025 0.1424888713 0.01)
(-0.02 0.1424888713 0.01)
(-0.015 0.1424888713 0.01)
(-0.01 0.1424888713 0.01)
(-0.005 0.1424888713 0.01)
(0 0.1424888713 0.01)
(-0.2 0.1525184378 0.01)
(-0.195 0.1525184378 0.01)
(-0.19 0.1525184378 0.01)
(-0.185 0.1525184378 0.01)
(-0.18 0.1525184378 0.01)
(-0.175 0.1525184378 0.01)
(-0.17 0.1525184378 0.01)
(-0.165 0.1525184378 0.01)
(-0.16 0.1525184378 0.01)
(-0.155 0.1525184378 0.01)
(-0.15 0.1525184378 0.01)
(-0.145 0.1525184378 0.01)
(-0.14 0.1525184378 0.01)
(-0.135 0.1525184378 0.01)
(-0.13 0.1525184378 0.01)
(-0.125 0.1525184378 0.01)
(-0.12 0.1525184378 0.01)
(-0.115 0.1525184378 0.01)
(-0.11 0.1525184378 0.01)
(-0.105 0.1525184378 0.01)
(-0.1 0.1525184378 0.01)
(-0.095 0.1525184378 0.01)
(-0.09 0.1525184378 0.01)
(-0.085 0.1525184378 0.01)
(-0.08 0.1525184378 0.01)
(-0.075 0.1525184378 0.01)
(-0.07 0.1525184378 0.01)
(-0.065 0.1525184378 0.01)
(-0.06 0.1525184378 0.01)
(-0.055 0.1525184378 0.01)
(-0.05 0.1525184378 0.01)
(-0.045 0.1525184378 0.01)
(-0.04 0.1525184378 0.01)
(-0.035 0.1525184378 0.01)
(-0.03 0.1525184378 0.01)
(-0.025 0.1525184378 0.01)
(-0.02 0.1525184378 0.01)
(-0.015 0.1525184378 0.01)
(-0.01 0.1525184378 0.01)
(-0.005 0.1525184378 0.01)
(0 0.1525184378 0.01)
(-0.2 0.1632355619 0.01)
(-0.195 0.1632355619 0.01)
(-0.19 0.1632355619 0.01)
(-0.185 0.1632355619 0.01)
(-0.18 0.1632355619 0.01)
(-0.175 0.1632355619 0.01)
(-0.17 0.1632355619 0.01)
(-0.165 0.1632355619 0.01)
(-0.16 0.1632355619 0.01)
(-0.155 0.1632355619 0.01)
(-0.15 0.1632355619 0.01)
(-0.145 0.1632355619 0.01)
(-0.14 0.1632355619 0.01)
(-0.135 0.1632355619 0.01)
(-0.13 0.1632355619 0.01)
(-0.125 0.1632355619 0.01)
(-0.12 0.1632355619 0.01)
(-0.115 0.1632355619 0.01)
(-0.11 0.1632355619 0.01)
(-0.105 0.1632355619 0.01)
(-0.1 0.1632355619 0.01)
(-0.095 0.1632355619 0.01)
(-0.09 0.1632355619 0.01)
(-0.085 0.1632355619 0.01)
(-0.08 0.1632355619 0.01)
(-0.075 0.1632355619 0.01)
(-0.07 0.1632355619 0.01)
(-0.065 0.1632355619 0.01)
(-0.06 0.1632355619 0.01)
(-0.055 0.1632355619 0.01)
(-0.05 0.1632355619 0.01)
(-0.045 0.1632355619 0.01)
(-0.04 0.1632355619 0.01)
(-0.035 0.1632355619 0.01)
(-0.03 0.1632355619 0.01)
(-0.025 0.1632355619 0.01)
(-0.02 0.1632355619 0.01)
(-0.015 0.1632355619 0.01)
(-0.01 0.1632355619 0.01)
(-0.005 0.1632355619 0.01)
(0 0.1632355619 0.01)
(-0.2 0.1746873779 0.01)
(-0.195 0.1746873779 0.01)
(-0.19 0.1746873779 0.01)
(-0.185 0.1746873779 0.01)
(-0.18 0.1746873779 0.01)
(-0.175 0.1746873779 0.01)
(-0.17 0.1746873779 0.01)
(-0.165 0.1746873779 0.01)
(-0.16 0.1746873779 0.01)
(-0.155 0.1746873779 0.01)
(-0.15 0.1746873779 0.01)
(-0.145 0.1746873779 0.01)
(-0.14 0.1746873779 0.01)
(-0.135 0.1746873779 0.01)
(-0.13 0.1746873779 0.01)
(-0.125 0.1746873779 0.01)
(-0.12 0.1746873779 0.01)
(-0.115 0.1746873779 0.01)
(-0.11 0.1746873779 0.01)
(-0.105 0.1746873779 0.01)
(-0.1 0.1746873779 0.01)
(-0.095 0.1746873779 0.01)
(-0.09 0.1746873779 0.01)
(-0.085 0.1746873779 0.01)
(-0.08 0.1746873779 0.01)
(-0.075 0.1746873779 0.01)
(-0.07 0.1746873779 0.01)
(-0.065 0.1746873779 0.01)
(-0.06 0.1746873779 0.01)
(-0.055 0.1746873779 0.01)
(-0.05 0.1746873779 0.01)
(-0.045 0.1746873779 0.01)
(-0.04 0.1746873779 0.01)
(-0.035 0.1746873779 0.01)
(-0.03 0.1746873779 0.01)
(-0.025 0.1746873779 0.01)
(-0.02 0.1746873779 0.01)
(-0.015 0.1746873779 0.01)
(-0.01 0.1746873779 0.01)
(-0.005 0.1746873779 0.01)
(0 0.1746873779 0.01)
(-0.2 0.1869242513 0.01)
(-0.195 0.1869242513 0.01)
(-0.19 0.1869242513 0.01)
(-0.185 0.1869242513 0.01)
(-0.18 0.1869242513 0.01)
(-0.175 0.1869242513 0.01)
(-0.17 0.1869242513 0.01)
(-0.165 0.1869242513 0.01)
(-0.16 0.1869242513 0.01)
(-0.155 0.1869242513 0.01)
(-0.15 0.1869242513 0.01)
(-0.145 0.1869242513 0.01)
(-0.14 0.1869242513 0.01)
(-0.135 0.1869242513 0.01)
(-0.13 0.1869242513 0.01)
(-0.125 0.1869242513 0.01)
(-0.12 0.1869242513 0.01)
(-0.115 0.1869242513 0.01)
(-0.11 0.1869242513 0.01)
(-0.105 0.1869242513 0.01)
(-0.1 0.1869242513 0.01)
(-0.095 0.1869242513 0.01)
(-0.09 0.1869242513 0.01)
(-0.085 0.1869242513 0.01)
(-0.08 0.1869242513 0.01)
(-0.075 0.1869242513 0.01)
(-0.07 0.1869242513 0.01)
(-0.065 0.1869242513 0.01)
(-0.06 0.1869242513 0.01)
(-0.055 0.1869242513 0.01)
(-0.05 0.1869242513 0.01)
(-0.045 0.1869242513 0.01)
(-0.04 0.1869242513 0.01)
(-0.035 0.1869242513 0.01)
(-0.03 0.1869242513 0.01)
(-0.025 0.1869242513 0.01)
(-0.02 0.1869242513 0.01)
(-0.015 0.1869242513 0.01)
(-0.01 0.1869242513 0.01)
(-0.005 0.1869242513 0.01)
(0 0.1869242513 0.01)
(-0.2 0.2 0.01)
(-0.195 0.2 0.01)
(-0.19 0.2 0.01)
(-0.185 0.2 0.01)
(-0.18 0.2 0.01)
(-0.175 0.2 0.01)
(-0.17 0.2 0.01)
(-0.165 0.2 0.01)
(-0.16 0.2 0.01)
(-0.155 0.2 0.01)
(-0.15 0.2 0.01)
(-0.145 0.2 0.01)
(-0.14 0.2 0.01)
(-0.135 0.2 0.01)
(-0.13 0.2 0.01)
(-0.125 0.2 0.01)
(-0.12 0.2 0.01)
(-0.115 0.2 0.01)
(-0.11 0.2 0.01)
(-0.105 0.2 0.01)
(-0.1 0.2 0.01)
(-0.095 0.2 0.01)
(-0.09 0.2 0.01)
(-0.085 0.2 0.01)
(-0.08 0.2 0.01)
(-0.075 0.2 0.01)
(-0.07 0.2 0.01)
(-0.065 0.2 0.01)
(-0.06 0.2 0.01)
(-0.055 0.2 0.01)
(-0.05 0.2 0.01)
(-0.045 0.2 0.01)
(-0.04 0.2 0.01)
(-0.035 0.2 0.01)
(-0.03 0.2 0.01)
(-0.025 0.2 0.01)
(-0.02 0.2 0.01)
(-0.015 0.2 0.01)
(-0.01 0.2 0.01)
(-0.005 0.2 0.01)
(0 0.2 0.01)
(0.005 0 0)
(0.01 0 0)
(0.015 0 0)
(0.02 0 0)
(0.025 0 0)
(0.03 0 0)
(0.035 0 0)
(0.04 0 0)
(0.045 0 0)
(0.05 0 0)
(0.055 0 0)
(0.06 0 0)
(0.065 0 0)
(0.07 0 0)
(0.075 0 0)
(0.08 0 0)
(0.085 0 0)
(0.09 0 0)
(0.095 0 0)
(0.1 0 0)
(0.105 0 0)
(0.11 0 0)
(0.115 0 0)
(0.12 0 0)
(0.125 0 0)
(0.13 0 0)
(0.135 0 0)
(0.14 0 0)
(0.145 0 0)
(0.15 0 0)
(0.155 0 0)
(0.16 0 0)
(0.165 0 0)
(0.17 0 0)
(0.175 0 0)
(0.18 0 0)
(0.185 0 0)
(0.19 0 0)
(0.195 0 0)
(0.2 0 0)
(0.205 0 0)
(0.21 0 0)
(0.215 0 0)
(0.22 0 0)
(0.225 0 0)
(0.23 0 0)
(0.235 0 0)
(0.24 0 0)
(0.245 0 0)
(0.25 0 0)
(0.255 0 0)
(0.26 0 0)
(0.265 0 0)
(0.27 0 0)
(0.275 0 0)
(0.28 0 0)
(0.285 0 0)
(0.29 0 0)
(0.295 0 0)
(0.3 0 0)
(0.305 0 0)
(0.31 0 0)
(0.315 0 0)
(0.32 0 0)
(0.325 0 0)
(0.33 0 0)
(0.335 0 0)
(0.34 0 0)
(0.345 0 0)
(0.35 0 0)
(0.355 0 0)
(0.36 0 0)
(0.365 0 0)
(0.37 0 0)
(0.375 0 0)
(0.38 0 0)
(0.385 0 0)
(0.39 0 0)
(0.395 0 0)
(0.4 0 0)
(0.405 0 0)
(0.41 0 0)
(0.415 0 0)
(0.42 0 0)
(0.425 0 0)
(0.43 0 0)
(0.435 0 0)
(0.44 0 0)
(0.445 0 0)
(0.45 0 0)
(0.455 0 0)
(0.46 0 0)
(0.465 0 0)
(0.47 0 0)
(0.475 0 0)
(0.48 0 0)
(0.485 0 0)
(0.49 0 0)
(0.495 0 0)
(0.5 0 0)
(0.505 0 0)
(0.51 0 0)
(0.515 0 0)
(0.52 0 0)
(0.525 0 0)
(0.53 0 0)
(0.535 0 0)
(0.54 0 0)
(0.545 0 0)
(0.55 0 0)
(0.555 0 0)
(0.56 0 0)
(0.565 0 0)
(0.57 0 0)
(0.575 0 0)
(0.58 0 0)
(0.585 0 0)
(0.59 0 0)
(0.595 0 0)
(0.6 0 0)
(0.605 0 0)
(0.61 0 0)
(0.615 0 0)
(0.62 0 0)
(0.625 0 0)
(0.63 0 0)
(0.635 0 0)
(0.64 0 0)
(0.645 0 0)
(0.65 0 0)
(0.655 0 0)
(0.66 0 0)
(0.665 0 0)
(0.67 0 0)
(0.675 0 0)
(0.68 0 0)
(0.685 0 0)
(0.69 0 0)
(0.695 0 0)
(0.7 0 0)
(0.705 0 0)
(0.71 0 0)
(0.715 0 0)
(0.72 0 0)
(0.725 0 0)
(0.73 0 0)
(0.735 0 0)
(0.74 0 0)
(0.745 0 0)
(0.75 0 0)
(0.755 0 0)
(0.76 0 0)
(0.765 0 0)
(0.77 0 0)
(0.775 0 0)
(0.78 0 0)
(0.785 0 0)
(0.79 0 0)
(0.795 0 0)
(0.8 0 0)
(0.805 0 0)
(0.81 0 0)
(0.815 0 0)
(0.82 0 0)
(0.825 0 0)
(0.83 0 0)
(0.835 0 0)
(0.84 0 0)
(0.845 0 0)
(0.85 0 0)
(0.855 0 0)
(0.86 0 0)
(0.865 0 0)
(0.87 0 0)
(0.875 0 0)
(0.88 0 0)
(0.885 0 0)
(0.89 0 0)
(0.895 0 0)
(0.9 0 0)
(0.905 0 0)
(0.91 0 0)
(0.915 0 0)
(0.92 0 0)
(0.925 0 0)
(0.93 0 0)
(0.935 0 0)
(0.94 0 0)
(0.945 0 0)
(0.95 0 0)
(0.955 0 0)
(0.96 0 0)
(0.965 0 0)
(0.97 0 0)
(0.975 0 0)
(0.98 0 0)
(0.985 0 0)
(0.99 0 0)
(0.995 0 0)
(1 0 0)
(0.005 0.0002615149745 0)
(0.01 0.0002615149745 0)
(0.015 0.0002615149745 0)
(0.02 0.0002615149745 0)
(0.025 0.0002615149745 0)
(0.03 0.0002615149745 0)
(0.035 0.0002615149745 0)
(0.04 0.0002615149745 0)
(0.045 0.0002615149745 0)
(0.05 0.0002615149745 0)
(0.055 0.0002615149745 0)
(0.06 0.0002615149745 0)
(0.065 0.0002615149745 0)
(0.07 0.0002615149745 0)
(0.075 0.0002615149745 0)
(0.08 0.0002615149745 0)
(0.085 0.0002615149745 0)
(0.09 0.0002615149745 0)
(0.095 0.0002615149745 0)
(0.1 0.0002615149745 0)
(0.105 0.0002615149745 0)
(0.11 0.0002615149745 0)
(0.115 0.0002615149745 0)
(0.12 0.0002615149745 0)
(0.125 0.0002615149745 0)
(0.13 0.0002615149745 0)
(0.135 0.0002615149745 0)
(0.14 0.0002615149745 0)
(0.145 0.0002615149745 0)
(0.15 0.0002615149745 0)
(0.155 0.0002615149745 0)
(0.16 0.0002615149745 0)
(0.165 0.0002615149745 0)
(0.17 0.0002615149745 0)
(0.175 0.0002615149745 0)
(0.18 0.0002615149745 0)
(0.185 0.0002615149745 0)
(0.19 0.0002615149745 0)
(0.195 0.0002615149745 0)
(0.2 0.0002615149745 0)
(0.205 0.0002615149745 0)
(0.21 0.0002615149745 0)
(0.215 0.0002615149745 0)
(0.22 0.0002615149745 0)
(0.225 0.0002615149745 0)
(0.23 0.0002615149745 0)
(0.235 0.0002615149745 0)
(0.24 0.0002615149745 0)
(0.245 0.0002615149745 0)
(0.25 0.0002615149745 0)
(0.255 0.0002615149745 0)
(0.26 0.0002615149745 0)
(0.265 0.0002615149745 0)
(0.27 0.0002615149745 0)
(0.275 0.0002615149745 0)
(0.28 0.0002615149745 0)
(0.285 0.0002615149745 0)
(0.29 0.0002615149745 0)
(0.295 0.0002615149745 0)
(0.3 0.0002615149745 0)
(0.305 0.0002615149745 0)
(0.31 0.0002615149745 0)
(0.315 0.0002615149745 0)
(0.32 0.0002615149745 0)
(0.325 0.0002615149745 0)
(0.33 0.0002615149745 0)
(0.335 0.0002615149745 0)
(0.34 0.0002615149745 0)
(0.345 0.0002615149745 0)
(0.35 0.0002615149745 0)
(0.355 0.0002615149745 0)
(0.36 0.0002615149745 0)
(0.365 0.0002615149745 0)
(0.37 0.0002615149745 0)
(0.375 0.0002615149745 0)
(0.38 0.0002615149745 0)
(0.385 0.0002615149745 0)
(0.39 0.0002615149745 0)
(0.395 0.0002615149745 0)
(0.4 0.0002615149745 0)
(0.405 0.0002615149745 0)
(0.41 0.0002615149745 0)
(0.415 0.0002615149745 0)
(0.42 0.0002615149745 0)
(0.425 0.0002615149745 0)
(0.43 0.0002615149745 0)
(0.435 0.0002615149745 0)
(0.44 0.0002615149745 0)
(0.445 0.0002615149745 0)
(0.45 0.0002615149745 0)
(0.455 0.0002615149745 0)
(0.46 0.0002615149745 0)
(0.465 0.0002615149745 0)
(0.47 0.0002615149745 0)
(0.475 0.0002615149745 0)
(0.48 0.0002615149745 0)
(0.485 0.0002615149745 0)
(0.49 0.0002615149745 0)
(0.495 0.0002615149745 0)
(0.5 0.0002615149745 0)
(0.505 0.0002615149745 0)
(0.51 0.0002615149745 0)
(0.515 0.0002615149745 0)
(0.52 0.0002615149745 0)
(0.525 0.0002615149745 0)
(0.53 0.0002615149745 0)
(0.535 0.0002615149745 0)
(0.54 0.0002615149745 0)
(0.545 0.0002615149745 0)
(0.55 0.0002615149745 0)
(0.555 0.0002615149745 0)
(0.56 0.0002615149745 0)
(0.565 0.0002615149745 0)
(0.57 0.0002615149745 0)
(0.575 0.0002615149745 0)
(0.58 0.0002615149745 0)
(0.585 0.0002615149745 0)
(0.59 0.0002615149745 0)
(0.595 0.0002615149745 0)
(0.6 0.0002615149745 0)
(0.605 0.0002615149745 0)
(0.61 0.0002615149745 0)
(0.615 0.0002615149745 0)
(0.62 0.0002615149745 0)
(0.625 0.0002615149745 0)
(0.63 0.0002615149745 0)
(0.635 0.0002615149745 0)
(0.64 0.0002615149745 0)
(0.645 0.0002615149745 0)
(0.65 0.0002615149745 0)
(0.655 0.0002615149745 0)
(0.66 0.0002615149745 0)
(0.665 0.0002615149745 0)
(0.67 0.0002615149745 0)
(0.675 0.0002615149745 0)
(0.68 0.0002615149745 0)
(0.685 0.0002615149745 0)
(0.69 0.0002615149745 0)
(0.695 0.0002615149745 0)
(0.7 0.0002615149745 0)
(0.705 0.0002615149745 0)
(0.71 0.0002615149745 0)
(0.715 0.0002615149745 0)
(0.72 0.0002615149745 0)
(0.725 0.0002615149745 0)
(0.73 0.0002615149745 0)
(0.735 0.0002615149745 0)
(0.74 0.0002615149745 0)
(0.745 0.0002615149745 0)
(0.75 0.0002615149745 0)
(0.755 0.0002615149745 0)
(0.76 0.0002615149745 0)
(0.765 0.0002615149745 0)
(0.77 0.0002615149745 0)
(0.775 0.0002615149745 0)
(0.78 0.0002615149745 0)
(0.785 0.0002615149745 0)
(0.79 0.0002615149745 0)
(0.795 0.0002615149745 0)
(0.8 0.0002615149745 0)
(0.805 0.0002615149745 0)
(0.81 0.0002615149745 0)
(0.815 0.0002615149745 0)
(0.82 0.0002615149745 0)
(0.825 0.0002615149745 0)
(0.83 0.0002615149745 0)
(0.835 0.0002615149745 0)
(0.84 0.0002615149745 0)
(0.845 0.0002615149745 0)
(0.85 0.0002615149745 0)
(0.855 0.0002615149745 0)
(0.86 0.0002615149745 0)
(0.865 0.0002615149745 0)
(0.87 0.0002615149745 0)
(0.875 0.0002615149745 0)
(0.88 0.0002615149745 0)
(0.885 0.0002615149745 0)
(0.89 0.0002615149745 0)
(0.895 0.0002615149745 0)
(0.9 0.0002615149745 0)
(0.905 0.0002615149745 0)
(0.91 0.0002615149745 0)
(0.915 0.0002615149745 0)
(0.92 0.0002615149745 0)
(0.925 0.0002615149745 0)
(0.93 0.0002615149745 0)
(0.935 0.0002615149745 0)
(0.94 0.0002615149745 0)
(0.945 0.0002615149745 0)
(0.95 0.0002615149745 0)
(0.955 0.0002615149745 0)
(0.96 0.0002615149745 0)
(0.965 0.0002615149745 0)
(0.97 0.0002615149745 0)
(0.975 0.0002615149745 0)
(0.98 0.0002615149745 0)
(0.985 0.0002615149745 0)
(0.99 0.0002615149745 0)
(0.995 0.0002615149745 0)
(1 0.0002615149745 0)
(0.005 0.0005409576069 0)
(0.01 0.0005409576069 0)
(0.015 0.0005409576069 0)
(0.02 0.0005409576069 0)
(0.025 0.0005409576069 0)
(0.03 0.0005409576069 0)
(0.035 0.0005409576069 0)
(0.04 0.0005409576069 0)
(0.045 0.0005409576069 0)
(0.05 0.0005409576069 0)
(0.055 0.0005409576069 0)
(0.06 0.0005409576069 0)
(0.065 0.0005409576069 0)
(0.07 0.0005409576069 0)
(0.075 0.0005409576069 0)
(0.08 0.0005409576069 0)
(0.085 0.0005409576069 0)
(0.09 0.0005409576069 0)
(0.095 0.0005409576069 0)
(0.1 0.0005409576069 0)
(0.105 0.0005409576069 0)
(0.11 0.0005409576069 0)
(0.115 0.0005409576069 0)
(0.12 0.0005409576069 0)
(0.125 0.0005409576069 0)
(0.13 0.0005409576069 0)
(0.135 0.0005409576069 0)
(0.14 0.0005409576069 0)
(0.145 0.0005409576069 0)
(0.15 0.0005409576069 0)
(0.155 0.0005409576069 0)
(0.16 0.0005409576069 0)
(0.165 0.0005409576069 0)
(0.17 0.0005409576069 0)
(0.175 0.0005409576069 0)
(0.18 0.0005409576069 0)
(0.185 0.0005409576069 0)
(0.19 0.0005409576069 0)
(0.195 0.0005409576069 0)
(0.2 0.0005409576069 0)
(0.205 0.0005409576069 0)
(0.21 0.0005409576069 0)
(0.215 0.0005409576069 0)
(0.22 0.0005409576069 0)
(0.225 0.0005409576069 0)
(0.23 0.0005409576069 0)
(0.235 0.0005409576069 0)
(0.24 0.0005409576069 0)
(0.245 0.0005409576069 0)
(0.25 0.0005409576069 0)
(0.255 0.0005409576069 0)
(0.26 0.0005409576069 0)
(0.265 0.0005409576069 0)
(0.27 0.0005409576069 0)
(0.275 0.0005409576069 0)
(0.28 0.0005409576069 0)
(0.285 0.0005409576069 0)
(0.29 0.0005409576069 0)
(0.295 0.0005409576069 0)
(0.3 0.0005409576069 0)
(0.305 0.0005409576069 0)
(0.31 0.0005409576069 0)
(0.315 0.0005409576069 0)
(0.32 0.0005409576069 0)
(0.325 0.0005409576069 0)
(0.33 0.0005409576069 0)
(0.335 0.0005409576069 0)
(0.34 0.0005409576069 0)
(0.345 0.0005409576069 0)
(0.35 0.0005409576069 0)
(0.355 0.0005409576069 0)
(0.36 0.0005409576069 0)
(0.365 0.0005409576069 0)
(0.37 0.0005409576069 0)
(0.375 0.0005409576069 0)
(0.38 0.0005409576069 0)
(0.385 0.0005409576069 0)
(0.39 0.0005409576069 0)
(0.395 0.0005409576069 0)
(0.4 0.0005409576069 0)
(0.405 0.0005409576069 0)
(0.41 0.0005409576069 0)
(0.415 0.0005409576069 0)
(0.42 0.0005409576069 0)
(0.425 0.0005409576069 0)
(0.43 0.0005409576069 0)
(0.435 0.0005409576069 0)
(0.44 0.0005409576069 0)
(0.445 0.0005409576069 0)
(0.45 0.0005409576069 0)
(0.455 0.0005409576069 0)
(0.46 0.0005409576069 0)
(0.465 0.0005409576069 0)
(0.47 0.0005409576069 0)
(0.475 0.0005409576069 0)
(0.48 0.0005409576069 0)
(0.485 0.0005409576069 0)
(0.49 0.0005409576069 0)
(0.495 0.0005409576069 0)
(0.5 0.0005409576069 0)
(0.505 0.0005409576069 0)
(0.51 0.0005409576069 0)
(0.515 0.0005409576069 0)
(0.52 0.0005409576069 0)
(0.525 0.0005409576069 0)
(0.53 0.0005409576069 0)
(0.535 0.0005409576069 0)
(0.54 0.0005409576069 0)
(0.545 0.0005409576069 0)
(0.55 0.0005409576069 0)
(0.555 0.0005409576069 0)
(0.56 0.0005409576069 0)
(0.565 0.0005409576069 0)
(0.57 0.0005409576069 0)
(0.575 0.0005409576069 0)
(0.58 0.0005409576069 0)
(0.585 0.0005409576069 0)
(0.59 0.0005409576069 0)
(0.595 0.0005409576069 0)
(0.6 0.0005409576069 0)
(0.605 0.0005409576069 0)
(0.61 0.0005409576069 0)
(0.615 0.0005409576069 0)
(0.62 0.0005409576069 0)
(0.625 0.0005409576069 0)
(0.63 0.0005409576069 0)
(0.635 0.0005409576069 0)
(0.64 0.0005409576069 0)
(0.645 0.0005409576069 0)
(0.65 0.0005409576069 0)
(0.655 0.0005409576069 0)
(0.66 0.0005409576069 0)
(0.665 0.0005409576069 0)
(0.67 0.0005409576069 0)
(0.675 0.0005409576069 0)
(0.68 0.0005409576069 0)
(0.685 0.0005409576069 0)
(0.69 0.0005409576069 0)
(0.695 0.0005409576069 0)
(0.7 0.0005409576069 0)
(0.705 0.0005409576069 0)
(0.71 0.0005409576069 0)
(0.715 0.0005409576069 0)
(0.72 0.0005409576069 0)
(0.725 0.0005409576069 0)
(0.73 0.0005409576069 0)
(0.735 0.0005409576069 0)
(0.74 0.0005409576069 0)
(0.745 0.0005409576069 0)
(0.75 0.0005409576069 0)
(0.755 0.0005409576069 0)
(0.76 0.0005409576069 0)
(0.765 0.0005409576069 0)
(0.77 0.0005409576069 0)
(0.775 0.0005409576069 0)
(0.78 0.0005409576069 0)
(0.785 0.0005409576069 0)
(0.79 0.0005409576069 0)
(0.795 0.0005409576069 0)
(0.8 0.0005409576069 0)
(0.805 0.0005409576069 0)
(0.81 0.0005409576069 0)
(0.815 0.0005409576069 0)
(0.82 0.0005409576069 0)
(0.825 0.0005409576069 0)
(0.83 0.0005409576069 0)
(0.835 0.0005409576069 0)
(0.84 0.0005409576069 0)
(0.845 0.0005409576069 0)
(0.85 0.0005409576069 0)
(0.855 0.0005409576069 0)
(0.86 0.0005409576069 0)
(0.865 0.0005409576069 0)
(0.87 0.0005409576069 0)
(0.875 0.0005409576069 0)
(0.88 0.0005409576069 0)
(0.885 0.0005409576069 0)
(0.89 0.0005409576069 0)
(0.895 0.0005409576069 0)
(0.9 0.0005409576069 0)
(0.905 0.0005409576069 0)
(0.91 0.0005409576069 0)
(0.915 0.0005409576069 0)
(0.92 0.0005409576069 0)
(0.925 0.0005409576069 0)
(0.93 0.0005409576069 0)
(0.935 0.0005409576069 0)
(0.94 0.0005409576069 0)
(0.945 0.0005409576069 0)
(0.95 0.0005409576069 0)
(0.955 0.0005409576069 0)
(0.96 0.0005409576069 0)
(0.965 0.0005409576069 0)
(0.97 0.0005409576069 0)
(0.975 0.0005409576069 0)
(0.98 0.0005409576069 0)
(0.985 0.0005409576069 0)
(0.99 0.0005409576069 0)
(0.995 0.0005409576069 0)
(1 0.0005409576069 0)
(0.005 0.0008395568933 0)
(0.01 0.0008395568933 0)
(0.015 0.0008395568933 0)
(0.02 0.0008395568933 0)
(0.025 0.0008395568933 0)
(0.03 0.0008395568933 0)
(0.035 0.0008395568933 0)
(0.04 0.0008395568933 0)
(0.045 0.0008395568933 0)
(0.05 0.0008395568933 0)
(0.055 0.0008395568933 0)
(0.06 0.0008395568933 0)
(0.065 0.0008395568933 0)
(0.07 0.0008395568933 0)
(0.075 0.0008395568933 0)
(0.08 0.0008395568933 0)
(0.085 0.0008395568933 0)
(0.09 0.0008395568933 0)
(0.095 0.0008395568933 0)
(0.1 0.0008395568933 0)
(0.105 0.0008395568933 0)
(0.11 0.0008395568933 0)
(0.115 0.0008395568933 0)
(0.12 0.0008395568933 0)
(0.125 0.0008395568933 0)
(0.13 0.0008395568933 0)
(0.135 0.0008395568933 0)
(0.14 0.0008395568933 0)
(0.145 0.0008395568933 0)
(0.15 0.0008395568933 0)
(0.155 0.0008395568933 0)
(0.16 0.0008395568933 0)
(0.165 0.0008395568933 0)
(0.17 0.0008395568933 0)
(0.175 0.0008395568933 0)
(0.18 0.0008395568933 0)
(0.185 0.0008395568933 0)
(0.19 0.0008395568933 0)
(0.195 0.0008395568933 0)
(0.2 0.0008395568933 0)
(0.205 0.0008395568933 0)
(0.21 0.0008395568933 0)
(0.215 0.0008395568933 0)
(0.22 0.0008395568933 0)
(0.225 0.0008395568933 0)
(0.23 0.0008395568933 0)
(0.235 0.0008395568933 0)
(0.24 0.0008395568933 0)
(0.245 0.0008395568933 0)
(0.25 0.0008395568933 0)
(0.255 0.0008395568933 0)
(0.26 0.0008395568933 0)
(0.265 0.0008395568933 0)
(0.27 0.0008395568933 0)
(0.275 0.0008395568933 0)
(0.28 0.0008395568933 0)
(0.285 0.0008395568933 0)
(0.29 0.0008395568933 0)
(0.295 0.0008395568933 0)
(0.3 0.0008395568933 0)
(0.305 0.0008395568933 0)
(0.31 0.0008395568933 0)
(0.315 0.0008395568933 0)
(0.32 0.0008395568933 0)
(0.325 0.0008395568933 0)
(0.33 0.0008395568933 0)
(0.335 0.0008395568933 0)
(0.34 0.0008395568933 0)
(0.345 0.0008395568933 0)
(0.35 0.0008395568933 0)
(0.355 0.0008395568933 0)
(0.36 0.0008395568933 0)
(0.365 0.0008395568933 0)
(0.37 0.0008395568933 0)
(0.375 0.0008395568933 0)
(0.38 0.0008395568933 0)
(0.385 0.0008395568933 0)
(0.39 0.0008395568933 0)
(0.395 0.0008395568933 0)
(0.4 0.0008395568933 0)
(0.405 0.0008395568933 0)
(0.41 0.0008395568933 0)
(0.415 0.0008395568933 0)
(0.42 0.0008395568933 0)
(0.425 0.0008395568933 0)
(0.43 0.0008395568933 0)
(0.435 0.0008395568933 0)
(0.44 0.0008395568933 0)
(0.445 0.0008395568933 0)
(0.45 0.0008395568933 0)
(0.455 0.0008395568933 0)
(0.46 0.0008395568933 0)
(0.465 0.0008395568933 0)
(0.47 0.0008395568933 0)
(0.475 0.0008395568933 0)
(0.48 0.0008395568933 0)
(0.485 0.0008395568933 0)
(0.49 0.0008395568933 0)
(0.495 0.0008395568933 0)
(0.5 0.0008395568933 0)
(0.505 0.0008395568933 0)
(0.51 0.0008395568933 0)
(0.515 0.0008395568933 0)
(0.52 0.0008395568933 0)
(0.525 0.0008395568933 0)
(0.53 0.0008395568933 0)
(0.535 0.0008395568933 0)
(0.54 0.0008395568933 0)
(0.545 0.0008395568933 0)
(0.55 0.0008395568933 0)
(0.555 0.0008395568933 0)
(0.56 0.0008395568933 0)
(0.565 0.0008395568933 0)
(0.57 0.0008395568933 0)
(0.575 0.0008395568933 0)
(0.58 0.0008395568933 0)
(0.585 0.0008395568933 0)
(0.59 0.0008395568933 0)
(0.595 0.0008395568933 0)
(0.6 0.0008395568933 0)
(0.605 0.0008395568933 0)
(0.61 0.0008395568933 0)
(0.615 0.0008395568933 0)
(0.62 0.0008395568933 0)
(0.625 0.0008395568933 0)
(0.63 0.0008395568933 0)
(0.635 0.0008395568933 0)
(0.64 0.0008395568933 0)
(0.645 0.0008395568933 0)
(0.65 0.0008395568933 0)
(0.655 0.0008395568933 0)
(0.66 0.0008395568933 0)
(0.665 0.0008395568933 0)
(0.67 0.0008395568933 0)
(0.675 0.0008395568933 0)
(0.68 0.0008395568933 0)
(0.685 0.0008395568933 0)
(0.69 0.0008395568933 0)
(0.695 0.0008395568933 0)
(0.7 0.0008395568933 0)
(0.705 0.0008395568933 0)
(0.71 0.0008395568933 0)
(0.715 0.0008395568933 0)
(0.72 0.0008395568933 0)
(0.725 0.0008395568933 0)
(0.73 0.0008395568933 0)
(0.735 0.0008395568933 0)
(0.74 0.0008395568933 0)
(0.745 0.0008395568933 0)
(0.75 0.0008395568933 0)
(0.755 0.0008395568933 0)
(0.76 0.0008395568933 0)
(0.765 0.0008395568933 0)
(0.77 0.0008395568933 0)
(0.775 0.0008395568933 0)
(0.78 0.0008395568933 0)
(0.785 0.0008395568933 0)
(0.79 0.0008395568933 0)
(0.795 0.0008395568933 0)
(0.8 0.0008395568933 0)
(0.805 0.0008395568933 0)
(0.81 0.0008395568933 0)
(0.815 0.0008395568933 0)
(0.82 0.0008395568933 0)
(0.825 0.0008395568933 0)
(0.83 0.0008395568933 0)
(0.835 0.0008395568933 0)
(0.84 0.0008395568933 0)
(0.845 0.0008395568933 0)
(0.85 0.0008395568933 0)
(0.855 0.0008395568933 0)
(0.86 0.0008395568933 0)
(0.865 0.0008395568933 0)
(0.87 0.0008395568933 0)
(0.875 0.0008395568933 0)
(0.88 0.0008395568933 0)
(0.885 0.0008395568933 0)
(0.89 0.0008395568933 0)
(0.895 0.0008395568933 0)
(0.9 0.0008395568933 0)
(0.905 0.0008395568933 0)
(0.91 0.0008395568933 0)
(0.915 0.0008395568933 0)
(0.92 0.0008395568933 0)
(0.925 0.0008395568933 0)
(0.93 0.0008395568933 0)
(0.935 0.0008395568933 0)
(0.94 0.0008395568933 0)
(0.945 0.0008395568933 0)
(0.95 0.0008395568933 0)
(0.955 0.0008395568933 0)
(0.96 0.0008395568933 0)
(0.965 0.0008395568933 0)
(0.97 0.0008395568933 0)
(0.975 0.0008395568933 0)
(0.98 0.0008395568933 0)
(0.985 0.0008395568933 0)
(0.99 0.0008395568933 0)
(0.995 0.0008395568933 0)
(1 0.0008395568933 0)
(0.005 0.001158626081 0)
(0.01 0.001158626081 0)
(0.015 0.001158626081 0)
(0.02 0.001158626081 0)
(0.025 0.001158626081 0)
(0.03 0.001158626081 0)
(0.035 0.001158626081 0)
(0.04 0.001158626081 0)
(0.045 0.001158626081 0)
(0.05 0.001158626081 0)
(0.055 0.001158626081 0)
(0.06 0.001158626081 0)
(0.065 0.001158626081 0)
(0.07 0.001158626081 0)
(0.075 0.001158626081 0)
(0.08 0.001158626081 0)
(0.085 0.001158626081 0)
(0.09 0.001158626081 0)
(0.095 0.001158626081 0)
(0.1 0.001158626081 0)
(0.105 0.001158626081 0)
(0.11 0.001158626081 0)
(0.115 0.001158626081 0)
(0.12 0.001158626081 0)
(0.125 0.001158626081 0)
(0.13 0.001158626081 0)
(0.135 0.001158626081 0)
(0.14 0.001158626081 0)
(0.145 0.001158626081 0)
(0.15 0.001158626081 0)
(0.155 0.001158626081 0)
(0.16 0.001158626081 0)
(0.165 0.001158626081 0)
(0.17 0.001158626081 0)
(0.175 0.001158626081 0)
(0.18 0.001158626081 0)
(0.185 0.001158626081 0)
(0.19 0.001158626081 0)
(0.195 0.001158626081 0)
(0.2 0.001158626081 0)
(0.205 0.001158626081 0)
(0.21 0.001158626081 0)
(0.215 0.001158626081 0)
(0.22 0.001158626081 0)
(0.225 0.001158626081 0)
(0.23 0.001158626081 0)
(0.235 0.001158626081 0)
(0.24 0.001158626081 0)
(0.245 0.001158626081 0)
(0.25 0.001158626081 0)
(0.255 0.001158626081 0)
(0.26 0.001158626081 0)
(0.265 0.001158626081 0)
(0.27 0.001158626081 0)
(0.275 0.001158626081 0)
(0.28 0.001158626081 0)
(0.285 0.001158626081 0)
(0.29 0.001158626081 0)
(0.295 0.001158626081 0)
(0.3 0.001158626081 0)
(0.305 0.001158626081 0)
(0.31 0.001158626081 0)
(0.315 0.001158626081 0)
(0.32 0.001158626081 0)
(0.325 0.001158626081 0)
(0.33 0.001158626081 0)
(0.335 0.001158626081 0)
(0.34 0.001158626081 0)
(0.345 0.001158626081 0)
(0.35 0.001158626081 0)
(0.355 0.001158626081 0)
(0.36 0.001158626081 0)
(0.365 0.001158626081 0)
(0.37 0.001158626081 0)
(0.375 0.001158626081 0)
(0.38 0.001158626081 0)
(0.385 0.001158626081 0)
(0.39 0.001158626081 0)
(0.395 0.001158626081 0)
(0.4 0.001158626081 0)
(0.405 0.001158626081 0)
(0.41 0.001158626081 0)
(0.415 0.001158626081 0)
(0.42 0.001158626081 0)
(0.425 0.001158626081 0)
(0.43 0.001158626081 0)
(0.435 0.001158626081 0)
(0.44 0.001158626081 0)
(0.445 0.001158626081 0)
(0.45 0.001158626081 0)
(0.455 0.001158626081 0)
(0.46 0.001158626081 0)
(0.465 0.001158626081 0)
(0.47 0.001158626081 0)
(0.475 0.001158626081 0)
(0.48 0.001158626081 0)
(0.485 0.001158626081 0)
(0.49 0.001158626081 0)
(0.495 0.001158626081 0)
(0.5 0.001158626081 0)
(0.505 0.001158626081 0)
(0.51 0.001158626081 0)
(0.515 0.001158626081 0)
(0.52 0.001158626081 0)
(0.525 0.001158626081 0)
(0.53 0.001158626081 0)
(0.535 0.001158626081 0)
(0.54 0.001158626081 0)
(0.545 0.001158626081 0)
(0.55 0.001158626081 0)
(0.555 0.001158626081 0)
(0.56 0.001158626081 0)
(0.565 0.001158626081 0)
(0.57 0.001158626081 0)
(0.575 0.001158626081 0)
(0.58 0.001158626081 0)
(0.585 0.001158626081 0)
(0.59 0.001158626081 0)
(0.595 0.001158626081 0)
(0.6 0.001158626081 0)
(0.605 0.001158626081 0)
(0.61 0.001158626081 0)
(0.615 0.001158626081 0)
(0.62 0.001158626081 0)
(0.625 0.001158626081 0)
(0.63 0.001158626081 0)
(0.635 0.001158626081 0)
(0.64 0.001158626081 0)
(0.645 0.001158626081 0)
(0.65 0.001158626081 0)
(0.655 0.001158626081 0)
(0.66 0.001158626081 0)
(0.665 0.001158626081 0)
(0.67 0.001158626081 0)
(0.675 0.001158626081 0)
(0.68 0.001158626081 0)
(0.685 0.001158626081 0)
(0.69 0.001158626081 0)
(0.695 0.001158626081 0)
(0.7 0.001158626081 0)
(0.705 0.001158626081 0)
(0.71 0.001158626081 0)
(0.715 0.001158626081 0)
(0.72 0.001158626081 0)
(0.725 0.001158626081 0)
(0.73 0.001158626081 0)
(0.735 0.001158626081 0)
(0.74 0.001158626081 0)
(0.745 0.001158626081 0)
(0.75 0.001158626081 0)
(0.755 0.001158626081 0)
(0.76 0.001158626081 0)
(0.765 0.001158626081 0)
(0.77 0.001158626081 0)
(0.775 0.001158626081 0)
(0.78 0.001158626081 0)
(0.785 0.001158626081 0)
(0.79 0.001158626081 0)
(0.795 0.001158626081 0)
(0.8 0.001158626081 0)
(0.805 0.001158626081 0)
(0.81 0.001158626081 0)
(0.815 0.001158626081 0)
(0.82 0.001158626081 0)
(0.825 0.001158626081 0)
(0.83 0.001158626081 0)
(0.835 0.001158626081 0)
(0.84 0.001158626081 0)
(0.845 0.001158626081 0)
(0.85 0.001158626081 0)
(0.855 0.001158626081 0)
(0.86 0.001158626081 0)
(0.865 0.001158626081 0)
(0.87 0.001158626081 0)
(0.875 0.001158626081 0)
(0.88 0.001158626081 0)
(0.885 0.001158626081 0)
(0.89 0.001158626081 0)
(0.895 0.001158626081 0)
(0.9 0.001158626081 0)
(0.905 0.001158626081 0)
(0.91 0.001158626081 0)
(0.915 0.001158626081 0)
(0.92 0.001158626081 0)
(0.925 0.001158626081 0)
(0.93 0.001158626081 0)
(0.935 0.001158626081 0)
(0.94 0.001158626081 0)
(0.945 0.001158626081 0)
(0.95 0.001158626081 0)
(0.955 0.001158626081 0)
(0.96 0.001158626081 0)
(0.965 0.001158626081 0)
(0.97 0.001158626081 0)
(0.975 0.001158626081 0)
(0.98 0.001158626081 0)
(0.985 0.001158626081 0)
(0.99 0.001158626081 0)
(0.995 0.001158626081 0)
(1 0.001158626081 0)
(0.005 0.001499568446 0)
(0.01 0.001499568446 0)
(0.015 0.001499568446 0)
(0.02 0.001499568446 0)
(0.025 0.001499568446 0)
(0.03 0.001499568446 0)
(0.035 0.001499568446 0)
(0.04 0.001499568446 0)
(0.045 0.001499568446 0)
(0.05 0.001499568446 0)
(0.055 0.001499568446 0)
(0.06 0.001499568446 0)
(0.065 0.001499568446 0)
(0.07 0.001499568446 0)
(0.075 0.001499568446 0)
(0.08 0.001499568446 0)
(0.085 0.001499568446 0)
(0.09 0.001499568446 0)
(0.095 0.001499568446 0)
(0.1 0.001499568446 0)
(0.105 0.001499568446 0)
(0.11 0.001499568446 0)
(0.115 0.001499568446 0)
(0.12 0.001499568446 0)
(0.125 0.001499568446 0)
(0.13 0.001499568446 0)
(0.135 0.001499568446 0)
(0.14 0.001499568446 0)
(0.145 0.001499568446 0)
(0.15 0.001499568446 0)
(0.155 0.001499568446 0)
(0.16 0.001499568446 0)
(0.165 0.001499568446 0)
(0.17 0.001499568446 0)
(0.175 0.001499568446 0)
(0.18 0.001499568446 0)
(0.185 0.001499568446 0)
(0.19 0.001499568446 0)
(0.195 0.001499568446 0)
(0.2 0.001499568446 0)
(0.205 0.001499568446 0)
(0.21 0.001499568446 0)
(0.215 0.001499568446 0)
(0.22 0.001499568446 0)
(0.225 0.001499568446 0)
(0.23 0.001499568446 0)
(0.235 0.001499568446 0)
(0.24 0.001499568446 0)
(0.245 0.001499568446 0)
(0.25 0.001499568446 0)
(0.255 0.001499568446 0)
(0.26 0.001499568446 0)
(0.265 0.001499568446 0)
(0.27 0.001499568446 0)
(0.275 0.001499568446 0)
(0.28 0.001499568446 0)
(0.285 0.001499568446 0)
(0.29 0.001499568446 0)
(0.295 0.001499568446 0)
(0.3 0.001499568446 0)
(0.305 0.001499568446 0)
(0.31 0.001499568446 0)
(0.315 0.001499568446 0)
(0.32 0.001499568446 0)
(0.325 0.001499568446 0)
(0.33 0.001499568446 0)
(0.335 0.001499568446 0)
(0.34 0.001499568446 0)
(0.345 0.001499568446 0)
(0.35 0.001499568446 0)
(0.355 0.001499568446 0)
(0.36 0.001499568446 0)
(0.365 0.001499568446 0)
(0.37 0.001499568446 0)
(0.375 0.001499568446 0)
(0.38 0.001499568446 0)
(0.385 0.001499568446 0)
(0.39 0.001499568446 0)
(0.395 0.001499568446 0)
(0.4 0.001499568446 0)
(0.405 0.001499568446 0)
(0.41 0.001499568446 0)
(0.415 0.001499568446 0)
(0.42 0.001499568446 0)
(0.425 0.001499568446 0)
(0.43 0.001499568446 0)
(0.435 0.001499568446 0)
(0.44 0.001499568446 0)
(0.445 0.001499568446 0)
(0.45 0.001499568446 0)
(0.455 0.001499568446 0)
(0.46 0.001499568446 0)
(0.465 0.001499568446 0)
(0.47 0.001499568446 0)
(0.475 0.001499568446 0)
(0.48 0.001499568446 0)
(0.485 0.001499568446 0)
(0.49 0.001499568446 0)
(0.495 0.001499568446 0)
(0.5 0.001499568446 0)
(0.505 0.001499568446 0)
(0.51 0.001499568446 0)
(0.515 0.001499568446 0)
(0.52 0.001499568446 0)
(0.525 0.001499568446 0)
(0.53 0.001499568446 0)
(0.535 0.001499568446 0)
(0.54 0.001499568446 0)
(0.545 0.001499568446 0)
(0.55 0.001499568446 0)
(0.555 0.001499568446 0)
(0.56 0.001499568446 0)
(0.565 0.001499568446 0)
(0.57 0.001499568446 0)
(0.575 0.001499568446 0)
(0.58 0.001499568446 0)
(0.585 0.001499568446 0)
(0.59 0.001499568446 0)
(0.595 0.001499568446 0)
(0.6 0.001499568446 0)
(0.605 0.001499568446 0)
(0.61 0.001499568446 0)
(0.615 0.001499568446 0)
(0.62 0.001499568446 0)
(0.625 0.001499568446 0)
(0.63 0.001499568446 0)
(0.635 0.001499568446 0)
(0.64 0.001499568446 0)
(0.645 0.001499568446 0)
(0.65 0.001499568446 0)
(0.655 0.001499568446 0)
(0.66 0.001499568446 0)
(0.665 0.001499568446 0)
(0.67 0.001499568446 0)
(0.675 0.001499568446 0)
(0.68 0.001499568446 0)
(0.685 0.001499568446 0)
(0.69 0.001499568446 0)
(0.695 0.001499568446 0)
(0.7 0.001499568446 0)
(0.705 0.001499568446 0)
(0.71 0.001499568446 0)
(0.715 0.001499568446 0)
(0.72 0.001499568446 0)
(0.725 0.001499568446 0)
(0.73 0.001499568446 0)
(0.735 0.001499568446 0)
(0.74 0.001499568446 0)
(0.745 0.001499568446 0)
(0.75 0.001499568446 0)
(0.755 0.001499568446 0)
(0.76 0.001499568446 0)
(0.765 0.001499568446 0)
(0.77 0.001499568446 0)
(0.775 0.001499568446 0)
(0.78 0.001499568446 0)
(0.785 0.001499568446 0)
(0.79 0.001499568446 0)
(0.795 0.001499568446 0)
(0.8 0.001499568446 0)
(0.805 0.001499568446 0)
(0.81 0.001499568446 0)
(0.815 0.001499568446 0)
(0.82 0.001499568446 0)
(0.825 0.001499568446 0)
(0.83 0.001499568446 0)
(0.835 0.001499568446 0)
(0.84 0.001499568446 0)
(0.845 0.001499568446 0)
(0.85 0.001499568446 0)
(0.855 0.001499568446 0)
(0.86 0.001499568446 0)
(0.865 0.001499568446 0)
(0.87 0.001499568446 0)
(0.875 0.001499568446 0)
(0.88 0.001499568446 0)
(0.885 0.001499568446 0)
(0.89 0.001499568446 0)
(0.895 0.001499568446 0)
(0.9 0.001499568446 0)
(0.905 0.001499568446 0)
(0.91 0.001499568446 0)
(0.915 0.001499568446 0)
(0.92 0.001499568446 0)
(0.925 0.001499568446 0)
(0.93 0.001499568446 0)
(0.935 0.001499568446 0)
(0.94 0.001499568446 0)
(0.945 0.001499568446 0)
(0.95 0.001499568446 0)
(0.955 0.001499568446 0)
(0.96 0.001499568446 0)
(0.965 0.001499568446 0)
(0.97 0.001499568446 0)
(0.975 0.001499568446 0)
(0.98 0.001499568446 0)
(0.985 0.001499568446 0)
(0.99 0.001499568446 0)
(0.995 0.001499568446 0)
(1 0.001499568446 0)
(0.005 0.001863883461 0)
(0.01 0.001863883461 0)
(0.015 0.001863883461 0)
(0.02 0.001863883461 0)
(0.025 0.001863883461 0)
(0.03 0.001863883461 0)
(0.035 0.001863883461 0)
(0.04 0.001863883461 0)
(0.045 0.001863883461 0)
(0.05 0.001863883461 0)
(0.055 0.001863883461 0)
(0.06 0.001863883461 0)
(0.065 0.001863883461 0)
(0.07 0.001863883461 0)
(0.075 0.001863883461 0)
(0.08 0.001863883461 0)
(0.085 0.001863883461 0)
(0.09 0.001863883461 0)
(0.095 0.001863883461 0)
(0.1 0.001863883461 0)
(0.105 0.001863883461 0)
(0.11 0.001863883461 0)
(0.115 0.001863883461 0)
(0.12 0.001863883461 0)
(0.125 0.001863883461 0)
(0.13 0.001863883461 0)
(0.135 0.001863883461 0)
(0.14 0.001863883461 0)
(0.145 0.001863883461 0)
(0.15 0.001863883461 0)
(0.155 0.001863883461 0)
(0.16 0.001863883461 0)
(0.165 0.001863883461 0)
(0.17 0.001863883461 0)
(0.175 0.001863883461 0)
(0.18 0.001863883461 0)
(0.185 0.001863883461 0)
(0.19 0.001863883461 0)
(0.195 0.001863883461 0)
(0.2 0.001863883461 0)
(0.205 0.001863883461 0)
(0.21 0.001863883461 0)
(0.215 0.001863883461 0)
(0.22 0.001863883461 0)
(0.225 0.001863883461 0)
(0.23 0.001863883461 0)
(0.235 0.001863883461 0)
(0.24 0.001863883461 0)
(0.245 0.001863883461 0)
(0.25 0.001863883461 0)
(0.255 0.001863883461 0)
(0.26 0.001863883461 0)
(0.265 0.001863883461 0)
(0.27 0.001863883461 0)
(0.275 0.001863883461 0)
(0.28 0.001863883461 0)
(0.285 0.001863883461 0)
(0.29 0.001863883461 0)
(0.295 0.001863883461 0)
(0.3 0.001863883461 0)
(0.305 0.001863883461 0)
(0.31 0.001863883461 0)
(0.315 0.001863883461 0)
(0.32 0.001863883461 0)
(0.325 0.001863883461 0)
(0.33 0.001863883461 0)
(0.335 0.001863883461 0)
(0.34 0.001863883461 0)
(0.345 0.001863883461 0)
(0.35 0.001863883461 0)
(0.355 0.001863883461 0)
(0.36 0.001863883461 0)
(0.365 0.001863883461 0)
(0.37 0.001863883461 0)
(0.375 0.001863883461 0)
(0.38 0.001863883461 0)
(0.385 0.001863883461 0)
(0.39 0.001863883461 0)
(0.395 0.001863883461 0)
(0.4 0.001863883461 0)
(0.405 0.001863883461 0)
(0.41 0.001863883461 0)
(0.415 0.001863883461 0)
(0.42 0.001863883461 0)
(0.425 0.001863883461 0)
(0.43 0.001863883461 0)
(0.435 0.001863883461 0)
(0.44 0.001863883461 0)
(0.445 0.001863883461 0)
(0.45 0.001863883461 0)
(0.455 0.001863883461 0)
(0.46 0.001863883461 0)
(0.465 0.001863883461 0)
(0.47 0.001863883461 0)
(0.475 0.001863883461 0)
(0.48 0.001863883461 0)
(0.485 0.001863883461 0)
(0.49 0.001863883461 0)
(0.495 0.001863883461 0)
(0.5 0.001863883461 0)
(0.505 0.001863883461 0)
(0.51 0.001863883461 0)
(0.515 0.001863883461 0)
(0.52 0.001863883461 0)
(0.525 0.001863883461 0)
(0.53 0.001863883461 0)
(0.535 0.001863883461 0)
(0.54 0.001863883461 0)
(0.545 0.001863883461 0)
(0.55 0.001863883461 0)
(0.555 0.001863883461 0)
(0.56 0.001863883461 0)
(0.565 0.001863883461 0)
(0.57 0.001863883461 0)
(0.575 0.001863883461 0)
(0.58 0.001863883461 0)
(0.585 0.001863883461 0)
(0.59 0.001863883461 0)
(0.595 0.001863883461 0)
(0.6 0.001863883461 0)
(0.605 0.001863883461 0)
(0.61 0.001863883461 0)
(0.615 0.001863883461 0)
(0.62 0.001863883461 0)
(0.625 0.001863883461 0)
(0.63 0.001863883461 0)
(0.635 0.001863883461 0)
(0.64 0.001863883461 0)
(0.645 0.001863883461 0)
(0.65 0.001863883461 0)
(0.655 0.001863883461 0)
(0.66 0.001863883461 0)
(0.665 0.001863883461 0)
(0.67 0.001863883461 0)
(0.675 0.001863883461 0)
(0.68 0.001863883461 0)
(0.685 0.001863883461 0)
(0.69 0.001863883461 0)
(0.695 0.001863883461 0)
(0.7 0.001863883461 0)
(0.705 0.001863883461 0)
(0.71 0.001863883461 0)
(0.715 0.001863883461 0)
(0.72 0.001863883461 0)
(0.725 0.001863883461 0)
(0.73 0.001863883461 0)
(0.735 0.001863883461 0)
(0.74 0.001863883461 0)
(0.745 0.001863883461 0)
(0.75 0.001863883461 0)
(0.755 0.001863883461 0)
(0.76 0.001863883461 0)
(0.765 0.001863883461 0)
(0.77 0.001863883461 0)
(0.775 0.001863883461 0)
(0.78 0.001863883461 0)
(0.785 0.001863883461 0)
(0.79 0.001863883461 0)
(0.795 0.001863883461 0)
(0.8 0.001863883461 0)
(0.805 0.001863883461 0)
(0.81 0.001863883461 0)
(0.815 0.001863883461 0)
(0.82 0.001863883461 0)
(0.825 0.001863883461 0)
(0.83 0.001863883461 0)
(0.835 0.001863883461 0)
(0.84 0.001863883461 0)
(0.845 0.001863883461 0)
(0.85 0.001863883461 0)
(0.855 0.001863883461 0)
(0.86 0.001863883461 0)
(0.865 0.001863883461 0)
(0.87 0.001863883461 0)
(0.875 0.001863883461 0)
(0.88 0.001863883461 0)
(0.885 0.001863883461 0)
(0.89 0.001863883461 0)
(0.895 0.001863883461 0)
(0.9 0.001863883461 0)
(0.905 0.001863883461 0)
(0.91 0.001863883461 0)
(0.915 0.001863883461 0)
(0.92 0.001863883461 0)
(0.925 0.001863883461 0)
(0.93 0.001863883461 0)
(0.935 0.001863883461 0)
(0.94 0.001863883461 0)
(0.945 0.001863883461 0)
(0.95 0.001863883461 0)
(0.955 0.001863883461 0)
(0.96 0.001863883461 0)
(0.965 0.001863883461 0)
(0.97 0.001863883461 0)
(0.975 0.001863883461 0)
(0.98 0.001863883461 0)
(0.985 0.001863883461 0)
(0.99 0.001863883461 0)
(0.995 0.001863883461 0)
(1 0.001863883461 0)
(0.005 0.002253173394 0)
(0.01 0.002253173394 0)
(0.015 0.002253173394 0)
(0.02 0.002253173394 0)
(0.025 0.002253173394 0)
(0.03 0.002253173394 0)
(0.035 0.002253173394 0)
(0.04 0.002253173394 0)
(0.045 0.002253173394 0)
(0.05 0.002253173394 0)
(0.055 0.002253173394 0)
(0.06 0.002253173394 0)
(0.065 0.002253173394 0)
(0.07 0.002253173394 0)
(0.075 0.002253173394 0)
(0.08 0.002253173394 0)
(0.085 0.002253173394 0)
(0.09 0.002253173394 0)
(0.095 0.002253173394 0)
(0.1 0.002253173394 0)
(0.105 0.002253173394 0)
(0.11 0.002253173394 0)
(0.115 0.002253173394 0)
(0.12 0.002253173394 0)
(0.125 0.002253173394 0)
(0.13 0.002253173394 0)
(0.135 0.002253173394 0)
(0.14 0.002253173394 0)
(0.145 0.002253173394 0)
(0.15 0.002253173394 0)
(0.155 0.002253173394 0)
(0.16 0.002253173394 0)
(0.165 0.002253173394 0)
(0.17 0.002253173394 0)
(0.175 0.002253173394 0)
(0.18 0.002253173394 0)
(0.185 0.002253173394 0)
(0.19 0.002253173394 0)
(0.195 0.002253173394 0)
(0.2 0.002253173394 0)
(0.205 0.002253173394 0)
(0.21 0.002253173394 0)
(0.215 0.002253173394 0)
(0.22 0.002253173394 0)
(0.225 0.002253173394 0)
(0.23 0.002253173394 0)
(0.235 0.002253173394 0)
(0.24 0.002253173394 0)
(0.245 0.002253173394 0)
(0.25 0.002253173394 0)
(0.255 0.002253173394 0)
(0.26 0.002253173394 0)
(0.265 0.002253173394 0)
(0.27 0.002253173394 0)
(0.275 0.002253173394 0)
(0.28 0.002253173394 0)
(0.285 0.002253173394 0)
(0.29 0.002253173394 0)
(0.295 0.002253173394 0)
(0.3 0.002253173394 0)
(0.305 0.002253173394 0)
(0.31 0.002253173394 0)
(0.315 0.002253173394 0)
(0.32 0.002253173394 0)
(0.325 0.002253173394 0)
(0.33 0.002253173394 0)
(0.335 0.002253173394 0)
(0.34 0.002253173394 0)
(0.345 0.002253173394 0)
(0.35 0.002253173394 0)
(0.355 0.002253173394 0)
(0.36 0.002253173394 0)
(0.365 0.002253173394 0)
(0.37 0.002253173394 0)
(0.375 0.002253173394 0)
(0.38 0.002253173394 0)
(0.385 0.002253173394 0)
(0.39 0.002253173394 0)
(0.395 0.002253173394 0)
(0.4 0.002253173394 0)
(0.405 0.002253173394 0)
(0.41 0.002253173394 0)
(0.415 0.002253173394 0)
(0.42 0.002253173394 0)
(0.425 0.002253173394 0)
(0.43 0.002253173394 0)
(0.435 0.002253173394 0)
(0.44 0.002253173394 0)
(0.445 0.002253173394 0)
(0.45 0.002253173394 0)
(0.455 0.002253173394 0)
(0.46 0.002253173394 0)
(0.465 0.002253173394 0)
(0.47 0.002253173394 0)
(0.475 0.002253173394 0)
(0.48 0.002253173394 0)
(0.485 0.002253173394 0)
(0.49 0.002253173394 0)
(0.495 0.002253173394 0)
(0.5 0.002253173394 0)
(0.505 0.002253173394 0)
(0.51 0.002253173394 0)
(0.515 0.002253173394 0)
(0.52 0.002253173394 0)
(0.525 0.002253173394 0)
(0.53 0.002253173394 0)
(0.535 0.002253173394 0)
(0.54 0.002253173394 0)
(0.545 0.002253173394 0)
(0.55 0.002253173394 0)
(0.555 0.002253173394 0)
(0.56 0.002253173394 0)
(0.565 0.002253173394 0)
(0.57 0.002253173394 0)
(0.575 0.002253173394 0)
(0.58 0.002253173394 0)
(0.585 0.002253173394 0)
(0.59 0.002253173394 0)
(0.595 0.002253173394 0)
(0.6 0.002253173394 0)
(0.605 0.002253173394 0)
(0.61 0.002253173394 0)
(0.615 0.002253173394 0)
(0.62 0.002253173394 0)
(0.625 0.002253173394 0)
(0.63 0.002253173394 0)
(0.635 0.002253173394 0)
(0.64 0.002253173394 0)
(0.645 0.002253173394 0)
(0.65 0.002253173394 0)
(0.655 0.002253173394 0)
(0.66 0.002253173394 0)
(0.665 0.002253173394 0)
(0.67 0.002253173394 0)
(0.675 0.002253173394 0)
(0.68 0.002253173394 0)
(0.685 0.002253173394 0)
(0.69 0.002253173394 0)
(0.695 0.002253173394 0)
(0.7 0.002253173394 0)
(0.705 0.002253173394 0)
(0.71 0.002253173394 0)
(0.715 0.002253173394 0)
(0.72 0.002253173394 0)
(0.725 0.002253173394 0)
(0.73 0.002253173394 0)
(0.735 0.002253173394 0)
(0.74 0.002253173394 0)
(0.745 0.002253173394 0)
(0.75 0.002253173394 0)
(0.755 0.002253173394 0)
(0.76 0.002253173394 0)
(0.765 0.002253173394 0)
(0.77 0.002253173394 0)
(0.775 0.002253173394 0)
(0.78 0.002253173394 0)
(0.785 0.002253173394 0)
(0.79 0.002253173394 0)
(0.795 0.002253173394 0)
(0.8 0.002253173394 0)
(0.805 0.002253173394 0)
(0.81 0.002253173394 0)
(0.815 0.002253173394 0)
(0.82 0.002253173394 0)
(0.825 0.002253173394 0)
(0.83 0.002253173394 0)
(0.835 0.002253173394 0)
(0.84 0.002253173394 0)
(0.845 0.002253173394 0)
(0.85 0.002253173394 0)
(0.855 0.002253173394 0)
(0.86 0.002253173394 0)
(0.865 0.002253173394 0)
(0.87 0.002253173394 0)
(0.875 0.002253173394 0)
(0.88 0.002253173394 0)
(0.885 0.002253173394 0)
(0.89 0.002253173394 0)
(0.895 0.002253173394 0)
(0.9 0.002253173394 0)
(0.905 0.002253173394 0)
(0.91 0.002253173394 0)
(0.915 0.002253173394 0)
(0.92 0.002253173394 0)
(0.925 0.002253173394 0)
(0.93 0.002253173394 0)
(0.935 0.002253173394 0)
(0.94 0.002253173394 0)
(0.945 0.002253173394 0)
(0.95 0.002253173394 0)
(0.955 0.002253173394 0)
(0.96 0.002253173394 0)
(0.965 0.002253173394 0)
(0.97 0.002253173394 0)
(0.975 0.002253173394 0)
(0.98 0.002253173394 0)
(0.985 0.002253173394 0)
(0.99 0.002253173394 0)
(0.995 0.002253173394 0)
(1 0.002253173394 0)
(0.005 0.002669150351 0)
(0.01 0.002669150351 0)
(0.015 0.002669150351 0)
(0.02 0.002669150351 0)
(0.025 0.002669150351 0)
(0.03 0.002669150351 0)
(0.035 0.002669150351 0)
(0.04 0.002669150351 0)
(0.045 0.002669150351 0)
(0.05 0.002669150351 0)
(0.055 0.002669150351 0)
(0.06 0.002669150351 0)
(0.065 0.002669150351 0)
(0.07 0.002669150351 0)
(0.075 0.002669150351 0)
(0.08 0.002669150351 0)
(0.085 0.002669150351 0)
(0.09 0.002669150351 0)
(0.095 0.002669150351 0)
(0.1 0.002669150351 0)
(0.105 0.002669150351 0)
(0.11 0.002669150351 0)
(0.115 0.002669150351 0)
(0.12 0.002669150351 0)
(0.125 0.002669150351 0)
(0.13 0.002669150351 0)
(0.135 0.002669150351 0)
(0.14 0.002669150351 0)
(0.145 0.002669150351 0)
(0.15 0.002669150351 0)
(0.155 0.002669150351 0)
(0.16 0.002669150351 0)
(0.165 0.002669150351 0)
(0.17 0.002669150351 0)
(0.175 0.002669150351 0)
(0.18 0.002669150351 0)
(0.185 0.002669150351 0)
(0.19 0.002669150351 0)
(0.195 0.002669150351 0)
(0.2 0.002669150351 0)
(0.205 0.002669150351 0)
(0.21 0.002669150351 0)
(0.215 0.002669150351 0)
(0.22 0.002669150351 0)
(0.225 0.002669150351 0)
(0.23 0.002669150351 0)
(0.235 0.002669150351 0)
(0.24 0.002669150351 0)
(0.245 0.002669150351 0)
(0.25 0.002669150351 0)
(0.255 0.002669150351 0)
(0.26 0.002669150351 0)
(0.265 0.002669150351 0)
(0.27 0.002669150351 0)
(0.275 0.002669150351 0)
(0.28 0.002669150351 0)
(0.285 0.002669150351 0)
(0.29 0.002669150351 0)
(0.295 0.002669150351 0)
(0.3 0.002669150351 0)
(0.305 0.002669150351 0)
(0.31 0.002669150351 0)
(0.315 0.002669150351 0)
(0.32 0.002669150351 0)
(0.325 0.002669150351 0)
(0.33 0.002669150351 0)
(0.335 0.002669150351 0)
(0.34 0.002669150351 0)
(0.345 0.002669150351 0)
(0.35 0.002669150351 0)
(0.355 0.002669150351 0)
(0.36 0.002669150351 0)
(0.365 0.002669150351 0)
(0.37 0.002669150351 0)
(0.375 0.002669150351 0)
(0.38 0.002669150351 0)
(0.385 0.002669150351 0)
(0.39 0.002669150351 0)
(0.395 0.002669150351 0)
(0.4 0.002669150351 0)
(0.405 0.002669150351 0)
(0.41 0.002669150351 0)
(0.415 0.002669150351 0)
(0.42 0.002669150351 0)
(0.425 0.002669150351 0)
(0.43 0.002669150351 0)
(0.435 0.002669150351 0)
(0.44 0.002669150351 0)
(0.445 0.002669150351 0)
(0.45 0.002669150351 0)
(0.455 0.002669150351 0)
(0.46 0.002669150351 0)
(0.465 0.002669150351 0)
(0.47 0.002669150351 0)
(0.475 0.002669150351 0)
(0.48 0.002669150351 0)
(0.485 0.002669150351 0)
(0.49 0.002669150351 0)
(0.495 0.002669150351 0)
(0.5 0.002669150351 0)
(0.505 0.002669150351 0)
(0.51 0.002669150351 0)
(0.515 0.002669150351 0)
(0.52 0.002669150351 0)
(0.525 0.002669150351 0)
(0.53 0.002669150351 0)
(0.535 0.002669150351 0)
(0.54 0.002669150351 0)
(0.545 0.002669150351 0)
(0.55 0.002669150351 0)
(0.555 0.002669150351 0)
(0.56 0.002669150351 0)
(0.565 0.002669150351 0)
(0.57 0.002669150351 0)
(0.575 0.002669150351 0)
(0.58 0.002669150351 0)
(0.585 0.002669150351 0)
(0.59 0.002669150351 0)
(0.595 0.002669150351 0)
(0.6 0.002669150351 0)
(0.605 0.002669150351 0)
(0.61 0.002669150351 0)
(0.615 0.002669150351 0)
(0.62 0.002669150351 0)
(0.625 0.002669150351 0)
(0.63 0.002669150351 0)
(0.635 0.002669150351 0)
(0.64 0.002669150351 0)
(0.645 0.002669150351 0)
(0.65 0.002669150351 0)
(0.655 0.002669150351 0)
(0.66 0.002669150351 0)
(0.665 0.002669150351 0)
(0.67 0.002669150351 0)
(0.675 0.002669150351 0)
(0.68 0.002669150351 0)
(0.685 0.002669150351 0)
(0.69 0.002669150351 0)
(0.695 0.002669150351 0)
(0.7 0.002669150351 0)
(0.705 0.002669150351 0)
(0.71 0.002669150351 0)
(0.715 0.002669150351 0)
(0.72 0.002669150351 0)
(0.725 0.002669150351 0)
(0.73 0.002669150351 0)
(0.735 0.002669150351 0)
(0.74 0.002669150351 0)
(0.745 0.002669150351 0)
(0.75 0.002669150351 0)
(0.755 0.002669150351 0)
(0.76 0.002669150351 0)
(0.765 0.002669150351 0)
(0.77 0.002669150351 0)
(0.775 0.002669150351 0)
(0.78 0.002669150351 0)
(0.785 0.002669150351 0)
(0.79 0.002669150351 0)
(0.795 0.002669150351 0)
(0.8 0.002669150351 0)
(0.805 0.002669150351 0)
(0.81 0.002669150351 0)
(0.815 0.002669150351 0)
(0.82 0.002669150351 0)
(0.825 0.002669150351 0)
(0.83 0.002669150351 0)
(0.835 0.002669150351 0)
(0.84 0.002669150351 0)
(0.845 0.002669150351 0)
(0.85 0.002669150351 0)
(0.855 0.002669150351 0)
(0.86 0.002669150351 0)
(0.865 0.002669150351 0)
(0.87 0.002669150351 0)
(0.875 0.002669150351 0)
(0.88 0.002669150351 0)
(0.885 0.002669150351 0)
(0.89 0.002669150351 0)
(0.895 0.002669150351 0)
(0.9 0.002669150351 0)
(0.905 0.002669150351 0)
(0.91 0.002669150351 0)
(0.915 0.002669150351 0)
(0.92 0.002669150351 0)
(0.925 0.002669150351 0)
(0.93 0.002669150351 0)
(0.935 0.002669150351 0)
(0.94 0.002669150351 0)
(0.945 0.002669150351 0)
(0.95 0.002669150351 0)
(0.955 0.002669150351 0)
(0.96 0.002669150351 0)
(0.965 0.002669150351 0)
(0.97 0.002669150351 0)
(0.975 0.002669150351 0)
(0.98 0.002669150351 0)
(0.985 0.002669150351 0)
(0.99 0.002669150351 0)
(0.995 0.002669150351 0)
(1 0.002669150351 0)
(0.005 0.003113643812 0)
(0.01 0.003113643812 0)
(0.015 0.003113643812 0)
(0.02 0.003113643812 0)
(0.025 0.003113643812 0)
(0.03 0.003113643812 0)
(0.035 0.003113643812 0)
(0.04 0.003113643812 0)
(0.045 0.003113643812 0)
(0.05 0.003113643812 0)
(0.055 0.003113643812 0)
(0.06 0.003113643812 0)
(0.065 0.003113643812 0)
(0.07 0.003113643812 0)
(0.075 0.003113643812 0)
(0.08 0.003113643812 0)
(0.085 0.003113643812 0)
(0.09 0.003113643812 0)
(0.095 0.003113643812 0)
(0.1 0.003113643812 0)
(0.105 0.003113643812 0)
(0.11 0.003113643812 0)
(0.115 0.003113643812 0)
(0.12 0.003113643812 0)
(0.125 0.003113643812 0)
(0.13 0.003113643812 0)
(0.135 0.003113643812 0)
(0.14 0.003113643812 0)
(0.145 0.003113643812 0)
(0.15 0.003113643812 0)
(0.155 0.003113643812 0)
(0.16 0.003113643812 0)
(0.165 0.003113643812 0)
(0.17 0.003113643812 0)
(0.175 0.003113643812 0)
(0.18 0.003113643812 0)
(0.185 0.003113643812 0)
(0.19 0.003113643812 0)
(0.195 0.003113643812 0)
(0.2 0.003113643812 0)
(0.205 0.003113643812 0)
(0.21 0.003113643812 0)
(0.215 0.003113643812 0)
(0.22 0.003113643812 0)
(0.225 0.003113643812 0)
(0.23 0.003113643812 0)
(0.235 0.003113643812 0)
(0.24 0.003113643812 0)
(0.245 0.003113643812 0)
(0.25 0.003113643812 0)
(0.255 0.003113643812 0)
(0.26 0.003113643812 0)
(0.265 0.003113643812 0)
(0.27 0.003113643812 0)
(0.275 0.003113643812 0)
(0.28 0.003113643812 0)
(0.285 0.003113643812 0)
(0.29 0.003113643812 0)
(0.295 0.003113643812 0)
(0.3 0.003113643812 0)
(0.305 0.003113643812 0)
(0.31 0.003113643812 0)
(0.315 0.003113643812 0)
(0.32 0.003113643812 0)
(0.325 0.003113643812 0)
(0.33 0.003113643812 0)
(0.335 0.003113643812 0)
(0.34 0.003113643812 0)
(0.345 0.003113643812 0)
(0.35 0.003113643812 0)
(0.355 0.003113643812 0)
(0.36 0.003113643812 0)
(0.365 0.003113643812 0)
(0.37 0.003113643812 0)
(0.375 0.003113643812 0)
(0.38 0.003113643812 0)
(0.385 0.003113643812 0)
(0.39 0.003113643812 0)
(0.395 0.003113643812 0)
(0.4 0.003113643812 0)
(0.405 0.003113643812 0)
(0.41 0.003113643812 0)
(0.415 0.003113643812 0)
(0.42 0.003113643812 0)
(0.425 0.003113643812 0)
(0.43 0.003113643812 0)
(0.435 0.003113643812 0)
(0.44 0.003113643812 0)
(0.445 0.003113643812 0)
(0.45 0.003113643812 0)
(0.455 0.003113643812 0)
(0.46 0.003113643812 0)
(0.465 0.003113643812 0)
(0.47 0.003113643812 0)
(0.475 0.003113643812 0)
(0.48 0.003113643812 0)
(0.485 0.003113643812 0)
(0.49 0.003113643812 0)
(0.495 0.003113643812 0)
(0.5 0.003113643812 0)
(0.505 0.003113643812 0)
(0.51 0.003113643812 0)
(0.515 0.003113643812 0)
(0.52 0.003113643812 0)
(0.525 0.003113643812 0)
(0.53 0.003113643812 0)
(0.535 0.003113643812 0)
(0.54 0.003113643812 0)
(0.545 0.003113643812 0)
(0.55 0.003113643812 0)
(0.555 0.003113643812 0)
(0.56 0.003113643812 0)
(0.565 0.003113643812 0)
(0.57 0.003113643812 0)
(0.575 0.003113643812 0)
(0.58 0.003113643812 0)
(0.585 0.003113643812 0)
(0.59 0.003113643812 0)
(0.595 0.003113643812 0)
(0.6 0.003113643812 0)
(0.605 0.003113643812 0)
(0.61 0.003113643812 0)
(0.615 0.003113643812 0)
(0.62 0.003113643812 0)
(0.625 0.003113643812 0)
(0.63 0.003113643812 0)
(0.635 0.003113643812 0)
(0.64 0.003113643812 0)
(0.645 0.003113643812 0)
(0.65 0.003113643812 0)
(0.655 0.003113643812 0)
(0.66 0.003113643812 0)
(0.665 0.003113643812 0)
(0.67 0.003113643812 0)
(0.675 0.003113643812 0)
(0.68 0.003113643812 0)
(0.685 0.003113643812 0)
(0.69 0.003113643812 0)
(0.695 0.003113643812 0)
(0.7 0.003113643812 0)
(0.705 0.003113643812 0)
(0.71 0.003113643812 0)
(0.715 0.003113643812 0)
(0.72 0.003113643812 0)
(0.725 0.003113643812 0)
(0.73 0.003113643812 0)
(0.735 0.003113643812 0)
(0.74 0.003113643812 0)
(0.745 0.003113643812 0)
(0.75 0.003113643812 0)
(0.755 0.003113643812 0)
(0.76 0.003113643812 0)
(0.765 0.003113643812 0)
(0.77 0.003113643812 0)
(0.775 0.003113643812 0)
(0.78 0.003113643812 0)
(0.785 0.003113643812 0)
(0.79 0.003113643812 0)
(0.795 0.003113643812 0)
(0.8 0.003113643812 0)
(0.805 0.003113643812 0)
(0.81 0.003113643812 0)
(0.815 0.003113643812 0)
(0.82 0.003113643812 0)
(0.825 0.003113643812 0)
(0.83 0.003113643812 0)
(0.835 0.003113643812 0)
(0.84 0.003113643812 0)
(0.845 0.003113643812 0)
(0.85 0.003113643812 0)
(0.855 0.003113643812 0)
(0.86 0.003113643812 0)
(0.865 0.003113643812 0)
(0.87 0.003113643812 0)
(0.875 0.003113643812 0)
(0.88 0.003113643812 0)
(0.885 0.003113643812 0)
(0.89 0.003113643812 0)
(0.895 0.003113643812 0)
(0.9 0.003113643812 0)
(0.905 0.003113643812 0)
(0.91 0.003113643812 0)
(0.915 0.003113643812 0)
(0.92 0.003113643812 0)
(0.925 0.003113643812 0)
(0.93 0.003113643812 0)
(0.935 0.003113643812 0)
(0.94 0.003113643812 0)
(0.945 0.003113643812 0)
(0.95 0.003113643812 0)
(0.955 0.003113643812 0)
(0.96 0.003113643812 0)
(0.965 0.003113643812 0)
(0.97 0.003113643812 0)
(0.975 0.003113643812 0)
(0.98 0.003113643812 0)
(0.985 0.003113643812 0)
(0.99 0.003113643812 0)
(0.995 0.003113643812 0)
(1 0.003113643812 0)
(0.005 0.00358860867 0)
(0.01 0.00358860867 0)
(0.015 0.00358860867 0)
(0.02 0.00358860867 0)
(0.025 0.00358860867 0)
(0.03 0.00358860867 0)
(0.035 0.00358860867 0)
(0.04 0.00358860867 0)
(0.045 0.00358860867 0)
(0.05 0.00358860867 0)
(0.055 0.00358860867 0)
(0.06 0.00358860867 0)
(0.065 0.00358860867 0)
(0.07 0.00358860867 0)
(0.075 0.00358860867 0)
(0.08 0.00358860867 0)
(0.085 0.00358860867 0)
(0.09 0.00358860867 0)
(0.095 0.00358860867 0)
(0.1 0.00358860867 0)
(0.105 0.00358860867 0)
(0.11 0.00358860867 0)
(0.115 0.00358860867 0)
(0.12 0.00358860867 0)
(0.125 0.00358860867 0)
(0.13 0.00358860867 0)
(0.135 0.00358860867 0)
(0.14 0.00358860867 0)
(0.145 0.00358860867 0)
(0.15 0.00358860867 0)
(0.155 0.00358860867 0)
(0.16 0.00358860867 0)
(0.165 0.00358860867 0)
(0.17 0.00358860867 0)
(0.175 0.00358860867 0)
(0.18 0.00358860867 0)
(0.185 0.00358860867 0)
(0.19 0.00358860867 0)
(0.195 0.00358860867 0)
(0.2 0.00358860867 0)
(0.205 0.00358860867 0)
(0.21 0.00358860867 0)
(0.215 0.00358860867 0)
(0.22 0.00358860867 0)
(0.225 0.00358860867 0)
(0.23 0.00358860867 0)
(0.235 0.00358860867 0)
(0.24 0.00358860867 0)
(0.245 0.00358860867 0)
(0.25 0.00358860867 0)
(0.255 0.00358860867 0)
(0.26 0.00358860867 0)
(0.265 0.00358860867 0)
(0.27 0.00358860867 0)
(0.275 0.00358860867 0)
(0.28 0.00358860867 0)
(0.285 0.00358860867 0)
(0.29 0.00358860867 0)
(0.295 0.00358860867 0)
(0.3 0.00358860867 0)
(0.305 0.00358860867 0)
(0.31 0.00358860867 0)
(0.315 0.00358860867 0)
(0.32 0.00358860867 0)
(0.325 0.00358860867 0)
(0.33 0.00358860867 0)
(0.335 0.00358860867 0)
(0.34 0.00358860867 0)
(0.345 0.00358860867 0)
(0.35 0.00358860867 0)
(0.355 0.00358860867 0)
(0.36 0.00358860867 0)
(0.365 0.00358860867 0)
(0.37 0.00358860867 0)
(0.375 0.00358860867 0)
(0.38 0.00358860867 0)
(0.385 0.00358860867 0)
(0.39 0.00358860867 0)
(0.395 0.00358860867 0)
(0.4 0.00358860867 0)
(0.405 0.00358860867 0)
(0.41 0.00358860867 0)
(0.415 0.00358860867 0)
(0.42 0.00358860867 0)
(0.425 0.00358860867 0)
(0.43 0.00358860867 0)
(0.435 0.00358860867 0)
(0.44 0.00358860867 0)
(0.445 0.00358860867 0)
(0.45 0.00358860867 0)
(0.455 0.00358860867 0)
(0.46 0.00358860867 0)
(0.465 0.00358860867 0)
(0.47 0.00358860867 0)
(0.475 0.00358860867 0)
(0.48 0.00358860867 0)
(0.485 0.00358860867 0)
(0.49 0.00358860867 0)
(0.495 0.00358860867 0)
(0.5 0.00358860867 0)
(0.505 0.00358860867 0)
(0.51 0.00358860867 0)
(0.515 0.00358860867 0)
(0.52 0.00358860867 0)
(0.525 0.00358860867 0)
(0.53 0.00358860867 0)
(0.535 0.00358860867 0)
(0.54 0.00358860867 0)
(0.545 0.00358860867 0)
(0.55 0.00358860867 0)
(0.555 0.00358860867 0)
(0.56 0.00358860867 0)
(0.565 0.00358860867 0)
(0.57 0.00358860867 0)
(0.575 0.00358860867 0)
(0.58 0.00358860867 0)
(0.585 0.00358860867 0)
(0.59 0.00358860867 0)
(0.595 0.00358860867 0)
(0.6 0.00358860867 0)
(0.605 0.00358860867 0)
(0.61 0.00358860867 0)
(0.615 0.00358860867 0)
(0.62 0.00358860867 0)
(0.625 0.00358860867 0)
(0.63 0.00358860867 0)
(0.635 0.00358860867 0)
(0.64 0.00358860867 0)
(0.645 0.00358860867 0)
(0.65 0.00358860867 0)
(0.655 0.00358860867 0)
(0.66 0.00358860867 0)
(0.665 0.00358860867 0)
(0.67 0.00358860867 0)
(0.675 0.00358860867 0)
(0.68 0.00358860867 0)
(0.685 0.00358860867 0)
(0.69 0.00358860867 0)
(0.695 0.00358860867 0)
(0.7 0.00358860867 0)
(0.705 0.00358860867 0)
(0.71 0.00358860867 0)
(0.715 0.00358860867 0)
(0.72 0.00358860867 0)
(0.725 0.00358860867 0)
(0.73 0.00358860867 0)
(0.735 0.00358860867 0)
(0.74 0.00358860867 0)
(0.745 0.00358860867 0)
(0.75 0.00358860867 0)
(0.755 0.00358860867 0)
(0.76 0.00358860867 0)
(0.765 0.00358860867 0)
(0.77 0.00358860867 0)
(0.775 0.00358860867 0)
(0.78 0.00358860867 0)
(0.785 0.00358860867 0)
(0.79 0.00358860867 0)
(0.795 0.00358860867 0)
(0.8 0.00358860867 0)
(0.805 0.00358860867 0)
(0.81 0.00358860867 0)
(0.815 0.00358860867 0)
(0.82 0.00358860867 0)
(0.825 0.00358860867 0)
(0.83 0.00358860867 0)
(0.835 0.00358860867 0)
(0.84 0.00358860867 0)
(0.845 0.00358860867 0)
(0.85 0.00358860867 0)
(0.855 0.00358860867 0)
(0.86 0.00358860867 0)
(0.865 0.00358860867 0)
(0.87 0.00358860867 0)
(0.875 0.00358860867 0)
(0.88 0.00358860867 0)
(0.885 0.00358860867 0)
(0.89 0.00358860867 0)
(0.895 0.00358860867 0)
(0.9 0.00358860867 0)
(0.905 0.00358860867 0)
(0.91 0.00358860867 0)
(0.915 0.00358860867 0)
(0.92 0.00358860867 0)
(0.925 0.00358860867 0)
(0.93 0.00358860867 0)
(0.935 0.00358860867 0)
(0.94 0.00358860867 0)
(0.945 0.00358860867 0)
(0.95 0.00358860867 0)
(0.955 0.00358860867 0)
(0.96 0.00358860867 0)
(0.965 0.00358860867 0)
(0.97 0.00358860867 0)
(0.975 0.00358860867 0)
(0.98 0.00358860867 0)
(0.985 0.00358860867 0)
(0.99 0.00358860867 0)
(0.995 0.00358860867 0)
(1 0.00358860867 0)
(0.005 0.004096133833 0)
(0.01 0.004096133833 0)
(0.015 0.004096133833 0)
(0.02 0.004096133833 0)
(0.025 0.004096133833 0)
(0.03 0.004096133833 0)
(0.035 0.004096133833 0)
(0.04 0.004096133833 0)
(0.045 0.004096133833 0)
(0.05 0.004096133833 0)
(0.055 0.004096133833 0)
(0.06 0.004096133833 0)
(0.065 0.004096133833 0)
(0.07 0.004096133833 0)
(0.075 0.004096133833 0)
(0.08 0.004096133833 0)
(0.085 0.004096133833 0)
(0.09 0.004096133833 0)
(0.095 0.004096133833 0)
(0.1 0.004096133833 0)
(0.105 0.004096133833 0)
(0.11 0.004096133833 0)
(0.115 0.004096133833 0)
(0.12 0.004096133833 0)
(0.125 0.004096133833 0)
(0.13 0.004096133833 0)
(0.135 0.004096133833 0)
(0.14 0.004096133833 0)
(0.145 0.004096133833 0)
(0.15 0.004096133833 0)
(0.155 0.004096133833 0)
(0.16 0.004096133833 0)
(0.165 0.004096133833 0)
(0.17 0.004096133833 0)
(0.175 0.004096133833 0)
(0.18 0.004096133833 0)
(0.185 0.004096133833 0)
(0.19 0.004096133833 0)
(0.195 0.004096133833 0)
(0.2 0.004096133833 0)
(0.205 0.004096133833 0)
(0.21 0.004096133833 0)
(0.215 0.004096133833 0)
(0.22 0.004096133833 0)
(0.225 0.004096133833 0)
(0.23 0.004096133833 0)
(0.235 0.004096133833 0)
(0.24 0.004096133833 0)
(0.245 0.004096133833 0)
(0.25 0.004096133833 0)
(0.255 0.004096133833 0)
(0.26 0.004096133833 0)
(0.265 0.004096133833 0)
(0.27 0.004096133833 0)
(0.275 0.004096133833 0)
(0.28 0.004096133833 0)
(0.285 0.004096133833 0)
(0.29 0.004096133833 0)
(0.295 0.004096133833 0)
(0.3 0.004096133833 0)
(0.305 0.004096133833 0)
(0.31 0.004096133833 0)
(0.315 0.004096133833 0)
(0.32 0.004096133833 0)
(0.325 0.004096133833 0)
(0.33 0.004096133833 0)
(0.335 0.004096133833 0)
(0.34 0.004096133833 0)
(0.345 0.004096133833 0)
(0.35 0.004096133833 0)
(0.355 0.004096133833 0)
(0.36 0.004096133833 0)
(0.365 0.004096133833 0)
(0.37 0.004096133833 0)
(0.375 0.004096133833 0)
(0.38 0.004096133833 0)
(0.385 0.004096133833 0)
(0.39 0.004096133833 0)
(0.395 0.004096133833 0)
(0.4 0.004096133833 0)
(0.405 0.004096133833 0)
(0.41 0.004096133833 0)
(0.415 0.004096133833 0)
(0.42 0.004096133833 0)
(0.425 0.004096133833 0)
(0.43 0.004096133833 0)
(0.435 0.004096133833 0)
(0.44 0.004096133833 0)
(0.445 0.004096133833 0)
(0.45 0.004096133833 0)
(0.455 0.004096133833 0)
(0.46 0.004096133833 0)
(0.465 0.004096133833 0)
(0.47 0.004096133833 0)
(0.475 0.004096133833 0)
(0.48 0.004096133833 0)
(0.485 0.004096133833 0)
(0.49 0.004096133833 0)
(0.495 0.004096133833 0)
(0.5 0.004096133833 0)
(0.505 0.004096133833 0)
(0.51 0.004096133833 0)
(0.515 0.004096133833 0)
(0.52 0.004096133833 0)
(0.525 0.004096133833 0)
(0.53 0.004096133833 0)
(0.535 0.004096133833 0)
(0.54 0.004096133833 0)
(0.545 0.004096133833 0)
(0.55 0.004096133833 0)
(0.555 0.004096133833 0)
(0.56 0.004096133833 0)
(0.565 0.004096133833 0)
(0.57 0.004096133833 0)
(0.575 0.004096133833 0)
(0.58 0.004096133833 0)
(0.585 0.004096133833 0)
(0.59 0.004096133833 0)
(0.595 0.004096133833 0)
(0.6 0.004096133833 0)
(0.605 0.004096133833 0)
(0.61 0.004096133833 0)
(0.615 0.004096133833 0)
(0.62 0.004096133833 0)
(0.625 0.004096133833 0)
(0.63 0.004096133833 0)
(0.635 0.004096133833 0)
(0.64 0.004096133833 0)
(0.645 0.004096133833 0)
(0.65 0.004096133833 0)
(0.655 0.004096133833 0)
(0.66 0.004096133833 0)
(0.665 0.004096133833 0)
(0.67 0.004096133833 0)
(0.675 0.004096133833 0)
(0.68 0.004096133833 0)
(0.685 0.004096133833 0)
(0.69 0.004096133833 0)
(0.695 0.004096133833 0)
(0.7 0.004096133833 0)
(0.705 0.004096133833 0)
(0.71 0.004096133833 0)
(0.715 0.004096133833 0)
(0.72 0.004096133833 0)
(0.725 0.004096133833 0)
(0.73 0.004096133833 0)
(0.735 0.004096133833 0)
(0.74 0.004096133833 0)
(0.745 0.004096133833 0)
(0.75 0.004096133833 0)
(0.755 0.004096133833 0)
(0.76 0.004096133833 0)
(0.765 0.004096133833 0)
(0.77 0.004096133833 0)
(0.775 0.004096133833 0)
(0.78 0.004096133833 0)
(0.785 0.004096133833 0)
(0.79 0.004096133833 0)
(0.795 0.004096133833 0)
(0.8 0.004096133833 0)
(0.805 0.004096133833 0)
(0.81 0.004096133833 0)
(0.815 0.004096133833 0)
(0.82 0.004096133833 0)
(0.825 0.004096133833 0)
(0.83 0.004096133833 0)
(0.835 0.004096133833 0)
(0.84 0.004096133833 0)
(0.845 0.004096133833 0)
(0.85 0.004096133833 0)
(0.855 0.004096133833 0)
(0.86 0.004096133833 0)
(0.865 0.004096133833 0)
(0.87 0.004096133833 0)
(0.875 0.004096133833 0)
(0.88 0.004096133833 0)
(0.885 0.004096133833 0)
(0.89 0.004096133833 0)
(0.895 0.004096133833 0)
(0.9 0.004096133833 0)
(0.905 0.004096133833 0)
(0.91 0.004096133833 0)
(0.915 0.004096133833 0)
(0.92 0.004096133833 0)
(0.925 0.004096133833 0)
(0.93 0.004096133833 0)
(0.935 0.004096133833 0)
(0.94 0.004096133833 0)
(0.945 0.004096133833 0)
(0.95 0.004096133833 0)
(0.955 0.004096133833 0)
(0.96 0.004096133833 0)
(0.965 0.004096133833 0)
(0.97 0.004096133833 0)
(0.975 0.004096133833 0)
(0.98 0.004096133833 0)
(0.985 0.004096133833 0)
(0.99 0.004096133833 0)
(0.995 0.004096133833 0)
(1 0.004096133833 0)
(0.005 0.004638451411 0)
(0.01 0.004638451411 0)
(0.015 0.004638451411 0)
(0.02 0.004638451411 0)
(0.025 0.004638451411 0)
(0.03 0.004638451411 0)
(0.035 0.004638451411 0)
(0.04 0.004638451411 0)
(0.045 0.004638451411 0)
(0.05 0.004638451411 0)
(0.055 0.004638451411 0)
(0.06 0.004638451411 0)
(0.065 0.004638451411 0)
(0.07 0.004638451411 0)
(0.075 0.004638451411 0)
(0.08 0.004638451411 0)
(0.085 0.004638451411 0)
(0.09 0.004638451411 0)
(0.095 0.004638451411 0)
(0.1 0.004638451411 0)
(0.105 0.004638451411 0)
(0.11 0.004638451411 0)
(0.115 0.004638451411 0)
(0.12 0.004638451411 0)
(0.125 0.004638451411 0)
(0.13 0.004638451411 0)
(0.135 0.004638451411 0)
(0.14 0.004638451411 0)
(0.145 0.004638451411 0)
(0.15 0.004638451411 0)
(0.155 0.004638451411 0)
(0.16 0.004638451411 0)
(0.165 0.004638451411 0)
(0.17 0.004638451411 0)
(0.175 0.004638451411 0)
(0.18 0.004638451411 0)
(0.185 0.004638451411 0)
(0.19 0.004638451411 0)
(0.195 0.004638451411 0)
(0.2 0.004638451411 0)
(0.205 0.004638451411 0)
(0.21 0.004638451411 0)
(0.215 0.004638451411 0)
(0.22 0.004638451411 0)
(0.225 0.004638451411 0)
(0.23 0.004638451411 0)
(0.235 0.004638451411 0)
(0.24 0.004638451411 0)
(0.245 0.004638451411 0)
(0.25 0.004638451411 0)
(0.255 0.004638451411 0)
(0.26 0.004638451411 0)
(0.265 0.004638451411 0)
(0.27 0.004638451411 0)
(0.275 0.004638451411 0)
(0.28 0.004638451411 0)
(0.285 0.004638451411 0)
(0.29 0.004638451411 0)
(0.295 0.004638451411 0)
(0.3 0.004638451411 0)
(0.305 0.004638451411 0)
(0.31 0.004638451411 0)
(0.315 0.004638451411 0)
(0.32 0.004638451411 0)
(0.325 0.004638451411 0)
(0.33 0.004638451411 0)
(0.335 0.004638451411 0)
(0.34 0.004638451411 0)
(0.345 0.004638451411 0)
(0.35 0.004638451411 0)
(0.355 0.004638451411 0)
(0.36 0.004638451411 0)
(0.365 0.004638451411 0)
(0.37 0.004638451411 0)
(0.375 0.004638451411 0)
(0.38 0.004638451411 0)
(0.385 0.004638451411 0)
(0.39 0.004638451411 0)
(0.395 0.004638451411 0)
(0.4 0.004638451411 0)
(0.405 0.004638451411 0)
(0.41 0.004638451411 0)
(0.415 0.004638451411 0)
(0.42 0.004638451411 0)
(0.425 0.004638451411 0)
(0.43 0.004638451411 0)
(0.435 0.004638451411 0)
(0.44 0.004638451411 0)
(0.445 0.004638451411 0)
(0.45 0.004638451411 0)
(0.455 0.004638451411 0)
(0.46 0.004638451411 0)
(0.465 0.004638451411 0)
(0.47 0.004638451411 0)
(0.475 0.004638451411 0)
(0.48 0.004638451411 0)
(0.485 0.004638451411 0)
(0.49 0.004638451411 0)
(0.495 0.004638451411 0)
(0.5 0.004638451411 0)
(0.505 0.004638451411 0)
(0.51 0.004638451411 0)
(0.515 0.004638451411 0)
(0.52 0.004638451411 0)
(0.525 0.004638451411 0)
(0.53 0.004638451411 0)
(0.535 0.004638451411 0)
(0.54 0.004638451411 0)
(0.545 0.004638451411 0)
(0.55 0.004638451411 0)
(0.555 0.004638451411 0)
(0.56 0.004638451411 0)
(0.565 0.004638451411 0)
(0.57 0.004638451411 0)
(0.575 0.004638451411 0)
(0.58 0.004638451411 0)
(0.585 0.004638451411 0)
(0.59 0.004638451411 0)
(0.595 0.004638451411 0)
(0.6 0.004638451411 0)
(0.605 0.004638451411 0)
(0.61 0.004638451411 0)
(0.615 0.004638451411 0)
(0.62 0.004638451411 0)
(0.625 0.004638451411 0)
(0.63 0.004638451411 0)
(0.635 0.004638451411 0)
(0.64 0.004638451411 0)
(0.645 0.004638451411 0)
(0.65 0.004638451411 0)
(0.655 0.004638451411 0)
(0.66 0.004638451411 0)
(0.665 0.004638451411 0)
(0.67 0.004638451411 0)
(0.675 0.004638451411 0)
(0.68 0.004638451411 0)
(0.685 0.004638451411 0)
(0.69 0.004638451411 0)
(0.695 0.004638451411 0)
(0.7 0.004638451411 0)
(0.705 0.004638451411 0)
(0.71 0.004638451411 0)
(0.715 0.004638451411 0)
(0.72 0.004638451411 0)
(0.725 0.004638451411 0)
(0.73 0.004638451411 0)
(0.735 0.004638451411 0)
(0.74 0.004638451411 0)
(0.745 0.004638451411 0)
(0.75 0.004638451411 0)
(0.755 0.004638451411 0)
(0.76 0.004638451411 0)
(0.765 0.004638451411 0)
(0.77 0.004638451411 0)
(0.775 0.004638451411 0)
(0.78 0.004638451411 0)
(0.785 0.004638451411 0)
(0.79 0.004638451411 0)
(0.795 0.004638451411 0)
(0.8 0.004638451411 0)
(0.805 0.004638451411 0)
(0.81 0.004638451411 0)
(0.815 0.004638451411 0)
(0.82 0.004638451411 0)
(0.825 0.004638451411 0)
(0.83 0.004638451411 0)
(0.835 0.004638451411 0)
(0.84 0.004638451411 0)
(0.845 0.004638451411 0)
(0.85 0.004638451411 0)
(0.855 0.004638451411 0)
(0.86 0.004638451411 0)
(0.865 0.004638451411 0)
(0.87 0.004638451411 0)
(0.875 0.004638451411 0)
(0.88 0.004638451411 0)
(0.885 0.004638451411 0)
(0.89 0.004638451411 0)
(0.895 0.004638451411 0)
(0.9 0.004638451411 0)
(0.905 0.004638451411 0)
(0.91 0.004638451411 0)
(0.915 0.004638451411 0)
(0.92 0.004638451411 0)
(0.925 0.004638451411 0)
(0.93 0.004638451411 0)
(0.935 0.004638451411 0)
(0.94 0.004638451411 0)
(0.945 0.004638451411 0)
(0.95 0.004638451411 0)
(0.955 0.004638451411 0)
(0.96 0.004638451411 0)
(0.965 0.004638451411 0)
(0.97 0.004638451411 0)
(0.975 0.004638451411 0)
(0.98 0.004638451411 0)
(0.985 0.004638451411 0)
(0.99 0.004638451411 0)
(0.995 0.004638451411 0)
(1 0.004638451411 0)
(0.005 0.005217946531 0)
(0.01 0.005217946531 0)
(0.015 0.005217946531 0)
(0.02 0.005217946531 0)
(0.025 0.005217946531 0)
(0.03 0.005217946531 0)
(0.035 0.005217946531 0)
(0.04 0.005217946531 0)
(0.045 0.005217946531 0)
(0.05 0.005217946531 0)
(0.055 0.005217946531 0)
(0.06 0.005217946531 0)
(0.065 0.005217946531 0)
(0.07 0.005217946531 0)
(0.075 0.005217946531 0)
(0.08 0.005217946531 0)
(0.085 0.005217946531 0)
(0.09 0.005217946531 0)
(0.095 0.005217946531 0)
(0.1 0.005217946531 0)
(0.105 0.005217946531 0)
(0.11 0.005217946531 0)
(0.115 0.005217946531 0)
(0.12 0.005217946531 0)
(0.125 0.005217946531 0)
(0.13 0.005217946531 0)
(0.135 0.005217946531 0)
(0.14 0.005217946531 0)
(0.145 0.005217946531 0)
(0.15 0.005217946531 0)
(0.155 0.005217946531 0)
(0.16 0.005217946531 0)
(0.165 0.005217946531 0)
(0.17 0.005217946531 0)
(0.175 0.005217946531 0)
(0.18 0.005217946531 0)
(0.185 0.005217946531 0)
(0.19 0.005217946531 0)
(0.195 0.005217946531 0)
(0.2 0.005217946531 0)
(0.205 0.005217946531 0)
(0.21 0.005217946531 0)
(0.215 0.005217946531 0)
(0.22 0.005217946531 0)
(0.225 0.005217946531 0)
(0.23 0.005217946531 0)
(0.235 0.005217946531 0)
(0.24 0.005217946531 0)
(0.245 0.005217946531 0)
(0.25 0.005217946531 0)
(0.255 0.005217946531 0)
(0.26 0.005217946531 0)
(0.265 0.005217946531 0)
(0.27 0.005217946531 0)
(0.275 0.005217946531 0)
(0.28 0.005217946531 0)
(0.285 0.005217946531 0)
(0.29 0.005217946531 0)
(0.295 0.005217946531 0)
(0.3 0.005217946531 0)
(0.305 0.005217946531 0)
(0.31 0.005217946531 0)
(0.315 0.005217946531 0)
(0.32 0.005217946531 0)
(0.325 0.005217946531 0)
(0.33 0.005217946531 0)
(0.335 0.005217946531 0)
(0.34 0.005217946531 0)
(0.345 0.005217946531 0)
(0.35 0.005217946531 0)
(0.355 0.005217946531 0)
(0.36 0.005217946531 0)
(0.365 0.005217946531 0)
(0.37 0.005217946531 0)
(0.375 0.005217946531 0)
(0.38 0.005217946531 0)
(0.385 0.005217946531 0)
(0.39 0.005217946531 0)
(0.395 0.005217946531 0)
(0.4 0.005217946531 0)
(0.405 0.005217946531 0)
(0.41 0.005217946531 0)
(0.415 0.005217946531 0)
(0.42 0.005217946531 0)
(0.425 0.005217946531 0)
(0.43 0.005217946531 0)
(0.435 0.005217946531 0)
(0.44 0.005217946531 0)
(0.445 0.005217946531 0)
(0.45 0.005217946531 0)
(0.455 0.005217946531 0)
(0.46 0.005217946531 0)
(0.465 0.005217946531 0)
(0.47 0.005217946531 0)
(0.475 0.005217946531 0)
(0.48 0.005217946531 0)
(0.485 0.005217946531 0)
(0.49 0.005217946531 0)
(0.495 0.005217946531 0)
(0.5 0.005217946531 0)
(0.505 0.005217946531 0)
(0.51 0.005217946531 0)
(0.515 0.005217946531 0)
(0.52 0.005217946531 0)
(0.525 0.005217946531 0)
(0.53 0.005217946531 0)
(0.535 0.005217946531 0)
(0.54 0.005217946531 0)
(0.545 0.005217946531 0)
(0.55 0.005217946531 0)
(0.555 0.005217946531 0)
(0.56 0.005217946531 0)
(0.565 0.005217946531 0)
(0.57 0.005217946531 0)
(0.575 0.005217946531 0)
(0.58 0.005217946531 0)
(0.585 0.005217946531 0)
(0.59 0.005217946531 0)
(0.595 0.005217946531 0)
(0.6 0.005217946531 0)
(0.605 0.005217946531 0)
(0.61 0.005217946531 0)
(0.615 0.005217946531 0)
(0.62 0.005217946531 0)
(0.625 0.005217946531 0)
(0.63 0.005217946531 0)
(0.635 0.005217946531 0)
(0.64 0.005217946531 0)
(0.645 0.005217946531 0)
(0.65 0.005217946531 0)
(0.655 0.005217946531 0)
(0.66 0.005217946531 0)
(0.665 0.005217946531 0)
(0.67 0.005217946531 0)
(0.675 0.005217946531 0)
(0.68 0.005217946531 0)
(0.685 0.005217946531 0)
(0.69 0.005217946531 0)
(0.695 0.005217946531 0)
(0.7 0.005217946531 0)
(0.705 0.005217946531 0)
(0.71 0.005217946531 0)
(0.715 0.005217946531 0)
(0.72 0.005217946531 0)
(0.725 0.005217946531 0)
(0.73 0.005217946531 0)
(0.735 0.005217946531 0)
(0.74 0.005217946531 0)
(0.745 0.005217946531 0)
(0.75 0.005217946531 0)
(0.755 0.005217946531 0)
(0.76 0.005217946531 0)
(0.765 0.005217946531 0)
(0.77 0.005217946531 0)
(0.775 0.005217946531 0)
(0.78 0.005217946531 0)
(0.785 0.005217946531 0)
(0.79 0.005217946531 0)
(0.795 0.005217946531 0)
(0.8 0.005217946531 0)
(0.805 0.005217946531 0)
(0.81 0.005217946531 0)
(0.815 0.005217946531 0)
(0.82 0.005217946531 0)
(0.825 0.005217946531 0)
(0.83 0.005217946531 0)
(0.835 0.005217946531 0)
(0.84 0.005217946531 0)
(0.845 0.005217946531 0)
(0.85 0.005217946531 0)
(0.855 0.005217946531 0)
(0.86 0.005217946531 0)
(0.865 0.005217946531 0)
(0.87 0.005217946531 0)
(0.875 0.005217946531 0)
(0.88 0.005217946531 0)
(0.885 0.005217946531 0)
(0.89 0.005217946531 0)
(0.895 0.005217946531 0)
(0.9 0.005217946531 0)
(0.905 0.005217946531 0)
(0.91 0.005217946531 0)
(0.915 0.005217946531 0)
(0.92 0.005217946531 0)
(0.925 0.005217946531 0)
(0.93 0.005217946531 0)
(0.935 0.005217946531 0)
(0.94 0.005217946531 0)
(0.945 0.005217946531 0)
(0.95 0.005217946531 0)
(0.955 0.005217946531 0)
(0.96 0.005217946531 0)
(0.965 0.005217946531 0)
(0.97 0.005217946531 0)
(0.975 0.005217946531 0)
(0.98 0.005217946531 0)
(0.985 0.005217946531 0)
(0.99 0.005217946531 0)
(0.995 0.005217946531 0)
(1 0.005217946531 0)
(0.005 0.005837167829 0)
(0.01 0.005837167829 0)
(0.015 0.005837167829 0)
(0.02 0.005837167829 0)
(0.025 0.005837167829 0)
(0.03 0.005837167829 0)
(0.035 0.005837167829 0)
(0.04 0.005837167829 0)
(0.045 0.005837167829 0)
(0.05 0.005837167829 0)
(0.055 0.005837167829 0)
(0.06 0.005837167829 0)
(0.065 0.005837167829 0)
(0.07 0.005837167829 0)
(0.075 0.005837167829 0)
(0.08 0.005837167829 0)
(0.085 0.005837167829 0)
(0.09 0.005837167829 0)
(0.095 0.005837167829 0)
(0.1 0.005837167829 0)
(0.105 0.005837167829 0)
(0.11 0.005837167829 0)
(0.115 0.005837167829 0)
(0.12 0.005837167829 0)
(0.125 0.005837167829 0)
(0.13 0.005837167829 0)
(0.135 0.005837167829 0)
(0.14 0.005837167829 0)
(0.145 0.005837167829 0)
(0.15 0.005837167829 0)
(0.155 0.005837167829 0)
(0.16 0.005837167829 0)
(0.165 0.005837167829 0)
(0.17 0.005837167829 0)
(0.175 0.005837167829 0)
(0.18 0.005837167829 0)
(0.185 0.005837167829 0)
(0.19 0.005837167829 0)
(0.195 0.005837167829 0)
(0.2 0.005837167829 0)
(0.205 0.005837167829 0)
(0.21 0.005837167829 0)
(0.215 0.005837167829 0)
(0.22 0.005837167829 0)
(0.225 0.005837167829 0)
(0.23 0.005837167829 0)
(0.235 0.005837167829 0)
(0.24 0.005837167829 0)
(0.245 0.005837167829 0)
(0.25 0.005837167829 0)
(0.255 0.005837167829 0)
(0.26 0.005837167829 0)
(0.265 0.005837167829 0)
(0.27 0.005837167829 0)
(0.275 0.005837167829 0)
(0.28 0.005837167829 0)
(0.285 0.005837167829 0)
(0.29 0.005837167829 0)
(0.295 0.005837167829 0)
(0.3 0.005837167829 0)
(0.305 0.005837167829 0)
(0.31 0.005837167829 0)
(0.315 0.005837167829 0)
(0.32 0.005837167829 0)
(0.325 0.005837167829 0)
(0.33 0.005837167829 0)
(0.335 0.005837167829 0)
(0.34 0.005837167829 0)
(0.345 0.005837167829 0)
(0.35 0.005837167829 0)
(0.355 0.005837167829 0)
(0.36 0.005837167829 0)
(0.365 0.005837167829 0)
(0.37 0.005837167829 0)
(0.375 0.005837167829 0)
(0.38 0.005837167829 0)
(0.385 0.005837167829 0)
(0.39 0.005837167829 0)
(0.395 0.005837167829 0)
(0.4 0.005837167829 0)
(0.405 0.005837167829 0)
(0.41 0.005837167829 0)
(0.415 0.005837167829 0)
(0.42 0.005837167829 0)
(0.425 0.005837167829 0)
(0.43 0.005837167829 0)
(0.435 0.005837167829 0)
(0.44 0.005837167829 0)
(0.445 0.005837167829 0)
(0.45 0.005837167829 0)
(0.455 0.005837167829 0)
(0.46 0.005837167829 0)
(0.465 0.005837167829 0)
(0.47 0.005837167829 0)
(0.475 0.005837167829 0)
(0.48 0.005837167829 0)
(0.485 0.005837167829 0)
(0.49 0.005837167829 0)
(0.495 0.005837167829 0)
(0.5 0.005837167829 0)
(0.505 0.005837167829 0)
(0.51 0.005837167829 0)
(0.515 0.005837167829 0)
(0.52 0.005837167829 0)
(0.525 0.005837167829 0)
(0.53 0.005837167829 0)
(0.535 0.005837167829 0)
(0.54 0.005837167829 0)
(0.545 0.005837167829 0)
(0.55 0.005837167829 0)
(0.555 0.005837167829 0)
(0.56 0.005837167829 0)
(0.565 0.005837167829 0)
(0.57 0.005837167829 0)
(0.575 0.005837167829 0)
(0.58 0.005837167829 0)
(0.585 0.005837167829 0)
(0.59 0.005837167829 0)
(0.595 0.005837167829 0)
(0.6 0.005837167829 0)
(0.605 0.005837167829 0)
(0.61 0.005837167829 0)
(0.615 0.005837167829 0)
(0.62 0.005837167829 0)
(0.625 0.005837167829 0)
(0.63 0.005837167829 0)
(0.635 0.005837167829 0)
(0.64 0.005837167829 0)
(0.645 0.005837167829 0)
(0.65 0.005837167829 0)
(0.655 0.005837167829 0)
(0.66 0.005837167829 0)
(0.665 0.005837167829 0)
(0.67 0.005837167829 0)
(0.675 0.005837167829 0)
(0.68 0.005837167829 0)
(0.685 0.005837167829 0)
(0.69 0.005837167829 0)
(0.695 0.005837167829 0)
(0.7 0.005837167829 0)
(0.705 0.005837167829 0)
(0.71 0.005837167829 0)
(0.715 0.005837167829 0)
(0.72 0.005837167829 0)
(0.725 0.005837167829 0)
(0.73 0.005837167829 0)
(0.735 0.005837167829 0)
(0.74 0.005837167829 0)
(0.745 0.005837167829 0)
(0.75 0.005837167829 0)
(0.755 0.005837167829 0)
(0.76 0.005837167829 0)
(0.765 0.005837167829 0)
(0.77 0.005837167829 0)
(0.775 0.005837167829 0)
(0.78 0.005837167829 0)
(0.785 0.005837167829 0)
(0.79 0.005837167829 0)
(0.795 0.005837167829 0)
(0.8 0.005837167829 0)
(0.805 0.005837167829 0)
(0.81 0.005837167829 0)
(0.815 0.005837167829 0)
(0.82 0.005837167829 0)
(0.825 0.005837167829 0)
(0.83 0.005837167829 0)
(0.835 0.005837167829 0)
(0.84 0.005837167829 0)
(0.845 0.005837167829 0)
(0.85 0.005837167829 0)
(0.855 0.005837167829 0)
(0.86 0.005837167829 0)
(0.865 0.005837167829 0)
(0.87 0.005837167829 0)
(0.875 0.005837167829 0)
(0.88 0.005837167829 0)
(0.885 0.005837167829 0)
(0.89 0.005837167829 0)
(0.895 0.005837167829 0)
(0.9 0.005837167829 0)
(0.905 0.005837167829 0)
(0.91 0.005837167829 0)
(0.915 0.005837167829 0)
(0.92 0.005837167829 0)
(0.925 0.005837167829 0)
(0.93 0.005837167829 0)
(0.935 0.005837167829 0)
(0.94 0.005837167829 0)
(0.945 0.005837167829 0)
(0.95 0.005837167829 0)
(0.955 0.005837167829 0)
(0.96 0.005837167829 0)
(0.965 0.005837167829 0)
(0.97 0.005837167829 0)
(0.975 0.005837167829 0)
(0.98 0.005837167829 0)
(0.985 0.005837167829 0)
(0.99 0.005837167829 0)
(0.995 0.005837167829 0)
(1 0.005837167829 0)
(0.005 0.006498838655 0)
(0.01 0.006498838655 0)
(0.015 0.006498838655 0)
(0.02 0.006498838655 0)
(0.025 0.006498838655 0)
(0.03 0.006498838655 0)
(0.035 0.006498838655 0)
(0.04 0.006498838655 0)
(0.045 0.006498838655 0)
(0.05 0.006498838655 0)
(0.055 0.006498838655 0)
(0.06 0.006498838655 0)
(0.065 0.006498838655 0)
(0.07 0.006498838655 0)
(0.075 0.006498838655 0)
(0.08 0.006498838655 0)
(0.085 0.006498838655 0)
(0.09 0.006498838655 0)
(0.095 0.006498838655 0)
(0.1 0.006498838655 0)
(0.105 0.006498838655 0)
(0.11 0.006498838655 0)
(0.115 0.006498838655 0)
(0.12 0.006498838655 0)
(0.125 0.006498838655 0)
(0.13 0.006498838655 0)
(0.135 0.006498838655 0)
(0.14 0.006498838655 0)
(0.145 0.006498838655 0)
(0.15 0.006498838655 0)
(0.155 0.006498838655 0)
(0.16 0.006498838655 0)
(0.165 0.006498838655 0)
(0.17 0.006498838655 0)
(0.175 0.006498838655 0)
(0.18 0.006498838655 0)
(0.185 0.006498838655 0)
(0.19 0.006498838655 0)
(0.195 0.006498838655 0)
(0.2 0.006498838655 0)
(0.205 0.006498838655 0)
(0.21 0.006498838655 0)
(0.215 0.006498838655 0)
(0.22 0.006498838655 0)
(0.225 0.006498838655 0)
(0.23 0.006498838655 0)
(0.235 0.006498838655 0)
(0.24 0.006498838655 0)
(0.245 0.006498838655 0)
(0.25 0.006498838655 0)
(0.255 0.006498838655 0)
(0.26 0.006498838655 0)
(0.265 0.006498838655 0)
(0.27 0.006498838655 0)
(0.275 0.006498838655 0)
(0.28 0.006498838655 0)
(0.285 0.006498838655 0)
(0.29 0.006498838655 0)
(0.295 0.006498838655 0)
(0.3 0.006498838655 0)
(0.305 0.006498838655 0)
(0.31 0.006498838655 0)
(0.315 0.006498838655 0)
(0.32 0.006498838655 0)
(0.325 0.006498838655 0)
(0.33 0.006498838655 0)
(0.335 0.006498838655 0)
(0.34 0.006498838655 0)
(0.345 0.006498838655 0)
(0.35 0.006498838655 0)
(0.355 0.006498838655 0)
(0.36 0.006498838655 0)
(0.365 0.006498838655 0)
(0.37 0.006498838655 0)
(0.375 0.006498838655 0)
(0.38 0.006498838655 0)
(0.385 0.006498838655 0)
(0.39 0.006498838655 0)
(0.395 0.006498838655 0)
(0.4 0.006498838655 0)
(0.405 0.006498838655 0)
(0.41 0.006498838655 0)
(0.415 0.006498838655 0)
(0.42 0.006498838655 0)
(0.425 0.006498838655 0)
(0.43 0.006498838655 0)
(0.435 0.006498838655 0)
(0.44 0.006498838655 0)
(0.445 0.006498838655 0)
(0.45 0.006498838655 0)
(0.455 0.006498838655 0)
(0.46 0.006498838655 0)
(0.465 0.006498838655 0)
(0.47 0.006498838655 0)
(0.475 0.006498838655 0)
(0.48 0.006498838655 0)
(0.485 0.006498838655 0)
(0.49 0.006498838655 0)
(0.495 0.006498838655 0)
(0.5 0.006498838655 0)
(0.505 0.006498838655 0)
(0.51 0.006498838655 0)
(0.515 0.006498838655 0)
(0.52 0.006498838655 0)
(0.525 0.006498838655 0)
(0.53 0.006498838655 0)
(0.535 0.006498838655 0)
(0.54 0.006498838655 0)
(0.545 0.006498838655 0)
(0.55 0.006498838655 0)
(0.555 0.006498838655 0)
(0.56 0.006498838655 0)
(0.565 0.006498838655 0)
(0.57 0.006498838655 0)
(0.575 0.006498838655 0)
(0.58 0.006498838655 0)
(0.585 0.006498838655 0)
(0.59 0.006498838655 0)
(0.595 0.006498838655 0)
(0.6 0.006498838655 0)
(0.605 0.006498838655 0)
(0.61 0.006498838655 0)
(0.615 0.006498838655 0)
(0.62 0.006498838655 0)
(0.625 0.006498838655 0)
(0.63 0.006498838655 0)
(0.635 0.006498838655 0)
(0.64 0.006498838655 0)
(0.645 0.006498838655 0)
(0.65 0.006498838655 0)
(0.655 0.006498838655 0)
(0.66 0.006498838655 0)
(0.665 0.006498838655 0)
(0.67 0.006498838655 0)
(0.675 0.006498838655 0)
(0.68 0.006498838655 0)
(0.685 0.006498838655 0)
(0.69 0.006498838655 0)
(0.695 0.006498838655 0)
(0.7 0.006498838655 0)
(0.705 0.006498838655 0)
(0.71 0.006498838655 0)
(0.715 0.006498838655 0)
(0.72 0.006498838655 0)
(0.725 0.006498838655 0)
(0.73 0.006498838655 0)
(0.735 0.006498838655 0)
(0.74 0.006498838655 0)
(0.745 0.006498838655 0)
(0.75 0.006498838655 0)
(0.755 0.006498838655 0)
(0.76 0.006498838655 0)
(0.765 0.006498838655 0)
(0.77 0.006498838655 0)
(0.775 0.006498838655 0)
(0.78 0.006498838655 0)
(0.785 0.006498838655 0)
(0.79 0.006498838655 0)
(0.795 0.006498838655 0)
(0.8 0.006498838655 0)
(0.805 0.006498838655 0)
(0.81 0.006498838655 0)
(0.815 0.006498838655 0)
(0.82 0.006498838655 0)
(0.825 0.006498838655 0)
(0.83 0.006498838655 0)
(0.835 0.006498838655 0)
(0.84 0.006498838655 0)
(0.845 0.006498838655 0)
(0.85 0.006498838655 0)
(0.855 0.006498838655 0)
(0.86 0.006498838655 0)
(0.865 0.006498838655 0)
(0.87 0.006498838655 0)
(0.875 0.006498838655 0)
(0.88 0.006498838655 0)
(0.885 0.006498838655 0)
(0.89 0.006498838655 0)
(0.895 0.006498838655 0)
(0.9 0.006498838655 0)
(0.905 0.006498838655 0)
(0.91 0.006498838655 0)
(0.915 0.006498838655 0)
(0.92 0.006498838655 0)
(0.925 0.006498838655 0)
(0.93 0.006498838655 0)
(0.935 0.006498838655 0)
(0.94 0.006498838655 0)
(0.945 0.006498838655 0)
(0.95 0.006498838655 0)
(0.955 0.006498838655 0)
(0.96 0.006498838655 0)
(0.965 0.006498838655 0)
(0.97 0.006498838655 0)
(0.975 0.006498838655 0)
(0.98 0.006498838655 0)
(0.985 0.006498838655 0)
(0.99 0.006498838655 0)
(0.995 0.006498838655 0)
(1 0.006498838655 0)
(0.005 0.007205869057 0)
(0.01 0.007205869057 0)
(0.015 0.007205869057 0)
(0.02 0.007205869057 0)
(0.025 0.007205869057 0)
(0.03 0.007205869057 0)
(0.035 0.007205869057 0)
(0.04 0.007205869057 0)
(0.045 0.007205869057 0)
(0.05 0.007205869057 0)
(0.055 0.007205869057 0)
(0.06 0.007205869057 0)
(0.065 0.007205869057 0)
(0.07 0.007205869057 0)
(0.075 0.007205869057 0)
(0.08 0.007205869057 0)
(0.085 0.007205869057 0)
(0.09 0.007205869057 0)
(0.095 0.007205869057 0)
(0.1 0.007205869057 0)
(0.105 0.007205869057 0)
(0.11 0.007205869057 0)
(0.115 0.007205869057 0)
(0.12 0.007205869057 0)
(0.125 0.007205869057 0)
(0.13 0.007205869057 0)
(0.135 0.007205869057 0)
(0.14 0.007205869057 0)
(0.145 0.007205869057 0)
(0.15 0.007205869057 0)
(0.155 0.007205869057 0)
(0.16 0.007205869057 0)
(0.165 0.007205869057 0)
(0.17 0.007205869057 0)
(0.175 0.007205869057 0)
(0.18 0.007205869057 0)
(0.185 0.007205869057 0)
(0.19 0.007205869057 0)
(0.195 0.007205869057 0)
(0.2 0.007205869057 0)
(0.205 0.007205869057 0)
(0.21 0.007205869057 0)
(0.215 0.007205869057 0)
(0.22 0.007205869057 0)
(0.225 0.007205869057 0)
(0.23 0.007205869057 0)
(0.235 0.007205869057 0)
(0.24 0.007205869057 0)
(0.245 0.007205869057 0)
(0.25 0.007205869057 0)
(0.255 0.007205869057 0)
(0.26 0.007205869057 0)
(0.265 0.007205869057 0)
(0.27 0.007205869057 0)
(0.275 0.007205869057 0)
(0.28 0.007205869057 0)
(0.285 0.007205869057 0)
(0.29 0.007205869057 0)
(0.295 0.007205869057 0)
(0.3 0.007205869057 0)
(0.305 0.007205869057 0)
(0.31 0.007205869057 0)
(0.315 0.007205869057 0)
(0.32 0.007205869057 0)
(0.325 0.007205869057 0)
(0.33 0.007205869057 0)
(0.335 0.007205869057 0)
(0.34 0.007205869057 0)
(0.345 0.007205869057 0)
(0.35 0.007205869057 0)
(0.355 0.007205869057 0)
(0.36 0.007205869057 0)
(0.365 0.007205869057 0)
(0.37 0.007205869057 0)
(0.375 0.007205869057 0)
(0.38 0.007205869057 0)
(0.385 0.007205869057 0)
(0.39 0.007205869057 0)
(0.395 0.007205869057 0)
(0.4 0.007205869057 0)
(0.405 0.007205869057 0)
(0.41 0.007205869057 0)
(0.415 0.007205869057 0)
(0.42 0.007205869057 0)
(0.425 0.007205869057 0)
(0.43 0.007205869057 0)
(0.435 0.007205869057 0)
(0.44 0.007205869057 0)
(0.445 0.007205869057 0)
(0.45 0.007205869057 0)
(0.455 0.007205869057 0)
(0.46 0.007205869057 0)
(0.465 0.007205869057 0)
(0.47 0.007205869057 0)
(0.475 0.007205869057 0)
(0.48 0.007205869057 0)
(0.485 0.007205869057 0)
(0.49 0.007205869057 0)
(0.495 0.007205869057 0)
(0.5 0.007205869057 0)
(0.505 0.007205869057 0)
(0.51 0.007205869057 0)
(0.515 0.007205869057 0)
(0.52 0.007205869057 0)
(0.525 0.007205869057 0)
(0.53 0.007205869057 0)
(0.535 0.007205869057 0)
(0.54 0.007205869057 0)
(0.545 0.007205869057 0)
(0.55 0.007205869057 0)
(0.555 0.007205869057 0)
(0.56 0.007205869057 0)
(0.565 0.007205869057 0)
(0.57 0.007205869057 0)
(0.575 0.007205869057 0)
(0.58 0.007205869057 0)
(0.585 0.007205869057 0)
(0.59 0.007205869057 0)
(0.595 0.007205869057 0)
(0.6 0.007205869057 0)
(0.605 0.007205869057 0)
(0.61 0.007205869057 0)
(0.615 0.007205869057 0)
(0.62 0.007205869057 0)
(0.625 0.007205869057 0)
(0.63 0.007205869057 0)
(0.635 0.007205869057 0)
(0.64 0.007205869057 0)
(0.645 0.007205869057 0)
(0.65 0.007205869057 0)
(0.655 0.007205869057 0)
(0.66 0.007205869057 0)
(0.665 0.007205869057 0)
(0.67 0.007205869057 0)
(0.675 0.007205869057 0)
(0.68 0.007205869057 0)
(0.685 0.007205869057 0)
(0.69 0.007205869057 0)
(0.695 0.007205869057 0)
(0.7 0.007205869057 0)
(0.705 0.007205869057 0)
(0.71 0.007205869057 0)
(0.715 0.007205869057 0)
(0.72 0.007205869057 0)
(0.725 0.007205869057 0)
(0.73 0.007205869057 0)
(0.735 0.007205869057 0)
(0.74 0.007205869057 0)
(0.745 0.007205869057 0)
(0.75 0.007205869057 0)
(0.755 0.007205869057 0)
(0.76 0.007205869057 0)
(0.765 0.007205869057 0)
(0.77 0.007205869057 0)
(0.775 0.007205869057 0)
(0.78 0.007205869057 0)
(0.785 0.007205869057 0)
(0.79 0.007205869057 0)
(0.795 0.007205869057 0)
(0.8 0.007205869057 0)
(0.805 0.007205869057 0)
(0.81 0.007205869057 0)
(0.815 0.007205869057 0)
(0.82 0.007205869057 0)
(0.825 0.007205869057 0)
(0.83 0.007205869057 0)
(0.835 0.007205869057 0)
(0.84 0.007205869057 0)
(0.845 0.007205869057 0)
(0.85 0.007205869057 0)
(0.855 0.007205869057 0)
(0.86 0.007205869057 0)
(0.865 0.007205869057 0)
(0.87 0.007205869057 0)
(0.875 0.007205869057 0)
(0.88 0.007205869057 0)
(0.885 0.007205869057 0)
(0.89 0.007205869057 0)
(0.895 0.007205869057 0)
(0.9 0.007205869057 0)
(0.905 0.007205869057 0)
(0.91 0.007205869057 0)
(0.915 0.007205869057 0)
(0.92 0.007205869057 0)
(0.925 0.007205869057 0)
(0.93 0.007205869057 0)
(0.935 0.007205869057 0)
(0.94 0.007205869057 0)
(0.945 0.007205869057 0)
(0.95 0.007205869057 0)
(0.955 0.007205869057 0)
(0.96 0.007205869057 0)
(0.965 0.007205869057 0)
(0.97 0.007205869057 0)
(0.975 0.007205869057 0)
(0.98 0.007205869057 0)
(0.985 0.007205869057 0)
(0.99 0.007205869057 0)
(0.995 0.007205869057 0)
(1 0.007205869057 0)
(0.005 0.007961368572 0)
(0.01 0.007961368572 0)
(0.015 0.007961368572 0)
(0.02 0.007961368572 0)
(0.025 0.007961368572 0)
(0.03 0.007961368572 0)
(0.035 0.007961368572 0)
(0.04 0.007961368572 0)
(0.045 0.007961368572 0)
(0.05 0.007961368572 0)
(0.055 0.007961368572 0)
(0.06 0.007961368572 0)
(0.065 0.007961368572 0)
(0.07 0.007961368572 0)
(0.075 0.007961368572 0)
(0.08 0.007961368572 0)
(0.085 0.007961368572 0)
(0.09 0.007961368572 0)
(0.095 0.007961368572 0)
(0.1 0.007961368572 0)
(0.105 0.007961368572 0)
(0.11 0.007961368572 0)
(0.115 0.007961368572 0)
(0.12 0.007961368572 0)
(0.125 0.007961368572 0)
(0.13 0.007961368572 0)
(0.135 0.007961368572 0)
(0.14 0.007961368572 0)
(0.145 0.007961368572 0)
(0.15 0.007961368572 0)
(0.155 0.007961368572 0)
(0.16 0.007961368572 0)
(0.165 0.007961368572 0)
(0.17 0.007961368572 0)
(0.175 0.007961368572 0)
(0.18 0.007961368572 0)
(0.185 0.007961368572 0)
(0.19 0.007961368572 0)
(0.195 0.007961368572 0)
(0.2 0.007961368572 0)
(0.205 0.007961368572 0)
(0.21 0.007961368572 0)
(0.215 0.007961368572 0)
(0.22 0.007961368572 0)
(0.225 0.007961368572 0)
(0.23 0.007961368572 0)
(0.235 0.007961368572 0)
(0.24 0.007961368572 0)
(0.245 0.007961368572 0)
(0.25 0.007961368572 0)
(0.255 0.007961368572 0)
(0.26 0.007961368572 0)
(0.265 0.007961368572 0)
(0.27 0.007961368572 0)
(0.275 0.007961368572 0)
(0.28 0.007961368572 0)
(0.285 0.007961368572 0)
(0.29 0.007961368572 0)
(0.295 0.007961368572 0)
(0.3 0.007961368572 0)
(0.305 0.007961368572 0)
(0.31 0.007961368572 0)
(0.315 0.007961368572 0)
(0.32 0.007961368572 0)
(0.325 0.007961368572 0)
(0.33 0.007961368572 0)
(0.335 0.007961368572 0)
(0.34 0.007961368572 0)
(0.345 0.007961368572 0)
(0.35 0.007961368572 0)
(0.355 0.007961368572 0)
(0.36 0.007961368572 0)
(0.365 0.007961368572 0)
(0.37 0.007961368572 0)
(0.375 0.007961368572 0)
(0.38 0.007961368572 0)
(0.385 0.007961368572 0)
(0.39 0.007961368572 0)
(0.395 0.007961368572 0)
(0.4 0.007961368572 0)
(0.405 0.007961368572 0)
(0.41 0.007961368572 0)
(0.415 0.007961368572 0)
(0.42 0.007961368572 0)
(0.425 0.007961368572 0)
(0.43 0.007961368572 0)
(0.435 0.007961368572 0)
(0.44 0.007961368572 0)
(0.445 0.007961368572 0)
(0.45 0.007961368572 0)
(0.455 0.007961368572 0)
(0.46 0.007961368572 0)
(0.465 0.007961368572 0)
(0.47 0.007961368572 0)
(0.475 0.007961368572 0)
(0.48 0.007961368572 0)
(0.485 0.007961368572 0)
(0.49 0.007961368572 0)
(0.495 0.007961368572 0)
(0.5 0.007961368572 0)
(0.505 0.007961368572 0)
(0.51 0.007961368572 0)
(0.515 0.007961368572 0)
(0.52 0.007961368572 0)
(0.525 0.007961368572 0)
(0.53 0.007961368572 0)
(0.535 0.007961368572 0)
(0.54 0.007961368572 0)
(0.545 0.007961368572 0)
(0.55 0.007961368572 0)
(0.555 0.007961368572 0)
(0.56 0.007961368572 0)
(0.565 0.007961368572 0)
(0.57 0.007961368572 0)
(0.575 0.007961368572 0)
(0.58 0.007961368572 0)
(0.585 0.007961368572 0)
(0.59 0.007961368572 0)
(0.595 0.007961368572 0)
(0.6 0.007961368572 0)
(0.605 0.007961368572 0)
(0.61 0.007961368572 0)
(0.615 0.007961368572 0)
(0.62 0.007961368572 0)
(0.625 0.007961368572 0)
(0.63 0.007961368572 0)
(0.635 0.007961368572 0)
(0.64 0.007961368572 0)
(0.645 0.007961368572 0)
(0.65 0.007961368572 0)
(0.655 0.007961368572 0)
(0.66 0.007961368572 0)
(0.665 0.007961368572 0)
(0.67 0.007961368572 0)
(0.675 0.007961368572 0)
(0.68 0.007961368572 0)
(0.685 0.007961368572 0)
(0.69 0.007961368572 0)
(0.695 0.007961368572 0)
(0.7 0.007961368572 0)
(0.705 0.007961368572 0)
(0.71 0.007961368572 0)
(0.715 0.007961368572 0)
(0.72 0.007961368572 0)
(0.725 0.007961368572 0)
(0.73 0.007961368572 0)
(0.735 0.007961368572 0)
(0.74 0.007961368572 0)
(0.745 0.007961368572 0)
(0.75 0.007961368572 0)
(0.755 0.007961368572 0)
(0.76 0.007961368572 0)
(0.765 0.007961368572 0)
(0.77 0.007961368572 0)
(0.775 0.007961368572 0)
(0.78 0.007961368572 0)
(0.785 0.007961368572 0)
(0.79 0.007961368572 0)
(0.795 0.007961368572 0)
(0.8 0.007961368572 0)
(0.805 0.007961368572 0)
(0.81 0.007961368572 0)
(0.815 0.007961368572 0)
(0.82 0.007961368572 0)
(0.825 0.007961368572 0)
(0.83 0.007961368572 0)
(0.835 0.007961368572 0)
(0.84 0.007961368572 0)
(0.845 0.007961368572 0)
(0.85 0.007961368572 0)
(0.855 0.007961368572 0)
(0.86 0.007961368572 0)
(0.865 0.007961368572 0)
(0.87 0.007961368572 0)
(0.875 0.007961368572 0)
(0.88 0.007961368572 0)
(0.885 0.007961368572 0)
(0.89 0.007961368572 0)
(0.895 0.007961368572 0)
(0.9 0.007961368572 0)
(0.905 0.007961368572 0)
(0.91 0.007961368572 0)
(0.915 0.007961368572 0)
(0.92 0.007961368572 0)
(0.925 0.007961368572 0)
(0.93 0.007961368572 0)
(0.935 0.007961368572 0)
(0.94 0.007961368572 0)
(0.945 0.007961368572 0)
(0.95 0.007961368572 0)
(0.955 0.007961368572 0)
(0.96 0.007961368572 0)
(0.965 0.007961368572 0)
(0.97 0.007961368572 0)
(0.975 0.007961368572 0)
(0.98 0.007961368572 0)
(0.985 0.007961368572 0)
(0.99 0.007961368572 0)
(0.995 0.007961368572 0)
(1 0.007961368572 0)
(0.005 0.008768659909 0)
(0.01 0.008768659909 0)
(0.015 0.008768659909 0)
(0.02 0.008768659909 0)
(0.025 0.008768659909 0)
(0.03 0.008768659909 0)
(0.035 0.008768659909 0)
(0.04 0.008768659909 0)
(0.045 0.008768659909 0)
(0.05 0.008768659909 0)
(0.055 0.008768659909 0)
(0.06 0.008768659909 0)
(0.065 0.008768659909 0)
(0.07 0.008768659909 0)
(0.075 0.008768659909 0)
(0.08 0.008768659909 0)
(0.085 0.008768659909 0)
(0.09 0.008768659909 0)
(0.095 0.008768659909 0)
(0.1 0.008768659909 0)
(0.105 0.008768659909 0)
(0.11 0.008768659909 0)
(0.115 0.008768659909 0)
(0.12 0.008768659909 0)
(0.125 0.008768659909 0)
(0.13 0.008768659909 0)
(0.135 0.008768659909 0)
(0.14 0.008768659909 0)
(0.145 0.008768659909 0)
(0.15 0.008768659909 0)
(0.155 0.008768659909 0)
(0.16 0.008768659909 0)
(0.165 0.008768659909 0)
(0.17 0.008768659909 0)
(0.175 0.008768659909 0)
(0.18 0.008768659909 0)
(0.185 0.008768659909 0)
(0.19 0.008768659909 0)
(0.195 0.008768659909 0)
(0.2 0.008768659909 0)
(0.205 0.008768659909 0)
(0.21 0.008768659909 0)
(0.215 0.008768659909 0)
(0.22 0.008768659909 0)
(0.225 0.008768659909 0)
(0.23 0.008768659909 0)
(0.235 0.008768659909 0)
(0.24 0.008768659909 0)
(0.245 0.008768659909 0)
(0.25 0.008768659909 0)
(0.255 0.008768659909 0)
(0.26 0.008768659909 0)
(0.265 0.008768659909 0)
(0.27 0.008768659909 0)
(0.275 0.008768659909 0)
(0.28 0.008768659909 0)
(0.285 0.008768659909 0)
(0.29 0.008768659909 0)
(0.295 0.008768659909 0)
(0.3 0.008768659909 0)
(0.305 0.008768659909 0)
(0.31 0.008768659909 0)
(0.315 0.008768659909 0)
(0.32 0.008768659909 0)
(0.325 0.008768659909 0)
(0.33 0.008768659909 0)
(0.335 0.008768659909 0)
(0.34 0.008768659909 0)
(0.345 0.008768659909 0)
(0.35 0.008768659909 0)
(0.355 0.008768659909 0)
(0.36 0.008768659909 0)
(0.365 0.008768659909 0)
(0.37 0.008768659909 0)
(0.375 0.008768659909 0)
(0.38 0.008768659909 0)
(0.385 0.008768659909 0)
(0.39 0.008768659909 0)
(0.395 0.008768659909 0)
(0.4 0.008768659909 0)
(0.405 0.008768659909 0)
(0.41 0.008768659909 0)
(0.415 0.008768659909 0)
(0.42 0.008768659909 0)
(0.425 0.008768659909 0)
(0.43 0.008768659909 0)
(0.435 0.008768659909 0)
(0.44 0.008768659909 0)
(0.445 0.008768659909 0)
(0.45 0.008768659909 0)
(0.455 0.008768659909 0)
(0.46 0.008768659909 0)
(0.465 0.008768659909 0)
(0.47 0.008768659909 0)
(0.475 0.008768659909 0)
(0.48 0.008768659909 0)
(0.485 0.008768659909 0)
(0.49 0.008768659909 0)
(0.495 0.008768659909 0)
(0.5 0.008768659909 0)
(0.505 0.008768659909 0)
(0.51 0.008768659909 0)
(0.515 0.008768659909 0)
(0.52 0.008768659909 0)
(0.525 0.008768659909 0)
(0.53 0.008768659909 0)
(0.535 0.008768659909 0)
(0.54 0.008768659909 0)
(0.545 0.008768659909 0)
(0.55 0.008768659909 0)
(0.555 0.008768659909 0)
(0.56 0.008768659909 0)
(0.565 0.008768659909 0)
(0.57 0.008768659909 0)
(0.575 0.008768659909 0)
(0.58 0.008768659909 0)
(0.585 0.008768659909 0)
(0.59 0.008768659909 0)
(0.595 0.008768659909 0)
(0.6 0.008768659909 0)
(0.605 0.008768659909 0)
(0.61 0.008768659909 0)
(0.615 0.008768659909 0)
(0.62 0.008768659909 0)
(0.625 0.008768659909 0)
(0.63 0.008768659909 0)
(0.635 0.008768659909 0)
(0.64 0.008768659909 0)
(0.645 0.008768659909 0)
(0.65 0.008768659909 0)
(0.655 0.008768659909 0)
(0.66 0.008768659909 0)
(0.665 0.008768659909 0)
(0.67 0.008768659909 0)
(0.675 0.008768659909 0)
(0.68 0.008768659909 0)
(0.685 0.008768659909 0)
(0.69 0.008768659909 0)
(0.695 0.008768659909 0)
(0.7 0.008768659909 0)
(0.705 0.008768659909 0)
(0.71 0.008768659909 0)
(0.715 0.008768659909 0)
(0.72 0.008768659909 0)
(0.725 0.008768659909 0)
(0.73 0.008768659909 0)
(0.735 0.008768659909 0)
(0.74 0.008768659909 0)
(0.745 0.008768659909 0)
(0.75 0.008768659909 0)
(0.755 0.008768659909 0)
(0.76 0.008768659909 0)
(0.765 0.008768659909 0)
(0.77 0.008768659909 0)
(0.775 0.008768659909 0)
(0.78 0.008768659909 0)
(0.785 0.008768659909 0)
(0.79 0.008768659909 0)
(0.795 0.008768659909 0)
(0.8 0.008768659909 0)
(0.805 0.008768659909 0)
(0.81 0.008768659909 0)
(0.815 0.008768659909 0)
(0.82 0.008768659909 0)
(0.825 0.008768659909 0)
(0.83 0.008768659909 0)
(0.835 0.008768659909 0)
(0.84 0.008768659909 0)
(0.845 0.008768659909 0)
(0.85 0.008768659909 0)
(0.855 0.008768659909 0)
(0.86 0.008768659909 0)
(0.865 0.008768659909 0)
(0.87 0.008768659909 0)
(0.875 0.008768659909 0)
(0.88 0.008768659909 0)
(0.885 0.008768659909 0)
(0.89 0.008768659909 0)
(0.895 0.008768659909 0)
(0.9 0.008768659909 0)
(0.905 0.008768659909 0)
(0.91 0.008768659909 0)
(0.915 0.008768659909 0)
(0.92 0.008768659909 0)
(0.925 0.008768659909 0)
(0.93 0.008768659909 0)
(0.935 0.008768659909 0)
(0.94 0.008768659909 0)
(0.945 0.008768659909 0)
(0.95 0.008768659909 0)
(0.955 0.008768659909 0)
(0.96 0.008768659909 0)
(0.965 0.008768659909 0)
(0.97 0.008768659909 0)
(0.975 0.008768659909 0)
(0.98 0.008768659909 0)
(0.985 0.008768659909 0)
(0.99 0.008768659909 0)
(0.995 0.008768659909 0)
(1 0.008768659909 0)
(0.005 0.009631293556 0)
(0.01 0.009631293556 0)
(0.015 0.009631293556 0)
(0.02 0.009631293556 0)
(0.025 0.009631293556 0)
(0.03 0.009631293556 0)
(0.035 0.009631293556 0)
(0.04 0.009631293556 0)
(0.045 0.009631293556 0)
(0.05 0.009631293556 0)
(0.055 0.009631293556 0)
(0.06 0.009631293556 0)
(0.065 0.009631293556 0)
(0.07 0.009631293556 0)
(0.075 0.009631293556 0)
(0.08 0.009631293556 0)
(0.085 0.009631293556 0)
(0.09 0.009631293556 0)
(0.095 0.009631293556 0)
(0.1 0.009631293556 0)
(0.105 0.009631293556 0)
(0.11 0.009631293556 0)
(0.115 0.009631293556 0)
(0.12 0.009631293556 0)
(0.125 0.009631293556 0)
(0.13 0.009631293556 0)
(0.135 0.009631293556 0)
(0.14 0.009631293556 0)
(0.145 0.009631293556 0)
(0.15 0.009631293556 0)
(0.155 0.009631293556 0)
(0.16 0.009631293556 0)
(0.165 0.009631293556 0)
(0.17 0.009631293556 0)
(0.175 0.009631293556 0)
(0.18 0.009631293556 0)
(0.185 0.009631293556 0)
(0.19 0.009631293556 0)
(0.195 0.009631293556 0)
(0.2 0.009631293556 0)
(0.205 0.009631293556 0)
(0.21 0.009631293556 0)
(0.215 0.009631293556 0)
(0.22 0.009631293556 0)
(0.225 0.009631293556 0)
(0.23 0.009631293556 0)
(0.235 0.009631293556 0)
(0.24 0.009631293556 0)
(0.245 0.009631293556 0)
(0.25 0.009631293556 0)
(0.255 0.009631293556 0)
(0.26 0.009631293556 0)
(0.265 0.009631293556 0)
(0.27 0.009631293556 0)
(0.275 0.009631293556 0)
(0.28 0.009631293556 0)
(0.285 0.009631293556 0)
(0.29 0.009631293556 0)
(0.295 0.009631293556 0)
(0.3 0.009631293556 0)
(0.305 0.009631293556 0)
(0.31 0.009631293556 0)
(0.315 0.009631293556 0)
(0.32 0.009631293556 0)
(0.325 0.009631293556 0)
(0.33 0.009631293556 0)
(0.335 0.009631293556 0)
(0.34 0.009631293556 0)
(0.345 0.009631293556 0)
(0.35 0.009631293556 0)
(0.355 0.009631293556 0)
(0.36 0.009631293556 0)
(0.365 0.009631293556 0)
(0.37 0.009631293556 0)
(0.375 0.009631293556 0)
(0.38 0.009631293556 0)
(0.385 0.009631293556 0)
(0.39 0.009631293556 0)
(0.395 0.009631293556 0)
(0.4 0.009631293556 0)
(0.405 0.009631293556 0)
(0.41 0.009631293556 0)
(0.415 0.009631293556 0)
(0.42 0.009631293556 0)
(0.425 0.009631293556 0)
(0.43 0.009631293556 0)
(0.435 0.009631293556 0)
(0.44 0.009631293556 0)
(0.445 0.009631293556 0)
(0.45 0.009631293556 0)
(0.455 0.009631293556 0)
(0.46 0.009631293556 0)
(0.465 0.009631293556 0)
(0.47 0.009631293556 0)
(0.475 0.009631293556 0)
(0.48 0.009631293556 0)
(0.485 0.009631293556 0)
(0.49 0.009631293556 0)
(0.495 0.009631293556 0)
(0.5 0.009631293556 0)
(0.505 0.009631293556 0)
(0.51 0.009631293556 0)
(0.515 0.009631293556 0)
(0.52 0.009631293556 0)
(0.525 0.009631293556 0)
(0.53 0.009631293556 0)
(0.535 0.009631293556 0)
(0.54 0.009631293556 0)
(0.545 0.009631293556 0)
(0.55 0.009631293556 0)
(0.555 0.009631293556 0)
(0.56 0.009631293556 0)
(0.565 0.009631293556 0)
(0.57 0.009631293556 0)
(0.575 0.009631293556 0)
(0.58 0.009631293556 0)
(0.585 0.009631293556 0)
(0.59 0.009631293556 0)
(0.595 0.009631293556 0)
(0.6 0.009631293556 0)
(0.605 0.009631293556 0)
(0.61 0.009631293556 0)
(0.615 0.009631293556 0)
(0.62 0.009631293556 0)
(0.625 0.009631293556 0)
(0.63 0.009631293556 0)
(0.635 0.009631293556 0)
(0.64 0.009631293556 0)
(0.645 0.009631293556 0)
(0.65 0.009631293556 0)
(0.655 0.009631293556 0)
(0.66 0.009631293556 0)
(0.665 0.009631293556 0)
(0.67 0.009631293556 0)
(0.675 0.009631293556 0)
(0.68 0.009631293556 0)
(0.685 0.009631293556 0)
(0.69 0.009631293556 0)
(0.695 0.009631293556 0)
(0.7 0.009631293556 0)
(0.705 0.009631293556 0)
(0.71 0.009631293556 0)
(0.715 0.009631293556 0)
(0.72 0.009631293556 0)
(0.725 0.009631293556 0)
(0.73 0.009631293556 0)
(0.735 0.009631293556 0)
(0.74 0.009631293556 0)
(0.745 0.009631293556 0)
(0.75 0.009631293556 0)
(0.755 0.009631293556 0)
(0.76 0.009631293556 0)
(0.765 0.009631293556 0)
(0.77 0.009631293556 0)
(0.775 0.009631293556 0)
(0.78 0.009631293556 0)
(0.785 0.009631293556 0)
(0.79 0.009631293556 0)
(0.795 0.009631293556 0)
(0.8 0.009631293556 0)
(0.805 0.009631293556 0)
(0.81 0.009631293556 0)
(0.815 0.009631293556 0)
(0.82 0.009631293556 0)
(0.825 0.009631293556 0)
(0.83 0.009631293556 0)
(0.835 0.009631293556 0)
(0.84 0.009631293556 0)
(0.845 0.009631293556 0)
(0.85 0.009631293556 0)
(0.855 0.009631293556 0)
(0.86 0.009631293556 0)
(0.865 0.009631293556 0)
(0.87 0.009631293556 0)
(0.875 0.009631293556 0)
(0.88 0.009631293556 0)
(0.885 0.009631293556 0)
(0.89 0.009631293556 0)
(0.895 0.009631293556 0)
(0.9 0.009631293556 0)
(0.905 0.009631293556 0)
(0.91 0.009631293556 0)
(0.915 0.009631293556 0)
(0.92 0.009631293556 0)
(0.925 0.009631293556 0)
(0.93 0.009631293556 0)
(0.935 0.009631293556 0)
(0.94 0.009631293556 0)
(0.945 0.009631293556 0)
(0.95 0.009631293556 0)
(0.955 0.009631293556 0)
(0.96 0.009631293556 0)
(0.965 0.009631293556 0)
(0.97 0.009631293556 0)
(0.975 0.009631293556 0)
(0.98 0.009631293556 0)
(0.985 0.009631293556 0)
(0.99 0.009631293556 0)
(0.995 0.009631293556 0)
(1 0.009631293556 0)
(0.005 0.0105530634 0)
(0.01 0.0105530634 0)
(0.015 0.0105530634 0)
(0.02 0.0105530634 0)
(0.025 0.0105530634 0)
(0.03 0.0105530634 0)
(0.035 0.0105530634 0)
(0.04 0.0105530634 0)
(0.045 0.0105530634 0)
(0.05 0.0105530634 0)
(0.055 0.0105530634 0)
(0.06 0.0105530634 0)
(0.065 0.0105530634 0)
(0.07 0.0105530634 0)
(0.075 0.0105530634 0)
(0.08 0.0105530634 0)
(0.085 0.0105530634 0)
(0.09 0.0105530634 0)
(0.095 0.0105530634 0)
(0.1 0.0105530634 0)
(0.105 0.0105530634 0)
(0.11 0.0105530634 0)
(0.115 0.0105530634 0)
(0.12 0.0105530634 0)
(0.125 0.0105530634 0)
(0.13 0.0105530634 0)
(0.135 0.0105530634 0)
(0.14 0.0105530634 0)
(0.145 0.0105530634 0)
(0.15 0.0105530634 0)
(0.155 0.0105530634 0)
(0.16 0.0105530634 0)
(0.165 0.0105530634 0)
(0.17 0.0105530634 0)
(0.175 0.0105530634 0)
(0.18 0.0105530634 0)
(0.185 0.0105530634 0)
(0.19 0.0105530634 0)
(0.195 0.0105530634 0)
(0.2 0.0105530634 0)
(0.205 0.0105530634 0)
(0.21 0.0105530634 0)
(0.215 0.0105530634 0)
(0.22 0.0105530634 0)
(0.225 0.0105530634 0)
(0.23 0.0105530634 0)
(0.235 0.0105530634 0)
(0.24 0.0105530634 0)
(0.245 0.0105530634 0)
(0.25 0.0105530634 0)
(0.255 0.0105530634 0)
(0.26 0.0105530634 0)
(0.265 0.0105530634 0)
(0.27 0.0105530634 0)
(0.275 0.0105530634 0)
(0.28 0.0105530634 0)
(0.285 0.0105530634 0)
(0.29 0.0105530634 0)
(0.295 0.0105530634 0)
(0.3 0.0105530634 0)
(0.305 0.0105530634 0)
(0.31 0.0105530634 0)
(0.315 0.0105530634 0)
(0.32 0.0105530634 0)
(0.325 0.0105530634 0)
(0.33 0.0105530634 0)
(0.335 0.0105530634 0)
(0.34 0.0105530634 0)
(0.345 0.0105530634 0)
(0.35 0.0105530634 0)
(0.355 0.0105530634 0)
(0.36 0.0105530634 0)
(0.365 0.0105530634 0)
(0.37 0.0105530634 0)
(0.375 0.0105530634 0)
(0.38 0.0105530634 0)
(0.385 0.0105530634 0)
(0.39 0.0105530634 0)
(0.395 0.0105530634 0)
(0.4 0.0105530634 0)
(0.405 0.0105530634 0)
(0.41 0.0105530634 0)
(0.415 0.0105530634 0)
(0.42 0.0105530634 0)
(0.425 0.0105530634 0)
(0.43 0.0105530634 0)
(0.435 0.0105530634 0)
(0.44 0.0105530634 0)
(0.445 0.0105530634 0)
(0.45 0.0105530634 0)
(0.455 0.0105530634 0)
(0.46 0.0105530634 0)
(0.465 0.0105530634 0)
(0.47 0.0105530634 0)
(0.475 0.0105530634 0)
(0.48 0.0105530634 0)
(0.485 0.0105530634 0)
(0.49 0.0105530634 0)
(0.495 0.0105530634 0)
(0.5 0.0105530634 0)
(0.505 0.0105530634 0)
(0.51 0.0105530634 0)
(0.515 0.0105530634 0)
(0.52 0.0105530634 0)
(0.525 0.0105530634 0)
(0.53 0.0105530634 0)
(0.535 0.0105530634 0)
(0.54 0.0105530634 0)
(0.545 0.0105530634 0)
(0.55 0.0105530634 0)
(0.555 0.0105530634 0)
(0.56 0.0105530634 0)
(0.565 0.0105530634 0)
(0.57 0.0105530634 0)
(0.575 0.0105530634 0)
(0.58 0.0105530634 0)
(0.585 0.0105530634 0)
(0.59 0.0105530634 0)
(0.595 0.0105530634 0)
(0.6 0.0105530634 0)
(0.605 0.0105530634 0)
(0.61 0.0105530634 0)
(0.615 0.0105530634 0)
(0.62 0.0105530634 0)
(0.625 0.0105530634 0)
(0.63 0.0105530634 0)
(0.635 0.0105530634 0)
(0.64 0.0105530634 0)
(0.645 0.0105530634 0)
(0.65 0.0105530634 0)
(0.655 0.0105530634 0)
(0.66 0.0105530634 0)
(0.665 0.0105530634 0)
(0.67 0.0105530634 0)
(0.675 0.0105530634 0)
(0.68 0.0105530634 0)
(0.685 0.0105530634 0)
(0.69 0.0105530634 0)
(0.695 0.0105530634 0)
(0.7 0.0105530634 0)
(0.705 0.0105530634 0)
(0.71 0.0105530634 0)
(0.715 0.0105530634 0)
(0.72 0.0105530634 0)
(0.725 0.0105530634 0)
(0.73 0.0105530634 0)
(0.735 0.0105530634 0)
(0.74 0.0105530634 0)
(0.745 0.0105530634 0)
(0.75 0.0105530634 0)
(0.755 0.0105530634 0)
(0.76 0.0105530634 0)
(0.765 0.0105530634 0)
(0.77 0.0105530634 0)
(0.775 0.0105530634 0)
(0.78 0.0105530634 0)
(0.785 0.0105530634 0)
(0.79 0.0105530634 0)
(0.795 0.0105530634 0)
(0.8 0.0105530634 0)
(0.805 0.0105530634 0)
(0.81 0.0105530634 0)
(0.815 0.0105530634 0)
(0.82 0.0105530634 0)
(0.825 0.0105530634 0)
(0.83 0.0105530634 0)
(0.835 0.0105530634 0)
(0.84 0.0105530634 0)
(0.845 0.0105530634 0)
(0.85 0.0105530634 0)
(0.855 0.0105530634 0)
(0.86 0.0105530634 0)
(0.865 0.0105530634 0)
(0.87 0.0105530634 0)
(0.875 0.0105530634 0)
(0.88 0.0105530634 0)
(0.885 0.0105530634 0)
(0.89 0.0105530634 0)
(0.895 0.0105530634 0)
(0.9 0.0105530634 0)
(0.905 0.0105530634 0)
(0.91 0.0105530634 0)
(0.915 0.0105530634 0)
(0.92 0.0105530634 0)
(0.925 0.0105530634 0)
(0.93 0.0105530634 0)
(0.935 0.0105530634 0)
(0.94 0.0105530634 0)
(0.945 0.0105530634 0)
(0.95 0.0105530634 0)
(0.955 0.0105530634 0)
(0.96 0.0105530634 0)
(0.965 0.0105530634 0)
(0.97 0.0105530634 0)
(0.975 0.0105530634 0)
(0.98 0.0105530634 0)
(0.985 0.0105530634 0)
(0.99 0.0105530634 0)
(0.995 0.0105530634 0)
(1 0.0105530634 0)
(0.005 0.01153802341 0)
(0.01 0.01153802341 0)
(0.015 0.01153802341 0)
(0.02 0.01153802341 0)
(0.025 0.01153802341 0)
(0.03 0.01153802341 0)
(0.035 0.01153802341 0)
(0.04 0.01153802341 0)
(0.045 0.01153802341 0)
(0.05 0.01153802341 0)
(0.055 0.01153802341 0)
(0.06 0.01153802341 0)
(0.065 0.01153802341 0)
(0.07 0.01153802341 0)
(0.075 0.01153802341 0)
(0.08 0.01153802341 0)
(0.085 0.01153802341 0)
(0.09 0.01153802341 0)
(0.095 0.01153802341 0)
(0.1 0.01153802341 0)
(0.105 0.01153802341 0)
(0.11 0.01153802341 0)
(0.115 0.01153802341 0)
(0.12 0.01153802341 0)
(0.125 0.01153802341 0)
(0.13 0.01153802341 0)
(0.135 0.01153802341 0)
(0.14 0.01153802341 0)
(0.145 0.01153802341 0)
(0.15 0.01153802341 0)
(0.155 0.01153802341 0)
(0.16 0.01153802341 0)
(0.165 0.01153802341 0)
(0.17 0.01153802341 0)
(0.175 0.01153802341 0)
(0.18 0.01153802341 0)
(0.185 0.01153802341 0)
(0.19 0.01153802341 0)
(0.195 0.01153802341 0)
(0.2 0.01153802341 0)
(0.205 0.01153802341 0)
(0.21 0.01153802341 0)
(0.215 0.01153802341 0)
(0.22 0.01153802341 0)
(0.225 0.01153802341 0)
(0.23 0.01153802341 0)
(0.235 0.01153802341 0)
(0.24 0.01153802341 0)
(0.245 0.01153802341 0)
(0.25 0.01153802341 0)
(0.255 0.01153802341 0)
(0.26 0.01153802341 0)
(0.265 0.01153802341 0)
(0.27 0.01153802341 0)
(0.275 0.01153802341 0)
(0.28 0.01153802341 0)
(0.285 0.01153802341 0)
(0.29 0.01153802341 0)
(0.295 0.01153802341 0)
(0.3 0.01153802341 0)
(0.305 0.01153802341 0)
(0.31 0.01153802341 0)
(0.315 0.01153802341 0)
(0.32 0.01153802341 0)
(0.325 0.01153802341 0)
(0.33 0.01153802341 0)
(0.335 0.01153802341 0)
(0.34 0.01153802341 0)
(0.345 0.01153802341 0)
(0.35 0.01153802341 0)
(0.355 0.01153802341 0)
(0.36 0.01153802341 0)
(0.365 0.01153802341 0)
(0.37 0.01153802341 0)
(0.375 0.01153802341 0)
(0.38 0.01153802341 0)
(0.385 0.01153802341 0)
(0.39 0.01153802341 0)
(0.395 0.01153802341 0)
(0.4 0.01153802341 0)
(0.405 0.01153802341 0)
(0.41 0.01153802341 0)
(0.415 0.01153802341 0)
(0.42 0.01153802341 0)
(0.425 0.01153802341 0)
(0.43 0.01153802341 0)
(0.435 0.01153802341 0)
(0.44 0.01153802341 0)
(0.445 0.01153802341 0)
(0.45 0.01153802341 0)
(0.455 0.01153802341 0)
(0.46 0.01153802341 0)
(0.465 0.01153802341 0)
(0.47 0.01153802341 0)
(0.475 0.01153802341 0)
(0.48 0.01153802341 0)
(0.485 0.01153802341 0)
(0.49 0.01153802341 0)
(0.495 0.01153802341 0)
(0.5 0.01153802341 0)
(0.505 0.01153802341 0)
(0.51 0.01153802341 0)
(0.515 0.01153802341 0)
(0.52 0.01153802341 0)
(0.525 0.01153802341 0)
(0.53 0.01153802341 0)
(0.535 0.01153802341 0)
(0.54 0.01153802341 0)
(0.545 0.01153802341 0)
(0.55 0.01153802341 0)
(0.555 0.01153802341 0)
(0.56 0.01153802341 0)
(0.565 0.01153802341 0)
(0.57 0.01153802341 0)
(0.575 0.01153802341 0)
(0.58 0.01153802341 0)
(0.585 0.01153802341 0)
(0.59 0.01153802341 0)
(0.595 0.01153802341 0)
(0.6 0.01153802341 0)
(0.605 0.01153802341 0)
(0.61 0.01153802341 0)
(0.615 0.01153802341 0)
(0.62 0.01153802341 0)
(0.625 0.01153802341 0)
(0.63 0.01153802341 0)
(0.635 0.01153802341 0)
(0.64 0.01153802341 0)
(0.645 0.01153802341 0)
(0.65 0.01153802341 0)
(0.655 0.01153802341 0)
(0.66 0.01153802341 0)
(0.665 0.01153802341 0)
(0.67 0.01153802341 0)
(0.675 0.01153802341 0)
(0.68 0.01153802341 0)
(0.685 0.01153802341 0)
(0.69 0.01153802341 0)
(0.695 0.01153802341 0)
(0.7 0.01153802341 0)
(0.705 0.01153802341 0)
(0.71 0.01153802341 0)
(0.715 0.01153802341 0)
(0.72 0.01153802341 0)
(0.725 0.01153802341 0)
(0.73 0.01153802341 0)
(0.735 0.01153802341 0)
(0.74 0.01153802341 0)
(0.745 0.01153802341 0)
(0.75 0.01153802341 0)
(0.755 0.01153802341 0)
(0.76 0.01153802341 0)
(0.765 0.01153802341 0)
(0.77 0.01153802341 0)
(0.775 0.01153802341 0)
(0.78 0.01153802341 0)
(0.785 0.01153802341 0)
(0.79 0.01153802341 0)
(0.795 0.01153802341 0)
(0.8 0.01153802341 0)
(0.805 0.01153802341 0)
(0.81 0.01153802341 0)
(0.815 0.01153802341 0)
(0.82 0.01153802341 0)
(0.825 0.01153802341 0)
(0.83 0.01153802341 0)
(0.835 0.01153802341 0)
(0.84 0.01153802341 0)
(0.845 0.01153802341 0)
(0.85 0.01153802341 0)
(0.855 0.01153802341 0)
(0.86 0.01153802341 0)
(0.865 0.01153802341 0)
(0.87 0.01153802341 0)
(0.875 0.01153802341 0)
(0.88 0.01153802341 0)
(0.885 0.01153802341 0)
(0.89 0.01153802341 0)
(0.895 0.01153802341 0)
(0.9 0.01153802341 0)
(0.905 0.01153802341 0)
(0.91 0.01153802341 0)
(0.915 0.01153802341 0)
(0.92 0.01153802341 0)
(0.925 0.01153802341 0)
(0.93 0.01153802341 0)
(0.935 0.01153802341 0)
(0.94 0.01153802341 0)
(0.945 0.01153802341 0)
(0.95 0.01153802341 0)
(0.955 0.01153802341 0)
(0.96 0.01153802341 0)
(0.965 0.01153802341 0)
(0.97 0.01153802341 0)
(0.975 0.01153802341 0)
(0.98 0.01153802341 0)
(0.985 0.01153802341 0)
(0.99 0.01153802341 0)
(0.995 0.01153802341 0)
(1 0.01153802341 0)
(0.005 0.01259050546 0)
(0.01 0.01259050546 0)
(0.015 0.01259050546 0)
(0.02 0.01259050546 0)
(0.025 0.01259050546 0)
(0.03 0.01259050546 0)
(0.035 0.01259050546 0)
(0.04 0.01259050546 0)
(0.045 0.01259050546 0)
(0.05 0.01259050546 0)
(0.055 0.01259050546 0)
(0.06 0.01259050546 0)
(0.065 0.01259050546 0)
(0.07 0.01259050546 0)
(0.075 0.01259050546 0)
(0.08 0.01259050546 0)
(0.085 0.01259050546 0)
(0.09 0.01259050546 0)
(0.095 0.01259050546 0)
(0.1 0.01259050546 0)
(0.105 0.01259050546 0)
(0.11 0.01259050546 0)
(0.115 0.01259050546 0)
(0.12 0.01259050546 0)
(0.125 0.01259050546 0)
(0.13 0.01259050546 0)
(0.135 0.01259050546 0)
(0.14 0.01259050546 0)
(0.145 0.01259050546 0)
(0.15 0.01259050546 0)
(0.155 0.01259050546 0)
(0.16 0.01259050546 0)
(0.165 0.01259050546 0)
(0.17 0.01259050546 0)
(0.175 0.01259050546 0)
(0.18 0.01259050546 0)
(0.185 0.01259050546 0)
(0.19 0.01259050546 0)
(0.195 0.01259050546 0)
(0.2 0.01259050546 0)
(0.205 0.01259050546 0)
(0.21 0.01259050546 0)
(0.215 0.01259050546 0)
(0.22 0.01259050546 0)
(0.225 0.01259050546 0)
(0.23 0.01259050546 0)
(0.235 0.01259050546 0)
(0.24 0.01259050546 0)
(0.245 0.01259050546 0)
(0.25 0.01259050546 0)
(0.255 0.01259050546 0)
(0.26 0.01259050546 0)
(0.265 0.01259050546 0)
(0.27 0.01259050546 0)
(0.275 0.01259050546 0)
(0.28 0.01259050546 0)
(0.285 0.01259050546 0)
(0.29 0.01259050546 0)
(0.295 0.01259050546 0)
(0.3 0.01259050546 0)
(0.305 0.01259050546 0)
(0.31 0.01259050546 0)
(0.315 0.01259050546 0)
(0.32 0.01259050546 0)
(0.325 0.01259050546 0)
(0.33 0.01259050546 0)
(0.335 0.01259050546 0)
(0.34 0.01259050546 0)
(0.345 0.01259050546 0)
(0.35 0.01259050546 0)
(0.355 0.01259050546 0)
(0.36 0.01259050546 0)
(0.365 0.01259050546 0)
(0.37 0.01259050546 0)
(0.375 0.01259050546 0)
(0.38 0.01259050546 0)
(0.385 0.01259050546 0)
(0.39 0.01259050546 0)
(0.395 0.01259050546 0)
(0.4 0.01259050546 0)
(0.405 0.01259050546 0)
(0.41 0.01259050546 0)
(0.415 0.01259050546 0)
(0.42 0.01259050546 0)
(0.425 0.01259050546 0)
(0.43 0.01259050546 0)
(0.435 0.01259050546 0)
(0.44 0.01259050546 0)
(0.445 0.01259050546 0)
(0.45 0.01259050546 0)
(0.455 0.01259050546 0)
(0.46 0.01259050546 0)
(0.465 0.01259050546 0)
(0.47 0.01259050546 0)
(0.475 0.01259050546 0)
(0.48 0.01259050546 0)
(0.485 0.01259050546 0)
(0.49 0.01259050546 0)
(0.495 0.01259050546 0)
(0.5 0.01259050546 0)
(0.505 0.01259050546 0)
(0.51 0.01259050546 0)
(0.515 0.01259050546 0)
(0.52 0.01259050546 0)
(0.525 0.01259050546 0)
(0.53 0.01259050546 0)
(0.535 0.01259050546 0)
(0.54 0.01259050546 0)
(0.545 0.01259050546 0)
(0.55 0.01259050546 0)
(0.555 0.01259050546 0)
(0.56 0.01259050546 0)
(0.565 0.01259050546 0)
(0.57 0.01259050546 0)
(0.575 0.01259050546 0)
(0.58 0.01259050546 0)
(0.585 0.01259050546 0)
(0.59 0.01259050546 0)
(0.595 0.01259050546 0)
(0.6 0.01259050546 0)
(0.605 0.01259050546 0)
(0.61 0.01259050546 0)
(0.615 0.01259050546 0)
(0.62 0.01259050546 0)
(0.625 0.01259050546 0)
(0.63 0.01259050546 0)
(0.635 0.01259050546 0)
(0.64 0.01259050546 0)
(0.645 0.01259050546 0)
(0.65 0.01259050546 0)
(0.655 0.01259050546 0)
(0.66 0.01259050546 0)
(0.665 0.01259050546 0)
(0.67 0.01259050546 0)
(0.675 0.01259050546 0)
(0.68 0.01259050546 0)
(0.685 0.01259050546 0)
(0.69 0.01259050546 0)
(0.695 0.01259050546 0)
(0.7 0.01259050546 0)
(0.705 0.01259050546 0)
(0.71 0.01259050546 0)
(0.715 0.01259050546 0)
(0.72 0.01259050546 0)
(0.725 0.01259050546 0)
(0.73 0.01259050546 0)
(0.735 0.01259050546 0)
(0.74 0.01259050546 0)
(0.745 0.01259050546 0)
(0.75 0.01259050546 0)
(0.755 0.01259050546 0)
(0.76 0.01259050546 0)
(0.765 0.01259050546 0)
(0.77 0.01259050546 0)
(0.775 0.01259050546 0)
(0.78 0.01259050546 0)
(0.785 0.01259050546 0)
(0.79 0.01259050546 0)
(0.795 0.01259050546 0)
(0.8 0.01259050546 0)
(0.805 0.01259050546 0)
(0.81 0.01259050546 0)
(0.815 0.01259050546 0)
(0.82 0.01259050546 0)
(0.825 0.01259050546 0)
(0.83 0.01259050546 0)
(0.835 0.01259050546 0)
(0.84 0.01259050546 0)
(0.845 0.01259050546 0)
(0.85 0.01259050546 0)
(0.855 0.01259050546 0)
(0.86 0.01259050546 0)
(0.865 0.01259050546 0)
(0.87 0.01259050546 0)
(0.875 0.01259050546 0)
(0.88 0.01259050546 0)
(0.885 0.01259050546 0)
(0.89 0.01259050546 0)
(0.895 0.01259050546 0)
(0.9 0.01259050546 0)
(0.905 0.01259050546 0)
(0.91 0.01259050546 0)
(0.915 0.01259050546 0)
(0.92 0.01259050546 0)
(0.925 0.01259050546 0)
(0.93 0.01259050546 0)
(0.935 0.01259050546 0)
(0.94 0.01259050546 0)
(0.945 0.01259050546 0)
(0.95 0.01259050546 0)
(0.955 0.01259050546 0)
(0.96 0.01259050546 0)
(0.965 0.01259050546 0)
(0.97 0.01259050546 0)
(0.975 0.01259050546 0)
(0.98 0.01259050546 0)
(0.985 0.01259050546 0)
(0.99 0.01259050546 0)
(0.995 0.01259050546 0)
(1 0.01259050546 0)
(0.005 0.0137151384 0)
(0.01 0.0137151384 0)
(0.015 0.0137151384 0)
(0.02 0.0137151384 0)
(0.025 0.0137151384 0)
(0.03 0.0137151384 0)
(0.035 0.0137151384 0)
(0.04 0.0137151384 0)
(0.045 0.0137151384 0)
(0.05 0.0137151384 0)
(0.055 0.0137151384 0)
(0.06 0.0137151384 0)
(0.065 0.0137151384 0)
(0.07 0.0137151384 0)
(0.075 0.0137151384 0)
(0.08 0.0137151384 0)
(0.085 0.0137151384 0)
(0.09 0.0137151384 0)
(0.095 0.0137151384 0)
(0.1 0.0137151384 0)
(0.105 0.0137151384 0)
(0.11 0.0137151384 0)
(0.115 0.0137151384 0)
(0.12 0.0137151384 0)
(0.125 0.0137151384 0)
(0.13 0.0137151384 0)
(0.135 0.0137151384 0)
(0.14 0.0137151384 0)
(0.145 0.0137151384 0)
(0.15 0.0137151384 0)
(0.155 0.0137151384 0)
(0.16 0.0137151384 0)
(0.165 0.0137151384 0)
(0.17 0.0137151384 0)
(0.175 0.0137151384 0)
(0.18 0.0137151384 0)
(0.185 0.0137151384 0)
(0.19 0.0137151384 0)
(0.195 0.0137151384 0)
(0.2 0.0137151384 0)
(0.205 0.0137151384 0)
(0.21 0.0137151384 0)
(0.215 0.0137151384 0)
(0.22 0.0137151384 0)
(0.225 0.0137151384 0)
(0.23 0.0137151384 0)
(0.235 0.0137151384 0)
(0.24 0.0137151384 0)
(0.245 0.0137151384 0)
(0.25 0.0137151384 0)
(0.255 0.0137151384 0)
(0.26 0.0137151384 0)
(0.265 0.0137151384 0)
(0.27 0.0137151384 0)
(0.275 0.0137151384 0)
(0.28 0.0137151384 0)
(0.285 0.0137151384 0)
(0.29 0.0137151384 0)
(0.295 0.0137151384 0)
(0.3 0.0137151384 0)
(0.305 0.0137151384 0)
(0.31 0.0137151384 0)
(0.315 0.0137151384 0)
(0.32 0.0137151384 0)
(0.325 0.0137151384 0)
(0.33 0.0137151384 0)
(0.335 0.0137151384 0)
(0.34 0.0137151384 0)
(0.345 0.0137151384 0)
(0.35 0.0137151384 0)
(0.355 0.0137151384 0)
(0.36 0.0137151384 0)
(0.365 0.0137151384 0)
(0.37 0.0137151384 0)
(0.375 0.0137151384 0)
(0.38 0.0137151384 0)
(0.385 0.0137151384 0)
(0.39 0.0137151384 0)
(0.395 0.0137151384 0)
(0.4 0.0137151384 0)
(0.405 0.0137151384 0)
(0.41 0.0137151384 0)
(0.415 0.0137151384 0)
(0.42 0.0137151384 0)
(0.425 0.0137151384 0)
(0.43 0.0137151384 0)
(0.435 0.0137151384 0)
(0.44 0.0137151384 0)
(0.445 0.0137151384 0)
(0.45 0.0137151384 0)
(0.455 0.0137151384 0)
(0.46 0.0137151384 0)
(0.465 0.0137151384 0)
(0.47 0.0137151384 0)
(0.475 0.0137151384 0)
(0.48 0.0137151384 0)
(0.485 0.0137151384 0)
(0.49 0.0137151384 0)
(0.495 0.0137151384 0)
(0.5 0.0137151384 0)
(0.505 0.0137151384 0)
(0.51 0.0137151384 0)
(0.515 0.0137151384 0)
(0.52 0.0137151384 0)
(0.525 0.0137151384 0)
(0.53 0.0137151384 0)
(0.535 0.0137151384 0)
(0.54 0.0137151384 0)
(0.545 0.0137151384 0)
(0.55 0.0137151384 0)
(0.555 0.0137151384 0)
(0.56 0.0137151384 0)
(0.565 0.0137151384 0)
(0.57 0.0137151384 0)
(0.575 0.0137151384 0)
(0.58 0.0137151384 0)
(0.585 0.0137151384 0)
(0.59 0.0137151384 0)
(0.595 0.0137151384 0)
(0.6 0.0137151384 0)
(0.605 0.0137151384 0)
(0.61 0.0137151384 0)
(0.615 0.0137151384 0)
(0.62 0.0137151384 0)
(0.625 0.0137151384 0)
(0.63 0.0137151384 0)
(0.635 0.0137151384 0)
(0.64 0.0137151384 0)
(0.645 0.0137151384 0)
(0.65 0.0137151384 0)
(0.655 0.0137151384 0)
(0.66 0.0137151384 0)
(0.665 0.0137151384 0)
(0.67 0.0137151384 0)
(0.675 0.0137151384 0)
(0.68 0.0137151384 0)
(0.685 0.0137151384 0)
(0.69 0.0137151384 0)
(0.695 0.0137151384 0)
(0.7 0.0137151384 0)
(0.705 0.0137151384 0)
(0.71 0.0137151384 0)
(0.715 0.0137151384 0)
(0.72 0.0137151384 0)
(0.725 0.0137151384 0)
(0.73 0.0137151384 0)
(0.735 0.0137151384 0)
(0.74 0.0137151384 0)
(0.745 0.0137151384 0)
(0.75 0.0137151384 0)
(0.755 0.0137151384 0)
(0.76 0.0137151384 0)
(0.765 0.0137151384 0)
(0.77 0.0137151384 0)
(0.775 0.0137151384 0)
(0.78 0.0137151384 0)
(0.785 0.0137151384 0)
(0.79 0.0137151384 0)
(0.795 0.0137151384 0)
(0.8 0.0137151384 0)
(0.805 0.0137151384 0)
(0.81 0.0137151384 0)
(0.815 0.0137151384 0)
(0.82 0.0137151384 0)
(0.825 0.0137151384 0)
(0.83 0.0137151384 0)
(0.835 0.0137151384 0)
(0.84 0.0137151384 0)
(0.845 0.0137151384 0)
(0.85 0.0137151384 0)
(0.855 0.0137151384 0)
(0.86 0.0137151384 0)
(0.865 0.0137151384 0)
(0.87 0.0137151384 0)
(0.875 0.0137151384 0)
(0.88 0.0137151384 0)
(0.885 0.0137151384 0)
(0.89 0.0137151384 0)
(0.895 0.0137151384 0)
(0.9 0.0137151384 0)
(0.905 0.0137151384 0)
(0.91 0.0137151384 0)
(0.915 0.0137151384 0)
(0.92 0.0137151384 0)
(0.925 0.0137151384 0)
(0.93 0.0137151384 0)
(0.935 0.0137151384 0)
(0.94 0.0137151384 0)
(0.945 0.0137151384 0)
(0.95 0.0137151384 0)
(0.955 0.0137151384 0)
(0.96 0.0137151384 0)
(0.965 0.0137151384 0)
(0.97 0.0137151384 0)
(0.975 0.0137151384 0)
(0.98 0.0137151384 0)
(0.985 0.0137151384 0)
(0.99 0.0137151384 0)
(0.995 0.0137151384 0)
(1 0.0137151384 0)
(0.005 0.0149168684 0)
(0.01 0.0149168684 0)
(0.015 0.0149168684 0)
(0.02 0.0149168684 0)
(0.025 0.0149168684 0)
(0.03 0.0149168684 0)
(0.035 0.0149168684 0)
(0.04 0.0149168684 0)
(0.045 0.0149168684 0)
(0.05 0.0149168684 0)
(0.055 0.0149168684 0)
(0.06 0.0149168684 0)
(0.065 0.0149168684 0)
(0.07 0.0149168684 0)
(0.075 0.0149168684 0)
(0.08 0.0149168684 0)
(0.085 0.0149168684 0)
(0.09 0.0149168684 0)
(0.095 0.0149168684 0)
(0.1 0.0149168684 0)
(0.105 0.0149168684 0)
(0.11 0.0149168684 0)
(0.115 0.0149168684 0)
(0.12 0.0149168684 0)
(0.125 0.0149168684 0)
(0.13 0.0149168684 0)
(0.135 0.0149168684 0)
(0.14 0.0149168684 0)
(0.145 0.0149168684 0)
(0.15 0.0149168684 0)
(0.155 0.0149168684 0)
(0.16 0.0149168684 0)
(0.165 0.0149168684 0)
(0.17 0.0149168684 0)
(0.175 0.0149168684 0)
(0.18 0.0149168684 0)
(0.185 0.0149168684 0)
(0.19 0.0149168684 0)
(0.195 0.0149168684 0)
(0.2 0.0149168684 0)
(0.205 0.0149168684 0)
(0.21 0.0149168684 0)
(0.215 0.0149168684 0)
(0.22 0.0149168684 0)
(0.225 0.0149168684 0)
(0.23 0.0149168684 0)
(0.235 0.0149168684 0)
(0.24 0.0149168684 0)
(0.245 0.0149168684 0)
(0.25 0.0149168684 0)
(0.255 0.0149168684 0)
(0.26 0.0149168684 0)
(0.265 0.0149168684 0)
(0.27 0.0149168684 0)
(0.275 0.0149168684 0)
(0.28 0.0149168684 0)
(0.285 0.0149168684 0)
(0.29 0.0149168684 0)
(0.295 0.0149168684 0)
(0.3 0.0149168684 0)
(0.305 0.0149168684 0)
(0.31 0.0149168684 0)
(0.315 0.0149168684 0)
(0.32 0.0149168684 0)
(0.325 0.0149168684 0)
(0.33 0.0149168684 0)
(0.335 0.0149168684 0)
(0.34 0.0149168684 0)
(0.345 0.0149168684 0)
(0.35 0.0149168684 0)
(0.355 0.0149168684 0)
(0.36 0.0149168684 0)
(0.365 0.0149168684 0)
(0.37 0.0149168684 0)
(0.375 0.0149168684 0)
(0.38 0.0149168684 0)
(0.385 0.0149168684 0)
(0.39 0.0149168684 0)
(0.395 0.0149168684 0)
(0.4 0.0149168684 0)
(0.405 0.0149168684 0)
(0.41 0.0149168684 0)
(0.415 0.0149168684 0)
(0.42 0.0149168684 0)
(0.425 0.0149168684 0)
(0.43 0.0149168684 0)
(0.435 0.0149168684 0)
(0.44 0.0149168684 0)
(0.445 0.0149168684 0)
(0.45 0.0149168684 0)
(0.455 0.0149168684 0)
(0.46 0.0149168684 0)
(0.465 0.0149168684 0)
(0.47 0.0149168684 0)
(0.475 0.0149168684 0)
(0.48 0.0149168684 0)
(0.485 0.0149168684 0)
(0.49 0.0149168684 0)
(0.495 0.0149168684 0)
(0.5 0.0149168684 0)
(0.505 0.0149168684 0)
(0.51 0.0149168684 0)
(0.515 0.0149168684 0)
(0.52 0.0149168684 0)
(0.525 0.0149168684 0)
(0.53 0.0149168684 0)
(0.535 0.0149168684 0)
(0.54 0.0149168684 0)
(0.545 0.0149168684 0)
(0.55 0.0149168684 0)
(0.555 0.0149168684 0)
(0.56 0.0149168684 0)
(0.565 0.0149168684 0)
(0.57 0.0149168684 0)
(0.575 0.0149168684 0)
(0.58 0.0149168684 0)
(0.585 0.0149168684 0)
(0.59 0.0149168684 0)
(0.595 0.0149168684 0)
(0.6 0.0149168684 0)
(0.605 0.0149168684 0)
(0.61 0.0149168684 0)
(0.615 0.0149168684 0)
(0.62 0.0149168684 0)
(0.625 0.0149168684 0)
(0.63 0.0149168684 0)
(0.635 0.0149168684 0)
(0.64 0.0149168684 0)
(0.645 0.0149168684 0)
(0.65 0.0149168684 0)
(0.655 0.0149168684 0)
(0.66 0.0149168684 0)
(0.665 0.0149168684 0)
(0.67 0.0149168684 0)
(0.675 0.0149168684 0)
(0.68 0.0149168684 0)
(0.685 0.0149168684 0)
(0.69 0.0149168684 0)
(0.695 0.0149168684 0)
(0.7 0.0149168684 0)
(0.705 0.0149168684 0)
(0.71 0.0149168684 0)
(0.715 0.0149168684 0)
(0.72 0.0149168684 0)
(0.725 0.0149168684 0)
(0.73 0.0149168684 0)
(0.735 0.0149168684 0)
(0.74 0.0149168684 0)
(0.745 0.0149168684 0)
(0.75 0.0149168684 0)
(0.755 0.0149168684 0)
(0.76 0.0149168684 0)
(0.765 0.0149168684 0)
(0.77 0.0149168684 0)
(0.775 0.0149168684 0)
(0.78 0.0149168684 0)
(0.785 0.0149168684 0)
(0.79 0.0149168684 0)
(0.795 0.0149168684 0)
(0.8 0.0149168684 0)
(0.805 0.0149168684 0)
(0.81 0.0149168684 0)
(0.815 0.0149168684 0)
(0.82 0.0149168684 0)
(0.825 0.0149168684 0)
(0.83 0.0149168684 0)
(0.835 0.0149168684 0)
(0.84 0.0149168684 0)
(0.845 0.0149168684 0)
(0.85 0.0149168684 0)
(0.855 0.0149168684 0)
(0.86 0.0149168684 0)
(0.865 0.0149168684 0)
(0.87 0.0149168684 0)
(0.875 0.0149168684 0)
(0.88 0.0149168684 0)
(0.885 0.0149168684 0)
(0.89 0.0149168684 0)
(0.895 0.0149168684 0)
(0.9 0.0149168684 0)
(0.905 0.0149168684 0)
(0.91 0.0149168684 0)
(0.915 0.0149168684 0)
(0.92 0.0149168684 0)
(0.925 0.0149168684 0)
(0.93 0.0149168684 0)
(0.935 0.0149168684 0)
(0.94 0.0149168684 0)
(0.945 0.0149168684 0)
(0.95 0.0149168684 0)
(0.955 0.0149168684 0)
(0.96 0.0149168684 0)
(0.965 0.0149168684 0)
(0.97 0.0149168684 0)
(0.975 0.0149168684 0)
(0.98 0.0149168684 0)
(0.985 0.0149168684 0)
(0.99 0.0149168684 0)
(0.995 0.0149168684 0)
(1 0.0149168684 0)
(0.005 0.0162009807 0)
(0.01 0.0162009807 0)
(0.015 0.0162009807 0)
(0.02 0.0162009807 0)
(0.025 0.0162009807 0)
(0.03 0.0162009807 0)
(0.035 0.0162009807 0)
(0.04 0.0162009807 0)
(0.045 0.0162009807 0)
(0.05 0.0162009807 0)
(0.055 0.0162009807 0)
(0.06 0.0162009807 0)
(0.065 0.0162009807 0)
(0.07 0.0162009807 0)
(0.075 0.0162009807 0)
(0.08 0.0162009807 0)
(0.085 0.0162009807 0)
(0.09 0.0162009807 0)
(0.095 0.0162009807 0)
(0.1 0.0162009807 0)
(0.105 0.0162009807 0)
(0.11 0.0162009807 0)
(0.115 0.0162009807 0)
(0.12 0.0162009807 0)
(0.125 0.0162009807 0)
(0.13 0.0162009807 0)
(0.135 0.0162009807 0)
(0.14 0.0162009807 0)
(0.145 0.0162009807 0)
(0.15 0.0162009807 0)
(0.155 0.0162009807 0)
(0.16 0.0162009807 0)
(0.165 0.0162009807 0)
(0.17 0.0162009807 0)
(0.175 0.0162009807 0)
(0.18 0.0162009807 0)
(0.185 0.0162009807 0)
(0.19 0.0162009807 0)
(0.195 0.0162009807 0)
(0.2 0.0162009807 0)
(0.205 0.0162009807 0)
(0.21 0.0162009807 0)
(0.215 0.0162009807 0)
(0.22 0.0162009807 0)
(0.225 0.0162009807 0)
(0.23 0.0162009807 0)
(0.235 0.0162009807 0)
(0.24 0.0162009807 0)
(0.245 0.0162009807 0)
(0.25 0.0162009807 0)
(0.255 0.0162009807 0)
(0.26 0.0162009807 0)
(0.265 0.0162009807 0)
(0.27 0.0162009807 0)
(0.275 0.0162009807 0)
(0.28 0.0162009807 0)
(0.285 0.0162009807 0)
(0.29 0.0162009807 0)
(0.295 0.0162009807 0)
(0.3 0.0162009807 0)
(0.305 0.0162009807 0)
(0.31 0.0162009807 0)
(0.315 0.0162009807 0)
(0.32 0.0162009807 0)
(0.325 0.0162009807 0)
(0.33 0.0162009807 0)
(0.335 0.0162009807 0)
(0.34 0.0162009807 0)
(0.345 0.0162009807 0)
(0.35 0.0162009807 0)
(0.355 0.0162009807 0)
(0.36 0.0162009807 0)
(0.365 0.0162009807 0)
(0.37 0.0162009807 0)
(0.375 0.0162009807 0)
(0.38 0.0162009807 0)
(0.385 0.0162009807 0)
(0.39 0.0162009807 0)
(0.395 0.0162009807 0)
(0.4 0.0162009807 0)
(0.405 0.0162009807 0)
(0.41 0.0162009807 0)
(0.415 0.0162009807 0)
(0.42 0.0162009807 0)
(0.425 0.0162009807 0)
(0.43 0.0162009807 0)
(0.435 0.0162009807 0)
(0.44 0.0162009807 0)
(0.445 0.0162009807 0)
(0.45 0.0162009807 0)
(0.455 0.0162009807 0)
(0.46 0.0162009807 0)
(0.465 0.0162009807 0)
(0.47 0.0162009807 0)
(0.475 0.0162009807 0)
(0.48 0.0162009807 0)
(0.485 0.0162009807 0)
(0.49 0.0162009807 0)
(0.495 0.0162009807 0)
(0.5 0.0162009807 0)
(0.505 0.0162009807 0)
(0.51 0.0162009807 0)
(0.515 0.0162009807 0)
(0.52 0.0162009807 0)
(0.525 0.0162009807 0)
(0.53 0.0162009807 0)
(0.535 0.0162009807 0)
(0.54 0.0162009807 0)
(0.545 0.0162009807 0)
(0.55 0.0162009807 0)
(0.555 0.0162009807 0)
(0.56 0.0162009807 0)
(0.565 0.0162009807 0)
(0.57 0.0162009807 0)
(0.575 0.0162009807 0)
(0.58 0.0162009807 0)
(0.585 0.0162009807 0)
(0.59 0.0162009807 0)
(0.595 0.0162009807 0)
(0.6 0.0162009807 0)
(0.605 0.0162009807 0)
(0.61 0.0162009807 0)
(0.615 0.0162009807 0)
(0.62 0.0162009807 0)
(0.625 0.0162009807 0)
(0.63 0.0162009807 0)
(0.635 0.0162009807 0)
(0.64 0.0162009807 0)
(0.645 0.0162009807 0)
(0.65 0.0162009807 0)
(0.655 0.0162009807 0)
(0.66 0.0162009807 0)
(0.665 0.0162009807 0)
(0.67 0.0162009807 0)
(0.675 0.0162009807 0)
(0.68 0.0162009807 0)
(0.685 0.0162009807 0)
(0.69 0.0162009807 0)
(0.695 0.0162009807 0)
(0.7 0.0162009807 0)
(0.705 0.0162009807 0)
(0.71 0.0162009807 0)
(0.715 0.0162009807 0)
(0.72 0.0162009807 0)
(0.725 0.0162009807 0)
(0.73 0.0162009807 0)
(0.735 0.0162009807 0)
(0.74 0.0162009807 0)
(0.745 0.0162009807 0)
(0.75 0.0162009807 0)
(0.755 0.0162009807 0)
(0.76 0.0162009807 0)
(0.765 0.0162009807 0)
(0.77 0.0162009807 0)
(0.775 0.0162009807 0)
(0.78 0.0162009807 0)
(0.785 0.0162009807 0)
(0.79 0.0162009807 0)
(0.795 0.0162009807 0)
(0.8 0.0162009807 0)
(0.805 0.0162009807 0)
(0.81 0.0162009807 0)
(0.815 0.0162009807 0)
(0.82 0.0162009807 0)
(0.825 0.0162009807 0)
(0.83 0.0162009807 0)
(0.835 0.0162009807 0)
(0.84 0.0162009807 0)
(0.845 0.0162009807 0)
(0.85 0.0162009807 0)
(0.855 0.0162009807 0)
(0.86 0.0162009807 0)
(0.865 0.0162009807 0)
(0.87 0.0162009807 0)
(0.875 0.0162009807 0)
(0.88 0.0162009807 0)
(0.885 0.0162009807 0)
(0.89 0.0162009807 0)
(0.895 0.0162009807 0)
(0.9 0.0162009807 0)
(0.905 0.0162009807 0)
(0.91 0.0162009807 0)
(0.915 0.0162009807 0)
(0.92 0.0162009807 0)
(0.925 0.0162009807 0)
(0.93 0.0162009807 0)
(0.935 0.0162009807 0)
(0.94 0.0162009807 0)
(0.945 0.0162009807 0)
(0.95 0.0162009807 0)
(0.955 0.0162009807 0)
(0.96 0.0162009807 0)
(0.965 0.0162009807 0)
(0.97 0.0162009807 0)
(0.975 0.0162009807 0)
(0.98 0.0162009807 0)
(0.985 0.0162009807 0)
(0.99 0.0162009807 0)
(0.995 0.0162009807 0)
(1 0.0162009807 0)
(0.005 0.01757312285 0)
(0.01 0.01757312285 0)
(0.015 0.01757312285 0)
(0.02 0.01757312285 0)
(0.025 0.01757312285 0)
(0.03 0.01757312285 0)
(0.035 0.01757312285 0)
(0.04 0.01757312285 0)
(0.045 0.01757312285 0)
(0.05 0.01757312285 0)
(0.055 0.01757312285 0)
(0.06 0.01757312285 0)
(0.065 0.01757312285 0)
(0.07 0.01757312285 0)
(0.075 0.01757312285 0)
(0.08 0.01757312285 0)
(0.085 0.01757312285 0)
(0.09 0.01757312285 0)
(0.095 0.01757312285 0)
(0.1 0.01757312285 0)
(0.105 0.01757312285 0)
(0.11 0.01757312285 0)
(0.115 0.01757312285 0)
(0.12 0.01757312285 0)
(0.125 0.01757312285 0)
(0.13 0.01757312285 0)
(0.135 0.01757312285 0)
(0.14 0.01757312285 0)
(0.145 0.01757312285 0)
(0.15 0.01757312285 0)
(0.155 0.01757312285 0)
(0.16 0.01757312285 0)
(0.165 0.01757312285 0)
(0.17 0.01757312285 0)
(0.175 0.01757312285 0)
(0.18 0.01757312285 0)
(0.185 0.01757312285 0)
(0.19 0.01757312285 0)
(0.195 0.01757312285 0)
(0.2 0.01757312285 0)
(0.205 0.01757312285 0)
(0.21 0.01757312285 0)
(0.215 0.01757312285 0)
(0.22 0.01757312285 0)
(0.225 0.01757312285 0)
(0.23 0.01757312285 0)
(0.235 0.01757312285 0)
(0.24 0.01757312285 0)
(0.245 0.01757312285 0)
(0.25 0.01757312285 0)
(0.255 0.01757312285 0)
(0.26 0.01757312285 0)
(0.265 0.01757312285 0)
(0.27 0.01757312285 0)
(0.275 0.01757312285 0)
(0.28 0.01757312285 0)
(0.285 0.01757312285 0)
(0.29 0.01757312285 0)
(0.295 0.01757312285 0)
(0.3 0.01757312285 0)
(0.305 0.01757312285 0)
(0.31 0.01757312285 0)
(0.315 0.01757312285 0)
(0.32 0.01757312285 0)
(0.325 0.01757312285 0)
(0.33 0.01757312285 0)
(0.335 0.01757312285 0)
(0.34 0.01757312285 0)
(0.345 0.01757312285 0)
(0.35 0.01757312285 0)
(0.355 0.01757312285 0)
(0.36 0.01757312285 0)
(0.365 0.01757312285 0)
(0.37 0.01757312285 0)
(0.375 0.01757312285 0)
(0.38 0.01757312285 0)
(0.385 0.01757312285 0)
(0.39 0.01757312285 0)
(0.395 0.01757312285 0)
(0.4 0.01757312285 0)
(0.405 0.01757312285 0)
(0.41 0.01757312285 0)
(0.415 0.01757312285 0)
(0.42 0.01757312285 0)
(0.425 0.01757312285 0)
(0.43 0.01757312285 0)
(0.435 0.01757312285 0)
(0.44 0.01757312285 0)
(0.445 0.01757312285 0)
(0.45 0.01757312285 0)
(0.455 0.01757312285 0)
(0.46 0.01757312285 0)
(0.465 0.01757312285 0)
(0.47 0.01757312285 0)
(0.475 0.01757312285 0)
(0.48 0.01757312285 0)
(0.485 0.01757312285 0)
(0.49 0.01757312285 0)
(0.495 0.01757312285 0)
(0.5 0.01757312285 0)
(0.505 0.01757312285 0)
(0.51 0.01757312285 0)
(0.515 0.01757312285 0)
(0.52 0.01757312285 0)
(0.525 0.01757312285 0)
(0.53 0.01757312285 0)
(0.535 0.01757312285 0)
(0.54 0.01757312285 0)
(0.545 0.01757312285 0)
(0.55 0.01757312285 0)
(0.555 0.01757312285 0)
(0.56 0.01757312285 0)
(0.565 0.01757312285 0)
(0.57 0.01757312285 0)
(0.575 0.01757312285 0)
(0.58 0.01757312285 0)
(0.585 0.01757312285 0)
(0.59 0.01757312285 0)
(0.595 0.01757312285 0)
(0.6 0.01757312285 0)
(0.605 0.01757312285 0)
(0.61 0.01757312285 0)
(0.615 0.01757312285 0)
(0.62 0.01757312285 0)
(0.625 0.01757312285 0)
(0.63 0.01757312285 0)
(0.635 0.01757312285 0)
(0.64 0.01757312285 0)
(0.645 0.01757312285 0)
(0.65 0.01757312285 0)
(0.655 0.01757312285 0)
(0.66 0.01757312285 0)
(0.665 0.01757312285 0)
(0.67 0.01757312285 0)
(0.675 0.01757312285 0)
(0.68 0.01757312285 0)
(0.685 0.01757312285 0)
(0.69 0.01757312285 0)
(0.695 0.01757312285 0)
(0.7 0.01757312285 0)
(0.705 0.01757312285 0)
(0.71 0.01757312285 0)
(0.715 0.01757312285 0)
(0.72 0.01757312285 0)
(0.725 0.01757312285 0)
(0.73 0.01757312285 0)
(0.735 0.01757312285 0)
(0.74 0.01757312285 0)
(0.745 0.01757312285 0)
(0.75 0.01757312285 0)
(0.755 0.01757312285 0)
(0.76 0.01757312285 0)
(0.765 0.01757312285 0)
(0.77 0.01757312285 0)
(0.775 0.01757312285 0)
(0.78 0.01757312285 0)
(0.785 0.01757312285 0)
(0.79 0.01757312285 0)
(0.795 0.01757312285 0)
(0.8 0.01757312285 0)
(0.805 0.01757312285 0)
(0.81 0.01757312285 0)
(0.815 0.01757312285 0)
(0.82 0.01757312285 0)
(0.825 0.01757312285 0)
(0.83 0.01757312285 0)
(0.835 0.01757312285 0)
(0.84 0.01757312285 0)
(0.845 0.01757312285 0)
(0.85 0.01757312285 0)
(0.855 0.01757312285 0)
(0.86 0.01757312285 0)
(0.865 0.01757312285 0)
(0.87 0.01757312285 0)
(0.875 0.01757312285 0)
(0.88 0.01757312285 0)
(0.885 0.01757312285 0)
(0.89 0.01757312285 0)
(0.895 0.01757312285 0)
(0.9 0.01757312285 0)
(0.905 0.01757312285 0)
(0.91 0.01757312285 0)
(0.915 0.01757312285 0)
(0.92 0.01757312285 0)
(0.925 0.01757312285 0)
(0.93 0.01757312285 0)
(0.935 0.01757312285 0)
(0.94 0.01757312285 0)
(0.945 0.01757312285 0)
(0.95 0.01757312285 0)
(0.955 0.01757312285 0)
(0.96 0.01757312285 0)
(0.965 0.01757312285 0)
(0.97 0.01757312285 0)
(0.975 0.01757312285 0)
(0.98 0.01757312285 0)
(0.985 0.01757312285 0)
(0.99 0.01757312285 0)
(0.995 0.01757312285 0)
(1 0.01757312285 0)
(0.005 0.01903932958 0)
(0.01 0.01903932958 0)
(0.015 0.01903932958 0)
(0.02 0.01903932958 0)
(0.025 0.01903932958 0)
(0.03 0.01903932958 0)
(0.035 0.01903932958 0)
(0.04 0.01903932958 0)
(0.045 0.01903932958 0)
(0.05 0.01903932958 0)
(0.055 0.01903932958 0)
(0.06 0.01903932958 0)
(0.065 0.01903932958 0)
(0.07 0.01903932958 0)
(0.075 0.01903932958 0)
(0.08 0.01903932958 0)
(0.085 0.01903932958 0)
(0.09 0.01903932958 0)
(0.095 0.01903932958 0)
(0.1 0.01903932958 0)
(0.105 0.01903932958 0)
(0.11 0.01903932958 0)
(0.115 0.01903932958 0)
(0.12 0.01903932958 0)
(0.125 0.01903932958 0)
(0.13 0.01903932958 0)
(0.135 0.01903932958 0)
(0.14 0.01903932958 0)
(0.145 0.01903932958 0)
(0.15 0.01903932958 0)
(0.155 0.01903932958 0)
(0.16 0.01903932958 0)
(0.165 0.01903932958 0)
(0.17 0.01903932958 0)
(0.175 0.01903932958 0)
(0.18 0.01903932958 0)
(0.185 0.01903932958 0)
(0.19 0.01903932958 0)
(0.195 0.01903932958 0)
(0.2 0.01903932958 0)
(0.205 0.01903932958 0)
(0.21 0.01903932958 0)
(0.215 0.01903932958 0)
(0.22 0.01903932958 0)
(0.225 0.01903932958 0)
(0.23 0.01903932958 0)
(0.235 0.01903932958 0)
(0.24 0.01903932958 0)
(0.245 0.01903932958 0)
(0.25 0.01903932958 0)
(0.255 0.01903932958 0)
(0.26 0.01903932958 0)
(0.265 0.01903932958 0)
(0.27 0.01903932958 0)
(0.275 0.01903932958 0)
(0.28 0.01903932958 0)
(0.285 0.01903932958 0)
(0.29 0.01903932958 0)
(0.295 0.01903932958 0)
(0.3 0.01903932958 0)
(0.305 0.01903932958 0)
(0.31 0.01903932958 0)
(0.315 0.01903932958 0)
(0.32 0.01903932958 0)
(0.325 0.01903932958 0)
(0.33 0.01903932958 0)
(0.335 0.01903932958 0)
(0.34 0.01903932958 0)
(0.345 0.01903932958 0)
(0.35 0.01903932958 0)
(0.355 0.01903932958 0)
(0.36 0.01903932958 0)
(0.365 0.01903932958 0)
(0.37 0.01903932958 0)
(0.375 0.01903932958 0)
(0.38 0.01903932958 0)
(0.385 0.01903932958 0)
(0.39 0.01903932958 0)
(0.395 0.01903932958 0)
(0.4 0.01903932958 0)
(0.405 0.01903932958 0)
(0.41 0.01903932958 0)
(0.415 0.01903932958 0)
(0.42 0.01903932958 0)
(0.425 0.01903932958 0)
(0.43 0.01903932958 0)
(0.435 0.01903932958 0)
(0.44 0.01903932958 0)
(0.445 0.01903932958 0)
(0.45 0.01903932958 0)
(0.455 0.01903932958 0)
(0.46 0.01903932958 0)
(0.465 0.01903932958 0)
(0.47 0.01903932958 0)
(0.475 0.01903932958 0)
(0.48 0.01903932958 0)
(0.485 0.01903932958 0)
(0.49 0.01903932958 0)
(0.495 0.01903932958 0)
(0.5 0.01903932958 0)
(0.505 0.01903932958 0)
(0.51 0.01903932958 0)
(0.515 0.01903932958 0)
(0.52 0.01903932958 0)
(0.525 0.01903932958 0)
(0.53 0.01903932958 0)
(0.535 0.01903932958 0)
(0.54 0.01903932958 0)
(0.545 0.01903932958 0)
(0.55 0.01903932958 0)
(0.555 0.01903932958 0)
(0.56 0.01903932958 0)
(0.565 0.01903932958 0)
(0.57 0.01903932958 0)
(0.575 0.01903932958 0)
(0.58 0.01903932958 0)
(0.585 0.01903932958 0)
(0.59 0.01903932958 0)
(0.595 0.01903932958 0)
(0.6 0.01903932958 0)
(0.605 0.01903932958 0)
(0.61 0.01903932958 0)
(0.615 0.01903932958 0)
(0.62 0.01903932958 0)
(0.625 0.01903932958 0)
(0.63 0.01903932958 0)
(0.635 0.01903932958 0)
(0.64 0.01903932958 0)
(0.645 0.01903932958 0)
(0.65 0.01903932958 0)
(0.655 0.01903932958 0)
(0.66 0.01903932958 0)
(0.665 0.01903932958 0)
(0.67 0.01903932958 0)
(0.675 0.01903932958 0)
(0.68 0.01903932958 0)
(0.685 0.01903932958 0)
(0.69 0.01903932958 0)
(0.695 0.01903932958 0)
(0.7 0.01903932958 0)
(0.705 0.01903932958 0)
(0.71 0.01903932958 0)
(0.715 0.01903932958 0)
(0.72 0.01903932958 0)
(0.725 0.01903932958 0)
(0.73 0.01903932958 0)
(0.735 0.01903932958 0)
(0.74 0.01903932958 0)
(0.745 0.01903932958 0)
(0.75 0.01903932958 0)
(0.755 0.01903932958 0)
(0.76 0.01903932958 0)
(0.765 0.01903932958 0)
(0.77 0.01903932958 0)
(0.775 0.01903932958 0)
(0.78 0.01903932958 0)
(0.785 0.01903932958 0)
(0.79 0.01903932958 0)
(0.795 0.01903932958 0)
(0.8 0.01903932958 0)
(0.805 0.01903932958 0)
(0.81 0.01903932958 0)
(0.815 0.01903932958 0)
(0.82 0.01903932958 0)
(0.825 0.01903932958 0)
(0.83 0.01903932958 0)
(0.835 0.01903932958 0)
(0.84 0.01903932958 0)
(0.845 0.01903932958 0)
(0.85 0.01903932958 0)
(0.855 0.01903932958 0)
(0.86 0.01903932958 0)
(0.865 0.01903932958 0)
(0.87 0.01903932958 0)
(0.875 0.01903932958 0)
(0.88 0.01903932958 0)
(0.885 0.01903932958 0)
(0.89 0.01903932958 0)
(0.895 0.01903932958 0)
(0.9 0.01903932958 0)
(0.905 0.01903932958 0)
(0.91 0.01903932958 0)
(0.915 0.01903932958 0)
(0.92 0.01903932958 0)
(0.925 0.01903932958 0)
(0.93 0.01903932958 0)
(0.935 0.01903932958 0)
(0.94 0.01903932958 0)
(0.945 0.01903932958 0)
(0.95 0.01903932958 0)
(0.955 0.01903932958 0)
(0.96 0.01903932958 0)
(0.965 0.01903932958 0)
(0.97 0.01903932958 0)
(0.975 0.01903932958 0)
(0.98 0.01903932958 0)
(0.985 0.01903932958 0)
(0.99 0.01903932958 0)
(0.995 0.01903932958 0)
(1 0.01903932958 0)
(0.005 0.0206060493 0)
(0.01 0.0206060493 0)
(0.015 0.0206060493 0)
(0.02 0.0206060493 0)
(0.025 0.0206060493 0)
(0.03 0.0206060493 0)
(0.035 0.0206060493 0)
(0.04 0.0206060493 0)
(0.045 0.0206060493 0)
(0.05 0.0206060493 0)
(0.055 0.0206060493 0)
(0.06 0.0206060493 0)
(0.065 0.0206060493 0)
(0.07 0.0206060493 0)
(0.075 0.0206060493 0)
(0.08 0.0206060493 0)
(0.085 0.0206060493 0)
(0.09 0.0206060493 0)
(0.095 0.0206060493 0)
(0.1 0.0206060493 0)
(0.105 0.0206060493 0)
(0.11 0.0206060493 0)
(0.115 0.0206060493 0)
(0.12 0.0206060493 0)
(0.125 0.0206060493 0)
(0.13 0.0206060493 0)
(0.135 0.0206060493 0)
(0.14 0.0206060493 0)
(0.145 0.0206060493 0)
(0.15 0.0206060493 0)
(0.155 0.0206060493 0)
(0.16 0.0206060493 0)
(0.165 0.0206060493 0)
(0.17 0.0206060493 0)
(0.175 0.0206060493 0)
(0.18 0.0206060493 0)
(0.185 0.0206060493 0)
(0.19 0.0206060493 0)
(0.195 0.0206060493 0)
(0.2 0.0206060493 0)
(0.205 0.0206060493 0)
(0.21 0.0206060493 0)
(0.215 0.0206060493 0)
(0.22 0.0206060493 0)
(0.225 0.0206060493 0)
(0.23 0.0206060493 0)
(0.235 0.0206060493 0)
(0.24 0.0206060493 0)
(0.245 0.0206060493 0)
(0.25 0.0206060493 0)
(0.255 0.0206060493 0)
(0.26 0.0206060493 0)
(0.265 0.0206060493 0)
(0.27 0.0206060493 0)
(0.275 0.0206060493 0)
(0.28 0.0206060493 0)
(0.285 0.0206060493 0)
(0.29 0.0206060493 0)
(0.295 0.0206060493 0)
(0.3 0.0206060493 0)
(0.305 0.0206060493 0)
(0.31 0.0206060493 0)
(0.315 0.0206060493 0)
(0.32 0.0206060493 0)
(0.325 0.0206060493 0)
(0.33 0.0206060493 0)
(0.335 0.0206060493 0)
(0.34 0.0206060493 0)
(0.345 0.0206060493 0)
(0.35 0.0206060493 0)
(0.355 0.0206060493 0)
(0.36 0.0206060493 0)
(0.365 0.0206060493 0)
(0.37 0.0206060493 0)
(0.375 0.0206060493 0)
(0.38 0.0206060493 0)
(0.385 0.0206060493 0)
(0.39 0.0206060493 0)
(0.395 0.0206060493 0)
(0.4 0.0206060493 0)
(0.405 0.0206060493 0)
(0.41 0.0206060493 0)
(0.415 0.0206060493 0)
(0.42 0.0206060493 0)
(0.425 0.0206060493 0)
(0.43 0.0206060493 0)
(0.435 0.0206060493 0)
(0.44 0.0206060493 0)
(0.445 0.0206060493 0)
(0.45 0.0206060493 0)
(0.455 0.0206060493 0)
(0.46 0.0206060493 0)
(0.465 0.0206060493 0)
(0.47 0.0206060493 0)
(0.475 0.0206060493 0)
(0.48 0.0206060493 0)
(0.485 0.0206060493 0)
(0.49 0.0206060493 0)
(0.495 0.0206060493 0)
(0.5 0.0206060493 0)
(0.505 0.0206060493 0)
(0.51 0.0206060493 0)
(0.515 0.0206060493 0)
(0.52 0.0206060493 0)
(0.525 0.0206060493 0)
(0.53 0.0206060493 0)
(0.535 0.0206060493 0)
(0.54 0.0206060493 0)
(0.545 0.0206060493 0)
(0.55 0.0206060493 0)
(0.555 0.0206060493 0)
(0.56 0.0206060493 0)
(0.565 0.0206060493 0)
(0.57 0.0206060493 0)
(0.575 0.0206060493 0)
(0.58 0.0206060493 0)
(0.585 0.0206060493 0)
(0.59 0.0206060493 0)
(0.595 0.0206060493 0)
(0.6 0.0206060493 0)
(0.605 0.0206060493 0)
(0.61 0.0206060493 0)
(0.615 0.0206060493 0)
(0.62 0.0206060493 0)
(0.625 0.0206060493 0)
(0.63 0.0206060493 0)
(0.635 0.0206060493 0)
(0.64 0.0206060493 0)
(0.645 0.0206060493 0)
(0.65 0.0206060493 0)
(0.655 0.0206060493 0)
(0.66 0.0206060493 0)
(0.665 0.0206060493 0)
(0.67 0.0206060493 0)
(0.675 0.0206060493 0)
(0.68 0.0206060493 0)
(0.685 0.0206060493 0)
(0.69 0.0206060493 0)
(0.695 0.0206060493 0)
(0.7 0.0206060493 0)
(0.705 0.0206060493 0)
(0.71 0.0206060493 0)
(0.715 0.0206060493 0)
(0.72 0.0206060493 0)
(0.725 0.0206060493 0)
(0.73 0.0206060493 0)
(0.735 0.0206060493 0)
(0.74 0.0206060493 0)
(0.745 0.0206060493 0)
(0.75 0.0206060493 0)
(0.755 0.0206060493 0)
(0.76 0.0206060493 0)
(0.765 0.0206060493 0)
(0.77 0.0206060493 0)
(0.775 0.0206060493 0)
(0.78 0.0206060493 0)
(0.785 0.0206060493 0)
(0.79 0.0206060493 0)
(0.795 0.0206060493 0)
(0.8 0.0206060493 0)
(0.805 0.0206060493 0)
(0.81 0.0206060493 0)
(0.815 0.0206060493 0)
(0.82 0.0206060493 0)
(0.825 0.0206060493 0)
(0.83 0.0206060493 0)
(0.835 0.0206060493 0)
(0.84 0.0206060493 0)
(0.845 0.0206060493 0)
(0.85 0.0206060493 0)
(0.855 0.0206060493 0)
(0.86 0.0206060493 0)
(0.865 0.0206060493 0)
(0.87 0.0206060493 0)
(0.875 0.0206060493 0)
(0.88 0.0206060493 0)
(0.885 0.0206060493 0)
(0.89 0.0206060493 0)
(0.895 0.0206060493 0)
(0.9 0.0206060493 0)
(0.905 0.0206060493 0)
(0.91 0.0206060493 0)
(0.915 0.0206060493 0)
(0.92 0.0206060493 0)
(0.925 0.0206060493 0)
(0.93 0.0206060493 0)
(0.935 0.0206060493 0)
(0.94 0.0206060493 0)
(0.945 0.0206060493 0)
(0.95 0.0206060493 0)
(0.955 0.0206060493 0)
(0.96 0.0206060493 0)
(0.965 0.0206060493 0)
(0.97 0.0206060493 0)
(0.975 0.0206060493 0)
(0.98 0.0206060493 0)
(0.985 0.0206060493 0)
(0.99 0.0206060493 0)
(0.995 0.0206060493 0)
(1 0.0206060493 0)
(0.005 0.02228017248 0)
(0.01 0.02228017248 0)
(0.015 0.02228017248 0)
(0.02 0.02228017248 0)
(0.025 0.02228017248 0)
(0.03 0.02228017248 0)
(0.035 0.02228017248 0)
(0.04 0.02228017248 0)
(0.045 0.02228017248 0)
(0.05 0.02228017248 0)
(0.055 0.02228017248 0)
(0.06 0.02228017248 0)
(0.065 0.02228017248 0)
(0.07 0.02228017248 0)
(0.075 0.02228017248 0)
(0.08 0.02228017248 0)
(0.085 0.02228017248 0)
(0.09 0.02228017248 0)
(0.095 0.02228017248 0)
(0.1 0.02228017248 0)
(0.105 0.02228017248 0)
(0.11 0.02228017248 0)
(0.115 0.02228017248 0)
(0.12 0.02228017248 0)
(0.125 0.02228017248 0)
(0.13 0.02228017248 0)
(0.135 0.02228017248 0)
(0.14 0.02228017248 0)
(0.145 0.02228017248 0)
(0.15 0.02228017248 0)
(0.155 0.02228017248 0)
(0.16 0.02228017248 0)
(0.165 0.02228017248 0)
(0.17 0.02228017248 0)
(0.175 0.02228017248 0)
(0.18 0.02228017248 0)
(0.185 0.02228017248 0)
(0.19 0.02228017248 0)
(0.195 0.02228017248 0)
(0.2 0.02228017248 0)
(0.205 0.02228017248 0)
(0.21 0.02228017248 0)
(0.215 0.02228017248 0)
(0.22 0.02228017248 0)
(0.225 0.02228017248 0)
(0.23 0.02228017248 0)
(0.235 0.02228017248 0)
(0.24 0.02228017248 0)
(0.245 0.02228017248 0)
(0.25 0.02228017248 0)
(0.255 0.02228017248 0)
(0.26 0.02228017248 0)
(0.265 0.02228017248 0)
(0.27 0.02228017248 0)
(0.275 0.02228017248 0)
(0.28 0.02228017248 0)
(0.285 0.02228017248 0)
(0.29 0.02228017248 0)
(0.295 0.02228017248 0)
(0.3 0.02228017248 0)
(0.305 0.02228017248 0)
(0.31 0.02228017248 0)
(0.315 0.02228017248 0)
(0.32 0.02228017248 0)
(0.325 0.02228017248 0)
(0.33 0.02228017248 0)
(0.335 0.02228017248 0)
(0.34 0.02228017248 0)
(0.345 0.02228017248 0)
(0.35 0.02228017248 0)
(0.355 0.02228017248 0)
(0.36 0.02228017248 0)
(0.365 0.02228017248 0)
(0.37 0.02228017248 0)
(0.375 0.02228017248 0)
(0.38 0.02228017248 0)
(0.385 0.02228017248 0)
(0.39 0.02228017248 0)
(0.395 0.02228017248 0)
(0.4 0.02228017248 0)
(0.405 0.02228017248 0)
(0.41 0.02228017248 0)
(0.415 0.02228017248 0)
(0.42 0.02228017248 0)
(0.425 0.02228017248 0)
(0.43 0.02228017248 0)
(0.435 0.02228017248 0)
(0.44 0.02228017248 0)
(0.445 0.02228017248 0)
(0.45 0.02228017248 0)
(0.455 0.02228017248 0)
(0.46 0.02228017248 0)
(0.465 0.02228017248 0)
(0.47 0.02228017248 0)
(0.475 0.02228017248 0)
(0.48 0.02228017248 0)
(0.485 0.02228017248 0)
(0.49 0.02228017248 0)
(0.495 0.02228017248 0)
(0.5 0.02228017248 0)
(0.505 0.02228017248 0)
(0.51 0.02228017248 0)
(0.515 0.02228017248 0)
(0.52 0.02228017248 0)
(0.525 0.02228017248 0)
(0.53 0.02228017248 0)
(0.535 0.02228017248 0)
(0.54 0.02228017248 0)
(0.545 0.02228017248 0)
(0.55 0.02228017248 0)
(0.555 0.02228017248 0)
(0.56 0.02228017248 0)
(0.565 0.02228017248 0)
(0.57 0.02228017248 0)
(0.575 0.02228017248 0)
(0.58 0.02228017248 0)
(0.585 0.02228017248 0)
(0.59 0.02228017248 0)
(0.595 0.02228017248 0)
(0.6 0.02228017248 0)
(0.605 0.02228017248 0)
(0.61 0.02228017248 0)
(0.615 0.02228017248 0)
(0.62 0.02228017248 0)
(0.625 0.02228017248 0)
(0.63 0.02228017248 0)
(0.635 0.02228017248 0)
(0.64 0.02228017248 0)
(0.645 0.02228017248 0)
(0.65 0.02228017248 0)
(0.655 0.02228017248 0)
(0.66 0.02228017248 0)
(0.665 0.02228017248 0)
(0.67 0.02228017248 0)
(0.675 0.02228017248 0)
(0.68 0.02228017248 0)
(0.685 0.02228017248 0)
(0.69 0.02228017248 0)
(0.695 0.02228017248 0)
(0.7 0.02228017248 0)
(0.705 0.02228017248 0)
(0.71 0.02228017248 0)
(0.715 0.02228017248 0)
(0.72 0.02228017248 0)
(0.725 0.02228017248 0)
(0.73 0.02228017248 0)
(0.735 0.02228017248 0)
(0.74 0.02228017248 0)
(0.745 0.02228017248 0)
(0.75 0.02228017248 0)
(0.755 0.02228017248 0)
(0.76 0.02228017248 0)
(0.765 0.02228017248 0)
(0.77 0.02228017248 0)
(0.775 0.02228017248 0)
(0.78 0.02228017248 0)
(0.785 0.02228017248 0)
(0.79 0.02228017248 0)
(0.795 0.02228017248 0)
(0.8 0.02228017248 0)
(0.805 0.02228017248 0)
(0.81 0.02228017248 0)
(0.815 0.02228017248 0)
(0.82 0.02228017248 0)
(0.825 0.02228017248 0)
(0.83 0.02228017248 0)
(0.835 0.02228017248 0)
(0.84 0.02228017248 0)
(0.845 0.02228017248 0)
(0.85 0.02228017248 0)
(0.855 0.02228017248 0)
(0.86 0.02228017248 0)
(0.865 0.02228017248 0)
(0.87 0.02228017248 0)
(0.875 0.02228017248 0)
(0.88 0.02228017248 0)
(0.885 0.02228017248 0)
(0.89 0.02228017248 0)
(0.895 0.02228017248 0)
(0.9 0.02228017248 0)
(0.905 0.02228017248 0)
(0.91 0.02228017248 0)
(0.915 0.02228017248 0)
(0.92 0.02228017248 0)
(0.925 0.02228017248 0)
(0.93 0.02228017248 0)
(0.935 0.02228017248 0)
(0.94 0.02228017248 0)
(0.945 0.02228017248 0)
(0.95 0.02228017248 0)
(0.955 0.02228017248 0)
(0.96 0.02228017248 0)
(0.965 0.02228017248 0)
(0.97 0.02228017248 0)
(0.975 0.02228017248 0)
(0.98 0.02228017248 0)
(0.985 0.02228017248 0)
(0.99 0.02228017248 0)
(0.995 0.02228017248 0)
(1 0.02228017248 0)
(0.005 0.02406906198 0)
(0.01 0.02406906198 0)
(0.015 0.02406906198 0)
(0.02 0.02406906198 0)
(0.025 0.02406906198 0)
(0.03 0.02406906198 0)
(0.035 0.02406906198 0)
(0.04 0.02406906198 0)
(0.045 0.02406906198 0)
(0.05 0.02406906198 0)
(0.055 0.02406906198 0)
(0.06 0.02406906198 0)
(0.065 0.02406906198 0)
(0.07 0.02406906198 0)
(0.075 0.02406906198 0)
(0.08 0.02406906198 0)
(0.085 0.02406906198 0)
(0.09 0.02406906198 0)
(0.095 0.02406906198 0)
(0.1 0.02406906198 0)
(0.105 0.02406906198 0)
(0.11 0.02406906198 0)
(0.115 0.02406906198 0)
(0.12 0.02406906198 0)
(0.125 0.02406906198 0)
(0.13 0.02406906198 0)
(0.135 0.02406906198 0)
(0.14 0.02406906198 0)
(0.145 0.02406906198 0)
(0.15 0.02406906198 0)
(0.155 0.02406906198 0)
(0.16 0.02406906198 0)
(0.165 0.02406906198 0)
(0.17 0.02406906198 0)
(0.175 0.02406906198 0)
(0.18 0.02406906198 0)
(0.185 0.02406906198 0)
(0.19 0.02406906198 0)
(0.195 0.02406906198 0)
(0.2 0.02406906198 0)
(0.205 0.02406906198 0)
(0.21 0.02406906198 0)
(0.215 0.02406906198 0)
(0.22 0.02406906198 0)
(0.225 0.02406906198 0)
(0.23 0.02406906198 0)
(0.235 0.02406906198 0)
(0.24 0.02406906198 0)
(0.245 0.02406906198 0)
(0.25 0.02406906198 0)
(0.255 0.02406906198 0)
(0.26 0.02406906198 0)
(0.265 0.02406906198 0)
(0.27 0.02406906198 0)
(0.275 0.02406906198 0)
(0.28 0.02406906198 0)
(0.285 0.02406906198 0)
(0.29 0.02406906198 0)
(0.295 0.02406906198 0)
(0.3 0.02406906198 0)
(0.305 0.02406906198 0)
(0.31 0.02406906198 0)
(0.315 0.02406906198 0)
(0.32 0.02406906198 0)
(0.325 0.02406906198 0)
(0.33 0.02406906198 0)
(0.335 0.02406906198 0)
(0.34 0.02406906198 0)
(0.345 0.02406906198 0)
(0.35 0.02406906198 0)
(0.355 0.02406906198 0)
(0.36 0.02406906198 0)
(0.365 0.02406906198 0)
(0.37 0.02406906198 0)
(0.375 0.02406906198 0)
(0.38 0.02406906198 0)
(0.385 0.02406906198 0)
(0.39 0.02406906198 0)
(0.395 0.02406906198 0)
(0.4 0.02406906198 0)
(0.405 0.02406906198 0)
(0.41 0.02406906198 0)
(0.415 0.02406906198 0)
(0.42 0.02406906198 0)
(0.425 0.02406906198 0)
(0.43 0.02406906198 0)
(0.435 0.02406906198 0)
(0.44 0.02406906198 0)
(0.445 0.02406906198 0)
(0.45 0.02406906198 0)
(0.455 0.02406906198 0)
(0.46 0.02406906198 0)
(0.465 0.02406906198 0)
(0.47 0.02406906198 0)
(0.475 0.02406906198 0)
(0.48 0.02406906198 0)
(0.485 0.02406906198 0)
(0.49 0.02406906198 0)
(0.495 0.02406906198 0)
(0.5 0.02406906198 0)
(0.505 0.02406906198 0)
(0.51 0.02406906198 0)
(0.515 0.02406906198 0)
(0.52 0.02406906198 0)
(0.525 0.02406906198 0)
(0.53 0.02406906198 0)
(0.535 0.02406906198 0)
(0.54 0.02406906198 0)
(0.545 0.02406906198 0)
(0.55 0.02406906198 0)
(0.555 0.02406906198 0)
(0.56 0.02406906198 0)
(0.565 0.02406906198 0)
(0.57 0.02406906198 0)
(0.575 0.02406906198 0)
(0.58 0.02406906198 0)
(0.585 0.02406906198 0)
(0.59 0.02406906198 0)
(0.595 0.02406906198 0)
(0.6 0.02406906198 0)
(0.605 0.02406906198 0)
(0.61 0.02406906198 0)
(0.615 0.02406906198 0)
(0.62 0.02406906198 0)
(0.625 0.02406906198 0)
(0.63 0.02406906198 0)
(0.635 0.02406906198 0)
(0.64 0.02406906198 0)
(0.645 0.02406906198 0)
(0.65 0.02406906198 0)
(0.655 0.02406906198 0)
(0.66 0.02406906198 0)
(0.665 0.02406906198 0)
(0.67 0.02406906198 0)
(0.675 0.02406906198 0)
(0.68 0.02406906198 0)
(0.685 0.02406906198 0)
(0.69 0.02406906198 0)
(0.695 0.02406906198 0)
(0.7 0.02406906198 0)
(0.705 0.02406906198 0)
(0.71 0.02406906198 0)
(0.715 0.02406906198 0)
(0.72 0.02406906198 0)
(0.725 0.02406906198 0)
(0.73 0.02406906198 0)
(0.735 0.02406906198 0)
(0.74 0.02406906198 0)
(0.745 0.02406906198 0)
(0.75 0.02406906198 0)
(0.755 0.02406906198 0)
(0.76 0.02406906198 0)
(0.765 0.02406906198 0)
(0.77 0.02406906198 0)
(0.775 0.02406906198 0)
(0.78 0.02406906198 0)
(0.785 0.02406906198 0)
(0.79 0.02406906198 0)
(0.795 0.02406906198 0)
(0.8 0.02406906198 0)
(0.805 0.02406906198 0)
(0.81 0.02406906198 0)
(0.815 0.02406906198 0)
(0.82 0.02406906198 0)
(0.825 0.02406906198 0)
(0.83 0.02406906198 0)
(0.835 0.02406906198 0)
(0.84 0.02406906198 0)
(0.845 0.02406906198 0)
(0.85 0.02406906198 0)
(0.855 0.02406906198 0)
(0.86 0.02406906198 0)
(0.865 0.02406906198 0)
(0.87 0.02406906198 0)
(0.875 0.02406906198 0)
(0.88 0.02406906198 0)
(0.885 0.02406906198 0)
(0.89 0.02406906198 0)
(0.895 0.02406906198 0)
(0.9 0.02406906198 0)
(0.905 0.02406906198 0)
(0.91 0.02406906198 0)
(0.915 0.02406906198 0)
(0.92 0.02406906198 0)
(0.925 0.02406906198 0)
(0.93 0.02406906198 0)
(0.935 0.02406906198 0)
(0.94 0.02406906198 0)
(0.945 0.02406906198 0)
(0.95 0.02406906198 0)
(0.955 0.02406906198 0)
(0.96 0.02406906198 0)
(0.965 0.02406906198 0)
(0.97 0.02406906198 0)
(0.975 0.02406906198 0)
(0.98 0.02406906198 0)
(0.985 0.02406906198 0)
(0.99 0.02406906198 0)
(0.995 0.02406906198 0)
(1 0.02406906198 0)
(0.005 0.02598058536 0)
(0.01 0.02598058536 0)
(0.015 0.02598058536 0)
(0.02 0.02598058536 0)
(0.025 0.02598058536 0)
(0.03 0.02598058536 0)
(0.035 0.02598058536 0)
(0.04 0.02598058536 0)
(0.045 0.02598058536 0)
(0.05 0.02598058536 0)
(0.055 0.02598058536 0)
(0.06 0.02598058536 0)
(0.065 0.02598058536 0)
(0.07 0.02598058536 0)
(0.075 0.02598058536 0)
(0.08 0.02598058536 0)
(0.085 0.02598058536 0)
(0.09 0.02598058536 0)
(0.095 0.02598058536 0)
(0.1 0.02598058536 0)
(0.105 0.02598058536 0)
(0.11 0.02598058536 0)
(0.115 0.02598058536 0)
(0.12 0.02598058536 0)
(0.125 0.02598058536 0)
(0.13 0.02598058536 0)
(0.135 0.02598058536 0)
(0.14 0.02598058536 0)
(0.145 0.02598058536 0)
(0.15 0.02598058536 0)
(0.155 0.02598058536 0)
(0.16 0.02598058536 0)
(0.165 0.02598058536 0)
(0.17 0.02598058536 0)
(0.175 0.02598058536 0)
(0.18 0.02598058536 0)
(0.185 0.02598058536 0)
(0.19 0.02598058536 0)
(0.195 0.02598058536 0)
(0.2 0.02598058536 0)
(0.205 0.02598058536 0)
(0.21 0.02598058536 0)
(0.215 0.02598058536 0)
(0.22 0.02598058536 0)
(0.225 0.02598058536 0)
(0.23 0.02598058536 0)
(0.235 0.02598058536 0)
(0.24 0.02598058536 0)
(0.245 0.02598058536 0)
(0.25 0.02598058536 0)
(0.255 0.02598058536 0)
(0.26 0.02598058536 0)
(0.265 0.02598058536 0)
(0.27 0.02598058536 0)
(0.275 0.02598058536 0)
(0.28 0.02598058536 0)
(0.285 0.02598058536 0)
(0.29 0.02598058536 0)
(0.295 0.02598058536 0)
(0.3 0.02598058536 0)
(0.305 0.02598058536 0)
(0.31 0.02598058536 0)
(0.315 0.02598058536 0)
(0.32 0.02598058536 0)
(0.325 0.02598058536 0)
(0.33 0.02598058536 0)
(0.335 0.02598058536 0)
(0.34 0.02598058536 0)
(0.345 0.02598058536 0)
(0.35 0.02598058536 0)
(0.355 0.02598058536 0)
(0.36 0.02598058536 0)
(0.365 0.02598058536 0)
(0.37 0.02598058536 0)
(0.375 0.02598058536 0)
(0.38 0.02598058536 0)
(0.385 0.02598058536 0)
(0.39 0.02598058536 0)
(0.395 0.02598058536 0)
(0.4 0.02598058536 0)
(0.405 0.02598058536 0)
(0.41 0.02598058536 0)
(0.415 0.02598058536 0)
(0.42 0.02598058536 0)
(0.425 0.02598058536 0)
(0.43 0.02598058536 0)
(0.435 0.02598058536 0)
(0.44 0.02598058536 0)
(0.445 0.02598058536 0)
(0.45 0.02598058536 0)
(0.455 0.02598058536 0)
(0.46 0.02598058536 0)
(0.465 0.02598058536 0)
(0.47 0.02598058536 0)
(0.475 0.02598058536 0)
(0.48 0.02598058536 0)
(0.485 0.02598058536 0)
(0.49 0.02598058536 0)
(0.495 0.02598058536 0)
(0.5 0.02598058536 0)
(0.505 0.02598058536 0)
(0.51 0.02598058536 0)
(0.515 0.02598058536 0)
(0.52 0.02598058536 0)
(0.525 0.02598058536 0)
(0.53 0.02598058536 0)
(0.535 0.02598058536 0)
(0.54 0.02598058536 0)
(0.545 0.02598058536 0)
(0.55 0.02598058536 0)
(0.555 0.02598058536 0)
(0.56 0.02598058536 0)
(0.565 0.02598058536 0)
(0.57 0.02598058536 0)
(0.575 0.02598058536 0)
(0.58 0.02598058536 0)
(0.585 0.02598058536 0)
(0.59 0.02598058536 0)
(0.595 0.02598058536 0)
(0.6 0.02598058536 0)
(0.605 0.02598058536 0)
(0.61 0.02598058536 0)
(0.615 0.02598058536 0)
(0.62 0.02598058536 0)
(0.625 0.02598058536 0)
(0.63 0.02598058536 0)
(0.635 0.02598058536 0)
(0.64 0.02598058536 0)
(0.645 0.02598058536 0)
(0.65 0.02598058536 0)
(0.655 0.02598058536 0)
(0.66 0.02598058536 0)
(0.665 0.02598058536 0)
(0.67 0.02598058536 0)
(0.675 0.02598058536 0)
(0.68 0.02598058536 0)
(0.685 0.02598058536 0)
(0.69 0.02598058536 0)
(0.695 0.02598058536 0)
(0.7 0.02598058536 0)
(0.705 0.02598058536 0)
(0.71 0.02598058536 0)
(0.715 0.02598058536 0)
(0.72 0.02598058536 0)
(0.725 0.02598058536 0)
(0.73 0.02598058536 0)
(0.735 0.02598058536 0)
(0.74 0.02598058536 0)
(0.745 0.02598058536 0)
(0.75 0.02598058536 0)
(0.755 0.02598058536 0)
(0.76 0.02598058536 0)
(0.765 0.02598058536 0)
(0.77 0.02598058536 0)
(0.775 0.02598058536 0)
(0.78 0.02598058536 0)
(0.785 0.02598058536 0)
(0.79 0.02598058536 0)
(0.795 0.02598058536 0)
(0.8 0.02598058536 0)
(0.805 0.02598058536 0)
(0.81 0.02598058536 0)
(0.815 0.02598058536 0)
(0.82 0.02598058536 0)
(0.825 0.02598058536 0)
(0.83 0.02598058536 0)
(0.835 0.02598058536 0)
(0.84 0.02598058536 0)
(0.845 0.02598058536 0)
(0.85 0.02598058536 0)
(0.855 0.02598058536 0)
(0.86 0.02598058536 0)
(0.865 0.02598058536 0)
(0.87 0.02598058536 0)
(0.875 0.02598058536 0)
(0.88 0.02598058536 0)
(0.885 0.02598058536 0)
(0.89 0.02598058536 0)
(0.895 0.02598058536 0)
(0.9 0.02598058536 0)
(0.905 0.02598058536 0)
(0.91 0.02598058536 0)
(0.915 0.02598058536 0)
(0.92 0.02598058536 0)
(0.925 0.02598058536 0)
(0.93 0.02598058536 0)
(0.935 0.02598058536 0)
(0.94 0.02598058536 0)
(0.945 0.02598058536 0)
(0.95 0.02598058536 0)
(0.955 0.02598058536 0)
(0.96 0.02598058536 0)
(0.965 0.02598058536 0)
(0.97 0.02598058536 0)
(0.975 0.02598058536 0)
(0.98 0.02598058536 0)
(0.985 0.02598058536 0)
(0.99 0.02598058536 0)
(0.995 0.02598058536 0)
(1 0.02598058536 0)
(0.005 0.02802314956 0)
(0.01 0.02802314956 0)
(0.015 0.02802314956 0)
(0.02 0.02802314956 0)
(0.025 0.02802314956 0)
(0.03 0.02802314956 0)
(0.035 0.02802314956 0)
(0.04 0.02802314956 0)
(0.045 0.02802314956 0)
(0.05 0.02802314956 0)
(0.055 0.02802314956 0)
(0.06 0.02802314956 0)
(0.065 0.02802314956 0)
(0.07 0.02802314956 0)
(0.075 0.02802314956 0)
(0.08 0.02802314956 0)
(0.085 0.02802314956 0)
(0.09 0.02802314956 0)
(0.095 0.02802314956 0)
(0.1 0.02802314956 0)
(0.105 0.02802314956 0)
(0.11 0.02802314956 0)
(0.115 0.02802314956 0)
(0.12 0.02802314956 0)
(0.125 0.02802314956 0)
(0.13 0.02802314956 0)
(0.135 0.02802314956 0)
(0.14 0.02802314956 0)
(0.145 0.02802314956 0)
(0.15 0.02802314956 0)
(0.155 0.02802314956 0)
(0.16 0.02802314956 0)
(0.165 0.02802314956 0)
(0.17 0.02802314956 0)
(0.175 0.02802314956 0)
(0.18 0.02802314956 0)
(0.185 0.02802314956 0)
(0.19 0.02802314956 0)
(0.195 0.02802314956 0)
(0.2 0.02802314956 0)
(0.205 0.02802314956 0)
(0.21 0.02802314956 0)
(0.215 0.02802314956 0)
(0.22 0.02802314956 0)
(0.225 0.02802314956 0)
(0.23 0.02802314956 0)
(0.235 0.02802314956 0)
(0.24 0.02802314956 0)
(0.245 0.02802314956 0)
(0.25 0.02802314956 0)
(0.255 0.02802314956 0)
(0.26 0.02802314956 0)
(0.265 0.02802314956 0)
(0.27 0.02802314956 0)
(0.275 0.02802314956 0)
(0.28 0.02802314956 0)
(0.285 0.02802314956 0)
(0.29 0.02802314956 0)
(0.295 0.02802314956 0)
(0.3 0.02802314956 0)
(0.305 0.02802314956 0)
(0.31 0.02802314956 0)
(0.315 0.02802314956 0)
(0.32 0.02802314956 0)
(0.325 0.02802314956 0)
(0.33 0.02802314956 0)
(0.335 0.02802314956 0)
(0.34 0.02802314956 0)
(0.345 0.02802314956 0)
(0.35 0.02802314956 0)
(0.355 0.02802314956 0)
(0.36 0.02802314956 0)
(0.365 0.02802314956 0)
(0.37 0.02802314956 0)
(0.375 0.02802314956 0)
(0.38 0.02802314956 0)
(0.385 0.02802314956 0)
(0.39 0.02802314956 0)
(0.395 0.02802314956 0)
(0.4 0.02802314956 0)
(0.405 0.02802314956 0)
(0.41 0.02802314956 0)
(0.415 0.02802314956 0)
(0.42 0.02802314956 0)
(0.425 0.02802314956 0)
(0.43 0.02802314956 0)
(0.435 0.02802314956 0)
(0.44 0.02802314956 0)
(0.445 0.02802314956 0)
(0.45 0.02802314956 0)
(0.455 0.02802314956 0)
(0.46 0.02802314956 0)
(0.465 0.02802314956 0)
(0.47 0.02802314956 0)
(0.475 0.02802314956 0)
(0.48 0.02802314956 0)
(0.485 0.02802314956 0)
(0.49 0.02802314956 0)
(0.495 0.02802314956 0)
(0.5 0.02802314956 0)
(0.505 0.02802314956 0)
(0.51 0.02802314956 0)
(0.515 0.02802314956 0)
(0.52 0.02802314956 0)
(0.525 0.02802314956 0)
(0.53 0.02802314956 0)
(0.535 0.02802314956 0)
(0.54 0.02802314956 0)
(0.545 0.02802314956 0)
(0.55 0.02802314956 0)
(0.555 0.02802314956 0)
(0.56 0.02802314956 0)
(0.565 0.02802314956 0)
(0.57 0.02802314956 0)
(0.575 0.02802314956 0)
(0.58 0.02802314956 0)
(0.585 0.02802314956 0)
(0.59 0.02802314956 0)
(0.595 0.02802314956 0)
(0.6 0.02802314956 0)
(0.605 0.02802314956 0)
(0.61 0.02802314956 0)
(0.615 0.02802314956 0)
(0.62 0.02802314956 0)
(0.625 0.02802314956 0)
(0.63 0.02802314956 0)
(0.635 0.02802314956 0)
(0.64 0.02802314956 0)
(0.645 0.02802314956 0)
(0.65 0.02802314956 0)
(0.655 0.02802314956 0)
(0.66 0.02802314956 0)
(0.665 0.02802314956 0)
(0.67 0.02802314956 0)
(0.675 0.02802314956 0)
(0.68 0.02802314956 0)
(0.685 0.02802314956 0)
(0.69 0.02802314956 0)
(0.695 0.02802314956 0)
(0.7 0.02802314956 0)
(0.705 0.02802314956 0)
(0.71 0.02802314956 0)
(0.715 0.02802314956 0)
(0.72 0.02802314956 0)
(0.725 0.02802314956 0)
(0.73 0.02802314956 0)
(0.735 0.02802314956 0)
(0.74 0.02802314956 0)
(0.745 0.02802314956 0)
(0.75 0.02802314956 0)
(0.755 0.02802314956 0)
(0.76 0.02802314956 0)
(0.765 0.02802314956 0)
(0.77 0.02802314956 0)
(0.775 0.02802314956 0)
(0.78 0.02802314956 0)
(0.785 0.02802314956 0)
(0.79 0.02802314956 0)
(0.795 0.02802314956 0)
(0.8 0.02802314956 0)
(0.805 0.02802314956 0)
(0.81 0.02802314956 0)
(0.815 0.02802314956 0)
(0.82 0.02802314956 0)
(0.825 0.02802314956 0)
(0.83 0.02802314956 0)
(0.835 0.02802314956 0)
(0.84 0.02802314956 0)
(0.845 0.02802314956 0)
(0.85 0.02802314956 0)
(0.855 0.02802314956 0)
(0.86 0.02802314956 0)
(0.865 0.02802314956 0)
(0.87 0.02802314956 0)
(0.875 0.02802314956 0)
(0.88 0.02802314956 0)
(0.885 0.02802314956 0)
(0.89 0.02802314956 0)
(0.895 0.02802314956 0)
(0.9 0.02802314956 0)
(0.905 0.02802314956 0)
(0.91 0.02802314956 0)
(0.915 0.02802314956 0)
(0.92 0.02802314956 0)
(0.925 0.02802314956 0)
(0.93 0.02802314956 0)
(0.935 0.02802314956 0)
(0.94 0.02802314956 0)
(0.945 0.02802314956 0)
(0.95 0.02802314956 0)
(0.955 0.02802314956 0)
(0.96 0.02802314956 0)
(0.965 0.02802314956 0)
(0.97 0.02802314956 0)
(0.975 0.02802314956 0)
(0.98 0.02802314956 0)
(0.985 0.02802314956 0)
(0.99 0.02802314956 0)
(0.995 0.02802314956 0)
(1 0.02802314956 0)
(0.005 0.03020573784 0)
(0.01 0.03020573784 0)
(0.015 0.03020573784 0)
(0.02 0.03020573784 0)
(0.025 0.03020573784 0)
(0.03 0.03020573784 0)
(0.035 0.03020573784 0)
(0.04 0.03020573784 0)
(0.045 0.03020573784 0)
(0.05 0.03020573784 0)
(0.055 0.03020573784 0)
(0.06 0.03020573784 0)
(0.065 0.03020573784 0)
(0.07 0.03020573784 0)
(0.075 0.03020573784 0)
(0.08 0.03020573784 0)
(0.085 0.03020573784 0)
(0.09 0.03020573784 0)
(0.095 0.03020573784 0)
(0.1 0.03020573784 0)
(0.105 0.03020573784 0)
(0.11 0.03020573784 0)
(0.115 0.03020573784 0)
(0.12 0.03020573784 0)
(0.125 0.03020573784 0)
(0.13 0.03020573784 0)
(0.135 0.03020573784 0)
(0.14 0.03020573784 0)
(0.145 0.03020573784 0)
(0.15 0.03020573784 0)
(0.155 0.03020573784 0)
(0.16 0.03020573784 0)
(0.165 0.03020573784 0)
(0.17 0.03020573784 0)
(0.175 0.03020573784 0)
(0.18 0.03020573784 0)
(0.185 0.03020573784 0)
(0.19 0.03020573784 0)
(0.195 0.03020573784 0)
(0.2 0.03020573784 0)
(0.205 0.03020573784 0)
(0.21 0.03020573784 0)
(0.215 0.03020573784 0)
(0.22 0.03020573784 0)
(0.225 0.03020573784 0)
(0.23 0.03020573784 0)
(0.235 0.03020573784 0)
(0.24 0.03020573784 0)
(0.245 0.03020573784 0)
(0.25 0.03020573784 0)
(0.255 0.03020573784 0)
(0.26 0.03020573784 0)
(0.265 0.03020573784 0)
(0.27 0.03020573784 0)
(0.275 0.03020573784 0)
(0.28 0.03020573784 0)
(0.285 0.03020573784 0)
(0.29 0.03020573784 0)
(0.295 0.03020573784 0)
(0.3 0.03020573784 0)
(0.305 0.03020573784 0)
(0.31 0.03020573784 0)
(0.315 0.03020573784 0)
(0.32 0.03020573784 0)
(0.325 0.03020573784 0)
(0.33 0.03020573784 0)
(0.335 0.03020573784 0)
(0.34 0.03020573784 0)
(0.345 0.03020573784 0)
(0.35 0.03020573784 0)
(0.355 0.03020573784 0)
(0.36 0.03020573784 0)
(0.365 0.03020573784 0)
(0.37 0.03020573784 0)
(0.375 0.03020573784 0)
(0.38 0.03020573784 0)
(0.385 0.03020573784 0)
(0.39 0.03020573784 0)
(0.395 0.03020573784 0)
(0.4 0.03020573784 0)
(0.405 0.03020573784 0)
(0.41 0.03020573784 0)
(0.415 0.03020573784 0)
(0.42 0.03020573784 0)
(0.425 0.03020573784 0)
(0.43 0.03020573784 0)
(0.435 0.03020573784 0)
(0.44 0.03020573784 0)
(0.445 0.03020573784 0)
(0.45 0.03020573784 0)
(0.455 0.03020573784 0)
(0.46 0.03020573784 0)
(0.465 0.03020573784 0)
(0.47 0.03020573784 0)
(0.475 0.03020573784 0)
(0.48 0.03020573784 0)
(0.485 0.03020573784 0)
(0.49 0.03020573784 0)
(0.495 0.03020573784 0)
(0.5 0.03020573784 0)
(0.505 0.03020573784 0)
(0.51 0.03020573784 0)
(0.515 0.03020573784 0)
(0.52 0.03020573784 0)
(0.525 0.03020573784 0)
(0.53 0.03020573784 0)
(0.535 0.03020573784 0)
(0.54 0.03020573784 0)
(0.545 0.03020573784 0)
(0.55 0.03020573784 0)
(0.555 0.03020573784 0)
(0.56 0.03020573784 0)
(0.565 0.03020573784 0)
(0.57 0.03020573784 0)
(0.575 0.03020573784 0)
(0.58 0.03020573784 0)
(0.585 0.03020573784 0)
(0.59 0.03020573784 0)
(0.595 0.03020573784 0)
(0.6 0.03020573784 0)
(0.605 0.03020573784 0)
(0.61 0.03020573784 0)
(0.615 0.03020573784 0)
(0.62 0.03020573784 0)
(0.625 0.03020573784 0)
(0.63 0.03020573784 0)
(0.635 0.03020573784 0)
(0.64 0.03020573784 0)
(0.645 0.03020573784 0)
(0.65 0.03020573784 0)
(0.655 0.03020573784 0)
(0.66 0.03020573784 0)
(0.665 0.03020573784 0)
(0.67 0.03020573784 0)
(0.675 0.03020573784 0)
(0.68 0.03020573784 0)
(0.685 0.03020573784 0)
(0.69 0.03020573784 0)
(0.695 0.03020573784 0)
(0.7 0.03020573784 0)
(0.705 0.03020573784 0)
(0.71 0.03020573784 0)
(0.715 0.03020573784 0)
(0.72 0.03020573784 0)
(0.725 0.03020573784 0)
(0.73 0.03020573784 0)
(0.735 0.03020573784 0)
(0.74 0.03020573784 0)
(0.745 0.03020573784 0)
(0.75 0.03020573784 0)
(0.755 0.03020573784 0)
(0.76 0.03020573784 0)
(0.765 0.03020573784 0)
(0.77 0.03020573784 0)
(0.775 0.03020573784 0)
(0.78 0.03020573784 0)
(0.785 0.03020573784 0)
(0.79 0.03020573784 0)
(0.795 0.03020573784 0)
(0.8 0.03020573784 0)
(0.805 0.03020573784 0)
(0.81 0.03020573784 0)
(0.815 0.03020573784 0)
(0.82 0.03020573784 0)
(0.825 0.03020573784 0)
(0.83 0.03020573784 0)
(0.835 0.03020573784 0)
(0.84 0.03020573784 0)
(0.845 0.03020573784 0)
(0.85 0.03020573784 0)
(0.855 0.03020573784 0)
(0.86 0.03020573784 0)
(0.865 0.03020573784 0)
(0.87 0.03020573784 0)
(0.875 0.03020573784 0)
(0.88 0.03020573784 0)
(0.885 0.03020573784 0)
(0.89 0.03020573784 0)
(0.895 0.03020573784 0)
(0.9 0.03020573784 0)
(0.905 0.03020573784 0)
(0.91 0.03020573784 0)
(0.915 0.03020573784 0)
(0.92 0.03020573784 0)
(0.925 0.03020573784 0)
(0.93 0.03020573784 0)
(0.935 0.03020573784 0)
(0.94 0.03020573784 0)
(0.945 0.03020573784 0)
(0.95 0.03020573784 0)
(0.955 0.03020573784 0)
(0.96 0.03020573784 0)
(0.965 0.03020573784 0)
(0.97 0.03020573784 0)
(0.975 0.03020573784 0)
(0.98 0.03020573784 0)
(0.985 0.03020573784 0)
(0.99 0.03020573784 0)
(0.995 0.03020573784 0)
(1 0.03020573784 0)
(0.005 0.03253794928 0)
(0.01 0.03253794928 0)
(0.015 0.03253794928 0)
(0.02 0.03253794928 0)
(0.025 0.03253794928 0)
(0.03 0.03253794928 0)
(0.035 0.03253794928 0)
(0.04 0.03253794928 0)
(0.045 0.03253794928 0)
(0.05 0.03253794928 0)
(0.055 0.03253794928 0)
(0.06 0.03253794928 0)
(0.065 0.03253794928 0)
(0.07 0.03253794928 0)
(0.075 0.03253794928 0)
(0.08 0.03253794928 0)
(0.085 0.03253794928 0)
(0.09 0.03253794928 0)
(0.095 0.03253794928 0)
(0.1 0.03253794928 0)
(0.105 0.03253794928 0)
(0.11 0.03253794928 0)
(0.115 0.03253794928 0)
(0.12 0.03253794928 0)
(0.125 0.03253794928 0)
(0.13 0.03253794928 0)
(0.135 0.03253794928 0)
(0.14 0.03253794928 0)
(0.145 0.03253794928 0)
(0.15 0.03253794928 0)
(0.155 0.03253794928 0)
(0.16 0.03253794928 0)
(0.165 0.03253794928 0)
(0.17 0.03253794928 0)
(0.175 0.03253794928 0)
(0.18 0.03253794928 0)
(0.185 0.03253794928 0)
(0.19 0.03253794928 0)
(0.195 0.03253794928 0)
(0.2 0.03253794928 0)
(0.205 0.03253794928 0)
(0.21 0.03253794928 0)
(0.215 0.03253794928 0)
(0.22 0.03253794928 0)
(0.225 0.03253794928 0)
(0.23 0.03253794928 0)
(0.235 0.03253794928 0)
(0.24 0.03253794928 0)
(0.245 0.03253794928 0)
(0.25 0.03253794928 0)
(0.255 0.03253794928 0)
(0.26 0.03253794928 0)
(0.265 0.03253794928 0)
(0.27 0.03253794928 0)
(0.275 0.03253794928 0)
(0.28 0.03253794928 0)
(0.285 0.03253794928 0)
(0.29 0.03253794928 0)
(0.295 0.03253794928 0)
(0.3 0.03253794928 0)
(0.305 0.03253794928 0)
(0.31 0.03253794928 0)
(0.315 0.03253794928 0)
(0.32 0.03253794928 0)
(0.325 0.03253794928 0)
(0.33 0.03253794928 0)
(0.335 0.03253794928 0)
(0.34 0.03253794928 0)
(0.345 0.03253794928 0)
(0.35 0.03253794928 0)
(0.355 0.03253794928 0)
(0.36 0.03253794928 0)
(0.365 0.03253794928 0)
(0.37 0.03253794928 0)
(0.375 0.03253794928 0)
(0.38 0.03253794928 0)
(0.385 0.03253794928 0)
(0.39 0.03253794928 0)
(0.395 0.03253794928 0)
(0.4 0.03253794928 0)
(0.405 0.03253794928 0)
(0.41 0.03253794928 0)
(0.415 0.03253794928 0)
(0.42 0.03253794928 0)
(0.425 0.03253794928 0)
(0.43 0.03253794928 0)
(0.435 0.03253794928 0)
(0.44 0.03253794928 0)
(0.445 0.03253794928 0)
(0.45 0.03253794928 0)
(0.455 0.03253794928 0)
(0.46 0.03253794928 0)
(0.465 0.03253794928 0)
(0.47 0.03253794928 0)
(0.475 0.03253794928 0)
(0.48 0.03253794928 0)
(0.485 0.03253794928 0)
(0.49 0.03253794928 0)
(0.495 0.03253794928 0)
(0.5 0.03253794928 0)
(0.505 0.03253794928 0)
(0.51 0.03253794928 0)
(0.515 0.03253794928 0)
(0.52 0.03253794928 0)
(0.525 0.03253794928 0)
(0.53 0.03253794928 0)
(0.535 0.03253794928 0)
(0.54 0.03253794928 0)
(0.545 0.03253794928 0)
(0.55 0.03253794928 0)
(0.555 0.03253794928 0)
(0.56 0.03253794928 0)
(0.565 0.03253794928 0)
(0.57 0.03253794928 0)
(0.575 0.03253794928 0)
(0.58 0.03253794928 0)
(0.585 0.03253794928 0)
(0.59 0.03253794928 0)
(0.595 0.03253794928 0)
(0.6 0.03253794928 0)
(0.605 0.03253794928 0)
(0.61 0.03253794928 0)
(0.615 0.03253794928 0)
(0.62 0.03253794928 0)
(0.625 0.03253794928 0)
(0.63 0.03253794928 0)
(0.635 0.03253794928 0)
(0.64 0.03253794928 0)
(0.645 0.03253794928 0)
(0.65 0.03253794928 0)
(0.655 0.03253794928 0)
(0.66 0.03253794928 0)
(0.665 0.03253794928 0)
(0.67 0.03253794928 0)
(0.675 0.03253794928 0)
(0.68 0.03253794928 0)
(0.685 0.03253794928 0)
(0.69 0.03253794928 0)
(0.695 0.03253794928 0)
(0.7 0.03253794928 0)
(0.705 0.03253794928 0)
(0.71 0.03253794928 0)
(0.715 0.03253794928 0)
(0.72 0.03253794928 0)
(0.725 0.03253794928 0)
(0.73 0.03253794928 0)
(0.735 0.03253794928 0)
(0.74 0.03253794928 0)
(0.745 0.03253794928 0)
(0.75 0.03253794928 0)
(0.755 0.03253794928 0)
(0.76 0.03253794928 0)
(0.765 0.03253794928 0)
(0.77 0.03253794928 0)
(0.775 0.03253794928 0)
(0.78 0.03253794928 0)
(0.785 0.03253794928 0)
(0.79 0.03253794928 0)
(0.795 0.03253794928 0)
(0.8 0.03253794928 0)
(0.805 0.03253794928 0)
(0.81 0.03253794928 0)
(0.815 0.03253794928 0)
(0.82 0.03253794928 0)
(0.825 0.03253794928 0)
(0.83 0.03253794928 0)
(0.835 0.03253794928 0)
(0.84 0.03253794928 0)
(0.845 0.03253794928 0)
(0.85 0.03253794928 0)
(0.855 0.03253794928 0)
(0.86 0.03253794928 0)
(0.865 0.03253794928 0)
(0.87 0.03253794928 0)
(0.875 0.03253794928 0)
(0.88 0.03253794928 0)
(0.885 0.03253794928 0)
(0.89 0.03253794928 0)
(0.895 0.03253794928 0)
(0.9 0.03253794928 0)
(0.905 0.03253794928 0)
(0.91 0.03253794928 0)
(0.915 0.03253794928 0)
(0.92 0.03253794928 0)
(0.925 0.03253794928 0)
(0.93 0.03253794928 0)
(0.935 0.03253794928 0)
(0.94 0.03253794928 0)
(0.945 0.03253794928 0)
(0.95 0.03253794928 0)
(0.955 0.03253794928 0)
(0.96 0.03253794928 0)
(0.965 0.03253794928 0)
(0.97 0.03253794928 0)
(0.975 0.03253794928 0)
(0.98 0.03253794928 0)
(0.985 0.03253794928 0)
(0.99 0.03253794928 0)
(0.995 0.03253794928 0)
(1 0.03253794928 0)
(0.005 0.035030041 0)
(0.01 0.035030041 0)
(0.015 0.035030041 0)
(0.02 0.035030041 0)
(0.025 0.035030041 0)
(0.03 0.035030041 0)
(0.035 0.035030041 0)
(0.04 0.035030041 0)
(0.045 0.035030041 0)
(0.05 0.035030041 0)
(0.055 0.035030041 0)
(0.06 0.035030041 0)
(0.065 0.035030041 0)
(0.07 0.035030041 0)
(0.075 0.035030041 0)
(0.08 0.035030041 0)
(0.085 0.035030041 0)
(0.09 0.035030041 0)
(0.095 0.035030041 0)
(0.1 0.035030041 0)
(0.105 0.035030041 0)
(0.11 0.035030041 0)
(0.115 0.035030041 0)
(0.12 0.035030041 0)
(0.125 0.035030041 0)
(0.13 0.035030041 0)
(0.135 0.035030041 0)
(0.14 0.035030041 0)
(0.145 0.035030041 0)
(0.15 0.035030041 0)
(0.155 0.035030041 0)
(0.16 0.035030041 0)
(0.165 0.035030041 0)
(0.17 0.035030041 0)
(0.175 0.035030041 0)
(0.18 0.035030041 0)
(0.185 0.035030041 0)
(0.19 0.035030041 0)
(0.195 0.035030041 0)
(0.2 0.035030041 0)
(0.205 0.035030041 0)
(0.21 0.035030041 0)
(0.215 0.035030041 0)
(0.22 0.035030041 0)
(0.225 0.035030041 0)
(0.23 0.035030041 0)
(0.235 0.035030041 0)
(0.24 0.035030041 0)
(0.245 0.035030041 0)
(0.25 0.035030041 0)
(0.255 0.035030041 0)
(0.26 0.035030041 0)
(0.265 0.035030041 0)
(0.27 0.035030041 0)
(0.275 0.035030041 0)
(0.28 0.035030041 0)
(0.285 0.035030041 0)
(0.29 0.035030041 0)
(0.295 0.035030041 0)
(0.3 0.035030041 0)
(0.305 0.035030041 0)
(0.31 0.035030041 0)
(0.315 0.035030041 0)
(0.32 0.035030041 0)
(0.325 0.035030041 0)
(0.33 0.035030041 0)
(0.335 0.035030041 0)
(0.34 0.035030041 0)
(0.345 0.035030041 0)
(0.35 0.035030041 0)
(0.355 0.035030041 0)
(0.36 0.035030041 0)
(0.365 0.035030041 0)
(0.37 0.035030041 0)
(0.375 0.035030041 0)
(0.38 0.035030041 0)
(0.385 0.035030041 0)
(0.39 0.035030041 0)
(0.395 0.035030041 0)
(0.4 0.035030041 0)
(0.405 0.035030041 0)
(0.41 0.035030041 0)
(0.415 0.035030041 0)
(0.42 0.035030041 0)
(0.425 0.035030041 0)
(0.43 0.035030041 0)
(0.435 0.035030041 0)
(0.44 0.035030041 0)
(0.445 0.035030041 0)
(0.45 0.035030041 0)
(0.455 0.035030041 0)
(0.46 0.035030041 0)
(0.465 0.035030041 0)
(0.47 0.035030041 0)
(0.475 0.035030041 0)
(0.48 0.035030041 0)
(0.485 0.035030041 0)
(0.49 0.035030041 0)
(0.495 0.035030041 0)
(0.5 0.035030041 0)
(0.505 0.035030041 0)
(0.51 0.035030041 0)
(0.515 0.035030041 0)
(0.52 0.035030041 0)
(0.525 0.035030041 0)
(0.53 0.035030041 0)
(0.535 0.035030041 0)
(0.54 0.035030041 0)
(0.545 0.035030041 0)
(0.55 0.035030041 0)
(0.555 0.035030041 0)
(0.56 0.035030041 0)
(0.565 0.035030041 0)
(0.57 0.035030041 0)
(0.575 0.035030041 0)
(0.58 0.035030041 0)
(0.585 0.035030041 0)
(0.59 0.035030041 0)
(0.595 0.035030041 0)
(0.6 0.035030041 0)
(0.605 0.035030041 0)
(0.61 0.035030041 0)
(0.615 0.035030041 0)
(0.62 0.035030041 0)
(0.625 0.035030041 0)
(0.63 0.035030041 0)
(0.635 0.035030041 0)
(0.64 0.035030041 0)
(0.645 0.035030041 0)
(0.65 0.035030041 0)
(0.655 0.035030041 0)
(0.66 0.035030041 0)
(0.665 0.035030041 0)
(0.67 0.035030041 0)
(0.675 0.035030041 0)
(0.68 0.035030041 0)
(0.685 0.035030041 0)
(0.69 0.035030041 0)
(0.695 0.035030041 0)
(0.7 0.035030041 0)
(0.705 0.035030041 0)
(0.71 0.035030041 0)
(0.715 0.035030041 0)
(0.72 0.035030041 0)
(0.725 0.035030041 0)
(0.73 0.035030041 0)
(0.735 0.035030041 0)
(0.74 0.035030041 0)
(0.745 0.035030041 0)
(0.75 0.035030041 0)
(0.755 0.035030041 0)
(0.76 0.035030041 0)
(0.765 0.035030041 0)
(0.77 0.035030041 0)
(0.775 0.035030041 0)
(0.78 0.035030041 0)
(0.785 0.035030041 0)
(0.79 0.035030041 0)
(0.795 0.035030041 0)
(0.8 0.035030041 0)
(0.805 0.035030041 0)
(0.81 0.035030041 0)
(0.815 0.035030041 0)
(0.82 0.035030041 0)
(0.825 0.035030041 0)
(0.83 0.035030041 0)
(0.835 0.035030041 0)
(0.84 0.035030041 0)
(0.845 0.035030041 0)
(0.85 0.035030041 0)
(0.855 0.035030041 0)
(0.86 0.035030041 0)
(0.865 0.035030041 0)
(0.87 0.035030041 0)
(0.875 0.035030041 0)
(0.88 0.035030041 0)
(0.885 0.035030041 0)
(0.89 0.035030041 0)
(0.895 0.035030041 0)
(0.9 0.035030041 0)
(0.905 0.035030041 0)
(0.91 0.035030041 0)
(0.915 0.035030041 0)
(0.92 0.035030041 0)
(0.925 0.035030041 0)
(0.93 0.035030041 0)
(0.935 0.035030041 0)
(0.94 0.035030041 0)
(0.945 0.035030041 0)
(0.95 0.035030041 0)
(0.955 0.035030041 0)
(0.96 0.035030041 0)
(0.965 0.035030041 0)
(0.97 0.035030041 0)
(0.975 0.035030041 0)
(0.98 0.035030041 0)
(0.985 0.035030041 0)
(0.99 0.035030041 0)
(0.995 0.035030041 0)
(1 0.035030041 0)
(0.005 0.03769297329 0)
(0.01 0.03769297329 0)
(0.015 0.03769297329 0)
(0.02 0.03769297329 0)
(0.025 0.03769297329 0)
(0.03 0.03769297329 0)
(0.035 0.03769297329 0)
(0.04 0.03769297329 0)
(0.045 0.03769297329 0)
(0.05 0.03769297329 0)
(0.055 0.03769297329 0)
(0.06 0.03769297329 0)
(0.065 0.03769297329 0)
(0.07 0.03769297329 0)
(0.075 0.03769297329 0)
(0.08 0.03769297329 0)
(0.085 0.03769297329 0)
(0.09 0.03769297329 0)
(0.095 0.03769297329 0)
(0.1 0.03769297329 0)
(0.105 0.03769297329 0)
(0.11 0.03769297329 0)
(0.115 0.03769297329 0)
(0.12 0.03769297329 0)
(0.125 0.03769297329 0)
(0.13 0.03769297329 0)
(0.135 0.03769297329 0)
(0.14 0.03769297329 0)
(0.145 0.03769297329 0)
(0.15 0.03769297329 0)
(0.155 0.03769297329 0)
(0.16 0.03769297329 0)
(0.165 0.03769297329 0)
(0.17 0.03769297329 0)
(0.175 0.03769297329 0)
(0.18 0.03769297329 0)
(0.185 0.03769297329 0)
(0.19 0.03769297329 0)
(0.195 0.03769297329 0)
(0.2 0.03769297329 0)
(0.205 0.03769297329 0)
(0.21 0.03769297329 0)
(0.215 0.03769297329 0)
(0.22 0.03769297329 0)
(0.225 0.03769297329 0)
(0.23 0.03769297329 0)
(0.235 0.03769297329 0)
(0.24 0.03769297329 0)
(0.245 0.03769297329 0)
(0.25 0.03769297329 0)
(0.255 0.03769297329 0)
(0.26 0.03769297329 0)
(0.265 0.03769297329 0)
(0.27 0.03769297329 0)
(0.275 0.03769297329 0)
(0.28 0.03769297329 0)
(0.285 0.03769297329 0)
(0.29 0.03769297329 0)
(0.295 0.03769297329 0)
(0.3 0.03769297329 0)
(0.305 0.03769297329 0)
(0.31 0.03769297329 0)
(0.315 0.03769297329 0)
(0.32 0.03769297329 0)
(0.325 0.03769297329 0)
(0.33 0.03769297329 0)
(0.335 0.03769297329 0)
(0.34 0.03769297329 0)
(0.345 0.03769297329 0)
(0.35 0.03769297329 0)
(0.355 0.03769297329 0)
(0.36 0.03769297329 0)
(0.365 0.03769297329 0)
(0.37 0.03769297329 0)
(0.375 0.03769297329 0)
(0.38 0.03769297329 0)
(0.385 0.03769297329 0)
(0.39 0.03769297329 0)
(0.395 0.03769297329 0)
(0.4 0.03769297329 0)
(0.405 0.03769297329 0)
(0.41 0.03769297329 0)
(0.415 0.03769297329 0)
(0.42 0.03769297329 0)
(0.425 0.03769297329 0)
(0.43 0.03769297329 0)
(0.435 0.03769297329 0)
(0.44 0.03769297329 0)
(0.445 0.03769297329 0)
(0.45 0.03769297329 0)
(0.455 0.03769297329 0)
(0.46 0.03769297329 0)
(0.465 0.03769297329 0)
(0.47 0.03769297329 0)
(0.475 0.03769297329 0)
(0.48 0.03769297329 0)
(0.485 0.03769297329 0)
(0.49 0.03769297329 0)
(0.495 0.03769297329 0)
(0.5 0.03769297329 0)
(0.505 0.03769297329 0)
(0.51 0.03769297329 0)
(0.515 0.03769297329 0)
(0.52 0.03769297329 0)
(0.525 0.03769297329 0)
(0.53 0.03769297329 0)
(0.535 0.03769297329 0)
(0.54 0.03769297329 0)
(0.545 0.03769297329 0)
(0.55 0.03769297329 0)
(0.555 0.03769297329 0)
(0.56 0.03769297329 0)
(0.565 0.03769297329 0)
(0.57 0.03769297329 0)
(0.575 0.03769297329 0)
(0.58 0.03769297329 0)
(0.585 0.03769297329 0)
(0.59 0.03769297329 0)
(0.595 0.03769297329 0)
(0.6 0.03769297329 0)
(0.605 0.03769297329 0)
(0.61 0.03769297329 0)
(0.615 0.03769297329 0)
(0.62 0.03769297329 0)
(0.625 0.03769297329 0)
(0.63 0.03769297329 0)
(0.635 0.03769297329 0)
(0.64 0.03769297329 0)
(0.645 0.03769297329 0)
(0.65 0.03769297329 0)
(0.655 0.03769297329 0)
(0.66 0.03769297329 0)
(0.665 0.03769297329 0)
(0.67 0.03769297329 0)
(0.675 0.03769297329 0)
(0.68 0.03769297329 0)
(0.685 0.03769297329 0)
(0.69 0.03769297329 0)
(0.695 0.03769297329 0)
(0.7 0.03769297329 0)
(0.705 0.03769297329 0)
(0.71 0.03769297329 0)
(0.715 0.03769297329 0)
(0.72 0.03769297329 0)
(0.725 0.03769297329 0)
(0.73 0.03769297329 0)
(0.735 0.03769297329 0)
(0.74 0.03769297329 0)
(0.745 0.03769297329 0)
(0.75 0.03769297329 0)
(0.755 0.03769297329 0)
(0.76 0.03769297329 0)
(0.765 0.03769297329 0)
(0.77 0.03769297329 0)
(0.775 0.03769297329 0)
(0.78 0.03769297329 0)
(0.785 0.03769297329 0)
(0.79 0.03769297329 0)
(0.795 0.03769297329 0)
(0.8 0.03769297329 0)
(0.805 0.03769297329 0)
(0.81 0.03769297329 0)
(0.815 0.03769297329 0)
(0.82 0.03769297329 0)
(0.825 0.03769297329 0)
(0.83 0.03769297329 0)
(0.835 0.03769297329 0)
(0.84 0.03769297329 0)
(0.845 0.03769297329 0)
(0.85 0.03769297329 0)
(0.855 0.03769297329 0)
(0.86 0.03769297329 0)
(0.865 0.03769297329 0)
(0.87 0.03769297329 0)
(0.875 0.03769297329 0)
(0.88 0.03769297329 0)
(0.885 0.03769297329 0)
(0.89 0.03769297329 0)
(0.895 0.03769297329 0)
(0.9 0.03769297329 0)
(0.905 0.03769297329 0)
(0.91 0.03769297329 0)
(0.915 0.03769297329 0)
(0.92 0.03769297329 0)
(0.925 0.03769297329 0)
(0.93 0.03769297329 0)
(0.935 0.03769297329 0)
(0.94 0.03769297329 0)
(0.945 0.03769297329 0)
(0.95 0.03769297329 0)
(0.955 0.03769297329 0)
(0.96 0.03769297329 0)
(0.965 0.03769297329 0)
(0.97 0.03769297329 0)
(0.975 0.03769297329 0)
(0.98 0.03769297329 0)
(0.985 0.03769297329 0)
(0.99 0.03769297329 0)
(0.995 0.03769297329 0)
(1 0.03769297329 0)
(0.005 0.04053845779 0)
(0.01 0.04053845779 0)
(0.015 0.04053845779 0)
(0.02 0.04053845779 0)
(0.025 0.04053845779 0)
(0.03 0.04053845779 0)
(0.035 0.04053845779 0)
(0.04 0.04053845779 0)
(0.045 0.04053845779 0)
(0.05 0.04053845779 0)
(0.055 0.04053845779 0)
(0.06 0.04053845779 0)
(0.065 0.04053845779 0)
(0.07 0.04053845779 0)
(0.075 0.04053845779 0)
(0.08 0.04053845779 0)
(0.085 0.04053845779 0)
(0.09 0.04053845779 0)
(0.095 0.04053845779 0)
(0.1 0.04053845779 0)
(0.105 0.04053845779 0)
(0.11 0.04053845779 0)
(0.115 0.04053845779 0)
(0.12 0.04053845779 0)
(0.125 0.04053845779 0)
(0.13 0.04053845779 0)
(0.135 0.04053845779 0)
(0.14 0.04053845779 0)
(0.145 0.04053845779 0)
(0.15 0.04053845779 0)
(0.155 0.04053845779 0)
(0.16 0.04053845779 0)
(0.165 0.04053845779 0)
(0.17 0.04053845779 0)
(0.175 0.04053845779 0)
(0.18 0.04053845779 0)
(0.185 0.04053845779 0)
(0.19 0.04053845779 0)
(0.195 0.04053845779 0)
(0.2 0.04053845779 0)
(0.205 0.04053845779 0)
(0.21 0.04053845779 0)
(0.215 0.04053845779 0)
(0.22 0.04053845779 0)
(0.225 0.04053845779 0)
(0.23 0.04053845779 0)
(0.235 0.04053845779 0)
(0.24 0.04053845779 0)
(0.245 0.04053845779 0)
(0.25 0.04053845779 0)
(0.255 0.04053845779 0)
(0.26 0.04053845779 0)
(0.265 0.04053845779 0)
(0.27 0.04053845779 0)
(0.275 0.04053845779 0)
(0.28 0.04053845779 0)
(0.285 0.04053845779 0)
(0.29 0.04053845779 0)
(0.295 0.04053845779 0)
(0.3 0.04053845779 0)
(0.305 0.04053845779 0)
(0.31 0.04053845779 0)
(0.315 0.04053845779 0)
(0.32 0.04053845779 0)
(0.325 0.04053845779 0)
(0.33 0.04053845779 0)
(0.335 0.04053845779 0)
(0.34 0.04053845779 0)
(0.345 0.04053845779 0)
(0.35 0.04053845779 0)
(0.355 0.04053845779 0)
(0.36 0.04053845779 0)
(0.365 0.04053845779 0)
(0.37 0.04053845779 0)
(0.375 0.04053845779 0)
(0.38 0.04053845779 0)
(0.385 0.04053845779 0)
(0.39 0.04053845779 0)
(0.395 0.04053845779 0)
(0.4 0.04053845779 0)
(0.405 0.04053845779 0)
(0.41 0.04053845779 0)
(0.415 0.04053845779 0)
(0.42 0.04053845779 0)
(0.425 0.04053845779 0)
(0.43 0.04053845779 0)
(0.435 0.04053845779 0)
(0.44 0.04053845779 0)
(0.445 0.04053845779 0)
(0.45 0.04053845779 0)
(0.455 0.04053845779 0)
(0.46 0.04053845779 0)
(0.465 0.04053845779 0)
(0.47 0.04053845779 0)
(0.475 0.04053845779 0)
(0.48 0.04053845779 0)
(0.485 0.04053845779 0)
(0.49 0.04053845779 0)
(0.495 0.04053845779 0)
(0.5 0.04053845779 0)
(0.505 0.04053845779 0)
(0.51 0.04053845779 0)
(0.515 0.04053845779 0)
(0.52 0.04053845779 0)
(0.525 0.04053845779 0)
(0.53 0.04053845779 0)
(0.535 0.04053845779 0)
(0.54 0.04053845779 0)
(0.545 0.04053845779 0)
(0.55 0.04053845779 0)
(0.555 0.04053845779 0)
(0.56 0.04053845779 0)
(0.565 0.04053845779 0)
(0.57 0.04053845779 0)
(0.575 0.04053845779 0)
(0.58 0.04053845779 0)
(0.585 0.04053845779 0)
(0.59 0.04053845779 0)
(0.595 0.04053845779 0)
(0.6 0.04053845779 0)
(0.605 0.04053845779 0)
(0.61 0.04053845779 0)
(0.615 0.04053845779 0)
(0.62 0.04053845779 0)
(0.625 0.04053845779 0)
(0.63 0.04053845779 0)
(0.635 0.04053845779 0)
(0.64 0.04053845779 0)
(0.645 0.04053845779 0)
(0.65 0.04053845779 0)
(0.655 0.04053845779 0)
(0.66 0.04053845779 0)
(0.665 0.04053845779 0)
(0.67 0.04053845779 0)
(0.675 0.04053845779 0)
(0.68 0.04053845779 0)
(0.685 0.04053845779 0)
(0.69 0.04053845779 0)
(0.695 0.04053845779 0)
(0.7 0.04053845779 0)
(0.705 0.04053845779 0)
(0.71 0.04053845779 0)
(0.715 0.04053845779 0)
(0.72 0.04053845779 0)
(0.725 0.04053845779 0)
(0.73 0.04053845779 0)
(0.735 0.04053845779 0)
(0.74 0.04053845779 0)
(0.745 0.04053845779 0)
(0.75 0.04053845779 0)
(0.755 0.04053845779 0)
(0.76 0.04053845779 0)
(0.765 0.04053845779 0)
(0.77 0.04053845779 0)
(0.775 0.04053845779 0)
(0.78 0.04053845779 0)
(0.785 0.04053845779 0)
(0.79 0.04053845779 0)
(0.795 0.04053845779 0)
(0.8 0.04053845779 0)
(0.805 0.04053845779 0)
(0.81 0.04053845779 0)
(0.815 0.04053845779 0)
(0.82 0.04053845779 0)
(0.825 0.04053845779 0)
(0.83 0.04053845779 0)
(0.835 0.04053845779 0)
(0.84 0.04053845779 0)
(0.845 0.04053845779 0)
(0.85 0.04053845779 0)
(0.855 0.04053845779 0)
(0.86 0.04053845779 0)
(0.865 0.04053845779 0)
(0.87 0.04053845779 0)
(0.875 0.04053845779 0)
(0.88 0.04053845779 0)
(0.885 0.04053845779 0)
(0.89 0.04053845779 0)
(0.895 0.04053845779 0)
(0.9 0.04053845779 0)
(0.905 0.04053845779 0)
(0.91 0.04053845779 0)
(0.915 0.04053845779 0)
(0.92 0.04053845779 0)
(0.925 0.04053845779 0)
(0.93 0.04053845779 0)
(0.935 0.04053845779 0)
(0.94 0.04053845779 0)
(0.945 0.04053845779 0)
(0.95 0.04053845779 0)
(0.955 0.04053845779 0)
(0.96 0.04053845779 0)
(0.965 0.04053845779 0)
(0.97 0.04053845779 0)
(0.975 0.04053845779 0)
(0.98 0.04053845779 0)
(0.985 0.04053845779 0)
(0.99 0.04053845779 0)
(0.995 0.04053845779 0)
(1 0.04053845779 0)
(0.005 0.04357900904 0)
(0.01 0.04357900904 0)
(0.015 0.04357900904 0)
(0.02 0.04357900904 0)
(0.025 0.04357900904 0)
(0.03 0.04357900904 0)
(0.035 0.04357900904 0)
(0.04 0.04357900904 0)
(0.045 0.04357900904 0)
(0.05 0.04357900904 0)
(0.055 0.04357900904 0)
(0.06 0.04357900904 0)
(0.065 0.04357900904 0)
(0.07 0.04357900904 0)
(0.075 0.04357900904 0)
(0.08 0.04357900904 0)
(0.085 0.04357900904 0)
(0.09 0.04357900904 0)
(0.095 0.04357900904 0)
(0.1 0.04357900904 0)
(0.105 0.04357900904 0)
(0.11 0.04357900904 0)
(0.115 0.04357900904 0)
(0.12 0.04357900904 0)
(0.125 0.04357900904 0)
(0.13 0.04357900904 0)
(0.135 0.04357900904 0)
(0.14 0.04357900904 0)
(0.145 0.04357900904 0)
(0.15 0.04357900904 0)
(0.155 0.04357900904 0)
(0.16 0.04357900904 0)
(0.165 0.04357900904 0)
(0.17 0.04357900904 0)
(0.175 0.04357900904 0)
(0.18 0.04357900904 0)
(0.185 0.04357900904 0)
(0.19 0.04357900904 0)
(0.195 0.04357900904 0)
(0.2 0.04357900904 0)
(0.205 0.04357900904 0)
(0.21 0.04357900904 0)
(0.215 0.04357900904 0)
(0.22 0.04357900904 0)
(0.225 0.04357900904 0)
(0.23 0.04357900904 0)
(0.235 0.04357900904 0)
(0.24 0.04357900904 0)
(0.245 0.04357900904 0)
(0.25 0.04357900904 0)
(0.255 0.04357900904 0)
(0.26 0.04357900904 0)
(0.265 0.04357900904 0)
(0.27 0.04357900904 0)
(0.275 0.04357900904 0)
(0.28 0.04357900904 0)
(0.285 0.04357900904 0)
(0.29 0.04357900904 0)
(0.295 0.04357900904 0)
(0.3 0.04357900904 0)
(0.305 0.04357900904 0)
(0.31 0.04357900904 0)
(0.315 0.04357900904 0)
(0.32 0.04357900904 0)
(0.325 0.04357900904 0)
(0.33 0.04357900904 0)
(0.335 0.04357900904 0)
(0.34 0.04357900904 0)
(0.345 0.04357900904 0)
(0.35 0.04357900904 0)
(0.355 0.04357900904 0)
(0.36 0.04357900904 0)
(0.365 0.04357900904 0)
(0.37 0.04357900904 0)
(0.375 0.04357900904 0)
(0.38 0.04357900904 0)
(0.385 0.04357900904 0)
(0.39 0.04357900904 0)
(0.395 0.04357900904 0)
(0.4 0.04357900904 0)
(0.405 0.04357900904 0)
(0.41 0.04357900904 0)
(0.415 0.04357900904 0)
(0.42 0.04357900904 0)
(0.425 0.04357900904 0)
(0.43 0.04357900904 0)
(0.435 0.04357900904 0)
(0.44 0.04357900904 0)
(0.445 0.04357900904 0)
(0.45 0.04357900904 0)
(0.455 0.04357900904 0)
(0.46 0.04357900904 0)
(0.465 0.04357900904 0)
(0.47 0.04357900904 0)
(0.475 0.04357900904 0)
(0.48 0.04357900904 0)
(0.485 0.04357900904 0)
(0.49 0.04357900904 0)
(0.495 0.04357900904 0)
(0.5 0.04357900904 0)
(0.505 0.04357900904 0)
(0.51 0.04357900904 0)
(0.515 0.04357900904 0)
(0.52 0.04357900904 0)
(0.525 0.04357900904 0)
(0.53 0.04357900904 0)
(0.535 0.04357900904 0)
(0.54 0.04357900904 0)
(0.545 0.04357900904 0)
(0.55 0.04357900904 0)
(0.555 0.04357900904 0)
(0.56 0.04357900904 0)
(0.565 0.04357900904 0)
(0.57 0.04357900904 0)
(0.575 0.04357900904 0)
(0.58 0.04357900904 0)
(0.585 0.04357900904 0)
(0.59 0.04357900904 0)
(0.595 0.04357900904 0)
(0.6 0.04357900904 0)
(0.605 0.04357900904 0)
(0.61 0.04357900904 0)
(0.615 0.04357900904 0)
(0.62 0.04357900904 0)
(0.625 0.04357900904 0)
(0.63 0.04357900904 0)
(0.635 0.04357900904 0)
(0.64 0.04357900904 0)
(0.645 0.04357900904 0)
(0.65 0.04357900904 0)
(0.655 0.04357900904 0)
(0.66 0.04357900904 0)
(0.665 0.04357900904 0)
(0.67 0.04357900904 0)
(0.675 0.04357900904 0)
(0.68 0.04357900904 0)
(0.685 0.04357900904 0)
(0.69 0.04357900904 0)
(0.695 0.04357900904 0)
(0.7 0.04357900904 0)
(0.705 0.04357900904 0)
(0.71 0.04357900904 0)
(0.715 0.04357900904 0)
(0.72 0.04357900904 0)
(0.725 0.04357900904 0)
(0.73 0.04357900904 0)
(0.735 0.04357900904 0)
(0.74 0.04357900904 0)
(0.745 0.04357900904 0)
(0.75 0.04357900904 0)
(0.755 0.04357900904 0)
(0.76 0.04357900904 0)
(0.765 0.04357900904 0)
(0.77 0.04357900904 0)
(0.775 0.04357900904 0)
(0.78 0.04357900904 0)
(0.785 0.04357900904 0)
(0.79 0.04357900904 0)
(0.795 0.04357900904 0)
(0.8 0.04357900904 0)
(0.805 0.04357900904 0)
(0.81 0.04357900904 0)
(0.815 0.04357900904 0)
(0.82 0.04357900904 0)
(0.825 0.04357900904 0)
(0.83 0.04357900904 0)
(0.835 0.04357900904 0)
(0.84 0.04357900904 0)
(0.845 0.04357900904 0)
(0.85 0.04357900904 0)
(0.855 0.04357900904 0)
(0.86 0.04357900904 0)
(0.865 0.04357900904 0)
(0.87 0.04357900904 0)
(0.875 0.04357900904 0)
(0.88 0.04357900904 0)
(0.885 0.04357900904 0)
(0.89 0.04357900904 0)
(0.895 0.04357900904 0)
(0.9 0.04357900904 0)
(0.905 0.04357900904 0)
(0.91 0.04357900904 0)
(0.915 0.04357900904 0)
(0.92 0.04357900904 0)
(0.925 0.04357900904 0)
(0.93 0.04357900904 0)
(0.935 0.04357900904 0)
(0.94 0.04357900904 0)
(0.945 0.04357900904 0)
(0.95 0.04357900904 0)
(0.955 0.04357900904 0)
(0.96 0.04357900904 0)
(0.965 0.04357900904 0)
(0.97 0.04357900904 0)
(0.975 0.04357900904 0)
(0.98 0.04357900904 0)
(0.985 0.04357900904 0)
(0.99 0.04357900904 0)
(0.995 0.04357900904 0)
(1 0.04357900904 0)
(0.005 0.04682799945 0)
(0.01 0.04682799945 0)
(0.015 0.04682799945 0)
(0.02 0.04682799945 0)
(0.025 0.04682799945 0)
(0.03 0.04682799945 0)
(0.035 0.04682799945 0)
(0.04 0.04682799945 0)
(0.045 0.04682799945 0)
(0.05 0.04682799945 0)
(0.055 0.04682799945 0)
(0.06 0.04682799945 0)
(0.065 0.04682799945 0)
(0.07 0.04682799945 0)
(0.075 0.04682799945 0)
(0.08 0.04682799945 0)
(0.085 0.04682799945 0)
(0.09 0.04682799945 0)
(0.095 0.04682799945 0)
(0.1 0.04682799945 0)
(0.105 0.04682799945 0)
(0.11 0.04682799945 0)
(0.115 0.04682799945 0)
(0.12 0.04682799945 0)
(0.125 0.04682799945 0)
(0.13 0.04682799945 0)
(0.135 0.04682799945 0)
(0.14 0.04682799945 0)
(0.145 0.04682799945 0)
(0.15 0.04682799945 0)
(0.155 0.04682799945 0)
(0.16 0.04682799945 0)
(0.165 0.04682799945 0)
(0.17 0.04682799945 0)
(0.175 0.04682799945 0)
(0.18 0.04682799945 0)
(0.185 0.04682799945 0)
(0.19 0.04682799945 0)
(0.195 0.04682799945 0)
(0.2 0.04682799945 0)
(0.205 0.04682799945 0)
(0.21 0.04682799945 0)
(0.215 0.04682799945 0)
(0.22 0.04682799945 0)
(0.225 0.04682799945 0)
(0.23 0.04682799945 0)
(0.235 0.04682799945 0)
(0.24 0.04682799945 0)
(0.245 0.04682799945 0)
(0.25 0.04682799945 0)
(0.255 0.04682799945 0)
(0.26 0.04682799945 0)
(0.265 0.04682799945 0)
(0.27 0.04682799945 0)
(0.275 0.04682799945 0)
(0.28 0.04682799945 0)
(0.285 0.04682799945 0)
(0.29 0.04682799945 0)
(0.295 0.04682799945 0)
(0.3 0.04682799945 0)
(0.305 0.04682799945 0)
(0.31 0.04682799945 0)
(0.315 0.04682799945 0)
(0.32 0.04682799945 0)
(0.325 0.04682799945 0)
(0.33 0.04682799945 0)
(0.335 0.04682799945 0)
(0.34 0.04682799945 0)
(0.345 0.04682799945 0)
(0.35 0.04682799945 0)
(0.355 0.04682799945 0)
(0.36 0.04682799945 0)
(0.365 0.04682799945 0)
(0.37 0.04682799945 0)
(0.375 0.04682799945 0)
(0.38 0.04682799945 0)
(0.385 0.04682799945 0)
(0.39 0.04682799945 0)
(0.395 0.04682799945 0)
(0.4 0.04682799945 0)
(0.405 0.04682799945 0)
(0.41 0.04682799945 0)
(0.415 0.04682799945 0)
(0.42 0.04682799945 0)
(0.425 0.04682799945 0)
(0.43 0.04682799945 0)
(0.435 0.04682799945 0)
(0.44 0.04682799945 0)
(0.445 0.04682799945 0)
(0.45 0.04682799945 0)
(0.455 0.04682799945 0)
(0.46 0.04682799945 0)
(0.465 0.04682799945 0)
(0.47 0.04682799945 0)
(0.475 0.04682799945 0)
(0.48 0.04682799945 0)
(0.485 0.04682799945 0)
(0.49 0.04682799945 0)
(0.495 0.04682799945 0)
(0.5 0.04682799945 0)
(0.505 0.04682799945 0)
(0.51 0.04682799945 0)
(0.515 0.04682799945 0)
(0.52 0.04682799945 0)
(0.525 0.04682799945 0)
(0.53 0.04682799945 0)
(0.535 0.04682799945 0)
(0.54 0.04682799945 0)
(0.545 0.04682799945 0)
(0.55 0.04682799945 0)
(0.555 0.04682799945 0)
(0.56 0.04682799945 0)
(0.565 0.04682799945 0)
(0.57 0.04682799945 0)
(0.575 0.04682799945 0)
(0.58 0.04682799945 0)
(0.585 0.04682799945 0)
(0.59 0.04682799945 0)
(0.595 0.04682799945 0)
(0.6 0.04682799945 0)
(0.605 0.04682799945 0)
(0.61 0.04682799945 0)
(0.615 0.04682799945 0)
(0.62 0.04682799945 0)
(0.625 0.04682799945 0)
(0.63 0.04682799945 0)
(0.635 0.04682799945 0)
(0.64 0.04682799945 0)
(0.645 0.04682799945 0)
(0.65 0.04682799945 0)
(0.655 0.04682799945 0)
(0.66 0.04682799945 0)
(0.665 0.04682799945 0)
(0.67 0.04682799945 0)
(0.675 0.04682799945 0)
(0.68 0.04682799945 0)
(0.685 0.04682799945 0)
(0.69 0.04682799945 0)
(0.695 0.04682799945 0)
(0.7 0.04682799945 0)
(0.705 0.04682799945 0)
(0.71 0.04682799945 0)
(0.715 0.04682799945 0)
(0.72 0.04682799945 0)
(0.725 0.04682799945 0)
(0.73 0.04682799945 0)
(0.735 0.04682799945 0)
(0.74 0.04682799945 0)
(0.745 0.04682799945 0)
(0.75 0.04682799945 0)
(0.755 0.04682799945 0)
(0.76 0.04682799945 0)
(0.765 0.04682799945 0)
(0.77 0.04682799945 0)
(0.775 0.04682799945 0)
(0.78 0.04682799945 0)
(0.785 0.04682799945 0)
(0.79 0.04682799945 0)
(0.795 0.04682799945 0)
(0.8 0.04682799945 0)
(0.805 0.04682799945 0)
(0.81 0.04682799945 0)
(0.815 0.04682799945 0)
(0.82 0.04682799945 0)
(0.825 0.04682799945 0)
(0.83 0.04682799945 0)
(0.835 0.04682799945 0)
(0.84 0.04682799945 0)
(0.845 0.04682799945 0)
(0.85 0.04682799945 0)
(0.855 0.04682799945 0)
(0.86 0.04682799945 0)
(0.865 0.04682799945 0)
(0.87 0.04682799945 0)
(0.875 0.04682799945 0)
(0.88 0.04682799945 0)
(0.885 0.04682799945 0)
(0.89 0.04682799945 0)
(0.895 0.04682799945 0)
(0.9 0.04682799945 0)
(0.905 0.04682799945 0)
(0.91 0.04682799945 0)
(0.915 0.04682799945 0)
(0.92 0.04682799945 0)
(0.925 0.04682799945 0)
(0.93 0.04682799945 0)
(0.935 0.04682799945 0)
(0.94 0.04682799945 0)
(0.945 0.04682799945 0)
(0.95 0.04682799945 0)
(0.955 0.04682799945 0)
(0.96 0.04682799945 0)
(0.965 0.04682799945 0)
(0.97 0.04682799945 0)
(0.975 0.04682799945 0)
(0.98 0.04682799945 0)
(0.985 0.04682799945 0)
(0.99 0.04682799945 0)
(0.995 0.04682799945 0)
(1 0.04682799945 0)
(0.005 0.05029971816 0)
(0.01 0.05029971816 0)
(0.015 0.05029971816 0)
(0.02 0.05029971816 0)
(0.025 0.05029971816 0)
(0.03 0.05029971816 0)
(0.035 0.05029971816 0)
(0.04 0.05029971816 0)
(0.045 0.05029971816 0)
(0.05 0.05029971816 0)
(0.055 0.05029971816 0)
(0.06 0.05029971816 0)
(0.065 0.05029971816 0)
(0.07 0.05029971816 0)
(0.075 0.05029971816 0)
(0.08 0.05029971816 0)
(0.085 0.05029971816 0)
(0.09 0.05029971816 0)
(0.095 0.05029971816 0)
(0.1 0.05029971816 0)
(0.105 0.05029971816 0)
(0.11 0.05029971816 0)
(0.115 0.05029971816 0)
(0.12 0.05029971816 0)
(0.125 0.05029971816 0)
(0.13 0.05029971816 0)
(0.135 0.05029971816 0)
(0.14 0.05029971816 0)
(0.145 0.05029971816 0)
(0.15 0.05029971816 0)
(0.155 0.05029971816 0)
(0.16 0.05029971816 0)
(0.165 0.05029971816 0)
(0.17 0.05029971816 0)
(0.175 0.05029971816 0)
(0.18 0.05029971816 0)
(0.185 0.05029971816 0)
(0.19 0.05029971816 0)
(0.195 0.05029971816 0)
(0.2 0.05029971816 0)
(0.205 0.05029971816 0)
(0.21 0.05029971816 0)
(0.215 0.05029971816 0)
(0.22 0.05029971816 0)
(0.225 0.05029971816 0)
(0.23 0.05029971816 0)
(0.235 0.05029971816 0)
(0.24 0.05029971816 0)
(0.245 0.05029971816 0)
(0.25 0.05029971816 0)
(0.255 0.05029971816 0)
(0.26 0.05029971816 0)
(0.265 0.05029971816 0)
(0.27 0.05029971816 0)
(0.275 0.05029971816 0)
(0.28 0.05029971816 0)
(0.285 0.05029971816 0)
(0.29 0.05029971816 0)
(0.295 0.05029971816 0)
(0.3 0.05029971816 0)
(0.305 0.05029971816 0)
(0.31 0.05029971816 0)
(0.315 0.05029971816 0)
(0.32 0.05029971816 0)
(0.325 0.05029971816 0)
(0.33 0.05029971816 0)
(0.335 0.05029971816 0)
(0.34 0.05029971816 0)
(0.345 0.05029971816 0)
(0.35 0.05029971816 0)
(0.355 0.05029971816 0)
(0.36 0.05029971816 0)
(0.365 0.05029971816 0)
(0.37 0.05029971816 0)
(0.375 0.05029971816 0)
(0.38 0.05029971816 0)
(0.385 0.05029971816 0)
(0.39 0.05029971816 0)
(0.395 0.05029971816 0)
(0.4 0.05029971816 0)
(0.405 0.05029971816 0)
(0.41 0.05029971816 0)
(0.415 0.05029971816 0)
(0.42 0.05029971816 0)
(0.425 0.05029971816 0)
(0.43 0.05029971816 0)
(0.435 0.05029971816 0)
(0.44 0.05029971816 0)
(0.445 0.05029971816 0)
(0.45 0.05029971816 0)
(0.455 0.05029971816 0)
(0.46 0.05029971816 0)
(0.465 0.05029971816 0)
(0.47 0.05029971816 0)
(0.475 0.05029971816 0)
(0.48 0.05029971816 0)
(0.485 0.05029971816 0)
(0.49 0.05029971816 0)
(0.495 0.05029971816 0)
(0.5 0.05029971816 0)
(0.505 0.05029971816 0)
(0.51 0.05029971816 0)
(0.515 0.05029971816 0)
(0.52 0.05029971816 0)
(0.525 0.05029971816 0)
(0.53 0.05029971816 0)
(0.535 0.05029971816 0)
(0.54 0.05029971816 0)
(0.545 0.05029971816 0)
(0.55 0.05029971816 0)
(0.555 0.05029971816 0)
(0.56 0.05029971816 0)
(0.565 0.05029971816 0)
(0.57 0.05029971816 0)
(0.575 0.05029971816 0)
(0.58 0.05029971816 0)
(0.585 0.05029971816 0)
(0.59 0.05029971816 0)
(0.595 0.05029971816 0)
(0.6 0.05029971816 0)
(0.605 0.05029971816 0)
(0.61 0.05029971816 0)
(0.615 0.05029971816 0)
(0.62 0.05029971816 0)
(0.625 0.05029971816 0)
(0.63 0.05029971816 0)
(0.635 0.05029971816 0)
(0.64 0.05029971816 0)
(0.645 0.05029971816 0)
(0.65 0.05029971816 0)
(0.655 0.05029971816 0)
(0.66 0.05029971816 0)
(0.665 0.05029971816 0)
(0.67 0.05029971816 0)
(0.675 0.05029971816 0)
(0.68 0.05029971816 0)
(0.685 0.05029971816 0)
(0.69 0.05029971816 0)
(0.695 0.05029971816 0)
(0.7 0.05029971816 0)
(0.705 0.05029971816 0)
(0.71 0.05029971816 0)
(0.715 0.05029971816 0)
(0.72 0.05029971816 0)
(0.725 0.05029971816 0)
(0.73 0.05029971816 0)
(0.735 0.05029971816 0)
(0.74 0.05029971816 0)
(0.745 0.05029971816 0)
(0.75 0.05029971816 0)
(0.755 0.05029971816 0)
(0.76 0.05029971816 0)
(0.765 0.05029971816 0)
(0.77 0.05029971816 0)
(0.775 0.05029971816 0)
(0.78 0.05029971816 0)
(0.785 0.05029971816 0)
(0.79 0.05029971816 0)
(0.795 0.05029971816 0)
(0.8 0.05029971816 0)
(0.805 0.05029971816 0)
(0.81 0.05029971816 0)
(0.815 0.05029971816 0)
(0.82 0.05029971816 0)
(0.825 0.05029971816 0)
(0.83 0.05029971816 0)
(0.835 0.05029971816 0)
(0.84 0.05029971816 0)
(0.845 0.05029971816 0)
(0.85 0.05029971816 0)
(0.855 0.05029971816 0)
(0.86 0.05029971816 0)
(0.865 0.05029971816 0)
(0.87 0.05029971816 0)
(0.875 0.05029971816 0)
(0.88 0.05029971816 0)
(0.885 0.05029971816 0)
(0.89 0.05029971816 0)
(0.895 0.05029971816 0)
(0.9 0.05029971816 0)
(0.905 0.05029971816 0)
(0.91 0.05029971816 0)
(0.915 0.05029971816 0)
(0.92 0.05029971816 0)
(0.925 0.05029971816 0)
(0.93 0.05029971816 0)
(0.935 0.05029971816 0)
(0.94 0.05029971816 0)
(0.945 0.05029971816 0)
(0.95 0.05029971816 0)
(0.955 0.05029971816 0)
(0.96 0.05029971816 0)
(0.965 0.05029971816 0)
(0.97 0.05029971816 0)
(0.975 0.05029971816 0)
(0.98 0.05029971816 0)
(0.985 0.05029971816 0)
(0.99 0.05029971816 0)
(0.995 0.05029971816 0)
(1 0.05029971816 0)
(0.005 0.0540094339 0)
(0.01 0.0540094339 0)
(0.015 0.0540094339 0)
(0.02 0.0540094339 0)
(0.025 0.0540094339 0)
(0.03 0.0540094339 0)
(0.035 0.0540094339 0)
(0.04 0.0540094339 0)
(0.045 0.0540094339 0)
(0.05 0.0540094339 0)
(0.055 0.0540094339 0)
(0.06 0.0540094339 0)
(0.065 0.0540094339 0)
(0.07 0.0540094339 0)
(0.075 0.0540094339 0)
(0.08 0.0540094339 0)
(0.085 0.0540094339 0)
(0.09 0.0540094339 0)
(0.095 0.0540094339 0)
(0.1 0.0540094339 0)
(0.105 0.0540094339 0)
(0.11 0.0540094339 0)
(0.115 0.0540094339 0)
(0.12 0.0540094339 0)
(0.125 0.0540094339 0)
(0.13 0.0540094339 0)
(0.135 0.0540094339 0)
(0.14 0.0540094339 0)
(0.145 0.0540094339 0)
(0.15 0.0540094339 0)
(0.155 0.0540094339 0)
(0.16 0.0540094339 0)
(0.165 0.0540094339 0)
(0.17 0.0540094339 0)
(0.175 0.0540094339 0)
(0.18 0.0540094339 0)
(0.185 0.0540094339 0)
(0.19 0.0540094339 0)
(0.195 0.0540094339 0)
(0.2 0.0540094339 0)
(0.205 0.0540094339 0)
(0.21 0.0540094339 0)
(0.215 0.0540094339 0)
(0.22 0.0540094339 0)
(0.225 0.0540094339 0)
(0.23 0.0540094339 0)
(0.235 0.0540094339 0)
(0.24 0.0540094339 0)
(0.245 0.0540094339 0)
(0.25 0.0540094339 0)
(0.255 0.0540094339 0)
(0.26 0.0540094339 0)
(0.265 0.0540094339 0)
(0.27 0.0540094339 0)
(0.275 0.0540094339 0)
(0.28 0.0540094339 0)
(0.285 0.0540094339 0)
(0.29 0.0540094339 0)
(0.295 0.0540094339 0)
(0.3 0.0540094339 0)
(0.305 0.0540094339 0)
(0.31 0.0540094339 0)
(0.315 0.0540094339 0)
(0.32 0.0540094339 0)
(0.325 0.0540094339 0)
(0.33 0.0540094339 0)
(0.335 0.0540094339 0)
(0.34 0.0540094339 0)
(0.345 0.0540094339 0)
(0.35 0.0540094339 0)
(0.355 0.0540094339 0)
(0.36 0.0540094339 0)
(0.365 0.0540094339 0)
(0.37 0.0540094339 0)
(0.375 0.0540094339 0)
(0.38 0.0540094339 0)
(0.385 0.0540094339 0)
(0.39 0.0540094339 0)
(0.395 0.0540094339 0)
(0.4 0.0540094339 0)
(0.405 0.0540094339 0)
(0.41 0.0540094339 0)
(0.415 0.0540094339 0)
(0.42 0.0540094339 0)
(0.425 0.0540094339 0)
(0.43 0.0540094339 0)
(0.435 0.0540094339 0)
(0.44 0.0540094339 0)
(0.445 0.0540094339 0)
(0.45 0.0540094339 0)
(0.455 0.0540094339 0)
(0.46 0.0540094339 0)
(0.465 0.0540094339 0)
(0.47 0.0540094339 0)
(0.475 0.0540094339 0)
(0.48 0.0540094339 0)
(0.485 0.0540094339 0)
(0.49 0.0540094339 0)
(0.495 0.0540094339 0)
(0.5 0.0540094339 0)
(0.505 0.0540094339 0)
(0.51 0.0540094339 0)
(0.515 0.0540094339 0)
(0.52 0.0540094339 0)
(0.525 0.0540094339 0)
(0.53 0.0540094339 0)
(0.535 0.0540094339 0)
(0.54 0.0540094339 0)
(0.545 0.0540094339 0)
(0.55 0.0540094339 0)
(0.555 0.0540094339 0)
(0.56 0.0540094339 0)
(0.565 0.0540094339 0)
(0.57 0.0540094339 0)
(0.575 0.0540094339 0)
(0.58 0.0540094339 0)
(0.585 0.0540094339 0)
(0.59 0.0540094339 0)
(0.595 0.0540094339 0)
(0.6 0.0540094339 0)
(0.605 0.0540094339 0)
(0.61 0.0540094339 0)
(0.615 0.0540094339 0)
(0.62 0.0540094339 0)
(0.625 0.0540094339 0)
(0.63 0.0540094339 0)
(0.635 0.0540094339 0)
(0.64 0.0540094339 0)
(0.645 0.0540094339 0)
(0.65 0.0540094339 0)
(0.655 0.0540094339 0)
(0.66 0.0540094339 0)
(0.665 0.0540094339 0)
(0.67 0.0540094339 0)
(0.675 0.0540094339 0)
(0.68 0.0540094339 0)
(0.685 0.0540094339 0)
(0.69 0.0540094339 0)
(0.695 0.0540094339 0)
(0.7 0.0540094339 0)
(0.705 0.0540094339 0)
(0.71 0.0540094339 0)
(0.715 0.0540094339 0)
(0.72 0.0540094339 0)
(0.725 0.0540094339 0)
(0.73 0.0540094339 0)
(0.735 0.0540094339 0)
(0.74 0.0540094339 0)
(0.745 0.0540094339 0)
(0.75 0.0540094339 0)
(0.755 0.0540094339 0)
(0.76 0.0540094339 0)
(0.765 0.0540094339 0)
(0.77 0.0540094339 0)
(0.775 0.0540094339 0)
(0.78 0.0540094339 0)
(0.785 0.0540094339 0)
(0.79 0.0540094339 0)
(0.795 0.0540094339 0)
(0.8 0.0540094339 0)
(0.805 0.0540094339 0)
(0.81 0.0540094339 0)
(0.815 0.0540094339 0)
(0.82 0.0540094339 0)
(0.825 0.0540094339 0)
(0.83 0.0540094339 0)
(0.835 0.0540094339 0)
(0.84 0.0540094339 0)
(0.845 0.0540094339 0)
(0.85 0.0540094339 0)
(0.855 0.0540094339 0)
(0.86 0.0540094339 0)
(0.865 0.0540094339 0)
(0.87 0.0540094339 0)
(0.875 0.0540094339 0)
(0.88 0.0540094339 0)
(0.885 0.0540094339 0)
(0.89 0.0540094339 0)
(0.895 0.0540094339 0)
(0.9 0.0540094339 0)
(0.905 0.0540094339 0)
(0.91 0.0540094339 0)
(0.915 0.0540094339 0)
(0.92 0.0540094339 0)
(0.925 0.0540094339 0)
(0.93 0.0540094339 0)
(0.935 0.0540094339 0)
(0.94 0.0540094339 0)
(0.945 0.0540094339 0)
(0.95 0.0540094339 0)
(0.955 0.0540094339 0)
(0.96 0.0540094339 0)
(0.965 0.0540094339 0)
(0.97 0.0540094339 0)
(0.975 0.0540094339 0)
(0.98 0.0540094339 0)
(0.985 0.0540094339 0)
(0.99 0.0540094339 0)
(0.995 0.0540094339 0)
(1 0.0540094339 0)
(0.005 0.0579734621 0)
(0.01 0.0579734621 0)
(0.015 0.0579734621 0)
(0.02 0.0579734621 0)
(0.025 0.0579734621 0)
(0.03 0.0579734621 0)
(0.035 0.0579734621 0)
(0.04 0.0579734621 0)
(0.045 0.0579734621 0)
(0.05 0.0579734621 0)
(0.055 0.0579734621 0)
(0.06 0.0579734621 0)
(0.065 0.0579734621 0)
(0.07 0.0579734621 0)
(0.075 0.0579734621 0)
(0.08 0.0579734621 0)
(0.085 0.0579734621 0)
(0.09 0.0579734621 0)
(0.095 0.0579734621 0)
(0.1 0.0579734621 0)
(0.105 0.0579734621 0)
(0.11 0.0579734621 0)
(0.115 0.0579734621 0)
(0.12 0.0579734621 0)
(0.125 0.0579734621 0)
(0.13 0.0579734621 0)
(0.135 0.0579734621 0)
(0.14 0.0579734621 0)
(0.145 0.0579734621 0)
(0.15 0.0579734621 0)
(0.155 0.0579734621 0)
(0.16 0.0579734621 0)
(0.165 0.0579734621 0)
(0.17 0.0579734621 0)
(0.175 0.0579734621 0)
(0.18 0.0579734621 0)
(0.185 0.0579734621 0)
(0.19 0.0579734621 0)
(0.195 0.0579734621 0)
(0.2 0.0579734621 0)
(0.205 0.0579734621 0)
(0.21 0.0579734621 0)
(0.215 0.0579734621 0)
(0.22 0.0579734621 0)
(0.225 0.0579734621 0)
(0.23 0.0579734621 0)
(0.235 0.0579734621 0)
(0.24 0.0579734621 0)
(0.245 0.0579734621 0)
(0.25 0.0579734621 0)
(0.255 0.0579734621 0)
(0.26 0.0579734621 0)
(0.265 0.0579734621 0)
(0.27 0.0579734621 0)
(0.275 0.0579734621 0)
(0.28 0.0579734621 0)
(0.285 0.0579734621 0)
(0.29 0.0579734621 0)
(0.295 0.0579734621 0)
(0.3 0.0579734621 0)
(0.305 0.0579734621 0)
(0.31 0.0579734621 0)
(0.315 0.0579734621 0)
(0.32 0.0579734621 0)
(0.325 0.0579734621 0)
(0.33 0.0579734621 0)
(0.335 0.0579734621 0)
(0.34 0.0579734621 0)
(0.345 0.0579734621 0)
(0.35 0.0579734621 0)
(0.355 0.0579734621 0)
(0.36 0.0579734621 0)
(0.365 0.0579734621 0)
(0.37 0.0579734621 0)
(0.375 0.0579734621 0)
(0.38 0.0579734621 0)
(0.385 0.0579734621 0)
(0.39 0.0579734621 0)
(0.395 0.0579734621 0)
(0.4 0.0579734621 0)
(0.405 0.0579734621 0)
(0.41 0.0579734621 0)
(0.415 0.0579734621 0)
(0.42 0.0579734621 0)
(0.425 0.0579734621 0)
(0.43 0.0579734621 0)
(0.435 0.0579734621 0)
(0.44 0.0579734621 0)
(0.445 0.0579734621 0)
(0.45 0.0579734621 0)
(0.455 0.0579734621 0)
(0.46 0.0579734621 0)
(0.465 0.0579734621 0)
(0.47 0.0579734621 0)
(0.475 0.0579734621 0)
(0.48 0.0579734621 0)
(0.485 0.0579734621 0)
(0.49 0.0579734621 0)
(0.495 0.0579734621 0)
(0.5 0.0579734621 0)
(0.505 0.0579734621 0)
(0.51 0.0579734621 0)
(0.515 0.0579734621 0)
(0.52 0.0579734621 0)
(0.525 0.0579734621 0)
(0.53 0.0579734621 0)
(0.535 0.0579734621 0)
(0.54 0.0579734621 0)
(0.545 0.0579734621 0)
(0.55 0.0579734621 0)
(0.555 0.0579734621 0)
(0.56 0.0579734621 0)
(0.565 0.0579734621 0)
(0.57 0.0579734621 0)
(0.575 0.0579734621 0)
(0.58 0.0579734621 0)
(0.585 0.0579734621 0)
(0.59 0.0579734621 0)
(0.595 0.0579734621 0)
(0.6 0.0579734621 0)
(0.605 0.0579734621 0)
(0.61 0.0579734621 0)
(0.615 0.0579734621 0)
(0.62 0.0579734621 0)
(0.625 0.0579734621 0)
(0.63 0.0579734621 0)
(0.635 0.0579734621 0)
(0.64 0.0579734621 0)
(0.645 0.0579734621 0)
(0.65 0.0579734621 0)
(0.655 0.0579734621 0)
(0.66 0.0579734621 0)
(0.665 0.0579734621 0)
(0.67 0.0579734621 0)
(0.675 0.0579734621 0)
(0.68 0.0579734621 0)
(0.685 0.0579734621 0)
(0.69 0.0579734621 0)
(0.695 0.0579734621 0)
(0.7 0.0579734621 0)
(0.705 0.0579734621 0)
(0.71 0.0579734621 0)
(0.715 0.0579734621 0)
(0.72 0.0579734621 0)
(0.725 0.0579734621 0)
(0.73 0.0579734621 0)
(0.735 0.0579734621 0)
(0.74 0.0579734621 0)
(0.745 0.0579734621 0)
(0.75 0.0579734621 0)
(0.755 0.0579734621 0)
(0.76 0.0579734621 0)
(0.765 0.0579734621 0)
(0.77 0.0579734621 0)
(0.775 0.0579734621 0)
(0.78 0.0579734621 0)
(0.785 0.0579734621 0)
(0.79 0.0579734621 0)
(0.795 0.0579734621 0)
(0.8 0.0579734621 0)
(0.805 0.0579734621 0)
(0.81 0.0579734621 0)
(0.815 0.0579734621 0)
(0.82 0.0579734621 0)
(0.825 0.0579734621 0)
(0.83 0.0579734621 0)
(0.835 0.0579734621 0)
(0.84 0.0579734621 0)
(0.845 0.0579734621 0)
(0.85 0.0579734621 0)
(0.855 0.0579734621 0)
(0.86 0.0579734621 0)
(0.865 0.0579734621 0)
(0.87 0.0579734621 0)
(0.875 0.0579734621 0)
(0.88 0.0579734621 0)
(0.885 0.0579734621 0)
(0.89 0.0579734621 0)
(0.895 0.0579734621 0)
(0.9 0.0579734621 0)
(0.905 0.0579734621 0)
(0.91 0.0579734621 0)
(0.915 0.0579734621 0)
(0.92 0.0579734621 0)
(0.925 0.0579734621 0)
(0.93 0.0579734621 0)
(0.935 0.0579734621 0)
(0.94 0.0579734621 0)
(0.945 0.0579734621 0)
(0.95 0.0579734621 0)
(0.955 0.0579734621 0)
(0.96 0.0579734621 0)
(0.965 0.0579734621 0)
(0.97 0.0579734621 0)
(0.975 0.0579734621 0)
(0.98 0.0579734621 0)
(0.985 0.0579734621 0)
(0.99 0.0579734621 0)
(0.995 0.0579734621 0)
(1 0.0579734621 0)
(0.005 0.06220923664 0)
(0.01 0.06220923664 0)
(0.015 0.06220923664 0)
(0.02 0.06220923664 0)
(0.025 0.06220923664 0)
(0.03 0.06220923664 0)
(0.035 0.06220923664 0)
(0.04 0.06220923664 0)
(0.045 0.06220923664 0)
(0.05 0.06220923664 0)
(0.055 0.06220923664 0)
(0.06 0.06220923664 0)
(0.065 0.06220923664 0)
(0.07 0.06220923664 0)
(0.075 0.06220923664 0)
(0.08 0.06220923664 0)
(0.085 0.06220923664 0)
(0.09 0.06220923664 0)
(0.095 0.06220923664 0)
(0.1 0.06220923664 0)
(0.105 0.06220923664 0)
(0.11 0.06220923664 0)
(0.115 0.06220923664 0)
(0.12 0.06220923664 0)
(0.125 0.06220923664 0)
(0.13 0.06220923664 0)
(0.135 0.06220923664 0)
(0.14 0.06220923664 0)
(0.145 0.06220923664 0)
(0.15 0.06220923664 0)
(0.155 0.06220923664 0)
(0.16 0.06220923664 0)
(0.165 0.06220923664 0)
(0.17 0.06220923664 0)
(0.175 0.06220923664 0)
(0.18 0.06220923664 0)
(0.185 0.06220923664 0)
(0.19 0.06220923664 0)
(0.195 0.06220923664 0)
(0.2 0.06220923664 0)
(0.205 0.06220923664 0)
(0.21 0.06220923664 0)
(0.215 0.06220923664 0)
(0.22 0.06220923664 0)
(0.225 0.06220923664 0)
(0.23 0.06220923664 0)
(0.235 0.06220923664 0)
(0.24 0.06220923664 0)
(0.245 0.06220923664 0)
(0.25 0.06220923664 0)
(0.255 0.06220923664 0)
(0.26 0.06220923664 0)
(0.265 0.06220923664 0)
(0.27 0.06220923664 0)
(0.275 0.06220923664 0)
(0.28 0.06220923664 0)
(0.285 0.06220923664 0)
(0.29 0.06220923664 0)
(0.295 0.06220923664 0)
(0.3 0.06220923664 0)
(0.305 0.06220923664 0)
(0.31 0.06220923664 0)
(0.315 0.06220923664 0)
(0.32 0.06220923664 0)
(0.325 0.06220923664 0)
(0.33 0.06220923664 0)
(0.335 0.06220923664 0)
(0.34 0.06220923664 0)
(0.345 0.06220923664 0)
(0.35 0.06220923664 0)
(0.355 0.06220923664 0)
(0.36 0.06220923664 0)
(0.365 0.06220923664 0)
(0.37 0.06220923664 0)
(0.375 0.06220923664 0)
(0.38 0.06220923664 0)
(0.385 0.06220923664 0)
(0.39 0.06220923664 0)
(0.395 0.06220923664 0)
(0.4 0.06220923664 0)
(0.405 0.06220923664 0)
(0.41 0.06220923664 0)
(0.415 0.06220923664 0)
(0.42 0.06220923664 0)
(0.425 0.06220923664 0)
(0.43 0.06220923664 0)
(0.435 0.06220923664 0)
(0.44 0.06220923664 0)
(0.445 0.06220923664 0)
(0.45 0.06220923664 0)
(0.455 0.06220923664 0)
(0.46 0.06220923664 0)
(0.465 0.06220923664 0)
(0.47 0.06220923664 0)
(0.475 0.06220923664 0)
(0.48 0.06220923664 0)
(0.485 0.06220923664 0)
(0.49 0.06220923664 0)
(0.495 0.06220923664 0)
(0.5 0.06220923664 0)
(0.505 0.06220923664 0)
(0.51 0.06220923664 0)
(0.515 0.06220923664 0)
(0.52 0.06220923664 0)
(0.525 0.06220923664 0)
(0.53 0.06220923664 0)
(0.535 0.06220923664 0)
(0.54 0.06220923664 0)
(0.545 0.06220923664 0)
(0.55 0.06220923664 0)
(0.555 0.06220923664 0)
(0.56 0.06220923664 0)
(0.565 0.06220923664 0)
(0.57 0.06220923664 0)
(0.575 0.06220923664 0)
(0.58 0.06220923664 0)
(0.585 0.06220923664 0)
(0.59 0.06220923664 0)
(0.595 0.06220923664 0)
(0.6 0.06220923664 0)
(0.605 0.06220923664 0)
(0.61 0.06220923664 0)
(0.615 0.06220923664 0)
(0.62 0.06220923664 0)
(0.625 0.06220923664 0)
(0.63 0.06220923664 0)
(0.635 0.06220923664 0)
(0.64 0.06220923664 0)
(0.645 0.06220923664 0)
(0.65 0.06220923664 0)
(0.655 0.06220923664 0)
(0.66 0.06220923664 0)
(0.665 0.06220923664 0)
(0.67 0.06220923664 0)
(0.675 0.06220923664 0)
(0.68 0.06220923664 0)
(0.685 0.06220923664 0)
(0.69 0.06220923664 0)
(0.695 0.06220923664 0)
(0.7 0.06220923664 0)
(0.705 0.06220923664 0)
(0.71 0.06220923664 0)
(0.715 0.06220923664 0)
(0.72 0.06220923664 0)
(0.725 0.06220923664 0)
(0.73 0.06220923664 0)
(0.735 0.06220923664 0)
(0.74 0.06220923664 0)
(0.745 0.06220923664 0)
(0.75 0.06220923664 0)
(0.755 0.06220923664 0)
(0.76 0.06220923664 0)
(0.765 0.06220923664 0)
(0.77 0.06220923664 0)
(0.775 0.06220923664 0)
(0.78 0.06220923664 0)
(0.785 0.06220923664 0)
(0.79 0.06220923664 0)
(0.795 0.06220923664 0)
(0.8 0.06220923664 0)
(0.805 0.06220923664 0)
(0.81 0.06220923664 0)
(0.815 0.06220923664 0)
(0.82 0.06220923664 0)
(0.825 0.06220923664 0)
(0.83 0.06220923664 0)
(0.835 0.06220923664 0)
(0.84 0.06220923664 0)
(0.845 0.06220923664 0)
(0.85 0.06220923664 0)
(0.855 0.06220923664 0)
(0.86 0.06220923664 0)
(0.865 0.06220923664 0)
(0.87 0.06220923664 0)
(0.875 0.06220923664 0)
(0.88 0.06220923664 0)
(0.885 0.06220923664 0)
(0.89 0.06220923664 0)
(0.895 0.06220923664 0)
(0.9 0.06220923664 0)
(0.905 0.06220923664 0)
(0.91 0.06220923664 0)
(0.915 0.06220923664 0)
(0.92 0.06220923664 0)
(0.925 0.06220923664 0)
(0.93 0.06220923664 0)
(0.935 0.06220923664 0)
(0.94 0.06220923664 0)
(0.945 0.06220923664 0)
(0.95 0.06220923664 0)
(0.955 0.06220923664 0)
(0.96 0.06220923664 0)
(0.965 0.06220923664 0)
(0.97 0.06220923664 0)
(0.975 0.06220923664 0)
(0.98 0.06220923664 0)
(0.985 0.06220923664 0)
(0.99 0.06220923664 0)
(0.995 0.06220923664 0)
(1 0.06220923664 0)
(0.005 0.06673538659 0)
(0.01 0.06673538659 0)
(0.015 0.06673538659 0)
(0.02 0.06673538659 0)
(0.025 0.06673538659 0)
(0.03 0.06673538659 0)
(0.035 0.06673538659 0)
(0.04 0.06673538659 0)
(0.045 0.06673538659 0)
(0.05 0.06673538659 0)
(0.055 0.06673538659 0)
(0.06 0.06673538659 0)
(0.065 0.06673538659 0)
(0.07 0.06673538659 0)
(0.075 0.06673538659 0)
(0.08 0.06673538659 0)
(0.085 0.06673538659 0)
(0.09 0.06673538659 0)
(0.095 0.06673538659 0)
(0.1 0.06673538659 0)
(0.105 0.06673538659 0)
(0.11 0.06673538659 0)
(0.115 0.06673538659 0)
(0.12 0.06673538659 0)
(0.125 0.06673538659 0)
(0.13 0.06673538659 0)
(0.135 0.06673538659 0)
(0.14 0.06673538659 0)
(0.145 0.06673538659 0)
(0.15 0.06673538659 0)
(0.155 0.06673538659 0)
(0.16 0.06673538659 0)
(0.165 0.06673538659 0)
(0.17 0.06673538659 0)
(0.175 0.06673538659 0)
(0.18 0.06673538659 0)
(0.185 0.06673538659 0)
(0.19 0.06673538659 0)
(0.195 0.06673538659 0)
(0.2 0.06673538659 0)
(0.205 0.06673538659 0)
(0.21 0.06673538659 0)
(0.215 0.06673538659 0)
(0.22 0.06673538659 0)
(0.225 0.06673538659 0)
(0.23 0.06673538659 0)
(0.235 0.06673538659 0)
(0.24 0.06673538659 0)
(0.245 0.06673538659 0)
(0.25 0.06673538659 0)
(0.255 0.06673538659 0)
(0.26 0.06673538659 0)
(0.265 0.06673538659 0)
(0.27 0.06673538659 0)
(0.275 0.06673538659 0)
(0.28 0.06673538659 0)
(0.285 0.06673538659 0)
(0.29 0.06673538659 0)
(0.295 0.06673538659 0)
(0.3 0.06673538659 0)
(0.305 0.06673538659 0)
(0.31 0.06673538659 0)
(0.315 0.06673538659 0)
(0.32 0.06673538659 0)
(0.325 0.06673538659 0)
(0.33 0.06673538659 0)
(0.335 0.06673538659 0)
(0.34 0.06673538659 0)
(0.345 0.06673538659 0)
(0.35 0.06673538659 0)
(0.355 0.06673538659 0)
(0.36 0.06673538659 0)
(0.365 0.06673538659 0)
(0.37 0.06673538659 0)
(0.375 0.06673538659 0)
(0.38 0.06673538659 0)
(0.385 0.06673538659 0)
(0.39 0.06673538659 0)
(0.395 0.06673538659 0)
(0.4 0.06673538659 0)
(0.405 0.06673538659 0)
(0.41 0.06673538659 0)
(0.415 0.06673538659 0)
(0.42 0.06673538659 0)
(0.425 0.06673538659 0)
(0.43 0.06673538659 0)
(0.435 0.06673538659 0)
(0.44 0.06673538659 0)
(0.445 0.06673538659 0)
(0.45 0.06673538659 0)
(0.455 0.06673538659 0)
(0.46 0.06673538659 0)
(0.465 0.06673538659 0)
(0.47 0.06673538659 0)
(0.475 0.06673538659 0)
(0.48 0.06673538659 0)
(0.485 0.06673538659 0)
(0.49 0.06673538659 0)
(0.495 0.06673538659 0)
(0.5 0.06673538659 0)
(0.505 0.06673538659 0)
(0.51 0.06673538659 0)
(0.515 0.06673538659 0)
(0.52 0.06673538659 0)
(0.525 0.06673538659 0)
(0.53 0.06673538659 0)
(0.535 0.06673538659 0)
(0.54 0.06673538659 0)
(0.545 0.06673538659 0)
(0.55 0.06673538659 0)
(0.555 0.06673538659 0)
(0.56 0.06673538659 0)
(0.565 0.06673538659 0)
(0.57 0.06673538659 0)
(0.575 0.06673538659 0)
(0.58 0.06673538659 0)
(0.585 0.06673538659 0)
(0.59 0.06673538659 0)
(0.595 0.06673538659 0)
(0.6 0.06673538659 0)
(0.605 0.06673538659 0)
(0.61 0.06673538659 0)
(0.615 0.06673538659 0)
(0.62 0.06673538659 0)
(0.625 0.06673538659 0)
(0.63 0.06673538659 0)
(0.635 0.06673538659 0)
(0.64 0.06673538659 0)
(0.645 0.06673538659 0)
(0.65 0.06673538659 0)
(0.655 0.06673538659 0)
(0.66 0.06673538659 0)
(0.665 0.06673538659 0)
(0.67 0.06673538659 0)
(0.675 0.06673538659 0)
(0.68 0.06673538659 0)
(0.685 0.06673538659 0)
(0.69 0.06673538659 0)
(0.695 0.06673538659 0)
(0.7 0.06673538659 0)
(0.705 0.06673538659 0)
(0.71 0.06673538659 0)
(0.715 0.06673538659 0)
(0.72 0.06673538659 0)
(0.725 0.06673538659 0)
(0.73 0.06673538659 0)
(0.735 0.06673538659 0)
(0.74 0.06673538659 0)
(0.745 0.06673538659 0)
(0.75 0.06673538659 0)
(0.755 0.06673538659 0)
(0.76 0.06673538659 0)
(0.765 0.06673538659 0)
(0.77 0.06673538659 0)
(0.775 0.06673538659 0)
(0.78 0.06673538659 0)
(0.785 0.06673538659 0)
(0.79 0.06673538659 0)
(0.795 0.06673538659 0)
(0.8 0.06673538659 0)
(0.805 0.06673538659 0)
(0.81 0.06673538659 0)
(0.815 0.06673538659 0)
(0.82 0.06673538659 0)
(0.825 0.06673538659 0)
(0.83 0.06673538659 0)
(0.835 0.06673538659 0)
(0.84 0.06673538659 0)
(0.845 0.06673538659 0)
(0.85 0.06673538659 0)
(0.855 0.06673538659 0)
(0.86 0.06673538659 0)
(0.865 0.06673538659 0)
(0.87 0.06673538659 0)
(0.875 0.06673538659 0)
(0.88 0.06673538659 0)
(0.885 0.06673538659 0)
(0.89 0.06673538659 0)
(0.895 0.06673538659 0)
(0.9 0.06673538659 0)
(0.905 0.06673538659 0)
(0.91 0.06673538659 0)
(0.915 0.06673538659 0)
(0.92 0.06673538659 0)
(0.925 0.06673538659 0)
(0.93 0.06673538659 0)
(0.935 0.06673538659 0)
(0.94 0.06673538659 0)
(0.945 0.06673538659 0)
(0.95 0.06673538659 0)
(0.955 0.06673538659 0)
(0.96 0.06673538659 0)
(0.965 0.06673538659 0)
(0.97 0.06673538659 0)
(0.975 0.06673538659 0)
(0.98 0.06673538659 0)
(0.985 0.06673538659 0)
(0.99 0.06673538659 0)
(0.995 0.06673538659 0)
(1 0.06673538659 0)
(0.005 0.07157181808 0)
(0.01 0.07157181808 0)
(0.015 0.07157181808 0)
(0.02 0.07157181808 0)
(0.025 0.07157181808 0)
(0.03 0.07157181808 0)
(0.035 0.07157181808 0)
(0.04 0.07157181808 0)
(0.045 0.07157181808 0)
(0.05 0.07157181808 0)
(0.055 0.07157181808 0)
(0.06 0.07157181808 0)
(0.065 0.07157181808 0)
(0.07 0.07157181808 0)
(0.075 0.07157181808 0)
(0.08 0.07157181808 0)
(0.085 0.07157181808 0)
(0.09 0.07157181808 0)
(0.095 0.07157181808 0)
(0.1 0.07157181808 0)
(0.105 0.07157181808 0)
(0.11 0.07157181808 0)
(0.115 0.07157181808 0)
(0.12 0.07157181808 0)
(0.125 0.07157181808 0)
(0.13 0.07157181808 0)
(0.135 0.07157181808 0)
(0.14 0.07157181808 0)
(0.145 0.07157181808 0)
(0.15 0.07157181808 0)
(0.155 0.07157181808 0)
(0.16 0.07157181808 0)
(0.165 0.07157181808 0)
(0.17 0.07157181808 0)
(0.175 0.07157181808 0)
(0.18 0.07157181808 0)
(0.185 0.07157181808 0)
(0.19 0.07157181808 0)
(0.195 0.07157181808 0)
(0.2 0.07157181808 0)
(0.205 0.07157181808 0)
(0.21 0.07157181808 0)
(0.215 0.07157181808 0)
(0.22 0.07157181808 0)
(0.225 0.07157181808 0)
(0.23 0.07157181808 0)
(0.235 0.07157181808 0)
(0.24 0.07157181808 0)
(0.245 0.07157181808 0)
(0.25 0.07157181808 0)
(0.255 0.07157181808 0)
(0.26 0.07157181808 0)
(0.265 0.07157181808 0)
(0.27 0.07157181808 0)
(0.275 0.07157181808 0)
(0.28 0.07157181808 0)
(0.285 0.07157181808 0)
(0.29 0.07157181808 0)
(0.295 0.07157181808 0)
(0.3 0.07157181808 0)
(0.305 0.07157181808 0)
(0.31 0.07157181808 0)
(0.315 0.07157181808 0)
(0.32 0.07157181808 0)
(0.325 0.07157181808 0)
(0.33 0.07157181808 0)
(0.335 0.07157181808 0)
(0.34 0.07157181808 0)
(0.345 0.07157181808 0)
(0.35 0.07157181808 0)
(0.355 0.07157181808 0)
(0.36 0.07157181808 0)
(0.365 0.07157181808 0)
(0.37 0.07157181808 0)
(0.375 0.07157181808 0)
(0.38 0.07157181808 0)
(0.385 0.07157181808 0)
(0.39 0.07157181808 0)
(0.395 0.07157181808 0)
(0.4 0.07157181808 0)
(0.405 0.07157181808 0)
(0.41 0.07157181808 0)
(0.415 0.07157181808 0)
(0.42 0.07157181808 0)
(0.425 0.07157181808 0)
(0.43 0.07157181808 0)
(0.435 0.07157181808 0)
(0.44 0.07157181808 0)
(0.445 0.07157181808 0)
(0.45 0.07157181808 0)
(0.455 0.07157181808 0)
(0.46 0.07157181808 0)
(0.465 0.07157181808 0)
(0.47 0.07157181808 0)
(0.475 0.07157181808 0)
(0.48 0.07157181808 0)
(0.485 0.07157181808 0)
(0.49 0.07157181808 0)
(0.495 0.07157181808 0)
(0.5 0.07157181808 0)
(0.505 0.07157181808 0)
(0.51 0.07157181808 0)
(0.515 0.07157181808 0)
(0.52 0.07157181808 0)
(0.525 0.07157181808 0)
(0.53 0.07157181808 0)
(0.535 0.07157181808 0)
(0.54 0.07157181808 0)
(0.545 0.07157181808 0)
(0.55 0.07157181808 0)
(0.555 0.07157181808 0)
(0.56 0.07157181808 0)
(0.565 0.07157181808 0)
(0.57 0.07157181808 0)
(0.575 0.07157181808 0)
(0.58 0.07157181808 0)
(0.585 0.07157181808 0)
(0.59 0.07157181808 0)
(0.595 0.07157181808 0)
(0.6 0.07157181808 0)
(0.605 0.07157181808 0)
(0.61 0.07157181808 0)
(0.615 0.07157181808 0)
(0.62 0.07157181808 0)
(0.625 0.07157181808 0)
(0.63 0.07157181808 0)
(0.635 0.07157181808 0)
(0.64 0.07157181808 0)
(0.645 0.07157181808 0)
(0.65 0.07157181808 0)
(0.655 0.07157181808 0)
(0.66 0.07157181808 0)
(0.665 0.07157181808 0)
(0.67 0.07157181808 0)
(0.675 0.07157181808 0)
(0.68 0.07157181808 0)
(0.685 0.07157181808 0)
(0.69 0.07157181808 0)
(0.695 0.07157181808 0)
(0.7 0.07157181808 0)
(0.705 0.07157181808 0)
(0.71 0.07157181808 0)
(0.715 0.07157181808 0)
(0.72 0.07157181808 0)
(0.725 0.07157181808 0)
(0.73 0.07157181808 0)
(0.735 0.07157181808 0)
(0.74 0.07157181808 0)
(0.745 0.07157181808 0)
(0.75 0.07157181808 0)
(0.755 0.07157181808 0)
(0.76 0.07157181808 0)
(0.765 0.07157181808 0)
(0.77 0.07157181808 0)
(0.775 0.07157181808 0)
(0.78 0.07157181808 0)
(0.785 0.07157181808 0)
(0.79 0.07157181808 0)
(0.795 0.07157181808 0)
(0.8 0.07157181808 0)
(0.805 0.07157181808 0)
(0.81 0.07157181808 0)
(0.815 0.07157181808 0)
(0.82 0.07157181808 0)
(0.825 0.07157181808 0)
(0.83 0.07157181808 0)
(0.835 0.07157181808 0)
(0.84 0.07157181808 0)
(0.845 0.07157181808 0)
(0.85 0.07157181808 0)
(0.855 0.07157181808 0)
(0.86 0.07157181808 0)
(0.865 0.07157181808 0)
(0.87 0.07157181808 0)
(0.875 0.07157181808 0)
(0.88 0.07157181808 0)
(0.885 0.07157181808 0)
(0.89 0.07157181808 0)
(0.895 0.07157181808 0)
(0.9 0.07157181808 0)
(0.905 0.07157181808 0)
(0.91 0.07157181808 0)
(0.915 0.07157181808 0)
(0.92 0.07157181808 0)
(0.925 0.07157181808 0)
(0.93 0.07157181808 0)
(0.935 0.07157181808 0)
(0.94 0.07157181808 0)
(0.945 0.07157181808 0)
(0.95 0.07157181808 0)
(0.955 0.07157181808 0)
(0.96 0.07157181808 0)
(0.965 0.07157181808 0)
(0.97 0.07157181808 0)
(0.975 0.07157181808 0)
(0.98 0.07157181808 0)
(0.985 0.07157181808 0)
(0.99 0.07157181808 0)
(0.995 0.07157181808 0)
(1 0.07157181808 0)
(0.005 0.07673980185 0)
(0.01 0.07673980185 0)
(0.015 0.07673980185 0)
(0.02 0.07673980185 0)
(0.025 0.07673980185 0)
(0.03 0.07673980185 0)
(0.035 0.07673980185 0)
(0.04 0.07673980185 0)
(0.045 0.07673980185 0)
(0.05 0.07673980185 0)
(0.055 0.07673980185 0)
(0.06 0.07673980185 0)
(0.065 0.07673980185 0)
(0.07 0.07673980185 0)
(0.075 0.07673980185 0)
(0.08 0.07673980185 0)
(0.085 0.07673980185 0)
(0.09 0.07673980185 0)
(0.095 0.07673980185 0)
(0.1 0.07673980185 0)
(0.105 0.07673980185 0)
(0.11 0.07673980185 0)
(0.115 0.07673980185 0)
(0.12 0.07673980185 0)
(0.125 0.07673980185 0)
(0.13 0.07673980185 0)
(0.135 0.07673980185 0)
(0.14 0.07673980185 0)
(0.145 0.07673980185 0)
(0.15 0.07673980185 0)
(0.155 0.07673980185 0)
(0.16 0.07673980185 0)
(0.165 0.07673980185 0)
(0.17 0.07673980185 0)
(0.175 0.07673980185 0)
(0.18 0.07673980185 0)
(0.185 0.07673980185 0)
(0.19 0.07673980185 0)
(0.195 0.07673980185 0)
(0.2 0.07673980185 0)
(0.205 0.07673980185 0)
(0.21 0.07673980185 0)
(0.215 0.07673980185 0)
(0.22 0.07673980185 0)
(0.225 0.07673980185 0)
(0.23 0.07673980185 0)
(0.235 0.07673980185 0)
(0.24 0.07673980185 0)
(0.245 0.07673980185 0)
(0.25 0.07673980185 0)
(0.255 0.07673980185 0)
(0.26 0.07673980185 0)
(0.265 0.07673980185 0)
(0.27 0.07673980185 0)
(0.275 0.07673980185 0)
(0.28 0.07673980185 0)
(0.285 0.07673980185 0)
(0.29 0.07673980185 0)
(0.295 0.07673980185 0)
(0.3 0.07673980185 0)
(0.305 0.07673980185 0)
(0.31 0.07673980185 0)
(0.315 0.07673980185 0)
(0.32 0.07673980185 0)
(0.325 0.07673980185 0)
(0.33 0.07673980185 0)
(0.335 0.07673980185 0)
(0.34 0.07673980185 0)
(0.345 0.07673980185 0)
(0.35 0.07673980185 0)
(0.355 0.07673980185 0)
(0.36 0.07673980185 0)
(0.365 0.07673980185 0)
(0.37 0.07673980185 0)
(0.375 0.07673980185 0)
(0.38 0.07673980185 0)
(0.385 0.07673980185 0)
(0.39 0.07673980185 0)
(0.395 0.07673980185 0)
(0.4 0.07673980185 0)
(0.405 0.07673980185 0)
(0.41 0.07673980185 0)
(0.415 0.07673980185 0)
(0.42 0.07673980185 0)
(0.425 0.07673980185 0)
(0.43 0.07673980185 0)
(0.435 0.07673980185 0)
(0.44 0.07673980185 0)
(0.445 0.07673980185 0)
(0.45 0.07673980185 0)
(0.455 0.07673980185 0)
(0.46 0.07673980185 0)
(0.465 0.07673980185 0)
(0.47 0.07673980185 0)
(0.475 0.07673980185 0)
(0.48 0.07673980185 0)
(0.485 0.07673980185 0)
(0.49 0.07673980185 0)
(0.495 0.07673980185 0)
(0.5 0.07673980185 0)
(0.505 0.07673980185 0)
(0.51 0.07673980185 0)
(0.515 0.07673980185 0)
(0.52 0.07673980185 0)
(0.525 0.07673980185 0)
(0.53 0.07673980185 0)
(0.535 0.07673980185 0)
(0.54 0.07673980185 0)
(0.545 0.07673980185 0)
(0.55 0.07673980185 0)
(0.555 0.07673980185 0)
(0.56 0.07673980185 0)
(0.565 0.07673980185 0)
(0.57 0.07673980185 0)
(0.575 0.07673980185 0)
(0.58 0.07673980185 0)
(0.585 0.07673980185 0)
(0.59 0.07673980185 0)
(0.595 0.07673980185 0)
(0.6 0.07673980185 0)
(0.605 0.07673980185 0)
(0.61 0.07673980185 0)
(0.615 0.07673980185 0)
(0.62 0.07673980185 0)
(0.625 0.07673980185 0)
(0.63 0.07673980185 0)
(0.635 0.07673980185 0)
(0.64 0.07673980185 0)
(0.645 0.07673980185 0)
(0.65 0.07673980185 0)
(0.655 0.07673980185 0)
(0.66 0.07673980185 0)
(0.665 0.07673980185 0)
(0.67 0.07673980185 0)
(0.675 0.07673980185 0)
(0.68 0.07673980185 0)
(0.685 0.07673980185 0)
(0.69 0.07673980185 0)
(0.695 0.07673980185 0)
(0.7 0.07673980185 0)
(0.705 0.07673980185 0)
(0.71 0.07673980185 0)
(0.715 0.07673980185 0)
(0.72 0.07673980185 0)
(0.725 0.07673980185 0)
(0.73 0.07673980185 0)
(0.735 0.07673980185 0)
(0.74 0.07673980185 0)
(0.745 0.07673980185 0)
(0.75 0.07673980185 0)
(0.755 0.07673980185 0)
(0.76 0.07673980185 0)
(0.765 0.07673980185 0)
(0.77 0.07673980185 0)
(0.775 0.07673980185 0)
(0.78 0.07673980185 0)
(0.785 0.07673980185 0)
(0.79 0.07673980185 0)
(0.795 0.07673980185 0)
(0.8 0.07673980185 0)
(0.805 0.07673980185 0)
(0.81 0.07673980185 0)
(0.815 0.07673980185 0)
(0.82 0.07673980185 0)
(0.825 0.07673980185 0)
(0.83 0.07673980185 0)
(0.835 0.07673980185 0)
(0.84 0.07673980185 0)
(0.845 0.07673980185 0)
(0.85 0.07673980185 0)
(0.855 0.07673980185 0)
(0.86 0.07673980185 0)
(0.865 0.07673980185 0)
(0.87 0.07673980185 0)
(0.875 0.07673980185 0)
(0.88 0.07673980185 0)
(0.885 0.07673980185 0)
(0.89 0.07673980185 0)
(0.895 0.07673980185 0)
(0.9 0.07673980185 0)
(0.905 0.07673980185 0)
(0.91 0.07673980185 0)
(0.915 0.07673980185 0)
(0.92 0.07673980185 0)
(0.925 0.07673980185 0)
(0.93 0.07673980185 0)
(0.935 0.07673980185 0)
(0.94 0.07673980185 0)
(0.945 0.07673980185 0)
(0.95 0.07673980185 0)
(0.955 0.07673980185 0)
(0.96 0.07673980185 0)
(0.965 0.07673980185 0)
(0.97 0.07673980185 0)
(0.975 0.07673980185 0)
(0.98 0.07673980185 0)
(0.985 0.07673980185 0)
(0.99 0.07673980185 0)
(0.995 0.07673980185 0)
(1 0.07673980185 0)
(0.005 0.08226206685 0)
(0.01 0.08226206685 0)
(0.015 0.08226206685 0)
(0.02 0.08226206685 0)
(0.025 0.08226206685 0)
(0.03 0.08226206685 0)
(0.035 0.08226206685 0)
(0.04 0.08226206685 0)
(0.045 0.08226206685 0)
(0.05 0.08226206685 0)
(0.055 0.08226206685 0)
(0.06 0.08226206685 0)
(0.065 0.08226206685 0)
(0.07 0.08226206685 0)
(0.075 0.08226206685 0)
(0.08 0.08226206685 0)
(0.085 0.08226206685 0)
(0.09 0.08226206685 0)
(0.095 0.08226206685 0)
(0.1 0.08226206685 0)
(0.105 0.08226206685 0)
(0.11 0.08226206685 0)
(0.115 0.08226206685 0)
(0.12 0.08226206685 0)
(0.125 0.08226206685 0)
(0.13 0.08226206685 0)
(0.135 0.08226206685 0)
(0.14 0.08226206685 0)
(0.145 0.08226206685 0)
(0.15 0.08226206685 0)
(0.155 0.08226206685 0)
(0.16 0.08226206685 0)
(0.165 0.08226206685 0)
(0.17 0.08226206685 0)
(0.175 0.08226206685 0)
(0.18 0.08226206685 0)
(0.185 0.08226206685 0)
(0.19 0.08226206685 0)
(0.195 0.08226206685 0)
(0.2 0.08226206685 0)
(0.205 0.08226206685 0)
(0.21 0.08226206685 0)
(0.215 0.08226206685 0)
(0.22 0.08226206685 0)
(0.225 0.08226206685 0)
(0.23 0.08226206685 0)
(0.235 0.08226206685 0)
(0.24 0.08226206685 0)
(0.245 0.08226206685 0)
(0.25 0.08226206685 0)
(0.255 0.08226206685 0)
(0.26 0.08226206685 0)
(0.265 0.08226206685 0)
(0.27 0.08226206685 0)
(0.275 0.08226206685 0)
(0.28 0.08226206685 0)
(0.285 0.08226206685 0)
(0.29 0.08226206685 0)
(0.295 0.08226206685 0)
(0.3 0.08226206685 0)
(0.305 0.08226206685 0)
(0.31 0.08226206685 0)
(0.315 0.08226206685 0)
(0.32 0.08226206685 0)
(0.325 0.08226206685 0)
(0.33 0.08226206685 0)
(0.335 0.08226206685 0)
(0.34 0.08226206685 0)
(0.345 0.08226206685 0)
(0.35 0.08226206685 0)
(0.355 0.08226206685 0)
(0.36 0.08226206685 0)
(0.365 0.08226206685 0)
(0.37 0.08226206685 0)
(0.375 0.08226206685 0)
(0.38 0.08226206685 0)
(0.385 0.08226206685 0)
(0.39 0.08226206685 0)
(0.395 0.08226206685 0)
(0.4 0.08226206685 0)
(0.405 0.08226206685 0)
(0.41 0.08226206685 0)
(0.415 0.08226206685 0)
(0.42 0.08226206685 0)
(0.425 0.08226206685 0)
(0.43 0.08226206685 0)
(0.435 0.08226206685 0)
(0.44 0.08226206685 0)
(0.445 0.08226206685 0)
(0.45 0.08226206685 0)
(0.455 0.08226206685 0)
(0.46 0.08226206685 0)
(0.465 0.08226206685 0)
(0.47 0.08226206685 0)
(0.475 0.08226206685 0)
(0.48 0.08226206685 0)
(0.485 0.08226206685 0)
(0.49 0.08226206685 0)
(0.495 0.08226206685 0)
(0.5 0.08226206685 0)
(0.505 0.08226206685 0)
(0.51 0.08226206685 0)
(0.515 0.08226206685 0)
(0.52 0.08226206685 0)
(0.525 0.08226206685 0)
(0.53 0.08226206685 0)
(0.535 0.08226206685 0)
(0.54 0.08226206685 0)
(0.545 0.08226206685 0)
(0.55 0.08226206685 0)
(0.555 0.08226206685 0)
(0.56 0.08226206685 0)
(0.565 0.08226206685 0)
(0.57 0.08226206685 0)
(0.575 0.08226206685 0)
(0.58 0.08226206685 0)
(0.585 0.08226206685 0)
(0.59 0.08226206685 0)
(0.595 0.08226206685 0)
(0.6 0.08226206685 0)
(0.605 0.08226206685 0)
(0.61 0.08226206685 0)
(0.615 0.08226206685 0)
(0.62 0.08226206685 0)
(0.625 0.08226206685 0)
(0.63 0.08226206685 0)
(0.635 0.08226206685 0)
(0.64 0.08226206685 0)
(0.645 0.08226206685 0)
(0.65 0.08226206685 0)
(0.655 0.08226206685 0)
(0.66 0.08226206685 0)
(0.665 0.08226206685 0)
(0.67 0.08226206685 0)
(0.675 0.08226206685 0)
(0.68 0.08226206685 0)
(0.685 0.08226206685 0)
(0.69 0.08226206685 0)
(0.695 0.08226206685 0)
(0.7 0.08226206685 0)
(0.705 0.08226206685 0)
(0.71 0.08226206685 0)
(0.715 0.08226206685 0)
(0.72 0.08226206685 0)
(0.725 0.08226206685 0)
(0.73 0.08226206685 0)
(0.735 0.08226206685 0)
(0.74 0.08226206685 0)
(0.745 0.08226206685 0)
(0.75 0.08226206685 0)
(0.755 0.08226206685 0)
(0.76 0.08226206685 0)
(0.765 0.08226206685 0)
(0.77 0.08226206685 0)
(0.775 0.08226206685 0)
(0.78 0.08226206685 0)
(0.785 0.08226206685 0)
(0.79 0.08226206685 0)
(0.795 0.08226206685 0)
(0.8 0.08226206685 0)
(0.805 0.08226206685 0)
(0.81 0.08226206685 0)
(0.815 0.08226206685 0)
(0.82 0.08226206685 0)
(0.825 0.08226206685 0)
(0.83 0.08226206685 0)
(0.835 0.08226206685 0)
(0.84 0.08226206685 0)
(0.845 0.08226206685 0)
(0.85 0.08226206685 0)
(0.855 0.08226206685 0)
(0.86 0.08226206685 0)
(0.865 0.08226206685 0)
(0.87 0.08226206685 0)
(0.875 0.08226206685 0)
(0.88 0.08226206685 0)
(0.885 0.08226206685 0)
(0.89 0.08226206685 0)
(0.895 0.08226206685 0)
(0.9 0.08226206685 0)
(0.905 0.08226206685 0)
(0.91 0.08226206685 0)
(0.915 0.08226206685 0)
(0.92 0.08226206685 0)
(0.925 0.08226206685 0)
(0.93 0.08226206685 0)
(0.935 0.08226206685 0)
(0.94 0.08226206685 0)
(0.945 0.08226206685 0)
(0.95 0.08226206685 0)
(0.955 0.08226206685 0)
(0.96 0.08226206685 0)
(0.965 0.08226206685 0)
(0.97 0.08226206685 0)
(0.975 0.08226206685 0)
(0.98 0.08226206685 0)
(0.985 0.08226206685 0)
(0.99 0.08226206685 0)
(0.995 0.08226206685 0)
(1 0.08226206685 0)
(0.005 0.08816290014 0)
(0.01 0.08816290014 0)
(0.015 0.08816290014 0)
(0.02 0.08816290014 0)
(0.025 0.08816290014 0)
(0.03 0.08816290014 0)
(0.035 0.08816290014 0)
(0.04 0.08816290014 0)
(0.045 0.08816290014 0)
(0.05 0.08816290014 0)
(0.055 0.08816290014 0)
(0.06 0.08816290014 0)
(0.065 0.08816290014 0)
(0.07 0.08816290014 0)
(0.075 0.08816290014 0)
(0.08 0.08816290014 0)
(0.085 0.08816290014 0)
(0.09 0.08816290014 0)
(0.095 0.08816290014 0)
(0.1 0.08816290014 0)
(0.105 0.08816290014 0)
(0.11 0.08816290014 0)
(0.115 0.08816290014 0)
(0.12 0.08816290014 0)
(0.125 0.08816290014 0)
(0.13 0.08816290014 0)
(0.135 0.08816290014 0)
(0.14 0.08816290014 0)
(0.145 0.08816290014 0)
(0.15 0.08816290014 0)
(0.155 0.08816290014 0)
(0.16 0.08816290014 0)
(0.165 0.08816290014 0)
(0.17 0.08816290014 0)
(0.175 0.08816290014 0)
(0.18 0.08816290014 0)
(0.185 0.08816290014 0)
(0.19 0.08816290014 0)
(0.195 0.08816290014 0)
(0.2 0.08816290014 0)
(0.205 0.08816290014 0)
(0.21 0.08816290014 0)
(0.215 0.08816290014 0)
(0.22 0.08816290014 0)
(0.225 0.08816290014 0)
(0.23 0.08816290014 0)
(0.235 0.08816290014 0)
(0.24 0.08816290014 0)
(0.245 0.08816290014 0)
(0.25 0.08816290014 0)
(0.255 0.08816290014 0)
(0.26 0.08816290014 0)
(0.265 0.08816290014 0)
(0.27 0.08816290014 0)
(0.275 0.08816290014 0)
(0.28 0.08816290014 0)
(0.285 0.08816290014 0)
(0.29 0.08816290014 0)
(0.295 0.08816290014 0)
(0.3 0.08816290014 0)
(0.305 0.08816290014 0)
(0.31 0.08816290014 0)
(0.315 0.08816290014 0)
(0.32 0.08816290014 0)
(0.325 0.08816290014 0)
(0.33 0.08816290014 0)
(0.335 0.08816290014 0)
(0.34 0.08816290014 0)
(0.345 0.08816290014 0)
(0.35 0.08816290014 0)
(0.355 0.08816290014 0)
(0.36 0.08816290014 0)
(0.365 0.08816290014 0)
(0.37 0.08816290014 0)
(0.375 0.08816290014 0)
(0.38 0.08816290014 0)
(0.385 0.08816290014 0)
(0.39 0.08816290014 0)
(0.395 0.08816290014 0)
(0.4 0.08816290014 0)
(0.405 0.08816290014 0)
(0.41 0.08816290014 0)
(0.415 0.08816290014 0)
(0.42 0.08816290014 0)
(0.425 0.08816290014 0)
(0.43 0.08816290014 0)
(0.435 0.08816290014 0)
(0.44 0.08816290014 0)
(0.445 0.08816290014 0)
(0.45 0.08816290014 0)
(0.455 0.08816290014 0)
(0.46 0.08816290014 0)
(0.465 0.08816290014 0)
(0.47 0.08816290014 0)
(0.475 0.08816290014 0)
(0.48 0.08816290014 0)
(0.485 0.08816290014 0)
(0.49 0.08816290014 0)
(0.495 0.08816290014 0)
(0.5 0.08816290014 0)
(0.505 0.08816290014 0)
(0.51 0.08816290014 0)
(0.515 0.08816290014 0)
(0.52 0.08816290014 0)
(0.525 0.08816290014 0)
(0.53 0.08816290014 0)
(0.535 0.08816290014 0)
(0.54 0.08816290014 0)
(0.545 0.08816290014 0)
(0.55 0.08816290014 0)
(0.555 0.08816290014 0)
(0.56 0.08816290014 0)
(0.565 0.08816290014 0)
(0.57 0.08816290014 0)
(0.575 0.08816290014 0)
(0.58 0.08816290014 0)
(0.585 0.08816290014 0)
(0.59 0.08816290014 0)
(0.595 0.08816290014 0)
(0.6 0.08816290014 0)
(0.605 0.08816290014 0)
(0.61 0.08816290014 0)
(0.615 0.08816290014 0)
(0.62 0.08816290014 0)
(0.625 0.08816290014 0)
(0.63 0.08816290014 0)
(0.635 0.08816290014 0)
(0.64 0.08816290014 0)
(0.645 0.08816290014 0)
(0.65 0.08816290014 0)
(0.655 0.08816290014 0)
(0.66 0.08816290014 0)
(0.665 0.08816290014 0)
(0.67 0.08816290014 0)
(0.675 0.08816290014 0)
(0.68 0.08816290014 0)
(0.685 0.08816290014 0)
(0.69 0.08816290014 0)
(0.695 0.08816290014 0)
(0.7 0.08816290014 0)
(0.705 0.08816290014 0)
(0.71 0.08816290014 0)
(0.715 0.08816290014 0)
(0.72 0.08816290014 0)
(0.725 0.08816290014 0)
(0.73 0.08816290014 0)
(0.735 0.08816290014 0)
(0.74 0.08816290014 0)
(0.745 0.08816290014 0)
(0.75 0.08816290014 0)
(0.755 0.08816290014 0)
(0.76 0.08816290014 0)
(0.765 0.08816290014 0)
(0.77 0.08816290014 0)
(0.775 0.08816290014 0)
(0.78 0.08816290014 0)
(0.785 0.08816290014 0)
(0.79 0.08816290014 0)
(0.795 0.08816290014 0)
(0.8 0.08816290014 0)
(0.805 0.08816290014 0)
(0.81 0.08816290014 0)
(0.815 0.08816290014 0)
(0.82 0.08816290014 0)
(0.825 0.08816290014 0)
(0.83 0.08816290014 0)
(0.835 0.08816290014 0)
(0.84 0.08816290014 0)
(0.845 0.08816290014 0)
(0.85 0.08816290014 0)
(0.855 0.08816290014 0)
(0.86 0.08816290014 0)
(0.865 0.08816290014 0)
(0.87 0.08816290014 0)
(0.875 0.08816290014 0)
(0.88 0.08816290014 0)
(0.885 0.08816290014 0)
(0.89 0.08816290014 0)
(0.895 0.08816290014 0)
(0.9 0.08816290014 0)
(0.905 0.08816290014 0)
(0.91 0.08816290014 0)
(0.915 0.08816290014 0)
(0.92 0.08816290014 0)
(0.925 0.08816290014 0)
(0.93 0.08816290014 0)
(0.935 0.08816290014 0)
(0.94 0.08816290014 0)
(0.945 0.08816290014 0)
(0.95 0.08816290014 0)
(0.955 0.08816290014 0)
(0.96 0.08816290014 0)
(0.965 0.08816290014 0)
(0.97 0.08816290014 0)
(0.975 0.08816290014 0)
(0.98 0.08816290014 0)
(0.985 0.08816290014 0)
(0.99 0.08816290014 0)
(0.995 0.08816290014 0)
(1 0.08816290014 0)
(0.005 0.09446825374 0)
(0.01 0.09446825374 0)
(0.015 0.09446825374 0)
(0.02 0.09446825374 0)
(0.025 0.09446825374 0)
(0.03 0.09446825374 0)
(0.035 0.09446825374 0)
(0.04 0.09446825374 0)
(0.045 0.09446825374 0)
(0.05 0.09446825374 0)
(0.055 0.09446825374 0)
(0.06 0.09446825374 0)
(0.065 0.09446825374 0)
(0.07 0.09446825374 0)
(0.075 0.09446825374 0)
(0.08 0.09446825374 0)
(0.085 0.09446825374 0)
(0.09 0.09446825374 0)
(0.095 0.09446825374 0)
(0.1 0.09446825374 0)
(0.105 0.09446825374 0)
(0.11 0.09446825374 0)
(0.115 0.09446825374 0)
(0.12 0.09446825374 0)
(0.125 0.09446825374 0)
(0.13 0.09446825374 0)
(0.135 0.09446825374 0)
(0.14 0.09446825374 0)
(0.145 0.09446825374 0)
(0.15 0.09446825374 0)
(0.155 0.09446825374 0)
(0.16 0.09446825374 0)
(0.165 0.09446825374 0)
(0.17 0.09446825374 0)
(0.175 0.09446825374 0)
(0.18 0.09446825374 0)
(0.185 0.09446825374 0)
(0.19 0.09446825374 0)
(0.195 0.09446825374 0)
(0.2 0.09446825374 0)
(0.205 0.09446825374 0)
(0.21 0.09446825374 0)
(0.215 0.09446825374 0)
(0.22 0.09446825374 0)
(0.225 0.09446825374 0)
(0.23 0.09446825374 0)
(0.235 0.09446825374 0)
(0.24 0.09446825374 0)
(0.245 0.09446825374 0)
(0.25 0.09446825374 0)
(0.255 0.09446825374 0)
(0.26 0.09446825374 0)
(0.265 0.09446825374 0)
(0.27 0.09446825374 0)
(0.275 0.09446825374 0)
(0.28 0.09446825374 0)
(0.285 0.09446825374 0)
(0.29 0.09446825374 0)
(0.295 0.09446825374 0)
(0.3 0.09446825374 0)
(0.305 0.09446825374 0)
(0.31 0.09446825374 0)
(0.315 0.09446825374 0)
(0.32 0.09446825374 0)
(0.325 0.09446825374 0)
(0.33 0.09446825374 0)
(0.335 0.09446825374 0)
(0.34 0.09446825374 0)
(0.345 0.09446825374 0)
(0.35 0.09446825374 0)
(0.355 0.09446825374 0)
(0.36 0.09446825374 0)
(0.365 0.09446825374 0)
(0.37 0.09446825374 0)
(0.375 0.09446825374 0)
(0.38 0.09446825374 0)
(0.385 0.09446825374 0)
(0.39 0.09446825374 0)
(0.395 0.09446825374 0)
(0.4 0.09446825374 0)
(0.405 0.09446825374 0)
(0.41 0.09446825374 0)
(0.415 0.09446825374 0)
(0.42 0.09446825374 0)
(0.425 0.09446825374 0)
(0.43 0.09446825374 0)
(0.435 0.09446825374 0)
(0.44 0.09446825374 0)
(0.445 0.09446825374 0)
(0.45 0.09446825374 0)
(0.455 0.09446825374 0)
(0.46 0.09446825374 0)
(0.465 0.09446825374 0)
(0.47 0.09446825374 0)
(0.475 0.09446825374 0)
(0.48 0.09446825374 0)
(0.485 0.09446825374 0)
(0.49 0.09446825374 0)
(0.495 0.09446825374 0)
(0.5 0.09446825374 0)
(0.505 0.09446825374 0)
(0.51 0.09446825374 0)
(0.515 0.09446825374 0)
(0.52 0.09446825374 0)
(0.525 0.09446825374 0)
(0.53 0.09446825374 0)
(0.535 0.09446825374 0)
(0.54 0.09446825374 0)
(0.545 0.09446825374 0)
(0.55 0.09446825374 0)
(0.555 0.09446825374 0)
(0.56 0.09446825374 0)
(0.565 0.09446825374 0)
(0.57 0.09446825374 0)
(0.575 0.09446825374 0)
(0.58 0.09446825374 0)
(0.585 0.09446825374 0)
(0.59 0.09446825374 0)
(0.595 0.09446825374 0)
(0.6 0.09446825374 0)
(0.605 0.09446825374 0)
(0.61 0.09446825374 0)
(0.615 0.09446825374 0)
(0.62 0.09446825374 0)
(0.625 0.09446825374 0)
(0.63 0.09446825374 0)
(0.635 0.09446825374 0)
(0.64 0.09446825374 0)
(0.645 0.09446825374 0)
(0.65 0.09446825374 0)
(0.655 0.09446825374 0)
(0.66 0.09446825374 0)
(0.665 0.09446825374 0)
(0.67 0.09446825374 0)
(0.675 0.09446825374 0)
(0.68 0.09446825374 0)
(0.685 0.09446825374 0)
(0.69 0.09446825374 0)
(0.695 0.09446825374 0)
(0.7 0.09446825374 0)
(0.705 0.09446825374 0)
(0.71 0.09446825374 0)
(0.715 0.09446825374 0)
(0.72 0.09446825374 0)
(0.725 0.09446825374 0)
(0.73 0.09446825374 0)
(0.735 0.09446825374 0)
(0.74 0.09446825374 0)
(0.745 0.09446825374 0)
(0.75 0.09446825374 0)
(0.755 0.09446825374 0)
(0.76 0.09446825374 0)
(0.765 0.09446825374 0)
(0.77 0.09446825374 0)
(0.775 0.09446825374 0)
(0.78 0.09446825374 0)
(0.785 0.09446825374 0)
(0.79 0.09446825374 0)
(0.795 0.09446825374 0)
(0.8 0.09446825374 0)
(0.805 0.09446825374 0)
(0.81 0.09446825374 0)
(0.815 0.09446825374 0)
(0.82 0.09446825374 0)
(0.825 0.09446825374 0)
(0.83 0.09446825374 0)
(0.835 0.09446825374 0)
(0.84 0.09446825374 0)
(0.845 0.09446825374 0)
(0.85 0.09446825374 0)
(0.855 0.09446825374 0)
(0.86 0.09446825374 0)
(0.865 0.09446825374 0)
(0.87 0.09446825374 0)
(0.875 0.09446825374 0)
(0.88 0.09446825374 0)
(0.885 0.09446825374 0)
(0.89 0.09446825374 0)
(0.895 0.09446825374 0)
(0.9 0.09446825374 0)
(0.905 0.09446825374 0)
(0.91 0.09446825374 0)
(0.915 0.09446825374 0)
(0.92 0.09446825374 0)
(0.925 0.09446825374 0)
(0.93 0.09446825374 0)
(0.935 0.09446825374 0)
(0.94 0.09446825374 0)
(0.945 0.09446825374 0)
(0.95 0.09446825374 0)
(0.955 0.09446825374 0)
(0.96 0.09446825374 0)
(0.965 0.09446825374 0)
(0.97 0.09446825374 0)
(0.975 0.09446825374 0)
(0.98 0.09446825374 0)
(0.985 0.09446825374 0)
(0.99 0.09446825374 0)
(0.995 0.09446825374 0)
(1 0.09446825374 0)
(0.005 0.1012058588 0)
(0.01 0.1012058588 0)
(0.015 0.1012058588 0)
(0.02 0.1012058588 0)
(0.025 0.1012058588 0)
(0.03 0.1012058588 0)
(0.035 0.1012058588 0)
(0.04 0.1012058588 0)
(0.045 0.1012058588 0)
(0.05 0.1012058588 0)
(0.055 0.1012058588 0)
(0.06 0.1012058588 0)
(0.065 0.1012058588 0)
(0.07 0.1012058588 0)
(0.075 0.1012058588 0)
(0.08 0.1012058588 0)
(0.085 0.1012058588 0)
(0.09 0.1012058588 0)
(0.095 0.1012058588 0)
(0.1 0.1012058588 0)
(0.105 0.1012058588 0)
(0.11 0.1012058588 0)
(0.115 0.1012058588 0)
(0.12 0.1012058588 0)
(0.125 0.1012058588 0)
(0.13 0.1012058588 0)
(0.135 0.1012058588 0)
(0.14 0.1012058588 0)
(0.145 0.1012058588 0)
(0.15 0.1012058588 0)
(0.155 0.1012058588 0)
(0.16 0.1012058588 0)
(0.165 0.1012058588 0)
(0.17 0.1012058588 0)
(0.175 0.1012058588 0)
(0.18 0.1012058588 0)
(0.185 0.1012058588 0)
(0.19 0.1012058588 0)
(0.195 0.1012058588 0)
(0.2 0.1012058588 0)
(0.205 0.1012058588 0)
(0.21 0.1012058588 0)
(0.215 0.1012058588 0)
(0.22 0.1012058588 0)
(0.225 0.1012058588 0)
(0.23 0.1012058588 0)
(0.235 0.1012058588 0)
(0.24 0.1012058588 0)
(0.245 0.1012058588 0)
(0.25 0.1012058588 0)
(0.255 0.1012058588 0)
(0.26 0.1012058588 0)
(0.265 0.1012058588 0)
(0.27 0.1012058588 0)
(0.275 0.1012058588 0)
(0.28 0.1012058588 0)
(0.285 0.1012058588 0)
(0.29 0.1012058588 0)
(0.295 0.1012058588 0)
(0.3 0.1012058588 0)
(0.305 0.1012058588 0)
(0.31 0.1012058588 0)
(0.315 0.1012058588 0)
(0.32 0.1012058588 0)
(0.325 0.1012058588 0)
(0.33 0.1012058588 0)
(0.335 0.1012058588 0)
(0.34 0.1012058588 0)
(0.345 0.1012058588 0)
(0.35 0.1012058588 0)
(0.355 0.1012058588 0)
(0.36 0.1012058588 0)
(0.365 0.1012058588 0)
(0.37 0.1012058588 0)
(0.375 0.1012058588 0)
(0.38 0.1012058588 0)
(0.385 0.1012058588 0)
(0.39 0.1012058588 0)
(0.395 0.1012058588 0)
(0.4 0.1012058588 0)
(0.405 0.1012058588 0)
(0.41 0.1012058588 0)
(0.415 0.1012058588 0)
(0.42 0.1012058588 0)
(0.425 0.1012058588 0)
(0.43 0.1012058588 0)
(0.435 0.1012058588 0)
(0.44 0.1012058588 0)
(0.445 0.1012058588 0)
(0.45 0.1012058588 0)
(0.455 0.1012058588 0)
(0.46 0.1012058588 0)
(0.465 0.1012058588 0)
(0.47 0.1012058588 0)
(0.475 0.1012058588 0)
(0.48 0.1012058588 0)
(0.485 0.1012058588 0)
(0.49 0.1012058588 0)
(0.495 0.1012058588 0)
(0.5 0.1012058588 0)
(0.505 0.1012058588 0)
(0.51 0.1012058588 0)
(0.515 0.1012058588 0)
(0.52 0.1012058588 0)
(0.525 0.1012058588 0)
(0.53 0.1012058588 0)
(0.535 0.1012058588 0)
(0.54 0.1012058588 0)
(0.545 0.1012058588 0)
(0.55 0.1012058588 0)
(0.555 0.1012058588 0)
(0.56 0.1012058588 0)
(0.565 0.1012058588 0)
(0.57 0.1012058588 0)
(0.575 0.1012058588 0)
(0.58 0.1012058588 0)
(0.585 0.1012058588 0)
(0.59 0.1012058588 0)
(0.595 0.1012058588 0)
(0.6 0.1012058588 0)
(0.605 0.1012058588 0)
(0.61 0.1012058588 0)
(0.615 0.1012058588 0)
(0.62 0.1012058588 0)
(0.625 0.1012058588 0)
(0.63 0.1012058588 0)
(0.635 0.1012058588 0)
(0.64 0.1012058588 0)
(0.645 0.1012058588 0)
(0.65 0.1012058588 0)
(0.655 0.1012058588 0)
(0.66 0.1012058588 0)
(0.665 0.1012058588 0)
(0.67 0.1012058588 0)
(0.675 0.1012058588 0)
(0.68 0.1012058588 0)
(0.685 0.1012058588 0)
(0.69 0.1012058588 0)
(0.695 0.1012058588 0)
(0.7 0.1012058588 0)
(0.705 0.1012058588 0)
(0.71 0.1012058588 0)
(0.715 0.1012058588 0)
(0.72 0.1012058588 0)
(0.725 0.1012058588 0)
(0.73 0.1012058588 0)
(0.735 0.1012058588 0)
(0.74 0.1012058588 0)
(0.745 0.1012058588 0)
(0.75 0.1012058588 0)
(0.755 0.1012058588 0)
(0.76 0.1012058588 0)
(0.765 0.1012058588 0)
(0.77 0.1012058588 0)
(0.775 0.1012058588 0)
(0.78 0.1012058588 0)
(0.785 0.1012058588 0)
(0.79 0.1012058588 0)
(0.795 0.1012058588 0)
(0.8 0.1012058588 0)
(0.805 0.1012058588 0)
(0.81 0.1012058588 0)
(0.815 0.1012058588 0)
(0.82 0.1012058588 0)
(0.825 0.1012058588 0)
(0.83 0.1012058588 0)
(0.835 0.1012058588 0)
(0.84 0.1012058588 0)
(0.845 0.1012058588 0)
(0.85 0.1012058588 0)
(0.855 0.1012058588 0)
(0.86 0.1012058588 0)
(0.865 0.1012058588 0)
(0.87 0.1012058588 0)
(0.875 0.1012058588 0)
(0.88 0.1012058588 0)
(0.885 0.1012058588 0)
(0.89 0.1012058588 0)
(0.895 0.1012058588 0)
(0.9 0.1012058588 0)
(0.905 0.1012058588 0)
(0.91 0.1012058588 0)
(0.915 0.1012058588 0)
(0.92 0.1012058588 0)
(0.925 0.1012058588 0)
(0.93 0.1012058588 0)
(0.935 0.1012058588 0)
(0.94 0.1012058588 0)
(0.945 0.1012058588 0)
(0.95 0.1012058588 0)
(0.955 0.1012058588 0)
(0.96 0.1012058588 0)
(0.965 0.1012058588 0)
(0.97 0.1012058588 0)
(0.975 0.1012058588 0)
(0.98 0.1012058588 0)
(0.985 0.1012058588 0)
(0.99 0.1012058588 0)
(0.995 0.1012058588 0)
(1 0.1012058588 0)
(0.005 0.1084053474 0)
(0.01 0.1084053474 0)
(0.015 0.1084053474 0)
(0.02 0.1084053474 0)
(0.025 0.1084053474 0)
(0.03 0.1084053474 0)
(0.035 0.1084053474 0)
(0.04 0.1084053474 0)
(0.045 0.1084053474 0)
(0.05 0.1084053474 0)
(0.055 0.1084053474 0)
(0.06 0.1084053474 0)
(0.065 0.1084053474 0)
(0.07 0.1084053474 0)
(0.075 0.1084053474 0)
(0.08 0.1084053474 0)
(0.085 0.1084053474 0)
(0.09 0.1084053474 0)
(0.095 0.1084053474 0)
(0.1 0.1084053474 0)
(0.105 0.1084053474 0)
(0.11 0.1084053474 0)
(0.115 0.1084053474 0)
(0.12 0.1084053474 0)
(0.125 0.1084053474 0)
(0.13 0.1084053474 0)
(0.135 0.1084053474 0)
(0.14 0.1084053474 0)
(0.145 0.1084053474 0)
(0.15 0.1084053474 0)
(0.155 0.1084053474 0)
(0.16 0.1084053474 0)
(0.165 0.1084053474 0)
(0.17 0.1084053474 0)
(0.175 0.1084053474 0)
(0.18 0.1084053474 0)
(0.185 0.1084053474 0)
(0.19 0.1084053474 0)
(0.195 0.1084053474 0)
(0.2 0.1084053474 0)
(0.205 0.1084053474 0)
(0.21 0.1084053474 0)
(0.215 0.1084053474 0)
(0.22 0.1084053474 0)
(0.225 0.1084053474 0)
(0.23 0.1084053474 0)
(0.235 0.1084053474 0)
(0.24 0.1084053474 0)
(0.245 0.1084053474 0)
(0.25 0.1084053474 0)
(0.255 0.1084053474 0)
(0.26 0.1084053474 0)
(0.265 0.1084053474 0)
(0.27 0.1084053474 0)
(0.275 0.1084053474 0)
(0.28 0.1084053474 0)
(0.285 0.1084053474 0)
(0.29 0.1084053474 0)
(0.295 0.1084053474 0)
(0.3 0.1084053474 0)
(0.305 0.1084053474 0)
(0.31 0.1084053474 0)
(0.315 0.1084053474 0)
(0.32 0.1084053474 0)
(0.325 0.1084053474 0)
(0.33 0.1084053474 0)
(0.335 0.1084053474 0)
(0.34 0.1084053474 0)
(0.345 0.1084053474 0)
(0.35 0.1084053474 0)
(0.355 0.1084053474 0)
(0.36 0.1084053474 0)
(0.365 0.1084053474 0)
(0.37 0.1084053474 0)
(0.375 0.1084053474 0)
(0.38 0.1084053474 0)
(0.385 0.1084053474 0)
(0.39 0.1084053474 0)
(0.395 0.1084053474 0)
(0.4 0.1084053474 0)
(0.405 0.1084053474 0)
(0.41 0.1084053474 0)
(0.415 0.1084053474 0)
(0.42 0.1084053474 0)
(0.425 0.1084053474 0)
(0.43 0.1084053474 0)
(0.435 0.1084053474 0)
(0.44 0.1084053474 0)
(0.445 0.1084053474 0)
(0.45 0.1084053474 0)
(0.455 0.1084053474 0)
(0.46 0.1084053474 0)
(0.465 0.1084053474 0)
(0.47 0.1084053474 0)
(0.475 0.1084053474 0)
(0.48 0.1084053474 0)
(0.485 0.1084053474 0)
(0.49 0.1084053474 0)
(0.495 0.1084053474 0)
(0.5 0.1084053474 0)
(0.505 0.1084053474 0)
(0.51 0.1084053474 0)
(0.515 0.1084053474 0)
(0.52 0.1084053474 0)
(0.525 0.1084053474 0)
(0.53 0.1084053474 0)
(0.535 0.1084053474 0)
(0.54 0.1084053474 0)
(0.545 0.1084053474 0)
(0.55 0.1084053474 0)
(0.555 0.1084053474 0)
(0.56 0.1084053474 0)
(0.565 0.1084053474 0)
(0.57 0.1084053474 0)
(0.575 0.1084053474 0)
(0.58 0.1084053474 0)
(0.585 0.1084053474 0)
(0.59 0.1084053474 0)
(0.595 0.1084053474 0)
(0.6 0.1084053474 0)
(0.605 0.1084053474 0)
(0.61 0.1084053474 0)
(0.615 0.1084053474 0)
(0.62 0.1084053474 0)
(0.625 0.1084053474 0)
(0.63 0.1084053474 0)
(0.635 0.1084053474 0)
(0.64 0.1084053474 0)
(0.645 0.1084053474 0)
(0.65 0.1084053474 0)
(0.655 0.1084053474 0)
(0.66 0.1084053474 0)
(0.665 0.1084053474 0)
(0.67 0.1084053474 0)
(0.675 0.1084053474 0)
(0.68 0.1084053474 0)
(0.685 0.1084053474 0)
(0.69 0.1084053474 0)
(0.695 0.1084053474 0)
(0.7 0.1084053474 0)
(0.705 0.1084053474 0)
(0.71 0.1084053474 0)
(0.715 0.1084053474 0)
(0.72 0.1084053474 0)
(0.725 0.1084053474 0)
(0.73 0.1084053474 0)
(0.735 0.1084053474 0)
(0.74 0.1084053474 0)
(0.745 0.1084053474 0)
(0.75 0.1084053474 0)
(0.755 0.1084053474 0)
(0.76 0.1084053474 0)
(0.765 0.1084053474 0)
(0.77 0.1084053474 0)
(0.775 0.1084053474 0)
(0.78 0.1084053474 0)
(0.785 0.1084053474 0)
(0.79 0.1084053474 0)
(0.795 0.1084053474 0)
(0.8 0.1084053474 0)
(0.805 0.1084053474 0)
(0.81 0.1084053474 0)
(0.815 0.1084053474 0)
(0.82 0.1084053474 0)
(0.825 0.1084053474 0)
(0.83 0.1084053474 0)
(0.835 0.1084053474 0)
(0.84 0.1084053474 0)
(0.845 0.1084053474 0)
(0.85 0.1084053474 0)
(0.855 0.1084053474 0)
(0.86 0.1084053474 0)
(0.865 0.1084053474 0)
(0.87 0.1084053474 0)
(0.875 0.1084053474 0)
(0.88 0.1084053474 0)
(0.885 0.1084053474 0)
(0.89 0.1084053474 0)
(0.895 0.1084053474 0)
(0.9 0.1084053474 0)
(0.905 0.1084053474 0)
(0.91 0.1084053474 0)
(0.915 0.1084053474 0)
(0.92 0.1084053474 0)
(0.925 0.1084053474 0)
(0.93 0.1084053474 0)
(0.935 0.1084053474 0)
(0.94 0.1084053474 0)
(0.945 0.1084053474 0)
(0.95 0.1084053474 0)
(0.955 0.1084053474 0)
(0.96 0.1084053474 0)
(0.965 0.1084053474 0)
(0.97 0.1084053474 0)
(0.975 0.1084053474 0)
(0.98 0.1084053474 0)
(0.985 0.1084053474 0)
(0.99 0.1084053474 0)
(0.995 0.1084053474 0)
(1 0.1084053474 0)
(0.005 0.1160983832 0)
(0.01 0.1160983832 0)
(0.015 0.1160983832 0)
(0.02 0.1160983832 0)
(0.025 0.1160983832 0)
(0.03 0.1160983832 0)
(0.035 0.1160983832 0)
(0.04 0.1160983832 0)
(0.045 0.1160983832 0)
(0.05 0.1160983832 0)
(0.055 0.1160983832 0)
(0.06 0.1160983832 0)
(0.065 0.1160983832 0)
(0.07 0.1160983832 0)
(0.075 0.1160983832 0)
(0.08 0.1160983832 0)
(0.085 0.1160983832 0)
(0.09 0.1160983832 0)
(0.095 0.1160983832 0)
(0.1 0.1160983832 0)
(0.105 0.1160983832 0)
(0.11 0.1160983832 0)
(0.115 0.1160983832 0)
(0.12 0.1160983832 0)
(0.125 0.1160983832 0)
(0.13 0.1160983832 0)
(0.135 0.1160983832 0)
(0.14 0.1160983832 0)
(0.145 0.1160983832 0)
(0.15 0.1160983832 0)
(0.155 0.1160983832 0)
(0.16 0.1160983832 0)
(0.165 0.1160983832 0)
(0.17 0.1160983832 0)
(0.175 0.1160983832 0)
(0.18 0.1160983832 0)
(0.185 0.1160983832 0)
(0.19 0.1160983832 0)
(0.195 0.1160983832 0)
(0.2 0.1160983832 0)
(0.205 0.1160983832 0)
(0.21 0.1160983832 0)
(0.215 0.1160983832 0)
(0.22 0.1160983832 0)
(0.225 0.1160983832 0)
(0.23 0.1160983832 0)
(0.235 0.1160983832 0)
(0.24 0.1160983832 0)
(0.245 0.1160983832 0)
(0.25 0.1160983832 0)
(0.255 0.1160983832 0)
(0.26 0.1160983832 0)
(0.265 0.1160983832 0)
(0.27 0.1160983832 0)
(0.275 0.1160983832 0)
(0.28 0.1160983832 0)
(0.285 0.1160983832 0)
(0.29 0.1160983832 0)
(0.295 0.1160983832 0)
(0.3 0.1160983832 0)
(0.305 0.1160983832 0)
(0.31 0.1160983832 0)
(0.315 0.1160983832 0)
(0.32 0.1160983832 0)
(0.325 0.1160983832 0)
(0.33 0.1160983832 0)
(0.335 0.1160983832 0)
(0.34 0.1160983832 0)
(0.345 0.1160983832 0)
(0.35 0.1160983832 0)
(0.355 0.1160983832 0)
(0.36 0.1160983832 0)
(0.365 0.1160983832 0)
(0.37 0.1160983832 0)
(0.375 0.1160983832 0)
(0.38 0.1160983832 0)
(0.385 0.1160983832 0)
(0.39 0.1160983832 0)
(0.395 0.1160983832 0)
(0.4 0.1160983832 0)
(0.405 0.1160983832 0)
(0.41 0.1160983832 0)
(0.415 0.1160983832 0)
(0.42 0.1160983832 0)
(0.425 0.1160983832 0)
(0.43 0.1160983832 0)
(0.435 0.1160983832 0)
(0.44 0.1160983832 0)
(0.445 0.1160983832 0)
(0.45 0.1160983832 0)
(0.455 0.1160983832 0)
(0.46 0.1160983832 0)
(0.465 0.1160983832 0)
(0.47 0.1160983832 0)
(0.475 0.1160983832 0)
(0.48 0.1160983832 0)
(0.485 0.1160983832 0)
(0.49 0.1160983832 0)
(0.495 0.1160983832 0)
(0.5 0.1160983832 0)
(0.505 0.1160983832 0)
(0.51 0.1160983832 0)
(0.515 0.1160983832 0)
(0.52 0.1160983832 0)
(0.525 0.1160983832 0)
(0.53 0.1160983832 0)
(0.535 0.1160983832 0)
(0.54 0.1160983832 0)
(0.545 0.1160983832 0)
(0.55 0.1160983832 0)
(0.555 0.1160983832 0)
(0.56 0.1160983832 0)
(0.565 0.1160983832 0)
(0.57 0.1160983832 0)
(0.575 0.1160983832 0)
(0.58 0.1160983832 0)
(0.585 0.1160983832 0)
(0.59 0.1160983832 0)
(0.595 0.1160983832 0)
(0.6 0.1160983832 0)
(0.605 0.1160983832 0)
(0.61 0.1160983832 0)
(0.615 0.1160983832 0)
(0.62 0.1160983832 0)
(0.625 0.1160983832 0)
(0.63 0.1160983832 0)
(0.635 0.1160983832 0)
(0.64 0.1160983832 0)
(0.645 0.1160983832 0)
(0.65 0.1160983832 0)
(0.655 0.1160983832 0)
(0.66 0.1160983832 0)
(0.665 0.1160983832 0)
(0.67 0.1160983832 0)
(0.675 0.1160983832 0)
(0.68 0.1160983832 0)
(0.685 0.1160983832 0)
(0.69 0.1160983832 0)
(0.695 0.1160983832 0)
(0.7 0.1160983832 0)
(0.705 0.1160983832 0)
(0.71 0.1160983832 0)
(0.715 0.1160983832 0)
(0.72 0.1160983832 0)
(0.725 0.1160983832 0)
(0.73 0.1160983832 0)
(0.735 0.1160983832 0)
(0.74 0.1160983832 0)
(0.745 0.1160983832 0)
(0.75 0.1160983832 0)
(0.755 0.1160983832 0)
(0.76 0.1160983832 0)
(0.765 0.1160983832 0)
(0.77 0.1160983832 0)
(0.775 0.1160983832 0)
(0.78 0.1160983832 0)
(0.785 0.1160983832 0)
(0.79 0.1160983832 0)
(0.795 0.1160983832 0)
(0.8 0.1160983832 0)
(0.805 0.1160983832 0)
(0.81 0.1160983832 0)
(0.815 0.1160983832 0)
(0.82 0.1160983832 0)
(0.825 0.1160983832 0)
(0.83 0.1160983832 0)
(0.835 0.1160983832 0)
(0.84 0.1160983832 0)
(0.845 0.1160983832 0)
(0.85 0.1160983832 0)
(0.855 0.1160983832 0)
(0.86 0.1160983832 0)
(0.865 0.1160983832 0)
(0.87 0.1160983832 0)
(0.875 0.1160983832 0)
(0.88 0.1160983832 0)
(0.885 0.1160983832 0)
(0.89 0.1160983832 0)
(0.895 0.1160983832 0)
(0.9 0.1160983832 0)
(0.905 0.1160983832 0)
(0.91 0.1160983832 0)
(0.915 0.1160983832 0)
(0.92 0.1160983832 0)
(0.925 0.1160983832 0)
(0.93 0.1160983832 0)
(0.935 0.1160983832 0)
(0.94 0.1160983832 0)
(0.945 0.1160983832 0)
(0.95 0.1160983832 0)
(0.955 0.1160983832 0)
(0.96 0.1160983832 0)
(0.965 0.1160983832 0)
(0.97 0.1160983832 0)
(0.975 0.1160983832 0)
(0.98 0.1160983832 0)
(0.985 0.1160983832 0)
(0.99 0.1160983832 0)
(0.995 0.1160983832 0)
(1 0.1160983832 0)
(0.005 0.1243188003 0)
(0.01 0.1243188003 0)
(0.015 0.1243188003 0)
(0.02 0.1243188003 0)
(0.025 0.1243188003 0)
(0.03 0.1243188003 0)
(0.035 0.1243188003 0)
(0.04 0.1243188003 0)
(0.045 0.1243188003 0)
(0.05 0.1243188003 0)
(0.055 0.1243188003 0)
(0.06 0.1243188003 0)
(0.065 0.1243188003 0)
(0.07 0.1243188003 0)
(0.075 0.1243188003 0)
(0.08 0.1243188003 0)
(0.085 0.1243188003 0)
(0.09 0.1243188003 0)
(0.095 0.1243188003 0)
(0.1 0.1243188003 0)
(0.105 0.1243188003 0)
(0.11 0.1243188003 0)
(0.115 0.1243188003 0)
(0.12 0.1243188003 0)
(0.125 0.1243188003 0)
(0.13 0.1243188003 0)
(0.135 0.1243188003 0)
(0.14 0.1243188003 0)
(0.145 0.1243188003 0)
(0.15 0.1243188003 0)
(0.155 0.1243188003 0)
(0.16 0.1243188003 0)
(0.165 0.1243188003 0)
(0.17 0.1243188003 0)
(0.175 0.1243188003 0)
(0.18 0.1243188003 0)
(0.185 0.1243188003 0)
(0.19 0.1243188003 0)
(0.195 0.1243188003 0)
(0.2 0.1243188003 0)
(0.205 0.1243188003 0)
(0.21 0.1243188003 0)
(0.215 0.1243188003 0)
(0.22 0.1243188003 0)
(0.225 0.1243188003 0)
(0.23 0.1243188003 0)
(0.235 0.1243188003 0)
(0.24 0.1243188003 0)
(0.245 0.1243188003 0)
(0.25 0.1243188003 0)
(0.255 0.1243188003 0)
(0.26 0.1243188003 0)
(0.265 0.1243188003 0)
(0.27 0.1243188003 0)
(0.275 0.1243188003 0)
(0.28 0.1243188003 0)
(0.285 0.1243188003 0)
(0.29 0.1243188003 0)
(0.295 0.1243188003 0)
(0.3 0.1243188003 0)
(0.305 0.1243188003 0)
(0.31 0.1243188003 0)
(0.315 0.1243188003 0)
(0.32 0.1243188003 0)
(0.325 0.1243188003 0)
(0.33 0.1243188003 0)
(0.335 0.1243188003 0)
(0.34 0.1243188003 0)
(0.345 0.1243188003 0)
(0.35 0.1243188003 0)
(0.355 0.1243188003 0)
(0.36 0.1243188003 0)
(0.365 0.1243188003 0)
(0.37 0.1243188003 0)
(0.375 0.1243188003 0)
(0.38 0.1243188003 0)
(0.385 0.1243188003 0)
(0.39 0.1243188003 0)
(0.395 0.1243188003 0)
(0.4 0.1243188003 0)
(0.405 0.1243188003 0)
(0.41 0.1243188003 0)
(0.415 0.1243188003 0)
(0.42 0.1243188003 0)
(0.425 0.1243188003 0)
(0.43 0.1243188003 0)
(0.435 0.1243188003 0)
(0.44 0.1243188003 0)
(0.445 0.1243188003 0)
(0.45 0.1243188003 0)
(0.455 0.1243188003 0)
(0.46 0.1243188003 0)
(0.465 0.1243188003 0)
(0.47 0.1243188003 0)
(0.475 0.1243188003 0)
(0.48 0.1243188003 0)
(0.485 0.1243188003 0)
(0.49 0.1243188003 0)
(0.495 0.1243188003 0)
(0.5 0.1243188003 0)
(0.505 0.1243188003 0)
(0.51 0.1243188003 0)
(0.515 0.1243188003 0)
(0.52 0.1243188003 0)
(0.525 0.1243188003 0)
(0.53 0.1243188003 0)
(0.535 0.1243188003 0)
(0.54 0.1243188003 0)
(0.545 0.1243188003 0)
(0.55 0.1243188003 0)
(0.555 0.1243188003 0)
(0.56 0.1243188003 0)
(0.565 0.1243188003 0)
(0.57 0.1243188003 0)
(0.575 0.1243188003 0)
(0.58 0.1243188003 0)
(0.585 0.1243188003 0)
(0.59 0.1243188003 0)
(0.595 0.1243188003 0)
(0.6 0.1243188003 0)
(0.605 0.1243188003 0)
(0.61 0.1243188003 0)
(0.615 0.1243188003 0)
(0.62 0.1243188003 0)
(0.625 0.1243188003 0)
(0.63 0.1243188003 0)
(0.635 0.1243188003 0)
(0.64 0.1243188003 0)
(0.645 0.1243188003 0)
(0.65 0.1243188003 0)
(0.655 0.1243188003 0)
(0.66 0.1243188003 0)
(0.665 0.1243188003 0)
(0.67 0.1243188003 0)
(0.675 0.1243188003 0)
(0.68 0.1243188003 0)
(0.685 0.1243188003 0)
(0.69 0.1243188003 0)
(0.695 0.1243188003 0)
(0.7 0.1243188003 0)
(0.705 0.1243188003 0)
(0.71 0.1243188003 0)
(0.715 0.1243188003 0)
(0.72 0.1243188003 0)
(0.725 0.1243188003 0)
(0.73 0.1243188003 0)
(0.735 0.1243188003 0)
(0.74 0.1243188003 0)
(0.745 0.1243188003 0)
(0.75 0.1243188003 0)
(0.755 0.1243188003 0)
(0.76 0.1243188003 0)
(0.765 0.1243188003 0)
(0.77 0.1243188003 0)
(0.775 0.1243188003 0)
(0.78 0.1243188003 0)
(0.785 0.1243188003 0)
(0.79 0.1243188003 0)
(0.795 0.1243188003 0)
(0.8 0.1243188003 0)
(0.805 0.1243188003 0)
(0.81 0.1243188003 0)
(0.815 0.1243188003 0)
(0.82 0.1243188003 0)
(0.825 0.1243188003 0)
(0.83 0.1243188003 0)
(0.835 0.1243188003 0)
(0.84 0.1243188003 0)
(0.845 0.1243188003 0)
(0.85 0.1243188003 0)
(0.855 0.1243188003 0)
(0.86 0.1243188003 0)
(0.865 0.1243188003 0)
(0.87 0.1243188003 0)
(0.875 0.1243188003 0)
(0.88 0.1243188003 0)
(0.885 0.1243188003 0)
(0.89 0.1243188003 0)
(0.895 0.1243188003 0)
(0.9 0.1243188003 0)
(0.905 0.1243188003 0)
(0.91 0.1243188003 0)
(0.915 0.1243188003 0)
(0.92 0.1243188003 0)
(0.925 0.1243188003 0)
(0.93 0.1243188003 0)
(0.935 0.1243188003 0)
(0.94 0.1243188003 0)
(0.945 0.1243188003 0)
(0.95 0.1243188003 0)
(0.955 0.1243188003 0)
(0.96 0.1243188003 0)
(0.965 0.1243188003 0)
(0.97 0.1243188003 0)
(0.975 0.1243188003 0)
(0.98 0.1243188003 0)
(0.985 0.1243188003 0)
(0.99 0.1243188003 0)
(0.995 0.1243188003 0)
(1 0.1243188003 0)
(0.005 0.1331027523 0)
(0.01 0.1331027523 0)
(0.015 0.1331027523 0)
(0.02 0.1331027523 0)
(0.025 0.1331027523 0)
(0.03 0.1331027523 0)
(0.035 0.1331027523 0)
(0.04 0.1331027523 0)
(0.045 0.1331027523 0)
(0.05 0.1331027523 0)
(0.055 0.1331027523 0)
(0.06 0.1331027523 0)
(0.065 0.1331027523 0)
(0.07 0.1331027523 0)
(0.075 0.1331027523 0)
(0.08 0.1331027523 0)
(0.085 0.1331027523 0)
(0.09 0.1331027523 0)
(0.095 0.1331027523 0)
(0.1 0.1331027523 0)
(0.105 0.1331027523 0)
(0.11 0.1331027523 0)
(0.115 0.1331027523 0)
(0.12 0.1331027523 0)
(0.125 0.1331027523 0)
(0.13 0.1331027523 0)
(0.135 0.1331027523 0)
(0.14 0.1331027523 0)
(0.145 0.1331027523 0)
(0.15 0.1331027523 0)
(0.155 0.1331027523 0)
(0.16 0.1331027523 0)
(0.165 0.1331027523 0)
(0.17 0.1331027523 0)
(0.175 0.1331027523 0)
(0.18 0.1331027523 0)
(0.185 0.1331027523 0)
(0.19 0.1331027523 0)
(0.195 0.1331027523 0)
(0.2 0.1331027523 0)
(0.205 0.1331027523 0)
(0.21 0.1331027523 0)
(0.215 0.1331027523 0)
(0.22 0.1331027523 0)
(0.225 0.1331027523 0)
(0.23 0.1331027523 0)
(0.235 0.1331027523 0)
(0.24 0.1331027523 0)
(0.245 0.1331027523 0)
(0.25 0.1331027523 0)
(0.255 0.1331027523 0)
(0.26 0.1331027523 0)
(0.265 0.1331027523 0)
(0.27 0.1331027523 0)
(0.275 0.1331027523 0)
(0.28 0.1331027523 0)
(0.285 0.1331027523 0)
(0.29 0.1331027523 0)
(0.295 0.1331027523 0)
(0.3 0.1331027523 0)
(0.305 0.1331027523 0)
(0.31 0.1331027523 0)
(0.315 0.1331027523 0)
(0.32 0.1331027523 0)
(0.325 0.1331027523 0)
(0.33 0.1331027523 0)
(0.335 0.1331027523 0)
(0.34 0.1331027523 0)
(0.345 0.1331027523 0)
(0.35 0.1331027523 0)
(0.355 0.1331027523 0)
(0.36 0.1331027523 0)
(0.365 0.1331027523 0)
(0.37 0.1331027523 0)
(0.375 0.1331027523 0)
(0.38 0.1331027523 0)
(0.385 0.1331027523 0)
(0.39 0.1331027523 0)
(0.395 0.1331027523 0)
(0.4 0.1331027523 0)
(0.405 0.1331027523 0)
(0.41 0.1331027523 0)
(0.415 0.1331027523 0)
(0.42 0.1331027523 0)
(0.425 0.1331027523 0)
(0.43 0.1331027523 0)
(0.435 0.1331027523 0)
(0.44 0.1331027523 0)
(0.445 0.1331027523 0)
(0.45 0.1331027523 0)
(0.455 0.1331027523 0)
(0.46 0.1331027523 0)
(0.465 0.1331027523 0)
(0.47 0.1331027523 0)
(0.475 0.1331027523 0)
(0.48 0.1331027523 0)
(0.485 0.1331027523 0)
(0.49 0.1331027523 0)
(0.495 0.1331027523 0)
(0.5 0.1331027523 0)
(0.505 0.1331027523 0)
(0.51 0.1331027523 0)
(0.515 0.1331027523 0)
(0.52 0.1331027523 0)
(0.525 0.1331027523 0)
(0.53 0.1331027523 0)
(0.535 0.1331027523 0)
(0.54 0.1331027523 0)
(0.545 0.1331027523 0)
(0.55 0.1331027523 0)
(0.555 0.1331027523 0)
(0.56 0.1331027523 0)
(0.565 0.1331027523 0)
(0.57 0.1331027523 0)
(0.575 0.1331027523 0)
(0.58 0.1331027523 0)
(0.585 0.1331027523 0)
(0.59 0.1331027523 0)
(0.595 0.1331027523 0)
(0.6 0.1331027523 0)
(0.605 0.1331027523 0)
(0.61 0.1331027523 0)
(0.615 0.1331027523 0)
(0.62 0.1331027523 0)
(0.625 0.1331027523 0)
(0.63 0.1331027523 0)
(0.635 0.1331027523 0)
(0.64 0.1331027523 0)
(0.645 0.1331027523 0)
(0.65 0.1331027523 0)
(0.655 0.1331027523 0)
(0.66 0.1331027523 0)
(0.665 0.1331027523 0)
(0.67 0.1331027523 0)
(0.675 0.1331027523 0)
(0.68 0.1331027523 0)
(0.685 0.1331027523 0)
(0.69 0.1331027523 0)
(0.695 0.1331027523 0)
(0.7 0.1331027523 0)
(0.705 0.1331027523 0)
(0.71 0.1331027523 0)
(0.715 0.1331027523 0)
(0.72 0.1331027523 0)
(0.725 0.1331027523 0)
(0.73 0.1331027523 0)
(0.735 0.1331027523 0)
(0.74 0.1331027523 0)
(0.745 0.1331027523 0)
(0.75 0.1331027523 0)
(0.755 0.1331027523 0)
(0.76 0.1331027523 0)
(0.765 0.1331027523 0)
(0.77 0.1331027523 0)
(0.775 0.1331027523 0)
(0.78 0.1331027523 0)
(0.785 0.1331027523 0)
(0.79 0.1331027523 0)
(0.795 0.1331027523 0)
(0.8 0.1331027523 0)
(0.805 0.1331027523 0)
(0.81 0.1331027523 0)
(0.815 0.1331027523 0)
(0.82 0.1331027523 0)
(0.825 0.1331027523 0)
(0.83 0.1331027523 0)
(0.835 0.1331027523 0)
(0.84 0.1331027523 0)
(0.845 0.1331027523 0)
(0.85 0.1331027523 0)
(0.855 0.1331027523 0)
(0.86 0.1331027523 0)
(0.865 0.1331027523 0)
(0.87 0.1331027523 0)
(0.875 0.1331027523 0)
(0.88 0.1331027523 0)
(0.885 0.1331027523 0)
(0.89 0.1331027523 0)
(0.895 0.1331027523 0)
(0.9 0.1331027523 0)
(0.905 0.1331027523 0)
(0.91 0.1331027523 0)
(0.915 0.1331027523 0)
(0.92 0.1331027523 0)
(0.925 0.1331027523 0)
(0.93 0.1331027523 0)
(0.935 0.1331027523 0)
(0.94 0.1331027523 0)
(0.945 0.1331027523 0)
(0.95 0.1331027523 0)
(0.955 0.1331027523 0)
(0.96 0.1331027523 0)
(0.965 0.1331027523 0)
(0.97 0.1331027523 0)
(0.975 0.1331027523 0)
(0.98 0.1331027523 0)
(0.985 0.1331027523 0)
(0.99 0.1331027523 0)
(0.995 0.1331027523 0)
(1 0.1331027523 0)
(0.005 0.1424888713 0)
(0.01 0.1424888713 0)
(0.015 0.1424888713 0)
(0.02 0.1424888713 0)
(0.025 0.1424888713 0)
(0.03 0.1424888713 0)
(0.035 0.1424888713 0)
(0.04 0.1424888713 0)
(0.045 0.1424888713 0)
(0.05 0.1424888713 0)
(0.055 0.1424888713 0)
(0.06 0.1424888713 0)
(0.065 0.1424888713 0)
(0.07 0.1424888713 0)
(0.075 0.1424888713 0)
(0.08 0.1424888713 0)
(0.085 0.1424888713 0)
(0.09 0.1424888713 0)
(0.095 0.1424888713 0)
(0.1 0.1424888713 0)
(0.105 0.1424888713 0)
(0.11 0.1424888713 0)
(0.115 0.1424888713 0)
(0.12 0.1424888713 0)
(0.125 0.1424888713 0)
(0.13 0.1424888713 0)
(0.135 0.1424888713 0)
(0.14 0.1424888713 0)
(0.145 0.1424888713 0)
(0.15 0.1424888713 0)
(0.155 0.1424888713 0)
(0.16 0.1424888713 0)
(0.165 0.1424888713 0)
(0.17 0.1424888713 0)
(0.175 0.1424888713 0)
(0.18 0.1424888713 0)
(0.185 0.1424888713 0)
(0.19 0.1424888713 0)
(0.195 0.1424888713 0)
(0.2 0.1424888713 0)
(0.205 0.1424888713 0)
(0.21 0.1424888713 0)
(0.215 0.1424888713 0)
(0.22 0.1424888713 0)
(0.225 0.1424888713 0)
(0.23 0.1424888713 0)
(0.235 0.1424888713 0)
(0.24 0.1424888713 0)
(0.245 0.1424888713 0)
(0.25 0.1424888713 0)
(0.255 0.1424888713 0)
(0.26 0.1424888713 0)
(0.265 0.1424888713 0)
(0.27 0.1424888713 0)
(0.275 0.1424888713 0)
(0.28 0.1424888713 0)
(0.285 0.1424888713 0)
(0.29 0.1424888713 0)
(0.295 0.1424888713 0)
(0.3 0.1424888713 0)
(0.305 0.1424888713 0)
(0.31 0.1424888713 0)
(0.315 0.1424888713 0)
(0.32 0.1424888713 0)
(0.325 0.1424888713 0)
(0.33 0.1424888713 0)
(0.335 0.1424888713 0)
(0.34 0.1424888713 0)
(0.345 0.1424888713 0)
(0.35 0.1424888713 0)
(0.355 0.1424888713 0)
(0.36 0.1424888713 0)
(0.365 0.1424888713 0)
(0.37 0.1424888713 0)
(0.375 0.1424888713 0)
(0.38 0.1424888713 0)
(0.385 0.1424888713 0)
(0.39 0.1424888713 0)
(0.395 0.1424888713 0)
(0.4 0.1424888713 0)
(0.405 0.1424888713 0)
(0.41 0.1424888713 0)
(0.415 0.1424888713 0)
(0.42 0.1424888713 0)
(0.425 0.1424888713 0)
(0.43 0.1424888713 0)
(0.435 0.1424888713 0)
(0.44 0.1424888713 0)
(0.445 0.1424888713 0)
(0.45 0.1424888713 0)
(0.455 0.1424888713 0)
(0.46 0.1424888713 0)
(0.465 0.1424888713 0)
(0.47 0.1424888713 0)
(0.475 0.1424888713 0)
(0.48 0.1424888713 0)
(0.485 0.1424888713 0)
(0.49 0.1424888713 0)
(0.495 0.1424888713 0)
(0.5 0.1424888713 0)
(0.505 0.1424888713 0)
(0.51 0.1424888713 0)
(0.515 0.1424888713 0)
(0.52 0.1424888713 0)
(0.525 0.1424888713 0)
(0.53 0.1424888713 0)
(0.535 0.1424888713 0)
(0.54 0.1424888713 0)
(0.545 0.1424888713 0)
(0.55 0.1424888713 0)
(0.555 0.1424888713 0)
(0.56 0.1424888713 0)
(0.565 0.1424888713 0)
(0.57 0.1424888713 0)
(0.575 0.1424888713 0)
(0.58 0.1424888713 0)
(0.585 0.1424888713 0)
(0.59 0.1424888713 0)
(0.595 0.1424888713 0)
(0.6 0.1424888713 0)
(0.605 0.1424888713 0)
(0.61 0.1424888713 0)
(0.615 0.1424888713 0)
(0.62 0.1424888713 0)
(0.625 0.1424888713 0)
(0.63 0.1424888713 0)
(0.635 0.1424888713 0)
(0.64 0.1424888713 0)
(0.645 0.1424888713 0)
(0.65 0.1424888713 0)
(0.655 0.1424888713 0)
(0.66 0.1424888713 0)
(0.665 0.1424888713 0)
(0.67 0.1424888713 0)
(0.675 0.1424888713 0)
(0.68 0.1424888713 0)
(0.685 0.1424888713 0)
(0.69 0.1424888713 0)
(0.695 0.1424888713 0)
(0.7 0.1424888713 0)
(0.705 0.1424888713 0)
(0.71 0.1424888713 0)
(0.715 0.1424888713 0)
(0.72 0.1424888713 0)
(0.725 0.1424888713 0)
(0.73 0.1424888713 0)
(0.735 0.1424888713 0)
(0.74 0.1424888713 0)
(0.745 0.1424888713 0)
(0.75 0.1424888713 0)
(0.755 0.1424888713 0)
(0.76 0.1424888713 0)
(0.765 0.1424888713 0)
(0.77 0.1424888713 0)
(0.775 0.1424888713 0)
(0.78 0.1424888713 0)
(0.785 0.1424888713 0)
(0.79 0.1424888713 0)
(0.795 0.1424888713 0)
(0.8 0.1424888713 0)
(0.805 0.1424888713 0)
(0.81 0.1424888713 0)
(0.815 0.1424888713 0)
(0.82 0.1424888713 0)
(0.825 0.1424888713 0)
(0.83 0.1424888713 0)
(0.835 0.1424888713 0)
(0.84 0.1424888713 0)
(0.845 0.1424888713 0)
(0.85 0.1424888713 0)
(0.855 0.1424888713 0)
(0.86 0.1424888713 0)
(0.865 0.1424888713 0)
(0.87 0.1424888713 0)
(0.875 0.1424888713 0)
(0.88 0.1424888713 0)
(0.885 0.1424888713 0)
(0.89 0.1424888713 0)
(0.895 0.1424888713 0)
(0.9 0.1424888713 0)
(0.905 0.1424888713 0)
(0.91 0.1424888713 0)
(0.915 0.1424888713 0)
(0.92 0.1424888713 0)
(0.925 0.1424888713 0)
(0.93 0.1424888713 0)
(0.935 0.1424888713 0)
(0.94 0.1424888713 0)
(0.945 0.1424888713 0)
(0.95 0.1424888713 0)
(0.955 0.1424888713 0)
(0.96 0.1424888713 0)
(0.965 0.1424888713 0)
(0.97 0.1424888713 0)
(0.975 0.1424888713 0)
(0.98 0.1424888713 0)
(0.985 0.1424888713 0)
(0.99 0.1424888713 0)
(0.995 0.1424888713 0)
(1 0.1424888713 0)
(0.005 0.1525184378 0)
(0.01 0.1525184378 0)
(0.015 0.1525184378 0)
(0.02 0.1525184378 0)
(0.025 0.1525184378 0)
(0.03 0.1525184378 0)
(0.035 0.1525184378 0)
(0.04 0.1525184378 0)
(0.045 0.1525184378 0)
(0.05 0.1525184378 0)
(0.055 0.1525184378 0)
(0.06 0.1525184378 0)
(0.065 0.1525184378 0)
(0.07 0.1525184378 0)
(0.075 0.1525184378 0)
(0.08 0.1525184378 0)
(0.085 0.1525184378 0)
(0.09 0.1525184378 0)
(0.095 0.1525184378 0)
(0.1 0.1525184378 0)
(0.105 0.1525184378 0)
(0.11 0.1525184378 0)
(0.115 0.1525184378 0)
(0.12 0.1525184378 0)
(0.125 0.1525184378 0)
(0.13 0.1525184378 0)
(0.135 0.1525184378 0)
(0.14 0.1525184378 0)
(0.145 0.1525184378 0)
(0.15 0.1525184378 0)
(0.155 0.1525184378 0)
(0.16 0.1525184378 0)
(0.165 0.1525184378 0)
(0.17 0.1525184378 0)
(0.175 0.1525184378 0)
(0.18 0.1525184378 0)
(0.185 0.1525184378 0)
(0.19 0.1525184378 0)
(0.195 0.1525184378 0)
(0.2 0.1525184378 0)
(0.205 0.1525184378 0)
(0.21 0.1525184378 0)
(0.215 0.1525184378 0)
(0.22 0.1525184378 0)
(0.225 0.1525184378 0)
(0.23 0.1525184378 0)
(0.235 0.1525184378 0)
(0.24 0.1525184378 0)
(0.245 0.1525184378 0)
(0.25 0.1525184378 0)
(0.255 0.1525184378 0)
(0.26 0.1525184378 0)
(0.265 0.1525184378 0)
(0.27 0.1525184378 0)
(0.275 0.1525184378 0)
(0.28 0.1525184378 0)
(0.285 0.1525184378 0)
(0.29 0.1525184378 0)
(0.295 0.1525184378 0)
(0.3 0.1525184378 0)
(0.305 0.1525184378 0)
(0.31 0.1525184378 0)
(0.315 0.1525184378 0)
(0.32 0.1525184378 0)
(0.325 0.1525184378 0)
(0.33 0.1525184378 0)
(0.335 0.1525184378 0)
(0.34 0.1525184378 0)
(0.345 0.1525184378 0)
(0.35 0.1525184378 0)
(0.355 0.1525184378 0)
(0.36 0.1525184378 0)
(0.365 0.1525184378 0)
(0.37 0.1525184378 0)
(0.375 0.1525184378 0)
(0.38 0.1525184378 0)
(0.385 0.1525184378 0)
(0.39 0.1525184378 0)
(0.395 0.1525184378 0)
(0.4 0.1525184378 0)
(0.405 0.1525184378 0)
(0.41 0.1525184378 0)
(0.415 0.1525184378 0)
(0.42 0.1525184378 0)
(0.425 0.1525184378 0)
(0.43 0.1525184378 0)
(0.435 0.1525184378 0)
(0.44 0.1525184378 0)
(0.445 0.1525184378 0)
(0.45 0.1525184378 0)
(0.455 0.1525184378 0)
(0.46 0.1525184378 0)
(0.465 0.1525184378 0)
(0.47 0.1525184378 0)
(0.475 0.1525184378 0)
(0.48 0.1525184378 0)
(0.485 0.1525184378 0)
(0.49 0.1525184378 0)
(0.495 0.1525184378 0)
(0.5 0.1525184378 0)
(0.505 0.1525184378 0)
(0.51 0.1525184378 0)
(0.515 0.1525184378 0)
(0.52 0.1525184378 0)
(0.525 0.1525184378 0)
(0.53 0.1525184378 0)
(0.535 0.1525184378 0)
(0.54 0.1525184378 0)
(0.545 0.1525184378 0)
(0.55 0.1525184378 0)
(0.555 0.1525184378 0)
(0.56 0.1525184378 0)
(0.565 0.1525184378 0)
(0.57 0.1525184378 0)
(0.575 0.1525184378 0)
(0.58 0.1525184378 0)
(0.585 0.1525184378 0)
(0.59 0.1525184378 0)
(0.595 0.1525184378 0)
(0.6 0.1525184378 0)
(0.605 0.1525184378 0)
(0.61 0.1525184378 0)
(0.615 0.1525184378 0)
(0.62 0.1525184378 0)
(0.625 0.1525184378 0)
(0.63 0.1525184378 0)
(0.635 0.1525184378 0)
(0.64 0.1525184378 0)
(0.645 0.1525184378 0)
(0.65 0.1525184378 0)
(0.655 0.1525184378 0)
(0.66 0.1525184378 0)
(0.665 0.1525184378 0)
(0.67 0.1525184378 0)
(0.675 0.1525184378 0)
(0.68 0.1525184378 0)
(0.685 0.1525184378 0)
(0.69 0.1525184378 0)
(0.695 0.1525184378 0)
(0.7 0.1525184378 0)
(0.705 0.1525184378 0)
(0.71 0.1525184378 0)
(0.715 0.1525184378 0)
(0.72 0.1525184378 0)
(0.725 0.1525184378 0)
(0.73 0.1525184378 0)
(0.735 0.1525184378 0)
(0.74 0.1525184378 0)
(0.745 0.1525184378 0)
(0.75 0.1525184378 0)
(0.755 0.1525184378 0)
(0.76 0.1525184378 0)
(0.765 0.1525184378 0)
(0.77 0.1525184378 0)
(0.775 0.1525184378 0)
(0.78 0.1525184378 0)
(0.785 0.1525184378 0)
(0.79 0.1525184378 0)
(0.795 0.1525184378 0)
(0.8 0.1525184378 0)
(0.805 0.1525184378 0)
(0.81 0.1525184378 0)
(0.815 0.1525184378 0)
(0.82 0.1525184378 0)
(0.825 0.1525184378 0)
(0.83 0.1525184378 0)
(0.835 0.1525184378 0)
(0.84 0.1525184378 0)
(0.845 0.1525184378 0)
(0.85 0.1525184378 0)
(0.855 0.1525184378 0)
(0.86 0.1525184378 0)
(0.865 0.1525184378 0)
(0.87 0.1525184378 0)
(0.875 0.1525184378 0)
(0.88 0.1525184378 0)
(0.885 0.1525184378 0)
(0.89 0.1525184378 0)
(0.895 0.1525184378 0)
(0.9 0.1525184378 0)
(0.905 0.1525184378 0)
(0.91 0.1525184378 0)
(0.915 0.1525184378 0)
(0.92 0.1525184378 0)
(0.925 0.1525184378 0)
(0.93 0.1525184378 0)
(0.935 0.1525184378 0)
(0.94 0.1525184378 0)
(0.945 0.1525184378 0)
(0.95 0.1525184378 0)
(0.955 0.1525184378 0)
(0.96 0.1525184378 0)
(0.965 0.1525184378 0)
(0.97 0.1525184378 0)
(0.975 0.1525184378 0)
(0.98 0.1525184378 0)
(0.985 0.1525184378 0)
(0.99 0.1525184378 0)
(0.995 0.1525184378 0)
(1 0.1525184378 0)
(0.005 0.1632355619 0)
(0.01 0.1632355619 0)
(0.015 0.1632355619 0)
(0.02 0.1632355619 0)
(0.025 0.1632355619 0)
(0.03 0.1632355619 0)
(0.035 0.1632355619 0)
(0.04 0.1632355619 0)
(0.045 0.1632355619 0)
(0.05 0.1632355619 0)
(0.055 0.1632355619 0)
(0.06 0.1632355619 0)
(0.065 0.1632355619 0)
(0.07 0.1632355619 0)
(0.075 0.1632355619 0)
(0.08 0.1632355619 0)
(0.085 0.1632355619 0)
(0.09 0.1632355619 0)
(0.095 0.1632355619 0)
(0.1 0.1632355619 0)
(0.105 0.1632355619 0)
(0.11 0.1632355619 0)
(0.115 0.1632355619 0)
(0.12 0.1632355619 0)
(0.125 0.1632355619 0)
(0.13 0.1632355619 0)
(0.135 0.1632355619 0)
(0.14 0.1632355619 0)
(0.145 0.1632355619 0)
(0.15 0.1632355619 0)
(0.155 0.1632355619 0)
(0.16 0.1632355619 0)
(0.165 0.1632355619 0)
(0.17 0.1632355619 0)
(0.175 0.1632355619 0)
(0.18 0.1632355619 0)
(0.185 0.1632355619 0)
(0.19 0.1632355619 0)
(0.195 0.1632355619 0)
(0.2 0.1632355619 0)
(0.205 0.1632355619 0)
(0.21 0.1632355619 0)
(0.215 0.1632355619 0)
(0.22 0.1632355619 0)
(0.225 0.1632355619 0)
(0.23 0.1632355619 0)
(0.235 0.1632355619 0)
(0.24 0.1632355619 0)
(0.245 0.1632355619 0)
(0.25 0.1632355619 0)
(0.255 0.1632355619 0)
(0.26 0.1632355619 0)
(0.265 0.1632355619 0)
(0.27 0.1632355619 0)
(0.275 0.1632355619 0)
(0.28 0.1632355619 0)
(0.285 0.1632355619 0)
(0.29 0.1632355619 0)
(0.295 0.1632355619 0)
(0.3 0.1632355619 0)
(0.305 0.1632355619 0)
(0.31 0.1632355619 0)
(0.315 0.1632355619 0)
(0.32 0.1632355619 0)
(0.325 0.1632355619 0)
(0.33 0.1632355619 0)
(0.335 0.1632355619 0)
(0.34 0.1632355619 0)
(0.345 0.1632355619 0)
(0.35 0.1632355619 0)
(0.355 0.1632355619 0)
(0.36 0.1632355619 0)
(0.365 0.1632355619 0)
(0.37 0.1632355619 0)
(0.375 0.1632355619 0)
(0.38 0.1632355619 0)
(0.385 0.1632355619 0)
(0.39 0.1632355619 0)
(0.395 0.1632355619 0)
(0.4 0.1632355619 0)
(0.405 0.1632355619 0)
(0.41 0.1632355619 0)
(0.415 0.1632355619 0)
(0.42 0.1632355619 0)
(0.425 0.1632355619 0)
(0.43 0.1632355619 0)
(0.435 0.1632355619 0)
(0.44 0.1632355619 0)
(0.445 0.1632355619 0)
(0.45 0.1632355619 0)
(0.455 0.1632355619 0)
(0.46 0.1632355619 0)
(0.465 0.1632355619 0)
(0.47 0.1632355619 0)
(0.475 0.1632355619 0)
(0.48 0.1632355619 0)
(0.485 0.1632355619 0)
(0.49 0.1632355619 0)
(0.495 0.1632355619 0)
(0.5 0.1632355619 0)
(0.505 0.1632355619 0)
(0.51 0.1632355619 0)
(0.515 0.1632355619 0)
(0.52 0.1632355619 0)
(0.525 0.1632355619 0)
(0.53 0.1632355619 0)
(0.535 0.1632355619 0)
(0.54 0.1632355619 0)
(0.545 0.1632355619 0)
(0.55 0.1632355619 0)
(0.555 0.1632355619 0)
(0.56 0.1632355619 0)
(0.565 0.1632355619 0)
(0.57 0.1632355619 0)
(0.575 0.1632355619 0)
(0.58 0.1632355619 0)
(0.585 0.1632355619 0)
(0.59 0.1632355619 0)
(0.595 0.1632355619 0)
(0.6 0.1632355619 0)
(0.605 0.1632355619 0)
(0.61 0.1632355619 0)
(0.615 0.1632355619 0)
(0.62 0.1632355619 0)
(0.625 0.1632355619 0)
(0.63 0.1632355619 0)
(0.635 0.1632355619 0)
(0.64 0.1632355619 0)
(0.645 0.1632355619 0)
(0.65 0.1632355619 0)
(0.655 0.1632355619 0)
(0.66 0.1632355619 0)
(0.665 0.1632355619 0)
(0.67 0.1632355619 0)
(0.675 0.1632355619 0)
(0.68 0.1632355619 0)
(0.685 0.1632355619 0)
(0.69 0.1632355619 0)
(0.695 0.1632355619 0)
(0.7 0.1632355619 0)
(0.705 0.1632355619 0)
(0.71 0.1632355619 0)
(0.715 0.1632355619 0)
(0.72 0.1632355619 0)
(0.725 0.1632355619 0)
(0.73 0.1632355619 0)
(0.735 0.1632355619 0)
(0.74 0.1632355619 0)
(0.745 0.1632355619 0)
(0.75 0.1632355619 0)
(0.755 0.1632355619 0)
(0.76 0.1632355619 0)
(0.765 0.1632355619 0)
(0.77 0.1632355619 0)
(0.775 0.1632355619 0)
(0.78 0.1632355619 0)
(0.785 0.1632355619 0)
(0.79 0.1632355619 0)
(0.795 0.1632355619 0)
(0.8 0.1632355619 0)
(0.805 0.1632355619 0)
(0.81 0.1632355619 0)
(0.815 0.1632355619 0)
(0.82 0.1632355619 0)
(0.825 0.1632355619 0)
(0.83 0.1632355619 0)
(0.835 0.1632355619 0)
(0.84 0.1632355619 0)
(0.845 0.1632355619 0)
(0.85 0.1632355619 0)
(0.855 0.1632355619 0)
(0.86 0.1632355619 0)
(0.865 0.1632355619 0)
(0.87 0.1632355619 0)
(0.875 0.1632355619 0)
(0.88 0.1632355619 0)
(0.885 0.1632355619 0)
(0.89 0.1632355619 0)
(0.895 0.1632355619 0)
(0.9 0.1632355619 0)
(0.905 0.1632355619 0)
(0.91 0.1632355619 0)
(0.915 0.1632355619 0)
(0.92 0.1632355619 0)
(0.925 0.1632355619 0)
(0.93 0.1632355619 0)
(0.935 0.1632355619 0)
(0.94 0.1632355619 0)
(0.945 0.1632355619 0)
(0.95 0.1632355619 0)
(0.955 0.1632355619 0)
(0.96 0.1632355619 0)
(0.965 0.1632355619 0)
(0.97 0.1632355619 0)
(0.975 0.1632355619 0)
(0.98 0.1632355619 0)
(0.985 0.1632355619 0)
(0.99 0.1632355619 0)
(0.995 0.1632355619 0)
(1 0.1632355619 0)
(0.005 0.1746873779 0)
(0.01 0.1746873779 0)
(0.015 0.1746873779 0)
(0.02 0.1746873779 0)
(0.025 0.1746873779 0)
(0.03 0.1746873779 0)
(0.035 0.1746873779 0)
(0.04 0.1746873779 0)
(0.045 0.1746873779 0)
(0.05 0.1746873779 0)
(0.055 0.1746873779 0)
(0.06 0.1746873779 0)
(0.065 0.1746873779 0)
(0.07 0.1746873779 0)
(0.075 0.1746873779 0)
(0.08 0.1746873779 0)
(0.085 0.1746873779 0)
(0.09 0.1746873779 0)
(0.095 0.1746873779 0)
(0.1 0.1746873779 0)
(0.105 0.1746873779 0)
(0.11 0.1746873779 0)
(0.115 0.1746873779 0)
(0.12 0.1746873779 0)
(0.125 0.1746873779 0)
(0.13 0.1746873779 0)
(0.135 0.1746873779 0)
(0.14 0.1746873779 0)
(0.145 0.1746873779 0)
(0.15 0.1746873779 0)
(0.155 0.1746873779 0)
(0.16 0.1746873779 0)
(0.165 0.1746873779 0)
(0.17 0.1746873779 0)
(0.175 0.1746873779 0)
(0.18 0.1746873779 0)
(0.185 0.1746873779 0)
(0.19 0.1746873779 0)
(0.195 0.1746873779 0)
(0.2 0.1746873779 0)
(0.205 0.1746873779 0)
(0.21 0.1746873779 0)
(0.215 0.1746873779 0)
(0.22 0.1746873779 0)
(0.225 0.1746873779 0)
(0.23 0.1746873779 0)
(0.235 0.1746873779 0)
(0.24 0.1746873779 0)
(0.245 0.1746873779 0)
(0.25 0.1746873779 0)
(0.255 0.1746873779 0)
(0.26 0.1746873779 0)
(0.265 0.1746873779 0)
(0.27 0.1746873779 0)
(0.275 0.1746873779 0)
(0.28 0.1746873779 0)
(0.285 0.1746873779 0)
(0.29 0.1746873779 0)
(0.295 0.1746873779 0)
(0.3 0.1746873779 0)
(0.305 0.1746873779 0)
(0.31 0.1746873779 0)
(0.315 0.1746873779 0)
(0.32 0.1746873779 0)
(0.325 0.1746873779 0)
(0.33 0.1746873779 0)
(0.335 0.1746873779 0)
(0.34 0.1746873779 0)
(0.345 0.1746873779 0)
(0.35 0.1746873779 0)
(0.355 0.1746873779 0)
(0.36 0.1746873779 0)
(0.365 0.1746873779 0)
(0.37 0.1746873779 0)
(0.375 0.1746873779 0)
(0.38 0.1746873779 0)
(0.385 0.1746873779 0)
(0.39 0.1746873779 0)
(0.395 0.1746873779 0)
(0.4 0.1746873779 0)
(0.405 0.1746873779 0)
(0.41 0.1746873779 0)
(0.415 0.1746873779 0)
(0.42 0.1746873779 0)
(0.425 0.1746873779 0)
(0.43 0.1746873779 0)
(0.435 0.1746873779 0)
(0.44 0.1746873779 0)
(0.445 0.1746873779 0)
(0.45 0.1746873779 0)
(0.455 0.1746873779 0)
(0.46 0.1746873779 0)
(0.465 0.1746873779 0)
(0.47 0.1746873779 0)
(0.475 0.1746873779 0)
(0.48 0.1746873779 0)
(0.485 0.1746873779 0)
(0.49 0.1746873779 0)
(0.495 0.1746873779 0)
(0.5 0.1746873779 0)
(0.505 0.1746873779 0)
(0.51 0.1746873779 0)
(0.515 0.1746873779 0)
(0.52 0.1746873779 0)
(0.525 0.1746873779 0)
(0.53 0.1746873779 0)
(0.535 0.1746873779 0)
(0.54 0.1746873779 0)
(0.545 0.1746873779 0)
(0.55 0.1746873779 0)
(0.555 0.1746873779 0)
(0.56 0.1746873779 0)
(0.565 0.1746873779 0)
(0.57 0.1746873779 0)
(0.575 0.1746873779 0)
(0.58 0.1746873779 0)
(0.585 0.1746873779 0)
(0.59 0.1746873779 0)
(0.595 0.1746873779 0)
(0.6 0.1746873779 0)
(0.605 0.1746873779 0)
(0.61 0.1746873779 0)
(0.615 0.1746873779 0)
(0.62 0.1746873779 0)
(0.625 0.1746873779 0)
(0.63 0.1746873779 0)
(0.635 0.1746873779 0)
(0.64 0.1746873779 0)
(0.645 0.1746873779 0)
(0.65 0.1746873779 0)
(0.655 0.1746873779 0)
(0.66 0.1746873779 0)
(0.665 0.1746873779 0)
(0.67 0.1746873779 0)
(0.675 0.1746873779 0)
(0.68 0.1746873779 0)
(0.685 0.1746873779 0)
(0.69 0.1746873779 0)
(0.695 0.1746873779 0)
(0.7 0.1746873779 0)
(0.705 0.1746873779 0)
(0.71 0.1746873779 0)
(0.715 0.1746873779 0)
(0.72 0.1746873779 0)
(0.725 0.1746873779 0)
(0.73 0.1746873779 0)
(0.735 0.1746873779 0)
(0.74 0.1746873779 0)
(0.745 0.1746873779 0)
(0.75 0.1746873779 0)
(0.755 0.1746873779 0)
(0.76 0.1746873779 0)
(0.765 0.1746873779 0)
(0.77 0.1746873779 0)
(0.775 0.1746873779 0)
(0.78 0.1746873779 0)
(0.785 0.1746873779 0)
(0.79 0.1746873779 0)
(0.795 0.1746873779 0)
(0.8 0.1746873779 0)
(0.805 0.1746873779 0)
(0.81 0.1746873779 0)
(0.815 0.1746873779 0)
(0.82 0.1746873779 0)
(0.825 0.1746873779 0)
(0.83 0.1746873779 0)
(0.835 0.1746873779 0)
(0.84 0.1746873779 0)
(0.845 0.1746873779 0)
(0.85 0.1746873779 0)
(0.855 0.1746873779 0)
(0.86 0.1746873779 0)
(0.865 0.1746873779 0)
(0.87 0.1746873779 0)
(0.875 0.1746873779 0)
(0.88 0.1746873779 0)
(0.885 0.1746873779 0)
(0.89 0.1746873779 0)
(0.895 0.1746873779 0)
(0.9 0.1746873779 0)
(0.905 0.1746873779 0)
(0.91 0.1746873779 0)
(0.915 0.1746873779 0)
(0.92 0.1746873779 0)
(0.925 0.1746873779 0)
(0.93 0.1746873779 0)
(0.935 0.1746873779 0)
(0.94 0.1746873779 0)
(0.945 0.1746873779 0)
(0.95 0.1746873779 0)
(0.955 0.1746873779 0)
(0.96 0.1746873779 0)
(0.965 0.1746873779 0)
(0.97 0.1746873779 0)
(0.975 0.1746873779 0)
(0.98 0.1746873779 0)
(0.985 0.1746873779 0)
(0.99 0.1746873779 0)
(0.995 0.1746873779 0)
(1 0.1746873779 0)
(0.005 0.1869242513 0)
(0.01 0.1869242513 0)
(0.015 0.1869242513 0)
(0.02 0.1869242513 0)
(0.025 0.1869242513 0)
(0.03 0.1869242513 0)
(0.035 0.1869242513 0)
(0.04 0.1869242513 0)
(0.045 0.1869242513 0)
(0.05 0.1869242513 0)
(0.055 0.1869242513 0)
(0.06 0.1869242513 0)
(0.065 0.1869242513 0)
(0.07 0.1869242513 0)
(0.075 0.1869242513 0)
(0.08 0.1869242513 0)
(0.085 0.1869242513 0)
(0.09 0.1869242513 0)
(0.095 0.1869242513 0)
(0.1 0.1869242513 0)
(0.105 0.1869242513 0)
(0.11 0.1869242513 0)
(0.115 0.1869242513 0)
(0.12 0.1869242513 0)
(0.125 0.1869242513 0)
(0.13 0.1869242513 0)
(0.135 0.1869242513 0)
(0.14 0.1869242513 0)
(0.145 0.1869242513 0)
(0.15 0.1869242513 0)
(0.155 0.1869242513 0)
(0.16 0.1869242513 0)
(0.165 0.1869242513 0)
(0.17 0.1869242513 0)
(0.175 0.1869242513 0)
(0.18 0.1869242513 0)
(0.185 0.1869242513 0)
(0.19 0.1869242513 0)
(0.195 0.1869242513 0)
(0.2 0.1869242513 0)
(0.205 0.1869242513 0)
(0.21 0.1869242513 0)
(0.215 0.1869242513 0)
(0.22 0.1869242513 0)
(0.225 0.1869242513 0)
(0.23 0.1869242513 0)
(0.235 0.1869242513 0)
(0.24 0.1869242513 0)
(0.245 0.1869242513 0)
(0.25 0.1869242513 0)
(0.255 0.1869242513 0)
(0.26 0.1869242513 0)
(0.265 0.1869242513 0)
(0.27 0.1869242513 0)
(0.275 0.1869242513 0)
(0.28 0.1869242513 0)
(0.285 0.1869242513 0)
(0.29 0.1869242513 0)
(0.295 0.1869242513 0)
(0.3 0.1869242513 0)
(0.305 0.1869242513 0)
(0.31 0.1869242513 0)
(0.315 0.1869242513 0)
(0.32 0.1869242513 0)
(0.325 0.1869242513 0)
(0.33 0.1869242513 0)
(0.335 0.1869242513 0)
(0.34 0.1869242513 0)
(0.345 0.1869242513 0)
(0.35 0.1869242513 0)
(0.355 0.1869242513 0)
(0.36 0.1869242513 0)
(0.365 0.1869242513 0)
(0.37 0.1869242513 0)
(0.375 0.1869242513 0)
(0.38 0.1869242513 0)
(0.385 0.1869242513 0)
(0.39 0.1869242513 0)
(0.395 0.1869242513 0)
(0.4 0.1869242513 0)
(0.405 0.1869242513 0)
(0.41 0.1869242513 0)
(0.415 0.1869242513 0)
(0.42 0.1869242513 0)
(0.425 0.1869242513 0)
(0.43 0.1869242513 0)
(0.435 0.1869242513 0)
(0.44 0.1869242513 0)
(0.445 0.1869242513 0)
(0.45 0.1869242513 0)
(0.455 0.1869242513 0)
(0.46 0.1869242513 0)
(0.465 0.1869242513 0)
(0.47 0.1869242513 0)
(0.475 0.1869242513 0)
(0.48 0.1869242513 0)
(0.485 0.1869242513 0)
(0.49 0.1869242513 0)
(0.495 0.1869242513 0)
(0.5 0.1869242513 0)
(0.505 0.1869242513 0)
(0.51 0.1869242513 0)
(0.515 0.1869242513 0)
(0.52 0.1869242513 0)
(0.525 0.1869242513 0)
(0.53 0.1869242513 0)
(0.535 0.1869242513 0)
(0.54 0.1869242513 0)
(0.545 0.1869242513 0)
(0.55 0.1869242513 0)
(0.555 0.1869242513 0)
(0.56 0.1869242513 0)
(0.565 0.1869242513 0)
(0.57 0.1869242513 0)
(0.575 0.1869242513 0)
(0.58 0.1869242513 0)
(0.585 0.1869242513 0)
(0.59 0.1869242513 0)
(0.595 0.1869242513 0)
(0.6 0.1869242513 0)
(0.605 0.1869242513 0)
(0.61 0.1869242513 0)
(0.615 0.1869242513 0)
(0.62 0.1869242513 0)
(0.625 0.1869242513 0)
(0.63 0.1869242513 0)
(0.635 0.1869242513 0)
(0.64 0.1869242513 0)
(0.645 0.1869242513 0)
(0.65 0.1869242513 0)
(0.655 0.1869242513 0)
(0.66 0.1869242513 0)
(0.665 0.1869242513 0)
(0.67 0.1869242513 0)
(0.675 0.1869242513 0)
(0.68 0.1869242513 0)
(0.685 0.1869242513 0)
(0.69 0.1869242513 0)
(0.695 0.1869242513 0)
(0.7 0.1869242513 0)
(0.705 0.1869242513 0)
(0.71 0.1869242513 0)
(0.715 0.1869242513 0)
(0.72 0.1869242513 0)
(0.725 0.1869242513 0)
(0.73 0.1869242513 0)
(0.735 0.1869242513 0)
(0.74 0.1869242513 0)
(0.745 0.1869242513 0)
(0.75 0.1869242513 0)
(0.755 0.1869242513 0)
(0.76 0.1869242513 0)
(0.765 0.1869242513 0)
(0.77 0.1869242513 0)
(0.775 0.1869242513 0)
(0.78 0.1869242513 0)
(0.785 0.1869242513 0)
(0.79 0.1869242513 0)
(0.795 0.1869242513 0)
(0.8 0.1869242513 0)
(0.805 0.1869242513 0)
(0.81 0.1869242513 0)
(0.815 0.1869242513 0)
(0.82 0.1869242513 0)
(0.825 0.1869242513 0)
(0.83 0.1869242513 0)
(0.835 0.1869242513 0)
(0.84 0.1869242513 0)
(0.845 0.1869242513 0)
(0.85 0.1869242513 0)
(0.855 0.1869242513 0)
(0.86 0.1869242513 0)
(0.865 0.1869242513 0)
(0.87 0.1869242513 0)
(0.875 0.1869242513 0)
(0.88 0.1869242513 0)
(0.885 0.1869242513 0)
(0.89 0.1869242513 0)
(0.895 0.1869242513 0)
(0.9 0.1869242513 0)
(0.905 0.1869242513 0)
(0.91 0.1869242513 0)
(0.915 0.1869242513 0)
(0.92 0.1869242513 0)
(0.925 0.1869242513 0)
(0.93 0.1869242513 0)
(0.935 0.1869242513 0)
(0.94 0.1869242513 0)
(0.945 0.1869242513 0)
(0.95 0.1869242513 0)
(0.955 0.1869242513 0)
(0.96 0.1869242513 0)
(0.965 0.1869242513 0)
(0.97 0.1869242513 0)
(0.975 0.1869242513 0)
(0.98 0.1869242513 0)
(0.985 0.1869242513 0)
(0.99 0.1869242513 0)
(0.995 0.1869242513 0)
(1 0.1869242513 0)
(0.005 0.2 0)
(0.01 0.2 0)
(0.015 0.2 0)
(0.02 0.2 0)
(0.025 0.2 0)
(0.03 0.2 0)
(0.035 0.2 0)
(0.04 0.2 0)
(0.045 0.2 0)
(0.05 0.2 0)
(0.055 0.2 0)
(0.06 0.2 0)
(0.065 0.2 0)
(0.07 0.2 0)
(0.075 0.2 0)
(0.08 0.2 0)
(0.085 0.2 0)
(0.09 0.2 0)
(0.095 0.2 0)
(0.1 0.2 0)
(0.105 0.2 0)
(0.11 0.2 0)
(0.115 0.2 0)
(0.12 0.2 0)
(0.125 0.2 0)
(0.13 0.2 0)
(0.135 0.2 0)
(0.14 0.2 0)
(0.145 0.2 0)
(0.15 0.2 0)
(0.155 0.2 0)
(0.16 0.2 0)
(0.165 0.2 0)
(0.17 0.2 0)
(0.175 0.2 0)
(0.18 0.2 0)
(0.185 0.2 0)
(0.19 0.2 0)
(0.195 0.2 0)
(0.2 0.2 0)
(0.205 0.2 0)
(0.21 0.2 0)
(0.215 0.2 0)
(0.22 0.2 0)
(0.225 0.2 0)
(0.23 0.2 0)
(0.235 0.2 0)
(0.24 0.2 0)
(0.245 0.2 0)
(0.25 0.2 0)
(0.255 0.2 0)
(0.26 0.2 0)
(0.265 0.2 0)
(0.27 0.2 0)
(0.275 0.2 0)
(0.28 0.2 0)
(0.285 0.2 0)
(0.29 0.2 0)
(0.295 0.2 0)
(0.3 0.2 0)
(0.305 0.2 0)
(0.31 0.2 0)
(0.315 0.2 0)
(0.32 0.2 0)
(0.325 0.2 0)
(0.33 0.2 0)
(0.335 0.2 0)
(0.34 0.2 0)
(0.345 0.2 0)
(0.35 0.2 0)
(0.355 0.2 0)
(0.36 0.2 0)
(0.365 0.2 0)
(0.37 0.2 0)
(0.375 0.2 0)
(0.38 0.2 0)
(0.385 0.2 0)
(0.39 0.2 0)
(0.395 0.2 0)
(0.4 0.2 0)
(0.405 0.2 0)
(0.41 0.2 0)
(0.415 0.2 0)
(0.42 0.2 0)
(0.425 0.2 0)
(0.43 0.2 0)
(0.435 0.2 0)
(0.44 0.2 0)
(0.445 0.2 0)
(0.45 0.2 0)
(0.455 0.2 0)
(0.46 0.2 0)
(0.465 0.2 0)
(0.47 0.2 0)
(0.475 0.2 0)
(0.48 0.2 0)
(0.485 0.2 0)
(0.49 0.2 0)
(0.495 0.2 0)
(0.5 0.2 0)
(0.505 0.2 0)
(0.51 0.2 0)
(0.515 0.2 0)
(0.52 0.2 0)
(0.525 0.2 0)
(0.53 0.2 0)
(0.535 0.2 0)
(0.54 0.2 0)
(0.545 0.2 0)
(0.55 0.2 0)
(0.555 0.2 0)
(0.56 0.2 0)
(0.565 0.2 0)
(0.57 0.2 0)
(0.575 0.2 0)
(0.58 0.2 0)
(0.585 0.2 0)
(0.59 0.2 0)
(0.595 0.2 0)
(0.6 0.2 0)
(0.605 0.2 0)
(0.61 0.2 0)
(0.615 0.2 0)
(0.62 0.2 0)
(0.625 0.2 0)
(0.63 0.2 0)
(0.635 0.2 0)
(0.64 0.2 0)
(0.645 0.2 0)
(0.65 0.2 0)
(0.655 0.2 0)
(0.66 0.2 0)
(0.665 0.2 0)
(0.67 0.2 0)
(0.675 0.2 0)
(0.68 0.2 0)
(0.685 0.2 0)
(0.69 0.2 0)
(0.695 0.2 0)
(0.7 0.2 0)
(0.705 0.2 0)
(0.71 0.2 0)
(0.715 0.2 0)
(0.72 0.2 0)
(0.725 0.2 0)
(0.73 0.2 0)
(0.735 0.2 0)
(0.74 0.2 0)
(0.745 0.2 0)
(0.75 0.2 0)
(0.755 0.2 0)
(0.76 0.2 0)
(0.765 0.2 0)
(0.77 0.2 0)
(0.775 0.2 0)
(0.78 0.2 0)
(0.785 0.2 0)
(0.79 0.2 0)
(0.795 0.2 0)
(0.8 0.2 0)
(0.805 0.2 0)
(0.81 0.2 0)
(0.815 0.2 0)
(0.82 0.2 0)
(0.825 0.2 0)
(0.83 0.2 0)
(0.835 0.2 0)
(0.84 0.2 0)
(0.845 0.2 0)
(0.85 0.2 0)
(0.855 0.2 0)
(0.86 0.2 0)
(0.865 0.2 0)
(0.87 0.2 0)
(0.875 0.2 0)
(0.88 0.2 0)
(0.885 0.2 0)
(0.89 0.2 0)
(0.895 0.2 0)
(0.9 0.2 0)
(0.905 0.2 0)
(0.91 0.2 0)
(0.915 0.2 0)
(0.92 0.2 0)
(0.925 0.2 0)
(0.93 0.2 0)
(0.935 0.2 0)
(0.94 0.2 0)
(0.945 0.2 0)
(0.95 0.2 0)
(0.955 0.2 0)
(0.96 0.2 0)
(0.965 0.2 0)
(0.97 0.2 0)
(0.975 0.2 0)
(0.98 0.2 0)
(0.985 0.2 0)
(0.99 0.2 0)
(0.995 0.2 0)
(1 0.2 0)
(0.005 0 0.01)
(0.01 0 0.01)
(0.015 0 0.01)
(0.02 0 0.01)
(0.025 0 0.01)
(0.03 0 0.01)
(0.035 0 0.01)
(0.04 0 0.01)
(0.045 0 0.01)
(0.05 0 0.01)
(0.055 0 0.01)
(0.06 0 0.01)
(0.065 0 0.01)
(0.07 0 0.01)
(0.075 0 0.01)
(0.08 0 0.01)
(0.085 0 0.01)
(0.09 0 0.01)
(0.095 0 0.01)
(0.1 0 0.01)
(0.105 0 0.01)
(0.11 0 0.01)
(0.115 0 0.01)
(0.12 0 0.01)
(0.125 0 0.01)
(0.13 0 0.01)
(0.135 0 0.01)
(0.14 0 0.01)
(0.145 0 0.01)
(0.15 0 0.01)
(0.155 0 0.01)
(0.16 0 0.01)
(0.165 0 0.01)
(0.17 0 0.01)
(0.175 0 0.01)
(0.18 0 0.01)
(0.185 0 0.01)
(0.19 0 0.01)
(0.195 0 0.01)
(0.2 0 0.01)
(0.205 0 0.01)
(0.21 0 0.01)
(0.215 0 0.01)
(0.22 0 0.01)
(0.225 0 0.01)
(0.23 0 0.01)
(0.235 0 0.01)
(0.24 0 0.01)
(0.245 0 0.01)
(0.25 0 0.01)
(0.255 0 0.01)
(0.26 0 0.01)
(0.265 0 0.01)
(0.27 0 0.01)
(0.275 0 0.01)
(0.28 0 0.01)
(0.285 0 0.01)
(0.29 0 0.01)
(0.295 0 0.01)
(0.3 0 0.01)
(0.305 0 0.01)
(0.31 0 0.01)
(0.315 0 0.01)
(0.32 0 0.01)
(0.325 0 0.01)
(0.33 0 0.01)
(0.335 0 0.01)
(0.34 0 0.01)
(0.345 0 0.01)
(0.35 0 0.01)
(0.355 0 0.01)
(0.36 0 0.01)
(0.365 0 0.01)
(0.37 0 0.01)
(0.375 0 0.01)
(0.38 0 0.01)
(0.385 0 0.01)
(0.39 0 0.01)
(0.395 0 0.01)
(0.4 0 0.01)
(0.405 0 0.01)
(0.41 0 0.01)
(0.415 0 0.01)
(0.42 0 0.01)
(0.425 0 0.01)
(0.43 0 0.01)
(0.435 0 0.01)
(0.44 0 0.01)
(0.445 0 0.01)
(0.45 0 0.01)
(0.455 0 0.01)
(0.46 0 0.01)
(0.465 0 0.01)
(0.47 0 0.01)
(0.475 0 0.01)
(0.48 0 0.01)
(0.485 0 0.01)
(0.49 0 0.01)
(0.495 0 0.01)
(0.5 0 0.01)
(0.505 0 0.01)
(0.51 0 0.01)
(0.515 0 0.01)
(0.52 0 0.01)
(0.525 0 0.01)
(0.53 0 0.01)
(0.535 0 0.01)
(0.54 0 0.01)
(0.545 0 0.01)
(0.55 0 0.01)
(0.555 0 0.01)
(0.56 0 0.01)
(0.565 0 0.01)
(0.57 0 0.01)
(0.575 0 0.01)
(0.58 0 0.01)
(0.585 0 0.01)
(0.59 0 0.01)
(0.595 0 0.01)
(0.6 0 0.01)
(0.605 0 0.01)
(0.61 0 0.01)
(0.615 0 0.01)
(0.62 0 0.01)
(0.625 0 0.01)
(0.63 0 0.01)
(0.635 0 0.01)
(0.64 0 0.01)
(0.645 0 0.01)
(0.65 0 0.01)
(0.655 0 0.01)
(0.66 0 0.01)
(0.665 0 0.01)
(0.67 0 0.01)
(0.675 0 0.01)
(0.68 0 0.01)
(0.685 0 0.01)
(0.69 0 0.01)
(0.695 0 0.01)
(0.7 0 0.01)
(0.705 0 0.01)
(0.71 0 0.01)
(0.715 0 0.01)
(0.72 0 0.01)
(0.725 0 0.01)
(0.73 0 0.01)
(0.735 0 0.01)
(0.74 0 0.01)
(0.745 0 0.01)
(0.75 0 0.01)
(0.755 0 0.01)
(0.76 0 0.01)
(0.765 0 0.01)
(0.77 0 0.01)
(0.775 0 0.01)
(0.78 0 0.01)
(0.785 0 0.01)
(0.79 0 0.01)
(0.795 0 0.01)
(0.8 0 0.01)
(0.805 0 0.01)
(0.81 0 0.01)
(0.815 0 0.01)
(0.82 0 0.01)
(0.825 0 0.01)
(0.83 0 0.01)
(0.835 0 0.01)
(0.84 0 0.01)
(0.845 0 0.01)
(0.85 0 0.01)
(0.855 0 0.01)
(0.86 0 0.01)
(0.865 0 0.01)
(0.87 0 0.01)
(0.875 0 0.01)
(0.88 0 0.01)
(0.885 0 0.01)
(0.89 0 0.01)
(0.895 0 0.01)
(0.9 0 0.01)
(0.905 0 0.01)
(0.91 0 0.01)
(0.915 0 0.01)
(0.92 0 0.01)
(0.925 0 0.01)
(0.93 0 0.01)
(0.935 0 0.01)
(0.94 0 0.01)
(0.945 0 0.01)
(0.95 0 0.01)
(0.955 0 0.01)
(0.96 0 0.01)
(0.965 0 0.01)
(0.97 0 0.01)
(0.975 0 0.01)
(0.98 0 0.01)
(0.985 0 0.01)
(0.99 0 0.01)
(0.995 0 0.01)
(1 0 0.01)
(0.005 0.0002615149745 0.01)
(0.01 0.0002615149745 0.01)
(0.015 0.0002615149745 0.01)
(0.02 0.0002615149745 0.01)
(0.025 0.0002615149745 0.01)
(0.03 0.0002615149745 0.01)
(0.035 0.0002615149745 0.01)
(0.04 0.0002615149745 0.01)
(0.045 0.0002615149745 0.01)
(0.05 0.0002615149745 0.01)
(0.055 0.0002615149745 0.01)
(0.06 0.0002615149745 0.01)
(0.065 0.0002615149745 0.01)
(0.07 0.0002615149745 0.01)
(0.075 0.0002615149745 0.01)
(0.08 0.0002615149745 0.01)
(0.085 0.0002615149745 0.01)
(0.09 0.0002615149745 0.01)
(0.095 0.0002615149745 0.01)
(0.1 0.0002615149745 0.01)
(0.105 0.0002615149745 0.01)
(0.11 0.0002615149745 0.01)
(0.115 0.0002615149745 0.01)
(0.12 0.0002615149745 0.01)
(0.125 0.0002615149745 0.01)
(0.13 0.0002615149745 0.01)
(0.135 0.0002615149745 0.01)
(0.14 0.0002615149745 0.01)
(0.145 0.0002615149745 0.01)
(0.15 0.0002615149745 0.01)
(0.155 0.0002615149745 0.01)
(0.16 0.0002615149745 0.01)
(0.165 0.0002615149745 0.01)
(0.17 0.0002615149745 0.01)
(0.175 0.0002615149745 0.01)
(0.18 0.0002615149745 0.01)
(0.185 0.0002615149745 0.01)
(0.19 0.0002615149745 0.01)
(0.195 0.0002615149745 0.01)
(0.2 0.0002615149745 0.01)
(0.205 0.0002615149745 0.01)
(0.21 0.0002615149745 0.01)
(0.215 0.0002615149745 0.01)
(0.22 0.0002615149745 0.01)
(0.225 0.0002615149745 0.01)
(0.23 0.0002615149745 0.01)
(0.235 0.0002615149745 0.01)
(0.24 0.0002615149745 0.01)
(0.245 0.0002615149745 0.01)
(0.25 0.0002615149745 0.01)
(0.255 0.0002615149745 0.01)
(0.26 0.0002615149745 0.01)
(0.265 0.0002615149745 0.01)
(0.27 0.0002615149745 0.01)
(0.275 0.0002615149745 0.01)
(0.28 0.0002615149745 0.01)
(0.285 0.0002615149745 0.01)
(0.29 0.0002615149745 0.01)
(0.295 0.0002615149745 0.01)
(0.3 0.0002615149745 0.01)
(0.305 0.0002615149745 0.01)
(0.31 0.0002615149745 0.01)
(0.315 0.0002615149745 0.01)
(0.32 0.0002615149745 0.01)
(0.325 0.0002615149745 0.01)
(0.33 0.0002615149745 0.01)
(0.335 0.0002615149745 0.01)
(0.34 0.0002615149745 0.01)
(0.345 0.0002615149745 0.01)
(0.35 0.0002615149745 0.01)
(0.355 0.0002615149745 0.01)
(0.36 0.0002615149745 0.01)
(0.365 0.0002615149745 0.01)
(0.37 0.0002615149745 0.01)
(0.375 0.0002615149745 0.01)
(0.38 0.0002615149745 0.01)
(0.385 0.0002615149745 0.01)
(0.39 0.0002615149745 0.01)
(0.395 0.0002615149745 0.01)
(0.4 0.0002615149745 0.01)
(0.405 0.0002615149745 0.01)
(0.41 0.0002615149745 0.01)
(0.415 0.0002615149745 0.01)
(0.42 0.0002615149745 0.01)
(0.425 0.0002615149745 0.01)
(0.43 0.0002615149745 0.01)
(0.435 0.0002615149745 0.01)
(0.44 0.0002615149745 0.01)
(0.445 0.0002615149745 0.01)
(0.45 0.0002615149745 0.01)
(0.455 0.0002615149745 0.01)
(0.46 0.0002615149745 0.01)
(0.465 0.0002615149745 0.01)
(0.47 0.0002615149745 0.01)
(0.475 0.0002615149745 0.01)
(0.48 0.0002615149745 0.01)
(0.485 0.0002615149745 0.01)
(0.49 0.0002615149745 0.01)
(0.495 0.0002615149745 0.01)
(0.5 0.0002615149745 0.01)
(0.505 0.0002615149745 0.01)
(0.51 0.0002615149745 0.01)
(0.515 0.0002615149745 0.01)
(0.52 0.0002615149745 0.01)
(0.525 0.0002615149745 0.01)
(0.53 0.0002615149745 0.01)
(0.535 0.0002615149745 0.01)
(0.54 0.0002615149745 0.01)
(0.545 0.0002615149745 0.01)
(0.55 0.0002615149745 0.01)
(0.555 0.0002615149745 0.01)
(0.56 0.0002615149745 0.01)
(0.565 0.0002615149745 0.01)
(0.57 0.0002615149745 0.01)
(0.575 0.0002615149745 0.01)
(0.58 0.0002615149745 0.01)
(0.585 0.0002615149745 0.01)
(0.59 0.0002615149745 0.01)
(0.595 0.0002615149745 0.01)
(0.6 0.0002615149745 0.01)
(0.605 0.0002615149745 0.01)
(0.61 0.0002615149745 0.01)
(0.615 0.0002615149745 0.01)
(0.62 0.0002615149745 0.01)
(0.625 0.0002615149745 0.01)
(0.63 0.0002615149745 0.01)
(0.635 0.0002615149745 0.01)
(0.64 0.0002615149745 0.01)
(0.645 0.0002615149745 0.01)
(0.65 0.0002615149745 0.01)
(0.655 0.0002615149745 0.01)
(0.66 0.0002615149745 0.01)
(0.665 0.0002615149745 0.01)
(0.67 0.0002615149745 0.01)
(0.675 0.0002615149745 0.01)
(0.68 0.0002615149745 0.01)
(0.685 0.0002615149745 0.01)
(0.69 0.0002615149745 0.01)
(0.695 0.0002615149745 0.01)
(0.7 0.0002615149745 0.01)
(0.705 0.0002615149745 0.01)
(0.71 0.0002615149745 0.01)
(0.715 0.0002615149745 0.01)
(0.72 0.0002615149745 0.01)
(0.725 0.0002615149745 0.01)
(0.73 0.0002615149745 0.01)
(0.735 0.0002615149745 0.01)
(0.74 0.0002615149745 0.01)
(0.745 0.0002615149745 0.01)
(0.75 0.0002615149745 0.01)
(0.755 0.0002615149745 0.01)
(0.76 0.0002615149745 0.01)
(0.765 0.0002615149745 0.01)
(0.77 0.0002615149745 0.01)
(0.775 0.0002615149745 0.01)
(0.78 0.0002615149745 0.01)
(0.785 0.0002615149745 0.01)
(0.79 0.0002615149745 0.01)
(0.795 0.0002615149745 0.01)
(0.8 0.0002615149745 0.01)
(0.805 0.0002615149745 0.01)
(0.81 0.0002615149745 0.01)
(0.815 0.0002615149745 0.01)
(0.82 0.0002615149745 0.01)
(0.825 0.0002615149745 0.01)
(0.83 0.0002615149745 0.01)
(0.835 0.0002615149745 0.01)
(0.84 0.0002615149745 0.01)
(0.845 0.0002615149745 0.01)
(0.85 0.0002615149745 0.01)
(0.855 0.0002615149745 0.01)
(0.86 0.0002615149745 0.01)
(0.865 0.0002615149745 0.01)
(0.87 0.0002615149745 0.01)
(0.875 0.0002615149745 0.01)
(0.88 0.0002615149745 0.01)
(0.885 0.0002615149745 0.01)
(0.89 0.0002615149745 0.01)
(0.895 0.0002615149745 0.01)
(0.9 0.0002615149745 0.01)
(0.905 0.0002615149745 0.01)
(0.91 0.0002615149745 0.01)
(0.915 0.0002615149745 0.01)
(0.92 0.0002615149745 0.01)
(0.925 0.0002615149745 0.01)
(0.93 0.0002615149745 0.01)
(0.935 0.0002615149745 0.01)
(0.94 0.0002615149745 0.01)
(0.945 0.0002615149745 0.01)
(0.95 0.0002615149745 0.01)
(0.955 0.0002615149745 0.01)
(0.96 0.0002615149745 0.01)
(0.965 0.0002615149745 0.01)
(0.97 0.0002615149745 0.01)
(0.975 0.0002615149745 0.01)
(0.98 0.0002615149745 0.01)
(0.985 0.0002615149745 0.01)
(0.99 0.0002615149745 0.01)
(0.995 0.0002615149745 0.01)
(1 0.0002615149745 0.01)
(0.005 0.0005409576069 0.01)
(0.01 0.0005409576069 0.01)
(0.015 0.0005409576069 0.01)
(0.02 0.0005409576069 0.01)
(0.025 0.0005409576069 0.01)
(0.03 0.0005409576069 0.01)
(0.035 0.0005409576069 0.01)
(0.04 0.0005409576069 0.01)
(0.045 0.0005409576069 0.01)
(0.05 0.0005409576069 0.01)
(0.055 0.0005409576069 0.01)
(0.06 0.0005409576069 0.01)
(0.065 0.0005409576069 0.01)
(0.07 0.0005409576069 0.01)
(0.075 0.0005409576069 0.01)
(0.08 0.0005409576069 0.01)
(0.085 0.0005409576069 0.01)
(0.09 0.0005409576069 0.01)
(0.095 0.0005409576069 0.01)
(0.1 0.0005409576069 0.01)
(0.105 0.0005409576069 0.01)
(0.11 0.0005409576069 0.01)
(0.115 0.0005409576069 0.01)
(0.12 0.0005409576069 0.01)
(0.125 0.0005409576069 0.01)
(0.13 0.0005409576069 0.01)
(0.135 0.0005409576069 0.01)
(0.14 0.0005409576069 0.01)
(0.145 0.0005409576069 0.01)
(0.15 0.0005409576069 0.01)
(0.155 0.0005409576069 0.01)
(0.16 0.0005409576069 0.01)
(0.165 0.0005409576069 0.01)
(0.17 0.0005409576069 0.01)
(0.175 0.0005409576069 0.01)
(0.18 0.0005409576069 0.01)
(0.185 0.0005409576069 0.01)
(0.19 0.0005409576069 0.01)
(0.195 0.0005409576069 0.01)
(0.2 0.0005409576069 0.01)
(0.205 0.0005409576069 0.01)
(0.21 0.0005409576069 0.01)
(0.215 0.0005409576069 0.01)
(0.22 0.0005409576069 0.01)
(0.225 0.0005409576069 0.01)
(0.23 0.0005409576069 0.01)
(0.235 0.0005409576069 0.01)
(0.24 0.0005409576069 0.01)
(0.245 0.0005409576069 0.01)
(0.25 0.0005409576069 0.01)
(0.255 0.0005409576069 0.01)
(0.26 0.0005409576069 0.01)
(0.265 0.0005409576069 0.01)
(0.27 0.0005409576069 0.01)
(0.275 0.0005409576069 0.01)
(0.28 0.0005409576069 0.01)
(0.285 0.0005409576069 0.01)
(0.29 0.0005409576069 0.01)
(0.295 0.0005409576069 0.01)
(0.3 0.0005409576069 0.01)
(0.305 0.0005409576069 0.01)
(0.31 0.0005409576069 0.01)
(0.315 0.0005409576069 0.01)
(0.32 0.0005409576069 0.01)
(0.325 0.0005409576069 0.01)
(0.33 0.0005409576069 0.01)
(0.335 0.0005409576069 0.01)
(0.34 0.0005409576069 0.01)
(0.345 0.0005409576069 0.01)
(0.35 0.0005409576069 0.01)
(0.355 0.0005409576069 0.01)
(0.36 0.0005409576069 0.01)
(0.365 0.0005409576069 0.01)
(0.37 0.0005409576069 0.01)
(0.375 0.0005409576069 0.01)
(0.38 0.0005409576069 0.01)
(0.385 0.0005409576069 0.01)
(0.39 0.0005409576069 0.01)
(0.395 0.0005409576069 0.01)
(0.4 0.0005409576069 0.01)
(0.405 0.0005409576069 0.01)
(0.41 0.0005409576069 0.01)
(0.415 0.0005409576069 0.01)
(0.42 0.0005409576069 0.01)
(0.425 0.0005409576069 0.01)
(0.43 0.0005409576069 0.01)
(0.435 0.0005409576069 0.01)
(0.44 0.0005409576069 0.01)
(0.445 0.0005409576069 0.01)
(0.45 0.0005409576069 0.01)
(0.455 0.0005409576069 0.01)
(0.46 0.0005409576069 0.01)
(0.465 0.0005409576069 0.01)
(0.47 0.0005409576069 0.01)
(0.475 0.0005409576069 0.01)
(0.48 0.0005409576069 0.01)
(0.485 0.0005409576069 0.01)
(0.49 0.0005409576069 0.01)
(0.495 0.0005409576069 0.01)
(0.5 0.0005409576069 0.01)
(0.505 0.0005409576069 0.01)
(0.51 0.0005409576069 0.01)
(0.515 0.0005409576069 0.01)
(0.52 0.0005409576069 0.01)
(0.525 0.0005409576069 0.01)
(0.53 0.0005409576069 0.01)
(0.535 0.0005409576069 0.01)
(0.54 0.0005409576069 0.01)
(0.545 0.0005409576069 0.01)
(0.55 0.0005409576069 0.01)
(0.555 0.0005409576069 0.01)
(0.56 0.0005409576069 0.01)
(0.565 0.0005409576069 0.01)
(0.57 0.0005409576069 0.01)
(0.575 0.0005409576069 0.01)
(0.58 0.0005409576069 0.01)
(0.585 0.0005409576069 0.01)
(0.59 0.0005409576069 0.01)
(0.595 0.0005409576069 0.01)
(0.6 0.0005409576069 0.01)
(0.605 0.0005409576069 0.01)
(0.61 0.0005409576069 0.01)
(0.615 0.0005409576069 0.01)
(0.62 0.0005409576069 0.01)
(0.625 0.0005409576069 0.01)
(0.63 0.0005409576069 0.01)
(0.635 0.0005409576069 0.01)
(0.64 0.0005409576069 0.01)
(0.645 0.0005409576069 0.01)
(0.65 0.0005409576069 0.01)
(0.655 0.0005409576069 0.01)
(0.66 0.0005409576069 0.01)
(0.665 0.0005409576069 0.01)
(0.67 0.0005409576069 0.01)
(0.675 0.0005409576069 0.01)
(0.68 0.0005409576069 0.01)
(0.685 0.0005409576069 0.01)
(0.69 0.0005409576069 0.01)
(0.695 0.0005409576069 0.01)
(0.7 0.0005409576069 0.01)
(0.705 0.0005409576069 0.01)
(0.71 0.0005409576069 0.01)
(0.715 0.0005409576069 0.01)
(0.72 0.0005409576069 0.01)
(0.725 0.0005409576069 0.01)
(0.73 0.0005409576069 0.01)
(0.735 0.0005409576069 0.01)
(0.74 0.0005409576069 0.01)
(0.745 0.0005409576069 0.01)
(0.75 0.0005409576069 0.01)
(0.755 0.0005409576069 0.01)
(0.76 0.0005409576069 0.01)
(0.765 0.0005409576069 0.01)
(0.77 0.0005409576069 0.01)
(0.775 0.0005409576069 0.01)
(0.78 0.0005409576069 0.01)
(0.785 0.0005409576069 0.01)
(0.79 0.0005409576069 0.01)
(0.795 0.0005409576069 0.01)
(0.8 0.0005409576069 0.01)
(0.805 0.0005409576069 0.01)
(0.81 0.0005409576069 0.01)
(0.815 0.0005409576069 0.01)
(0.82 0.0005409576069 0.01)
(0.825 0.0005409576069 0.01)
(0.83 0.0005409576069 0.01)
(0.835 0.0005409576069 0.01)
(0.84 0.0005409576069 0.01)
(0.845 0.0005409576069 0.01)
(0.85 0.0005409576069 0.01)
(0.855 0.0005409576069 0.01)
(0.86 0.0005409576069 0.01)
(0.865 0.0005409576069 0.01)
(0.87 0.0005409576069 0.01)
(0.875 0.0005409576069 0.01)
(0.88 0.0005409576069 0.01)
(0.885 0.0005409576069 0.01)
(0.89 0.0005409576069 0.01)
(0.895 0.0005409576069 0.01)
(0.9 0.0005409576069 0.01)
(0.905 0.0005409576069 0.01)
(0.91 0.0005409576069 0.01)
(0.915 0.0005409576069 0.01)
(0.92 0.0005409576069 0.01)
(0.925 0.0005409576069 0.01)
(0.93 0.0005409576069 0.01)
(0.935 0.0005409576069 0.01)
(0.94 0.0005409576069 0.01)
(0.945 0.0005409576069 0.01)
(0.95 0.0005409576069 0.01)
(0.955 0.0005409576069 0.01)
(0.96 0.0005409576069 0.01)
(0.965 0.0005409576069 0.01)
(0.97 0.0005409576069 0.01)
(0.975 0.0005409576069 0.01)
(0.98 0.0005409576069 0.01)
(0.985 0.0005409576069 0.01)
(0.99 0.0005409576069 0.01)
(0.995 0.0005409576069 0.01)
(1 0.0005409576069 0.01)
(0.005 0.0008395568933 0.01)
(0.01 0.0008395568933 0.01)
(0.015 0.0008395568933 0.01)
(0.02 0.0008395568933 0.01)
(0.025 0.0008395568933 0.01)
(0.03 0.0008395568933 0.01)
(0.035 0.0008395568933 0.01)
(0.04 0.0008395568933 0.01)
(0.045 0.0008395568933 0.01)
(0.05 0.0008395568933 0.01)
(0.055 0.0008395568933 0.01)
(0.06 0.0008395568933 0.01)
(0.065 0.0008395568933 0.01)
(0.07 0.0008395568933 0.01)
(0.075 0.0008395568933 0.01)
(0.08 0.0008395568933 0.01)
(0.085 0.0008395568933 0.01)
(0.09 0.0008395568933 0.01)
(0.095 0.0008395568933 0.01)
(0.1 0.0008395568933 0.01)
(0.105 0.0008395568933 0.01)
(0.11 0.0008395568933 0.01)
(0.115 0.0008395568933 0.01)
(0.12 0.0008395568933 0.01)
(0.125 0.0008395568933 0.01)
(0.13 0.0008395568933 0.01)
(0.135 0.0008395568933 0.01)
(0.14 0.0008395568933 0.01)
(0.145 0.0008395568933 0.01)
(0.15 0.0008395568933 0.01)
(0.155 0.0008395568933 0.01)
(0.16 0.0008395568933 0.01)
(0.165 0.0008395568933 0.01)
(0.17 0.0008395568933 0.01)
(0.175 0.0008395568933 0.01)
(0.18 0.0008395568933 0.01)
(0.185 0.0008395568933 0.01)
(0.19 0.0008395568933 0.01)
(0.195 0.0008395568933 0.01)
(0.2 0.0008395568933 0.01)
(0.205 0.0008395568933 0.01)
(0.21 0.0008395568933 0.01)
(0.215 0.0008395568933 0.01)
(0.22 0.0008395568933 0.01)
(0.225 0.0008395568933 0.01)
(0.23 0.0008395568933 0.01)
(0.235 0.0008395568933 0.01)
(0.24 0.0008395568933 0.01)
(0.245 0.0008395568933 0.01)
(0.25 0.0008395568933 0.01)
(0.255 0.0008395568933 0.01)
(0.26 0.0008395568933 0.01)
(0.265 0.0008395568933 0.01)
(0.27 0.0008395568933 0.01)
(0.275 0.0008395568933 0.01)
(0.28 0.0008395568933 0.01)
(0.285 0.0008395568933 0.01)
(0.29 0.0008395568933 0.01)
(0.295 0.0008395568933 0.01)
(0.3 0.0008395568933 0.01)
(0.305 0.0008395568933 0.01)
(0.31 0.0008395568933 0.01)
(0.315 0.0008395568933 0.01)
(0.32 0.0008395568933 0.01)
(0.325 0.0008395568933 0.01)
(0.33 0.0008395568933 0.01)
(0.335 0.0008395568933 0.01)
(0.34 0.0008395568933 0.01)
(0.345 0.0008395568933 0.01)
(0.35 0.0008395568933 0.01)
(0.355 0.0008395568933 0.01)
(0.36 0.0008395568933 0.01)
(0.365 0.0008395568933 0.01)
(0.37 0.0008395568933 0.01)
(0.375 0.0008395568933 0.01)
(0.38 0.0008395568933 0.01)
(0.385 0.0008395568933 0.01)
(0.39 0.0008395568933 0.01)
(0.395 0.0008395568933 0.01)
(0.4 0.0008395568933 0.01)
(0.405 0.0008395568933 0.01)
(0.41 0.0008395568933 0.01)
(0.415 0.0008395568933 0.01)
(0.42 0.0008395568933 0.01)
(0.425 0.0008395568933 0.01)
(0.43 0.0008395568933 0.01)
(0.435 0.0008395568933 0.01)
(0.44 0.0008395568933 0.01)
(0.445 0.0008395568933 0.01)
(0.45 0.0008395568933 0.01)
(0.455 0.0008395568933 0.01)
(0.46 0.0008395568933 0.01)
(0.465 0.0008395568933 0.01)
(0.47 0.0008395568933 0.01)
(0.475 0.0008395568933 0.01)
(0.48 0.0008395568933 0.01)
(0.485 0.0008395568933 0.01)
(0.49 0.0008395568933 0.01)
(0.495 0.0008395568933 0.01)
(0.5 0.0008395568933 0.01)
(0.505 0.0008395568933 0.01)
(0.51 0.0008395568933 0.01)
(0.515 0.0008395568933 0.01)
(0.52 0.0008395568933 0.01)
(0.525 0.0008395568933 0.01)
(0.53 0.0008395568933 0.01)
(0.535 0.0008395568933 0.01)
(0.54 0.0008395568933 0.01)
(0.545 0.0008395568933 0.01)
(0.55 0.0008395568933 0.01)
(0.555 0.0008395568933 0.01)
(0.56 0.0008395568933 0.01)
(0.565 0.0008395568933 0.01)
(0.57 0.0008395568933 0.01)
(0.575 0.0008395568933 0.01)
(0.58 0.0008395568933 0.01)
(0.585 0.0008395568933 0.01)
(0.59 0.0008395568933 0.01)
(0.595 0.0008395568933 0.01)
(0.6 0.0008395568933 0.01)
(0.605 0.0008395568933 0.01)
(0.61 0.0008395568933 0.01)
(0.615 0.0008395568933 0.01)
(0.62 0.0008395568933 0.01)
(0.625 0.0008395568933 0.01)
(0.63 0.0008395568933 0.01)
(0.635 0.0008395568933 0.01)
(0.64 0.0008395568933 0.01)
(0.645 0.0008395568933 0.01)
(0.65 0.0008395568933 0.01)
(0.655 0.0008395568933 0.01)
(0.66 0.0008395568933 0.01)
(0.665 0.0008395568933 0.01)
(0.67 0.0008395568933 0.01)
(0.675 0.0008395568933 0.01)
(0.68 0.0008395568933 0.01)
(0.685 0.0008395568933 0.01)
(0.69 0.0008395568933 0.01)
(0.695 0.0008395568933 0.01)
(0.7 0.0008395568933 0.01)
(0.705 0.0008395568933 0.01)
(0.71 0.0008395568933 0.01)
(0.715 0.0008395568933 0.01)
(0.72 0.0008395568933 0.01)
(0.725 0.0008395568933 0.01)
(0.73 0.0008395568933 0.01)
(0.735 0.0008395568933 0.01)
(0.74 0.0008395568933 0.01)
(0.745 0.0008395568933 0.01)
(0.75 0.0008395568933 0.01)
(0.755 0.0008395568933 0.01)
(0.76 0.0008395568933 0.01)
(0.765 0.0008395568933 0.01)
(0.77 0.0008395568933 0.01)
(0.775 0.0008395568933 0.01)
(0.78 0.0008395568933 0.01)
(0.785 0.0008395568933 0.01)
(0.79 0.0008395568933 0.01)
(0.795 0.0008395568933 0.01)
(0.8 0.0008395568933 0.01)
(0.805 0.0008395568933 0.01)
(0.81 0.0008395568933 0.01)
(0.815 0.0008395568933 0.01)
(0.82 0.0008395568933 0.01)
(0.825 0.0008395568933 0.01)
(0.83 0.0008395568933 0.01)
(0.835 0.0008395568933 0.01)
(0.84 0.0008395568933 0.01)
(0.845 0.0008395568933 0.01)
(0.85 0.0008395568933 0.01)
(0.855 0.0008395568933 0.01)
(0.86 0.0008395568933 0.01)
(0.865 0.0008395568933 0.01)
(0.87 0.0008395568933 0.01)
(0.875 0.0008395568933 0.01)
(0.88 0.0008395568933 0.01)
(0.885 0.0008395568933 0.01)
(0.89 0.0008395568933 0.01)
(0.895 0.0008395568933 0.01)
(0.9 0.0008395568933 0.01)
(0.905 0.0008395568933 0.01)
(0.91 0.0008395568933 0.01)
(0.915 0.0008395568933 0.01)
(0.92 0.0008395568933 0.01)
(0.925 0.0008395568933 0.01)
(0.93 0.0008395568933 0.01)
(0.935 0.0008395568933 0.01)
(0.94 0.0008395568933 0.01)
(0.945 0.0008395568933 0.01)
(0.95 0.0008395568933 0.01)
(0.955 0.0008395568933 0.01)
(0.96 0.0008395568933 0.01)
(0.965 0.0008395568933 0.01)
(0.97 0.0008395568933 0.01)
(0.975 0.0008395568933 0.01)
(0.98 0.0008395568933 0.01)
(0.985 0.0008395568933 0.01)
(0.99 0.0008395568933 0.01)
(0.995 0.0008395568933 0.01)
(1 0.0008395568933 0.01)
(0.005 0.001158626081 0.01)
(0.01 0.001158626081 0.01)
(0.015 0.001158626081 0.01)
(0.02 0.001158626081 0.01)
(0.025 0.001158626081 0.01)
(0.03 0.001158626081 0.01)
(0.035 0.001158626081 0.01)
(0.04 0.001158626081 0.01)
(0.045 0.001158626081 0.01)
(0.05 0.001158626081 0.01)
(0.055 0.001158626081 0.01)
(0.06 0.001158626081 0.01)
(0.065 0.001158626081 0.01)
(0.07 0.001158626081 0.01)
(0.075 0.001158626081 0.01)
(0.08 0.001158626081 0.01)
(0.085 0.001158626081 0.01)
(0.09 0.001158626081 0.01)
(0.095 0.001158626081 0.01)
(0.1 0.001158626081 0.01)
(0.105 0.001158626081 0.01)
(0.11 0.001158626081 0.01)
(0.115 0.001158626081 0.01)
(0.12 0.001158626081 0.01)
(0.125 0.001158626081 0.01)
(0.13 0.001158626081 0.01)
(0.135 0.001158626081 0.01)
(0.14 0.001158626081 0.01)
(0.145 0.001158626081 0.01)
(0.15 0.001158626081 0.01)
(0.155 0.001158626081 0.01)
(0.16 0.001158626081 0.01)
(0.165 0.001158626081 0.01)
(0.17 0.001158626081 0.01)
(0.175 0.001158626081 0.01)
(0.18 0.001158626081 0.01)
(0.185 0.001158626081 0.01)
(0.19 0.001158626081 0.01)
(0.195 0.001158626081 0.01)
(0.2 0.001158626081 0.01)
(0.205 0.001158626081 0.01)
(0.21 0.001158626081 0.01)
(0.215 0.001158626081 0.01)
(0.22 0.001158626081 0.01)
(0.225 0.001158626081 0.01)
(0.23 0.001158626081 0.01)
(0.235 0.001158626081 0.01)
(0.24 0.001158626081 0.01)
(0.245 0.001158626081 0.01)
(0.25 0.001158626081 0.01)
(0.255 0.001158626081 0.01)
(0.26 0.001158626081 0.01)
(0.265 0.001158626081 0.01)
(0.27 0.001158626081 0.01)
(0.275 0.001158626081 0.01)
(0.28 0.001158626081 0.01)
(0.285 0.001158626081 0.01)
(0.29 0.001158626081 0.01)
(0.295 0.001158626081 0.01)
(0.3 0.001158626081 0.01)
(0.305 0.001158626081 0.01)
(0.31 0.001158626081 0.01)
(0.315 0.001158626081 0.01)
(0.32 0.001158626081 0.01)
(0.325 0.001158626081 0.01)
(0.33 0.001158626081 0.01)
(0.335 0.001158626081 0.01)
(0.34 0.001158626081 0.01)
(0.345 0.001158626081 0.01)
(0.35 0.001158626081 0.01)
(0.355 0.001158626081 0.01)
(0.36 0.001158626081 0.01)
(0.365 0.001158626081 0.01)
(0.37 0.001158626081 0.01)
(0.375 0.001158626081 0.01)
(0.38 0.001158626081 0.01)
(0.385 0.001158626081 0.01)
(0.39 0.001158626081 0.01)
(0.395 0.001158626081 0.01)
(0.4 0.001158626081 0.01)
(0.405 0.001158626081 0.01)
(0.41 0.001158626081 0.01)
(0.415 0.001158626081 0.01)
(0.42 0.001158626081 0.01)
(0.425 0.001158626081 0.01)
(0.43 0.001158626081 0.01)
(0.435 0.001158626081 0.01)
(0.44 0.001158626081 0.01)
(0.445 0.001158626081 0.01)
(0.45 0.001158626081 0.01)
(0.455 0.001158626081 0.01)
(0.46 0.001158626081 0.01)
(0.465 0.001158626081 0.01)
(0.47 0.001158626081 0.01)
(0.475 0.001158626081 0.01)
(0.48 0.001158626081 0.01)
(0.485 0.001158626081 0.01)
(0.49 0.001158626081 0.01)
(0.495 0.001158626081 0.01)
(0.5 0.001158626081 0.01)
(0.505 0.001158626081 0.01)
(0.51 0.001158626081 0.01)
(0.515 0.001158626081 0.01)
(0.52 0.001158626081 0.01)
(0.525 0.001158626081 0.01)
(0.53 0.001158626081 0.01)
(0.535 0.001158626081 0.01)
(0.54 0.001158626081 0.01)
(0.545 0.001158626081 0.01)
(0.55 0.001158626081 0.01)
(0.555 0.001158626081 0.01)
(0.56 0.001158626081 0.01)
(0.565 0.001158626081 0.01)
(0.57 0.001158626081 0.01)
(0.575 0.001158626081 0.01)
(0.58 0.001158626081 0.01)
(0.585 0.001158626081 0.01)
(0.59 0.001158626081 0.01)
(0.595 0.001158626081 0.01)
(0.6 0.001158626081 0.01)
(0.605 0.001158626081 0.01)
(0.61 0.001158626081 0.01)
(0.615 0.001158626081 0.01)
(0.62 0.001158626081 0.01)
(0.625 0.001158626081 0.01)
(0.63 0.001158626081 0.01)
(0.635 0.001158626081 0.01)
(0.64 0.001158626081 0.01)
(0.645 0.001158626081 0.01)
(0.65 0.001158626081 0.01)
(0.655 0.001158626081 0.01)
(0.66 0.001158626081 0.01)
(0.665 0.001158626081 0.01)
(0.67 0.001158626081 0.01)
(0.675 0.001158626081 0.01)
(0.68 0.001158626081 0.01)
(0.685 0.001158626081 0.01)
(0.69 0.001158626081 0.01)
(0.695 0.001158626081 0.01)
(0.7 0.001158626081 0.01)
(0.705 0.001158626081 0.01)
(0.71 0.001158626081 0.01)
(0.715 0.001158626081 0.01)
(0.72 0.001158626081 0.01)
(0.725 0.001158626081 0.01)
(0.73 0.001158626081 0.01)
(0.735 0.001158626081 0.01)
(0.74 0.001158626081 0.01)
(0.745 0.001158626081 0.01)
(0.75 0.001158626081 0.01)
(0.755 0.001158626081 0.01)
(0.76 0.001158626081 0.01)
(0.765 0.001158626081 0.01)
(0.77 0.001158626081 0.01)
(0.775 0.001158626081 0.01)
(0.78 0.001158626081 0.01)
(0.785 0.001158626081 0.01)
(0.79 0.001158626081 0.01)
(0.795 0.001158626081 0.01)
(0.8 0.001158626081 0.01)
(0.805 0.001158626081 0.01)
(0.81 0.001158626081 0.01)
(0.815 0.001158626081 0.01)
(0.82 0.001158626081 0.01)
(0.825 0.001158626081 0.01)
(0.83 0.001158626081 0.01)
(0.835 0.001158626081 0.01)
(0.84 0.001158626081 0.01)
(0.845 0.001158626081 0.01)
(0.85 0.001158626081 0.01)
(0.855 0.001158626081 0.01)
(0.86 0.001158626081 0.01)
(0.865 0.001158626081 0.01)
(0.87 0.001158626081 0.01)
(0.875 0.001158626081 0.01)
(0.88 0.001158626081 0.01)
(0.885 0.001158626081 0.01)
(0.89 0.001158626081 0.01)
(0.895 0.001158626081 0.01)
(0.9 0.001158626081 0.01)
(0.905 0.001158626081 0.01)
(0.91 0.001158626081 0.01)
(0.915 0.001158626081 0.01)
(0.92 0.001158626081 0.01)
(0.925 0.001158626081 0.01)
(0.93 0.001158626081 0.01)
(0.935 0.001158626081 0.01)
(0.94 0.001158626081 0.01)
(0.945 0.001158626081 0.01)
(0.95 0.001158626081 0.01)
(0.955 0.001158626081 0.01)
(0.96 0.001158626081 0.01)
(0.965 0.001158626081 0.01)
(0.97 0.001158626081 0.01)
(0.975 0.001158626081 0.01)
(0.98 0.001158626081 0.01)
(0.985 0.001158626081 0.01)
(0.99 0.001158626081 0.01)
(0.995 0.001158626081 0.01)
(1 0.001158626081 0.01)
(0.005 0.001499568446 0.01)
(0.01 0.001499568446 0.01)
(0.015 0.001499568446 0.01)
(0.02 0.001499568446 0.01)
(0.025 0.001499568446 0.01)
(0.03 0.001499568446 0.01)
(0.035 0.001499568446 0.01)
(0.04 0.001499568446 0.01)
(0.045 0.001499568446 0.01)
(0.05 0.001499568446 0.01)
(0.055 0.001499568446 0.01)
(0.06 0.001499568446 0.01)
(0.065 0.001499568446 0.01)
(0.07 0.001499568446 0.01)
(0.075 0.001499568446 0.01)
(0.08 0.001499568446 0.01)
(0.085 0.001499568446 0.01)
(0.09 0.001499568446 0.01)
(0.095 0.001499568446 0.01)
(0.1 0.001499568446 0.01)
(0.105 0.001499568446 0.01)
(0.11 0.001499568446 0.01)
(0.115 0.001499568446 0.01)
(0.12 0.001499568446 0.01)
(0.125 0.001499568446 0.01)
(0.13 0.001499568446 0.01)
(0.135 0.001499568446 0.01)
(0.14 0.001499568446 0.01)
(0.145 0.001499568446 0.01)
(0.15 0.001499568446 0.01)
(0.155 0.001499568446 0.01)
(0.16 0.001499568446 0.01)
(0.165 0.001499568446 0.01)
(0.17 0.001499568446 0.01)
(0.175 0.001499568446 0.01)
(0.18 0.001499568446 0.01)
(0.185 0.001499568446 0.01)
(0.19 0.001499568446 0.01)
(0.195 0.001499568446 0.01)
(0.2 0.001499568446 0.01)
(0.205 0.001499568446 0.01)
(0.21 0.001499568446 0.01)
(0.215 0.001499568446 0.01)
(0.22 0.001499568446 0.01)
(0.225 0.001499568446 0.01)
(0.23 0.001499568446 0.01)
(0.235 0.001499568446 0.01)
(0.24 0.001499568446 0.01)
(0.245 0.001499568446 0.01)
(0.25 0.001499568446 0.01)
(0.255 0.001499568446 0.01)
(0.26 0.001499568446 0.01)
(0.265 0.001499568446 0.01)
(0.27 0.001499568446 0.01)
(0.275 0.001499568446 0.01)
(0.28 0.001499568446 0.01)
(0.285 0.001499568446 0.01)
(0.29 0.001499568446 0.01)
(0.295 0.001499568446 0.01)
(0.3 0.001499568446 0.01)
(0.305 0.001499568446 0.01)
(0.31 0.001499568446 0.01)
(0.315 0.001499568446 0.01)
(0.32 0.001499568446 0.01)
(0.325 0.001499568446 0.01)
(0.33 0.001499568446 0.01)
(0.335 0.001499568446 0.01)
(0.34 0.001499568446 0.01)
(0.345 0.001499568446 0.01)
(0.35 0.001499568446 0.01)
(0.355 0.001499568446 0.01)
(0.36 0.001499568446 0.01)
(0.365 0.001499568446 0.01)
(0.37 0.001499568446 0.01)
(0.375 0.001499568446 0.01)
(0.38 0.001499568446 0.01)
(0.385 0.001499568446 0.01)
(0.39 0.001499568446 0.01)
(0.395 0.001499568446 0.01)
(0.4 0.001499568446 0.01)
(0.405 0.001499568446 0.01)
(0.41 0.001499568446 0.01)
(0.415 0.001499568446 0.01)
(0.42 0.001499568446 0.01)
(0.425 0.001499568446 0.01)
(0.43 0.001499568446 0.01)
(0.435 0.001499568446 0.01)
(0.44 0.001499568446 0.01)
(0.445 0.001499568446 0.01)
(0.45 0.001499568446 0.01)
(0.455 0.001499568446 0.01)
(0.46 0.001499568446 0.01)
(0.465 0.001499568446 0.01)
(0.47 0.001499568446 0.01)
(0.475 0.001499568446 0.01)
(0.48 0.001499568446 0.01)
(0.485 0.001499568446 0.01)
(0.49 0.001499568446 0.01)
(0.495 0.001499568446 0.01)
(0.5 0.001499568446 0.01)
(0.505 0.001499568446 0.01)
(0.51 0.001499568446 0.01)
(0.515 0.001499568446 0.01)
(0.52 0.001499568446 0.01)
(0.525 0.001499568446 0.01)
(0.53 0.001499568446 0.01)
(0.535 0.001499568446 0.01)
(0.54 0.001499568446 0.01)
(0.545 0.001499568446 0.01)
(0.55 0.001499568446 0.01)
(0.555 0.001499568446 0.01)
(0.56 0.001499568446 0.01)
(0.565 0.001499568446 0.01)
(0.57 0.001499568446 0.01)
(0.575 0.001499568446 0.01)
(0.58 0.001499568446 0.01)
(0.585 0.001499568446 0.01)
(0.59 0.001499568446 0.01)
(0.595 0.001499568446 0.01)
(0.6 0.001499568446 0.01)
(0.605 0.001499568446 0.01)
(0.61 0.001499568446 0.01)
(0.615 0.001499568446 0.01)
(0.62 0.001499568446 0.01)
(0.625 0.001499568446 0.01)
(0.63 0.001499568446 0.01)
(0.635 0.001499568446 0.01)
(0.64 0.001499568446 0.01)
(0.645 0.001499568446 0.01)
(0.65 0.001499568446 0.01)
(0.655 0.001499568446 0.01)
(0.66 0.001499568446 0.01)
(0.665 0.001499568446 0.01)
(0.67 0.001499568446 0.01)
(0.675 0.001499568446 0.01)
(0.68 0.001499568446 0.01)
(0.685 0.001499568446 0.01)
(0.69 0.001499568446 0.01)
(0.695 0.001499568446 0.01)
(0.7 0.001499568446 0.01)
(0.705 0.001499568446 0.01)
(0.71 0.001499568446 0.01)
(0.715 0.001499568446 0.01)
(0.72 0.001499568446 0.01)
(0.725 0.001499568446 0.01)
(0.73 0.001499568446 0.01)
(0.735 0.001499568446 0.01)
(0.74 0.001499568446 0.01)
(0.745 0.001499568446 0.01)
(0.75 0.001499568446 0.01)
(0.755 0.001499568446 0.01)
(0.76 0.001499568446 0.01)
(0.765 0.001499568446 0.01)
(0.77 0.001499568446 0.01)
(0.775 0.001499568446 0.01)
(0.78 0.001499568446 0.01)
(0.785 0.001499568446 0.01)
(0.79 0.001499568446 0.01)
(0.795 0.001499568446 0.01)
(0.8 0.001499568446 0.01)
(0.805 0.001499568446 0.01)
(0.81 0.001499568446 0.01)
(0.815 0.001499568446 0.01)
(0.82 0.001499568446 0.01)
(0.825 0.001499568446 0.01)
(0.83 0.001499568446 0.01)
(0.835 0.001499568446 0.01)
(0.84 0.001499568446 0.01)
(0.845 0.001499568446 0.01)
(0.85 0.001499568446 0.01)
(0.855 0.001499568446 0.01)
(0.86 0.001499568446 0.01)
(0.865 0.001499568446 0.01)
(0.87 0.001499568446 0.01)
(0.875 0.001499568446 0.01)
(0.88 0.001499568446 0.01)
(0.885 0.001499568446 0.01)
(0.89 0.001499568446 0.01)
(0.895 0.001499568446 0.01)
(0.9 0.001499568446 0.01)
(0.905 0.001499568446 0.01)
(0.91 0.001499568446 0.01)
(0.915 0.001499568446 0.01)
(0.92 0.001499568446 0.01)
(0.925 0.001499568446 0.01)
(0.93 0.001499568446 0.01)
(0.935 0.001499568446 0.01)
(0.94 0.001499568446 0.01)
(0.945 0.001499568446 0.01)
(0.95 0.001499568446 0.01)
(0.955 0.001499568446 0.01)
(0.96 0.001499568446 0.01)
(0.965 0.001499568446 0.01)
(0.97 0.001499568446 0.01)
(0.975 0.001499568446 0.01)
(0.98 0.001499568446 0.01)
(0.985 0.001499568446 0.01)
(0.99 0.001499568446 0.01)
(0.995 0.001499568446 0.01)
(1 0.001499568446 0.01)
(0.005 0.001863883461 0.01)
(0.01 0.001863883461 0.01)
(0.015 0.001863883461 0.01)
(0.02 0.001863883461 0.01)
(0.025 0.001863883461 0.01)
(0.03 0.001863883461 0.01)
(0.035 0.001863883461 0.01)
(0.04 0.001863883461 0.01)
(0.045 0.001863883461 0.01)
(0.05 0.001863883461 0.01)
(0.055 0.001863883461 0.01)
(0.06 0.001863883461 0.01)
(0.065 0.001863883461 0.01)
(0.07 0.001863883461 0.01)
(0.075 0.001863883461 0.01)
(0.08 0.001863883461 0.01)
(0.085 0.001863883461 0.01)
(0.09 0.001863883461 0.01)
(0.095 0.001863883461 0.01)
(0.1 0.001863883461 0.01)
(0.105 0.001863883461 0.01)
(0.11 0.001863883461 0.01)
(0.115 0.001863883461 0.01)
(0.12 0.001863883461 0.01)
(0.125 0.001863883461 0.01)
(0.13 0.001863883461 0.01)
(0.135 0.001863883461 0.01)
(0.14 0.001863883461 0.01)
(0.145 0.001863883461 0.01)
(0.15 0.001863883461 0.01)
(0.155 0.001863883461 0.01)
(0.16 0.001863883461 0.01)
(0.165 0.001863883461 0.01)
(0.17 0.001863883461 0.01)
(0.175 0.001863883461 0.01)
(0.18 0.001863883461 0.01)
(0.185 0.001863883461 0.01)
(0.19 0.001863883461 0.01)
(0.195 0.001863883461 0.01)
(0.2 0.001863883461 0.01)
(0.205 0.001863883461 0.01)
(0.21 0.001863883461 0.01)
(0.215 0.001863883461 0.01)
(0.22 0.001863883461 0.01)
(0.225 0.001863883461 0.01)
(0.23 0.001863883461 0.01)
(0.235 0.001863883461 0.01)
(0.24 0.001863883461 0.01)
(0.245 0.001863883461 0.01)
(0.25 0.001863883461 0.01)
(0.255 0.001863883461 0.01)
(0.26 0.001863883461 0.01)
(0.265 0.001863883461 0.01)
(0.27 0.001863883461 0.01)
(0.275 0.001863883461 0.01)
(0.28 0.001863883461 0.01)
(0.285 0.001863883461 0.01)
(0.29 0.001863883461 0.01)
(0.295 0.001863883461 0.01)
(0.3 0.001863883461 0.01)
(0.305 0.001863883461 0.01)
(0.31 0.001863883461 0.01)
(0.315 0.001863883461 0.01)
(0.32 0.001863883461 0.01)
(0.325 0.001863883461 0.01)
(0.33 0.001863883461 0.01)
(0.335 0.001863883461 0.01)
(0.34 0.001863883461 0.01)
(0.345 0.001863883461 0.01)
(0.35 0.001863883461 0.01)
(0.355 0.001863883461 0.01)
(0.36 0.001863883461 0.01)
(0.365 0.001863883461 0.01)
(0.37 0.001863883461 0.01)
(0.375 0.001863883461 0.01)
(0.38 0.001863883461 0.01)
(0.385 0.001863883461 0.01)
(0.39 0.001863883461 0.01)
(0.395 0.001863883461 0.01)
(0.4 0.001863883461 0.01)
(0.405 0.001863883461 0.01)
(0.41 0.001863883461 0.01)
(0.415 0.001863883461 0.01)
(0.42 0.001863883461 0.01)
(0.425 0.001863883461 0.01)
(0.43 0.001863883461 0.01)
(0.435 0.001863883461 0.01)
(0.44 0.001863883461 0.01)
(0.445 0.001863883461 0.01)
(0.45 0.001863883461 0.01)
(0.455 0.001863883461 0.01)
(0.46 0.001863883461 0.01)
(0.465 0.001863883461 0.01)
(0.47 0.001863883461 0.01)
(0.475 0.001863883461 0.01)
(0.48 0.001863883461 0.01)
(0.485 0.001863883461 0.01)
(0.49 0.001863883461 0.01)
(0.495 0.001863883461 0.01)
(0.5 0.001863883461 0.01)
(0.505 0.001863883461 0.01)
(0.51 0.001863883461 0.01)
(0.515 0.001863883461 0.01)
(0.52 0.001863883461 0.01)
(0.525 0.001863883461 0.01)
(0.53 0.001863883461 0.01)
(0.535 0.001863883461 0.01)
(0.54 0.001863883461 0.01)
(0.545 0.001863883461 0.01)
(0.55 0.001863883461 0.01)
(0.555 0.001863883461 0.01)
(0.56 0.001863883461 0.01)
(0.565 0.001863883461 0.01)
(0.57 0.001863883461 0.01)
(0.575 0.001863883461 0.01)
(0.58 0.001863883461 0.01)
(0.585 0.001863883461 0.01)
(0.59 0.001863883461 0.01)
(0.595 0.001863883461 0.01)
(0.6 0.001863883461 0.01)
(0.605 0.001863883461 0.01)
(0.61 0.001863883461 0.01)
(0.615 0.001863883461 0.01)
(0.62 0.001863883461 0.01)
(0.625 0.001863883461 0.01)
(0.63 0.001863883461 0.01)
(0.635 0.001863883461 0.01)
(0.64 0.001863883461 0.01)
(0.645 0.001863883461 0.01)
(0.65 0.001863883461 0.01)
(0.655 0.001863883461 0.01)
(0.66 0.001863883461 0.01)
(0.665 0.001863883461 0.01)
(0.67 0.001863883461 0.01)
(0.675 0.001863883461 0.01)
(0.68 0.001863883461 0.01)
(0.685 0.001863883461 0.01)
(0.69 0.001863883461 0.01)
(0.695 0.001863883461 0.01)
(0.7 0.001863883461 0.01)
(0.705 0.001863883461 0.01)
(0.71 0.001863883461 0.01)
(0.715 0.001863883461 0.01)
(0.72 0.001863883461 0.01)
(0.725 0.001863883461 0.01)
(0.73 0.001863883461 0.01)
(0.735 0.001863883461 0.01)
(0.74 0.001863883461 0.01)
(0.745 0.001863883461 0.01)
(0.75 0.001863883461 0.01)
(0.755 0.001863883461 0.01)
(0.76 0.001863883461 0.01)
(0.765 0.001863883461 0.01)
(0.77 0.001863883461 0.01)
(0.775 0.001863883461 0.01)
(0.78 0.001863883461 0.01)
(0.785 0.001863883461 0.01)
(0.79 0.001863883461 0.01)
(0.795 0.001863883461 0.01)
(0.8 0.001863883461 0.01)
(0.805 0.001863883461 0.01)
(0.81 0.001863883461 0.01)
(0.815 0.001863883461 0.01)
(0.82 0.001863883461 0.01)
(0.825 0.001863883461 0.01)
(0.83 0.001863883461 0.01)
(0.835 0.001863883461 0.01)
(0.84 0.001863883461 0.01)
(0.845 0.001863883461 0.01)
(0.85 0.001863883461 0.01)
(0.855 0.001863883461 0.01)
(0.86 0.001863883461 0.01)
(0.865 0.001863883461 0.01)
(0.87 0.001863883461 0.01)
(0.875 0.001863883461 0.01)
(0.88 0.001863883461 0.01)
(0.885 0.001863883461 0.01)
(0.89 0.001863883461 0.01)
(0.895 0.001863883461 0.01)
(0.9 0.001863883461 0.01)
(0.905 0.001863883461 0.01)
(0.91 0.001863883461 0.01)
(0.915 0.001863883461 0.01)
(0.92 0.001863883461 0.01)
(0.925 0.001863883461 0.01)
(0.93 0.001863883461 0.01)
(0.935 0.001863883461 0.01)
(0.94 0.001863883461 0.01)
(0.945 0.001863883461 0.01)
(0.95 0.001863883461 0.01)
(0.955 0.001863883461 0.01)
(0.96 0.001863883461 0.01)
(0.965 0.001863883461 0.01)
(0.97 0.001863883461 0.01)
(0.975 0.001863883461 0.01)
(0.98 0.001863883461 0.01)
(0.985 0.001863883461 0.01)
(0.99 0.001863883461 0.01)
(0.995 0.001863883461 0.01)
(1 0.001863883461 0.01)
(0.005 0.002253173394 0.01)
(0.01 0.002253173394 0.01)
(0.015 0.002253173394 0.01)
(0.02 0.002253173394 0.01)
(0.025 0.002253173394 0.01)
(0.03 0.002253173394 0.01)
(0.035 0.002253173394 0.01)
(0.04 0.002253173394 0.01)
(0.045 0.002253173394 0.01)
(0.05 0.002253173394 0.01)
(0.055 0.002253173394 0.01)
(0.06 0.002253173394 0.01)
(0.065 0.002253173394 0.01)
(0.07 0.002253173394 0.01)
(0.075 0.002253173394 0.01)
(0.08 0.002253173394 0.01)
(0.085 0.002253173394 0.01)
(0.09 0.002253173394 0.01)
(0.095 0.002253173394 0.01)
(0.1 0.002253173394 0.01)
(0.105 0.002253173394 0.01)
(0.11 0.002253173394 0.01)
(0.115 0.002253173394 0.01)
(0.12 0.002253173394 0.01)
(0.125 0.002253173394 0.01)
(0.13 0.002253173394 0.01)
(0.135 0.002253173394 0.01)
(0.14 0.002253173394 0.01)
(0.145 0.002253173394 0.01)
(0.15 0.002253173394 0.01)
(0.155 0.002253173394 0.01)
(0.16 0.002253173394 0.01)
(0.165 0.002253173394 0.01)
(0.17 0.002253173394 0.01)
(0.175 0.002253173394 0.01)
(0.18 0.002253173394 0.01)
(0.185 0.002253173394 0.01)
(0.19 0.002253173394 0.01)
(0.195 0.002253173394 0.01)
(0.2 0.002253173394 0.01)
(0.205 0.002253173394 0.01)
(0.21 0.002253173394 0.01)
(0.215 0.002253173394 0.01)
(0.22 0.002253173394 0.01)
(0.225 0.002253173394 0.01)
(0.23 0.002253173394 0.01)
(0.235 0.002253173394 0.01)
(0.24 0.002253173394 0.01)
(0.245 0.002253173394 0.01)
(0.25 0.002253173394 0.01)
(0.255 0.002253173394 0.01)
(0.26 0.002253173394 0.01)
(0.265 0.002253173394 0.01)
(0.27 0.002253173394 0.01)
(0.275 0.002253173394 0.01)
(0.28 0.002253173394 0.01)
(0.285 0.002253173394 0.01)
(0.29 0.002253173394 0.01)
(0.295 0.002253173394 0.01)
(0.3 0.002253173394 0.01)
(0.305 0.002253173394 0.01)
(0.31 0.002253173394 0.01)
(0.315 0.002253173394 0.01)
(0.32 0.002253173394 0.01)
(0.325 0.002253173394 0.01)
(0.33 0.002253173394 0.01)
(0.335 0.002253173394 0.01)
(0.34 0.002253173394 0.01)
(0.345 0.002253173394 0.01)
(0.35 0.002253173394 0.01)
(0.355 0.002253173394 0.01)
(0.36 0.002253173394 0.01)
(0.365 0.002253173394 0.01)
(0.37 0.002253173394 0.01)
(0.375 0.002253173394 0.01)
(0.38 0.002253173394 0.01)
(0.385 0.002253173394 0.01)
(0.39 0.002253173394 0.01)
(0.395 0.002253173394 0.01)
(0.4 0.002253173394 0.01)
(0.405 0.002253173394 0.01)
(0.41 0.002253173394 0.01)
(0.415 0.002253173394 0.01)
(0.42 0.002253173394 0.01)
(0.425 0.002253173394 0.01)
(0.43 0.002253173394 0.01)
(0.435 0.002253173394 0.01)
(0.44 0.002253173394 0.01)
(0.445 0.002253173394 0.01)
(0.45 0.002253173394 0.01)
(0.455 0.002253173394 0.01)
(0.46 0.002253173394 0.01)
(0.465 0.002253173394 0.01)
(0.47 0.002253173394 0.01)
(0.475 0.002253173394 0.01)
(0.48 0.002253173394 0.01)
(0.485 0.002253173394 0.01)
(0.49 0.002253173394 0.01)
(0.495 0.002253173394 0.01)
(0.5 0.002253173394 0.01)
(0.505 0.002253173394 0.01)
(0.51 0.002253173394 0.01)
(0.515 0.002253173394 0.01)
(0.52 0.002253173394 0.01)
(0.525 0.002253173394 0.01)
(0.53 0.002253173394 0.01)
(0.535 0.002253173394 0.01)
(0.54 0.002253173394 0.01)
(0.545 0.002253173394 0.01)
(0.55 0.002253173394 0.01)
(0.555 0.002253173394 0.01)
(0.56 0.002253173394 0.01)
(0.565 0.002253173394 0.01)
(0.57 0.002253173394 0.01)
(0.575 0.002253173394 0.01)
(0.58 0.002253173394 0.01)
(0.585 0.002253173394 0.01)
(0.59 0.002253173394 0.01)
(0.595 0.002253173394 0.01)
(0.6 0.002253173394 0.01)
(0.605 0.002253173394 0.01)
(0.61 0.002253173394 0.01)
(0.615 0.002253173394 0.01)
(0.62 0.002253173394 0.01)
(0.625 0.002253173394 0.01)
(0.63 0.002253173394 0.01)
(0.635 0.002253173394 0.01)
(0.64 0.002253173394 0.01)
(0.645 0.002253173394 0.01)
(0.65 0.002253173394 0.01)
(0.655 0.002253173394 0.01)
(0.66 0.002253173394 0.01)
(0.665 0.002253173394 0.01)
(0.67 0.002253173394 0.01)
(0.675 0.002253173394 0.01)
(0.68 0.002253173394 0.01)
(0.685 0.002253173394 0.01)
(0.69 0.002253173394 0.01)
(0.695 0.002253173394 0.01)
(0.7 0.002253173394 0.01)
(0.705 0.002253173394 0.01)
(0.71 0.002253173394 0.01)
(0.715 0.002253173394 0.01)
(0.72 0.002253173394 0.01)
(0.725 0.002253173394 0.01)
(0.73 0.002253173394 0.01)
(0.735 0.002253173394 0.01)
(0.74 0.002253173394 0.01)
(0.745 0.002253173394 0.01)
(0.75 0.002253173394 0.01)
(0.755 0.002253173394 0.01)
(0.76 0.002253173394 0.01)
(0.765 0.002253173394 0.01)
(0.77 0.002253173394 0.01)
(0.775 0.002253173394 0.01)
(0.78 0.002253173394 0.01)
(0.785 0.002253173394 0.01)
(0.79 0.002253173394 0.01)
(0.795 0.002253173394 0.01)
(0.8 0.002253173394 0.01)
(0.805 0.002253173394 0.01)
(0.81 0.002253173394 0.01)
(0.815 0.002253173394 0.01)
(0.82 0.002253173394 0.01)
(0.825 0.002253173394 0.01)
(0.83 0.002253173394 0.01)
(0.835 0.002253173394 0.01)
(0.84 0.002253173394 0.01)
(0.845 0.002253173394 0.01)
(0.85 0.002253173394 0.01)
(0.855 0.002253173394 0.01)
(0.86 0.002253173394 0.01)
(0.865 0.002253173394 0.01)
(0.87 0.002253173394 0.01)
(0.875 0.002253173394 0.01)
(0.88 0.002253173394 0.01)
(0.885 0.002253173394 0.01)
(0.89 0.002253173394 0.01)
(0.895 0.002253173394 0.01)
(0.9 0.002253173394 0.01)
(0.905 0.002253173394 0.01)
(0.91 0.002253173394 0.01)
(0.915 0.002253173394 0.01)
(0.92 0.002253173394 0.01)
(0.925 0.002253173394 0.01)
(0.93 0.002253173394 0.01)
(0.935 0.002253173394 0.01)
(0.94 0.002253173394 0.01)
(0.945 0.002253173394 0.01)
(0.95 0.002253173394 0.01)
(0.955 0.002253173394 0.01)
(0.96 0.002253173394 0.01)
(0.965 0.002253173394 0.01)
(0.97 0.002253173394 0.01)
(0.975 0.002253173394 0.01)
(0.98 0.002253173394 0.01)
(0.985 0.002253173394 0.01)
(0.99 0.002253173394 0.01)
(0.995 0.002253173394 0.01)
(1 0.002253173394 0.01)
(0.005 0.002669150351 0.01)
(0.01 0.002669150351 0.01)
(0.015 0.002669150351 0.01)
(0.02 0.002669150351 0.01)
(0.025 0.002669150351 0.01)
(0.03 0.002669150351 0.01)
(0.035 0.002669150351 0.01)
(0.04 0.002669150351 0.01)
(0.045 0.002669150351 0.01)
(0.05 0.002669150351 0.01)
(0.055 0.002669150351 0.01)
(0.06 0.002669150351 0.01)
(0.065 0.002669150351 0.01)
(0.07 0.002669150351 0.01)
(0.075 0.002669150351 0.01)
(0.08 0.002669150351 0.01)
(0.085 0.002669150351 0.01)
(0.09 0.002669150351 0.01)
(0.095 0.002669150351 0.01)
(0.1 0.002669150351 0.01)
(0.105 0.002669150351 0.01)
(0.11 0.002669150351 0.01)
(0.115 0.002669150351 0.01)
(0.12 0.002669150351 0.01)
(0.125 0.002669150351 0.01)
(0.13 0.002669150351 0.01)
(0.135 0.002669150351 0.01)
(0.14 0.002669150351 0.01)
(0.145 0.002669150351 0.01)
(0.15 0.002669150351 0.01)
(0.155 0.002669150351 0.01)
(0.16 0.002669150351 0.01)
(0.165 0.002669150351 0.01)
(0.17 0.002669150351 0.01)
(0.175 0.002669150351 0.01)
(0.18 0.002669150351 0.01)
(0.185 0.002669150351 0.01)
(0.19 0.002669150351 0.01)
(0.195 0.002669150351 0.01)
(0.2 0.002669150351 0.01)
(0.205 0.002669150351 0.01)
(0.21 0.002669150351 0.01)
(0.215 0.002669150351 0.01)
(0.22 0.002669150351 0.01)
(0.225 0.002669150351 0.01)
(0.23 0.002669150351 0.01)
(0.235 0.002669150351 0.01)
(0.24 0.002669150351 0.01)
(0.245 0.002669150351 0.01)
(0.25 0.002669150351 0.01)
(0.255 0.002669150351 0.01)
(0.26 0.002669150351 0.01)
(0.265 0.002669150351 0.01)
(0.27 0.002669150351 0.01)
(0.275 0.002669150351 0.01)
(0.28 0.002669150351 0.01)
(0.285 0.002669150351 0.01)
(0.29 0.002669150351 0.01)
(0.295 0.002669150351 0.01)
(0.3 0.002669150351 0.01)
(0.305 0.002669150351 0.01)
(0.31 0.002669150351 0.01)
(0.315 0.002669150351 0.01)
(0.32 0.002669150351 0.01)
(0.325 0.002669150351 0.01)
(0.33 0.002669150351 0.01)
(0.335 0.002669150351 0.01)
(0.34 0.002669150351 0.01)
(0.345 0.002669150351 0.01)
(0.35 0.002669150351 0.01)
(0.355 0.002669150351 0.01)
(0.36 0.002669150351 0.01)
(0.365 0.002669150351 0.01)
(0.37 0.002669150351 0.01)
(0.375 0.002669150351 0.01)
(0.38 0.002669150351 0.01)
(0.385 0.002669150351 0.01)
(0.39 0.002669150351 0.01)
(0.395 0.002669150351 0.01)
(0.4 0.002669150351 0.01)
(0.405 0.002669150351 0.01)
(0.41 0.002669150351 0.01)
(0.415 0.002669150351 0.01)
(0.42 0.002669150351 0.01)
(0.425 0.002669150351 0.01)
(0.43 0.002669150351 0.01)
(0.435 0.002669150351 0.01)
(0.44 0.002669150351 0.01)
(0.445 0.002669150351 0.01)
(0.45 0.002669150351 0.01)
(0.455 0.002669150351 0.01)
(0.46 0.002669150351 0.01)
(0.465 0.002669150351 0.01)
(0.47 0.002669150351 0.01)
(0.475 0.002669150351 0.01)
(0.48 0.002669150351 0.01)
(0.485 0.002669150351 0.01)
(0.49 0.002669150351 0.01)
(0.495 0.002669150351 0.01)
(0.5 0.002669150351 0.01)
(0.505 0.002669150351 0.01)
(0.51 0.002669150351 0.01)
(0.515 0.002669150351 0.01)
(0.52 0.002669150351 0.01)
(0.525 0.002669150351 0.01)
(0.53 0.002669150351 0.01)
(0.535 0.002669150351 0.01)
(0.54 0.002669150351 0.01)
(0.545 0.002669150351 0.01)
(0.55 0.002669150351 0.01)
(0.555 0.002669150351 0.01)
(0.56 0.002669150351 0.01)
(0.565 0.002669150351 0.01)
(0.57 0.002669150351 0.01)
(0.575 0.002669150351 0.01)
(0.58 0.002669150351 0.01)
(0.585 0.002669150351 0.01)
(0.59 0.002669150351 0.01)
(0.595 0.002669150351 0.01)
(0.6 0.002669150351 0.01)
(0.605 0.002669150351 0.01)
(0.61 0.002669150351 0.01)
(0.615 0.002669150351 0.01)
(0.62 0.002669150351 0.01)
(0.625 0.002669150351 0.01)
(0.63 0.002669150351 0.01)
(0.635 0.002669150351 0.01)
(0.64 0.002669150351 0.01)
(0.645 0.002669150351 0.01)
(0.65 0.002669150351 0.01)
(0.655 0.002669150351 0.01)
(0.66 0.002669150351 0.01)
(0.665 0.002669150351 0.01)
(0.67 0.002669150351 0.01)
(0.675 0.002669150351 0.01)
(0.68 0.002669150351 0.01)
(0.685 0.002669150351 0.01)
(0.69 0.002669150351 0.01)
(0.695 0.002669150351 0.01)
(0.7 0.002669150351 0.01)
(0.705 0.002669150351 0.01)
(0.71 0.002669150351 0.01)
(0.715 0.002669150351 0.01)
(0.72 0.002669150351 0.01)
(0.725 0.002669150351 0.01)
(0.73 0.002669150351 0.01)
(0.735 0.002669150351 0.01)
(0.74 0.002669150351 0.01)
(0.745 0.002669150351 0.01)
(0.75 0.002669150351 0.01)
(0.755 0.002669150351 0.01)
(0.76 0.002669150351 0.01)
(0.765 0.002669150351 0.01)
(0.77 0.002669150351 0.01)
(0.775 0.002669150351 0.01)
(0.78 0.002669150351 0.01)
(0.785 0.002669150351 0.01)
(0.79 0.002669150351 0.01)
(0.795 0.002669150351 0.01)
(0.8 0.002669150351 0.01)
(0.805 0.002669150351 0.01)
(0.81 0.002669150351 0.01)
(0.815 0.002669150351 0.01)
(0.82 0.002669150351 0.01)
(0.825 0.002669150351 0.01)
(0.83 0.002669150351 0.01)
(0.835 0.002669150351 0.01)
(0.84 0.002669150351 0.01)
(0.845 0.002669150351 0.01)
(0.85 0.002669150351 0.01)
(0.855 0.002669150351 0.01)
(0.86 0.002669150351 0.01)
(0.865 0.002669150351 0.01)
(0.87 0.002669150351 0.01)
(0.875 0.002669150351 0.01)
(0.88 0.002669150351 0.01)
(0.885 0.002669150351 0.01)
(0.89 0.002669150351 0.01)
(0.895 0.002669150351 0.01)
(0.9 0.002669150351 0.01)
(0.905 0.002669150351 0.01)
(0.91 0.002669150351 0.01)
(0.915 0.002669150351 0.01)
(0.92 0.002669150351 0.01)
(0.925 0.002669150351 0.01)
(0.93 0.002669150351 0.01)
(0.935 0.002669150351 0.01)
(0.94 0.002669150351 0.01)
(0.945 0.002669150351 0.01)
(0.95 0.002669150351 0.01)
(0.955 0.002669150351 0.01)
(0.96 0.002669150351 0.01)
(0.965 0.002669150351 0.01)
(0.97 0.002669150351 0.01)
(0.975 0.002669150351 0.01)
(0.98 0.002669150351 0.01)
(0.985 0.002669150351 0.01)
(0.99 0.002669150351 0.01)
(0.995 0.002669150351 0.01)
(1 0.002669150351 0.01)
(0.005 0.003113643812 0.01)
(0.01 0.003113643812 0.01)
(0.015 0.003113643812 0.01)
(0.02 0.003113643812 0.01)
(0.025 0.003113643812 0.01)
(0.03 0.003113643812 0.01)
(0.035 0.003113643812 0.01)
(0.04 0.003113643812 0.01)
(0.045 0.003113643812 0.01)
(0.05 0.003113643812 0.01)
(0.055 0.003113643812 0.01)
(0.06 0.003113643812 0.01)
(0.065 0.003113643812 0.01)
(0.07 0.003113643812 0.01)
(0.075 0.003113643812 0.01)
(0.08 0.003113643812 0.01)
(0.085 0.003113643812 0.01)
(0.09 0.003113643812 0.01)
(0.095 0.003113643812 0.01)
(0.1 0.003113643812 0.01)
(0.105 0.003113643812 0.01)
(0.11 0.003113643812 0.01)
(0.115 0.003113643812 0.01)
(0.12 0.003113643812 0.01)
(0.125 0.003113643812 0.01)
(0.13 0.003113643812 0.01)
(0.135 0.003113643812 0.01)
(0.14 0.003113643812 0.01)
(0.145 0.003113643812 0.01)
(0.15 0.003113643812 0.01)
(0.155 0.003113643812 0.01)
(0.16 0.003113643812 0.01)
(0.165 0.003113643812 0.01)
(0.17 0.003113643812 0.01)
(0.175 0.003113643812 0.01)
(0.18 0.003113643812 0.01)
(0.185 0.003113643812 0.01)
(0.19 0.003113643812 0.01)
(0.195 0.003113643812 0.01)
(0.2 0.003113643812 0.01)
(0.205 0.003113643812 0.01)
(0.21 0.003113643812 0.01)
(0.215 0.003113643812 0.01)
(0.22 0.003113643812 0.01)
(0.225 0.003113643812 0.01)
(0.23 0.003113643812 0.01)
(0.235 0.003113643812 0.01)
(0.24 0.003113643812 0.01)
(0.245 0.003113643812 0.01)
(0.25 0.003113643812 0.01)
(0.255 0.003113643812 0.01)
(0.26 0.003113643812 0.01)
(0.265 0.003113643812 0.01)
(0.27 0.003113643812 0.01)
(0.275 0.003113643812 0.01)
(0.28 0.003113643812 0.01)
(0.285 0.003113643812 0.01)
(0.29 0.003113643812 0.01)
(0.295 0.003113643812 0.01)
(0.3 0.003113643812 0.01)
(0.305 0.003113643812 0.01)
(0.31 0.003113643812 0.01)
(0.315 0.003113643812 0.01)
(0.32 0.003113643812 0.01)
(0.325 0.003113643812 0.01)
(0.33 0.003113643812 0.01)
(0.335 0.003113643812 0.01)
(0.34 0.003113643812 0.01)
(0.345 0.003113643812 0.01)
(0.35 0.003113643812 0.01)
(0.355 0.003113643812 0.01)
(0.36 0.003113643812 0.01)
(0.365 0.003113643812 0.01)
(0.37 0.003113643812 0.01)
(0.375 0.003113643812 0.01)
(0.38 0.003113643812 0.01)
(0.385 0.003113643812 0.01)
(0.39 0.003113643812 0.01)
(0.395 0.003113643812 0.01)
(0.4 0.003113643812 0.01)
(0.405 0.003113643812 0.01)
(0.41 0.003113643812 0.01)
(0.415 0.003113643812 0.01)
(0.42 0.003113643812 0.01)
(0.425 0.003113643812 0.01)
(0.43 0.003113643812 0.01)
(0.435 0.003113643812 0.01)
(0.44 0.003113643812 0.01)
(0.445 0.003113643812 0.01)
(0.45 0.003113643812 0.01)
(0.455 0.003113643812 0.01)
(0.46 0.003113643812 0.01)
(0.465 0.003113643812 0.01)
(0.47 0.003113643812 0.01)
(0.475 0.003113643812 0.01)
(0.48 0.003113643812 0.01)
(0.485 0.003113643812 0.01)
(0.49 0.003113643812 0.01)
(0.495 0.003113643812 0.01)
(0.5 0.003113643812 0.01)
(0.505 0.003113643812 0.01)
(0.51 0.003113643812 0.01)
(0.515 0.003113643812 0.01)
(0.52 0.003113643812 0.01)
(0.525 0.003113643812 0.01)
(0.53 0.003113643812 0.01)
(0.535 0.003113643812 0.01)
(0.54 0.003113643812 0.01)
(0.545 0.003113643812 0.01)
(0.55 0.003113643812 0.01)
(0.555 0.003113643812 0.01)
(0.56 0.003113643812 0.01)
(0.565 0.003113643812 0.01)
(0.57 0.003113643812 0.01)
(0.575 0.003113643812 0.01)
(0.58 0.003113643812 0.01)
(0.585 0.003113643812 0.01)
(0.59 0.003113643812 0.01)
(0.595 0.003113643812 0.01)
(0.6 0.003113643812 0.01)
(0.605 0.003113643812 0.01)
(0.61 0.003113643812 0.01)
(0.615 0.003113643812 0.01)
(0.62 0.003113643812 0.01)
(0.625 0.003113643812 0.01)
(0.63 0.003113643812 0.01)
(0.635 0.003113643812 0.01)
(0.64 0.003113643812 0.01)
(0.645 0.003113643812 0.01)
(0.65 0.003113643812 0.01)
(0.655 0.003113643812 0.01)
(0.66 0.003113643812 0.01)
(0.665 0.003113643812 0.01)
(0.67 0.003113643812 0.01)
(0.675 0.003113643812 0.01)
(0.68 0.003113643812 0.01)
(0.685 0.003113643812 0.01)
(0.69 0.003113643812 0.01)
(0.695 0.003113643812 0.01)
(0.7 0.003113643812 0.01)
(0.705 0.003113643812 0.01)
(0.71 0.003113643812 0.01)
(0.715 0.003113643812 0.01)
(0.72 0.003113643812 0.01)
(0.725 0.003113643812 0.01)
(0.73 0.003113643812 0.01)
(0.735 0.003113643812 0.01)
(0.74 0.003113643812 0.01)
(0.745 0.003113643812 0.01)
(0.75 0.003113643812 0.01)
(0.755 0.003113643812 0.01)
(0.76 0.003113643812 0.01)
(0.765 0.003113643812 0.01)
(0.77 0.003113643812 0.01)
(0.775 0.003113643812 0.01)
(0.78 0.003113643812 0.01)
(0.785 0.003113643812 0.01)
(0.79 0.003113643812 0.01)
(0.795 0.003113643812 0.01)
(0.8 0.003113643812 0.01)
(0.805 0.003113643812 0.01)
(0.81 0.003113643812 0.01)
(0.815 0.003113643812 0.01)
(0.82 0.003113643812 0.01)
(0.825 0.003113643812 0.01)
(0.83 0.003113643812 0.01)
(0.835 0.003113643812 0.01)
(0.84 0.003113643812 0.01)
(0.845 0.003113643812 0.01)
(0.85 0.003113643812 0.01)
(0.855 0.003113643812 0.01)
(0.86 0.003113643812 0.01)
(0.865 0.003113643812 0.01)
(0.87 0.003113643812 0.01)
(0.875 0.003113643812 0.01)
(0.88 0.003113643812 0.01)
(0.885 0.003113643812 0.01)
(0.89 0.003113643812 0.01)
(0.895 0.003113643812 0.01)
(0.9 0.003113643812 0.01)
(0.905 0.003113643812 0.01)
(0.91 0.003113643812 0.01)
(0.915 0.003113643812 0.01)
(0.92 0.003113643812 0.01)
(0.925 0.003113643812 0.01)
(0.93 0.003113643812 0.01)
(0.935 0.003113643812 0.01)
(0.94 0.003113643812 0.01)
(0.945 0.003113643812 0.01)
(0.95 0.003113643812 0.01)
(0.955 0.003113643812 0.01)
(0.96 0.003113643812 0.01)
(0.965 0.003113643812 0.01)
(0.97 0.003113643812 0.01)
(0.975 0.003113643812 0.01)
(0.98 0.003113643812 0.01)
(0.985 0.003113643812 0.01)
(0.99 0.003113643812 0.01)
(0.995 0.003113643812 0.01)
(1 0.003113643812 0.01)
(0.005 0.00358860867 0.01)
(0.01 0.00358860867 0.01)
(0.015 0.00358860867 0.01)
(0.02 0.00358860867 0.01)
(0.025 0.00358860867 0.01)
(0.03 0.00358860867 0.01)
(0.035 0.00358860867 0.01)
(0.04 0.00358860867 0.01)
(0.045 0.00358860867 0.01)
(0.05 0.00358860867 0.01)
(0.055 0.00358860867 0.01)
(0.06 0.00358860867 0.01)
(0.065 0.00358860867 0.01)
(0.07 0.00358860867 0.01)
(0.075 0.00358860867 0.01)
(0.08 0.00358860867 0.01)
(0.085 0.00358860867 0.01)
(0.09 0.00358860867 0.01)
(0.095 0.00358860867 0.01)
(0.1 0.00358860867 0.01)
(0.105 0.00358860867 0.01)
(0.11 0.00358860867 0.01)
(0.115 0.00358860867 0.01)
(0.12 0.00358860867 0.01)
(0.125 0.00358860867 0.01)
(0.13 0.00358860867 0.01)
(0.135 0.00358860867 0.01)
(0.14 0.00358860867 0.01)
(0.145 0.00358860867 0.01)
(0.15 0.00358860867 0.01)
(0.155 0.00358860867 0.01)
(0.16 0.00358860867 0.01)
(0.165 0.00358860867 0.01)
(0.17 0.00358860867 0.01)
(0.175 0.00358860867 0.01)
(0.18 0.00358860867 0.01)
(0.185 0.00358860867 0.01)
(0.19 0.00358860867 0.01)
(0.195 0.00358860867 0.01)
(0.2 0.00358860867 0.01)
(0.205 0.00358860867 0.01)
(0.21 0.00358860867 0.01)
(0.215 0.00358860867 0.01)
(0.22 0.00358860867 0.01)
(0.225 0.00358860867 0.01)
(0.23 0.00358860867 0.01)
(0.235 0.00358860867 0.01)
(0.24 0.00358860867 0.01)
(0.245 0.00358860867 0.01)
(0.25 0.00358860867 0.01)
(0.255 0.00358860867 0.01)
(0.26 0.00358860867 0.01)
(0.265 0.00358860867 0.01)
(0.27 0.00358860867 0.01)
(0.275 0.00358860867 0.01)
(0.28 0.00358860867 0.01)
(0.285 0.00358860867 0.01)
(0.29 0.00358860867 0.01)
(0.295 0.00358860867 0.01)
(0.3 0.00358860867 0.01)
(0.305 0.00358860867 0.01)
(0.31 0.00358860867 0.01)
(0.315 0.00358860867 0.01)
(0.32 0.00358860867 0.01)
(0.325 0.00358860867 0.01)
(0.33 0.00358860867 0.01)
(0.335 0.00358860867 0.01)
(0.34 0.00358860867 0.01)
(0.345 0.00358860867 0.01)
(0.35 0.00358860867 0.01)
(0.355 0.00358860867 0.01)
(0.36 0.00358860867 0.01)
(0.365 0.00358860867 0.01)
(0.37 0.00358860867 0.01)
(0.375 0.00358860867 0.01)
(0.38 0.00358860867 0.01)
(0.385 0.00358860867 0.01)
(0.39 0.00358860867 0.01)
(0.395 0.00358860867 0.01)
(0.4 0.00358860867 0.01)
(0.405 0.00358860867 0.01)
(0.41 0.00358860867 0.01)
(0.415 0.00358860867 0.01)
(0.42 0.00358860867 0.01)
(0.425 0.00358860867 0.01)
(0.43 0.00358860867 0.01)
(0.435 0.00358860867 0.01)
(0.44 0.00358860867 0.01)
(0.445 0.00358860867 0.01)
(0.45 0.00358860867 0.01)
(0.455 0.00358860867 0.01)
(0.46 0.00358860867 0.01)
(0.465 0.00358860867 0.01)
(0.47 0.00358860867 0.01)
(0.475 0.00358860867 0.01)
(0.48 0.00358860867 0.01)
(0.485 0.00358860867 0.01)
(0.49 0.00358860867 0.01)
(0.495 0.00358860867 0.01)
(0.5 0.00358860867 0.01)
(0.505 0.00358860867 0.01)
(0.51 0.00358860867 0.01)
(0.515 0.00358860867 0.01)
(0.52 0.00358860867 0.01)
(0.525 0.00358860867 0.01)
(0.53 0.00358860867 0.01)
(0.535 0.00358860867 0.01)
(0.54 0.00358860867 0.01)
(0.545 0.00358860867 0.01)
(0.55 0.00358860867 0.01)
(0.555 0.00358860867 0.01)
(0.56 0.00358860867 0.01)
(0.565 0.00358860867 0.01)
(0.57 0.00358860867 0.01)
(0.575 0.00358860867 0.01)
(0.58 0.00358860867 0.01)
(0.585 0.00358860867 0.01)
(0.59 0.00358860867 0.01)
(0.595 0.00358860867 0.01)
(0.6 0.00358860867 0.01)
(0.605 0.00358860867 0.01)
(0.61 0.00358860867 0.01)
(0.615 0.00358860867 0.01)
(0.62 0.00358860867 0.01)
(0.625 0.00358860867 0.01)
(0.63 0.00358860867 0.01)
(0.635 0.00358860867 0.01)
(0.64 0.00358860867 0.01)
(0.645 0.00358860867 0.01)
(0.65 0.00358860867 0.01)
(0.655 0.00358860867 0.01)
(0.66 0.00358860867 0.01)
(0.665 0.00358860867 0.01)
(0.67 0.00358860867 0.01)
(0.675 0.00358860867 0.01)
(0.68 0.00358860867 0.01)
(0.685 0.00358860867 0.01)
(0.69 0.00358860867 0.01)
(0.695 0.00358860867 0.01)
(0.7 0.00358860867 0.01)
(0.705 0.00358860867 0.01)
(0.71 0.00358860867 0.01)
(0.715 0.00358860867 0.01)
(0.72 0.00358860867 0.01)
(0.725 0.00358860867 0.01)
(0.73 0.00358860867 0.01)
(0.735 0.00358860867 0.01)
(0.74 0.00358860867 0.01)
(0.745 0.00358860867 0.01)
(0.75 0.00358860867 0.01)
(0.755 0.00358860867 0.01)
(0.76 0.00358860867 0.01)
(0.765 0.00358860867 0.01)
(0.77 0.00358860867 0.01)
(0.775 0.00358860867 0.01)
(0.78 0.00358860867 0.01)
(0.785 0.00358860867 0.01)
(0.79 0.00358860867 0.01)
(0.795 0.00358860867 0.01)
(0.8 0.00358860867 0.01)
(0.805 0.00358860867 0.01)
(0.81 0.00358860867 0.01)
(0.815 0.00358860867 0.01)
(0.82 0.00358860867 0.01)
(0.825 0.00358860867 0.01)
(0.83 0.00358860867 0.01)
(0.835 0.00358860867 0.01)
(0.84 0.00358860867 0.01)
(0.845 0.00358860867 0.01)
(0.85 0.00358860867 0.01)
(0.855 0.00358860867 0.01)
(0.86 0.00358860867 0.01)
(0.865 0.00358860867 0.01)
(0.87 0.00358860867 0.01)
(0.875 0.00358860867 0.01)
(0.88 0.00358860867 0.01)
(0.885 0.00358860867 0.01)
(0.89 0.00358860867 0.01)
(0.895 0.00358860867 0.01)
(0.9 0.00358860867 0.01)
(0.905 0.00358860867 0.01)
(0.91 0.00358860867 0.01)
(0.915 0.00358860867 0.01)
(0.92 0.00358860867 0.01)
(0.925 0.00358860867 0.01)
(0.93 0.00358860867 0.01)
(0.935 0.00358860867 0.01)
(0.94 0.00358860867 0.01)
(0.945 0.00358860867 0.01)
(0.95 0.00358860867 0.01)
(0.955 0.00358860867 0.01)
(0.96 0.00358860867 0.01)
(0.965 0.00358860867 0.01)
(0.97 0.00358860867 0.01)
(0.975 0.00358860867 0.01)
(0.98 0.00358860867 0.01)
(0.985 0.00358860867 0.01)
(0.99 0.00358860867 0.01)
(0.995 0.00358860867 0.01)
(1 0.00358860867 0.01)
(0.005 0.004096133833 0.01)
(0.01 0.004096133833 0.01)
(0.015 0.004096133833 0.01)
(0.02 0.004096133833 0.01)
(0.025 0.004096133833 0.01)
(0.03 0.004096133833 0.01)
(0.035 0.004096133833 0.01)
(0.04 0.004096133833 0.01)
(0.045 0.004096133833 0.01)
(0.05 0.004096133833 0.01)
(0.055 0.004096133833 0.01)
(0.06 0.004096133833 0.01)
(0.065 0.004096133833 0.01)
(0.07 0.004096133833 0.01)
(0.075 0.004096133833 0.01)
(0.08 0.004096133833 0.01)
(0.085 0.004096133833 0.01)
(0.09 0.004096133833 0.01)
(0.095 0.004096133833 0.01)
(0.1 0.004096133833 0.01)
(0.105 0.004096133833 0.01)
(0.11 0.004096133833 0.01)
(0.115 0.004096133833 0.01)
(0.12 0.004096133833 0.01)
(0.125 0.004096133833 0.01)
(0.13 0.004096133833 0.01)
(0.135 0.004096133833 0.01)
(0.14 0.004096133833 0.01)
(0.145 0.004096133833 0.01)
(0.15 0.004096133833 0.01)
(0.155 0.004096133833 0.01)
(0.16 0.004096133833 0.01)
(0.165 0.004096133833 0.01)
(0.17 0.004096133833 0.01)
(0.175 0.004096133833 0.01)
(0.18 0.004096133833 0.01)
(0.185 0.004096133833 0.01)
(0.19 0.004096133833 0.01)
(0.195 0.004096133833 0.01)
(0.2 0.004096133833 0.01)
(0.205 0.004096133833 0.01)
(0.21 0.004096133833 0.01)
(0.215 0.004096133833 0.01)
(0.22 0.004096133833 0.01)
(0.225 0.004096133833 0.01)
(0.23 0.004096133833 0.01)
(0.235 0.004096133833 0.01)
(0.24 0.004096133833 0.01)
(0.245 0.004096133833 0.01)
(0.25 0.004096133833 0.01)
(0.255 0.004096133833 0.01)
(0.26 0.004096133833 0.01)
(0.265 0.004096133833 0.01)
(0.27 0.004096133833 0.01)
(0.275 0.004096133833 0.01)
(0.28 0.004096133833 0.01)
(0.285 0.004096133833 0.01)
(0.29 0.004096133833 0.01)
(0.295 0.004096133833 0.01)
(0.3 0.004096133833 0.01)
(0.305 0.004096133833 0.01)
(0.31 0.004096133833 0.01)
(0.315 0.004096133833 0.01)
(0.32 0.004096133833 0.01)
(0.325 0.004096133833 0.01)
(0.33 0.004096133833 0.01)
(0.335 0.004096133833 0.01)
(0.34 0.004096133833 0.01)
(0.345 0.004096133833 0.01)
(0.35 0.004096133833 0.01)
(0.355 0.004096133833 0.01)
(0.36 0.004096133833 0.01)
(0.365 0.004096133833 0.01)
(0.37 0.004096133833 0.01)
(0.375 0.004096133833 0.01)
(0.38 0.004096133833 0.01)
(0.385 0.004096133833 0.01)
(0.39 0.004096133833 0.01)
(0.395 0.004096133833 0.01)
(0.4 0.004096133833 0.01)
(0.405 0.004096133833 0.01)
(0.41 0.004096133833 0.01)
(0.415 0.004096133833 0.01)
(0.42 0.004096133833 0.01)
(0.425 0.004096133833 0.01)
(0.43 0.004096133833 0.01)
(0.435 0.004096133833 0.01)
(0.44 0.004096133833 0.01)
(0.445 0.004096133833 0.01)
(0.45 0.004096133833 0.01)
(0.455 0.004096133833 0.01)
(0.46 0.004096133833 0.01)
(0.465 0.004096133833 0.01)
(0.47 0.004096133833 0.01)
(0.475 0.004096133833 0.01)
(0.48 0.004096133833 0.01)
(0.485 0.004096133833 0.01)
(0.49 0.004096133833 0.01)
(0.495 0.004096133833 0.01)
(0.5 0.004096133833 0.01)
(0.505 0.004096133833 0.01)
(0.51 0.004096133833 0.01)
(0.515 0.004096133833 0.01)
(0.52 0.004096133833 0.01)
(0.525 0.004096133833 0.01)
(0.53 0.004096133833 0.01)
(0.535 0.004096133833 0.01)
(0.54 0.004096133833 0.01)
(0.545 0.004096133833 0.01)
(0.55 0.004096133833 0.01)
(0.555 0.004096133833 0.01)
(0.56 0.004096133833 0.01)
(0.565 0.004096133833 0.01)
(0.57 0.004096133833 0.01)
(0.575 0.004096133833 0.01)
(0.58 0.004096133833 0.01)
(0.585 0.004096133833 0.01)
(0.59 0.004096133833 0.01)
(0.595 0.004096133833 0.01)
(0.6 0.004096133833 0.01)
(0.605 0.004096133833 0.01)
(0.61 0.004096133833 0.01)
(0.615 0.004096133833 0.01)
(0.62 0.004096133833 0.01)
(0.625 0.004096133833 0.01)
(0.63 0.004096133833 0.01)
(0.635 0.004096133833 0.01)
(0.64 0.004096133833 0.01)
(0.645 0.004096133833 0.01)
(0.65 0.004096133833 0.01)
(0.655 0.004096133833 0.01)
(0.66 0.004096133833 0.01)
(0.665 0.004096133833 0.01)
(0.67 0.004096133833 0.01)
(0.675 0.004096133833 0.01)
(0.68 0.004096133833 0.01)
(0.685 0.004096133833 0.01)
(0.69 0.004096133833 0.01)
(0.695 0.004096133833 0.01)
(0.7 0.004096133833 0.01)
(0.705 0.004096133833 0.01)
(0.71 0.004096133833 0.01)
(0.715 0.004096133833 0.01)
(0.72 0.004096133833 0.01)
(0.725 0.004096133833 0.01)
(0.73 0.004096133833 0.01)
(0.735 0.004096133833 0.01)
(0.74 0.004096133833 0.01)
(0.745 0.004096133833 0.01)
(0.75 0.004096133833 0.01)
(0.755 0.004096133833 0.01)
(0.76 0.004096133833 0.01)
(0.765 0.004096133833 0.01)
(0.77 0.004096133833 0.01)
(0.775 0.004096133833 0.01)
(0.78 0.004096133833 0.01)
(0.785 0.004096133833 0.01)
(0.79 0.004096133833 0.01)
(0.795 0.004096133833 0.01)
(0.8 0.004096133833 0.01)
(0.805 0.004096133833 0.01)
(0.81 0.004096133833 0.01)
(0.815 0.004096133833 0.01)
(0.82 0.004096133833 0.01)
(0.825 0.004096133833 0.01)
(0.83 0.004096133833 0.01)
(0.835 0.004096133833 0.01)
(0.84 0.004096133833 0.01)
(0.845 0.004096133833 0.01)
(0.85 0.004096133833 0.01)
(0.855 0.004096133833 0.01)
(0.86 0.004096133833 0.01)
(0.865 0.004096133833 0.01)
(0.87 0.004096133833 0.01)
(0.875 0.004096133833 0.01)
(0.88 0.004096133833 0.01)
(0.885 0.004096133833 0.01)
(0.89 0.004096133833 0.01)
(0.895 0.004096133833 0.01)
(0.9 0.004096133833 0.01)
(0.905 0.004096133833 0.01)
(0.91 0.004096133833 0.01)
(0.915 0.004096133833 0.01)
(0.92 0.004096133833 0.01)
(0.925 0.004096133833 0.01)
(0.93 0.004096133833 0.01)
(0.935 0.004096133833 0.01)
(0.94 0.004096133833 0.01)
(0.945 0.004096133833 0.01)
(0.95 0.004096133833 0.01)
(0.955 0.004096133833 0.01)
(0.96 0.004096133833 0.01)
(0.965 0.004096133833 0.01)
(0.97 0.004096133833 0.01)
(0.975 0.004096133833 0.01)
(0.98 0.004096133833 0.01)
(0.985 0.004096133833 0.01)
(0.99 0.004096133833 0.01)
(0.995 0.004096133833 0.01)
(1 0.004096133833 0.01)
(0.005 0.004638451411 0.01)
(0.01 0.004638451411 0.01)
(0.015 0.004638451411 0.01)
(0.02 0.004638451411 0.01)
(0.025 0.004638451411 0.01)
(0.03 0.004638451411 0.01)
(0.035 0.004638451411 0.01)
(0.04 0.004638451411 0.01)
(0.045 0.004638451411 0.01)
(0.05 0.004638451411 0.01)
(0.055 0.004638451411 0.01)
(0.06 0.004638451411 0.01)
(0.065 0.004638451411 0.01)
(0.07 0.004638451411 0.01)
(0.075 0.004638451411 0.01)
(0.08 0.004638451411 0.01)
(0.085 0.004638451411 0.01)
(0.09 0.004638451411 0.01)
(0.095 0.004638451411 0.01)
(0.1 0.004638451411 0.01)
(0.105 0.004638451411 0.01)
(0.11 0.004638451411 0.01)
(0.115 0.004638451411 0.01)
(0.12 0.004638451411 0.01)
(0.125 0.004638451411 0.01)
(0.13 0.004638451411 0.01)
(0.135 0.004638451411 0.01)
(0.14 0.004638451411 0.01)
(0.145 0.004638451411 0.01)
(0.15 0.004638451411 0.01)
(0.155 0.004638451411 0.01)
(0.16 0.004638451411 0.01)
(0.165 0.004638451411 0.01)
(0.17 0.004638451411 0.01)
(0.175 0.004638451411 0.01)
(0.18 0.004638451411 0.01)
(0.185 0.004638451411 0.01)
(0.19 0.004638451411 0.01)
(0.195 0.004638451411 0.01)
(0.2 0.004638451411 0.01)
(0.205 0.004638451411 0.01)
(0.21 0.004638451411 0.01)
(0.215 0.004638451411 0.01)
(0.22 0.004638451411 0.01)
(0.225 0.004638451411 0.01)
(0.23 0.004638451411 0.01)
(0.235 0.004638451411 0.01)
(0.24 0.004638451411 0.01)
(0.245 0.004638451411 0.01)
(0.25 0.004638451411 0.01)
(0.255 0.004638451411 0.01)
(0.26 0.004638451411 0.01)
(0.265 0.004638451411 0.01)
(0.27 0.004638451411 0.01)
(0.275 0.004638451411 0.01)
(0.28 0.004638451411 0.01)
(0.285 0.004638451411 0.01)
(0.29 0.004638451411 0.01)
(0.295 0.004638451411 0.01)
(0.3 0.004638451411 0.01)
(0.305 0.004638451411 0.01)
(0.31 0.004638451411 0.01)
(0.315 0.004638451411 0.01)
(0.32 0.004638451411 0.01)
(0.325 0.004638451411 0.01)
(0.33 0.004638451411 0.01)
(0.335 0.004638451411 0.01)
(0.34 0.004638451411 0.01)
(0.345 0.004638451411 0.01)
(0.35 0.004638451411 0.01)
(0.355 0.004638451411 0.01)
(0.36 0.004638451411 0.01)
(0.365 0.004638451411 0.01)
(0.37 0.004638451411 0.01)
(0.375 0.004638451411 0.01)
(0.38 0.004638451411 0.01)
(0.385 0.004638451411 0.01)
(0.39 0.004638451411 0.01)
(0.395 0.004638451411 0.01)
(0.4 0.004638451411 0.01)
(0.405 0.004638451411 0.01)
(0.41 0.004638451411 0.01)
(0.415 0.004638451411 0.01)
(0.42 0.004638451411 0.01)
(0.425 0.004638451411 0.01)
(0.43 0.004638451411 0.01)
(0.435 0.004638451411 0.01)
(0.44 0.004638451411 0.01)
(0.445 0.004638451411 0.01)
(0.45 0.004638451411 0.01)
(0.455 0.004638451411 0.01)
(0.46 0.004638451411 0.01)
(0.465 0.004638451411 0.01)
(0.47 0.004638451411 0.01)
(0.475 0.004638451411 0.01)
(0.48 0.004638451411 0.01)
(0.485 0.004638451411 0.01)
(0.49 0.004638451411 0.01)
(0.495 0.004638451411 0.01)
(0.5 0.004638451411 0.01)
(0.505 0.004638451411 0.01)
(0.51 0.004638451411 0.01)
(0.515 0.004638451411 0.01)
(0.52 0.004638451411 0.01)
(0.525 0.004638451411 0.01)
(0.53 0.004638451411 0.01)
(0.535 0.004638451411 0.01)
(0.54 0.004638451411 0.01)
(0.545 0.004638451411 0.01)
(0.55 0.004638451411 0.01)
(0.555 0.004638451411 0.01)
(0.56 0.004638451411 0.01)
(0.565 0.004638451411 0.01)
(0.57 0.004638451411 0.01)
(0.575 0.004638451411 0.01)
(0.58 0.004638451411 0.01)
(0.585 0.004638451411 0.01)
(0.59 0.004638451411 0.01)
(0.595 0.004638451411 0.01)
(0.6 0.004638451411 0.01)
(0.605 0.004638451411 0.01)
(0.61 0.004638451411 0.01)
(0.615 0.004638451411 0.01)
(0.62 0.004638451411 0.01)
(0.625 0.004638451411 0.01)
(0.63 0.004638451411 0.01)
(0.635 0.004638451411 0.01)
(0.64 0.004638451411 0.01)
(0.645 0.004638451411 0.01)
(0.65 0.004638451411 0.01)
(0.655 0.004638451411 0.01)
(0.66 0.004638451411 0.01)
(0.665 0.004638451411 0.01)
(0.67 0.004638451411 0.01)
(0.675 0.004638451411 0.01)
(0.68 0.004638451411 0.01)
(0.685 0.004638451411 0.01)
(0.69 0.004638451411 0.01)
(0.695 0.004638451411 0.01)
(0.7 0.004638451411 0.01)
(0.705 0.004638451411 0.01)
(0.71 0.004638451411 0.01)
(0.715 0.004638451411 0.01)
(0.72 0.004638451411 0.01)
(0.725 0.004638451411 0.01)
(0.73 0.004638451411 0.01)
(0.735 0.004638451411 0.01)
(0.74 0.004638451411 0.01)
(0.745 0.004638451411 0.01)
(0.75 0.004638451411 0.01)
(0.755 0.004638451411 0.01)
(0.76 0.004638451411 0.01)
(0.765 0.004638451411 0.01)
(0.77 0.004638451411 0.01)
(0.775 0.004638451411 0.01)
(0.78 0.004638451411 0.01)
(0.785 0.004638451411 0.01)
(0.79 0.004638451411 0.01)
(0.795 0.004638451411 0.01)
(0.8 0.004638451411 0.01)
(0.805 0.004638451411 0.01)
(0.81 0.004638451411 0.01)
(0.815 0.004638451411 0.01)
(0.82 0.004638451411 0.01)
(0.825 0.004638451411 0.01)
(0.83 0.004638451411 0.01)
(0.835 0.004638451411 0.01)
(0.84 0.004638451411 0.01)
(0.845 0.004638451411 0.01)
(0.85 0.004638451411 0.01)
(0.855 0.004638451411 0.01)
(0.86 0.004638451411 0.01)
(0.865 0.004638451411 0.01)
(0.87 0.004638451411 0.01)
(0.875 0.004638451411 0.01)
(0.88 0.004638451411 0.01)
(0.885 0.004638451411 0.01)
(0.89 0.004638451411 0.01)
(0.895 0.004638451411 0.01)
(0.9 0.004638451411 0.01)
(0.905 0.004638451411 0.01)
(0.91 0.004638451411 0.01)
(0.915 0.004638451411 0.01)
(0.92 0.004638451411 0.01)
(0.925 0.004638451411 0.01)
(0.93 0.004638451411 0.01)
(0.935 0.004638451411 0.01)
(0.94 0.004638451411 0.01)
(0.945 0.004638451411 0.01)
(0.95 0.004638451411 0.01)
(0.955 0.004638451411 0.01)
(0.96 0.004638451411 0.01)
(0.965 0.004638451411 0.01)
(0.97 0.004638451411 0.01)
(0.975 0.004638451411 0.01)
(0.98 0.004638451411 0.01)
(0.985 0.004638451411 0.01)
(0.99 0.004638451411 0.01)
(0.995 0.004638451411 0.01)
(1 0.004638451411 0.01)
(0.005 0.005217946531 0.01)
(0.01 0.005217946531 0.01)
(0.015 0.005217946531 0.01)
(0.02 0.005217946531 0.01)
(0.025 0.005217946531 0.01)
(0.03 0.005217946531 0.01)
(0.035 0.005217946531 0.01)
(0.04 0.005217946531 0.01)
(0.045 0.005217946531 0.01)
(0.05 0.005217946531 0.01)
(0.055 0.005217946531 0.01)
(0.06 0.005217946531 0.01)
(0.065 0.005217946531 0.01)
(0.07 0.005217946531 0.01)
(0.075 0.005217946531 0.01)
(0.08 0.005217946531 0.01)
(0.085 0.005217946531 0.01)
(0.09 0.005217946531 0.01)
(0.095 0.005217946531 0.01)
(0.1 0.005217946531 0.01)
(0.105 0.005217946531 0.01)
(0.11 0.005217946531 0.01)
(0.115 0.005217946531 0.01)
(0.12 0.005217946531 0.01)
(0.125 0.005217946531 0.01)
(0.13 0.005217946531 0.01)
(0.135 0.005217946531 0.01)
(0.14 0.005217946531 0.01)
(0.145 0.005217946531 0.01)
(0.15 0.005217946531 0.01)
(0.155 0.005217946531 0.01)
(0.16 0.005217946531 0.01)
(0.165 0.005217946531 0.01)
(0.17 0.005217946531 0.01)
(0.175 0.005217946531 0.01)
(0.18 0.005217946531 0.01)
(0.185 0.005217946531 0.01)
(0.19 0.005217946531 0.01)
(0.195 0.005217946531 0.01)
(0.2 0.005217946531 0.01)
(0.205 0.005217946531 0.01)
(0.21 0.005217946531 0.01)
(0.215 0.005217946531 0.01)
(0.22 0.005217946531 0.01)
(0.225 0.005217946531 0.01)
(0.23 0.005217946531 0.01)
(0.235 0.005217946531 0.01)
(0.24 0.005217946531 0.01)
(0.245 0.005217946531 0.01)
(0.25 0.005217946531 0.01)
(0.255 0.005217946531 0.01)
(0.26 0.005217946531 0.01)
(0.265 0.005217946531 0.01)
(0.27 0.005217946531 0.01)
(0.275 0.005217946531 0.01)
(0.28 0.005217946531 0.01)
(0.285 0.005217946531 0.01)
(0.29 0.005217946531 0.01)
(0.295 0.005217946531 0.01)
(0.3 0.005217946531 0.01)
(0.305 0.005217946531 0.01)
(0.31 0.005217946531 0.01)
(0.315 0.005217946531 0.01)
(0.32 0.005217946531 0.01)
(0.325 0.005217946531 0.01)
(0.33 0.005217946531 0.01)
(0.335 0.005217946531 0.01)
(0.34 0.005217946531 0.01)
(0.345 0.005217946531 0.01)
(0.35 0.005217946531 0.01)
(0.355 0.005217946531 0.01)
(0.36 0.005217946531 0.01)
(0.365 0.005217946531 0.01)
(0.37 0.005217946531 0.01)
(0.375 0.005217946531 0.01)
(0.38 0.005217946531 0.01)
(0.385 0.005217946531 0.01)
(0.39 0.005217946531 0.01)
(0.395 0.005217946531 0.01)
(0.4 0.005217946531 0.01)
(0.405 0.005217946531 0.01)
(0.41 0.005217946531 0.01)
(0.415 0.005217946531 0.01)
(0.42 0.005217946531 0.01)
(0.425 0.005217946531 0.01)
(0.43 0.005217946531 0.01)
(0.435 0.005217946531 0.01)
(0.44 0.005217946531 0.01)
(0.445 0.005217946531 0.01)
(0.45 0.005217946531 0.01)
(0.455 0.005217946531 0.01)
(0.46 0.005217946531 0.01)
(0.465 0.005217946531 0.01)
(0.47 0.005217946531 0.01)
(0.475 0.005217946531 0.01)
(0.48 0.005217946531 0.01)
(0.485 0.005217946531 0.01)
(0.49 0.005217946531 0.01)
(0.495 0.005217946531 0.01)
(0.5 0.005217946531 0.01)
(0.505 0.005217946531 0.01)
(0.51 0.005217946531 0.01)
(0.515 0.005217946531 0.01)
(0.52 0.005217946531 0.01)
(0.525 0.005217946531 0.01)
(0.53 0.005217946531 0.01)
(0.535 0.005217946531 0.01)
(0.54 0.005217946531 0.01)
(0.545 0.005217946531 0.01)
(0.55 0.005217946531 0.01)
(0.555 0.005217946531 0.01)
(0.56 0.005217946531 0.01)
(0.565 0.005217946531 0.01)
(0.57 0.005217946531 0.01)
(0.575 0.005217946531 0.01)
(0.58 0.005217946531 0.01)
(0.585 0.005217946531 0.01)
(0.59 0.005217946531 0.01)
(0.595 0.005217946531 0.01)
(0.6 0.005217946531 0.01)
(0.605 0.005217946531 0.01)
(0.61 0.005217946531 0.01)
(0.615 0.005217946531 0.01)
(0.62 0.005217946531 0.01)
(0.625 0.005217946531 0.01)
(0.63 0.005217946531 0.01)
(0.635 0.005217946531 0.01)
(0.64 0.005217946531 0.01)
(0.645 0.005217946531 0.01)
(0.65 0.005217946531 0.01)
(0.655 0.005217946531 0.01)
(0.66 0.005217946531 0.01)
(0.665 0.005217946531 0.01)
(0.67 0.005217946531 0.01)
(0.675 0.005217946531 0.01)
(0.68 0.005217946531 0.01)
(0.685 0.005217946531 0.01)
(0.69 0.005217946531 0.01)
(0.695 0.005217946531 0.01)
(0.7 0.005217946531 0.01)
(0.705 0.005217946531 0.01)
(0.71 0.005217946531 0.01)
(0.715 0.005217946531 0.01)
(0.72 0.005217946531 0.01)
(0.725 0.005217946531 0.01)
(0.73 0.005217946531 0.01)
(0.735 0.005217946531 0.01)
(0.74 0.005217946531 0.01)
(0.745 0.005217946531 0.01)
(0.75 0.005217946531 0.01)
(0.755 0.005217946531 0.01)
(0.76 0.005217946531 0.01)
(0.765 0.005217946531 0.01)
(0.77 0.005217946531 0.01)
(0.775 0.005217946531 0.01)
(0.78 0.005217946531 0.01)
(0.785 0.005217946531 0.01)
(0.79 0.005217946531 0.01)
(0.795 0.005217946531 0.01)
(0.8 0.005217946531 0.01)
(0.805 0.005217946531 0.01)
(0.81 0.005217946531 0.01)
(0.815 0.005217946531 0.01)
(0.82 0.005217946531 0.01)
(0.825 0.005217946531 0.01)
(0.83 0.005217946531 0.01)
(0.835 0.005217946531 0.01)
(0.84 0.005217946531 0.01)
(0.845 0.005217946531 0.01)
(0.85 0.005217946531 0.01)
(0.855 0.005217946531 0.01)
(0.86 0.005217946531 0.01)
(0.865 0.005217946531 0.01)
(0.87 0.005217946531 0.01)
(0.875 0.005217946531 0.01)
(0.88 0.005217946531 0.01)
(0.885 0.005217946531 0.01)
(0.89 0.005217946531 0.01)
(0.895 0.005217946531 0.01)
(0.9 0.005217946531 0.01)
(0.905 0.005217946531 0.01)
(0.91 0.005217946531 0.01)
(0.915 0.005217946531 0.01)
(0.92 0.005217946531 0.01)
(0.925 0.005217946531 0.01)
(0.93 0.005217946531 0.01)
(0.935 0.005217946531 0.01)
(0.94 0.005217946531 0.01)
(0.945 0.005217946531 0.01)
(0.95 0.005217946531 0.01)
(0.955 0.005217946531 0.01)
(0.96 0.005217946531 0.01)
(0.965 0.005217946531 0.01)
(0.97 0.005217946531 0.01)
(0.975 0.005217946531 0.01)
(0.98 0.005217946531 0.01)
(0.985 0.005217946531 0.01)
(0.99 0.005217946531 0.01)
(0.995 0.005217946531 0.01)
(1 0.005217946531 0.01)
(0.005 0.005837167829 0.01)
(0.01 0.005837167829 0.01)
(0.015 0.005837167829 0.01)
(0.02 0.005837167829 0.01)
(0.025 0.005837167829 0.01)
(0.03 0.005837167829 0.01)
(0.035 0.005837167829 0.01)
(0.04 0.005837167829 0.01)
(0.045 0.005837167829 0.01)
(0.05 0.005837167829 0.01)
(0.055 0.005837167829 0.01)
(0.06 0.005837167829 0.01)
(0.065 0.005837167829 0.01)
(0.07 0.005837167829 0.01)
(0.075 0.005837167829 0.01)
(0.08 0.005837167829 0.01)
(0.085 0.005837167829 0.01)
(0.09 0.005837167829 0.01)
(0.095 0.005837167829 0.01)
(0.1 0.005837167829 0.01)
(0.105 0.005837167829 0.01)
(0.11 0.005837167829 0.01)
(0.115 0.005837167829 0.01)
(0.12 0.005837167829 0.01)
(0.125 0.005837167829 0.01)
(0.13 0.005837167829 0.01)
(0.135 0.005837167829 0.01)
(0.14 0.005837167829 0.01)
(0.145 0.005837167829 0.01)
(0.15 0.005837167829 0.01)
(0.155 0.005837167829 0.01)
(0.16 0.005837167829 0.01)
(0.165 0.005837167829 0.01)
(0.17 0.005837167829 0.01)
(0.175 0.005837167829 0.01)
(0.18 0.005837167829 0.01)
(0.185 0.005837167829 0.01)
(0.19 0.005837167829 0.01)
(0.195 0.005837167829 0.01)
(0.2 0.005837167829 0.01)
(0.205 0.005837167829 0.01)
(0.21 0.005837167829 0.01)
(0.215 0.005837167829 0.01)
(0.22 0.005837167829 0.01)
(0.225 0.005837167829 0.01)
(0.23 0.005837167829 0.01)
(0.235 0.005837167829 0.01)
(0.24 0.005837167829 0.01)
(0.245 0.005837167829 0.01)
(0.25 0.005837167829 0.01)
(0.255 0.005837167829 0.01)
(0.26 0.005837167829 0.01)
(0.265 0.005837167829 0.01)
(0.27 0.005837167829 0.01)
(0.275 0.005837167829 0.01)
(0.28 0.005837167829 0.01)
(0.285 0.005837167829 0.01)
(0.29 0.005837167829 0.01)
(0.295 0.005837167829 0.01)
(0.3 0.005837167829 0.01)
(0.305 0.005837167829 0.01)
(0.31 0.005837167829 0.01)
(0.315 0.005837167829 0.01)
(0.32 0.005837167829 0.01)
(0.325 0.005837167829 0.01)
(0.33 0.005837167829 0.01)
(0.335 0.005837167829 0.01)
(0.34 0.005837167829 0.01)
(0.345 0.005837167829 0.01)
(0.35 0.005837167829 0.01)
(0.355 0.005837167829 0.01)
(0.36 0.005837167829 0.01)
(0.365 0.005837167829 0.01)
(0.37 0.005837167829 0.01)
(0.375 0.005837167829 0.01)
(0.38 0.005837167829 0.01)
(0.385 0.005837167829 0.01)
(0.39 0.005837167829 0.01)
(0.395 0.005837167829 0.01)
(0.4 0.005837167829 0.01)
(0.405 0.005837167829 0.01)
(0.41 0.005837167829 0.01)
(0.415 0.005837167829 0.01)
(0.42 0.005837167829 0.01)
(0.425 0.005837167829 0.01)
(0.43 0.005837167829 0.01)
(0.435 0.005837167829 0.01)
(0.44 0.005837167829 0.01)
(0.445 0.005837167829 0.01)
(0.45 0.005837167829 0.01)
(0.455 0.005837167829 0.01)
(0.46 0.005837167829 0.01)
(0.465 0.005837167829 0.01)
(0.47 0.005837167829 0.01)
(0.475 0.005837167829 0.01)
(0.48 0.005837167829 0.01)
(0.485 0.005837167829 0.01)
(0.49 0.005837167829 0.01)
(0.495 0.005837167829 0.01)
(0.5 0.005837167829 0.01)
(0.505 0.005837167829 0.01)
(0.51 0.005837167829 0.01)
(0.515 0.005837167829 0.01)
(0.52 0.005837167829 0.01)
(0.525 0.005837167829 0.01)
(0.53 0.005837167829 0.01)
(0.535 0.005837167829 0.01)
(0.54 0.005837167829 0.01)
(0.545 0.005837167829 0.01)
(0.55 0.005837167829 0.01)
(0.555 0.005837167829 0.01)
(0.56 0.005837167829 0.01)
(0.565 0.005837167829 0.01)
(0.57 0.005837167829 0.01)
(0.575 0.005837167829 0.01)
(0.58 0.005837167829 0.01)
(0.585 0.005837167829 0.01)
(0.59 0.005837167829 0.01)
(0.595 0.005837167829 0.01)
(0.6 0.005837167829 0.01)
(0.605 0.005837167829 0.01)
(0.61 0.005837167829 0.01)
(0.615 0.005837167829 0.01)
(0.62 0.005837167829 0.01)
(0.625 0.005837167829 0.01)
(0.63 0.005837167829 0.01)
(0.635 0.005837167829 0.01)
(0.64 0.005837167829 0.01)
(0.645 0.005837167829 0.01)
(0.65 0.005837167829 0.01)
(0.655 0.005837167829 0.01)
(0.66 0.005837167829 0.01)
(0.665 0.005837167829 0.01)
(0.67 0.005837167829 0.01)
(0.675 0.005837167829 0.01)
(0.68 0.005837167829 0.01)
(0.685 0.005837167829 0.01)
(0.69 0.005837167829 0.01)
(0.695 0.005837167829 0.01)
(0.7 0.005837167829 0.01)
(0.705 0.005837167829 0.01)
(0.71 0.005837167829 0.01)
(0.715 0.005837167829 0.01)
(0.72 0.005837167829 0.01)
(0.725 0.005837167829 0.01)
(0.73 0.005837167829 0.01)
(0.735 0.005837167829 0.01)
(0.74 0.005837167829 0.01)
(0.745 0.005837167829 0.01)
(0.75 0.005837167829 0.01)
(0.755 0.005837167829 0.01)
(0.76 0.005837167829 0.01)
(0.765 0.005837167829 0.01)
(0.77 0.005837167829 0.01)
(0.775 0.005837167829 0.01)
(0.78 0.005837167829 0.01)
(0.785 0.005837167829 0.01)
(0.79 0.005837167829 0.01)
(0.795 0.005837167829 0.01)
(0.8 0.005837167829 0.01)
(0.805 0.005837167829 0.01)
(0.81 0.005837167829 0.01)
(0.815 0.005837167829 0.01)
(0.82 0.005837167829 0.01)
(0.825 0.005837167829 0.01)
(0.83 0.005837167829 0.01)
(0.835 0.005837167829 0.01)
(0.84 0.005837167829 0.01)
(0.845 0.005837167829 0.01)
(0.85 0.005837167829 0.01)
(0.855 0.005837167829 0.01)
(0.86 0.005837167829 0.01)
(0.865 0.005837167829 0.01)
(0.87 0.005837167829 0.01)
(0.875 0.005837167829 0.01)
(0.88 0.005837167829 0.01)
(0.885 0.005837167829 0.01)
(0.89 0.005837167829 0.01)
(0.895 0.005837167829 0.01)
(0.9 0.005837167829 0.01)
(0.905 0.005837167829 0.01)
(0.91 0.005837167829 0.01)
(0.915 0.005837167829 0.01)
(0.92 0.005837167829 0.01)
(0.925 0.005837167829 0.01)
(0.93 0.005837167829 0.01)
(0.935 0.005837167829 0.01)
(0.94 0.005837167829 0.01)
(0.945 0.005837167829 0.01)
(0.95 0.005837167829 0.01)
(0.955 0.005837167829 0.01)
(0.96 0.005837167829 0.01)
(0.965 0.005837167829 0.01)
(0.97 0.005837167829 0.01)
(0.975 0.005837167829 0.01)
(0.98 0.005837167829 0.01)
(0.985 0.005837167829 0.01)
(0.99 0.005837167829 0.01)
(0.995 0.005837167829 0.01)
(1 0.005837167829 0.01)
(0.005 0.006498838655 0.01)
(0.01 0.006498838655 0.01)
(0.015 0.006498838655 0.01)
(0.02 0.006498838655 0.01)
(0.025 0.006498838655 0.01)
(0.03 0.006498838655 0.01)
(0.035 0.006498838655 0.01)
(0.04 0.006498838655 0.01)
(0.045 0.006498838655 0.01)
(0.05 0.006498838655 0.01)
(0.055 0.006498838655 0.01)
(0.06 0.006498838655 0.01)
(0.065 0.006498838655 0.01)
(0.07 0.006498838655 0.01)
(0.075 0.006498838655 0.01)
(0.08 0.006498838655 0.01)
(0.085 0.006498838655 0.01)
(0.09 0.006498838655 0.01)
(0.095 0.006498838655 0.01)
(0.1 0.006498838655 0.01)
(0.105 0.006498838655 0.01)
(0.11 0.006498838655 0.01)
(0.115 0.006498838655 0.01)
(0.12 0.006498838655 0.01)
(0.125 0.006498838655 0.01)
(0.13 0.006498838655 0.01)
(0.135 0.006498838655 0.01)
(0.14 0.006498838655 0.01)
(0.145 0.006498838655 0.01)
(0.15 0.006498838655 0.01)
(0.155 0.006498838655 0.01)
(0.16 0.006498838655 0.01)
(0.165 0.006498838655 0.01)
(0.17 0.006498838655 0.01)
(0.175 0.006498838655 0.01)
(0.18 0.006498838655 0.01)
(0.185 0.006498838655 0.01)
(0.19 0.006498838655 0.01)
(0.195 0.006498838655 0.01)
(0.2 0.006498838655 0.01)
(0.205 0.006498838655 0.01)
(0.21 0.006498838655 0.01)
(0.215 0.006498838655 0.01)
(0.22 0.006498838655 0.01)
(0.225 0.006498838655 0.01)
(0.23 0.006498838655 0.01)
(0.235 0.006498838655 0.01)
(0.24 0.006498838655 0.01)
(0.245 0.006498838655 0.01)
(0.25 0.006498838655 0.01)
(0.255 0.006498838655 0.01)
(0.26 0.006498838655 0.01)
(0.265 0.006498838655 0.01)
(0.27 0.006498838655 0.01)
(0.275 0.006498838655 0.01)
(0.28 0.006498838655 0.01)
(0.285 0.006498838655 0.01)
(0.29 0.006498838655 0.01)
(0.295 0.006498838655 0.01)
(0.3 0.006498838655 0.01)
(0.305 0.006498838655 0.01)
(0.31 0.006498838655 0.01)
(0.315 0.006498838655 0.01)
(0.32 0.006498838655 0.01)
(0.325 0.006498838655 0.01)
(0.33 0.006498838655 0.01)
(0.335 0.006498838655 0.01)
(0.34 0.006498838655 0.01)
(0.345 0.006498838655 0.01)
(0.35 0.006498838655 0.01)
(0.355 0.006498838655 0.01)
(0.36 0.006498838655 0.01)
(0.365 0.006498838655 0.01)
(0.37 0.006498838655 0.01)
(0.375 0.006498838655 0.01)
(0.38 0.006498838655 0.01)
(0.385 0.006498838655 0.01)
(0.39 0.006498838655 0.01)
(0.395 0.006498838655 0.01)
(0.4 0.006498838655 0.01)
(0.405 0.006498838655 0.01)
(0.41 0.006498838655 0.01)
(0.415 0.006498838655 0.01)
(0.42 0.006498838655 0.01)
(0.425 0.006498838655 0.01)
(0.43 0.006498838655 0.01)
(0.435 0.006498838655 0.01)
(0.44 0.006498838655 0.01)
(0.445 0.006498838655 0.01)
(0.45 0.006498838655 0.01)
(0.455 0.006498838655 0.01)
(0.46 0.006498838655 0.01)
(0.465 0.006498838655 0.01)
(0.47 0.006498838655 0.01)
(0.475 0.006498838655 0.01)
(0.48 0.006498838655 0.01)
(0.485 0.006498838655 0.01)
(0.49 0.006498838655 0.01)
(0.495 0.006498838655 0.01)
(0.5 0.006498838655 0.01)
(0.505 0.006498838655 0.01)
(0.51 0.006498838655 0.01)
(0.515 0.006498838655 0.01)
(0.52 0.006498838655 0.01)
(0.525 0.006498838655 0.01)
(0.53 0.006498838655 0.01)
(0.535 0.006498838655 0.01)
(0.54 0.006498838655 0.01)
(0.545 0.006498838655 0.01)
(0.55 0.006498838655 0.01)
(0.555 0.006498838655 0.01)
(0.56 0.006498838655 0.01)
(0.565 0.006498838655 0.01)
(0.57 0.006498838655 0.01)
(0.575 0.006498838655 0.01)
(0.58 0.006498838655 0.01)
(0.585 0.006498838655 0.01)
(0.59 0.006498838655 0.01)
(0.595 0.006498838655 0.01)
(0.6 0.006498838655 0.01)
(0.605 0.006498838655 0.01)
(0.61 0.006498838655 0.01)
(0.615 0.006498838655 0.01)
(0.62 0.006498838655 0.01)
(0.625 0.006498838655 0.01)
(0.63 0.006498838655 0.01)
(0.635 0.006498838655 0.01)
(0.64 0.006498838655 0.01)
(0.645 0.006498838655 0.01)
(0.65 0.006498838655 0.01)
(0.655 0.006498838655 0.01)
(0.66 0.006498838655 0.01)
(0.665 0.006498838655 0.01)
(0.67 0.006498838655 0.01)
(0.675 0.006498838655 0.01)
(0.68 0.006498838655 0.01)
(0.685 0.006498838655 0.01)
(0.69 0.006498838655 0.01)
(0.695 0.006498838655 0.01)
(0.7 0.006498838655 0.01)
(0.705 0.006498838655 0.01)
(0.71 0.006498838655 0.01)
(0.715 0.006498838655 0.01)
(0.72 0.006498838655 0.01)
(0.725 0.006498838655 0.01)
(0.73 0.006498838655 0.01)
(0.735 0.006498838655 0.01)
(0.74 0.006498838655 0.01)
(0.745 0.006498838655 0.01)
(0.75 0.006498838655 0.01)
(0.755 0.006498838655 0.01)
(0.76 0.006498838655 0.01)
(0.765 0.006498838655 0.01)
(0.77 0.006498838655 0.01)
(0.775 0.006498838655 0.01)
(0.78 0.006498838655 0.01)
(0.785 0.006498838655 0.01)
(0.79 0.006498838655 0.01)
(0.795 0.006498838655 0.01)
(0.8 0.006498838655 0.01)
(0.805 0.006498838655 0.01)
(0.81 0.006498838655 0.01)
(0.815 0.006498838655 0.01)
(0.82 0.006498838655 0.01)
(0.825 0.006498838655 0.01)
(0.83 0.006498838655 0.01)
(0.835 0.006498838655 0.01)
(0.84 0.006498838655 0.01)
(0.845 0.006498838655 0.01)
(0.85 0.006498838655 0.01)
(0.855 0.006498838655 0.01)
(0.86 0.006498838655 0.01)
(0.865 0.006498838655 0.01)
(0.87 0.006498838655 0.01)
(0.875 0.006498838655 0.01)
(0.88 0.006498838655 0.01)
(0.885 0.006498838655 0.01)
(0.89 0.006498838655 0.01)
(0.895 0.006498838655 0.01)
(0.9 0.006498838655 0.01)
(0.905 0.006498838655 0.01)
(0.91 0.006498838655 0.01)
(0.915 0.006498838655 0.01)
(0.92 0.006498838655 0.01)
(0.925 0.006498838655 0.01)
(0.93 0.006498838655 0.01)
(0.935 0.006498838655 0.01)
(0.94 0.006498838655 0.01)
(0.945 0.006498838655 0.01)
(0.95 0.006498838655 0.01)
(0.955 0.006498838655 0.01)
(0.96 0.006498838655 0.01)
(0.965 0.006498838655 0.01)
(0.97 0.006498838655 0.01)
(0.975 0.006498838655 0.01)
(0.98 0.006498838655 0.01)
(0.985 0.006498838655 0.01)
(0.99 0.006498838655 0.01)
(0.995 0.006498838655 0.01)
(1 0.006498838655 0.01)
(0.005 0.007205869057 0.01)
(0.01 0.007205869057 0.01)
(0.015 0.007205869057 0.01)
(0.02 0.007205869057 0.01)
(0.025 0.007205869057 0.01)
(0.03 0.007205869057 0.01)
(0.035 0.007205869057 0.01)
(0.04 0.007205869057 0.01)
(0.045 0.007205869057 0.01)
(0.05 0.007205869057 0.01)
(0.055 0.007205869057 0.01)
(0.06 0.007205869057 0.01)
(0.065 0.007205869057 0.01)
(0.07 0.007205869057 0.01)
(0.075 0.007205869057 0.01)
(0.08 0.007205869057 0.01)
(0.085 0.007205869057 0.01)
(0.09 0.007205869057 0.01)
(0.095 0.007205869057 0.01)
(0.1 0.007205869057 0.01)
(0.105 0.007205869057 0.01)
(0.11 0.007205869057 0.01)
(0.115 0.007205869057 0.01)
(0.12 0.007205869057 0.01)
(0.125 0.007205869057 0.01)
(0.13 0.007205869057 0.01)
(0.135 0.007205869057 0.01)
(0.14 0.007205869057 0.01)
(0.145 0.007205869057 0.01)
(0.15 0.007205869057 0.01)
(0.155 0.007205869057 0.01)
(0.16 0.007205869057 0.01)
(0.165 0.007205869057 0.01)
(0.17 0.007205869057 0.01)
(0.175 0.007205869057 0.01)
(0.18 0.007205869057 0.01)
(0.185 0.007205869057 0.01)
(0.19 0.007205869057 0.01)
(0.195 0.007205869057 0.01)
(0.2 0.007205869057 0.01)
(0.205 0.007205869057 0.01)
(0.21 0.007205869057 0.01)
(0.215 0.007205869057 0.01)
(0.22 0.007205869057 0.01)
(0.225 0.007205869057 0.01)
(0.23 0.007205869057 0.01)
(0.235 0.007205869057 0.01)
(0.24 0.007205869057 0.01)
(0.245 0.007205869057 0.01)
(0.25 0.007205869057 0.01)
(0.255 0.007205869057 0.01)
(0.26 0.007205869057 0.01)
(0.265 0.007205869057 0.01)
(0.27 0.007205869057 0.01)
(0.275 0.007205869057 0.01)
(0.28 0.007205869057 0.01)
(0.285 0.007205869057 0.01)
(0.29 0.007205869057 0.01)
(0.295 0.007205869057 0.01)
(0.3 0.007205869057 0.01)
(0.305 0.007205869057 0.01)
(0.31 0.007205869057 0.01)
(0.315 0.007205869057 0.01)
(0.32 0.007205869057 0.01)
(0.325 0.007205869057 0.01)
(0.33 0.007205869057 0.01)
(0.335 0.007205869057 0.01)
(0.34 0.007205869057 0.01)
(0.345 0.007205869057 0.01)
(0.35 0.007205869057 0.01)
(0.355 0.007205869057 0.01)
(0.36 0.007205869057 0.01)
(0.365 0.007205869057 0.01)
(0.37 0.007205869057 0.01)
(0.375 0.007205869057 0.01)
(0.38 0.007205869057 0.01)
(0.385 0.007205869057 0.01)
(0.39 0.007205869057 0.01)
(0.395 0.007205869057 0.01)
(0.4 0.007205869057 0.01)
(0.405 0.007205869057 0.01)
(0.41 0.007205869057 0.01)
(0.415 0.007205869057 0.01)
(0.42 0.007205869057 0.01)
(0.425 0.007205869057 0.01)
(0.43 0.007205869057 0.01)
(0.435 0.007205869057 0.01)
(0.44 0.007205869057 0.01)
(0.445 0.007205869057 0.01)
(0.45 0.007205869057 0.01)
(0.455 0.007205869057 0.01)
(0.46 0.007205869057 0.01)
(0.465 0.007205869057 0.01)
(0.47 0.007205869057 0.01)
(0.475 0.007205869057 0.01)
(0.48 0.007205869057 0.01)
(0.485 0.007205869057 0.01)
(0.49 0.007205869057 0.01)
(0.495 0.007205869057 0.01)
(0.5 0.007205869057 0.01)
(0.505 0.007205869057 0.01)
(0.51 0.007205869057 0.01)
(0.515 0.007205869057 0.01)
(0.52 0.007205869057 0.01)
(0.525 0.007205869057 0.01)
(0.53 0.007205869057 0.01)
(0.535 0.007205869057 0.01)
(0.54 0.007205869057 0.01)
(0.545 0.007205869057 0.01)
(0.55 0.007205869057 0.01)
(0.555 0.007205869057 0.01)
(0.56 0.007205869057 0.01)
(0.565 0.007205869057 0.01)
(0.57 0.007205869057 0.01)
(0.575 0.007205869057 0.01)
(0.58 0.007205869057 0.01)
(0.585 0.007205869057 0.01)
(0.59 0.007205869057 0.01)
(0.595 0.007205869057 0.01)
(0.6 0.007205869057 0.01)
(0.605 0.007205869057 0.01)
(0.61 0.007205869057 0.01)
(0.615 0.007205869057 0.01)
(0.62 0.007205869057 0.01)
(0.625 0.007205869057 0.01)
(0.63 0.007205869057 0.01)
(0.635 0.007205869057 0.01)
(0.64 0.007205869057 0.01)
(0.645 0.007205869057 0.01)
(0.65 0.007205869057 0.01)
(0.655 0.007205869057 0.01)
(0.66 0.007205869057 0.01)
(0.665 0.007205869057 0.01)
(0.67 0.007205869057 0.01)
(0.675 0.007205869057 0.01)
(0.68 0.007205869057 0.01)
(0.685 0.007205869057 0.01)
(0.69 0.007205869057 0.01)
(0.695 0.007205869057 0.01)
(0.7 0.007205869057 0.01)
(0.705 0.007205869057 0.01)
(0.71 0.007205869057 0.01)
(0.715 0.007205869057 0.01)
(0.72 0.007205869057 0.01)
(0.725 0.007205869057 0.01)
(0.73 0.007205869057 0.01)
(0.735 0.007205869057 0.01)
(0.74 0.007205869057 0.01)
(0.745 0.007205869057 0.01)
(0.75 0.007205869057 0.01)
(0.755 0.007205869057 0.01)
(0.76 0.007205869057 0.01)
(0.765 0.007205869057 0.01)
(0.77 0.007205869057 0.01)
(0.775 0.007205869057 0.01)
(0.78 0.007205869057 0.01)
(0.785 0.007205869057 0.01)
(0.79 0.007205869057 0.01)
(0.795 0.007205869057 0.01)
(0.8 0.007205869057 0.01)
(0.805 0.007205869057 0.01)
(0.81 0.007205869057 0.01)
(0.815 0.007205869057 0.01)
(0.82 0.007205869057 0.01)
(0.825 0.007205869057 0.01)
(0.83 0.007205869057 0.01)
(0.835 0.007205869057 0.01)
(0.84 0.007205869057 0.01)
(0.845 0.007205869057 0.01)
(0.85 0.007205869057 0.01)
(0.855 0.007205869057 0.01)
(0.86 0.007205869057 0.01)
(0.865 0.007205869057 0.01)
(0.87 0.007205869057 0.01)
(0.875 0.007205869057 0.01)
(0.88 0.007205869057 0.01)
(0.885 0.007205869057 0.01)
(0.89 0.007205869057 0.01)
(0.895 0.007205869057 0.01)
(0.9 0.007205869057 0.01)
(0.905 0.007205869057 0.01)
(0.91 0.007205869057 0.01)
(0.915 0.007205869057 0.01)
(0.92 0.007205869057 0.01)
(0.925 0.007205869057 0.01)
(0.93 0.007205869057 0.01)
(0.935 0.007205869057 0.01)
(0.94 0.007205869057 0.01)
(0.945 0.007205869057 0.01)
(0.95 0.007205869057 0.01)
(0.955 0.007205869057 0.01)
(0.96 0.007205869057 0.01)
(0.965 0.007205869057 0.01)
(0.97 0.007205869057 0.01)
(0.975 0.007205869057 0.01)
(0.98 0.007205869057 0.01)
(0.985 0.007205869057 0.01)
(0.99 0.007205869057 0.01)
(0.995 0.007205869057 0.01)
(1 0.007205869057 0.01)
(0.005 0.007961368572 0.01)
(0.01 0.007961368572 0.01)
(0.015 0.007961368572 0.01)
(0.02 0.007961368572 0.01)
(0.025 0.007961368572 0.01)
(0.03 0.007961368572 0.01)
(0.035 0.007961368572 0.01)
(0.04 0.007961368572 0.01)
(0.045 0.007961368572 0.01)
(0.05 0.007961368572 0.01)
(0.055 0.007961368572 0.01)
(0.06 0.007961368572 0.01)
(0.065 0.007961368572 0.01)
(0.07 0.007961368572 0.01)
(0.075 0.007961368572 0.01)
(0.08 0.007961368572 0.01)
(0.085 0.007961368572 0.01)
(0.09 0.007961368572 0.01)
(0.095 0.007961368572 0.01)
(0.1 0.007961368572 0.01)
(0.105 0.007961368572 0.01)
(0.11 0.007961368572 0.01)
(0.115 0.007961368572 0.01)
(0.12 0.007961368572 0.01)
(0.125 0.007961368572 0.01)
(0.13 0.007961368572 0.01)
(0.135 0.007961368572 0.01)
(0.14 0.007961368572 0.01)
(0.145 0.007961368572 0.01)
(0.15 0.007961368572 0.01)
(0.155 0.007961368572 0.01)
(0.16 0.007961368572 0.01)
(0.165 0.007961368572 0.01)
(0.17 0.007961368572 0.01)
(0.175 0.007961368572 0.01)
(0.18 0.007961368572 0.01)
(0.185 0.007961368572 0.01)
(0.19 0.007961368572 0.01)
(0.195 0.007961368572 0.01)
(0.2 0.007961368572 0.01)
(0.205 0.007961368572 0.01)
(0.21 0.007961368572 0.01)
(0.215 0.007961368572 0.01)
(0.22 0.007961368572 0.01)
(0.225 0.007961368572 0.01)
(0.23 0.007961368572 0.01)
(0.235 0.007961368572 0.01)
(0.24 0.007961368572 0.01)
(0.245 0.007961368572 0.01)
(0.25 0.007961368572 0.01)
(0.255 0.007961368572 0.01)
(0.26 0.007961368572 0.01)
(0.265 0.007961368572 0.01)
(0.27 0.007961368572 0.01)
(0.275 0.007961368572 0.01)
(0.28 0.007961368572 0.01)
(0.285 0.007961368572 0.01)
(0.29 0.007961368572 0.01)
(0.295 0.007961368572 0.01)
(0.3 0.007961368572 0.01)
(0.305 0.007961368572 0.01)
(0.31 0.007961368572 0.01)
(0.315 0.007961368572 0.01)
(0.32 0.007961368572 0.01)
(0.325 0.007961368572 0.01)
(0.33 0.007961368572 0.01)
(0.335 0.007961368572 0.01)
(0.34 0.007961368572 0.01)
(0.345 0.007961368572 0.01)
(0.35 0.007961368572 0.01)
(0.355 0.007961368572 0.01)
(0.36 0.007961368572 0.01)
(0.365 0.007961368572 0.01)
(0.37 0.007961368572 0.01)
(0.375 0.007961368572 0.01)
(0.38 0.007961368572 0.01)
(0.385 0.007961368572 0.01)
(0.39 0.007961368572 0.01)
(0.395 0.007961368572 0.01)
(0.4 0.007961368572 0.01)
(0.405 0.007961368572 0.01)
(0.41 0.007961368572 0.01)
(0.415 0.007961368572 0.01)
(0.42 0.007961368572 0.01)
(0.425 0.007961368572 0.01)
(0.43 0.007961368572 0.01)
(0.435 0.007961368572 0.01)
(0.44 0.007961368572 0.01)
(0.445 0.007961368572 0.01)
(0.45 0.007961368572 0.01)
(0.455 0.007961368572 0.01)
(0.46 0.007961368572 0.01)
(0.465 0.007961368572 0.01)
(0.47 0.007961368572 0.01)
(0.475 0.007961368572 0.01)
(0.48 0.007961368572 0.01)
(0.485 0.007961368572 0.01)
(0.49 0.007961368572 0.01)
(0.495 0.007961368572 0.01)
(0.5 0.007961368572 0.01)
(0.505 0.007961368572 0.01)
(0.51 0.007961368572 0.01)
(0.515 0.007961368572 0.01)
(0.52 0.007961368572 0.01)
(0.525 0.007961368572 0.01)
(0.53 0.007961368572 0.01)
(0.535 0.007961368572 0.01)
(0.54 0.007961368572 0.01)
(0.545 0.007961368572 0.01)
(0.55 0.007961368572 0.01)
(0.555 0.007961368572 0.01)
(0.56 0.007961368572 0.01)
(0.565 0.007961368572 0.01)
(0.57 0.007961368572 0.01)
(0.575 0.007961368572 0.01)
(0.58 0.007961368572 0.01)
(0.585 0.007961368572 0.01)
(0.59 0.007961368572 0.01)
(0.595 0.007961368572 0.01)
(0.6 0.007961368572 0.01)
(0.605 0.007961368572 0.01)
(0.61 0.007961368572 0.01)
(0.615 0.007961368572 0.01)
(0.62 0.007961368572 0.01)
(0.625 0.007961368572 0.01)
(0.63 0.007961368572 0.01)
(0.635 0.007961368572 0.01)
(0.64 0.007961368572 0.01)
(0.645 0.007961368572 0.01)
(0.65 0.007961368572 0.01)
(0.655 0.007961368572 0.01)
(0.66 0.007961368572 0.01)
(0.665 0.007961368572 0.01)
(0.67 0.007961368572 0.01)
(0.675 0.007961368572 0.01)
(0.68 0.007961368572 0.01)
(0.685 0.007961368572 0.01)
(0.69 0.007961368572 0.01)
(0.695 0.007961368572 0.01)
(0.7 0.007961368572 0.01)
(0.705 0.007961368572 0.01)
(0.71 0.007961368572 0.01)
(0.715 0.007961368572 0.01)
(0.72 0.007961368572 0.01)
(0.725 0.007961368572 0.01)
(0.73 0.007961368572 0.01)
(0.735 0.007961368572 0.01)
(0.74 0.007961368572 0.01)
(0.745 0.007961368572 0.01)
(0.75 0.007961368572 0.01)
(0.755 0.007961368572 0.01)
(0.76 0.007961368572 0.01)
(0.765 0.007961368572 0.01)
(0.77 0.007961368572 0.01)
(0.775 0.007961368572 0.01)
(0.78 0.007961368572 0.01)
(0.785 0.007961368572 0.01)
(0.79 0.007961368572 0.01)
(0.795 0.007961368572 0.01)
(0.8 0.007961368572 0.01)
(0.805 0.007961368572 0.01)
(0.81 0.007961368572 0.01)
(0.815 0.007961368572 0.01)
(0.82 0.007961368572 0.01)
(0.825 0.007961368572 0.01)
(0.83 0.007961368572 0.01)
(0.835 0.007961368572 0.01)
(0.84 0.007961368572 0.01)
(0.845 0.007961368572 0.01)
(0.85 0.007961368572 0.01)
(0.855 0.007961368572 0.01)
(0.86 0.007961368572 0.01)
(0.865 0.007961368572 0.01)
(0.87 0.007961368572 0.01)
(0.875 0.007961368572 0.01)
(0.88 0.007961368572 0.01)
(0.885 0.007961368572 0.01)
(0.89 0.007961368572 0.01)
(0.895 0.007961368572 0.01)
(0.9 0.007961368572 0.01)
(0.905 0.007961368572 0.01)
(0.91 0.007961368572 0.01)
(0.915 0.007961368572 0.01)
(0.92 0.007961368572 0.01)
(0.925 0.007961368572 0.01)
(0.93 0.007961368572 0.01)
(0.935 0.007961368572 0.01)
(0.94 0.007961368572 0.01)
(0.945 0.007961368572 0.01)
(0.95 0.007961368572 0.01)
(0.955 0.007961368572 0.01)
(0.96 0.007961368572 0.01)
(0.965 0.007961368572 0.01)
(0.97 0.007961368572 0.01)
(0.975 0.007961368572 0.01)
(0.98 0.007961368572 0.01)
(0.985 0.007961368572 0.01)
(0.99 0.007961368572 0.01)
(0.995 0.007961368572 0.01)
(1 0.007961368572 0.01)
(0.005 0.008768659909 0.01)
(0.01 0.008768659909 0.01)
(0.015 0.008768659909 0.01)
(0.02 0.008768659909 0.01)
(0.025 0.008768659909 0.01)
(0.03 0.008768659909 0.01)
(0.035 0.008768659909 0.01)
(0.04 0.008768659909 0.01)
(0.045 0.008768659909 0.01)
(0.05 0.008768659909 0.01)
(0.055 0.008768659909 0.01)
(0.06 0.008768659909 0.01)
(0.065 0.008768659909 0.01)
(0.07 0.008768659909 0.01)
(0.075 0.008768659909 0.01)
(0.08 0.008768659909 0.01)
(0.085 0.008768659909 0.01)
(0.09 0.008768659909 0.01)
(0.095 0.008768659909 0.01)
(0.1 0.008768659909 0.01)
(0.105 0.008768659909 0.01)
(0.11 0.008768659909 0.01)
(0.115 0.008768659909 0.01)
(0.12 0.008768659909 0.01)
(0.125 0.008768659909 0.01)
(0.13 0.008768659909 0.01)
(0.135 0.008768659909 0.01)
(0.14 0.008768659909 0.01)
(0.145 0.008768659909 0.01)
(0.15 0.008768659909 0.01)
(0.155 0.008768659909 0.01)
(0.16 0.008768659909 0.01)
(0.165 0.008768659909 0.01)
(0.17 0.008768659909 0.01)
(0.175 0.008768659909 0.01)
(0.18 0.008768659909 0.01)
(0.185 0.008768659909 0.01)
(0.19 0.008768659909 0.01)
(0.195 0.008768659909 0.01)
(0.2 0.008768659909 0.01)
(0.205 0.008768659909 0.01)
(0.21 0.008768659909 0.01)
(0.215 0.008768659909 0.01)
(0.22 0.008768659909 0.01)
(0.225 0.008768659909 0.01)
(0.23 0.008768659909 0.01)
(0.235 0.008768659909 0.01)
(0.24 0.008768659909 0.01)
(0.245 0.008768659909 0.01)
(0.25 0.008768659909 0.01)
(0.255 0.008768659909 0.01)
(0.26 0.008768659909 0.01)
(0.265 0.008768659909 0.01)
(0.27 0.008768659909 0.01)
(0.275 0.008768659909 0.01)
(0.28 0.008768659909 0.01)
(0.285 0.008768659909 0.01)
(0.29 0.008768659909 0.01)
(0.295 0.008768659909 0.01)
(0.3 0.008768659909 0.01)
(0.305 0.008768659909 0.01)
(0.31 0.008768659909 0.01)
(0.315 0.008768659909 0.01)
(0.32 0.008768659909 0.01)
(0.325 0.008768659909 0.01)
(0.33 0.008768659909 0.01)
(0.335 0.008768659909 0.01)
(0.34 0.008768659909 0.01)
(0.345 0.008768659909 0.01)
(0.35 0.008768659909 0.01)
(0.355 0.008768659909 0.01)
(0.36 0.008768659909 0.01)
(0.365 0.008768659909 0.01)
(0.37 0.008768659909 0.01)
(0.375 0.008768659909 0.01)
(0.38 0.008768659909 0.01)
(0.385 0.008768659909 0.01)
(0.39 0.008768659909 0.01)
(0.395 0.008768659909 0.01)
(0.4 0.008768659909 0.01)
(0.405 0.008768659909 0.01)
(0.41 0.008768659909 0.01)
(0.415 0.008768659909 0.01)
(0.42 0.008768659909 0.01)
(0.425 0.008768659909 0.01)
(0.43 0.008768659909 0.01)
(0.435 0.008768659909 0.01)
(0.44 0.008768659909 0.01)
(0.445 0.008768659909 0.01)
(0.45 0.008768659909 0.01)
(0.455 0.008768659909 0.01)
(0.46 0.008768659909 0.01)
(0.465 0.008768659909 0.01)
(0.47 0.008768659909 0.01)
(0.475 0.008768659909 0.01)
(0.48 0.008768659909 0.01)
(0.485 0.008768659909 0.01)
(0.49 0.008768659909 0.01)
(0.495 0.008768659909 0.01)
(0.5 0.008768659909 0.01)
(0.505 0.008768659909 0.01)
(0.51 0.008768659909 0.01)
(0.515 0.008768659909 0.01)
(0.52 0.008768659909 0.01)
(0.525 0.008768659909 0.01)
(0.53 0.008768659909 0.01)
(0.535 0.008768659909 0.01)
(0.54 0.008768659909 0.01)
(0.545 0.008768659909 0.01)
(0.55 0.008768659909 0.01)
(0.555 0.008768659909 0.01)
(0.56 0.008768659909 0.01)
(0.565 0.008768659909 0.01)
(0.57 0.008768659909 0.01)
(0.575 0.008768659909 0.01)
(0.58 0.008768659909 0.01)
(0.585 0.008768659909 0.01)
(0.59 0.008768659909 0.01)
(0.595 0.008768659909 0.01)
(0.6 0.008768659909 0.01)
(0.605 0.008768659909 0.01)
(0.61 0.008768659909 0.01)
(0.615 0.008768659909 0.01)
(0.62 0.008768659909 0.01)
(0.625 0.008768659909 0.01)
(0.63 0.008768659909 0.01)
(0.635 0.008768659909 0.01)
(0.64 0.008768659909 0.01)
(0.645 0.008768659909 0.01)
(0.65 0.008768659909 0.01)
(0.655 0.008768659909 0.01)
(0.66 0.008768659909 0.01)
(0.665 0.008768659909 0.01)
(0.67 0.008768659909 0.01)
(0.675 0.008768659909 0.01)
(0.68 0.008768659909 0.01)
(0.685 0.008768659909 0.01)
(0.69 0.008768659909 0.01)
(0.695 0.008768659909 0.01)
(0.7 0.008768659909 0.01)
(0.705 0.008768659909 0.01)
(0.71 0.008768659909 0.01)
(0.715 0.008768659909 0.01)
(0.72 0.008768659909 0.01)
(0.725 0.008768659909 0.01)
(0.73 0.008768659909 0.01)
(0.735 0.008768659909 0.01)
(0.74 0.008768659909 0.01)
(0.745 0.008768659909 0.01)
(0.75 0.008768659909 0.01)
(0.755 0.008768659909 0.01)
(0.76 0.008768659909 0.01)
(0.765 0.008768659909 0.01)
(0.77 0.008768659909 0.01)
(0.775 0.008768659909 0.01)
(0.78 0.008768659909 0.01)
(0.785 0.008768659909 0.01)
(0.79 0.008768659909 0.01)
(0.795 0.008768659909 0.01)
(0.8 0.008768659909 0.01)
(0.805 0.008768659909 0.01)
(0.81 0.008768659909 0.01)
(0.815 0.008768659909 0.01)
(0.82 0.008768659909 0.01)
(0.825 0.008768659909 0.01)
(0.83 0.008768659909 0.01)
(0.835 0.008768659909 0.01)
(0.84 0.008768659909 0.01)
(0.845 0.008768659909 0.01)
(0.85 0.008768659909 0.01)
(0.855 0.008768659909 0.01)
(0.86 0.008768659909 0.01)
(0.865 0.008768659909 0.01)
(0.87 0.008768659909 0.01)
(0.875 0.008768659909 0.01)
(0.88 0.008768659909 0.01)
(0.885 0.008768659909 0.01)
(0.89 0.008768659909 0.01)
(0.895 0.008768659909 0.01)
(0.9 0.008768659909 0.01)
(0.905 0.008768659909 0.01)
(0.91 0.008768659909 0.01)
(0.915 0.008768659909 0.01)
(0.92 0.008768659909 0.01)
(0.925 0.008768659909 0.01)
(0.93 0.008768659909 0.01)
(0.935 0.008768659909 0.01)
(0.94 0.008768659909 0.01)
(0.945 0.008768659909 0.01)
(0.95 0.008768659909 0.01)
(0.955 0.008768659909 0.01)
(0.96 0.008768659909 0.01)
(0.965 0.008768659909 0.01)
(0.97 0.008768659909 0.01)
(0.975 0.008768659909 0.01)
(0.98 0.008768659909 0.01)
(0.985 0.008768659909 0.01)
(0.99 0.008768659909 0.01)
(0.995 0.008768659909 0.01)
(1 0.008768659909 0.01)
(0.005 0.009631293556 0.01)
(0.01 0.009631293556 0.01)
(0.015 0.009631293556 0.01)
(0.02 0.009631293556 0.01)
(0.025 0.009631293556 0.01)
(0.03 0.009631293556 0.01)
(0.035 0.009631293556 0.01)
(0.04 0.009631293556 0.01)
(0.045 0.009631293556 0.01)
(0.05 0.009631293556 0.01)
(0.055 0.009631293556 0.01)
(0.06 0.009631293556 0.01)
(0.065 0.009631293556 0.01)
(0.07 0.009631293556 0.01)
(0.075 0.009631293556 0.01)
(0.08 0.009631293556 0.01)
(0.085 0.009631293556 0.01)
(0.09 0.009631293556 0.01)
(0.095 0.009631293556 0.01)
(0.1 0.009631293556 0.01)
(0.105 0.009631293556 0.01)
(0.11 0.009631293556 0.01)
(0.115 0.009631293556 0.01)
(0.12 0.009631293556 0.01)
(0.125 0.009631293556 0.01)
(0.13 0.009631293556 0.01)
(0.135 0.009631293556 0.01)
(0.14 0.009631293556 0.01)
(0.145 0.009631293556 0.01)
(0.15 0.009631293556 0.01)
(0.155 0.009631293556 0.01)
(0.16 0.009631293556 0.01)
(0.165 0.009631293556 0.01)
(0.17 0.009631293556 0.01)
(0.175 0.009631293556 0.01)
(0.18 0.009631293556 0.01)
(0.185 0.009631293556 0.01)
(0.19 0.009631293556 0.01)
(0.195 0.009631293556 0.01)
(0.2 0.009631293556 0.01)
(0.205 0.009631293556 0.01)
(0.21 0.009631293556 0.01)
(0.215 0.009631293556 0.01)
(0.22 0.009631293556 0.01)
(0.225 0.009631293556 0.01)
(0.23 0.009631293556 0.01)
(0.235 0.009631293556 0.01)
(0.24 0.009631293556 0.01)
(0.245 0.009631293556 0.01)
(0.25 0.009631293556 0.01)
(0.255 0.009631293556 0.01)
(0.26 0.009631293556 0.01)
(0.265 0.009631293556 0.01)
(0.27 0.009631293556 0.01)
(0.275 0.009631293556 0.01)
(0.28 0.009631293556 0.01)
(0.285 0.009631293556 0.01)
(0.29 0.009631293556 0.01)
(0.295 0.009631293556 0.01)
(0.3 0.009631293556 0.01)
(0.305 0.009631293556 0.01)
(0.31 0.009631293556 0.01)
(0.315 0.009631293556 0.01)
(0.32 0.009631293556 0.01)
(0.325 0.009631293556 0.01)
(0.33 0.009631293556 0.01)
(0.335 0.009631293556 0.01)
(0.34 0.009631293556 0.01)
(0.345 0.009631293556 0.01)
(0.35 0.009631293556 0.01)
(0.355 0.009631293556 0.01)
(0.36 0.009631293556 0.01)
(0.365 0.009631293556 0.01)
(0.37 0.009631293556 0.01)
(0.375 0.009631293556 0.01)
(0.38 0.009631293556 0.01)
(0.385 0.009631293556 0.01)
(0.39 0.009631293556 0.01)
(0.395 0.009631293556 0.01)
(0.4 0.009631293556 0.01)
(0.405 0.009631293556 0.01)
(0.41 0.009631293556 0.01)
(0.415 0.009631293556 0.01)
(0.42 0.009631293556 0.01)
(0.425 0.009631293556 0.01)
(0.43 0.009631293556 0.01)
(0.435 0.009631293556 0.01)
(0.44 0.009631293556 0.01)
(0.445 0.009631293556 0.01)
(0.45 0.009631293556 0.01)
(0.455 0.009631293556 0.01)
(0.46 0.009631293556 0.01)
(0.465 0.009631293556 0.01)
(0.47 0.009631293556 0.01)
(0.475 0.009631293556 0.01)
(0.48 0.009631293556 0.01)
(0.485 0.009631293556 0.01)
(0.49 0.009631293556 0.01)
(0.495 0.009631293556 0.01)
(0.5 0.009631293556 0.01)
(0.505 0.009631293556 0.01)
(0.51 0.009631293556 0.01)
(0.515 0.009631293556 0.01)
(0.52 0.009631293556 0.01)
(0.525 0.009631293556 0.01)
(0.53 0.009631293556 0.01)
(0.535 0.009631293556 0.01)
(0.54 0.009631293556 0.01)
(0.545 0.009631293556 0.01)
(0.55 0.009631293556 0.01)
(0.555 0.009631293556 0.01)
(0.56 0.009631293556 0.01)
(0.565 0.009631293556 0.01)
(0.57 0.009631293556 0.01)
(0.575 0.009631293556 0.01)
(0.58 0.009631293556 0.01)
(0.585 0.009631293556 0.01)
(0.59 0.009631293556 0.01)
(0.595 0.009631293556 0.01)
(0.6 0.009631293556 0.01)
(0.605 0.009631293556 0.01)
(0.61 0.009631293556 0.01)
(0.615 0.009631293556 0.01)
(0.62 0.009631293556 0.01)
(0.625 0.009631293556 0.01)
(0.63 0.009631293556 0.01)
(0.635 0.009631293556 0.01)
(0.64 0.009631293556 0.01)
(0.645 0.009631293556 0.01)
(0.65 0.009631293556 0.01)
(0.655 0.009631293556 0.01)
(0.66 0.009631293556 0.01)
(0.665 0.009631293556 0.01)
(0.67 0.009631293556 0.01)
(0.675 0.009631293556 0.01)
(0.68 0.009631293556 0.01)
(0.685 0.009631293556 0.01)
(0.69 0.009631293556 0.01)
(0.695 0.009631293556 0.01)
(0.7 0.009631293556 0.01)
(0.705 0.009631293556 0.01)
(0.71 0.009631293556 0.01)
(0.715 0.009631293556 0.01)
(0.72 0.009631293556 0.01)
(0.725 0.009631293556 0.01)
(0.73 0.009631293556 0.01)
(0.735 0.009631293556 0.01)
(0.74 0.009631293556 0.01)
(0.745 0.009631293556 0.01)
(0.75 0.009631293556 0.01)
(0.755 0.009631293556 0.01)
(0.76 0.009631293556 0.01)
(0.765 0.009631293556 0.01)
(0.77 0.009631293556 0.01)
(0.775 0.009631293556 0.01)
(0.78 0.009631293556 0.01)
(0.785 0.009631293556 0.01)
(0.79 0.009631293556 0.01)
(0.795 0.009631293556 0.01)
(0.8 0.009631293556 0.01)
(0.805 0.009631293556 0.01)
(0.81 0.009631293556 0.01)
(0.815 0.009631293556 0.01)
(0.82 0.009631293556 0.01)
(0.825 0.009631293556 0.01)
(0.83 0.009631293556 0.01)
(0.835 0.009631293556 0.01)
(0.84 0.009631293556 0.01)
(0.845 0.009631293556 0.01)
(0.85 0.009631293556 0.01)
(0.855 0.009631293556 0.01)
(0.86 0.009631293556 0.01)
(0.865 0.009631293556 0.01)
(0.87 0.009631293556 0.01)
(0.875 0.009631293556 0.01)
(0.88 0.009631293556 0.01)
(0.885 0.009631293556 0.01)
(0.89 0.009631293556 0.01)
(0.895 0.009631293556 0.01)
(0.9 0.009631293556 0.01)
(0.905 0.009631293556 0.01)
(0.91 0.009631293556 0.01)
(0.915 0.009631293556 0.01)
(0.92 0.009631293556 0.01)
(0.925 0.009631293556 0.01)
(0.93 0.009631293556 0.01)
(0.935 0.009631293556 0.01)
(0.94 0.009631293556 0.01)
(0.945 0.009631293556 0.01)
(0.95 0.009631293556 0.01)
(0.955 0.009631293556 0.01)
(0.96 0.009631293556 0.01)
(0.965 0.009631293556 0.01)
(0.97 0.009631293556 0.01)
(0.975 0.009631293556 0.01)
(0.98 0.009631293556 0.01)
(0.985 0.009631293556 0.01)
(0.99 0.009631293556 0.01)
(0.995 0.009631293556 0.01)
(1 0.009631293556 0.01)
(0.005 0.0105530634 0.01)
(0.01 0.0105530634 0.01)
(0.015 0.0105530634 0.01)
(0.02 0.0105530634 0.01)
(0.025 0.0105530634 0.01)
(0.03 0.0105530634 0.01)
(0.035 0.0105530634 0.01)
(0.04 0.0105530634 0.01)
(0.045 0.0105530634 0.01)
(0.05 0.0105530634 0.01)
(0.055 0.0105530634 0.01)
(0.06 0.0105530634 0.01)
(0.065 0.0105530634 0.01)
(0.07 0.0105530634 0.01)
(0.075 0.0105530634 0.01)
(0.08 0.0105530634 0.01)
(0.085 0.0105530634 0.01)
(0.09 0.0105530634 0.01)
(0.095 0.0105530634 0.01)
(0.1 0.0105530634 0.01)
(0.105 0.0105530634 0.01)
(0.11 0.0105530634 0.01)
(0.115 0.0105530634 0.01)
(0.12 0.0105530634 0.01)
(0.125 0.0105530634 0.01)
(0.13 0.0105530634 0.01)
(0.135 0.0105530634 0.01)
(0.14 0.0105530634 0.01)
(0.145 0.0105530634 0.01)
(0.15 0.0105530634 0.01)
(0.155 0.0105530634 0.01)
(0.16 0.0105530634 0.01)
(0.165 0.0105530634 0.01)
(0.17 0.0105530634 0.01)
(0.175 0.0105530634 0.01)
(0.18 0.0105530634 0.01)
(0.185 0.0105530634 0.01)
(0.19 0.0105530634 0.01)
(0.195 0.0105530634 0.01)
(0.2 0.0105530634 0.01)
(0.205 0.0105530634 0.01)
(0.21 0.0105530634 0.01)
(0.215 0.0105530634 0.01)
(0.22 0.0105530634 0.01)
(0.225 0.0105530634 0.01)
(0.23 0.0105530634 0.01)
(0.235 0.0105530634 0.01)
(0.24 0.0105530634 0.01)
(0.245 0.0105530634 0.01)
(0.25 0.0105530634 0.01)
(0.255 0.0105530634 0.01)
(0.26 0.0105530634 0.01)
(0.265 0.0105530634 0.01)
(0.27 0.0105530634 0.01)
(0.275 0.0105530634 0.01)
(0.28 0.0105530634 0.01)
(0.285 0.0105530634 0.01)
(0.29 0.0105530634 0.01)
(0.295 0.0105530634 0.01)
(0.3 0.0105530634 0.01)
(0.305 0.0105530634 0.01)
(0.31 0.0105530634 0.01)
(0.315 0.0105530634 0.01)
(0.32 0.0105530634 0.01)
(0.325 0.0105530634 0.01)
(0.33 0.0105530634 0.01)
(0.335 0.0105530634 0.01)
(0.34 0.0105530634 0.01)
(0.345 0.0105530634 0.01)
(0.35 0.0105530634 0.01)
(0.355 0.0105530634 0.01)
(0.36 0.0105530634 0.01)
(0.365 0.0105530634 0.01)
(0.37 0.0105530634 0.01)
(0.375 0.0105530634 0.01)
(0.38 0.0105530634 0.01)
(0.385 0.0105530634 0.01)
(0.39 0.0105530634 0.01)
(0.395 0.0105530634 0.01)
(0.4 0.0105530634 0.01)
(0.405 0.0105530634 0.01)
(0.41 0.0105530634 0.01)
(0.415 0.0105530634 0.01)
(0.42 0.0105530634 0.01)
(0.425 0.0105530634 0.01)
(0.43 0.0105530634 0.01)
(0.435 0.0105530634 0.01)
(0.44 0.0105530634 0.01)
(0.445 0.0105530634 0.01)
(0.45 0.0105530634 0.01)
(0.455 0.0105530634 0.01)
(0.46 0.0105530634 0.01)
(0.465 0.0105530634 0.01)
(0.47 0.0105530634 0.01)
(0.475 0.0105530634 0.01)
(0.48 0.0105530634 0.01)
(0.485 0.0105530634 0.01)
(0.49 0.0105530634 0.01)
(0.495 0.0105530634 0.01)
(0.5 0.0105530634 0.01)
(0.505 0.0105530634 0.01)
(0.51 0.0105530634 0.01)
(0.515 0.0105530634 0.01)
(0.52 0.0105530634 0.01)
(0.525 0.0105530634 0.01)
(0.53 0.0105530634 0.01)
(0.535 0.0105530634 0.01)
(0.54 0.0105530634 0.01)
(0.545 0.0105530634 0.01)
(0.55 0.0105530634 0.01)
(0.555 0.0105530634 0.01)
(0.56 0.0105530634 0.01)
(0.565 0.0105530634 0.01)
(0.57 0.0105530634 0.01)
(0.575 0.0105530634 0.01)
(0.58 0.0105530634 0.01)
(0.585 0.0105530634 0.01)
(0.59 0.0105530634 0.01)
(0.595 0.0105530634 0.01)
(0.6 0.0105530634 0.01)
(0.605 0.0105530634 0.01)
(0.61 0.0105530634 0.01)
(0.615 0.0105530634 0.01)
(0.62 0.0105530634 0.01)
(0.625 0.0105530634 0.01)
(0.63 0.0105530634 0.01)
(0.635 0.0105530634 0.01)
(0.64 0.0105530634 0.01)
(0.645 0.0105530634 0.01)
(0.65 0.0105530634 0.01)
(0.655 0.0105530634 0.01)
(0.66 0.0105530634 0.01)
(0.665 0.0105530634 0.01)
(0.67 0.0105530634 0.01)
(0.675 0.0105530634 0.01)
(0.68 0.0105530634 0.01)
(0.685 0.0105530634 0.01)
(0.69 0.0105530634 0.01)
(0.695 0.0105530634 0.01)
(0.7 0.0105530634 0.01)
(0.705 0.0105530634 0.01)
(0.71 0.0105530634 0.01)
(0.715 0.0105530634 0.01)
(0.72 0.0105530634 0.01)
(0.725 0.0105530634 0.01)
(0.73 0.0105530634 0.01)
(0.735 0.0105530634 0.01)
(0.74 0.0105530634 0.01)
(0.745 0.0105530634 0.01)
(0.75 0.0105530634 0.01)
(0.755 0.0105530634 0.01)
(0.76 0.0105530634 0.01)
(0.765 0.0105530634 0.01)
(0.77 0.0105530634 0.01)
(0.775 0.0105530634 0.01)
(0.78 0.0105530634 0.01)
(0.785 0.0105530634 0.01)
(0.79 0.0105530634 0.01)
(0.795 0.0105530634 0.01)
(0.8 0.0105530634 0.01)
(0.805 0.0105530634 0.01)
(0.81 0.0105530634 0.01)
(0.815 0.0105530634 0.01)
(0.82 0.0105530634 0.01)
(0.825 0.0105530634 0.01)
(0.83 0.0105530634 0.01)
(0.835 0.0105530634 0.01)
(0.84 0.0105530634 0.01)
(0.845 0.0105530634 0.01)
(0.85 0.0105530634 0.01)
(0.855 0.0105530634 0.01)
(0.86 0.0105530634 0.01)
(0.865 0.0105530634 0.01)
(0.87 0.0105530634 0.01)
(0.875 0.0105530634 0.01)
(0.88 0.0105530634 0.01)
(0.885 0.0105530634 0.01)
(0.89 0.0105530634 0.01)
(0.895 0.0105530634 0.01)
(0.9 0.0105530634 0.01)
(0.905 0.0105530634 0.01)
(0.91 0.0105530634 0.01)
(0.915 0.0105530634 0.01)
(0.92 0.0105530634 0.01)
(0.925 0.0105530634 0.01)
(0.93 0.0105530634 0.01)
(0.935 0.0105530634 0.01)
(0.94 0.0105530634 0.01)
(0.945 0.0105530634 0.01)
(0.95 0.0105530634 0.01)
(0.955 0.0105530634 0.01)
(0.96 0.0105530634 0.01)
(0.965 0.0105530634 0.01)
(0.97 0.0105530634 0.01)
(0.975 0.0105530634 0.01)
(0.98 0.0105530634 0.01)
(0.985 0.0105530634 0.01)
(0.99 0.0105530634 0.01)
(0.995 0.0105530634 0.01)
(1 0.0105530634 0.01)
(0.005 0.01153802341 0.01)
(0.01 0.01153802341 0.01)
(0.015 0.01153802341 0.01)
(0.02 0.01153802341 0.01)
(0.025 0.01153802341 0.01)
(0.03 0.01153802341 0.01)
(0.035 0.01153802341 0.01)
(0.04 0.01153802341 0.01)
(0.045 0.01153802341 0.01)
(0.05 0.01153802341 0.01)
(0.055 0.01153802341 0.01)
(0.06 0.01153802341 0.01)
(0.065 0.01153802341 0.01)
(0.07 0.01153802341 0.01)
(0.075 0.01153802341 0.01)
(0.08 0.01153802341 0.01)
(0.085 0.01153802341 0.01)
(0.09 0.01153802341 0.01)
(0.095 0.01153802341 0.01)
(0.1 0.01153802341 0.01)
(0.105 0.01153802341 0.01)
(0.11 0.01153802341 0.01)
(0.115 0.01153802341 0.01)
(0.12 0.01153802341 0.01)
(0.125 0.01153802341 0.01)
(0.13 0.01153802341 0.01)
(0.135 0.01153802341 0.01)
(0.14 0.01153802341 0.01)
(0.145 0.01153802341 0.01)
(0.15 0.01153802341 0.01)
(0.155 0.01153802341 0.01)
(0.16 0.01153802341 0.01)
(0.165 0.01153802341 0.01)
(0.17 0.01153802341 0.01)
(0.175 0.01153802341 0.01)
(0.18 0.01153802341 0.01)
(0.185 0.01153802341 0.01)
(0.19 0.01153802341 0.01)
(0.195 0.01153802341 0.01)
(0.2 0.01153802341 0.01)
(0.205 0.01153802341 0.01)
(0.21 0.01153802341 0.01)
(0.215 0.01153802341 0.01)
(0.22 0.01153802341 0.01)
(0.225 0.01153802341 0.01)
(0.23 0.01153802341 0.01)
(0.235 0.01153802341 0.01)
(0.24 0.01153802341 0.01)
(0.245 0.01153802341 0.01)
(0.25 0.01153802341 0.01)
(0.255 0.01153802341 0.01)
(0.26 0.01153802341 0.01)
(0.265 0.01153802341 0.01)
(0.27 0.01153802341 0.01)
(0.275 0.01153802341 0.01)
(0.28 0.01153802341 0.01)
(0.285 0.01153802341 0.01)
(0.29 0.01153802341 0.01)
(0.295 0.01153802341 0.01)
(0.3 0.01153802341 0.01)
(0.305 0.01153802341 0.01)
(0.31 0.01153802341 0.01)
(0.315 0.01153802341 0.01)
(0.32 0.01153802341 0.01)
(0.325 0.01153802341 0.01)
(0.33 0.01153802341 0.01)
(0.335 0.01153802341 0.01)
(0.34 0.01153802341 0.01)
(0.345 0.01153802341 0.01)
(0.35 0.01153802341 0.01)
(0.355 0.01153802341 0.01)
(0.36 0.01153802341 0.01)
(0.365 0.01153802341 0.01)
(0.37 0.01153802341 0.01)
(0.375 0.01153802341 0.01)
(0.38 0.01153802341 0.01)
(0.385 0.01153802341 0.01)
(0.39 0.01153802341 0.01)
(0.395 0.01153802341 0.01)
(0.4 0.01153802341 0.01)
(0.405 0.01153802341 0.01)
(0.41 0.01153802341 0.01)
(0.415 0.01153802341 0.01)
(0.42 0.01153802341 0.01)
(0.425 0.01153802341 0.01)
(0.43 0.01153802341 0.01)
(0.435 0.01153802341 0.01)
(0.44 0.01153802341 0.01)
(0.445 0.01153802341 0.01)
(0.45 0.01153802341 0.01)
(0.455 0.01153802341 0.01)
(0.46 0.01153802341 0.01)
(0.465 0.01153802341 0.01)
(0.47 0.01153802341 0.01)
(0.475 0.01153802341 0.01)
(0.48 0.01153802341 0.01)
(0.485 0.01153802341 0.01)
(0.49 0.01153802341 0.01)
(0.495 0.01153802341 0.01)
(0.5 0.01153802341 0.01)
(0.505 0.01153802341 0.01)
(0.51 0.01153802341 0.01)
(0.515 0.01153802341 0.01)
(0.52 0.01153802341 0.01)
(0.525 0.01153802341 0.01)
(0.53 0.01153802341 0.01)
(0.535 0.01153802341 0.01)
(0.54 0.01153802341 0.01)
(0.545 0.01153802341 0.01)
(0.55 0.01153802341 0.01)
(0.555 0.01153802341 0.01)
(0.56 0.01153802341 0.01)
(0.565 0.01153802341 0.01)
(0.57 0.01153802341 0.01)
(0.575 0.01153802341 0.01)
(0.58 0.01153802341 0.01)
(0.585 0.01153802341 0.01)
(0.59 0.01153802341 0.01)
(0.595 0.01153802341 0.01)
(0.6 0.01153802341 0.01)
(0.605 0.01153802341 0.01)
(0.61 0.01153802341 0.01)
(0.615 0.01153802341 0.01)
(0.62 0.01153802341 0.01)
(0.625 0.01153802341 0.01)
(0.63 0.01153802341 0.01)
(0.635 0.01153802341 0.01)
(0.64 0.01153802341 0.01)
(0.645 0.01153802341 0.01)
(0.65 0.01153802341 0.01)
(0.655 0.01153802341 0.01)
(0.66 0.01153802341 0.01)
(0.665 0.01153802341 0.01)
(0.67 0.01153802341 0.01)
(0.675 0.01153802341 0.01)
(0.68 0.01153802341 0.01)
(0.685 0.01153802341 0.01)
(0.69 0.01153802341 0.01)
(0.695 0.01153802341 0.01)
(0.7 0.01153802341 0.01)
(0.705 0.01153802341 0.01)
(0.71 0.01153802341 0.01)
(0.715 0.01153802341 0.01)
(0.72 0.01153802341 0.01)
(0.725 0.01153802341 0.01)
(0.73 0.01153802341 0.01)
(0.735 0.01153802341 0.01)
(0.74 0.01153802341 0.01)
(0.745 0.01153802341 0.01)
(0.75 0.01153802341 0.01)
(0.755 0.01153802341 0.01)
(0.76 0.01153802341 0.01)
(0.765 0.01153802341 0.01)
(0.77 0.01153802341 0.01)
(0.775 0.01153802341 0.01)
(0.78 0.01153802341 0.01)
(0.785 0.01153802341 0.01)
(0.79 0.01153802341 0.01)
(0.795 0.01153802341 0.01)
(0.8 0.01153802341 0.01)
(0.805 0.01153802341 0.01)
(0.81 0.01153802341 0.01)
(0.815 0.01153802341 0.01)
(0.82 0.01153802341 0.01)
(0.825 0.01153802341 0.01)
(0.83 0.01153802341 0.01)
(0.835 0.01153802341 0.01)
(0.84 0.01153802341 0.01)
(0.845 0.01153802341 0.01)
(0.85 0.01153802341 0.01)
(0.855 0.01153802341 0.01)
(0.86 0.01153802341 0.01)
(0.865 0.01153802341 0.01)
(0.87 0.01153802341 0.01)
(0.875 0.01153802341 0.01)
(0.88 0.01153802341 0.01)
(0.885 0.01153802341 0.01)
(0.89 0.01153802341 0.01)
(0.895 0.01153802341 0.01)
(0.9 0.01153802341 0.01)
(0.905 0.01153802341 0.01)
(0.91 0.01153802341 0.01)
(0.915 0.01153802341 0.01)
(0.92 0.01153802341 0.01)
(0.925 0.01153802341 0.01)
(0.93 0.01153802341 0.01)
(0.935 0.01153802341 0.01)
(0.94 0.01153802341 0.01)
(0.945 0.01153802341 0.01)
(0.95 0.01153802341 0.01)
(0.955 0.01153802341 0.01)
(0.96 0.01153802341 0.01)
(0.965 0.01153802341 0.01)
(0.97 0.01153802341 0.01)
(0.975 0.01153802341 0.01)
(0.98 0.01153802341 0.01)
(0.985 0.01153802341 0.01)
(0.99 0.01153802341 0.01)
(0.995 0.01153802341 0.01)
(1 0.01153802341 0.01)
(0.005 0.01259050546 0.01)
(0.01 0.01259050546 0.01)
(0.015 0.01259050546 0.01)
(0.02 0.01259050546 0.01)
(0.025 0.01259050546 0.01)
(0.03 0.01259050546 0.01)
(0.035 0.01259050546 0.01)
(0.04 0.01259050546 0.01)
(0.045 0.01259050546 0.01)
(0.05 0.01259050546 0.01)
(0.055 0.01259050546 0.01)
(0.06 0.01259050546 0.01)
(0.065 0.01259050546 0.01)
(0.07 0.01259050546 0.01)
(0.075 0.01259050546 0.01)
(0.08 0.01259050546 0.01)
(0.085 0.01259050546 0.01)
(0.09 0.01259050546 0.01)
(0.095 0.01259050546 0.01)
(0.1 0.01259050546 0.01)
(0.105 0.01259050546 0.01)
(0.11 0.01259050546 0.01)
(0.115 0.01259050546 0.01)
(0.12 0.01259050546 0.01)
(0.125 0.01259050546 0.01)
(0.13 0.01259050546 0.01)
(0.135 0.01259050546 0.01)
(0.14 0.01259050546 0.01)
(0.145 0.01259050546 0.01)
(0.15 0.01259050546 0.01)
(0.155 0.01259050546 0.01)
(0.16 0.01259050546 0.01)
(0.165 0.01259050546 0.01)
(0.17 0.01259050546 0.01)
(0.175 0.01259050546 0.01)
(0.18 0.01259050546 0.01)
(0.185 0.01259050546 0.01)
(0.19 0.01259050546 0.01)
(0.195 0.01259050546 0.01)
(0.2 0.01259050546 0.01)
(0.205 0.01259050546 0.01)
(0.21 0.01259050546 0.01)
(0.215 0.01259050546 0.01)
(0.22 0.01259050546 0.01)
(0.225 0.01259050546 0.01)
(0.23 0.01259050546 0.01)
(0.235 0.01259050546 0.01)
(0.24 0.01259050546 0.01)
(0.245 0.01259050546 0.01)
(0.25 0.01259050546 0.01)
(0.255 0.01259050546 0.01)
(0.26 0.01259050546 0.01)
(0.265 0.01259050546 0.01)
(0.27 0.01259050546 0.01)
(0.275 0.01259050546 0.01)
(0.28 0.01259050546 0.01)
(0.285 0.01259050546 0.01)
(0.29 0.01259050546 0.01)
(0.295 0.01259050546 0.01)
(0.3 0.01259050546 0.01)
(0.305 0.01259050546 0.01)
(0.31 0.01259050546 0.01)
(0.315 0.01259050546 0.01)
(0.32 0.01259050546 0.01)
(0.325 0.01259050546 0.01)
(0.33 0.01259050546 0.01)
(0.335 0.01259050546 0.01)
(0.34 0.01259050546 0.01)
(0.345 0.01259050546 0.01)
(0.35 0.01259050546 0.01)
(0.355 0.01259050546 0.01)
(0.36 0.01259050546 0.01)
(0.365 0.01259050546 0.01)
(0.37 0.01259050546 0.01)
(0.375 0.01259050546 0.01)
(0.38 0.01259050546 0.01)
(0.385 0.01259050546 0.01)
(0.39 0.01259050546 0.01)
(0.395 0.01259050546 0.01)
(0.4 0.01259050546 0.01)
(0.405 0.01259050546 0.01)
(0.41 0.01259050546 0.01)
(0.415 0.01259050546 0.01)
(0.42 0.01259050546 0.01)
(0.425 0.01259050546 0.01)
(0.43 0.01259050546 0.01)
(0.435 0.01259050546 0.01)
(0.44 0.01259050546 0.01)
(0.445 0.01259050546 0.01)
(0.45 0.01259050546 0.01)
(0.455 0.01259050546 0.01)
(0.46 0.01259050546 0.01)
(0.465 0.01259050546 0.01)
(0.47 0.01259050546 0.01)
(0.475 0.01259050546 0.01)
(0.48 0.01259050546 0.01)
(0.485 0.01259050546 0.01)
(0.49 0.01259050546 0.01)
(0.495 0.01259050546 0.01)
(0.5 0.01259050546 0.01)
(0.505 0.01259050546 0.01)
(0.51 0.01259050546 0.01)
(0.515 0.01259050546 0.01)
(0.52 0.01259050546 0.01)
(0.525 0.01259050546 0.01)
(0.53 0.01259050546 0.01)
(0.535 0.01259050546 0.01)
(0.54 0.01259050546 0.01)
(0.545 0.01259050546 0.01)
(0.55 0.01259050546 0.01)
(0.555 0.01259050546 0.01)
(0.56 0.01259050546 0.01)
(0.565 0.01259050546 0.01)
(0.57 0.01259050546 0.01)
(0.575 0.01259050546 0.01)
(0.58 0.01259050546 0.01)
(0.585 0.01259050546 0.01)
(0.59 0.01259050546 0.01)
(0.595 0.01259050546 0.01)
(0.6 0.01259050546 0.01)
(0.605 0.01259050546 0.01)
(0.61 0.01259050546 0.01)
(0.615 0.01259050546 0.01)
(0.62 0.01259050546 0.01)
(0.625 0.01259050546 0.01)
(0.63 0.01259050546 0.01)
(0.635 0.01259050546 0.01)
(0.64 0.01259050546 0.01)
(0.645 0.01259050546 0.01)
(0.65 0.01259050546 0.01)
(0.655 0.01259050546 0.01)
(0.66 0.01259050546 0.01)
(0.665 0.01259050546 0.01)
(0.67 0.01259050546 0.01)
(0.675 0.01259050546 0.01)
(0.68 0.01259050546 0.01)
(0.685 0.01259050546 0.01)
(0.69 0.01259050546 0.01)
(0.695 0.01259050546 0.01)
(0.7 0.01259050546 0.01)
(0.705 0.01259050546 0.01)
(0.71 0.01259050546 0.01)
(0.715 0.01259050546 0.01)
(0.72 0.01259050546 0.01)
(0.725 0.01259050546 0.01)
(0.73 0.01259050546 0.01)
(0.735 0.01259050546 0.01)
(0.74 0.01259050546 0.01)
(0.745 0.01259050546 0.01)
(0.75 0.01259050546 0.01)
(0.755 0.01259050546 0.01)
(0.76 0.01259050546 0.01)
(0.765 0.01259050546 0.01)
(0.77 0.01259050546 0.01)
(0.775 0.01259050546 0.01)
(0.78 0.01259050546 0.01)
(0.785 0.01259050546 0.01)
(0.79 0.01259050546 0.01)
(0.795 0.01259050546 0.01)
(0.8 0.01259050546 0.01)
(0.805 0.01259050546 0.01)
(0.81 0.01259050546 0.01)
(0.815 0.01259050546 0.01)
(0.82 0.01259050546 0.01)
(0.825 0.01259050546 0.01)
(0.83 0.01259050546 0.01)
(0.835 0.01259050546 0.01)
(0.84 0.01259050546 0.01)
(0.845 0.01259050546 0.01)
(0.85 0.01259050546 0.01)
(0.855 0.01259050546 0.01)
(0.86 0.01259050546 0.01)
(0.865 0.01259050546 0.01)
(0.87 0.01259050546 0.01)
(0.875 0.01259050546 0.01)
(0.88 0.01259050546 0.01)
(0.885 0.01259050546 0.01)
(0.89 0.01259050546 0.01)
(0.895 0.01259050546 0.01)
(0.9 0.01259050546 0.01)
(0.905 0.01259050546 0.01)
(0.91 0.01259050546 0.01)
(0.915 0.01259050546 0.01)
(0.92 0.01259050546 0.01)
(0.925 0.01259050546 0.01)
(0.93 0.01259050546 0.01)
(0.935 0.01259050546 0.01)
(0.94 0.01259050546 0.01)
(0.945 0.01259050546 0.01)
(0.95 0.01259050546 0.01)
(0.955 0.01259050546 0.01)
(0.96 0.01259050546 0.01)
(0.965 0.01259050546 0.01)
(0.97 0.01259050546 0.01)
(0.975 0.01259050546 0.01)
(0.98 0.01259050546 0.01)
(0.985 0.01259050546 0.01)
(0.99 0.01259050546 0.01)
(0.995 0.01259050546 0.01)
(1 0.01259050546 0.01)
(0.005 0.0137151384 0.01)
(0.01 0.0137151384 0.01)
(0.015 0.0137151384 0.01)
(0.02 0.0137151384 0.01)
(0.025 0.0137151384 0.01)
(0.03 0.0137151384 0.01)
(0.035 0.0137151384 0.01)
(0.04 0.0137151384 0.01)
(0.045 0.0137151384 0.01)
(0.05 0.0137151384 0.01)
(0.055 0.0137151384 0.01)
(0.06 0.0137151384 0.01)
(0.065 0.0137151384 0.01)
(0.07 0.0137151384 0.01)
(0.075 0.0137151384 0.01)
(0.08 0.0137151384 0.01)
(0.085 0.0137151384 0.01)
(0.09 0.0137151384 0.01)
(0.095 0.0137151384 0.01)
(0.1 0.0137151384 0.01)
(0.105 0.0137151384 0.01)
(0.11 0.0137151384 0.01)
(0.115 0.0137151384 0.01)
(0.12 0.0137151384 0.01)
(0.125 0.0137151384 0.01)
(0.13 0.0137151384 0.01)
(0.135 0.0137151384 0.01)
(0.14 0.0137151384 0.01)
(0.145 0.0137151384 0.01)
(0.15 0.0137151384 0.01)
(0.155 0.0137151384 0.01)
(0.16 0.0137151384 0.01)
(0.165 0.0137151384 0.01)
(0.17 0.0137151384 0.01)
(0.175 0.0137151384 0.01)
(0.18 0.0137151384 0.01)
(0.185 0.0137151384 0.01)
(0.19 0.0137151384 0.01)
(0.195 0.0137151384 0.01)
(0.2 0.0137151384 0.01)
(0.205 0.0137151384 0.01)
(0.21 0.0137151384 0.01)
(0.215 0.0137151384 0.01)
(0.22 0.0137151384 0.01)
(0.225 0.0137151384 0.01)
(0.23 0.0137151384 0.01)
(0.235 0.0137151384 0.01)
(0.24 0.0137151384 0.01)
(0.245 0.0137151384 0.01)
(0.25 0.0137151384 0.01)
(0.255 0.0137151384 0.01)
(0.26 0.0137151384 0.01)
(0.265 0.0137151384 0.01)
(0.27 0.0137151384 0.01)
(0.275 0.0137151384 0.01)
(0.28 0.0137151384 0.01)
(0.285 0.0137151384 0.01)
(0.29 0.0137151384 0.01)
(0.295 0.0137151384 0.01)
(0.3 0.0137151384 0.01)
(0.305 0.0137151384 0.01)
(0.31 0.0137151384 0.01)
(0.315 0.0137151384 0.01)
(0.32 0.0137151384 0.01)
(0.325 0.0137151384 0.01)
(0.33 0.0137151384 0.01)
(0.335 0.0137151384 0.01)
(0.34 0.0137151384 0.01)
(0.345 0.0137151384 0.01)
(0.35 0.0137151384 0.01)
(0.355 0.0137151384 0.01)
(0.36 0.0137151384 0.01)
(0.365 0.0137151384 0.01)
(0.37 0.0137151384 0.01)
(0.375 0.0137151384 0.01)
(0.38 0.0137151384 0.01)
(0.385 0.0137151384 0.01)
(0.39 0.0137151384 0.01)
(0.395 0.0137151384 0.01)
(0.4 0.0137151384 0.01)
(0.405 0.0137151384 0.01)
(0.41 0.0137151384 0.01)
(0.415 0.0137151384 0.01)
(0.42 0.0137151384 0.01)
(0.425 0.0137151384 0.01)
(0.43 0.0137151384 0.01)
(0.435 0.0137151384 0.01)
(0.44 0.0137151384 0.01)
(0.445 0.0137151384 0.01)
(0.45 0.0137151384 0.01)
(0.455 0.0137151384 0.01)
(0.46 0.0137151384 0.01)
(0.465 0.0137151384 0.01)
(0.47 0.0137151384 0.01)
(0.475 0.0137151384 0.01)
(0.48 0.0137151384 0.01)
(0.485 0.0137151384 0.01)
(0.49 0.0137151384 0.01)
(0.495 0.0137151384 0.01)
(0.5 0.0137151384 0.01)
(0.505 0.0137151384 0.01)
(0.51 0.0137151384 0.01)
(0.515 0.0137151384 0.01)
(0.52 0.0137151384 0.01)
(0.525 0.0137151384 0.01)
(0.53 0.0137151384 0.01)
(0.535 0.0137151384 0.01)
(0.54 0.0137151384 0.01)
(0.545 0.0137151384 0.01)
(0.55 0.0137151384 0.01)
(0.555 0.0137151384 0.01)
(0.56 0.0137151384 0.01)
(0.565 0.0137151384 0.01)
(0.57 0.0137151384 0.01)
(0.575 0.0137151384 0.01)
(0.58 0.0137151384 0.01)
(0.585 0.0137151384 0.01)
(0.59 0.0137151384 0.01)
(0.595 0.0137151384 0.01)
(0.6 0.0137151384 0.01)
(0.605 0.0137151384 0.01)
(0.61 0.0137151384 0.01)
(0.615 0.0137151384 0.01)
(0.62 0.0137151384 0.01)
(0.625 0.0137151384 0.01)
(0.63 0.0137151384 0.01)
(0.635 0.0137151384 0.01)
(0.64 0.0137151384 0.01)
(0.645 0.0137151384 0.01)
(0.65 0.0137151384 0.01)
(0.655 0.0137151384 0.01)
(0.66 0.0137151384 0.01)
(0.665 0.0137151384 0.01)
(0.67 0.0137151384 0.01)
(0.675 0.0137151384 0.01)
(0.68 0.0137151384 0.01)
(0.685 0.0137151384 0.01)
(0.69 0.0137151384 0.01)
(0.695 0.0137151384 0.01)
(0.7 0.0137151384 0.01)
(0.705 0.0137151384 0.01)
(0.71 0.0137151384 0.01)
(0.715 0.0137151384 0.01)
(0.72 0.0137151384 0.01)
(0.725 0.0137151384 0.01)
(0.73 0.0137151384 0.01)
(0.735 0.0137151384 0.01)
(0.74 0.0137151384 0.01)
(0.745 0.0137151384 0.01)
(0.75 0.0137151384 0.01)
(0.755 0.0137151384 0.01)
(0.76 0.0137151384 0.01)
(0.765 0.0137151384 0.01)
(0.77 0.0137151384 0.01)
(0.775 0.0137151384 0.01)
(0.78 0.0137151384 0.01)
(0.785 0.0137151384 0.01)
(0.79 0.0137151384 0.01)
(0.795 0.0137151384 0.01)
(0.8 0.0137151384 0.01)
(0.805 0.0137151384 0.01)
(0.81 0.0137151384 0.01)
(0.815 0.0137151384 0.01)
(0.82 0.0137151384 0.01)
(0.825 0.0137151384 0.01)
(0.83 0.0137151384 0.01)
(0.835 0.0137151384 0.01)
(0.84 0.0137151384 0.01)
(0.845 0.0137151384 0.01)
(0.85 0.0137151384 0.01)
(0.855 0.0137151384 0.01)
(0.86 0.0137151384 0.01)
(0.865 0.0137151384 0.01)
(0.87 0.0137151384 0.01)
(0.875 0.0137151384 0.01)
(0.88 0.0137151384 0.01)
(0.885 0.0137151384 0.01)
(0.89 0.0137151384 0.01)
(0.895 0.0137151384 0.01)
(0.9 0.0137151384 0.01)
(0.905 0.0137151384 0.01)
(0.91 0.0137151384 0.01)
(0.915 0.0137151384 0.01)
(0.92 0.0137151384 0.01)
(0.925 0.0137151384 0.01)
(0.93 0.0137151384 0.01)
(0.935 0.0137151384 0.01)
(0.94 0.0137151384 0.01)
(0.945 0.0137151384 0.01)
(0.95 0.0137151384 0.01)
(0.955 0.0137151384 0.01)
(0.96 0.0137151384 0.01)
(0.965 0.0137151384 0.01)
(0.97 0.0137151384 0.01)
(0.975 0.0137151384 0.01)
(0.98 0.0137151384 0.01)
(0.985 0.0137151384 0.01)
(0.99 0.0137151384 0.01)
(0.995 0.0137151384 0.01)
(1 0.0137151384 0.01)
(0.005 0.0149168684 0.01)
(0.01 0.0149168684 0.01)
(0.015 0.0149168684 0.01)
(0.02 0.0149168684 0.01)
(0.025 0.0149168684 0.01)
(0.03 0.0149168684 0.01)
(0.035 0.0149168684 0.01)
(0.04 0.0149168684 0.01)
(0.045 0.0149168684 0.01)
(0.05 0.0149168684 0.01)
(0.055 0.0149168684 0.01)
(0.06 0.0149168684 0.01)
(0.065 0.0149168684 0.01)
(0.07 0.0149168684 0.01)
(0.075 0.0149168684 0.01)
(0.08 0.0149168684 0.01)
(0.085 0.0149168684 0.01)
(0.09 0.0149168684 0.01)
(0.095 0.0149168684 0.01)
(0.1 0.0149168684 0.01)
(0.105 0.0149168684 0.01)
(0.11 0.0149168684 0.01)
(0.115 0.0149168684 0.01)
(0.12 0.0149168684 0.01)
(0.125 0.0149168684 0.01)
(0.13 0.0149168684 0.01)
(0.135 0.0149168684 0.01)
(0.14 0.0149168684 0.01)
(0.145 0.0149168684 0.01)
(0.15 0.0149168684 0.01)
(0.155 0.0149168684 0.01)
(0.16 0.0149168684 0.01)
(0.165 0.0149168684 0.01)
(0.17 0.0149168684 0.01)
(0.175 0.0149168684 0.01)
(0.18 0.0149168684 0.01)
(0.185 0.0149168684 0.01)
(0.19 0.0149168684 0.01)
(0.195 0.0149168684 0.01)
(0.2 0.0149168684 0.01)
(0.205 0.0149168684 0.01)
(0.21 0.0149168684 0.01)
(0.215 0.0149168684 0.01)
(0.22 0.0149168684 0.01)
(0.225 0.0149168684 0.01)
(0.23 0.0149168684 0.01)
(0.235 0.0149168684 0.01)
(0.24 0.0149168684 0.01)
(0.245 0.0149168684 0.01)
(0.25 0.0149168684 0.01)
(0.255 0.0149168684 0.01)
(0.26 0.0149168684 0.01)
(0.265 0.0149168684 0.01)
(0.27 0.0149168684 0.01)
(0.275 0.0149168684 0.01)
(0.28 0.0149168684 0.01)
(0.285 0.0149168684 0.01)
(0.29 0.0149168684 0.01)
(0.295 0.0149168684 0.01)
(0.3 0.0149168684 0.01)
(0.305 0.0149168684 0.01)
(0.31 0.0149168684 0.01)
(0.315 0.0149168684 0.01)
(0.32 0.0149168684 0.01)
(0.325 0.0149168684 0.01)
(0.33 0.0149168684 0.01)
(0.335 0.0149168684 0.01)
(0.34 0.0149168684 0.01)
(0.345 0.0149168684 0.01)
(0.35 0.0149168684 0.01)
(0.355 0.0149168684 0.01)
(0.36 0.0149168684 0.01)
(0.365 0.0149168684 0.01)
(0.37 0.0149168684 0.01)
(0.375 0.0149168684 0.01)
(0.38 0.0149168684 0.01)
(0.385 0.0149168684 0.01)
(0.39 0.0149168684 0.01)
(0.395 0.0149168684 0.01)
(0.4 0.0149168684 0.01)
(0.405 0.0149168684 0.01)
(0.41 0.0149168684 0.01)
(0.415 0.0149168684 0.01)
(0.42 0.0149168684 0.01)
(0.425 0.0149168684 0.01)
(0.43 0.0149168684 0.01)
(0.435 0.0149168684 0.01)
(0.44 0.0149168684 0.01)
(0.445 0.0149168684 0.01)
(0.45 0.0149168684 0.01)
(0.455 0.0149168684 0.01)
(0.46 0.0149168684 0.01)
(0.465 0.0149168684 0.01)
(0.47 0.0149168684 0.01)
(0.475 0.0149168684 0.01)
(0.48 0.0149168684 0.01)
(0.485 0.0149168684 0.01)
(0.49 0.0149168684 0.01)
(0.495 0.0149168684 0.01)
(0.5 0.0149168684 0.01)
(0.505 0.0149168684 0.01)
(0.51 0.0149168684 0.01)
(0.515 0.0149168684 0.01)
(0.52 0.0149168684 0.01)
(0.525 0.0149168684 0.01)
(0.53 0.0149168684 0.01)
(0.535 0.0149168684 0.01)
(0.54 0.0149168684 0.01)
(0.545 0.0149168684 0.01)
(0.55 0.0149168684 0.01)
(0.555 0.0149168684 0.01)
(0.56 0.0149168684 0.01)
(0.565 0.0149168684 0.01)
(0.57 0.0149168684 0.01)
(0.575 0.0149168684 0.01)
(0.58 0.0149168684 0.01)
(0.585 0.0149168684 0.01)
(0.59 0.0149168684 0.01)
(0.595 0.0149168684 0.01)
(0.6 0.0149168684 0.01)
(0.605 0.0149168684 0.01)
(0.61 0.0149168684 0.01)
(0.615 0.0149168684 0.01)
(0.62 0.0149168684 0.01)
(0.625 0.0149168684 0.01)
(0.63 0.0149168684 0.01)
(0.635 0.0149168684 0.01)
(0.64 0.0149168684 0.01)
(0.645 0.0149168684 0.01)
(0.65 0.0149168684 0.01)
(0.655 0.0149168684 0.01)
(0.66 0.0149168684 0.01)
(0.665 0.0149168684 0.01)
(0.67 0.0149168684 0.01)
(0.675 0.0149168684 0.01)
(0.68 0.0149168684 0.01)
(0.685 0.0149168684 0.01)
(0.69 0.0149168684 0.01)
(0.695 0.0149168684 0.01)
(0.7 0.0149168684 0.01)
(0.705 0.0149168684 0.01)
(0.71 0.0149168684 0.01)
(0.715 0.0149168684 0.01)
(0.72 0.0149168684 0.01)
(0.725 0.0149168684 0.01)
(0.73 0.0149168684 0.01)
(0.735 0.0149168684 0.01)
(0.74 0.0149168684 0.01)
(0.745 0.0149168684 0.01)
(0.75 0.0149168684 0.01)
(0.755 0.0149168684 0.01)
(0.76 0.0149168684 0.01)
(0.765 0.0149168684 0.01)
(0.77 0.0149168684 0.01)
(0.775 0.0149168684 0.01)
(0.78 0.0149168684 0.01)
(0.785 0.0149168684 0.01)
(0.79 0.0149168684 0.01)
(0.795 0.0149168684 0.01)
(0.8 0.0149168684 0.01)
(0.805 0.0149168684 0.01)
(0.81 0.0149168684 0.01)
(0.815 0.0149168684 0.01)
(0.82 0.0149168684 0.01)
(0.825 0.0149168684 0.01)
(0.83 0.0149168684 0.01)
(0.835 0.0149168684 0.01)
(0.84 0.0149168684 0.01)
(0.845 0.0149168684 0.01)
(0.85 0.0149168684 0.01)
(0.855 0.0149168684 0.01)
(0.86 0.0149168684 0.01)
(0.865 0.0149168684 0.01)
(0.87 0.0149168684 0.01)
(0.875 0.0149168684 0.01)
(0.88 0.0149168684 0.01)
(0.885 0.0149168684 0.01)
(0.89 0.0149168684 0.01)
(0.895 0.0149168684 0.01)
(0.9 0.0149168684 0.01)
(0.905 0.0149168684 0.01)
(0.91 0.0149168684 0.01)
(0.915 0.0149168684 0.01)
(0.92 0.0149168684 0.01)
(0.925 0.0149168684 0.01)
(0.93 0.0149168684 0.01)
(0.935 0.0149168684 0.01)
(0.94 0.0149168684 0.01)
(0.945 0.0149168684 0.01)
(0.95 0.0149168684 0.01)
(0.955 0.0149168684 0.01)
(0.96 0.0149168684 0.01)
(0.965 0.0149168684 0.01)
(0.97 0.0149168684 0.01)
(0.975 0.0149168684 0.01)
(0.98 0.0149168684 0.01)
(0.985 0.0149168684 0.01)
(0.99 0.0149168684 0.01)
(0.995 0.0149168684 0.01)
(1 0.0149168684 0.01)
(0.005 0.0162009807 0.01)
(0.01 0.0162009807 0.01)
(0.015 0.0162009807 0.01)
(0.02 0.0162009807 0.01)
(0.025 0.0162009807 0.01)
(0.03 0.0162009807 0.01)
(0.035 0.0162009807 0.01)
(0.04 0.0162009807 0.01)
(0.045 0.0162009807 0.01)
(0.05 0.0162009807 0.01)
(0.055 0.0162009807 0.01)
(0.06 0.0162009807 0.01)
(0.065 0.0162009807 0.01)
(0.07 0.0162009807 0.01)
(0.075 0.0162009807 0.01)
(0.08 0.0162009807 0.01)
(0.085 0.0162009807 0.01)
(0.09 0.0162009807 0.01)
(0.095 0.0162009807 0.01)
(0.1 0.0162009807 0.01)
(0.105 0.0162009807 0.01)
(0.11 0.0162009807 0.01)
(0.115 0.0162009807 0.01)
(0.12 0.0162009807 0.01)
(0.125 0.0162009807 0.01)
(0.13 0.0162009807 0.01)
(0.135 0.0162009807 0.01)
(0.14 0.0162009807 0.01)
(0.145 0.0162009807 0.01)
(0.15 0.0162009807 0.01)
(0.155 0.0162009807 0.01)
(0.16 0.0162009807 0.01)
(0.165 0.0162009807 0.01)
(0.17 0.0162009807 0.01)
(0.175 0.0162009807 0.01)
(0.18 0.0162009807 0.01)
(0.185 0.0162009807 0.01)
(0.19 0.0162009807 0.01)
(0.195 0.0162009807 0.01)
(0.2 0.0162009807 0.01)
(0.205 0.0162009807 0.01)
(0.21 0.0162009807 0.01)
(0.215 0.0162009807 0.01)
(0.22 0.0162009807 0.01)
(0.225 0.0162009807 0.01)
(0.23 0.0162009807 0.01)
(0.235 0.0162009807 0.01)
(0.24 0.0162009807 0.01)
(0.245 0.0162009807 0.01)
(0.25 0.0162009807 0.01)
(0.255 0.0162009807 0.01)
(0.26 0.0162009807 0.01)
(0.265 0.0162009807 0.01)
(0.27 0.0162009807 0.01)
(0.275 0.0162009807 0.01)
(0.28 0.0162009807 0.01)
(0.285 0.0162009807 0.01)
(0.29 0.0162009807 0.01)
(0.295 0.0162009807 0.01)
(0.3 0.0162009807 0.01)
(0.305 0.0162009807 0.01)
(0.31 0.0162009807 0.01)
(0.315 0.0162009807 0.01)
(0.32 0.0162009807 0.01)
(0.325 0.0162009807 0.01)
(0.33 0.0162009807 0.01)
(0.335 0.0162009807 0.01)
(0.34 0.0162009807 0.01)
(0.345 0.0162009807 0.01)
(0.35 0.0162009807 0.01)
(0.355 0.0162009807 0.01)
(0.36 0.0162009807 0.01)
(0.365 0.0162009807 0.01)
(0.37 0.0162009807 0.01)
(0.375 0.0162009807 0.01)
(0.38 0.0162009807 0.01)
(0.385 0.0162009807 0.01)
(0.39 0.0162009807 0.01)
(0.395 0.0162009807 0.01)
(0.4 0.0162009807 0.01)
(0.405 0.0162009807 0.01)
(0.41 0.0162009807 0.01)
(0.415 0.0162009807 0.01)
(0.42 0.0162009807 0.01)
(0.425 0.0162009807 0.01)
(0.43 0.0162009807 0.01)
(0.435 0.0162009807 0.01)
(0.44 0.0162009807 0.01)
(0.445 0.0162009807 0.01)
(0.45 0.0162009807 0.01)
(0.455 0.0162009807 0.01)
(0.46 0.0162009807 0.01)
(0.465 0.0162009807 0.01)
(0.47 0.0162009807 0.01)
(0.475 0.0162009807 0.01)
(0.48 0.0162009807 0.01)
(0.485 0.0162009807 0.01)
(0.49 0.0162009807 0.01)
(0.495 0.0162009807 0.01)
(0.5 0.0162009807 0.01)
(0.505 0.0162009807 0.01)
(0.51 0.0162009807 0.01)
(0.515 0.0162009807 0.01)
(0.52 0.0162009807 0.01)
(0.525 0.0162009807 0.01)
(0.53 0.0162009807 0.01)
(0.535 0.0162009807 0.01)
(0.54 0.0162009807 0.01)
(0.545 0.0162009807 0.01)
(0.55 0.0162009807 0.01)
(0.555 0.0162009807 0.01)
(0.56 0.0162009807 0.01)
(0.565 0.0162009807 0.01)
(0.57 0.0162009807 0.01)
(0.575 0.0162009807 0.01)
(0.58 0.0162009807 0.01)
(0.585 0.0162009807 0.01)
(0.59 0.0162009807 0.01)
(0.595 0.0162009807 0.01)
(0.6 0.0162009807 0.01)
(0.605 0.0162009807 0.01)
(0.61 0.0162009807 0.01)
(0.615 0.0162009807 0.01)
(0.62 0.0162009807 0.01)
(0.625 0.0162009807 0.01)
(0.63 0.0162009807 0.01)
(0.635 0.0162009807 0.01)
(0.64 0.0162009807 0.01)
(0.645 0.0162009807 0.01)
(0.65 0.0162009807 0.01)
(0.655 0.0162009807 0.01)
(0.66 0.0162009807 0.01)
(0.665 0.0162009807 0.01)
(0.67 0.0162009807 0.01)
(0.675 0.0162009807 0.01)
(0.68 0.0162009807 0.01)
(0.685 0.0162009807 0.01)
(0.69 0.0162009807 0.01)
(0.695 0.0162009807 0.01)
(0.7 0.0162009807 0.01)
(0.705 0.0162009807 0.01)
(0.71 0.0162009807 0.01)
(0.715 0.0162009807 0.01)
(0.72 0.0162009807 0.01)
(0.725 0.0162009807 0.01)
(0.73 0.0162009807 0.01)
(0.735 0.0162009807 0.01)
(0.74 0.0162009807 0.01)
(0.745 0.0162009807 0.01)
(0.75 0.0162009807 0.01)
(0.755 0.0162009807 0.01)
(0.76 0.0162009807 0.01)
(0.765 0.0162009807 0.01)
(0.77 0.0162009807 0.01)
(0.775 0.0162009807 0.01)
(0.78 0.0162009807 0.01)
(0.785 0.0162009807 0.01)
(0.79 0.0162009807 0.01)
(0.795 0.0162009807 0.01)
(0.8 0.0162009807 0.01)
(0.805 0.0162009807 0.01)
(0.81 0.0162009807 0.01)
(0.815 0.0162009807 0.01)
(0.82 0.0162009807 0.01)
(0.825 0.0162009807 0.01)
(0.83 0.0162009807 0.01)
(0.835 0.0162009807 0.01)
(0.84 0.0162009807 0.01)
(0.845 0.0162009807 0.01)
(0.85 0.0162009807 0.01)
(0.855 0.0162009807 0.01)
(0.86 0.0162009807 0.01)
(0.865 0.0162009807 0.01)
(0.87 0.0162009807 0.01)
(0.875 0.0162009807 0.01)
(0.88 0.0162009807 0.01)
(0.885 0.0162009807 0.01)
(0.89 0.0162009807 0.01)
(0.895 0.0162009807 0.01)
(0.9 0.0162009807 0.01)
(0.905 0.0162009807 0.01)
(0.91 0.0162009807 0.01)
(0.915 0.0162009807 0.01)
(0.92 0.0162009807 0.01)
(0.925 0.0162009807 0.01)
(0.93 0.0162009807 0.01)
(0.935 0.0162009807 0.01)
(0.94 0.0162009807 0.01)
(0.945 0.0162009807 0.01)
(0.95 0.0162009807 0.01)
(0.955 0.0162009807 0.01)
(0.96 0.0162009807 0.01)
(0.965 0.0162009807 0.01)
(0.97 0.0162009807 0.01)
(0.975 0.0162009807 0.01)
(0.98 0.0162009807 0.01)
(0.985 0.0162009807 0.01)
(0.99 0.0162009807 0.01)
(0.995 0.0162009807 0.01)
(1 0.0162009807 0.01)
(0.005 0.01757312285 0.01)
(0.01 0.01757312285 0.01)
(0.015 0.01757312285 0.01)
(0.02 0.01757312285 0.01)
(0.025 0.01757312285 0.01)
(0.03 0.01757312285 0.01)
(0.035 0.01757312285 0.01)
(0.04 0.01757312285 0.01)
(0.045 0.01757312285 0.01)
(0.05 0.01757312285 0.01)
(0.055 0.01757312285 0.01)
(0.06 0.01757312285 0.01)
(0.065 0.01757312285 0.01)
(0.07 0.01757312285 0.01)
(0.075 0.01757312285 0.01)
(0.08 0.01757312285 0.01)
(0.085 0.01757312285 0.01)
(0.09 0.01757312285 0.01)
(0.095 0.01757312285 0.01)
(0.1 0.01757312285 0.01)
(0.105 0.01757312285 0.01)
(0.11 0.01757312285 0.01)
(0.115 0.01757312285 0.01)
(0.12 0.01757312285 0.01)
(0.125 0.01757312285 0.01)
(0.13 0.01757312285 0.01)
(0.135 0.01757312285 0.01)
(0.14 0.01757312285 0.01)
(0.145 0.01757312285 0.01)
(0.15 0.01757312285 0.01)
(0.155 0.01757312285 0.01)
(0.16 0.01757312285 0.01)
(0.165 0.01757312285 0.01)
(0.17 0.01757312285 0.01)
(0.175 0.01757312285 0.01)
(0.18 0.01757312285 0.01)
(0.185 0.01757312285 0.01)
(0.19 0.01757312285 0.01)
(0.195 0.01757312285 0.01)
(0.2 0.01757312285 0.01)
(0.205 0.01757312285 0.01)
(0.21 0.01757312285 0.01)
(0.215 0.01757312285 0.01)
(0.22 0.01757312285 0.01)
(0.225 0.01757312285 0.01)
(0.23 0.01757312285 0.01)
(0.235 0.01757312285 0.01)
(0.24 0.01757312285 0.01)
(0.245 0.01757312285 0.01)
(0.25 0.01757312285 0.01)
(0.255 0.01757312285 0.01)
(0.26 0.01757312285 0.01)
(0.265 0.01757312285 0.01)
(0.27 0.01757312285 0.01)
(0.275 0.01757312285 0.01)
(0.28 0.01757312285 0.01)
(0.285 0.01757312285 0.01)
(0.29 0.01757312285 0.01)
(0.295 0.01757312285 0.01)
(0.3 0.01757312285 0.01)
(0.305 0.01757312285 0.01)
(0.31 0.01757312285 0.01)
(0.315 0.01757312285 0.01)
(0.32 0.01757312285 0.01)
(0.325 0.01757312285 0.01)
(0.33 0.01757312285 0.01)
(0.335 0.01757312285 0.01)
(0.34 0.01757312285 0.01)
(0.345 0.01757312285 0.01)
(0.35 0.01757312285 0.01)
(0.355 0.01757312285 0.01)
(0.36 0.01757312285 0.01)
(0.365 0.01757312285 0.01)
(0.37 0.01757312285 0.01)
(0.375 0.01757312285 0.01)
(0.38 0.01757312285 0.01)
(0.385 0.01757312285 0.01)
(0.39 0.01757312285 0.01)
(0.395 0.01757312285 0.01)
(0.4 0.01757312285 0.01)
(0.405 0.01757312285 0.01)
(0.41 0.01757312285 0.01)
(0.415 0.01757312285 0.01)
(0.42 0.01757312285 0.01)
(0.425 0.01757312285 0.01)
(0.43 0.01757312285 0.01)
(0.435 0.01757312285 0.01)
(0.44 0.01757312285 0.01)
(0.445 0.01757312285 0.01)
(0.45 0.01757312285 0.01)
(0.455 0.01757312285 0.01)
(0.46 0.01757312285 0.01)
(0.465 0.01757312285 0.01)
(0.47 0.01757312285 0.01)
(0.475 0.01757312285 0.01)
(0.48 0.01757312285 0.01)
(0.485 0.01757312285 0.01)
(0.49 0.01757312285 0.01)
(0.495 0.01757312285 0.01)
(0.5 0.01757312285 0.01)
(0.505 0.01757312285 0.01)
(0.51 0.01757312285 0.01)
(0.515 0.01757312285 0.01)
(0.52 0.01757312285 0.01)
(0.525 0.01757312285 0.01)
(0.53 0.01757312285 0.01)
(0.535 0.01757312285 0.01)
(0.54 0.01757312285 0.01)
(0.545 0.01757312285 0.01)
(0.55 0.01757312285 0.01)
(0.555 0.01757312285 0.01)
(0.56 0.01757312285 0.01)
(0.565 0.01757312285 0.01)
(0.57 0.01757312285 0.01)
(0.575 0.01757312285 0.01)
(0.58 0.01757312285 0.01)
(0.585 0.01757312285 0.01)
(0.59 0.01757312285 0.01)
(0.595 0.01757312285 0.01)
(0.6 0.01757312285 0.01)
(0.605 0.01757312285 0.01)
(0.61 0.01757312285 0.01)
(0.615 0.01757312285 0.01)
(0.62 0.01757312285 0.01)
(0.625 0.01757312285 0.01)
(0.63 0.01757312285 0.01)
(0.635 0.01757312285 0.01)
(0.64 0.01757312285 0.01)
(0.645 0.01757312285 0.01)
(0.65 0.01757312285 0.01)
(0.655 0.01757312285 0.01)
(0.66 0.01757312285 0.01)
(0.665 0.01757312285 0.01)
(0.67 0.01757312285 0.01)
(0.675 0.01757312285 0.01)
(0.68 0.01757312285 0.01)
(0.685 0.01757312285 0.01)
(0.69 0.01757312285 0.01)
(0.695 0.01757312285 0.01)
(0.7 0.01757312285 0.01)
(0.705 0.01757312285 0.01)
(0.71 0.01757312285 0.01)
(0.715 0.01757312285 0.01)
(0.72 0.01757312285 0.01)
(0.725 0.01757312285 0.01)
(0.73 0.01757312285 0.01)
(0.735 0.01757312285 0.01)
(0.74 0.01757312285 0.01)
(0.745 0.01757312285 0.01)
(0.75 0.01757312285 0.01)
(0.755 0.01757312285 0.01)
(0.76 0.01757312285 0.01)
(0.765 0.01757312285 0.01)
(0.77 0.01757312285 0.01)
(0.775 0.01757312285 0.01)
(0.78 0.01757312285 0.01)
(0.785 0.01757312285 0.01)
(0.79 0.01757312285 0.01)
(0.795 0.01757312285 0.01)
(0.8 0.01757312285 0.01)
(0.805 0.01757312285 0.01)
(0.81 0.01757312285 0.01)
(0.815 0.01757312285 0.01)
(0.82 0.01757312285 0.01)
(0.825 0.01757312285 0.01)
(0.83 0.01757312285 0.01)
(0.835 0.01757312285 0.01)
(0.84 0.01757312285 0.01)
(0.845 0.01757312285 0.01)
(0.85 0.01757312285 0.01)
(0.855 0.01757312285 0.01)
(0.86 0.01757312285 0.01)
(0.865 0.01757312285 0.01)
(0.87 0.01757312285 0.01)
(0.875 0.01757312285 0.01)
(0.88 0.01757312285 0.01)
(0.885 0.01757312285 0.01)
(0.89 0.01757312285 0.01)
(0.895 0.01757312285 0.01)
(0.9 0.01757312285 0.01)
(0.905 0.01757312285 0.01)
(0.91 0.01757312285 0.01)
(0.915 0.01757312285 0.01)
(0.92 0.01757312285 0.01)
(0.925 0.01757312285 0.01)
(0.93 0.01757312285 0.01)
(0.935 0.01757312285 0.01)
(0.94 0.01757312285 0.01)
(0.945 0.01757312285 0.01)
(0.95 0.01757312285 0.01)
(0.955 0.01757312285 0.01)
(0.96 0.01757312285 0.01)
(0.965 0.01757312285 0.01)
(0.97 0.01757312285 0.01)
(0.975 0.01757312285 0.01)
(0.98 0.01757312285 0.01)
(0.985 0.01757312285 0.01)
(0.99 0.01757312285 0.01)
(0.995 0.01757312285 0.01)
(1 0.01757312285 0.01)
(0.005 0.01903932958 0.01)
(0.01 0.01903932958 0.01)
(0.015 0.01903932958 0.01)
(0.02 0.01903932958 0.01)
(0.025 0.01903932958 0.01)
(0.03 0.01903932958 0.01)
(0.035 0.01903932958 0.01)
(0.04 0.01903932958 0.01)
(0.045 0.01903932958 0.01)
(0.05 0.01903932958 0.01)
(0.055 0.01903932958 0.01)
(0.06 0.01903932958 0.01)
(0.065 0.01903932958 0.01)
(0.07 0.01903932958 0.01)
(0.075 0.01903932958 0.01)
(0.08 0.01903932958 0.01)
(0.085 0.01903932958 0.01)
(0.09 0.01903932958 0.01)
(0.095 0.01903932958 0.01)
(0.1 0.01903932958 0.01)
(0.105 0.01903932958 0.01)
(0.11 0.01903932958 0.01)
(0.115 0.01903932958 0.01)
(0.12 0.01903932958 0.01)
(0.125 0.01903932958 0.01)
(0.13 0.01903932958 0.01)
(0.135 0.01903932958 0.01)
(0.14 0.01903932958 0.01)
(0.145 0.01903932958 0.01)
(0.15 0.01903932958 0.01)
(0.155 0.01903932958 0.01)
(0.16 0.01903932958 0.01)
(0.165 0.01903932958 0.01)
(0.17 0.01903932958 0.01)
(0.175 0.01903932958 0.01)
(0.18 0.01903932958 0.01)
(0.185 0.01903932958 0.01)
(0.19 0.01903932958 0.01)
(0.195 0.01903932958 0.01)
(0.2 0.01903932958 0.01)
(0.205 0.01903932958 0.01)
(0.21 0.01903932958 0.01)
(0.215 0.01903932958 0.01)
(0.22 0.01903932958 0.01)
(0.225 0.01903932958 0.01)
(0.23 0.01903932958 0.01)
(0.235 0.01903932958 0.01)
(0.24 0.01903932958 0.01)
(0.245 0.01903932958 0.01)
(0.25 0.01903932958 0.01)
(0.255 0.01903932958 0.01)
(0.26 0.01903932958 0.01)
(0.265 0.01903932958 0.01)
(0.27 0.01903932958 0.01)
(0.275 0.01903932958 0.01)
(0.28 0.01903932958 0.01)
(0.285 0.01903932958 0.01)
(0.29 0.01903932958 0.01)
(0.295 0.01903932958 0.01)
(0.3 0.01903932958 0.01)
(0.305 0.01903932958 0.01)
(0.31 0.01903932958 0.01)
(0.315 0.01903932958 0.01)
(0.32 0.01903932958 0.01)
(0.325 0.01903932958 0.01)
(0.33 0.01903932958 0.01)
(0.335 0.01903932958 0.01)
(0.34 0.01903932958 0.01)
(0.345 0.01903932958 0.01)
(0.35 0.01903932958 0.01)
(0.355 0.01903932958 0.01)
(0.36 0.01903932958 0.01)
(0.365 0.01903932958 0.01)
(0.37 0.01903932958 0.01)
(0.375 0.01903932958 0.01)
(0.38 0.01903932958 0.01)
(0.385 0.01903932958 0.01)
(0.39 0.01903932958 0.01)
(0.395 0.01903932958 0.01)
(0.4 0.01903932958 0.01)
(0.405 0.01903932958 0.01)
(0.41 0.01903932958 0.01)
(0.415 0.01903932958 0.01)
(0.42 0.01903932958 0.01)
(0.425 0.01903932958 0.01)
(0.43 0.01903932958 0.01)
(0.435 0.01903932958 0.01)
(0.44 0.01903932958 0.01)
(0.445 0.01903932958 0.01)
(0.45 0.01903932958 0.01)
(0.455 0.01903932958 0.01)
(0.46 0.01903932958 0.01)
(0.465 0.01903932958 0.01)
(0.47 0.01903932958 0.01)
(0.475 0.01903932958 0.01)
(0.48 0.01903932958 0.01)
(0.485 0.01903932958 0.01)
(0.49 0.01903932958 0.01)
(0.495 0.01903932958 0.01)
(0.5 0.01903932958 0.01)
(0.505 0.01903932958 0.01)
(0.51 0.01903932958 0.01)
(0.515 0.01903932958 0.01)
(0.52 0.01903932958 0.01)
(0.525 0.01903932958 0.01)
(0.53 0.01903932958 0.01)
(0.535 0.01903932958 0.01)
(0.54 0.01903932958 0.01)
(0.545 0.01903932958 0.01)
(0.55 0.01903932958 0.01)
(0.555 0.01903932958 0.01)
(0.56 0.01903932958 0.01)
(0.565 0.01903932958 0.01)
(0.57 0.01903932958 0.01)
(0.575 0.01903932958 0.01)
(0.58 0.01903932958 0.01)
(0.585 0.01903932958 0.01)
(0.59 0.01903932958 0.01)
(0.595 0.01903932958 0.01)
(0.6 0.01903932958 0.01)
(0.605 0.01903932958 0.01)
(0.61 0.01903932958 0.01)
(0.615 0.01903932958 0.01)
(0.62 0.01903932958 0.01)
(0.625 0.01903932958 0.01)
(0.63 0.01903932958 0.01)
(0.635 0.01903932958 0.01)
(0.64 0.01903932958 0.01)
(0.645 0.01903932958 0.01)
(0.65 0.01903932958 0.01)
(0.655 0.01903932958 0.01)
(0.66 0.01903932958 0.01)
(0.665 0.01903932958 0.01)
(0.67 0.01903932958 0.01)
(0.675 0.01903932958 0.01)
(0.68 0.01903932958 0.01)
(0.685 0.01903932958 0.01)
(0.69 0.01903932958 0.01)
(0.695 0.01903932958 0.01)
(0.7 0.01903932958 0.01)
(0.705 0.01903932958 0.01)
(0.71 0.01903932958 0.01)
(0.715 0.01903932958 0.01)
(0.72 0.01903932958 0.01)
(0.725 0.01903932958 0.01)
(0.73 0.01903932958 0.01)
(0.735 0.01903932958 0.01)
(0.74 0.01903932958 0.01)
(0.745 0.01903932958 0.01)
(0.75 0.01903932958 0.01)
(0.755 0.01903932958 0.01)
(0.76 0.01903932958 0.01)
(0.765 0.01903932958 0.01)
(0.77 0.01903932958 0.01)
(0.775 0.01903932958 0.01)
(0.78 0.01903932958 0.01)
(0.785 0.01903932958 0.01)
(0.79 0.01903932958 0.01)
(0.795 0.01903932958 0.01)
(0.8 0.01903932958 0.01)
(0.805 0.01903932958 0.01)
(0.81 0.01903932958 0.01)
(0.815 0.01903932958 0.01)
(0.82 0.01903932958 0.01)
(0.825 0.01903932958 0.01)
(0.83 0.01903932958 0.01)
(0.835 0.01903932958 0.01)
(0.84 0.01903932958 0.01)
(0.845 0.01903932958 0.01)
(0.85 0.01903932958 0.01)
(0.855 0.01903932958 0.01)
(0.86 0.01903932958 0.01)
(0.865 0.01903932958 0.01)
(0.87 0.01903932958 0.01)
(0.875 0.01903932958 0.01)
(0.88 0.01903932958 0.01)
(0.885 0.01903932958 0.01)
(0.89 0.01903932958 0.01)
(0.895 0.01903932958 0.01)
(0.9 0.01903932958 0.01)
(0.905 0.01903932958 0.01)
(0.91 0.01903932958 0.01)
(0.915 0.01903932958 0.01)
(0.92 0.01903932958 0.01)
(0.925 0.01903932958 0.01)
(0.93 0.01903932958 0.01)
(0.935 0.01903932958 0.01)
(0.94 0.01903932958 0.01)
(0.945 0.01903932958 0.01)
(0.95 0.01903932958 0.01)
(0.955 0.01903932958 0.01)
(0.96 0.01903932958 0.01)
(0.965 0.01903932958 0.01)
(0.97 0.01903932958 0.01)
(0.975 0.01903932958 0.01)
(0.98 0.01903932958 0.01)
(0.985 0.01903932958 0.01)
(0.99 0.01903932958 0.01)
(0.995 0.01903932958 0.01)
(1 0.01903932958 0.01)
(0.005 0.0206060493 0.01)
(0.01 0.0206060493 0.01)
(0.015 0.0206060493 0.01)
(0.02 0.0206060493 0.01)
(0.025 0.0206060493 0.01)
(0.03 0.0206060493 0.01)
(0.035 0.0206060493 0.01)
(0.04 0.0206060493 0.01)
(0.045 0.0206060493 0.01)
(0.05 0.0206060493 0.01)
(0.055 0.0206060493 0.01)
(0.06 0.0206060493 0.01)
(0.065 0.0206060493 0.01)
(0.07 0.0206060493 0.01)
(0.075 0.0206060493 0.01)
(0.08 0.0206060493 0.01)
(0.085 0.0206060493 0.01)
(0.09 0.0206060493 0.01)
(0.095 0.0206060493 0.01)
(0.1 0.0206060493 0.01)
(0.105 0.0206060493 0.01)
(0.11 0.0206060493 0.01)
(0.115 0.0206060493 0.01)
(0.12 0.0206060493 0.01)
(0.125 0.0206060493 0.01)
(0.13 0.0206060493 0.01)
(0.135 0.0206060493 0.01)
(0.14 0.0206060493 0.01)
(0.145 0.0206060493 0.01)
(0.15 0.0206060493 0.01)
(0.155 0.0206060493 0.01)
(0.16 0.0206060493 0.01)
(0.165 0.0206060493 0.01)
(0.17 0.0206060493 0.01)
(0.175 0.0206060493 0.01)
(0.18 0.0206060493 0.01)
(0.185 0.0206060493 0.01)
(0.19 0.0206060493 0.01)
(0.195 0.0206060493 0.01)
(0.2 0.0206060493 0.01)
(0.205 0.0206060493 0.01)
(0.21 0.0206060493 0.01)
(0.215 0.0206060493 0.01)
(0.22 0.0206060493 0.01)
(0.225 0.0206060493 0.01)
(0.23 0.0206060493 0.01)
(0.235 0.0206060493 0.01)
(0.24 0.0206060493 0.01)
(0.245 0.0206060493 0.01)
(0.25 0.0206060493 0.01)
(0.255 0.0206060493 0.01)
(0.26 0.0206060493 0.01)
(0.265 0.0206060493 0.01)
(0.27 0.0206060493 0.01)
(0.275 0.0206060493 0.01)
(0.28 0.0206060493 0.01)
(0.285 0.0206060493 0.01)
(0.29 0.0206060493 0.01)
(0.295 0.0206060493 0.01)
(0.3 0.0206060493 0.01)
(0.305 0.0206060493 0.01)
(0.31 0.0206060493 0.01)
(0.315 0.0206060493 0.01)
(0.32 0.0206060493 0.01)
(0.325 0.0206060493 0.01)
(0.33 0.0206060493 0.01)
(0.335 0.0206060493 0.01)
(0.34 0.0206060493 0.01)
(0.345 0.0206060493 0.01)
(0.35 0.0206060493 0.01)
(0.355 0.0206060493 0.01)
(0.36 0.0206060493 0.01)
(0.365 0.0206060493 0.01)
(0.37 0.0206060493 0.01)
(0.375 0.0206060493 0.01)
(0.38 0.0206060493 0.01)
(0.385 0.0206060493 0.01)
(0.39 0.0206060493 0.01)
(0.395 0.0206060493 0.01)
(0.4 0.0206060493 0.01)
(0.405 0.0206060493 0.01)
(0.41 0.0206060493 0.01)
(0.415 0.0206060493 0.01)
(0.42 0.0206060493 0.01)
(0.425 0.0206060493 0.01)
(0.43 0.0206060493 0.01)
(0.435 0.0206060493 0.01)
(0.44 0.0206060493 0.01)
(0.445 0.0206060493 0.01)
(0.45 0.0206060493 0.01)
(0.455 0.0206060493 0.01)
(0.46 0.0206060493 0.01)
(0.465 0.0206060493 0.01)
(0.47 0.0206060493 0.01)
(0.475 0.0206060493 0.01)
(0.48 0.0206060493 0.01)
(0.485 0.0206060493 0.01)
(0.49 0.0206060493 0.01)
(0.495 0.0206060493 0.01)
(0.5 0.0206060493 0.01)
(0.505 0.0206060493 0.01)
(0.51 0.0206060493 0.01)
(0.515 0.0206060493 0.01)
(0.52 0.0206060493 0.01)
(0.525 0.0206060493 0.01)
(0.53 0.0206060493 0.01)
(0.535 0.0206060493 0.01)
(0.54 0.0206060493 0.01)
(0.545 0.0206060493 0.01)
(0.55 0.0206060493 0.01)
(0.555 0.0206060493 0.01)
(0.56 0.0206060493 0.01)
(0.565 0.0206060493 0.01)
(0.57 0.0206060493 0.01)
(0.575 0.0206060493 0.01)
(0.58 0.0206060493 0.01)
(0.585 0.0206060493 0.01)
(0.59 0.0206060493 0.01)
(0.595 0.0206060493 0.01)
(0.6 0.0206060493 0.01)
(0.605 0.0206060493 0.01)
(0.61 0.0206060493 0.01)
(0.615 0.0206060493 0.01)
(0.62 0.0206060493 0.01)
(0.625 0.0206060493 0.01)
(0.63 0.0206060493 0.01)
(0.635 0.0206060493 0.01)
(0.64 0.0206060493 0.01)
(0.645 0.0206060493 0.01)
(0.65 0.0206060493 0.01)
(0.655 0.0206060493 0.01)
(0.66 0.0206060493 0.01)
(0.665 0.0206060493 0.01)
(0.67 0.0206060493 0.01)
(0.675 0.0206060493 0.01)
(0.68 0.0206060493 0.01)
(0.685 0.0206060493 0.01)
(0.69 0.0206060493 0.01)
(0.695 0.0206060493 0.01)
(0.7 0.0206060493 0.01)
(0.705 0.0206060493 0.01)
(0.71 0.0206060493 0.01)
(0.715 0.0206060493 0.01)
(0.72 0.0206060493 0.01)
(0.725 0.0206060493 0.01)
(0.73 0.0206060493 0.01)
(0.735 0.0206060493 0.01)
(0.74 0.0206060493 0.01)
(0.745 0.0206060493 0.01)
(0.75 0.0206060493 0.01)
(0.755 0.0206060493 0.01)
(0.76 0.0206060493 0.01)
(0.765 0.0206060493 0.01)
(0.77 0.0206060493 0.01)
(0.775 0.0206060493 0.01)
(0.78 0.0206060493 0.01)
(0.785 0.0206060493 0.01)
(0.79 0.0206060493 0.01)
(0.795 0.0206060493 0.01)
(0.8 0.0206060493 0.01)
(0.805 0.0206060493 0.01)
(0.81 0.0206060493 0.01)
(0.815 0.0206060493 0.01)
(0.82 0.0206060493 0.01)
(0.825 0.0206060493 0.01)
(0.83 0.0206060493 0.01)
(0.835 0.0206060493 0.01)
(0.84 0.0206060493 0.01)
(0.845 0.0206060493 0.01)
(0.85 0.0206060493 0.01)
(0.855 0.0206060493 0.01)
(0.86 0.0206060493 0.01)
(0.865 0.0206060493 0.01)
(0.87 0.0206060493 0.01)
(0.875 0.0206060493 0.01)
(0.88 0.0206060493 0.01)
(0.885 0.0206060493 0.01)
(0.89 0.0206060493 0.01)
(0.895 0.0206060493 0.01)
(0.9 0.0206060493 0.01)
(0.905 0.0206060493 0.01)
(0.91 0.0206060493 0.01)
(0.915 0.0206060493 0.01)
(0.92 0.0206060493 0.01)
(0.925 0.0206060493 0.01)
(0.93 0.0206060493 0.01)
(0.935 0.0206060493 0.01)
(0.94 0.0206060493 0.01)
(0.945 0.0206060493 0.01)
(0.95 0.0206060493 0.01)
(0.955 0.0206060493 0.01)
(0.96 0.0206060493 0.01)
(0.965 0.0206060493 0.01)
(0.97 0.0206060493 0.01)
(0.975 0.0206060493 0.01)
(0.98 0.0206060493 0.01)
(0.985 0.0206060493 0.01)
(0.99 0.0206060493 0.01)
(0.995 0.0206060493 0.01)
(1 0.0206060493 0.01)
(0.005 0.02228017248 0.01)
(0.01 0.02228017248 0.01)
(0.015 0.02228017248 0.01)
(0.02 0.02228017248 0.01)
(0.025 0.02228017248 0.01)
(0.03 0.02228017248 0.01)
(0.035 0.02228017248 0.01)
(0.04 0.02228017248 0.01)
(0.045 0.02228017248 0.01)
(0.05 0.02228017248 0.01)
(0.055 0.02228017248 0.01)
(0.06 0.02228017248 0.01)
(0.065 0.02228017248 0.01)
(0.07 0.02228017248 0.01)
(0.075 0.02228017248 0.01)
(0.08 0.02228017248 0.01)
(0.085 0.02228017248 0.01)
(0.09 0.02228017248 0.01)
(0.095 0.02228017248 0.01)
(0.1 0.02228017248 0.01)
(0.105 0.02228017248 0.01)
(0.11 0.02228017248 0.01)
(0.115 0.02228017248 0.01)
(0.12 0.02228017248 0.01)
(0.125 0.02228017248 0.01)
(0.13 0.02228017248 0.01)
(0.135 0.02228017248 0.01)
(0.14 0.02228017248 0.01)
(0.145 0.02228017248 0.01)
(0.15 0.02228017248 0.01)
(0.155 0.02228017248 0.01)
(0.16 0.02228017248 0.01)
(0.165 0.02228017248 0.01)
(0.17 0.02228017248 0.01)
(0.175 0.02228017248 0.01)
(0.18 0.02228017248 0.01)
(0.185 0.02228017248 0.01)
(0.19 0.02228017248 0.01)
(0.195 0.02228017248 0.01)
(0.2 0.02228017248 0.01)
(0.205 0.02228017248 0.01)
(0.21 0.02228017248 0.01)
(0.215 0.02228017248 0.01)
(0.22 0.02228017248 0.01)
(0.225 0.02228017248 0.01)
(0.23 0.02228017248 0.01)
(0.235 0.02228017248 0.01)
(0.24 0.02228017248 0.01)
(0.245 0.02228017248 0.01)
(0.25 0.02228017248 0.01)
(0.255 0.02228017248 0.01)
(0.26 0.02228017248 0.01)
(0.265 0.02228017248 0.01)
(0.27 0.02228017248 0.01)
(0.275 0.02228017248 0.01)
(0.28 0.02228017248 0.01)
(0.285 0.02228017248 0.01)
(0.29 0.02228017248 0.01)
(0.295 0.02228017248 0.01)
(0.3 0.02228017248 0.01)
(0.305 0.02228017248 0.01)
(0.31 0.02228017248 0.01)
(0.315 0.02228017248 0.01)
(0.32 0.02228017248 0.01)
(0.325 0.02228017248 0.01)
(0.33 0.02228017248 0.01)
(0.335 0.02228017248 0.01)
(0.34 0.02228017248 0.01)
(0.345 0.02228017248 0.01)
(0.35 0.02228017248 0.01)
(0.355 0.02228017248 0.01)
(0.36 0.02228017248 0.01)
(0.365 0.02228017248 0.01)
(0.37 0.02228017248 0.01)
(0.375 0.02228017248 0.01)
(0.38 0.02228017248 0.01)
(0.385 0.02228017248 0.01)
(0.39 0.02228017248 0.01)
(0.395 0.02228017248 0.01)
(0.4 0.02228017248 0.01)
(0.405 0.02228017248 0.01)
(0.41 0.02228017248 0.01)
(0.415 0.02228017248 0.01)
(0.42 0.02228017248 0.01)
(0.425 0.02228017248 0.01)
(0.43 0.02228017248 0.01)
(0.435 0.02228017248 0.01)
(0.44 0.02228017248 0.01)
(0.445 0.02228017248 0.01)
(0.45 0.02228017248 0.01)
(0.455 0.02228017248 0.01)
(0.46 0.02228017248 0.01)
(0.465 0.02228017248 0.01)
(0.47 0.02228017248 0.01)
(0.475 0.02228017248 0.01)
(0.48 0.02228017248 0.01)
(0.485 0.02228017248 0.01)
(0.49 0.02228017248 0.01)
(0.495 0.02228017248 0.01)
(0.5 0.02228017248 0.01)
(0.505 0.02228017248 0.01)
(0.51 0.02228017248 0.01)
(0.515 0.02228017248 0.01)
(0.52 0.02228017248 0.01)
(0.525 0.02228017248 0.01)
(0.53 0.02228017248 0.01)
(0.535 0.02228017248 0.01)
(0.54 0.02228017248 0.01)
(0.545 0.02228017248 0.01)
(0.55 0.02228017248 0.01)
(0.555 0.02228017248 0.01)
(0.56 0.02228017248 0.01)
(0.565 0.02228017248 0.01)
(0.57 0.02228017248 0.01)
(0.575 0.02228017248 0.01)
(0.58 0.02228017248 0.01)
(0.585 0.02228017248 0.01)
(0.59 0.02228017248 0.01)
(0.595 0.02228017248 0.01)
(0.6 0.02228017248 0.01)
(0.605 0.02228017248 0.01)
(0.61 0.02228017248 0.01)
(0.615 0.02228017248 0.01)
(0.62 0.02228017248 0.01)
(0.625 0.02228017248 0.01)
(0.63 0.02228017248 0.01)
(0.635 0.02228017248 0.01)
(0.64 0.02228017248 0.01)
(0.645 0.02228017248 0.01)
(0.65 0.02228017248 0.01)
(0.655 0.02228017248 0.01)
(0.66 0.02228017248 0.01)
(0.665 0.02228017248 0.01)
(0.67 0.02228017248 0.01)
(0.675 0.02228017248 0.01)
(0.68 0.02228017248 0.01)
(0.685 0.02228017248 0.01)
(0.69 0.02228017248 0.01)
(0.695 0.02228017248 0.01)
(0.7 0.02228017248 0.01)
(0.705 0.02228017248 0.01)
(0.71 0.02228017248 0.01)
(0.715 0.02228017248 0.01)
(0.72 0.02228017248 0.01)
(0.725 0.02228017248 0.01)
(0.73 0.02228017248 0.01)
(0.735 0.02228017248 0.01)
(0.74 0.02228017248 0.01)
(0.745 0.02228017248 0.01)
(0.75 0.02228017248 0.01)
(0.755 0.02228017248 0.01)
(0.76 0.02228017248 0.01)
(0.765 0.02228017248 0.01)
(0.77 0.02228017248 0.01)
(0.775 0.02228017248 0.01)
(0.78 0.02228017248 0.01)
(0.785 0.02228017248 0.01)
(0.79 0.02228017248 0.01)
(0.795 0.02228017248 0.01)
(0.8 0.02228017248 0.01)
(0.805 0.02228017248 0.01)
(0.81 0.02228017248 0.01)
(0.815 0.02228017248 0.01)
(0.82 0.02228017248 0.01)
(0.825 0.02228017248 0.01)
(0.83 0.02228017248 0.01)
(0.835 0.02228017248 0.01)
(0.84 0.02228017248 0.01)
(0.845 0.02228017248 0.01)
(0.85 0.02228017248 0.01)
(0.855 0.02228017248 0.01)
(0.86 0.02228017248 0.01)
(0.865 0.02228017248 0.01)
(0.87 0.02228017248 0.01)
(0.875 0.02228017248 0.01)
(0.88 0.02228017248 0.01)
(0.885 0.02228017248 0.01)
(0.89 0.02228017248 0.01)
(0.895 0.02228017248 0.01)
(0.9 0.02228017248 0.01)
(0.905 0.02228017248 0.01)
(0.91 0.02228017248 0.01)
(0.915 0.02228017248 0.01)
(0.92 0.02228017248 0.01)
(0.925 0.02228017248 0.01)
(0.93 0.02228017248 0.01)
(0.935 0.02228017248 0.01)
(0.94 0.02228017248 0.01)
(0.945 0.02228017248 0.01)
(0.95 0.02228017248 0.01)
(0.955 0.02228017248 0.01)
(0.96 0.02228017248 0.01)
(0.965 0.02228017248 0.01)
(0.97 0.02228017248 0.01)
(0.975 0.02228017248 0.01)
(0.98 0.02228017248 0.01)
(0.985 0.02228017248 0.01)
(0.99 0.02228017248 0.01)
(0.995 0.02228017248 0.01)
(1 0.02228017248 0.01)
(0.005 0.02406906198 0.01)
(0.01 0.02406906198 0.01)
(0.015 0.02406906198 0.01)
(0.02 0.02406906198 0.01)
(0.025 0.02406906198 0.01)
(0.03 0.02406906198 0.01)
(0.035 0.02406906198 0.01)
(0.04 0.02406906198 0.01)
(0.045 0.02406906198 0.01)
(0.05 0.02406906198 0.01)
(0.055 0.02406906198 0.01)
(0.06 0.02406906198 0.01)
(0.065 0.02406906198 0.01)
(0.07 0.02406906198 0.01)
(0.075 0.02406906198 0.01)
(0.08 0.02406906198 0.01)
(0.085 0.02406906198 0.01)
(0.09 0.02406906198 0.01)
(0.095 0.02406906198 0.01)
(0.1 0.02406906198 0.01)
(0.105 0.02406906198 0.01)
(0.11 0.02406906198 0.01)
(0.115 0.02406906198 0.01)
(0.12 0.02406906198 0.01)
(0.125 0.02406906198 0.01)
(0.13 0.02406906198 0.01)
(0.135 0.02406906198 0.01)
(0.14 0.02406906198 0.01)
(0.145 0.02406906198 0.01)
(0.15 0.02406906198 0.01)
(0.155 0.02406906198 0.01)
(0.16 0.02406906198 0.01)
(0.165 0.02406906198 0.01)
(0.17 0.02406906198 0.01)
(0.175 0.02406906198 0.01)
(0.18 0.02406906198 0.01)
(0.185 0.02406906198 0.01)
(0.19 0.02406906198 0.01)
(0.195 0.02406906198 0.01)
(0.2 0.02406906198 0.01)
(0.205 0.02406906198 0.01)
(0.21 0.02406906198 0.01)
(0.215 0.02406906198 0.01)
(0.22 0.02406906198 0.01)
(0.225 0.02406906198 0.01)
(0.23 0.02406906198 0.01)
(0.235 0.02406906198 0.01)
(0.24 0.02406906198 0.01)
(0.245 0.02406906198 0.01)
(0.25 0.02406906198 0.01)
(0.255 0.02406906198 0.01)
(0.26 0.02406906198 0.01)
(0.265 0.02406906198 0.01)
(0.27 0.02406906198 0.01)
(0.275 0.02406906198 0.01)
(0.28 0.02406906198 0.01)
(0.285 0.02406906198 0.01)
(0.29 0.02406906198 0.01)
(0.295 0.02406906198 0.01)
(0.3 0.02406906198 0.01)
(0.305 0.02406906198 0.01)
(0.31 0.02406906198 0.01)
(0.315 0.02406906198 0.01)
(0.32 0.02406906198 0.01)
(0.325 0.02406906198 0.01)
(0.33 0.02406906198 0.01)
(0.335 0.02406906198 0.01)
(0.34 0.02406906198 0.01)
(0.345 0.02406906198 0.01)
(0.35 0.02406906198 0.01)
(0.355 0.02406906198 0.01)
(0.36 0.02406906198 0.01)
(0.365 0.02406906198 0.01)
(0.37 0.02406906198 0.01)
(0.375 0.02406906198 0.01)
(0.38 0.02406906198 0.01)
(0.385 0.02406906198 0.01)
(0.39 0.02406906198 0.01)
(0.395 0.02406906198 0.01)
(0.4 0.02406906198 0.01)
(0.405 0.02406906198 0.01)
(0.41 0.02406906198 0.01)
(0.415 0.02406906198 0.01)
(0.42 0.02406906198 0.01)
(0.425 0.02406906198 0.01)
(0.43 0.02406906198 0.01)
(0.435 0.02406906198 0.01)
(0.44 0.02406906198 0.01)
(0.445 0.02406906198 0.01)
(0.45 0.02406906198 0.01)
(0.455 0.02406906198 0.01)
(0.46 0.02406906198 0.01)
(0.465 0.02406906198 0.01)
(0.47 0.02406906198 0.01)
(0.475 0.02406906198 0.01)
(0.48 0.02406906198 0.01)
(0.485 0.02406906198 0.01)
(0.49 0.02406906198 0.01)
(0.495 0.02406906198 0.01)
(0.5 0.02406906198 0.01)
(0.505 0.02406906198 0.01)
(0.51 0.02406906198 0.01)
(0.515 0.02406906198 0.01)
(0.52 0.02406906198 0.01)
(0.525 0.02406906198 0.01)
(0.53 0.02406906198 0.01)
(0.535 0.02406906198 0.01)
(0.54 0.02406906198 0.01)
(0.545 0.02406906198 0.01)
(0.55 0.02406906198 0.01)
(0.555 0.02406906198 0.01)
(0.56 0.02406906198 0.01)
(0.565 0.02406906198 0.01)
(0.57 0.02406906198 0.01)
(0.575 0.02406906198 0.01)
(0.58 0.02406906198 0.01)
(0.585 0.02406906198 0.01)
(0.59 0.02406906198 0.01)
(0.595 0.02406906198 0.01)
(0.6 0.02406906198 0.01)
(0.605 0.02406906198 0.01)
(0.61 0.02406906198 0.01)
(0.615 0.02406906198 0.01)
(0.62 0.02406906198 0.01)
(0.625 0.02406906198 0.01)
(0.63 0.02406906198 0.01)
(0.635 0.02406906198 0.01)
(0.64 0.02406906198 0.01)
(0.645 0.02406906198 0.01)
(0.65 0.02406906198 0.01)
(0.655 0.02406906198 0.01)
(0.66 0.02406906198 0.01)
(0.665 0.02406906198 0.01)
(0.67 0.02406906198 0.01)
(0.675 0.02406906198 0.01)
(0.68 0.02406906198 0.01)
(0.685 0.02406906198 0.01)
(0.69 0.02406906198 0.01)
(0.695 0.02406906198 0.01)
(0.7 0.02406906198 0.01)
(0.705 0.02406906198 0.01)
(0.71 0.02406906198 0.01)
(0.715 0.02406906198 0.01)
(0.72 0.02406906198 0.01)
(0.725 0.02406906198 0.01)
(0.73 0.02406906198 0.01)
(0.735 0.02406906198 0.01)
(0.74 0.02406906198 0.01)
(0.745 0.02406906198 0.01)
(0.75 0.02406906198 0.01)
(0.755 0.02406906198 0.01)
(0.76 0.02406906198 0.01)
(0.765 0.02406906198 0.01)
(0.77 0.02406906198 0.01)
(0.775 0.02406906198 0.01)
(0.78 0.02406906198 0.01)
(0.785 0.02406906198 0.01)
(0.79 0.02406906198 0.01)
(0.795 0.02406906198 0.01)
(0.8 0.02406906198 0.01)
(0.805 0.02406906198 0.01)
(0.81 0.02406906198 0.01)
(0.815 0.02406906198 0.01)
(0.82 0.02406906198 0.01)
(0.825 0.02406906198 0.01)
(0.83 0.02406906198 0.01)
(0.835 0.02406906198 0.01)
(0.84 0.02406906198 0.01)
(0.845 0.02406906198 0.01)
(0.85 0.02406906198 0.01)
(0.855 0.02406906198 0.01)
(0.86 0.02406906198 0.01)
(0.865 0.02406906198 0.01)
(0.87 0.02406906198 0.01)
(0.875 0.02406906198 0.01)
(0.88 0.02406906198 0.01)
(0.885 0.02406906198 0.01)
(0.89 0.02406906198 0.01)
(0.895 0.02406906198 0.01)
(0.9 0.02406906198 0.01)
(0.905 0.02406906198 0.01)
(0.91 0.02406906198 0.01)
(0.915 0.02406906198 0.01)
(0.92 0.02406906198 0.01)
(0.925 0.02406906198 0.01)
(0.93 0.02406906198 0.01)
(0.935 0.02406906198 0.01)
(0.94 0.02406906198 0.01)
(0.945 0.02406906198 0.01)
(0.95 0.02406906198 0.01)
(0.955 0.02406906198 0.01)
(0.96 0.02406906198 0.01)
(0.965 0.02406906198 0.01)
(0.97 0.02406906198 0.01)
(0.975 0.02406906198 0.01)
(0.98 0.02406906198 0.01)
(0.985 0.02406906198 0.01)
(0.99 0.02406906198 0.01)
(0.995 0.02406906198 0.01)
(1 0.02406906198 0.01)
(0.005 0.02598058536 0.01)
(0.01 0.02598058536 0.01)
(0.015 0.02598058536 0.01)
(0.02 0.02598058536 0.01)
(0.025 0.02598058536 0.01)
(0.03 0.02598058536 0.01)
(0.035 0.02598058536 0.01)
(0.04 0.02598058536 0.01)
(0.045 0.02598058536 0.01)
(0.05 0.02598058536 0.01)
(0.055 0.02598058536 0.01)
(0.06 0.02598058536 0.01)
(0.065 0.02598058536 0.01)
(0.07 0.02598058536 0.01)
(0.075 0.02598058536 0.01)
(0.08 0.02598058536 0.01)
(0.085 0.02598058536 0.01)
(0.09 0.02598058536 0.01)
(0.095 0.02598058536 0.01)
(0.1 0.02598058536 0.01)
(0.105 0.02598058536 0.01)
(0.11 0.02598058536 0.01)
(0.115 0.02598058536 0.01)
(0.12 0.02598058536 0.01)
(0.125 0.02598058536 0.01)
(0.13 0.02598058536 0.01)
(0.135 0.02598058536 0.01)
(0.14 0.02598058536 0.01)
(0.145 0.02598058536 0.01)
(0.15 0.02598058536 0.01)
(0.155 0.02598058536 0.01)
(0.16 0.02598058536 0.01)
(0.165 0.02598058536 0.01)
(0.17 0.02598058536 0.01)
(0.175 0.02598058536 0.01)
(0.18 0.02598058536 0.01)
(0.185 0.02598058536 0.01)
(0.19 0.02598058536 0.01)
(0.195 0.02598058536 0.01)
(0.2 0.02598058536 0.01)
(0.205 0.02598058536 0.01)
(0.21 0.02598058536 0.01)
(0.215 0.02598058536 0.01)
(0.22 0.02598058536 0.01)
(0.225 0.02598058536 0.01)
(0.23 0.02598058536 0.01)
(0.235 0.02598058536 0.01)
(0.24 0.02598058536 0.01)
(0.245 0.02598058536 0.01)
(0.25 0.02598058536 0.01)
(0.255 0.02598058536 0.01)
(0.26 0.02598058536 0.01)
(0.265 0.02598058536 0.01)
(0.27 0.02598058536 0.01)
(0.275 0.02598058536 0.01)
(0.28 0.02598058536 0.01)
(0.285 0.02598058536 0.01)
(0.29 0.02598058536 0.01)
(0.295 0.02598058536 0.01)
(0.3 0.02598058536 0.01)
(0.305 0.02598058536 0.01)
(0.31 0.02598058536 0.01)
(0.315 0.02598058536 0.01)
(0.32 0.02598058536 0.01)
(0.325 0.02598058536 0.01)
(0.33 0.02598058536 0.01)
(0.335 0.02598058536 0.01)
(0.34 0.02598058536 0.01)
(0.345 0.02598058536 0.01)
(0.35 0.02598058536 0.01)
(0.355 0.02598058536 0.01)
(0.36 0.02598058536 0.01)
(0.365 0.02598058536 0.01)
(0.37 0.02598058536 0.01)
(0.375 0.02598058536 0.01)
(0.38 0.02598058536 0.01)
(0.385 0.02598058536 0.01)
(0.39 0.02598058536 0.01)
(0.395 0.02598058536 0.01)
(0.4 0.02598058536 0.01)
(0.405 0.02598058536 0.01)
(0.41 0.02598058536 0.01)
(0.415 0.02598058536 0.01)
(0.42 0.02598058536 0.01)
(0.425 0.02598058536 0.01)
(0.43 0.02598058536 0.01)
(0.435 0.02598058536 0.01)
(0.44 0.02598058536 0.01)
(0.445 0.02598058536 0.01)
(0.45 0.02598058536 0.01)
(0.455 0.02598058536 0.01)
(0.46 0.02598058536 0.01)
(0.465 0.02598058536 0.01)
(0.47 0.02598058536 0.01)
(0.475 0.02598058536 0.01)
(0.48 0.02598058536 0.01)
(0.485 0.02598058536 0.01)
(0.49 0.02598058536 0.01)
(0.495 0.02598058536 0.01)
(0.5 0.02598058536 0.01)
(0.505 0.02598058536 0.01)
(0.51 0.02598058536 0.01)
(0.515 0.02598058536 0.01)
(0.52 0.02598058536 0.01)
(0.525 0.02598058536 0.01)
(0.53 0.02598058536 0.01)
(0.535 0.02598058536 0.01)
(0.54 0.02598058536 0.01)
(0.545 0.02598058536 0.01)
(0.55 0.02598058536 0.01)
(0.555 0.02598058536 0.01)
(0.56 0.02598058536 0.01)
(0.565 0.02598058536 0.01)
(0.57 0.02598058536 0.01)
(0.575 0.02598058536 0.01)
(0.58 0.02598058536 0.01)
(0.585 0.02598058536 0.01)
(0.59 0.02598058536 0.01)
(0.595 0.02598058536 0.01)
(0.6 0.02598058536 0.01)
(0.605 0.02598058536 0.01)
(0.61 0.02598058536 0.01)
(0.615 0.02598058536 0.01)
(0.62 0.02598058536 0.01)
(0.625 0.02598058536 0.01)
(0.63 0.02598058536 0.01)
(0.635 0.02598058536 0.01)
(0.64 0.02598058536 0.01)
(0.645 0.02598058536 0.01)
(0.65 0.02598058536 0.01)
(0.655 0.02598058536 0.01)
(0.66 0.02598058536 0.01)
(0.665 0.02598058536 0.01)
(0.67 0.02598058536 0.01)
(0.675 0.02598058536 0.01)
(0.68 0.02598058536 0.01)
(0.685 0.02598058536 0.01)
(0.69 0.02598058536 0.01)
(0.695 0.02598058536 0.01)
(0.7 0.02598058536 0.01)
(0.705 0.02598058536 0.01)
(0.71 0.02598058536 0.01)
(0.715 0.02598058536 0.01)
(0.72 0.02598058536 0.01)
(0.725 0.02598058536 0.01)
(0.73 0.02598058536 0.01)
(0.735 0.02598058536 0.01)
(0.74 0.02598058536 0.01)
(0.745 0.02598058536 0.01)
(0.75 0.02598058536 0.01)
(0.755 0.02598058536 0.01)
(0.76 0.02598058536 0.01)
(0.765 0.02598058536 0.01)
(0.77 0.02598058536 0.01)
(0.775 0.02598058536 0.01)
(0.78 0.02598058536 0.01)
(0.785 0.02598058536 0.01)
(0.79 0.02598058536 0.01)
(0.795 0.02598058536 0.01)
(0.8 0.02598058536 0.01)
(0.805 0.02598058536 0.01)
(0.81 0.02598058536 0.01)
(0.815 0.02598058536 0.01)
(0.82 0.02598058536 0.01)
(0.825 0.02598058536 0.01)
(0.83 0.02598058536 0.01)
(0.835 0.02598058536 0.01)
(0.84 0.02598058536 0.01)
(0.845 0.02598058536 0.01)
(0.85 0.02598058536 0.01)
(0.855 0.02598058536 0.01)
(0.86 0.02598058536 0.01)
(0.865 0.02598058536 0.01)
(0.87 0.02598058536 0.01)
(0.875 0.02598058536 0.01)
(0.88 0.02598058536 0.01)
(0.885 0.02598058536 0.01)
(0.89 0.02598058536 0.01)
(0.895 0.02598058536 0.01)
(0.9 0.02598058536 0.01)
(0.905 0.02598058536 0.01)
(0.91 0.02598058536 0.01)
(0.915 0.02598058536 0.01)
(0.92 0.02598058536 0.01)
(0.925 0.02598058536 0.01)
(0.93 0.02598058536 0.01)
(0.935 0.02598058536 0.01)
(0.94 0.02598058536 0.01)
(0.945 0.02598058536 0.01)
(0.95 0.02598058536 0.01)
(0.955 0.02598058536 0.01)
(0.96 0.02598058536 0.01)
(0.965 0.02598058536 0.01)
(0.97 0.02598058536 0.01)
(0.975 0.02598058536 0.01)
(0.98 0.02598058536 0.01)
(0.985 0.02598058536 0.01)
(0.99 0.02598058536 0.01)
(0.995 0.02598058536 0.01)
(1 0.02598058536 0.01)
(0.005 0.02802314956 0.01)
(0.01 0.02802314956 0.01)
(0.015 0.02802314956 0.01)
(0.02 0.02802314956 0.01)
(0.025 0.02802314956 0.01)
(0.03 0.02802314956 0.01)
(0.035 0.02802314956 0.01)
(0.04 0.02802314956 0.01)
(0.045 0.02802314956 0.01)
(0.05 0.02802314956 0.01)
(0.055 0.02802314956 0.01)
(0.06 0.02802314956 0.01)
(0.065 0.02802314956 0.01)
(0.07 0.02802314956 0.01)
(0.075 0.02802314956 0.01)
(0.08 0.02802314956 0.01)
(0.085 0.02802314956 0.01)
(0.09 0.02802314956 0.01)
(0.095 0.02802314956 0.01)
(0.1 0.02802314956 0.01)
(0.105 0.02802314956 0.01)
(0.11 0.02802314956 0.01)
(0.115 0.02802314956 0.01)
(0.12 0.02802314956 0.01)
(0.125 0.02802314956 0.01)
(0.13 0.02802314956 0.01)
(0.135 0.02802314956 0.01)
(0.14 0.02802314956 0.01)
(0.145 0.02802314956 0.01)
(0.15 0.02802314956 0.01)
(0.155 0.02802314956 0.01)
(0.16 0.02802314956 0.01)
(0.165 0.02802314956 0.01)
(0.17 0.02802314956 0.01)
(0.175 0.02802314956 0.01)
(0.18 0.02802314956 0.01)
(0.185 0.02802314956 0.01)
(0.19 0.02802314956 0.01)
(0.195 0.02802314956 0.01)
(0.2 0.02802314956 0.01)
(0.205 0.02802314956 0.01)
(0.21 0.02802314956 0.01)
(0.215 0.02802314956 0.01)
(0.22 0.02802314956 0.01)
(0.225 0.02802314956 0.01)
(0.23 0.02802314956 0.01)
(0.235 0.02802314956 0.01)
(0.24 0.02802314956 0.01)
(0.245 0.02802314956 0.01)
(0.25 0.02802314956 0.01)
(0.255 0.02802314956 0.01)
(0.26 0.02802314956 0.01)
(0.265 0.02802314956 0.01)
(0.27 0.02802314956 0.01)
(0.275 0.02802314956 0.01)
(0.28 0.02802314956 0.01)
(0.285 0.02802314956 0.01)
(0.29 0.02802314956 0.01)
(0.295 0.02802314956 0.01)
(0.3 0.02802314956 0.01)
(0.305 0.02802314956 0.01)
(0.31 0.02802314956 0.01)
(0.315 0.02802314956 0.01)
(0.32 0.02802314956 0.01)
(0.325 0.02802314956 0.01)
(0.33 0.02802314956 0.01)
(0.335 0.02802314956 0.01)
(0.34 0.02802314956 0.01)
(0.345 0.02802314956 0.01)
(0.35 0.02802314956 0.01)
(0.355 0.02802314956 0.01)
(0.36 0.02802314956 0.01)
(0.365 0.02802314956 0.01)
(0.37 0.02802314956 0.01)
(0.375 0.02802314956 0.01)
(0.38 0.02802314956 0.01)
(0.385 0.02802314956 0.01)
(0.39 0.02802314956 0.01)
(0.395 0.02802314956 0.01)
(0.4 0.02802314956 0.01)
(0.405 0.02802314956 0.01)
(0.41 0.02802314956 0.01)
(0.415 0.02802314956 0.01)
(0.42 0.02802314956 0.01)
(0.425 0.02802314956 0.01)
(0.43 0.02802314956 0.01)
(0.435 0.02802314956 0.01)
(0.44 0.02802314956 0.01)
(0.445 0.02802314956 0.01)
(0.45 0.02802314956 0.01)
(0.455 0.02802314956 0.01)
(0.46 0.02802314956 0.01)
(0.465 0.02802314956 0.01)
(0.47 0.02802314956 0.01)
(0.475 0.02802314956 0.01)
(0.48 0.02802314956 0.01)
(0.485 0.02802314956 0.01)
(0.49 0.02802314956 0.01)
(0.495 0.02802314956 0.01)
(0.5 0.02802314956 0.01)
(0.505 0.02802314956 0.01)
(0.51 0.02802314956 0.01)
(0.515 0.02802314956 0.01)
(0.52 0.02802314956 0.01)
(0.525 0.02802314956 0.01)
(0.53 0.02802314956 0.01)
(0.535 0.02802314956 0.01)
(0.54 0.02802314956 0.01)
(0.545 0.02802314956 0.01)
(0.55 0.02802314956 0.01)
(0.555 0.02802314956 0.01)
(0.56 0.02802314956 0.01)
(0.565 0.02802314956 0.01)
(0.57 0.02802314956 0.01)
(0.575 0.02802314956 0.01)
(0.58 0.02802314956 0.01)
(0.585 0.02802314956 0.01)
(0.59 0.02802314956 0.01)
(0.595 0.02802314956 0.01)
(0.6 0.02802314956 0.01)
(0.605 0.02802314956 0.01)
(0.61 0.02802314956 0.01)
(0.615 0.02802314956 0.01)
(0.62 0.02802314956 0.01)
(0.625 0.02802314956 0.01)
(0.63 0.02802314956 0.01)
(0.635 0.02802314956 0.01)
(0.64 0.02802314956 0.01)
(0.645 0.02802314956 0.01)
(0.65 0.02802314956 0.01)
(0.655 0.02802314956 0.01)
(0.66 0.02802314956 0.01)
(0.665 0.02802314956 0.01)
(0.67 0.02802314956 0.01)
(0.675 0.02802314956 0.01)
(0.68 0.02802314956 0.01)
(0.685 0.02802314956 0.01)
(0.69 0.02802314956 0.01)
(0.695 0.02802314956 0.01)
(0.7 0.02802314956 0.01)
(0.705 0.02802314956 0.01)
(0.71 0.02802314956 0.01)
(0.715 0.02802314956 0.01)
(0.72 0.02802314956 0.01)
(0.725 0.02802314956 0.01)
(0.73 0.02802314956 0.01)
(0.735 0.02802314956 0.01)
(0.74 0.02802314956 0.01)
(0.745 0.02802314956 0.01)
(0.75 0.02802314956 0.01)
(0.755 0.02802314956 0.01)
(0.76 0.02802314956 0.01)
(0.765 0.02802314956 0.01)
(0.77 0.02802314956 0.01)
(0.775 0.02802314956 0.01)
(0.78 0.02802314956 0.01)
(0.785 0.02802314956 0.01)
(0.79 0.02802314956 0.01)
(0.795 0.02802314956 0.01)
(0.8 0.02802314956 0.01)
(0.805 0.02802314956 0.01)
(0.81 0.02802314956 0.01)
(0.815 0.02802314956 0.01)
(0.82 0.02802314956 0.01)
(0.825 0.02802314956 0.01)
(0.83 0.02802314956 0.01)
(0.835 0.02802314956 0.01)
(0.84 0.02802314956 0.01)
(0.845 0.02802314956 0.01)
(0.85 0.02802314956 0.01)
(0.855 0.02802314956 0.01)
(0.86 0.02802314956 0.01)
(0.865 0.02802314956 0.01)
(0.87 0.02802314956 0.01)
(0.875 0.02802314956 0.01)
(0.88 0.02802314956 0.01)
(0.885 0.02802314956 0.01)
(0.89 0.02802314956 0.01)
(0.895 0.02802314956 0.01)
(0.9 0.02802314956 0.01)
(0.905 0.02802314956 0.01)
(0.91 0.02802314956 0.01)
(0.915 0.02802314956 0.01)
(0.92 0.02802314956 0.01)
(0.925 0.02802314956 0.01)
(0.93 0.02802314956 0.01)
(0.935 0.02802314956 0.01)
(0.94 0.02802314956 0.01)
(0.945 0.02802314956 0.01)
(0.95 0.02802314956 0.01)
(0.955 0.02802314956 0.01)
(0.96 0.02802314956 0.01)
(0.965 0.02802314956 0.01)
(0.97 0.02802314956 0.01)
(0.975 0.02802314956 0.01)
(0.98 0.02802314956 0.01)
(0.985 0.02802314956 0.01)
(0.99 0.02802314956 0.01)
(0.995 0.02802314956 0.01)
(1 0.02802314956 0.01)
(0.005 0.03020573784 0.01)
(0.01 0.03020573784 0.01)
(0.015 0.03020573784 0.01)
(0.02 0.03020573784 0.01)
(0.025 0.03020573784 0.01)
(0.03 0.03020573784 0.01)
(0.035 0.03020573784 0.01)
(0.04 0.03020573784 0.01)
(0.045 0.03020573784 0.01)
(0.05 0.03020573784 0.01)
(0.055 0.03020573784 0.01)
(0.06 0.03020573784 0.01)
(0.065 0.03020573784 0.01)
(0.07 0.03020573784 0.01)
(0.075 0.03020573784 0.01)
(0.08 0.03020573784 0.01)
(0.085 0.03020573784 0.01)
(0.09 0.03020573784 0.01)
(0.095 0.03020573784 0.01)
(0.1 0.03020573784 0.01)
(0.105 0.03020573784 0.01)
(0.11 0.03020573784 0.01)
(0.115 0.03020573784 0.01)
(0.12 0.03020573784 0.01)
(0.125 0.03020573784 0.01)
(0.13 0.03020573784 0.01)
(0.135 0.03020573784 0.01)
(0.14 0.03020573784 0.01)
(0.145 0.03020573784 0.01)
(0.15 0.03020573784 0.01)
(0.155 0.03020573784 0.01)
(0.16 0.03020573784 0.01)
(0.165 0.03020573784 0.01)
(0.17 0.03020573784 0.01)
(0.175 0.03020573784 0.01)
(0.18 0.03020573784 0.01)
(0.185 0.03020573784 0.01)
(0.19 0.03020573784 0.01)
(0.195 0.03020573784 0.01)
(0.2 0.03020573784 0.01)
(0.205 0.03020573784 0.01)
(0.21 0.03020573784 0.01)
(0.215 0.03020573784 0.01)
(0.22 0.03020573784 0.01)
(0.225 0.03020573784 0.01)
(0.23 0.03020573784 0.01)
(0.235 0.03020573784 0.01)
(0.24 0.03020573784 0.01)
(0.245 0.03020573784 0.01)
(0.25 0.03020573784 0.01)
(0.255 0.03020573784 0.01)
(0.26 0.03020573784 0.01)
(0.265 0.03020573784 0.01)
(0.27 0.03020573784 0.01)
(0.275 0.03020573784 0.01)
(0.28 0.03020573784 0.01)
(0.285 0.03020573784 0.01)
(0.29 0.03020573784 0.01)
(0.295 0.03020573784 0.01)
(0.3 0.03020573784 0.01)
(0.305 0.03020573784 0.01)
(0.31 0.03020573784 0.01)
(0.315 0.03020573784 0.01)
(0.32 0.03020573784 0.01)
(0.325 0.03020573784 0.01)
(0.33 0.03020573784 0.01)
(0.335 0.03020573784 0.01)
(0.34 0.03020573784 0.01)
(0.345 0.03020573784 0.01)
(0.35 0.03020573784 0.01)
(0.355 0.03020573784 0.01)
(0.36 0.03020573784 0.01)
(0.365 0.03020573784 0.01)
(0.37 0.03020573784 0.01)
(0.375 0.03020573784 0.01)
(0.38 0.03020573784 0.01)
(0.385 0.03020573784 0.01)
(0.39 0.03020573784 0.01)
(0.395 0.03020573784 0.01)
(0.4 0.03020573784 0.01)
(0.405 0.03020573784 0.01)
(0.41 0.03020573784 0.01)
(0.415 0.03020573784 0.01)
(0.42 0.03020573784 0.01)
(0.425 0.03020573784 0.01)
(0.43 0.03020573784 0.01)
(0.435 0.03020573784 0.01)
(0.44 0.03020573784 0.01)
(0.445 0.03020573784 0.01)
(0.45 0.03020573784 0.01)
(0.455 0.03020573784 0.01)
(0.46 0.03020573784 0.01)
(0.465 0.03020573784 0.01)
(0.47 0.03020573784 0.01)
(0.475 0.03020573784 0.01)
(0.48 0.03020573784 0.01)
(0.485 0.03020573784 0.01)
(0.49 0.03020573784 0.01)
(0.495 0.03020573784 0.01)
(0.5 0.03020573784 0.01)
(0.505 0.03020573784 0.01)
(0.51 0.03020573784 0.01)
(0.515 0.03020573784 0.01)
(0.52 0.03020573784 0.01)
(0.525 0.03020573784 0.01)
(0.53 0.03020573784 0.01)
(0.535 0.03020573784 0.01)
(0.54 0.03020573784 0.01)
(0.545 0.03020573784 0.01)
(0.55 0.03020573784 0.01)
(0.555 0.03020573784 0.01)
(0.56 0.03020573784 0.01)
(0.565 0.03020573784 0.01)
(0.57 0.03020573784 0.01)
(0.575 0.03020573784 0.01)
(0.58 0.03020573784 0.01)
(0.585 0.03020573784 0.01)
(0.59 0.03020573784 0.01)
(0.595 0.03020573784 0.01)
(0.6 0.03020573784 0.01)
(0.605 0.03020573784 0.01)
(0.61 0.03020573784 0.01)
(0.615 0.03020573784 0.01)
(0.62 0.03020573784 0.01)
(0.625 0.03020573784 0.01)
(0.63 0.03020573784 0.01)
(0.635 0.03020573784 0.01)
(0.64 0.03020573784 0.01)
(0.645 0.03020573784 0.01)
(0.65 0.03020573784 0.01)
(0.655 0.03020573784 0.01)
(0.66 0.03020573784 0.01)
(0.665 0.03020573784 0.01)
(0.67 0.03020573784 0.01)
(0.675 0.03020573784 0.01)
(0.68 0.03020573784 0.01)
(0.685 0.03020573784 0.01)
(0.69 0.03020573784 0.01)
(0.695 0.03020573784 0.01)
(0.7 0.03020573784 0.01)
(0.705 0.03020573784 0.01)
(0.71 0.03020573784 0.01)
(0.715 0.03020573784 0.01)
(0.72 0.03020573784 0.01)
(0.725 0.03020573784 0.01)
(0.73 0.03020573784 0.01)
(0.735 0.03020573784 0.01)
(0.74 0.03020573784 0.01)
(0.745 0.03020573784 0.01)
(0.75 0.03020573784 0.01)
(0.755 0.03020573784 0.01)
(0.76 0.03020573784 0.01)
(0.765 0.03020573784 0.01)
(0.77 0.03020573784 0.01)
(0.775 0.03020573784 0.01)
(0.78 0.03020573784 0.01)
(0.785 0.03020573784 0.01)
(0.79 0.03020573784 0.01)
(0.795 0.03020573784 0.01)
(0.8 0.03020573784 0.01)
(0.805 0.03020573784 0.01)
(0.81 0.03020573784 0.01)
(0.815 0.03020573784 0.01)
(0.82 0.03020573784 0.01)
(0.825 0.03020573784 0.01)
(0.83 0.03020573784 0.01)
(0.835 0.03020573784 0.01)
(0.84 0.03020573784 0.01)
(0.845 0.03020573784 0.01)
(0.85 0.03020573784 0.01)
(0.855 0.03020573784 0.01)
(0.86 0.03020573784 0.01)
(0.865 0.03020573784 0.01)
(0.87 0.03020573784 0.01)
(0.875 0.03020573784 0.01)
(0.88 0.03020573784 0.01)
(0.885 0.03020573784 0.01)
(0.89 0.03020573784 0.01)
(0.895 0.03020573784 0.01)
(0.9 0.03020573784 0.01)
(0.905 0.03020573784 0.01)
(0.91 0.03020573784 0.01)
(0.915 0.03020573784 0.01)
(0.92 0.03020573784 0.01)
(0.925 0.03020573784 0.01)
(0.93 0.03020573784 0.01)
(0.935 0.03020573784 0.01)
(0.94 0.03020573784 0.01)
(0.945 0.03020573784 0.01)
(0.95 0.03020573784 0.01)
(0.955 0.03020573784 0.01)
(0.96 0.03020573784 0.01)
(0.965 0.03020573784 0.01)
(0.97 0.03020573784 0.01)
(0.975 0.03020573784 0.01)
(0.98 0.03020573784 0.01)
(0.985 0.03020573784 0.01)
(0.99 0.03020573784 0.01)
(0.995 0.03020573784 0.01)
(1 0.03020573784 0.01)
(0.005 0.03253794928 0.01)
(0.01 0.03253794928 0.01)
(0.015 0.03253794928 0.01)
(0.02 0.03253794928 0.01)
(0.025 0.03253794928 0.01)
(0.03 0.03253794928 0.01)
(0.035 0.03253794928 0.01)
(0.04 0.03253794928 0.01)
(0.045 0.03253794928 0.01)
(0.05 0.03253794928 0.01)
(0.055 0.03253794928 0.01)
(0.06 0.03253794928 0.01)
(0.065 0.03253794928 0.01)
(0.07 0.03253794928 0.01)
(0.075 0.03253794928 0.01)
(0.08 0.03253794928 0.01)
(0.085 0.03253794928 0.01)
(0.09 0.03253794928 0.01)
(0.095 0.03253794928 0.01)
(0.1 0.03253794928 0.01)
(0.105 0.03253794928 0.01)
(0.11 0.03253794928 0.01)
(0.115 0.03253794928 0.01)
(0.12 0.03253794928 0.01)
(0.125 0.03253794928 0.01)
(0.13 0.03253794928 0.01)
(0.135 0.03253794928 0.01)
(0.14 0.03253794928 0.01)
(0.145 0.03253794928 0.01)
(0.15 0.03253794928 0.01)
(0.155 0.03253794928 0.01)
(0.16 0.03253794928 0.01)
(0.165 0.03253794928 0.01)
(0.17 0.03253794928 0.01)
(0.175 0.03253794928 0.01)
(0.18 0.03253794928 0.01)
(0.185 0.03253794928 0.01)
(0.19 0.03253794928 0.01)
(0.195 0.03253794928 0.01)
(0.2 0.03253794928 0.01)
(0.205 0.03253794928 0.01)
(0.21 0.03253794928 0.01)
(0.215 0.03253794928 0.01)
(0.22 0.03253794928 0.01)
(0.225 0.03253794928 0.01)
(0.23 0.03253794928 0.01)
(0.235 0.03253794928 0.01)
(0.24 0.03253794928 0.01)
(0.245 0.03253794928 0.01)
(0.25 0.03253794928 0.01)
(0.255 0.03253794928 0.01)
(0.26 0.03253794928 0.01)
(0.265 0.03253794928 0.01)
(0.27 0.03253794928 0.01)
(0.275 0.03253794928 0.01)
(0.28 0.03253794928 0.01)
(0.285 0.03253794928 0.01)
(0.29 0.03253794928 0.01)
(0.295 0.03253794928 0.01)
(0.3 0.03253794928 0.01)
(0.305 0.03253794928 0.01)
(0.31 0.03253794928 0.01)
(0.315 0.03253794928 0.01)
(0.32 0.03253794928 0.01)
(0.325 0.03253794928 0.01)
(0.33 0.03253794928 0.01)
(0.335 0.03253794928 0.01)
(0.34 0.03253794928 0.01)
(0.345 0.03253794928 0.01)
(0.35 0.03253794928 0.01)
(0.355 0.03253794928 0.01)
(0.36 0.03253794928 0.01)
(0.365 0.03253794928 0.01)
(0.37 0.03253794928 0.01)
(0.375 0.03253794928 0.01)
(0.38 0.03253794928 0.01)
(0.385 0.03253794928 0.01)
(0.39 0.03253794928 0.01)
(0.395 0.03253794928 0.01)
(0.4 0.03253794928 0.01)
(0.405 0.03253794928 0.01)
(0.41 0.03253794928 0.01)
(0.415 0.03253794928 0.01)
(0.42 0.03253794928 0.01)
(0.425 0.03253794928 0.01)
(0.43 0.03253794928 0.01)
(0.435 0.03253794928 0.01)
(0.44 0.03253794928 0.01)
(0.445 0.03253794928 0.01)
(0.45 0.03253794928 0.01)
(0.455 0.03253794928 0.01)
(0.46 0.03253794928 0.01)
(0.465 0.03253794928 0.01)
(0.47 0.03253794928 0.01)
(0.475 0.03253794928 0.01)
(0.48 0.03253794928 0.01)
(0.485 0.03253794928 0.01)
(0.49 0.03253794928 0.01)
(0.495 0.03253794928 0.01)
(0.5 0.03253794928 0.01)
(0.505 0.03253794928 0.01)
(0.51 0.03253794928 0.01)
(0.515 0.03253794928 0.01)
(0.52 0.03253794928 0.01)
(0.525 0.03253794928 0.01)
(0.53 0.03253794928 0.01)
(0.535 0.03253794928 0.01)
(0.54 0.03253794928 0.01)
(0.545 0.03253794928 0.01)
(0.55 0.03253794928 0.01)
(0.555 0.03253794928 0.01)
(0.56 0.03253794928 0.01)
(0.565 0.03253794928 0.01)
(0.57 0.03253794928 0.01)
(0.575 0.03253794928 0.01)
(0.58 0.03253794928 0.01)
(0.585 0.03253794928 0.01)
(0.59 0.03253794928 0.01)
(0.595 0.03253794928 0.01)
(0.6 0.03253794928 0.01)
(0.605 0.03253794928 0.01)
(0.61 0.03253794928 0.01)
(0.615 0.03253794928 0.01)
(0.62 0.03253794928 0.01)
(0.625 0.03253794928 0.01)
(0.63 0.03253794928 0.01)
(0.635 0.03253794928 0.01)
(0.64 0.03253794928 0.01)
(0.645 0.03253794928 0.01)
(0.65 0.03253794928 0.01)
(0.655 0.03253794928 0.01)
(0.66 0.03253794928 0.01)
(0.665 0.03253794928 0.01)
(0.67 0.03253794928 0.01)
(0.675 0.03253794928 0.01)
(0.68 0.03253794928 0.01)
(0.685 0.03253794928 0.01)
(0.69 0.03253794928 0.01)
(0.695 0.03253794928 0.01)
(0.7 0.03253794928 0.01)
(0.705 0.03253794928 0.01)
(0.71 0.03253794928 0.01)
(0.715 0.03253794928 0.01)
(0.72 0.03253794928 0.01)
(0.725 0.03253794928 0.01)
(0.73 0.03253794928 0.01)
(0.735 0.03253794928 0.01)
(0.74 0.03253794928 0.01)
(0.745 0.03253794928 0.01)
(0.75 0.03253794928 0.01)
(0.755 0.03253794928 0.01)
(0.76 0.03253794928 0.01)
(0.765 0.03253794928 0.01)
(0.77 0.03253794928 0.01)
(0.775 0.03253794928 0.01)
(0.78 0.03253794928 0.01)
(0.785 0.03253794928 0.01)
(0.79 0.03253794928 0.01)
(0.795 0.03253794928 0.01)
(0.8 0.03253794928 0.01)
(0.805 0.03253794928 0.01)
(0.81 0.03253794928 0.01)
(0.815 0.03253794928 0.01)
(0.82 0.03253794928 0.01)
(0.825 0.03253794928 0.01)
(0.83 0.03253794928 0.01)
(0.835 0.03253794928 0.01)
(0.84 0.03253794928 0.01)
(0.845 0.03253794928 0.01)
(0.85 0.03253794928 0.01)
(0.855 0.03253794928 0.01)
(0.86 0.03253794928 0.01)
(0.865 0.03253794928 0.01)
(0.87 0.03253794928 0.01)
(0.875 0.03253794928 0.01)
(0.88 0.03253794928 0.01)
(0.885 0.03253794928 0.01)
(0.89 0.03253794928 0.01)
(0.895 0.03253794928 0.01)
(0.9 0.03253794928 0.01)
(0.905 0.03253794928 0.01)
(0.91 0.03253794928 0.01)
(0.915 0.03253794928 0.01)
(0.92 0.03253794928 0.01)
(0.925 0.03253794928 0.01)
(0.93 0.03253794928 0.01)
(0.935 0.03253794928 0.01)
(0.94 0.03253794928 0.01)
(0.945 0.03253794928 0.01)
(0.95 0.03253794928 0.01)
(0.955 0.03253794928 0.01)
(0.96 0.03253794928 0.01)
(0.965 0.03253794928 0.01)
(0.97 0.03253794928 0.01)
(0.975 0.03253794928 0.01)
(0.98 0.03253794928 0.01)
(0.985 0.03253794928 0.01)
(0.99 0.03253794928 0.01)
(0.995 0.03253794928 0.01)
(1 0.03253794928 0.01)
(0.005 0.035030041 0.01)
(0.01 0.035030041 0.01)
(0.015 0.035030041 0.01)
(0.02 0.035030041 0.01)
(0.025 0.035030041 0.01)
(0.03 0.035030041 0.01)
(0.035 0.035030041 0.01)
(0.04 0.035030041 0.01)
(0.045 0.035030041 0.01)
(0.05 0.035030041 0.01)
(0.055 0.035030041 0.01)
(0.06 0.035030041 0.01)
(0.065 0.035030041 0.01)
(0.07 0.035030041 0.01)
(0.075 0.035030041 0.01)
(0.08 0.035030041 0.01)
(0.085 0.035030041 0.01)
(0.09 0.035030041 0.01)
(0.095 0.035030041 0.01)
(0.1 0.035030041 0.01)
(0.105 0.035030041 0.01)
(0.11 0.035030041 0.01)
(0.115 0.035030041 0.01)
(0.12 0.035030041 0.01)
(0.125 0.035030041 0.01)
(0.13 0.035030041 0.01)
(0.135 0.035030041 0.01)
(0.14 0.035030041 0.01)
(0.145 0.035030041 0.01)
(0.15 0.035030041 0.01)
(0.155 0.035030041 0.01)
(0.16 0.035030041 0.01)
(0.165 0.035030041 0.01)
(0.17 0.035030041 0.01)
(0.175 0.035030041 0.01)
(0.18 0.035030041 0.01)
(0.185 0.035030041 0.01)
(0.19 0.035030041 0.01)
(0.195 0.035030041 0.01)
(0.2 0.035030041 0.01)
(0.205 0.035030041 0.01)
(0.21 0.035030041 0.01)
(0.215 0.035030041 0.01)
(0.22 0.035030041 0.01)
(0.225 0.035030041 0.01)
(0.23 0.035030041 0.01)
(0.235 0.035030041 0.01)
(0.24 0.035030041 0.01)
(0.245 0.035030041 0.01)
(0.25 0.035030041 0.01)
(0.255 0.035030041 0.01)
(0.26 0.035030041 0.01)
(0.265 0.035030041 0.01)
(0.27 0.035030041 0.01)
(0.275 0.035030041 0.01)
(0.28 0.035030041 0.01)
(0.285 0.035030041 0.01)
(0.29 0.035030041 0.01)
(0.295 0.035030041 0.01)
(0.3 0.035030041 0.01)
(0.305 0.035030041 0.01)
(0.31 0.035030041 0.01)
(0.315 0.035030041 0.01)
(0.32 0.035030041 0.01)
(0.325 0.035030041 0.01)
(0.33 0.035030041 0.01)
(0.335 0.035030041 0.01)
(0.34 0.035030041 0.01)
(0.345 0.035030041 0.01)
(0.35 0.035030041 0.01)
(0.355 0.035030041 0.01)
(0.36 0.035030041 0.01)
(0.365 0.035030041 0.01)
(0.37 0.035030041 0.01)
(0.375 0.035030041 0.01)
(0.38 0.035030041 0.01)
(0.385 0.035030041 0.01)
(0.39 0.035030041 0.01)
(0.395 0.035030041 0.01)
(0.4 0.035030041 0.01)
(0.405 0.035030041 0.01)
(0.41 0.035030041 0.01)
(0.415 0.035030041 0.01)
(0.42 0.035030041 0.01)
(0.425 0.035030041 0.01)
(0.43 0.035030041 0.01)
(0.435 0.035030041 0.01)
(0.44 0.035030041 0.01)
(0.445 0.035030041 0.01)
(0.45 0.035030041 0.01)
(0.455 0.035030041 0.01)
(0.46 0.035030041 0.01)
(0.465 0.035030041 0.01)
(0.47 0.035030041 0.01)
(0.475 0.035030041 0.01)
(0.48 0.035030041 0.01)
(0.485 0.035030041 0.01)
(0.49 0.035030041 0.01)
(0.495 0.035030041 0.01)
(0.5 0.035030041 0.01)
(0.505 0.035030041 0.01)
(0.51 0.035030041 0.01)
(0.515 0.035030041 0.01)
(0.52 0.035030041 0.01)
(0.525 0.035030041 0.01)
(0.53 0.035030041 0.01)
(0.535 0.035030041 0.01)
(0.54 0.035030041 0.01)
(0.545 0.035030041 0.01)
(0.55 0.035030041 0.01)
(0.555 0.035030041 0.01)
(0.56 0.035030041 0.01)
(0.565 0.035030041 0.01)
(0.57 0.035030041 0.01)
(0.575 0.035030041 0.01)
(0.58 0.035030041 0.01)
(0.585 0.035030041 0.01)
(0.59 0.035030041 0.01)
(0.595 0.035030041 0.01)
(0.6 0.035030041 0.01)
(0.605 0.035030041 0.01)
(0.61 0.035030041 0.01)
(0.615 0.035030041 0.01)
(0.62 0.035030041 0.01)
(0.625 0.035030041 0.01)
(0.63 0.035030041 0.01)
(0.635 0.035030041 0.01)
(0.64 0.035030041 0.01)
(0.645 0.035030041 0.01)
(0.65 0.035030041 0.01)
(0.655 0.035030041 0.01)
(0.66 0.035030041 0.01)
(0.665 0.035030041 0.01)
(0.67 0.035030041 0.01)
(0.675 0.035030041 0.01)
(0.68 0.035030041 0.01)
(0.685 0.035030041 0.01)
(0.69 0.035030041 0.01)
(0.695 0.035030041 0.01)
(0.7 0.035030041 0.01)
(0.705 0.035030041 0.01)
(0.71 0.035030041 0.01)
(0.715 0.035030041 0.01)
(0.72 0.035030041 0.01)
(0.725 0.035030041 0.01)
(0.73 0.035030041 0.01)
(0.735 0.035030041 0.01)
(0.74 0.035030041 0.01)
(0.745 0.035030041 0.01)
(0.75 0.035030041 0.01)
(0.755 0.035030041 0.01)
(0.76 0.035030041 0.01)
(0.765 0.035030041 0.01)
(0.77 0.035030041 0.01)
(0.775 0.035030041 0.01)
(0.78 0.035030041 0.01)
(0.785 0.035030041 0.01)
(0.79 0.035030041 0.01)
(0.795 0.035030041 0.01)
(0.8 0.035030041 0.01)
(0.805 0.035030041 0.01)
(0.81 0.035030041 0.01)
(0.815 0.035030041 0.01)
(0.82 0.035030041 0.01)
(0.825 0.035030041 0.01)
(0.83 0.035030041 0.01)
(0.835 0.035030041 0.01)
(0.84 0.035030041 0.01)
(0.845 0.035030041 0.01)
(0.85 0.035030041 0.01)
(0.855 0.035030041 0.01)
(0.86 0.035030041 0.01)
(0.865 0.035030041 0.01)
(0.87 0.035030041 0.01)
(0.875 0.035030041 0.01)
(0.88 0.035030041 0.01)
(0.885 0.035030041 0.01)
(0.89 0.035030041 0.01)
(0.895 0.035030041 0.01)
(0.9 0.035030041 0.01)
(0.905 0.035030041 0.01)
(0.91 0.035030041 0.01)
(0.915 0.035030041 0.01)
(0.92 0.035030041 0.01)
(0.925 0.035030041 0.01)
(0.93 0.035030041 0.01)
(0.935 0.035030041 0.01)
(0.94 0.035030041 0.01)
(0.945 0.035030041 0.01)
(0.95 0.035030041 0.01)
(0.955 0.035030041 0.01)
(0.96 0.035030041 0.01)
(0.965 0.035030041 0.01)
(0.97 0.035030041 0.01)
(0.975 0.035030041 0.01)
(0.98 0.035030041 0.01)
(0.985 0.035030041 0.01)
(0.99 0.035030041 0.01)
(0.995 0.035030041 0.01)
(1 0.035030041 0.01)
(0.005 0.03769297329 0.01)
(0.01 0.03769297329 0.01)
(0.015 0.03769297329 0.01)
(0.02 0.03769297329 0.01)
(0.025 0.03769297329 0.01)
(0.03 0.03769297329 0.01)
(0.035 0.03769297329 0.01)
(0.04 0.03769297329 0.01)
(0.045 0.03769297329 0.01)
(0.05 0.03769297329 0.01)
(0.055 0.03769297329 0.01)
(0.06 0.03769297329 0.01)
(0.065 0.03769297329 0.01)
(0.07 0.03769297329 0.01)
(0.075 0.03769297329 0.01)
(0.08 0.03769297329 0.01)
(0.085 0.03769297329 0.01)
(0.09 0.03769297329 0.01)
(0.095 0.03769297329 0.01)
(0.1 0.03769297329 0.01)
(0.105 0.03769297329 0.01)
(0.11 0.03769297329 0.01)
(0.115 0.03769297329 0.01)
(0.12 0.03769297329 0.01)
(0.125 0.03769297329 0.01)
(0.13 0.03769297329 0.01)
(0.135 0.03769297329 0.01)
(0.14 0.03769297329 0.01)
(0.145 0.03769297329 0.01)
(0.15 0.03769297329 0.01)
(0.155 0.03769297329 0.01)
(0.16 0.03769297329 0.01)
(0.165 0.03769297329 0.01)
(0.17 0.03769297329 0.01)
(0.175 0.03769297329 0.01)
(0.18 0.03769297329 0.01)
(0.185 0.03769297329 0.01)
(0.19 0.03769297329 0.01)
(0.195 0.03769297329 0.01)
(0.2 0.03769297329 0.01)
(0.205 0.03769297329 0.01)
(0.21 0.03769297329 0.01)
(0.215 0.03769297329 0.01)
(0.22 0.03769297329 0.01)
(0.225 0.03769297329 0.01)
(0.23 0.03769297329 0.01)
(0.235 0.03769297329 0.01)
(0.24 0.03769297329 0.01)
(0.245 0.03769297329 0.01)
(0.25 0.03769297329 0.01)
(0.255 0.03769297329 0.01)
(0.26 0.03769297329 0.01)
(0.265 0.03769297329 0.01)
(0.27 0.03769297329 0.01)
(0.275 0.03769297329 0.01)
(0.28 0.03769297329 0.01)
(0.285 0.03769297329 0.01)
(0.29 0.03769297329 0.01)
(0.295 0.03769297329 0.01)
(0.3 0.03769297329 0.01)
(0.305 0.03769297329 0.01)
(0.31 0.03769297329 0.01)
(0.315 0.03769297329 0.01)
(0.32 0.03769297329 0.01)
(0.325 0.03769297329 0.01)
(0.33 0.03769297329 0.01)
(0.335 0.03769297329 0.01)
(0.34 0.03769297329 0.01)
(0.345 0.03769297329 0.01)
(0.35 0.03769297329 0.01)
(0.355 0.03769297329 0.01)
(0.36 0.03769297329 0.01)
(0.365 0.03769297329 0.01)
(0.37 0.03769297329 0.01)
(0.375 0.03769297329 0.01)
(0.38 0.03769297329 0.01)
(0.385 0.03769297329 0.01)
(0.39 0.03769297329 0.01)
(0.395 0.03769297329 0.01)
(0.4 0.03769297329 0.01)
(0.405 0.03769297329 0.01)
(0.41 0.03769297329 0.01)
(0.415 0.03769297329 0.01)
(0.42 0.03769297329 0.01)
(0.425 0.03769297329 0.01)
(0.43 0.03769297329 0.01)
(0.435 0.03769297329 0.01)
(0.44 0.03769297329 0.01)
(0.445 0.03769297329 0.01)
(0.45 0.03769297329 0.01)
(0.455 0.03769297329 0.01)
(0.46 0.03769297329 0.01)
(0.465 0.03769297329 0.01)
(0.47 0.03769297329 0.01)
(0.475 0.03769297329 0.01)
(0.48 0.03769297329 0.01)
(0.485 0.03769297329 0.01)
(0.49 0.03769297329 0.01)
(0.495 0.03769297329 0.01)
(0.5 0.03769297329 0.01)
(0.505 0.03769297329 0.01)
(0.51 0.03769297329 0.01)
(0.515 0.03769297329 0.01)
(0.52 0.03769297329 0.01)
(0.525 0.03769297329 0.01)
(0.53 0.03769297329 0.01)
(0.535 0.03769297329 0.01)
(0.54 0.03769297329 0.01)
(0.545 0.03769297329 0.01)
(0.55 0.03769297329 0.01)
(0.555 0.03769297329 0.01)
(0.56 0.03769297329 0.01)
(0.565 0.03769297329 0.01)
(0.57 0.03769297329 0.01)
(0.575 0.03769297329 0.01)
(0.58 0.03769297329 0.01)
(0.585 0.03769297329 0.01)
(0.59 0.03769297329 0.01)
(0.595 0.03769297329 0.01)
(0.6 0.03769297329 0.01)
(0.605 0.03769297329 0.01)
(0.61 0.03769297329 0.01)
(0.615 0.03769297329 0.01)
(0.62 0.03769297329 0.01)
(0.625 0.03769297329 0.01)
(0.63 0.03769297329 0.01)
(0.635 0.03769297329 0.01)
(0.64 0.03769297329 0.01)
(0.645 0.03769297329 0.01)
(0.65 0.03769297329 0.01)
(0.655 0.03769297329 0.01)
(0.66 0.03769297329 0.01)
(0.665 0.03769297329 0.01)
(0.67 0.03769297329 0.01)
(0.675 0.03769297329 0.01)
(0.68 0.03769297329 0.01)
(0.685 0.03769297329 0.01)
(0.69 0.03769297329 0.01)
(0.695 0.03769297329 0.01)
(0.7 0.03769297329 0.01)
(0.705 0.03769297329 0.01)
(0.71 0.03769297329 0.01)
(0.715 0.03769297329 0.01)
(0.72 0.03769297329 0.01)
(0.725 0.03769297329 0.01)
(0.73 0.03769297329 0.01)
(0.735 0.03769297329 0.01)
(0.74 0.03769297329 0.01)
(0.745 0.03769297329 0.01)
(0.75 0.03769297329 0.01)
(0.755 0.03769297329 0.01)
(0.76 0.03769297329 0.01)
(0.765 0.03769297329 0.01)
(0.77 0.03769297329 0.01)
(0.775 0.03769297329 0.01)
(0.78 0.03769297329 0.01)
(0.785 0.03769297329 0.01)
(0.79 0.03769297329 0.01)
(0.795 0.03769297329 0.01)
(0.8 0.03769297329 0.01)
(0.805 0.03769297329 0.01)
(0.81 0.03769297329 0.01)
(0.815 0.03769297329 0.01)
(0.82 0.03769297329 0.01)
(0.825 0.03769297329 0.01)
(0.83 0.03769297329 0.01)
(0.835 0.03769297329 0.01)
(0.84 0.03769297329 0.01)
(0.845 0.03769297329 0.01)
(0.85 0.03769297329 0.01)
(0.855 0.03769297329 0.01)
(0.86 0.03769297329 0.01)
(0.865 0.03769297329 0.01)
(0.87 0.03769297329 0.01)
(0.875 0.03769297329 0.01)
(0.88 0.03769297329 0.01)
(0.885 0.03769297329 0.01)
(0.89 0.03769297329 0.01)
(0.895 0.03769297329 0.01)
(0.9 0.03769297329 0.01)
(0.905 0.03769297329 0.01)
(0.91 0.03769297329 0.01)
(0.915 0.03769297329 0.01)
(0.92 0.03769297329 0.01)
(0.925 0.03769297329 0.01)
(0.93 0.03769297329 0.01)
(0.935 0.03769297329 0.01)
(0.94 0.03769297329 0.01)
(0.945 0.03769297329 0.01)
(0.95 0.03769297329 0.01)
(0.955 0.03769297329 0.01)
(0.96 0.03769297329 0.01)
(0.965 0.03769297329 0.01)
(0.97 0.03769297329 0.01)
(0.975 0.03769297329 0.01)
(0.98 0.03769297329 0.01)
(0.985 0.03769297329 0.01)
(0.99 0.03769297329 0.01)
(0.995 0.03769297329 0.01)
(1 0.03769297329 0.01)
(0.005 0.04053845779 0.01)
(0.01 0.04053845779 0.01)
(0.015 0.04053845779 0.01)
(0.02 0.04053845779 0.01)
(0.025 0.04053845779 0.01)
(0.03 0.04053845779 0.01)
(0.035 0.04053845779 0.01)
(0.04 0.04053845779 0.01)
(0.045 0.04053845779 0.01)
(0.05 0.04053845779 0.01)
(0.055 0.04053845779 0.01)
(0.06 0.04053845779 0.01)
(0.065 0.04053845779 0.01)
(0.07 0.04053845779 0.01)
(0.075 0.04053845779 0.01)
(0.08 0.04053845779 0.01)
(0.085 0.04053845779 0.01)
(0.09 0.04053845779 0.01)
(0.095 0.04053845779 0.01)
(0.1 0.04053845779 0.01)
(0.105 0.04053845779 0.01)
(0.11 0.04053845779 0.01)
(0.115 0.04053845779 0.01)
(0.12 0.04053845779 0.01)
(0.125 0.04053845779 0.01)
(0.13 0.04053845779 0.01)
(0.135 0.04053845779 0.01)
(0.14 0.04053845779 0.01)
(0.145 0.04053845779 0.01)
(0.15 0.04053845779 0.01)
(0.155 0.04053845779 0.01)
(0.16 0.04053845779 0.01)
(0.165 0.04053845779 0.01)
(0.17 0.04053845779 0.01)
(0.175 0.04053845779 0.01)
(0.18 0.04053845779 0.01)
(0.185 0.04053845779 0.01)
(0.19 0.04053845779 0.01)
(0.195 0.04053845779 0.01)
(0.2 0.04053845779 0.01)
(0.205 0.04053845779 0.01)
(0.21 0.04053845779 0.01)
(0.215 0.04053845779 0.01)
(0.22 0.04053845779 0.01)
(0.225 0.04053845779 0.01)
(0.23 0.04053845779 0.01)
(0.235 0.04053845779 0.01)
(0.24 0.04053845779 0.01)
(0.245 0.04053845779 0.01)
(0.25 0.04053845779 0.01)
(0.255 0.04053845779 0.01)
(0.26 0.04053845779 0.01)
(0.265 0.04053845779 0.01)
(0.27 0.04053845779 0.01)
(0.275 0.04053845779 0.01)
(0.28 0.04053845779 0.01)
(0.285 0.04053845779 0.01)
(0.29 0.04053845779 0.01)
(0.295 0.04053845779 0.01)
(0.3 0.04053845779 0.01)
(0.305 0.04053845779 0.01)
(0.31 0.04053845779 0.01)
(0.315 0.04053845779 0.01)
(0.32 0.04053845779 0.01)
(0.325 0.04053845779 0.01)
(0.33 0.04053845779 0.01)
(0.335 0.04053845779 0.01)
(0.34 0.04053845779 0.01)
(0.345 0.04053845779 0.01)
(0.35 0.04053845779 0.01)
(0.355 0.04053845779 0.01)
(0.36 0.04053845779 0.01)
(0.365 0.04053845779 0.01)
(0.37 0.04053845779 0.01)
(0.375 0.04053845779 0.01)
(0.38 0.04053845779 0.01)
(0.385 0.04053845779 0.01)
(0.39 0.04053845779 0.01)
(0.395 0.04053845779 0.01)
(0.4 0.04053845779 0.01)
(0.405 0.04053845779 0.01)
(0.41 0.04053845779 0.01)
(0.415 0.04053845779 0.01)
(0.42 0.04053845779 0.01)
(0.425 0.04053845779 0.01)
(0.43 0.04053845779 0.01)
(0.435 0.04053845779 0.01)
(0.44 0.04053845779 0.01)
(0.445 0.04053845779 0.01)
(0.45 0.04053845779 0.01)
(0.455 0.04053845779 0.01)
(0.46 0.04053845779 0.01)
(0.465 0.04053845779 0.01)
(0.47 0.04053845779 0.01)
(0.475 0.04053845779 0.01)
(0.48 0.04053845779 0.01)
(0.485 0.04053845779 0.01)
(0.49 0.04053845779 0.01)
(0.495 0.04053845779 0.01)
(0.5 0.04053845779 0.01)
(0.505 0.04053845779 0.01)
(0.51 0.04053845779 0.01)
(0.515 0.04053845779 0.01)
(0.52 0.04053845779 0.01)
(0.525 0.04053845779 0.01)
(0.53 0.04053845779 0.01)
(0.535 0.04053845779 0.01)
(0.54 0.04053845779 0.01)
(0.545 0.04053845779 0.01)
(0.55 0.04053845779 0.01)
(0.555 0.04053845779 0.01)
(0.56 0.04053845779 0.01)
(0.565 0.04053845779 0.01)
(0.57 0.04053845779 0.01)
(0.575 0.04053845779 0.01)
(0.58 0.04053845779 0.01)
(0.585 0.04053845779 0.01)
(0.59 0.04053845779 0.01)
(0.595 0.04053845779 0.01)
(0.6 0.04053845779 0.01)
(0.605 0.04053845779 0.01)
(0.61 0.04053845779 0.01)
(0.615 0.04053845779 0.01)
(0.62 0.04053845779 0.01)
(0.625 0.04053845779 0.01)
(0.63 0.04053845779 0.01)
(0.635 0.04053845779 0.01)
(0.64 0.04053845779 0.01)
(0.645 0.04053845779 0.01)
(0.65 0.04053845779 0.01)
(0.655 0.04053845779 0.01)
(0.66 0.04053845779 0.01)
(0.665 0.04053845779 0.01)
(0.67 0.04053845779 0.01)
(0.675 0.04053845779 0.01)
(0.68 0.04053845779 0.01)
(0.685 0.04053845779 0.01)
(0.69 0.04053845779 0.01)
(0.695 0.04053845779 0.01)
(0.7 0.04053845779 0.01)
(0.705 0.04053845779 0.01)
(0.71 0.04053845779 0.01)
(0.715 0.04053845779 0.01)
(0.72 0.04053845779 0.01)
(0.725 0.04053845779 0.01)
(0.73 0.04053845779 0.01)
(0.735 0.04053845779 0.01)
(0.74 0.04053845779 0.01)
(0.745 0.04053845779 0.01)
(0.75 0.04053845779 0.01)
(0.755 0.04053845779 0.01)
(0.76 0.04053845779 0.01)
(0.765 0.04053845779 0.01)
(0.77 0.04053845779 0.01)
(0.775 0.04053845779 0.01)
(0.78 0.04053845779 0.01)
(0.785 0.04053845779 0.01)
(0.79 0.04053845779 0.01)
(0.795 0.04053845779 0.01)
(0.8 0.04053845779 0.01)
(0.805 0.04053845779 0.01)
(0.81 0.04053845779 0.01)
(0.815 0.04053845779 0.01)
(0.82 0.04053845779 0.01)
(0.825 0.04053845779 0.01)
(0.83 0.04053845779 0.01)
(0.835 0.04053845779 0.01)
(0.84 0.04053845779 0.01)
(0.845 0.04053845779 0.01)
(0.85 0.04053845779 0.01)
(0.855 0.04053845779 0.01)
(0.86 0.04053845779 0.01)
(0.865 0.04053845779 0.01)
(0.87 0.04053845779 0.01)
(0.875 0.04053845779 0.01)
(0.88 0.04053845779 0.01)
(0.885 0.04053845779 0.01)
(0.89 0.04053845779 0.01)
(0.895 0.04053845779 0.01)
(0.9 0.04053845779 0.01)
(0.905 0.04053845779 0.01)
(0.91 0.04053845779 0.01)
(0.915 0.04053845779 0.01)
(0.92 0.04053845779 0.01)
(0.925 0.04053845779 0.01)
(0.93 0.04053845779 0.01)
(0.935 0.04053845779 0.01)
(0.94 0.04053845779 0.01)
(0.945 0.04053845779 0.01)
(0.95 0.04053845779 0.01)
(0.955 0.04053845779 0.01)
(0.96 0.04053845779 0.01)
(0.965 0.04053845779 0.01)
(0.97 0.04053845779 0.01)
(0.975 0.04053845779 0.01)
(0.98 0.04053845779 0.01)
(0.985 0.04053845779 0.01)
(0.99 0.04053845779 0.01)
(0.995 0.04053845779 0.01)
(1 0.04053845779 0.01)
(0.005 0.04357900904 0.01)
(0.01 0.04357900904 0.01)
(0.015 0.04357900904 0.01)
(0.02 0.04357900904 0.01)
(0.025 0.04357900904 0.01)
(0.03 0.04357900904 0.01)
(0.035 0.04357900904 0.01)
(0.04 0.04357900904 0.01)
(0.045 0.04357900904 0.01)
(0.05 0.04357900904 0.01)
(0.055 0.04357900904 0.01)
(0.06 0.04357900904 0.01)
(0.065 0.04357900904 0.01)
(0.07 0.04357900904 0.01)
(0.075 0.04357900904 0.01)
(0.08 0.04357900904 0.01)
(0.085 0.04357900904 0.01)
(0.09 0.04357900904 0.01)
(0.095 0.04357900904 0.01)
(0.1 0.04357900904 0.01)
(0.105 0.04357900904 0.01)
(0.11 0.04357900904 0.01)
(0.115 0.04357900904 0.01)
(0.12 0.04357900904 0.01)
(0.125 0.04357900904 0.01)
(0.13 0.04357900904 0.01)
(0.135 0.04357900904 0.01)
(0.14 0.04357900904 0.01)
(0.145 0.04357900904 0.01)
(0.15 0.04357900904 0.01)
(0.155 0.04357900904 0.01)
(0.16 0.04357900904 0.01)
(0.165 0.04357900904 0.01)
(0.17 0.04357900904 0.01)
(0.175 0.04357900904 0.01)
(0.18 0.04357900904 0.01)
(0.185 0.04357900904 0.01)
(0.19 0.04357900904 0.01)
(0.195 0.04357900904 0.01)
(0.2 0.04357900904 0.01)
(0.205 0.04357900904 0.01)
(0.21 0.04357900904 0.01)
(0.215 0.04357900904 0.01)
(0.22 0.04357900904 0.01)
(0.225 0.04357900904 0.01)
(0.23 0.04357900904 0.01)
(0.235 0.04357900904 0.01)
(0.24 0.04357900904 0.01)
(0.245 0.04357900904 0.01)
(0.25 0.04357900904 0.01)
(0.255 0.04357900904 0.01)
(0.26 0.04357900904 0.01)
(0.265 0.04357900904 0.01)
(0.27 0.04357900904 0.01)
(0.275 0.04357900904 0.01)
(0.28 0.04357900904 0.01)
(0.285 0.04357900904 0.01)
(0.29 0.04357900904 0.01)
(0.295 0.04357900904 0.01)
(0.3 0.04357900904 0.01)
(0.305 0.04357900904 0.01)
(0.31 0.04357900904 0.01)
(0.315 0.04357900904 0.01)
(0.32 0.04357900904 0.01)
(0.325 0.04357900904 0.01)
(0.33 0.04357900904 0.01)
(0.335 0.04357900904 0.01)
(0.34 0.04357900904 0.01)
(0.345 0.04357900904 0.01)
(0.35 0.04357900904 0.01)
(0.355 0.04357900904 0.01)
(0.36 0.04357900904 0.01)
(0.365 0.04357900904 0.01)
(0.37 0.04357900904 0.01)
(0.375 0.04357900904 0.01)
(0.38 0.04357900904 0.01)
(0.385 0.04357900904 0.01)
(0.39 0.04357900904 0.01)
(0.395 0.04357900904 0.01)
(0.4 0.04357900904 0.01)
(0.405 0.04357900904 0.01)
(0.41 0.04357900904 0.01)
(0.415 0.04357900904 0.01)
(0.42 0.04357900904 0.01)
(0.425 0.04357900904 0.01)
(0.43 0.04357900904 0.01)
(0.435 0.04357900904 0.01)
(0.44 0.04357900904 0.01)
(0.445 0.04357900904 0.01)
(0.45 0.04357900904 0.01)
(0.455 0.04357900904 0.01)
(0.46 0.04357900904 0.01)
(0.465 0.04357900904 0.01)
(0.47 0.04357900904 0.01)
(0.475 0.04357900904 0.01)
(0.48 0.04357900904 0.01)
(0.485 0.04357900904 0.01)
(0.49 0.04357900904 0.01)
(0.495 0.04357900904 0.01)
(0.5 0.04357900904 0.01)
(0.505 0.04357900904 0.01)
(0.51 0.04357900904 0.01)
(0.515 0.04357900904 0.01)
(0.52 0.04357900904 0.01)
(0.525 0.04357900904 0.01)
(0.53 0.04357900904 0.01)
(0.535 0.04357900904 0.01)
(0.54 0.04357900904 0.01)
(0.545 0.04357900904 0.01)
(0.55 0.04357900904 0.01)
(0.555 0.04357900904 0.01)
(0.56 0.04357900904 0.01)
(0.565 0.04357900904 0.01)
(0.57 0.04357900904 0.01)
(0.575 0.04357900904 0.01)
(0.58 0.04357900904 0.01)
(0.585 0.04357900904 0.01)
(0.59 0.04357900904 0.01)
(0.595 0.04357900904 0.01)
(0.6 0.04357900904 0.01)
(0.605 0.04357900904 0.01)
(0.61 0.04357900904 0.01)
(0.615 0.04357900904 0.01)
(0.62 0.04357900904 0.01)
(0.625 0.04357900904 0.01)
(0.63 0.04357900904 0.01)
(0.635 0.04357900904 0.01)
(0.64 0.04357900904 0.01)
(0.645 0.04357900904 0.01)
(0.65 0.04357900904 0.01)
(0.655 0.04357900904 0.01)
(0.66 0.04357900904 0.01)
(0.665 0.04357900904 0.01)
(0.67 0.04357900904 0.01)
(0.675 0.04357900904 0.01)
(0.68 0.04357900904 0.01)
(0.685 0.04357900904 0.01)
(0.69 0.04357900904 0.01)
(0.695 0.04357900904 0.01)
(0.7 0.04357900904 0.01)
(0.705 0.04357900904 0.01)
(0.71 0.04357900904 0.01)
(0.715 0.04357900904 0.01)
(0.72 0.04357900904 0.01)
(0.725 0.04357900904 0.01)
(0.73 0.04357900904 0.01)
(0.735 0.04357900904 0.01)
(0.74 0.04357900904 0.01)
(0.745 0.04357900904 0.01)
(0.75 0.04357900904 0.01)
(0.755 0.04357900904 0.01)
(0.76 0.04357900904 0.01)
(0.765 0.04357900904 0.01)
(0.77 0.04357900904 0.01)
(0.775 0.04357900904 0.01)
(0.78 0.04357900904 0.01)
(0.785 0.04357900904 0.01)
(0.79 0.04357900904 0.01)
(0.795 0.04357900904 0.01)
(0.8 0.04357900904 0.01)
(0.805 0.04357900904 0.01)
(0.81 0.04357900904 0.01)
(0.815 0.04357900904 0.01)
(0.82 0.04357900904 0.01)
(0.825 0.04357900904 0.01)
(0.83 0.04357900904 0.01)
(0.835 0.04357900904 0.01)
(0.84 0.04357900904 0.01)
(0.845 0.04357900904 0.01)
(0.85 0.04357900904 0.01)
(0.855 0.04357900904 0.01)
(0.86 0.04357900904 0.01)
(0.865 0.04357900904 0.01)
(0.87 0.04357900904 0.01)
(0.875 0.04357900904 0.01)
(0.88 0.04357900904 0.01)
(0.885 0.04357900904 0.01)
(0.89 0.04357900904 0.01)
(0.895 0.04357900904 0.01)
(0.9 0.04357900904 0.01)
(0.905 0.04357900904 0.01)
(0.91 0.04357900904 0.01)
(0.915 0.04357900904 0.01)
(0.92 0.04357900904 0.01)
(0.925 0.04357900904 0.01)
(0.93 0.04357900904 0.01)
(0.935 0.04357900904 0.01)
(0.94 0.04357900904 0.01)
(0.945 0.04357900904 0.01)
(0.95 0.04357900904 0.01)
(0.955 0.04357900904 0.01)
(0.96 0.04357900904 0.01)
(0.965 0.04357900904 0.01)
(0.97 0.04357900904 0.01)
(0.975 0.04357900904 0.01)
(0.98 0.04357900904 0.01)
(0.985 0.04357900904 0.01)
(0.99 0.04357900904 0.01)
(0.995 0.04357900904 0.01)
(1 0.04357900904 0.01)
(0.005 0.04682799945 0.01)
(0.01 0.04682799945 0.01)
(0.015 0.04682799945 0.01)
(0.02 0.04682799945 0.01)
(0.025 0.04682799945 0.01)
(0.03 0.04682799945 0.01)
(0.035 0.04682799945 0.01)
(0.04 0.04682799945 0.01)
(0.045 0.04682799945 0.01)
(0.05 0.04682799945 0.01)
(0.055 0.04682799945 0.01)
(0.06 0.04682799945 0.01)
(0.065 0.04682799945 0.01)
(0.07 0.04682799945 0.01)
(0.075 0.04682799945 0.01)
(0.08 0.04682799945 0.01)
(0.085 0.04682799945 0.01)
(0.09 0.04682799945 0.01)
(0.095 0.04682799945 0.01)
(0.1 0.04682799945 0.01)
(0.105 0.04682799945 0.01)
(0.11 0.04682799945 0.01)
(0.115 0.04682799945 0.01)
(0.12 0.04682799945 0.01)
(0.125 0.04682799945 0.01)
(0.13 0.04682799945 0.01)
(0.135 0.04682799945 0.01)
(0.14 0.04682799945 0.01)
(0.145 0.04682799945 0.01)
(0.15 0.04682799945 0.01)
(0.155 0.04682799945 0.01)
(0.16 0.04682799945 0.01)
(0.165 0.04682799945 0.01)
(0.17 0.04682799945 0.01)
(0.175 0.04682799945 0.01)
(0.18 0.04682799945 0.01)
(0.185 0.04682799945 0.01)
(0.19 0.04682799945 0.01)
(0.195 0.04682799945 0.01)
(0.2 0.04682799945 0.01)
(0.205 0.04682799945 0.01)
(0.21 0.04682799945 0.01)
(0.215 0.04682799945 0.01)
(0.22 0.04682799945 0.01)
(0.225 0.04682799945 0.01)
(0.23 0.04682799945 0.01)
(0.235 0.04682799945 0.01)
(0.24 0.04682799945 0.01)
(0.245 0.04682799945 0.01)
(0.25 0.04682799945 0.01)
(0.255 0.04682799945 0.01)
(0.26 0.04682799945 0.01)
(0.265 0.04682799945 0.01)
(0.27 0.04682799945 0.01)
(0.275 0.04682799945 0.01)
(0.28 0.04682799945 0.01)
(0.285 0.04682799945 0.01)
(0.29 0.04682799945 0.01)
(0.295 0.04682799945 0.01)
(0.3 0.04682799945 0.01)
(0.305 0.04682799945 0.01)
(0.31 0.04682799945 0.01)
(0.315 0.04682799945 0.01)
(0.32 0.04682799945 0.01)
(0.325 0.04682799945 0.01)
(0.33 0.04682799945 0.01)
(0.335 0.04682799945 0.01)
(0.34 0.04682799945 0.01)
(0.345 0.04682799945 0.01)
(0.35 0.04682799945 0.01)
(0.355 0.04682799945 0.01)
(0.36 0.04682799945 0.01)
(0.365 0.04682799945 0.01)
(0.37 0.04682799945 0.01)
(0.375 0.04682799945 0.01)
(0.38 0.04682799945 0.01)
(0.385 0.04682799945 0.01)
(0.39 0.04682799945 0.01)
(0.395 0.04682799945 0.01)
(0.4 0.04682799945 0.01)
(0.405 0.04682799945 0.01)
(0.41 0.04682799945 0.01)
(0.415 0.04682799945 0.01)
(0.42 0.04682799945 0.01)
(0.425 0.04682799945 0.01)
(0.43 0.04682799945 0.01)
(0.435 0.04682799945 0.01)
(0.44 0.04682799945 0.01)
(0.445 0.04682799945 0.01)
(0.45 0.04682799945 0.01)
(0.455 0.04682799945 0.01)
(0.46 0.04682799945 0.01)
(0.465 0.04682799945 0.01)
(0.47 0.04682799945 0.01)
(0.475 0.04682799945 0.01)
(0.48 0.04682799945 0.01)
(0.485 0.04682799945 0.01)
(0.49 0.04682799945 0.01)
(0.495 0.04682799945 0.01)
(0.5 0.04682799945 0.01)
(0.505 0.04682799945 0.01)
(0.51 0.04682799945 0.01)
(0.515 0.04682799945 0.01)
(0.52 0.04682799945 0.01)
(0.525 0.04682799945 0.01)
(0.53 0.04682799945 0.01)
(0.535 0.04682799945 0.01)
(0.54 0.04682799945 0.01)
(0.545 0.04682799945 0.01)
(0.55 0.04682799945 0.01)
(0.555 0.04682799945 0.01)
(0.56 0.04682799945 0.01)
(0.565 0.04682799945 0.01)
(0.57 0.04682799945 0.01)
(0.575 0.04682799945 0.01)
(0.58 0.04682799945 0.01)
(0.585 0.04682799945 0.01)
(0.59 0.04682799945 0.01)
(0.595 0.04682799945 0.01)
(0.6 0.04682799945 0.01)
(0.605 0.04682799945 0.01)
(0.61 0.04682799945 0.01)
(0.615 0.04682799945 0.01)
(0.62 0.04682799945 0.01)
(0.625 0.04682799945 0.01)
(0.63 0.04682799945 0.01)
(0.635 0.04682799945 0.01)
(0.64 0.04682799945 0.01)
(0.645 0.04682799945 0.01)
(0.65 0.04682799945 0.01)
(0.655 0.04682799945 0.01)
(0.66 0.04682799945 0.01)
(0.665 0.04682799945 0.01)
(0.67 0.04682799945 0.01)
(0.675 0.04682799945 0.01)
(0.68 0.04682799945 0.01)
(0.685 0.04682799945 0.01)
(0.69 0.04682799945 0.01)
(0.695 0.04682799945 0.01)
(0.7 0.04682799945 0.01)
(0.705 0.04682799945 0.01)
(0.71 0.04682799945 0.01)
(0.715 0.04682799945 0.01)
(0.72 0.04682799945 0.01)
(0.725 0.04682799945 0.01)
(0.73 0.04682799945 0.01)
(0.735 0.04682799945 0.01)
(0.74 0.04682799945 0.01)
(0.745 0.04682799945 0.01)
(0.75 0.04682799945 0.01)
(0.755 0.04682799945 0.01)
(0.76 0.04682799945 0.01)
(0.765 0.04682799945 0.01)
(0.77 0.04682799945 0.01)
(0.775 0.04682799945 0.01)
(0.78 0.04682799945 0.01)
(0.785 0.04682799945 0.01)
(0.79 0.04682799945 0.01)
(0.795 0.04682799945 0.01)
(0.8 0.04682799945 0.01)
(0.805 0.04682799945 0.01)
(0.81 0.04682799945 0.01)
(0.815 0.04682799945 0.01)
(0.82 0.04682799945 0.01)
(0.825 0.04682799945 0.01)
(0.83 0.04682799945 0.01)
(0.835 0.04682799945 0.01)
(0.84 0.04682799945 0.01)
(0.845 0.04682799945 0.01)
(0.85 0.04682799945 0.01)
(0.855 0.04682799945 0.01)
(0.86 0.04682799945 0.01)
(0.865 0.04682799945 0.01)
(0.87 0.04682799945 0.01)
(0.875 0.04682799945 0.01)
(0.88 0.04682799945 0.01)
(0.885 0.04682799945 0.01)
(0.89 0.04682799945 0.01)
(0.895 0.04682799945 0.01)
(0.9 0.04682799945 0.01)
(0.905 0.04682799945 0.01)
(0.91 0.04682799945 0.01)
(0.915 0.04682799945 0.01)
(0.92 0.04682799945 0.01)
(0.925 0.04682799945 0.01)
(0.93 0.04682799945 0.01)
(0.935 0.04682799945 0.01)
(0.94 0.04682799945 0.01)
(0.945 0.04682799945 0.01)
(0.95 0.04682799945 0.01)
(0.955 0.04682799945 0.01)
(0.96 0.04682799945 0.01)
(0.965 0.04682799945 0.01)
(0.97 0.04682799945 0.01)
(0.975 0.04682799945 0.01)
(0.98 0.04682799945 0.01)
(0.985 0.04682799945 0.01)
(0.99 0.04682799945 0.01)
(0.995 0.04682799945 0.01)
(1 0.04682799945 0.01)
(0.005 0.05029971816 0.01)
(0.01 0.05029971816 0.01)
(0.015 0.05029971816 0.01)
(0.02 0.05029971816 0.01)
(0.025 0.05029971816 0.01)
(0.03 0.05029971816 0.01)
(0.035 0.05029971816 0.01)
(0.04 0.05029971816 0.01)
(0.045 0.05029971816 0.01)
(0.05 0.05029971816 0.01)
(0.055 0.05029971816 0.01)
(0.06 0.05029971816 0.01)
(0.065 0.05029971816 0.01)
(0.07 0.05029971816 0.01)
(0.075 0.05029971816 0.01)
(0.08 0.05029971816 0.01)
(0.085 0.05029971816 0.01)
(0.09 0.05029971816 0.01)
(0.095 0.05029971816 0.01)
(0.1 0.05029971816 0.01)
(0.105 0.05029971816 0.01)
(0.11 0.05029971816 0.01)
(0.115 0.05029971816 0.01)
(0.12 0.05029971816 0.01)
(0.125 0.05029971816 0.01)
(0.13 0.05029971816 0.01)
(0.135 0.05029971816 0.01)
(0.14 0.05029971816 0.01)
(0.145 0.05029971816 0.01)
(0.15 0.05029971816 0.01)
(0.155 0.05029971816 0.01)
(0.16 0.05029971816 0.01)
(0.165 0.05029971816 0.01)
(0.17 0.05029971816 0.01)
(0.175 0.05029971816 0.01)
(0.18 0.05029971816 0.01)
(0.185 0.05029971816 0.01)
(0.19 0.05029971816 0.01)
(0.195 0.05029971816 0.01)
(0.2 0.05029971816 0.01)
(0.205 0.05029971816 0.01)
(0.21 0.05029971816 0.01)
(0.215 0.05029971816 0.01)
(0.22 0.05029971816 0.01)
(0.225 0.05029971816 0.01)
(0.23 0.05029971816 0.01)
(0.235 0.05029971816 0.01)
(0.24 0.05029971816 0.01)
(0.245 0.05029971816 0.01)
(0.25 0.05029971816 0.01)
(0.255 0.05029971816 0.01)
(0.26 0.05029971816 0.01)
(0.265 0.05029971816 0.01)
(0.27 0.05029971816 0.01)
(0.275 0.05029971816 0.01)
(0.28 0.05029971816 0.01)
(0.285 0.05029971816 0.01)
(0.29 0.05029971816 0.01)
(0.295 0.05029971816 0.01)
(0.3 0.05029971816 0.01)
(0.305 0.05029971816 0.01)
(0.31 0.05029971816 0.01)
(0.315 0.05029971816 0.01)
(0.32 0.05029971816 0.01)
(0.325 0.05029971816 0.01)
(0.33 0.05029971816 0.01)
(0.335 0.05029971816 0.01)
(0.34 0.05029971816 0.01)
(0.345 0.05029971816 0.01)
(0.35 0.05029971816 0.01)
(0.355 0.05029971816 0.01)
(0.36 0.05029971816 0.01)
(0.365 0.05029971816 0.01)
(0.37 0.05029971816 0.01)
(0.375 0.05029971816 0.01)
(0.38 0.05029971816 0.01)
(0.385 0.05029971816 0.01)
(0.39 0.05029971816 0.01)
(0.395 0.05029971816 0.01)
(0.4 0.05029971816 0.01)
(0.405 0.05029971816 0.01)
(0.41 0.05029971816 0.01)
(0.415 0.05029971816 0.01)
(0.42 0.05029971816 0.01)
(0.425 0.05029971816 0.01)
(0.43 0.05029971816 0.01)
(0.435 0.05029971816 0.01)
(0.44 0.05029971816 0.01)
(0.445 0.05029971816 0.01)
(0.45 0.05029971816 0.01)
(0.455 0.05029971816 0.01)
(0.46 0.05029971816 0.01)
(0.465 0.05029971816 0.01)
(0.47 0.05029971816 0.01)
(0.475 0.05029971816 0.01)
(0.48 0.05029971816 0.01)
(0.485 0.05029971816 0.01)
(0.49 0.05029971816 0.01)
(0.495 0.05029971816 0.01)
(0.5 0.05029971816 0.01)
(0.505 0.05029971816 0.01)
(0.51 0.05029971816 0.01)
(0.515 0.05029971816 0.01)
(0.52 0.05029971816 0.01)
(0.525 0.05029971816 0.01)
(0.53 0.05029971816 0.01)
(0.535 0.05029971816 0.01)
(0.54 0.05029971816 0.01)
(0.545 0.05029971816 0.01)
(0.55 0.05029971816 0.01)
(0.555 0.05029971816 0.01)
(0.56 0.05029971816 0.01)
(0.565 0.05029971816 0.01)
(0.57 0.05029971816 0.01)
(0.575 0.05029971816 0.01)
(0.58 0.05029971816 0.01)
(0.585 0.05029971816 0.01)
(0.59 0.05029971816 0.01)
(0.595 0.05029971816 0.01)
(0.6 0.05029971816 0.01)
(0.605 0.05029971816 0.01)
(0.61 0.05029971816 0.01)
(0.615 0.05029971816 0.01)
(0.62 0.05029971816 0.01)
(0.625 0.05029971816 0.01)
(0.63 0.05029971816 0.01)
(0.635 0.05029971816 0.01)
(0.64 0.05029971816 0.01)
(0.645 0.05029971816 0.01)
(0.65 0.05029971816 0.01)
(0.655 0.05029971816 0.01)
(0.66 0.05029971816 0.01)
(0.665 0.05029971816 0.01)
(0.67 0.05029971816 0.01)
(0.675 0.05029971816 0.01)
(0.68 0.05029971816 0.01)
(0.685 0.05029971816 0.01)
(0.69 0.05029971816 0.01)
(0.695 0.05029971816 0.01)
(0.7 0.05029971816 0.01)
(0.705 0.05029971816 0.01)
(0.71 0.05029971816 0.01)
(0.715 0.05029971816 0.01)
(0.72 0.05029971816 0.01)
(0.725 0.05029971816 0.01)
(0.73 0.05029971816 0.01)
(0.735 0.05029971816 0.01)
(0.74 0.05029971816 0.01)
(0.745 0.05029971816 0.01)
(0.75 0.05029971816 0.01)
(0.755 0.05029971816 0.01)
(0.76 0.05029971816 0.01)
(0.765 0.05029971816 0.01)
(0.77 0.05029971816 0.01)
(0.775 0.05029971816 0.01)
(0.78 0.05029971816 0.01)
(0.785 0.05029971816 0.01)
(0.79 0.05029971816 0.01)
(0.795 0.05029971816 0.01)
(0.8 0.05029971816 0.01)
(0.805 0.05029971816 0.01)
(0.81 0.05029971816 0.01)
(0.815 0.05029971816 0.01)
(0.82 0.05029971816 0.01)
(0.825 0.05029971816 0.01)
(0.83 0.05029971816 0.01)
(0.835 0.05029971816 0.01)
(0.84 0.05029971816 0.01)
(0.845 0.05029971816 0.01)
(0.85 0.05029971816 0.01)
(0.855 0.05029971816 0.01)
(0.86 0.05029971816 0.01)
(0.865 0.05029971816 0.01)
(0.87 0.05029971816 0.01)
(0.875 0.05029971816 0.01)
(0.88 0.05029971816 0.01)
(0.885 0.05029971816 0.01)
(0.89 0.05029971816 0.01)
(0.895 0.05029971816 0.01)
(0.9 0.05029971816 0.01)
(0.905 0.05029971816 0.01)
(0.91 0.05029971816 0.01)
(0.915 0.05029971816 0.01)
(0.92 0.05029971816 0.01)
(0.925 0.05029971816 0.01)
(0.93 0.05029971816 0.01)
(0.935 0.05029971816 0.01)
(0.94 0.05029971816 0.01)
(0.945 0.05029971816 0.01)
(0.95 0.05029971816 0.01)
(0.955 0.05029971816 0.01)
(0.96 0.05029971816 0.01)
(0.965 0.05029971816 0.01)
(0.97 0.05029971816 0.01)
(0.975 0.05029971816 0.01)
(0.98 0.05029971816 0.01)
(0.985 0.05029971816 0.01)
(0.99 0.05029971816 0.01)
(0.995 0.05029971816 0.01)
(1 0.05029971816 0.01)
(0.005 0.0540094339 0.01)
(0.01 0.0540094339 0.01)
(0.015 0.0540094339 0.01)
(0.02 0.0540094339 0.01)
(0.025 0.0540094339 0.01)
(0.03 0.0540094339 0.01)
(0.035 0.0540094339 0.01)
(0.04 0.0540094339 0.01)
(0.045 0.0540094339 0.01)
(0.05 0.0540094339 0.01)
(0.055 0.0540094339 0.01)
(0.06 0.0540094339 0.01)
(0.065 0.0540094339 0.01)
(0.07 0.0540094339 0.01)
(0.075 0.0540094339 0.01)
(0.08 0.0540094339 0.01)
(0.085 0.0540094339 0.01)
(0.09 0.0540094339 0.01)
(0.095 0.0540094339 0.01)
(0.1 0.0540094339 0.01)
(0.105 0.0540094339 0.01)
(0.11 0.0540094339 0.01)
(0.115 0.0540094339 0.01)
(0.12 0.0540094339 0.01)
(0.125 0.0540094339 0.01)
(0.13 0.0540094339 0.01)
(0.135 0.0540094339 0.01)
(0.14 0.0540094339 0.01)
(0.145 0.0540094339 0.01)
(0.15 0.0540094339 0.01)
(0.155 0.0540094339 0.01)
(0.16 0.0540094339 0.01)
(0.165 0.0540094339 0.01)
(0.17 0.0540094339 0.01)
(0.175 0.0540094339 0.01)
(0.18 0.0540094339 0.01)
(0.185 0.0540094339 0.01)
(0.19 0.0540094339 0.01)
(0.195 0.0540094339 0.01)
(0.2 0.0540094339 0.01)
(0.205 0.0540094339 0.01)
(0.21 0.0540094339 0.01)
(0.215 0.0540094339 0.01)
(0.22 0.0540094339 0.01)
(0.225 0.0540094339 0.01)
(0.23 0.0540094339 0.01)
(0.235 0.0540094339 0.01)
(0.24 0.0540094339 0.01)
(0.245 0.0540094339 0.01)
(0.25 0.0540094339 0.01)
(0.255 0.0540094339 0.01)
(0.26 0.0540094339 0.01)
(0.265 0.0540094339 0.01)
(0.27 0.0540094339 0.01)
(0.275 0.0540094339 0.01)
(0.28 0.0540094339 0.01)
(0.285 0.0540094339 0.01)
(0.29 0.0540094339 0.01)
(0.295 0.0540094339 0.01)
(0.3 0.0540094339 0.01)
(0.305 0.0540094339 0.01)
(0.31 0.0540094339 0.01)
(0.315 0.0540094339 0.01)
(0.32 0.0540094339 0.01)
(0.325 0.0540094339 0.01)
(0.33 0.0540094339 0.01)
(0.335 0.0540094339 0.01)
(0.34 0.0540094339 0.01)
(0.345 0.0540094339 0.01)
(0.35 0.0540094339 0.01)
(0.355 0.0540094339 0.01)
(0.36 0.0540094339 0.01)
(0.365 0.0540094339 0.01)
(0.37 0.0540094339 0.01)
(0.375 0.0540094339 0.01)
(0.38 0.0540094339 0.01)
(0.385 0.0540094339 0.01)
(0.39 0.0540094339 0.01)
(0.395 0.0540094339 0.01)
(0.4 0.0540094339 0.01)
(0.405 0.0540094339 0.01)
(0.41 0.0540094339 0.01)
(0.415 0.0540094339 0.01)
(0.42 0.0540094339 0.01)
(0.425 0.0540094339 0.01)
(0.43 0.0540094339 0.01)
(0.435 0.0540094339 0.01)
(0.44 0.0540094339 0.01)
(0.445 0.0540094339 0.01)
(0.45 0.0540094339 0.01)
(0.455 0.0540094339 0.01)
(0.46 0.0540094339 0.01)
(0.465 0.0540094339 0.01)
(0.47 0.0540094339 0.01)
(0.475 0.0540094339 0.01)
(0.48 0.0540094339 0.01)
(0.485 0.0540094339 0.01)
(0.49 0.0540094339 0.01)
(0.495 0.0540094339 0.01)
(0.5 0.0540094339 0.01)
(0.505 0.0540094339 0.01)
(0.51 0.0540094339 0.01)
(0.515 0.0540094339 0.01)
(0.52 0.0540094339 0.01)
(0.525 0.0540094339 0.01)
(0.53 0.0540094339 0.01)
(0.535 0.0540094339 0.01)
(0.54 0.0540094339 0.01)
(0.545 0.0540094339 0.01)
(0.55 0.0540094339 0.01)
(0.555 0.0540094339 0.01)
(0.56 0.0540094339 0.01)
(0.565 0.0540094339 0.01)
(0.57 0.0540094339 0.01)
(0.575 0.0540094339 0.01)
(0.58 0.0540094339 0.01)
(0.585 0.0540094339 0.01)
(0.59 0.0540094339 0.01)
(0.595 0.0540094339 0.01)
(0.6 0.0540094339 0.01)
(0.605 0.0540094339 0.01)
(0.61 0.0540094339 0.01)
(0.615 0.0540094339 0.01)
(0.62 0.0540094339 0.01)
(0.625 0.0540094339 0.01)
(0.63 0.0540094339 0.01)
(0.635 0.0540094339 0.01)
(0.64 0.0540094339 0.01)
(0.645 0.0540094339 0.01)
(0.65 0.0540094339 0.01)
(0.655 0.0540094339 0.01)
(0.66 0.0540094339 0.01)
(0.665 0.0540094339 0.01)
(0.67 0.0540094339 0.01)
(0.675 0.0540094339 0.01)
(0.68 0.0540094339 0.01)
(0.685 0.0540094339 0.01)
(0.69 0.0540094339 0.01)
(0.695 0.0540094339 0.01)
(0.7 0.0540094339 0.01)
(0.705 0.0540094339 0.01)
(0.71 0.0540094339 0.01)
(0.715 0.0540094339 0.01)
(0.72 0.0540094339 0.01)
(0.725 0.0540094339 0.01)
(0.73 0.0540094339 0.01)
(0.735 0.0540094339 0.01)
(0.74 0.0540094339 0.01)
(0.745 0.0540094339 0.01)
(0.75 0.0540094339 0.01)
(0.755 0.0540094339 0.01)
(0.76 0.0540094339 0.01)
(0.765 0.0540094339 0.01)
(0.77 0.0540094339 0.01)
(0.775 0.0540094339 0.01)
(0.78 0.0540094339 0.01)
(0.785 0.0540094339 0.01)
(0.79 0.0540094339 0.01)
(0.795 0.0540094339 0.01)
(0.8 0.0540094339 0.01)
(0.805 0.0540094339 0.01)
(0.81 0.0540094339 0.01)
(0.815 0.0540094339 0.01)
(0.82 0.0540094339 0.01)
(0.825 0.0540094339 0.01)
(0.83 0.0540094339 0.01)
(0.835 0.0540094339 0.01)
(0.84 0.0540094339 0.01)
(0.845 0.0540094339 0.01)
(0.85 0.0540094339 0.01)
(0.855 0.0540094339 0.01)
(0.86 0.0540094339 0.01)
(0.865 0.0540094339 0.01)
(0.87 0.0540094339 0.01)
(0.875 0.0540094339 0.01)
(0.88 0.0540094339 0.01)
(0.885 0.0540094339 0.01)
(0.89 0.0540094339 0.01)
(0.895 0.0540094339 0.01)
(0.9 0.0540094339 0.01)
(0.905 0.0540094339 0.01)
(0.91 0.0540094339 0.01)
(0.915 0.0540094339 0.01)
(0.92 0.0540094339 0.01)
(0.925 0.0540094339 0.01)
(0.93 0.0540094339 0.01)
(0.935 0.0540094339 0.01)
(0.94 0.0540094339 0.01)
(0.945 0.0540094339 0.01)
(0.95 0.0540094339 0.01)
(0.955 0.0540094339 0.01)
(0.96 0.0540094339 0.01)
(0.965 0.0540094339 0.01)
(0.97 0.0540094339 0.01)
(0.975 0.0540094339 0.01)
(0.98 0.0540094339 0.01)
(0.985 0.0540094339 0.01)
(0.99 0.0540094339 0.01)
(0.995 0.0540094339 0.01)
(1 0.0540094339 0.01)
(0.005 0.0579734621 0.01)
(0.01 0.0579734621 0.01)
(0.015 0.0579734621 0.01)
(0.02 0.0579734621 0.01)
(0.025 0.0579734621 0.01)
(0.03 0.0579734621 0.01)
(0.035 0.0579734621 0.01)
(0.04 0.0579734621 0.01)
(0.045 0.0579734621 0.01)
(0.05 0.0579734621 0.01)
(0.055 0.0579734621 0.01)
(0.06 0.0579734621 0.01)
(0.065 0.0579734621 0.01)
(0.07 0.0579734621 0.01)
(0.075 0.0579734621 0.01)
(0.08 0.0579734621 0.01)
(0.085 0.0579734621 0.01)
(0.09 0.0579734621 0.01)
(0.095 0.0579734621 0.01)
(0.1 0.0579734621 0.01)
(0.105 0.0579734621 0.01)
(0.11 0.0579734621 0.01)
(0.115 0.0579734621 0.01)
(0.12 0.0579734621 0.01)
(0.125 0.0579734621 0.01)
(0.13 0.0579734621 0.01)
(0.135 0.0579734621 0.01)
(0.14 0.0579734621 0.01)
(0.145 0.0579734621 0.01)
(0.15 0.0579734621 0.01)
(0.155 0.0579734621 0.01)
(0.16 0.0579734621 0.01)
(0.165 0.0579734621 0.01)
(0.17 0.0579734621 0.01)
(0.175 0.0579734621 0.01)
(0.18 0.0579734621 0.01)
(0.185 0.0579734621 0.01)
(0.19 0.0579734621 0.01)
(0.195 0.0579734621 0.01)
(0.2 0.0579734621 0.01)
(0.205 0.0579734621 0.01)
(0.21 0.0579734621 0.01)
(0.215 0.0579734621 0.01)
(0.22 0.0579734621 0.01)
(0.225 0.0579734621 0.01)
(0.23 0.0579734621 0.01)
(0.235 0.0579734621 0.01)
(0.24 0.0579734621 0.01)
(0.245 0.0579734621 0.01)
(0.25 0.0579734621 0.01)
(0.255 0.0579734621 0.01)
(0.26 0.0579734621 0.01)
(0.265 0.0579734621 0.01)
(0.27 0.0579734621 0.01)
(0.275 0.0579734621 0.01)
(0.28 0.0579734621 0.01)
(0.285 0.0579734621 0.01)
(0.29 0.0579734621 0.01)
(0.295 0.0579734621 0.01)
(0.3 0.0579734621 0.01)
(0.305 0.0579734621 0.01)
(0.31 0.0579734621 0.01)
(0.315 0.0579734621 0.01)
(0.32 0.0579734621 0.01)
(0.325 0.0579734621 0.01)
(0.33 0.0579734621 0.01)
(0.335 0.0579734621 0.01)
(0.34 0.0579734621 0.01)
(0.345 0.0579734621 0.01)
(0.35 0.0579734621 0.01)
(0.355 0.0579734621 0.01)
(0.36 0.0579734621 0.01)
(0.365 0.0579734621 0.01)
(0.37 0.0579734621 0.01)
(0.375 0.0579734621 0.01)
(0.38 0.0579734621 0.01)
(0.385 0.0579734621 0.01)
(0.39 0.0579734621 0.01)
(0.395 0.0579734621 0.01)
(0.4 0.0579734621 0.01)
(0.405 0.0579734621 0.01)
(0.41 0.0579734621 0.01)
(0.415 0.0579734621 0.01)
(0.42 0.0579734621 0.01)
(0.425 0.0579734621 0.01)
(0.43 0.0579734621 0.01)
(0.435 0.0579734621 0.01)
(0.44 0.0579734621 0.01)
(0.445 0.0579734621 0.01)
(0.45 0.0579734621 0.01)
(0.455 0.0579734621 0.01)
(0.46 0.0579734621 0.01)
(0.465 0.0579734621 0.01)
(0.47 0.0579734621 0.01)
(0.475 0.0579734621 0.01)
(0.48 0.0579734621 0.01)
(0.485 0.0579734621 0.01)
(0.49 0.0579734621 0.01)
(0.495 0.0579734621 0.01)
(0.5 0.0579734621 0.01)
(0.505 0.0579734621 0.01)
(0.51 0.0579734621 0.01)
(0.515 0.0579734621 0.01)
(0.52 0.0579734621 0.01)
(0.525 0.0579734621 0.01)
(0.53 0.0579734621 0.01)
(0.535 0.0579734621 0.01)
(0.54 0.0579734621 0.01)
(0.545 0.0579734621 0.01)
(0.55 0.0579734621 0.01)
(0.555 0.0579734621 0.01)
(0.56 0.0579734621 0.01)
(0.565 0.0579734621 0.01)
(0.57 0.0579734621 0.01)
(0.575 0.0579734621 0.01)
(0.58 0.0579734621 0.01)
(0.585 0.0579734621 0.01)
(0.59 0.0579734621 0.01)
(0.595 0.0579734621 0.01)
(0.6 0.0579734621 0.01)
(0.605 0.0579734621 0.01)
(0.61 0.0579734621 0.01)
(0.615 0.0579734621 0.01)
(0.62 0.0579734621 0.01)
(0.625 0.0579734621 0.01)
(0.63 0.0579734621 0.01)
(0.635 0.0579734621 0.01)
(0.64 0.0579734621 0.01)
(0.645 0.0579734621 0.01)
(0.65 0.0579734621 0.01)
(0.655 0.0579734621 0.01)
(0.66 0.0579734621 0.01)
(0.665 0.0579734621 0.01)
(0.67 0.0579734621 0.01)
(0.675 0.0579734621 0.01)
(0.68 0.0579734621 0.01)
(0.685 0.0579734621 0.01)
(0.69 0.0579734621 0.01)
(0.695 0.0579734621 0.01)
(0.7 0.0579734621 0.01)
(0.705 0.0579734621 0.01)
(0.71 0.0579734621 0.01)
(0.715 0.0579734621 0.01)
(0.72 0.0579734621 0.01)
(0.725 0.0579734621 0.01)
(0.73 0.0579734621 0.01)
(0.735 0.0579734621 0.01)
(0.74 0.0579734621 0.01)
(0.745 0.0579734621 0.01)
(0.75 0.0579734621 0.01)
(0.755 0.0579734621 0.01)
(0.76 0.0579734621 0.01)
(0.765 0.0579734621 0.01)
(0.77 0.0579734621 0.01)
(0.775 0.0579734621 0.01)
(0.78 0.0579734621 0.01)
(0.785 0.0579734621 0.01)
(0.79 0.0579734621 0.01)
(0.795 0.0579734621 0.01)
(0.8 0.0579734621 0.01)
(0.805 0.0579734621 0.01)
(0.81 0.0579734621 0.01)
(0.815 0.0579734621 0.01)
(0.82 0.0579734621 0.01)
(0.825 0.0579734621 0.01)
(0.83 0.0579734621 0.01)
(0.835 0.0579734621 0.01)
(0.84 0.0579734621 0.01)
(0.845 0.0579734621 0.01)
(0.85 0.0579734621 0.01)
(0.855 0.0579734621 0.01)
(0.86 0.0579734621 0.01)
(0.865 0.0579734621 0.01)
(0.87 0.0579734621 0.01)
(0.875 0.0579734621 0.01)
(0.88 0.0579734621 0.01)
(0.885 0.0579734621 0.01)
(0.89 0.0579734621 0.01)
(0.895 0.0579734621 0.01)
(0.9 0.0579734621 0.01)
(0.905 0.0579734621 0.01)
(0.91 0.0579734621 0.01)
(0.915 0.0579734621 0.01)
(0.92 0.0579734621 0.01)
(0.925 0.0579734621 0.01)
(0.93 0.0579734621 0.01)
(0.935 0.0579734621 0.01)
(0.94 0.0579734621 0.01)
(0.945 0.0579734621 0.01)
(0.95 0.0579734621 0.01)
(0.955 0.0579734621 0.01)
(0.96 0.0579734621 0.01)
(0.965 0.0579734621 0.01)
(0.97 0.0579734621 0.01)
(0.975 0.0579734621 0.01)
(0.98 0.0579734621 0.01)
(0.985 0.0579734621 0.01)
(0.99 0.0579734621 0.01)
(0.995 0.0579734621 0.01)
(1 0.0579734621 0.01)
(0.005 0.06220923664 0.01)
(0.01 0.06220923664 0.01)
(0.015 0.06220923664 0.01)
(0.02 0.06220923664 0.01)
(0.025 0.06220923664 0.01)
(0.03 0.06220923664 0.01)
(0.035 0.06220923664 0.01)
(0.04 0.06220923664 0.01)
(0.045 0.06220923664 0.01)
(0.05 0.06220923664 0.01)
(0.055 0.06220923664 0.01)
(0.06 0.06220923664 0.01)
(0.065 0.06220923664 0.01)
(0.07 0.06220923664 0.01)
(0.075 0.06220923664 0.01)
(0.08 0.06220923664 0.01)
(0.085 0.06220923664 0.01)
(0.09 0.06220923664 0.01)
(0.095 0.06220923664 0.01)
(0.1 0.06220923664 0.01)
(0.105 0.06220923664 0.01)
(0.11 0.06220923664 0.01)
(0.115 0.06220923664 0.01)
(0.12 0.06220923664 0.01)
(0.125 0.06220923664 0.01)
(0.13 0.06220923664 0.01)
(0.135 0.06220923664 0.01)
(0.14 0.06220923664 0.01)
(0.145 0.06220923664 0.01)
(0.15 0.06220923664 0.01)
(0.155 0.06220923664 0.01)
(0.16 0.06220923664 0.01)
(0.165 0.06220923664 0.01)
(0.17 0.06220923664 0.01)
(0.175 0.06220923664 0.01)
(0.18 0.06220923664 0.01)
(0.185 0.06220923664 0.01)
(0.19 0.06220923664 0.01)
(0.195 0.06220923664 0.01)
(0.2 0.06220923664 0.01)
(0.205 0.06220923664 0.01)
(0.21 0.06220923664 0.01)
(0.215 0.06220923664 0.01)
(0.22 0.06220923664 0.01)
(0.225 0.06220923664 0.01)
(0.23 0.06220923664 0.01)
(0.235 0.06220923664 0.01)
(0.24 0.06220923664 0.01)
(0.245 0.06220923664 0.01)
(0.25 0.06220923664 0.01)
(0.255 0.06220923664 0.01)
(0.26 0.06220923664 0.01)
(0.265 0.06220923664 0.01)
(0.27 0.06220923664 0.01)
(0.275 0.06220923664 0.01)
(0.28 0.06220923664 0.01)
(0.285 0.06220923664 0.01)
(0.29 0.06220923664 0.01)
(0.295 0.06220923664 0.01)
(0.3 0.06220923664 0.01)
(0.305 0.06220923664 0.01)
(0.31 0.06220923664 0.01)
(0.315 0.06220923664 0.01)
(0.32 0.06220923664 0.01)
(0.325 0.06220923664 0.01)
(0.33 0.06220923664 0.01)
(0.335 0.06220923664 0.01)
(0.34 0.06220923664 0.01)
(0.345 0.06220923664 0.01)
(0.35 0.06220923664 0.01)
(0.355 0.06220923664 0.01)
(0.36 0.06220923664 0.01)
(0.365 0.06220923664 0.01)
(0.37 0.06220923664 0.01)
(0.375 0.06220923664 0.01)
(0.38 0.06220923664 0.01)
(0.385 0.06220923664 0.01)
(0.39 0.06220923664 0.01)
(0.395 0.06220923664 0.01)
(0.4 0.06220923664 0.01)
(0.405 0.06220923664 0.01)
(0.41 0.06220923664 0.01)
(0.415 0.06220923664 0.01)
(0.42 0.06220923664 0.01)
(0.425 0.06220923664 0.01)
(0.43 0.06220923664 0.01)
(0.435 0.06220923664 0.01)
(0.44 0.06220923664 0.01)
(0.445 0.06220923664 0.01)
(0.45 0.06220923664 0.01)
(0.455 0.06220923664 0.01)
(0.46 0.06220923664 0.01)
(0.465 0.06220923664 0.01)
(0.47 0.06220923664 0.01)
(0.475 0.06220923664 0.01)
(0.48 0.06220923664 0.01)
(0.485 0.06220923664 0.01)
(0.49 0.06220923664 0.01)
(0.495 0.06220923664 0.01)
(0.5 0.06220923664 0.01)
(0.505 0.06220923664 0.01)
(0.51 0.06220923664 0.01)
(0.515 0.06220923664 0.01)
(0.52 0.06220923664 0.01)
(0.525 0.06220923664 0.01)
(0.53 0.06220923664 0.01)
(0.535 0.06220923664 0.01)
(0.54 0.06220923664 0.01)
(0.545 0.06220923664 0.01)
(0.55 0.06220923664 0.01)
(0.555 0.06220923664 0.01)
(0.56 0.06220923664 0.01)
(0.565 0.06220923664 0.01)
(0.57 0.06220923664 0.01)
(0.575 0.06220923664 0.01)
(0.58 0.06220923664 0.01)
(0.585 0.06220923664 0.01)
(0.59 0.06220923664 0.01)
(0.595 0.06220923664 0.01)
(0.6 0.06220923664 0.01)
(0.605 0.06220923664 0.01)
(0.61 0.06220923664 0.01)
(0.615 0.06220923664 0.01)
(0.62 0.06220923664 0.01)
(0.625 0.06220923664 0.01)
(0.63 0.06220923664 0.01)
(0.635 0.06220923664 0.01)
(0.64 0.06220923664 0.01)
(0.645 0.06220923664 0.01)
(0.65 0.06220923664 0.01)
(0.655 0.06220923664 0.01)
(0.66 0.06220923664 0.01)
(0.665 0.06220923664 0.01)
(0.67 0.06220923664 0.01)
(0.675 0.06220923664 0.01)
(0.68 0.06220923664 0.01)
(0.685 0.06220923664 0.01)
(0.69 0.06220923664 0.01)
(0.695 0.06220923664 0.01)
(0.7 0.06220923664 0.01)
(0.705 0.06220923664 0.01)
(0.71 0.06220923664 0.01)
(0.715 0.06220923664 0.01)
(0.72 0.06220923664 0.01)
(0.725 0.06220923664 0.01)
(0.73 0.06220923664 0.01)
(0.735 0.06220923664 0.01)
(0.74 0.06220923664 0.01)
(0.745 0.06220923664 0.01)
(0.75 0.06220923664 0.01)
(0.755 0.06220923664 0.01)
(0.76 0.06220923664 0.01)
(0.765 0.06220923664 0.01)
(0.77 0.06220923664 0.01)
(0.775 0.06220923664 0.01)
(0.78 0.06220923664 0.01)
(0.785 0.06220923664 0.01)
(0.79 0.06220923664 0.01)
(0.795 0.06220923664 0.01)
(0.8 0.06220923664 0.01)
(0.805 0.06220923664 0.01)
(0.81 0.06220923664 0.01)
(0.815 0.06220923664 0.01)
(0.82 0.06220923664 0.01)
(0.825 0.06220923664 0.01)
(0.83 0.06220923664 0.01)
(0.835 0.06220923664 0.01)
(0.84 0.06220923664 0.01)
(0.845 0.06220923664 0.01)
(0.85 0.06220923664 0.01)
(0.855 0.06220923664 0.01)
(0.86 0.06220923664 0.01)
(0.865 0.06220923664 0.01)
(0.87 0.06220923664 0.01)
(0.875 0.06220923664 0.01)
(0.88 0.06220923664 0.01)
(0.885 0.06220923664 0.01)
(0.89 0.06220923664 0.01)
(0.895 0.06220923664 0.01)
(0.9 0.06220923664 0.01)
(0.905 0.06220923664 0.01)
(0.91 0.06220923664 0.01)
(0.915 0.06220923664 0.01)
(0.92 0.06220923664 0.01)
(0.925 0.06220923664 0.01)
(0.93 0.06220923664 0.01)
(0.935 0.06220923664 0.01)
(0.94 0.06220923664 0.01)
(0.945 0.06220923664 0.01)
(0.95 0.06220923664 0.01)
(0.955 0.06220923664 0.01)
(0.96 0.06220923664 0.01)
(0.965 0.06220923664 0.01)
(0.97 0.06220923664 0.01)
(0.975 0.06220923664 0.01)
(0.98 0.06220923664 0.01)
(0.985 0.06220923664 0.01)
(0.99 0.06220923664 0.01)
(0.995 0.06220923664 0.01)
(1 0.06220923664 0.01)
(0.005 0.06673538659 0.01)
(0.01 0.06673538659 0.01)
(0.015 0.06673538659 0.01)
(0.02 0.06673538659 0.01)
(0.025 0.06673538659 0.01)
(0.03 0.06673538659 0.01)
(0.035 0.06673538659 0.01)
(0.04 0.06673538659 0.01)
(0.045 0.06673538659 0.01)
(0.05 0.06673538659 0.01)
(0.055 0.06673538659 0.01)
(0.06 0.06673538659 0.01)
(0.065 0.06673538659 0.01)
(0.07 0.06673538659 0.01)
(0.075 0.06673538659 0.01)
(0.08 0.06673538659 0.01)
(0.085 0.06673538659 0.01)
(0.09 0.06673538659 0.01)
(0.095 0.06673538659 0.01)
(0.1 0.06673538659 0.01)
(0.105 0.06673538659 0.01)
(0.11 0.06673538659 0.01)
(0.115 0.06673538659 0.01)
(0.12 0.06673538659 0.01)
(0.125 0.06673538659 0.01)
(0.13 0.06673538659 0.01)
(0.135 0.06673538659 0.01)
(0.14 0.06673538659 0.01)
(0.145 0.06673538659 0.01)
(0.15 0.06673538659 0.01)
(0.155 0.06673538659 0.01)
(0.16 0.06673538659 0.01)
(0.165 0.06673538659 0.01)
(0.17 0.06673538659 0.01)
(0.175 0.06673538659 0.01)
(0.18 0.06673538659 0.01)
(0.185 0.06673538659 0.01)
(0.19 0.06673538659 0.01)
(0.195 0.06673538659 0.01)
(0.2 0.06673538659 0.01)
(0.205 0.06673538659 0.01)
(0.21 0.06673538659 0.01)
(0.215 0.06673538659 0.01)
(0.22 0.06673538659 0.01)
(0.225 0.06673538659 0.01)
(0.23 0.06673538659 0.01)
(0.235 0.06673538659 0.01)
(0.24 0.06673538659 0.01)
(0.245 0.06673538659 0.01)
(0.25 0.06673538659 0.01)
(0.255 0.06673538659 0.01)
(0.26 0.06673538659 0.01)
(0.265 0.06673538659 0.01)
(0.27 0.06673538659 0.01)
(0.275 0.06673538659 0.01)
(0.28 0.06673538659 0.01)
(0.285 0.06673538659 0.01)
(0.29 0.06673538659 0.01)
(0.295 0.06673538659 0.01)
(0.3 0.06673538659 0.01)
(0.305 0.06673538659 0.01)
(0.31 0.06673538659 0.01)
(0.315 0.06673538659 0.01)
(0.32 0.06673538659 0.01)
(0.325 0.06673538659 0.01)
(0.33 0.06673538659 0.01)
(0.335 0.06673538659 0.01)
(0.34 0.06673538659 0.01)
(0.345 0.06673538659 0.01)
(0.35 0.06673538659 0.01)
(0.355 0.06673538659 0.01)
(0.36 0.06673538659 0.01)
(0.365 0.06673538659 0.01)
(0.37 0.06673538659 0.01)
(0.375 0.06673538659 0.01)
(0.38 0.06673538659 0.01)
(0.385 0.06673538659 0.01)
(0.39 0.06673538659 0.01)
(0.395 0.06673538659 0.01)
(0.4 0.06673538659 0.01)
(0.405 0.06673538659 0.01)
(0.41 0.06673538659 0.01)
(0.415 0.06673538659 0.01)
(0.42 0.06673538659 0.01)
(0.425 0.06673538659 0.01)
(0.43 0.06673538659 0.01)
(0.435 0.06673538659 0.01)
(0.44 0.06673538659 0.01)
(0.445 0.06673538659 0.01)
(0.45 0.06673538659 0.01)
(0.455 0.06673538659 0.01)
(0.46 0.06673538659 0.01)
(0.465 0.06673538659 0.01)
(0.47 0.06673538659 0.01)
(0.475 0.06673538659 0.01)
(0.48 0.06673538659 0.01)
(0.485 0.06673538659 0.01)
(0.49 0.06673538659 0.01)
(0.495 0.06673538659 0.01)
(0.5 0.06673538659 0.01)
(0.505 0.06673538659 0.01)
(0.51 0.06673538659 0.01)
(0.515 0.06673538659 0.01)
(0.52 0.06673538659 0.01)
(0.525 0.06673538659 0.01)
(0.53 0.06673538659 0.01)
(0.535 0.06673538659 0.01)
(0.54 0.06673538659 0.01)
(0.545 0.06673538659 0.01)
(0.55 0.06673538659 0.01)
(0.555 0.06673538659 0.01)
(0.56 0.06673538659 0.01)
(0.565 0.06673538659 0.01)
(0.57 0.06673538659 0.01)
(0.575 0.06673538659 0.01)
(0.58 0.06673538659 0.01)
(0.585 0.06673538659 0.01)
(0.59 0.06673538659 0.01)
(0.595 0.06673538659 0.01)
(0.6 0.06673538659 0.01)
(0.605 0.06673538659 0.01)
(0.61 0.06673538659 0.01)
(0.615 0.06673538659 0.01)
(0.62 0.06673538659 0.01)
(0.625 0.06673538659 0.01)
(0.63 0.06673538659 0.01)
(0.635 0.06673538659 0.01)
(0.64 0.06673538659 0.01)
(0.645 0.06673538659 0.01)
(0.65 0.06673538659 0.01)
(0.655 0.06673538659 0.01)
(0.66 0.06673538659 0.01)
(0.665 0.06673538659 0.01)
(0.67 0.06673538659 0.01)
(0.675 0.06673538659 0.01)
(0.68 0.06673538659 0.01)
(0.685 0.06673538659 0.01)
(0.69 0.06673538659 0.01)
(0.695 0.06673538659 0.01)
(0.7 0.06673538659 0.01)
(0.705 0.06673538659 0.01)
(0.71 0.06673538659 0.01)
(0.715 0.06673538659 0.01)
(0.72 0.06673538659 0.01)
(0.725 0.06673538659 0.01)
(0.73 0.06673538659 0.01)
(0.735 0.06673538659 0.01)
(0.74 0.06673538659 0.01)
(0.745 0.06673538659 0.01)
(0.75 0.06673538659 0.01)
(0.755 0.06673538659 0.01)
(0.76 0.06673538659 0.01)
(0.765 0.06673538659 0.01)
(0.77 0.06673538659 0.01)
(0.775 0.06673538659 0.01)
(0.78 0.06673538659 0.01)
(0.785 0.06673538659 0.01)
(0.79 0.06673538659 0.01)
(0.795 0.06673538659 0.01)
(0.8 0.06673538659 0.01)
(0.805 0.06673538659 0.01)
(0.81 0.06673538659 0.01)
(0.815 0.06673538659 0.01)
(0.82 0.06673538659 0.01)
(0.825 0.06673538659 0.01)
(0.83 0.06673538659 0.01)
(0.835 0.06673538659 0.01)
(0.84 0.06673538659 0.01)
(0.845 0.06673538659 0.01)
(0.85 0.06673538659 0.01)
(0.855 0.06673538659 0.01)
(0.86 0.06673538659 0.01)
(0.865 0.06673538659 0.01)
(0.87 0.06673538659 0.01)
(0.875 0.06673538659 0.01)
(0.88 0.06673538659 0.01)
(0.885 0.06673538659 0.01)
(0.89 0.06673538659 0.01)
(0.895 0.06673538659 0.01)
(0.9 0.06673538659 0.01)
(0.905 0.06673538659 0.01)
(0.91 0.06673538659 0.01)
(0.915 0.06673538659 0.01)
(0.92 0.06673538659 0.01)
(0.925 0.06673538659 0.01)
(0.93 0.06673538659 0.01)
(0.935 0.06673538659 0.01)
(0.94 0.06673538659 0.01)
(0.945 0.06673538659 0.01)
(0.95 0.06673538659 0.01)
(0.955 0.06673538659 0.01)
(0.96 0.06673538659 0.01)
(0.965 0.06673538659 0.01)
(0.97 0.06673538659 0.01)
(0.975 0.06673538659 0.01)
(0.98 0.06673538659 0.01)
(0.985 0.06673538659 0.01)
(0.99 0.06673538659 0.01)
(0.995 0.06673538659 0.01)
(1 0.06673538659 0.01)
(0.005 0.07157181808 0.01)
(0.01 0.07157181808 0.01)
(0.015 0.07157181808 0.01)
(0.02 0.07157181808 0.01)
(0.025 0.07157181808 0.01)
(0.03 0.07157181808 0.01)
(0.035 0.07157181808 0.01)
(0.04 0.07157181808 0.01)
(0.045 0.07157181808 0.01)
(0.05 0.07157181808 0.01)
(0.055 0.07157181808 0.01)
(0.06 0.07157181808 0.01)
(0.065 0.07157181808 0.01)
(0.07 0.07157181808 0.01)
(0.075 0.07157181808 0.01)
(0.08 0.07157181808 0.01)
(0.085 0.07157181808 0.01)
(0.09 0.07157181808 0.01)
(0.095 0.07157181808 0.01)
(0.1 0.07157181808 0.01)
(0.105 0.07157181808 0.01)
(0.11 0.07157181808 0.01)
(0.115 0.07157181808 0.01)
(0.12 0.07157181808 0.01)
(0.125 0.07157181808 0.01)
(0.13 0.07157181808 0.01)
(0.135 0.07157181808 0.01)
(0.14 0.07157181808 0.01)
(0.145 0.07157181808 0.01)
(0.15 0.07157181808 0.01)
(0.155 0.07157181808 0.01)
(0.16 0.07157181808 0.01)
(0.165 0.07157181808 0.01)
(0.17 0.07157181808 0.01)
(0.175 0.07157181808 0.01)
(0.18 0.07157181808 0.01)
(0.185 0.07157181808 0.01)
(0.19 0.07157181808 0.01)
(0.195 0.07157181808 0.01)
(0.2 0.07157181808 0.01)
(0.205 0.07157181808 0.01)
(0.21 0.07157181808 0.01)
(0.215 0.07157181808 0.01)
(0.22 0.07157181808 0.01)
(0.225 0.07157181808 0.01)
(0.23 0.07157181808 0.01)
(0.235 0.07157181808 0.01)
(0.24 0.07157181808 0.01)
(0.245 0.07157181808 0.01)
(0.25 0.07157181808 0.01)
(0.255 0.07157181808 0.01)
(0.26 0.07157181808 0.01)
(0.265 0.07157181808 0.01)
(0.27 0.07157181808 0.01)
(0.275 0.07157181808 0.01)
(0.28 0.07157181808 0.01)
(0.285 0.07157181808 0.01)
(0.29 0.07157181808 0.01)
(0.295 0.07157181808 0.01)
(0.3 0.07157181808 0.01)
(0.305 0.07157181808 0.01)
(0.31 0.07157181808 0.01)
(0.315 0.07157181808 0.01)
(0.32 0.07157181808 0.01)
(0.325 0.07157181808 0.01)
(0.33 0.07157181808 0.01)
(0.335 0.07157181808 0.01)
(0.34 0.07157181808 0.01)
(0.345 0.07157181808 0.01)
(0.35 0.07157181808 0.01)
(0.355 0.07157181808 0.01)
(0.36 0.07157181808 0.01)
(0.365 0.07157181808 0.01)
(0.37 0.07157181808 0.01)
(0.375 0.07157181808 0.01)
(0.38 0.07157181808 0.01)
(0.385 0.07157181808 0.01)
(0.39 0.07157181808 0.01)
(0.395 0.07157181808 0.01)
(0.4 0.07157181808 0.01)
(0.405 0.07157181808 0.01)
(0.41 0.07157181808 0.01)
(0.415 0.07157181808 0.01)
(0.42 0.07157181808 0.01)
(0.425 0.07157181808 0.01)
(0.43 0.07157181808 0.01)
(0.435 0.07157181808 0.01)
(0.44 0.07157181808 0.01)
(0.445 0.07157181808 0.01)
(0.45 0.07157181808 0.01)
(0.455 0.07157181808 0.01)
(0.46 0.07157181808 0.01)
(0.465 0.07157181808 0.01)
(0.47 0.07157181808 0.01)
(0.475 0.07157181808 0.01)
(0.48 0.07157181808 0.01)
(0.485 0.07157181808 0.01)
(0.49 0.07157181808 0.01)
(0.495 0.07157181808 0.01)
(0.5 0.07157181808 0.01)
(0.505 0.07157181808 0.01)
(0.51 0.07157181808 0.01)
(0.515 0.07157181808 0.01)
(0.52 0.07157181808 0.01)
(0.525 0.07157181808 0.01)
(0.53 0.07157181808 0.01)
(0.535 0.07157181808 0.01)
(0.54 0.07157181808 0.01)
(0.545 0.07157181808 0.01)
(0.55 0.07157181808 0.01)
(0.555 0.07157181808 0.01)
(0.56 0.07157181808 0.01)
(0.565 0.07157181808 0.01)
(0.57 0.07157181808 0.01)
(0.575 0.07157181808 0.01)
(0.58 0.07157181808 0.01)
(0.585 0.07157181808 0.01)
(0.59 0.07157181808 0.01)
(0.595 0.07157181808 0.01)
(0.6 0.07157181808 0.01)
(0.605 0.07157181808 0.01)
(0.61 0.07157181808 0.01)
(0.615 0.07157181808 0.01)
(0.62 0.07157181808 0.01)
(0.625 0.07157181808 0.01)
(0.63 0.07157181808 0.01)
(0.635 0.07157181808 0.01)
(0.64 0.07157181808 0.01)
(0.645 0.07157181808 0.01)
(0.65 0.07157181808 0.01)
(0.655 0.07157181808 0.01)
(0.66 0.07157181808 0.01)
(0.665 0.07157181808 0.01)
(0.67 0.07157181808 0.01)
(0.675 0.07157181808 0.01)
(0.68 0.07157181808 0.01)
(0.685 0.07157181808 0.01)
(0.69 0.07157181808 0.01)
(0.695 0.07157181808 0.01)
(0.7 0.07157181808 0.01)
(0.705 0.07157181808 0.01)
(0.71 0.07157181808 0.01)
(0.715 0.07157181808 0.01)
(0.72 0.07157181808 0.01)
(0.725 0.07157181808 0.01)
(0.73 0.07157181808 0.01)
(0.735 0.07157181808 0.01)
(0.74 0.07157181808 0.01)
(0.745 0.07157181808 0.01)
(0.75 0.07157181808 0.01)
(0.755 0.07157181808 0.01)
(0.76 0.07157181808 0.01)
(0.765 0.07157181808 0.01)
(0.77 0.07157181808 0.01)
(0.775 0.07157181808 0.01)
(0.78 0.07157181808 0.01)
(0.785 0.07157181808 0.01)
(0.79 0.07157181808 0.01)
(0.795 0.07157181808 0.01)
(0.8 0.07157181808 0.01)
(0.805 0.07157181808 0.01)
(0.81 0.07157181808 0.01)
(0.815 0.07157181808 0.01)
(0.82 0.07157181808 0.01)
(0.825 0.07157181808 0.01)
(0.83 0.07157181808 0.01)
(0.835 0.07157181808 0.01)
(0.84 0.07157181808 0.01)
(0.845 0.07157181808 0.01)
(0.85 0.07157181808 0.01)
(0.855 0.07157181808 0.01)
(0.86 0.07157181808 0.01)
(0.865 0.07157181808 0.01)
(0.87 0.07157181808 0.01)
(0.875 0.07157181808 0.01)
(0.88 0.07157181808 0.01)
(0.885 0.07157181808 0.01)
(0.89 0.07157181808 0.01)
(0.895 0.07157181808 0.01)
(0.9 0.07157181808 0.01)
(0.905 0.07157181808 0.01)
(0.91 0.07157181808 0.01)
(0.915 0.07157181808 0.01)
(0.92 0.07157181808 0.01)
(0.925 0.07157181808 0.01)
(0.93 0.07157181808 0.01)
(0.935 0.07157181808 0.01)
(0.94 0.07157181808 0.01)
(0.945 0.07157181808 0.01)
(0.95 0.07157181808 0.01)
(0.955 0.07157181808 0.01)
(0.96 0.07157181808 0.01)
(0.965 0.07157181808 0.01)
(0.97 0.07157181808 0.01)
(0.975 0.07157181808 0.01)
(0.98 0.07157181808 0.01)
(0.985 0.07157181808 0.01)
(0.99 0.07157181808 0.01)
(0.995 0.07157181808 0.01)
(1 0.07157181808 0.01)
(0.005 0.07673980185 0.01)
(0.01 0.07673980185 0.01)
(0.015 0.07673980185 0.01)
(0.02 0.07673980185 0.01)
(0.025 0.07673980185 0.01)
(0.03 0.07673980185 0.01)
(0.035 0.07673980185 0.01)
(0.04 0.07673980185 0.01)
(0.045 0.07673980185 0.01)
(0.05 0.07673980185 0.01)
(0.055 0.07673980185 0.01)
(0.06 0.07673980185 0.01)
(0.065 0.07673980185 0.01)
(0.07 0.07673980185 0.01)
(0.075 0.07673980185 0.01)
(0.08 0.07673980185 0.01)
(0.085 0.07673980185 0.01)
(0.09 0.07673980185 0.01)
(0.095 0.07673980185 0.01)
(0.1 0.07673980185 0.01)
(0.105 0.07673980185 0.01)
(0.11 0.07673980185 0.01)
(0.115 0.07673980185 0.01)
(0.12 0.07673980185 0.01)
(0.125 0.07673980185 0.01)
(0.13 0.07673980185 0.01)
(0.135 0.07673980185 0.01)
(0.14 0.07673980185 0.01)
(0.145 0.07673980185 0.01)
(0.15 0.07673980185 0.01)
(0.155 0.07673980185 0.01)
(0.16 0.07673980185 0.01)
(0.165 0.07673980185 0.01)
(0.17 0.07673980185 0.01)
(0.175 0.07673980185 0.01)
(0.18 0.07673980185 0.01)
(0.185 0.07673980185 0.01)
(0.19 0.07673980185 0.01)
(0.195 0.07673980185 0.01)
(0.2 0.07673980185 0.01)
(0.205 0.07673980185 0.01)
(0.21 0.07673980185 0.01)
(0.215 0.07673980185 0.01)
(0.22 0.07673980185 0.01)
(0.225 0.07673980185 0.01)
(0.23 0.07673980185 0.01)
(0.235 0.07673980185 0.01)
(0.24 0.07673980185 0.01)
(0.245 0.07673980185 0.01)
(0.25 0.07673980185 0.01)
(0.255 0.07673980185 0.01)
(0.26 0.07673980185 0.01)
(0.265 0.07673980185 0.01)
(0.27 0.07673980185 0.01)
(0.275 0.07673980185 0.01)
(0.28 0.07673980185 0.01)
(0.285 0.07673980185 0.01)
(0.29 0.07673980185 0.01)
(0.295 0.07673980185 0.01)
(0.3 0.07673980185 0.01)
(0.305 0.07673980185 0.01)
(0.31 0.07673980185 0.01)
(0.315 0.07673980185 0.01)
(0.32 0.07673980185 0.01)
(0.325 0.07673980185 0.01)
(0.33 0.07673980185 0.01)
(0.335 0.07673980185 0.01)
(0.34 0.07673980185 0.01)
(0.345 0.07673980185 0.01)
(0.35 0.07673980185 0.01)
(0.355 0.07673980185 0.01)
(0.36 0.07673980185 0.01)
(0.365 0.07673980185 0.01)
(0.37 0.07673980185 0.01)
(0.375 0.07673980185 0.01)
(0.38 0.07673980185 0.01)
(0.385 0.07673980185 0.01)
(0.39 0.07673980185 0.01)
(0.395 0.07673980185 0.01)
(0.4 0.07673980185 0.01)
(0.405 0.07673980185 0.01)
(0.41 0.07673980185 0.01)
(0.415 0.07673980185 0.01)
(0.42 0.07673980185 0.01)
(0.425 0.07673980185 0.01)
(0.43 0.07673980185 0.01)
(0.435 0.07673980185 0.01)
(0.44 0.07673980185 0.01)
(0.445 0.07673980185 0.01)
(0.45 0.07673980185 0.01)
(0.455 0.07673980185 0.01)
(0.46 0.07673980185 0.01)
(0.465 0.07673980185 0.01)
(0.47 0.07673980185 0.01)
(0.475 0.07673980185 0.01)
(0.48 0.07673980185 0.01)
(0.485 0.07673980185 0.01)
(0.49 0.07673980185 0.01)
(0.495 0.07673980185 0.01)
(0.5 0.07673980185 0.01)
(0.505 0.07673980185 0.01)
(0.51 0.07673980185 0.01)
(0.515 0.07673980185 0.01)
(0.52 0.07673980185 0.01)
(0.525 0.07673980185 0.01)
(0.53 0.07673980185 0.01)
(0.535 0.07673980185 0.01)
(0.54 0.07673980185 0.01)
(0.545 0.07673980185 0.01)
(0.55 0.07673980185 0.01)
(0.555 0.07673980185 0.01)
(0.56 0.07673980185 0.01)
(0.565 0.07673980185 0.01)
(0.57 0.07673980185 0.01)
(0.575 0.07673980185 0.01)
(0.58 0.07673980185 0.01)
(0.585 0.07673980185 0.01)
(0.59 0.07673980185 0.01)
(0.595 0.07673980185 0.01)
(0.6 0.07673980185 0.01)
(0.605 0.07673980185 0.01)
(0.61 0.07673980185 0.01)
(0.615 0.07673980185 0.01)
(0.62 0.07673980185 0.01)
(0.625 0.07673980185 0.01)
(0.63 0.07673980185 0.01)
(0.635 0.07673980185 0.01)
(0.64 0.07673980185 0.01)
(0.645 0.07673980185 0.01)
(0.65 0.07673980185 0.01)
(0.655 0.07673980185 0.01)
(0.66 0.07673980185 0.01)
(0.665 0.07673980185 0.01)
(0.67 0.07673980185 0.01)
(0.675 0.07673980185 0.01)
(0.68 0.07673980185 0.01)
(0.685 0.07673980185 0.01)
(0.69 0.07673980185 0.01)
(0.695 0.07673980185 0.01)
(0.7 0.07673980185 0.01)
(0.705 0.07673980185 0.01)
(0.71 0.07673980185 0.01)
(0.715 0.07673980185 0.01)
(0.72 0.07673980185 0.01)
(0.725 0.07673980185 0.01)
(0.73 0.07673980185 0.01)
(0.735 0.07673980185 0.01)
(0.74 0.07673980185 0.01)
(0.745 0.07673980185 0.01)
(0.75 0.07673980185 0.01)
(0.755 0.07673980185 0.01)
(0.76 0.07673980185 0.01)
(0.765 0.07673980185 0.01)
(0.77 0.07673980185 0.01)
(0.775 0.07673980185 0.01)
(0.78 0.07673980185 0.01)
(0.785 0.07673980185 0.01)
(0.79 0.07673980185 0.01)
(0.795 0.07673980185 0.01)
(0.8 0.07673980185 0.01)
(0.805 0.07673980185 0.01)
(0.81 0.07673980185 0.01)
(0.815 0.07673980185 0.01)
(0.82 0.07673980185 0.01)
(0.825 0.07673980185 0.01)
(0.83 0.07673980185 0.01)
(0.835 0.07673980185 0.01)
(0.84 0.07673980185 0.01)
(0.845 0.07673980185 0.01)
(0.85 0.07673980185 0.01)
(0.855 0.07673980185 0.01)
(0.86 0.07673980185 0.01)
(0.865 0.07673980185 0.01)
(0.87 0.07673980185 0.01)
(0.875 0.07673980185 0.01)
(0.88 0.07673980185 0.01)
(0.885 0.07673980185 0.01)
(0.89 0.07673980185 0.01)
(0.895 0.07673980185 0.01)
(0.9 0.07673980185 0.01)
(0.905 0.07673980185 0.01)
(0.91 0.07673980185 0.01)
(0.915 0.07673980185 0.01)
(0.92 0.07673980185 0.01)
(0.925 0.07673980185 0.01)
(0.93 0.07673980185 0.01)
(0.935 0.07673980185 0.01)
(0.94 0.07673980185 0.01)
(0.945 0.07673980185 0.01)
(0.95 0.07673980185 0.01)
(0.955 0.07673980185 0.01)
(0.96 0.07673980185 0.01)
(0.965 0.07673980185 0.01)
(0.97 0.07673980185 0.01)
(0.975 0.07673980185 0.01)
(0.98 0.07673980185 0.01)
(0.985 0.07673980185 0.01)
(0.99 0.07673980185 0.01)
(0.995 0.07673980185 0.01)
(1 0.07673980185 0.01)
(0.005 0.08226206685 0.01)
(0.01 0.08226206685 0.01)
(0.015 0.08226206685 0.01)
(0.02 0.08226206685 0.01)
(0.025 0.08226206685 0.01)
(0.03 0.08226206685 0.01)
(0.035 0.08226206685 0.01)
(0.04 0.08226206685 0.01)
(0.045 0.08226206685 0.01)
(0.05 0.08226206685 0.01)
(0.055 0.08226206685 0.01)
(0.06 0.08226206685 0.01)
(0.065 0.08226206685 0.01)
(0.07 0.08226206685 0.01)
(0.075 0.08226206685 0.01)
(0.08 0.08226206685 0.01)
(0.085 0.08226206685 0.01)
(0.09 0.08226206685 0.01)
(0.095 0.08226206685 0.01)
(0.1 0.08226206685 0.01)
(0.105 0.08226206685 0.01)
(0.11 0.08226206685 0.01)
(0.115 0.08226206685 0.01)
(0.12 0.08226206685 0.01)
(0.125 0.08226206685 0.01)
(0.13 0.08226206685 0.01)
(0.135 0.08226206685 0.01)
(0.14 0.08226206685 0.01)
(0.145 0.08226206685 0.01)
(0.15 0.08226206685 0.01)
(0.155 0.08226206685 0.01)
(0.16 0.08226206685 0.01)
(0.165 0.08226206685 0.01)
(0.17 0.08226206685 0.01)
(0.175 0.08226206685 0.01)
(0.18 0.08226206685 0.01)
(0.185 0.08226206685 0.01)
(0.19 0.08226206685 0.01)
(0.195 0.08226206685 0.01)
(0.2 0.08226206685 0.01)
(0.205 0.08226206685 0.01)
(0.21 0.08226206685 0.01)
(0.215 0.08226206685 0.01)
(0.22 0.08226206685 0.01)
(0.225 0.08226206685 0.01)
(0.23 0.08226206685 0.01)
(0.235 0.08226206685 0.01)
(0.24 0.08226206685 0.01)
(0.245 0.08226206685 0.01)
(0.25 0.08226206685 0.01)
(0.255 0.08226206685 0.01)
(0.26 0.08226206685 0.01)
(0.265 0.08226206685 0.01)
(0.27 0.08226206685 0.01)
(0.275 0.08226206685 0.01)
(0.28 0.08226206685 0.01)
(0.285 0.08226206685 0.01)
(0.29 0.08226206685 0.01)
(0.295 0.08226206685 0.01)
(0.3 0.08226206685 0.01)
(0.305 0.08226206685 0.01)
(0.31 0.08226206685 0.01)
(0.315 0.08226206685 0.01)
(0.32 0.08226206685 0.01)
(0.325 0.08226206685 0.01)
(0.33 0.08226206685 0.01)
(0.335 0.08226206685 0.01)
(0.34 0.08226206685 0.01)
(0.345 0.08226206685 0.01)
(0.35 0.08226206685 0.01)
(0.355 0.08226206685 0.01)
(0.36 0.08226206685 0.01)
(0.365 0.08226206685 0.01)
(0.37 0.08226206685 0.01)
(0.375 0.08226206685 0.01)
(0.38 0.08226206685 0.01)
(0.385 0.08226206685 0.01)
(0.39 0.08226206685 0.01)
(0.395 0.08226206685 0.01)
(0.4 0.08226206685 0.01)
(0.405 0.08226206685 0.01)
(0.41 0.08226206685 0.01)
(0.415 0.08226206685 0.01)
(0.42 0.08226206685 0.01)
(0.425 0.08226206685 0.01)
(0.43 0.08226206685 0.01)
(0.435 0.08226206685 0.01)
(0.44 0.08226206685 0.01)
(0.445 0.08226206685 0.01)
(0.45 0.08226206685 0.01)
(0.455 0.08226206685 0.01)
(0.46 0.08226206685 0.01)
(0.465 0.08226206685 0.01)
(0.47 0.08226206685 0.01)
(0.475 0.08226206685 0.01)
(0.48 0.08226206685 0.01)
(0.485 0.08226206685 0.01)
(0.49 0.08226206685 0.01)
(0.495 0.08226206685 0.01)
(0.5 0.08226206685 0.01)
(0.505 0.08226206685 0.01)
(0.51 0.08226206685 0.01)
(0.515 0.08226206685 0.01)
(0.52 0.08226206685 0.01)
(0.525 0.08226206685 0.01)
(0.53 0.08226206685 0.01)
(0.535 0.08226206685 0.01)
(0.54 0.08226206685 0.01)
(0.545 0.08226206685 0.01)
(0.55 0.08226206685 0.01)
(0.555 0.08226206685 0.01)
(0.56 0.08226206685 0.01)
(0.565 0.08226206685 0.01)
(0.57 0.08226206685 0.01)
(0.575 0.08226206685 0.01)
(0.58 0.08226206685 0.01)
(0.585 0.08226206685 0.01)
(0.59 0.08226206685 0.01)
(0.595 0.08226206685 0.01)
(0.6 0.08226206685 0.01)
(0.605 0.08226206685 0.01)
(0.61 0.08226206685 0.01)
(0.615 0.08226206685 0.01)
(0.62 0.08226206685 0.01)
(0.625 0.08226206685 0.01)
(0.63 0.08226206685 0.01)
(0.635 0.08226206685 0.01)
(0.64 0.08226206685 0.01)
(0.645 0.08226206685 0.01)
(0.65 0.08226206685 0.01)
(0.655 0.08226206685 0.01)
(0.66 0.08226206685 0.01)
(0.665 0.08226206685 0.01)
(0.67 0.08226206685 0.01)
(0.675 0.08226206685 0.01)
(0.68 0.08226206685 0.01)
(0.685 0.08226206685 0.01)
(0.69 0.08226206685 0.01)
(0.695 0.08226206685 0.01)
(0.7 0.08226206685 0.01)
(0.705 0.08226206685 0.01)
(0.71 0.08226206685 0.01)
(0.715 0.08226206685 0.01)
(0.72 0.08226206685 0.01)
(0.725 0.08226206685 0.01)
(0.73 0.08226206685 0.01)
(0.735 0.08226206685 0.01)
(0.74 0.08226206685 0.01)
(0.745 0.08226206685 0.01)
(0.75 0.08226206685 0.01)
(0.755 0.08226206685 0.01)
(0.76 0.08226206685 0.01)
(0.765 0.08226206685 0.01)
(0.77 0.08226206685 0.01)
(0.775 0.08226206685 0.01)
(0.78 0.08226206685 0.01)
(0.785 0.08226206685 0.01)
(0.79 0.08226206685 0.01)
(0.795 0.08226206685 0.01)
(0.8 0.08226206685 0.01)
(0.805 0.08226206685 0.01)
(0.81 0.08226206685 0.01)
(0.815 0.08226206685 0.01)
(0.82 0.08226206685 0.01)
(0.825 0.08226206685 0.01)
(0.83 0.08226206685 0.01)
(0.835 0.08226206685 0.01)
(0.84 0.08226206685 0.01)
(0.845 0.08226206685 0.01)
(0.85 0.08226206685 0.01)
(0.855 0.08226206685 0.01)
(0.86 0.08226206685 0.01)
(0.865 0.08226206685 0.01)
(0.87 0.08226206685 0.01)
(0.875 0.08226206685 0.01)
(0.88 0.08226206685 0.01)
(0.885 0.08226206685 0.01)
(0.89 0.08226206685 0.01)
(0.895 0.08226206685 0.01)
(0.9 0.08226206685 0.01)
(0.905 0.08226206685 0.01)
(0.91 0.08226206685 0.01)
(0.915 0.08226206685 0.01)
(0.92 0.08226206685 0.01)
(0.925 0.08226206685 0.01)
(0.93 0.08226206685 0.01)
(0.935 0.08226206685 0.01)
(0.94 0.08226206685 0.01)
(0.945 0.08226206685 0.01)
(0.95 0.08226206685 0.01)
(0.955 0.08226206685 0.01)
(0.96 0.08226206685 0.01)
(0.965 0.08226206685 0.01)
(0.97 0.08226206685 0.01)
(0.975 0.08226206685 0.01)
(0.98 0.08226206685 0.01)
(0.985 0.08226206685 0.01)
(0.99 0.08226206685 0.01)
(0.995 0.08226206685 0.01)
(1 0.08226206685 0.01)
(0.005 0.08816290014 0.01)
(0.01 0.08816290014 0.01)
(0.015 0.08816290014 0.01)
(0.02 0.08816290014 0.01)
(0.025 0.08816290014 0.01)
(0.03 0.08816290014 0.01)
(0.035 0.08816290014 0.01)
(0.04 0.08816290014 0.01)
(0.045 0.08816290014 0.01)
(0.05 0.08816290014 0.01)
(0.055 0.08816290014 0.01)
(0.06 0.08816290014 0.01)
(0.065 0.08816290014 0.01)
(0.07 0.08816290014 0.01)
(0.075 0.08816290014 0.01)
(0.08 0.08816290014 0.01)
(0.085 0.08816290014 0.01)
(0.09 0.08816290014 0.01)
(0.095 0.08816290014 0.01)
(0.1 0.08816290014 0.01)
(0.105 0.08816290014 0.01)
(0.11 0.08816290014 0.01)
(0.115 0.08816290014 0.01)
(0.12 0.08816290014 0.01)
(0.125 0.08816290014 0.01)
(0.13 0.08816290014 0.01)
(0.135 0.08816290014 0.01)
(0.14 0.08816290014 0.01)
(0.145 0.08816290014 0.01)
(0.15 0.08816290014 0.01)
(0.155 0.08816290014 0.01)
(0.16 0.08816290014 0.01)
(0.165 0.08816290014 0.01)
(0.17 0.08816290014 0.01)
(0.175 0.08816290014 0.01)
(0.18 0.08816290014 0.01)
(0.185 0.08816290014 0.01)
(0.19 0.08816290014 0.01)
(0.195 0.08816290014 0.01)
(0.2 0.08816290014 0.01)
(0.205 0.08816290014 0.01)
(0.21 0.08816290014 0.01)
(0.215 0.08816290014 0.01)
(0.22 0.08816290014 0.01)
(0.225 0.08816290014 0.01)
(0.23 0.08816290014 0.01)
(0.235 0.08816290014 0.01)
(0.24 0.08816290014 0.01)
(0.245 0.08816290014 0.01)
(0.25 0.08816290014 0.01)
(0.255 0.08816290014 0.01)
(0.26 0.08816290014 0.01)
(0.265 0.08816290014 0.01)
(0.27 0.08816290014 0.01)
(0.275 0.08816290014 0.01)
(0.28 0.08816290014 0.01)
(0.285 0.08816290014 0.01)
(0.29 0.08816290014 0.01)
(0.295 0.08816290014 0.01)
(0.3 0.08816290014 0.01)
(0.305 0.08816290014 0.01)
(0.31 0.08816290014 0.01)
(0.315 0.08816290014 0.01)
(0.32 0.08816290014 0.01)
(0.325 0.08816290014 0.01)
(0.33 0.08816290014 0.01)
(0.335 0.08816290014 0.01)
(0.34 0.08816290014 0.01)
(0.345 0.08816290014 0.01)
(0.35 0.08816290014 0.01)
(0.355 0.08816290014 0.01)
(0.36 0.08816290014 0.01)
(0.365 0.08816290014 0.01)
(0.37 0.08816290014 0.01)
(0.375 0.08816290014 0.01)
(0.38 0.08816290014 0.01)
(0.385 0.08816290014 0.01)
(0.39 0.08816290014 0.01)
(0.395 0.08816290014 0.01)
(0.4 0.08816290014 0.01)
(0.405 0.08816290014 0.01)
(0.41 0.08816290014 0.01)
(0.415 0.08816290014 0.01)
(0.42 0.08816290014 0.01)
(0.425 0.08816290014 0.01)
(0.43 0.08816290014 0.01)
(0.435 0.08816290014 0.01)
(0.44 0.08816290014 0.01)
(0.445 0.08816290014 0.01)
(0.45 0.08816290014 0.01)
(0.455 0.08816290014 0.01)
(0.46 0.08816290014 0.01)
(0.465 0.08816290014 0.01)
(0.47 0.08816290014 0.01)
(0.475 0.08816290014 0.01)
(0.48 0.08816290014 0.01)
(0.485 0.08816290014 0.01)
(0.49 0.08816290014 0.01)
(0.495 0.08816290014 0.01)
(0.5 0.08816290014 0.01)
(0.505 0.08816290014 0.01)
(0.51 0.08816290014 0.01)
(0.515 0.08816290014 0.01)
(0.52 0.08816290014 0.01)
(0.525 0.08816290014 0.01)
(0.53 0.08816290014 0.01)
(0.535 0.08816290014 0.01)
(0.54 0.08816290014 0.01)
(0.545 0.08816290014 0.01)
(0.55 0.08816290014 0.01)
(0.555 0.08816290014 0.01)
(0.56 0.08816290014 0.01)
(0.565 0.08816290014 0.01)
(0.57 0.08816290014 0.01)
(0.575 0.08816290014 0.01)
(0.58 0.08816290014 0.01)
(0.585 0.08816290014 0.01)
(0.59 0.08816290014 0.01)
(0.595 0.08816290014 0.01)
(0.6 0.08816290014 0.01)
(0.605 0.08816290014 0.01)
(0.61 0.08816290014 0.01)
(0.615 0.08816290014 0.01)
(0.62 0.08816290014 0.01)
(0.625 0.08816290014 0.01)
(0.63 0.08816290014 0.01)
(0.635 0.08816290014 0.01)
(0.64 0.08816290014 0.01)
(0.645 0.08816290014 0.01)
(0.65 0.08816290014 0.01)
(0.655 0.08816290014 0.01)
(0.66 0.08816290014 0.01)
(0.665 0.08816290014 0.01)
(0.67 0.08816290014 0.01)
(0.675 0.08816290014 0.01)
(0.68 0.08816290014 0.01)
(0.685 0.08816290014 0.01)
(0.69 0.08816290014 0.01)
(0.695 0.08816290014 0.01)
(0.7 0.08816290014 0.01)
(0.705 0.08816290014 0.01)
(0.71 0.08816290014 0.01)
(0.715 0.08816290014 0.01)
(0.72 0.08816290014 0.01)
(0.725 0.08816290014 0.01)
(0.73 0.08816290014 0.01)
(0.735 0.08816290014 0.01)
(0.74 0.08816290014 0.01)
(0.745 0.08816290014 0.01)
(0.75 0.08816290014 0.01)
(0.755 0.08816290014 0.01)
(0.76 0.08816290014 0.01)
(0.765 0.08816290014 0.01)
(0.77 0.08816290014 0.01)
(0.775 0.08816290014 0.01)
(0.78 0.08816290014 0.01)
(0.785 0.08816290014 0.01)
(0.79 0.08816290014 0.01)
(0.795 0.08816290014 0.01)
(0.8 0.08816290014 0.01)
(0.805 0.08816290014 0.01)
(0.81 0.08816290014 0.01)
(0.815 0.08816290014 0.01)
(0.82 0.08816290014 0.01)
(0.825 0.08816290014 0.01)
(0.83 0.08816290014 0.01)
(0.835 0.08816290014 0.01)
(0.84 0.08816290014 0.01)
(0.845 0.08816290014 0.01)
(0.85 0.08816290014 0.01)
(0.855 0.08816290014 0.01)
(0.86 0.08816290014 0.01)
(0.865 0.08816290014 0.01)
(0.87 0.08816290014 0.01)
(0.875 0.08816290014 0.01)
(0.88 0.08816290014 0.01)
(0.885 0.08816290014 0.01)
(0.89 0.08816290014 0.01)
(0.895 0.08816290014 0.01)
(0.9 0.08816290014 0.01)
(0.905 0.08816290014 0.01)
(0.91 0.08816290014 0.01)
(0.915 0.08816290014 0.01)
(0.92 0.08816290014 0.01)
(0.925 0.08816290014 0.01)
(0.93 0.08816290014 0.01)
(0.935 0.08816290014 0.01)
(0.94 0.08816290014 0.01)
(0.945 0.08816290014 0.01)
(0.95 0.08816290014 0.01)
(0.955 0.08816290014 0.01)
(0.96 0.08816290014 0.01)
(0.965 0.08816290014 0.01)
(0.97 0.08816290014 0.01)
(0.975 0.08816290014 0.01)
(0.98 0.08816290014 0.01)
(0.985 0.08816290014 0.01)
(0.99 0.08816290014 0.01)
(0.995 0.08816290014 0.01)
(1 0.08816290014 0.01)
(0.005 0.09446825374 0.01)
(0.01 0.09446825374 0.01)
(0.015 0.09446825374 0.01)
(0.02 0.09446825374 0.01)
(0.025 0.09446825374 0.01)
(0.03 0.09446825374 0.01)
(0.035 0.09446825374 0.01)
(0.04 0.09446825374 0.01)
(0.045 0.09446825374 0.01)
(0.05 0.09446825374 0.01)
(0.055 0.09446825374 0.01)
(0.06 0.09446825374 0.01)
(0.065 0.09446825374 0.01)
(0.07 0.09446825374 0.01)
(0.075 0.09446825374 0.01)
(0.08 0.09446825374 0.01)
(0.085 0.09446825374 0.01)
(0.09 0.09446825374 0.01)
(0.095 0.09446825374 0.01)
(0.1 0.09446825374 0.01)
(0.105 0.09446825374 0.01)
(0.11 0.09446825374 0.01)
(0.115 0.09446825374 0.01)
(0.12 0.09446825374 0.01)
(0.125 0.09446825374 0.01)
(0.13 0.09446825374 0.01)
(0.135 0.09446825374 0.01)
(0.14 0.09446825374 0.01)
(0.145 0.09446825374 0.01)
(0.15 0.09446825374 0.01)
(0.155 0.09446825374 0.01)
(0.16 0.09446825374 0.01)
(0.165 0.09446825374 0.01)
(0.17 0.09446825374 0.01)
(0.175 0.09446825374 0.01)
(0.18 0.09446825374 0.01)
(0.185 0.09446825374 0.01)
(0.19 0.09446825374 0.01)
(0.195 0.09446825374 0.01)
(0.2 0.09446825374 0.01)
(0.205 0.09446825374 0.01)
(0.21 0.09446825374 0.01)
(0.215 0.09446825374 0.01)
(0.22 0.09446825374 0.01)
(0.225 0.09446825374 0.01)
(0.23 0.09446825374 0.01)
(0.235 0.09446825374 0.01)
(0.24 0.09446825374 0.01)
(0.245 0.09446825374 0.01)
(0.25 0.09446825374 0.01)
(0.255 0.09446825374 0.01)
(0.26 0.09446825374 0.01)
(0.265 0.09446825374 0.01)
(0.27 0.09446825374 0.01)
(0.275 0.09446825374 0.01)
(0.28 0.09446825374 0.01)
(0.285 0.09446825374 0.01)
(0.29 0.09446825374 0.01)
(0.295 0.09446825374 0.01)
(0.3 0.09446825374 0.01)
(0.305 0.09446825374 0.01)
(0.31 0.09446825374 0.01)
(0.315 0.09446825374 0.01)
(0.32 0.09446825374 0.01)
(0.325 0.09446825374 0.01)
(0.33 0.09446825374 0.01)
(0.335 0.09446825374 0.01)
(0.34 0.09446825374 0.01)
(0.345 0.09446825374 0.01)
(0.35 0.09446825374 0.01)
(0.355 0.09446825374 0.01)
(0.36 0.09446825374 0.01)
(0.365 0.09446825374 0.01)
(0.37 0.09446825374 0.01)
(0.375 0.09446825374 0.01)
(0.38 0.09446825374 0.01)
(0.385 0.09446825374 0.01)
(0.39 0.09446825374 0.01)
(0.395 0.09446825374 0.01)
(0.4 0.09446825374 0.01)
(0.405 0.09446825374 0.01)
(0.41 0.09446825374 0.01)
(0.415 0.09446825374 0.01)
(0.42 0.09446825374 0.01)
(0.425 0.09446825374 0.01)
(0.43 0.09446825374 0.01)
(0.435 0.09446825374 0.01)
(0.44 0.09446825374 0.01)
(0.445 0.09446825374 0.01)
(0.45 0.09446825374 0.01)
(0.455 0.09446825374 0.01)
(0.46 0.09446825374 0.01)
(0.465 0.09446825374 0.01)
(0.47 0.09446825374 0.01)
(0.475 0.09446825374 0.01)
(0.48 0.09446825374 0.01)
(0.485 0.09446825374 0.01)
(0.49 0.09446825374 0.01)
(0.495 0.09446825374 0.01)
(0.5 0.09446825374 0.01)
(0.505 0.09446825374 0.01)
(0.51 0.09446825374 0.01)
(0.515 0.09446825374 0.01)
(0.52 0.09446825374 0.01)
(0.525 0.09446825374 0.01)
(0.53 0.09446825374 0.01)
(0.535 0.09446825374 0.01)
(0.54 0.09446825374 0.01)
(0.545 0.09446825374 0.01)
(0.55 0.09446825374 0.01)
(0.555 0.09446825374 0.01)
(0.56 0.09446825374 0.01)
(0.565 0.09446825374 0.01)
(0.57 0.09446825374 0.01)
(0.575 0.09446825374 0.01)
(0.58 0.09446825374 0.01)
(0.585 0.09446825374 0.01)
(0.59 0.09446825374 0.01)
(0.595 0.09446825374 0.01)
(0.6 0.09446825374 0.01)
(0.605 0.09446825374 0.01)
(0.61 0.09446825374 0.01)
(0.615 0.09446825374 0.01)
(0.62 0.09446825374 0.01)
(0.625 0.09446825374 0.01)
(0.63 0.09446825374 0.01)
(0.635 0.09446825374 0.01)
(0.64 0.09446825374 0.01)
(0.645 0.09446825374 0.01)
(0.65 0.09446825374 0.01)
(0.655 0.09446825374 0.01)
(0.66 0.09446825374 0.01)
(0.665 0.09446825374 0.01)
(0.67 0.09446825374 0.01)
(0.675 0.09446825374 0.01)
(0.68 0.09446825374 0.01)
(0.685 0.09446825374 0.01)
(0.69 0.09446825374 0.01)
(0.695 0.09446825374 0.01)
(0.7 0.09446825374 0.01)
(0.705 0.09446825374 0.01)
(0.71 0.09446825374 0.01)
(0.715 0.09446825374 0.01)
(0.72 0.09446825374 0.01)
(0.725 0.09446825374 0.01)
(0.73 0.09446825374 0.01)
(0.735 0.09446825374 0.01)
(0.74 0.09446825374 0.01)
(0.745 0.09446825374 0.01)
(0.75 0.09446825374 0.01)
(0.755 0.09446825374 0.01)
(0.76 0.09446825374 0.01)
(0.765 0.09446825374 0.01)
(0.77 0.09446825374 0.01)
(0.775 0.09446825374 0.01)
(0.78 0.09446825374 0.01)
(0.785 0.09446825374 0.01)
(0.79 0.09446825374 0.01)
(0.795 0.09446825374 0.01)
(0.8 0.09446825374 0.01)
(0.805 0.09446825374 0.01)
(0.81 0.09446825374 0.01)
(0.815 0.09446825374 0.01)
(0.82 0.09446825374 0.01)
(0.825 0.09446825374 0.01)
(0.83 0.09446825374 0.01)
(0.835 0.09446825374 0.01)
(0.84 0.09446825374 0.01)
(0.845 0.09446825374 0.01)
(0.85 0.09446825374 0.01)
(0.855 0.09446825374 0.01)
(0.86 0.09446825374 0.01)
(0.865 0.09446825374 0.01)
(0.87 0.09446825374 0.01)
(0.875 0.09446825374 0.01)
(0.88 0.09446825374 0.01)
(0.885 0.09446825374 0.01)
(0.89 0.09446825374 0.01)
(0.895 0.09446825374 0.01)
(0.9 0.09446825374 0.01)
(0.905 0.09446825374 0.01)
(0.91 0.09446825374 0.01)
(0.915 0.09446825374 0.01)
(0.92 0.09446825374 0.01)
(0.925 0.09446825374 0.01)
(0.93 0.09446825374 0.01)
(0.935 0.09446825374 0.01)
(0.94 0.09446825374 0.01)
(0.945 0.09446825374 0.01)
(0.95 0.09446825374 0.01)
(0.955 0.09446825374 0.01)
(0.96 0.09446825374 0.01)
(0.965 0.09446825374 0.01)
(0.97 0.09446825374 0.01)
(0.975 0.09446825374 0.01)
(0.98 0.09446825374 0.01)
(0.985 0.09446825374 0.01)
(0.99 0.09446825374 0.01)
(0.995 0.09446825374 0.01)
(1 0.09446825374 0.01)
(0.005 0.1012058588 0.01)
(0.01 0.1012058588 0.01)
(0.015 0.1012058588 0.01)
(0.02 0.1012058588 0.01)
(0.025 0.1012058588 0.01)
(0.03 0.1012058588 0.01)
(0.035 0.1012058588 0.01)
(0.04 0.1012058588 0.01)
(0.045 0.1012058588 0.01)
(0.05 0.1012058588 0.01)
(0.055 0.1012058588 0.01)
(0.06 0.1012058588 0.01)
(0.065 0.1012058588 0.01)
(0.07 0.1012058588 0.01)
(0.075 0.1012058588 0.01)
(0.08 0.1012058588 0.01)
(0.085 0.1012058588 0.01)
(0.09 0.1012058588 0.01)
(0.095 0.1012058588 0.01)
(0.1 0.1012058588 0.01)
(0.105 0.1012058588 0.01)
(0.11 0.1012058588 0.01)
(0.115 0.1012058588 0.01)
(0.12 0.1012058588 0.01)
(0.125 0.1012058588 0.01)
(0.13 0.1012058588 0.01)
(0.135 0.1012058588 0.01)
(0.14 0.1012058588 0.01)
(0.145 0.1012058588 0.01)
(0.15 0.1012058588 0.01)
(0.155 0.1012058588 0.01)
(0.16 0.1012058588 0.01)
(0.165 0.1012058588 0.01)
(0.17 0.1012058588 0.01)
(0.175 0.1012058588 0.01)
(0.18 0.1012058588 0.01)
(0.185 0.1012058588 0.01)
(0.19 0.1012058588 0.01)
(0.195 0.1012058588 0.01)
(0.2 0.1012058588 0.01)
(0.205 0.1012058588 0.01)
(0.21 0.1012058588 0.01)
(0.215 0.1012058588 0.01)
(0.22 0.1012058588 0.01)
(0.225 0.1012058588 0.01)
(0.23 0.1012058588 0.01)
(0.235 0.1012058588 0.01)
(0.24 0.1012058588 0.01)
(0.245 0.1012058588 0.01)
(0.25 0.1012058588 0.01)
(0.255 0.1012058588 0.01)
(0.26 0.1012058588 0.01)
(0.265 0.1012058588 0.01)
(0.27 0.1012058588 0.01)
(0.275 0.1012058588 0.01)
(0.28 0.1012058588 0.01)
(0.285 0.1012058588 0.01)
(0.29 0.1012058588 0.01)
(0.295 0.1012058588 0.01)
(0.3 0.1012058588 0.01)
(0.305 0.1012058588 0.01)
(0.31 0.1012058588 0.01)
(0.315 0.1012058588 0.01)
(0.32 0.1012058588 0.01)
(0.325 0.1012058588 0.01)
(0.33 0.1012058588 0.01)
(0.335 0.1012058588 0.01)
(0.34 0.1012058588 0.01)
(0.345 0.1012058588 0.01)
(0.35 0.1012058588 0.01)
(0.355 0.1012058588 0.01)
(0.36 0.1012058588 0.01)
(0.365 0.1012058588 0.01)
(0.37 0.1012058588 0.01)
(0.375 0.1012058588 0.01)
(0.38 0.1012058588 0.01)
(0.385 0.1012058588 0.01)
(0.39 0.1012058588 0.01)
(0.395 0.1012058588 0.01)
(0.4 0.1012058588 0.01)
(0.405 0.1012058588 0.01)
(0.41 0.1012058588 0.01)
(0.415 0.1012058588 0.01)
(0.42 0.1012058588 0.01)
(0.425 0.1012058588 0.01)
(0.43 0.1012058588 0.01)
(0.435 0.1012058588 0.01)
(0.44 0.1012058588 0.01)
(0.445 0.1012058588 0.01)
(0.45 0.1012058588 0.01)
(0.455 0.1012058588 0.01)
(0.46 0.1012058588 0.01)
(0.465 0.1012058588 0.01)
(0.47 0.1012058588 0.01)
(0.475 0.1012058588 0.01)
(0.48 0.1012058588 0.01)
(0.485 0.1012058588 0.01)
(0.49 0.1012058588 0.01)
(0.495 0.1012058588 0.01)
(0.5 0.1012058588 0.01)
(0.505 0.1012058588 0.01)
(0.51 0.1012058588 0.01)
(0.515 0.1012058588 0.01)
(0.52 0.1012058588 0.01)
(0.525 0.1012058588 0.01)
(0.53 0.1012058588 0.01)
(0.535 0.1012058588 0.01)
(0.54 0.1012058588 0.01)
(0.545 0.1012058588 0.01)
(0.55 0.1012058588 0.01)
(0.555 0.1012058588 0.01)
(0.56 0.1012058588 0.01)
(0.565 0.1012058588 0.01)
(0.57 0.1012058588 0.01)
(0.575 0.1012058588 0.01)
(0.58 0.1012058588 0.01)
(0.585 0.1012058588 0.01)
(0.59 0.1012058588 0.01)
(0.595 0.1012058588 0.01)
(0.6 0.1012058588 0.01)
(0.605 0.1012058588 0.01)
(0.61 0.1012058588 0.01)
(0.615 0.1012058588 0.01)
(0.62 0.1012058588 0.01)
(0.625 0.1012058588 0.01)
(0.63 0.1012058588 0.01)
(0.635 0.1012058588 0.01)
(0.64 0.1012058588 0.01)
(0.645 0.1012058588 0.01)
(0.65 0.1012058588 0.01)
(0.655 0.1012058588 0.01)
(0.66 0.1012058588 0.01)
(0.665 0.1012058588 0.01)
(0.67 0.1012058588 0.01)
(0.675 0.1012058588 0.01)
(0.68 0.1012058588 0.01)
(0.685 0.1012058588 0.01)
(0.69 0.1012058588 0.01)
(0.695 0.1012058588 0.01)
(0.7 0.1012058588 0.01)
(0.705 0.1012058588 0.01)
(0.71 0.1012058588 0.01)
(0.715 0.1012058588 0.01)
(0.72 0.1012058588 0.01)
(0.725 0.1012058588 0.01)
(0.73 0.1012058588 0.01)
(0.735 0.1012058588 0.01)
(0.74 0.1012058588 0.01)
(0.745 0.1012058588 0.01)
(0.75 0.1012058588 0.01)
(0.755 0.1012058588 0.01)
(0.76 0.1012058588 0.01)
(0.765 0.1012058588 0.01)
(0.77 0.1012058588 0.01)
(0.775 0.1012058588 0.01)
(0.78 0.1012058588 0.01)
(0.785 0.1012058588 0.01)
(0.79 0.1012058588 0.01)
(0.795 0.1012058588 0.01)
(0.8 0.1012058588 0.01)
(0.805 0.1012058588 0.01)
(0.81 0.1012058588 0.01)
(0.815 0.1012058588 0.01)
(0.82 0.1012058588 0.01)
(0.825 0.1012058588 0.01)
(0.83 0.1012058588 0.01)
(0.835 0.1012058588 0.01)
(0.84 0.1012058588 0.01)
(0.845 0.1012058588 0.01)
(0.85 0.1012058588 0.01)
(0.855 0.1012058588 0.01)
(0.86 0.1012058588 0.01)
(0.865 0.1012058588 0.01)
(0.87 0.1012058588 0.01)
(0.875 0.1012058588 0.01)
(0.88 0.1012058588 0.01)
(0.885 0.1012058588 0.01)
(0.89 0.1012058588 0.01)
(0.895 0.1012058588 0.01)
(0.9 0.1012058588 0.01)
(0.905 0.1012058588 0.01)
(0.91 0.1012058588 0.01)
(0.915 0.1012058588 0.01)
(0.92 0.1012058588 0.01)
(0.925 0.1012058588 0.01)
(0.93 0.1012058588 0.01)
(0.935 0.1012058588 0.01)
(0.94 0.1012058588 0.01)
(0.945 0.1012058588 0.01)
(0.95 0.1012058588 0.01)
(0.955 0.1012058588 0.01)
(0.96 0.1012058588 0.01)
(0.965 0.1012058588 0.01)
(0.97 0.1012058588 0.01)
(0.975 0.1012058588 0.01)
(0.98 0.1012058588 0.01)
(0.985 0.1012058588 0.01)
(0.99 0.1012058588 0.01)
(0.995 0.1012058588 0.01)
(1 0.1012058588 0.01)
(0.005 0.1084053474 0.01)
(0.01 0.1084053474 0.01)
(0.015 0.1084053474 0.01)
(0.02 0.1084053474 0.01)
(0.025 0.1084053474 0.01)
(0.03 0.1084053474 0.01)
(0.035 0.1084053474 0.01)
(0.04 0.1084053474 0.01)
(0.045 0.1084053474 0.01)
(0.05 0.1084053474 0.01)
(0.055 0.1084053474 0.01)
(0.06 0.1084053474 0.01)
(0.065 0.1084053474 0.01)
(0.07 0.1084053474 0.01)
(0.075 0.1084053474 0.01)
(0.08 0.1084053474 0.01)
(0.085 0.1084053474 0.01)
(0.09 0.1084053474 0.01)
(0.095 0.1084053474 0.01)
(0.1 0.1084053474 0.01)
(0.105 0.1084053474 0.01)
(0.11 0.1084053474 0.01)
(0.115 0.1084053474 0.01)
(0.12 0.1084053474 0.01)
(0.125 0.1084053474 0.01)
(0.13 0.1084053474 0.01)
(0.135 0.1084053474 0.01)
(0.14 0.1084053474 0.01)
(0.145 0.1084053474 0.01)
(0.15 0.1084053474 0.01)
(0.155 0.1084053474 0.01)
(0.16 0.1084053474 0.01)
(0.165 0.1084053474 0.01)
(0.17 0.1084053474 0.01)
(0.175 0.1084053474 0.01)
(0.18 0.1084053474 0.01)
(0.185 0.1084053474 0.01)
(0.19 0.1084053474 0.01)
(0.195 0.1084053474 0.01)
(0.2 0.1084053474 0.01)
(0.205 0.1084053474 0.01)
(0.21 0.1084053474 0.01)
(0.215 0.1084053474 0.01)
(0.22 0.1084053474 0.01)
(0.225 0.1084053474 0.01)
(0.23 0.1084053474 0.01)
(0.235 0.1084053474 0.01)
(0.24 0.1084053474 0.01)
(0.245 0.1084053474 0.01)
(0.25 0.1084053474 0.01)
(0.255 0.1084053474 0.01)
(0.26 0.1084053474 0.01)
(0.265 0.1084053474 0.01)
(0.27 0.1084053474 0.01)
(0.275 0.1084053474 0.01)
(0.28 0.1084053474 0.01)
(0.285 0.1084053474 0.01)
(0.29 0.1084053474 0.01)
(0.295 0.1084053474 0.01)
(0.3 0.1084053474 0.01)
(0.305 0.1084053474 0.01)
(0.31 0.1084053474 0.01)
(0.315 0.1084053474 0.01)
(0.32 0.1084053474 0.01)
(0.325 0.1084053474 0.01)
(0.33 0.1084053474 0.01)
(0.335 0.1084053474 0.01)
(0.34 0.1084053474 0.01)
(0.345 0.1084053474 0.01)
(0.35 0.1084053474 0.01)
(0.355 0.1084053474 0.01)
(0.36 0.1084053474 0.01)
(0.365 0.1084053474 0.01)
(0.37 0.1084053474 0.01)
(0.375 0.1084053474 0.01)
(0.38 0.1084053474 0.01)
(0.385 0.1084053474 0.01)
(0.39 0.1084053474 0.01)
(0.395 0.1084053474 0.01)
(0.4 0.1084053474 0.01)
(0.405 0.1084053474 0.01)
(0.41 0.1084053474 0.01)
(0.415 0.1084053474 0.01)
(0.42 0.1084053474 0.01)
(0.425 0.1084053474 0.01)
(0.43 0.1084053474 0.01)
(0.435 0.1084053474 0.01)
(0.44 0.1084053474 0.01)
(0.445 0.1084053474 0.01)
(0.45 0.1084053474 0.01)
(0.455 0.1084053474 0.01)
(0.46 0.1084053474 0.01)
(0.465 0.1084053474 0.01)
(0.47 0.1084053474 0.01)
(0.475 0.1084053474 0.01)
(0.48 0.1084053474 0.01)
(0.485 0.1084053474 0.01)
(0.49 0.1084053474 0.01)
(0.495 0.1084053474 0.01)
(0.5 0.1084053474 0.01)
(0.505 0.1084053474 0.01)
(0.51 0.1084053474 0.01)
(0.515 0.1084053474 0.01)
(0.52 0.1084053474 0.01)
(0.525 0.1084053474 0.01)
(0.53 0.1084053474 0.01)
(0.535 0.1084053474 0.01)
(0.54 0.1084053474 0.01)
(0.545 0.1084053474 0.01)
(0.55 0.1084053474 0.01)
(0.555 0.1084053474 0.01)
(0.56 0.1084053474 0.01)
(0.565 0.1084053474 0.01)
(0.57 0.1084053474 0.01)
(0.575 0.1084053474 0.01)
(0.58 0.1084053474 0.01)
(0.585 0.1084053474 0.01)
(0.59 0.1084053474 0.01)
(0.595 0.1084053474 0.01)
(0.6 0.1084053474 0.01)
(0.605 0.1084053474 0.01)
(0.61 0.1084053474 0.01)
(0.615 0.1084053474 0.01)
(0.62 0.1084053474 0.01)
(0.625 0.1084053474 0.01)
(0.63 0.1084053474 0.01)
(0.635 0.1084053474 0.01)
(0.64 0.1084053474 0.01)
(0.645 0.1084053474 0.01)
(0.65 0.1084053474 0.01)
(0.655 0.1084053474 0.01)
(0.66 0.1084053474 0.01)
(0.665 0.1084053474 0.01)
(0.67 0.1084053474 0.01)
(0.675 0.1084053474 0.01)
(0.68 0.1084053474 0.01)
(0.685 0.1084053474 0.01)
(0.69 0.1084053474 0.01)
(0.695 0.1084053474 0.01)
(0.7 0.1084053474 0.01)
(0.705 0.1084053474 0.01)
(0.71 0.1084053474 0.01)
(0.715 0.1084053474 0.01)
(0.72 0.1084053474 0.01)
(0.725 0.1084053474 0.01)
(0.73 0.1084053474 0.01)
(0.735 0.1084053474 0.01)
(0.74 0.1084053474 0.01)
(0.745 0.1084053474 0.01)
(0.75 0.1084053474 0.01)
(0.755 0.1084053474 0.01)
(0.76 0.1084053474 0.01)
(0.765 0.1084053474 0.01)
(0.77 0.1084053474 0.01)
(0.775 0.1084053474 0.01)
(0.78 0.1084053474 0.01)
(0.785 0.1084053474 0.01)
(0.79 0.1084053474 0.01)
(0.795 0.1084053474 0.01)
(0.8 0.1084053474 0.01)
(0.805 0.1084053474 0.01)
(0.81 0.1084053474 0.01)
(0.815 0.1084053474 0.01)
(0.82 0.1084053474 0.01)
(0.825 0.1084053474 0.01)
(0.83 0.1084053474 0.01)
(0.835 0.1084053474 0.01)
(0.84 0.1084053474 0.01)
(0.845 0.1084053474 0.01)
(0.85 0.1084053474 0.01)
(0.855 0.1084053474 0.01)
(0.86 0.1084053474 0.01)
(0.865 0.1084053474 0.01)
(0.87 0.1084053474 0.01)
(0.875 0.1084053474 0.01)
(0.88 0.1084053474 0.01)
(0.885 0.1084053474 0.01)
(0.89 0.1084053474 0.01)
(0.895 0.1084053474 0.01)
(0.9 0.1084053474 0.01)
(0.905 0.1084053474 0.01)
(0.91 0.1084053474 0.01)
(0.915 0.1084053474 0.01)
(0.92 0.1084053474 0.01)
(0.925 0.1084053474 0.01)
(0.93 0.1084053474 0.01)
(0.935 0.1084053474 0.01)
(0.94 0.1084053474 0.01)
(0.945 0.1084053474 0.01)
(0.95 0.1084053474 0.01)
(0.955 0.1084053474 0.01)
(0.96 0.1084053474 0.01)
(0.965 0.1084053474 0.01)
(0.97 0.1084053474 0.01)
(0.975 0.1084053474 0.01)
(0.98 0.1084053474 0.01)
(0.985 0.1084053474 0.01)
(0.99 0.1084053474 0.01)
(0.995 0.1084053474 0.01)
(1 0.1084053474 0.01)
(0.005 0.1160983832 0.01)
(0.01 0.1160983832 0.01)
(0.015 0.1160983832 0.01)
(0.02 0.1160983832 0.01)
(0.025 0.1160983832 0.01)
(0.03 0.1160983832 0.01)
(0.035 0.1160983832 0.01)
(0.04 0.1160983832 0.01)
(0.045 0.1160983832 0.01)
(0.05 0.1160983832 0.01)
(0.055 0.1160983832 0.01)
(0.06 0.1160983832 0.01)
(0.065 0.1160983832 0.01)
(0.07 0.1160983832 0.01)
(0.075 0.1160983832 0.01)
(0.08 0.1160983832 0.01)
(0.085 0.1160983832 0.01)
(0.09 0.1160983832 0.01)
(0.095 0.1160983832 0.01)
(0.1 0.1160983832 0.01)
(0.105 0.1160983832 0.01)
(0.11 0.1160983832 0.01)
(0.115 0.1160983832 0.01)
(0.12 0.1160983832 0.01)
(0.125 0.1160983832 0.01)
(0.13 0.1160983832 0.01)
(0.135 0.1160983832 0.01)
(0.14 0.1160983832 0.01)
(0.145 0.1160983832 0.01)
(0.15 0.1160983832 0.01)
(0.155 0.1160983832 0.01)
(0.16 0.1160983832 0.01)
(0.165 0.1160983832 0.01)
(0.17 0.1160983832 0.01)
(0.175 0.1160983832 0.01)
(0.18 0.1160983832 0.01)
(0.185 0.1160983832 0.01)
(0.19 0.1160983832 0.01)
(0.195 0.1160983832 0.01)
(0.2 0.1160983832 0.01)
(0.205 0.1160983832 0.01)
(0.21 0.1160983832 0.01)
(0.215 0.1160983832 0.01)
(0.22 0.1160983832 0.01)
(0.225 0.1160983832 0.01)
(0.23 0.1160983832 0.01)
(0.235 0.1160983832 0.01)
(0.24 0.1160983832 0.01)
(0.245 0.1160983832 0.01)
(0.25 0.1160983832 0.01)
(0.255 0.1160983832 0.01)
(0.26 0.1160983832 0.01)
(0.265 0.1160983832 0.01)
(0.27 0.1160983832 0.01)
(0.275 0.1160983832 0.01)
(0.28 0.1160983832 0.01)
(0.285 0.1160983832 0.01)
(0.29 0.1160983832 0.01)
(0.295 0.1160983832 0.01)
(0.3 0.1160983832 0.01)
(0.305 0.1160983832 0.01)
(0.31 0.1160983832 0.01)
(0.315 0.1160983832 0.01)
(0.32 0.1160983832 0.01)
(0.325 0.1160983832 0.01)
(0.33 0.1160983832 0.01)
(0.335 0.1160983832 0.01)
(0.34 0.1160983832 0.01)
(0.345 0.1160983832 0.01)
(0.35 0.1160983832 0.01)
(0.355 0.1160983832 0.01)
(0.36 0.1160983832 0.01)
(0.365 0.1160983832 0.01)
(0.37 0.1160983832 0.01)
(0.375 0.1160983832 0.01)
(0.38 0.1160983832 0.01)
(0.385 0.1160983832 0.01)
(0.39 0.1160983832 0.01)
(0.395 0.1160983832 0.01)
(0.4 0.1160983832 0.01)
(0.405 0.1160983832 0.01)
(0.41 0.1160983832 0.01)
(0.415 0.1160983832 0.01)
(0.42 0.1160983832 0.01)
(0.425 0.1160983832 0.01)
(0.43 0.1160983832 0.01)
(0.435 0.1160983832 0.01)
(0.44 0.1160983832 0.01)
(0.445 0.1160983832 0.01)
(0.45 0.1160983832 0.01)
(0.455 0.1160983832 0.01)
(0.46 0.1160983832 0.01)
(0.465 0.1160983832 0.01)
(0.47 0.1160983832 0.01)
(0.475 0.1160983832 0.01)
(0.48 0.1160983832 0.01)
(0.485 0.1160983832 0.01)
(0.49 0.1160983832 0.01)
(0.495 0.1160983832 0.01)
(0.5 0.1160983832 0.01)
(0.505 0.1160983832 0.01)
(0.51 0.1160983832 0.01)
(0.515 0.1160983832 0.01)
(0.52 0.1160983832 0.01)
(0.525 0.1160983832 0.01)
(0.53 0.1160983832 0.01)
(0.535 0.1160983832 0.01)
(0.54 0.1160983832 0.01)
(0.545 0.1160983832 0.01)
(0.55 0.1160983832 0.01)
(0.555 0.1160983832 0.01)
(0.56 0.1160983832 0.01)
(0.565 0.1160983832 0.01)
(0.57 0.1160983832 0.01)
(0.575 0.1160983832 0.01)
(0.58 0.1160983832 0.01)
(0.585 0.1160983832 0.01)
(0.59 0.1160983832 0.01)
(0.595 0.1160983832 0.01)
(0.6 0.1160983832 0.01)
(0.605 0.1160983832 0.01)
(0.61 0.1160983832 0.01)
(0.615 0.1160983832 0.01)
(0.62 0.1160983832 0.01)
(0.625 0.1160983832 0.01)
(0.63 0.1160983832 0.01)
(0.635 0.1160983832 0.01)
(0.64 0.1160983832 0.01)
(0.645 0.1160983832 0.01)
(0.65 0.1160983832 0.01)
(0.655 0.1160983832 0.01)
(0.66 0.1160983832 0.01)
(0.665 0.1160983832 0.01)
(0.67 0.1160983832 0.01)
(0.675 0.1160983832 0.01)
(0.68 0.1160983832 0.01)
(0.685 0.1160983832 0.01)
(0.69 0.1160983832 0.01)
(0.695 0.1160983832 0.01)
(0.7 0.1160983832 0.01)
(0.705 0.1160983832 0.01)
(0.71 0.1160983832 0.01)
(0.715 0.1160983832 0.01)
(0.72 0.1160983832 0.01)
(0.725 0.1160983832 0.01)
(0.73 0.1160983832 0.01)
(0.735 0.1160983832 0.01)
(0.74 0.1160983832 0.01)
(0.745 0.1160983832 0.01)
(0.75 0.1160983832 0.01)
(0.755 0.1160983832 0.01)
(0.76 0.1160983832 0.01)
(0.765 0.1160983832 0.01)
(0.77 0.1160983832 0.01)
(0.775 0.1160983832 0.01)
(0.78 0.1160983832 0.01)
(0.785 0.1160983832 0.01)
(0.79 0.1160983832 0.01)
(0.795 0.1160983832 0.01)
(0.8 0.1160983832 0.01)
(0.805 0.1160983832 0.01)
(0.81 0.1160983832 0.01)
(0.815 0.1160983832 0.01)
(0.82 0.1160983832 0.01)
(0.825 0.1160983832 0.01)
(0.83 0.1160983832 0.01)
(0.835 0.1160983832 0.01)
(0.84 0.1160983832 0.01)
(0.845 0.1160983832 0.01)
(0.85 0.1160983832 0.01)
(0.855 0.1160983832 0.01)
(0.86 0.1160983832 0.01)
(0.865 0.1160983832 0.01)
(0.87 0.1160983832 0.01)
(0.875 0.1160983832 0.01)
(0.88 0.1160983832 0.01)
(0.885 0.1160983832 0.01)
(0.89 0.1160983832 0.01)
(0.895 0.1160983832 0.01)
(0.9 0.1160983832 0.01)
(0.905 0.1160983832 0.01)
(0.91 0.1160983832 0.01)
(0.915 0.1160983832 0.01)
(0.92 0.1160983832 0.01)
(0.925 0.1160983832 0.01)
(0.93 0.1160983832 0.01)
(0.935 0.1160983832 0.01)
(0.94 0.1160983832 0.01)
(0.945 0.1160983832 0.01)
(0.95 0.1160983832 0.01)
(0.955 0.1160983832 0.01)
(0.96 0.1160983832 0.01)
(0.965 0.1160983832 0.01)
(0.97 0.1160983832 0.01)
(0.975 0.1160983832 0.01)
(0.98 0.1160983832 0.01)
(0.985 0.1160983832 0.01)
(0.99 0.1160983832 0.01)
(0.995 0.1160983832 0.01)
(1 0.1160983832 0.01)
(0.005 0.1243188003 0.01)
(0.01 0.1243188003 0.01)
(0.015 0.1243188003 0.01)
(0.02 0.1243188003 0.01)
(0.025 0.1243188003 0.01)
(0.03 0.1243188003 0.01)
(0.035 0.1243188003 0.01)
(0.04 0.1243188003 0.01)
(0.045 0.1243188003 0.01)
(0.05 0.1243188003 0.01)
(0.055 0.1243188003 0.01)
(0.06 0.1243188003 0.01)
(0.065 0.1243188003 0.01)
(0.07 0.1243188003 0.01)
(0.075 0.1243188003 0.01)
(0.08 0.1243188003 0.01)
(0.085 0.1243188003 0.01)
(0.09 0.1243188003 0.01)
(0.095 0.1243188003 0.01)
(0.1 0.1243188003 0.01)
(0.105 0.1243188003 0.01)
(0.11 0.1243188003 0.01)
(0.115 0.1243188003 0.01)
(0.12 0.1243188003 0.01)
(0.125 0.1243188003 0.01)
(0.13 0.1243188003 0.01)
(0.135 0.1243188003 0.01)
(0.14 0.1243188003 0.01)
(0.145 0.1243188003 0.01)
(0.15 0.1243188003 0.01)
(0.155 0.1243188003 0.01)
(0.16 0.1243188003 0.01)
(0.165 0.1243188003 0.01)
(0.17 0.1243188003 0.01)
(0.175 0.1243188003 0.01)
(0.18 0.1243188003 0.01)
(0.185 0.1243188003 0.01)
(0.19 0.1243188003 0.01)
(0.195 0.1243188003 0.01)
(0.2 0.1243188003 0.01)
(0.205 0.1243188003 0.01)
(0.21 0.1243188003 0.01)
(0.215 0.1243188003 0.01)
(0.22 0.1243188003 0.01)
(0.225 0.1243188003 0.01)
(0.23 0.1243188003 0.01)
(0.235 0.1243188003 0.01)
(0.24 0.1243188003 0.01)
(0.245 0.1243188003 0.01)
(0.25 0.1243188003 0.01)
(0.255 0.1243188003 0.01)
(0.26 0.1243188003 0.01)
(0.265 0.1243188003 0.01)
(0.27 0.1243188003 0.01)
(0.275 0.1243188003 0.01)
(0.28 0.1243188003 0.01)
(0.285 0.1243188003 0.01)
(0.29 0.1243188003 0.01)
(0.295 0.1243188003 0.01)
(0.3 0.1243188003 0.01)
(0.305 0.1243188003 0.01)
(0.31 0.1243188003 0.01)
(0.315 0.1243188003 0.01)
(0.32 0.1243188003 0.01)
(0.325 0.1243188003 0.01)
(0.33 0.1243188003 0.01)
(0.335 0.1243188003 0.01)
(0.34 0.1243188003 0.01)
(0.345 0.1243188003 0.01)
(0.35 0.1243188003 0.01)
(0.355 0.1243188003 0.01)
(0.36 0.1243188003 0.01)
(0.365 0.1243188003 0.01)
(0.37 0.1243188003 0.01)
(0.375 0.1243188003 0.01)
(0.38 0.1243188003 0.01)
(0.385 0.1243188003 0.01)
(0.39 0.1243188003 0.01)
(0.395 0.1243188003 0.01)
(0.4 0.1243188003 0.01)
(0.405 0.1243188003 0.01)
(0.41 0.1243188003 0.01)
(0.415 0.1243188003 0.01)
(0.42 0.1243188003 0.01)
(0.425 0.1243188003 0.01)
(0.43 0.1243188003 0.01)
(0.435 0.1243188003 0.01)
(0.44 0.1243188003 0.01)
(0.445 0.1243188003 0.01)
(0.45 0.1243188003 0.01)
(0.455 0.1243188003 0.01)
(0.46 0.1243188003 0.01)
(0.465 0.1243188003 0.01)
(0.47 0.1243188003 0.01)
(0.475 0.1243188003 0.01)
(0.48 0.1243188003 0.01)
(0.485 0.1243188003 0.01)
(0.49 0.1243188003 0.01)
(0.495 0.1243188003 0.01)
(0.5 0.1243188003 0.01)
(0.505 0.1243188003 0.01)
(0.51 0.1243188003 0.01)
(0.515 0.1243188003 0.01)
(0.52 0.1243188003 0.01)
(0.525 0.1243188003 0.01)
(0.53 0.1243188003 0.01)
(0.535 0.1243188003 0.01)
(0.54 0.1243188003 0.01)
(0.545 0.1243188003 0.01)
(0.55 0.1243188003 0.01)
(0.555 0.1243188003 0.01)
(0.56 0.1243188003 0.01)
(0.565 0.1243188003 0.01)
(0.57 0.1243188003 0.01)
(0.575 0.1243188003 0.01)
(0.58 0.1243188003 0.01)
(0.585 0.1243188003 0.01)
(0.59 0.1243188003 0.01)
(0.595 0.1243188003 0.01)
(0.6 0.1243188003 0.01)
(0.605 0.1243188003 0.01)
(0.61 0.1243188003 0.01)
(0.615 0.1243188003 0.01)
(0.62 0.1243188003 0.01)
(0.625 0.1243188003 0.01)
(0.63 0.1243188003 0.01)
(0.635 0.1243188003 0.01)
(0.64 0.1243188003 0.01)
(0.645 0.1243188003 0.01)
(0.65 0.1243188003 0.01)
(0.655 0.1243188003 0.01)
(0.66 0.1243188003 0.01)
(0.665 0.1243188003 0.01)
(0.67 0.1243188003 0.01)
(0.675 0.1243188003 0.01)
(0.68 0.1243188003 0.01)
(0.685 0.1243188003 0.01)
(0.69 0.1243188003 0.01)
(0.695 0.1243188003 0.01)
(0.7 0.1243188003 0.01)
(0.705 0.1243188003 0.01)
(0.71 0.1243188003 0.01)
(0.715 0.1243188003 0.01)
(0.72 0.1243188003 0.01)
(0.725 0.1243188003 0.01)
(0.73 0.1243188003 0.01)
(0.735 0.1243188003 0.01)
(0.74 0.1243188003 0.01)
(0.745 0.1243188003 0.01)
(0.75 0.1243188003 0.01)
(0.755 0.1243188003 0.01)
(0.76 0.1243188003 0.01)
(0.765 0.1243188003 0.01)
(0.77 0.1243188003 0.01)
(0.775 0.1243188003 0.01)
(0.78 0.1243188003 0.01)
(0.785 0.1243188003 0.01)
(0.79 0.1243188003 0.01)
(0.795 0.1243188003 0.01)
(0.8 0.1243188003 0.01)
(0.805 0.1243188003 0.01)
(0.81 0.1243188003 0.01)
(0.815 0.1243188003 0.01)
(0.82 0.1243188003 0.01)
(0.825 0.1243188003 0.01)
(0.83 0.1243188003 0.01)
(0.835 0.1243188003 0.01)
(0.84 0.1243188003 0.01)
(0.845 0.1243188003 0.01)
(0.85 0.1243188003 0.01)
(0.855 0.1243188003 0.01)
(0.86 0.1243188003 0.01)
(0.865 0.1243188003 0.01)
(0.87 0.1243188003 0.01)
(0.875 0.1243188003 0.01)
(0.88 0.1243188003 0.01)
(0.885 0.1243188003 0.01)
(0.89 0.1243188003 0.01)
(0.895 0.1243188003 0.01)
(0.9 0.1243188003 0.01)
(0.905 0.1243188003 0.01)
(0.91 0.1243188003 0.01)
(0.915 0.1243188003 0.01)
(0.92 0.1243188003 0.01)
(0.925 0.1243188003 0.01)
(0.93 0.1243188003 0.01)
(0.935 0.1243188003 0.01)
(0.94 0.1243188003 0.01)
(0.945 0.1243188003 0.01)
(0.95 0.1243188003 0.01)
(0.955 0.1243188003 0.01)
(0.96 0.1243188003 0.01)
(0.965 0.1243188003 0.01)
(0.97 0.1243188003 0.01)
(0.975 0.1243188003 0.01)
(0.98 0.1243188003 0.01)
(0.985 0.1243188003 0.01)
(0.99 0.1243188003 0.01)
(0.995 0.1243188003 0.01)
(1 0.1243188003 0.01)
(0.005 0.1331027523 0.01)
(0.01 0.1331027523 0.01)
(0.015 0.1331027523 0.01)
(0.02 0.1331027523 0.01)
(0.025 0.1331027523 0.01)
(0.03 0.1331027523 0.01)
(0.035 0.1331027523 0.01)
(0.04 0.1331027523 0.01)
(0.045 0.1331027523 0.01)
(0.05 0.1331027523 0.01)
(0.055 0.1331027523 0.01)
(0.06 0.1331027523 0.01)
(0.065 0.1331027523 0.01)
(0.07 0.1331027523 0.01)
(0.075 0.1331027523 0.01)
(0.08 0.1331027523 0.01)
(0.085 0.1331027523 0.01)
(0.09 0.1331027523 0.01)
(0.095 0.1331027523 0.01)
(0.1 0.1331027523 0.01)
(0.105 0.1331027523 0.01)
(0.11 0.1331027523 0.01)
(0.115 0.1331027523 0.01)
(0.12 0.1331027523 0.01)
(0.125 0.1331027523 0.01)
(0.13 0.1331027523 0.01)
(0.135 0.1331027523 0.01)
(0.14 0.1331027523 0.01)
(0.145 0.1331027523 0.01)
(0.15 0.1331027523 0.01)
(0.155 0.1331027523 0.01)
(0.16 0.1331027523 0.01)
(0.165 0.1331027523 0.01)
(0.17 0.1331027523 0.01)
(0.175 0.1331027523 0.01)
(0.18 0.1331027523 0.01)
(0.185 0.1331027523 0.01)
(0.19 0.1331027523 0.01)
(0.195 0.1331027523 0.01)
(0.2 0.1331027523 0.01)
(0.205 0.1331027523 0.01)
(0.21 0.1331027523 0.01)
(0.215 0.1331027523 0.01)
(0.22 0.1331027523 0.01)
(0.225 0.1331027523 0.01)
(0.23 0.1331027523 0.01)
(0.235 0.1331027523 0.01)
(0.24 0.1331027523 0.01)
(0.245 0.1331027523 0.01)
(0.25 0.1331027523 0.01)
(0.255 0.1331027523 0.01)
(0.26 0.1331027523 0.01)
(0.265 0.1331027523 0.01)
(0.27 0.1331027523 0.01)
(0.275 0.1331027523 0.01)
(0.28 0.1331027523 0.01)
(0.285 0.1331027523 0.01)
(0.29 0.1331027523 0.01)
(0.295 0.1331027523 0.01)
(0.3 0.1331027523 0.01)
(0.305 0.1331027523 0.01)
(0.31 0.1331027523 0.01)
(0.315 0.1331027523 0.01)
(0.32 0.1331027523 0.01)
(0.325 0.1331027523 0.01)
(0.33 0.1331027523 0.01)
(0.335 0.1331027523 0.01)
(0.34 0.1331027523 0.01)
(0.345 0.1331027523 0.01)
(0.35 0.1331027523 0.01)
(0.355 0.1331027523 0.01)
(0.36 0.1331027523 0.01)
(0.365 0.1331027523 0.01)
(0.37 0.1331027523 0.01)
(0.375 0.1331027523 0.01)
(0.38 0.1331027523 0.01)
(0.385 0.1331027523 0.01)
(0.39 0.1331027523 0.01)
(0.395 0.1331027523 0.01)
(0.4 0.1331027523 0.01)
(0.405 0.1331027523 0.01)
(0.41 0.1331027523 0.01)
(0.415 0.1331027523 0.01)
(0.42 0.1331027523 0.01)
(0.425 0.1331027523 0.01)
(0.43 0.1331027523 0.01)
(0.435 0.1331027523 0.01)
(0.44 0.1331027523 0.01)
(0.445 0.1331027523 0.01)
(0.45 0.1331027523 0.01)
(0.455 0.1331027523 0.01)
(0.46 0.1331027523 0.01)
(0.465 0.1331027523 0.01)
(0.47 0.1331027523 0.01)
(0.475 0.1331027523 0.01)
(0.48 0.1331027523 0.01)
(0.485 0.1331027523 0.01)
(0.49 0.1331027523 0.01)
(0.495 0.1331027523 0.01)
(0.5 0.1331027523 0.01)
(0.505 0.1331027523 0.01)
(0.51 0.1331027523 0.01)
(0.515 0.1331027523 0.01)
(0.52 0.1331027523 0.01)
(0.525 0.1331027523 0.01)
(0.53 0.1331027523 0.01)
(0.535 0.1331027523 0.01)
(0.54 0.1331027523 0.01)
(0.545 0.1331027523 0.01)
(0.55 0.1331027523 0.01)
(0.555 0.1331027523 0.01)
(0.56 0.1331027523 0.01)
(0.565 0.1331027523 0.01)
(0.57 0.1331027523 0.01)
(0.575 0.1331027523 0.01)
(0.58 0.1331027523 0.01)
(0.585 0.1331027523 0.01)
(0.59 0.1331027523 0.01)
(0.595 0.1331027523 0.01)
(0.6 0.1331027523 0.01)
(0.605 0.1331027523 0.01)
(0.61 0.1331027523 0.01)
(0.615 0.1331027523 0.01)
(0.62 0.1331027523 0.01)
(0.625 0.1331027523 0.01)
(0.63 0.1331027523 0.01)
(0.635 0.1331027523 0.01)
(0.64 0.1331027523 0.01)
(0.645 0.1331027523 0.01)
(0.65 0.1331027523 0.01)
(0.655 0.1331027523 0.01)
(0.66 0.1331027523 0.01)
(0.665 0.1331027523 0.01)
(0.67 0.1331027523 0.01)
(0.675 0.1331027523 0.01)
(0.68 0.1331027523 0.01)
(0.685 0.1331027523 0.01)
(0.69 0.1331027523 0.01)
(0.695 0.1331027523 0.01)
(0.7 0.1331027523 0.01)
(0.705 0.1331027523 0.01)
(0.71 0.1331027523 0.01)
(0.715 0.1331027523 0.01)
(0.72 0.1331027523 0.01)
(0.725 0.1331027523 0.01)
(0.73 0.1331027523 0.01)
(0.735 0.1331027523 0.01)
(0.74 0.1331027523 0.01)
(0.745 0.1331027523 0.01)
(0.75 0.1331027523 0.01)
(0.755 0.1331027523 0.01)
(0.76 0.1331027523 0.01)
(0.765 0.1331027523 0.01)
(0.77 0.1331027523 0.01)
(0.775 0.1331027523 0.01)
(0.78 0.1331027523 0.01)
(0.785 0.1331027523 0.01)
(0.79 0.1331027523 0.01)
(0.795 0.1331027523 0.01)
(0.8 0.1331027523 0.01)
(0.805 0.1331027523 0.01)
(0.81 0.1331027523 0.01)
(0.815 0.1331027523 0.01)
(0.82 0.1331027523 0.01)
(0.825 0.1331027523 0.01)
(0.83 0.1331027523 0.01)
(0.835 0.1331027523 0.01)
(0.84 0.1331027523 0.01)
(0.845 0.1331027523 0.01)
(0.85 0.1331027523 0.01)
(0.855 0.1331027523 0.01)
(0.86 0.1331027523 0.01)
(0.865 0.1331027523 0.01)
(0.87 0.1331027523 0.01)
(0.875 0.1331027523 0.01)
(0.88 0.1331027523 0.01)
(0.885 0.1331027523 0.01)
(0.89 0.1331027523 0.01)
(0.895 0.1331027523 0.01)
(0.9 0.1331027523 0.01)
(0.905 0.1331027523 0.01)
(0.91 0.1331027523 0.01)
(0.915 0.1331027523 0.01)
(0.92 0.1331027523 0.01)
(0.925 0.1331027523 0.01)
(0.93 0.1331027523 0.01)
(0.935 0.1331027523 0.01)
(0.94 0.1331027523 0.01)
(0.945 0.1331027523 0.01)
(0.95 0.1331027523 0.01)
(0.955 0.1331027523 0.01)
(0.96 0.1331027523 0.01)
(0.965 0.1331027523 0.01)
(0.97 0.1331027523 0.01)
(0.975 0.1331027523 0.01)
(0.98 0.1331027523 0.01)
(0.985 0.1331027523 0.01)
(0.99 0.1331027523 0.01)
(0.995 0.1331027523 0.01)
(1 0.1331027523 0.01)
(0.005 0.1424888713 0.01)
(0.01 0.1424888713 0.01)
(0.015 0.1424888713 0.01)
(0.02 0.1424888713 0.01)
(0.025 0.1424888713 0.01)
(0.03 0.1424888713 0.01)
(0.035 0.1424888713 0.01)
(0.04 0.1424888713 0.01)
(0.045 0.1424888713 0.01)
(0.05 0.1424888713 0.01)
(0.055 0.1424888713 0.01)
(0.06 0.1424888713 0.01)
(0.065 0.1424888713 0.01)
(0.07 0.1424888713 0.01)
(0.075 0.1424888713 0.01)
(0.08 0.1424888713 0.01)
(0.085 0.1424888713 0.01)
(0.09 0.1424888713 0.01)
(0.095 0.1424888713 0.01)
(0.1 0.1424888713 0.01)
(0.105 0.1424888713 0.01)
(0.11 0.1424888713 0.01)
(0.115 0.1424888713 0.01)
(0.12 0.1424888713 0.01)
(0.125 0.1424888713 0.01)
(0.13 0.1424888713 0.01)
(0.135 0.1424888713 0.01)
(0.14 0.1424888713 0.01)
(0.145 0.1424888713 0.01)
(0.15 0.1424888713 0.01)
(0.155 0.1424888713 0.01)
(0.16 0.1424888713 0.01)
(0.165 0.1424888713 0.01)
(0.17 0.1424888713 0.01)
(0.175 0.1424888713 0.01)
(0.18 0.1424888713 0.01)
(0.185 0.1424888713 0.01)
(0.19 0.1424888713 0.01)
(0.195 0.1424888713 0.01)
(0.2 0.1424888713 0.01)
(0.205 0.1424888713 0.01)
(0.21 0.1424888713 0.01)
(0.215 0.1424888713 0.01)
(0.22 0.1424888713 0.01)
(0.225 0.1424888713 0.01)
(0.23 0.1424888713 0.01)
(0.235 0.1424888713 0.01)
(0.24 0.1424888713 0.01)
(0.245 0.1424888713 0.01)
(0.25 0.1424888713 0.01)
(0.255 0.1424888713 0.01)
(0.26 0.1424888713 0.01)
(0.265 0.1424888713 0.01)
(0.27 0.1424888713 0.01)
(0.275 0.1424888713 0.01)
(0.28 0.1424888713 0.01)
(0.285 0.1424888713 0.01)
(0.29 0.1424888713 0.01)
(0.295 0.1424888713 0.01)
(0.3 0.1424888713 0.01)
(0.305 0.1424888713 0.01)
(0.31 0.1424888713 0.01)
(0.315 0.1424888713 0.01)
(0.32 0.1424888713 0.01)
(0.325 0.1424888713 0.01)
(0.33 0.1424888713 0.01)
(0.335 0.1424888713 0.01)
(0.34 0.1424888713 0.01)
(0.345 0.1424888713 0.01)
(0.35 0.1424888713 0.01)
(0.355 0.1424888713 0.01)
(0.36 0.1424888713 0.01)
(0.365 0.1424888713 0.01)
(0.37 0.1424888713 0.01)
(0.375 0.1424888713 0.01)
(0.38 0.1424888713 0.01)
(0.385 0.1424888713 0.01)
(0.39 0.1424888713 0.01)
(0.395 0.1424888713 0.01)
(0.4 0.1424888713 0.01)
(0.405 0.1424888713 0.01)
(0.41 0.1424888713 0.01)
(0.415 0.1424888713 0.01)
(0.42 0.1424888713 0.01)
(0.425 0.1424888713 0.01)
(0.43 0.1424888713 0.01)
(0.435 0.1424888713 0.01)
(0.44 0.1424888713 0.01)
(0.445 0.1424888713 0.01)
(0.45 0.1424888713 0.01)
(0.455 0.1424888713 0.01)
(0.46 0.1424888713 0.01)
(0.465 0.1424888713 0.01)
(0.47 0.1424888713 0.01)
(0.475 0.1424888713 0.01)
(0.48 0.1424888713 0.01)
(0.485 0.1424888713 0.01)
(0.49 0.1424888713 0.01)
(0.495 0.1424888713 0.01)
(0.5 0.1424888713 0.01)
(0.505 0.1424888713 0.01)
(0.51 0.1424888713 0.01)
(0.515 0.1424888713 0.01)
(0.52 0.1424888713 0.01)
(0.525 0.1424888713 0.01)
(0.53 0.1424888713 0.01)
(0.535 0.1424888713 0.01)
(0.54 0.1424888713 0.01)
(0.545 0.1424888713 0.01)
(0.55 0.1424888713 0.01)
(0.555 0.1424888713 0.01)
(0.56 0.1424888713 0.01)
(0.565 0.1424888713 0.01)
(0.57 0.1424888713 0.01)
(0.575 0.1424888713 0.01)
(0.58 0.1424888713 0.01)
(0.585 0.1424888713 0.01)
(0.59 0.1424888713 0.01)
(0.595 0.1424888713 0.01)
(0.6 0.1424888713 0.01)
(0.605 0.1424888713 0.01)
(0.61 0.1424888713 0.01)
(0.615 0.1424888713 0.01)
(0.62 0.1424888713 0.01)
(0.625 0.1424888713 0.01)
(0.63 0.1424888713 0.01)
(0.635 0.1424888713 0.01)
(0.64 0.1424888713 0.01)
(0.645 0.1424888713 0.01)
(0.65 0.1424888713 0.01)
(0.655 0.1424888713 0.01)
(0.66 0.1424888713 0.01)
(0.665 0.1424888713 0.01)
(0.67 0.1424888713 0.01)
(0.675 0.1424888713 0.01)
(0.68 0.1424888713 0.01)
(0.685 0.1424888713 0.01)
(0.69 0.1424888713 0.01)
(0.695 0.1424888713 0.01)
(0.7 0.1424888713 0.01)
(0.705 0.1424888713 0.01)
(0.71 0.1424888713 0.01)
(0.715 0.1424888713 0.01)
(0.72 0.1424888713 0.01)
(0.725 0.1424888713 0.01)
(0.73 0.1424888713 0.01)
(0.735 0.1424888713 0.01)
(0.74 0.1424888713 0.01)
(0.745 0.1424888713 0.01)
(0.75 0.1424888713 0.01)
(0.755 0.1424888713 0.01)
(0.76 0.1424888713 0.01)
(0.765 0.1424888713 0.01)
(0.77 0.1424888713 0.01)
(0.775 0.1424888713 0.01)
(0.78 0.1424888713 0.01)
(0.785 0.1424888713 0.01)
(0.79 0.1424888713 0.01)
(0.795 0.1424888713 0.01)
(0.8 0.1424888713 0.01)
(0.805 0.1424888713 0.01)
(0.81 0.1424888713 0.01)
(0.815 0.1424888713 0.01)
(0.82 0.1424888713 0.01)
(0.825 0.1424888713 0.01)
(0.83 0.1424888713 0.01)
(0.835 0.1424888713 0.01)
(0.84 0.1424888713 0.01)
(0.845 0.1424888713 0.01)
(0.85 0.1424888713 0.01)
(0.855 0.1424888713 0.01)
(0.86 0.1424888713 0.01)
(0.865 0.1424888713 0.01)
(0.87 0.1424888713 0.01)
(0.875 0.1424888713 0.01)
(0.88 0.1424888713 0.01)
(0.885 0.1424888713 0.01)
(0.89 0.1424888713 0.01)
(0.895 0.1424888713 0.01)
(0.9 0.1424888713 0.01)
(0.905 0.1424888713 0.01)
(0.91 0.1424888713 0.01)
(0.915 0.1424888713 0.01)
(0.92 0.1424888713 0.01)
(0.925 0.1424888713 0.01)
(0.93 0.1424888713 0.01)
(0.935 0.1424888713 0.01)
(0.94 0.1424888713 0.01)
(0.945 0.1424888713 0.01)
(0.95 0.1424888713 0.01)
(0.955 0.1424888713 0.01)
(0.96 0.1424888713 0.01)
(0.965 0.1424888713 0.01)
(0.97 0.1424888713 0.01)
(0.975 0.1424888713 0.01)
(0.98 0.1424888713 0.01)
(0.985 0.1424888713 0.01)
(0.99 0.1424888713 0.01)
(0.995 0.1424888713 0.01)
(1 0.1424888713 0.01)
(0.005 0.1525184378 0.01)
(0.01 0.1525184378 0.01)
(0.015 0.1525184378 0.01)
(0.02 0.1525184378 0.01)
(0.025 0.1525184378 0.01)
(0.03 0.1525184378 0.01)
(0.035 0.1525184378 0.01)
(0.04 0.1525184378 0.01)
(0.045 0.1525184378 0.01)
(0.05 0.1525184378 0.01)
(0.055 0.1525184378 0.01)
(0.06 0.1525184378 0.01)
(0.065 0.1525184378 0.01)
(0.07 0.1525184378 0.01)
(0.075 0.1525184378 0.01)
(0.08 0.1525184378 0.01)
(0.085 0.1525184378 0.01)
(0.09 0.1525184378 0.01)
(0.095 0.1525184378 0.01)
(0.1 0.1525184378 0.01)
(0.105 0.1525184378 0.01)
(0.11 0.1525184378 0.01)
(0.115 0.1525184378 0.01)
(0.12 0.1525184378 0.01)
(0.125 0.1525184378 0.01)
(0.13 0.1525184378 0.01)
(0.135 0.1525184378 0.01)
(0.14 0.1525184378 0.01)
(0.145 0.1525184378 0.01)
(0.15 0.1525184378 0.01)
(0.155 0.1525184378 0.01)
(0.16 0.1525184378 0.01)
(0.165 0.1525184378 0.01)
(0.17 0.1525184378 0.01)
(0.175 0.1525184378 0.01)
(0.18 0.1525184378 0.01)
(0.185 0.1525184378 0.01)
(0.19 0.1525184378 0.01)
(0.195 0.1525184378 0.01)
(0.2 0.1525184378 0.01)
(0.205 0.1525184378 0.01)
(0.21 0.1525184378 0.01)
(0.215 0.1525184378 0.01)
(0.22 0.1525184378 0.01)
(0.225 0.1525184378 0.01)
(0.23 0.1525184378 0.01)
(0.235 0.1525184378 0.01)
(0.24 0.1525184378 0.01)
(0.245 0.1525184378 0.01)
(0.25 0.1525184378 0.01)
(0.255 0.1525184378 0.01)
(0.26 0.1525184378 0.01)
(0.265 0.1525184378 0.01)
(0.27 0.1525184378 0.01)
(0.275 0.1525184378 0.01)
(0.28 0.1525184378 0.01)
(0.285 0.1525184378 0.01)
(0.29 0.1525184378 0.01)
(0.295 0.1525184378 0.01)
(0.3 0.1525184378 0.01)
(0.305 0.1525184378 0.01)
(0.31 0.1525184378 0.01)
(0.315 0.1525184378 0.01)
(0.32 0.1525184378 0.01)
(0.325 0.1525184378 0.01)
(0.33 0.1525184378 0.01)
(0.335 0.1525184378 0.01)
(0.34 0.1525184378 0.01)
(0.345 0.1525184378 0.01)
(0.35 0.1525184378 0.01)
(0.355 0.1525184378 0.01)
(0.36 0.1525184378 0.01)
(0.365 0.1525184378 0.01)
(0.37 0.1525184378 0.01)
(0.375 0.1525184378 0.01)
(0.38 0.1525184378 0.01)
(0.385 0.1525184378 0.01)
(0.39 0.1525184378 0.01)
(0.395 0.1525184378 0.01)
(0.4 0.1525184378 0.01)
(0.405 0.1525184378 0.01)
(0.41 0.1525184378 0.01)
(0.415 0.1525184378 0.01)
(0.42 0.1525184378 0.01)
(0.425 0.1525184378 0.01)
(0.43 0.1525184378 0.01)
(0.435 0.1525184378 0.01)
(0.44 0.1525184378 0.01)
(0.445 0.1525184378 0.01)
(0.45 0.1525184378 0.01)
(0.455 0.1525184378 0.01)
(0.46 0.1525184378 0.01)
(0.465 0.1525184378 0.01)
(0.47 0.1525184378 0.01)
(0.475 0.1525184378 0.01)
(0.48 0.1525184378 0.01)
(0.485 0.1525184378 0.01)
(0.49 0.1525184378 0.01)
(0.495 0.1525184378 0.01)
(0.5 0.1525184378 0.01)
(0.505 0.1525184378 0.01)
(0.51 0.1525184378 0.01)
(0.515 0.1525184378 0.01)
(0.52 0.1525184378 0.01)
(0.525 0.1525184378 0.01)
(0.53 0.1525184378 0.01)
(0.535 0.1525184378 0.01)
(0.54 0.1525184378 0.01)
(0.545 0.1525184378 0.01)
(0.55 0.1525184378 0.01)
(0.555 0.1525184378 0.01)
(0.56 0.1525184378 0.01)
(0.565 0.1525184378 0.01)
(0.57 0.1525184378 0.01)
(0.575 0.1525184378 0.01)
(0.58 0.1525184378 0.01)
(0.585 0.1525184378 0.01)
(0.59 0.1525184378 0.01)
(0.595 0.1525184378 0.01)
(0.6 0.1525184378 0.01)
(0.605 0.1525184378 0.01)
(0.61 0.1525184378 0.01)
(0.615 0.1525184378 0.01)
(0.62 0.1525184378 0.01)
(0.625 0.1525184378 0.01)
(0.63 0.1525184378 0.01)
(0.635 0.1525184378 0.01)
(0.64 0.1525184378 0.01)
(0.645 0.1525184378 0.01)
(0.65 0.1525184378 0.01)
(0.655 0.1525184378 0.01)
(0.66 0.1525184378 0.01)
(0.665 0.1525184378 0.01)
(0.67 0.1525184378 0.01)
(0.675 0.1525184378 0.01)
(0.68 0.1525184378 0.01)
(0.685 0.1525184378 0.01)
(0.69 0.1525184378 0.01)
(0.695 0.1525184378 0.01)
(0.7 0.1525184378 0.01)
(0.705 0.1525184378 0.01)
(0.71 0.1525184378 0.01)
(0.715 0.1525184378 0.01)
(0.72 0.1525184378 0.01)
(0.725 0.1525184378 0.01)
(0.73 0.1525184378 0.01)
(0.735 0.1525184378 0.01)
(0.74 0.1525184378 0.01)
(0.745 0.1525184378 0.01)
(0.75 0.1525184378 0.01)
(0.755 0.1525184378 0.01)
(0.76 0.1525184378 0.01)
(0.765 0.1525184378 0.01)
(0.77 0.1525184378 0.01)
(0.775 0.1525184378 0.01)
(0.78 0.1525184378 0.01)
(0.785 0.1525184378 0.01)
(0.79 0.1525184378 0.01)
(0.795 0.1525184378 0.01)
(0.8 0.1525184378 0.01)
(0.805 0.1525184378 0.01)
(0.81 0.1525184378 0.01)
(0.815 0.1525184378 0.01)
(0.82 0.1525184378 0.01)
(0.825 0.1525184378 0.01)
(0.83 0.1525184378 0.01)
(0.835 0.1525184378 0.01)
(0.84 0.1525184378 0.01)
(0.845 0.1525184378 0.01)
(0.85 0.1525184378 0.01)
(0.855 0.1525184378 0.01)
(0.86 0.1525184378 0.01)
(0.865 0.1525184378 0.01)
(0.87 0.1525184378 0.01)
(0.875 0.1525184378 0.01)
(0.88 0.1525184378 0.01)
(0.885 0.1525184378 0.01)
(0.89 0.1525184378 0.01)
(0.895 0.1525184378 0.01)
(0.9 0.1525184378 0.01)
(0.905 0.1525184378 0.01)
(0.91 0.1525184378 0.01)
(0.915 0.1525184378 0.01)
(0.92 0.1525184378 0.01)
(0.925 0.1525184378 0.01)
(0.93 0.1525184378 0.01)
(0.935 0.1525184378 0.01)
(0.94 0.1525184378 0.01)
(0.945 0.1525184378 0.01)
(0.95 0.1525184378 0.01)
(0.955 0.1525184378 0.01)
(0.96 0.1525184378 0.01)
(0.965 0.1525184378 0.01)
(0.97 0.1525184378 0.01)
(0.975 0.1525184378 0.01)
(0.98 0.1525184378 0.01)
(0.985 0.1525184378 0.01)
(0.99 0.1525184378 0.01)
(0.995 0.1525184378 0.01)
(1 0.1525184378 0.01)
(0.005 0.1632355619 0.01)
(0.01 0.1632355619 0.01)
(0.015 0.1632355619 0.01)
(0.02 0.1632355619 0.01)
(0.025 0.1632355619 0.01)
(0.03 0.1632355619 0.01)
(0.035 0.1632355619 0.01)
(0.04 0.1632355619 0.01)
(0.045 0.1632355619 0.01)
(0.05 0.1632355619 0.01)
(0.055 0.1632355619 0.01)
(0.06 0.1632355619 0.01)
(0.065 0.1632355619 0.01)
(0.07 0.1632355619 0.01)
(0.075 0.1632355619 0.01)
(0.08 0.1632355619 0.01)
(0.085 0.1632355619 0.01)
(0.09 0.1632355619 0.01)
(0.095 0.1632355619 0.01)
(0.1 0.1632355619 0.01)
(0.105 0.1632355619 0.01)
(0.11 0.1632355619 0.01)
(0.115 0.1632355619 0.01)
(0.12 0.1632355619 0.01)
(0.125 0.1632355619 0.01)
(0.13 0.1632355619 0.01)
(0.135 0.1632355619 0.01)
(0.14 0.1632355619 0.01)
(0.145 0.1632355619 0.01)
(0.15 0.1632355619 0.01)
(0.155 0.1632355619 0.01)
(0.16 0.1632355619 0.01)
(0.165 0.1632355619 0.01)
(0.17 0.1632355619 0.01)
(0.175 0.1632355619 0.01)
(0.18 0.1632355619 0.01)
(0.185 0.1632355619 0.01)
(0.19 0.1632355619 0.01)
(0.195 0.1632355619 0.01)
(0.2 0.1632355619 0.01)
(0.205 0.1632355619 0.01)
(0.21 0.1632355619 0.01)
(0.215 0.1632355619 0.01)
(0.22 0.1632355619 0.01)
(0.225 0.1632355619 0.01)
(0.23 0.1632355619 0.01)
(0.235 0.1632355619 0.01)
(0.24 0.1632355619 0.01)
(0.245 0.1632355619 0.01)
(0.25 0.1632355619 0.01)
(0.255 0.1632355619 0.01)
(0.26 0.1632355619 0.01)
(0.265 0.1632355619 0.01)
(0.27 0.1632355619 0.01)
(0.275 0.1632355619 0.01)
(0.28 0.1632355619 0.01)
(0.285 0.1632355619 0.01)
(0.29 0.1632355619 0.01)
(0.295 0.1632355619 0.01)
(0.3 0.1632355619 0.01)
(0.305 0.1632355619 0.01)
(0.31 0.1632355619 0.01)
(0.315 0.1632355619 0.01)
(0.32 0.1632355619 0.01)
(0.325 0.1632355619 0.01)
(0.33 0.1632355619 0.01)
(0.335 0.1632355619 0.01)
(0.34 0.1632355619 0.01)
(0.345 0.1632355619 0.01)
(0.35 0.1632355619 0.01)
(0.355 0.1632355619 0.01)
(0.36 0.1632355619 0.01)
(0.365 0.1632355619 0.01)
(0.37 0.1632355619 0.01)
(0.375 0.1632355619 0.01)
(0.38 0.1632355619 0.01)
(0.385 0.1632355619 0.01)
(0.39 0.1632355619 0.01)
(0.395 0.1632355619 0.01)
(0.4 0.1632355619 0.01)
(0.405 0.1632355619 0.01)
(0.41 0.1632355619 0.01)
(0.415 0.1632355619 0.01)
(0.42 0.1632355619 0.01)
(0.425 0.1632355619 0.01)
(0.43 0.1632355619 0.01)
(0.435 0.1632355619 0.01)
(0.44 0.1632355619 0.01)
(0.445 0.1632355619 0.01)
(0.45 0.1632355619 0.01)
(0.455 0.1632355619 0.01)
(0.46 0.1632355619 0.01)
(0.465 0.1632355619 0.01)
(0.47 0.1632355619 0.01)
(0.475 0.1632355619 0.01)
(0.48 0.1632355619 0.01)
(0.485 0.1632355619 0.01)
(0.49 0.1632355619 0.01)
(0.495 0.1632355619 0.01)
(0.5 0.1632355619 0.01)
(0.505 0.1632355619 0.01)
(0.51 0.1632355619 0.01)
(0.515 0.1632355619 0.01)
(0.52 0.1632355619 0.01)
(0.525 0.1632355619 0.01)
(0.53 0.1632355619 0.01)
(0.535 0.1632355619 0.01)
(0.54 0.1632355619 0.01)
(0.545 0.1632355619 0.01)
(0.55 0.1632355619 0.01)
(0.555 0.1632355619 0.01)
(0.56 0.1632355619 0.01)
(0.565 0.1632355619 0.01)
(0.57 0.1632355619 0.01)
(0.575 0.1632355619 0.01)
(0.58 0.1632355619 0.01)
(0.585 0.1632355619 0.01)
(0.59 0.1632355619 0.01)
(0.595 0.1632355619 0.01)
(0.6 0.1632355619 0.01)
(0.605 0.1632355619 0.01)
(0.61 0.1632355619 0.01)
(0.615 0.1632355619 0.01)
(0.62 0.1632355619 0.01)
(0.625 0.1632355619 0.01)
(0.63 0.1632355619 0.01)
(0.635 0.1632355619 0.01)
(0.64 0.1632355619 0.01)
(0.645 0.1632355619 0.01)
(0.65 0.1632355619 0.01)
(0.655 0.1632355619 0.01)
(0.66 0.1632355619 0.01)
(0.665 0.1632355619 0.01)
(0.67 0.1632355619 0.01)
(0.675 0.1632355619 0.01)
(0.68 0.1632355619 0.01)
(0.685 0.1632355619 0.01)
(0.69 0.1632355619 0.01)
(0.695 0.1632355619 0.01)
(0.7 0.1632355619 0.01)
(0.705 0.1632355619 0.01)
(0.71 0.1632355619 0.01)
(0.715 0.1632355619 0.01)
(0.72 0.1632355619 0.01)
(0.725 0.1632355619 0.01)
(0.73 0.1632355619 0.01)
(0.735 0.1632355619 0.01)
(0.74 0.1632355619 0.01)
(0.745 0.1632355619 0.01)
(0.75 0.1632355619 0.01)
(0.755 0.1632355619 0.01)
(0.76 0.1632355619 0.01)
(0.765 0.1632355619 0.01)
(0.77 0.1632355619 0.01)
(0.775 0.1632355619 0.01)
(0.78 0.1632355619 0.01)
(0.785 0.1632355619 0.01)
(0.79 0.1632355619 0.01)
(0.795 0.1632355619 0.01)
(0.8 0.1632355619 0.01)
(0.805 0.1632355619 0.01)
(0.81 0.1632355619 0.01)
(0.815 0.1632355619 0.01)
(0.82 0.1632355619 0.01)
(0.825 0.1632355619 0.01)
(0.83 0.1632355619 0.01)
(0.835 0.1632355619 0.01)
(0.84 0.1632355619 0.01)
(0.845 0.1632355619 0.01)
(0.85 0.1632355619 0.01)
(0.855 0.1632355619 0.01)
(0.86 0.1632355619 0.01)
(0.865 0.1632355619 0.01)
(0.87 0.1632355619 0.01)
(0.875 0.1632355619 0.01)
(0.88 0.1632355619 0.01)
(0.885 0.1632355619 0.01)
(0.89 0.1632355619 0.01)
(0.895 0.1632355619 0.01)
(0.9 0.1632355619 0.01)
(0.905 0.1632355619 0.01)
(0.91 0.1632355619 0.01)
(0.915 0.1632355619 0.01)
(0.92 0.1632355619 0.01)
(0.925 0.1632355619 0.01)
(0.93 0.1632355619 0.01)
(0.935 0.1632355619 0.01)
(0.94 0.1632355619 0.01)
(0.945 0.1632355619 0.01)
(0.95 0.1632355619 0.01)
(0.955 0.1632355619 0.01)
(0.96 0.1632355619 0.01)
(0.965 0.1632355619 0.01)
(0.97 0.1632355619 0.01)
(0.975 0.1632355619 0.01)
(0.98 0.1632355619 0.01)
(0.985 0.1632355619 0.01)
(0.99 0.1632355619 0.01)
(0.995 0.1632355619 0.01)
(1 0.1632355619 0.01)
(0.005 0.1746873779 0.01)
(0.01 0.1746873779 0.01)
(0.015 0.1746873779 0.01)
(0.02 0.1746873779 0.01)
(0.025 0.1746873779 0.01)
(0.03 0.1746873779 0.01)
(0.035 0.1746873779 0.01)
(0.04 0.1746873779 0.01)
(0.045 0.1746873779 0.01)
(0.05 0.1746873779 0.01)
(0.055 0.1746873779 0.01)
(0.06 0.1746873779 0.01)
(0.065 0.1746873779 0.01)
(0.07 0.1746873779 0.01)
(0.075 0.1746873779 0.01)
(0.08 0.1746873779 0.01)
(0.085 0.1746873779 0.01)
(0.09 0.1746873779 0.01)
(0.095 0.1746873779 0.01)
(0.1 0.1746873779 0.01)
(0.105 0.1746873779 0.01)
(0.11 0.1746873779 0.01)
(0.115 0.1746873779 0.01)
(0.12 0.1746873779 0.01)
(0.125 0.1746873779 0.01)
(0.13 0.1746873779 0.01)
(0.135 0.1746873779 0.01)
(0.14 0.1746873779 0.01)
(0.145 0.1746873779 0.01)
(0.15 0.1746873779 0.01)
(0.155 0.1746873779 0.01)
(0.16 0.1746873779 0.01)
(0.165 0.1746873779 0.01)
(0.17 0.1746873779 0.01)
(0.175 0.1746873779 0.01)
(0.18 0.1746873779 0.01)
(0.185 0.1746873779 0.01)
(0.19 0.1746873779 0.01)
(0.195 0.1746873779 0.01)
(0.2 0.1746873779 0.01)
(0.205 0.1746873779 0.01)
(0.21 0.1746873779 0.01)
(0.215 0.1746873779 0.01)
(0.22 0.1746873779 0.01)
(0.225 0.1746873779 0.01)
(0.23 0.1746873779 0.01)
(0.235 0.1746873779 0.01)
(0.24 0.1746873779 0.01)
(0.245 0.1746873779 0.01)
(0.25 0.1746873779 0.01)
(0.255 0.1746873779 0.01)
(0.26 0.1746873779 0.01)
(0.265 0.1746873779 0.01)
(0.27 0.1746873779 0.01)
(0.275 0.1746873779 0.01)
(0.28 0.1746873779 0.01)
(0.285 0.1746873779 0.01)
(0.29 0.1746873779 0.01)
(0.295 0.1746873779 0.01)
(0.3 0.1746873779 0.01)
(0.305 0.1746873779 0.01)
(0.31 0.1746873779 0.01)
(0.315 0.1746873779 0.01)
(0.32 0.1746873779 0.01)
(0.325 0.1746873779 0.01)
(0.33 0.1746873779 0.01)
(0.335 0.1746873779 0.01)
(0.34 0.1746873779 0.01)
(0.345 0.1746873779 0.01)
(0.35 0.1746873779 0.01)
(0.355 0.1746873779 0.01)
(0.36 0.1746873779 0.01)
(0.365 0.1746873779 0.01)
(0.37 0.1746873779 0.01)
(0.375 0.1746873779 0.01)
(0.38 0.1746873779 0.01)
(0.385 0.1746873779 0.01)
(0.39 0.1746873779 0.01)
(0.395 0.1746873779 0.01)
(0.4 0.1746873779 0.01)
(0.405 0.1746873779 0.01)
(0.41 0.1746873779 0.01)
(0.415 0.1746873779 0.01)
(0.42 0.1746873779 0.01)
(0.425 0.1746873779 0.01)
(0.43 0.1746873779 0.01)
(0.435 0.1746873779 0.01)
(0.44 0.1746873779 0.01)
(0.445 0.1746873779 0.01)
(0.45 0.1746873779 0.01)
(0.455 0.1746873779 0.01)
(0.46 0.1746873779 0.01)
(0.465 0.1746873779 0.01)
(0.47 0.1746873779 0.01)
(0.475 0.1746873779 0.01)
(0.48 0.1746873779 0.01)
(0.485 0.1746873779 0.01)
(0.49 0.1746873779 0.01)
(0.495 0.1746873779 0.01)
(0.5 0.1746873779 0.01)
(0.505 0.1746873779 0.01)
(0.51 0.1746873779 0.01)
(0.515 0.1746873779 0.01)
(0.52 0.1746873779 0.01)
(0.525 0.1746873779 0.01)
(0.53 0.1746873779 0.01)
(0.535 0.1746873779 0.01)
(0.54 0.1746873779 0.01)
(0.545 0.1746873779 0.01)
(0.55 0.1746873779 0.01)
(0.555 0.1746873779 0.01)
(0.56 0.1746873779 0.01)
(0.565 0.1746873779 0.01)
(0.57 0.1746873779 0.01)
(0.575 0.1746873779 0.01)
(0.58 0.1746873779 0.01)
(0.585 0.1746873779 0.01)
(0.59 0.1746873779 0.01)
(0.595 0.1746873779 0.01)
(0.6 0.1746873779 0.01)
(0.605 0.1746873779 0.01)
(0.61 0.1746873779 0.01)
(0.615 0.1746873779 0.01)
(0.62 0.1746873779 0.01)
(0.625 0.1746873779 0.01)
(0.63 0.1746873779 0.01)
(0.635 0.1746873779 0.01)
(0.64 0.1746873779 0.01)
(0.645 0.1746873779 0.01)
(0.65 0.1746873779 0.01)
(0.655 0.1746873779 0.01)
(0.66 0.1746873779 0.01)
(0.665 0.1746873779 0.01)
(0.67 0.1746873779 0.01)
(0.675 0.1746873779 0.01)
(0.68 0.1746873779 0.01)
(0.685 0.1746873779 0.01)
(0.69 0.1746873779 0.01)
(0.695 0.1746873779 0.01)
(0.7 0.1746873779 0.01)
(0.705 0.1746873779 0.01)
(0.71 0.1746873779 0.01)
(0.715 0.1746873779 0.01)
(0.72 0.1746873779 0.01)
(0.725 0.1746873779 0.01)
(0.73 0.1746873779 0.01)
(0.735 0.1746873779 0.01)
(0.74 0.1746873779 0.01)
(0.745 0.1746873779 0.01)
(0.75 0.1746873779 0.01)
(0.755 0.1746873779 0.01)
(0.76 0.1746873779 0.01)
(0.765 0.1746873779 0.01)
(0.77 0.1746873779 0.01)
(0.775 0.1746873779 0.01)
(0.78 0.1746873779 0.01)
(0.785 0.1746873779 0.01)
(0.79 0.1746873779 0.01)
(0.795 0.1746873779 0.01)
(0.8 0.1746873779 0.01)
(0.805 0.1746873779 0.01)
(0.81 0.1746873779 0.01)
(0.815 0.1746873779 0.01)
(0.82 0.1746873779 0.01)
(0.825 0.1746873779 0.01)
(0.83 0.1746873779 0.01)
(0.835 0.1746873779 0.01)
(0.84 0.1746873779 0.01)
(0.845 0.1746873779 0.01)
(0.85 0.1746873779 0.01)
(0.855 0.1746873779 0.01)
(0.86 0.1746873779 0.01)
(0.865 0.1746873779 0.01)
(0.87 0.1746873779 0.01)
(0.875 0.1746873779 0.01)
(0.88 0.1746873779 0.01)
(0.885 0.1746873779 0.01)
(0.89 0.1746873779 0.01)
(0.895 0.1746873779 0.01)
(0.9 0.1746873779 0.01)
(0.905 0.1746873779 0.01)
(0.91 0.1746873779 0.01)
(0.915 0.1746873779 0.01)
(0.92 0.1746873779 0.01)
(0.925 0.1746873779 0.01)
(0.93 0.1746873779 0.01)
(0.935 0.1746873779 0.01)
(0.94 0.1746873779 0.01)
(0.945 0.1746873779 0.01)
(0.95 0.1746873779 0.01)
(0.955 0.1746873779 0.01)
(0.96 0.1746873779 0.01)
(0.965 0.1746873779 0.01)
(0.97 0.1746873779 0.01)
(0.975 0.1746873779 0.01)
(0.98 0.1746873779 0.01)
(0.985 0.1746873779 0.01)
(0.99 0.1746873779 0.01)
(0.995 0.1746873779 0.01)
(1 0.1746873779 0.01)
(0.005 0.1869242513 0.01)
(0.01 0.1869242513 0.01)
(0.015 0.1869242513 0.01)
(0.02 0.1869242513 0.01)
(0.025 0.1869242513 0.01)
(0.03 0.1869242513 0.01)
(0.035 0.1869242513 0.01)
(0.04 0.1869242513 0.01)
(0.045 0.1869242513 0.01)
(0.05 0.1869242513 0.01)
(0.055 0.1869242513 0.01)
(0.06 0.1869242513 0.01)
(0.065 0.1869242513 0.01)
(0.07 0.1869242513 0.01)
(0.075 0.1869242513 0.01)
(0.08 0.1869242513 0.01)
(0.085 0.1869242513 0.01)
(0.09 0.1869242513 0.01)
(0.095 0.1869242513 0.01)
(0.1 0.1869242513 0.01)
(0.105 0.1869242513 0.01)
(0.11 0.1869242513 0.01)
(0.115 0.1869242513 0.01)
(0.12 0.1869242513 0.01)
(0.125 0.1869242513 0.01)
(0.13 0.1869242513 0.01)
(0.135 0.1869242513 0.01)
(0.14 0.1869242513 0.01)
(0.145 0.1869242513 0.01)
(0.15 0.1869242513 0.01)
(0.155 0.1869242513 0.01)
(0.16 0.1869242513 0.01)
(0.165 0.1869242513 0.01)
(0.17 0.1869242513 0.01)
(0.175 0.1869242513 0.01)
(0.18 0.1869242513 0.01)
(0.185 0.1869242513 0.01)
(0.19 0.1869242513 0.01)
(0.195 0.1869242513 0.01)
(0.2 0.1869242513 0.01)
(0.205 0.1869242513 0.01)
(0.21 0.1869242513 0.01)
(0.215 0.1869242513 0.01)
(0.22 0.1869242513 0.01)
(0.225 0.1869242513 0.01)
(0.23 0.1869242513 0.01)
(0.235 0.1869242513 0.01)
(0.24 0.1869242513 0.01)
(0.245 0.1869242513 0.01)
(0.25 0.1869242513 0.01)
(0.255 0.1869242513 0.01)
(0.26 0.1869242513 0.01)
(0.265 0.1869242513 0.01)
(0.27 0.1869242513 0.01)
(0.275 0.1869242513 0.01)
(0.28 0.1869242513 0.01)
(0.285 0.1869242513 0.01)
(0.29 0.1869242513 0.01)
(0.295 0.1869242513 0.01)
(0.3 0.1869242513 0.01)
(0.305 0.1869242513 0.01)
(0.31 0.1869242513 0.01)
(0.315 0.1869242513 0.01)
(0.32 0.1869242513 0.01)
(0.325 0.1869242513 0.01)
(0.33 0.1869242513 0.01)
(0.335 0.1869242513 0.01)
(0.34 0.1869242513 0.01)
(0.345 0.1869242513 0.01)
(0.35 0.1869242513 0.01)
(0.355 0.1869242513 0.01)
(0.36 0.1869242513 0.01)
(0.365 0.1869242513 0.01)
(0.37 0.1869242513 0.01)
(0.375 0.1869242513 0.01)
(0.38 0.1869242513 0.01)
(0.385 0.1869242513 0.01)
(0.39 0.1869242513 0.01)
(0.395 0.1869242513 0.01)
(0.4 0.1869242513 0.01)
(0.405 0.1869242513 0.01)
(0.41 0.1869242513 0.01)
(0.415 0.1869242513 0.01)
(0.42 0.1869242513 0.01)
(0.425 0.1869242513 0.01)
(0.43 0.1869242513 0.01)
(0.435 0.1869242513 0.01)
(0.44 0.1869242513 0.01)
(0.445 0.1869242513 0.01)
(0.45 0.1869242513 0.01)
(0.455 0.1869242513 0.01)
(0.46 0.1869242513 0.01)
(0.465 0.1869242513 0.01)
(0.47 0.1869242513 0.01)
(0.475 0.1869242513 0.01)
(0.48 0.1869242513 0.01)
(0.485 0.1869242513 0.01)
(0.49 0.1869242513 0.01)
(0.495 0.1869242513 0.01)
(0.5 0.1869242513 0.01)
(0.505 0.1869242513 0.01)
(0.51 0.1869242513 0.01)
(0.515 0.1869242513 0.01)
(0.52 0.1869242513 0.01)
(0.525 0.1869242513 0.01)
(0.53 0.1869242513 0.01)
(0.535 0.1869242513 0.01)
(0.54 0.1869242513 0.01)
(0.545 0.1869242513 0.01)
(0.55 0.1869242513 0.01)
(0.555 0.1869242513 0.01)
(0.56 0.1869242513 0.01)
(0.565 0.1869242513 0.01)
(0.57 0.1869242513 0.01)
(0.575 0.1869242513 0.01)
(0.58 0.1869242513 0.01)
(0.585 0.1869242513 0.01)
(0.59 0.1869242513 0.01)
(0.595 0.1869242513 0.01)
(0.6 0.1869242513 0.01)
(0.605 0.1869242513 0.01)
(0.61 0.1869242513 0.01)
(0.615 0.1869242513 0.01)
(0.62 0.1869242513 0.01)
(0.625 0.1869242513 0.01)
(0.63 0.1869242513 0.01)
(0.635 0.1869242513 0.01)
(0.64 0.1869242513 0.01)
(0.645 0.1869242513 0.01)
(0.65 0.1869242513 0.01)
(0.655 0.1869242513 0.01)
(0.66 0.1869242513 0.01)
(0.665 0.1869242513 0.01)
(0.67 0.1869242513 0.01)
(0.675 0.1869242513 0.01)
(0.68 0.1869242513 0.01)
(0.685 0.1869242513 0.01)
(0.69 0.1869242513 0.01)
(0.695 0.1869242513 0.01)
(0.7 0.1869242513 0.01)
(0.705 0.1869242513 0.01)
(0.71 0.1869242513 0.01)
(0.715 0.1869242513 0.01)
(0.72 0.1869242513 0.01)
(0.725 0.1869242513 0.01)
(0.73 0.1869242513 0.01)
(0.735 0.1869242513 0.01)
(0.74 0.1869242513 0.01)
(0.745 0.1869242513 0.01)
(0.75 0.1869242513 0.01)
(0.755 0.1869242513 0.01)
(0.76 0.1869242513 0.01)
(0.765 0.1869242513 0.01)
(0.77 0.1869242513 0.01)
(0.775 0.1869242513 0.01)
(0.78 0.1869242513 0.01)
(0.785 0.1869242513 0.01)
(0.79 0.1869242513 0.01)
(0.795 0.1869242513 0.01)
(0.8 0.1869242513 0.01)
(0.805 0.1869242513 0.01)
(0.81 0.1869242513 0.01)
(0.815 0.1869242513 0.01)
(0.82 0.1869242513 0.01)
(0.825 0.1869242513 0.01)
(0.83 0.1869242513 0.01)
(0.835 0.1869242513 0.01)
(0.84 0.1869242513 0.01)
(0.845 0.1869242513 0.01)
(0.85 0.1869242513 0.01)
(0.855 0.1869242513 0.01)
(0.86 0.1869242513 0.01)
(0.865 0.1869242513 0.01)
(0.87 0.1869242513 0.01)
(0.875 0.1869242513 0.01)
(0.88 0.1869242513 0.01)
(0.885 0.1869242513 0.01)
(0.89 0.1869242513 0.01)
(0.895 0.1869242513 0.01)
(0.9 0.1869242513 0.01)
(0.905 0.1869242513 0.01)
(0.91 0.1869242513 0.01)
(0.915 0.1869242513 0.01)
(0.92 0.1869242513 0.01)
(0.925 0.1869242513 0.01)
(0.93 0.1869242513 0.01)
(0.935 0.1869242513 0.01)
(0.94 0.1869242513 0.01)
(0.945 0.1869242513 0.01)
(0.95 0.1869242513 0.01)
(0.955 0.1869242513 0.01)
(0.96 0.1869242513 0.01)
(0.965 0.1869242513 0.01)
(0.97 0.1869242513 0.01)
(0.975 0.1869242513 0.01)
(0.98 0.1869242513 0.01)
(0.985 0.1869242513 0.01)
(0.99 0.1869242513 0.01)
(0.995 0.1869242513 0.01)
(1 0.1869242513 0.01)
(0.005 0.2 0.01)
(0.01 0.2 0.01)
(0.015 0.2 0.01)
(0.02 0.2 0.01)
(0.025 0.2 0.01)
(0.03 0.2 0.01)
(0.035 0.2 0.01)
(0.04 0.2 0.01)
(0.045 0.2 0.01)
(0.05 0.2 0.01)
(0.055 0.2 0.01)
(0.06 0.2 0.01)
(0.065 0.2 0.01)
(0.07 0.2 0.01)
(0.075 0.2 0.01)
(0.08 0.2 0.01)
(0.085 0.2 0.01)
(0.09 0.2 0.01)
(0.095 0.2 0.01)
(0.1 0.2 0.01)
(0.105 0.2 0.01)
(0.11 0.2 0.01)
(0.115 0.2 0.01)
(0.12 0.2 0.01)
(0.125 0.2 0.01)
(0.13 0.2 0.01)
(0.135 0.2 0.01)
(0.14 0.2 0.01)
(0.145 0.2 0.01)
(0.15 0.2 0.01)
(0.155 0.2 0.01)
(0.16 0.2 0.01)
(0.165 0.2 0.01)
(0.17 0.2 0.01)
(0.175 0.2 0.01)
(0.18 0.2 0.01)
(0.185 0.2 0.01)
(0.19 0.2 0.01)
(0.195 0.2 0.01)
(0.2 0.2 0.01)
(0.205 0.2 0.01)
(0.21 0.2 0.01)
(0.215 0.2 0.01)
(0.22 0.2 0.01)
(0.225 0.2 0.01)
(0.23 0.2 0.01)
(0.235 0.2 0.01)
(0.24 0.2 0.01)
(0.245 0.2 0.01)
(0.25 0.2 0.01)
(0.255 0.2 0.01)
(0.26 0.2 0.01)
(0.265 0.2 0.01)
(0.27 0.2 0.01)
(0.275 0.2 0.01)
(0.28 0.2 0.01)
(0.285 0.2 0.01)
(0.29 0.2 0.01)
(0.295 0.2 0.01)
(0.3 0.2 0.01)
(0.305 0.2 0.01)
(0.31 0.2 0.01)
(0.315 0.2 0.01)
(0.32 0.2 0.01)
(0.325 0.2 0.01)
(0.33 0.2 0.01)
(0.335 0.2 0.01)
(0.34 0.2 0.01)
(0.345 0.2 0.01)
(0.35 0.2 0.01)
(0.355 0.2 0.01)
(0.36 0.2 0.01)
(0.365 0.2 0.01)
(0.37 0.2 0.01)
(0.375 0.2 0.01)
(0.38 0.2 0.01)
(0.385 0.2 0.01)
(0.39 0.2 0.01)
(0.395 0.2 0.01)
(0.4 0.2 0.01)
(0.405 0.2 0.01)
(0.41 0.2 0.01)
(0.415 0.2 0.01)
(0.42 0.2 0.01)
(0.425 0.2 0.01)
(0.43 0.2 0.01)
(0.435 0.2 0.01)
(0.44 0.2 0.01)
(0.445 0.2 0.01)
(0.45 0.2 0.01)
(0.455 0.2 0.01)
(0.46 0.2 0.01)
(0.465 0.2 0.01)
(0.47 0.2 0.01)
(0.475 0.2 0.01)
(0.48 0.2 0.01)
(0.485 0.2 0.01)
(0.49 0.2 0.01)
(0.495 0.2 0.01)
(0.5 0.2 0.01)
(0.505 0.2 0.01)
(0.51 0.2 0.01)
(0.515 0.2 0.01)
(0.52 0.2 0.01)
(0.525 0.2 0.01)
(0.53 0.2 0.01)
(0.535 0.2 0.01)
(0.54 0.2 0.01)
(0.545 0.2 0.01)
(0.55 0.2 0.01)
(0.555 0.2 0.01)
(0.56 0.2 0.01)
(0.565 0.2 0.01)
(0.57 0.2 0.01)
(0.575 0.2 0.01)
(0.58 0.2 0.01)
(0.585 0.2 0.01)
(0.59 0.2 0.01)
(0.595 0.2 0.01)
(0.6 0.2 0.01)
(0.605 0.2 0.01)
(0.61 0.2 0.01)
(0.615 0.2 0.01)
(0.62 0.2 0.01)
(0.625 0.2 0.01)
(0.63 0.2 0.01)
(0.635 0.2 0.01)
(0.64 0.2 0.01)
(0.645 0.2 0.01)
(0.65 0.2 0.01)
(0.655 0.2 0.01)
(0.66 0.2 0.01)
(0.665 0.2 0.01)
(0.67 0.2 0.01)
(0.675 0.2 0.01)
(0.68 0.2 0.01)
(0.685 0.2 0.01)
(0.69 0.2 0.01)
(0.695 0.2 0.01)
(0.7 0.2 0.01)
(0.705 0.2 0.01)
(0.71 0.2 0.01)
(0.715 0.2 0.01)
(0.72 0.2 0.01)
(0.725 0.2 0.01)
(0.73 0.2 0.01)
(0.735 0.2 0.01)
(0.74 0.2 0.01)
(0.745 0.2 0.01)
(0.75 0.2 0.01)
(0.755 0.2 0.01)
(0.76 0.2 0.01)
(0.765 0.2 0.01)
(0.77 0.2 0.01)
(0.775 0.2 0.01)
(0.78 0.2 0.01)
(0.785 0.2 0.01)
(0.79 0.2 0.01)
(0.795 0.2 0.01)
(0.8 0.2 0.01)
(0.805 0.2 0.01)
(0.81 0.2 0.01)
(0.815 0.2 0.01)
(0.82 0.2 0.01)
(0.825 0.2 0.01)
(0.83 0.2 0.01)
(0.835 0.2 0.01)
(0.84 0.2 0.01)
(0.845 0.2 0.01)
(0.85 0.2 0.01)
(0.855 0.2 0.01)
(0.86 0.2 0.01)
(0.865 0.2 0.01)
(0.87 0.2 0.01)
(0.875 0.2 0.01)
(0.88 0.2 0.01)
(0.885 0.2 0.01)
(0.89 0.2 0.01)
(0.895 0.2 0.01)
(0.9 0.2 0.01)
(0.905 0.2 0.01)
(0.91 0.2 0.01)
(0.915 0.2 0.01)
(0.92 0.2 0.01)
(0.925 0.2 0.01)
(0.93 0.2 0.01)
(0.935 0.2 0.01)
(0.94 0.2 0.01)
(0.945 0.2 0.01)
(0.95 0.2 0.01)
(0.955 0.2 0.01)
(0.96 0.2 0.01)
(0.965 0.2 0.01)
(0.97 0.2 0.01)
(0.975 0.2 0.01)
(0.98 0.2 0.01)
(0.985 0.2 0.01)
(0.99 0.2 0.01)
(0.995 0.2 0.01)
(1 0.2 0.01)
)


// ************************************************************************* //
