/*--------------------------------*- C++ -*----------------------------------*\
  =========                 |
  \\      /  F ield         | OpenFOAM: The Open Source CFD Toolbox
   \\    /   O peration     | Website:  https://openfoam.org
    \\  /    A nd           | Version:  11
     \\/     M anipulation  |
\*---------------------------------------------------------------------------*/
FoamFile
{
    format      ascii;
    class       volVectorField;
    location    "30";
    object      U;
}
// * * * * * * * * * * * * * * * * * * * * * * * * * * * * * * * * * * * * * //

dimensions      [0 1 -1 0 0 0 0];

internalField   nonuniform List<vector> 
8000
(
(0.003688785176 -2.41507977e-06 0)
(0.003775919423 8.400244106e-07 0)
(0.003746679407 1.42134799e-07 0)
(0.003749151991 -4.930992964e-09 0)
(0.003748739326 1.577965043e-08 0)
(0.003748506445 6.755232232e-09 0)
(0.00374840861 4.260511652e-09 0)
(0.003748339041 2.611322493e-09 0)
(0.003748299041 1.348268122e-09 0)
(0.003748282679 5.476018147e-10 0)
(0.003748277918 9.508035748e-11 0)
(0.003748282366 -1.688649333e-10 0)
(0.00374828976 -3.593863469e-10 0)
(0.003748302179 -4.763045432e-10 0)
(0.003748315087 -5.588977345e-10 0)
(0.003748330834 -5.928020669e-10 0)
(0.003748345645 -6.221754073e-10 0)
(0.003748362257 -6.229428085e-10 0)
(0.003748377427 -6.298802605e-10 0)
(0.003748393869 -6.149278716e-10 0)
(0.003748408686 -6.113630465e-10 0)
(0.003748424473 -5.897575643e-10 0)
(0.003748438629 -5.818845424e-10 0)
(0.003748453565 -5.578709144e-10 0)
(0.00374846695 -5.484991267e-10 0)
(0.003748480974 -5.241705929e-10 0)
(0.00374849357 -5.146528352e-10 0)
(0.003748506689 -4.910421461e-10 0)
(0.003748518523 -4.819786406e-10 0)
(0.003748530776 -4.595810318e-10 0)
(0.003748541894 -4.512064989e-10 0)
(0.003748553334 -4.302389431e-10 0)
(0.003748563787 -4.226059347e-10 0)
(0.003748574472 -4.031355228e-10 0)
(0.003748584314 -3.962118004e-10 0)
(0.003748594303 -3.782220073e-10 0)
(0.003748603584 -3.719425459e-10 0)
(0.003748612933 -3.553689109e-10 0)
(0.003748621697 -3.496612452e-10 0)
(0.00374863046 -3.344091773e-10 0)
(0.003748638749 -3.292100329e-10 0)
(0.003748646975 -3.151682922e-10 0)
(0.003748654826 -3.104272073e-10 0)
(0.003748662561 -2.974736116e-10 0)
(0.003748670004 -2.931581437e-10 0)
(0.00374867729 -2.811673376e-10 0)
(0.003748684356 -2.772589059e-10 0)
(0.003748691231 -2.661053228e-10 0)
(0.003748697944 -2.625983624e-10 0)
(0.003748704442 -2.521622297e-10 0)
(0.003748710825 -2.490588935e-10 0)
(0.00374871698 -2.392287457e-10 0)
(0.003748723054 -2.365349192e-10 0)
(0.003748728891 -2.272121595e-10 0)
(0.003748734676 -2.249334725e-10 0)
(0.003748740223 -2.160344033e-10 0)
(0.003748745735 -2.141714419e-10 0)
(0.003748751015 -2.056293342e-10 0)
(0.003748756272 -2.041762301e-10 0)
(0.003748761305 -1.959421603e-10 0)
(0.003748766323 -1.948818188e-10 0)
(0.003748771128 -1.869238341e-10 0)
(0.003748775922 -1.86229003e-10 0)
(0.003748780517 -1.785318068e-10 0)
(0.003748785099 -1.781602183e-10 0)
(0.0037487895 -1.707232349e-10 0)
(0.003748793883 -1.706200663e-10 0)
(0.003748798106 -1.634573088e-10 0)
(0.003748802299 -1.635508268e-10 0)
(0.003748806358 -1.566915836e-10 0)
(0.003748810371 -1.568950657e-10 0)
(0.00374881428 -1.503872979e-10 0)
(0.003748818119 -1.505947064e-10 0)
(0.003748821891 -1.445090327e-10 0)
(0.003748825561 -1.445939844e-10 0)
(0.00374882921 -1.390319612e-10 0)
(0.003748832714 -1.388409651e-10 0)
(0.003748836255 -1.339427867e-10 0)
(0.003748839593 -1.332888882e-10 0)
(0.00374884304 -1.292446995e-10 0)
(0.003748846212 -1.278944468e-10 0)
(0.003748849582 -1.249560369e-10 0)
(0.003748852584 -1.22615348e-10 0)
(0.003748855895 -1.211130358e-10 0)
(0.003748858722 -1.174045237e-10 0)
(0.003748861997 -1.177669077e-10 0)
(0.003748864636 -1.122027339e-10 0)
(0.003748867901 -1.149879161e-10 0)
(0.003748870339 -1.069297e-10 0)
(0.003748873625 -1.128699925e-10 0)
(0.00374887584 -1.014711493e-10 0)
(0.003748879186 -1.115488925e-10 0)
(0.003748881147 -9.5661332e-11 0)
(0.003748884604 -1.1124757e-10 0)
(0.003748886262 -8.925662707e-11 0)
(0.003748889907 -1.12403958e-10 0)
(0.003748891182 -8.192857872e-11 0)
(0.00374889515 -1.161884083e-10 0)
(0.003748895871 -7.511214866e-11 0)
(0.003748900706 -1.279177415e-10 0)
(0.01092654893 -6.221212182e-06 0)
(0.01110796754 1.198070644e-06 0)
(0.01105628747 9.548917112e-07 0)
(0.01105916911 3.520015616e-08 0)
(0.01105850637 6.412452966e-08 0)
(0.01105800731 3.48396661e-08 0)
(0.01105778927 2.07903446e-08 0)
(0.01105764001 1.275670334e-08 0)
(0.01105755286 6.501599462e-09 0)
(0.01105752121 2.322164706e-09 0)
(0.01105751607 -1.420686076e-10 0)
(0.01105753418 -1.568209037e-09 0)
(0.01105755837 -2.563261928e-09 0)
(0.01105759551 -3.19883765e-09 0)
(0.01105763286 -3.624133542e-09 0)
(0.01105767791 -3.819040326e-09 0)
(0.01105771977 -3.950580916e-09 0)
(0.01105776667 -3.959971091e-09 0)
(0.01105780917 -3.96640849e-09 0)
(0.01105785535 -3.889000096e-09 0)
(0.01105789671 -3.836849776e-09 0)
(0.01105794094 -3.722450568e-09 0)
(0.01105798041 -3.646598982e-09 0)
(0.01105802222 -3.519142688e-09 0)
(0.01105805952 -3.435770525e-09 0)
(0.01105809877 -3.306938073e-09 0)
(0.01105813388 -3.223921567e-09 0)
(0.01105817059 -3.099386161e-09 0)
(0.0110582036 -3.020314709e-09 0)
(0.01105823789 -2.902679529e-09 0)
(0.01105826892 -2.829017653e-09 0)
(0.01105830095 -2.71930864e-09 0)
(0.01105833015 -2.65144973e-09 0)
(0.01105836007 -2.549863368e-09 0)
(0.01105838759 -2.487681356e-09 0)
(0.01105841557 -2.393975702e-09 0)
(0.01105844154 -2.337116798e-09 0)
(0.01105846774 -2.25082095e-09 0)
(0.01105849228 -2.198853109e-09 0)
(0.01105851684 -2.11937947e-09 0)
(0.01105854008 -2.071880082e-09 0)
(0.01105856314 -1.99859296e-09 0)
(0.01105858516 -1.955177915e-09 0)
(0.01105860686 -1.887431361e-09 0)
(0.01105862775 -1.847783191e-09 0)
(0.01105864819 -1.784947776e-09 0)
(0.01105866804 -1.748802628e-09 0)
(0.01105868734 -1.690282711e-09 0)
(0.0110587062 -1.657434301e-09 0)
(0.01105872445 -1.602680677e-09 0)
(0.0110587424 -1.572958504e-09 0)
(0.01105875969 -1.521477248e-09 0)
(0.01105877678 -1.494739369e-09 0)
(0.01105879319 -1.446099415e-09 0)
(0.01105880947 -1.422215129e-09 0)
(0.01105882507 -1.376050748e-09 0)
(0.0110588406 -1.354889654e-09 0)
(0.01105885545 -1.310901688e-09 0)
(0.01105887027 -1.292324674e-09 0)
(0.01105888443 -1.250276276e-09 0)
(0.01105889858 -1.234123162e-09 0)
(0.01105891212 -1.193834905e-09 0)
(0.01105892564 -1.179922915e-09 0)
(0.01105893859 -1.141264667e-09 0)
(0.01105895152 -1.1293738e-09 0)
(0.01105896393 -1.092261951e-09 0)
(0.01105897631 -1.082141978e-09 0)
(0.01105898822 -1.046533288e-09 0)
(0.01105900007 -1.037889026e-09 0)
(0.01105901153 -1.003792501e-09 0)
(0.01105902287 -9.962933749e-10 0)
(0.01105903391 -9.637774527e-10 0)
(0.01105904476 -9.570438841e-10 0)
(0.01105905542 -9.262593869e-10 0)
(0.01105906579 -9.198627197e-10 0)
(0.01105907612 -8.91065345e-10 0)
(0.01105908602 -8.845055247e-10 0)
(0.01105909605 -8.580845848e-10 0)
(0.01105910548 -8.507715404e-10 0)
(0.01105911526 -8.272793177e-10 0)
(0.01105912422 -8.184867865e-10 0)
(0.01105913379 -7.986741917e-10 0)
(0.01105914226 -7.874960777e-10 0)
(0.01105915168 -7.723553863e-10 0)
(0.01105915966 -7.576296106e-10 0)
(0.01105916899 -7.484521787e-10 0)
(0.01105917643 -7.286808864e-10 0)
(0.01105918575 -7.271406839e-10 0)
(0.01105919261 -7.003736133e-10 0)
(0.01105920201 -7.086513066e-10 0)
(0.01105920822 -6.723382691e-10 0)
(0.01105921782 -6.933174802e-10 0)
(0.01105922329 -6.440961946e-10 0)
(0.01105923324 -6.817012446e-10 0)
(0.01105923782 -6.151268562e-10 0)
(0.01105924833 -6.7491515e-10 0)
(0.0110592518 -5.854999881e-10 0)
(0.01105926324 -6.756679931e-10 0)
(0.01105926513 -5.66624017e-10 0)
(0.01105927867 -7.083834868e-10 0)
(0.01801313066 -7.68215323e-06 0)
(0.01823153858 -1.079837429e-06 0)
(0.01817924978 2.29243451e-06 0)
(0.01818102321 1.751276835e-07 0)
(0.01818051976 1.301633836e-07 0)
(0.01817996648 8.143472604e-08 0)
(0.01817972017 4.785138914e-08 0)
(0.0181795548 2.929543557e-08 0)
(0.01817945762 1.464552998e-08 0)
(0.01817943121 4.463646929e-09 0)
(0.01817943692 -1.697022047e-09 0)
(0.0181794746 -5.268098389e-09 0)
(0.01817951838 -7.710964584e-09 0)
(0.01817958057 -9.303055644e-09 0)
(0.0181796414 -1.033873519e-08 0)
(0.01817971369 -1.083580101e-08 0)
(0.01817978014 -1.112358469e-08 0)
(0.01817985439 -1.11435995e-08 0)
(0.01817992123 -1.110998191e-08 0)
(0.01817999389 -1.090816517e-08 0)
(0.0181800587 -1.072398902e-08 0)
(0.01818012812 -1.042740468e-08 0)
(0.01818018987 -1.018294833e-08 0)
(0.0181802554 -9.853684634e-09 0)
(0.01818031374 -9.591400158e-09 0)
(0.01818037523 -9.259635196e-09 0)
(0.01818043016 -9.000300267e-09 0)
(0.01818048767 -8.680572795e-09 0)
(0.01818053932 -8.433762902e-09 0)
(0.01818059306 -8.132569437e-09 0)
(0.01818064165 -7.902245539e-09 0)
(0.01818069184 -7.621964406e-09 0)
(0.0181807376 -7.409240441e-09 0)
(0.01818078451 -7.150107981e-09 0)
(0.01818082766 -6.954693356e-09 0)
(0.01818087155 -6.715848351e-09 0)
(0.0181809123 -6.536804542e-09 0)
(0.0181809534 -6.316846726e-09 0)
(0.01818099195 -6.152992241e-09 0)
(0.01818103051 -5.950285605e-09 0)
(0.01818106702 -5.800403806e-09 0)
(0.01818110324 -5.613253723e-09 0)
(0.01818113787 -5.476199456e-09 0)
(0.01818117195 -5.302948227e-09 0)
(0.01818120483 -5.177694196e-09 0)
(0.01818123696 -5.016781428e-09 0)
(0.01818126821 -4.902425027e-09 0)
(0.01818129855 -4.752419424e-09 0)
(0.01818132827 -4.648176992e-09 0)
(0.01818135698 -4.507792842e-09 0)
(0.01818138527 -4.412975923e-09 0)
(0.01818141249 -4.281081797e-09 0)
(0.01818143943 -4.195080357e-09 0)
(0.01818146527 -4.070698048e-09 0)
(0.01818149096 -3.992953494e-09 0)
(0.01818151554 -3.875253266e-09 0)
(0.01818154005 -3.805243245e-09 0)
(0.01818156347 -3.693529221e-09 0)
(0.01818158686 -3.63074569e-09 0)
(0.01818160921 -3.524441219e-09 0)
(0.01818163156 -3.468376606e-09 0)
(0.01818165292 -3.367000237e-09 0)
(0.01818167429 -3.317129666e-09 0)
(0.01818169475 -3.220280153e-09 0)
(0.01818171519 -3.176049565e-09 0)
(0.0181817348 -3.083392047e-09 0)
(0.01818175437 -3.044211557e-09 0)
(0.01818177321 -2.955475919e-09 0)
(0.01818179195 -2.920713162e-09 0)
(0.01818181008 -2.835713514e-09 0)
(0.01818182802 -2.804697236e-09 0)
(0.0181818455 -2.723357442e-09 0)
(0.01818186267 -2.69537282e-09 0)
(0.01818187956 -2.617767418e-09 0)
(0.01818189597 -2.592047012e-09 0)
(0.01818191235 -2.518444883e-09 0)
(0.01818192801 -2.494144594e-09 0)
(0.01818194393 -2.42505361e-09 0)
(0.01818195885 -2.40120914e-09 0)
(0.01818197438 -2.337418056e-09 0)
(0.01818198855 -2.312874997e-09 0)
(0.01818200377 -2.255500211e-09 0)
(0.01818201717 -2.228827342e-09 0)
(0.01818203218 -2.179367561e-09 0)
(0.01818204477 -2.148738699e-09 0)
(0.01818205966 -2.109149689e-09 0)
(0.01818207139 -2.072213128e-09 0)
(0.0181820863 -2.045018346e-09 0)
(0.01818209709 -1.998741187e-09 0)
(0.01818211216 -1.987189272e-09 0)
(0.0181821219 -1.927683896e-09 0)
(0.01818213732 -1.935974912e-09 0)
(0.01818214585 -1.858346384e-09 0)
(0.01818216186 -1.891958499e-09 0)
(0.01818216894 -1.790402168e-09 0)
(0.01818218589 -1.856339883e-09 0)
(0.01818219116 -1.726221075e-09 0)
(0.01818220962 -1.831843279e-09 0)
(0.01818221238 -1.694727054e-09 0)
(0.01818223377 -1.880884439e-09 0)
(0.02493699429 -6.927135293e-06 0)
(0.02515747135 -5.027508161e-06 0)
(0.02511389398 3.341968858e-06 0)
(0.02511478605 3.677205167e-07 0)
(0.0251147698 1.794848782e-07 0)
(0.02511436888 1.241761169e-07 0)
(0.02511419536 7.355532994e-08 0)
(0.02511407913 4.480961858e-08 0)
(0.02511401197 2.149981636e-08 0)
(0.02511401395 4.669463116e-09 0)
(0.02511404375 -5.705504459e-09 0)
(0.02511410803 -1.174778194e-08 0)
(0.02511417497 -1.583783106e-08 0)
(0.025114263 -1.853161183e-08 0)
(0.02511434667 -2.025212479e-08 0)
(0.02511444424 -2.108303079e-08 0)
(0.02511453295 -2.150797906e-08 0)
(0.02511463148 -2.150609488e-08 0)
(0.02511471966 -2.136936544e-08 0)
(0.02511481539 -2.098089964e-08 0)
(0.02511490046 -2.058103154e-08 0)
(0.02511499162 -2.002778491e-08 0)
(0.0251150725 -1.952400945e-08 0)
(0.02511515842 -1.891583196e-08 0)
(0.02511523478 -1.838381729e-08 0)
(0.02511531535 -1.777406648e-08 0)
(0.02511538724 -1.72509821e-08 0)
(0.02511546259 -1.666521791e-08 0)
(0.02511553024 -1.616824755e-08 0)
(0.02511560064 -1.561765141e-08 0)
(0.02511566433 -1.515389165e-08 0)
(0.02511573011 -1.464228446e-08 0)
(0.02511579013 -1.421369295e-08 0)
(0.02511585164 -1.374109401e-08 0)
(0.02511590829 -1.334707312e-08 0)
(0.02511596586 -1.291159177e-08 0)
(0.02511601941 -1.255034593e-08 0)
(0.02511607336 -1.214919455e-08 0)
(0.02511612405 -1.181845576e-08 0)
(0.02511617468 -1.144850418e-08 0)
(0.02511622273 -1.114590436e-08 0)
(0.02511627032 -1.080399362e-08 0)
(0.02511631592 -1.052726001e-08 0)
(0.02511636074 -1.021037156e-08 0)
(0.02511640406 -9.957409681e-09 0)
(0.02511644634 -9.662760966e-09 0)
(0.02511648754 -9.431680888e-09 0)
(0.02511652749 -9.156769275e-09 0)
(0.0251165667 -8.945878855e-09 0)
(0.02511660452 -8.688493853e-09 0)
(0.02511664186 -8.496275187e-09 0)
(0.02511667774 -8.254496217e-09 0)
(0.02511671333 -8.079582307e-09 0)
(0.02511674742 -7.851758794e-09 0)
(0.02511678136 -7.692903184e-09 0)
(0.0251168138 -7.477629517e-09 0)
(0.0251168462 -7.333685125e-09 0)
(0.02511687713 -7.129761484e-09 0)
(0.02511690808 -6.9996522e-09 0)
(0.02511693762 -6.806048715e-09 0)
(0.0251169672 -6.688748291e-09 0)
(0.02511699545 -6.504557318e-09 0)
(0.02511702374 -6.399060119e-09 0)
(0.02511705081 -6.223469368e-09 0)
(0.02511707789 -6.128774182e-09 0)
(0.02511710386 -5.961043892e-09 0)
(0.02511712979 -5.876139613e-09 0)
(0.02511715475 -5.715606625e-09 0)
(0.02511717959 -5.639468853e-09 0)
(0.02511720363 -5.485579631e-09 0)
(0.02511722741 -5.417176632e-09 0)
(0.02511725061 -5.269532975e-09 0)
(0.02511727337 -5.207828589e-09 0)
(0.02511729581 -5.066248877e-09 0)
(0.02511731757 -5.010192567e-09 0)
(0.02511733933 -4.874772077e-09 0)
(0.0251173601 -4.82327259e-09 0)
(0.02511738128 -4.694436113e-09 0)
(0.02511740106 -4.646300006e-09 0)
(0.02511742175 -4.524843236e-09 0)
(0.02511744052 -4.47868154e-09 0)
(0.02511746084 -4.365811856e-09 0)
(0.02511747857 -4.319920361e-09 0)
(0.02511749863 -4.217301428e-09 0)
(0.02511751527 -4.169510847e-09 0)
(0.02511753522 -4.079327906e-09 0)
(0.02511755069 -4.026849685e-09 0)
(0.02511757071 -3.95190908e-09 0)
(0.0251175849 -3.891184894e-09 0)
(0.02511760517 -3.835045359e-09 0)
(0.02511761793 -3.761635478e-09 0)
(0.02511763872 -3.728757052e-09 0)
(0.02511764983 -3.637419793e-09 0)
(0.02511767146 -3.633263071e-09 0)
(0.0251176806 -3.518803894e-09 0)
(0.02511770353 -3.549262775e-09 0)
(0.02511771021 -3.411444116e-09 0)
(0.02511773516 -3.479387687e-09 0)
(0.02511773855 -3.358044612e-09 0)
(0.02511776696 -3.53626721e-09 0)
(0.03168845958 -4.905432934e-06 0)
(0.03189340693 -9.065904438e-06 0)
(0.0318601425 3.752794124e-06 0)
(0.03186064009 5.357678611e-07 0)
(0.03186133153 1.824527085e-07 0)
(0.03186124747 1.422262761e-07 0)
(0.03186123532 8.643893371e-08 0)
(0.03186122546 5.213886219e-08 0)
(0.03186122526 2.269990991e-08 0)
(0.03186127798 4.277498593e-10 0)
(0.03186134511 -1.352153343e-08 0)
(0.03186144301 -2.166754868e-08 0)
(0.03186153671 -2.715510872e-08 0)
(0.03186165132 -3.0794071e-08 0)
(0.0318617572 -3.30743416e-08 0)
(0.03186187798 -3.414575466e-08 0)
(0.03186198649 -3.461036344e-08 0)
(0.03186210608 -3.450779462e-08 0)
(0.03186221243 -3.417886198e-08 0)
(0.03186232758 -3.353098106e-08 0)
(0.03186242954 -3.283044642e-08 0)
(0.03186253873 -3.195198597e-08 0)
(0.0318626354 -3.110805592e-08 0)
(0.03186273812 -3.015695636e-08 0)
(0.03186282931 -2.927910195e-08 0)
(0.03186292554 -2.833214544e-08 0)
(0.03186301141 -2.747429071e-08 0)
(0.03186310139 -2.656803559e-08 0)
(0.03186318222 -2.575506276e-08 0)
(0.03186326632 -2.490512052e-08 0)
(0.03186334247 -2.414715776e-08 0)
(0.03186342109 -2.335840766e-08 0)
(0.03186349293 -2.265803921e-08 0)
(0.03186356648 -2.192984912e-08 0)
(0.03186363435 -2.128589554e-08 0)
(0.03186370323 -2.061491202e-08 0)
(0.03186376745 -2.002441966e-08 0)
(0.03186383205 -1.940606609e-08 0)
(0.0318638929 -1.886537076e-08 0)
(0.03186395357 -1.829466975e-08 0)
(0.0318640113 -1.779994306e-08 0)
(0.03186406838 -1.727197358e-08 0)
(0.03186412322 -1.681951155e-08 0)
(0.031864177 -1.632965171e-08 0)
(0.03186422914 -1.591599808e-08 0)
(0.03186427992 -1.546005217e-08 0)
(0.03186432954 -1.50820467e-08 0)
(0.03186437757 -1.465629246e-08 0)
(0.03186442482 -1.431106645e-08 0)
(0.03186447033 -1.391225457e-08 0)
(0.03186451536 -1.359721111e-08 0)
(0.03186455856 -1.322254031e-08 0)
(0.03186460151 -1.293532742e-08 0)
(0.03186464259 -1.25823963e-08 0)
(0.03186468357 -1.232087715e-08 0)
(0.0318647227 -1.198762843e-08 0)
(0.03186476185 -1.174985524e-08 0)
(0.03186479918 -1.143450445e-08 0)
(0.03186483659 -1.121868556e-08 0)
(0.03186487227 -1.091965808e-08 0)
(0.03186490805 -1.072412808e-08 0)
(0.0318649422 -1.0439984e-08 0)
(0.03186497645 -1.026316285e-08 0)
(0.03186500918 -9.992558211e-09 0)
(0.03186504198 -9.832929201e-09 0)
(0.03186507341 -9.574584989e-09 0)
(0.03186510483 -9.430672945e-09 0)
(0.03186513507 -9.183389276e-09 0)
(0.03186516516 -9.053761415e-09 0)
(0.03186519431 -8.816465786e-09 0)
(0.03186522313 -8.699742573e-09 0)
(0.03186525129 -8.471558537e-09 0)
(0.03186527888 -8.366427088e-09 0)
(0.03186530613 -8.146753239e-09 0)
(0.03186533251 -8.051959997e-09 0)
(0.03186535898 -7.840542577e-09 0)
(0.03186538415 -7.754867865e-09 0)
(0.03186540994 -7.551851318e-09 0)
(0.0318654339 -7.474033168e-09 0)
(0.03186545914 -7.279989645e-09 0)
(0.03186548186 -7.208611796e-09 0)
(0.03186550668 -7.024559849e-09 0)
(0.03186552812 -6.957906021e-09 0)
(0.03186555268 -6.785327804e-09 0)
(0.03186557277 -6.721213037e-09 0)
(0.03186559724 -6.562087666e-09 0)
(0.03186561588 -6.497701628e-09 0)
(0.03186564048 -6.354564945e-09 0)
(0.03186565752 -6.286362506e-09 0)
(0.0318656825 -6.162369816e-09 0)
(0.03186569776 -6.086079079e-09 0)
(0.03186572343 -5.98501311e-09 0)
(0.03186573662 -5.896037731e-09 0)
(0.03186576338 -5.822094372e-09 0)
(0.03186577412 -5.717208072e-09 0)
(0.03186580251 -5.673677385e-09 0)
(0.03186581024 -5.558176714e-09 0)
(0.03186584106 -5.544353335e-09 0)
(0.03186584491 -5.466513394e-09 0)
(0.03186587947 -5.596889799e-09 0)
(0.03826025836 -2.40523153e-06 0)
(0.03844351549 -1.243648709e-05 0)
(0.03841881166 3.580118367e-06 0)
(0.038418969 6.3434844e-07 0)
(0.0384203912 1.253372594e-07 0)
(0.03842070182 1.223313682e-07 0)
(0.03842090019 7.838319456e-08 0)
(0.03842103171 4.603120069e-08 0)
(0.03842112343 1.482776776e-08 0)
(0.03842124279 -1.03540577e-08 0)
(0.03842135701 -2.635178265e-08 0)
(0.03842149334 -3.565482762e-08 0)
(0.03842161602 -4.19115704e-08 0)
(0.03842175696 -4.608211618e-08 0)
(0.03842188379 -4.862368919e-08 0)
(0.03842202512 -4.972789193e-08 0)
(0.03842215058 -5.006236361e-08 0)
(0.03842228758 -4.973477687e-08 0)
(0.03842240861 -4.90991265e-08 0)
(0.03842253919 -4.810559867e-08 0)
(0.03842265439 -4.701651303e-08 0)
(0.0384227776 -4.574608463e-08 0)
(0.03842288649 -4.448884847e-08 0)
(0.03842300213 -4.31395158e-08 0)
(0.03842310473 -4.185213128e-08 0)
(0.03842321297 -4.05202483e-08 0)
(0.03842330958 -3.927082989e-08 0)
(0.03842341078 -3.800188964e-08 0)
(0.03842350179 -3.682163556e-08 0)
(0.0384235964 -3.563443033e-08 0)
(0.03842368222 -3.453566356e-08 0)
(0.03842377072 -3.343528913e-08 0)
(0.03842385178 -3.242065229e-08 0)
(0.03842393463 -3.140521351e-08 0)
(0.0384240113 -3.047251826e-08 0)
(0.03842408896 -2.953673392e-08 0)
(0.0384241616 -2.868152e-08 0)
(0.0384242345 -2.781866444e-08 0)
(0.0384243034 -2.703556792e-08 0)
(0.03842437194 -2.623853908e-08 0)
(0.03842443738 -2.552199704e-08 0)
(0.03842450192 -2.478390014e-08 0)
(0.03842456414 -2.412852236e-08 0)
(0.03842462503 -2.3442975e-08 0)
(0.03842468425 -2.284370526e-08 0)
(0.0384247418 -2.220498362e-08 0)
(0.0384247982 -2.165716845e-08 0)
(0.03842485269 -2.106024731e-08 0)
(0.03842490644 -2.055963573e-08 0)
(0.03842495813 -2.000016482e-08 0)
(0.0384250094 -1.954289456e-08 0)
(0.03842505851 -1.901714025e-08 0)
(0.03842510745 -1.859970941e-08 0)
(0.03842515419 -1.810447055e-08 0)
(0.03842520094 -1.772371071e-08 0)
(0.0384252455 -1.725622403e-08 0)
(0.03842529018 -1.690926923e-08 0)
(0.03842533273 -1.646710188e-08 0)
(0.03842537546 -1.615135183e-08 0)
(0.03842541617 -1.573230721e-08 0)
(0.03842545707 -1.544538618e-08 0)
(0.03842549606 -1.504740177e-08 0)
(0.03842553522 -1.478710566e-08 0)
(0.03842557264 -1.440820236e-08 0)
(0.03842561016 -1.417246836e-08 0)
(0.03842564613 -1.381071434e-08 0)
(0.03842568209 -1.359759213e-08 0)
(0.03842571672 -1.325112943e-08 0)
(0.03842575118 -1.305878674e-08 0)
(0.03842578459 -1.272589654e-08 0)
(0.03842581761 -1.255263751e-08 0)
(0.03842584991 -1.223183182e-08 0)
(0.03842588152 -1.207612341e-08 0)
(0.03842591284 -1.17662395e-08 0)
(0.03842594306 -1.162671049e-08 0)
(0.0384259735 -1.13269906e-08 0)
(0.03842600234 -1.120240961e-08 0)
(0.03842603205 -1.091254178e-08 0)
(0.03842605948 -1.080172947e-08 0)
(0.0384260886 -1.052185605e-08 0)
(0.0384261146 -1.042355779e-08 0)
(0.03842614328 -1.015426075e-08 0)
(0.03842616779 -1.006697961e-08 0)
(0.03842619623 -9.809258795e-09 0)
(0.03842621915 -9.731075687e-09 0)
(0.03842624755 -9.486337128e-09 0)
(0.03842626877 -9.414762815e-09 0)
(0.03842629739 -9.184824362e-09 0)
(0.03842631673 -9.116746191e-09 0)
(0.03842634585 -8.903819096e-09 0)
(0.03842636308 -8.835642244e-09 0)
(0.03842639307 -8.642199631e-09 0)
(0.03842640786 -8.570552191e-09 0)
(0.03842643918 -8.398887879e-09 0)
(0.03842645111 -8.32293242e-09 0)
(0.03842648434 -8.17370534e-09 0)
(0.0384264928 -8.102905514e-09 0)
(0.03842652878 -7.976219358e-09 0)
(0.03842653293 -7.954957799e-09 0)
(0.03842657277 -8.010253928e-09 0)
(0.04464757879 8.507503456e-08 0)
(0.04480922629 -1.490115947e-05 0)
(0.04479076949 3.024766932e-06 0)
(0.04479024932 6.701845026e-07 0)
(0.04479221274 1.544617798e-08 0)
(0.04479288754 6.195064412e-08 0)
(0.04479328793 4.647882584e-08 0)
(0.04479356176 2.419962289e-08 0)
(0.04479375009 -3.842621893e-09 0)
(0.04479393974 -2.880467894e-08 0)
(0.04479410339 -4.483471189e-08 0)
(0.04479427822 -5.398200689e-08 0)
(0.04479442896 -6.012475227e-08 0)
(0.04479459379 -6.423417812e-08 0)
(0.04479473881 -6.661366621e-08 0)
(0.04479489695 -6.745813018e-08 0)
(0.04479503568 -6.74387071e-08 0)
(0.04479518577 -6.672837934e-08 0)
(0.0447953175 -6.565415648e-08 0)
(0.04479545906 -6.422096262e-08 0)
(0.04479558349 -6.265644873e-08 0)
(0.04479571637 -6.093211952e-08 0)
(0.04479583359 -5.919832383e-08 0)
(0.044795958 -5.740603347e-08 0)
(0.04479606834 -5.565928206e-08 0)
(0.04479618469 -5.390759616e-08 0)
(0.04479628861 -5.222508448e-08 0)
(0.0447963974 -5.056458238e-08 0)
(0.04479649538 -4.898113521e-08 0)
(0.04479659714 -4.743166316e-08 0)
(0.04479668966 -4.596030645e-08 0)
(0.04479678492 -4.452593695e-08 0)
(0.04479687243 -4.316849263e-08 0)
(0.0447969617 -4.184531155e-08 0)
(0.0447970446 -4.059802656e-08 0)
(0.04479712837 -3.937834762e-08 0)
(0.04479720702 -3.823487383e-08 0)
(0.04479728576 -3.710951611e-08 0)
(0.04479736047 -3.606250375e-08 0)
(0.04479743459 -3.502204518e-08 0)
(0.04479750564 -3.406396616e-08 0)
(0.04479757554 -3.309941662e-08 0)
(0.04479764319 -3.222299594e-08 0)
(0.04479770921 -3.13261418e-08 0)
(0.04479777367 -3.052454871e-08 0)
(0.04479783615 -2.968809964e-08 0)
(0.04479789761 -2.895503126e-08 0)
(0.04479795685 -2.817264036e-08 0)
(0.04479801549 -2.750232648e-08 0)
(0.04479807175 -2.676853193e-08 0)
(0.04479812774 -2.615572724e-08 0)
(0.04479818126 -2.546585199e-08 0)
(0.04479823476 -2.490580742e-08 0)
(0.04479828576 -2.425583264e-08 0)
(0.0447983369 -2.374427222e-08 0)
(0.04479838559 -2.313069862e-08 0)
(0.04479843451 -2.266378205e-08 0)
(0.04479848105 -2.208348532e-08 0)
(0.04479852789 -2.165776696e-08 0)
(0.04479857245 -2.110787068e-08 0)
(0.04479861731 -2.072024393e-08 0)
(0.04479866005 -2.019799296e-08 0)
(0.04479870304 -1.984562452e-08 0)
(0.04479874409 -1.934832339e-08 0)
(0.04479878531 -1.902861142e-08 0)
(0.04479882481 -1.855358612e-08 0)
(0.04479886434 -1.826412554e-08 0)
(0.04479890241 -1.780876345e-08 0)
(0.04479894031 -1.754735576e-08 0)
(0.04479897708 -1.710918883e-08 0)
(0.04479901341 -1.68738712e-08 0)
(0.04479904901 -1.645068912e-08 0)
(0.04479908379 -1.62397758e-08 0)
(0.04479911835 -1.582973364e-08 0)
(0.0447991516 -1.564182561e-08 0)
(0.04479918525 -1.524352609e-08 0)
(0.04479921698 -1.507749452e-08 0)
(0.04479924986 -1.469001409e-08 0)
(0.04479928003 -1.454490412e-08 0)
(0.04479931232 -1.416777472e-08 0)
(0.04479934089 -1.40426643e-08 0)
(0.04479937277 -1.367581901e-08 0)
(0.04479939966 -1.356963273e-08 0)
(0.04479943133 -1.321333996e-08 0)
(0.04479945644 -1.312465908e-08 0)
(0.04479948814 -1.27794626e-08 0)
(0.04479951133 -1.270638541e-08 0)
(0.04479954334 -1.237305752e-08 0)
(0.0447995644 -1.231319371e-08 0)
(0.04479959706 -1.199265461e-08 0)
(0.04479961573 -1.194336633e-08 0)
(0.04479964942 -1.163648097e-08 0)
(0.04479966535 -1.159576508e-08 0)
(0.04479970057 -1.130291487e-08 0)
(0.04479971329 -1.127185693e-08 0)
(0.04479975067 -1.099228639e-08 0)
(0.04479975957 -1.098150614e-08 0)
(0.0447997999 -1.072166499e-08 0)
(0.04479980425 -1.076155726e-08 0)
(0.04479984843 -1.07228178e-08 0)
(0.05084768367 2.297649092e-06 0)
(0.05099035597 -1.648511686e-05 0)
(0.05097645249 2.274741627e-06 0)
(0.05097485324 6.784664136e-07 0)
(0.05097704929 -1.224469977e-07 0)
(0.05097797312 -3.035477163e-08 0)
(0.05097851273 -5.860483706e-09 0)
(0.0509788938 -1.1756202e-08 0)
(0.05097915993 -3.264230858e-08 0)
(0.0509794082 -5.456490806e-08 0)
(0.05097961362 -6.865111652e-08 0)
(0.05097982032 -7.628874695e-08 0)
(0.05097999366 -8.137959438e-08 0)
(0.05098017677 -8.478459402e-08 0)
(0.05098033501 -8.653815468e-08 0)
(0.05098050461 -8.680117039e-08 0)
(0.05098065179 -8.618737427e-08 0)
(0.05098080976 -8.492859187e-08 0)
(0.05098094751 -8.328449129e-08 0)
(0.05098109507 -8.132251715e-08 0)
(0.05098122429 -7.920605669e-08 0)
(0.05098136212 -7.697762921e-08 0)
(0.0509814835 -7.471930255e-08 0)
(0.05098161228 -7.245408543e-08 0)
(0.05098172648 -7.021540068e-08 0)
(0.05098184684 -6.802465449e-08 0)
(0.05098195445 -6.588515007e-08 0)
(0.05098206703 -6.381954882e-08 0)
(0.05098216863 -6.181412293e-08 0)
(0.05098227402 -5.989188134e-08 0)
(0.05098237012 -5.803234158e-08 0)
(0.0509824689 -5.62550391e-08 0)
(0.05098255996 -5.454131865e-08 0)
(0.05098265267 -5.290221429e-08 0)
(0.05098273909 -5.132838136e-08 0)
(0.05098282623 -4.981694704e-08 0)
(0.05098290837 -4.837439561e-08 0)
(0.05098299039 -4.69787736e-08 0)
(0.05098306856 -4.565792945e-08 0)
(0.05098314591 -4.436628224e-08 0)
(0.05098322038 -4.315748668e-08 0)
(0.05098329344 -4.195870752e-08 0)
(0.05098336445 -4.08526762e-08 0)
(0.05098343357 -3.973674115e-08 0)
(0.05098350133 -3.872477186e-08 0)
(0.05098356686 -3.768286492e-08 0)
(0.05098363157 -3.675692787e-08 0)
(0.05098369379 -3.578142756e-08 0)
(0.05098375561 -3.493417476e-08 0)
(0.05098381479 -3.401855015e-08 0)
(0.0509838739 -3.324331199e-08 0)
(0.05098393029 -3.238197391e-08 0)
(0.05098398683 -3.167273062e-08 0)
(0.05098404064 -3.086085831e-08 0)
(0.05098409476 -3.021221929e-08 0)
(0.05098414619 -2.944557627e-08 0)
(0.05098419802 -2.885273447e-08 0)
(0.05098424725 -2.812748749e-08 0)
(0.05098429693 -2.758617234e-08 0)
(0.05098434412 -2.689873276e-08 0)
(0.05098439175 -2.640513683e-08 0)
(0.05098443707 -2.575201329e-08 0)
(0.05098448276 -2.53027125e-08 0)
(0.05098452634 -2.468043995e-08 0)
(0.05098457019 -2.427233746e-08 0)
(0.05098461217 -2.367743941e-08 0)
(0.05098465425 -2.330772591e-08 0)
(0.05098469477 -2.273676755e-08 0)
(0.05098473514 -2.240293517e-08 0)
(0.05098477433 -2.185262377e-08 0)
(0.05098481304 -2.155250883e-08 0)
(0.05098485104 -2.101982623e-08 0)
(0.05098488811 -2.075166761e-08 0)
(0.05098492505 -2.023398893e-08 0)
(0.0509849605 -1.999645244e-08 0)
(0.05098499654 -1.949162786e-08 0)
(0.05098503035 -1.928379705e-08 0)
(0.05098506563 -1.879016122e-08 0)
(0.05098509777 -1.86114351e-08 0)
(0.05098513248 -1.812776008e-08 0)
(0.0509851629 -1.797769831e-08 0)
(0.05098519723 -1.7503099e-08 0)
(0.05098522583 -1.73812149e-08 0)
(0.05098526002 -1.69150409e-08 0)
(0.05098528667 -1.682059598e-08 0)
(0.05098532098 -1.636233023e-08 0)
(0.05098534553 -1.629419009e-08 0)
(0.05098538025 -1.584336769e-08 0)
(0.05098540247 -1.58000123e-08 0)
(0.05098543797 -1.535612565e-08 0)
(0.05098545757 -1.533591552e-08 0)
(0.05098549427 -1.489826096e-08 0)
(0.05098551088 -1.490029487e-08 0)
(0.05098554929 -1.446788648e-08 0)
(0.05098556244 -1.449402576e-08 0)
(0.05098560316 -1.40666792e-08 0)
(0.05098561228 -1.41251264e-08 0)
(0.05098565605 -1.372046636e-08 0)
(0.05098566049 -1.382141405e-08 0)
(0.05098570806 -1.367588242e-08 0)
(0.05685930545 4.117990555e-06 0)
(0.05698610562 -1.732894948e-05 0)
(0.05697581811 1.45325148e-06 0)
(0.05697292004 6.926355157e-07 0)
(0.05697505183 -2.576666668e-07 0)
(0.05697608266 -1.389319387e-07 0)
(0.05697667024 -7.024536171e-08 0)
(0.05697709873 -5.672241013e-08 0)
(0.05697740509 -6.845103743e-08 0)
(0.05697768662 -8.560473567e-08 0)
(0.0569779164 -9.63470772e-08 0)
(0.05697814146 -1.014365942e-07 0)
(0.05697832708 -1.047194519e-07 0)
(0.05697851941 -1.068851101e-07 0)
(0.05697868341 -1.076176035e-07 0)
(0.05697885731 -1.070230842e-07 0)
(0.0569790068 -1.056097891e-07 0)
(0.05697916651 -1.036649075e-07 0)
(0.05697930491 -1.013459993e-07 0)
(0.05697945295 -9.878917962e-08 0)
(0.05697958211 -9.60680052e-08 0)
(0.0569797199 -9.330650273e-08 0)
(0.05697984102 -9.049822371e-08 0)
(0.05697996959 -8.775004797e-08 0)
(0.05698008356 -8.500827777e-08 0)
(0.05698020373 -8.237780511e-08 0)
(0.05698031129 -7.977752256e-08 0)
(0.05698042379 -7.73104303e-08 0)
(0.05698052555 -7.488293087e-08 0)
(0.05698063102 -7.259309522e-08 0)
(0.05698072749 -7.034700443e-08 0)
(0.05698082652 -6.823209599e-08 0)
(0.05698091815 -6.616441146e-08 0)
(0.05698101127 -6.421415607e-08 0)
(0.05698109845 -6.231621338e-08 0)
(0.05698118614 -6.051692878e-08 0)
(0.0569812692 -5.877757506e-08 0)
(0.05698135193 -5.711463485e-08 0)
(0.05698143115 -5.552192393e-08 0)
(0.05698150932 -5.398110291e-08 0)
(0.05698158495 -5.252317416e-08 0)
(0.05698165894 -5.109133874e-08 0)
(0.05698173121 -4.975686824e-08 0)
(0.05698180136 -4.842230026e-08 0)
(0.05698187045 -4.720070966e-08 0)
(0.05698193708 -4.595318785e-08 0)
(0.05698200318 -4.483473256e-08 0)
(0.05698206657 -4.366547249e-08 0)
(0.05698212984 -4.264125431e-08 0)
(0.05698219024 -4.154275014e-08 0)
(0.05698225083 -4.060471526e-08 0)
(0.05698230848 -3.957053917e-08 0)
(0.05698236653 -3.871144979e-08 0)
(0.05698242164 -3.773603008e-08 0)
(0.05698247729 -3.694944325e-08 0)
(0.05698253005 -3.602783632e-08 0)
(0.05698258342 -3.530804829e-08 0)
(0.056982634 -3.443572403e-08 0)
(0.05698268522 -3.37777144e-08 0)
(0.05698273378 -3.295036955e-08 0)
(0.05698278295 -3.234970735e-08 0)
(0.05698282966 -3.156310183e-08 0)
(0.05698287688 -3.101585061e-08 0)
(0.05698292186 -3.026572917e-08 0)
(0.05698296722 -2.976837473e-08 0)
(0.05698301062 -2.905043112e-08 0)
(0.05698305419 -2.859983755e-08 0)
(0.05698309614 -2.790977994e-08 0)
(0.05698313797 -2.750320772e-08 0)
(0.05698317861 -2.683687433e-08 0)
(0.05698321875 -2.647203923e-08 0)
(0.05698325821 -2.582554758e-08 0)
(0.05698329668 -2.550069748e-08 0)
(0.05698333511 -2.487057259e-08 0)
(0.05698337189 -2.458452998e-08 0)
(0.05698340946 -2.396778457e-08 0)
(0.05698344454 -2.371994594e-08 0)
(0.0569834814 -2.311407427e-08 0)
(0.05698351473 -2.290430324e-08 0)
(0.05698355107 -2.230720772e-08 0)
(0.05698358259 -2.213566471e-08 0)
(0.05698361862 -2.154552593e-08 0)
(0.05698364822 -2.141243533e-08 0)
(0.05698368418 -2.082757055e-08 0)
(0.05698371172 -2.073298766e-08 0)
(0.0569837479 -2.015172438e-08 0)
(0.05698377319 -2.009536295e-08 0)
(0.0569838099 -1.951595606e-08 0)
(0.05698383272 -1.949716428e-08 0)
(0.05698387032 -1.891775549e-08 0)
(0.05698389036 -1.893570533e-08 0)
(0.05698392929 -1.835436843e-08 0)
(0.05698394618 -1.840866089e-08 0)
(0.05698398695 -1.782398707e-08 0)
(0.05698400022 -1.791574098e-08 0)
(0.05698404341 -1.733031825e-08 0)
(0.05698405253 -1.746208548e-08 0)
(0.0569840988 -1.690790495e-08 0)
(0.05698410323 -1.70670595e-08 0)
(0.05698415318 -1.680749388e-08 0)
(0.06268204528 5.529606843e-06 0)
(0.0627956735 -1.759943115e-05 0)
(0.06278854414 6.239337433e-07 0)
(0.06278436125 7.279399998e-07 0)
(0.06278622891 -3.658721447e-07 0)
(0.0627872548 -2.475329929e-07 0)
(0.06278780536 -1.366204949e-07 0)
(0.0627882168 -1.037494164e-07 0)
(0.06278851844 -1.065224721e-07 0)
(0.06278880069 -1.186202838e-07 0)
(0.06278903137 -1.255178603e-07 0)
(0.06278925652 -1.275910801e-07 0)
(0.06278944042 -1.286822708e-07 0)
(0.06278963018 -1.293210207e-07 0)
(0.06278979046 -1.288075208e-07 0)
(0.06278996007 -1.271982283e-07 0)
(0.06279010466 -1.248688204e-07 0)
(0.0627902592 -1.2216625e-07 0)
(0.06279039232 -1.191217146e-07 0)
(0.062790535 -1.159468196e-07 0)
(0.06279065898 -1.126065087e-07 0)
(0.06279079157 -1.093145212e-07 0)
(0.06279090787 -1.059611323e-07 0)
(0.0627910316 -1.027453172e-07 0)
(0.06279114124 -9.95147923e-08 0)
(0.06279125704 -9.646533312e-08 0)
(0.06279136078 -9.342270608e-08 0)
(0.06279146938 -9.057631521e-08 0)
(0.06279156784 -8.774636956e-08 0)
(0.06279166988 -8.511050705e-08 0)
(0.06279176353 -8.249716026e-08 0)
(0.06279185957 -8.006457642e-08 0)
(0.06279194883 -7.766112907e-08 0)
(0.06279203937 -7.541760112e-08 0)
(0.06279212456 -7.321231118e-08 0)
(0.06279221005 -7.114091616e-08 0)
(0.06279229146 -6.911996194e-08 0)
(0.06279237233 -6.720339501e-08 0)
(0.0627924502 -6.535245318e-08 0)
(0.06279252681 -6.357427759e-08 0)
(0.06279260137 -6.187933961e-08 0)
(0.06279267407 -6.02246057e-08 0)
(0.0627927455 -5.867239184e-08 0)
(0.06279281461 -5.712790043e-08 0)
(0.06279288306 -5.570605602e-08 0)
(0.06279294886 -5.42603786e-08 0)
(0.06279301449 -5.295755311e-08 0)
(0.06279307724 -5.160091552e-08 0)
(0.0627931402 -5.040677715e-08 0)
(0.06279320013 -4.913084224e-08 0)
(0.06279326055 -4.803607477e-08 0)
(0.06279331787 -4.683369029e-08 0)
(0.06279337587 -4.582996422e-08 0)
(0.06279343078 -4.469489375e-08 0)
(0.06279348649 -4.377484141e-08 0)
(0.06279353916 -4.270149716e-08 0)
(0.06279359268 -4.18586452e-08 0)
(0.06279364327 -4.084184428e-08 0)
(0.06279369472 -4.007054602e-08 0)
(0.06279374338 -3.910530108e-08 0)
(0.06279379285 -3.840062057e-08 0)
(0.06279383973 -3.748196411e-08 0)
(0.06279388731 -3.683956506e-08 0)
(0.06279393253 -3.596246606e-08 0)
(0.0627939783 -3.537852292e-08 0)
(0.06279402201 -3.453785346e-08 0)
(0.06279406601 -3.4009004e-08 0)
(0.06279410834 -3.319961524e-08 0)
(0.06279415064 -3.272298329e-08 0)
(0.06279419172 -3.193983364e-08 0)
(0.06279423233 -3.151310548e-08 0)
(0.06279427231 -3.075142416e-08 0)
(0.06279431124 -3.037294478e-08 0)
(0.06279435026 -2.962836843e-08 0)
(0.06279438751 -2.929720426e-08 0)
(0.06279442572 -2.856585658e-08 0)
(0.06279446124 -2.828180358e-08 0)
(0.06279449882 -2.756027791e-08 0)
(0.06279453257 -2.732375026e-08 0)
(0.06279456972 -2.660901615e-08 0)
(0.0627946016 -2.642085696e-08 0)
(0.06279463853 -2.571010508e-08 0)
(0.06279466844 -2.557131933e-08 0)
(0.06279470538 -2.48618016e-08 0)
(0.06279473317 -2.477327867e-08 0)
(0.06279477043 -2.406218084e-08 0)
(0.06279479588 -2.402446175e-08 0)
(0.06279483378 -2.33088605e-08 0)
(0.06279485667 -2.332202007e-08 0)
(0.06279489557 -2.259897323e-08 0)
(0.06279491559 -2.266262443e-08 0)
(0.06279495592 -2.192955744e-08 0)
(0.0627949727 -2.204300279e-08 0)
(0.06279501496 -2.129921578e-08 0)
(0.06279502806 -2.146127392e-08 0)
(0.06279507279 -2.07140852e-08 0)
(0.06279508173 -2.091927152e-08 0)
(0.0627951295 -2.021649121e-08 0)
(0.06279513384 -2.042928849e-08 0)
(0.06279518514 -2.005346293e-08 0)
(0.06831592009 6.566635817e-06 0)
(0.06841849409 -1.744322526e-05 0)
(0.06841425501 -1.902473923e-07 0)
(0.06840895822 7.804844345e-07 0)
(0.06841047128 -4.351246668e-07 0)
(0.06841143814 -3.445846121e-07 0)
(0.06841189867 -1.96664973e-07 0)
(0.06841224323 -1.462423988e-07 0)
(0.06841250104 -1.418863069e-07 0)
(0.06841275322 -1.499004089e-07 0)
(0.06841296111 -1.533393332e-07 0)
(0.06841316717 -1.5255159e-07 0)
(0.06841333432 -1.515104871e-07 0)
(0.06841350878 -1.506490059e-07 0)
(0.06841365506 -1.488923302e-07 0)
(0.06841381122 -1.462761933e-07 0)
(0.06841394329 -1.430390341e-07 0)
(0.06841408556 -1.396008289e-07 0)
(0.06841420731 -1.358548981e-07 0)
(0.06841433875 -1.320969009e-07 0)
(0.06841445244 -1.281727983e-07 0)
(0.06841457479 -1.243926353e-07 0)
(0.06841468182 -1.205351427e-07 0)
(0.06841479626 -1.168964298e-07 0)
(0.0684148976 -1.132197501e-07 0)
(0.06841500501 -1.097952748e-07 0)
(0.06841510134 -1.063520157e-07 0)
(0.0684152024 -1.031677221e-07 0)
(0.06841529425 -9.997479876e-08 0)
(0.06841538953 -9.703086691e-08 0)
(0.06841547731 -9.408684421e-08 0)
(0.0684155673 -9.137082082e-08 0)
(0.06841565134 -8.866507711e-08 0)
(0.06841573647 -8.615884254e-08 0)
(0.06841581703 -8.367656441e-08 0)
(0.0684158977 -8.136018744e-08 0)
(0.06841597499 -7.908501059e-08 0)
(0.06841605155 -7.693882583e-08 0)
(0.06841612577 -7.485423295e-08 0)
(0.06841619855 -7.285993619e-08 0)
(0.06841626986 -7.094997632e-08 0)
(0.06841633915 -6.909113864e-08 0)
(0.06841640769 -6.734078768e-08 0)
(0.06841647376 -6.560303755e-08 0)
(0.06841653965 -6.399837482e-08 0)
(0.06841660276 -6.236934756e-08 0)
(0.06841666612 -6.089762306e-08 0)
(0.06841672647 -5.936678421e-08 0)
(0.06841678742 -5.801643543e-08 0)
(0.06841684522 -5.65748054e-08 0)
(0.06841690386 -5.533545141e-08 0)
(0.0684169593 -5.397530555e-08 0)
(0.06841701573 -5.283771765e-08 0)
(0.06841706896 -5.155227511e-08 0)
(0.06841712329 -5.05083451e-08 0)
(0.06841717447 -4.929146932e-08 0)
(0.06841722679 -4.833412914e-08 0)
(0.06841727606 -4.718006102e-08 0)
(0.06841732645 -4.630320091e-08 0)
(0.06841737394 -4.520633293e-08 0)
(0.06841742249 -4.44046631e-08 0)
(0.06841746834 -4.335935597e-08 0)
(0.06841751512 -4.262827949e-08 0)
(0.06841755945 -4.162877589e-08 0)
(0.06841760451 -4.096428368e-08 0)
(0.06841764744 -4.00046774e-08 0)
(0.06841769084 -3.940329841e-08 0)
(0.06841773251 -3.847761877e-08 0)
(0.06841777427 -3.793644779e-08 0)
(0.06841781479 -3.703879721e-08 0)
(0.06841785493 -3.655558904e-08 0)
(0.06841789445 -3.568031895e-08 0)
(0.06841793296 -3.525360407e-08 0)
(0.06841797163 -3.439545948e-08 0)
(0.06841800849 -3.402462729e-08 0)
(0.06841804645 -3.317882878e-08 0)
(0.06841808162 -3.286414342e-08 0)
(0.06841811905 -3.202636508e-08 0)
(0.06841815246 -3.176884847e-08 0)
(0.06841818955 -3.093511423e-08 0)
(0.0684182211 -3.073633271e-08 0)
(0.06841825807 -2.990285052e-08 0)
(0.06841828763 -2.976460359e-08 0)
(0.06841832474 -2.892760657e-08 0)
(0.06841835215 -2.885158564e-08 0)
(0.06841838967 -2.800723184e-08 0)
(0.06841841474 -2.799469274e-08 0)
(0.06841845299 -2.713910636e-08 0)
(0.06841847546 -2.719059927e-08 0)
(0.06841851481 -2.632016103e-08 0)
(0.06841853438 -2.643525664e-08 0)
(0.06841857524 -2.554743995e-08 0)
(0.06841859157 -2.572428948e-08 0)
(0.06841863439 -2.482021923e-08 0)
(0.06841864708 -2.505399848e-08 0)
(0.06841869236 -2.414718454e-08 0)
(0.06841870097 -2.442294295e-08 0)
(0.06841874921 -2.357709633e-08 0)
(0.06841875339 -2.383784024e-08 0)
(0.06841880498 -2.334798647e-08 0)
(0.07376109175 7.281297743e-06 0)
(0.07385424472 -1.697495086e-05 0)
(0.073852657 -9.766875644e-07 0)
(0.07384647258 8.367474519e-07 0)
(0.07384761399 -4.646243607e-07 0)
(0.07384851999 -4.249471393e-07 0)
(0.07384887654 -2.459016554e-07 0)
(0.07384912914 -1.798159789e-07 0)
(0.07384931921 -1.707278713e-07 0)
(0.07384951982 -1.763123513e-07 0)
(0.07384968682 -1.772584312e-07 0)
(0.07384985804 -1.742320871e-07 0)
(0.07384999547 -1.714875718e-07 0)
(0.07385014329 -1.694359222e-07 0)
(0.07385026624 -1.666577239e-07 0)
(0.07385040054 -1.632089862e-07 0)
(0.07385051302 -1.592028515e-07 0)
(0.07385063645 -1.551509515e-07 0)
(0.07385074122 -1.508087909e-07 0)
(0.07385085605 -1.465656205e-07 0)
(0.07385095476 -1.421464484e-07 0)
(0.07385106228 -1.379626207e-07 0)
(0.07385115598 -1.33679674e-07 0)
(0.07385125712 -1.296929843e-07 0)
(0.07385134654 -1.256410442e-07 0)
(0.07385144197 -1.219084441e-07 0)
(0.07385152761 -1.181287038e-07 0)
(0.07385161787 -1.146662222e-07 0)
(0.07385170012 -1.111683332e-07 0)
(0.07385178565 -1.079695365e-07 0)
(0.07385186478 -1.047472058e-07 0)
(0.07385194595 -1.017950689e-07 0)
(0.07385202218 -9.88342174e-08 0)
(0.07385209935 -9.610734533e-08 0)
(0.07385217284 -9.339053408e-08 0)
(0.0738522463 -9.0866589e-08 0)
(0.0738523172 -8.837533416e-08 0)
(0.07385238723 -8.603285534e-08 0)
(0.07385245565 -8.374884174e-08 0)
(0.07385252251 -8.156817236e-08 0)
(0.07385258855 -7.947387368e-08 0)
(0.07385265247 -7.743756257e-08 0)
(0.07385271622 -7.551655106e-08 0)
(0.07385277741 -7.360944906e-08 0)
(0.07385283894 -7.184655468e-08 0)
(0.0738528976 -7.005569507e-08 0)
(0.073852957 -6.843706463e-08 0)
(0.0738530133 -6.675142968e-08 0)
(0.07385307064 -6.52645487e-08 0)
(0.07385312474 -6.367474317e-08 0)
(0.07385318009 -6.230842781e-08 0)
(0.07385323215 -6.080633908e-08 0)
(0.07385328559 -5.95507073e-08 0)
(0.07385333572 -5.812916042e-08 0)
(0.07385338732 -5.697559154e-08 0)
(0.07385343566 -5.562802608e-08 0)
(0.07385348548 -5.456906765e-08 0)
(0.07385353216 -5.328925504e-08 0)
(0.07385358027 -5.231852551e-08 0)
(0.07385362538 -5.110033296e-08 0)
(0.07385367184 -5.021236228e-08 0)
(0.0738537155 -4.904956618e-08 0)
(0.07385376037 -4.823965358e-08 0)
(0.07385380269 -4.712585221e-08 0)
(0.07385384599 -4.638994701e-08 0)
(0.07385388709 -4.531853199e-08 0)
(0.07385392887 -4.465318249e-08 0)
(0.07385396885 -4.361742956e-08 0)
(0.07385400911 -4.301981623e-08 0)
(0.0738540481 -4.201302936e-08 0)
(0.07385408686 -4.148107596e-08 0)
(0.07385412498 -4.049677388e-08 0)
(0.0738541622 -4.002928121e-08 0)
(0.0738541996 -3.906135038e-08 0)
(0.07385423526 -3.865809856e-08 0)
(0.07385427208 -3.77008816e-08 0)
(0.07385430612 -3.736265129e-08 0)
(0.07385434253 -3.641092846e-08 0)
(0.07385437486 -3.613937585e-08 0)
(0.07385441106 -3.518826333e-08 0)
(0.07385444158 -3.498567694e-08 0)
(0.07385447777 -3.40304668e-08 0)
(0.07385450635 -3.38994017e-08 0)
(0.07385454277 -3.293542564e-08 0)
(0.07385456925 -3.287827976e-08 0)
(0.07385460618 -3.190086439e-08 0)
(0.07385463034 -3.191942508e-08 0)
(0.07385466809 -3.092405652e-08 0)
(0.07385468969 -3.101903045e-08 0)
(0.07385472861 -3.000189665e-08 0)
(0.07385474736 -3.017229378e-08 0)
(0.07385478783 -2.913163007e-08 0)
(0.07385480341 -2.937366965e-08 0)
(0.07385484585 -2.831338366e-08 0)
(0.0738548579 -2.861759899e-08 0)
(0.07385490275 -2.755830668e-08 0)
(0.0738549109 -2.789966739e-08 0)
(0.07385495858 -2.69201662e-08 0)
(0.07385496252 -2.722238123e-08 0)
(0.07385501334 -2.662459888e-08 0)
(0.0790177399 7.727149692e-06 0)
(0.07910276725 -1.628151749e-05 0)
(0.07910357288 -1.719791451e-06 0)
(0.07909671426 8.828643668e-07 0)
(0.07909749654 -4.600402109e-07 0)
(0.07909836858 -4.885621383e-07 0)
(0.07909863709 -2.837804421e-07 0)
(0.07909879632 -2.029499356e-07 0)
(0.07909891222 -1.911567679e-07 0)
(0.07909905252 -1.960003246e-07 0)
(0.07909916961 -1.955703039e-07 0)
(0.07909929675 -1.911155425e-07 0)
(0.07909939616 -1.872878641e-07 0)
(0.07909950951 -1.845262639e-07 0)
(0.07909960235 -1.810953236e-07 0)
(0.07909970847 -1.771088144e-07 0)
(0.07909979593 -1.725734675e-07 0)
(0.07909989535 -1.681102669e-07 0)
(0.07909997866 -1.633447181e-07 0)
(0.07910007256 -1.587678503e-07 0)
(0.07910015248 -1.539885591e-07 0)
(0.07910024145 -1.495221913e-07 0)
(0.07910031849 -1.449252486e-07 0)
(0.07910040303 -1.406916145e-07 0)
(0.07910047755 -1.363597048e-07 0)
(0.07910055804 -1.324054211e-07 0)
(0.07910063026 -1.283723543e-07 0)
(0.07910070701 -1.247067627e-07 0)
(0.07910077713 -1.209773416e-07 0)
(0.0791008504 -1.175894966e-07 0)
(0.07910091852 -1.141541605e-07 0)
(0.07910098855 -1.110239743e-07 0)
(0.07910105476 -1.078663293e-07 0)
(0.07910112177 -1.049702992e-07 0)
(0.07910118612 -1.020711588e-07 0)
(0.07910125032 -9.938548792e-08 0)
(0.07910131285 -9.672495905e-08 0)
(0.07910137442 -9.422717974e-08 0)
(0.07910143517 -9.178574578e-08 0)
(0.07910149428 -8.945550961e-08 0)
(0.07910155328 -8.721458274e-08 0)
(0.07910161009 -8.503397039e-08 0)
(0.07910166737 -8.297617246e-08 0)
(0.07910172203 -8.092971737e-08 0)
(0.07910177761 -7.903903445e-08 0)
(0.07910183026 -7.711354756e-08 0)
(0.07910188418 -7.537539123e-08 0)
(0.07910193494 -7.355968178e-08 0)
(0.07910198722 -7.196092178e-08 0)
(0.07910203621 -7.024543226e-08 0)
(0.0791020869 -6.877438967e-08 0)
(0.07910213422 -6.715082718e-08 0)
(0.07910218335 -6.579724844e-08 0)
(0.0791022291 -6.425821696e-08 0)
(0.07910227671 -6.30132244e-08 0)
(0.07910232099 -6.155188787e-08 0)
(0.07910236713 -6.040787547e-08 0)
(0.07910241002 -5.901766686e-08 0)
(0.07910245472 -5.796818761e-08 0)
(0.07910249631 -5.66425693e-08 0)
(0.07910253961 -5.568215723e-08 0)
(0.07910257999 -5.441443503e-08 0)
(0.07910262192 -5.353845006e-08 0)
(0.07910266118 -5.232168677e-08 0)
(0.07910270176 -5.152618396e-08 0)
(0.07910274 -5.035317294e-08 0)
(0.07910277923 -4.963485129e-08 0)
(0.07910281655 -4.849821179e-08 0)
(0.07910285444 -4.785445292e-08 0)
(0.07910289094 -4.674677844e-08 0)
(0.07910292747 -4.617577271e-08 0)
(0.07910296328 -4.508982692e-08 0)
(0.07910299842 -4.459072274e-08 0)
(0.07910303365 -4.35196018e-08 0)
(0.07910306735 -4.309262385e-08 0)
(0.07910310216 -4.202985585e-08 0)
(0.07910313435 -4.167632817e-08 0)
(0.07910316889 -4.061586718e-08 0)
(0.07910319949 -4.033807696e-08 0)
(0.07910323394 -3.927421578e-08 0)
(0.07910326282 -3.907513455e-08 0)
(0.07910329738 -3.800236789e-08 0)
(0.07910332441 -3.788522241e-08 0)
(0.07910335932 -3.67981538e-08 0)
(0.07910338432 -3.676590475e-08 0)
(0.07910341983 -3.56592825e-08 0)
(0.07910344261 -3.571402133e-08 0)
(0.07910347901 -3.458305591e-08 0)
(0.07910349934 -3.47253038e-08 0)
(0.07910353695 -3.356649121e-08 0)
(0.07910355454 -3.379420963e-08 0)
(0.07910359372 -3.260719911e-08 0)
(0.07910360828 -3.29140424e-08 0)
(0.0791036494 -3.170625972e-08 0)
(0.07910366062 -3.207747853e-08 0)
(0.07910370406 -3.0877087e-08 0)
(0.07910371161 -3.127755641e-08 0)
(0.07910375772 -3.017710102e-08 0)
(0.07910376137 -3.051379425e-08 0)
(0.07910381039 -2.981744455e-08 0)
(0.08408601966 7.952573908e-06 0)
(0.08416398854 -1.542889932e-05 0)
(0.08416691822 -2.407914051e-06 0)
(0.08415956113 9.08184555e-07 0)
(0.08415999754 -4.2921439e-07 0)
(0.08416086753 -5.378893632e-07 0)
(0.08416107815 -3.123169733e-07 0)
(0.08416115786 -2.164896238e-07 0)
(0.08416120669 -2.03175889e-07 0)
(0.08416128952 -2.085648234e-07 0)
(0.08416135698 -2.076731635e-07 0)
(0.08416143821 -2.02515454e-07 0)
(0.0841614971 -1.982143493e-07 0)
(0.08416157278 -1.952465577e-07 0)
(0.08416163243 -1.915732842e-07 0)
(0.08416170704 -1.873885922e-07 0)
(0.08416176645 -1.826098971e-07 0)
(0.08416183879 -1.779781795e-07 0)
(0.08416189788 -1.729998942e-07 0)
(0.08416196806 -1.682718899e-07 0)
(0.08416202669 -1.632961073e-07 0)
(0.0841620946 -1.586912363e-07 0)
(0.08416215269 -1.53913211e-07 0)
(0.08416221834 -1.495506034e-07 0)
(0.08416227582 -1.450503384e-07 0)
(0.08416233924 -1.409736827e-07 0)
(0.08416239606 -1.36783244e-07 0)
(0.0841624573 -1.329997937e-07 0)
(0.08416251339 -1.291226583e-07 0)
(0.08416257253 -1.25619976e-07 0)
(0.08416262784 -1.220456375e-07 0)
(0.08416268496 -1.18802676e-07 0)
(0.08416273942 -1.155140429e-07 0)
(0.08416279459 -1.125067356e-07 0)
(0.08416284814 -1.094840623e-07 0)
(0.08416290145 -1.066883376e-07 0)
(0.08416295404 -1.039112395e-07 0)
(0.08416300559 -1.013045568e-07 0)
(0.08416305716 -9.875305492e-08 0)
(0.08416310702 -9.631512456e-08 0)
(0.08416315754 -9.397018542e-08 0)
(0.08416320581 -9.168322737e-08 0)
(0.08416325522 -8.952705102e-08 0)
(0.08416330198 -8.737577347e-08 0)
(0.08416335027 -8.539196421e-08 0)
(0.08416339558 -8.33633547e-08 0)
(0.08416344273 -8.153699982e-08 0)
(0.08416348668 -7.962001759e-08 0)
(0.08416353268 -7.793773884e-08 0)
(0.08416357533 -7.612292775e-08 0)
(0.08416362017 -7.457288167e-08 0)
(0.08416366158 -7.285198653e-08 0)
(0.08416370527 -7.142384454e-08 0)
(0.08416374551 -6.978943306e-08 0)
(0.08416378805 -6.847432481e-08 0)
(0.08416382717 -6.691944695e-08 0)
(0.08416386858 -6.570984774e-08 0)
(0.08416390664 -6.422774466e-08 0)
(0.08416394693 -6.311734902e-08 0)
(0.08416398399 -6.170121564e-08 0)
(0.08416402317 -6.068474462e-08 0)
(0.08416405929 -5.93275482e-08 0)
(0.08416409736 -5.840058399e-08 0)
(0.08416413262 -5.709497999e-08 0)
(0.08416416958 -5.625382686e-08 0)
(0.08416420406 -5.499213499e-08 0)
(0.0841642399 -5.423376917e-08 0)
(0.08416427367 -5.300807176e-08 0)
(0.08416430838 -5.233018532e-08 0)
(0.08416434153 -5.113247842e-08 0)
(0.08416437507 -5.053361763e-08 0)
(0.08416440771 -4.935601551e-08 0)
(0.08416444004 -4.883574219e-08 0)
(0.08416447229 -4.767065019e-08 0)
(0.08416450334 -4.722967143e-08 0)
(0.08416453532 -4.606990104e-08 0)
(0.08416456503 -4.571008997e-08 0)
(0.08416459688 -4.454887366e-08 0)
(0.08416462514 -4.427311855e-08 0)
(0.08416465704 -4.310404922e-08 0)
(0.08416468372 -4.291593402e-08 0)
(0.08416471585 -4.173286709e-08 0)
(0.08416474082 -4.163617307e-08 0)
(0.0841647734 -4.043319439e-08 0)
(0.08416479648 -4.043127129e-08 0)
(0.08416482974 -3.920283307e-08 0)
(0.08416485075 -3.929783258e-08 0)
(0.08416488495 -3.803924129e-08 0)
(0.08416490365 -3.823117164e-08 0)
(0.0841649391 -3.693970023e-08 0)
(0.08416495525 -3.722506069e-08 0)
(0.08416499225 -3.590231656e-08 0)
(0.08416500557 -3.627173771e-08 0)
(0.08416504445 -3.492917312e-08 0)
(0.08416505468 -3.536229543e-08 0)
(0.08416509576 -3.403569872e-08 0)
(0.08416510262 -3.448770313e-08 0)
(0.08416514619 -3.328172669e-08 0)
(0.08416514949 -3.364562349e-08 0)
(0.08416519573 -3.286271318e-08 0)
(0.08896605682 7.999506681e-06 0)
(0.08903787073 -1.446903412e-05 0)
(0.08904266338 -3.030814914e-06 0)
(0.08903494725 9.069661856e-07 0)
(0.08903504177 -3.794510004e-07 0)
(0.08903593266 -5.757124933e-07 0)
(0.08903611653 -3.343998616e-07 0)
(0.08903613594 -2.225646012e-07 0)
(0.08903613158 -2.080744849e-07 0)
(0.08903616705 -2.147634475e-07 0)
(0.089036192 -2.139583413e-07 0)
(0.0890362317 -2.08572624e-07 0)
(0.08903625282 -2.042494553e-07 0)
(0.08903629218 -2.014795322e-07 0)
(0.08903631932 -1.979166979e-07 0)
(0.08903636238 -1.938399052e-07 0)
(0.08903639344 -1.890883634e-07 0)
(0.08903643801 -1.84523393e-07 0)
(0.08903647213 -1.795430183e-07 0)
(0.08903651763 -1.74847852e-07 0)
(0.08903655403 -1.698439238e-07 0)
(0.08903659979 -1.652483977e-07 0)
(0.08903663788 -1.60427699e-07 0)
(0.0890366835 -1.560580714e-07 0)
(0.08903672286 -1.515061256e-07 0)
(0.08903676805 -1.474099914e-07 0)
(0.08903680834 -1.43162529e-07 0)
(0.08903685293 -1.39349637e-07 0)
(0.08903689387 -1.354124109e-07 0)
(0.08903693772 -1.318719798e-07 0)
(0.08903697908 -1.282360004e-07 0)
(0.08903702213 -1.249482547e-07 0)
(0.08903706371 -1.215974755e-07 0)
(0.0890371059 -1.185394212e-07 0)
(0.08903714753 -1.154548201e-07 0)
(0.08903718884 -1.126033472e-07 0)
(0.08903723037 -1.097650314e-07 0)
(0.08903727079 -1.070984843e-07 0)
(0.08903731208 -1.044867963e-07 0)
(0.08903735162 -1.01985698e-07 0)
(0.08903739256 -9.95818049e-08 0)
(0.08903743122 -9.722911405e-08 0)
(0.08903747172 -9.501534267e-08 0)
(0.08903750952 -9.279642087e-08 0)
(0.08903754949 -9.075646812e-08 0)
(0.08903758645 -8.865886372e-08 0)
(0.08903762582 -8.677790943e-08 0)
(0.08903766196 -8.479104152e-08 0)
(0.08903770069 -8.305582756e-08 0)
(0.08903773603 -8.117059507e-08 0)
(0.08903777407 -7.956943952e-08 0)
(0.08903780862 -7.777783675e-08 0)
(0.08903784595 -7.630062422e-08 0)
(0.08903787973 -7.459536505e-08 0)
(0.08903791632 -7.323348583e-08 0)
(0.08903794937 -7.16076692e-08 0)
(0.08903798519 -7.035390191e-08 0)
(0.08903801753 -6.880072786e-08 0)
(0.08903805258 -6.764910193e-08 0)
(0.08903808424 -6.616164177e-08 0)
(0.0890381185 -6.510723448e-08 0)
(0.08903814952 -6.367825715e-08 0)
(0.08903818296 -6.271702105e-08 0)
(0.0890382134 -6.133891281e-08 0)
(0.089038246 -6.046753175e-08 0)
(0.0890382759 -5.913227525e-08 0)
(0.08903830765 -5.834811625e-08 0)
(0.08903833707 -5.704739104e-08 0)
(0.08903836792 -5.634855284e-08 0)
(0.08903839695 -5.507388833e-08 0)
(0.08903842685 -5.445934853e-08 0)
(0.08903845556 -5.320233663e-08 0)
(0.08903848446 -5.267212108e-08 0)
(0.08903851297 -5.14246006e-08 0)
(0.08903854079 -5.097991946e-08 0)
(0.08903856919 -4.97341108e-08 0)
(0.08903859585 -4.937737233e-08 0)
(0.08903862428 -4.812592008e-08 0)
(0.08903864968 -4.786056171e-08 0)
(0.08903867829 -4.659651101e-08 0)
(0.0890387023 -4.642663587e-08 0)
(0.08903873125 -4.514338622e-08 0)
(0.08903875372 -4.507319275e-08 0)
(0.08903878321 -4.376454046e-08 0)
(0.08903880398 -4.379758219e-08 0)
(0.08903883422 -4.245796898e-08 0)
(0.08903885311 -4.2596221e-08 0)
(0.08903888433 -4.122139902e-08 0)
(0.08903890112 -4.146406963e-08 0)
(0.08903893359 -4.005249484e-08 0)
(0.08903894806 -4.039430075e-08 0)
(0.08903898203 -3.894995926e-08 0)
(0.08903899395 -3.937821503e-08 0)
(0.08903902972 -3.791689275e-08 0)
(0.08903903882 -3.840555009e-08 0)
(0.08903907666 -3.697046739e-08 0)
(0.08903908275 -3.746570715e-08 0)
(0.08903912287 -3.617179945e-08 0)
(0.08903912579 -3.655556461e-08 0)
(0.08903916833 -3.570012974e-08 0)
(0.09365795385 7.903939351e-06 0)
(0.09372438833 -1.344397045e-05 0)
(0.09373080426 -3.579628809e-06 0)
(0.0937228417 8.778164942e-07 0)
(0.09372259067 -3.166251022e-07 0)
(0.09372351271 -6.040340628e-07 0)
(0.09372369492 -3.525701622e-07 0)
(0.09372367157 -2.235510726e-07 0)
(0.09372362856 -2.076549628e-07 0)
(0.09372362924 -2.159698118e-07 0)
(0.09372362208 -2.154544691e-07 0)
(0.09372362822 -2.100344527e-07 0)
(0.09372361786 -2.059264243e-07 0)
(0.09372362565 -2.035958002e-07 0)
(0.09372362401 -2.003772208e-07 0)
(0.09372363826 -1.966257103e-07 0)
(0.09372364314 -1.92108261e-07 0)
(0.0937236615 -1.877970895e-07 0)
(0.09372367185 -1.829908409e-07 0)
(0.09372369351 -1.784854639e-07 0)
(0.09372370829 -1.73602415e-07 0)
(0.09372373228 -1.691481028e-07 0)
(0.09372375061 -1.644116437e-07 0)
(0.09372377629 -1.601468805e-07 0)
(0.0937237975 -1.556526251e-07 0)
(0.09372382435 -1.516331891e-07 0)
(0.0937238479 -1.474241252e-07 0)
(0.09372387556 -1.436655535e-07 0)
(0.09372390101 -1.397523895e-07 0)
(0.09372392921 -1.362480289e-07 0)
(0.09372395619 -1.326252691e-07 0)
(0.0937239847 -1.293584682e-07 0)
(0.0937240129 -1.260125827e-07 0)
(0.09372404158 -1.229628217e-07 0)
(0.09372407072 -1.19876631e-07 0)
(0.09372409945 -1.170228384e-07 0)
(0.09372412931 -1.14177819e-07 0)
(0.09372415799 -1.115000607e-07 0)
(0.09372418836 -1.088775859e-07 0)
(0.09372421692 -1.063578556e-07 0)
(0.09372424763 -1.039398837e-07 0)
(0.09372427602 -1.015623991e-07 0)
(0.09372430691 -9.933188713e-08 0)
(0.09372433508 -9.708307752e-08 0)
(0.09372436604 -9.502425065e-08 0)
(0.09372439395 -9.289255688e-08 0)
(0.09372442486 -9.09910694e-08 0)
(0.09372445248 -8.896663859e-08 0)
(0.09372448326 -8.720968731e-08 0)
(0.09372451057 -8.528399466e-08 0)
(0.09372454114 -8.366035351e-08 0)
(0.09372456812 -8.182583009e-08 0)
(0.09372459841 -8.032585377e-08 0)
(0.09372462505 -7.857552433e-08 0)
(0.09372465501 -7.719108685e-08 0)
(0.09372468129 -7.551824967e-08 0)
(0.09372471088 -7.424262629e-08 0)
(0.0937247368 -7.264058266e-08 0)
(0.09372476598 -7.146830397e-08 0)
(0.09372479155 -6.993014031e-08 0)
(0.09372482026 -6.885678386e-08 0)
(0.0937248455 -6.737520856e-08 0)
(0.09372487371 -6.639722211e-08 0)
(0.09372489864 -6.496449032e-08 0)
(0.09372492631 -6.407904587e-08 0)
(0.09372495097 -6.268694242e-08 0)
(0.09372497805 -6.189189095e-08 0)
(0.09372500247 -6.053183245e-08 0)
(0.09372502891 -5.982575612e-08 0)
(0.09372505315 -5.84889455e-08 0)
(0.09372507889 -5.787130998e-08 0)
(0.09372510302 -5.654895684e-08 0)
(0.093725128 -5.602028444e-08 0)
(0.0937251521 -5.470380183e-08 0)
(0.09372517622 -5.426580848e-08 0)
(0.09372520038 -5.294696996e-08 0)
(0.09372522357 -5.260256766e-08 0)
(0.09372524791 -5.127358278e-08 0)
(0.09372527003 -5.102668977e-08 0)
(0.09372529468 -4.968022477e-08 0)
(0.09372531563 -4.953535647e-08 0)
(0.09372534072 -4.816454898e-08 0)
(0.09372536036 -4.812617608e-08 0)
(0.09372538607 -4.672476095e-08 0)
(0.09372540423 -4.679645945e-08 0)
(0.09372543073 -4.535913616e-08 0)
(0.09372544724 -4.55424914e-08 0)
(0.09372547475 -4.406576478e-08 0)
(0.09372548942 -4.435895193e-08 0)
(0.09372551815 -4.284278938e-08 0)
(0.09372553077 -4.323851707e-08 0)
(0.09372556096 -4.16895827e-08 0)
(0.09372557131 -4.217170125e-08 0)
(0.09372560319 -4.061025253e-08 0)
(0.09372561108 -4.114714113e-08 0)
(0.09372564487 -3.962342857e-08 0)
(0.09372565012 -4.015318164e-08 0)
(0.09372568598 -3.8790482e-08 0)
(0.09372568848 -3.918692025e-08 0)
(0.09372572649 -3.827441724e-08 0)
(0.09816179626 7.696704299e-06 0)
(0.09822352061 -1.2387892e-05 0)
(0.09823134609 -4.048075383e-06 0)
(0.0982232311 8.222057064e-07 0)
(0.09822262848 -2.453636348e-07 0)
(0.09822358139 -6.239210426e-07 0)
(0.09822377947 -3.685010705e-07 0)
(0.09822372627 -2.214306685e-07 0)
(0.09822365616 -2.036286356e-07 0)
(0.09822363346 -2.136554978e-07 0)
(0.09822360464 -2.134134288e-07 0)
(0.09822358617 -2.079396189e-07 0)
(0.09822355204 -2.040964064e-07 0)
(0.09822353474 -2.022856466e-07 0)
(0.09822350983 -1.99513526e-07 0)
(0.09822349988 -1.961964806e-07 0)
(0.09822348247 -1.920338778e-07 0)
(0.09822347785 -1.880928206e-07 0)
(0.09822346721 -1.835807778e-07 0)
(0.09822346732 -1.793755938e-07 0)
(0.09822346244 -1.747252729e-07 0)
(0.09822346632 -1.70512593e-07 0)
(0.09822346628 -1.659618059e-07 0)
(0.09822347319 -1.61891779e-07 0)
(0.09822347724 -1.575464217e-07 0)
(0.09822348658 -1.536839052e-07 0)
(0.09822349407 -1.495952119e-07 0)
(0.09822350538 -1.459628064e-07 0)
(0.09822351578 -1.421475712e-07 0)
(0.09822352868 -1.387440002e-07 0)
(0.09822354154 -1.352012565e-07 0)
(0.09822355573 -1.320140767e-07 0)
(0.09822357065 -1.287336918e-07 0)
(0.0982235859 -1.257457554e-07 0)
(0.09822360255 -1.227131271e-07 0)
(0.09822361867 -1.199061295e-07 0)
(0.09822363675 -1.171047196e-07 0)
(0.09822365357 -1.144610346e-07 0)
(0.09822367284 -1.118737702e-07 0)
(0.09822369023 -1.093773324e-07 0)
(0.09822371047 -1.069874149e-07 0)
(0.09822372832 -1.046240777e-07 0)
(0.09822374934 -1.024154904e-07 0)
(0.09822376756 -1.00173053e-07 0)
(0.09822378919 -9.813089811e-08 0)
(0.09822380769 -9.599893774e-08 0)
(0.09822382979 -9.410965263e-08 0)
(0.09822384851 -9.207924397e-08 0)
(0.09822387096 -9.033075159e-08 0)
(0.09822388983 -8.839411362e-08 0)
(0.09822391253 -8.677588124e-08 0)
(0.0982239315 -8.492602722e-08 0)
(0.09822395435 -8.342908517e-08 0)
(0.09822397338 -8.16594827e-08 0)
(0.0982239963 -8.027636537e-08 0)
(0.09822401534 -7.858063667e-08 0)
(0.09822403827 -7.730526682e-08 0)
(0.0982240573 -7.56769365e-08 0)
(0.09822408017 -7.450447398e-08 0)
(0.09822409916 -7.293676608e-08 0)
(0.09822412191 -7.186339805e-08 0)
(0.09822414087 -7.034908547e-08 0)
(0.09822416343 -6.93718482e-08 0)
(0.09822418235 -6.790318342e-08 0)
(0.09822420466 -6.701981687e-08 0)
(0.09822422356 -6.558851967e-08 0)
(0.09822424557 -6.479742531e-08 0)
(0.09822426447 -6.339478601e-08 0)
(0.09822428611 -6.269508164e-08 0)
(0.09822430505 -6.131211729e-08 0)
(0.09822432625 -6.070379087e-08 0)
(0.09822434527 -5.933147292e-08 0)
(0.09822436595 -5.88155553e-08 0)
(0.09822438511 -5.744501881e-08 0)
(0.09822440518 -5.702371651e-08 0)
(0.09822442457 -5.564644121e-08 0)
(0.09822444394 -5.532312371e-08 0)
(0.09822446363 -5.393104518e-08 0)
(0.09822448219 -5.371003208e-08 0)
(0.0982245023 -5.229561131e-08 0)
(0.09822451992 -5.218171782e-08 0)
(0.09822454057 -5.0738022e-08 0)
(0.09822455712 -5.073584892e-08 0)
(0.09822457845 -4.925676498e-08 0)
(0.09822459377 -4.936974453e-08 0)
(0.09822461594 -4.785046651e-08 0)
(0.09822462987 -4.807961432e-08 0)
(0.09822465304 -4.651765276e-08 0)
(0.09822466541 -4.685993501e-08 0)
(0.09822468977 -4.5257016e-08 0)
(0.0982247004 -4.57029947e-08 0)
(0.09822472614 -4.406864842e-08 0)
(0.09822473484 -4.459868156e-08 0)
(0.09822476214 -4.295763118e-08 0)
(0.09822476875 -4.353479823e-08 0)
(0.09822479778 -4.194375235e-08 0)
(0.09822480216 -4.24991434e-08 0)
(0.09822483305 -4.108771361e-08 0)
(0.09822483512 -4.148994308e-08 0)
(0.09822486787 -4.053665272e-08 0)
(0.1024776568 7.404155782e-06 0)
(0.1025352498 -1.132830557e-05 0)
(0.1025442967 -4.432849954e-06 0)
(0.1025361094 7.432922752e-07 0)
(0.102535151 -1.694851106e-07 0)
(0.1025361278 -6.358203854e-07 0)
(0.1025363532 -3.83002485e-07 0)
(0.1025362784 -2.175770409e-07 0)
(0.1025361887 -1.973123494e-07 0)
(0.1025361512 -2.090564547e-07 0)
(0.1025361093 -2.089895738e-07 0)
(0.1025360742 -2.033335123e-07 0)
(0.1025360236 -1.996875565e-07 0)
(0.1025359879 -1.983612157e-07 0)
(0.1025359457 -1.960320044e-07 0)
(0.1025359169 -1.931634654e-07 0)
(0.1025358819 -1.893941581e-07 0)
(0.1025358585 -1.858674026e-07 0)
(0.1025358305 -1.817083937e-07 0)
(0.1025358123 -1.778606588e-07 0)
(0.1025357907 -1.735099203e-07 0)
(0.102535777 -1.696001469e-07 0)
(0.1025357609 -1.653030756e-07 0)
(0.1025357511 -1.614884323e-07 0)
(0.1025357397 -1.573579196e-07 0)
(0.1025357332 -1.537103057e-07 0)
(0.102535726 -1.498044021e-07 0)
(0.1025357222 -1.463527509e-07 0)
(0.1025357187 -1.426938397e-07 0)
(0.1025357173 -1.394421455e-07 0)
(0.1025357169 -1.360337376e-07 0)
(0.1025357176 -1.329739293e-07 0)
(0.1025357199 -1.298094358e-07 0)
(0.1025357223 -1.269279972e-07 0)
(0.102535727 -1.239956224e-07 0)
(0.102535731 -1.212772907e-07 0)
(0.1025357377 -1.1856274e-07 0)
(0.102535743 -1.159924515e-07 0)
(0.1025357514 -1.134804685e-07 0)
(0.1025357579 -1.110443217e-07 0)
(0.1025357678 -1.087196064e-07 0)
(0.1025357752 -1.064052785e-07 0)
(0.1025357865 -1.042530833e-07 0)
(0.1025357948 -1.020499004e-07 0)
(0.1025358071 -1.000564306e-07 0)
(0.1025358162 -9.795523681e-08 0)
(0.1025358295 -9.610791947e-08 0)
(0.1025358392 -9.410082833e-08 0)
(0.1025358533 -9.238849706e-08 0)
(0.1025358636 -9.046856905e-08 0)
(0.1025358783 -8.888154702e-08 0)
(0.1025358891 -8.704246777e-08 0)
(0.1025359044 -8.55726005e-08 0)
(0.1025359156 -8.380836785e-08 0)
(0.1025359313 -8.244896857e-08 0)
(0.1025359429 -8.075361697e-08 0)
(0.1025359589 -7.949935493e-08 0)
(0.1025359708 -7.78667243e-08 0)
(0.1025359872 -7.671347059e-08 0)
(0.1025359993 -7.513701986e-08 0)
(0.1025360159 -7.408163929e-08 0)
(0.1025360282 -7.255430965e-08 0)
(0.1025360449 -7.159448319e-08 0)
(0.1025360575 -7.010863507e-08 0)
(0.1025360742 -6.924271661e-08 0)
(0.102536087 -6.779012307e-08 0)
(0.1025361037 -6.701710043e-08 0)
(0.1025361168 -6.5589051e-08 0)
(0.1025361334 -6.490860191e-08 0)
(0.1025361466 -6.349606059e-08 0)
(0.102536163 -6.29087047e-08 0)
(0.1025361766 -6.15025441e-08 0)
(0.1025361927 -6.100981164e-08 0)
(0.1025362065 -5.960103437e-08 0)
(0.1025362223 -5.920559003e-08 0)
(0.1025362365 -5.778553379e-08 0)
(0.1025362519 -5.749114591e-08 0)
(0.1025362665 -5.605163119e-08 0)
(0.1025362813 -5.586293475e-08 0)
(0.1025362964 -5.43963848e-08 0)
(0.1025363105 -5.431838311e-08 0)
(0.1025363263 -5.281797258e-08 0)
(0.1025363396 -5.285526423e-08 0)
(0.102536356 -5.131522097e-08 0)
(0.1025363684 -5.147094996e-08 0)
(0.1025363857 -4.988715948e-08 0)
(0.102536397 -5.016162866e-08 0)
(0.1025364153 -4.853280216e-08 0)
(0.1025364252 -4.89216481e-08 0)
(0.1025364447 -4.725143899e-08 0)
(0.1025364533 -4.774301493e-08 0)
(0.102536474 -4.604390658e-08 0)
(0.102536481 -4.661515147e-08 0)
(0.1025365031 -4.491620061e-08 0)
(0.1025365084 -4.55252969e-08 0)
(0.1025365321 -4.388895622e-08 0)
(0.1025365356 -4.446119523e-08 0)
(0.1025365609 -4.302139104e-08 0)
(0.1025365626 -4.3422988e-08 0)
(0.1025365895 -4.244543911e-08 0)
(0.1066055983 7.048702911e-06 0)
(0.1066595609 -1.02869356e-05 0)
(0.1066696646 -4.733382477e-06 0)
(0.1066614732 6.452378052e-07 0)
(0.1066601588 -9.231914016e-08 0)
(0.1066611493 -6.399535523e-07 0)
(0.1066614094 -3.962640338e-07 0)
(0.1066613179 -2.128189987e-07 0)
(0.1066612127 -1.895822323e-07 0)
(0.1066611657 -2.03049927e-07 0)
(0.1066611169 -2.030739994e-07 0)
(0.1066610712 -1.970880013e-07 0)
(0.1066610102 -1.935277476e-07 0)
(0.1066609617 -1.925921047e-07 0)
(0.1066609077 -1.906399175e-07 0)
(0.1066608651 -1.881706709e-07 0)
(0.1066608172 -1.847727999e-07 0)
(0.1066607793 -1.816474276e-07 0)
(0.106660738 -1.778482708e-07 0)
(0.1066607052 -1.743677278e-07 0)
(0.1066606701 -1.703409334e-07 0)
(0.106660642 -1.667570749e-07 0)
(0.1066606125 -1.627476224e-07 0)
(0.1066605885 -1.592184618e-07 0)
(0.1066605641 -1.553413214e-07 0)
(0.1066605438 -1.519421357e-07 0)
(0.1066605239 -1.482592392e-07 0)
(0.1066605068 -1.450231812e-07 0)
(0.106660491 -1.415608055e-07 0)
(0.1066604768 -1.384959608e-07 0)
(0.1066604645 -1.35261138e-07 0)
(0.1066604529 -1.323631637e-07 0)
(0.1066604438 -1.293523271e-07 0)
(0.1066604344 -1.26610997e-07 0)
(0.1066604281 -1.238148948e-07 0)
(0.1066604208 -1.212178128e-07 0)
(0.1066604169 -1.186242855e-07 0)
(0.1066604113 -1.161588658e-07 0)
(0.1066604096 -1.137544579e-07 0)
(0.1066604057 -1.114089259e-07 0)
(0.1066604059 -1.091798773e-07 0)
(0.1066604034 -1.069437214e-07 0)
(0.1066604053 -1.048766257e-07 0)
(0.1066604041 -1.027406999e-07 0)
(0.1066604075 -1.008229525e-07 0)
(0.1066604075 -9.877937664e-08 0)
(0.1066604122 -9.699948588e-08 0)
(0.1066604132 -9.504142664e-08 0)
(0.1066604191 -9.338922386e-08 0)
(0.106660421 -9.151060408e-08 0)
(0.1066604279 -8.99773471e-08 0)
(0.1066604306 -8.817255281e-08 0)
(0.1066604384 -8.675096917e-08 0)
(0.1066604418 -8.501456493e-08 0)
(0.1066604504 -8.369880144e-08 0)
(0.1066604545 -8.202527983e-08 0)
(0.1066604637 -8.081079512e-08 0)
(0.1066604684 -7.919436719e-08 0)
(0.1066604782 -7.807777595e-08 0)
(0.1066604834 -7.651220181e-08 0)
(0.1066604938 -7.549107029e-08 0)
(0.1066604995 -7.396953612e-08 0)
(0.1066605102 -7.30422065e-08 0)
(0.1066605163 -7.155726784e-08 0)
(0.1066605274 -7.072271809e-08 0)
(0.1066605339 -6.926629915e-08 0)
(0.1066605453 -6.852410695e-08 0)
(0.1066605522 -6.708760448e-08 0)
(0.1066605637 -6.643800278e-08 0)
(0.1066605711 -6.501244582e-08 0)
(0.1066605826 -6.445647004e-08 0)
(0.1066605904 -6.303275946e-08 0)
(0.106660602 -6.257240903e-08 0)
(0.1066606102 -6.114154997e-08 0)
(0.1066606216 -6.077989937e-08 0)
(0.1066606303 -5.933322938e-08 0)
(0.1066606416 -5.90743774e-08 0)
(0.1066606508 -5.760374951e-08 0)
(0.1066606618 -5.745255747e-08 0)
(0.1066606716 -5.595050973e-08 0)
(0.1066606821 -5.591206237e-08 0)
(0.1066606926 -5.43720332e-08 0)
(0.1066607026 -5.445080878e-08 0)
(0.1066607138 -5.286752458e-08 0)
(0.1066607232 -5.306625914e-08 0)
(0.1066607352 -5.143645031e-08 0)
(0.1066607438 -5.17546278e-08 0)
(0.1066607568 -5.007834306e-08 0)
(0.1066607644 -5.051020075e-08 0)
(0.1066607785 -4.879311524e-08 0)
(0.106660785 -4.93248027e-08 0)
(0.1066608002 -4.758234767e-08 0)
(0.1066608056 -4.818754583e-08 0)
(0.1066608221 -4.645286585e-08 0)
(0.1066608261 -4.708537143e-08 0)
(0.106660844 -4.542583343e-08 0)
(0.1066608466 -4.600642346e-08 0)
(0.1066608659 -4.455828559e-08 0)
(0.1066608671 -4.495340067e-08 0)
(0.1066608877 -4.396782433e-08 0)
(0.1105456748 6.649241669e-06 0)
(0.1105964415 -9.280494384e-06 0)
(0.110607458 -4.95136782e-06 0)
(0.1105993201 5.327229671e-07 0)
(0.110597654 -1.668675378e-08 0)
(0.1105986466 -6.365492132e-07 0)
(0.1105989464 -4.081080415e-07 0)
(0.1105988414 -2.076012668e-07 0)
(0.1105987223 -1.809655448e-07 0)
(0.110598669 -1.961795116e-07 0)
(0.110598617 -1.962651043e-07 0)
(0.1105985649 -1.898354073e-07 0)
(0.1105984976 -1.862568422e-07 0)
(0.1105984408 -1.856073469e-07 0)
(0.1105983792 -1.839452392e-07 0)
(0.1105983271 -1.81797782e-07 0)
(0.1105982704 -1.78717321e-07 0)
(0.110598222 -1.75945941e-07 0)
(0.110598171 -1.724788139e-07 0)
(0.1105981272 -1.693412637e-07 0)
(0.1105980818 -1.656302671e-07 0)
(0.1105980424 -1.623647071e-07 0)
(0.1105980024 -1.58647977e-07 0)
(0.110597967 -1.554078508e-07 0)
(0.110597932 -1.517977547e-07 0)
(0.1105979003 -1.486579065e-07 0)
(0.1105978699 -1.45216984e-07 0)
(0.1105978417 -1.422121937e-07 0)
(0.1105978154 -1.389684158e-07 0)
(0.1105977902 -1.361091394e-07 0)
(0.1105977677 -1.330716036e-07 0)
(0.1105977454 -1.303560859e-07 0)
(0.1105977262 -1.275232922e-07 0)
(0.1105977065 -1.249438343e-07 0)
(0.1105976904 -1.223084534e-07 0)
(0.110597673 -1.198550074e-07 0)
(0.1105976596 -1.174066169e-07 0)
(0.1105976443 -1.150687139e-07 0)
(0.1105976334 -1.127954101e-07 0)
(0.11059762 -1.10563145e-07 0)
(0.1105976113 -1.084525583e-07 0)
(0.1105975996 -1.063170429e-07 0)
(0.1105975929 -1.043570234e-07 0)
(0.1105975829 -1.023105001e-07 0)
(0.110597578 -1.004895908e-07 0)
(0.1105975693 -9.852535093e-08 0)
(0.110597566 -9.68331222e-08 0)
(0.1105975587 -9.494531015e-08 0)
(0.1105975569 -9.337258398e-08 0)
(0.1105975508 -9.155593217e-08 0)
(0.1105975502 -9.009489839e-08 0)
(0.1105975452 -8.834446091e-08 0)
(0.1105975459 -8.698872514e-08 0)
(0.1105975418 -8.529961922e-08 0)
(0.1105975435 -8.404415468e-08 0)
(0.1105975403 -8.24113339e-08 0)
(0.110597543 -8.125237695e-08 0)
(0.1105975406 -7.967044205e-08 0)
(0.1105975442 -7.860533513e-08 0)
(0.1105975425 -7.706838078e-08 0)
(0.1105975468 -7.609537233e-08 0)
(0.1105975459 -7.459687719e-08 0)
(0.1105975508 -7.371494853e-08 0)
(0.1105975505 -7.22477241e-08 0)
(0.1105975561 -7.145645269e-08 0)
(0.1105975563 -7.00126485e-08 0)
(0.1105975624 -6.931217407e-08 0)
(0.1105975632 -6.788338061e-08 0)
(0.1105975697 -6.727445877e-08 0)
(0.110597571 -6.58518688e-08 0)
(0.1105975778 -6.533601095e-08 0)
(0.1105975798 -6.391066278e-08 0)
(0.1105975868 -6.349028809e-08 0)
(0.1105975892 -6.205330759e-08 0)
(0.1105975964 -6.173183799e-08 0)
(0.1105975995 -6.027468777e-08 0)
(0.1105976067 -6.005647648e-08 0)
(0.1105976103 -5.857117157e-08 0)
(0.1105976175 -5.846121699e-08 0)
(0.1105976218 -5.694054143e-08 0)
(0.1105976288 -5.694391054e-08 0)
(0.1105976338 -5.538169611e-08 0)
(0.1105976405 -5.550264478e-08 0)
(0.1105976463 -5.389423958e-08 0)
(0.1105976526 -5.413500139e-08 0)
(0.1105976592 -5.247808981e-08 0)
(0.110597665 -5.283725904e-08 0)
(0.1105976725 -5.113330816e-08 0)
(0.1105976777 -5.160369964e-08 0)
(0.1105976862 -4.986043121e-08 0)
(0.1105976906 -5.042605631e-08 0)
(0.1105977002 -4.866175846e-08 0)
(0.1105977038 -4.929327854e-08 0)
(0.1105977144 -4.7544836e-08 0)
(0.1105977171 -4.819226182e-08 0)
(0.1105977289 -4.653103773e-08 0)
(0.1105977307 -4.711195115e-08 0)
(0.1105977436 -4.567463688e-08 0)
(0.1105977444 -4.605808414e-08 0)
(0.1105977584 -4.507991244e-08 0)
(0.1142979333 6.221534528e-06 0)
(0.1143458816 -8.32138999e-06 0)
(0.1143576853 -5.090247078e-06 0)
(0.1143496486 4.105253959e-07 0)
(0.1143476391 5.546643057e-08 0)
(0.1143486221 -6.258744364e-07 0)
(0.1143489651 -4.181571668e-07 0)
(0.1143488489 -2.02131218e-07 0)
(0.1143487163 -1.717654198e-07 0)
(0.1143486581 -1.887450551e-07 0)
(0.1143486052 -1.889188257e-07 0)
(0.1143485491 -1.819843946e-07 0)
(0.1143484782 -1.783153973e-07 0)
(0.1143484161 -1.778641715e-07 0)
(0.11434835 -1.764121218e-07 0)
(0.1143482916 -1.745077047e-07 0)
(0.1143482292 -1.716828273e-07 0)
(0.1143481736 -1.69205337e-07 0)
(0.114348116 -1.660263137e-07 0)
(0.1143480642 -1.631895538e-07 0)
(0.1143480115 -1.59766828e-07 0)
(0.1143479636 -1.567923885e-07 0)
(0.1143479158 -1.533535991e-07 0)
(0.1143478716 -1.503869496e-07 0)
(0.1143478284 -1.470386122e-07 0)
(0.1143477878 -1.441512877e-07 0)
(0.114347749 -1.409538806e-07 0)
(0.1143477117 -1.381800228e-07 0)
(0.114347677 -1.35161184e-07 0)
(0.1143476429 -1.325119195e-07 0)
(0.1143476119 -1.296813171e-07 0)
(0.1143475806 -1.271562204e-07 0)
(0.114347553 -1.245133378e-07 0)
(0.1143475244 -1.221063081e-07 0)
(0.1143475 -1.196449615e-07 0)
(0.1143474739 -1.173476066e-07 0)
(0.1143474523 -1.150585563e-07 0)
(0.1143474284 -1.128620025e-07 0)
(0.1143474095 -1.107345033e-07 0)
(0.1143473877 -1.086303157e-07 0)
(0.1143473711 -1.066531095e-07 0)
(0.1143473513 -1.046337142e-07 0)
(0.1143473369 -1.027957092e-07 0)
(0.1143473188 -1.008544959e-07 0)
(0.1143473064 -9.914523846e-08 0)
(0.11434729 -9.727648145e-08 0)
(0.1143472794 -9.568649716e-08 0)
(0.1143472645 -9.388517169e-08 0)
(0.1143472556 -9.240618838e-08 0)
(0.1143472421 -9.066772458e-08 0)
(0.1143472347 -8.929279304e-08 0)
(0.1143472224 -8.76128306e-08 0)
(0.1143472165 -8.633637031e-08 0)
(0.1143472053 -8.471052197e-08 0)
(0.1143472007 -8.352827213e-08 0)
(0.1143471906 -8.195191758e-08 0)
(0.1143471871 -8.086083338e-08 0)
(0.114347178 -7.932894806e-08 0)
(0.1143471756 -7.832704172e-08 0)
(0.1143471674 -7.683405788e-08 0)
(0.114347166 -7.592020314e-08 0)
(0.1143471587 -7.445991142e-08 0)
(0.1143471581 -7.363367275e-08 0)
(0.1143471516 -7.219917573e-08 0)
(0.1143471518 -7.146067474e-08 0)
(0.114347146 -7.004439719e-08 0)
(0.114347147 -6.939428037e-08 0)
(0.1143471418 -6.798807028e-08 0)
(0.1143471434 -6.742755895e-08 0)
(0.1143471389 -6.602284979e-08 0)
(0.1143471411 -6.555387085e-08 0)
(0.1143471372 -6.414192656e-08 0)
(0.1143471398 -6.376725303e-08 0)
(0.1143471366 -6.23394178e-08 0)
(0.1143471396 -6.206274555e-08 0)
(0.114347137 -6.061071115e-08 0)
(0.1143471403 -6.043656677e-08 0)
(0.1143471384 -5.895261731e-08 0)
(0.1143471418 -5.888604854e-08 0)
(0.1143471406 -5.736332014e-08 0)
(0.1143471441 -5.740928599e-08 0)
(0.1143471436 -5.584210391e-08 0)
(0.1143471471 -5.600455238e-08 0)
(0.1143471473 -5.438897411e-08 0)
(0.1143471508 -5.466956639e-08 0)
(0.1143471517 -5.300429608e-08 0)
(0.114347155 -5.34006992e-08 0)
(0.1143471568 -5.168865006e-08 0)
(0.1143471597 -5.219227628e-08 0)
(0.1143471624 -5.044317644e-08 0)
(0.1143471649 -5.10360194e-08 0)
(0.1143471685 -4.927084375e-08 0)
(0.1143471705 -4.992085212e-08 0)
(0.1143471751 -4.817978863e-08 0)
(0.1143471766 -4.883385509e-08 0)
(0.1143471821 -4.719128566e-08 0)
(0.114347183 -4.776510912e-08 0)
(0.1143471895 -4.635638527e-08 0)
(0.1143471899 -4.672370551e-08 0)
(0.1143471971 -4.576713018e-08 0)
(0.1178624147 5.778554207e-06 0)
(0.1179078731 -7.418350887e-06 0)
(0.1179203545 -5.154840941e-06 0)
(0.1179124575 2.836099918e-07 0)
(0.1179101164 1.219336873e-07 0)
(0.1179110785 -6.085233591e-07 0)
(0.1179114673 -4.260042759e-07 0)
(0.1179113418 -1.964942225e-07 0)
(0.1179111955 -1.621662845e-07 0)
(0.1179111332 -1.808975987e-07 0)
(0.1179110804 -1.812241531e-07 0)
(0.1179110218 -1.737742104e-07 0)
(0.1179109488 -1.69978429e-07 0)
(0.1179108832 -1.696634382e-07 0)
(0.1179108147 -1.683611584e-07 0)
(0.1179107521 -1.666349295e-07 0)
(0.1179106864 -1.640116348e-07 0)
(0.1179106259 -1.617708691e-07 0)
(0.117910564 -1.588345928e-07 0)
(0.1179105067 -1.562521394e-07 0)
(0.1179104491 -1.530830253e-07 0)
(0.117910395 -1.503640188e-07 0)
(0.1179103417 -1.471781103e-07 0)
(0.117910291 -1.44458769e-07 0)
(0.1179102419 -1.413552275e-07 0)
(0.1179101944 -1.387022581e-07 0)
(0.1179101494 -1.357379011e-07 0)
(0.117910105 -1.331833336e-07 0)
(0.1179100638 -1.303840492e-07 0)
(0.1179100225 -1.279384073e-07 0)
(0.1179099848 -1.253132595e-07 0)
(0.1179099463 -1.229763928e-07 0)
(0.1179099119 -1.20524911e-07 0)
(0.117909876 -1.182914618e-07 0)
(0.1179098447 -1.160078782e-07 0)
(0.1179098113 -1.138704227e-07 0)
(0.1179097829 -1.117461181e-07 0)
(0.1179097518 -1.096968254e-07 0)
(0.1179097261 -1.077217826e-07 0)
(0.1179096971 -1.057532431e-07 0)
(0.1179096738 -1.039169864e-07 0)
(0.1179096469 -1.020225813e-07 0)
(0.1179096259 -1.003148219e-07 0)
(0.1179096008 -9.848879774e-08 0)
(0.1179095819 -9.689988589e-08 0)
(0.1179095585 -9.513726524e-08 0)
(0.1179095416 -9.365851926e-08 0)
(0.1179095198 -9.195492053e-08 0)
(0.1179095047 -9.057883838e-08 0)
(0.1179094844 -8.893024043e-08 0)
(0.1179094709 -8.765061555e-08 0)
(0.1179094521 -8.605312802e-08 0)
(0.1179094402 -8.486508641e-08 0)
(0.1179094226 -8.331473032e-08 0)
(0.1179094121 -8.221467781e-08 0)
(0.1179093957 -8.070719655e-08 0)
(0.1179093866 -7.96927128e-08 0)
(0.1179093713 -7.82234158e-08 0)
(0.1179093635 -7.7293093e-08 0)
(0.1179093491 -7.585672887e-08 0)
(0.1179093425 -7.500998009e-08 0)
(0.1179093291 -7.360064777e-08 0)
(0.1179093235 -7.283753823e-08 0)
(0.117909311 -7.144864412e-08 0)
(0.1179093064 -7.076976034e-08 0)
(0.1179092947 -6.939403247e-08 0)
(0.1179092909 -6.880045075e-08 0)
(0.11790928 -6.743003688e-08 0)
(0.1179092771 -6.692336825e-08 0)
(0.117909267 -6.554999804e-08 0)
(0.1179092648 -6.513250852e-08 0)
(0.1179092553 -6.374773813e-08 0)
(0.1179092538 -6.34224764e-08 0)
(0.117909245 -6.201794405e-08 0)
(0.1179092441 -6.178879861e-08 0)
(0.117909236 -6.03565065e-08 0)
(0.1179092356 -6.022809376e-08 0)
(0.1179092281 -5.876067796e-08 0)
(0.1179092281 -5.873801056e-08 0)
(0.1179092214 -5.722903885e-08 0)
(0.1179092217 -5.731688749e-08 0)
(0.1179092156 -5.576124874e-08 0)
(0.1179092162 -5.596318446e-08 0)
(0.1179092108 -5.435769852e-08 0)
(0.1179092115 -5.467476372e-08 0)
(0.1179092069 -5.301917893e-08 0)
(0.1179092077 -5.344810697e-08 0)
(0.1179092038 -5.174676069e-08 0)
(0.1179092046 -5.22776212e-08 0)
(0.1179092014 -5.054214736e-08 0)
(0.1179092021 -5.115508719e-08 0)
(0.1179091998 -4.940890543e-08 0)
(0.1179092003 -5.006952675e-08 0)
(0.1179091987 -4.83556165e-08 0)
(0.1179091991 -4.900840947e-08 0)
(0.1179091983 -4.740316357e-08 0)
(0.1179091985 -4.79632122e-08 0)
(0.1179091984 -4.659902839e-08 0)
(0.1179091984 -4.694652803e-08 0)
(0.1179091989 -4.602413402e-08 0)
(0.1212391541 5.33079188e-06 0)
(0.1212824095 -6.576949928e-06 0)
(0.1212954735 -5.151130443e-06 0)
(0.1212877463 1.572379268e-07 0)
(0.1212850881 1.807831667e-07 0)
(0.1212860189 -5.852790931e-07 0)
(0.121286455 -4.312493302e-07 0)
(0.1212863223 -1.907042792e-07 0)
(0.1212861619 -1.522963525e-07 0)
(0.1212860956 -1.727095672e-07 0)
(0.1212860436 -1.732700139e-07 0)
(0.1212859832 -1.65333527e-07 0)
(0.121285909 -1.614039457e-07 0)
(0.121285841 -1.611867272e-07 0)
(0.1212857712 -1.599952098e-07 0)
(0.1212857059 -1.584009807e-07 0)
(0.1212856382 -1.559397668e-07 0)
(0.1212855744 -1.538896666e-07 0)
(0.12128551 -1.511580974e-07 0)
(0.1212854488 -1.487882955e-07 0)
(0.1212853881 -1.458398857e-07 0)
(0.1212853298 -1.433407392e-07 0)
(0.1212852727 -1.403804127e-07 0)
(0.1212852174 -1.378791172e-07 0)
(0.1212851641 -1.349985749e-07 0)
(0.1212851117 -1.325566929e-07 0)
(0.121285062 -1.298085419e-07 0)
(0.1212850125 -1.27455386e-07 0)
(0.1212849664 -1.248630864e-07 0)
(0.1212849195 -1.226078931e-07 0)
(0.1212848768 -1.201792224e-07 0)
(0.1212848326 -1.180214429e-07 0)
(0.1212847929 -1.15755355e-07 0)
(0.1212847513 -1.136897579e-07 0)
(0.1212847146 -1.115803638e-07 0)
(0.1212846753 -1.095999488e-07 0)
(0.1212846414 -1.076388e-07 0)
(0.1212846044 -1.057363075e-07 0)
(0.1212845731 -1.039137441e-07 0)
(0.1212845382 -1.020823878e-07 0)
(0.1212845093 -1.003884123e-07 0)
(0.1212844764 -9.862218781e-08 0)
(0.1212844498 -9.704706393e-08 0)
(0.1212844188 -9.534078861e-08 0)
(0.1212843944 -9.387546106e-08 0)
(0.1212843651 -9.222466804e-08 0)
(0.1212843426 -9.086106932e-08 0)
(0.121284315 -8.926182379e-08 0)
(0.1212842945 -8.799306564e-08 0)
(0.1212842683 -8.644173512e-08 0)
(0.1212842496 -8.526221309e-08 0)
(0.1212842249 -8.375524886e-08 0)
(0.1212842078 -8.266066588e-08 0)
(0.1212841844 -8.119439632e-08 0)
(0.1212841689 -8.018170375e-08 0)
(0.1212841467 -7.875215915e-08 0)
(0.1212841327 -7.781944622e-08 0)
(0.1212841117 -7.642221431e-08 0)
(0.121284099 -7.556854397e-08 0)
(0.1212840791 -7.419865299e-08 0)
(0.1212840677 -7.342387352e-08 0)
(0.1212840487 -7.207571091e-08 0)
(0.1212840386 -7.13802891e-08 0)
(0.1212840206 -7.004756105e-08 0)
(0.1212840115 -6.943245351e-08 0)
(0.1212839944 -6.810820196e-08 0)
(0.1212839864 -6.757482377e-08 0)
(0.1212839701 -6.625152032e-08 0)
(0.1212839631 -6.580178381e-08 0)
(0.1212839475 -6.447149082e-08 0)
(0.1212839414 -6.410791458e-08 0)
(0.1212839266 -6.276252715e-08 0)
(0.1212839214 -6.248834987e-08 0)
(0.1212839073 -6.111985494e-08 0)
(0.1212839028 -6.09390726e-08 0)
(0.1212838893 -5.953984192e-08 0)
(0.1212838855 -5.945707752e-08 0)
(0.1212838728 -5.802015818e-08 0)
(0.1212838696 -5.804031012e-08 0)
(0.1212838575 -5.655975522e-08 0)
(0.1212838548 -5.668733599e-08 0)
(0.1212838434 -5.515863944e-08 0)
(0.1212838412 -5.539679028e-08 0)
(0.1212838304 -5.381755433e-08 0)
(0.1212838286 -5.41666749e-08 0)
(0.1212838185 -5.25376781e-08 0)
(0.121283817 -5.299359108e-08 0)
(0.1212838075 -5.132052707e-08 0)
(0.1212838063 -5.187205676e-08 0)
(0.1212837975 -5.016830956e-08 0)
(0.1212837965 -5.079397283e-08 0)
(0.1212837883 -4.90851015e-08 0)
(0.1212837875 -4.974856987e-08 0)
(0.1212837799 -4.807977448e-08 0)
(0.1212837792 -4.872387896e-08 0)
(0.1212837722 -4.717255272e-08 0)
(0.1212837717 -4.771295474e-08 0)
(0.1212837651 -4.640711283e-08 0)
(0.1212837648 -4.67318797e-08 0)
(0.1212837586 -4.585436646e-08 0)
(0.1244281821 4.886554118e-06 0)
(0.1244694859 -5.800142723e-06 0)
(0.1244830498 -5.085826588e-06 0)
(0.1244755147 3.633639049e-08 0)
(0.1244725562 2.313542406e-07 0)
(0.1244734464 -5.56838333e-07 0)
(0.1244739305 -4.334805457e-07 0)
(0.1244737927 -1.847187984e-07 0)
(0.1244736178 -1.422566889e-07 0)
(0.1244735474 -1.642169966e-07 0)
(0.1244734965 -1.650917686e-07 0)
(0.1244734347 -1.567269052e-07 0)
(0.1244733597 -1.526769785e-07 0)
(0.1244732899 -1.525358355e-07 0)
(0.1244732194 -1.514331098e-07 0)
(0.1244731523 -1.499417e-07 0)
(0.1244730834 -1.47617839e-07 0)
(0.1244730175 -1.457255177e-07 0)
(0.1244729515 -1.431712096e-07 0)
(0.1244728878 -1.409815145e-07 0)
(0.1244728251 -1.382274803e-07 0)
(0.1244727639 -1.359179603e-07 0)
(0.1244727044 -1.331590079e-07 0)
(0.1244726458 -1.308487401e-07 0)
(0.1244725898 -1.281697652e-07 0)
(0.1244725338 -1.259155968e-07 0)
(0.124472481 -1.233651763e-07 0)
(0.1244724276 -1.211937593e-07 0)
(0.124472378 -1.187928629e-07 0)
(0.1244723271 -1.167119963e-07 0)
(0.1244722806 -1.144669116e-07 0)
(0.1244722322 -1.124753802e-07 0)
(0.1244721886 -1.103842203e-07 0)
(0.1244721425 -1.084765978e-07 0)
(0.1244721017 -1.065330715e-07 0)
(0.1244720578 -1.047024478e-07 0)
(0.1244720197 -1.028980055e-07 0)
(0.1244719779 -1.011373698e-07 0)
(0.1244719423 -9.946245985e-08 0)
(0.1244719025 -9.776534988e-08 0)
(0.1244718693 -9.621022985e-08 0)
(0.1244718314 -9.457098636e-08 0)
(0.1244718004 -9.312627322e-08 0)
(0.1244717644 -9.154004718e-08 0)
(0.1244717355 -9.019710248e-08 0)
(0.1244717012 -8.865973209e-08 0)
(0.1244716743 -8.741094135e-08 0)
(0.1244716416 -8.591876362e-08 0)
(0.1244716166 -8.475770431e-08 0)
(0.1244715854 -8.330732881e-08 0)
(0.1244715622 -8.222886012e-08 0)
(0.1244715324 -8.081695883e-08 0)
(0.1244715109 -7.981722943e-08 0)
(0.1244714825 -7.844034009e-08 0)
(0.1244714626 -7.751672169e-08 0)
(0.1244714354 -7.617108418e-08 0)
(0.1244714171 -7.53220553e-08 0)
(0.1244713911 -7.400347649e-08 0)
(0.1244713742 -7.322845549e-08 0)
(0.1244713493 -7.19322007e-08 0)
(0.1244713338 -7.123136051e-08 0)
(0.1244713099 -6.995207791e-08 0)
(0.1244712957 -6.932618105e-08 0)
(0.1244712727 -6.805786287e-08 0)
(0.1244712598 -6.750813481e-08 0)
(0.1244712377 -6.624413583e-08 0)
(0.1244712259 -6.577223336e-08 0)
(0.1244712046 -6.450535984e-08 0)
(0.124471194 -6.4113403e-08 0)
(0.1244711735 -6.283607152e-08 0)
(0.1244711639 -6.252674091e-08 0)
(0.1244711441 -6.123121568e-08 0)
(0.1244711355 -6.100785222e-08 0)
(0.1244711164 -5.968650543e-08 0)
(0.1244711087 -5.955312773e-08 0)
(0.1244710903 -5.819873996e-08 0)
(0.1244710834 -5.815989789e-08 0)
(0.1244710657 -5.67659647e-08 0)
(0.1244710596 -5.682637036e-08 0)
(0.1244710425 -5.538746025e-08 0)
(0.1244710371 -5.555130945e-08 0)
(0.1244710206 -5.406353638e-08 0)
(0.1244710159 -5.433350384e-08 0)
(0.1244709999 -5.27952426e-08 0)
(0.1244709959 -5.317108283e-08 0)
(0.1244709805 -5.158409333e-08 0)
(0.124470977 -5.206076905e-08 0)
(0.1244709621 -5.043199187e-08 0)
(0.1244709592 -5.099721392e-08 0)
(0.1244709448 -4.934157863e-08 0)
(0.1244709423 -4.997249148e-08 0)
(0.1244709284 -4.831733756e-08 0)
(0.1244709264 -4.89761375e-08 0)
(0.124470913 -4.736827236e-08 0)
(0.1244709114 -4.799688372e-08 0)
(0.1244708983 -4.651371286e-08 0)
(0.1244708972 -4.702946578e-08 0)
(0.1244708845 -4.579339625e-08 0)
(0.1244708839 -4.609329397e-08 0)
(0.1244708712 -4.526929319e-08 0)
(0.127429525 4.452295354e-06 0)
(0.1274690979 -5.089020103e-06 0)
(0.1274830903 -4.964916361e-06 0)
(0.1274757629 -7.907124102e-08 0)
(0.1274725221 2.722089796e-07 0)
(0.1274733638 -5.242777083e-07 0)
(0.127473896 -4.324190217e-07 0)
(0.1274737549 -1.784831542e-07 0)
(0.1274735654 -1.321416192e-07 0)
(0.1274734908 -1.554437388e-07 0)
(0.1274734411 -1.566993154e-07 0)
(0.1274733782 -1.479852962e-07 0)
(0.1274733025 -1.438415297e-07 0)
(0.1274732312 -1.437646169e-07 0)
(0.1274731604 -1.427400178e-07 0)
(0.1274730919 -1.413350066e-07 0)
(0.1274730225 -1.391355906e-07 0)
(0.1274729549 -1.373797603e-07 0)
(0.1274728881 -1.349854301e-07 0)
(0.1274728226 -1.329530232e-07 0)
(0.1274727587 -1.303750342e-07 0)
(0.1274726955 -1.28232323e-07 0)
(0.1274726346 -1.256561864e-07 0)
(0.1274725737 -1.235150583e-07 0)
(0.1274725159 -1.21019705e-07 0)
(0.1274724574 -1.189329804e-07 0)
(0.1274724026 -1.165634667e-07 0)
(0.1274723464 -1.145555414e-07 0)
(0.1274722945 -1.123306536e-07 0)
(0.1274722406 -1.104080914e-07 0)
(0.1274721915 -1.083327692e-07 0)
(0.1274721399 -1.064937349e-07 0)
(0.1274720935 -1.045652793e-07 0)
(0.127472044 -1.028040942e-07 0)
(0.1274720003 -1.010157695e-07 0)
(0.1274719529 -9.932549132e-08 0)
(0.1274719116 -9.766856169e-08 0)
(0.1274718661 -9.604227113e-08 0)
(0.1274718272 -9.450718655e-08 0)
(0.1274717836 -9.293857398e-08 0)
(0.127471747 -9.151573004e-08 0)
(0.1274717052 -8.999931008e-08 0)
(0.1274716707 -8.867955656e-08 0)
(0.1274716307 -8.721065096e-08 0)
(0.1274715982 -8.5985646e-08 0)
(0.1274715598 -8.456024923e-08 0)
(0.1274715293 -8.342271175e-08 0)
(0.1274714925 -8.203730036e-08 0)
(0.1274714638 -8.098115556e-08 0)
(0.1274714285 -7.963246641e-08 0)
(0.1274714016 -7.865292018e-08 0)
(0.1274713676 -7.733774854e-08 0)
(0.1274713425 -7.643127962e-08 0)
(0.1274713097 -7.514629151e-08 0)
(0.1274712863 -7.431057798e-08 0)
(0.1274712548 -7.305215699e-08 0)
(0.1274712329 -7.228595448e-08 0)
(0.1274712025 -7.105007454e-08 0)
(0.1274711821 -7.035304727e-08 0)
(0.1274711527 -6.913517149e-08 0)
(0.1274711338 -6.850771076e-08 0)
(0.1274711055 -6.730272035e-08 0)
(0.1274710879 -6.674578155e-08 0)
(0.1274710605 -6.554793812e-08 0)
(0.1274710442 -6.506291662e-08 0)
(0.1274710176 -6.386588129e-08 0)
(0.1274710027 -6.345458026e-08 0)
(0.1274709769 -6.225149693e-08 0)
(0.1274709631 -6.191615213e-08 0)
(0.1274709381 -6.069980299e-08 0)
(0.1274709255 -6.044316859e-08 0)
(0.1274709012 -5.920620486e-08 0)
(0.1274708896 -5.903163918e-08 0)
(0.127470866 -5.776684056e-08 0)
(0.1274708555 -5.767830448e-08 0)
(0.1274708325 -5.63788834e-08 0)
(0.127470823 -5.638078041e-08 0)
(0.1274708005 -5.50407002e-08 0)
(0.127470792 -5.513749321e-08 0)
(0.1274707701 -5.375184743e-08 0)
(0.1274707624 -5.394736948e-08 0)
(0.1274707411 -5.251288424e-08 0)
(0.1274707343 -5.280932304e-08 0)
(0.1274707134 -5.132510953e-08 0)
(0.1274707074 -5.172159266e-08 0)
(0.127470687 -5.019031266e-08 0)
(0.1274706818 -5.068101958e-08 0)
(0.1274706618 -4.911071502e-08 0)
(0.1274706573 -4.96824063e-08 0)
(0.1274706377 -4.808930609e-08 0)
(0.1274706339 -4.871804649e-08 0)
(0.1274706147 -4.713086839e-08 0)
(0.1274706115 -4.777786365e-08 0)
(0.1274705926 -4.62443832e-08 0)
(0.1274705902 -4.685139552e-08 0)
(0.1274705715 -4.544808715e-08 0)
(0.1274705698 -4.593508659e-08 0)
(0.1274705512 -4.477773701e-08 0)
(0.1274705503 -4.505137958e-08 0)
(0.1274705316 -4.428737327e-08 0)
(0.1302432055 4.032795539e-06 0)
(0.1302812427 -4.442807354e-06 0)
(0.1302956009 -4.795221147e-06 0)
(0.130288491 -1.855085989e-07 0)
(0.1302849878 3.030687717e-07 0)
(0.1302857742 -4.885637889e-07 0)
(0.1302863536 -4.278229525e-07 0)
(0.1302862112 -1.71913963e-07 0)
(0.1302860069 -1.220359474e-07 0)
(0.130285928 -1.464100715e-07 0)
(0.1302858796 -1.480912962e-07 0)
(0.1302858158 -1.391232364e-07 0)
(0.1302857394 -1.349203811e-07 0)
(0.1302856669 -1.349005838e-07 0)
(0.1302855958 -1.339498604e-07 0)
(0.1302855263 -1.326232489e-07 0)
(0.1302854564 -1.305434478e-07 0)
(0.1302853877 -1.289114453e-07 0)
(0.1302853203 -1.266677627e-07 0)
(0.1302852536 -1.247780953e-07 0)
(0.130285189 -1.223650694e-07 0)
(0.1302851243 -1.203736237e-07 0)
(0.1302850626 -1.17967816e-07 0)
(0.1302850001 -1.159799081e-07 0)
(0.1302849411 -1.136549568e-07 0)
(0.1302848809 -1.117199895e-07 0)
(0.1302848247 -1.095179542e-07 0)
(0.1302847666 -1.076585392e-07 0)
(0.1302847132 -1.055964521e-07 0)
(0.1302846572 -1.038182669e-07 0)
(0.1302846064 -1.01900033e-07 0)
(0.1302845525 -1.002008449e-07 0)
(0.1302845041 -9.842316382e-08 0)
(0.1302844522 -9.679716013e-08 0)
(0.1302844063 -9.515297918e-08 0)
(0.1302843563 -9.359322492e-08 0)
(0.1302843127 -9.207368673e-08 0)
(0.1302842645 -9.057333769e-08 0)
(0.1302842231 -8.916891297e-08 0)
(0.1302841767 -8.772176006e-08 0)
(0.1302841375 -8.642296853e-08 0)
(0.1302840927 -8.502362743e-08 0)
(0.1302840556 -8.382151459e-08 0)
(0.1302840124 -8.246539565e-08 0)
(0.1302839772 -8.13518622e-08 0)
(0.1302839355 -8.003503272e-08 0)
(0.1302839023 -7.900306407e-08 0)
(0.130283862 -7.772206048e-08 0)
(0.1302838306 -7.676585334e-08 0)
(0.1302837917 -7.551746702e-08 0)
(0.130283762 -7.463249049e-08 0)
(0.1302837245 -7.341357582e-08 0)
(0.1302836965 -7.259654994e-08 0)
(0.1302836602 -7.140384623e-08 0)
(0.1302836338 -7.065266333e-08 0)
(0.1302835986 -6.948265188e-08 0)
(0.1302835738 -6.879625061e-08 0)
(0.1302835397 -6.764503522e-08 0)
(0.1302835164 -6.702323125e-08 0)
(0.1302834833 -6.588644395e-08 0)
(0.1302834615 -6.532975335e-08 0)
(0.1302834294 -6.420248718e-08 0)
(0.130283409 -6.37119663e-08 0)
(0.1302833777 -6.258873887e-08 0)
(0.1302833587 -6.216586337e-08 0)
(0.1302833282 -6.104063568e-08 0)
(0.1302833105 -6.068726811e-08 0)
(0.1302832808 -5.955352201e-08 0)
(0.1302832644 -5.927192944e-08 0)
(0.1302832354 -5.81228188e-08 0)
(0.1302832202 -5.791574795e-08 0)
(0.1302831918 -5.674432118e-08 0)
(0.1302831778 -5.661507023e-08 0)
(0.13028315 -5.541452686e-08 0)
(0.1302831372 -5.536692682e-08 0)
(0.13028311 -5.413092198e-08 0)
(0.1302830982 -5.416916601e-08 0)
(0.1302830715 -5.289213584e-08 0)
(0.1302830609 -5.302038576e-08 0)
(0.1302830347 -5.169794217e-08 0)
(0.130283025 -5.191963547e-08 0)
(0.1302829992 -5.054908986e-08 0)
(0.1302829906 -5.086592284e-08 0)
(0.1302829652 -4.944706463e-08 0)
(0.1302829576 -4.985757599e-08 0)
(0.1302829325 -4.839386343e-08 0)
(0.1302829258 -4.88915499e-08 0)
(0.1302829011 -4.739195038e-08 0)
(0.1302828953 -4.796281312e-08 0)
(0.1302828708 -4.644457471e-08 0)
(0.1302828659 -4.706392032e-08 0)
(0.1302828417 -4.555670502e-08 0)
(0.1302828377 -4.618525226e-08 0)
(0.1302828136 -4.473715456e-08 0)
(0.1302828105 -4.53172251e-08 0)
(0.1302827864 -4.400290822e-08 0)
(0.1302827844 -4.445795059e-08 0)
(0.1302827602 -4.338578481e-08 0)
(0.1302827592 -4.363249327e-08 0)
(0.1302827348 -4.293283009e-08 0)
(0.132869243 3.631389416e-06 0)
(0.1329059177 -3.859222251e-06 0)
(0.1329205877 -4.584146808e-06 0)
(0.1329136997 -2.767002102e-07 0)
(0.1329099541 3.247861563e-07 0)
(0.13291068 -4.504689582e-07 0)
(0.1329113053 -4.194774798e-07 0)
(0.1329111635 -1.649014828e-07 0)
(0.1329109443 -1.1201284e-07 0)
(0.1329108611 -1.371360779e-07 0)
(0.1329108141 -1.392620978e-07 0)
(0.1329107494 -1.30147655e-07 0)
(0.1329106724 -1.259260169e-07 0)
(0.1329105987 -1.259578197e-07 0)
(0.1329105274 -1.250797916e-07 0)
(0.132910457 -1.238286666e-07 0)
(0.1329103869 -1.218685226e-07 0)
(0.1329103172 -1.20353373e-07 0)
(0.1329102495 -1.182563976e-07 0)
(0.1329101818 -1.165010157e-07 0)
(0.1329101167 -1.142474092e-07 0)
(0.132910051 -1.123976546e-07 0)
(0.1329099887 -1.101549176e-07 0)
(0.1329099251 -1.083097812e-07 0)
(0.1329098654 -1.061466447e-07 0)
(0.1329098039 -1.043524909e-07 0)
(0.1329097469 -1.023083847e-07 0)
(0.1329096875 -1.005864088e-07 0)
(0.132909633 -9.867699209e-08 0)
(0.1329095755 -9.703232217e-08 0)
(0.1329095236 -9.526080206e-08 0)
(0.132909468 -9.369107639e-08 0)
(0.1329094184 -9.20538281e-08 0)
(0.1329093647 -9.055329696e-08 0)
(0.1329093174 -8.904316399e-08 0)
(0.1329092654 -8.760503051e-08 0)
(0.1329092203 -8.621318914e-08 0)
(0.13290917 -8.483076107e-08 0)
(0.132909127 -8.354780901e-08 0)
(0.1329090783 -8.22150137e-08 0)
(0.1329090373 -8.103166025e-08 0)
(0.1329089902 -7.97432214e-08 0)
(0.1329089511 -7.865074029e-08 0)
(0.1329089055 -7.740214484e-08 0)
(0.1329088683 -7.639268537e-08 0)
(0.1329088241 -7.518005053e-08 0)
(0.1329087888 -7.424684897e-08 0)
(0.1329087459 -7.306674265e-08 0)
(0.1329087123 -7.220423452e-08 0)
(0.1329086707 -7.105347321e-08 0)
(0.1329086388 -7.025734423e-08 0)
(0.1329085984 -6.913281306e-08 0)
(0.1329085682 -6.839996745e-08 0)
(0.1329085289 -6.729845348e-08 0)
(0.1329085003 -6.662693295e-08 0)
(0.1329084621 -6.554499315e-08 0)
(0.132908435 -6.493384887e-08 0)
(0.1329083978 -6.386769871e-08 0)
(0.1329083722 -6.33168241e-08 0)
(0.132908336 -6.226225031e-08 0)
(0.1329083119 -6.177221084e-08 0)
(0.1329082765 -6.072450804e-08 0)
(0.1329082539 -6.029638523e-08 0)
(0.1329082193 -5.925032104e-08 0)
(0.132908198 -5.888559579e-08 0)
(0.1329081642 -5.783542899e-08 0)
(0.1329081443 -5.753594922e-08 0)
(0.1329081111 -5.647550145e-08 0)
(0.1329080925 -5.624349315e-08 0)
(0.13290806 -5.516629484e-08 0)
(0.1329080427 -5.500442751e-08 0)
(0.1329080108 -5.390393084e-08 0)
(0.1329079948 -5.381537588e-08 0)
(0.1329079634 -5.268520666e-08 0)
(0.1329079486 -5.267360408e-08 0)
(0.1329079176 -5.150786286e-08 0)
(0.132907904 -5.157714298e-08 0)
(0.1329078735 -5.037073365e-08 0)
(0.1329078611 -5.052471771e-08 0)
(0.132907831 -4.927375138e-08 0)
(0.1329078197 -4.951546251e-08 0)
(0.1329077899 -4.821779426e-08 0)
(0.1329077798 -4.854844887e-08 0)
(0.1329077503 -4.720447076e-08 0)
(0.1329077413 -4.762207517e-08 0)
(0.132907712 -4.623591585e-08 0)
(0.1329077041 -4.673340585e-08 0)
(0.132907675 -4.531475827e-08 0)
(0.1329076681 -4.587759008e-08 0)
(0.1329076393 -4.444441565e-08 0)
(0.1329076334 -4.504748134e-08 0)
(0.1329076046 -4.36299316e-08 0)
(0.1329075999 -4.42339753e-08 0)
(0.132907571 -4.28798193e-08 0)
(0.1329075674 -4.342840812e-08 0)
(0.1329075385 -4.22096955e-08 0)
(0.132907536 -4.263045569e-08 0)
(0.1329075069 -4.164755584e-08 0)
(0.1329075056 -4.186729918e-08 0)
(0.1329074761 -4.123430145e-08 0)
(0.1353076542 3.250268168e-06 0)
(0.1353431209 -3.335245382e-06 0)
(0.135358056 -4.337685532e-06 0)
(0.1353513895 -3.517036449e-07 0)
(0.1353474221 3.372954238e-07 0)
(0.1353480837 -4.110064159e-07 0)
(0.1353487531 -4.073191302e-07 0)
(0.1353486133 -1.5734883e-07 0)
(0.1353483796 -1.021403728e-07 0)
(0.135348292 -1.276447976e-07 0)
(0.1353482463 -1.302058888e-07 0)
(0.1353481809 -1.210622603e-07 0)
(0.1353481032 -1.168661601e-07 0)
(0.1353480284 -1.169439905e-07 0)
(0.1353479571 -1.161385824e-07 0)
(0.1353478858 -1.149629393e-07 0)
(0.1353478155 -1.131251147e-07 0)
(0.1353477449 -1.117232646e-07 0)
(0.135347677 -1.097722874e-07 0)
(0.1353476084 -1.08146776e-07 0)
(0.1353475431 -1.060507617e-07 0)
(0.1353474765 -1.043374539e-07 0)
(0.1353474138 -1.022544224e-07 0)
(0.1353473494 -1.005459474e-07 0)
(0.1353472893 -9.853985393e-08 0)
(0.1353472269 -9.68796812e-08 0)
(0.1353471694 -9.49874959e-08 0)
(0.1353471089 -9.339560652e-08 0)
(0.1353470538 -9.163186977e-08 0)
(0.1353469953 -9.011308224e-08 0)
(0.1353469426 -8.848057486e-08 0)
(0.1353468859 -8.703262592e-08 0)
(0.1353468354 -8.552765652e-08 0)
(0.1353467804 -8.414505586e-08 0)
(0.1353467322 -8.276058988e-08 0)
(0.1353466788 -8.14368358e-08 0)
(0.1353466326 -8.016427037e-08 0)
(0.1353465808 -7.889294098e-08 0)
(0.1353465366 -7.772314921e-08 0)
(0.1353464864 -7.649839317e-08 0)
(0.1353464441 -7.542238529e-08 0)
(0.1353463953 -7.423909217e-08 0)
(0.1353463549 -7.324844888e-08 0)
(0.1353463074 -7.21022197e-08 0)
(0.1353462688 -7.118938878e-08 0)
(0.1353462226 -7.007641388e-08 0)
(0.1353461858 -6.923490742e-08 0)
(0.1353461408 -6.815179969e-08 0)
(0.1353461057 -6.737629644e-08 0)
(0.1353460619 -6.631990491e-08 0)
(0.1353460284 -6.560629411e-08 0)
(0.1353459857 -6.45735387e-08 0)
(0.1353459539 -6.391888187e-08 0)
(0.1353459122 -6.290659949e-08 0)
(0.1353458819 -6.230905016e-08 0)
(0.1353458412 -6.131387484e-08 0)
(0.1353458125 -6.077255088e-08 0)
(0.1353457727 -5.979081104e-08 0)
(0.1353457454 -5.930563243e-08 0)
(0.1353457065 -5.833327119e-08 0)
(0.1353456807 -5.790479784e-08 0)
(0.1353456426 -5.693731379e-08 0)
(0.1353456182 -5.656659527e-08 0)
(0.1353455808 -5.559900963e-08 0)
(0.1353455578 -5.528747412e-08 0)
(0.1353455211 -5.431434823e-08 0)
(0.1353454995 -5.406377069e-08 0)
(0.1353454634 -5.307927205e-08 0)
(0.1353454432 -5.289177961e-08 0)
(0.1353454076 -5.188982198e-08 0)
(0.1353453887 -5.176795072e-08 0)
(0.1353453536 -5.074239632e-08 0)
(0.135345336 -5.06891373e-08 0)
(0.1353453014 -4.963404206e-08 0)
(0.135345285 -4.965279596e-08 0)
(0.1353452508 -4.856270409e-08 0)
(0.1353452358 -4.86570986e-08 0)
(0.1353452019 -4.752737015e-08 0)
(0.1353451881 -4.770085976e-08 0)
(0.1353451545 -4.652807742e-08 0)
(0.1353451419 -4.678326599e-08 0)
(0.1353451086 -4.556577632e-08 0)
(0.1353450972 -4.59034271e-08 0)
(0.1353450641 -4.464213636e-08 0)
(0.1353450539 -4.505979662e-08 0)
(0.135345021 -4.375936238e-08 0)
(0.135345012 -4.424954708e-08 0)
(0.1353449791 -4.292017065e-08 0)
(0.1353449713 -4.346802425e-08 0)
(0.1353449384 -4.212805731e-08 0)
(0.1353449319 -4.270841616e-08 0)
(0.1353448989 -4.13880355e-08 0)
(0.1353448936 -4.196218049e-08 0)
(0.1353448605 -4.070820341e-08 0)
(0.1353448565 -4.122158717e-08 0)
(0.1353448231 -4.010273523e-08 0)
(0.1353448204 -4.048772078e-08 0)
(0.1353447867 -3.959597886e-08 0)
(0.1353447853 -3.978930138e-08 0)
(0.1353447511 -3.92234499e-08 0)
(0.1375584532 2.890608388e-06 0)
(0.1375928508 -2.867077198e-06 0)
(0.1376080106 -4.06158468e-06 0)
(0.1376015612 -4.097233795e-07 0)
(0.1375973921 3.409481672e-07 0)
(0.1375979877 -3.710442201e-07 0)
(0.1375986987 -3.913465697e-07 0)
(0.1375985623 -1.491576327e-07 0)
(0.1375983145 -9.247443772e-08 0)
(0.1375982224 -1.179607088e-07 0)
(0.1375981781 -1.209181466e-07 0)
(0.137598112 -1.11869493e-07 0)
(0.1375980337 -1.077463583e-07 0)
(0.1375979578 -1.078638794e-07 0)
(0.1375978864 -1.07131114e-07 0)
(0.1375978143 -1.060325823e-07 0)
(0.1375977438 -1.043209786e-07 0)
(0.1375976725 -1.030307922e-07 0)
(0.1375976044 -1.012268159e-07 0)
(0.1375975351 -9.972921832e-08 0)
(0.1375974695 -9.77911856e-08 0)
(0.1375974022 -9.621193057e-08 0)
(0.1375973393 -9.428781196e-08 0)
(0.1375972741 -9.271297594e-08 0)
(0.1375972138 -9.086192216e-08 0)
(0.1375971506 -8.93320542e-08 0)
(0.1375970928 -8.758858612e-08 0)
(0.1375970315 -8.612250474e-08 0)
(0.1375969761 -8.450016614e-08 0)
(0.1375969168 -8.310250363e-08 0)
(0.1375968636 -8.160382319e-08 0)
(0.137596806 -8.027256293e-08 0)
(0.1375967551 -7.889397717e-08 0)
(0.1375966991 -7.762403855e-08 0)
(0.1375966503 -7.635882639e-08 0)
(0.1375965959 -7.514414035e-08 0)
(0.137596549 -7.398409502e-08 0)
(0.1375964962 -7.281862849e-08 0)
(0.1375964512 -7.175505053e-08 0)
(0.1375963998 -7.063327176e-08 0)
(0.1375963567 -6.965759798e-08 0)
(0.1375963065 -6.857464191e-08 0)
(0.1375962653 -6.767885919e-08 0)
(0.1375962164 -6.663050454e-08 0)
(0.1375961768 -6.580743299e-08 0)
(0.1375961292 -6.478999427e-08 0)
(0.1375960913 -6.403347242e-08 0)
(0.1375960448 -6.304364862e-08 0)
(0.1375960085 -6.234862858e-08 0)
(0.1375959631 -6.138333524e-08 0)
(0.1375959284 -6.074592204e-08 0)
(0.137595884 -5.980214212e-08 0)
(0.1375958509 -5.921955224e-08 0)
(0.1375958074 -5.829419665e-08 0)
(0.1375957759 -5.776468114e-08 0)
(0.1375957332 -5.685448176e-08 0)
(0.1375957032 -5.637720163e-08 0)
(0.1375956614 -5.547861799e-08 0)
(0.1375956328 -5.505348947e-08 0)
(0.1375955918 -5.416263718e-08 0)
(0.1375955647 -5.379017941e-08 0)
(0.1375955244 -5.290277536e-08 0)
(0.1375954987 -5.258396734e-08 0)
(0.137595459 -5.169529975e-08 0)
(0.1375954347 -5.143147631e-08 0)
(0.1375953956 -5.053642137e-08 0)
(0.1375953727 -5.032924236e-08 0)
(0.1375953341 -4.942232509e-08 0)
(0.1375953125 -4.927377635e-08 0)
(0.1375952745 -4.834930413e-08 0)
(0.1375952542 -4.826174659e-08 0)
(0.1375952166 -4.731399963e-08 0)
(0.1375951977 -4.729020421e-08 0)
(0.1375951604 -4.631367234e-08 0)
(0.1375951428 -4.635676547e-08 0)
(0.1375951058 -4.534643299e-08 0)
(0.1375950896 -4.545971311e-08 0)
(0.1375950528 -4.44113812e-08 0)
(0.1375950379 -4.459792297e-08 0)
(0.1375950013 -4.350861317e-08 0)
(0.1375949877 -4.377060977e-08 0)
(0.1375949513 -4.263910118e-08 0)
(0.137594939 -4.297690335e-08 0)
(0.1375949027 -4.180451947e-08 0)
(0.1375948916 -4.221530324e-08 0)
(0.1375948553 -4.100707909e-08 0)
(0.1375948456 -4.148309348e-08 0)
(0.1375948093 -4.024951075e-08 0)
(0.1375948008 -4.077583525e-08 0)
(0.1375947644 -3.9535304e-08 0)
(0.1375947573 -4.008708593e-08 0)
(0.1375947207 -3.886934465e-08 0)
(0.1375947149 -3.940890319e-08 0)
(0.1375946781 -3.825922053e-08 0)
(0.1375946737 -3.873448017e-08 0)
(0.1375946364 -3.771762889e-08 0)
(0.1375946335 -3.806611274e-08 0)
(0.1375945958 -3.726549395e-08 0)
(0.1375945943 -3.743343161e-08 0)
(0.1375945559 -3.693361182e-08 0)
(0.1396216523 2.552745252e-06 0)
(0.1396551063 -2.450368139e-06 0)
(0.1396704557 -3.761238511e-06 0)
(0.1396642155 -4.5007443e-07 0)
(0.1396598649 3.364546643e-07 0)
(0.1396603937 -3.312875022e-07 0)
(0.1396611437 -3.716180506e-07 0)
(0.1396610117 -1.402354965e-07 0)
(0.1396607505 -8.305754412e-08 0)
(0.1396606539 -1.081090573e-07 0)
(0.1396606109 -1.1139679e-07 0)
(0.1396605442 -1.025715868e-07 0)
(0.1396604652 -9.857119658e-08 0)
(0.1396603884 -9.872111855e-08 0)
(0.1396603168 -9.806066965e-08 0)
(0.139660244 -9.704180832e-08 0)
(0.1396601734 -9.546079711e-08 0)
(0.1396601013 -9.428166051e-08 0)
(0.139660033 -9.26264585e-08 0)
(0.1396599631 -9.12562128e-08 0)
(0.1396598974 -8.947771108e-08 0)
(0.1396598294 -8.803184005e-08 0)
(0.1396597663 -8.626735497e-08 0)
(0.1396597005 -8.482514096e-08 0)
(0.13965964 -8.312892061e-08 0)
(0.1396595762 -8.172787657e-08 0)
(0.1396595181 -8.013190714e-08 0)
(0.1396594563 -7.878963973e-08 0)
(0.1396594006 -7.730649082e-08 0)
(0.1396593407 -7.602747361e-08 0)
(0.1396592872 -7.465950657e-08 0)
(0.139659229 -7.344203738e-08 0)
(0.1396591777 -7.218593887e-08 0)
(0.1396591211 -7.10254363e-08 0)
(0.1396590719 -6.98749365e-08 0)
(0.1396590167 -6.876585989e-08 0)
(0.1396589695 -6.771328734e-08 0)
(0.1396589158 -6.66500859e-08 0)
(0.1396588704 -6.568729933e-08 0)
(0.139658818 -6.466484769e-08 0)
(0.1396587744 -6.378382655e-08 0)
(0.1396587233 -6.27975831e-08 0)
(0.1396586815 -6.199081911e-08 0)
(0.1396586316 -6.103680959e-08 0)
(0.1396585914 -6.029757484e-08 0)
(0.1396585426 -5.937229931e-08 0)
(0.1396585041 -5.869481968e-08 0)
(0.1396584563 -5.779511747e-08 0)
(0.1396584194 -5.7174662e-08 0)
(0.1396583726 -5.629756348e-08 0)
(0.1396583372 -5.573048049e-08 0)
(0.1396582914 -5.487307462e-08 0)
(0.1396582575 -5.435674966e-08 0)
(0.1396582126 -5.351605971e-08 0)
(0.1396581802 -5.30488442e-08 0)
(0.139658136 -5.22217341e-08 0)
(0.1396581051 -5.180282579e-08 0)
(0.1396580617 -5.098591661e-08 0)
(0.1396580322 -5.061521485e-08 0)
(0.1396579895 -4.980482164e-08 0)
(0.1396579614 -4.948278636e-08 0)
(0.1396579193 -4.867486833e-08 0)
(0.1396578927 -4.840238557e-08 0)
(0.1396578511 -4.759251943e-08 0)
(0.1396578259 -4.737080582e-08 0)
(0.1396577848 -4.655420172e-08 0)
(0.1396577609 -4.638477484e-08 0)
(0.1396577203 -4.555633235e-08 0)
(0.1396576978 -4.544100872e-08 0)
(0.1396576576 -4.45954431e-08 0)
(0.1396576365 -4.453638061e-08 0)
(0.1396575966 -4.36684007e-08 0)
(0.1396575768 -4.366812356e-08 0)
(0.1396575372 -4.277265817e-08 0)
(0.1396575187 -4.283399658e-08 0)
(0.1396574793 -4.190646656e-08 0)
(0.1396574622 -4.20323756e-08 0)
(0.139657423 -4.106900704e-08 0)
(0.1396574073 -4.126218081e-08 0)
(0.1396573682 -4.026039901e-08 0)
(0.1396573537 -4.052264076e-08 0)
(0.1396573147 -3.948159498e-08 0)
(0.1396573016 -3.98128955e-08 0)
(0.1396572626 -3.87342251e-08 0)
(0.1396572509 -3.913148882e-08 0)
(0.1396572118 -3.802044978e-08 0)
(0.1396572014 -3.847582533e-08 0)
(0.1396571622 -3.734294737e-08 0)
(0.1396571532 -3.784170415e-08 0)
(0.1396571137 -3.670512292e-08 0)
(0.1396571062 -3.722308652e-08 0)
(0.1396570664 -3.611164908e-08 0)
(0.1396570603 -3.661266034e-08 0)
(0.1396570201 -3.556952839e-08 0)
(0.1396570155 -3.600451127e-08 0)
(0.1396569749 -3.508998348e-08 0)
(0.1396569718 -3.540191761e-08 0)
(0.1396569305 -3.469077501e-08 0)
(0.139656929 -3.483476368e-08 0)
(0.139656887 -3.439855402e-08 0)
(0.1414972615 2.236336463e-06 0)
(0.1415298863 -2.08046981e-06 0)
(0.141545395 -3.441441293e-06 0)
(0.1415393531 -4.725419449e-07 0)
(0.1415348405 3.246240415e-07 0)
(0.1415353036 -2.923339628e-07 0)
(0.1415360895 -3.482675356e-07 0)
(0.1415359628 -1.305092691e-07 0)
(0.1415356888 -7.392017695e-08 0)
(0.1415355879 -9.811558889e-08 0)
(0.1415355461 -1.016431163e-07 0)
(0.1415354789 -9.317126061e-08 0)
(0.1415353993 -8.93448973e-08 0)
(0.1415353215 -8.951904853e-08 0)
(0.1415352498 -8.893008857e-08 0)
(0.1415351764 -8.799398943e-08 0)
(0.1415351055 -8.654801074e-08 0)
(0.1415350328 -8.547983724e-08 0)
(0.1415349644 -8.397542905e-08 0)
(0.1415348938 -8.273271668e-08 0)
(0.1415348279 -8.111579245e-08 0)
(0.1415347594 -7.980359926e-08 0)
(0.1415346961 -7.820024034e-08 0)
(0.1415346298 -7.689082413e-08 0)
(0.1415345691 -7.535026916e-08 0)
(0.1415345048 -7.40779627e-08 0)
(0.1415344466 -7.262953803e-08 0)
(0.1415343842 -7.141063612e-08 0)
(0.1415343284 -7.006590228e-08 0)
(0.1415342679 -6.890468634e-08 0)
(0.1415342143 -6.766585919e-08 0)
(0.1415341555 -6.656094846e-08 0)
(0.1415341041 -6.542502664e-08 0)
(0.1415340469 -6.437237401e-08 0)
(0.1415339975 -6.333362426e-08 0)
(0.1415339418 -6.232826843e-08 0)
(0.1415338943 -6.13796513e-08 0)
(0.1415338399 -6.041658322e-08 0)
(0.1415337943 -5.9550614e-08 0)
(0.1415337413 -5.862517741e-08 0)
(0.1415336974 -5.783447175e-08 0)
(0.1415336456 -5.694251105e-08 0)
(0.1415336034 -5.622014976e-08 0)
(0.1415335527 -5.535799875e-08 0)
(0.1415335121 -5.469777812e-08 0)
(0.1415334625 -5.386218079e-08 0)
(0.1415334235 -5.325877317e-08 0)
(0.1415333749 -5.244676436e-08 0)
(0.1415333375 -5.189580167e-08 0)
(0.1415332898 -5.11045786e-08 0)
(0.1415332539 -5.060268586e-08 0)
(0.141533207 -4.982949174e-08 0)
(0.1415331726 -4.937424604e-08 0)
(0.1415331265 -4.86162613e-08 0)
(0.1415330936 -4.820612725e-08 0)
(0.1415330482 -4.746038879e-08 0)
(0.1415330167 -4.7094606e-08 0)
(0.141532972 -4.635793363e-08 0)
(0.141532942 -4.603638356e-08 0)
(0.1415328979 -4.53053254e-08 0)
(0.1415328692 -4.502840291e-08 0)
(0.1415328257 -4.429919057e-08 0)
(0.1415327984 -4.406767928e-08 0)
(0.1415327553 -4.333620507e-08 0)
(0.1415327294 -4.31511912e-08 0)
(0.1415326868 -4.241302324e-08 0)
(0.1415326623 -4.227586759e-08 0)
(0.14153262 -4.152630129e-08 0)
(0.1415325968 -4.143863541e-08 0)
(0.1415325549 -4.067281147e-08 0)
(0.141532533 -4.063657434e-08 0)
(0.1415324913 -3.984964355e-08 0)
(0.1415324709 -3.986709792e-08 0)
(0.1415324294 -3.90544349e-08 0)
(0.1415324103 -3.912810422e-08 0)
(0.1415323689 -3.828556387e-08 0)
(0.1415323512 -3.841805678e-08 0)
(0.1415323099 -3.754227425e-08 0)
(0.1415322936 -3.773591433e-08 0)
(0.1415322523 -3.682468329e-08 0)
(0.1415322373 -3.708091479e-08 0)
(0.1415321961 -3.613369151e-08 0)
(0.1415321825 -3.64522074e-08 0)
(0.1415321411 -3.547084492e-08 0)
(0.1415321289 -3.5848386e-08 0)
(0.1415320874 -3.483820444e-08 0)
(0.1415320766 -3.526699086e-08 0)
(0.1415320348 -3.423833702e-08 0)
(0.1415320255 -3.470408525e-08 0)
(0.1415319834 -3.367449424e-08 0)
(0.1415319755 -3.415406896e-08 0)
(0.1415319331 -3.315106205e-08 0)
(0.1415319267 -3.361028371e-08 0)
(0.1415318837 -3.267440306e-08 0)
(0.1415318789 -3.306766121e-08 0)
(0.1415318354 -3.225429936e-08 0)
(0.1415318322 -3.253021259e-08 0)
(0.1415317879 -3.190563197e-08 0)
(0.1415317864 -3.202741037e-08 0)
(0.1415317413 -3.165139341e-08 0)
(0.1431852894 1.940491011e-06 0)
(0.1432171902 -1.752584299e-06 0)
(0.1432328319 -3.106344874e-06 0)
(0.1432269747 -4.774267094e-07 0)
(0.1432223191 3.062948633e-07 0)
(0.1432227188 -2.546613912e-07 0)
(0.1432235374 -3.214944387e-07 0)
(0.1432234165 -1.199295342e-07 0)
(0.1432231306 -6.508034278e-08 0)
(0.1432230255 -8.800553535e-08 0)
(0.1432229849 -9.166227852e-08 0)
(0.1432229173 -8.367214459e-08 0)
(0.143222837 -8.00716173e-08 0)
(0.1432227584 -8.026115963e-08 0)
(0.1432226865 -7.974235857e-08 0)
(0.1432226125 -7.889240004e-08 0)
(0.1432225415 -7.758575364e-08 0)
(0.1432224682 -7.662872217e-08 0)
(0.1432223995 -7.527710563e-08 0)
(0.1432223284 -7.416247831e-08 0)
(0.1432222623 -7.270929593e-08 0)
(0.1432221933 -7.153156202e-08 0)
(0.1432221299 -7.009112616e-08 0)
(0.143222063 -6.891532481e-08 0)
(0.1432220022 -6.753177837e-08 0)
(0.1432219374 -6.638892493e-08 0)
(0.1432218791 -6.508880626e-08 0)
(0.1432218163 -6.399377033e-08 0)
(0.1432217604 -6.278757327e-08 0)
(0.1432216994 -6.174438212e-08 0)
(0.1432216457 -6.06341641e-08 0)
(0.1432215865 -5.964172908e-08 0)
(0.1432215349 -5.862482226e-08 0)
(0.1432214773 -5.767962731e-08 0)
(0.1432214278 -5.675087974e-08 0)
(0.1432213716 -5.584855765e-08 0)
(0.143221324 -5.500162106e-08 0)
(0.1432212692 -5.413773213e-08 0)
(0.1432212234 -5.336584452e-08 0)
(0.1432211699 -5.253623787e-08 0)
(0.1432211258 -5.183271812e-08 0)
(0.1432210734 -5.103366614e-08 0)
(0.143221031 -5.039224808e-08 0)
(0.1432209798 -4.962043816e-08 0)
(0.143220939 -4.903549988e-08 0)
(0.1432208888 -4.82879673e-08 0)
(0.1432208496 -4.775467716e-08 0)
(0.1432208002 -4.702870036e-08 0)
(0.1432207626 -4.654309395e-08 0)
(0.1432207141 -4.583608468e-08 0)
(0.1432206779 -4.539509566e-08 0)
(0.1432206303 -4.470449773e-08 0)
(0.1432205956 -4.43059187e-08 0)
(0.1432205486 -4.362911414e-08 0)
(0.1432205153 -4.32715397e-08 0)
(0.1432204691 -4.26057802e-08 0)
(0.1432204372 -4.228850269e-08 0)
(0.1432203915 -4.163084571e-08 0)
(0.1432203611 -4.135373493e-08 0)
(0.1432203159 -4.070099742e-08 0)
(0.1432202869 -4.046438545e-08 0)
(0.1432202422 -3.981310407e-08 0)
(0.1432202145 -3.961767148e-08 0)
(0.1432201703 -3.896408379e-08 0)
(0.1432201439 -3.881078352e-08 0)
(0.1432201001 -3.815084226e-08 0)
(0.1432200751 -3.804087329e-08 0)
(0.1432200315 -3.73702933e-08 0)
(0.1432200079 -3.730509628e-08 0)
(0.1432199645 -3.661946353e-08 0)
(0.1432199423 -3.660075224e-08 0)
(0.1432198991 -3.589567467e-08 0)
(0.1432198782 -3.592544522e-08 0)
(0.1432198351 -3.519675162e-08 0)
(0.1432198156 -3.527721962e-08 0)
(0.1432197726 -3.452119781e-08 0)
(0.1432197545 -3.465463138e-08 0)
(0.1432197115 -3.386831086e-08 0)
(0.1432196948 -3.405668176e-08 0)
(0.1432196517 -3.323819033e-08 0)
(0.1432196364 -3.34826224e-08 0)
(0.1432195932 -3.263166176e-08 0)
(0.1432195793 -3.293161891e-08 0)
(0.143219536 -3.205015569e-08 0)
(0.1432195235 -3.240232784e-08 0)
(0.1432194799 -3.149559322e-08 0)
(0.1432194688 -3.189244553e-08 0)
(0.1432194249 -3.097037939e-08 0)
(0.1432194154 -3.139832898e-08 0)
(0.1432193711 -3.047755304e-08 0)
(0.143219363 -3.091485117e-08 0)
(0.1432193182 -3.002115263e-08 0)
(0.1432193117 -3.043602584e-08 0)
(0.1432192664 -2.960686505e-08 0)
(0.1432192615 -2.995757261e-08 0)
(0.1432192155 -2.924309186e-08 0)
(0.1432192122 -2.948397553e-08 0)
(0.1432191654 -2.89421302e-08 0)
(0.1432191639 -2.904364059e-08 0)
(0.1432191161 -2.872371845e-08 0)
(0.1446857432 1.663878611e-06 0)
(0.1447170173 -1.461867266e-06 0)
(0.1447327691 -2.759482773e-06 0)
(0.144727081 -4.654849738e-07 0)
(0.1447223006 2.823195366e-07 0)
(0.1447226407 -2.186081891e-07 0)
(0.1447234884 -2.915497387e-07 0)
(0.1447233736 -1.08473166e-07 0)
(0.1447230768 -5.654340546e-08 0)
(0.1447229677 -7.780259184e-08 0)
(0.1447229282 -8.1463528e-08 0)
(0.1447228602 -7.407906728e-08 0)
(0.1447227793 -7.075560281e-08 0)
(0.1447227 -7.095132714e-08 0)
(0.144722628 -7.050092986e-08 0)
(0.1447225534 -6.974059825e-08 0)
(0.1447224822 -6.857732797e-08 0)
(0.1447224083 -6.773174474e-08 0)
(0.1447223395 -6.653477066e-08 0)
(0.1447222679 -6.554894313e-08 0)
(0.1447222017 -6.426158458e-08 0)
(0.1447221322 -6.32192995e-08 0)
(0.1447220686 -6.194361731e-08 0)
(0.1447220013 -6.090254101e-08 0)
(0.1447219404 -5.967752421e-08 0)
(0.1447218752 -5.866523885e-08 0)
(0.1447218167 -5.751452452e-08 0)
(0.1447217536 -5.654436865e-08 0)
(0.1447216975 -5.547732532e-08 0)
(0.1447216362 -5.455300386e-08 0)
(0.1447215824 -5.357150434e-08 0)
(0.1447215228 -5.269217609e-08 0)
(0.1447214712 -5.179388606e-08 0)
(0.1447214132 -5.095654151e-08 0)
(0.1447213636 -5.013690911e-08 0)
(0.144721307 -4.933776615e-08 0)
(0.1447212593 -4.859116632e-08 0)
(0.1447212042 -4.782635849e-08 0)
(0.1447211583 -4.714679165e-08 0)
(0.1447211044 -4.641268753e-08 0)
(0.1447210602 -4.579421919e-08 0)
(0.1447210074 -4.508754134e-08 0)
(0.1447209649 -4.452460194e-08 0)
(0.1447209132 -4.38424201e-08 0)
(0.1447208724 -4.333001036e-08 0)
(0.1447208216 -4.26696846e-08 0)
(0.1447207823 -4.220350564e-08 0)
(0.1447207325 -4.156259493e-08 0)
(0.1447206947 -4.113911761e-08 0)
(0.1447206456 -4.051528714e-08 0)
(0.1447206093 -4.013177973e-08 0)
(0.1447205611 -3.952271359e-08 0)
(0.1447205262 -3.917720509e-08 0)
(0.1447204786 -3.858052638e-08 0)
(0.1447204451 -3.827175752e-08 0)
(0.1447203982 -3.768497099e-08 0)
(0.1447203661 -3.741229908e-08 0)
(0.1447203197 -3.683273637e-08 0)
(0.144720289 -3.659602868e-08 0)
(0.1447202431 -3.60208099e-08 0)
(0.1447202138 -3.582034225e-08 0)
(0.1447201682 -3.524634099e-08 0)
(0.1447201403 -3.508269545e-08 0)
(0.1447200951 -3.450652399e-08 0)
(0.1447200686 -3.438052314e-08 0)
(0.1447200237 -3.379854569e-08 0)
(0.1447199984 -3.37112281e-08 0)
(0.1447199538 -3.311960303e-08 0)
(0.1447199299 -3.307221923e-08 0)
(0.1447198854 -3.246699826e-08 0)
(0.1447198629 -3.246103751e-08 0)
(0.1447198186 -3.183830171e-08 0)
(0.1447197974 -3.187549538e-08 0)
(0.1447197531 -3.123153707e-08 0)
(0.1447197333 -3.131379883e-08 0)
(0.144719689 -3.064533881e-08 0)
(0.1447196706 -3.077460882e-08 0)
(0.1447196262 -3.007905776e-08 0)
(0.1447196092 -3.025698073e-08 0)
(0.1447195647 -2.953276843e-08 0)
(0.1447195492 -2.976019153e-08 0)
(0.1447195045 -2.900720658e-08 0)
(0.1447194903 -2.928343674e-08 0)
(0.1447194454 -2.850366408e-08 0)
(0.1447194327 -2.882545397e-08 0)
(0.1447193874 -2.802389004e-08 0)
(0.1447193762 -2.838412019e-08 0)
(0.1447193306 -2.757008574e-08 0)
(0.1447193209 -2.795611811e-08 0)
(0.1447192747 -2.714502772e-08 0)
(0.1447192666 -2.753682797e-08 0)
(0.1447192199 -2.675235852e-08 0)
(0.1447192133 -2.712094923e-08 0)
(0.144719166 -2.639707014e-08 0)
(0.144719161 -2.670492397e-08 0)
(0.144719113 -2.608626285e-08 0)
(0.1447191097 -2.629344875e-08 0)
(0.1447190608 -2.582994625e-08 0)
(0.1447190592 -2.591323579e-08 0)
(0.1447190093 -2.564493394e-08 0)
(0.1459986288 1.404824798e-06 0)
(0.146029367 -1.203510475e-06 0)
(0.1460452092 -2.403799064e-06 0)
(0.1460396726 -4.378621165e-07 0)
(0.1460347851 2.535405346e-07 0)
(0.1460350703 -1.843714359e-07 0)
(0.1460359436 -2.587270981e-07 0)
(0.1460358349 -9.614626064e-08 0)
(0.1460355283 -4.830291486e-08 0)
(0.1460354155 -6.752821076e-08 0)
(0.146035377 -7.106031957e-08 0)
(0.1460353087 -6.439825397e-08 0)
(0.1460352272 -6.140127056e-08 0)
(0.1460351472 -6.159393282e-08 0)
(0.1460350751 -6.120987926e-08 0)
(0.1460349999 -6.054262051e-08 0)
(0.1460349286 -5.952644022e-08 0)
(0.1460348543 -5.879266236e-08 0)
(0.1460347853 -5.775198057e-08 0)
(0.1460347132 -5.689571493e-08 0)
(0.1460346468 -5.577608102e-08 0)
(0.1460345769 -5.487028281e-08 0)
(0.1460345132 -5.37610735e-08 0)
(0.1460344455 -5.285591666e-08 0)
(0.1460343844 -5.179093369e-08 0)
(0.1460343189 -5.0910475e-08 0)
(0.1460342603 -4.991036135e-08 0)
(0.1460341968 -4.906631844e-08 0)
(0.1460341407 -4.813926768e-08 0)
(0.1460340791 -4.7334961e-08 0)
(0.1460340252 -4.648263478e-08 0)
(0.1460339653 -4.571742413e-08 0)
(0.1460339136 -4.493781349e-08 0)
(0.1460338553 -4.420916356e-08 0)
(0.1460338056 -4.349832205e-08 0)
(0.1460337488 -4.280301485e-08 0)
(0.146033701 -4.215605588e-08 0)
(0.1460336455 -4.149078764e-08 0)
(0.1460335996 -4.09024956e-08 0)
(0.1460335454 -4.026415315e-08 0)
(0.1460335012 -3.972936546e-08 0)
(0.1460334481 -3.911512852e-08 0)
(0.1460334056 -3.862899882e-08 0)
(0.1460333535 -3.803633377e-08 0)
(0.1460333126 -3.759451134e-08 0)
(0.1460332615 -3.702112337e-08 0)
(0.1460332221 -3.661986617e-08 0)
(0.1460331719 -3.606361989e-08 0)
(0.1460331341 -3.569985542e-08 0)
(0.1460330846 -3.515869813e-08 0)
(0.1460330482 -3.483004754e-08 0)
(0.1460329995 -3.430193447e-08 0)
(0.1460329646 -3.400667859e-08 0)
(0.1460329165 -3.348950597e-08 0)
(0.146032883 -3.322654445e-08 0)
(0.1460328354 -3.271810216e-08 0)
(0.1460328033 -3.248686788e-08 0)
(0.1460327563 -3.198479329e-08 0)
(0.1460327255 -3.178516009e-08 0)
(0.1460326789 -3.128690669e-08 0)
(0.1460326496 -3.111910172e-08 0)
(0.1460326033 -3.062190887e-08 0)
(0.1460325753 -3.04864224e-08 0)
(0.1460325294 -2.998730411e-08 0)
(0.1460325027 -2.988483424e-08 0)
(0.146032457 -2.938059135e-08 0)
(0.1460324317 -2.931202119e-08 0)
(0.1460323862 -2.879927838e-08 0)
(0.1460323622 -2.876567326e-08 0)
(0.1460323168 -2.824096775e-08 0)
(0.1460322942 -2.824359741e-08 0)
(0.1460322489 -2.77034991e-08 0)
(0.1460322276 -2.774383674e-08 0)
(0.1460321823 -2.718511094e-08 0)
(0.1460321624 -2.726477879e-08 0)
(0.146032117 -2.668458012e-08 0)
(0.1460320985 -2.680520709e-08 0)
(0.146032053 -2.620131585e-08 0)
(0.1460320359 -2.636424798e-08 0)
(0.1460319902 -2.57353665e-08 0)
(0.1460319745 -2.59412201e-08 0)
(0.1460319286 -2.52873698e-08 0)
(0.1460319143 -2.553536717e-08 0)
(0.1460318681 -2.485846271e-08 0)
(0.1460318553 -2.514552988e-08 0)
(0.1460318087 -2.445019764e-08 0)
(0.1460317974 -2.476979305e-08 0)
(0.1460317503 -2.406453826e-08 0)
(0.1460317405 -2.440519804e-08 0)
(0.1460316929 -2.370395862e-08 0)
(0.1460316847 -2.404766516e-08 0)
(0.1460316365 -2.337166824e-08 0)
(0.1460316298 -2.369258963e-08 0)
(0.1460315809 -2.307195868e-08 0)
(0.1460315759 -2.33370673e-08 0)
(0.1460315262 -2.281072028e-08 0)
(0.1460315229 -2.29857553e-08 0)
(0.1460314723 -2.259596158e-08 0)
(0.1460314707 -2.266308728e-08 0)
(0.146031419 -2.244183397e-08 0)
(0.1471239512 1.161390372e-06 0)
(0.147154239 -9.728004545e-07 0)
(0.1471701543 -2.041685328e-06 0)
(0.14716475 -3.960336774e-07 0)
(0.1471597723 2.207655963e-07 0)
(0.1471600084 -1.520141047e-07 0)
(0.1471609038 -2.233553132e-07 0)
(0.1471608008 -8.298567031e-08 0)
(0.1471604857 -4.03417395e-08 0)
(0.1471603696 -5.720107055e-08 0)
(0.1471603319 -6.047023305e-08 0)
(0.1471602634 -5.463742543e-08 0)
(0.1471601814 -5.201323879e-08 0)
(0.1471601007 -5.219391235e-08 0)
(0.1471600285 -5.187398139e-08 0)
(0.1471599529 -5.130307006e-08 0)
(0.1471598814 -5.043730821e-08 0)
(0.1471598066 -4.981569826e-08 0)
(0.1471597375 -4.893273747e-08 0)
(0.1471596651 -4.820677552e-08 0)
(0.1471595985 -4.725653985e-08 0)
(0.1471595283 -4.648822374e-08 0)
(0.1471594644 -4.554702234e-08 0)
(0.1471593964 -4.47789415e-08 0)
(0.1471593352 -4.387537328e-08 0)
(0.1471592693 -4.312798736e-08 0)
(0.1471592107 -4.227962779e-08 0)
(0.1471591469 -4.156296091e-08 0)
(0.1471590906 -4.077679057e-08 0)
(0.1471590287 -4.009372731e-08 0)
(0.1471589748 -3.93711754e-08 0)
(0.1471589146 -3.872123551e-08 0)
(0.1471588628 -3.806060978e-08 0)
(0.1471588043 -3.744170029e-08 0)
(0.1471587546 -3.683965984e-08 0)
(0.1471586975 -3.624910246e-08 0)
(0.1471586497 -3.570150583e-08 0)
(0.147158594 -3.513654252e-08 0)
(0.147158548 -3.463896877e-08 0)
(0.1471584936 -3.409699479e-08 0)
(0.1471584494 -3.364506655e-08 0)
(0.147158396 -3.312371607e-08 0)
(0.1471583535 -3.271332463e-08 0)
(0.1471583011 -3.221046454e-08 0)
(0.1471582602 -3.183792214e-08 0)
(0.1471582088 -3.135161254e-08 0)
(0.1471581695 -3.101374757e-08 0)
(0.1471581189 -3.054217369e-08 0)
(0.1471580811 -3.023638261e-08 0)
(0.1471580313 -2.977779292e-08 0)
(0.1471579949 -2.95020605e-08 0)
(0.1471579459 -2.905470331e-08 0)
(0.1471579109 -2.880757179e-08 0)
(0.1471578624 -2.836964048e-08 0)
(0.1471578289 -2.815017678e-08 0)
(0.147157781 -2.771977127e-08 0)
(0.1471577489 -2.752749142e-08 0)
(0.1471577014 -2.710258008e-08 0)
(0.1471576706 -2.69373717e-08 0)
(0.1471576236 -2.651576628e-08 0)
(0.1471575941 -2.637781463e-08 0)
(0.1471575474 -2.595714446e-08 0)
(0.1471575193 -2.584685478e-08 0)
(0.1471574729 -2.542455887e-08 0)
(0.1471574462 -2.534251134e-08 0)
(0.1471573999 -2.491584909e-08 0)
(0.1471573745 -2.486277776e-08 0)
(0.1471573284 -2.44288605e-08 0)
(0.1471573043 -2.440565225e-08 0)
(0.1471572583 -2.396152053e-08 0)
(0.1471572356 -2.396923285e-08 0)
(0.1471571896 -2.351195978e-08 0)
(0.1471571682 -2.355181669e-08 0)
(0.1471571221 -2.30786495e-08 0)
(0.1471571022 -2.315199455e-08 0)
(0.147157056 -2.266052288e-08 0)
(0.1471570374 -2.27686925e-08 0)
(0.147156991 -2.225705612e-08 0)
(0.1471569738 -2.240112709e-08 0)
(0.1471569273 -2.186827459e-08 0)
(0.1471569115 -2.204867773e-08 0)
(0.1471568646 -2.14947146e-08 0)
(0.1471568503 -2.171065692e-08 0)
(0.147156803 -2.11373475e-08 0)
(0.1471567902 -2.138603228e-08 0)
(0.1471567425 -2.079751059e-08 0)
(0.1471567312 -2.107312452e-08 0)
(0.147156683 -2.047690337e-08 0)
(0.1471566732 -2.076936608e-08 0)
(0.1471566244 -2.017766555e-08 0)
(0.1471566162 -2.047124801e-08 0)
(0.1471565667 -1.990254647e-08 0)
(0.1471565601 -2.017486833e-08 0)
(0.1471565098 -1.965514191e-08 0)
(0.1471565049 -1.987790855e-08 0)
(0.1471564538 -1.944022869e-08 0)
(0.1471564505 -1.958475114e-08 0)
(0.1471563985 -1.926408157e-08 0)
(0.147156397 -1.931702136e-08 0)
(0.1471563439 -1.913839417e-08 0)
(0.1480617143 9.314360829e-07 0)
(0.1480916329 -7.651523935e-07 0)
(0.1481076059 -1.675030966e-06 0)
(0.1481023138 -3.417511167e-07 0)
(0.148097262 1.847510366e-07 0)
(0.1480974559 -1.214756037e-07 0)
(0.1480983696 -1.857906167e-07 0)
(0.1480982717 -6.905858542e-08 0)
(0.1480979494 -3.263326216e-08 0)
(0.1480978305 -4.683671863e-08 0)
(0.1480977936 -4.971472136e-08 0)
(0.1480977248 -4.480580169e-08 0)
(0.1480976424 -4.259632577e-08 0)
(0.1480975612 -4.2756751e-08 0)
(0.1480974888 -4.249871543e-08 0)
(0.1480974129 -4.202713712e-08 0)
(0.1480973412 -4.131469106e-08 0)
(0.1480972661 -4.080558808e-08 0)
(0.1480971969 -4.008155053e-08 0)
(0.148097124 -3.948657108e-08 0)
(0.1480970574 -3.870715971e-08 0)
(0.1480969868 -3.807722423e-08 0)
(0.1480969229 -3.730534747e-08 0)
(0.1480968545 -3.667538988e-08 0)
(0.1480967932 -3.593443951e-08 0)
(0.1480967271 -3.532126713e-08 0)
(0.1480966684 -3.462569398e-08 0)
(0.1480966043 -3.403758029e-08 0)
(0.148096548 -3.339312456e-08 0)
(0.1480964858 -3.283247803e-08 0)
(0.1480964318 -3.224032162e-08 0)
(0.1480963715 -3.170678884e-08 0)
(0.1480963196 -3.116555011e-08 0)
(0.1480962609 -3.065745318e-08 0)
(0.1480962111 -3.016439626e-08 0)
(0.1480961538 -2.967957384e-08 0)
(0.148096106 -2.923130561e-08 0)
(0.1480960501 -2.876752747e-08 0)
(0.1480960041 -2.836042674e-08 0)
(0.1480959495 -2.791558362e-08 0)
(0.1480959053 -2.754606471e-08 0)
(0.1480958517 -2.711823744e-08 0)
(0.1480958092 -2.678293607e-08 0)
(0.1480957566 -2.637038975e-08 0)
(0.1480957157 -2.606628771e-08 0)
(0.1480956641 -2.566744003e-08 0)
(0.1480956248 -2.539194227e-08 0)
(0.148095574 -2.500530647e-08 0)
(0.1480955362 -2.475628383e-08 0)
(0.1480954862 -2.438042078e-08 0)
(0.1480954498 -2.415622646e-08 0)
(0.1480954005 -2.378969187e-08 0)
(0.1480953656 -2.358913395e-08 0)
(0.1480953168 -2.323043497e-08 0)
(0.1480952833 -2.305275178e-08 0)
(0.1480952351 -2.270031644e-08 0)
(0.1480952029 -2.254511149e-08 0)
(0.1480951552 -2.219725801e-08 0)
(0.1480951244 -2.20644374e-08 0)
(0.148095077 -2.171935497e-08 0)
(0.1480950476 -2.160906709e-08 0)
(0.1480950005 -2.126479417e-08 0)
(0.1480949724 -2.117736478e-08 0)
(0.1480949256 -2.083178413e-08 0)
(0.1480948988 -2.076768148e-08 0)
(0.1480948521 -2.04185291e-08 0)
(0.1480948268 -2.03783445e-08 0)
(0.1480947801 -2.002323546e-08 0)
(0.1480947561 -2.000768436e-08 0)
(0.1480947095 -1.964417769e-08 0)
(0.1480946868 -1.965411306e-08 0)
(0.1480946403 -1.927979754e-08 0)
(0.1480946189 -1.931620397e-08 0)
(0.1480945722 -1.892881649e-08 0)
(0.1480945523 -1.899277212e-08 0)
(0.1480945055 -1.859033856e-08 0)
(0.1480944869 -1.868290602e-08 0)
(0.1480944398 -1.826391684e-08 0)
(0.1480944226 -1.838593204e-08 0)
(0.1480943753 -1.794955922e-08 0)
(0.1480943596 -1.810130982e-08 0)
(0.1480943119 -1.76477003e-08 0)
(0.1480942976 -1.782844164e-08 0)
(0.1480942496 -1.735913934e-08 0)
(0.1480942367 -1.75664457e-08 0)
(0.1480941882 -1.708498521e-08 0)
(0.1480941769 -1.731390565e-08 0)
(0.1480941278 -1.682665283e-08 0)
(0.148094118 -1.706867547e-08 0)
(0.1480940683 -1.65859233e-08 0)
(0.1480940601 -1.682784448e-08 0)
(0.1480940097 -1.636506655e-08 0)
(0.1480940031 -1.658821828e-08 0)
(0.1480939518 -1.616699403e-08 0)
(0.1480939469 -1.63479999e-08 0)
(0.1480938948 -1.599546371e-08 0)
(0.1480938915 -1.611108575e-08 0)
(0.1480938385 -1.58552565e-08 0)
(0.1480938369 -1.589582844e-08 0)
(0.1480937827 -1.57557631e-08 0)
(0.1488119213 7.126747173e-07 0)
(0.1488415483 -5.761231085e-07 0)
(0.1488575656 -1.305285297e-06 0)
(0.1488523643 -2.769907881e-07 0)
(0.1488472541 1.46194195e-07 0)
(0.1488474133 -9.25851275e-08 0)
(0.1488483416 -1.464096266e-07 0)
(0.1488482482 -5.446056673e-08 0)
(0.14884792 -2.514270842e-08 0)
(0.1488477987 -3.644746699e-08 0)
(0.1488477623 -3.88187274e-08 0)
(0.1488476934 -3.491402528e-08 0)
(0.1488476106 -3.315553035e-08 0)
(0.148847529 -3.328844299e-08 0)
(0.1488474565 -3.309022409e-08 0)
(0.1488473803 -3.272057187e-08 0)
(0.1488473085 -3.216386869e-08 0)
(0.1488472331 -3.176756905e-08 0)
(0.1488471638 -3.120343142e-08 0)
(0.1488470907 -3.074002147e-08 0)
(0.1488470239 -3.013260448e-08 0)
(0.1488469531 -2.964181784e-08 0)
(0.148846889 -2.904034928e-08 0)
(0.1488468205 -2.854941027e-08 0)
(0.1488467591 -2.79720766e-08 0)
(0.1488466927 -2.749409816e-08 0)
(0.1488466339 -2.695218173e-08 0)
(0.1488465696 -2.64936427e-08 0)
(0.1488465133 -2.599162437e-08 0)
(0.1488464509 -2.55544267e-08 0)
(0.1488463969 -2.509323166e-08 0)
(0.1488463363 -2.467712379e-08 0)
(0.1488462845 -2.425567792e-08 0)
(0.1488462255 -2.385937554e-08 0)
(0.1488461757 -2.34755485e-08 0)
(0.1488461183 -2.309738856e-08 0)
(0.1488460705 -2.274853781e-08 0)
(0.1488460144 -2.23868021e-08 0)
(0.1488459684 -2.207010899e-08 0)
(0.1488459136 -2.172317094e-08 0)
(0.1488458694 -2.143584448e-08 0)
(0.1488458157 -2.110222251e-08 0)
(0.1488457731 -2.084164544e-08 0)
(0.1488457204 -2.051999773e-08 0)
(0.1488456796 -2.028382343e-08 0)
(0.1488456278 -1.997292385e-08 0)
(0.1488455885 -1.975913535e-08 0)
(0.1488455375 -1.945782765e-08 0)
(0.1488454997 -1.926477124e-08 0)
(0.1488454495 -1.897193438e-08 0)
(0.1488454132 -1.87983323e-08 0)
(0.1488453637 -1.851283787e-08 0)
(0.1488453288 -1.83577649e-08 0)
(0.1488452798 -1.807844446e-08 0)
(0.1488452464 -1.794131131e-08 0)
(0.1488451979 -1.766693314e-08 0)
(0.1488451658 -1.754743232e-08 0)
(0.1488451178 -1.727667781e-08 0)
(0.1488450871 -1.717473626e-08 0)
(0.1488450394 -1.690618585e-08 0)
(0.1488450101 -1.682191814e-08 0)
(0.1488449627 -1.655403363e-08 0)
(0.1488449347 -1.648769011e-08 0)
(0.1488448875 -1.621881228e-08 0)
(0.1488448608 -1.617075391e-08 0)
(0.1488448138 -1.589910939e-08 0)
(0.1488447884 -1.586979008e-08 0)
(0.1488447415 -1.559351118e-08 0)
(0.1488447174 -1.558348127e-08 0)
(0.1488446705 -1.530065765e-08 0)
(0.1488446478 -1.531057271e-08 0)
(0.1488446008 -1.501931889e-08 0)
(0.1488445795 -1.50499333e-08 0)
(0.1488445324 -1.474848219e-08 0)
(0.1488445125 -1.48006209e-08 0)
(0.1488444652 -1.448743557e-08 0)
(0.1488444466 -1.456190452e-08 0)
(0.1488443991 -1.423581873e-08 0)
(0.1488443819 -1.433323848e-08 0)
(0.1488443341 -1.399362835e-08 0)
(0.1488443183 -1.411418068e-08 0)
(0.1488442702 -1.376119879e-08 0)
(0.1488442559 -1.390424275e-08 0)
(0.1488442072 -1.353915361e-08 0)
(0.1488441944 -1.370271522e-08 0)
(0.1488441453 -1.332836391e-08 0)
(0.148844134 -1.350846906e-08 0)
(0.1488440842 -1.312994489e-08 0)
(0.1488440744 -1.331980677e-08 0)
(0.148844024 -1.294530094e-08 0)
(0.1488440159 -1.313443967e-08 0)
(0.1488439647 -1.277620979e-08 0)
(0.1488439581 -1.294988382e-08 0)
(0.1488439061 -1.262491331e-08 0)
(0.1488439012 -1.27648069e-08 0)
(0.1488438483 -1.249423732e-08 0)
(0.1488438451 -1.258243778e-08 0)
(0.1488437912 -1.238767446e-08 0)
(0.1488437897 -1.241746606e-08 0)
(0.1488437347 -1.231242619e-08 0)
(0.1493745745 5.027126088e-07 0)
(0.1494039851 -4.014072827e-07 0)
(0.1494200345 -9.335281989e-07 0)
(0.1494149019 -2.039062344e-07 0)
(0.1494097483 1.057335379e-07 0)
(0.1494098809 -6.507790964e-08 0)
(0.1494108202 -1.056035036e-07 0)
(0.1494107303 -3.93123215e-08 0)
(0.1494103976 -1.782859413e-08 0)
(0.1494102745 -2.604255596e-08 0)
(0.1494102386 -2.7810195e-08 0)
(0.1494101695 -2.497401228e-08 0)
(0.1494100865 -2.369600292e-08 0)
(0.1494100046 -2.379542515e-08 0)
(0.149409932 -2.365523624e-08 0)
(0.1494098556 -2.338962257e-08 0)
(0.1494097837 -2.299058601e-08 0)
(0.1494097081 -2.270733056e-08 0)
(0.1494096386 -2.230384723e-08 0)
(0.1494095653 -2.197248172e-08 0)
(0.1494094985 -2.153796997e-08 0)
(0.1494094274 -2.11869482e-08 0)
(0.1494093633 -2.07567323e-08 0)
(0.1494092946 -2.040552899e-08 0)
(0.1494092331 -1.999259441e-08 0)
(0.1494091666 -1.965059695e-08 0)
(0.1494091077 -1.926302505e-08 0)
(0.1494090433 -1.893488485e-08 0)
(0.1494089869 -1.857588427e-08 0)
(0.1494089244 -1.82629748e-08 0)
(0.1494088703 -1.793320861e-08 0)
(0.1494088096 -1.76353621e-08 0)
(0.1494087577 -1.733406281e-08 0)
(0.1494086987 -1.705037291e-08 0)
(0.1494086489 -1.677601721e-08 0)
(0.1494085913 -1.650530517e-08 0)
(0.1494085435 -1.625600328e-08 0)
(0.1494084872 -1.599705053e-08 0)
(0.1494084413 -1.577078826e-08 0)
(0.1494083863 -1.552244033e-08 0)
(0.1494083421 -1.53172229e-08 0)
(0.1494082883 -1.507842754e-08 0)
(0.1494082458 -1.48923854e-08 0)
(0.149408193 -1.466218816e-08 0)
(0.1494081521 -1.449364608e-08 0)
(0.1494081002 -1.427117408e-08 0)
(0.1494080609 -1.411869242e-08 0)
(0.1494080098 -1.390311973e-08 0)
(0.1494079721 -1.376551896e-08 0)
(0.1494079217 -1.35560449e-08 0)
(0.1494078855 -1.343241483e-08 0)
(0.1494078358 -1.322823134e-08 0)
(0.1494078009 -1.311791214e-08 0)
(0.1494077518 -1.291818148e-08 0)
(0.1494077184 -1.282075524e-08 0)
(0.1494076698 -1.262459359e-08 0)
(0.1494076378 -1.253984161e-08 0)
(0.1494075895 -1.234630216e-08 0)
(0.1494075589 -1.227417292e-08 0)
(0.149407511 -1.208223673e-08 0)
(0.1494074817 -1.202281239e-08 0)
(0.1494074341 -1.18313745e-08 0)
(0.1494074061 -1.178483258e-08 0)
(0.1494073588 -1.159270193e-08 0)
(0.1494073321 -1.155929925e-08 0)
(0.1494072849 -1.136520341e-08 0)
(0.1494072595 -1.134526057e-08 0)
(0.1494072123 -1.114785897e-08 0)
(0.1494071884 -1.114176628e-08 0)
(0.1494071412 -1.093968838e-08 0)
(0.1494071185 -1.094790981e-08 0)
(0.1494070713 -1.073980353e-08 0)
(0.14940705 -1.076287102e-08 0)
(0.1494070026 -1.054747006e-08 0)
(0.1494069826 -1.058596566e-08 0)
(0.149406935 -1.036217092e-08 0)
(0.1494069165 -1.041665824e-08 0)
(0.1494068686 -1.018364081e-08 0)
(0.1494068515 -1.025454619e-08 0)
(0.1494068033 -1.001187103e-08 0)
(0.1494067876 -1.009930101e-08 0)
(0.149406739 -9.847097839e-09 0)
(0.1494067247 -9.950560328e-09 0)
(0.1494066757 -9.689767296e-09 0)
(0.1494066629 -9.807805248e-09 0)
(0.1494066133 -9.540506384e-09 0)
(0.149406602 -9.670214557e-09 0)
(0.1494065518 -9.400119826e-09 0)
(0.1494065421 -9.536561565e-09 0)
(0.1494064912 -9.269622454e-09 0)
(0.149406483 -9.405198657e-09 0)
(0.1494064313 -9.150291684e-09 0)
(0.1494064248 -9.274354069e-09 0)
(0.1494063723 -9.043714761e-09 0)
(0.1494063674 -9.143112947e-09 0)
(0.1494063139 -8.951858776e-09 0)
(0.1494063107 -9.013890283e-09 0)
(0.1494062563 -8.877093691e-09 0)
(0.1494062548 -8.897402631e-09 0)
(0.1494061992 -8.824511658e-09 0)
(0.1497496757 2.990824251e-07 0)
(0.1497789431 -2.36820408e-07 0)
(0.1497950133 -5.605467795e-07 0)
(0.1497899268 -1.247840659e-07 0)
(0.1497847446 6.395499088e-08 0)
(0.1497848592 -3.861387653e-08 0)
(0.1497858058 -6.377331452e-08 0)
(0.1497857182 -2.375536935e-08 0)
(0.1497853826 -1.064422074e-08 0)
(0.1497852582 -1.562855711e-08 0)
(0.1497852227 -1.671949137e-08 0)
(0.1497851535 -1.499874006e-08 0)
(0.1497850703 -1.422301214e-08 0)
(0.1497849882 -1.428449303e-08 0)
(0.1497849155 -1.42009625e-08 0)
(0.1497848389 -1.404094834e-08 0)
(0.149784767 -1.380097223e-08 0)
(0.1497846912 -1.363093794e-08 0)
(0.1497846217 -1.338864461e-08 0)
(0.1497845483 -1.318967215e-08 0)
(0.1497844814 -1.29287163e-08 0)
(0.1497844102 -1.271790859e-08 0)
(0.149784346 -1.245954886e-08 0)
(0.1497842772 -1.22486035e-08 0)
(0.1497842157 -1.200062872e-08 0)
(0.149784149 -1.179518593e-08 0)
(0.1497840901 -1.156245399e-08 0)
(0.1497840256 -1.136531499e-08 0)
(0.1497839692 -1.114975404e-08 0)
(0.1497839065 -1.096174883e-08 0)
(0.1497838524 -1.076375696e-08 0)
(0.1497837916 -1.058478952e-08 0)
(0.1497837397 -1.040390617e-08 0)
(0.1497836806 -1.023343766e-08 0)
(0.1497836308 -1.006874831e-08 0)
(0.1497835731 -9.906074785e-09 0)
(0.1497835253 -9.75644448e-09 0)
(0.149783469 -9.600838332e-09 0)
(0.149783423 -9.465058876e-09 0)
(0.149783368 -9.315830066e-09 0)
(0.1497833238 -9.192703785e-09 0)
(0.1497832698 -9.049223118e-09 0)
(0.1497832274 -8.937628104e-09 0)
(0.1497831745 -8.799323777e-09 0)
(0.1497831336 -8.698255342e-09 0)
(0.1497830816 -8.564604685e-09 0)
(0.1497830424 -8.473199108e-09 0)
(0.1497829912 -8.343705364e-09 0)
(0.1497829535 -8.261255293e-09 0)
(0.149782903 -8.135438649e-09 0)
(0.1497828668 -8.061399318e-09 0)
(0.149782817 -7.938774106e-09 0)
(0.1497827822 -7.872749178e-09 0)
(0.149782733 -7.752811727e-09 0)
(0.1497826996 -7.694552942e-09 0)
(0.1497826509 -7.57677172e-09 0)
(0.1497826189 -7.526148136e-09 0)
(0.1497825706 -7.40995337e-09 0)
(0.14978254 -7.366934799e-09 0)
(0.149782492 -7.251713961e-09 0)
(0.1497824627 -7.216350502e-09 0)
(0.149782415 -7.101438251e-09 0)
(0.1497823871 -7.073836056e-09 0)
(0.1497823395 -6.958516091e-09 0)
(0.1497823129 -6.93882975e-09 0)
(0.1497822655 -6.822337467e-09 0)
(0.1497822402 -6.810757072e-09 0)
(0.1497821929 -6.692285734e-09 0)
(0.1497821689 -6.689045105e-09 0)
(0.1497821216 -6.567770273e-09 0)
(0.149782099 -6.573146014e-09 0)
(0.1497820515 -6.448254261e-09 0)
(0.1497820302 -6.462561711e-09 0)
(0.1497819827 -6.333290856e-09 0)
(0.1497819628 -6.356876821e-09 0)
(0.1497819149 -6.222565912e-09 0)
(0.1497818964 -6.255762463e-09 0)
(0.1497818483 -6.115915507e-09 0)
(0.1497818312 -6.158970543e-09 0)
(0.1497817828 -6.013330226e-09 0)
(0.1497817671 -6.066297684e-09 0)
(0.1497817183 -5.914950149e-09 0)
(0.149781704 -5.97752023e-09 0)
(0.1497816547 -5.821043147e-09 0)
(0.1497816419 -5.892323571e-09 0)
(0.1497815921 -5.731987992e-09 0)
(0.1497815808 -5.810209716e-09 0)
(0.1497815303 -5.648271823e-09 0)
(0.1497815206 -5.730439413e-09 0)
(0.1497814694 -5.570511368e-09 0)
(0.1497814612 -5.65202009e-09 0)
(0.1497814092 -5.499478914e-09 0)
(0.1497814027 -5.573893014e-09 0)
(0.1497813499 -5.436119838e-09 0)
(0.149781345 -5.49552557e-09 0)
(0.1497812912 -5.381598075e-09 0)
(0.149781288 -5.418411429e-09 0)
(0.1497812332 -5.337282311e-09 0)
(0.1497812317 -5.349069471e-09 0)
(0.1497811757 -5.306207688e-09 0)
(0.149937226 9.926911466e-08 0)
(0.1499664221 -7.827149912e-08 0)
(0.1499825025 -1.869162664e-07 0)
(0.1499774392 -4.200320577e-08 0)
(0.1499722427 2.140325311e-08 0)
(0.1499723482 -1.279803098e-08 0)
(0.1499732986 -2.132640724e-08 0)
(0.1499732122 -7.946780081e-09 0)
(0.1499728751 -3.539174295e-09 0)
(0.1499727501 -5.209977529e-09 0)
(0.1499727147 -5.578761239e-09 0)
(0.1499726455 -5.001982601e-09 0)
(0.1499725621 -4.741910271e-09 0)
(0.1499724799 -4.762705253e-09 0)
(0.1499724073 -4.734970682e-09 0)
(0.1499723306 -4.681513687e-09 0)
(0.1499722586 -4.60144242e-09 0)
(0.1499721827 -4.544737202e-09 0)
(0.1499721132 -4.463953977e-09 0)
(0.1499720397 -4.397587323e-09 0)
(0.1499719728 -4.310577745e-09 0)
(0.1499719016 -4.240257153e-09 0)
(0.1499718374 -4.154115637e-09 0)
(0.1499717684 -4.08374528e-09 0)
(0.1499717069 -4.001067257e-09 0)
(0.1499716402 -3.932527613e-09 0)
(0.1499715813 -3.854934143e-09 0)
(0.1499715167 -3.7891626e-09 0)
(0.1499714602 -3.717296793e-09 0)
(0.1499713976 -3.654571302e-09 0)
(0.1499713435 -3.588564903e-09 0)
(0.1499712826 -3.5288543e-09 0)
(0.1499712307 -3.468554184e-09 0)
(0.1499711715 -3.411681091e-09 0)
(0.1499711217 -3.356783016e-09 0)
(0.149971064 -3.302512862e-09 0)
(0.1499710161 -3.252638152e-09 0)
(0.1499709598 -3.200729277e-09 0)
(0.1499709138 -3.15547671e-09 0)
(0.1499708587 -3.105698933e-09 0)
(0.1499708145 -3.064668549e-09 0)
(0.1499707606 -3.016811823e-09 0)
(0.1499707181 -2.979629182e-09 0)
(0.1499706652 -2.933501341e-09 0)
(0.1499706243 -2.899831573e-09 0)
(0.1499705723 -2.855258016e-09 0)
(0.1499705331 -2.824812058e-09 0)
(0.1499704819 -2.781624205e-09 0)
(0.1499704441 -2.75416536e-09 0)
(0.1499703937 -2.712204046e-09 0)
(0.1499703574 -2.687551252e-09 0)
(0.1499703076 -2.646654047e-09 0)
(0.1499702728 -2.624672929e-09 0)
(0.1499702236 -2.584671723e-09 0)
(0.1499701902 -2.565282222e-09 0)
(0.1499701414 -2.52599997e-09 0)
(0.1499701094 -2.509157914e-09 0)
(0.1499700611 -2.470404673e-09 0)
(0.1499700305 -2.456100729e-09 0)
(0.1499699824 -2.417673447e-09 0)
(0.1499699532 -2.405925607e-09 0)
(0.1499699054 -2.367602049e-09 0)
(0.1499698775 -2.358445804e-09 0)
(0.1499698299 -2.319988143e-09 0)
(0.1499698033 -2.313476771e-09 0)
(0.1499697558 -2.274632118e-09 0)
(0.1499697306 -2.270826847e-09 0)
(0.1499696831 -2.231326128e-09 0)
(0.1499696592 -2.230306374e-09 0)
(0.1499696118 -2.189874959e-09 0)
(0.1499695892 -2.19173241e-09 0)
(0.1499695416 -2.150098573e-09 0)
(0.1499695204 -2.15493569e-09 0)
(0.1499694727 -2.111843257e-09 0)
(0.1499694528 -2.119776204e-09 0)
(0.1499694049 -2.075002559e-09 0)
(0.1499693864 -2.086138568e-09 0)
(0.1499693382 -2.039517874e-09 0)
(0.1499693211 -2.053936152e-09 0)
(0.1499692726 -2.005382061e-09 0)
(0.1499692569 -2.023097812e-09 0)
(0.1499692079 -1.972640342e-09 0)
(0.1499691937 -1.993546615e-09 0)
(0.1499691442 -1.941382217e-09 0)
(0.1499691315 -1.965180617e-09 0)
(0.1499690815 -1.91173591e-09 0)
(0.1499690702 -1.937834688e-09 0)
(0.1499690196 -1.883866996e-09 0)
(0.1499690099 -1.911267251e-09 0)
(0.1499689585 -1.857989218e-09 0)
(0.1499689504 -1.885149289e-09 0)
(0.1499688982 -1.834367244e-09 0)
(0.1499688917 -1.859135454e-09 0)
(0.1499688387 -1.813313049e-09 0)
(0.1499688339 -1.833053625e-09 0)
(0.1499687799 -1.795222081e-09 0)
(0.1499687767 -1.807410538e-09 0)
(0.1499687217 -1.780535801e-09 0)
(0.1499687202 -1.784391377e-09 0)
(0.149968664 -1.770261758e-09 0)
(0.149937226 -9.926904899e-08 0)
(0.1499664221 7.827146123e-08 0)
(0.1499825025 1.869163082e-07 0)
(0.1499774392 4.200317985e-08 0)
(0.1499722427 -2.140321539e-08 0)
(0.1499723482 1.279801771e-08 0)
(0.1499732986 2.132643514e-08 0)
(0.1499732122 7.946770975e-09 0)
(0.1499728751 3.539183003e-09 0)
(0.1499727501 5.209980333e-09 0)
(0.1499727147 5.578765822e-09 0)
(0.1499726455 5.001992405e-09 0)
(0.1499725621 4.741900687e-09 0)
(0.1499724799 4.762719085e-09 0)
(0.1499724073 4.73495181e-09 0)
(0.1499723306 4.681528914e-09 0)
(0.1499722586 4.601412444e-09 0)
(0.1499721827 4.544752464e-09 0)
(0.1499721132 4.463918993e-09 0)
(0.1499720397 4.397608393e-09 0)
(0.1499719728 4.310541575e-09 0)
(0.1499719016 4.240283487e-09 0)
(0.1499718374 4.154086062e-09 0)
(0.1499717684 4.083775248e-09 0)
(0.1499717069 4.001044016e-09 0)
(0.1499716402 3.932563748e-09 0)
(0.1499715813 3.854919023e-09 0)
(0.1499715167 3.789200295e-09 0)
(0.1499714602 3.7172854e-09 0)
(0.1499713976 3.654605198e-09 0)
(0.1499713435 3.58855511e-09 0)
(0.1499712826 3.528881877e-09 0)
(0.1499712307 3.468542104e-09 0)
(0.1499711715 3.411693841e-09 0)
(0.1499711217 3.35675775e-09 0)
(0.149971064 3.302501345e-09 0)
(0.1499710161 3.252590814e-09 0)
(0.1499709598 3.200683626e-09 0)
(0.1499709138 3.155392565e-09 0)
(0.1499708587 3.105606459e-09 0)
(0.1499708145 3.064536888e-09 0)
(0.1499707606 3.016664034e-09 0)
(0.1499707181 2.979443005e-09 0)
(0.1499706652 2.933296955e-09 0)
(0.1499706243 2.899589794e-09 0)
(0.1499705723 2.854997905e-09 0)
(0.1499705331 2.824519468e-09 0)
(0.1499704819 2.781322455e-09 0)
(0.1499704441 2.753839369e-09 0)
(0.1499703937 2.711875914e-09 0)
(0.1499703574 2.687206175e-09 0)
(0.1499703076 2.646315293e-09 0)
(0.1499702728 2.624331872e-09 0)
(0.1499702236 2.584345644e-09 0)
(0.1499701902 2.564960986e-09 0)
(0.1499701414 2.525701351e-09 0)
(0.1499701094 2.508873203e-09 0)
(0.1499700611 2.470149411e-09 0)
(0.1499700305 2.455866481e-09 0)
(0.1499699824 2.417471144e-09 0)
(0.1499699532 2.405747638e-09 0)
(0.1499699054 2.367458796e-09 0)
(0.1499698775 2.358329618e-09 0)
(0.1499698299 2.319905413e-09 0)
(0.1499698033 2.313418455e-09 0)
(0.1499697558 2.274598809e-09 0)
(0.1499697306 2.270821043e-09 0)
(0.1499696831 2.231336165e-09 0)
(0.1499696592 2.230341906e-09 0)
(0.1499696118 2.189915379e-09 0)
(0.1499695892 2.191797167e-09 0)
(0.1499695416 2.150158024e-09 0)
(0.1499695204 2.155024838e-09 0)
(0.1499694727 2.111922631e-09 0)
(0.1499694528 2.11988755e-09 0)
(0.1499694049 2.075106467e-09 0)
(0.1499693864 2.086284788e-09 0)
(0.1499693382 2.039661492e-09 0)
(0.1499693211 2.054139389e-09 0)
(0.1499692726 2.005591499e-09 0)
(0.1499692569 2.023387866e-09 0)
(0.1499692079 1.972945704e-09 0)
(0.1499691937 1.993957611e-09 0)
(0.1499691442 1.941812922e-09 0)
(0.1499691315 1.965735234e-09 0)
(0.1499690815 1.912316344e-09 0)
(0.1499690702 1.938549657e-09 0)
(0.1499690196 1.884613149e-09 0)
(0.1499690099 1.912141263e-09 0)
(0.1499689585 1.858894188e-09 0)
(0.1499689504 1.886172746e-09 0)
(0.1499688982 1.835403222e-09 0)
(0.1499688917 1.860275955e-09 0)
(0.1499688387 1.814458689e-09 0)
(0.1499688339 1.834269852e-09 0)
(0.1499687799 1.796421829e-09 0)
(0.1499687767 1.808656696e-09 0)
(0.1499687217 1.781753531e-09 0)
(0.1499687202 1.785630518e-09 0)
(0.149968664 1.771464386e-09 0)
(0.1497496757 -2.9908236e-07 0)
(0.1497789431 2.368203705e-07 0)
(0.1497950133 5.605468209e-07 0)
(0.1497899268 1.247840404e-07 0)
(0.1497847446 -6.395495371e-08 0)
(0.1497848592 3.861386359e-08 0)
(0.1497858058 6.377334201e-08 0)
(0.1497857182 2.375536062e-08 0)
(0.1497853826 1.064422914e-08 0)
(0.1497852582 1.562856009e-08 0)
(0.1497852227 1.671949564e-08 0)
(0.1497851535 1.499875007e-08 0)
(0.1497850703 1.422300234e-08 0)
(0.1497849882 1.428450705e-08 0)
(0.1497849155 1.420094349e-08 0)
(0.1497848389 1.404096363e-08 0)
(0.149784767 1.380094205e-08 0)
(0.1497846912 1.363095338e-08 0)
(0.1497846217 1.338860948e-08 0)
(0.1497845483 1.318969328e-08 0)
(0.1497844814 1.292868008e-08 0)
(0.1497844102 1.271793496e-08 0)
(0.149784346 1.245951911e-08 0)
(0.1497842772 1.224863365e-08 0)
(0.1497842157 1.200060536e-08 0)
(0.149784149 1.179522208e-08 0)
(0.1497840901 1.156243874e-08 0)
(0.1497840256 1.136535272e-08 0)
(0.1497839692 1.114974252e-08 0)
(0.1497839065 1.096178283e-08 0)
(0.1497838524 1.076374706e-08 0)
(0.1497837916 1.058481711e-08 0)
(0.1497837397 1.040389398e-08 0)
(0.1497836806 1.023345053e-08 0)
(0.1497836308 1.006872303e-08 0)
(0.1497835731 9.906063433e-09 0)
(0.1497835253 9.7563972e-09 0)
(0.149783469 9.600792873e-09 0)
(0.149783423 9.464974897e-09 0)
(0.149783368 9.315737927e-09 0)
(0.1497833238 9.192572401e-09 0)
(0.1497832698 9.049075752e-09 0)
(0.1497832274 8.937442352e-09 0)
(0.1497831745 8.799119893e-09 0)
(0.1497831336 8.698014089e-09 0)
(0.1497830816 8.564345231e-09 0)
(0.1497830424 8.472907212e-09 0)
(0.1497829912 8.343404307e-09 0)
(0.1497829535 8.260930028e-09 0)
(0.149782903 8.135111248e-09 0)
(0.1497828668 8.061055056e-09 0)
(0.149782817 7.938436147e-09 0)
(0.1497827822 7.872408897e-09 0)
(0.149782733 7.752486357e-09 0)
(0.1497826996 7.694232439e-09 0)
(0.1497826509 7.576473769e-09 0)
(0.1497826189 7.525864061e-09 0)
(0.1497825706 7.409698663e-09 0)
(0.14978254 7.366701012e-09 0)
(0.149782492 7.251512028e-09 0)
(0.1497824627 7.216172884e-09 0)
(0.149782415 7.101295262e-09 0)
(0.1497823871 7.073719927e-09 0)
(0.1497823395 6.958433327e-09 0)
(0.1497823129 6.938771399e-09 0)
(0.1497822655 6.822304025e-09 0)
(0.1497822402 6.810750967e-09 0)
(0.1497821929 6.692295459e-09 0)
(0.1497821689 6.689080091e-09 0)
(0.1497821216 6.567810146e-09 0)
(0.149782099 6.573210207e-09 0)
(0.1497820515 6.448313196e-09 0)
(0.1497820302 6.462650037e-09 0)
(0.1497819827 6.333369504e-09 0)
(0.1497819628 6.356987302e-09 0)
(0.1497819149 6.222668972e-09 0)
(0.1497818964 6.255907705e-09 0)
(0.1497818483 6.11605825e-09 0)
(0.1497818312 6.159172686e-09 0)
(0.1497817828 6.013538654e-09 0)
(0.1497817671 6.066586607e-09 0)
(0.1497817183 5.915254447e-09 0)
(0.149781704 5.977929809e-09 0)
(0.1497816547 5.821472573e-09 0)
(0.1497816419 5.89287671e-09 0)
(0.1497815921 5.732567097e-09 0)
(0.1497815808 5.81092314e-09 0)
(0.1497815303 5.649016455e-09 0)
(0.1497815206 5.731311695e-09 0)
(0.1497814694 5.57141455e-09 0)
(0.1497814612 5.653041695e-09 0)
(0.1497814092 5.500512983e-09 0)
(0.1497814027 5.575031569e-09 0)
(0.1497813499 5.43726343e-09 0)
(0.149781345 5.496739722e-09 0)
(0.1497812912 5.382795585e-09 0)
(0.149781288 5.419655383e-09 0)
(0.1497812332 5.338497597e-09 0)
(0.1497812317 5.350306151e-09 0)
(0.1497811757 5.307407703e-09 0)
(0.1493745745 -5.02712545e-07 0)
(0.1494039851 4.014072462e-07 0)
(0.1494200345 9.335282395e-07 0)
(0.1494149019 2.039062099e-07 0)
(0.1494097483 -1.057335017e-07 0)
(0.1494098809 6.507789738e-08 0)
(0.1494108202 1.056035303e-07 0)
(0.1494107303 3.931231356e-08 0)
(0.1494103976 1.782860198e-08 0)
(0.1494102745 2.604255928e-08 0)
(0.1494102386 2.781019867e-08 0)
(0.1494101695 2.497402274e-08 0)
(0.1494100865 2.369599272e-08 0)
(0.1494100046 2.379543956e-08 0)
(0.149409932 2.365521695e-08 0)
(0.1494098556 2.338963808e-08 0)
(0.1494097837 2.299055544e-08 0)
(0.1494097081 2.270734638e-08 0)
(0.1494096386 2.230381182e-08 0)
(0.1494095653 2.197250301e-08 0)
(0.1494094985 2.153793366e-08 0)
(0.1494094274 2.118697466e-08 0)
(0.1494093633 2.075670223e-08 0)
(0.1494092946 2.040555949e-08 0)
(0.1494092331 1.999257083e-08 0)
(0.1494091666 1.96506331e-08 0)
(0.1494091077 1.926300953e-08 0)
(0.1494090433 1.893492269e-08 0)
(0.1494089869 1.857587249e-08 0)
(0.1494089244 1.826300901e-08 0)
(0.1494088703 1.79331985e-08 0)
(0.1494088096 1.763538972e-08 0)
(0.1494087577 1.733405046e-08 0)
(0.1494086987 1.705038603e-08 0)
(0.1494086489 1.677599191e-08 0)
(0.1494085913 1.650529418e-08 0)
(0.1494085435 1.625595611e-08 0)
(0.1494084872 1.599700547e-08 0)
(0.1494084413 1.577070463e-08 0)
(0.1494083863 1.552234886e-08 0)
(0.1494083421 1.53170921e-08 0)
(0.1494082883 1.507828105e-08 0)
(0.1494082458 1.48922005e-08 0)
(0.149408193 1.466198532e-08 0)
(0.1494081521 1.44934059e-08 0)
(0.1494081002 1.427091594e-08 0)
(0.1494080609 1.411840192e-08 0)
(0.1494080098 1.390282005e-08 0)
(0.1494079721 1.376519516e-08 0)
(0.1494079217 1.355571899e-08 0)
(0.1494078855 1.343207222e-08 0)
(0.1494078358 1.322789497e-08 0)
(0.1494078009 1.311757341e-08 0)
(0.1494077518 1.291785755e-08 0)
(0.1494077184 1.282043619e-08 0)
(0.1494076698 1.262429701e-08 0)
(0.1494076378 1.253955883e-08 0)
(0.1494075895 1.234604855e-08 0)
(0.1494075589 1.227394006e-08 0)
(0.149407511 1.208203554e-08 0)
(0.1494074817 1.202263549e-08 0)
(0.1494074341 1.183123204e-08 0)
(0.1494074061 1.178471658e-08 0)
(0.1494073588 1.159261911e-08 0)
(0.1494073321 1.155924081e-08 0)
(0.1494072849 1.13651697e-08 0)
(0.1494072595 1.134525387e-08 0)
(0.1494072123 1.11478681e-08 0)
(0.1494071884 1.114180022e-08 0)
(0.1494071412 1.09397272e-08 0)
(0.1494071185 1.09479729e-08 0)
(0.1494070713 1.073986145e-08 0)
(0.14940705 1.076295774e-08 0)
(0.1494070026 1.054754728e-08 0)
(0.1494069826 1.058607446e-08 0)
(0.149406935 1.036227233e-08 0)
(0.1494069165 1.041680157e-08 0)
(0.1494068686 1.018378185e-08 0)
(0.1494068515 1.025474619e-08 0)
(0.1494068033 1.001207749e-08 0)
(0.1494067876 1.009958772e-08 0)
(0.149406739 9.847400036e-09 0)
(0.1494067247 9.950967127e-09 0)
(0.1494066757 9.690194201e-09 0)
(0.1494066629 9.808355489e-09 0)
(0.1494066133 9.541082868e-09 0)
(0.149406602 9.67092489e-09 0)
(0.1494065518 9.400861439e-09 0)
(0.1494065421 9.537430402e-09 0)
(0.1494064912 9.270522068e-09 0)
(0.149406483 9.406216548e-09 0)
(0.1494064313 9.151321942e-09 0)
(0.1494064248 9.2754887e-09 0)
(0.1494063723 9.044854218e-09 0)
(0.1494063674 9.1443229e-09 0)
(0.1494063139 8.953051765e-09 0)
(0.1494063107 9.015129774e-09 0)
(0.1494062563 8.878304028e-09 0)
(0.1494062548 8.898634354e-09 0)
(0.1494061992 8.825706386e-09 0)
(0.1488119213 -7.126746554e-07 0)
(0.1488415483 5.761230733e-07 0)
(0.1488575656 1.305285337e-06 0)
(0.1488523643 2.769907648e-07 0)
(0.1488472541 -1.461941603e-07 0)
(0.1488474133 9.258511628e-08 0)
(0.1488483416 1.46409652e-07 0)
(0.1488482482 5.446055995e-08 0)
(0.14884792 2.514271543e-08 0)
(0.1488477987 3.644747084e-08 0)
(0.1488477623 3.881873013e-08 0)
(0.1488476934 3.491403638e-08 0)
(0.1488476106 3.315551952e-08 0)
(0.148847529 3.328845797e-08 0)
(0.1488474565 3.309020434e-08 0)
(0.1488473803 3.272058769e-08 0)
(0.1488473085 3.216383756e-08 0)
(0.1488472331 3.176758543e-08 0)
(0.1488471638 3.12033956e-08 0)
(0.1488470907 3.074004301e-08 0)
(0.1488470239 3.013256801e-08 0)
(0.1488469531 2.964184447e-08 0)
(0.148846889 2.904031874e-08 0)
(0.1488468205 2.854944125e-08 0)
(0.1488467591 2.797205268e-08 0)
(0.1488466927 2.749413437e-08 0)
(0.1488466339 2.695216583e-08 0)
(0.1488465696 2.649368068e-08 0)
(0.1488465133 2.599161215e-08 0)
(0.1488464509 2.55544612e-08 0)
(0.1488463969 2.509322123e-08 0)
(0.1488463363 2.46771515e-08 0)
(0.1488462845 2.42556653e-08 0)
(0.1488462255 2.385938904e-08 0)
(0.1488461757 2.347552316e-08 0)
(0.1488461183 2.309737808e-08 0)
(0.1488460705 2.274849078e-08 0)
(0.1488460144 2.238675765e-08 0)
(0.1488459684 2.207002585e-08 0)
(0.1488459136 2.172308048e-08 0)
(0.1488458694 2.143571452e-08 0)
(0.1488458157 2.110207731e-08 0)
(0.1488457731 2.084146181e-08 0)
(0.1488457204 2.051979642e-08 0)
(0.1488456796 2.028358489e-08 0)
(0.1488456278 1.997266769e-08 0)
(0.1488455885 1.97588469e-08 0)
(0.1488455375 1.945753003e-08 0)
(0.1488454997 1.926444963e-08 0)
(0.1488454495 1.89716107e-08 0)
(0.1488454132 1.879799215e-08 0)
(0.1488453637 1.851250388e-08 0)
(0.1488453288 1.835742846e-08 0)
(0.1488452798 1.807812267e-08 0)
(0.1488452464 1.794099444e-08 0)
(0.1488451979 1.766663859e-08 0)
(0.1488451658 1.754715146e-08 0)
(0.1488451178 1.727642584e-08 0)
(0.1488450871 1.717450476e-08 0)
(0.1488450394 1.690598576e-08 0)
(0.1488450101 1.682174232e-08 0)
(0.1488449627 1.655389193e-08 0)
(0.1488449347 1.64875743e-08 0)
(0.1488448875 1.621872939e-08 0)
(0.1488448608 1.617069536e-08 0)
(0.1488448138 1.589907531e-08 0)
(0.1488447884 1.586978252e-08 0)
(0.1488447415 1.559351943e-08 0)
(0.1488447174 1.558351368e-08 0)
(0.1488446705 1.530069496e-08 0)
(0.1488446478 1.531063416e-08 0)
(0.1488446008 1.501937534e-08 0)
(0.1488445795 1.505001771e-08 0)
(0.1488445324 1.474855735e-08 0)
(0.1488445125 1.480072725e-08 0)
(0.1488444652 1.448753463e-08 0)
(0.1488444466 1.456204506e-08 0)
(0.1488443991 1.423595732e-08 0)
(0.1488443819 1.433343536e-08 0)
(0.1488443341 1.399383197e-08 0)
(0.1488443183 1.411446414e-08 0)
(0.1488442702 1.376149792e-08 0)
(0.1488442559 1.39046455e-08 0)
(0.1488442072 1.353957683e-08 0)
(0.1488441944 1.370326121e-08 0)
(0.1488441453 1.332893654e-08 0)
(0.148844134 1.350917478e-08 0)
(0.1488440842 1.313068201e-08 0)
(0.1488440744 1.332067047e-08 0)
(0.148844024 1.294619522e-08 0)
(0.1488440159 1.313545196e-08 0)
(0.1488439647 1.277723431e-08 0)
(0.1488439581 1.295101249e-08 0)
(0.1488439061 1.262604647e-08 0)
(0.1488439012 1.276601044e-08 0)
(0.1488438483 1.249542342e-08 0)
(0.1488438451 1.258367044e-08 0)
(0.1488437912 1.238887725e-08 0)
(0.1488437897 1.241869025e-08 0)
(0.1488437347 1.231361285e-08 0)
(0.1480617143 -9.314360236e-07 0)
(0.1480916329 7.651523602e-07 0)
(0.1481076059 1.675031004e-06 0)
(0.1481023138 3.417510953e-07 0)
(0.148097262 -1.847510039e-07 0)
(0.1480974559 1.214755938e-07 0)
(0.1480983696 1.857906404e-07 0)
(0.1480982717 6.90585802e-08 0)
(0.1480979494 3.263326802e-08 0)
(0.1480978305 4.683672327e-08 0)
(0.1480977936 4.971472283e-08 0)
(0.1480977248 4.480581368e-08 0)
(0.1480976424 4.259631408e-08 0)
(0.1480975612 4.275676672e-08 0)
(0.1480974888 4.249869505e-08 0)
(0.1480974129 4.202715338e-08 0)
(0.1480973412 4.131465921e-08 0)
(0.1480972661 4.080560521e-08 0)
(0.1480971969 4.008151417e-08 0)
(0.148097124 3.948659297e-08 0)
(0.1480970574 3.870712301e-08 0)
(0.1480969868 3.80772511e-08 0)
(0.1480969229 3.730531631e-08 0)
(0.1480968545 3.667542147e-08 0)
(0.1480967932 3.593441512e-08 0)
(0.1480967271 3.532130345e-08 0)
(0.1480966684 3.462567756e-08 0)
(0.1480966043 3.403761847e-08 0)
(0.148096548 3.339311179e-08 0)
(0.1480964858 3.283251291e-08 0)
(0.1480964318 3.224031075e-08 0)
(0.1480963715 3.17068167e-08 0)
(0.1480963196 3.116553715e-08 0)
(0.1480962609 3.065746718e-08 0)
(0.1480962111 3.016437088e-08 0)
(0.1480961538 2.967956403e-08 0)
(0.148096106 2.923125876e-08 0)
(0.1480960501 2.876748384e-08 0)
(0.1480960041 2.836034428e-08 0)
(0.1480959495 2.79154945e-08 0)
(0.1480959053 2.754593591e-08 0)
(0.1480958517 2.711809396e-08 0)
(0.1480958092 2.678275409e-08 0)
(0.1480957566 2.637019048e-08 0)
(0.1480957157 2.606605133e-08 0)
(0.1480956641 2.566718647e-08 0)
(0.1480956248 2.539165653e-08 0)
(0.148095574 2.500501159e-08 0)
(0.1480955362 2.475596513e-08 0)
(0.1480954862 2.438010007e-08 0)
(0.1480954498 2.415588954e-08 0)
(0.1480954005 2.378936105e-08 0)
(0.1480953656 2.358880051e-08 0)
(0.1480953168 2.323011601e-08 0)
(0.1480952833 2.305243781e-08 0)
(0.1480952351 2.270002456e-08 0)
(0.1480952029 2.254483318e-08 0)
(0.1480951552 2.219700819e-08 0)
(0.1480951244 2.20642077e-08 0)
(0.148095077 2.171915636e-08 0)
(0.1480950476 2.160889268e-08 0)
(0.1480950005 2.126465346e-08 0)
(0.1480949724 2.117724923e-08 0)
(0.1480949256 2.083170117e-08 0)
(0.1480948988 2.076762281e-08 0)
(0.1480948521 2.041849455e-08 0)
(0.1480948268 2.037833585e-08 0)
(0.1480947801 2.002324261e-08 0)
(0.1480947561 2.000771484e-08 0)
(0.1480947095 1.964421311e-08 0)
(0.1480946868 1.965417242e-08 0)
(0.1480946403 1.927985212e-08 0)
(0.1480946189 1.931628545e-08 0)
(0.1480945722 1.892888905e-08 0)
(0.1480945523 1.899287536e-08 0)
(0.1480945055 1.859043466e-08 0)
(0.1480944869 1.868304303e-08 0)
(0.1480944398 1.826405233e-08 0)
(0.1480944226 1.838612497e-08 0)
(0.1480943753 1.794975926e-08 0)
(0.1480943596 1.810158909e-08 0)
(0.1480943119 1.764799549e-08 0)
(0.1480942976 1.782883918e-08 0)
(0.1480942496 1.735955782e-08 0)
(0.1480942367 1.756698614e-08 0)
(0.1480941882 1.70855528e-08 0)
(0.1480941769 1.731460528e-08 0)
(0.1480941278 1.682738402e-08 0)
(0.148094118 1.706953235e-08 0)
(0.1480940683 1.658681052e-08 0)
(0.1480940601 1.682884923e-08 0)
(0.1480940097 1.636608336e-08 0)
(0.1480940031 1.658933885e-08 0)
(0.1480939518 1.616811865e-08 0)
(0.1480939469 1.634919469e-08 0)
(0.1480938948 1.59966404e-08 0)
(0.1480938915 1.611230901e-08 0)
(0.1480938385 1.585644899e-08 0)
(0.1480938369 1.589704235e-08 0)
(0.1480937827 1.575693874e-08 0)
(0.1471239512 -1.161390316e-06 0)
(0.147154239 9.728004235e-07 0)
(0.1471701543 2.041685364e-06 0)
(0.14716475 3.960336584e-07 0)
(0.1471597723 -2.207655661e-07 0)
(0.1471600084 1.520140966e-07 0)
(0.1471609038 2.233553347e-07 0)
(0.1471608008 8.298566704e-08 0)
(0.1471604857 4.034174386e-08 0)
(0.1471603696 5.720107628e-08 0)
(0.1471603319 6.047023292e-08 0)
(0.1471602634 5.463743856e-08 0)
(0.1471601814 5.201322601e-08 0)
(0.1471601007 5.2193929e-08 0)
(0.1471600285 5.187396016e-08 0)
(0.1471599529 5.130308695e-08 0)
(0.1471598814 5.043727546e-08 0)
(0.1471598066 4.981571625e-08 0)
(0.1471597375 4.893270041e-08 0)
(0.1471596651 4.820679791e-08 0)
(0.1471595985 4.725650281e-08 0)
(0.1471595283 4.648825096e-08 0)
(0.1471594644 4.554699044e-08 0)
(0.1471593964 4.477897381e-08 0)
(0.1471593352 4.387534828e-08 0)
(0.1471592693 4.312802384e-08 0)
(0.1471592107 4.227961072e-08 0)
(0.1471591469 4.156299933e-08 0)
(0.1471590906 4.07767771e-08 0)
(0.1471590287 4.009376264e-08 0)
(0.1471589748 3.937116397e-08 0)
(0.1471589146 3.872126356e-08 0)
(0.1471588628 3.806059638e-08 0)
(0.1471588043 3.74417149e-08 0)
(0.1471587546 3.68396344e-08 0)
(0.1471586975 3.624909351e-08 0)
(0.1471586497 3.57014592e-08 0)
(0.147158594 3.513649991e-08 0)
(0.147158548 3.463888712e-08 0)
(0.1471584936 3.409690733e-08 0)
(0.1471584494 3.364493917e-08 0)
(0.147158396 3.312357476e-08 0)
(0.1471583535 3.271314471e-08 0)
(0.1471583011 3.22102678e-08 0)
(0.1471582602 3.183768842e-08 0)
(0.1471582088 3.135136221e-08 0)
(0.1471581695 3.10134652e-08 0)
(0.1471581189 3.054188223e-08 0)
(0.1471580811 3.023606749e-08 0)
(0.1471580313 2.977747589e-08 0)
(0.1471579949 2.95017276e-08 0)
(0.1471579459 2.905437642e-08 0)
(0.1471579109 2.880724208e-08 0)
(0.1471578624 2.836932505e-08 0)
(0.1471578289 2.814986638e-08 0)
(0.147157781 2.771948271e-08 0)
(0.1471577489 2.752721623e-08 0)
(0.1471577014 2.710233291e-08 0)
(0.1471576706 2.693714425e-08 0)
(0.1471576236 2.651556951e-08 0)
(0.1471575941 2.637764197e-08 0)
(0.1471575474 2.595700498e-08 0)
(0.1471575193 2.584673961e-08 0)
(0.1471574729 2.542447585e-08 0)
(0.1471574462 2.534245255e-08 0)
(0.1471573999 2.491581402e-08 0)
(0.1471573745 2.486276784e-08 0)
(0.1471573284 2.442886633e-08 0)
(0.1471573043 2.440568048e-08 0)
(0.1471572583 2.396155377e-08 0)
(0.1471572356 2.396928974e-08 0)
(0.1471571896 2.351201216e-08 0)
(0.1471571682 2.355189473e-08 0)
(0.1471571221 2.307871904e-08 0)
(0.1471571022 2.315209414e-08 0)
(0.147157056 2.266061555e-08 0)
(0.1471570374 2.276882539e-08 0)
(0.147156991 2.225718799e-08 0)
(0.1471569738 2.240131536e-08 0)
(0.1471569273 2.186847044e-08 0)
(0.1471569115 2.204895198e-08 0)
(0.1471568646 2.149500509e-08 0)
(0.1471568503 2.171104824e-08 0)
(0.147156803 2.113776032e-08 0)
(0.1471567902 2.138656598e-08 0)
(0.1471567425 2.079807202e-08 0)
(0.1471567312 2.107381657e-08 0)
(0.147156683 2.047762719e-08 0)
(0.1471566732 2.077021446e-08 0)
(0.1471566244 2.017854397e-08 0)
(0.1471566162 2.047224321e-08 0)
(0.1471565667 1.990355352e-08 0)
(0.1471565601 2.017597852e-08 0)
(0.1471565098 1.96562556e-08 0)
(0.1471565049 1.987909206e-08 0)
(0.1471564538 1.944139328e-08 0)
(0.1471564506 1.958596228e-08 0)
(0.1471563985 1.926526082e-08 0)
(0.147156397 1.931822205e-08 0)
(0.1471563439 1.913955562e-08 0)
(0.1459986288 -1.404824745e-06 0)
(0.146029367 1.203510447e-06 0)
(0.1460452092 2.403799098e-06 0)
(0.1460396726 4.378621003e-07 0)
(0.1460347851 -2.535405074e-07 0)
(0.1460350703 1.843714299e-07 0)
(0.1460359436 2.587271171e-07 0)
(0.1460358349 9.614625972e-08 0)
(0.1460355283 4.830291735e-08 0)
(0.1460354155 6.75282179e-08 0)
(0.146035377 7.106031752e-08 0)
(0.1460353087 6.439826852e-08 0)
(0.1460352272 6.140125644e-08 0)
(0.1460351472 6.159395061e-08 0)
(0.1460350751 6.120985698e-08 0)
(0.1460349999 6.054263825e-08 0)
(0.1460349286 5.952640641e-08 0)
(0.1460348543 5.879268138e-08 0)
(0.1460347853 5.775194266e-08 0)
(0.1460347132 5.689573797e-08 0)
(0.1460346468 5.577604353e-08 0)
(0.1460345769 5.487031049e-08 0)
(0.1460345132 5.376104073e-08 0)
(0.1460344455 5.285594977e-08 0)
(0.1460343844 5.179090794e-08 0)
(0.1460343189 5.091051172e-08 0)
(0.1460342603 4.991034351e-08 0)
(0.1460341968 4.906635716e-08 0)
(0.1460341407 4.813925339e-08 0)
(0.1460340791 4.733499686e-08 0)
(0.1460340252 4.648262269e-08 0)
(0.1460339653 4.571745247e-08 0)
(0.1460339136 4.493779956e-08 0)
(0.1460338553 4.420917887e-08 0)
(0.1460338056 4.349829652e-08 0)
(0.1460337488 4.280300693e-08 0)
(0.146033701 4.215600949e-08 0)
(0.1460336455 4.149074627e-08 0)
(0.1460335996 4.090241492e-08 0)
(0.1460335454 4.026406765e-08 0)
(0.1460335012 3.972923975e-08 0)
(0.1460334481 3.911498979e-08 0)
(0.1460334056 3.862882135e-08 0)
(0.1460333535 3.803614007e-08 0)
(0.1460333126 3.759428079e-08 0)
(0.1460332615 3.702087688e-08 0)
(0.1460332221 3.661958778e-08 0)
(0.1460331719 3.60633325e-08 0)
(0.1460331341 3.569954457e-08 0)
(0.1460330846 3.51583855e-08 0)
(0.1460330482 3.482971941e-08 0)
(0.1460329995 3.430161225e-08 0)
(0.1460329646 3.400635331e-08 0)
(0.1460329165 3.348919475e-08 0)
(0.146032883 3.32262383e-08 0)
(0.1460328354 3.271781753e-08 0)
(0.1460328033 3.248659638e-08 0)
(0.1460327563 3.198454926e-08 0)
(0.1460327255 3.178493537e-08 0)
(0.1460326789 3.128671217e-08 0)
(0.1460326496 3.111893114e-08 0)
(0.1460326033 3.062177086e-08 0)
(0.1460325753 3.048630778e-08 0)
(0.1460325294 2.99872211e-08 0)
(0.1460325027 2.988477538e-08 0)
(0.146032457 2.938055579e-08 0)
(0.1460324317 2.93120099e-08 0)
(0.1460323862 2.879928276e-08 0)
(0.1460323622 2.876569903e-08 0)
(0.1460323168 2.824099867e-08 0)
(0.1460322942 2.824365157e-08 0)
(0.1460322489 2.770354907e-08 0)
(0.1460322276 2.774391102e-08 0)
(0.1460321823 2.718517721e-08 0)
(0.1460321624 2.726487437e-08 0)
(0.146032117 2.668466906e-08 0)
(0.1460320985 2.680533542e-08 0)
(0.146032053 2.620144374e-08 0)
(0.1460320359 2.636443106e-08 0)
(0.1460319902 2.57355577e-08 0)
(0.1460319745 2.594148862e-08 0)
(0.1460319286 2.528765495e-08 0)
(0.1460319143 2.553575138e-08 0)
(0.1460318681 2.485886907e-08 0)
(0.1460318553 2.51460557e-08 0)
(0.1460318087 2.445075182e-08 0)
(0.1460317974 2.477047606e-08 0)
(0.1460317503 2.406525329e-08 0)
(0.1460317405 2.44060362e-08 0)
(0.1460316929 2.370482647e-08 0)
(0.1460316847 2.40486487e-08 0)
(0.1460316365 2.337266338e-08 0)
(0.1460316298 2.369368696e-08 0)
(0.1460315809 2.307305887e-08 0)
(0.1460315759 2.333823678e-08 0)
(0.1460315262 2.28118699e-08 0)
(0.1460315229 2.29869513e-08 0)
(0.1460314723 2.259712441e-08 0)
(0.1460314707 2.266427155e-08 0)
(0.146031419 2.244297778e-08 0)
(0.1446857432 -1.663878564e-06 0)
(0.1447170173 1.461867241e-06 0)
(0.1447327691 2.759482804e-06 0)
(0.144727081 4.654849609e-07 0)
(0.1447223006 -2.823195129e-07 0)
(0.1447226407 2.186081855e-07 0)
(0.1447234884 2.915497548e-07 0)
(0.1447233736 1.084731678e-07 0)
(0.1447230768 5.65434057e-08 0)
(0.1447229677 7.780260072e-08 0)
(0.1447229282 8.146352367e-08 0)
(0.1447228602 7.407908353e-08 0)
(0.1447227793 7.075558707e-08 0)
(0.1447227 7.095134629e-08 0)
(0.144722628 7.050090626e-08 0)
(0.1447225534 6.974061707e-08 0)
(0.1447224822 6.857729292e-08 0)
(0.1447224083 6.773176498e-08 0)
(0.1447223395 6.653473174e-08 0)
(0.1447222679 6.554896699e-08 0)
(0.1447222017 6.426154646e-08 0)
(0.1447221322 6.321932778e-08 0)
(0.1447220686 6.194358357e-08 0)
(0.1447220013 6.090257497e-08 0)
(0.1447219404 5.967749756e-08 0)
(0.1447218752 5.866527592e-08 0)
(0.1447218167 5.751450577e-08 0)
(0.1447217536 5.654440771e-08 0)
(0.1447216975 5.547731009e-08 0)
(0.1447216362 5.455304029e-08 0)
(0.1447215824 5.357149145e-08 0)
(0.1447215228 5.269220483e-08 0)
(0.1447214712 5.179387153e-08 0)
(0.1447214132 5.095655759e-08 0)
(0.1447213636 5.013688346e-08 0)
(0.144721307 4.933775941e-08 0)
(0.1447212593 4.859112023e-08 0)
(0.1447212042 4.782631858e-08 0)
(0.1447211583 4.714671208e-08 0)
(0.1447211044 4.64126043e-08 0)
(0.1447210602 4.579409542e-08 0)
(0.1447210074 4.508740561e-08 0)
(0.1447209649 4.452442731e-08 0)
(0.1447209132 4.384222994e-08 0)
(0.1447208724 4.332978346e-08 0)
(0.1447208216 4.266944256e-08 0)
(0.1447207823 4.220323181e-08 0)
(0.1447207325 4.156231229e-08 0)
(0.1447206947 4.113881168e-08 0)
(0.1447206456 4.051497959e-08 0)
(0.1447206093 4.013145707e-08 0)
(0.144720561 3.952239675e-08 0)
(0.1447205262 3.917688492e-08 0)
(0.1447204786 3.858022002e-08 0)
(0.1447204451 3.827145627e-08 0)
(0.1447203982 3.768469091e-08 0)
(0.1447203661 3.741203184e-08 0)
(0.1447203197 3.683249596e-08 0)
(0.144720289 3.659580715e-08 0)
(0.1447202431 3.602061804e-08 0)
(0.1447202138 3.58201741e-08 0)
(0.1447201682 3.524620471e-08 0)
(0.1447201403 3.508258159e-08 0)
(0.1447200951 3.450644111e-08 0)
(0.1447200686 3.438046431e-08 0)
(0.1447200237 3.379850973e-08 0)
(0.1447199984 3.371121541e-08 0)
(0.1447199538 3.311960591e-08 0)
(0.1447199299 3.307224249e-08 0)
(0.1447198854 3.246702683e-08 0)
(0.1447198629 3.246108878e-08 0)
(0.1447198186 3.183834916e-08 0)
(0.1447197974 3.187556573e-08 0)
(0.1447197531 3.123159995e-08 0)
(0.1447197333 3.13138902e-08 0)
(0.144719689 3.06454239e-08 0)
(0.1447196706 3.07747323e-08 0)
(0.1447196262 3.007918146e-08 0)
(0.1447196092 3.025715827e-08 0)
(0.1447195647 2.95329547e-08 0)
(0.1447195492 2.976045371e-08 0)
(0.1447195045 2.900748585e-08 0)
(0.1447194903 2.928381309e-08 0)
(0.1447194454 2.850406327e-08 0)
(0.1447194327 2.882597082e-08 0)
(0.1447193874 2.802443592e-08 0)
(0.1447193762 2.838479265e-08 0)
(0.1447193306 2.757079048e-08 0)
(0.1447193209 2.795694425e-08 0)
(0.1447192747 2.714588318e-08 0)
(0.1447192666 2.753779756e-08 0)
(0.1447192199 2.675333943e-08 0)
(0.1447192133 2.712203102e-08 0)
(0.144719166 2.639815406e-08 0)
(0.144719161 2.670607643e-08 0)
(0.144719113 2.608739436e-08 0)
(0.1447191097 2.629462629e-08 0)
(0.1447190608 2.583108924e-08 0)
(0.1447190592 2.591440013e-08 0)
(0.1447190093 2.564605634e-08 0)
(0.1431852894 -1.940490969e-06 0)
(0.1432171902 1.752584278e-06 0)
(0.1432328319 3.106344902e-06 0)
(0.1432269747 4.774267004e-07 0)
(0.1432223191 -3.062948438e-07 0)
(0.1432227188 2.546613904e-07 0)
(0.1432235374 3.214944515e-07 0)
(0.1432234165 1.199295392e-07 0)
(0.1432231306 6.508034036e-08 0)
(0.1432230255 8.800554639e-08 0)
(0.1432229849 9.166227155e-08 0)
(0.1432229173 8.367216289e-08 0)
(0.143222837 8.007159964e-08 0)
(0.1432227584 8.026118036e-08 0)
(0.1432226865 7.974233333e-08 0)
(0.1432226125 7.889242022e-08 0)
(0.1432225415 7.758571718e-08 0)
(0.1432224682 7.662874377e-08 0)
(0.1432223995 7.527706555e-08 0)
(0.1432223284 7.41625032e-08 0)
(0.1432222623 7.2709257e-08 0)
(0.1432221933 7.153159106e-08 0)
(0.1432221299 7.009109132e-08 0)
(0.143222063 6.891535966e-08 0)
(0.1432220022 6.753175066e-08 0)
(0.1432219374 6.638896249e-08 0)
(0.1432218791 6.508878644e-08 0)
(0.1432218163 6.399380977e-08 0)
(0.1432217604 6.278755698e-08 0)
(0.1432216994 6.174441914e-08 0)
(0.1432216457 6.06341503e-08 0)
(0.1432215865 5.964175832e-08 0)
(0.1432215349 5.862480702e-08 0)
(0.1432214773 5.767964424e-08 0)
(0.1432214278 5.675085394e-08 0)
(0.1432213716 5.584855224e-08 0)
(0.143221324 5.500157528e-08 0)
(0.1432212692 5.413769391e-08 0)
(0.1432212234 5.336576618e-08 0)
(0.1432211699 5.25361572e-08 0)
(0.1432211258 5.183259651e-08 0)
(0.1432210734 5.103353379e-08 0)
(0.143221031 5.039207661e-08 0)
(0.1432209798 4.962025199e-08 0)
(0.143220939 4.903527708e-08 0)
(0.1432208888 4.828773029e-08 0)
(0.1432208496 4.775440846e-08 0)
(0.1432208002 4.702842309e-08 0)
(0.1432207626 4.65427936e-08 0)
(0.1432207141 4.583578288e-08 0)
(0.1432206779 4.539477916e-08 0)
(0.1432206303 4.470418696e-08 0)
(0.1432205956 4.430560432e-08 0)
(0.1432205486 4.362881329e-08 0)
(0.1432205153 4.327124398e-08 0)
(0.1432204691 4.260550527e-08 0)
(0.1432204372 4.228824028e-08 0)
(0.1432203915 4.163060942e-08 0)
(0.1432203611 4.135351706e-08 0)
(0.1432203159 4.070080864e-08 0)
(0.1432202869 4.046422007e-08 0)
(0.1432202422 3.981296982e-08 0)
(0.1432202145 3.961755868e-08 0)
(0.1432201703 3.896400128e-08 0)
(0.1432201439 3.88107249e-08 0)
(0.1432201 3.815080603e-08 0)
(0.1432200751 3.804085931e-08 0)
(0.1432200315 3.737029475e-08 0)
(0.1432200079 3.730511712e-08 0)
(0.1432199645 3.661948988e-08 0)
(0.1432199423 3.660080063e-08 0)
(0.1432198991 3.589571965e-08 0)
(0.1432198782 3.592551167e-08 0)
(0.1432198351 3.519681121e-08 0)
(0.1432198156 3.527730672e-08 0)
(0.1432197726 3.452127912e-08 0)
(0.1432197545 3.465474991e-08 0)
(0.1432197115 3.386843031e-08 0)
(0.1432196948 3.405685353e-08 0)
(0.1432196517 3.323837148e-08 0)
(0.1432196364 3.348287777e-08 0)
(0.1432195932 3.263193468e-08 0)
(0.1432195793 3.293198672e-08 0)
(0.143219536 3.205054706e-08 0)
(0.1432195235 3.240283463e-08 0)
(0.1432194799 3.149612968e-08 0)
(0.1432194688 3.189310586e-08 0)
(0.1432194249 3.097107229e-08 0)
(0.1432194154 3.139914118e-08 0)
(0.1432193711 3.047839414e-08 0)
(0.143219363 3.091580432e-08 0)
(0.1432193182 3.002211681e-08 0)
(0.1432193117 3.043708915e-08 0)
(0.1432192664 2.96079297e-08 0)
(0.1432192615 2.995870473e-08 0)
(0.1432192155 2.924420183e-08 0)
(0.1432192122 2.948513097e-08 0)
(0.1432191654 2.894324962e-08 0)
(0.1432191639 2.904478119e-08 0)
(0.1432191161 2.872481534e-08 0)
(0.1414972615 -2.236336427e-06 0)
(0.1415298863 2.080469794e-06 0)
(0.141545395 3.441441318e-06 0)
(0.1415393531 4.725419404e-07 0)
(0.1415348405 -3.246240267e-07 0)
(0.1415353036 2.923339653e-07 0)
(0.1415360895 3.482675446e-07 0)
(0.1415359628 1.305092777e-07 0)
(0.1415356888 7.392017144e-08 0)
(0.1415355879 9.811560249e-08 0)
(0.1415355461 1.016431063e-07 0)
(0.1415354789 9.317128131e-08 0)
(0.1415353993 8.934487741e-08 0)
(0.1415353215 8.951907108e-08 0)
(0.1415352498 8.893006142e-08 0)
(0.1415351764 8.799401126e-08 0)
(0.1415351055 8.654797271e-08 0)
(0.1415350328 8.547986041e-08 0)
(0.1415349644 8.397538762e-08 0)
(0.1415348938 8.273274279e-08 0)
(0.1415348279 8.11157525e-08 0)
(0.1415347594 7.980362926e-08 0)
(0.1415346961 7.820020427e-08 0)
(0.1415346298 7.689085992e-08 0)
(0.1415345691 7.535024023e-08 0)
(0.1415345048 7.407800088e-08 0)
(0.1415344466 7.262951699e-08 0)
(0.1415343842 7.141067603e-08 0)
(0.1415343284 7.006588478e-08 0)
(0.1415342679 6.890472399e-08 0)
(0.1415342143 6.766584437e-08 0)
(0.1415341555 6.656097833e-08 0)
(0.1415341041 6.54250106e-08 0)
(0.1415340469 6.437239186e-08 0)
(0.1415339975 6.333359827e-08 0)
(0.1415339418 6.232826451e-08 0)
(0.1415338943 6.137960588e-08 0)
(0.1415338399 6.041654689e-08 0)
(0.1415337943 5.955053703e-08 0)
(0.1415337413 5.862509955e-08 0)
(0.1415336974 5.783435254e-08 0)
(0.1415336456 5.694238248e-08 0)
(0.1415336034 5.621998176e-08 0)
(0.1415335527 5.535781703e-08 0)
(0.1415335121 5.469755985e-08 0)
(0.1415334625 5.386194936e-08 0)
(0.1415334235 5.325851017e-08 0)
(0.1415333749 5.244649308e-08 0)
(0.1415333375 5.189550752e-08 0)
(0.1415332898 5.110428321e-08 0)
(0.1415332539 5.060237619e-08 0)
(0.141533207 4.98291877e-08 0)
(0.1415331726 4.937393809e-08 0)
(0.1415331265 4.861596661e-08 0)
(0.1415330936 4.820583771e-08 0)
(0.1415330482 4.746011963e-08 0)
(0.1415330167 4.709434902e-08 0)
(0.141532972 4.635770198e-08 0)
(0.141532942 4.60361699e-08 0)
(0.1415328979 4.530514017e-08 0)
(0.1415328692 4.502824072e-08 0)
(0.1415328257 4.42990587e-08 0)
(0.1415327984 4.406756795e-08 0)
(0.1415327553 4.333612326e-08 0)
(0.1415327294 4.315113308e-08 0)
(0.1415326868 4.241298702e-08 0)
(0.1415326623 4.227585258e-08 0)
(0.14153262 4.15263015e-08 0)
(0.1415325968 4.143865408e-08 0)
(0.1415325549 4.067283589e-08 0)
(0.141532533 4.063661999e-08 0)
(0.1415324913 3.984968625e-08 0)
(0.1415324709 3.986716067e-08 0)
(0.1415324294 3.905449144e-08 0)
(0.1415324103 3.912818717e-08 0)
(0.1415323689 3.828564159e-08 0)
(0.1415323512 3.841817039e-08 0)
(0.1415323099 3.754238947e-08 0)
(0.1415322936 3.773608023e-08 0)
(0.1415322523 3.682485921e-08 0)
(0.1415322373 3.708116288e-08 0)
(0.1415321961 3.613395764e-08 0)
(0.1415321825 3.645256603e-08 0)
(0.1415321411 3.547122781e-08 0)
(0.1415321289 3.584888158e-08 0)
(0.1415320874 3.48387303e-08 0)
(0.1415320766 3.526763738e-08 0)
(0.1415320348 3.423901641e-08 0)
(0.1415320255 3.470488139e-08 0)
(0.1415319834 3.367531882e-08 0)
(0.1415319755 3.415500291e-08 0)
(0.1415319331 3.315200675e-08 0)
(0.1415319267 3.361132527e-08 0)
(0.1415318838 3.26754452e-08 0)
(0.1415318789 3.306876934e-08 0)
(0.1415318354 3.225538412e-08 0)
(0.1415318322 3.253134191e-08 0)
(0.1415317879 3.190672385e-08 0)
(0.1415317864 3.202852304e-08 0)
(0.1415317413 3.165246034e-08 0)
(0.1396216523 -2.552745222e-06 0)
(0.1396551063 2.450368127e-06 0)
(0.1396704557 3.761238531e-06 0)
(0.1396642155 4.500744305e-07 0)
(0.1396598649 -3.364546547e-07 0)
(0.1396603937 3.312875083e-07 0)
(0.1396611437 3.716180554e-07 0)
(0.1396610117 1.402355091e-07 0)
(0.1396607505 8.305753509e-08 0)
(0.1396606539 1.081090739e-07 0)
(0.1396606109 1.113967766e-07 0)
(0.1396605442 1.025716102e-07 0)
(0.1396604652 9.857117411e-08 0)
(0.1396603884 9.872114323e-08 0)
(0.1396603168 9.806064028e-08 0)
(0.139660244 9.704183215e-08 0)
(0.1396601734 9.54607573e-08 0)
(0.1396601013 9.428168542e-08 0)
(0.139660033 9.262641557e-08 0)
(0.1396599631 9.125624035e-08 0)
(0.1396598974 8.947766986e-08 0)
(0.1396598294 8.803187123e-08 0)
(0.1396597663 8.626731754e-08 0)
(0.1396597005 8.48251777e-08 0)
(0.13965964 8.312889028e-08 0)
(0.1396595762 8.172791553e-08 0)
(0.1396595181 8.013188469e-08 0)
(0.1396594563 7.878968019e-08 0)
(0.1396594006 7.730647202e-08 0)
(0.1396593407 7.60275119e-08 0)
(0.1396592872 7.465949061e-08 0)
(0.139659229 7.344206799e-08 0)
(0.1396591777 7.218592194e-08 0)
(0.1396591211 7.102545516e-08 0)
(0.1396590719 6.987491025e-08 0)
(0.1396590167 6.876585758e-08 0)
(0.1396589695 6.771324232e-08 0)
(0.1396589158 6.66500517e-08 0)
(0.1396588704 6.568722381e-08 0)
(0.139658818 6.46647729e-08 0)
(0.1396587744 6.378370995e-08 0)
(0.1396587233 6.279745868e-08 0)
(0.1396586815 6.199065492e-08 0)
(0.1396586316 6.103663277e-08 0)
(0.1396585914 6.029736154e-08 0)
(0.1396585426 5.937207399e-08 0)
(0.1396585041 5.869456289e-08 0)
(0.1396584563 5.779485279e-08 0)
(0.1396584194 5.717437466e-08 0)
(0.1396583726 5.629727515e-08 0)
(0.1396583372 5.573017829e-08 0)
(0.1396582914 5.487277798e-08 0)
(0.1396582575 5.435644881e-08 0)
(0.1396582126 5.351577185e-08 0)
(0.1396581802 5.30485615e-08 0)
(0.139658136 5.222147135e-08 0)
(0.1396581051 5.180257485e-08 0)
(0.1396580617 5.098569019e-08 0)
(0.1396580322 5.061500599e-08 0)
(0.1396579895 4.980464053e-08 0)
(0.1396579614 4.948262785e-08 0)
(0.1396579193 4.867473926e-08 0)
(0.1396578927 4.840227622e-08 0)
(0.1396578511 4.75924388e-08 0)
(0.1396578259 4.737074861e-08 0)
(0.1396577848 4.655416589e-08 0)
(0.1396577609 4.638475919e-08 0)
(0.1396577203 4.555633168e-08 0)
(0.1396576978 4.544102568e-08 0)
(0.1396576576 4.459546605e-08 0)
(0.1396576365 4.453642384e-08 0)
(0.1396575966 4.366844142e-08 0)
(0.1396575768 4.366818298e-08 0)
(0.1396575372 4.277271204e-08 0)
(0.1396575187 4.283407562e-08 0)
(0.1396574793 4.190654098e-08 0)
(0.1396574622 4.203248444e-08 0)
(0.139657423 4.106911814e-08 0)
(0.1396574073 4.126234078e-08 0)
(0.1396573682 4.026056961e-08 0)
(0.1396573537 4.052288116e-08 0)
(0.1396573147 3.948185389e-08 0)
(0.1396573016 3.981324427e-08 0)
(0.1396572626 3.873459876e-08 0)
(0.1396572509 3.913197192e-08 0)
(0.1396572118 3.802096368e-08 0)
(0.1396572014 3.847645617e-08 0)
(0.1396571622 3.734361138e-08 0)
(0.1396571532 3.784248188e-08 0)
(0.1396571137 3.67059286e-08 0)
(0.1396571062 3.722399825e-08 0)
(0.1396570664 3.611257128e-08 0)
(0.1396570603 3.661367658e-08 0)
(0.1396570201 3.557054448e-08 0)
(0.1396570155 3.600559144e-08 0)
(0.1396569749 3.509103909e-08 0)
(0.1396569718 3.540301648e-08 0)
(0.1396569305 3.469183513e-08 0)
(0.139656929 3.483584387e-08 0)
(0.139656887 3.439958626e-08 0)
(0.1375584532 -2.890608365e-06 0)
(0.1375928508 2.867077192e-06 0)
(0.1376080106 4.061584696e-06 0)
(0.1376015612 4.097233856e-07 0)
(0.1375973921 -3.409481631e-07 0)
(0.1375979877 3.710442301e-07 0)
(0.1375986987 3.9134657e-07 0)
(0.1375985623 1.491576497e-07 0)
(0.1375983145 9.247442473e-08 0)
(0.1375982224 1.179607288e-07 0)
(0.1375981781 1.209181295e-07 0)
(0.137598112 1.118695197e-07 0)
(0.1375980337 1.077463329e-07 0)
(0.1375979578 1.078639065e-07 0)
(0.1375978864 1.071310821e-07 0)
(0.1375978143 1.060326085e-07 0)
(0.1375977438 1.043209368e-07 0)
(0.1375976725 1.030308191e-07 0)
(0.1375976044 1.012267712e-07 0)
(0.1375975351 9.972924754e-08 0)
(0.1375974695 9.779114282e-08 0)
(0.1375974022 9.621196319e-08 0)
(0.1375973393 9.428777301e-08 0)
(0.1375972741 9.271301366e-08 0)
(0.1375972138 9.086189028e-08 0)
(0.1375971506 8.93320941e-08 0)
(0.1375970928 8.758856209e-08 0)
(0.1375970315 8.612254584e-08 0)
(0.1375969761 8.450014586e-08 0)
(0.1375969168 8.310254255e-08 0)
(0.1375968636 8.160380597e-08 0)
(0.137596806 8.027259441e-08 0)
(0.1375967551 7.889395927e-08 0)
(0.1375966991 7.762405846e-08 0)
(0.1375966503 7.635879981e-08 0)
(0.1375965959 7.514413978e-08 0)
(0.137596549 7.398405041e-08 0)
(0.1375964962 7.281859664e-08 0)
(0.1375964512 7.175497658e-08 0)
(0.1375963998 7.063320027e-08 0)
(0.1375963567 6.965748417e-08 0)
(0.1375963065 6.857452198e-08 0)
(0.1375962653 6.767869908e-08 0)
(0.1375962164 6.663033304e-08 0)
(0.1375961768 6.580722508e-08 0)
(0.1375961292 6.478977556e-08 0)
(0.1375960913 6.403322231e-08 0)
(0.1375960448 6.304339113e-08 0)
(0.1375960085 6.234834867e-08 0)
(0.1375959631 6.13830546e-08 0)
(0.1375959284 6.074562795e-08 0)
(0.137595884 5.980185356e-08 0)
(0.1375958509 5.921925919e-08 0)
(0.1375958074 5.829391633e-08 0)
(0.1375957759 5.776440598e-08 0)
(0.1375957332 5.685422609e-08 0)
(0.1375957032 5.637695738e-08 0)
(0.1375956614 5.547839745e-08 0)
(0.1375956328 5.505328611e-08 0)
(0.1375955918 5.416246081e-08 0)
(0.1375955647 5.379002515e-08 0)
(0.1375955244 5.290264965e-08 0)
(0.1375954987 5.258386062e-08 0)
(0.137595459 5.169522089e-08 0)
(0.1375954347 5.143142053e-08 0)
(0.1375953956 5.053638645e-08 0)
(0.1375953727 5.032922663e-08 0)
(0.1375953341 4.942232401e-08 0)
(0.1375953125 4.927379215e-08 0)
(0.1375952744 4.83493262e-08 0)
(0.1375952542 4.826178785e-08 0)
(0.1375952166 4.731403879e-08 0)
(0.1375951977 4.729026081e-08 0)
(0.1375951604 4.6313724e-08 0)
(0.1375951428 4.635684093e-08 0)
(0.1375951058 4.534650446e-08 0)
(0.1375950896 4.545981739e-08 0)
(0.1375950528 4.44114883e-08 0)
(0.1375950379 4.459807697e-08 0)
(0.1375950013 4.35087783e-08 0)
(0.1375949877 4.377084199e-08 0)
(0.1375949513 4.263935233e-08 0)
(0.137594939 4.297724147e-08 0)
(0.1375949027 4.180488302e-08 0)
(0.1375948916 4.221577242e-08 0)
(0.1375948553 4.100757943e-08 0)
(0.1375948456 4.148370658e-08 0)
(0.1375948093 4.025015728e-08 0)
(0.1375948008 4.077659192e-08 0)
(0.1375947644 3.953608812e-08 0)
(0.1375947573 4.008797211e-08 0)
(0.1375947207 3.887024105e-08 0)
(0.1375947149 3.940989028e-08 0)
(0.1375946781 3.826020676e-08 0)
(0.1375946737 3.873552813e-08 0)
(0.1375946364 3.771865115e-08 0)
(0.1375946335 3.806717654e-08 0)
(0.1375945958 3.726651788e-08 0)
(0.1375945943 3.74344745e-08 0)
(0.1375945559 3.693460438e-08 0)
(0.1353076542 -3.250268153e-06 0)
(0.1353431209 3.335245381e-06 0)
(0.135358056 4.337685543e-06 0)
(0.1353513895 3.51703657e-07 0)
(0.1353474221 -3.372954258e-07 0)
(0.1353480837 4.110064304e-07 0)
(0.1353487531 4.073191256e-07 0)
(0.1353486133 1.573488519e-07 0)
(0.1353483796 1.021403555e-07 0)
(0.135348292 1.276448213e-07 0)
(0.1353482463 1.302058675e-07 0)
(0.1353481809 1.210622906e-07 0)
(0.1353481032 1.168661314e-07 0)
(0.1353480284 1.169440203e-07 0)
(0.1353479571 1.161385477e-07 0)
(0.1353478858 1.149629681e-07 0)
(0.1353478155 1.131250707e-07 0)
(0.1353477449 1.117232937e-07 0)
(0.135347677 1.097722409e-07 0)
(0.1353476084 1.081468071e-07 0)
(0.1353475431 1.060507172e-07 0)
(0.1353474765 1.043374882e-07 0)
(0.1353474138 1.022543818e-07 0)
(0.1353473494 1.005459861e-07 0)
(0.1353472893 9.853982032e-08 0)
(0.1353472269 9.687972222e-08 0)
(0.1353471694 9.498747012e-08 0)
(0.1353471089 9.339564837e-08 0)
(0.1353470538 9.163184788e-08 0)
(0.1353469953 9.011312179e-08 0)
(0.1353469426 8.848055627e-08 0)
(0.1353468859 8.70326584e-08 0)
(0.1353468354 8.552763755e-08 0)
(0.1353467804 8.414507689e-08 0)
(0.1353467322 8.276056293e-08 0)
(0.1353466788 8.143683706e-08 0)
(0.1353466326 8.016422618e-08 0)
(0.1353465808 7.889291168e-08 0)
(0.1353465366 7.772307691e-08 0)
(0.1353464864 7.649832519e-08 0)
(0.1353464441 7.542227446e-08 0)
(0.1353463953 7.423897704e-08 0)
(0.1353463549 7.324829313e-08 0)
(0.1353463074 7.210205393e-08 0)
(0.1353462688 7.118918663e-08 0)
(0.1353462226 7.007620226e-08 0)
(0.1353461858 6.923466449e-08 0)
(0.1353461408 6.815155e-08 0)
(0.1353461057 6.737602457e-08 0)
(0.1353460619 6.631963262e-08 0)
(0.1353460284 6.560600878e-08 0)
(0.1353459857 6.457325889e-08 0)
(0.1353459538 6.391859735e-08 0)
(0.1353459122 6.290632749e-08 0)
(0.1353458819 6.230878328e-08 0)
(0.1353458412 6.131362699e-08 0)
(0.1353458125 6.077231408e-08 0)
(0.1353457727 5.979059713e-08 0)
(0.1353457454 5.930543535e-08 0)
(0.1353457065 5.833310034e-08 0)
(0.1353456807 5.790464851e-08 0)
(0.1353456426 5.693719208e-08 0)
(0.1353456182 5.656649198e-08 0)
(0.1353455808 5.559893328e-08 0)
(0.1353455578 5.528742041e-08 0)
(0.1353455211 5.431431485e-08 0)
(0.1353454995 5.406375555e-08 0)
(0.1353454634 5.30792712e-08 0)
(0.1353454432 5.289179496e-08 0)
(0.1353454076 5.188984385e-08 0)
(0.1353453887 5.176799053e-08 0)
(0.1353453536 5.074243442e-08 0)
(0.135345336 5.068919164e-08 0)
(0.1353453014 4.963409201e-08 0)
(0.135345285 4.965286819e-08 0)
(0.1353452508 4.856277292e-08 0)
(0.1353452358 4.865719848e-08 0)
(0.1353452019 4.75274733e-08 0)
(0.1353451881 4.770100766e-08 0)
(0.1353451545 4.652823683e-08 0)
(0.1353451419 4.678348943e-08 0)
(0.1353451086 4.5566019e-08 0)
(0.1353450972 4.59037536e-08 0)
(0.1353450641 4.464248866e-08 0)
(0.1353450539 4.506025022e-08 0)
(0.135345021 4.375984735e-08 0)
(0.135345012 4.425014015e-08 0)
(0.1353449791 4.292079735e-08 0)
(0.1353449713 4.346875693e-08 0)
(0.1353449384 4.212881692e-08 0)
(0.1353449319 4.270927321e-08 0)
(0.1353448989 4.138890254e-08 0)
(0.1353448936 4.19631343e-08 0)
(0.1353448605 4.07091558e-08 0)
(0.1353448565 4.122259842e-08 0)
(0.1353448231 4.010371978e-08 0)
(0.1353448204 4.048874468e-08 0)
(0.1353447867 3.95969621e-08 0)
(0.1353447854 3.979030193e-08 0)
(0.1353447511 3.92243977e-08 0)
(0.132869243 -3.63138941e-06 0)
(0.1329059177 3.859222257e-06 0)
(0.1329205877 4.584146814e-06 0)
(0.1329136997 2.767002284e-07 0)
(0.1329099541 -3.247861647e-07 0)
(0.13291068 4.504689776e-07 0)
(0.1329113053 4.194774698e-07 0)
(0.1329111635 1.649015099e-07 0)
(0.1329109443 1.120128178e-07 0)
(0.1329108611 1.371361059e-07 0)
(0.1329108141 1.392620721e-07 0)
(0.1329107494 1.301476892e-07 0)
(0.1329106724 1.259259844e-07 0)
(0.1329105987 1.259578527e-07 0)
(0.1329105274 1.250797537e-07 0)
(0.132910457 1.238286985e-07 0)
(0.1329103869 1.21868476e-07 0)
(0.1329103172 1.203534045e-07 0)
(0.1329102495 1.182563489e-07 0)
(0.1329101818 1.165010488e-07 0)
(0.1329101167 1.142473626e-07 0)
(0.132910051 1.123976909e-07 0)
(0.1329099887 1.101548751e-07 0)
(0.1329099251 1.083098211e-07 0)
(0.1329098654 1.061466091e-07 0)
(0.1329098039 1.043525331e-07 0)
(0.1329097469 1.02308357e-07 0)
(0.1329096875 1.005864515e-07 0)
(0.132909633 9.867696843e-08 0)
(0.1329095755 9.703236237e-08 0)
(0.1329095236 9.526078196e-08 0)
(0.132909468 9.369110996e-08 0)
(0.1329094184 9.205380795e-08 0)
(0.1329093647 9.055331914e-08 0)
(0.1329093174 8.904313659e-08 0)
(0.1329092654 8.760503365e-08 0)
(0.1329092203 8.621314538e-08 0)
(0.13290917 8.483073449e-08 0)
(0.132909127 8.354773841e-08 0)
(0.1329090783 8.221494941e-08 0)
(0.1329090373 8.103155256e-08 0)
(0.1329089902 7.974311137e-08 0)
(0.1329089511 7.865058916e-08 0)
(0.1329089055 7.740198521e-08 0)
(0.1329088683 7.639248936e-08 0)
(0.1329088241 7.517984647e-08 0)
(0.1329087888 7.424661372e-08 0)
(0.1329087459 7.306650136e-08 0)
(0.1329087123 7.220397131e-08 0)
(0.1329086707 7.105320995e-08 0)
(0.1329086388 7.025706833e-08 0)
(0.1329085984 6.913254272e-08 0)
(0.1329085682 6.839969224e-08 0)
(0.1329085289 6.729819063e-08 0)
(0.1329085003 6.662667513e-08 0)
(0.1329084621 6.554475391e-08 0)
(0.132908435 6.493362037e-08 0)
(0.1329083978 6.386749227e-08 0)
(0.1329083722 6.331663419e-08 0)
(0.132908336 6.226208583e-08 0)
(0.1329083119 6.177206723e-08 0)
(0.1329082765 6.072439114e-08 0)
(0.1329082539 6.02962863e-08 0)
(0.1329082193 5.925024805e-08 0)
(0.132908198 5.88855449e-08 0)
(0.1329081642 5.783539786e-08 0)
(0.1329081443 5.753593548e-08 0)
(0.1329081111 5.647550153e-08 0)
(0.1329080925 5.624350882e-08 0)
(0.13290806 5.51663172e-08 0)
(0.1329080427 5.500446642e-08 0)
(0.1329080108 5.390396835e-08 0)
(0.1329079948 5.38154285e-08 0)
(0.1329079634 5.268525537e-08 0)
(0.1329079485 5.267367338e-08 0)
(0.1329079176 5.150792924e-08 0)
(0.132907904 5.157723854e-08 0)
(0.1329078735 5.037083276e-08 0)
(0.1329078611 5.052485923e-08 0)
(0.132907831 4.927390461e-08 0)
(0.1329078197 4.951567644e-08 0)
(0.1329077899 4.821802756e-08 0)
(0.1329077798 4.854876254e-08 0)
(0.1329077503 4.720481041e-08 0)
(0.1329077413 4.762251131e-08 0)
(0.132907712 4.623638335e-08 0)
(0.1329077041 4.673397637e-08 0)
(0.132907675 4.531536253e-08 0)
(0.1329076681 4.587829559e-08 0)
(0.1329076393 4.444514753e-08 0)
(0.1329076334 4.504830547e-08 0)
(0.1329076046 4.363076551e-08 0)
(0.1329075999 4.42348915e-08 0)
(0.132907571 4.288073373e-08 0)
(0.1329075674 4.3429378e-08 0)
(0.1329075385 4.22106379e-08 0)
(0.132907536 4.263143476e-08 0)
(0.1329075069 4.164849389e-08 0)
(0.1329075056 4.186825228e-08 0)
(0.1329074761 4.123519945e-08 0)
(0.1302432055 -4.032795541e-06 0)
(0.1302812427 4.442807367e-06 0)
(0.1302956009 4.795221148e-06 0)
(0.130288491 1.855086239e-07 0)
(0.1302849878 -3.030687874e-07 0)
(0.1302857742 4.885638134e-07 0)
(0.1302863536 4.27822937e-07 0)
(0.1302862112 1.719139957e-07 0)
(0.1302860069 1.220359201e-07 0)
(0.130285928 1.464101039e-07 0)
(0.1302858796 1.480912658e-07 0)
(0.1302858158 1.391232749e-07 0)
(0.1302857394 1.349203446e-07 0)
(0.1302856669 1.349006202e-07 0)
(0.1302855958 1.33949819e-07 0)
(0.1302855263 1.326232841e-07 0)
(0.1302854564 1.305433985e-07 0)
(0.1302853877 1.289114796e-07 0)
(0.1302853203 1.266677117e-07 0)
(0.1302852536 1.247781308e-07 0)
(0.130285189 1.223650204e-07 0)
(0.1302851243 1.203736623e-07 0)
(0.1302850626 1.179677713e-07 0)
(0.1302850001 1.159799493e-07 0)
(0.1302849411 1.136549191e-07 0)
(0.1302848809 1.117200331e-07 0)
(0.1302848247 1.095179243e-07 0)
(0.1302847666 1.076585829e-07 0)
(0.1302847132 1.055964265e-07 0)
(0.1302846572 1.038183078e-07 0)
(0.1302846064 1.019000113e-07 0)
(0.1302845525 1.002008796e-07 0)
(0.1302845041 9.842314236e-08 0)
(0.1302844522 9.679718352e-08 0)
(0.1302844063 9.515295122e-08 0)
(0.1302843563 9.359322999e-08 0)
(0.1302843127 9.20736434e-08 0)
(0.1302842645 9.057331399e-08 0)
(0.1302842231 8.91688441e-08 0)
(0.1302841767 8.772169962e-08 0)
(0.1302841375 8.642286414e-08 0)
(0.1302840927 8.502352277e-08 0)
(0.1302840556 8.382136833e-08 0)
(0.1302840124 8.246524257e-08 0)
(0.1302839772 8.13516727e-08 0)
(0.1302839355 8.00348367e-08 0)
(0.1302839022 7.9002837e-08 0)
(0.130283862 7.77218282e-08 0)
(0.1302838306 7.676559944e-08 0)
(0.1302837917 7.551721354e-08 0)
(0.130283762 7.463222475e-08 0)
(0.1302837245 7.341331574e-08 0)
(0.1302836965 7.259628491e-08 0)
(0.1302836602 7.140359347e-08 0)
(0.1302836338 7.065241546e-08 0)
(0.1302835986 6.948242212e-08 0)
(0.1302835738 6.879603137e-08 0)
(0.1302835397 6.764483724e-08 0)
(0.1302835164 6.70230495e-08 0)
(0.1302834833 6.588628679e-08 0)
(0.1302834615 6.532961636e-08 0)
(0.1302834294 6.420237596e-08 0)
(0.130283409 6.371187274e-08 0)
(0.1302833777 6.258867019e-08 0)
(0.1302833587 6.216581613e-08 0)
(0.1302833282 6.104060757e-08 0)
(0.1302833105 6.068725658e-08 0)
(0.1302832808 5.955352378e-08 0)
(0.1302832644 5.927194618e-08 0)
(0.1302832354 5.81228423e-08 0)
(0.1302832202 5.79157865e-08 0)
(0.1302831918 5.674435853e-08 0)
(0.1302831778 5.661512159e-08 0)
(0.13028315 5.541457465e-08 0)
(0.1302831372 5.536699337e-08 0)
(0.13028311 5.413098594e-08 0)
(0.1302830982 5.416925716e-08 0)
(0.1302830715 5.289223064e-08 0)
(0.1302830609 5.302052039e-08 0)
(0.1302830347 5.169808848e-08 0)
(0.130283025 5.191983892e-08 0)
(0.1302829992 5.054931262e-08 0)
(0.1302829906 5.086622224e-08 0)
(0.1302829652 4.944738994e-08 0)
(0.1302829576 4.985799255e-08 0)
(0.1302829325 4.839431109e-08 0)
(0.1302829258 4.889209515e-08 0)
(0.1302829011 4.739252937e-08 0)
(0.1302828953 4.796348805e-08 0)
(0.1302828708 4.644527544e-08 0)
(0.1302828659 4.706470759e-08 0)
(0.1302828417 4.555750192e-08 0)
(0.1302828377 4.618612648e-08 0)
(0.1302828136 4.473802689e-08 0)
(0.1302828105 4.531814891e-08 0)
(0.1302827865 4.400380404e-08 0)
(0.1302827844 4.445887996e-08 0)
(0.1302827602 4.338667336e-08 0)
(0.1302827592 4.363339389e-08 0)
(0.1302827348 4.293367354e-08 0)
(0.127429525 -4.452295365e-06 0)
(0.1274690979 5.089020123e-06 0)
(0.1274830903 4.964916356e-06 0)
(0.1274757629 7.90712748e-08 0)
(0.1274725221 -2.722090019e-07 0)
(0.1274733638 5.242777381e-07 0)
(0.127473896 4.324190006e-07 0)
(0.1274737549 1.784831927e-07 0)
(0.1274735654 1.321415864e-07 0)
(0.1274734908 1.55443776e-07 0)
(0.1274734411 1.566992801e-07 0)
(0.1274733782 1.479853392e-07 0)
(0.1274733025 1.438414889e-07 0)
(0.1274732312 1.437646571e-07 0)
(0.1274731604 1.427399727e-07 0)
(0.1274730919 1.413350455e-07 0)
(0.1274730225 1.391355383e-07 0)
(0.1274729549 1.373797976e-07 0)
(0.1274728881 1.349853765e-07 0)
(0.1274728226 1.329530612e-07 0)
(0.1274727587 1.303749827e-07 0)
(0.1274726955 1.28232364e-07 0)
(0.1274726346 1.256561394e-07 0)
(0.1274725737 1.235151008e-07 0)
(0.1274725159 1.210196651e-07 0)
(0.1274724574 1.189330255e-07 0)
(0.1274724026 1.165634345e-07 0)
(0.1274723464 1.145555863e-07 0)
(0.1274722945 1.123306259e-07 0)
(0.1274722406 1.104081329e-07 0)
(0.1274721915 1.083327457e-07 0)
(0.1274721399 1.064937709e-07 0)
(0.1274720935 1.045652564e-07 0)
(0.127472044 1.028041189e-07 0)
(0.1274720003 1.010157409e-07 0)
(0.1274719529 9.932549835e-08 0)
(0.1274719116 9.766851877e-08 0)
(0.1274718661 9.604225044e-08 0)
(0.1274718272 9.450711943e-08 0)
(0.1274717836 9.293851757e-08 0)
(0.127471747 9.151562906e-08 0)
(0.1274717052 8.999921103e-08 0)
(0.1274716707 8.867941541e-08 0)
(0.1274716307 8.721050484e-08 0)
(0.1274715982 8.598546339e-08 0)
(0.1274715598 8.456006173e-08 0)
(0.1274715293 8.342249338e-08 0)
(0.1274714925 8.20370778e-08 0)
(0.1274714638 8.098091166e-08 0)
(0.1274714285 7.963222349e-08 0)
(0.1274714016 7.865266538e-08 0)
(0.1274713676 7.733749955e-08 0)
(0.1274713425 7.643102574e-08 0)
(0.1274713097 7.514604987e-08 0)
(0.1274712863 7.431034103e-08 0)
(0.1274712548 7.305193773e-08 0)
(0.1274712329 7.228574557e-08 0)
(0.1274712025 7.104988611e-08 0)
(0.1274711821 7.035287475e-08 0)
(0.1274711527 6.91350227e-08 0)
(0.1274711338 6.850758137e-08 0)
(0.1274711054 6.730261579e-08 0)
(0.1274710879 6.674569441e-08 0)
(0.1274710605 6.554787475e-08 0)
(0.1274710442 6.506287384e-08 0)
(0.1274710176 6.386585696e-08 0)
(0.1274710027 6.345457177e-08 0)
(0.1274709769 6.225150108e-08 0)
(0.1274709631 6.191617062e-08 0)
(0.1274709381 6.069982813e-08 0)
(0.1274709255 6.044320718e-08 0)
(0.1274709012 5.920624232e-08 0)
(0.1274708896 5.903168956e-08 0)
(0.127470866 5.776688756e-08 0)
(0.1274708555 5.767836823e-08 0)
(0.1274708325 5.63789447e-08 0)
(0.127470823 5.638086684e-08 0)
(0.1274708005 5.504079011e-08 0)
(0.127470792 5.513762019e-08 0)
(0.1274707701 5.375198583e-08 0)
(0.1274707624 5.394756127e-08 0)
(0.1274707411 5.251309506e-08 0)
(0.1274707343 5.280960644e-08 0)
(0.1274707134 5.132541853e-08 0)
(0.1274707074 5.172198734e-08 0)
(0.127470687 5.01907379e-08 0)
(0.1274706818 5.06815367e-08 0)
(0.1274706618 4.911126578e-08 0)
(0.1274706573 4.968304716e-08 0)
(0.1274706377 4.808997211e-08 0)
(0.1274706339 4.871879296e-08 0)
(0.1274706147 4.713162438e-08 0)
(0.1274706115 4.777869156e-08 0)
(0.1274705926 4.624520938e-08 0)
(0.1274705902 4.685226869e-08 0)
(0.1274705715 4.544893216e-08 0)
(0.1274705698 4.593596161e-08 0)
(0.1274705512 4.477857211e-08 0)
(0.1274705503 4.505222299e-08 0)
(0.1274705316 4.428815786e-08 0)
(0.1244281821 -4.886554138e-06 0)
(0.1244694858 5.800142751e-06 0)
(0.1244830498 5.085826577e-06 0)
(0.1244755147 -3.633635017e-08 0)
(0.1244725562 -2.313542695e-07 0)
(0.1244734464 5.568383682e-07 0)
(0.1244739305 4.334805189e-07 0)
(0.1244737927 1.847188428e-07 0)
(0.1244736178 1.422566505e-07 0)
(0.1244735474 1.642170388e-07 0)
(0.1244734965 1.650917283e-07 0)
(0.1244734347 1.567269529e-07 0)
(0.1244733597 1.526769332e-07 0)
(0.1244732899 1.525358797e-07 0)
(0.1244732194 1.514330607e-07 0)
(0.1244731523 1.499417426e-07 0)
(0.1244730834 1.476177835e-07 0)
(0.1244730175 1.457255583e-07 0)
(0.1244729515 1.431711531e-07 0)
(0.1244728878 1.409815553e-07 0)
(0.1244728251 1.382274261e-07 0)
(0.1244727639 1.35918004e-07 0)
(0.1244727044 1.331589583e-07 0)
(0.1244726458 1.308487842e-07 0)
(0.1244725898 1.281697229e-07 0)
(0.1244725338 1.259156435e-07 0)
(0.124472481 1.233651416e-07 0)
(0.1244724276 1.211938054e-07 0)
(0.124472378 1.187928329e-07 0)
(0.1244723271 1.167120385e-07 0)
(0.1244722806 1.144668862e-07 0)
(0.1244722322 1.124754175e-07 0)
(0.1244721886 1.103841958e-07 0)
(0.1244721425 1.084766237e-07 0)
(0.1244721017 1.06533042e-07 0)
(0.1244720578 1.047024568e-07 0)
(0.1244720197 1.028979629e-07 0)
(0.1244719779 1.011373523e-07 0)
(0.1244719423 9.946239448e-08 0)
(0.1244719025 9.776529765e-08 0)
(0.1244718693 9.62101324e-08 0)
(0.1244718314 9.457089316e-08 0)
(0.1244718004 9.312613745e-08 0)
(0.1244717644 9.153990845e-08 0)
(0.1244717355 9.019692716e-08 0)
(0.1244717012 8.865955365e-08 0)
(0.1244716742 8.741073226e-08 0)
(0.1244716416 8.591855149e-08 0)
(0.1244716166 8.475747118e-08 0)
(0.1244715854 8.330709731e-08 0)
(0.1244715622 8.222861709e-08 0)
(0.1244715324 8.081672188e-08 0)
(0.1244715109 7.981698775e-08 0)
(0.1244714825 7.844011066e-08 0)
(0.1244714626 7.751649668e-08 0)
(0.1244714354 7.617087646e-08 0)
(0.1244714171 7.532185782e-08 0)
(0.1244713911 7.400329874e-08 0)
(0.1244713742 7.322829332e-08 0)
(0.1244713493 7.193206131e-08 0)
(0.1244713338 7.123123972e-08 0)
(0.1244713099 6.995198098e-08 0)
(0.1244712957 6.932610131e-08 0)
(0.1244712727 6.80578057e-08 0)
(0.1244712598 6.750809725e-08 0)
(0.1244712377 6.624411594e-08 0)
(0.1244712259 6.577222858e-08 0)
(0.1244712046 6.450536694e-08 0)
(0.124471194 6.411342373e-08 0)
(0.1244711735 6.28360986e-08 0)
(0.1244711639 6.252677976e-08 0)
(0.1244711441 6.123125331e-08 0)
(0.1244711355 6.100790165e-08 0)
(0.1244711164 5.968655148e-08 0)
(0.1244711087 5.955318839e-08 0)
(0.1244710903 5.819879808e-08 0)
(0.1244710834 5.815997899e-08 0)
(0.1244710657 5.67660489e-08 0)
(0.1244710596 5.682648869e-08 0)
(0.1244710424 5.538758946e-08 0)
(0.1244710371 5.555148821e-08 0)
(0.1244710206 5.406373362e-08 0)
(0.1244710159 5.433376932e-08 0)
(0.1244709999 5.279553309e-08 0)
(0.1244709959 5.317145323e-08 0)
(0.1244709805 5.158449348e-08 0)
(0.124470977 5.206125516e-08 0)
(0.1244709621 5.043251136e-08 0)
(0.1244709592 5.099781723e-08 0)
(0.1244709448 4.934220642e-08 0)
(0.1244709423 4.997319337e-08 0)
(0.1244709284 4.831804889e-08 0)
(0.1244709264 4.897691503e-08 0)
(0.124470913 4.736904857e-08 0)
(0.1244709114 4.799770198e-08 0)
(0.1244708983 4.651450321e-08 0)
(0.1244708972 4.703028229e-08 0)
(0.1244708845 4.579417445e-08 0)
(0.1244708839 4.609407599e-08 0)
(0.1244708712 4.527001535e-08 0)
(0.1212391541 -5.330791908e-06 0)
(0.1212824095 6.576949962e-06 0)
(0.1212954736 5.151130427e-06 0)
(0.1212877463 -1.572378823e-07 0)
(0.1212850881 -1.807832029e-07 0)
(0.1212860189 5.852791337e-07 0)
(0.121286455 4.312492978e-07 0)
(0.1212863223 1.907043294e-07 0)
(0.1212861619 1.522963085e-07 0)
(0.1212860956 1.727096143e-07 0)
(0.1212860436 1.732699686e-07 0)
(0.1212859832 1.653335794e-07 0)
(0.121285909 1.614038958e-07 0)
(0.121285841 1.611867757e-07 0)
(0.1212857712 1.599951566e-07 0)
(0.1212857059 1.584010272e-07 0)
(0.1212856382 1.55939708e-07 0)
(0.1212855744 1.538897106e-07 0)
(0.12128551 1.511580381e-07 0)
(0.1212854488 1.487883391e-07 0)
(0.1212853881 1.458398286e-07 0)
(0.1212853298 1.433407856e-07 0)
(0.1212852727 1.403803603e-07 0)
(0.1212852174 1.378791632e-07 0)
(0.1212851641 1.349985299e-07 0)
(0.1212851117 1.325567411e-07 0)
(0.121285062 1.298085045e-07 0)
(0.1212850125 1.274554335e-07 0)
(0.1212849664 1.248630539e-07 0)
(0.1212849195 1.226079361e-07 0)
(0.1212848768 1.201791948e-07 0)
(0.1212848326 1.180214815e-07 0)
(0.1212847929 1.157553288e-07 0)
(0.1212847513 1.136897852e-07 0)
(0.1212847146 1.115803335e-07 0)
(0.1212846753 1.095999598e-07 0)
(0.1212846414 1.076387579e-07 0)
(0.1212846044 1.057362932e-07 0)
(0.1212845731 1.039136805e-07 0)
(0.1212845382 1.020823399e-07 0)
(0.1212845093 1.003883185e-07 0)
(0.1212844764 9.862210068e-08 0)
(0.1212844498 9.704693385e-08 0)
(0.1212844188 9.534065774e-08 0)
(0.1212843944 9.387529347e-08 0)
(0.121284365 9.222449923e-08 0)
(0.1212843426 9.086087017e-08 0)
(0.121284315 8.926162289e-08 0)
(0.1212842945 8.79928441e-08 0)
(0.1212842683 8.644151598e-08 0)
(0.1212842496 8.526198276e-08 0)
(0.1212842249 8.375502494e-08 0)
(0.1212842078 8.266043751e-08 0)
(0.1212841844 8.119418027e-08 0)
(0.1212841689 8.01814918e-08 0)
(0.1212841467 7.875196407e-08 0)
(0.1212841327 7.781926131e-08 0)
(0.1212841117 7.64220484e-08 0)
(0.121284099 7.556839324e-08 0)
(0.1212840791 7.419852402e-08 0)
(0.1212840677 7.342376229e-08 0)
(0.1212840487 7.207562252e-08 0)
(0.1212840386 7.138021766e-08 0)
(0.1212840206 7.004751086e-08 0)
(0.1212840115 6.943242178e-08 0)
(0.1212839944 6.8108187e-08 0)
(0.1212839864 6.757482319e-08 0)
(0.1212839701 6.625153074e-08 0)
(0.1212839631 6.580180697e-08 0)
(0.1212839475 6.447151982e-08 0)
(0.1212839414 6.410795367e-08 0)
(0.1212839266 6.276256476e-08 0)
(0.1212839214 6.248839805e-08 0)
(0.1212839073 6.111989957e-08 0)
(0.1212839028 6.093912957e-08 0)
(0.1212838893 5.953989603e-08 0)
(0.1212838855 5.945715242e-08 0)
(0.1212838728 5.802023557e-08 0)
(0.1212838696 5.804041856e-08 0)
(0.1212838575 5.655987376e-08 0)
(0.1212838548 5.668750022e-08 0)
(0.1212838434 5.515882134e-08 0)
(0.1212838412 5.539703579e-08 0)
(0.1212838304 5.3817824e-08 0)
(0.1212838286 5.416701865e-08 0)
(0.1212838185 5.253805052e-08 0)
(0.121283817 5.299404342e-08 0)
(0.1212838075 5.132101233e-08 0)
(0.1212838063 5.187261929e-08 0)
(0.1212837975 5.016889578e-08 0)
(0.1212837965 5.079462668e-08 0)
(0.1212837883 4.908576472e-08 0)
(0.1212837875 4.974929333e-08 0)
(0.1212837799 4.808049732e-08 0)
(0.1212837792 4.872463856e-08 0)
(0.1212837722 4.717328507e-08 0)
(0.1212837717 4.771370925e-08 0)
(0.1212837651 4.640783143e-08 0)
(0.1212837648 4.67325969e-08 0)
(0.1212837586 4.585502354e-08 0)
(0.1178624147 -5.778554243e-06 0)
(0.1179078731 7.418350928e-06 0)
(0.1179203545 5.15484092e-06 0)
(0.1179124575 -2.836099418e-07 0)
(0.1179101164 -1.219337303e-07 0)
(0.1179110785 6.085234051e-07 0)
(0.1179114673 4.260042383e-07 0)
(0.1179113418 1.964942782e-07 0)
(0.1179111955 1.62166235e-07 0)
(0.1179111332 1.808976506e-07 0)
(0.1179110804 1.812241029e-07 0)
(0.1179110218 1.737742674e-07 0)
(0.1179109488 1.699783746e-07 0)
(0.1179108832 1.69663491e-07 0)
(0.1179108147 1.683611012e-07 0)
(0.1179107521 1.666349797e-07 0)
(0.1179106864 1.640115727e-07 0)
(0.1179106259 1.617709167e-07 0)
(0.117910564 1.588345304e-07 0)
(0.1179105067 1.562521859e-07 0)
(0.1179104491 1.530829654e-07 0)
(0.117910395 1.503640678e-07 0)
(0.1179103417 1.471780551e-07 0)
(0.117910291 1.444588169e-07 0)
(0.1179102419 1.413551798e-07 0)
(0.1179101944 1.387023079e-07 0)
(0.1179101494 1.35737861e-07 0)
(0.117910105 1.331833825e-07 0)
(0.1179100638 1.303840141e-07 0)
(0.1179100225 1.279384511e-07 0)
(0.1179099848 1.253132297e-07 0)
(0.1179099463 1.229764326e-07 0)
(0.1179099119 1.205248831e-07 0)
(0.117909876 1.182914906e-07 0)
(0.1179098447 1.160078468e-07 0)
(0.1179098113 1.138704357e-07 0)
(0.1179097829 1.117460763e-07 0)
(0.1179097518 1.096968143e-07 0)
(0.1179097261 1.077217208e-07 0)
(0.1179096971 1.057531998e-07 0)
(0.1179096738 1.039168964e-07 0)
(0.1179096469 1.020225005e-07 0)
(0.1179096259 1.003146979e-07 0)
(0.1179096008 9.848867523e-08 0)
(0.1179095819 9.689972653e-08 0)
(0.1179095585 9.513710669e-08 0)
(0.1179095416 9.365833074e-08 0)
(0.1179095198 9.195473173e-08 0)
(0.1179095047 9.05786293e-08 0)
(0.1179094844 8.893003465e-08 0)
(0.1179094709 8.76503989e-08 0)
(0.1179094521 8.605291818e-08 0)
(0.1179094402 8.48648725e-08 0)
(0.1179094226 8.331452883e-08 0)
(0.1179094121 8.221448001e-08 0)
(0.1179093957 8.070701517e-08 0)
(0.1179093866 7.969254157e-08 0)
(0.1179093713 7.822326283e-08 0)
(0.1179093635 7.72929547e-08 0)
(0.1179093491 7.585661119e-08 0)
(0.1179093425 7.500987924e-08 0)
(0.1179093291 7.360056868e-08 0)
(0.1179093235 7.283747576e-08 0)
(0.117909311 7.144860142e-08 0)
(0.1179093064 7.076973479e-08 0)
(0.1179092947 6.939402265e-08 0)
(0.1179092909 6.880045459e-08 0)
(0.11790928 6.743005068e-08 0)
(0.1179092771 6.692339371e-08 0)
(0.1179092669 6.555002862e-08 0)
(0.1179092648 6.513254754e-08 0)
(0.1179092553 6.374777522e-08 0)
(0.1179092538 6.342252271e-08 0)
(0.117909245 6.201798647e-08 0)
(0.1179092441 6.178885106e-08 0)
(0.117909236 6.035655554e-08 0)
(0.1179092356 6.022816138e-08 0)
(0.1179092281 5.876074726e-08 0)
(0.1179092281 5.873810773e-08 0)
(0.1179092214 5.722914512e-08 0)
(0.1179092217 5.731703562e-08 0)
(0.1179092156 5.576141349e-08 0)
(0.1179092162 5.596340798e-08 0)
(0.1179092108 5.435794509e-08 0)
(0.1179092115 5.467507859e-08 0)
(0.1179092069 5.301952114e-08 0)
(0.1179092077 5.344852303e-08 0)
(0.1179092038 5.174720898e-08 0)
(0.1179092046 5.227814004e-08 0)
(0.1179092014 5.054268904e-08 0)
(0.1179092021 5.115569001e-08 0)
(0.1179091998 4.940951756e-08 0)
(0.1179092003 5.007019307e-08 0)
(0.1179091987 4.835628314e-08 0)
(0.1179091991 4.900910739e-08 0)
(0.1179091983 4.740383535e-08 0)
(0.1179091985 4.79639021e-08 0)
(0.1179091984 4.659968555e-08 0)
(0.1179091984 4.694717797e-08 0)
(0.1179091989 4.602472452e-08 0)
(0.1142979333 -6.221534571e-06 0)
(0.1143458816 8.321390038e-06 0)
(0.1143576853 5.090247053e-06 0)
(0.1143496486 -4.105253402e-07 0)
(0.1143476391 -5.546648003e-08 0)
(0.1143486221 6.258744871e-07 0)
(0.1143489651 4.181571244e-07 0)
(0.1143488489 2.021312785e-07 0)
(0.1143487163 1.717653652e-07 0)
(0.1143486581 1.887451114e-07 0)
(0.1143486052 1.88918771e-07 0)
(0.1143485491 1.819844558e-07 0)
(0.1143484782 1.783153387e-07 0)
(0.1143484161 1.778642285e-07 0)
(0.11434835 1.764120607e-07 0)
(0.1143482916 1.745077587e-07 0)
(0.1143482292 1.71682762e-07 0)
(0.1143481736 1.692053879e-07 0)
(0.114348116 1.660262482e-07 0)
(0.1143480642 1.631896033e-07 0)
(0.1143480115 1.597667651e-07 0)
(0.1143479636 1.5679244e-07 0)
(0.1143479158 1.533535411e-07 0)
(0.1143478716 1.503869996e-07 0)
(0.1143478284 1.470385616e-07 0)
(0.1143477878 1.44151339e-07 0)
(0.114347749 1.409538377e-07 0)
(0.1143477117 1.381800731e-07 0)
(0.114347677 1.351611462e-07 0)
(0.1143476429 1.325119641e-07 0)
(0.1143476119 1.29681285e-07 0)
(0.1143475806 1.271562615e-07 0)
(0.114347553 1.245133079e-07 0)
(0.1143475244 1.221063382e-07 0)
(0.1143475 1.19644929e-07 0)
(0.1143474739 1.173476215e-07 0)
(0.1143474523 1.150585147e-07 0)
(0.1143474284 1.128619948e-07 0)
(0.1143474095 1.107344435e-07 0)
(0.1143473877 1.086302772e-07 0)
(0.1143473711 1.066530235e-07 0)
(0.1143473513 1.046336401e-07 0)
(0.1143473369 1.027955915e-07 0)
(0.1143473188 1.008543823e-07 0)
(0.1143473064 9.914508789e-08 0)
(0.11434729 9.727633387e-08 0)
(0.1143472794 9.568632003e-08 0)
(0.1143472645 9.388499585e-08 0)
(0.1143472556 9.240599267e-08 0)
(0.1143472421 9.066753317e-08 0)
(0.1143472347 8.929259104e-08 0)
(0.1143472224 8.761263587e-08 0)
(0.1143472165 8.633617198e-08 0)
(0.1143472053 8.471033616e-08 0)
(0.1143472007 8.35280895e-08 0)
(0.1143471906 8.195175088e-08 0)
(0.1143471871 8.08606768e-08 0)
(0.114347178 7.932880899e-08 0)
(0.1143471756 7.832691661e-08 0)
(0.1143471674 7.683395214e-08 0)
(0.114347166 7.592011329e-08 0)
(0.1143471587 7.445984212e-08 0)
(0.1143471581 7.363361958e-08 0)
(0.1143471516 7.219914074e-08 0)
(0.1143471518 7.146065543e-08 0)
(0.114347146 7.004439241e-08 0)
(0.114347147 6.939428848e-08 0)
(0.1143471418 6.798808718e-08 0)
(0.1143471434 6.742758623e-08 0)
(0.1143471389 6.602288127e-08 0)
(0.1143471411 6.555390916e-08 0)
(0.1143471372 6.414196236e-08 0)
(0.1143471398 6.376729655e-08 0)
(0.1143471366 6.233945696e-08 0)
(0.1143471396 6.206279243e-08 0)
(0.114347137 6.061075389e-08 0)
(0.1143471403 6.043662587e-08 0)
(0.1143471384 5.895267715e-08 0)
(0.1143471418 5.888613303e-08 0)
(0.1143471406 5.736341257e-08 0)
(0.1143471441 5.740941654e-08 0)
(0.1143471436 5.584224979e-08 0)
(0.1143471471 5.600475205e-08 0)
(0.1143471473 5.43891955e-08 0)
(0.1143471508 5.466985048e-08 0)
(0.1143471517 5.300460597e-08 0)
(0.114347155 5.340107689e-08 0)
(0.1143471568 5.168905902e-08 0)
(0.1143471597 5.219274912e-08 0)
(0.1143471624 5.044367114e-08 0)
(0.1143471649 5.103656884e-08 0)
(0.1143471685 4.927140243e-08 0)
(0.1143471705 4.992145902e-08 0)
(0.1143471751 4.818039697e-08 0)
(0.1143471766 4.883448923e-08 0)
(0.1143471821 4.719189518e-08 0)
(0.114347183 4.776573286e-08 0)
(0.1143471895 4.635698014e-08 0)
(0.1143471899 4.67242869e-08 0)
(0.1143471971 4.576765386e-08 0)
(0.1105456748 -6.649241718e-06 0)
(0.1105964415 9.280494437e-06 0)
(0.110607458 4.951367791e-06 0)
(0.1105993201 -5.32722907e-07 0)
(0.110597654 1.66866997e-08 0)
(0.1105986466 6.365492679e-07 0)
(0.1105989464 4.08107995e-07 0)
(0.1105988414 2.076013314e-07 0)
(0.1105987223 1.809654857e-07 0)
(0.110598669 1.961795718e-07 0)
(0.110598617 1.962650455e-07 0)
(0.1105985649 1.898354722e-07 0)
(0.1105984976 1.862567799e-07 0)
(0.1105984408 1.856074077e-07 0)
(0.1105983792 1.839451744e-07 0)
(0.1105983271 1.817978392e-07 0)
(0.1105982704 1.787172527e-07 0)
(0.110598222 1.759459951e-07 0)
(0.110598171 1.724787456e-07 0)
(0.1105981272 1.693413161e-07 0)
(0.1105980818 1.656302016e-07 0)
(0.1105980424 1.62364761e-07 0)
(0.1105980024 1.586479162e-07 0)
(0.110597967 1.554079028e-07 0)
(0.110597932 1.517977012e-07 0)
(0.1105979003 1.486579592e-07 0)
(0.1105978699 1.452169382e-07 0)
(0.1105978417 1.422122452e-07 0)
(0.1105978154 1.389683753e-07 0)
(0.1105977902 1.361091849e-07 0)
(0.1105977677 1.33071569e-07 0)
(0.1105977454 1.303561279e-07 0)
(0.1105977262 1.275232604e-07 0)
(0.1105977065 1.249438658e-07 0)
(0.1105976904 1.223084197e-07 0)
(0.110597673 1.198550243e-07 0)
(0.1105976596 1.174065756e-07 0)
(0.1105976443 1.150687096e-07 0)
(0.1105976334 1.127953524e-07 0)
(0.11059762 1.105631116e-07 0)
(0.1105976113 1.084524765e-07 0)
(0.1105975996 1.063169757e-07 0)
(0.1105975929 1.043569127e-07 0)
(0.1105975829 1.02310396e-07 0)
(0.110597578 1.004894496e-07 0)
(0.1105975693 9.852521505e-08 0)
(0.110597566 9.683295727e-08 0)
(0.1105975587 9.494514816e-08 0)
(0.1105975569 9.337240256e-08 0)
(0.1105975508 9.155575612e-08 0)
(0.1105975502 9.009471197e-08 0)
(0.1105975452 8.834428227e-08 0)
(0.1105975459 8.698854341e-08 0)
(0.1105975418 8.529945008e-08 0)
(0.1105975435 8.404398808e-08 0)
(0.1105975403 8.241118268e-08 0)
(0.110597543 8.125223578e-08 0)
(0.1105975406 7.967031756e-08 0)
(0.1105975442 7.860522371e-08 0)
(0.1105975425 7.706828734e-08 0)
(0.1105975468 7.609529376e-08 0)
(0.1105975459 7.459681786e-08 0)
(0.1105975508 7.371490465e-08 0)
(0.1105975505 7.224769663e-08 0)
(0.1105975561 7.145643931e-08 0)
(0.1105975563 7.001264834e-08 0)
(0.1105975624 6.931218594e-08 0)
(0.1105975632 6.788339995e-08 0)
(0.1105975697 6.727448706e-08 0)
(0.110597571 6.585190016e-08 0)
(0.1105975778 6.533604768e-08 0)
(0.1105975797 6.39106963e-08 0)
(0.1105975868 6.349032771e-08 0)
(0.1105975892 6.205334226e-08 0)
(0.1105975964 6.173187815e-08 0)
(0.1105975995 6.027472297e-08 0)
(0.1105976067 6.005652581e-08 0)
(0.1105976103 5.85712206e-08 0)
(0.1105976175 5.846128754e-08 0)
(0.1105976218 5.694061861e-08 0)
(0.1105976288 5.694402225e-08 0)
(0.1105976338 5.538182169e-08 0)
(0.1105976405 5.55028191e-08 0)
(0.1105976463 5.38944341e-08 0)
(0.1105976526 5.413525327e-08 0)
(0.1105976592 5.247836576e-08 0)
(0.110597665 5.283759682e-08 0)
(0.1105976725 5.1133676e-08 0)
(0.1105976777 5.16041249e-08 0)
(0.1105976862 4.986087723e-08 0)
(0.1105976906 5.042655085e-08 0)
(0.1105977002 4.866226213e-08 0)
(0.1105977038 4.929382469e-08 0)
(0.1105977144 4.75453848e-08 0)
(0.1105977171 4.819283115e-08 0)
(0.1105977289 4.653158436e-08 0)
(0.1105977307 4.711250837e-08 0)
(0.1105977436 4.567516967e-08 0)
(0.1105977444 4.605859695e-08 0)
(0.1105977584 4.508037043e-08 0)
(0.1066055983 -7.048702963e-06 0)
(0.1066595609 1.028693566e-05 0)
(0.1066696646 4.733382446e-06 0)
(0.1066614732 -6.452377419e-07 0)
(0.1066601588 9.231908324e-08 0)
(0.1066611493 6.399536105e-07 0)
(0.1066614094 3.962639841e-07 0)
(0.1066613179 2.128190663e-07 0)
(0.1066612127 1.895821696e-07 0)
(0.1066611657 2.030499904e-07 0)
(0.1066611169 2.030739373e-07 0)
(0.1066610712 1.970880691e-07 0)
(0.1066610102 1.935276823e-07 0)
(0.1066609617 1.925921687e-07 0)
(0.1066609077 1.906398497e-07 0)
(0.1066608651 1.88170731e-07 0)
(0.1066608172 1.847727291e-07 0)
(0.1066607793 1.816474844e-07 0)
(0.106660738 1.778482001e-07 0)
(0.1066607052 1.743677829e-07 0)
(0.1066606701 1.703408654e-07 0)
(0.106660642 1.667571306e-07 0)
(0.1066606125 1.627475592e-07 0)
(0.1066605885 1.592185158e-07 0)
(0.1066605641 1.55341265e-07 0)
(0.1066605438 1.519421896e-07 0)
(0.1066605239 1.482591907e-07 0)
(0.1066605068 1.450232337e-07 0)
(0.106660491 1.415607623e-07 0)
(0.1066604768 1.38496007e-07 0)
(0.1066604645 1.352611008e-07 0)
(0.1066604529 1.323632066e-07 0)
(0.1066604438 1.293522934e-07 0)
(0.1066604344 1.266110298e-07 0)
(0.1066604281 1.2381486e-07 0)
(0.1066604208 1.212178318e-07 0)
(0.1066604169 1.186242445e-07 0)
(0.1066604113 1.16158865e-07 0)
(0.1066604096 1.137544024e-07 0)
(0.1066604057 1.114088978e-07 0)
(0.1066604059 1.091798e-07 0)
(0.1066604034 1.069436617e-07 0)
(0.1066604053 1.048765223e-07 0)
(0.1066604041 1.027406059e-07 0)
(0.1066604075 1.008228214e-07 0)
(0.1066604075 9.877925319e-08 0)
(0.1066604122 9.699933391e-08 0)
(0.1066604132 9.504127933e-08 0)
(0.1066604191 9.338905758e-08 0)
(0.106660421 9.151044429e-08 0)
(0.1066604278 8.997717709e-08 0)
(0.1066604306 8.817239111e-08 0)
(0.1066604384 8.675080482e-08 0)
(0.1066604418 8.501441317e-08 0)
(0.1066604504 8.369865145e-08 0)
(0.1066604545 8.202514462e-08 0)
(0.1066604637 8.08106698e-08 0)
(0.1066604684 7.919425761e-08 0)
(0.1066604782 7.807767836e-08 0)
(0.1066604834 7.651212063e-08 0)
(0.1066604938 7.549100295e-08 0)
(0.1066604994 7.396948656e-08 0)
(0.1066605102 7.304217145e-08 0)
(0.1066605163 7.155724729e-08 0)
(0.1066605274 7.072271002e-08 0)
(0.1066605339 6.926630284e-08 0)
(0.1066605453 6.852412172e-08 0)
(0.1066605522 6.708762532e-08 0)
(0.1066605637 6.643803099e-08 0)
(0.1066605711 6.501247583e-08 0)
(0.1066605826 6.445650413e-08 0)
(0.1066605904 6.303278957e-08 0)
(0.106660602 6.257244352e-08 0)
(0.1066606102 6.114157886e-08 0)
(0.1066606216 6.07799317e-08 0)
(0.1066606303 5.933325589e-08 0)
(0.1066606416 5.907441586e-08 0)
(0.1066606508 5.760378659e-08 0)
(0.1066606618 5.74526131e-08 0)
(0.1066606716 5.595057058e-08 0)
(0.1066606821 5.591215434e-08 0)
(0.1066606926 5.437213746e-08 0)
(0.1066607026 5.445095674e-08 0)
(0.1066607138 5.286769112e-08 0)
(0.1066607232 5.306647801e-08 0)
(0.1066607352 5.143669136e-08 0)
(0.1066607438 5.175492482e-08 0)
(0.1066607568 5.00786687e-08 0)
(0.1066607644 5.05105777e-08 0)
(0.1066607785 4.879351171e-08 0)
(0.106660785 4.93252417e-08 0)
(0.1066608002 4.758279565e-08 0)
(0.1066608056 4.818803097e-08 0)
(0.1066608221 4.645335485e-08 0)
(0.1066608261 4.70858761e-08 0)
(0.106660844 4.542631765e-08 0)
(0.1066608466 4.600691507e-08 0)
(0.1066608659 4.455875752e-08 0)
(0.1066608671 4.495384623e-08 0)
(0.1066608877 4.396821913e-08 0)
(0.1024776568 -7.404155838e-06 0)
(0.1025352498 1.132830563e-05 0)
(0.1025442967 4.43284992e-06 0)
(0.1025361094 -7.4329221e-07 0)
(0.102535151 1.694850511e-07 0)
(0.1025361278 6.35820446e-07 0)
(0.1025363532 3.83002433e-07 0)
(0.1025362784 2.175771103e-07 0)
(0.1025361887 1.973122843e-07 0)
(0.1025361512 2.090565203e-07 0)
(0.1025361093 2.089895093e-07 0)
(0.1025360742 2.033335821e-07 0)
(0.1025360236 1.996874889e-07 0)
(0.1025359879 1.98361282e-07 0)
(0.1025359457 1.960319342e-07 0)
(0.1025359169 1.931635278e-07 0)
(0.1025358819 1.893940854e-07 0)
(0.1025358585 1.858674615e-07 0)
(0.1025358305 1.817083213e-07 0)
(0.1025358123 1.778607161e-07 0)
(0.1025357907 1.735098503e-07 0)
(0.102535777 1.69600204e-07 0)
(0.1025357609 1.653030104e-07 0)
(0.1025357511 1.614884878e-07 0)
(0.1025357397 1.573578607e-07 0)
(0.1025357332 1.537103605e-07 0)
(0.102535726 1.498043511e-07 0)
(0.1025357222 1.463528041e-07 0)
(0.1025357187 1.426937941e-07 0)
(0.1025357173 1.394421923e-07 0)
(0.1025357169 1.360336981e-07 0)
(0.1025357176 1.329739729e-07 0)
(0.1025357199 1.298094003e-07 0)
(0.1025357223 1.269280312e-07 0)
(0.102535727 1.239955866e-07 0)
(0.102535731 1.212773117e-07 0)
(0.1025357377 1.185626995e-07 0)
(0.102535743 1.159924543e-07 0)
(0.1025357514 1.134804156e-07 0)
(0.1025357579 1.110442993e-07 0)
(0.1025357678 1.087195339e-07 0)
(0.1025357752 1.064052265e-07 0)
(0.1025357865 1.042529879e-07 0)
(0.1025357948 1.02049817e-07 0)
(0.1025358071 1.000563102e-07 0)
(0.1025358162 9.795512646e-08 0)
(0.1025358295 9.610778115e-08 0)
(0.1025358392 9.41006964e-08 0)
(0.1025358533 9.238834663e-08 0)
(0.1025358636 9.046842619e-08 0)
(0.1025358783 8.888139406e-08 0)
(0.1025358891 8.70423236e-08 0)
(0.1025359044 8.557245405e-08 0)
(0.1025359156 8.380823385e-08 0)
(0.1025359313 8.24488355e-08 0)
(0.1025359429 8.075349795e-08 0)
(0.1025359589 7.949924551e-08 0)
(0.1025359708 7.786662953e-08 0)
(0.1025359872 7.671338651e-08 0)
(0.1025359993 7.513695052e-08 0)
(0.1025360159 7.408158271e-08 0)
(0.1025360282 7.255426925e-08 0)
(0.1025360449 7.159445611e-08 0)
(0.1025360575 7.010862049e-08 0)
(0.1025360742 6.92427129e-08 0)
(0.102536087 6.779012956e-08 0)
(0.1025361037 6.701711696e-08 0)
(0.1025361168 6.558907212e-08 0)
(0.1025361334 6.490862878e-08 0)
(0.1025361466 6.349608794e-08 0)
(0.102536163 6.290873505e-08 0)
(0.1025361766 6.150256967e-08 0)
(0.1025361927 6.100983981e-08 0)
(0.1025362065 5.960105633e-08 0)
(0.1025362223 5.920561361e-08 0)
(0.1025362365 5.778555072e-08 0)
(0.1025362519 5.749117269e-08 0)
(0.1025362665 5.605165558e-08 0)
(0.1025362813 5.586297491e-08 0)
(0.1025362964 5.439642877e-08 0)
(0.1025363105 5.431845495e-08 0)
(0.1025363263 5.281805508e-08 0)
(0.1025363396 5.285538549e-08 0)
(0.102536356 5.131535912e-08 0)
(0.1025363684 5.147113571e-08 0)
(0.1025363857 4.988736541e-08 0)
(0.1025363969 5.016188484e-08 0)
(0.1025364153 4.853308531e-08 0)
(0.1025364252 4.8921977e-08 0)
(0.1025364447 4.725178598e-08 0)
(0.1025364533 4.774339872e-08 0)
(0.102536474 4.604429918e-08 0)
(0.102536481 4.661557649e-08 0)
(0.1025365031 4.49166306e-08 0)
(0.1025365084 4.552573829e-08 0)
(0.1025365321 4.388937962e-08 0)
(0.1025365356 4.44616234e-08 0)
(0.1025365609 4.302180434e-08 0)
(0.1025365626 4.342336896e-08 0)
(0.1025365895 4.244577455e-08 0)
(0.09816179626 -7.696704355e-06 0)
(0.09822352061 1.238789207e-05 0)
(0.09823134609 4.048075349e-06 0)
(0.0982232311 -8.222056406e-07 0)
(0.09822262848 2.453635741e-07 0)
(0.09822358139 6.239211042e-07 0)
(0.09822377947 3.685010172e-07 0)
(0.09822372627 2.214307384e-07 0)
(0.09822365616 2.036285693e-07 0)
(0.09822363346 2.136555643e-07 0)
(0.09822360464 2.13413363e-07 0)
(0.09822358617 2.079396898e-07 0)
(0.09822355204 2.040963377e-07 0)
(0.09822353474 2.022857142e-07 0)
(0.09822350983 1.995134546e-07 0)
(0.09822349988 1.961965443e-07 0)
(0.09822348247 1.920338039e-07 0)
(0.09822347785 1.880928807e-07 0)
(0.09822346721 1.835807043e-07 0)
(0.09822346732 1.793756527e-07 0)
(0.09822346244 1.747252015e-07 0)
(0.09822346632 1.705126507e-07 0)
(0.09822346628 1.659617393e-07 0)
(0.09822347319 1.618918356e-07 0)
(0.09822347724 1.575463608e-07 0)
(0.09822348658 1.536839604e-07 0)
(0.09822349407 1.495951588e-07 0)
(0.09822350538 1.459628598e-07 0)
(0.09822351578 1.421475236e-07 0)
(0.09822352868 1.387440473e-07 0)
(0.09822354154 1.352012147e-07 0)
(0.09822355573 1.320141207e-07 0)
(0.09822357065 1.287336547e-07 0)
(0.0982235859 1.257457906e-07 0)
(0.09822360255 1.227130905e-07 0)
(0.09822361867 1.199061525e-07 0)
(0.09822363675 1.171046798e-07 0)
(0.09822365357 1.14461041e-07 0)
(0.09822367284 1.118737203e-07 0)
(0.09822369023 1.093773157e-07 0)
(0.09822371047 1.069873476e-07 0)
(0.09822372832 1.046240338e-07 0)
(0.09822374934 1.024154034e-07 0)
(0.09822376756 1.001729807e-07 0)
(0.09822378919 9.8130789e-08 0)
(0.09822380769 9.599884102e-08 0)
(0.09822382979 9.41095285e-08 0)
(0.09822384851 9.207912792e-08 0)
(0.09822387096 9.03306175e-08 0)
(0.09822388983 8.839398811e-08 0)
(0.09822391253 8.677574566e-08 0)
(0.0982239315 8.492590087e-08 0)
(0.09822395435 8.342895677e-08 0)
(0.09822397337 8.165936646e-08 0)
(0.0982239963 8.027624913e-08 0)
(0.09822401534 7.858053361e-08 0)
(0.09822403827 7.730517291e-08 0)
(0.0982240573 7.567685601e-08 0)
(0.09822408016 7.450440273e-08 0)
(0.09822409916 7.293670778e-08 0)
(0.0982241219 7.18633514e-08 0)
(0.09822414086 7.034905327e-08 0)
(0.09822416342 6.937182789e-08 0)
(0.09822418235 6.790317356e-08 0)
(0.09822420466 6.701981637e-08 0)
(0.09822422356 6.558852776e-08 0)
(0.09822424557 6.479744229e-08 0)
(0.09822426447 6.339480611e-08 0)
(0.09822428611 6.269510588e-08 0)
(0.09822430505 6.131214075e-08 0)
(0.09822432625 6.070381647e-08 0)
(0.09822434526 5.933149296e-08 0)
(0.09822436594 5.881557617e-08 0)
(0.09822438511 5.744503294e-08 0)
(0.09822440518 5.702373079e-08 0)
(0.09822442457 5.564644814e-08 0)
(0.09822444394 5.532313842e-08 0)
(0.09822446363 5.393105661e-08 0)
(0.09822448219 5.371005679e-08 0)
(0.0982245023 5.229563843e-08 0)
(0.09822451992 5.218176975e-08 0)
(0.09822454057 5.073808295e-08 0)
(0.09822455712 5.073594388e-08 0)
(0.09822457845 4.925687513e-08 0)
(0.09822459377 4.936989781e-08 0)
(0.09822461593 4.785063792e-08 0)
(0.09822462987 4.807983044e-08 0)
(0.09822465304 4.651789406e-08 0)
(0.09822466541 4.686021708e-08 0)
(0.09822468977 4.525731456e-08 0)
(0.0982247004 4.570332463e-08 0)
(0.09822472614 4.406898696e-08 0)
(0.09822473484 4.45990485e-08 0)
(0.09822476214 4.295800404e-08 0)
(0.09822476876 4.353517891e-08 0)
(0.09822479779 4.194411762e-08 0)
(0.09822480217 4.249951145e-08 0)
(0.09822483305 4.108807138e-08 0)
(0.09822483512 4.149026338e-08 0)
(0.09822486788 4.053693377e-08 0)
(0.09365795385 -7.903939406e-06 0)
(0.09372438833 1.344397051e-05 0)
(0.09373080426 3.579628774e-06 0)
(0.0937228417 -8.778164293e-07 0)
(0.09372259067 3.166250418e-07 0)
(0.09372351271 6.040341242e-07 0)
(0.09372369492 3.525701087e-07 0)
(0.09372367157 2.235511415e-07 0)
(0.09372362856 2.076548968e-07 0)
(0.09372362924 2.159698778e-07 0)
(0.09372362208 2.154544033e-07 0)
(0.09372362822 2.100345233e-07 0)
(0.09372361786 2.059263557e-07 0)
(0.09372362565 2.035958678e-07 0)
(0.09372362401 2.003771493e-07 0)
(0.09372363826 1.966257743e-07 0)
(0.09372364314 1.921081871e-07 0)
(0.0937236615 1.877971498e-07 0)
(0.09372367185 1.829907676e-07 0)
(0.09372369351 1.784855235e-07 0)
(0.09372370829 1.736023431e-07 0)
(0.09372373228 1.691481604e-07 0)
(0.09372375061 1.644115766e-07 0)
(0.09372377629 1.601469372e-07 0)
(0.0937237975 1.556525628e-07 0)
(0.09372382435 1.516332442e-07 0)
(0.0937238479 1.474240704e-07 0)
(0.09372387556 1.436656064e-07 0)
(0.09372390101 1.397523404e-07 0)
(0.09372392921 1.36248076e-07 0)
(0.09372395619 1.326252256e-07 0)
(0.0937239847 1.293585122e-07 0)
(0.0937240129 1.260125444e-07 0)
(0.09372404158 1.229628577e-07 0)
(0.09372407072 1.19876594e-07 0)
(0.09372409945 1.170228632e-07 0)
(0.09372412931 1.141777802e-07 0)
(0.09372415799 1.115000707e-07 0)
(0.09372418836 1.088775393e-07 0)
(0.09372421692 1.063578448e-07 0)
(0.09372424763 1.03939822e-07 0)
(0.09372427602 1.015623635e-07 0)
(0.09372430691 9.933180893e-08 0)
(0.09372433508 9.70830165e-08 0)
(0.09372436604 9.502415327e-08 0)
(0.09372439395 9.289247411e-08 0)
(0.09372442486 9.099095975e-08 0)
(0.09372445248 8.89665386e-08 0)
(0.09372448326 8.720956974e-08 0)
(0.09372451057 8.528388657e-08 0)
(0.09372454114 8.366023529e-08 0)
(0.09372456812 8.182572143e-08 0)
(0.09372459841 8.032574313e-08 0)
(0.09372462505 7.857542537e-08 0)
(0.09372465501 7.719098692e-08 0)
(0.09372468129 7.551816194e-08 0)
(0.09372471088 7.424254705e-08 0)
(0.0937247368 7.26405155e-08 0)
(0.09372476597 7.146824451e-08 0)
(0.09372479155 6.993009195e-08 0)
(0.09372482026 6.885674601e-08 0)
(0.0937248455 6.73751833e-08 0)
(0.09372487371 6.639720714e-08 0)
(0.09372489864 6.496448379e-08 0)
(0.09372492631 6.407904732e-08 0)
(0.09372495096 6.268695087e-08 0)
(0.09372497805 6.189190704e-08 0)
(0.09372500247 6.053185024e-08 0)
(0.09372502891 5.982577663e-08 0)
(0.09372505315 5.848896404e-08 0)
(0.09372507889 5.787133005e-08 0)
(0.09372510302 5.654897064e-08 0)
(0.09372512799 5.602029745e-08 0)
(0.09372515209 5.470380765e-08 0)
(0.09372517622 5.426581335e-08 0)
(0.09372520038 5.294696695e-08 0)
(0.09372522356 5.260257046e-08 0)
(0.0937252479 5.127358157e-08 0)
(0.09372527003 5.102669969e-08 0)
(0.09372529468 4.968023577e-08 0)
(0.09372531563 4.953538933e-08 0)
(0.09372534072 4.816458928e-08 0)
(0.09372536036 4.812624596e-08 0)
(0.09372538607 4.672484431e-08 0)
(0.09372540423 4.679658166e-08 0)
(0.09372543073 4.535927446e-08 0)
(0.09372544724 4.554266911e-08 0)
(0.09372547475 4.406596581e-08 0)
(0.09372548942 4.435918934e-08 0)
(0.09372551815 4.284304149e-08 0)
(0.09372553077 4.323879546e-08 0)
(0.09372556096 4.168986954e-08 0)
(0.09372557132 4.217201323e-08 0)
(0.09372560319 4.061057119e-08 0)
(0.09372561109 4.114746474e-08 0)
(0.09372564487 3.962373937e-08 0)
(0.09372565012 4.015349387e-08 0)
(0.09372568599 3.87907881e-08 0)
(0.09372568849 3.918718496e-08 0)
(0.0937257265 3.827464977e-08 0)
(0.08896605682 -7.999506734e-06 0)
(0.08903787073 1.446903418e-05 0)
(0.08904266338 3.030814881e-06 0)
(0.08903494725 -9.069661228e-07 0)
(0.08903504177 3.79450942e-07 0)
(0.08903593266 5.757125532e-07 0)
(0.08903611653 3.343998091e-07 0)
(0.08903613594 2.225646679e-07 0)
(0.08903613158 2.080744205e-07 0)
(0.08903616705 2.147635116e-07 0)
(0.089036192 2.139582768e-07 0)
(0.0890362317 2.085726932e-07 0)
(0.08903625282 2.04249388e-07 0)
(0.08903629219 2.014795984e-07 0)
(0.08903631932 1.979166276e-07 0)
(0.08903636238 1.938399684e-07 0)
(0.08903639344 1.890882905e-07 0)
(0.08903643801 1.845234524e-07 0)
(0.08903647213 1.795429463e-07 0)
(0.08903651763 1.748479112e-07 0)
(0.08903655403 1.698438525e-07 0)
(0.08903659979 1.652484542e-07 0)
(0.08903663788 1.604276323e-07 0)
(0.0890366835 1.560581275e-07 0)
(0.08903672286 1.515060631e-07 0)
(0.08903676805 1.474100458e-07 0)
(0.08903680834 1.431624734e-07 0)
(0.08903685293 1.393496888e-07 0)
(0.08903689387 1.354123612e-07 0)
(0.08903693772 1.318720264e-07 0)
(0.08903697908 1.282359557e-07 0)
(0.08903702213 1.249482982e-07 0)
(0.08903706371 1.215974366e-07 0)
(0.0890371059 1.185394576e-07 0)
(0.08903714753 1.154547834e-07 0)
(0.08903718884 1.126033738e-07 0)
(0.08903723037 1.097649941e-07 0)
(0.08903727079 1.070984979e-07 0)
(0.08903731208 1.044867534e-07 0)
(0.08903735162 1.019856931e-07 0)
(0.08903739256 9.958174915e-08 0)
(0.08903743122 9.722908694e-08 0)
(0.08903747171 9.501527356e-08 0)
(0.08903750952 9.279637119e-08 0)
(0.08903754949 9.075638271e-08 0)
(0.08903758645 8.86587949e-08 0)
(0.08903762582 8.677781429e-08 0)
(0.08903766196 8.479095744e-08 0)
(0.08903770069 8.305572632e-08 0)
(0.08903773602 8.117050403e-08 0)
(0.08903777407 7.956933823e-08 0)
(0.08903780862 7.777774521e-08 0)
(0.08903784595 7.630053057e-08 0)
(0.08903787973 7.459528246e-08 0)
(0.08903791632 7.323340127e-08 0)
(0.08903794937 7.160759577e-08 0)
(0.08903798519 7.035383611e-08 0)
(0.08903801753 6.880067271e-08 0)
(0.08903805258 6.76490529e-08 0)
(0.08903808424 6.616160199e-08 0)
(0.08903811849 6.510720404e-08 0)
(0.08903814952 6.36782374e-08 0)
(0.08903818296 6.27170099e-08 0)
(0.08903821339 6.13389082e-08 0)
(0.089038246 6.046753394e-08 0)
(0.0890382759 5.913228289e-08 0)
(0.08903830765 5.834813023e-08 0)
(0.08903833707 5.704740541e-08 0)
(0.08903836792 5.634856876e-08 0)
(0.08903839694 5.50739013e-08 0)
(0.08903842685 5.445936261e-08 0)
(0.08903845556 5.320234385e-08 0)
(0.08903848446 5.267212612e-08 0)
(0.08903851296 5.142459813e-08 0)
(0.08903854079 5.097991535e-08 0)
(0.08903856919 4.973409846e-08 0)
(0.08903859585 4.937736397e-08 0)
(0.08903862428 4.812590719e-08 0)
(0.08903864968 4.786055811e-08 0)
(0.08903867829 4.659650727e-08 0)
(0.08903870229 4.642665118e-08 0)
(0.08903873125 4.514340747e-08 0)
(0.08903875372 4.507323952e-08 0)
(0.08903878321 4.376459906e-08 0)
(0.08903880398 4.379767544e-08 0)
(0.08903883422 4.245807635e-08 0)
(0.08903885311 4.259636278e-08 0)
(0.08903888433 4.122156226e-08 0)
(0.08903890112 4.146426537e-08 0)
(0.08903893359 4.005270337e-08 0)
(0.08903894806 4.039453085e-08 0)
(0.08903898204 3.895019772e-08 0)
(0.08903899395 3.937847613e-08 0)
(0.08903902972 3.791716103e-08 0)
(0.08903903883 3.84058212e-08 0)
(0.08903907666 3.697072815e-08 0)
(0.08903908275 3.746596861e-08 0)
(0.08903912288 3.617205832e-08 0)
(0.08903912579 3.655577976e-08 0)
(0.08903916833 3.570032019e-08 0)
(0.08408601966 -7.952573956e-06 0)
(0.08416398855 1.542889937e-05 0)
(0.08416691822 2.40791402e-06 0)
(0.08415956113 -9.081844955e-07 0)
(0.08415999754 4.292143348e-07 0)
(0.08416086753 5.378894202e-07 0)
(0.08416107815 3.123169229e-07 0)
(0.08416115786 2.164896871e-07 0)
(0.08416120669 2.031758277e-07 0)
(0.08416128952 2.085648842e-07 0)
(0.08416135697 2.076731018e-07 0)
(0.08416143821 2.025155205e-07 0)
(0.0841614971 1.982142845e-07 0)
(0.08416157278 1.952466211e-07 0)
(0.08416163243 1.915732163e-07 0)
(0.08416170704 1.873886533e-07 0)
(0.08416176645 1.826098265e-07 0)
(0.08416183879 1.779782369e-07 0)
(0.08416189788 1.729998247e-07 0)
(0.08416196806 1.682719475e-07 0)
(0.08416202669 1.632960378e-07 0)
(0.0841620946 1.586912908e-07 0)
(0.08416215269 1.539131457e-07 0)
(0.08416221834 1.495506577e-07 0)
(0.08416227582 1.450502768e-07 0)
(0.08416233924 1.409737354e-07 0)
(0.08416239606 1.367831884e-07 0)
(0.0841624573 1.329998435e-07 0)
(0.08416251339 1.291226088e-07 0)
(0.08416257253 1.256200214e-07 0)
(0.08416262784 1.220455926e-07 0)
(0.08416268496 1.188027185e-07 0)
(0.08416273942 1.15514004e-07 0)
(0.08416279459 1.125067721e-07 0)
(0.08416284814 1.094840264e-07 0)
(0.08416290145 1.066883655e-07 0)
(0.08416295404 1.039112041e-07 0)
(0.08416300559 1.013045736e-07 0)
(0.08416305716 9.875301611e-08 0)
(0.08416310702 9.631512517e-08 0)
(0.08416315754 9.397013596e-08 0)
(0.08416320581 9.168320851e-08 0)
(0.08416325522 8.952699109e-08 0)
(0.08416330198 8.737573483e-08 0)
(0.08416335027 8.539189077e-08 0)
(0.08416339558 8.336329947e-08 0)
(0.08416344273 8.153691885e-08 0)
(0.08416348668 7.961994884e-08 0)
(0.08416353268 7.793765335e-08 0)
(0.08416357533 7.612285297e-08 0)
(0.08416362017 7.457279648e-08 0)
(0.08416366158 7.285191114e-08 0)
(0.08416370527 7.142376667e-08 0)
(0.08416374551 6.978936549e-08 0)
(0.08416378805 6.847425439e-08 0)
(0.08416382717 6.69193865e-08 0)
(0.08416386858 6.570979382e-08 0)
(0.08416390664 6.422769993e-08 0)
(0.08416394693 6.311730891e-08 0)
(0.08416398399 6.170118299e-08 0)
(0.08416402316 6.068472014e-08 0)
(0.08416405929 5.93275325e-08 0)
(0.08416409736 5.840057523e-08 0)
(0.08416413262 5.7094976e-08 0)
(0.08416416958 5.625382874e-08 0)
(0.08416420405 5.499214086e-08 0)
(0.0841642399 5.423378009e-08 0)
(0.08416427367 5.300808194e-08 0)
(0.08416430837 5.233019625e-08 0)
(0.08416434153 5.113248561e-08 0)
(0.08416437507 5.053362567e-08 0)
(0.08416440771 4.935601628e-08 0)
(0.08416444004 4.883573969e-08 0)
(0.08416447229 4.767064004e-08 0)
(0.08416450334 4.722965932e-08 0)
(0.08416453532 4.606988053e-08 0)
(0.08416456503 4.57100718e-08 0)
(0.08416459688 4.454885064e-08 0)
(0.08416462514 4.427310329e-08 0)
(0.08416465704 4.310403273e-08 0)
(0.08416468372 4.291593387e-08 0)
(0.08416471585 4.173287152e-08 0)
(0.08416474082 4.163619938e-08 0)
(0.0841647734 4.043323093e-08 0)
(0.08416479648 4.043133829e-08 0)
(0.08416482974 3.920291234e-08 0)
(0.08416485075 3.929794166e-08 0)
(0.08416488495 3.803937006e-08 0)
(0.08416490366 3.823132934e-08 0)
(0.0841649391 3.693986876e-08 0)
(0.08416495525 3.722524659e-08 0)
(0.08416499225 3.590251082e-08 0)
(0.08416500558 3.627195276e-08 0)
(0.08416504445 3.492939562e-08 0)
(0.08416505468 3.536251926e-08 0)
(0.08416509576 3.403591447e-08 0)
(0.08416510262 3.44879194e-08 0)
(0.0841651462 3.328194321e-08 0)
(0.08416514949 3.364579572e-08 0)
(0.08416519574 3.28628682e-08 0)
(0.07901773989 -7.727149735e-06 0)
(0.07910276725 1.628151754e-05 0)
(0.07910357288 1.719791422e-06 0)
(0.07909671426 -8.828643114e-07 0)
(0.07909749654 4.600401599e-07 0)
(0.07909836858 4.885621911e-07 0)
(0.07909863708 2.837803947e-07 0)
(0.07909879632 2.029499944e-07 0)
(0.07909891221 1.911567106e-07 0)
(0.07909905252 1.960003808e-07 0)
(0.07909916961 1.955702462e-07 0)
(0.07909929675 1.91115605e-07 0)
(0.07909939615 1.87287803e-07 0)
(0.07909950951 1.845263233e-07 0)
(0.07909960235 1.810952597e-07 0)
(0.07909970847 1.77108872e-07 0)
(0.07909979592 1.725734006e-07 0)
(0.07909989535 1.681103213e-07 0)
(0.07909997866 1.633446523e-07 0)
(0.07910007256 1.58767905e-07 0)
(0.07910015248 1.539884927e-07 0)
(0.07910024145 1.495222427e-07 0)
(0.07910031849 1.449251858e-07 0)
(0.07910040303 1.40691666e-07 0)
(0.07910047755 1.363596453e-07 0)
(0.07910055804 1.324054714e-07 0)
(0.07910063026 1.283722998e-07 0)
(0.07910070701 1.247068099e-07 0)
(0.07910077713 1.209772934e-07 0)
(0.0791008504 1.1758954e-07 0)
(0.07910091852 1.141541163e-07 0)
(0.07910098855 1.110240151e-07 0)
(0.07910105476 1.078662913e-07 0)
(0.07910112177 1.049703352e-07 0)
(0.07910118612 1.020711245e-07 0)
(0.07910125032 9.93855166e-08 0)
(0.07910131285 9.672492608e-08 0)
(0.07910137442 9.422719927e-08 0)
(0.07910143517 9.17857114e-08 0)
(0.07910149428 8.945551531e-08 0)
(0.07910155328 8.721453981e-08 0)
(0.07910161009 8.503395934e-08 0)
(0.07910166737 8.297612158e-08 0)
(0.07910172203 8.092968917e-08 0)
(0.07910177761 7.903897269e-08 0)
(0.07910183026 7.711350516e-08 0)
(0.07910188418 7.537532378e-08 0)
(0.07910193494 7.355962738e-08 0)
(0.07910198722 7.196085105e-08 0)
(0.07910203621 7.024537253e-08 0)
(0.07910208689 6.877431939e-08 0)
(0.07910213422 6.715076656e-08 0)
(0.07910218335 6.579718482e-08 0)
(0.0791022291 6.425816279e-08 0)
(0.07910227671 6.301316664e-08 0)
(0.07910232099 6.155183883e-08 0)
(0.07910236713 6.040783169e-08 0)
(0.07910241002 5.901763085e-08 0)
(0.07910245472 5.796815493e-08 0)
(0.07910249631 5.664254236e-08 0)
(0.07910253961 5.568213726e-08 0)
(0.07910257999 5.441442203e-08 0)
(0.07910262192 5.353844249e-08 0)
(0.07910266118 5.232168242e-08 0)
(0.07910270175 5.152618477e-08 0)
(0.07910274 5.035317643e-08 0)
(0.07910277923 4.963485858e-08 0)
(0.07910281655 4.849821747e-08 0)
(0.07910285443 4.785445891e-08 0)
(0.07910289094 4.674678013e-08 0)
(0.07910292747 4.617577509e-08 0)
(0.07910296328 4.508982182e-08 0)
(0.07910299841 4.45907137e-08 0)
(0.07910303365 4.351958512e-08 0)
(0.07910306735 4.309260517e-08 0)
(0.07910310216 4.202982879e-08 0)
(0.07910313435 4.167630206e-08 0)
(0.07910316889 4.061583606e-08 0)
(0.07910319949 4.033805233e-08 0)
(0.07910323394 3.927418901e-08 0)
(0.07910326282 3.907512153e-08 0)
(0.07910329738 3.800235819e-08 0)
(0.07910332441 3.788523144e-08 0)
(0.07910335932 3.67981715e-08 0)
(0.07910338432 3.676594871e-08 0)
(0.07910341983 3.565933705e-08 0)
(0.07910344261 3.571410159e-08 0)
(0.07910347901 3.458315418e-08 0)
(0.07910349934 3.472542756e-08 0)
(0.07910353695 3.356662393e-08 0)
(0.07910355454 3.379435608e-08 0)
(0.07910359372 3.2607354e-08 0)
(0.07910360829 3.291421665e-08 0)
(0.0791036494 3.170644154e-08 0)
(0.07910366062 3.207766067e-08 0)
(0.07910370406 3.087726306e-08 0)
(0.07910371161 3.127773328e-08 0)
(0.07910375773 3.017728031e-08 0)
(0.07910376137 3.051393051e-08 0)
(0.0791038104 2.981757054e-08 0)
(0.07376109175 -7.28129778e-06 0)
(0.07385424472 1.69749509e-05 0)
(0.073852657 9.766875382e-07 0)
(0.07384647258 -8.367474012e-07 0)
(0.07384761399 4.646243148e-07 0)
(0.07384852 4.249471869e-07 0)
(0.07384887654 2.45901612e-07 0)
(0.07384912914 1.798160325e-07 0)
(0.07384931921 1.707278188e-07 0)
(0.07384951982 1.76312402e-07 0)
(0.07384968682 1.772583788e-07 0)
(0.07384985804 1.742321446e-07 0)
(0.07384999547 1.714875155e-07 0)
(0.0738501433 1.694359765e-07 0)
(0.07385026624 1.666576649e-07 0)
(0.07385040054 1.632090393e-07 0)
(0.07385051302 1.592027894e-07 0)
(0.07385063645 1.551510019e-07 0)
(0.07385074122 1.5080873e-07 0)
(0.07385085605 1.465656711e-07 0)
(0.07385095476 1.421463865e-07 0)
(0.07385106228 1.37962668e-07 0)
(0.07385115598 1.336796149e-07 0)
(0.07385125712 1.296930318e-07 0)
(0.07385134654 1.256409884e-07 0)
(0.07385144197 1.219084909e-07 0)
(0.07385152761 1.181286516e-07 0)
(0.07385161787 1.146662657e-07 0)
(0.07385170012 1.111682873e-07 0)
(0.07385178565 1.079695772e-07 0)
(0.07385186477 1.047471634e-07 0)
(0.07385194595 1.017951073e-07 0)
(0.07385202218 9.883418106e-08 0)
(0.07385209935 9.610738026e-08 0)
(0.07385217284 9.339050212e-08 0)
(0.0738522463 9.086661783e-08 0)
(0.0738523172 8.837530422e-08 0)
(0.07385238723 8.603287699e-08 0)
(0.07385245565 8.3748812e-08 0)
(0.07385252251 8.156818239e-08 0)
(0.07385258855 7.947383736e-08 0)
(0.07385265247 7.743755852e-08 0)
(0.07385271622 7.551650888e-08 0)
(0.07385277741 7.360943032e-08 0)
(0.07385283894 7.184650403e-08 0)
(0.0738528976 7.005566433e-08 0)
(0.073852957 6.843700972e-08 0)
(0.0738530133 6.675138824e-08 0)
(0.07385307064 6.526449144e-08 0)
(0.07385312474 6.367469692e-08 0)
(0.07385318009 6.230837097e-08 0)
(0.07385323215 6.080629156e-08 0)
(0.07385328558 5.955065614e-08 0)
(0.07385333572 5.812911781e-08 0)
(0.07385338732 5.697554479e-08 0)
(0.07385343566 5.56279868e-08 0)
(0.07385348548 5.456903223e-08 0)
(0.07385353215 5.32892261e-08 0)
(0.07385358027 5.231849885e-08 0)
(0.07385362538 5.110031047e-08 0)
(0.07385367184 5.021234553e-08 0)
(0.0738537155 4.904955477e-08 0)
(0.07385376036 4.82396463e-08 0)
(0.07385380268 4.712584686e-08 0)
(0.07385384599 4.638994629e-08 0)
(0.07385388708 4.531853282e-08 0)
(0.07385392886 4.465318598e-08 0)
(0.07385396884 4.361743084e-08 0)
(0.07385400911 4.301981777e-08 0)
(0.0738540481 4.201302626e-08 0)
(0.07385408685 4.148107346e-08 0)
(0.07385412498 4.049676393e-08 0)
(0.0738541622 4.002926704e-08 0)
(0.0738541996 3.906132876e-08 0)
(0.07385423526 3.865807507e-08 0)
(0.07385427208 3.770084993e-08 0)
(0.07385430612 3.73626195e-08 0)
(0.07385434253 3.641089164e-08 0)
(0.07385437486 3.613934442e-08 0)
(0.07385441105 3.518822905e-08 0)
(0.07385444158 3.498565399e-08 0)
(0.07385447777 3.403044605e-08 0)
(0.07385450635 3.389939699e-08 0)
(0.07385454277 3.293542803e-08 0)
(0.07385456925 3.287830423e-08 0)
(0.07385460618 3.190089801e-08 0)
(0.07385463034 3.19194808e-08 0)
(0.07385466809 3.092412866e-08 0)
(0.07385468969 3.101912464e-08 0)
(0.07385472861 3.000199816e-08 0)
(0.07385474736 3.0172406e-08 0)
(0.07385478783 2.913175083e-08 0)
(0.07385480341 2.937380854e-08 0)
(0.07385484586 2.831353015e-08 0)
(0.0738548579 2.861774514e-08 0)
(0.07385490275 2.755844848e-08 0)
(0.0738549109 2.789981063e-08 0)
(0.07385495858 2.692031343e-08 0)
(0.07385496252 2.722248831e-08 0)
(0.07385501334 2.662470162e-08 0)
(0.06831592009 -6.566635848e-06 0)
(0.06841849409 1.74432253e-05 0)
(0.06841425501 1.902473699e-07 0)
(0.06840895822 -7.80484389e-07 0)
(0.06841047128 4.351246264e-07 0)
(0.06841143814 3.445846539e-07 0)
(0.06841189867 1.966649344e-07 0)
(0.06841224323 1.462424467e-07 0)
(0.06841250104 1.418862599e-07 0)
(0.06841275322 1.499004535e-07 0)
(0.06841296111 1.533392869e-07 0)
(0.06841316717 1.525516416e-07 0)
(0.06841333432 1.515104366e-07 0)
(0.06841350878 1.506490543e-07 0)
(0.06841365506 1.488922771e-07 0)
(0.06841381122 1.462762409e-07 0)
(0.06841394329 1.430389782e-07 0)
(0.06841408556 1.396008744e-07 0)
(0.06841420731 1.35854843e-07 0)
(0.06841433875 1.320969463e-07 0)
(0.06841445244 1.281727421e-07 0)
(0.06841457479 1.243926777e-07 0)
(0.06841468182 1.205350883e-07 0)
(0.06841479626 1.168964724e-07 0)
(0.0684148976 1.132196991e-07 0)
(0.06841500501 1.097953173e-07 0)
(0.06841510134 1.063519671e-07 0)
(0.0684152024 1.031677614e-07 0)
(0.06841529425 9.997475633e-08 0)
(0.06841538953 9.703090397e-08 0)
(0.06841547731 9.408680481e-08 0)
(0.06841556731 9.13708561e-08 0)
(0.06841565134 8.866504343e-08 0)
(0.06841573647 8.615887556e-08 0)
(0.06841581703 8.367653547e-08 0)
(0.0684158977 8.136021559e-08 0)
(0.06841597499 7.908498422e-08 0)
(0.06841605155 7.693884868e-08 0)
(0.06841612577 7.485420795e-08 0)
(0.06841619855 7.285994955e-08 0)
(0.06841626986 7.094994654e-08 0)
(0.06841633915 6.909114047e-08 0)
(0.06841640769 6.734075367e-08 0)
(0.06841647376 6.560302698e-08 0)
(0.06841653965 6.399833447e-08 0)
(0.06841660276 6.236932698e-08 0)
(0.06841666612 6.089757947e-08 0)
(0.06841672647 5.936675407e-08 0)
(0.06841678742 5.801639011e-08 0)
(0.06841684522 5.65747708e-08 0)
(0.06841690386 5.533540639e-08 0)
(0.0684169593 5.39752693e-08 0)
(0.06841701573 5.283767707e-08 0)
(0.06841706896 5.155224221e-08 0)
(0.06841712329 5.050830776e-08 0)
(0.06841717447 4.929143815e-08 0)
(0.06841722678 4.833410041e-08 0)
(0.06841727605 4.718003769e-08 0)
(0.06841732645 4.630317908e-08 0)
(0.06841737394 4.520631387e-08 0)
(0.06841742249 4.440464852e-08 0)
(0.06841746834 4.335934536e-08 0)
(0.06841751512 4.262827203e-08 0)
(0.06841755945 4.162876932e-08 0)
(0.06841760451 4.096428131e-08 0)
(0.06841764744 4.000467568e-08 0)
(0.06841769084 3.94032984e-08 0)
(0.0684177325 3.847761621e-08 0)
(0.06841777426 3.793644571e-08 0)
(0.06841781479 3.703879038e-08 0)
(0.06841785493 3.655558276e-08 0)
(0.06841789445 3.568030547e-08 0)
(0.06841793296 3.52535865e-08 0)
(0.06841797163 3.439543476e-08 0)
(0.06841800849 3.402460094e-08 0)
(0.06841804645 3.317879464e-08 0)
(0.06841808162 3.286410845e-08 0)
(0.06841811905 3.20263251e-08 0)
(0.06841815246 3.176881292e-08 0)
(0.06841818955 3.093507536e-08 0)
(0.0684182211 3.073630297e-08 0)
(0.06841825807 2.990282197e-08 0)
(0.06841828763 2.976458878e-08 0)
(0.06841832474 2.892759732e-08 0)
(0.06841835215 2.885159439e-08 0)
(0.06841838967 2.800724853e-08 0)
(0.06841841473 2.799472842e-08 0)
(0.06841845299 2.713915693e-08 0)
(0.06841847546 2.719066836e-08 0)
(0.06841851481 2.632023614e-08 0)
(0.06841853438 2.643534005e-08 0)
(0.06841857524 2.554753195e-08 0)
(0.06841859157 2.572439833e-08 0)
(0.06841863439 2.482033571e-08 0)
(0.06841864708 2.505411417e-08 0)
(0.06841869236 2.414729733e-08 0)
(0.06841870098 2.442305802e-08 0)
(0.06841874922 2.357721647e-08 0)
(0.06841875339 2.383792439e-08 0)
(0.06841880498 2.334807083e-08 0)
(0.06268204528 -5.529606869e-06 0)
(0.0627956735 1.759943119e-05 0)
(0.06278854414 -6.23933762e-07 0)
(0.06278436126 -7.279399597e-07 0)
(0.06278622891 3.658721098e-07 0)
(0.06278725481 2.475330285e-07 0)
(0.06278780535 1.366204615e-07 0)
(0.06278821681 1.037494583e-07 0)
(0.06278851843 1.065224311e-07 0)
(0.0627888007 1.186203221e-07 0)
(0.06278903136 1.255178205e-07 0)
(0.06278925652 1.275911252e-07 0)
(0.06278944042 1.286822268e-07 0)
(0.06278963018 1.293210627e-07 0)
(0.06278979046 1.288074742e-07 0)
(0.06278996007 1.271982696e-07 0)
(0.06279010466 1.248687714e-07 0)
(0.06279025921 1.2216629e-07 0)
(0.06279039232 1.191216659e-07 0)
(0.062790535 1.159468591e-07 0)
(0.06279065898 1.126064593e-07 0)
(0.06279079157 1.093145579e-07 0)
(0.06279090787 1.059610837e-07 0)
(0.0627910316 1.027453543e-07 0)
(0.06279114124 9.951474712e-08 0)
(0.06279125704 9.646537039e-08 0)
(0.06279136078 9.342266229e-08 0)
(0.06279146938 9.057634944e-08 0)
(0.06279156784 8.774633148e-08 0)
(0.06279166988 8.511053976e-08 0)
(0.06279176353 8.249712491e-08 0)
(0.06279185957 8.00646078e-08 0)
(0.06279194882 7.76610989e-08 0)
(0.06279203937 7.541763137e-08 0)
(0.06279212455 7.321228586e-08 0)
(0.06279221005 7.114094267e-08 0)
(0.06279229146 6.911993958e-08 0)
(0.06279237233 6.720341799e-08 0)
(0.0627924502 6.53524329e-08 0)
(0.06279252682 6.357429304e-08 0)
(0.06279260137 6.187931615e-08 0)
(0.06279267407 6.022461202e-08 0)
(0.0627927455 5.867236531e-08 0)
(0.0627928146 5.712789645e-08 0)
(0.06279288306 5.570602491e-08 0)
(0.06279294886 5.426036639e-08 0)
(0.06279301449 5.295751948e-08 0)
(0.06279307724 5.160089479e-08 0)
(0.0627931402 5.040674212e-08 0)
(0.06279320013 4.913081733e-08 0)
(0.06279326055 4.803603988e-08 0)
(0.06279331787 4.683366339e-08 0)
(0.06279337587 4.58299324e-08 0)
(0.06279343078 4.469486876e-08 0)
(0.06279348649 4.377481198e-08 0)
(0.06279353916 4.270147263e-08 0)
(0.06279359268 4.185862171e-08 0)
(0.06279364327 4.084182532e-08 0)
(0.06279369472 4.007052812e-08 0)
(0.06279374338 3.910528472e-08 0)
(0.06279379285 3.840060741e-08 0)
(0.06279383973 3.748195386e-08 0)
(0.06279388731 3.683955733e-08 0)
(0.06279393253 3.596245839e-08 0)
(0.06279397829 3.537851906e-08 0)
(0.06279402201 3.453784958e-08 0)
(0.06279406601 3.400900115e-08 0)
(0.06279410834 3.319960972e-08 0)
(0.06279415064 3.272297864e-08 0)
(0.06279419172 3.193982435e-08 0)
(0.06279423233 3.151309673e-08 0)
(0.06279427231 3.075140864e-08 0)
(0.06279431124 3.037292567e-08 0)
(0.06279435026 2.962834257e-08 0)
(0.0627943875 2.929717703e-08 0)
(0.06279442572 2.856582211e-08 0)
(0.06279446124 2.828176795e-08 0)
(0.06279449882 2.756023733e-08 0)
(0.06279453257 2.732371324e-08 0)
(0.06279456971 2.660897557e-08 0)
(0.0627946016 2.642082358e-08 0)
(0.06279463852 2.571007201e-08 0)
(0.06279466843 2.557129796e-08 0)
(0.06279470538 2.486178432e-08 0)
(0.06279473317 2.477327559e-08 0)
(0.06279477043 2.406218467e-08 0)
(0.06279479588 2.402448184e-08 0)
(0.06279483378 2.330889396e-08 0)
(0.06279485667 2.33220685e-08 0)
(0.06279489557 2.259902677e-08 0)
(0.06279491559 2.26626844e-08 0)
(0.06279495592 2.192962592e-08 0)
(0.0627949727 2.204308658e-08 0)
(0.06279501496 2.12993073e-08 0)
(0.06279502806 2.146136432e-08 0)
(0.06279507279 2.07141739e-08 0)
(0.06279508173 2.091936333e-08 0)
(0.0627951295 2.021658877e-08 0)
(0.06279513385 2.042935506e-08 0)
(0.06279518514 2.005353263e-08 0)
(0.05685930544 -4.117990575e-06 0)
(0.05698610562 1.732894951e-05 0)
(0.05697581811 -1.453251495e-06 0)
(0.05697292004 -6.926354809e-07 0)
(0.05697505183 2.576666372e-07 0)
(0.05697608266 1.389319683e-07 0)
(0.05697667024 7.024533357e-08 0)
(0.05697709873 5.672244589e-08 0)
(0.05697740509 6.84510024e-08 0)
(0.05697768662 8.560476765e-08 0)
(0.05697791639 9.634704406e-08 0)
(0.05697814146 1.014366324e-07 0)
(0.05697832707 1.047194147e-07 0)
(0.05697851941 1.068851454e-07 0)
(0.05697868341 1.076175638e-07 0)
(0.05697885731 1.070231189e-07 0)
(0.0569790068 1.056097477e-07 0)
(0.05697916651 1.036649414e-07 0)
(0.05697930491 1.013459576e-07 0)
(0.05697945296 9.878921264e-08 0)
(0.05697958211 9.606796319e-08 0)
(0.05697971991 9.330653341e-08 0)
(0.05697984102 9.049818174e-08 0)
(0.05697996959 8.775007913e-08 0)
(0.05698008356 8.500823927e-08 0)
(0.05698020374 8.237783656e-08 0)
(0.05698031129 7.977748463e-08 0)
(0.05698042379 7.731045904e-08 0)
(0.05698052555 7.48828979e-08 0)
(0.05698063102 7.259312294e-08 0)
(0.05698072749 7.034697404e-08 0)
(0.05698082652 6.82321228e-08 0)
(0.05698091815 6.616438553e-08 0)
(0.05698101127 6.42141827e-08 0)
(0.05698109845 6.23161921e-08 0)
(0.05698118614 6.051695267e-08 0)
(0.0569812692 5.877755698e-08 0)
(0.05698135193 5.711465678e-08 0)
(0.05698143115 5.552190821e-08 0)
(0.05698150932 5.398111912e-08 0)
(0.05698158495 5.252315659e-08 0)
(0.05698165894 5.109134797e-08 0)
(0.05698173121 4.975684839e-08 0)
(0.05698180136 4.842230115e-08 0)
(0.05698187045 4.720068664e-08 0)
(0.05698193708 4.595318207e-08 0)
(0.05698200318 4.483470748e-08 0)
(0.05698206657 4.366545921e-08 0)
(0.05698212983 4.264122792e-08 0)
(0.05698219024 4.154273298e-08 0)
(0.05698225083 4.060468889e-08 0)
(0.05698230848 3.95705198e-08 0)
(0.05698236653 3.871142509e-08 0)
(0.05698242164 3.773601141e-08 0)
(0.05698247729 3.694942041e-08 0)
(0.05698253005 3.602781715e-08 0)
(0.05698258342 3.530802892e-08 0)
(0.056982634 3.443570853e-08 0)
(0.05698268522 3.37776998e-08 0)
(0.05698273378 3.295035543e-08 0)
(0.05698278295 3.23496952e-08 0)
(0.05698282966 3.156309183e-08 0)
(0.05698287688 3.101584285e-08 0)
(0.05698292186 3.026572084e-08 0)
(0.05698296722 2.976836976e-08 0)
(0.05698301062 2.905042573e-08 0)
(0.05698305419 2.859983281e-08 0)
(0.05698309614 2.790977256e-08 0)
(0.05698313797 2.750320159e-08 0)
(0.05698317861 2.683686389e-08 0)
(0.05698321875 2.647202939e-08 0)
(0.05698325821 2.582553154e-08 0)
(0.05698329667 2.550067855e-08 0)
(0.05698333511 2.487054744e-08 0)
(0.05698337189 2.458450371e-08 0)
(0.05698340946 2.396775176e-08 0)
(0.05698344454 2.371991199e-08 0)
(0.05698348139 2.311403543e-08 0)
(0.05698351473 2.290426715e-08 0)
(0.05698355107 2.230716808e-08 0)
(0.05698358258 2.213563068e-08 0)
(0.05698361862 2.154549142e-08 0)
(0.05698364821 2.141241065e-08 0)
(0.05698368418 2.08275486e-08 0)
(0.05698371172 2.073297659e-08 0)
(0.0569837479 2.01517193e-08 0)
(0.05698377319 2.009537164e-08 0)
(0.0569838099 1.951597659e-08 0)
(0.05698383271 1.949719636e-08 0)
(0.05698387032 1.89177921e-08 0)
(0.05698389036 1.893574689e-08 0)
(0.05698392929 1.835441823e-08 0)
(0.05698394618 1.840872413e-08 0)
(0.05698398695 1.782405819e-08 0)
(0.05698400022 1.79158107e-08 0)
(0.05698404341 1.733038729e-08 0)
(0.05698405253 1.74621582e-08 0)
(0.0569840988 1.690798381e-08 0)
(0.05698410323 1.706711267e-08 0)
(0.05698415318 1.680755149e-08 0)
(0.05084768366 -2.297649108e-06 0)
(0.05099035597 1.648511688e-05 0)
(0.05097645248 -2.274741639e-06 0)
(0.05097485324 -6.784663841e-07 0)
(0.05097704929 1.224469732e-07 0)
(0.05097797312 3.035479559e-08 0)
(0.05097851273 5.860460642e-09 0)
(0.0509788938 1.175623187e-08 0)
(0.05097915993 3.264227955e-08 0)
(0.05097940821 5.456493409e-08 0)
(0.05097961362 6.86510897e-08 0)
(0.05097982032 7.628877818e-08 0)
(0.05097999365 8.137956401e-08 0)
(0.05098017678 8.478462265e-08 0)
(0.05098033501 8.653812186e-08 0)
(0.05098050461 8.680119853e-08 0)
(0.05098065179 8.618734059e-08 0)
(0.05098080976 8.492861956e-08 0)
(0.05098094751 8.328445691e-08 0)
(0.05098109507 8.132254369e-08 0)
(0.05098122428 7.920602237e-08 0)
(0.05098136212 7.697765364e-08 0)
(0.0509814835 7.471926785e-08 0)
(0.05098161229 7.245411048e-08 0)
(0.05098172648 7.021536926e-08 0)
(0.05098184684 6.802467983e-08 0)
(0.05098195445 6.588511877e-08 0)
(0.05098206703 6.38195718e-08 0)
(0.05098216863 6.18140956e-08 0)
(0.05098227402 5.989190365e-08 0)
(0.05098237012 5.803231673e-08 0)
(0.0509824689 5.625506085e-08 0)
(0.05098255996 5.454129746e-08 0)
(0.05098265267 5.290223653e-08 0)
(0.05098273909 5.132836432e-08 0)
(0.05098282623 4.981696744e-08 0)
(0.05098290837 4.837438189e-08 0)
(0.0509829904 4.697879329e-08 0)
(0.05098306856 4.565791799e-08 0)
(0.05098314591 4.436629785e-08 0)
(0.05098322038 4.315747442e-08 0)
(0.05098329344 4.195871802e-08 0)
(0.05098336445 4.085266215e-08 0)
(0.05098343357 3.973674512e-08 0)
(0.05098350133 3.872475569e-08 0)
(0.05098356686 3.768286363e-08 0)
(0.05098363157 3.675690995e-08 0)
(0.05098369379 3.578141978e-08 0)
(0.05098375561 3.49341555e-08 0)
(0.05098381479 3.401853889e-08 0)
(0.0509838739 3.324329269e-08 0)
(0.05098393029 3.238196038e-08 0)
(0.05098398683 3.167271166e-08 0)
(0.05098404064 3.086084457e-08 0)
(0.05098409476 3.021220196e-08 0)
(0.05098414619 2.944556143e-08 0)
(0.05098419802 2.885271845e-08 0)
(0.05098424725 2.812747484e-08 0)
(0.05098429692 2.758616067e-08 0)
(0.05098434412 2.689872071e-08 0)
(0.05098439175 2.640512559e-08 0)
(0.05098443707 2.575200372e-08 0)
(0.05098448276 2.530270516e-08 0)
(0.05098452634 2.468043158e-08 0)
(0.05098457018 2.42723319e-08 0)
(0.05098461217 2.367743326e-08 0)
(0.05098465425 2.330772032e-08 0)
(0.05098469477 2.273675945e-08 0)
(0.05098473514 2.240292859e-08 0)
(0.05098477433 2.185261339e-08 0)
(0.05098481304 2.155249918e-08 0)
(0.05098485104 2.101981103e-08 0)
(0.05098488811 2.075165034e-08 0)
(0.05098492505 2.023396607e-08 0)
(0.0509849605 1.99964287e-08 0)
(0.05098499653 1.949159841e-08 0)
(0.05098503035 1.92837667e-08 0)
(0.05098506563 1.87901261e-08 0)
(0.05098509777 1.861140201e-08 0)
(0.05098513248 1.812772365e-08 0)
(0.05098516289 1.797766625e-08 0)
(0.05098519723 1.750306579e-08 0)
(0.05098522583 1.738118972e-08 0)
(0.05098526002 1.691501733e-08 0)
(0.05098528667 1.682058055e-08 0)
(0.05098532098 1.636231984e-08 0)
(0.05098534553 1.629419106e-08 0)
(0.05098538025 1.584337902e-08 0)
(0.05098540247 1.580003211e-08 0)
(0.05098543797 1.535614957e-08 0)
(0.05098545757 1.533594314e-08 0)
(0.05098549427 1.489829636e-08 0)
(0.05098551088 1.490034154e-08 0)
(0.05098554929 1.446794114e-08 0)
(0.05098556244 1.449407877e-08 0)
(0.05098560316 1.406673236e-08 0)
(0.05098561228 1.412518335e-08 0)
(0.05098565606 1.372052965e-08 0)
(0.05098566049 1.382145676e-08 0)
(0.05098570806 1.367592947e-08 0)
(0.04464757879 -8.507504756e-08 0)
(0.04480922629 1.490115949e-05 0)
(0.04479076949 -3.02476694e-06 0)
(0.04479024932 -6.701844782e-07 0)
(0.04479221274 -1.544619777e-08 0)
(0.04479288754 -6.195062525e-08 0)
(0.04479328792 -4.647884419e-08 0)
(0.04479356176 -2.419959861e-08 0)
(0.04479375008 3.842598565e-09 0)
(0.04479393974 2.880469954e-08 0)
(0.04479410339 4.483469085e-08 0)
(0.04479427822 5.398203158e-08 0)
(0.04479442896 6.012472844e-08 0)
(0.04479459379 6.423420044e-08 0)
(0.04479473881 6.66136402e-08 0)
(0.04479489695 6.74581521e-08 0)
(0.04479503568 6.74386808e-08 0)
(0.04479518577 6.672840093e-08 0)
(0.04479531749 6.565412938e-08 0)
(0.04479545906 6.422098296e-08 0)
(0.04479558348 6.265642195e-08 0)
(0.04479571637 6.093213786e-08 0)
(0.04479583358 5.919829668e-08 0)
(0.044795958 5.740605259e-08 0)
(0.04479606834 5.56592577e-08 0)
(0.04479618469 5.390761538e-08 0)
(0.04479628861 5.222506015e-08 0)
(0.0447963974 5.056459961e-08 0)
(0.04479649538 4.898111372e-08 0)
(0.04479659714 4.743167992e-08 0)
(0.04479668966 4.596028739e-08 0)
(0.04479678492 4.452595339e-08 0)
(0.04479687242 4.316847637e-08 0)
(0.0447969617 4.184532886e-08 0)
(0.0447970446 4.059801375e-08 0)
(0.04479712837 3.937836386e-08 0)
(0.04479720702 3.823486431e-08 0)
(0.04479728576 3.710953254e-08 0)
(0.04479736047 3.606249611e-08 0)
(0.04479743459 3.502205895e-08 0)
(0.04479750564 3.406395846e-08 0)
(0.04479757554 3.309942689e-08 0)
(0.04479764318 3.222298675e-08 0)
(0.04479770921 3.132614721e-08 0)
(0.04479777366 3.052453813e-08 0)
(0.04479783615 2.968810105e-08 0)
(0.04479789761 2.89550192e-08 0)
(0.04479795685 2.817263632e-08 0)
(0.04479801549 2.750231295e-08 0)
(0.04479807175 2.676852489e-08 0)
(0.04479812774 2.615571369e-08 0)
(0.04479818126 2.546584284e-08 0)
(0.04479823476 2.490579313e-08 0)
(0.04479828576 2.425582271e-08 0)
(0.0447983369 2.374425946e-08 0)
(0.04479838559 2.313068732e-08 0)
(0.04479843451 2.266376894e-08 0)
(0.04479848105 2.208347512e-08 0)
(0.04479852789 2.165775794e-08 0)
(0.04479857245 2.110786067e-08 0)
(0.04479861731 2.072023374e-08 0)
(0.04479866005 2.019798418e-08 0)
(0.04479870304 1.98456181e-08 0)
(0.04479874409 1.934831562e-08 0)
(0.04479878531 1.902860583e-08 0)
(0.04479882481 1.855357993e-08 0)
(0.04479886434 1.826412006e-08 0)
(0.04479890241 1.780875565e-08 0)
(0.04479894031 1.754734957e-08 0)
(0.04479897708 1.710917947e-08 0)
(0.04479901341 1.687386279e-08 0)
(0.04479904901 1.645067582e-08 0)
(0.04479908379 1.623976124e-08 0)
(0.04479911835 1.582971424e-08 0)
(0.0447991516 1.564180558e-08 0)
(0.04479918525 1.524350123e-08 0)
(0.04479921697 1.507746917e-08 0)
(0.04479924986 1.468998418e-08 0)
(0.04479928003 1.454487563e-08 0)
(0.04479931232 1.416774327e-08 0)
(0.04479934089 1.404263631e-08 0)
(0.04479937277 1.367578934e-08 0)
(0.04479939966 1.35696093e-08 0)
(0.04479943133 1.32133173e-08 0)
(0.04479945644 1.31246425e-08 0)
(0.04479948814 1.277945003e-08 0)
(0.04479951133 1.270638174e-08 0)
(0.04479954334 1.237306282e-08 0)
(0.0447995644 1.231320493e-08 0)
(0.04479959706 1.199266954e-08 0)
(0.04479961573 1.194338375e-08 0)
(0.04479964942 1.163650556e-08 0)
(0.04479966535 1.159579863e-08 0)
(0.04479970057 1.130295632e-08 0)
(0.04479971329 1.127189646e-08 0)
(0.04479975067 1.099232673e-08 0)
(0.04479975957 1.098154988e-08 0)
(0.0447997999 1.072171513e-08 0)
(0.04479980425 1.076159136e-08 0)
(0.04479984843 1.072285513e-08 0)
(0.03826025836 2.405231519e-06 0)
(0.03844351549 1.24364871e-05 0)
(0.03841881166 -3.580118373e-06 0)
(0.038418969 -6.343484202e-07 0)
(0.03842039119 -1.253372749e-07 0)
(0.03842070182 -1.223313538e-07 0)
(0.03842090019 -7.838320868e-08 0)
(0.03842103171 -4.603118161e-08 0)
(0.03842112343 -1.482778582e-08 0)
(0.0384212428 1.035407349e-08 0)
(0.03842135701 2.635176675e-08 0)
(0.03842149334 3.565484633e-08 0)
(0.03842161602 4.191155243e-08 0)
(0.03842175696 4.608213273e-08 0)
(0.03842188379 4.862366968e-08 0)
(0.03842202512 4.972790821e-08 0)
(0.03842215057 5.006234403e-08 0)
(0.03842228758 4.97347927e-08 0)
(0.03842240861 4.909910639e-08 0)
(0.03842253919 4.810561338e-08 0)
(0.03842265439 4.701649328e-08 0)
(0.0384227776 4.574609738e-08 0)
(0.03842288649 4.448882869e-08 0)
(0.03842300213 4.313952944e-08 0)
(0.03842310473 4.185211362e-08 0)
(0.03842321297 4.052026174e-08 0)
(0.03842330958 3.927081243e-08 0)
(0.03842341078 3.800190143e-08 0)
(0.03842350179 3.682161984e-08 0)
(0.0384235964 3.563444177e-08 0)
(0.03842368222 3.453565011e-08 0)
(0.03842377072 3.343530036e-08 0)
(0.03842385178 3.242064083e-08 0)
(0.03842393463 3.14052257e-08 0)
(0.0384240113 3.047250944e-08 0)
(0.03842408896 2.953674568e-08 0)
(0.0384241616 2.868151424e-08 0)
(0.0384242345 2.781867691e-08 0)
(0.0384243034 2.703556358e-08 0)
(0.03842437194 2.623855007e-08 0)
(0.03842443738 2.552199302e-08 0)
(0.03842450192 2.478390893e-08 0)
(0.03842456414 2.412851715e-08 0)
(0.03842462503 2.344298045e-08 0)
(0.03842468425 2.284369906e-08 0)
(0.0384247418 2.220498619e-08 0)
(0.0384247982 2.165716102e-08 0)
(0.03842485269 2.106024554e-08 0)
(0.03842490644 2.055962678e-08 0)
(0.03842495813 2.000016067e-08 0)
(0.0384250094 1.954288563e-08 0)
(0.03842505851 1.901713427e-08 0)
(0.03842510745 1.859969898e-08 0)
(0.03842515419 1.810446356e-08 0)
(0.03842520094 1.772370172e-08 0)
(0.0384252455 1.725621568e-08 0)
(0.03842529018 1.690925886e-08 0)
(0.03842533273 1.64670939e-08 0)
(0.03842537546 1.615134522e-08 0)
(0.03842541617 1.573229926e-08 0)
(0.03842545707 1.544537737e-08 0)
(0.03842549606 1.504739418e-08 0)
(0.03842553522 1.478710052e-08 0)
(0.03842557264 1.440819574e-08 0)
(0.03842561016 1.417246329e-08 0)
(0.03842564613 1.381070874e-08 0)
(0.03842568209 1.35975875e-08 0)
(0.03842571672 1.325112271e-08 0)
(0.03842575118 1.305878149e-08 0)
(0.03842578459 1.272588886e-08 0)
(0.03842581761 1.255263104e-08 0)
(0.03842584991 1.223182113e-08 0)
(0.03842588152 1.207611213e-08 0)
(0.03842591284 1.176622424e-08 0)
(0.03842594306 1.162669486e-08 0)
(0.0384259735 1.132697107e-08 0)
(0.03842600234 1.120239003e-08 0)
(0.03842603205 1.091251801e-08 0)
(0.03842605948 1.080170664e-08 0)
(0.0384260886 1.052183074e-08 0)
(0.0384261146 1.04235353e-08 0)
(0.03842614328 1.01542362e-08 0)
(0.03842616779 1.006695959e-08 0)
(0.03842619623 9.80923902e-09 0)
(0.03842621915 9.731060537e-09 0)
(0.03842624755 9.486324834e-09 0)
(0.03842626877 9.414756922e-09 0)
(0.03842629738 9.184826121e-09 0)
(0.03842631672 9.116751965e-09 0)
(0.03842634585 8.903828034e-09 0)
(0.03842636307 8.83565244e-09 0)
(0.03842639307 8.64221627e-09 0)
(0.03842640786 8.570575547e-09 0)
(0.03842643918 8.398918664e-09 0)
(0.03842645111 8.322960997e-09 0)
(0.03842648434 8.17373523e-09 0)
(0.0384264928 8.102937997e-09 0)
(0.03842652878 7.976258155e-09 0)
(0.03842653293 7.954984317e-09 0)
(0.03842657277 8.010282082e-09 0)
(0.03168845958 4.905432925e-06 0)
(0.03189340693 9.065904448e-06 0)
(0.0318601425 -3.752794127e-06 0)
(0.03186064009 -5.357678457e-07 0)
(0.03186133152 -1.824527203e-07 0)
(0.03186124747 -1.422262655e-07 0)
(0.03186123532 -8.643894416e-08 0)
(0.03186122546 -5.213884775e-08 0)
(0.03186122525 -2.269992324e-08 0)
(0.03186127799 -4.277382956e-10 0)
(0.03186134511 1.352152203e-08 0)
(0.03186144301 2.166756214e-08 0)
(0.03186153671 2.715509582e-08 0)
(0.03186165132 3.079408254e-08 0)
(0.0318617572 3.307432803e-08 0)
(0.03186187798 3.414576606e-08 0)
(0.03186198648 3.461034972e-08 0)
(0.03186210608 3.450780531e-08 0)
(0.03186221242 3.417884823e-08 0)
(0.03186232758 3.353099093e-08 0)
(0.03186242954 3.283043294e-08 0)
(0.03186253873 3.195199392e-08 0)
(0.0318626354 3.110804286e-08 0)
(0.03186273812 3.015696523e-08 0)
(0.03186282931 2.927909035e-08 0)
(0.03186292554 2.833215379e-08 0)
(0.0318630114 2.747427948e-08 0)
(0.03186310139 2.656804261e-08 0)
(0.03186318222 2.575505238e-08 0)
(0.03186326632 2.490512721e-08 0)
(0.03186334247 2.41471494e-08 0)
(0.03186342109 2.335841415e-08 0)
(0.03186349293 2.265803208e-08 0)
(0.03186356648 2.192985644e-08 0)
(0.03186363435 2.128589025e-08 0)
(0.03186370323 2.061491938e-08 0)
(0.03186376745 2.0024417e-08 0)
(0.03186383205 1.940607437e-08 0)
(0.0318638929 1.88653691e-08 0)
(0.03186395357 1.829467747e-08 0)
(0.0318640113 1.779994176e-08 0)
(0.03186406838 1.727198007e-08 0)
(0.03186412322 1.681950939e-08 0)
(0.031864177 1.632965621e-08 0)
(0.03186422914 1.591599516e-08 0)
(0.03186427992 1.546005476e-08 0)
(0.03186432954 1.508204278e-08 0)
(0.03186437757 1.465629187e-08 0)
(0.03186442482 1.431106113e-08 0)
(0.03186447033 1.391225225e-08 0)
(0.03186451536 1.359720574e-08 0)
(0.03186455856 1.322253655e-08 0)
(0.03186460151 1.293532032e-08 0)
(0.03186464259 1.258239159e-08 0)
(0.03186468357 1.232087118e-08 0)
(0.0318647227 1.198762257e-08 0)
(0.03186476185 1.174984759e-08 0)
(0.03186479918 1.143449855e-08 0)
(0.03186483659 1.121868105e-08 0)
(0.03186487227 1.091965214e-08 0)
(0.03186490805 1.072412105e-08 0)
(0.0318649422 1.043997798e-08 0)
(0.03186497645 1.026315911e-08 0)
(0.03186500918 9.992553082e-09 0)
(0.03186504198 9.832925118e-09 0)
(0.03186507341 9.574580427e-09 0)
(0.03186510483 9.430669548e-09 0)
(0.03186513507 9.183384076e-09 0)
(0.03186516516 9.053757438e-09 0)
(0.03186519431 8.816460133e-09 0)
(0.03186522313 8.699738301e-09 0)
(0.03186525128 8.471550708e-09 0)
(0.03186527888 8.366419201e-09 0)
(0.03186530613 8.146742314e-09 0)
(0.03186533251 8.051948956e-09 0)
(0.03186535898 7.840528502e-09 0)
(0.03186538415 7.754854143e-09 0)
(0.03186540994 7.551833989e-09 0)
(0.0318654339 7.474016444e-09 0)
(0.03186545914 7.279970939e-09 0)
(0.03186548186 7.208595447e-09 0)
(0.03186550668 7.024541282e-09 0)
(0.03186552812 6.957890452e-09 0)
(0.03186555267 6.785312215e-09 0)
(0.03186557277 6.721201036e-09 0)
(0.03186559724 6.562077344e-09 0)
(0.03186561588 6.497695338e-09 0)
(0.03186564048 6.354565007e-09 0)
(0.03186565752 6.286365239e-09 0)
(0.0318656825 6.162374998e-09 0)
(0.03186569776 6.086084351e-09 0)
(0.03186572343 5.98502401e-09 0)
(0.03186573662 5.896053273e-09 0)
(0.03186576338 5.822116405e-09 0)
(0.03186577412 5.717227624e-09 0)
(0.03186580251 5.67369864e-09 0)
(0.03186581024 5.558199539e-09 0)
(0.03186584106 5.544382143e-09 0)
(0.03186584491 5.466532898e-09 0)
(0.03186587947 5.596909415e-09 0)
(0.02493699428 6.927135286e-06 0)
(0.02515747135 5.027508168e-06 0)
(0.02511389398 -3.34196886e-06 0)
(0.02511478605 -3.677205055e-07 0)
(0.0251147698 -1.794848868e-07 0)
(0.02511436888 -1.241761097e-07 0)
(0.02511419536 -7.355533726e-08 0)
(0.02511407914 -4.480960821e-08 0)
(0.02511401197 -2.149982554e-08 0)
(0.02511401395 -4.669455227e-09 0)
(0.02511404374 5.705496845e-09 0)
(0.02511410803 1.174779097e-08 0)
(0.02511417497 1.583782242e-08 0)
(0.02511426301 1.853161914e-08 0)
(0.02511434666 2.025211631e-08 0)
(0.02511444424 2.108303819e-08 0)
(0.02511453294 2.150797026e-08 0)
(0.02511463149 2.150610122e-08 0)
(0.02511471966 2.136935709e-08 0)
(0.02511481539 2.09809056e-08 0)
(0.02511490046 2.058102337e-08 0)
(0.02511499162 2.002778902e-08 0)
(0.0251150725 1.952400204e-08 0)
(0.02511515842 1.891583696e-08 0)
(0.02511523478 1.83838108e-08 0)
(0.02511531535 1.777407067e-08 0)
(0.02511538724 1.725097602e-08 0)
(0.02511546259 1.666522112e-08 0)
(0.02511553024 1.616824177e-08 0)
(0.02511560064 1.561765426e-08 0)
(0.02511566433 1.515388749e-08 0)
(0.02511573011 1.464228709e-08 0)
(0.02511579013 1.421368938e-08 0)
(0.02511585164 1.374109721e-08 0)
(0.02511590829 1.334707073e-08 0)
(0.02511596586 1.291159532e-08 0)
(0.02511601941 1.255034552e-08 0)
(0.02511607336 1.214919894e-08 0)
(0.02511612405 1.181845599e-08 0)
(0.02511617468 1.144850864e-08 0)
(0.02511622273 1.114590478e-08 0)
(0.02511627032 1.080399751e-08 0)
(0.02511631592 1.052725995e-08 0)
(0.02511636074 1.02103746e-08 0)
(0.02511640406 9.957408978e-09 0)
(0.02511644634 9.662762858e-09 0)
(0.02511648754 9.431679421e-09 0)
(0.02511652749 9.156769163e-09 0)
(0.0251165667 8.945876326e-09 0)
(0.02511660452 8.688492601e-09 0)
(0.02511664186 8.496272449e-09 0)
(0.02511667774 8.254493995e-09 0)
(0.02511671333 8.079578054e-09 0)
(0.02511674742 7.851755829e-09 0)
(0.02511678136 7.692899555e-09 0)
(0.0251168138 7.477625779e-09 0)
(0.0251168462 7.333680153e-09 0)
(0.02511687713 7.129757486e-09 0)
(0.02511690808 6.999649374e-09 0)
(0.02511693762 6.806044701e-09 0)
(0.0251169672 6.688743366e-09 0)
(0.02511699545 6.50455305e-09 0)
(0.02511702374 6.399057683e-09 0)
(0.02511705081 6.223465874e-09 0)
(0.02511707789 6.128771393e-09 0)
(0.02511710386 5.961040586e-09 0)
(0.02511712979 5.87613749e-09 0)
(0.02511715475 5.715603088e-09 0)
(0.02511717959 5.639466241e-09 0)
(0.02511720363 5.485575998e-09 0)
(0.02511722741 5.417174398e-09 0)
(0.02511725061 5.269527876e-09 0)
(0.02511727337 5.207823787e-09 0)
(0.02511729581 5.066241994e-09 0)
(0.02511731757 5.010185799e-09 0)
(0.02511733933 4.874763071e-09 0)
(0.0251173601 4.823264194e-09 0)
(0.02511738128 4.694424927e-09 0)
(0.02511740106 4.646289239e-09 0)
(0.02511742175 4.52483092e-09 0)
(0.02511744052 4.478671167e-09 0)
(0.02511746084 4.365799421e-09 0)
(0.02511747857 4.319909679e-09 0)
(0.02511749863 4.217290607e-09 0)
(0.02511751527 4.169502762e-09 0)
(0.02511753522 4.079320517e-09 0)
(0.02511755069 4.026844266e-09 0)
(0.02511757071 3.951908604e-09 0)
(0.0251175849 3.891186185e-09 0)
(0.02511760517 3.835048313e-09 0)
(0.02511761793 3.761637567e-09 0)
(0.02511763872 3.728763806e-09 0)
(0.02511764983 3.637429408e-09 0)
(0.02511767146 3.633277755e-09 0)
(0.0251176806 3.518815933e-09 0)
(0.02511770353 3.549276804e-09 0)
(0.02511771021 3.411458766e-09 0)
(0.02511773516 3.479407576e-09 0)
(0.02511773855 3.358057545e-09 0)
(0.02511776696 3.536279262e-09 0)
(0.01801313066 7.682153224e-06 0)
(0.01823153858 1.079837433e-06 0)
(0.01817924978 -2.292434511e-06 0)
(0.01818102321 -1.751276763e-07 0)
(0.01818051976 -1.301633895e-07 0)
(0.01817996649 -8.143472169e-08 0)
(0.01817972017 -4.785139359e-08 0)
(0.01817955481 -2.929542876e-08 0)
(0.01817945762 -1.464553569e-08 0)
(0.01817943121 -4.463642264e-09 0)
(0.01817943692 1.697017679e-09 0)
(0.0181794746 5.268103848e-09 0)
(0.01817951838 7.710959277e-09 0)
(0.01817958058 9.303059451e-09 0)
(0.0181796414 1.033873093e-08 0)
(0.01817971369 1.083580532e-08 0)
(0.01817978014 1.112357966e-08 0)
(0.01817985439 1.114360234e-08 0)
(0.01817992122 1.110997788e-08 0)
(0.01817999389 1.090816824e-08 0)
(0.0181800587 1.072398489e-08 0)
(0.01818012812 1.042740603e-08 0)
(0.01818018987 1.018294519e-08 0)
(0.01818025541 9.853686857e-09 0)
(0.01818031374 9.591397457e-09 0)
(0.01818037523 9.259636391e-09 0)
(0.01818043015 9.000297953e-09 0)
(0.01818048767 8.680573417e-09 0)
(0.01818053932 8.433760652e-09 0)
(0.01818059306 8.132569725e-09 0)
(0.01818064165 7.902244359e-09 0)
(0.01818069184 7.621964439e-09 0)
(0.0181807376 7.409239376e-09 0)
(0.01818078451 7.150108301e-09 0)
(0.01818082766 6.954692962e-09 0)
(0.01818087155 6.715849196e-09 0)
(0.0181809123 6.536805433e-09 0)
(0.0181809534 6.31684806e-09 0)
(0.01818099195 6.152993428e-09 0)
(0.01818103051 5.95028741e-09 0)
(0.01818106702 5.800404962e-09 0)
(0.01818110324 5.613255206e-09 0)
(0.01818113787 5.476200433e-09 0)
(0.01818117195 5.302949827e-09 0)
(0.01818120483 5.177694694e-09 0)
(0.01818123696 5.016782282e-09 0)
(0.01818126821 4.902425016e-09 0)
(0.01818129855 4.752419499e-09 0)
(0.01818132827 4.648176402e-09 0)
(0.01818135698 4.507792103e-09 0)
(0.01818138527 4.412974896e-09 0)
(0.01818141249 4.28108067e-09 0)
(0.01818143943 4.195078411e-09 0)
(0.01818146527 4.070696334e-09 0)
(0.01818149096 3.992951539e-09 0)
(0.01818151554 3.875251339e-09 0)
(0.01818154005 3.805240707e-09 0)
(0.01818156347 3.693526799e-09 0)
(0.01818158686 3.630744065e-09 0)
(0.01818160921 3.524439015e-09 0)
(0.01818163156 3.468373871e-09 0)
(0.01818165292 3.366997592e-09 0)
(0.01818167429 3.317128241e-09 0)
(0.01818169474 3.220278325e-09 0)
(0.01818171519 3.176048145e-09 0)
(0.0181817348 3.083389887e-09 0)
(0.01818175437 3.04421046e-09 0)
(0.01818177321 2.955474051e-09 0)
(0.01818179195 2.920711815e-09 0)
(0.01818181008 2.835711521e-09 0)
(0.01818182802 2.804696508e-09 0)
(0.0181818455 2.723354745e-09 0)
(0.01818186267 2.695370484e-09 0)
(0.01818187956 2.617763768e-09 0)
(0.01818189597 2.592043722e-09 0)
(0.01818191235 2.518440177e-09 0)
(0.01818192801 2.494140478e-09 0)
(0.01818194393 2.425047619e-09 0)
(0.01818195885 2.401203513e-09 0)
(0.01818197438 2.337411288e-09 0)
(0.01818198855 2.312869692e-09 0)
(0.01818200377 2.255493384e-09 0)
(0.01818201717 2.228821349e-09 0)
(0.01818203218 2.179361263e-09 0)
(0.01818204477 2.148734368e-09 0)
(0.01818205966 2.109145585e-09 0)
(0.01818207139 2.07220937e-09 0)
(0.0181820863 2.045017754e-09 0)
(0.01818209709 1.998741871e-09 0)
(0.01818211216 1.987191108e-09 0)
(0.0181821219 1.927684163e-09 0)
(0.01818213732 1.935978415e-09 0)
(0.01818214585 1.858351578e-09 0)
(0.01818216186 1.891967173e-09 0)
(0.01818216894 1.790408101e-09 0)
(0.01818218589 1.856347681e-09 0)
(0.01818219116 1.726229142e-09 0)
(0.01818220962 1.831855383e-09 0)
(0.01818221238 1.694734087e-09 0)
(0.01818223377 1.88089019e-09 0)
(0.01092654893 6.221212177e-06 0)
(0.01110796754 -1.198070642e-06 0)
(0.01105628747 -9.548917097e-07 0)
(0.01105916912 -3.520015295e-08 0)
(0.01105850637 -6.412453307e-08 0)
(0.01105800731 -3.48396641e-08 0)
(0.01105778927 -2.079034688e-08 0)
(0.01105764001 -1.27566999e-08 0)
(0.01105755286 -6.501601975e-09 0)
(0.01105752121 -2.322162325e-09 0)
(0.01105751607 1.420659178e-10 0)
(0.01105753418 1.568211307e-09 0)
(0.01105755837 2.56325971e-09 0)
(0.01105759551 3.198839428e-09 0)
(0.01105763286 3.624131705e-09 0)
(0.01105767792 3.819041981e-09 0)
(0.01105771977 3.950579161e-09 0)
(0.01105776668 3.959972145e-09 0)
(0.01105780917 3.96640676e-09 0)
(0.01105785535 3.889000933e-09 0)
(0.01105789671 3.836848856e-09 0)
(0.01105794094 3.722450754e-09 0)
(0.01105798041 3.646597965e-09 0)
(0.01105802222 3.519143079e-09 0)
(0.01105805952 3.435770286e-09 0)
(0.01105809877 3.306937928e-09 0)
(0.01105813388 3.223921231e-09 0)
(0.01105817059 3.099385594e-09 0)
(0.0110582036 3.020314526e-09 0)
(0.01105823789 2.902678761e-09 0)
(0.01105826892 2.829018074e-09 0)
(0.01105830095 2.719307838e-09 0)
(0.01105833015 2.651449825e-09 0)
(0.01105836007 2.549862302e-09 0)
(0.01105838759 2.487682187e-09 0)
(0.01105841557 2.393975623e-09 0)
(0.01105844154 2.337117621e-09 0)
(0.01105846774 2.250820303e-09 0)
(0.01105849228 2.19885468e-09 0)
(0.01105851684 2.119380045e-09 0)
(0.01105854008 2.071880748e-09 0)
(0.01105856314 1.998592495e-09 0)
(0.01105858516 1.955179148e-09 0)
(0.01105860686 1.887432087e-09 0)
(0.01105862775 1.847783843e-09 0)
(0.01105864819 1.78494759e-09 0)
(0.01105866804 1.748802928e-09 0)
(0.01105868734 1.690282696e-09 0)
(0.0110587062 1.657434883e-09 0)
(0.01105872445 1.602680379e-09 0)
(0.0110587424 1.572957902e-09 0)
(0.01105875969 1.521476372e-09 0)
(0.01105877678 1.494739401e-09 0)
(0.01105879319 1.446099033e-09 0)
(0.01105880947 1.422213624e-09 0)
(0.01105882507 1.376049457e-09 0)
(0.0110588406 1.354889581e-09 0)
(0.01105885545 1.310901222e-09 0)
(0.01105887027 1.292323126e-09 0)
(0.01105888443 1.250274725e-09 0)
(0.01105889858 1.234123085e-09 0)
(0.01105891212 1.193834423e-09 0)
(0.01105892564 1.17992135e-09 0)
(0.01105893859 1.141263462e-09 0)
(0.01105895152 1.129374405e-09 0)
(0.01105896393 1.092261546e-09 0)
(0.01105897631 1.082140766e-09 0)
(0.01105898822 1.04653214e-09 0)
(0.01105900007 1.037889419e-09 0)
(0.01105901153 1.003792286e-09 0)
(0.01105902287 9.962928037e-10 0)
(0.01105903391 9.637760101e-10 0)
(0.01105904476 9.57043715e-10 0)
(0.01105905542 9.262584571e-10 0)
(0.01105906579 9.198613041e-10 0)
(0.01105907612 8.910633194e-10 0)
(0.01105908602 8.845045493e-10 0)
(0.01105909605 8.580825524e-10 0)
(0.01105910548 8.507693604e-10 0)
(0.01105911526 8.272766173e-10 0)
(0.01105912422 8.184851379e-10 0)
(0.01105913378 7.986715719e-10 0)
(0.01105914226 7.874938728e-10 0)
(0.01105915168 7.723529605e-10 0)
(0.01105915965 7.576279384e-10 0)
(0.01105916899 7.484505876e-10 0)
(0.01105917643 7.286794141e-10 0)
(0.01105918575 7.271405719e-10 0)
(0.01105919261 7.003736373e-10 0)
(0.01105920201 7.086521904e-10 0)
(0.01105920822 6.723384393e-10 0)
(0.01105921782 6.933190645e-10 0)
(0.01105922329 6.44097893e-10 0)
(0.01105923324 6.817049175e-10 0)
(0.01105923782 6.151290185e-10 0)
(0.01105924833 6.749184224e-10 0)
(0.0110592518 5.855031887e-10 0)
(0.01105926324 6.756734505e-10 0)
(0.01105926513 5.66626623e-10 0)
(0.01105927867 7.083848312e-10 0)
(0.003688785176 2.415079768e-06 0)
(0.003775919423 -8.400244101e-07 0)
(0.003746679407 -1.421347981e-07 0)
(0.003749151991 4.930993602e-09 0)
(0.003748739326 -1.577965147e-08 0)
(0.003748506445 -6.755231714e-09 0)
(0.00374840861 -4.260512313e-09 0)
(0.003748339041 -2.611321618e-09 0)
(0.003748299041 -1.348268646e-09 0)
(0.00374828268 -5.476011105e-10 0)
(0.003748277918 -9.508146586e-11 0)
(0.003748282366 1.6886534e-10 0)
(0.00374828976 3.593859505e-10 0)
(0.003748302179 4.763050849e-10 0)
(0.003748315087 5.588972462e-10 0)
(0.003748330834 5.92802255e-10 0)
(0.003748345645 6.221751904e-10 0)
(0.003748362257 6.229431293e-10 0)
(0.003748377426 6.29879906e-10 0)
(0.00374839387 6.149277791e-10 0)
(0.003748408686 6.113630212e-10 0)
(0.003748424473 5.897576293e-10 0)
(0.003748438629 5.818845034e-10 0)
(0.003748453565 5.578707041e-10 0)
(0.00374846695 5.484993682e-10 0)
(0.003748480974 5.241703833e-10 0)
(0.00374849357 5.146529383e-10 0)
(0.00374850669 4.910417247e-10 0)
(0.003748518523 4.819789198e-10 0)
(0.003748530776 4.595806273e-10 0)
(0.003748541893 4.512069143e-10 0)
(0.003748553334 4.302384448e-10 0)
(0.003748563787 4.226061403e-10 0)
(0.003748574472 4.031349558e-10 0)
(0.003748584314 3.962122541e-10 0)
(0.003748594303 3.782218364e-10 0)
(0.003748603584 3.719430276e-10 0)
(0.003748612933 3.553684872e-10 0)
(0.003748621697 3.496617776e-10 0)
(0.00374863046 3.344091376e-10 0)
(0.003748638749 3.292103807e-10 0)
(0.003748646975 3.151678799e-10 0)
(0.003748654826 3.104275065e-10 0)
(0.003748662561 2.974736868e-10 0)
(0.003748670004 2.931585385e-10 0)
(0.00374867729 2.811671169e-10 0)
(0.003748684356 2.772589683e-10 0)
(0.003748691231 2.661053149e-10 0)
(0.003748697944 2.625988127e-10 0)
(0.003748704442 2.521620388e-10 0)
(0.003748710825 2.490586576e-10 0)
(0.00374871698 2.392284987e-10 0)
(0.003748723054 2.36535186e-10 0)
(0.003748728891 2.272120288e-10 0)
(0.003748734676 2.249329431e-10 0)
(0.003748740223 2.160340863e-10 0)
(0.003748745735 2.141716889e-10 0)
(0.003748751015 2.056292913e-10 0)
(0.003748756272 2.041756638e-10 0)
(0.003748761305 1.959417155e-10 0)
(0.003748766323 1.948820492e-10 0)
(0.003748771128 1.869239127e-10 0)
(0.003748775922 1.862285678e-10 0)
(0.003748780517 1.785314779e-10 0)
(0.003748785099 1.78160551e-10 0)
(0.0037487895 1.707232622e-10 0)
(0.003748793883 1.706197623e-10 0)
(0.003748798106 1.634570383e-10 0)
(0.003748802299 1.635510922e-10 0)
(0.003748806358 1.566917109e-10 0)
(0.003748810371 1.568949978e-10 0)
(0.00374881428 1.503869609e-10 0)
(0.003748818119 1.505948613e-10 0)
(0.003748821891 1.445089634e-10 0)
(0.003748825561 1.44593743e-10 0)
(0.00374882921 1.390315553e-10 0)
(0.003748832714 1.388409187e-10 0)
(0.003748836254 1.339424924e-10 0)
(0.003748839593 1.332885979e-10 0)
(0.00374884304 1.292441485e-10 0)
(0.003748846212 1.278941461e-10 0)
(0.003748849582 1.249555751e-10 0)
(0.003748852584 1.22615121e-10 0)
(0.003748855895 1.21112625e-10 0)
(0.003748858722 1.174041545e-10 0)
(0.003748861996 1.177666696e-10 0)
(0.003748864636 1.122026494e-10 0)
(0.003748867901 1.149880217e-10 0)
(0.003748870339 1.069295003e-10 0)
(0.003748873625 1.128701416e-10 0)
(0.00374887584 1.014713367e-10 0)
(0.003748879186 1.115493725e-10 0)
(0.003748881146 9.566144912e-11 0)
(0.003748884604 1.112482777e-10 0)
(0.003748886262 8.925706358e-11 0)
(0.003748889906 1.124046974e-10 0)
(0.003748891182 8.192909463e-11 0)
(0.00374889515 1.161896719e-10 0)
(0.003748895871 7.511254351e-11 0)
(0.003748900706 1.279174628e-10 0)
)
;

boundaryField
{
    inlet
    {
        type            fixedValue;
        value           nonuniform List<vector> 
80
(
(0.0037265625 0 0)
(0.0110390625 0 0)
(0.0181640625 0 0)
(0.0251015625 0 0)
(0.0318515625 0 0)
(0.0384140625 0 0)
(0.0447890625 0 0)
(0.0509765625 0 0)
(0.0569765625 0 0)
(0.0627890625 0 0)
(0.0684140625 0 0)
(0.0738515625 0 0)
(0.0791015625 0 0)
(0.0841640625 0 0)
(0.0890390625 0 0)
(0.0937265625 0 0)
(0.0982265625 0 0)
(0.1025390625 0 0)
(0.1066640625 0 0)
(0.1106015625 0 0)
(0.1143515625 0 0)
(0.1179140625 0 0)
(0.1212890625 0 0)
(0.1244765625 0 0)
(0.1274765625 0 0)
(0.1302890625 0 0)
(0.1329140625 0 0)
(0.1353515625 0 0)
(0.1376015625 0 0)
(0.1396640625 0 0)
(0.1415390625 0 0)
(0.1432265625 0 0)
(0.1447265625 0 0)
(0.1460390625 0 0)
(0.1471640625 0 0)
(0.1481015625 0 0)
(0.1488515625 0 0)
(0.1494140625 0 0)
(0.1497890625 0 0)
(0.1499765625 0 0)
(0.1499765625 0 0)
(0.1497890625 0 0)
(0.1494140625 0 0)
(0.1488515625 0 0)
(0.1481015625 0 0)
(0.1471640625 0 0)
(0.1460390625 0 0)
(0.1447265625 0 0)
(0.1432265625 0 0)
(0.1415390625 0 0)
(0.1396640625 0 0)
(0.1376015625 0 0)
(0.1353515625 0 0)
(0.1329140625 0 0)
(0.1302890625 0 0)
(0.1274765625 0 0)
(0.1244765625 0 0)
(0.1212890625 0 0)
(0.1179140625 0 0)
(0.1143515625 0 0)
(0.1106015625 0 0)
(0.1066640625 0 0)
(0.1025390625 0 0)
(0.0982265625 0 0)
(0.0937265625 0 0)
(0.0890390625 0 0)
(0.0841640625 0 0)
(0.0791015625 0 0)
(0.0738515625 0 0)
(0.0684140625 0 0)
(0.0627890625 0 0)
(0.0569765625 0 0)
(0.0509765625 0 0)
(0.0447890625 0 0)
(0.0384140625 0 0)
(0.0318515625 0 0)
(0.0251015625 0 0)
(0.0181640625 0 0)
(0.0110390625 0 0)
(0.0037265625 0 0)
)
;
    }
    outlet
    {
        type            zeroGradient;
    }
    walls
    {
        type            noSlip;
    }
    frontAndBack
    {
        type            empty;
    }
}


// ************************************************************************* //
