# Created by FreeCAD <https://www.freecad.org>
v -84.400002 12.500000 5.500000
v -84.400002 36.400002 18.500000
v -84.400002 36.400002 0.000000
v -84.400002 12.500000 14.900000
v -84.400002 -36.400002 18.500000
v -84.400002 -12.500000 14.900000
v -84.400002 -12.500000 5.500000
v -84.400002 -36.400002 0.000000
v -81.000000 -33.000000 18.500000
v -81.000000 33.000000 18.500000
v 81.000000 -33.000000 18.500000
v 84.400002 -36.400002 18.500000
v 84.400002 36.400002 18.500000
v 81.000000 33.000000 18.500000
v -81.000000 12.500000 14.900000
v -81.000000 33.000000 3.400000
v -81.000000 12.500000 5.500000
v -81.000000 -33.000000 3.400000
v -81.000000 -12.500000 5.500000
v -81.000000 -12.500000 14.900000
v -70.781799 -24.439600 3.400000
v -70.616302 -24.616301 3.400000
v -70.439598 -24.781799 3.400000
v -70.252403 -24.935400 3.400000
v -70.935402 -24.252399 3.400000
v -70.055603 -25.076401 3.400000
v -71.076401 -24.055599 3.400000
v -71.204300 -23.850000 3.400000
v -69.849998 -25.204300 3.400000
v -69.636497 -25.318399 3.400000
v -71.318398 -23.636499 3.400000
v -71.418404 -23.415899 3.400000
v -69.415901 -25.418400 3.400000
v -71.503601 -23.189301 3.400000
v -69.189301 -25.503599 3.400000
v -68.957603 -25.573900 3.400000
v -71.573898 -22.957600 3.400000
v -68.721802 -25.628901 3.400000
v -71.628899 -22.721800 3.400000
v -68.482903 -25.668301 3.400000
v -71.668297 -22.482901 3.400000
v -71.692101 -22.242001 3.400000
v -68.241997 -25.692101 3.400000
v -68.000000 -25.700001 3.400000
v -71.699997 -22.000000 3.400000
v -67.758003 -25.692101 3.400000
v -71.692101 -21.757999 3.400000
v -67.517097 -25.668301 3.400000
v -71.668297 -21.517099 3.400000
v -71.628899 -21.278200 3.400000
v -67.278198 -25.628901 3.400000
v -71.573898 -21.042400 3.400000
v -67.042397 -25.573900 3.400000
v -71.503601 -20.810699 3.400000
v -66.810699 -25.503599 3.400000
v -71.418404 -20.584101 3.400000
v -66.584099 -25.418400 3.400000
v -66.363503 -25.318399 3.400000
v -71.318398 -20.363501 3.400000
v -70.781799 19.560400 3.400000
v -70.781799 -19.560400 3.400000
v -70.616302 -19.383699 3.400000
v -70.616302 19.383699 3.400000
v -70.439598 19.218201 3.400000
v -70.439598 -19.218201 3.400000
v -70.252403 19.064600 3.400000
v -70.252403 -19.064600 3.400000
v -70.935402 19.747601 3.400000
v -70.935402 -19.747601 3.400000
v -70.055603 18.923599 3.400000
v -70.055603 -18.923599 3.400000
v -71.076401 19.944401 3.400000
v -71.076401 -19.944401 3.400000
v -71.204300 20.150000 3.400000
v -71.204300 -20.150000 3.400000
v -69.849998 18.795700 3.400000
v -69.849998 -18.795700 3.400000
v -69.636497 18.681601 3.400000
v -69.636497 -18.681601 3.400000
v -71.318398 20.363501 3.400000
v -69.415901 18.581600 3.400000
v -69.415901 -18.581600 3.400000
v -69.189301 18.496401 3.400000
v -69.189301 -18.496401 3.400000
v -68.957603 18.426100 3.400000
v -68.957603 -18.426100 3.400000
v -68.721802 18.371099 3.400000
v -68.721802 -18.371099 3.400000
v -68.482903 18.331699 3.400000
v -68.482903 -18.331699 3.400000
v -68.241997 18.307899 3.400000
v -68.241997 -18.307899 3.400000
v -68.000000 18.299999 3.400000
v -68.000000 -18.299999 3.400000
v -67.758003 18.307899 3.400000
v -67.758003 -18.307899 3.400000
v -67.517097 18.331699 3.400000
v -67.517097 -18.331699 3.400000
v -67.278198 18.371099 3.400000
v -67.278198 -18.371099 3.400000
v -67.042397 -18.426100 3.400000
v -67.042397 18.426100 3.400000
v -66.810699 18.496401 3.400000
v -66.810699 -18.496401 3.400000
v -66.584099 18.581600 3.400000
v -66.584099 -18.581600 3.400000
v -71.418404 20.584101 3.400000
v -71.503601 20.810699 3.400000
v -71.573898 21.042400 3.400000
v -71.628899 21.278200 3.400000
v -71.668297 21.517099 3.400000
v -71.692101 21.757999 3.400000
v -71.699997 22.000000 3.400000
v -71.692101 22.242001 3.400000
v -71.668297 22.482901 3.400000
v -71.628899 22.721800 3.400000
v -71.573898 22.957600 3.400000
v -71.503601 23.189301 3.400000
v -71.418404 23.415899 3.400000
v -66.363503 18.681601 3.400000
v -66.363503 -18.681601 3.400000
v -71.318398 23.636499 3.400000
v -66.150002 18.795700 3.400000
v -66.150002 -18.795700 3.400000
v -71.204300 23.850000 3.400000
v -71.076401 24.055599 3.400000
v -65.944397 18.923599 3.400000
v -65.944397 -18.923599 3.400000
v -70.935402 24.252399 3.400000
v -65.747597 19.064600 3.400000
v -65.747597 -19.064600 3.400000
v -65.560402 19.218201 3.400000
v -65.560402 -19.218201 3.400000
v -70.781799 24.439600 3.400000
v -70.616302 24.616301 3.400000
v -65.383698 19.383699 3.400000
v -65.383698 -19.383699 3.400000
v -65.218201 19.560400 3.400000
v -65.218201 -19.560400 3.400000
v -70.439598 24.781799 3.400000
v -70.252403 24.935400 3.400000
v -65.064598 19.747601 3.400000
v -65.064598 -19.747601 3.400000
v -70.055603 25.076401 3.400000
v -64.923599 19.944401 3.400000
v -64.923599 -19.944401 3.400000
v -64.795700 20.150000 3.400000
v -64.795700 -20.150000 3.400000
v -69.849998 25.204300 3.400000
v -64.681602 20.363501 3.400000
v -64.681602 -20.363501 3.400000
v -69.636497 25.318399 3.400000
v -69.415901 25.418400 3.400000
v -64.581596 20.584101 3.400000
v -64.581596 -20.584101 3.400000
v -69.189301 25.503599 3.400000
v -64.496399 20.810699 3.400000
v -64.496399 -20.810699 3.400000
v -68.957603 25.573900 3.400000
v -68.721802 25.628901 3.400000
v -68.482903 25.668301 3.400000
v -68.241997 25.692101 3.400000
v -68.000000 25.700001 3.400000
v -67.758003 25.692101 3.400000
v -67.517097 25.668301 3.400000
v -67.278198 25.628901 3.400000
v -67.042397 25.573900 3.400000
v -66.810699 25.503599 3.400000
v -66.584099 25.418400 3.400000
v 65.218201 -24.439600 3.400000
v -65.383698 -24.616301 3.400000
v 65.383698 -24.616301 3.400000
v -65.218201 -24.439600 3.400000
v 65.560402 -24.781799 3.400000
v -65.560402 -24.781799 3.400000
v 65.747597 -24.935400 3.400000
v -65.747597 -24.935400 3.400000
v 65.064598 -24.252399 3.400000
v -65.064598 -24.252399 3.400000
v 65.944397 -25.076401 3.400000
v -65.944397 -25.076401 3.400000
v 64.923599 -24.055599 3.400000
v -64.795700 -23.850000 3.400000
v -64.923599 -24.055599 3.400000
v 64.795700 -23.850000 3.400000
v -64.681602 -23.636499 3.400000
v 66.150002 -25.204300 3.400000
v -66.150002 -25.204300 3.400000
v 66.363503 -25.318399 3.400000
v 64.681602 -23.636499 3.400000
v 64.581596 -23.415899 3.400000
v -64.581596 -23.415899 3.400000
v 64.496399 -23.189301 3.400000
v -64.496399 -23.189301 3.400000
v 64.426102 -22.957600 3.400000
v -64.426102 -22.957600 3.400000
v 64.371101 -22.721800 3.400000
v -64.371101 -22.721800 3.400000
v 64.331596 -22.482901 3.400000
v -64.307899 -22.242001 3.400000
v -64.331596 -22.482901 3.400000
v 64.307899 -22.242001 3.400000
v 64.300003 -22.000000 3.400000
v -64.300003 -22.000000 3.400000
v 64.307899 -21.757999 3.400000
v -64.331596 -21.517099 3.400000
v -64.307899 -21.757999 3.400000
v 64.331596 -21.517099 3.400000
v 64.371101 -21.278200 3.400000
v -64.371101 -21.278200 3.400000
v 64.426102 -21.042400 3.400000
v -64.426102 -21.042400 3.400000
v 64.496399 -20.810699 3.400000
v 81.000000 -33.000000 3.400000
v 71.318398 -23.636499 3.400000
v 71.204300 -23.850000 3.400000
v 71.076401 -24.055599 3.400000
v 70.935402 -24.252399 3.400000
v 70.781799 -24.439600 3.400000
v 70.616302 -24.616301 3.400000
v 70.439598 -24.781799 3.400000
v 70.252403 -24.935400 3.400000
v 70.055603 -25.076401 3.400000
v 69.849998 -25.204300 3.400000
v 69.636497 -25.318399 3.400000
v 69.415901 -25.418400 3.400000
v 69.189301 -25.503599 3.400000
v 68.957603 -25.573900 3.400000
v 68.721802 -25.628901 3.400000
v 68.482903 -25.668301 3.400000
v 68.241997 -25.692101 3.400000
v 68.000000 -25.700001 3.400000
v 67.758003 -25.692101 3.400000
v 67.517097 -25.668301 3.400000
v 67.278198 -25.628901 3.400000
v 67.042397 -25.573900 3.400000
v 66.810699 -25.503599 3.400000
v 66.584099 -25.418400 3.400000
v 71.418404 -23.415899 3.400000
v 71.503601 -23.189301 3.400000
v 71.573898 -22.957600 3.400000
v 71.628899 -22.721800 3.400000
v 71.668297 -22.482901 3.400000
v 71.692101 -22.242001 3.400000
v 71.699997 -22.000000 3.400000
v 71.692101 -21.757999 3.400000
v 71.668297 -21.517099 3.400000
v 71.628899 -21.278200 3.400000
v 71.573898 -21.042400 3.400000
v 71.503601 -20.810699 3.400000
v 71.418404 -20.584101 3.400000
v 71.318398 -20.363501 3.400000
v 65.383698 19.383699 3.400000
v 65.383698 -19.383699 3.400000
v 65.560402 -19.218201 3.400000
v 65.218201 19.560400 3.400000
v 65.218201 -19.560400 3.400000
v 65.560402 19.218201 3.400000
v 65.747597 19.064600 3.400000
v 65.747597 -19.064600 3.400000
v 65.064598 19.747601 3.400000
v 64.923599 -19.944401 3.400000
v 65.064598 -19.747601 3.400000
v 65.944397 18.923599 3.400000
v 65.944397 -18.923599 3.400000
v 66.150002 -18.795700 3.400000
v 64.923599 19.944401 3.400000
v 64.795700 20.150000 3.400000
v 64.681602 -20.363501 3.400000
v 64.795700 -20.150000 3.400000
v 66.150002 18.795700 3.400000
v 66.363503 -18.681601 3.400000
v 66.363503 18.681601 3.400000
v 66.584099 -18.581600 3.400000
v 64.681602 20.363501 3.400000
v 64.581596 -20.584101 3.400000
v 64.581596 20.584101 3.400000
v 66.584099 18.581600 3.400000
v 66.810699 -18.496401 3.400000
v 64.496399 20.810699 3.400000
v 66.810699 18.496401 3.400000
v 67.042397 18.426100 3.400000
v 67.042397 -18.426100 3.400000
v 67.278198 -18.371099 3.400000
v 64.426102 21.042400 3.400000
v -64.371101 21.278200 3.400000
v -64.426102 21.042400 3.400000
v 67.278198 18.371099 3.400000
v 67.517097 -18.331699 3.400000
v 64.371101 21.278200 3.400000
v 64.331596 21.517099 3.400000
v -64.331596 21.517099 3.400000
v 67.517097 18.331699 3.400000
v 64.307899 21.757999 3.400000
v -64.307899 21.757999 3.400000
v 67.758003 18.307899 3.400000
v 67.758003 -18.307899 3.400000
v 68.000000 -18.299999 3.400000
v 68.000000 18.299999 3.400000
v 64.300003 22.000000 3.400000
v -64.300003 22.000000 3.400000
v 68.241997 18.307899 3.400000
v 68.241997 -18.307899 3.400000
v 64.307899 22.242001 3.400000
v -64.307899 22.242001 3.400000
v 64.331596 22.482901 3.400000
v -64.331596 22.482901 3.400000
v 68.482903 18.331699 3.400000
v 68.482903 -18.331699 3.400000
v 64.371101 22.721800 3.400000
v -64.426102 22.957600 3.400000
v -64.371101 22.721800 3.400000
v 68.721802 18.371099 3.400000
v 68.721802 -18.371099 3.400000
v 64.426102 22.957600 3.400000
v 68.957603 18.426100 3.400000
v 68.957603 -18.426100 3.400000
v 64.496399 23.189301 3.400000
v -64.581596 23.415899 3.400000
v -64.496399 23.189301 3.400000
v 69.189301 18.496401 3.400000
v 69.189301 -18.496401 3.400000
v 69.415901 -18.581600 3.400000
v 64.581596 23.415899 3.400000
v 69.415901 18.581600 3.400000
v 69.636497 -18.681601 3.400000
v 69.636497 18.681601 3.400000
v 69.849998 -18.795700 3.400000
v 64.681602 23.636499 3.400000
v -64.681602 23.636499 3.400000
v 69.849998 18.795700 3.400000
v 64.795700 23.850000 3.400000
v -64.795700 23.850000 3.400000
v 64.923599 24.055599 3.400000
v -64.923599 24.055599 3.400000
v 70.055603 18.923599 3.400000
v 70.055603 -18.923599 3.400000
v 70.252403 -19.064600 3.400000
v 65.064598 24.252399 3.400000
v -65.218201 24.439600 3.400000
v -65.064598 24.252399 3.400000
v 70.252403 19.064600 3.400000
v 70.439598 -19.218201 3.400000
v 70.439598 19.218201 3.400000
v 65.218201 24.439600 3.400000
v -65.383698 24.616301 3.400000
v 65.383698 24.616301 3.400000
v 70.616302 19.383699 3.400000
v 70.616302 -19.383699 3.400000
v 70.781799 19.560400 3.400000
v 70.781799 -19.560400 3.400000
v 65.560402 24.781799 3.400000
v -65.560402 24.781799 3.400000
v 70.935402 19.747601 3.400000
v 70.935402 -19.747601 3.400000
v 71.076401 19.944401 3.400000
v 71.076401 -19.944401 3.400000
v 71.204300 20.150000 3.400000
v 71.204300 -20.150000 3.400000
v 71.318398 20.363501 3.400000
v 81.000000 33.000000 3.400000
v 66.584099 25.418400 3.400000
v 66.810699 25.503599 3.400000
v 67.042397 25.573900 3.400000
v 67.278198 25.628901 3.400000
v 67.517097 25.668301 3.400000
v 67.758003 25.692101 3.400000
v 68.000000 25.700001 3.400000
v 68.241997 25.692101 3.400000
v 68.482903 25.668301 3.400000
v 68.721802 25.628901 3.400000
v 68.957603 25.573900 3.400000
v 69.189301 25.503599 3.400000
v 69.415901 25.418400 3.400000
v 69.636497 25.318399 3.400000
v 69.849998 25.204300 3.400000
v 70.055603 25.076401 3.400000
v 70.252403 24.935400 3.400000
v 70.439598 24.781799 3.400000
v 70.616302 24.616301 3.400000
v 70.781799 24.439600 3.400000
v 70.935402 24.252399 3.400000
v 71.076401 24.055599 3.400000
v 71.204300 23.850000 3.400000
v 71.318398 23.636499 3.400000
v 71.418404 23.415899 3.400000
v 71.503601 23.189301 3.400000
v 71.573898 22.957600 3.400000
v 71.628899 22.721800 3.400000
v 71.668297 22.482901 3.400000
v 71.692101 22.242001 3.400000
v 71.699997 22.000000 3.400000
v 71.692101 21.757999 3.400000
v 71.668297 21.517099 3.400000
v 71.628899 21.278200 3.400000
v 71.573898 21.042400 3.400000
v 71.503601 20.810699 3.400000
v 71.418404 20.584101 3.400000
v -66.363503 25.318399 3.400000
v -66.150002 25.204300 3.400000
v -65.944397 25.076401 3.400000
v -65.747597 24.935400 3.400000
v 66.363503 25.318399 3.400000
v 66.150002 25.204300 3.400000
v 65.944397 25.076401 3.400000
v 65.747597 24.935400 3.400000
v -66.651299 -20.965099 4.700000
v -66.721901 -20.879101 4.700000
v -66.721901 -20.879101 2.900000
v -66.651299 -20.965099 2.900000
v -66.586502 -21.055500 4.700000
v -66.586502 -21.055500 2.900000
v -69.202103 -23.202101 4.700000
v -70.781799 -24.439600 4.700000
v -70.616302 -24.616301 4.700000
v -70.439598 -24.781799 4.700000
v -69.120903 -23.278099 4.700000
v -69.278099 -23.120899 4.700000
v -69.348701 -23.034901 4.700000
v -70.935402 -24.252399 4.700000
v -69.034897 -23.348700 4.700000
v -70.252403 -24.935400 4.700000
v -68.944504 -23.413500 4.700000
v -70.055603 -25.076401 4.700000
v -69.849998 -25.204300 4.700000
v -69.413498 -22.944500 4.700000
v -71.204300 -23.850000 4.700000
v -71.076401 -24.055599 4.700000
v -69.472198 -22.850000 4.700000
v -68.849998 -23.472200 4.700000
v -68.751900 -23.524700 4.700000
v -69.636497 -25.318399 4.700000
v -69.524696 -22.751900 4.700000
v -71.318398 -23.636499 4.700000
v -69.570602 -22.650600 4.700000
v -71.503601 -23.189301 4.700000
v -71.418404 -23.415899 4.700000
v -68.650597 -23.570601 4.700000
v -69.415901 -25.418400 4.700000
v -69.189301 -25.503599 4.700000
v -68.546402 -23.609800 4.700000
v -69.609802 -22.546400 4.700000
v -68.440002 -23.642099 4.700000
v -68.957603 -25.573900 4.700000
v -68.721802 -25.628901 4.700000
v -69.642097 -22.440001 4.700000
v -71.628899 -22.721800 4.700000
v -71.573898 -22.957600 4.700000
v -69.667297 -22.331699 4.700000
v -68.331596 -23.667299 4.700000
v -69.685501 -22.221901 4.700000
v -71.668297 -22.482901 4.700000
v -68.221901 -23.685499 4.700000
v -68.482903 -25.668301 4.700000
v -69.696404 -22.111200 4.700000
v -71.692101 -22.242001 4.700000
v -71.699997 -22.000000 4.700000
v -68.111198 -23.696400 4.700000
v -68.241997 -25.692101 4.700000
v -68.000000 -25.700001 4.700000
v -68.000000 -23.700001 4.700000
v -69.699997 -22.000000 4.700000
v -69.696404 -21.888800 4.700000
v -71.668297 -21.517099 4.700000
v -71.692101 -21.757999 4.700000
v -67.888802 -23.696400 4.700000
v -67.758003 -25.692101 4.700000
v -67.517097 -25.668301 4.700000
v -69.685501 -21.778099 4.700000
v -71.628899 -21.278200 4.700000
v -67.778099 -23.685499 4.700000
v -67.278198 -25.628901 4.700000
v -67.668404 -23.667299 4.700000
v -69.667297 -21.668301 4.700000
v -67.559998 -23.642099 4.700000
v -67.042397 -25.573900 4.700000
v -66.810699 -25.503599 4.700000
v -69.642097 -21.559999 4.700000
v -71.503601 -20.810699 4.700000
v -71.573898 -21.042400 4.700000
v -69.609802 -21.453600 4.700000
v -67.453598 -23.609800 4.700000
v -67.349403 -23.570601 4.700000
v -66.584099 -25.418400 4.700000
v -66.363503 -25.318399 4.700000
v -69.570602 -21.349400 4.700000
v -71.318398 -20.363501 4.700000
v -71.418404 -20.584101 4.700000
v -67.248100 -23.524700 4.700000
v -66.150002 -25.204300 4.700000
v -69.524696 -21.248100 4.700000
v -71.204300 -20.150000 4.700000
v -67.150002 -23.472200 4.700000
v -69.472198 -21.150000 4.700000
v -69.413498 -21.055500 4.700000
v -70.935402 -19.747601 4.700000
v -71.076401 -19.944401 4.700000
v -67.055496 -23.413500 4.700000
v -65.944397 -25.076401 4.700000
v -65.747597 -24.935400 4.700000
v -66.965103 -23.348700 4.700000
v -65.560402 -24.781799 4.700000
v -69.348701 -20.965099 4.700000
v -70.781799 -19.560400 4.700000
v -69.278099 -20.879101 4.700000
v -66.879097 -23.278099 4.700000
v -69.202103 -20.797899 4.700000
v -70.616302 -19.383699 4.700000
v -66.797897 -23.202101 4.700000
v -65.383698 -24.616301 4.700000
v -65.218201 -24.439600 4.700000
v -66.651299 -23.034901 4.700000
v -66.721901 -23.120899 4.700000
v -70.439598 -19.218201 4.700000
v -69.120903 -20.721901 4.700000
v -69.034897 -20.651300 4.700000
v -70.252403 -19.064600 4.700000
v -68.944504 -20.586500 4.700000
v -65.064598 -24.252399 4.700000
v -66.586502 -22.944500 4.700000
v -70.055603 -18.923599 4.700000
v -64.923599 -24.055599 4.700000
v -64.795700 -23.850000 4.700000
v -66.475304 -22.751900 4.700000
v -66.527802 -22.850000 4.700000
v -69.849998 -18.795700 4.700000
v -68.849998 -20.527800 4.700000
v -68.751900 -20.475300 4.700000
v -64.681602 -23.636499 4.700000
v -66.429398 -22.650600 4.700000
v -69.636497 -18.681601 4.700000
v -68.650597 -20.429399 4.700000
v -69.415901 -18.581600 4.700000
v -64.581596 -23.415899 4.700000
v -69.189301 -18.496401 4.700000
v -68.546402 -20.390200 4.700000
v -68.440002 -20.357901 4.700000
v -64.496399 -23.189301 4.700000
v -66.357903 -22.440001 4.700000
v -66.390198 -22.546400 4.700000
v -68.957603 -18.426100 4.700000
v -64.426102 -22.957600 4.700000
v -68.721802 -18.371099 4.700000
v -68.331596 -20.332701 4.700000
v -68.221901 -20.314501 4.700000
v -64.371101 -22.721800 4.700000
v -66.314499 -22.221901 4.700000
v -66.332703 -22.331699 4.700000
v -68.482903 -18.331699 4.700000
v -68.111198 -20.303600 4.700000
v -64.331596 -22.482901 4.700000
v -64.307899 -22.242001 4.700000
v -66.303596 -22.111200 4.700000
v -68.241997 -18.307899 4.700000
v -64.300003 -22.000000 4.700000
v -66.303596 -21.888800 4.700000
v -66.300003 -22.000000 4.700000
v -68.000000 -18.299999 4.700000
v -68.000000 -20.299999 4.700000
v -67.888802 -20.303600 4.700000
v -67.758003 -18.307899 4.700000
v -64.307899 -21.757999 4.700000
v -66.314499 -21.778099 4.700000
v -67.517097 -18.331699 4.700000
v -67.778099 -20.314501 4.700000
v -64.331596 -21.517099 4.700000
v -64.371101 -21.278200 4.700000
v -66.357903 -21.559999 4.700000
v -66.332703 -21.668301 4.700000
v -67.278198 -18.371099 4.700000
v -67.668404 -20.332701 4.700000
v -67.559998 -20.357901 4.700000
v -64.426102 -21.042400 4.700000
v -67.042397 -18.426100 4.700000
v -66.810699 -18.496401 4.700000
v -67.453598 -20.390200 4.700000
v -67.349403 -20.429399 4.700000
v -64.496399 -20.810699 4.700000
v -66.429398 -21.349400 4.700000
v -66.390198 -21.453600 4.700000
v -66.584099 -18.581600 4.700000
v -64.581596 -20.584101 4.700000
v -66.363503 -18.681601 4.700000
v -67.248100 -20.475300 4.700000
v -64.681602 -20.363501 4.700000
v -66.475304 -21.248100 4.700000
v -66.150002 -18.795700 4.700000
v -67.150002 -20.527800 4.700000
v -67.055496 -20.586500 4.700000
v -64.795700 -20.150000 4.700000
v -66.527802 -21.150000 4.700000
v -64.923599 -19.944401 4.700000
v -65.944397 -18.923599 4.700000
v -65.064598 -19.747601 4.700000
v -65.747597 -19.064600 4.700000
v -66.965103 -20.651300 4.700000
v -65.560402 -19.218201 4.700000
v -66.879097 -20.721901 4.700000
v -66.797897 -20.797899 4.700000
v -65.218201 -19.560400 4.700000
v -65.383698 -19.383699 4.700000
v -66.527802 -21.150000 2.900000
v -66.475304 -21.248100 2.900000
v -66.429398 -21.349400 2.900000
v -66.357903 -21.559999 2.900000
v -66.332703 -21.668301 2.900000
v -66.314499 -21.778099 2.900000
v -66.303596 -21.888800 2.900000
v -66.300003 -22.000000 2.900000
v -66.303596 -22.111200 2.900000
v -66.332703 -22.331699 2.900000
v -66.357903 -22.440001 2.900000
v -66.429398 -22.650600 2.900000
v -66.475304 -22.751900 2.900000
v -66.527802 -22.850000 2.900000
v -66.586502 -22.944500 2.900000
v -66.651299 -23.034901 2.900000
v -66.721901 -23.120899 2.900000
v 69.348701 -20.965099 4.700000
v 69.278099 -20.879101 4.700000
v 69.278099 -20.879101 2.900000
v 69.348701 -20.965099 2.900000
v 69.413498 -21.055500 4.700000
v 69.413498 -21.055500 2.900000
v 66.797897 -23.202101 4.700000
v 65.218201 -24.439600 4.700000
v 65.383698 -24.616301 4.700000
v 65.560402 -24.781799 4.700000
v 66.879097 -23.278099 4.700000
v 66.721901 -23.120899 4.700000
v 66.651299 -23.034901 4.700000
v 65.064598 -24.252399 4.700000
v 66.965103 -23.348700 4.700000
v 65.747597 -24.935400 4.700000
v 67.055496 -23.413500 4.700000
v 65.944397 -25.076401 4.700000
v 66.150002 -25.204300 4.700000
v 66.586502 -22.944500 4.700000
v 64.795700 -23.850000 4.700000
v 64.923599 -24.055599 4.700000
v 66.527802 -22.850000 4.700000
v 67.150002 -23.472200 4.700000
v 67.248100 -23.524700 4.700000
v 66.363503 -25.318399 4.700000
v 66.475304 -22.751900 4.700000
v 64.681602 -23.636499 4.700000
v 66.429398 -22.650600 4.700000
v 64.496399 -23.189301 4.700000
v 64.581596 -23.415899 4.700000
v 67.349403 -23.570601 4.700000
v 66.584099 -25.418400 4.700000
v 66.810699 -25.503599 4.700000
v 67.453598 -23.609800 4.700000
v 66.390198 -22.546400 4.700000
v 67.559998 -23.642099 4.700000
v 67.042397 -25.573900 4.700000
v 67.278198 -25.628901 4.700000
v 66.357903 -22.440001 4.700000
v 64.371101 -22.721800 4.700000
v 64.426102 -22.957600 4.700000
v 66.332703 -22.331699 4.700000
v 67.668404 -23.667299 4.700000
v 66.314499 -22.221901 4.700000
v 64.307899 -22.242001 4.700000
v 64.331596 -22.482901 4.700000
v 67.778099 -23.685499 4.700000
v 67.517097 -25.668301 4.700000
v 66.303596 -22.111200 4.700000
v 64.300003 -22.000000 4.700000
v 67.888802 -23.696400 4.700000
v 67.758003 -25.692101 4.700000
v 68.000000 -25.700001 4.700000
v 68.000000 -23.700001 4.700000
v 66.300003 -22.000000 4.700000
v 66.303596 -21.888800 4.700000
v 64.307899 -21.757999 4.700000
v 68.111198 -23.696400 4.700000
v 68.241997 -25.692101 4.700000
v 68.482903 -25.668301 4.700000
v 66.314499 -21.778099 4.700000
v 64.371101 -21.278200 4.700000
v 64.331596 -21.517099 4.700000
v 68.221901 -23.685499 4.700000
v 68.721802 -25.628901 4.700000
v 68.331596 -23.667299 4.700000
v 66.332703 -21.668301 4.700000
v 68.440002 -23.642099 4.700000
v 68.957603 -25.573900 4.700000
v 69.189301 -25.503599 4.700000
v 66.357903 -21.559999 4.700000
v 64.496399 -20.810699 4.700000
v 64.426102 -21.042400 4.700000
v 66.390198 -21.453600 4.700000
v 68.546402 -23.609800 4.700000
v 68.650597 -23.570601 4.700000
v 69.415901 -25.418400 4.700000
v 69.636497 -25.318399 4.700000
v 66.429398 -21.349400 4.700000
v 64.681602 -20.363501 4.700000
v 64.581596 -20.584101 4.700000
v 68.751900 -23.524700 4.700000
v 69.849998 -25.204300 4.700000
v 66.475304 -21.248100 4.700000
v 64.795700 -20.150000 4.700000
v 68.849998 -23.472200 4.700000
v 66.527802 -21.150000 4.700000
v 66.586502 -21.055500 4.700000
v 65.064598 -19.747601 4.700000
v 64.923599 -19.944401 4.700000
v 68.944504 -23.413500 4.700000
v 70.055603 -25.076401 4.700000
v 70.252403 -24.935400 4.700000
v 69.034897 -23.348700 4.700000
v 70.439598 -24.781799 4.700000
v 66.651299 -20.965099 4.700000
v 65.218201 -19.560400 4.700000
v 66.721901 -20.879101 4.700000
v 69.120903 -23.278099 4.700000
v 66.797897 -20.797899 4.700000
v 65.383698 -19.383699 4.700000
v 69.202103 -23.202101 4.700000
v 70.616302 -24.616301 4.700000
v 70.781799 -24.439600 4.700000
v 69.348701 -23.034901 4.700000
v 69.278099 -23.120899 4.700000
v 65.560402 -19.218201 4.700000
v 66.879097 -20.721901 4.700000
v 66.965103 -20.651300 4.700000
v 65.747597 -19.064600 4.700000
v 67.055496 -20.586500 4.700000
v 70.935402 -24.252399 4.700000
v 69.413498 -22.944500 4.700000
v 65.944397 -18.923599 4.700000
v 71.076401 -24.055599 4.700000
v 71.204300 -23.850000 4.700000
v 69.524696 -22.751900 4.700000
v 69.472198 -22.850000 4.700000
v 66.150002 -18.795700 4.700000
v 67.150002 -20.527800 4.700000
v 67.248100 -20.475300 4.700000
v 71.318398 -23.636499 4.700000
v 69.570602 -22.650600 4.700000
v 66.363503 -18.681601 4.700000
v 67.349403 -20.429399 4.700000
v 66.584099 -18.581600 4.700000
v 71.418404 -23.415899 4.700000
v 66.810699 -18.496401 4.700000
v 67.453598 -20.390200 4.700000
v 67.559998 -20.357901 4.700000
v 71.503601 -23.189301 4.700000
v 69.642097 -22.440001 4.700000
v 69.609802 -22.546400 4.700000
v 67.042397 -18.426100 4.700000
v 71.573898 -22.957600 4.700000
v 67.278198 -18.371099 4.700000
v 67.668404 -20.332701 4.700000
v 67.778099 -20.314501 4.700000
v 71.628899 -22.721800 4.700000
v 69.685501 -22.221901 4.700000
v 69.667297 -22.331699 4.700000
v 71.668297 -22.482901 4.700000
v 69.696404 -22.111200 4.700000
v 67.517097 -18.331699 4.700000
v 67.888802 -20.303600 4.700000
v 71.692101 -22.242001 4.700000
v 67.758003 -18.307899 4.700000
v 71.699997 -22.000000 4.700000
v 69.696404 -21.888800 4.700000
v 69.699997 -22.000000 4.700000
v 68.000000 -18.299999 4.700000
v 68.000000 -20.299999 4.700000
v 68.111198 -20.303600 4.700000
v 68.241997 -18.307899 4.700000
v 71.692101 -21.757999 4.700000
v 71.668297 -21.517099 4.700000
v 69.685501 -21.778099 4.700000
v 68.482903 -18.331699 4.700000
v 68.221901 -20.314501 4.700000
v 71.628899 -21.278200 4.700000
v 69.642097 -21.559999 4.700000
v 69.667297 -21.668301 4.700000
v 68.721802 -18.371099 4.700000
v 68.331596 -20.332701 4.700000
v 68.440002 -20.357901 4.700000
v 71.573898 -21.042400 4.700000
v 68.957603 -18.426100 4.700000
v 69.189301 -18.496401 4.700000
v 68.546402 -20.390200 4.700000
v 68.650597 -20.429399 4.700000
v 71.503601 -20.810699 4.700000
v 69.570602 -21.349400 4.700000
v 69.609802 -21.453600 4.700000
v 69.415901 -18.581600 4.700000
v 71.418404 -20.584101 4.700000
v 69.636497 -18.681601 4.700000
v 68.751900 -20.475300 4.700000
v 71.318398 -20.363501 4.700000
v 69.524696 -21.248100 4.700000
v 69.849998 -18.795700 4.700000
v 68.849998 -20.527800 4.700000
v 68.944504 -20.586500 4.700000
v 71.204300 -20.150000 4.700000
v 69.472198 -21.150000 4.700000
v 71.076401 -19.944401 4.700000
v 70.055603 -18.923599 4.700000
v 70.935402 -19.747601 4.700000
v 70.252403 -19.064600 4.700000
v 69.034897 -20.651300 4.700000
v 70.439598 -19.218201 4.700000
v 69.120903 -20.721901 4.700000
v 69.202103 -20.797899 4.700000
v 70.781799 -19.560400 4.700000
v 70.616302 -19.383699 4.700000
v 69.472198 -21.150000 2.900000
v 69.524696 -21.248100 2.900000
v 69.570602 -21.349400 2.900000
v 69.642097 -21.559999 2.900000
v 69.667297 -21.668301 2.900000
v 69.685501 -21.778099 2.900000
v 69.696404 -21.888800 2.900000
v 69.699997 -22.000000 2.900000
v 69.696404 -22.111200 2.900000
v 69.667297 -22.331699 2.900000
v 69.642097 -22.440001 2.900000
v 69.570602 -22.650600 2.900000
v 69.524696 -22.751900 2.900000
v 69.472198 -22.850000 2.900000
v 69.413498 -22.944500 2.900000
v 69.348701 -23.034901 2.900000
v 69.278099 -23.120899 2.900000
v -66.721901 23.120899 4.700000
v -66.797897 23.202101 4.700000
v -66.797897 23.202101 2.900000
v -66.721901 23.120899 2.900000
v -66.651299 23.034901 4.700000
v -66.651299 23.034901 2.900000
v -69.202103 20.797899 4.700000
v -70.781799 19.560400 4.700000
v -70.616302 19.383699 4.700000
v -70.439598 19.218201 4.700000
v -69.120903 20.721901 4.700000
v -69.278099 20.879101 4.700000
v -69.348701 20.965099 4.700000
v -70.935402 19.747601 4.700000
v -69.034897 20.651300 4.700000
v -70.252403 19.064600 4.700000
v -68.944504 20.586500 4.700000
v -70.055603 18.923599 4.700000
v -69.849998 18.795700 4.700000
v -69.413498 21.055500 4.700000
v -71.204300 20.150000 4.700000
v -71.076401 19.944401 4.700000
v -69.472198 21.150000 4.700000
v -68.849998 20.527800 4.700000
v -68.751900 20.475300 4.700000
v -69.636497 18.681601 4.700000
v -69.524696 21.248100 4.700000
v -71.318398 20.363501 4.700000
v -69.570602 21.349400 4.700000
v -71.503601 20.810699 4.700000
v -71.418404 20.584101 4.700000
v -68.650597 20.429399 4.700000
v -69.415901 18.581600 4.700000
v -69.189301 18.496401 4.700000
v -68.546402 20.390200 4.700000
v -69.609802 21.453600 4.700000
v -68.440002 20.357901 4.700000
v -68.957603 18.426100 4.700000
v -68.721802 18.371099 4.700000
v -69.642097 21.559999 4.700000
v -71.628899 21.278200 4.700000
v -71.573898 21.042400 4.700000
v -69.667297 21.668301 4.700000
v -68.331596 20.332701 4.700000
v -69.685501 21.778099 4.700000
v -71.668297 21.517099 4.700000
v -68.221901 20.314501 4.700000
v -68.482903 18.331699 4.700000
v -69.696404 21.888800 4.700000
v -71.692101 21.757999 4.700000
v -71.699997 22.000000 4.700000
v -68.111198 20.303600 4.700000
v -68.241997 18.307899 4.700000
v -68.000000 18.299999 4.700000
v -68.000000 20.299999 4.700000
v -69.699997 22.000000 4.700000
v -69.696404 22.111200 4.700000
v -71.668297 22.482901 4.700000
v -71.692101 22.242001 4.700000
v -67.888802 20.303600 4.700000
v -67.758003 18.307899 4.700000
v -67.517097 18.331699 4.700000
v -69.685501 22.221901 4.700000
v -71.628899 22.721800 4.700000
v -67.778099 20.314501 4.700000
v -67.278198 18.371099 4.700000
v -67.668404 20.332701 4.700000
v -69.667297 22.331699 4.700000
v -67.559998 20.357901 4.700000
v -67.042397 18.426100 4.700000
v -66.810699 18.496401 4.700000
v -69.642097 22.440001 4.700000
v -71.503601 23.189301 4.700000
v -71.573898 22.957600 4.700000
v -69.609802 22.546400 4.700000
v -67.453598 20.390200 4.700000
v -67.349403 20.429399 4.700000
v -66.584099 18.581600 4.700000
v -66.363503 18.681601 4.700000
v -69.570602 22.650600 4.700000
v -71.318398 23.636499 4.700000
v -71.418404 23.415899 4.700000
v -67.248100 20.475300 4.700000
v -66.150002 18.795700 4.700000
v -69.524696 22.751900 4.700000
v -71.204300 23.850000 4.700000
v -67.150002 20.527800 4.700000
v -69.472198 22.850000 4.700000
v -69.413498 22.944500 4.700000
v -70.935402 24.252399 4.700000
v -71.076401 24.055599 4.700000
v -67.055496 20.586500 4.700000
v -65.944397 18.923599 4.700000
v -65.747597 19.064600 4.700000
v -66.965103 20.651300 4.700000
v -65.560402 19.218201 4.700000
v -69.348701 23.034901 4.700000
v -70.781799 24.439600 4.700000
v -69.278099 23.120899 4.700000
v -66.879097 20.721901 4.700000
v -69.202103 23.202101 4.700000
v -70.616302 24.616301 4.700000
v -66.797897 20.797899 4.700000
v -65.383698 19.383699 4.700000
v -65.218201 19.560400 4.700000
v -66.651299 20.965099 4.700000
v -66.721901 20.879101 4.700000
v -70.439598 24.781799 4.700000
v -69.120903 23.278099 4.700000
v -69.034897 23.348700 4.700000
v -70.252403 24.935400 4.700000
v -68.944504 23.413500 4.700000
v -65.064598 19.747601 4.700000
v -66.586502 21.055500 4.700000
v -70.055603 25.076401 4.700000
v -64.923599 19.944401 4.700000
v -64.795700 20.150000 4.700000
v -66.475304 21.248100 4.700000
v -66.527802 21.150000 4.700000
v -69.849998 25.204300 4.700000
v -68.849998 23.472200 4.700000
v -68.751900 23.524700 4.700000
v -64.681602 20.363501 4.700000
v -66.429398 21.349400 4.700000
v -69.636497 25.318399 4.700000
v -68.650597 23.570601 4.700000
v -69.415901 25.418400 4.700000
v -64.581596 20.584101 4.700000
v -69.189301 25.503599 4.700000
v -68.546402 23.609800 4.700000
v -68.440002 23.642099 4.700000
v -64.496399 20.810699 4.700000
v -66.357903 21.559999 4.700000
v -66.390198 21.453600 4.700000
v -68.957603 25.573900 4.700000
v -64.426102 21.042400 4.700000
v -68.721802 25.628901 4.700000
v -68.331596 23.667299 4.700000
v -68.221901 23.685499 4.700000
v -64.371101 21.278200 4.700000
v -66.314499 21.778099 4.700000
v -66.332703 21.668301 4.700000
v -68.482903 25.668301 4.700000
v -68.111198 23.696400 4.700000
v -64.331596 21.517099 4.700000
v -64.307899 21.757999 4.700000
v -66.303596 21.888800 4.700000
v -68.241997 25.692101 4.700000
v -64.300003 22.000000 4.700000
v -66.303596 22.111200 4.700000
v -66.300003 22.000000 4.700000
v -68.000000 25.700001 4.700000
v -68.000000 23.700001 4.700000
v -67.888802 23.696400 4.700000
v -67.758003 25.692101 4.700000
v -64.307899 22.242001 4.700000
v -66.314499 22.221901 4.700000
v -67.517097 25.668301 4.700000
v -67.778099 23.685499 4.700000
v -64.331596 22.482901 4.700000
v -64.371101 22.721800 4.700000
v -66.357903 22.440001 4.700000
v -66.332703 22.331699 4.700000
v -67.278198 25.628901 4.700000
v -67.668404 23.667299 4.700000
v -67.559998 23.642099 4.700000
v -64.426102 22.957600 4.700000
v -67.042397 25.573900 4.700000
v -66.810699 25.503599 4.700000
v -67.453598 23.609800 4.700000
v -67.349403 23.570601 4.700000
v -64.496399 23.189301 4.700000
v -66.429398 22.650600 4.700000
v -66.390198 22.546400 4.700000
v -66.584099 25.418400 4.700000
v -64.581596 23.415899 4.700000
v -66.363503 25.318399 4.700000
v -67.248100 23.524700 4.700000
v -64.681602 23.636499 4.700000
v -66.475304 22.751900 4.700000
v -66.150002 25.204300 4.700000
v -67.150002 23.472200 4.700000
v -67.055496 23.413500 4.700000
v -64.795700 23.850000 4.700000
v -66.586502 22.944500 4.700000
v -66.527802 22.850000 4.700000
v -64.923599 24.055599 4.700000
v -65.944397 25.076401 4.700000
v -65.064598 24.252399 4.700000
v -65.747597 24.935400 4.700000
v -66.965103 23.348700 4.700000
v -65.560402 24.781799 4.700000
v -66.879097 23.278099 4.700000
v -65.218201 24.439600 4.700000
v -65.383698 24.616301 4.700000
v -66.586502 22.944500 2.900000
v -66.527802 22.850000 2.900000
v -66.475304 22.751900 2.900000
v -66.429398 22.650600 2.900000
v -66.390198 22.546400 2.900000
v -66.357903 22.440001 2.900000
v -66.332703 22.331699 2.900000
v -66.314499 22.221901 2.900000
v -66.303596 22.111200 2.900000
v -66.303596 21.888800 2.900000
v -66.314499 21.778099 2.900000
v -66.332703 21.668301 2.900000
v -66.357903 21.559999 2.900000
v -66.390198 21.453600 2.900000
v -66.475304 21.248100 2.900000
v -66.527802 21.150000 2.900000
v -66.651299 20.965099 2.900000
v -66.721901 20.879101 2.900000
v 69.278099 23.120899 4.700000
v 69.202103 23.202101 4.700000
v 69.202103 23.202101 2.900000
v 69.278099 23.120899 2.900000
v 66.797897 20.797899 4.700000
v 65.218201 19.560400 4.700000
v 65.383698 19.383699 4.700000
v 65.560402 19.218201 4.700000
v 66.879097 20.721901 4.700000
v 66.721901 20.879101 4.700000
v 66.651299 20.965099 4.700000
v 65.064598 19.747601 4.700000
v 66.965103 20.651300 4.700000
v 65.747597 19.064600 4.700000
v 67.055496 20.586500 4.700000
v 65.944397 18.923599 4.700000
v 66.150002 18.795700 4.700000
v 66.586502 21.055500 4.700000
v 64.795700 20.150000 4.700000
v 64.923599 19.944401 4.700000
v 66.527802 21.150000 4.700000
v 67.150002 20.527800 4.700000
v 67.248100 20.475300 4.700000
v 66.363503 18.681601 4.700000
v 66.475304 21.248100 4.700000
v 64.681602 20.363501 4.700000
v 66.429398 21.349400 4.700000
v 64.496399 20.810699 4.700000
v 64.581596 20.584101 4.700000
v 67.349403 20.429399 4.700000
v 66.584099 18.581600 4.700000
v 66.810699 18.496401 4.700000
v 67.453598 20.390200 4.700000
v 66.390198 21.453600 4.700000
v 67.559998 20.357901 4.700000
v 67.042397 18.426100 4.700000
v 67.278198 18.371099 4.700000
v 66.357903 21.559999 4.700000
v 64.371101 21.278200 4.700000
v 64.426102 21.042400 4.700000
v 66.332703 21.668301 4.700000
v 67.668404 20.332701 4.700000
v 66.314499 21.778099 4.700000
v 64.307899 21.757999 4.700000
v 64.331596 21.517099 4.700000
v 67.778099 20.314501 4.700000
v 67.517097 18.331699 4.700000
v 66.303596 21.888800 4.700000
v 64.300003 22.000000 4.700000
v 67.888802 20.303600 4.700000
v 67.758003 18.307899 4.700000
v 68.000000 18.299999 4.700000
v 68.000000 20.299999 4.700000
v 66.300003 22.000000 4.700000
v 66.303596 22.111200 4.700000
v 64.307899 22.242001 4.700000
v 68.111198 20.303600 4.700000
v 68.241997 18.307899 4.700000
v 68.482903 18.331699 4.700000
v 66.314499 22.221901 4.700000
v 64.371101 22.721800 4.700000
v 64.331596 22.482901 4.700000
v 68.221901 20.314501 4.700000
v 68.721802 18.371099 4.700000
v 68.331596 20.332701 4.700000
v 66.332703 22.331699 4.700000
v 68.440002 20.357901 4.700000
v 68.957603 18.426100 4.700000
v 69.189301 18.496401 4.700000
v 66.357903 22.440001 4.700000
v 64.496399 23.189301 4.700000
v 64.426102 22.957600 4.700000
v 66.390198 22.546400 4.700000
v 68.546402 20.390200 4.700000
v 68.650597 20.429399 4.700000
v 69.415901 18.581600 4.700000
v 69.636497 18.681601 4.700000
v 66.429398 22.650600 4.700000
v 64.681602 23.636499 4.700000
v 64.581596 23.415899 4.700000
v 68.751900 20.475300 4.700000
v 69.849998 18.795700 4.700000
v 66.475304 22.751900 4.700000
v 64.795700 23.850000 4.700000
v 68.849998 20.527800 4.700000
v 66.527802 22.850000 4.700000
v 66.586502 22.944500 4.700000
v 65.064598 24.252399 4.700000
v 64.923599 24.055599 4.700000
v 68.944504 20.586500 4.700000
v 70.055603 18.923599 4.700000
v 70.252403 19.064600 4.700000
v 69.034897 20.651300 4.700000
v 70.439598 19.218201 4.700000
v 66.651299 23.034901 4.700000
v 65.218201 24.439600 4.700000
v 66.721901 23.120899 4.700000
v 69.120903 20.721901 4.700000
v 66.797897 23.202101 4.700000
v 65.383698 24.616301 4.700000
v 69.202103 20.797899 4.700000
v 70.616302 19.383699 4.700000
v 70.781799 19.560400 4.700000
v 69.348701 20.965099 4.700000
v 69.278099 20.879101 4.700000
v 65.560402 24.781799 4.700000
v 66.879097 23.278099 4.700000
v 66.965103 23.348700 4.700000
v 65.747597 24.935400 4.700000
v 67.055496 23.413500 4.700000
v 70.935402 19.747601 4.700000
v 69.413498 21.055500 4.700000
v 65.944397 25.076401 4.700000
v 71.076401 19.944401 4.700000
v 71.204300 20.150000 4.700000
v 69.524696 21.248100 4.700000
v 69.472198 21.150000 4.700000
v 66.150002 25.204300 4.700000
v 67.150002 23.472200 4.700000
v 67.248100 23.524700 4.700000
v 71.318398 20.363501 4.700000
v 69.570602 21.349400 4.700000
v 66.363503 25.318399 4.700000
v 67.349403 23.570601 4.700000
v 66.584099 25.418400 4.700000
v 71.418404 20.584101 4.700000
v 66.810699 25.503599 4.700000
v 67.453598 23.609800 4.700000
v 67.559998 23.642099 4.700000
v 71.503601 20.810699 4.700000
v 69.642097 21.559999 4.700000
v 69.609802 21.453600 4.700000
v 67.042397 25.573900 4.700000
v 71.573898 21.042400 4.700000
v 67.278198 25.628901 4.700000
v 67.668404 23.667299 4.700000
v 67.778099 23.685499 4.700000
v 71.628899 21.278200 4.700000
v 69.685501 21.778099 4.700000
v 69.667297 21.668301 4.700000
v 71.668297 21.517099 4.700000
v 69.696404 21.888800 4.700000
v 67.517097 25.668301 4.700000
v 67.888802 23.696400 4.700000
v 71.692101 21.757999 4.700000
v 67.758003 25.692101 4.700000
v 71.699997 22.000000 4.700000
v 69.696404 22.111200 4.700000
v 69.699997 22.000000 4.700000
v 68.000000 25.700001 4.700000
v 68.000000 23.700001 4.700000
v 68.111198 23.696400 4.700000
v 68.241997 25.692101 4.700000
v 71.692101 22.242001 4.700000
v 71.668297 22.482901 4.700000
v 69.685501 22.221901 4.700000
v 68.482903 25.668301 4.700000
v 68.221901 23.685499 4.700000
v 71.628899 22.721800 4.700000
v 69.642097 22.440001 4.700000
v 69.667297 22.331699 4.700000
v 68.721802 25.628901 4.700000
v 68.331596 23.667299 4.700000
v 68.440002 23.642099 4.700000
v 71.573898 22.957600 4.700000
v 68.957603 25.573900 4.700000
v 69.189301 25.503599 4.700000
v 68.546402 23.609800 4.700000
v 68.650597 23.570601 4.700000
v 71.503601 23.189301 4.700000
v 69.570602 22.650600 4.700000
v 69.609802 22.546400 4.700000
v 69.415901 25.418400 4.700000
v 71.418404 23.415899 4.700000
v 69.636497 25.318399 4.700000
v 68.751900 23.524700 4.700000
v 71.318398 23.636499 4.700000
v 69.524696 22.751900 4.700000
v 69.849998 25.204300 4.700000
v 68.849998 23.472200 4.700000
v 68.944504 23.413500 4.700000
v 71.204300 23.850000 4.700000
v 69.413498 22.944500 4.700000
v 69.472198 22.850000 4.700000
v 71.076401 24.055599 4.700000
v 70.055603 25.076401 4.700000
v 70.935402 24.252399 4.700000
v 69.348701 23.034901 4.700000
v 70.252403 24.935400 4.700000
v 69.034897 23.348700 4.700000
v 70.439598 24.781799 4.700000
v 69.120903 23.278099 4.700000
v 70.781799 24.439600 4.700000
v 70.616302 24.616301 4.700000
v 69.348701 23.034901 2.900000
v 69.413498 22.944500 2.900000
v 69.472198 22.850000 2.900000
v 69.524696 22.751900 2.900000
v 69.609802 22.546400 2.900000
v 69.642097 22.440001 2.900000
v 69.685501 22.221901 2.900000
v 69.696404 22.111200 2.900000
v 69.696404 21.888800 2.900000
v 69.685501 21.778099 2.900000
v 69.642097 21.559999 2.900000
v 69.609802 21.453600 2.900000
v 69.570602 21.349400 2.900000
v 69.524696 21.248100 2.900000
v 69.278099 20.879101 2.900000
v 69.202103 20.797899 2.900000
v 84.400002 10.000000 12.500000
v 84.400002 36.400002 0.000000
v 84.400002 10.000000 5.500000
v 84.400002 -36.400002 0.000000
v 84.400002 -10.000000 5.500000
v 84.400002 -10.000000 12.500000
v 81.000000 10.000000 12.500000
v 81.000000 10.000000 5.500000
v 81.000000 -10.000000 12.500000
v 81.000000 -10.000000 5.500000
v -69.685501 -21.778099 2.900000
v -69.667297 -21.668301 2.900000
v -69.696404 -22.111200 2.900000
v -69.699997 -22.000000 2.900000
v -69.642097 -22.440001 2.900000
v -69.667297 -22.331699 2.900000
v -68.944504 -23.413500 2.900000
v -69.034897 -23.348700 2.900000
v -69.278099 -23.120899 2.900000
v -69.348701 -23.034901 2.900000
v -67.888802 -20.303600 2.900000
v -67.778099 -20.314501 2.900000
v -69.413498 -22.944500 2.900000
v -69.472198 -22.850000 2.900000
v -69.120903 -23.278099 2.900000
v -69.202103 -23.202101 2.900000
v -69.570602 -22.650600 2.900000
v -69.609802 -22.546400 2.900000
v -66.965103 -20.651300 2.900000
v -66.879097 -20.721901 2.900000
v -68.440002 -23.642099 2.900000
v -68.546402 -23.609800 2.900000
v -69.685501 -22.221901 2.900000
v -67.055496 -23.413500 2.900000
v -67.150002 -23.472200 2.900000
v -69.642097 -21.559999 2.900000
v -66.390198 -21.453600 2.900000
v -69.609802 -21.453600 2.900000
v -69.570602 -21.349400 2.900000
v -68.650597 -23.570601 2.900000
v -68.751900 -23.524700 2.900000
v -67.248100 -23.524700 2.900000
v -66.965103 -23.348700 2.900000
v -67.055496 -20.586500 2.900000
v -68.751900 -20.475300 2.900000
v -68.650597 -20.429399 2.900000
v -67.778099 -23.685499 2.900000
v -67.888802 -23.696400 2.900000
v -68.221901 -23.685499 2.900000
v -68.331596 -23.667299 2.900000
v -69.034897 -20.651300 2.900000
v -68.944504 -20.586500 2.900000
v -69.202103 -20.797899 2.900000
v -69.120903 -20.721901 2.900000
v -68.849998 -20.527800 2.900000
v -67.668404 -20.332701 2.900000
v -67.559998 -20.357901 2.900000
v -66.390198 -22.546400 2.900000
v -69.696404 -21.888800 2.900000
v -67.349403 -20.429399 2.900000
v -67.248100 -20.475300 2.900000
v -68.000000 -23.700001 2.900000
v -67.150002 -20.527800 2.900000
v -68.546402 -20.390200 2.900000
v -68.440002 -20.357901 2.900000
v -68.111198 -23.696400 2.900000
v -69.524696 -22.751900 2.900000
v -69.278099 -20.879101 2.900000
v -68.111198 -20.303600 2.900000
v -68.000000 -20.299999 2.900000
v -68.331596 -20.332701 2.900000
v -67.668404 -23.667299 2.900000
v -66.314499 -22.221901 2.900000
v -67.453598 -23.609800 2.900000
v -67.559998 -23.642099 2.900000
v -67.349403 -23.570601 2.900000
v -66.797897 -23.202101 2.900000
v -69.524696 -21.248100 2.900000
v -69.472198 -21.150000 2.900000
v -68.849998 -23.472200 2.900000
v -69.348701 -20.965099 2.900000
v -69.413498 -21.055500 2.900000
v -66.879097 -23.278099 2.900000
v -68.221901 -20.314501 2.900000
v -67.453598 -20.390200 2.900000
v -66.797897 -20.797899 2.900000
v 66.721901 -23.120899 2.900000
v 66.797897 -23.202101 2.900000
v 66.879097 -23.278099 2.900000
v 66.527802 -22.850000 2.900000
v 66.586502 -22.944500 2.900000
v 66.651299 -23.034901 2.900000
v 67.150002 -23.472200 2.900000
v 66.965103 -23.348700 2.900000
v 67.055496 -23.413500 2.900000
v 66.429398 -22.650600 2.900000
v 66.475304 -22.751900 2.900000
v 67.349403 -23.570601 2.900000
v 67.248100 -23.524700 2.900000
v 66.390198 -22.546400 2.900000
v 67.453598 -23.609800 2.900000
v 66.332703 -22.331699 2.900000
v 66.357903 -22.440001 2.900000
v 67.668404 -23.667299 2.900000
v 67.559998 -23.642099 2.900000
v 66.303596 -22.111200 2.900000
v 66.314499 -22.221901 2.900000
v 67.888802 -23.696400 2.900000
v 67.778099 -23.685499 2.900000
v 68.000000 -23.700001 2.900000
v 66.300003 -22.000000 2.900000
v 68.331596 -23.667299 2.900000
v 68.111198 -23.696400 2.900000
v 68.221901 -23.685499 2.900000
v 66.332703 -21.668301 2.900000
v 66.314499 -21.778099 2.900000
v 66.303596 -21.888800 2.900000
v 66.390198 -21.453600 2.900000
v 66.357903 -21.559999 2.900000
v 68.546402 -23.609800 2.900000
v 68.440002 -23.642099 2.900000
v 68.849998 -23.472200 2.900000
v 68.650597 -23.570601 2.900000
v 68.751900 -23.524700 2.900000
v 66.527802 -21.150000 2.900000
v 66.475304 -21.248100 2.900000
v 66.429398 -21.349400 2.900000
v 69.034897 -23.348700 2.900000
v 68.944504 -23.413500 2.900000
v 66.651299 -20.965099 2.900000
v 66.586502 -21.055500 2.900000
v 66.721901 -20.879101 2.900000
v 69.120903 -23.278099 2.900000
v 66.879097 -20.721901 2.900000
v 66.797897 -20.797899 2.900000
v 69.202103 -23.202101 2.900000
v 67.150002 -20.527800 2.900000
v 67.055496 -20.586500 2.900000
v 66.965103 -20.651300 2.900000
v 67.349403 -20.429399 2.900000
v 67.248100 -20.475300 2.900000
v 67.453598 -20.390200 2.900000
v 69.609802 -22.546400 2.900000
v 67.668404 -20.332701 2.900000
v 67.559998 -20.357901 2.900000
v 67.888802 -20.303600 2.900000
v 67.778099 -20.314501 2.900000
v 69.685501 -22.221901 2.900000
v 68.000000 -20.299999 2.900000
v 68.331596 -20.332701 2.900000
v 68.221901 -20.314501 2.900000
v 68.111198 -20.303600 2.900000
v 68.546402 -20.390200 2.900000
v 68.440002 -20.357901 2.900000
v 69.609802 -21.453600 2.900000
v 68.849998 -20.527800 2.900000
v 68.751900 -20.475300 2.900000
v 68.650597 -20.429399 2.900000
v 69.034897 -20.651300 2.900000
v 68.944504 -20.586500 2.900000
v 69.120903 -20.721901 2.900000
v 69.202103 -20.797899 2.900000
v -69.278099 20.879101 2.900000
v -69.202103 20.797899 2.900000
v -69.120903 20.721901 2.900000
v -69.472198 21.150000 2.900000
v -69.413498 21.055500 2.900000
v -69.348701 20.965099 2.900000
v -68.849998 20.527800 2.900000
v -69.034897 20.651300 2.900000
v -68.944504 20.586500 2.900000
v -69.570602 21.349400 2.900000
v -69.524696 21.248100 2.900000
v -68.650597 20.429399 2.900000
v -68.751900 20.475300 2.900000
v -69.609802 21.453600 2.900000
v -68.546402 20.390200 2.900000
v -69.667297 21.668301 2.900000
v -69.642097 21.559999 2.900000
v -68.331596 20.332701 2.900000
v -68.440002 20.357901 2.900000
v -69.696404 21.888800 2.900000
v -69.685501 21.778099 2.900000
v -68.111198 20.303600 2.900000
v -68.221901 20.314501 2.900000
v -68.000000 20.299999 2.900000
v -69.699997 22.000000 2.900000
v -67.668404 20.332701 2.900000
v -67.888802 20.303600 2.900000
v -67.778099 20.314501 2.900000
v -69.667297 22.331699 2.900000
v -69.685501 22.221901 2.900000
v -69.696404 22.111200 2.900000
v -69.609802 22.546400 2.900000
v -69.642097 22.440001 2.900000
v -67.453598 20.390200 2.900000
v -67.559998 20.357901 2.900000
v -67.150002 20.527800 2.900000
v -67.349403 20.429399 2.900000
v -67.248100 20.475300 2.900000
v -69.472198 22.850000 2.900000
v -69.524696 22.751900 2.900000
v -69.570602 22.650600 2.900000
v -66.965103 20.651300 2.900000
v -67.055496 20.586500 2.900000
v -69.348701 23.034901 2.900000
v -69.413498 22.944500 2.900000
v -69.278099 23.120899 2.900000
v -66.879097 20.721901 2.900000
v -69.120903 23.278099 2.900000
v -69.202103 23.202101 2.900000
v -66.797897 20.797899 2.900000
v -66.586502 21.055500 2.900000
v -68.849998 23.472200 2.900000
v -68.944504 23.413500 2.900000
v -69.034897 23.348700 2.900000
v -66.429398 21.349400 2.900000
v -68.650597 23.570601 2.900000
v -68.751900 23.524700 2.900000
v -68.546402 23.609800 2.900000
v -68.331596 23.667299 2.900000
v -68.440002 23.642099 2.900000
v -68.111198 23.696400 2.900000
v -68.221901 23.685499 2.900000
v -66.300003 22.000000 2.900000
v -68.000000 23.700001 2.900000
v -67.668404 23.667299 2.900000
v -67.778099 23.685499 2.900000
v -67.888802 23.696400 2.900000
v -67.453598 23.609800 2.900000
v -67.559998 23.642099 2.900000
v -67.150002 23.472200 2.900000
v -67.248100 23.524700 2.900000
v -67.349403 23.570601 2.900000
v -66.965103 23.348700 2.900000
v -67.055496 23.413500 2.900000
v -66.879097 23.278099 2.900000
v 66.721901 20.879101 2.900000
v 66.797897 20.797899 2.900000
v 66.879097 20.721901 2.900000
v 66.527802 21.150000 2.900000
v 66.586502 21.055500 2.900000
v 66.651299 20.965099 2.900000
v 67.150002 20.527800 2.900000
v 66.965103 20.651300 2.900000
v 67.055496 20.586500 2.900000
v 66.429398 21.349400 2.900000
v 66.475304 21.248100 2.900000
v 67.349403 20.429399 2.900000
v 67.248100 20.475300 2.900000
v 66.390198 21.453600 2.900000
v 67.453598 20.390200 2.900000
v 66.332703 21.668301 2.900000
v 66.357903 21.559999 2.900000
v 67.668404 20.332701 2.900000
v 67.559998 20.357901 2.900000
v 66.303596 21.888800 2.900000
v 66.314499 21.778099 2.900000
v 67.888802 20.303600 2.900000
v 67.778099 20.314501 2.900000
v 68.000000 20.299999 2.900000
v 66.300003 22.000000 2.900000
v 68.331596 20.332701 2.900000
v 68.111198 20.303600 2.900000
v 68.221901 20.314501 2.900000
v 66.332703 22.331699 2.900000
v 66.314499 22.221901 2.900000
v 66.303596 22.111200 2.900000
v 66.390198 22.546400 2.900000
v 66.357903 22.440001 2.900000
v 68.546402 20.390200 2.900000
v 68.440002 20.357901 2.900000
v 68.849998 20.527800 2.900000
v 68.650597 20.429399 2.900000
v 68.751900 20.475300 2.900000
v 66.527802 22.850000 2.900000
v 66.475304 22.751900 2.900000
v 66.429398 22.650600 2.900000
v 69.034897 20.651300 2.900000
v 68.944504 20.586500 2.900000
v 66.651299 23.034901 2.900000
v 66.586502 22.944500 2.900000
v 66.721901 23.120899 2.900000
v 69.120903 20.721901 2.900000
v 66.879097 23.278099 2.900000
v 66.797897 23.202101 2.900000
v 69.472198 21.150000 2.900000
v 69.348701 20.965099 2.900000
v 69.413498 21.055500 2.900000
v 67.150002 23.472200 2.900000
v 67.055496 23.413500 2.900000
v 66.965103 23.348700 2.900000
v 67.349403 23.570601 2.900000
v 67.248100 23.524700 2.900000
v 67.453598 23.609800 2.900000
v 69.667297 21.668301 2.900000
v 67.668404 23.667299 2.900000
v 67.559998 23.642099 2.900000
v 67.888802 23.696400 2.900000
v 67.778099 23.685499 2.900000
v 69.699997 22.000000 2.900000
v 68.000000 23.700001 2.900000
v 68.331596 23.667299 2.900000
v 68.221901 23.685499 2.900000
v 68.111198 23.696400 2.900000
v 69.667297 22.331699 2.900000
v 68.546402 23.609800 2.900000
v 68.440002 23.642099 2.900000
v 68.849998 23.472200 2.900000
v 68.751900 23.524700 2.900000
v 68.650597 23.570601 2.900000
v 69.570602 22.650600 2.900000
v 69.034897 23.348700 2.900000
v 68.944504 23.413500 2.900000
v 69.120903 23.278099 2.900000
v 13.741000 9.532770 22.000000
v 13.636000 9.636040 22.000000
v -84.400002 -36.400002 22.000000
v 13.532800 9.741020 22.000000
v 13.431200 9.847670 22.000000
v 13.847700 9.431220 22.000000
v 13.331400 9.955970 22.000000
v 13.956000 9.331440 22.000000
v 13.233400 10.065900 22.000000
v 14.065900 9.233440 22.000000
v 14.177400 9.137250 22.000000
v 13.137300 10.177400 22.000000
v 13.042900 10.290500 22.000000
v 14.290500 9.042910 22.000000
v 12.950400 10.405100 22.000000
v 14.405100 8.950420 22.000000
v 12.859800 10.521100 22.000000
v 14.521100 8.859820 22.000000
v 12.771100 10.638700 22.000000
v 14.638700 8.771130 22.000000
v 14.757700 8.684380 22.000000
v 12.684400 10.757700 22.000000
v 14.878100 8.599590 22.000000
v 12.599600 10.878100 22.000000
v 14.999900 8.516770 22.000000
v 12.516800 10.999900 22.000000
v 15.123000 8.435960 22.000000
v 12.436000 11.123000 22.000000
v 15.247400 8.357180 22.000000
v 12.357200 11.247400 22.000000
v 12.280400 11.373100 22.000000
v 15.373100 8.280440 22.000000
v 15.500000 8.205770 22.000000
v 12.205800 11.500000 22.000000
v 15.628100 8.133190 22.000000
v 12.133200 11.628100 22.000000
v 12.062700 11.757400 22.000000
v 15.757400 8.062710 22.000000
v 15.887900 7.994360 22.000000
v 11.994400 11.887900 22.000000
v 11.928100 12.019400 22.000000
v 16.019400 7.928140 22.000000
v 16.152000 7.864100 22.000000
v 11.864100 12.152000 22.000000
v 11.802200 12.285600 22.000000
v 16.285601 7.802230 22.000000
v 11.742500 12.420300 22.000000
v 16.420300 7.742550 22.000000
v 16.555799 7.685080 22.000000
v 11.685100 12.555800 22.000000
v 11.629800 12.692400 22.000000
v 16.692400 7.629840 22.000000
v 11.576800 12.829700 22.000000
v 16.829800 7.576850 22.000000
v 16.968000 7.526100 22.000000
v 11.526100 12.968000 22.000000
v 11.477600 13.107000 22.000000
v 17.107000 7.477630 22.000000
v 11.431400 13.246900 22.000000
v 17.246901 7.431440 22.000000
v 11.387500 13.387400 22.000000
v 17.387400 7.387540 22.000000
v 11.345900 13.528700 22.000000
v 17.528700 7.345940 22.000000
v 17.670601 7.306670 22.000000
v 11.306700 13.670600 22.000000
v 11.269700 13.813200 22.000000
v -84.400002 36.400002 22.000000
v 17.813200 7.269720 22.000000
v 11.235100 13.956300 22.000000
v 17.956301 7.235110 22.000000
v 11.202800 14.100000 22.000000
v 18.100000 7.202840 22.000000
v 11.172900 14.244200 22.000000
v 18.244200 7.172930 22.000000
v 18.388800 7.145390 22.000000
v 11.145400 14.388800 22.000000
v 11.120200 14.533900 22.000000
v 11.097400 14.679400 22.000000
v 11.077000 14.825300 22.000000
v 11.059000 14.971400 22.000000
v 11.043300 15.117800 22.000000
v 11.030100 15.264500 22.000000
v 11.019300 15.411400 22.000000
v 11.010800 15.558400 22.000000
v 11.004800 15.705500 22.000000
v 11.001200 15.852700 22.000000
v 11.000000 16.000000 22.000000
v 11.001200 16.147301 22.000000
v 11.004800 16.294500 22.000000
v 11.010800 16.441601 22.000000
v 11.019300 16.588600 22.000000
v 11.030100 16.735500 22.000000
v 11.043300 16.882200 22.000000
v 11.059000 17.028601 22.000000
v 11.077000 17.174700 22.000000
v 11.097400 17.320601 22.000000
v 11.120200 17.466101 22.000000
v 11.145400 17.611200 22.000000
v 11.172900 17.755800 22.000000
v 11.202800 17.900000 22.000000
v 11.235100 18.043699 22.000000
v 11.269700 18.186800 22.000000
v 11.306700 18.329399 22.000000
v 11.345900 18.471300 22.000000
v 11.387500 18.612600 22.000000
v 11.431400 18.753099 22.000000
v 11.477600 18.893000 22.000000
v 11.526100 19.032000 22.000000
v 11.576800 19.170200 22.000000
v 11.629800 19.307600 22.000000
v 11.685100 19.444099 22.000000
v 11.742500 19.579700 22.000000
v 11.802200 19.714399 22.000000
v 11.864100 19.848000 22.000000
v 11.928100 19.980600 22.000000
v 11.994400 20.112101 22.000000
v 12.062700 20.242599 22.000000
v 12.133200 20.371901 22.000000
v 12.205800 20.500000 22.000000
v 12.280400 20.626900 22.000000
v 12.357200 20.752600 22.000000
v 12.436000 20.877001 22.000000
v 12.516800 21.000099 22.000000
v 12.599600 21.121901 22.000000
v 12.684400 21.242300 22.000000
v 12.771100 21.361300 22.000000
v 12.859800 21.478901 22.000000
v 12.950400 21.594900 22.000000
v 13.042900 21.709499 22.000000
v 13.137300 21.822599 22.000000
v 13.233400 21.934099 22.000000
v 13.331400 22.044001 22.000000
v 13.431200 22.152300 22.000000
v 13.532800 22.259001 22.000000
v 13.636000 22.364000 22.000000
v 13.741000 22.467199 22.000000
v 13.847700 22.568800 22.000000
v 13.956000 22.668600 22.000000
v 14.065900 22.766600 22.000000
v 14.177400 22.862700 22.000000
v 14.290500 22.957100 22.000000
v 14.405100 23.049601 22.000000
v 14.521100 23.140200 22.000000
v 14.638700 23.228901 22.000000
v 14.757700 23.315599 22.000000
v 14.878100 23.400400 22.000000
v 14.999900 23.483200 22.000000
v 15.123000 23.563999 22.000000
v 15.247400 23.642799 22.000000
v 15.373100 23.719601 22.000000
v 15.500000 23.794201 22.000000
v 15.628100 23.866800 22.000000
v 15.757400 23.937300 22.000000
v 15.887900 24.005600 22.000000
v 16.019400 24.071899 22.000000
v 16.152000 24.135900 22.000000
v 16.285601 24.197800 22.000000
v 84.400002 -36.400002 22.000000
v 28.522400 13.107000 22.000000
v 28.473900 12.968000 22.000000
v 28.423201 12.829700 22.000000
v 28.370199 12.692400 22.000000
v 28.314899 12.555800 22.000000
v 28.257500 12.420300 22.000000
v 28.197800 12.285600 22.000000
v 28.135900 12.152000 22.000000
v 28.071899 12.019400 22.000000
v 28.005600 11.887900 22.000000
v 27.937300 11.757400 22.000000
v 27.866800 11.628100 22.000000
v 27.794201 11.500000 22.000000
v 27.719601 11.373100 22.000000
v 27.642799 11.247400 22.000000
v 27.563999 11.123000 22.000000
v 27.483200 10.999900 22.000000
v 27.400400 10.878100 22.000000
v 27.315599 10.757700 22.000000
v 27.228901 10.638700 22.000000
v 27.140200 10.521100 22.000000
v 27.049601 10.405100 22.000000
v 26.957100 10.290500 22.000000
v 26.862700 10.177400 22.000000
v 26.766600 10.065900 22.000000
v 26.668600 9.955970 22.000000
v 26.568800 9.847670 22.000000
v 26.467199 9.741020 22.000000
v 26.364000 9.636040 22.000000
v 26.259001 9.532770 22.000000
v 26.152300 9.431220 22.000000
v 26.044001 9.331440 22.000000
v 25.934099 9.233440 22.000000
v 25.822599 9.137250 22.000000
v 25.709499 9.042910 22.000000
v 25.594900 8.950420 22.000000
v 25.478901 8.859820 22.000000
v 25.361300 8.771130 22.000000
v 25.242300 8.684380 22.000000
v 25.121901 8.599590 22.000000
v 25.000099 8.516770 22.000000
v 24.877001 8.435960 22.000000
v 24.752600 8.357180 22.000000
v 24.626900 8.280440 22.000000
v 24.500000 8.205770 22.000000
v 24.371901 8.133190 22.000000
v 24.242599 8.062710 22.000000
v 24.112101 7.994360 22.000000
v 23.980600 7.928140 22.000000
v 23.848000 7.864100 22.000000
v 23.714399 7.802230 22.000000
v 23.579700 7.742550 22.000000
v 23.444099 7.685080 22.000000
v 23.307600 7.629840 22.000000
v 23.170200 7.576850 22.000000
v 23.032000 7.526100 22.000000
v 22.893000 7.477630 22.000000
v 22.753099 7.431440 22.000000
v 22.612600 7.387540 22.000000
v 22.471300 7.345940 22.000000
v 22.329399 7.306670 22.000000
v 22.186800 7.269720 22.000000
v 22.043699 7.235110 22.000000
v 21.900000 7.202840 22.000000
v 21.755800 7.172930 22.000000
v 21.611200 7.145390 22.000000
v 21.466101 7.120210 22.000000
v 21.320601 7.097410 22.000000
v 21.174700 7.077000 22.000000
v 21.028601 7.058970 22.000000
v 20.882200 7.043340 22.000000
v 20.735500 7.030100 22.000000
v 20.588600 7.019270 22.000000
v 20.441601 7.010840 22.000000
v 20.294500 7.004820 22.000000
v 20.147301 7.001200 22.000000
v 20.000000 7.000000 22.000000
v 19.852699 7.001200 22.000000
v 19.705500 7.004820 22.000000
v 19.558399 7.010840 22.000000
v 19.411400 7.019270 22.000000
v 19.264500 7.030100 22.000000
v 19.117800 7.043340 22.000000
v 18.971399 7.058970 22.000000
v 18.825300 7.077000 22.000000
v 18.679399 7.097410 22.000000
v 18.533899 7.120210 22.000000
v 84.400002 36.400002 22.000000
v 29.000000 16.000000 22.000000
v 28.998800 15.852700 22.000000
v 28.995199 15.705500 22.000000
v 28.989201 15.558400 22.000000
v 28.980700 15.411400 22.000000
v 28.969900 15.264500 22.000000
v 28.956699 15.117800 22.000000
v 28.941000 14.971400 22.000000
v 28.923000 14.825300 22.000000
v 28.902599 14.679400 22.000000
v 28.879801 14.533900 22.000000
v 28.854601 14.388800 22.000000
v 28.827101 14.244200 22.000000
v 28.797199 14.100000 22.000000
v 28.764900 13.956300 22.000000
v 28.730301 13.813200 22.000000
v 28.693300 13.670600 22.000000
v 28.654100 13.528700 22.000000
v 28.612499 13.387400 22.000000
v 28.568600 13.246900 22.000000
v 21.466101 24.879801 22.000000
v 21.611200 24.854601 22.000000
v 21.755800 24.827101 22.000000
v 21.900000 24.797199 22.000000
v 22.043699 24.764900 22.000000
v 22.186800 24.730301 22.000000
v 22.329399 24.693300 22.000000
v 22.471300 24.654100 22.000000
v 22.612600 24.612499 22.000000
v 22.753099 24.568600 22.000000
v 22.893000 24.522400 22.000000
v 23.032000 24.473900 22.000000
v 23.170200 24.423201 22.000000
v 23.307600 24.370199 22.000000
v 23.444099 24.314899 22.000000
v 23.579700 24.257500 22.000000
v 23.714399 24.197800 22.000000
v 23.848000 24.135900 22.000000
v 23.980600 24.071899 22.000000
v 24.112101 24.005600 22.000000
v 24.242599 23.937300 22.000000
v 24.371901 23.866800 22.000000
v 24.500000 23.794201 22.000000
v 24.626900 23.719601 22.000000
v 24.752600 23.642799 22.000000
v 24.877001 23.563999 22.000000
v 25.000099 23.483200 22.000000
v 25.121901 23.400400 22.000000
v 25.242300 23.315599 22.000000
v 25.361300 23.228901 22.000000
v 25.478901 23.140200 22.000000
v 25.594900 23.049601 22.000000
v 25.709499 22.957100 22.000000
v 25.822599 22.862700 22.000000
v 25.934099 22.766600 22.000000
v 26.044001 22.668600 22.000000
v 26.152300 22.568800 22.000000
v 26.259001 22.467199 22.000000
v 26.364000 22.364000 22.000000
v 26.467199 22.259001 22.000000
v 26.568800 22.152300 22.000000
v 26.668600 22.044001 22.000000
v 26.766600 21.934099 22.000000
v 26.862700 21.822599 22.000000
v 26.957100 21.709499 22.000000
v 27.049601 21.594900 22.000000
v 27.140200 21.478901 22.000000
v 27.228901 21.361300 22.000000
v 27.315599 21.242300 22.000000
v 27.400400 21.121901 22.000000
v 27.483200 21.000099 22.000000
v 27.563999 20.877001 22.000000
v 27.642799 20.752600 22.000000
v 27.719601 20.626900 22.000000
v 27.794201 20.500000 22.000000
v 27.866800 20.371901 22.000000
v 27.937300 20.242599 22.000000
v 28.005600 20.112101 22.000000
v 28.071899 19.980600 22.000000
v 28.135900 19.848000 22.000000
v 28.197800 19.714399 22.000000
v 28.257500 19.579700 22.000000
v 28.314899 19.444099 22.000000
v 28.370199 19.307600 22.000000
v 28.423201 19.170200 22.000000
v 28.473900 19.032000 22.000000
v 28.522400 18.893000 22.000000
v 28.568600 18.753099 22.000000
v 28.612499 18.612600 22.000000
v 28.654100 18.471300 22.000000
v 28.693300 18.329399 22.000000
v 28.730301 18.186800 22.000000
v 28.764900 18.043699 22.000000
v 28.797199 17.900000 22.000000
v 28.827101 17.755800 22.000000
v 28.854601 17.611200 22.000000
v 28.879801 17.466101 22.000000
v 28.902599 17.320601 22.000000
v 28.923000 17.174700 22.000000
v 28.941000 17.028601 22.000000
v 28.956699 16.882200 22.000000
v 28.969900 16.735500 22.000000
v 28.980700 16.588600 22.000000
v 28.989201 16.441601 22.000000
v 28.995199 16.294500 22.000000
v 28.998800 16.147301 22.000000
v 20.000000 25.000000 22.000000
v 19.852699 24.998800 22.000000
v 19.705500 24.995199 22.000000
v 19.558399 24.989201 22.000000
v 19.411400 24.980700 22.000000
v 19.264500 24.969900 22.000000
v 19.117800 24.956699 22.000000
v 18.971399 24.941000 22.000000
v 18.825300 24.923000 22.000000
v 18.679399 24.902599 22.000000
v 18.533899 24.879801 22.000000
v 18.388800 24.854601 22.000000
v 18.244200 24.827101 22.000000
v 18.100000 24.797199 22.000000
v 17.956301 24.764900 22.000000
v 17.813200 24.730301 22.000000
v 17.670601 24.693300 22.000000
v 17.528700 24.654100 22.000000
v 17.387400 24.612499 22.000000
v 17.246901 24.568600 22.000000
v 17.107000 24.522400 22.000000
v 16.968000 24.473900 22.000000
v 16.829800 24.423201 22.000000
v 16.692400 24.370199 22.000000
v 16.555799 24.314899 22.000000
v 16.420300 24.257500 22.000000
v 20.147301 24.998800 22.000000
v 20.294500 24.995199 22.000000
v 20.441601 24.989201 22.000000
v 20.588600 24.980700 22.000000
v 20.735500 24.969900 22.000000
v 20.882200 24.956699 22.000000
v 21.028601 24.941000 22.000000
v 21.174700 24.923000 22.000000
v 21.320601 24.902599 22.000000
v 84.400002 36.400002 18.600000
v 84.400002 -36.400002 18.600000
v 26.259001 9.532770 18.600000
v 26.364000 9.636040 18.600000
v 26.467199 9.741020 18.600000
v 26.568800 9.847670 18.600000
v 26.152300 9.431220 18.600000
v 26.668600 9.955970 18.600000
v 26.044001 9.331440 18.600000
v 26.766600 10.065900 18.600000
v 25.934099 9.233440 18.600000
v 25.822599 9.137250 18.600000
v 26.862700 10.177400 18.600000
v 26.957100 10.290500 18.600000
v 25.709499 9.042910 18.600000
v 27.049601 10.405100 18.600000
v 25.594900 8.950420 18.600000
v 27.140200 10.521100 18.600000
v 25.478901 8.859820 18.600000
v 27.228901 10.638700 18.600000
v 25.361300 8.771130 18.600000
v 25.242300 8.684380 18.600000
v 27.315599 10.757700 18.600000
v 25.121901 8.599590 18.600000
v 27.400400 10.878100 18.600000
v 25.000099 8.516770 18.600000
v 27.483200 10.999900 18.600000
v 24.877001 8.435960 18.600000
v 27.563999 11.123000 18.600000
v 24.752600 8.357180 18.600000
v 27.642799 11.247400 18.600000
v 27.719601 11.373100 18.600000
v 24.626900 8.280440 18.600000
v 24.500000 8.205770 18.600000
v 27.794201 11.500000 18.600000
v 24.371901 8.133190 18.600000
v 27.866800 11.628100 18.600000
v 27.937300 11.757400 18.600000
v 24.242599 8.062710 18.600000
v 24.112101 7.994360 18.600000
v 28.005600 11.887900 18.600000
v 28.071899 12.019400 18.600000
v 23.980600 7.928140 18.600000
v 28.135900 12.152000 18.600000
v 23.848000 7.864100 18.600000
v 28.197800 12.285600 18.600000
v 23.714399 7.802230 18.600000
v 28.257500 12.420300 18.600000
v 23.579700 7.742550 18.600000
v 28.314899 12.555800 18.600000
v 23.444099 7.685080 18.600000
v 28.370199 12.692400 18.600000
v 23.307600 7.629840 18.600000
v 28.423201 12.829700 18.600000
v 23.170200 7.576850 18.600000
v 23.032000 7.526100 18.600000
v 28.473900 12.968000 18.600000
v 28.522400 13.107000 18.600000
v 22.893000 7.477630 18.600000
v 28.568600 13.246900 18.600000
v 22.753099 7.431440 18.600000
v 28.612499 13.387400 18.600000
v 22.612600 7.387540 18.600000
v 28.654100 13.528700 18.600000
v 22.471300 7.345940 18.600000
v 22.329399 7.306670 18.600000
v 28.693300 13.670600 18.600000
v 28.730301 13.813200 18.600000
v 22.186800 7.269720 18.600000
v 28.764900 13.956300 18.600000
v 22.043699 7.235110 18.600000
v 28.797199 14.100000 18.600000
v 21.900000 7.202840 18.600000
v 28.827101 14.244200 18.600000
v 21.755800 7.172930 18.600000
v 21.611200 7.145390 18.600000
v 28.854601 14.388800 18.600000
v 28.879801 14.533900 18.600000
v 21.466101 7.120210 18.600000
v 28.902599 14.679400 18.600000
v 21.320601 7.097410 18.600000
v 28.923000 14.825300 18.600000
v 21.174700 7.077000 18.600000
v 21.028601 7.058970 18.600000
v 28.941000 14.971400 18.600000
v 28.956699 15.117800 18.600000
v 20.882200 7.043340 18.600000
v 20.735500 7.030100 18.600000
v 28.969900 15.264500 18.600000
v 20.588600 7.019270 18.600000
v 28.980700 15.411400 18.600000
v 28.989201 15.558400 18.600000
v 20.441601 7.010840 18.600000
v 28.995199 15.705500 18.600000
v 20.294500 7.004820 18.600000
v 20.147301 7.001200 18.600000
v 28.998800 15.852700 18.600000
v 20.000000 7.000000 18.600000
v 29.000000 16.000000 18.600000
v 28.998800 16.147301 18.600000
v 19.852699 7.001200 18.600000
v 28.995199 16.294500 18.600000
v 19.705500 7.004820 18.600000
v 28.989201 16.441601 18.600000
v 19.558399 7.010840 18.600000
v 19.411400 7.019270 18.600000
v 28.980700 16.588600 18.600000
v 19.264500 7.030100 18.600000
v 28.969900 16.735500 18.600000
v 28.956699 16.882200 18.600000
v 19.117800 7.043340 18.600000
v 18.971399 7.058970 18.600000
v 28.941000 17.028601 18.600000
v 28.923000 17.174700 18.600000
v 18.825300 7.077000 18.600000
v 28.902599 17.320601 18.600000
v 18.679399 7.097410 18.600000
v 28.879801 17.466101 18.600000
v 18.533899 7.120210 18.600000
v 18.388800 7.145390 18.600000
v 28.854601 17.611200 18.600000
v 28.827101 17.755800 18.600000
v 28.797199 17.900000 18.600000
v 28.764900 18.043699 18.600000
v 28.730301 18.186800 18.600000
v 28.693300 18.329399 18.600000
v 28.654100 18.471300 18.600000
v 28.612499 18.612600 18.600000
v 28.568600 18.753099 18.600000
v 28.522400 18.893000 18.600000
v 28.473900 19.032000 18.600000
v 28.423201 19.170200 18.600000
v 28.370199 19.307600 18.600000
v 28.314899 19.444099 18.600000
v 28.257500 19.579700 18.600000
v 28.197800 19.714399 18.600000
v 28.135900 19.848000 18.600000
v 28.071899 19.980600 18.600000
v 28.005600 20.112101 18.600000
v 27.937300 20.242599 18.600000
v 27.866800 20.371901 18.600000
v 27.794201 20.500000 18.600000
v 27.719601 20.626900 18.600000
v 27.642799 20.752600 18.600000
v 27.563999 20.877001 18.600000
v 27.483200 21.000099 18.600000
v 27.400400 21.121901 18.600000
v 27.315599 21.242300 18.600000
v 27.228901 21.361300 18.600000
v 27.140200 21.478901 18.600000
v 27.049601 21.594900 18.600000
v 26.957100 21.709499 18.600000
v 26.862700 21.822599 18.600000
v 26.766600 21.934099 18.600000
v 26.668600 22.044001 18.600000
v 26.568800 22.152300 18.600000
v 26.467199 22.259001 18.600000
v 26.364000 22.364000 18.600000
v 26.259001 22.467199 18.600000
v 26.152300 22.568800 18.600000
v 26.044001 22.668600 18.600000
v 25.934099 22.766600 18.600000
v 25.822599 22.862700 18.600000
v 25.709499 22.957100 18.600000
v 25.594900 23.049601 18.600000
v 25.478901 23.140200 18.600000
v 25.361300 23.228901 18.600000
v 25.242300 23.315599 18.600000
v 25.121901 23.400400 18.600000
v 25.000099 23.483200 18.600000
v 24.877001 23.563999 18.600000
v 24.752600 23.642799 18.600000
v 24.626900 23.719601 18.600000
v 24.500000 23.794201 18.600000
v 24.371901 23.866800 18.600000
v 24.242599 23.937300 18.600000
v 24.112101 24.005600 18.600000
v 23.980600 24.071899 18.600000
v 23.848000 24.135900 18.600000
v 23.714399 24.197800 18.600000
v 23.579700 24.257500 18.600000
v 23.444099 24.314899 18.600000
v 23.307600 24.370199 18.600000
v 23.170200 24.423201 18.600000
v 23.032000 24.473900 18.600000
v 22.893000 24.522400 18.600000
v 22.753099 24.568600 18.600000
v 22.612600 24.612499 18.600000
v 22.471300 24.654100 18.600000
v 22.329399 24.693300 18.600000
v 22.186800 24.730301 18.600000
v 22.043699 24.764900 18.600000
v 21.900000 24.797199 18.600000
v 21.755800 24.827101 18.600000
v 21.611200 24.854601 18.600000
v 21.466101 24.879801 18.600000
v -84.400002 -36.400002 18.600000
v 11.269700 13.813200 18.600000
v 11.306700 13.670600 18.600000
v 11.345900 13.528700 18.600000
v 11.387500 13.387400 18.600000
v 11.431400 13.246900 18.600000
v 11.477600 13.107000 18.600000
v 11.526100 12.968000 18.600000
v 11.576800 12.829700 18.600000
v 11.629800 12.692400 18.600000
v 11.685100 12.555800 18.600000
v 11.742500 12.420300 18.600000
v 11.802200 12.285600 18.600000
v 11.864100 12.152000 18.600000
v 11.928100 12.019400 18.600000
v 11.994400 11.887900 18.600000
v 12.062700 11.757400 18.600000
v 12.133200 11.628100 18.600000
v 12.205800 11.500000 18.600000
v 12.280400 11.373100 18.600000
v 12.357200 11.247400 18.600000
v 12.436000 11.123000 18.600000
v 12.516800 10.999900 18.600000
v 12.599600 10.878100 18.600000
v 12.684400 10.757700 18.600000
v 12.771100 10.638700 18.600000
v 12.859800 10.521100 18.600000
v 12.950400 10.405100 18.600000
v 13.042900 10.290500 18.600000
v 13.137300 10.177400 18.600000
v 13.233400 10.065900 18.600000
v 13.331400 9.955970 18.600000
v 13.431200 9.847670 18.600000
v 13.532800 9.741020 18.600000
v 13.636000 9.636040 18.600000
v 13.741000 9.532770 18.600000
v 13.847700 9.431220 18.600000
v 13.956000 9.331440 18.600000
v 14.065900 9.233440 18.600000
v 14.177400 9.137250 18.600000
v 14.290500 9.042910 18.600000
v 14.405100 8.950420 18.600000
v 14.521100 8.859820 18.600000
v 14.638700 8.771130 18.600000
v 14.757700 8.684380 18.600000
v 14.878100 8.599590 18.600000
v 14.999900 8.516770 18.600000
v 15.123000 8.435960 18.600000
v 15.247400 8.357180 18.600000
v 15.373100 8.280440 18.600000
v 15.500000 8.205770 18.600000
v 15.628100 8.133190 18.600000
v 15.757400 8.062710 18.600000
v 15.887900 7.994360 18.600000
v 16.019400 7.928140 18.600000
v 16.152000 7.864100 18.600000
v 16.285601 7.802230 18.600000
v 16.420300 7.742550 18.600000
v 16.555799 7.685080 18.600000
v 16.692400 7.629840 18.600000
v 16.829800 7.576850 18.600000
v 16.968000 7.526100 18.600000
v 17.107000 7.477630 18.600000
v 17.246901 7.431440 18.600000
v 17.387400 7.387540 18.600000
v 17.528700 7.345940 18.600000
v 17.670601 7.306670 18.600000
v 17.813200 7.269720 18.600000
v 17.956301 7.235110 18.600000
v 18.100000 7.202840 18.600000
v 18.244200 7.172930 18.600000
v -84.400002 36.400002 18.600000
v 11.030100 15.264500 18.600000
v 11.043300 15.117800 18.600000
v 11.059000 14.971400 18.600000
v 11.077000 14.825300 18.600000
v 11.097400 14.679400 18.600000
v 11.120200 14.533900 18.600000
v 11.145400 14.388800 18.600000
v 11.172900 14.244200 18.600000
v 11.202800 14.100000 18.600000
v 11.235100 13.956300 18.600000
v 16.285601 24.197800 18.600000
v 16.152000 24.135900 18.600000
v 16.019400 24.071899 18.600000
v 15.887900 24.005600 18.600000
v 15.757400 23.937300 18.600000
v 15.628100 23.866800 18.600000
v 15.500000 23.794201 18.600000
v 15.373100 23.719601 18.600000
v 15.247400 23.642799 18.600000
v 15.123000 23.563999 18.600000
v 14.999900 23.483200 18.600000
v 14.878100 23.400400 18.600000
v 14.757700 23.315599 18.600000
v 14.638700 23.228901 18.600000
v 14.521100 23.140200 18.600000
v 14.405100 23.049601 18.600000
v 14.290500 22.957100 18.600000
v 14.177400 22.862700 18.600000
v 14.065900 22.766600 18.600000
v 13.956000 22.668600 18.600000
v 13.847700 22.568800 18.600000
v 13.741000 22.467199 18.600000
v 13.636000 22.364000 18.600000
v 13.532800 22.259001 18.600000
v 13.431200 22.152300 18.600000
v 13.331400 22.044001 18.600000
v 13.233400 21.934099 18.600000
v 13.137300 21.822599 18.600000
v 13.042900 21.709499 18.600000
v 12.950400 21.594900 18.600000
v 12.859800 21.478901 18.600000
v 12.771100 21.361300 18.600000
v 12.684400 21.242300 18.600000
v 12.599600 21.121901 18.600000
v 12.516800 21.000099 18.600000
v 12.436000 20.877001 18.600000
v 12.357200 20.752600 18.600000
v 12.280400 20.626900 18.600000
v 12.205800 20.500000 18.600000
v 12.133200 20.371901 18.600000
v 12.062700 20.242599 18.600000
v 11.994400 20.112101 18.600000
v 11.928100 19.980600 18.600000
v 11.864100 19.848000 18.600000
v 11.802200 19.714399 18.600000
v 11.742500 19.579700 18.600000
v 11.685100 19.444099 18.600000
v 11.629800 19.307600 18.600000
v 11.576800 19.170200 18.600000
v 11.526100 19.032000 18.600000
v 11.477600 18.893000 18.600000
v 11.431400 18.753099 18.600000
v 11.387500 18.612600 18.600000
v 11.345900 18.471300 18.600000
v 11.306700 18.329399 18.600000
v 11.269700 18.186800 18.600000
v 11.235100 18.043699 18.600000
v 11.202800 17.900000 18.600000
v 11.172900 17.755800 18.600000
v 11.145400 17.611200 18.600000
v 11.120200 17.466101 18.600000
v 11.097400 17.320601 18.600000
v 11.077000 17.174700 18.600000
v 11.059000 17.028601 18.600000
v 11.043300 16.882200 18.600000
v 11.030100 16.735500 18.600000
v 11.019300 16.588600 18.600000
v 11.010800 16.441601 18.600000
v 11.004800 16.294500 18.600000
v 11.001200 16.147301 18.600000
v 11.000000 16.000000 18.600000
v 11.001200 15.852700 18.600000
v 11.004800 15.705500 18.600000
v 11.010800 15.558400 18.600000
v 11.019300 15.411400 18.600000
v 20.000000 25.000000 18.600000
v 20.147301 24.998800 18.600000
v 20.294500 24.995199 18.600000
v 20.441601 24.989201 18.600000
v 20.588600 24.980700 18.600000
v 20.735500 24.969900 18.600000
v 20.882200 24.956699 18.600000
v 21.028601 24.941000 18.600000
v 21.174700 24.923000 18.600000
v 21.320601 24.902599 18.600000
v 19.852699 24.998800 18.600000
v 19.705500 24.995199 18.600000
v 19.558399 24.989201 18.600000
v 19.411400 24.980700 18.600000
v 19.264500 24.969900 18.600000
v 19.117800 24.956699 18.600000
v 18.971399 24.941000 18.600000
v 18.825300 24.923000 18.600000
v 18.679399 24.902599 18.600000
v 18.533899 24.879801 18.600000
v 18.388800 24.854601 18.600000
v 18.244200 24.827101 18.600000
v 18.100000 24.797199 18.600000
v 17.956301 24.764900 18.600000
v 17.813200 24.730301 18.600000
v 17.670601 24.693300 18.600000
v 17.528700 24.654100 18.600000
v 17.387400 24.612499 18.600000
v 17.246901 24.568600 18.600000
v 17.107000 24.522400 18.600000
v 16.968000 24.473900 18.600000
v 16.829800 24.423201 18.600000
v 16.692400 24.370199 18.600000
v 16.555799 24.314899 18.600000
v 16.420300 24.257500 18.600000
v -77.000000 -29.000000 4.700000
v 77.000000 -29.000000 4.700000
v 77.000000 -29.000000 6.210000
v -77.000000 -29.000000 6.210000
v 77.000000 29.000000 4.700000
v 77.000000 29.000000 6.210000
v -77.000000 29.000000 6.210000
v -77.000000 29.000000 4.700000
v -69.250931 -22.997583 4.700000
v -69.088280 -23.172882 4.700000
v -68.901314 -23.321981 4.700000
v -69.385643 -22.799999 4.700000
v -68.694214 -23.441549 4.700000
v -69.489395 -22.584545 4.700000
v -68.471611 -23.528917 4.700000
v -69.559883 -22.356033 4.700000
v -68.238464 -23.582129 4.700000
v -69.595528 -22.119568 4.700000
v -68.000000 -23.600000 4.700000
v -69.595528 -21.880432 4.700000
v -67.761536 -23.582129 4.700000
v -69.559883 -21.643967 4.700000
v -67.528389 -23.528917 4.700000
v -69.489395 -21.415455 4.700000
v -67.305786 -23.441549 4.700000
v -69.385643 -21.200001 4.700000
v -69.250931 -21.002417 4.700000
v -69.250931 21.002417 4.700000
v -69.088280 -20.827118 4.700000
v -69.088280 20.827118 4.700000
v -68.901314 20.678019 4.700000
v -68.901314 -20.678019 4.700000
v -68.694214 20.558451 4.700000
v -68.694214 -20.558451 4.700000
v -68.471611 -20.471083 4.700000
v -68.471611 20.471083 4.700000
v -69.385643 21.200001 4.700000
v -69.489395 21.415455 4.700000
v -69.559883 21.643967 4.700000
v -68.238464 20.417871 4.700000
v -68.238464 -20.417871 4.700000
v -68.000000 -20.400000 4.700000
v -69.595528 21.880432 4.700000
v -68.000000 20.400000 4.700000
v -69.595528 22.119568 4.700000
v -67.761536 20.417871 4.700000
v -67.761536 -20.417871 4.700000
v -67.528389 -20.471083 4.700000
v -69.559883 22.356033 4.700000
v -67.528389 20.471083 4.700000
v -69.489395 22.584545 4.700000
v -67.305786 20.558451 4.700000
v -67.305786 -20.558451 4.700000
v -67.098686 -20.678019 4.700000
v -69.385643 22.799999 4.700000
v -67.098686 20.678019 4.700000
v -69.250931 22.997583 4.700000
v -66.911720 20.827118 4.700000
v -66.911720 -20.827118 4.700000
v -69.088280 23.172882 4.700000
v -66.749069 21.002417 4.700000
v -66.749069 -21.002417 4.700000
v -66.614357 -21.200001 4.700000
v -68.901314 23.321981 4.700000
v -66.614357 21.200001 4.700000
v -66.510605 -21.415455 4.700000
v -68.694214 23.441549 4.700000
v -66.510605 21.415455 4.700000
v -68.471611 23.528917 4.700000
v -68.238464 23.582129 4.700000
v -68.000000 23.600000 4.700000
v -67.761536 23.582129 4.700000
v -67.528389 23.528917 4.700000
v -67.305786 23.441549 4.700000
v -66.911720 -23.172882 4.700000
v 66.911720 -23.172882 4.700000
v -67.098686 -23.321981 4.700000
v -66.614357 -22.799999 4.700000
v 66.749069 -22.997583 4.700000
v -66.749069 -22.997583 4.700000
v 67.098686 -23.321981 4.700000
v 66.614357 -22.799999 4.700000
v 67.305786 -23.441549 4.700000
v 66.510605 -22.584545 4.700000
v -66.510605 -22.584545 4.700000
v 66.440117 -22.356033 4.700000
v -66.404472 -22.119568 4.700000
v -66.440117 -22.356033 4.700000
v 66.404472 -22.119568 4.700000
v 66.404472 -21.880432 4.700000
v -66.404472 -21.880432 4.700000
v -66.440117 -21.643967 4.700000
v 66.440117 -21.643967 4.700000
v 66.510605 -21.415455 4.700000
v 68.000000 -23.600000 4.700000
v 67.761536 -23.582129 4.700000
v 67.528389 -23.528917 4.700000
v 69.559883 -21.643967 4.700000
v 69.595528 -21.880432 4.700000
v 69.595528 -22.119568 4.700000
v 69.559883 -22.356033 4.700000
v 69.489395 -22.584545 4.700000
v 69.385643 -22.799999 4.700000
v 69.250931 -22.997583 4.700000
v 69.088280 -23.172882 4.700000
v 68.901314 -23.321981 4.700000
v 68.694214 -23.441549 4.700000
v 68.471611 -23.528917 4.700000
v 68.238464 -23.582129 4.700000
v 69.489395 -21.415455 4.700000
v 69.385643 -21.200001 4.700000
v 69.250931 -21.002417 4.700000
v 66.749069 -21.002417 4.700000
v 66.749069 21.002417 4.700000
v 66.911720 -20.827118 4.700000
v 66.911720 20.827118 4.700000
v 67.098686 20.678019 4.700000
v 67.098686 -20.678019 4.700000
v 66.614357 21.200001 4.700000
v 66.614357 -21.200001 4.700000
v 67.305786 20.558451 4.700000
v 67.305786 -20.558451 4.700000
v 67.528389 -20.471083 4.700000
v 66.510605 21.415455 4.700000
v 67.528389 20.471083 4.700000
v 66.440117 21.643967 4.700000
v -66.440117 21.643967 4.700000
v 67.761536 20.417871 4.700000
v 67.761536 -20.417871 4.700000
v 68.000000 -20.400000 4.700000
v -66.404472 21.880432 4.700000
v 66.404472 21.880432 4.700000
v 68.000000 20.400000 4.700000
v -66.404472 22.119568 4.700000
v 66.404472 22.119568 4.700000
v 68.238464 20.417871 4.700000
v 68.238464 -20.417871 4.700000
v 66.440117 22.356033 4.700000
v -66.510605 22.584545 4.700000
v -66.440117 22.356033 4.700000
v 68.471611 20.471083 4.700000
v 68.471611 -20.471083 4.700000
v 66.510605 22.584545 4.700000
v 68.694214 20.558451 4.700000
v 68.694214 -20.558451 4.700000
v -66.614357 22.799999 4.700000
v 66.614357 22.799999 4.700000
v 68.901314 20.678019 4.700000
v 68.901314 -20.678019 4.700000
v 69.088280 -20.827118 4.700000
v -66.911720 23.172882 4.700000
v 66.749069 22.997583 4.700000
v -66.749069 22.997583 4.700000
v 69.088280 20.827118 4.700000
v 66.911720 23.172882 4.700000
v 69.250931 21.002417 4.700000
v 67.305786 23.441549 4.700000
v 67.528389 23.528917 4.700000
v 67.761536 23.582129 4.700000
v 68.000000 23.600000 4.700000
v 68.238464 23.582129 4.700000
v 68.471611 23.528917 4.700000
v 68.694214 23.441549 4.700000
v 68.901314 23.321981 4.700000
v 69.088280 23.172882 4.700000
v 69.250931 22.997583 4.700000
v 69.385643 22.799999 4.700000
v 69.489395 22.584545 4.700000
v 69.559883 22.356033 4.700000
v 69.595528 22.119568 4.700000
v 69.595528 21.880432 4.700000
v 69.559883 21.643967 4.700000
v 69.489395 21.415455 4.700000
v 69.385643 21.200001 4.700000
v -67.098686 23.321981 4.700000
v 67.098686 23.321981 4.700000
v -69.250931 -22.997583 6.210000
v -69.088280 -23.172882 6.210000
v -68.901314 -23.321981 6.210000
v -69.385643 -22.799999 6.210000
v -68.694214 -23.441549 6.210000
v -69.489395 -22.584545 6.210000
v -68.471611 -23.528917 6.210000
v -69.559883 -22.356033 6.210000
v -68.238464 -23.582129 6.210000
v -69.595528 -22.119568 6.210000
v -68.000000 -23.600000 6.210000
v -69.595528 -21.880432 6.210000
v -67.761536 -23.582129 6.210000
v -69.559883 -21.643967 6.210000
v -67.528389 -23.528917 6.210000
v -69.489395 -21.415455 6.210000
v -67.305786 -23.441549 6.210000
v -69.385643 -21.200001 6.210000
v -69.250931 -21.002417 6.210000
v -69.250931 21.002417 6.210000
v -69.088280 -20.827118 6.210000
v -69.088280 20.827118 6.210000
v -68.901314 20.678019 6.210000
v -68.901314 -20.678019 6.210000
v -68.694214 20.558451 6.210000
v -68.694214 -20.558451 6.210000
v -68.471611 -20.471083 6.210000
v -68.471611 20.471083 6.210000
v -69.385643 21.200001 6.210000
v -69.489395 21.415455 6.210000
v -69.559883 21.643967 6.210000
v -68.238464 20.417871 6.210000
v -68.238464 -20.417871 6.210000
v -68.000000 -20.400000 6.210000
v -69.595528 21.880432 6.210000
v -68.000000 20.400000 6.210000
v -69.595528 22.119568 6.210000
v -67.761536 20.417871 6.210000
v -67.761536 -20.417871 6.210000
v -67.528389 -20.471083 6.210000
v -69.559883 22.356033 6.210000
v -67.528389 20.471083 6.210000
v -69.489395 22.584545 6.210000
v -67.305786 20.558451 6.210000
v -67.305786 -20.558451 6.210000
v -67.098686 -20.678019 6.210000
v -69.385643 22.799999 6.210000
v -67.098686 20.678019 6.210000
v -69.250931 22.997583 6.210000
v -66.911720 20.827118 6.210000
v -66.911720 -20.827118 6.210000
v -69.088280 23.172882 6.210000
v -66.749069 21.002417 6.210000
v -66.749069 -21.002417 6.210000
v -66.614357 -21.200001 6.210000
v -68.901314 23.321981 6.210000
v -66.614357 21.200001 6.210000
v -66.510605 -21.415455 6.210000
v -68.694214 23.441549 6.210000
v -66.510605 21.415455 6.210000
v -68.471611 23.528917 6.210000
v -68.238464 23.582129 6.210000
v -68.000000 23.600000 6.210000
v -67.761536 23.582129 6.210000
v -67.528389 23.528917 6.210000
v -67.305786 23.441549 6.210000
v 66.911720 -23.172882 6.210000
v -66.911720 -23.172882 6.210000
v -67.098686 -23.321981 6.210000
v 66.749069 -22.997583 6.210000
v -66.614357 -22.799999 6.210000
v -66.749069 -22.997583 6.210000
v 67.098686 -23.321981 6.210000
v 66.614357 -22.799999 6.210000
v 67.305786 -23.441549 6.210000
v 66.510605 -22.584545 6.210000
v -66.510605 -22.584545 6.210000
v 66.440117 -22.356033 6.210000
v -66.404472 -22.119568 6.210000
v -66.440117 -22.356033 6.210000
v 66.404472 -22.119568 6.210000
v 66.404472 -21.880432 6.210000
v -66.404472 -21.880432 6.210000
v 66.440117 -21.643967 6.210000
v -66.440117 -21.643967 6.210000
v 66.510605 -21.415455 6.210000
v 68.000000 -23.600000 6.210000
v 67.761536 -23.582129 6.210000
v 67.528389 -23.528917 6.210000
v 69.559883 -21.643967 6.210000
v 69.595528 -21.880432 6.210000
v 69.595528 -22.119568 6.210000
v 69.559883 -22.356033 6.210000
v 69.489395 -22.584545 6.210000
v 69.385643 -22.799999 6.210000
v 69.250931 -22.997583 6.210000
v 69.088280 -23.172882 6.210000
v 68.901314 -23.321981 6.210000
v 68.694214 -23.441549 6.210000
v 68.471611 -23.528917 6.210000
v 68.238464 -23.582129 6.210000
v 69.489395 -21.415455 6.210000
v 69.385643 -21.200001 6.210000
v 69.250931 -21.002417 6.210000
v 66.749069 21.002417 6.210000
v 66.749069 -21.002417 6.210000
v 66.911720 -20.827118 6.210000
v 66.911720 20.827118 6.210000
v 67.098686 20.678019 6.210000
v 67.098686 -20.678019 6.210000
v 66.614357 21.200001 6.210000
v 66.614357 -21.200001 6.210000
v 67.305786 20.558451 6.210000
v 67.305786 -20.558451 6.210000
v 67.528389 -20.471083 6.210000
v 66.510605 21.415455 6.210000
v 67.528389 20.471083 6.210000
v 66.440117 21.643967 6.210000
v -66.440117 21.643967 6.210000
v 67.761536 20.417871 6.210000
v 67.761536 -20.417871 6.210000
v 68.000000 -20.400000 6.210000
v 66.404472 21.880432 6.210000
v -66.404472 21.880432 6.210000
v 68.000000 20.400000 6.210000
v 66.404472 22.119568 6.210000
v -66.404472 22.119568 6.210000
v 68.238464 20.417871 6.210000
v 68.238464 -20.417871 6.210000
v 66.440117 22.356033 6.210000
v -66.510605 22.584545 6.210000
v -66.440117 22.356033 6.210000
v 68.471611 20.471083 6.210000
v 68.471611 -20.471083 6.210000
v 66.510605 22.584545 6.210000
v 68.694214 20.558451 6.210000
v 68.694214 -20.558451 6.210000
v 66.614357 22.799999 6.210000
v -66.614357 22.799999 6.210000
v 68.901314 20.678019 6.210000
v 68.901314 -20.678019 6.210000
v 69.088280 -20.827118 6.210000
v 66.749069 22.997583 6.210000
v -66.911720 23.172882 6.210000
v -66.749069 22.997583 6.210000
v 69.088280 20.827118 6.210000
v 66.911720 23.172882 6.210000
v 69.250931 21.002417 6.210000
v 67.305786 23.441549 6.210000
v 67.528389 23.528917 6.210000
v 67.761536 23.582129 6.210000
v 68.000000 23.600000 6.210000
v 68.238464 23.582129 6.210000
v 68.471611 23.528917 6.210000
v 68.694214 23.441549 6.210000
v 68.901314 23.321981 6.210000
v 69.088280 23.172882 6.210000
v 69.250931 22.997583 6.210000
v 69.385643 22.799999 6.210000
v 69.489395 22.584545 6.210000
v 69.559883 22.356033 6.210000
v 69.595528 22.119568 6.210000
v 69.595528 21.880432 6.210000
v 69.559883 21.643967 6.210000
v 69.489395 21.415455 6.210000
v 69.385643 21.200001 6.210000
v -67.098686 23.321981 6.210000
v 67.098686 23.321981 6.210000
v -44.000000 -6.000000 6.300000
v -44.000000 -6.000000 7.400000
v -44.000000 6.000000 6.300000
v -44.000000 6.000000 7.400000
v -32.000000 -6.000000 7.400000
v -32.000000 -6.000000 6.300000
v -32.000000 6.000000 6.300000
v -32.000000 6.000000 7.400000
v -81.000000 -12.500000 6.300000
v -81.000000 -12.500000 14.100000
v -81.000000 12.500000 6.300000
v -81.000000 12.500000 14.100000
v -67.000000 -12.500000 14.100000
v -67.000000 -12.500000 6.300000
v -67.000000 12.500000 6.300000
v -67.000000 12.500000 14.100000
v 67.000000 -10.000000 6.300000
v 67.000000 -10.000000 11.700000
v 67.000000 10.000000 6.300000
v 67.000000 10.000000 11.700000
v 81.000000 -10.000000 11.700000
v 81.000000 -10.000000 6.300000
v 81.000000 10.000000 6.300000
v 81.000000 10.000000 11.700000
v 28.899477 17.341381 10.500000
v 29.000000 16.000000 10.500000
v 29.000000 16.000000 6.300000
v 28.899477 17.341381 6.300000
v 28.600155 18.652796 10.500000
v 28.600155 18.652796 6.300000
v 28.108719 19.904953 10.500000
v 28.108719 19.904953 6.300000
v 27.436150 21.069881 10.500000
v 27.436150 21.069881 6.300000
v 26.597467 22.121555 10.500000
v 26.597467 22.121555 6.300000
v 25.611408 23.036484 10.500000
v 25.611408 23.036484 6.300000
v 24.500000 23.794230 10.500000
v 24.500000 23.794230 6.300000
v 23.288069 24.377863 10.500000
v 23.288069 24.377863 6.300000
v 22.002687 24.774351 6.300000
v 22.002687 24.774351 10.500000
v 20.672571 24.974834 10.500000
v 20.672571 24.974834 6.300000
v 19.327429 24.974834 6.300000
v 19.327429 24.974834 10.500000
v 17.997313 24.774351 10.500000
v 17.997313 24.774351 6.300000
v 16.711931 24.377863 10.500000
v 16.711931 24.377863 6.300000
v 15.500000 23.794230 10.500000
v 15.500000 23.794230 6.300000
v 14.388592 23.036484 10.500000
v 14.388592 23.036484 6.300000
v 13.402534 22.121555 10.500000
v 13.402534 22.121555 6.300000
v 12.563851 21.069881 6.300000
v 12.563851 21.069881 10.500000
v 11.891280 19.904953 10.500000
v 11.891280 19.904953 6.300000
v 11.399845 18.652796 10.500000
v 11.399845 18.652796 6.300000
v 11.100523 17.341381 10.500000
v 11.100523 17.341381 6.300000
v 11.000000 16.000000 10.500000
v 11.000000 16.000000 6.300000
v 11.100523 14.658620 10.500000
v 11.100523 14.658620 6.300000
v 11.399845 13.347203 10.500000
v 11.399845 13.347203 6.300000
v 11.891280 12.095046 6.300000
v 11.891280 12.095046 10.500000
v 12.563851 10.930120 10.500000
v 12.563851 10.930120 6.300000
v 13.402534 9.878446 6.300000
v 13.402534 9.878446 10.500000
v 14.388592 8.963516 6.300000
v 14.388592 8.963516 10.500000
v 15.500000 8.205771 10.500000
v 15.500000 8.205771 6.300000
v 16.711931 7.622136 6.300000
v 16.711931 7.622136 10.500000
v 17.997313 7.225649 10.500000
v 17.997313 7.225649 6.300000
v 19.327429 7.025166 10.500000
v 19.327429 7.025166 6.300000
v 20.672571 7.025166 10.500000
v 20.672571 7.025166 6.300000
v 22.002687 7.225649 10.500000
v 22.002687 7.225649 6.300000
v 23.288069 7.622136 6.300000
v 23.288069 7.622136 10.500000
v 24.500000 8.205771 10.500000
v 24.500000 8.205771 6.300000
v 25.611408 8.963516 10.500000
v 25.611408 8.963516 6.300000
v 26.597467 9.878446 10.500000
v 26.597467 9.878446 6.300000
v 27.436150 10.930120 10.500000
v 27.436150 10.930120 6.300000
v 28.108719 12.095046 10.500000
v 28.108719 12.095046 6.300000
v 28.600155 13.347203 6.300000
v 28.600155 13.347203 10.500000
v 28.899477 14.658620 10.500000
v 28.899477 14.658620 6.300000
v 4.944154 -19.254789 8.900000
v 5.000000 -20.000000 8.900000
v 5.000000 -20.000000 6.300000
v 4.944154 -19.254789 6.300000
v 4.777864 -18.526224 8.900000
v 4.777864 -18.526224 6.300000
v 4.504844 -17.830582 8.900000
v 4.504844 -17.830582 6.300000
v 4.131194 -17.183399 8.900000
v 4.131194 -17.183399 6.300000
v 3.665259 -16.599136 6.300000
v 3.665259 -16.599136 8.900000
v 3.117449 -16.090843 6.300000
v 3.117449 -16.090843 8.900000
v 2.500000 -15.669873 8.900000
v 2.500000 -15.669873 6.300000
v 1.826705 -15.345632 8.900000
v 1.826705 -15.345632 6.300000
v 1.112605 -15.125360 6.300000
v 1.112605 -15.125360 8.900000
v 0.373650 -15.013981 8.900000
v 0.373650 -15.013981 6.300000
v -0.373650 -15.013981 8.900000
v -0.373650 -15.013981 6.300000
v -1.112605 -15.125360 6.300000
v -1.112605 -15.125360 8.900000
v -1.826705 -15.345632 8.900000
v -1.826705 -15.345632 6.300000
v -2.500000 -15.669873 6.300000
v -2.500000 -15.669873 8.900000
v -3.117449 -16.090843 8.900000
v -3.117449 -16.090843 6.300000
v -3.665259 -16.599136 8.900000
v -3.665259 -16.599136 6.300000
v -4.131194 -17.183399 8.900000
v -4.131194 -17.183399 6.300000
v -4.504844 -17.830582 8.900000
v -4.504844 -17.830582 6.300000
v -4.777864 -18.526224 6.300000
v -4.777864 -18.526224 8.900000
v -4.944154 -19.254789 6.300000
v -4.944154 -19.254789 8.900000
v -5.000000 -20.000000 8.900000
v -5.000000 -20.000000 6.300000
v -4.944154 -20.745211 8.900000
v -4.944154 -20.745211 6.300000
v -4.777864 -21.473776 6.300000
v -4.777864 -21.473776 8.900000
v -4.504844 -22.169418 8.900000
v -4.504844 -22.169418 6.300000
v -4.131194 -22.816601 6.300000
v -4.131194 -22.816601 8.900000
v -3.665259 -23.400864 6.300000
v -3.665259 -23.400864 8.900000
v -3.117449 -23.909157 8.900000
v -3.117449 -23.909157 6.300000
v -2.500000 -24.330128 8.900000
v -2.500000 -24.330128 6.300000
v -1.826705 -24.654369 6.300000
v -1.826705 -24.654369 8.900000
v -1.112605 -24.874640 8.900000
v -1.112605 -24.874640 6.300000
v -0.373650 -24.986019 8.900000
v -0.373650 -24.986019 6.300000
v 0.373650 -24.986019 8.900000
v 0.373650 -24.986019 6.300000
v 1.112605 -24.874640 6.300000
v 1.112605 -24.874640 8.900000
v 1.826705 -24.654369 8.900000
v 1.826705 -24.654369 6.300000
v 2.500000 -24.330128 6.300000
v 2.500000 -24.330128 8.900000
v 3.117449 -23.909157 8.900000
v 3.117449 -23.909157 6.300000
v 3.665259 -23.400864 6.300000
v 3.665259 -23.400864 8.900000
v 4.131194 -22.816601 8.900000
v 4.131194 -22.816601 6.300000
v 4.504844 -22.169418 8.900000
v 4.504844 -22.169418 6.300000
v 4.777864 -21.473776 8.900000
v 4.777864 -21.473776 6.300000
v 4.944154 -20.745211 8.900000
v 4.944154 -20.745211 6.300000
v -84.900002 -12.500000 5.500000
v -84.900002 -12.500000 14.900000
v -84.900002 12.500000 5.500000
v -84.900002 12.500000 14.900000
v -80.500000 -12.500000 14.900000
v -80.500000 -12.500000 5.500000
v -80.500000 12.500000 5.500000
v -80.500000 12.500000 14.900000
v 80.500000 -10.000000 5.500000
v 80.500000 -10.000000 12.500000
v 80.500000 10.000000 5.500000
v 80.500000 10.000000 12.500000
v 84.900002 -10.000000 12.500000
v 84.900002 -10.000000 5.500000
v 84.900002 10.000000 5.500000
v 84.900002 10.000000 12.500000
v 28.899477 17.341381 22.500000
v 29.000000 16.000000 22.500000
v 29.000000 16.000000 10.500000
v 28.899477 17.341381 10.500000
v 28.600155 18.652796 22.500000
v 28.600155 18.652796 10.500000
v 28.108719 19.904953 22.500000
v 28.108719 19.904953 10.500000
v 27.436150 21.069881 22.500000
v 27.436150 21.069881 10.500000
v 26.597467 22.121555 22.500000
v 26.597467 22.121555 10.500000
v 25.611408 23.036484 22.500000
v 25.611408 23.036484 10.500000
v 24.500000 23.794230 22.500000
v 24.500000 23.794230 10.500000
v 23.288069 24.377863 10.500000
v 23.288069 24.377863 22.500000
v 22.002687 24.774351 22.500000
v 22.002687 24.774351 10.500000
v 20.672571 24.974834 10.500000
v 20.672571 24.974834 22.500000
v 19.327429 24.974834 22.500000
v 19.327429 24.974834 10.500000
v 17.997313 24.774351 22.500000
v 17.997313 24.774351 10.500000
v 16.711931 24.377863 10.500000
v 16.711931 24.377863 22.500000
v 15.500000 23.794230 10.500000
v 15.500000 23.794230 22.500000
v 14.388592 23.036484 22.500000
v 14.388592 23.036484 10.500000
v 13.402534 22.121555 10.500000
v 13.402534 22.121555 22.500000
v 12.563851 21.069881 22.500000
v 12.563851 21.069881 10.500000
v 11.891280 19.904953 10.500000
v 11.891280 19.904953 22.500000
v 11.399845 18.652796 22.500000
v 11.399845 18.652796 10.500000
v 11.100523 17.341381 22.500000
v 11.100523 17.341381 10.500000
v 11.000000 16.000000 22.500000
v 11.000000 16.000000 10.500000
v 11.100523 14.658620 22.500000
v 11.100523 14.658620 10.500000
v 11.399845 13.347203 22.500000
v 11.399845 13.347203 10.500000
v 11.891280 12.095046 22.500000
v 11.891280 12.095046 10.500000
v 12.563851 10.930120 22.500000
v 12.563851 10.930120 10.500000
v 13.402534 9.878446 22.500000
v 13.402534 9.878446 10.500000
v 14.388592 8.963516 10.500000
v 14.388592 8.963516 22.500000
v 15.500000 8.205771 22.500000
v 15.500000 8.205771 10.500000
v 16.711931 7.622136 10.500000
v 16.711931 7.622136 22.500000
v 17.997313 7.225649 22.500000
v 17.997313 7.225649 10.500000
v 19.327429 7.025166 22.500000
v 19.327429 7.025166 10.500000
v 20.672571 7.025166 10.500000
v 20.672571 7.025166 22.500000
v 22.002687 7.225649 22.500000
v 22.002687 7.225649 10.500000
v 23.288069 7.622136 22.500000
v 23.288069 7.622136 10.500000
v 24.500000 8.205771 22.500000
v 24.500000 8.205771 10.500000
v 25.611408 8.963516 10.500000
v 25.611408 8.963516 22.500000
v 26.597467 9.878446 22.500000
v 26.597467 9.878446 10.500000
v 27.436150 10.930120 22.500000
v 27.436150 10.930120 10.500000
v 28.108719 12.095046 22.500000
v 28.108719 12.095046 10.500000
v 28.600155 13.347203 22.500000
v 28.600155 13.347203 10.500000
v 28.899477 14.658620 10.500000
v 28.899477 14.658620 22.500000
vn -1.000000 0.000000 0.000000
vn -1.000000 0.000000 0.000000
vn -1.000000 0.000000 0.000000
vn -1.000000 0.000000 0.000000
vn -1.000000 0.000000 0.000000
vn -1.000000 0.000000 0.000000
vn -1.000000 0.000000 0.000000
vn -1.000000 0.000000 0.000000
vn 0.000000 0.000000 1.000000
vn 0.000000 0.000000 1.000000
vn 0.000000 0.000000 1.000000
vn 0.000000 0.000000 1.000000
vn 0.000000 0.000000 1.000000
vn 0.000000 0.000000 1.000000
vn 0.000000 0.000000 1.000000
vn 0.000000 0.000000 1.000000
vn 1.000000 -0.000000 0.000000
vn 1.000000 0.000000 0.000000
vn 1.000000 0.000000 0.000000
vn 1.000000 0.000000 0.000000
vn 1.000000 0.000000 0.000000
vn 1.000000 0.000000 0.000000
vn 1.000000 0.000000 0.000000
vn 1.000000 0.000000 0.000000
vn 0.000000 0.000000 1.000000
vn 0.000000 0.000000 1.000000
vn 0.000000 0.000000 1.000000
vn 0.000000 0.000000 1.000000
vn 0.000000 0.000000 1.000000
vn 0.000000 0.000000 1.000000
vn 0.000000 0.000000 1.000000
vn 0.000000 0.000000 1.000000
vn 0.000000 0.000000 1.000000
vn 0.000000 0.000000 1.000000
vn 0.000000 0.000000 1.000000
vn 0.000000 0.000000 1.000000
vn 0.000000 0.000000 1.000000
vn 0.000000 0.000000 1.000000
vn 0.000000 0.000000 1.000000
vn 0.000000 0.000000 1.000000
vn 0.000000 0.000000 1.000000
vn 0.000000 0.000000 1.000000
vn 0.000000 0.000000 1.000000
vn 0.000000 0.000000 1.000000
vn 0.000000 0.000000 1.000000
vn 0.000000 0.000000 1.000000
vn 0.000000 0.000000 1.000000
vn 0.000000 0.000000 1.000000
vn 0.000000 0.000000 1.000000
vn 0.000000 0.000000 1.000000
vn 0.000000 0.000000 1.000000
vn 0.000000 0.000000 1.000000
vn 0.000000 0.000000 1.000000
vn 0.000000 0.000000 1.000000
vn 0.000000 0.000000 1.000000
vn 0.000000 0.000000 1.000000
vn 0.000000 0.000000 1.000000
vn 0.000000 0.000000 1.000000
vn 0.000000 0.000000 1.000000
vn 0.000000 0.000000 1.000000
vn 0.000000 0.000000 1.000000
vn 0.000000 0.000000 1.000000
vn 0.000000 0.000000 1.000000
vn 0.000000 0.000000 1.000000
vn 0.000000 0.000000 1.000000
vn 0.000000 0.000000 1.000000
vn 0.000000 0.000000 1.000000
vn 0.000000 0.000000 1.000000
vn 0.000000 0.000000 1.000000
vn 0.000000 0.000000 1.000000
vn 0.000000 0.000000 1.000000
vn 0.000000 0.000000 1.000000
vn 0.000000 0.000000 1.000000
vn 0.000000 0.000000 1.000000
vn 0.000000 0.000000 1.000000
vn 0.000000 0.000000 1.000000
vn 0.000000 0.000000 1.000000
vn 0.000000 0.000000 1.000000
vn 0.000000 0.000000 1.000000
vn 0.000000 0.000000 1.000000
vn 0.000000 0.000000 1.000000
vn 0.000000 0.000000 1.000000
vn 0.000000 0.000000 1.000000
vn 0.000000 0.000000 1.000000
vn 0.000000 0.000000 1.000000
vn 0.000000 0.000000 1.000000
vn 0.000000 0.000000 1.000000
vn 0.000000 0.000000 1.000000
vn 0.000000 0.000000 1.000000
vn 0.000000 0.000000 1.000000
vn 0.000000 0.000000 1.000000
vn 0.000000 0.000000 1.000000
vn 0.000000 0.000000 1.000000
vn 0.000000 0.000000 1.000000
vn 0.000000 0.000000 1.000000
vn 0.000000 0.000000 1.000000
vn 0.000000 0.000000 1.000000
vn 0.000000 0.000000 1.000000
vn 0.000000 0.000000 1.000000
vn 0.000000 0.000000 1.000000
vn 0.000000 0.000000 1.000000
vn 0.000000 0.000000 1.000000
vn 0.000000 0.000000 1.000000
vn 0.000000 0.000000 1.000000
vn 0.000000 0.000000 1.000000
vn 0.000000 0.000000 1.000000
vn 0.000000 0.000000 1.000000
vn 0.000000 0.000000 1.000000
vn 0.000000 0.000000 1.000000
vn 0.000000 0.000000 1.000000
vn 0.000000 0.000000 1.000000
vn 0.000000 0.000000 1.000000
vn 0.000000 0.000000 1.000000
vn 0.000000 0.000000 1.000000
vn 0.000000 0.000000 1.000000
vn 0.000000 0.000000 1.000000
vn 0.000000 0.000000 1.000000
vn 0.000000 0.000000 1.000000
vn 0.000000 0.000000 1.000000
vn 0.000000 0.000000 1.000000
vn 0.000000 0.000000 1.000000
vn 0.000000 0.000000 1.000000
vn 0.000000 0.000000 1.000000
vn 0.000000 0.000000 1.000000
vn 0.000000 0.000000 1.000000
vn 0.000000 0.000000 1.000000
vn 0.000000 0.000000 1.000000
vn 0.000000 0.000000 1.000000
vn 0.000000 0.000000 1.000000
vn 0.000000 0.000000 1.000000
vn 0.000000 0.000000 1.000000
vn 0.000000 0.000000 1.000000
vn 0.000000 0.000000 1.000000
vn 0.000000 0.000000 1.000000
vn 0.000000 0.000000 1.000000
vn 0.000000 0.000000 1.000000
vn 0.000000 0.000000 1.000000
vn 0.000000 0.000000 1.000000
vn 0.000000 0.000000 1.000000
vn 0.000000 0.000000 1.000000
vn 0.000000 0.000000 1.000000
vn 0.000000 0.000000 1.000000
vn 0.000000 0.000000 1.000000
vn 0.000000 0.000000 1.000000
vn 0.000000 0.000000 1.000000
vn 0.000000 0.000000 1.000000
vn 0.000000 0.000000 1.000000
vn 0.000000 0.000000 1.000000
vn 0.000000 0.000000 1.000000
vn 0.000000 0.000000 1.000000
vn 0.000000 0.000000 1.000000
vn 0.000000 0.000000 1.000000
vn 0.000000 0.000000 1.000000
vn 0.000000 0.000000 1.000000
vn 0.000000 0.000000 1.000000
vn 0.000000 0.000000 1.000000
vn 0.000000 0.000000 1.000000
vn 0.000000 0.000000 1.000000
vn 0.000000 0.000000 1.000000
vn 0.000000 0.000000 1.000000
vn 0.000000 0.000000 1.000000
vn 0.000000 0.000000 1.000000
vn 0.000000 0.000000 1.000000
vn 0.000000 0.000000 1.000000
vn 0.000000 0.000000 1.000000
vn 0.000000 0.000000 1.000000
vn 0.000000 0.000000 1.000000
vn 0.000000 0.000000 1.000000
vn 0.000000 0.000000 1.000000
vn 0.000000 0.000000 1.000000
vn 0.000000 0.000000 1.000000
vn 0.000000 0.000000 1.000000
vn 0.000000 0.000000 1.000000
vn 0.000000 0.000000 1.000000
vn 0.000000 0.000000 1.000000
vn 0.000000 0.000000 1.000000
vn 0.000000 0.000000 1.000000
vn 0.000000 0.000000 1.000000
vn 0.000000 0.000000 1.000000
vn 0.000000 0.000000 1.000000
vn 0.000000 0.000000 1.000000
vn 0.000000 0.000000 1.000000
vn 0.000000 0.000000 1.000000
vn 0.000000 0.000000 1.000000
vn 0.000000 0.000000 1.000000
vn 0.000000 0.000000 1.000000
vn 0.000000 0.000000 1.000000
vn 0.000000 0.000000 1.000000
vn 0.000000 0.000000 1.000000
vn 0.000000 0.000000 1.000000
vn 0.000000 0.000000 1.000000
vn 0.000000 0.000000 1.000000
vn 0.000000 0.000000 1.000000
vn 0.000000 0.000000 1.000000
vn 0.000000 0.000000 1.000000
vn 0.000000 0.000000 1.000000
vn 0.000000 0.000000 1.000000
vn 0.000000 0.000000 1.000000
vn 0.000000 0.000000 1.000000
vn 0.000000 0.000000 1.000000
vn 0.000000 0.000000 1.000000
vn 0.000000 0.000000 1.000000
vn 0.000000 0.000000 1.000000
vn 0.000000 0.000000 1.000000
vn 0.000000 0.000000 1.000000
vn 0.000000 0.000000 1.000000
vn 0.000000 0.000000 1.000000
vn 0.000000 0.000000 1.000000
vn 0.000000 0.000000 1.000000
vn 0.000000 0.000000 1.000000
vn 0.000000 0.000000 1.000000
vn 0.000000 0.000000 1.000000
vn 0.000000 0.000000 1.000000
vn 0.000000 0.000000 1.000000
vn 0.000000 0.000000 1.000000
vn 0.000000 0.000000 1.000000
vn 0.000000 0.000000 1.000000
vn 0.000000 0.000000 1.000000
vn 0.000000 0.000000 1.000000
vn 0.000000 0.000000 1.000000
vn 0.000000 0.000000 1.000000
vn 0.000000 0.000000 1.000000
vn 0.000000 0.000000 1.000000
vn 0.000000 0.000000 1.000000
vn 0.000000 0.000000 1.000000
vn 0.000000 0.000000 1.000000
vn 0.000000 0.000000 1.000000
vn 0.000000 0.000000 1.000000
vn 0.000000 0.000000 1.000000
vn 0.000000 0.000000 1.000000
vn 0.000000 0.000000 1.000000
vn 0.000000 0.000000 1.000000
vn 0.000000 0.000000 1.000000
vn 0.000000 0.000000 1.000000
vn 0.000000 0.000000 1.000000
vn 0.000000 0.000000 1.000000
vn 0.000000 0.000000 1.000000
vn 0.000000 0.000000 1.000000
vn 0.000000 0.000000 1.000000
vn 0.000000 0.000000 1.000000
vn 0.000000 0.000000 1.000000
vn 0.000000 0.000000 1.000000
vn 0.000000 0.000000 1.000000
vn 0.000000 0.000000 1.000000
vn 0.000000 0.000000 1.000000
vn 0.000000 0.000000 1.000000
vn 0.000000 0.000000 1.000000
vn 0.000000 0.000000 1.000000
vn 0.000000 0.000000 1.000000
vn 0.000000 0.000000 1.000000
vn 0.000000 0.000000 1.000000
vn 0.000000 0.000000 1.000000
vn 0.000000 0.000000 1.000000
vn 0.000000 0.000000 1.000000
vn 0.000000 0.000000 1.000000
vn 0.000000 0.000000 1.000000
vn 0.000000 0.000000 1.000000
vn 0.000000 0.000000 1.000000
vn 0.000000 0.000000 1.000000
vn 0.000000 0.000000 1.000000
vn 0.000000 0.000000 1.000000
vn 0.000000 0.000000 1.000000
vn 0.000000 0.000000 1.000000
vn 0.000000 0.000000 1.000000
vn 0.000000 0.000000 1.000000
vn 0.000000 0.000000 1.000000
vn 0.000000 0.000000 1.000000
vn 0.000000 0.000000 1.000000
vn 0.000000 0.000000 1.000000
vn 0.000000 0.000000 1.000000
vn 0.000000 0.000000 1.000000
vn 0.000000 0.000000 1.000000
vn 0.000000 0.000000 1.000000
vn 0.000000 0.000000 1.000000
vn 0.000000 0.000000 1.000000
vn 0.000000 0.000000 1.000000
vn 0.000000 0.000000 1.000000
vn 0.000000 0.000000 1.000000
vn 0.000000 0.000000 1.000000
vn 0.000000 0.000000 1.000000
vn 0.000000 0.000000 1.000000
vn 0.000000 0.000000 1.000000
vn 0.000000 0.000000 1.000000
vn 0.000000 0.000000 1.000000
vn 0.000000 0.000000 1.000000
vn 0.000000 0.000000 1.000000
vn 0.000000 0.000000 1.000000
vn 0.000000 0.000000 1.000000
vn 0.000000 0.000000 1.000000
vn 0.000000 0.000000 1.000000
vn 0.000000 0.000000 1.000000
vn 0.000000 0.000000 1.000000
vn 0.000000 0.000000 1.000000
vn 0.000000 0.000000 1.000000
vn 0.000000 0.000000 1.000000
vn 0.000000 0.000000 1.000000
vn 0.000000 0.000000 1.000000
vn 0.000000 0.000000 1.000000
vn 0.000000 0.000000 1.000000
vn 0.000000 0.000000 1.000000
vn 0.000000 0.000000 1.000000
vn 0.000000 0.000000 1.000000
vn 0.000000 0.000000 1.000000
vn 0.000000 0.000000 1.000000
vn 0.000000 0.000000 1.000000
vn 0.000000 0.000000 1.000000
vn 0.000000 0.000000 1.000000
vn 0.000000 0.000000 1.000000
vn 0.000000 0.000000 1.000000
vn 0.000000 0.000000 1.000000
vn 0.000000 0.000000 1.000000
vn 0.000000 0.000000 1.000000
vn 0.000000 0.000000 1.000000
vn 0.000000 0.000000 1.000000
vn 0.000000 0.000000 1.000000
vn 0.000000 0.000000 1.000000
vn 0.000000 0.000000 1.000000
vn 0.000000 0.000000 1.000000
vn 0.000000 0.000000 1.000000
vn 0.000000 0.000000 1.000000
vn 0.000000 0.000000 1.000000
vn 0.000000 0.000000 1.000000
vn 0.000000 0.000000 1.000000
vn 0.000000 0.000000 1.000000
vn 0.000000 0.000000 1.000000
vn 0.000000 0.000000 1.000000
vn 0.000000 0.000000 1.000000
vn 0.000000 0.000000 1.000000
vn 0.000000 0.000000 1.000000
vn 0.000000 0.000000 1.000000
vn 0.000000 0.000000 1.000000
vn 0.000000 0.000000 1.000000
vn 0.000000 0.000000 1.000000
vn 0.000000 0.000000 1.000000
vn 0.000000 0.000000 1.000000
vn 0.000000 0.000000 1.000000
vn 0.000000 0.000000 1.000000
vn 0.000000 0.000000 1.000000
vn 0.000000 0.000000 1.000000
vn 0.000000 0.000000 1.000000
vn 0.000000 0.000000 1.000000
vn 0.000000 0.000000 1.000000
vn 0.000000 0.000000 1.000000
vn 0.000000 0.000000 1.000000
vn 0.000000 0.000000 1.000000
vn 0.000000 0.000000 1.000000
vn 0.000000 0.000000 1.000000
vn 0.000000 0.000000 1.000000
vn 0.000000 0.000000 1.000000
vn 0.000000 0.000000 1.000000
vn 0.000000 0.000000 1.000000
vn 0.000000 0.000000 1.000000
vn 0.000000 0.000000 1.000000
vn 0.000000 0.000000 1.000000
vn 0.000000 0.000000 1.000000
vn 0.000000 0.000000 1.000000
vn 0.000000 0.000000 1.000000
vn 0.000000 0.000000 1.000000
vn 0.000000 0.000000 1.000000
vn 0.000000 0.000000 1.000000
vn 0.000000 0.000000 1.000000
vn 0.000000 0.000000 1.000000
vn 0.000000 0.000000 1.000000
vn 0.000000 0.000000 1.000000
vn 0.000000 0.000000 1.000000
vn 0.000000 0.000000 1.000000
vn 0.000000 0.000000 1.000000
vn 0.000000 0.000000 1.000000
vn 0.000000 0.000000 1.000000
vn 0.000000 0.000000 1.000000
vn 0.000000 0.000000 1.000000
vn 0.000000 0.000000 1.000000
vn 0.000000 0.000000 1.000000
vn 0.000000 0.000000 1.000000
vn 0.000000 0.000000 1.000000
vn 0.000000 0.000000 1.000000
vn 0.000000 0.000000 1.000000
vn 0.000000 0.000000 1.000000
vn 0.000000 0.000000 1.000000
vn 0.000000 0.000000 1.000000
vn 0.000000 0.000000 1.000000
vn 0.000000 0.000000 1.000000
vn 0.000000 0.000000 1.000000
vn 0.000000 0.000000 1.000000
vn 0.000000 0.000000 1.000000
vn 0.000000 0.000000 1.000000
vn 0.000000 0.000000 1.000000
vn 0.000000 0.000000 1.000000
vn 0.000000 0.000000 1.000000
vn 0.000000 0.000000 1.000000
vn 0.000000 0.000000 1.000000
vn 0.000000 0.000000 1.000000
vn 0.000000 0.000000 1.000000
vn 0.000000 0.000000 1.000000
vn 0.000000 0.000000 1.000000
vn 0.000000 0.000000 1.000000
vn 0.000000 0.000000 1.000000
vn 0.000000 0.000000 1.000000
vn 0.000000 0.000000 1.000000
vn 0.000000 0.000000 1.000000
vn 0.000000 0.000000 1.000000
vn 0.000000 0.000000 1.000000
vn 0.000000 0.000000 1.000000
vn 0.000000 0.000000 1.000000
vn 0.000000 0.000000 1.000000
vn 0.000000 0.000000 1.000000
vn 0.000000 0.000000 1.000000
vn 0.000000 0.000000 1.000000
vn 0.000000 0.000000 1.000000
vn 0.000000 0.000000 1.000000
vn 0.000000 0.000000 1.000000
vn 0.000000 0.000000 1.000000
vn 0.000000 0.000000 1.000000
vn 0.000000 0.000000 1.000000
vn 0.000000 0.000000 1.000000
vn 0.000000 0.000000 1.000000
vn 0.000000 0.000000 1.000000
vn 0.000000 0.000000 1.000000
vn -0.772899 -0.634529 0.000000
vn -0.772899 -0.634529 -0.000000
vn -0.812778 -0.582574 0.000000
vn -0.812778 -0.582574 -0.000000
vn 0.000000 0.000000 1.000000
vn 0.000000 0.000000 1.000000
vn 0.000000 0.000000 1.000000
vn 0.000000 0.000000 1.000000
vn 0.000000 0.000000 1.000000
vn 0.000000 0.000000 1.000000
vn 0.000000 0.000000 1.000000
vn 0.000000 0.000000 1.000000
vn 0.000000 0.000000 1.000000
vn 0.000000 0.000000 1.000000
vn 0.000000 0.000000 1.000000
vn 0.000000 0.000000 1.000000
vn 0.000000 0.000000 1.000000
vn 0.000000 0.000000 1.000000
vn 0.000000 0.000000 1.000000
vn 0.000000 0.000000 1.000000
vn 0.000000 0.000000 1.000000
vn 0.000000 0.000000 1.000000
vn 0.000000 0.000000 1.000000
vn 0.000000 0.000000 1.000000
vn 0.000000 0.000000 1.000000
vn 0.000000 0.000000 1.000000
vn 0.000000 0.000000 1.000000
vn 0.000000 0.000000 1.000000
vn 0.000000 0.000000 1.000000
vn 0.000000 0.000000 1.000000
vn 0.000000 0.000000 1.000000
vn 0.000000 0.000000 1.000000
vn 0.000000 0.000000 1.000000
vn 0.000000 0.000000 1.000000
vn 0.000000 0.000000 1.000000
vn 0.000000 0.000000 1.000000
vn 0.000000 0.000000 1.000000
vn 0.000000 0.000000 1.000000
vn 0.000000 0.000000 1.000000
vn 0.000000 0.000000 1.000000
vn 0.000000 0.000000 1.000000
vn 0.000000 0.000000 1.000000
vn 0.000000 0.000000 1.000000
vn 0.000000 0.000000 1.000000
vn 0.000000 0.000000 1.000000
vn 0.000000 0.000000 1.000000
vn 0.000000 0.000000 1.000000
vn 0.000000 0.000000 1.000000
vn 0.000000 0.000000 1.000000
vn 0.000000 0.000000 1.000000
vn 0.000000 0.000000 1.000000
vn 0.000000 0.000000 1.000000
vn 0.000000 0.000000 1.000000
vn 0.000000 0.000000 1.000000
vn 0.000000 0.000000 1.000000
vn 0.000000 0.000000 1.000000
vn 0.000000 0.000000 1.000000
vn 0.000000 0.000000 1.000000
vn 0.000000 0.000000 1.000000
vn 0.000000 0.000000 1.000000
vn 0.000000 0.000000 1.000000
vn 0.000000 0.000000 1.000000
vn 0.000000 0.000000 1.000000
vn 0.000000 0.000000 1.000000
vn 0.000000 0.000000 1.000000
vn 0.000000 0.000000 1.000000
vn 0.000000 0.000000 1.000000
vn 0.000000 0.000000 1.000000
vn 0.000000 0.000000 1.000000
vn 0.000000 0.000000 1.000000
vn 0.000000 0.000000 1.000000
vn 0.000000 0.000000 1.000000
vn 0.000000 0.000000 1.000000
vn 0.000000 0.000000 1.000000
vn 0.000000 0.000000 1.000000
vn 0.000000 0.000000 1.000000
vn 0.000000 0.000000 1.000000
vn 0.000000 0.000000 1.000000
vn 0.000000 0.000000 1.000000
vn 0.000000 0.000000 1.000000
vn 0.000000 0.000000 1.000000
vn 0.000000 0.000000 1.000000
vn 0.000000 0.000000 1.000000
vn 0.000000 0.000000 1.000000
vn 0.000000 0.000000 1.000000
vn 0.000000 0.000000 1.000000
vn 0.000000 0.000000 1.000000
vn 0.000000 0.000000 1.000000
vn 0.000000 0.000000 1.000000
vn 0.000000 0.000000 1.000000
vn 0.000000 0.000000 1.000000
vn 0.000000 0.000000 1.000000
vn 0.000000 0.000000 1.000000
vn 0.000000 0.000000 1.000000
vn 0.000000 0.000000 1.000000
vn 0.000000 0.000000 1.000000
vn 0.000000 0.000000 1.000000
vn 0.000000 0.000000 1.000000
vn 0.000000 0.000000 1.000000
vn 0.000000 0.000000 1.000000
vn 0.000000 0.000000 1.000000
vn 0.000000 0.000000 1.000000
vn 0.000000 0.000000 1.000000
vn 0.000000 0.000000 1.000000
vn 0.000000 0.000000 1.000000
vn 0.000000 0.000000 1.000000
vn 0.000000 0.000000 1.000000
vn 0.000000 0.000000 1.000000
vn 0.000000 0.000000 1.000000
vn 0.000000 0.000000 1.000000
vn 0.000000 0.000000 1.000000
vn 0.000000 0.000000 1.000000
vn 0.000000 0.000000 1.000000
vn 0.000000 0.000000 1.000000
vn 0.000000 0.000000 1.000000
vn 0.000000 0.000000 1.000000
vn 0.000000 0.000000 1.000000
vn 0.000000 0.000000 1.000000
vn 0.000000 0.000000 1.000000
vn 0.000000 0.000000 1.000000
vn 0.000000 0.000000 1.000000
vn 0.000000 0.000000 1.000000
vn 0.000000 0.000000 1.000000
vn 0.000000 0.000000 1.000000
vn 0.000000 0.000000 1.000000
vn 0.000000 0.000000 1.000000
vn 0.000000 0.000000 1.000000
vn 0.000000 0.000000 1.000000
vn 0.000000 0.000000 1.000000
vn 0.000000 0.000000 1.000000
vn 0.000000 0.000000 1.000000
vn 0.000000 0.000000 1.000000
vn 0.000000 0.000000 1.000000
vn 0.000000 0.000000 1.000000
vn 0.000000 0.000000 1.000000
vn 0.000000 0.000000 1.000000
vn 0.000000 0.000000 1.000000
vn 0.000000 0.000000 1.000000
vn 0.000000 0.000000 1.000000
vn 0.000000 0.000000 1.000000
vn 0.000000 0.000000 1.000000
vn 0.000000 0.000000 1.000000
vn 0.000000 0.000000 1.000000
vn 0.000000 0.000000 1.000000
vn 0.000000 0.000000 1.000000
vn 0.000000 0.000000 1.000000
vn 0.000000 0.000000 1.000000
vn 0.000000 0.000000 1.000000
vn 0.000000 0.000000 1.000000
vn 0.000000 0.000000 1.000000
vn 0.000000 0.000000 1.000000
vn 0.000000 0.000000 1.000000
vn 0.000000 0.000000 1.000000
vn 0.000000 0.000000 1.000000
vn 0.000000 0.000000 1.000000
vn 0.000000 0.000000 1.000000
vn 0.000000 0.000000 1.000000
vn 0.000000 0.000000 1.000000
vn 0.000000 0.000000 1.000000
vn 0.000000 0.000000 1.000000
vn 0.000000 0.000000 1.000000
vn 0.000000 0.000000 1.000000
vn 0.000000 0.000000 1.000000
vn 0.000000 0.000000 1.000000
vn 0.000000 0.000000 1.000000
vn 0.000000 0.000000 1.000000
vn 0.000000 0.000000 1.000000
vn 0.000000 0.000000 1.000000
vn 0.000000 0.000000 1.000000
vn 0.000000 0.000000 1.000000
vn 0.000000 0.000000 1.000000
vn 0.000000 0.000000 1.000000
vn 0.000000 0.000000 1.000000
vn 0.000000 0.000000 1.000000
vn 0.000000 0.000000 1.000000
vn 0.000000 0.000000 1.000000
vn 0.000000 0.000000 1.000000
vn 0.000000 0.000000 1.000000
vn 0.000000 0.000000 1.000000
vn 0.000000 0.000000 1.000000
vn 0.000000 0.000000 1.000000
vn 0.000000 0.000000 1.000000
vn 0.000000 0.000000 1.000000
vn 0.000000 0.000000 1.000000
vn 0.000000 0.000000 1.000000
vn 0.000000 0.000000 1.000000
vn 0.000000 0.000000 1.000000
vn 0.000000 0.000000 1.000000
vn 0.000000 0.000000 1.000000
vn 0.000000 0.000000 1.000000
vn 0.000000 0.000000 1.000000
vn 0.000000 0.000000 1.000000
vn 0.000000 0.000000 1.000000
vn 0.000000 0.000000 1.000000
vn 0.000000 0.000000 1.000000
vn 0.000000 0.000000 1.000000
vn -0.881690 -0.471830 0.000000
vn -0.881690 -0.471830 -0.000000
vn -0.910837 -0.412766 0.000000
vn -0.910837 -0.412766 -0.000000
vn -0.973981 -0.226629 0.000000
vn -0.973981 -0.226629 -0.000000
vn -0.986533 -0.163560 0.000000
vn -0.986533 -0.163560 -0.000000
vn -0.995185 -0.098011 0.000000
vn -0.995185 -0.098011 -0.000000
vn -0.999478 0.032298 0.000000
vn -0.999478 0.032298 0.000000
vn -0.973981 0.226629 0.000000
vn -0.973981 0.226629 0.000000
vn -0.910837 0.412766 0.000000
vn -0.910837 0.412766 0.000000
vn -0.849456 0.527659 0.000000
vn -0.849456 0.527659 0.000000
vn -0.772899 0.634529 0.000000
vn -0.772899 0.634529 0.000000
vn -0.634329 0.773063 0.000000
vn -0.634329 0.773063 0.000000
vn 0.032629 0.999467 -0.000000
vn 0.032629 0.999467 0.000000
vn 0.812898 0.582406 0.000000
vn 0.812898 0.582406 0.000000
vn 0.528205 0.849117 -0.000000
vn 0.528205 0.849117 0.000000
vn 0.634329 -0.773063 0.000000
vn 0.634329 -0.773063 0.000000
vn 0.683586 -0.729870 0.000000
vn 0.683586 -0.729870 0.000000
vn -0.528205 -0.849117 0.000000
vn -0.528205 -0.849117 0.000000
vn 0.290347 -0.956921 0.000000
vn 0.290347 -0.956921 0.000000
vn -0.032629 0.999467 0.000000
vn -0.032629 0.999467 0.000000
vn -0.683586 0.729870 0.000000
vn -0.683586 0.729870 0.000000
vn 0.936026 -0.351931 0.000000
vn 0.936026 -0.351931 0.000000
vn 0.956927 0.290328 0.000000
vn 0.956927 0.290328 0.000000
vn 0.528205 -0.849117 0.000000
vn 0.528205 -0.849117 0.000000
vn 0.729867 0.683589 0.000000
vn 0.729867 0.683589 0.000000
vn -0.528205 0.849117 0.000000
vn -0.528205 0.849117 0.000000
vn -0.351935 -0.936024 0.000000
vn -0.351935 -0.936024 0.000000
vn 0.227151 0.973860 -0.000000
vn 0.227151 0.973860 0.000000
vn -0.098315 0.995155 0.000000
vn -0.098315 0.995155 0.000000
vn 0.351935 -0.936024 0.000000
vn 0.351935 -0.936024 0.000000
vn 0.849110 0.528216 0.000000
vn 0.849110 0.528216 0.000000
vn 0.412877 -0.910787 0.000000
vn 0.412877 -0.910787 0.000000
vn -0.471335 -0.881954 0.000000
vn -0.471335 -0.881954 0.000000
vn -0.227151 -0.973860 0.000000
vn -0.227151 -0.973860 0.000000
vn 0.773069 -0.634322 0.000000
vn 0.773069 -0.634322 0.000000
vn 0.910781 -0.412890 0.000000
vn 0.910781 -0.412890 0.000000
vn 0.881957 -0.471329 0.000000
vn 0.881957 -0.471329 0.000000
vn 0.162725 -0.986671 0.000000
vn 0.162725 -0.986671 0.000000
vn -0.634329 -0.773063 0.000000
vn -0.634329 -0.773063 0.000000
vn 0.986602 -0.163147 0.000000
vn 0.986602 -0.163147 0.000000
vn 0.729867 -0.683589 0.000000
vn 0.729867 -0.683589 0.000000
vn -0.351935 0.936024 0.000000
vn -0.351935 0.936024 0.000000
vn -0.162725 -0.986671 0.000000
vn -0.162725 -0.986671 0.000000
vn -0.227151 0.973860 0.000000
vn -0.227151 0.973860 0.000000
vn 0.412877 0.910787 -0.000000
vn 0.412877 0.910787 0.000000
vn 0.973859 0.227153 0.000000
vn 0.973859 0.227153 0.000000
vn 0.986602 0.163147 0.000000
vn 0.986602 0.163147 0.000000
vn 0.995197 0.097896 0.000000
vn 0.995197 0.097896 0.000000
vn -0.032629 -0.999467 0.000000
vn -0.032629 -0.999467 0.000000
vn -0.772899 -0.634529 0.000000
vn -0.772899 -0.634529 -0.000000
vn -0.812778 -0.582574 0.000000
vn -0.812778 -0.582574 -0.000000
vn 0.000000 0.000000 1.000000
vn 0.000000 0.000000 1.000000
vn 0.000000 0.000000 1.000000
vn 0.000000 0.000000 1.000000
vn 0.000000 0.000000 1.000000
vn 0.000000 0.000000 1.000000
vn 0.000000 0.000000 1.000000
vn 0.000000 0.000000 1.000000
vn 0.000000 0.000000 1.000000
vn 0.000000 0.000000 1.000000
vn 0.000000 0.000000 1.000000
vn 0.000000 0.000000 1.000000
vn 0.000000 0.000000 1.000000
vn 0.000000 0.000000 1.000000
vn 0.000000 0.000000 1.000000
vn 0.000000 0.000000 1.000000
vn 0.000000 0.000000 1.000000
vn 0.000000 0.000000 1.000000
vn 0.000000 0.000000 1.000000
vn 0.000000 0.000000 1.000000
vn 0.000000 0.000000 1.000000
vn 0.000000 0.000000 1.000000
vn 0.000000 0.000000 1.000000
vn 0.000000 0.000000 1.000000
vn 0.000000 0.000000 1.000000
vn 0.000000 0.000000 1.000000
vn 0.000000 0.000000 1.000000
vn 0.000000 0.000000 1.000000
vn 0.000000 0.000000 1.000000
vn 0.000000 0.000000 1.000000
vn 0.000000 0.000000 1.000000
vn 0.000000 0.000000 1.000000
vn 0.000000 0.000000 1.000000
vn 0.000000 0.000000 1.000000
vn 0.000000 0.000000 1.000000
vn 0.000000 0.000000 1.000000
vn 0.000000 0.000000 1.000000
vn 0.000000 0.000000 1.000000
vn 0.000000 0.000000 1.000000
vn 0.000000 0.000000 1.000000
vn 0.000000 0.000000 1.000000
vn 0.000000 0.000000 1.000000
vn 0.000000 0.000000 1.000000
vn 0.000000 0.000000 1.000000
vn 0.000000 0.000000 1.000000
vn 0.000000 0.000000 1.000000
vn 0.000000 0.000000 1.000000
vn 0.000000 0.000000 1.000000
vn 0.000000 0.000000 1.000000
vn 0.000000 0.000000 1.000000
vn 0.000000 0.000000 1.000000
vn 0.000000 0.000000 1.000000
vn 0.000000 0.000000 1.000000
vn 0.000000 0.000000 1.000000
vn 0.000000 0.000000 1.000000
vn 0.000000 0.000000 1.000000
vn 0.000000 0.000000 1.000000
vn 0.000000 0.000000 1.000000
vn 0.000000 0.000000 1.000000
vn 0.000000 0.000000 1.000000
vn 0.000000 0.000000 1.000000
vn 0.000000 0.000000 1.000000
vn 0.000000 0.000000 1.000000
vn 0.000000 0.000000 1.000000
vn 0.000000 0.000000 1.000000
vn 0.000000 0.000000 1.000000
vn 0.000000 0.000000 1.000000
vn 0.000000 0.000000 1.000000
vn 0.000000 0.000000 1.000000
vn 0.000000 0.000000 1.000000
vn 0.000000 0.000000 1.000000
vn 0.000000 0.000000 1.000000
vn 0.000000 0.000000 1.000000
vn 0.000000 0.000000 1.000000
vn 0.000000 0.000000 1.000000
vn 0.000000 0.000000 1.000000
vn 0.000000 0.000000 1.000000
vn 0.000000 0.000000 1.000000
vn 0.000000 0.000000 1.000000
vn 0.000000 0.000000 1.000000
vn 0.000000 0.000000 1.000000
vn 0.000000 0.000000 1.000000
vn 0.000000 0.000000 1.000000
vn 0.000000 0.000000 1.000000
vn 0.000000 0.000000 1.000000
vn 0.000000 0.000000 1.000000
vn 0.000000 0.000000 1.000000
vn 0.000000 0.000000 1.000000
vn 0.000000 0.000000 1.000000
vn 0.000000 0.000000 1.000000
vn 0.000000 0.000000 1.000000
vn 0.000000 0.000000 1.000000
vn 0.000000 0.000000 1.000000
vn 0.000000 0.000000 1.000000
vn 0.000000 0.000000 1.000000
vn 0.000000 0.000000 1.000000
vn 0.000000 0.000000 1.000000
vn 0.000000 0.000000 1.000000
vn 0.000000 0.000000 1.000000
vn 0.000000 0.000000 1.000000
vn 0.000000 0.000000 1.000000
vn 0.000000 0.000000 1.000000
vn 0.000000 0.000000 1.000000
vn 0.000000 0.000000 1.000000
vn 0.000000 0.000000 1.000000
vn 0.000000 0.000000 1.000000
vn 0.000000 0.000000 1.000000
vn 0.000000 0.000000 1.000000
vn 0.000000 0.000000 1.000000
vn 0.000000 0.000000 1.000000
vn 0.000000 0.000000 1.000000
vn 0.000000 0.000000 1.000000
vn 0.000000 0.000000 1.000000
vn 0.000000 0.000000 1.000000
vn 0.000000 0.000000 1.000000
vn 0.000000 0.000000 1.000000
vn 0.000000 0.000000 1.000000
vn 0.000000 0.000000 1.000000
vn 0.000000 0.000000 1.000000
vn 0.000000 0.000000 1.000000
vn 0.000000 0.000000 1.000000
vn 0.000000 0.000000 1.000000
vn 0.000000 0.000000 1.000000
vn 0.000000 0.000000 1.000000
vn 0.000000 0.000000 1.000000
vn 0.000000 0.000000 1.000000
vn 0.000000 0.000000 1.000000
vn 0.000000 0.000000 1.000000
vn 0.000000 0.000000 1.000000
vn 0.000000 0.000000 1.000000
vn 0.000000 0.000000 1.000000
vn 0.000000 0.000000 1.000000
vn 0.000000 0.000000 1.000000
vn 0.000000 0.000000 1.000000
vn 0.000000 0.000000 1.000000
vn 0.000000 0.000000 1.000000
vn 0.000000 0.000000 1.000000
vn 0.000000 0.000000 1.000000
vn 0.000000 0.000000 1.000000
vn 0.000000 0.000000 1.000000
vn 0.000000 0.000000 1.000000
vn 0.000000 0.000000 1.000000
vn 0.000000 0.000000 1.000000
vn 0.000000 0.000000 1.000000
vn 0.000000 0.000000 1.000000
vn 0.000000 0.000000 1.000000
vn 0.000000 0.000000 1.000000
vn 0.000000 0.000000 1.000000
vn 0.000000 0.000000 1.000000
vn 0.000000 0.000000 1.000000
vn 0.000000 0.000000 1.000000
vn 0.000000 0.000000 1.000000
vn 0.000000 0.000000 1.000000
vn 0.000000 0.000000 1.000000
vn 0.000000 0.000000 1.000000
vn 0.000000 0.000000 1.000000
vn 0.000000 0.000000 1.000000
vn 0.000000 0.000000 1.000000
vn 0.000000 0.000000 1.000000
vn 0.000000 0.000000 1.000000
vn 0.000000 0.000000 1.000000
vn 0.000000 0.000000 1.000000
vn 0.000000 0.000000 1.000000
vn 0.000000 0.000000 1.000000
vn 0.000000 0.000000 1.000000
vn 0.000000 0.000000 1.000000
vn 0.000000 0.000000 1.000000
vn 0.000000 0.000000 1.000000
vn 0.000000 0.000000 1.000000
vn 0.000000 0.000000 1.000000
vn 0.000000 0.000000 1.000000
vn 0.000000 0.000000 1.000000
vn 0.000000 0.000000 1.000000
vn 0.000000 0.000000 1.000000
vn 0.000000 0.000000 1.000000
vn 0.000000 0.000000 1.000000
vn 0.000000 0.000000 1.000000
vn 0.000000 0.000000 1.000000
vn 0.000000 0.000000 1.000000
vn 0.000000 0.000000 1.000000
vn 0.000000 0.000000 1.000000
vn 0.000000 0.000000 1.000000
vn 0.000000 0.000000 1.000000
vn 0.000000 0.000000 1.000000
vn 0.000000 0.000000 1.000000
vn 0.000000 0.000000 1.000000
vn 0.000000 0.000000 1.000000
vn 0.000000 0.000000 1.000000
vn 0.000000 0.000000 1.000000
vn 0.000000 0.000000 1.000000
vn 0.000000 0.000000 1.000000
vn 0.000000 0.000000 1.000000
vn -0.881690 -0.471830 0.000000
vn -0.881690 -0.471830 -0.000000
vn -0.910837 -0.412766 0.000000
vn -0.910837 -0.412766 -0.000000
vn -0.973981 -0.226629 0.000000
vn -0.973981 -0.226629 -0.000000
vn -0.986533 -0.163560 0.000000
vn -0.986533 -0.163560 -0.000000
vn -0.995185 -0.098011 0.000000
vn -0.995185 -0.098011 -0.000000
vn -0.999478 0.032298 0.000000
vn -0.999478 0.032298 0.000000
vn -0.973981 0.226629 0.000000
vn -0.973981 0.226629 0.000000
vn -0.910837 0.412766 0.000000
vn -0.910837 0.412766 0.000000
vn -0.849456 0.527659 0.000000
vn -0.849456 0.527659 0.000000
vn -0.772899 0.634529 0.000000
vn -0.772899 0.634529 0.000000
vn -0.634329 0.773063 0.000000
vn -0.634329 0.773063 0.000000
vn 0.032629 0.999467 -0.000000
vn 0.032629 0.999467 0.000000
vn 0.812898 0.582406 0.000000
vn 0.812898 0.582406 0.000000
vn 0.528205 0.849117 -0.000000
vn 0.528205 0.849117 0.000000
vn 0.634329 -0.773063 0.000000
vn 0.634329 -0.773063 0.000000
vn 0.683586 -0.729870 0.000000
vn 0.683586 -0.729870 0.000000
vn -0.528205 -0.849117 0.000000
vn -0.528205 -0.849117 0.000000
vn 0.290347 -0.956921 0.000000
vn 0.290347 -0.956921 0.000000
vn -0.032629 0.999467 0.000000
vn -0.032629 0.999467 0.000000
vn -0.683586 0.729870 0.000000
vn -0.683586 0.729870 0.000000
vn 0.936026 -0.351931 0.000000
vn 0.936026 -0.351931 0.000000
vn 0.956927 0.290328 0.000000
vn 0.956927 0.290328 0.000000
vn 0.528205 -0.849117 0.000000
vn 0.528205 -0.849117 0.000000
vn 0.729867 0.683589 0.000000
vn 0.729867 0.683589 0.000000
vn -0.528205 0.849117 0.000000
vn -0.528205 0.849117 0.000000
vn -0.351935 -0.936024 0.000000
vn -0.351935 -0.936024 0.000000
vn 0.227151 0.973860 -0.000000
vn 0.227151 0.973860 0.000000
vn -0.098315 0.995155 0.000000
vn -0.098315 0.995155 0.000000
vn 0.849110 0.528216 0.000000
vn 0.849110 0.528216 0.000000
vn 0.412877 -0.910787 0.000000
vn 0.412877 -0.910787 0.000000
vn -0.471335 -0.881954 0.000000
vn -0.471335 -0.881954 0.000000
vn -0.227151 -0.973860 0.000000
vn -0.227151 -0.973860 0.000000
vn 0.773069 -0.634322 0.000000
vn 0.773069 -0.634322 0.000000
vn 0.910781 -0.412890 0.000000
vn 0.910781 -0.412890 0.000000
vn 0.881957 -0.471329 0.000000
vn 0.881957 -0.471329 0.000000
vn 0.162725 -0.986671 0.000000
vn 0.162725 -0.986671 0.000000
vn -0.634329 -0.773063 0.000000
vn -0.634329 -0.773063 0.000000
vn 0.986673 -0.162718 0.000000
vn 0.986673 -0.162718 0.000000
vn 0.729867 -0.683589 0.000000
vn 0.729867 -0.683589 0.000000
vn -0.351935 0.936024 0.000000
vn -0.351935 0.936024 0.000000
vn -0.162725 -0.986671 0.000000
vn -0.162725 -0.986671 0.000000
vn -0.227151 0.973860 0.000000
vn -0.227151 0.973860 0.000000
vn 0.412877 0.910787 -0.000000
vn 0.412877 0.910787 0.000000
vn 0.973859 0.227153 0.000000
vn 0.973859 0.227153 0.000000
vn 0.986673 0.162718 0.000000
vn 0.986673 0.162718 0.000000
vn 0.995154 0.098333 0.000000
vn 0.995154 0.098333 0.000000
vn -0.032629 -0.999467 0.000000
vn -0.032629 -0.999467 0.000000
vn -0.730120 -0.683318 0.000000
vn -0.730120 -0.683318 -0.000000
vn -0.772899 -0.634529 0.000000
vn -0.772899 -0.634529 -0.000000
vn 0.000000 0.000000 1.000000
vn 0.000000 0.000000 1.000000
vn 0.000000 0.000000 1.000000
vn 0.000000 0.000000 1.000000
vn 0.000000 0.000000 1.000000
vn 0.000000 0.000000 1.000000
vn 0.000000 0.000000 1.000000
vn 0.000000 0.000000 1.000000
vn 0.000000 0.000000 1.000000
vn 0.000000 0.000000 1.000000
vn 0.000000 0.000000 1.000000
vn 0.000000 0.000000 1.000000
vn 0.000000 0.000000 1.000000
vn 0.000000 0.000000 1.000000
vn 0.000000 0.000000 1.000000
vn 0.000000 0.000000 1.000000
vn 0.000000 0.000000 1.000000
vn 0.000000 0.000000 1.000000
vn 0.000000 0.000000 1.000000
vn 0.000000 0.000000 1.000000
vn 0.000000 0.000000 1.000000
vn 0.000000 0.000000 1.000000
vn 0.000000 0.000000 1.000000
vn 0.000000 0.000000 1.000000
vn 0.000000 0.000000 1.000000
vn 0.000000 0.000000 1.000000
vn 0.000000 0.000000 1.000000
vn 0.000000 0.000000 1.000000
vn 0.000000 0.000000 1.000000
vn 0.000000 0.000000 1.000000
vn 0.000000 0.000000 1.000000
vn 0.000000 0.000000 1.000000
vn 0.000000 0.000000 1.000000
vn 0.000000 0.000000 1.000000
vn 0.000000 0.000000 1.000000
vn 0.000000 0.000000 1.000000
vn 0.000000 0.000000 1.000000
vn 0.000000 0.000000 1.000000
vn 0.000000 0.000000 1.000000
vn 0.000000 0.000000 1.000000
vn 0.000000 0.000000 1.000000
vn 0.000000 0.000000 1.000000
vn 0.000000 0.000000 1.000000
vn 0.000000 0.000000 1.000000
vn 0.000000 0.000000 1.000000
vn 0.000000 0.000000 1.000000
vn 0.000000 0.000000 1.000000
vn 0.000000 0.000000 1.000000
vn 0.000000 0.000000 1.000000
vn 0.000000 0.000000 1.000000
vn 0.000000 0.000000 1.000000
vn 0.000000 0.000000 1.000000
vn 0.000000 0.000000 1.000000
vn 0.000000 0.000000 1.000000
vn 0.000000 0.000000 1.000000
vn 0.000000 0.000000 1.000000
vn 0.000000 0.000000 1.000000
vn 0.000000 0.000000 1.000000
vn 0.000000 0.000000 1.000000
vn 0.000000 0.000000 1.000000
vn 0.000000 0.000000 1.000000
vn 0.000000 0.000000 1.000000
vn 0.000000 0.000000 1.000000
vn 0.000000 0.000000 1.000000
vn 0.000000 0.000000 1.000000
vn 0.000000 0.000000 1.000000
vn 0.000000 0.000000 1.000000
vn 0.000000 0.000000 1.000000
vn 0.000000 0.000000 1.000000
vn 0.000000 0.000000 1.000000
vn 0.000000 0.000000 1.000000
vn 0.000000 0.000000 1.000000
vn 0.000000 0.000000 1.000000
vn 0.000000 0.000000 1.000000
vn 0.000000 0.000000 1.000000
vn 0.000000 0.000000 1.000000
vn 0.000000 0.000000 1.000000
vn 0.000000 0.000000 1.000000
vn 0.000000 0.000000 1.000000
vn 0.000000 0.000000 1.000000
vn 0.000000 0.000000 1.000000
vn 0.000000 0.000000 1.000000
vn 0.000000 0.000000 1.000000
vn 0.000000 0.000000 1.000000
vn 0.000000 0.000000 1.000000
vn 0.000000 0.000000 1.000000
vn 0.000000 0.000000 1.000000
vn 0.000000 0.000000 1.000000
vn 0.000000 0.000000 1.000000
vn 0.000000 0.000000 1.000000
vn 0.000000 0.000000 1.000000
vn 0.000000 0.000000 1.000000
vn 0.000000 0.000000 1.000000
vn 0.000000 0.000000 1.000000
vn 0.000000 0.000000 1.000000
vn 0.000000 0.000000 1.000000
vn 0.000000 0.000000 1.000000
vn 0.000000 0.000000 1.000000
vn 0.000000 0.000000 1.000000
vn 0.000000 0.000000 1.000000
vn 0.000000 0.000000 1.000000
vn 0.000000 0.000000 1.000000
vn 0.000000 0.000000 1.000000
vn 0.000000 0.000000 1.000000
vn 0.000000 0.000000 1.000000
vn 0.000000 0.000000 1.000000
vn 0.000000 0.000000 1.000000
vn 0.000000 0.000000 1.000000
vn 0.000000 0.000000 1.000000
vn 0.000000 0.000000 1.000000
vn 0.000000 0.000000 1.000000
vn 0.000000 0.000000 1.000000
vn 0.000000 0.000000 1.000000
vn 0.000000 0.000000 1.000000
vn 0.000000 0.000000 1.000000
vn 0.000000 0.000000 1.000000
vn 0.000000 0.000000 1.000000
vn 0.000000 0.000000 1.000000
vn 0.000000 0.000000 1.000000
vn 0.000000 0.000000 1.000000
vn 0.000000 0.000000 1.000000
vn 0.000000 0.000000 1.000000
vn 0.000000 0.000000 1.000000
vn 0.000000 0.000000 1.000000
vn 0.000000 0.000000 1.000000
vn 0.000000 0.000000 1.000000
vn 0.000000 0.000000 1.000000
vn 0.000000 0.000000 1.000000
vn 0.000000 0.000000 1.000000
vn 0.000000 0.000000 1.000000
vn 0.000000 0.000000 1.000000
vn 0.000000 0.000000 1.000000
vn 0.000000 0.000000 1.000000
vn 0.000000 0.000000 1.000000
vn 0.000000 0.000000 1.000000
vn 0.000000 0.000000 1.000000
vn 0.000000 0.000000 1.000000
vn 0.000000 0.000000 1.000000
vn 0.000000 0.000000 1.000000
vn 0.000000 0.000000 1.000000
vn 0.000000 0.000000 1.000000
vn 0.000000 0.000000 1.000000
vn 0.000000 0.000000 1.000000
vn 0.000000 0.000000 1.000000
vn 0.000000 0.000000 1.000000
vn 0.000000 0.000000 1.000000
vn 0.000000 0.000000 1.000000
vn 0.000000 0.000000 1.000000
vn 0.000000 0.000000 1.000000
vn 0.000000 0.000000 1.000000
vn 0.000000 0.000000 1.000000
vn 0.000000 0.000000 1.000000
vn 0.000000 0.000000 1.000000
vn 0.000000 0.000000 1.000000
vn 0.000000 0.000000 1.000000
vn 0.000000 0.000000 1.000000
vn 0.000000 0.000000 1.000000
vn 0.000000 0.000000 1.000000
vn 0.000000 0.000000 1.000000
vn 0.000000 0.000000 1.000000
vn 0.000000 0.000000 1.000000
vn 0.000000 0.000000 1.000000
vn 0.000000 0.000000 1.000000
vn 0.000000 0.000000 1.000000
vn 0.000000 0.000000 1.000000
vn 0.000000 0.000000 1.000000
vn 0.000000 0.000000 1.000000
vn 0.000000 0.000000 1.000000
vn 0.000000 0.000000 1.000000
vn 0.000000 0.000000 1.000000
vn 0.000000 0.000000 1.000000
vn 0.000000 0.000000 1.000000
vn 0.000000 0.000000 1.000000
vn 0.000000 0.000000 1.000000
vn 0.000000 0.000000 1.000000
vn 0.000000 0.000000 1.000000
vn 0.000000 0.000000 1.000000
vn 0.000000 0.000000 1.000000
vn 0.000000 0.000000 1.000000
vn 0.000000 0.000000 1.000000
vn 0.000000 0.000000 1.000000
vn 0.000000 0.000000 1.000000
vn 0.000000 0.000000 1.000000
vn 0.000000 0.000000 1.000000
vn 0.000000 0.000000 1.000000
vn 0.000000 0.000000 1.000000
vn 0.000000 0.000000 1.000000
vn 0.000000 0.000000 1.000000
vn 0.000000 0.000000 1.000000
vn 0.000000 0.000000 1.000000
vn 0.000000 0.000000 1.000000
vn 0.000000 0.000000 1.000000
vn -0.849456 -0.527659 0.000000
vn -0.849456 -0.527659 -0.000000
vn -0.910837 -0.412766 0.000000
vn -0.910837 -0.412766 -0.000000
vn -0.935960 -0.352105 0.000000
vn -0.935960 -0.352105 -0.000000
vn -0.973981 -0.226629 0.000000
vn -0.973981 -0.226629 -0.000000
vn -0.986533 -0.163560 0.000000
vn -0.986533 -0.163560 -0.000000
vn -0.995185 -0.098011 0.000000
vn -0.995185 -0.098011 -0.000000
vn -0.995185 0.098011 0.000000
vn -0.995185 0.098011 0.000000
vn -0.986533 0.163560 0.000000
vn -0.986533 0.163560 0.000000
vn -0.956892 0.290443 0.000000
vn -0.956892 0.290443 0.000000
vn -0.881690 0.471830 0.000000
vn -0.881690 0.471830 0.000000
vn -0.772899 0.634529 0.000000
vn -0.772899 0.634529 0.000000
vn 0.956927 -0.290328 0.000000
vn 0.956927 -0.290328 0.000000
vn 0.729867 0.683589 0.000000
vn 0.729867 0.683589 0.000000
vn -0.032629 0.999467 0.000000
vn -0.032629 0.999467 0.000000
vn 0.881957 0.471329 0.000000
vn 0.881957 0.471329 0.000000
vn 0.471335 0.881954 -0.000000
vn 0.471335 0.881954 0.000000
vn 0.412877 0.910787 -0.000000
vn 0.412877 0.910787 0.000000
vn -0.162725 0.986671 0.000000
vn -0.162725 0.986671 0.000000
vn 0.582411 0.812894 -0.000000
vn 0.582411 0.812894 0.000000
vn -0.227151 -0.973860 0.000000
vn -0.227151 -0.973860 0.000000
vn 0.956927 0.290328 0.000000
vn 0.956927 0.290328 0.000000
vn 0.729867 -0.683589 0.000000
vn 0.729867 -0.683589 0.000000
vn 0.812898 0.582406 0.000000
vn 0.812898 0.582406 0.000000
vn 0.910781 0.412890 0.000000
vn 0.910781 0.412890 0.000000
vn 0.936026 -0.351931 0.000000
vn 0.936026 -0.351931 0.000000
vn 0.582411 -0.812894 0.000000
vn 0.582411 -0.812894 0.000000
vn 0.290347 -0.956921 0.000000
vn 0.290347 -0.956921 0.000000
vn 0.683586 -0.729870 0.000000
vn 0.683586 -0.729870 0.000000
vn -0.528205 0.849117 0.000000
vn -0.528205 0.849117 0.000000
vn 0.290347 0.956921 -0.000000
vn 0.290347 0.956921 0.000000
vn 0.098315 -0.995155 0.000000
vn 0.098315 -0.995155 0.000000
vn 0.995197 -0.097896 0.000000
vn 0.995197 -0.097896 0.000000
vn 0.973859 0.227153 0.000000
vn 0.973859 0.227153 0.000000
vn 0.986602 0.163147 0.000000
vn 0.986602 0.163147 0.000000
vn 0.995197 0.097896 0.000000
vn 0.995197 0.097896 0.000000
vn -0.730120 -0.683318 0.000000
vn -0.730120 -0.683318 -0.000000
vn 0.000000 0.000000 1.000000
vn 0.000000 0.000000 1.000000
vn 0.000000 0.000000 1.000000
vn 0.000000 0.000000 1.000000
vn 0.000000 0.000000 1.000000
vn 0.000000 0.000000 1.000000
vn 0.000000 0.000000 1.000000
vn 0.000000 0.000000 1.000000
vn 0.000000 0.000000 1.000000
vn 0.000000 0.000000 1.000000
vn 0.000000 0.000000 1.000000
vn 0.000000 0.000000 1.000000
vn 0.000000 0.000000 1.000000
vn 0.000000 0.000000 1.000000
vn 0.000000 0.000000 1.000000
vn 0.000000 0.000000 1.000000
vn 0.000000 0.000000 1.000000
vn 0.000000 0.000000 1.000000
vn 0.000000 0.000000 1.000000
vn 0.000000 0.000000 1.000000
vn 0.000000 0.000000 1.000000
vn 0.000000 0.000000 1.000000
vn 0.000000 0.000000 1.000000
vn 0.000000 0.000000 1.000000
vn 0.000000 0.000000 1.000000
vn 0.000000 0.000000 1.000000
vn 0.000000 0.000000 1.000000
vn 0.000000 0.000000 1.000000
vn 0.000000 0.000000 1.000000
vn 0.000000 0.000000 1.000000
vn 0.000000 0.000000 1.000000
vn 0.000000 0.000000 1.000000
vn 0.000000 0.000000 1.000000
vn 0.000000 0.000000 1.000000
vn 0.000000 0.000000 1.000000
vn 0.000000 0.000000 1.000000
vn 0.000000 0.000000 1.000000
vn 0.000000 0.000000 1.000000
vn 0.000000 0.000000 1.000000
vn 0.000000 0.000000 1.000000
vn 0.000000 0.000000 1.000000
vn 0.000000 0.000000 1.000000
vn 0.000000 0.000000 1.000000
vn 0.000000 0.000000 1.000000
vn 0.000000 0.000000 1.000000
vn 0.000000 0.000000 1.000000
vn 0.000000 0.000000 1.000000
vn 0.000000 0.000000 1.000000
vn 0.000000 0.000000 1.000000
vn 0.000000 0.000000 1.000000
vn 0.000000 0.000000 1.000000
vn 0.000000 0.000000 1.000000
vn 0.000000 0.000000 1.000000
vn 0.000000 0.000000 1.000000
vn 0.000000 0.000000 1.000000
vn 0.000000 0.000000 1.000000
vn 0.000000 0.000000 1.000000
vn 0.000000 0.000000 1.000000
vn 0.000000 0.000000 1.000000
vn 0.000000 0.000000 1.000000
vn 0.000000 0.000000 1.000000
vn 0.000000 0.000000 1.000000
vn 0.000000 0.000000 1.000000
vn 0.000000 0.000000 1.000000
vn 0.000000 0.000000 1.000000
vn 0.000000 0.000000 1.000000
vn 0.000000 0.000000 1.000000
vn 0.000000 0.000000 1.000000
vn 0.000000 0.000000 1.000000
vn 0.000000 0.000000 1.000000
vn 0.000000 0.000000 1.000000
vn 0.000000 0.000000 1.000000
vn 0.000000 0.000000 1.000000
vn 0.000000 0.000000 1.000000
vn 0.000000 0.000000 1.000000
vn 0.000000 0.000000 1.000000
vn 0.000000 0.000000 1.000000
vn 0.000000 0.000000 1.000000
vn 0.000000 0.000000 1.000000
vn 0.000000 0.000000 1.000000
vn 0.000000 0.000000 1.000000
vn 0.000000 0.000000 1.000000
vn 0.000000 0.000000 1.000000
vn 0.000000 0.000000 1.000000
vn 0.000000 0.000000 1.000000
vn 0.000000 0.000000 1.000000
vn 0.000000 0.000000 1.000000
vn 0.000000 0.000000 1.000000
vn 0.000000 0.000000 1.000000
vn 0.000000 0.000000 1.000000
vn 0.000000 0.000000 1.000000
vn 0.000000 0.000000 1.000000
vn 0.000000 0.000000 1.000000
vn 0.000000 0.000000 1.000000
vn 0.000000 0.000000 1.000000
vn 0.000000 0.000000 1.000000
vn 0.000000 0.000000 1.000000
vn 0.000000 0.000000 1.000000
vn 0.000000 0.000000 1.000000
vn 0.000000 0.000000 1.000000
vn 0.000000 0.000000 1.000000
vn 0.000000 0.000000 1.000000
vn 0.000000 0.000000 1.000000
vn 0.000000 0.000000 1.000000
vn 0.000000 0.000000 1.000000
vn 0.000000 0.000000 1.000000
vn 0.000000 0.000000 1.000000
vn 0.000000 0.000000 1.000000
vn 0.000000 0.000000 1.000000
vn 0.000000 0.000000 1.000000
vn 0.000000 0.000000 1.000000
vn 0.000000 0.000000 1.000000
vn 0.000000 0.000000 1.000000
vn 0.000000 0.000000 1.000000
vn 0.000000 0.000000 1.000000
vn 0.000000 0.000000 1.000000
vn 0.000000 0.000000 1.000000
vn 0.000000 0.000000 1.000000
vn 0.000000 0.000000 1.000000
vn 0.000000 0.000000 1.000000
vn 0.000000 0.000000 1.000000
vn 0.000000 0.000000 1.000000
vn 0.000000 0.000000 1.000000
vn 0.000000 0.000000 1.000000
vn 0.000000 0.000000 1.000000
vn 0.000000 0.000000 1.000000
vn 0.000000 0.000000 1.000000
vn 0.000000 0.000000 1.000000
vn 0.000000 0.000000 1.000000
vn 0.000000 0.000000 1.000000
vn 0.000000 0.000000 1.000000
vn 0.000000 0.000000 1.000000
vn 0.000000 0.000000 1.000000
vn 0.000000 0.000000 1.000000
vn 0.000000 0.000000 1.000000
vn 0.000000 0.000000 1.000000
vn 0.000000 0.000000 1.000000
vn 0.000000 0.000000 1.000000
vn 0.000000 0.000000 1.000000
vn 0.000000 0.000000 1.000000
vn 0.000000 0.000000 1.000000
vn 0.000000 0.000000 1.000000
vn 0.000000 0.000000 1.000000
vn 0.000000 0.000000 1.000000
vn 0.000000 0.000000 1.000000
vn 0.000000 0.000000 1.000000
vn 0.000000 0.000000 1.000000
vn 0.000000 0.000000 1.000000
vn 0.000000 0.000000 1.000000
vn 0.000000 0.000000 1.000000
vn 0.000000 0.000000 1.000000
vn 0.000000 0.000000 1.000000
vn 0.000000 0.000000 1.000000
vn 0.000000 0.000000 1.000000
vn 0.000000 0.000000 1.000000
vn 0.000000 0.000000 1.000000
vn 0.000000 0.000000 1.000000
vn 0.000000 0.000000 1.000000
vn 0.000000 0.000000 1.000000
vn 0.000000 0.000000 1.000000
vn 0.000000 0.000000 1.000000
vn 0.000000 0.000000 1.000000
vn 0.000000 0.000000 1.000000
vn 0.000000 0.000000 1.000000
vn 0.000000 0.000000 1.000000
vn 0.000000 0.000000 1.000000
vn 0.000000 0.000000 1.000000
vn 0.000000 0.000000 1.000000
vn 0.000000 0.000000 1.000000
vn 0.000000 0.000000 1.000000
vn 0.000000 0.000000 1.000000
vn 0.000000 0.000000 1.000000
vn 0.000000 0.000000 1.000000
vn 0.000000 0.000000 1.000000
vn 0.000000 0.000000 1.000000
vn 0.000000 0.000000 1.000000
vn 0.000000 0.000000 1.000000
vn 0.000000 0.000000 1.000000
vn 0.000000 0.000000 1.000000
vn 0.000000 0.000000 1.000000
vn 0.000000 0.000000 1.000000
vn 0.000000 0.000000 1.000000
vn 0.000000 0.000000 1.000000
vn 0.000000 0.000000 1.000000
vn 0.000000 0.000000 1.000000
vn 0.000000 0.000000 1.000000
vn 0.000000 0.000000 1.000000
vn 0.000000 0.000000 1.000000
vn 0.000000 0.000000 1.000000
vn 0.000000 0.000000 1.000000
vn 0.000000 0.000000 1.000000
vn 0.000000 0.000000 1.000000
vn -0.812778 -0.582574 0.000000
vn -0.812778 -0.582574 -0.000000
vn -0.881690 -0.471830 0.000000
vn -0.881690 -0.471830 -0.000000
vn -0.956892 -0.290443 0.000000
vn -0.956892 -0.290443 -0.000000
vn -0.995185 -0.098011 0.000000
vn -0.995185 -0.098011 -0.000000
vn -0.995185 0.098011 0.000000
vn -0.995185 0.098011 0.000000
vn -0.956892 0.290443 0.000000
vn -0.956892 0.290443 0.000000
vn -0.910837 0.412766 0.000000
vn -0.910837 0.412766 0.000000
vn -0.730120 0.683318 0.000000
vn -0.730120 0.683318 0.000000
vn 0.956927 -0.290328 0.000000
vn 0.956927 -0.290328 0.000000
vn 0.729867 0.683589 0.000000
vn 0.729867 0.683589 0.000000
vn -0.032629 0.999467 0.000000
vn -0.032629 0.999467 0.000000
vn 0.881957 0.471329 0.000000
vn 0.881957 0.471329 0.000000
vn 0.471335 0.881954 -0.000000
vn 0.471335 0.881954 0.000000
vn 0.412877 0.910787 -0.000000
vn 0.412877 0.910787 0.000000
vn -0.162725 0.986671 0.000000
vn -0.162725 0.986671 0.000000
vn 0.582411 0.812894 -0.000000
vn 0.582411 0.812894 0.000000
vn -0.227151 -0.973860 0.000000
vn -0.227151 -0.973860 0.000000
vn 0.956927 0.290328 0.000000
vn 0.956927 0.290328 0.000000
vn 0.729867 -0.683589 0.000000
vn 0.729867 -0.683589 0.000000
vn 0.812898 0.582406 0.000000
vn 0.812898 0.582406 0.000000
vn 0.910781 0.412890 0.000000
vn 0.910781 0.412890 0.000000
vn 0.936026 -0.351931 0.000000
vn 0.936026 -0.351931 0.000000
vn 0.582411 -0.812894 0.000000
vn 0.582411 -0.812894 0.000000
vn 0.290347 -0.956921 0.000000
vn 0.290347 -0.956921 0.000000
vn 0.683586 -0.729870 0.000000
vn 0.683586 -0.729870 0.000000
vn -0.528205 0.849117 0.000000
vn -0.528205 0.849117 0.000000
vn 0.290347 0.956921 -0.000000
vn 0.290347 0.956921 0.000000
vn 0.098315 -0.995155 0.000000
vn 0.098315 -0.995155 0.000000
vn 0.995154 -0.098333 0.000000
vn 0.995154 -0.098333 0.000000
vn 0.973859 0.227153 0.000000
vn 0.973859 0.227153 0.000000
vn 0.986673 0.162718 0.000000
vn 0.986673 0.162718 0.000000
vn 0.995154 0.098333 0.000000
vn 0.995154 0.098333 0.000000
vn 1.000000 -0.000000 0.000000
vn 1.000000 0.000000 0.000000
vn 1.000000 0.000000 0.000000
vn 1.000000 0.000000 0.000000
vn 1.000000 0.000000 0.000000
vn 1.000000 0.000000 0.000000
vn 1.000000 0.000000 0.000000
vn 1.000000 0.000000 0.000000
vn 0.000000 0.000000 -1.000000
vn 0.000000 0.000000 -1.000000
vn 0.000000 1.000000 0.000000
vn 0.000000 1.000000 0.000000
vn 0.000000 -1.000000 0.000000
vn 0.000000 -1.000000 0.000000
vn -1.000000 0.000000 0.000000
vn -1.000000 0.000000 0.000000
vn -1.000000 0.000000 0.000000
vn -1.000000 0.000000 0.000000
vn -1.000000 0.000000 0.000000
vn -1.000000 0.000000 0.000000
vn -1.000000 0.000000 0.000000
vn -1.000000 0.000000 0.000000
vn 0.000000 -1.000000 0.000000
vn 0.000000 -1.000000 0.000000
vn 0.000000 1.000000 0.000000
vn 0.000000 1.000000 0.000000
vn 0.999468 0.032612 0.000000
vn 0.999468 0.032612 0.000000
vn 0.032629 -0.999467 0.000000
vn 0.032629 -0.999467 0.000000
vn 0.351935 0.936024 -0.000000
vn 0.351935 0.936024 0.000000
vn 0.973859 -0.227153 0.000000
vn 0.973859 -0.227153 0.000000
vn -0.910781 -0.412890 0.000000
vn -0.910781 -0.412890 -0.000000
vn 0.849110 -0.528216 0.000000
vn 0.849110 -0.528216 0.000000
vn 0.999468 -0.032612 0.000000
vn 0.999468 -0.032612 0.000000
vn -0.956927 0.290328 0.000000
vn -0.956927 0.290328 0.000000
vn -0.412877 0.910787 0.000000
vn -0.412877 0.910787 0.000000
vn -0.936026 -0.351931 0.000000
vn -0.936026 -0.351931 -0.000000
vn -0.973859 -0.227153 0.000000
vn -0.973859 -0.227153 -0.000000
vn -0.910781 0.412890 0.000000
vn -0.910781 0.412890 0.000000
vn -0.412877 -0.910787 0.000000
vn -0.412877 -0.910787 0.000000
vn 0.098315 -0.995155 0.000000
vn 0.098315 -0.995155 0.000000
vn 0.881957 0.471329 0.000000
vn 0.881957 0.471329 0.000000
vn 0.162725 0.986671 -0.000000
vn 0.162725 0.986671 0.000000
vn 0.683586 0.729870 -0.000000
vn 0.683586 0.729870 0.000000
vn -0.986673 0.162718 0.000000
vn -0.986673 0.162718 0.000000
vn -0.773069 0.634322 0.000000
vn -0.773069 0.634322 0.000000
vn 0.956927 -0.290328 0.000000
vn 0.956927 -0.290328 0.000000
vn -0.729867 0.683589 0.000000
vn -0.729867 0.683589 0.000000
vn 0.634329 0.773063 -0.000000
vn 0.634329 0.773063 0.000000
vn -0.936026 0.351931 0.000000
vn -0.936026 0.351931 0.000000
vn -0.812898 -0.582406 0.000000
vn -0.812898 -0.582406 -0.000000
vn -0.995154 0.098333 0.000000
vn -0.995154 0.098333 0.000000
vn 0.471335 -0.881954 0.000000
vn 0.471335 -0.881954 0.000000
vn 0.227151 -0.973860 0.000000
vn 0.227151 -0.973860 0.000000
vn -0.729867 -0.683589 0.000000
vn -0.729867 -0.683589 -0.000000
vn -0.162725 0.986671 0.000000
vn -0.162725 0.986671 0.000000
vn 0.995197 -0.097896 0.000000
vn 0.995197 -0.097896 0.000000
vn -0.098315 -0.995155 0.000000
vn -0.098315 -0.995155 0.000000
vn 0.910781 0.412890 0.000000
vn 0.910781 0.412890 0.000000
vn -0.999468 -0.032612 0.000000
vn -0.999468 -0.032612 -0.000000
vn 0.812898 -0.582406 0.000000
vn 0.812898 -0.582406 0.000000
vn 0.773069 0.634322 0.000000
vn 0.773069 0.634322 0.000000
vn 0.936026 0.351931 0.000000
vn 0.936026 0.351931 0.000000
vn -0.986673 -0.162718 0.000000
vn -0.986673 -0.162718 -0.000000
vn 0.582411 0.812894 -0.000000
vn 0.582411 0.812894 0.000000
vn -0.290347 -0.956921 0.000000
vn -0.290347 -0.956921 0.000000
vn -0.999468 0.032612 0.000000
vn -0.999468 0.032612 0.000000
vn -0.471335 0.881954 0.000000
vn -0.471335 0.881954 0.000000
vn 0.471335 0.881954 -0.000000
vn 0.471335 0.881954 0.000000
vn -0.956927 -0.290328 0.000000
vn -0.956927 -0.290328 -0.000000
vn -0.290347 0.956921 0.000000
vn -0.290347 0.956921 0.000000
vn -0.773069 -0.634322 0.000000
vn -0.773069 -0.634322 -0.000000
vn -0.849110 -0.528216 0.000000
vn -0.849110 -0.528216 -0.000000
vn -0.995154 -0.098333 0.000000
vn -0.995154 -0.098333 -0.000000
vn 0.098315 0.995155 -0.000000
vn 0.098315 0.995155 0.000000
vn -0.881957 -0.471329 0.000000
vn -0.881957 -0.471329 -0.000000
vn -0.683586 -0.729870 0.000000
vn -0.683586 -0.729870 0.000000
vn -0.973859 0.227153 0.000000
vn -0.973859 0.227153 0.000000
vn -0.812898 0.582406 0.000000
vn -0.812898 0.582406 0.000000
vn 0.582411 -0.812894 0.000000
vn 0.582411 -0.812894 0.000000
vn -0.582411 0.812894 0.000000
vn -0.582411 0.812894 0.000000
vn -0.582411 -0.812894 0.000000
vn -0.582411 -0.812894 0.000000
vn 0.290347 0.956921 -0.000000
vn 0.290347 0.956921 0.000000
vn -0.849110 0.528216 0.000000
vn -0.849110 0.528216 0.000000
vn -0.881957 0.471329 0.000000
vn -0.881957 0.471329 0.000000
vn 0.999468 0.032612 0.000000
vn 0.999468 0.032612 0.000000
vn 0.032629 -0.999467 0.000000
vn 0.032629 -0.999467 0.000000
vn 0.351935 0.936024 -0.000000
vn 0.351935 0.936024 0.000000
vn 0.973859 -0.227153 0.000000
vn 0.973859 -0.227153 0.000000
vn -0.910781 -0.412890 0.000000
vn -0.910781 -0.412890 -0.000000
vn 0.849110 -0.528216 0.000000
vn 0.849110 -0.528216 0.000000
vn 0.999468 -0.032612 0.000000
vn 0.999468 -0.032612 0.000000
vn -0.956927 0.290328 0.000000
vn -0.956927 0.290328 0.000000
vn -0.412877 0.910787 0.000000
vn -0.412877 0.910787 0.000000
vn -0.936026 -0.351931 0.000000
vn -0.936026 -0.351931 -0.000000
vn -0.973859 -0.227153 0.000000
vn -0.973859 -0.227153 -0.000000
vn -0.910781 0.412890 0.000000
vn -0.910781 0.412890 0.000000
vn -0.412877 -0.910787 0.000000
vn -0.412877 -0.910787 0.000000
vn 0.098315 -0.995155 0.000000
vn 0.098315 -0.995155 0.000000
vn 0.881957 0.471329 0.000000
vn 0.881957 0.471329 0.000000
vn 0.162725 0.986671 -0.000000
vn 0.162725 0.986671 0.000000
vn 0.683586 0.729870 -0.000000
vn 0.683586 0.729870 0.000000
vn -0.986602 0.163147 0.000000
vn -0.986602 0.163147 0.000000
vn 0.956927 -0.290328 0.000000
vn 0.956927 -0.290328 0.000000
vn -0.729867 0.683589 0.000000
vn -0.729867 0.683589 0.000000
vn 0.634329 0.773063 -0.000000
vn 0.634329 0.773063 0.000000
vn -0.936026 0.351931 0.000000
vn -0.936026 0.351931 0.000000
vn -0.812898 -0.582406 0.000000
vn -0.812898 -0.582406 -0.000000
vn -0.995197 0.097896 0.000000
vn -0.995197 0.097896 0.000000
vn 0.471335 -0.881954 0.000000
vn 0.471335 -0.881954 0.000000
vn 0.227151 -0.973860 0.000000
vn 0.227151 -0.973860 0.000000
vn -0.729867 -0.683589 0.000000
vn -0.729867 -0.683589 -0.000000
vn -0.162725 0.986671 0.000000
vn -0.162725 0.986671 0.000000
vn 0.995154 -0.098333 0.000000
vn 0.995154 -0.098333 0.000000
vn -0.098315 -0.995155 0.000000
vn -0.098315 -0.995155 0.000000
vn 0.351935 -0.936024 0.000000
vn 0.351935 -0.936024 0.000000
vn 0.910781 0.412890 0.000000
vn 0.910781 0.412890 0.000000
vn -0.999468 -0.032612 0.000000
vn -0.999468 -0.032612 -0.000000
vn 0.812898 -0.582406 0.000000
vn 0.812898 -0.582406 0.000000
vn 0.773069 0.634322 0.000000
vn 0.773069 0.634322 0.000000
vn 0.936026 0.351931 0.000000
vn 0.936026 0.351931 0.000000
vn -0.986602 -0.163147 0.000000
vn -0.986602 -0.163147 -0.000000
vn 0.582411 0.812894 -0.000000
vn 0.582411 0.812894 0.000000
vn -0.290347 -0.956921 0.000000
vn -0.290347 -0.956921 0.000000
vn -0.999468 0.032612 0.000000
vn -0.999468 0.032612 0.000000
vn -0.471335 0.881954 0.000000
vn -0.471335 0.881954 0.000000
vn 0.471335 0.881954 -0.000000
vn 0.471335 0.881954 0.000000
vn -0.956927 -0.290328 0.000000
vn -0.956927 -0.290328 -0.000000
vn -0.290347 0.956921 0.000000
vn -0.290347 0.956921 0.000000
vn -0.773069 -0.634322 0.000000
vn -0.773069 -0.634322 -0.000000
vn -0.849110 -0.528216 0.000000
vn -0.849110 -0.528216 -0.000000
vn -0.995197 -0.097896 0.000000
vn -0.995197 -0.097896 -0.000000
vn 0.098315 0.995155 -0.000000
vn 0.098315 0.995155 0.000000
vn -0.881957 -0.471329 0.000000
vn -0.881957 -0.471329 -0.000000
vn -0.683586 -0.729870 0.000000
vn -0.683586 -0.729870 0.000000
vn -0.973859 0.227153 0.000000
vn -0.973859 0.227153 0.000000
vn -0.812898 0.582406 0.000000
vn -0.812898 0.582406 0.000000
vn 0.582411 -0.812894 0.000000
vn 0.582411 -0.812894 0.000000
vn -0.582411 0.812894 0.000000
vn -0.582411 0.812894 0.000000
vn -0.582411 -0.812894 0.000000
vn -0.582411 -0.812894 0.000000
vn 0.290347 0.956921 -0.000000
vn 0.290347 0.956921 0.000000
vn -0.773069 0.634322 0.000000
vn -0.773069 0.634322 0.000000
vn -0.849110 0.528216 0.000000
vn -0.849110 0.528216 0.000000
vn -0.881957 0.471329 0.000000
vn -0.881957 0.471329 0.000000
vn 0.999468 0.032612 0.000000
vn 0.999468 0.032612 0.000000
vn -0.881957 0.471329 0.000000
vn -0.881957 0.471329 0.000000
vn -0.995154 0.098333 0.000000
vn -0.995154 0.098333 0.000000
vn 0.634329 -0.773063 0.000000
vn 0.634329 -0.773063 0.000000
vn 0.227151 0.973860 -0.000000
vn 0.227151 0.973860 0.000000
vn -0.973859 0.227153 0.000000
vn -0.973859 0.227153 0.000000
vn 0.162725 -0.986671 0.000000
vn 0.162725 -0.986671 0.000000
vn -0.729867 0.683589 0.000000
vn -0.729867 0.683589 0.000000
vn -0.910781 0.412890 0.000000
vn -0.910781 0.412890 0.000000
vn -0.582411 0.812894 0.000000
vn -0.582411 0.812894 0.000000
vn -0.995154 -0.098333 0.000000
vn -0.995154 -0.098333 -0.000000
vn -0.849110 0.528216 0.000000
vn -0.849110 0.528216 0.000000
vn -0.956927 -0.290328 0.000000
vn -0.956927 -0.290328 -0.000000
vn -0.881957 -0.471329 0.000000
vn -0.881957 -0.471329 -0.000000
vn -0.986673 -0.162718 0.000000
vn -0.986673 -0.162718 -0.000000
vn -0.162725 -0.986671 0.000000
vn -0.162725 -0.986671 0.000000
vn 0.936026 0.351931 0.000000
vn 0.936026 0.351931 0.000000
vn -0.999468 0.032612 0.000000
vn -0.999468 0.032612 0.000000
vn -0.999468 -0.032612 0.000000
vn -0.999468 -0.032612 -0.000000
vn 0.162725 0.986671 -0.000000
vn 0.162725 0.986671 0.000000
vn -0.849110 -0.528216 0.000000
vn -0.849110 -0.528216 -0.000000
vn 0.973859 -0.227153 0.000000
vn 0.973859 -0.227153 0.000000
vn 0.773069 -0.634322 0.000000
vn 0.773069 -0.634322 0.000000
vn 0.528205 0.849117 -0.000000
vn 0.528205 0.849117 0.000000
vn -0.227151 0.973860 0.000000
vn -0.227151 0.973860 0.000000
vn -0.683586 -0.729870 0.000000
vn -0.683586 -0.729870 0.000000
vn 0.683586 0.729870 -0.000000
vn 0.683586 0.729870 0.000000
vn -0.956927 0.290328 0.000000
vn -0.956927 0.290328 0.000000
vn 0.849110 -0.528216 0.000000
vn 0.849110 -0.528216 0.000000
vn 0.634329 0.773063 -0.000000
vn 0.634329 0.773063 0.000000
vn -0.290347 0.956921 0.000000
vn -0.290347 0.956921 0.000000
vn 0.999468 -0.032612 0.000000
vn 0.999468 -0.032612 0.000000
vn 0.351935 -0.936024 0.000000
vn 0.351935 -0.936024 0.000000
vn 0.849110 0.528216 0.000000
vn 0.849110 0.528216 0.000000
vn 0.032629 -0.999467 0.000000
vn 0.032629 -0.999467 0.000000
vn -0.351935 -0.936024 0.000000
vn -0.351935 -0.936024 0.000000
vn 0.351935 0.936024 -0.000000
vn 0.351935 0.936024 0.000000
vn -0.973859 -0.227153 0.000000
vn -0.973859 -0.227153 -0.000000
vn -0.098315 0.995155 0.000000
vn -0.098315 0.995155 0.000000
vn 0.412877 -0.910787 0.000000
vn 0.412877 -0.910787 0.000000
vn -0.812898 -0.582406 0.000000
vn -0.812898 -0.582406 -0.000000
vn 0.881957 -0.471329 0.000000
vn 0.881957 -0.471329 0.000000
vn -0.986673 0.162718 0.000000
vn -0.986673 0.162718 0.000000
vn 0.471335 -0.881954 0.000000
vn 0.471335 -0.881954 0.000000
vn -0.098315 -0.995155 0.000000
vn -0.098315 -0.995155 0.000000
vn -0.528205 -0.849117 0.000000
vn -0.528205 -0.849117 0.000000
vn -0.910781 -0.412890 0.000000
vn -0.910781 -0.412890 -0.000000
vn -0.032629 -0.999467 0.000000
vn -0.032629 -0.999467 0.000000
vn -0.812898 0.582406 0.000000
vn -0.812898 0.582406 0.000000
vn 0.986602 -0.163147 0.000000
vn 0.986602 -0.163147 0.000000
vn -0.412877 0.910787 0.000000
vn -0.412877 0.910787 0.000000
vn -0.351935 0.936024 0.000000
vn -0.351935 0.936024 0.000000
vn -0.412877 -0.910787 0.000000
vn -0.412877 -0.910787 0.000000
vn -0.936026 0.351931 0.000000
vn -0.936026 0.351931 0.000000
vn 0.812898 -0.582406 0.000000
vn 0.812898 -0.582406 0.000000
vn -0.773069 -0.634322 0.000000
vn -0.773069 -0.634322 -0.000000
vn -0.729867 -0.683589 0.000000
vn -0.729867 -0.683589 -0.000000
vn -0.471335 -0.881954 0.000000
vn -0.471335 -0.881954 0.000000
vn 0.098315 0.995155 -0.000000
vn 0.098315 0.995155 0.000000
vn 0.773069 0.634322 0.000000
vn 0.773069 0.634322 0.000000
vn 0.227151 -0.973860 0.000000
vn 0.227151 -0.973860 0.000000
vn 0.910781 -0.412890 0.000000
vn 0.910781 -0.412890 0.000000
vn -0.936026 -0.351931 0.000000
vn -0.936026 -0.351931 -0.000000
vn 0.032629 0.999467 -0.000000
vn 0.032629 0.999467 0.000000
vn -0.290347 -0.956921 0.000000
vn -0.290347 -0.956921 0.000000
vn -0.683586 0.729870 0.000000
vn -0.683586 0.729870 0.000000
vn -0.634329 0.773063 0.000000
vn -0.634329 0.773063 0.000000
vn 0.528205 -0.849117 0.000000
vn 0.528205 -0.849117 0.000000
vn -0.773069 0.634322 0.000000
vn -0.773069 0.634322 0.000000
vn -0.634329 -0.773063 0.000000
vn -0.634329 -0.773063 0.000000
vn -0.471335 0.881954 0.000000
vn -0.471335 0.881954 0.000000
vn -0.582411 -0.812894 0.000000
vn -0.582411 -0.812894 0.000000
vn 0.999468 0.032612 0.000000
vn 0.999468 0.032612 0.000000
vn -0.881957 0.471329 0.000000
vn -0.881957 0.471329 0.000000
vn -0.995197 0.097896 0.000000
vn -0.995197 0.097896 0.000000
vn 0.634329 -0.773063 0.000000
vn 0.634329 -0.773063 0.000000
vn 0.227151 0.973860 -0.000000
vn 0.227151 0.973860 0.000000
vn -0.973859 0.227153 0.000000
vn -0.973859 0.227153 0.000000
vn 0.162725 -0.986671 0.000000
vn 0.162725 -0.986671 0.000000
vn -0.729867 0.683589 0.000000
vn -0.729867 0.683589 0.000000
vn -0.910781 0.412890 0.000000
vn -0.910781 0.412890 0.000000
vn -0.582411 0.812894 0.000000
vn -0.582411 0.812894 0.000000
vn -0.995197 -0.097896 0.000000
vn -0.995197 -0.097896 -0.000000
vn -0.849110 0.528216 0.000000
vn -0.849110 0.528216 0.000000
vn -0.956927 -0.290328 0.000000
vn -0.956927 -0.290328 -0.000000
vn -0.881957 -0.471329 0.000000
vn -0.881957 -0.471329 -0.000000
vn -0.986602 -0.163147 0.000000
vn -0.986602 -0.163147 -0.000000
vn -0.162725 -0.986671 0.000000
vn -0.162725 -0.986671 0.000000
vn 0.936026 0.351931 0.000000
vn 0.936026 0.351931 0.000000
vn -0.999468 0.032612 0.000000
vn -0.999468 0.032612 0.000000
vn -0.999468 -0.032612 0.000000
vn -0.999468 -0.032612 -0.000000
vn 0.162725 0.986671 -0.000000
vn 0.162725 0.986671 0.000000
vn -0.849110 -0.528216 0.000000
vn -0.849110 -0.528216 -0.000000
vn 0.973859 -0.227153 0.000000
vn 0.973859 -0.227153 0.000000
vn 0.773069 -0.634322 0.000000
vn 0.773069 -0.634322 0.000000
vn 0.528205 0.849117 -0.000000
vn 0.528205 0.849117 0.000000
vn -0.227151 0.973860 0.000000
vn -0.227151 0.973860 0.000000
vn -0.683586 -0.729870 0.000000
vn -0.683586 -0.729870 0.000000
vn 0.683586 0.729870 -0.000000
vn 0.683586 0.729870 0.000000
vn 0.986673 -0.162718 0.000000
vn 0.986673 -0.162718 0.000000
vn -0.956927 0.290328 0.000000
vn -0.956927 0.290328 0.000000
vn 0.849110 -0.528216 0.000000
vn 0.849110 -0.528216 0.000000
vn 0.634329 0.773063 -0.000000
vn 0.634329 0.773063 0.000000
vn -0.290347 0.956921 0.000000
vn -0.290347 0.956921 0.000000
vn 0.999468 -0.032612 0.000000
vn 0.999468 -0.032612 0.000000
vn 0.351935 -0.936024 0.000000
vn 0.351935 -0.936024 0.000000
vn 0.849110 0.528216 0.000000
vn 0.849110 0.528216 0.000000
vn 0.032629 -0.999467 0.000000
vn 0.032629 -0.999467 0.000000
vn -0.351935 -0.936024 0.000000
vn -0.351935 -0.936024 0.000000
vn 0.351935 0.936024 -0.000000
vn 0.351935 0.936024 0.000000
vn -0.973859 -0.227153 0.000000
vn -0.973859 -0.227153 -0.000000
vn -0.098315 0.995155 0.000000
vn -0.098315 0.995155 0.000000
vn 0.412877 -0.910787 0.000000
vn 0.412877 -0.910787 0.000000
vn -0.812898 -0.582406 0.000000
vn -0.812898 -0.582406 -0.000000
vn 0.881957 -0.471329 0.000000
vn 0.881957 -0.471329 0.000000
vn -0.986602 0.163147 0.000000
vn -0.986602 0.163147 0.000000
vn 0.471335 -0.881954 0.000000
vn 0.471335 -0.881954 0.000000
vn -0.098315 -0.995155 0.000000
vn -0.098315 -0.995155 0.000000
vn -0.528205 -0.849117 0.000000
vn -0.528205 -0.849117 0.000000
vn -0.910781 -0.412890 0.000000
vn -0.910781 -0.412890 -0.000000
vn -0.032629 -0.999467 0.000000
vn -0.032629 -0.999467 0.000000
vn -0.812898 0.582406 0.000000
vn -0.812898 0.582406 0.000000
vn -0.412877 0.910787 0.000000
vn -0.412877 0.910787 0.000000
vn -0.351935 0.936024 0.000000
vn -0.351935 0.936024 0.000000
vn -0.412877 -0.910787 0.000000
vn -0.412877 -0.910787 0.000000
vn -0.936026 0.351931 0.000000
vn -0.936026 0.351931 0.000000
vn 0.812898 -0.582406 0.000000
vn 0.812898 -0.582406 0.000000
vn -0.729867 -0.683589 0.000000
vn -0.729867 -0.683589 -0.000000
vn -0.773069 -0.634322 0.000000
vn -0.773069 -0.634322 -0.000000
vn -0.471335 -0.881954 0.000000
vn -0.471335 -0.881954 0.000000
vn 0.098315 0.995155 -0.000000
vn 0.098315 0.995155 0.000000
vn 0.773069 0.634322 0.000000
vn 0.773069 0.634322 0.000000
vn 0.227151 -0.973860 0.000000
vn 0.227151 -0.973860 0.000000
vn 0.910781 -0.412890 0.000000
vn 0.910781 -0.412890 0.000000
vn -0.936026 -0.351931 0.000000
vn -0.936026 -0.351931 -0.000000
vn 0.032629 0.999467 -0.000000
vn 0.032629 0.999467 0.000000
vn -0.290347 -0.956921 0.000000
vn -0.290347 -0.956921 0.000000
vn -0.683586 0.729870 0.000000
vn -0.683586 0.729870 0.000000
vn -0.634329 0.773063 0.000000
vn -0.634329 0.773063 0.000000
vn 0.528205 -0.849117 0.000000
vn 0.528205 -0.849117 0.000000
vn -0.773069 0.634322 0.000000
vn -0.773069 0.634322 0.000000
vn -0.634329 -0.773063 0.000000
vn -0.634329 -0.773063 0.000000
vn -0.471335 0.881954 0.000000
vn -0.471335 0.881954 0.000000
vn -0.582411 -0.812894 0.000000
vn -0.582411 -0.812894 0.000000
vn 0.986533 -0.163560 0.000000
vn 0.986533 -0.163560 0.000000
vn -0.999478 -0.032298 0.000000
vn -0.999478 -0.032298 -0.000000
vn 0.999478 0.032298 0.000000
vn 0.999478 0.032298 0.000000
vn 0.973981 0.226629 0.000000
vn 0.973981 0.226629 0.000000
vn 0.582629 0.812738 -0.000000
vn 0.582629 0.812738 0.000000
vn 0.772899 0.634529 0.000000
vn 0.772899 0.634529 0.000000
vn -0.097993 -0.995187 0.000000
vn -0.097993 -0.995187 0.000000
vn 0.849456 0.527659 0.000000
vn 0.849456 0.527659 0.000000
vn 0.634485 0.772935 -0.000000
vn 0.634485 0.772935 0.000000
vn 0.683336 0.730104 -0.000000
vn 0.683336 0.730104 0.000000
vn 0.935960 0.352105 0.000000
vn 0.935960 0.352105 0.000000
vn -0.634485 -0.772935 0.000000
vn -0.634485 -0.772935 0.000000
vn 0.290475 0.956883 -0.000000
vn 0.290475 0.956883 0.000000
vn 0.986533 0.163560 0.000000
vn 0.986533 0.163560 0.000000
vn -0.527636 0.849471 0.000000
vn -0.527636 0.849471 0.000000
vn 0.973981 -0.226629 0.000000
vn 0.973981 -0.226629 0.000000
vn -0.935960 -0.352105 0.000000
vn -0.935960 -0.352105 -0.000000
vn 0.935960 -0.352105 0.000000
vn 0.935960 -0.352105 0.000000
vn 0.412711 0.910862 -0.000000
vn 0.412711 0.910862 0.000000
vn -0.471850 0.881679 0.000000
vn -0.471850 0.881679 0.000000
vn -0.582629 0.812738 0.000000
vn -0.582629 0.812738 0.000000
vn -0.582629 -0.812738 0.000000
vn -0.582629 -0.812738 0.000000
vn 0.730120 0.683318 0.000000
vn 0.730120 0.683318 0.000000
vn 0.412711 -0.910862 0.000000
vn 0.412711 -0.910862 0.000000
vn 0.956892 0.290443 0.000000
vn 0.956892 0.290443 0.000000
vn -0.097993 0.995187 0.000000
vn -0.097993 0.995187 0.000000
vn 0.163676 0.986514 -0.000000
vn 0.163676 0.986514 0.000000
vn 0.226421 0.974029 -0.000000
vn 0.226421 0.974029 0.000000
vn 0.582629 -0.812738 0.000000
vn 0.582629 -0.812738 0.000000
vn 0.683336 -0.730104 0.000000
vn 0.683336 -0.730104 0.000000
vn 0.471850 -0.881679 0.000000
vn 0.471850 -0.881679 0.000000
vn -0.226421 -0.974029 0.000000
vn -0.226421 -0.974029 0.000000
vn -0.956892 0.290443 0.000000
vn -0.956892 0.290443 0.000000
vn 0.999478 -0.032298 0.000000
vn 0.999478 -0.032298 0.000000
vn -0.412711 -0.910862 0.000000
vn -0.412711 -0.910862 0.000000
vn -0.032367 0.999476 0.000000
vn -0.032367 0.999476 0.000000
vn 0.956892 -0.290443 0.000000
vn 0.956892 -0.290443 0.000000
vn 0.812778 0.582574 0.000000
vn 0.812778 0.582574 0.000000
vn -0.471850 -0.881679 0.000000
vn -0.471850 -0.881679 0.000000
vn 0.290475 -0.956883 0.000000
vn 0.290475 -0.956883 0.000000
vn 0.097993 0.995187 -0.000000
vn 0.097993 0.995187 0.000000
vn 0.910837 0.412766 0.000000
vn 0.910837 0.412766 0.000000
vn 0.730120 -0.683318 0.000000
vn 0.730120 -0.683318 0.000000
vn 0.032367 -0.999476 0.000000
vn 0.032367 -0.999476 0.000000
vn 0.226421 -0.974029 0.000000
vn 0.226421 -0.974029 0.000000
vn -0.163676 0.986514 0.000000
vn -0.163676 0.986514 0.000000
vn -0.849456 -0.527659 0.000000
vn -0.849456 -0.527659 -0.000000
vn -0.995185 0.098011 0.000000
vn -0.995185 0.098011 0.000000
vn -0.163676 -0.986514 0.000000
vn -0.163676 -0.986514 0.000000
vn -0.290475 0.956883 0.000000
vn -0.290475 0.956883 0.000000
vn -0.226421 0.974029 0.000000
vn -0.226421 0.974029 0.000000
vn -0.412711 0.910862 0.000000
vn -0.412711 0.910862 0.000000
vn 0.881690 0.471830 0.000000
vn 0.881690 0.471830 0.000000
vn -0.730120 0.683318 0.000000
vn -0.730120 0.683318 0.000000
vn -0.881690 0.471830 0.000000
vn -0.881690 0.471830 0.000000
vn 0.352122 0.935954 -0.000000
vn 0.352122 0.935954 0.000000
vn 0.881690 -0.471830 0.000000
vn 0.881690 -0.471830 0.000000
vn 0.000000 0.000000 1.000000
vn 0.000000 0.000000 1.000000
vn 0.000000 0.000000 1.000000
vn 0.000000 0.000000 1.000000
vn 0.000000 0.000000 1.000000
vn 0.000000 0.000000 1.000000
vn 0.000000 0.000000 1.000000
vn 0.000000 0.000000 1.000000
vn 0.000000 0.000000 1.000000
vn 0.000000 0.000000 1.000000
vn 0.000000 0.000000 1.000000
vn 0.000000 0.000000 1.000000
vn 0.000000 0.000000 1.000000
vn 0.000000 0.000000 1.000000
vn 0.000000 0.000000 1.000000
vn 0.000000 0.000000 1.000000
vn 0.000000 0.000000 1.000000
vn 0.000000 0.000000 1.000000
vn 0.000000 0.000000 1.000000
vn 0.000000 0.000000 1.000000
vn 0.000000 0.000000 1.000000
vn 0.000000 0.000000 1.000000
vn 0.000000 0.000000 1.000000
vn 0.000000 0.000000 1.000000
vn 0.000000 0.000000 1.000000
vn 0.000000 0.000000 1.000000
vn 0.000000 0.000000 1.000000
vn 0.000000 0.000000 1.000000
vn 0.000000 0.000000 1.000000
vn 0.000000 0.000000 1.000000
vn 0.000000 0.000000 1.000000
vn 0.000000 0.000000 1.000000
vn 0.000000 0.000000 1.000000
vn 0.000000 0.000000 1.000000
vn 0.000000 0.000000 1.000000
vn 0.000000 0.000000 1.000000
vn 0.000000 0.000000 1.000000
vn 0.000000 0.000000 1.000000
vn 0.000000 0.000000 1.000000
vn 0.000000 0.000000 1.000000
vn 0.000000 0.000000 1.000000
vn 0.000000 0.000000 1.000000
vn 0.000000 0.000000 1.000000
vn 0.000000 0.000000 1.000000
vn 0.000000 0.000000 1.000000
vn 0.000000 0.000000 1.000000
vn 0.000000 0.000000 1.000000
vn 0.000000 0.000000 1.000000
vn 0.000000 0.000000 1.000000
vn 0.000000 0.000000 1.000000
vn 0.000000 0.000000 1.000000
vn 0.000000 0.000000 1.000000
vn 0.000000 0.000000 1.000000
vn 0.000000 0.000000 1.000000
vn 0.000000 0.000000 1.000000
vn 0.000000 0.000000 1.000000
vn 0.000000 0.000000 1.000000
vn 0.000000 0.000000 1.000000
vn 0.000000 0.000000 1.000000
vn 0.000000 0.000000 1.000000
vn 0.000000 0.000000 1.000000
vn 0.000000 0.000000 1.000000
vn 0.000000 0.000000 1.000000
vn 0.000000 0.000000 1.000000
vn 0.000000 0.000000 1.000000
vn 0.000000 0.000000 1.000000
vn 0.000000 0.000000 1.000000
vn 0.000000 0.000000 1.000000
vn 0.000000 0.000000 1.000000
vn 0.000000 0.000000 1.000000
vn 0.000000 0.000000 1.000000
vn 0.000000 0.000000 1.000000
vn 0.000000 0.000000 1.000000
vn 0.000000 0.000000 1.000000
vn 0.000000 0.000000 1.000000
vn 0.000000 0.000000 1.000000
vn 0.000000 0.000000 1.000000
vn 0.000000 0.000000 1.000000
vn 0.000000 0.000000 1.000000
vn 0.000000 0.000000 1.000000
vn 0.000000 0.000000 1.000000
vn 0.000000 0.000000 1.000000
vn 0.000000 0.000000 1.000000
vn 0.000000 0.000000 1.000000
vn 0.000000 0.000000 1.000000
vn 0.000000 0.000000 1.000000
vn 0.000000 0.000000 1.000000
vn 0.000000 0.000000 1.000000
vn 0.000000 0.000000 1.000000
vn 0.000000 0.000000 1.000000
vn 0.000000 0.000000 1.000000
vn 0.000000 0.000000 1.000000
vn 0.000000 0.000000 1.000000
vn 0.000000 0.000000 1.000000
vn 0.000000 0.000000 1.000000
vn 0.000000 0.000000 1.000000
vn 0.000000 0.000000 1.000000
vn 0.000000 0.000000 1.000000
vn 0.000000 0.000000 1.000000
vn 0.000000 0.000000 1.000000
vn 0.000000 0.000000 1.000000
vn 0.000000 0.000000 1.000000
vn 0.000000 0.000000 1.000000
vn 0.000000 0.000000 1.000000
vn 0.000000 0.000000 1.000000
vn 0.000000 0.000000 1.000000
vn 0.000000 0.000000 1.000000
vn 0.000000 0.000000 1.000000
vn 0.000000 0.000000 1.000000
vn 0.000000 0.000000 1.000000
vn 0.000000 0.000000 1.000000
vn 0.000000 0.000000 1.000000
vn 0.000000 0.000000 1.000000
vn 0.000000 0.000000 1.000000
vn 0.000000 0.000000 1.000000
vn 0.000000 0.000000 1.000000
vn 0.000000 0.000000 1.000000
vn 0.000000 0.000000 1.000000
vn 0.000000 0.000000 1.000000
vn 0.000000 0.000000 1.000000
vn 0.000000 0.000000 1.000000
vn 0.000000 0.000000 1.000000
vn 0.000000 0.000000 1.000000
vn 0.000000 0.000000 1.000000
vn 0.000000 0.000000 1.000000
vn 0.000000 0.000000 1.000000
vn 0.000000 0.000000 1.000000
vn 0.000000 0.000000 1.000000
vn 0.000000 0.000000 1.000000
vn 0.000000 0.000000 1.000000
vn 0.000000 0.000000 1.000000
vn 0.000000 0.000000 1.000000
vn 0.000000 0.000000 1.000000
vn 0.000000 0.000000 1.000000
vn 0.000000 0.000000 1.000000
vn 0.000000 0.000000 1.000000
vn 0.000000 0.000000 1.000000
vn 0.000000 0.000000 1.000000
vn 0.000000 0.000000 1.000000
vn 0.000000 0.000000 1.000000
vn 0.000000 0.000000 1.000000
vn 0.000000 0.000000 1.000000
vn 0.000000 0.000000 1.000000
vn 0.000000 0.000000 1.000000
vn 0.000000 0.000000 1.000000
vn 0.000000 0.000000 1.000000
vn 0.000000 0.000000 1.000000
vn 0.000000 0.000000 1.000000
vn 0.000000 0.000000 1.000000
vn 0.000000 0.000000 1.000000
vn 0.000000 0.000000 1.000000
vn 0.000000 0.000000 1.000000
vn 0.000000 0.000000 1.000000
vn 0.000000 0.000000 1.000000
vn 0.000000 0.000000 1.000000
vn 0.000000 0.000000 1.000000
vn 0.000000 0.000000 1.000000
vn 0.000000 0.000000 1.000000
vn 0.000000 0.000000 1.000000
vn 0.000000 0.000000 1.000000
vn 0.000000 0.000000 1.000000
vn 0.000000 0.000000 1.000000
vn 0.000000 0.000000 1.000000
vn 0.000000 0.000000 1.000000
vn 0.000000 0.000000 1.000000
vn 0.000000 0.000000 1.000000
vn 0.000000 0.000000 1.000000
vn 0.000000 0.000000 1.000000
vn 0.000000 0.000000 1.000000
vn 0.000000 0.000000 1.000000
vn 0.000000 0.000000 1.000000
vn 0.000000 0.000000 1.000000
vn 0.000000 0.000000 1.000000
vn 0.000000 0.000000 1.000000
vn 0.000000 0.000000 1.000000
vn 0.000000 0.000000 1.000000
vn 0.000000 0.000000 1.000000
vn 0.000000 0.000000 1.000000
vn 0.000000 0.000000 1.000000
vn 0.000000 0.000000 1.000000
vn 0.000000 0.000000 1.000000
vn 0.000000 0.000000 1.000000
vn 0.000000 0.000000 1.000000
vn 0.000000 0.000000 1.000000
vn 0.000000 0.000000 1.000000
vn 0.000000 0.000000 1.000000
vn 0.000000 0.000000 1.000000
vn 0.000000 0.000000 1.000000
vn 0.000000 0.000000 1.000000
vn 0.000000 0.000000 1.000000
vn 0.000000 0.000000 1.000000
vn 0.000000 0.000000 1.000000
vn 0.000000 0.000000 1.000000
vn 0.000000 0.000000 1.000000
vn 0.000000 0.000000 1.000000
vn 0.000000 0.000000 1.000000
vn 0.000000 0.000000 1.000000
vn 0.000000 0.000000 1.000000
vn 0.000000 0.000000 1.000000
vn 0.000000 0.000000 1.000000
vn 0.000000 0.000000 1.000000
vn 0.000000 0.000000 1.000000
vn 0.000000 0.000000 1.000000
vn 0.000000 0.000000 1.000000
vn 0.000000 0.000000 1.000000
vn 0.000000 0.000000 1.000000
vn 0.000000 0.000000 1.000000
vn 0.000000 0.000000 1.000000
vn 0.000000 0.000000 1.000000
vn 0.000000 0.000000 1.000000
vn 0.000000 0.000000 1.000000
vn 0.000000 0.000000 1.000000
vn 0.000000 0.000000 1.000000
vn 0.000000 0.000000 1.000000
vn 0.000000 0.000000 1.000000
vn 0.000000 0.000000 1.000000
vn 0.000000 0.000000 1.000000
vn 0.000000 0.000000 1.000000
vn 0.000000 0.000000 1.000000
vn 0.000000 0.000000 1.000000
vn 0.000000 0.000000 1.000000
vn 0.000000 0.000000 1.000000
vn 0.000000 0.000000 1.000000
vn 0.000000 0.000000 1.000000
vn 0.000000 0.000000 1.000000
vn 0.000000 0.000000 1.000000
vn 0.000000 0.000000 1.000000
vn 0.000000 0.000000 1.000000
vn 0.000000 0.000000 1.000000
vn 0.000000 0.000000 1.000000
vn 0.000000 0.000000 1.000000
vn 0.000000 0.000000 1.000000
vn 0.000000 0.000000 1.000000
vn 0.000000 0.000000 1.000000
vn 0.000000 0.000000 1.000000
vn 0.000000 0.000000 1.000000
vn 0.000000 0.000000 1.000000
vn 0.000000 0.000000 1.000000
vn 0.000000 0.000000 1.000000
vn 0.000000 0.000000 1.000000
vn 0.000000 0.000000 1.000000
vn 0.000000 0.000000 1.000000
vn 0.000000 0.000000 1.000000
vn 0.000000 0.000000 1.000000
vn 0.000000 0.000000 1.000000
vn 0.000000 0.000000 1.000000
vn 0.000000 0.000000 1.000000
vn 0.000000 0.000000 1.000000
vn 0.000000 0.000000 1.000000
vn 0.000000 0.000000 1.000000
vn 0.000000 0.000000 1.000000
vn 0.000000 0.000000 1.000000
vn 0.000000 0.000000 1.000000
vn 0.000000 0.000000 1.000000
vn 0.000000 0.000000 1.000000
vn 0.000000 0.000000 1.000000
vn 0.000000 0.000000 1.000000
vn 0.000000 0.000000 1.000000
vn 0.000000 0.000000 1.000000
vn 0.000000 0.000000 1.000000
vn 0.000000 0.000000 1.000000
vn 0.000000 0.000000 1.000000
vn 0.000000 0.000000 1.000000
vn 0.000000 0.000000 1.000000
vn 0.000000 0.000000 1.000000
vn 0.000000 0.000000 1.000000
vn 0.000000 0.000000 1.000000
vn 0.000000 0.000000 1.000000
vn 0.000000 0.000000 1.000000
vn 0.000000 0.000000 1.000000
vn 0.000000 0.000000 1.000000
vn 0.000000 0.000000 1.000000
vn 0.000000 0.000000 1.000000
vn 0.000000 0.000000 1.000000
vn 0.000000 0.000000 1.000000
vn 0.000000 0.000000 1.000000
vn 0.000000 0.000000 1.000000
vn 0.000000 0.000000 1.000000
vn 0.000000 0.000000 1.000000
vn 0.000000 0.000000 1.000000
vn 0.000000 0.000000 1.000000
vn 0.000000 0.000000 1.000000
vn 0.000000 0.000000 1.000000
vn 0.000000 0.000000 1.000000
vn 0.000000 0.000000 1.000000
vn 0.000000 0.000000 1.000000
vn 0.000000 0.000000 1.000000
vn 0.000000 0.000000 1.000000
vn 0.000000 0.000000 1.000000
vn 0.000000 0.000000 1.000000
vn 0.000000 0.000000 1.000000
vn 0.000000 0.000000 1.000000
vn 0.000000 0.000000 1.000000
vn 0.000000 0.000000 1.000000
vn 0.000000 0.000000 1.000000
vn 0.000000 0.000000 1.000000
vn 0.000000 0.000000 1.000000
vn 0.000000 0.000000 1.000000
vn 0.000000 0.000000 1.000000
vn 0.000000 0.000000 1.000000
vn 0.000000 0.000000 1.000000
vn 0.000000 0.000000 1.000000
vn 0.000000 0.000000 1.000000
vn 0.000000 0.000000 1.000000
vn 0.000000 0.000000 1.000000
vn 0.000000 0.000000 1.000000
vn 0.000000 0.000000 1.000000
vn 0.000000 0.000000 1.000000
vn 0.000000 0.000000 1.000000
vn 0.000000 0.000000 1.000000
vn 0.000000 0.000000 1.000000
vn 0.000000 0.000000 1.000000
vn 0.000000 0.000000 1.000000
vn 0.000000 0.000000 1.000000
vn 0.000000 0.000000 1.000000
vn 0.000000 0.000000 1.000000
vn 0.000000 0.000000 1.000000
vn 0.000000 0.000000 1.000000
vn 0.000000 0.000000 1.000000
vn 0.000000 0.000000 1.000000
vn 0.000000 0.000000 1.000000
vn 0.000000 0.000000 1.000000
vn 0.000000 0.000000 1.000000
vn 0.000000 0.000000 1.000000
vn 0.000000 0.000000 1.000000
vn 0.000000 0.000000 1.000000
vn 0.000000 0.000000 1.000000
vn 0.000000 0.000000 1.000000
vn 0.000000 0.000000 1.000000
vn 0.000000 0.000000 1.000000
vn 0.000000 0.000000 1.000000
vn 0.000000 0.000000 1.000000
vn 0.000000 0.000000 1.000000
vn 0.000000 0.000000 1.000000
vn 0.000000 0.000000 1.000000
vn 0.000000 0.000000 1.000000
vn 0.000000 0.000000 1.000000
vn 0.000000 0.000000 1.000000
vn 0.000000 0.000000 1.000000
vn 0.000000 0.000000 1.000000
vn 0.000000 0.000000 1.000000
vn 0.000000 0.000000 1.000000
vn 0.000000 0.000000 1.000000
vn 0.000000 0.000000 1.000000
vn 0.000000 0.000000 1.000000
vn 0.000000 0.000000 1.000000
vn 0.000000 0.000000 1.000000
vn 0.000000 0.000000 1.000000
vn 0.000000 0.000000 1.000000
vn 0.000000 0.000000 1.000000
vn 0.000000 0.000000 1.000000
vn 0.000000 0.000000 1.000000
vn 0.000000 0.000000 1.000000
vn 0.000000 0.000000 1.000000
vn 0.000000 0.000000 1.000000
vn 0.000000 0.000000 1.000000
vn 0.000000 0.000000 1.000000
vn 0.000000 0.000000 1.000000
vn 0.000000 0.000000 1.000000
vn 0.000000 0.000000 1.000000
vn 0.000000 0.000000 1.000000
vn 0.000000 0.000000 1.000000
vn 0.000000 0.000000 1.000000
vn 0.000000 0.000000 1.000000
vn 0.000000 0.000000 1.000000
vn 0.000000 0.000000 1.000000
vn 0.000000 0.000000 1.000000
vn 0.000000 0.000000 1.000000
vn 0.000000 0.000000 1.000000
vn 0.000000 0.000000 1.000000
vn 0.000000 0.000000 1.000000
vn 0.000000 0.000000 1.000000
vn 0.000000 0.000000 1.000000
vn 0.000000 0.000000 1.000000
vn 0.000000 0.000000 1.000000
vn 0.000000 0.000000 1.000000
vn -0.986533 0.163560 0.000000
vn -0.986533 0.163560 0.000000
vn 0.527636 -0.849471 0.000000
vn 0.527636 -0.849471 0.000000
vn -0.935960 0.352105 0.000000
vn -0.935960 0.352105 0.000000
vn -0.956892 -0.290443 0.000000
vn -0.956892 -0.290443 -0.000000
vn 0.995185 -0.098011 0.000000
vn 0.995185 -0.098011 0.000000
vn -0.032367 -0.999476 0.000000
vn -0.032367 -0.999476 0.000000
vn 0.352122 -0.935954 0.000000
vn 0.352122 -0.935954 0.000000
vn 0.849456 -0.527659 0.000000
vn 0.849456 -0.527659 0.000000
vn -0.683336 -0.730104 0.000000
vn -0.683336 -0.730104 0.000000
vn -0.730120 -0.683318 0.000000
vn -0.730120 -0.683318 -0.000000
vn 0.163676 -0.986514 0.000000
vn 0.163676 -0.986514 0.000000
vn 0.527636 0.849471 -0.000000
vn 0.527636 0.849471 0.000000
vn 0.097993 -0.995187 0.000000
vn 0.097993 -0.995187 0.000000
vn 0.995185 0.098011 0.000000
vn 0.995185 0.098011 0.000000
vn 0.032367 0.999476 -0.000000
vn 0.032367 0.999476 0.000000
vn -0.634485 0.772935 0.000000
vn -0.634485 0.772935 0.000000
vn 0.471850 0.881679 -0.000000
vn 0.471850 0.881679 0.000000
vn -0.352122 -0.935954 0.000000
vn -0.352122 -0.935954 0.000000
vn -0.527636 -0.849471 0.000000
vn -0.527636 -0.849471 0.000000
vn -0.290475 -0.956883 0.000000
vn -0.290475 -0.956883 0.000000
vn 0.772899 -0.634529 0.000000
vn 0.772899 -0.634529 0.000000
vn -0.812778 0.582574 0.000000
vn -0.812778 0.582574 0.000000
vn 0.812778 -0.582574 0.000000
vn 0.812778 -0.582574 0.000000
vn -0.352122 0.935954 0.000000
vn -0.352122 0.935954 0.000000
vn 0.634485 -0.772935 0.000000
vn 0.634485 -0.772935 0.000000
vn -0.683336 0.730104 0.000000
vn -0.683336 0.730104 0.000000
vn 0.910837 -0.412766 0.000000
vn 0.910837 -0.412766 0.000000
vn 0.986533 -0.163560 0.000000
vn 0.986533 -0.163560 0.000000
vn -0.999478 -0.032298 0.000000
vn -0.999478 -0.032298 -0.000000
vn 0.999478 0.032298 0.000000
vn 0.999478 0.032298 0.000000
vn 0.973981 0.226629 0.000000
vn 0.973981 0.226629 0.000000
vn 0.582629 0.812738 -0.000000
vn 0.582629 0.812738 0.000000
vn 0.772899 0.634529 0.000000
vn 0.772899 0.634529 0.000000
vn -0.097993 -0.995187 0.000000
vn -0.097993 -0.995187 0.000000
vn 0.849456 0.527659 0.000000
vn 0.849456 0.527659 0.000000
vn 0.634485 0.772935 -0.000000
vn 0.634485 0.772935 0.000000
vn 0.683336 0.730104 -0.000000
vn 0.683336 0.730104 0.000000
vn 0.935960 0.352105 0.000000
vn 0.935960 0.352105 0.000000
vn -0.634485 -0.772935 0.000000
vn -0.634485 -0.772935 0.000000
vn 0.290475 0.956883 -0.000000
vn 0.290475 0.956883 0.000000
vn 0.986533 0.163560 0.000000
vn 0.986533 0.163560 0.000000
vn -0.527636 0.849471 0.000000
vn -0.527636 0.849471 0.000000
vn 0.973981 -0.226629 0.000000
vn 0.973981 -0.226629 0.000000
vn -0.935960 -0.352105 0.000000
vn -0.935960 -0.352105 -0.000000
vn 0.935960 -0.352105 0.000000
vn 0.935960 -0.352105 0.000000
vn 0.412711 0.910862 -0.000000
vn 0.412711 0.910862 0.000000
vn -0.471850 0.881679 0.000000
vn -0.471850 0.881679 0.000000
vn -0.582629 0.812738 0.000000
vn -0.582629 0.812738 0.000000
vn -0.582629 -0.812738 0.000000
vn -0.582629 -0.812738 0.000000
vn 0.730120 0.683318 0.000000
vn 0.730120 0.683318 0.000000
vn 0.412711 -0.910862 0.000000
vn 0.412711 -0.910862 0.000000
vn 0.956892 0.290443 0.000000
vn 0.956892 0.290443 0.000000
vn -0.097993 0.995187 0.000000
vn -0.097993 0.995187 0.000000
vn 0.163676 0.986514 -0.000000
vn 0.163676 0.986514 0.000000
vn 0.226421 0.974029 -0.000000
vn 0.226421 0.974029 0.000000
vn 0.582629 -0.812738 0.000000
vn 0.582629 -0.812738 0.000000
vn 0.683336 -0.730104 0.000000
vn 0.683336 -0.730104 0.000000
vn 0.471850 -0.881679 0.000000
vn 0.471850 -0.881679 0.000000
vn -0.226421 -0.974029 0.000000
vn -0.226421 -0.974029 0.000000
vn -0.956892 0.290443 0.000000
vn -0.956892 0.290443 0.000000
vn 0.999478 -0.032298 0.000000
vn 0.999478 -0.032298 0.000000
vn -0.412711 -0.910862 0.000000
vn -0.412711 -0.910862 0.000000
vn -0.032367 0.999476 0.000000
vn -0.032367 0.999476 0.000000
vn 0.956892 -0.290443 0.000000
vn 0.956892 -0.290443 0.000000
vn 0.812778 0.582574 0.000000
vn 0.812778 0.582574 0.000000
vn -0.471850 -0.881679 0.000000
vn -0.471850 -0.881679 0.000000
vn 0.290475 -0.956883 0.000000
vn 0.290475 -0.956883 0.000000
vn 0.097993 0.995187 -0.000000
vn 0.097993 0.995187 0.000000
vn -0.935960 0.352105 0.000000
vn -0.935960 0.352105 0.000000
vn 0.910837 0.412766 0.000000
vn 0.910837 0.412766 0.000000
vn 0.032367 -0.999476 0.000000
vn 0.032367 -0.999476 0.000000
vn 0.226421 -0.974029 0.000000
vn 0.226421 -0.974029 0.000000
vn -0.163676 0.986514 0.000000
vn -0.163676 0.986514 0.000000
vn -0.849456 -0.527659 0.000000
vn -0.849456 -0.527659 -0.000000
vn -0.995185 0.098011 0.000000
vn -0.995185 0.098011 0.000000
vn -0.163676 -0.986514 0.000000
vn -0.163676 -0.986514 0.000000
vn -0.290475 0.956883 0.000000
vn -0.290475 0.956883 0.000000
vn -0.226421 0.974029 0.000000
vn -0.226421 0.974029 0.000000
vn -0.412711 0.910862 0.000000
vn -0.412711 0.910862 0.000000
vn 0.881690 0.471830 0.000000
vn 0.881690 0.471830 0.000000
vn -0.730120 0.683318 0.000000
vn -0.730120 0.683318 0.000000
vn -0.881690 0.471830 0.000000
vn -0.881690 0.471830 0.000000
vn 0.352122 0.935954 -0.000000
vn 0.352122 0.935954 0.000000
vn 0.881690 -0.471830 0.000000
vn 0.881690 -0.471830 0.000000
vn -0.986533 0.163560 0.000000
vn -0.986533 0.163560 0.000000
vn 0.527636 -0.849471 0.000000
vn 0.527636 -0.849471 0.000000
vn -0.956892 -0.290443 0.000000
vn -0.956892 -0.290443 -0.000000
vn 0.995185 -0.098011 0.000000
vn 0.995185 -0.098011 0.000000
vn -0.032367 -0.999476 0.000000
vn -0.032367 -0.999476 0.000000
vn 0.352122 -0.935954 0.000000
vn 0.352122 -0.935954 0.000000
vn 0.849456 -0.527659 0.000000
vn 0.849456 -0.527659 0.000000
vn -0.683336 -0.730104 0.000000
vn -0.683336 -0.730104 0.000000
vn -0.730120 -0.683318 0.000000
vn -0.730120 -0.683318 -0.000000
vn 0.163676 -0.986514 0.000000
vn 0.163676 -0.986514 0.000000
vn 0.527636 0.849471 -0.000000
vn 0.527636 0.849471 0.000000
vn 0.097993 -0.995187 0.000000
vn 0.097993 -0.995187 0.000000
vn 0.995185 0.098011 0.000000
vn 0.995185 0.098011 0.000000
vn 0.032367 0.999476 -0.000000
vn 0.032367 0.999476 0.000000
vn 0.730120 -0.683318 0.000000
vn 0.730120 -0.683318 0.000000
vn -0.634485 0.772935 0.000000
vn -0.634485 0.772935 0.000000
vn 0.471850 0.881679 -0.000000
vn 0.471850 0.881679 0.000000
vn -0.352122 -0.935954 0.000000
vn -0.352122 -0.935954 0.000000
vn -0.527636 -0.849471 0.000000
vn -0.527636 -0.849471 0.000000
vn -0.290475 -0.956883 0.000000
vn -0.290475 -0.956883 0.000000
vn 0.772899 -0.634529 0.000000
vn 0.772899 -0.634529 0.000000
vn -0.812778 0.582574 0.000000
vn -0.812778 0.582574 0.000000
vn 0.812778 -0.582574 0.000000
vn 0.812778 -0.582574 0.000000
vn -0.352122 0.935954 0.000000
vn -0.352122 0.935954 0.000000
vn 0.634485 -0.772935 0.000000
vn 0.634485 -0.772935 0.000000
vn -0.683336 0.730104 0.000000
vn -0.683336 0.730104 0.000000
vn 0.910837 -0.412766 0.000000
vn 0.910837 -0.412766 0.000000
vn -0.999478 -0.032298 0.000000
vn -0.999478 -0.032298 -0.000000
vn 0.683336 0.730104 -0.000000
vn 0.683336 0.730104 0.000000
vn 0.290475 0.956883 -0.000000
vn 0.290475 0.956883 0.000000
vn 0.412711 0.910862 -0.000000
vn 0.412711 0.910862 0.000000
vn -0.032367 0.999476 0.000000
vn -0.032367 0.999476 0.000000
vn -0.634485 -0.772935 0.000000
vn -0.634485 -0.772935 0.000000
vn -0.471850 -0.881679 0.000000
vn -0.471850 -0.881679 0.000000
vn 0.163676 -0.986514 0.000000
vn 0.163676 -0.986514 0.000000
vn -0.527636 -0.849471 0.000000
vn -0.527636 -0.849471 0.000000
vn 0.986533 -0.163560 0.000000
vn 0.986533 -0.163560 0.000000
vn -0.032367 -0.999476 0.000000
vn -0.032367 -0.999476 0.000000
vn -0.935960 0.352105 0.000000
vn -0.935960 0.352105 0.000000
vn -0.290475 0.956883 0.000000
vn -0.290475 0.956883 0.000000
vn -0.226421 0.974029 0.000000
vn -0.226421 0.974029 0.000000
vn 0.032367 -0.999476 0.000000
vn 0.032367 -0.999476 0.000000
vn -0.812778 -0.582574 0.000000
vn -0.812778 -0.582574 -0.000000
vn 0.634485 -0.772935 0.000000
vn 0.634485 -0.772935 0.000000
vn -0.352122 -0.935954 0.000000
vn -0.352122 -0.935954 0.000000
vn -0.097993 0.995187 0.000000
vn -0.097993 0.995187 0.000000
vn 0.973981 0.226629 0.000000
vn 0.973981 0.226629 0.000000
vn 0.226421 0.974029 -0.000000
vn 0.226421 0.974029 0.000000
vn -0.163676 -0.986514 0.000000
vn -0.163676 -0.986514 0.000000
vn 0.582629 -0.812738 0.000000
vn 0.582629 -0.812738 0.000000
vn 0.412711 -0.910862 0.000000
vn 0.412711 -0.910862 0.000000
vn 0.986533 0.163560 0.000000
vn 0.986533 0.163560 0.000000
vn 0.881690 0.471830 0.000000
vn 0.881690 0.471830 0.000000
vn 0.471850 -0.881679 0.000000
vn 0.471850 -0.881679 0.000000
vn -0.582629 -0.812738 0.000000
vn -0.582629 -0.812738 0.000000
vn -0.881690 -0.471830 0.000000
vn -0.881690 -0.471830 -0.000000
vn 0.812778 0.582574 0.000000
vn 0.812778 0.582574 0.000000
vn -0.412711 0.910862 0.000000
vn -0.412711 0.910862 0.000000
vn 0.973981 -0.226629 0.000000
vn 0.973981 -0.226629 0.000000
vn 0.097993 -0.995187 0.000000
vn 0.097993 -0.995187 0.000000
vn -0.634485 0.772935 0.000000
vn -0.634485 0.772935 0.000000
vn 0.226421 -0.974029 0.000000
vn 0.226421 -0.974029 0.000000
vn -0.290475 -0.956883 0.000000
vn -0.290475 -0.956883 0.000000
vn 0.910837 0.412766 0.000000
vn 0.910837 0.412766 0.000000
vn 0.772899 0.634529 0.000000
vn 0.772899 0.634529 0.000000
vn -0.849456 0.527659 0.000000
vn -0.849456 0.527659 0.000000
vn -0.956892 -0.290443 0.000000
vn -0.956892 -0.290443 -0.000000
vn -0.999478 0.032298 0.000000
vn -0.999478 0.032298 0.000000
vn -0.683336 -0.730104 0.000000
vn -0.683336 -0.730104 0.000000
vn 0.881690 -0.471830 0.000000
vn 0.881690 -0.471830 0.000000
vn 0.995185 0.098011 0.000000
vn 0.995185 0.098011 0.000000
vn -0.683336 0.730104 0.000000
vn -0.683336 0.730104 0.000000
vn 0.163676 0.986514 -0.000000
vn 0.163676 0.986514 0.000000
vn 0.352122 -0.935954 0.000000
vn 0.352122 -0.935954 0.000000
vn -0.352122 0.935954 0.000000
vn -0.352122 0.935954 0.000000
vn 0.995185 -0.098011 0.000000
vn 0.995185 -0.098011 0.000000
vn 0.999478 0.032298 0.000000
vn 0.999478 0.032298 0.000000
vn 0.582629 0.812738 -0.000000
vn 0.582629 0.812738 0.000000
vn 0.956892 -0.290443 0.000000
vn 0.956892 -0.290443 0.000000
vn -0.471850 0.881679 0.000000
vn -0.471850 0.881679 0.000000
vn -0.973981 0.226629 0.000000
vn -0.973981 0.226629 0.000000
vn -0.910837 0.412766 0.000000
vn -0.910837 0.412766 0.000000
vn -0.163676 0.986514 0.000000
vn -0.163676 0.986514 0.000000
vn -0.582629 0.812738 0.000000
vn -0.582629 0.812738 0.000000
vn 0.730120 0.683318 0.000000
vn 0.730120 0.683318 0.000000
vn 0.683336 -0.730104 0.000000
vn 0.683336 -0.730104 0.000000
vn -0.412711 -0.910862 0.000000
vn -0.412711 -0.910862 0.000000
vn 0.956892 0.290443 0.000000
vn 0.956892 0.290443 0.000000
vn -0.730120 0.683318 0.000000
vn -0.730120 0.683318 0.000000
vn -0.527636 0.849471 0.000000
vn -0.527636 0.849471 0.000000
vn -0.097993 -0.995187 0.000000
vn -0.097993 -0.995187 0.000000
vn 0.772899 -0.634529 0.000000
vn 0.772899 -0.634529 0.000000
vn 0.730120 -0.683318 0.000000
vn 0.730120 -0.683318 0.000000
vn 0.290475 -0.956883 0.000000
vn 0.290475 -0.956883 0.000000
vn 0.849456 -0.527659 0.000000
vn 0.849456 -0.527659 0.000000
vn 0.634485 0.772935 -0.000000
vn 0.634485 0.772935 0.000000
vn 0.352122 0.935954 -0.000000
vn 0.352122 0.935954 0.000000
vn 0.527636 -0.849471 0.000000
vn 0.527636 -0.849471 0.000000
vn 0.935960 0.352105 0.000000
vn 0.935960 0.352105 0.000000
vn -0.226421 -0.974029 0.000000
vn -0.226421 -0.974029 0.000000
vn 0.097993 0.995187 -0.000000
vn 0.097993 0.995187 0.000000
vn 0.032367 0.999476 -0.000000
vn 0.032367 0.999476 0.000000
vn 0.812778 -0.582574 0.000000
vn 0.812778 -0.582574 0.000000
vn 0.999478 -0.032298 0.000000
vn 0.999478 -0.032298 0.000000
vn -0.812778 0.582574 0.000000
vn -0.812778 0.582574 0.000000
vn 0.935960 -0.352105 0.000000
vn 0.935960 -0.352105 0.000000
vn 0.527636 0.849471 -0.000000
vn 0.527636 0.849471 0.000000
vn 0.471850 0.881679 -0.000000
vn 0.471850 0.881679 0.000000
vn 0.849456 0.527659 0.000000
vn 0.849456 0.527659 0.000000
vn 0.910837 -0.412766 0.000000
vn 0.910837 -0.412766 0.000000
vn 0.163676 0.986514 -0.000000
vn 0.163676 0.986514 0.000000
vn -0.163676 -0.986514 0.000000
vn -0.163676 -0.986514 0.000000
vn 0.226421 -0.974029 0.000000
vn 0.226421 -0.974029 0.000000
vn 0.730120 0.683318 0.000000
vn 0.730120 0.683318 0.000000
vn -0.527636 0.849471 0.000000
vn -0.527636 0.849471 0.000000
vn -0.097993 0.995187 0.000000
vn -0.097993 0.995187 0.000000
vn 0.683336 0.730104 -0.000000
vn 0.683336 0.730104 0.000000
vn 0.412711 -0.910862 0.000000
vn 0.412711 -0.910862 0.000000
vn -0.999478 -0.032298 0.000000
vn -0.999478 -0.032298 -0.000000
vn 0.956892 -0.290443 0.000000
vn 0.956892 -0.290443 0.000000
vn 0.290475 0.956883 -0.000000
vn 0.290475 0.956883 0.000000
vn -0.634485 -0.772935 0.000000
vn -0.634485 -0.772935 0.000000
vn -0.226421 -0.974029 0.000000
vn -0.226421 -0.974029 0.000000
vn -0.582629 0.812738 0.000000
vn -0.582629 0.812738 0.000000
vn -0.973981 -0.226629 0.000000
vn -0.973981 -0.226629 -0.000000
vn 0.582629 -0.812738 0.000000
vn 0.582629 -0.812738 0.000000
vn 0.986533 0.163560 0.000000
vn 0.986533 0.163560 0.000000
vn 0.352122 0.935954 -0.000000
vn 0.352122 0.935954 0.000000
vn -0.772899 -0.634529 0.000000
vn -0.772899 -0.634529 -0.000000
vn 0.772899 0.634529 0.000000
vn 0.772899 0.634529 0.000000
vn 0.527636 -0.849471 0.000000
vn 0.527636 -0.849471 0.000000
vn 0.772899 -0.634529 0.000000
vn 0.772899 -0.634529 0.000000
vn -0.032367 0.999476 0.000000
vn -0.032367 0.999476 0.000000
vn -0.226421 0.974029 0.000000
vn -0.226421 0.974029 0.000000
vn -0.683336 0.730104 0.000000
vn -0.683336 0.730104 0.000000
vn -0.910837 -0.412766 0.000000
vn -0.910837 -0.412766 -0.000000
vn -0.412711 0.910862 0.000000
vn -0.412711 0.910862 0.000000
vn 0.730120 -0.683318 0.000000
vn 0.730120 -0.683318 0.000000
vn 0.999478 0.032298 0.000000
vn 0.999478 0.032298 0.000000
vn -0.163676 0.986514 0.000000
vn -0.163676 0.986514 0.000000
vn 0.097993 -0.995187 0.000000
vn 0.097993 -0.995187 0.000000
vn -0.986533 -0.163560 0.000000
vn -0.986533 -0.163560 -0.000000
vn 0.999478 -0.032298 0.000000
vn 0.999478 -0.032298 0.000000
vn -0.881690 0.471830 0.000000
vn -0.881690 0.471830 0.000000
vn 0.881690 -0.471830 0.000000
vn 0.881690 -0.471830 0.000000
vn -0.935960 -0.352105 0.000000
vn -0.935960 -0.352105 -0.000000
vn 0.910837 0.412766 0.000000
vn 0.910837 0.412766 0.000000
vn 0.683336 -0.730104 0.000000
vn 0.683336 -0.730104 0.000000
vn -0.352122 -0.935954 0.000000
vn -0.352122 -0.935954 0.000000
vn -0.290475 -0.956883 0.000000
vn -0.290475 -0.956883 0.000000
vn 0.352122 -0.935954 0.000000
vn 0.352122 -0.935954 0.000000
vn -0.097993 -0.995187 0.000000
vn -0.097993 -0.995187 0.000000
vn -0.582629 -0.812738 0.000000
vn -0.582629 -0.812738 0.000000
vn 0.849456 -0.527659 0.000000
vn 0.849456 -0.527659 0.000000
vn 0.634485 -0.772935 0.000000
vn 0.634485 -0.772935 0.000000
vn 0.527636 0.849471 -0.000000
vn 0.527636 0.849471 0.000000
vn -0.290475 0.956883 0.000000
vn -0.290475 0.956883 0.000000
vn 0.995185 -0.098011 0.000000
vn 0.995185 -0.098011 0.000000
vn 0.032367 -0.999476 0.000000
vn 0.032367 -0.999476 0.000000
vn -0.683336 -0.730104 0.000000
vn -0.683336 -0.730104 0.000000
vn -0.999478 0.032298 0.000000
vn -0.999478 0.032298 0.000000
vn 0.471850 0.881679 -0.000000
vn 0.471850 0.881679 0.000000
vn -0.772899 0.634529 0.000000
vn -0.772899 0.634529 0.000000
vn -0.935960 0.352105 0.000000
vn -0.935960 0.352105 0.000000
vn -0.032367 -0.999476 0.000000
vn -0.032367 -0.999476 0.000000
vn -0.986533 0.163560 0.000000
vn -0.986533 0.163560 0.000000
vn -0.471850 -0.881679 0.000000
vn -0.471850 -0.881679 0.000000
vn 0.097993 0.995187 -0.000000
vn 0.097993 0.995187 0.000000
vn -0.812778 0.582574 0.000000
vn -0.812778 0.582574 0.000000
vn -0.527636 -0.849471 0.000000
vn -0.527636 -0.849471 0.000000
vn 0.973981 0.226629 0.000000
vn 0.973981 0.226629 0.000000
vn -0.412711 -0.910862 0.000000
vn -0.412711 -0.910862 0.000000
vn -0.849456 -0.527659 0.000000
vn -0.849456 -0.527659 -0.000000
vn 0.812778 -0.582574 0.000000
vn 0.812778 -0.582574 0.000000
vn 0.956892 0.290443 0.000000
vn 0.956892 0.290443 0.000000
vn 0.812778 0.582574 0.000000
vn 0.812778 0.582574 0.000000
vn 0.995185 0.098011 0.000000
vn 0.995185 0.098011 0.000000
vn -0.471850 0.881679 0.000000
vn -0.471850 0.881679 0.000000
vn 0.163676 -0.986514 0.000000
vn 0.163676 -0.986514 0.000000
vn 0.881690 0.471830 0.000000
vn 0.881690 0.471830 0.000000
vn -0.634485 0.772935 0.000000
vn -0.634485 0.772935 0.000000
vn -0.973981 0.226629 0.000000
vn -0.973981 0.226629 0.000000
vn 0.471850 -0.881679 0.000000
vn 0.471850 -0.881679 0.000000
vn 0.032367 0.999476 -0.000000
vn 0.032367 0.999476 0.000000
vn 0.973981 -0.226629 0.000000
vn 0.973981 -0.226629 0.000000
vn 0.986533 -0.163560 0.000000
vn 0.986533 -0.163560 0.000000
vn -0.352122 0.935954 0.000000
vn -0.352122 0.935954 0.000000
vn 0.290475 -0.956883 0.000000
vn 0.290475 -0.956883 0.000000
vn 0.935960 0.352105 0.000000
vn 0.935960 0.352105 0.000000
vn 0.226421 0.974029 -0.000000
vn 0.226421 0.974029 0.000000
vn 0.412711 0.910862 -0.000000
vn 0.412711 0.910862 0.000000
vn 0.935960 -0.352105 0.000000
vn 0.935960 -0.352105 0.000000
vn -0.849456 0.527659 0.000000
vn -0.849456 0.527659 0.000000
vn 0.910837 -0.412766 0.000000
vn 0.910837 -0.412766 0.000000
vn 0.582629 0.812738 -0.000000
vn 0.582629 0.812738 0.000000
vn 0.634485 0.772935 -0.000000
vn 0.634485 0.772935 0.000000
vn 0.849456 0.527659 0.000000
vn 0.849456 0.527659 0.000000
vn 0.000000 0.000000 -1.000000
vn 0.000000 0.000000 -1.000000
vn 0.000000 0.000000 1.000000
vn 0.000000 0.000000 1.000000
vn 0.000000 0.000000 1.000000
vn 0.000000 0.000000 1.000000
vn 0.000000 -1.000000 0.000000
vn 0.000000 -1.000000 0.000000
vn 0.000000 1.000000 0.000000
vn 0.000000 1.000000 0.000000
vn 0.000000 0.000000 -1.000000
vn 0.000000 0.000000 -1.000000
vn 0.000000 -1.000000 0.000000
vn 0.000000 -1.000000 0.000000
vn 0.000000 1.000000 0.000000
vn 0.000000 1.000000 0.000000
vn 0.000000 0.000000 1.000000
vn 0.000000 0.000000 1.000000
vn 0.000000 0.000000 1.000000
vn 0.000000 0.000000 1.000000
vn 0.000000 0.000000 1.000000
vn 0.000000 0.000000 1.000000
vn 0.000000 0.000000 1.000000
vn 0.000000 0.000000 1.000000
vn 0.000000 0.000000 1.000000
vn 0.000000 0.000000 1.000000
vn 0.000000 0.000000 1.000000
vn 0.000000 0.000000 1.000000
vn 0.000000 0.000000 1.000000
vn 0.000000 0.000000 1.000000
vn 0.000000 0.000000 1.000000
vn 0.000000 0.000000 1.000000
vn 0.000000 0.000000 1.000000
vn 0.000000 0.000000 1.000000
vn 0.000000 0.000000 1.000000
vn 0.000000 0.000000 1.000000
vn 0.000000 0.000000 1.000000
vn 0.000000 0.000000 1.000000
vn 0.000000 0.000000 1.000000
vn 0.000000 0.000000 1.000000
vn 0.000000 0.000000 1.000000
vn 0.000000 0.000000 1.000000
vn 0.000000 0.000000 1.000000
vn 0.000000 0.000000 1.000000
vn 0.000000 0.000000 1.000000
vn 0.000000 0.000000 1.000000
vn 0.000000 0.000000 1.000000
vn 0.000000 0.000000 1.000000
vn 0.000000 0.000000 1.000000
vn 0.000000 0.000000 1.000000
vn 0.000000 0.000000 1.000000
vn 0.000000 0.000000 1.000000
vn 0.000000 0.000000 1.000000
vn 0.000000 0.000000 1.000000
vn 0.000000 0.000000 1.000000
vn 0.000000 0.000000 1.000000
vn 0.000000 0.000000 1.000000
vn 0.000000 0.000000 1.000000
vn 0.000000 0.000000 1.000000
vn 0.000000 0.000000 1.000000
vn 0.000000 0.000000 1.000000
vn 0.000000 0.000000 1.000000
vn 0.000000 0.000000 1.000000
vn 0.000000 0.000000 1.000000
vn 0.000000 0.000000 1.000000
vn 0.000000 0.000000 1.000000
vn 0.000000 0.000000 1.000000
vn 0.000000 0.000000 1.000000
vn 0.000000 0.000000 1.000000
vn 0.000000 0.000000 1.000000
vn 0.000000 0.000000 1.000000
vn 0.000000 0.000000 1.000000
vn 0.000000 0.000000 1.000000
vn 0.000000 0.000000 1.000000
vn 0.000000 0.000000 1.000000
vn 0.000000 0.000000 1.000000
vn 0.000000 0.000000 1.000000
vn 0.000000 0.000000 1.000000
vn 0.000000 0.000000 1.000000
vn 0.000000 0.000000 1.000000
vn 0.000000 0.000000 1.000000
vn 0.000000 0.000000 1.000000
vn 0.000000 0.000000 1.000000
vn 0.000000 0.000000 1.000000
vn 0.000000 0.000000 1.000000
vn 0.000000 0.000000 1.000000
vn 0.000000 0.000000 1.000000
vn 0.000000 0.000000 1.000000
vn 0.000000 0.000000 1.000000
vn 0.000000 0.000000 1.000000
vn 0.000000 0.000000 1.000000
vn 0.000000 0.000000 1.000000
vn 0.000000 0.000000 1.000000
vn 0.000000 0.000000 1.000000
vn 0.000000 0.000000 1.000000
vn 0.000000 0.000000 1.000000
vn 0.000000 0.000000 1.000000
vn 0.000000 0.000000 1.000000
vn 0.000000 0.000000 1.000000
vn 0.000000 0.000000 1.000000
vn 0.000000 0.000000 1.000000
vn 0.000000 0.000000 1.000000
vn 0.000000 0.000000 1.000000
vn 0.000000 0.000000 1.000000
vn 0.000000 0.000000 1.000000
vn 0.000000 0.000000 1.000000
vn 0.000000 0.000000 1.000000
vn 0.000000 0.000000 1.000000
vn 0.000000 0.000000 1.000000
vn 0.000000 0.000000 1.000000
vn 0.000000 0.000000 1.000000
vn 0.000000 0.000000 1.000000
vn 0.000000 0.000000 1.000000
vn 0.000000 0.000000 1.000000
vn 0.000000 0.000000 1.000000
vn 0.000000 0.000000 1.000000
vn 0.000000 0.000000 1.000000
vn 0.000000 0.000000 1.000000
vn 0.000000 0.000000 1.000000
vn 0.000000 0.000000 1.000000
vn 0.000000 0.000000 1.000000
vn 0.000000 0.000000 1.000000
vn 0.000000 0.000000 1.000000
vn 0.000000 0.000000 1.000000
vn 0.000000 0.000000 1.000000
vn 0.000000 0.000000 1.000000
vn 0.000000 0.000000 1.000000
vn 0.000000 0.000000 1.000000
vn 0.000000 0.000000 1.000000
vn 0.000000 0.000000 1.000000
vn 0.000000 0.000000 1.000000
vn 0.000000 0.000000 1.000000
vn 0.000000 0.000000 1.000000
vn 0.000000 0.000000 1.000000
vn 0.000000 0.000000 1.000000
vn 0.000000 0.000000 1.000000
vn 0.000000 0.000000 1.000000
vn 0.000000 0.000000 1.000000
vn 0.000000 0.000000 1.000000
vn 0.000000 0.000000 1.000000
vn 0.000000 0.000000 1.000000
vn 0.000000 0.000000 1.000000
vn 0.000000 0.000000 1.000000
vn 0.000000 0.000000 1.000000
vn 0.000000 0.000000 1.000000
vn 0.000000 0.000000 1.000000
vn 0.000000 0.000000 1.000000
vn 0.000000 0.000000 1.000000
vn 0.000000 0.000000 1.000000
vn 0.000000 0.000000 1.000000
vn 0.000000 0.000000 1.000000
vn 0.000000 0.000000 1.000000
vn 0.000000 0.000000 1.000000
vn 0.000000 0.000000 1.000000
vn 0.000000 0.000000 1.000000
vn 0.000000 0.000000 1.000000
vn 0.000000 0.000000 1.000000
vn 0.000000 0.000000 1.000000
vn 0.000000 0.000000 1.000000
vn 0.000000 0.000000 1.000000
vn 0.000000 0.000000 1.000000
vn 0.000000 0.000000 1.000000
vn 0.000000 0.000000 1.000000
vn 0.000000 0.000000 1.000000
vn 0.000000 0.000000 1.000000
vn 0.000000 0.000000 1.000000
vn 0.000000 0.000000 1.000000
vn 0.000000 0.000000 1.000000
vn 0.000000 0.000000 1.000000
vn 0.000000 0.000000 1.000000
vn 0.000000 0.000000 1.000000
vn 0.000000 0.000000 1.000000
vn 0.000000 0.000000 1.000000
vn 0.000000 0.000000 1.000000
vn 0.000000 0.000000 1.000000
vn 0.000000 0.000000 1.000000
vn 0.000000 0.000000 1.000000
vn 0.000000 0.000000 1.000000
vn 0.000000 0.000000 1.000000
vn 0.000000 0.000000 1.000000
vn 0.000000 0.000000 1.000000
vn 0.000000 0.000000 1.000000
vn 0.000000 0.000000 1.000000
vn 0.000000 0.000000 1.000000
vn 0.000000 0.000000 1.000000
vn 0.000000 0.000000 1.000000
vn 0.000000 0.000000 1.000000
vn 0.000000 0.000000 1.000000
vn 0.000000 0.000000 1.000000
vn 0.000000 0.000000 1.000000
vn 0.000000 0.000000 1.000000
vn 0.000000 0.000000 1.000000
vn 0.000000 0.000000 1.000000
vn 0.000000 0.000000 1.000000
vn 0.000000 0.000000 1.000000
vn 0.000000 0.000000 1.000000
vn 0.000000 0.000000 1.000000
vn 0.000000 0.000000 1.000000
vn 0.000000 0.000000 1.000000
vn 0.000000 0.000000 1.000000
vn 0.000000 0.000000 1.000000
vn 0.000000 0.000000 1.000000
vn 0.000000 0.000000 1.000000
vn 0.000000 0.000000 1.000000
vn 0.000000 0.000000 1.000000
vn 0.000000 0.000000 1.000000
vn 0.000000 0.000000 1.000000
vn 0.000000 0.000000 1.000000
vn 0.000000 0.000000 1.000000
vn 0.000000 0.000000 1.000000
vn 0.000000 0.000000 1.000000
vn 0.000000 0.000000 1.000000
vn 0.000000 0.000000 1.000000
vn 0.000000 0.000000 1.000000
vn 0.000000 0.000000 1.000000
vn 0.000000 0.000000 1.000000
vn 0.000000 0.000000 1.000000
vn 0.000000 0.000000 1.000000
vn 0.000000 0.000000 1.000000
vn 0.000000 0.000000 1.000000
vn 0.000000 0.000000 1.000000
vn 0.000000 0.000000 1.000000
vn 0.000000 0.000000 1.000000
vn 0.000000 0.000000 1.000000
vn 0.000000 0.000000 1.000000
vn 0.000000 0.000000 1.000000
vn 0.000000 0.000000 1.000000
vn 0.000000 0.000000 1.000000
vn 0.000000 0.000000 1.000000
vn 0.000000 0.000000 1.000000
vn 0.000000 0.000000 1.000000
vn 0.000000 0.000000 1.000000
vn 0.000000 0.000000 1.000000
vn 0.000000 0.000000 1.000000
vn 0.000000 0.000000 1.000000
vn 0.000000 0.000000 1.000000
vn 0.000000 0.000000 1.000000
vn 0.000000 0.000000 1.000000
vn 0.000000 0.000000 1.000000
vn 0.000000 0.000000 1.000000
vn 0.000000 0.000000 1.000000
vn 0.000000 0.000000 1.000000
vn 0.000000 0.000000 1.000000
vn 0.000000 0.000000 1.000000
vn 0.000000 0.000000 1.000000
vn 0.000000 0.000000 1.000000
vn 0.000000 0.000000 1.000000
vn 0.000000 0.000000 1.000000
vn 0.000000 0.000000 1.000000
vn 0.000000 0.000000 1.000000
vn 0.000000 0.000000 1.000000
vn 0.000000 0.000000 1.000000
vn 0.000000 0.000000 1.000000
vn 0.000000 0.000000 1.000000
vn 0.000000 0.000000 1.000000
vn 0.000000 0.000000 1.000000
vn 0.000000 0.000000 1.000000
vn 0.000000 0.000000 1.000000
vn 0.000000 0.000000 1.000000
vn 0.000000 0.000000 1.000000
vn 0.000000 0.000000 1.000000
vn 0.000000 0.000000 1.000000
vn 0.000000 0.000000 1.000000
vn 0.000000 0.000000 1.000000
vn 0.000000 0.000000 1.000000
vn 0.000000 0.000000 1.000000
vn 0.000000 0.000000 1.000000
vn 0.000000 0.000000 1.000000
vn 0.000000 0.000000 1.000000
vn 0.000000 0.000000 1.000000
vn 0.000000 0.000000 1.000000
vn 0.000000 0.000000 1.000000
vn 0.000000 0.000000 1.000000
vn 0.000000 0.000000 1.000000
vn 0.000000 0.000000 1.000000
vn 0.000000 0.000000 1.000000
vn 0.000000 0.000000 1.000000
vn 0.000000 0.000000 1.000000
vn 0.000000 0.000000 1.000000
vn 0.000000 0.000000 1.000000
vn 0.000000 0.000000 1.000000
vn 0.000000 0.000000 1.000000
vn 0.000000 0.000000 1.000000
vn 0.000000 0.000000 1.000000
vn 0.000000 0.000000 1.000000
vn 0.000000 0.000000 1.000000
vn 0.000000 0.000000 1.000000
vn 0.000000 0.000000 1.000000
vn 0.000000 0.000000 1.000000
vn 0.000000 0.000000 1.000000
vn 0.000000 0.000000 1.000000
vn 0.000000 0.000000 1.000000
vn 0.000000 0.000000 1.000000
vn 0.000000 0.000000 1.000000
vn 0.000000 0.000000 1.000000
vn 0.000000 0.000000 1.000000
vn 0.000000 0.000000 1.000000
vn 0.000000 0.000000 1.000000
vn 0.000000 0.000000 1.000000
vn 0.000000 0.000000 1.000000
vn 0.000000 0.000000 1.000000
vn 0.000000 0.000000 1.000000
vn 0.000000 0.000000 1.000000
vn 0.000000 0.000000 1.000000
vn 0.000000 0.000000 1.000000
vn 0.000000 0.000000 1.000000
vn 0.000000 0.000000 1.000000
vn 0.000000 0.000000 1.000000
vn 0.000000 0.000000 1.000000
vn 0.000000 0.000000 1.000000
vn 0.000000 0.000000 1.000000
vn 0.000000 0.000000 1.000000
vn 0.000000 0.000000 1.000000
vn 0.000000 0.000000 1.000000
vn 0.000000 0.000000 1.000000
vn 0.000000 0.000000 1.000000
vn 0.000000 0.000000 1.000000
vn 0.000000 0.000000 1.000000
vn 0.000000 0.000000 1.000000
vn 0.000000 0.000000 1.000000
vn 0.000000 0.000000 1.000000
vn 0.000000 0.000000 1.000000
vn 0.000000 0.000000 1.000000
vn 0.000000 0.000000 1.000000
vn 0.000000 0.000000 1.000000
vn 0.000000 0.000000 1.000000
vn 0.000000 0.000000 1.000000
vn 0.000000 0.000000 1.000000
vn 0.000000 0.000000 1.000000
vn 0.000000 0.000000 1.000000
vn 0.000000 0.000000 1.000000
vn 0.000000 0.000000 1.000000
vn 0.000000 0.000000 1.000000
vn 0.000000 0.000000 1.000000
vn 0.000000 0.000000 1.000000
vn 0.000000 0.000000 1.000000
vn 0.000000 0.000000 1.000000
vn 0.000000 0.000000 1.000000
vn 0.000000 0.000000 1.000000
vn 0.000000 0.000000 1.000000
vn 0.000000 0.000000 1.000000
vn 0.000000 0.000000 1.000000
vn 0.000000 0.000000 1.000000
vn 0.000000 0.000000 1.000000
vn 0.000000 0.000000 1.000000
vn 0.000000 0.000000 1.000000
vn 0.000000 0.000000 1.000000
vn 0.000000 0.000000 1.000000
vn 0.000000 0.000000 1.000000
vn 0.000000 0.000000 1.000000
vn 0.000000 0.000000 1.000000
vn 0.000000 0.000000 1.000000
vn 0.000000 0.000000 1.000000
vn 0.000000 0.000000 1.000000
vn 0.000000 0.000000 1.000000
vn 0.000000 0.000000 1.000000
vn 0.000000 0.000000 1.000000
vn 0.000000 0.000000 1.000000
vn 0.000000 0.000000 1.000000
vn 0.000000 0.000000 1.000000
vn 0.000000 0.000000 1.000000
vn 0.000000 0.000000 1.000000
vn 0.000000 0.000000 1.000000
vn 0.000000 0.000000 1.000000
vn 0.000000 0.000000 1.000000
vn 0.000000 0.000000 1.000000
vn 0.000000 0.000000 1.000000
vn 0.000000 0.000000 1.000000
vn 0.000000 0.000000 1.000000
vn 0.000000 0.000000 1.000000
vn 0.000000 0.000000 1.000000
vn 0.000000 0.000000 1.000000
vn 0.000000 0.000000 1.000000
vn 0.000000 0.000000 1.000000
vn 0.000000 0.000000 1.000000
vn 0.000000 0.000000 1.000000
vn 0.000000 0.000000 1.000000
vn 0.000000 0.000000 1.000000
vn 0.000000 0.000000 1.000000
vn 0.000000 0.000000 1.000000
vn 0.000000 0.000000 1.000000
vn 0.000000 0.000000 1.000000
vn 0.000000 0.000000 1.000000
vn 0.000000 0.000000 1.000000
vn 0.000000 0.000000 1.000000
vn 0.000000 0.000000 1.000000
vn 0.000000 0.000000 1.000000
vn 0.000000 0.000000 1.000000
vn 0.000000 0.000000 1.000000
vn 0.000000 0.000000 1.000000
vn 0.000000 0.000000 1.000000
vn 0.000000 0.000000 1.000000
vn 0.000000 0.000000 1.000000
vn 0.000000 0.000000 1.000000
vn 0.000000 0.000000 1.000000
vn 0.000000 0.000000 1.000000
vn 0.000000 0.000000 1.000000
vn 0.000000 0.000000 1.000000
vn 0.000000 0.000000 1.000000
vn 0.000000 0.000000 1.000000
vn 0.000000 0.000000 1.000000
vn 0.000000 0.000000 1.000000
vn 0.000000 0.000000 1.000000
vn 0.000000 0.000000 1.000000
vn 1.000000 -0.000000 0.000000
vn 1.000000 0.000000 0.000000
vn 0.000000 0.000000 -1.000000
vn 0.000000 -0.000000 -1.000000
vn 0.000000 -0.000000 -1.000000
vn 0.000000 0.000000 -1.000000
vn 0.000000 -0.000000 -1.000000
vn 0.000000 0.000000 -1.000000
vn 0.000000 -0.000000 -1.000000
vn 0.000000 0.000000 -1.000000
vn 0.000000 0.000000 -1.000000
vn 0.000000 -0.000000 -1.000000
vn 0.000000 -0.000000 -1.000000
vn 0.000000 0.000000 -1.000000
vn 0.000000 -0.000000 -1.000000
vn 0.000000 0.000000 -1.000000
vn 0.000000 -0.000000 -1.000000
vn 0.000000 0.000000 -1.000000
vn 0.000000 -0.000000 -1.000000
vn 0.000000 0.000000 -1.000000
vn 0.000000 0.000000 -1.000000
vn 0.000000 -0.000000 -1.000000
vn 0.000000 0.000000 -1.000000
vn 0.000000 -0.000000 -1.000000
vn 0.000000 0.000000 -1.000000
vn 0.000000 -0.000000 -1.000000
vn 0.000000 0.000000 -1.000000
vn 0.000000 -0.000000 -1.000000
vn 0.000000 0.000000 -1.000000
vn 0.000000 -0.000000 -1.000000
vn 0.000000 -0.000000 -1.000000
vn 0.000000 0.000000 -1.000000
vn 0.000000 0.000000 -1.000000
vn 0.000000 -0.000000 -1.000000
vn 0.000000 0.000000 -1.000000
vn 0.000000 -0.000000 -1.000000
vn 0.000000 -0.000000 -1.000000
vn 0.000000 0.000000 -1.000000
vn 0.000000 0.000000 -1.000000
vn 0.000000 -0.000000 -1.000000
vn 0.000000 -0.000000 -1.000000
vn 0.000000 0.000000 -1.000000
vn 0.000000 -0.000000 -1.000000
vn 0.000000 0.000000 -1.000000
vn 0.000000 -0.000000 -1.000000
vn 0.000000 0.000000 -1.000000
vn 0.000000 -0.000000 -1.000000
vn 0.000000 0.000000 -1.000000
vn 0.000000 -0.000000 -1.000000
vn 0.000000 0.000000 -1.000000
vn 0.000000 -0.000000 -1.000000
vn 0.000000 0.000000 -1.000000
vn 0.000000 -0.000000 -1.000000
vn 0.000000 0.000000 -1.000000
vn 0.000000 0.000000 -1.000000
vn 0.000000 -0.000000 -1.000000
vn 0.000000 0.000000 -1.000000
vn 0.000000 -0.000000 -1.000000
vn 0.000000 0.000000 -1.000000
vn 0.000000 -0.000000 -1.000000
vn 0.000000 0.000000 -1.000000
vn 0.000000 -0.000000 -1.000000
vn 0.000000 0.000000 -1.000000
vn 0.000000 -0.000000 -1.000000
vn 0.000000 0.000000 -1.000000
vn 0.000000 0.000000 -1.000000
vn 0.000000 -0.000000 -1.000000
vn 0.000000 -0.000000 -1.000000
vn 0.000000 0.000000 -1.000000
vn 0.000000 -0.000000 -1.000000
vn 0.000000 0.000000 -1.000000
vn 0.000000 -0.000000 -1.000000
vn 0.000000 0.000000 -1.000000
vn 0.000000 -0.000000 -1.000000
vn 0.000000 0.000000 -1.000000
vn 0.000000 0.000000 -1.000000
vn 0.000000 -0.000000 -1.000000
vn 0.000000 -0.000000 -1.000000
vn 0.000000 0.000000 -1.000000
vn 0.000000 -0.000000 -1.000000
vn 0.000000 0.000000 -1.000000
vn 0.000000 -0.000000 -1.000000
vn 0.000000 0.000000 -1.000000
vn 0.000000 0.000000 -1.000000
vn 0.000000 -0.000000 -1.000000
vn 0.000000 -0.000000 -1.000000
vn 0.000000 0.000000 -1.000000
vn 0.000000 0.000000 -1.000000
vn 0.000000 -0.000000 -1.000000
vn 0.000000 0.000000 -1.000000
vn 0.000000 -0.000000 -1.000000
vn 0.000000 -0.000000 -1.000000
vn 0.000000 0.000000 -1.000000
vn 0.000000 -0.000000 -1.000000
vn 0.000000 0.000000 -1.000000
vn 0.000000 0.000000 -1.000000
vn 0.000000 -0.000000 -1.000000
vn 0.000000 0.000000 -1.000000
vn 0.000000 -0.000000 -1.000000
vn 0.000000 0.000000 -1.000000
vn 0.000000 0.000000 -1.000000
vn 0.000000 0.000000 -1.000000
vn 0.000000 0.000000 -1.000000
vn 0.000000 0.000000 -1.000000
vn 0.000000 0.000000 -1.000000
vn 0.000000 0.000000 -1.000000
vn 0.000000 0.000000 -1.000000
vn 0.000000 0.000000 -1.000000
vn 0.000000 0.000000 -1.000000
vn 0.000000 0.000000 -1.000000
vn 0.000000 0.000000 -1.000000
vn 0.000000 0.000000 -1.000000
vn 0.000000 0.000000 -1.000000
vn 0.000000 0.000000 -1.000000
vn 0.000000 0.000000 -1.000000
vn 0.000000 0.000000 -1.000000
vn 0.000000 0.000000 -1.000000
vn 0.000000 0.000000 -1.000000
vn 0.000000 0.000000 -1.000000
vn 0.000000 0.000000 -1.000000
vn 0.000000 0.000000 -1.000000
vn 0.000000 0.000000 -1.000000
vn 0.000000 0.000000 -1.000000
vn 0.000000 0.000000 -1.000000
vn 0.000000 0.000000 -1.000000
vn 0.000000 0.000000 -1.000000
vn 0.000000 0.000000 -1.000000
vn 0.000000 0.000000 -1.000000
vn 0.000000 0.000000 -1.000000
vn 0.000000 0.000000 -1.000000
vn 0.000000 0.000000 -1.000000
vn 0.000000 0.000000 -1.000000
vn 0.000000 0.000000 -1.000000
vn 0.000000 0.000000 -1.000000
vn 0.000000 0.000000 -1.000000
vn 0.000000 0.000000 -1.000000
vn 0.000000 0.000000 -1.000000
vn 0.000000 0.000000 -1.000000
vn 0.000000 0.000000 -1.000000
vn 0.000000 0.000000 -1.000000
vn 0.000000 0.000000 -1.000000
vn 0.000000 0.000000 -1.000000
vn 0.000000 0.000000 -1.000000
vn 0.000000 0.000000 -1.000000
vn 0.000000 0.000000 -1.000000
vn 0.000000 0.000000 -1.000000
vn 0.000000 0.000000 -1.000000
vn 0.000000 0.000000 -1.000000
vn 0.000000 0.000000 -1.000000
vn 0.000000 0.000000 -1.000000
vn 0.000000 0.000000 -1.000000
vn 0.000000 0.000000 -1.000000
vn 0.000000 0.000000 -1.000000
vn 0.000000 0.000000 -1.000000
vn 0.000000 0.000000 -1.000000
vn 0.000000 0.000000 -1.000000
vn 0.000000 0.000000 -1.000000
vn 0.000000 0.000000 -1.000000
vn 0.000000 0.000000 -1.000000
vn 0.000000 0.000000 -1.000000
vn 0.000000 0.000000 -1.000000
vn 0.000000 0.000000 -1.000000
vn 0.000000 0.000000 -1.000000
vn 0.000000 0.000000 -1.000000
vn 0.000000 0.000000 -1.000000
vn 0.000000 0.000000 -1.000000
vn 0.000000 0.000000 -1.000000
vn 0.000000 0.000000 -1.000000
vn 0.000000 0.000000 -1.000000
vn 0.000000 0.000000 -1.000000
vn 0.000000 0.000000 -1.000000
vn 0.000000 0.000000 -1.000000
vn 0.000000 0.000000 -1.000000
vn 0.000000 0.000000 -1.000000
vn 0.000000 0.000000 -1.000000
vn 0.000000 0.000000 -1.000000
vn 0.000000 0.000000 -1.000000
vn 0.000000 0.000000 -1.000000
vn 0.000000 0.000000 -1.000000
vn 0.000000 0.000000 -1.000000
vn 0.000000 0.000000 -1.000000
vn 0.000000 0.000000 -1.000000
vn 0.000000 0.000000 -1.000000
vn 0.000000 0.000000 -1.000000
vn 0.000000 0.000000 -1.000000
vn 0.000000 0.000000 -1.000000
vn 0.000000 0.000000 -1.000000
vn 0.000000 0.000000 -1.000000
vn 0.000000 0.000000 -1.000000
vn 0.000000 0.000000 -1.000000
vn 0.000000 0.000000 -1.000000
vn 0.000000 0.000000 -1.000000
vn 0.000000 0.000000 -1.000000
vn 0.000000 0.000000 -1.000000
vn 0.000000 0.000000 -1.000000
vn 0.000000 0.000000 -1.000000
vn 0.000000 0.000000 -1.000000
vn 0.000000 0.000000 -1.000000
vn 0.000000 0.000000 -1.000000
vn 0.000000 0.000000 -1.000000
vn 0.000000 0.000000 -1.000000
vn 0.000000 0.000000 -1.000000
vn 0.000000 0.000000 -1.000000
vn 0.000000 0.000000 -1.000000
vn 0.000000 0.000000 -1.000000
vn 0.000000 0.000000 -1.000000
vn 0.000000 0.000000 -1.000000
vn 0.000000 0.000000 -1.000000
vn 0.000000 0.000000 -1.000000
vn 0.000000 0.000000 -1.000000
vn 0.000000 0.000000 -1.000000
vn 0.000000 0.000000 -1.000000
vn 0.000000 0.000000 -1.000000
vn 0.000000 0.000000 -1.000000
vn 0.000000 0.000000 -1.000000
vn 0.000000 0.000000 -1.000000
vn 0.000000 0.000000 -1.000000
vn 0.000000 0.000000 -1.000000
vn 0.000000 0.000000 -1.000000
vn 0.000000 0.000000 -1.000000
vn 0.000000 0.000000 -1.000000
vn 0.000000 0.000000 -1.000000
vn 0.000000 0.000000 -1.000000
vn 0.000000 0.000000 -1.000000
vn 0.000000 0.000000 -1.000000
vn 0.000000 0.000000 -1.000000
vn 0.000000 0.000000 -1.000000
vn 0.000000 0.000000 -1.000000
vn 0.000000 0.000000 -1.000000
vn 0.000000 0.000000 -1.000000
vn 0.000000 0.000000 -1.000000
vn 0.000000 0.000000 -1.000000
vn 0.000000 0.000000 -1.000000
vn 0.000000 0.000000 -1.000000
vn 0.000000 0.000000 -1.000000
vn 0.000000 0.000000 -1.000000
vn 0.000000 0.000000 -1.000000
vn 0.000000 0.000000 -1.000000
vn 0.000000 0.000000 -1.000000
vn 0.000000 0.000000 -1.000000
vn 0.000000 0.000000 -1.000000
vn 0.000000 0.000000 -1.000000
vn 0.000000 0.000000 -1.000000
vn 0.000000 0.000000 -1.000000
vn 0.000000 0.000000 -1.000000
vn 0.000000 0.000000 -1.000000
vn 0.000000 0.000000 -1.000000
vn 0.000000 0.000000 -1.000000
vn 0.000000 0.000000 -1.000000
vn 0.000000 0.000000 -1.000000
vn 0.000000 0.000000 -1.000000
vn 0.000000 0.000000 -1.000000
vn 0.000000 0.000000 -1.000000
vn 0.000000 0.000000 -1.000000
vn 0.000000 0.000000 -1.000000
vn 0.000000 0.000000 -1.000000
vn 0.000000 0.000000 -1.000000
vn 0.000000 0.000000 -1.000000
vn 0.000000 0.000000 -1.000000
vn 0.000000 0.000000 -1.000000
vn 0.000000 0.000000 -1.000000
vn 0.000000 0.000000 -1.000000
vn 0.000000 0.000000 -1.000000
vn 0.000000 0.000000 -1.000000
vn 0.000000 0.000000 -1.000000
vn 0.000000 0.000000 -1.000000
vn 0.000000 0.000000 -1.000000
vn 0.000000 0.000000 -1.000000
vn 0.000000 0.000000 -1.000000
vn 0.000000 0.000000 -1.000000
vn 0.000000 0.000000 -1.000000
vn 0.000000 0.000000 -1.000000
vn 0.000000 0.000000 -1.000000
vn 0.000000 0.000000 -1.000000
vn 0.000000 0.000000 -1.000000
vn 0.000000 0.000000 -1.000000
vn 0.000000 0.000000 -1.000000
vn 0.000000 0.000000 -1.000000
vn 0.000000 0.000000 -1.000000
vn 0.000000 0.000000 -1.000000
vn 0.000000 0.000000 -1.000000
vn 0.000000 0.000000 -1.000000
vn 0.000000 0.000000 -1.000000
vn 0.000000 0.000000 -1.000000
vn 0.000000 0.000000 -1.000000
vn 0.000000 0.000000 -1.000000
vn 0.000000 0.000000 -1.000000
vn 0.000000 0.000000 -1.000000
vn 0.000000 0.000000 -1.000000
vn 0.000000 0.000000 -1.000000
vn 0.000000 0.000000 -1.000000
vn 0.000000 0.000000 -1.000000
vn 0.000000 0.000000 -1.000000
vn 0.000000 0.000000 -1.000000
vn 0.000000 0.000000 -1.000000
vn 0.000000 0.000000 -1.000000
vn 0.000000 0.000000 -1.000000
vn 0.000000 0.000000 -1.000000
vn 0.000000 0.000000 -1.000000
vn 0.000000 0.000000 -1.000000
vn 0.000000 0.000000 -1.000000
vn 0.000000 0.000000 -1.000000
vn 0.000000 0.000000 -1.000000
vn 0.000000 0.000000 -1.000000
vn 0.000000 0.000000 -1.000000
vn 0.000000 0.000000 -1.000000
vn 0.000000 0.000000 -1.000000
vn 0.000000 0.000000 -1.000000
vn 0.000000 0.000000 -1.000000
vn 0.000000 0.000000 -1.000000
vn 0.000000 0.000000 -1.000000
vn 0.000000 0.000000 -1.000000
vn 0.000000 0.000000 -1.000000
vn 0.000000 0.000000 -1.000000
vn 0.000000 0.000000 -1.000000
vn 0.000000 0.000000 -1.000000
vn 0.000000 0.000000 -1.000000
vn 0.000000 0.000000 -1.000000
vn 0.000000 0.000000 -1.000000
vn 0.000000 0.000000 -1.000000
vn 0.000000 0.000000 -1.000000
vn 0.000000 0.000000 -1.000000
vn 0.000000 0.000000 -1.000000
vn 0.000000 0.000000 -1.000000
vn 0.000000 0.000000 -1.000000
vn 0.000000 0.000000 -1.000000
vn 0.000000 0.000000 -1.000000
vn 0.000000 0.000000 -1.000000
vn 0.000000 0.000000 -1.000000
vn 0.000000 0.000000 -1.000000
vn 0.000000 0.000000 -1.000000
vn 0.000000 0.000000 -1.000000
vn 0.000000 0.000000 -1.000000
vn 0.000000 0.000000 -1.000000
vn 0.000000 0.000000 -1.000000
vn 0.000000 0.000000 -1.000000
vn 0.000000 0.000000 -1.000000
vn 0.000000 0.000000 -1.000000
vn 0.000000 0.000000 -1.000000
vn 0.000000 0.000000 -1.000000
vn 0.000000 0.000000 -1.000000
vn 0.000000 0.000000 -1.000000
vn 0.000000 0.000000 -1.000000
vn 0.000000 0.000000 -1.000000
vn 0.000000 0.000000 -1.000000
vn 0.000000 0.000000 -1.000000
vn 0.000000 0.000000 -1.000000
vn 0.000000 0.000000 -1.000000
vn 0.000000 0.000000 -1.000000
vn 0.000000 0.000000 -1.000000
vn 0.000000 0.000000 -1.000000
vn 0.000000 0.000000 -1.000000
vn 0.000000 0.000000 -1.000000
vn 0.000000 0.000000 -1.000000
vn 0.000000 0.000000 -1.000000
vn 0.000000 0.000000 -1.000000
vn 0.000000 0.000000 -1.000000
vn 0.000000 0.000000 -1.000000
vn 0.000000 0.000000 -1.000000
vn 0.000000 0.000000 -1.000000
vn 0.000000 0.000000 -1.000000
vn 0.000000 0.000000 -1.000000
vn 0.000000 0.000000 -1.000000
vn 0.000000 0.000000 -1.000000
vn 0.000000 0.000000 -1.000000
vn 0.000000 0.000000 -1.000000
vn 0.000000 0.000000 -1.000000
vn 0.000000 0.000000 -1.000000
vn 0.000000 0.000000 -1.000000
vn 0.000000 0.000000 -1.000000
vn 0.000000 0.000000 -1.000000
vn 0.000000 0.000000 -1.000000
vn 0.000000 0.000000 -1.000000
vn 0.000000 0.000000 -1.000000
vn 0.000000 0.000000 -1.000000
vn 0.000000 0.000000 -1.000000
vn 0.000000 0.000000 -1.000000
vn 0.000000 0.000000 -1.000000
vn 0.000000 0.000000 -1.000000
vn 0.000000 0.000000 -1.000000
vn 0.000000 0.000000 -1.000000
vn 0.000000 0.000000 -1.000000
vn 0.000000 0.000000 -1.000000
vn 0.000000 0.000000 -1.000000
vn 0.000000 0.000000 -1.000000
vn 0.000000 0.000000 -1.000000
vn 0.000000 0.000000 -1.000000
vn 0.000000 0.000000 -1.000000
vn 0.000000 0.000000 -1.000000
vn 0.000000 0.000000 -1.000000
vn -1.000000 0.000000 0.000000
vn -1.000000 0.000000 0.000000
vn 0.000000 1.000000 0.000000
vn 0.000000 1.000000 0.000000
vn 0.000000 -1.000000 0.000000
vn 0.000000 -1.000000 0.000000
vn -0.999701 -0.024457 0.000000
vn -0.999701 -0.024457 -0.000000
vn -0.999967 -0.008144 0.000000
vn -0.999967 -0.008144 -0.000000
vn 0.235011 -0.971993 0.000000
vn 0.235011 -0.971993 0.000000
vn -0.757479 -0.652859 0.000000
vn -0.757479 -0.652859 -0.000000
vn 0.493060 -0.869995 0.000000
vn 0.493060 -0.869995 0.000000
vn 0.746451 0.665440 0.000000
vn 0.746451 0.665440 0.000000
vn 0.877974 0.478709 0.000000
vn 0.877974 0.478709 0.000000
vn -0.040891 0.999164 0.000000
vn -0.040891 0.999164 0.000000
vn 0.999701 0.024450 0.000000
vn 0.999701 0.024450 0.000000
vn -0.877977 -0.478703 0.000000
vn -0.877977 -0.478703 -0.000000
vn -0.836003 0.548725 0.000000
vn -0.836003 0.548725 0.000000
vn -0.138541 0.990357 0.000000
vn -0.138541 0.990357 0.000000
vn 0.701206 0.712959 -0.000000
vn 0.701206 0.712959 0.000000
vn -0.344711 0.938709 0.000000
vn -0.344711 0.938709 0.000000
vn 0.999701 -0.024450 0.000000
vn 0.999701 -0.024450 0.000000
vn -0.998332 -0.057734 0.000000
vn -0.998332 -0.057734 -0.000000
vn -0.844780 -0.535114 0.000000
vn -0.844780 -0.535114 -0.000000
vn 0.492957 0.870054 -0.000000
vn 0.492957 0.870054 0.000000
vn 0.987943 -0.154815 0.000000
vn 0.987943 -0.154815 0.000000
vn -0.313519 0.949582 0.000000
vn -0.313519 0.949582 0.000000
vn -0.298238 0.954492 0.000000
vn -0.298238 0.954492 0.000000
vn -0.994299 0.106625 0.000000
vn -0.994299 0.106625 0.000000
vn -0.506784 -0.862073 0.000000
vn -0.506784 -0.862073 0.000000
vn 0.757476 -0.652863 0.000000
vn 0.757476 -0.652863 0.000000
vn -0.329443 -0.944175 0.000000
vn -0.329443 -0.944175 0.000000
vn -0.724037 0.689761 0.000000
vn -0.724037 0.689761 0.000000
vn 0.926924 0.375248 0.000000
vn 0.926924 0.375248 0.000000
vn 0.944175 0.329443 0.000000
vn 0.944175 0.329443 0.000000
vn 0.106157 0.994349 -0.000000
vn 0.106157 0.994349 0.000000
vn 0.615534 -0.788110 0.000000
vn 0.615534 -0.788110 0.000000
vn 0.932996 -0.359887 0.000000
vn 0.932996 -0.359887 0.000000
vn -0.390217 0.920723 0.000000
vn -0.390217 0.920723 0.000000
vn -0.995976 0.089623 0.000000
vn -0.995976 0.089623 0.000000
vn -0.959288 0.282431 0.000000
vn -0.959288 0.282431 0.000000
vn -0.817566 -0.575835 0.000000
vn -0.817566 -0.575835 -0.000000
vn -0.869994 -0.493063 0.000000
vn -0.869994 -0.493063 -0.000000
vn -0.700965 -0.713195 0.000000
vn -0.700965 -0.713195 0.000000
vn 0.689590 -0.724200 0.000000
vn 0.689590 -0.724200 0.000000
vn -0.920790 0.390057 0.000000
vn -0.920790 0.390057 0.000000
vn -0.689407 0.724375 0.000000
vn -0.689407 0.724375 0.000000
vn -0.932904 0.360124 0.000000
vn -0.932904 0.360124 0.000000
vn -0.900586 -0.434677 0.000000
vn -0.900586 -0.434677 -0.000000
vn -0.653212 0.757175 0.000000
vn -0.653212 0.757175 0.000000
vn -0.862073 0.506784 0.000000
vn -0.862073 0.506784 0.000000
vn 0.869993 0.493065 0.000000
vn 0.869993 0.493065 0.000000
vn -0.967947 -0.251156 0.000000
vn -0.967947 -0.251156 -0.000000
vn 0.073523 0.997294 -0.000000
vn 0.073523 0.997294 0.000000
vn 0.677586 0.735444 -0.000000
vn 0.677586 0.735444 0.000000
vn 0.219108 0.975701 -0.000000
vn 0.219108 0.975701 0.000000
vn -0.628090 -0.778141 0.000000
vn -0.628090 -0.778141 0.000000
vn 0.170980 0.985275 -0.000000
vn 0.170980 0.985275 0.000000
vn 0.997309 -0.073317 0.000000
vn 0.997309 -0.073317 0.000000
vn 0.997309 0.073317 0.000000
vn 0.997309 0.073317 0.000000
vn -0.478703 -0.877977 0.000000
vn -0.478703 -0.877977 0.000000
vn -0.170980 0.985275 0.000000
vn -0.170980 0.985275 0.000000
vn -0.640546 0.767920 0.000000
vn -0.640546 0.767920 0.000000
vn -0.992496 0.122276 0.000000
vn -0.992496 0.122276 0.000000
vn 0.767722 -0.640783 0.000000
vn 0.767722 -0.640783 0.000000
vn -0.798367 -0.602171 0.000000
vn -0.798367 -0.602171 -0.000000
vn 0.999169 -0.040758 0.000000
vn 0.999169 -0.040758 0.000000
vn 0.405083 0.914280 -0.000000
vn 0.405083 0.914280 0.000000
vn 0.040745 -0.999170 0.000000
vn 0.040745 -0.999170 0.000000
vn 0.999967 -0.008144 0.000000
vn 0.999967 -0.008144 0.000000
vn -0.746451 0.665440 0.000000
vn -0.746451 0.665440 0.000000
vn 0.106625 -0.994299 0.000000
vn 0.106625 -0.994299 0.000000
vn 0.040891 0.999164 -0.000000
vn 0.040891 0.999164 0.000000
vn 0.900591 0.434666 0.000000
vn 0.900591 0.434666 0.000000
vn -0.959288 -0.282431 0.000000
vn -0.959288 -0.282431 -0.000000
vn 0.700962 -0.713198 0.000000
vn 0.700962 -0.713198 0.000000
vn 0.602132 0.798397 -0.000000
vn 0.602132 0.798397 0.000000
vn 0.677659 -0.735376 0.000000
vn 0.677659 -0.735376 0.000000
vn 0.450198 -0.892929 0.000000
vn 0.450198 -0.892929 0.000000
vn -0.652859 -0.757479 0.000000
vn -0.652859 -0.757479 0.000000
vn 0.024583 0.999698 -0.000000
vn 0.024583 0.999698 0.000000
vn 0.449766 0.893146 -0.000000
vn 0.449766 0.893146 0.000000
vn -0.420225 0.907420 0.000000
vn -0.420225 0.907420 0.000000
vn -0.203099 0.979158 0.000000
vn -0.203099 0.979158 0.000000
vn -0.057734 -0.998332 0.000000
vn -0.057734 -0.998332 0.000000
vn -0.251156 -0.967947 0.000000
vn -0.251156 -0.967947 0.000000
vn -0.788110 0.615534 0.000000
vn -0.788110 0.615534 0.000000
vn 0.853334 0.521365 0.000000
vn 0.853334 0.521365 0.000000
vn -0.344408 -0.938820 0.000000
vn -0.344408 -0.938820 0.000000
vn 0.827005 -0.562194 0.000000
vn 0.827005 -0.562194 0.000000
vn -0.963897 0.266276 0.000000
vn -0.963897 0.266276 0.000000
vn -0.507141 0.861863 0.000000
vn -0.507141 0.861863 0.000000
vn -0.757479 0.652859 0.000000
vn -0.757479 0.652859 0.000000
vn 0.999169 0.040758 0.000000
vn 0.999169 0.040758 0.000000
vn -0.521374 -0.853328 0.000000
vn -0.521374 -0.853328 0.000000
vn -0.434892 0.900482 0.000000
vn -0.434892 0.900482 0.000000
vn 0.628086 -0.778144 0.000000
vn 0.628086 -0.778144 0.000000
vn 0.788107 0.615538 0.000000
vn 0.788107 0.615538 0.000000
vn 0.089889 0.995952 -0.000000
vn 0.089889 0.995952 0.000000
vn 0.653212 0.757175 -0.000000
vn 0.653212 0.757175 0.000000
vn 0.932909 0.360113 0.000000
vn 0.932909 0.360113 0.000000
vn 0.665543 0.746359 -0.000000
vn 0.665543 0.746359 0.000000
vn -0.677589 0.735441 0.000000
vn -0.677589 0.735441 0.000000
vn 0.282431 -0.959288 0.000000
vn 0.282431 -0.959288 0.000000
vn -0.724203 -0.689587 0.000000
vn -0.724203 -0.689587 -0.000000
vn 0.478709 -0.877974 0.000000
vn 0.478709 -0.877974 0.000000
vn 0.282422 0.959290 -0.000000
vn 0.282422 0.959290 0.000000
vn -0.967947 0.251155 0.000000
vn -0.967947 0.251155 0.000000
vn -0.999967 0.008144 0.000000
vn -0.999967 0.008144 0.000000
vn 0.024457 -0.999701 0.000000
vn 0.024457 -0.999701 0.000000
vn -0.971993 -0.235011 0.000000
vn -0.971993 -0.235011 -0.000000
vn -0.844778 0.535117 0.000000
vn -0.844778 0.535117 0.000000
vn -0.975658 -0.219296 0.000000
vn -0.975658 -0.219296 -0.000000
vn -0.298235 -0.954492 0.000000
vn -0.298235 -0.954492 0.000000
vn 0.920788 0.390063 0.000000
vn 0.920788 0.390063 0.000000
vn 0.735376 0.677659 0.000000
vn 0.735376 0.677659 0.000000
vn 0.266274 -0.963897 0.000000
vn 0.266274 -0.963897 0.000000
vn -0.615537 -0.788108 0.000000
vn -0.615537 -0.788108 0.000000
vn -0.665537 -0.746365 0.000000
vn -0.665537 -0.746365 0.000000
vn -0.808242 0.588850 0.000000
vn -0.808242 0.588850 0.000000
vn -0.999170 0.040745 0.000000
vn -0.999170 0.040745 0.000000
vn 0.535117 -0.844778 0.000000
vn 0.535117 -0.844778 0.000000
vn 0.375246 -0.926925 0.000000
vn 0.375246 -0.926925 0.000000
vn 0.914231 0.405194 0.000000
vn 0.914231 0.405194 0.000000
vn -0.535114 -0.844780 0.000000
vn -0.535114 -0.844780 0.000000
vn -0.024583 0.999698 0.000000
vn -0.024583 0.999698 0.000000
vn -0.979170 -0.203043 0.000000
vn -0.979170 -0.203043 -0.000000
vn 0.949562 0.313580 0.000000
vn 0.949562 0.313580 0.000000
vn -0.588853 -0.808240 0.000000
vn -0.588853 -0.808240 0.000000
vn -0.375484 -0.926829 0.000000
vn -0.375484 -0.926829 0.000000
vn -0.405197 -0.914230 0.000000
vn -0.405197 -0.914230 0.000000
vn -0.990365 -0.138481 0.000000
vn -0.990365 -0.138481 -0.000000
vn 0.138481 -0.990365 0.000000
vn 0.138481 -0.990365 0.000000
vn 0.434677 -0.900586 0.000000
vn 0.434677 -0.900586 0.000000
vn -0.949562 0.313580 0.000000
vn -0.949562 0.313580 0.000000
vn 0.979172 0.203030 0.000000
vn 0.979172 0.203030 0.000000
vn -0.997309 0.073317 0.000000
vn -0.997309 0.073317 0.000000
vn -0.057253 0.998360 0.000000
vn -0.057253 0.998360 0.000000
vn -0.008144 -0.999967 0.000000
vn -0.008144 -0.999967 0.000000
vn 0.390060 -0.920790 0.000000
vn 0.390060 -0.920790 0.000000
vn -0.266274 -0.963897 0.000000
vn -0.266274 -0.963897 0.000000
vn 0.652859 -0.757479 0.000000
vn 0.652859 -0.757479 0.000000
vn -0.982392 0.186832 0.000000
vn -0.982392 0.186832 0.000000
vn 0.203043 -0.979170 0.000000
vn 0.203043 -0.979170 0.000000
vn -0.073317 -0.997309 0.000000
vn -0.073317 -0.997309 0.000000
vn -0.985252 0.171111 0.000000
vn -0.985252 0.171111 0.000000
vn -0.420388 -0.907345 0.000000
vn -0.420388 -0.907345 0.000000
vn 0.982392 0.186832 0.000000
vn 0.982392 0.186832 0.000000
vn -0.954492 -0.298235 0.000000
vn -0.954492 -0.298235 -0.000000
vn -0.982392 -0.186832 0.000000
vn -0.982392 -0.186832 -0.000000
vn -0.250835 0.968030 0.000000
vn -0.250835 0.968030 0.000000
vn 0.907342 -0.420393 0.000000
vn 0.907342 -0.420393 0.000000
vn 0.808234 -0.588862 0.000000
vn 0.808234 -0.588862 0.000000
vn -0.987945 0.154802 0.000000
vn -0.987945 0.154802 0.000000
vn -0.835999 -0.548731 0.000000
vn -0.835999 -0.548731 -0.000000
vn -0.713195 -0.700965 0.000000
vn -0.713195 -0.700965 -0.000000
vn -0.493063 -0.869994 0.000000
vn -0.493063 -0.869994 0.000000
vn -0.999170 -0.040745 0.000000
vn -0.999170 -0.040745 -0.000000
vn 0.987943 0.154815 0.000000
vn 0.987943 0.154815 0.000000
vn -0.767719 -0.640787 0.000000
vn -0.767719 -0.640787 -0.000000
vn -0.994299 -0.106625 0.000000
vn -0.994299 -0.106625 -0.000000
vn -0.885991 0.463702 0.000000
vn -0.885991 0.463702 0.000000
vn -0.997309 -0.073317 0.000000
vn -0.997309 -0.073317 -0.000000
vn 0.788105 -0.615541 0.000000
vn 0.788105 -0.615541 0.000000
vn -0.992496 -0.122277 0.000000
vn -0.992496 -0.122277 -0.000000
vn 0.985252 -0.171112 0.000000
vn 0.985252 -0.171112 0.000000
vn -0.186832 -0.982392 0.000000
vn -0.186832 -0.982392 0.000000
vn 0.959289 -0.282425 0.000000
vn 0.959289 -0.282425 0.000000
vn 0.724206 -0.689583 0.000000
vn 0.724206 -0.689583 0.000000
vn -0.990365 0.138482 0.000000
vn -0.990365 0.138482 0.000000
vn -0.535017 0.844841 0.000000
vn -0.535017 0.844841 0.000000
vn -0.907345 -0.420388 0.000000
vn -0.907345 -0.420388 -0.000000
vn -0.998332 0.057734 0.000000
vn -0.998332 0.057734 0.000000
vn -0.203043 -0.979170 0.000000
vn -0.203043 -0.979170 0.000000
vn 0.767722 0.640783 0.000000
vn 0.767722 0.640783 0.000000
vn 0.344711 0.938709 -0.000000
vn 0.344711 0.938709 0.000000
vn -0.073523 0.997294 0.000000
vn -0.073523 0.997294 0.000000
vn 0.344408 -0.938820 0.000000
vn 0.344408 -0.938820 0.000000
vn -0.938900 0.344190 0.000000
vn -0.938900 0.344190 0.000000
vn 0.817569 -0.575830 0.000000
vn 0.817569 -0.575830 0.000000
vn 0.713192 -0.700969 0.000000
vn 0.713192 -0.700969 0.000000
vn -0.492960 0.870052 0.000000
vn -0.492960 0.870052 0.000000
vn -0.575835 -0.817566 0.000000
vn -0.575835 -0.817566 0.000000
vn -0.359898 -0.932992 0.000000
vn -0.359898 -0.932992 0.000000
vn -0.885989 -0.463707 0.000000
vn -0.885989 -0.463707 -0.000000
vn 0.089623 -0.995976 0.000000
vn 0.089623 -0.995976 0.000000
vn 0.138541 0.990357 -0.000000
vn 0.138541 0.990357 0.000000
vn -0.089889 0.995952 0.000000
vn -0.089889 0.995952 0.000000
vn 0.995976 -0.089616 0.000000
vn 0.995976 -0.089616 0.000000
vn 0.463702 -0.885991 0.000000
vn 0.463702 -0.885991 0.000000
vn 0.251156 -0.967947 0.000000
vn 0.251156 -0.967947 0.000000
vn 0.844778 0.535117 0.000000
vn 0.844778 0.535117 0.000000
vn -0.548786 0.835963 0.000000
vn -0.548786 0.835963 0.000000
vn -0.914231 0.405194 0.000000
vn -0.914231 0.405194 0.000000
vn -0.235011 -0.971993 0.000000
vn -0.235011 -0.971993 0.000000
vn -0.817568 0.575832 0.000000
vn -0.817568 0.575832 0.000000
vn -0.548731 -0.835999 0.000000
vn -0.548731 -0.835999 0.000000
vn -0.562287 0.826942 0.000000
vn -0.562287 0.826942 0.000000
vn -0.926924 0.375248 0.000000
vn -0.926924 0.375248 0.000000
vn 0.122277 -0.992496 0.000000
vn 0.122277 -0.992496 0.000000
vn 0.778147 0.628082 0.000000
vn 0.778147 0.628082 0.000000
vn -0.405083 0.914280 0.000000
vn -0.405083 0.914280 0.000000
vn -0.798362 0.602177 0.000000
vn -0.798362 0.602177 0.000000
vn 0.313519 0.949582 -0.000000
vn 0.313519 0.949582 0.000000
vn 0.938898 0.344196 0.000000
vn 0.938898 0.344196 0.000000
vn 0.724040 0.689758 0.000000
vn 0.724040 0.689758 0.000000
vn -0.735373 -0.677662 0.000000
vn -0.735373 -0.677662 -0.000000
vn -0.434677 -0.900586 0.000000
vn -0.434677 -0.900586 0.000000
vn -0.907344 0.420390 0.000000
vn -0.907344 0.420390 0.000000
vn -0.171112 -0.985252 0.000000
vn -0.171112 -0.985252 0.000000
vn -0.282431 -0.959288 0.000000
vn -0.282431 -0.959288 0.000000
vn -0.575783 0.817603 0.000000
vn -0.575783 0.817603 0.000000
vn 0.808236 0.588859 0.000000
vn 0.808236 0.588859 0.000000
vn -0.219108 0.975701 0.000000
vn -0.219108 0.975701 0.000000
vn 0.992496 0.122276 0.000000
vn 0.992496 0.122276 0.000000
vn -0.122481 0.992471 0.000000
vn -0.122481 0.992471 0.000000
vn 0.975657 0.219301 0.000000
vn 0.975657 0.219301 0.000000
vn 0.994299 0.106632 0.000000
vn 0.994299 0.106632 0.000000
vn -0.827005 -0.562194 0.000000
vn -0.827005 -0.562194 -0.000000
vn -0.602126 0.798401 0.000000
vn -0.602126 0.798401 0.000000
vn -0.478603 0.878031 0.000000
vn -0.478603 0.878031 0.000000
vn 0.057734 -0.998332 0.000000
vn 0.057734 -0.998332 0.000000
vn 0.995976 0.089616 0.000000
vn 0.995976 0.089616 0.000000
vn -0.106157 0.994349 0.000000
vn -0.106157 0.994349 0.000000
vn -0.187092 0.982342 0.000000
vn -0.187092 0.982342 0.000000
vn 0.835996 -0.548736 0.000000
vn 0.835996 -0.548736 0.000000
vn -0.463707 -0.885989 0.000000
vn -0.463707 -0.885989 0.000000
vn 0.008144 -0.999967 0.000000
vn 0.008144 -0.999967 0.000000
vn -0.938820 -0.344408 0.000000
vn -0.938820 -0.344408 -0.000000
vn -0.689587 -0.724203 0.000000
vn -0.689587 -0.724203 0.000000
vn 0.298235 -0.954492 0.000000
vn 0.298235 -0.954492 0.000000
vn -0.640787 -0.767719 0.000000
vn -0.640787 -0.767719 0.000000
vn -0.089623 -0.995976 0.000000
vn -0.089623 -0.995976 0.000000
vn 0.154811 0.987944 -0.000000
vn 0.154811 0.987944 0.000000
vn -0.040745 -0.999170 0.000000
vn -0.040745 -0.999170 0.000000
vn 0.944175 -0.329443 0.000000
vn 0.944175 -0.329443 0.000000
vn 0.073317 -0.997309 0.000000
vn 0.073317 -0.997309 0.000000
vn -0.963897 -0.266274 0.000000
vn -0.963897 -0.266274 -0.000000
vn -0.677662 -0.735373 0.000000
vn -0.677662 -0.735373 0.000000
vn -0.735376 0.677659 0.000000
vn -0.735376 0.677659 0.000000
vn 0.506784 -0.862073 0.000000
vn 0.506784 -0.862073 0.000000
vn -0.999701 0.024456 0.000000
vn -0.999701 0.024456 0.000000
vn 0.938818 -0.344414 0.000000
vn 0.938818 -0.344414 0.000000
vn 0.640787 -0.767719 0.000000
vn 0.640787 -0.767719 0.000000
vn -0.914230 -0.405197 0.000000
vn -0.914230 -0.405197 -0.000000
vn -0.892929 0.450198 0.000000
vn -0.892929 0.450198 0.000000
vn 0.990366 0.138475 0.000000
vn 0.990366 0.138475 0.000000
vn -0.971992 0.235013 0.000000
vn -0.971992 0.235013 0.000000
vn -0.154811 0.987944 0.000000
vn -0.154811 0.987944 0.000000
vn 0.949562 -0.313578 0.000000
vn 0.949562 -0.313578 0.000000
vn -0.313578 -0.949562 0.000000
vn -0.313578 -0.949562 0.000000
vn -0.463971 0.885850 0.000000
vn -0.463971 0.885850 0.000000
vn -0.920894 -0.389813 0.000000
vn -0.920894 -0.389813 -0.000000
vn 0.602177 -0.798362 0.000000
vn 0.602177 -0.798362 0.000000
vn 0.979172 -0.203030 0.000000
vn 0.979172 -0.203030 0.000000
vn -0.987945 -0.154802 0.000000
vn -0.987945 -0.154802 -0.000000
vn -0.995976 -0.089623 0.000000
vn -0.995976 -0.089623 -0.000000
vn 0.713128 0.701033 0.000000
vn 0.713128 0.701033 0.000000
vn -0.450195 -0.892930 0.000000
vn -0.450195 -0.892930 0.000000
vn 0.998332 0.057727 0.000000
vn 0.998332 0.057727 0.000000
vn 0.892928 -0.450200 0.000000
vn 0.892928 -0.450200 0.000000
vn -0.778141 -0.628090 0.000000
vn -0.778141 -0.628090 -0.000000
vn -0.628042 0.778179 0.000000
vn -0.628042 0.778179 0.000000
vn 0.954491 -0.298241 0.000000
vn 0.954491 -0.298241 0.000000
vn 0.154802 -0.987945 0.000000
vn 0.154802 -0.987945 0.000000
vn 0.817571 0.575827 0.000000
vn 0.817571 0.575827 0.000000
vn 0.971991 -0.235017 0.000000
vn 0.971991 -0.235017 0.000000
vn 0.359830 0.933018 -0.000000
vn 0.359830 0.933018 0.000000
vn -0.944175 0.329443 0.000000
vn -0.944175 0.329443 0.000000
vn -0.853328 0.521374 0.000000
vn -0.853328 0.521374 0.000000
vn 0.548780 0.835967 -0.000000
vn 0.548780 0.835967 0.000000
vn 0.250835 0.968030 -0.000000
vn 0.250835 0.968030 0.000000
vn -0.562194 -0.827005 0.000000
vn -0.562194 -0.827005 0.000000
vn -0.713132 0.701030 0.000000
vn -0.713132 0.701030 0.000000
vn 0.836000 0.548730 0.000000
vn 0.836000 0.548730 0.000000
vn 0.914230 -0.405197 0.000000
vn 0.914230 -0.405197 0.000000
vn 0.548725 -0.836003 0.000000
vn 0.548725 -0.836003 0.000000
vn -0.944175 -0.329443 0.000000
vn -0.944175 -0.329443 -0.000000
vn -0.615541 0.788105 0.000000
vn -0.615541 0.788105 0.000000
vn 0.219296 -0.975658 0.000000
vn 0.219296 -0.975658 0.000000
vn -0.985252 -0.171112 0.000000
vn -0.985252 -0.171112 -0.000000
vn -0.235082 0.971976 0.000000
vn -0.235082 0.971976 0.000000
vn 0.954491 0.298239 0.000000
vn 0.954491 0.298239 0.000000
vn 0.562200 -0.827001 0.000000
vn 0.562200 -0.827001 0.000000
vn -0.949562 -0.313578 0.000000
vn -0.949562 -0.313578 -0.000000
vn -0.024457 -0.999701 0.000000
vn -0.024457 -0.999701 0.000000
vn -0.389813 -0.920894 0.000000
vn -0.389813 -0.920894 0.000000
vn 0.985252 0.171111 0.000000
vn 0.985252 0.171111 0.000000
vn -0.932992 -0.359898 0.000000
vn -0.932992 -0.359898 -0.000000
vn 0.589079 0.808076 -0.000000
vn 0.589079 0.808076 0.000000
vn -0.154802 -0.987945 0.000000
vn -0.154802 -0.987945 0.000000
vn 0.008148 0.999967 -0.000000
vn 0.008148 0.999967 0.000000
vn 0.186832 -0.982392 0.000000
vn 0.186832 -0.982392 0.000000
vn -0.701209 0.712956 0.000000
vn -0.701209 0.712956 0.000000
vn 0.907341 0.420395 0.000000
vn 0.907341 0.420395 0.000000
vn -0.862073 -0.506784 0.000000
vn -0.862073 -0.506784 -0.000000
vn -0.892930 -0.450195 0.000000
vn -0.892930 -0.450195 -0.000000
vn 0.521068 0.853515 -0.000000
vn 0.521068 0.853515 0.000000
vn 0.975657 -0.219303 0.000000
vn 0.975657 -0.219303 0.000000
vn -0.827001 0.562200 0.000000
vn -0.827001 0.562200 0.000000
vn -0.926829 -0.375484 0.000000
vn -0.926829 -0.375484 -0.000000
vn 0.329261 0.944239 -0.000000
vn 0.329261 0.944239 0.000000
vn 0.689410 0.724371 -0.000000
vn 0.689410 0.724371 0.000000
vn 0.405197 -0.914230 0.000000
vn 0.405197 -0.914230 0.000000
vn -0.853328 -0.521374 0.000000
vn -0.853328 -0.521374 -0.000000
vn -0.746365 -0.665537 0.000000
vn -0.746365 -0.665537 -0.000000
vn 0.615538 0.788107 -0.000000
vn 0.615538 0.788107 0.000000
vn 0.892926 0.450203 0.000000
vn 0.892926 0.450203 0.000000
vn -0.122277 -0.992496 0.000000
vn -0.122277 -0.992496 0.000000
vn -0.589082 0.808074 0.000000
vn -0.589082 0.808074 0.000000
vn 0.735373 -0.677662 0.000000
vn 0.735373 -0.677662 0.000000
vn 0.885991 0.463702 0.000000
vn 0.885991 0.463702 0.000000
vn 0.535020 0.844839 -0.000000
vn 0.535020 0.844839 0.000000
vn 0.877977 -0.478703 0.000000
vn 0.877977 -0.478703 0.000000
vn 0.562293 0.826938 -0.000000
vn 0.562293 0.826938 0.000000
vn -0.138481 -0.990365 0.000000
vn -0.138481 -0.990365 0.000000
vn -0.282422 0.959290 0.000000
vn -0.282422 0.959290 0.000000
vn 0.266717 0.963775 -0.000000
vn 0.266717 0.963775 0.000000
vn 0.203099 0.979158 -0.000000
vn 0.203099 0.979158 0.000000
vn 0.999967 0.008144 0.000000
vn 0.999967 0.008144 0.000000
vn 0.521374 -0.853328 0.000000
vn 0.521374 -0.853328 0.000000
vn -0.954493 0.298233 0.000000
vn -0.954493 0.298233 0.000000
vn 0.827001 0.562200 0.000000
vn 0.827001 0.562200 0.000000
vn 0.982392 -0.186832 0.000000
vn 0.982392 -0.186832 0.000000
vn 0.798370 -0.602167 0.000000
vn 0.798370 -0.602167 0.000000
vn 0.313578 -0.949562 0.000000
vn 0.313578 -0.949562 0.000000
vn -0.329261 0.944239 0.000000
vn -0.329261 0.944239 0.000000
vn 0.420388 -0.907345 0.000000
vn 0.420388 -0.907345 0.000000
vn 0.420225 0.907420 -0.000000
vn 0.420225 0.907420 0.000000
vn 0.746365 -0.665537 0.000000
vn 0.746365 -0.665537 0.000000
vn 0.235082 0.971976 -0.000000
vn 0.235082 0.971976 0.000000
vn 0.665543 -0.746359 0.000000
vn 0.665543 -0.746359 0.000000
vn 0.359898 -0.932992 0.000000
vn 0.359898 -0.932992 0.000000
vn 0.963897 -0.266274 0.000000
vn 0.963897 -0.266274 0.000000
vn -0.521068 0.853515 0.000000
vn -0.521068 0.853515 0.000000
vn 0.122481 0.992471 -0.000000
vn 0.122481 0.992471 0.000000
vn 0.963897 0.266276 0.000000
vn 0.963897 0.266276 0.000000
vn 0.628039 0.778182 -0.000000
vn 0.628039 0.778182 0.000000
vn -0.106625 -0.994299 0.000000
vn -0.106625 -0.994299 0.000000
vn -0.808240 -0.588853 0.000000
vn -0.808240 -0.588853 -0.000000
vn -0.449764 0.893148 0.000000
vn -0.449764 0.893148 0.000000
vn 0.171112 -0.985252 0.000000
vn 0.171112 -0.985252 0.000000
vn 0.575832 -0.817568 0.000000
vn 0.575832 -0.817568 0.000000
vn 0.862073 -0.506784 0.000000
vn 0.862073 -0.506784 0.000000
vn 0.994299 -0.106631 0.000000
vn 0.994299 -0.106631 0.000000
vn 0.998332 -0.057728 0.000000
vn 0.998332 -0.057728 0.000000
vn 0.992496 -0.122277 0.000000
vn 0.992496 -0.122277 0.000000
vn 0.990366 -0.138474 0.000000
vn 0.990366 -0.138474 0.000000
vn -0.869995 0.493060 0.000000
vn -0.869995 0.493060 0.000000
vn -0.008148 0.999967 0.000000
vn -0.008148 0.999967 0.000000
vn 0.575780 0.817605 -0.000000
vn 0.575780 0.817605 0.000000
vn 0.390464 0.920618 -0.000000
vn 0.390464 0.920618 0.000000
vn -0.877974 0.478709 0.000000
vn -0.877974 0.478709 0.000000
vn 0.844780 -0.535114 0.000000
vn 0.844780 -0.535114 0.000000
vn -0.266717 0.963775 0.000000
vn -0.266717 0.963775 0.000000
vn 0.926829 -0.375484 0.000000
vn 0.926829 -0.375484 0.000000
vn 0.959289 0.282425 0.000000
vn 0.959289 0.282425 0.000000
vn 0.862073 0.506784 0.000000
vn 0.862073 0.506784 0.000000
vn -0.602171 -0.798367 0.000000
vn -0.602171 -0.798367 0.000000
vn 0.057253 0.998360 -0.000000
vn 0.057253 0.998360 0.000000
vn -0.665537 0.746365 0.000000
vn -0.665537 0.746365 0.000000
vn 0.853334 -0.521365 0.000000
vn 0.853334 -0.521365 0.000000
vn 0.757476 0.652863 0.000000
vn 0.757476 0.652863 0.000000
vn -0.778144 0.628086 0.000000
vn -0.778144 0.628086 0.000000
vn -0.767719 0.640787 0.000000
vn -0.767719 0.640787 0.000000
vn -0.219296 -0.975658 0.000000
vn -0.219296 -0.975658 0.000000
vn 0.920892 -0.389819 0.000000
vn 0.920892 -0.389819 0.000000
vn 0.298238 0.954492 -0.000000
vn 0.298238 0.954492 0.000000
vn 0.798366 0.602173 0.000000
vn 0.798366 0.602173 0.000000
vn 0.971991 0.235019 0.000000
vn 0.971991 0.235019 0.000000
vn -0.359830 0.933018 0.000000
vn -0.359830 0.933018 0.000000
vn -0.375137 0.926969 0.000000
vn -0.375137 0.926969 0.000000
vn 0.588850 -0.808242 0.000000
vn 0.588850 -0.808242 0.000000
vn -0.979170 0.203043 0.000000
vn -0.979170 0.203043 0.000000
vn -0.788108 -0.615537 0.000000
vn -0.788108 -0.615537 -0.000000
vn 0.329443 -0.944175 0.000000
vn 0.329443 -0.944175 0.000000
vn 0.778144 -0.628086 0.000000
vn 0.778144 -0.628086 0.000000
vn 0.967948 -0.251150 0.000000
vn 0.967948 -0.251150 0.000000
vn 0.507141 0.861863 -0.000000
vn 0.507141 0.861863 0.000000
vn -0.975659 0.219295 0.000000
vn -0.975659 0.219295 0.000000
vn 0.187092 0.982342 -0.000000
vn 0.187092 0.982342 0.000000
vn 0.434892 0.900482 -0.000000
vn 0.434892 0.900482 0.000000
vn 0.900591 -0.434666 0.000000
vn 0.900591 -0.434666 0.000000
vn 0.374898 0.927066 -0.000000
vn 0.374898 0.927066 0.000000
vn 0.640546 0.767920 -0.000000
vn 0.640546 0.767920 0.000000
vn 0.869991 -0.493067 0.000000
vn 0.869991 -0.493067 0.000000
vn 0.478609 0.878028 -0.000000
vn 0.478609 0.878028 0.000000
vn 0.885989 -0.463707 0.000000
vn 0.885989 -0.463707 0.000000
vn 0.967949 0.251149 0.000000
vn 0.967949 0.251149 0.000000
vn -0.900586 0.434677 0.000000
vn -0.900586 0.434677 0.000000
vn 0.463966 0.885853 -0.000000
vn 0.463966 0.885853 0.000000
vn 0.000000 -1.000000 0.000000
vn 0.000000 -1.000000 0.000000
vn 1.000000 -0.000000 0.000000
vn 1.000000 0.000000 0.000000
vn -1.000000 -0.000000 0.000000
vn -1.000000 0.000000 0.000000
vn 0.000000 0.000000 -1.000000
vn 0.000000 -0.000000 -1.000000
vn 0.000000 0.000000 -1.000000
vn 0.000000 -0.000000 -1.000000
vn 0.000000 0.000000 -1.000000
vn 0.000000 -0.000000 -1.000000
vn 0.000000 0.000000 -1.000000
vn 0.000000 -0.000000 -1.000000
vn 0.000000 0.000000 -1.000000
vn 0.000000 -0.000000 -1.000000
vn 0.000000 0.000000 -1.000000
vn 0.000000 -0.000000 -1.000000
vn 0.000000 0.000000 -1.000000
vn 0.000000 -0.000000 -1.000000
vn 0.000000 0.000000 -1.000000
vn 0.000000 -0.000000 -1.000000
vn 0.000000 0.000000 -1.000000
vn 0.000000 0.000000 -1.000000
vn 0.000000 0.000000 -1.000000
vn 0.000000 0.000000 -1.000000
vn 0.000000 0.000000 -1.000000
vn 0.000000 0.000000 -1.000000
vn 0.000000 0.000000 -1.000000
vn 0.000000 0.000000 -1.000000
vn 0.000000 0.000000 -1.000000
vn 0.000000 0.000000 -1.000000
vn 0.000000 0.000000 -1.000000
vn 0.000000 0.000000 -1.000000
vn 0.000000 0.000000 -1.000000
vn 0.000000 0.000000 -1.000000
vn 0.000000 0.000000 -1.000000
vn 0.000000 0.000000 -1.000000
vn 0.000000 0.000000 -1.000000
vn 0.000000 0.000000 -1.000000
vn 0.000000 0.000000 -1.000000
vn 0.000000 0.000000 -1.000000
vn 0.000000 0.000000 -1.000000
vn 0.000000 0.000000 -1.000000
vn 0.000000 0.000000 -1.000000
vn 0.000000 0.000000 -1.000000
vn 0.000000 0.000000 -1.000000
vn 0.000000 0.000000 -1.000000
vn 0.000000 0.000000 -1.000000
vn 0.000000 0.000000 -1.000000
vn 0.000000 0.000000 -1.000000
vn 0.000000 0.000000 -1.000000
vn 0.000000 0.000000 -1.000000
vn 0.000000 0.000000 -1.000000
vn 0.000000 0.000000 -1.000000
vn 0.000000 0.000000 -1.000000
vn 0.000000 0.000000 -1.000000
vn 0.000000 0.000000 -1.000000
vn 0.000000 0.000000 -1.000000
vn 0.000000 0.000000 -1.000000
vn 0.000000 0.000000 -1.000000
vn 0.000000 0.000000 -1.000000
vn 0.000000 0.000000 -1.000000
vn 0.000000 0.000000 -1.000000
vn 0.000000 0.000000 -1.000000
vn 0.000000 0.000000 -1.000000
vn 0.000000 0.000000 -1.000000
vn 0.000000 0.000000 -1.000000
vn 0.000000 0.000000 -1.000000
vn 0.000000 0.000000 -1.000000
vn 0.000000 0.000000 -1.000000
vn 0.000000 0.000000 -1.000000
vn 0.000000 -0.000000 -1.000000
vn 0.000000 -0.000000 -1.000000
vn 0.000000 -0.000000 -1.000000
vn 0.000000 0.000000 -1.000000
vn 0.000000 -0.000000 -1.000000
vn 0.000000 0.000000 -1.000000
vn 0.000000 -0.000000 -1.000000
vn -0.000000 -0.000000 -1.000000
vn 0.000000 0.000000 -1.000000
vn 0.000000 -0.000000 -1.000000
vn 0.000000 0.000000 -1.000000
vn 0.000000 -0.000000 -1.000000
vn 0.000000 -0.000000 -1.000000
vn 0.000000 0.000000 -1.000000
vn 0.000000 0.000000 -1.000000
vn 0.000000 0.000000 -1.000000
vn 0.000000 0.000000 -1.000000
vn 0.000000 0.000000 -1.000000
vn 0.000000 0.000000 -1.000000
vn 0.000000 0.000000 -1.000000
vn 0.000000 0.000000 -1.000000
vn 0.000000 -0.000000 -1.000000
vn -0.000000 -0.000000 -1.000000
vn -0.000000 -0.000000 -1.000000
vn -0.000000 -0.000000 -1.000000
vn -0.000000 -0.000000 -1.000000
vn 0.000000 0.000000 -1.000000
vn 0.000000 0.000000 -1.000000
vn 0.000000 -0.000000 -1.000000
vn 0.000000 -0.000000 -1.000000
vn 0.000000 -0.000000 -1.000000
vn 0.000000 -0.000000 -1.000000
vn 0.000000 -0.000000 -1.000000
vn 0.000000 -0.000000 -1.000000
vn 0.000000 -0.000000 -1.000000
vn 0.000000 -0.000000 -1.000000
vn 0.000000 -0.000000 -1.000000
vn 0.000000 -0.000000 -1.000000
vn 0.000000 0.000000 -1.000000
vn 0.000000 0.000000 -1.000000
vn 0.000000 0.000000 -1.000000
vn 0.000000 0.000000 -1.000000
vn 0.000000 0.000000 -1.000000
vn 0.000000 0.000000 -1.000000
vn 0.000000 0.000000 -1.000000
vn 0.000000 0.000000 -1.000000
vn 0.000000 0.000000 -1.000000
vn 0.000000 0.000000 -1.000000
vn 0.000000 0.000000 -1.000000
vn 0.000000 0.000000 -1.000000
vn 0.000000 0.000000 -1.000000
vn 0.000000 0.000000 -1.000000
vn 0.000000 0.000000 -1.000000
vn 0.000000 0.000000 -1.000000
vn 0.000000 0.000000 -1.000000
vn 0.000000 -0.000000 -1.000000
vn 0.000000 0.000000 -1.000000
vn 0.000000 0.000000 -1.000000
vn 0.000000 0.000000 -1.000000
vn 0.000000 -0.000000 -1.000000
vn 0.000000 0.000000 -1.000000
vn 0.000000 0.000000 -1.000000
vn 0.000000 0.000000 -1.000000
vn 0.000000 0.000000 -1.000000
vn 0.000000 0.000000 -1.000000
vn 0.000000 0.000000 -1.000000
vn 0.000000 0.000000 -1.000000
vn 0.000000 0.000000 -1.000000
vn 0.000000 0.000000 -1.000000
vn 0.000000 0.000000 -1.000000
vn 0.000000 0.000000 -1.000000
vn 0.000000 0.000000 -1.000000
vn 0.000000 0.000000 -1.000000
vn 0.000000 0.000000 -1.000000
vn 0.000000 0.000000 -1.000000
vn 0.000000 0.000000 -1.000000
vn 0.000000 0.000000 -1.000000
vn 0.000000 0.000000 -1.000000
vn 0.000000 0.000000 -1.000000
vn 0.000000 0.000000 -1.000000
vn 0.000000 0.000000 -1.000000
vn 0.000000 0.000000 -1.000000
vn 0.000000 0.000000 -1.000000
vn 0.000000 0.000000 -1.000000
vn 0.000000 0.000000 -1.000000
vn 0.000000 0.000000 -1.000000
vn 0.000000 0.000000 -1.000000
vn 0.000000 0.000000 -1.000000
vn 0.000000 0.000000 -1.000000
vn 0.000000 0.000000 -1.000000
vn 0.000000 0.000000 -1.000000
vn 0.000000 0.000000 -1.000000
vn 0.000000 0.000000 -1.000000
vn 0.000000 0.000000 -1.000000
vn 0.000000 0.000000 -1.000000
vn 0.000000 0.000000 -1.000000
vn 0.000000 0.000000 -1.000000
vn 0.000000 0.000000 -1.000000
vn 0.000000 0.000000 -1.000000
vn 0.000000 0.000000 -1.000000
vn 0.000000 0.000000 -1.000000
vn 0.000000 -0.000000 -1.000000
vn 0.000000 -0.000000 -1.000000
vn 0.000000 -0.000000 -1.000000
vn 0.000000 -0.000000 -1.000000
vn 0.000000 0.000000 -1.000000
vn 0.000000 0.000000 -1.000000
vn 0.000000 0.000000 -1.000000
vn 0.000000 0.000000 -1.000000
vn 0.000000 0.000000 -1.000000
vn 0.000000 0.000000 -1.000000
vn 0.000000 0.000000 -1.000000
vn 0.000000 0.000000 1.000000
vn 0.000000 0.000000 1.000000
vn 0.000000 0.000000 1.000000
vn 0.000000 0.000000 1.000000
vn 0.000000 0.000000 1.000000
vn 0.000000 0.000000 1.000000
vn 0.000000 0.000000 1.000000
vn 0.000000 0.000000 1.000000
vn 0.000000 0.000000 1.000000
vn 0.000000 0.000000 1.000000
vn 0.000000 0.000000 1.000000
vn 0.000000 0.000000 1.000000
vn 0.000000 0.000000 1.000000
vn 0.000000 0.000000 1.000000
vn 0.000000 0.000000 1.000000
vn 0.000000 0.000000 1.000000
vn 0.000000 0.000000 1.000000
vn 0.000000 0.000000 1.000000
vn 0.000000 0.000000 1.000000
vn 0.000000 0.000000 1.000000
vn 0.000000 0.000000 1.000000
vn 0.000000 0.000000 1.000000
vn 0.000000 0.000000 1.000000
vn 0.000000 0.000000 1.000000
vn 0.000000 0.000000 1.000000
vn 0.000000 0.000000 1.000000
vn 0.000000 0.000000 1.000000
vn 0.000000 0.000000 1.000000
vn 0.000000 0.000000 1.000000
vn 0.000000 0.000000 1.000000
vn 0.000000 0.000000 1.000000
vn 0.000000 0.000000 1.000000
vn 0.000000 0.000000 1.000000
vn 0.000000 0.000000 1.000000
vn 0.000000 0.000000 1.000000
vn 0.000000 0.000000 1.000000
vn 0.000000 0.000000 1.000000
vn 0.000000 0.000000 1.000000
vn 0.000000 0.000000 1.000000
vn 0.000000 0.000000 1.000000
vn 0.000000 0.000000 1.000000
vn 0.000000 0.000000 1.000000
vn 0.000000 0.000000 1.000000
vn 0.000000 0.000000 1.000000
vn 0.000000 0.000000 1.000000
vn 0.000000 0.000000 1.000000
vn 0.000000 0.000000 1.000000
vn 0.000000 0.000000 1.000000
vn 0.000000 0.000000 1.000000
vn 0.000000 0.000000 1.000000
vn 0.000000 0.000000 1.000000
vn 0.000000 0.000000 1.000000
vn 0.000000 0.000000 1.000000
vn 0.000000 0.000000 1.000000
vn 0.000000 0.000000 1.000000
vn 0.000000 0.000000 1.000000
vn 0.000000 0.000000 1.000000
vn 0.000000 0.000000 1.000000
vn 0.000000 0.000000 1.000000
vn 0.000000 0.000000 1.000000
vn 0.000000 0.000000 1.000000
vn 0.000000 0.000000 1.000000
vn 0.000000 0.000000 1.000000
vn 0.000000 0.000000 1.000000
vn 0.000000 0.000000 1.000000
vn 0.000000 0.000000 1.000000
vn 0.000000 0.000000 1.000000
vn 0.000000 0.000000 1.000000
vn 0.000000 0.000000 1.000000
vn 0.000000 0.000000 1.000000
vn 0.000000 0.000000 1.000000
vn 0.000000 0.000000 1.000000
vn 0.000000 0.000000 1.000000
vn 0.000000 0.000000 1.000000
vn 0.000000 0.000000 1.000000
vn 0.000000 0.000000 1.000000
vn 0.000000 0.000000 1.000000
vn 0.000000 0.000000 1.000000
vn 0.000000 0.000000 1.000000
vn 0.000000 0.000000 1.000000
vn 0.000000 0.000000 1.000000
vn 0.000000 0.000000 1.000000
vn 0.000000 0.000000 1.000000
vn 0.000000 0.000000 1.000000
vn 0.000000 0.000000 1.000000
vn 0.000000 0.000000 1.000000
vn 0.000000 0.000000 1.000000
vn 0.000000 0.000000 1.000000
vn 0.000000 0.000000 1.000000
vn 0.000000 0.000000 1.000000
vn 0.000000 0.000000 1.000000
vn 0.000000 0.000000 1.000000
vn 0.000000 0.000000 1.000000
vn 0.000000 0.000000 1.000000
vn 0.000000 0.000000 1.000000
vn 0.000000 0.000000 1.000000
vn 0.000000 0.000000 1.000000
vn 0.000000 0.000000 1.000000
vn 0.000000 0.000000 1.000000
vn 0.000000 0.000000 1.000000
vn 0.000000 0.000000 1.000000
vn 0.000000 0.000000 1.000000
vn 0.000000 0.000000 1.000000
vn 0.000000 0.000000 1.000000
vn 0.000000 0.000000 1.000000
vn 0.000000 0.000000 1.000000
vn 0.000000 0.000000 1.000000
vn 0.000000 0.000000 1.000000
vn 0.000000 0.000000 1.000000
vn 0.000000 0.000000 1.000000
vn 0.000000 0.000000 1.000000
vn 0.000000 0.000000 1.000000
vn 0.000000 0.000000 1.000000
vn 0.000000 0.000000 1.000000
vn 0.000000 0.000000 1.000000
vn 0.000000 0.000000 1.000000
vn 0.000000 0.000000 1.000000
vn 0.000000 0.000000 1.000000
vn 0.000000 0.000000 1.000000
vn 0.000000 0.000000 1.000000
vn 0.000000 0.000000 1.000000
vn 0.000000 0.000000 1.000000
vn 0.000000 0.000000 1.000000
vn 0.000000 0.000000 1.000000
vn 0.000000 0.000000 1.000000
vn 0.000000 0.000000 1.000000
vn 0.000000 0.000000 1.000000
vn 0.000000 0.000000 1.000000
vn 0.000000 0.000000 1.000000
vn 0.000000 0.000000 1.000000
vn 0.000000 0.000000 1.000000
vn 0.000000 0.000000 1.000000
vn 0.000000 0.000000 1.000000
vn 0.000000 0.000000 1.000000
vn 0.000000 0.000000 1.000000
vn 0.000000 0.000000 1.000000
vn 0.000000 0.000000 1.000000
vn 0.000000 0.000000 1.000000
vn 0.000000 0.000000 1.000000
vn 0.000000 0.000000 1.000000
vn 0.000000 0.000000 1.000000
vn 0.000000 0.000000 1.000000
vn 0.000000 0.000000 1.000000
vn 0.000000 0.000000 1.000000
vn 0.000000 0.000000 1.000000
vn 0.000000 0.000000 1.000000
vn 0.000000 0.000000 1.000000
vn 0.000000 0.000000 1.000000
vn 0.000000 0.000000 1.000000
vn 0.000000 0.000000 1.000000
vn 0.000000 0.000000 1.000000
vn 0.000000 0.000000 1.000000
vn 0.000000 0.000000 1.000000
vn 0.000000 0.000000 1.000000
vn 0.000000 0.000000 1.000000
vn 0.000000 0.000000 1.000000
vn 0.000000 0.000000 1.000000
vn 0.000000 0.000000 1.000000
vn 0.000000 0.000000 1.000000
vn 0.000000 0.000000 1.000000
vn 0.000000 0.000000 1.000000
vn 0.000000 0.000000 1.000000
vn 0.000000 0.000000 1.000000
vn 0.000000 0.000000 1.000000
vn 0.000000 0.000000 1.000000
vn 0.000000 0.000000 1.000000
vn 0.000000 0.000000 1.000000
vn 0.000000 0.000000 1.000000
vn 0.000000 0.000000 1.000000
vn 0.000000 0.000000 1.000000
vn 0.000000 0.000000 1.000000
vn 0.000000 0.000000 1.000000
vn 0.000000 0.000000 1.000000
vn 0.000000 0.000000 1.000000
vn 0.000000 0.000000 1.000000
vn 0.000000 0.000000 1.000000
vn 0.000000 0.000000 1.000000
vn 0.000000 0.000000 1.000000
vn 0.000000 1.000000 0.000000
vn 0.000000 1.000000 -0.000000
vn 0.074736 0.997203 -0.000000
vn 0.074736 0.997203 0.000000
vn 0.222509 0.974931 0.000000
vn 0.222509 0.974931 -0.000000
vn 0.365351 0.930870 0.000000
vn 0.365351 0.930870 -0.000000
vn 0.499996 0.866028 0.000000
vn 0.499996 0.866028 -0.000000
vn 0.623487 0.781834 0.000000
vn 0.623487 0.781834 -0.000000
vn 0.733057 0.680167 0.000000
vn 0.733057 0.680167 -0.000000
vn 0.826236 0.563325 0.000000
vn 0.826236 0.563325 -0.000000
vn 0.900977 0.433866 0.000000
vn 0.900977 0.433866 -0.000000
vn 0.955571 0.294761 0.000000
vn 0.955571 0.294761 -0.000000
vn 0.988829 0.149055 0.000000
vn 0.988829 0.149055 -0.000000
vn 1.000000 -0.000000 0.000000
vn 1.000000 0.000000 0.000000
vn 0.988829 -0.149055 0.000000
vn 0.988829 -0.149055 0.000000
vn 0.955571 -0.294761 0.000000
vn 0.955571 -0.294761 0.000000
vn 0.900977 -0.433866 0.000000
vn 0.900977 -0.433866 0.000000
vn 0.826236 -0.563325 0.000000
vn 0.733057 -0.680167 0.000000
vn 0.826236 -0.563325 0.000000
vn 0.733057 -0.680167 0.000000
vn 0.623487 -0.781834 0.000000
vn 0.623487 -0.781834 0.000000
vn 0.499996 -0.866028 0.000000
vn 0.499996 -0.866028 0.000000
vn 0.365351 -0.930870 0.000000
vn 0.365351 -0.930870 0.000000
vn 0.222509 -0.974931 0.000000
vn 0.222509 -0.974931 0.000000
vn 0.074736 -0.997203 0.000000
vn 0.074736 -0.997203 0.000000
vn -0.074736 -0.997203 0.000000
vn -0.074736 -0.997203 0.000000
vn -0.222509 -0.974931 0.000000
vn -0.222509 -0.974931 0.000000
vn -0.365351 -0.930870 0.000000
vn -0.365351 -0.930870 0.000000
vn -0.499996 -0.866028 0.000000
vn -0.499996 -0.866028 0.000000
vn -0.623487 -0.781834 0.000000
vn -0.623487 -0.781834 0.000000
vn -0.733057 -0.680167 0.000000
vn -0.733057 -0.680167 0.000000
vn -0.826236 -0.563325 0.000000
vn -0.826236 -0.563325 0.000000
vn -0.900977 -0.433866 0.000000
vn -0.900977 -0.433866 0.000000
vn -0.955571 -0.294761 0.000000
vn -0.955571 -0.294761 0.000000
vn -0.988829 -0.149055 -0.000000
vn -0.988829 -0.149055 0.000000
vn -1.000000 -0.000000 -0.000000
vn -1.000000 0.000000 0.000000
vn -0.988829 0.149055 0.000000
vn -0.988829 0.149055 0.000000
vn -0.955571 0.294761 0.000000
vn -0.955571 0.294761 0.000000
vn -0.900977 0.433866 0.000000
vn -0.900977 0.433866 0.000000
vn -0.826236 0.563325 0.000000
vn -0.826236 0.563325 0.000000
vn -0.733057 0.680167 0.000000
vn -0.733057 0.680167 0.000000
vn -0.623487 0.781834 0.000000
vn -0.623487 0.781834 0.000000
vn -0.499996 0.866028 0.000000
vn -0.499996 0.866028 0.000000
vn -0.365351 0.930870 0.000000
vn -0.222509 0.974931 0.000000
vn -0.365351 0.930870 0.000000
vn -0.222509 0.974931 0.000000
vn -0.074736 0.997203 0.000000
vn -0.074736 0.997203 0.000000
vn 0.074736 0.997203 -0.000000
vn 0.074736 0.997203 0.000000
vn 0.222509 0.974931 0.000000
vn 0.222509 0.974931 -0.000000
vn 0.365351 0.930870 0.000000
vn 0.365351 0.930870 -0.000000
vn 0.499996 0.866028 0.000000
vn 0.499996 0.866028 -0.000000
vn 0.623487 0.781834 0.000000
vn 0.623487 0.781834 -0.000000
vn 0.733057 0.680167 0.000000
vn 0.733057 0.680167 -0.000000
vn 0.826236 0.563325 0.000000
vn 0.826236 0.563325 -0.000000
vn 0.900977 0.433866 0.000000
vn 0.900977 0.433866 -0.000000
vn 0.955571 0.294761 0.000000
vn 0.955571 0.294761 -0.000000
vn 0.988829 0.149055 0.000000
vn 0.988829 0.149055 -0.000000
vn 1.000000 -0.000000 0.000000
vn 1.000000 0.000000 0.000000
vn 0.988829 -0.149055 0.000000
vn 0.988829 -0.149055 0.000000
vn 0.955571 -0.294761 0.000000
vn 0.955571 -0.294761 0.000000
vn 0.900977 -0.433866 0.000000
vn 0.900977 -0.433866 0.000000
vn 0.826236 -0.563325 0.000000
vn 0.733057 -0.680167 0.000000
vn 0.826236 -0.563325 0.000000
vn 0.733057 -0.680167 0.000000
vn 0.623487 -0.781834 0.000000
vn 0.623487 -0.781834 0.000000
vn 0.499996 -0.866028 0.000000
vn 0.499996 -0.866028 0.000000
vn 0.365351 -0.930870 0.000000
vn 0.365351 -0.930870 0.000000
vn 0.222509 -0.974931 0.000000
vn 0.222509 -0.974931 0.000000
vn 0.074736 -0.997203 0.000000
vn 0.074736 -0.997203 0.000000
vn -0.074736 -0.997203 0.000000
vn -0.074736 -0.997203 0.000000
vn -0.222509 -0.974931 0.000000
vn -0.222509 -0.974931 0.000000
vn -0.365351 -0.930870 0.000000
vn -0.365351 -0.930870 0.000000
vn -0.499996 -0.866028 0.000000
vn -0.499996 -0.866028 0.000000
vn -0.623487 -0.781834 0.000000
vn -0.623487 -0.781834 0.000000
vn -0.733057 -0.680167 0.000000
vn -0.733057 -0.680167 0.000000
vn -0.826236 -0.563325 0.000000
vn -0.826236 -0.563325 0.000000
vn -0.900977 -0.433866 0.000000
vn -0.900977 -0.433866 0.000000
vn -0.955571 -0.294761 0.000000
vn -0.955571 -0.294761 0.000000
vn -0.988829 -0.149055 -0.000000
vn -0.988829 -0.149055 0.000000
vn -1.000000 -0.000000 -0.000000
vn -1.000000 0.000000 0.000000
vn -0.988829 0.149055 0.000000
vn -0.988829 0.149055 0.000000
vn -0.955571 0.294761 0.000000
vn -0.955571 0.294761 0.000000
vn -0.900977 0.433866 0.000000
vn -0.900977 0.433866 0.000000
vn -0.826236 0.563325 0.000000
vn -0.826236 0.563325 0.000000
vn -0.733057 0.680167 0.000000
vn -0.733057 0.680167 0.000000
vn -0.623487 0.781834 0.000000
vn -0.623487 0.781834 0.000000
vn -0.499996 0.866028 0.000000
vn -0.499996 0.866028 0.000000
vn -0.365351 0.930870 0.000000
vn -0.222509 0.974931 0.000000
vn -0.365351 0.930870 0.000000
vn -0.222509 0.974931 0.000000
vn -0.074736 0.997203 0.000000
vn -0.074736 0.997203 0.000000
vn 0.074736 0.997203 -0.000000
vn 0.074736 0.997203 0.000000
vn 0.222509 0.974931 0.000000
vn 0.222509 0.974931 -0.000000
vn 0.365351 0.930870 0.000000
vn 0.365351 0.930870 -0.000000
vn 0.499996 0.866028 0.000000
vn 0.499996 0.866028 -0.000000
vn 0.623487 0.781834 0.000000
vn 0.623487 0.781834 -0.000000
vn 0.733057 0.680167 0.000000
vn 0.733057 0.680167 -0.000000
vn 0.826236 0.563325 0.000000
vn 0.826236 0.563325 -0.000000
vn 0.900977 0.433866 0.000000
vn 0.900977 0.433866 -0.000000
vn 0.955571 0.294761 0.000000
vn 0.955571 0.294761 -0.000000
vn 0.988829 0.149055 0.000000
vn 0.988829 0.149055 -0.000000
vn 1.000000 -0.000000 0.000000
vn 1.000000 0.000000 0.000000
vn 0.988829 -0.149055 0.000000
vn 0.988829 -0.149055 0.000000
vn 0.955571 -0.294761 0.000000
vn 0.955571 -0.294761 0.000000
vn 0.900977 -0.433866 0.000000
vn 0.900977 -0.433866 0.000000
vn 0.826236 -0.563325 0.000000
vn 0.733057 -0.680167 0.000000
vn 0.826236 -0.563325 0.000000
vn 0.733057 -0.680167 0.000000
vn 0.623487 -0.781834 0.000000
vn 0.623487 -0.781834 0.000000
vn 0.499996 -0.866028 0.000000
vn 0.499996 -0.866028 0.000000
vn 0.365351 -0.930870 0.000000
vn 0.365351 -0.930870 0.000000
vn 0.222509 -0.974931 0.000000
vn 0.222509 -0.974931 0.000000
vn 0.074736 -0.997203 0.000000
vn 0.074736 -0.997203 0.000000
vn -0.074736 -0.997203 0.000000
vn -0.074736 -0.997203 0.000000
vn -0.222509 -0.974931 0.000000
vn -0.222509 -0.974931 0.000000
vn -0.365351 -0.930870 0.000000
vn -0.365351 -0.930870 0.000000
vn -0.499996 -0.866028 0.000000
vn -0.499996 -0.866028 0.000000
vn -0.623487 -0.781834 0.000000
vn -0.623487 -0.781834 0.000000
vn -0.733057 -0.680167 0.000000
vn -0.733057 -0.680167 0.000000
vn -0.826236 -0.563325 0.000000
vn -0.826236 -0.563325 0.000000
vn -0.900977 -0.433866 0.000000
vn -0.900977 -0.433866 0.000000
vn -0.955571 -0.294761 0.000000
vn -0.955571 -0.294761 0.000000
vn -0.988829 -0.149055 -0.000000
vn -0.988829 -0.149055 0.000000
vn -1.000000 -0.000000 -0.000000
vn -1.000000 0.000000 0.000000
vn -0.988829 0.149055 0.000000
vn -0.988829 0.149055 0.000000
vn -0.955571 0.294761 0.000000
vn -0.955571 0.294761 0.000000
vn -0.900977 0.433866 0.000000
vn -0.900977 0.433866 0.000000
vn -0.826236 0.563325 0.000000
vn -0.826236 0.563325 0.000000
vn -0.733057 0.680167 0.000000
vn -0.733057 0.680167 0.000000
vn -0.623487 0.781834 0.000000
vn -0.623487 0.781834 0.000000
vn -0.499996 0.866028 0.000000
vn -0.499996 0.866028 0.000000
vn -0.365351 0.930870 0.000000
vn -0.222509 0.974931 0.000000
vn -0.365351 0.930870 0.000000
vn -0.222509 0.974931 0.000000
vn -0.074736 0.997203 0.000000
vn -0.074736 0.997203 0.000000
vn 0.074736 0.997203 -0.000000
vn 0.074736 0.997203 0.000000
vn 0.222509 0.974931 0.000000
vn 0.222509 0.974931 -0.000000
vn 0.365351 0.930870 0.000000
vn 0.365351 0.930870 -0.000000
vn 0.499996 0.866028 0.000000
vn 0.499996 0.866028 -0.000000
vn 0.623487 0.781834 0.000000
vn 0.623487 0.781834 -0.000000
vn 0.733057 0.680167 0.000000
vn 0.733057 0.680167 -0.000000
vn 0.826236 0.563325 0.000000
vn 0.826236 0.563325 -0.000000
vn 0.900977 0.433866 0.000000
vn 0.900977 0.433866 -0.000000
vn 0.955571 0.294761 0.000000
vn 0.955571 0.294761 -0.000000
vn 0.988829 0.149055 0.000000
vn 0.988829 0.149055 -0.000000
vn 1.000000 -0.000000 0.000000
vn 1.000000 0.000000 0.000000
vn 0.988829 -0.149055 0.000000
vn 0.988829 -0.149055 0.000000
vn 0.955571 -0.294761 0.000000
vn 0.955571 -0.294761 0.000000
vn 0.900977 -0.433866 0.000000
vn 0.900977 -0.433866 0.000000
vn 0.826236 -0.563325 0.000000
vn 0.733057 -0.680167 0.000000
vn 0.826236 -0.563325 0.000000
vn 0.733057 -0.680167 0.000000
vn 0.623487 -0.781834 0.000000
vn 0.623487 -0.781834 0.000000
vn 0.499996 -0.866028 0.000000
vn 0.499996 -0.866028 0.000000
vn 0.365351 -0.930870 0.000000
vn 0.365351 -0.930870 0.000000
vn 0.222509 -0.974931 0.000000
vn 0.222509 -0.974931 0.000000
vn 0.074736 -0.997203 0.000000
vn 0.074736 -0.997203 0.000000
vn -0.074736 -0.997203 0.000000
vn -0.074736 -0.997203 0.000000
vn -0.222509 -0.974931 0.000000
vn -0.222509 -0.974931 0.000000
vn -0.365351 -0.930870 0.000000
vn -0.365351 -0.930870 0.000000
vn -0.499996 -0.866028 0.000000
vn -0.499996 -0.866028 0.000000
vn -0.623487 -0.781834 0.000000
vn -0.623487 -0.781834 0.000000
vn -0.733057 -0.680167 0.000000
vn -0.733057 -0.680167 0.000000
vn -0.826236 -0.563325 0.000000
vn -0.826236 -0.563325 0.000000
vn -0.900977 -0.433866 0.000000
vn -0.900977 -0.433866 0.000000
vn -0.955571 -0.294761 0.000000
vn -0.955571 -0.294761 0.000000
vn -0.988829 -0.149055 -0.000000
vn -0.988829 -0.149055 0.000000
vn -1.000000 -0.000000 -0.000000
vn -1.000000 0.000000 0.000000
vn -0.988829 0.149055 0.000000
vn -0.988829 0.149055 0.000000
vn -0.955571 0.294761 0.000000
vn -0.955571 0.294761 0.000000
vn -0.900977 0.433866 0.000000
vn -0.900977 0.433866 0.000000
vn -0.826236 0.563325 0.000000
vn -0.826236 0.563325 0.000000
vn -0.733057 0.680167 0.000000
vn -0.733057 0.680167 0.000000
vn -0.623487 0.781834 0.000000
vn -0.623487 0.781834 0.000000
vn -0.499996 0.866028 0.000000
vn -0.499996 0.866028 0.000000
vn -0.365351 0.930870 0.000000
vn -0.222509 0.974931 0.000000
vn -0.365351 0.930870 0.000000
vn -0.222509 0.974931 0.000000
vn -0.074736 0.997203 0.000000
vn -0.074736 0.997203 0.000000
vn -1.000000 0.000000 0.000000
vn -1.000000 0.000000 0.000000
vn 1.000000 0.000000 0.000000
vn 1.000000 -0.000000 0.000000
vn 0.000000 -1.000000 0.000000
vn 0.000000 -1.000000 0.000000
vn 0.000000 1.000000 0.000000
vn 0.000000 1.000000 0.000000
vn 0.000000 0.000000 -1.000000
vn 0.000000 0.000000 -1.000000
vn 0.000000 0.000000 1.000000
vn 0.000000 0.000000 1.000000
vn -1.000000 0.000000 0.000000
vn -1.000000 0.000000 0.000000
vn 1.000000 0.000000 0.000000
vn 1.000000 -0.000000 0.000000
vn 0.000000 -1.000000 0.000000
vn 0.000000 -1.000000 0.000000
vn 0.000000 1.000000 0.000000
vn 0.000000 1.000000 0.000000
vn 0.000000 0.000000 -1.000000
vn 0.000000 0.000000 -1.000000
vn 0.000000 0.000000 1.000000
vn 0.000000 0.000000 1.000000
vn -1.000000 0.000000 0.000000
vn -1.000000 0.000000 0.000000
vn 1.000000 0.000000 0.000000
vn 1.000000 -0.000000 0.000000
vn 0.000000 -1.000000 0.000000
vn 0.000000 -1.000000 0.000000
vn 0.000000 1.000000 0.000000
vn 0.000000 1.000000 0.000000
vn 0.000000 0.000000 -1.000000
vn 0.000000 0.000000 -1.000000
vn 0.000000 0.000000 1.000000
vn 0.000000 0.000000 1.000000
vn 0.997204 0.074730 0.000000
vn 0.997204 0.074730 0.000000
vn 0.974928 0.222521 0.000000
vn 0.974928 0.222521 0.000000
vn 0.930874 0.365341 0.000000
vn 0.930874 0.365341 0.000000
vn 0.866026 0.499999 0.000000
vn 0.866026 0.499999 0.000000
vn 0.781831 0.623490 0.000000
vn 0.781831 0.623490 0.000000
vn 0.680172 0.733052 0.000000
vn 0.680172 0.733052 0.000000
vn 0.563320 0.826239 0.000000
vn 0.563320 0.826239 0.000000
vn 0.433883 0.900969 0.000000
vn 0.433883 0.900969 0.000000
vn 0.294756 0.955573 0.000000
vn 0.294756 0.955573 0.000000
vn 0.149043 0.988831 0.000000
vn 0.149043 0.988831 0.000000
vn 0.000000 1.000000 0.000000
vn -0.000000 1.000000 0.000000
vn -0.149043 0.988831 0.000000
vn -0.149043 0.988831 0.000000
vn -0.294756 0.955573 0.000000
vn -0.294756 0.955573 0.000000
vn -0.433883 0.900969 0.000000
vn -0.433883 0.900969 0.000000
vn -0.563320 0.826239 0.000000
vn -0.563320 0.826239 0.000000
vn -0.680173 0.733052 0.000000
vn -0.680173 0.733052 0.000000
vn -0.781831 0.623490 0.000000
vn -0.781831 0.623490 0.000000
vn -0.866026 0.500000 0.000000
vn -0.866026 0.500000 0.000000
vn -0.930874 0.365341 0.000000
vn -0.930874 0.365341 0.000000
vn -0.974928 0.222521 0.000000
vn -0.974928 0.222521 0.000000
vn -0.997204 0.074730 0.000000
vn -0.997204 0.074730 0.000000
vn -0.997204 -0.074730 -0.000000
vn -0.997204 -0.074730 0.000000
vn -0.974928 -0.222521 -0.000000
vn -0.930874 -0.365341 -0.000000
vn -0.974928 -0.222521 0.000000
vn -0.930874 -0.365341 -0.000000
vn -0.866025 -0.500000 -0.000000
vn -0.781831 -0.623490 -0.000000
vn -0.866025 -0.500000 0.000000
vn -0.680173 -0.733051 -0.000000
vn -0.781831 -0.623490 -0.000000
vn -0.680173 -0.733051 -0.000000
vn -0.563320 -0.826239 0.000000
vn -0.563320 -0.826239 -0.000000
vn -0.433884 -0.900969 -0.000000
vn -0.433884 -0.900969 -0.000000
vn -0.294755 -0.955573 0.000000
vn -0.294755 -0.955573 -0.000000
vn -0.149042 -0.988831 0.000000
vn -0.149042 -0.988831 -0.000000
vn -0.000000 -1.000000 0.000000
vn 0.000000 -1.000000 -0.000000
vn 0.149042 -0.988831 0.000000
vn 0.149042 -0.988831 0.000000
vn 0.294755 -0.955573 0.000000
vn 0.294755 -0.955573 0.000000
vn 0.433884 -0.900969 0.000000
vn 0.433884 -0.900969 0.000000
vn 0.563320 -0.826239 0.000000
vn 0.563320 -0.826239 0.000000
vn 0.680173 -0.733052 0.000000
vn 0.680173 -0.733052 0.000000
vn 0.781831 -0.623490 0.000000
vn 0.781831 -0.623490 0.000000
vn 0.866026 -0.499999 0.000000
vn 0.866026 -0.499999 0.000000
vn 0.930874 -0.365341 0.000000
vn 0.930874 -0.365341 0.000000
vn 0.974928 -0.222521 0.000000
vn 0.974928 -0.222521 0.000000
vn 0.997204 -0.074730 0.000000
vn 0.997204 -0.074730 0.000000
vn 0.000000 0.000000 1.000000
vn 0.000000 0.000000 1.000000
vn 0.000000 0.000000 1.000000
vn 0.000000 0.000000 1.000000
vn 0.000000 0.000000 1.000000
vn 0.000000 0.000000 1.000000
vn 0.000000 0.000000 1.000000
vn 0.000000 0.000000 1.000000
vn 0.000000 0.000000 1.000000
vn 0.000000 0.000000 1.000000
vn 0.000000 0.000000 1.000000
vn 0.000000 0.000000 1.000000
vn 0.000000 0.000000 1.000000
vn 0.000000 0.000000 1.000000
vn 0.000000 0.000000 1.000000
vn 0.000000 0.000000 1.000000
vn 0.000000 0.000000 1.000000
vn 0.000000 0.000000 1.000000
vn 0.000000 0.000000 1.000000
vn 0.000000 0.000000 1.000000
vn 0.000000 0.000000 1.000000
vn 0.000000 0.000000 1.000000
vn 0.000000 0.000000 1.000000
vn 0.000000 0.000000 1.000000
vn 0.000000 0.000000 1.000000
vn 0.000000 0.000000 1.000000
vn 0.000000 0.000000 1.000000
vn 0.000000 0.000000 1.000000
vn 0.000000 0.000000 1.000000
vn 0.000000 0.000000 1.000000
vn 0.000000 0.000000 1.000000
vn 0.000000 0.000000 1.000000
vn 0.000000 0.000000 1.000000
vn 0.000000 0.000000 1.000000
vn 0.000000 0.000000 1.000000
vn 0.000000 0.000000 1.000000
vn 0.000000 0.000000 1.000000
vn 0.000000 0.000000 1.000000
vn 0.000000 0.000000 1.000000
vn 0.000000 0.000000 1.000000
vn 0.000000 0.000000 -1.000000
vn 0.000000 0.000000 -1.000000
vn 0.000000 0.000000 -1.000000
vn 0.000000 0.000000 -1.000000
vn 0.000000 0.000000 -1.000000
vn 0.000000 0.000000 -1.000000
vn 0.000000 -0.000000 -1.000000
vn 0.000000 0.000000 -1.000000
vn 0.000000 0.000000 -1.000000
vn 0.000000 0.000000 -1.000000
vn 0.000000 0.000000 -1.000000
vn 0.000000 0.000000 -1.000000
vn 0.000000 0.000000 -1.000000
vn 0.000000 0.000000 -1.000000
vn 0.000000 0.000000 -1.000000
vn 0.000000 0.000000 -1.000000
vn 0.000000 0.000000 -1.000000
vn 0.000000 0.000000 -1.000000
vn 0.000000 -0.000000 -1.000000
vn 0.000000 0.000000 -1.000000
vn 0.000000 -0.000000 -1.000000
vn 0.000000 -0.000000 -1.000000
vn 0.000000 0.000000 -1.000000
vn 0.000000 0.000000 -1.000000
vn -0.000000 -0.000000 -1.000000
vn 0.000000 0.000000 -1.000000
vn 0.000000 0.000000 -1.000000
vn 0.000000 0.000000 -1.000000
vn 0.000000 0.000000 -1.000000
vn -0.000000 -0.000000 -1.000000
vn -0.000000 -0.000000 -1.000000
vn 0.000000 -0.000000 -1.000000
vn 0.000000 -0.000000 -1.000000
vn 0.000000 0.000000 -1.000000
vn 0.000000 0.000000 -1.000000
vn 0.000000 0.000000 -1.000000
vn 0.000000 -0.000000 -1.000000
vn 0.000000 -0.000000 -1.000000
vn -0.000000 -0.000000 -1.000000
vn 0.000000 0.000000 -1.000000
vn 0.997204 0.074730 0.000000
vn 0.997204 0.074730 0.000000
vn 0.974928 0.222521 0.000000
vn 0.974928 0.222521 0.000000
vn 0.930874 0.365341 0.000000
vn 0.930874 0.365341 0.000000
vn 0.866026 0.500000 0.000000
vn 0.866026 0.500000 0.000000
vn 0.781831 0.623490 0.000000
vn 0.781831 0.623490 0.000000
vn 0.680172 0.733052 0.000000
vn 0.680172 0.733052 0.000000
vn 0.563320 0.826239 0.000000
vn 0.563320 0.826239 0.000000
vn 0.433884 0.900969 0.000000
vn 0.433884 0.900969 0.000000
vn 0.294756 0.955573 0.000000
vn 0.294756 0.955573 0.000000
vn 0.149043 0.988831 0.000000
vn 0.149043 0.988831 0.000000
vn -0.000000 1.000000 0.000000
vn 0.000000 1.000000 0.000000
vn -0.149043 0.988831 0.000000
vn -0.149043 0.988831 0.000000
vn -0.294756 0.955573 0.000000
vn -0.294756 0.955573 0.000000
vn -0.433884 0.900969 0.000000
vn -0.433884 0.900969 0.000000
vn -0.563320 0.826239 0.000000
vn -0.563320 0.826239 0.000000
vn -0.680172 0.733052 0.000000
vn -0.680172 0.733052 0.000000
vn -0.781831 0.623490 0.000000
vn -0.781831 0.623490 0.000000
vn -0.866026 0.500000 0.000000
vn -0.930874 0.365341 0.000000
vn -0.866026 0.500000 0.000000
vn -0.974928 0.222521 0.000000
vn -0.930874 0.365341 0.000000
vn -0.974928 0.222521 0.000000
vn -0.997204 0.074730 0.000000
vn -0.997204 0.074730 0.000000
vn -0.997204 -0.074730 -0.000000
vn -0.974928 -0.222521 -0.000000
vn -0.997204 -0.074730 0.000000
vn -0.974928 -0.222521 -0.000000
vn -0.930874 -0.365341 -0.000000
vn -0.866026 -0.500000 -0.000000
vn -0.930874 -0.365341 0.000000
vn -0.781831 -0.623490 -0.000000
vn -0.866026 -0.500000 -0.000000
vn -0.781831 -0.623490 -0.000000
vn -0.680172 -0.733052 -0.000000
vn -0.680172 -0.733052 0.000000
vn -0.563321 -0.826238 -0.000000
vn -0.433884 -0.900969 -0.000000
vn -0.563321 -0.826238 0.000000
vn -0.433884 -0.900969 -0.000000
vn -0.294754 -0.955573 0.000000
vn -0.294754 -0.955573 -0.000000
vn -0.149043 -0.988831 0.000000
vn -0.149043 -0.988831 -0.000000
vn -0.000000 -1.000000 0.000000
vn 0.000000 -1.000000 -0.000000
vn 0.149043 -0.988831 0.000000
vn 0.149043 -0.988831 0.000000
vn 0.294754 -0.955573 0.000000
vn 0.294754 -0.955573 0.000000
vn 0.433884 -0.900969 0.000000
vn 0.433884 -0.900969 0.000000
vn 0.563321 -0.826238 0.000000
vn 0.563321 -0.826238 0.000000
vn 0.680172 -0.733052 0.000000
vn 0.680172 -0.733052 0.000000
vn 0.781831 -0.623490 0.000000
vn 0.781831 -0.623490 0.000000
vn 0.866026 -0.500000 0.000000
vn 0.866026 -0.500000 0.000000
vn 0.930874 -0.365341 0.000000
vn 0.930874 -0.365341 0.000000
vn 0.974928 -0.222521 0.000000
vn 0.974928 -0.222521 0.000000
vn 0.997204 -0.074730 0.000000
vn 0.997204 -0.074730 0.000000
vn 0.000000 0.000000 1.000000
vn 0.000000 0.000000 1.000000
vn 0.000000 0.000000 1.000000
vn 0.000000 0.000000 1.000000
vn 0.000000 0.000000 1.000000
vn 0.000000 0.000000 1.000000
vn 0.000000 0.000000 1.000000
vn 0.000000 0.000000 1.000000
vn 0.000000 0.000000 1.000000
vn 0.000000 0.000000 1.000000
vn 0.000000 0.000000 1.000000
vn 0.000000 0.000000 1.000000
vn 0.000000 0.000000 1.000000
vn 0.000000 0.000000 1.000000
vn 0.000000 0.000000 1.000000
vn 0.000000 0.000000 1.000000
vn 0.000000 0.000000 1.000000
vn 0.000000 0.000000 1.000000
vn 0.000000 0.000000 1.000000
vn 0.000000 0.000000 1.000000
vn 0.000000 0.000000 1.000000
vn 0.000000 0.000000 1.000000
vn 0.000000 0.000000 1.000000
vn 0.000000 0.000000 1.000000
vn 0.000000 0.000000 1.000000
vn 0.000000 0.000000 1.000000
vn 0.000000 0.000000 1.000000
vn 0.000000 0.000000 1.000000
vn 0.000000 0.000000 1.000000
vn 0.000000 0.000000 1.000000
vn 0.000000 0.000000 1.000000
vn 0.000000 0.000000 1.000000
vn 0.000000 0.000000 1.000000
vn 0.000000 0.000000 1.000000
vn 0.000000 0.000000 1.000000
vn 0.000000 0.000000 1.000000
vn 0.000000 0.000000 1.000000
vn 0.000000 0.000000 1.000000
vn 0.000000 0.000000 1.000000
vn 0.000000 0.000000 1.000000
vn 0.000000 0.000000 -1.000000
vn 0.000000 0.000000 -1.000000
vn 0.000000 0.000000 -1.000000
vn 0.000000 0.000000 -1.000000
vn 0.000000 0.000000 -1.000000
vn 0.000000 0.000000 -1.000000
vn 0.000000 0.000000 -1.000000
vn 0.000000 0.000000 -1.000000
vn 0.000000 0.000000 -1.000000
vn 0.000000 0.000000 -1.000000
vn 0.000000 0.000000 -1.000000
vn 0.000000 0.000000 -1.000000
vn 0.000000 0.000000 -1.000000
vn 0.000000 0.000000 -1.000000
vn 0.000000 -0.000000 -1.000000
vn 0.000000 -0.000000 -1.000000
vn 0.000000 -0.000000 -1.000000
vn 0.000000 -0.000000 -1.000000
vn 0.000000 -0.000000 -1.000000
vn 0.000000 -0.000000 -1.000000
vn 0.000000 0.000000 -1.000000
vn 0.000000 0.000000 -1.000000
vn 0.000000 -0.000000 -1.000000
vn 0.000000 0.000000 -1.000000
vn 0.000000 -0.000000 -1.000000
vn 0.000000 0.000000 -1.000000
vn 0.000000 0.000000 -1.000000
vn 0.000000 0.000000 -1.000000
vn 0.000000 0.000000 -1.000000
vn -0.000000 -0.000000 -1.000000
vn 0.000000 0.000000 -1.000000
vn 0.000000 0.000000 -1.000000
vn 0.000000 0.000000 -1.000000
vn 0.000000 0.000000 -1.000000
vn 0.000000 -0.000000 -1.000000
vn 0.000000 -0.000000 -1.000000
vn -0.000000 -0.000000 -1.000000
vn -0.000000 -0.000000 -1.000000
vn -0.000000 -0.000000 -1.000000
vn 0.000000 0.000000 -1.000000
vn -1.000000 0.000000 0.000000
vn -1.000000 0.000000 0.000000
vn 1.000000 0.000000 0.000000
vn 1.000000 -0.000000 0.000000
vn 0.000000 -1.000000 0.000000
vn 0.000000 -1.000000 0.000000
vn 0.000000 1.000000 0.000000
vn 0.000000 1.000000 0.000000
vn 0.000000 0.000000 -1.000000
vn 0.000000 0.000000 -1.000000
vn 0.000000 0.000000 1.000000
vn 0.000000 0.000000 1.000000
vn -1.000000 0.000000 0.000000
vn -1.000000 0.000000 0.000000
vn 1.000000 0.000000 0.000000
vn 1.000000 -0.000000 0.000000
vn 0.000000 -1.000000 0.000000
vn 0.000000 -1.000000 0.000000
vn 0.000000 1.000000 0.000000
vn 0.000000 1.000000 0.000000
vn 0.000000 0.000000 -1.000000
vn 0.000000 0.000000 -1.000000
vn 0.000000 0.000000 1.000000
vn 0.000000 0.000000 1.000000
vn 0.997204 0.074730 0.000000
vn 0.997204 0.074730 0.000000
vn 0.974928 0.222521 0.000000
vn 0.974928 0.222521 0.000000
vn 0.930874 0.365341 0.000000
vn 0.930874 0.365341 0.000000
vn 0.866026 0.499999 0.000000
vn 0.866026 0.499999 0.000000
vn 0.781831 0.623490 0.000000
vn 0.781831 0.623490 0.000000
vn 0.680172 0.733052 0.000000
vn 0.680172 0.733052 0.000000
vn 0.563320 0.826239 0.000000
vn 0.563320 0.826239 0.000000
vn 0.433883 0.900969 0.000000
vn 0.433883 0.900969 0.000000
vn 0.294756 0.955573 0.000000
vn 0.294756 0.955573 0.000000
vn 0.149043 0.988831 0.000000
vn 0.149043 0.988831 0.000000
vn -0.000000 1.000000 0.000000
vn 0.000000 1.000000 0.000000
vn -0.149043 0.988831 0.000000
vn -0.149043 0.988831 0.000000
vn -0.294756 0.955573 0.000000
vn -0.294756 0.955573 0.000000
vn -0.433883 0.900969 0.000000
vn -0.433883 0.900969 0.000000
vn -0.563320 0.826239 0.000000
vn -0.563320 0.826239 0.000000
vn -0.680173 0.733052 0.000000
vn -0.680173 0.733052 0.000000
vn -0.781831 0.623490 0.000000
vn -0.781831 0.623490 0.000000
vn -0.866026 0.500000 0.000000
vn -0.866026 0.500000 0.000000
vn -0.930874 0.365341 0.000000
vn -0.930874 0.365341 0.000000
vn -0.974928 0.222521 0.000000
vn -0.974928 0.222521 0.000000
vn -0.997204 0.074730 0.000000
vn -0.997204 0.074730 0.000000
vn -0.997204 -0.074730 -0.000000
vn -0.997204 -0.074730 0.000000
vn -0.974928 -0.222521 -0.000000
vn -0.974928 -0.222521 0.000000
vn -0.930874 -0.365341 -0.000000
vn -0.930874 -0.365341 0.000000
vn -0.866025 -0.500000 -0.000000
vn -0.866025 -0.500000 0.000000
vn -0.781831 -0.623490 -0.000000
vn -0.680173 -0.733051 -0.000000
vn -0.781831 -0.623490 0.000000
vn -0.680173 -0.733051 -0.000000
vn -0.563320 -0.826239 0.000000
vn -0.563320 -0.826239 -0.000000
vn -0.433884 -0.900969 -0.000000
vn -0.433884 -0.900969 -0.000000
vn -0.294755 -0.955573 0.000000
vn -0.294755 -0.955573 -0.000000
vn -0.149042 -0.988831 0.000000
vn -0.149042 -0.988831 -0.000000
vn 0.000000 -1.000000 0.000000
vn -0.000000 -1.000000 -0.000000
vn 0.149042 -0.988831 0.000000
vn 0.149042 -0.988831 0.000000
vn 0.294755 -0.955573 0.000000
vn 0.294755 -0.955573 0.000000
vn 0.433884 -0.900969 0.000000
vn 0.433884 -0.900969 0.000000
vn 0.563320 -0.826239 0.000000
vn 0.563320 -0.826239 0.000000
vn 0.680173 -0.733052 0.000000
vn 0.680173 -0.733052 0.000000
vn 0.781831 -0.623490 0.000000
vn 0.781831 -0.623490 0.000000
vn 0.866026 -0.499999 0.000000
vn 0.866026 -0.499999 0.000000
vn 0.930874 -0.365341 0.000000
vn 0.930874 -0.365341 0.000000
vn 0.974928 -0.222521 0.000000
vn 0.974928 -0.222521 0.000000
vn 0.997204 -0.074730 0.000000
vn 0.997204 -0.074730 0.000000
vn 0.000000 0.000000 1.000000
vn 0.000000 0.000000 1.000000
vn 0.000000 0.000000 1.000000
vn 0.000000 0.000000 1.000000
vn 0.000000 0.000000 1.000000
vn 0.000000 0.000000 1.000000
vn 0.000000 0.000000 1.000000
vn 0.000000 0.000000 1.000000
vn 0.000000 0.000000 1.000000
vn 0.000000 0.000000 1.000000
vn 0.000000 0.000000 1.000000
vn 0.000000 0.000000 1.000000
vn 0.000000 0.000000 1.000000
vn 0.000000 0.000000 1.000000
vn 0.000000 0.000000 1.000000
vn 0.000000 0.000000 1.000000
vn 0.000000 0.000000 1.000000
vn 0.000000 0.000000 1.000000
vn 0.000000 0.000000 1.000000
vn 0.000000 0.000000 1.000000
vn 0.000000 0.000000 1.000000
vn 0.000000 0.000000 1.000000
vn 0.000000 0.000000 1.000000
vn 0.000000 0.000000 1.000000
vn 0.000000 0.000000 1.000000
vn 0.000000 0.000000 1.000000
vn 0.000000 0.000000 1.000000
vn 0.000000 0.000000 1.000000
vn 0.000000 0.000000 1.000000
vn 0.000000 0.000000 1.000000
vn 0.000000 0.000000 1.000000
vn 0.000000 0.000000 1.000000
vn 0.000000 0.000000 1.000000
vn 0.000000 0.000000 1.000000
vn 0.000000 0.000000 1.000000
vn 0.000000 0.000000 1.000000
vn 0.000000 0.000000 1.000000
vn 0.000000 0.000000 1.000000
vn 0.000000 0.000000 1.000000
vn 0.000000 0.000000 1.000000
vn 0.000000 0.000000 -1.000000
vn 0.000000 0.000000 -1.000000
vn 0.000000 0.000000 -1.000000
vn 0.000000 0.000000 -1.000000
vn 0.000000 0.000000 -1.000000
vn 0.000000 0.000000 -1.000000
vn 0.000000 -0.000000 -1.000000
vn 0.000000 0.000000 -1.000000
vn 0.000000 0.000000 -1.000000
vn 0.000000 0.000000 -1.000000
vn 0.000000 0.000000 -1.000000
vn 0.000000 0.000000 -1.000000
vn 0.000000 0.000000 -1.000000
vn 0.000000 0.000000 -1.000000
vn 0.000000 0.000000 -1.000000
vn 0.000000 0.000000 -1.000000
vn 0.000000 0.000000 -1.000000
vn 0.000000 0.000000 -1.000000
vn 0.000000 -0.000000 -1.000000
vn 0.000000 0.000000 -1.000000
vn 0.000000 -0.000000 -1.000000
vn 0.000000 -0.000000 -1.000000
vn 0.000000 0.000000 -1.000000
vn 0.000000 0.000000 -1.000000
vn -0.000000 -0.000000 -1.000000
vn 0.000000 0.000000 -1.000000
vn 0.000000 0.000000 -1.000000
vn 0.000000 0.000000 -1.000000
vn 0.000000 0.000000 -1.000000
vn -0.000000 -0.000000 -1.000000
vn -0.000000 -0.000000 -1.000000
vn 0.000000 -0.000000 -1.000000
vn 0.000000 -0.000000 -1.000000
vn 0.000000 0.000000 -1.000000
vn 0.000000 0.000000 -1.000000
vn 0.000000 0.000000 -1.000000
vn 0.000000 -0.000000 -1.000000
vn 0.000000 -0.000000 -1.000000
vn -0.000000 -0.000000 -1.000000
vn 0.000000 0.000000 -1.000000
g OpenSCAD_Tray_mesh
f 1//1 2//1 3//1
f 1//2 4//2 2//2
f 5//3 6//3 7//3
f 8//4 5//4 7//4
f 5//5 2//5 4//5
f 5//6 4//6 6//6
f 3//7 8//7 7//7
f 3//8 7//8 1//8
f 2//9 5//9 9//9
f 10//10 2//10 9//10
f 11//11 5//11 12//11
f 11//12 9//12 5//12
f 13//13 14//13 11//13
f 13//14 11//14 12//14
f 13//15 2//15 10//15
f 13//16 10//16 14//16
f 15//17 16//17 10//17
f 15//18 17//18 16//18
f 18//19 19//19 20//19
f 9//20 18//20 20//20
f 18//21 16//21 17//21
f 18//22 17//22 19//22
f 10//23 9//23 20//23
f 10//24 20//24 15//24
f 21//25 18//25 22//25
f 23//26 22//26 18//26
f 24//27 23//27 18//27
f 25//28 18//28 21//28
f 26//29 24//29 18//29
f 27//30 18//30 25//30
f 28//31 18//31 27//31
f 29//32 26//32 18//32
f 30//33 29//33 18//33
f 31//34 18//34 28//34
f 32//35 18//35 31//35
f 33//36 30//36 18//36
f 34//37 18//37 32//37
f 35//38 33//38 18//38
f 36//39 35//39 18//39
f 37//40 18//40 34//40
f 38//41 36//41 18//41
f 39//42 18//42 37//42
f 40//43 38//43 18//43
f 41//44 18//44 39//44
f 42//45 18//45 41//45
f 43//46 40//46 18//46
f 44//47 43//47 18//47
f 45//48 18//48 42//48
f 46//49 44//49 18//49
f 47//50 18//50 45//50
f 48//51 46//51 18//51
f 49//52 18//52 47//52
f 50//53 18//53 49//53
f 51//54 48//54 18//54
f 52//55 18//55 50//55
f 53//56 51//56 18//56
f 54//57 18//57 52//57
f 55//58 53//58 18//58
f 56//59 18//59 54//59
f 57//60 55//60 18//60
f 58//61 57//61 18//61
f 59//62 18//62 56//62
f 60//63 61//63 62//63
f 60//64 62//64 63//64
f 64//65 62//65 65//65
f 64//66 63//66 62//66
f 66//67 65//67 67//67
f 66//68 64//68 65//68
f 68//69 69//69 61//69
f 68//70 61//70 60//70
f 70//71 66//71 67//71
f 70//72 67//72 71//72
f 72//73 73//73 69//73
f 72//74 69//74 68//74
f 74//75 75//75 73//75
f 74//76 73//76 72//76
f 76//77 71//77 77//77
f 76//78 70//78 71//78
f 78//79 76//79 77//79
f 78//80 77//80 79//80
f 80//81 59//81 75//81
f 80//82 75//82 74//82
f 81//83 79//83 82//83
f 81//84 78//84 79//84
f 83//85 81//85 82//85
f 83//86 82//86 84//86
f 85//87 83//87 84//87
f 85//88 84//88 86//88
f 87//89 86//89 88//89
f 87//90 85//90 86//90
f 89//91 88//91 90//91
f 89//92 87//92 88//92
f 91//93 89//93 90//93
f 91//94 90//94 92//94
f 93//95 92//95 94//95
f 93//96 91//96 92//96
f 95//97 94//97 96//97
f 95//98 93//98 94//98
f 97//99 95//99 96//99
f 97//100 96//100 98//100
f 99//101 98//101 100//101
f 99//102 100//102 101//102
f 99//103 97//103 98//103
f 102//104 99//104 101//104
f 103//105 102//105 101//105
f 103//106 101//106 104//106
f 105//107 103//107 104//107
f 105//108 104//108 106//108
f 16//109 80//109 107//109
f 16//110 107//110 108//110
f 16//111 108//111 109//111
f 16//112 109//112 110//112
f 16//113 110//113 111//113
f 16//114 111//114 112//114
f 16//115 112//115 113//115
f 16//116 113//116 114//116
f 16//117 114//117 115//117
f 16//118 115//118 116//118
f 16//119 116//119 117//119
f 16//120 117//120 118//120
f 16//121 118//121 119//121
f 16//122 18//122 59//122
f 16//123 59//123 80//123
f 120//124 105//124 106//124
f 120//125 106//125 121//125
f 122//126 16//126 119//126
f 123//127 120//127 121//127
f 123//128 121//128 124//128
f 125//129 16//129 122//129
f 126//130 16//130 125//130
f 127//131 124//131 128//131
f 127//132 123//132 124//132
f 129//133 16//133 126//133
f 130//134 128//134 131//134
f 130//135 127//135 128//135
f 132//136 131//136 133//136
f 132//137 130//137 131//137
f 134//138 16//138 129//138
f 135//139 16//139 134//139
f 136//140 133//140 137//140
f 136//141 132//141 133//141
f 138//142 137//142 139//142
f 138//143 136//143 137//143
f 140//144 16//144 135//144
f 141//145 16//145 140//145
f 142//146 139//146 143//146
f 142//147 138//147 139//147
f 144//148 16//148 141//148
f 145//149 143//149 146//149
f 145//150 142//150 143//150
f 147//151 145//151 146//151
f 147//152 146//152 148//152
f 149//153 16//153 144//153
f 150//154 148//154 151//154
f 150//155 147//155 148//155
f 152//156 16//156 149//156
f 153//157 16//157 152//157
f 154//158 150//158 151//158
f 154//159 151//159 155//159
f 156//160 16//160 153//160
f 157//161 154//161 155//161
f 157//162 155//162 158//162
f 159//163 16//163 156//163
f 160//164 16//164 159//164
f 161//165 16//165 160//165
f 162//166 16//166 161//166
f 163//167 16//167 162//167
f 164//168 16//168 163//168
f 165//169 16//169 164//169
f 166//170 16//170 165//170
f 167//171 16//171 166//171
f 168//172 16//172 167//172
f 169//173 16//173 168//173
f 170//174 171//174 172//174
f 170//175 173//175 171//175
f 174//176 172//176 171//176
f 174//177 171//177 175//177
f 176//178 174//178 175//178
f 176//179 175//179 177//179
f 178//180 173//180 170//180
f 178//181 179//181 173//181
f 180//182 176//182 177//182
f 180//183 177//183 181//183
f 182//184 179//184 178//184
f 182//185 183//185 184//185
f 182//186 184//186 179//186
f 185//187 183//187 182//187
f 185//188 186//188 183//188
f 187//189 180//189 181//189
f 187//190 181//190 188//190
f 189//191 187//191 188//191
f 189//192 188//192 58//192
f 190//193 186//193 185//193
f 191//194 186//194 190//194
f 191//195 192//195 186//195
f 193//196 192//196 191//196
f 193//197 194//197 192//197
f 195//198 194//198 193//198
f 195//199 196//199 194//199
f 197//200 198//200 196//200
f 197//201 196//201 195//201
f 199//202 200//202 201//202
f 199//203 201//203 198//203
f 199//204 198//204 197//204
f 202//205 200//205 199//205
f 203//206 204//206 200//206
f 203//207 200//207 202//207
f 205//208 204//208 203//208
f 205//209 206//209 207//209
f 205//210 207//210 204//210
f 208//211 206//211 205//211
f 209//212 210//212 206//212
f 209//213 206//213 208//213
f 211//214 210//214 209//214
f 211//215 212//215 210//215
f 213//216 158//216 212//216
f 213//217 212//217 211//217
f 214//218 58//218 18//218
f 214//219 215//219 216//219
f 214//220 216//220 217//220
f 214//221 217//221 218//221
f 214//222 218//222 219//222
f 214//223 219//223 220//223
f 214//224 220//224 221//224
f 214//225 221//225 222//225
f 214//226 222//226 223//226
f 214//227 223//227 224//227
f 214//228 189//228 58//228
f 214//229 224//229 225//229
f 214//230 225//230 226//230
f 214//231 226//231 227//231
f 214//232 227//232 228//232
f 214//233 228//233 229//233
f 214//234 229//234 230//234
f 214//235 230//235 231//235
f 214//236 231//236 232//236
f 214//237 232//237 233//237
f 214//238 233//238 234//238
f 214//239 234//239 235//239
f 214//240 235//240 236//240
f 214//241 236//241 237//241
f 214//242 237//242 238//242
f 214//243 238//243 189//243
f 239//244 215//244 214//244
f 240//245 239//245 214//245
f 241//246 240//246 214//246
f 242//247 241//247 214//247
f 243//248 242//248 214//248
f 244//249 243//249 214//249
f 245//250 244//250 214//250
f 246//251 245//251 214//251
f 247//252 246//252 214//252
f 248//253 247//253 214//253
f 249//254 248//254 214//254
f 250//255 249//255 214//255
f 251//256 250//256 214//256
f 252//257 251//257 214//257
f 253//258 254//258 255//258
f 256//259 257//259 254//259
f 256//260 254//260 253//260
f 258//261 253//261 255//261
f 259//262 255//262 260//262
f 259//263 258//263 255//263
f 261//264 262//264 263//264
f 261//265 263//265 257//265
f 261//266 257//266 256//266
f 264//267 260//267 265//267
f 264//268 265//268 266//268
f 264//269 259//269 260//269
f 267//270 262//270 261//270
f 268//271 269//271 270//271
f 268//272 270//272 262//272
f 268//273 262//273 267//273
f 271//274 266//274 272//274
f 271//275 264//275 266//275
f 273//276 272//276 274//276
f 273//277 271//277 272//277
f 275//278 276//278 269//278
f 275//279 269//279 268//279
f 277//280 276//280 275//280
f 278//281 274//281 279//281
f 278//282 273//282 274//282
f 280//283 157//283 158//283
f 280//284 213//284 276//284
f 280//285 158//285 213//285
f 280//286 276//286 277//286
f 281//287 278//287 279//287
f 282//288 279//288 283//288
f 282//289 283//289 284//289
f 282//290 281//290 279//290
f 285//291 157//291 280//291
f 285//292 286//292 287//292
f 285//293 287//293 157//293
f 288//294 282//294 284//294
f 288//295 284//295 289//295
f 290//296 286//296 285//296
f 291//297 286//297 290//297
f 291//298 292//298 286//298
f 293//299 288//299 289//299
f 294//300 292//300 291//300
f 294//301 295//301 292//301
f 296//302 289//302 297//302
f 296//303 297//303 298//303
f 296//304 293//304 289//304
f 299//305 296//305 298//305
f 300//306 295//306 294//306
f 300//307 301//307 295//307
f 302//308 298//308 303//308
f 302//309 299//309 298//309
f 304//310 301//310 300//310
f 304//311 305//311 301//311
f 306//312 305//312 304//312
f 306//313 307//313 305//313
f 308//314 302//314 303//314
f 308//315 303//315 309//315
f 310//316 307//316 306//316
f 310//317 311//317 312//317
f 310//318 312//318 307//318
f 313//319 308//319 309//319
f 313//320 309//320 314//320
f 315//321 311//321 310//321
f 316//322 314//322 317//322
f 316//323 313//323 314//323
f 318//324 311//324 315//324
f 318//325 319//325 320//325
f 318//326 320//326 311//326
f 321//327 316//327 317//327
f 321//328 317//328 322//328
f 321//329 322//329 323//329
f 324//330 319//330 318//330
f 325//331 323//331 326//331
f 325//332 321//332 323//332
f 327//333 326//333 328//333
f 327//334 325//334 326//334
f 329//335 319//335 324//335
f 329//336 330//336 319//336
f 331//337 327//337 328//337
f 332//338 330//338 329//338
f 332//339 333//339 330//339
f 334//340 333//340 332//340
f 334//341 335//341 333//341
f 336//342 331//342 328//342
f 336//343 328//343 337//343
f 336//344 337//344 338//344
f 339//345 335//345 334//345
f 339//346 340//346 341//346
f 339//347 341//347 335//347
f 342//348 336//348 338//348
f 342//349 338//349 343//349
f 344//350 342//350 343//350
f 345//351 340//351 339//351
f 345//352 346//352 340//352
f 347//353 346//353 345//353
f 348//354 344//354 343//354
f 348//355 343//355 349//355
f 350//356 349//356 351//356
f 350//357 348//357 349//357
f 352//358 346//358 347//358
f 352//359 353//359 346//359
f 354//360 351//360 355//360
f 354//361 350//361 351//361
f 356//362 354//362 355//362
f 356//363 355//363 357//363
f 358//364 356//364 357//364
f 358//365 357//365 359//365
f 358//366 359//366 252//366
f 360//367 252//367 214//367
f 360//368 358//368 252//368
f 361//369 362//369 363//369
f 361//370 363//370 364//370
f 361//371 364//371 365//371
f 361//372 365//372 366//372
f 361//373 366//373 367//373
f 361//374 367//374 368//374
f 361//375 368//375 369//375
f 361//376 369//376 370//376
f 361//377 370//377 371//377
f 361//378 371//378 372//378
f 361//379 372//379 373//379
f 361//380 373//380 374//380
f 361//381 374//381 375//381
f 361//382 375//382 376//382
f 361//383 376//383 377//383
f 361//384 377//384 378//384
f 361//385 378//385 379//385
f 361//386 379//386 380//386
f 361//387 380//387 381//387
f 361//388 381//388 382//388
f 361//389 382//389 383//389
f 361//390 383//390 384//390
f 361//391 384//391 385//391
f 361//392 385//392 386//392
f 361//393 386//393 387//393
f 361//394 387//394 388//394
f 361//395 388//395 389//395
f 361//396 389//396 390//396
f 361//397 390//397 391//397
f 361//398 391//398 392//398
f 361//399 392//399 393//399
f 361//400 393//400 394//400
f 361//401 394//401 395//401
f 361//402 395//402 396//402
f 361//403 396//403 397//403
f 361//404 397//404 398//404
f 361//405 398//405 360//405
f 361//406 360//406 214//406
f 361//407 16//407 169//407
f 361//408 169//408 399//408
f 361//409 399//409 400//409
f 361//410 400//410 401//410
f 361//411 401//411 402//411
f 361//412 402//412 353//412
f 361//413 353//413 362//413
f 362//414 353//414 403//414
f 403//415 353//415 404//415
f 404//416 353//416 405//416
f 405//417 353//417 406//417
f 406//418 353//418 352//418
f 407//419 408//419 409//419
f 407//420 409//420 410//420
f 411//421 407//421 410//421
f 411//422 410//422 412//422
f 413//423 414//423 415//423
f 413//424 415//424 416//424
f 417//425 413//425 416//425
f 418//426 414//426 413//426
f 419//427 420//427 414//427
f 419//428 414//428 418//428
f 421//429 417//429 416//429
f 421//430 416//430 422//430
f 423//431 422//431 424//431
f 423//432 424//432 425//432
f 423//433 421//433 422//433
f 426//434 427//434 428//434
f 426//435 428//435 420//435
f 426//436 420//436 419//436
f 429//437 427//437 426//437
f 430//438 423//438 425//438
f 431//439 425//439 432//439
f 431//440 430//440 425//440
f 433//441 434//441 427//441
f 433//442 427//442 429//442
f 435//443 436//443 437//443
f 435//444 437//444 434//444
f 435//445 434//445 433//445
f 438//446 431//446 432//446
f 438//447 432//447 439//447
f 438//448 439//448 440//448
f 441//449 438//449 440//449
f 442//450 436//450 435//450
f 443//451 440//451 444//451
f 443//452 444//452 445//452
f 443//453 441//453 440//453
f 446//454 447//454 448//454
f 446//455 448//455 436//455
f 446//456 436//456 442//456
f 449//457 447//457 446//457
f 450//458 443//458 445//458
f 451//459 452//459 447//459
f 451//460 447//460 449//460
f 453//461 445//461 454//461
f 453//462 450//462 445//462
f 455//463 456//463 452//463
f 455//464 457//464 456//464
f 455//465 452//465 451//465
f 458//466 454//466 459//466
f 458//467 459//467 460//467
f 458//468 453//468 454//468
f 461//469 458//469 460//469
f 462//470 457//470 455//470
f 463//471 457//471 462//471
f 463//472 464//472 465//472
f 463//473 465//473 457//473
f 466//474 461//474 460//474
f 466//475 460//475 467//475
f 466//476 467//476 468//476
f 469//477 464//477 463//477
f 469//478 470//478 464//478
f 471//479 466//479 468//479
f 471//480 468//480 472//480
f 473//481 471//481 472//481
f 474//482 470//482 469//482
f 475//483 473//483 472//483
f 475//484 472//484 476//484
f 475//485 476//485 477//485
f 478//486 470//486 474//486
f 478//487 479//487 480//487
f 478//488 480//488 470//488
f 481//489 479//489 478//489
f 482//490 475//490 477//490
f 483//491 477//491 484//491
f 483//492 484//492 485//492
f 483//493 482//493 477//493
f 486//494 479//494 481//494
f 486//495 487//495 488//495
f 486//496 488//496 479//496
f 489//497 485//497 490//497
f 489//498 483//498 485//498
f 491//499 487//499 486//499
f 491//500 492//500 487//500
f 493//501 489//501 490//501
f 494//502 492//502 491//502
f 495//503 492//503 494//503
f 495//504 496//504 497//504
f 495//505 497//505 492//505
f 498//506 490//506 499//506
f 498//507 499//507 500//507
f 498//508 493//508 490//508
f 501//509 500//509 502//509
f 501//510 498//510 500//510
f 503//511 496//511 495//511
f 503//512 504//512 496//512
f 505//513 504//513 503//513
f 506//514 501//514 502//514
f 507//515 504//515 505//515
f 507//516 508//516 504//516
f 509//517 502//517 510//517
f 509//518 506//518 502//518
f 511//519 512//519 513//519
f 511//520 513//520 509//520
f 511//521 509//521 510//521
f 514//522 507//522 515//522
f 514//523 515//523 516//523
f 514//524 508//524 507//524
f 517//525 514//525 516//525
f 517//526 516//526 518//526
f 519//527 520//527 512//527
f 519//528 512//528 511//528
f 521//529 517//529 518//529
f 522//530 520//530 519//530
f 523//531 520//531 522//531
f 523//532 524//532 525//532
f 523//533 525//533 520//533
f 526//534 518//534 527//534
f 526//535 527//535 528//535
f 526//536 521//536 518//536
f 529//537 524//537 523//537
f 529//538 530//538 524//538
f 531//539 528//539 532//539
f 531//540 526//540 528//540
f 533//541 531//541 532//541
f 534//542 530//542 529//542
f 535//543 532//543 536//543
f 535//544 536//544 537//544
f 535//545 533//545 532//545
f 538//546 539//546 540//546
f 538//547 540//547 530//547
f 538//548 530//548 534//548
f 541//549 535//549 537//549
f 542//550 539//550 538//550
f 543//551 537//551 544//551
f 543//552 544//552 545//552
f 543//553 541//553 537//553
f 546//554 547//554 548//554
f 546//555 548//555 539//555
f 546//556 539//556 542//556
f 549//557 545//557 550//557
f 549//558 543//558 545//558
f 551//559 547//559 546//559
f 552//560 553//560 547//560
f 552//561 547//561 551//561
f 554//562 549//562 550//562
f 555//563 553//563 552//563
f 555//564 556//564 557//564
f 555//565 557//565 553//565
f 558//566 550//566 559//566
f 558//567 559//567 560//567
f 558//568 554//568 550//568
f 561//569 558//569 560//569
f 562//570 556//570 555//570
f 562//571 563//571 556//571
f 564//572 560//572 565//572
f 564//573 561//573 560//573
f 566//574 563//574 562//574
f 567//575 568//575 569//575
f 567//576 569//576 563//576
f 567//577 563//577 566//577
f 570//578 565//578 571//578
f 570//579 571//579 572//579
f 570//580 564//580 565//580
f 573//581 568//581 567//581
f 574//582 570//582 572//582
f 575//583 572//583 576//583
f 575//584 576//584 577//584
f 575//585 574//585 572//585
f 578//586 568//586 573//586
f 578//587 579//587 580//587
f 578//588 580//588 568//588
f 581//589 575//589 577//589
f 582//590 579//590 578//590
f 583//591 577//591 584//591
f 583//592 581//592 577//592
f 585//593 586//593 579//593
f 585//594 579//594 582//594
f 587//595 584//595 588//595
f 587//596 588//596 589//596
f 587//597 583//597 584//597
f 590//598 586//598 585//598
f 590//599 411//599 591//599
f 590//600 591//600 586//600
f 592//601 411//601 590//601
f 593//602 587//602 589//602
f 594//603 407//603 411//603
f 594//604 411//604 592//604
f 595//605 589//605 596//605
f 595//606 593//606 589//606
f 597//607 596//607 598//607
f 597//608 598//608 599//608
f 597//609 595//609 596//609
f 600//610 599//610 408//610
f 600//611 408//611 407//611
f 600//612 407//612 594//612
f 601//613 597//613 599//613
f 601//614 599//614 600//614
f 586//615 591//615 602//615
f 586//616 602//616 603//616
f 579//617 586//617 603//617
f 579//618 603//618 604//618
f 569//619 568//619 605//619
f 569//620 605//620 606//620
f 563//621 569//621 606//621
f 563//622 606//622 607//622
f 556//623 563//623 607//623
f 556//624 607//624 608//624
f 553//625 557//625 609//625
f 553//626 609//626 610//626
f 539//627 548//627 611//627
f 539//628 611//628 612//628
f 524//629 530//629 613//629
f 524//630 613//630 614//630
f 520//631 525//631 615//631
f 520//632 615//632 616//632
f 513//633 512//633 617//633
f 513//634 617//634 618//634
f 67//635 514//635 517//635
f 67//636 65//636 514//636
f 96//637 558//637 561//637
f 96//638 94//638 558//638
f 594//639 592//639 146//639
f 594//640 146//640 143//640
f 128//641 587//641 593//641
f 128//642 124//642 587//642
f 177//643 502//643 500//643
f 177//644 175//644 502//644
f 175//645 510//645 502//645
f 175//646 171//646 510//646
f 26//647 425//647 424//647
f 26//648 29//648 425//648
f 53//649 477//649 476//649
f 53//650 55//650 477//650
f 94//651 554//651 558//651
f 94//652 92//652 554//652
f 65//653 508//653 514//653
f 65//654 62//654 508//654
f 538//655 534//655 192//655
f 538//656 192//656 194//656
f 578//657 573//657 212//657
f 578//658 212//658 158//658
f 188//659 499//659 490//659
f 188//660 181//660 499//660
f 601//661 600//661 139//661
f 601//662 139//662 137//662
f 77//663 521//663 526//663
f 77//664 71//664 521//664
f 33//665 440//665 439//665
f 33//666 35//666 440//666
f 101//667 570//667 574//667
f 101//668 100//668 570//668
f 92//669 549//669 554//669
f 92//670 90//670 549//670
f 55//671 484//671 477//671
f 55//672 57//672 484//672
f 592//673 590//673 148//673
f 592//674 148//674 146//674
f 57//675 485//675 484//675
f 57//676 58//676 485//676
f 29//677 432//677 425//677
f 29//678 30//678 432//678
f 36//679 445//679 444//679
f 36//680 38//680 445//680
f 519//681 511//681 173//681
f 519//682 173//682 179//682
f 534//683 529//683 186//683
f 534//684 186//684 192//684
f 529//685 523//685 183//685
f 529//686 183//686 186//686
f 48//687 472//687 468//687
f 48//688 51//688 472//688
f 23//689 422//689 416//689
f 23//690 24//690 422//690
f 551//691 546//691 198//691
f 551//692 198//692 201//692
f 511//693 510//693 171//693
f 511//694 171//694 173//694
f 84//695 533//695 535//695
f 84//696 82//696 533//696
f 38//697 454//697 445//697
f 38//698 40//698 454//698
f 88//699 541//699 543//699
f 88//700 86//700 541//700
f 121//701 581//701 583//701
f 121//702 106//702 581//702
f 573//703 567//703 210//703
f 573//704 210//704 212//704
f 567//705 566//705 206//705
f 567//706 206//706 210//706
f 566//707 562//707 207//707
f 566//708 207//708 206//708
f 43//709 460//709 459//709
f 43//710 44//710 460//710
f 619//711 620//711 621//711
f 619//712 621//712 622//712
f 623//713 619//713 622//713
f 623//714 622//714 624//714
f 625//715 626//715 627//715
f 625//716 627//716 628//716
f 629//717 625//717 628//717
f 630//718 626//718 625//718
f 631//719 632//719 626//719
f 631//720 626//720 630//720
f 633//721 629//721 628//721
f 633//722 628//722 634//722
f 635//723 634//723 636//723
f 635//724 636//724 637//724
f 635//725 633//725 634//725
f 638//726 639//726 640//726
f 638//727 640//727 632//727
f 638//728 632//728 631//728
f 641//729 639//729 638//729
f 642//730 635//730 637//730
f 643//731 637//731 644//731
f 643//732 642//732 637//732
f 645//733 646//733 639//733
f 645//734 639//734 641//734
f 647//735 648//735 649//735
f 647//736 649//736 646//736
f 647//737 646//737 645//737
f 650//738 644//738 651//738
f 650//739 643//739 644//739
f 650//740 651//740 652//740
f 653//741 650//741 652//741
f 654//742 648//742 647//742
f 655//743 652//743 656//743
f 655//744 656//744 657//744
f 655//745 653//745 652//745
f 658//746 659//746 660//746
f 658//747 660//747 648//747
f 658//748 648//748 654//748
f 661//749 659//749 658//749
f 662//750 655//750 657//750
f 663//751 664//751 665//751
f 663//752 665//752 659//752
f 663//753 659//753 661//753
f 666//754 657//754 667//754
f 666//755 662//755 657//755
f 668//756 664//756 663//756
f 668//757 669//757 664//757
f 670//758 667//758 671//758
f 670//759 666//759 667//759
f 670//760 671//760 672//760
f 673//761 670//761 672//761
f 674//762 669//762 668//762
f 675//763 669//763 674//763
f 675//764 676//764 669//764
f 677//765 673//765 672//765
f 677//766 672//766 678//766
f 677//767 678//767 679//767
f 680//768 676//768 675//768
f 680//769 681//769 682//769
f 680//770 682//770 676//770
f 683//771 677//771 679//771
f 683//772 679//772 684//772
f 685//773 683//773 684//773
f 686//774 681//774 680//774
f 687//775 684//775 688//775
f 687//776 688//776 689//776
f 687//777 685//777 684//777
f 690//778 681//778 686//778
f 690//779 691//779 692//779
f 690//780 692//780 681//780
f 693//781 691//781 690//781
f 694//782 687//782 689//782
f 695//783 689//783 696//783
f 695//784 696//784 697//784
f 695//785 694//785 689//785
f 698//786 691//786 693//786
f 698//787 699//787 700//787
f 698//788 700//788 691//788
f 701//789 697//789 702//789
f 701//790 695//790 697//790
f 703//791 699//791 698//791
f 703//792 704//792 699//792
f 705//793 701//793 702//793
f 706//794 704//794 703//794
f 707//795 704//795 706//795
f 707//796 708//796 709//796
f 707//797 709//797 704//797
f 710//798 702//798 711//798
f 710//799 711//799 712//799
f 710//800 705//800 702//800
f 713//801 712//801 714//801
f 713//802 710//802 712//802
f 715//803 708//803 707//803
f 715//804 716//804 708//804
f 717//805 716//805 715//805
f 718//806 713//806 714//806
f 719//807 716//807 717//807
f 719//808 720//808 716//808
f 721//809 714//809 722//809
f 721//810 718//810 714//810
f 723//811 724//811 725//811
f 723//812 725//812 721//812
f 723//813 721//813 722//813
f 726//814 719//814 727//814
f 726//815 727//815 728//815
f 726//816 720//816 719//816
f 729//817 726//817 728//817
f 729//818 728//818 730//818
f 731//819 732//819 724//819
f 731//820 724//820 723//820
f 733//821 729//821 730//821
f 734//822 732//822 731//822
f 735//823 732//823 734//823
f 735//824 736//824 737//824
f 735//825 737//825 732//825
f 738//826 730//826 739//826
f 738//827 739//827 740//827
f 738//828 733//828 730//828
f 741//829 736//829 735//829
f 741//830 742//830 736//830
f 743//831 740//831 744//831
f 743//832 738//832 740//832
f 745//833 743//833 744//833
f 746//834 742//834 741//834
f 747//835 744//835 748//835
f 747//836 748//836 749//836
f 747//837 745//837 744//837
f 750//838 751//838 752//838
f 750//839 752//839 742//839
f 750//840 742//840 746//840
f 753//841 747//841 749//841
f 754//842 751//842 750//842
f 755//843 749//843 756//843
f 755//844 756//844 757//844
f 755//845 753//845 749//845
f 758//846 759//846 760//846
f 758//847 760//847 751//847
f 758//848 751//848 754//848
f 761//849 759//849 758//849
f 761//850 762//850 759//850
f 763//851 757//851 764//851
f 763//852 755//852 757//852
f 765//853 762//853 761//853
f 766//854 763//854 764//854
f 767//855 768//855 769//855
f 767//856 769//856 762//856
f 767//857 762//857 765//857
f 770//858 764//858 771//858
f 770//859 771//859 772//859
f 770//860 766//860 764//860
f 773//861 770//861 772//861
f 774//862 768//862 767//862
f 775//863 776//863 768//863
f 775//864 768//864 774//864
f 777//865 772//865 778//865
f 777//866 773//866 772//866
f 779//867 776//867 775//867
f 779//868 780//868 781//868
f 779//869 781//869 776//869
f 782//870 778//870 783//870
f 782//871 783//871 784//871
f 782//872 777//872 778//872
f 785//873 780//873 779//873
f 786//874 782//874 784//874
f 787//875 784//875 788//875
f 787//876 788//876 789//876
f 787//877 786//877 784//877
f 790//878 791//878 792//878
f 790//879 792//879 780//879
f 790//880 780//880 785//880
f 793//881 787//881 789//881
f 794//882 791//882 790//882
f 795//883 789//883 796//883
f 795//884 793//884 789//884
f 797//885 798//885 791//885
f 797//886 791//886 794//886
f 799//887 795//887 796//887
f 799//888 796//888 800//888
f 799//889 800//889 801//889
f 802//890 623//890 803//890
f 802//891 803//891 798//891
f 802//892 798//892 797//892
f 804//893 623//893 802//893
f 805//894 799//894 801//894
f 806//895 619//895 623//895
f 806//896 623//896 804//896
f 807//897 801//897 808//897
f 807//898 805//898 801//898
f 809//899 808//899 810//899
f 809//900 810//900 811//900
f 809//901 807//901 808//901
f 812//902 811//902 620//902
f 812//903 620//903 619//903
f 812//904 619//904 806//904
f 813//905 809//905 811//905
f 813//906 811//906 812//906
f 798//907 803//907 814//907
f 798//908 814//908 815//908
f 791//909 798//909 815//909
f 791//910 815//910 816//910
f 781//911 780//911 817//911
f 781//912 817//912 818//912
f 776//913 781//913 818//913
f 776//914 818//914 819//914
f 768//915 776//915 819//915
f 768//916 819//916 820//916
f 762//917 769//917 821//917
f 762//918 821//918 822//918
f 751//919 760//919 823//919
f 751//920 823//920 824//920
f 736//921 742//921 825//921
f 736//922 825//922 826//922
f 732//923 737//923 827//923
f 732//924 827//924 828//924
f 725//925 724//925 829//925
f 725//926 829//926 830//926
f 260//927 726//927 729//927
f 260//928 255//928 726//928
f 303//929 770//929 773//929
f 303//930 298//930 770//930
f 806//931 804//931 357//931
f 806//932 357//932 355//932
f 337//933 799//933 805//933
f 337//934 328//934 799//934
f 222//935 714//935 712//935
f 222//936 221//936 714//936
f 221//937 722//937 714//937
f 221//938 220//938 722//938
f 180//939 637//939 636//939
f 180//940 187//940 637//940
f 228//941 689//941 688//941
f 228//942 227//942 689//942
f 298//943 766//943 770//943
f 298//944 297//944 766//944
f 255//945 720//945 726//945
f 255//946 254//946 720//946
f 750//947 746//947 239//947
f 750//948 239//948 240//948
f 790//949 785//949 249//949
f 790//950 249//950 250//950
f 224//951 711//951 702//951
f 224//952 223//952 711//952
f 813//953 812//953 351//953
f 813//954 351//954 349//954
f 266//955 733//955 738//955
f 266//956 265//956 733//956
f 238//957 652//957 651//957
f 238//958 237//958 652//958
f 317//959 782//959 786//959
f 317//960 314//960 782//960
f 297//961 763//961 766//961
f 297//962 289//962 763//962
f 804//963 802//963 359//963
f 804//964 359//964 357//964
f 226//965 697//965 696//965
f 226//966 225//966 697//966
f 187//967 644//967 637//967
f 187//968 189//968 644//968
f 236//969 657//969 656//969
f 236//970 235//970 657//970
f 731//971 723//971 219//971
f 731//972 219//972 218//972
f 746//973 741//973 215//973
f 746//974 215//974 239//974
f 741//975 735//975 216//975
f 741//976 216//976 215//976
f 230//977 684//977 679//977
f 230//978 229//978 684//978
f 174//979 634//979 628//979
f 174//980 176//980 634//980
f 761//981 758//981 242//981
f 761//982 242//982 243//982
f 723//983 722//983 220//983
f 723//984 220//984 219//984
f 279//985 745//985 747//985
f 279//986 274//986 745//986
f 235//987 667//987 657//987
f 235//988 234//988 667//988
f 284//989 753//989 755//989
f 284//990 283//990 753//990
f 326//991 793//991 795//991
f 326//992 323//992 793//992
f 785//993 779//993 248//993
f 785//994 248//994 249//994
f 779//995 775//995 247//995
f 779//996 247//996 248//996
f 775//997 774//997 246//997
f 775//998 246//998 247//998
f 233//999 672//999 671//999
f 233//1000 232//1000 672//1000
f 831//1001 832//1001 833//1001
f 831//1002 833//1002 834//1002
f 835//1003 831//1003 834//1003
f 835//1004 834//1004 836//1004
f 837//1005 838//1005 839//1005
f 837//1006 839//1006 840//1006
f 841//1007 837//1007 840//1007
f 842//1008 838//1008 837//1008
f 843//1009 844//1009 838//1009
f 843//1010 838//1010 842//1010
f 845//1011 841//1011 840//1011
f 845//1012 840//1012 846//1012
f 847//1013 846//1013 848//1013
f 847//1014 848//1014 849//1014
f 847//1015 845//1015 846//1015
f 850//1016 851//1016 852//1016
f 850//1017 852//1017 844//1017
f 850//1018 844//1018 843//1018
f 853//1019 851//1019 850//1019
f 854//1020 847//1020 849//1020
f 855//1021 849//1021 856//1021
f 855//1022 854//1022 849//1022
f 857//1023 858//1023 851//1023
f 857//1024 851//1024 853//1024
f 859//1025 860//1025 861//1025
f 859//1026 861//1026 858//1026
f 859//1027 858//1027 857//1027
f 862//1028 855//1028 856//1028
f 862//1029 856//1029 863//1029
f 862//1030 863//1030 864//1030
f 865//1031 862//1031 864//1031
f 866//1032 860//1032 859//1032
f 867//1033 864//1033 868//1033
f 867//1034 868//1034 869//1034
f 867//1035 865//1035 864//1035
f 870//1036 871//1036 872//1036
f 870//1037 872//1037 860//1037
f 870//1038 860//1038 866//1038
f 873//1039 871//1039 870//1039
f 874//1040 867//1040 869//1040
f 875//1041 876//1041 871//1041
f 875//1042 871//1042 873//1042
f 877//1043 869//1043 878//1043
f 877//1044 874//1044 869//1044
f 879//1045 880//1045 876//1045
f 879//1046 881//1046 880//1046
f 879//1047 876//1047 875//1047
f 882//1048 878//1048 883//1048
f 882//1049 883//1049 884//1049
f 882//1050 877//1050 878//1050
f 885//1051 882//1051 884//1051
f 886//1052 881//1052 879//1052
f 887//1053 881//1053 886//1053
f 887//1054 888//1054 889//1054
f 887//1055 889//1055 881//1055
f 890//1056 885//1056 884//1056
f 890//1057 884//1057 891//1057
f 890//1058 891//1058 892//1058
f 893//1059 888//1059 887//1059
f 893//1060 894//1060 888//1060
f 895//1061 890//1061 892//1061
f 895//1062 892//1062 896//1062
f 897//1063 895//1063 896//1063
f 898//1064 894//1064 893//1064
f 899//1065 897//1065 896//1065
f 899//1066 896//1066 900//1066
f 899//1067 900//1067 901//1067
f 902//1068 894//1068 898//1068
f 902//1069 903//1069 904//1069
f 902//1070 904//1070 894//1070
f 905//1071 903//1071 902//1071
f 906//1072 899//1072 901//1072
f 907//1073 901//1073 908//1073
f 907//1074 908//1074 909//1074
f 907//1075 906//1075 901//1075
f 910//1076 903//1076 905//1076
f 910//1077 911//1077 912//1077
f 910//1078 912//1078 903//1078
f 913//1079 909//1079 914//1079
f 913//1080 907//1080 909//1080
f 915//1081 911//1081 910//1081
f 915//1082 916//1082 911//1082
f 917//1083 913//1083 914//1083
f 918//1084 916//1084 915//1084
f 919//1085 916//1085 918//1085
f 919//1086 920//1086 921//1086
f 919//1087 921//1087 916//1087
f 922//1088 914//1088 923//1088
f 922//1089 923//1089 924//1089
f 922//1090 917//1090 914//1090
f 925//1091 924//1091 926//1091
f 925//1092 922//1092 924//1092
f 927//1093 920//1093 919//1093
f 927//1094 928//1094 920//1094
f 929//1095 928//1095 927//1095
f 930//1096 925//1096 926//1096
f 931//1097 928//1097 929//1097
f 931//1098 932//1098 928//1098
f 933//1099 926//1099 934//1099
f 933//1100 930//1100 926//1100
f 935//1101 936//1101 937//1101
f 935//1102 937//1102 933//1102
f 935//1103 933//1103 934//1103
f 938//1104 931//1104 939//1104
f 938//1105 939//1105 940//1105
f 938//1106 932//1106 931//1106
f 941//1107 938//1107 940//1107
f 941//1108 940//1108 942//1108
f 943//1109 944//1109 936//1109
f 943//1110 936//1110 935//1110
f 945//1111 941//1111 942//1111
f 946//1112 944//1112 943//1112
f 947//1113 944//1113 946//1113
f 947//1114 948//1114 949//1114
f 947//1115 949//1115 944//1115
f 950//1116 942//1116 951//1116
f 950//1117 951//1117 952//1117
f 950//1118 945//1118 942//1118
f 953//1119 948//1119 947//1119
f 953//1120 954//1120 948//1120
f 955//1121 952//1121 956//1121
f 955//1122 950//1122 952//1122
f 957//1123 955//1123 956//1123
f 958//1124 954//1124 953//1124
f 959//1125 956//1125 960//1125
f 959//1126 960//1126 961//1126
f 959//1127 957//1127 956//1127
f 962//1128 963//1128 964//1128
f 962//1129 964//1129 954//1129
f 962//1130 954//1130 958//1130
f 965//1131 959//1131 961//1131
f 966//1132 963//1132 962//1132
f 967//1133 961//1133 968//1133
f 967//1134 968//1134 969//1134
f 967//1135 965//1135 961//1135
f 970//1136 971//1136 972//1136
f 970//1137 972//1137 963//1137
f 970//1138 963//1138 966//1138
f 973//1139 969//1139 974//1139
f 973//1140 967//1140 969//1140
f 975//1141 971//1141 970//1141
f 976//1142 977//1142 971//1142
f 976//1143 971//1143 975//1143
f 978//1144 973//1144 974//1144
f 979//1145 977//1145 976//1145
f 979//1146 980//1146 981//1146
f 979//1147 981//1147 977//1147
f 982//1148 974//1148 983//1148
f 982//1149 983//1149 984//1149
f 982//1150 978//1150 974//1150
f 985//1151 982//1151 984//1151
f 986//1152 980//1152 979//1152
f 986//1153 987//1153 980//1153
f 988//1154 984//1154 989//1154
f 988//1155 985//1155 984//1155
f 990//1156 987//1156 986//1156
f 991//1157 992//1157 993//1157
f 991//1158 993//1158 987//1158
f 991//1159 987//1159 990//1159
f 994//1160 989//1160 995//1160
f 994//1161 995//1161 996//1161
f 994//1162 988//1162 989//1162
f 997//1163 992//1163 991//1163
f 998//1164 994//1164 996//1164
f 999//1165 996//1165 1000//1165
f 999//1166 1000//1166 1001//1166
f 999//1167 998//1167 996//1167
f 1002//1168 992//1168 997//1168
f 1002//1169 1003//1169 1004//1169
f 1002//1170 1004//1170 992//1170
f 1005//1171 999//1171 1001//1171
f 1006//1172 1003//1172 1002//1172
f 1007//1173 1001//1173 1008//1173
f 1007//1174 1005//1174 1001//1174
f 1009//1175 1010//1175 1003//1175
f 1009//1176 1003//1176 1006//1176
f 1011//1177 1008//1177 1012//1177
f 1011//1178 1012//1178 1013//1178
f 1011//1179 1007//1179 1008//1179
f 1014//1180 1010//1180 1009//1180
f 1014//1181 1015//1181 1016//1181
f 1014//1182 1016//1182 1010//1182
f 1017//1183 1015//1183 1014//1183
f 1018//1184 1011//1184 1013//1184
f 1019//1185 835//1185 1015//1185
f 1019//1186 1015//1186 1017//1186
f 1020//1187 1013//1187 1021//1187
f 1020//1188 1018//1188 1013//1188
f 1022//1189 1021//1189 1023//1189
f 1022//1190 1023//1190 832//1190
f 1022//1191 1020//1191 1021//1191
f 1024//1192 832//1192 831//1192
f 1024//1193 831//1193 835//1193
f 1024//1194 835//1194 1019//1194
f 1025//1195 1022//1195 832//1195
f 1025//1196 832//1196 1024//1196
f 1016//1197 1015//1197 1026//1197
f 1016//1198 1026//1198 1027//1198
f 1003//1199 1010//1199 1028//1199
f 1003//1200 1028//1200 1029//1200
f 1004//1201 1003//1201 1029//1201
f 1004//1202 1029//1202 1030//1202
f 993//1203 992//1203 1031//1203
f 993//1204 1031//1204 1032//1204
f 987//1205 993//1205 1032//1205
f 987//1206 1032//1206 1033//1206
f 980//1207 987//1207 1033//1207
f 980//1208 1033//1208 1034//1208
f 971//1209 977//1209 1035//1209
f 971//1210 1035//1210 1036//1210
f 972//1211 971//1211 1036//1211
f 972//1212 1036//1212 1037//1212
f 964//1213 963//1213 1038//1213
f 964//1214 1038//1214 1039//1214
f 949//1215 948//1215 1040//1215
f 949//1216 1040//1216 1041//1216
f 937//1217 936//1217 1042//1217
f 937//1218 1042//1218 1043//1218
f 966//1219 962//1219 157//1219
f 966//1220 157//1220 287//1220
f 1025//1221 1024//1221 340//1221
f 1025//1222 340//1222 346//1222
f 163//1223 978//1223 982//1223
f 163//1224 162//1224 978//1224
f 1014//1225 1009//1225 330//1225
f 1014//1226 330//1226 333//1226
f 400//1227 1007//1227 1011//1227
f 400//1228 399//1228 1007//1228
f 399//1229 1005//1229 1007//1229
f 399//1230 169//1230 1005//1230
f 161//1231 967//1231 973//1231
f 161//1232 160//1232 967//1232
f 402//1233 1018//1233 1020//1233
f 402//1234 401//1234 1018//1234
f 85//1235 869//1235 868//1235
f 85//1236 87//1236 869//1236
f 1002//1237 997//1237 311//1237
f 1002//1238 311//1238 320//1238
f 935//1239 934//1239 136//1239
f 935//1240 136//1240 138//1240
f 1019//1241 1017//1241 335//1241
f 1019//1242 335//1242 341//1242
f 1009//1243 1006//1243 319//1243
f 1009//1244 319//1244 330//1244
f 962//1245 958//1245 154//1245
f 962//1246 154//1246 157//1246
f 127//1247 924//1247 923//1247
f 127//1248 130//1248 924//1248
f 102//1249 901//1249 900//1249
f 102//1250 103//1250 901//1250
f 132//1251 934//1251 926//1251
f 132//1252 136//1252 934//1252
f 149//1253 945//1253 950//1253
f 149//1254 144//1254 945//1254
f 168//1255 998//1255 999//1255
f 168//1256 167//1256 998//1256
f 95//1257 892//1257 891//1257
f 95//1258 97//1258 892//1258
f 976//1259 975//1259 292//1259
f 976//1260 292//1260 295//1260
f 997//1261 991//1261 312//1261
f 997//1262 312//1262 311//1262
f 991//1263 990//1263 307//1263
f 991//1264 307//1264 312//1264
f 990//1265 986//1265 305//1265
f 990//1266 305//1266 307//1266
f 1044//1267 1045//1267 1046//1267
f 1044//1268 1046//1268 1047//1268
f 1048//1269 1049//1269 1050//1269
f 1048//1270 1050//1270 1051//1270
f 1052//1271 1048//1271 1051//1271
f 1053//1272 1049//1272 1048//1272
f 1054//1273 1055//1273 1049//1273
f 1054//1274 1049//1274 1053//1274
f 1056//1275 1052//1275 1051//1275
f 1056//1276 1051//1276 1057//1276
f 1058//1277 1057//1277 1059//1277
f 1058//1278 1059//1278 1060//1278
f 1058//1279 1056//1279 1057//1279
f 1061//1280 1062//1280 1063//1280
f 1061//1281 1063//1281 1055//1281
f 1061//1282 1055//1282 1054//1282
f 1064//1283 1062//1283 1061//1283
f 1065//1284 1058//1284 1060//1284
f 1066//1285 1060//1285 1067//1285
f 1066//1286 1065//1286 1060//1286
f 1068//1287 1069//1287 1062//1287
f 1068//1288 1062//1288 1064//1288
f 1070//1289 1071//1289 1072//1289
f 1070//1290 1072//1290 1069//1290
f 1070//1291 1069//1291 1068//1291
f 1073//1292 1067//1292 1074//1292
f 1073//1293 1066//1293 1067//1293
f 1073//1294 1074//1294 1075//1294
f 1076//1295 1073//1295 1075//1295
f 1077//1296 1071//1296 1070//1296
f 1078//1297 1075//1297 1079//1297
f 1078//1298 1079//1298 1080//1298
f 1078//1299 1076//1299 1075//1299
f 1081//1300 1082//1300 1083//1300
f 1081//1301 1083//1301 1071//1301
f 1081//1302 1071//1302 1077//1302
f 1084//1303 1082//1303 1081//1303
f 1085//1304 1078//1304 1080//1304
f 1086//1305 1087//1305 1088//1305
f 1086//1306 1088//1306 1082//1306
f 1086//1307 1082//1307 1084//1307
f 1089//1308 1080//1308 1090//1308
f 1089//1309 1085//1309 1080//1309
f 1091//1310 1087//1310 1086//1310
f 1091//1311 1092//1311 1087//1311
f 1093//1312 1090//1312 1094//1312
f 1093//1313 1089//1313 1090//1313
f 1093//1314 1094//1314 1095//1314
f 1096//1315 1093//1315 1095//1315
f 1097//1316 1092//1316 1091//1316
f 1098//1317 1092//1317 1097//1317
f 1098//1318 1099//1318 1092//1318
f 1100//1319 1096//1319 1095//1319
f 1100//1320 1095//1320 1101//1320
f 1100//1321 1101//1321 1102//1321
f 1103//1322 1099//1322 1098//1322
f 1103//1323 1104//1323 1105//1323
f 1103//1324 1105//1324 1099//1324
f 1106//1325 1100//1325 1102//1325
f 1106//1326 1102//1326 1107//1326
f 1108//1327 1106//1327 1107//1327
f 1109//1328 1104//1328 1103//1328
f 1110//1329 1107//1329 1111//1329
f 1110//1330 1111//1330 1112//1330
f 1110//1331 1108//1331 1107//1331
f 1113//1332 1104//1332 1109//1332
f 1113//1333 1114//1333 1115//1333
f 1113//1334 1115//1334 1104//1334
f 1116//1335 1114//1335 1113//1335
f 1117//1336 1110//1336 1112//1336
f 1118//1337 1112//1337 1119//1337
f 1118//1338 1119//1338 1120//1338
f 1118//1339 1117//1339 1112//1339
f 1121//1340 1114//1340 1116//1340
f 1121//1341 1122//1341 1123//1341
f 1121//1342 1123//1342 1114//1342
f 1124//1343 1120//1343 1125//1343
f 1124//1344 1118//1344 1120//1344
f 1126//1345 1122//1345 1121//1345
f 1126//1346 1127//1346 1122//1346
f 1128//1347 1124//1347 1125//1347
f 1129//1348 1127//1348 1126//1348
f 1130//1349 1127//1349 1129//1349
f 1130//1350 1131//1350 1132//1350
f 1130//1351 1132//1351 1127//1351
f 1133//1352 1125//1352 1134//1352
f 1133//1353 1134//1353 1135//1353
f 1133//1354 1128//1354 1125//1354
f 1136//1355 1135//1355 1137//1355
f 1136//1356 1133//1356 1135//1356
f 1138//1357 1131//1357 1130//1357
f 1138//1358 1139//1358 1131//1358
f 1140//1359 1139//1359 1138//1359
f 1141//1360 1136//1360 1137//1360
f 1142//1361 1139//1361 1140//1361
f 1142//1362 1143//1362 1139//1362
f 1144//1363 1137//1363 1145//1363
f 1144//1364 1141//1364 1137//1364
f 1146//1365 1147//1365 1148//1365
f 1146//1366 1148//1366 1144//1366
f 1146//1367 1144//1367 1145//1367
f 1149//1368 1142//1368 1150//1368
f 1149//1369 1150//1369 1151//1369
f 1149//1370 1143//1370 1142//1370
f 1152//1371 1149//1371 1151//1371
f 1152//1372 1151//1372 1153//1372
f 1154//1373 1155//1373 1147//1373
f 1154//1374 1147//1374 1146//1374
f 1156//1375 1152//1375 1153//1375
f 1157//1376 1155//1376 1154//1376
f 1158//1377 1155//1377 1157//1377
f 1158//1378 1159//1378 1160//1378
f 1158//1379 1160//1379 1155//1379
f 1161//1380 1153//1380 1162//1380
f 1161//1381 1162//1381 1163//1381
f 1161//1382 1156//1382 1153//1382
f 1164//1383 1159//1383 1158//1383
f 1164//1384 1165//1384 1159//1384
f 1166//1385 1163//1385 1167//1385
f 1166//1386 1161//1386 1163//1386
f 1168//1387 1166//1387 1167//1387
f 1169//1388 1165//1388 1164//1388
f 1170//1389 1167//1389 1171//1389
f 1170//1390 1171//1390 1172//1390
f 1170//1391 1168//1391 1167//1391
f 1173//1392 1174//1392 1175//1392
f 1173//1393 1175//1393 1165//1393
f 1173//1394 1165//1394 1169//1394
f 1176//1395 1170//1395 1172//1395
f 1177//1396 1174//1396 1173//1396
f 1178//1397 1172//1397 1179//1397
f 1178//1398 1179//1398 1180//1398
f 1178//1399 1176//1399 1172//1399
f 1181//1400 1182//1400 1183//1400
f 1181//1401 1183//1401 1174//1401
f 1181//1402 1174//1402 1177//1402
f 1184//1403 1182//1403 1181//1403
f 1184//1404 1185//1404 1182//1404
f 1186//1405 1180//1405 1187//1405
f 1186//1406 1178//1406 1180//1406
f 1188//1407 1185//1407 1184//1407
f 1189//1408 1186//1408 1187//1408
f 1190//1409 1191//1409 1192//1409
f 1190//1410 1192//1410 1185//1410
f 1190//1411 1185//1411 1188//1411
f 1193//1412 1187//1412 1194//1412
f 1193//1413 1194//1413 1195//1413
f 1193//1414 1189//1414 1187//1414
f 1196//1415 1193//1415 1195//1415
f 1197//1416 1191//1416 1190//1416
f 1198//1417 1199//1417 1191//1417
f 1198//1418 1191//1418 1197//1418
f 1200//1419 1195//1419 1201//1419
f 1200//1420 1196//1420 1195//1420
f 1202//1421 1199//1421 1198//1421
f 1202//1422 1203//1422 1204//1422
f 1202//1423 1204//1423 1199//1423
f 1205//1424 1201//1424 1206//1424
f 1205//1425 1206//1425 1207//1425
f 1205//1426 1200//1426 1201//1426
f 1208//1427 1203//1427 1202//1427
f 1209//1428 1205//1428 1207//1428
f 1210//1429 1207//1429 1211//1429
f 1210//1430 1211//1430 1212//1430
f 1210//1431 1209//1431 1207//1431
f 1213//1432 1214//1432 1215//1432
f 1213//1433 1215//1433 1203//1433
f 1213//1434 1203//1434 1208//1434
f 1216//1435 1210//1435 1212//1435
f 1217//1436 1214//1436 1213//1436
f 1218//1437 1212//1437 1219//1437
f 1218//1438 1216//1438 1212//1438
f 1220//1439 1221//1439 1214//1439
f 1220//1440 1214//1440 1217//1440
f 1222//1441 1218//1441 1219//1441
f 1222//1442 1219//1442 1223//1442
f 1222//1443 1223//1443 1224//1443
f 1225//1444 1226//1444 1227//1444
f 1225//1445 1227//1445 1221//1445
f 1225//1446 1221//1446 1220//1446
f 1228//1447 1226//1447 1225//1447
f 1229//1448 1222//1448 1224//1448
f 1230//1449 1231//1449 1226//1449
f 1230//1450 1226//1450 1228//1450
f 1232//1451 1224//1451 1233//1451
f 1232//1452 1229//1452 1224//1452
f 1234//1453 1233//1453 1235//1453
f 1234//1454 1235//1454 1045//1454
f 1234//1455 1232//1455 1233//1455
f 1236//1456 1045//1456 1044//1456
f 1236//1457 1044//1457 1231//1457
f 1236//1458 1231//1458 1230//1458
f 1237//1459 1234//1459 1045//1459
f 1237//1460 1045//1460 1236//1460
f 1226//1461 1231//1461 1238//1461
f 1226//1462 1238//1462 1239//1462
f 1221//1463 1227//1463 1240//1463
f 1221//1464 1240//1464 1241//1464
f 1203//1465 1215//1465 1242//1465
f 1203//1466 1242//1466 1243//1466
f 1191//1467 1199//1467 1244//1467
f 1191//1468 1244//1468 1245//1468
f 1182//1469 1185//1469 1246//1469
f 1182//1470 1246//1470 1247//1470
f 1175//1471 1174//1471 1248//1471
f 1175//1472 1248//1472 1249//1472
f 1159//1473 1165//1473 1250//1473
f 1159//1474 1250//1474 1251//1474
f 1144//1475 1148//1475 1252//1475
f 1144//1476 1252//1476 1253//1476
f 1177//1477 1173//1477 397//1477
f 1177//1478 397//1478 396//1478
f 1237//1479 1236//1479 381//1479
f 1237//1480 381//1480 380//1480
f 368//1481 1189//1481 1193//1481
f 368//1482 367//1482 1189//1482
f 1225//1483 1220//1483 385//1483
f 1225//1484 385//1484 384//1484
f 376//1485 1218//1485 1222//1485
f 376//1486 375//1486 1218//1486
f 375//1487 1216//1487 1218//1487
f 375//1488 374//1488 1216//1488
f 366//1489 1178//1489 1186//1489
f 366//1490 365//1490 1178//1490
f 378//1491 1229//1491 1232//1491
f 378//1492 377//1492 1229//1492
f 282//1493 1080//1493 1079//1493
f 282//1494 288//1494 1080//1494
f 1213//1495 1208//1495 388//1495
f 1213//1496 388//1496 387//1496
f 1146//1497 1145//1497 348//1497
f 1146//1498 348//1498 350//1498
f 1230//1499 1228//1499 383//1499
f 1230//1500 383//1500 382//1500
f 1220//1501 1217//1501 386//1501
f 1220//1502 386//1502 385//1502
f 1173//1503 1169//1503 398//1503
f 1173//1504 398//1504 397//1504
f 336//1505 1135//1505 1134//1505
f 336//1506 342//1506 1135//1506
f 316//1507 1112//1507 1111//1507
f 316//1508 321//1508 1112//1508
f 344//1509 1145//1509 1137//1509
f 344//1510 348//1510 1145//1510
f 404//1511 1156//1511 1161//1511
f 404//1512 405//1512 1156//1512
f 373//1513 1209//1513 1210//1513
f 373//1514 372//1514 1209//1514
f 302//1515 1102//1515 1101//1515
f 302//1516 308//1516 1102//1516
f 1188//1517 1184//1517 394//1517
f 1188//1518 394//1518 393//1518
f 1208//1519 1202//1519 389//1519
f 1208//1520 389//1520 388//1520
f 1202//1521 1198//1521 390//1521
f 1202//1522 390//1522 389//1522
f 1198//1523 1197//1523 391//1523
f 1198//1524 391//1524 390//1524
f 1254//1525 1255//1525 13//1525
f 1254//1526 1256//1526 1255//1526
f 1257//1527 1258//1527 1259//1527
f 12//1528 1257//1528 1259//1528
f 1257//1529 1255//1529 1256//1529
f 1257//1530 1256//1530 1258//1530
f 13//1531 12//1531 1259//1531
f 13//1532 1259//1532 1254//1532
f 3//1533 1255//1533 1257//1533
f 3//1534 1257//1534 8//1534
f 13//1535 1255//1535 3//1535
f 13//1536 3//1536 2//1536
f 1257//1537 12//1537 5//1537
f 1257//1538 5//1538 8//1538
f 1260//1539 14//1539 361//1539
f 1261//1540 1260//1540 361//1540
f 214//1541 1262//1541 1263//1541
f 214//1542 11//1542 1262//1542
f 11//1543 14//1543 1260//1543
f 11//1544 1260//1544 1262//1544
f 361//1545 214//1545 1263//1545
f 361//1546 1263//1546 1261//1546
f 361//1547 14//1547 10//1547
f 361//1548 10//1548 16//1548
f 11//1549 214//1549 18//1549
f 11//1550 18//1550 9//1550
f 562//1551 555//1551 204//1551
f 562//1552 204//1552 207//1552
f 44//1553 467//1553 460//1553
f 44//1554 46//1554 467//1554
f 106//1555 575//1555 581//1555
f 106//1556 104//1556 575//1556
f 546//1557 542//1557 196//1557
f 546//1558 196//1558 198//1558
f 434//1559 437//1559 32//1559
f 434//1560 32//1560 31//1560
f 523//1561 522//1561 184//1561
f 523//1562 184//1562 183//1562
f 555//1563 552//1563 200//1563
f 555//1564 200//1564 204//1564
f 480//1565 479//1565 54//1565
f 480//1566 54//1566 52//1566
f 82//1567 531//1567 533//1567
f 82//1568 79//1568 531//1568
f 437//1569 436//1569 34//1569
f 437//1570 34//1570 32//1570
f 448//1571 447//1571 39//1571
f 448//1572 39//1572 37//1572
f 488//1573 487//1573 59//1573
f 488//1574 59//1574 56//1574
f 30//1575 439//1575 432//1575
f 30//1576 33//1576 439//1576
f 46//1577 468//1577 467//1577
f 46//1578 48//1578 468//1578
f 590//1579 585//1579 151//1579
f 590//1580 151//1580 148//1580
f 100//1581 564//1581 570//1581
f 100//1582 98//1582 564//1582
f 137//1583 597//1583 601//1583
f 137//1584 133//1584 597//1584
f 464//1585 470//1585 50//1585
f 464//1586 50//1586 49//1586
f 496//1587 504//1587 61//1587
f 496//1588 61//1588 69//1588
f 542//1589 538//1589 194//1589
f 542//1590 194//1590 196//1590
f 504//1591 508//1591 62//1591
f 504//1592 62//1592 61//1592
f 133//1593 595//1593 597//1593
f 133//1594 131//1594 595//1594
f 479//1595 488//1595 56//1595
f 479//1596 56//1596 54//1596
f 420//1597 428//1597 27//1597
f 420//1598 27//1598 25//1598
f 465//1599 464//1599 49//1599
f 465//1600 49//1600 47//1600
f 58//1601 490//1601 485//1601
f 58//1602 188//1602 490//1602
f 51//1603 476//1603 472//1603
f 51//1604 53//1604 476//1604
f 415//1605 414//1605 21//1605
f 415//1606 21//1606 22//1606
f 90//1607 543//1607 549//1607
f 90//1608 88//1608 543//1608
f 552//1609 551//1609 201//1609
f 552//1610 201//1610 200//1610
f 40//1611 459//1611 454//1611
f 40//1612 43//1612 459//1612
f 585//1613 582//1613 155//1613
f 585//1614 155//1614 151//1614
f 456//1615 457//1615 45//1615
f 456//1616 45//1616 42//1616
f 522//1617 519//1617 179//1617
f 522//1618 179//1618 184//1618
f 600//1619 594//1619 143//1619
f 600//1620 143//1620 139//1620
f 582//1621 578//1621 158//1621
f 582//1622 158//1622 155//1622
f 447//1623 452//1623 41//1623
f 447//1624 41//1624 39//1624
f 131//1625 593//1625 595//1625
f 131//1626 128//1626 593//1626
f 35//1627 444//1627 440//1627
f 35//1628 36//1628 444//1628
f 457//1629 465//1629 47//1629
f 457//1630 47//1630 45//1630
f 79//1631 526//1631 531//1631
f 79//1632 77//1632 526//1632
f 124//1633 583//1633 587//1633
f 124//1634 121//1634 583//1634
f 436//1635 448//1635 37//1635
f 436//1636 37//1636 34//1636
f 86//1637 535//1637 541//1637
f 86//1638 84//1638 535//1638
f 414//1639 420//1639 25//1639
f 414//1640 25//1640 21//1640
f 428//1641 427//1641 28//1641
f 428//1642 28//1642 27//1642
f 452//1643 456//1643 42//1643
f 452//1644 42//1644 41//1644
f 98//1645 561//1645 564//1645
f 98//1646 96//1646 561//1646
f 427//1647 434//1647 31//1647
f 427//1648 31//1648 28//1648
f 22//1649 416//1649 415//1649
f 22//1650 23//1650 416//1650
f 470//1651 480//1651 52//1651
f 470//1652 52//1652 50//1652
f 497//1653 496//1653 69//1653
f 497//1654 69//1654 73//1654
f 181//1655 500//1655 499//1655
f 181//1656 177//1656 500//1656
f 71//1657 517//1657 521//1657
f 71//1658 67//1658 517//1658
f 24//1659 424//1659 422//1659
f 24//1660 26//1660 424//1660
f 104//1661 574//1661 575//1661
f 104//1662 101//1662 574//1662
f 492//1663 497//1663 73//1663
f 492//1664 73//1664 75//1664
f 487//1665 492//1665 75//1665
f 487//1666 75//1666 59//1666
f 774//1667 767//1667 245//1667
f 774//1668 245//1668 246//1668
f 232//1669 678//1669 672//1669
f 232//1670 231//1670 678//1670
f 323//1671 787//1671 793//1671
f 323//1672 322//1672 787//1672
f 758//1673 754//1673 241//1673
f 758//1674 241//1674 242//1674
f 646//1675 649//1675 191//1675
f 646//1676 191//1676 190//1676
f 735//1677 734//1677 217//1677
f 735//1678 217//1678 216//1678
f 767//1679 765//1679 244//1679
f 767//1680 244//1680 245//1680
f 692//1681 691//1681 213//1681
f 692//1682 213//1682 211//1682
f 274//1683 743//1683 745//1683
f 274//1684 272//1684 743//1684
f 649//1685 648//1685 193//1685
f 649//1686 193//1686 191//1686
f 660//1687 659//1687 197//1687
f 660//1688 197//1688 195//1688
f 700//1689 699//1689 269//1689
f 700//1690 269//1690 276//1690
f 189//1691 651//1691 644//1691
f 189//1692 238//1692 651//1692
f 231//1693 679//1693 678//1693
f 231//1694 230//1694 679//1694
f 802//1695 797//1695 252//1695
f 802//1696 252//1696 359//1696
f 314//1697 777//1697 782//1697
f 314//1698 309//1698 777//1698
f 349//1699 809//1699 813//1699
f 349//1700 343//1700 809//1700
f 682//1701 681//1701 209//1701
f 682//1702 209//1702 208//1702
f 754//1703 750//1703 240//1703
f 754//1704 240//1704 241//1704
f 716//1705 720//1705 254//1705
f 716//1706 254//1706 257//1706
f 343//1707 807//1707 809//1707
f 343//1708 338//1708 807//1708
f 691//1709 700//1709 276//1709
f 691//1710 276//1710 213//1710
f 632//1711 640//1711 182//1711
f 632//1712 182//1712 178//1712
f 676//1713 682//1713 208//1713
f 676//1714 208//1714 205//1714
f 225//1715 702//1715 697//1715
f 225//1716 224//1716 702//1716
f 229//1717 688//1717 684//1717
f 229//1718 228//1718 688//1718
f 627//1719 626//1719 170//1719
f 627//1720 170//1720 172//1720
f 289//1721 755//1721 763//1721
f 289//1722 284//1722 755//1722
f 765//1723 761//1723 243//1723
f 765//1724 243//1724 244//1724
f 234//1725 671//1725 667//1725
f 234//1726 233//1726 671//1726
f 227//1727 696//1727 689//1727
f 227//1728 226//1728 696//1728
f 797//1729 794//1729 251//1729
f 797//1730 251//1730 252//1730
f 664//1731 669//1731 203//1731
f 664//1732 203//1732 202//1732
f 734//1733 731//1733 218//1733
f 734//1734 218//1734 217//1734
f 812//1735 806//1735 355//1735
f 812//1736 355//1736 351//1736
f 794//1737 790//1737 250//1737
f 794//1738 250//1738 251//1738
f 659//1739 665//1739 199//1739
f 659//1740 199//1740 197//1740
f 338//1741 805//1741 807//1741
f 338//1742 337//1742 805//1742
f 237//1743 656//1743 652//1743
f 237//1744 236//1744 656//1744
f 669//1745 676//1745 205//1745
f 669//1746 205//1746 203//1746
f 272//1747 738//1747 743//1747
f 272//1748 266//1748 738//1748
f 328//1749 795//1749 799//1749
f 328//1750 326//1750 795//1750
f 648//1751 660//1751 195//1751
f 648//1752 195//1752 193//1752
f 283//1753 747//1753 753//1753
f 283//1754 279//1754 747//1754
f 626//1755 632//1755 178//1755
f 626//1756 178//1756 170//1756
f 640//1757 639//1757 185//1757
f 640//1758 185//1758 182//1758
f 665//1759 664//1759 202//1759
f 665//1760 202//1760 199//1760
f 309//1761 773//1761 777//1761
f 309//1762 303//1762 773//1762
f 639//1763 646//1763 190//1763
f 639//1764 190//1764 185//1764
f 172//1765 628//1765 627//1765
f 172//1766 174//1766 628//1766
f 681//1767 692//1767 211//1767
f 681//1768 211//1768 209//1768
f 709//1769 708//1769 263//1769
f 709//1770 263//1770 262//1770
f 223//1771 712//1771 711//1771
f 223//1772 222//1772 712//1772
f 265//1773 729//1773 733//1773
f 265//1774 260//1774 729//1774
f 176//1775 636//1775 634//1775
f 176//1776 180//1776 636//1776
f 322//1777 786//1777 787//1777
f 322//1778 317//1778 786//1778
f 708//1779 716//1779 257//1779
f 708//1780 257//1780 263//1780
f 704//1781 709//1781 262//1781
f 704//1782 262//1782 270//1782
f 699//1783 704//1783 270//1783
f 699//1784 270//1784 269//1784
f 986//1785 979//1785 301//1785
f 986//1786 301//1786 305//1786
f 911//1787 916//1787 125//1787
f 911//1788 125//1788 122//1788
f 889//1789 888//1789 115//1789
f 889//1790 115//1790 114//1790
f 130//1791 926//1791 924//1791
f 130//1792 132//1792 926//1792
f 167//1793 994//1793 998//1793
f 167//1794 166//1794 994//1794
f 894//1795 904//1795 117//1795
f 894//1796 117//1796 116//1796
f 97//1797 896//1797 892//1797
f 97//1798 99//1798 896//1798
f 928//1799 932//1799 135//1799
f 928//1800 135//1800 134//1800
f 912//1801 911//1801 122//1801
f 912//1802 122//1802 119//1802
f 144//1803 941//1803 945//1803
f 144//1804 141//1804 941//1804
f 876//1805 880//1805 112//1805
f 876//1806 112//1806 111//1806
f 916//1807 921//1807 126//1807
f 916//1808 126//1808 125//1808
f 860//1809 872//1809 109//1809
f 860//1810 109//1810 108//1810
f 851//1811 858//1811 80//1811
f 851//1812 80//1812 74//1812
f 871//1813 876//1813 111//1813
f 871//1814 111//1814 110//1814
f 87//1815 878//1815 869//1815
f 87//1816 89//1816 878//1816
f 1006//1817 1002//1817 320//1817
f 1006//1818 320//1818 319//1818
f 881//1819 889//1819 114//1819
f 881//1820 114//1820 113//1820
f 880//1821 881//1821 113//1821
f 880//1822 113//1822 112//1822
f 166//1823 988//1823 994//1823
f 166//1824 165//1824 988//1824
f 852//1825 851//1825 74//1825
f 852//1826 74//1826 72//1826
f 970//1827 966//1827 287//1827
f 970//1828 287//1828 286//1828
f 943//1829 935//1829 138//1829
f 943//1830 138//1830 142//1830
f 401//1831 1011//1831 1018//1831
f 401//1832 400//1832 1011//1832
f 160//1833 965//1833 967//1833
f 160//1834 159//1834 965//1834
f 63//1835 840//1835 839//1835
f 63//1836 64//1836 840//1836
f 346//1837 1022//1837 1025//1837
f 346//1838 353//1838 1022//1838
f 904//1839 903//1839 118//1839
f 904//1840 118//1840 117//1840
f 947//1841 946//1841 145//1841
f 947//1842 145//1842 147//1842
f 353//1843 1020//1843 1022//1843
f 353//1844 402//1844 1020//1844
f 159//1845 959//1845 965//1845
f 159//1846 156//1846 959//1846
f 979//1847 976//1847 295//1847
f 979//1848 295//1848 301//1848
f 103//1849 908//1849 901//1849
f 103//1850 105//1850 908//1850
f 1017//1851 1014//1851 333//1851
f 1017//1852 333//1852 335//1852
f 93//1853 891//1853 884//1853
f 93//1854 95//1854 891//1854
f 81//1855 864//1855 863//1855
f 81//1856 83//1856 864//1856
f 169//1857 999//1857 1005//1857
f 169//1858 168//1858 999//1858
f 872//1859 871//1859 110//1859
f 872//1860 110//1860 109//1860
f 162//1861 973//1861 978//1861
f 162//1862 161//1862 973//1862
f 105//1863 909//1863 908//1863
f 105//1864 120//1864 909//1864
f 844//1865 852//1865 72//1865
f 844//1866 72//1866 68//1866
f 953//1867 947//1867 147//1867
f 953//1868 147//1868 150//1868
f 888//1869 894//1869 116//1869
f 888//1870 116//1870 115//1870
f 120//1871 914//1871 909//1871
f 120//1872 123//1872 914//1872
f 89//1873 883//1873 878//1873
f 89//1874 91//1874 883//1874
f 70//1875 849//1875 848//1875
f 70//1876 76//1876 849//1876
f 858//1877 861//1877 107//1877
f 858//1878 107//1878 80//1878
f 91//1879 884//1879 883//1879
f 91//1880 93//1880 884//1880
f 921//1881 920//1881 129//1881
f 921//1882 129//1882 126//1882
f 975//1883 970//1883 286//1883
f 975//1884 286//1884 292//1884
f 153//1885 955//1885 957//1885
f 153//1886 152//1886 955//1886
f 156//1887 957//1887 959//1887
f 156//1888 153//1888 957//1888
f 78//1889 863//1889 856//1889
f 78//1890 81//1890 863//1890
f 903//1891 912//1891 119//1891
f 903//1892 119//1892 118//1892
f 946//1893 943//1893 142//1893
f 946//1894 142//1894 145//1894
f 838//1895 844//1895 68//1895
f 838//1896 68//1896 60//1896
f 839//1897 838//1897 60//1897
f 839//1898 60//1898 63//1898
f 76//1899 856//1899 849//1899
f 76//1900 78//1900 856//1900
f 165//1901 985//1901 988//1901
f 165//1902 164//1902 985//1902
f 1024//1903 1019//1903 341//1903
f 1024//1904 341//1904 340//1904
f 99//1905 900//1905 896//1905
f 99//1906 102//1906 900//1906
f 958//1907 953//1907 150//1907
f 958//1908 150//1908 154//1908
f 861//1909 860//1909 108//1909
f 861//1910 108//1910 107//1910
f 164//1911 982//1911 985//1911
f 164//1912 163//1912 982//1912
f 83//1913 868//1913 864//1913
f 83//1914 85//1914 868//1914
f 140//1915 932//1915 938//1915
f 140//1916 135//1916 932//1916
f 141//1917 938//1917 941//1917
f 141//1918 140//1918 938//1918
f 123//1919 923//1919 914//1919
f 123//1920 127//1920 923//1920
f 920//1921 928//1921 134//1921
f 920//1922 134//1922 129//1922
f 64//1923 846//1923 840//1923
f 64//1924 66//1924 846//1924
f 152//1925 950//1925 955//1925
f 152//1926 149//1926 950//1926
f 66//1927 848//1927 846//1927
f 66//1928 70//1928 848//1928
f 1197//1929 1190//1929 392//1929
f 1197//1930 392//1930 391//1930
f 1122//1931 1127//1931 332//1931
f 1122//1932 332//1932 329//1932
f 1099//1933 1105//1933 306//1933
f 1099//1934 306//1934 304//1934
f 342//1935 1137//1935 1135//1935
f 342//1936 344//1936 1137//1936
f 372//1937 1205//1937 1209//1937
f 372//1938 371//1938 1205//1938
f 1104//1939 1115//1939 315//1939
f 1104//1940 315//1940 310//1940
f 308//1941 1107//1941 1102//1941
f 308//1942 313//1942 1107//1942
f 1139//1943 1143//1943 347//1943
f 1139//1944 347//1944 345//1944
f 1123//1945 1122//1945 329//1945
f 1123//1946 329//1946 324//1946
f 405//1947 1152//1947 1156//1947
f 405//1948 406//1948 1152//1948
f 1088//1949 1087//1949 294//1949
f 1088//1950 294//1950 291//1950
f 1127//1951 1132//1951 334//1951
f 1127//1952 334//1952 332//1952
f 1071//1953 1083//1953 285//1953
f 1071//1954 285//1954 280//1954
f 1062//1955 1069//1955 275//1955
f 1062//1956 275//1956 268//1956
f 1082//1957 1088//1957 291//1957
f 1082//1958 291//1958 290//1958
f 288//1959 1090//1959 1080//1959
f 288//1960 293//1960 1090//1960
f 1217//1961 1213//1961 387//1961
f 1217//1962 387//1962 386//1962
f 1092//1963 1099//1963 304//1963
f 1092//1964 304//1964 300//1964
f 1087//1965 1092//1965 300//1965
f 1087//1966 300//1966 294//1966
f 371//1967 1200//1967 1205//1967
f 371//1968 370//1968 1200//1968
f 1063//1969 1062//1969 268//1969
f 1063//1970 268//1970 267//1970
f 1181//1971 1177//1971 396//1971
f 1181//1972 396//1972 395//1972
f 1154//1973 1146//1973 350//1973
f 1154//1974 350//1974 354//1974
f 377//1975 1222//1975 1229//1975
f 377//1976 376//1976 1222//1976
f 365//1977 1176//1977 1178//1977
f 365//1978 364//1978 1176//1978
f 253//1979 1051//1979 1050//1979
f 253//1980 258//1980 1051//1980
f 380//1981 1234//1981 1237//1981
f 380//1982 379//1982 1234//1982
f 1184//1983 1181//1983 395//1983
f 1184//1984 395//1984 394//1984
f 1115//1985 1114//1985 318//1985
f 1115//1986 318//1986 315//1986
f 1158//1987 1157//1987 356//1987
f 1158//1988 356//1988 358//1988
f 379//1989 1232//1989 1234//1989
f 379//1990 378//1990 1232//1990
f 364//1991 1170//1991 1176//1991
f 364//1992 363//1992 1170//1992
f 1190//1993 1188//1993 393//1993
f 1190//1994 393//1994 392//1994
f 321//1995 1119//1995 1112//1995
f 321//1996 325//1996 1119//1996
f 1228//1997 1225//1997 384//1997
f 1228//1998 384//1998 383//1998
f 299//1999 1101//1999 1095//1999
f 299//2000 302//2000 1101//2000
f 278//2001 1075//2001 1074//2001
f 278//2002 281//2002 1075//2002
f 374//2003 1210//2003 1216//2003
f 374//2004 373//2004 1210//2004
f 1083//2005 1082//2005 290//2005
f 1083//2006 290//2006 285//2006
f 367//2007 1186//2007 1189//2007
f 367//2008 366//2008 1186//2008
f 325//2009 1120//2009 1119//2009
f 325//2010 327//2010 1120//2010
f 1055//2011 1063//2011 267//2011
f 1055//2012 267//2012 261//2012
f 1164//2013 1158//2013 358//2013
f 1164//2014 358//2014 360//2014
f 1105//2015 1104//2015 310//2015
f 1105//2016 310//2016 306//2016
f 327//2017 1125//2017 1120//2017
f 327//2018 331//2018 1125//2018
f 293//2019 1094//2019 1090//2019
f 293//2020 296//2020 1094//2020
f 264//2021 1060//2021 1059//2021
f 264//2022 271//2022 1060//2022
f 1069//2023 1072//2023 277//2023
f 1069//2024 277//2024 275//2024
f 296//2025 1095//2025 1094//2025
f 296//2026 299//2026 1095//2026
f 1132//2027 1131//2027 339//2027
f 1132//2028 339//2028 334//2028
f 362//2029 1166//2029 1168//2029
f 362//2030 403//2030 1166//2030
f 363//2031 1168//2031 1170//2031
f 363//2032 362//2032 1168//2032
f 273//2033 1074//2033 1067//2033
f 273//2034 278//2034 1074//2034
f 1114//2035 1123//2035 324//2035
f 1114//2036 324//2036 318//2036
f 1157//2037 1154//2037 354//2037
f 1157//2038 354//2038 356//2038
f 1050//2039 1049//2039 256//2039
f 1050//2040 256//2040 253//2040
f 1049//2041 1055//2041 261//2041
f 1049//2042 261//2042 256//2042
f 271//2043 1067//2043 1060//2043
f 271//2044 273//2044 1067//2044
f 370//2045 1196//2045 1200//2045
f 370//2046 369//2046 1196//2046
f 1236//2047 1230//2047 382//2047
f 1236//2048 382//2048 381//2048
f 313//2049 1111//2049 1107//2049
f 313//2050 316//2050 1111//2050
f 1169//2051 1164//2051 360//2051
f 1169//2052 360//2052 398//2052
f 1072//2053 1071//2053 280//2053
f 1072//2054 280//2054 277//2054
f 369//2055 1193//2055 1196//2055
f 369//2056 368//2056 1193//2056
f 281//2057 1079//2057 1075//2057
f 281//2058 282//2058 1079//2058
f 352//2059 1143//2059 1149//2059
f 352//2060 347//2060 1143//2060
f 406//2061 1149//2061 1152//2061
f 406//2062 352//2062 1149//2062
f 331//2063 1134//2063 1125//2063
f 331//2064 336//2064 1134//2064
f 1131//2065 1139//2065 345//2065
f 1131//2066 345//2066 339//2066
f 258//2067 1057//2067 1051//2067
f 258//2068 259//2068 1057//2068
f 403//2069 1161//2069 1166//2069
f 403//2070 404//2070 1161//2070
f 259//2071 1059//2071 1057//2071
f 259//2072 264//2072 1059//2072
f 474//2073 469//2073 1264//2073
f 474//2074 1264//2074 1265//2074
f 557//2075 556//2075 608//2075
f 557//2076 608//2076 609//2076
f 462//2077 455//2077 1266//2077
f 462//2078 1266//2078 1267//2078
f 449//2079 446//2079 1268//2079
f 449//2080 1268//2080 1269//2080
f 1270//2081 421//2081 423//2081
f 1270//2082 1271//2082 421//2082
f 419//2083 418//2083 1272//2083
f 419//2084 1272//2084 1273//2084
f 1274//2085 565//2085 560//2085
f 1274//2086 1275//2086 565//2086
f 429//2087 426//2087 1276//2087
f 429//2088 1276//2088 1277//2088
f 1271//2089 417//2089 421//2089
f 1271//2090 1278//2090 417//2090
f 1278//2091 413//2091 417//2091
f 1278//2092 1279//2092 413//2092
f 442//2093 435//2093 1280//2093
f 442//2094 1280//2094 1281//2094
f 1282//2095 598//2095 596//2095
f 1282//2096 1283//2096 598//2096
f 1284//2097 441//2097 443//2097
f 1284//2098 1285//2098 441//2098
f 451//2099 449//2099 1269//2099
f 451//2100 1269//2100 1286//2100
f 1287//2101 493//2101 498//2101
f 1287//2102 1288//2102 493//2102
f 478//2103 474//2103 1265//2103
f 478//2104 1265//2104 1289//2104
f 580//2105 579//2105 604//2105
f 580//2106 604//2106 1290//2106
f 486//2107 481//2107 1291//2107
f 486//2108 1291//2108 1292//2108
f 1293//2109 431//2109 438//2109
f 1293//2110 1294//2110 431//2110
f 1288//2111 489//2111 493//2111
f 1288//2112 1295//2112 489//2112
f 1296//2113 498//2113 501//2113
f 1296//2114 1287//2114 498//2114
f 1297//2115 596//2115 589//2115
f 1297//2116 1282//2116 596//2116
f 418//2117 413//2117 1279//2117
f 418//2118 1279//2118 1272//2118
f 1298//2119 532//2119 528//2119
f 1298//2120 1299//2120 532//2120
f 446//2121 442//2121 1281//2121
f 446//2122 1281//2122 1268//2122
f 1300//2123 466//2123 471//2123
f 1300//2124 1301//2124 466//2124
f 1302//2125 450//2125 453//2125
f 1302//2126 1303//2126 450//2126
f 1303//2127 443//2127 450//2127
f 1303//2128 1284//2128 443//2128
f 1304//2129 518//2129 516//2129
f 1304//2130 1305//2130 518//2130
f 1306//2131 515//2131 507//2131
f 1306//2132 1307//2132 515//2132
f 1308//2133 528//2133 527//2133
f 1308//2134 1298//2134 528//2134
f 1309//2135 572//2135 571//2135
f 1309//2136 1310//2136 572//2136
f 540//2137 539//2137 612//2137
f 540//2138 612//2138 1311//2138
f 463//2139 462//2139 1267//2139
f 463//2140 1267//2140 1312//2140
f 1313//2141 584//2141 577//2141
f 1313//2142 1314//2142 584//2142
f 1301//2143 461//2143 466//2143
f 1301//2144 1315//2144 461//2144
f 481//2145 478//2145 1289//2145
f 481//2146 1289//2146 1291//2146
f 426//2147 419//2147 1273//2147
f 426//2148 1273//2148 1276//2148
f 1314//2149 588//2149 584//2149
f 1314//2150 1316//2150 588//2150
f 1317//2151 537//2151 536//2151
f 1317//2152 1318//2152 537//2152
f 1319//2153 453//2153 458//2153
f 1319//2154 1302//2154 453//2154
f 435//2155 433//2155 1320//2155
f 435//2156 1320//2156 1280//2156
f 507//2157 505//2157 1321//2157
f 507//2158 1321//2158 1306//2158
f 1322//2159 559//2159 550//2159
f 1322//2160 1323//2160 559//2160
f 1318//2161 544//2161 537//2161
f 1318//2162 1324//2162 544//2162
f 1325//2163 471//2163 473//2163
f 1325//2164 1300//2164 471//2164
f 591//2165 411//2165 412//2165
f 591//2166 412//2166 602//2166
f 547//2167 553//2167 610//2167
f 547//2168 610//2168 1326//2168
f 1275//2169 571//2169 565//2169
f 1275//2170 1309//2170 571//2170
f 1327//2171 475//2171 482//2171
f 1327//2172 1328//2172 475//2172
f 1328//2173 473//2173 475//2173
f 1328//2174 1325//2174 473//2174
f 1295//2175 483//2175 489//2175
f 1295//2176 1329//2176 483//2176
f 433//2177 429//2177 1277//2177
f 433//2178 1277//2178 1320//2178
f 509//2179 513//2179 618//2179
f 509//2180 618//2180 1330//2180
f 525//2181 524//2181 614//2181
f 525//2182 614//2182 615//2182
f 1285//2183 438//2183 441//2183
f 1285//2184 1293//2184 438//2184
f 494//2185 491//2185 1331//2185
f 494//2186 1331//2186 1332//2186
f 1272//2187 1279//2187 1278//2187
f 1277//2188 1276//2188 1273//2188
f 1277//2189 1273//2189 1272//2189
f 1333//2190 1272//2190 1278//2190
f 1333//2191 1277//2191 1272//2191
f 1333//2192 1278//2192 1271//2192
f 1333//2193 1271//2193 1270//2193
f 1280//2194 1320//2194 1277//2194
f 1293//2195 1333//2195 1294//2195
f 1281//2196 1280//2196 1277//2196
f 1285//2197 1333//2197 1293//2197
f 1269//2198 1281//2198 1277//2198
f 1269//2199 1268//2199 1281//2199
f 1303//2200 1277//2200 1333//2200
f 1303//2201 1333//2201 1285//2201
f 1303//2202 1285//2202 1284//2202
f 1266//2203 1286//2203 1269//2203
f 1319//2204 1303//2204 1302//2204
f 1315//2205 1303//2205 1319//2205
f 1267//2206 1266//2206 1269//2206
f 1325//2207 1303//2207 1315//2207
f 1325//2208 1315//2208 1301//2208
f 1325//2209 1301//2209 1300//2209
f 1265//2210 1267//2210 1269//2210
f 1265//2211 1264//2211 1312//2211
f 1265//2212 1312//2212 1267//2212
f 1291//2213 1289//2213 1265//2213
f 1327//2214 1325//2214 1328//2214
f 1288//2215 1325//2215 1327//2215
f 1288//2216 1327//2216 1329//2216
f 1288//2217 1329//2217 1295//2217
f 1332//2218 1269//2218 1277//2218
f 1332//2219 1331//2219 1292//2219
f 1332//2220 1292//2220 1291//2220
f 1332//2221 1265//2221 1269//2221
f 1332//2222 1291//2222 1265//2222
f 1296//2223 1288//2223 1287//2223
f 1334//2224 1335//2224 1332//2224
f 1321//2225 1334//2225 1332//2225
f 1336//2226 1288//2226 1296//2226
f 1307//2227 1306//2227 1321//2227
f 618//2228 1336//2228 1330//2228
f 618//2229 1288//2229 1336//2229
f 615//2230 1325//2230 1288//2230
f 615//2231 618//2231 617//2231
f 615//2232 617//2232 616//2232
f 615//2233 1288//2233 618//2233
f 1308//2234 1305//2234 1304//2234
f 1308//2235 1304//2235 1307//2235
f 1308//2236 1321//2236 1332//2236
f 1308//2237 1307//2237 1321//2237
f 613//2238 615//2238 614//2238
f 1299//2239 1298//2239 1308//2239
f 1317//2240 1299//2240 1308//2240
f 1311//2241 615//2241 613//2241
f 611//2242 615//2242 1311//2242
f 611//2243 1311//2243 612//2243
f 1324//2244 1308//2244 1332//2244
f 1324//2245 1317//2245 1308//2245
f 1324//2246 1277//2246 1303//2246
f 1324//2247 1318//2247 1317//2247
f 1324//2248 1332//2248 1277//2248
f 1322//2249 1337//2249 1324//2249
f 610//2250 611//2250 1326//2250
f 609//2251 611//2251 610//2251
f 1323//2252 1322//2252 1324//2252
f 1309//2253 1275//2253 1274//2253
f 1309//2254 1274//2254 1323//2254
f 1309//2255 1324//2255 1303//2255
f 1309//2256 1323//2256 1324//2256
f 1309//2257 1303//2257 1325//2257
f 606//2258 609//2258 608//2258
f 606//2259 608//2259 607//2259
f 606//2260 611//2260 609//2260
f 1338//2261 1310//2261 1309//2261
f 1290//2262 606//2262 605//2262
f 1316//2263 1314//2263 1313//2263
f 1316//2264 1313//2264 1338//2264
f 1316//2265 1338//2265 1309//2265
f 602//2266 1290//2266 604//2266
f 602//2267 604//2267 603//2267
f 602//2268 615//2268 611//2268
f 602//2269 611//2269 606//2269
f 602//2270 1309//2270 1325//2270
f 602//2271 1316//2271 1309//2271
f 602//2272 606//2272 1290//2272
f 602//2273 1325//2273 615//2273
f 1282//2274 1297//2274 1316//2274
f 410//2275 602//2275 412//2275
f 409//2276 1316//2276 602//2276
f 409//2277 602//2277 410//2277
f 1283//2278 1282//2278 1316//2278
f 1283//2279 1316//2279 409//2279
f 1339//2280 1283//2280 409//2280
f 1340//2281 1341//2281 1342//2281
f 1343//2282 1344//2282 1345//2282
f 1343//2283 1345//2283 1340//2283
f 1346//2284 1340//2284 1342//2284
f 1346//2285 1343//2285 1340//2285
f 1346//2286 1342//2286 1347//2286
f 1346//2287 1347//2287 1348//2287
f 1349//2288 1350//2288 1343//2288
f 1351//2289 1346//2289 1352//2289
f 1353//2290 1349//2290 1343//2290
f 1354//2291 1346//2291 1351//2291
f 1355//2292 1353//2292 1343//2292
f 1355//2293 1356//2293 1353//2293
f 1357//2294 1343//2294 1346//2294
f 1357//2295 1346//2295 1354//2295
f 1357//2296 1354//2296 1358//2296
f 1359//2297 1360//2297 1355//2297
f 1361//2298 1357//2298 1362//2298
f 1363//2299 1357//2299 1361//2299
f 1364//2300 1359//2300 1355//2300
f 1365//2301 1357//2301 1363//2301
f 1365//2302 1363//2302 1366//2302
f 1365//2303 1366//2303 1367//2303
f 1368//2304 1364//2304 1355//2304
f 1368//2305 1369//2305 1370//2305
f 1368//2306 1370//2306 1364//2306
f 1371//2307 1372//2307 1368//2307
f 1373//2308 1365//2308 1374//2308
f 1375//2309 1365//2309 1373//2309
f 1375//2310 1373//2310 1376//2310
f 1375//2311 1376//2311 1377//2311
f 1378//2312 1355//2312 1343//2312
f 1378//2313 1379//2313 1380//2313
f 1378//2314 1380//2314 1371//2314
f 1378//2315 1368//2315 1355//2315
f 1378//2316 1371//2316 1368//2316
f 1381//2317 1375//2317 1382//2317
f 1383//2318 1384//2318 1378//2318
f 1385//2319 1383//2319 1378//2319
f 1386//2320 1375//2320 1381//2320
f 1387//2321 1388//2321 1385//2321
f 830//2322 1386//2322 1389//2322
f 830//2323 1375//2323 1386//2323
f 827//2324 1365//2324 1375//2324
f 827//2325 830//2325 829//2325
f 827//2326 829//2326 828//2326
f 827//2327 1375//2327 830//2327
f 1390//2328 1391//2328 1392//2328
f 1390//2329 1392//2329 1387//2329
f 1390//2330 1385//2330 1378//2330
f 1390//2331 1387//2331 1385//2331
f 825//2332 827//2332 826//2332
f 1393//2333 1394//2333 1390//2333
f 1395//2334 1393//2334 1390//2334
f 1396//2335 827//2335 825//2335
f 823//2336 827//2336 1396//2336
f 823//2337 1396//2337 824//2337
f 1397//2338 1390//2338 1378//2338
f 1397//2339 1395//2339 1390//2339
f 1397//2340 1343//2340 1357//2340
f 1397//2341 1398//2341 1395//2341
f 1397//2342 1378//2342 1343//2342
f 1399//2343 1400//2343 1397//2343
f 822//2344 823//2344 1401//2344
f 821//2345 823//2345 822//2345
f 1402//2346 1399//2346 1397//2346
f 1403//2347 1404//2347 1405//2347
f 1403//2348 1405//2348 1402//2348
f 1403//2349 1397//2349 1357//2349
f 1403//2350 1402//2350 1397//2350
f 1403//2351 1357//2351 1365//2351
f 818//2352 821//2352 820//2352
f 818//2353 820//2353 819//2353
f 818//2354 823//2354 821//2354
f 1406//2355 1407//2355 1403//2355
f 1408//2356 818//2356 817//2356
f 1409//2357 1410//2357 1411//2357
f 1409//2358 1411//2358 1406//2358
f 1409//2359 1406//2359 1403//2359
f 814//2360 1408//2360 816//2360
f 814//2361 816//2361 815//2361
f 814//2362 827//2362 823//2362
f 814//2363 823//2363 818//2363
f 814//2364 1403//2364 1365//2364
f 814//2365 1409//2365 1403//2365
f 814//2366 818//2366 1408//2366
f 814//2367 1365//2367 827//2367
f 1412//2368 1413//2368 1409//2368
f 622//2369 814//2369 624//2369
f 621//2370 1409//2370 814//2370
f 621//2371 814//2371 622//2371
f 1414//2372 1412//2372 1409//2372
f 1414//2373 1409//2373 621//2373
f 1415//2374 1414//2374 621//2374
f 1416//2375 1417//2375 1418//2375
f 1419//2376 1420//2376 1421//2376
f 1419//2377 1421//2377 1416//2377
f 1422//2378 1416//2378 1418//2378
f 1422//2379 1419//2379 1416//2379
f 1422//2380 1418//2380 1423//2380
f 1422//2381 1423//2381 1424//2381
f 1425//2382 1426//2382 1419//2382
f 1427//2383 1422//2383 1428//2383
f 1429//2384 1425//2384 1419//2384
f 1430//2385 1422//2385 1427//2385
f 1431//2386 1429//2386 1419//2386
f 1431//2387 1432//2387 1429//2387
f 1433//2388 1419//2388 1422//2388
f 1433//2389 1422//2389 1430//2389
f 1433//2390 1430//2390 1434//2390
f 1435//2391 1436//2391 1431//2391
f 1437//2392 1433//2392 1438//2392
f 1439//2393 1433//2393 1437//2393
f 1440//2394 1435//2394 1431//2394
f 1441//2395 1433//2395 1439//2395
f 1441//2396 1439//2396 1442//2396
f 1441//2397 1442//2397 1443//2397
f 1444//2398 1440//2398 1431//2398
f 1444//2399 1445//2399 1446//2399
f 1444//2400 1446//2400 1440//2400
f 1447//2401 1448//2401 1444//2401
f 1449//2402 1441//2402 1450//2402
f 1451//2403 1441//2403 1449//2403
f 1451//2404 1449//2404 1452//2404
f 1451//2405 1452//2405 1453//2405
f 1454//2406 1431//2406 1419//2406
f 1454//2407 1455//2407 1456//2407
f 1454//2408 1456//2408 1447//2408
f 1454//2409 1444//2409 1431//2409
f 1454//2410 1447//2410 1444//2410
f 1457//2411 1451//2411 1458//2411
f 1459//2412 1460//2412 1454//2412
f 1461//2413 1459//2413 1454//2413
f 1462//2414 1451//2414 1457//2414
f 1463//2415 1464//2415 1461//2415
f 1043//2416 1462//2416 1465//2416
f 1043//2417 1451//2417 1462//2417
f 1041//2418 1441//2418 1451//2418
f 1041//2419 1043//2419 1042//2419
f 1041//2420 1042//2420 1466//2420
f 1041//2421 1451//2421 1043//2421
f 1467//2422 1468//2422 1469//2422
f 1467//2423 1469//2423 1463//2423
f 1467//2424 1461//2424 1454//2424
f 1467//2425 1463//2425 1461//2425
f 1470//2426 1041//2426 1040//2426
f 1471//2427 1472//2427 1467//2427
f 1473//2428 1471//2428 1467//2428
f 1039//2429 1041//2429 1470//2429
f 1037//2430 1041//2430 1039//2430
f 1037//2431 1039//2431 1038//2431
f 1474//2432 1467//2432 1454//2432
f 1474//2433 1473//2433 1467//2433
f 1474//2434 1419//2434 1433//2434
f 1474//2435 1475//2435 1473//2435
f 1474//2436 1454//2436 1419//2436
f 1476//2437 1477//2437 1474//2437
f 1035//2438 1037//2438 1036//2438
f 1478//2439 1037//2439 1035//2439
f 1479//2440 1476//2440 1474//2440
f 1480//2441 1481//2441 1482//2441
f 1480//2442 1482//2442 1479//2442
f 1480//2443 1474//2443 1433//2443
f 1480//2444 1479//2444 1474//2444
f 1480//2445 1433//2445 1441//2445
f 1032//2446 1478//2446 1034//2446
f 1032//2447 1034//2447 1033//2447
f 1032//2448 1037//2448 1478//2448
f 1483//2449 1484//2449 1480//2449
f 1030//2450 1032//2450 1031//2450
f 1485//2451 1486//2451 1487//2451
f 1485//2452 1487//2452 1483//2452
f 1485//2453 1483//2453 1480//2453
f 1027//2454 1030//2454 1029//2454
f 1027//2455 1029//2455 1028//2455
f 1027//2456 1041//2456 1037//2456
f 1027//2457 1037//2457 1032//2457
f 1027//2458 1480//2458 1441//2458
f 1027//2459 1485//2459 1480//2459
f 1027//2460 1032//2460 1030//2460
f 1027//2461 1441//2461 1041//2461
f 1488//2462 1489//2462 1485//2462
f 836//2463 1027//2463 1026//2463
f 834//2464 1485//2464 1027//2464
f 834//2465 1027//2465 836//2465
f 1490//2466 1488//2466 1485//2466
f 1490//2467 1485//2467 834//2467
f 833//2468 1490//2468 834//2468
f 1491//2469 1492//2469 1493//2469
f 1494//2470 1495//2470 1496//2470
f 1494//2471 1496//2471 1491//2471
f 1497//2472 1491//2472 1493//2472
f 1497//2473 1494//2473 1491//2473
f 1497//2474 1493//2474 1498//2474
f 1497//2475 1498//2475 1499//2475
f 1500//2476 1501//2476 1494//2476
f 1502//2477 1497//2477 1503//2477
f 1504//2478 1500//2478 1494//2478
f 1505//2479 1497//2479 1502//2479
f 1506//2480 1504//2480 1494//2480
f 1506//2481 1507//2481 1504//2481
f 1508//2482 1494//2482 1497//2482
f 1508//2483 1497//2483 1505//2483
f 1508//2484 1505//2484 1509//2484
f 1510//2485 1511//2485 1506//2485
f 1512//2486 1508//2486 1513//2486
f 1514//2487 1508//2487 1512//2487
f 1515//2488 1510//2488 1506//2488
f 1516//2489 1508//2489 1514//2489
f 1516//2490 1514//2490 1517//2490
f 1516//2491 1517//2491 1518//2491
f 1519//2492 1515//2492 1506//2492
f 1519//2493 1520//2493 1521//2493
f 1519//2494 1521//2494 1515//2494
f 1522//2495 1523//2495 1519//2495
f 1524//2496 1516//2496 1525//2496
f 1526//2497 1516//2497 1524//2497
f 1526//2498 1524//2498 1527//2498
f 1526//2499 1527//2499 1528//2499
f 1529//2500 1506//2500 1494//2500
f 1529//2501 1530//2501 1531//2501
f 1529//2502 1531//2502 1522//2502
f 1529//2503 1519//2503 1506//2503
f 1529//2504 1522//2504 1519//2504
f 1532//2505 1526//2505 1533//2505
f 1534//2506 1535//2506 1529//2506
f 1536//2507 1534//2507 1529//2507
f 1537//2508 1526//2508 1532//2508
f 1538//2509 1539//2509 1536//2509
f 1252//2510 1537//2510 1253//2510
f 1252//2511 1526//2511 1537//2511
f 1540//2512 1516//2512 1526//2512
f 1540//2513 1252//2513 1541//2513
f 1540//2514 1541//2514 1542//2514
f 1540//2515 1526//2515 1252//2515
f 1543//2516 1544//2516 1545//2516
f 1543//2517 1545//2517 1538//2517
f 1543//2518 1536//2518 1529//2518
f 1543//2519 1538//2519 1536//2519
f 1250//2520 1540//2520 1251//2520
f 1546//2521 1547//2521 1543//2521
f 1548//2522 1546//2522 1543//2522
f 1249//2523 1540//2523 1250//2523
f 1549//2524 1540//2524 1249//2524
f 1549//2525 1249//2525 1248//2525
f 1550//2526 1543//2526 1529//2526
f 1550//2527 1548//2527 1543//2527
f 1550//2528 1494//2528 1508//2528
f 1550//2529 1551//2529 1548//2529
f 1550//2530 1529//2530 1494//2530
f 1552//2531 1553//2531 1550//2531
f 1246//2532 1549//2532 1247//2532
f 1554//2533 1549//2533 1246//2533
f 1555//2534 1552//2534 1550//2534
f 1556//2535 1557//2535 1558//2535
f 1556//2536 1558//2536 1555//2536
f 1556//2537 1550//2537 1508//2537
f 1556//2538 1555//2538 1550//2538
f 1556//2539 1508//2539 1516//2539
f 1559//2540 1554//2540 1245//2540
f 1559//2541 1245//2541 1244//2541
f 1559//2542 1549//2542 1554//2542
f 1560//2543 1561//2543 1556//2543
f 1242//2544 1559//2544 1243//2544
f 1562//2545 1563//2545 1564//2545
f 1562//2546 1564//2546 1560//2546
f 1562//2547 1560//2547 1556//2547
f 1240//2548 1242//2548 1565//2548
f 1240//2549 1565//2549 1241//2549
f 1240//2550 1540//2550 1549//2550
f 1240//2551 1549//2551 1559//2551
f 1240//2552 1556//2552 1516//2552
f 1240//2553 1562//2553 1556//2553
f 1240//2554 1559//2554 1242//2554
f 1240//2555 1516//2555 1540//2555
f 1566//2556 1567//2556 1562//2556
f 1238//2557 1240//2557 1239//2557
f 1047//2558 1562//2558 1240//2558
f 1047//2559 1240//2559 1238//2559
f 1568//2560 1566//2560 1562//2560
f 1568//2561 1562//2561 1047//2561
f 1046//2562 1568//2562 1047//2562
f 548//2563 547//2563 1326//2563
f 548//2564 1326//2564 611//2564
f 1305//2565 527//2565 518//2565
f 1305//2566 1308//2566 527//2566
f 530//2567 540//2567 1311//2567
f 530//2568 1311//2568 613//2568
f 568//2569 580//2569 1290//2569
f 568//2570 1290//2570 605//2570
f 469//2571 463//2571 1312//2571
f 469//2572 1312//2572 1264//2572
f 1323//2573 560//2573 559//2573
f 1323//2574 1274//2574 560//2574
f 1299//2575 536//2575 532//2575
f 1299//2576 1317//2576 536//2576
f 495//2577 494//2577 1332//2577
f 495//2578 1332//2578 1335//2578
f 1283//2579 599//2579 598//2579
f 1283//2580 1339//2580 599//2580
f 408//2581 599//2581 1339//2581
f 408//2582 1339//2582 409//2582
f 1324//2583 545//2583 544//2583
f 1324//2584 1337//2584 545//2584
f 1333//2585 423//2585 430//2585
f 1333//2586 1270//2586 423//2586
f 1337//2587 550//2587 545//2587
f 1337//2588 1322//2588 550//2588
f 455//2589 451//2589 1286//2589
f 455//2590 1286//2590 1266//2590
f 1315//2591 458//2591 461//2591
f 1315//2592 1319//2592 458//2592
f 1336//2593 501//2593 506//2593
f 1336//2594 1296//2594 501//2594
f 1294//2595 430//2595 431//2595
f 1294//2596 1333//2596 430//2596
f 1338//2597 577//2597 576//2597
f 1338//2598 1313//2598 577//2598
f 1316//2599 589//2599 588//2599
f 1316//2600 1297//2600 589//2600
f 1310//2601 576//2601 572//2601
f 1310//2602 1338//2602 576//2602
f 505//2603 503//2603 1334//2603
f 505//2604 1334//2604 1321//2604
f 512//2605 520//2605 616//2605
f 512//2606 616//2606 617//2606
f 503//2607 495//2607 1335//2607
f 503//2608 1335//2608 1334//2608
f 1329//2609 482//2609 483//2609
f 1329//2610 1327//2610 482//2610
f 1307//2611 516//2611 515//2611
f 1307//2612 1304//2612 516//2612
f 1330//2613 506//2613 509//2613
f 1330//2614 1336//2614 506//2614
f 491//2615 486//2615 1292//2615
f 491//2616 1292//2616 1331//2616
f 686//2617 680//2617 1369//2617
f 686//2618 1369//2618 1368//2618
f 769//2619 768//2619 820//2619
f 769//2620 820//2620 821//2620
f 674//2621 668//2621 1359//2621
f 674//2622 1359//2622 1364//2622
f 661//2623 658//2623 1356//2623
f 661//2624 1356//2624 1355//2624
f 1348//2625 633//2625 635//2625
f 1348//2626 1347//2626 633//2626
f 631//2627 630//2627 1340//2627
f 631//2628 1340//2628 1345//2628
f 1405//2629 778//2629 772//2629
f 1405//2630 1404//2630 778//2630
f 641//2631 638//2631 1344//2631
f 641//2632 1344//2632 1343//2632
f 1347//2633 629//2633 633//2633
f 1347//2634 1342//2634 629//2634
f 1342//2635 625//2635 629//2635
f 1342//2636 1341//2636 625//2636
f 654//2637 647//2637 1349//2637
f 654//2638 1349//2638 1353//2638
f 1412//2639 810//2639 808//2639
f 1412//2640 1414//2640 810//2640
f 1358//2641 653//2641 655//2641
f 1358//2642 1354//2642 653//2642
f 663//2643 661//2643 1355//2643
f 663//2644 1355//2644 1360//2644
f 1382//2645 705//2645 710//2645
f 1382//2646 1375//2646 705//2646
f 690//2647 686//2647 1368//2647
f 690//2648 1368//2648 1372//2648
f 792//2649 791//2649 816//2649
f 792//2650 816//2650 1408//2650
f 698//2651 693//2651 1371//2651
f 698//2652 1371//2652 1380//2652
f 1351//2653 643//2653 650//2653
f 1351//2654 1352//2654 643//2654
f 1375//2655 701//2655 705//2655
f 1375//2656 1377//2656 701//2656
f 1381//2657 710//2657 713//2657
f 1381//2658 1382//2658 710//2658
f 1413//2659 808//2659 801//2659
f 1413//2660 1412//2660 808//2660
f 630//2661 625//2661 1341//2661
f 630//2662 1341//2662 1340//2662
f 1394//2663 744//2663 740//2663
f 1394//2664 1393//2664 744//2664
f 658//2665 654//2665 1353//2665
f 658//2666 1353//2666 1356//2666
f 1367//2667 677//2667 683//2667
f 1367//2668 1366//2668 677//2668
f 1362//2669 662//2669 666//2669
f 1362//2670 1357//2670 662//2670
f 1357//2671 655//2671 662//2671
f 1357//2672 1358//2672 655//2672
f 1392//2673 730//2673 728//2673
f 1392//2674 1391//2674 730//2674
f 1388//2675 727//2675 719//2675
f 1388//2676 1387//2676 727//2676
f 1390//2677 740//2677 739//2677
f 1390//2678 1394//2678 740//2678
f 1403//2679 784//2679 783//2679
f 1403//2680 1407//2680 784//2680
f 752//2681 751//2681 824//2681
f 752//2682 824//2682 1396//2682
f 675//2683 674//2683 1364//2683
f 675//2684 1364//2684 1370//2684
f 1411//2685 796//2685 789//2685
f 1411//2686 1410//2686 796//2686
f 1366//2687 673//2687 677//2687
f 1366//2688 1363//2688 673//2688
f 693//2689 690//2689 1372//2689
f 693//2690 1372//2690 1371//2690
f 638//2691 631//2691 1345//2691
f 638//2692 1345//2692 1344//2692
f 1410//2693 800//2693 796//2693
f 1410//2694 1409//2694 800//2694
f 1395//2695 749//2695 748//2695
f 1395//2696 1398//2696 749//2696
f 1361//2697 666//2697 670//2697
f 1361//2698 1362//2698 666//2698
f 742//2699 752//2699 1396//2699
f 742//2700 1396//2700 825//2700
f 647//2701 645//2701 1350//2701
f 647//2702 1350//2702 1349//2702
f 1399//2703 771//2703 764//2703
f 1399//2704 1402//2704 771//2704
f 1398//2705 756//2705 749//2705
f 1398//2706 1397//2706 756//2706
f 1365//2707 683//2707 685//2707
f 1365//2708 1367//2708 683//2708
f 803//2709 623//2709 624//2709
f 803//2710 624//2710 814//2710
f 759//2711 762//2711 822//2711
f 759//2712 822//2712 1401//2712
f 1404//2713 783//2713 778//2713
f 1404//2714 1403//2714 783//2714
f 1373//2715 687//2715 694//2715
f 1373//2716 1374//2716 687//2716
f 1374//2717 685//2717 687//2717
f 1374//2718 1365//2718 685//2718
f 1377//2719 695//2719 701//2719
f 1377//2720 1376//2720 695//2720
f 645//2721 641//2721 1343//2721
f 645//2722 1343//2722 1350//2722
f 721//2723 725//2723 830//2723
f 721//2724 830//2724 1389//2724
f 737//2725 736//2725 826//2725
f 737//2726 826//2726 827//2726
f 1354//2727 650//2727 653//2727
f 1354//2728 1351//2728 650//2728
f 706//2729 703//2729 1379//2729
f 706//2730 1379//2730 1378//2730
f 760//2731 759//2731 1401//2731
f 760//2732 1401//2732 823//2732
f 1391//2733 739//2733 730//2733
f 1391//2734 1390//2734 739//2734
f 780//2735 792//2735 1408//2735
f 780//2736 1408//2736 817//2736
f 680//2737 675//2737 1370//2737
f 680//2738 1370//2738 1369//2738
f 1402//2739 772//2739 771//2739
f 1402//2740 1405//2740 772//2740
f 1393//2741 748//2741 744//2741
f 1393//2742 1395//2742 748//2742
f 707//2743 706//2743 1378//2743
f 707//2744 1378//2744 1384//2744
f 1414//2745 811//2745 810//2745
f 1414//2746 1415//2746 811//2746
f 620//2747 811//2747 1415//2747
f 620//2748 1415//2748 621//2748
f 1397//2749 757//2749 756//2749
f 1397//2750 1400//2750 757//2750
f 1346//2751 635//2751 642//2751
f 1346//2752 1348//2752 635//2752
f 1400//2753 764//2753 757//2753
f 1400//2754 1399//2754 764//2754
f 668//2755 663//2755 1360//2755
f 668//2756 1360//2756 1359//2756
f 1363//2757 670//2757 673//2757
f 1363//2758 1361//2758 670//2758
f 719//2759 717//2759 1385//2759
f 719//2760 1385//2760 1388//2760
f 1386//2761 713//2761 718//2761
f 1386//2762 1381//2762 713//2762
f 1352//2763 642//2763 643//2763
f 1352//2764 1346//2764 642//2764
f 1406//2765 789//2765 788//2765
f 1406//2766 1411//2766 789//2766
f 1409//2767 801//2767 800//2767
f 1409//2768 1413//2768 801//2768
f 1407//2769 788//2769 784//2769
f 1407//2770 1406//2770 788//2770
f 717//2771 715//2771 1383//2771
f 717//2772 1383//2772 1385//2772
f 724//2773 732//2773 828//2773
f 724//2774 828//2774 829//2774
f 715//2775 707//2775 1384//2775
f 715//2776 1384//2776 1383//2776
f 1376//2777 694//2777 695//2777
f 1376//2778 1373//2778 694//2778
f 1387//2779 728//2779 727//2779
f 1387//2780 1392//2780 728//2780
f 1389//2781 718//2781 721//2781
f 1389//2782 1386//2782 718//2782
f 703//2783 698//2783 1380//2783
f 703//2784 1380//2784 1379//2784
f 981//2785 980//2785 1034//2785
f 981//2786 1034//2786 1478//2786
f 1418//2787 837//2787 841//2787
f 1418//2788 1417//2788 837//2788
f 1434//2789 865//2789 867//2789
f 1434//2790 1430//2790 865//2790
f 1427//2791 855//2791 862//2791
f 1427//2792 1428//2792 855//2792
f 1442//2793 885//2793 890//2793
f 1442//2794 1439//2794 885//2794
f 1488//2795 1023//2795 1021//2795
f 1488//2796 1490//2796 1023//2796
f 1486//2797 1012//2797 1008//2797
f 1486//2798 1485//2798 1012//2798
f 1474//2799 969//2799 968//2799
f 1474//2800 1477//2800 969//2800
f 1485//2801 1013//2801 1012//2801
f 1485//2802 1489//2802 1013//2802
f 898//2803 893//2803 1445//2803
f 898//2804 1445//2804 1444//2804
f 1479//2805 984//2805 983//2805
f 1479//2806 1482//2806 984//2806
f 954//2807 964//2807 1039//2807
f 954//2808 1039//2808 1470//2808
f 1449//2809 899//2809 906//2809
f 1449//2810 1450//2810 899//2810
f 1450//2811 897//2811 899//2811
f 1450//2812 1441//2812 897//2812
f 1476//2813 983//2813 974//2813
f 1476//2814 1479//2814 983//2814
f 1015//2815 835//2815 836//2815
f 1015//2816 836//2816 1026//2816
f 1463//2817 940//2817 939//2817
f 1463//2818 1469//2818 940//2818
f 1483//2819 1001//2819 1000//2819
f 1483//2820 1487//2820 1001//2820
f 1443//2821 890//2821 895//2821
f 1443//2822 1442//2822 890//2822
f 873//2823 870//2823 1432//2823
f 873//2824 1432//2824 1431//2824
f 1433//2825 867//2825 874//2825
f 1433//2826 1434//2826 867//2826
f 1481//2827 995//2827 989//2827
f 1481//2828 1480//2828 995//2828
f 1469//2829 942//2829 940//2829
f 1469//2830 1468//2830 942//2830
f 1472//2831 956//2831 952//2831
f 1472//2832 1471//2832 956//2832
f 875//2833 873//2833 1431//2833
f 875//2834 1431//2834 1436//2834
f 857//2835 853//2835 1419//2835
f 857//2836 1419//2836 1426//2836
f 1467//2837 952//2837 951//2837
f 1467//2838 1472//2838 952//2838
f 1489//2839 1021//2839 1013//2839
f 1489//2840 1488//2840 1021//2840
f 1010//2841 1016//2841 1027//2841
f 1010//2842 1027//2842 1028//2842
f 850//2843 843//2843 1421//2843
f 850//2844 1421//2844 1420//2844
f 1453//2845 907//2845 913//2845
f 1453//2846 1452//2846 907//2846
f 902//2847 898//2847 1444//2847
f 902//2848 1444//2848 1448//2848
f 1477//2849 974//2849 969//2849
f 1477//2850 1476//2850 974//2850
f 1462//2851 925//2851 930//2851
f 1462//2852 1457//2852 925//2852
f 1475//2853 968//2853 961//2853
f 1475//2854 1474//2854 968//2854
f 1484//2855 1000//2855 996//2855
f 1484//2856 1483//2856 1000//2856
f 859//2857 857//2857 1426//2857
f 859//2858 1426//2858 1425//2858
f 843//2859 842//2859 1416//2859
f 843//2860 1416//2860 1421//2860
f 944//2861 949//2861 1041//2861
f 944//2862 1041//2862 1466//2862
f 992//2863 1004//2863 1030//2863
f 992//2864 1030//2864 1031//2864
f 977//2865 981//2865 1478//2865
f 977//2866 1478//2866 1035//2866
f 1490//2867 832//2867 1023//2867
f 1490//2868 833//2868 832//2868
f 918//2869 915//2869 1455//2869
f 918//2870 1455//2870 1454//2870
f 879//2871 875//2871 1436//2871
f 879//2872 1436//2872 1435//2872
f 1465//2873 930//2873 933//2873
f 1465//2874 1462//2874 930//2874
f 1438//2875 874//2875 877//2875
f 1438//2876 1433//2876 874//2876
f 1471//2877 960//2877 956//2877
f 1471//2878 1473//2878 960//2878
f 1452//2879 906//2879 907//2879
f 1452//2880 1449//2880 906//2880
f 893//2881 887//2881 1446//2881
f 893//2882 1446//2882 1445//2882
f 886//2883 879//2883 1435//2883
f 886//2884 1435//2884 1440//2884
f 1424//2885 845//2885 847//2885
f 1424//2886 1423//2886 845//2886
f 905//2887 902//2887 1448//2887
f 905//2888 1448//2888 1447//2888
f 1451//2889 913//2889 917//2889
f 1451//2890 1453//2890 913//2890
f 963//2891 972//2891 1037//2891
f 963//2892 1037//2892 1038//2892
f 948//2893 954//2893 1470//2893
f 948//2894 1470//2894 1040//2894
f 1441//2895 895//2895 897//2895
f 1441//2896 1443//2896 895//2896
f 1457//2897 922//2897 925//2897
f 1457//2898 1458//2898 922//2898
f 842//2899 837//2899 1417//2899
f 842//2900 1417//2900 1416//2900
f 1464//2901 939//2901 931//2901
f 1464//2902 1463//2902 939//2902
f 1487//2903 1008//2903 1001//2903
f 1487//2904 1486//2904 1008//2904
f 870//2905 866//2905 1429//2905
f 870//2906 1429//2906 1432//2906
f 933//2907 937//2907 1043//2907
f 933//2908 1043//2908 1465//2908
f 1458//2909 917//2909 922//2909
f 1458//2910 1451//2910 917//2910
f 1482//2911 989//2911 984//2911
f 1482//2912 1481//2912 989//2912
f 929//2913 927//2913 1459//2913
f 929//2914 1459//2914 1461//2914
f 931//2915 929//2915 1461//2915
f 931//2916 1461//2916 1464//2916
f 1473//2917 961//2917 960//2917
f 1473//2918 1475//2918 961//2918
f 919//2919 918//2919 1454//2919
f 919//2920 1454//2920 1460//2920
f 1423//2921 841//2921 845//2921
f 1423//2922 1418//2922 841//2922
f 1430//2923 862//2923 865//2923
f 1430//2924 1427//2924 862//2924
f 1468//2925 951//2925 942//2925
f 1468//2926 1467//2926 951//2926
f 866//2927 859//2927 1425//2927
f 866//2928 1425//2928 1429//2928
f 1480//2929 996//2929 995//2929
f 1480//2930 1484//2930 996//2930
f 1437//2931 877//2931 882//2931
f 1437//2932 1438//2932 877//2932
f 1439//2933 882//2933 885//2933
f 1439//2934 1437//2934 882//2934
f 927//2935 919//2935 1460//2935
f 927//2936 1460//2936 1459//2936
f 887//2937 886//2937 1440//2937
f 887//2938 1440//2938 1446//2938
f 936//2939 944//2939 1466//2939
f 936//2940 1466//2940 1042//2940
f 910//2941 905//2941 1447//2941
f 910//2942 1447//2942 1456//2942
f 1422//2943 847//2943 854//2943
f 1422//2944 1424//2944 847//2944
f 1428//2945 854//2945 855//2945
f 1428//2946 1422//2946 854//2946
f 853//2947 850//2947 1420//2947
f 853//2948 1420//2948 1419//2948
f 915//2949 910//2949 1456//2949
f 915//2950 1456//2950 1455//2950
f 1513//2951 1085//2951 1089//2951
f 1513//2952 1508//2952 1085//2952
f 1557//2953 1206//2953 1201//2953
f 1557//2954 1556//2954 1206//2954
f 1551//2955 1179//2955 1172//2955
f 1551//2956 1550//2956 1179//2956
f 1053//2957 1048//2957 1492//2957
f 1053//2958 1492//2958 1491//2958
f 1533//2959 1128//2959 1133//2959
f 1533//2960 1526//2960 1128//2960
f 1518//2961 1100//2961 1106//2961
f 1518//2962 1517//2962 1100//2962
f 1493//2963 1048//2963 1052//2963
f 1493//2964 1492//2964 1048//2964
f 1547//2965 1167//2965 1163//2965
f 1547//2966 1546//2966 1167//2966
f 1192//2967 1191//2967 1245//2967
f 1192//2968 1245//2968 1554//2968
f 1116//2969 1113//2969 1523//2969
f 1116//2970 1523//2970 1522//2970
f 1509//2971 1076//2971 1078//2971
f 1509//2972 1505//2972 1076//2972
f 1566//2973 1235//2973 1233//2973
f 1566//2974 1568//2974 1235//2974
f 1556//2975 1207//2975 1206//2975
f 1556//2976 1561//2976 1207//2976
f 1532//2977 1133//2977 1136//2977
f 1532//2978 1533//2978 1133//2978
f 1204//2979 1203//2979 1243//2979
f 1204//2980 1243//2980 1559//2980
f 1545//2981 1153//2981 1151//2981
f 1545//2982 1544//2982 1153//2982
f 1086//2983 1084//2983 1506//2983
f 1086//2984 1506//2984 1511//2984
f 1505//2985 1073//2985 1076//2985
f 1505//2986 1502//2986 1073//2986
f 1231//2987 1044//2987 1047//2987
f 1231//2988 1047//2988 1238//2988
f 1054//2989 1053//2989 1491//2989
f 1054//2990 1491//2990 1496//2990
f 1544//2991 1162//2991 1153//2991
f 1544//2992 1543//2992 1162//2992
f 1140//2993 1138//2993 1534//2993
f 1140//2994 1534//2994 1536//2994
f 1517//2995 1096//2995 1100//2995
f 1517//2996 1514//2996 1096//2996
f 1525//2997 1108//2997 1110//2997
f 1525//2998 1516//2998 1108//2998
f 1253//2999 1141//2999 1144//2999
f 1253//3000 1537//3000 1141//3000
f 1214//3001 1221//3001 1241//3001
f 1214//3002 1241//3002 1565//3002
f 1528//3003 1118//3003 1124//3003
f 1528//3004 1527//3004 1118//3004
f 1142//3005 1140//3005 1536//3005
f 1142//3006 1536//3006 1539//3006
f 1097//3007 1091//3007 1510//3007
f 1097//3008 1510//3008 1515//3008
f 1516//3009 1106//3009 1108//3009
f 1516//3010 1518//3010 1106//3010
f 1553//3011 1187//3011 1180//3011
f 1553//3012 1552//3012 1187//3012
f 1199//3013 1204//3013 1559//3013
f 1199//3014 1559//3014 1244//3014
f 1098//3015 1097//3015 1515//3015
f 1098//3016 1515//3016 1521//3016
f 1160//3017 1159//3017 1251//3017
f 1160//3018 1251//3018 1540//3018
f 1129//3019 1126//3019 1530//3019
f 1129//3020 1530//3020 1529//3020
f 1215//3021 1214//3021 1565//3021
f 1215//3022 1565//3022 1242//3022
f 1070//3023 1068//3023 1501//3023
f 1070//3024 1501//3024 1500//3024
f 1539//3025 1150//3025 1142//3025
f 1539//3026 1538//3026 1150//3026
f 1560//3027 1212//3027 1211//3027
f 1560//3028 1564//3028 1212//3028
f 1561//3029 1211//3029 1207//3029
f 1561//3030 1560//3030 1211//3030
f 1546//3031 1171//3031 1167//3031
f 1546//3032 1548//3032 1171//3032
f 1558//3033 1201//3033 1195//3033
f 1558//3034 1557//3034 1201//3034
f 1567//3035 1233//3035 1224//3035
f 1567//3036 1566//3036 1233//3036
f 1130//3037 1129//3037 1529//3037
f 1130//3038 1529//3038 1535//3038
f 1538//3039 1151//3039 1150//3039
f 1538//3040 1545//3040 1151//3040
f 1497//3041 1058//3041 1065//3041
f 1497//3042 1499//3042 1058//3042
f 1524//3043 1110//3043 1117//3043
f 1524//3044 1525//3044 1110//3044
f 1103//3045 1098//3045 1521//3045
f 1103//3046 1521//3046 1520//3046
f 1552//3047 1194//3047 1187//3047
f 1552//3048 1555//3048 1194//3048
f 1568//3049 1045//3049 1235//3049
f 1568//3050 1046//3050 1045//3050
f 1185//3051 1192//3051 1554//3051
f 1185//3052 1554//3052 1246//3052
f 1503//3053 1065//3053 1066//3053
f 1503//3054 1497//3054 1065//3054
f 1148//3055 1147//3055 1541//3055
f 1148//3056 1541//3056 1252//3056
f 1165//3057 1175//3057 1249//3057
f 1165//3058 1249//3058 1250//3058
f 1555//3059 1195//3059 1194//3059
f 1555//3060 1558//3060 1195//3060
f 1183//3061 1182//3061 1247//3061
f 1183//3062 1247//3062 1549//3062
f 1563//3063 1223//3063 1219//3063
f 1563//3064 1562//3064 1223//3064
f 1512//3065 1089//3065 1093//3065
f 1512//3066 1513//3066 1089//3066
f 1147//3067 1155//3067 1542//3067
f 1147//3068 1542//3068 1541//3068
f 1562//3069 1224//3069 1223//3069
f 1562//3070 1567//3070 1224//3070
f 1084//3071 1081//3071 1507//3071
f 1084//3072 1507//3072 1506//3072
f 1564//3073 1219//3073 1212//3073
f 1564//3074 1563//3074 1219//3074
f 1227//3075 1226//3075 1239//3075
f 1227//3076 1239//3076 1240//3076
f 1138//3077 1130//3077 1535//3077
f 1138//3078 1535//3078 1534//3078
f 1081//3079 1077//3079 1504//3079
f 1081//3080 1504//3080 1507//3080
f 1061//3081 1054//3081 1496//3081
f 1061//3082 1496//3082 1495//3082
f 1091//3083 1086//3083 1511//3083
f 1091//3084 1511//3084 1510//3084
f 1526//3085 1124//3085 1128//3085
f 1526//3086 1528//3086 1124//3086
f 1550//3087 1180//3087 1179//3087
f 1550//3088 1553//3088 1180//3088
f 1068//3089 1064//3089 1494//3089
f 1068//3090 1494//3090 1501//3090
f 1537//3091 1136//3091 1141//3091
f 1537//3092 1532//3092 1136//3092
f 1174//3093 1183//3093 1549//3093
f 1174//3094 1549//3094 1248//3094
f 1543//3095 1163//3095 1162//3095
f 1543//3096 1547//3096 1163//3096
f 1514//3097 1093//3097 1096//3097
f 1514//3098 1512//3098 1093//3098
f 1113//3099 1109//3099 1519//3099
f 1113//3100 1519//3100 1523//3100
f 1109//3101 1103//3101 1520//3101
f 1109//3102 1520//3102 1519//3102
f 1527//3103 1117//3103 1118//3103
f 1527//3104 1524//3104 1117//3104
f 1548//3105 1172//3105 1171//3105
f 1548//3106 1551//3106 1172//3106
f 1077//3107 1070//3107 1500//3107
f 1077//3108 1500//3108 1504//3108
f 1508//3109 1078//3109 1085//3109
f 1508//3110 1509//3110 1078//3110
f 1502//3111 1066//3111 1073//3111
f 1502//3112 1503//3112 1066//3112
f 1121//3113 1116//3113 1522//3113
f 1121//3114 1522//3114 1531//3114
f 1155//3115 1160//3115 1540//3115
f 1155//3116 1540//3116 1542//3116
f 1126//3117 1121//3117 1531//3117
f 1126//3118 1531//3118 1530//3118
f 1499//3119 1056//3119 1058//3119
f 1499//3120 1498//3120 1056//3120
f 1498//3121 1052//3121 1056//3121
f 1498//3122 1493//3122 1052//3122
f 1064//3123 1061//3123 1495//3123
f 1064//3124 1495//3124 1494//3124
f 4//3125 15//3125 20//3125
f 4//3126 20//3126 6//3126
f 17//3127 1//3127 7//3127
f 17//3128 7//3128 19//3128
f 1256//3129 1261//3129 1263//3129
f 1256//3130 1263//3130 1258//3130
f 17//3131 15//3131 4//3131
f 17//3132 4//3132 1//3132
f 20//3133 19//3133 7//3133
f 20//3134 7//3134 6//3134
f 1260//3135 1254//3135 1259//3135
f 1260//3136 1259//3136 1262//3136
f 1256//3137 1254//3137 1260//3137
f 1256//3138 1260//3138 1261//3138
f 1259//3139 1258//3139 1263//3139
f 1259//3140 1263//3140 1262//3140
g OpenSCAD_Lid_mesh
f 1569//3141 1570//3141 1571//3141
f 1572//3142 1571//3142 1570//3142
f 1573//3143 1571//3143 1572//3143
f 1574//3144 1569//3144 1571//3144
f 1575//3145 1571//3145 1573//3145
f 1576//3146 1574//3146 1571//3146
f 1577//3147 1571//3147 1575//3147
f 1578//3148 1576//3148 1571//3148
f 1579//3149 1578//3149 1571//3149
f 1580//3150 1571//3150 1577//3150
f 1581//3151 1571//3151 1580//3151
f 1582//3152 1579//3152 1571//3152
f 1583//3153 1571//3153 1581//3153
f 1584//3154 1582//3154 1571//3154
f 1585//3155 1571//3155 1583//3155
f 1586//3156 1584//3156 1571//3156
f 1587//3157 1571//3157 1585//3157
f 1588//3158 1586//3158 1571//3158
f 1589//3159 1588//3159 1571//3159
f 1590//3160 1571//3160 1587//3160
f 1591//3161 1589//3161 1571//3161
f 1592//3162 1571//3162 1590//3162
f 1593//3163 1591//3163 1571//3163
f 1594//3164 1571//3164 1592//3164
f 1595//3165 1593//3165 1571//3165
f 1596//3166 1571//3166 1594//3166
f 1597//3167 1595//3167 1571//3167
f 1598//3168 1571//3168 1596//3168
f 1599//3169 1571//3169 1598//3169
f 1600//3170 1597//3170 1571//3170
f 1601//3171 1600//3171 1571//3171
f 1602//3172 1571//3172 1599//3172
f 1603//3173 1601//3173 1571//3173
f 1604//3174 1571//3174 1602//3174
f 1605//3175 1571//3175 1604//3175
f 1606//3176 1603//3176 1571//3176
f 1607//3177 1606//3177 1571//3177
f 1608//3178 1571//3178 1605//3178
f 1609//3179 1571//3179 1608//3179
f 1610//3180 1607//3180 1571//3180
f 1611//3181 1610//3181 1571//3181
f 1612//3182 1571//3182 1609//3182
f 1613//3183 1571//3183 1612//3183
f 1614//3184 1611//3184 1571//3184
f 1615//3185 1571//3185 1613//3185
f 1616//3186 1614//3186 1571//3186
f 1617//3187 1616//3187 1571//3187
f 1618//3188 1571//3188 1615//3188
f 1619//3189 1571//3189 1618//3189
f 1620//3190 1617//3190 1571//3190
f 1621//3191 1571//3191 1619//3191
f 1622//3192 1620//3192 1571//3192
f 1623//3193 1622//3193 1571//3193
f 1624//3194 1571//3194 1621//3194
f 1625//3195 1571//3195 1624//3195
f 1626//3196 1623//3196 1571//3196
f 1627//3197 1571//3197 1625//3197
f 1628//3198 1626//3198 1571//3198
f 1629//3199 1571//3199 1627//3199
f 1630//3200 1628//3200 1571//3200
f 1631//3201 1571//3201 1629//3201
f 1632//3202 1630//3202 1571//3202
f 1633//3203 1632//3203 1571//3203
f 1634//3204 1571//3204 1631//3204
f 1635//3205 1636//3205 1571//3205
f 1635//3206 1571//3206 1634//3206
f 1637//3207 1633//3207 1571//3207
f 1638//3208 1636//3208 1635//3208
f 1639//3209 1637//3209 1571//3209
f 1640//3210 1636//3210 1638//3210
f 1641//3211 1639//3211 1571//3211
f 1642//3212 1636//3212 1640//3212
f 1643//3213 1641//3213 1571//3213
f 1644//3214 1643//3214 1571//3214
f 1645//3215 1636//3215 1642//3215
f 1646//3216 1636//3216 1645//3216
f 1647//3217 1636//3217 1646//3217
f 1648//3218 1636//3218 1647//3218
f 1649//3219 1636//3219 1648//3219
f 1650//3220 1636//3220 1649//3220
f 1651//3221 1636//3221 1650//3221
f 1652//3222 1636//3222 1651//3222
f 1653//3223 1636//3223 1652//3223
f 1654//3224 1636//3224 1653//3224
f 1655//3225 1636//3225 1654//3225
f 1656//3226 1636//3226 1655//3226
f 1657//3227 1636//3227 1656//3227
f 1658//3228 1636//3228 1657//3228
f 1659//3229 1636//3229 1658//3229
f 1660//3230 1636//3230 1659//3230
f 1661//3231 1636//3231 1660//3231
f 1662//3232 1636//3232 1661//3232
f 1663//3233 1636//3233 1662//3233
f 1664//3234 1636//3234 1663//3234
f 1665//3235 1636//3235 1664//3235
f 1666//3236 1636//3236 1665//3236
f 1667//3237 1636//3237 1666//3237
f 1668//3238 1636//3238 1667//3238
f 1669//3239 1636//3239 1668//3239
f 1670//3240 1636//3240 1669//3240
f 1671//3241 1636//3241 1670//3241
f 1672//3242 1636//3242 1671//3242
f 1673//3243 1636//3243 1672//3243
f 1674//3244 1636//3244 1673//3244
f 1675//3245 1636//3245 1674//3245
f 1676//3246 1636//3246 1675//3246
f 1677//3247 1636//3247 1676//3247
f 1678//3248 1636//3248 1677//3248
f 1679//3249 1636//3249 1678//3249
f 1680//3250 1636//3250 1679//3250
f 1681//3251 1636//3251 1680//3251
f 1682//3252 1636//3252 1681//3252
f 1683//3253 1636//3253 1682//3253
f 1684//3254 1636//3254 1683//3254
f 1685//3255 1636//3255 1684//3255
f 1686//3256 1636//3256 1685//3256
f 1687//3257 1636//3257 1686//3257
f 1688//3258 1636//3258 1687//3258
f 1689//3259 1636//3259 1688//3259
f 1690//3260 1636//3260 1689//3260
f 1691//3261 1636//3261 1690//3261
f 1692//3262 1636//3262 1691//3262
f 1693//3263 1636//3263 1692//3263
f 1694//3264 1636//3264 1693//3264
f 1695//3265 1636//3265 1694//3265
f 1696//3266 1636//3266 1695//3266
f 1697//3267 1636//3267 1696//3267
f 1698//3268 1636//3268 1697//3268
f 1699//3269 1636//3269 1698//3269
f 1700//3270 1636//3270 1699//3270
f 1701//3271 1636//3271 1700//3271
f 1702//3272 1636//3272 1701//3272
f 1703//3273 1636//3273 1702//3273
f 1704//3274 1636//3274 1703//3274
f 1705//3275 1636//3275 1704//3275
f 1706//3276 1636//3276 1705//3276
f 1707//3277 1636//3277 1706//3277
f 1708//3278 1636//3278 1707//3278
f 1709//3279 1636//3279 1708//3279
f 1710//3280 1636//3280 1709//3280
f 1711//3281 1636//3281 1710//3281
f 1712//3282 1636//3282 1711//3282
f 1713//3283 1636//3283 1712//3283
f 1714//3284 1636//3284 1713//3284
f 1715//3285 1636//3285 1714//3285
f 1716//3286 1636//3286 1715//3286
f 1717//3287 1636//3287 1716//3287
f 1718//3288 1636//3288 1717//3288
f 1719//3289 1636//3289 1718//3289
f 1720//3290 1636//3290 1719//3290
f 1721//3291 1636//3291 1720//3291
f 1722//3292 1636//3292 1721//3292
f 1723//3293 1636//3293 1722//3293
f 1724//3294 1636//3294 1723//3294
f 1725//3295 1636//3295 1724//3295
f 1726//3296 1636//3296 1725//3296
f 1727//3297 1728//3297 1729//3297
f 1727//3298 1729//3298 1730//3298
f 1727//3299 1730//3299 1731//3299
f 1727//3300 1731//3300 1732//3300
f 1727//3301 1732//3301 1733//3301
f 1727//3302 1733//3302 1734//3302
f 1727//3303 1734//3303 1735//3303
f 1727//3304 1735//3304 1736//3304
f 1727//3305 1736//3305 1737//3305
f 1727//3306 1737//3306 1738//3306
f 1727//3307 1738//3307 1739//3307
f 1727//3308 1739//3308 1740//3308
f 1727//3309 1740//3309 1741//3309
f 1727//3310 1741//3310 1742//3310
f 1727//3311 1742//3311 1743//3311
f 1727//3312 1743//3312 1744//3312
f 1727//3313 1744//3313 1745//3313
f 1727//3314 1745//3314 1746//3314
f 1727//3315 1746//3315 1747//3315
f 1727//3316 1747//3316 1748//3316
f 1727//3317 1748//3317 1749//3317
f 1727//3318 1749//3318 1750//3318
f 1727//3319 1750//3319 1751//3319
f 1727//3320 1751//3320 1752//3320
f 1727//3321 1752//3321 1753//3321
f 1727//3322 1753//3322 1754//3322
f 1727//3323 1754//3323 1755//3323
f 1727//3324 1755//3324 1756//3324
f 1727//3325 1756//3325 1757//3325
f 1727//3326 1757//3326 1758//3326
f 1727//3327 1758//3327 1759//3327
f 1727//3328 1759//3328 1760//3328
f 1727//3329 1760//3329 1761//3329
f 1727//3330 1761//3330 1762//3330
f 1727//3331 1762//3331 1763//3331
f 1727//3332 1763//3332 1764//3332
f 1727//3333 1764//3333 1765//3333
f 1727//3334 1765//3334 1766//3334
f 1727//3335 1766//3335 1767//3335
f 1727//3336 1767//3336 1768//3336
f 1727//3337 1768//3337 1769//3337
f 1727//3338 1769//3338 1770//3338
f 1727//3339 1770//3339 1771//3339
f 1727//3340 1771//3340 1772//3340
f 1727//3341 1772//3341 1773//3341
f 1727//3342 1773//3342 1774//3342
f 1727//3343 1774//3343 1775//3343
f 1727//3344 1775//3344 1776//3344
f 1727//3345 1776//3345 1777//3345
f 1727//3346 1777//3346 1778//3346
f 1727//3347 1778//3347 1779//3347
f 1727//3348 1779//3348 1780//3348
f 1727//3349 1780//3349 1781//3349
f 1727//3350 1781//3350 1782//3350
f 1727//3351 1782//3351 1783//3351
f 1727//3352 1783//3352 1784//3352
f 1727//3353 1784//3353 1785//3353
f 1727//3354 1785//3354 1786//3354
f 1727//3355 1786//3355 1787//3355
f 1727//3356 1787//3356 1788//3356
f 1727//3357 1788//3357 1789//3357
f 1727//3358 1789//3358 1790//3358
f 1727//3359 1790//3359 1791//3359
f 1727//3360 1791//3360 1792//3360
f 1727//3361 1792//3361 1793//3361
f 1727//3362 1793//3362 1794//3362
f 1727//3363 1794//3363 1795//3363
f 1727//3364 1795//3364 1796//3364
f 1727//3365 1796//3365 1797//3365
f 1727//3366 1797//3366 1798//3366
f 1727//3367 1798//3367 1799//3367
f 1727//3368 1799//3368 1800//3368
f 1727//3369 1800//3369 1801//3369
f 1727//3370 1801//3370 1802//3370
f 1727//3371 1802//3371 1803//3371
f 1727//3372 1803//3372 1804//3372
f 1727//3373 1804//3373 1805//3373
f 1727//3374 1805//3374 1806//3374
f 1727//3375 1806//3375 1807//3375
f 1727//3376 1807//3376 1808//3376
f 1727//3377 1808//3377 1809//3377
f 1727//3378 1809//3378 1810//3378
f 1727//3379 1810//3379 1811//3379
f 1727//3380 1811//3380 1812//3380
f 1727//3381 1812//3381 1813//3381
f 1727//3382 1813//3382 1814//3382
f 1727//3383 1814//3383 1644//3383
f 1727//3384 1644//3384 1571//3384
f 1815//3385 1816//3385 1817//3385
f 1815//3386 1817//3386 1818//3386
f 1815//3387 1818//3387 1819//3387
f 1815//3388 1819//3388 1820//3388
f 1815//3389 1820//3389 1821//3389
f 1815//3390 1821//3390 1822//3390
f 1815//3391 1822//3391 1823//3391
f 1815//3392 1823//3392 1824//3392
f 1815//3393 1824//3393 1825//3393
f 1815//3394 1825//3394 1826//3394
f 1815//3395 1826//3395 1827//3395
f 1815//3396 1827//3396 1828//3396
f 1815//3397 1828//3397 1829//3397
f 1815//3398 1829//3398 1830//3398
f 1815//3399 1830//3399 1831//3399
f 1815//3400 1831//3400 1832//3400
f 1815//3401 1832//3401 1833//3401
f 1815//3402 1833//3402 1834//3402
f 1815//3403 1834//3403 1835//3403
f 1815//3404 1835//3404 1728//3404
f 1815//3405 1836//3405 1837//3405
f 1815//3406 1837//3406 1838//3406
f 1815//3407 1838//3407 1839//3407
f 1815//3408 1839//3408 1840//3408
f 1815//3409 1840//3409 1841//3409
f 1815//3410 1841//3410 1842//3410
f 1815//3411 1842//3411 1843//3411
f 1815//3412 1843//3412 1844//3412
f 1815//3413 1844//3413 1845//3413
f 1815//3414 1845//3414 1846//3414
f 1815//3415 1846//3415 1847//3415
f 1815//3416 1847//3416 1848//3416
f 1815//3417 1848//3417 1849//3417
f 1815//3418 1849//3418 1850//3418
f 1815//3419 1850//3419 1851//3419
f 1815//3420 1851//3420 1852//3420
f 1815//3421 1852//3421 1853//3421
f 1815//3422 1853//3422 1854//3422
f 1815//3423 1854//3423 1855//3423
f 1815//3424 1855//3424 1856//3424
f 1815//3425 1856//3425 1857//3425
f 1815//3426 1857//3426 1858//3426
f 1815//3427 1858//3427 1859//3427
f 1815//3428 1859//3428 1860//3428
f 1815//3429 1860//3429 1861//3429
f 1815//3430 1861//3430 1862//3430
f 1815//3431 1862//3431 1863//3431
f 1815//3432 1863//3432 1864//3432
f 1815//3433 1864//3433 1865//3433
f 1815//3434 1865//3434 1866//3434
f 1815//3435 1866//3435 1867//3435
f 1815//3436 1867//3436 1868//3436
f 1815//3437 1868//3437 1869//3437
f 1815//3438 1869//3438 1870//3438
f 1815//3439 1870//3439 1871//3439
f 1815//3440 1871//3440 1872//3440
f 1815//3441 1872//3441 1873//3441
f 1815//3442 1873//3442 1874//3442
f 1815//3443 1874//3443 1875//3443
f 1815//3444 1875//3444 1876//3444
f 1815//3445 1876//3445 1877//3445
f 1815//3446 1877//3446 1878//3446
f 1815//3447 1878//3447 1879//3447
f 1815//3448 1879//3448 1880//3448
f 1815//3449 1880//3449 1881//3449
f 1815//3450 1881//3450 1882//3450
f 1815//3451 1882//3451 1883//3451
f 1815//3452 1883//3452 1884//3452
f 1815//3453 1884//3453 1885//3453
f 1815//3454 1885//3454 1886//3454
f 1815//3455 1886//3455 1887//3455
f 1815//3456 1887//3456 1888//3456
f 1815//3457 1888//3457 1889//3457
f 1815//3458 1889//3458 1890//3458
f 1815//3459 1890//3459 1891//3459
f 1815//3460 1891//3460 1892//3460
f 1815//3461 1892//3461 1893//3461
f 1815//3462 1893//3462 1894//3462
f 1815//3463 1894//3463 1895//3463
f 1815//3464 1895//3464 1896//3464
f 1815//3465 1896//3465 1897//3465
f 1815//3466 1897//3466 1898//3466
f 1815//3467 1898//3467 1899//3467
f 1815//3468 1899//3468 1900//3468
f 1815//3469 1900//3469 1901//3469
f 1815//3470 1901//3470 1902//3470
f 1815//3471 1902//3471 1903//3471
f 1815//3472 1903//3472 1904//3472
f 1815//3473 1904//3473 1905//3473
f 1815//3474 1905//3474 1906//3474
f 1815//3475 1906//3475 1907//3475
f 1815//3476 1907//3476 1908//3476
f 1815//3477 1908//3477 1909//3477
f 1815//3478 1909//3478 1910//3478
f 1815//3479 1910//3479 1911//3479
f 1815//3480 1911//3480 1912//3480
f 1815//3481 1912//3481 1913//3481
f 1815//3482 1913//3482 1914//3482
f 1815//3483 1914//3483 1915//3483
f 1815//3484 1915//3484 1916//3484
f 1815//3485 1916//3485 1917//3485
f 1815//3486 1917//3486 1918//3486
f 1815//3487 1918//3487 1919//3487
f 1815//3488 1919//3488 1920//3488
f 1815//3489 1920//3489 1921//3489
f 1815//3490 1921//3490 1816//3490
f 1815//3491 1728//3491 1727//3491
f 1815//3492 1636//3492 1922//3492
f 1922//3493 1636//3493 1923//3493
f 1923//3494 1636//3494 1924//3494
f 1924//3495 1636//3495 1925//3495
f 1925//3496 1636//3496 1926//3496
f 1926//3497 1636//3497 1927//3497
f 1927//3498 1636//3498 1928//3498
f 1928//3499 1636//3499 1929//3499
f 1929//3500 1636//3500 1930//3500
f 1930//3501 1636//3501 1931//3501
f 1931//3502 1636//3502 1932//3502
f 1932//3503 1636//3503 1933//3503
f 1933//3504 1636//3504 1934//3504
f 1934//3505 1636//3505 1935//3505
f 1935//3506 1636//3506 1936//3506
f 1936//3507 1636//3507 1937//3507
f 1937//3508 1636//3508 1938//3508
f 1938//3509 1636//3509 1939//3509
f 1939//3510 1636//3510 1940//3510
f 1940//3511 1636//3511 1941//3511
f 1941//3512 1636//3512 1942//3512
f 1942//3513 1636//3513 1943//3513
f 1943//3514 1636//3514 1944//3514
f 1944//3515 1636//3515 1945//3515
f 1945//3516 1636//3516 1946//3516
f 1946//3517 1636//3517 1947//3517
f 1947//3518 1636//3518 1726//3518
f 1815//3519 1922//3519 1948//3519
f 1815//3520 1948//3520 1949//3520
f 1815//3521 1949//3521 1950//3521
f 1815//3522 1950//3522 1951//3522
f 1815//3523 1951//3523 1952//3523
f 1815//3524 1952//3524 1953//3524
f 1815//3525 1953//3525 1954//3525
f 1815//3526 1954//3526 1955//3526
f 1815//3527 1955//3527 1956//3527
f 1815//3528 1956//3528 1836//3528
f 1727//3529 1957//3529 1815//3529
f 1727//3530 1958//3530 1957//3530
f 1959//3531 1960//3531 1958//3531
f 1961//3532 1958//3532 1960//3532
f 1962//3533 1958//3533 1961//3533
f 1963//3534 1959//3534 1958//3534
f 1964//3535 1958//3535 1962//3535
f 1965//3536 1963//3536 1958//3536
f 1966//3537 1958//3537 1964//3537
f 1967//3538 1965//3538 1958//3538
f 1968//3539 1967//3539 1958//3539
f 1969//3540 1958//3540 1966//3540
f 1970//3541 1958//3541 1969//3541
f 1971//3542 1968//3542 1958//3542
f 1972//3543 1958//3543 1970//3543
f 1973//3544 1971//3544 1958//3544
f 1974//3545 1958//3545 1972//3545
f 1975//3546 1973//3546 1958//3546
f 1976//3547 1958//3547 1974//3547
f 1977//3548 1975//3548 1958//3548
f 1978//3549 1977//3549 1958//3549
f 1979//3550 1958//3550 1976//3550
f 1980//3551 1978//3551 1958//3551
f 1981//3552 1958//3552 1979//3552
f 1982//3553 1980//3553 1958//3553
f 1983//3554 1958//3554 1981//3554
f 1984//3555 1982//3555 1958//3555
f 1985//3556 1958//3556 1983//3556
f 1986//3557 1984//3557 1958//3557
f 1987//3558 1958//3558 1985//3558
f 1988//3559 1958//3559 1987//3559
f 1989//3560 1986//3560 1958//3560
f 1990//3561 1989//3561 1958//3561
f 1991//3562 1958//3562 1988//3562
f 1992//3563 1990//3563 1958//3563
f 1993//3564 1958//3564 1991//3564
f 1994//3565 1958//3565 1993//3565
f 1995//3566 1992//3566 1958//3566
f 1996//3567 1995//3567 1958//3567
f 1997//3568 1958//3568 1994//3568
f 1998//3569 1958//3569 1997//3569
f 1999//3570 1996//3570 1958//3570
f 2000//3571 1958//3571 1998//3571
f 2001//3572 1999//3572 1958//3572
f 2002//3573 1958//3573 2000//3573
f 2003//3574 2001//3574 1958//3574
f 2004//3575 1958//3575 2002//3575
f 2005//3576 2003//3576 1958//3576
f 2006//3577 1958//3577 2004//3577
f 2007//3578 2005//3578 1958//3578
f 2008//3579 1958//3579 2006//3579
f 2009//3580 2007//3580 1958//3580
f 2010//3581 1958//3581 2008//3581
f 2011//3582 2009//3582 1958//3582
f 2012//3583 2011//3583 1958//3583
f 2013//3584 1958//3584 2010//3584
f 2014//3585 1957//3585 1958//3585
f 2014//3586 1958//3586 2013//3586
f 2015//3587 2012//3587 1958//3587
f 2016//3588 1957//3588 2014//3588
f 2017//3589 2015//3589 1958//3589
f 2018//3590 1957//3590 2016//3590
f 2019//3591 2017//3591 1958//3591
f 2020//3592 1957//3592 2018//3592
f 2021//3593 2019//3593 1958//3593
f 2022//3594 2021//3594 1958//3594
f 2023//3595 1957//3595 2020//3595
f 2024//3596 1957//3596 2023//3596
f 2025//3597 2022//3597 1958//3597
f 2026//3598 1957//3598 2024//3598
f 2027//3599 2025//3599 1958//3599
f 2028//3600 1957//3600 2026//3600
f 2029//3601 2027//3601 1958//3601
f 2030//3602 1957//3602 2028//3602
f 2031//3603 2029//3603 1958//3603
f 2032//3604 2031//3604 1958//3604
f 2033//3605 1957//3605 2030//3605
f 2034//3606 1957//3606 2033//3606
f 2035//3607 2032//3607 1958//3607
f 2036//3608 1957//3608 2034//3608
f 2037//3609 2035//3609 1958//3609
f 2038//3610 1957//3610 2036//3610
f 2039//3611 2037//3611 1958//3611
f 2040//3612 2039//3612 1958//3612
f 2041//3613 1957//3613 2038//3613
f 2042//3614 1957//3614 2041//3614
f 2043//3615 2040//3615 1958//3615
f 2044//3616 2043//3616 1958//3616
f 2045//3617 1957//3617 2042//3617
f 2046//3618 2044//3618 1958//3618
f 2047//3619 1957//3619 2045//3619
f 2048//3620 1957//3620 2047//3620
f 2049//3621 2046//3621 1958//3621
f 2050//3622 1957//3622 2048//3622
f 2051//3623 2049//3623 1958//3623
f 2052//3624 2051//3624 1958//3624
f 2053//3625 1957//3625 2050//3625
f 2054//3626 2052//3626 1958//3626
f 2055//3627 1957//3627 2053//3627
f 2056//3628 1957//3628 2055//3628
f 2057//3629 2054//3629 1958//3629
f 2058//3630 1957//3630 2056//3630
f 2059//3631 2057//3631 1958//3631
f 2060//3632 1957//3632 2058//3632
f 2061//3633 2059//3633 1958//3633
f 2062//3634 2061//3634 1958//3634
f 2063//3635 1957//3635 2060//3635
f 2064//3636 2062//3636 1958//3636
f 2065//3637 1957//3637 2063//3637
f 2066//3638 1957//3638 2065//3638
f 2067//3639 2064//3639 1958//3639
f 2068//3640 2067//3640 1958//3640
f 2069//3641 1957//3641 2066//3641
f 2070//3642 1957//3642 2069//3642
f 2071//3643 2068//3643 1958//3643
f 2072//3644 1957//3644 2070//3644
f 2073//3645 2071//3645 1958//3645
f 2074//3646 1957//3646 2072//3646
f 2075//3647 2073//3647 1958//3647
f 2076//3648 2075//3648 1958//3648
f 2077//3649 1957//3649 2074//3649
f 2078//3650 1957//3650 2077//3650
f 2079//3651 1957//3651 2078//3651
f 2080//3652 1957//3652 2079//3652
f 2081//3653 1957//3653 2080//3653
f 2082//3654 1957//3654 2081//3654
f 2083//3655 1957//3655 2082//3655
f 2084//3656 1957//3656 2083//3656
f 2085//3657 1957//3657 2084//3657
f 2086//3658 1957//3658 2085//3658
f 2087//3659 1957//3659 2086//3659
f 2088//3660 1957//3660 2087//3660
f 2089//3661 1957//3661 2088//3661
f 2090//3662 1957//3662 2089//3662
f 2091//3663 1957//3663 2090//3663
f 2092//3664 1957//3664 2091//3664
f 2093//3665 1957//3665 2092//3665
f 2094//3666 1957//3666 2093//3666
f 2095//3667 1957//3667 2094//3667
f 2096//3668 1957//3668 2095//3668
f 2097//3669 1957//3669 2096//3669
f 2098//3670 1957//3670 2097//3670
f 2099//3671 1957//3671 2098//3671
f 2100//3672 1957//3672 2099//3672
f 2101//3673 1957//3673 2100//3673
f 2102//3674 1957//3674 2101//3674
f 2103//3675 1957//3675 2102//3675
f 2104//3676 1957//3676 2103//3676
f 2105//3677 1957//3677 2104//3677
f 2106//3678 1957//3678 2105//3678
f 2107//3679 1957//3679 2106//3679
f 2108//3680 1957//3680 2107//3680
f 2109//3681 1957//3681 2108//3681
f 2110//3682 1957//3682 2109//3682
f 2111//3683 1957//3683 2110//3683
f 2112//3684 1957//3684 2111//3684
f 2113//3685 1957//3685 2112//3685
f 2114//3686 1957//3686 2113//3686
f 2115//3687 1957//3687 2114//3687
f 2116//3688 1957//3688 2115//3688
f 2117//3689 1957//3689 2116//3689
f 2118//3690 1957//3690 2117//3690
f 2119//3691 1957//3691 2118//3691
f 2120//3692 1957//3692 2119//3692
f 2121//3693 1957//3693 2120//3693
f 2122//3694 1957//3694 2121//3694
f 2123//3695 1957//3695 2122//3695
f 2124//3696 1957//3696 2123//3696
f 2125//3697 1957//3697 2124//3697
f 2126//3698 1957//3698 2125//3698
f 2127//3699 1957//3699 2126//3699
f 2128//3700 1957//3700 2127//3700
f 2129//3701 1957//3701 2128//3701
f 2130//3702 1957//3702 2129//3702
f 2131//3703 1957//3703 2130//3703
f 2132//3704 1957//3704 2131//3704
f 2133//3705 1957//3705 2132//3705
f 2134//3706 1957//3706 2133//3706
f 2135//3707 1957//3707 2134//3707
f 2136//3708 1957//3708 2135//3708
f 2137//3709 1957//3709 2136//3709
f 2138//3710 1957//3710 2137//3710
f 2139//3711 1957//3711 2138//3711
f 2140//3712 1957//3712 2139//3712
f 2141//3713 1957//3713 2140//3713
f 2142//3714 1957//3714 2141//3714
f 2143//3715 1957//3715 2142//3715
f 2144//3716 1957//3716 2143//3716
f 2145//3717 1957//3717 2144//3717
f 2146//3718 1957//3718 2145//3718
f 2147//3719 1957//3719 2146//3719
f 2148//3720 1957//3720 2147//3720
f 2149//3721 1957//3721 2148//3721
f 2150//3722 1957//3722 2149//3722
f 2151//3723 1957//3723 2150//3723
f 2152//3724 1957//3724 2151//3724
f 2153//3725 2154//3725 2155//3725
f 2153//3726 2155//3726 2156//3726
f 2153//3727 2156//3727 2157//3727
f 2153//3728 2157//3728 2158//3728
f 2153//3729 2158//3729 2159//3729
f 2153//3730 2159//3730 2160//3730
f 2153//3731 2160//3731 2161//3731
f 2153//3732 2161//3732 2162//3732
f 2153//3733 2162//3733 2163//3733
f 2153//3734 2163//3734 2164//3734
f 2153//3735 2164//3735 2165//3735
f 2153//3736 2165//3736 2166//3736
f 2153//3737 2166//3737 2167//3737
f 2153//3738 2167//3738 2168//3738
f 2153//3739 2168//3739 2169//3739
f 2153//3740 2169//3740 2170//3740
f 2153//3741 2170//3741 2171//3741
f 2153//3742 2171//3742 2172//3742
f 2153//3743 2172//3743 2173//3743
f 2153//3744 2173//3744 2174//3744
f 2153//3745 2174//3745 2175//3745
f 2153//3746 2175//3746 2176//3746
f 2153//3747 2176//3747 2177//3747
f 2153//3748 2177//3748 2178//3748
f 2153//3749 2178//3749 2179//3749
f 2153//3750 2179//3750 2180//3750
f 2153//3751 2180//3751 2181//3751
f 2153//3752 2181//3752 2182//3752
f 2153//3753 2182//3753 2183//3753
f 2153//3754 2183//3754 2184//3754
f 2153//3755 2184//3755 2185//3755
f 2153//3756 2185//3756 2186//3756
f 2153//3757 2186//3757 2187//3757
f 2153//3758 2187//3758 2188//3758
f 2153//3759 2188//3759 2189//3759
f 2153//3760 2189//3760 2190//3760
f 2153//3761 2190//3761 2191//3761
f 2153//3762 2191//3762 2192//3762
f 2153//3763 2192//3763 2193//3763
f 2153//3764 2193//3764 2194//3764
f 2153//3765 2194//3765 2195//3765
f 2153//3766 2195//3766 2196//3766
f 2153//3767 2196//3767 2197//3767
f 2153//3768 2197//3768 2198//3768
f 2153//3769 2198//3769 2199//3769
f 2153//3770 2199//3770 2200//3770
f 2153//3771 2200//3771 2201//3771
f 2153//3772 2201//3772 2202//3772
f 2153//3773 2202//3773 2203//3773
f 2153//3774 2203//3774 2204//3774
f 2153//3775 2204//3775 2205//3775
f 2153//3776 2205//3776 2206//3776
f 2153//3777 2206//3777 2207//3777
f 2153//3778 2207//3778 2208//3778
f 2153//3779 2208//3779 2209//3779
f 2153//3780 2209//3780 2210//3780
f 2153//3781 2210//3781 2211//3781
f 2153//3782 2211//3782 2212//3782
f 2153//3783 2212//3783 2213//3783
f 2153//3784 2213//3784 2214//3784
f 2153//3785 2214//3785 2215//3785
f 2153//3786 2215//3786 2216//3786
f 2153//3787 2216//3787 2217//3787
f 2153//3788 2217//3788 2218//3788
f 2153//3789 2218//3789 2219//3789
f 2153//3790 2219//3790 2220//3790
f 2153//3791 2220//3791 2221//3791
f 2153//3792 2221//3792 2222//3792
f 2153//3793 2222//3793 2223//3793
f 2153//3794 2223//3794 2076//3794
f 2153//3795 2076//3795 1958//3795
f 2224//3796 2225//3796 2226//3796
f 2224//3797 2226//3797 2227//3797
f 2224//3798 2227//3798 2228//3798
f 2224//3799 2228//3799 2229//3799
f 2224//3800 2229//3800 2230//3800
f 2224//3801 2230//3801 2231//3801
f 2224//3802 2231//3802 2232//3802
f 2224//3803 2232//3803 2233//3803
f 2224//3804 2233//3804 2234//3804
f 2224//3805 2234//3805 2154//3805
f 2224//3806 2235//3806 2236//3806
f 2224//3807 2236//3807 2237//3807
f 2224//3808 2237//3808 2238//3808
f 2224//3809 2238//3809 2239//3809
f 2224//3810 2239//3810 2240//3810
f 2224//3811 2240//3811 2241//3811
f 2224//3812 2241//3812 2242//3812
f 2224//3813 2242//3813 2243//3813
f 2224//3814 2243//3814 2244//3814
f 2224//3815 2244//3815 2245//3815
f 2224//3816 2245//3816 2246//3816
f 2224//3817 2246//3817 2247//3817
f 2224//3818 2247//3818 2248//3818
f 2224//3819 2248//3819 2249//3819
f 2224//3820 2249//3820 2250//3820
f 2224//3821 2250//3821 2251//3821
f 2224//3822 2251//3822 2252//3822
f 2224//3823 2252//3823 2253//3823
f 2224//3824 2253//3824 2254//3824
f 2224//3825 2254//3825 2255//3825
f 2224//3826 2255//3826 2256//3826
f 2224//3827 2256//3827 2257//3827
f 2224//3828 2257//3828 2258//3828
f 2224//3829 2258//3829 2259//3829
f 2224//3830 2259//3830 2260//3830
f 2224//3831 2260//3831 2261//3831
f 2224//3832 2261//3832 2262//3832
f 2224//3833 2262//3833 2263//3833
f 2224//3834 2263//3834 2264//3834
f 2224//3835 2264//3835 2265//3835
f 2224//3836 2265//3836 2266//3836
f 2224//3837 2266//3837 2267//3837
f 2224//3838 2267//3838 2268//3838
f 2224//3839 2268//3839 2269//3839
f 2224//3840 2269//3840 2270//3840
f 2224//3841 2270//3841 2271//3841
f 2224//3842 2271//3842 2272//3842
f 2224//3843 2272//3843 2273//3843
f 2224//3844 2273//3844 2274//3844
f 2224//3845 2274//3845 2275//3845
f 2224//3846 2275//3846 2276//3846
f 2224//3847 2276//3847 2277//3847
f 2224//3848 2277//3848 2278//3848
f 2224//3849 2278//3849 2279//3849
f 2224//3850 2279//3850 2280//3850
f 2224//3851 2280//3851 2281//3851
f 2224//3852 2281//3852 2282//3852
f 2224//3853 2282//3853 2283//3853
f 2224//3854 2283//3854 2284//3854
f 2224//3855 2284//3855 2285//3855
f 2224//3856 2285//3856 2286//3856
f 2224//3857 2286//3857 2287//3857
f 2224//3858 2287//3858 2288//3858
f 2224//3859 2288//3859 2289//3859
f 2224//3860 2289//3860 2290//3860
f 2224//3861 2290//3861 2291//3861
f 2224//3862 2291//3862 2292//3862
f 2224//3863 2292//3863 2293//3863
f 2224//3864 2293//3864 2294//3864
f 2224//3865 2294//3865 2295//3865
f 2224//3866 2295//3866 2296//3866
f 2224//3867 2296//3867 2297//3867
f 2224//3868 2297//3868 2298//3868
f 2224//3869 2298//3869 2299//3869
f 2224//3870 2299//3870 2300//3870
f 2224//3871 2300//3871 2301//3871
f 2224//3872 2301//3872 2302//3872
f 2224//3873 2302//3873 2303//3873
f 2224//3874 2303//3874 2304//3874
f 2224//3875 2304//3875 2305//3875
f 2224//3876 2305//3876 2306//3876
f 2224//3877 2306//3877 2307//3877
f 2224//3878 2154//3878 2153//3878
f 2224//3879 2307//3879 2308//3879
f 2224//3880 2308//3880 2309//3880
f 2224//3881 2309//3881 2225//3881
f 2224//3882 1957//3882 2310//3882
f 2310//3883 1957//3883 2311//3883
f 2311//3884 1957//3884 2312//3884
f 2312//3885 1957//3885 2313//3885
f 2313//3886 1957//3886 2314//3886
f 2314//3887 1957//3887 2315//3887
f 2315//3888 1957//3888 2316//3888
f 2316//3889 1957//3889 2317//3889
f 2317//3890 1957//3890 2318//3890
f 2318//3891 1957//3891 2319//3891
f 2319//3892 1957//3892 2152//3892
f 2224//3893 2310//3893 2320//3893
f 2224//3894 2320//3894 2321//3894
f 2224//3895 2321//3895 2322//3895
f 2224//3896 2322//3896 2323//3896
f 2224//3897 2323//3897 2324//3897
f 2224//3898 2324//3898 2325//3898
f 2224//3899 2325//3899 2326//3899
f 2224//3900 2326//3900 2327//3900
f 2224//3901 2327//3901 2328//3901
f 2224//3902 2328//3902 2329//3902
f 2224//3903 2329//3903 2330//3903
f 2224//3904 2330//3904 2331//3904
f 2224//3905 2331//3905 2332//3905
f 2224//3906 2332//3906 2333//3906
f 2224//3907 2333//3907 2334//3907
f 2224//3908 2334//3908 2335//3908
f 2224//3909 2335//3909 2336//3909
f 2224//3910 2336//3910 2337//3910
f 2224//3911 2337//3911 2338//3911
f 2224//3912 2338//3912 2339//3912
f 2224//3913 2339//3913 2340//3913
f 2224//3914 2340//3914 2341//3914
f 2224//3915 2341//3915 2342//3915
f 2224//3916 2342//3916 2343//3916
f 2224//3917 2343//3917 2344//3917
f 2224//3918 2344//3918 2235//3918
f 2153//3919 1636//3919 2224//3919
f 2153//3920 1571//3920 1636//3920
f 1815//3921 1957//3921 2224//3921
f 1815//3922 2224//3922 1636//3922
f 1958//3923 1727//3923 1571//3923
f 1958//3924 1571//3924 2153//3924
f 1921//3925 1920//3925 2058//3925
f 1921//3926 2058//3926 2056//3926
f 1816//3927 1921//3927 2056//3927
f 1816//3928 2056//3928 2055//3928
f 2334//3929 1936//3929 1937//3929
f 2334//3930 2333//3930 1936//3930
f 1879//3931 1878//3931 2110//3931
f 1879//3932 2110//3932 2109//3932
f 2241//3933 1721//3933 1720//3933
f 2241//3934 2240//3934 1721//3934
f 1577//3935 1575//3935 2184//3935
f 1577//3936 2184//3936 2183//3936
f 1605//3937 1604//3937 2170//3937
f 1605//3938 2170//3938 2169//3938
f 2049//3939 1802//3939 1801//3939
f 2049//3940 2051//3940 1802//3940
f 1655//3941 1654//3941 2307//3941
f 1655//3942 2307//3942 2306//3942
f 1892//3943 1891//3943 2097//3943
f 1892//3944 2097//3944 2096//3944
f 1744//3945 1743//3945 1985//3945
f 1744//3946 1985//3946 1983//3946
f 2037//3947 1796//3947 1795//3947
f 2037//3948 2039//3948 1796//3948
f 2188//3949 1570//3949 1569//3949
f 2188//3950 2187//3950 1570//3950
f 2011//3951 1783//3951 1782//3951
f 2011//3952 2012//3952 1783//3952
f 1658//3953 1657//3953 2304//3953
f 1658//3954 2304//3954 2303//3954
f 1919//3955 1918//3955 2063//3955
f 1919//3956 2063//3956 2060//3956
f 1888//3957 1887//3957 2101//3957
f 1888//3958 2101//3958 2100//3958
f 2204//3959 1601//3959 1603//3959
f 2204//3960 2203//3960 1601//3960
f 1666//3961 1665//3961 2296//3961
f 1666//3962 2296//3962 2295//3962
f 2015//3963 1785//3963 1784//3963
f 2015//3964 2017//3964 1785//3964
f 2017//3965 1786//3965 1785//3965
f 2017//3966 2019//3966 1786//3966
f 1823//3967 1822//3967 2042//3967
f 1823//3968 2042//3968 2041//3968
f 2130//3969 1859//3969 1858//3969
f 2130//3970 2129//3970 1859//3970
f 1700//3971 1699//3971 2262//3971
f 1700//3972 2262//3972 2261//3972
f 2142//3973 1847//3973 1846//3973
f 2142//3974 2141//3974 1847//3974
f 1755//3975 1754//3975 1962//3975
f 1755//3976 1962//3976 1961//3976
f 1619//3977 1618//3977 2163//3977
f 1619//3978 2163//3978 2162//3978
f 1625//3979 1624//3979 2160//3979
f 1625//3980 2160//3980 2159//3980
f 2067//3981 1811//3981 1810//3981
f 2067//3982 2068//3982 1811//3982
f 2250//3983 1712//3983 1711//3983
f 2250//3984 2249//3984 1712//3984
f 1679//3985 1678//3985 2283//3985
f 1679//3986 2283//3986 2282//3986
f 2005//3987 1780//3987 1779//3987
f 2005//3988 2007//3988 1780//3988
f 1822//3989 1821//3989 2045//3989
f 1822//3990 2045//3990 2042//3990
f 1834//3991 1833//3991 2020//3991
f 1834//3992 2020//3992 2018//3992
f 1885//3993 1884//3993 2104//3993
f 1885//3994 2104//3994 2103//3994
f 1891//3995 1890//3995 2098//3995
f 1891//3996 2098//3996 2097//3996
f 2115//3997 1874//3997 1873//3997
f 2115//3998 2114//3998 1874//3998
f 2256//3999 1706//3999 1705//3999
f 2256//4000 2255//4000 1706//4000
f 1733//4001 1732//4001 2006//4001
f 1733//4002 2006//4002 2004//4002
f 1959//4003 1758//4003 1757//4003
f 1959//4004 1963//4004 1758//4004
f 1731//4005 1730//4005 2010//4005
f 1731//4006 2010//4006 2008//4006
f 1895//4007 1894//4007 2094//4007
f 1895//4008 2094//4008 2093//4008
f 1967//4009 1761//4009 1760//4009
f 1967//4010 1968//4010 1761//4010
f 1741//4011 1740//4011 1991//4011
f 1741//4012 1991//4012 1988//4012
f 1604//4013 1602//4013 2171//4013
f 1604//4014 2171//4014 2170//4014
f 1907//4015 1906//4015 2082//4015
f 1907//4016 2082//4016 2081//4016
f 2062//4017 1809//4017 1808//4017
f 2062//4018 2064//4018 1809//4018
f 2190//4019 1574//4019 1576//4019
f 2190//4020 2189//4020 1574//4020
f 2222//4021 1639//4021 1641//4021
f 2222//4022 2221//4022 1639//4022
f 2121//4023 1868//4023 1867//4023
f 2121//4024 2120//4024 1868//4024
f 2075//4025 1644//4025 1814//4025
f 2075//4026 2076//4026 1644//4026
f 1661//4027 1660//4027 2301//4027
f 1661//4028 2301//4028 2300//4028
f 1652//4029 1651//4029 2225//4029
f 1652//4030 2225//4030 2309//4030
f 2132//4031 1857//4031 1856//4031
f 2132//4032 2131//4032 1857//4032
f 2032//4033 1794//4033 1793//4033
f 2032//4034 2035//4034 1794//4034
f 1968//4035 1762//4035 1761//4035
f 1968//4036 1971//4036 1762//4036
f 1824//4037 1823//4037 2041//4037
f 1824//4038 2041//4038 2038//4038
f 1699//4039 1698//4039 2263//4039
f 1699//4040 2263//4040 2262//4040
f 1883//4041 1882//4041 2106//4041
f 1883//4042 2106//4042 2105//4042
f 1659//4043 1658//4043 2303//4043
f 1659//4044 2303//4044 2302//4044
f 2210//4045 1614//4045 1616//4045
f 2210//4046 2209//4046 1614//4046
f 2322//4047 1924//4047 1925//4047
f 2322//4048 2321//4048 1924//4048
f 1657//4049 1656//4049 2305//4049
f 1657//4050 2305//4050 2304//4050
f 1753//4051 1752//4051 1966//4051
f 1753//4052 1966//4052 1964//4052
f 2326//4053 1928//4053 1929//4053
f 2326//4054 2325//4054 1928//4054
f 2059//4055 1807//4055 1806//4055
f 2059//4056 2061//4056 1807//4056
f 1612//4057 1609//4057 2167//4057
f 1612//4058 2167//4058 2166//4058
f 1905//4059 1904//4059 2084//4059
f 1905//4060 2084//4060 2083//4060
f 2257//4061 1705//4061 1704//4061
f 2257//4062 2256//4062 1705//4062
f 2196//4063 1586//4063 1588//4063
f 2196//4064 2195//4064 1586//4064
f 2255//4065 1707//4065 1706//4065
f 2255//4066 2254//4066 1707//4066
f 2238//4067 1724//4067 1723//4067
f 2238//4068 2237//4068 1724//4068
f 2119//4069 1870//4069 1869//4069
f 2119//4070 2118//4070 1870//4070
f 2057//4071 1806//4071 1805//4071
f 2057//4072 2059//4072 1806//4072
f 2207//4073 1607//4073 1610//4073
f 2207//4074 2206//4074 1607//4074
f 2001//4075 1778//4075 1777//4075
f 2001//4076 2003//4076 1778//4076
f 2029//4077 1792//4077 1791//4077
f 2029//4078 2031//4078 1792//4078
f 2313//4079 1951//4079 1950//4079
f 2313//4080 2314//4080 1951//4080
f 2147//4081 1842//4081 1841//4081
f 2147//4082 2146//4082 1842//4082
f 1749//4083 1748//4083 1974//4083
f 1749//4084 1974//4084 1972//4084
f 1599//4085 1598//4085 2173//4085
f 1599//4086 2173//4086 2172//4086
f 2141//4087 1848//4087 1847//4087
f 2141//4088 2140//4088 1848//4088
f 1693//4089 1692//4089 2269//4089
f 1693//4090 2269//4090 2268//4090
f 1833//4091 1832//4091 2023//4091
f 1833//4092 2023//4092 2020//4092
f 1989//4093 1772//4093 1771//4093
f 1989//4094 1990//4094 1772//4094
f 1752//4095 1751//4095 1969//4095
f 1752//4096 1969//4096 1966//4096
f 1654//4097 1653//4097 2308//4097
f 1654//4098 2308//4098 2307//4098
f 2129//4099 1860//4099 1859//4099
f 2129//4100 2128//4100 1860//4100
f 1999//4101 1777//4101 1776//4101
f 1999//4102 2001//4102 1777//4102
f 2251//4103 1711//4103 1710//4103
f 2251//4104 2250//4104 1711//4104
f 1585//4105 1583//4105 2180//4105
f 1585//4106 2180//4106 2179//4106
f 2064//4107 1810//4107 1809//4107
f 2064//4108 2067//4108 1810//4108
f 2192//4109 1578//4109 1579//4109
f 2192//4110 2191//4110 1578//4110
f 1621//4111 1619//4111 2162//4111
f 1621//4112 2162//4112 2161//4112
f 2191//4113 1576//4113 1578//4113
f 2191//4114 2190//4114 1576//4114
f 1963//4115 1759//4115 1758//4115
f 1963//4116 1965//4116 1759//4116
f 2337//4117 1939//4117 1940//4117
f 2337//4118 2336//4118 1939//4118
f 1876//4119 1875//4119 2113//4119
f 1876//4120 2113//4120 2112//4120
f 2240//4121 1722//4121 1721//4121
f 2240//4122 2239//4122 1722//4122
f 2218//4123 1630//4123 1632//4123
f 2218//4124 2217//4124 1630//4124
f 1832//4125 1831//4125 2024//4125
f 1832//4126 2024//4126 2023//4126
f 1817//4127 1816//4127 2055//4127
f 1817//4128 2055//4128 2053//4128
f 2321//4129 1923//4129 1924//4129
f 2321//4130 2320//4130 1923//4130
f 1908//4131 1907//4131 2081//4131
f 1908//4132 2081//4132 2080//4132
f 1743//4133 1742//4133 1987//4133
f 1743//4134 1987//4134 1985//4134
f 1909//4135 1908//4135 2080//4135
f 1909//4136 2080//4136 2079//4136
f 2144//4137 1845//4137 1844//4137
f 2144//4138 2143//4138 1845//4138
f 1618//4139 1615//4139 2164//4139
f 1618//4140 2164//4140 2163//4140
f 1575//4141 1573//4141 2185//4141
f 1575//4142 2185//4142 2184//4142
f 2336//4143 1938//4143 1939//4143
f 2336//4144 2335//4144 1938//4144
f 2122//4145 1867//4145 1866//4145
f 2122//4146 2121//4146 1867//4146
f 2118//4147 1871//4147 1870//4147
f 2118//4148 2117//4148 1871//4148
f 1747//4149 1746//4149 1979//4149
f 1747//4150 1979//4150 1976//4150
f 1819//4151 1818//4151 2050//4151
f 1819//4152 2050//4152 2048//4152
f 2244//4153 1718//4153 1717//4153
f 2244//4154 2243//4154 1718//4154
f 2343//4155 1945//4155 1946//4155
f 2343//4156 2342//4156 1945//4156
f 1615//4157 1613//4157 2165//4157
f 1615//4158 2165//4158 2164//4158
f 2128//4159 1861//4159 1860//4159
f 2128//4160 2127//4160 1861//4160
f 2051//4161 1803//4161 1802//4161
f 2051//4162 2052//4162 1803//4162
f 1910//4163 1909//4163 2079//4163
f 1910//4164 2079//4164 2078//4164
f 1627//4165 1625//4165 2159//4165
f 1627//4166 2159//4166 2158//4166
f 2124//4167 1865//4167 1864//4167
f 2124//4168 2123//4168 1865//4168
f 2139//4169 1850//4169 1849//4169
f 2139//4170 2138//4170 1850//4170
f 2137//4171 1852//4171 1851//4171
f 2137//4172 2136//4172 1852//4172
f 1914//4173 1913//4173 2072//4173
f 1914//4174 2072//4174 2070//4174
f 2328//4175 1930//4175 1931//4175
f 2328//4176 2327//4176 1930//4176
f 2237//4177 1725//4177 1724//4177
f 2237//4178 2236//4178 1725//4178
f 1728//4179 1835//4179 2016//4179
f 1728//4180 2016//4180 2014//4180
f 1642//4181 1640//4181 2233//4181
f 1642//4182 2233//4182 2232//4182
f 1821//4183 1820//4183 2047//4183
f 1821//4184 2047//4184 2045//4184
f 2046//4185 1801//4185 1800//4185
f 2046//4186 2049//4186 1801//4186
f 2310//4187 1948//4187 1922//4187
f 2310//4188 2311//4188 1948//4188
f 2344//4189 1946//4189 1947//4189
f 2344//4190 2343//4190 1946//4190
f 2146//4191 1843//4191 1842//4191
f 2146//4192 2145//4192 1843//4192
f 2253//4193 1709//4193 1708//4193
f 2253//4194 2252//4194 1709//4194
f 1828//4195 1827//4195 2033//4195
f 1828//4196 2033//4196 2030//4196
f 2332//4197 1934//4197 1935//4197
f 2332//4198 2331//4198 1934//4198
f 2314//4199 1952//4199 1951//4199
f 2314//4200 2315//4200 1952//4200
f 1827//4201 1826//4201 2034//4201
f 1827//4202 2034//4202 2033//4202
f 2136//4203 1853//4203 1852//4203
f 2136//4204 2135//4204 1853//4204
f 1645//4205 1642//4205 2232//4205
f 1645//4206 2232//4206 2231//4206
f 1904//4207 1903//4207 2085//4207
f 1904//4208 2085//4208 2084//4208
f 1911//4209 1910//4209 2078//4209
f 1911//4210 2078//4210 2077//4210
f 2022//4211 1789//4211 1788//4211
f 2022//4212 2025//4212 1789//4212
f 1683//4213 1682//4213 2279//4213
f 1683//4214 2279//4214 2278//4214
f 1695//4215 1694//4215 2267//4215
f 1695//4216 2267//4216 2266//4216
f 1826//4217 1825//4217 2036//4217
f 1826//4218 2036//4218 2034//4218
f 1887//4219 1886//4219 2102//4219
f 1887//4220 2102//4220 2101//4220
f 1875//4221 1874//4221 2114//4221
f 1875//4222 2114//4222 2113//4222
f 2131//4223 1858//4223 1857//4223
f 2131//4224 2130//4224 1858//4224
f 1920//4225 1919//4225 2060//4225
f 1920//4226 2060//4226 2058//4226
f 1647//4227 1646//4227 2230//4227
f 1647//4228 2230//4228 2229//4228
f 1880//4229 1879//4229 2109//4229
f 1880//4230 2109//4230 2108//4230
f 1916//4231 1915//4231 2069//4231
f 1916//4232 2069//4232 2066//4232
f 1738//4233 1737//4233 1997//4233
f 1738//4234 1997//4234 1994//4234
f 1918//4235 1917//4235 2065//4235
f 1918//4236 2065//4236 2063//4236
f 1697//4237 1696//4237 2265//4237
f 1697//4238 2265//4238 2264//4238
f 1915//4239 1914//4239 2070//4239
f 1915//4240 2070//4240 2069//4240
f 1667//4241 1666//4241 2295//4241
f 1667//4242 2295//4242 2294//4242
f 2151//4243 1838//4243 1837//4243
f 2151//4244 2150//4244 1838//4244
f 1674//4245 1673//4245 2288//4245
f 1674//4246 2288//4246 2287//4246
f 1703//4247 1702//4247 2259//4247
f 1703//4248 2259//4248 2258//4248
f 1825//4249 1824//4249 2038//4249
f 1825//4250 2038//4250 2036//4250
f 1984//4251 1770//4251 1769//4251
f 1984//4252 1986//4252 1770//4252
f 1896//4253 1895//4253 2093//4253
f 1896//4254 2093//4254 2092//4254
f 1820//4255 1819//4255 2048//4255
f 1820//4256 2048//4256 2047//4256
f 2150//4257 1839//4257 1838//4257
f 2150//4258 2149//4258 1839//4258
f 1581//4259 1580//4259 2182//4259
f 1581//4260 2182//4260 2181//4260
f 2214//4261 1622//4261 1623//4261
f 2214//4262 2213//4262 1622//4262
f 2044//4263 1800//4263 1799//4263
f 2044//4264 2046//4264 1800//4264
f 2341//4265 1943//4265 1944//4265
f 2341//4266 2340//4266 1943//4266
f 1730//4267 1729//4267 2013//4267
f 1730//4268 2013//4268 2010//4268
f 1694//4269 1693//4269 2268//4269
f 1694//4270 2268//4270 2267//4270
f 1704//4271 1703//4271 2258//4271
f 1704//4272 2258//4272 2257//4272
f 1990//4273 1773//4273 1772//4273
f 1990//4274 1992//4274 1773//4274
f 2125//4275 1864//4275 1863//4275
f 2125//4276 2124//4276 1864//4276
f 2140//4277 1849//4277 1848//4277
f 2140//4278 2139//4278 1849//4278
f 1893//4279 1892//4279 2096//4279
f 1893//4280 2096//4280 2095//4280
f 2325//4281 1927//4281 1928//4281
f 2325//4282 2324//4282 1927//4282
f 2071//4283 1813//4283 1812//4283
f 2071//4284 2073//4284 1813//4284
f 2043//4285 1799//4285 1798//4285
f 2043//4286 2044//4286 1799//4286
f 1662//4287 1661//4287 2300//4287
f 1662//4288 2300//4288 2299//4288
f 2239//4289 1723//4289 1722//4289
f 2239//4290 2238//4290 1723//4290
f 2335//4291 1937//4291 1938//4291
f 2335//4292 2334//4292 1937//4292
f 1598//4293 1596//4293 2174//4293
f 1598//4294 2174//4294 2173//4294
f 1982//4295 1769//4295 1768//4295
f 1982//4296 1984//4296 1769//4296
f 1734//4297 1733//4297 2004//4297
f 1734//4298 2004//4298 2002//4298
f 2148//4299 1841//4299 1840//4299
f 2148//4300 2147//4300 1841//4300
f 1746//4301 1745//4301 1981//4301
f 1746//4302 1981//4302 1979//4302
f 2127//4303 1862//4303 1861//4303
f 2127//4304 2126//4304 1862//4304
f 1980//4305 1768//4305 1767//4305
f 1980//4306 1982//4306 1768//4306
f 1732//4307 1731//4307 2008//4307
f 1732//4308 2008//4308 2006//4308
f 2327//4309 1929//4309 1930//4309
f 2327//4310 2326//4310 1929//4310
f 1583//4311 1581//4311 2181//4311
f 1583//4312 2181//4312 2180//4312
f 2003//4313 1779//4313 1778//4313
f 2003//4314 2005//4314 1779//4314
f 1748//4315 1747//4315 1976//4315
f 1748//4316 1976//4316 1974//4316
f 2216//4317 1626//4317 1628//4317
f 2216//4318 2215//4318 1626//4318
f 1624//4319 1621//4319 2161//4319
f 1624//4320 2161//4320 2160//4320
f 1573//4321 1572//4321 2186//4321
f 1573//4322 2186//4322 2185//4322
f 1877//4323 1876//4323 2112//4323
f 1877//4324 2112//4324 2111//4324
f 2135//4325 1854//4325 1853//4325
f 2135//4326 2134//4326 1854//4326
f 1735//4327 1734//4327 2002//4327
f 1735//4328 2002//4328 2000//4328
f 2152//4329 1837//4329 1836//4329
f 2152//4330 2151//4330 1837//4330
f 2145//4331 1844//4331 1843//4331
f 2145//4332 2144//4332 1844//4332
f 1978//4333 1767//4333 1766//4333
f 1978//4334 1980//4334 1767//4334
f 1590//4335 1587//4335 2178//4335
f 1590//4336 2178//4336 2177//4336
f 2027//4337 1791//4337 1790//4337
f 2027//4338 2029//4338 1791//4338
f 1649//4339 1648//4339 2228//4339
f 1649//4340 2228//4340 2227//4340
f 2039//4341 1797//4341 1796//4341
f 2039//4342 2040//4342 1797//4342
f 1640//4343 1638//4343 2234//4343
f 1640//4344 2234//4344 2233//4344
f 1650//4345 1649//4345 2227//4345
f 1650//4346 2227//4346 2226//4346
f 1886//4347 1885//4347 2103//4347
f 1886//4348 2103//4348 2102//4348
f 1975//4349 1765//4349 1764//4349
f 1975//4350 1977//4350 1765//4350
f 1992//4351 1774//4351 1773//4351
f 1992//4352 1995//4352 1774//4352
f 2323//4353 1925//4353 1926//4353
f 2323//4354 2322//4354 1925//4354
f 1651//4355 1650//4355 2226//4355
f 1651//4356 2226//4356 2225//4356
f 2040//4357 1798//4357 1797//4357
f 2040//4358 2043//4358 1798//4358
f 2031//4359 1793//4359 1792//4359
f 2031//4360 2032//4360 1793//4360
f 1692//4361 1691//4361 2270//4361
f 1692//4362 2270//4362 2269//4362
f 2133//4363 1856//4363 1855//4363
f 2133//4364 2132//4364 1856//4364
f 2320//4365 1922//4365 1923//4365
f 2320//4366 2310//4366 1922//4366
f 1901//4367 1900//4367 2088//4367
f 1901//4368 2088//4368 2087//4368
f 2116//4369 1873//4369 1872//4369
f 2116//4370 2115//4370 1873//4370
f 2338//4371 1940//4371 1941//4371
f 2338//4372 2337//4372 1940//4372
f 2120//4373 1869//4373 1868//4373
f 2120//4374 2119//4374 1869//4374
f 2315//4375 1953//4375 1952//4375
f 2315//4376 2316//4376 1953//4376
f 2073//4377 1814//4377 1813//4377
f 2073//4378 2075//4378 1814//4378
f 2312//4379 1950//4379 1949//4379
f 2312//4380 2313//4380 1950//4380
f 1677//4381 1676//4381 2285//4381
f 1677//4382 2285//4382 2284//4382
f 2324//4383 1926//4383 1927//4383
f 2324//4384 2323//4384 1926//4384
f 1906//4385 1905//4385 2083//4385
f 1906//4386 2083//4386 2082//4386
f 2117//4387 1872//4387 1871//4387
f 2117//4388 2116//4388 1872//4388
f 1754//4389 1753//4389 1964//4389
f 1754//4390 1964//4390 1962//4390
f 2242//4391 1720//4391 1719//4391
f 2242//4392 2241//4392 1720//4392
f 1818//4393 1817//4393 2053//4393
f 1818//4394 2053//4394 2050//4394
f 1678//4395 1677//4395 2284//4395
f 1678//4396 2284//4396 2283//4396
f 2252//4397 1710//4397 1709//4397
f 2252//4398 2251//4398 1710//4398
f 1897//4399 1896//4399 2092//4399
f 1897//4400 2092//4400 2091//4400
f 1737//4401 1736//4401 1998//4401
f 1737//4402 1998//4402 1997//4402
f 1648//4403 1647//4403 2229//4403
f 1648//4404 2229//4404 2228//4404
f 1831//4405 1830//4405 2026//4405
f 1831//4406 2026//4406 2024//4406
f 2035//4407 1795//4407 1794//4407
f 2035//4408 2037//4408 1795//4408
f 1676//4409 1675//4409 2286//4409
f 1676//4410 2286//4410 2285//4410
f 2143//4411 1846//4411 1845//4411
f 2143//4412 2142//4412 1846//4412
f 1995//4413 1775//4413 1774//4413
f 1995//4414 1996//4414 1775//4414
f 1898//4415 1897//4415 2091//4415
f 1898//4416 2091//4416 2090//4416
f 2249//4417 1713//4417 1712//4417
f 2249//4418 2248//4418 1713//4418
f 1669//4419 1668//4419 2293//4419
f 1669//4420 2293//4420 2292//4420
f 1913//4421 1912//4421 2074//4421
f 1913//4422 2074//4422 2072//4422
f 1917//4423 1916//4423 2066//4423
f 1917//4424 2066//4424 2065//4424
f 1572//4425 1570//4425 2187//4425
f 1572//4426 2187//4426 2186//4426
f 2134//4427 1855//4427 1854//4427
f 2134//4428 2133//4428 1855//4428
f 1653//4429 1652//4429 2309//4429
f 1653//4430 2309//4430 2308//4430
f 1685//4431 1684//4431 2277//4431
f 1685//4432 2277//4432 2276//4432
f 1881//4433 1880//4433 2108//4433
f 1881//4434 2108//4434 2107//4434
f 1971//4435 1763//4435 1762//4435
f 1971//4436 1973//4436 1763//4436
f 1675//4437 1674//4437 2287//4437
f 1675//4438 2287//4438 2286//4438
f 2329//4439 1931//4439 1932//4439
f 2329//4440 2328//4440 1931//4440
f 1592//4441 1590//4441 2177//4441
f 1592//4442 2177//4442 2176//4442
f 1671//4443 1670//4443 2291//4443
f 1671//4444 2291//4444 2290//4444
f 2213//4445 1620//4445 1622//4445
f 2213//4446 2212//4446 1620//4446
f 1729//4447 1728//4447 2014//4447
f 1729//4448 2014//4448 2013//4448
f 1742//4449 1741//4449 1988//4449
f 1742//4450 1988//4450 1987//4450
f 2200//4451 1593//4451 1595//4451
f 2200//4452 2199//4452 1593//4452
f 2220//4453 1633//4453 1637//4453
f 2220//4454 2219//4454 1633//4454
f 2126//4455 1863//4455 1862//4455
f 2126//4456 2125//4456 1863//4456
f 1756//4457 1755//4457 1961//4457
f 1756//4458 1961//4458 1960//4458
f 1596//4459 1594//4459 2175//4459
f 1596//4460 2175//4460 2174//4460
f 1682//4461 1681//4461 2280//4461
f 1682//4462 2280//4462 2279//4462
f 2245//4463 1717//4463 1716//4463
f 2245//4464 2244//4464 1717//4464
f 1902//4465 1901//4465 2087//4465
f 1902//4466 2087//4466 2086//4466
f 1973//4467 1764//4467 1763//4467
f 1973//4468 1975//4468 1764//4468
f 2333//4469 1935//4469 1936//4469
f 2333//4470 2332//4470 1935//4470
f 1912//4471 1911//4471 2077//4471
f 1912//4472 2077//4472 2074//4472
f 2025//4473 1790//4473 1789//4473
f 2025//4474 2027//4474 1790//4474
f 1629//4475 1627//4475 2158//4475
f 1629//4476 2158//4476 2157//4476
f 2246//4477 1716//4477 1715//4477
f 2246//4478 2245//4478 1716//4478
f 1903//4479 1902//4479 2086//4479
f 1903//4480 2086//4480 2085//4480
f 2311//4481 1949//4481 1948//4481
f 2311//4482 2312//4482 1949//4482
f 2138//4483 1851//4483 1850//4483
f 2138//4484 2137//4484 1851//4484
f 1646//4485 1645//4485 2231//4485
f 1646//4486 2231//4486 2230//4486
f 1900//4487 1899//4487 2089//4487
f 1900//4488 2089//4488 2088//4488
f 2197//4489 1588//4489 1589//4489
f 2197//4490 2196//4490 1588//4490
f 2319//4491 1836//4491 1956//4491
f 2319//4492 2152//4492 1836//4492
f 2054//4493 1805//4493 1804//4493
f 2054//4494 2057//4494 1805//4494
f 2331//4495 1933//4495 1934//4495
f 2331//4496 2330//4496 1933//4496
f 1960//4497 1757//4497 1756//4497
f 1960//4498 1959//4498 1757//4498
f 1613//4499 1612//4499 2166//4499
f 1613//4500 2166//4500 2165//4500
f 1890//4501 1889//4501 2099//4501
f 1890//4502 2099//4502 2098//4502
f 1894//4503 1893//4503 2095//4503
f 1894//4504 2095//4504 2094//4504
f 2202//4505 1597//4505 1600//4505
f 2202//4506 2201//4506 1597//4506
f 1670//4507 1669//4507 2292//4507
f 1670//4508 2292//4508 2291//4508
f 1745//4509 1744//4509 1983//4509
f 1745//4510 1983//4510 1981//4510
f 1899//4511 1898//4511 2090//4511
f 1899//4512 2090//4512 2089//4512
f 2215//4513 1623//4513 1626//4513
f 2215//4514 2214//4514 1623//4514
f 2189//4515 1569//4515 1574//4515
f 2189//4516 2188//4516 1569//4516
f 2235//4517 1947//4517 1726//4517
f 2235//4518 2344//4518 1947//4518
f 1889//4519 1888//4519 2100//4519
f 1889//4520 2100//4520 2099//4520
f 1878//4521 1877//4521 2111//4521
f 1878//4522 2111//4522 2110//4522
f 2195//4523 1584//4523 1586//4523
f 2195//4524 2194//4524 1584//4524
f 1609//4525 1608//4525 2168//4525
f 1609//4526 2168//4526 2167//4526
f 2317//4527 1955//4527 1954//4527
f 2317//4528 2318//4528 1955//4528
f 1977//4529 1766//4529 1765//4529
f 1977//4530 1978//4530 1766//4530
f 1702//4531 1701//4531 2260//4531
f 1702//4532 2260//4532 2259//4532
f 1608//4533 1605//4533 2169//4533
f 1608//4534 2169//4534 2168//4534
f 2201//4535 1595//4535 1597//4535
f 2201//4536 2200//4536 1595//4536
f 1687//4537 1686//4537 2275//4537
f 1687//4538 2275//4538 2274//4538
f 2199//4539 1591//4539 1593//4539
f 2199//4540 2198//4540 1591//4540
f 2318//4541 1956//4541 1955//4541
f 2318//4542 2319//4542 1956//4542
f 2019//4543 1787//4543 1786//4543
f 2019//4544 2021//4544 1787//4544
f 2219//4545 1632//4545 1633//4545
f 2219//4546 2218//4546 1632//4546
f 2223//4547 1641//4547 1643//4547
f 2223//4548 2222//4548 1641//4548
f 1656//4549 1655//4549 2306//4549
f 1656//4550 2306//4550 2305//4550
f 2243//4551 1719//4551 1718//4551
f 2243//4552 2242//4552 1719//4552
f 1835//4553 1834//4553 2018//4553
f 1835//4554 2018//4554 2016//4554
f 1594//4555 1592//4555 2176//4555
f 1594//4556 2176//4556 2175//4556
f 1668//4557 1667//4557 2294//4557
f 1668//4558 2294//4558 2293//4558
f 1696//4559 1695//4559 2266//4559
f 1696//4560 2266//4560 2265//4560
f 2339//4561 1941//4561 1942//4561
f 2339//4562 2338//4562 1941//4562
f 2012//4563 1784//4563 1783//4563
f 2012//4564 2015//4564 1784//4564
f 2236//4565 1726//4565 1725//4565
f 2236//4566 2235//4566 1726//4566
f 2209//4567 1611//4567 1614//4567
f 2209//4568 2208//4568 1611//4568
f 1701//4569 1700//4569 2261//4569
f 1701//4570 2261//4570 2260//4570
f 2221//4571 1637//4571 1639//4571
f 2221//4572 2220//4572 1637//4572
f 2254//4573 1708//4573 1707//4573
f 2254//4574 2253//4574 1708//4574
f 2342//4575 1944//4575 1945//4575
f 2342//4576 2341//4576 1944//4576
f 1673//4577 1672//4577 2289//4577
f 1673//4578 2289//4578 2288//4578
f 1986//4579 1771//4579 1770//4579
f 1986//4580 1989//4580 1771//4580
f 2068//4581 1812//4581 1811//4581
f 2068//4582 2071//4582 1812//4582
f 1634//4583 1631//4583 2156//4583
f 1634//4584 2156//4584 2155//4584
f 2194//4585 1582//4585 1584//4585
f 2194//4586 2193//4586 1582//4586
f 2316//4587 1954//4587 1953//4587
f 2316//4588 2317//4588 1954//4588
f 1884//4589 1883//4589 2105//4589
f 1884//4590 2105//4590 2104//4590
f 1996//4591 1776//4591 1775//4591
f 1996//4592 1999//4592 1776//4592
f 2330//4593 1932//4593 1933//4593
f 2330//4594 2329//4594 1932//4594
f 2247//4595 1715//4595 1714//4595
f 2247//4596 2246//4596 1715//4596
f 1689//4597 1688//4597 2273//4597
f 1689//4598 2273//4598 2272//4598
f 1663//4599 1662//4599 2299//4599
f 1663//4600 2299//4600 2298//4600
f 1660//4601 1659//4601 2302//4601
f 1660//4602 2302//4602 2301//4602
f 1664//4603 1663//4603 2298//4603
f 1664//4604 2298//4604 2297//4604
f 1665//4605 1664//4605 2297//4605
f 1665//4606 2297//4606 2296//4606
f 1740//4607 1739//4607 1993//4607
f 1740//4608 1993//4608 1991//4608
f 2052//4609 1804//4609 1803//4609
f 2052//4610 2054//4610 1804//4610
f 2198//4611 1589//4611 1591//4611
f 2198//4612 2197//4612 1589//4612
f 2211//4613 1616//4613 1617//4613
f 2211//4614 2210//4614 1616//4614
f 1739//4615 1738//4615 1994//4615
f 1739//4616 1994//4616 1993//4616
f 1691//4617 1690//4617 2271//4617
f 1691//4618 2271//4618 2270//4618
f 2021//4619 1788//4619 1787//4619
f 2021//4620 2022//4620 1788//4620
f 1680//4621 1679//4621 2282//4621
f 1680//4622 2282//4622 2281//4622
f 1631//4623 1629//4623 2157//4623
f 1631//4624 2157//4624 2156//4624
f 1602//4625 1599//4625 2172//4625
f 1602//4626 2172//4626 2171//4626
f 2123//4627 1866//4627 1865//4627
f 2123//4628 2122//4628 1866//4628
f 2061//4629 1808//4629 1807//4629
f 2061//4630 2062//4630 1808//4630
f 1965//4631 1760//4631 1759//4631
f 1965//4632 1967//4632 1760//4632
f 1690//4633 1689//4633 2272//4633
f 1690//4634 2272//4634 2271//4634
f 1580//4635 1577//4635 2183//4635
f 1580//4636 2183//4636 2182//4636
f 1750//4637 1749//4637 1972//4637
f 1750//4638 1972//4638 1970//4638
f 1751//4639 1750//4639 1970//4639
f 1751//4640 1970//4640 1969//4640
f 2149//4641 1840//4641 1839//4641
f 2149//4642 2148//4642 1840//4642
f 1681//4643 1680//4643 2281//4643
f 1681//4644 2281//4644 2280//4644
f 2217//4645 1628//4645 1630//4645
f 2217//4646 2216//4646 1628//4646
f 1587//4647 1585//4647 2179//4647
f 1587//4648 2179//4648 2178//4648
f 1638//4649 1635//4649 2154//4649
f 1638//4650 2154//4650 2234//4650
f 2009//4651 1782//4651 1781//4651
f 2009//4652 2011//4652 1782//4652
f 2007//4653 1781//4653 1780//4653
f 2007//4654 2009//4654 1781//4654
f 2248//4655 1714//4655 1713//4655
f 2248//4656 2247//4656 1714//4656
f 1829//4657 1828//4657 2030//4657
f 1829//4658 2030//4658 2028//4658
f 1882//4659 1881//4659 2107//4659
f 1882//4660 2107//4660 2106//4660
f 2340//4661 1942//4661 1943//4661
f 2340//4662 2339//4662 1942//4662
f 1698//4663 1697//4663 2264//4663
f 1698//4664 2264//4664 2263//4664
f 1672//4665 1671//4665 2290//4665
f 1672//4666 2290//4666 2289//4666
f 2203//4667 1600//4667 1601//4667
f 2203//4668 2202//4668 1600//4668
f 1830//4669 1829//4669 2028//4669
f 1830//4670 2028//4670 2026//4670
f 2076//4671 1643//4671 1644//4671
f 2076//4672 2223//4672 1643//4672
f 2208//4673 1610//4673 1611//4673
f 2208//4674 2207//4674 1610//4674
f 1684//4675 1683//4675 2278//4675
f 1684//4676 2278//4676 2277//4676
f 2212//4677 1617//4677 1620//4677
f 2212//4678 2211//4678 1617//4678
f 2193//4679 1579//4679 1582//4679
f 2193//4680 2192//4680 1579//4680
f 1688//4681 1687//4681 2274//4681
f 1688//4682 2274//4682 2273//4682
f 2205//4683 1603//4683 1606//4683
f 2205//4684 2204//4684 1603//4684
f 1686//4685 1685//4685 2276//4685
f 1686//4686 2276//4686 2275//4686
f 1635//4687 1634//4687 2155//4687
f 1635//4688 2155//4688 2154//4688
f 1736//4689 1735//4689 2000//4689
f 1736//4690 2000//4690 1998//4690
f 2206//4691 1606//4691 1607//4691
f 2206//4692 2205//4692 1606//4692
g KiCad_PCB_mesh
f 2345//4693 2346//4693 2347//4693
f 2345//4694 2347//4694 2348//4694
f 2347//4695 2349//4695 2350//4695
f 2346//4696 2349//4696 2347//4696
f 2351//4697 2345//4697 2348//4697
f 2352//4698 2345//4698 2351//4698
f 2345//4699 2353//4699 2354//4699
f 2354//4700 2355//4700 2345//4700
f 2345//4701 2356//4701 2353//4701
f 2355//4702 2357//4702 2345//4702
f 2345//4703 2358//4703 2356//4703
f 2357//4704 2359//4704 2345//4704
f 2345//4705 2360//4705 2358//4705
f 2359//4706 2361//4706 2345//4706
f 2345//4707 2362//4707 2360//4707
f 2361//4708 2363//4708 2345//4708
f 2345//4709 2364//4709 2362//4709
f 2363//4710 2365//4710 2345//4710
f 2345//4711 2366//4711 2364//4711
f 2365//4712 2367//4712 2345//4712
f 2345//4713 2368//4713 2366//4713
f 2367//4714 2369//4714 2345//4714
f 2345//4715 2370//4715 2368//4715
f 2345//4716 2371//4716 2370//4716
f 2371//4717 2372//4717 2373//4717
f 2373//4718 2372//4718 2374//4718
f 2373//4719 2375//4719 2376//4719
f 2374//4720 2375//4720 2373//4720
f 2376//4721 2377//4721 2378//4721
f 2378//4722 2377//4722 2379//4722
f 2375//4723 2377//4723 2376//4723
f 2377//4724 2380//4724 2379//4724
f 2345//4725 2352//4725 2371//4725
f 2371//4726 2352//4726 2372//4726
f 2372//4727 2352//4727 2381//4727
f 2381//4728 2352//4728 2382//4728
f 2352//4729 2383//4729 2382//4729
f 2379//4730 2384//4730 2385//4730
f 2385//4731 2384//4731 2386//4731
f 2380//4732 2384//4732 2379//4732
f 2352//4733 2387//4733 2383//4733
f 2384//4734 2388//4734 2386//4734
f 2352//4735 2389//4735 2387//4735
f 2386//4736 2390//4736 2391//4736
f 2391//4737 2390//4737 2392//4737
f 2388//4738 2390//4738 2386//4738
f 2352//4739 2393//4739 2389//4739
f 2390//4740 2394//4740 2392//4740
f 2352//4741 2395//4741 2393//4741
f 2392//4742 2396//4742 2397//4742
f 2397//4743 2396//4743 2398//4743
f 2394//4744 2396//4744 2392//4744
f 2352//4745 2399//4745 2395//4745
f 2396//4746 2400//4746 2398//4746
f 2352//4747 2401//4747 2399//4747
f 2398//4748 2402//4748 2403//4748
f 2400//4749 2402//4749 2398//4749
f 2352//4750 2404//4750 2401//4750
f 2403//4751 2405//4751 2406//4751
f 2406//4752 2405//4752 2407//4752
f 2402//4753 2405//4753 2403//4753
f 2352//4754 2408//4754 2404//4754
f 2407//4755 2409//4755 2410//4755
f 2405//4756 2409//4756 2407//4756
f 2352//4757 2411//4757 2408//4757
f 2409//4758 2412//4758 2410//4758
f 2352//4759 2413//4759 2411//4759
f 2352//4760 2414//4760 2413//4760
f 2352//4761 2415//4761 2414//4761
f 2352//4762 2416//4762 2415//4762
f 2352//4763 2417//4763 2416//4763
f 2352//4764 2418//4764 2417//4764
f 2419//4765 2420//4765 2421//4765
f 2422//4766 2423//4766 2424//4766
f 2424//4767 2423//4767 2419//4767
f 2419//4768 2423//4768 2420//4768
f 2420//4769 2425//4769 2421//4769
f 2422//4770 2426//4770 2423//4770
f 2421//4771 2427//4771 2369//4771
f 2425//4772 2427//4772 2421//4772
f 2422//4773 2428//4773 2426//4773
f 2429//4774 2428//4774 2422//4774
f 2429//4775 2430//4775 2428//4775
f 2431//4776 2430//4776 2432//4776
f 2432//4777 2430//4777 2429//4777
f 2431//4778 2433//4778 2430//4778
f 2431//4779 2434//4779 2433//4779
f 2435//4780 2434//4780 2431//4780
f 2436//4781 2437//4781 2435//4781
f 2435//4782 2437//4782 2434//4782
f 2412//4783 2438//4783 2410//4783
f 2410//4784 2438//4784 2436//4784
f 2436//4785 2438//4785 2437//4785
f 2369//4786 2346//4786 2345//4786
f 2439//4787 2346//4787 2440//4787
f 2440//4788 2346//4788 2441//4788
f 2441//4789 2346//4789 2427//4789
f 2427//4790 2346//4790 2369//4790
f 2442//4791 2346//4791 2443//4791
f 2443//4792 2346//4792 2444//4792
f 2444//4793 2346//4793 2445//4793
f 2445//4794 2346//4794 2446//4794
f 2446//4795 2346//4795 2447//4795
f 2447//4796 2346//4796 2448//4796
f 2448//4797 2346//4797 2449//4797
f 2449//4798 2346//4798 2450//4798
f 2450//4799 2346//4799 2451//4799
f 2451//4800 2346//4800 2452//4800
f 2452//4801 2346//4801 2453//4801
f 2453//4802 2346//4802 2439//4802
f 2442//4803 2454//4803 2346//4803
f 2454//4804 2455//4804 2346//4804
f 2455//4805 2456//4805 2346//4805
f 2457//4806 2458//4806 2459//4806
f 2459//4807 2458//4807 2460//4807
f 2459//4808 2461//4808 2462//4808
f 2460//4809 2461//4809 2459//4809
f 2457//4810 2463//4810 2458//4810
f 2438//4811 2463//4811 2464//4811
f 2464//4812 2463//4812 2457//4812
f 2461//4813 2465//4813 2462//4813
f 2462//4814 2465//4814 2466//4814
f 2466//4815 2465//4815 2467//4815
f 2438//4816 2468//4816 2463//4816
f 2412//4817 2468//4817 2438//4817
f 2465//4818 2469//4818 2467//4818
f 2412//4819 2470//4819 2468//4819
f 2471//4820 2470//4820 2412//4820
f 2469//4821 2472//4821 2467//4821
f 2467//4822 2472//4822 2473//4822
f 2473//4823 2472//4823 2474//4823
f 2475//4824 2476//4824 2471//4824
f 2471//4825 2476//4825 2470//4825
f 2472//4826 2477//4826 2474//4826
f 2478//4827 2479//4827 2475//4827
f 2475//4828 2479//4828 2476//4828
f 2477//4829 2480//4829 2474//4829
f 2474//4830 2480//4830 2481//4830
f 2478//4831 2482//4831 2479//4831
f 2483//4832 2482//4832 2484//4832
f 2484//4833 2482//4833 2478//4833
f 2480//4834 2485//4834 2481//4834
f 2481//4835 2485//4835 2486//4835
f 2483//4836 2487//4836 2482//4836
f 2485//4837 2488//4837 2486//4837
f 2486//4838 2488//4838 2489//4838
f 2490//4839 2491//4839 2483//4839
f 2483//4840 2491//4840 2487//4840
f 2488//4841 2492//4841 2489//4841
f 2489//4842 2492//4842 2493//4842
f 2493//4843 2492//4843 2494//4843
f 2495//4844 2496//4844 2497//4844
f 2497//4845 2496//4845 2490//4845
f 2490//4846 2496//4846 2491//4846
f 2492//4847 2498//4847 2494//4847
f 2495//4848 2499//4848 2496//4848
f 2494//4849 2500//4849 2456//4849
f 2498//4850 2500//4850 2494//4850
f 2456//4851 2349//4851 2346//4851
f 2501//4852 2349//4852 2502//4852
f 2502//4853 2349//4853 2503//4853
f 2503//4854 2349//4854 2504//4854
f 2504//4855 2349//4855 2505//4855
f 2505//4856 2349//4856 2506//4856
f 2506//4857 2349//4857 2507//4857
f 2507//4858 2349//4858 2508//4858
f 2508//4859 2349//4859 2509//4859
f 2509//4860 2349//4860 2510//4860
f 2510//4861 2349//4861 2511//4861
f 2511//4862 2349//4862 2512//4862
f 2512//4863 2349//4863 2513//4863
f 2513//4864 2349//4864 2514//4864
f 2514//4865 2349//4865 2515//4865
f 2515//4866 2349//4866 2516//4866
f 2516//4867 2349//4867 2517//4867
f 2517//4868 2349//4868 2518//4868
f 2518//4869 2349//4869 2500//4869
f 2500//4870 2349//4870 2456//4870
f 2352//4871 2349//4871 2418//4871
f 2418//4872 2349//4872 2519//4872
f 2519//4873 2349//4873 2495//4873
f 2495//4874 2349//4874 2501//4874
f 2495//4875 2501//4875 2520//4875
f 2495//4876 2520//4876 2499//4876
f 2521//4877 2348//4877 2522//4877
f 2523//4878 2522//4878 2348//4878
f 2524//4879 2348//4879 2521//4879
f 2525//4880 2523//4880 2348//4880
f 2526//4881 2348//4881 2524//4881
f 2527//4882 2525//4882 2348//4882
f 2528//4883 2348//4883 2526//4883
f 2529//4884 2527//4884 2348//4884
f 2530//4885 2348//4885 2528//4885
f 2531//4886 2529//4886 2348//4886
f 2532//4887 2348//4887 2530//4887
f 2533//4888 2531//4888 2348//4888
f 2534//4889 2348//4889 2532//4889
f 2535//4890 2533//4890 2348//4890
f 2536//4891 2348//4891 2534//4891
f 2537//4892 2535//4892 2348//4892
f 2538//4893 2348//4893 2536//4893
f 2539//4894 2348//4894 2538//4894
f 2540//4895 2539//4895 2541//4895
f 2540//4896 2541//4896 2542//4896
f 2543//4897 2541//4897 2544//4897
f 2543//4898 2542//4898 2541//4898
f 2545//4899 2544//4899 2546//4899
f 2545//4900 2546//4900 2547//4900
f 2545//4901 2543//4901 2544//4901
f 2548//4902 2545//4902 2547//4902
f 2351//4903 2348//4903 2539//4903
f 2351//4904 2539//4904 2540//4904
f 2351//4905 2540//4905 2549//4905
f 2351//4906 2549//4906 2550//4906
f 2551//4907 2351//4907 2550//4907
f 2552//4908 2547//4908 2553//4908
f 2552//4909 2553//4909 2554//4909
f 2552//4910 2548//4910 2547//4910
f 2555//4911 2351//4911 2551//4911
f 2556//4912 2552//4912 2554//4912
f 2557//4913 2351//4913 2555//4913
f 2558//4914 2554//4914 2559//4914
f 2558//4915 2559//4915 2560//4915
f 2558//4916 2556//4916 2554//4916
f 2561//4917 2351//4917 2557//4917
f 2562//4918 2558//4918 2560//4918
f 2563//4919 2351//4919 2561//4919
f 2564//4920 2560//4920 2565//4920
f 2564//4921 2565//4921 2566//4921
f 2564//4922 2562//4922 2560//4922
f 2567//4923 2351//4923 2563//4923
f 2568//4924 2564//4924 2566//4924
f 2569//4925 2351//4925 2567//4925
f 2570//4926 2566//4926 2571//4926
f 2570//4927 2568//4927 2566//4927
f 2572//4928 2351//4928 2569//4928
f 2573//4929 2571//4929 2574//4929
f 2573//4930 2574//4930 2575//4930
f 2573//4931 2570//4931 2571//4931
f 2576//4932 2351//4932 2572//4932
f 2577//4933 2575//4933 2578//4933
f 2577//4934 2573//4934 2575//4934
f 2579//4935 2351//4935 2576//4935
f 2580//4936 2577//4936 2578//4936
f 2581//4937 2351//4937 2579//4937
f 2582//4938 2351//4938 2581//4938
f 2583//4939 2351//4939 2582//4939
f 2584//4940 2351//4940 2583//4940
f 2585//4941 2351//4941 2584//4941
f 2586//4942 2351//4942 2585//4942
f 2587//4943 2588//4943 2589//4943
f 2590//4944 2591//4944 2592//4944
f 2590//4945 2592//4945 2588//4945
f 2590//4946 2588//4946 2587//4946
f 2593//4947 2587//4947 2589//4947
f 2594//4948 2591//4948 2590//4948
f 2595//4949 2589//4949 2537//4949
f 2595//4950 2593//4950 2589//4950
f 2596//4951 2591//4951 2594//4951
f 2596//4952 2597//4952 2591//4952
f 2598//4953 2597//4953 2596//4953
f 2598//4954 2599//4954 2600//4954
f 2598//4955 2600//4955 2597//4955
f 2601//4956 2599//4956 2598//4956
f 2602//4957 2599//4957 2601//4957
f 2602//4958 2603//4958 2599//4958
f 2604//4959 2605//4959 2603//4959
f 2604//4960 2603//4960 2602//4960
f 2606//4961 2580//4961 2578//4961
f 2606//4962 2578//4962 2605//4962
f 2606//4963 2605//4963 2604//4963
f 2347//4964 2537//4964 2348//4964
f 2347//4965 2607//4965 2608//4965
f 2347//4966 2608//4966 2609//4966
f 2347//4967 2609//4967 2595//4967
f 2347//4968 2595//4968 2537//4968
f 2347//4969 2610//4969 2611//4969
f 2347//4970 2611//4970 2612//4970
f 2347//4971 2612//4971 2613//4971
f 2347//4972 2613//4972 2614//4972
f 2347//4973 2614//4973 2615//4973
f 2347//4974 2615//4974 2616//4974
f 2347//4975 2616//4975 2617//4975
f 2347//4976 2617//4976 2618//4976
f 2347//4977 2618//4977 2619//4977
f 2347//4978 2619//4978 2620//4978
f 2347//4979 2620//4979 2621//4979
f 2347//4980 2621//4980 2607//4980
f 2622//4981 2610//4981 2347//4981
f 2623//4982 2622//4982 2347//4982
f 2624//4983 2623//4983 2347//4983
f 2625//4984 2626//4984 2627//4984
f 2625//4985 2627//4985 2628//4985
f 2629//4986 2627//4986 2630//4986
f 2629//4987 2628//4987 2627//4987
f 2631//4988 2626//4988 2625//4988
f 2631//4989 2606//4989 2632//4989
f 2631//4990 2632//4990 2626//4990
f 2633//4991 2629//4991 2630//4991
f 2633//4992 2630//4992 2634//4992
f 2633//4993 2634//4993 2635//4993
f 2636//4994 2606//4994 2631//4994
f 2636//4995 2580//4995 2606//4995
f 2637//4996 2633//4996 2635//4996
f 2638//4997 2580//4997 2636//4997
f 2638//4998 2639//4998 2580//4998
f 2640//4999 2637//4999 2635//4999
f 2640//5000 2635//5000 2641//5000
f 2640//5001 2641//5001 2642//5001
f 2643//5002 2644//5002 2639//5002
f 2643//5003 2639//5003 2638//5003
f 2645//5004 2640//5004 2642//5004
f 2646//5005 2647//5005 2644//5005
f 2646//5006 2644//5006 2643//5006
f 2648//5007 2645//5007 2642//5007
f 2648//5008 2642//5008 2649//5008
f 2650//5009 2647//5009 2646//5009
f 2650//5010 2651//5010 2652//5010
f 2650//5011 2652//5011 2647//5011
f 2653//5012 2648//5012 2649//5012
f 2653//5013 2649//5013 2654//5013
f 2655//5014 2651//5014 2650//5014
f 2656//5015 2653//5015 2654//5015
f 2656//5016 2654//5016 2657//5016
f 2658//5017 2659//5017 2651//5017
f 2658//5018 2651//5018 2655//5018
f 2660//5019 2656//5019 2657//5019
f 2660//5020 2657//5020 2661//5020
f 2660//5021 2661//5021 2662//5021
f 2663//5022 2664//5022 2665//5022
f 2663//5023 2665//5023 2659//5023
f 2663//5024 2659//5024 2658//5024
f 2666//5025 2660//5025 2662//5025
f 2667//5026 2664//5026 2663//5026
f 2668//5027 2662//5027 2624//5027
f 2668//5028 2666//5028 2662//5028
f 2350//5029 2624//5029 2347//5029
f 2350//5030 2669//5030 2670//5030
f 2350//5031 2670//5031 2671//5031
f 2350//5032 2671//5032 2672//5032
f 2350//5033 2672//5033 2673//5033
f 2350//5034 2673//5034 2674//5034
f 2350//5035 2674//5035 2675//5035
f 2350//5036 2675//5036 2676//5036
f 2350//5037 2676//5037 2677//5037
f 2350//5038 2677//5038 2678//5038
f 2350//5039 2678//5039 2679//5039
f 2350//5040 2679//5040 2680//5040
f 2350//5041 2680//5041 2681//5041
f 2350//5042 2681//5042 2682//5042
f 2350//5043 2682//5043 2683//5043
f 2350//5044 2683//5044 2684//5044
f 2350//5045 2684//5045 2685//5045
f 2350//5046 2685//5046 2686//5046
f 2350//5047 2686//5047 2668//5047
f 2350//5048 2668//5048 2624//5048
f 2350//5049 2351//5049 2586//5049
f 2350//5050 2586//5050 2687//5050
f 2350//5051 2687//5051 2664//5051
f 2350//5052 2664//5052 2669//5052
f 2669//5053 2664//5053 2688//5053
f 2688//5054 2664//5054 2667//5054
f 2349//5055 2352//5055 2351//5055
f 2349//5056 2351//5056 2350//5056
f 2363//5057 2361//5057 2531//5057
f 2531//5058 2361//5058 2529//5058
f 2529//5059 2359//5059 2527//5059
f 2361//5060 2359//5060 2529//5060
f 2527//5061 2357//5061 2525//5061
f 2359//5062 2357//5062 2527//5062
f 2525//5063 2355//5063 2523//5063
f 2357//5064 2355//5064 2525//5064
f 2523//5065 2354//5065 2522//5065
f 2355//5066 2354//5066 2523//5066
f 2522//5067 2353//5067 2521//5067
f 2354//5068 2353//5068 2522//5068
f 2521//5069 2356//5069 2524//5069
f 2353//5070 2356//5070 2521//5070
f 2524//5071 2358//5071 2526//5071
f 2356//5072 2358//5072 2524//5072
f 2526//5073 2360//5073 2528//5073
f 2358//5074 2360//5074 2526//5074
f 2528//5075 2362//5075 2530//5075
f 2360//5076 2362//5076 2528//5076
f 2530//5077 2364//5077 2532//5077
f 2362//5078 2364//5078 2530//5078
f 2532//5079 2366//5079 2534//5079
f 2364//5080 2366//5080 2532//5080
f 2534//5081 2368//5081 2536//5081
f 2366//5082 2368//5082 2534//5082
f 2536//5083 2370//5083 2538//5083
f 2368//5084 2370//5084 2536//5084
f 2538//5085 2371//5085 2539//5085
f 2539//5086 2371//5086 2541//5086
f 2370//5087 2371//5087 2538//5087
f 2371//5088 2373//5088 2541//5088
f 2541//5089 2376//5089 2544//5089
f 2373//5090 2376//5090 2541//5090
f 2544//5091 2378//5091 2546//5091
f 2376//5092 2378//5092 2544//5092
f 2546//5093 2379//5093 2547//5093
f 2378//5094 2379//5094 2546//5094
f 2547//5095 2385//5095 2553//5095
f 2379//5096 2385//5096 2547//5096
f 2553//5097 2386//5097 2554//5097
f 2385//5098 2386//5098 2553//5098
f 2554//5099 2391//5099 2559//5099
f 2386//5100 2391//5100 2554//5100
f 2559//5101 2392//5101 2560//5101
f 2391//5102 2392//5102 2559//5102
f 2560//5103 2397//5103 2565//5103
f 2392//5104 2397//5104 2560//5104
f 2565//5105 2398//5105 2566//5105
f 2397//5106 2398//5106 2565//5106
f 2566//5107 2403//5107 2571//5107
f 2398//5108 2403//5108 2566//5108
f 2571//5109 2406//5109 2574//5109
f 2403//5110 2406//5110 2571//5110
f 2574//5111 2407//5111 2575//5111
f 2406//5112 2407//5112 2574//5112
f 2407//5113 2410//5113 2575//5113
f 2575//5114 2410//5114 2578//5114
f 2410//5115 2436//5115 2578//5115
f 2578//5116 2436//5116 2605//5116
f 2605//5117 2436//5117 2603//5117
f 2436//5118 2435//5118 2603//5118
f 2603//5119 2435//5119 2599//5119
f 2435//5120 2431//5120 2599//5120
f 2431//5121 2432//5121 2599//5121
f 2599//5122 2432//5122 2600//5122
f 2600//5123 2432//5123 2597//5123
f 2432//5124 2429//5124 2597//5124
f 2429//5125 2422//5125 2597//5125
f 2597//5126 2422//5126 2591//5126
f 2422//5127 2424//5127 2591//5127
f 2591//5128 2424//5128 2592//5128
f 2424//5129 2419//5129 2592//5129
f 2592//5130 2419//5130 2588//5130
f 2588//5131 2421//5131 2589//5131
f 2419//5132 2421//5132 2588//5132
f 2589//5133 2369//5133 2537//5133
f 2421//5134 2369//5134 2589//5134
f 2537//5135 2367//5135 2535//5135
f 2535//5136 2367//5136 2533//5136
f 2369//5137 2367//5137 2537//5137
f 2367//5138 2365//5138 2533//5138
f 2533//5139 2363//5139 2531//5139
f 2365//5140 2363//5140 2533//5140
f 2439//5141 2440//5141 2607//5141
f 2607//5142 2440//5142 2608//5142
f 2608//5143 2441//5143 2609//5143
f 2440//5144 2441//5144 2608//5144
f 2609//5145 2427//5145 2595//5145
f 2441//5146 2427//5146 2609//5146
f 2595//5147 2425//5147 2593//5147
f 2427//5148 2425//5148 2595//5148
f 2593//5149 2420//5149 2587//5149
f 2425//5150 2420//5150 2593//5150
f 2587//5151 2423//5151 2590//5151
f 2420//5152 2423//5152 2587//5152
f 2590//5153 2426//5153 2594//5153
f 2423//5154 2426//5154 2590//5154
f 2594//5155 2428//5155 2596//5155
f 2426//5156 2428//5156 2594//5156
f 2596//5157 2430//5157 2598//5157
f 2428//5158 2430//5158 2596//5158
f 2598//5159 2433//5159 2601//5159
f 2430//5160 2433//5160 2598//5160
f 2601//5161 2434//5161 2602//5161
f 2433//5162 2434//5162 2601//5162
f 2602//5163 2437//5163 2604//5163
f 2434//5164 2437//5164 2602//5164
f 2604//5165 2438//5165 2606//5165
f 2437//5166 2438//5166 2604//5166
f 2606//5167 2464//5167 2632//5167
f 2438//5168 2464//5168 2606//5168
f 2632//5169 2457//5169 2626//5169
f 2626//5170 2457//5170 2627//5170
f 2464//5171 2457//5171 2632//5171
f 2457//5172 2459//5172 2627//5172
f 2627//5173 2462//5173 2630//5173
f 2459//5174 2462//5174 2627//5174
f 2630//5175 2466//5175 2634//5175
f 2462//5176 2466//5176 2630//5176
f 2634//5177 2467//5177 2635//5177
f 2466//5178 2467//5178 2634//5178
f 2635//5179 2473//5179 2641//5179
f 2467//5180 2473//5180 2635//5180
f 2641//5181 2474//5181 2642//5181
f 2473//5182 2474//5182 2641//5182
f 2642//5183 2481//5183 2649//5183
f 2474//5184 2481//5184 2642//5184
f 2649//5185 2486//5185 2654//5185
f 2481//5186 2486//5186 2649//5186
f 2654//5187 2489//5187 2657//5187
f 2486//5188 2489//5188 2654//5188
f 2657//5189 2493//5189 2661//5189
f 2489//5190 2493//5190 2657//5190
f 2661//5191 2494//5191 2662//5191
f 2493//5192 2494//5192 2661//5192
f 2662//5193 2456//5193 2624//5193
f 2494//5194 2456//5194 2662//5194
f 2624//5195 2455//5195 2623//5195
f 2456//5196 2455//5196 2624//5196
f 2455//5197 2454//5197 2623//5197
f 2623//5198 2454//5198 2622//5198
f 2454//5199 2442//5199 2622//5199
f 2622//5200 2442//5200 2610//5200
f 2610//5201 2442//5201 2611//5201
f 2442//5202 2443//5202 2611//5202
f 2611//5203 2443//5203 2612//5203
f 2443//5204 2444//5204 2612//5204
f 2444//5205 2445//5205 2612//5205
f 2612//5206 2445//5206 2613//5206
f 2613//5207 2445//5207 2614//5207
f 2445//5208 2446//5208 2614//5208
f 2446//5209 2447//5209 2614//5209
f 2614//5210 2447//5210 2615//5210
f 2447//5211 2448//5211 2615//5211
f 2615//5212 2448//5212 2616//5212
f 2448//5213 2449//5213 2616//5213
f 2616//5214 2449//5214 2617//5214
f 2617//5215 2450//5215 2618//5215
f 2449//5216 2450//5216 2617//5216
f 2618//5217 2451//5217 2619//5217
f 2450//5218 2451//5218 2618//5218
f 2619//5219 2452//5219 2620//5219
f 2620//5220 2452//5220 2621//5220
f 2451//5221 2452//5221 2619//5221
f 2452//5222 2453//5222 2621//5222
f 2621//5223 2439//5223 2607//5223
f 2453//5224 2439//5224 2621//5224
f 2388//5225 2384//5225 2556//5225
f 2556//5226 2384//5226 2552//5226
f 2552//5227 2380//5227 2548//5227
f 2384//5228 2380//5228 2552//5228
f 2548//5229 2377//5229 2545//5229
f 2380//5230 2377//5230 2548//5230
f 2545//5231 2375//5231 2543//5231
f 2377//5232 2375//5232 2545//5232
f 2543//5233 2374//5233 2542//5233
f 2375//5234 2374//5234 2543//5234
f 2542//5235 2372//5235 2540//5235
f 2374//5236 2372//5236 2542//5236
f 2540//5237 2381//5237 2549//5237
f 2372//5238 2381//5238 2540//5238
f 2549//5239 2382//5239 2550//5239
f 2381//5240 2382//5240 2549//5240
f 2550//5241 2383//5241 2551//5241
f 2382//5242 2383//5242 2550//5242
f 2551//5243 2387//5243 2555//5243
f 2383//5244 2387//5244 2551//5244
f 2555//5245 2389//5245 2557//5245
f 2387//5246 2389//5246 2555//5246
f 2557//5247 2393//5247 2561//5247
f 2389//5248 2393//5248 2557//5248
f 2561//5249 2395//5249 2563//5249
f 2393//5250 2395//5250 2561//5250
f 2563//5251 2399//5251 2567//5251
f 2395//5252 2399//5252 2563//5252
f 2567//5253 2401//5253 2569//5253
f 2569//5254 2401//5254 2572//5254
f 2399//5255 2401//5255 2567//5255
f 2401//5256 2404//5256 2572//5256
f 2572//5257 2408//5257 2576//5257
f 2404//5258 2408//5258 2572//5258
f 2576//5259 2411//5259 2579//5259
f 2408//5260 2411//5260 2576//5260
f 2579//5261 2413//5261 2581//5261
f 2411//5262 2413//5262 2579//5262
f 2581//5263 2414//5263 2582//5263
f 2413//5264 2414//5264 2581//5264
f 2582//5265 2415//5265 2583//5265
f 2414//5266 2415//5266 2582//5266
f 2583//5267 2416//5267 2584//5267
f 2415//5268 2416//5268 2583//5268
f 2584//5269 2417//5269 2585//5269
f 2416//5270 2417//5270 2584//5270
f 2585//5271 2418//5271 2586//5271
f 2417//5272 2418//5272 2585//5272
f 2586//5273 2519//5273 2687//5273
f 2418//5274 2519//5274 2586//5274
f 2687//5275 2495//5275 2664//5275
f 2519//5276 2495//5276 2687//5276
f 2664//5277 2497//5277 2665//5277
f 2495//5278 2497//5278 2664//5278
f 2665//5279 2490//5279 2659//5279
f 2497//5280 2490//5280 2665//5280
f 2490//5281 2483//5281 2659//5281
f 2659//5282 2483//5282 2651//5282
f 2483//5283 2484//5283 2651//5283
f 2651//5284 2484//5284 2652//5284
f 2652//5285 2484//5285 2647//5285
f 2484//5286 2478//5286 2647//5286
f 2647//5287 2478//5287 2644//5287
f 2478//5288 2475//5288 2644//5288
f 2475//5289 2471//5289 2644//5289
f 2644//5290 2471//5290 2639//5290
f 2639//5291 2471//5291 2580//5291
f 2471//5292 2412//5292 2580//5292
f 2412//5293 2409//5293 2580//5293
f 2580//5294 2409//5294 2577//5294
f 2409//5295 2405//5295 2577//5295
f 2577//5296 2405//5296 2573//5296
f 2405//5297 2402//5297 2573//5297
f 2573//5298 2402//5298 2570//5298
f 2570//5299 2400//5299 2568//5299
f 2402//5300 2400//5300 2570//5300
f 2568//5301 2396//5301 2564//5301
f 2400//5302 2396//5302 2568//5302
f 2564//5303 2394//5303 2562//5303
f 2562//5304 2394//5304 2558//5304
f 2396//5305 2394//5305 2564//5305
f 2394//5306 2390//5306 2558//5306
f 2558//5307 2388//5307 2556//5307
f 2390//5308 2388//5308 2558//5308
f 2477//5309 2472//5309 2645//5309
f 2645//5310 2472//5310 2640//5310
f 2640//5311 2469//5311 2637//5311
f 2472//5312 2469//5312 2640//5312
f 2637//5313 2465//5313 2633//5313
f 2469//5314 2465//5314 2637//5314
f 2633//5315 2461//5315 2629//5315
f 2465//5316 2461//5316 2633//5316
f 2629//5317 2460//5317 2628//5317
f 2461//5318 2460//5318 2629//5318
f 2628//5319 2458//5319 2625//5319
f 2460//5320 2458//5320 2628//5320
f 2625//5321 2463//5321 2631//5321
f 2458//5322 2463//5322 2625//5322
f 2631//5323 2468//5323 2636//5323
f 2463//5324 2468//5324 2631//5324
f 2636//5325 2470//5325 2638//5325
f 2468//5326 2470//5326 2636//5326
f 2638//5327 2476//5327 2643//5327
f 2470//5328 2476//5328 2638//5328
f 2643//5329 2479//5329 2646//5329
f 2476//5330 2479//5330 2643//5330
f 2646//5331 2482//5331 2650//5331
f 2479//5332 2482//5332 2646//5332
f 2650//5333 2487//5333 2655//5333
f 2482//5334 2487//5334 2650//5334
f 2655//5335 2491//5335 2658//5335
f 2487//5336 2491//5336 2655//5336
f 2658//5337 2496//5337 2663//5337
f 2663//5338 2496//5338 2667//5338
f 2491//5339 2496//5339 2658//5339
f 2496//5340 2499//5340 2667//5340
f 2667//5341 2520//5341 2688//5341
f 2499//5342 2520//5342 2667//5342
f 2688//5343 2501//5343 2669//5343
f 2520//5344 2501//5344 2688//5344
f 2669//5345 2502//5345 2670//5345
f 2501//5346 2502//5346 2669//5346
f 2670//5347 2503//5347 2671//5347
f 2502//5348 2503//5348 2670//5348
f 2671//5349 2504//5349 2672//5349
f 2503//5350 2504//5350 2671//5350
f 2672//5351 2505//5351 2673//5351
f 2504//5352 2505//5352 2672//5352
f 2673//5353 2506//5353 2674//5353
f 2505//5354 2506//5354 2673//5354
f 2674//5355 2507//5355 2675//5355
f 2506//5356 2507//5356 2674//5356
f 2675//5357 2508//5357 2676//5357
f 2507//5358 2508//5358 2675//5358
f 2676//5359 2509//5359 2677//5359
f 2508//5360 2509//5360 2676//5360
f 2677//5361 2510//5361 2678//5361
f 2509//5362 2510//5362 2677//5362
f 2678//5363 2511//5363 2679//5363
f 2510//5364 2511//5364 2678//5364
f 2511//5365 2512//5365 2679//5365
f 2679//5366 2512//5366 2680//5366
f 2512//5367 2513//5367 2680//5367
f 2680//5368 2513//5368 2681//5368
f 2681//5369 2513//5369 2682//5369
f 2513//5370 2514//5370 2682//5370
f 2682//5371 2514//5371 2683//5371
f 2514//5372 2515//5372 2683//5372
f 2515//5373 2516//5373 2683//5373
f 2683//5374 2516//5374 2684//5374
f 2684//5375 2516//5375 2685//5375
f 2516//5376 2517//5376 2685//5376
f 2517//5377 2518//5377 2685//5377
f 2685//5378 2518//5378 2686//5378
f 2518//5379 2500//5379 2686//5379
f 2686//5380 2500//5380 2668//5380
f 2500//5381 2498//5381 2668//5381
f 2668//5382 2498//5382 2666//5382
f 2666//5383 2492//5383 2660//5383
f 2498//5384 2492//5384 2666//5384
f 2660//5385 2488//5385 2656//5385
f 2492//5386 2488//5386 2660//5386
f 2656//5387 2485//5387 2653//5387
f 2653//5388 2485//5388 2648//5388
f 2488//5389 2485//5389 2656//5389
f 2485//5390 2480//5390 2648//5390
f 2648//5391 2477//5391 2645//5391
f 2480//5392 2477//5392 2648//5392
g Component_U1_mesh
f 2689//5393 2690//5393 2691//5393
f 2691//5394 2690//5394 2692//5394
f 2693//5395 2694//5395 2695//5395
f 2693//5396 2695//5396 2696//5396
f 2694//5397 2693//5397 2689//5397
f 2689//5398 2693//5398 2690//5398
f 2696//5399 2695//5399 2691//5399
f 2696//5400 2691//5400 2692//5400
f 2691//5401 2695//5401 2689//5401
f 2689//5402 2695//5402 2694//5402
f 2696//5403 2692//5403 2690//5403
f 2696//5404 2690//5404 2693//5404
g Component_J1_mesh
f 2697//5405 2698//5405 2699//5405
f 2699//5406 2698//5406 2700//5406
f 2701//5407 2702//5407 2703//5407
f 2701//5408 2703//5408 2704//5408
f 2702//5409 2701//5409 2697//5409
f 2697//5410 2701//5410 2698//5410
f 2704//5411 2703//5411 2699//5411
f 2704//5412 2699//5412 2700//5412
f 2697//5413 2699//5413 2702//5413
f 2699//5414 2703//5414 2702//5414
f 2700//5415 2698//5415 2701//5415
f 2704//5416 2700//5416 2701//5416
g Component_J2_mesh
f 2705//5417 2706//5417 2707//5417
f 2707//5418 2706//5418 2708//5418
f 2709//5419 2710//5419 2711//5419
f 2709//5420 2711//5420 2712//5420
f 2710//5421 2709//5421 2705//5421
f 2705//5422 2709//5422 2706//5422
f 2712//5423 2711//5423 2707//5423
f 2712//5424 2707//5424 2708//5424
f 2705//5425 2707//5425 2710//5425
f 2707//5426 2711//5426 2710//5426
f 2708//5427 2706//5427 2709//5427
f 2712//5428 2708//5428 2709//5428
g Component_F1_mesh
f 2713//5429 2714//5429 2715//5429
f 2713//5430 2715//5430 2716//5430
f 2717//5431 2716//5431 2718//5431
f 2717//5432 2713//5432 2716//5432
f 2719//5433 2717//5433 2718//5433
f 2719//5434 2718//5434 2720//5434
f 2721//5435 2719//5435 2720//5435
f 2721//5436 2720//5436 2722//5436
f 2723//5437 2721//5437 2722//5437
f 2723//5438 2722//5438 2724//5438
f 2725//5439 2723//5439 2724//5439
f 2725//5440 2724//5440 2726//5440
f 2727//5441 2725//5441 2726//5441
f 2727//5442 2726//5442 2728//5442
f 2729//5443 2727//5443 2728//5443
f 2729//5444 2728//5444 2730//5444
f 2729//5445 2730//5445 2731//5445
f 2732//5446 2729//5446 2731//5446
f 2733//5447 2732//5447 2731//5447
f 2733//5448 2731//5448 2734//5448
f 2733//5449 2734//5449 2735//5449
f 2736//5450 2733//5450 2735//5450
f 2737//5451 2736//5451 2735//5451
f 2737//5452 2735//5452 2738//5452
f 2739//5453 2737//5453 2738//5453
f 2739//5454 2738//5454 2740//5454
f 2741//5455 2739//5455 2740//5455
f 2741//5456 2740//5456 2742//5456
f 2743//5457 2741//5457 2742//5457
f 2743//5458 2742//5458 2744//5458
f 2745//5459 2743//5459 2744//5459
f 2745//5460 2744//5460 2746//5460
f 2745//5461 2746//5461 2747//5461
f 2748//5462 2745//5462 2747//5462
f 2749//5463 2748//5463 2747//5463
f 2749//5464 2747//5464 2750//5464
f 2751//5465 2750//5465 2752//5465
f 2751//5466 2749//5466 2750//5466
f 2753//5467 2752//5467 2754//5467
f 2753//5468 2751//5468 2752//5468
f 2755//5469 2754//5469 2756//5469
f 2755//5470 2753//5470 2754//5470
f 2757//5471 2756//5471 2758//5471
f 2757//5472 2755//5472 2756//5472
f 2759//5473 2758//5473 2760//5473
f 2759//5474 2760//5474 2761//5474
f 2759//5475 2757//5475 2758//5475
f 2762//5476 2759//5476 2761//5476
f 2763//5477 2761//5477 2764//5477
f 2763//5478 2764//5478 2765//5478
f 2763//5479 2762//5479 2761//5479
f 2766//5480 2765//5480 2767//5480
f 2766//5481 2763//5481 2765//5481
f 2768//5482 2766//5482 2767//5482
f 2769//5483 2768//5483 2767//5483
f 2769//5484 2767//5484 2770//5484
f 2769//5485 2770//5485 2771//5485
f 2772//5486 2769//5486 2771//5486
f 2773//5487 2772//5487 2771//5487
f 2773//5488 2771//5488 2774//5488
f 2775//5489 2773//5489 2774//5489
f 2775//5490 2774//5490 2776//5490
f 2777//5491 2775//5491 2776//5491
f 2777//5492 2776//5492 2778//5492
f 2779//5493 2777//5493 2778//5493
f 2779//5494 2778//5494 2780//5494
f 2779//5495 2780//5495 2781//5495
f 2782//5496 2779//5496 2781//5496
f 2783//5497 2782//5497 2781//5497
f 2783//5498 2781//5498 2784//5498
f 2785//5499 2783//5499 2784//5499
f 2785//5500 2784//5500 2786//5500
f 2787//5501 2785//5501 2786//5501
f 2787//5502 2786//5502 2788//5502
f 2789//5503 2787//5503 2788//5503
f 2789//5504 2788//5504 2790//5504
f 2791//5505 2789//5505 2790//5505
f 2791//5506 2790//5506 2792//5506
f 2791//5507 2792//5507 2793//5507
f 2794//5508 2791//5508 2793//5508
f 2795//5509 2794//5509 2793//5509
f 2795//5510 2793//5510 2796//5510
f 2714//5511 2795//5511 2796//5511
f 2714//5512 2796//5512 2715//5512
f 2762//5513 2763//5513 2766//5513
f 2762//5514 2766//5514 2768//5514
f 2775//5515 2769//5515 2772//5515
f 2775//5516 2772//5516 2773//5516
f 2755//5517 2757//5517 2759//5517
f 2755//5518 2759//5518 2762//5518
f 2751//5519 2753//5519 2755//5519
f 2751//5520 2768//5520 2769//5520
f 2751//5521 2762//5521 2768//5521
f 2751//5522 2755//5522 2762//5522
f 2749//5523 2751//5523 2769//5523
f 2783//5524 2775//5524 2777//5524
f 2783//5525 2777//5525 2779//5525
f 2783//5526 2779//5526 2782//5526
f 2783//5527 2769//5527 2775//5527
f 2783//5528 2749//5528 2769//5528
f 2789//5529 2783//5529 2785//5529
f 2789//5530 2785//5530 2787//5530
f 2741//5531 2743//5531 2745//5531
f 2795//5532 2791//5532 2794//5532
f 2736//5533 2737//5533 2739//5533
f 2736//5534 2739//5534 2741//5534
f 2714//5535 2789//5535 2791//5535
f 2714//5536 2791//5536 2795//5536
f 2732//5537 2733//5537 2736//5537
f 2719//5538 2713//5538 2717//5538
f 2721//5539 2714//5539 2713//5539
f 2721//5540 2713//5540 2719//5540
f 2725//5541 2789//5541 2714//5541
f 2725//5542 2727//5542 2729//5542
f 2725//5543 2729//5543 2732//5543
f 2725//5544 2745//5544 2748//5544
f 2725//5545 2748//5545 2749//5545
f 2725//5546 2714//5546 2721//5546
f 2725//5547 2749//5547 2783//5547
f 2725//5548 2783//5548 2789//5548
f 2725//5549 2736//5549 2741//5549
f 2725//5550 2741//5550 2745//5550
f 2725//5551 2732//5551 2736//5551
f 2723//5552 2725//5552 2721//5552
f 2764//5553 2761//5553 2765//5553
f 2765//5554 2761//5554 2767//5554
f 2770//5555 2776//5555 2771//5555
f 2771//5556 2776//5556 2774//5556
f 2758//5557 2756//5557 2760//5557
f 2760//5558 2756//5558 2761//5558
f 2754//5559 2752//5559 2756//5559
f 2767//5560 2752//5560 2770//5560
f 2761//5561 2752//5561 2767//5561
f 2756//5562 2752//5562 2761//5562
f 2752//5563 2750//5563 2770//5563
f 2776//5564 2784//5564 2778//5564
f 2778//5565 2784//5565 2780//5565
f 2780//5566 2784//5566 2781//5566
f 2770//5567 2784//5567 2776//5567
f 2750//5568 2784//5568 2770//5568
f 2784//5569 2790//5569 2786//5569
f 2786//5570 2790//5570 2788//5570
f 2744//5571 2742//5571 2746//5571
f 2792//5572 2796//5572 2793//5572
f 2738//5573 2735//5573 2740//5573
f 2740//5574 2735//5574 2742//5574
f 2790//5575 2715//5575 2792//5575
f 2792//5576 2715//5576 2796//5576
f 2734//5577 2731//5577 2735//5577
f 2716//5578 2720//5578 2718//5578
f 2715//5579 2722//5579 2716//5579
f 2716//5580 2722//5580 2720//5580
f 2790//5581 2726//5581 2715//5581
f 2728//5582 2726//5582 2730//5582
f 2730//5583 2726//5583 2731//5583
f 2746//5584 2726//5584 2747//5584
f 2747//5585 2726//5585 2750//5585
f 2715//5586 2726//5586 2722//5586
f 2750//5587 2726//5587 2784//5587
f 2784//5588 2726//5588 2790//5588
f 2735//5589 2726//5589 2742//5589
f 2742//5590 2726//5590 2746//5590
f 2731//5591 2726//5591 2735//5591
f 2726//5592 2724//5592 2722//5592
g Component_NTC1_mesh
f 2797//5593 2798//5593 2799//5593
f 2797//5594 2799//5594 2800//5594
f 2801//5595 2800//5595 2802//5595
f 2801//5596 2797//5596 2800//5596
f 2803//5597 2802//5597 2804//5597
f 2803//5598 2801//5598 2802//5598
f 2805//5599 2803//5599 2804//5599
f 2805//5600 2804//5600 2806//5600
f 2805//5601 2806//5601 2807//5601
f 2808//5602 2805//5602 2807//5602
f 2808//5603 2807//5603 2809//5603
f 2810//5604 2808//5604 2809//5604
f 2811//5605 2810//5605 2809//5605
f 2811//5606 2809//5606 2812//5606
f 2813//5607 2811//5607 2812//5607
f 2813//5608 2812//5608 2814//5608
f 2813//5609 2814//5609 2815//5609
f 2816//5610 2813//5610 2815//5610
f 2817//5611 2816//5611 2815//5611
f 2817//5612 2815//5612 2818//5612
f 2819//5613 2817//5613 2818//5613
f 2819//5614 2818//5614 2820//5614
f 2819//5615 2820//5615 2821//5615
f 2822//5616 2819//5616 2821//5616
f 2823//5617 2822//5617 2821//5617
f 2823//5618 2821//5618 2824//5618
f 2823//5619 2824//5619 2825//5619
f 2826//5620 2823//5620 2825//5620
f 2827//5621 2826//5621 2825//5621
f 2827//5622 2825//5622 2828//5622
f 2829//5623 2827//5623 2828//5623
f 2829//5624 2828//5624 2830//5624
f 2831//5625 2830//5625 2832//5625
f 2831//5626 2829//5626 2830//5626
f 2833//5627 2832//5627 2834//5627
f 2833//5628 2834//5628 2835//5628
f 2833//5629 2831//5629 2832//5629
f 2836//5630 2835//5630 2837//5630
f 2836//5631 2833//5631 2835//5631
f 2838//5632 2836//5632 2837//5632
f 2839//5633 2837//5633 2840//5633
f 2839//5634 2838//5634 2837//5634
f 2841//5635 2840//5635 2842//5635
f 2841//5636 2842//5636 2843//5636
f 2841//5637 2839//5637 2840//5637
f 2844//5638 2841//5638 2843//5638
f 2845//5639 2843//5639 2846//5639
f 2845//5640 2846//5640 2847//5640
f 2845//5641 2844//5641 2843//5641
f 2848//5642 2847//5642 2849//5642
f 2848//5643 2845//5643 2847//5643
f 2850//5644 2848//5644 2849//5644
f 2851//5645 2849//5645 2852//5645
f 2851//5646 2850//5646 2849//5646
f 2853//5647 2852//5647 2854//5647
f 2853//5648 2854//5648 2855//5648
f 2853//5649 2851//5649 2852//5649
f 2856//5650 2853//5650 2855//5650
f 2857//5651 2856//5651 2855//5651
f 2857//5652 2855//5652 2858//5652
f 2859//5653 2857//5653 2858//5653
f 2859//5654 2858//5654 2860//5654
f 2861//5655 2859//5655 2860//5655
f 2861//5656 2860//5656 2862//5656
f 2861//5657 2862//5657 2863//5657
f 2864//5658 2861//5658 2863//5658
f 2865//5659 2864//5659 2863//5659
f 2865//5660 2863//5660 2866//5660
f 2865//5661 2866//5661 2867//5661
f 2868//5662 2865//5662 2867//5662
f 2869//5663 2868//5663 2867//5663
f 2869//5664 2867//5664 2870//5664
f 2869//5665 2870//5665 2871//5665
f 2872//5666 2869//5666 2871//5666
f 2873//5667 2872//5667 2871//5667
f 2873//5668 2871//5668 2874//5668
f 2875//5669 2873//5669 2874//5669
f 2875//5670 2874//5670 2876//5670
f 2877//5671 2875//5671 2876//5671
f 2877//5672 2876//5672 2878//5672
f 2879//5673 2877//5673 2878//5673
f 2879//5674 2878//5674 2880//5674
f 2798//5675 2879//5675 2880//5675
f 2798//5676 2880//5676 2799//5676
f 2857//5677 2853//5677 2856//5677
f 2859//5678 2850//5678 2851//5678
f 2859//5679 2851//5679 2853//5679
f 2859//5680 2853//5680 2857//5680
f 2838//5681 2839//5681 2841//5681
f 2838//5682 2841//5682 2844//5682
f 2838//5683 2844//5683 2845//5683
f 2838//5684 2845//5684 2848//5684
f 2838//5685 2848//5685 2850//5685
f 2865//5686 2861//5686 2864//5686
f 2869//5687 2859//5687 2861//5687
f 2869//5688 2865//5688 2868//5688
f 2869//5689 2850//5689 2859//5689
f 2869//5690 2861//5690 2865//5690
f 2829//5691 2831//5691 2833//5691
f 2829//5692 2833//5692 2836//5692
f 2823//5693 2826//5693 2827//5693
f 2823//5694 2827//5694 2829//5694
f 2823//5695 2836//5695 2838//5695
f 2823//5696 2829//5696 2836//5696
f 2877//5697 2872//5697 2873//5697
f 2877//5698 2873//5698 2875//5698
f 2819//5699 2822//5699 2823//5699
f 2798//5700 2877//5700 2879//5700
f 2817//5701 2819//5701 2823//5701
f 2797//5702 2869//5702 2872//5702
f 2797//5703 2850//5703 2869//5703
f 2797//5704 2877//5704 2798//5704
f 2797//5705 2872//5705 2877//5705
f 2813//5706 2816//5706 2817//5706
f 2805//5707 2797//5707 2801//5707
f 2805//5708 2801//5708 2803//5708
f 2805//5709 2850//5709 2797//5709
f 2805//5710 2838//5710 2850//5710
f 2805//5711 2823//5711 2838//5711
f 2810//5712 2817//5712 2823//5712
f 2810//5713 2811//5713 2813//5713
f 2810//5714 2813//5714 2817//5714
f 2808//5715 2810//5715 2823//5715
f 2808//5716 2823//5716 2805//5716
f 2854//5717 2858//5717 2855//5717
f 2849//5718 2860//5718 2852//5718
f 2852//5719 2860//5719 2854//5719
f 2854//5720 2860//5720 2858//5720
f 2840//5721 2837//5721 2842//5721
f 2842//5722 2837//5722 2843//5722
f 2843//5723 2837//5723 2846//5723
f 2846//5724 2837//5724 2847//5724
f 2847//5725 2837//5725 2849//5725
f 2862//5726 2866//5726 2863//5726
f 2860//5727 2870//5727 2862//5727
f 2866//5728 2870//5728 2867//5728
f 2849//5729 2870//5729 2860//5729
f 2862//5730 2870//5730 2866//5730
f 2832//5731 2830//5731 2834//5731
f 2834//5732 2830//5732 2835//5732
f 2825//5733 2824//5733 2828//5733
f 2828//5734 2824//5734 2830//5734
f 2835//5735 2824//5735 2837//5735
f 2830//5736 2824//5736 2835//5736
f 2871//5737 2878//5737 2874//5737
f 2874//5738 2878//5738 2876//5738
f 2821//5739 2820//5739 2824//5739
f 2878//5740 2799//5740 2880//5740
f 2820//5741 2818//5741 2824//5741
f 2870//5742 2800//5742 2871//5742
f 2849//5743 2800//5743 2870//5743
f 2878//5744 2800//5744 2799//5744
f 2871//5745 2800//5745 2878//5745
f 2815//5746 2814//5746 2818//5746
f 2800//5747 2806//5747 2802//5747
f 2802//5748 2806//5748 2804//5748
f 2849//5749 2806//5749 2800//5749
f 2837//5750 2806//5750 2849//5750
f 2824//5751 2806//5751 2837//5751
f 2818//5752 2809//5752 2824//5752
f 2812//5753 2809//5753 2814//5753
f 2814//5754 2809//5754 2818//5754
f 2809//5755 2807//5755 2824//5755
f 2824//5756 2807//5756 2806//5756
g Access_J1_mesh
f 2881//5757 2882//5757 2883//5757
f 2883//5758 2882//5758 2884//5758
f 2885//5759 2886//5759 2887//5759
f 2885//5760 2887//5760 2888//5760
f 2886//5761 2885//5761 2881//5761
f 2881//5762 2885//5762 2882//5762
f 2888//5763 2887//5763 2883//5763
f 2888//5764 2883//5764 2884//5764
f 2883//5765 2887//5765 2881//5765
f 2881//5766 2887//5766 2886//5766
f 2888//5767 2884//5767 2882//5767
f 2888//5768 2882//5768 2885//5768
g Access_J2_mesh
f 2889//5769 2890//5769 2891//5769
f 2891//5770 2890//5770 2892//5770
f 2893//5771 2894//5771 2895//5771
f 2893//5772 2895//5772 2896//5772
f 2894//5773 2893//5773 2889//5773
f 2889//5774 2893//5774 2890//5774
f 2896//5775 2895//5775 2891//5775
f 2896//5776 2891//5776 2892//5776
f 2891//5777 2895//5777 2889//5777
f 2889//5778 2895//5778 2894//5778
f 2896//5779 2892//5779 2890//5779
f 2896//5780 2890//5780 2893//5780
g Access_F1_mesh
f 2897//5781 2898//5781 2899//5781
f 2897//5782 2899//5782 2900//5782
f 2901//5783 2900//5783 2902//5783
f 2901//5784 2897//5784 2900//5784
f 2903//5785 2901//5785 2902//5785
f 2903//5786 2902//5786 2904//5786
f 2905//5787 2903//5787 2904//5787
f 2905//5788 2904//5788 2906//5788
f 2907//5789 2905//5789 2906//5789
f 2907//5790 2906//5790 2908//5790
f 2909//5791 2907//5791 2908//5791
f 2909//5792 2908//5792 2910//5792
f 2911//5793 2909//5793 2910//5793
f 2911//5794 2910//5794 2912//5794
f 2911//5795 2912//5795 2913//5795
f 2914//5796 2911//5796 2913//5796
f 2915//5797 2914//5797 2913//5797
f 2915//5798 2913//5798 2916//5798
f 2915//5799 2916//5799 2917//5799
f 2918//5800 2915//5800 2917//5800
f 2919//5801 2918//5801 2917//5801
f 2919//5802 2917//5802 2920//5802
f 2921//5803 2919//5803 2920//5803
f 2921//5804 2920//5804 2922//5804
f 2921//5805 2922//5805 2923//5805
f 2924//5806 2921//5806 2923//5806
f 2924//5807 2923//5807 2925//5807
f 2926//5808 2924//5808 2925//5808
f 2927//5809 2926//5809 2925//5809
f 2927//5810 2925//5810 2928//5810
f 2927//5811 2928//5811 2929//5811
f 2930//5812 2927//5812 2929//5812
f 2931//5813 2930//5813 2929//5813
f 2931//5814 2929//5814 2932//5814
f 2931//5815 2932//5815 2933//5815
f 2934//5816 2931//5816 2933//5816
f 2935//5817 2933//5817 2936//5817
f 2935//5818 2934//5818 2933//5818
f 2937//5819 2936//5819 2938//5819
f 2937//5820 2935//5820 2936//5820
f 2939//5821 2938//5821 2940//5821
f 2939//5822 2937//5822 2938//5822
f 2941//5823 2940//5823 2942//5823
f 2941//5824 2939//5824 2940//5824
f 2943//5825 2942//5825 2944//5825
f 2943//5826 2941//5826 2942//5826
f 2945//5827 2944//5827 2946//5827
f 2945//5828 2943//5828 2944//5828
f 2947//5829 2946//5829 2948//5829
f 2947//5830 2945//5830 2946//5830
f 2949//5831 2948//5831 2950//5831
f 2949//5832 2950//5832 2951//5832
f 2949//5833 2947//5833 2948//5833
f 2952//5834 2949//5834 2951//5834
f 2953//5835 2952//5835 2951//5835
f 2953//5836 2951//5836 2954//5836
f 2953//5837 2954//5837 2955//5837
f 2956//5838 2953//5838 2955//5838
f 2957//5839 2956//5839 2955//5839
f 2957//5840 2955//5840 2958//5840
f 2959//5841 2957//5841 2958//5841
f 2959//5842 2958//5842 2960//5842
f 2959//5843 2960//5843 2961//5843
f 2962//5844 2959//5844 2961//5844
f 2963//5845 2962//5845 2961//5845
f 2963//5846 2961//5846 2964//5846
f 2965//5847 2963//5847 2964//5847
f 2965//5848 2964//5848 2966//5848
f 2967//5849 2965//5849 2966//5849
f 2967//5850 2966//5850 2968//5850
f 2967//5851 2968//5851 2969//5851
f 2970//5852 2967//5852 2969//5852
f 2971//5853 2970//5853 2969//5853
f 2971//5854 2969//5854 2972//5854
f 2973//5855 2971//5855 2972//5855
f 2973//5856 2972//5856 2974//5856
f 2975//5857 2973//5857 2974//5857
f 2975//5858 2974//5858 2976//5858
f 2977//5859 2975//5859 2976//5859
f 2977//5860 2976//5860 2978//5860
f 2977//5861 2978//5861 2979//5861
f 2980//5862 2977//5862 2979//5862
f 2898//5863 2980//5863 2979//5863
f 2898//5864 2979//5864 2899//5864
f 2945//5865 2947//5865 2949//5865
f 2945//5866 2949//5866 2952//5866
f 2959//5867 2953//5867 2956//5867
f 2959//5868 2956//5868 2957//5868
f 2939//5869 2941//5869 2943//5869
f 2939//5870 2943//5870 2945//5870
f 2935//5871 2937//5871 2939//5871
f 2935//5872 2952//5872 2953//5872
f 2935//5873 2945//5873 2952//5873
f 2935//5874 2939//5874 2945//5874
f 2934//5875 2935//5875 2953//5875
f 2967//5876 2959//5876 2962//5876
f 2967//5877 2962//5877 2963//5877
f 2967//5878 2963//5878 2965//5878
f 2967//5879 2953//5879 2959//5879
f 2967//5880 2934//5880 2953//5880
f 2973//5881 2967//5881 2970//5881
f 2973//5882 2970//5882 2971//5882
f 2926//5883 2927//5883 2930//5883
f 2980//5884 2975//5884 2977//5884
f 2919//5885 2921//5885 2924//5885
f 2919//5886 2924//5886 2926//5886
f 2898//5887 2973//5887 2975//5887
f 2898//5888 2975//5888 2980//5888
f 2915//5889 2918//5889 2919//5889
f 2903//5890 2897//5890 2901//5890
f 2905//5891 2898//5891 2897//5891
f 2905//5892 2897//5892 2903//5892
f 2909//5893 2973//5893 2898//5893
f 2909//5894 2911//5894 2914//5894
f 2909//5895 2914//5895 2915//5895
f 2909//5896 2930//5896 2931//5896
f 2909//5897 2931//5897 2934//5897
f 2909//5898 2898//5898 2905//5898
f 2909//5899 2934//5899 2967//5899
f 2909//5900 2967//5900 2973//5900
f 2909//5901 2919//5901 2926//5901
f 2909//5902 2926//5902 2930//5902
f 2909//5903 2915//5903 2919//5903
f 2907//5904 2909//5904 2905//5904
f 2948//5905 2946//5905 2950//5905
f 2950//5906 2946//5906 2951//5906
f 2954//5907 2960//5907 2955//5907
f 2955//5908 2960//5908 2958//5908
f 2942//5909 2940//5909 2944//5909
f 2944//5910 2940//5910 2946//5910
f 2938//5911 2936//5911 2940//5911
f 2951//5912 2936//5912 2954//5912
f 2946//5913 2936//5913 2951//5913
f 2940//5914 2936//5914 2946//5914
f 2936//5915 2933//5915 2954//5915
f 2960//5916 2968//5916 2961//5916
f 2961//5917 2968//5917 2964//5917
f 2964//5918 2968//5918 2966//5918
f 2954//5919 2968//5919 2960//5919
f 2933//5920 2968//5920 2954//5920
f 2968//5921 2974//5921 2969//5921
f 2969//5922 2974//5922 2972//5922
f 2928//5923 2925//5923 2929//5923
f 2976//5924 2979//5924 2978//5924
f 2922//5925 2920//5925 2923//5925
f 2923//5926 2920//5926 2925//5926
f 2974//5927 2899//5927 2976//5927
f 2976//5928 2899//5928 2979//5928
f 2917//5929 2916//5929 2920//5929
f 2900//5930 2904//5930 2902//5930
f 2899//5931 2906//5931 2900//5931
f 2900//5932 2906//5932 2904//5932
f 2974//5933 2910//5933 2899//5933
f 2912//5934 2910//5934 2913//5934
f 2913//5935 2910//5935 2916//5935
f 2929//5936 2910//5936 2932//5936
f 2932//5937 2910//5937 2933//5937
f 2899//5938 2910//5938 2906//5938
f 2933//5939 2910//5939 2968//5939
f 2968//5940 2910//5940 2974//5940
f 2920//5941 2910//5941 2925//5941
f 2925//5942 2910//5942 2929//5942
f 2916//5943 2910//5943 2920//5943
f 2910//5944 2908//5944 2906//5944
