channel,range_knm,mean_knm,count,start_index,end_index
RootMyb1,33.94531000000006,7906.875975000001,0.5,0,7
RootMyb1,152.9082099999996,8545.027344999999,1.0,46,66
RootMyb1,1.03125,8228.748045,1.0,127,128
RootMyb1,172.6445300000005,8165.738284999999,1.0,150,180
RootMyb1,62.9677700000002,7957.892575,1.0,217,233
RootMyb1,936.9999999999991,8358.40332,0.5,7,95
RootMyb1,414.9038100000007,6793.177005,1.0,319,375
RootMyb1,522.6772500000006,8025.931885,1.0,557,588
RootMyb1,1036.0366200000008,8236.24341,1.0,626,669
RootMyb1,3111.2314399999996,7271.2876,0.5,95,460
RootMyb1,631.40625,9429.733395,1.0,761,807
RootMyb1,8.401370000001407,9992.097165,1.0,885,892
RootMyb1,11.042969999998604,8236.796875,1.0,1001,1009
RootMyb1,844.0644499999999,6977.134275,1.0,1129,1181
RootMyb1,4419.345719999999,7925.34474,0.5,460,927
RootMyb1,2.367189999999937,6903.779785000001,1.0,1348,1352
RootMyb1,481.99219000000085,8747.463865,1.0,1504,1565
RootMyb1,94.42480999999862,8451.885255000001,1.0,1604,1620
RootMyb1,106.27197000000069,7997.2639149999995,1.0,1703,1722
RootMyb1,1058.5849699999999,8418.558105,1.0,1677,1771
RootMyb1,133.44825000000037,7911.262694999999,1.0,1816,1837
RootMyb1,3680.765619999999,7472.29297,1.0,1283,1435
RootMyb1,33.70605000000069,5763.355955,1.0,1927,1940
RootMyb1,127.71190999999999,6046.665525,1.0,2030,2051
RootMyb1,745.8603600000006,5986.76123,1.0,1903,1990
RootMyb1,143.65819999999985,7742.12305,1.0,2323,2349
RootMyb1,245.23291000000063,7343.142825,1.0,2438,2474
RootMyb1,427.2548799999995,7430.82324,1.0,2407,2507
RootMyb1,700.9272499999997,7536.3098150000005,1.0,2293,2545
RootMyb1,4.852049999999508,7033.438725,1.0,2783,2789
RootMyb1,1017.0620099999996,7504.922605,1.0,2684,2733
RootMyb1,650.9912100000001,5973.177735,1.0,2837,2868
RootMyb1,0.5629900000003545,5114.778075,1.0,2990,2992
RootMyb1,10.9375,5141.30371,1.0,3016,3023
RootMyb1,341.1264599999995,5275.76782,1.0,2953,3001
RootMyb1,380.58983999999964,6996.590819999999,1.0,3099,3149
RootMyb1,174.13525000000027,7325.838625,1.0,3279,3313
RootMyb1,384.3945299999996,7188.140625,1.0,3396,3428
RootMyb1,987.1069399999997,7488.57837,1.0,3225,3351
RootMyb1,3016.8564400000005,6505.440430000001,1.0,2589,2916
RootMyb1,122.56884999999966,7806.787845,1.0,3643,3666
RootMyb1,630.59033,7687.219485,1.0,3551,3603
RootMyb1,0.12597999999979947,6800.139160000001,1.0,3944,3945
RootMyb1,2.9516599999997197,6799.60327,1.0,3941,3947
RootMyb1,3545.51562,6347.99756,1.0,3490,3867
RootMyb1,13.5,8309.60938,1.0,4147,4159
RootMyb1,5.288080000000264,8288.088380000001,1.0,4292,4299
RootMyb1,0.29003999999986263,8267.7915,1.0,4309,4310
RootMyb1,30.71484000000055,8281.03613,1.0,4266,4280
RootMyb1,210.81055000000015,8327.295895,1.0,4418,4449
RootMyb1,94.2265699999989,8619.006835,1.0,4498,4517
RootMyb1,878.89599,8398.713135,1.0,4221,4358
RootMyb1,1387.1420900000003,8404.121335,1.0,3998,4080
RootMyb1,198.2475599999998,7575.44751,1.0,4675,4707
RootMyb1,0.11913999999978842,7447.45996,1.0,4836,4837
RootMyb1,303.5996100000002,7598.197754999999,1.0,4804,4839
RootMyb1,1.1210900000005495,7291.905275,1.0,5005,5008
RootMyb1,1346.7324200000003,7709.11621,1.0,4748,4930
RootMyb1,355.12891000000127,8465.041014999999,1.0,5207,5235
RootMyb1,848.8456999999999,8311.97656,1.0,5108,5162
RootMyb1,2818.75439,8100.321045,1.0,4564,5051
RootMyb1,686.7275400000017,8773.715329999999,1.0,5335,5369
RootMyb1,617.8300799999988,8408.09961,1.0,5411,5443
RootMyb1,885.2802800000009,8233.963380000001,1.0,5491,5532
RootMyb1,1732.6308600000011,8414.05371,1.0,5574,5623
RootMyb1,137.52343999999994,7576.07373,1.0,5740,5765
RootMyb1,316.1635699999997,7048.340575,1.0,5843,5885
RootMyb1,34.4013700000005,7819.5864249999995,1.0,5935,5946
RootMyb1,203.88183000000026,8552.268065,1.0,5995,6023
RootMyb1,1253.6894599999996,8375.761719999999,1.0,6064,6111
RootMyb1,86.54491999999846,9021.047849999999,1.0,6242,6263
RootMyb1,792.9902299999994,8908.356445,1.0,6201,6296
RootMyb1,80.23047000000042,8950.398435,1.0,6435,6459
RootMyb1,988.23243,8643.305665,1.0,6385,6490
RootMyb1,2650.82373,8189.313725,1.0,5816,6152
RootMyb1,21.26123000000007,6820.518795,1.0,6702,6713
RootMyb1,118.16308000000026,7308.23633,1.0,6773,6796
RootMyb1,58.25098000000071,8512.73877,1.0,6851,6868
RootMyb1,624.2255799999984,9221.83252,1.0,6924,6960
RootMyb1,3919.484369999999,7762.060545,1.0,5283,6642
RootMyb1,5623.992699999999,7323.02125,0.5,927,2112
RootMyb1,541.9150399999999,9651.73486,1.0,7044,7082
RootMyb1,569.2431699999997,8890.637204999999,1.0,7135,7172
RootMyb1,1176.5454100000006,7623.098385,1.0,7259,7327
RootMyb1,145.4951200000005,6239.78613,1.0,7407,7435
RootMyb1,34.502440000000206,7433.12964,1.0,7546,7559
RootMyb1,37.126469999999244,7831.685305,1.0,7743,7758
RootMyb1,1870.4863300000006,6915.459475,1.0,7595,7647
RootMyb1,382.33691,8816.861815,1.0,7941,7990
RootMyb1,897.2275399999999,8810.01318,1.0,7859,7895
RootMyb1,729.8759799999998,7531.9751,1.0,8126,8177
RootMyb1,343.1850599999998,6453.11255,1.0,8292,8324
RootMyb1,254.27588000000014,7003.218989999999,1.0,8459,8498
RootMyb1,0.11034999999901629,9261.603025,1.0,8607,8610
RootMyb1,148.7441400000007,9187.494139999999,1.0,8612,8641
RootMyb1,263.96094000000085,8675.82422,1.0,8708,8733
RootMyb1,62.54588999999942,8317.279784999999,1.0,8894,8908
RootMyb1,1199.8149400000002,8397.62183,1.0,8783,8850
RootMyb1,157.41504000000077,7744.8911100000005,1.0,9045,9069
RootMyb1,373.50683000000026,7775.354005,1.0,9095,9132
RootMyb1,273.77832000000035,7634.094730000001,1.0,9161,9187
RootMyb1,1030.4292000000005,7756.20142,1.0,8996,9231
RootMyb1,842.1503900000007,8561.905275000001,1.0,9324,9388
RootMyb1,2167.62158,8224.31421,1.0,8665,8950
RootMyb1,3240.4614300000003,7736.551515000001,1.0,7820,8365
RootMyb1,0.24512000000140688,9446.909670000001,1.0,9458,9459
RootMyb1,251.96385999999984,9212.39795,1.0,9538,9571
RootMyb1,7.385739999999714,8834.80029,1.0,9618,9624
RootMyb1,234.61035999999876,8901.26123,1.0,9763,9795
RootMyb1,1347.088380000001,8485.12866,1.0,9679,9733
RootMyb1,200.91162000000077,6840.5481,1.0,9921,9947
RootMyb1,519.8823199999997,6732.14575,1.0,10018,10054
RootMyb1,3315.9355399999995,8104.29004,1.0,9496,9978
RootMyb1,279.3691399999989,9008.47559,1.0,10240,10275
RootMyb1,1403.50389,9399.993155,1.0,10191,10312
RootMyb1,4713.450649999999,7821.343975,1.0,7010,7493
RootMyb1,19.651299999999537,10266.95265,1.0,10436,10446
RootMyb1,348.0800799999997,9363.4043,1.0,10503,10540
RootMyb1,597.6904300000006,8971.572755000001,1.0,10583,10620
RootMyb1,533.6420900000003,8064.348875,1.0,10668,10699
RootMyb1,512.91309,7303.914065,1.0,10740,10775
RootMyb1,11.02733999999964,6702.1167000000005,1.0,10879,10888
RootMyb1,141.90527999999995,6644.994140000001,1.0,10898,10919
RootMyb1,310.9965800000009,8340.993900000001,1.0,11104,11135
RootMyb1,847.0961900000002,8116.608155,1.0,11060,11176
RootMyb1,207.3701199999996,9533.40869,1.0,11255,11286
RootMyb1,25.464850000000297,9339.083985,1.0,11359,11370
RootMyb1,1341.8544899999997,8937.739744999999,1.0,11435,11484
RootMyb1,3132.2138700000005,8079.484865,1.0,10842,11313
RootMyb1,9.087889999999788,7930.112305000001,1.0,11783,11790
RootMyb1,533.4335900000005,9531.216795,1.0,11942,11974
RootMyb1,1154.1045000000013,9375.55127,1.0,11904,12018
RootMyb1,4503.04837,8079.381115,1.0,10418,11686
RootMyb1,47.48730000000069,10370.91455,1.0,12077,12089
RootMyb1,198.2753900000007,8582.872075,1.0,12369,12394
RootMyb1,1660.359339999999,9278.63963,1.0,12251,12321
RootMyb1,657.545900000001,9019.1001,1.0,12639,12686
RootMyb1,45.34180000000015,10921.792000000001,1.0,12787,12798
RootMyb1,179.67280000000028,11344.4907,1.0,12832,12853
RootMyb1,5059.334029999999,9149.789085,1.0,12133,12498
RootMyb1,268.9785000000011,11958.46285,1.0,12884,12909
RootMyb1,119.9433599999993,9606.87988,1.0,13060,13079
RootMyb1,195.5732399999997,9217.82471,1.0,13118,13142
RootMyb1,84.77196999999978,7103.726805,1.0,13289,13303
RootMyb1,327.2797899999996,7872.917724999999,1.0,13342,13366
RootMyb1,82.10204999999951,8023.397215,1.0,13463,13486
RootMyb1,771.4726599999995,8041.5,1.0,13399,13435
RootMyb1,248.22069999999985,11936.67485,1.0,13638,13657
RootMyb1,5523.97656,9587.79492,1.0,12944,13268
RootMyb1,0.6571999999996478,11035.315900000001,1.0,13737,13738
RootMyb1,8.081100000001243,11067.735850000001,1.0,13750,13754
RootMyb1,48.79690000000119,11049.27145,1.0,13739,13749
RootMyb1,12.105470000000423,8643.233395,1.0,13825,13833
RootMyb1,1805.1601900000005,9257.225605,1.0,13873,13989
RootMyb1,840.609370000001,7878.595705,1.0,14205,14244
RootMyb1,57.18065999999999,9673.235840000001,1.0,14351,14365
RootMyb1,33.81543000000056,9792.869625,1.0,14391,14406
RootMyb1,576.382810000001,9634.177735000001,1.0,14433,14471
RootMyb1,67.42285000000084,9916.559085,1.0,14712,14725
RootMyb1,2024.1572699999997,9055.802265,1.0,14640,14751
RootMyb1,1.53125,7114.837405,1.0,14911,14915
RootMyb1,1049.1699200000003,7636.979,1.0,14903,14967
RootMyb1,3881.591340000001,8703.138930000001,1.0,14143,14516
RootMyb1,124.92676000000029,8347.428220000002,1.0,15156,15175
RootMyb1,60.68261999999959,9222.24756,1.0,15341,15353
RootMyb1,645.8730500000001,9352.610355,1.0,15379,15419
RootMyb1,206.72069999999985,9817.36621,1.0,15512,15535
RootMyb1,1938.6992599999994,9188.46877,1.0,15465,15568
RootMyb1,137.26758000000063,7318.97363,1.0,15721,15739
RootMyb1,113.83154999999988,7848.4548350000005,1.0,15846,15865
RootMyb1,1689.5009799999998,7935.892089999999,1.0,15796,15934
RootMyb1,3421.7602800000004,8588.712660000001,1.0,15259,15690
RootMyb1,683.4346000000005,9899.9175,1.0,16083,16118
RootMyb1,1360.7548700000007,9544.617665,1.0,16158,16203
RootMyb1,760.3955100000003,9163.061034999999,1.0,16354,16399
RootMyb1,13.845699999999852,8686.145509999998,1.0,16444,16451
RootMyb1,399.1660100000008,7816.394045,1.0,16508,16538
RootMyb1,925.1635799999995,7491.617920000001,1.0,16614,16651
RootMyb1,5.282219999999143,9662.036619999999,1.0,16715,16724
RootMyb1,3574.0985899999996,8681.761204999999,1.0,16047,16579
RootMyb1,64.91409999999996,10849.239249999999,1.0,16791,16810
RootMyb1,2.1581999999998516,11569.7637,1.0,16898,16899
RootMyb1,128.65430000000015,11566.000950000001,1.0,16881,16913
RootMyb1,489.61619999999857,10460.2036,1.0,16996,17027
RootMyb1,414.1123000000007,8314.6167,1.0,17125,17152
RootMyb1,970.9619100000009,8324.943845,1.0,17090,17199
RootMyb1,638.9892599999994,8015.34619,1.0,17276,17346
RootMyb1,691.0375899999999,8510.014405,1.0,17471,17524
RootMyb1,0.013700000001335866,10920.29295,1.0,17689,17690
RootMyb1,3.943299999998999,10922.15235,1.0,17685,17691
RootMyb1,4587.586920000001,9484.32764,1.0,16855,17395
RootMyb1,654.1601500000006,8079.612305000001,1.0,17908,17945
RootMyb1,23.598140000000058,7611.29614,1.0,17991,17999
RootMyb1,68.83057000000008,7632.707275,1.0,18012,18032
RootMyb1,52.1201200000005,8184.6167000000005,1.0,18159,18176
RootMyb1,866.015629999999,8165.466795,1.0,18119,18226
RootMyb1,240.29395000000113,9129.199704999999,1.0,18322,18388
RootMyb1,4396.858909999999,9689.867445,1.0,17735,18067
RootMyb1,84.57030000000123,11535.202150000001,1.0,18523,18536
RootMyb1,14.253899999999703,10017.90035,1.0,18585,18592
RootMyb1,708.3364199999996,8120.88452,1.0,18787,18826
RootMyb1,1368.6953099999992,9018.901365,1.0,18943,19004
RootMyb1,24.506900000000314,10927.93995,1.0,19149,19158
RootMyb1,14.166999999999462,10127.7817,1.0,19226,19234
RootMyb1,969.8876999999993,10567.75145,1.0,19126,19212
RootMyb1,146.90239999999903,11102.1924,1.0,19297,19324
RootMyb1,7.615230000001247,9979.490235000001,1.0,19411,19417
RootMyb1,76.76465000000098,9218.825685,1.0,19505,19520
RootMyb1,405.6884599999994,9798.29247,1.0,19602,19636
RootMyb1,0.6553000000003522,10014.206549999999,1.0,19701,19702
RootMyb1,24.97069999999985,10024.635750000001,1.0,19699,19708
RootMyb1,0.02734000000054948,9954.01074,1.0,19727,19728
RootMyb1,0.7040999999990163,9954.0376,1.0,19726,19731
RootMyb1,1191.1035100000008,9559.185545,1.0,19557,19672
RootMyb1,82.73145000000113,9250.800295000001,1.0,19852,19867
RootMyb1,37.230469999998604,9754.790035,1.0,19952,19963
RootMyb1,2181.4463099999994,9499.715345,1.0,19812,19913
RootMyb1,670.2636700000003,9134.060545,1.0,20048,20085
RootMyb1,1.1718799999998737,9277.840820000001,1.0,20185,20186
RootMyb1,50.3125,9300.72656,1.0,20187,20196
RootMyb1,1297.2958899999994,8945.805175000001,1.0,20012,20141
RootMyb1,20.27393000000029,7514.0026849999995,1.0,20281,20292
RootMyb1,3886.3569100000004,9433.428945,1.0,18725,19358
RootMyb1,5441.86283,9202.203385,1.0,15043,18488
RootMyb1,274.4838800000007,6343.55298,1.0,20345,20376
RootMyb1,102.98632999999973,5480.960935,1.0,20422,20445
RootMyb1,63.171879999999874,5421.87158,1.0,20465,20478
RootMyb1,44.1582099999996,5395.333495,1.0,20497,20519
RootMyb1,40.05663999999979,6235.041499999999,1.0,20778,20797
RootMyb1,1740.3422900000005,6630.309325,1.0,20682,20848
RootMyb1,92.95117000000027,8263.604495,1.0,20918,20931
RootMyb1,127.09227999999985,7746.60425,1.0,21107,21139
RootMyb1,327.3925799999997,7437.09131,1.0,21212,21273
RootMyb1,552.6679599999998,7544.346680000001,1.0,21020,21076
RootMyb1,457.7885700000006,7458.775635,1.0,21310,21346
RootMyb1,426.50292999999874,8454.888185,1.0,21427,21455
RootMyb1,1965.7226600000004,7872.33301,1.0,20970,21380
RootMyb1,734.4091799999987,9250.83252,1.0,21501,21534
RootMyb1,94.12209999999868,10273.894049999999,1.0,21620,21637
RootMyb1,2237.28125,9617.080075,1.0,21581,21698
RootMyb1,3.2353000000002794,10115.23485,1.0,21872,21877
RootMyb1,731.2343000000001,10475.70215,1.0,21865,21928
RootMyb1,1.8574200000002747,9624.76172,1.0,21988,21992
RootMyb1,207.35547000000042,9543.204105,1.0,22030,22066
RootMyb1,724.80278,10182.24221,1.0,22334,22376
RootMyb1,0.08885999999984051,9860.51416,1.0,22479,22480
RootMyb1,95.21479999999974,10229.9883,1.0,22522,22538
RootMyb1,899.9443100000008,10307.293445,1.0,22483,22570
RootMyb1,4.112300000000687,9803.1333,1.0,22641,22646
RootMyb1,807.7294899999997,8941.530765,1.0,22882,22917
RootMyb1,2367.9189499999993,9658.353025,1.0,22700,22764
RootMyb1,3431.6025500000005,9276.286625,1.0,22417,23003
RootMyb1,4365.75388,9048.99706,1.0,21809,22187
RootMyb1,21.20600000000013,11319.986799999999,1.0,23204,23212
RootMyb1,0.6142999999992753,10512.090349999999,1.0,23291,23292
RootMyb1,38.51759999999922,10495.4629,1.0,23289,23307
RootMyb1,561.1581999999999,10546.926800000001,1.0,23256,23340
RootMyb1,17.864260000000286,9444.740720000002,1.0,23492,23506
RootMyb1,126.06940000000031,10853.7417,1.0,23679,23704
RootMyb1,1933.6269900000007,10017.775405,1.0,23447,23656
RootMyb1,45.84765000000061,8055.7739249999995,1.0,23793,23806
RootMyb1,7.002899999999499,10472.35695,1.0,24014,24024
RootMyb1,397.0878999999986,10664.34275,1.0,23962,24003
RootMyb1,117.0653999999995,10500.2759,1.0,24097,24138
RootMyb1,266.125,9828.21582,1.0,24178,24197
RootMyb1,223.22753999999986,9622.2251,1.0,24292,24327
RootMyb1,1.4726600000012695,9469.28906,1.0,24496,24499
RootMyb1,85.77929999999833,9507.375,1.0,24489,24515
RootMyb1,1035.3945800000001,9489.52151,1.0,24406,24454
RootMyb1,1720.402390000001,9471.738304999999,1.0,24244,24360
RootMyb1,117.32959000000028,8097.979245,1.0,24581,24600
RootMyb1,321.485349999999,9519.990725,1.0,24707,24738
RootMyb1,876.78125,9264.508785,1.0,24680,24782
RootMyb1,261.02050000000054,10148.02005,1.0,24906,24945
RootMyb1,956.702150000001,9127.214355,1.0,25010,25059
RootMyb1,339.16015999999945,9410.18457,1.0,25142,25176
RootMyb1,57.125,9651.55078,1.0,25206,25219
RootMyb1,1759.2607399999997,9459.402829999999,1.0,24875,25104
RootMyb1,34.359370000000126,8838.246094999999,1.0,25372,25382
RootMyb1,73.25683000000026,9237.898925000001,1.0,25546,25570
RootMyb1,529.3222600000008,9099.61328,1.0,25505,25592
RootMyb1,857.2236300000004,9112.937015,1.0,25467,25629
RootMyb1,92.88477000000057,9034.737305,1.0,25732,25748
RootMyb1,549.0087800000001,9646.76416,1.0,25857,25885
RootMyb1,1338.34375,9277.159175,1.0,25684,25788
RootMyb1,678.8447300000007,9645.973145,1.0,25932,25970
RootMyb1,2340.510770000001,9264.212415,1.0,25285,25423
RootMyb1,717.7803100000001,9880.886245000002,1.0,26065,26101
RootMyb1,2582.6664600000013,9202.83177,1.0,24629,26021
RootMyb1,70.1621099999993,8430.042965,1.0,26349,26374
RootMyb1,767.1059500000001,8478.730225,1.0,26266,26311
RootMyb1,246.66602000000057,8779.35254,1.0,26459,26484
RootMyb1,1.0976500000015221,8636.188474999999,1.0,26536,26539
RootMyb1,59.87891000000127,8631.291014999999,1.0,26521,26552
RootMyb1,3.241700000000492,7980.39624,1.0,26603,26607
RootMyb1,1.094720000000052,8039.997069999999,1.0,26670,26674
RootMyb1,228.9921800000002,7970.775879999999,1.0,26628,26657
RootMyb1,889.1342699999996,8165.971925,1.0,26704,26747
RootMyb1,1319.03222,8261.28955,1.0,26226,26410
RootMyb1,375.89356000000043,8161.77002,1.0,26835,26870
RootMyb1,1129.5483400000003,8106.63501,1.0,26786,26913
RootMyb1,3579.85689,9111.023655,1.0,23845,24056
RootMyb1,0.09521000000040658,7097.383055,1.0,27108,27109
RootMyb1,5.885739999999714,7309.23633,1.0,27195,27202
RootMyb1,167.79590000000007,7276.226559999999,1.0,27139,27174
RootMyb1,826.2539099999995,7240.925295,1.0,27065,27246
RootMyb1,8.370119999999588,7055.0166,1.0,27360,27368
RootMyb1,451.44726999999966,7277.834475,1.0,27421,27469
RootMyb1,366.3203199999998,7333.693359999999,1.0,27532,27578
RootMyb1,545.3925799999997,7859.854,1.0,27622,27660
RootMyb1,234.04686999999922,7003.9614249999995,1.0,27779,27808
RootMyb1,26.960939999999937,6931.81738,1.0,27910,27924
RootMyb1,620.0537100000001,6885.164065,1.0,27855,27968
RootMyb1,1826.45068,7453.93286,1.0,27315,27705
RootMyb1,160.83104999999978,6218.233885,1.0,28051,28073
RootMyb1,39.33447999999953,7430.06128,1.0,28202,28215
RootMyb1,0.20117000000027474,7406.638675,1.0,28235,28236
RootMyb1,893.2368200000001,7143.24048,1.0,28167,28291
RootMyb1,367.22168000000056,7447.50781,1.0,28480,28511
RootMyb1,9.041999999999462,8245.213380000001,1.0,28599,28607
RootMyb1,1461.71094,7869.289059999999,1.0,28420,28547
RootMyb1,0.11133000000063475,7613.6635750000005,1.0,28759,28760
RootMyb1,19.180669999999736,7621.521485,1.0,28742,28764
RootMyb1,80.75146999999924,7592.443115,1.0,28717,28773
RootMyb1,62.88379000000077,7221.8745149999995,1.0,28829,28846
RootMyb1,57.191900000000714,6898.2058099999995,1.0,28943,28960
RootMyb1,30.616210000000137,7447.673825,1.0,29005,29020
RootMyb1,574.5165999999999,7818.630859999999,1.0,29185,29251
RootMyb1,66.83008000000063,7636.097659999999,1.0,29351,29372
RootMyb1,717.6635699999997,7652.287355,1.0,29305,29406
RootMyb1,170.1308599999993,7633.8291,1.0,29490,29518
RootMyb1,1751.5297800000008,7847.9392100000005,1.0,29122,29452
RootMyb1,2271.676269999999,7653.051514999999,1.0,28653,28902
RootMyb1,323.420900000001,8906.96826,1.0,29621,29653
RootMyb1,315.6142600000003,7667.70068,1.0,29702,29739
RootMyb1,435.6064500000002,7887.858885,1.0,29822,29856
RootMyb1,76.46190999999999,8057.279295,1.0,29994,30018
RootMyb1,597.5864200000005,7906.15991,1.0,29897,29940
RootMyb1,335.8867200000004,8295.525389999999,1.0,30062,30088
RootMyb1,335.0961900000011,8188.539795000001,1.0,30212,30241
RootMyb1,65.92237000000023,8009.105225,1.0,30321,30337
RootMyb1,442.59375,8142.682615,1.0,30177,30276
RootMyb1,93.51123000000007,7922.610105,1.0,30432,30450
RootMyb1,1527.9189399999996,7903.7582999999995,1.0,30133,30386
RootMyb1,2010.7353500000008,8053.407715,1.0,29778,30499
RootMyb1,3049.995610000001,7574.3889149999995,1.0,28017,29579
RootMyb1,35.00586000000021,6864.95801,1.0,30693,30708
RootMyb1,151.25634999999966,7781.816165,1.0,30762,30786
RootMyb1,628.5263699999996,8601.626465,1.0,30838,30876
RootMyb1,80.95800999999938,8192.497555,1.0,30960,30982
RootMyb1,178.58154000000013,7823.915279999999,1.0,31034,31060
RootMyb1,184.16260000000057,6924.7126499999995,1.0,31152,31182
RootMyb1,5.134770000000572,7786.691895,1.0,31245,31255
RootMyb1,52.06981999999971,7952.819579999999,1.0,31297,31310
RootMyb1,0.058109999999942374,8014.154055,1.0,31411,31412
RootMyb1,19.837400000000343,8023.81909,1.0,31399,31413
RootMyb1,134.8173800000004,7982.63281,1.0,31374,31422
RootMyb1,1441.2553699999999,7335.761965,1.0,31113,31332
RootMyb1,155.93457000000035,7481.185545,1.0,31634,31656
RootMyb1,2710.190920000001,7681.57056,1.0,30912,31536
RootMyb1,43.93457000000126,9046.372555,1.0,31787,31801
RootMyb1,407.2246099999993,8878.202145,1.0,31888,31925
RootMyb1,785.9126000000006,8484.85425,1.0,31981,32044
RootMyb1,377.4594699999998,7959.473385,1.0,32128,32162
RootMyb1,172.91015999999945,8607.86328,1.0,32203,32225
RootMyb1,2076.7329100000006,8781.370845000001,1.0,31846,32092
RootMyb1,89.96094000000085,9196.20996,1.0,32342,32364
RootMyb1,276.62890999999945,8879.637695,1.0,32408,32451
RootMyb1,5.307620000001407,9268.036619999999,1.0,32577,32584
RootMyb1,1270.8398500000003,9190.722655,1.0,32295,32495
RootMyb1,15.884770000000572,9975.408205,1.0,32627,32636
RootMyb1,225.79492000000027,9066.96777,1.0,32763,32787
RootMyb1,712.33691,9007.773925000001,1.0,32722,32839
RootMyb1,260.7587800000001,9161.01709,1.0,32942,32970
RootMyb1,1512.2558700000009,9337.055665,1.0,32658,32897
RootMyb1,1.0733000000000175,10518.55615,1.0,33037,33040
RootMyb1,0.6211000000002969,10499.80955,1.0,33052,33054
RootMyb1,60.55279999999948,10438.704099999999,1.0,33085,33105
RootMyb1,641.7070299999996,9363.749025000001,1.0,33159,33193
RootMyb1,179.8057000000008,10318.99855,1.0,33421,33447
RootMyb1,452.87109000000055,9528.981445,1.0,33508,33543
RootMyb1,1.5410199999987526,9192.39844,1.0,33576,33577
RootMyb1,0.25,9812.86426,1.0,33629,33630
RootMyb1,637.7421900000008,9505.993165,1.0,33578,33619
RootMyb1,83.71386999999959,8816.624515,1.0,33733,33753
RootMyb1,2.7841799999987416,9325.44678,1.0,33796,33800
RootMyb1,257.5986299999986,9544.635255000001,1.0,33841,33866
RootMyb1,4.974609999999302,9826.386715,1.0,33900,33907
RootMyb1,600.8212999999996,9702.46045,1.0,33939,33974
RootMyb1,248.57128999999986,9339.663575,1.0,34091,34115
RootMyb1,1402.7011999999995,9673.9463,1.0,34031,34150
RootMyb1,2133.5205499999993,9451.291525,1.0,33390,33694
RootMyb1,2733.877409999999,9173.943094999999,1.0,33026,33304
RootMyb1,815.0342,10594.23,1.0,34199,34237
RootMyb1,133.52246000000014,9906.82275,1.0,34329,34348
RootMyb1,0.4335899999987305,9663.666014999999,1.0,34388,34389
RootMyb1,281.6884800000007,9796.59424,1.0,34383,34419
RootMyb1,341.18944999999985,8927.873045,1.0,34521,34552
RootMyb1,105.10930000000008,10490.71875,1.0,34604,34634
RootMyb1,284.71379999999954,10468.7964,1.0,34659,34696
RootMyb1,417.2489800000003,10040.31101,1.0,34803,34843
RootMyb1,366.7031200000001,9786.20996,1.0,34878,34904
RootMyb1,1882.7217099999998,9884.948745000002,1.0,34740,34944
RootMyb1,83.81650000000081,10837.56445,1.0,34993,35008
RootMyb1,441.2646999999997,10564.67625,1.0,35088,35122
RootMyb1,958.9881999999998,10711.6045,1.0,35042,35159
RootMyb1,2564.7256000000016,9967.1587,1.0,34283,34489
RootMyb1,128.91405999999915,8836.3125,1.0,35294,35312
RootMyb1,45.95020000000022,7965.64453,1.0,35401,35415
RootMyb1,377.7753900000007,7215.245605,1.0,35467,35507
RootMyb1,5432.375999999999,8572.0132,1.0,30635,35193
RootMyb1,6504.130330000001,8320.724835,1.0,20564,23160
RootMyb1,115.46338000000014,4809.4670399999995,1.0,35628,35651
RootMyb1,8251.1509,8636.60035,0.5,2112,13691
RootMyb1,134.03809,6684.561525,1.0,35800,35821
RootMyb1,240.8740200000002,6836.712890000001,1.0,35861,35890
RootMyb1,46.387689999999566,7363.163085,1.0,35974,35989
RootMyb1,996.4233400000003,5334.71362,1.0,36167,36202
RootMyb1,188.29784999999993,5839.720705,1.0,36245,36265
RootMyb1,192.32862000000023,6193.75708,1.0,36373,36405
RootMyb1,537.0839899999992,6044.637205,1.0,36341,36435
RootMyb1,1913.98682,5956.7478,1.0,36302,36486
RootMyb1,3315.73779,6008.526125,1.0,35941,36119
RootMyb1,134.89741999999933,9944.79539,1.0,36719,36745
RootMyb1,798.8280799999993,9642.48826,1.0,36784,36843
RootMyb1,308.1406200000001,9302.452150000001,1.0,36894,36919
RootMyb1,41.139649999999165,8607.180175000001,1.0,36964,36976
RootMyb1,2039.4238800000003,9566.46096,1.0,36681,36991
RootMyb1,1.5204999999987194,11032.02685,1.0,37106,37108
RootMyb1,0.05273999999917578,8305.50879,1.0,37239,37240
RootMyb1,287.6367199999995,8251.89941,1.0,37185,37212
RootMyb1,301.0205100000003,9621.458494999999,1.0,37386,37418
RootMyb1,2735.3676699999996,9263.599365,1.0,37287,37483
RootMyb1,1266.6796800000002,8217.0625,1.0,37589,37653
RootMyb1,11.955079999999725,7259.98291,1.0,37775,37789
RootMyb1,909.6279299999997,7659.870115,1.0,37759,37853
RootMyb1,417.53906000000006,5723.548339999999,1.0,38043,38081
RootMyb1,383.24121000000105,8230.342285,1.0,38213,38242
RootMyb1,171.47998000000007,8001.31372,1.0,38385,38413
RootMyb1,167.5,7279.1582,1.0,38497,38523
RootMyb1,93.07226000000082,7444.37158,1.0,38560,38578
RootMyb1,124.4365200000002,8236.16553,1.0,38666,38694
RootMyb1,42.032720000000154,7712.34448,1.0,38792,38802
RootMyb1,977.3793899999991,7895.300535,1.0,38717,38763
RootMyb1,1669.1240200000002,7815.37744,1.0,38288,38462
RootMyb1,730.4306699999997,8957.796385000001,1.0,38855,38893
RootMyb1,0.21094000000084634,9981.01172,1.0,38944,38946
RootMyb1,6255.332979999999,7906.71141,1.0,37110,37998
RootMyb1,3.4843999999993684,12072.7617,1.0,39076,39079
RootMyb1,326.90430000000015,10867.813450000001,1.0,39151,39176
RootMyb1,399.6015699999989,9900.208015,1.0,39397,39431
RootMyb1,986.4619300000013,9951.415535,1.0,39318,39367
RootMyb1,0.6025399999998626,8938.19775,1.0,39503,39504
RootMyb1,82.78661999999986,8114.09009,1.0,39633,39651
RootMyb1,125.12109000000055,8617.291995,1.0,39691,39710
RootMyb1,226.28908000000047,9900.57716,1.0,39802,39827
RootMyb1,259.0830100000003,9612.177244999999,1.0,39863,39887
RootMyb1,196.4580100000003,8579.980954999999,1.0,39980,40023
RootMyb1,383.31055000000015,8563.481445000001,1.0,39944,40060
RootMyb1,99.80518000000029,7633.18823,1.0,40130,40149
RootMyb1,2509.3389000000006,8817.01125,1.0,39577,39775
RootMyb1,2.5893599999999424,6831.83716,1.0,40268,40271
RootMyb1,76.25781000000006,6808.220705,1.0,40251,40284
RootMyb1,1.2358399999993708,6719.74438,1.0,40363,40367
RootMyb1,771.4936499999994,7542.7907749999995,1.0,40415,40455
RootMyb1,340.304689999999,9353.637695000001,1.0,40776,40810
RootMyb1,334.5078199999989,8734.90625,1.0,40957,40989
RootMyb1,2036.0244199999997,9446.559089999999,1.0,40717,40853
RootMyb1,0.53516000000036,8168.90674,1.0,41078,41079
RootMyb1,1.0820300000004863,8168.845214999999,1.0,41076,41081
RootMyb1,19.807130000000143,8177.439205000001,1.0,41056,41064
RootMyb1,238.89307000000008,7766.249755,1.0,41155,41190
RootMyb1,404.50537000000077,7843.252195,1.0,41238,41269
RootMyb1,457.81346999999914,8063.882325,1.0,41304,41336
RootMyb1,3203.9062799999992,9152.59376,1.0,40583,41127
RootMyb1,566.8378900000007,8868.273435,1.0,41746,41822
RootMyb1,2586.0185299999994,9604.114735,1.0,41533,41649
RootMyb1,69.41894000000048,8012.31299,1.0,41907,41919
RootMyb1,521.66309,8494.368654999998,1.0,41990,42020
RootMyb1,96.51757999999973,8721.18848,1.0,42072,42097
RootMyb1,725.1972700000006,8686.410155,1.0,42129,42164
RootMyb1,508.6503999999986,9569.15625,1.0,42213,42241
RootMyb1,32.4082099999996,9536.424804999999,1.0,42314,42323
RootMyb1,1017.4081800000004,9601.68651,1.0,42276,42366
RootMyb1,3030.3022899999996,9458.242455,1.0,41409,41938
RootMyb1,53.80370999999832,9788.637204999999,1.0,42539,42554
RootMyb1,147.2773500000003,9347.637695,1.0,42708,42731
RootMyb1,179.53807999999844,9153.61377,1.0,42763,42783
RootMyb1,1086.5517500000005,9551.840325000001,1.0,42657,42811
RootMyb1,2592.4472700000006,10109.959965,1.0,42488,42599
RootMyb1,235.3125,10764.83785,1.0,42967,42988
RootMyb1,20.41109999999935,10862.919450000001,1.0,43115,43124
RootMyb1,775.5742000000009,10488.7725,1.0,43106,43160
RootMyb1,0.0059000000001105946,10745.95995,1.0,43253,43254
RootMyb1,3.267600000001039,10747.521499999999,1.0,43244,43252
RootMyb1,6.227600000000166,10751.299299999999,1.0,43258,43259
RootMyb1,79.01660000000084,10768.9487,1.0,43234,43277
RootMyb1,1033.8652000000002,10402.8828,1.0,43032,43204
RootMyb1,314.60351999999875,9456.431639999999,1.0,43345,43374
RootMyb1,253.89842999999928,9386.746094999999,1.0,43411,43439
RootMyb1,5445.233370000001,9065.682115,1.0,40319,42920
RootMyb1,79.74365000000034,6718.073485,1.0,43650,43666
RootMyb1,581.0947299999998,7052.411135,1.0,43706,43745
RootMyb1,0.033690000000206055,7490.876705,1.0,43891,43892
RootMyb1,123.11182000000008,7413.15747,1.0,43931,43948
RootMyb1,459.3061600000001,7261.41333,1.0,43856,43893
RootMyb1,293.96435999999994,6392.82593,1.0,44008,44038
RootMyb1,171.61573000000044,6330.4035650000005,1.0,44192,44213
RootMyb1,510.12207000000035,6330.717285000001,1.0,44122,44159
RootMyb1,1017.5874000000003,6477.09058,1.0,44086,44264
RootMyb1,233.52197999999953,6019.14624,1.0,44309,44336
RootMyb1,2086.0864199999996,6595.42163,1.0,43611,43821
RootMyb1,425.44092,5374.41821,1.0,44384,44423
RootMyb1,193.30908,6143.21948,1.0,44517,44548
RootMyb1,387.35743,6211.220215,1.0,44584,44613
RootMyb1,136.93115000000034,7307.847415,1.0,44664,44689
RootMyb1,232.32666000000063,7832.17065,1.0,44741,44780
RootMyb1,799.6718700000001,7614.838865,1.0,44812,44874
RootMyb1,44.997559999999794,7661.09155,1.0,45041,45059
RootMyb1,621.6835899999996,7410.7739249999995,1.0,45119,45162
RootMyb1,181.29345999999987,6910.61011,1.0,45208,45231
RootMyb1,1.1084000000000742,6339.19238,1.0,45297,45300
RootMyb1,11.113769999999931,6466.020265,1.0,45334,45344
RootMyb1,311.31934,6628.54492,1.0,45392,45427
RootMyb1,8.604010000000017,7020.059325,1.0,45466,45476
RootMyb1,2450.45557,7558.227295,1.0,44972,45308
RootMyb1,200.18163999999888,9131.33496,1.0,45690,45715
RootMyb1,1289.5,8839.31934,1.0,45605,45646
RootMyb1,44.63428000000022,6883.23804,1.0,45912,45927
RootMyb1,286.19628999999986,6961.306645,1.0,46059,46083
RootMyb1,513.1704100000006,7026.885985,1.0,45966,46023
RootMyb1,0.3505799999993542,8045.502930000001,1.0,46274,46275
RootMyb1,204.52196999999978,7943.597415,1.0,46273,46298
RootMyb1,4005.0576200000005,7702.036620000001,1.0,45762,46136
RootMyb1,941.2841800000006,8671.25635,1.0,46546,46580
RootMyb1,142.46727999999985,8131.57202,1.0,46622,46641
RootMyb1,5423.78857,7867.547114999999,1.0,44455,46435
RootMyb1,114.23876999999993,5404.080325,1.0,46736,46754
RootMyb1,1440.8872000000001,5741.149170000001,1.0,46703,46798
RootMyb1,985.0703100000001,5720.885254999999,1.0,47027,47064
RootMyb1,0.7753899999988789,8425.569335,1.0,47254,47257
RootMyb1,11.22168000000056,8439.02393,1.0,47269,47277
RootMyb1,344.49365000000034,8347.242435,1.0,47188,47221
RootMyb1,22.718259999999646,7619.96558,1.0,47419,47427
RootMyb1,129.5922899999996,6533.297605,1.0,47474,47493
RootMyb1,430.06201000000056,6505.750735,1.0,47522,47556
RootMyb1,4893.45117,6506.029295,1.0,46909,47336
RootMyb1,8138.90669,8069.3737550000005,1.0,35693,39059
RootMyb1,0.905760000000555,6822.1145,1.0,47937,47941
RootMyb1,404.29491999999937,7035.441409999999,1.0,47991,48018
RootMyb1,548.2553700000008,7084.907475,1.0,47889,47949
RootMyb1,138.85253999999986,7579.93457,1.0,48121,48145
RootMyb1,108.67675000000054,6923.368165,1.0,48194,48223
RootMyb1,496.25194999999985,6737.714355,1.0,48265,48296
RootMyb1,122.6206000000002,5222.14282,1.0,48373,48397
RootMyb1,605.3452200000002,4952.39575,1.0,48477,48510
RootMyb1,18.46581999999944,6249.02246,1.0,48580,48591
RootMyb1,227.23876999999993,6484.907955,1.0,48640,48674
RootMyb1,63.91552999999931,8132.2595249999995,1.0,48761,48786
RootMyb1,3721.39991,6461.556885,1.0,48078,48441
RootMyb1,24.34961000000112,8525.629885,1.0,48903,48915
RootMyb1,58.25684000000001,8077.08838,1.0,49077,49091
RootMyb1,468.3134799999998,8165.4126,1.0,49008,49052
RootMyb1,1855.5786199999993,8313.79077,1.0,48853,48968
RootMyb1,273.0576199999996,8603.36377,1.0,49195,49219
RootMyb1,0.24024000000008527,7657.204589999999,1.0,49285,49286
RootMyb1,657.5239200000005,7913.367920000001,1.0,49307,49350
RootMyb1,299.60156000000006,7357.6792000000005,1.0,49433,49462
RootMyb1,37.28271000000041,7765.000735,1.0,49500,49512
RootMyb1,1.5517600000002858,8959.61279,1.0,49586,49590
RootMyb1,4.19532000000072,8985.449219999999,1.0,49602,49607
RootMyb1,2206.0083000000004,8260.64429,1.0,49407,49635
RootMyb1,44.081060000000434,6161.61035,1.0,49768,49782
RootMyb1,444.0610399999996,6740.8107899999995,1.0,49894,49924
RootMyb1,112.35009999999966,5751.48657,1.0,50009,50032
RootMyb1,1357.4560499999998,6288.853515000001,1.0,49840,49959
RootMyb1,0.01952999999957683,5935.695315,1.0,50227,50228
RootMyb1,0.22020999999949709,6179.579345,1.0,50266,50268
RootMyb1,55.489259999999376,6153.0463899999995,1.0,50271,50296
RootMyb1,695.2656200000001,6282.15381,1.0,50180,50224
RootMyb1,161.13623000000007,6583.351315,1.0,50340,50365
RootMyb1,76.08739999999943,7341.76489,1.0,50478,50501
RootMyb1,32.2197299999998,6928.083984999999,1.0,50545,50558
RootMyb1,103.61034999999993,6536.824215000001,1.0,50645,50665
RootMyb1,1343.25781,6937.054684999999,1.0,50437,50615
RootMyb1,106.92772999999943,8299.575195,1.0,50775,50794
RootMyb1,4422.76074,7227.17334,1.0,49154,50083
RootMyb1,69.21479999999974,10136.203099999999,1.0,50919,50933
RootMyb1,694.1083999999992,10398.295399999999,1.0,50975,51023
RootMyb1,1215.5498000000007,10565.1831,1.0,51183,51259
RootMyb1,59.399419999999736,9777.530760000001,1.0,51392,51409
RootMyb1,139.43163999999888,9775.27246,1.0,51330,51369
RootMyb1,92.00781000000097,9082.007815,1.0,51533,51552
RootMyb1,688.2929700000004,9180.375974999999,1.0,51588,51638
RootMyb1,412.7616999999991,10211.47265,1.0,51752,51786
RootMyb1,0.3125,11114.45315,1.0,51893,51894
RootMyb1,2.557599999998274,11115.517100000001,1.0,51890,51895
RootMyb1,0.08109999999942374,11122.81885,1.0,51905,51907
RootMyb1,0.27340000000003783,11120.5049,1.0,51911,51912
RootMyb1,6.245100000000093,11120.28175,1.0,51903,51916
RootMyb1,258.9892,11063.4917,1.0,51838,51863
RootMyb1,2781.98732,9905.07374,1.0,51114,51489
RootMyb1,519.16993,9576.331055,1.0,52000,52033
RootMyb1,369.8857399999997,9184.969239999999,1.0,52089,52121
RootMyb1,459.36376999999993,7224.490475,1.0,52182,52214
RootMyb1,733.0678699999999,6253.5964349999995,1.0,52275,52359
RootMyb1,493.32128999999986,9234.057125,1.0,52613,52647
RootMyb1,360.02734000000055,9431.86133,1.0,52681,52706
RootMyb1,575.6005800000003,9079.280760000001,1.0,52781,52810
RootMyb1,390.47900000000027,7809.60425,1.0,52858,52888
RootMyb1,185.70654999999988,6699.323485000001,1.0,52952,52973
RootMyb1,1060.4794999999995,7398.69873,1.0,53144,53262
RootMyb1,3852.48045,8167.350575,1.0,52742,53022
RootMyb1,5643.34569,8598.476555000001,1.0,51945,52403
RootMyb1,237.16119999999864,11483.2456,1.0,53459,53495
RootMyb1,30.259699999998702,11380.62695,1.0,53574,53585
RootMyb1,41.962900000000445,10865.95605,1.0,53629,53648
RootMyb1,138.11036000000058,9358.116699999999,1.0,53706,53742
RootMyb1,618.0126899999996,8867.092285,1.0,53778,53816
RootMyb1,1001.2519499999999,8879.039065,1.0,53858,53904
RootMyb1,79.14746000000014,8389.11475,1.0,54045,54071
RootMyb1,1008.4091800000006,8659.24268,1.0,53951,53999
RootMyb1,4551.284200000001,9488.5337,1.0,53537,54158
RootMyb1,76.43650000000162,10307.38425,1.0,54490,54504
RootMyb1,209.47265999999945,9443.46387,1.0,54586,54625
RootMyb1,189.09668000000056,8635.442869999999,1.0,54679,54702
RootMyb1,969.7553699999999,8286.182865,1.0,54835,54875
RootMyb1,1182.7094700000007,8280.735105,1.0,54795,54926
RootMyb1,1.8291000000008353,11070.93795,1.0,55128,55130
RootMyb1,199.2548999999999,11015.00045,1.0,55152,55188
RootMyb1,507.90619999999944,10481.6963,1.0,55251,55333
RootMyb1,230.66602000000057,9309.70703,1.0,55399,55427
RootMyb1,347.14014000000043,7665.3454600000005,1.0,55530,55568
RootMyb1,477.84277999999995,7905.278319999999,1.0,55601,55634
RootMyb1,1068.3539999999994,7775.03882,1.0,55498,55677
RootMyb1,212.32031000000006,7622.231444999999,1.0,55763,55784
RootMyb1,287.172849999999,9502.814945,1.0,55840,55862
RootMyb1,422.6435999999994,10388.2876,1.0,55912,55942
RootMyb1,742.1651000000002,10393.218250000002,1.0,55974,56015
RootMyb1,353.3329999999987,10812.3071,1.0,56056,56082
RootMyb1,15.492180000001099,9909.53125,1.0,56221,56231
RootMyb1,4138.410609999999,9215.643295,1.0,55724,56140
RootMyb1,394.2128899999998,7782.3442350000005,1.0,56365,56395
RootMyb1,1108.0405299999993,7688.577395,1.0,56333,56436
RootMyb1,260.70214999999916,8558.626465000001,1.0,56525,56546
RootMyb1,477.97655999999915,8775.66992,1.0,56580,56611
RootMyb1,4630.73825,9210.304675,1.0,55087,56293
RootMyb1,5364.368649999999,9544.632075,1.0,54387,54746
RootMyb1,9171.20266,8176.5744700000005,0.5,13691,47713
RootMyb1,29.76850000000013,11165.347150000001,1.0,56922,56931
RootMyb1,746.9462000000003,11225.804199999999,1.0,56889,56970
RootMyb1,263.3652000000002,10645.7842,1.0,57013,57038
RootMyb1,138.20410000000084,9044.98779,1.0,57097,57111
RootMyb1,136.93945000000076,7465.308595,1.0,57442,57460
RootMyb1,1514.5966799999997,8000.65674,1.0,57331,57411
RootMyb1,14.181640000000698,9681.80859,1.0,57553,57562
RootMyb1,301.889650000001,8929.424315,1.0,57650,57674
RootMyb1,531.8056700000006,7736.581055000001,1.0,57722,57757
RootMyb1,73.93946000000051,7205.673339999999,1.0,57811,57830
RootMyb1,3719.874030000001,8079.398925,1.0,57229,57590
RootMyb1,199.81982999999946,7287.9548350000005,1.0,57938,57960
RootMyb1,1729.9448199999997,7055.242920000001,1.0,57864,57904
RootMyb1,231.76709000000028,6498.886474999999,1.0,58052,58073
RootMyb1,15.80956999999944,8266.900875,1.0,58191,58201
RootMyb1,31.03614000000016,8263.95166,1.0,58213,58224
RootMyb1,547.4033200000003,8055.079589999999,1.0,58242,58306
RootMyb1,0.8633000000008906,10037.63185,1.0,58533,58535
RootMyb1,0.0010000000002037268,10039.5181,1.0,58538,58539
RootMyb1,81.72945000000072,10000.441875,1.0,58514,58540
RootMyb1,91.13769000000138,9066.699704999999,1.0,58636,58651
RootMyb1,23.262690000001385,9924.114744999999,1.0,58745,58756
RootMyb1,1170.6025399999999,9367.56982,1.0,58680,58728
RootMyb1,1.5180699999991702,7566.8889149999995,1.0,58860,58866
RootMyb1,9.067380000000412,8094.69336,1.0,59153,59159
RootMyb1,582.5317400000004,8036.28589,1.0,59029,59100
RootMyb1,727.9125900000008,8077.727295000001,1.0,58926,58972
RootMyb1,61.55371000000014,8969.215335,1.0,59212,59225
RootMyb1,100.9951200000014,9084.86279,1.0,59261,59282
RootMyb1,691.9882799999996,8769.275389999999,1.0,59369,59403
RootMyb1,1999.4580099999994,8526.214355,1.0,58882,59321
RootMyb1,17.958990000000085,7246.643065,1.0,59484,59492
RootMyb1,758.0454099999997,7399.703364999999,1.0,59524,59574
RootMyb1,52.47265000000061,6976.5385750000005,1.0,59650,59666
RootMyb1,383.32860999999957,8361.700925,1.0,59827,59880
RootMyb1,313.38770000000113,8767.034670000001,1.0,59917,59945
RootMyb1,847.3955099999994,8506.368655,1.0,59728,59784
RootMyb1,0.7294899999997142,9157.385255000001,1.0,59989,59991
RootMyb1,167.60742000000027,9121.81152,1.0,60006,60032
RootMyb1,58.99902999999995,7072.3823250000005,1.0,60272,60296
RootMyb1,2808.0649399999993,8263.763429999999,1.0,59627,60074
RootMyb1,281.77344000000085,8215.20117,1.0,60578,60607
RootMyb1,1661.8940499999999,7605.516845,1.0,60438,60503
RootMyb1,12.404300000000148,9963.43262,1.0,60672,60681
RootMyb1,162.92773000000125,8279.438474999999,1.0,60774,60799
RootMyb1,288.6904200000008,9165.204590000001,1.0,60921,60948
RootMyb1,102.50878999999986,8594.131345,1.0,60999,61015
RootMyb1,1338.45849,8723.628175,1.0,60836,60885
RootMyb1,177.55175999999938,7278.17578,1.0,61077,61098
RootMyb1,4081.7221499999996,8333.679925,1.0,60340,60713
RootMyb1,5530.33492,8249.13914,1.0,58010,58431
RootMyb1,168.8188399999999,8035.17212,1.0,61279,61304
RootMyb1,71.69140999999945,8494.293945,1.0,61347,61366
RootMyb1,0.39249999999992724,10329.551749999999,1.0,61468,61469
RootMyb1,1.0635000000002037,10168.63625,1.0,61660,61661
RootMyb1,35.44628999999986,9508.583495,1.0,61769,61786
RootMyb1,2081.2812400000003,10067.57128,1.0,61619,61719
RootMyb1,127.16894000000048,8154.847170000001,1.0,61854,61872
RootMyb1,138.35057999999935,6958.67578,1.0,61925,61946
RootMyb1,6.524419999999736,8338.357909999999,1.0,62109,62114
RootMyb1,575.7338800000007,8460.92798,1.0,62144,62177
RootMyb1,509.25,10696.7051,1.0,62290,62321
RootMyb1,5011.946779999999,8732.47681,1.0,61535,61989
RootMyb1,623.8545000000013,11120.74855,1.0,62368,62401
RootMyb1,335.15913,9871.810035,1.0,62617,62646
RootMyb1,214.2524400000002,7968.13208,1.0,62730,62776
RootMyb1,250.92284999999902,8792.740725,1.0,62898,62921
RootMyb1,501.5449200000003,9123.55762,1.0,62961,62994
RootMyb1,14.21480000000156,11145.5283,1.0,63092,63101
RootMyb1,532.3701000000001,11497.01315,1.0,63209,63243
RootMyb1,1017.7236999999986,11392.90185,1.0,63138,63174
RootMyb1,5124.925269999999,9570.486565,1.0,62831,63294
RootMyb1,13.66650000000027,6132.62573,1.0,63527,63539
RootMyb1,7421.26953,8927.335935,1.0,61179,62512
RootMyb1,447.87891000000036,5539.393065,1.0,63640,63674
RootMyb1,872.8745099999996,5548.189695,1.0,63715,63789
RootMyb1,788.2202100000004,6848.988525000001,1.0,63846,63876
RootMyb1,50.57080000000042,5892.045169999999,1.0,64120,64135
RootMyb1,841.2592799999993,6026.6311000000005,1.0,64170,64218
RootMyb1,1296.2895600000002,6131.839599999999,1.0,64025,64064
RootMyb1,2583.59814,6098.42114,1.0,63602,63913
RootMyb1,9375.00636,8278.47632,0.5,47713,56787
RootMyb1,394.1337900000003,3587.718505,1.0,64354,64393
RootMyb1,582.1933600000002,6754.962890000001,1.0,64544,64576
RootMyb1,1004.9282300000004,8042.224365,1.0,64627,64663
RootMyb1,749.2207000000017,8868.5625,1.0,64705,64738
RootMyb1,890.6826200000014,9400.432130000001,1.0,64782,64825
RootMyb1,756.2909999999993,10464.042000000001,1.0,64930,64979
RootMyb1,0.59472999999889,9393.126465000001,1.0,65313,65314
RootMyb1,43.59081999999944,9414.0874,1.0,65295,65310
RootMyb1,353.16601999999875,10018.712889999999,1.0,65419,65444
RootMyb1,531.5244199999997,9444.767090000001,1.0,65492,65529
RootMyb1,941.4501900000014,9618.045405,1.0,65562,65600
RootMyb1,390.3857399999997,8440.88135,1.0,65671,65705
RootMyb1,48.46190999999999,9814.242675000001,1.0,65757,65771
RootMyb1,108.8711000000003,10243.29005,1.0,65807,65825
RootMyb1,2579.7568100000008,9501.295395000001,1.0,65372,65643
RootMyb1,4309.964399999999,8805.819599999999,1.0,65037,65220
RootMyb1,1.0166000000008353,8991.170409999999,1.0,65968,65969
RootMyb1,11.22168000000056,8991.54346,1.0,65957,65964
RootMyb1,52.9082099999996,9008.018554999999,1.0,65970,65987
RootMyb1,57.94140999999945,9929.254885,1.0,66077,66105
RootMyb1,3283.04497,9614.387715,1.0,65868,66030
RootMyb1,0.02930000000014843,10467.04105,1.0,66241,66242
RootMyb1,7.490299999999479,10465.510750000001,1.0,66229,66238
RootMyb1,1050.2578099999992,10436.933595,1.0,66276,66312
RootMyb1,346.27930000000015,9810.739259999998,1.0,66357,66389
RootMyb1,361.1757899999993,9649.231445000001,1.0,66428,66452
RootMyb1,117.05369999999857,10770.62065,1.0,66530,66547
RootMyb1,2020.0556799999995,10326.94776,1.0,66156,66481
RootMyb1,337.1884999999984,11231.610850000001,1.0,66593,66626
RootMyb1,7.670900000000984,8710.81201,1.0,66919,66926
RootMyb1,503.9980399999986,8531.1875,1.0,66853,66883
RootMyb1,15.775389999999788,8111.529785000001,1.0,67062,67070
RootMyb1,0.14940999999998894,9477.058105,1.0,67141,67142
RootMyb1,10.729490000000624,8119.792965000001,1.0,67211,67220
RootMyb1,1413.4902299999994,8777.838865,1.0,67049,67145
RootMyb1,16.70799999999872,8517.04248,1.0,67342,67351
RootMyb1,767.1723699999993,8302.364015,1.0,67250,67318
RootMyb1,2214.8335000000006,8837.40552,1.0,66798,66985
RootMyb1,163.19628999999986,7126.540035,1.0,67419,67449
RootMyb1,983.4970699999994,5951.602535,1.0,67571,67622
RootMyb1,17.142580000000635,6083.88135,1.0,67721,67732
RootMyb1,1101.9125999999997,6606.6521,1.0,67786,67839
RootMyb1,558.4995100000006,7811.3264149999995,1.0,67938,67987
RootMyb1,726.25,9065.99805,1.0,68142,68182
RootMyb1,28.78027000000111,8559.965335,1.0,68269,68279
RootMyb1,291.9570300000014,8430.774415,1.0,68222,68258
RootMyb1,34.83984000000055,8192.44922,1.0,68339,68352
RootMyb1,712.5214800000003,7397.80078,1.0,68457,68488
RootMyb1,3.933100000000195,7804.06714,1.0,68540,68547
RootMyb1,2572.89062,8229.403320000001,1.0,68095,68412
RootMyb1,387.09765999999945,9340.55371,1.0,68649,68682
RootMyb1,105.4423999999999,10188.9429,1.0,68773,68793
RootMyb1,896.2314900000001,9973.448755000001,1.0,68746,68825
RootMyb1,422.8203199999989,9699.75,1.0,68979,69013
RootMyb1,18.454100000000835,8857.13525,1.0,69059,69069
RootMyb1,152.11181000000033,7901.539305,1.0,69132,69153
RootMyb1,542.55566,8313.392090000001,1.0,69379,69417
RootMyb1,5302.660640000001,8347.28198,1.0,68919,69266
RootMyb1,2.650389999998879,9047.890625,1.0,69653,69657
RootMyb1,6.985349999999016,9900.841305,1.0,69733,69740
RootMyb1,2116.6015399999997,9992.51073,1.0,69557,69678
RootMyb1,150.9731499999998,7987.673095,1.0,69924,69942
RootMyb1,243.06153000000086,8649.601074999999,1.0,70119,70148
RootMyb1,26.820299999999406,10179.56835,1.0,70249,70268
RootMyb1,0.12597999999888998,9948.51904,1.0,70397,70398
RootMyb1,1.7226499999997031,9947.947265,1.0,70399,70402
RootMyb1,80.08792999999969,9960.711935,1.0,70386,70422
RootMyb1,771.3447500000002,10006.749525,1.0,70303,70352
RootMyb1,1630.8711399999993,9607.11233,1.0,70220,70468
RootMyb1,531.7509999999984,10513.5737,1.0,70518,70550
RootMyb1,725.56005,7489.826905,1.0,70721,70762
RootMyb1,157.0253900000007,8689.056645,1.0,70923,70955
RootMyb1,9.667970000000423,9649.760745,1.0,71095,71105
RootMyb1,304.6152299999994,9655.501955,1.0,71036,71069
RootMyb1,28.307619999999588,9570.89795,1.0,71184,71194
RootMyb1,308.04785000000084,8697.534665,1.0,71238,71264
RootMyb1,93.73242000000027,8572.5957,1.0,71355,71372
RootMyb1,0.23729999999886786,8384.307130000001,1.0,71465,71467
RootMyb1,1851.81592,8639.07251,1.0,71316,71418
RootMyb1,2850.5141600000006,8515.58081,1.0,70834,71144
RootMyb1,3752.5746800000006,8952.63646,1.0,70018,70583
RootMyb1,528.8540000000003,6800.203369999999,1.0,71531,71567
RootMyb1,8.448250000000371,6330.1801749999995,1.0,71633,71641
RootMyb1,941.0400400000008,7983.021000000001,1.0,71729,71788
RootMyb1,127.85839999999916,8427.173340000001,1.0,71897,71922
RootMyb1,240.49316999999974,7744.381835,1.0,71971,72003
RootMyb1,207.56884999999966,6925.491945,1.0,72058,72084
RootMyb1,82.95117000000027,6561.842285,1.0,72145,72160
RootMyb1,1870.225589999999,7288.299315,1.0,72119,72251
RootMyb1,2371.6191400000007,7484.35645,1.0,71617,71867
RootMyb1,117.84227999999985,6609.92993,1.0,72461,72479
RootMyb1,914.40283,6542.720944999999,1.0,72421,72509
RootMyb1,187.76465000000007,7047.894534999999,1.0,72673,72698
RootMyb1,497.0263699999996,7057.413085,1.0,72594,72632
RootMyb1,634.8613299999997,6938.932615,1.0,72776,72806
RootMyb1,841.1367199999995,6910.44238,1.0,72559,72738
RootMyb1,34.49170000000049,8201.21411,1.0,72903,72915
RootMyb1,407.3041999999996,7156.704830000001,1.0,73155,73185
RootMyb1,1759.55469,7242.399415,1.0,72998,73107
RootMyb1,155.54588999999942,7352.566895,1.0,73275,73297
RootMyb1,1204.8886699999994,7224.777345,1.0,73340,73423
RootMyb1,4.770509999998467,8350.276855,1.0,73585,73591
RootMyb1,0.6113299999997253,7199.999025,1.0,73787,73789
RootMyb1,1959.8476600000004,7462.66797,1.0,73618,73724
RootMyb1,2535.8715899999997,7410.701905,1.0,72869,73226
RootMyb1,330.49121000000014,8598.116695,1.0,73938,73962
RootMyb1,1029.111820000001,8653.25952,1.0,73857,73902
RootMyb1,4.965820000000349,7978.14697,1.0,74078,74084
RootMyb1,288.5165999999999,7900.014160000001,1.0,74228,74285
RootMyb1,810.6235399999996,8129.535889999999,1.0,74117,74170
RootMyb1,504.4233400000003,8204.38403,1.0,74382,74414
RootMyb1,2289.164060000001,8649.965820000001,1.0,74008,74329
RootMyb1,106.58251999999993,7661.37036,1.0,74588,74612
RootMyb1,0.6650399999998626,8424.27881,1.0,74863,74865
RootMyb1,19.90527000000111,8416.980954999999,1.0,74870,74881
RootMyb1,987.7456100000009,7981.411375,1.0,74759,74807
RootMyb1,33.7753900000007,8498.174804999999,1.0,74975,74990
RootMyb1,0.004399999999805004,7866.6687,1.0,75128,75129
RootMyb1,12.957029999999577,7872.993165,1.0,75115,75126
RootMyb1,1499.4604500000005,7998.642825,1.0,74928,75066
RootMyb1,3230.98437,8336.210935,1.0,74523,74652
RootMyb1,8.628899999999703,10106.65035,1.0,75277,75285
RootMyb1,106.34760000000097,10137.0381,1.0,75310,75335
RootMyb1,0.0410200000005716,8975.65918,1.0,75692,75693
RootMyb1,607.5966800000006,9279.38232,1.0,75652,75694
RootMyb1,77.19824999999946,9042.532715000001,1.0,75777,75795
RootMyb1,5.759769999999662,7074.231444999999,1.0,75926,75932
RootMyb1,2596.209960000001,8314.66846,1.0,75530,75738
RootMyb1,35.72362999999859,9411.166505000001,1.0,76188,76199
RootMyb1,541.1113299999997,9091.052735,1.0,76254,76301
RootMyb1,842.7363299999997,9075.932615,1.0,76164,76351
RootMyb1,166.22851999999875,9584.25781,1.0,76421,76444
RootMyb1,3456.1562599999997,8606.65137,1.0,75374,75976
RootMyb1,36.33309999999983,10337.82275,1.0,76542,76555
RootMyb1,135.1952999999994,10310.92675,1.0,76524,76570
RootMyb1,377.41989999999896,10356.79295,1.0,76598,76633
RootMyb1,823.7753900000007,8426.304685,1.0,76727,76783
RootMyb1,386.1645499999995,8004.682374999999,1.0,76835,76866
RootMyb1,253.44922000000042,9290.98242,1.0,76953,76976
RootMyb1,928.1396299999997,10102.958485,1.0,77025,77067
RootMyb1,2908.7187399999993,9131.46093,1.0,76491,76898
RootMyb1,97.16895000000113,9887.769045000001,1.0,77165,77185
RootMyb1,1158.4795200000008,10367.10304,1.0,77110,77209
RootMyb1,5359.81151,8410.464345,1.0,69788,72367
RootMyb1,9.166000000001077,11119.8447,1.0,77282,77289
RootMyb1,0.1386000000002241,10487.3828,1.0,77372,77373
RootMyb1,25.72069999999985,10499.60155,1.0,77370,77388
RootMyb1,45.60740000000078,10136.3701,1.0,77428,77438
RootMyb1,107.48040000000037,10162.9619,1.0,77417,77454
RootMyb1,7.021500000000742,10081.70705,1.0,77473,77478
RootMyb1,51.09472999999889,8708.746585,1.0,77529,77541
RootMyb1,122.39844000000085,8427.81445,1.0,77691,77723
RootMyb1,215.40430000000015,8387.08887,1.0,77615,77667
RootMyb1,23.760739999999714,9636.01611,1.0,77776,77785
RootMyb1,3335.8925499999996,9834.990225,1.0,77317,77579
RootMyb1,6260.668960000001,8567.46632,1.0,66667,67663
RootMyb1,0.205100000001039,11770.995149999999,1.0,77932,77933
RootMyb1,17.123999999999796,11775.8843,1.0,77925,77937
RootMyb1,33.36619999999857,11668.4536,1.0,78024,78032
RootMyb1,419.2528999999995,11683.71435,1.0,77958,77998
RootMyb1,230.46969999999965,11332.789550000001,1.0,78108,78130
RootMyb1,329.6191400000007,9781.153320000001,1.0,78230,78267
RootMyb1,504.1308600000002,6179.7729500000005,1.0,78442,78473
RootMyb1,7.354980000000069,6259.76147,1.0,78579,78587
RootMyb1,547.7856400000001,7156.4104,1.0,78674,78705
RootMyb1,477.0502999999999,7895.640380000001,1.0,78871,78899
RootMyb1,992.1865200000002,7547.380859999999,1.0,78939,78975
RootMyb1,452.38134999999966,6885.215085,1.0,79015,79048
RootMyb1,587.4540999999999,6575.288570000001,1.0,79087,79125
RootMyb1,4100.19776,7465.52124,1.0,78514,78821
RootMyb1,9.284670000000006,5252.594485,1.0,79209,79222
RootMyb1,70.80908,5225.961670000001,1.0,79181,79199
RootMyb1,293.43066,7562.19531,1.0,79361,79388
RootMyb1,6.657720000000154,8058.765380000001,1.0,79449,79457
RootMyb1,12.109370000000126,8282.652344999999,1.0,79493,79500
RootMyb1,264.97949000000153,9176.997555,1.0,79596,79623
RootMyb1,1217.2968799999999,8699.21094,1.0,79706,79791
RootMyb1,592.89941,8248.010255000001,1.0,79840,79874
RootMyb1,0.35741999999845575,8309.30469,1.0,79954,79955
RootMyb1,497.9502000000002,8060.753420000001,1.0,79911,79956
RootMyb1,32.91894999999931,8304.513185,1.0,80057,80070
RootMyb1,2298.4541,8291.60596,1.0,79565,80005
RootMyb1,540.5302700000011,9969.563965000001,1.0,80292,80330
RootMyb1,3.886710000000676,9582.552735000001,1.0,80389,80394
RootMyb1,2043.9296700000014,10575.517565,1.0,80209,80377
RootMyb1,1132.9766,10636.3926,1.0,80539,80578
RootMyb1,372.95214999999916,9799.148925000001,1.0,80688,80730
RootMyb1,168.35351000000082,8800.975585,1.0,80863,80898
RootMyb1,664.9765499999994,10098.173825,1.0,80954,80986
RootMyb1,557.0956699999988,10152.771465,1.0,81023,81057
RootMyb1,803.7137999999995,10449.758300000001,1.0,81094,81127
RootMyb1,200.41299999999865,10905.699700000001,1.0,81177,81198
RootMyb1,3366.3573699999997,9935.460915,1.0,80492,80817
RootMyb1,854.1180999999997,11208.14305,1.0,81234,81266
RootMyb1,226.27629999999954,10184.80225,1.0,81379,81412
RootMyb1,35.725580000000264,9611.201659999999,1.0,81514,81526
RootMyb1,857.9492200000004,8983.34766,1.0,81614,81653
RootMyb1,1617.5839699999997,9325.828115,1.0,81565,81688
RootMyb1,442.1201199999996,9699.95264,1.0,81772,81809
RootMyb1,715.2314400000014,9470.005369999999,1.0,81894,81926
RootMyb1,1004.0556699999997,9462.711425000001,1.0,81850,81968
RootMyb1,1840.0146499999992,9323.555175000001,1.0,81461,81736
RootMyb1,2.6367199999995137,7243.08301,1.0,82195,82199
RootMyb1,91.86621000000014,7262.757815,1.0,82182,82217
RootMyb1,339.7138700000005,7201.8510750000005,1.0,82135,82161
RootMyb1,59.63330000000042,5653.1433099999995,1.0,82286,82301
RootMyb1,6799.955099999999,8453.47755,1.0,79251,81309
RootMyb1,517.4130799999994,4919.6645499999995,1.0,82358,82412
RootMyb1,379.8417900000004,4982.895995,1.0,82502,82533
RootMyb1,182.37694999999985,6271.901365,1.0,82636,82659
RootMyb1,467.8691399999998,6269.33008,1.0,82689,82726
RootMyb1,557.1621099999993,5624.098145,1.0,82869,82918
RootMyb1,106.11668999999983,5057.730224999999,1.0,82966,82988
RootMyb1,0.20751999999993131,4533.40503,1.0,83048,83049
RootMyb1,29.035149999999703,4524.348145,1.0,83034,83056
RootMyb1,2463.9179699999995,5707.487305000001,1.0,82461,82776
RootMyb1,8898.23906,7636.932269999999,1.0,64427,78065
RootMyb1,15.092280000000756,5134.35376,1.0,83311,83322
RootMyb1,425.3183600000002,6368.7348600000005,1.0,83415,83444
RootMyb1,10.80225000000064,7276.832765,1.0,83500,83508
RootMyb1,755.7954099999997,7224.2473150000005,1.0,83611,83710
RootMyb1,103.15673999999944,6009.6813999999995,1.0,83916,83939
RootMyb1,461.2968799999999,6032.61133,1.0,83838,83880
RootMyb1,431.02343999999994,6340.18555,1.0,84047,84074
RootMyb1,2074.50537,6574.371825,1.0,83546,83984
RootMyb1,87.36131999999998,8337.41504,1.0,84185,84206
RootMyb1,1220.5600599999989,7782.884029999999,1.0,84226,84269
RootMyb1,29.198239999999714,9773.156739999999,1.0,84400,84410
RootMyb1,939.4589800000012,9396.63281,1.0,84382,84469
RootMyb1,563.2461000000003,8765.96582,1.0,84738,84775
RootMyb1,965.6425799999997,8609.02246,1.0,84695,84814
RootMyb1,149.5986300000004,9860.910645,1.0,84867,84884
RootMyb1,2627.61525,9107.947275,1.0,84636,84931
RootMyb1,98.30225000000064,7403.227785,1.0,85065,85093
RootMyb1,206.45117000000027,7871.513675,1.0,85234,85258
RootMyb1,576.9331099999999,8009.377195,1.0,85175,85203
RootMyb1,1151.3598599999996,7798.82886,1.0,85129,85306
RootMyb1,219.23485999999957,5106.589599999999,1.0,85463,85491
RootMyb1,326.2929699999995,5974.5239249999995,1.0,85680,85712
RootMyb1,511.1020499999995,5845.676515,1.0,85773,85810
RootMyb1,579.2910099999999,6131.891115,1.0,85891,85926
RootMyb1,1401.5654299999997,5804.172365,1.0,85642,85849
RootMyb1,114.62010999999984,6559.490235,1.0,86016,86043
RootMyb1,784.53809,6796.279295,1.0,85972,86071
RootMyb1,218.42090000000007,7187.80176,1.0,86121,86155
RootMyb1,36.71483999999964,7245.52881,1.0,86212,86226
RootMyb1,1006.5815499999999,6810.681395,1.0,86194,86308
RootMyb1,10536.102789999999,7697.928105,0.5,56787,83160
RootMyb1,8293.66139,6576.707405,0.5,83160,84529
RootMyb1,6540.34425,7453.365975,0.5,84529,85535
RootMyb1,4236.06885,6301.2282749999995,0.5,85535,86400
TwrBsMyt,1879.4688000000024,57629.1094,1.0,21,41
TwrBsMyt,805.9297000000006,53163.97655000001,1.0,75,92
TwrBsMyt,1091.2422000000006,49579.2969,1.0,126,145
TwrBsMyt,1210.535100000001,48709.42775,1.0,207,226
TwrBsMyt,3879.6367000000027,50946.22855,1.0,259,287
TwrBsMyt,3195.769499999995,51551.45115,1.0,315,342
TwrBsMyt,917.5858999999982,50686.10545,1.0,404,423
TwrBsMyt,196.39070000000356,46579.14845,1.0,464,477
TwrBsMyt,1706.8358999999982,47214.08205,1.0,496,525
TwrBsMyt,8503.6993,49861.185549999995,1.0,176,371
TwrBsMyt,1652.089899999999,47235.57225,1.0,586,609
TwrBsMyt,1066.0313000000024,53565.21875,1.0,698,724
TwrBsMyt,1281.347600000001,55094.459,1.0,761,787
TwrBsMyt,786.7187000000049,55530.277350000004,1.0,880,900
TwrBsMyt,2793.4491999999955,55053.056599999996,1.0,817,849
TwrBsMyt,16374.503899999996,52820.30665,0.5,0,556
TwrBsMyt,340.9531999999963,62039.808600000004,1.0,1017,1041
TwrBsMyt,681.1563000000024,52923.40625,1.0,1243,1273
TwrBsMyt,16.230499999997846,51933.07225,1.0,1411,1417
TwrBsMyt,4464.835899999998,53507.51955,1.0,1195,1326
TwrBsMyt,508.19919999999547,49027.431599999996,1.0,1511,1538
TwrBsMyt,605.8320000000022,49308.888699999996,1.0,1644,1663
TwrBsMyt,4276.101600000002,49229.9883,1.0,1466,1611
TwrBsMyt,169.2577999999994,45467.7383,1.0,1704,1717
TwrBsMyt,17586.7109,53426.410149999996,0.5,556,994
TwrBsMyt,702.625,42292.6758,1.0,1788,1810
TwrBsMyt,1335.375,47232.8945,1.0,1886,1914
TwrBsMyt,249.03910000000178,44778.42185,1.0,1979,1992
TwrBsMyt,7513.320299999999,44888.17185,1.0,1758,1942
TwrBsMyt,566.2032000000036,40917.7578,1.0,2072,2093
TwrBsMyt,1628.6601999999984,43313.7129,1.0,2167,2193
TwrBsMyt,1655.3827999999994,42702.07030000001,1.0,2256,2280
TwrBsMyt,2606.6054000000004,41816.5254,1.0,2339,2365
TwrBsMyt,2088.7851999999984,43061.9707,1.0,2395,2422
TwrBsMyt,25.78910000000178,43470.70315,1.0,2488,2495
TwrBsMyt,177.72660000000178,41739.519499999995,1.0,2533,2547
TwrBsMyt,4619.609400000001,42552.1328,1.0,2309,2456
TwrBsMyt,5919.121099999997,42424.55275,1.0,2124,2225
TwrBsMyt,593.8047000000006,39006.070349999995,1.0,2593,2616
TwrBsMyt,485.77350000000297,39999.08205,1.0,2679,2701
TwrBsMyt,769.6797000000006,42733.863249999995,1.0,2859,2882
TwrBsMyt,722.7344000000012,41434.6406,1.0,2985,3008
TwrBsMyt,1723.0116999999955,41797.86525,1.0,2953,3036
TwrBsMyt,391.9727000000057,42318.642550000004,1.0,3099,3117
TwrBsMyt,233.4375,40147.71875,1.0,3155,3169
TwrBsMyt,3199.9921999999933,41419.4375,1.0,2919,3073
TwrBsMyt,6780.6640999999945,41361.96875,1.0,2644,2785
TwrBsMyt,353.1327999999994,38298.2969,1.0,3232,3249
TwrBsMyt,1884.902399999999,47314.459,1.0,3390,3416
TwrBsMyt,993.9648000000016,44026.4668,1.0,3481,3503
TwrBsMyt,777.0195000000022,41625.99415,1.0,3541,3563
TwrBsMyt,637.597600000001,40972.220700000005,1.0,3626,3650
TwrBsMyt,5.925799999997253,45244.0918,1.0,3705,3709
TwrBsMyt,8801.746099999997,44238.189450000005,1.0,3443,3597
TwrBsMyt,272.04679999999644,49920.2422,1.0,3797,3816
TwrBsMyt,2833.8672000000006,49776.878899999996,1.0,3848,3880
TwrBsMyt,1369.2851999999984,49843.8574,1.0,3964,3987
TwrBsMyt,2879.523399999998,49782.2656,1.0,3911,3939
TwrBsMyt,2555.480499999998,48993.00975,1.0,4045,4071
TwrBsMyt,655.7929000000004,47672.99025,1.0,4101,4119
TwrBsMyt,1163.285100000001,46182.69725,1.0,4179,4202
TwrBsMyt,222.8359999999957,49350.6953,1.0,4238,4251
TwrBsMyt,6545.910199999998,48465.2871,1.0,4014,4152
TwrBsMyt,158.5859999999957,53978.8672,1.0,4299,4311
TwrBsMyt,36.01180000000022,54950.3379,1.0,4381,4391
TwrBsMyt,559.2890000000043,46009.4375,1.0,4493,4513
TwrBsMyt,156.82419999999547,49001.8535,1.0,4621,4633
TwrBsMyt,477.9844000000012,52151.5234,1.0,4676,4694
TwrBsMyt,492.3516000000018,53282.918000000005,1.0,4757,4775
TwrBsMyt,1092.7929000000004,51081.06055,1.0,4809,4830
TwrBsMyt,2150.832000000002,49242.916,1.0,4864,4891
TwrBsMyt,1055.5155999999988,47532.418,1.0,4923,4945
TwrBsMyt,0.4492000000027474,47966.4824,1.0,5005,5006
TwrBsMyt,1626.2655999999988,50764.9844,1.0,5050,5079
TwrBsMyt,780.9414000000033,51236.834,1.0,5107,5128
TwrBsMyt,141.91790000000037,53928.12695,1.0,5221,5235
TwrBsMyt,1143.5039000000033,53480.517550000004,1.0,5165,5191
TwrBsMyt,3495.4258000000045,52497.334,1.0,5254,5290
TwrBsMyt,7892.292999999998,50537.826199999996,1.0,4729,4971
TwrBsMyt,751.4570999999996,52239.94335,1.0,5370,5410
TwrBsMyt,2610.7851999999984,52169.9746,1.0,5440,5468
TwrBsMyt,2570.3436999999976,51575.21095,1.0,5528,5557
TwrBsMyt,5847.675799999997,52989.4121,1.0,5325,5499
TwrBsMyt,12150.621099999997,50063.482449999996,1.0,4350,4550
TwrBsMyt,4247.8321,55839.38085,1.0,5635,5665
TwrBsMyt,5160.015700000004,55543.53905,1.0,5723,5751
TwrBsMyt,3792.3827999999994,53124.206999999995,1.0,5781,5806
TwrBsMyt,3343.406299999995,50530.035149999996,1.0,5836,5860
TwrBsMyt,4159.691400000003,50405.654299999995,1.0,5886,5913
TwrBsMyt,5748.808599999997,49620.181599999996,1.0,5942,5969
TwrBsMyt,4276.808600000004,53305.4199,1.0,6031,6056
TwrBsMyt,11989.996100000004,52450.45115,1.0,5693,5997
TwrBsMyt,1690.3867000000027,57604.44335,1.0,6090,6111
TwrBsMyt,4945.8321,56987.75585,1.0,6135,6163
TwrBsMyt,4460.582000000002,53374.986300000004,1.0,6222,6247
TwrBsMyt,4352.113299999997,48734.63085,1.0,6280,6305
TwrBsMyt,1408.601499999997,48918.652350000004,1.0,6362,6381
TwrBsMyt,4046.4648000000016,50695.1504,1.0,6412,6438
TwrBsMyt,2466.582000000002,55419.779299999995,1.0,6473,6496
TwrBsMyt,611.8944999999949,56470.23635,1.0,6634,6656
TwrBsMyt,738.8633000000045,56423.712849999996,1.0,6612,6677
TwrBsMyt,2823.753899999996,56178.24415,1.0,6558,6586
TwrBsMyt,1137.6171999999933,52023.25,1.0,6723,6745
TwrBsMyt,768.0625,48735.97265,1.0,6788,6809
TwrBsMyt,12307.621100000004,52424.26365,1.0,6334,6527
TwrBsMyt,1796.9804000000004,46566.959,1.0,6883,6912
TwrBsMyt,560.6172000000006,50699.3242,1.0,6978,7002
TwrBsMyt,1353.9766000000018,54919.3008,1.0,7052,7075
TwrBsMyt,1313.8398000000016,53085.416,1.0,7138,7158
TwrBsMyt,20.765599999998813,45251.2734,1.0,7250,7255
TwrBsMyt,11952.566399999996,50598.2598,1.0,6850,7104
TwrBsMyt,2518.5507999999973,44664.2871,1.0,7331,7356
TwrBsMyt,2203.601499999997,46517.222649999996,1.0,7386,7410
TwrBsMyt,3068.769499999995,47772.20115,1.0,7441,7468
TwrBsMyt,1509.1758000000045,47181.451199999996,1.0,7526,7549
TwrBsMyt,2154.984399999994,47215.808600000004,1.0,7607,7632
TwrBsMyt,4639.246099999997,47041.060549999995,1.0,7497,7578
TwrBsMyt,1945.5311999999976,47537.4375,1.0,7692,7717
TwrBsMyt,1914.003899999996,46438.33395,1.0,7747,7771
TwrBsMyt,252.88680000000022,44887.404299999995,1.0,7832,7846
TwrBsMyt,827.8047000000006,45584.617150000005,1.0,7876,7897
TwrBsMyt,168.375,48614.8984,1.0,7934,7947
TwrBsMyt,6422.925799999997,46879.0801,1.0,7662,7805
TwrBsMyt,2746.281299999995,49650.48045,1.0,7978,8005
TwrBsMyt,2396.980500000005,51199.52145,1.0,8034,8057
TwrBsMyt,4925.300799999997,51191.2324,1.0,8085,8113
TwrBsMyt,2530.2148000000016,51391.9121,1.0,8172,8196
TwrBsMyt,1163.7188000000024,49610.8047,1.0,8227,8247
TwrBsMyt,1829.6992000000027,46040.5527,1.0,8281,8305
TwrBsMyt,3660.1875,47595.10155,1.0,8361,8387
TwrBsMyt,3382.5117000000027,51779.14645,1.0,8421,8445
TwrBsMyt,9794.949200000003,49871.6543,1.0,8143,8330
TwrBsMyt,1031.0545999999958,52619.121100000004,1.0,8505,8525
TwrBsMyt,309.25390000000334,49293.732449999996,1.0,8560,8573
TwrBsMyt,2035.7344000000012,47700.6172,1.0,8632,8660
TwrBsMyt,110.97650000000431,50058.34375,1.0,8703,8717
TwrBsMyt,743.4608999999982,51318.32815,1.0,8808,8829
TwrBsMyt,194.375,48716.7148,1.0,8871,8886
TwrBsMyt,770.4843999999939,48981.683600000004,1.0,8952,8971
TwrBsMyt,648.3047000000006,52052.28905000001,1.0,9009,9028
TwrBsMyt,6067.585999999996,49464.0547,1.0,8774,8920
TwrBsMyt,9136.640599999999,50843.793,1.0,8476,8605
TwrBsMyt,406.3358999999982,54703.95705,1.0,9282,9301
TwrBsMyt,748.7304999999978,56517.74025,1.0,9338,9361
TwrBsMyt,3881.5976999999984,55184.74025,1.0,9122,9219
TwrBsMyt,1502.5820000000022,52131.459,1.0,9547,9575
TwrBsMyt,789.6094000000012,53208.5195,1.0,9608,9632
TwrBsMyt,770.2461000000039,55793.38085,1.0,9710,9747
TwrBsMyt,2053.8202999999994,55328.011750000005,1.0,9678,9784
TwrBsMyt,591.2304999999978,56261.94335,1.0,9908,9928
TwrBsMyt,2050.410100000001,55543.57614999999,1.0,9817,9848
TwrBsMyt,7275.839899999999,54588.13085,1.0,9394,9514
TwrBsMyt,2915.956999999995,56506.9551,1.0,9993,10020
TwrBsMyt,2405.9492000000027,52847.4746,1.0,10057,10082
TwrBsMyt,556.7694999999949,50051.89645,1.0,10141,10159
TwrBsMyt,179.3125,52809.76175,1.0,10194,10205
TwrBsMyt,10001.9922,53685.0977,1.0,9962,10117
TwrBsMyt,746.0039000000033,58781.24025,1.0,10249,10266
TwrBsMyt,19817.988299999997,49963.74415,1.0,6190,7295
TwrBsMyt,24623.066399999996,49908.2324,0.5,994,3206
TwrBsMyt,741.0977000000057,60861.955050000004,1.0,10331,10352
TwrBsMyt,9.476499999997031,55651.910149999996,1.0,10402,10406
TwrBsMyt,72.4297000000006,50697.10545,1.0,10453,10462
TwrBsMyt,1902.2813000000024,50691.21875,1.0,10519,10545
TwrBsMyt,328.97269999999844,54109.37305,1.0,10584,10600
TwrBsMyt,725.4335999999967,55118.1035,1.0,10669,10692
TwrBsMyt,63.203199999996286,53375.441399999996,1.0,10756,10768
TwrBsMyt,635.0233999999982,54303.0117,1.0,10810,10835
TwrBsMyt,3059.097600000001,54691.3379,1.0,10639,10732
TwrBsMyt,38.80079999999725,56618.1074,1.0,10903,10910
TwrBsMyt,424.7304000000004,52733.3496,1.0,10956,10974
TwrBsMyt,933.9375,50202.09375,1.0,11009,11029
TwrBsMyt,7752.906200000005,53187.691399999996,1.0,10490,10881
TwrBsMyt,1075.8631999999998,51466.0996,1.0,11093,11113
TwrBsMyt,175.9297000000006,53533.79295,1.0,11147,11159
TwrBsMyt,4390.601600000002,55068.128899999996,1.0,11306,11332
TwrBsMyt,4464.441399999996,55051.1855,1.0,11251,11279
TwrBsMyt,5178.421900000001,54840.26955,1.0,11192,11222
TwrBsMyt,1496.8436999999976,56243.53905,1.0,11416,11438
TwrBsMyt,4133.660199999998,55680.5957,1.0,11389,11464
TwrBsMyt,511.7186999999976,52509.96095,1.0,11500,11515
TwrBsMyt,1461.2929999999978,50076.0215,1.0,11549,11573
TwrBsMyt,9987.511699999995,53109.669949999996,1.0,11361,11601
TwrBsMyt,39.35150000000431,58606.66405,1.0,11693,11700
TwrBsMyt,14768.8125,54975.98435,1.0,10301,11059
TwrBsMyt,691.0038999999961,59252.20115,1.0,11769,11785
TwrBsMyt,1516.7577999999994,54230.183600000004,1.0,11822,11843
TwrBsMyt,1384.9179999999978,55129.3379,1.0,11900,11922
TwrBsMyt,2705.3476999999984,58364.63865,1.0,11956,11982
TwrBsMyt,1369.8867000000027,59157.56835,1.0,12044,12064
TwrBsMyt,2269.496100000004,58017.02925,1.0,12119,12144
TwrBsMyt,5713.800799999997,59628.2324,1.0,12014,12094
TwrBsMyt,10186.788999999997,57875.496100000004,1.0,11737,11870
TwrBsMyt,1260.875,62770.3477,1.0,12180,12199
TwrBsMyt,1672.4297000000079,67405.95705,1.0,12236,12259
TwrBsMyt,415.1719000000012,66279.67185000001,1.0,12315,12329
TwrBsMyt,2198.480500000005,61296.76365,1.0,12369,12391
TwrBsMyt,1164.410100000001,61253.623049999995,1.0,12451,12471
TwrBsMyt,1839.1171999999933,64617.9961,1.0,12505,12527
TwrBsMyt,3089.6953000000067,65021.22265,1.0,12584,12609
TwrBsMyt,4923.4179,65064.55665,1.0,12721,12748
TwrBsMyt,5428.75,64842.8906,1.0,12666,12693
TwrBsMyt,6256.5741999999955,64553.58009999999,1.0,12555,12637
TwrBsMyt,4852.308599999997,64686.8223,1.0,12830,12856
TwrBsMyt,4375.3905999999915,65503.7969,1.0,12882,12906
TwrBsMyt,6563.937499999993,65098.070349999995,1.0,12776,12804
TwrBsMyt,10041.687500000007,63364.929650000005,1.0,12284,12421
TwrBsMyt,4314.835999999996,68708.6992,1.0,12936,12960
TwrBsMyt,6674.765599999999,70437.0234,1.0,13017,13044
TwrBsMyt,4387.386799999993,66971.6582,1.0,13074,13098
TwrBsMyt,5058.492200000008,64492.2617,1.0,13127,13152
TwrBsMyt,5892.589800000009,63680.2285,1.0,13235,13261
TwrBsMyt,6331.335899999998,63738.89455,1.0,13208,13287
TwrBsMyt,8059.226600000002,64123.605500000005,1.0,13180,13314
TwrBsMyt,5487.164100000002,64553.027350000004,1.0,13371,13397
TwrBsMyt,1926.875,66771.3984,1.0,13426,13446
TwrBsMyt,4019.109400000001,70162.82810000001,1.0,13504,13529
TwrBsMyt,3322.4375000000073,66307.67965,1.0,13560,13581
TwrBsMyt,13142.386700000003,65868.68165,1.0,13343,13478
TwrBsMyt,4049.9335999999967,59972.470700000005,1.0,13615,13638
TwrBsMyt,1857.3476999999984,58624.57615,1.0,13694,13714
TwrBsMyt,5266.046799999996,63852.1172,1.0,13747,13772
TwrBsMyt,4035.3593000000037,65815.59375,1.0,13831,13855
TwrBsMyt,2793.1406999999963,64192.96875,1.0,13883,13904
TwrBsMyt,2929.785100000001,60050.560549999995,1.0,13936,13958
TwrBsMyt,5098.007799999999,60904.043000000005,1.0,14016,14041
TwrBsMyt,5932.765600000006,63549.1875,1.0,14096,14123
TwrBsMyt,6318.617200000001,62743.019499999995,1.0,14151,14178
TwrBsMyt,5179.871099999997,62007.787150000004,1.0,14207,14232
TwrBsMyt,5515.6015999999945,59996.0078,1.0,14261,14287
TwrBsMyt,5403.406200000005,59670.871100000004,1.0,14314,14340
TwrBsMyt,10670.656300000002,61237.84375,1.0,13986,14070
TwrBsMyt,6250.917999999998,58883.4121,1.0,14367,14395
TwrBsMyt,15039.406300000002,63051.78125,1.0,13668,13803
TwrBsMyt,3513.109400000001,57981.1406,1.0,14477,14502
TwrBsMyt,5325.7734000000055,58186.4922,1.0,14423,14450
TwrBsMyt,4107.550799999997,58874.4902,1.0,14558,14584
TwrBsMyt,2656.163999999997,60570.1992,1.0,14696,14720
TwrBsMyt,3571.0116999999955,60763.724650000004,1.0,14641,14668
TwrBsMyt,3994.9452999999994,59534.60545,1.0,14749,14776
TwrBsMyt,2947.207000000002,57692.654299999995,1.0,14807,14831
TwrBsMyt,7397.777399999999,58940.466799999995,1.0,14529,14614
TwrBsMyt,2909.0625,55900.67965,1.0,14861,14887
TwrBsMyt,1808.160100000001,53768.064450000005,1.0,14917,14939
TwrBsMyt,1478.968799999995,52946.0117,1.0,14998,15020
TwrBsMyt,1545.7148000000016,57162.5176,1.0,15055,15075
TwrBsMyt,1404.2069999999949,59546.6074,1.0,15108,15130
TwrBsMyt,484.94140000000334,59241.0215,1.0,15185,15201
TwrBsMyt,643.4922000000006,54783.960900000005,1.0,15240,15257
TwrBsMyt,1781.1640000000043,55973.1172,1.0,15315,15339
TwrBsMyt,615.8633000000045,56423.44725,1.0,15392,15412
TwrBsMyt,3110.3007999999973,55937.9746,1.0,15368,15441
TwrBsMyt,3181.625,54661.4961,1.0,15500,15526
TwrBsMyt,4822.292999999998,55369.529299999995,1.0,15283,15469
TwrBsMyt,3273.039100000002,56379.60545,1.0,15584,15608
TwrBsMyt,48.83980000000156,58263.0176,1.0,15671,15678
TwrBsMyt,2188.8710999999967,57125.82225,1.0,15709,15733
TwrBsMyt,7938.8866999999955,56517.212849999996,1.0,15553,15641
TwrBsMyt,10400.105499999998,56054.99025,1.0,14970,15158
TwrBsMyt,5250.601600000002,52758.5156,1.0,15768,15796
TwrBsMyt,2158.078099999999,53557.71875,1.0,15856,15878
TwrBsMyt,643.6873999999953,56981.4375,1.0,15911,15927
TwrBsMyt,3638.480500000005,58200.32615,1.0,15956,15982
TwrBsMyt,3256.859399999994,57705.503899999996,1.0,16076,16106
TwrBsMyt,686.0,59278.2812,1.0,16200,16226
TwrBsMyt,2181.167999999998,58958.798800000004,1.0,16163,16256
TwrBsMyt,5324.355499999998,57553.310549999995,1.0,16286,16321
TwrBsMyt,6596.167999999998,57240.763699999996,1.0,16010,16043
TwrBsMyt,4721.976499999997,58576.410149999996,1.0,16353,16382
TwrBsMyt,614.0546999999933,61505.40625,1.0,16418,16438
TwrBsMyt,827.2186999999976,61787.71095,1.0,16465,16487
TwrBsMyt,3467.7577999999994,62964.230500000005,1.0,16555,16589
TwrBsMyt,1538.285100000001,61601.32225,1.0,16711,16737
TwrBsMyt,132.42579999999725,62023.7793,1.0,16823,16838
TwrBsMyt,1269.808600000004,62096.5645,1.0,16799,16863
TwrBsMyt,3700.7382999999973,61613.01365,1.0,16682,16765
TwrBsMyt,2153.421899999994,63066.222649999996,1.0,16896,16924
TwrBsMyt,1233.9141000000018,65243.089850000004,1.0,16960,16983
TwrBsMyt,1650.843700000005,64286.85545,1.0,17038,17064
TwrBsMyt,31.69930000000022,63388.126950000005,1.0,17097,17104
TwrBsMyt,918.2304000000004,61495.666,1.0,17145,17169
TwrBsMyt,4.390599999998813,61565.2305,1.0,17237,17241
TwrBsMyt,1174.703100000006,61887.847649999996,1.0,17308,17333
TwrBsMyt,3348.132900000004,61757.277350000004,1.0,17201,17278
TwrBsMyt,6364.835999999996,62827.8711,1.0,16654,17009
TwrBsMyt,111.40619999999763,57172.1875,1.0,17381,17392
TwrBsMyt,1869.1015999999945,55600.0625,1.0,17428,17454
TwrBsMyt,849.0234000000055,60324.4297,1.0,17521,17539
TwrBsMyt,78.66019999999844,63904.0254,1.0,17578,17587
TwrBsMyt,12293.109300000004,60280.65625,1.0,16620,17482
TwrBsMyt,2667.4101999999984,62007.166,1.0,17651,17677
TwrBsMyt,889.5545999999958,59011.621100000004,1.0,17711,17730
TwrBsMyt,892.3125,60940.10155,1.0,17789,17811
TwrBsMyt,31.945299999999406,62688.054650000005,1.0,17875,17882
TwrBsMyt,5616.882799999999,60637.2617,1.0,17755,17851
TwrBsMyt,514.9532000000036,56602.4375,1.0,17934,17952
TwrBsMyt,11655.796900000001,60688.02345,1.0,17617,18007
TwrBsMyt,2013.0938000000024,56857.0703,1.0,18238,18262
TwrBsMyt,2358.246100000004,58233.15425,1.0,18323,18345
TwrBsMyt,1754.843700000005,63378.964850000004,1.0,18381,18404
TwrBsMyt,1109.375,60184.3477,1.0,18464,18484
TwrBsMyt,1624.6015999999945,61368.0547,1.0,18543,18564
TwrBsMyt,7434.734400000001,61443.4922,1.0,18430,18513
TwrBsMyt,2729.6797000000006,65128.675749999995,1.0,18596,18620
TwrBsMyt,13043.273499999996,60577.15235,1.0,18143,18291
TwrBsMyt,1765.0546000000031,68062.8711,1.0,18678,18701
TwrBsMyt,96.2422000000006,62884.894499999995,1.0,18745,18754
TwrBsMyt,1222.0585999999967,59599.033200000005,1.0,18792,18812
TwrBsMyt,1728.7422000000006,60248.3906,1.0,18870,18892
TwrBsMyt,1137.218700000005,66053.60155,1.0,18930,18949
TwrBsMyt,436.0546999999933,66774.57425,1.0,19015,19033
TwrBsMyt,132.71880000000237,66071.875,1.0,19061,19072
TwrBsMyt,3429.6289000000033,64769.232449999996,1.0,19106,19134
TwrBsMyt,1156.7969000000012,66239.97654999999,1.0,19230,19253
TwrBsMyt,435.83200000000215,64532.638699999996,1.0,19322,19345
TwrBsMyt,4072.3047000000006,66237.53515,1.0,19200,19296
TwrBsMyt,6527.9883000000045,65568.97465,1.0,18981,19165
TwrBsMyt,12418.328099999999,63793.11715,1.0,18652,18840
TwrBsMyt,25395.406200000005,61783.11720000001,1.0,12989,15826
TwrBsMyt,49.33589999999094,66433.13675,1.0,19624,19634
TwrBsMyt,866.5936999999976,71380.09375,1.0,19760,19783
TwrBsMyt,911.9609999999957,70338.30859999999,1.0,19841,19862
TwrBsMyt,1397.6953000000067,67384.15234999999,1.0,19898,19920
TwrBsMyt,6834.039000000004,69361.12890000001,1.0,19667,19810
TwrBsMyt,1331.531299999995,64848.04295,1.0,19954,19977
TwrBsMyt,622.3709999999992,63488.5293,1.0,20006,20023
TwrBsMyt,1147.093799999995,57501.191399999996,1.0,20063,20081
TwrBsMyt,380.1562000000049,50584.1367,1.0,20123,20137
TwrBsMyt,2059.1640999999945,47384.77345,1.0,20173,20197
TwrBsMyt,2376.589899999999,50873.189450000005,1.0,20255,20280
TwrBsMyt,1502.9530999999988,51796.35935,1.0,20308,20330
TwrBsMyt,7305.617200000001,49714.058600000004,1.0,20221,20354
TwrBsMyt,2145.464899999999,46661.31835,1.0,20391,20413
TwrBsMyt,2273.7929000000004,44129.30665,1.0,20443,20466
TwrBsMyt,427.9921999999933,42726.0,1.0,20560,20580
TwrBsMyt,3414.093799999995,43423.628899999996,1.0,20495,20526
TwrBsMyt,37600.10549999999,56396.75195,0.5,3206,19476
TwrBsMyt,9.804700000000594,44138.445349999995,1.0,20810,20816
TwrBsMyt,771.0976999999984,43345.56055,1.0,20906,20927
TwrBsMyt,765.8125,43828.57425,1.0,21018,21043
TwrBsMyt,6946.925799999997,43985.3301,1.0,20861,20969
TwrBsMyt,250.97660000000178,48541.941399999996,1.0,21167,21190
TwrBsMyt,1656.4219000000012,68866.39845000001,1.0,21457,21481
TwrBsMyt,852.3125,66681.80465,1.0,21514,21532
TwrBsMyt,180.75789999999688,63124.90625,1.0,21569,21580
TwrBsMyt,92.12110000000393,59749.11915,1.0,21619,21629
TwrBsMyt,4172.898399999998,58155.3008,1.0,21667,21698
TwrBsMyt,1004.1407000000036,56124.35155,1.0,21757,21780
TwrBsMyt,173.6405999999988,56985.9453,1.0,21807,21818
TwrBsMyt,987.3163999999961,62460.7754,1.0,21858,21876
TwrBsMyt,451.00779999999213,67084.2617,1.0,21915,21929
TwrBsMyt,15601.625000000007,63141.585900000005,1.0,21427,21733
TwrBsMyt,1174.1405999999988,67758.60939999999,1.0,22001,22019
TwrBsMyt,308.1797000000006,60422.47655000001,1.0,22061,22073
TwrBsMyt,594.0625,55395.63285,1.0,22111,22126
TwrBsMyt,11.843700000004901,56070.04295,1.0,22195,22199
TwrBsMyt,1755.6875,61800.70315,1.0,22244,22265
TwrBsMyt,4001.711000000003,64306.753899999996,1.0,22296,22322
TwrBsMyt,3544.4297000000006,66199.80075,1.0,22380,22405
TwrBsMyt,4725.031300000002,65686.92185,1.0,22432,22459
TwrBsMyt,5505.199200000003,64819.3223,1.0,22488,22515
TwrBsMyt,5114.152399999992,63977.1504,1.0,22543,22569
TwrBsMyt,4266.086000000003,64305.6758,1.0,22653,22680
TwrBsMyt,2304.5078000000067,63311.75,1.0,22708,22732
TwrBsMyt,3163.8125,62858.58205,1.0,22787,22812
TwrBsMyt,5759.917999999998,63912.3535,1.0,22626,22760
TwrBsMyt,4958.648500000003,64343.26955,1.0,22841,22867
TwrBsMyt,3844.125,65908.4375,1.0,22924,22949
TwrBsMyt,4143.894500000009,65653.37305,1.0,22976,23002
TwrBsMyt,4266.242199999993,65538.49609999999,1.0,23061,23087
TwrBsMyt,6980.76170000001,65208.751950000005,1.0,22897,23031
TwrBsMyt,7772.500000000007,64862.63280000001,1.0,22353,22597
TwrBsMyt,1756.3984000000055,66659.6992,1.0,23198,23223
TwrBsMyt,2390.730499999998,66461.86134999999,1.0,23249,23275
TwrBsMyt,3180.140600000006,66767.3906,1.0,23144,23171
TwrBsMyt,2338.906200000005,65345.67970000001,1.0,23305,23330
TwrBsMyt,2891.277300000009,65500.61915,1.0,23416,23441
TwrBsMyt,3799.0039000000033,65709.25585,1.0,23357,23388
TwrBsMyt,3300.1210999999967,64573.54105,1.0,23471,23497
TwrBsMyt,1842.5585999999967,63615.755900000004,1.0,23556,23581
TwrBsMyt,894.1797000000006,64601.089850000004,1.0,23609,23628
TwrBsMyt,2357.3671999999933,66845.62890000001,1.0,23660,23685
TwrBsMyt,8079.066400000003,64932.8652,1.0,23117,23527
TwrBsMyt,2886.5664000000033,66677.9277,1.0,23745,23771
TwrBsMyt,3235.785199999991,64518.5996,1.0,23803,23829
TwrBsMyt,2210.1914000000033,63025.681599999996,1.0,23858,23881
TwrBsMyt,2646.3789000000033,62958.060549999995,1.0,23907,23932
TwrBsMyt,2183.2382,62512.408200000005,1.0,24019,24043
TwrBsMyt,3410.1406999999963,64013.71875,1.0,24097,24123
TwrBsMyt,4472.8905999999915,63516.5469,1.0,23990,24067
TwrBsMyt,2478.1719000000085,65647.67185,1.0,24179,24203
TwrBsMyt,1554.75,64424.0117,1.0,24233,24254
TwrBsMyt,6914.636700000003,63885.66605,1.0,23960,24153
TwrBsMyt,2159.945400000004,58849.871100000004,1.0,24291,24313
TwrBsMyt,1713.4882999999973,58020.48635,1.0,24370,24392
TwrBsMyt,2146.648399999998,61025.253899999996,1.0,24426,24449
TwrBsMyt,1518.9569999999949,62808.2676,1.0,24507,24529
TwrBsMyt,1738.0858999999982,59509.60935,1.0,24563,24584
TwrBsMyt,8544.539099999995,60270.03125,1.0,24343,24480
TwrBsMyt,670.8204000000042,57024.191399999996,1.0,24695,24715
TwrBsMyt,1560.125,56741.5625,1.0,24643,24668
TwrBsMyt,1720.0508000000045,58445.443400000004,1.0,24750,24777
TwrBsMyt,840.8515000000043,57673.58595,1.0,24839,24859
TwrBsMyt,5000.507800000007,58168.8125,1.0,24619,24807
TwrBsMyt,1605.8164000000033,57462.298800000004,1.0,24923,24948
TwrBsMyt,164.83200000000215,59963.783200000005,1.0,24984,24996
TwrBsMyt,2759.6132999999973,61046.58395,1.0,25059,25087
TwrBsMyt,609.1327999999994,59847.668000000005,1.0,25119,25136
TwrBsMyt,4187.492200000001,58937.9492,1.0,25167,25196
TwrBsMyt,2460.6796999999933,59827.78125,1.0,25257,25281
TwrBsMyt,6307.839899999999,59385.30275,1.0,25029,25227
TwrBsMyt,3464.140599999999,61083.5469,1.0,25310,25337
TwrBsMyt,2533.0234000000055,62384.8125,1.0,25368,25394
TwrBsMyt,1337.0039000000033,63355.376950000005,1.0,25422,25443
TwrBsMyt,1278.1875,63635.13675,1.0,25556,25576
TwrBsMyt,4188.175799999997,63800.7871,1.0,25501,25530
TwrBsMyt,3671.3554000000004,61504.8496,1.0,25607,25633
TwrBsMyt,2540.855500000005,59012.29105,1.0,25664,25689
TwrBsMyt,4418.675799999997,59930.5332,1.0,25713,25742
TwrBsMyt,3889.898399999998,58929.331999999995,1.0,25853,25878
TwrBsMyt,5318.4493,59384.935549999995,1.0,25827,25905
TwrBsMyt,6057.015600000006,59705.558600000004,1.0,25770,25799
TwrBsMyt,2717.7265999999945,58991.0078,1.0,25962,25987
TwrBsMyt,1461.5898000000016,59304.8301,1.0,26043,26064
TwrBsMyt,2611.3868,57474.466799999995,1.0,26094,26119
TwrBsMyt,5300.3554,58661.6621,1.0,25935,26015
TwrBsMyt,10665.003900000003,60619.70895,1.0,24892,25471
TwrBsMyt,3718.968700000005,56221.04295,1.0,26149,26175
TwrBsMyt,817.8868000000002,54459.7754,1.0,26258,26277
TwrBsMyt,1930.3554999999978,54659.30275,1.0,26206,26232
TwrBsMyt,3043.9609000000055,54341.10155,1.0,26305,26335
TwrBsMyt,17800.3516,61132.496100000004,1.0,22158,23716
TwrBsMyt,3846.359400000001,53851.2344,1.0,26364,26393
TwrBsMyt,750.9530999999988,52165.82035,1.0,26484,26512
TwrBsMyt,3228.101499999997,52334.26955,1.0,26425,26454
TwrBsMyt,1682.4414000000033,51516.826199999996,1.0,26580,26606
TwrBsMyt,1657.8046000000031,50284.3125,1.0,26636,26661
TwrBsMyt,2472.097600000001,48962.341799999995,1.0,26694,26722
TwrBsMyt,1035.816399999996,48965.4473,1.0,26783,26805
TwrBsMyt,1638.3671999999933,49173.8125,1.0,26833,26860
TwrBsMyt,122.52349999999569,48769.21095,1.0,26921,26933
TwrBsMyt,2921.4101999999984,48872.9121,1.0,26752,26889
TwrBsMyt,1572.726499999997,46805.902350000004,1.0,26972,26998
TwrBsMyt,1309.1797000000006,45624.675749999995,1.0,27031,27055
TwrBsMyt,1420.6132999999973,44216.75195,1.0,27118,27146
TwrBsMyt,41.05079999999725,44984.0996,1.0,27178,27188
TwrBsMyt,2700.7422000000006,44366.4492,1.0,27089,27214
TwrBsMyt,1742.2305000000051,44566.10355,1.0,27289,27318
TwrBsMyt,3130.3008000000045,44412.666,1.0,27255,27348
TwrBsMyt,1306.8165000000008,43294.31055,1.0,27382,27407
TwrBsMyt,1736.218799999995,43602.246100000004,1.0,27491,27518
TwrBsMyt,2020.593799999995,43537.441399999996,1.0,27545,27572
TwrBsMyt,2282.5077999999994,43544.081999999995,1.0,27434,27463
TwrBsMyt,657.4765999999945,42678.7422,1.0,27655,27678
TwrBsMyt,1112.234399999994,42795.316399999996,1.0,27601,27626
TwrBsMyt,791.5507999999973,42369.4551,1.0,27707,27741
TwrBsMyt,1889.4376000000047,42377.875,1.0,27829,27855
TwrBsMyt,3352.3202999999994,42943.386750000005,1.0,27887,27916
TwrBsMyt,76.95309999999881,44984.58595,1.0,27980,27990
TwrBsMyt,1841.7304000000004,44607.834,1.0,28020,28049
TwrBsMyt,276.94920000000275,41138.9824,1.0,28091,28107
TwrBsMyt,5322.230499999998,43627.705050000004,1.0,27797,27952
TwrBsMyt,547.5273000000016,47773.81055,1.0,28299,28325
TwrBsMyt,1991.1797000000006,45270.62895,1.0,28436,28475
TwrBsMyt,831.2733999999982,46161.996100000004,1.0,28548,28572
TwrBsMyt,489.02730000000156,44824.38475,1.0,28687,28711
TwrBsMyt,1123.7109000000055,45079.78125,1.0,28659,28731
TwrBsMyt,2584.597600000001,45759.158200000005,1.0,28599,28633
TwrBsMyt,3924.4922000000006,46190.543000000005,1.0,28350,28511
TwrBsMyt,741.8203999999969,47783.5625,1.0,28771,28798
TwrBsMyt,1039.0702999999994,47940.695349999995,1.0,28939,28966
TwrBsMyt,1260.7968000000037,47140.058600000004,1.0,29030,29062
TwrBsMyt,1040.6368000000002,47145.533200000005,1.0,29236,29262
TwrBsMyt,1656.9022999999943,47132.080050000004,1.0,29164,29202
TwrBsMyt,3827.0702999999994,47375.95315,1.0,28875,29114
TwrBsMyt,2077.734400000001,49064.4883,1.0,29298,29327
TwrBsMyt,337.9179000000004,47604.43945,1.0,29389,29404
TwrBsMyt,1868.9257999999973,48052.7246,1.0,29426,29457
TwrBsMyt,1181.0118000000002,48387.4629,1.0,29519,29542
TwrBsMyt,287.07420000000275,49669.2598,1.0,29573,29589
TwrBsMyt,3706.0,48284.1094,1.0,29356,29488
TwrBsMyt,475.66019999999844,51366.4824,1.0,29621,29640
TwrBsMyt,3449.265599999999,50148.832,1.0,29705,29733
TwrBsMyt,913.3125,48066.02735,1.0,29766,29788
TwrBsMyt,21.781300000002375,47041.09375,1.0,29845,29854
TwrBsMyt,884.5976999999984,50957.98635,1.0,29898,29917
TwrBsMyt,6694.664100000002,50119.152350000004,1.0,29670,29821
TwrBsMyt,2073.9257999999973,54479.9473,1.0,29984,30015
TwrBsMyt,591.5702999999994,51549.60545,1.0,30088,30105
TwrBsMyt,2679.4647999999943,48111.548800000004,1.0,30141,30167
TwrBsMyt,963.4765999999945,47734.375,1.0,30287,30307
TwrBsMyt,3539.1835999999967,46515.6465,1.0,30228,30257
TwrBsMyt,786.7969000000012,51042.23825,1.0,30345,30363
TwrBsMyt,2558.410100000001,54133.56835,1.0,30398,30425
TwrBsMyt,1800.7266000000018,53308.019499999995,1.0,30487,30513
TwrBsMyt,151.61329999999725,49323.18165,1.0,30556,30570
TwrBsMyt,776.9413999999961,47067.5645,1.0,30657,30685
TwrBsMyt,1233.691399999996,47071.7949,1.0,30742,30766
TwrBsMyt,2628.089899999999,48903.251950000005,1.0,30801,30829
TwrBsMyt,504.24609999999666,50120.88475,1.0,30861,30878
TwrBsMyt,1841.2422000000006,50068.2656,1.0,30902,30929
TwrBsMyt,1440.6640999999945,49935.66405,1.0,30993,31017
TwrBsMyt,5894.984400000001,49155.0547,1.0,30715,30962
TwrBsMyt,11257.140599999999,50228.0156,1.0,30199,30454
TwrBsMyt,15822.675799999997,48143.6777,1.0,28142,29955
TwrBsMyt,3168.171900000001,39790.75785,1.0,31151,31179
TwrBsMyt,425.6405999999988,43636.5391,1.0,31249,31265
TwrBsMyt,858.288999999997,51697.6133,1.0,31432,31452
TwrBsMyt,1363.6757999999973,48645.1621,1.0,31488,31509
TwrBsMyt,455.0078999999969,46094.59375,1.0,31596,31616
TwrBsMyt,2118.640599999999,45397.625,1.0,31576,31645
TwrBsMyt,3370.5625,48564.95705,1.0,31683,31712
TwrBsMyt,832.3242000000027,50140.3574,1.0,31743,31762
TwrBsMyt,1620.2188000000024,52929.3125,1.0,31796,31819
TwrBsMyt,740.6523000000016,54355.11915,1.0,31848,31866
TwrBsMyt,11210.6328,49393.148400000005,1.0,31398,31544
TwrBsMyt,725.1016000000018,55022.0781,1.0,31989,32009
TwrBsMyt,3258.421900000001,56257.11715,1.0,31929,31958
TwrBsMyt,758.3085999999967,52863.841799999995,1.0,32069,32090
TwrBsMyt,1742.4297000000006,53223.910149999996,1.0,32045,32117
TwrBsMyt,95.75389999999607,57189.77145,1.0,32184,32194
TwrBsMyt,6056.132799999999,55147.871100000004,1.0,31899,32143
TwrBsMyt,374.3983999999982,58134.566399999996,1.0,32222,32237
TwrBsMyt,2348.769500000002,59966.376950000005,1.0,32419,32448
TwrBsMyt,794.6211000000039,59127.27145,1.0,32479,32499
TwrBsMyt,3471.3125,60379.71485,1.0,32361,32390
TwrBsMyt,3616.8476999999984,60364.36525,1.0,32302,32331
TwrBsMyt,2403.8398000000016,58398.7832,1.0,32526,32554
TwrBsMyt,2427.2657000000036,57274.41405,1.0,32585,32609
TwrBsMyt,2111.4335999999967,57861.166,1.0,32666,32688
TwrBsMyt,2504.6132999999973,60858.29105,1.0,32720,32746
TwrBsMyt,7899.234400000001,58601.1406,1.0,32272,32637
TwrBsMyt,277.9766000000018,61146.371100000004,1.0,32803,32819
TwrBsMyt,3042.835899999998,60479.988249999995,1.0,32851,32881
TwrBsMyt,4003.921900000001,60564.04295,1.0,32775,32912
TwrBsMyt,1606.8202999999994,63714.57815,1.0,32980,33006
TwrBsMyt,366.8828000000067,62888.375,1.0,33352,33369
TwrBsMyt,1833.781200000005,62246.496100000004,1.0,33427,33455
TwrBsMyt,1407.4453999999969,64375.125,1.0,33492,33515
TwrBsMyt,1295.7890999999945,64542.53125,1.0,33542,33566
TwrBsMyt,3927.6992000000027,63284.0371,1.0,33399,33589
TwrBsMyt,773.8672000000006,61265.1992,1.0,33625,33644
TwrBsMyt,6197.7383000000045,62189.67775,1.0,33180,33314
TwrBsMyt,1400.2381999999998,59435.7871,1.0,33676,33697
TwrBsMyt,2200.351600000002,60974.6992,1.0,33759,33782
TwrBsMyt,780.4648000000016,64272.2871,1.0,33816,33834
TwrBsMyt,9889.640699999996,61535.03125,1.0,33040,33726
TwrBsMyt,1987.5155999999988,63112.0195,1.0,33891,33914
TwrBsMyt,1817.6641000000018,61877.660149999996,1.0,33943,33965
TwrBsMyt,2751.0898000000016,61209.5215,1.0,34028,34054
TwrBsMyt,1068.8827999999994,63473.4844,1.0,34087,34109
TwrBsMyt,1843.628899999996,63547.65825,1.0,34133,34158
TwrBsMyt,2804.933600000004,63758.9824,1.0,34186,34213
TwrBsMyt,1366.6601999999984,63195.3535,1.0,34295,34318
TwrBsMyt,2137.4101999999984,64283.0996,1.0,34347,34373
TwrBsMyt,3449.6484999999957,63750.03905,1.0,34241,34271
TwrBsMyt,525.5625,63074.23045,1.0,34530,34553
TwrBsMyt,2576.9335999999967,63872.3535,1.0,34433,34463
TwrBsMyt,2219.3633000000045,63344.837849999996,1.0,34609,34637
TwrBsMyt,3973.5116999999955,63931.67384999999,1.0,34401,34580
TwrBsMyt,8928.1328,62019.543000000005,1.0,33861,33997
TwrBsMyt,1302.148399999991,66658.707,1.0,34676,34700
TwrBsMyt,45.86720000000787,71868.4492,1.0,34773,34782
TwrBsMyt,35387.9258,55521.1777,1.0,21967,31208
TwrBsMyt,345.26560000001336,72598.25,1.0,34850,34871
TwrBsMyt,58.5625,72321.32035,1.0,34897,34909
TwrBsMyt,700.3436999999976,71841.03125,1.0,34944,34972
TwrBsMyt,1705.4297000000079,71784.24605,1.0,34998,35024
TwrBsMyt,3523.1484000000055,70270.6211,1.0,35056,35085
TwrBsMyt,2028.0937000000122,68377.08595000001,1.0,35119,35146
TwrBsMyt,924.0,65039.4844,1.0,35211,35232
TwrBsMyt,529.9179999999978,60811.0254,1.0,35270,35286
TwrBsMyt,1115.9766000000018,57326.4219,1.0,35322,35341
TwrBsMyt,1645.0625,51828.30855,1.0,35380,35400
TwrBsMyt,68.0390999999945,47291.97655,1.0,35441,35449
TwrBsMyt,243.5547000000006,42828.98435,1.0,35494,35508
TwrBsMyt,819.3047000000006,40295.152350000004,1.0,35547,35573
TwrBsMyt,1380.3202999999994,39539.136750000005,1.0,35639,35669
TwrBsMyt,1788.336000000003,39439.3008,1.0,35609,35697
TwrBsMyt,1628.25,38963.125,1.0,35746,35778
TwrBsMyt,609.6991999999955,38316.431599999996,1.0,35814,35836
TwrBsMyt,997.0155999999988,37442.3203,1.0,35869,35896
TwrBsMyt,950.4219000000012,35842.33205,1.0,35983,36011
TwrBsMyt,1641.5469000000012,37744.28905,1.0,36052,36081
TwrBsMyt,554.4101999999984,39545.1074,1.0,36116,36135
TwrBsMyt,1249.1914000000033,40497.361300000004,1.0,36166,36192
TwrBsMyt,536.4570000000022,43388.529299999995,1.0,36240,36271
TwrBsMyt,1102.4493000000002,43517.74415,1.0,36375,36399
TwrBsMyt,3407.464899999999,43489.49025,1.0,36308,36345
TwrBsMyt,1569.1406999999963,52245.714850000004,1.0,36525,36554
TwrBsMyt,2178.8125,52428.71875,1.0,36617,36643
TwrBsMyt,3066.078099999999,52513.64065,1.0,36586,36671
TwrBsMyt,2160.2773000000016,61151.06445,1.0,36790,36821
TwrBsMyt,716.0898000000016,62226.2793,1.0,36858,36880
TwrBsMyt,666.0233999999982,63803.7344,1.0,36912,36932
TwrBsMyt,247.29689999998664,70417.53125,1.0,37017,37032
TwrBsMyt,2669.9061999999976,68673.3281,1.0,37093,37118
TwrBsMyt,1044.0155999999988,67828.42189999999,1.0,37230,37250
TwrBsMyt,2892.492100000003,67739.21485,1.0,37178,37205
TwrBsMyt,1520.1484000000055,66769.3711,1.0,37311,37331
TwrBsMyt,4575.5625,67949.14845,1.0,37150,37278
TwrBsMyt,909.4922000000006,60346.8008,1.0,37369,37387
TwrBsMyt,1334.0233999999982,56482.2617,1.0,37420,37440
TwrBsMyt,1528.472600000001,54291.4629,1.0,37502,37526
TwrBsMyt,222.55860000000393,55349.0996,1.0,37557,37570
TwrBsMyt,1290.527399999999,53312.3965,1.0,37630,37650
TwrBsMyt,5311.1993,54604.310549999995,1.0,37473,37597
TwrBsMyt,1547.8125,50326.77345,1.0,37683,37704
TwrBsMyt,908.586000000003,48239.433600000004,1.0,37851,37872
TwrBsMyt,3694.144500000002,48171.36915,1.0,37793,37823
TwrBsMyt,3994.1601999999984,48188.2168,1.0,37735,37764
TwrBsMyt,540.0195999999996,43531.9004,1.0,37949,37969
TwrBsMyt,1507.4922000000006,45167.30469999999,1.0,38037,38061
TwrBsMyt,2129.793000000005,47594.9277,1.0,38125,38151
TwrBsMyt,1252.1445999999996,44271.0254,1.0,38187,38207
TwrBsMyt,7578.648399999998,45353.558600000004,1.0,38000,38097
TwrBsMyt,1745.2656999999963,42026.722649999996,1.0,38239,38262
TwrBsMyt,2048.9102000000057,41395.486300000004,1.0,38320,38343
TwrBsMyt,2026.6641000000018,44426.988249999995,1.0,38377,38400
TwrBsMyt,1794.1367000000027,48075.93555,1.0,38435,38458
TwrBsMyt,874.3905999999988,56032.418,1.0,38542,38561
TwrBsMyt,426.86330000000453,58899.55275,1.0,38600,38618
TwrBsMyt,534.2187999999951,58081.9883,1.0,38672,38691
TwrBsMyt,1871.8632999999973,56855.61915,1.0,38748,38771
TwrBsMyt,3335.0938000000024,57570.5625,1.0,38639,38722
TwrBsMyt,672.2618000000002,62292.466799999995,1.0,38810,38826
TwrBsMyt,33.94530000000668,70934.23825,1.0,38871,38876
TwrBsMyt,32719.175700000007,55503.37305,1.0,37059,38292
TwrBsMyt,37984.765699999996,54298.09375,1.0,34822,35939
TwrBsMyt,41579.331999999995,54407.138699999996,0.5,19476,20705
TwrBsMyt,3050.7578000000067,75647.74609999999,1.0,38913,38938
TwrBsMyt,1946.265699999989,73464.90625,1.0,38996,39016
TwrBsMyt,2990.5468000000037,66920.4375,1.0,39052,39075
TwrBsMyt,4280.363299999997,64498.19335,1.0,39104,39130
TwrBsMyt,3186.4374999999927,64073.83594999999,1.0,39183,39208
TwrBsMyt,2972.8515000000043,65518.22265,1.0,39237,39262
TwrBsMyt,3084.4219000000085,66023.35935,1.0,39289,39314
TwrBsMyt,2356.265699999989,68671.46875,1.0,39346,39368
TwrBsMyt,2346.6328000000067,71654.18359999999,1.0,39400,39425
TwrBsMyt,1561.3125,69850.98435,1.0,39481,39503
TwrBsMyt,137.0781999999963,65290.496100000004,1.0,39542,39552
TwrBsMyt,10872.859399999994,67780.6875,1.0,39157,39451
TwrBsMyt,679.0858999999982,62112.83205,1.0,39591,39609
TwrBsMyt,3553.3984999999957,61220.53905,1.0,39639,39667
TwrBsMyt,4592.980499999998,59583.248049999995,1.0,39698,39724
TwrBsMyt,4045.582000000002,56897.7871,1.0,39756,39783
TwrBsMyt,2170.976600000002,57305.566399999996,1.0,39840,39863
TwrBsMyt,1124.8710999999967,58908.501950000005,1.0,39893,39914
TwrBsMyt,98.44920000000275,56956.5098,1.0,39976,39987
TwrBsMyt,6086.870999999999,57148.4707,1.0,39811,39940
TwrBsMyt,123.6875,52188.23045,1.0,40032,40043
TwrBsMyt,1187.4297000000006,52406.339850000004,1.0,40107,40127
TwrBsMyt,2738.148500000003,54505.464850000004,1.0,40186,40212
TwrBsMyt,1498.3905999999988,51120.125,1.0,40248,40271
TwrBsMyt,6329.578199999996,52890.371100000004,1.0,40075,40159
TwrBsMyt,10.910100000000966,48174.06835,1.0,40324,40331
TwrBsMyt,137.26959999999963,53632.7754,1.0,40379,40389
TwrBsMyt,1308.2969000000012,56561.21095,1.0,40453,40476
TwrBsMyt,526.3984999999957,53178.46095,1.0,40512,40529
TwrBsMyt,10029.023399999998,53141.7383,1.0,40312,40426
TwrBsMyt,67.46880000000237,52762.0547,1.0,40637,40645
TwrBsMyt,1168.1914000000033,57990.798800000004,1.0,40689,40709
TwrBsMyt,1484.9530999999988,58529.35545,1.0,40771,40797
TwrBsMyt,184.89839999999822,58036.503899999996,1.0,40849,40862
TwrBsMyt,3326.726600000002,59159.3242,1.0,40741,40826
TwrBsMyt,1133.7070000000022,64019.0996,1.0,40905,40925
TwrBsMyt,1064.3476000000082,65602.1621,1.0,40990,41009
TwrBsMyt,272.4219000000012,52023.84375,1.0,41183,41196
TwrBsMyt,639.7421000000031,59204.03125,1.0,41243,41261
TwrBsMyt,1169.2460999999967,58383.501950000005,1.0,41323,41345
TwrBsMyt,525.4688000000024,54449.3906,1.0,41405,41423
TwrBsMyt,261.8945999999996,57704.2285,1.0,41461,41475
TwrBsMyt,7111.746099999997,57501.689450000005,1.0,41290,41385
TwrBsMyt,3.2422000000005937,54111.1992,1.0,41605,41608
TwrBsMyt,506.9297000000006,51390.867150000005,1.0,41678,41694
TwrBsMyt,2.0077999999994063,55854.351599999995,1.0,41739,41742
TwrBsMyt,1070.9569999999949,59930.9824,1.0,41784,41802
TwrBsMyt,11964.0547,55316.324250000005,1.0,41514,41651
TwrBsMyt,2824.8125,57830.08595,1.0,41864,41889
TwrBsMyt,1759.3554000000004,53986.5254,1.0,41948,41971
TwrBsMyt,1819.4922000000006,55526.36719999999,1.0,42000,42022
TwrBsMyt,1988.2733999999982,58642.855500000005,1.0,42053,42073
TwrBsMyt,10426.988299999997,57331.91605,1.0,41830,41923
TwrBsMyt,5446.914100000002,60786.60935,1.0,42132,42160
TwrBsMyt,2622.7070999999996,59417.93555,1.0,42214,42238
TwrBsMyt,4174.058599999997,60080.416,1.0,42190,42264
TwrBsMyt,6600.413999999997,60550.441399999996,1.0,42103,42291
TwrBsMyt,6283.417999999998,61264.763699999996,1.0,42320,42347
TwrBsMyt,7328.30079999999,61919.091799999995,1.0,42375,42403
TwrBsMyt,6741.359400000001,62489.4141,1.0,42430,42457
TwrBsMyt,3483.4296999999933,64700.65235,1.0,42487,42510
TwrBsMyt,6003.714800000002,64726.0332,1.0,42537,42565
TwrBsMyt,6619.496100000004,64442.29885,1.0,42592,42620
TwrBsMyt,4758.785199999991,65273.0996,1.0,42703,42729
TwrBsMyt,6035.253900000003,64950.998049999995,1.0,42648,42676
TwrBsMyt,21138.070399999997,58469.066399999996,1.0,40960,41144
TwrBsMyt,3610.125,68969.4609,1.0,42761,42785
TwrBsMyt,3338.054700000008,69660.29295,1.0,42840,42866
TwrBsMyt,3586.1875,69292.10935,1.0,42920,42946
TwrBsMyt,4389.171799999996,69552.07029999999,1.0,42813,42893
TwrBsMyt,5057.312399999995,70052.875,1.0,42976,43003
TwrBsMyt,3611.359400000001,71253.04689999999,1.0,43060,43084
TwrBsMyt,2900.773399999991,69066.7305,1.0,43166,43190
TwrBsMyt,4174.9375,69683.10155,1.0,43113,43139
TwrBsMyt,4071.0625,70062.17965,1.0,43246,43272
TwrBsMyt,3186.679700000008,70487.87895,1.0,43329,43353
TwrBsMyt,6674.632800000007,70040.24609999999,1.0,43217,43301
TwrBsMyt,715.9453000000067,65576.84765000001,1.0,43389,43405
TwrBsMyt,307.72269999999844,58178.48635,1.0,43447,43459
TwrBsMyt,496.51570000000356,52857.40625,1.0,43498,43513
TwrBsMyt,302.53510000000097,50333.18165,1.0,43570,43587
TwrBsMyt,1842.078100000006,50639.214850000004,1.0,43548,43617
TwrBsMyt,20.718699999997625,49885.53125,1.0,43702,43709
TwrBsMyt,1023.101499999997,49713.60545,1.0,43652,43679
TwrBsMyt,1925.0234999999957,48944.53905,1.0,43743,43768
TwrBsMyt,25619.164099999995,60704.26955,1.0,40593,43033
TwrBsMyt,861.7108999999982,46011.73045,1.0,43804,43826
TwrBsMyt,21.593699999997625,40897.60155,1.0,43916,43923
TwrBsMyt,1666.2030999999988,39088.42575,1.0,43964,43993
TwrBsMyt,729.3867000000027,38010.80665,1.0,44029,44056
TwrBsMyt,54.730499999997846,38587.830050000004,1.0,44130,44145
TwrBsMyt,785.8905999999988,41496.8281,1.0,44208,44229
TwrBsMyt,1308.0547000000006,43818.54685,1.0,44295,44324
TwrBsMyt,1750.5272999999943,42271.357449999996,1.0,44392,44420
TwrBsMyt,3276.0782000000036,42194.4375,1.0,44450,44482
TwrBsMyt,2051.9883000000045,42933.19725,1.0,44544,44571
TwrBsMyt,65.98440000000119,43648.1172,1.0,44626,44637
TwrBsMyt,2115.706999999995,43164.4824,1.0,44602,44669
TwrBsMyt,1904.1523000000016,43318.48635,1.0,44725,44751
TwrBsMyt,2778.816500000001,42935.68555,1.0,44699,44779
TwrBsMyt,4904.121099999997,42927.287150000004,1.0,44264,44512
TwrBsMyt,2868.7032000000036,44765.5078,1.0,44813,44840
TwrBsMyt,419.1171000000031,47637.84375,1.0,44920,44939
TwrBsMyt,739.7148000000016,47715.1582,1.0,44877,44899
TwrBsMyt,1593.1795999999958,46889.316399999996,1.0,44998,45022
TwrBsMyt,3456.343799999995,47349.9883,1.0,44968,45048
TwrBsMyt,2483.1757999999973,48351.7051,1.0,45080,45107
TwrBsMyt,169.13680000000022,50003.970700000005,1.0,45142,45154
TwrBsMyt,2058.3359999999957,50969.5547,1.0,45184,45211
TwrBsMyt,957.0976999999984,51322.99415,1.0,45295,45315
TwrBsMyt,2527.9257,51233.251950000005,1.0,45240,45269
TwrBsMyt,1610.6367000000027,53188.20115,1.0,45347,45371
TwrBsMyt,1287.5311999999976,52772.5156,1.0,45427,45447
TwrBsMyt,1832.5429999999978,49930.541,1.0,45480,45503
TwrBsMyt,2313.304599999996,46383.128899999996,1.0,45536,45561
TwrBsMyt,455.43360000000393,47047.4551,1.0,45621,45639
TwrBsMyt,745.6757999999973,48866.7129,1.0,45673,45694
TwrBsMyt,1469.976499999997,50850.722649999996,1.0,45729,45754
TwrBsMyt,968.4648000000016,50279.9082,1.0,45841,45864
TwrBsMyt,541.6952999999994,51089.20705,1.0,45893,45912
TwrBsMyt,3359.468799999995,51067.9258,1.0,45784,45816
TwrBsMyt,1805.2344000000012,52494.4258,1.0,45944,45970
TwrBsMyt,9645.468799999995,49823.621100000004,1.0,45399,45589
TwrBsMyt,1770.7148000000016,53162.2051,1.0,46032,46058
TwrBsMyt,363.65239999999903,52693.7129,1.0,46125,46142
TwrBsMyt,167.43359999999666,53794.443400000004,1.0,46174,46188
TwrBsMyt,1068.3007999999973,52885.8652,1.0,46249,46272
TwrBsMyt,998.3007999999973,52295.5176,1.0,46299,46320
TwrBsMyt,3850.2383000000045,52432.142550000004,1.0,46093,46215
TwrBsMyt,2960.035100000001,49397.63475,1.0,46358,46387
TwrBsMyt,1864.781299999995,48516.89455,1.0,46430,46468
TwrBsMyt,1399.5195000000022,45528.30665,1.0,46511,46537
TwrBsMyt,2703.6327999999994,45591.273400000005,1.0,46565,46593
TwrBsMyt,3424.7929000000004,46257.30665,1.0,46687,46718
TwrBsMyt,1101.902399999999,44899.158200000005,1.0,46783,46809
TwrBsMyt,6661.746099999997,46255.814450000005,1.0,46622,46655
TwrBsMyt,809.9257999999973,42237.0801,1.0,46845,46864
TwrBsMyt,2089.0390000000043,40363.6797,1.0,46894,46918
TwrBsMyt,17578.3047,46341.76955,1.0,44081,46003
TwrBsMyt,3389.4882999999973,36411.41605,1.0,46952,46978
TwrBsMyt,255.09760000000097,37050.60739999999,1.0,47037,47050
TwrBsMyt,2902.6601999999984,38825.0449,1.0,47082,47108
TwrBsMyt,881.25,42127.8906,1.0,47141,47160
TwrBsMyt,1393.7655999999988,42427.1875,1.0,47217,47241
TwrBsMyt,504.5234000000055,40362.8828,1.0,47326,47346
TwrBsMyt,732.6601999999984,40360.9121,1.0,47277,47302
TwrBsMyt,1809.2070000000022,42389.611300000004,1.0,47409,47431
TwrBsMyt,2582.6875,41012.37895,1.0,47487,47512
TwrBsMyt,5201.683599999997,41315.783200000005,1.0,47374,47457
TwrBsMyt,1396.1601999999984,40958.5176,1.0,47569,47590
TwrBsMyt,1894.0820000000022,43117.201199999996,1.0,47619,47640
TwrBsMyt,5950.879000000001,41382.0293,1.0,47189,47541
TwrBsMyt,2658.289100000002,45619.949250000005,1.0,47672,47697
TwrBsMyt,1096.1835999999967,40619.8965,1.0,47757,47775
TwrBsMyt,1839.0664000000033,36149.791,1.0,47809,47831
TwrBsMyt,13087.8828,40627.3008,1.0,47007,47721
TwrBsMyt,44347.3867,55791.16605,0.5,20705,38965
TwrBsMyt,1717.0195000000022,35537.13085,1.0,47890,47911
TwrBsMyt,1731.6640000000043,39176.8047,1.0,47945,47966
TwrBsMyt,2999.7032000000036,39214.1172,1.0,48022,48047
TwrBsMyt,3458.1327999999994,38276.414099999995,1.0,48101,48127
TwrBsMyt,5043.554700000001,39055.636750000005,1.0,47994,48075
TwrBsMyt,3722.3827999999994,40155.44530000001,1.0,48159,48186
TwrBsMyt,782.7577999999994,38651.5508,1.0,48247,48265
TwrBsMyt,478.73049999999785,35737.294949999996,1.0,48300,48317
TwrBsMyt,411.4766000000018,35854.746100000004,1.0,48381,48396
TwrBsMyt,937.7070999999996,39794.56055,1.0,48434,48454
TwrBsMyt,9000.914100000002,37807.113249999995,1.0,48215,48349
TwrBsMyt,244.9844000000012,44002.2578,1.0,48494,48508
TwrBsMyt,2662.4882,43384.779299999995,1.0,48530,48562
TwrBsMyt,2183.3202999999994,43552.02344999999,1.0,48647,48675
TwrBsMyt,2563.843799999995,43401.746100000004,1.0,48619,48700
TwrBsMyt,1070.503899999996,43152.29885,1.0,48812,48834
TwrBsMyt,1701.2929000000004,43189.37695,1.0,48762,48787
TwrBsMyt,4076.875,42685.4102,1.0,48591,48732
TwrBsMyt,1320.3710999999967,47413.044949999996,1.0,48870,48891
TwrBsMyt,1108.8827999999994,52097.8906,1.0,48929,48949
TwrBsMyt,607.6406000000061,53655.121100000004,1.0,48979,48997
TwrBsMyt,1707.2851999999984,53860.9004,1.0,49059,49085
TwrBsMyt,959.1132999999973,55446.81835,1.0,49149,49175
TwrBsMyt,3309.2695999999996,54546.459,1.0,49027,49112
TwrBsMyt,1041.7616999999955,56764.080050000004,1.0,49243,49269
TwrBsMyt,1563.7773000000016,57466.43165,1.0,49305,49343
TwrBsMyt,694.1795999999958,58534.941399999996,1.0,49452,49473
TwrBsMyt,522.2109999999957,55903.6797,1.0,49513,49530
TwrBsMyt,199.94920000000275,51878.4746,1.0,49570,49581
TwrBsMyt,2233.1992000000027,47986.9746,1.0,49620,49645
TwrBsMyt,858.4844000000012,45990.6133,1.0,49678,49697
TwrBsMyt,297.6640000000043,43859.25,1.0,49731,49745
TwrBsMyt,2451.5,42420.8516,1.0,49777,49803
TwrBsMyt,2004.2929999999978,40355.923800000004,1.0,49836,49860
TwrBsMyt,2452.4922000000006,39742.00780000001,1.0,49888,49913
TwrBsMyt,2182.9726999999984,39298.95115,1.0,49998,50022
TwrBsMyt,3808.789100000002,39726.67185,1.0,49941,49970
TwrBsMyt,2309.8085999999967,38344.826199999996,1.0,50052,50078
TwrBsMyt,546.7460999999967,36824.001950000005,1.0,50110,50129
TwrBsMyt,201.11330000000453,37035.63475,1.0,50186,50199
TwrBsMyt,1221.3008000000045,39424.4785,1.0,50235,50260
TwrBsMyt,657.9454000000042,38908.746100000004,1.0,50325,50345
TwrBsMyt,5736.613299999997,38583.93165,1.0,50157,50291
TwrBsMyt,5.7929000000003725,39235.12695,1.0,50462,50466
TwrBsMyt,478.125,47457.3711,1.0,50595,50616
TwrBsMyt,1465.4179000000004,47891.49805,1.0,50651,50680
TwrBsMyt,23971.480499999998,47520.38475,1.0,49417,50416
TwrBsMyt,35.25,69306.375,1.0,51080,51087
TwrBsMyt,36.156199999997625,68145.9375,1.0,51139,51147
TwrBsMyt,1808.6641000000018,62916.511750000005,1.0,51277,51302
TwrBsMyt,1165.5820999999996,64068.94725,1.0,51332,51353
TwrBsMyt,2155.2109999999957,67938.94140000001,1.0,51390,51415
TwrBsMyt,888.7187000000122,70652.21095000001,1.0,51480,51533
TwrBsMyt,163.6875,66762.42185,1.0,51575,51586
TwrBsMyt,114.97260000000097,63071.7246,1.0,51633,51645
TwrBsMyt,9973.4179,66694.49415,1.0,51250,51450
TwrBsMyt,1035.2265000000043,62822.14845,1.0,51722,51755
TwrBsMyt,1535.3671000000031,65155.277350000004,1.0,51802,51829
TwrBsMyt,1276.3203000000067,67062.09765000001,1.0,51873,51898
TwrBsMyt,861.9688000000024,66675.1406,1.0,51954,51975
TwrBsMyt,6959.644500000002,64325.63085,1.0,51685,51925
TwrBsMyt,751.5702999999994,60644.10545,1.0,52057,52077
TwrBsMyt,872.3007999999973,58292.2207,1.0,52114,52135
TwrBsMyt,359.4687999999951,56413.1367,1.0,52167,52184
TwrBsMyt,39.69920000000275,55315.5293,1.0,52220,52229
TwrBsMyt,1371.3868000000002,51829.966799999995,1.0,52325,52351
TwrBsMyt,1231.718799999995,51711.6367,1.0,52376,52400
TwrBsMyt,577.0625,51007.53515,1.0,52433,52456
TwrBsMyt,505.7422000000006,50402.730500000005,1.0,52485,52507
TwrBsMyt,987.1875,48656.36715,1.0,52545,52567
TwrBsMyt,639.5429000000004,46434.81445,1.0,52712,52735
TwrBsMyt,732.3164000000033,46460.6465,1.0,52666,52688
TwrBsMyt,1766.7695999999996,46809.6621,1.0,52636,52758
TwrBsMyt,780.2108999999982,47855.92185,1.0,52791,52811
TwrBsMyt,2846.683499999999,48143.93945,1.0,52838,52866
TwrBsMyt,1217.3280999999988,49705.13285,1.0,52899,52924
TwrBsMyt,166.71489999999903,51372.310549999995,1.0,52957,52970
TwrBsMyt,1225.7733999999982,51819.8633,1.0,52996,53020
TwrBsMyt,1619.3125,53159.07035,1.0,53084,53108
TwrBsMyt,2216.019500000002,52750.50975,1.0,53135,53160
TwrBsMyt,4204.046900000001,52848.95315,1.0,53054,53189
TwrBsMyt,2469.523399999998,53884.730500000005,1.0,53220,53246
TwrBsMyt,659.0742000000027,55401.6699,1.0,53278,53296
TwrBsMyt,2005.8868000000002,56994.029299999995,1.0,53327,53354
TwrBsMyt,2521.5820999999996,57476.25585,1.0,53381,53408
TwrBsMyt,870.2539000000033,59011.974650000004,1.0,53439,53457
TwrBsMyt,751.0234000000055,65901.1367,1.0,53499,53516
TwrBsMyt,207.17969999999332,71198.09765000001,1.0,53581,53602
TwrBsMyt,1273.1327999999994,61945.5898,1.0,53775,53799
TwrBsMyt,1218.4922000000006,64777.289099999995,1.0,53836,53860
TwrBsMyt,2074.1368,61779.158200000005,1.0,53950,53976
TwrBsMyt,8078.679599999996,64051.566399999996,1.0,53744,53898
TwrBsMyt,2105.777399999999,62279.91989999999,1.0,54040,54065
TwrBsMyt,1123.5155999999988,64881.0625,1.0,54098,54117
TwrBsMyt,2235.7382999999973,61554.10355,1.0,54223,54247
TwrBsMyt,9385.54299999999,63303.9082,1.0,54008,54150
TwrBsMyt,1974.1366999999955,60983.92775,1.0,54306,54329
TwrBsMyt,1143.1092999999964,66154.72654999999,1.0,54367,54387
TwrBsMyt,1307.0507999999973,64669.2754,1.0,54496,54518
TwrBsMyt,2760.1484999999957,62511.39845,1.0,54580,54607
TwrBsMyt,2033.9334999999992,64668.56445,1.0,54640,54667
TwrBsMyt,7.3125,61095.69535,1.0,54788,54794
TwrBsMyt,6918.187399999995,64026.0625,1.0,54553,54700
TwrBsMyt,1259.0195000000022,60632.330050000004,1.0,54852,54876
TwrBsMyt,1996.1405999999988,62763.9844,1.0,54941,54970
TwrBsMyt,4460.839800000002,61821.1504,1.0,54824,54911
TwrBsMyt,12991.347600000008,64784.5215,1.0,54278,54431
TwrBsMyt,1550.0195000000022,57377.68165,1.0,55054,55078
TwrBsMyt,1081.1680000000051,60715.0801,1.0,55139,55159
TwrBsMyt,2410.3710999999967,61809.24025,1.0,55193,55220
TwrBsMyt,1565.8944999999949,57734.61135,1.0,55283,55302
TwrBsMyt,7475.089800000002,59853.9199,1.0,55103,55247
TwrBsMyt,25.550799999997253,56681.1621,1.0,55370,55378
TwrBsMyt,902.25,63653.0898,1.0,55465,55490
TwrBsMyt,1165.7344000000012,58781.8281,1.0,55566,55588
TwrBsMyt,2254.1952999999994,56255.011750000005,1.0,55661,55689
TwrBsMyt,1049.9375,58265.00785,1.0,55731,55759
TwrBsMyt,4291.960899999998,59350.777350000004,1.0,55800,55834
TwrBsMyt,2540.331999999995,61046.6152,1.0,55872,55899
TwrBsMyt,1002.5780999999988,63101.19925,1.0,55933,55956
TwrBsMyt,1121.3983999999982,62651.371100000004,1.0,56044,56067
TwrBsMyt,3121.277399999999,56952.834,1.0,56107,56134
TwrBsMyt,908.6016000000018,57816.4492,1.0,56200,56221
TwrBsMyt,567.6992000000027,62563.4043,1.0,56261,56278
TwrBsMyt,10614.9493,59404.810549999995,1.0,55994,56167
TwrBsMyt,11380.144499999995,59544.88865,1.0,55522,55630
TwrBsMyt,1286.0859000000055,66405.83205,1.0,56380,56404
TwrBsMyt,1880.9179999999978,64629.5879,1.0,56463,56488
TwrBsMyt,3025.6679999999906,65992.4082,1.0,56519,56545
TwrBsMyt,5200.597600000001,65906.9824,1.0,56340,56437
TwrBsMyt,2181.406299999988,67846.77345000001,1.0,56574,56597
TwrBsMyt,1915.3945000000022,65429.38865000001,1.0,56659,56685
TwrBsMyt,1066.3125000000073,65663.24215,1.0,56736,56756
TwrBsMyt,1654.5547000000079,68878.43355,1.0,56790,56811
TwrBsMyt,6394.824200000003,67509.6504,1.0,56624,56710
TwrBsMyt,17983.3281,62636.39845,1.0,53560,55335
TwrBsMyt,26610.781300000002,58660.67185,1.0,51027,52604
TwrBsMyt,2372.421900000001,72911.63285,1.0,56846,56870
TwrBsMyt,1584.125,69036.5703,1.0,56935,56955
TwrBsMyt,375.7733999999982,65026.3867,1.0,56990,57005
TwrBsMyt,676.5155999999988,65410.4297,1.0,57067,57083
TwrBsMyt,1482.1484000000055,69327.3711,1.0,57119,57139
TwrBsMyt,2176.859400000001,68488.88279999999,1.0,57200,57222
TwrBsMyt,10514.941399999996,67682.16990000001,1.0,57035,57169
TwrBsMyt,2050.2148000000016,52410.5996,1.0,57417,57443
TwrBsMyt,302.02730000000156,51114.38475,1.0,57473,57489
TwrBsMyt,4340.539100000002,52527.95315,1.0,57356,57388
TwrBsMyt,1013.6719000000012,48581.78125,1.0,57654,57674
TwrBsMyt,2719.6093000000037,48430.339850000004,1.0,57733,57758
TwrBsMyt,1448.777399999999,44698.0215,1.0,57793,57814
TwrBsMyt,7236.511700000003,46983.32615,1.0,57583,57703
TwrBsMyt,941.535100000001,47502.36135000001,1.0,57916,57935
TwrBsMyt,3031.4648000000016,51835.8301,1.0,57970,57993
TwrBsMyt,3732.4726999999984,53394.94335,1.0,58054,58080
TwrBsMyt,582.3672000000006,50755.289099999995,1.0,58138,58159
TwrBsMyt,193.5,52348.3828,1.0,58192,58204
TwrBsMyt,8253.343799999995,53748.246100000004,1.0,58025,58114
TwrBsMyt,332.25,57991.9023,1.0,58248,58261
TwrBsMyt,2121.792999999998,62514.8496,1.0,58329,58356
TwrBsMyt,671.0976999999984,57765.50195,1.0,58442,58463
TwrBsMyt,1433.7460999999967,59504.162150000004,1.0,58523,58548
TwrBsMyt,116.66010000000097,57302.86915,1.0,58608,58618
TwrBsMyt,3746.980499999998,58464.13475,1.0,58489,58573
TwrBsMyt,898.0780999999988,52619.23045,1.0,58659,58678
TwrBsMyt,763.3905999999988,51415.3125,1.0,58736,58755
TwrBsMyt,608.7383000000045,54763.775349999996,1.0,58793,58810
TwrBsMyt,1036.75,56746.418,1.0,58875,58898
TwrBsMyt,853.464899999999,53254.439450000005,1.0,58939,58960
TwrBsMyt,530.038999999997,51838.371100000004,1.0,58994,59015
TwrBsMyt,1600.1523000000016,52655.94335,1.0,59076,59101
TwrBsMyt,1762.671899999994,53121.964850000004,1.0,59164,59190
TwrBsMyt,3173.6875,53425.58205,1.0,59133,59218
TwrBsMyt,2542.2811999999976,53767.3594,1.0,59248,59275
TwrBsMyt,104.99209999999584,56932.464850000004,1.0,59339,59355
TwrBsMyt,550.4922000000006,56263.019499999995,1.0,59385,59407
TwrBsMyt,1774.8202999999994,54059.53905000001,1.0,59448,59474
TwrBsMyt,1510.3476999999984,52974.36525,1.0,59505,59528
TwrBsMyt,899.4686999999976,52937.89845,1.0,59622,59644
TwrBsMyt,738.711000000003,52255.6367,1.0,59674,59696
TwrBsMyt,4199.710999999996,53267.5703,1.0,59556,59590
TwrBsMyt,6990.359300000004,53907.285149999996,1.0,59044,59315
TwrBsMyt,8387.921800000004,54298.691399999996,1.0,58710,58845
TwrBsMyt,1386.0820999999996,52700.11915,1.0,59757,59780
TwrBsMyt,1384.8282000000036,53533.3047,1.0,59808,59831
TwrBsMyt,1089.890600000006,54056.121100000004,1.0,59890,59911
TwrBsMyt,2206.566399999996,53498.877,1.0,59937,59961
TwrBsMyt,6352.6993,53078.185549999995,1.0,59726,59862
TwrBsMyt,3142.378899999996,50248.15825,1.0,60022,60048
TwrBsMyt,2351.871100000004,51607.94335,1.0,60079,60103
TwrBsMyt,2033.1680000000051,54207.2598,1.0,60137,60162
TwrBsMyt,50.67569999999978,55300.314450000005,1.0,60223,60232
TwrBsMyt,16.683600000003935,50973.4629,1.0,60278,60284
TwrBsMyt,8242.9453,52027.242150000005,1.0,59995,60195
TwrBsMyt,739.9375,46121.50785,1.0,60330,60350
TwrBsMyt,40.402399999999034,52184.01760000001,1.0,60597,60605
TwrBsMyt,340.93360000000393,47067.0527,1.0,60656,60676
TwrBsMyt,848.0234000000055,53762.7578,1.0,60983,61004
TwrBsMyt,5328.015599999999,54591.6094,1.0,60829,60949
TwrBsMyt,945.9960999999967,56807.69725,1.0,61039,61058
TwrBsMyt,11647.281200000005,52581.933600000004,1.0,60520,60702
TwrBsMyt,12.207000000002154,57243.095700000005,1.0,61124,61129
TwrBsMyt,1241.6366999999955,54256.857449999996,1.0,61167,61190
TwrBsMyt,1206.910100000001,54614.32614999999,1.0,61255,61276
TwrBsMyt,7693.734399999994,55120.058600000004,1.0,61090,61224
TwrBsMyt,134.79299999999785,59147.466799999995,1.0,61320,61331
TwrBsMyt,1014.375,55876.4922,1.0,61443,61466
TwrBsMyt,1235.6756999999998,56346.685549999995,1.0,61528,61550
TwrBsMyt,2322.0742000000027,59762.4121,1.0,61660,61686
TwrBsMyt,5132.413999999997,58368.621100000004,1.0,61632,61718
TwrBsMyt,6150.6875,58091.85545,1.0,61366,61496
TwrBsMyt,2199.945400000004,60978.496100000004,1.0,61752,61776
TwrBsMyt,1039.2304999999978,62408.05665,1.0,61805,61824
TwrBsMyt,19917.925799999997,54562.3496,1.0,58300,60379
TwrBsMyt,767.5429999999978,65483.666,1.0,61887,61905
TwrBsMyt,423.2109000000055,62640.28125,1.0,61944,61960
TwrBsMyt,309.94139999999607,64687.3379,1.0,62036,62053
TwrBsMyt,273.99610000000393,65329.92385,1.0,62080,62096
TwrBsMyt,7177.0196,63389.584,1.0,61861,61992
TwrBsMyt,154.32029999999213,65974.76955,1.0,62171,62187
TwrBsMyt,974.3593999999939,64784.683600000004,1.0,62344,62372
TwrBsMyt,457.70700000000215,65123.0254,1.0,62443,62461
TwrBsMyt,4143.148399999991,65760.543,1.0,62409,62495
TwrBsMyt,7073.363299999997,64758.83395,1.0,62135,62269
TwrBsMyt,4017.5078000000067,69871.69140000001,1.0,62603,62631
TwrBsMyt,87.72650000000431,68267.46484999999,1.0,62696,62704
TwrBsMyt,1634.5859999999957,66463.24609999999,1.0,62737,62761
TwrBsMyt,55.656300000002375,67494.59375,1.0,62826,62834
TwrBsMyt,7774.429699999993,68146.15234999999,1.0,62662,62791
TwrBsMyt,2344.148399999991,71069.293,1.0,62874,62897
TwrBsMyt,2566.2968999999866,73334.53125,1.0,62955,62978
TwrBsMyt,4675.328099999999,72106.10935000001,1.0,63008,63034
TwrBsMyt,7529.8125,71601.57035,1.0,62928,63064
TwrBsMyt,33793.04290000001,58582.439450000005,1.0,56899,57848
TwrBsMyt,4615.0625,73393.60155,1.0,63095,63121
TwrBsMyt,2145.25,75326.4844,1.0,63174,63198
TwrBsMyt,2422.265699999989,73984.90625,1.0,63226,63249
TwrBsMyt,1557.2734999999957,70043.08205,1.0,63282,63302
TwrBsMyt,596.3437999999951,64531.7617,1.0,63340,63356
TwrBsMyt,498.1719000000012,61409.98045,1.0,63391,63407
TwrBsMyt,820.972600000001,57252.666,1.0,63443,63461
TwrBsMyt,331.71489999999903,52470.248049999995,1.0,63502,63516
TwrBsMyt,2237.125,45443.875,1.0,63603,63630
TwrBsMyt,1561.6327999999994,44687.148400000005,1.0,63716,63740
TwrBsMyt,486.2577999999994,43322.6094,1.0,63770,63786
TwrBsMyt,4271.093699999998,44390.65625,1.0,63661,63691
TwrBsMyt,89.55859999999666,36601.826199999996,1.0,63831,63840
TwrBsMyt,220.90619999999763,34647.75,1.0,63875,63887
TwrBsMyt,44256.003899999996,54484.427749999995,1.0,47861,63151
TwrBsMyt,2748.994200000001,33094.4951,1.0,63949,63975
TwrBsMyt,1873.6992000000027,33770.3379,1.0,64029,64051
TwrBsMyt,4754.245999999999,32989.2832,1.0,63921,64004
TwrBsMyt,3140.5684,30898.045899999997,1.0,64084,64111
TwrBsMyt,475.9589999999989,31065.401400000002,1.0,64173,64189
TwrBsMyt,1248.2266000000018,33232.9531,1.0,64223,64246
TwrBsMyt,867.773500000003,34180.95705,1.0,64301,64322
TwrBsMyt,2983.199199999999,33577.4863,1.0,64276,64353
TwrBsMyt,1145.4922000000006,35116.61719999999,1.0,64388,64413
TwrBsMyt,697.9219000000012,39853.01565,1.0,64485,64506
TwrBsMyt,409.60549999999785,45361.330050000004,1.0,64598,64617
TwrBsMyt,822.3125,50395.21095,1.0,64685,64707
TwrBsMyt,3166.8476999999984,54987.00585,1.0,64750,64778
TwrBsMyt,1122.6327999999994,58513.418000000005,1.0,64815,64836
TwrBsMyt,2345.0351999999984,61835.5176,1.0,64872,64897
TwrBsMyt,245.56239999999525,67365.375,1.0,64939,64952
TwrBsMyt,1265.875,72198.2578,1.0,64990,65013
TwrBsMyt,1479.4375,71451.14845,1.0,65070,65095
TwrBsMyt,1942.1484000000055,61046.3203,1.0,65239,65280
TwrBsMyt,284.8280999999988,61770.32815,1.0,65353,65371
TwrBsMyt,1853.4258000000045,65235.709,1.0,65443,65469
TwrBsMyt,2586.5859000000055,65318.60545,1.0,65531,65559
TwrBsMyt,1264.3007999999973,62508.3379,1.0,65595,65627
TwrBsMyt,969.7969000000012,62109.40625,1.0,65735,65758
TwrBsMyt,1801.1484999999957,61776.34375,1.0,65711,65783
TwrBsMyt,4485.656299999995,65031.21094999999,1.0,65818,65847
TwrBsMyt,7117.312600000005,64135.8125,1.0,65500,65682
TwrBsMyt,97.25,68535.0625,1.0,65938,65949
TwrBsMyt,2347.718700000012,68502.35154999999,1.0,65883,65911
TwrBsMyt,468.0155999999988,68129.42970000001,1.0,66013,66030
TwrBsMyt,1188.9530999999988,67198.07814999999,1.0,66059,66081
TwrBsMyt,631.0976999999984,65048.17385,1.0,66227,66247
TwrBsMyt,1801.738200000007,64702.9043,1.0,66177,66204
TwrBsMyt,2397.9609999999957,64687.8711,1.0,66273,66299
TwrBsMyt,3254.7032000000036,65027.1328,1.0,66118,66147
TwrBsMyt,4340.679699999993,67725.23825,1.0,66356,66383
TwrBsMyt,6549.843700000005,66666.52345000001,1.0,65981,66323
TwrBsMyt,3025.648399999991,70157.668,1.0,66414,66439
TwrBsMyt,913.5469000000012,70202.47654999999,1.0,66493,66514
TwrBsMyt,2310.140599999999,68400.14060000001,1.0,66546,66571
TwrBsMyt,307.0155999999988,68539.3516,1.0,66630,66644
TwrBsMyt,1818.7655999999988,69387.57810000001,1.0,66704,66735
TwrBsMyt,4532.75,68489.6016,1.0,66601,66674
TwrBsMyt,1369.8671000000031,66584.72265,1.0,66808,66835
TwrBsMyt,27.765599999998813,67640.2734,1.0,66945,66954
TwrBsMyt,3099.9374999999927,66222.69535,1.0,66873,66923
TwrBsMyt,12987.738299999997,65190.14645,1.0,65315,66467
TwrBsMyt,84.73829999999725,50409.74805,1.0,67158,67182
TwrBsMyt,707.7890000000043,49088.25,1.0,67229,67254
TwrBsMyt,1949.6133000000045,48359.69725,1.0,67286,67313
TwrBsMyt,1190.1172000000006,47976.9258,1.0,67342,67367
TwrBsMyt,138.3047000000006,46497.738249999995,1.0,67425,67440
TwrBsMyt,1133.3789000000033,46660.587849999996,1.0,67404,67469
TwrBsMyt,1139.9335999999967,42839.494099999996,1.0,67511,67533
TwrBsMyt,2212.3320999999996,40623.42775,1.0,67568,67596
TwrBsMyt,1004.8672000000006,39453.581999999995,1.0,67626,67647
TwrBsMyt,1191.5039000000033,41780.30275,1.0,67749,67775
TwrBsMyt,1683.4609999999957,45804.3047,1.0,67816,67838
TwrBsMyt,2930.734400000001,48470.8242,1.0,67898,67924
TwrBsMyt,1666.1132999999973,46844.86915,1.0,68012,68035
TwrBsMyt,4183.335999999996,48003.125,1.0,67952,67981
TwrBsMyt,2002.4920999999958,48815.589850000004,1.0,68091,68113
TwrBsMyt,4785.593799999995,47888.5742,1.0,67871,68060
TwrBsMyt,1792.9414000000033,53710.326199999996,1.0,68149,68172
TwrBsMyt,526.8203000000067,66075.46484999999,1.0,68268,68284
TwrBsMyt,839.4687000000122,67947.33595000001,1.0,68353,68374
TwrBsMyt,6.47269999999844,64783.81445,1.0,68416,68419
TwrBsMyt,1.5,50867.8008,1.0,68609,68611
TwrBsMyt,249.4218000000037,51637.816399999996,1.0,69000,69014
TwrBsMyt,17690.687500000007,59702.742150000005,1.0,68601,68832
TwrBsMyt,350.2969000000012,53777.14845,1.0,69107,69125
TwrBsMyt,4.382799999999406,57893.628899999996,1.0,69190,69194
TwrBsMyt,1801.9063000000024,59931.73435,1.0,69239,69267
TwrBsMyt,251.91399999999703,61513.933600000004,1.0,69303,69319
TwrBsMyt,121.14070000000356,58212.52345,1.0,69419,69430
TwrBsMyt,12639.871100000004,56509.88085,1.0,69048,69376
TwrBsMyt,818.4922000000079,66127.4258,1.0,69741,69762
TwrBsMyt,0.3710999999966589,59562.498049999995,1.0,69868,69869
TwrBsMyt,1461.9452999999994,60141.14455,1.0,69890,69926
TwrBsMyt,289.64450000000215,57930.86915,1.0,69983,70003
TwrBsMyt,768.0273000000016,59154.68555,1.0,70066,70085
TwrBsMyt,266.2812999999878,65694.28904999999,1.0,70176,70192
TwrBsMyt,1901.7618000000002,62399.220700000005,1.0,70253,70279
TwrBsMyt,2135.0039000000033,61479.19725,1.0,70307,70333
TwrBsMyt,2929.4375,61429.93355,1.0,70361,70390
TwrBsMyt,2158.593799999995,59996.253899999996,1.0,70421,70447
TwrBsMyt,312.97269999999844,58741.49805,1.0,70477,70490
TwrBsMyt,9099.710900000005,61304.589850000004,1.0,70032,70211
TwrBsMyt,1461.5156999999963,58433.035149999996,1.0,70554,70576
TwrBsMyt,1786.2813000000024,61082.66405,1.0,70608,70632
TwrBsMyt,1718.9063000000024,61778.03905,1.0,70695,70721
TwrBsMyt,60.816399999996065,59268.3379,1.0,70757,70765
TwrBsMyt,8954.734400000001,60054.8867,1.0,70523,70664
TwrBsMyt,3737.839899999999,55935.310549999995,1.0,70801,70828
TwrBsMyt,2278.218799999995,56157.746100000004,1.0,70886,70911
TwrBsMyt,1880.8633000000045,57140.330050000004,1.0,70940,70964
TwrBsMyt,1447.5819999999949,57538.1348,1.0,71019,71041
TwrBsMyt,3051.4609000000055,56201.78125,1.0,71070,71095
TwrBsMyt,5209.285199999998,56520.1699,1.0,70857,70994
TwrBsMyt,433.2422000000006,58203.69530000001,1.0,71209,71229
TwrBsMyt,1593.75,57679.4961,1.0,71183,71248
TwrBsMyt,966.9179999999978,54642.8379,1.0,71286,71306
TwrBsMyt,5308.863299999997,56321.24805,1.0,71124,71157
TwrBsMyt,19004.843699999998,58644.21875,1.0,69538,69711
TwrBsMyt,630.4141000000018,48764.89065,1.0,71349,71366
TwrBsMyt,1332.566399999996,48255.877,1.0,71420,71443
TwrBsMyt,772.4882999999973,52485.43945,1.0,71486,71507
TwrBsMyt,559.0390000000043,48563.1875,1.0,71612,71631
TwrBsMyt,6524.093700000005,50512.347649999996,1.0,71394,71561
TwrBsMyt,1715.2381999999998,46712.3379,1.0,71692,71716
TwrBsMyt,966.8671000000031,50388.09375,1.0,71755,71777
TwrBsMyt,583.9687999999951,49560.1133,1.0,71830,71850
TwrBsMyt,5217.7265999999945,48355.9375,1.0,71665,71800
TwrBsMyt,515.6327999999994,45342.6602,1.0,71893,71910
TwrBsMyt,1172.4258000000045,44843.6465,1.0,71977,72000
TwrBsMyt,520.5547000000006,47478.800749999995,1.0,72062,72082
TwrBsMyt,1499.9648000000016,47183.416,1.0,72107,72132
TwrBsMyt,836.9921000000031,43706.21875,1.0,72167,72186
TwrBsMyt,5345.578099999999,45387.80075,1.0,71943,72039
TwrBsMyt,665.0117000000027,41561.94335,1.0,72243,72261
TwrBsMyt,1323.7460999999967,43169.982449999996,1.0,72293,72314
TwrBsMyt,2501.6092999999964,46306.09375,1.0,72349,72374
TwrBsMyt,659.8164000000033,45002.716799999995,1.0,72439,72458
TwrBsMyt,59.195299999999406,42908.117150000005,1.0,72493,72502
TwrBsMyt,1373.406299999995,42732.58205,1.0,72564,72587
TwrBsMyt,697.6835999999967,47189.279299999995,1.0,72626,72643
TwrBsMyt,7826.695299999999,45120.824250000005,1.0,72405,72534
TwrBsMyt,1608.9297000000006,49313.08594999999,1.0,72702,72728
TwrBsMyt,9629.488299999997,45479.19335,1.0,72220,72676
TwrBsMyt,188.70320000000356,41143.25,1.0,72920,72934
TwrBsMyt,214.83209999999963,47016.93165,1.0,72980,72992
TwrBsMyt,488.5936999999976,47390.89845,1.0,73062,73079
TwrBsMyt,299.3125,45217.93355,1.0,73114,73129
TwrBsMyt,47.875,43697.4922,1.0,73164,73172
TwrBsMyt,728.4961000000039,42946.51365,1.0,73244,73264
TwrBsMyt,861.847600000001,45574.51760000001,1.0,73299,73319
TwrBsMyt,1560.0780999999988,47717.53905,1.0,73353,73377
TwrBsMyt,2032.9844000000012,47957.125,1.0,73405,73432
TwrBsMyt,178.4687999999951,45710.5117,1.0,73503,73521
TwrBsMyt,200.84760000000097,45654.533200000005,1.0,73544,73563
TwrBsMyt,4308.0,47552.6875,1.0,73462,73582
TwrBsMyt,9894.7578,45461.230500000005,1.0,73028,73210
TwrBsMyt,256.6756999999998,50651.939450000005,1.0,73631,73644
TwrBsMyt,423.48049999999785,54574.185549999995,1.0,73684,73699
TwrBsMyt,730.6875,57200.13675,1.0,73760,73780
TwrBsMyt,2975.125,47812.9648,1.0,73869,73896
TwrBsMyt,12458.722600000001,51996.9629,1.0,73735,73928
TwrBsMyt,57.47269999999844,53395.82225,1.0,74425,74435
TwrBsMyt,1370.027399999999,51305.291,1.0,74475,74504
TwrBsMyt,6585.5,53479.0625,1.0,74377,74533
TwrBsMyt,2052.707000000002,53904.1504,1.0,74697,74722
TwrBsMyt,1624.9882999999973,51418.56835,1.0,74757,74785
TwrBsMyt,262.16010000000097,52434.67385000001,1.0,74853,74868
TwrBsMyt,153.16019999999844,55171.4121,1.0,74908,74920
TwrBsMyt,717.3633000000045,55228.17775,1.0,74987,75009
TwrBsMyt,192.21089999999822,52300.300749999995,1.0,75053,75069
TwrBsMyt,1269.25,52009.6445,1.0,75097,75124
TwrBsMyt,6392.023399999998,53690.1758,1.0,74816,74954
TwrBsMyt,7491.136700000003,54235.73635,1.0,74661,75154
TwrBsMyt,201.625,58141.9414,1.0,75273,75296
TwrBsMyt,558.0780999999988,56855.85935,1.0,75403,75437
TwrBsMyt,3150.1876000000047,57175.625,1.0,75319,75356
TwrBsMyt,1439.4414000000033,59032.408200000005,1.0,75482,75508
TwrBsMyt,593.726499999997,53482.535149999996,1.0,75576,75593
TwrBsMyt,371.35549999999785,57285.705050000004,1.0,75712,75724
TwrBsMyt,10404.472699999998,54606.25585,1.0,75532,75630
TwrBsMyt,13103.976500000004,53730.58595,1.0,74073,74241
TwrBsMyt,2110.527399999999,63644.666,1.0,75764,75787
TwrBsMyt,210.35929999999644,61512.21875,1.0,75853,75864
TwrBsMyt,719.0547000000006,55268.824250000005,1.0,75907,75924
TwrBsMyt,2269.8827999999994,53190.3633,1.0,75983,76010
TwrBsMyt,1492.5391000000018,56195.550749999995,1.0,76045,76067
TwrBsMyt,130.0859000000055,56442.46095,1.0,76210,76223
TwrBsMyt,749.2109999999957,56424.6172,1.0,76164,76188
TwrBsMyt,190.8906000000061,59068.253899999996,1.0,76268,76283
TwrBsMyt,3724.75,57725.4453,1.0,76101,76138
TwrBsMyt,15.253899999996065,61856.95115,1.0,76404,76411
TwrBsMyt,39.269500000002154,61014.560549999995,1.0,76584,76592
TwrBsMyt,2582.8672000000006,59858.38280000001,1.0,76521,76551
TwrBsMyt,771.8476999999984,61911.04885,1.0,76622,76645
TwrBsMyt,1500.464899999999,61499.11135000001,1.0,76700,76728
TwrBsMyt,1744.093700000005,61476.597649999996,1.0,76668,76753
TwrBsMyt,5561.0116999999955,60735.30275,1.0,76360,76488
TwrBsMyt,1168.7969000000012,63980.51955,1.0,76791,76816
TwrBsMyt,14665.042999999998,59329.3379,1.0,75816,75956
TwrBsMyt,675.9101999999984,62952.9551,1.0,77044,77064
TwrBsMyt,851.9570000000022,63874.7754,1.0,77094,77114
TwrBsMyt,7763.273499999996,64989.46485,1.0,76893,77015
TwrBsMyt,2598.6328000000067,68120.74609999999,1.0,77151,77175
TwrBsMyt,30828.484300000004,54287.28125,1.0,68323,72878
TwrBsMyt,451.88279999999213,66815.8242,1.0,77238,77252
TwrBsMyt,1330.5430000000051,63783.8301,1.0,77339,77360
TwrBsMyt,2836.753899999996,64236.90425,1.0,77286,77313
TwrBsMyt,3525.3672000000006,65259.9102,1.0,77416,77443
TwrBsMyt,688.8007999999973,63907.9473,1.0,77503,77523
TwrBsMyt,4183.906200000005,65149.17970000001,1.0,77472,77550
TwrBsMyt,1693.3515999999945,67722.5664,1.0,77628,77651
TwrBsMyt,8256.187500000007,66568.91405,1.0,77205,77384
TwrBsMyt,2696.171900000001,71802.42185000001,1.0,77686,77711
TwrBsMyt,35025.6289,55803.982449999996,1.0,65039,67674
TwrBsMyt,1201.148399999991,71232.168,1.0,77828,77848
TwrBsMyt,3585.218799999988,72085.94529999999,1.0,77772,77799
TwrBsMyt,3298.507799999992,69670.0117,1.0,77878,77904
TwrBsMyt,4133.742199999993,70094.06640000001,1.0,77961,77986
TwrBsMyt,1647.8280999999988,71370.08595000001,1.0,78100,78120
TwrBsMyt,5386.4375,71780.40625,1.0,78044,78072
TwrBsMyt,8479.218799999988,70946.42970000001,1.0,77932,78016
TwrBsMyt,4240.781299999988,68687.89845000001,1.0,78150,78174
TwrBsMyt,3559.546899999994,65667.82815,1.0,78204,78228
TwrBsMyt,3690.2539000000033,64327.607449999996,1.0,78256,78281
TwrBsMyt,4111.929699999993,61538.96875,1.0,78311,78336
TwrBsMyt,2901.9570999999996,57879.13475,1.0,78367,78390
TwrBsMyt,2683.8164000000033,52526.013699999996,1.0,78425,78449
TwrBsMyt,656.8867000000027,47597.56445,1.0,78489,78509
TwrBsMyt,136.36330000000453,44927.669949999996,1.0,78553,78567
TwrBsMyt,690.5937999999951,46085.8633,1.0,78680,78700
TwrBsMyt,1442.2734999999957,45806.84375,1.0,78654,78721
TwrBsMyt,2976.476600000002,46322.105500000005,1.0,78584,78621
TwrBsMyt,3294.234400000001,43471.3008,1.0,78756,78783
TwrBsMyt,393.10549999999785,45342.564450000005,1.0,78849,78866
TwrBsMyt,10.554700000000594,43915.160149999996,1.0,78981,78986
TwrBsMyt,2667.691399999996,44640.7949,1.0,78920,78949
TwrBsMyt,2320.980499999998,43269.001950000005,1.0,79051,79080
TwrBsMyt,4248.546900000001,43893.26955,1.0,78888,79020
TwrBsMyt,898.6210999999967,47447.25975,1.0,79154,79180
TwrBsMyt,738.1680000000051,47828.8574,1.0,79313,79343
TwrBsMyt,2147.4452999999994,48214.886750000005,1.0,79216,79278
TwrBsMyt,486.97260000000097,51615.216799999995,1.0,79400,79423
TwrBsMyt,1414.9023000000016,52228.49415,1.0,79497,79522
TwrBsMyt,1220.3280999999988,50563.25785,1.0,79587,79626
TwrBsMyt,4556.039000000004,51359.75,1.0,79462,79557
TwrBsMyt,6669.972600000001,55097.33010000001,1.0,79780,79922
TwrBsMyt,128.71870000001218,65856.64845000001,1.0,80058,80070
TwrBsMyt,718.8280999999988,67163.76564999999,1.0,80209,80230
TwrBsMyt,3678.3671999999933,68319.7695,1.0,80125,80187
TwrBsMyt,700.5077999999921,69389.1523,1.0,80344,80366
TwrBsMyt,508.94919999999547,60195.584,1.0,80479,80498
TwrBsMyt,2620.6952999999994,63618.652350000004,1.0,80535,80560
TwrBsMyt,2366.843700000012,67578.35154999999,1.0,80595,80620
TwrBsMyt,202.0390000000043,67716.75390000001,1.0,80678,80690
TwrBsMyt,3302.101600000002,65574.043,1.0,80724,80752
TwrBsMyt,2966.484399999994,64842.875,1.0,80809,80834
TwrBsMyt,4395.789100000002,66166.52735,1.0,80864,80891
TwrBsMyt,699.1914000000033,65029.076199999996,1.0,80998,81018
TwrBsMyt,2004.5195000000022,65122.06835,1.0,80974,81043
TwrBsMyt,2263.9883000000045,66469.63865000001,1.0,81075,81098
TwrBsMyt,5079.042999999998,65948.2129,1.0,80918,80948
TwrBsMyt,7364.292900000008,66284.31445,1.0,80649,80782
TwrBsMyt,11433.656200000005,65588.6328,1.0,80310,80459
TwrBsMyt,5221.390599999999,70282.61720000001,1.0,81131,81158
TwrBsMyt,1618.0780999999988,67985.08595000001,1.0,81273,81295
TwrBsMyt,4880.921900000001,69511.07814999999,1.0,81215,81242
TwrBsMyt,1639.0508000000045,65922.16990000001,1.0,81327,81350
TwrBsMyt,2479.160100000001,66362.82615,1.0,81407,81433
TwrBsMyt,1799.3594000000012,67101.76560000001,1.0,81461,81484
TwrBsMyt,2858.9140999999945,69977.77735,1.0,81519,81548
TwrBsMyt,664.4219000000012,67442.66404999999,1.0,81620,81639
TwrBsMyt,7568.941400000003,68518.2402,1.0,81377,81581
TwrBsMyt,71.71480000000156,62142.2871,1.0,81724,81736
TwrBsMyt,1211.847600000001,62368.291,1.0,81767,81795
TwrBsMyt,1643.8476999999984,61079.07225,1.0,81830,81855
TwrBsMyt,1547.711000000003,58939.3867,1.0,81891,81922
TwrBsMyt,158.16799999999785,57225.9004,1.0,82023,82043
TwrBsMyt,1421.2655999999988,56802.4258,1.0,81967,82001
TwrBsMyt,1337.4375,46199.37105,1.0,82267,82294
TwrBsMyt,310.6172000000006,44317.331999999995,1.0,82335,82354
TwrBsMyt,31440.7734,57257.144499999995,1.0,78813,81185
TwrBsMyt,1376.7773000000016,40144.54885,1.0,82398,82421
TwrBsMyt,79.23050000000512,36644.57615,1.0,82468,82478
TwrBsMyt,944.148500000003,35513.785149999996,1.0,82515,82538
TwrBsMyt,571.9960999999967,33994.087849999996,1.0,82570,82591
TwrBsMyt,975.3007000000034,33087.86915,1.0,82660,82689
TwrBsMyt,45.14059999999881,32993.1172,1.0,82760,82772
TwrBsMyt,166.08200000000215,32676.9902,1.0,82802,82826
TwrBsMyt,2680.023399999998,32811.1367,1.0,82627,82723
TwrBsMyt,1203.2246000000014,30587.54,1.0,82883,82918
TwrBsMyt,2337.8339000000014,30626.014649999997,1.0,82991,83021
TwrBsMyt,560.6172000000042,32700.8281,1.0,83058,83077
TwrBsMyt,533.5077999999994,34608.753899999996,1.0,83116,83143
TwrBsMyt,2660.2148000000016,35979.7051,1.0,83190,83222
TwrBsMyt,972.6405999999988,36467.875,1.0,83382,83409
TwrBsMyt,2038.8476999999984,36878.82225,1.0,83318,83432
TwrBsMyt,3554.75,36401.3867,1.0,83255,83285
TwrBsMyt,3085.0,35777.6094,1.0,83494,83522
TwrBsMyt,2488.519500000002,36899.060549999995,1.0,83583,83609
TwrBsMyt,1121.5233999999982,37825.4258,1.0,83639,83661
TwrBsMyt,4951.296900000001,36368.97655,1.0,83462,83551
TwrBsMyt,51.82419999999547,39631.3535,1.0,83695,83703
TwrBsMyt,2080.7148000000016,41863.9824,1.0,83740,83765
TwrBsMyt,3711.1133000000045,43096.732449999996,1.0,83796,83824
TwrBsMyt,3136.2226999999984,44807.93165,1.0,83856,83882
TwrBsMyt,2303.4452999999994,46478.738249999995,1.0,83913,83938
TwrBsMyt,463.13290000000416,48509.652350000004,1.0,83970,83985
TwrBsMyt,2378.015600000006,49819.183600000004,1.0,84045,84071
TwrBsMyt,2351.027399999999,48704.0371,1.0,84130,84155
TwrBsMyt,4413.367200000001,49159.80469999999,1.0,84017,84103
TwrBsMyt,2391.4960999999967,51653.69725,1.0,84188,84210
TwrBsMyt,810.8085999999967,56007.423800000004,1.0,84245,84261
TwrBsMyt,2676.6640999999945,57617.77345,1.0,84319,84344
TwrBsMyt,2012.0780999999988,56093.98045,1.0,84405,84428
TwrBsMyt,1503.1991999999955,58069.4785,1.0,84459,84480
TwrBsMyt,6630.8554,56188.4043,1.0,84292,84376
TwrBsMyt,2253.976600000002,61810.8242,1.0,84514,84537
TwrBsMyt,1377.0936999999976,62166.83595,1.0,84594,84614
TwrBsMyt,3104.3984000000055,60522.75,1.0,84678,84703
TwrBsMyt,2666.144499999995,63095.26365,1.0,84734,84756
TwrBsMyt,8994.468700000005,60420.16795,1.0,84566,84648
TwrBsMyt,2798.5976000000082,65650.3496,1.0,84816,84840
TwrBsMyt,1279.3632999999973,63457.13865,1.0,84870,84888
TwrBsMyt,3322.8632,59322.0996,1.0,84977,85003
TwrBsMyt,2532.2695999999996,58723.7129,1.0,85031,85056
TwrBsMyt,5233.003899999996,59602.86915,1.0,84922,84950
TwrBsMyt,953.0507999999973,53956.9473,1.0,85092,85109
TwrBsMyt,953.8866999999955,44139.74025,1.0,85222,85243
TwrBsMyt,1745.5625,43995.69925,1.0,85266,85290
TwrBsMyt,636.5702999999994,45213.785149999996,1.0,85354,85372
TwrBsMyt,5247.328199999996,45519.691399999996,1.0,85197,85324
TwrBsMyt,118.94139999999607,41626.5527,1.0,85415,85426
TwrBsMyt,2030.4844000000012,39767.1484,1.0,85462,85495
TwrBsMyt,2536.3125,38140.92965,1.0,85538,85572
TwrBsMyt,1259.7616999999955,33902.392550000004,1.0,85702,85732
TwrBsMyt,1293.8554000000004,35964.0918,1.0,85794,85817
TwrBsMyt,3867.835899999998,38033.847649999996,1.0,85853,85886
TwrBsMyt,1904.4140999999945,39429.03905,1.0,85922,85951
TwrBsMyt,267.8827999999994,42821.80469999999,1.0,86016,86035
TwrBsMyt,861.9218999999939,44047.214850000004,1.0,86095,86119
TwrBsMyt,28.51169999999547,41238.650349999996,1.0,86166,86173
TwrBsMyt,4597.472699999998,42231.38475,1.0,86071,86211
TwrBsMyt,49283.8496,53322.9346,0.5,38965,64142
TwrBsMyt,47169.06050000001,52265.54005,0.5,64142,77742
TwrBsMyt,46580.24020000001,52559.95020000001,0.5,77742,82957
TwrBsMyt,38724.1074,48631.883799999996,0.5,82957,84789
TwrBsMyt,34795.3711,50596.251950000005,0.5,84789,85758
TwrBsMyt,21959.581999999995,44178.3574,0.5,85758,86400
