solid OpenSCAD_Model
  facet normal 1 -0 0
    outer loop
      vertex 50 -34 18.8
      vertex 50 34 0
      vertex 50 34 18.8
    endloop
  endfacet
  facet normal 1 0 0
    outer loop
      vertex 50 34 0
      vertex 50 -34 18.8
      vertex 50 -34 0
    endloop
  endfacet
  facet normal 0 0 1
    outer loop
      vertex -43 -4.5 18.8
      vertex -49 -4.5 18.8
      vertex -43 -27 18.8
    endloop
  endfacet
  facet normal 0 0 1
    outer loop
      vertex 50 34 18.8
      vertex 43 27 18.8
      vertex 50 -34 18.8
    endloop
  endfacet
  facet normal 0 0 1
    outer loop
      vertex 50 34 18.8
      vertex -43 27 18.8
      vertex 43 27 18.8
    endloop
  endfacet
  facet normal 0 0 1
    outer loop
      vertex -43 27 18.8
      vertex -49 4.5 18.8
      vertex -43 4.5 18.8
    endloop
  endfacet
  facet normal 0 0 1
    outer loop
      vertex -49 4.5 18.8
      vertex -50 34 18.8
      vertex -49 -4.5 18.8
    endloop
  endfacet
  facet normal 0 0 1
    outer loop
      vertex -43 27 18.8
      vertex -50 34 18.8
      vertex -49 4.5 18.8
    endloop
  endfacet
  facet normal -0 0 1
    outer loop
      vertex -50 34 18.8
      vertex -43 27 18.8
      vertex 50 34 18.8
    endloop
  endfacet
  facet normal -0 0 1
    outer loop
      vertex 43 -27 18.8
      vertex 50 -34 18.8
      vertex 43 27 18.8
    endloop
  endfacet
  facet normal -0 0 1
    outer loop
      vertex -43 -27 18.8
      vertex 50 -34 18.8
      vertex 43 -27 18.8
    endloop
  endfacet
  facet normal 0 0 1
    outer loop
      vertex -43 -27 18.8
      vertex -50 -34 18.8
      vertex 50 -34 18.8
    endloop
  endfacet
  facet normal 0 0 1
    outer loop
      vertex -49 -4.5 18.8
      vertex -50 -34 18.8
      vertex -43 -27 18.8
    endloop
  endfacet
  facet normal 0 0 1
    outer loop
      vertex -50 -34 18.8
      vertex -49 -4.5 18.8
      vertex -50 34 18.8
    endloop
  endfacet
  facet normal 0 0 -1
    outer loop
      vertex 41.5 -11.5 0
      vertex 50 -34 0
      vertex 41.5 -20.5 0
    endloop
  endfacet
  facet normal 0 0 -1
    outer loop
      vertex 50 -34 0
      vertex 24.5 -20.5 0
      vertex 41.5 -20.5 0
    endloop
  endfacet
  facet normal 0 0 -1
    outer loop
      vertex 24.5 -20.5 0
      vertex -29 -4.5 0
      vertex 24.5 -11.5 0
    endloop
  endfacet
  facet normal 0 0 -1
    outer loop
      vertex -50 -34 0
      vertex 24.5 -20.5 0
      vertex 50 -34 0
    endloop
  endfacet
  facet normal -0 0 -1
    outer loop
      vertex 24.5 -20.5 0
      vertex -50 -34 0
      vertex -29 -4.5 0
    endloop
  endfacet
  facet normal -0 0 -1
    outer loop
      vertex -49 -4.5 0
      vertex -50 -34 0
      vertex -49 4.5 0
    endloop
  endfacet
  facet normal -0 0 -1
    outer loop
      vertex -29 -4.5 0
      vertex -50 -34 0
      vertex -49 -4.5 0
    endloop
  endfacet
  facet normal 0 0 -1
    outer loop
      vertex 50 -34 0
      vertex 41.5 -11.5 0
      vertex 50 34 0
    endloop
  endfacet
  facet normal 0 0 -1
    outer loop
      vertex 24.5 -11.5 0
      vertex 50 34 0
      vertex 41.5 -11.5 0
    endloop
  endfacet
  facet normal 0 0 -1
    outer loop
      vertex -29 4.5 0
      vertex 24.5 -11.5 0
      vertex -29 -4.5 0
    endloop
  endfacet
  facet normal 0 0 -1
    outer loop
      vertex 24.5 -11.5 0
      vertex -29 4.5 0
      vertex 50 34 0
    endloop
  endfacet
  facet normal 0 0 -1
    outer loop
      vertex -50 34 0
      vertex -29 4.5 0
      vertex -49 4.5 0
    endloop
  endfacet
  facet normal 0 0 -1
    outer loop
      vertex -29 4.5 0
      vertex -50 34 0
      vertex 50 34 0
    endloop
  endfacet
  facet normal 0 0 -1
    outer loop
      vertex -50 34 0
      vertex -49 4.5 0
      vertex -50 -34 0
    endloop
  endfacet
  facet normal -1 0 0
    outer loop
      vertex -50 -34 0
      vertex -50 34 18.8
      vertex -50 34 0
    endloop
  endfacet
  facet normal -1 -0 0
    outer loop
      vertex -50 34 18.8
      vertex -50 -34 0
      vertex -50 -34 18.8
    endloop
  endfacet
  facet normal 0 1 -0
    outer loop
      vertex 50 34 0
      vertex -50 34 18.8
      vertex 50 34 18.8
    endloop
  endfacet
  facet normal 0 1 0
    outer loop
      vertex -50 34 18.8
      vertex 50 34 0
      vertex -50 34 0
    endloop
  endfacet
  facet normal 0 -1 0
    outer loop
      vertex -50 -34 0
      vertex 50 -34 18.8
      vertex -50 -34 18.8
    endloop
  endfacet
  facet normal 0 -1 -0
    outer loop
      vertex 50 -34 18.8
      vertex -50 -34 0
      vertex 50 -34 0
    endloop
  endfacet
  facet normal -1 0 0
    outer loop
      vertex 43 -27 3
      vertex 43 27 18.8
      vertex 43 27 3
    endloop
  endfacet
  facet normal -1 -0 0
    outer loop
      vertex 43 27 18.8
      vertex 43 -27 3
      vertex 43 -27 18.8
    endloop
  endfacet
  facet normal 0 0 1
    outer loop
      vertex 24.5 -20.5 3
      vertex -32.3377 -21.6393 3
      vertex -32.32 -22 3
    endloop
  endfacet
  facet normal 0 0 1
    outer loop
      vertex -29 -4.5 3
      vertex -32.3907 -21.2821 3
      vertex -32.3377 -21.6393 3
    endloop
  endfacet
  facet normal 0 0 1
    outer loop
      vertex -29 -4.5 3
      vertex -32.4785 -20.9318 3
      vertex -32.3907 -21.2821 3
    endloop
  endfacet
  facet normal 0 0 1
    outer loop
      vertex -29 -4.5 3
      vertex -32.6001 -20.5917 3
      vertex -32.4785 -20.9318 3
    endloop
  endfacet
  facet normal 0 0 1
    outer loop
      vertex -29 -4.5 3
      vertex -32.7545 -20.2653 3
      vertex -32.6001 -20.5917 3
    endloop
  endfacet
  facet normal 0 0 1
    outer loop
      vertex -29 -4.5 3
      vertex -32.9402 -19.9555 3
      vertex -32.7545 -20.2653 3
    endloop
  endfacet
  facet normal 0 0 1
    outer loop
      vertex -29 -4.5 3
      vertex -33.1553 -19.6654 3
      vertex -32.9402 -19.9555 3
    endloop
  endfacet
  facet normal 0 0 1
    outer loop
      vertex -29 -4.5 3
      vertex -33.3978 -19.3978 3
      vertex -33.1553 -19.6654 3
    endloop
  endfacet
  facet normal 0 0 1
    outer loop
      vertex -29 -4.5 3
      vertex -33.6654 -19.1553 3
      vertex -33.3978 -19.3978 3
    endloop
  endfacet
  facet normal 0 0 1
    outer loop
      vertex -29 -4.5 3
      vertex -33.9555 -18.9402 3
      vertex -33.6654 -19.1553 3
    endloop
  endfacet
  facet normal 0 0 1
    outer loop
      vertex -29 -4.5 3
      vertex -34.2653 -18.7545 3
      vertex -33.9555 -18.9402 3
    endloop
  endfacet
  facet normal 0 0 1
    outer loop
      vertex -29 -4.5 3
      vertex -34.5917 -18.6001 3
      vertex -34.2653 -18.7545 3
    endloop
  endfacet
  facet normal 0 0 1
    outer loop
      vertex -29 -4.5 3
      vertex -34.9318 -18.4785 3
      vertex -34.5917 -18.6001 3
    endloop
  endfacet
  facet normal 0 0 1
    outer loop
      vertex -29 -4.5 3
      vertex -35.2821 -18.3907 3
      vertex -34.9318 -18.4785 3
    endloop
  endfacet
  facet normal 0 0 1
    outer loop
      vertex -29 -4.5 3
      vertex -35.6393 -18.3377 3
      vertex -35.2821 -18.3907 3
    endloop
  endfacet
  facet normal 0 0 1
    outer loop
      vertex -29 -4.5 3
      vertex -36 -18.32 3
      vertex -35.6393 -18.3377 3
    endloop
  endfacet
  facet normal -0 0 1
    outer loop
      vertex -43 -4.5 3
      vertex -36 -18.32 3
      vertex -29 -4.5 3
    endloop
  endfacet
  facet normal 0 0 1
    outer loop
      vertex -36 -18.32 3
      vertex -43 -4.5 3
      vertex -36.3607 -18.3377 3
    endloop
  endfacet
  facet normal 0 0 1
    outer loop
      vertex -36.3607 -18.3377 3
      vertex -43 -4.5 3
      vertex -36.7179 -18.3907 3
    endloop
  endfacet
  facet normal 0 0 1
    outer loop
      vertex -36.7179 -18.3907 3
      vertex -43 -4.5 3
      vertex -37.0682 -18.4785 3
    endloop
  endfacet
  facet normal 0 0 1
    outer loop
      vertex -37.0682 -18.4785 3
      vertex -43 -4.5 3
      vertex -37.4083 -18.6001 3
    endloop
  endfacet
  facet normal 0 0 1
    outer loop
      vertex -37.4083 -18.6001 3
      vertex -43 -4.5 3
      vertex -37.7347 -18.7545 3
    endloop
  endfacet
  facet normal 0 0 1
    outer loop
      vertex -37.7347 -18.7545 3
      vertex -43 -4.5 3
      vertex -38.0445 -18.9402 3
    endloop
  endfacet
  facet normal 0 0 1
    outer loop
      vertex -38.0445 -18.9402 3
      vertex -43 -4.5 3
      vertex -38.3346 -19.1553 3
    endloop
  endfacet
  facet normal 0 0 1
    outer loop
      vertex -38.3346 -19.1553 3
      vertex -43 -4.5 3
      vertex -38.6022 -19.3978 3
    endloop
  endfacet
  facet normal 0 0 1
    outer loop
      vertex -38.6022 -19.3978 3
      vertex -43 -4.5 3
      vertex -38.8447 -19.6654 3
    endloop
  endfacet
  facet normal 0 0 1
    outer loop
      vertex -39.6093 -21.2821 3
      vertex -43 -27 3
      vertex -39.6623 -21.6393 3
    endloop
  endfacet
  facet normal 0 0 1
    outer loop
      vertex -39.5215 -20.9318 3
      vertex -43 -27 3
      vertex -39.6093 -21.2821 3
    endloop
  endfacet
  facet normal 0 0 1
    outer loop
      vertex -43 -27 3
      vertex -39.5215 -20.9318 3
      vertex -43 -4.5 3
    endloop
  endfacet
  facet normal 0 0 1
    outer loop
      vertex -39.3999 -20.5917 3
      vertex -43 -4.5 3
      vertex -39.5215 -20.9318 3
    endloop
  endfacet
  facet normal 0 0 1
    outer loop
      vertex -39.2455 -20.2653 3
      vertex -43 -4.5 3
      vertex -39.3999 -20.5917 3
    endloop
  endfacet
  facet normal 0 0 1
    outer loop
      vertex -39.0598 -19.9555 3
      vertex -43 -4.5 3
      vertex -39.2455 -20.2653 3
    endloop
  endfacet
  facet normal 0 0 1
    outer loop
      vertex -38.8447 -19.6654 3
      vertex -43 -4.5 3
      vertex -39.0598 -19.9555 3
    endloop
  endfacet
  facet normal 0 0 1
    outer loop
      vertex 32.3377 -21.6393 3
      vertex 24.5 -20.5 3
      vertex 32.32 -22 3
    endloop
  endfacet
  facet normal 0 0 1
    outer loop
      vertex 32.3907 -21.2821 3
      vertex 24.5 -20.5 3
      vertex 32.3377 -21.6393 3
    endloop
  endfacet
  facet normal 0 0 1
    outer loop
      vertex 32.4785 -20.9318 3
      vertex 24.5 -20.5 3
      vertex 32.3907 -21.2821 3
    endloop
  endfacet
  facet normal 0 0 1
    outer loop
      vertex 32.6001 -20.5917 3
      vertex 24.5 -20.5 3
      vertex 32.4785 -20.9318 3
    endloop
  endfacet
  facet normal -0 0 1
    outer loop
      vertex 24.5 -20.5 3
      vertex 32.6001 -20.5917 3
      vertex 32.6435 -20.5 3
    endloop
  endfacet
  facet normal 0 0 1
    outer loop
      vertex 41.5 -20.5 3
      vertex 39.6623 -21.6393 3
      vertex 39.68 -22 3
    endloop
  endfacet
  facet normal 0 0 1
    outer loop
      vertex 41.5 -20.5 3
      vertex 39.6093 -21.2821 3
      vertex 39.6623 -21.6393 3
    endloop
  endfacet
  facet normal 0 0 1
    outer loop
      vertex 41.5 -20.5 3
      vertex 39.5215 -20.9318 3
      vertex 39.6093 -21.2821 3
    endloop
  endfacet
  facet normal 0 0 1
    outer loop
      vertex 41.5 -20.5 3
      vertex 39.3999 -20.5917 3
      vertex 39.5215 -20.9318 3
    endloop
  endfacet
  facet normal 0 -0 1
    outer loop
      vertex 39.3999 -20.5917 3
      vertex 41.5 -20.5 3
      vertex 39.3565 -20.5 3
    endloop
  endfacet
  facet normal 0 0 1
    outer loop
      vertex 43 27 3
      vertex 41.5 -11.5 3
      vertex 43 -27 3
    endloop
  endfacet
  facet normal 0 0 1
    outer loop
      vertex 39.6623 21.6393 3
      vertex 43 27 3
      vertex 39.68 22 3
    endloop
  endfacet
  facet normal 0 0 1
    outer loop
      vertex 43 27 3
      vertex 39.6623 22.3607 3
      vertex 39.68 22 3
    endloop
  endfacet
  facet normal 0 0 1
    outer loop
      vertex 43 27 3
      vertex 39.6093 22.7179 3
      vertex 39.6623 22.3607 3
    endloop
  endfacet
  facet normal 0 0 1
    outer loop
      vertex 43 27 3
      vertex 39.5215 23.0682 3
      vertex 39.6093 22.7179 3
    endloop
  endfacet
  facet normal 0 0 1
    outer loop
      vertex 43 27 3
      vertex 39.3999 23.4083 3
      vertex 39.5215 23.0682 3
    endloop
  endfacet
  facet normal 0 0 1
    outer loop
      vertex 43 27 3
      vertex 39.2455 23.7347 3
      vertex 39.3999 23.4083 3
    endloop
  endfacet
  facet normal 0 0 1
    outer loop
      vertex 43 27 3
      vertex 39.0598 24.0445 3
      vertex 39.2455 23.7347 3
    endloop
  endfacet
  facet normal 0 0 1
    outer loop
      vertex 43 27 3
      vertex 38.8447 24.3346 3
      vertex 39.0598 24.0445 3
    endloop
  endfacet
  facet normal 0 0 1
    outer loop
      vertex 43 27 3
      vertex 38.6022 24.6022 3
      vertex 38.8447 24.3346 3
    endloop
  endfacet
  facet normal 0 0 1
    outer loop
      vertex 43 27 3
      vertex 38.3346 24.8447 3
      vertex 38.6022 24.6022 3
    endloop
  endfacet
  facet normal 0 0 1
    outer loop
      vertex 43 27 3
      vertex 38.0445 25.0598 3
      vertex 38.3346 24.8447 3
    endloop
  endfacet
  facet normal 0 0 1
    outer loop
      vertex 43 27 3
      vertex 37.7347 25.2455 3
      vertex 38.0445 25.0598 3
    endloop
  endfacet
  facet normal 0 0 1
    outer loop
      vertex 43 27 3
      vertex 37.4083 25.3999 3
      vertex 37.7347 25.2455 3
    endloop
  endfacet
  facet normal 0 0 1
    outer loop
      vertex 43 27 3
      vertex 37.0682 25.5215 3
      vertex 37.4083 25.3999 3
    endloop
  endfacet
  facet normal 0 0 1
    outer loop
      vertex 43 27 3
      vertex 36.7179 25.6093 3
      vertex 37.0682 25.5215 3
    endloop
  endfacet
  facet normal 0 0 1
    outer loop
      vertex 43 27 3
      vertex 36.3607 25.6623 3
      vertex 36.7179 25.6093 3
    endloop
  endfacet
  facet normal 0 0 1
    outer loop
      vertex 43 27 3
      vertex 36 25.68 3
      vertex 36.3607 25.6623 3
    endloop
  endfacet
  facet normal 0 0 1
    outer loop
      vertex 43 27 3
      vertex 35.6393 25.6623 3
      vertex 36 25.68 3
    endloop
  endfacet
  facet normal 0 0 1
    outer loop
      vertex 43 27 3
      vertex 35.2821 25.6093 3
      vertex 35.6393 25.6623 3
    endloop
  endfacet
  facet normal 0 0 1
    outer loop
      vertex -32.32 22 3
      vertex 32.32 22 3
      vertex 32.3377 22.3607 3
    endloop
  endfacet
  facet normal 0 0 1
    outer loop
      vertex -32.3377 22.3607 3
      vertex 32.3377 22.3607 3
      vertex 32.3907 22.7179 3
    endloop
  endfacet
  facet normal -0 0 1
    outer loop
      vertex -29 -4.5 3
      vertex 24.5 -11.5 3
      vertex -29 4.5 3
    endloop
  endfacet
  facet normal 0 0 1
    outer loop
      vertex 32.32 22 3
      vertex -29 4.5 3
      vertex 24.5 -11.5 3
    endloop
  endfacet
  facet normal 0 0 1
    outer loop
      vertex -32.3907 22.7179 3
      vertex 32.3907 22.7179 3
      vertex 32.4785 23.0682 3
    endloop
  endfacet
  facet normal 0 0 1
    outer loop
      vertex -32.4785 23.0682 3
      vertex 32.4785 23.0682 3
      vertex 32.6001 23.4083 3
    endloop
  endfacet
  facet normal 0 0 1
    outer loop
      vertex -32.6001 23.4083 3
      vertex 32.6001 23.4083 3
      vertex 32.7545 23.7347 3
    endloop
  endfacet
  facet normal 0 0 1
    outer loop
      vertex -32.7545 23.7347 3
      vertex 32.7545 23.7347 3
      vertex 32.9402 24.0445 3
    endloop
  endfacet
  facet normal 0 0 1
    outer loop
      vertex -32.9402 24.0445 3
      vertex 32.9402 24.0445 3
      vertex 33.1553 24.3346 3
    endloop
  endfacet
  facet normal 0 0 1
    outer loop
      vertex -33.1553 24.3346 3
      vertex 33.1553 24.3346 3
      vertex 33.3978 24.6022 3
    endloop
  endfacet
  facet normal 0 0 1
    outer loop
      vertex -33.3978 24.6022 3
      vertex 33.3978 24.6022 3
      vertex 33.6654 24.8447 3
    endloop
  endfacet
  facet normal 0 0 1
    outer loop
      vertex -33.6654 24.8447 3
      vertex 33.6654 24.8447 3
      vertex 33.9555 25.0598 3
    endloop
  endfacet
  facet normal 0 0 1
    outer loop
      vertex -33.9555 25.0598 3
      vertex 33.9555 25.0598 3
      vertex 34.2653 25.2455 3
    endloop
  endfacet
  facet normal 0 0 1
    outer loop
      vertex -34.2653 25.2455 3
      vertex 34.2653 25.2455 3
      vertex 34.5917 25.3999 3
    endloop
  endfacet
  facet normal 0 0 1
    outer loop
      vertex -34.5917 25.3999 3
      vertex 34.5917 25.3999 3
      vertex 34.9318 25.5215 3
    endloop
  endfacet
  facet normal 0 0 1
    outer loop
      vertex 32.32 22 3
      vertex -32.32 22 3
      vertex -32.3377 21.6393 3
    endloop
  endfacet
  facet normal 0 0 1
    outer loop
      vertex -34.9318 25.5215 3
      vertex 34.9318 25.5215 3
      vertex 35.2821 25.6093 3
    endloop
  endfacet
  facet normal 0 0 1
    outer loop
      vertex -35.2821 25.6093 3
      vertex 35.2821 25.6093 3
      vertex 43 27 3
    endloop
  endfacet
  facet normal 0 0 1
    outer loop
      vertex 32.3377 22.3607 3
      vertex -32.3377 22.3607 3
      vertex -32.32 22 3
    endloop
  endfacet
  facet normal 0 0 1
    outer loop
      vertex 32.3907 22.7179 3
      vertex -32.3907 22.7179 3
      vertex -32.3377 22.3607 3
    endloop
  endfacet
  facet normal 0 0 1
    outer loop
      vertex 32.4785 23.0682 3
      vertex -32.4785 23.0682 3
      vertex -32.3907 22.7179 3
    endloop
  endfacet
  facet normal 0 0 1
    outer loop
      vertex 32.6001 23.4083 3
      vertex -32.6001 23.4083 3
      vertex -32.4785 23.0682 3
    endloop
  endfacet
  facet normal 0 0 1
    outer loop
      vertex 32.7545 23.7347 3
      vertex -32.7545 23.7347 3
      vertex -32.6001 23.4083 3
    endloop
  endfacet
  facet normal 0 0 1
    outer loop
      vertex 32.9402 24.0445 3
      vertex -32.9402 24.0445 3
      vertex -32.7545 23.7347 3
    endloop
  endfacet
  facet normal 0 0 1
    outer loop
      vertex 33.1553 24.3346 3
      vertex -33.1553 24.3346 3
      vertex -32.9402 24.0445 3
    endloop
  endfacet
  facet normal 0 0 1
    outer loop
      vertex 33.3978 24.6022 3
      vertex -33.3978 24.6022 3
      vertex -33.1553 24.3346 3
    endloop
  endfacet
  facet normal 0 0 1
    outer loop
      vertex 33.6654 24.8447 3
      vertex -33.6654 24.8447 3
      vertex -33.3978 24.6022 3
    endloop
  endfacet
  facet normal 0 0 1
    outer loop
      vertex 33.9555 25.0598 3
      vertex -33.9555 25.0598 3
      vertex -33.6654 24.8447 3
    endloop
  endfacet
  facet normal 0 0 1
    outer loop
      vertex 34.2653 25.2455 3
      vertex -34.2653 25.2455 3
      vertex -33.9555 25.0598 3
    endloop
  endfacet
  facet normal 0 0 1
    outer loop
      vertex 34.5917 25.3999 3
      vertex -34.5917 25.3999 3
      vertex -34.2653 25.2455 3
    endloop
  endfacet
  facet normal 0 0 1
    outer loop
      vertex 34.9318 25.5215 3
      vertex -34.9318 25.5215 3
      vertex -34.5917 25.3999 3
    endloop
  endfacet
  facet normal 0 0 1
    outer loop
      vertex 35.2821 25.6093 3
      vertex -35.2821 25.6093 3
      vertex -34.9318 25.5215 3
    endloop
  endfacet
  facet normal -0 0 1
    outer loop
      vertex -43 27 3
      vertex -35.2821 25.6093 3
      vertex 43 27 3
    endloop
  endfacet
  facet normal 0 0 1
    outer loop
      vertex -35.2821 25.6093 3
      vertex -43 27 3
      vertex -35.6393 25.6623 3
    endloop
  endfacet
  facet normal 0 0 1
    outer loop
      vertex -39.6623 22.3607 3
      vertex -43 27 3
      vertex -39.68 22 3
    endloop
  endfacet
  facet normal 0 0 1
    outer loop
      vertex -39.6093 22.7179 3
      vertex -43 27 3
      vertex -39.6623 22.3607 3
    endloop
  endfacet
  facet normal 0 0 1
    outer loop
      vertex -39.5215 23.0682 3
      vertex -43 27 3
      vertex -39.6093 22.7179 3
    endloop
  endfacet
  facet normal 0 0 1
    outer loop
      vertex -39.3999 23.4083 3
      vertex -43 27 3
      vertex -39.5215 23.0682 3
    endloop
  endfacet
  facet normal 0 0 1
    outer loop
      vertex -39.2455 23.7347 3
      vertex -43 27 3
      vertex -39.3999 23.4083 3
    endloop
  endfacet
  facet normal 0 0 1
    outer loop
      vertex -39.0598 24.0445 3
      vertex -43 27 3
      vertex -39.2455 23.7347 3
    endloop
  endfacet
  facet normal 0 0 1
    outer loop
      vertex -38.8447 24.3346 3
      vertex -43 27 3
      vertex -39.0598 24.0445 3
    endloop
  endfacet
  facet normal 0 0 1
    outer loop
      vertex -38.6022 24.6022 3
      vertex -43 27 3
      vertex -38.8447 24.3346 3
    endloop
  endfacet
  facet normal 0 0 1
    outer loop
      vertex -38.3346 24.8447 3
      vertex -43 27 3
      vertex -38.6022 24.6022 3
    endloop
  endfacet
  facet normal 0 0 1
    outer loop
      vertex -38.0445 25.0598 3
      vertex -43 27 3
      vertex -38.3346 24.8447 3
    endloop
  endfacet
  facet normal 0 0 1
    outer loop
      vertex -37.7347 25.2455 3
      vertex -43 27 3
      vertex -38.0445 25.0598 3
    endloop
  endfacet
  facet normal 0 0 1
    outer loop
      vertex -37.4083 25.3999 3
      vertex -43 27 3
      vertex -37.7347 25.2455 3
    endloop
  endfacet
  facet normal 0 0 1
    outer loop
      vertex -37.0682 25.5215 3
      vertex -43 27 3
      vertex -37.4083 25.3999 3
    endloop
  endfacet
  facet normal 0 0 1
    outer loop
      vertex -36.7179 25.6093 3
      vertex -43 27 3
      vertex -37.0682 25.5215 3
    endloop
  endfacet
  facet normal 0 0 1
    outer loop
      vertex -36.3607 25.6623 3
      vertex -43 27 3
      vertex -36.7179 25.6093 3
    endloop
  endfacet
  facet normal 0 0 1
    outer loop
      vertex -36 25.68 3
      vertex -43 27 3
      vertex -36.3607 25.6623 3
    endloop
  endfacet
  facet normal 0 0 1
    outer loop
      vertex -35.6393 25.6623 3
      vertex -43 27 3
      vertex -36 25.68 3
    endloop
  endfacet
  facet normal -0 0 1
    outer loop
      vertex 41.5 -20.5 3
      vertex 43 -27 3
      vertex 41.5 -11.5 3
    endloop
  endfacet
  facet normal 0 0 1
    outer loop
      vertex 39.6623 -22.3607 3
      vertex 41.5 -20.5 3
      vertex 39.68 -22 3
    endloop
  endfacet
  facet normal 0 0 1
    outer loop
      vertex 39.6093 -22.7179 3
      vertex 41.5 -20.5 3
      vertex 39.6623 -22.3607 3
    endloop
  endfacet
  facet normal 0 0 1
    outer loop
      vertex 41.5 -20.5 3
      vertex 39.6093 -22.7179 3
      vertex 43 -27 3
    endloop
  endfacet
  facet normal -0 0 1
    outer loop
      vertex 39.5215 -23.0682 3
      vertex 43 -27 3
      vertex 39.6093 -22.7179 3
    endloop
  endfacet
  facet normal -0 0 1
    outer loop
      vertex 39.3999 -23.4083 3
      vertex 43 -27 3
      vertex 39.5215 -23.0682 3
    endloop
  endfacet
  facet normal -0 0 1
    outer loop
      vertex 39.2455 -23.7347 3
      vertex 43 -27 3
      vertex 39.3999 -23.4083 3
    endloop
  endfacet
  facet normal -0 0 1
    outer loop
      vertex 39.0598 -24.0445 3
      vertex 43 -27 3
      vertex 39.2455 -23.7347 3
    endloop
  endfacet
  facet normal -0 0 1
    outer loop
      vertex 38.8447 -24.3346 3
      vertex 43 -27 3
      vertex 39.0598 -24.0445 3
    endloop
  endfacet
  facet normal -0 0 1
    outer loop
      vertex 38.6022 -24.6022 3
      vertex 43 -27 3
      vertex 38.8447 -24.3346 3
    endloop
  endfacet
  facet normal -0 0 1
    outer loop
      vertex 38.3346 -24.8447 3
      vertex 43 -27 3
      vertex 38.6022 -24.6022 3
    endloop
  endfacet
  facet normal -0 0 1
    outer loop
      vertex 38.0445 -25.0598 3
      vertex 43 -27 3
      vertex 38.3346 -24.8447 3
    endloop
  endfacet
  facet normal -0 0 1
    outer loop
      vertex 37.7347 -25.2455 3
      vertex 43 -27 3
      vertex 38.0445 -25.0598 3
    endloop
  endfacet
  facet normal -0 0 1
    outer loop
      vertex 37.4083 -25.3999 3
      vertex 43 -27 3
      vertex 37.7347 -25.2455 3
    endloop
  endfacet
  facet normal -0 0 1
    outer loop
      vertex 37.0682 -25.5215 3
      vertex 43 -27 3
      vertex 37.4083 -25.3999 3
    endloop
  endfacet
  facet normal -0 0 1
    outer loop
      vertex 36.7179 -25.6093 3
      vertex 43 -27 3
      vertex 37.0682 -25.5215 3
    endloop
  endfacet
  facet normal -0 0 1
    outer loop
      vertex 36.3607 -25.6623 3
      vertex 43 -27 3
      vertex 36.7179 -25.6093 3
    endloop
  endfacet
  facet normal -0 0 1
    outer loop
      vertex 36 -25.68 3
      vertex 43 -27 3
      vertex 36.3607 -25.6623 3
    endloop
  endfacet
  facet normal 0 0 1
    outer loop
      vertex 35.6393 -25.6623 3
      vertex 43 -27 3
      vertex 36 -25.68 3
    endloop
  endfacet
  facet normal 0 0 1
    outer loop
      vertex 35.2821 -25.6093 3
      vertex 43 -27 3
      vertex 35.6393 -25.6623 3
    endloop
  endfacet
  facet normal 0 0 1
    outer loop
      vertex 24.5 -20.5 3
      vertex 32.3377 -22.3607 3
      vertex 32.32 -22 3
    endloop
  endfacet
  facet normal 0 0 1
    outer loop
      vertex 24.5 -20.5 3
      vertex 32.3907 -22.7179 3
      vertex 32.3377 -22.3607 3
    endloop
  endfacet
  facet normal 0 0 1
    outer loop
      vertex 24.5 -20.5 3
      vertex 32.4785 -23.0682 3
      vertex 32.3907 -22.7179 3
    endloop
  endfacet
  facet normal 0 0 1
    outer loop
      vertex 24.5 -20.5 3
      vertex 32.6001 -23.4083 3
      vertex 32.4785 -23.0682 3
    endloop
  endfacet
  facet normal 0 0 1
    outer loop
      vertex 24.5 -20.5 3
      vertex 32.7545 -23.7347 3
      vertex 32.6001 -23.4083 3
    endloop
  endfacet
  facet normal 0 0 1
    outer loop
      vertex 24.5 -20.5 3
      vertex 32.9402 -24.0445 3
      vertex 32.7545 -23.7347 3
    endloop
  endfacet
  facet normal 0 0 1
    outer loop
      vertex 24.5 -20.5 3
      vertex 33.1553 -24.3346 3
      vertex 32.9402 -24.0445 3
    endloop
  endfacet
  facet normal 0 0 1
    outer loop
      vertex 24.5 -20.5 3
      vertex 33.3978 -24.6022 3
      vertex 33.1553 -24.3346 3
    endloop
  endfacet
  facet normal 0 0 1
    outer loop
      vertex 24.5 -20.5 3
      vertex 33.6654 -24.8447 3
      vertex 33.3978 -24.6022 3
    endloop
  endfacet
  facet normal 0 0 1
    outer loop
      vertex 24.5 -20.5 3
      vertex 33.9555 -25.0598 3
      vertex 33.6654 -24.8447 3
    endloop
  endfacet
  facet normal 0 0 1
    outer loop
      vertex 24.5 -20.5 3
      vertex 34.2653 -25.2455 3
      vertex 33.9555 -25.0598 3
    endloop
  endfacet
  facet normal 0 0 1
    outer loop
      vertex 24.5 -11.5 3
      vertex -29 -4.5 3
      vertex 24.5 -20.5 3
    endloop
  endfacet
  facet normal 0 0 1
    outer loop
      vertex -32.3377 -21.6393 3
      vertex 24.5 -20.5 3
      vertex -29 -4.5 3
    endloop
  endfacet
  facet normal 0 0 1
    outer loop
      vertex -32.3377 -22.3607 3
      vertex 24.5 -20.5 3
      vertex -32.32 -22 3
    endloop
  endfacet
  facet normal 0 0 1
    outer loop
      vertex -32.3907 -22.7179 3
      vertex 24.5 -20.5 3
      vertex -32.3377 -22.3607 3
    endloop
  endfacet
  facet normal 0 0 1
    outer loop
      vertex -32.4785 -23.0682 3
      vertex 24.5 -20.5 3
      vertex -32.3907 -22.7179 3
    endloop
  endfacet
  facet normal 0 0 1
    outer loop
      vertex -32.6001 -23.4083 3
      vertex 24.5 -20.5 3
      vertex -32.4785 -23.0682 3
    endloop
  endfacet
  facet normal 0 0 1
    outer loop
      vertex -32.7545 -23.7347 3
      vertex 24.5 -20.5 3
      vertex -32.6001 -23.4083 3
    endloop
  endfacet
  facet normal 0 0 1
    outer loop
      vertex -32.9402 -24.0445 3
      vertex 24.5 -20.5 3
      vertex -32.7545 -23.7347 3
    endloop
  endfacet
  facet normal 0 0 1
    outer loop
      vertex -33.1553 -24.3346 3
      vertex 24.5 -20.5 3
      vertex -32.9402 -24.0445 3
    endloop
  endfacet
  facet normal 0 0 1
    outer loop
      vertex -33.3978 -24.6022 3
      vertex 24.5 -20.5 3
      vertex -33.1553 -24.3346 3
    endloop
  endfacet
  facet normal 0 0 1
    outer loop
      vertex -33.6654 -24.8447 3
      vertex 24.5 -20.5 3
      vertex -33.3978 -24.6022 3
    endloop
  endfacet
  facet normal 0 0 1
    outer loop
      vertex -33.9555 -25.0598 3
      vertex 24.5 -20.5 3
      vertex -33.6654 -24.8447 3
    endloop
  endfacet
  facet normal 0 0 1
    outer loop
      vertex 24.5 -20.5 3
      vertex -33.9555 -25.0598 3
      vertex 34.2653 -25.2455 3
    endloop
  endfacet
  facet normal 0 0 1
    outer loop
      vertex -34.2653 -25.2455 3
      vertex 34.2653 -25.2455 3
      vertex -33.9555 -25.0598 3
    endloop
  endfacet
  facet normal 0 0 1
    outer loop
      vertex 34.2653 -25.2455 3
      vertex -34.2653 -25.2455 3
      vertex 34.5917 -25.3999 3
    endloop
  endfacet
  facet normal 0 0 1
    outer loop
      vertex -34.5917 -25.3999 3
      vertex 34.5917 -25.3999 3
      vertex -34.2653 -25.2455 3
    endloop
  endfacet
  facet normal 0 0 1
    outer loop
      vertex 34.5917 -25.3999 3
      vertex -34.5917 -25.3999 3
      vertex 34.9318 -25.5215 3
    endloop
  endfacet
  facet normal 0 0 1
    outer loop
      vertex -34.9318 -25.5215 3
      vertex 34.9318 -25.5215 3
      vertex -34.5917 -25.3999 3
    endloop
  endfacet
  facet normal 0 0 1
    outer loop
      vertex 34.9318 -25.5215 3
      vertex -34.9318 -25.5215 3
      vertex 35.2821 -25.6093 3
    endloop
  endfacet
  facet normal 0 0 1
    outer loop
      vertex -35.2821 -25.6093 3
      vertex 35.2821 -25.6093 3
      vertex -34.9318 -25.5215 3
    endloop
  endfacet
  facet normal 0 0 1
    outer loop
      vertex 35.2821 -25.6093 3
      vertex -35.2821 -25.6093 3
      vertex 43 -27 3
    endloop
  endfacet
  facet normal 0 0 1
    outer loop
      vertex -43 -27 3
      vertex -35.2821 -25.6093 3
      vertex -35.6393 -25.6623 3
    endloop
  endfacet
  facet normal 0 0 1
    outer loop
      vertex -43 -27 3
      vertex -35.6393 -25.6623 3
      vertex -36 -25.68 3
    endloop
  endfacet
  facet normal 0 0 1
    outer loop
      vertex -39.6623 -21.6393 3
      vertex -43 -27 3
      vertex -39.68 -22 3
    endloop
  endfacet
  facet normal 0 0 1
    outer loop
      vertex -39.68 -22 3
      vertex -43 -27 3
      vertex -39.6623 -22.3607 3
    endloop
  endfacet
  facet normal 0 0 1
    outer loop
      vertex -35.2821 -25.6093 3
      vertex -43 -27 3
      vertex 43 -27 3
    endloop
  endfacet
  facet normal 0 0 1
    outer loop
      vertex -36.3607 -25.6623 3
      vertex -43 -27 3
      vertex -36 -25.68 3
    endloop
  endfacet
  facet normal 0 0 1
    outer loop
      vertex -36.7179 -25.6093 3
      vertex -43 -27 3
      vertex -36.3607 -25.6623 3
    endloop
  endfacet
  facet normal 0 0 1
    outer loop
      vertex -37.0682 -25.5215 3
      vertex -43 -27 3
      vertex -36.7179 -25.6093 3
    endloop
  endfacet
  facet normal 0 0 1
    outer loop
      vertex -37.4083 -25.3999 3
      vertex -43 -27 3
      vertex -37.0682 -25.5215 3
    endloop
  endfacet
  facet normal 0 0 1
    outer loop
      vertex -37.7347 -25.2455 3
      vertex -43 -27 3
      vertex -37.4083 -25.3999 3
    endloop
  endfacet
  facet normal 0 0 1
    outer loop
      vertex -38.0445 -25.0598 3
      vertex -43 -27 3
      vertex -37.7347 -25.2455 3
    endloop
  endfacet
  facet normal 0 0 1
    outer loop
      vertex -38.3346 -24.8447 3
      vertex -43 -27 3
      vertex -38.0445 -25.0598 3
    endloop
  endfacet
  facet normal 0 0 1
    outer loop
      vertex -38.6022 -24.6022 3
      vertex -43 -27 3
      vertex -38.3346 -24.8447 3
    endloop
  endfacet
  facet normal 0 0 1
    outer loop
      vertex -38.8447 -24.3346 3
      vertex -43 -27 3
      vertex -38.6022 -24.6022 3
    endloop
  endfacet
  facet normal 0 0 1
    outer loop
      vertex -39.0598 -24.0445 3
      vertex -43 -27 3
      vertex -38.8447 -24.3346 3
    endloop
  endfacet
  facet normal 0 0 1
    outer loop
      vertex -39.2455 -23.7347 3
      vertex -43 -27 3
      vertex -39.0598 -24.0445 3
    endloop
  endfacet
  facet normal 0 0 1
    outer loop
      vertex -39.3999 -23.4083 3
      vertex -43 -27 3
      vertex -39.2455 -23.7347 3
    endloop
  endfacet
  facet normal 0 0 1
    outer loop
      vertex -39.5215 -23.0682 3
      vertex -43 -27 3
      vertex -39.3999 -23.4083 3
    endloop
  endfacet
  facet normal 0 0 1
    outer loop
      vertex -39.6093 -22.7179 3
      vertex -43 -27 3
      vertex -39.5215 -23.0682 3
    endloop
  endfacet
  facet normal 0 0 1
    outer loop
      vertex -39.6623 -22.3607 3
      vertex -43 -27 3
      vertex -39.6093 -22.7179 3
    endloop
  endfacet
  facet normal 0 0 1
    outer loop
      vertex 39.6093 21.2821 3
      vertex 43 27 3
      vertex 39.6623 21.6393 3
    endloop
  endfacet
  facet normal 0 0 1
    outer loop
      vertex 39.5215 20.9318 3
      vertex 43 27 3
      vertex 39.6093 21.2821 3
    endloop
  endfacet
  facet normal 0 0 1
    outer loop
      vertex 39.3999 20.5917 3
      vertex 43 27 3
      vertex 39.5215 20.9318 3
    endloop
  endfacet
  facet normal 0 0 1
    outer loop
      vertex 43 27 3
      vertex 39.3999 20.5917 3
      vertex 41.5 -11.5 3
    endloop
  endfacet
  facet normal -0 0 1
    outer loop
      vertex 39.2455 20.2653 3
      vertex 41.5 -11.5 3
      vertex 39.3999 20.5917 3
    endloop
  endfacet
  facet normal -0 0 1
    outer loop
      vertex 39.0598 19.9555 3
      vertex 41.5 -11.5 3
      vertex 39.2455 20.2653 3
    endloop
  endfacet
  facet normal -0 0 1
    outer loop
      vertex 38.8447 19.6654 3
      vertex 41.5 -11.5 3
      vertex 39.0598 19.9555 3
    endloop
  endfacet
  facet normal -0 0 1
    outer loop
      vertex 38.6022 19.3978 3
      vertex 41.5 -11.5 3
      vertex 38.8447 19.6654 3
    endloop
  endfacet
  facet normal -0 0 1
    outer loop
      vertex 38.3346 19.1553 3
      vertex 41.5 -11.5 3
      vertex 38.6022 19.3978 3
    endloop
  endfacet
  facet normal -0 0 1
    outer loop
      vertex 38.0445 18.9402 3
      vertex 41.5 -11.5 3
      vertex 38.3346 19.1553 3
    endloop
  endfacet
  facet normal -0 0 1
    outer loop
      vertex 37.7347 18.7545 3
      vertex 41.5 -11.5 3
      vertex 38.0445 18.9402 3
    endloop
  endfacet
  facet normal -0 0 1
    outer loop
      vertex 37.4083 18.6001 3
      vertex 41.5 -11.5 3
      vertex 37.7347 18.7545 3
    endloop
  endfacet
  facet normal -0 0 1
    outer loop
      vertex 37.0682 18.4785 3
      vertex 41.5 -11.5 3
      vertex 37.4083 18.6001 3
    endloop
  endfacet
  facet normal -0 0 1
    outer loop
      vertex 36.7179 18.3907 3
      vertex 41.5 -11.5 3
      vertex 37.0682 18.4785 3
    endloop
  endfacet
  facet normal -0 0 1
    outer loop
      vertex 36.3607 18.3377 3
      vertex 41.5 -11.5 3
      vertex 36.7179 18.3907 3
    endloop
  endfacet
  facet normal -0 0 1
    outer loop
      vertex 36 18.32 3
      vertex 41.5 -11.5 3
      vertex 36.3607 18.3377 3
    endloop
  endfacet
  facet normal 0 0 1
    outer loop
      vertex 35.6393 18.3377 3
      vertex 41.5 -11.5 3
      vertex 36 18.32 3
    endloop
  endfacet
  facet normal 0 0 1
    outer loop
      vertex 35.2821 18.3907 3
      vertex 41.5 -11.5 3
      vertex 35.6393 18.3377 3
    endloop
  endfacet
  facet normal 0 0 1
    outer loop
      vertex 24.5 -11.5 3
      vertex 35.2821 18.3907 3
      vertex 34.9318 18.4785 3
    endloop
  endfacet
  facet normal 0 0 1
    outer loop
      vertex 24.5 -11.5 3
      vertex 34.9318 18.4785 3
      vertex 34.5917 18.6001 3
    endloop
  endfacet
  facet normal 0 0 1
    outer loop
      vertex 24.5 -11.5 3
      vertex 34.5917 18.6001 3
      vertex 34.2653 18.7545 3
    endloop
  endfacet
  facet normal 0 0 1
    outer loop
      vertex 24.5 -11.5 3
      vertex 34.2653 18.7545 3
      vertex 33.9555 18.9402 3
    endloop
  endfacet
  facet normal 0 0 1
    outer loop
      vertex 24.5 -11.5 3
      vertex 33.9555 18.9402 3
      vertex 33.6654 19.1553 3
    endloop
  endfacet
  facet normal 0 0 1
    outer loop
      vertex 24.5 -11.5 3
      vertex 33.6654 19.1553 3
      vertex 33.3978 19.3978 3
    endloop
  endfacet
  facet normal 0 0 1
    outer loop
      vertex 24.5 -11.5 3
      vertex 33.3978 19.3978 3
      vertex 33.1553 19.6654 3
    endloop
  endfacet
  facet normal 0 0 1
    outer loop
      vertex 24.5 -11.5 3
      vertex 33.1553 19.6654 3
      vertex 32.9402 19.9555 3
    endloop
  endfacet
  facet normal 0 0 1
    outer loop
      vertex 24.5 -11.5 3
      vertex 32.9402 19.9555 3
      vertex 32.7545 20.2653 3
    endloop
  endfacet
  facet normal 0 0 1
    outer loop
      vertex 24.5 -11.5 3
      vertex 32.7545 20.2653 3
      vertex 32.6001 20.5917 3
    endloop
  endfacet
  facet normal 0 0 1
    outer loop
      vertex 24.5 -11.5 3
      vertex 32.6001 20.5917 3
      vertex 32.4785 20.9318 3
    endloop
  endfacet
  facet normal 0 0 1
    outer loop
      vertex 35.2821 18.3907 3
      vertex 24.5 -11.5 3
      vertex 41.5 -11.5 3
    endloop
  endfacet
  facet normal 0 0 1
    outer loop
      vertex 32.3907 21.2821 3
      vertex 24.5 -11.5 3
      vertex 32.4785 20.9318 3
    endloop
  endfacet
  facet normal 0 0 1
    outer loop
      vertex 32.3377 21.6393 3
      vertex 24.5 -11.5 3
      vertex 32.3907 21.2821 3
    endloop
  endfacet
  facet normal 0 0 1
    outer loop
      vertex 24.5 -11.5 3
      vertex 32.3377 21.6393 3
      vertex 32.32 22 3
    endloop
  endfacet
  facet normal 0 0 1
    outer loop
      vertex 32.32 22 3
      vertex -32.3377 21.6393 3
      vertex -29 4.5 3
    endloop
  endfacet
  facet normal -0 0 1
    outer loop
      vertex -32.3907 21.2821 3
      vertex -29 4.5 3
      vertex -32.3377 21.6393 3
    endloop
  endfacet
  facet normal -0 0 1
    outer loop
      vertex -32.4785 20.9318 3
      vertex -29 4.5 3
      vertex -32.3907 21.2821 3
    endloop
  endfacet
  facet normal -0 0 1
    outer loop
      vertex -32.6001 20.5917 3
      vertex -29 4.5 3
      vertex -32.4785 20.9318 3
    endloop
  endfacet
  facet normal -0 0 1
    outer loop
      vertex -32.7545 20.2653 3
      vertex -29 4.5 3
      vertex -32.6001 20.5917 3
    endloop
  endfacet
  facet normal -0 0 1
    outer loop
      vertex -32.9402 19.9555 3
      vertex -29 4.5 3
      vertex -32.7545 20.2653 3
    endloop
  endfacet
  facet normal -0 0 1
    outer loop
      vertex -33.1553 19.6654 3
      vertex -29 4.5 3
      vertex -32.9402 19.9555 3
    endloop
  endfacet
  facet normal -0 0 1
    outer loop
      vertex -33.3978 19.3978 3
      vertex -29 4.5 3
      vertex -33.1553 19.6654 3
    endloop
  endfacet
  facet normal -0 0 1
    outer loop
      vertex -33.6654 19.1553 3
      vertex -29 4.5 3
      vertex -33.3978 19.3978 3
    endloop
  endfacet
  facet normal -0 0 1
    outer loop
      vertex -33.9555 18.9402 3
      vertex -29 4.5 3
      vertex -33.6654 19.1553 3
    endloop
  endfacet
  facet normal -0 0 1
    outer loop
      vertex -34.2653 18.7545 3
      vertex -29 4.5 3
      vertex -33.9555 18.9402 3
    endloop
  endfacet
  facet normal -0 0 1
    outer loop
      vertex -34.5917 18.6001 3
      vertex -29 4.5 3
      vertex -34.2653 18.7545 3
    endloop
  endfacet
  facet normal -0 0 1
    outer loop
      vertex -34.9318 18.4785 3
      vertex -29 4.5 3
      vertex -34.5917 18.6001 3
    endloop
  endfacet
  facet normal -0 0 1
    outer loop
      vertex -35.2821 18.3907 3
      vertex -29 4.5 3
      vertex -34.9318 18.4785 3
    endloop
  endfacet
  facet normal -0 0 1
    outer loop
      vertex -35.6393 18.3377 3
      vertex -29 4.5 3
      vertex -35.2821 18.3907 3
    endloop
  endfacet
  facet normal -0 0 1
    outer loop
      vertex -36 18.32 3
      vertex -29 4.5 3
      vertex -35.6393 18.3377 3
    endloop
  endfacet
  facet normal 0 0 1
    outer loop
      vertex -43 4.5 3
      vertex -36 18.32 3
      vertex -36.3607 18.3377 3
    endloop
  endfacet
  facet normal 0 0 1
    outer loop
      vertex -43 4.5 3
      vertex -36.3607 18.3377 3
      vertex -36.7179 18.3907 3
    endloop
  endfacet
  facet normal 0 0 1
    outer loop
      vertex -43 4.5 3
      vertex -36.7179 18.3907 3
      vertex -37.0682 18.4785 3
    endloop
  endfacet
  facet normal 0 0 1
    outer loop
      vertex -43 4.5 3
      vertex -37.0682 18.4785 3
      vertex -37.4083 18.6001 3
    endloop
  endfacet
  facet normal 0 0 1
    outer loop
      vertex -43 4.5 3
      vertex -37.4083 18.6001 3
      vertex -37.7347 18.7545 3
    endloop
  endfacet
  facet normal 0 0 1
    outer loop
      vertex -43 4.5 3
      vertex -37.7347 18.7545 3
      vertex -38.0445 18.9402 3
    endloop
  endfacet
  facet normal 0 0 1
    outer loop
      vertex -43 4.5 3
      vertex -38.0445 18.9402 3
      vertex -38.3346 19.1553 3
    endloop
  endfacet
  facet normal 0 0 1
    outer loop
      vertex -43 4.5 3
      vertex -38.3346 19.1553 3
      vertex -38.6022 19.3978 3
    endloop
  endfacet
  facet normal 0 0 1
    outer loop
      vertex -43 4.5 3
      vertex -38.6022 19.3978 3
      vertex -38.8447 19.6654 3
    endloop
  endfacet
  facet normal 0 0 1
    outer loop
      vertex -43 4.5 3
      vertex -38.8447 19.6654 3
      vertex -39.0598 19.9555 3
    endloop
  endfacet
  facet normal 0 0 1
    outer loop
      vertex -43 27 3
      vertex -39.6623 21.6393 3
      vertex -39.68 22 3
    endloop
  endfacet
  facet normal 0 0 1
    outer loop
      vertex -43 27 3
      vertex -39.6093 21.2821 3
      vertex -39.6623 21.6393 3
    endloop
  endfacet
  facet normal 0 0 1
    outer loop
      vertex -43 27 3
      vertex -39.5215 20.9318 3
      vertex -39.6093 21.2821 3
    endloop
  endfacet
  facet normal 0 0 1
    outer loop
      vertex -43 4.5 3
      vertex -39.5215 20.9318 3
      vertex -43 27 3
    endloop
  endfacet
  facet normal 0 0 1
    outer loop
      vertex -39.5215 20.9318 3
      vertex -43 4.5 3
      vertex -39.3999 20.5917 3
    endloop
  endfacet
  facet normal 0 0 1
    outer loop
      vertex -36 18.32 3
      vertex -43 4.5 3
      vertex -29 4.5 3
    endloop
  endfacet
  facet normal 0 0 1
    outer loop
      vertex -39.2455 20.2653 3
      vertex -43 4.5 3
      vertex -39.0598 19.9555 3
    endloop
  endfacet
  facet normal 0 0 1
    outer loop
      vertex -39.3999 20.5917 3
      vertex -43 4.5 3
      vertex -39.2455 20.2653 3
    endloop
  endfacet
  facet normal 1 -0 0
    outer loop
      vertex -43 -27 18.8
      vertex -43 -4.5 3
      vertex -43 -4.5 18.8
    endloop
  endfacet
  facet normal 1 0 0
    outer loop
      vertex -43 -4.5 3
      vertex -43 -27 18.8
      vertex -43 -27 3
    endloop
  endfacet
  facet normal 1 -0 0
    outer loop
      vertex -43 4.5 18.8
      vertex -43 27 3
      vertex -43 27 18.8
    endloop
  endfacet
  facet normal 1 0 0
    outer loop
      vertex -43 27 3
      vertex -43 4.5 18.8
      vertex -43 4.5 3
    endloop
  endfacet
  facet normal 0 -1 0
    outer loop
      vertex -43 27 3
      vertex 43 27 18.8
      vertex -43 27 18.8
    endloop
  endfacet
  facet normal 0 -1 -0
    outer loop
      vertex 43 27 18.8
      vertex -43 27 3
      vertex 43 27 3
    endloop
  endfacet
  facet normal 0 1 -0
    outer loop
      vertex 43 -27 3
      vertex -43 -27 18.8
      vertex 43 -27 18.8
    endloop
  endfacet
  facet normal 0 1 0
    outer loop
      vertex -43 -27 18.8
      vertex 43 -27 3
      vertex -43 -27 3
    endloop
  endfacet
  facet normal -1 0 0
    outer loop
      vertex -29 -4.5 0
      vertex -29 4.5 3
      vertex -29 4.5 0
    endloop
  endfacet
  facet normal -1 -0 0
    outer loop
      vertex -29 4.5 3
      vertex -29 -4.5 0
      vertex -29 -4.5 3
    endloop
  endfacet
  facet normal 1 -0 0
    outer loop
      vertex -49 -4.5 18.8
      vertex -49 4.5 0
      vertex -49 4.5 18.8
    endloop
  endfacet
  facet normal 1 0 0
    outer loop
      vertex -49 4.5 0
      vertex -49 -4.5 18.8
      vertex -49 -4.5 0
    endloop
  endfacet
  facet normal 0 -1 0
    outer loop
      vertex -49 4.5 18.8
      vertex -43 4.5 3
      vertex -43 4.5 18.8
    endloop
  endfacet
  facet normal 0 -1 0
    outer loop
      vertex -49 4.5 0
      vertex -43 4.5 3
      vertex -49 4.5 18.8
    endloop
  endfacet
  facet normal 0 -1 0
    outer loop
      vertex -29 4.5 0
      vertex -43 4.5 3
      vertex -49 4.5 0
    endloop
  endfacet
  facet normal 0 -1 0
    outer loop
      vertex -43 4.5 3
      vertex -29 4.5 0
      vertex -29 4.5 3
    endloop
  endfacet
  facet normal 0 1 0
    outer loop
      vertex -29 -4.5 3
      vertex -29 -4.5 0
      vertex -43 -4.5 3
    endloop
  endfacet
  facet normal 0 1 -0
    outer loop
      vertex -43 -4.5 3
      vertex -49 -4.5 18.8
      vertex -43 -4.5 18.8
    endloop
  endfacet
  facet normal 0 1 0
    outer loop
      vertex -43 -4.5 3
      vertex -49 -4.5 0
      vertex -49 -4.5 18.8
    endloop
  endfacet
  facet normal 0 1 0
    outer loop
      vertex -49 -4.5 0
      vertex -43 -4.5 3
      vertex -29 -4.5 0
    endloop
  endfacet
  facet normal -1 0 0
    outer loop
      vertex 41.5 -20.5 0
      vertex 41.5 -11.5 3
      vertex 41.5 -11.5 0
    endloop
  endfacet
  facet normal -1 -0 0
    outer loop
      vertex 41.5 -11.5 3
      vertex 41.5 -20.5 0
      vertex 41.5 -20.5 3
    endloop
  endfacet
  facet normal 1 -0 0
    outer loop
      vertex 24.5 -20.5 3
      vertex 24.5 -11.5 0
      vertex 24.5 -11.5 3
    endloop
  endfacet
  facet normal 1 0 0
    outer loop
      vertex 24.5 -11.5 0
      vertex 24.5 -20.5 3
      vertex 24.5 -20.5 0
    endloop
  endfacet
  facet normal 0 -1 0
    outer loop
      vertex 24.5 -11.5 0
      vertex 41.5 -11.5 3
      vertex 24.5 -11.5 3
    endloop
  endfacet
  facet normal 0 -1 -0
    outer loop
      vertex 41.5 -11.5 3
      vertex 24.5 -11.5 0
      vertex 41.5 -11.5 0
    endloop
  endfacet
  facet normal 0 1 0
    outer loop
      vertex 41.5 -20.5 3
      vertex 39.3565 -20.5 1.6
      vertex 39.3565 -20.5 3
    endloop
  endfacet
  facet normal 0 1 0
    outer loop
      vertex 39.3565 -20.5 1.6
      vertex 41.5 -20.5 0
      vertex 32.6435 -20.5 1.6
    endloop
  endfacet
  facet normal 0 1 -0
    outer loop
      vertex 41.5 -20.5 0
      vertex 39.3565 -20.5 1.6
      vertex 41.5 -20.5 3
    endloop
  endfacet
  facet normal 0 1 -0
    outer loop
      vertex 32.6435 -20.5 1.6
      vertex 24.5 -20.5 3
      vertex 32.6435 -20.5 3
    endloop
  endfacet
  facet normal 0 1 0
    outer loop
      vertex 24.5 -20.5 0
      vertex 32.6435 -20.5 1.6
      vertex 41.5 -20.5 0
    endloop
  endfacet
  facet normal 0 1 0
    outer loop
      vertex 32.6435 -20.5 1.6
      vertex 24.5 -20.5 0
      vertex 24.5 -20.5 3
    endloop
  endfacet
  facet normal -0.969996 -0.243122 0
    outer loop
      vertex -39.5215 -23.0682 3
      vertex -39.6093 -22.7179 6.2
      vertex -39.6093 -22.7179 3
    endloop
  endfacet
  facet normal -0.969996 -0.243122 0
    outer loop
      vertex -39.6093 -22.7179 6.2
      vertex -39.5215 -23.0682 3
      vertex -39.5215 -23.0682 6.2
    endloop
  endfacet
  facet normal 0.989171 0.146769 0
    outer loop
      vertex -32.3377 -21.6393 6.2
      vertex -32.3907 -21.2821 3
      vertex -32.3907 -21.2821 6.2
    endloop
  endfacet
  facet normal 0.989171 0.146769 0
    outer loop
      vertex -32.3907 -21.2821 3
      vertex -32.3377 -21.6393 6.2
      vertex -32.3377 -21.6393 3
    endloop
  endfacet
  facet normal 0.998798 0.0490123 0
    outer loop
      vertex -32.32 -22 6.2
      vertex -32.3377 -21.6393 3
      vertex -32.3377 -21.6393 6.2
    endloop
  endfacet
  facet normal 0.998798 0.0490123 0
    outer loop
      vertex -32.3377 -21.6393 3
      vertex -32.32 -22 6.2
      vertex -32.32 -22 3
    endloop
  endfacet
  facet normal 0.941623 0.33667 0
    outer loop
      vertex -32.4785 -20.9318 6.2
      vertex -32.6001 -20.5917 3
      vertex -32.6001 -20.5917 6.2
    endloop
  endfacet
  facet normal 0.941623 0.33667 0
    outer loop
      vertex -32.6001 -20.5917 3
      vertex -32.4785 -20.9318 6.2
      vertex -32.4785 -20.9318 3
    endloop
  endfacet
  facet normal -0.514129 0.857713 0
    outer loop
      vertex -37.7347 -18.7545 3
      vertex -38.0445 -18.9402 6.2
      vertex -37.7347 -18.7545 6.2
    endloop
  endfacet
  facet normal -0.514129 0.857713 0
    outer loop
      vertex -38.0445 -18.9402 6.2
      vertex -37.7347 -18.7545 3
      vertex -38.0445 -18.9402 3
    endloop
  endfacet
  facet normal 0.33667 -0.941623 0
    outer loop
      vertex -34.9318 -25.5215 3
      vertex -34.5917 -25.3999 6.2
      vertex -34.9318 -25.5215 6.2
    endloop
  endfacet
  facet normal 0.33667 -0.941623 0
    outer loop
      vertex -34.5917 -25.3999 6.2
      vertex -34.9318 -25.5215 3
      vertex -34.5917 -25.3999 3
    endloop
  endfacet
  facet normal 0.146769 -0.989171 0
    outer loop
      vertex -35.6393 -25.6623 3
      vertex -35.2821 -25.6093 6.2
      vertex -35.6393 -25.6623 6.2
    endloop
  endfacet
  facet normal 0.146769 -0.989171 0
    outer loop
      vertex -35.2821 -25.6093 6.2
      vertex -35.6393 -25.6623 3
      vertex -35.2821 -25.6093 3
    endloop
  endfacet
  facet normal 0.803278 -0.595605 0
    outer loop
      vertex -33.1553 -24.3346 6.2
      vertex -32.9402 -24.0445 3
      vertex -32.9402 -24.0445 6.2
    endloop
  endfacet
  facet normal 0.803278 -0.595605 0
    outer loop
      vertex -32.9402 -24.0445 3
      vertex -33.1553 -24.3346 6.2
      vertex -33.1553 -24.3346 3
    endloop
  endfacet
  facet normal 0.741004 -0.6715 0
    outer loop
      vertex -33.3978 -24.6022 6.2
      vertex -33.1553 -24.3346 3
      vertex -33.1553 -24.3346 6.2
    endloop
  endfacet
  facet normal 0.741004 -0.6715 0
    outer loop
      vertex -33.1553 -24.3346 3
      vertex -33.3978 -24.6022 6.2
      vertex -33.3978 -24.6022 3
    endloop
  endfacet
  facet normal 0.998798 -0.0490123 0
    outer loop
      vertex -32.3377 -22.3607 6.2
      vertex -32.32 -22 3
      vertex -32.32 -22 6.2
    endloop
  endfacet
  facet normal 0.998798 -0.0490123 0
    outer loop
      vertex -32.32 -22 3
      vertex -32.3377 -22.3607 6.2
      vertex -32.3377 -22.3607 3
    endloop
  endfacet
  facet normal 0.6715 0.741004 -0
    outer loop
      vertex -33.3978 -19.3978 3
      vertex -33.6654 -19.1553 6.2
      vertex -33.3978 -19.3978 6.2
    endloop
  endfacet
  facet normal 0.6715 0.741004 0
    outer loop
      vertex -33.6654 -19.1553 6.2
      vertex -33.3978 -19.3978 3
      vertex -33.6654 -19.1553 3
    endloop
  endfacet
  facet normal -0.741004 0.6715 0
    outer loop
      vertex -38.8447 -19.6654 3
      vertex -38.6022 -19.3978 6.2
      vertex -38.6022 -19.3978 3
    endloop
  endfacet
  facet normal -0.741004 0.6715 0
    outer loop
      vertex -38.6022 -19.3978 6.2
      vertex -38.8447 -19.6654 3
      vertex -38.8447 -19.6654 6.2
    endloop
  endfacet
  facet normal -0.857713 0.514129 0
    outer loop
      vertex -39.2455 -20.2653 3
      vertex -39.0598 -19.9555 6.2
      vertex -39.0598 -19.9555 3
    endloop
  endfacet
  facet normal -0.857713 0.514129 0
    outer loop
      vertex -39.0598 -19.9555 6.2
      vertex -39.2455 -20.2653 3
      vertex -39.2455 -20.2653 6.2
    endloop
  endfacet
  facet normal 0.941623 -0.33667 0
    outer loop
      vertex -32.6001 -23.4083 6.2
      vertex -32.4785 -23.0682 3
      vertex -32.4785 -23.0682 6.2
    endloop
  endfacet
  facet normal 0.941623 -0.33667 0
    outer loop
      vertex -32.4785 -23.0682 3
      vertex -32.6001 -23.4083 6.2
      vertex -32.6001 -23.4083 3
    endloop
  endfacet
  facet normal 0.969996 -0.243122 0
    outer loop
      vertex -32.4785 -23.0682 6.2
      vertex -32.3907 -22.7179 3
      vertex -32.3907 -22.7179 6.2
    endloop
  endfacet
  facet normal 0.969996 -0.243122 0
    outer loop
      vertex -32.3907 -22.7179 3
      vertex -32.4785 -23.0682 6.2
      vertex -32.4785 -23.0682 3
    endloop
  endfacet
  facet normal -0.33667 -0.941623 0
    outer loop
      vertex -37.4083 -25.3999 3
      vertex -37.0682 -25.5215 6.2
      vertex -37.4083 -25.3999 6.2
    endloop
  endfacet
  facet normal -0.33667 -0.941623 -0
    outer loop
      vertex -37.0682 -25.5215 6.2
      vertex -37.4083 -25.3999 3
      vertex -37.0682 -25.5215 3
    endloop
  endfacet
  facet normal 0.857713 0.514129 0
    outer loop
      vertex -32.7545 -20.2653 6.2
      vertex -32.9402 -19.9555 3
      vertex -32.9402 -19.9555 6.2
    endloop
  endfacet
  facet normal 0.857713 0.514129 0
    outer loop
      vertex -32.9402 -19.9555 3
      vertex -32.7545 -20.2653 6.2
      vertex -32.7545 -20.2653 3
    endloop
  endfacet
  facet normal -0.33667 0.941623 0
    outer loop
      vertex -37.0682 -18.4785 3
      vertex -37.4083 -18.6001 6.2
      vertex -37.0682 -18.4785 6.2
    endloop
  endfacet
  facet normal -0.33667 0.941623 0
    outer loop
      vertex -37.4083 -18.6001 6.2
      vertex -37.0682 -18.4785 3
      vertex -37.4083 -18.6001 3
    endloop
  endfacet
  facet normal -0.741004 -0.6715 0
    outer loop
      vertex -38.6022 -24.6022 3
      vertex -38.8447 -24.3346 6.2
      vertex -38.8447 -24.3346 3
    endloop
  endfacet
  facet normal -0.741004 -0.6715 0
    outer loop
      vertex -38.8447 -24.3346 6.2
      vertex -38.6022 -24.6022 3
      vertex -38.6022 -24.6022 6.2
    endloop
  endfacet
  facet normal -0.42761 0.903963 0
    outer loop
      vertex -37.4083 -18.6001 3
      vertex -37.7347 -18.7545 6.2
      vertex -37.4083 -18.6001 6.2
    endloop
  endfacet
  facet normal -0.42761 0.903963 0
    outer loop
      vertex -37.7347 -18.7545 6.2
      vertex -37.4083 -18.6001 3
      vertex -37.7347 -18.7545 3
    endloop
  endfacet
  facet normal -0.903963 0.42761 0
    outer loop
      vertex -39.3999 -20.5917 3
      vertex -39.2455 -20.2653 6.2
      vertex -39.2455 -20.2653 3
    endloop
  endfacet
  facet normal -0.903963 0.42761 0
    outer loop
      vertex -39.2455 -20.2653 6.2
      vertex -39.3999 -20.5917 3
      vertex -39.3999 -20.5917 6.2
    endloop
  endfacet
  facet normal 0.741004 0.6715 0
    outer loop
      vertex -33.1553 -19.6654 6.2
      vertex -33.3978 -19.3978 3
      vertex -33.3978 -19.3978 6.2
    endloop
  endfacet
  facet normal 0.741004 0.6715 0
    outer loop
      vertex -33.3978 -19.3978 3
      vertex -33.1553 -19.6654 6.2
      vertex -33.1553 -19.6654 3
    endloop
  endfacet
  facet normal -0.6715 -0.741004 0
    outer loop
      vertex -38.6022 -24.6022 3
      vertex -38.3346 -24.8447 6.2
      vertex -38.6022 -24.6022 6.2
    endloop
  endfacet
  facet normal -0.6715 -0.741004 -0
    outer loop
      vertex -38.3346 -24.8447 6.2
      vertex -38.6022 -24.6022 3
      vertex -38.3346 -24.8447 3
    endloop
  endfacet
  facet normal -0.998798 -0.0490123 0
    outer loop
      vertex -39.6623 -22.3607 3
      vertex -39.68 -22 6.2
      vertex -39.68 -22 3
    endloop
  endfacet
  facet normal -0.998798 -0.0490123 0
    outer loop
      vertex -39.68 -22 6.2
      vertex -39.6623 -22.3607 3
      vertex -39.6623 -22.3607 6.2
    endloop
  endfacet
  facet normal -0.989171 -0.146769 0
    outer loop
      vertex -39.6093 -22.7179 3
      vertex -39.6623 -22.3607 6.2
      vertex -39.6623 -22.3607 3
    endloop
  endfacet
  facet normal -0.989171 -0.146769 0
    outer loop
      vertex -39.6623 -22.3607 6.2
      vertex -39.6093 -22.7179 3
      vertex -39.6093 -22.7179 6.2
    endloop
  endfacet
  facet normal 0.42761 0.903963 -0
    outer loop
      vertex -34.2653 -18.7545 3
      vertex -34.5917 -18.6001 6.2
      vertex -34.2653 -18.7545 6.2
    endloop
  endfacet
  facet normal 0.42761 0.903963 0
    outer loop
      vertex -34.5917 -18.6001 6.2
      vertex -34.2653 -18.7545 3
      vertex -34.5917 -18.6001 3
    endloop
  endfacet
  facet normal 0 0 1
    outer loop
      vertex -32.3377 -21.6393 6.2
      vertex -32.3377 -22.3607 6.2
      vertex -32.32 -22 6.2
    endloop
  endfacet
  facet normal 0 0 1
    outer loop
      vertex -32.3907 -21.2821 6.2
      vertex -32.3377 -22.3607 6.2
      vertex -32.3377 -21.6393 6.2
    endloop
  endfacet
  facet normal 0 0 1
    outer loop
      vertex -32.3907 -21.2821 6.2
      vertex -32.3907 -22.7179 6.2
      vertex -32.3377 -22.3607 6.2
    endloop
  endfacet
  facet normal 0 0 1
    outer loop
      vertex -32.4785 -20.9318 6.2
      vertex -32.3907 -22.7179 6.2
      vertex -32.3907 -21.2821 6.2
    endloop
  endfacet
  facet normal 0 0 1
    outer loop
      vertex -32.4785 -20.9318 6.2
      vertex -32.4785 -23.0682 6.2
      vertex -32.3907 -22.7179 6.2
    endloop
  endfacet
  facet normal 0 0 1
    outer loop
      vertex -32.6001 -20.5917 6.2
      vertex -32.4785 -23.0682 6.2
      vertex -32.4785 -20.9318 6.2
    endloop
  endfacet
  facet normal 0 0 1
    outer loop
      vertex -32.6001 -20.5917 6.2
      vertex -32.6001 -23.4083 6.2
      vertex -32.4785 -23.0682 6.2
    endloop
  endfacet
  facet normal 0 0 1
    outer loop
      vertex -32.7545 -20.2653 6.2
      vertex -32.6001 -23.4083 6.2
      vertex -32.6001 -20.5917 6.2
    endloop
  endfacet
  facet normal 0 0 1
    outer loop
      vertex -32.7545 -20.2653 6.2
      vertex -32.7545 -23.7347 6.2
      vertex -32.6001 -23.4083 6.2
    endloop
  endfacet
  facet normal 0 0 1
    outer loop
      vertex -32.9402 -19.9555 6.2
      vertex -32.7545 -23.7347 6.2
      vertex -32.7545 -20.2653 6.2
    endloop
  endfacet
  facet normal 0 0 1
    outer loop
      vertex -32.9402 -19.9555 6.2
      vertex -32.9402 -24.0445 6.2
      vertex -32.7545 -23.7347 6.2
    endloop
  endfacet
  facet normal 0 0 1
    outer loop
      vertex -33.1553 -19.6654 6.2
      vertex -32.9402 -24.0445 6.2
      vertex -32.9402 -19.9555 6.2
    endloop
  endfacet
  facet normal 0 0 1
    outer loop
      vertex -33.1553 -19.6654 6.2
      vertex -33.1553 -24.3346 6.2
      vertex -32.9402 -24.0445 6.2
    endloop
  endfacet
  facet normal 0 0 1
    outer loop
      vertex -33.3978 -19.3978 6.2
      vertex -33.1553 -24.3346 6.2
      vertex -33.1553 -19.6654 6.2
    endloop
  endfacet
  facet normal 0 0 1
    outer loop
      vertex -33.3978 -19.3978 6.2
      vertex -33.3978 -24.6022 6.2
      vertex -33.1553 -24.3346 6.2
    endloop
  endfacet
  facet normal 0 0 1
    outer loop
      vertex -33.6654 -19.1553 6.2
      vertex -33.3978 -24.6022 6.2
      vertex -33.3978 -19.3978 6.2
    endloop
  endfacet
  facet normal 0 0 1
    outer loop
      vertex -33.6654 -19.1553 6.2
      vertex -33.6654 -24.8447 6.2
      vertex -33.3978 -24.6022 6.2
    endloop
  endfacet
  facet normal 0 0 1
    outer loop
      vertex -33.9555 -18.9402 6.2
      vertex -33.6654 -24.8447 6.2
      vertex -33.6654 -19.1553 6.2
    endloop
  endfacet
  facet normal 0 0 1
    outer loop
      vertex -33.9555 -18.9402 6.2
      vertex -33.9555 -25.0598 6.2
      vertex -33.6654 -24.8447 6.2
    endloop
  endfacet
  facet normal 0 0 1
    outer loop
      vertex -34.2653 -18.7545 6.2
      vertex -33.9555 -25.0598 6.2
      vertex -33.9555 -18.9402 6.2
    endloop
  endfacet
  facet normal 0 0 1
    outer loop
      vertex -34.2653 -18.7545 6.2
      vertex -34.2653 -25.2455 6.2
      vertex -33.9555 -25.0598 6.2
    endloop
  endfacet
  facet normal 0 0 1
    outer loop
      vertex -34.5917 -18.6001 6.2
      vertex -34.2653 -25.2455 6.2
      vertex -34.2653 -18.7545 6.2
    endloop
  endfacet
  facet normal 0 0 1
    outer loop
      vertex -34.5917 -18.6001 6.2
      vertex -34.5917 -25.3999 6.2
      vertex -34.2653 -25.2455 6.2
    endloop
  endfacet
  facet normal 0 0 1
    outer loop
      vertex -34.9318 -18.4785 6.2
      vertex -34.5917 -25.3999 6.2
      vertex -34.5917 -18.6001 6.2
    endloop
  endfacet
  facet normal 0 0 1
    outer loop
      vertex -34.9318 -18.4785 6.2
      vertex -34.9318 -25.5215 6.2
      vertex -34.5917 -25.3999 6.2
    endloop
  endfacet
  facet normal 0 0 1
    outer loop
      vertex -35.2821 -18.3907 6.2
      vertex -34.9318 -25.5215 6.2
      vertex -34.9318 -18.4785 6.2
    endloop
  endfacet
  facet normal 0 0 1
    outer loop
      vertex -35.2821 -18.3907 6.2
      vertex -35.2821 -25.6093 6.2
      vertex -34.9318 -25.5215 6.2
    endloop
  endfacet
  facet normal 0 0 1
    outer loop
      vertex -35.6393 -18.3377 6.2
      vertex -35.2821 -25.6093 6.2
      vertex -35.2821 -18.3907 6.2
    endloop
  endfacet
  facet normal 0 0 1
    outer loop
      vertex -35.6393 -18.3377 6.2
      vertex -35.6393 -25.6623 6.2
      vertex -35.2821 -25.6093 6.2
    endloop
  endfacet
  facet normal 0 0 1
    outer loop
      vertex -36 -18.32 6.2
      vertex -35.6393 -25.6623 6.2
      vertex -35.6393 -18.3377 6.2
    endloop
  endfacet
  facet normal 0 0 1
    outer loop
      vertex -36 -18.32 6.2
      vertex -36 -25.68 6.2
      vertex -35.6393 -25.6623 6.2
    endloop
  endfacet
  facet normal -0 0 1
    outer loop
      vertex -36.3607 -18.3377 6.2
      vertex -36 -25.68 6.2
      vertex -36 -18.32 6.2
    endloop
  endfacet
  facet normal 0 0 1
    outer loop
      vertex -36.3607 -18.3377 6.2
      vertex -36.3607 -25.6623 6.2
      vertex -36 -25.68 6.2
    endloop
  endfacet
  facet normal -0 0 1
    outer loop
      vertex -36.7179 -18.3907 6.2
      vertex -36.3607 -25.6623 6.2
      vertex -36.3607 -18.3377 6.2
    endloop
  endfacet
  facet normal 0 0 1
    outer loop
      vertex -36.7179 -18.3907 6.2
      vertex -36.7179 -25.6093 6.2
      vertex -36.3607 -25.6623 6.2
    endloop
  endfacet
  facet normal -0 0 1
    outer loop
      vertex -37.0682 -18.4785 6.2
      vertex -36.7179 -25.6093 6.2
      vertex -36.7179 -18.3907 6.2
    endloop
  endfacet
  facet normal 0 0 1
    outer loop
      vertex -37.0682 -18.4785 6.2
      vertex -37.0682 -25.5215 6.2
      vertex -36.7179 -25.6093 6.2
    endloop
  endfacet
  facet normal -0 0 1
    outer loop
      vertex -37.4083 -18.6001 6.2
      vertex -37.0682 -25.5215 6.2
      vertex -37.0682 -18.4785 6.2
    endloop
  endfacet
  facet normal 0 0 1
    outer loop
      vertex -37.4083 -18.6001 6.2
      vertex -37.4083 -25.3999 6.2
      vertex -37.0682 -25.5215 6.2
    endloop
  endfacet
  facet normal -0 0 1
    outer loop
      vertex -37.7347 -18.7545 6.2
      vertex -37.4083 -25.3999 6.2
      vertex -37.4083 -18.6001 6.2
    endloop
  endfacet
  facet normal 0 0 1
    outer loop
      vertex -37.7347 -18.7545 6.2
      vertex -37.7347 -25.2455 6.2
      vertex -37.4083 -25.3999 6.2
    endloop
  endfacet
  facet normal -0 0 1
    outer loop
      vertex -38.0445 -18.9402 6.2
      vertex -37.7347 -25.2455 6.2
      vertex -37.7347 -18.7545 6.2
    endloop
  endfacet
  facet normal 0 0 1
    outer loop
      vertex -38.0445 -18.9402 6.2
      vertex -38.0445 -25.0598 6.2
      vertex -37.7347 -25.2455 6.2
    endloop
  endfacet
  facet normal -0 0 1
    outer loop
      vertex -38.3346 -19.1553 6.2
      vertex -38.0445 -25.0598 6.2
      vertex -38.0445 -18.9402 6.2
    endloop
  endfacet
  facet normal 0 0 1
    outer loop
      vertex -38.3346 -19.1553 6.2
      vertex -38.3346 -24.8447 6.2
      vertex -38.0445 -25.0598 6.2
    endloop
  endfacet
  facet normal -0 0 1
    outer loop
      vertex -38.6022 -19.3978 6.2
      vertex -38.3346 -24.8447 6.2
      vertex -38.3346 -19.1553 6.2
    endloop
  endfacet
  facet normal 0 0 1
    outer loop
      vertex -38.6022 -19.3978 6.2
      vertex -38.6022 -24.6022 6.2
      vertex -38.3346 -24.8447 6.2
    endloop
  endfacet
  facet normal -0 0 1
    outer loop
      vertex -38.8447 -19.6654 6.2
      vertex -38.6022 -24.6022 6.2
      vertex -38.6022 -19.3978 6.2
    endloop
  endfacet
  facet normal 0 0 1
    outer loop
      vertex -38.8447 -19.6654 6.2
      vertex -38.8447 -24.3346 6.2
      vertex -38.6022 -24.6022 6.2
    endloop
  endfacet
  facet normal -0 0 1
    outer loop
      vertex -39.0598 -19.9555 6.2
      vertex -38.8447 -24.3346 6.2
      vertex -38.8447 -19.6654 6.2
    endloop
  endfacet
  facet normal 0 0 1
    outer loop
      vertex -39.0598 -19.9555 6.2
      vertex -39.0598 -24.0445 6.2
      vertex -38.8447 -24.3346 6.2
    endloop
  endfacet
  facet normal -0 0 1
    outer loop
      vertex -39.2455 -20.2653 6.2
      vertex -39.0598 -24.0445 6.2
      vertex -39.0598 -19.9555 6.2
    endloop
  endfacet
  facet normal 0 0 1
    outer loop
      vertex -39.2455 -20.2653 6.2
      vertex -39.2455 -23.7347 6.2
      vertex -39.0598 -24.0445 6.2
    endloop
  endfacet
  facet normal -0 0 1
    outer loop
      vertex -39.3999 -20.5917 6.2
      vertex -39.2455 -23.7347 6.2
      vertex -39.2455 -20.2653 6.2
    endloop
  endfacet
  facet normal 0 0 1
    outer loop
      vertex -39.3999 -20.5917 6.2
      vertex -39.3999 -23.4083 6.2
      vertex -39.2455 -23.7347 6.2
    endloop
  endfacet
  facet normal -0 0 1
    outer loop
      vertex -39.5215 -20.9318 6.2
      vertex -39.3999 -23.4083 6.2
      vertex -39.3999 -20.5917 6.2
    endloop
  endfacet
  facet normal 0 0 1
    outer loop
      vertex -39.5215 -20.9318 6.2
      vertex -39.5215 -23.0682 6.2
      vertex -39.3999 -23.4083 6.2
    endloop
  endfacet
  facet normal -0 0 1
    outer loop
      vertex -39.6093 -21.2821 6.2
      vertex -39.5215 -23.0682 6.2
      vertex -39.5215 -20.9318 6.2
    endloop
  endfacet
  facet normal 0 0 1
    outer loop
      vertex -39.6093 -21.2821 6.2
      vertex -39.6093 -22.7179 6.2
      vertex -39.5215 -23.0682 6.2
    endloop
  endfacet
  facet normal -0 0 1
    outer loop
      vertex -39.6623 -21.6393 6.2
      vertex -39.6093 -22.7179 6.2
      vertex -39.6093 -21.2821 6.2
    endloop
  endfacet
  facet normal 0 0 1
    outer loop
      vertex -39.6623 -21.6393 6.2
      vertex -39.6623 -22.3607 6.2
      vertex -39.6093 -22.7179 6.2
    endloop
  endfacet
  facet normal 0 -0 1
    outer loop
      vertex -39.6623 -22.3607 6.2
      vertex -39.6623 -21.6393 6.2
      vertex -39.68 -22 6.2
    endloop
  endfacet
  facet normal -0.595605 0.803278 0
    outer loop
      vertex -38.0445 -18.9402 3
      vertex -38.3346 -19.1553 6.2
      vertex -38.0445 -18.9402 6.2
    endloop
  endfacet
  facet normal -0.595605 0.803278 0
    outer loop
      vertex -38.3346 -19.1553 6.2
      vertex -38.0445 -18.9402 3
      vertex -38.3346 -19.1553 3
    endloop
  endfacet
  facet normal 0.0490123 0.998798 -0
    outer loop
      vertex -35.6393 -18.3377 3
      vertex -36 -18.32 6.2
      vertex -35.6393 -18.3377 6.2
    endloop
  endfacet
  facet normal 0.0490123 0.998798 0
    outer loop
      vertex -36 -18.32 6.2
      vertex -35.6393 -18.3377 3
      vertex -36 -18.32 3
    endloop
  endfacet
  facet normal 0.514129 -0.857713 0
    outer loop
      vertex -34.2653 -25.2455 3
      vertex -33.9555 -25.0598 6.2
      vertex -34.2653 -25.2455 6.2
    endloop
  endfacet
  facet normal 0.514129 -0.857713 0
    outer loop
      vertex -33.9555 -25.0598 6.2
      vertex -34.2653 -25.2455 3
      vertex -33.9555 -25.0598 3
    endloop
  endfacet
  facet normal 0.243122 0.969996 -0
    outer loop
      vertex -34.9318 -18.4785 3
      vertex -35.2821 -18.3907 6.2
      vertex -34.9318 -18.4785 6.2
    endloop
  endfacet
  facet normal 0.243122 0.969996 0
    outer loop
      vertex -35.2821 -18.3907 6.2
      vertex -34.9318 -18.4785 3
      vertex -35.2821 -18.3907 3
    endloop
  endfacet
  facet normal 0.514129 0.857713 -0
    outer loop
      vertex -33.9555 -18.9402 3
      vertex -34.2653 -18.7545 6.2
      vertex -33.9555 -18.9402 6.2
    endloop
  endfacet
  facet normal 0.514129 0.857713 0
    outer loop
      vertex -34.2653 -18.7545 6.2
      vertex -33.9555 -18.9402 3
      vertex -34.2653 -18.7545 3
    endloop
  endfacet
  facet normal -0.6715 0.741004 0
    outer loop
      vertex -38.3346 -19.1553 3
      vertex -38.6022 -19.3978 6.2
      vertex -38.3346 -19.1553 6.2
    endloop
  endfacet
  facet normal -0.6715 0.741004 0
    outer loop
      vertex -38.6022 -19.3978 6.2
      vertex -38.3346 -19.1553 3
      vertex -38.6022 -19.3978 3
    endloop
  endfacet
  facet normal -0.941623 0.33667 0
    outer loop
      vertex -39.5215 -20.9318 3
      vertex -39.3999 -20.5917 6.2
      vertex -39.3999 -20.5917 3
    endloop
  endfacet
  facet normal -0.941623 0.33667 0
    outer loop
      vertex -39.3999 -20.5917 6.2
      vertex -39.5215 -20.9318 3
      vertex -39.5215 -20.9318 6.2
    endloop
  endfacet
  facet normal -0.243122 -0.969996 0
    outer loop
      vertex -37.0682 -25.5215 3
      vertex -36.7179 -25.6093 6.2
      vertex -37.0682 -25.5215 6.2
    endloop
  endfacet
  facet normal -0.243122 -0.969996 -0
    outer loop
      vertex -36.7179 -25.6093 6.2
      vertex -37.0682 -25.5215 3
      vertex -36.7179 -25.6093 3
    endloop
  endfacet
  facet normal 0.42761 -0.903963 0
    outer loop
      vertex -34.5917 -25.3999 3
      vertex -34.2653 -25.2455 6.2
      vertex -34.5917 -25.3999 6.2
    endloop
  endfacet
  facet normal 0.42761 -0.903963 0
    outer loop
      vertex -34.2653 -25.2455 6.2
      vertex -34.5917 -25.3999 3
      vertex -34.2653 -25.2455 3
    endloop
  endfacet
  facet normal 0.803278 0.595605 0
    outer loop
      vertex -32.9402 -19.9555 6.2
      vertex -33.1553 -19.6654 3
      vertex -33.1553 -19.6654 6.2
    endloop
  endfacet
  facet normal 0.803278 0.595605 0
    outer loop
      vertex -33.1553 -19.6654 3
      vertex -32.9402 -19.9555 6.2
      vertex -32.9402 -19.9555 3
    endloop
  endfacet
  facet normal -0.595605 -0.803278 0
    outer loop
      vertex -38.3346 -24.8447 3
      vertex -38.0445 -25.0598 6.2
      vertex -38.3346 -24.8447 6.2
    endloop
  endfacet
  facet normal -0.595605 -0.803278 -0
    outer loop
      vertex -38.0445 -25.0598 6.2
      vertex -38.3346 -24.8447 3
      vertex -38.0445 -25.0598 3
    endloop
  endfacet
  facet normal 0.146769 0.989171 -0
    outer loop
      vertex -35.2821 -18.3907 3
      vertex -35.6393 -18.3377 6.2
      vertex -35.2821 -18.3907 6.2
    endloop
  endfacet
  facet normal 0.146769 0.989171 0
    outer loop
      vertex -35.6393 -18.3377 6.2
      vertex -35.2821 -18.3907 3
      vertex -35.6393 -18.3377 3
    endloop
  endfacet
  facet normal -0.969996 0.243122 0
    outer loop
      vertex -39.6093 -21.2821 3
      vertex -39.5215 -20.9318 6.2
      vertex -39.5215 -20.9318 3
    endloop
  endfacet
  facet normal -0.969996 0.243122 0
    outer loop
      vertex -39.5215 -20.9318 6.2
      vertex -39.6093 -21.2821 3
      vertex -39.6093 -21.2821 6.2
    endloop
  endfacet
  facet normal 0.857713 -0.514129 0
    outer loop
      vertex -32.9402 -24.0445 6.2
      vertex -32.7545 -23.7347 3
      vertex -32.7545 -23.7347 6.2
    endloop
  endfacet
  facet normal 0.857713 -0.514129 0
    outer loop
      vertex -32.7545 -23.7347 3
      vertex -32.9402 -24.0445 6.2
      vertex -32.9402 -24.0445 3
    endloop
  endfacet
  facet normal 0.595605 0.803278 -0
    outer loop
      vertex -33.6654 -19.1553 3
      vertex -33.9555 -18.9402 6.2
      vertex -33.6654 -19.1553 6.2
    endloop
  endfacet
  facet normal 0.595605 0.803278 0
    outer loop
      vertex -33.9555 -18.9402 6.2
      vertex -33.6654 -19.1553 3
      vertex -33.9555 -18.9402 3
    endloop
  endfacet
  facet normal 0.989171 -0.146769 0
    outer loop
      vertex -32.3907 -22.7179 6.2
      vertex -32.3377 -22.3607 3
      vertex -32.3377 -22.3607 6.2
    endloop
  endfacet
  facet normal 0.989171 -0.146769 0
    outer loop
      vertex -32.3377 -22.3607 3
      vertex -32.3907 -22.7179 6.2
      vertex -32.3907 -22.7179 3
    endloop
  endfacet
  facet normal -0.998798 0.0490123 0
    outer loop
      vertex -39.68 -22 3
      vertex -39.6623 -21.6393 6.2
      vertex -39.6623 -21.6393 3
    endloop
  endfacet
  facet normal -0.998798 0.0490123 0
    outer loop
      vertex -39.6623 -21.6393 6.2
      vertex -39.68 -22 3
      vertex -39.68 -22 6.2
    endloop
  endfacet
  facet normal 0.903963 0.42761 0
    outer loop
      vertex -32.6001 -20.5917 6.2
      vertex -32.7545 -20.2653 3
      vertex -32.7545 -20.2653 6.2
    endloop
  endfacet
  facet normal 0.903963 0.42761 0
    outer loop
      vertex -32.7545 -20.2653 3
      vertex -32.6001 -20.5917 6.2
      vertex -32.6001 -20.5917 3
    endloop
  endfacet
  facet normal 0.33667 0.941623 -0
    outer loop
      vertex -34.5917 -18.6001 3
      vertex -34.9318 -18.4785 6.2
      vertex -34.5917 -18.6001 6.2
    endloop
  endfacet
  facet normal 0.33667 0.941623 0
    outer loop
      vertex -34.9318 -18.4785 6.2
      vertex -34.5917 -18.6001 3
      vertex -34.9318 -18.4785 3
    endloop
  endfacet
  facet normal 0.969996 0.243122 0
    outer loop
      vertex -32.3907 -21.2821 6.2
      vertex -32.4785 -20.9318 3
      vertex -32.4785 -20.9318 6.2
    endloop
  endfacet
  facet normal 0.969996 0.243122 0
    outer loop
      vertex -32.4785 -20.9318 3
      vertex -32.3907 -21.2821 6.2
      vertex -32.3907 -21.2821 3
    endloop
  endfacet
  facet normal -0.146769 0.989171 0
    outer loop
      vertex -36.3607 -18.3377 3
      vertex -36.7179 -18.3907 6.2
      vertex -36.3607 -18.3377 6.2
    endloop
  endfacet
  facet normal -0.146769 0.989171 0
    outer loop
      vertex -36.7179 -18.3907 6.2
      vertex -36.3607 -18.3377 3
      vertex -36.7179 -18.3907 3
    endloop
  endfacet
  facet normal -0.0490123 0.998798 0
    outer loop
      vertex -36 -18.32 3
      vertex -36.3607 -18.3377 6.2
      vertex -36 -18.32 6.2
    endloop
  endfacet
  facet normal -0.0490123 0.998798 0
    outer loop
      vertex -36.3607 -18.3377 6.2
      vertex -36 -18.32 3
      vertex -36.3607 -18.3377 3
    endloop
  endfacet
  facet normal -0.941623 -0.33667 0
    outer loop
      vertex -39.3999 -23.4083 3
      vertex -39.5215 -23.0682 6.2
      vertex -39.5215 -23.0682 3
    endloop
  endfacet
  facet normal -0.941623 -0.33667 0
    outer loop
      vertex -39.5215 -23.0682 6.2
      vertex -39.3999 -23.4083 3
      vertex -39.3999 -23.4083 6.2
    endloop
  endfacet
  facet normal -0.243122 0.969996 0
    outer loop
      vertex -36.7179 -18.3907 3
      vertex -37.0682 -18.4785 6.2
      vertex -36.7179 -18.3907 6.2
    endloop
  endfacet
  facet normal -0.243122 0.969996 0
    outer loop
      vertex -37.0682 -18.4785 6.2
      vertex -36.7179 -18.3907 3
      vertex -37.0682 -18.4785 3
    endloop
  endfacet
  facet normal 0.595605 -0.803278 0
    outer loop
      vertex -33.9555 -25.0598 3
      vertex -33.6654 -24.8447 6.2
      vertex -33.9555 -25.0598 6.2
    endloop
  endfacet
  facet normal 0.595605 -0.803278 0
    outer loop
      vertex -33.6654 -24.8447 6.2
      vertex -33.9555 -25.0598 3
      vertex -33.6654 -24.8447 3
    endloop
  endfacet
  facet normal 0.0490123 -0.998798 0
    outer loop
      vertex -36 -25.68 3
      vertex -35.6393 -25.6623 6.2
      vertex -36 -25.68 6.2
    endloop
  endfacet
  facet normal 0.0490123 -0.998798 0
    outer loop
      vertex -35.6393 -25.6623 6.2
      vertex -36 -25.68 3
      vertex -35.6393 -25.6623 3
    endloop
  endfacet
  facet normal 0.903963 -0.42761 0
    outer loop
      vertex -32.7545 -23.7347 6.2
      vertex -32.6001 -23.4083 3
      vertex -32.6001 -23.4083 6.2
    endloop
  endfacet
  facet normal 0.903963 -0.42761 0
    outer loop
      vertex -32.6001 -23.4083 3
      vertex -32.7545 -23.7347 6.2
      vertex -32.7545 -23.7347 3
    endloop
  endfacet
  facet normal -0.857713 -0.514129 0
    outer loop
      vertex -39.0598 -24.0445 3
      vertex -39.2455 -23.7347 6.2
      vertex -39.2455 -23.7347 3
    endloop
  endfacet
  facet normal -0.857713 -0.514129 0
    outer loop
      vertex -39.2455 -23.7347 6.2
      vertex -39.0598 -24.0445 3
      vertex -39.0598 -24.0445 6.2
    endloop
  endfacet
  facet normal 0.6715 -0.741004 0
    outer loop
      vertex -33.6654 -24.8447 3
      vertex -33.3978 -24.6022 6.2
      vertex -33.6654 -24.8447 6.2
    endloop
  endfacet
  facet normal 0.6715 -0.741004 0
    outer loop
      vertex -33.3978 -24.6022 6.2
      vertex -33.6654 -24.8447 3
      vertex -33.3978 -24.6022 3
    endloop
  endfacet
  facet normal -0.803278 -0.595605 0
    outer loop
      vertex -38.8447 -24.3346 3
      vertex -39.0598 -24.0445 6.2
      vertex -39.0598 -24.0445 3
    endloop
  endfacet
  facet normal -0.803278 -0.595605 0
    outer loop
      vertex -39.0598 -24.0445 6.2
      vertex -38.8447 -24.3346 3
      vertex -38.8447 -24.3346 6.2
    endloop
  endfacet
  facet normal -0.803278 0.595605 0
    outer loop
      vertex -39.0598 -19.9555 3
      vertex -38.8447 -19.6654 6.2
      vertex -38.8447 -19.6654 3
    endloop
  endfacet
  facet normal -0.803278 0.595605 0
    outer loop
      vertex -38.8447 -19.6654 6.2
      vertex -39.0598 -19.9555 3
      vertex -39.0598 -19.9555 6.2
    endloop
  endfacet
  facet normal -0.903963 -0.42761 0
    outer loop
      vertex -39.2455 -23.7347 3
      vertex -39.3999 -23.4083 6.2
      vertex -39.3999 -23.4083 3
    endloop
  endfacet
  facet normal -0.903963 -0.42761 0
    outer loop
      vertex -39.3999 -23.4083 6.2
      vertex -39.2455 -23.7347 3
      vertex -39.2455 -23.7347 6.2
    endloop
  endfacet
  facet normal -0.0490123 -0.998798 0
    outer loop
      vertex -36.3607 -25.6623 3
      vertex -36 -25.68 6.2
      vertex -36.3607 -25.6623 6.2
    endloop
  endfacet
  facet normal -0.0490123 -0.998798 -0
    outer loop
      vertex -36 -25.68 6.2
      vertex -36.3607 -25.6623 3
      vertex -36 -25.68 3
    endloop
  endfacet
  facet normal -0.42761 -0.903963 0
    outer loop
      vertex -37.7347 -25.2455 3
      vertex -37.4083 -25.3999 6.2
      vertex -37.7347 -25.2455 6.2
    endloop
  endfacet
  facet normal -0.42761 -0.903963 -0
    outer loop
      vertex -37.4083 -25.3999 6.2
      vertex -37.7347 -25.2455 3
      vertex -37.4083 -25.3999 3
    endloop
  endfacet
  facet normal 0.243122 -0.969996 0
    outer loop
      vertex -35.2821 -25.6093 3
      vertex -34.9318 -25.5215 6.2
      vertex -35.2821 -25.6093 6.2
    endloop
  endfacet
  facet normal 0.243122 -0.969996 0
    outer loop
      vertex -34.9318 -25.5215 6.2
      vertex -35.2821 -25.6093 3
      vertex -34.9318 -25.5215 3
    endloop
  endfacet
  facet normal -0.989171 0.146769 0
    outer loop
      vertex -39.6623 -21.6393 3
      vertex -39.6093 -21.2821 6.2
      vertex -39.6093 -21.2821 3
    endloop
  endfacet
  facet normal -0.989171 0.146769 0
    outer loop
      vertex -39.6093 -21.2821 6.2
      vertex -39.6623 -21.6393 3
      vertex -39.6623 -21.6393 6.2
    endloop
  endfacet
  facet normal -0.514129 -0.857713 0
    outer loop
      vertex -38.0445 -25.0598 3
      vertex -37.7347 -25.2455 6.2
      vertex -38.0445 -25.0598 6.2
    endloop
  endfacet
  facet normal -0.514129 -0.857713 -0
    outer loop
      vertex -37.7347 -25.2455 6.2
      vertex -38.0445 -25.0598 3
      vertex -37.7347 -25.2455 3
    endloop
  endfacet
  facet normal -0.146769 -0.989171 0
    outer loop
      vertex -36.7179 -25.6093 3
      vertex -36.3607 -25.6623 6.2
      vertex -36.7179 -25.6093 6.2
    endloop
  endfacet
  facet normal -0.146769 -0.989171 -0
    outer loop
      vertex -36.3607 -25.6623 6.2
      vertex -36.7179 -25.6093 3
      vertex -36.3607 -25.6623 3
    endloop
  endfacet
  facet normal 0.989171 0.146769 0
    outer loop
      vertex 39.6623 -21.6393 6.2
      vertex 39.6093 -21.2821 3
      vertex 39.6093 -21.2821 6.2
    endloop
  endfacet
  facet normal 0.989171 0.146769 0
    outer loop
      vertex 39.6093 -21.2821 3
      vertex 39.6623 -21.6393 6.2
      vertex 39.6623 -21.6393 3
    endloop
  endfacet
  facet normal 0.998798 0.0490123 0
    outer loop
      vertex 39.68 -22 6.2
      vertex 39.6623 -21.6393 3
      vertex 39.6623 -21.6393 6.2
    endloop
  endfacet
  facet normal 0.998798 0.0490123 0
    outer loop
      vertex 39.6623 -21.6393 3
      vertex 39.68 -22 6.2
      vertex 39.68 -22 3
    endloop
  endfacet
  facet normal 0.969996 0.243122 0
    outer loop
      vertex 39.6093 -21.2821 6.2
      vertex 39.5215 -20.9318 3
      vertex 39.5215 -20.9318 6.2
    endloop
  endfacet
  facet normal 0.969996 0.243122 0
    outer loop
      vertex 39.5215 -20.9318 3
      vertex 39.6093 -21.2821 6.2
      vertex 39.6093 -21.2821 3
    endloop
  endfacet
  facet normal -0.514129 -0.857713 0
    outer loop
      vertex 33.9555 -25.0598 3
      vertex 34.2653 -25.2455 6.2
      vertex 33.9555 -25.0598 6.2
    endloop
  endfacet
  facet normal -0.514129 -0.857713 -0
    outer loop
      vertex 34.2653 -25.2455 6.2
      vertex 33.9555 -25.0598 3
      vertex 34.2653 -25.2455 3
    endloop
  endfacet
  facet normal 0.146769 0.989171 -0
    outer loop
      vertex 36.7179 -18.3907 1.6
      vertex 36.3607 -18.3377 6.2
      vertex 36.7179 -18.3907 6.2
    endloop
  endfacet
  facet normal 0.146769 0.989171 0
    outer loop
      vertex 36.3607 -18.3377 6.2
      vertex 36.7179 -18.3907 1.6
      vertex 36.3607 -18.3377 1.6
    endloop
  endfacet
  facet normal -0.42761 -0.903963 0
    outer loop
      vertex 34.2653 -25.2455 3
      vertex 34.5917 -25.3999 6.2
      vertex 34.2653 -25.2455 6.2
    endloop
  endfacet
  facet normal -0.42761 -0.903963 -0
    outer loop
      vertex 34.5917 -25.3999 6.2
      vertex 34.2653 -25.2455 3
      vertex 34.5917 -25.3999 3
    endloop
  endfacet
  facet normal 0.42761 -0.903963 0
    outer loop
      vertex 37.4083 -25.3999 3
      vertex 37.7347 -25.2455 6.2
      vertex 37.4083 -25.3999 6.2
    endloop
  endfacet
  facet normal 0.42761 -0.903963 0
    outer loop
      vertex 37.7347 -25.2455 6.2
      vertex 37.4083 -25.3999 3
      vertex 37.7347 -25.2455 3
    endloop
  endfacet
  facet normal 0.0490123 0.998798 -0
    outer loop
      vertex 36.3607 -18.3377 1.6
      vertex 36 -18.32 6.2
      vertex 36.3607 -18.3377 6.2
    endloop
  endfacet
  facet normal 0.0490123 0.998798 0
    outer loop
      vertex 36 -18.32 6.2
      vertex 36.3607 -18.3377 1.6
      vertex 36 -18.32 1.6
    endloop
  endfacet
  facet normal 0.989171 -0.146769 0
    outer loop
      vertex 39.6093 -22.7179 6.2
      vertex 39.6623 -22.3607 3
      vertex 39.6623 -22.3607 6.2
    endloop
  endfacet
  facet normal 0.989171 -0.146769 0
    outer loop
      vertex 39.6623 -22.3607 3
      vertex 39.6093 -22.7179 6.2
      vertex 39.6093 -22.7179 3
    endloop
  endfacet
  facet normal -0.941623 -0.33667 0
    outer loop
      vertex 32.6001 -23.4083 3
      vertex 32.4785 -23.0682 6.2
      vertex 32.4785 -23.0682 3
    endloop
  endfacet
  facet normal -0.941623 -0.33667 0
    outer loop
      vertex 32.4785 -23.0682 6.2
      vertex 32.6001 -23.4083 3
      vertex 32.6001 -23.4083 6.2
    endloop
  endfacet
  facet normal -0.903963 -0.42761 0
    outer loop
      vertex 32.7545 -23.7347 3
      vertex 32.6001 -23.4083 6.2
      vertex 32.6001 -23.4083 3
    endloop
  endfacet
  facet normal -0.903963 -0.42761 0
    outer loop
      vertex 32.6001 -23.4083 6.2
      vertex 32.7545 -23.7347 3
      vertex 32.7545 -23.7347 6.2
    endloop
  endfacet
  facet normal -0.941623 0.33667 0
    outer loop
      vertex 32.4785 -20.9318 3
      vertex 32.6001 -20.5917 6.2
      vertex 32.6001 -20.5917 3
    endloop
  endfacet
  facet normal -0.941623 0.33667 0
    outer loop
      vertex 32.6001 -20.5917 6.2
      vertex 32.4785 -20.9318 3
      vertex 32.4785 -20.9318 6.2
    endloop
  endfacet
  facet normal -0.595605 0.803278 0
    outer loop
      vertex 33.9555 -18.9402 1.6
      vertex 33.6654 -19.1553 6.2
      vertex 33.9555 -18.9402 6.2
    endloop
  endfacet
  facet normal -0.595605 0.803278 0
    outer loop
      vertex 33.6654 -19.1553 6.2
      vertex 33.9555 -18.9402 1.6
      vertex 33.6654 -19.1553 1.6
    endloop
  endfacet
  facet normal -0.42761 0.903963 0
    outer loop
      vertex 34.5917 -18.6001 1.6
      vertex 34.2653 -18.7545 6.2
      vertex 34.5917 -18.6001 6.2
    endloop
  endfacet
  facet normal -0.42761 0.903963 0
    outer loop
      vertex 34.2653 -18.7545 6.2
      vertex 34.5917 -18.6001 1.6
      vertex 34.2653 -18.7545 1.6
    endloop
  endfacet
  facet normal 0.514129 -0.857713 0
    outer loop
      vertex 37.7347 -25.2455 3
      vertex 38.0445 -25.0598 6.2
      vertex 37.7347 -25.2455 6.2
    endloop
  endfacet
  facet normal 0.514129 -0.857713 0
    outer loop
      vertex 38.0445 -25.0598 6.2
      vertex 37.7347 -25.2455 3
      vertex 38.0445 -25.0598 3
    endloop
  endfacet
  facet normal -0.741004 -0.6715 0
    outer loop
      vertex 33.3978 -24.6022 3
      vertex 33.1553 -24.3346 6.2
      vertex 33.1553 -24.3346 3
    endloop
  endfacet
  facet normal -0.741004 -0.6715 0
    outer loop
      vertex 33.1553 -24.3346 6.2
      vertex 33.3978 -24.6022 3
      vertex 33.3978 -24.6022 6.2
    endloop
  endfacet
  facet normal 0.903996 0.42754 0
    outer loop
      vertex 39.2455 -20.2653 6.2
      vertex 39.3565 -20.5 3
      vertex 39.2455 -20.2653 1.6
    endloop
  endfacet
  facet normal 0.903963 0.42761 -6.3006e-06
    outer loop
      vertex 39.3999 -20.5917 6.2
      vertex 39.3565 -20.5 3
      vertex 39.2455 -20.2653 6.2
    endloop
  endfacet
  facet normal 0.903878 0.42779 0
    outer loop
      vertex 39.3565 -20.5 3
      vertex 39.3999 -20.5917 6.2
      vertex 39.3999 -20.5917 3
    endloop
  endfacet
  facet normal 0.903996 0.42754 0
    outer loop
      vertex 39.2455 -20.2653 1.6
      vertex 39.3565 -20.5 3
      vertex 39.3565 -20.5 1.6
    endloop
  endfacet
  facet normal 0.998798 -0.0490123 0
    outer loop
      vertex 39.6623 -22.3607 6.2
      vertex 39.68 -22 3
      vertex 39.68 -22 6.2
    endloop
  endfacet
  facet normal 0.998798 -0.0490123 0
    outer loop
      vertex 39.68 -22 3
      vertex 39.6623 -22.3607 6.2
      vertex 39.6623 -22.3607 3
    endloop
  endfacet
  facet normal 0.595605 -0.803278 0
    outer loop
      vertex 38.0445 -25.0598 3
      vertex 38.3346 -24.8447 6.2
      vertex 38.0445 -25.0598 6.2
    endloop
  endfacet
  facet normal 0.595605 -0.803278 0
    outer loop
      vertex 38.3346 -24.8447 6.2
      vertex 38.0445 -25.0598 3
      vertex 38.3346 -24.8447 3
    endloop
  endfacet
  facet normal 0.146769 -0.989171 0
    outer loop
      vertex 36.3607 -25.6623 3
      vertex 36.7179 -25.6093 6.2
      vertex 36.3607 -25.6623 6.2
    endloop
  endfacet
  facet normal 0.146769 -0.989171 0
    outer loop
      vertex 36.7179 -25.6093 6.2
      vertex 36.3607 -25.6623 3
      vertex 36.7179 -25.6093 3
    endloop
  endfacet
  facet normal 0.595605 0.803278 -0
    outer loop
      vertex 38.3346 -19.1553 1.6
      vertex 38.0445 -18.9402 6.2
      vertex 38.3346 -19.1553 6.2
    endloop
  endfacet
  facet normal 0.595605 0.803278 0
    outer loop
      vertex 38.0445 -18.9402 6.2
      vertex 38.3346 -19.1553 1.6
      vertex 38.0445 -18.9402 1.6
    endloop
  endfacet
  facet normal 0.33667 -0.941623 0
    outer loop
      vertex 37.0682 -25.5215 3
      vertex 37.4083 -25.3999 6.2
      vertex 37.0682 -25.5215 6.2
    endloop
  endfacet
  facet normal 0.33667 -0.941623 0
    outer loop
      vertex 37.4083 -25.3999 6.2
      vertex 37.0682 -25.5215 3
      vertex 37.4083 -25.3999 3
    endloop
  endfacet
  facet normal -0.857713 0.514129 0
    outer loop
      vertex 32.7545 -20.2653 1.6
      vertex 32.9402 -19.9555 6.2
      vertex 32.9402 -19.9555 1.6
    endloop
  endfacet
  facet normal -0.857713 0.514129 0
    outer loop
      vertex 32.9402 -19.9555 6.2
      vertex 32.7545 -20.2653 1.6
      vertex 32.7545 -20.2653 6.2
    endloop
  endfacet
  facet normal 0.514129 0.857713 -0
    outer loop
      vertex 38.0445 -18.9402 1.6
      vertex 37.7347 -18.7545 6.2
      vertex 38.0445 -18.9402 6.2
    endloop
  endfacet
  facet normal 0.514129 0.857713 0
    outer loop
      vertex 37.7347 -18.7545 6.2
      vertex 38.0445 -18.9402 1.6
      vertex 37.7347 -18.7545 1.6
    endloop
  endfacet
  facet normal 0.803278 0.595605 0
    outer loop
      vertex 39.0598 -19.9555 6.2
      vertex 38.8447 -19.6654 1.6
      vertex 38.8447 -19.6654 6.2
    endloop
  endfacet
  facet normal 0.803278 0.595605 0
    outer loop
      vertex 38.8447 -19.6654 1.6
      vertex 39.0598 -19.9555 6.2
      vertex 39.0598 -19.9555 1.6
    endloop
  endfacet
  facet normal -0.514129 0.857713 0
    outer loop
      vertex 34.2653 -18.7545 1.6
      vertex 33.9555 -18.9402 6.2
      vertex 34.2653 -18.7545 6.2
    endloop
  endfacet
  facet normal -0.514129 0.857713 0
    outer loop
      vertex 33.9555 -18.9402 6.2
      vertex 34.2653 -18.7545 1.6
      vertex 33.9555 -18.9402 1.6
    endloop
  endfacet
  facet normal -0.146769 0.989171 0
    outer loop
      vertex 35.6393 -18.3377 1.6
      vertex 35.2821 -18.3907 6.2
      vertex 35.6393 -18.3377 6.2
    endloop
  endfacet
  facet normal -0.146769 0.989171 0
    outer loop
      vertex 35.2821 -18.3907 6.2
      vertex 35.6393 -18.3377 1.6
      vertex 35.2821 -18.3907 1.6
    endloop
  endfacet
  facet normal 0.969996 -0.243122 0
    outer loop
      vertex 39.5215 -23.0682 6.2
      vertex 39.6093 -22.7179 3
      vertex 39.6093 -22.7179 6.2
    endloop
  endfacet
  facet normal 0.969996 -0.243122 0
    outer loop
      vertex 39.6093 -22.7179 3
      vertex 39.5215 -23.0682 6.2
      vertex 39.5215 -23.0682 3
    endloop
  endfacet
  facet normal -0.998798 -0.0490123 0
    outer loop
      vertex 32.3377 -22.3607 3
      vertex 32.32 -22 6.2
      vertex 32.32 -22 3
    endloop
  endfacet
  facet normal -0.998798 -0.0490123 0
    outer loop
      vertex 32.32 -22 6.2
      vertex 32.3377 -22.3607 3
      vertex 32.3377 -22.3607 6.2
    endloop
  endfacet
  facet normal -0.33667 0.941623 0
    outer loop
      vertex 34.9318 -18.4785 1.6
      vertex 34.5917 -18.6001 6.2
      vertex 34.9318 -18.4785 6.2
    endloop
  endfacet
  facet normal -0.33667 0.941623 0
    outer loop
      vertex 34.5917 -18.6001 6.2
      vertex 34.9318 -18.4785 1.6
      vertex 34.5917 -18.6001 1.6
    endloop
  endfacet
  facet normal 0.857713 -0.514129 0
    outer loop
      vertex 39.0598 -24.0445 6.2
      vertex 39.2455 -23.7347 3
      vertex 39.2455 -23.7347 6.2
    endloop
  endfacet
  facet normal 0.857713 -0.514129 0
    outer loop
      vertex 39.2455 -23.7347 3
      vertex 39.0598 -24.0445 6.2
      vertex 39.0598 -24.0445 3
    endloop
  endfacet
  facet normal -0.595605 -0.803278 0
    outer loop
      vertex 33.6654 -24.8447 3
      vertex 33.9555 -25.0598 6.2
      vertex 33.6654 -24.8447 6.2
    endloop
  endfacet
  facet normal -0.595605 -0.803278 -0
    outer loop
      vertex 33.9555 -25.0598 6.2
      vertex 33.6654 -24.8447 3
      vertex 33.9555 -25.0598 3
    endloop
  endfacet
  facet normal 0.243122 0.969996 -0
    outer loop
      vertex 37.0682 -18.4785 1.6
      vertex 36.7179 -18.3907 6.2
      vertex 37.0682 -18.4785 6.2
    endloop
  endfacet
  facet normal 0.243122 0.969996 0
    outer loop
      vertex 36.7179 -18.3907 6.2
      vertex 37.0682 -18.4785 1.6
      vertex 36.7179 -18.3907 1.6
    endloop
  endfacet
  facet normal 0.941623 0.33667 0
    outer loop
      vertex 39.5215 -20.9318 6.2
      vertex 39.3999 -20.5917 3
      vertex 39.3999 -20.5917 6.2
    endloop
  endfacet
  facet normal 0.941623 0.33667 0
    outer loop
      vertex 39.3999 -20.5917 3
      vertex 39.5215 -20.9318 6.2
      vertex 39.5215 -20.9318 3
    endloop
  endfacet
  facet normal 0.857713 0.514129 0
    outer loop
      vertex 39.2455 -20.2653 6.2
      vertex 39.0598 -19.9555 1.6
      vertex 39.0598 -19.9555 6.2
    endloop
  endfacet
  facet normal 0.857713 0.514129 0
    outer loop
      vertex 39.0598 -19.9555 1.6
      vertex 39.2455 -20.2653 6.2
      vertex 39.2455 -20.2653 1.6
    endloop
  endfacet
  facet normal -0.741004 0.6715 0
    outer loop
      vertex 33.1553 -19.6654 1.6
      vertex 33.3978 -19.3978 6.2
      vertex 33.3978 -19.3978 1.6
    endloop
  endfacet
  facet normal -0.741004 0.6715 0
    outer loop
      vertex 33.3978 -19.3978 6.2
      vertex 33.1553 -19.6654 1.6
      vertex 33.1553 -19.6654 6.2
    endloop
  endfacet
  facet normal 0.6715 0.741004 -0
    outer loop
      vertex 38.6022 -19.3978 1.6
      vertex 38.3346 -19.1553 6.2
      vertex 38.6022 -19.3978 6.2
    endloop
  endfacet
  facet normal 0.6715 0.741004 0
    outer loop
      vertex 38.3346 -19.1553 6.2
      vertex 38.6022 -19.3978 1.6
      vertex 38.3346 -19.1553 1.6
    endloop
  endfacet
  facet normal -0.989171 0.146769 0
    outer loop
      vertex 32.3377 -21.6393 3
      vertex 32.3907 -21.2821 6.2
      vertex 32.3907 -21.2821 3
    endloop
  endfacet
  facet normal -0.989171 0.146769 0
    outer loop
      vertex 32.3907 -21.2821 6.2
      vertex 32.3377 -21.6393 3
      vertex 32.3377 -21.6393 6.2
    endloop
  endfacet
  facet normal 0.33667 0.941623 -0
    outer loop
      vertex 37.4083 -18.6001 1.6
      vertex 37.0682 -18.4785 6.2
      vertex 37.4083 -18.6001 6.2
    endloop
  endfacet
  facet normal 0.33667 0.941623 0
    outer loop
      vertex 37.0682 -18.4785 6.2
      vertex 37.4083 -18.6001 1.6
      vertex 37.0682 -18.4785 1.6
    endloop
  endfacet
  facet normal -0.243122 0.969996 0
    outer loop
      vertex 35.2821 -18.3907 1.6
      vertex 34.9318 -18.4785 6.2
      vertex 35.2821 -18.3907 6.2
    endloop
  endfacet
  facet normal -0.243122 0.969996 0
    outer loop
      vertex 34.9318 -18.4785 6.2
      vertex 35.2821 -18.3907 1.6
      vertex 34.9318 -18.4785 1.6
    endloop
  endfacet
  facet normal 0.0490123 -0.998798 0
    outer loop
      vertex 36 -25.68 3
      vertex 36.3607 -25.6623 6.2
      vertex 36 -25.68 6.2
    endloop
  endfacet
  facet normal 0.0490123 -0.998798 0
    outer loop
      vertex 36.3607 -25.6623 6.2
      vertex 36 -25.68 3
      vertex 36.3607 -25.6623 3
    endloop
  endfacet
  facet normal 0.741004 -0.6715 0
    outer loop
      vertex 38.6022 -24.6022 6.2
      vertex 38.8447 -24.3346 3
      vertex 38.8447 -24.3346 6.2
    endloop
  endfacet
  facet normal 0.741004 -0.6715 0
    outer loop
      vertex 38.8447 -24.3346 3
      vertex 38.6022 -24.6022 6.2
      vertex 38.6022 -24.6022 3
    endloop
  endfacet
  facet normal -0.6715 -0.741004 0
    outer loop
      vertex 33.3978 -24.6022 3
      vertex 33.6654 -24.8447 6.2
      vertex 33.3978 -24.6022 6.2
    endloop
  endfacet
  facet normal -0.6715 -0.741004 -0
    outer loop
      vertex 33.6654 -24.8447 6.2
      vertex 33.3978 -24.6022 3
      vertex 33.6654 -24.8447 3
    endloop
  endfacet
  facet normal 0.941623 -0.33667 0
    outer loop
      vertex 39.3999 -23.4083 6.2
      vertex 39.5215 -23.0682 3
      vertex 39.5215 -23.0682 6.2
    endloop
  endfacet
  facet normal 0.941623 -0.33667 0
    outer loop
      vertex 39.5215 -23.0682 3
      vertex 39.3999 -23.4083 6.2
      vertex 39.3999 -23.4083 3
    endloop
  endfacet
  facet normal 0.803278 -0.595605 0
    outer loop
      vertex 38.8447 -24.3346 6.2
      vertex 39.0598 -24.0445 3
      vertex 39.0598 -24.0445 6.2
    endloop
  endfacet
  facet normal 0.803278 -0.595605 0
    outer loop
      vertex 39.0598 -24.0445 3
      vertex 38.8447 -24.3346 6.2
      vertex 38.8447 -24.3346 3
    endloop
  endfacet
  facet normal 0.42761 0.903963 -0
    outer loop
      vertex 37.7347 -18.7545 1.6
      vertex 37.4083 -18.6001 6.2
      vertex 37.7347 -18.7545 6.2
    endloop
  endfacet
  facet normal 0.42761 0.903963 0
    outer loop
      vertex 37.4083 -18.6001 6.2
      vertex 37.7347 -18.7545 1.6
      vertex 37.4083 -18.6001 1.6
    endloop
  endfacet
  facet normal -0.146769 -0.989171 0
    outer loop
      vertex 35.2821 -25.6093 3
      vertex 35.6393 -25.6623 6.2
      vertex 35.2821 -25.6093 6.2
    endloop
  endfacet
  facet normal -0.146769 -0.989171 -0
    outer loop
      vertex 35.6393 -25.6623 6.2
      vertex 35.2821 -25.6093 3
      vertex 35.6393 -25.6623 3
    endloop
  endfacet
  facet normal -0.969996 0.243122 0
    outer loop
      vertex 32.3907 -21.2821 3
      vertex 32.4785 -20.9318 6.2
      vertex 32.4785 -20.9318 3
    endloop
  endfacet
  facet normal -0.969996 0.243122 0
    outer loop
      vertex 32.4785 -20.9318 6.2
      vertex 32.3907 -21.2821 3
      vertex 32.3907 -21.2821 6.2
    endloop
  endfacet
  facet normal -0.0490123 0.998798 0
    outer loop
      vertex 36 -18.32 1.6
      vertex 35.6393 -18.3377 6.2
      vertex 36 -18.32 6.2
    endloop
  endfacet
  facet normal -0.0490123 0.998798 0
    outer loop
      vertex 35.6393 -18.3377 6.2
      vertex 36 -18.32 1.6
      vertex 35.6393 -18.3377 1.6
    endloop
  endfacet
  facet normal -0.6715 0.741004 0
    outer loop
      vertex 33.6654 -19.1553 1.6
      vertex 33.3978 -19.3978 6.2
      vertex 33.6654 -19.1553 6.2
    endloop
  endfacet
  facet normal -0.6715 0.741004 0
    outer loop
      vertex 33.3978 -19.3978 6.2
      vertex 33.6654 -19.1553 1.6
      vertex 33.3978 -19.3978 1.6
    endloop
  endfacet
  facet normal -0.857713 -0.514129 0
    outer loop
      vertex 32.9402 -24.0445 3
      vertex 32.7545 -23.7347 6.2
      vertex 32.7545 -23.7347 3
    endloop
  endfacet
  facet normal -0.857713 -0.514129 0
    outer loop
      vertex 32.7545 -23.7347 6.2
      vertex 32.9402 -24.0445 3
      vertex 32.9402 -24.0445 6.2
    endloop
  endfacet
  facet normal 0.243122 -0.969996 0
    outer loop
      vertex 36.7179 -25.6093 3
      vertex 37.0682 -25.5215 6.2
      vertex 36.7179 -25.6093 6.2
    endloop
  endfacet
  facet normal 0.243122 -0.969996 0
    outer loop
      vertex 37.0682 -25.5215 6.2
      vertex 36.7179 -25.6093 3
      vertex 37.0682 -25.5215 3
    endloop
  endfacet
  facet normal -0.903996 0.42754 0
    outer loop
      vertex 32.6435 -20.5 3
      vertex 32.7545 -20.2653 1.6
      vertex 32.6435 -20.5 1.6
    endloop
  endfacet
  facet normal -0.903996 0.42754 0
    outer loop
      vertex 32.7545 -20.2653 1.6
      vertex 32.6435 -20.5 3
      vertex 32.7545 -20.2653 6.2
    endloop
  endfacet
  facet normal -0.903878 0.42779 0
    outer loop
      vertex 32.6001 -20.5917 6.2
      vertex 32.6435 -20.5 3
      vertex 32.6001 -20.5917 3
    endloop
  endfacet
  facet normal -0.903963 0.42761 -6.3006e-06
    outer loop
      vertex 32.6435 -20.5 3
      vertex 32.6001 -20.5917 6.2
      vertex 32.7545 -20.2653 6.2
    endloop
  endfacet
  facet normal -0.969996 -0.243122 0
    outer loop
      vertex 32.4785 -23.0682 3
      vertex 32.3907 -22.7179 6.2
      vertex 32.3907 -22.7179 3
    endloop
  endfacet
  facet normal -0.969996 -0.243122 0
    outer loop
      vertex 32.3907 -22.7179 6.2
      vertex 32.4785 -23.0682 3
      vertex 32.4785 -23.0682 6.2
    endloop
  endfacet
  facet normal -0.803278 0.595605 0
    outer loop
      vertex 32.9402 -19.9555 1.6
      vertex 33.1553 -19.6654 6.2
      vertex 33.1553 -19.6654 1.6
    endloop
  endfacet
  facet normal -0.803278 0.595605 0
    outer loop
      vertex 33.1553 -19.6654 6.2
      vertex 32.9402 -19.9555 1.6
      vertex 32.9402 -19.9555 6.2
    endloop
  endfacet
  facet normal -0.803278 -0.595605 0
    outer loop
      vertex 33.1553 -24.3346 3
      vertex 32.9402 -24.0445 6.2
      vertex 32.9402 -24.0445 3
    endloop
  endfacet
  facet normal -0.803278 -0.595605 0
    outer loop
      vertex 32.9402 -24.0445 6.2
      vertex 33.1553 -24.3346 3
      vertex 33.1553 -24.3346 6.2
    endloop
  endfacet
  facet normal -0.989171 -0.146769 0
    outer loop
      vertex 32.3907 -22.7179 3
      vertex 32.3377 -22.3607 6.2
      vertex 32.3377 -22.3607 3
    endloop
  endfacet
  facet normal -0.989171 -0.146769 0
    outer loop
      vertex 32.3377 -22.3607 6.2
      vertex 32.3907 -22.7179 3
      vertex 32.3907 -22.7179 6.2
    endloop
  endfacet
  facet normal 0.903963 -0.42761 0
    outer loop
      vertex 39.2455 -23.7347 6.2
      vertex 39.3999 -23.4083 3
      vertex 39.3999 -23.4083 6.2
    endloop
  endfacet
  facet normal 0.903963 -0.42761 0
    outer loop
      vertex 39.3999 -23.4083 3
      vertex 39.2455 -23.7347 6.2
      vertex 39.2455 -23.7347 3
    endloop
  endfacet
  facet normal -0.243122 -0.969996 0
    outer loop
      vertex 34.9318 -25.5215 3
      vertex 35.2821 -25.6093 6.2
      vertex 34.9318 -25.5215 6.2
    endloop
  endfacet
  facet normal -0.243122 -0.969996 -0
    outer loop
      vertex 35.2821 -25.6093 6.2
      vertex 34.9318 -25.5215 3
      vertex 35.2821 -25.6093 3
    endloop
  endfacet
  facet normal 0.741004 0.6715 0
    outer loop
      vertex 38.8447 -19.6654 6.2
      vertex 38.6022 -19.3978 1.6
      vertex 38.6022 -19.3978 6.2
    endloop
  endfacet
  facet normal 0.741004 0.6715 0
    outer loop
      vertex 38.6022 -19.3978 1.6
      vertex 38.8447 -19.6654 6.2
      vertex 38.8447 -19.6654 1.6
    endloop
  endfacet
  facet normal -0.0490123 -0.998798 0
    outer loop
      vertex 35.6393 -25.6623 3
      vertex 36 -25.68 6.2
      vertex 35.6393 -25.6623 6.2
    endloop
  endfacet
  facet normal -0.0490123 -0.998798 -0
    outer loop
      vertex 36 -25.68 6.2
      vertex 35.6393 -25.6623 3
      vertex 36 -25.68 3
    endloop
  endfacet
  facet normal 0 0 1
    outer loop
      vertex 39.6623 -21.6393 6.2
      vertex 39.6623 -22.3607 6.2
      vertex 39.68 -22 6.2
    endloop
  endfacet
  facet normal 0 0 1
    outer loop
      vertex 39.6093 -21.2821 6.2
      vertex 39.6623 -22.3607 6.2
      vertex 39.6623 -21.6393 6.2
    endloop
  endfacet
  facet normal 0 0 1
    outer loop
      vertex 39.6093 -21.2821 6.2
      vertex 39.6093 -22.7179 6.2
      vertex 39.6623 -22.3607 6.2
    endloop
  endfacet
  facet normal 0 0 1
    outer loop
      vertex 39.5215 -20.9318 6.2
      vertex 39.6093 -22.7179 6.2
      vertex 39.6093 -21.2821 6.2
    endloop
  endfacet
  facet normal 0 0 1
    outer loop
      vertex 39.5215 -20.9318 6.2
      vertex 39.5215 -23.0682 6.2
      vertex 39.6093 -22.7179 6.2
    endloop
  endfacet
  facet normal 0 0 1
    outer loop
      vertex 39.3999 -20.5917 6.2
      vertex 39.5215 -23.0682 6.2
      vertex 39.5215 -20.9318 6.2
    endloop
  endfacet
  facet normal 0 0 1
    outer loop
      vertex 39.3999 -20.5917 6.2
      vertex 39.3999 -23.4083 6.2
      vertex 39.5215 -23.0682 6.2
    endloop
  endfacet
  facet normal 0 0 1
    outer loop
      vertex 39.2455 -20.2653 6.2
      vertex 39.3999 -23.4083 6.2
      vertex 39.3999 -20.5917 6.2
    endloop
  endfacet
  facet normal 0 0 1
    outer loop
      vertex 39.2455 -20.2653 6.2
      vertex 39.2455 -23.7347 6.2
      vertex 39.3999 -23.4083 6.2
    endloop
  endfacet
  facet normal 0 0 1
    outer loop
      vertex 39.0598 -19.9555 6.2
      vertex 39.2455 -23.7347 6.2
      vertex 39.2455 -20.2653 6.2
    endloop
  endfacet
  facet normal 0 0 1
    outer loop
      vertex 39.0598 -19.9555 6.2
      vertex 39.0598 -24.0445 6.2
      vertex 39.2455 -23.7347 6.2
    endloop
  endfacet
  facet normal 0 0 1
    outer loop
      vertex 38.8447 -19.6654 6.2
      vertex 39.0598 -24.0445 6.2
      vertex 39.0598 -19.9555 6.2
    endloop
  endfacet
  facet normal 0 0 1
    outer loop
      vertex 38.8447 -19.6654 6.2
      vertex 38.8447 -24.3346 6.2
      vertex 39.0598 -24.0445 6.2
    endloop
  endfacet
  facet normal 0 0 1
    outer loop
      vertex 38.6022 -19.3978 6.2
      vertex 38.8447 -24.3346 6.2
      vertex 38.8447 -19.6654 6.2
    endloop
  endfacet
  facet normal 0 0 1
    outer loop
      vertex 38.6022 -19.3978 6.2
      vertex 38.6022 -24.6022 6.2
      vertex 38.8447 -24.3346 6.2
    endloop
  endfacet
  facet normal 0 0 1
    outer loop
      vertex 38.3346 -19.1553 6.2
      vertex 38.6022 -24.6022 6.2
      vertex 38.6022 -19.3978 6.2
    endloop
  endfacet
  facet normal 0 0 1
    outer loop
      vertex 38.3346 -19.1553 6.2
      vertex 38.3346 -24.8447 6.2
      vertex 38.6022 -24.6022 6.2
    endloop
  endfacet
  facet normal 0 0 1
    outer loop
      vertex 38.0445 -18.9402 6.2
      vertex 38.3346 -24.8447 6.2
      vertex 38.3346 -19.1553 6.2
    endloop
  endfacet
  facet normal 0 0 1
    outer loop
      vertex 38.0445 -18.9402 6.2
      vertex 38.0445 -25.0598 6.2
      vertex 38.3346 -24.8447 6.2
    endloop
  endfacet
  facet normal 0 0 1
    outer loop
      vertex 37.7347 -18.7545 6.2
      vertex 38.0445 -25.0598 6.2
      vertex 38.0445 -18.9402 6.2
    endloop
  endfacet
  facet normal 0 0 1
    outer loop
      vertex 37.7347 -18.7545 6.2
      vertex 37.7347 -25.2455 6.2
      vertex 38.0445 -25.0598 6.2
    endloop
  endfacet
  facet normal 0 0 1
    outer loop
      vertex 37.4083 -18.6001 6.2
      vertex 37.7347 -25.2455 6.2
      vertex 37.7347 -18.7545 6.2
    endloop
  endfacet
  facet normal 0 0 1
    outer loop
      vertex 37.4083 -18.6001 6.2
      vertex 37.4083 -25.3999 6.2
      vertex 37.7347 -25.2455 6.2
    endloop
  endfacet
  facet normal 0 0 1
    outer loop
      vertex 37.0682 -18.4785 6.2
      vertex 37.4083 -25.3999 6.2
      vertex 37.4083 -18.6001 6.2
    endloop
  endfacet
  facet normal 0 0 1
    outer loop
      vertex 37.0682 -18.4785 6.2
      vertex 37.0682 -25.5215 6.2
      vertex 37.4083 -25.3999 6.2
    endloop
  endfacet
  facet normal 0 0 1
    outer loop
      vertex 36.7179 -18.3907 6.2
      vertex 37.0682 -25.5215 6.2
      vertex 37.0682 -18.4785 6.2
    endloop
  endfacet
  facet normal 0 0 1
    outer loop
      vertex 36.7179 -18.3907 6.2
      vertex 36.7179 -25.6093 6.2
      vertex 37.0682 -25.5215 6.2
    endloop
  endfacet
  facet normal 0 0 1
    outer loop
      vertex 36.3607 -18.3377 6.2
      vertex 36.7179 -25.6093 6.2
      vertex 36.7179 -18.3907 6.2
    endloop
  endfacet
  facet normal 0 0 1
    outer loop
      vertex 36.3607 -18.3377 6.2
      vertex 36.3607 -25.6623 6.2
      vertex 36.7179 -25.6093 6.2
    endloop
  endfacet
  facet normal 0 0 1
    outer loop
      vertex 36 -18.32 6.2
      vertex 36.3607 -25.6623 6.2
      vertex 36.3607 -18.3377 6.2
    endloop
  endfacet
  facet normal 0 0 1
    outer loop
      vertex 36 -18.32 6.2
      vertex 36 -25.68 6.2
      vertex 36.3607 -25.6623 6.2
    endloop
  endfacet
  facet normal -0 0 1
    outer loop
      vertex 35.6393 -18.3377 6.2
      vertex 36 -25.68 6.2
      vertex 36 -18.32 6.2
    endloop
  endfacet
  facet normal 0 0 1
    outer loop
      vertex 35.6393 -18.3377 6.2
      vertex 35.6393 -25.6623 6.2
      vertex 36 -25.68 6.2
    endloop
  endfacet
  facet normal -0 0 1
    outer loop
      vertex 35.2821 -18.3907 6.2
      vertex 35.6393 -25.6623 6.2
      vertex 35.6393 -18.3377 6.2
    endloop
  endfacet
  facet normal 0 0 1
    outer loop
      vertex 35.2821 -18.3907 6.2
      vertex 35.2821 -25.6093 6.2
      vertex 35.6393 -25.6623 6.2
    endloop
  endfacet
  facet normal -0 0 1
    outer loop
      vertex 34.9318 -18.4785 6.2
      vertex 35.2821 -25.6093 6.2
      vertex 35.2821 -18.3907 6.2
    endloop
  endfacet
  facet normal 0 0 1
    outer loop
      vertex 34.9318 -18.4785 6.2
      vertex 34.9318 -25.5215 6.2
      vertex 35.2821 -25.6093 6.2
    endloop
  endfacet
  facet normal -0 0 1
    outer loop
      vertex 34.5917 -18.6001 6.2
      vertex 34.9318 -25.5215 6.2
      vertex 34.9318 -18.4785 6.2
    endloop
  endfacet
  facet normal 0 0 1
    outer loop
      vertex 34.5917 -18.6001 6.2
      vertex 34.5917 -25.3999 6.2
      vertex 34.9318 -25.5215 6.2
    endloop
  endfacet
  facet normal -0 0 1
    outer loop
      vertex 34.2653 -18.7545 6.2
      vertex 34.5917 -25.3999 6.2
      vertex 34.5917 -18.6001 6.2
    endloop
  endfacet
  facet normal 0 0 1
    outer loop
      vertex 34.2653 -18.7545 6.2
      vertex 34.2653 -25.2455 6.2
      vertex 34.5917 -25.3999 6.2
    endloop
  endfacet
  facet normal -0 0 1
    outer loop
      vertex 33.9555 -18.9402 6.2
      vertex 34.2653 -25.2455 6.2
      vertex 34.2653 -18.7545 6.2
    endloop
  endfacet
  facet normal 0 0 1
    outer loop
      vertex 33.9555 -18.9402 6.2
      vertex 33.9555 -25.0598 6.2
      vertex 34.2653 -25.2455 6.2
    endloop
  endfacet
  facet normal -0 0 1
    outer loop
      vertex 33.6654 -19.1553 6.2
      vertex 33.9555 -25.0598 6.2
      vertex 33.9555 -18.9402 6.2
    endloop
  endfacet
  facet normal 0 0 1
    outer loop
      vertex 33.6654 -19.1553 6.2
      vertex 33.6654 -24.8447 6.2
      vertex 33.9555 -25.0598 6.2
    endloop
  endfacet
  facet normal -0 0 1
    outer loop
      vertex 33.3978 -19.3978 6.2
      vertex 33.6654 -24.8447 6.2
      vertex 33.6654 -19.1553 6.2
    endloop
  endfacet
  facet normal 0 0 1
    outer loop
      vertex 33.3978 -19.3978 6.2
      vertex 33.3978 -24.6022 6.2
      vertex 33.6654 -24.8447 6.2
    endloop
  endfacet
  facet normal -0 0 1
    outer loop
      vertex 33.1553 -19.6654 6.2
      vertex 33.3978 -24.6022 6.2
      vertex 33.3978 -19.3978 6.2
    endloop
  endfacet
  facet normal 0 0 1
    outer loop
      vertex 33.1553 -19.6654 6.2
      vertex 33.1553 -24.3346 6.2
      vertex 33.3978 -24.6022 6.2
    endloop
  endfacet
  facet normal -0 0 1
    outer loop
      vertex 32.9402 -19.9555 6.2
      vertex 33.1553 -24.3346 6.2
      vertex 33.1553 -19.6654 6.2
    endloop
  endfacet
  facet normal 0 0 1
    outer loop
      vertex 32.9402 -19.9555 6.2
      vertex 32.9402 -24.0445 6.2
      vertex 33.1553 -24.3346 6.2
    endloop
  endfacet
  facet normal -0 0 1
    outer loop
      vertex 32.7545 -20.2653 6.2
      vertex 32.9402 -24.0445 6.2
      vertex 32.9402 -19.9555 6.2
    endloop
  endfacet
  facet normal 0 0 1
    outer loop
      vertex 32.7545 -20.2653 6.2
      vertex 32.7545 -23.7347 6.2
      vertex 32.9402 -24.0445 6.2
    endloop
  endfacet
  facet normal -0 0 1
    outer loop
      vertex 32.6001 -20.5917 6.2
      vertex 32.7545 -23.7347 6.2
      vertex 32.7545 -20.2653 6.2
    endloop
  endfacet
  facet normal 0 0 1
    outer loop
      vertex 32.6001 -20.5917 6.2
      vertex 32.6001 -23.4083 6.2
      vertex 32.7545 -23.7347 6.2
    endloop
  endfacet
  facet normal -0 0 1
    outer loop
      vertex 32.4785 -20.9318 6.2
      vertex 32.6001 -23.4083 6.2
      vertex 32.6001 -20.5917 6.2
    endloop
  endfacet
  facet normal 0 0 1
    outer loop
      vertex 32.4785 -20.9318 6.2
      vertex 32.4785 -23.0682 6.2
      vertex 32.6001 -23.4083 6.2
    endloop
  endfacet
  facet normal -0 0 1
    outer loop
      vertex 32.3907 -21.2821 6.2
      vertex 32.4785 -23.0682 6.2
      vertex 32.4785 -20.9318 6.2
    endloop
  endfacet
  facet normal 0 0 1
    outer loop
      vertex 32.3907 -21.2821 6.2
      vertex 32.3907 -22.7179 6.2
      vertex 32.4785 -23.0682 6.2
    endloop
  endfacet
  facet normal -0 0 1
    outer loop
      vertex 32.3377 -21.6393 6.2
      vertex 32.3907 -22.7179 6.2
      vertex 32.3907 -21.2821 6.2
    endloop
  endfacet
  facet normal 0 0 1
    outer loop
      vertex 32.3377 -21.6393 6.2
      vertex 32.3377 -22.3607 6.2
      vertex 32.3907 -22.7179 6.2
    endloop
  endfacet
  facet normal 0 -0 1
    outer loop
      vertex 32.3377 -22.3607 6.2
      vertex 32.3377 -21.6393 6.2
      vertex 32.32 -22 6.2
    endloop
  endfacet
  facet normal -0.998798 0.0490123 0
    outer loop
      vertex 32.32 -22 3
      vertex 32.3377 -21.6393 6.2
      vertex 32.3377 -21.6393 3
    endloop
  endfacet
  facet normal -0.998798 0.0490123 0
    outer loop
      vertex 32.3377 -21.6393 6.2
      vertex 32.32 -22 3
      vertex 32.32 -22 6.2
    endloop
  endfacet
  facet normal -0.33667 -0.941623 0
    outer loop
      vertex 34.5917 -25.3999 3
      vertex 34.9318 -25.5215 6.2
      vertex 34.5917 -25.3999 6.2
    endloop
  endfacet
  facet normal -0.33667 -0.941623 -0
    outer loop
      vertex 34.9318 -25.5215 6.2
      vertex 34.5917 -25.3999 3
      vertex 34.9318 -25.5215 3
    endloop
  endfacet
  facet normal 0.6715 -0.741004 0
    outer loop
      vertex 38.3346 -24.8447 3
      vertex 38.6022 -24.6022 6.2
      vertex 38.3346 -24.8447 6.2
    endloop
  endfacet
  facet normal 0.6715 -0.741004 0
    outer loop
      vertex 38.6022 -24.6022 6.2
      vertex 38.3346 -24.8447 3
      vertex 38.6022 -24.6022 3
    endloop
  endfacet
  facet normal 0 0 -1
    outer loop
      vertex 39.3565 -20.5 1.6
      vertex 39.0598 -19.9555 1.6
      vertex 39.2455 -20.2653 1.6
    endloop
  endfacet
  facet normal 0 0 -1
    outer loop
      vertex 39.3565 -20.5 1.6
      vertex 38.8447 -19.6654 1.6
      vertex 39.0598 -19.9555 1.6
    endloop
  endfacet
  facet normal 0 0 -1
    outer loop
      vertex 39.3565 -20.5 1.6
      vertex 38.6022 -19.3978 1.6
      vertex 38.8447 -19.6654 1.6
    endloop
  endfacet
  facet normal 0 0 -1
    outer loop
      vertex 39.3565 -20.5 1.6
      vertex 38.3346 -19.1553 1.6
      vertex 38.6022 -19.3978 1.6
    endloop
  endfacet
  facet normal 0 0 -1
    outer loop
      vertex 39.3565 -20.5 1.6
      vertex 38.0445 -18.9402 1.6
      vertex 38.3346 -19.1553 1.6
    endloop
  endfacet
  facet normal 0 0 -1
    outer loop
      vertex 39.3565 -20.5 1.6
      vertex 37.7347 -18.7545 1.6
      vertex 38.0445 -18.9402 1.6
    endloop
  endfacet
  facet normal 0 0 -1
    outer loop
      vertex 39.3565 -20.5 1.6
      vertex 37.4083 -18.6001 1.6
      vertex 37.7347 -18.7545 1.6
    endloop
  endfacet
  facet normal 0 0 -1
    outer loop
      vertex 39.3565 -20.5 1.6
      vertex 37.0682 -18.4785 1.6
      vertex 37.4083 -18.6001 1.6
    endloop
  endfacet
  facet normal 0 0 -1
    outer loop
      vertex 39.3565 -20.5 1.6
      vertex 36.7179 -18.3907 1.6
      vertex 37.0682 -18.4785 1.6
    endloop
  endfacet
  facet normal 0 0 -1
    outer loop
      vertex 39.3565 -20.5 1.6
      vertex 36.3607 -18.3377 1.6
      vertex 36.7179 -18.3907 1.6
    endloop
  endfacet
  facet normal 0 0 -1
    outer loop
      vertex 39.3565 -20.5 1.6
      vertex 36 -18.32 1.6
      vertex 36.3607 -18.3377 1.6
    endloop
  endfacet
  facet normal 0 0 -1
    outer loop
      vertex 39.3565 -20.5 1.6
      vertex 35.6393 -18.3377 1.6
      vertex 36 -18.32 1.6
    endloop
  endfacet
  facet normal 0 0 -1
    outer loop
      vertex 39.3565 -20.5 1.6
      vertex 35.2821 -18.3907 1.6
      vertex 35.6393 -18.3377 1.6
    endloop
  endfacet
  facet normal 0 0 -1
    outer loop
      vertex 39.3565 -20.5 1.6
      vertex 34.9318 -18.4785 1.6
      vertex 35.2821 -18.3907 1.6
    endloop
  endfacet
  facet normal 0 0 -1
    outer loop
      vertex 39.3565 -20.5 1.6
      vertex 34.5917 -18.6001 1.6
      vertex 34.9318 -18.4785 1.6
    endloop
  endfacet
  facet normal 0 0 -1
    outer loop
      vertex 39.3565 -20.5 1.6
      vertex 34.2653 -18.7545 1.6
      vertex 34.5917 -18.6001 1.6
    endloop
  endfacet
  facet normal 0 0 -1
    outer loop
      vertex 39.3565 -20.5 1.6
      vertex 33.9555 -18.9402 1.6
      vertex 34.2653 -18.7545 1.6
    endloop
  endfacet
  facet normal 0 0 -1
    outer loop
      vertex 39.3565 -20.5 1.6
      vertex 33.6654 -19.1553 1.6
      vertex 33.9555 -18.9402 1.6
    endloop
  endfacet
  facet normal 0 0 -1
    outer loop
      vertex 39.3565 -20.5 1.6
      vertex 33.3978 -19.3978 1.6
      vertex 33.6654 -19.1553 1.6
    endloop
  endfacet
  facet normal 0 0 -1
    outer loop
      vertex 39.3565 -20.5 1.6
      vertex 33.1553 -19.6654 1.6
      vertex 33.3978 -19.3978 1.6
    endloop
  endfacet
  facet normal 0 0 -1
    outer loop
      vertex 39.3565 -20.5 1.6
      vertex 32.9402 -19.9555 1.6
      vertex 33.1553 -19.6654 1.6
    endloop
  endfacet
  facet normal 0 0 -1
    outer loop
      vertex 32.6435 -20.5 1.6
      vertex 32.9402 -19.9555 1.6
      vertex 39.3565 -20.5 1.6
    endloop
  endfacet
  facet normal 0 0 -1
    outer loop
      vertex 32.9402 -19.9555 1.6
      vertex 32.6435 -20.5 1.6
      vertex 32.7545 -20.2653 1.6
    endloop
  endfacet
  facet normal 0.989171 0.146769 0
    outer loop
      vertex -32.3377 22.3607 6.2
      vertex -32.3907 22.7179 3
      vertex -32.3907 22.7179 6.2
    endloop
  endfacet
  facet normal 0.989171 0.146769 0
    outer loop
      vertex -32.3907 22.7179 3
      vertex -32.3377 22.3607 6.2
      vertex -32.3377 22.3607 3
    endloop
  endfacet
  facet normal 0.998798 0.0490123 0
    outer loop
      vertex -32.32 22 6.2
      vertex -32.3377 22.3607 3
      vertex -32.3377 22.3607 6.2
    endloop
  endfacet
  facet normal 0.998798 0.0490123 0
    outer loop
      vertex -32.3377 22.3607 3
      vertex -32.32 22 6.2
      vertex -32.32 22 3
    endloop
  endfacet
  facet normal 0.969996 0.243122 0
    outer loop
      vertex -32.3907 22.7179 6.2
      vertex -32.4785 23.0682 3
      vertex -32.4785 23.0682 6.2
    endloop
  endfacet
  facet normal 0.969996 0.243122 0
    outer loop
      vertex -32.4785 23.0682 3
      vertex -32.3907 22.7179 6.2
      vertex -32.3907 22.7179 3
    endloop
  endfacet
  facet normal -0.243122 0.969996 0
    outer loop
      vertex -36.7179 25.6093 3
      vertex -37.0682 25.5215 6.2
      vertex -36.7179 25.6093 6.2
    endloop
  endfacet
  facet normal -0.243122 0.969996 0
    outer loop
      vertex -37.0682 25.5215 6.2
      vertex -36.7179 25.6093 3
      vertex -37.0682 25.5215 3
    endloop
  endfacet
  facet normal -0.903963 -0.42761 0
    outer loop
      vertex -39.2455 20.2653 3
      vertex -39.3999 20.5917 6.2
      vertex -39.3999 20.5917 3
    endloop
  endfacet
  facet normal -0.903963 -0.42761 0
    outer loop
      vertex -39.3999 20.5917 6.2
      vertex -39.2455 20.2653 3
      vertex -39.2455 20.2653 6.2
    endloop
  endfacet
  facet normal 0.42761 -0.903963 0
    outer loop
      vertex -34.5917 18.6001 3
      vertex -34.2653 18.7545 6.2
      vertex -34.5917 18.6001 6.2
    endloop
  endfacet
  facet normal 0.42761 -0.903963 0
    outer loop
      vertex -34.2653 18.7545 6.2
      vertex -34.5917 18.6001 3
      vertex -34.2653 18.7545 3
    endloop
  endfacet
  facet normal 0.514129 0.857713 -0
    outer loop
      vertex -33.9555 25.0598 3
      vertex -34.2653 25.2455 6.2
      vertex -33.9555 25.0598 6.2
    endloop
  endfacet
  facet normal 0.514129 0.857713 0
    outer loop
      vertex -34.2653 25.2455 6.2
      vertex -33.9555 25.0598 3
      vertex -34.2653 25.2455 3
    endloop
  endfacet
  facet normal 0.514129 -0.857713 0
    outer loop
      vertex -34.2653 18.7545 3
      vertex -33.9555 18.9402 6.2
      vertex -34.2653 18.7545 6.2
    endloop
  endfacet
  facet normal 0.514129 -0.857713 0
    outer loop
      vertex -33.9555 18.9402 6.2
      vertex -34.2653 18.7545 3
      vertex -33.9555 18.9402 3
    endloop
  endfacet
  facet normal 0 0 1
    outer loop
      vertex -32.3377 22.3607 6.2
      vertex -32.3377 21.6393 6.2
      vertex -32.32 22 6.2
    endloop
  endfacet
  facet normal 0 0 1
    outer loop
      vertex -32.3907 22.7179 6.2
      vertex -32.3377 21.6393 6.2
      vertex -32.3377 22.3607 6.2
    endloop
  endfacet
  facet normal 0 0 1
    outer loop
      vertex -32.3907 22.7179 6.2
      vertex -32.3907 21.2821 6.2
      vertex -32.3377 21.6393 6.2
    endloop
  endfacet
  facet normal 0 0 1
    outer loop
      vertex -32.4785 23.0682 6.2
      vertex -32.3907 21.2821 6.2
      vertex -32.3907 22.7179 6.2
    endloop
  endfacet
  facet normal 0 0 1
    outer loop
      vertex -32.4785 23.0682 6.2
      vertex -32.4785 20.9318 6.2
      vertex -32.3907 21.2821 6.2
    endloop
  endfacet
  facet normal 0 0 1
    outer loop
      vertex -32.6001 23.4083 6.2
      vertex -32.4785 20.9318 6.2
      vertex -32.4785 23.0682 6.2
    endloop
  endfacet
  facet normal 0 0 1
    outer loop
      vertex -32.6001 23.4083 6.2
      vertex -32.6001 20.5917 6.2
      vertex -32.4785 20.9318 6.2
    endloop
  endfacet
  facet normal 0 0 1
    outer loop
      vertex -32.7545 23.7347 6.2
      vertex -32.6001 20.5917 6.2
      vertex -32.6001 23.4083 6.2
    endloop
  endfacet
  facet normal 0 0 1
    outer loop
      vertex -32.7545 23.7347 6.2
      vertex -32.7545 20.2653 6.2
      vertex -32.6001 20.5917 6.2
    endloop
  endfacet
  facet normal 0 0 1
    outer loop
      vertex -32.9402 24.0445 6.2
      vertex -32.7545 20.2653 6.2
      vertex -32.7545 23.7347 6.2
    endloop
  endfacet
  facet normal 0 0 1
    outer loop
      vertex -32.9402 24.0445 6.2
      vertex -32.9402 19.9555 6.2
      vertex -32.7545 20.2653 6.2
    endloop
  endfacet
  facet normal 0 0 1
    outer loop
      vertex -33.1553 24.3346 6.2
      vertex -32.9402 19.9555 6.2
      vertex -32.9402 24.0445 6.2
    endloop
  endfacet
  facet normal 0 0 1
    outer loop
      vertex -33.1553 24.3346 6.2
      vertex -33.1553 19.6654 6.2
      vertex -32.9402 19.9555 6.2
    endloop
  endfacet
  facet normal 0 0 1
    outer loop
      vertex -33.3978 24.6022 6.2
      vertex -33.1553 19.6654 6.2
      vertex -33.1553 24.3346 6.2
    endloop
  endfacet
  facet normal 0 0 1
    outer loop
      vertex -33.3978 24.6022 6.2
      vertex -33.3978 19.3978 6.2
      vertex -33.1553 19.6654 6.2
    endloop
  endfacet
  facet normal 0 0 1
    outer loop
      vertex -33.6654 24.8447 6.2
      vertex -33.3978 19.3978 6.2
      vertex -33.3978 24.6022 6.2
    endloop
  endfacet
  facet normal 0 0 1
    outer loop
      vertex -33.6654 24.8447 6.2
      vertex -33.6654 19.1553 6.2
      vertex -33.3978 19.3978 6.2
    endloop
  endfacet
  facet normal 0 0 1
    outer loop
      vertex -33.9555 25.0598 6.2
      vertex -33.6654 19.1553 6.2
      vertex -33.6654 24.8447 6.2
    endloop
  endfacet
  facet normal 0 0 1
    outer loop
      vertex -33.9555 25.0598 6.2
      vertex -33.9555 18.9402 6.2
      vertex -33.6654 19.1553 6.2
    endloop
  endfacet
  facet normal 0 0 1
    outer loop
      vertex -34.2653 25.2455 6.2
      vertex -33.9555 18.9402 6.2
      vertex -33.9555 25.0598 6.2
    endloop
  endfacet
  facet normal 0 0 1
    outer loop
      vertex -34.2653 25.2455 6.2
      vertex -34.2653 18.7545 6.2
      vertex -33.9555 18.9402 6.2
    endloop
  endfacet
  facet normal 0 0 1
    outer loop
      vertex -34.5917 25.3999 6.2
      vertex -34.2653 18.7545 6.2
      vertex -34.2653 25.2455 6.2
    endloop
  endfacet
  facet normal 0 0 1
    outer loop
      vertex -34.5917 25.3999 6.2
      vertex -34.5917 18.6001 6.2
      vertex -34.2653 18.7545 6.2
    endloop
  endfacet
  facet normal 0 0 1
    outer loop
      vertex -34.9318 25.5215 6.2
      vertex -34.5917 18.6001 6.2
      vertex -34.5917 25.3999 6.2
    endloop
  endfacet
  facet normal 0 0 1
    outer loop
      vertex -34.9318 25.5215 6.2
      vertex -34.9318 18.4785 6.2
      vertex -34.5917 18.6001 6.2
    endloop
  endfacet
  facet normal 0 0 1
    outer loop
      vertex -35.2821 25.6093 6.2
      vertex -34.9318 18.4785 6.2
      vertex -34.9318 25.5215 6.2
    endloop
  endfacet
  facet normal 0 0 1
    outer loop
      vertex -35.2821 25.6093 6.2
      vertex -35.2821 18.3907 6.2
      vertex -34.9318 18.4785 6.2
    endloop
  endfacet
  facet normal 0 0 1
    outer loop
      vertex -35.6393 25.6623 6.2
      vertex -35.2821 18.3907 6.2
      vertex -35.2821 25.6093 6.2
    endloop
  endfacet
  facet normal 0 0 1
    outer loop
      vertex -35.6393 25.6623 6.2
      vertex -35.6393 18.3377 6.2
      vertex -35.2821 18.3907 6.2
    endloop
  endfacet
  facet normal 0 0 1
    outer loop
      vertex -36 25.68 6.2
      vertex -35.6393 18.3377 6.2
      vertex -35.6393 25.6623 6.2
    endloop
  endfacet
  facet normal 0 0 1
    outer loop
      vertex -36 25.68 6.2
      vertex -36 18.32 6.2
      vertex -35.6393 18.3377 6.2
    endloop
  endfacet
  facet normal -0 0 1
    outer loop
      vertex -36.3607 25.6623 6.2
      vertex -36 18.32 6.2
      vertex -36 25.68 6.2
    endloop
  endfacet
  facet normal 0 0 1
    outer loop
      vertex -36.3607 25.6623 6.2
      vertex -36.3607 18.3377 6.2
      vertex -36 18.32 6.2
    endloop
  endfacet
  facet normal -0 0 1
    outer loop
      vertex -36.7179 25.6093 6.2
      vertex -36.3607 18.3377 6.2
      vertex -36.3607 25.6623 6.2
    endloop
  endfacet
  facet normal 0 0 1
    outer loop
      vertex -36.7179 25.6093 6.2
      vertex -36.7179 18.3907 6.2
      vertex -36.3607 18.3377 6.2
    endloop
  endfacet
  facet normal -0 0 1
    outer loop
      vertex -37.0682 25.5215 6.2
      vertex -36.7179 18.3907 6.2
      vertex -36.7179 25.6093 6.2
    endloop
  endfacet
  facet normal 0 0 1
    outer loop
      vertex -37.0682 25.5215 6.2
      vertex -37.0682 18.4785 6.2
      vertex -36.7179 18.3907 6.2
    endloop
  endfacet
  facet normal -0 0 1
    outer loop
      vertex -37.4083 25.3999 6.2
      vertex -37.0682 18.4785 6.2
      vertex -37.0682 25.5215 6.2
    endloop
  endfacet
  facet normal 0 0 1
    outer loop
      vertex -37.4083 25.3999 6.2
      vertex -37.4083 18.6001 6.2
      vertex -37.0682 18.4785 6.2
    endloop
  endfacet
  facet normal -0 0 1
    outer loop
      vertex -37.7347 25.2455 6.2
      vertex -37.4083 18.6001 6.2
      vertex -37.4083 25.3999 6.2
    endloop
  endfacet
  facet normal 0 0 1
    outer loop
      vertex -37.7347 25.2455 6.2
      vertex -37.7347 18.7545 6.2
      vertex -37.4083 18.6001 6.2
    endloop
  endfacet
  facet normal -0 0 1
    outer loop
      vertex -38.0445 25.0598 6.2
      vertex -37.7347 18.7545 6.2
      vertex -37.7347 25.2455 6.2
    endloop
  endfacet
  facet normal 0 0 1
    outer loop
      vertex -38.0445 25.0598 6.2
      vertex -38.0445 18.9402 6.2
      vertex -37.7347 18.7545 6.2
    endloop
  endfacet
  facet normal -0 0 1
    outer loop
      vertex -38.3346 24.8447 6.2
      vertex -38.0445 18.9402 6.2
      vertex -38.0445 25.0598 6.2
    endloop
  endfacet
  facet normal 0 0 1
    outer loop
      vertex -38.3346 24.8447 6.2
      vertex -38.3346 19.1553 6.2
      vertex -38.0445 18.9402 6.2
    endloop
  endfacet
  facet normal -0 0 1
    outer loop
      vertex -38.6022 24.6022 6.2
      vertex -38.3346 19.1553 6.2
      vertex -38.3346 24.8447 6.2
    endloop
  endfacet
  facet normal 0 0 1
    outer loop
      vertex -38.6022 24.6022 6.2
      vertex -38.6022 19.3978 6.2
      vertex -38.3346 19.1553 6.2
    endloop
  endfacet
  facet normal -0 0 1
    outer loop
      vertex -38.8447 24.3346 6.2
      vertex -38.6022 19.3978 6.2
      vertex -38.6022 24.6022 6.2
    endloop
  endfacet
  facet normal 0 0 1
    outer loop
      vertex -38.8447 24.3346 6.2
      vertex -38.8447 19.6654 6.2
      vertex -38.6022 19.3978 6.2
    endloop
  endfacet
  facet normal -0 0 1
    outer loop
      vertex -39.0598 24.0445 6.2
      vertex -38.8447 19.6654 6.2
      vertex -38.8447 24.3346 6.2
    endloop
  endfacet
  facet normal 0 0 1
    outer loop
      vertex -39.0598 24.0445 6.2
      vertex -39.0598 19.9555 6.2
      vertex -38.8447 19.6654 6.2
    endloop
  endfacet
  facet normal -0 0 1
    outer loop
      vertex -39.2455 23.7347 6.2
      vertex -39.0598 19.9555 6.2
      vertex -39.0598 24.0445 6.2
    endloop
  endfacet
  facet normal 0 0 1
    outer loop
      vertex -39.2455 23.7347 6.2
      vertex -39.2455 20.2653 6.2
      vertex -39.0598 19.9555 6.2
    endloop
  endfacet
  facet normal -0 0 1
    outer loop
      vertex -39.3999 23.4083 6.2
      vertex -39.2455 20.2653 6.2
      vertex -39.2455 23.7347 6.2
    endloop
  endfacet
  facet normal 0 0 1
    outer loop
      vertex -39.3999 23.4083 6.2
      vertex -39.3999 20.5917 6.2
      vertex -39.2455 20.2653 6.2
    endloop
  endfacet
  facet normal -0 0 1
    outer loop
      vertex -39.5215 23.0682 6.2
      vertex -39.3999 20.5917 6.2
      vertex -39.3999 23.4083 6.2
    endloop
  endfacet
  facet normal 0 0 1
    outer loop
      vertex -39.5215 23.0682 6.2
      vertex -39.5215 20.9318 6.2
      vertex -39.3999 20.5917 6.2
    endloop
  endfacet
  facet normal -0 0 1
    outer loop
      vertex -39.6093 22.7179 6.2
      vertex -39.5215 20.9318 6.2
      vertex -39.5215 23.0682 6.2
    endloop
  endfacet
  facet normal 0 0 1
    outer loop
      vertex -39.6093 22.7179 6.2
      vertex -39.6093 21.2821 6.2
      vertex -39.5215 20.9318 6.2
    endloop
  endfacet
  facet normal -0 0 1
    outer loop
      vertex -39.6623 22.3607 6.2
      vertex -39.6093 21.2821 6.2
      vertex -39.6093 22.7179 6.2
    endloop
  endfacet
  facet normal 0 0 1
    outer loop
      vertex -39.6623 22.3607 6.2
      vertex -39.6623 21.6393 6.2
      vertex -39.6093 21.2821 6.2
    endloop
  endfacet
  facet normal 0 -0 1
    outer loop
      vertex -39.6623 21.6393 6.2
      vertex -39.6623 22.3607 6.2
      vertex -39.68 22 6.2
    endloop
  endfacet
  facet normal 0.33667 -0.941623 0
    outer loop
      vertex -34.9318 18.4785 3
      vertex -34.5917 18.6001 6.2
      vertex -34.9318 18.4785 6.2
    endloop
  endfacet
  facet normal 0.33667 -0.941623 0
    outer loop
      vertex -34.5917 18.6001 6.2
      vertex -34.9318 18.4785 3
      vertex -34.5917 18.6001 3
    endloop
  endfacet
  facet normal -0.969996 0.243122 0
    outer loop
      vertex -39.6093 22.7179 3
      vertex -39.5215 23.0682 6.2
      vertex -39.5215 23.0682 3
    endloop
  endfacet
  facet normal -0.969996 0.243122 0
    outer loop
      vertex -39.5215 23.0682 6.2
      vertex -39.6093 22.7179 3
      vertex -39.6093 22.7179 6.2
    endloop
  endfacet
  facet normal -0.6715 0.741004 0
    outer loop
      vertex -38.3346 24.8447 3
      vertex -38.6022 24.6022 6.2
      vertex -38.3346 24.8447 6.2
    endloop
  endfacet
  facet normal -0.6715 0.741004 0
    outer loop
      vertex -38.6022 24.6022 6.2
      vertex -38.3346 24.8447 3
      vertex -38.6022 24.6022 3
    endloop
  endfacet
  facet normal -0.514129 0.857713 0
    outer loop
      vertex -37.7347 25.2455 3
      vertex -38.0445 25.0598 6.2
      vertex -37.7347 25.2455 6.2
    endloop
  endfacet
  facet normal -0.514129 0.857713 0
    outer loop
      vertex -38.0445 25.0598 6.2
      vertex -37.7347 25.2455 3
      vertex -38.0445 25.0598 3
    endloop
  endfacet
  facet normal 0.146769 -0.989171 0
    outer loop
      vertex -35.6393 18.3377 3
      vertex -35.2821 18.3907 6.2
      vertex -35.6393 18.3377 6.2
    endloop
  endfacet
  facet normal 0.146769 -0.989171 0
    outer loop
      vertex -35.2821 18.3907 6.2
      vertex -35.6393 18.3377 3
      vertex -35.2821 18.3907 3
    endloop
  endfacet
  facet normal -0.803278 0.595605 0
    outer loop
      vertex -39.0598 24.0445 3
      vertex -38.8447 24.3346 6.2
      vertex -38.8447 24.3346 3
    endloop
  endfacet
  facet normal -0.803278 0.595605 0
    outer loop
      vertex -38.8447 24.3346 6.2
      vertex -39.0598 24.0445 3
      vertex -39.0598 24.0445 6.2
    endloop
  endfacet
  facet normal 0.903963 0.42761 0
    outer loop
      vertex -32.6001 23.4083 6.2
      vertex -32.7545 23.7347 3
      vertex -32.7545 23.7347 6.2
    endloop
  endfacet
  facet normal 0.903963 0.42761 0
    outer loop
      vertex -32.7545 23.7347 3
      vertex -32.6001 23.4083 6.2
      vertex -32.6001 23.4083 3
    endloop
  endfacet
  facet normal -0.941623 0.33667 0
    outer loop
      vertex -39.5215 23.0682 3
      vertex -39.3999 23.4083 6.2
      vertex -39.3999 23.4083 3
    endloop
  endfacet
  facet normal -0.941623 0.33667 0
    outer loop
      vertex -39.3999 23.4083 6.2
      vertex -39.5215 23.0682 3
      vertex -39.5215 23.0682 6.2
    endloop
  endfacet
  facet normal -0.33667 -0.941623 0
    outer loop
      vertex -37.4083 18.6001 3
      vertex -37.0682 18.4785 6.2
      vertex -37.4083 18.6001 6.2
    endloop
  endfacet
  facet normal -0.33667 -0.941623 -0
    outer loop
      vertex -37.0682 18.4785 6.2
      vertex -37.4083 18.6001 3
      vertex -37.0682 18.4785 3
    endloop
  endfacet
  facet normal 0.595605 0.803278 -0
    outer loop
      vertex -33.6654 24.8447 3
      vertex -33.9555 25.0598 6.2
      vertex -33.6654 24.8447 6.2
    endloop
  endfacet
  facet normal 0.595605 0.803278 0
    outer loop
      vertex -33.9555 25.0598 6.2
      vertex -33.6654 24.8447 3
      vertex -33.9555 25.0598 3
    endloop
  endfacet
  facet normal -0.903963 0.42761 0
    outer loop
      vertex -39.3999 23.4083 3
      vertex -39.2455 23.7347 6.2
      vertex -39.2455 23.7347 3
    endloop
  endfacet
  facet normal -0.903963 0.42761 0
    outer loop
      vertex -39.2455 23.7347 6.2
      vertex -39.3999 23.4083 3
      vertex -39.3999 23.4083 6.2
    endloop
  endfacet
  facet normal 0.803278 -0.595605 0
    outer loop
      vertex -33.1553 19.6654 6.2
      vertex -32.9402 19.9555 3
      vertex -32.9402 19.9555 6.2
    endloop
  endfacet
  facet normal 0.803278 -0.595605 0
    outer loop
      vertex -32.9402 19.9555 3
      vertex -33.1553 19.6654 6.2
      vertex -33.1553 19.6654 3
    endloop
  endfacet
  facet normal 0.146769 0.989171 -0
    outer loop
      vertex -35.2821 25.6093 3
      vertex -35.6393 25.6623 6.2
      vertex -35.2821 25.6093 6.2
    endloop
  endfacet
  facet normal 0.146769 0.989171 0
    outer loop
      vertex -35.6393 25.6623 6.2
      vertex -35.2821 25.6093 3
      vertex -35.6393 25.6623 3
    endloop
  endfacet
  facet normal -0.989171 0.146769 0
    outer loop
      vertex -39.6623 22.3607 3
      vertex -39.6093 22.7179 6.2
      vertex -39.6093 22.7179 3
    endloop
  endfacet
  facet normal -0.989171 0.146769 0
    outer loop
      vertex -39.6093 22.7179 6.2
      vertex -39.6623 22.3607 3
      vertex -39.6623 22.3607 6.2
    endloop
  endfacet
  facet normal 0.803278 0.595605 0
    outer loop
      vertex -32.9402 24.0445 6.2
      vertex -33.1553 24.3346 3
      vertex -33.1553 24.3346 6.2
    endloop
  endfacet
  facet normal 0.803278 0.595605 0
    outer loop
      vertex -33.1553 24.3346 3
      vertex -32.9402 24.0445 6.2
      vertex -32.9402 24.0445 3
    endloop
  endfacet
  facet normal 0.0490123 0.998798 -0
    outer loop
      vertex -35.6393 25.6623 3
      vertex -36 25.68 6.2
      vertex -35.6393 25.6623 6.2
    endloop
  endfacet
  facet normal 0.0490123 0.998798 0
    outer loop
      vertex -36 25.68 6.2
      vertex -35.6393 25.6623 3
      vertex -36 25.68 3
    endloop
  endfacet
  facet normal -0.146769 0.989171 0
    outer loop
      vertex -36.3607 25.6623 3
      vertex -36.7179 25.6093 6.2
      vertex -36.3607 25.6623 6.2
    endloop
  endfacet
  facet normal -0.146769 0.989171 0
    outer loop
      vertex -36.7179 25.6093 6.2
      vertex -36.3607 25.6623 3
      vertex -36.7179 25.6093 3
    endloop
  endfacet
  facet normal -0.857713 -0.514129 0
    outer loop
      vertex -39.0598 19.9555 3
      vertex -39.2455 20.2653 6.2
      vertex -39.2455 20.2653 3
    endloop
  endfacet
  facet normal -0.857713 -0.514129 0
    outer loop
      vertex -39.2455 20.2653 6.2
      vertex -39.0598 19.9555 3
      vertex -39.0598 19.9555 6.2
    endloop
  endfacet
  facet normal -0.941623 -0.33667 0
    outer loop
      vertex -39.3999 20.5917 3
      vertex -39.5215 20.9318 6.2
      vertex -39.5215 20.9318 3
    endloop
  endfacet
  facet normal -0.941623 -0.33667 0
    outer loop
      vertex -39.5215 20.9318 6.2
      vertex -39.3999 20.5917 3
      vertex -39.3999 20.5917 6.2
    endloop
  endfacet
  facet normal -0.42761 0.903963 0
    outer loop
      vertex -37.4083 25.3999 3
      vertex -37.7347 25.2455 6.2
      vertex -37.4083 25.3999 6.2
    endloop
  endfacet
  facet normal -0.42761 0.903963 0
    outer loop
      vertex -37.7347 25.2455 6.2
      vertex -37.4083 25.3999 3
      vertex -37.7347 25.2455 3
    endloop
  endfacet
  facet normal 0.903963 -0.42761 0
    outer loop
      vertex -32.7545 20.2653 6.2
      vertex -32.6001 20.5917 3
      vertex -32.6001 20.5917 6.2
    endloop
  endfacet
  facet normal 0.903963 -0.42761 0
    outer loop
      vertex -32.6001 20.5917 3
      vertex -32.7545 20.2653 6.2
      vertex -32.7545 20.2653 3
    endloop
  endfacet
  facet normal -0.595605 -0.803278 0
    outer loop
      vertex -38.3346 19.1553 3
      vertex -38.0445 18.9402 6.2
      vertex -38.3346 19.1553 6.2
    endloop
  endfacet
  facet normal -0.595605 -0.803278 -0
    outer loop
      vertex -38.0445 18.9402 6.2
      vertex -38.3346 19.1553 3
      vertex -38.0445 18.9402 3
    endloop
  endfacet
  facet normal -0.857713 0.514129 0
    outer loop
      vertex -39.2455 23.7347 3
      vertex -39.0598 24.0445 6.2
      vertex -39.0598 24.0445 3
    endloop
  endfacet
  facet normal -0.857713 0.514129 0
    outer loop
      vertex -39.0598 24.0445 6.2
      vertex -39.2455 23.7347 3
      vertex -39.2455 23.7347 6.2
    endloop
  endfacet
  facet normal 0.998798 -0.0490123 0
    outer loop
      vertex -32.3377 21.6393 6.2
      vertex -32.32 22 3
      vertex -32.32 22 6.2
    endloop
  endfacet
  facet normal 0.998798 -0.0490123 0
    outer loop
      vertex -32.32 22 3
      vertex -32.3377 21.6393 6.2
      vertex -32.3377 21.6393 3
    endloop
  endfacet
  facet normal 0.941623 -0.33667 0
    outer loop
      vertex -32.6001 20.5917 6.2
      vertex -32.4785 20.9318 3
      vertex -32.4785 20.9318 6.2
    endloop
  endfacet
  facet normal 0.941623 -0.33667 0
    outer loop
      vertex -32.4785 20.9318 3
      vertex -32.6001 20.5917 6.2
      vertex -32.6001 20.5917 3
    endloop
  endfacet
  facet normal 0.243122 -0.969996 0
    outer loop
      vertex -35.2821 18.3907 3
      vertex -34.9318 18.4785 6.2
      vertex -35.2821 18.3907 6.2
    endloop
  endfacet
  facet normal 0.243122 -0.969996 0
    outer loop
      vertex -34.9318 18.4785 6.2
      vertex -35.2821 18.3907 3
      vertex -34.9318 18.4785 3
    endloop
  endfacet
  facet normal 0.941623 0.33667 0
    outer loop
      vertex -32.4785 23.0682 6.2
      vertex -32.6001 23.4083 3
      vertex -32.6001 23.4083 6.2
    endloop
  endfacet
  facet normal 0.941623 0.33667 0
    outer loop
      vertex -32.6001 23.4083 3
      vertex -32.4785 23.0682 6.2
      vertex -32.4785 23.0682 3
    endloop
  endfacet
  facet normal -0.998798 -0.0490123 0
    outer loop
      vertex -39.6623 21.6393 3
      vertex -39.68 22 6.2
      vertex -39.68 22 3
    endloop
  endfacet
  facet normal -0.998798 -0.0490123 0
    outer loop
      vertex -39.68 22 6.2
      vertex -39.6623 21.6393 3
      vertex -39.6623 21.6393 6.2
    endloop
  endfacet
  facet normal 0.989171 -0.146769 0
    outer loop
      vertex -32.3907 21.2821 6.2
      vertex -32.3377 21.6393 3
      vertex -32.3377 21.6393 6.2
    endloop
  endfacet
  facet normal 0.989171 -0.146769 0
    outer loop
      vertex -32.3377 21.6393 3
      vertex -32.3907 21.2821 6.2
      vertex -32.3907 21.2821 3
    endloop
  endfacet
  facet normal -0.6715 -0.741004 0
    outer loop
      vertex -38.6022 19.3978 3
      vertex -38.3346 19.1553 6.2
      vertex -38.6022 19.3978 6.2
    endloop
  endfacet
  facet normal -0.6715 -0.741004 -0
    outer loop
      vertex -38.3346 19.1553 6.2
      vertex -38.6022 19.3978 3
      vertex -38.3346 19.1553 3
    endloop
  endfacet
  facet normal 0.969996 -0.243122 0
    outer loop
      vertex -32.4785 20.9318 6.2
      vertex -32.3907 21.2821 3
      vertex -32.3907 21.2821 6.2
    endloop
  endfacet
  facet normal 0.969996 -0.243122 0
    outer loop
      vertex -32.3907 21.2821 3
      vertex -32.4785 20.9318 6.2
      vertex -32.4785 20.9318 3
    endloop
  endfacet
  facet normal 0.6715 0.741004 -0
    outer loop
      vertex -33.3978 24.6022 3
      vertex -33.6654 24.8447 6.2
      vertex -33.3978 24.6022 6.2
    endloop
  endfacet
  facet normal 0.6715 0.741004 0
    outer loop
      vertex -33.6654 24.8447 6.2
      vertex -33.3978 24.6022 3
      vertex -33.6654 24.8447 3
    endloop
  endfacet
  facet normal 0.33667 0.941623 -0
    outer loop
      vertex -34.5917 25.3999 3
      vertex -34.9318 25.5215 6.2
      vertex -34.5917 25.3999 6.2
    endloop
  endfacet
  facet normal 0.33667 0.941623 0
    outer loop
      vertex -34.9318 25.5215 6.2
      vertex -34.5917 25.3999 3
      vertex -34.9318 25.5215 3
    endloop
  endfacet
  facet normal -0.33667 0.941623 0
    outer loop
      vertex -37.0682 25.5215 3
      vertex -37.4083 25.3999 6.2
      vertex -37.0682 25.5215 6.2
    endloop
  endfacet
  facet normal -0.33667 0.941623 0
    outer loop
      vertex -37.4083 25.3999 6.2
      vertex -37.0682 25.5215 3
      vertex -37.4083 25.3999 3
    endloop
  endfacet
  facet normal -0.514129 -0.857713 0
    outer loop
      vertex -38.0445 18.9402 3
      vertex -37.7347 18.7545 6.2
      vertex -38.0445 18.9402 6.2
    endloop
  endfacet
  facet normal -0.514129 -0.857713 -0
    outer loop
      vertex -37.7347 18.7545 6.2
      vertex -38.0445 18.9402 3
      vertex -37.7347 18.7545 3
    endloop
  endfacet
  facet normal 0.857713 -0.514129 0
    outer loop
      vertex -32.9402 19.9555 6.2
      vertex -32.7545 20.2653 3
      vertex -32.7545 20.2653 6.2
    endloop
  endfacet
  facet normal 0.857713 -0.514129 0
    outer loop
      vertex -32.7545 20.2653 3
      vertex -32.9402 19.9555 6.2
      vertex -32.9402 19.9555 3
    endloop
  endfacet
  facet normal 0.42761 0.903963 -0
    outer loop
      vertex -34.2653 25.2455 3
      vertex -34.5917 25.3999 6.2
      vertex -34.2653 25.2455 6.2
    endloop
  endfacet
  facet normal 0.42761 0.903963 0
    outer loop
      vertex -34.5917 25.3999 6.2
      vertex -34.2653 25.2455 3
      vertex -34.5917 25.3999 3
    endloop
  endfacet
  facet normal -0.146769 -0.989171 0
    outer loop
      vertex -36.7179 18.3907 3
      vertex -36.3607 18.3377 6.2
      vertex -36.7179 18.3907 6.2
    endloop
  endfacet
  facet normal -0.146769 -0.989171 -0
    outer loop
      vertex -36.3607 18.3377 6.2
      vertex -36.7179 18.3907 3
      vertex -36.3607 18.3377 3
    endloop
  endfacet
  facet normal 0.857713 0.514129 0
    outer loop
      vertex -32.7545 23.7347 6.2
      vertex -32.9402 24.0445 3
      vertex -32.9402 24.0445 6.2
    endloop
  endfacet
  facet normal 0.857713 0.514129 0
    outer loop
      vertex -32.9402 24.0445 3
      vertex -32.7545 23.7347 6.2
      vertex -32.7545 23.7347 3
    endloop
  endfacet
  facet normal -0.595605 0.803278 0
    outer loop
      vertex -38.0445 25.0598 3
      vertex -38.3346 24.8447 6.2
      vertex -38.0445 25.0598 6.2
    endloop
  endfacet
  facet normal -0.595605 0.803278 0
    outer loop
      vertex -38.3346 24.8447 6.2
      vertex -38.0445 25.0598 3
      vertex -38.3346 24.8447 3
    endloop
  endfacet
  facet normal -0.0490123 -0.998798 0
    outer loop
      vertex -36.3607 18.3377 3
      vertex -36 18.32 6.2
      vertex -36.3607 18.3377 6.2
    endloop
  endfacet
  facet normal -0.0490123 -0.998798 -0
    outer loop
      vertex -36 18.32 6.2
      vertex -36.3607 18.3377 3
      vertex -36 18.32 3
    endloop
  endfacet
  facet normal -0.741004 0.6715 0
    outer loop
      vertex -38.8447 24.3346 3
      vertex -38.6022 24.6022 6.2
      vertex -38.6022 24.6022 3
    endloop
  endfacet
  facet normal -0.741004 0.6715 0
    outer loop
      vertex -38.6022 24.6022 6.2
      vertex -38.8447 24.3346 3
      vertex -38.8447 24.3346 6.2
    endloop
  endfacet
  facet normal 0.0490123 -0.998798 0
    outer loop
      vertex -36 18.32 3
      vertex -35.6393 18.3377 6.2
      vertex -36 18.32 6.2
    endloop
  endfacet
  facet normal 0.0490123 -0.998798 0
    outer loop
      vertex -35.6393 18.3377 6.2
      vertex -36 18.32 3
      vertex -35.6393 18.3377 3
    endloop
  endfacet
  facet normal -0.243122 -0.969996 0
    outer loop
      vertex -37.0682 18.4785 3
      vertex -36.7179 18.3907 6.2
      vertex -37.0682 18.4785 6.2
    endloop
  endfacet
  facet normal -0.243122 -0.969996 -0
    outer loop
      vertex -36.7179 18.3907 6.2
      vertex -37.0682 18.4785 3
      vertex -36.7179 18.3907 3
    endloop
  endfacet
  facet normal 0.6715 -0.741004 0
    outer loop
      vertex -33.6654 19.1553 3
      vertex -33.3978 19.3978 6.2
      vertex -33.6654 19.1553 6.2
    endloop
  endfacet
  facet normal 0.6715 -0.741004 0
    outer loop
      vertex -33.3978 19.3978 6.2
      vertex -33.6654 19.1553 3
      vertex -33.3978 19.3978 3
    endloop
  endfacet
  facet normal 0.243122 0.969996 -0
    outer loop
      vertex -34.9318 25.5215 3
      vertex -35.2821 25.6093 6.2
      vertex -34.9318 25.5215 6.2
    endloop
  endfacet
  facet normal 0.243122 0.969996 0
    outer loop
      vertex -35.2821 25.6093 6.2
      vertex -34.9318 25.5215 3
      vertex -35.2821 25.6093 3
    endloop
  endfacet
  facet normal -0.969996 -0.243122 0
    outer loop
      vertex -39.5215 20.9318 3
      vertex -39.6093 21.2821 6.2
      vertex -39.6093 21.2821 3
    endloop
  endfacet
  facet normal -0.969996 -0.243122 0
    outer loop
      vertex -39.6093 21.2821 6.2
      vertex -39.5215 20.9318 3
      vertex -39.5215 20.9318 6.2
    endloop
  endfacet
  facet normal -0.42761 -0.903963 0
    outer loop
      vertex -37.7347 18.7545 3
      vertex -37.4083 18.6001 6.2
      vertex -37.7347 18.7545 6.2
    endloop
  endfacet
  facet normal -0.42761 -0.903963 -0
    outer loop
      vertex -37.4083 18.6001 6.2
      vertex -37.7347 18.7545 3
      vertex -37.4083 18.6001 3
    endloop
  endfacet
  facet normal -0.741004 -0.6715 0
    outer loop
      vertex -38.6022 19.3978 3
      vertex -38.8447 19.6654 6.2
      vertex -38.8447 19.6654 3
    endloop
  endfacet
  facet normal -0.741004 -0.6715 0
    outer loop
      vertex -38.8447 19.6654 6.2
      vertex -38.6022 19.3978 3
      vertex -38.6022 19.3978 6.2
    endloop
  endfacet
  facet normal -0.0490123 0.998798 0
    outer loop
      vertex -36 25.68 3
      vertex -36.3607 25.6623 6.2
      vertex -36 25.68 6.2
    endloop
  endfacet
  facet normal -0.0490123 0.998798 0
    outer loop
      vertex -36.3607 25.6623 6.2
      vertex -36 25.68 3
      vertex -36.3607 25.6623 3
    endloop
  endfacet
  facet normal -0.989171 -0.146769 0
    outer loop
      vertex -39.6093 21.2821 3
      vertex -39.6623 21.6393 6.2
      vertex -39.6623 21.6393 3
    endloop
  endfacet
  facet normal -0.989171 -0.146769 0
    outer loop
      vertex -39.6623 21.6393 6.2
      vertex -39.6093 21.2821 3
      vertex -39.6093 21.2821 6.2
    endloop
  endfacet
  facet normal 0.741004 0.6715 0
    outer loop
      vertex -33.1553 24.3346 6.2
      vertex -33.3978 24.6022 3
      vertex -33.3978 24.6022 6.2
    endloop
  endfacet
  facet normal 0.741004 0.6715 0
    outer loop
      vertex -33.3978 24.6022 3
      vertex -33.1553 24.3346 6.2
      vertex -33.1553 24.3346 3
    endloop
  endfacet
  facet normal 0.595605 -0.803278 0
    outer loop
      vertex -33.9555 18.9402 3
      vertex -33.6654 19.1553 6.2
      vertex -33.9555 18.9402 6.2
    endloop
  endfacet
  facet normal 0.595605 -0.803278 0
    outer loop
      vertex -33.6654 19.1553 6.2
      vertex -33.9555 18.9402 3
      vertex -33.6654 19.1553 3
    endloop
  endfacet
  facet normal -0.803278 -0.595605 0
    outer loop
      vertex -38.8447 19.6654 3
      vertex -39.0598 19.9555 6.2
      vertex -39.0598 19.9555 3
    endloop
  endfacet
  facet normal -0.803278 -0.595605 0
    outer loop
      vertex -39.0598 19.9555 6.2
      vertex -38.8447 19.6654 3
      vertex -38.8447 19.6654 6.2
    endloop
  endfacet
  facet normal -0.998798 0.0490123 0
    outer loop
      vertex -39.68 22 3
      vertex -39.6623 22.3607 6.2
      vertex -39.6623 22.3607 3
    endloop
  endfacet
  facet normal -0.998798 0.0490123 0
    outer loop
      vertex -39.6623 22.3607 6.2
      vertex -39.68 22 3
      vertex -39.68 22 6.2
    endloop
  endfacet
  facet normal 0.741004 -0.6715 0
    outer loop
      vertex -33.3978 19.3978 6.2
      vertex -33.1553 19.6654 3
      vertex -33.1553 19.6654 6.2
    endloop
  endfacet
  facet normal 0.741004 -0.6715 0
    outer loop
      vertex -33.1553 19.6654 3
      vertex -33.3978 19.3978 6.2
      vertex -33.3978 19.3978 3
    endloop
  endfacet
  facet normal -0.33667 -0.941623 0
    outer loop
      vertex 34.5917 18.6001 3
      vertex 34.9318 18.4785 6.2
      vertex 34.5917 18.6001 6.2
    endloop
  endfacet
  facet normal -0.33667 -0.941623 -0
    outer loop
      vertex 34.9318 18.4785 6.2
      vertex 34.5917 18.6001 3
      vertex 34.9318 18.4785 3
    endloop
  endfacet
  facet normal 0.989171 0.146769 0
    outer loop
      vertex 39.6623 22.3607 6.2
      vertex 39.6093 22.7179 3
      vertex 39.6093 22.7179 6.2
    endloop
  endfacet
  facet normal 0.989171 0.146769 0
    outer loop
      vertex 39.6093 22.7179 3
      vertex 39.6623 22.3607 6.2
      vertex 39.6623 22.3607 3
    endloop
  endfacet
  facet normal 0.998798 0.0490123 0
    outer loop
      vertex 39.68 22 6.2
      vertex 39.6623 22.3607 3
      vertex 39.6623 22.3607 6.2
    endloop
  endfacet
  facet normal 0.998798 0.0490123 0
    outer loop
      vertex 39.6623 22.3607 3
      vertex 39.68 22 6.2
      vertex 39.68 22 3
    endloop
  endfacet
  facet normal 0.969996 0.243122 0
    outer loop
      vertex 39.6093 22.7179 6.2
      vertex 39.5215 23.0682 3
      vertex 39.5215 23.0682 6.2
    endloop
  endfacet
  facet normal 0.969996 0.243122 0
    outer loop
      vertex 39.5215 23.0682 3
      vertex 39.6093 22.7179 6.2
      vertex 39.6093 22.7179 3
    endloop
  endfacet
  facet normal 0.998798 -0.0490123 0
    outer loop
      vertex 39.6623 21.6393 6.2
      vertex 39.68 22 3
      vertex 39.68 22 6.2
    endloop
  endfacet
  facet normal 0.998798 -0.0490123 0
    outer loop
      vertex 39.68 22 3
      vertex 39.6623 21.6393 6.2
      vertex 39.6623 21.6393 3
    endloop
  endfacet
  facet normal -0.0490123 -0.998798 0
    outer loop
      vertex 35.6393 18.3377 3
      vertex 36 18.32 6.2
      vertex 35.6393 18.3377 6.2
    endloop
  endfacet
  facet normal -0.0490123 -0.998798 -0
    outer loop
      vertex 36 18.32 6.2
      vertex 35.6393 18.3377 3
      vertex 36 18.32 3
    endloop
  endfacet
  facet normal 0.33667 -0.941623 0
    outer loop
      vertex 37.0682 18.4785 3
      vertex 37.4083 18.6001 6.2
      vertex 37.0682 18.4785 6.2
    endloop
  endfacet
  facet normal 0.33667 -0.941623 0
    outer loop
      vertex 37.4083 18.6001 6.2
      vertex 37.0682 18.4785 3
      vertex 37.4083 18.6001 3
    endloop
  endfacet
  facet normal 0.941623 -0.33667 0
    outer loop
      vertex 39.3999 20.5917 6.2
      vertex 39.5215 20.9318 3
      vertex 39.5215 20.9318 6.2
    endloop
  endfacet
  facet normal 0.941623 -0.33667 0
    outer loop
      vertex 39.5215 20.9318 3
      vertex 39.3999 20.5917 6.2
      vertex 39.3999 20.5917 3
    endloop
  endfacet
  facet normal -0.6715 0.741004 0
    outer loop
      vertex 33.6654 24.8447 3
      vertex 33.3978 24.6022 6.2
      vertex 33.6654 24.8447 6.2
    endloop
  endfacet
  facet normal -0.6715 0.741004 0
    outer loop
      vertex 33.3978 24.6022 6.2
      vertex 33.6654 24.8447 3
      vertex 33.3978 24.6022 3
    endloop
  endfacet
  facet normal 0.903963 -0.42761 0
    outer loop
      vertex 39.2455 20.2653 6.2
      vertex 39.3999 20.5917 3
      vertex 39.3999 20.5917 6.2
    endloop
  endfacet
  facet normal 0.903963 -0.42761 0
    outer loop
      vertex 39.3999 20.5917 3
      vertex 39.2455 20.2653 6.2
      vertex 39.2455 20.2653 3
    endloop
  endfacet
  facet normal 0.989171 -0.146769 0
    outer loop
      vertex 39.6093 21.2821 6.2
      vertex 39.6623 21.6393 3
      vertex 39.6623 21.6393 6.2
    endloop
  endfacet
  facet normal 0.989171 -0.146769 0
    outer loop
      vertex 39.6623 21.6393 3
      vertex 39.6093 21.2821 6.2
      vertex 39.6093 21.2821 3
    endloop
  endfacet
  facet normal -0.741004 0.6715 0
    outer loop
      vertex 33.1553 24.3346 3
      vertex 33.3978 24.6022 6.2
      vertex 33.3978 24.6022 3
    endloop
  endfacet
  facet normal -0.741004 0.6715 0
    outer loop
      vertex 33.3978 24.6022 6.2
      vertex 33.1553 24.3346 3
      vertex 33.1553 24.3346 6.2
    endloop
  endfacet
  facet normal 0.595605 0.803278 -0
    outer loop
      vertex 38.3346 24.8447 3
      vertex 38.0445 25.0598 6.2
      vertex 38.3346 24.8447 6.2
    endloop
  endfacet
  facet normal 0.595605 0.803278 0
    outer loop
      vertex 38.0445 25.0598 6.2
      vertex 38.3346 24.8447 3
      vertex 38.0445 25.0598 3
    endloop
  endfacet
  facet normal -0.42761 -0.903963 0
    outer loop
      vertex 34.2653 18.7545 3
      vertex 34.5917 18.6001 6.2
      vertex 34.2653 18.7545 6.2
    endloop
  endfacet
  facet normal -0.42761 -0.903963 -0
    outer loop
      vertex 34.5917 18.6001 6.2
      vertex 34.2653 18.7545 3
      vertex 34.5917 18.6001 3
    endloop
  endfacet
  facet normal 0.42761 -0.903963 0
    outer loop
      vertex 37.4083 18.6001 3
      vertex 37.7347 18.7545 6.2
      vertex 37.4083 18.6001 6.2
    endloop
  endfacet
  facet normal 0.42761 -0.903963 0
    outer loop
      vertex 37.7347 18.7545 6.2
      vertex 37.4083 18.6001 3
      vertex 37.7347 18.7545 3
    endloop
  endfacet
  facet normal 0.6715 -0.741004 0
    outer loop
      vertex 38.3346 19.1553 3
      vertex 38.6022 19.3978 6.2
      vertex 38.3346 19.1553 6.2
    endloop
  endfacet
  facet normal 0.6715 -0.741004 0
    outer loop
      vertex 38.6022 19.3978 6.2
      vertex 38.3346 19.1553 3
      vertex 38.6022 19.3978 3
    endloop
  endfacet
  facet normal -0.969996 -0.243122 0
    outer loop
      vertex 32.4785 20.9318 3
      vertex 32.3907 21.2821 6.2
      vertex 32.3907 21.2821 3
    endloop
  endfacet
  facet normal -0.969996 -0.243122 0
    outer loop
      vertex 32.3907 21.2821 6.2
      vertex 32.4785 20.9318 3
      vertex 32.4785 20.9318 6.2
    endloop
  endfacet
  facet normal 0.803278 0.595605 0
    outer loop
      vertex 39.0598 24.0445 6.2
      vertex 38.8447 24.3346 3
      vertex 38.8447 24.3346 6.2
    endloop
  endfacet
  facet normal 0.803278 0.595605 0
    outer loop
      vertex 38.8447 24.3346 3
      vertex 39.0598 24.0445 6.2
      vertex 39.0598 24.0445 3
    endloop
  endfacet
  facet normal 0.146769 -0.989171 0
    outer loop
      vertex 36.3607 18.3377 3
      vertex 36.7179 18.3907 6.2
      vertex 36.3607 18.3377 6.2
    endloop
  endfacet
  facet normal 0.146769 -0.989171 0
    outer loop
      vertex 36.7179 18.3907 6.2
      vertex 36.3607 18.3377 3
      vertex 36.7179 18.3907 3
    endloop
  endfacet
  facet normal 0.42761 0.903963 -0
    outer loop
      vertex 37.7347 25.2455 3
      vertex 37.4083 25.3999 6.2
      vertex 37.7347 25.2455 6.2
    endloop
  endfacet
  facet normal 0.42761 0.903963 0
    outer loop
      vertex 37.4083 25.3999 6.2
      vertex 37.7347 25.2455 3
      vertex 37.4083 25.3999 3
    endloop
  endfacet
  facet normal 0.741004 -0.6715 0
    outer loop
      vertex 38.6022 19.3978 6.2
      vertex 38.8447 19.6654 3
      vertex 38.8447 19.6654 6.2
    endloop
  endfacet
  facet normal 0.741004 -0.6715 0
    outer loop
      vertex 38.8447 19.6654 3
      vertex 38.6022 19.3978 6.2
      vertex 38.6022 19.3978 3
    endloop
  endfacet
  facet normal -0.42761 0.903963 0
    outer loop
      vertex 34.5917 25.3999 3
      vertex 34.2653 25.2455 6.2
      vertex 34.5917 25.3999 6.2
    endloop
  endfacet
  facet normal -0.42761 0.903963 0
    outer loop
      vertex 34.2653 25.2455 6.2
      vertex 34.5917 25.3999 3
      vertex 34.2653 25.2455 3
    endloop
  endfacet
  facet normal 0.741004 0.6715 0
    outer loop
      vertex 38.8447 24.3346 6.2
      vertex 38.6022 24.6022 3
      vertex 38.6022 24.6022 6.2
    endloop
  endfacet
  facet normal 0.741004 0.6715 0
    outer loop
      vertex 38.6022 24.6022 3
      vertex 38.8447 24.3346 6.2
      vertex 38.8447 24.3346 3
    endloop
  endfacet
  facet normal 0.0490123 0.998798 -0
    outer loop
      vertex 36.3607 25.6623 3
      vertex 36 25.68 6.2
      vertex 36.3607 25.6623 6.2
    endloop
  endfacet
  facet normal 0.0490123 0.998798 0
    outer loop
      vertex 36 25.68 6.2
      vertex 36.3607 25.6623 3
      vertex 36 25.68 3
    endloop
  endfacet
  facet normal -0.595605 0.803278 0
    outer loop
      vertex 33.9555 25.0598 3
      vertex 33.6654 24.8447 6.2
      vertex 33.9555 25.0598 6.2
    endloop
  endfacet
  facet normal -0.595605 0.803278 0
    outer loop
      vertex 33.6654 24.8447 6.2
      vertex 33.9555 25.0598 3
      vertex 33.6654 24.8447 3
    endloop
  endfacet
  facet normal 0.803278 -0.595605 0
    outer loop
      vertex 38.8447 19.6654 6.2
      vertex 39.0598 19.9555 3
      vertex 39.0598 19.9555 6.2
    endloop
  endfacet
  facet normal 0.803278 -0.595605 0
    outer loop
      vertex 39.0598 19.9555 3
      vertex 38.8447 19.6654 6.2
      vertex 38.8447 19.6654 3
    endloop
  endfacet
  facet normal 0.33667 0.941623 -0
    outer loop
      vertex 37.4083 25.3999 3
      vertex 37.0682 25.5215 6.2
      vertex 37.4083 25.3999 6.2
    endloop
  endfacet
  facet normal 0.33667 0.941623 0
    outer loop
      vertex 37.0682 25.5215 6.2
      vertex 37.4083 25.3999 3
      vertex 37.0682 25.5215 3
    endloop
  endfacet
  facet normal -0.989171 -0.146769 0
    outer loop
      vertex 32.3907 21.2821 3
      vertex 32.3377 21.6393 6.2
      vertex 32.3377 21.6393 3
    endloop
  endfacet
  facet normal -0.989171 -0.146769 0
    outer loop
      vertex 32.3377 21.6393 6.2
      vertex 32.3907 21.2821 3
      vertex 32.3907 21.2821 6.2
    endloop
  endfacet
  facet normal -0.989171 0.146769 0
    outer loop
      vertex 32.3377 22.3607 3
      vertex 32.3907 22.7179 6.2
      vertex 32.3907 22.7179 3
    endloop
  endfacet
  facet normal -0.989171 0.146769 0
    outer loop
      vertex 32.3907 22.7179 6.2
      vertex 32.3377 22.3607 3
      vertex 32.3377 22.3607 6.2
    endloop
  endfacet
  facet normal 0.595605 -0.803278 0
    outer loop
      vertex 38.0445 18.9402 3
      vertex 38.3346 19.1553 6.2
      vertex 38.0445 18.9402 6.2
    endloop
  endfacet
  facet normal 0.595605 -0.803278 0
    outer loop
      vertex 38.3346 19.1553 6.2
      vertex 38.0445 18.9402 3
      vertex 38.3346 19.1553 3
    endloop
  endfacet
  facet normal 0.243122 0.969996 -0
    outer loop
      vertex 37.0682 25.5215 3
      vertex 36.7179 25.6093 6.2
      vertex 37.0682 25.5215 6.2
    endloop
  endfacet
  facet normal 0.243122 0.969996 0
    outer loop
      vertex 36.7179 25.6093 6.2
      vertex 37.0682 25.5215 3
      vertex 36.7179 25.6093 3
    endloop
  endfacet
  facet normal -0.941623 -0.33667 0
    outer loop
      vertex 32.6001 20.5917 3
      vertex 32.4785 20.9318 6.2
      vertex 32.4785 20.9318 3
    endloop
  endfacet
  facet normal -0.941623 -0.33667 0
    outer loop
      vertex 32.4785 20.9318 6.2
      vertex 32.6001 20.5917 3
      vertex 32.6001 20.5917 6.2
    endloop
  endfacet
  facet normal 0.857713 -0.514129 0
    outer loop
      vertex 39.0598 19.9555 6.2
      vertex 39.2455 20.2653 3
      vertex 39.2455 20.2653 6.2
    endloop
  endfacet
  facet normal 0.857713 -0.514129 0
    outer loop
      vertex 39.2455 20.2653 3
      vertex 39.0598 19.9555 6.2
      vertex 39.0598 19.9555 3
    endloop
  endfacet
  facet normal 0.243122 -0.969996 0
    outer loop
      vertex 36.7179 18.3907 3
      vertex 37.0682 18.4785 6.2
      vertex 36.7179 18.3907 6.2
    endloop
  endfacet
  facet normal 0.243122 -0.969996 0
    outer loop
      vertex 37.0682 18.4785 6.2
      vertex 36.7179 18.3907 3
      vertex 37.0682 18.4785 3
    endloop
  endfacet
  facet normal 0.146769 0.989171 -0
    outer loop
      vertex 36.7179 25.6093 3
      vertex 36.3607 25.6623 6.2
      vertex 36.7179 25.6093 6.2
    endloop
  endfacet
  facet normal 0.146769 0.989171 0
    outer loop
      vertex 36.3607 25.6623 6.2
      vertex 36.7179 25.6093 3
      vertex 36.3607 25.6623 3
    endloop
  endfacet
  facet normal 0.941623 0.33667 0
    outer loop
      vertex 39.5215 23.0682 6.2
      vertex 39.3999 23.4083 3
      vertex 39.3999 23.4083 6.2
    endloop
  endfacet
  facet normal 0.941623 0.33667 0
    outer loop
      vertex 39.3999 23.4083 3
      vertex 39.5215 23.0682 6.2
      vertex 39.5215 23.0682 3
    endloop
  endfacet
  facet normal 0.514129 0.857713 -0
    outer loop
      vertex 38.0445 25.0598 3
      vertex 37.7347 25.2455 6.2
      vertex 38.0445 25.0598 6.2
    endloop
  endfacet
  facet normal 0.514129 0.857713 0
    outer loop
      vertex 37.7347 25.2455 6.2
      vertex 38.0445 25.0598 3
      vertex 37.7347 25.2455 3
    endloop
  endfacet
  facet normal 0.969996 -0.243122 0
    outer loop
      vertex 39.5215 20.9318 6.2
      vertex 39.6093 21.2821 3
      vertex 39.6093 21.2821 6.2
    endloop
  endfacet
  facet normal 0.969996 -0.243122 0
    outer loop
      vertex 39.6093 21.2821 3
      vertex 39.5215 20.9318 6.2
      vertex 39.5215 20.9318 3
    endloop
  endfacet
  facet normal -0.514129 -0.857713 0
    outer loop
      vertex 33.9555 18.9402 3
      vertex 34.2653 18.7545 6.2
      vertex 33.9555 18.9402 6.2
    endloop
  endfacet
  facet normal -0.514129 -0.857713 -0
    outer loop
      vertex 34.2653 18.7545 6.2
      vertex 33.9555 18.9402 3
      vertex 34.2653 18.7545 3
    endloop
  endfacet
  facet normal 0.903963 0.42761 0
    outer loop
      vertex 39.3999 23.4083 6.2
      vertex 39.2455 23.7347 3
      vertex 39.2455 23.7347 6.2
    endloop
  endfacet
  facet normal 0.903963 0.42761 0
    outer loop
      vertex 39.2455 23.7347 3
      vertex 39.3999 23.4083 6.2
      vertex 39.3999 23.4083 3
    endloop
  endfacet
  facet normal 0.857713 0.514129 0
    outer loop
      vertex 39.2455 23.7347 6.2
      vertex 39.0598 24.0445 3
      vertex 39.0598 24.0445 6.2
    endloop
  endfacet
  facet normal 0.857713 0.514129 0
    outer loop
      vertex 39.0598 24.0445 3
      vertex 39.2455 23.7347 6.2
      vertex 39.2455 23.7347 3
    endloop
  endfacet
  facet normal -0.6715 -0.741004 0
    outer loop
      vertex 33.3978 19.3978 3
      vertex 33.6654 19.1553 6.2
      vertex 33.3978 19.3978 6.2
    endloop
  endfacet
  facet normal -0.6715 -0.741004 -0
    outer loop
      vertex 33.6654 19.1553 6.2
      vertex 33.3978 19.3978 3
      vertex 33.6654 19.1553 3
    endloop
  endfacet
  facet normal -0.146769 -0.989171 0
    outer loop
      vertex 35.2821 18.3907 3
      vertex 35.6393 18.3377 6.2
      vertex 35.2821 18.3907 6.2
    endloop
  endfacet
  facet normal -0.146769 -0.989171 -0
    outer loop
      vertex 35.6393 18.3377 6.2
      vertex 35.2821 18.3907 3
      vertex 35.6393 18.3377 3
    endloop
  endfacet
  facet normal -0.0490123 0.998798 0
    outer loop
      vertex 36 25.68 3
      vertex 35.6393 25.6623 6.2
      vertex 36 25.68 6.2
    endloop
  endfacet
  facet normal -0.0490123 0.998798 0
    outer loop
      vertex 35.6393 25.6623 6.2
      vertex 36 25.68 3
      vertex 35.6393 25.6623 3
    endloop
  endfacet
  facet normal -0.243122 -0.969996 0
    outer loop
      vertex 34.9318 18.4785 3
      vertex 35.2821 18.3907 6.2
      vertex 34.9318 18.4785 6.2
    endloop
  endfacet
  facet normal -0.243122 -0.969996 -0
    outer loop
      vertex 35.2821 18.3907 6.2
      vertex 34.9318 18.4785 3
      vertex 35.2821 18.3907 3
    endloop
  endfacet
  facet normal -0.243122 0.969996 0
    outer loop
      vertex 35.2821 25.6093 3
      vertex 34.9318 25.5215 6.2
      vertex 35.2821 25.6093 6.2
    endloop
  endfacet
  facet normal -0.243122 0.969996 0
    outer loop
      vertex 34.9318 25.5215 6.2
      vertex 35.2821 25.6093 3
      vertex 34.9318 25.5215 3
    endloop
  endfacet
  facet normal -0.803278 0.595605 0
    outer loop
      vertex 32.9402 24.0445 3
      vertex 33.1553 24.3346 6.2
      vertex 33.1553 24.3346 3
    endloop
  endfacet
  facet normal -0.803278 0.595605 0
    outer loop
      vertex 33.1553 24.3346 6.2
      vertex 32.9402 24.0445 3
      vertex 32.9402 24.0445 6.2
    endloop
  endfacet
  facet normal -0.146769 0.989171 0
    outer loop
      vertex 35.6393 25.6623 3
      vertex 35.2821 25.6093 6.2
      vertex 35.6393 25.6623 6.2
    endloop
  endfacet
  facet normal -0.146769 0.989171 0
    outer loop
      vertex 35.2821 25.6093 6.2
      vertex 35.6393 25.6623 3
      vertex 35.2821 25.6093 3
    endloop
  endfacet
  facet normal -0.33667 0.941623 0
    outer loop
      vertex 34.9318 25.5215 3
      vertex 34.5917 25.3999 6.2
      vertex 34.9318 25.5215 6.2
    endloop
  endfacet
  facet normal -0.33667 0.941623 0
    outer loop
      vertex 34.5917 25.3999 6.2
      vertex 34.9318 25.5215 3
      vertex 34.5917 25.3999 3
    endloop
  endfacet
  facet normal 0 0 1
    outer loop
      vertex 39.6623 22.3607 6.2
      vertex 39.6623 21.6393 6.2
      vertex 39.68 22 6.2
    endloop
  endfacet
  facet normal 0 0 1
    outer loop
      vertex 39.6093 22.7179 6.2
      vertex 39.6623 21.6393 6.2
      vertex 39.6623 22.3607 6.2
    endloop
  endfacet
  facet normal 0 0 1
    outer loop
      vertex 39.6093 22.7179 6.2
      vertex 39.6093 21.2821 6.2
      vertex 39.6623 21.6393 6.2
    endloop
  endfacet
  facet normal 0 0 1
    outer loop
      vertex 39.5215 23.0682 6.2
      vertex 39.6093 21.2821 6.2
      vertex 39.6093 22.7179 6.2
    endloop
  endfacet
  facet normal 0 0 1
    outer loop
      vertex 39.5215 23.0682 6.2
      vertex 39.5215 20.9318 6.2
      vertex 39.6093 21.2821 6.2
    endloop
  endfacet
  facet normal 0 0 1
    outer loop
      vertex 39.3999 23.4083 6.2
      vertex 39.5215 20.9318 6.2
      vertex 39.5215 23.0682 6.2
    endloop
  endfacet
  facet normal 0 0 1
    outer loop
      vertex 39.3999 23.4083 6.2
      vertex 39.3999 20.5917 6.2
      vertex 39.5215 20.9318 6.2
    endloop
  endfacet
  facet normal 0 0 1
    outer loop
      vertex 39.2455 23.7347 6.2
      vertex 39.3999 20.5917 6.2
      vertex 39.3999 23.4083 6.2
    endloop
  endfacet
  facet normal 0 0 1
    outer loop
      vertex 39.2455 23.7347 6.2
      vertex 39.2455 20.2653 6.2
      vertex 39.3999 20.5917 6.2
    endloop
  endfacet
  facet normal 0 0 1
    outer loop
      vertex 39.0598 24.0445 6.2
      vertex 39.2455 20.2653 6.2
      vertex 39.2455 23.7347 6.2
    endloop
  endfacet
  facet normal 0 0 1
    outer loop
      vertex 39.0598 24.0445 6.2
      vertex 39.0598 19.9555 6.2
      vertex 39.2455 20.2653 6.2
    endloop
  endfacet
  facet normal 0 0 1
    outer loop
      vertex 38.8447 24.3346 6.2
      vertex 39.0598 19.9555 6.2
      vertex 39.0598 24.0445 6.2
    endloop
  endfacet
  facet normal 0 0 1
    outer loop
      vertex 38.8447 24.3346 6.2
      vertex 38.8447 19.6654 6.2
      vertex 39.0598 19.9555 6.2
    endloop
  endfacet
  facet normal 0 0 1
    outer loop
      vertex 38.6022 24.6022 6.2
      vertex 38.8447 19.6654 6.2
      vertex 38.8447 24.3346 6.2
    endloop
  endfacet
  facet normal 0 0 1
    outer loop
      vertex 38.6022 24.6022 6.2
      vertex 38.6022 19.3978 6.2
      vertex 38.8447 19.6654 6.2
    endloop
  endfacet
  facet normal 0 0 1
    outer loop
      vertex 38.3346 24.8447 6.2
      vertex 38.6022 19.3978 6.2
      vertex 38.6022 24.6022 6.2
    endloop
  endfacet
  facet normal 0 0 1
    outer loop
      vertex 38.3346 24.8447 6.2
      vertex 38.3346 19.1553 6.2
      vertex 38.6022 19.3978 6.2
    endloop
  endfacet
  facet normal 0 0 1
    outer loop
      vertex 38.0445 25.0598 6.2
      vertex 38.3346 19.1553 6.2
      vertex 38.3346 24.8447 6.2
    endloop
  endfacet
  facet normal 0 0 1
    outer loop
      vertex 38.0445 25.0598 6.2
      vertex 38.0445 18.9402 6.2
      vertex 38.3346 19.1553 6.2
    endloop
  endfacet
  facet normal 0 0 1
    outer loop
      vertex 37.7347 25.2455 6.2
      vertex 38.0445 18.9402 6.2
      vertex 38.0445 25.0598 6.2
    endloop
  endfacet
  facet normal 0 0 1
    outer loop
      vertex 37.7347 25.2455 6.2
      vertex 37.7347 18.7545 6.2
      vertex 38.0445 18.9402 6.2
    endloop
  endfacet
  facet normal 0 0 1
    outer loop
      vertex 37.4083 25.3999 6.2
      vertex 37.7347 18.7545 6.2
      vertex 37.7347 25.2455 6.2
    endloop
  endfacet
  facet normal 0 0 1
    outer loop
      vertex 37.4083 25.3999 6.2
      vertex 37.4083 18.6001 6.2
      vertex 37.7347 18.7545 6.2
    endloop
  endfacet
  facet normal 0 0 1
    outer loop
      vertex 37.0682 25.5215 6.2
      vertex 37.4083 18.6001 6.2
      vertex 37.4083 25.3999 6.2
    endloop
  endfacet
  facet normal 0 0 1
    outer loop
      vertex 37.0682 25.5215 6.2
      vertex 37.0682 18.4785 6.2
      vertex 37.4083 18.6001 6.2
    endloop
  endfacet
  facet normal 0 0 1
    outer loop
      vertex 36.7179 25.6093 6.2
      vertex 37.0682 18.4785 6.2
      vertex 37.0682 25.5215 6.2
    endloop
  endfacet
  facet normal 0 0 1
    outer loop
      vertex 36.7179 25.6093 6.2
      vertex 36.7179 18.3907 6.2
      vertex 37.0682 18.4785 6.2
    endloop
  endfacet
  facet normal 0 0 1
    outer loop
      vertex 36.3607 25.6623 6.2
      vertex 36.7179 18.3907 6.2
      vertex 36.7179 25.6093 6.2
    endloop
  endfacet
  facet normal 0 0 1
    outer loop
      vertex 36.3607 25.6623 6.2
      vertex 36.3607 18.3377 6.2
      vertex 36.7179 18.3907 6.2
    endloop
  endfacet
  facet normal 0 0 1
    outer loop
      vertex 36 25.68 6.2
      vertex 36.3607 18.3377 6.2
      vertex 36.3607 25.6623 6.2
    endloop
  endfacet
  facet normal 0 0 1
    outer loop
      vertex 36 25.68 6.2
      vertex 36 18.32 6.2
      vertex 36.3607 18.3377 6.2
    endloop
  endfacet
  facet normal -0 0 1
    outer loop
      vertex 35.6393 25.6623 6.2
      vertex 36 18.32 6.2
      vertex 36 25.68 6.2
    endloop
  endfacet
  facet normal 0 0 1
    outer loop
      vertex 35.6393 25.6623 6.2
      vertex 35.6393 18.3377 6.2
      vertex 36 18.32 6.2
    endloop
  endfacet
  facet normal -0 0 1
    outer loop
      vertex 35.2821 25.6093 6.2
      vertex 35.6393 18.3377 6.2
      vertex 35.6393 25.6623 6.2
    endloop
  endfacet
  facet normal 0 0 1
    outer loop
      vertex 35.2821 25.6093 6.2
      vertex 35.2821 18.3907 6.2
      vertex 35.6393 18.3377 6.2
    endloop
  endfacet
  facet normal -0 0 1
    outer loop
      vertex 34.9318 25.5215 6.2
      vertex 35.2821 18.3907 6.2
      vertex 35.2821 25.6093 6.2
    endloop
  endfacet
  facet normal 0 0 1
    outer loop
      vertex 34.9318 25.5215 6.2
      vertex 34.9318 18.4785 6.2
      vertex 35.2821 18.3907 6.2
    endloop
  endfacet
  facet normal -0 0 1
    outer loop
      vertex 34.5917 25.3999 6.2
      vertex 34.9318 18.4785 6.2
      vertex 34.9318 25.5215 6.2
    endloop
  endfacet
  facet normal 0 0 1
    outer loop
      vertex 34.5917 25.3999 6.2
      vertex 34.5917 18.6001 6.2
      vertex 34.9318 18.4785 6.2
    endloop
  endfacet
  facet normal -0 0 1
    outer loop
      vertex 34.2653 25.2455 6.2
      vertex 34.5917 18.6001 6.2
      vertex 34.5917 25.3999 6.2
    endloop
  endfacet
  facet normal 0 0 1
    outer loop
      vertex 34.2653 25.2455 6.2
      vertex 34.2653 18.7545 6.2
      vertex 34.5917 18.6001 6.2
    endloop
  endfacet
  facet normal -0 0 1
    outer loop
      vertex 33.9555 25.0598 6.2
      vertex 34.2653 18.7545 6.2
      vertex 34.2653 25.2455 6.2
    endloop
  endfacet
  facet normal 0 0 1
    outer loop
      vertex 33.9555 25.0598 6.2
      vertex 33.9555 18.9402 6.2
      vertex 34.2653 18.7545 6.2
    endloop
  endfacet
  facet normal -0 0 1
    outer loop
      vertex 33.6654 24.8447 6.2
      vertex 33.9555 18.9402 6.2
      vertex 33.9555 25.0598 6.2
    endloop
  endfacet
  facet normal 0 0 1
    outer loop
      vertex 33.6654 24.8447 6.2
      vertex 33.6654 19.1553 6.2
      vertex 33.9555 18.9402 6.2
    endloop
  endfacet
  facet normal -0 0 1
    outer loop
      vertex 33.3978 24.6022 6.2
      vertex 33.6654 19.1553 6.2
      vertex 33.6654 24.8447 6.2
    endloop
  endfacet
  facet normal 0 0 1
    outer loop
      vertex 33.3978 24.6022 6.2
      vertex 33.3978 19.3978 6.2
      vertex 33.6654 19.1553 6.2
    endloop
  endfacet
  facet normal -0 0 1
    outer loop
      vertex 33.1553 24.3346 6.2
      vertex 33.3978 19.3978 6.2
      vertex 33.3978 24.6022 6.2
    endloop
  endfacet
  facet normal 0 0 1
    outer loop
      vertex 33.1553 24.3346 6.2
      vertex 33.1553 19.6654 6.2
      vertex 33.3978 19.3978 6.2
    endloop
  endfacet
  facet normal -0 0 1
    outer loop
      vertex 32.9402 24.0445 6.2
      vertex 33.1553 19.6654 6.2
      vertex 33.1553 24.3346 6.2
    endloop
  endfacet
  facet normal 0 0 1
    outer loop
      vertex 32.9402 24.0445 6.2
      vertex 32.9402 19.9555 6.2
      vertex 33.1553 19.6654 6.2
    endloop
  endfacet
  facet normal -0 0 1
    outer loop
      vertex 32.7545 23.7347 6.2
      vertex 32.9402 19.9555 6.2
      vertex 32.9402 24.0445 6.2
    endloop
  endfacet
  facet normal 0 0 1
    outer loop
      vertex 32.7545 23.7347 6.2
      vertex 32.7545 20.2653 6.2
      vertex 32.9402 19.9555 6.2
    endloop
  endfacet
  facet normal -0 0 1
    outer loop
      vertex 32.6001 23.4083 6.2
      vertex 32.7545 20.2653 6.2
      vertex 32.7545 23.7347 6.2
    endloop
  endfacet
  facet normal 0 0 1
    outer loop
      vertex 32.6001 23.4083 6.2
      vertex 32.6001 20.5917 6.2
      vertex 32.7545 20.2653 6.2
    endloop
  endfacet
  facet normal -0 0 1
    outer loop
      vertex 32.4785 23.0682 6.2
      vertex 32.6001 20.5917 6.2
      vertex 32.6001 23.4083 6.2
    endloop
  endfacet
  facet normal 0 0 1
    outer loop
      vertex 32.4785 23.0682 6.2
      vertex 32.4785 20.9318 6.2
      vertex 32.6001 20.5917 6.2
    endloop
  endfacet
  facet normal -0 0 1
    outer loop
      vertex 32.3907 22.7179 6.2
      vertex 32.4785 20.9318 6.2
      vertex 32.4785 23.0682 6.2
    endloop
  endfacet
  facet normal 0 0 1
    outer loop
      vertex 32.3907 22.7179 6.2
      vertex 32.3907 21.2821 6.2
      vertex 32.4785 20.9318 6.2
    endloop
  endfacet
  facet normal -0 0 1
    outer loop
      vertex 32.3377 22.3607 6.2
      vertex 32.3907 21.2821 6.2
      vertex 32.3907 22.7179 6.2
    endloop
  endfacet
  facet normal 0 0 1
    outer loop
      vertex 32.3377 22.3607 6.2
      vertex 32.3377 21.6393 6.2
      vertex 32.3907 21.2821 6.2
    endloop
  endfacet
  facet normal 0 -0 1
    outer loop
      vertex 32.3377 21.6393 6.2
      vertex 32.3377 22.3607 6.2
      vertex 32.32 22 6.2
    endloop
  endfacet
  facet normal -0.998798 -0.0490123 0
    outer loop
      vertex 32.3377 21.6393 3
      vertex 32.32 22 6.2
      vertex 32.32 22 3
    endloop
  endfacet
  facet normal -0.998798 -0.0490123 0
    outer loop
      vertex 32.32 22 6.2
      vertex 32.3377 21.6393 3
      vertex 32.3377 21.6393 6.2
    endloop
  endfacet
  facet normal 0.514129 -0.857713 0
    outer loop
      vertex 37.7347 18.7545 3
      vertex 38.0445 18.9402 6.2
      vertex 37.7347 18.7545 6.2
    endloop
  endfacet
  facet normal 0.514129 -0.857713 0
    outer loop
      vertex 38.0445 18.9402 6.2
      vertex 37.7347 18.7545 3
      vertex 38.0445 18.9402 3
    endloop
  endfacet
  facet normal 0.0490123 -0.998798 0
    outer loop
      vertex 36 18.32 3
      vertex 36.3607 18.3377 6.2
      vertex 36 18.32 6.2
    endloop
  endfacet
  facet normal 0.0490123 -0.998798 0
    outer loop
      vertex 36.3607 18.3377 6.2
      vertex 36 18.32 3
      vertex 36.3607 18.3377 3
    endloop
  endfacet
  facet normal -0.803278 -0.595605 0
    outer loop
      vertex 33.1553 19.6654 3
      vertex 32.9402 19.9555 6.2
      vertex 32.9402 19.9555 3
    endloop
  endfacet
  facet normal -0.803278 -0.595605 0
    outer loop
      vertex 32.9402 19.9555 6.2
      vertex 33.1553 19.6654 3
      vertex 33.1553 19.6654 6.2
    endloop
  endfacet
  facet normal 0.6715 0.741004 -0
    outer loop
      vertex 38.6022 24.6022 3
      vertex 38.3346 24.8447 6.2
      vertex 38.6022 24.6022 6.2
    endloop
  endfacet
  facet normal 0.6715 0.741004 0
    outer loop
      vertex 38.3346 24.8447 6.2
      vertex 38.6022 24.6022 3
      vertex 38.3346 24.8447 3
    endloop
  endfacet
  facet normal -0.903963 -0.42761 0
    outer loop
      vertex 32.7545 20.2653 3
      vertex 32.6001 20.5917 6.2
      vertex 32.6001 20.5917 3
    endloop
  endfacet
  facet normal -0.903963 -0.42761 0
    outer loop
      vertex 32.6001 20.5917 6.2
      vertex 32.7545 20.2653 3
      vertex 32.7545 20.2653 6.2
    endloop
  endfacet
  facet normal -0.857713 -0.514129 0
    outer loop
      vertex 32.9402 19.9555 3
      vertex 32.7545 20.2653 6.2
      vertex 32.7545 20.2653 3
    endloop
  endfacet
  facet normal -0.857713 -0.514129 0
    outer loop
      vertex 32.7545 20.2653 6.2
      vertex 32.9402 19.9555 3
      vertex 32.9402 19.9555 6.2
    endloop
  endfacet
  facet normal -0.969996 0.243122 0
    outer loop
      vertex 32.3907 22.7179 3
      vertex 32.4785 23.0682 6.2
      vertex 32.4785 23.0682 3
    endloop
  endfacet
  facet normal -0.969996 0.243122 0
    outer loop
      vertex 32.4785 23.0682 6.2
      vertex 32.3907 22.7179 3
      vertex 32.3907 22.7179 6.2
    endloop
  endfacet
  facet normal -0.857713 0.514129 0
    outer loop
      vertex 32.7545 23.7347 3
      vertex 32.9402 24.0445 6.2
      vertex 32.9402 24.0445 3
    endloop
  endfacet
  facet normal -0.857713 0.514129 0
    outer loop
      vertex 32.9402 24.0445 6.2
      vertex 32.7545 23.7347 3
      vertex 32.7545 23.7347 6.2
    endloop
  endfacet
  facet normal -0.595605 -0.803278 0
    outer loop
      vertex 33.6654 19.1553 3
      vertex 33.9555 18.9402 6.2
      vertex 33.6654 19.1553 6.2
    endloop
  endfacet
  facet normal -0.595605 -0.803278 -0
    outer loop
      vertex 33.9555 18.9402 6.2
      vertex 33.6654 19.1553 3
      vertex 33.9555 18.9402 3
    endloop
  endfacet
  facet normal -0.514129 0.857713 0
    outer loop
      vertex 34.2653 25.2455 3
      vertex 33.9555 25.0598 6.2
      vertex 34.2653 25.2455 6.2
    endloop
  endfacet
  facet normal -0.514129 0.857713 0
    outer loop
      vertex 33.9555 25.0598 6.2
      vertex 34.2653 25.2455 3
      vertex 33.9555 25.0598 3
    endloop
  endfacet
  facet normal -0.998798 0.0490123 0
    outer loop
      vertex 32.32 22 3
      vertex 32.3377 22.3607 6.2
      vertex 32.3377 22.3607 3
    endloop
  endfacet
  facet normal -0.998798 0.0490123 0
    outer loop
      vertex 32.3377 22.3607 6.2
      vertex 32.32 22 3
      vertex 32.32 22 6.2
    endloop
  endfacet
  facet normal -0.741004 -0.6715 0
    outer loop
      vertex 33.3978 19.3978 3
      vertex 33.1553 19.6654 6.2
      vertex 33.1553 19.6654 3
    endloop
  endfacet
  facet normal -0.741004 -0.6715 0
    outer loop
      vertex 33.1553 19.6654 6.2
      vertex 33.3978 19.3978 3
      vertex 33.3978 19.3978 6.2
    endloop
  endfacet
  facet normal -0.903963 0.42761 0
    outer loop
      vertex 32.6001 23.4083 3
      vertex 32.7545 23.7347 6.2
      vertex 32.7545 23.7347 3
    endloop
  endfacet
  facet normal -0.903963 0.42761 0
    outer loop
      vertex 32.7545 23.7347 6.2
      vertex 32.6001 23.4083 3
      vertex 32.6001 23.4083 6.2
    endloop
  endfacet
  facet normal -0.941623 0.33667 0
    outer loop
      vertex 32.4785 23.0682 3
      vertex 32.6001 23.4083 6.2
      vertex 32.6001 23.4083 3
    endloop
  endfacet
  facet normal -0.941623 0.33667 0
    outer loop
      vertex 32.6001 23.4083 6.2
      vertex 32.4785 23.0682 3
      vertex 32.4785 23.0682 6.2
    endloop
  endfacet
endsolid OpenSCAD_Model
