ISO-10303-21;
HEADER;
FILE_DESCRIPTION(('ViewDefinition[DesignTransferView]'),'2;1');
FILE_NAME('/dev/null','2026-04-21T16:49:47+00:00',(''),(''),'IfcOpenShell 0.8.5','IfcOpenShell 0.8.5','Nobody');
FILE_SCHEMA(('IFC4'));
ENDSEC;
DATA;
#1=IFCPROJECT('3wi5FuilXCcw3ZuXruPzLD',$,'revit-c-6',$,$,$,$,(#10),#5);
#2=IFCSIUNIT(*,.LENGTHUNIT.,.MILLI.,.METRE.);
#3=IFCSIUNIT(*,.AREAUNIT.,$,.SQUARE_METRE.);
#4=IFCSIUNIT(*,.VOLUMEUNIT.,$,.CUBIC_METRE.);
#5=IFCUNITASSIGNMENT((#4,#2,#3));
#6=IFCCARTESIANPOINT((0.,0.,0.));
#7=IFCDIRECTION((0.,0.,1.));
#8=IFCDIRECTION((1.,0.,0.));
#9=IFCAXIS2PLACEMENT3D(#6,#7,#8);
#10=IFCGEOMETRICREPRESENTATIONCONTEXT($,'Model',3,1.0000000000000001E-05,#9,$);
#11=IFCGEOMETRICREPRESENTATIONSUBCONTEXT('Body','Model',*,*,*,*,#10,$,.MODEL_VIEW.,$);
#12=IFCSITE('3wZuqqVRD3a8PBa51SKf1e',$,'Site',$,$,$,$,$,$,$,$,$,$,$);
#13=IFCBUILDING('1f4vQRNnL77hXiMS4iDlt$',$,'Building',$,$,$,$,$,$,$,$,$);
#14=IFCRELAGGREGATES('3lf3eQsHH1oOlqkCj3KR4O',$,$,$,#1,(#12));
#15=IFCRELAGGREGATES('0xo3ry6bH51RK2z3BG9NTl',$,$,$,#12,(#13));
#16=IFCBUILDINGSTOREY('3Gvvv44sn539ccV_HbGCzj',$,'Level 1',$,$,#22,$,$,$,$);
#17=IFCRELAGGREGATES('0Tp8Z14Gr7Xxca$qxPPSmF',$,$,$,#13,(#29,#16,#23));
#18=IFCCARTESIANPOINT((0.,0.,0.));
#19=IFCDIRECTION((0.,0.,1.));
#20=IFCDIRECTION((1.,0.,0.));
#21=IFCAXIS2PLACEMENT3D(#18,#19,#20);
#22=IFCLOCALPLACEMENT($,#21);
#23=IFCBUILDINGSTOREY('0Kke8lHsb0mhM40z6iPBZ5',$,'Level 2',$,$,#28,$,$,$,$);
#24=IFCCARTESIANPOINT((0.,0.,3400.));
#25=IFCDIRECTION((0.,0.,1.));
#26=IFCDIRECTION((1.,0.,0.));
#27=IFCAXIS2PLACEMENT3D(#24,#25,#26);
#28=IFCLOCALPLACEMENT($,#27);
#29=IFCBUILDINGSTOREY('3IGVdI7Xv5rPOOydJCLzSR',$,'Level 3',$,$,#34,$,$,$,$);
#30=IFCCARTESIANPOINT((0.,0.,6800.));
#31=IFCDIRECTION((0.,0.,1.));
#32=IFCDIRECTION((1.,0.,0.));
#33=IFCAXIS2PLACEMENT3D(#30,#31,#32);
#34=IFCLOCALPLACEMENT($,#33);
#35=IFCSLAB('1Up2QHqwj2Vvas$UpFQMvf',$,'Floor 1',$,$,#53,#42,$,$);
#36=IFCCARTESIANPOINTLIST2D(((0.,0.),(36000.,0.),(36000.,12000.),(0.,12000.),(0.,0.)));
#37=IFCINDEXEDPOLYCURVE(#36,$,$);
#38=IFCDIRECTION((0.,0.,1.));
#39=IFCARBITRARYCLOSEDPROFILEDEF(.AREA.,$,#37);
#40=IFCEXTRUDEDAREASOLID(#39,$,#38,250.);
#41=IFCSHAPEREPRESENTATION(#11,'Body','SweptSolid',(#40));
#42=IFCPRODUCTDEFINITIONSHAPE($,$,(#41));
#48=IFCRELCONTAINEDINSPATIALSTRUCTURE('133reNrDnF09rgq6iuiQ4H',$,$,$,(#390,#730,#645,#1150,#76,#98,#1095,#985,#1205,#1260,#1040,#120,#900,#305,#1315,#35,#54,#560,#287,#815,#475),#16);
#49=IFCCARTESIANPOINT((0.,0.,0.));
#50=IFCDIRECTION((0.,0.,1.));
#51=IFCDIRECTION((1.,0.,0.));
#52=IFCAXIS2PLACEMENT3D(#49,#50,#51);
#53=IFCLOCALPLACEMENT(#22,#52);
#54=IFCWALL('3LewaQY_H07etZRea4sKtC',$,'Ext 1 1',$,$,#75,#70,$,$);
#55=IFCCARTESIANPOINTLIST2D(((0.,0.),(0.,250.),(36000.,250.),(36000.,0.),(0.,0.)));
#56=IFCINDEXEDPOLYCURVE(#55,$,.F.);
#57=IFCDIRECTION((0.,0.,1.));
#58=IFCARBITRARYCLOSEDPROFILEDEF(.AREA.,$,#56);
#59=IFCCARTESIANPOINT((0.,0.,0.));
#60=IFCDIRECTION((0.,0.,1.));
#61=IFCDIRECTION((1.,0.,0.));
#62=IFCAXIS2PLACEMENT3D(#59,#60,#61);
#63=IFCEXTRUDEDAREASOLID(#58,#62,#57,3100.);
#64=IFCSHAPEREPRESENTATION(#11,'Body','SweptSolid',(#63));
#70=IFCPRODUCTDEFINITIONSHAPE($,$,(#64));
#71=IFCCARTESIANPOINT((0.,0.,0.));
#72=IFCDIRECTION((0.,0.,1.));
#73=IFCDIRECTION((1.,0.,0.));
#74=IFCAXIS2PLACEMENT3D(#71,#72,#73);
#75=IFCLOCALPLACEMENT(#22,#74);
#76=IFCWALL('00KpsEEiPEwwTn4ywD0GoG',$,'Ext 1 2',$,$,#97,#92,$,$);
#77=IFCCARTESIANPOINTLIST2D(((0.,0.),(0.,250.),(12000.,250.),(12000.,0.),(0.,0.)));
#78=IFCINDEXEDPOLYCURVE(#77,$,.F.);
#79=IFCDIRECTION((0.,0.,1.));
#80=IFCARBITRARYCLOSEDPROFILEDEF(.AREA.,$,#78);
#81=IFCCARTESIANPOINT((0.,0.,0.));
#82=IFCDIRECTION((0.,0.,1.));
#83=IFCDIRECTION((1.,0.,0.));
#84=IFCAXIS2PLACEMENT3D(#81,#82,#83);
#85=IFCEXTRUDEDAREASOLID(#80,#84,#79,3100.);
#86=IFCSHAPEREPRESENTATION(#11,'Body','SweptSolid',(#85));
#92=IFCPRODUCTDEFINITIONSHAPE($,$,(#86));
#93=IFCCARTESIANPOINT((36000.,0.,0.));
#94=IFCDIRECTION((0.,0.,1.));
#95=IFCDIRECTION((0.,1.,0.));
#96=IFCAXIS2PLACEMENT3D(#93,#94,#95);
#97=IFCLOCALPLACEMENT(#22,#96);
#98=IFCWALL('3nN6L0yqTFWe$3LBsHdWpw',$,'Ext 1 3',$,$,#119,#114,$,$);
#99=IFCCARTESIANPOINTLIST2D(((0.,0.),(0.,250.),(36000.,250.),(36000.,0.),(0.,0.)));
#100=IFCINDEXEDPOLYCURVE(#99,$,.F.);
#101=IFCDIRECTION((0.,0.,1.));
#102=IFCARBITRARYCLOSEDPROFILEDEF(.AREA.,$,#100);
#103=IFCCARTESIANPOINT((0.,0.,0.));
#104=IFCDIRECTION((0.,0.,1.));
#105=IFCDIRECTION((1.,0.,0.));
#106=IFCAXIS2PLACEMENT3D(#103,#104,#105);
#107=IFCEXTRUDEDAREASOLID(#102,#106,#101,3100.);
#108=IFCSHAPEREPRESENTATION(#11,'Body','SweptSolid',(#107));
#114=IFCPRODUCTDEFINITIONSHAPE($,$,(#108));
#115=IFCCARTESIANPOINT((36000.,12000.,0.));
#116=IFCDIRECTION((0.,0.,1.));
#117=IFCDIRECTION((-1.,0.,0.));
#118=IFCAXIS2PLACEMENT3D(#115,#116,#117);
#119=IFCLOCALPLACEMENT(#22,#118);
#120=IFCWALL('0GNIp7WQPBzuKwyKwdOnbP',$,'Ext 1 4',$,$,#141,#136,$,$);
#121=IFCCARTESIANPOINTLIST2D(((0.,0.),(0.,250.),(12000.,250.),(12000.,0.),(0.,0.)));
#122=IFCINDEXEDPOLYCURVE(#121,$,.F.);
#123=IFCDIRECTION((0.,0.,1.));
#124=IFCARBITRARYCLOSEDPROFILEDEF(.AREA.,$,#122);
#125=IFCCARTESIANPOINT((0.,0.,0.));
#126=IFCDIRECTION((0.,0.,1.));
#127=IFCDIRECTION((1.,0.,0.));
#128=IFCAXIS2PLACEMENT3D(#125,#126,#127);
#129=IFCEXTRUDEDAREASOLID(#124,#128,#123,3100.);
#130=IFCSHAPEREPRESENTATION(#11,'Body','SweptSolid',(#129));
#136=IFCPRODUCTDEFINITIONSHAPE($,$,(#130));
#137=IFCCARTESIANPOINT((0.,12000.,0.));
#138=IFCDIRECTION((0.,0.,1.));
#139=IFCDIRECTION((0.,-1.,0.));
#140=IFCAXIS2PLACEMENT3D(#137,#138,#139);
#141=IFCLOCALPLACEMENT(#22,#140);
#142=IFCSPACE('3woZHQUtH9Dw00BLrGAOyC',$,'Corridor L1',$,$,#160,#149,$,$,$,$);
#143=IFCCARTESIANPOINTLIST2D(((2500.,5000.),(33500.,5000.),(33500.,7000.),(2500.,7000.),(2500.,5000.)));
#144=IFCINDEXEDPOLYCURVE(#143,$,$);
#145=IFCDIRECTION((0.,0.,1.));
#146=IFCARBITRARYCLOSEDPROFILEDEF(.AREA.,$,#144);
#147=IFCEXTRUDEDAREASOLID(#146,$,#145,3000.);
#148=IFCSHAPEREPRESENTATION(#11,'Body','SweptSolid',(#147));
#149=IFCPRODUCTDEFINITIONSHAPE($,$,(#148));
#155=IFCRELAGGREGATES('2br1Pn48T1AP_UZLL9vT1D',$,$,$,#16,(#251,#269,#215,#161,#233,#142,#179,#197));
#156=IFCCARTESIANPOINT((0.,0.,0.));
#157=IFCDIRECTION((0.,0.,1.));
#158=IFCDIRECTION((1.,0.,0.));
#159=IFCAXIS2PLACEMENT3D(#156,#157,#158);
#160=IFCLOCALPLACEMENT(#22,#159);
#161=IFCSPACE('23vVsMFCbFcAfrCznL$IIw',$,'Student Room 1 L1',$,$,#178,#168,$,$,$,$);
#162=IFCCARTESIANPOINTLIST2D(((4000.,7000.),(13500.,7000.),(13500.,12000.),(4000.,12000.),(4000.,7000.)));
#163=IFCINDEXEDPOLYCURVE(#162,$,$);
#164=IFCDIRECTION((0.,0.,1.));
#165=IFCARBITRARYCLOSEDPROFILEDEF(.AREA.,$,#163);
#166=IFCEXTRUDEDAREASOLID(#165,$,#164,3000.);
#167=IFCSHAPEREPRESENTATION(#11,'Body','SweptSolid',(#166));
#168=IFCPRODUCTDEFINITIONSHAPE($,$,(#167));
#174=IFCCARTESIANPOINT((0.,0.,0.));
#175=IFCDIRECTION((0.,0.,1.));
#176=IFCDIRECTION((1.,0.,0.));
#177=IFCAXIS2PLACEMENT3D(#174,#175,#176);
#178=IFCLOCALPLACEMENT(#22,#177);
#179=IFCSPACE('2nFwYLwHn4k9$p3LH0_8Dc',$,'Student Room 2 L1',$,$,#196,#186,$,$,$,$);
#180=IFCCARTESIANPOINTLIST2D(((13500.,7000.),(23000.,7000.),(23000.,12000.),(13500.,12000.),(13500.,7000.)));
#181=IFCINDEXEDPOLYCURVE(#180,$,$);
#182=IFCDIRECTION((0.,0.,1.));
#183=IFCARBITRARYCLOSEDPROFILEDEF(.AREA.,$,#181);
#184=IFCEXTRUDEDAREASOLID(#183,$,#182,3000.);
#185=IFCSHAPEREPRESENTATION(#11,'Body','SweptSolid',(#184));
#186=IFCPRODUCTDEFINITIONSHAPE($,$,(#185));
#192=IFCCARTESIANPOINT((0.,0.,0.));
#193=IFCDIRECTION((0.,0.,1.));
#194=IFCDIRECTION((1.,0.,0.));
#195=IFCAXIS2PLACEMENT3D(#192,#193,#194);
#196=IFCLOCALPLACEMENT(#22,#195);
#197=IFCSPACE('3ANd18mBn23gPclbyIATmq',$,'Student Room 3 L1',$,$,#214,#204,$,$,$,$);
#198=IFCCARTESIANPOINTLIST2D(((23000.,7000.),(33000.,7000.),(33000.,12000.),(23000.,12000.),(23000.,7000.)));
#199=IFCINDEXEDPOLYCURVE(#198,$,$);
#200=IFCDIRECTION((0.,0.,1.));
#201=IFCARBITRARYCLOSEDPROFILEDEF(.AREA.,$,#199);
#202=IFCEXTRUDEDAREASOLID(#201,$,#200,3000.);
#203=IFCSHAPEREPRESENTATION(#11,'Body','SweptSolid',(#202));
#204=IFCPRODUCTDEFINITIONSHAPE($,$,(#203));
#210=IFCCARTESIANPOINT((0.,0.,0.));
#211=IFCDIRECTION((0.,0.,1.));
#212=IFCDIRECTION((1.,0.,0.));
#213=IFCAXIS2PLACEMENT3D(#210,#211,#212);
#214=IFCLOCALPLACEMENT(#22,#213);
#215=IFCSPACE('2tRqNkVt57vwqF371aOviV',$,'Student Room 4 L1',$,$,#232,#222,$,$,$,$);
#216=IFCCARTESIANPOINTLIST2D(((4000.,0.),(13500.,0.),(13500.,5000.),(4000.,5000.),(4000.,0.)));
#217=IFCINDEXEDPOLYCURVE(#216,$,$);
#218=IFCDIRECTION((0.,0.,1.));
#219=IFCARBITRARYCLOSEDPROFILEDEF(.AREA.,$,#217);
#220=IFCEXTRUDEDAREASOLID(#219,$,#218,3000.);
#221=IFCSHAPEREPRESENTATION(#11,'Body','SweptSolid',(#220));
#222=IFCPRODUCTDEFINITIONSHAPE($,$,(#221));
#228=IFCCARTESIANPOINT((0.,0.,0.));
#229=IFCDIRECTION((0.,0.,1.));
#230=IFCDIRECTION((1.,0.,0.));
#231=IFCAXIS2PLACEMENT3D(#228,#229,#230);
#232=IFCLOCALPLACEMENT(#22,#231);
#233=IFCSPACE('3LaBS5aeb65QEMsI00Y$vp',$,'Student Room 5 L1',$,$,#250,#240,$,$,$,$);
#234=IFCCARTESIANPOINTLIST2D(((13500.,0.),(23000.,0.),(23000.,5000.),(13500.,5000.),(13500.,0.)));
#235=IFCINDEXEDPOLYCURVE(#234,$,$);
#236=IFCDIRECTION((0.,0.,1.));
#237=IFCARBITRARYCLOSEDPROFILEDEF(.AREA.,$,#235);
#238=IFCEXTRUDEDAREASOLID(#237,$,#236,3000.);
#239=IFCSHAPEREPRESENTATION(#11,'Body','SweptSolid',(#238));
#240=IFCPRODUCTDEFINITIONSHAPE($,$,(#239));
#246=IFCCARTESIANPOINT((0.,0.,0.));
#247=IFCDIRECTION((0.,0.,1.));
#248=IFCDIRECTION((1.,0.,0.));
#249=IFCAXIS2PLACEMENT3D(#246,#247,#248);
#250=IFCLOCALPLACEMENT(#22,#249);
#251=IFCSPACE('0GtPAna7TAmAswodyK$qBU',$,'Student Room 6 L1',$,$,#268,#258,$,$,$,$);
#252=IFCCARTESIANPOINTLIST2D(((23000.,0.),(31000.,0.),(31000.,5000.),(23000.,5000.),(23000.,0.)));
#253=IFCINDEXEDPOLYCURVE(#252,$,$);
#254=IFCDIRECTION((0.,0.,1.));
#255=IFCARBITRARYCLOSEDPROFILEDEF(.AREA.,$,#253);
#256=IFCEXTRUDEDAREASOLID(#255,$,#254,3000.);
#257=IFCSHAPEREPRESENTATION(#11,'Body','SweptSolid',(#256));
#258=IFCPRODUCTDEFINITIONSHAPE($,$,(#257));
#264=IFCCARTESIANPOINT((0.,0.,0.));
#265=IFCDIRECTION((0.,0.,1.));
#266=IFCDIRECTION((1.,0.,0.));
#267=IFCAXIS2PLACEMENT3D(#264,#265,#266);
#268=IFCLOCALPLACEMENT(#22,#267);
#269=IFCSPACE('0gk8jPMU5FDBuDIxBO4QV2',$,'Bath L1',$,$,#286,#276,$,$,$,$);
#270=IFCCARTESIANPOINTLIST2D(((31000.,0.),(36000.,0.),(36000.,5000.),(31000.,5000.),(31000.,0.)));
#271=IFCINDEXEDPOLYCURVE(#270,$,$);
#272=IFCDIRECTION((0.,0.,1.));
#273=IFCARBITRARYCLOSEDPROFILEDEF(.AREA.,$,#271);
#274=IFCEXTRUDEDAREASOLID(#273,$,#272,3000.);
#275=IFCSHAPEREPRESENTATION(#11,'Body','SweptSolid',(#274));
#276=IFCPRODUCTDEFINITIONSHAPE($,$,(#275));
#282=IFCCARTESIANPOINT((0.,0.,0.));
#283=IFCDIRECTION((0.,0.,1.));
#284=IFCDIRECTION((1.,0.,0.));
#285=IFCAXIS2PLACEMENT3D(#282,#283,#284);
#286=IFCLOCALPLACEMENT(#22,#285);
#287=IFCSTAIR('1TNhpexzf9kupU1UBeZD2b',$,'Stair L1',$,$,#304,#294,$,$);
#288=IFCCARTESIANPOINTLIST2D(((0.,0.),(2799.9999999999995,0.),(2799.9999999999995,5403.702434442519),(0.,5403.702434442519),(0.,0.)));
#289=IFCINDEXEDPOLYCURVE(#288,$,$);
#290=IFCDIRECTION((0.,0.62919822866796449,0.77724487070748549));
#291=IFCARBITRARYCLOSEDPROFILEDEF(.AREA.,$,#289);
#292=IFCEXTRUDEDAREASOLID(#291,$,#290,321.64895443110231);
#293=IFCSHAPEREPRESENTATION(#11,'Body','SweptSolid',(#292));
#294=IFCPRODUCTDEFINITIONSHAPE($,$,(#293));
#300=IFCCARTESIANPOINT((300.,600.,0.));
#301=IFCDIRECTION((0.,0.,1.));
#302=IFCDIRECTION((1.,0.,0.));
#303=IFCAXIS2PLACEMENT3D(#300,#301,#302);
#304=IFCLOCALPLACEMENT(#22,#303);
#305=IFCDOOR('1u1Vrtrsv4surLVxUnRjth',$,'Door 1-1',$,$,#389,#379,$,$,$,$,$,$);
#306=IFCCARTESIANPOINTLIST2D(((0.,0.),(0.,2.1000000000000001),(1.,2.1000000000000001),(1.,0.),(-24.,0.),(-24.,-22.899999999999999),(25.,-22.899999999999999),(25.,0.)));
#307=IFCINDEXEDPOLYCURVE(#306,(IFCLINEINDEX((1,2,3,4,5,6,7,8,1))),$);
#308=IFCARBITRARYCLOSEDPROFILEDEF(.AREA.,$,#307);
#309=IFCCARTESIANPOINT((0.,25.,0.));
#310=IFCDIRECTION((0.,-1.,0.));
#311=IFCDIRECTION((1.,0.,0.));
#312=IFCAXIS2PLACEMENT3D(#309,#310,#311);
#313=IFCDIRECTION((0.,0.,-1.));
#314=IFCEXTRUDEDAREASOLID(#308,#312,#313,25.);
#315=IFCCARTESIANPOINTLIST2D(((0.,0.),(0.,2.1000000000000001),(1.,2.1000000000000001),(1.,0.),(-49.,0.),(-49.,-47.899999999999999),(50.,-47.899999999999999),(50.,0.)));
#316=IFCINDEXEDPOLYCURVE(#315,(IFCLINEINDEX((1,2,3,4,5,6,7,8,1))),$);
#317=IFCARBITRARYCLOSEDPROFILEDEF(.AREA.,$,#316);
#318=IFCCARTESIANPOINT((0.,0.,0.));
#319=IFCDIRECTION((0.,-1.,0.));
#320=IFCDIRECTION((1.,0.,0.));
#321=IFCAXIS2PLACEMENT3D(#318,#319,#320);
#322=IFCDIRECTION((0.,0.,-1.));
#323=IFCEXTRUDEDAREASOLID(#317,#321,#322,25.);
#324=IFCCARTESIANPOINTLIST2D(((0.,0.),(-99.,0.),(-99.,100.),(0.,100.)));
#325=IFCINDEXEDPOLYCURVE(#324,(IFCLINEINDEX((1,2,3,4,1))),$);
#326=IFCARBITRARYCLOSEDPROFILEDEF(.AREA.,$,#325);
#327=IFCCARTESIANPOINT((50.,0.,0.));
#328=IFCDIRECTION((0.,0.,1.));
#329=IFCDIRECTION((1.,0.,0.));
#330=IFCAXIS2PLACEMENT3D(#327,#328,#329);
#331=IFCDIRECTION((0.,0.,1.));
#332=IFCEXTRUDEDAREASOLID(#326,#330,#331,25.);
#333=IFCCARTESIANPOINTLIST2D(((0.,0.),(0.,27.100000000000001),(51.,27.100000000000001),(51.,0.),(-24.,0.),(-24.,-47.899999999999999),(75.,-47.899999999999999),(75.,0.)));
#334=IFCINDEXEDPOLYCURVE(#333,(IFCLINEINDEX((1,2,3,4,5,6,7,8,1))),$);
#335=IFCARBITRARYCLOSEDPROFILEDEF(.AREA.,$,#334);
#336=IFCCARTESIANPOINT((-25.,-5.,0.));
#337=IFCDIRECTION((0.,-1.,0.));
#338=IFCDIRECTION((1.,0.,0.));
#339=IFCAXIS2PLACEMENT3D(#336,#337,#338);
#340=IFCDIRECTION((0.,0.,-1.));
#341=IFCEXTRUDEDAREASOLID(#335,#339,#340,5.);
#342=IFCCARTESIANPOINTLIST2D(((0.,0.),(0.,27.100000000000001),(51.,27.100000000000001),(51.,0.),(1.,0.),(1.,-22.899999999999999),(50.,-22.899999999999999),(50.,0.)));
#343=IFCINDEXEDPOLYCURVE(#342,(IFCLINEINDEX((1,2,3,4,5,6,7,8,1))),$);
#344=IFCARBITRARYCLOSEDPROFILEDEF(.AREA.,$,#343);
#345=IFCCARTESIANPOINT((-25.,50.,0.));
#346=IFCDIRECTION((0.,-1.,0.));
#347=IFCDIRECTION((1.,0.,0.));
#348=IFCAXIS2PLACEMENT3D(#345,#346,#347);
#349=IFCDIRECTION((0.,0.,-1.));
#350=IFCEXTRUDEDAREASOLID(#344,#348,#349,5.);
#351=IFCCARTESIANPOINTLIST2D(((0.,0.),(-49.,0.),(-49.,35.),(0.,35.)));
#352=IFCINDEXEDPOLYCURVE(#351,(IFCLINEINDEX((1,2,3,4,1))),$);
#353=IFCARBITRARYCLOSEDPROFILEDEF(.AREA.,$,#352);
#354=IFCCARTESIANPOINT((25.,25.,25.));
#355=IFCDIRECTION((0.,0.,1.));
#356=IFCDIRECTION((1.,0.,0.));
#357=IFCAXIS2PLACEMENT3D(#354,#355,#356);
#358=IFCDIRECTION((0.,0.,1.));
#359=IFCEXTRUDEDAREASOLID(#353,#357,#358,-47.899999999999999);
#360=IFCCARTESIANPOINTLIST2D(((0.,0.),(0.,-40.),(-120.,-40.),(-120.,-20.),(-20.,-20.),(-20.,0.)));
#361=IFCINDEXEDPOLYCURVE(#360,(IFCLINEINDEX((1,2,3,4,5,6,1))),$);
#362=IFCARBITRARYCLOSEDPROFILEDEF(.AREA.,$,#361);
#363=IFCCARTESIANPOINT((-74.,25.,1015.));
#364=IFCDIRECTION((0.,0.,1.));
#365=IFCDIRECTION((1.,0.,0.));
#366=IFCAXIS2PLACEMENT3D(#363,#364,#365);
#367=IFCDIRECTION((0.,0.,1.));
#368=IFCEXTRUDEDAREASOLID(#362,#366,#367,20.);
#369=IFCEXTRUDEDAREASOLID(#370,#373,#377,20.);
#370=IFCARBITRARYCLOSEDPROFILEDEF(.AREA.,$,#371);
#371=IFCINDEXEDPOLYCURVE(#372,(IFCLINEINDEX((1,2,3,4,5,6,1))),$);
#372=IFCCARTESIANPOINTLIST2D(((0.,0.),(0.,40.),(-120.,40.),(-120.,20.),(-20.,20.),(-20.,0.)));
#373=IFCAXIS2PLACEMENT3D(#374,#375,#376);
#374=IFCCARTESIANPOINT((-74.,60.,1015.));
#375=IFCDIRECTION((0.,0.,1.));
#376=IFCDIRECTION((1.,0.,0.));
#377=IFCDIRECTION((0.,0.,1.));
#378=IFCSHAPEREPRESENTATION(#11,'Body','SweptSolid',(#314,#323,#359,#368,#369,#332,#341,#350));
#379=IFCPRODUCTDEFINITIONSHAPE($,$,(#378));
#385=IFCCARTESIANPOINT((8500.,6000.,0.));
#386=IFCDIRECTION((0.,0.,1.));
#387=IFCDIRECTION((1.,0.,0.));
#388=IFCAXIS2PLACEMENT3D(#385,#386,#387);
#389=IFCLOCALPLACEMENT(#22,#388);
#390=IFCDOOR('2cRLM5jwfBN99J56HgVjyh',$,'Door 1-2',$,$,#474,#464,$,$,$,$,$,$);
#391=IFCCARTESIANPOINTLIST2D(((0.,0.),(0.,2.1000000000000001),(1.,2.1000000000000001),(1.,0.),(-24.,0.),(-24.,-22.899999999999999),(25.,-22.899999999999999),(25.,0.)));
#392=IFCINDEXEDPOLYCURVE(#391,(IFCLINEINDEX((1,2,3,4,5,6,7,8,1))),$);
#393=IFCARBITRARYCLOSEDPROFILEDEF(.AREA.,$,#392);
#394=IFCCARTESIANPOINT((0.,25.,0.));
#395=IFCDIRECTION((0.,-1.,0.));
#396=IFCDIRECTION((1.,0.,0.));
#397=IFCAXIS2PLACEMENT3D(#394,#395,#396);
#398=IFCDIRECTION((0.,0.,-1.));
#399=IFCEXTRUDEDAREASOLID(#393,#397,#398,25.);
#400=IFCCARTESIANPOINTLIST2D(((0.,0.),(0.,2.1000000000000001),(1.,2.1000000000000001),(1.,0.),(-49.,0.),(-49.,-47.899999999999999),(50.,-47.899999999999999),(50.,0.)));
#401=IFCINDEXEDPOLYCURVE(#400,(IFCLINEINDEX((1,2,3,4,5,6,7,8,1))),$);
#402=IFCARBITRARYCLOSEDPROFILEDEF(.AREA.,$,#401);
#403=IFCCARTESIANPOINT((0.,0.,0.));
#404=IFCDIRECTION((0.,-1.,0.));
#405=IFCDIRECTION((1.,0.,0.));
#406=IFCAXIS2PLACEMENT3D(#403,#404,#405);
#407=IFCDIRECTION((0.,0.,-1.));
#408=IFCEXTRUDEDAREASOLID(#402,#406,#407,25.);
#409=IFCCARTESIANPOINTLIST2D(((0.,0.),(-99.,0.),(-99.,100.),(0.,100.)));
#410=IFCINDEXEDPOLYCURVE(#409,(IFCLINEINDEX((1,2,3,4,1))),$);
#411=IFCARBITRARYCLOSEDPROFILEDEF(.AREA.,$,#410);
#412=IFCCARTESIANPOINT((50.,0.,0.));
#413=IFCDIRECTION((0.,0.,1.));
#414=IFCDIRECTION((1.,0.,0.));
#415=IFCAXIS2PLACEMENT3D(#412,#413,#414);
#416=IFCDIRECTION((0.,0.,1.));
#417=IFCEXTRUDEDAREASOLID(#411,#415,#416,25.);
#418=IFCCARTESIANPOINTLIST2D(((0.,0.),(0.,27.100000000000001),(51.,27.100000000000001),(51.,0.),(-24.,0.),(-24.,-47.899999999999999),(75.,-47.899999999999999),(75.,0.)));
#419=IFCINDEXEDPOLYCURVE(#418,(IFCLINEINDEX((1,2,3,4,5,6,7,8,1))),$);
#420=IFCARBITRARYCLOSEDPROFILEDEF(.AREA.,$,#419);
#421=IFCCARTESIANPOINT((-25.,-5.,0.));
#422=IFCDIRECTION((0.,-1.,0.));
#423=IFCDIRECTION((1.,0.,0.));
#424=IFCAXIS2PLACEMENT3D(#421,#422,#423);
#425=IFCDIRECTION((0.,0.,-1.));
#426=IFCEXTRUDEDAREASOLID(#420,#424,#425,5.);
#427=IFCCARTESIANPOINTLIST2D(((0.,0.),(0.,27.100000000000001),(51.,27.100000000000001),(51.,0.),(1.,0.),(1.,-22.899999999999999),(50.,-22.899999999999999),(50.,0.)));
#428=IFCINDEXEDPOLYCURVE(#427,(IFCLINEINDEX((1,2,3,4,5,6,7,8,1))),$);
#429=IFCARBITRARYCLOSEDPROFILEDEF(.AREA.,$,#428);
#430=IFCCARTESIANPOINT((-25.,50.,0.));
#431=IFCDIRECTION((0.,-1.,0.));
#432=IFCDIRECTION((1.,0.,0.));
#433=IFCAXIS2PLACEMENT3D(#430,#431,#432);
#434=IFCDIRECTION((0.,0.,-1.));
#435=IFCEXTRUDEDAREASOLID(#429,#433,#434,5.);
#436=IFCCARTESIANPOINTLIST2D(((0.,0.),(-49.,0.),(-49.,35.),(0.,35.)));
#437=IFCINDEXEDPOLYCURVE(#436,(IFCLINEINDEX((1,2,3,4,1))),$);
#438=IFCARBITRARYCLOSEDPROFILEDEF(.AREA.,$,#437);
#439=IFCCARTESIANPOINT((25.,25.,25.));
#440=IFCDIRECTION((0.,0.,1.));
#441=IFCDIRECTION((1.,0.,0.));
#442=IFCAXIS2PLACEMENT3D(#439,#440,#441);
#443=IFCDIRECTION((0.,0.,1.));
#444=IFCEXTRUDEDAREASOLID(#438,#442,#443,-47.899999999999999);
#445=IFCCARTESIANPOINTLIST2D(((0.,0.),(0.,-40.),(-120.,-40.),(-120.,-20.),(-20.,-20.),(-20.,0.)));
#446=IFCINDEXEDPOLYCURVE(#445,(IFCLINEINDEX((1,2,3,4,5,6,1))),$);
#447=IFCARBITRARYCLOSEDPROFILEDEF(.AREA.,$,#446);
#448=IFCCARTESIANPOINT((-74.,25.,1015.));
#449=IFCDIRECTION((0.,0.,1.));
#450=IFCDIRECTION((1.,0.,0.));
#451=IFCAXIS2PLACEMENT3D(#448,#449,#450);
#452=IFCDIRECTION((0.,0.,1.));
#453=IFCEXTRUDEDAREASOLID(#447,#451,#452,20.);
#454=IFCEXTRUDEDAREASOLID(#455,#458,#462,20.);
#455=IFCARBITRARYCLOSEDPROFILEDEF(.AREA.,$,#456);
#456=IFCINDEXEDPOLYCURVE(#457,(IFCLINEINDEX((1,2,3,4,5,6,1))),$);
#457=IFCCARTESIANPOINTLIST2D(((0.,0.),(0.,40.),(-120.,40.),(-120.,20.),(-20.,20.),(-20.,0.)));
#458=IFCAXIS2PLACEMENT3D(#459,#460,#461);
#459=IFCCARTESIANPOINT((-74.,60.,1015.));
#460=IFCDIRECTION((0.,0.,1.));
#461=IFCDIRECTION((1.,0.,0.));
#462=IFCDIRECTION((0.,0.,1.));
#463=IFCSHAPEREPRESENTATION(#11,'Body','SweptSolid',(#399,#408,#444,#453,#454,#417,#426,#435));
#464=IFCPRODUCTDEFINITIONSHAPE($,$,(#463));
#470=IFCCARTESIANPOINT((18000.,6000.,0.));
#471=IFCDIRECTION((0.,0.,1.));
#472=IFCDIRECTION((1.,0.,0.));
#473=IFCAXIS2PLACEMENT3D(#470,#471,#472);
#474=IFCLOCALPLACEMENT(#22,#473);
#475=IFCDOOR('0bQ1NnLe986O9oGxXUlm_1',$,'Door 1-3',$,$,#559,#549,$,$,$,$,$,$);
#476=IFCCARTESIANPOINTLIST2D(((0.,0.),(0.,2.1000000000000001),(1.,2.1000000000000001),(1.,0.),(-24.,0.),(-24.,-22.899999999999999),(25.,-22.899999999999999),(25.,0.)));
#477=IFCINDEXEDPOLYCURVE(#476,(IFCLINEINDEX((1,2,3,4,5,6,7,8,1))),$);
#478=IFCARBITRARYCLOSEDPROFILEDEF(.AREA.,$,#477);
#479=IFCCARTESIANPOINT((0.,25.,0.));
#480=IFCDIRECTION((0.,-1.,0.));
#481=IFCDIRECTION((1.,0.,0.));
#482=IFCAXIS2PLACEMENT3D(#479,#480,#481);
#483=IFCDIRECTION((0.,0.,-1.));
#484=IFCEXTRUDEDAREASOLID(#478,#482,#483,25.);
#485=IFCCARTESIANPOINTLIST2D(((0.,0.),(0.,2.1000000000000001),(1.,2.1000000000000001),(1.,0.),(-49.,0.),(-49.,-47.899999999999999),(50.,-47.899999999999999),(50.,0.)));
#486=IFCINDEXEDPOLYCURVE(#485,(IFCLINEINDEX((1,2,3,4,5,6,7,8,1))),$);
#487=IFCARBITRARYCLOSEDPROFILEDEF(.AREA.,$,#486);
#488=IFCCARTESIANPOINT((0.,0.,0.));
#489=IFCDIRECTION((0.,-1.,0.));
#490=IFCDIRECTION((1.,0.,0.));
#491=IFCAXIS2PLACEMENT3D(#488,#489,#490);
#492=IFCDIRECTION((0.,0.,-1.));
#493=IFCEXTRUDEDAREASOLID(#487,#491,#492,25.);
#494=IFCCARTESIANPOINTLIST2D(((0.,0.),(-99.,0.),(-99.,100.),(0.,100.)));
#495=IFCINDEXEDPOLYCURVE(#494,(IFCLINEINDEX((1,2,3,4,1))),$);
#496=IFCARBITRARYCLOSEDPROFILEDEF(.AREA.,$,#495);
#497=IFCCARTESIANPOINT((50.,0.,0.));
#498=IFCDIRECTION((0.,0.,1.));
#499=IFCDIRECTION((1.,0.,0.));
#500=IFCAXIS2PLACEMENT3D(#497,#498,#499);
#501=IFCDIRECTION((0.,0.,1.));
#502=IFCEXTRUDEDAREASOLID(#496,#500,#501,25.);
#503=IFCCARTESIANPOINTLIST2D(((0.,0.),(0.,27.100000000000001),(51.,27.100000000000001),(51.,0.),(-24.,0.),(-24.,-47.899999999999999),(75.,-47.899999999999999),(75.,0.)));
#504=IFCINDEXEDPOLYCURVE(#503,(IFCLINEINDEX((1,2,3,4,5,6,7,8,1))),$);
#505=IFCARBITRARYCLOSEDPROFILEDEF(.AREA.,$,#504);
#506=IFCCARTESIANPOINT((-25.,-5.,0.));
#507=IFCDIRECTION((0.,-1.,0.));
#508=IFCDIRECTION((1.,0.,0.));
#509=IFCAXIS2PLACEMENT3D(#506,#507,#508);
#510=IFCDIRECTION((0.,0.,-1.));
#511=IFCEXTRUDEDAREASOLID(#505,#509,#510,5.);
#512=IFCCARTESIANPOINTLIST2D(((0.,0.),(0.,27.100000000000001),(51.,27.100000000000001),(51.,0.),(1.,0.),(1.,-22.899999999999999),(50.,-22.899999999999999),(50.,0.)));
#513=IFCINDEXEDPOLYCURVE(#512,(IFCLINEINDEX((1,2,3,4,5,6,7,8,1))),$);
#514=IFCARBITRARYCLOSEDPROFILEDEF(.AREA.,$,#513);
#515=IFCCARTESIANPOINT((-25.,50.,0.));
#516=IFCDIRECTION((0.,-1.,0.));
#517=IFCDIRECTION((1.,0.,0.));
#518=IFCAXIS2PLACEMENT3D(#515,#516,#517);
#519=IFCDIRECTION((0.,0.,-1.));
#520=IFCEXTRUDEDAREASOLID(#514,#518,#519,5.);
#521=IFCCARTESIANPOINTLIST2D(((0.,0.),(-49.,0.),(-49.,35.),(0.,35.)));
#522=IFCINDEXEDPOLYCURVE(#521,(IFCLINEINDEX((1,2,3,4,1))),$);
#523=IFCARBITRARYCLOSEDPROFILEDEF(.AREA.,$,#522);
#524=IFCCARTESIANPOINT((25.,25.,25.));
#525=IFCDIRECTION((0.,0.,1.));
#526=IFCDIRECTION((1.,0.,0.));
#527=IFCAXIS2PLACEMENT3D(#524,#525,#526);
#528=IFCDIRECTION((0.,0.,1.));
#529=IFCEXTRUDEDAREASOLID(#523,#527,#528,-47.899999999999999);
#530=IFCCARTESIANPOINTLIST2D(((0.,0.),(0.,-40.),(-120.,-40.),(-120.,-20.),(-20.,-20.),(-20.,0.)));
#531=IFCINDEXEDPOLYCURVE(#530,(IFCLINEINDEX((1,2,3,4,5,6,1))),$);
#532=IFCARBITRARYCLOSEDPROFILEDEF(.AREA.,$,#531);
#533=IFCCARTESIANPOINT((-74.,25.,1015.));
#534=IFCDIRECTION((0.,0.,1.));
#535=IFCDIRECTION((1.,0.,0.));
#536=IFCAXIS2PLACEMENT3D(#533,#534,#535);
#537=IFCDIRECTION((0.,0.,1.));
#538=IFCEXTRUDEDAREASOLID(#532,#536,#537,20.);
#539=IFCEXTRUDEDAREASOLID(#540,#543,#547,20.);
#540=IFCARBITRARYCLOSEDPROFILEDEF(.AREA.,$,#541);
#541=IFCINDEXEDPOLYCURVE(#542,(IFCLINEINDEX((1,2,3,4,5,6,1))),$);
#542=IFCCARTESIANPOINTLIST2D(((0.,0.),(0.,40.),(-120.,40.),(-120.,20.),(-20.,20.),(-20.,0.)));
#543=IFCAXIS2PLACEMENT3D(#544,#545,#546);
#544=IFCCARTESIANPOINT((-74.,60.,1015.));
#545=IFCDIRECTION((0.,0.,1.));
#546=IFCDIRECTION((1.,0.,0.));
#547=IFCDIRECTION((0.,0.,1.));
#548=IFCSHAPEREPRESENTATION(#11,'Body','SweptSolid',(#484,#493,#529,#538,#539,#502,#511,#520));
#549=IFCPRODUCTDEFINITIONSHAPE($,$,(#548));
#555=IFCCARTESIANPOINT((28000.,6000.,0.));
#556=IFCDIRECTION((0.,0.,1.));
#557=IFCDIRECTION((1.,0.,0.));
#558=IFCAXIS2PLACEMENT3D(#555,#556,#557);
#559=IFCLOCALPLACEMENT(#22,#558);
#560=IFCDOOR('2VM7ZhsTn7pu0gyF3$Y9_R',$,'Door 1-4',$,$,#644,#634,$,$,$,$,$,$);
#561=IFCCARTESIANPOINTLIST2D(((0.,0.),(0.,2.1000000000000001),(1.,2.1000000000000001),(1.,0.),(-24.,0.),(-24.,-22.899999999999999),(25.,-22.899999999999999),(25.,0.)));
#562=IFCINDEXEDPOLYCURVE(#561,(IFCLINEINDEX((1,2,3,4,5,6,7,8,1))),$);
#563=IFCARBITRARYCLOSEDPROFILEDEF(.AREA.,$,#562);
#564=IFCCARTESIANPOINT((0.,25.,0.));
#565=IFCDIRECTION((0.,-1.,0.));
#566=IFCDIRECTION((1.,0.,0.));
#567=IFCAXIS2PLACEMENT3D(#564,#565,#566);
#568=IFCDIRECTION((0.,0.,-1.));
#569=IFCEXTRUDEDAREASOLID(#563,#567,#568,25.);
#570=IFCCARTESIANPOINTLIST2D(((0.,0.),(0.,2.1000000000000001),(1.,2.1000000000000001),(1.,0.),(-49.,0.),(-49.,-47.899999999999999),(50.,-47.899999999999999),(50.,0.)));
#571=IFCINDEXEDPOLYCURVE(#570,(IFCLINEINDEX((1,2,3,4,5,6,7,8,1))),$);
#572=IFCARBITRARYCLOSEDPROFILEDEF(.AREA.,$,#571);
#573=IFCCARTESIANPOINT((0.,0.,0.));
#574=IFCDIRECTION((0.,-1.,0.));
#575=IFCDIRECTION((1.,0.,0.));
#576=IFCAXIS2PLACEMENT3D(#573,#574,#575);
#577=IFCDIRECTION((0.,0.,-1.));
#578=IFCEXTRUDEDAREASOLID(#572,#576,#577,25.);
#579=IFCCARTESIANPOINTLIST2D(((0.,0.),(-99.,0.),(-99.,100.),(0.,100.)));
#580=IFCINDEXEDPOLYCURVE(#579,(IFCLINEINDEX((1,2,3,4,1))),$);
#581=IFCARBITRARYCLOSEDPROFILEDEF(.AREA.,$,#580);
#582=IFCCARTESIANPOINT((50.,0.,0.));
#583=IFCDIRECTION((0.,0.,1.));
#584=IFCDIRECTION((1.,0.,0.));
#585=IFCAXIS2PLACEMENT3D(#582,#583,#584);
#586=IFCDIRECTION((0.,0.,1.));
#587=IFCEXTRUDEDAREASOLID(#581,#585,#586,25.);
#588=IFCCARTESIANPOINTLIST2D(((0.,0.),(0.,27.100000000000001),(51.,27.100000000000001),(51.,0.),(-24.,0.),(-24.,-47.899999999999999),(75.,-47.899999999999999),(75.,0.)));
#589=IFCINDEXEDPOLYCURVE(#588,(IFCLINEINDEX((1,2,3,4,5,6,7,8,1))),$);
#590=IFCARBITRARYCLOSEDPROFILEDEF(.AREA.,$,#589);
#591=IFCCARTESIANPOINT((-25.,-5.,0.));
#592=IFCDIRECTION((0.,-1.,0.));
#593=IFCDIRECTION((1.,0.,0.));
#594=IFCAXIS2PLACEMENT3D(#591,#592,#593);
#595=IFCDIRECTION((0.,0.,-1.));
#596=IFCEXTRUDEDAREASOLID(#590,#594,#595,5.);
#597=IFCCARTESIANPOINTLIST2D(((0.,0.),(0.,27.100000000000001),(51.,27.100000000000001),(51.,0.),(1.,0.),(1.,-22.899999999999999),(50.,-22.899999999999999),(50.,0.)));
#598=IFCINDEXEDPOLYCURVE(#597,(IFCLINEINDEX((1,2,3,4,5,6,7,8,1))),$);
#599=IFCARBITRARYCLOSEDPROFILEDEF(.AREA.,$,#598);
#600=IFCCARTESIANPOINT((-25.,50.,0.));
#601=IFCDIRECTION((0.,-1.,0.));
#602=IFCDIRECTION((1.,0.,0.));
#603=IFCAXIS2PLACEMENT3D(#600,#601,#602);
#604=IFCDIRECTION((0.,0.,-1.));
#605=IFCEXTRUDEDAREASOLID(#599,#603,#604,5.);
#606=IFCCARTESIANPOINTLIST2D(((0.,0.),(-49.,0.),(-49.,35.),(0.,35.)));
#607=IFCINDEXEDPOLYCURVE(#606,(IFCLINEINDEX((1,2,3,4,1))),$);
#608=IFCARBITRARYCLOSEDPROFILEDEF(.AREA.,$,#607);
#609=IFCCARTESIANPOINT((25.,25.,25.));
#610=IFCDIRECTION((0.,0.,1.));
#611=IFCDIRECTION((1.,0.,0.));
#612=IFCAXIS2PLACEMENT3D(#609,#610,#611);
#613=IFCDIRECTION((0.,0.,1.));
#614=IFCEXTRUDEDAREASOLID(#608,#612,#613,-47.899999999999999);
#615=IFCCARTESIANPOINTLIST2D(((0.,0.),(0.,-40.),(-120.,-40.),(-120.,-20.),(-20.,-20.),(-20.,0.)));
#616=IFCINDEXEDPOLYCURVE(#615,(IFCLINEINDEX((1,2,3,4,5,6,1))),$);
#617=IFCARBITRARYCLOSEDPROFILEDEF(.AREA.,$,#616);
#618=IFCCARTESIANPOINT((-74.,25.,1015.));
#619=IFCDIRECTION((0.,0.,1.));
#620=IFCDIRECTION((1.,0.,0.));
#621=IFCAXIS2PLACEMENT3D(#618,#619,#620);
#622=IFCDIRECTION((0.,0.,1.));
#623=IFCEXTRUDEDAREASOLID(#617,#621,#622,20.);
#624=IFCEXTRUDEDAREASOLID(#625,#628,#632,20.);
#625=IFCARBITRARYCLOSEDPROFILEDEF(.AREA.,$,#626);
#626=IFCINDEXEDPOLYCURVE(#627,(IFCLINEINDEX((1,2,3,4,5,6,1))),$);
#627=IFCCARTESIANPOINTLIST2D(((0.,0.),(0.,40.),(-120.,40.),(-120.,20.),(-20.,20.),(-20.,0.)));
#628=IFCAXIS2PLACEMENT3D(#629,#630,#631);
#629=IFCCARTESIANPOINT((-74.,60.,1015.));
#630=IFCDIRECTION((0.,0.,1.));
#631=IFCDIRECTION((1.,0.,0.));
#632=IFCDIRECTION((0.,0.,1.));
#633=IFCSHAPEREPRESENTATION(#11,'Body','SweptSolid',(#569,#578,#614,#623,#624,#587,#596,#605));
#634=IFCPRODUCTDEFINITIONSHAPE($,$,(#633));
#640=IFCCARTESIANPOINT((8500.,5000.,0.));
#641=IFCDIRECTION((0.,0.,1.));
#642=IFCDIRECTION((1.,0.,0.));
#643=IFCAXIS2PLACEMENT3D(#640,#641,#642);
#644=IFCLOCALPLACEMENT(#22,#643);
#645=IFCDOOR('3p0Y4BCYX2ehl42KL1gCNl',$,'Door 1-5',$,$,#729,#719,$,$,$,$,$,$);
#646=IFCCARTESIANPOINTLIST2D(((0.,0.),(0.,2.1000000000000001),(1.,2.1000000000000001),(1.,0.),(-24.,0.),(-24.,-22.899999999999999),(25.,-22.899999999999999),(25.,0.)));
#647=IFCINDEXEDPOLYCURVE(#646,(IFCLINEINDEX((1,2,3,4,5,6,7,8,1))),$);
#648=IFCARBITRARYCLOSEDPROFILEDEF(.AREA.,$,#647);
#649=IFCCARTESIANPOINT((0.,25.,0.));
#650=IFCDIRECTION((0.,-1.,0.));
#651=IFCDIRECTION((1.,0.,0.));
#652=IFCAXIS2PLACEMENT3D(#649,#650,#651);
#653=IFCDIRECTION((0.,0.,-1.));
#654=IFCEXTRUDEDAREASOLID(#648,#652,#653,25.);
#655=IFCCARTESIANPOINTLIST2D(((0.,0.),(0.,2.1000000000000001),(1.,2.1000000000000001),(1.,0.),(-49.,0.),(-49.,-47.899999999999999),(50.,-47.899999999999999),(50.,0.)));
#656=IFCINDEXEDPOLYCURVE(#655,(IFCLINEINDEX((1,2,3,4,5,6,7,8,1))),$);
#657=IFCARBITRARYCLOSEDPROFILEDEF(.AREA.,$,#656);
#658=IFCCARTESIANPOINT((0.,0.,0.));
#659=IFCDIRECTION((0.,-1.,0.));
#660=IFCDIRECTION((1.,0.,0.));
#661=IFCAXIS2PLACEMENT3D(#658,#659,#660);
#662=IFCDIRECTION((0.,0.,-1.));
#663=IFCEXTRUDEDAREASOLID(#657,#661,#662,25.);
#664=IFCCARTESIANPOINTLIST2D(((0.,0.),(-99.,0.),(-99.,100.),(0.,100.)));
#665=IFCINDEXEDPOLYCURVE(#664,(IFCLINEINDEX((1,2,3,4,1))),$);
#666=IFCARBITRARYCLOSEDPROFILEDEF(.AREA.,$,#665);
#667=IFCCARTESIANPOINT((50.,0.,0.));
#668=IFCDIRECTION((0.,0.,1.));
#669=IFCDIRECTION((1.,0.,0.));
#670=IFCAXIS2PLACEMENT3D(#667,#668,#669);
#671=IFCDIRECTION((0.,0.,1.));
#672=IFCEXTRUDEDAREASOLID(#666,#670,#671,25.);
#673=IFCCARTESIANPOINTLIST2D(((0.,0.),(0.,27.100000000000001),(51.,27.100000000000001),(51.,0.),(-24.,0.),(-24.,-47.899999999999999),(75.,-47.899999999999999),(75.,0.)));
#674=IFCINDEXEDPOLYCURVE(#673,(IFCLINEINDEX((1,2,3,4,5,6,7,8,1))),$);
#675=IFCARBITRARYCLOSEDPROFILEDEF(.AREA.,$,#674);
#676=IFCCARTESIANPOINT((-25.,-5.,0.));
#677=IFCDIRECTION((0.,-1.,0.));
#678=IFCDIRECTION((1.,0.,0.));
#679=IFCAXIS2PLACEMENT3D(#676,#677,#678);
#680=IFCDIRECTION((0.,0.,-1.));
#681=IFCEXTRUDEDAREASOLID(#675,#679,#680,5.);
#682=IFCCARTESIANPOINTLIST2D(((0.,0.),(0.,27.100000000000001),(51.,27.100000000000001),(51.,0.),(1.,0.),(1.,-22.899999999999999),(50.,-22.899999999999999),(50.,0.)));
#683=IFCINDEXEDPOLYCURVE(#682,(IFCLINEINDEX((1,2,3,4,5,6,7,8,1))),$);
#684=IFCARBITRARYCLOSEDPROFILEDEF(.AREA.,$,#683);
#685=IFCCARTESIANPOINT((-25.,50.,0.));
#686=IFCDIRECTION((0.,-1.,0.));
#687=IFCDIRECTION((1.,0.,0.));
#688=IFCAXIS2PLACEMENT3D(#685,#686,#687);
#689=IFCDIRECTION((0.,0.,-1.));
#690=IFCEXTRUDEDAREASOLID(#684,#688,#689,5.);
#691=IFCCARTESIANPOINTLIST2D(((0.,0.),(-49.,0.),(-49.,35.),(0.,35.)));
#692=IFCINDEXEDPOLYCURVE(#691,(IFCLINEINDEX((1,2,3,4,1))),$);
#693=IFCARBITRARYCLOSEDPROFILEDEF(.AREA.,$,#692);
#694=IFCCARTESIANPOINT((25.,25.,25.));
#695=IFCDIRECTION((0.,0.,1.));
#696=IFCDIRECTION((1.,0.,0.));
#697=IFCAXIS2PLACEMENT3D(#694,#695,#696);
#698=IFCDIRECTION((0.,0.,1.));
#699=IFCEXTRUDEDAREASOLID(#693,#697,#698,-47.899999999999999);
#700=IFCCARTESIANPOINTLIST2D(((0.,0.),(0.,-40.),(-120.,-40.),(-120.,-20.),(-20.,-20.),(-20.,0.)));
#701=IFCINDEXEDPOLYCURVE(#700,(IFCLINEINDEX((1,2,3,4,5,6,1))),$);
#702=IFCARBITRARYCLOSEDPROFILEDEF(.AREA.,$,#701);
#703=IFCCARTESIANPOINT((-74.,25.,1015.));
#704=IFCDIRECTION((0.,0.,1.));
#705=IFCDIRECTION((1.,0.,0.));
#706=IFCAXIS2PLACEMENT3D(#703,#704,#705);
#707=IFCDIRECTION((0.,0.,1.));
#708=IFCEXTRUDEDAREASOLID(#702,#706,#707,20.);
#709=IFCEXTRUDEDAREASOLID(#710,#713,#717,20.);
#710=IFCARBITRARYCLOSEDPROFILEDEF(.AREA.,$,#711);
#711=IFCINDEXEDPOLYCURVE(#712,(IFCLINEINDEX((1,2,3,4,5,6,1))),$);
#712=IFCCARTESIANPOINTLIST2D(((0.,0.),(0.,40.),(-120.,40.),(-120.,20.),(-20.,20.),(-20.,0.)));
#713=IFCAXIS2PLACEMENT3D(#714,#715,#716);
#714=IFCCARTESIANPOINT((-74.,60.,1015.));
#715=IFCDIRECTION((0.,0.,1.));
#716=IFCDIRECTION((1.,0.,0.));
#717=IFCDIRECTION((0.,0.,1.));
#718=IFCSHAPEREPRESENTATION(#11,'Body','SweptSolid',(#654,#663,#699,#708,#709,#672,#681,#690));
#719=IFCPRODUCTDEFINITIONSHAPE($,$,(#718));
#725=IFCCARTESIANPOINT((18000.,5000.,0.));
#726=IFCDIRECTION((0.,0.,1.));
#727=IFCDIRECTION((1.,0.,0.));
#728=IFCAXIS2PLACEMENT3D(#725,#726,#727);
#729=IFCLOCALPLACEMENT(#22,#728);
#730=IFCDOOR('13Ih8z4bv93A5cqidq78oh',$,'Door 1-6',$,$,#814,#804,$,$,$,$,$,$);
#731=IFCCARTESIANPOINTLIST2D(((0.,0.),(0.,2.1000000000000001),(1.,2.1000000000000001),(1.,0.),(-24.,0.),(-24.,-22.899999999999999),(25.,-22.899999999999999),(25.,0.)));
#732=IFCINDEXEDPOLYCURVE(#731,(IFCLINEINDEX((1,2,3,4,5,6,7,8,1))),$);
#733=IFCARBITRARYCLOSEDPROFILEDEF(.AREA.,$,#732);
#734=IFCCARTESIANPOINT((0.,25.,0.));
#735=IFCDIRECTION((0.,-1.,0.));
#736=IFCDIRECTION((1.,0.,0.));
#737=IFCAXIS2PLACEMENT3D(#734,#735,#736);
#738=IFCDIRECTION((0.,0.,-1.));
#739=IFCEXTRUDEDAREASOLID(#733,#737,#738,25.);
#740=IFCCARTESIANPOINTLIST2D(((0.,0.),(0.,2.1000000000000001),(1.,2.1000000000000001),(1.,0.),(-49.,0.),(-49.,-47.899999999999999),(50.,-47.899999999999999),(50.,0.)));
#741=IFCINDEXEDPOLYCURVE(#740,(IFCLINEINDEX((1,2,3,4,5,6,7,8,1))),$);
#742=IFCARBITRARYCLOSEDPROFILEDEF(.AREA.,$,#741);
#743=IFCCARTESIANPOINT((0.,0.,0.));
#744=IFCDIRECTION((0.,-1.,0.));
#745=IFCDIRECTION((1.,0.,0.));
#746=IFCAXIS2PLACEMENT3D(#743,#744,#745);
#747=IFCDIRECTION((0.,0.,-1.));
#748=IFCEXTRUDEDAREASOLID(#742,#746,#747,25.);
#749=IFCCARTESIANPOINTLIST2D(((0.,0.),(-99.,0.),(-99.,100.),(0.,100.)));
#750=IFCINDEXEDPOLYCURVE(#749,(IFCLINEINDEX((1,2,3,4,1))),$);
#751=IFCARBITRARYCLOSEDPROFILEDEF(.AREA.,$,#750);
#752=IFCCARTESIANPOINT((50.,0.,0.));
#753=IFCDIRECTION((0.,0.,1.));
#754=IFCDIRECTION((1.,0.,0.));
#755=IFCAXIS2PLACEMENT3D(#752,#753,#754);
#756=IFCDIRECTION((0.,0.,1.));
#757=IFCEXTRUDEDAREASOLID(#751,#755,#756,25.);
#758=IFCCARTESIANPOINTLIST2D(((0.,0.),(0.,27.100000000000001),(51.,27.100000000000001),(51.,0.),(-24.,0.),(-24.,-47.899999999999999),(75.,-47.899999999999999),(75.,0.)));
#759=IFCINDEXEDPOLYCURVE(#758,(IFCLINEINDEX((1,2,3,4,5,6,7,8,1))),$);
#760=IFCARBITRARYCLOSEDPROFILEDEF(.AREA.,$,#759);
#761=IFCCARTESIANPOINT((-25.,-5.,0.));
#762=IFCDIRECTION((0.,-1.,0.));
#763=IFCDIRECTION((1.,0.,0.));
#764=IFCAXIS2PLACEMENT3D(#761,#762,#763);
#765=IFCDIRECTION((0.,0.,-1.));
#766=IFCEXTRUDEDAREASOLID(#760,#764,#765,5.);
#767=IFCCARTESIANPOINTLIST2D(((0.,0.),(0.,27.100000000000001),(51.,27.100000000000001),(51.,0.),(1.,0.),(1.,-22.899999999999999),(50.,-22.899999999999999),(50.,0.)));
#768=IFCINDEXEDPOLYCURVE(#767,(IFCLINEINDEX((1,2,3,4,5,6,7,8,1))),$);
#769=IFCARBITRARYCLOSEDPROFILEDEF(.AREA.,$,#768);
#770=IFCCARTESIANPOINT((-25.,50.,0.));
#771=IFCDIRECTION((0.,-1.,0.));
#772=IFCDIRECTION((1.,0.,0.));
#773=IFCAXIS2PLACEMENT3D(#770,#771,#772);
#774=IFCDIRECTION((0.,0.,-1.));
#775=IFCEXTRUDEDAREASOLID(#769,#773,#774,5.);
#776=IFCCARTESIANPOINTLIST2D(((0.,0.),(-49.,0.),(-49.,35.),(0.,35.)));
#777=IFCINDEXEDPOLYCURVE(#776,(IFCLINEINDEX((1,2,3,4,1))),$);
#778=IFCARBITRARYCLOSEDPROFILEDEF(.AREA.,$,#777);
#779=IFCCARTESIANPOINT((25.,25.,25.));
#780=IFCDIRECTION((0.,0.,1.));
#781=IFCDIRECTION((1.,0.,0.));
#782=IFCAXIS2PLACEMENT3D(#779,#780,#781);
#783=IFCDIRECTION((0.,0.,1.));
#784=IFCEXTRUDEDAREASOLID(#778,#782,#783,-47.899999999999999);
#785=IFCCARTESIANPOINTLIST2D(((0.,0.),(0.,-40.),(-120.,-40.),(-120.,-20.),(-20.,-20.),(-20.,0.)));
#786=IFCINDEXEDPOLYCURVE(#785,(IFCLINEINDEX((1,2,3,4,5,6,1))),$);
#787=IFCARBITRARYCLOSEDPROFILEDEF(.AREA.,$,#786);
#788=IFCCARTESIANPOINT((-74.,25.,1015.));
#789=IFCDIRECTION((0.,0.,1.));
#790=IFCDIRECTION((1.,0.,0.));
#791=IFCAXIS2PLACEMENT3D(#788,#789,#790);
#792=IFCDIRECTION((0.,0.,1.));
#793=IFCEXTRUDEDAREASOLID(#787,#791,#792,20.);
#794=IFCEXTRUDEDAREASOLID(#795,#798,#802,20.);
#795=IFCARBITRARYCLOSEDPROFILEDEF(.AREA.,$,#796);
#796=IFCINDEXEDPOLYCURVE(#797,(IFCLINEINDEX((1,2,3,4,5,6,1))),$);
#797=IFCCARTESIANPOINTLIST2D(((0.,0.),(0.,40.),(-120.,40.),(-120.,20.),(-20.,20.),(-20.,0.)));
#798=IFCAXIS2PLACEMENT3D(#799,#800,#801);
#799=IFCCARTESIANPOINT((-74.,60.,1015.));
#800=IFCDIRECTION((0.,0.,1.));
#801=IFCDIRECTION((1.,0.,0.));
#802=IFCDIRECTION((0.,0.,1.));
#803=IFCSHAPEREPRESENTATION(#11,'Body','SweptSolid',(#739,#748,#784,#793,#794,#757,#766,#775));
#804=IFCPRODUCTDEFINITIONSHAPE($,$,(#803));
#810=IFCCARTESIANPOINT((27000.,5000.,0.));
#811=IFCDIRECTION((0.,0.,1.));
#812=IFCDIRECTION((1.,0.,0.));
#813=IFCAXIS2PLACEMENT3D(#810,#811,#812);
#814=IFCLOCALPLACEMENT(#22,#813);
#815=IFCDOOR('0E5B6677jDDgQjuqpm5tis',$,'Door 1-7',$,$,#899,#889,$,$,$,$,$,$);
#816=IFCCARTESIANPOINTLIST2D(((0.,0.),(0.,2.1000000000000001),(1.,2.1000000000000001),(1.,0.),(-24.,0.),(-24.,-22.899999999999999),(25.,-22.899999999999999),(25.,0.)));
#817=IFCINDEXEDPOLYCURVE(#816,(IFCLINEINDEX((1,2,3,4,5,6,7,8,1))),$);
#818=IFCARBITRARYCLOSEDPROFILEDEF(.AREA.,$,#817);
#819=IFCCARTESIANPOINT((0.,25.,0.));
#820=IFCDIRECTION((0.,-1.,0.));
#821=IFCDIRECTION((1.,0.,0.));
#822=IFCAXIS2PLACEMENT3D(#819,#820,#821);
#823=IFCDIRECTION((0.,0.,-1.));
#824=IFCEXTRUDEDAREASOLID(#818,#822,#823,25.);
#825=IFCCARTESIANPOINTLIST2D(((0.,0.),(0.,2.1000000000000001),(1.,2.1000000000000001),(1.,0.),(-49.,0.),(-49.,-47.899999999999999),(50.,-47.899999999999999),(50.,0.)));
#826=IFCINDEXEDPOLYCURVE(#825,(IFCLINEINDEX((1,2,3,4,5,6,7,8,1))),$);
#827=IFCARBITRARYCLOSEDPROFILEDEF(.AREA.,$,#826);
#828=IFCCARTESIANPOINT((0.,0.,0.));
#829=IFCDIRECTION((0.,-1.,0.));
#830=IFCDIRECTION((1.,0.,0.));
#831=IFCAXIS2PLACEMENT3D(#828,#829,#830);
#832=IFCDIRECTION((0.,0.,-1.));
#833=IFCEXTRUDEDAREASOLID(#827,#831,#832,25.);
#834=IFCCARTESIANPOINTLIST2D(((0.,0.),(-99.,0.),(-99.,100.),(0.,100.)));
#835=IFCINDEXEDPOLYCURVE(#834,(IFCLINEINDEX((1,2,3,4,1))),$);
#836=IFCARBITRARYCLOSEDPROFILEDEF(.AREA.,$,#835);
#837=IFCCARTESIANPOINT((50.,0.,0.));
#838=IFCDIRECTION((0.,0.,1.));
#839=IFCDIRECTION((1.,0.,0.));
#840=IFCAXIS2PLACEMENT3D(#837,#838,#839);
#841=IFCDIRECTION((0.,0.,1.));
#842=IFCEXTRUDEDAREASOLID(#836,#840,#841,25.);
#843=IFCCARTESIANPOINTLIST2D(((0.,0.),(0.,27.100000000000001),(51.,27.100000000000001),(51.,0.),(-24.,0.),(-24.,-47.899999999999999),(75.,-47.899999999999999),(75.,0.)));
#844=IFCINDEXEDPOLYCURVE(#843,(IFCLINEINDEX((1,2,3,4,5,6,7,8,1))),$);
#845=IFCARBITRARYCLOSEDPROFILEDEF(.AREA.,$,#844);
#846=IFCCARTESIANPOINT((-25.,-5.,0.));
#847=IFCDIRECTION((0.,-1.,0.));
#848=IFCDIRECTION((1.,0.,0.));
#849=IFCAXIS2PLACEMENT3D(#846,#847,#848);
#850=IFCDIRECTION((0.,0.,-1.));
#851=IFCEXTRUDEDAREASOLID(#845,#849,#850,5.);
#852=IFCCARTESIANPOINTLIST2D(((0.,0.),(0.,27.100000000000001),(51.,27.100000000000001),(51.,0.),(1.,0.),(1.,-22.899999999999999),(50.,-22.899999999999999),(50.,0.)));
#853=IFCINDEXEDPOLYCURVE(#852,(IFCLINEINDEX((1,2,3,4,5,6,7,8,1))),$);
#854=IFCARBITRARYCLOSEDPROFILEDEF(.AREA.,$,#853);
#855=IFCCARTESIANPOINT((-25.,50.,0.));
#856=IFCDIRECTION((0.,-1.,0.));
#857=IFCDIRECTION((1.,0.,0.));
#858=IFCAXIS2PLACEMENT3D(#855,#856,#857);
#859=IFCDIRECTION((0.,0.,-1.));
#860=IFCEXTRUDEDAREASOLID(#854,#858,#859,5.);
#861=IFCCARTESIANPOINTLIST2D(((0.,0.),(-49.,0.),(-49.,35.),(0.,35.)));
#862=IFCINDEXEDPOLYCURVE(#861,(IFCLINEINDEX((1,2,3,4,1))),$);
#863=IFCARBITRARYCLOSEDPROFILEDEF(.AREA.,$,#862);
#864=IFCCARTESIANPOINT((25.,25.,25.));
#865=IFCDIRECTION((0.,0.,1.));
#866=IFCDIRECTION((1.,0.,0.));
#867=IFCAXIS2PLACEMENT3D(#864,#865,#866);
#868=IFCDIRECTION((0.,0.,1.));
#869=IFCEXTRUDEDAREASOLID(#863,#867,#868,-47.899999999999999);
#870=IFCCARTESIANPOINTLIST2D(((0.,0.),(0.,-40.),(-120.,-40.),(-120.,-20.),(-20.,-20.),(-20.,0.)));
#871=IFCINDEXEDPOLYCURVE(#870,(IFCLINEINDEX((1,2,3,4,5,6,1))),$);
#872=IFCARBITRARYCLOSEDPROFILEDEF(.AREA.,$,#871);
#873=IFCCARTESIANPOINT((-74.,25.,1015.));
#874=IFCDIRECTION((0.,0.,1.));
#875=IFCDIRECTION((1.,0.,0.));
#876=IFCAXIS2PLACEMENT3D(#873,#874,#875);
#877=IFCDIRECTION((0.,0.,1.));
#878=IFCEXTRUDEDAREASOLID(#872,#876,#877,20.);
#879=IFCEXTRUDEDAREASOLID(#880,#883,#887,20.);
#880=IFCARBITRARYCLOSEDPROFILEDEF(.AREA.,$,#881);
#881=IFCINDEXEDPOLYCURVE(#882,(IFCLINEINDEX((1,2,3,4,5,6,1))),$);
#882=IFCCARTESIANPOINTLIST2D(((0.,0.),(0.,40.),(-120.,40.),(-120.,20.),(-20.,20.),(-20.,0.)));
#883=IFCAXIS2PLACEMENT3D(#884,#885,#886);
#884=IFCCARTESIANPOINT((-74.,60.,1015.));
#885=IFCDIRECTION((0.,0.,1.));
#886=IFCDIRECTION((1.,0.,0.));
#887=IFCDIRECTION((0.,0.,1.));
#888=IFCSHAPEREPRESENTATION(#11,'Body','SweptSolid',(#824,#833,#869,#878,#879,#842,#851,#860));
#889=IFCPRODUCTDEFINITIONSHAPE($,$,(#888));
#895=IFCCARTESIANPOINT((33000.,5000.,0.));
#896=IFCDIRECTION((0.,0.,1.));
#897=IFCDIRECTION((1.,0.,0.));
#898=IFCAXIS2PLACEMENT3D(#895,#896,#897);
#899=IFCLOCALPLACEMENT(#22,#898);
#900=IFCDOOR('2$qSGNkmL068gShQpO4GDD',$,'Entry 1',$,$,#984,#974,$,$,$,$,$,$);
#901=IFCCARTESIANPOINTLIST2D(((0.,0.),(0.,2.1000000000000001),(1.,2.1000000000000001),(1.,0.),(-24.,0.),(-24.,-22.899999999999999),(25.,-22.899999999999999),(25.,0.)));
#902=IFCINDEXEDPOLYCURVE(#901,(IFCLINEINDEX((1,2,3,4,5,6,7,8,1))),$);
#903=IFCARBITRARYCLOSEDPROFILEDEF(.AREA.,$,#902);
#904=IFCCARTESIANPOINT((0.,25.,0.));
#905=IFCDIRECTION((0.,-1.,0.));
#906=IFCDIRECTION((1.,0.,0.));
#907=IFCAXIS2PLACEMENT3D(#904,#905,#906);
#908=IFCDIRECTION((0.,0.,-1.));
#909=IFCEXTRUDEDAREASOLID(#903,#907,#908,25.);
#910=IFCCARTESIANPOINTLIST2D(((0.,0.),(0.,2.1000000000000001),(1.,2.1000000000000001),(1.,0.),(-49.,0.),(-49.,-47.899999999999999),(50.,-47.899999999999999),(50.,0.)));
#911=IFCINDEXEDPOLYCURVE(#910,(IFCLINEINDEX((1,2,3,4,5,6,7,8,1))),$);
#912=IFCARBITRARYCLOSEDPROFILEDEF(.AREA.,$,#911);
#913=IFCCARTESIANPOINT((0.,0.,0.));
#914=IFCDIRECTION((0.,-1.,0.));
#915=IFCDIRECTION((1.,0.,0.));
#916=IFCAXIS2PLACEMENT3D(#913,#914,#915);
#917=IFCDIRECTION((0.,0.,-1.));
#918=IFCEXTRUDEDAREASOLID(#912,#916,#917,25.);
#919=IFCCARTESIANPOINTLIST2D(((0.,0.),(-99.,0.),(-99.,100.),(0.,100.)));
#920=IFCINDEXEDPOLYCURVE(#919,(IFCLINEINDEX((1,2,3,4,1))),$);
#921=IFCARBITRARYCLOSEDPROFILEDEF(.AREA.,$,#920);
#922=IFCCARTESIANPOINT((50.,0.,0.));
#923=IFCDIRECTION((0.,0.,1.));
#924=IFCDIRECTION((1.,0.,0.));
#925=IFCAXIS2PLACEMENT3D(#922,#923,#924);
#926=IFCDIRECTION((0.,0.,1.));
#927=IFCEXTRUDEDAREASOLID(#921,#925,#926,25.);
#928=IFCCARTESIANPOINTLIST2D(((0.,0.),(0.,27.100000000000001),(51.,27.100000000000001),(51.,0.),(-24.,0.),(-24.,-47.899999999999999),(75.,-47.899999999999999),(75.,0.)));
#929=IFCINDEXEDPOLYCURVE(#928,(IFCLINEINDEX((1,2,3,4,5,6,7,8,1))),$);
#930=IFCARBITRARYCLOSEDPROFILEDEF(.AREA.,$,#929);
#931=IFCCARTESIANPOINT((-25.,-5.,0.));
#932=IFCDIRECTION((0.,-1.,0.));
#933=IFCDIRECTION((1.,0.,0.));
#934=IFCAXIS2PLACEMENT3D(#931,#932,#933);
#935=IFCDIRECTION((0.,0.,-1.));
#936=IFCEXTRUDEDAREASOLID(#930,#934,#935,5.);
#937=IFCCARTESIANPOINTLIST2D(((0.,0.),(0.,27.100000000000001),(51.,27.100000000000001),(51.,0.),(1.,0.),(1.,-22.899999999999999),(50.,-22.899999999999999),(50.,0.)));
#938=IFCINDEXEDPOLYCURVE(#937,(IFCLINEINDEX((1,2,3,4,5,6,7,8,1))),$);
#939=IFCARBITRARYCLOSEDPROFILEDEF(.AREA.,$,#938);
#940=IFCCARTESIANPOINT((-25.,50.,0.));
#941=IFCDIRECTION((0.,-1.,0.));
#942=IFCDIRECTION((1.,0.,0.));
#943=IFCAXIS2PLACEMENT3D(#940,#941,#942);
#944=IFCDIRECTION((0.,0.,-1.));
#945=IFCEXTRUDEDAREASOLID(#939,#943,#944,5.);
#946=IFCCARTESIANPOINTLIST2D(((0.,0.),(-49.,0.),(-49.,35.),(0.,35.)));
#947=IFCINDEXEDPOLYCURVE(#946,(IFCLINEINDEX((1,2,3,4,1))),$);
#948=IFCARBITRARYCLOSEDPROFILEDEF(.AREA.,$,#947);
#949=IFCCARTESIANPOINT((25.,25.,25.));
#950=IFCDIRECTION((0.,0.,1.));
#951=IFCDIRECTION((1.,0.,0.));
#952=IFCAXIS2PLACEMENT3D(#949,#950,#951);
#953=IFCDIRECTION((0.,0.,1.));
#954=IFCEXTRUDEDAREASOLID(#948,#952,#953,-47.899999999999999);
#955=IFCCARTESIANPOINTLIST2D(((0.,0.),(0.,-40.),(-120.,-40.),(-120.,-20.),(-20.,-20.),(-20.,0.)));
#956=IFCINDEXEDPOLYCURVE(#955,(IFCLINEINDEX((1,2,3,4,5,6,1))),$);
#957=IFCARBITRARYCLOSEDPROFILEDEF(.AREA.,$,#956);
#958=IFCCARTESIANPOINT((-74.,25.,1015.));
#959=IFCDIRECTION((0.,0.,1.));
#960=IFCDIRECTION((1.,0.,0.));
#961=IFCAXIS2PLACEMENT3D(#958,#959,#960);
#962=IFCDIRECTION((0.,0.,1.));
#963=IFCEXTRUDEDAREASOLID(#957,#961,#962,20.);
#964=IFCEXTRUDEDAREASOLID(#965,#968,#972,20.);
#965=IFCARBITRARYCLOSEDPROFILEDEF(.AREA.,$,#966);
#966=IFCINDEXEDPOLYCURVE(#967,(IFCLINEINDEX((1,2,3,4,5,6,1))),$);
#967=IFCCARTESIANPOINTLIST2D(((0.,0.),(0.,40.),(-120.,40.),(-120.,20.),(-20.,20.),(-20.,0.)));
#968=IFCAXIS2PLACEMENT3D(#969,#970,#971);
#969=IFCCARTESIANPOINT((-74.,60.,1015.));
#970=IFCDIRECTION((0.,0.,1.));
#971=IFCDIRECTION((1.,0.,0.));
#972=IFCDIRECTION((0.,0.,1.));
#973=IFCSHAPEREPRESENTATION(#11,'Body','SweptSolid',(#909,#918,#954,#963,#964,#927,#936,#945));
#974=IFCPRODUCTDEFINITIONSHAPE($,$,(#973));
#980=IFCCARTESIANPOINT((1399.9999999999998,5900.,0.));
#981=IFCDIRECTION((0.,0.,1.));
#982=IFCDIRECTION((6.123233995736766E-17,1.,0.));
#983=IFCAXIS2PLACEMENT3D(#980,#981,#982);
#984=IFCLOCALPLACEMENT(#22,#983);
#985=IFCWINDOW('05c8b057f2Qwnww9r5jX$6',$,'Window 1-1',$,$,#1039,#1029,$,$,$,$,$,$);
#986=IFCCARTESIANPOINTLIST2D(((0.,0.),(1.6000000000000001,0.),(1.6000000000000001,1.2),(0.,1.2)));
#987=IFCINDEXEDPOLYCURVE(#986,(IFCLINEINDEX((1,2,3,4,1))),$);
#988=IFCCARTESIANPOINTLIST2D(((25.,25.),(-23.399999999999999,25.),(-23.399999999999999,-23.799999999999997),(25.,-23.799999999999997)));
#989=IFCINDEXEDPOLYCURVE(#988,(IFCLINEINDEX((1,2,3,4,1))),$);
#990=IFCARBITRARYPROFILEDEFWITHVOIDS(.AREA.,$,#987,(#989));
#991=IFCCARTESIANPOINT((0.,90.,0.));
#992=IFCDIRECTION((0.,-1.,0.));
#993=IFCDIRECTION((1.,0.,0.));
#994=IFCAXIS2PLACEMENT3D(#991,#992,#993);
#995=IFCDIRECTION((0.,0.,-1.));
#996=IFCEXTRUDEDAREASOLID(#990,#994,#995,10.);
#997=IFCCARTESIANPOINTLIST2D(((0.,0.),(1.6000000000000001,0.),(1.6000000000000001,1.2),(0.,1.2)));
#998=IFCINDEXEDPOLYCURVE(#997,(IFCLINEINDEX((1,2,3,4,1))),$);
#999=IFCCARTESIANPOINTLIST2D(((50.,50.),(-48.400000000000006,50.),(-48.400000000000006,-48.799999999999997),(50.,-48.799999999999997)));
#1000=IFCINDEXEDPOLYCURVE(#999,(IFCLINEINDEX((1,2,3,4,1))),$);
#1001=IFCARBITRARYPROFILEDEFWITHVOIDS(.AREA.,$,#998,(#1000));
#1002=IFCCARTESIANPOINT((0.,50.,0.));
#1003=IFCDIRECTION((0.,-1.,0.));
#1004=IFCDIRECTION((1.,0.,0.));
#1005=IFCAXIS2PLACEMENT3D(#1002,#1003,#1004);
#1006=IFCDIRECTION((0.,0.,-1.));
#1007=IFCEXTRUDEDAREASOLID(#1001,#1005,#1006,40.);
#1008=IFCCARTESIANPOINTLIST2D(((0.,0.),(-48.399999999999999,0.),(-48.399999999999999,-48.799999999999997),(0.,-48.799999999999997)));
#1009=IFCINDEXEDPOLYCURVE(#1008,(IFCLINEINDEX((1,2,3,4,1))),$);
#1010=IFCCARTESIANPOINTLIST2D(((35.,35.),(-83.400000000000006,35.),(-83.400000000000006,-83.799999999999997),(35.,-83.799999999999997)));
#1011=IFCINDEXEDPOLYCURVE(#1010,(IFCLINEINDEX((1,2,3,4,1))),$);
#1012=IFCARBITRARYPROFILEDEFWITHVOIDS(.AREA.,$,#1009,(#1011));
#1013=IFCCARTESIANPOINT((25.,90.,25.));
#1014=IFCDIRECTION((0.,-1.,0.));
#1015=IFCDIRECTION((1.,0.,0.));
#1016=IFCAXIS2PLACEMENT3D(#1013,#1014,#1015);
#1017=IFCDIRECTION((0.,0.,-1.));
#1018=IFCEXTRUDEDAREASOLID(#1012,#1016,#1017,35.);
#1019=IFCINDEXEDPOLYCURVE(#1020,(IFCLINEINDEX((1,2,3,4,1))),$);
#1020=IFCCARTESIANPOINTLIST2D(((35.,35.),(-83.400000000000006,35.),(-83.400000000000006,-83.799999999999997),(35.,-83.799999999999997)));
#1021=IFCARBITRARYCLOSEDPROFILEDEF(.AREA.,$,#1019);
#1022=IFCCARTESIANPOINT((25.,102.5,25.));
#1023=IFCDIRECTION((0.,-1.,0.));
#1024=IFCDIRECTION((1.,0.,0.));
#1025=IFCAXIS2PLACEMENT3D(#1022,#1023,#1024);
#1026=IFCDIRECTION((0.,0.,-1.));
#1027=IFCEXTRUDEDAREASOLID(#1021,#1025,#1026,10.);
#1028=IFCSHAPEREPRESENTATION(#11,'Body','SweptSolid',(#996,#1007,#1018,#1027));
#1029=IFCPRODUCTDEFINITIONSHAPE($,$,(#1028));
#1035=IFCCARTESIANPOINT((6000.,11800.,1000.));
#1036=IFCDIRECTION((0.,0.,1.));
#1037=IFCDIRECTION((1.,0.,0.));
#1038=IFCAXIS2PLACEMENT3D(#1035,#1036,#1037);
#1039=IFCLOCALPLACEMENT(#22,#1038);
#1040=IFCWINDOW('2bGf6N1r19XxdEgGsvoBWa',$,'Window 1-2',$,$,#1094,#1084,$,$,$,$,$,$);
#1041=IFCCARTESIANPOINTLIST2D(((0.,0.),(1.6000000000000001,0.),(1.6000000000000001,1.2),(0.,1.2)));
#1042=IFCINDEXEDPOLYCURVE(#1041,(IFCLINEINDEX((1,2,3,4,1))),$);
#1043=IFCCARTESIANPOINTLIST2D(((25.,25.),(-23.399999999999999,25.),(-23.399999999999999,-23.799999999999997),(25.,-23.799999999999997)));
#1044=IFCINDEXEDPOLYCURVE(#1043,(IFCLINEINDEX((1,2,3,4,1))),$);
#1045=IFCARBITRARYPROFILEDEFWITHVOIDS(.AREA.,$,#1042,(#1044));
#1046=IFCCARTESIANPOINT((0.,90.,0.));
#1047=IFCDIRECTION((0.,-1.,0.));
#1048=IFCDIRECTION((1.,0.,0.));
#1049=IFCAXIS2PLACEMENT3D(#1046,#1047,#1048);
#1050=IFCDIRECTION((0.,0.,-1.));
#1051=IFCEXTRUDEDAREASOLID(#1045,#1049,#1050,10.);
#1052=IFCCARTESIANPOINTLIST2D(((0.,0.),(1.6000000000000001,0.),(1.6000000000000001,1.2),(0.,1.2)));
#1053=IFCINDEXEDPOLYCURVE(#1052,(IFCLINEINDEX((1,2,3,4,1))),$);
#1054=IFCCARTESIANPOINTLIST2D(((50.,50.),(-48.400000000000006,50.),(-48.400000000000006,-48.799999999999997),(50.,-48.799999999999997)));
#1055=IFCINDEXEDPOLYCURVE(#1054,(IFCLINEINDEX((1,2,3,4,1))),$);
#1056=IFCARBITRARYPROFILEDEFWITHVOIDS(.AREA.,$,#1053,(#1055));
#1057=IFCCARTESIANPOINT((0.,50.,0.));
#1058=IFCDIRECTION((0.,-1.,0.));
#1059=IFCDIRECTION((1.,0.,0.));
#1060=IFCAXIS2PLACEMENT3D(#1057,#1058,#1059);
#1061=IFCDIRECTION((0.,0.,-1.));
#1062=IFCEXTRUDEDAREASOLID(#1056,#1060,#1061,40.);
#1063=IFCCARTESIANPOINTLIST2D(((0.,0.),(-48.399999999999999,0.),(-48.399999999999999,-48.799999999999997),(0.,-48.799999999999997)));
#1064=IFCINDEXEDPOLYCURVE(#1063,(IFCLINEINDEX((1,2,3,4,1))),$);
#1065=IFCCARTESIANPOINTLIST2D(((35.,35.),(-83.400000000000006,35.),(-83.400000000000006,-83.799999999999997),(35.,-83.799999999999997)));
#1066=IFCINDEXEDPOLYCURVE(#1065,(IFCLINEINDEX((1,2,3,4,1))),$);
#1067=IFCARBITRARYPROFILEDEFWITHVOIDS(.AREA.,$,#1064,(#1066));
#1068=IFCCARTESIANPOINT((25.,90.,25.));
#1069=IFCDIRECTION((0.,-1.,0.));
#1070=IFCDIRECTION((1.,0.,0.));
#1071=IFCAXIS2PLACEMENT3D(#1068,#1069,#1070);
#1072=IFCDIRECTION((0.,0.,-1.));
#1073=IFCEXTRUDEDAREASOLID(#1067,#1071,#1072,35.);
#1074=IFCINDEXEDPOLYCURVE(#1075,(IFCLINEINDEX((1,2,3,4,1))),$);
#1075=IFCCARTESIANPOINTLIST2D(((35.,35.),(-83.400000000000006,35.),(-83.400000000000006,-83.799999999999997),(35.,-83.799999999999997)));
#1076=IFCARBITRARYCLOSEDPROFILEDEF(.AREA.,$,#1074);
#1077=IFCCARTESIANPOINT((25.,102.5,25.));
#1078=IFCDIRECTION((0.,-1.,0.));
#1079=IFCDIRECTION((1.,0.,0.));
#1080=IFCAXIS2PLACEMENT3D(#1077,#1078,#1079);
#1081=IFCDIRECTION((0.,0.,-1.));
#1082=IFCEXTRUDEDAREASOLID(#1076,#1080,#1081,10.);
#1083=IFCSHAPEREPRESENTATION(#11,'Body','SweptSolid',(#1051,#1062,#1073,#1082));
#1084=IFCPRODUCTDEFINITIONSHAPE($,$,(#1083));
#1090=IFCCARTESIANPOINT((16000.,11800.,1000.));
#1091=IFCDIRECTION((0.,0.,1.));
#1092=IFCDIRECTION((1.,0.,0.));
#1093=IFCAXIS2PLACEMENT3D(#1090,#1091,#1092);
#1094=IFCLOCALPLACEMENT(#22,#1093);
#1095=IFCWINDOW('0YlxqjkbfFRB85JsqkR0l8',$,'Window 1-3',$,$,#1149,#1139,$,$,$,$,$,$);
#1096=IFCCARTESIANPOINTLIST2D(((0.,0.),(1.6000000000000001,0.),(1.6000000000000001,1.2),(0.,1.2)));
#1097=IFCINDEXEDPOLYCURVE(#1096,(IFCLINEINDEX((1,2,3,4,1))),$);
#1098=IFCCARTESIANPOINTLIST2D(((25.,25.),(-23.399999999999999,25.),(-23.399999999999999,-23.799999999999997),(25.,-23.799999999999997)));
#1099=IFCINDEXEDPOLYCURVE(#1098,(IFCLINEINDEX((1,2,3,4,1))),$);
#1100=IFCARBITRARYPROFILEDEFWITHVOIDS(.AREA.,$,#1097,(#1099));
#1101=IFCCARTESIANPOINT((0.,90.,0.));
#1102=IFCDIRECTION((0.,-1.,0.));
#1103=IFCDIRECTION((1.,0.,0.));
#1104=IFCAXIS2PLACEMENT3D(#1101,#1102,#1103);
#1105=IFCDIRECTION((0.,0.,-1.));
#1106=IFCEXTRUDEDAREASOLID(#1100,#1104,#1105,10.);
#1107=IFCCARTESIANPOINTLIST2D(((0.,0.),(1.6000000000000001,0.),(1.6000000000000001,1.2),(0.,1.2)));
#1108=IFCINDEXEDPOLYCURVE(#1107,(IFCLINEINDEX((1,2,3,4,1))),$);
#1109=IFCCARTESIANPOINTLIST2D(((50.,50.),(-48.400000000000006,50.),(-48.400000000000006,-48.799999999999997),(50.,-48.799999999999997)));
#1110=IFCINDEXEDPOLYCURVE(#1109,(IFCLINEINDEX((1,2,3,4,1))),$);
#1111=IFCARBITRARYPROFILEDEFWITHVOIDS(.AREA.,$,#1108,(#1110));
#1112=IFCCARTESIANPOINT((0.,50.,0.));
#1113=IFCDIRECTION((0.,-1.,0.));
#1114=IFCDIRECTION((1.,0.,0.));
#1115=IFCAXIS2PLACEMENT3D(#1112,#1113,#1114);
#1116=IFCDIRECTION((0.,0.,-1.));
#1117=IFCEXTRUDEDAREASOLID(#1111,#1115,#1116,40.);
#1118=IFCCARTESIANPOINTLIST2D(((0.,0.),(-48.399999999999999,0.),(-48.399999999999999,-48.799999999999997),(0.,-48.799999999999997)));
#1119=IFCINDEXEDPOLYCURVE(#1118,(IFCLINEINDEX((1,2,3,4,1))),$);
#1120=IFCCARTESIANPOINTLIST2D(((35.,35.),(-83.400000000000006,35.),(-83.400000000000006,-83.799999999999997),(35.,-83.799999999999997)));
#1121=IFCINDEXEDPOLYCURVE(#1120,(IFCLINEINDEX((1,2,3,4,1))),$);
#1122=IFCARBITRARYPROFILEDEFWITHVOIDS(.AREA.,$,#1119,(#1121));
#1123=IFCCARTESIANPOINT((25.,90.,25.));
#1124=IFCDIRECTION((0.,-1.,0.));
#1125=IFCDIRECTION((1.,0.,0.));
#1126=IFCAXIS2PLACEMENT3D(#1123,#1124,#1125);
#1127=IFCDIRECTION((0.,0.,-1.));
#1128=IFCEXTRUDEDAREASOLID(#1122,#1126,#1127,35.);
#1129=IFCINDEXEDPOLYCURVE(#1130,(IFCLINEINDEX((1,2,3,4,1))),$);
#1130=IFCCARTESIANPOINTLIST2D(((35.,35.),(-83.400000000000006,35.),(-83.400000000000006,-83.799999999999997),(35.,-83.799999999999997)));
#1131=IFCARBITRARYCLOSEDPROFILEDEF(.AREA.,$,#1129);
#1132=IFCCARTESIANPOINT((25.,102.5,25.));
#1133=IFCDIRECTION((0.,-1.,0.));
#1134=IFCDIRECTION((1.,0.,0.));
#1135=IFCAXIS2PLACEMENT3D(#1132,#1133,#1134);
#1136=IFCDIRECTION((0.,0.,-1.));
#1137=IFCEXTRUDEDAREASOLID(#1131,#1135,#1136,10.);
#1138=IFCSHAPEREPRESENTATION(#11,'Body','SweptSolid',(#1106,#1117,#1128,#1137));
#1139=IFCPRODUCTDEFINITIONSHAPE($,$,(#1138));
#1145=IFCCARTESIANPOINT((26500.,11800.,1000.));
#1146=IFCDIRECTION((0.,0.,1.));
#1147=IFCDIRECTION((1.,0.,0.));
#1148=IFCAXIS2PLACEMENT3D(#1145,#1146,#1147);
#1149=IFCLOCALPLACEMENT(#22,#1148);
#1150=IFCWINDOW('0eWo3zyYj1Te6N7OGPNxg5',$,'Window 1-4',$,$,#1204,#1194,$,$,$,$,$,$);
#1151=IFCCARTESIANPOINTLIST2D(((0.,0.),(1.6000000000000001,0.),(1.6000000000000001,1.2),(0.,1.2)));
#1152=IFCINDEXEDPOLYCURVE(#1151,(IFCLINEINDEX((1,2,3,4,1))),$);
#1153=IFCCARTESIANPOINTLIST2D(((25.,25.),(-23.399999999999999,25.),(-23.399999999999999,-23.799999999999997),(25.,-23.799999999999997)));
#1154=IFCINDEXEDPOLYCURVE(#1153,(IFCLINEINDEX((1,2,3,4,1))),$);
#1155=IFCARBITRARYPROFILEDEFWITHVOIDS(.AREA.,$,#1152,(#1154));
#1156=IFCCARTESIANPOINT((0.,90.,0.));
#1157=IFCDIRECTION((0.,-1.,0.));
#1158=IFCDIRECTION((1.,0.,0.));
#1159=IFCAXIS2PLACEMENT3D(#1156,#1157,#1158);
#1160=IFCDIRECTION((0.,0.,-1.));
#1161=IFCEXTRUDEDAREASOLID(#1155,#1159,#1160,10.);
#1162=IFCCARTESIANPOINTLIST2D(((0.,0.),(1.6000000000000001,0.),(1.6000000000000001,1.2),(0.,1.2)));
#1163=IFCINDEXEDPOLYCURVE(#1162,(IFCLINEINDEX((1,2,3,4,1))),$);
#1164=IFCCARTESIANPOINTLIST2D(((50.,50.),(-48.400000000000006,50.),(-48.400000000000006,-48.799999999999997),(50.,-48.799999999999997)));
#1165=IFCINDEXEDPOLYCURVE(#1164,(IFCLINEINDEX((1,2,3,4,1))),$);
#1166=IFCARBITRARYPROFILEDEFWITHVOIDS(.AREA.,$,#1163,(#1165));
#1167=IFCCARTESIANPOINT((0.,50.,0.));
#1168=IFCDIRECTION((0.,-1.,0.));
#1169=IFCDIRECTION((1.,0.,0.));
#1170=IFCAXIS2PLACEMENT3D(#1167,#1168,#1169);
#1171=IFCDIRECTION((0.,0.,-1.));
#1172=IFCEXTRUDEDAREASOLID(#1166,#1170,#1171,40.);
#1173=IFCCARTESIANPOINTLIST2D(((0.,0.),(-48.399999999999999,0.),(-48.399999999999999,-48.799999999999997),(0.,-48.799999999999997)));
#1174=IFCINDEXEDPOLYCURVE(#1173,(IFCLINEINDEX((1,2,3,4,1))),$);
#1175=IFCCARTESIANPOINTLIST2D(((35.,35.),(-83.400000000000006,35.),(-83.400000000000006,-83.799999999999997),(35.,-83.799999999999997)));
#1176=IFCINDEXEDPOLYCURVE(#1175,(IFCLINEINDEX((1,2,3,4,1))),$);
#1177=IFCARBITRARYPROFILEDEFWITHVOIDS(.AREA.,$,#1174,(#1176));
#1178=IFCCARTESIANPOINT((25.,90.,25.));
#1179=IFCDIRECTION((0.,-1.,0.));
#1180=IFCDIRECTION((1.,0.,0.));
#1181=IFCAXIS2PLACEMENT3D(#1178,#1179,#1180);
#1182=IFCDIRECTION((0.,0.,-1.));
#1183=IFCEXTRUDEDAREASOLID(#1177,#1181,#1182,35.);
#1184=IFCINDEXEDPOLYCURVE(#1185,(IFCLINEINDEX((1,2,3,4,1))),$);
#1185=IFCCARTESIANPOINTLIST2D(((35.,35.),(-83.400000000000006,35.),(-83.400000000000006,-83.799999999999997),(35.,-83.799999999999997)));
#1186=IFCARBITRARYCLOSEDPROFILEDEF(.AREA.,$,#1184);
#1187=IFCCARTESIANPOINT((25.,102.5,25.));
#1188=IFCDIRECTION((0.,-1.,0.));
#1189=IFCDIRECTION((1.,0.,0.));
#1190=IFCAXIS2PLACEMENT3D(#1187,#1188,#1189);
#1191=IFCDIRECTION((0.,0.,-1.));
#1192=IFCEXTRUDEDAREASOLID(#1186,#1190,#1191,10.);
#1193=IFCSHAPEREPRESENTATION(#11,'Body','SweptSolid',(#1161,#1172,#1183,#1192));
#1194=IFCPRODUCTDEFINITIONSHAPE($,$,(#1193));
#1200=IFCCARTESIANPOINT((6000.,200.,1000.));
#1201=IFCDIRECTION((0.,0.,1.));
#1202=IFCDIRECTION((-1.,1.2246467991473532E-16,0.));
#1203=IFCAXIS2PLACEMENT3D(#1200,#1201,#1202);
#1204=IFCLOCALPLACEMENT(#22,#1203);
#1205=IFCWINDOW('3bDCoKJ$jEgP7lbDvs3s0S',$,'Window 1-5',$,$,#1259,#1249,$,$,$,$,$,$);
#1206=IFCCARTESIANPOINTLIST2D(((0.,0.),(1.6000000000000001,0.),(1.6000000000000001,1.2),(0.,1.2)));
#1207=IFCINDEXEDPOLYCURVE(#1206,(IFCLINEINDEX((1,2,3,4,1))),$);
#1208=IFCCARTESIANPOINTLIST2D(((25.,25.),(-23.399999999999999,25.),(-23.399999999999999,-23.799999999999997),(25.,-23.799999999999997)));
#1209=IFCINDEXEDPOLYCURVE(#1208,(IFCLINEINDEX((1,2,3,4,1))),$);
#1210=IFCARBITRARYPROFILEDEFWITHVOIDS(.AREA.,$,#1207,(#1209));
#1211=IFCCARTESIANPOINT((0.,90.,0.));
#1212=IFCDIRECTION((0.,-1.,0.));
#1213=IFCDIRECTION((1.,0.,0.));
#1214=IFCAXIS2PLACEMENT3D(#1211,#1212,#1213);
#1215=IFCDIRECTION((0.,0.,-1.));
#1216=IFCEXTRUDEDAREASOLID(#1210,#1214,#1215,10.);
#1217=IFCCARTESIANPOINTLIST2D(((0.,0.),(1.6000000000000001,0.),(1.6000000000000001,1.2),(0.,1.2)));
#1218=IFCINDEXEDPOLYCURVE(#1217,(IFCLINEINDEX((1,2,3,4,1))),$);
#1219=IFCCARTESIANPOINTLIST2D(((50.,50.),(-48.400000000000006,50.),(-48.400000000000006,-48.799999999999997),(50.,-48.799999999999997)));
#1220=IFCINDEXEDPOLYCURVE(#1219,(IFCLINEINDEX((1,2,3,4,1))),$);
#1221=IFCARBITRARYPROFILEDEFWITHVOIDS(.AREA.,$,#1218,(#1220));
#1222=IFCCARTESIANPOINT((0.,50.,0.));
#1223=IFCDIRECTION((0.,-1.,0.));
#1224=IFCDIRECTION((1.,0.,0.));
#1225=IFCAXIS2PLACEMENT3D(#1222,#1223,#1224);
#1226=IFCDIRECTION((0.,0.,-1.));
#1227=IFCEXTRUDEDAREASOLID(#1221,#1225,#1226,40.);
#1228=IFCCARTESIANPOINTLIST2D(((0.,0.),(-48.399999999999999,0.),(-48.399999999999999,-48.799999999999997),(0.,-48.799999999999997)));
#1229=IFCINDEXEDPOLYCURVE(#1228,(IFCLINEINDEX((1,2,3,4,1))),$);
#1230=IFCCARTESIANPOINTLIST2D(((35.,35.),(-83.400000000000006,35.),(-83.400000000000006,-83.799999999999997),(35.,-83.799999999999997)));
#1231=IFCINDEXEDPOLYCURVE(#1230,(IFCLINEINDEX((1,2,3,4,1))),$);
#1232=IFCARBITRARYPROFILEDEFWITHVOIDS(.AREA.,$,#1229,(#1231));
#1233=IFCCARTESIANPOINT((25.,90.,25.));
#1234=IFCDIRECTION((0.,-1.,0.));
#1235=IFCDIRECTION((1.,0.,0.));
#1236=IFCAXIS2PLACEMENT3D(#1233,#1234,#1235);
#1237=IFCDIRECTION((0.,0.,-1.));
#1238=IFCEXTRUDEDAREASOLID(#1232,#1236,#1237,35.);
#1239=IFCINDEXEDPOLYCURVE(#1240,(IFCLINEINDEX((1,2,3,4,1))),$);
#1240=IFCCARTESIANPOINTLIST2D(((35.,35.),(-83.400000000000006,35.),(-83.400000000000006,-83.799999999999997),(35.,-83.799999999999997)));
#1241=IFCARBITRARYCLOSEDPROFILEDEF(.AREA.,$,#1239);
#1242=IFCCARTESIANPOINT((25.,102.5,25.));
#1243=IFCDIRECTION((0.,-1.,0.));
#1244=IFCDIRECTION((1.,0.,0.));
#1245=IFCAXIS2PLACEMENT3D(#1242,#1243,#1244);
#1246=IFCDIRECTION((0.,0.,-1.));
#1247=IFCEXTRUDEDAREASOLID(#1241,#1245,#1246,10.);
#1248=IFCSHAPEREPRESENTATION(#11,'Body','SweptSolid',(#1216,#1227,#1238,#1247));
#1249=IFCPRODUCTDEFINITIONSHAPE($,$,(#1248));
#1255=IFCCARTESIANPOINT((16000.,200.,1000.));
#1256=IFCDIRECTION((0.,0.,1.));
#1257=IFCDIRECTION((-1.,1.2246467991473532E-16,0.));
#1258=IFCAXIS2PLACEMENT3D(#1255,#1256,#1257);
#1259=IFCLOCALPLACEMENT(#22,#1258);
#1260=IFCWINDOW('2HlldTdy96Ex9UNH09RqSd',$,'Window 1-6',$,$,#1314,#1304,$,$,$,$,$,$);
#1261=IFCCARTESIANPOINTLIST2D(((0.,0.),(1.6000000000000001,0.),(1.6000000000000001,1.2),(0.,1.2)));
#1262=IFCINDEXEDPOLYCURVE(#1261,(IFCLINEINDEX((1,2,3,4,1))),$);
#1263=IFCCARTESIANPOINTLIST2D(((25.,25.),(-23.399999999999999,25.),(-23.399999999999999,-23.799999999999997),(25.,-23.799999999999997)));
#1264=IFCINDEXEDPOLYCURVE(#1263,(IFCLINEINDEX((1,2,3,4,1))),$);
#1265=IFCARBITRARYPROFILEDEFWITHVOIDS(.AREA.,$,#1262,(#1264));
#1266=IFCCARTESIANPOINT((0.,90.,0.));
#1267=IFCDIRECTION((0.,-1.,0.));
#1268=IFCDIRECTION((1.,0.,0.));
#1269=IFCAXIS2PLACEMENT3D(#1266,#1267,#1268);
#1270=IFCDIRECTION((0.,0.,-1.));
#1271=IFCEXTRUDEDAREASOLID(#1265,#1269,#1270,10.);
#1272=IFCCARTESIANPOINTLIST2D(((0.,0.),(1.6000000000000001,0.),(1.6000000000000001,1.2),(0.,1.2)));
#1273=IFCINDEXEDPOLYCURVE(#1272,(IFCLINEINDEX((1,2,3,4,1))),$);
#1274=IFCCARTESIANPOINTLIST2D(((50.,50.),(-48.400000000000006,50.),(-48.400000000000006,-48.799999999999997),(50.,-48.799999999999997)));
#1275=IFCINDEXEDPOLYCURVE(#1274,(IFCLINEINDEX((1,2,3,4,1))),$);
#1276=IFCARBITRARYPROFILEDEFWITHVOIDS(.AREA.,$,#1273,(#1275));
#1277=IFCCARTESIANPOINT((0.,50.,0.));
#1278=IFCDIRECTION((0.,-1.,0.));
#1279=IFCDIRECTION((1.,0.,0.));
#1280=IFCAXIS2PLACEMENT3D(#1277,#1278,#1279);
#1281=IFCDIRECTION((0.,0.,-1.));
#1282=IFCEXTRUDEDAREASOLID(#1276,#1280,#1281,40.);
#1283=IFCCARTESIANPOINTLIST2D(((0.,0.),(-48.399999999999999,0.),(-48.399999999999999,-48.799999999999997),(0.,-48.799999999999997)));
#1284=IFCINDEXEDPOLYCURVE(#1283,(IFCLINEINDEX((1,2,3,4,1))),$);
#1285=IFCCARTESIANPOINTLIST2D(((35.,35.),(-83.400000000000006,35.),(-83.400000000000006,-83.799999999999997),(35.,-83.799999999999997)));
#1286=IFCINDEXEDPOLYCURVE(#1285,(IFCLINEINDEX((1,2,3,4,1))),$);
#1287=IFCARBITRARYPROFILEDEFWITHVOIDS(.AREA.,$,#1284,(#1286));
#1288=IFCCARTESIANPOINT((25.,90.,25.));
#1289=IFCDIRECTION((0.,-1.,0.));
#1290=IFCDIRECTION((1.,0.,0.));
#1291=IFCAXIS2PLACEMENT3D(#1288,#1289,#1290);
#1292=IFCDIRECTION((0.,0.,-1.));
#1293=IFCEXTRUDEDAREASOLID(#1287,#1291,#1292,35.);
#1294=IFCINDEXEDPOLYCURVE(#1295,(IFCLINEINDEX((1,2,3,4,1))),$);
#1295=IFCCARTESIANPOINTLIST2D(((35.,35.),(-83.400000000000006,35.),(-83.400000000000006,-83.799999999999997),(35.,-83.799999999999997)));
#1296=IFCARBITRARYCLOSEDPROFILEDEF(.AREA.,$,#1294);
#1297=IFCCARTESIANPOINT((25.,102.5,25.));
#1298=IFCDIRECTION((0.,-1.,0.));
#1299=IFCDIRECTION((1.,0.,0.));
#1300=IFCAXIS2PLACEMENT3D(#1297,#1298,#1299);
#1301=IFCDIRECTION((0.,0.,-1.));
#1302=IFCEXTRUDEDAREASOLID(#1296,#1300,#1301,10.);
#1303=IFCSHAPEREPRESENTATION(#11,'Body','SweptSolid',(#1271,#1282,#1293,#1302));
#1304=IFCPRODUCTDEFINITIONSHAPE($,$,(#1303));
#1310=IFCCARTESIANPOINT((26500.,200.,1000.));
#1311=IFCDIRECTION((0.,0.,1.));
#1312=IFCDIRECTION((-1.,1.2246467991473532E-16,0.));
#1313=IFCAXIS2PLACEMENT3D(#1310,#1311,#1312);
#1314=IFCLOCALPLACEMENT(#22,#1313);
#1315=IFCWINDOW('1pVQv6w_fAzewOAMe3QKBS',$,'Window 1-7',$,$,#1369,#1359,$,$,$,$,$,$);
#1316=IFCCARTESIANPOINTLIST2D(((0.,0.),(1.,0.),(1.,1.2),(0.,1.2)));
#1317=IFCINDEXEDPOLYCURVE(#1316,(IFCLINEINDEX((1,2,3,4,1))),$);
#1318=IFCCARTESIANPOINTLIST2D(((25.,25.),(-24.,25.),(-24.,-23.799999999999997),(25.,-23.799999999999997)));
#1319=IFCINDEXEDPOLYCURVE(#1318,(IFCLINEINDEX((1,2,3,4,1))),$);
#1320=IFCARBITRARYPROFILEDEFWITHVOIDS(.AREA.,$,#1317,(#1319));
#1321=IFCCARTESIANPOINT((0.,90.,0.));
#1322=IFCDIRECTION((0.,-1.,0.));
#1323=IFCDIRECTION((1.,0.,0.));
#1324=IFCAXIS2PLACEMENT3D(#1321,#1322,#1323);
#1325=IFCDIRECTION((0.,0.,-1.));
#1326=IFCEXTRUDEDAREASOLID(#1320,#1324,#1325,10.);
#1327=IFCCARTESIANPOINTLIST2D(((0.,0.),(1.,0.),(1.,1.2),(0.,1.2)));
#1328=IFCINDEXEDPOLYCURVE(#1327,(IFCLINEINDEX((1,2,3,4,1))),$);
#1329=IFCCARTESIANPOINTLIST2D(((50.,50.),(-49.,50.),(-49.,-48.799999999999997),(50.,-48.799999999999997)));
#1330=IFCINDEXEDPOLYCURVE(#1329,(IFCLINEINDEX((1,2,3,4,1))),$);
#1331=IFCARBITRARYPROFILEDEFWITHVOIDS(.AREA.,$,#1328,(#1330));
#1332=IFCCARTESIANPOINT((0.,50.,0.));
#1333=IFCDIRECTION((0.,-1.,0.));
#1334=IFCDIRECTION((1.,0.,0.));
#1335=IFCAXIS2PLACEMENT3D(#1332,#1333,#1334);
#1336=IFCDIRECTION((0.,0.,-1.));
#1337=IFCEXTRUDEDAREASOLID(#1331,#1335,#1336,40.);
#1338=IFCCARTESIANPOINTLIST2D(((0.,0.),(-49.,0.),(-49.,-48.799999999999997),(0.,-48.799999999999997)));
#1339=IFCINDEXEDPOLYCURVE(#1338,(IFCLINEINDEX((1,2,3,4,1))),$);
#1340=IFCCARTESIANPOINTLIST2D(((35.,35.),(-84.,35.),(-84.,-83.799999999999997),(35.,-83.799999999999997)));
#1341=IFCINDEXEDPOLYCURVE(#1340,(IFCLINEINDEX((1,2,3,4,1))),$);
#1342=IFCARBITRARYPROFILEDEFWITHVOIDS(.AREA.,$,#1339,(#1341));
#1343=IFCCARTESIANPOINT((25.,90.,25.));
#1344=IFCDIRECTION((0.,-1.,0.));
#1345=IFCDIRECTION((1.,0.,0.));
#1346=IFCAXIS2PLACEMENT3D(#1343,#1344,#1345);
#1347=IFCDIRECTION((0.,0.,-1.));
#1348=IFCEXTRUDEDAREASOLID(#1342,#1346,#1347,35.);
#1349=IFCINDEXEDPOLYCURVE(#1350,(IFCLINEINDEX((1,2,3,4,1))),$);
#1350=IFCCARTESIANPOINTLIST2D(((35.,35.),(-84.,35.),(-84.,-83.799999999999997),(35.,-83.799999999999997)));
#1351=IFCARBITRARYCLOSEDPROFILEDEF(.AREA.,$,#1349);
#1352=IFCCARTESIANPOINT((25.,102.5,25.));
#1353=IFCDIRECTION((0.,-1.,0.));
#1354=IFCDIRECTION((1.,0.,0.));
#1355=IFCAXIS2PLACEMENT3D(#1352,#1353,#1354);
#1356=IFCDIRECTION((0.,0.,-1.));
#1357=IFCEXTRUDEDAREASOLID(#1351,#1355,#1356,10.);
#1358=IFCSHAPEREPRESENTATION(#11,'Body','SweptSolid',(#1326,#1337,#1348,#1357));
#1359=IFCPRODUCTDEFINITIONSHAPE($,$,(#1358));
#1365=IFCCARTESIANPOINT((33500.,2500.,1000.));
#1366=IFCDIRECTION((0.,0.,1.));
#1367=IFCDIRECTION((6.123233995736766E-17,1.,0.));
#1368=IFCAXIS2PLACEMENT3D(#1365,#1366,#1367);
#1369=IFCLOCALPLACEMENT(#22,#1368);
#1370=IFCSLAB('2vw5SAnH15WfNQe2cVZYZ0',$,'Floor 2',$,$,#1388,#1377,$,$);
#1371=IFCCARTESIANPOINTLIST2D(((0.,0.),(36000.,0.),(36000.,12000.),(0.,12000.),(0.,0.)));
#1372=IFCINDEXEDPOLYCURVE(#1371,$,$);
#1373=IFCDIRECTION((0.,0.,1.));
#1374=IFCARBITRARYCLOSEDPROFILEDEF(.AREA.,$,#1372);
#1375=IFCEXTRUDEDAREASOLID(#1374,$,#1373,250.);
#1376=IFCSHAPEREPRESENTATION(#11,'Body','SweptSolid',(#1375));
#1377=IFCPRODUCTDEFINITIONSHAPE($,$,(#1376));
#1383=IFCRELCONTAINEDINSPATIALSTRUCTURE('0PAICCEZz55hVZXwUiWSEl',$,$,$,(#2320,#1455,#1640,#2540,#1389,#2375,#2430,#2650,#2485,#1980,#2595,#1411,#1433,#1895,#2235,#1622,#1370,#1810,#2150,#2065,#1725),#23);
#1384=IFCCARTESIANPOINT((0.,0.,0.));
#1385=IFCDIRECTION((0.,0.,1.));
#1386=IFCDIRECTION((1.,0.,0.));
#1387=IFCAXIS2PLACEMENT3D(#1384,#1385,#1386);
#1388=IFCLOCALPLACEMENT(#28,#1387);
#1389=IFCWALL('1ypbFSrbD12vwA0K3XT8ww',$,'Ext 2 1',$,$,#1410,#1405,$,$);
#1390=IFCCARTESIANPOINTLIST2D(((0.,0.),(0.,250.),(36000.,250.),(36000.,0.),(0.,0.)));
#1391=IFCINDEXEDPOLYCURVE(#1390,$,.F.);
#1392=IFCDIRECTION((0.,0.,1.));
#1393=IFCARBITRARYCLOSEDPROFILEDEF(.AREA.,$,#1391);
#1394=IFCCARTESIANPOINT((0.,0.,0.));
#1395=IFCDIRECTION((0.,0.,1.));
#1396=IFCDIRECTION((1.,0.,0.));
#1397=IFCAXIS2PLACEMENT3D(#1394,#1395,#1396);
#1398=IFCEXTRUDEDAREASOLID(#1393,#1397,#1392,3100.);
#1399=IFCSHAPEREPRESENTATION(#11,'Body','SweptSolid',(#1398));
#1405=IFCPRODUCTDEFINITIONSHAPE($,$,(#1399));
#1406=IFCCARTESIANPOINT((0.,0.,0.));
#1407=IFCDIRECTION((0.,0.,1.));
#1408=IFCDIRECTION((1.,0.,0.));
#1409=IFCAXIS2PLACEMENT3D(#1406,#1407,#1408);
#1410=IFCLOCALPLACEMENT(#28,#1409);
#1411=IFCWALL('0JSyKMGS5CvhuFrGBKe2y6',$,'Ext 2 2',$,$,#1432,#1427,$,$);
#1412=IFCCARTESIANPOINTLIST2D(((0.,0.),(0.,250.),(12000.,250.),(12000.,0.),(0.,0.)));
#1413=IFCINDEXEDPOLYCURVE(#1412,$,.F.);
#1414=IFCDIRECTION((0.,0.,1.));
#1415=IFCARBITRARYCLOSEDPROFILEDEF(.AREA.,$,#1413);
#1416=IFCCARTESIANPOINT((0.,0.,0.));
#1417=IFCDIRECTION((0.,0.,1.));
#1418=IFCDIRECTION((1.,0.,0.));
#1419=IFCAXIS2PLACEMENT3D(#1416,#1417,#1418);
#1420=IFCEXTRUDEDAREASOLID(#1415,#1419,#1414,3100.);
#1421=IFCSHAPEREPRESENTATION(#11,'Body','SweptSolid',(#1420));
#1427=IFCPRODUCTDEFINITIONSHAPE($,$,(#1421));
#1428=IFCCARTESIANPOINT((36000.,0.,0.));
#1429=IFCDIRECTION((0.,0.,1.));
#1430=IFCDIRECTION((0.,1.,0.));
#1431=IFCAXIS2PLACEMENT3D(#1428,#1429,#1430);
#1432=IFCLOCALPLACEMENT(#28,#1431);
#1433=IFCWALL('14q9kjdVPBkOoqTKX73Sf2',$,'Ext 2 3',$,$,#1454,#1449,$,$);
#1434=IFCCARTESIANPOINTLIST2D(((0.,0.),(0.,250.),(36000.,250.),(36000.,0.),(0.,0.)));
#1435=IFCINDEXEDPOLYCURVE(#1434,$,.F.);
#1436=IFCDIRECTION((0.,0.,1.));
#1437=IFCARBITRARYCLOSEDPROFILEDEF(.AREA.,$,#1435);
#1438=IFCCARTESIANPOINT((0.,0.,0.));
#1439=IFCDIRECTION((0.,0.,1.));
#1440=IFCDIRECTION((1.,0.,0.));
#1441=IFCAXIS2PLACEMENT3D(#1438,#1439,#1440);
#1442=IFCEXTRUDEDAREASOLID(#1437,#1441,#1436,3100.);
#1443=IFCSHAPEREPRESENTATION(#11,'Body','SweptSolid',(#1442));
#1449=IFCPRODUCTDEFINITIONSHAPE($,$,(#1443));
#1450=IFCCARTESIANPOINT((36000.,12000.,0.));
#1451=IFCDIRECTION((0.,0.,1.));
#1452=IFCDIRECTION((-1.,0.,0.));
#1453=IFCAXIS2PLACEMENT3D(#1450,#1451,#1452);
#1454=IFCLOCALPLACEMENT(#28,#1453);
#1455=IFCWALL('1Iy30hoDbANe$3USLJWh8E',$,'Ext 2 4',$,$,#1476,#1471,$,$);
#1456=IFCCARTESIANPOINTLIST2D(((0.,0.),(0.,250.),(12000.,250.),(12000.,0.),(0.,0.)));
#1457=IFCINDEXEDPOLYCURVE(#1456,$,.F.);
#1458=IFCDIRECTION((0.,0.,1.));
#1459=IFCARBITRARYCLOSEDPROFILEDEF(.AREA.,$,#1457);
#1460=IFCCARTESIANPOINT((0.,0.,0.));
#1461=IFCDIRECTION((0.,0.,1.));
#1462=IFCDIRECTION((1.,0.,0.));
#1463=IFCAXIS2PLACEMENT3D(#1460,#1461,#1462);
#1464=IFCEXTRUDEDAREASOLID(#1459,#1463,#1458,3100.);
#1465=IFCSHAPEREPRESENTATION(#11,'Body','SweptSolid',(#1464));
#1471=IFCPRODUCTDEFINITIONSHAPE($,$,(#1465));
#1472=IFCCARTESIANPOINT((0.,12000.,0.));
#1473=IFCDIRECTION((0.,0.,1.));
#1474=IFCDIRECTION((0.,-1.,0.));
#1475=IFCAXIS2PLACEMENT3D(#1472,#1473,#1474);
#1476=IFCLOCALPLACEMENT(#28,#1475);
#1477=IFCSPACE('0idx7qTBXC7BF9psXht0zh',$,'Corridor L2',$,$,#1495,#1484,$,$,$,$);
#1478=IFCCARTESIANPOINTLIST2D(((2500.,5000.),(33500.,5000.),(33500.,7000.),(2500.,7000.),(2500.,5000.)));
#1479=IFCINDEXEDPOLYCURVE(#1478,$,$);
#1480=IFCDIRECTION((0.,0.,1.));
#1481=IFCARBITRARYCLOSEDPROFILEDEF(.AREA.,$,#1479);
#1482=IFCEXTRUDEDAREASOLID(#1481,$,#1480,3000.);
#1483=IFCSHAPEREPRESENTATION(#11,'Body','SweptSolid',(#1482));
#1484=IFCPRODUCTDEFINITIONSHAPE($,$,(#1483));
#1490=IFCRELAGGREGATES('2zr4LW0ofCYPUsUqd1dCeW',$,$,$,#23,(#1568,#1514,#1586,#1532,#1550,#1604,#1477,#1496));
#1491=IFCCARTESIANPOINT((0.,0.,0.));
#1492=IFCDIRECTION((0.,0.,1.));
#1493=IFCDIRECTION((1.,0.,0.));
#1494=IFCAXIS2PLACEMENT3D(#1491,#1492,#1493);
#1495=IFCLOCALPLACEMENT(#28,#1494);
#1496=IFCSPACE('2zkP44FBHDZeiY7TxjhJVn',$,'Student Room 1 L2',$,$,#1513,#1503,$,$,$,$);
#1497=IFCCARTESIANPOINTLIST2D(((4000.,7000.),(13500.,7000.),(13500.,12000.),(4000.,12000.),(4000.,7000.)));
#1498=IFCINDEXEDPOLYCURVE(#1497,$,$);
#1499=IFCDIRECTION((0.,0.,1.));
#1500=IFCARBITRARYCLOSEDPROFILEDEF(.AREA.,$,#1498);
#1501=IFCEXTRUDEDAREASOLID(#1500,$,#1499,3000.);
#1502=IFCSHAPEREPRESENTATION(#11,'Body','SweptSolid',(#1501));
#1503=IFCPRODUCTDEFINITIONSHAPE($,$,(#1502));
#1509=IFCCARTESIANPOINT((0.,0.,0.));
#1510=IFCDIRECTION((0.,0.,1.));
#1511=IFCDIRECTION((1.,0.,0.));
#1512=IFCAXIS2PLACEMENT3D(#1509,#1510,#1511);
#1513=IFCLOCALPLACEMENT(#28,#1512);
#1514=IFCSPACE('16b_UgDjn5cgdwSbXOGl3B',$,'Student Room 2 L2',$,$,#1531,#1521,$,$,$,$);
#1515=IFCCARTESIANPOINTLIST2D(((13500.,7000.),(23000.,7000.),(23000.,12000.),(13500.,12000.),(13500.,7000.)));
#1516=IFCINDEXEDPOLYCURVE(#1515,$,$);
#1517=IFCDIRECTION((0.,0.,1.));
#1518=IFCARBITRARYCLOSEDPROFILEDEF(.AREA.,$,#1516);
#1519=IFCEXTRUDEDAREASOLID(#1518,$,#1517,3000.);
#1520=IFCSHAPEREPRESENTATION(#11,'Body','SweptSolid',(#1519));
#1521=IFCPRODUCTDEFINITIONSHAPE($,$,(#1520));
#1527=IFCCARTESIANPOINT((0.,0.,0.));
#1528=IFCDIRECTION((0.,0.,1.));
#1529=IFCDIRECTION((1.,0.,0.));
#1530=IFCAXIS2PLACEMENT3D(#1527,#1528,#1529);
#1531=IFCLOCALPLACEMENT(#28,#1530);
#1532=IFCSPACE('2hdyKMn9H63uNwI_$snM$H',$,'Student Room 3 L2',$,$,#1549,#1539,$,$,$,$);
#1533=IFCCARTESIANPOINTLIST2D(((23000.,7000.),(33000.,7000.),(33000.,12000.),(23000.,12000.),(23000.,7000.)));
#1534=IFCINDEXEDPOLYCURVE(#1533,$,$);
#1535=IFCDIRECTION((0.,0.,1.));
#1536=IFCARBITRARYCLOSEDPROFILEDEF(.AREA.,$,#1534);
#1537=IFCEXTRUDEDAREASOLID(#1536,$,#1535,3000.);
#1538=IFCSHAPEREPRESENTATION(#11,'Body','SweptSolid',(#1537));
#1539=IFCPRODUCTDEFINITIONSHAPE($,$,(#1538));
#1545=IFCCARTESIANPOINT((0.,0.,0.));
#1546=IFCDIRECTION((0.,0.,1.));
#1547=IFCDIRECTION((1.,0.,0.));
#1548=IFCAXIS2PLACEMENT3D(#1545,#1546,#1547);
#1549=IFCLOCALPLACEMENT(#28,#1548);
#1550=IFCSPACE('33kK1QQf1Agu$ri20$grqy',$,'Student Room 4 L2',$,$,#1567,#1557,$,$,$,$);
#1551=IFCCARTESIANPOINTLIST2D(((4000.,0.),(13500.,0.),(13500.,5000.),(4000.,5000.),(4000.,0.)));
#1552=IFCINDEXEDPOLYCURVE(#1551,$,$);
#1553=IFCDIRECTION((0.,0.,1.));
#1554=IFCARBITRARYCLOSEDPROFILEDEF(.AREA.,$,#1552);
#1555=IFCEXTRUDEDAREASOLID(#1554,$,#1553,3000.);
#1556=IFCSHAPEREPRESENTATION(#11,'Body','SweptSolid',(#1555));
#1557=IFCPRODUCTDEFINITIONSHAPE($,$,(#1556));
#1563=IFCCARTESIANPOINT((0.,0.,0.));
#1564=IFCDIRECTION((0.,0.,1.));
#1565=IFCDIRECTION((1.,0.,0.));
#1566=IFCAXIS2PLACEMENT3D(#1563,#1564,#1565);
#1567=IFCLOCALPLACEMENT(#28,#1566);
#1568=IFCSPACE('0OqVGB3sv0qe0vRdEhU4j$',$,'Student Room 5 L2',$,$,#1585,#1575,$,$,$,$);
#1569=IFCCARTESIANPOINTLIST2D(((13500.,0.),(23000.,0.),(23000.,5000.),(13500.,5000.),(13500.,0.)));
#1570=IFCINDEXEDPOLYCURVE(#1569,$,$);
#1571=IFCDIRECTION((0.,0.,1.));
#1572=IFCARBITRARYCLOSEDPROFILEDEF(.AREA.,$,#1570);
#1573=IFCEXTRUDEDAREASOLID(#1572,$,#1571,3000.);
#1574=IFCSHAPEREPRESENTATION(#11,'Body','SweptSolid',(#1573));
#1575=IFCPRODUCTDEFINITIONSHAPE($,$,(#1574));
#1581=IFCCARTESIANPOINT((0.,0.,0.));
#1582=IFCDIRECTION((0.,0.,1.));
#1583=IFCDIRECTION((1.,0.,0.));
#1584=IFCAXIS2PLACEMENT3D(#1581,#1582,#1583);
#1585=IFCLOCALPLACEMENT(#28,#1584);
#1586=IFCSPACE('0tk59zFGX9_ui03_pfjaF5',$,'Student Room 6 L2',$,$,#1603,#1593,$,$,$,$);
#1587=IFCCARTESIANPOINTLIST2D(((23000.,0.),(31000.,0.),(31000.,5000.),(23000.,5000.),(23000.,0.)));
#1588=IFCINDEXEDPOLYCURVE(#1587,$,$);
#1589=IFCDIRECTION((0.,0.,1.));
#1590=IFCARBITRARYCLOSEDPROFILEDEF(.AREA.,$,#1588);
#1591=IFCEXTRUDEDAREASOLID(#1590,$,#1589,3000.);
#1592=IFCSHAPEREPRESENTATION(#11,'Body','SweptSolid',(#1591));
#1593=IFCPRODUCTDEFINITIONSHAPE($,$,(#1592));
#1599=IFCCARTESIANPOINT((0.,0.,0.));
#1600=IFCDIRECTION((0.,0.,1.));
#1601=IFCDIRECTION((1.,0.,0.));
#1602=IFCAXIS2PLACEMENT3D(#1599,#1600,#1601);
#1603=IFCLOCALPLACEMENT(#28,#1602);
#1604=IFCSPACE('1SHGgM93f0SOFJZv_mnmEy',$,'Bath L2',$,$,#1621,#1611,$,$,$,$);
#1605=IFCCARTESIANPOINTLIST2D(((31000.,0.),(36000.,0.),(36000.,5000.),(31000.,5000.),(31000.,0.)));
#1606=IFCINDEXEDPOLYCURVE(#1605,$,$);
#1607=IFCDIRECTION((0.,0.,1.));
#1608=IFCARBITRARYCLOSEDPROFILEDEF(.AREA.,$,#1606);
#1609=IFCEXTRUDEDAREASOLID(#1608,$,#1607,3000.);
#1610=IFCSHAPEREPRESENTATION(#11,'Body','SweptSolid',(#1609));
#1611=IFCPRODUCTDEFINITIONSHAPE($,$,(#1610));
#1617=IFCCARTESIANPOINT((0.,0.,0.));
#1618=IFCDIRECTION((0.,0.,1.));
#1619=IFCDIRECTION((1.,0.,0.));
#1620=IFCAXIS2PLACEMENT3D(#1617,#1618,#1619);
#1621=IFCLOCALPLACEMENT(#28,#1620);
#1622=IFCSTAIR('3qV$rIm313mfuHmI6uJPQe',$,'Stair L2',$,$,#1639,#1629,$,$);
#1623=IFCCARTESIANPOINTLIST2D(((0.,0.),(2799.9999999999995,0.),(2799.9999999999995,5403.702434442519),(0.,5403.702434442519),(0.,0.)));
#1624=IFCINDEXEDPOLYCURVE(#1623,$,$);
#1625=IFCDIRECTION((0.,0.62919822866796449,0.77724487070748549));
#1626=IFCARBITRARYCLOSEDPROFILEDEF(.AREA.,$,#1624);
#1627=IFCEXTRUDEDAREASOLID(#1626,$,#1625,321.64895443110231);
#1628=IFCSHAPEREPRESENTATION(#11,'Body','SweptSolid',(#1627));
#1629=IFCPRODUCTDEFINITIONSHAPE($,$,(#1628));
#1635=IFCCARTESIANPOINT((300.,600.,0.));
#1636=IFCDIRECTION((0.,0.,1.));
#1637=IFCDIRECTION((1.,0.,0.));
#1638=IFCAXIS2PLACEMENT3D(#1635,#1636,#1637);
#1639=IFCLOCALPLACEMENT(#28,#1638);
#1640=IFCDOOR('0QB9xv0a18xQmOdoQhZUHg',$,'Door 2-1',$,$,#1724,#1714,$,$,$,$,$,$);
#1641=IFCCARTESIANPOINTLIST2D(((0.,0.),(0.,2.1000000000000001),(1.,2.1000000000000001),(1.,0.),(-24.,0.),(-24.,-22.899999999999999),(25.,-22.899999999999999),(25.,0.)));
#1642=IFCINDEXEDPOLYCURVE(#1641,(IFCLINEINDEX((1,2,3,4,5,6,7,8,1))),$);
#1643=IFCARBITRARYCLOSEDPROFILEDEF(.AREA.,$,#1642);
#1644=IFCCARTESIANPOINT((0.,25.,0.));
#1645=IFCDIRECTION((0.,-1.,0.));
#1646=IFCDIRECTION((1.,0.,0.));
#1647=IFCAXIS2PLACEMENT3D(#1644,#1645,#1646);
#1648=IFCDIRECTION((0.,0.,-1.));
#1649=IFCEXTRUDEDAREASOLID(#1643,#1647,#1648,25.);
#1650=IFCCARTESIANPOINTLIST2D(((0.,0.),(0.,2.1000000000000001),(1.,2.1000000000000001),(1.,0.),(-49.,0.),(-49.,-47.899999999999999),(50.,-47.899999999999999),(50.,0.)));
#1651=IFCINDEXEDPOLYCURVE(#1650,(IFCLINEINDEX((1,2,3,4,5,6,7,8,1))),$);
#1652=IFCARBITRARYCLOSEDPROFILEDEF(.AREA.,$,#1651);
#1653=IFCCARTESIANPOINT((0.,0.,0.));
#1654=IFCDIRECTION((0.,-1.,0.));
#1655=IFCDIRECTION((1.,0.,0.));
#1656=IFCAXIS2PLACEMENT3D(#1653,#1654,#1655);
#1657=IFCDIRECTION((0.,0.,-1.));
#1658=IFCEXTRUDEDAREASOLID(#1652,#1656,#1657,25.);
#1659=IFCCARTESIANPOINTLIST2D(((0.,0.),(-99.,0.),(-99.,100.),(0.,100.)));
#1660=IFCINDEXEDPOLYCURVE(#1659,(IFCLINEINDEX((1,2,3,4,1))),$);
#1661=IFCARBITRARYCLOSEDPROFILEDEF(.AREA.,$,#1660);
#1662=IFCCARTESIANPOINT((50.,0.,0.));
#1663=IFCDIRECTION((0.,0.,1.));
#1664=IFCDIRECTION((1.,0.,0.));
#1665=IFCAXIS2PLACEMENT3D(#1662,#1663,#1664);
#1666=IFCDIRECTION((0.,0.,1.));
#1667=IFCEXTRUDEDAREASOLID(#1661,#1665,#1666,25.);
#1668=IFCCARTESIANPOINTLIST2D(((0.,0.),(0.,27.100000000000001),(51.,27.100000000000001),(51.,0.),(-24.,0.),(-24.,-47.899999999999999),(75.,-47.899999999999999),(75.,0.)));
#1669=IFCINDEXEDPOLYCURVE(#1668,(IFCLINEINDEX((1,2,3,4,5,6,7,8,1))),$);
#1670=IFCARBITRARYCLOSEDPROFILEDEF(.AREA.,$,#1669);
#1671=IFCCARTESIANPOINT((-25.,-5.,0.));
#1672=IFCDIRECTION((0.,-1.,0.));
#1673=IFCDIRECTION((1.,0.,0.));
#1674=IFCAXIS2PLACEMENT3D(#1671,#1672,#1673);
#1675=IFCDIRECTION((0.,0.,-1.));
#1676=IFCEXTRUDEDAREASOLID(#1670,#1674,#1675,5.);
#1677=IFCCARTESIANPOINTLIST2D(((0.,0.),(0.,27.100000000000001),(51.,27.100000000000001),(51.,0.),(1.,0.),(1.,-22.899999999999999),(50.,-22.899999999999999),(50.,0.)));
#1678=IFCINDEXEDPOLYCURVE(#1677,(IFCLINEINDEX((1,2,3,4,5,6,7,8,1))),$);
#1679=IFCARBITRARYCLOSEDPROFILEDEF(.AREA.,$,#1678);
#1680=IFCCARTESIANPOINT((-25.,50.,0.));
#1681=IFCDIRECTION((0.,-1.,0.));
#1682=IFCDIRECTION((1.,0.,0.));
#1683=IFCAXIS2PLACEMENT3D(#1680,#1681,#1682);
#1684=IFCDIRECTION((0.,0.,-1.));
#1685=IFCEXTRUDEDAREASOLID(#1679,#1683,#1684,5.);
#1686=IFCCARTESIANPOINTLIST2D(((0.,0.),(-49.,0.),(-49.,35.),(0.,35.)));
#1687=IFCINDEXEDPOLYCURVE(#1686,(IFCLINEINDEX((1,2,3,4,1))),$);
#1688=IFCARBITRARYCLOSEDPROFILEDEF(.AREA.,$,#1687);
#1689=IFCCARTESIANPOINT((25.,25.,25.));
#1690=IFCDIRECTION((0.,0.,1.));
#1691=IFCDIRECTION((1.,0.,0.));
#1692=IFCAXIS2PLACEMENT3D(#1689,#1690,#1691);
#1693=IFCDIRECTION((0.,0.,1.));
#1694=IFCEXTRUDEDAREASOLID(#1688,#1692,#1693,-47.899999999999999);
#1695=IFCCARTESIANPOINTLIST2D(((0.,0.),(0.,-40.),(-120.,-40.),(-120.,-20.),(-20.,-20.),(-20.,0.)));
#1696=IFCINDEXEDPOLYCURVE(#1695,(IFCLINEINDEX((1,2,3,4,5,6,1))),$);
#1697=IFCARBITRARYCLOSEDPROFILEDEF(.AREA.,$,#1696);
#1698=IFCCARTESIANPOINT((-74.,25.,1015.));
#1699=IFCDIRECTION((0.,0.,1.));
#1700=IFCDIRECTION((1.,0.,0.));
#1701=IFCAXIS2PLACEMENT3D(#1698,#1699,#1700);
#1702=IFCDIRECTION((0.,0.,1.));
#1703=IFCEXTRUDEDAREASOLID(#1697,#1701,#1702,20.);
#1704=IFCEXTRUDEDAREASOLID(#1705,#1708,#1712,20.);
#1705=IFCARBITRARYCLOSEDPROFILEDEF(.AREA.,$,#1706);
#1706=IFCINDEXEDPOLYCURVE(#1707,(IFCLINEINDEX((1,2,3,4,5,6,1))),$);
#1707=IFCCARTESIANPOINTLIST2D(((0.,0.),(0.,40.),(-120.,40.),(-120.,20.),(-20.,20.),(-20.,0.)));
#1708=IFCAXIS2PLACEMENT3D(#1709,#1710,#1711);
#1709=IFCCARTESIANPOINT((-74.,60.,1015.));
#1710=IFCDIRECTION((0.,0.,1.));
#1711=IFCDIRECTION((1.,0.,0.));
#1712=IFCDIRECTION((0.,0.,1.));
#1713=IFCSHAPEREPRESENTATION(#11,'Body','SweptSolid',(#1649,#1658,#1694,#1703,#1704,#1667,#1676,#1685));
#1714=IFCPRODUCTDEFINITIONSHAPE($,$,(#1713));
#1720=IFCCARTESIANPOINT((8500.,6000.,0.));
#1721=IFCDIRECTION((0.,0.,1.));
#1722=IFCDIRECTION((1.,0.,0.));
#1723=IFCAXIS2PLACEMENT3D(#1720,#1721,#1722);
#1724=IFCLOCALPLACEMENT(#28,#1723);
#1725=IFCDOOR('2l_1lmSZLA09$FVOK4LZjf',$,'Door 2-2',$,$,#1809,#1799,$,$,$,$,$,$);
#1726=IFCCARTESIANPOINTLIST2D(((0.,0.),(0.,2.1000000000000001),(1.,2.1000000000000001),(1.,0.),(-24.,0.),(-24.,-22.899999999999999),(25.,-22.899999999999999),(25.,0.)));
#1727=IFCINDEXEDPOLYCURVE(#1726,(IFCLINEINDEX((1,2,3,4,5,6,7,8,1))),$);
#1728=IFCARBITRARYCLOSEDPROFILEDEF(.AREA.,$,#1727);
#1729=IFCCARTESIANPOINT((0.,25.,0.));
#1730=IFCDIRECTION((0.,-1.,0.));
#1731=IFCDIRECTION((1.,0.,0.));
#1732=IFCAXIS2PLACEMENT3D(#1729,#1730,#1731);
#1733=IFCDIRECTION((0.,0.,-1.));
#1734=IFCEXTRUDEDAREASOLID(#1728,#1732,#1733,25.);
#1735=IFCCARTESIANPOINTLIST2D(((0.,0.),(0.,2.1000000000000001),(1.,2.1000000000000001),(1.,0.),(-49.,0.),(-49.,-47.899999999999999),(50.,-47.899999999999999),(50.,0.)));
#1736=IFCINDEXEDPOLYCURVE(#1735,(IFCLINEINDEX((1,2,3,4,5,6,7,8,1))),$);
#1737=IFCARBITRARYCLOSEDPROFILEDEF(.AREA.,$,#1736);
#1738=IFCCARTESIANPOINT((0.,0.,0.));
#1739=IFCDIRECTION((0.,-1.,0.));
#1740=IFCDIRECTION((1.,0.,0.));
#1741=IFCAXIS2PLACEMENT3D(#1738,#1739,#1740);
#1742=IFCDIRECTION((0.,0.,-1.));
#1743=IFCEXTRUDEDAREASOLID(#1737,#1741,#1742,25.);
#1744=IFCCARTESIANPOINTLIST2D(((0.,0.),(-99.,0.),(-99.,100.),(0.,100.)));
#1745=IFCINDEXEDPOLYCURVE(#1744,(IFCLINEINDEX((1,2,3,4,1))),$);
#1746=IFCARBITRARYCLOSEDPROFILEDEF(.AREA.,$,#1745);
#1747=IFCCARTESIANPOINT((50.,0.,0.));
#1748=IFCDIRECTION((0.,0.,1.));
#1749=IFCDIRECTION((1.,0.,0.));
#1750=IFCAXIS2PLACEMENT3D(#1747,#1748,#1749);
#1751=IFCDIRECTION((0.,0.,1.));
#1752=IFCEXTRUDEDAREASOLID(#1746,#1750,#1751,25.);
#1753=IFCCARTESIANPOINTLIST2D(((0.,0.),(0.,27.100000000000001),(51.,27.100000000000001),(51.,0.),(-24.,0.),(-24.,-47.899999999999999),(75.,-47.899999999999999),(75.,0.)));
#1754=IFCINDEXEDPOLYCURVE(#1753,(IFCLINEINDEX((1,2,3,4,5,6,7,8,1))),$);
#1755=IFCARBITRARYCLOSEDPROFILEDEF(.AREA.,$,#1754);
#1756=IFCCARTESIANPOINT((-25.,-5.,0.));
#1757=IFCDIRECTION((0.,-1.,0.));
#1758=IFCDIRECTION((1.,0.,0.));
#1759=IFCAXIS2PLACEMENT3D(#1756,#1757,#1758);
#1760=IFCDIRECTION((0.,0.,-1.));
#1761=IFCEXTRUDEDAREASOLID(#1755,#1759,#1760,5.);
#1762=IFCCARTESIANPOINTLIST2D(((0.,0.),(0.,27.100000000000001),(51.,27.100000000000001),(51.,0.),(1.,0.),(1.,-22.899999999999999),(50.,-22.899999999999999),(50.,0.)));
#1763=IFCINDEXEDPOLYCURVE(#1762,(IFCLINEINDEX((1,2,3,4,5,6,7,8,1))),$);
#1764=IFCARBITRARYCLOSEDPROFILEDEF(.AREA.,$,#1763);
#1765=IFCCARTESIANPOINT((-25.,50.,0.));
#1766=IFCDIRECTION((0.,-1.,0.));
#1767=IFCDIRECTION((1.,0.,0.));
#1768=IFCAXIS2PLACEMENT3D(#1765,#1766,#1767);
#1769=IFCDIRECTION((0.,0.,-1.));
#1770=IFCEXTRUDEDAREASOLID(#1764,#1768,#1769,5.);
#1771=IFCCARTESIANPOINTLIST2D(((0.,0.),(-49.,0.),(-49.,35.),(0.,35.)));
#1772=IFCINDEXEDPOLYCURVE(#1771,(IFCLINEINDEX((1,2,3,4,1))),$);
#1773=IFCARBITRARYCLOSEDPROFILEDEF(.AREA.,$,#1772);
#1774=IFCCARTESIANPOINT((25.,25.,25.));
#1775=IFCDIRECTION((0.,0.,1.));
#1776=IFCDIRECTION((1.,0.,0.));
#1777=IFCAXIS2PLACEMENT3D(#1774,#1775,#1776);
#1778=IFCDIRECTION((0.,0.,1.));
#1779=IFCEXTRUDEDAREASOLID(#1773,#1777,#1778,-47.899999999999999);
#1780=IFCCARTESIANPOINTLIST2D(((0.,0.),(0.,-40.),(-120.,-40.),(-120.,-20.),(-20.,-20.),(-20.,0.)));
#1781=IFCINDEXEDPOLYCURVE(#1780,(IFCLINEINDEX((1,2,3,4,5,6,1))),$);
#1782=IFCARBITRARYCLOSEDPROFILEDEF(.AREA.,$,#1781);
#1783=IFCCARTESIANPOINT((-74.,25.,1015.));
#1784=IFCDIRECTION((0.,0.,1.));
#1785=IFCDIRECTION((1.,0.,0.));
#1786=IFCAXIS2PLACEMENT3D(#1783,#1784,#1785);
#1787=IFCDIRECTION((0.,0.,1.));
#1788=IFCEXTRUDEDAREASOLID(#1782,#1786,#1787,20.);
#1789=IFCEXTRUDEDAREASOLID(#1790,#1793,#1797,20.);
#1790=IFCARBITRARYCLOSEDPROFILEDEF(.AREA.,$,#1791);
#1791=IFCINDEXEDPOLYCURVE(#1792,(IFCLINEINDEX((1,2,3,4,5,6,1))),$);
#1792=IFCCARTESIANPOINTLIST2D(((0.,0.),(0.,40.),(-120.,40.),(-120.,20.),(-20.,20.),(-20.,0.)));
#1793=IFCAXIS2PLACEMENT3D(#1794,#1795,#1796);
#1794=IFCCARTESIANPOINT((-74.,60.,1015.));
#1795=IFCDIRECTION((0.,0.,1.));
#1796=IFCDIRECTION((1.,0.,0.));
#1797=IFCDIRECTION((0.,0.,1.));
#1798=IFCSHAPEREPRESENTATION(#11,'Body','SweptSolid',(#1734,#1743,#1779,#1788,#1789,#1752,#1761,#1770));
#1799=IFCPRODUCTDEFINITIONSHAPE($,$,(#1798));
#1805=IFCCARTESIANPOINT((18000.,6000.,0.));
#1806=IFCDIRECTION((0.,0.,1.));
#1807=IFCDIRECTION((1.,0.,0.));
#1808=IFCAXIS2PLACEMENT3D(#1805,#1806,#1807);
#1809=IFCLOCALPLACEMENT(#28,#1808);
#1810=IFCDOOR('35vKvlBaf89gYeKgHqXMv_',$,'Door 2-3',$,$,#1894,#1884,$,$,$,$,$,$);
#1811=IFCCARTESIANPOINTLIST2D(((0.,0.),(0.,2.1000000000000001),(1.,2.1000000000000001),(1.,0.),(-24.,0.),(-24.,-22.899999999999999),(25.,-22.899999999999999),(25.,0.)));
#1812=IFCINDEXEDPOLYCURVE(#1811,(IFCLINEINDEX((1,2,3,4,5,6,7,8,1))),$);
#1813=IFCARBITRARYCLOSEDPROFILEDEF(.AREA.,$,#1812);
#1814=IFCCARTESIANPOINT((0.,25.,0.));
#1815=IFCDIRECTION((0.,-1.,0.));
#1816=IFCDIRECTION((1.,0.,0.));
#1817=IFCAXIS2PLACEMENT3D(#1814,#1815,#1816);
#1818=IFCDIRECTION((0.,0.,-1.));
#1819=IFCEXTRUDEDAREASOLID(#1813,#1817,#1818,25.);
#1820=IFCCARTESIANPOINTLIST2D(((0.,0.),(0.,2.1000000000000001),(1.,2.1000000000000001),(1.,0.),(-49.,0.),(-49.,-47.899999999999999),(50.,-47.899999999999999),(50.,0.)));
#1821=IFCINDEXEDPOLYCURVE(#1820,(IFCLINEINDEX((1,2,3,4,5,6,7,8,1))),$);
#1822=IFCARBITRARYCLOSEDPROFILEDEF(.AREA.,$,#1821);
#1823=IFCCARTESIANPOINT((0.,0.,0.));
#1824=IFCDIRECTION((0.,-1.,0.));
#1825=IFCDIRECTION((1.,0.,0.));
#1826=IFCAXIS2PLACEMENT3D(#1823,#1824,#1825);
#1827=IFCDIRECTION((0.,0.,-1.));
#1828=IFCEXTRUDEDAREASOLID(#1822,#1826,#1827,25.);
#1829=IFCCARTESIANPOINTLIST2D(((0.,0.),(-99.,0.),(-99.,100.),(0.,100.)));
#1830=IFCINDEXEDPOLYCURVE(#1829,(IFCLINEINDEX((1,2,3,4,1))),$);
#1831=IFCARBITRARYCLOSEDPROFILEDEF(.AREA.,$,#1830);
#1832=IFCCARTESIANPOINT((50.,0.,0.));
#1833=IFCDIRECTION((0.,0.,1.));
#1834=IFCDIRECTION((1.,0.,0.));
#1835=IFCAXIS2PLACEMENT3D(#1832,#1833,#1834);
#1836=IFCDIRECTION((0.,0.,1.));
#1837=IFCEXTRUDEDAREASOLID(#1831,#1835,#1836,25.);
#1838=IFCCARTESIANPOINTLIST2D(((0.,0.),(0.,27.100000000000001),(51.,27.100000000000001),(51.,0.),(-24.,0.),(-24.,-47.899999999999999),(75.,-47.899999999999999),(75.,0.)));
#1839=IFCINDEXEDPOLYCURVE(#1838,(IFCLINEINDEX((1,2,3,4,5,6,7,8,1))),$);
#1840=IFCARBITRARYCLOSEDPROFILEDEF(.AREA.,$,#1839);
#1841=IFCCARTESIANPOINT((-25.,-5.,0.));
#1842=IFCDIRECTION((0.,-1.,0.));
#1843=IFCDIRECTION((1.,0.,0.));
#1844=IFCAXIS2PLACEMENT3D(#1841,#1842,#1843);
#1845=IFCDIRECTION((0.,0.,-1.));
#1846=IFCEXTRUDEDAREASOLID(#1840,#1844,#1845,5.);
#1847=IFCCARTESIANPOINTLIST2D(((0.,0.),(0.,27.100000000000001),(51.,27.100000000000001),(51.,0.),(1.,0.),(1.,-22.899999999999999),(50.,-22.899999999999999),(50.,0.)));
#1848=IFCINDEXEDPOLYCURVE(#1847,(IFCLINEINDEX((1,2,3,4,5,6,7,8,1))),$);
#1849=IFCARBITRARYCLOSEDPROFILEDEF(.AREA.,$,#1848);
#1850=IFCCARTESIANPOINT((-25.,50.,0.));
#1851=IFCDIRECTION((0.,-1.,0.));
#1852=IFCDIRECTION((1.,0.,0.));
#1853=IFCAXIS2PLACEMENT3D(#1850,#1851,#1852);
#1854=IFCDIRECTION((0.,0.,-1.));
#1855=IFCEXTRUDEDAREASOLID(#1849,#1853,#1854,5.);
#1856=IFCCARTESIANPOINTLIST2D(((0.,0.),(-49.,0.),(-49.,35.),(0.,35.)));
#1857=IFCINDEXEDPOLYCURVE(#1856,(IFCLINEINDEX((1,2,3,4,1))),$);
#1858=IFCARBITRARYCLOSEDPROFILEDEF(.AREA.,$,#1857);
#1859=IFCCARTESIANPOINT((25.,25.,25.));
#1860=IFCDIRECTION((0.,0.,1.));
#1861=IFCDIRECTION((1.,0.,0.));
#1862=IFCAXIS2PLACEMENT3D(#1859,#1860,#1861);
#1863=IFCDIRECTION((0.,0.,1.));
#1864=IFCEXTRUDEDAREASOLID(#1858,#1862,#1863,-47.899999999999999);
#1865=IFCCARTESIANPOINTLIST2D(((0.,0.),(0.,-40.),(-120.,-40.),(-120.,-20.),(-20.,-20.),(-20.,0.)));
#1866=IFCINDEXEDPOLYCURVE(#1865,(IFCLINEINDEX((1,2,3,4,5,6,1))),$);
#1867=IFCARBITRARYCLOSEDPROFILEDEF(.AREA.,$,#1866);
#1868=IFCCARTESIANPOINT((-74.,25.,1015.));
#1869=IFCDIRECTION((0.,0.,1.));
#1870=IFCDIRECTION((1.,0.,0.));
#1871=IFCAXIS2PLACEMENT3D(#1868,#1869,#1870);
#1872=IFCDIRECTION((0.,0.,1.));
#1873=IFCEXTRUDEDAREASOLID(#1867,#1871,#1872,20.);
#1874=IFCEXTRUDEDAREASOLID(#1875,#1878,#1882,20.);
#1875=IFCARBITRARYCLOSEDPROFILEDEF(.AREA.,$,#1876);
#1876=IFCINDEXEDPOLYCURVE(#1877,(IFCLINEINDEX((1,2,3,4,5,6,1))),$);
#1877=IFCCARTESIANPOINTLIST2D(((0.,0.),(0.,40.),(-120.,40.),(-120.,20.),(-20.,20.),(-20.,0.)));
#1878=IFCAXIS2PLACEMENT3D(#1879,#1880,#1881);
#1879=IFCCARTESIANPOINT((-74.,60.,1015.));
#1880=IFCDIRECTION((0.,0.,1.));
#1881=IFCDIRECTION((1.,0.,0.));
#1882=IFCDIRECTION((0.,0.,1.));
#1883=IFCSHAPEREPRESENTATION(#11,'Body','SweptSolid',(#1819,#1828,#1864,#1873,#1874,#1837,#1846,#1855));
#1884=IFCPRODUCTDEFINITIONSHAPE($,$,(#1883));
#1890=IFCCARTESIANPOINT((28000.,6000.,0.));
#1891=IFCDIRECTION((0.,0.,1.));
#1892=IFCDIRECTION((1.,0.,0.));
#1893=IFCAXIS2PLACEMENT3D(#1890,#1891,#1892);
#1894=IFCLOCALPLACEMENT(#28,#1893);
#1895=IFCDOOR('3zpmsjyon9KuJCFfbQhdwj',$,'Door 2-4',$,$,#1979,#1969,$,$,$,$,$,$);
#1896=IFCCARTESIANPOINTLIST2D(((0.,0.),(0.,2.1000000000000001),(1.,2.1000000000000001),(1.,0.),(-24.,0.),(-24.,-22.899999999999999),(25.,-22.899999999999999),(25.,0.)));
#1897=IFCINDEXEDPOLYCURVE(#1896,(IFCLINEINDEX((1,2,3,4,5,6,7,8,1))),$);
#1898=IFCARBITRARYCLOSEDPROFILEDEF(.AREA.,$,#1897);
#1899=IFCCARTESIANPOINT((0.,25.,0.));
#1900=IFCDIRECTION((0.,-1.,0.));
#1901=IFCDIRECTION((1.,0.,0.));
#1902=IFCAXIS2PLACEMENT3D(#1899,#1900,#1901);
#1903=IFCDIRECTION((0.,0.,-1.));
#1904=IFCEXTRUDEDAREASOLID(#1898,#1902,#1903,25.);
#1905=IFCCARTESIANPOINTLIST2D(((0.,0.),(0.,2.1000000000000001),(1.,2.1000000000000001),(1.,0.),(-49.,0.),(-49.,-47.899999999999999),(50.,-47.899999999999999),(50.,0.)));
#1906=IFCINDEXEDPOLYCURVE(#1905,(IFCLINEINDEX((1,2,3,4,5,6,7,8,1))),$);
#1907=IFCARBITRARYCLOSEDPROFILEDEF(.AREA.,$,#1906);
#1908=IFCCARTESIANPOINT((0.,0.,0.));
#1909=IFCDIRECTION((0.,-1.,0.));
#1910=IFCDIRECTION((1.,0.,0.));
#1911=IFCAXIS2PLACEMENT3D(#1908,#1909,#1910);
#1912=IFCDIRECTION((0.,0.,-1.));
#1913=IFCEXTRUDEDAREASOLID(#1907,#1911,#1912,25.);
#1914=IFCCARTESIANPOINTLIST2D(((0.,0.),(-99.,0.),(-99.,100.),(0.,100.)));
#1915=IFCINDEXEDPOLYCURVE(#1914,(IFCLINEINDEX((1,2,3,4,1))),$);
#1916=IFCARBITRARYCLOSEDPROFILEDEF(.AREA.,$,#1915);
#1917=IFCCARTESIANPOINT((50.,0.,0.));
#1918=IFCDIRECTION((0.,0.,1.));
#1919=IFCDIRECTION((1.,0.,0.));
#1920=IFCAXIS2PLACEMENT3D(#1917,#1918,#1919);
#1921=IFCDIRECTION((0.,0.,1.));
#1922=IFCEXTRUDEDAREASOLID(#1916,#1920,#1921,25.);
#1923=IFCCARTESIANPOINTLIST2D(((0.,0.),(0.,27.100000000000001),(51.,27.100000000000001),(51.,0.),(-24.,0.),(-24.,-47.899999999999999),(75.,-47.899999999999999),(75.,0.)));
#1924=IFCINDEXEDPOLYCURVE(#1923,(IFCLINEINDEX((1,2,3,4,5,6,7,8,1))),$);
#1925=IFCARBITRARYCLOSEDPROFILEDEF(.AREA.,$,#1924);
#1926=IFCCARTESIANPOINT((-25.,-5.,0.));
#1927=IFCDIRECTION((0.,-1.,0.));
#1928=IFCDIRECTION((1.,0.,0.));
#1929=IFCAXIS2PLACEMENT3D(#1926,#1927,#1928);
#1930=IFCDIRECTION((0.,0.,-1.));
#1931=IFCEXTRUDEDAREASOLID(#1925,#1929,#1930,5.);
#1932=IFCCARTESIANPOINTLIST2D(((0.,0.),(0.,27.100000000000001),(51.,27.100000000000001),(51.,0.),(1.,0.),(1.,-22.899999999999999),(50.,-22.899999999999999),(50.,0.)));
#1933=IFCINDEXEDPOLYCURVE(#1932,(IFCLINEINDEX((1,2,3,4,5,6,7,8,1))),$);
#1934=IFCARBITRARYCLOSEDPROFILEDEF(.AREA.,$,#1933);
#1935=IFCCARTESIANPOINT((-25.,50.,0.));
#1936=IFCDIRECTION((0.,-1.,0.));
#1937=IFCDIRECTION((1.,0.,0.));
#1938=IFCAXIS2PLACEMENT3D(#1935,#1936,#1937);
#1939=IFCDIRECTION((0.,0.,-1.));
#1940=IFCEXTRUDEDAREASOLID(#1934,#1938,#1939,5.);
#1941=IFCCARTESIANPOINTLIST2D(((0.,0.),(-49.,0.),(-49.,35.),(0.,35.)));
#1942=IFCINDEXEDPOLYCURVE(#1941,(IFCLINEINDEX((1,2,3,4,1))),$);
#1943=IFCARBITRARYCLOSEDPROFILEDEF(.AREA.,$,#1942);
#1944=IFCCARTESIANPOINT((25.,25.,25.));
#1945=IFCDIRECTION((0.,0.,1.));
#1946=IFCDIRECTION((1.,0.,0.));
#1947=IFCAXIS2PLACEMENT3D(#1944,#1945,#1946);
#1948=IFCDIRECTION((0.,0.,1.));
#1949=IFCEXTRUDEDAREASOLID(#1943,#1947,#1948,-47.899999999999999);
#1950=IFCCARTESIANPOINTLIST2D(((0.,0.),(0.,-40.),(-120.,-40.),(-120.,-20.),(-20.,-20.),(-20.,0.)));
#1951=IFCINDEXEDPOLYCURVE(#1950,(IFCLINEINDEX((1,2,3,4,5,6,1))),$);
#1952=IFCARBITRARYCLOSEDPROFILEDEF(.AREA.,$,#1951);
#1953=IFCCARTESIANPOINT((-74.,25.,1015.));
#1954=IFCDIRECTION((0.,0.,1.));
#1955=IFCDIRECTION((1.,0.,0.));
#1956=IFCAXIS2PLACEMENT3D(#1953,#1954,#1955);
#1957=IFCDIRECTION((0.,0.,1.));
#1958=IFCEXTRUDEDAREASOLID(#1952,#1956,#1957,20.);
#1959=IFCEXTRUDEDAREASOLID(#1960,#1963,#1967,20.);
#1960=IFCARBITRARYCLOSEDPROFILEDEF(.AREA.,$,#1961);
#1961=IFCINDEXEDPOLYCURVE(#1962,(IFCLINEINDEX((1,2,3,4,5,6,1))),$);
#1962=IFCCARTESIANPOINTLIST2D(((0.,0.),(0.,40.),(-120.,40.),(-120.,20.),(-20.,20.),(-20.,0.)));
#1963=IFCAXIS2PLACEMENT3D(#1964,#1965,#1966);
#1964=IFCCARTESIANPOINT((-74.,60.,1015.));
#1965=IFCDIRECTION((0.,0.,1.));
#1966=IFCDIRECTION((1.,0.,0.));
#1967=IFCDIRECTION((0.,0.,1.));
#1968=IFCSHAPEREPRESENTATION(#11,'Body','SweptSolid',(#1904,#1913,#1949,#1958,#1959,#1922,#1931,#1940));
#1969=IFCPRODUCTDEFINITIONSHAPE($,$,(#1968));
#1975=IFCCARTESIANPOINT((8500.,5000.,0.));
#1976=IFCDIRECTION((0.,0.,1.));
#1977=IFCDIRECTION((1.,0.,0.));
#1978=IFCAXIS2PLACEMENT3D(#1975,#1976,#1977);
#1979=IFCLOCALPLACEMENT(#28,#1978);
#1980=IFCDOOR('37qf9uFmn9TwZpwprIqrCD',$,'Door 2-5',$,$,#2064,#2054,$,$,$,$,$,$);
#1981=IFCCARTESIANPOINTLIST2D(((0.,0.),(0.,2.1000000000000001),(1.,2.1000000000000001),(1.,0.),(-24.,0.),(-24.,-22.899999999999999),(25.,-22.899999999999999),(25.,0.)));
#1982=IFCINDEXEDPOLYCURVE(#1981,(IFCLINEINDEX((1,2,3,4,5,6,7,8,1))),$);
#1983=IFCARBITRARYCLOSEDPROFILEDEF(.AREA.,$,#1982);
#1984=IFCCARTESIANPOINT((0.,25.,0.));
#1985=IFCDIRECTION((0.,-1.,0.));
#1986=IFCDIRECTION((1.,0.,0.));
#1987=IFCAXIS2PLACEMENT3D(#1984,#1985,#1986);
#1988=IFCDIRECTION((0.,0.,-1.));
#1989=IFCEXTRUDEDAREASOLID(#1983,#1987,#1988,25.);
#1990=IFCCARTESIANPOINTLIST2D(((0.,0.),(0.,2.1000000000000001),(1.,2.1000000000000001),(1.,0.),(-49.,0.),(-49.,-47.899999999999999),(50.,-47.899999999999999),(50.,0.)));
#1991=IFCINDEXEDPOLYCURVE(#1990,(IFCLINEINDEX((1,2,3,4,5,6,7,8,1))),$);
#1992=IFCARBITRARYCLOSEDPROFILEDEF(.AREA.,$,#1991);
#1993=IFCCARTESIANPOINT((0.,0.,0.));
#1994=IFCDIRECTION((0.,-1.,0.));
#1995=IFCDIRECTION((1.,0.,0.));
#1996=IFCAXIS2PLACEMENT3D(#1993,#1994,#1995);
#1997=IFCDIRECTION((0.,0.,-1.));
#1998=IFCEXTRUDEDAREASOLID(#1992,#1996,#1997,25.);
#1999=IFCCARTESIANPOINTLIST2D(((0.,0.),(-99.,0.),(-99.,100.),(0.,100.)));
#2000=IFCINDEXEDPOLYCURVE(#1999,(IFCLINEINDEX((1,2,3,4,1))),$);
#2001=IFCARBITRARYCLOSEDPROFILEDEF(.AREA.,$,#2000);
#2002=IFCCARTESIANPOINT((50.,0.,0.));
#2003=IFCDIRECTION((0.,0.,1.));
#2004=IFCDIRECTION((1.,0.,0.));
#2005=IFCAXIS2PLACEMENT3D(#2002,#2003,#2004);
#2006=IFCDIRECTION((0.,0.,1.));
#2007=IFCEXTRUDEDAREASOLID(#2001,#2005,#2006,25.);
#2008=IFCCARTESIANPOINTLIST2D(((0.,0.),(0.,27.100000000000001),(51.,27.100000000000001),(51.,0.),(-24.,0.),(-24.,-47.899999999999999),(75.,-47.899999999999999),(75.,0.)));
#2009=IFCINDEXEDPOLYCURVE(#2008,(IFCLINEINDEX((1,2,3,4,5,6,7,8,1))),$);
#2010=IFCARBITRARYCLOSEDPROFILEDEF(.AREA.,$,#2009);
#2011=IFCCARTESIANPOINT((-25.,-5.,0.));
#2012=IFCDIRECTION((0.,-1.,0.));
#2013=IFCDIRECTION((1.,0.,0.));
#2014=IFCAXIS2PLACEMENT3D(#2011,#2012,#2013);
#2015=IFCDIRECTION((0.,0.,-1.));
#2016=IFCEXTRUDEDAREASOLID(#2010,#2014,#2015,5.);
#2017=IFCCARTESIANPOINTLIST2D(((0.,0.),(0.,27.100000000000001),(51.,27.100000000000001),(51.,0.),(1.,0.),(1.,-22.899999999999999),(50.,-22.899999999999999),(50.,0.)));
#2018=IFCINDEXEDPOLYCURVE(#2017,(IFCLINEINDEX((1,2,3,4,5,6,7,8,1))),$);
#2019=IFCARBITRARYCLOSEDPROFILEDEF(.AREA.,$,#2018);
#2020=IFCCARTESIANPOINT((-25.,50.,0.));
#2021=IFCDIRECTION((0.,-1.,0.));
#2022=IFCDIRECTION((1.,0.,0.));
#2023=IFCAXIS2PLACEMENT3D(#2020,#2021,#2022);
#2024=IFCDIRECTION((0.,0.,-1.));
#2025=IFCEXTRUDEDAREASOLID(#2019,#2023,#2024,5.);
#2026=IFCCARTESIANPOINTLIST2D(((0.,0.),(-49.,0.),(-49.,35.),(0.,35.)));
#2027=IFCINDEXEDPOLYCURVE(#2026,(IFCLINEINDEX((1,2,3,4,1))),$);
#2028=IFCARBITRARYCLOSEDPROFILEDEF(.AREA.,$,#2027);
#2029=IFCCARTESIANPOINT((25.,25.,25.));
#2030=IFCDIRECTION((0.,0.,1.));
#2031=IFCDIRECTION((1.,0.,0.));
#2032=IFCAXIS2PLACEMENT3D(#2029,#2030,#2031);
#2033=IFCDIRECTION((0.,0.,1.));
#2034=IFCEXTRUDEDAREASOLID(#2028,#2032,#2033,-47.899999999999999);
#2035=IFCCARTESIANPOINTLIST2D(((0.,0.),(0.,-40.),(-120.,-40.),(-120.,-20.),(-20.,-20.),(-20.,0.)));
#2036=IFCINDEXEDPOLYCURVE(#2035,(IFCLINEINDEX((1,2,3,4,5,6,1))),$);
#2037=IFCARBITRARYCLOSEDPROFILEDEF(.AREA.,$,#2036);
#2038=IFCCARTESIANPOINT((-74.,25.,1015.));
#2039=IFCDIRECTION((0.,0.,1.));
#2040=IFCDIRECTION((1.,0.,0.));
#2041=IFCAXIS2PLACEMENT3D(#2038,#2039,#2040);
#2042=IFCDIRECTION((0.,0.,1.));
#2043=IFCEXTRUDEDAREASOLID(#2037,#2041,#2042,20.);
#2044=IFCEXTRUDEDAREASOLID(#2045,#2048,#2052,20.);
#2045=IFCARBITRARYCLOSEDPROFILEDEF(.AREA.,$,#2046);
#2046=IFCINDEXEDPOLYCURVE(#2047,(IFCLINEINDEX((1,2,3,4,5,6,1))),$);
#2047=IFCCARTESIANPOINTLIST2D(((0.,0.),(0.,40.),(-120.,40.),(-120.,20.),(-20.,20.),(-20.,0.)));
#2048=IFCAXIS2PLACEMENT3D(#2049,#2050,#2051);
#2049=IFCCARTESIANPOINT((-74.,60.,1015.));
#2050=IFCDIRECTION((0.,0.,1.));
#2051=IFCDIRECTION((1.,0.,0.));
#2052=IFCDIRECTION((0.,0.,1.));
#2053=IFCSHAPEREPRESENTATION(#11,'Body','SweptSolid',(#1989,#1998,#2034,#2043,#2044,#2007,#2016,#2025));
#2054=IFCPRODUCTDEFINITIONSHAPE($,$,(#2053));
#2060=IFCCARTESIANPOINT((18000.,5000.,0.));
#2061=IFCDIRECTION((0.,0.,1.));
#2062=IFCDIRECTION((1.,0.,0.));
#2063=IFCAXIS2PLACEMENT3D(#2060,#2061,#2062);
#2064=IFCLOCALPLACEMENT(#28,#2063);
#2065=IFCDOOR('2SJyUVzRP8UQKvtEkdXG6F',$,'Door 2-6',$,$,#2149,#2139,$,$,$,$,$,$);
#2066=IFCCARTESIANPOINTLIST2D(((0.,0.),(0.,2.1000000000000001),(1.,2.1000000000000001),(1.,0.),(-24.,0.),(-24.,-22.899999999999999),(25.,-22.899999999999999),(25.,0.)));
#2067=IFCINDEXEDPOLYCURVE(#2066,(IFCLINEINDEX((1,2,3,4,5,6,7,8,1))),$);
#2068=IFCARBITRARYCLOSEDPROFILEDEF(.AREA.,$,#2067);
#2069=IFCCARTESIANPOINT((0.,25.,0.));
#2070=IFCDIRECTION((0.,-1.,0.));
#2071=IFCDIRECTION((1.,0.,0.));
#2072=IFCAXIS2PLACEMENT3D(#2069,#2070,#2071);
#2073=IFCDIRECTION((0.,0.,-1.));
#2074=IFCEXTRUDEDAREASOLID(#2068,#2072,#2073,25.);
#2075=IFCCARTESIANPOINTLIST2D(((0.,0.),(0.,2.1000000000000001),(1.,2.1000000000000001),(1.,0.),(-49.,0.),(-49.,-47.899999999999999),(50.,-47.899999999999999),(50.,0.)));
#2076=IFCINDEXEDPOLYCURVE(#2075,(IFCLINEINDEX((1,2,3,4,5,6,7,8,1))),$);
#2077=IFCARBITRARYCLOSEDPROFILEDEF(.AREA.,$,#2076);
#2078=IFCCARTESIANPOINT((0.,0.,0.));
#2079=IFCDIRECTION((0.,-1.,0.));
#2080=IFCDIRECTION((1.,0.,0.));
#2081=IFCAXIS2PLACEMENT3D(#2078,#2079,#2080);
#2082=IFCDIRECTION((0.,0.,-1.));
#2083=IFCEXTRUDEDAREASOLID(#2077,#2081,#2082,25.);
#2084=IFCCARTESIANPOINTLIST2D(((0.,0.),(-99.,0.),(-99.,100.),(0.,100.)));
#2085=IFCINDEXEDPOLYCURVE(#2084,(IFCLINEINDEX((1,2,3,4,1))),$);
#2086=IFCARBITRARYCLOSEDPROFILEDEF(.AREA.,$,#2085);
#2087=IFCCARTESIANPOINT((50.,0.,0.));
#2088=IFCDIRECTION((0.,0.,1.));
#2089=IFCDIRECTION((1.,0.,0.));
#2090=IFCAXIS2PLACEMENT3D(#2087,#2088,#2089);
#2091=IFCDIRECTION((0.,0.,1.));
#2092=IFCEXTRUDEDAREASOLID(#2086,#2090,#2091,25.);
#2093=IFCCARTESIANPOINTLIST2D(((0.,0.),(0.,27.100000000000001),(51.,27.100000000000001),(51.,0.),(-24.,0.),(-24.,-47.899999999999999),(75.,-47.899999999999999),(75.,0.)));
#2094=IFCINDEXEDPOLYCURVE(#2093,(IFCLINEINDEX((1,2,3,4,5,6,7,8,1))),$);
#2095=IFCARBITRARYCLOSEDPROFILEDEF(.AREA.,$,#2094);
#2096=IFCCARTESIANPOINT((-25.,-5.,0.));
#2097=IFCDIRECTION((0.,-1.,0.));
#2098=IFCDIRECTION((1.,0.,0.));
#2099=IFCAXIS2PLACEMENT3D(#2096,#2097,#2098);
#2100=IFCDIRECTION((0.,0.,-1.));
#2101=IFCEXTRUDEDAREASOLID(#2095,#2099,#2100,5.);
#2102=IFCCARTESIANPOINTLIST2D(((0.,0.),(0.,27.100000000000001),(51.,27.100000000000001),(51.,0.),(1.,0.),(1.,-22.899999999999999),(50.,-22.899999999999999),(50.,0.)));
#2103=IFCINDEXEDPOLYCURVE(#2102,(IFCLINEINDEX((1,2,3,4,5,6,7,8,1))),$);
#2104=IFCARBITRARYCLOSEDPROFILEDEF(.AREA.,$,#2103);
#2105=IFCCARTESIANPOINT((-25.,50.,0.));
#2106=IFCDIRECTION((0.,-1.,0.));
#2107=IFCDIRECTION((1.,0.,0.));
#2108=IFCAXIS2PLACEMENT3D(#2105,#2106,#2107);
#2109=IFCDIRECTION((0.,0.,-1.));
#2110=IFCEXTRUDEDAREASOLID(#2104,#2108,#2109,5.);
#2111=IFCCARTESIANPOINTLIST2D(((0.,0.),(-49.,0.),(-49.,35.),(0.,35.)));
#2112=IFCINDEXEDPOLYCURVE(#2111,(IFCLINEINDEX((1,2,3,4,1))),$);
#2113=IFCARBITRARYCLOSEDPROFILEDEF(.AREA.,$,#2112);
#2114=IFCCARTESIANPOINT((25.,25.,25.));
#2115=IFCDIRECTION((0.,0.,1.));
#2116=IFCDIRECTION((1.,0.,0.));
#2117=IFCAXIS2PLACEMENT3D(#2114,#2115,#2116);
#2118=IFCDIRECTION((0.,0.,1.));
#2119=IFCEXTRUDEDAREASOLID(#2113,#2117,#2118,-47.899999999999999);
#2120=IFCCARTESIANPOINTLIST2D(((0.,0.),(0.,-40.),(-120.,-40.),(-120.,-20.),(-20.,-20.),(-20.,0.)));
#2121=IFCINDEXEDPOLYCURVE(#2120,(IFCLINEINDEX((1,2,3,4,5,6,1))),$);
#2122=IFCARBITRARYCLOSEDPROFILEDEF(.AREA.,$,#2121);
#2123=IFCCARTESIANPOINT((-74.,25.,1015.));
#2124=IFCDIRECTION((0.,0.,1.));
#2125=IFCDIRECTION((1.,0.,0.));
#2126=IFCAXIS2PLACEMENT3D(#2123,#2124,#2125);
#2127=IFCDIRECTION((0.,0.,1.));
#2128=IFCEXTRUDEDAREASOLID(#2122,#2126,#2127,20.);
#2129=IFCEXTRUDEDAREASOLID(#2130,#2133,#2137,20.);
#2130=IFCARBITRARYCLOSEDPROFILEDEF(.AREA.,$,#2131);
#2131=IFCINDEXEDPOLYCURVE(#2132,(IFCLINEINDEX((1,2,3,4,5,6,1))),$);
#2132=IFCCARTESIANPOINTLIST2D(((0.,0.),(0.,40.),(-120.,40.),(-120.,20.),(-20.,20.),(-20.,0.)));
#2133=IFCAXIS2PLACEMENT3D(#2134,#2135,#2136);
#2134=IFCCARTESIANPOINT((-74.,60.,1015.));
#2135=IFCDIRECTION((0.,0.,1.));
#2136=IFCDIRECTION((1.,0.,0.));
#2137=IFCDIRECTION((0.,0.,1.));
#2138=IFCSHAPEREPRESENTATION(#11,'Body','SweptSolid',(#2074,#2083,#2119,#2128,#2129,#2092,#2101,#2110));
#2139=IFCPRODUCTDEFINITIONSHAPE($,$,(#2138));
#2145=IFCCARTESIANPOINT((27000.,5000.,0.));
#2146=IFCDIRECTION((0.,0.,1.));
#2147=IFCDIRECTION((1.,0.,0.));
#2148=IFCAXIS2PLACEMENT3D(#2145,#2146,#2147);
#2149=IFCLOCALPLACEMENT(#28,#2148);
#2150=IFCDOOR('1IZfIkt0f6u83nhdQShSnT',$,'Door 2-7',$,$,#2234,#2224,$,$,$,$,$,$);
#2151=IFCCARTESIANPOINTLIST2D(((0.,0.),(0.,2.1000000000000001),(1.,2.1000000000000001),(1.,0.),(-24.,0.),(-24.,-22.899999999999999),(25.,-22.899999999999999),(25.,0.)));
#2152=IFCINDEXEDPOLYCURVE(#2151,(IFCLINEINDEX((1,2,3,4,5,6,7,8,1))),$);
#2153=IFCARBITRARYCLOSEDPROFILEDEF(.AREA.,$,#2152);
#2154=IFCCARTESIANPOINT((0.,25.,0.));
#2155=IFCDIRECTION((0.,-1.,0.));
#2156=IFCDIRECTION((1.,0.,0.));
#2157=IFCAXIS2PLACEMENT3D(#2154,#2155,#2156);
#2158=IFCDIRECTION((0.,0.,-1.));
#2159=IFCEXTRUDEDAREASOLID(#2153,#2157,#2158,25.);
#2160=IFCCARTESIANPOINTLIST2D(((0.,0.),(0.,2.1000000000000001),(1.,2.1000000000000001),(1.,0.),(-49.,0.),(-49.,-47.899999999999999),(50.,-47.899999999999999),(50.,0.)));
#2161=IFCINDEXEDPOLYCURVE(#2160,(IFCLINEINDEX((1,2,3,4,5,6,7,8,1))),$);
#2162=IFCARBITRARYCLOSEDPROFILEDEF(.AREA.,$,#2161);
#2163=IFCCARTESIANPOINT((0.,0.,0.));
#2164=IFCDIRECTION((0.,-1.,0.));
#2165=IFCDIRECTION((1.,0.,0.));
#2166=IFCAXIS2PLACEMENT3D(#2163,#2164,#2165);
#2167=IFCDIRECTION((0.,0.,-1.));
#2168=IFCEXTRUDEDAREASOLID(#2162,#2166,#2167,25.);
#2169=IFCCARTESIANPOINTLIST2D(((0.,0.),(-99.,0.),(-99.,100.),(0.,100.)));
#2170=IFCINDEXEDPOLYCURVE(#2169,(IFCLINEINDEX((1,2,3,4,1))),$);
#2171=IFCARBITRARYCLOSEDPROFILEDEF(.AREA.,$,#2170);
#2172=IFCCARTESIANPOINT((50.,0.,0.));
#2173=IFCDIRECTION((0.,0.,1.));
#2174=IFCDIRECTION((1.,0.,0.));
#2175=IFCAXIS2PLACEMENT3D(#2172,#2173,#2174);
#2176=IFCDIRECTION((0.,0.,1.));
#2177=IFCEXTRUDEDAREASOLID(#2171,#2175,#2176,25.);
#2178=IFCCARTESIANPOINTLIST2D(((0.,0.),(0.,27.100000000000001),(51.,27.100000000000001),(51.,0.),(-24.,0.),(-24.,-47.899999999999999),(75.,-47.899999999999999),(75.,0.)));
#2179=IFCINDEXEDPOLYCURVE(#2178,(IFCLINEINDEX((1,2,3,4,5,6,7,8,1))),$);
#2180=IFCARBITRARYCLOSEDPROFILEDEF(.AREA.,$,#2179);
#2181=IFCCARTESIANPOINT((-25.,-5.,0.));
#2182=IFCDIRECTION((0.,-1.,0.));
#2183=IFCDIRECTION((1.,0.,0.));
#2184=IFCAXIS2PLACEMENT3D(#2181,#2182,#2183);
#2185=IFCDIRECTION((0.,0.,-1.));
#2186=IFCEXTRUDEDAREASOLID(#2180,#2184,#2185,5.);
#2187=IFCCARTESIANPOINTLIST2D(((0.,0.),(0.,27.100000000000001),(51.,27.100000000000001),(51.,0.),(1.,0.),(1.,-22.899999999999999),(50.,-22.899999999999999),(50.,0.)));
#2188=IFCINDEXEDPOLYCURVE(#2187,(IFCLINEINDEX((1,2,3,4,5,6,7,8,1))),$);
#2189=IFCARBITRARYCLOSEDPROFILEDEF(.AREA.,$,#2188);
#2190=IFCCARTESIANPOINT((-25.,50.,0.));
#2191=IFCDIRECTION((0.,-1.,0.));
#2192=IFCDIRECTION((1.,0.,0.));
#2193=IFCAXIS2PLACEMENT3D(#2190,#2191,#2192);
#2194=IFCDIRECTION((0.,0.,-1.));
#2195=IFCEXTRUDEDAREASOLID(#2189,#2193,#2194,5.);
#2196=IFCCARTESIANPOINTLIST2D(((0.,0.),(-49.,0.),(-49.,35.),(0.,35.)));
#2197=IFCINDEXEDPOLYCURVE(#2196,(IFCLINEINDEX((1,2,3,4,1))),$);
#2198=IFCARBITRARYCLOSEDPROFILEDEF(.AREA.,$,#2197);
#2199=IFCCARTESIANPOINT((25.,25.,25.));
#2200=IFCDIRECTION((0.,0.,1.));
#2201=IFCDIRECTION((1.,0.,0.));
#2202=IFCAXIS2PLACEMENT3D(#2199,#2200,#2201);
#2203=IFCDIRECTION((0.,0.,1.));
#2204=IFCEXTRUDEDAREASOLID(#2198,#2202,#2203,-47.899999999999999);
#2205=IFCCARTESIANPOINTLIST2D(((0.,0.),(0.,-40.),(-120.,-40.),(-120.,-20.),(-20.,-20.),(-20.,0.)));
#2206=IFCINDEXEDPOLYCURVE(#2205,(IFCLINEINDEX((1,2,3,4,5,6,1))),$);
#2207=IFCARBITRARYCLOSEDPROFILEDEF(.AREA.,$,#2206);
#2208=IFCCARTESIANPOINT((-74.,25.,1015.));
#2209=IFCDIRECTION((0.,0.,1.));
#2210=IFCDIRECTION((1.,0.,0.));
#2211=IFCAXIS2PLACEMENT3D(#2208,#2209,#2210);
#2212=IFCDIRECTION((0.,0.,1.));
#2213=IFCEXTRUDEDAREASOLID(#2207,#2211,#2212,20.);
#2214=IFCEXTRUDEDAREASOLID(#2215,#2218,#2222,20.);
#2215=IFCARBITRARYCLOSEDPROFILEDEF(.AREA.,$,#2216);
#2216=IFCINDEXEDPOLYCURVE(#2217,(IFCLINEINDEX((1,2,3,4,5,6,1))),$);
#2217=IFCCARTESIANPOINTLIST2D(((0.,0.),(0.,40.),(-120.,40.),(-120.,20.),(-20.,20.),(-20.,0.)));
#2218=IFCAXIS2PLACEMENT3D(#2219,#2220,#2221);
#2219=IFCCARTESIANPOINT((-74.,60.,1015.));
#2220=IFCDIRECTION((0.,0.,1.));
#2221=IFCDIRECTION((1.,0.,0.));
#2222=IFCDIRECTION((0.,0.,1.));
#2223=IFCSHAPEREPRESENTATION(#11,'Body','SweptSolid',(#2159,#2168,#2204,#2213,#2214,#2177,#2186,#2195));
#2224=IFCPRODUCTDEFINITIONSHAPE($,$,(#2223));
#2230=IFCCARTESIANPOINT((33000.,5000.,0.));
#2231=IFCDIRECTION((0.,0.,1.));
#2232=IFCDIRECTION((1.,0.,0.));
#2233=IFCAXIS2PLACEMENT3D(#2230,#2231,#2232);
#2234=IFCLOCALPLACEMENT(#28,#2233);
#2235=IFCDOOR('3MIhpYSL529eZEFrasR6gM',$,'Entry 2',$,$,#2319,#2309,$,$,$,$,$,$);
#2236=IFCCARTESIANPOINTLIST2D(((0.,0.),(0.,2.1000000000000001),(1.,2.1000000000000001),(1.,0.),(-24.,0.),(-24.,-22.899999999999999),(25.,-22.899999999999999),(25.,0.)));
#2237=IFCINDEXEDPOLYCURVE(#2236,(IFCLINEINDEX((1,2,3,4,5,6,7,8,1))),$);
#2238=IFCARBITRARYCLOSEDPROFILEDEF(.AREA.,$,#2237);
#2239=IFCCARTESIANPOINT((0.,25.,0.));
#2240=IFCDIRECTION((0.,-1.,0.));
#2241=IFCDIRECTION((1.,0.,0.));
#2242=IFCAXIS2PLACEMENT3D(#2239,#2240,#2241);
#2243=IFCDIRECTION((0.,0.,-1.));
#2244=IFCEXTRUDEDAREASOLID(#2238,#2242,#2243,25.);
#2245=IFCCARTESIANPOINTLIST2D(((0.,0.),(0.,2.1000000000000001),(1.,2.1000000000000001),(1.,0.),(-49.,0.),(-49.,-47.899999999999999),(50.,-47.899999999999999),(50.,0.)));
#2246=IFCINDEXEDPOLYCURVE(#2245,(IFCLINEINDEX((1,2,3,4,5,6,7,8,1))),$);
#2247=IFCARBITRARYCLOSEDPROFILEDEF(.AREA.,$,#2246);
#2248=IFCCARTESIANPOINT((0.,0.,0.));
#2249=IFCDIRECTION((0.,-1.,0.));
#2250=IFCDIRECTION((1.,0.,0.));
#2251=IFCAXIS2PLACEMENT3D(#2248,#2249,#2250);
#2252=IFCDIRECTION((0.,0.,-1.));
#2253=IFCEXTRUDEDAREASOLID(#2247,#2251,#2252,25.);
#2254=IFCCARTESIANPOINTLIST2D(((0.,0.),(-99.,0.),(-99.,100.),(0.,100.)));
#2255=IFCINDEXEDPOLYCURVE(#2254,(IFCLINEINDEX((1,2,3,4,1))),$);
#2256=IFCARBITRARYCLOSEDPROFILEDEF(.AREA.,$,#2255);
#2257=IFCCARTESIANPOINT((50.,0.,0.));
#2258=IFCDIRECTION((0.,0.,1.));
#2259=IFCDIRECTION((1.,0.,0.));
#2260=IFCAXIS2PLACEMENT3D(#2257,#2258,#2259);
#2261=IFCDIRECTION((0.,0.,1.));
#2262=IFCEXTRUDEDAREASOLID(#2256,#2260,#2261,25.);
#2263=IFCCARTESIANPOINTLIST2D(((0.,0.),(0.,27.100000000000001),(51.,27.100000000000001),(51.,0.),(-24.,0.),(-24.,-47.899999999999999),(75.,-47.899999999999999),(75.,0.)));
#2264=IFCINDEXEDPOLYCURVE(#2263,(IFCLINEINDEX((1,2,3,4,5,6,7,8,1))),$);
#2265=IFCARBITRARYCLOSEDPROFILEDEF(.AREA.,$,#2264);
#2266=IFCCARTESIANPOINT((-25.,-5.,0.));
#2267=IFCDIRECTION((0.,-1.,0.));
#2268=IFCDIRECTION((1.,0.,0.));
#2269=IFCAXIS2PLACEMENT3D(#2266,#2267,#2268);
#2270=IFCDIRECTION((0.,0.,-1.));
#2271=IFCEXTRUDEDAREASOLID(#2265,#2269,#2270,5.);
#2272=IFCCARTESIANPOINTLIST2D(((0.,0.),(0.,27.100000000000001),(51.,27.100000000000001),(51.,0.),(1.,0.),(1.,-22.899999999999999),(50.,-22.899999999999999),(50.,0.)));
#2273=IFCINDEXEDPOLYCURVE(#2272,(IFCLINEINDEX((1,2,3,4,5,6,7,8,1))),$);
#2274=IFCARBITRARYCLOSEDPROFILEDEF(.AREA.,$,#2273);
#2275=IFCCARTESIANPOINT((-25.,50.,0.));
#2276=IFCDIRECTION((0.,-1.,0.));
#2277=IFCDIRECTION((1.,0.,0.));
#2278=IFCAXIS2PLACEMENT3D(#2275,#2276,#2277);
#2279=IFCDIRECTION((0.,0.,-1.));
#2280=IFCEXTRUDEDAREASOLID(#2274,#2278,#2279,5.);
#2281=IFCCARTESIANPOINTLIST2D(((0.,0.),(-49.,0.),(-49.,35.),(0.,35.)));
#2282=IFCINDEXEDPOLYCURVE(#2281,(IFCLINEINDEX((1,2,3,4,1))),$);
#2283=IFCARBITRARYCLOSEDPROFILEDEF(.AREA.,$,#2282);
#2284=IFCCARTESIANPOINT((25.,25.,25.));
#2285=IFCDIRECTION((0.,0.,1.));
#2286=IFCDIRECTION((1.,0.,0.));
#2287=IFCAXIS2PLACEMENT3D(#2284,#2285,#2286);
#2288=IFCDIRECTION((0.,0.,1.));
#2289=IFCEXTRUDEDAREASOLID(#2283,#2287,#2288,-47.899999999999999);
#2290=IFCCARTESIANPOINTLIST2D(((0.,0.),(0.,-40.),(-120.,-40.),(-120.,-20.),(-20.,-20.),(-20.,0.)));
#2291=IFCINDEXEDPOLYCURVE(#2290,(IFCLINEINDEX((1,2,3,4,5,6,1))),$);
#2292=IFCARBITRARYCLOSEDPROFILEDEF(.AREA.,$,#2291);
#2293=IFCCARTESIANPOINT((-74.,25.,1015.));
#2294=IFCDIRECTION((0.,0.,1.));
#2295=IFCDIRECTION((1.,0.,0.));
#2296=IFCAXIS2PLACEMENT3D(#2293,#2294,#2295);
#2297=IFCDIRECTION((0.,0.,1.));
#2298=IFCEXTRUDEDAREASOLID(#2292,#2296,#2297,20.);
#2299=IFCEXTRUDEDAREASOLID(#2300,#2303,#2307,20.);
#2300=IFCARBITRARYCLOSEDPROFILEDEF(.AREA.,$,#2301);
#2301=IFCINDEXEDPOLYCURVE(#2302,(IFCLINEINDEX((1,2,3,4,5,6,1))),$);
#2302=IFCCARTESIANPOINTLIST2D(((0.,0.),(0.,40.),(-120.,40.),(-120.,20.),(-20.,20.),(-20.,0.)));
#2303=IFCAXIS2PLACEMENT3D(#2304,#2305,#2306);
#2304=IFCCARTESIANPOINT((-74.,60.,1015.));
#2305=IFCDIRECTION((0.,0.,1.));
#2306=IFCDIRECTION((1.,0.,0.));
#2307=IFCDIRECTION((0.,0.,1.));
#2308=IFCSHAPEREPRESENTATION(#11,'Body','SweptSolid',(#2244,#2253,#2289,#2298,#2299,#2262,#2271,#2280));
#2309=IFCPRODUCTDEFINITIONSHAPE($,$,(#2308));
#2315=IFCCARTESIANPOINT((1399.9999999999998,5900.,0.));
#2316=IFCDIRECTION((0.,0.,1.));
#2317=IFCDIRECTION((6.123233995736766E-17,1.,0.));
#2318=IFCAXIS2PLACEMENT3D(#2315,#2316,#2317);
#2319=IFCLOCALPLACEMENT(#28,#2318);
#2320=IFCWINDOW('2mKQ3LE6P7NQHbW9whaEfd',$,'Window 2-1',$,$,#2374,#2364,$,$,$,$,$,$);
#2321=IFCCARTESIANPOINTLIST2D(((0.,0.),(1.6000000000000001,0.),(1.6000000000000001,1.2),(0.,1.2)));
#2322=IFCINDEXEDPOLYCURVE(#2321,(IFCLINEINDEX((1,2,3,4,1))),$);
#2323=IFCCARTESIANPOINTLIST2D(((25.,25.),(-23.399999999999999,25.),(-23.399999999999999,-23.799999999999997),(25.,-23.799999999999997)));
#2324=IFCINDEXEDPOLYCURVE(#2323,(IFCLINEINDEX((1,2,3,4,1))),$);
#2325=IFCARBITRARYPROFILEDEFWITHVOIDS(.AREA.,$,#2322,(#2324));
#2326=IFCCARTESIANPOINT((0.,90.,0.));
#2327=IFCDIRECTION((0.,-1.,0.));
#2328=IFCDIRECTION((1.,0.,0.));
#2329=IFCAXIS2PLACEMENT3D(#2326,#2327,#2328);
#2330=IFCDIRECTION((0.,0.,-1.));
#2331=IFCEXTRUDEDAREASOLID(#2325,#2329,#2330,10.);
#2332=IFCCARTESIANPOINTLIST2D(((0.,0.),(1.6000000000000001,0.),(1.6000000000000001,1.2),(0.,1.2)));
#2333=IFCINDEXEDPOLYCURVE(#2332,(IFCLINEINDEX((1,2,3,4,1))),$);
#2334=IFCCARTESIANPOINTLIST2D(((50.,50.),(-48.400000000000006,50.),(-48.400000000000006,-48.799999999999997),(50.,-48.799999999999997)));
#2335=IFCINDEXEDPOLYCURVE(#2334,(IFCLINEINDEX((1,2,3,4,1))),$);
#2336=IFCARBITRARYPROFILEDEFWITHVOIDS(.AREA.,$,#2333,(#2335));
#2337=IFCCARTESIANPOINT((0.,50.,0.));
#2338=IFCDIRECTION((0.,-1.,0.));
#2339=IFCDIRECTION((1.,0.,0.));
#2340=IFCAXIS2PLACEMENT3D(#2337,#2338,#2339);
#2341=IFCDIRECTION((0.,0.,-1.));
#2342=IFCEXTRUDEDAREASOLID(#2336,#2340,#2341,40.);
#2343=IFCCARTESIANPOINTLIST2D(((0.,0.),(-48.399999999999999,0.),(-48.399999999999999,-48.799999999999997),(0.,-48.799999999999997)));
#2344=IFCINDEXEDPOLYCURVE(#2343,(IFCLINEINDEX((1,2,3,4,1))),$);
#2345=IFCCARTESIANPOINTLIST2D(((35.,35.),(-83.400000000000006,35.),(-83.400000000000006,-83.799999999999997),(35.,-83.799999999999997)));
#2346=IFCINDEXEDPOLYCURVE(#2345,(IFCLINEINDEX((1,2,3,4,1))),$);
#2347=IFCARBITRARYPROFILEDEFWITHVOIDS(.AREA.,$,#2344,(#2346));
#2348=IFCCARTESIANPOINT((25.,90.,25.));
#2349=IFCDIRECTION((0.,-1.,0.));
#2350=IFCDIRECTION((1.,0.,0.));
#2351=IFCAXIS2PLACEMENT3D(#2348,#2349,#2350);
#2352=IFCDIRECTION((0.,0.,-1.));
#2353=IFCEXTRUDEDAREASOLID(#2347,#2351,#2352,35.);
#2354=IFCINDEXEDPOLYCURVE(#2355,(IFCLINEINDEX((1,2,3,4,1))),$);
#2355=IFCCARTESIANPOINTLIST2D(((35.,35.),(-83.400000000000006,35.),(-83.400000000000006,-83.799999999999997),(35.,-83.799999999999997)));
#2356=IFCARBITRARYCLOSEDPROFILEDEF(.AREA.,$,#2354);
#2357=IFCCARTESIANPOINT((25.,102.5,25.));
#2358=IFCDIRECTION((0.,-1.,0.));
#2359=IFCDIRECTION((1.,0.,0.));
#2360=IFCAXIS2PLACEMENT3D(#2357,#2358,#2359);
#2361=IFCDIRECTION((0.,0.,-1.));
#2362=IFCEXTRUDEDAREASOLID(#2356,#2360,#2361,10.);
#2363=IFCSHAPEREPRESENTATION(#11,'Body','SweptSolid',(#2331,#2342,#2353,#2362));
#2364=IFCPRODUCTDEFINITIONSHAPE($,$,(#2363));
#2370=IFCCARTESIANPOINT((6000.,11800.,1000.0000000000005));
#2371=IFCDIRECTION((0.,0.,1.));
#2372=IFCDIRECTION((1.,0.,0.));
#2373=IFCAXIS2PLACEMENT3D(#2370,#2371,#2372);
#2374=IFCLOCALPLACEMENT(#28,#2373);
#2375=IFCWINDOW('2LGgGG8WP5gu_vaK1IXv4S',$,'Window 2-2',$,$,#2429,#2419,$,$,$,$,$,$);
#2376=IFCCARTESIANPOINTLIST2D(((0.,0.),(1.6000000000000001,0.),(1.6000000000000001,1.2),(0.,1.2)));
#2377=IFCINDEXEDPOLYCURVE(#2376,(IFCLINEINDEX((1,2,3,4,1))),$);
#2378=IFCCARTESIANPOINTLIST2D(((25.,25.),(-23.399999999999999,25.),(-23.399999999999999,-23.799999999999997),(25.,-23.799999999999997)));
#2379=IFCINDEXEDPOLYCURVE(#2378,(IFCLINEINDEX((1,2,3,4,1))),$);
#2380=IFCARBITRARYPROFILEDEFWITHVOIDS(.AREA.,$,#2377,(#2379));
#2381=IFCCARTESIANPOINT((0.,90.,0.));
#2382=IFCDIRECTION((0.,-1.,0.));
#2383=IFCDIRECTION((1.,0.,0.));
#2384=IFCAXIS2PLACEMENT3D(#2381,#2382,#2383);
#2385=IFCDIRECTION((0.,0.,-1.));
#2386=IFCEXTRUDEDAREASOLID(#2380,#2384,#2385,10.);
#2387=IFCCARTESIANPOINTLIST2D(((0.,0.),(1.6000000000000001,0.),(1.6000000000000001,1.2),(0.,1.2)));
#2388=IFCINDEXEDPOLYCURVE(#2387,(IFCLINEINDEX((1,2,3,4,1))),$);
#2389=IFCCARTESIANPOINTLIST2D(((50.,50.),(-48.400000000000006,50.),(-48.400000000000006,-48.799999999999997),(50.,-48.799999999999997)));
#2390=IFCINDEXEDPOLYCURVE(#2389,(IFCLINEINDEX((1,2,3,4,1))),$);
#2391=IFCARBITRARYPROFILEDEFWITHVOIDS(.AREA.,$,#2388,(#2390));
#2392=IFCCARTESIANPOINT((0.,50.,0.));
#2393=IFCDIRECTION((0.,-1.,0.));
#2394=IFCDIRECTION((1.,0.,0.));
#2395=IFCAXIS2PLACEMENT3D(#2392,#2393,#2394);
#2396=IFCDIRECTION((0.,0.,-1.));
#2397=IFCEXTRUDEDAREASOLID(#2391,#2395,#2396,40.);
#2398=IFCCARTESIANPOINTLIST2D(((0.,0.),(-48.399999999999999,0.),(-48.399999999999999,-48.799999999999997),(0.,-48.799999999999997)));
#2399=IFCINDEXEDPOLYCURVE(#2398,(IFCLINEINDEX((1,2,3,4,1))),$);
#2400=IFCCARTESIANPOINTLIST2D(((35.,35.),(-83.400000000000006,35.),(-83.400000000000006,-83.799999999999997),(35.,-83.799999999999997)));
#2401=IFCINDEXEDPOLYCURVE(#2400,(IFCLINEINDEX((1,2,3,4,1))),$);
#2402=IFCARBITRARYPROFILEDEFWITHVOIDS(.AREA.,$,#2399,(#2401));
#2403=IFCCARTESIANPOINT((25.,90.,25.));
#2404=IFCDIRECTION((0.,-1.,0.));
#2405=IFCDIRECTION((1.,0.,0.));
#2406=IFCAXIS2PLACEMENT3D(#2403,#2404,#2405);
#2407=IFCDIRECTION((0.,0.,-1.));
#2408=IFCEXTRUDEDAREASOLID(#2402,#2406,#2407,35.);
#2409=IFCINDEXEDPOLYCURVE(#2410,(IFCLINEINDEX((1,2,3,4,1))),$);
#2410=IFCCARTESIANPOINTLIST2D(((35.,35.),(-83.400000000000006,35.),(-83.400000000000006,-83.799999999999997),(35.,-83.799999999999997)));
#2411=IFCARBITRARYCLOSEDPROFILEDEF(.AREA.,$,#2409);
#2412=IFCCARTESIANPOINT((25.,102.5,25.));
#2413=IFCDIRECTION((0.,-1.,0.));
#2414=IFCDIRECTION((1.,0.,0.));
#2415=IFCAXIS2PLACEMENT3D(#2412,#2413,#2414);
#2416=IFCDIRECTION((0.,0.,-1.));
#2417=IFCEXTRUDEDAREASOLID(#2411,#2415,#2416,10.);
#2418=IFCSHAPEREPRESENTATION(#11,'Body','SweptSolid',(#2386,#2397,#2408,#2417));
#2419=IFCPRODUCTDEFINITIONSHAPE($,$,(#2418));
#2425=IFCCARTESIANPOINT((16000.,11800.,1000.0000000000005));
#2426=IFCDIRECTION((0.,0.,1.));
#2427=IFCDIRECTION((1.,0.,0.));
#2428=IFCAXIS2PLACEMENT3D(#2425,#2426,#2427);
#2429=IFCLOCALPLACEMENT(#28,#2428);
#2430=IFCWINDOW('1ddUMxVFfAcevp$24ASY_m',$,'Window 2-3',$,$,#2484,#2474,$,$,$,$,$,$);
#2431=IFCCARTESIANPOINTLIST2D(((0.,0.),(1.6000000000000001,0.),(1.6000000000000001,1.2),(0.,1.2)));
#2432=IFCINDEXEDPOLYCURVE(#2431,(IFCLINEINDEX((1,2,3,4,1))),$);
#2433=IFCCARTESIANPOINTLIST2D(((25.,25.),(-23.399999999999999,25.),(-23.399999999999999,-23.799999999999997),(25.,-23.799999999999997)));
#2434=IFCINDEXEDPOLYCURVE(#2433,(IFCLINEINDEX((1,2,3,4,1))),$);
#2435=IFCARBITRARYPROFILEDEFWITHVOIDS(.AREA.,$,#2432,(#2434));
#2436=IFCCARTESIANPOINT((0.,90.,0.));
#2437=IFCDIRECTION((0.,-1.,0.));
#2438=IFCDIRECTION((1.,0.,0.));
#2439=IFCAXIS2PLACEMENT3D(#2436,#2437,#2438);
#2440=IFCDIRECTION((0.,0.,-1.));
#2441=IFCEXTRUDEDAREASOLID(#2435,#2439,#2440,10.);
#2442=IFCCARTESIANPOINTLIST2D(((0.,0.),(1.6000000000000001,0.),(1.6000000000000001,1.2),(0.,1.2)));
#2443=IFCINDEXEDPOLYCURVE(#2442,(IFCLINEINDEX((1,2,3,4,1))),$);
#2444=IFCCARTESIANPOINTLIST2D(((50.,50.),(-48.400000000000006,50.),(-48.400000000000006,-48.799999999999997),(50.,-48.799999999999997)));
#2445=IFCINDEXEDPOLYCURVE(#2444,(IFCLINEINDEX((1,2,3,4,1))),$);
#2446=IFCARBITRARYPROFILEDEFWITHVOIDS(.AREA.,$,#2443,(#2445));
#2447=IFCCARTESIANPOINT((0.,50.,0.));
#2448=IFCDIRECTION((0.,-1.,0.));
#2449=IFCDIRECTION((1.,0.,0.));
#2450=IFCAXIS2PLACEMENT3D(#2447,#2448,#2449);
#2451=IFCDIRECTION((0.,0.,-1.));
#2452=IFCEXTRUDEDAREASOLID(#2446,#2450,#2451,40.);
#2453=IFCCARTESIANPOINTLIST2D(((0.,0.),(-48.399999999999999,0.),(-48.399999999999999,-48.799999999999997),(0.,-48.799999999999997)));
#2454=IFCINDEXEDPOLYCURVE(#2453,(IFCLINEINDEX((1,2,3,4,1))),$);
#2455=IFCCARTESIANPOINTLIST2D(((35.,35.),(-83.400000000000006,35.),(-83.400000000000006,-83.799999999999997),(35.,-83.799999999999997)));
#2456=IFCINDEXEDPOLYCURVE(#2455,(IFCLINEINDEX((1,2,3,4,1))),$);
#2457=IFCARBITRARYPROFILEDEFWITHVOIDS(.AREA.,$,#2454,(#2456));
#2458=IFCCARTESIANPOINT((25.,90.,25.));
#2459=IFCDIRECTION((0.,-1.,0.));
#2460=IFCDIRECTION((1.,0.,0.));
#2461=IFCAXIS2PLACEMENT3D(#2458,#2459,#2460);
#2462=IFCDIRECTION((0.,0.,-1.));
#2463=IFCEXTRUDEDAREASOLID(#2457,#2461,#2462,35.);
#2464=IFCINDEXEDPOLYCURVE(#2465,(IFCLINEINDEX((1,2,3,4,1))),$);
#2465=IFCCARTESIANPOINTLIST2D(((35.,35.),(-83.400000000000006,35.),(-83.400000000000006,-83.799999999999997),(35.,-83.799999999999997)));
#2466=IFCARBITRARYCLOSEDPROFILEDEF(.AREA.,$,#2464);
#2467=IFCCARTESIANPOINT((25.,102.5,25.));
#2468=IFCDIRECTION((0.,-1.,0.));
#2469=IFCDIRECTION((1.,0.,0.));
#2470=IFCAXIS2PLACEMENT3D(#2467,#2468,#2469);
#2471=IFCDIRECTION((0.,0.,-1.));
#2472=IFCEXTRUDEDAREASOLID(#2466,#2470,#2471,10.);
#2473=IFCSHAPEREPRESENTATION(#11,'Body','SweptSolid',(#2441,#2452,#2463,#2472));
#2474=IFCPRODUCTDEFINITIONSHAPE($,$,(#2473));
#2480=IFCCARTESIANPOINT((26500.,11800.,1000.0000000000005));
#2481=IFCDIRECTION((0.,0.,1.));
#2482=IFCDIRECTION((1.,0.,0.));
#2483=IFCAXIS2PLACEMENT3D(#2480,#2481,#2482);
#2484=IFCLOCALPLACEMENT(#28,#2483);
#2485=IFCWINDOW('0Ths3oZ1f2zws5aV4S9jEP',$,'Window 2-4',$,$,#2539,#2529,$,$,$,$,$,$);
#2486=IFCCARTESIANPOINTLIST2D(((0.,0.),(1.6000000000000001,0.),(1.6000000000000001,1.2),(0.,1.2)));
#2487=IFCINDEXEDPOLYCURVE(#2486,(IFCLINEINDEX((1,2,3,4,1))),$);
#2488=IFCCARTESIANPOINTLIST2D(((25.,25.),(-23.399999999999999,25.),(-23.399999999999999,-23.799999999999997),(25.,-23.799999999999997)));
#2489=IFCINDEXEDPOLYCURVE(#2488,(IFCLINEINDEX((1,2,3,4,1))),$);
#2490=IFCARBITRARYPROFILEDEFWITHVOIDS(.AREA.,$,#2487,(#2489));
#2491=IFCCARTESIANPOINT((0.,90.,0.));
#2492=IFCDIRECTION((0.,-1.,0.));
#2493=IFCDIRECTION((1.,0.,0.));
#2494=IFCAXIS2PLACEMENT3D(#2491,#2492,#2493);
#2495=IFCDIRECTION((0.,0.,-1.));
#2496=IFCEXTRUDEDAREASOLID(#2490,#2494,#2495,10.);
#2497=IFCCARTESIANPOINTLIST2D(((0.,0.),(1.6000000000000001,0.),(1.6000000000000001,1.2),(0.,1.2)));
#2498=IFCINDEXEDPOLYCURVE(#2497,(IFCLINEINDEX((1,2,3,4,1))),$);
#2499=IFCCARTESIANPOINTLIST2D(((50.,50.),(-48.400000000000006,50.),(-48.400000000000006,-48.799999999999997),(50.,-48.799999999999997)));
#2500=IFCINDEXEDPOLYCURVE(#2499,(IFCLINEINDEX((1,2,3,4,1))),$);
#2501=IFCARBITRARYPROFILEDEFWITHVOIDS(.AREA.,$,#2498,(#2500));
#2502=IFCCARTESIANPOINT((0.,50.,0.));
#2503=IFCDIRECTION((0.,-1.,0.));
#2504=IFCDIRECTION((1.,0.,0.));
#2505=IFCAXIS2PLACEMENT3D(#2502,#2503,#2504);
#2506=IFCDIRECTION((0.,0.,-1.));
#2507=IFCEXTRUDEDAREASOLID(#2501,#2505,#2506,40.);
#2508=IFCCARTESIANPOINTLIST2D(((0.,0.),(-48.399999999999999,0.),(-48.399999999999999,-48.799999999999997),(0.,-48.799999999999997)));
#2509=IFCINDEXEDPOLYCURVE(#2508,(IFCLINEINDEX((1,2,3,4,1))),$);
#2510=IFCCARTESIANPOINTLIST2D(((35.,35.),(-83.400000000000006,35.),(-83.400000000000006,-83.799999999999997),(35.,-83.799999999999997)));
#2511=IFCINDEXEDPOLYCURVE(#2510,(IFCLINEINDEX((1,2,3,4,1))),$);
#2512=IFCARBITRARYPROFILEDEFWITHVOIDS(.AREA.,$,#2509,(#2511));
#2513=IFCCARTESIANPOINT((25.,90.,25.));
#2514=IFCDIRECTION((0.,-1.,0.));
#2515=IFCDIRECTION((1.,0.,0.));
#2516=IFCAXIS2PLACEMENT3D(#2513,#2514,#2515);
#2517=IFCDIRECTION((0.,0.,-1.));
#2518=IFCEXTRUDEDAREASOLID(#2512,#2516,#2517,35.);
#2519=IFCINDEXEDPOLYCURVE(#2520,(IFCLINEINDEX((1,2,3,4,1))),$);
#2520=IFCCARTESIANPOINTLIST2D(((35.,35.),(-83.400000000000006,35.),(-83.400000000000006,-83.799999999999997),(35.,-83.799999999999997)));
#2521=IFCARBITRARYCLOSEDPROFILEDEF(.AREA.,$,#2519);
#2522=IFCCARTESIANPOINT((25.,102.5,25.));
#2523=IFCDIRECTION((0.,-1.,0.));
#2524=IFCDIRECTION((1.,0.,0.));
#2525=IFCAXIS2PLACEMENT3D(#2522,#2523,#2524);
#2526=IFCDIRECTION((0.,0.,-1.));
#2527=IFCEXTRUDEDAREASOLID(#2521,#2525,#2526,10.);
#2528=IFCSHAPEREPRESENTATION(#11,'Body','SweptSolid',(#2496,#2507,#2518,#2527));
#2529=IFCPRODUCTDEFINITIONSHAPE($,$,(#2528));
#2535=IFCCARTESIANPOINT((6000.,200.,1000.0000000000005));
#2536=IFCDIRECTION((0.,0.,1.));
#2537=IFCDIRECTION((-1.,1.2246467991473532E-16,0.));
#2538=IFCAXIS2PLACEMENT3D(#2535,#2536,#2537);
#2539=IFCLOCALPLACEMENT(#28,#2538);
#2540=IFCWINDOW('3BoWrmVAb698ujz72$_afL',$,'Window 2-5',$,$,#2594,#2584,$,$,$,$,$,$);
#2541=IFCCARTESIANPOINTLIST2D(((0.,0.),(1.6000000000000001,0.),(1.6000000000000001,1.2),(0.,1.2)));
#2542=IFCINDEXEDPOLYCURVE(#2541,(IFCLINEINDEX((1,2,3,4,1))),$);
#2543=IFCCARTESIANPOINTLIST2D(((25.,25.),(-23.399999999999999,25.),(-23.399999999999999,-23.799999999999997),(25.,-23.799999999999997)));
#2544=IFCINDEXEDPOLYCURVE(#2543,(IFCLINEINDEX((1,2,3,4,1))),$);
#2545=IFCARBITRARYPROFILEDEFWITHVOIDS(.AREA.,$,#2542,(#2544));
#2546=IFCCARTESIANPOINT((0.,90.,0.));
#2547=IFCDIRECTION((0.,-1.,0.));
#2548=IFCDIRECTION((1.,0.,0.));
#2549=IFCAXIS2PLACEMENT3D(#2546,#2547,#2548);
#2550=IFCDIRECTION((0.,0.,-1.));
#2551=IFCEXTRUDEDAREASOLID(#2545,#2549,#2550,10.);
#2552=IFCCARTESIANPOINTLIST2D(((0.,0.),(1.6000000000000001,0.),(1.6000000000000001,1.2),(0.,1.2)));
#2553=IFCINDEXEDPOLYCURVE(#2552,(IFCLINEINDEX((1,2,3,4,1))),$);
#2554=IFCCARTESIANPOINTLIST2D(((50.,50.),(-48.400000000000006,50.),(-48.400000000000006,-48.799999999999997),(50.,-48.799999999999997)));
#2555=IFCINDEXEDPOLYCURVE(#2554,(IFCLINEINDEX((1,2,3,4,1))),$);
#2556=IFCARBITRARYPROFILEDEFWITHVOIDS(.AREA.,$,#2553,(#2555));
#2557=IFCCARTESIANPOINT((0.,50.,0.));
#2558=IFCDIRECTION((0.,-1.,0.));
#2559=IFCDIRECTION((1.,0.,0.));
#2560=IFCAXIS2PLACEMENT3D(#2557,#2558,#2559);
#2561=IFCDIRECTION((0.,0.,-1.));
#2562=IFCEXTRUDEDAREASOLID(#2556,#2560,#2561,40.);
#2563=IFCCARTESIANPOINTLIST2D(((0.,0.),(-48.399999999999999,0.),(-48.399999999999999,-48.799999999999997),(0.,-48.799999999999997)));
#2564=IFCINDEXEDPOLYCURVE(#2563,(IFCLINEINDEX((1,2,3,4,1))),$);
#2565=IFCCARTESIANPOINTLIST2D(((35.,35.),(-83.400000000000006,35.),(-83.400000000000006,-83.799999999999997),(35.,-83.799999999999997)));
#2566=IFCINDEXEDPOLYCURVE(#2565,(IFCLINEINDEX((1,2,3,4,1))),$);
#2567=IFCARBITRARYPROFILEDEFWITHVOIDS(.AREA.,$,#2564,(#2566));
#2568=IFCCARTESIANPOINT((25.,90.,25.));
#2569=IFCDIRECTION((0.,-1.,0.));
#2570=IFCDIRECTION((1.,0.,0.));
#2571=IFCAXIS2PLACEMENT3D(#2568,#2569,#2570);
#2572=IFCDIRECTION((0.,0.,-1.));
#2573=IFCEXTRUDEDAREASOLID(#2567,#2571,#2572,35.);
#2574=IFCINDEXEDPOLYCURVE(#2575,(IFCLINEINDEX((1,2,3,4,1))),$);
#2575=IFCCARTESIANPOINTLIST2D(((35.,35.),(-83.400000000000006,35.),(-83.400000000000006,-83.799999999999997),(35.,-83.799999999999997)));
#2576=IFCARBITRARYCLOSEDPROFILEDEF(.AREA.,$,#2574);
#2577=IFCCARTESIANPOINT((25.,102.5,25.));
#2578=IFCDIRECTION((0.,-1.,0.));
#2579=IFCDIRECTION((1.,0.,0.));
#2580=IFCAXIS2PLACEMENT3D(#2577,#2578,#2579);
#2581=IFCDIRECTION((0.,0.,-1.));
#2582=IFCEXTRUDEDAREASOLID(#2576,#2580,#2581,10.);
#2583=IFCSHAPEREPRESENTATION(#11,'Body','SweptSolid',(#2551,#2562,#2573,#2582));
#2584=IFCPRODUCTDEFINITIONSHAPE($,$,(#2583));
#2590=IFCCARTESIANPOINT((16000.,200.,1000.0000000000005));
#2591=IFCDIRECTION((0.,0.,1.));
#2592=IFCDIRECTION((-1.,1.2246467991473532E-16,0.));
#2593=IFCAXIS2PLACEMENT3D(#2590,#2591,#2592);
#2594=IFCLOCALPLACEMENT(#28,#2593);
#2595=IFCWINDOW('160hiA$YD3Sw7wbdYAIf4X',$,'Window 2-6',$,$,#2649,#2639,$,$,$,$,$,$);
#2596=IFCCARTESIANPOINTLIST2D(((0.,0.),(1.6000000000000001,0.),(1.6000000000000001,1.2),(0.,1.2)));
#2597=IFCINDEXEDPOLYCURVE(#2596,(IFCLINEINDEX((1,2,3,4,1))),$);
#2598=IFCCARTESIANPOINTLIST2D(((25.,25.),(-23.399999999999999,25.),(-23.399999999999999,-23.799999999999997),(25.,-23.799999999999997)));
#2599=IFCINDEXEDPOLYCURVE(#2598,(IFCLINEINDEX((1,2,3,4,1))),$);
#2600=IFCARBITRARYPROFILEDEFWITHVOIDS(.AREA.,$,#2597,(#2599));
#2601=IFCCARTESIANPOINT((0.,90.,0.));
#2602=IFCDIRECTION((0.,-1.,0.));
#2603=IFCDIRECTION((1.,0.,0.));
#2604=IFCAXIS2PLACEMENT3D(#2601,#2602,#2603);
#2605=IFCDIRECTION((0.,0.,-1.));
#2606=IFCEXTRUDEDAREASOLID(#2600,#2604,#2605,10.);
#2607=IFCCARTESIANPOINTLIST2D(((0.,0.),(1.6000000000000001,0.),(1.6000000000000001,1.2),(0.,1.2)));
#2608=IFCINDEXEDPOLYCURVE(#2607,(IFCLINEINDEX((1,2,3,4,1))),$);
#2609=IFCCARTESIANPOINTLIST2D(((50.,50.),(-48.400000000000006,50.),(-48.400000000000006,-48.799999999999997),(50.,-48.799999999999997)));
#2610=IFCINDEXEDPOLYCURVE(#2609,(IFCLINEINDEX((1,2,3,4,1))),$);
#2611=IFCARBITRARYPROFILEDEFWITHVOIDS(.AREA.,$,#2608,(#2610));
#2612=IFCCARTESIANPOINT((0.,50.,0.));
#2613=IFCDIRECTION((0.,-1.,0.));
#2614=IFCDIRECTION((1.,0.,0.));
#2615=IFCAXIS2PLACEMENT3D(#2612,#2613,#2614);
#2616=IFCDIRECTION((0.,0.,-1.));
#2617=IFCEXTRUDEDAREASOLID(#2611,#2615,#2616,40.);
#2618=IFCCARTESIANPOINTLIST2D(((0.,0.),(-48.399999999999999,0.),(-48.399999999999999,-48.799999999999997),(0.,-48.799999999999997)));
#2619=IFCINDEXEDPOLYCURVE(#2618,(IFCLINEINDEX((1,2,3,4,1))),$);
#2620=IFCCARTESIANPOINTLIST2D(((35.,35.),(-83.400000000000006,35.),(-83.400000000000006,-83.799999999999997),(35.,-83.799999999999997)));
#2621=IFCINDEXEDPOLYCURVE(#2620,(IFCLINEINDEX((1,2,3,4,1))),$);
#2622=IFCARBITRARYPROFILEDEFWITHVOIDS(.AREA.,$,#2619,(#2621));
#2623=IFCCARTESIANPOINT((25.,90.,25.));
#2624=IFCDIRECTION((0.,-1.,0.));
#2625=IFCDIRECTION((1.,0.,0.));
#2626=IFCAXIS2PLACEMENT3D(#2623,#2624,#2625);
#2627=IFCDIRECTION((0.,0.,-1.));
#2628=IFCEXTRUDEDAREASOLID(#2622,#2626,#2627,35.);
#2629=IFCINDEXEDPOLYCURVE(#2630,(IFCLINEINDEX((1,2,3,4,1))),$);
#2630=IFCCARTESIANPOINTLIST2D(((35.,35.),(-83.400000000000006,35.),(-83.400000000000006,-83.799999999999997),(35.,-83.799999999999997)));
#2631=IFCARBITRARYCLOSEDPROFILEDEF(.AREA.,$,#2629);
#2632=IFCCARTESIANPOINT((25.,102.5,25.));
#2633=IFCDIRECTION((0.,-1.,0.));
#2634=IFCDIRECTION((1.,0.,0.));
#2635=IFCAXIS2PLACEMENT3D(#2632,#2633,#2634);
#2636=IFCDIRECTION((0.,0.,-1.));
#2637=IFCEXTRUDEDAREASOLID(#2631,#2635,#2636,10.);
#2638=IFCSHAPEREPRESENTATION(#11,'Body','SweptSolid',(#2606,#2617,#2628,#2637));
#2639=IFCPRODUCTDEFINITIONSHAPE($,$,(#2638));
#2645=IFCCARTESIANPOINT((26500.,200.,1000.0000000000005));
#2646=IFCDIRECTION((0.,0.,1.));
#2647=IFCDIRECTION((-1.,1.2246467991473532E-16,0.));
#2648=IFCAXIS2PLACEMENT3D(#2645,#2646,#2647);
#2649=IFCLOCALPLACEMENT(#28,#2648);
#2650=IFCWINDOW('0cJnZPQkf5yezJSFuNpgF5',$,'Window 2-7',$,$,#2704,#2694,$,$,$,$,$,$);
#2651=IFCCARTESIANPOINTLIST2D(((0.,0.),(1.,0.),(1.,1.2),(0.,1.2)));
#2652=IFCINDEXEDPOLYCURVE(#2651,(IFCLINEINDEX((1,2,3,4,1))),$);
#2653=IFCCARTESIANPOINTLIST2D(((25.,25.),(-24.,25.),(-24.,-23.799999999999997),(25.,-23.799999999999997)));
#2654=IFCINDEXEDPOLYCURVE(#2653,(IFCLINEINDEX((1,2,3,4,1))),$);
#2655=IFCARBITRARYPROFILEDEFWITHVOIDS(.AREA.,$,#2652,(#2654));
#2656=IFCCARTESIANPOINT((0.,90.,0.));
#2657=IFCDIRECTION((0.,-1.,0.));
#2658=IFCDIRECTION((1.,0.,0.));
#2659=IFCAXIS2PLACEMENT3D(#2656,#2657,#2658);
#2660=IFCDIRECTION((0.,0.,-1.));
#2661=IFCEXTRUDEDAREASOLID(#2655,#2659,#2660,10.);
#2662=IFCCARTESIANPOINTLIST2D(((0.,0.),(1.,0.),(1.,1.2),(0.,1.2)));
#2663=IFCINDEXEDPOLYCURVE(#2662,(IFCLINEINDEX((1,2,3,4,1))),$);
#2664=IFCCARTESIANPOINTLIST2D(((50.,50.),(-49.,50.),(-49.,-48.799999999999997),(50.,-48.799999999999997)));
#2665=IFCINDEXEDPOLYCURVE(#2664,(IFCLINEINDEX((1,2,3,4,1))),$);
#2666=IFCARBITRARYPROFILEDEFWITHVOIDS(.AREA.,$,#2663,(#2665));
#2667=IFCCARTESIANPOINT((0.,50.,0.));
#2668=IFCDIRECTION((0.,-1.,0.));
#2669=IFCDIRECTION((1.,0.,0.));
#2670=IFCAXIS2PLACEMENT3D(#2667,#2668,#2669);
#2671=IFCDIRECTION((0.,0.,-1.));
#2672=IFCEXTRUDEDAREASOLID(#2666,#2670,#2671,40.);
#2673=IFCCARTESIANPOINTLIST2D(((0.,0.),(-49.,0.),(-49.,-48.799999999999997),(0.,-48.799999999999997)));
#2674=IFCINDEXEDPOLYCURVE(#2673,(IFCLINEINDEX((1,2,3,4,1))),$);
#2675=IFCCARTESIANPOINTLIST2D(((35.,35.),(-84.,35.),(-84.,-83.799999999999997),(35.,-83.799999999999997)));
#2676=IFCINDEXEDPOLYCURVE(#2675,(IFCLINEINDEX((1,2,3,4,1))),$);
#2677=IFCARBITRARYPROFILEDEFWITHVOIDS(.AREA.,$,#2674,(#2676));
#2678=IFCCARTESIANPOINT((25.,90.,25.));
#2679=IFCDIRECTION((0.,-1.,0.));
#2680=IFCDIRECTION((1.,0.,0.));
#2681=IFCAXIS2PLACEMENT3D(#2678,#2679,#2680);
#2682=IFCDIRECTION((0.,0.,-1.));
#2683=IFCEXTRUDEDAREASOLID(#2677,#2681,#2682,35.);
#2684=IFCINDEXEDPOLYCURVE(#2685,(IFCLINEINDEX((1,2,3,4,1))),$);
#2685=IFCCARTESIANPOINTLIST2D(((35.,35.),(-84.,35.),(-84.,-83.799999999999997),(35.,-83.799999999999997)));
#2686=IFCARBITRARYCLOSEDPROFILEDEF(.AREA.,$,#2684);
#2687=IFCCARTESIANPOINT((25.,102.5,25.));
#2688=IFCDIRECTION((0.,-1.,0.));
#2689=IFCDIRECTION((1.,0.,0.));
#2690=IFCAXIS2PLACEMENT3D(#2687,#2688,#2689);
#2691=IFCDIRECTION((0.,0.,-1.));
#2692=IFCEXTRUDEDAREASOLID(#2686,#2690,#2691,10.);
#2693=IFCSHAPEREPRESENTATION(#11,'Body','SweptSolid',(#2661,#2672,#2683,#2692));
#2694=IFCPRODUCTDEFINITIONSHAPE($,$,(#2693));
#2700=IFCCARTESIANPOINT((33500.,2500.,1000.0000000000005));
#2701=IFCDIRECTION((0.,0.,1.));
#2702=IFCDIRECTION((6.123233995736766E-17,1.,0.));
#2703=IFCAXIS2PLACEMENT3D(#2700,#2701,#2702);
#2704=IFCLOCALPLACEMENT(#28,#2703);
#2705=IFCSLAB('0tbttTMGn5_QIiD0oafO_y',$,'Floor 3',$,$,#2723,#2712,$,$);
#2706=IFCCARTESIANPOINTLIST2D(((0.,0.),(36000.,0.),(36000.,12000.),(0.,12000.),(0.,0.)));
#2707=IFCINDEXEDPOLYCURVE(#2706,$,$);
#2708=IFCDIRECTION((0.,0.,1.));
#2709=IFCARBITRARYCLOSEDPROFILEDEF(.AREA.,$,#2707);
#2710=IFCEXTRUDEDAREASOLID(#2709,$,#2708,250.);
#2711=IFCSHAPEREPRESENTATION(#11,'Body','SweptSolid',(#2710));
#2712=IFCPRODUCTDEFINITIONSHAPE($,$,(#2711));
#2718=IFCRELCONTAINEDINSPATIALSTRUCTURE('3Z2UvVUIzDSuVEH_txR2OZ',$,$,$,(#3985,#3765,#3315,#3820,#3875,#4040,#2768,#2790,#3230,#3570,#3930,#2957,#2705,#3485,#3400,#3145,#3060,#3710,#2975,#3655,#2724,#2746),#29);
#2719=IFCCARTESIANPOINT((0.,0.,0.));
#2720=IFCDIRECTION((0.,0.,1.));
#2721=IFCDIRECTION((1.,0.,0.));
#2722=IFCAXIS2PLACEMENT3D(#2719,#2720,#2721);
#2723=IFCLOCALPLACEMENT(#34,#2722);
#2724=IFCWALL('1DcN4Apcr2JfeWk6uCwsqu',$,'Ext 3 1',$,$,#2745,#2740,$,$);
#2725=IFCCARTESIANPOINTLIST2D(((0.,0.),(0.,250.),(36000.,250.),(36000.,0.),(0.,0.)));
#2726=IFCINDEXEDPOLYCURVE(#2725,$,.F.);
#2727=IFCDIRECTION((0.,0.,1.));
#2728=IFCARBITRARYCLOSEDPROFILEDEF(.AREA.,$,#2726);
#2729=IFCCARTESIANPOINT((0.,0.,0.));
#2730=IFCDIRECTION((0.,0.,1.));
#2731=IFCDIRECTION((1.,0.,0.));
#2732=IFCAXIS2PLACEMENT3D(#2729,#2730,#2731);
#2733=IFCEXTRUDEDAREASOLID(#2728,#2732,#2727,3100.);
#2734=IFCSHAPEREPRESENTATION(#11,'Body','SweptSolid',(#2733));
#2740=IFCPRODUCTDEFINITIONSHAPE($,$,(#2734));
#2741=IFCCARTESIANPOINT((0.,0.,0.));
#2742=IFCDIRECTION((0.,0.,1.));
#2743=IFCDIRECTION((1.,0.,0.));
#2744=IFCAXIS2PLACEMENT3D(#2741,#2742,#2743);
#2745=IFCLOCALPLACEMENT(#34,#2744);
#2746=IFCWALL('1yPGwyDfLAfhmwx0xiF29p',$,'Ext 3 2',$,$,#2767,#2762,$,$);
#2747=IFCCARTESIANPOINTLIST2D(((0.,0.),(0.,250.),(12000.,250.),(12000.,0.),(0.,0.)));
#2748=IFCINDEXEDPOLYCURVE(#2747,$,.F.);
#2749=IFCDIRECTION((0.,0.,1.));
#2750=IFCARBITRARYCLOSEDPROFILEDEF(.AREA.,$,#2748);
#2751=IFCCARTESIANPOINT((0.,0.,0.));
#2752=IFCDIRECTION((0.,0.,1.));
#2753=IFCDIRECTION((1.,0.,0.));
#2754=IFCAXIS2PLACEMENT3D(#2751,#2752,#2753);
#2755=IFCEXTRUDEDAREASOLID(#2750,#2754,#2749,3100.);
#2756=IFCSHAPEREPRESENTATION(#11,'Body','SweptSolid',(#2755));
#2762=IFCPRODUCTDEFINITIONSHAPE($,$,(#2756));
#2763=IFCCARTESIANPOINT((36000.,0.,0.));
#2764=IFCDIRECTION((0.,0.,1.));
#2765=IFCDIRECTION((0.,1.,0.));
#2766=IFCAXIS2PLACEMENT3D(#2763,#2764,#2765);
#2767=IFCLOCALPLACEMENT(#34,#2766);
#2768=IFCWALL('0SzC_PWUb1ZgPq6hzsZ1Jt',$,'Ext 3 3',$,$,#2789,#2784,$,$);
#2769=IFCCARTESIANPOINTLIST2D(((0.,0.),(0.,250.),(36000.,250.),(36000.,0.),(0.,0.)));
#2770=IFCINDEXEDPOLYCURVE(#2769,$,.F.);
#2771=IFCDIRECTION((0.,0.,1.));
#2772=IFCARBITRARYCLOSEDPROFILEDEF(.AREA.,$,#2770);
#2773=IFCCARTESIANPOINT((0.,0.,0.));
#2774=IFCDIRECTION((0.,0.,1.));
#2775=IFCDIRECTION((1.,0.,0.));
#2776=IFCAXIS2PLACEMENT3D(#2773,#2774,#2775);
#2777=IFCEXTRUDEDAREASOLID(#2772,#2776,#2771,3100.);
#2778=IFCSHAPEREPRESENTATION(#11,'Body','SweptSolid',(#2777));
#2784=IFCPRODUCTDEFINITIONSHAPE($,$,(#2778));
#2785=IFCCARTESIANPOINT((36000.,12000.,0.));
#2786=IFCDIRECTION((0.,0.,1.));
#2787=IFCDIRECTION((-1.,0.,0.));
#2788=IFCAXIS2PLACEMENT3D(#2785,#2786,#2787);
#2789=IFCLOCALPLACEMENT(#34,#2788);
#2790=IFCWALL('337OEUpnrEyOXr3qtEv9I_',$,'Ext 3 4',$,$,#2811,#2806,$,$);
#2791=IFCCARTESIANPOINTLIST2D(((0.,0.),(0.,250.),(12000.,250.),(12000.,0.),(0.,0.)));
#2792=IFCINDEXEDPOLYCURVE(#2791,$,.F.);
#2793=IFCDIRECTION((0.,0.,1.));
#2794=IFCARBITRARYCLOSEDPROFILEDEF(.AREA.,$,#2792);
#2795=IFCCARTESIANPOINT((0.,0.,0.));
#2796=IFCDIRECTION((0.,0.,1.));
#2797=IFCDIRECTION((1.,0.,0.));
#2798=IFCAXIS2PLACEMENT3D(#2795,#2796,#2797);
#2799=IFCEXTRUDEDAREASOLID(#2794,#2798,#2793,3100.);
#2800=IFCSHAPEREPRESENTATION(#11,'Body','SweptSolid',(#2799));
#2806=IFCPRODUCTDEFINITIONSHAPE($,$,(#2800));
#2807=IFCCARTESIANPOINT((0.,12000.,0.));
#2808=IFCDIRECTION((0.,0.,1.));
#2809=IFCDIRECTION((0.,-1.,0.));
#2810=IFCAXIS2PLACEMENT3D(#2807,#2808,#2809);
#2811=IFCLOCALPLACEMENT(#34,#2810);
#2812=IFCSPACE('0ZhnLD1VXEWhUNyG7g5MCj',$,'Corridor L3',$,$,#2830,#2819,$,$,$,$);
#2813=IFCCARTESIANPOINTLIST2D(((2500.,5000.),(33500.,5000.),(33500.,7000.),(2500.,7000.),(2500.,5000.)));
#2814=IFCINDEXEDPOLYCURVE(#2813,$,$);
#2815=IFCDIRECTION((0.,0.,1.));
#2816=IFCARBITRARYCLOSEDPROFILEDEF(.AREA.,$,#2814);
#2817=IFCEXTRUDEDAREASOLID(#2816,$,#2815,3000.);
#2818=IFCSHAPEREPRESENTATION(#11,'Body','SweptSolid',(#2817));
#2819=IFCPRODUCTDEFINITIONSHAPE($,$,(#2818));
#2825=IFCRELAGGREGATES('0WQHhFri548uEZ2QckgWwG',$,$,$,#29,(#2812,#2939,#2885,#2831,#2921,#2867,#2849,#2903));
#2826=IFCCARTESIANPOINT((0.,0.,0.));
#2827=IFCDIRECTION((0.,0.,1.));
#2828=IFCDIRECTION((1.,0.,0.));
#2829=IFCAXIS2PLACEMENT3D(#2826,#2827,#2828);
#2830=IFCLOCALPLACEMENT(#34,#2829);
#2831=IFCSPACE('3G2fCRETTC3QLrNJIKlPJN',$,'Student Room 1 L3',$,$,#2848,#2838,$,$,$,$);
#2832=IFCCARTESIANPOINTLIST2D(((4000.,7000.),(13500.,7000.),(13500.,12000.),(4000.,12000.),(4000.,7000.)));
#2833=IFCINDEXEDPOLYCURVE(#2832,$,$);
#2834=IFCDIRECTION((0.,0.,1.));
#2835=IFCARBITRARYCLOSEDPROFILEDEF(.AREA.,$,#2833);
#2836=IFCEXTRUDEDAREASOLID(#2835,$,#2834,3000.);
#2837=IFCSHAPEREPRESENTATION(#11,'Body','SweptSolid',(#2836));
#2838=IFCPRODUCTDEFINITIONSHAPE($,$,(#2837));
#2844=IFCCARTESIANPOINT((0.,0.,0.));
#2845=IFCDIRECTION((0.,0.,1.));
#2846=IFCDIRECTION((1.,0.,0.));
#2847=IFCAXIS2PLACEMENT3D(#2844,#2845,#2846);
#2848=IFCLOCALPLACEMENT(#34,#2847);
#2849=IFCSPACE('2Dvfai6BLAePg6SRx3vcod',$,'Student Room 2 L3',$,$,#2866,#2856,$,$,$,$);
#2850=IFCCARTESIANPOINTLIST2D(((13500.,7000.),(23000.,7000.),(23000.,12000.),(13500.,12000.),(13500.,7000.)));
#2851=IFCINDEXEDPOLYCURVE(#2850,$,$);
#2852=IFCDIRECTION((0.,0.,1.));
#2853=IFCARBITRARYCLOSEDPROFILEDEF(.AREA.,$,#2851);
#2854=IFCEXTRUDEDAREASOLID(#2853,$,#2852,3000.);
#2855=IFCSHAPEREPRESENTATION(#11,'Body','SweptSolid',(#2854));
#2856=IFCPRODUCTDEFINITIONSHAPE($,$,(#2855));
#2862=IFCCARTESIANPOINT((0.,0.,0.));
#2863=IFCDIRECTION((0.,0.,1.));
#2864=IFCDIRECTION((1.,0.,0.));
#2865=IFCAXIS2PLACEMENT3D(#2862,#2863,#2864);
#2866=IFCLOCALPLACEMENT(#34,#2865);
#2867=IFCSPACE('2MqkaqCar3DByklnY6KBW$',$,'Student Room 3 L3',$,$,#2884,#2874,$,$,$,$);
#2868=IFCCARTESIANPOINTLIST2D(((23000.,7000.),(33000.,7000.),(33000.,12000.),(23000.,12000.),(23000.,7000.)));
#2869=IFCINDEXEDPOLYCURVE(#2868,$,$);
#2870=IFCDIRECTION((0.,0.,1.));
#2871=IFCARBITRARYCLOSEDPROFILEDEF(.AREA.,$,#2869);
#2872=IFCEXTRUDEDAREASOLID(#2871,$,#2870,3000.);
#2873=IFCSHAPEREPRESENTATION(#11,'Body','SweptSolid',(#2872));
#2874=IFCPRODUCTDEFINITIONSHAPE($,$,(#2873));
#2880=IFCCARTESIANPOINT((0.,0.,0.));
#2881=IFCDIRECTION((0.,0.,1.));
#2882=IFCDIRECTION((1.,0.,0.));
#2883=IFCAXIS2PLACEMENT3D(#2880,#2881,#2882);
#2884=IFCLOCALPLACEMENT(#34,#2883);
#2885=IFCSPACE('1zWWAUBMnBfxUg$HgWrDYR',$,'Student Room 4 L3',$,$,#2902,#2892,$,$,$,$);
#2886=IFCCARTESIANPOINTLIST2D(((4000.,0.),(13500.,0.),(13500.,5000.),(4000.,5000.),(4000.,0.)));
#2887=IFCINDEXEDPOLYCURVE(#2886,$,$);
#2888=IFCDIRECTION((0.,0.,1.));
#2889=IFCARBITRARYCLOSEDPROFILEDEF(.AREA.,$,#2887);
#2890=IFCEXTRUDEDAREASOLID(#2889,$,#2888,3000.);
#2891=IFCSHAPEREPRESENTATION(#11,'Body','SweptSolid',(#2890));
#2892=IFCPRODUCTDEFINITIONSHAPE($,$,(#2891));
#2898=IFCCARTESIANPOINT((0.,0.,0.));
#2899=IFCDIRECTION((0.,0.,1.));
#2900=IFCDIRECTION((1.,0.,0.));
#2901=IFCAXIS2PLACEMENT3D(#2898,#2899,#2900);
#2902=IFCLOCALPLACEMENT(#34,#2901);
#2903=IFCSPACE('0iGnf4H2vF79skORnq9kmY',$,'Student Room 5 L3',$,$,#2920,#2910,$,$,$,$);
#2904=IFCCARTESIANPOINTLIST2D(((13500.,0.),(23000.,0.),(23000.,5000.),(13500.,5000.),(13500.,0.)));
#2905=IFCINDEXEDPOLYCURVE(#2904,$,$);
#2906=IFCDIRECTION((0.,0.,1.));
#2907=IFCARBITRARYCLOSEDPROFILEDEF(.AREA.,$,#2905);
#2908=IFCEXTRUDEDAREASOLID(#2907,$,#2906,3000.);
#2909=IFCSHAPEREPRESENTATION(#11,'Body','SweptSolid',(#2908));
#2910=IFCPRODUCTDEFINITIONSHAPE($,$,(#2909));
#2916=IFCCARTESIANPOINT((0.,0.,0.));
#2917=IFCDIRECTION((0.,0.,1.));
#2918=IFCDIRECTION((1.,0.,0.));
#2919=IFCAXIS2PLACEMENT3D(#2916,#2917,#2918);
#2920=IFCLOCALPLACEMENT(#34,#2919);
#2921=IFCSPACE('29f2SuyTv6PRa5qtGE_8XL',$,'Student Room 6 L3',$,$,#2938,#2928,$,$,$,$);
#2922=IFCCARTESIANPOINTLIST2D(((23000.,0.),(31000.,0.),(31000.,5000.),(23000.,5000.),(23000.,0.)));
#2923=IFCINDEXEDPOLYCURVE(#2922,$,$);
#2924=IFCDIRECTION((0.,0.,1.));
#2925=IFCARBITRARYCLOSEDPROFILEDEF(.AREA.,$,#2923);
#2926=IFCEXTRUDEDAREASOLID(#2925,$,#2924,3000.);
#2927=IFCSHAPEREPRESENTATION(#11,'Body','SweptSolid',(#2926));
#2928=IFCPRODUCTDEFINITIONSHAPE($,$,(#2927));
#2934=IFCCARTESIANPOINT((0.,0.,0.));
#2935=IFCDIRECTION((0.,0.,1.));
#2936=IFCDIRECTION((1.,0.,0.));
#2937=IFCAXIS2PLACEMENT3D(#2934,#2935,#2936);
#2938=IFCLOCALPLACEMENT(#34,#2937);
#2939=IFCSPACE('2DUWCYcZH1PAbZW3SggeE_',$,'Bath L3',$,$,#2956,#2946,$,$,$,$);
#2940=IFCCARTESIANPOINTLIST2D(((31000.,0.),(36000.,0.),(36000.,5000.),(31000.,5000.),(31000.,0.)));
#2941=IFCINDEXEDPOLYCURVE(#2940,$,$);
#2942=IFCDIRECTION((0.,0.,1.));
#2943=IFCARBITRARYCLOSEDPROFILEDEF(.AREA.,$,#2941);
#2944=IFCEXTRUDEDAREASOLID(#2943,$,#2942,3000.);
#2945=IFCSHAPEREPRESENTATION(#11,'Body','SweptSolid',(#2944));
#2946=IFCPRODUCTDEFINITIONSHAPE($,$,(#2945));
#2952=IFCCARTESIANPOINT((0.,0.,0.));
#2953=IFCDIRECTION((0.,0.,1.));
#2954=IFCDIRECTION((1.,0.,0.));
#2955=IFCAXIS2PLACEMENT3D(#2952,#2953,#2954);
#2956=IFCLOCALPLACEMENT(#34,#2955);
#2957=IFCSTAIR('0x4lYTvVj0LOSKI6wdaGH5',$,'Stair L3',$,$,#2974,#2964,$,$);
#2958=IFCCARTESIANPOINTLIST2D(((0.,0.),(2799.9999999999995,0.),(2799.9999999999995,5403.702434442519),(0.,5403.702434442519),(0.,0.)));
#2959=IFCINDEXEDPOLYCURVE(#2958,$,$);
#2960=IFCDIRECTION((0.,0.62919822866796449,0.77724487070748549));
#2961=IFCARBITRARYCLOSEDPROFILEDEF(.AREA.,$,#2959);
#2962=IFCEXTRUDEDAREASOLID(#2961,$,#2960,321.64895443110231);
#2963=IFCSHAPEREPRESENTATION(#11,'Body','SweptSolid',(#2962));
#2964=IFCPRODUCTDEFINITIONSHAPE($,$,(#2963));
#2970=IFCCARTESIANPOINT((300.,600.,0.));
#2971=IFCDIRECTION((0.,0.,1.));
#2972=IFCDIRECTION((1.,0.,0.));
#2973=IFCAXIS2PLACEMENT3D(#2970,#2971,#2972);
#2974=IFCLOCALPLACEMENT(#34,#2973);
#2975=IFCDOOR('1Rfh77inrEKgAr8a37oQV3',$,'Door 3-1',$,$,#3059,#3049,$,$,$,$,$,$);
#2976=IFCCARTESIANPOINTLIST2D(((0.,0.),(0.,2.1000000000000001),(1.,2.1000000000000001),(1.,0.),(-24.,0.),(-24.,-22.899999999999999),(25.,-22.899999999999999),(25.,0.)));
#2977=IFCINDEXEDPOLYCURVE(#2976,(IFCLINEINDEX((1,2,3,4,5,6,7,8,1))),$);
#2978=IFCARBITRARYCLOSEDPROFILEDEF(.AREA.,$,#2977);
#2979=IFCCARTESIANPOINT((0.,25.,0.));
#2980=IFCDIRECTION((0.,-1.,0.));
#2981=IFCDIRECTION((1.,0.,0.));
#2982=IFCAXIS2PLACEMENT3D(#2979,#2980,#2981);
#2983=IFCDIRECTION((0.,0.,-1.));
#2984=IFCEXTRUDEDAREASOLID(#2978,#2982,#2983,25.);
#2985=IFCCARTESIANPOINTLIST2D(((0.,0.),(0.,2.1000000000000001),(1.,2.1000000000000001),(1.,0.),(-49.,0.),(-49.,-47.899999999999999),(50.,-47.899999999999999),(50.,0.)));
#2986=IFCINDEXEDPOLYCURVE(#2985,(IFCLINEINDEX((1,2,3,4,5,6,7,8,1))),$);
#2987=IFCARBITRARYCLOSEDPROFILEDEF(.AREA.,$,#2986);
#2988=IFCCARTESIANPOINT((0.,0.,0.));
#2989=IFCDIRECTION((0.,-1.,0.));
#2990=IFCDIRECTION((1.,0.,0.));
#2991=IFCAXIS2PLACEMENT3D(#2988,#2989,#2990);
#2992=IFCDIRECTION((0.,0.,-1.));
#2993=IFCEXTRUDEDAREASOLID(#2987,#2991,#2992,25.);
#2994=IFCCARTESIANPOINTLIST2D(((0.,0.),(-99.,0.),(-99.,100.),(0.,100.)));
#2995=IFCINDEXEDPOLYCURVE(#2994,(IFCLINEINDEX((1,2,3,4,1))),$);
#2996=IFCARBITRARYCLOSEDPROFILEDEF(.AREA.,$,#2995);
#2997=IFCCARTESIANPOINT((50.,0.,0.));
#2998=IFCDIRECTION((0.,0.,1.));
#2999=IFCDIRECTION((1.,0.,0.));
#3000=IFCAXIS2PLACEMENT3D(#2997,#2998,#2999);
#3001=IFCDIRECTION((0.,0.,1.));
#3002=IFCEXTRUDEDAREASOLID(#2996,#3000,#3001,25.);
#3003=IFCCARTESIANPOINTLIST2D(((0.,0.),(0.,27.100000000000001),(51.,27.100000000000001),(51.,0.),(-24.,0.),(-24.,-47.899999999999999),(75.,-47.899999999999999),(75.,0.)));
#3004=IFCINDEXEDPOLYCURVE(#3003,(IFCLINEINDEX((1,2,3,4,5,6,7,8,1))),$);
#3005=IFCARBITRARYCLOSEDPROFILEDEF(.AREA.,$,#3004);
#3006=IFCCARTESIANPOINT((-25.,-5.,0.));
#3007=IFCDIRECTION((0.,-1.,0.));
#3008=IFCDIRECTION((1.,0.,0.));
#3009=IFCAXIS2PLACEMENT3D(#3006,#3007,#3008);
#3010=IFCDIRECTION((0.,0.,-1.));
#3011=IFCEXTRUDEDAREASOLID(#3005,#3009,#3010,5.);
#3012=IFCCARTESIANPOINTLIST2D(((0.,0.),(0.,27.100000000000001),(51.,27.100000000000001),(51.,0.),(1.,0.),(1.,-22.899999999999999),(50.,-22.899999999999999),(50.,0.)));
#3013=IFCINDEXEDPOLYCURVE(#3012,(IFCLINEINDEX((1,2,3,4,5,6,7,8,1))),$);
#3014=IFCARBITRARYCLOSEDPROFILEDEF(.AREA.,$,#3013);
#3015=IFCCARTESIANPOINT((-25.,50.,0.));
#3016=IFCDIRECTION((0.,-1.,0.));
#3017=IFCDIRECTION((1.,0.,0.));
#3018=IFCAXIS2PLACEMENT3D(#3015,#3016,#3017);
#3019=IFCDIRECTION((0.,0.,-1.));
#3020=IFCEXTRUDEDAREASOLID(#3014,#3018,#3019,5.);
#3021=IFCCARTESIANPOINTLIST2D(((0.,0.),(-49.,0.),(-49.,35.),(0.,35.)));
#3022=IFCINDEXEDPOLYCURVE(#3021,(IFCLINEINDEX((1,2,3,4,1))),$);
#3023=IFCARBITRARYCLOSEDPROFILEDEF(.AREA.,$,#3022);
#3024=IFCCARTESIANPOINT((25.,25.,25.));
#3025=IFCDIRECTION((0.,0.,1.));
#3026=IFCDIRECTION((1.,0.,0.));
#3027=IFCAXIS2PLACEMENT3D(#3024,#3025,#3026);
#3028=IFCDIRECTION((0.,0.,1.));
#3029=IFCEXTRUDEDAREASOLID(#3023,#3027,#3028,-47.899999999999999);
#3030=IFCCARTESIANPOINTLIST2D(((0.,0.),(0.,-40.),(-120.,-40.),(-120.,-20.),(-20.,-20.),(-20.,0.)));
#3031=IFCINDEXEDPOLYCURVE(#3030,(IFCLINEINDEX((1,2,3,4,5,6,1))),$);
#3032=IFCARBITRARYCLOSEDPROFILEDEF(.AREA.,$,#3031);
#3033=IFCCARTESIANPOINT((-74.,25.,1015.));
#3034=IFCDIRECTION((0.,0.,1.));
#3035=IFCDIRECTION((1.,0.,0.));
#3036=IFCAXIS2PLACEMENT3D(#3033,#3034,#3035);
#3037=IFCDIRECTION((0.,0.,1.));
#3038=IFCEXTRUDEDAREASOLID(#3032,#3036,#3037,20.);
#3039=IFCEXTRUDEDAREASOLID(#3040,#3043,#3047,20.);
#3040=IFCARBITRARYCLOSEDPROFILEDEF(.AREA.,$,#3041);
#3041=IFCINDEXEDPOLYCURVE(#3042,(IFCLINEINDEX((1,2,3,4,5,6,1))),$);
#3042=IFCCARTESIANPOINTLIST2D(((0.,0.),(0.,40.),(-120.,40.),(-120.,20.),(-20.,20.),(-20.,0.)));
#3043=IFCAXIS2PLACEMENT3D(#3044,#3045,#3046);
#3044=IFCCARTESIANPOINT((-74.,60.,1015.));
#3045=IFCDIRECTION((0.,0.,1.));
#3046=IFCDIRECTION((1.,0.,0.));
#3047=IFCDIRECTION((0.,0.,1.));
#3048=IFCSHAPEREPRESENTATION(#11,'Body','SweptSolid',(#2984,#2993,#3029,#3038,#3039,#3002,#3011,#3020));
#3049=IFCPRODUCTDEFINITIONSHAPE($,$,(#3048));
#3055=IFCCARTESIANPOINT((8500.,6000.,0.));
#3056=IFCDIRECTION((0.,0.,1.));
#3057=IFCDIRECTION((1.,0.,0.));
#3058=IFCAXIS2PLACEMENT3D(#3055,#3056,#3057);
#3059=IFCLOCALPLACEMENT(#34,#3058);
#3060=IFCDOOR('0v$$69LUbAcA4WYZ_uwvu5',$,'Door 3-2',$,$,#3144,#3134,$,$,$,$,$,$);
#3061=IFCCARTESIANPOINTLIST2D(((0.,0.),(0.,2.1000000000000001),(1.,2.1000000000000001),(1.,0.),(-24.,0.),(-24.,-22.899999999999999),(25.,-22.899999999999999),(25.,0.)));
#3062=IFCINDEXEDPOLYCURVE(#3061,(IFCLINEINDEX((1,2,3,4,5,6,7,8,1))),$);
#3063=IFCARBITRARYCLOSEDPROFILEDEF(.AREA.,$,#3062);
#3064=IFCCARTESIANPOINT((0.,25.,0.));
#3065=IFCDIRECTION((0.,-1.,0.));
#3066=IFCDIRECTION((1.,0.,0.));
#3067=IFCAXIS2PLACEMENT3D(#3064,#3065,#3066);
#3068=IFCDIRECTION((0.,0.,-1.));
#3069=IFCEXTRUDEDAREASOLID(#3063,#3067,#3068,25.);
#3070=IFCCARTESIANPOINTLIST2D(((0.,0.),(0.,2.1000000000000001),(1.,2.1000000000000001),(1.,0.),(-49.,0.),(-49.,-47.899999999999999),(50.,-47.899999999999999),(50.,0.)));
#3071=IFCINDEXEDPOLYCURVE(#3070,(IFCLINEINDEX((1,2,3,4,5,6,7,8,1))),$);
#3072=IFCARBITRARYCLOSEDPROFILEDEF(.AREA.,$,#3071);
#3073=IFCCARTESIANPOINT((0.,0.,0.));
#3074=IFCDIRECTION((0.,-1.,0.));
#3075=IFCDIRECTION((1.,0.,0.));
#3076=IFCAXIS2PLACEMENT3D(#3073,#3074,#3075);
#3077=IFCDIRECTION((0.,0.,-1.));
#3078=IFCEXTRUDEDAREASOLID(#3072,#3076,#3077,25.);
#3079=IFCCARTESIANPOINTLIST2D(((0.,0.),(-99.,0.),(-99.,100.),(0.,100.)));
#3080=IFCINDEXEDPOLYCURVE(#3079,(IFCLINEINDEX((1,2,3,4,1))),$);
#3081=IFCARBITRARYCLOSEDPROFILEDEF(.AREA.,$,#3080);
#3082=IFCCARTESIANPOINT((50.,0.,0.));
#3083=IFCDIRECTION((0.,0.,1.));
#3084=IFCDIRECTION((1.,0.,0.));
#3085=IFCAXIS2PLACEMENT3D(#3082,#3083,#3084);
#3086=IFCDIRECTION((0.,0.,1.));
#3087=IFCEXTRUDEDAREASOLID(#3081,#3085,#3086,25.);
#3088=IFCCARTESIANPOINTLIST2D(((0.,0.),(0.,27.100000000000001),(51.,27.100000000000001),(51.,0.),(-24.,0.),(-24.,-47.899999999999999),(75.,-47.899999999999999),(75.,0.)));
#3089=IFCINDEXEDPOLYCURVE(#3088,(IFCLINEINDEX((1,2,3,4,5,6,7,8,1))),$);
#3090=IFCARBITRARYCLOSEDPROFILEDEF(.AREA.,$,#3089);
#3091=IFCCARTESIANPOINT((-25.,-5.,0.));
#3092=IFCDIRECTION((0.,-1.,0.));
#3093=IFCDIRECTION((1.,0.,0.));
#3094=IFCAXIS2PLACEMENT3D(#3091,#3092,#3093);
#3095=IFCDIRECTION((0.,0.,-1.));
#3096=IFCEXTRUDEDAREASOLID(#3090,#3094,#3095,5.);
#3097=IFCCARTESIANPOINTLIST2D(((0.,0.),(0.,27.100000000000001),(51.,27.100000000000001),(51.,0.),(1.,0.),(1.,-22.899999999999999),(50.,-22.899999999999999),(50.,0.)));
#3098=IFCINDEXEDPOLYCURVE(#3097,(IFCLINEINDEX((1,2,3,4,5,6,7,8,1))),$);
#3099=IFCARBITRARYCLOSEDPROFILEDEF(.AREA.,$,#3098);
#3100=IFCCARTESIANPOINT((-25.,50.,0.));
#3101=IFCDIRECTION((0.,-1.,0.));
#3102=IFCDIRECTION((1.,0.,0.));
#3103=IFCAXIS2PLACEMENT3D(#3100,#3101,#3102);
#3104=IFCDIRECTION((0.,0.,-1.));
#3105=IFCEXTRUDEDAREASOLID(#3099,#3103,#3104,5.);
#3106=IFCCARTESIANPOINTLIST2D(((0.,0.),(-49.,0.),(-49.,35.),(0.,35.)));
#3107=IFCINDEXEDPOLYCURVE(#3106,(IFCLINEINDEX((1,2,3,4,1))),$);
#3108=IFCARBITRARYCLOSEDPROFILEDEF(.AREA.,$,#3107);
#3109=IFCCARTESIANPOINT((25.,25.,25.));
#3110=IFCDIRECTION((0.,0.,1.));
#3111=IFCDIRECTION((1.,0.,0.));
#3112=IFCAXIS2PLACEMENT3D(#3109,#3110,#3111);
#3113=IFCDIRECTION((0.,0.,1.));
#3114=IFCEXTRUDEDAREASOLID(#3108,#3112,#3113,-47.899999999999999);
#3115=IFCCARTESIANPOINTLIST2D(((0.,0.),(0.,-40.),(-120.,-40.),(-120.,-20.),(-20.,-20.),(-20.,0.)));
#3116=IFCINDEXEDPOLYCURVE(#3115,(IFCLINEINDEX((1,2,3,4,5,6,1))),$);
#3117=IFCARBITRARYCLOSEDPROFILEDEF(.AREA.,$,#3116);
#3118=IFCCARTESIANPOINT((-74.,25.,1015.));
#3119=IFCDIRECTION((0.,0.,1.));
#3120=IFCDIRECTION((1.,0.,0.));
#3121=IFCAXIS2PLACEMENT3D(#3118,#3119,#3120);
#3122=IFCDIRECTION((0.,0.,1.));
#3123=IFCEXTRUDEDAREASOLID(#3117,#3121,#3122,20.);
#3124=IFCEXTRUDEDAREASOLID(#3125,#3128,#3132,20.);
#3125=IFCARBITRARYCLOSEDPROFILEDEF(.AREA.,$,#3126);
#3126=IFCINDEXEDPOLYCURVE(#3127,(IFCLINEINDEX((1,2,3,4,5,6,1))),$);
#3127=IFCCARTESIANPOINTLIST2D(((0.,0.),(0.,40.),(-120.,40.),(-120.,20.),(-20.,20.),(-20.,0.)));
#3128=IFCAXIS2PLACEMENT3D(#3129,#3130,#3131);
#3129=IFCCARTESIANPOINT((-74.,60.,1015.));
#3130=IFCDIRECTION((0.,0.,1.));
#3131=IFCDIRECTION((1.,0.,0.));
#3132=IFCDIRECTION((0.,0.,1.));
#3133=IFCSHAPEREPRESENTATION(#11,'Body','SweptSolid',(#3069,#3078,#3114,#3123,#3124,#3087,#3096,#3105));
#3134=IFCPRODUCTDEFINITIONSHAPE($,$,(#3133));
#3140=IFCCARTESIANPOINT((18000.,6000.,0.));
#3141=IFCDIRECTION((0.,0.,1.));
#3142=IFCDIRECTION((1.,0.,0.));
#3143=IFCAXIS2PLACEMENT3D(#3140,#3141,#3142);
#3144=IFCLOCALPLACEMENT(#34,#3143);
#3145=IFCDOOR('1SLNHAszz1GOFHTv4vA$Gc',$,'Door 3-3',$,$,#3229,#3219,$,$,$,$,$,$);
#3146=IFCCARTESIANPOINTLIST2D(((0.,0.),(0.,2.1000000000000001),(1.,2.1000000000000001),(1.,0.),(-24.,0.),(-24.,-22.899999999999999),(25.,-22.899999999999999),(25.,0.)));
#3147=IFCINDEXEDPOLYCURVE(#3146,(IFCLINEINDEX((1,2,3,4,5,6,7,8,1))),$);
#3148=IFCARBITRARYCLOSEDPROFILEDEF(.AREA.,$,#3147);
#3149=IFCCARTESIANPOINT((0.,25.,0.));
#3150=IFCDIRECTION((0.,-1.,0.));
#3151=IFCDIRECTION((1.,0.,0.));
#3152=IFCAXIS2PLACEMENT3D(#3149,#3150,#3151);
#3153=IFCDIRECTION((0.,0.,-1.));
#3154=IFCEXTRUDEDAREASOLID(#3148,#3152,#3153,25.);
#3155=IFCCARTESIANPOINTLIST2D(((0.,0.),(0.,2.1000000000000001),(1.,2.1000000000000001),(1.,0.),(-49.,0.),(-49.,-47.899999999999999),(50.,-47.899999999999999),(50.,0.)));
#3156=IFCINDEXEDPOLYCURVE(#3155,(IFCLINEINDEX((1,2,3,4,5,6,7,8,1))),$);
#3157=IFCARBITRARYCLOSEDPROFILEDEF(.AREA.,$,#3156);
#3158=IFCCARTESIANPOINT((0.,0.,0.));
#3159=IFCDIRECTION((0.,-1.,0.));
#3160=IFCDIRECTION((1.,0.,0.));
#3161=IFCAXIS2PLACEMENT3D(#3158,#3159,#3160);
#3162=IFCDIRECTION((0.,0.,-1.));
#3163=IFCEXTRUDEDAREASOLID(#3157,#3161,#3162,25.);
#3164=IFCCARTESIANPOINTLIST2D(((0.,0.),(-99.,0.),(-99.,100.),(0.,100.)));
#3165=IFCINDEXEDPOLYCURVE(#3164,(IFCLINEINDEX((1,2,3,4,1))),$);
#3166=IFCARBITRARYCLOSEDPROFILEDEF(.AREA.,$,#3165);
#3167=IFCCARTESIANPOINT((50.,0.,0.));
#3168=IFCDIRECTION((0.,0.,1.));
#3169=IFCDIRECTION((1.,0.,0.));
#3170=IFCAXIS2PLACEMENT3D(#3167,#3168,#3169);
#3171=IFCDIRECTION((0.,0.,1.));
#3172=IFCEXTRUDEDAREASOLID(#3166,#3170,#3171,25.);
#3173=IFCCARTESIANPOINTLIST2D(((0.,0.),(0.,27.100000000000001),(51.,27.100000000000001),(51.,0.),(-24.,0.),(-24.,-47.899999999999999),(75.,-47.899999999999999),(75.,0.)));
#3174=IFCINDEXEDPOLYCURVE(#3173,(IFCLINEINDEX((1,2,3,4,5,6,7,8,1))),$);
#3175=IFCARBITRARYCLOSEDPROFILEDEF(.AREA.,$,#3174);
#3176=IFCCARTESIANPOINT((-25.,-5.,0.));
#3177=IFCDIRECTION((0.,-1.,0.));
#3178=IFCDIRECTION((1.,0.,0.));
#3179=IFCAXIS2PLACEMENT3D(#3176,#3177,#3178);
#3180=IFCDIRECTION((0.,0.,-1.));
#3181=IFCEXTRUDEDAREASOLID(#3175,#3179,#3180,5.);
#3182=IFCCARTESIANPOINTLIST2D(((0.,0.),(0.,27.100000000000001),(51.,27.100000000000001),(51.,0.),(1.,0.),(1.,-22.899999999999999),(50.,-22.899999999999999),(50.,0.)));
#3183=IFCINDEXEDPOLYCURVE(#3182,(IFCLINEINDEX((1,2,3,4,5,6,7,8,1))),$);
#3184=IFCARBITRARYCLOSEDPROFILEDEF(.AREA.,$,#3183);
#3185=IFCCARTESIANPOINT((-25.,50.,0.));
#3186=IFCDIRECTION((0.,-1.,0.));
#3187=IFCDIRECTION((1.,0.,0.));
#3188=IFCAXIS2PLACEMENT3D(#3185,#3186,#3187);
#3189=IFCDIRECTION((0.,0.,-1.));
#3190=IFCEXTRUDEDAREASOLID(#3184,#3188,#3189,5.);
#3191=IFCCARTESIANPOINTLIST2D(((0.,0.),(-49.,0.),(-49.,35.),(0.,35.)));
#3192=IFCINDEXEDPOLYCURVE(#3191,(IFCLINEINDEX((1,2,3,4,1))),$);
#3193=IFCARBITRARYCLOSEDPROFILEDEF(.AREA.,$,#3192);
#3194=IFCCARTESIANPOINT((25.,25.,25.));
#3195=IFCDIRECTION((0.,0.,1.));
#3196=IFCDIRECTION((1.,0.,0.));
#3197=IFCAXIS2PLACEMENT3D(#3194,#3195,#3196);
#3198=IFCDIRECTION((0.,0.,1.));
#3199=IFCEXTRUDEDAREASOLID(#3193,#3197,#3198,-47.899999999999999);
#3200=IFCCARTESIANPOINTLIST2D(((0.,0.),(0.,-40.),(-120.,-40.),(-120.,-20.),(-20.,-20.),(-20.,0.)));
#3201=IFCINDEXEDPOLYCURVE(#3200,(IFCLINEINDEX((1,2,3,4,5,6,1))),$);
#3202=IFCARBITRARYCLOSEDPROFILEDEF(.AREA.,$,#3201);
#3203=IFCCARTESIANPOINT((-74.,25.,1015.));
#3204=IFCDIRECTION((0.,0.,1.));
#3205=IFCDIRECTION((1.,0.,0.));
#3206=IFCAXIS2PLACEMENT3D(#3203,#3204,#3205);
#3207=IFCDIRECTION((0.,0.,1.));
#3208=IFCEXTRUDEDAREASOLID(#3202,#3206,#3207,20.);
#3209=IFCEXTRUDEDAREASOLID(#3210,#3213,#3217,20.);
#3210=IFCARBITRARYCLOSEDPROFILEDEF(.AREA.,$,#3211);
#3211=IFCINDEXEDPOLYCURVE(#3212,(IFCLINEINDEX((1,2,3,4,5,6,1))),$);
#3212=IFCCARTESIANPOINTLIST2D(((0.,0.),(0.,40.),(-120.,40.),(-120.,20.),(-20.,20.),(-20.,0.)));
#3213=IFCAXIS2PLACEMENT3D(#3214,#3215,#3216);
#3214=IFCCARTESIANPOINT((-74.,60.,1015.));
#3215=IFCDIRECTION((0.,0.,1.));
#3216=IFCDIRECTION((1.,0.,0.));
#3217=IFCDIRECTION((0.,0.,1.));
#3218=IFCSHAPEREPRESENTATION(#11,'Body','SweptSolid',(#3154,#3163,#3199,#3208,#3209,#3172,#3181,#3190));
#3219=IFCPRODUCTDEFINITIONSHAPE($,$,(#3218));
#3225=IFCCARTESIANPOINT((28000.,6000.,0.));
#3226=IFCDIRECTION((0.,0.,1.));
#3227=IFCDIRECTION((1.,0.,0.));
#3228=IFCAXIS2PLACEMENT3D(#3225,#3226,#3227);
#3229=IFCLOCALPLACEMENT(#34,#3228);
#3230=IFCDOOR('2ziTwpck16AArGo2lcVNpp',$,'Door 3-4',$,$,#3314,#3304,$,$,$,$,$,$);
#3231=IFCCARTESIANPOINTLIST2D(((0.,0.),(0.,2.1000000000000001),(1.,2.1000000000000001),(1.,0.),(-24.,0.),(-24.,-22.899999999999999),(25.,-22.899999999999999),(25.,0.)));
#3232=IFCINDEXEDPOLYCURVE(#3231,(IFCLINEINDEX((1,2,3,4,5,6,7,8,1))),$);
#3233=IFCARBITRARYCLOSEDPROFILEDEF(.AREA.,$,#3232);
#3234=IFCCARTESIANPOINT((0.,25.,0.));
#3235=IFCDIRECTION((0.,-1.,0.));
#3236=IFCDIRECTION((1.,0.,0.));
#3237=IFCAXIS2PLACEMENT3D(#3234,#3235,#3236);
#3238=IFCDIRECTION((0.,0.,-1.));
#3239=IFCEXTRUDEDAREASOLID(#3233,#3237,#3238,25.);
#3240=IFCCARTESIANPOINTLIST2D(((0.,0.),(0.,2.1000000000000001),(1.,2.1000000000000001),(1.,0.),(-49.,0.),(-49.,-47.899999999999999),(50.,-47.899999999999999),(50.,0.)));
#3241=IFCINDEXEDPOLYCURVE(#3240,(IFCLINEINDEX((1,2,3,4,5,6,7,8,1))),$);
#3242=IFCARBITRARYCLOSEDPROFILEDEF(.AREA.,$,#3241);
#3243=IFCCARTESIANPOINT((0.,0.,0.));
#3244=IFCDIRECTION((0.,-1.,0.));
#3245=IFCDIRECTION((1.,0.,0.));
#3246=IFCAXIS2PLACEMENT3D(#3243,#3244,#3245);
#3247=IFCDIRECTION((0.,0.,-1.));
#3248=IFCEXTRUDEDAREASOLID(#3242,#3246,#3247,25.);
#3249=IFCCARTESIANPOINTLIST2D(((0.,0.),(-99.,0.),(-99.,100.),(0.,100.)));
#3250=IFCINDEXEDPOLYCURVE(#3249,(IFCLINEINDEX((1,2,3,4,1))),$);
#3251=IFCARBITRARYCLOSEDPROFILEDEF(.AREA.,$,#3250);
#3252=IFCCARTESIANPOINT((50.,0.,0.));
#3253=IFCDIRECTION((0.,0.,1.));
#3254=IFCDIRECTION((1.,0.,0.));
#3255=IFCAXIS2PLACEMENT3D(#3252,#3253,#3254);
#3256=IFCDIRECTION((0.,0.,1.));
#3257=IFCEXTRUDEDAREASOLID(#3251,#3255,#3256,25.);
#3258=IFCCARTESIANPOINTLIST2D(((0.,0.),(0.,27.100000000000001),(51.,27.100000000000001),(51.,0.),(-24.,0.),(-24.,-47.899999999999999),(75.,-47.899999999999999),(75.,0.)));
#3259=IFCINDEXEDPOLYCURVE(#3258,(IFCLINEINDEX((1,2,3,4,5,6,7,8,1))),$);
#3260=IFCARBITRARYCLOSEDPROFILEDEF(.AREA.,$,#3259);
#3261=IFCCARTESIANPOINT((-25.,-5.,0.));
#3262=IFCDIRECTION((0.,-1.,0.));
#3263=IFCDIRECTION((1.,0.,0.));
#3264=IFCAXIS2PLACEMENT3D(#3261,#3262,#3263);
#3265=IFCDIRECTION((0.,0.,-1.));
#3266=IFCEXTRUDEDAREASOLID(#3260,#3264,#3265,5.);
#3267=IFCCARTESIANPOINTLIST2D(((0.,0.),(0.,27.100000000000001),(51.,27.100000000000001),(51.,0.),(1.,0.),(1.,-22.899999999999999),(50.,-22.899999999999999),(50.,0.)));
#3268=IFCINDEXEDPOLYCURVE(#3267,(IFCLINEINDEX((1,2,3,4,5,6,7,8,1))),$);
#3269=IFCARBITRARYCLOSEDPROFILEDEF(.AREA.,$,#3268);
#3270=IFCCARTESIANPOINT((-25.,50.,0.));
#3271=IFCDIRECTION((0.,-1.,0.));
#3272=IFCDIRECTION((1.,0.,0.));
#3273=IFCAXIS2PLACEMENT3D(#3270,#3271,#3272);
#3274=IFCDIRECTION((0.,0.,-1.));
#3275=IFCEXTRUDEDAREASOLID(#3269,#3273,#3274,5.);
#3276=IFCCARTESIANPOINTLIST2D(((0.,0.),(-49.,0.),(-49.,35.),(0.,35.)));
#3277=IFCINDEXEDPOLYCURVE(#3276,(IFCLINEINDEX((1,2,3,4,1))),$);
#3278=IFCARBITRARYCLOSEDPROFILEDEF(.AREA.,$,#3277);
#3279=IFCCARTESIANPOINT((25.,25.,25.));
#3280=IFCDIRECTION((0.,0.,1.));
#3281=IFCDIRECTION((1.,0.,0.));
#3282=IFCAXIS2PLACEMENT3D(#3279,#3280,#3281);
#3283=IFCDIRECTION((0.,0.,1.));
#3284=IFCEXTRUDEDAREASOLID(#3278,#3282,#3283,-47.899999999999999);
#3285=IFCCARTESIANPOINTLIST2D(((0.,0.),(0.,-40.),(-120.,-40.),(-120.,-20.),(-20.,-20.),(-20.,0.)));
#3286=IFCINDEXEDPOLYCURVE(#3285,(IFCLINEINDEX((1,2,3,4,5,6,1))),$);
#3287=IFCARBITRARYCLOSEDPROFILEDEF(.AREA.,$,#3286);
#3288=IFCCARTESIANPOINT((-74.,25.,1015.));
#3289=IFCDIRECTION((0.,0.,1.));
#3290=IFCDIRECTION((1.,0.,0.));
#3291=IFCAXIS2PLACEMENT3D(#3288,#3289,#3290);
#3292=IFCDIRECTION((0.,0.,1.));
#3293=IFCEXTRUDEDAREASOLID(#3287,#3291,#3292,20.);
#3294=IFCEXTRUDEDAREASOLID(#3295,#3298,#3302,20.);
#3295=IFCARBITRARYCLOSEDPROFILEDEF(.AREA.,$,#3296);
#3296=IFCINDEXEDPOLYCURVE(#3297,(IFCLINEINDEX((1,2,3,4,5,6,1))),$);
#3297=IFCCARTESIANPOINTLIST2D(((0.,0.),(0.,40.),(-120.,40.),(-120.,20.),(-20.,20.),(-20.,0.)));
#3298=IFCAXIS2PLACEMENT3D(#3299,#3300,#3301);
#3299=IFCCARTESIANPOINT((-74.,60.,1015.));
#3300=IFCDIRECTION((0.,0.,1.));
#3301=IFCDIRECTION((1.,0.,0.));
#3302=IFCDIRECTION((0.,0.,1.));
#3303=IFCSHAPEREPRESENTATION(#11,'Body','SweptSolid',(#3239,#3248,#3284,#3293,#3294,#3257,#3266,#3275));
#3304=IFCPRODUCTDEFINITIONSHAPE($,$,(#3303));
#3310=IFCCARTESIANPOINT((8500.,5000.,0.));
#3311=IFCDIRECTION((0.,0.,1.));
#3312=IFCDIRECTION((1.,0.,0.));
#3313=IFCAXIS2PLACEMENT3D(#3310,#3311,#3312);
#3314=IFCLOCALPLACEMENT(#34,#3313);
#3315=IFCDOOR('2cjZAO7sP5iOtlv9FXKBMz',$,'Door 3-5',$,$,#3399,#3389,$,$,$,$,$,$);
#3316=IFCCARTESIANPOINTLIST2D(((0.,0.),(0.,2.1000000000000001),(1.,2.1000000000000001),(1.,0.),(-24.,0.),(-24.,-22.899999999999999),(25.,-22.899999999999999),(25.,0.)));
#3317=IFCINDEXEDPOLYCURVE(#3316,(IFCLINEINDEX((1,2,3,4,5,6,7,8,1))),$);
#3318=IFCARBITRARYCLOSEDPROFILEDEF(.AREA.,$,#3317);
#3319=IFCCARTESIANPOINT((0.,25.,0.));
#3320=IFCDIRECTION((0.,-1.,0.));
#3321=IFCDIRECTION((1.,0.,0.));
#3322=IFCAXIS2PLACEMENT3D(#3319,#3320,#3321);
#3323=IFCDIRECTION((0.,0.,-1.));
#3324=IFCEXTRUDEDAREASOLID(#3318,#3322,#3323,25.);
#3325=IFCCARTESIANPOINTLIST2D(((0.,0.),(0.,2.1000000000000001),(1.,2.1000000000000001),(1.,0.),(-49.,0.),(-49.,-47.899999999999999),(50.,-47.899999999999999),(50.,0.)));
#3326=IFCINDEXEDPOLYCURVE(#3325,(IFCLINEINDEX((1,2,3,4,5,6,7,8,1))),$);
#3327=IFCARBITRARYCLOSEDPROFILEDEF(.AREA.,$,#3326);
#3328=IFCCARTESIANPOINT((0.,0.,0.));
#3329=IFCDIRECTION((0.,-1.,0.));
#3330=IFCDIRECTION((1.,0.,0.));
#3331=IFCAXIS2PLACEMENT3D(#3328,#3329,#3330);
#3332=IFCDIRECTION((0.,0.,-1.));
#3333=IFCEXTRUDEDAREASOLID(#3327,#3331,#3332,25.);
#3334=IFCCARTESIANPOINTLIST2D(((0.,0.),(-99.,0.),(-99.,100.),(0.,100.)));
#3335=IFCINDEXEDPOLYCURVE(#3334,(IFCLINEINDEX((1,2,3,4,1))),$);
#3336=IFCARBITRARYCLOSEDPROFILEDEF(.AREA.,$,#3335);
#3337=IFCCARTESIANPOINT((50.,0.,0.));
#3338=IFCDIRECTION((0.,0.,1.));
#3339=IFCDIRECTION((1.,0.,0.));
#3340=IFCAXIS2PLACEMENT3D(#3337,#3338,#3339);
#3341=IFCDIRECTION((0.,0.,1.));
#3342=IFCEXTRUDEDAREASOLID(#3336,#3340,#3341,25.);
#3343=IFCCARTESIANPOINTLIST2D(((0.,0.),(0.,27.100000000000001),(51.,27.100000000000001),(51.,0.),(-24.,0.),(-24.,-47.899999999999999),(75.,-47.899999999999999),(75.,0.)));
#3344=IFCINDEXEDPOLYCURVE(#3343,(IFCLINEINDEX((1,2,3,4,5,6,7,8,1))),$);
#3345=IFCARBITRARYCLOSEDPROFILEDEF(.AREA.,$,#3344);
#3346=IFCCARTESIANPOINT((-25.,-5.,0.));
#3347=IFCDIRECTION((0.,-1.,0.));
#3348=IFCDIRECTION((1.,0.,0.));
#3349=IFCAXIS2PLACEMENT3D(#3346,#3347,#3348);
#3350=IFCDIRECTION((0.,0.,-1.));
#3351=IFCEXTRUDEDAREASOLID(#3345,#3349,#3350,5.);
#3352=IFCCARTESIANPOINTLIST2D(((0.,0.),(0.,27.100000000000001),(51.,27.100000000000001),(51.,0.),(1.,0.),(1.,-22.899999999999999),(50.,-22.899999999999999),(50.,0.)));
#3353=IFCINDEXEDPOLYCURVE(#3352,(IFCLINEINDEX((1,2,3,4,5,6,7,8,1))),$);
#3354=IFCARBITRARYCLOSEDPROFILEDEF(.AREA.,$,#3353);
#3355=IFCCARTESIANPOINT((-25.,50.,0.));
#3356=IFCDIRECTION((0.,-1.,0.));
#3357=IFCDIRECTION((1.,0.,0.));
#3358=IFCAXIS2PLACEMENT3D(#3355,#3356,#3357);
#3359=IFCDIRECTION((0.,0.,-1.));
#3360=IFCEXTRUDEDAREASOLID(#3354,#3358,#3359,5.);
#3361=IFCCARTESIANPOINTLIST2D(((0.,0.),(-49.,0.),(-49.,35.),(0.,35.)));
#3362=IFCINDEXEDPOLYCURVE(#3361,(IFCLINEINDEX((1,2,3,4,1))),$);
#3363=IFCARBITRARYCLOSEDPROFILEDEF(.AREA.,$,#3362);
#3364=IFCCARTESIANPOINT((25.,25.,25.));
#3365=IFCDIRECTION((0.,0.,1.));
#3366=IFCDIRECTION((1.,0.,0.));
#3367=IFCAXIS2PLACEMENT3D(#3364,#3365,#3366);
#3368=IFCDIRECTION((0.,0.,1.));
#3369=IFCEXTRUDEDAREASOLID(#3363,#3367,#3368,-47.899999999999999);
#3370=IFCCARTESIANPOINTLIST2D(((0.,0.),(0.,-40.),(-120.,-40.),(-120.,-20.),(-20.,-20.),(-20.,0.)));
#3371=IFCINDEXEDPOLYCURVE(#3370,(IFCLINEINDEX((1,2,3,4,5,6,1))),$);
#3372=IFCARBITRARYCLOSEDPROFILEDEF(.AREA.,$,#3371);
#3373=IFCCARTESIANPOINT((-74.,25.,1015.));
#3374=IFCDIRECTION((0.,0.,1.));
#3375=IFCDIRECTION((1.,0.,0.));
#3376=IFCAXIS2PLACEMENT3D(#3373,#3374,#3375);
#3377=IFCDIRECTION((0.,0.,1.));
#3378=IFCEXTRUDEDAREASOLID(#3372,#3376,#3377,20.);
#3379=IFCEXTRUDEDAREASOLID(#3380,#3383,#3387,20.);
#3380=IFCARBITRARYCLOSEDPROFILEDEF(.AREA.,$,#3381);
#3381=IFCINDEXEDPOLYCURVE(#3382,(IFCLINEINDEX((1,2,3,4,5,6,1))),$);
#3382=IFCCARTESIANPOINTLIST2D(((0.,0.),(0.,40.),(-120.,40.),(-120.,20.),(-20.,20.),(-20.,0.)));
#3383=IFCAXIS2PLACEMENT3D(#3384,#3385,#3386);
#3384=IFCCARTESIANPOINT((-74.,60.,1015.));
#3385=IFCDIRECTION((0.,0.,1.));
#3386=IFCDIRECTION((1.,0.,0.));
#3387=IFCDIRECTION((0.,0.,1.));
#3388=IFCSHAPEREPRESENTATION(#11,'Body','SweptSolid',(#3324,#3333,#3369,#3378,#3379,#3342,#3351,#3360));
#3389=IFCPRODUCTDEFINITIONSHAPE($,$,(#3388));
#3395=IFCCARTESIANPOINT((18000.,5000.,0.));
#3396=IFCDIRECTION((0.,0.,1.));
#3397=IFCDIRECTION((1.,0.,0.));
#3398=IFCAXIS2PLACEMENT3D(#3395,#3396,#3397);
#3399=IFCLOCALPLACEMENT(#34,#3398);
#3400=IFCDOOR('2EgMlBLH9BF9ZURmg7iwtv',$,'Door 3-6',$,$,#3484,#3474,$,$,$,$,$,$);
#3401=IFCCARTESIANPOINTLIST2D(((0.,0.),(0.,2.1000000000000001),(1.,2.1000000000000001),(1.,0.),(-24.,0.),(-24.,-22.899999999999999),(25.,-22.899999999999999),(25.,0.)));
#3402=IFCINDEXEDPOLYCURVE(#3401,(IFCLINEINDEX((1,2,3,4,5,6,7,8,1))),$);
#3403=IFCARBITRARYCLOSEDPROFILEDEF(.AREA.,$,#3402);
#3404=IFCCARTESIANPOINT((0.,25.,0.));
#3405=IFCDIRECTION((0.,-1.,0.));
#3406=IFCDIRECTION((1.,0.,0.));
#3407=IFCAXIS2PLACEMENT3D(#3404,#3405,#3406);
#3408=IFCDIRECTION((0.,0.,-1.));
#3409=IFCEXTRUDEDAREASOLID(#3403,#3407,#3408,25.);
#3410=IFCCARTESIANPOINTLIST2D(((0.,0.),(0.,2.1000000000000001),(1.,2.1000000000000001),(1.,0.),(-49.,0.),(-49.,-47.899999999999999),(50.,-47.899999999999999),(50.,0.)));
#3411=IFCINDEXEDPOLYCURVE(#3410,(IFCLINEINDEX((1,2,3,4,5,6,7,8,1))),$);
#3412=IFCARBITRARYCLOSEDPROFILEDEF(.AREA.,$,#3411);
#3413=IFCCARTESIANPOINT((0.,0.,0.));
#3414=IFCDIRECTION((0.,-1.,0.));
#3415=IFCDIRECTION((1.,0.,0.));
#3416=IFCAXIS2PLACEMENT3D(#3413,#3414,#3415);
#3417=IFCDIRECTION((0.,0.,-1.));
#3418=IFCEXTRUDEDAREASOLID(#3412,#3416,#3417,25.);
#3419=IFCCARTESIANPOINTLIST2D(((0.,0.),(-99.,0.),(-99.,100.),(0.,100.)));
#3420=IFCINDEXEDPOLYCURVE(#3419,(IFCLINEINDEX((1,2,3,4,1))),$);
#3421=IFCARBITRARYCLOSEDPROFILEDEF(.AREA.,$,#3420);
#3422=IFCCARTESIANPOINT((50.,0.,0.));
#3423=IFCDIRECTION((0.,0.,1.));
#3424=IFCDIRECTION((1.,0.,0.));
#3425=IFCAXIS2PLACEMENT3D(#3422,#3423,#3424);
#3426=IFCDIRECTION((0.,0.,1.));
#3427=IFCEXTRUDEDAREASOLID(#3421,#3425,#3426,25.);
#3428=IFCCARTESIANPOINTLIST2D(((0.,0.),(0.,27.100000000000001),(51.,27.100000000000001),(51.,0.),(-24.,0.),(-24.,-47.899999999999999),(75.,-47.899999999999999),(75.,0.)));
#3429=IFCINDEXEDPOLYCURVE(#3428,(IFCLINEINDEX((1,2,3,4,5,6,7,8,1))),$);
#3430=IFCARBITRARYCLOSEDPROFILEDEF(.AREA.,$,#3429);
#3431=IFCCARTESIANPOINT((-25.,-5.,0.));
#3432=IFCDIRECTION((0.,-1.,0.));
#3433=IFCDIRECTION((1.,0.,0.));
#3434=IFCAXIS2PLACEMENT3D(#3431,#3432,#3433);
#3435=IFCDIRECTION((0.,0.,-1.));
#3436=IFCEXTRUDEDAREASOLID(#3430,#3434,#3435,5.);
#3437=IFCCARTESIANPOINTLIST2D(((0.,0.),(0.,27.100000000000001),(51.,27.100000000000001),(51.,0.),(1.,0.),(1.,-22.899999999999999),(50.,-22.899999999999999),(50.,0.)));
#3438=IFCINDEXEDPOLYCURVE(#3437,(IFCLINEINDEX((1,2,3,4,5,6,7,8,1))),$);
#3439=IFCARBITRARYCLOSEDPROFILEDEF(.AREA.,$,#3438);
#3440=IFCCARTESIANPOINT((-25.,50.,0.));
#3441=IFCDIRECTION((0.,-1.,0.));
#3442=IFCDIRECTION((1.,0.,0.));
#3443=IFCAXIS2PLACEMENT3D(#3440,#3441,#3442);
#3444=IFCDIRECTION((0.,0.,-1.));
#3445=IFCEXTRUDEDAREASOLID(#3439,#3443,#3444,5.);
#3446=IFCCARTESIANPOINTLIST2D(((0.,0.),(-49.,0.),(-49.,35.),(0.,35.)));
#3447=IFCINDEXEDPOLYCURVE(#3446,(IFCLINEINDEX((1,2,3,4,1))),$);
#3448=IFCARBITRARYCLOSEDPROFILEDEF(.AREA.,$,#3447);
#3449=IFCCARTESIANPOINT((25.,25.,25.));
#3450=IFCDIRECTION((0.,0.,1.));
#3451=IFCDIRECTION((1.,0.,0.));
#3452=IFCAXIS2PLACEMENT3D(#3449,#3450,#3451);
#3453=IFCDIRECTION((0.,0.,1.));
#3454=IFCEXTRUDEDAREASOLID(#3448,#3452,#3453,-47.899999999999999);
#3455=IFCCARTESIANPOINTLIST2D(((0.,0.),(0.,-40.),(-120.,-40.),(-120.,-20.),(-20.,-20.),(-20.,0.)));
#3456=IFCINDEXEDPOLYCURVE(#3455,(IFCLINEINDEX((1,2,3,4,5,6,1))),$);
#3457=IFCARBITRARYCLOSEDPROFILEDEF(.AREA.,$,#3456);
#3458=IFCCARTESIANPOINT((-74.,25.,1015.));
#3459=IFCDIRECTION((0.,0.,1.));
#3460=IFCDIRECTION((1.,0.,0.));
#3461=IFCAXIS2PLACEMENT3D(#3458,#3459,#3460);
#3462=IFCDIRECTION((0.,0.,1.));
#3463=IFCEXTRUDEDAREASOLID(#3457,#3461,#3462,20.);
#3464=IFCEXTRUDEDAREASOLID(#3465,#3468,#3472,20.);
#3465=IFCARBITRARYCLOSEDPROFILEDEF(.AREA.,$,#3466);
#3466=IFCINDEXEDPOLYCURVE(#3467,(IFCLINEINDEX((1,2,3,4,5,6,1))),$);
#3467=IFCCARTESIANPOINTLIST2D(((0.,0.),(0.,40.),(-120.,40.),(-120.,20.),(-20.,20.),(-20.,0.)));
#3468=IFCAXIS2PLACEMENT3D(#3469,#3470,#3471);
#3469=IFCCARTESIANPOINT((-74.,60.,1015.));
#3470=IFCDIRECTION((0.,0.,1.));
#3471=IFCDIRECTION((1.,0.,0.));
#3472=IFCDIRECTION((0.,0.,1.));
#3473=IFCSHAPEREPRESENTATION(#11,'Body','SweptSolid',(#3409,#3418,#3454,#3463,#3464,#3427,#3436,#3445));
#3474=IFCPRODUCTDEFINITIONSHAPE($,$,(#3473));
#3480=IFCCARTESIANPOINT((27000.,5000.,0.));
#3481=IFCDIRECTION((0.,0.,1.));
#3482=IFCDIRECTION((1.,0.,0.));
#3483=IFCAXIS2PLACEMENT3D(#3480,#3481,#3482);
#3484=IFCLOCALPLACEMENT(#34,#3483);
#3485=IFCDOOR('1$iTrZkx10hP1mBvh8eujt',$,'Door 3-7',$,$,#3569,#3559,$,$,$,$,$,$);
#3486=IFCCARTESIANPOINTLIST2D(((0.,0.),(0.,2.1000000000000001),(1.,2.1000000000000001),(1.,0.),(-24.,0.),(-24.,-22.899999999999999),(25.,-22.899999999999999),(25.,0.)));
#3487=IFCINDEXEDPOLYCURVE(#3486,(IFCLINEINDEX((1,2,3,4,5,6,7,8,1))),$);
#3488=IFCARBITRARYCLOSEDPROFILEDEF(.AREA.,$,#3487);
#3489=IFCCARTESIANPOINT((0.,25.,0.));
#3490=IFCDIRECTION((0.,-1.,0.));
#3491=IFCDIRECTION((1.,0.,0.));
#3492=IFCAXIS2PLACEMENT3D(#3489,#3490,#3491);
#3493=IFCDIRECTION((0.,0.,-1.));
#3494=IFCEXTRUDEDAREASOLID(#3488,#3492,#3493,25.);
#3495=IFCCARTESIANPOINTLIST2D(((0.,0.),(0.,2.1000000000000001),(1.,2.1000000000000001),(1.,0.),(-49.,0.),(-49.,-47.899999999999999),(50.,-47.899999999999999),(50.,0.)));
#3496=IFCINDEXEDPOLYCURVE(#3495,(IFCLINEINDEX((1,2,3,4,5,6,7,8,1))),$);
#3497=IFCARBITRARYCLOSEDPROFILEDEF(.AREA.,$,#3496);
#3498=IFCCARTESIANPOINT((0.,0.,0.));
#3499=IFCDIRECTION((0.,-1.,0.));
#3500=IFCDIRECTION((1.,0.,0.));
#3501=IFCAXIS2PLACEMENT3D(#3498,#3499,#3500);
#3502=IFCDIRECTION((0.,0.,-1.));
#3503=IFCEXTRUDEDAREASOLID(#3497,#3501,#3502,25.);
#3504=IFCCARTESIANPOINTLIST2D(((0.,0.),(-99.,0.),(-99.,100.),(0.,100.)));
#3505=IFCINDEXEDPOLYCURVE(#3504,(IFCLINEINDEX((1,2,3,4,1))),$);
#3506=IFCARBITRARYCLOSEDPROFILEDEF(.AREA.,$,#3505);
#3507=IFCCARTESIANPOINT((50.,0.,0.));
#3508=IFCDIRECTION((0.,0.,1.));
#3509=IFCDIRECTION((1.,0.,0.));
#3510=IFCAXIS2PLACEMENT3D(#3507,#3508,#3509);
#3511=IFCDIRECTION((0.,0.,1.));
#3512=IFCEXTRUDEDAREASOLID(#3506,#3510,#3511,25.);
#3513=IFCCARTESIANPOINTLIST2D(((0.,0.),(0.,27.100000000000001),(51.,27.100000000000001),(51.,0.),(-24.,0.),(-24.,-47.899999999999999),(75.,-47.899999999999999),(75.,0.)));
#3514=IFCINDEXEDPOLYCURVE(#3513,(IFCLINEINDEX((1,2,3,4,5,6,7,8,1))),$);
#3515=IFCARBITRARYCLOSEDPROFILEDEF(.AREA.,$,#3514);
#3516=IFCCARTESIANPOINT((-25.,-5.,0.));
#3517=IFCDIRECTION((0.,-1.,0.));
#3518=IFCDIRECTION((1.,0.,0.));
#3519=IFCAXIS2PLACEMENT3D(#3516,#3517,#3518);
#3520=IFCDIRECTION((0.,0.,-1.));
#3521=IFCEXTRUDEDAREASOLID(#3515,#3519,#3520,5.);
#3522=IFCCARTESIANPOINTLIST2D(((0.,0.),(0.,27.100000000000001),(51.,27.100000000000001),(51.,0.),(1.,0.),(1.,-22.899999999999999),(50.,-22.899999999999999),(50.,0.)));
#3523=IFCINDEXEDPOLYCURVE(#3522,(IFCLINEINDEX((1,2,3,4,5,6,7,8,1))),$);
#3524=IFCARBITRARYCLOSEDPROFILEDEF(.AREA.,$,#3523);
#3525=IFCCARTESIANPOINT((-25.,50.,0.));
#3526=IFCDIRECTION((0.,-1.,0.));
#3527=IFCDIRECTION((1.,0.,0.));
#3528=IFCAXIS2PLACEMENT3D(#3525,#3526,#3527);
#3529=IFCDIRECTION((0.,0.,-1.));
#3530=IFCEXTRUDEDAREASOLID(#3524,#3528,#3529,5.);
#3531=IFCCARTESIANPOINTLIST2D(((0.,0.),(-49.,0.),(-49.,35.),(0.,35.)));
#3532=IFCINDEXEDPOLYCURVE(#3531,(IFCLINEINDEX((1,2,3,4,1))),$);
#3533=IFCARBITRARYCLOSEDPROFILEDEF(.AREA.,$,#3532);
#3534=IFCCARTESIANPOINT((25.,25.,25.));
#3535=IFCDIRECTION((0.,0.,1.));
#3536=IFCDIRECTION((1.,0.,0.));
#3537=IFCAXIS2PLACEMENT3D(#3534,#3535,#3536);
#3538=IFCDIRECTION((0.,0.,1.));
#3539=IFCEXTRUDEDAREASOLID(#3533,#3537,#3538,-47.899999999999999);
#3540=IFCCARTESIANPOINTLIST2D(((0.,0.),(0.,-40.),(-120.,-40.),(-120.,-20.),(-20.,-20.),(-20.,0.)));
#3541=IFCINDEXEDPOLYCURVE(#3540,(IFCLINEINDEX((1,2,3,4,5,6,1))),$);
#3542=IFCARBITRARYCLOSEDPROFILEDEF(.AREA.,$,#3541);
#3543=IFCCARTESIANPOINT((-74.,25.,1015.));
#3544=IFCDIRECTION((0.,0.,1.));
#3545=IFCDIRECTION((1.,0.,0.));
#3546=IFCAXIS2PLACEMENT3D(#3543,#3544,#3545);
#3547=IFCDIRECTION((0.,0.,1.));
#3548=IFCEXTRUDEDAREASOLID(#3542,#3546,#3547,20.);
#3549=IFCEXTRUDEDAREASOLID(#3550,#3553,#3557,20.);
#3550=IFCARBITRARYCLOSEDPROFILEDEF(.AREA.,$,#3551);
#3551=IFCINDEXEDPOLYCURVE(#3552,(IFCLINEINDEX((1,2,3,4,5,6,1))),$);
#3552=IFCCARTESIANPOINTLIST2D(((0.,0.),(0.,40.),(-120.,40.),(-120.,20.),(-20.,20.),(-20.,0.)));
#3553=IFCAXIS2PLACEMENT3D(#3554,#3555,#3556);
#3554=IFCCARTESIANPOINT((-74.,60.,1015.));
#3555=IFCDIRECTION((0.,0.,1.));
#3556=IFCDIRECTION((1.,0.,0.));
#3557=IFCDIRECTION((0.,0.,1.));
#3558=IFCSHAPEREPRESENTATION(#11,'Body','SweptSolid',(#3494,#3503,#3539,#3548,#3549,#3512,#3521,#3530));
#3559=IFCPRODUCTDEFINITIONSHAPE($,$,(#3558));
#3565=IFCCARTESIANPOINT((33000.,5000.,0.));
#3566=IFCDIRECTION((0.,0.,1.));
#3567=IFCDIRECTION((1.,0.,0.));
#3568=IFCAXIS2PLACEMENT3D(#3565,#3566,#3567);
#3569=IFCLOCALPLACEMENT(#34,#3568);
#3570=IFCDOOR('0ua7uZwK12e9srPvV2sN7J',$,'Entry 3',$,$,#3654,#3644,$,$,$,$,$,$);
#3571=IFCCARTESIANPOINTLIST2D(((0.,0.),(0.,2.1000000000000001),(1.,2.1000000000000001),(1.,0.),(-24.,0.),(-24.,-22.899999999999999),(25.,-22.899999999999999),(25.,0.)));
#3572=IFCINDEXEDPOLYCURVE(#3571,(IFCLINEINDEX((1,2,3,4,5,6,7,8,1))),$);
#3573=IFCARBITRARYCLOSEDPROFILEDEF(.AREA.,$,#3572);
#3574=IFCCARTESIANPOINT((0.,25.,0.));
#3575=IFCDIRECTION((0.,-1.,0.));
#3576=IFCDIRECTION((1.,0.,0.));
#3577=IFCAXIS2PLACEMENT3D(#3574,#3575,#3576);
#3578=IFCDIRECTION((0.,0.,-1.));
#3579=IFCEXTRUDEDAREASOLID(#3573,#3577,#3578,25.);
#3580=IFCCARTESIANPOINTLIST2D(((0.,0.),(0.,2.1000000000000001),(1.,2.1000000000000001),(1.,0.),(-49.,0.),(-49.,-47.899999999999999),(50.,-47.899999999999999),(50.,0.)));
#3581=IFCINDEXEDPOLYCURVE(#3580,(IFCLINEINDEX((1,2,3,4,5,6,7,8,1))),$);
#3582=IFCARBITRARYCLOSEDPROFILEDEF(.AREA.,$,#3581);
#3583=IFCCARTESIANPOINT((0.,0.,0.));
#3584=IFCDIRECTION((0.,-1.,0.));
#3585=IFCDIRECTION((1.,0.,0.));
#3586=IFCAXIS2PLACEMENT3D(#3583,#3584,#3585);
#3587=IFCDIRECTION((0.,0.,-1.));
#3588=IFCEXTRUDEDAREASOLID(#3582,#3586,#3587,25.);
#3589=IFCCARTESIANPOINTLIST2D(((0.,0.),(-99.,0.),(-99.,100.),(0.,100.)));
#3590=IFCINDEXEDPOLYCURVE(#3589,(IFCLINEINDEX((1,2,3,4,1))),$);
#3591=IFCARBITRARYCLOSEDPROFILEDEF(.AREA.,$,#3590);
#3592=IFCCARTESIANPOINT((50.,0.,0.));
#3593=IFCDIRECTION((0.,0.,1.));
#3594=IFCDIRECTION((1.,0.,0.));
#3595=IFCAXIS2PLACEMENT3D(#3592,#3593,#3594);
#3596=IFCDIRECTION((0.,0.,1.));
#3597=IFCEXTRUDEDAREASOLID(#3591,#3595,#3596,25.);
#3598=IFCCARTESIANPOINTLIST2D(((0.,0.),(0.,27.100000000000001),(51.,27.100000000000001),(51.,0.),(-24.,0.),(-24.,-47.899999999999999),(75.,-47.899999999999999),(75.,0.)));
#3599=IFCINDEXEDPOLYCURVE(#3598,(IFCLINEINDEX((1,2,3,4,5,6,7,8,1))),$);
#3600=IFCARBITRARYCLOSEDPROFILEDEF(.AREA.,$,#3599);
#3601=IFCCARTESIANPOINT((-25.,-5.,0.));
#3602=IFCDIRECTION((0.,-1.,0.));
#3603=IFCDIRECTION((1.,0.,0.));
#3604=IFCAXIS2PLACEMENT3D(#3601,#3602,#3603);
#3605=IFCDIRECTION((0.,0.,-1.));
#3606=IFCEXTRUDEDAREASOLID(#3600,#3604,#3605,5.);
#3607=IFCCARTESIANPOINTLIST2D(((0.,0.),(0.,27.100000000000001),(51.,27.100000000000001),(51.,0.),(1.,0.),(1.,-22.899999999999999),(50.,-22.899999999999999),(50.,0.)));
#3608=IFCINDEXEDPOLYCURVE(#3607,(IFCLINEINDEX((1,2,3,4,5,6,7,8,1))),$);
#3609=IFCARBITRARYCLOSEDPROFILEDEF(.AREA.,$,#3608);
#3610=IFCCARTESIANPOINT((-25.,50.,0.));
#3611=IFCDIRECTION((0.,-1.,0.));
#3612=IFCDIRECTION((1.,0.,0.));
#3613=IFCAXIS2PLACEMENT3D(#3610,#3611,#3612);
#3614=IFCDIRECTION((0.,0.,-1.));
#3615=IFCEXTRUDEDAREASOLID(#3609,#3613,#3614,5.);
#3616=IFCCARTESIANPOINTLIST2D(((0.,0.),(-49.,0.),(-49.,35.),(0.,35.)));
#3617=IFCINDEXEDPOLYCURVE(#3616,(IFCLINEINDEX((1,2,3,4,1))),$);
#3618=IFCARBITRARYCLOSEDPROFILEDEF(.AREA.,$,#3617);
#3619=IFCCARTESIANPOINT((25.,25.,25.));
#3620=IFCDIRECTION((0.,0.,1.));
#3621=IFCDIRECTION((1.,0.,0.));
#3622=IFCAXIS2PLACEMENT3D(#3619,#3620,#3621);
#3623=IFCDIRECTION((0.,0.,1.));
#3624=IFCEXTRUDEDAREASOLID(#3618,#3622,#3623,-47.899999999999999);
#3625=IFCCARTESIANPOINTLIST2D(((0.,0.),(0.,-40.),(-120.,-40.),(-120.,-20.),(-20.,-20.),(-20.,0.)));
#3626=IFCINDEXEDPOLYCURVE(#3625,(IFCLINEINDEX((1,2,3,4,5,6,1))),$);
#3627=IFCARBITRARYCLOSEDPROFILEDEF(.AREA.,$,#3626);
#3628=IFCCARTESIANPOINT((-74.,25.,1015.));
#3629=IFCDIRECTION((0.,0.,1.));
#3630=IFCDIRECTION((1.,0.,0.));
#3631=IFCAXIS2PLACEMENT3D(#3628,#3629,#3630);
#3632=IFCDIRECTION((0.,0.,1.));
#3633=IFCEXTRUDEDAREASOLID(#3627,#3631,#3632,20.);
#3634=IFCEXTRUDEDAREASOLID(#3635,#3638,#3642,20.);
#3635=IFCARBITRARYCLOSEDPROFILEDEF(.AREA.,$,#3636);
#3636=IFCINDEXEDPOLYCURVE(#3637,(IFCLINEINDEX((1,2,3,4,5,6,1))),$);
#3637=IFCCARTESIANPOINTLIST2D(((0.,0.),(0.,40.),(-120.,40.),(-120.,20.),(-20.,20.),(-20.,0.)));
#3638=IFCAXIS2PLACEMENT3D(#3639,#3640,#3641);
#3639=IFCCARTESIANPOINT((-74.,60.,1015.));
#3640=IFCDIRECTION((0.,0.,1.));
#3641=IFCDIRECTION((1.,0.,0.));
#3642=IFCDIRECTION((0.,0.,1.));
#3643=IFCSHAPEREPRESENTATION(#11,'Body','SweptSolid',(#3579,#3588,#3624,#3633,#3634,#3597,#3606,#3615));
#3644=IFCPRODUCTDEFINITIONSHAPE($,$,(#3643));
#3650=IFCCARTESIANPOINT((1399.9999999999998,5900.,0.));
#3651=IFCDIRECTION((0.,0.,1.));
#3652=IFCDIRECTION((6.123233995736766E-17,1.,0.));
#3653=IFCAXIS2PLACEMENT3D(#3650,#3651,#3652);
#3654=IFCLOCALPLACEMENT(#34,#3653);
#3655=IFCWINDOW('0566CQjwT9re_ml0J5kAmO',$,'Window 3-1',$,$,#3709,#3699,$,$,$,$,$,$);
#3656=IFCCARTESIANPOINTLIST2D(((0.,0.),(1.6000000000000001,0.),(1.6000000000000001,1.2),(0.,1.2)));
#3657=IFCINDEXEDPOLYCURVE(#3656,(IFCLINEINDEX((1,2,3,4,1))),$);
#3658=IFCCARTESIANPOINTLIST2D(((25.,25.),(-23.399999999999999,25.),(-23.399999999999999,-23.799999999999997),(25.,-23.799999999999997)));
#3659=IFCINDEXEDPOLYCURVE(#3658,(IFCLINEINDEX((1,2,3,4,1))),$);
#3660=IFCARBITRARYPROFILEDEFWITHVOIDS(.AREA.,$,#3657,(#3659));
#3661=IFCCARTESIANPOINT((0.,90.,0.));
#3662=IFCDIRECTION((0.,-1.,0.));
#3663=IFCDIRECTION((1.,0.,0.));
#3664=IFCAXIS2PLACEMENT3D(#3661,#3662,#3663);
#3665=IFCDIRECTION((0.,0.,-1.));
#3666=IFCEXTRUDEDAREASOLID(#3660,#3664,#3665,10.);
#3667=IFCCARTESIANPOINTLIST2D(((0.,0.),(1.6000000000000001,0.),(1.6000000000000001,1.2),(0.,1.2)));
#3668=IFCINDEXEDPOLYCURVE(#3667,(IFCLINEINDEX((1,2,3,4,1))),$);
#3669=IFCCARTESIANPOINTLIST2D(((50.,50.),(-48.400000000000006,50.),(-48.400000000000006,-48.799999999999997),(50.,-48.799999999999997)));
#3670=IFCINDEXEDPOLYCURVE(#3669,(IFCLINEINDEX((1,2,3,4,1))),$);
#3671=IFCARBITRARYPROFILEDEFWITHVOIDS(.AREA.,$,#3668,(#3670));
#3672=IFCCARTESIANPOINT((0.,50.,0.));
#3673=IFCDIRECTION((0.,-1.,0.));
#3674=IFCDIRECTION((1.,0.,0.));
#3675=IFCAXIS2PLACEMENT3D(#3672,#3673,#3674);
#3676=IFCDIRECTION((0.,0.,-1.));
#3677=IFCEXTRUDEDAREASOLID(#3671,#3675,#3676,40.);
#3678=IFCCARTESIANPOINTLIST2D(((0.,0.),(-48.399999999999999,0.),(-48.399999999999999,-48.799999999999997),(0.,-48.799999999999997)));
#3679=IFCINDEXEDPOLYCURVE(#3678,(IFCLINEINDEX((1,2,3,4,1))),$);
#3680=IFCCARTESIANPOINTLIST2D(((35.,35.),(-83.400000000000006,35.),(-83.400000000000006,-83.799999999999997),(35.,-83.799999999999997)));
#3681=IFCINDEXEDPOLYCURVE(#3680,(IFCLINEINDEX((1,2,3,4,1))),$);
#3682=IFCARBITRARYPROFILEDEFWITHVOIDS(.AREA.,$,#3679,(#3681));
#3683=IFCCARTESIANPOINT((25.,90.,25.));
#3684=IFCDIRECTION((0.,-1.,0.));
#3685=IFCDIRECTION((1.,0.,0.));
#3686=IFCAXIS2PLACEMENT3D(#3683,#3684,#3685);
#3687=IFCDIRECTION((0.,0.,-1.));
#3688=IFCEXTRUDEDAREASOLID(#3682,#3686,#3687,35.);
#3689=IFCINDEXEDPOLYCURVE(#3690,(IFCLINEINDEX((1,2,3,4,1))),$);
#3690=IFCCARTESIANPOINTLIST2D(((35.,35.),(-83.400000000000006,35.),(-83.400000000000006,-83.799999999999997),(35.,-83.799999999999997)));
#3691=IFCARBITRARYCLOSEDPROFILEDEF(.AREA.,$,#3689);
#3692=IFCCARTESIANPOINT((25.,102.5,25.));
#3693=IFCDIRECTION((0.,-1.,0.));
#3694=IFCDIRECTION((1.,0.,0.));
#3695=IFCAXIS2PLACEMENT3D(#3692,#3693,#3694);
#3696=IFCDIRECTION((0.,0.,-1.));
#3697=IFCEXTRUDEDAREASOLID(#3691,#3695,#3696,10.);
#3698=IFCSHAPEREPRESENTATION(#11,'Body','SweptSolid',(#3666,#3677,#3688,#3697));
#3699=IFCPRODUCTDEFINITIONSHAPE($,$,(#3698));
#3705=IFCCARTESIANPOINT((6000.,11800.,1000.));
#3706=IFCDIRECTION((0.,0.,1.));
#3707=IFCDIRECTION((1.,0.,0.));
#3708=IFCAXIS2PLACEMENT3D(#3705,#3706,#3707);
#3709=IFCLOCALPLACEMENT(#34,#3708);
#3710=IFCWINDOW('21nUXmt6HDawK5ZKyL$$2T',$,'Window 3-2',$,$,#3764,#3754,$,$,$,$,$,$);
#3711=IFCCARTESIANPOINTLIST2D(((0.,0.),(1.6000000000000001,0.),(1.6000000000000001,1.2),(0.,1.2)));
#3712=IFCINDEXEDPOLYCURVE(#3711,(IFCLINEINDEX((1,2,3,4,1))),$);
#3713=IFCCARTESIANPOINTLIST2D(((25.,25.),(-23.399999999999999,25.),(-23.399999999999999,-23.799999999999997),(25.,-23.799999999999997)));
#3714=IFCINDEXEDPOLYCURVE(#3713,(IFCLINEINDEX((1,2,3,4,1))),$);
#3715=IFCARBITRARYPROFILEDEFWITHVOIDS(.AREA.,$,#3712,(#3714));
#3716=IFCCARTESIANPOINT((0.,90.,0.));
#3717=IFCDIRECTION((0.,-1.,0.));
#3718=IFCDIRECTION((1.,0.,0.));
#3719=IFCAXIS2PLACEMENT3D(#3716,#3717,#3718);
#3720=IFCDIRECTION((0.,0.,-1.));
#3721=IFCEXTRUDEDAREASOLID(#3715,#3719,#3720,10.);
#3722=IFCCARTESIANPOINTLIST2D(((0.,0.),(1.6000000000000001,0.),(1.6000000000000001,1.2),(0.,1.2)));
#3723=IFCINDEXEDPOLYCURVE(#3722,(IFCLINEINDEX((1,2,3,4,1))),$);
#3724=IFCCARTESIANPOINTLIST2D(((50.,50.),(-48.400000000000006,50.),(-48.400000000000006,-48.799999999999997),(50.,-48.799999999999997)));
#3725=IFCINDEXEDPOLYCURVE(#3724,(IFCLINEINDEX((1,2,3,4,1))),$);
#3726=IFCARBITRARYPROFILEDEFWITHVOIDS(.AREA.,$,#3723,(#3725));
#3727=IFCCARTESIANPOINT((0.,50.,0.));
#3728=IFCDIRECTION((0.,-1.,0.));
#3729=IFCDIRECTION((1.,0.,0.));
#3730=IFCAXIS2PLACEMENT3D(#3727,#3728,#3729);
#3731=IFCDIRECTION((0.,0.,-1.));
#3732=IFCEXTRUDEDAREASOLID(#3726,#3730,#3731,40.);
#3733=IFCCARTESIANPOINTLIST2D(((0.,0.),(-48.399999999999999,0.),(-48.399999999999999,-48.799999999999997),(0.,-48.799999999999997)));
#3734=IFCINDEXEDPOLYCURVE(#3733,(IFCLINEINDEX((1,2,3,4,1))),$);
#3735=IFCCARTESIANPOINTLIST2D(((35.,35.),(-83.400000000000006,35.),(-83.400000000000006,-83.799999999999997),(35.,-83.799999999999997)));
#3736=IFCINDEXEDPOLYCURVE(#3735,(IFCLINEINDEX((1,2,3,4,1))),$);
#3737=IFCARBITRARYPROFILEDEFWITHVOIDS(.AREA.,$,#3734,(#3736));
#3738=IFCCARTESIANPOINT((25.,90.,25.));
#3739=IFCDIRECTION((0.,-1.,0.));
#3740=IFCDIRECTION((1.,0.,0.));
#3741=IFCAXIS2PLACEMENT3D(#3738,#3739,#3740);
#3742=IFCDIRECTION((0.,0.,-1.));
#3743=IFCEXTRUDEDAREASOLID(#3737,#3741,#3742,35.);
#3744=IFCINDEXEDPOLYCURVE(#3745,(IFCLINEINDEX((1,2,3,4,1))),$);
#3745=IFCCARTESIANPOINTLIST2D(((35.,35.),(-83.400000000000006,35.),(-83.400000000000006,-83.799999999999997),(35.,-83.799999999999997)));
#3746=IFCARBITRARYCLOSEDPROFILEDEF(.AREA.,$,#3744);
#3747=IFCCARTESIANPOINT((25.,102.5,25.));
#3748=IFCDIRECTION((0.,-1.,0.));
#3749=IFCDIRECTION((1.,0.,0.));
#3750=IFCAXIS2PLACEMENT3D(#3747,#3748,#3749);
#3751=IFCDIRECTION((0.,0.,-1.));
#3752=IFCEXTRUDEDAREASOLID(#3746,#3750,#3751,10.);
#3753=IFCSHAPEREPRESENTATION(#11,'Body','SweptSolid',(#3721,#3732,#3743,#3752));
#3754=IFCPRODUCTDEFINITIONSHAPE($,$,(#3753));
#3760=IFCCARTESIANPOINT((16000.,11800.,1000.));
#3761=IFCDIRECTION((0.,0.,1.));
#3762=IFCDIRECTION((1.,0.,0.));
#3763=IFCAXIS2PLACEMENT3D(#3760,#3761,#3762);
#3764=IFCLOCALPLACEMENT(#34,#3763);
#3765=IFCWINDOW('2BiSpKBp9BAeSn0OyBMBqu',$,'Window 3-3',$,$,#3819,#3809,$,$,$,$,$,$);
#3766=IFCCARTESIANPOINTLIST2D(((0.,0.),(1.6000000000000001,0.),(1.6000000000000001,1.2),(0.,1.2)));
#3767=IFCINDEXEDPOLYCURVE(#3766,(IFCLINEINDEX((1,2,3,4,1))),$);
#3768=IFCCARTESIANPOINTLIST2D(((25.,25.),(-23.399999999999999,25.),(-23.399999999999999,-23.799999999999997),(25.,-23.799999999999997)));
#3769=IFCINDEXEDPOLYCURVE(#3768,(IFCLINEINDEX((1,2,3,4,1))),$);
#3770=IFCARBITRARYPROFILEDEFWITHVOIDS(.AREA.,$,#3767,(#3769));
#3771=IFCCARTESIANPOINT((0.,90.,0.));
#3772=IFCDIRECTION((0.,-1.,0.));
#3773=IFCDIRECTION((1.,0.,0.));
#3774=IFCAXIS2PLACEMENT3D(#3771,#3772,#3773);
#3775=IFCDIRECTION((0.,0.,-1.));
#3776=IFCEXTRUDEDAREASOLID(#3770,#3774,#3775,10.);
#3777=IFCCARTESIANPOINTLIST2D(((0.,0.),(1.6000000000000001,0.),(1.6000000000000001,1.2),(0.,1.2)));
#3778=IFCINDEXEDPOLYCURVE(#3777,(IFCLINEINDEX((1,2,3,4,1))),$);
#3779=IFCCARTESIANPOINTLIST2D(((50.,50.),(-48.400000000000006,50.),(-48.400000000000006,-48.799999999999997),(50.,-48.799999999999997)));
#3780=IFCINDEXEDPOLYCURVE(#3779,(IFCLINEINDEX((1,2,3,4,1))),$);
#3781=IFCARBITRARYPROFILEDEFWITHVOIDS(.AREA.,$,#3778,(#3780));
#3782=IFCCARTESIANPOINT((0.,50.,0.));
#3783=IFCDIRECTION((0.,-1.,0.));
#3784=IFCDIRECTION((1.,0.,0.));
#3785=IFCAXIS2PLACEMENT3D(#3782,#3783,#3784);
#3786=IFCDIRECTION((0.,0.,-1.));
#3787=IFCEXTRUDEDAREASOLID(#3781,#3785,#3786,40.);
#3788=IFCCARTESIANPOINTLIST2D(((0.,0.),(-48.399999999999999,0.),(-48.399999999999999,-48.799999999999997),(0.,-48.799999999999997)));
#3789=IFCINDEXEDPOLYCURVE(#3788,(IFCLINEINDEX((1,2,3,4,1))),$);
#3790=IFCCARTESIANPOINTLIST2D(((35.,35.),(-83.400000000000006,35.),(-83.400000000000006,-83.799999999999997),(35.,-83.799999999999997)));
#3791=IFCINDEXEDPOLYCURVE(#3790,(IFCLINEINDEX((1,2,3,4,1))),$);
#3792=IFCARBITRARYPROFILEDEFWITHVOIDS(.AREA.,$,#3789,(#3791));
#3793=IFCCARTESIANPOINT((25.,90.,25.));
#3794=IFCDIRECTION((0.,-1.,0.));
#3795=IFCDIRECTION((1.,0.,0.));
#3796=IFCAXIS2PLACEMENT3D(#3793,#3794,#3795);
#3797=IFCDIRECTION((0.,0.,-1.));
#3798=IFCEXTRUDEDAREASOLID(#3792,#3796,#3797,35.);
#3799=IFCINDEXEDPOLYCURVE(#3800,(IFCLINEINDEX((1,2,3,4,1))),$);
#3800=IFCCARTESIANPOINTLIST2D(((35.,35.),(-83.400000000000006,35.),(-83.400000000000006,-83.799999999999997),(35.,-83.799999999999997)));
#3801=IFCARBITRARYCLOSEDPROFILEDEF(.AREA.,$,#3799);
#3802=IFCCARTESIANPOINT((25.,102.5,25.));
#3803=IFCDIRECTION((0.,-1.,0.));
#3804=IFCDIRECTION((1.,0.,0.));
#3805=IFCAXIS2PLACEMENT3D(#3802,#3803,#3804);
#3806=IFCDIRECTION((0.,0.,-1.));
#3807=IFCEXTRUDEDAREASOLID(#3801,#3805,#3806,10.);
#3808=IFCSHAPEREPRESENTATION(#11,'Body','SweptSolid',(#3776,#3787,#3798,#3807));
#3809=IFCPRODUCTDEFINITIONSHAPE($,$,(#3808));
#3815=IFCCARTESIANPOINT((26500.,11800.,1000.));
#3816=IFCDIRECTION((0.,0.,1.));
#3817=IFCDIRECTION((1.,0.,0.));
#3818=IFCAXIS2PLACEMENT3D(#3815,#3816,#3817);
#3819=IFCLOCALPLACEMENT(#34,#3818);
#3820=IFCWINDOW('3Uta5x52D8fhn1xcTcQpt6',$,'Window 3-4',$,$,#3874,#3864,$,$,$,$,$,$);
#3821=IFCCARTESIANPOINTLIST2D(((0.,0.),(1.6000000000000001,0.),(1.6000000000000001,1.2),(0.,1.2)));
#3822=IFCINDEXEDPOLYCURVE(#3821,(IFCLINEINDEX((1,2,3,4,1))),$);
#3823=IFCCARTESIANPOINTLIST2D(((25.,25.),(-23.399999999999999,25.),(-23.399999999999999,-23.799999999999997),(25.,-23.799999999999997)));
#3824=IFCINDEXEDPOLYCURVE(#3823,(IFCLINEINDEX((1,2,3,4,1))),$);
#3825=IFCARBITRARYPROFILEDEFWITHVOIDS(.AREA.,$,#3822,(#3824));
#3826=IFCCARTESIANPOINT((0.,90.,0.));
#3827=IFCDIRECTION((0.,-1.,0.));
#3828=IFCDIRECTION((1.,0.,0.));
#3829=IFCAXIS2PLACEMENT3D(#3826,#3827,#3828);
#3830=IFCDIRECTION((0.,0.,-1.));
#3831=IFCEXTRUDEDAREASOLID(#3825,#3829,#3830,10.);
#3832=IFCCARTESIANPOINTLIST2D(((0.,0.),(1.6000000000000001,0.),(1.6000000000000001,1.2),(0.,1.2)));
#3833=IFCINDEXEDPOLYCURVE(#3832,(IFCLINEINDEX((1,2,3,4,1))),$);
#3834=IFCCARTESIANPOINTLIST2D(((50.,50.),(-48.400000000000006,50.),(-48.400000000000006,-48.799999999999997),(50.,-48.799999999999997)));
#3835=IFCINDEXEDPOLYCURVE(#3834,(IFCLINEINDEX((1,2,3,4,1))),$);
#3836=IFCARBITRARYPROFILEDEFWITHVOIDS(.AREA.,$,#3833,(#3835));
#3837=IFCCARTESIANPOINT((0.,50.,0.));
#3838=IFCDIRECTION((0.,-1.,0.));
#3839=IFCDIRECTION((1.,0.,0.));
#3840=IFCAXIS2PLACEMENT3D(#3837,#3838,#3839);
#3841=IFCDIRECTION((0.,0.,-1.));
#3842=IFCEXTRUDEDAREASOLID(#3836,#3840,#3841,40.);
#3843=IFCCARTESIANPOINTLIST2D(((0.,0.),(-48.399999999999999,0.),(-48.399999999999999,-48.799999999999997),(0.,-48.799999999999997)));
#3844=IFCINDEXEDPOLYCURVE(#3843,(IFCLINEINDEX((1,2,3,4,1))),$);
#3845=IFCCARTESIANPOINTLIST2D(((35.,35.),(-83.400000000000006,35.),(-83.400000000000006,-83.799999999999997),(35.,-83.799999999999997)));
#3846=IFCINDEXEDPOLYCURVE(#3845,(IFCLINEINDEX((1,2,3,4,1))),$);
#3847=IFCARBITRARYPROFILEDEFWITHVOIDS(.AREA.,$,#3844,(#3846));
#3848=IFCCARTESIANPOINT((25.,90.,25.));
#3849=IFCDIRECTION((0.,-1.,0.));
#3850=IFCDIRECTION((1.,0.,0.));
#3851=IFCAXIS2PLACEMENT3D(#3848,#3849,#3850);
#3852=IFCDIRECTION((0.,0.,-1.));
#3853=IFCEXTRUDEDAREASOLID(#3847,#3851,#3852,35.);
#3854=IFCINDEXEDPOLYCURVE(#3855,(IFCLINEINDEX((1,2,3,4,1))),$);
#3855=IFCCARTESIANPOINTLIST2D(((35.,35.),(-83.400000000000006,35.),(-83.400000000000006,-83.799999999999997),(35.,-83.799999999999997)));
#3856=IFCARBITRARYCLOSEDPROFILEDEF(.AREA.,$,#3854);
#3857=IFCCARTESIANPOINT((25.,102.5,25.));
#3858=IFCDIRECTION((0.,-1.,0.));
#3859=IFCDIRECTION((1.,0.,0.));
#3860=IFCAXIS2PLACEMENT3D(#3857,#3858,#3859);
#3861=IFCDIRECTION((0.,0.,-1.));
#3862=IFCEXTRUDEDAREASOLID(#3856,#3860,#3861,10.);
#3863=IFCSHAPEREPRESENTATION(#11,'Body','SweptSolid',(#3831,#3842,#3853,#3862));
#3864=IFCPRODUCTDEFINITIONSHAPE($,$,(#3863));
#3870=IFCCARTESIANPOINT((6000.,200.,1000.));
#3871=IFCDIRECTION((0.,0.,1.));
#3872=IFCDIRECTION((-1.,1.2246467991473532E-16,0.));
#3873=IFCAXIS2PLACEMENT3D(#3870,#3871,#3872);
#3874=IFCLOCALPLACEMENT(#34,#3873);
#3875=IFCWINDOW('0hTWVIhXf0wxP3_KRL7Mey',$,'Window 3-5',$,$,#3929,#3919,$,$,$,$,$,$);
#3876=IFCCARTESIANPOINTLIST2D(((0.,0.),(1.6000000000000001,0.),(1.6000000000000001,1.2),(0.,1.2)));
#3877=IFCINDEXEDPOLYCURVE(#3876,(IFCLINEINDEX((1,2,3,4,1))),$);
#3878=IFCCARTESIANPOINTLIST2D(((25.,25.),(-23.399999999999999,25.),(-23.399999999999999,-23.799999999999997),(25.,-23.799999999999997)));
#3879=IFCINDEXEDPOLYCURVE(#3878,(IFCLINEINDEX((1,2,3,4,1))),$);
#3880=IFCARBITRARYPROFILEDEFWITHVOIDS(.AREA.,$,#3877,(#3879));
#3881=IFCCARTESIANPOINT((0.,90.,0.));
#3882=IFCDIRECTION((0.,-1.,0.));
#3883=IFCDIRECTION((1.,0.,0.));
#3884=IFCAXIS2PLACEMENT3D(#3881,#3882,#3883);
#3885=IFCDIRECTION((0.,0.,-1.));
#3886=IFCEXTRUDEDAREASOLID(#3880,#3884,#3885,10.);
#3887=IFCCARTESIANPOINTLIST2D(((0.,0.),(1.6000000000000001,0.),(1.6000000000000001,1.2),(0.,1.2)));
#3888=IFCINDEXEDPOLYCURVE(#3887,(IFCLINEINDEX((1,2,3,4,1))),$);
#3889=IFCCARTESIANPOINTLIST2D(((50.,50.),(-48.400000000000006,50.),(-48.400000000000006,-48.799999999999997),(50.,-48.799999999999997)));
#3890=IFCINDEXEDPOLYCURVE(#3889,(IFCLINEINDEX((1,2,3,4,1))),$);
#3891=IFCARBITRARYPROFILEDEFWITHVOIDS(.AREA.,$,#3888,(#3890));
#3892=IFCCARTESIANPOINT((0.,50.,0.));
#3893=IFCDIRECTION((0.,-1.,0.));
#3894=IFCDIRECTION((1.,0.,0.));
#3895=IFCAXIS2PLACEMENT3D(#3892,#3893,#3894);
#3896=IFCDIRECTION((0.,0.,-1.));
#3897=IFCEXTRUDEDAREASOLID(#3891,#3895,#3896,40.);
#3898=IFCCARTESIANPOINTLIST2D(((0.,0.),(-48.399999999999999,0.),(-48.399999999999999,-48.799999999999997),(0.,-48.799999999999997)));
#3899=IFCINDEXEDPOLYCURVE(#3898,(IFCLINEINDEX((1,2,3,4,1))),$);
#3900=IFCCARTESIANPOINTLIST2D(((35.,35.),(-83.400000000000006,35.),(-83.400000000000006,-83.799999999999997),(35.,-83.799999999999997)));
#3901=IFCINDEXEDPOLYCURVE(#3900,(IFCLINEINDEX((1,2,3,4,1))),$);
#3902=IFCARBITRARYPROFILEDEFWITHVOIDS(.AREA.,$,#3899,(#3901));
#3903=IFCCARTESIANPOINT((25.,90.,25.));
#3904=IFCDIRECTION((0.,-1.,0.));
#3905=IFCDIRECTION((1.,0.,0.));
#3906=IFCAXIS2PLACEMENT3D(#3903,#3904,#3905);
#3907=IFCDIRECTION((0.,0.,-1.));
#3908=IFCEXTRUDEDAREASOLID(#3902,#3906,#3907,35.);
#3909=IFCINDEXEDPOLYCURVE(#3910,(IFCLINEINDEX((1,2,3,4,1))),$);
#3910=IFCCARTESIANPOINTLIST2D(((35.,35.),(-83.400000000000006,35.),(-83.400000000000006,-83.799999999999997),(35.,-83.799999999999997)));
#3911=IFCARBITRARYCLOSEDPROFILEDEF(.AREA.,$,#3909);
#3912=IFCCARTESIANPOINT((25.,102.5,25.));
#3913=IFCDIRECTION((0.,-1.,0.));
#3914=IFCDIRECTION((1.,0.,0.));
#3915=IFCAXIS2PLACEMENT3D(#3912,#3913,#3914);
#3916=IFCDIRECTION((0.,0.,-1.));
#3917=IFCEXTRUDEDAREASOLID(#3911,#3915,#3916,10.);
#3918=IFCSHAPEREPRESENTATION(#11,'Body','SweptSolid',(#3886,#3897,#3908,#3917));
#3919=IFCPRODUCTDEFINITIONSHAPE($,$,(#3918));
#3925=IFCCARTESIANPOINT((16000.,200.,1000.));
#3926=IFCDIRECTION((0.,0.,1.));
#3927=IFCDIRECTION((-1.,1.2246467991473532E-16,0.));
#3928=IFCAXIS2PLACEMENT3D(#3925,#3926,#3927);
#3929=IFCLOCALPLACEMENT(#34,#3928);
#3930=IFCWINDOW('2j3O5sffj9D9w1Jvg4a65a',$,'Window 3-6',$,$,#3984,#3974,$,$,$,$,$,$);
#3931=IFCCARTESIANPOINTLIST2D(((0.,0.),(1.6000000000000001,0.),(1.6000000000000001,1.2),(0.,1.2)));
#3932=IFCINDEXEDPOLYCURVE(#3931,(IFCLINEINDEX((1,2,3,4,1))),$);
#3933=IFCCARTESIANPOINTLIST2D(((25.,25.),(-23.399999999999999,25.),(-23.399999999999999,-23.799999999999997),(25.,-23.799999999999997)));
#3934=IFCINDEXEDPOLYCURVE(#3933,(IFCLINEINDEX((1,2,3,4,1))),$);
#3935=IFCARBITRARYPROFILEDEFWITHVOIDS(.AREA.,$,#3932,(#3934));
#3936=IFCCARTESIANPOINT((0.,90.,0.));
#3937=IFCDIRECTION((0.,-1.,0.));
#3938=IFCDIRECTION((1.,0.,0.));
#3939=IFCAXIS2PLACEMENT3D(#3936,#3937,#3938);
#3940=IFCDIRECTION((0.,0.,-1.));
#3941=IFCEXTRUDEDAREASOLID(#3935,#3939,#3940,10.);
#3942=IFCCARTESIANPOINTLIST2D(((0.,0.),(1.6000000000000001,0.),(1.6000000000000001,1.2),(0.,1.2)));
#3943=IFCINDEXEDPOLYCURVE(#3942,(IFCLINEINDEX((1,2,3,4,1))),$);
#3944=IFCCARTESIANPOINTLIST2D(((50.,50.),(-48.400000000000006,50.),(-48.400000000000006,-48.799999999999997),(50.,-48.799999999999997)));
#3945=IFCINDEXEDPOLYCURVE(#3944,(IFCLINEINDEX((1,2,3,4,1))),$);
#3946=IFCARBITRARYPROFILEDEFWITHVOIDS(.AREA.,$,#3943,(#3945));
#3947=IFCCARTESIANPOINT((0.,50.,0.));
#3948=IFCDIRECTION((0.,-1.,0.));
#3949=IFCDIRECTION((1.,0.,0.));
#3950=IFCAXIS2PLACEMENT3D(#3947,#3948,#3949);
#3951=IFCDIRECTION((0.,0.,-1.));
#3952=IFCEXTRUDEDAREASOLID(#3946,#3950,#3951,40.);
#3953=IFCCARTESIANPOINTLIST2D(((0.,0.),(-48.399999999999999,0.),(-48.399999999999999,-48.799999999999997),(0.,-48.799999999999997)));
#3954=IFCINDEXEDPOLYCURVE(#3953,(IFCLINEINDEX((1,2,3,4,1))),$);
#3955=IFCCARTESIANPOINTLIST2D(((35.,35.),(-83.400000000000006,35.),(-83.400000000000006,-83.799999999999997),(35.,-83.799999999999997)));
#3956=IFCINDEXEDPOLYCURVE(#3955,(IFCLINEINDEX((1,2,3,4,1))),$);
#3957=IFCARBITRARYPROFILEDEFWITHVOIDS(.AREA.,$,#3954,(#3956));
#3958=IFCCARTESIANPOINT((25.,90.,25.));
#3959=IFCDIRECTION((0.,-1.,0.));
#3960=IFCDIRECTION((1.,0.,0.));
#3961=IFCAXIS2PLACEMENT3D(#3958,#3959,#3960);
#3962=IFCDIRECTION((0.,0.,-1.));
#3963=IFCEXTRUDEDAREASOLID(#3957,#3961,#3962,35.);
#3964=IFCINDEXEDPOLYCURVE(#3965,(IFCLINEINDEX((1,2,3,4,1))),$);
#3965=IFCCARTESIANPOINTLIST2D(((35.,35.),(-83.400000000000006,35.),(-83.400000000000006,-83.799999999999997),(35.,-83.799999999999997)));
#3966=IFCARBITRARYCLOSEDPROFILEDEF(.AREA.,$,#3964);
#3967=IFCCARTESIANPOINT((25.,102.5,25.));
#3968=IFCDIRECTION((0.,-1.,0.));
#3969=IFCDIRECTION((1.,0.,0.));
#3970=IFCAXIS2PLACEMENT3D(#3967,#3968,#3969);
#3971=IFCDIRECTION((0.,0.,-1.));
#3972=IFCEXTRUDEDAREASOLID(#3966,#3970,#3971,10.);
#3973=IFCSHAPEREPRESENTATION(#11,'Body','SweptSolid',(#3941,#3952,#3963,#3972));
#3974=IFCPRODUCTDEFINITIONSHAPE($,$,(#3973));
#3980=IFCCARTESIANPOINT((26500.,200.,1000.));
#3981=IFCDIRECTION((0.,0.,1.));
#3982=IFCDIRECTION((-1.,1.2246467991473532E-16,0.));
#3983=IFCAXIS2PLACEMENT3D(#3980,#3981,#3982);
#3984=IFCLOCALPLACEMENT(#34,#3983);
#3985=IFCWINDOW('0dMfW_5Yv5H9aDohKDi4qP',$,'Window 3-7',$,$,#4039,#4029,$,$,$,$,$,$);
#3986=IFCCARTESIANPOINTLIST2D(((0.,0.),(1.,0.),(1.,1.2),(0.,1.2)));
#3987=IFCINDEXEDPOLYCURVE(#3986,(IFCLINEINDEX((1,2,3,4,1))),$);
#3988=IFCCARTESIANPOINTLIST2D(((25.,25.),(-24.,25.),(-24.,-23.799999999999997),(25.,-23.799999999999997)));
#3989=IFCINDEXEDPOLYCURVE(#3988,(IFCLINEINDEX((1,2,3,4,1))),$);
#3990=IFCARBITRARYPROFILEDEFWITHVOIDS(.AREA.,$,#3987,(#3989));
#3991=IFCCARTESIANPOINT((0.,90.,0.));
#3992=IFCDIRECTION((0.,-1.,0.));
#3993=IFCDIRECTION((1.,0.,0.));
#3994=IFCAXIS2PLACEMENT3D(#3991,#3992,#3993);
#3995=IFCDIRECTION((0.,0.,-1.));
#3996=IFCEXTRUDEDAREASOLID(#3990,#3994,#3995,10.);
#3997=IFCCARTESIANPOINTLIST2D(((0.,0.),(1.,0.),(1.,1.2),(0.,1.2)));
#3998=IFCINDEXEDPOLYCURVE(#3997,(IFCLINEINDEX((1,2,3,4,1))),$);
#3999=IFCCARTESIANPOINTLIST2D(((50.,50.),(-49.,50.),(-49.,-48.799999999999997),(50.,-48.799999999999997)));
#4000=IFCINDEXEDPOLYCURVE(#3999,(IFCLINEINDEX((1,2,3,4,1))),$);
#4001=IFCARBITRARYPROFILEDEFWITHVOIDS(.AREA.,$,#3998,(#4000));
#4002=IFCCARTESIANPOINT((0.,50.,0.));
#4003=IFCDIRECTION((0.,-1.,0.));
#4004=IFCDIRECTION((1.,0.,0.));
#4005=IFCAXIS2PLACEMENT3D(#4002,#4003,#4004);
#4006=IFCDIRECTION((0.,0.,-1.));
#4007=IFCEXTRUDEDAREASOLID(#4001,#4005,#4006,40.);
#4008=IFCCARTESIANPOINTLIST2D(((0.,0.),(-49.,0.),(-49.,-48.799999999999997),(0.,-48.799999999999997)));
#4009=IFCINDEXEDPOLYCURVE(#4008,(IFCLINEINDEX((1,2,3,4,1))),$);
#4010=IFCCARTESIANPOINTLIST2D(((35.,35.),(-84.,35.),(-84.,-83.799999999999997),(35.,-83.799999999999997)));
#4011=IFCINDEXEDPOLYCURVE(#4010,(IFCLINEINDEX((1,2,3,4,1))),$);
#4012=IFCARBITRARYPROFILEDEFWITHVOIDS(.AREA.,$,#4009,(#4011));
#4013=IFCCARTESIANPOINT((25.,90.,25.));
#4014=IFCDIRECTION((0.,-1.,0.));
#4015=IFCDIRECTION((1.,0.,0.));
#4016=IFCAXIS2PLACEMENT3D(#4013,#4014,#4015);
#4017=IFCDIRECTION((0.,0.,-1.));
#4018=IFCEXTRUDEDAREASOLID(#4012,#4016,#4017,35.);
#4019=IFCINDEXEDPOLYCURVE(#4020,(IFCLINEINDEX((1,2,3,4,1))),$);
#4020=IFCCARTESIANPOINTLIST2D(((35.,35.),(-84.,35.),(-84.,-83.799999999999997),(35.,-83.799999999999997)));
#4021=IFCARBITRARYCLOSEDPROFILEDEF(.AREA.,$,#4019);
#4022=IFCCARTESIANPOINT((25.,102.5,25.));
#4023=IFCDIRECTION((0.,-1.,0.));
#4024=IFCDIRECTION((1.,0.,0.));
#4025=IFCAXIS2PLACEMENT3D(#4022,#4023,#4024);
#4026=IFCDIRECTION((0.,0.,-1.));
#4027=IFCEXTRUDEDAREASOLID(#4021,#4025,#4026,10.);
#4028=IFCSHAPEREPRESENTATION(#11,'Body','SweptSolid',(#3996,#4007,#4018,#4027));
#4029=IFCPRODUCTDEFINITIONSHAPE($,$,(#4028));
#4035=IFCCARTESIANPOINT((33500.,2500.,1000.));
#4036=IFCDIRECTION((0.,0.,1.));
#4037=IFCDIRECTION((6.123233995736766E-17,1.,0.));
#4038=IFCAXIS2PLACEMENT3D(#4035,#4036,#4037);
#4039=IFCLOCALPLACEMENT(#34,#4038);
#4040=IFCROOF('2srs57cKH60gUROhUMSDWS',$,'Flat Roof',$,$,#4057,#4047,$,$);
#4041=IFCCARTESIANPOINTLIST2D(((0.,0.),(36000.,0.),(36000.,12000.),(0.,12000.),(0.,0.)));
#4042=IFCINDEXEDPOLYCURVE(#4041,$,$);
#4043=IFCDIRECTION((0.,0.,1.));
#4044=IFCARBITRARYCLOSEDPROFILEDEF(.AREA.,$,#4042);
#4045=IFCEXTRUDEDAREASOLID(#4044,$,#4043,200.);
#4046=IFCSHAPEREPRESENTATION(#11,'Body','SweptSolid',(#4045));
#4047=IFCPRODUCTDEFINITIONSHAPE($,$,(#4046));
#4053=IFCCARTESIANPOINT((0.,0.,3299.9999999999995));
#4054=IFCDIRECTION((0.,0.,1.));
#4055=IFCDIRECTION((1.,0.,0.));
#4056=IFCAXIS2PLACEMENT3D(#4053,#4054,#4055);
#4057=IFCLOCALPLACEMENT(#34,#4056);
ENDSEC;
END-ISO-10303-21;
