/*--------------------------------*- C++ -*----------------------------------*\
  =========                 |
  \\      /  F ield         | OpenFOAM: The Open Source CFD Toolbox
   \\    /   O peration     | Website:  https://openfoam.org
    \\  /    A nd           | Version:  11
     \\/     M anipulation  |
\*---------------------------------------------------------------------------*/
FoamFile
{
    format      ascii;
    class       surfaceVectorField;
    location    "1.75";
    object      Uf;
}
// * * * * * * * * * * * * * * * * * * * * * * * * * * * * * * * * * * * * * //

dimensions      [0 1 -1 0 0 0 0];

internalField   nonuniform List<vector> 
3485
(
(0.1052383992 -0.1092284873 2.734744758e-21)
(0.1078349966 -0.1069214386 6.592992663e-21)
(0.09296354628 -0.1083345798 2.291545224e-23)
(0.1103389804 -0.09759412206 8.836098933e-21)
(0.1264566018 -0.1145762015 -3.989187624e-21)
(0.09892739995 -0.106819376 5.737500032e-22)
(0.1250715001 -0.08871699564 1.038990531e-20)
(0.1297878051 -0.09336536496 5.064350268e-21)
(0.09235632611 -0.07811278727 1.420645256e-20)
(0.1744838933 -0.11219553 -5.388084192e-21)
(0.1682886033 -0.102252397 9.520170928e-21)
(0.1190523611 -0.08411539444 -2.956290285e-21)
(0.2504334827 -0.1604755702 -8.282600055e-21)
(0.2416872931 -0.1416080671 -4.306309953e-21)
(0.1788588359 -0.1243459195 -8.963486382e-21)
(0.3379479252 -0.2182805256 -1.31575345e-20)
(0.3338860734 -0.1964742789 -4.425810917e-21)
(0.2571757302 -0.1823527592 -2.772838764e-21)
(0.424898959 -0.273548885 -1.104155826e-20)
(0.4295037145 -0.2527815656 -1.703592905e-21)
(0.3401986376 -0.243063887 2.548373631e-21)
(0.5041431433 -0.3196538392 6.15522503e-21)
(0.5185916824 -0.301451454 -3.131127403e-21)
(0.4187322448 -0.296874628 2.111824501e-20)
(0.5741411567 -0.3552691612 9.715301967e-21)
(0.597696875 -0.33821538 -2.982667425e-21)
(0.4888219274 -0.3382742265 -7.620407137e-22)
(0.6526908471 -0.3723994219 -1.640120642e-20)
(0.5393157637 -0.368059615 -2.026547864e-20)
(0.6463445137 -0.3915386059 -6.287544853e-21)
(0.1283997479 -0.1129939852 -7.014344057e-22)
(0.1248321847 -0.1055063423 -3.808927789e-21)
(0.1465086706 -0.1101234545 -7.603642425e-21)
(0.1600560256 -0.1230738561 3.042827485e-21)
(0.1731732021 -0.1066625593 3.913034192e-21)
(0.1760280226 -0.1097557135 -1.307646441e-20)
(0.2356734143 -0.1310091896 1.109866847e-20)
(0.2275160967 -0.1212202526 2.384486658e-21)
(0.3251645754 -0.176926197 -5.266075994e-23)
(0.3141962931 -0.1587052887 6.003990689e-21)
(0.4251640392 -0.2306500959 7.182163961e-21)
(0.4185645706 -0.2090825957 -1.489829946e-21)
(0.522345507 -0.2812221589 5.989579921e-21)
(0.5238092607 -0.2598143692 5.191105121e-21)
(0.6093138509 -0.3230052171 -1.442265731e-20)
(0.619240445 -0.3028913118 1.452271342e-20)
(0.6867691582 -0.3574239982 -2.604958564e-20)
(0.7009883068 -0.3356151372 -3.219314298e-23)
(0.7580535697 -0.3675467507 -9.280701735e-21)
(0.757042629 -0.3867394869 -1.848442351e-20)
(0.1556268159 -0.1163638853 -4.446688369e-22)
(0.1438144031 -0.1032576289 -6.981293957e-21)
(0.1900643385 -0.1223081965 -2.330447387e-21)
(0.1996169778 -0.1302379532 2.574471498e-21)
(0.2304911174 -0.1239418645 -1.486032001e-20)
(0.2308812875 -0.1243114567 -6.211141558e-21)
(0.3061497557 -0.1481737528 -2.255879813e-21)
(0.296155841 -0.1373673635 -9.621287362e-22)
(0.4074973943 -0.1901548567 4.608469224e-21)
(0.3950557624 -0.1714075339 4.525292638e-21)
(0.5166833027 -0.2379210439 -3.534807685e-21)
(0.508855261 -0.2153202087 -8.282354046e-21)
(0.6193545475 -0.2819447006 1.311486337e-20)
(0.6196571427 -0.258381374 -1.699703117e-20)
(0.7077978111 -0.3175962319 2.885674076e-20)
(0.7163677563 -0.2938294437 1.698756412e-20)
(0.7829095915 -0.3466873385 1.354967556e-20)
(0.7951462123 -0.319967099 2.701567921e-20)
(0.8475906902 -0.3458504231 4.351983865e-21)
(0.8399128234 -0.3660426836 5.299131024e-21)
(0.1868271287 -0.1180422194 -4.041109351e-21)
(0.1647277115 -0.09962349866 -6.417068206e-22)
(0.2408701329 -0.1317445924 -1.251965689e-21)
(0.2449742679 -0.1344484814 1.341538725e-21)
(0.296677053 -0.1373021076 7.459199364e-21)
(0.2939101476 -0.1346162382 3.237474471e-21)
(0.3851840395 -0.159853167 6.243476363e-21)
(0.3733433672 -0.147837861 -2.391553643e-21)
(0.496334303 -0.1959710451 -8.334701177e-21)
(0.482883264 -0.1768088743 2.168495173e-21)
(0.611381476 -0.2356807436 -2.171569604e-20)
(0.6030142583 -0.2126049082 -1.716474032e-21)
(0.7155738608 -0.2710625118 -1.393174011e-20)
(0.7154515301 -0.2465398122 -1.337434787e-20)
(0.801476216 -0.2984686507 1.511987618e-20)
(0.8094540099 -0.2732117782 -8.575975135e-22)
(0.8706534523 -0.3197570026 1.485229792e-20)
(0.8819752511 -0.2916634059 1.504990353e-20)
(0.9270654841 -0.3107689004 2.64487158e-22)
(0.9168217858 -0.3309000892 -3.277688442e-21)
(0.2217765379 -0.11706794 4.728222081e-21)
(0.1873944581 -0.09407535706 2.552037525e-21)
(0.298349451 -0.1367079425 5.782359726e-21)
(0.2954769093 -0.1342086307 -7.189834381e-21)
(0.3706434487 -0.1446252582 -7.028030752e-21)
(0.3637888773 -0.1385239737 -2.834325319e-21)
(0.4710589543 -0.1640028361 -6.234759941e-21)
(0.4569393924 -0.150255116 1.578815747e-21)
(0.5893373453 -0.1928895097 8.808314136e-21)
(0.5747142177 -0.1727677945 1.355118294e-20)
(0.7065020191 -0.2234713366 6.699933701e-21)
(0.6974555332 -0.1994574627 5.798009119e-21)
(0.8082169565 -0.2495952265 -1.667309076e-21)
(0.8073950509 -0.2237996315 0)
(0.8880579403 -0.2686416473 -2.389779012e-21)
(0.895001639 -0.2417874786 -9.884238897e-22)
(0.9487713473 -0.2824448601 5.492546725e-22)
(0.9586499629 -0.2531816385 -1.147723562e-21)
(0.9951388313 -0.2663801725 -8.669386761e-22)
(0.9835991472 -0.2867977117 -6.294141096e-22)
(0.2599659908 -0.1124288594 -9.303540926e-21)
(0.2116103755 -0.08616391094 3.887578504e-21)
(0.3612281853 -0.1353664273 -1.583341856e-20)
(0.3500995877 -0.1282457744 -1.63272088e-20)
(0.4501858646 -0.1436350685 5.531924242e-21)
(0.4384919968 -0.1343248831 -1.704438158e-20)
(0.5606364505 -0.1583397834 2.155391902e-20)
(0.5439492359 -0.1429616519 1.431108386e-20)
(0.6826515979 -0.1790255646 1.058396711e-20)
(0.6668278705 -0.1581643991 1.951116999e-20)
(0.7978994824 -0.2000989422 -7.520524397e-22)
(0.7881931265 -0.1756574837 -1.002189754e-21)
(0.8933673796 -0.2171838444 0)
(0.8917841292 -0.1909934283 -1.25890172e-20)
(0.9643072513 -0.2286240662 -1.141925276e-21)
(0.9700367395 -0.2014054972 3.40401064e-20)
(1.014807862 -0.2361138169 -2.565293897e-21)
(1.023116165 -0.2071586194 1.046399588e-20)
(1.050268189 -0.2158692406 -2.987792844e-20)
(1.038670563 -0.2360219513 -1.27603964e-20)
(0.3005594966 -0.1033356862 -3.055711797e-21)
(0.236881152 -0.07541722554 4.870015582e-21)
(0.4275767967 -0.1264871107 -1.753374293e-20)
(0.4070635239 -0.1154396596 1.430459886e-20)
(0.5322889318 -0.1331404591 -8.451941946e-21)
(0.5149197635 -0.1207039013 -1.135089667e-20)
(0.6500741824 -0.1422260102 1.241587004e-20)
(0.6302018154 -0.1249282418 -1.966638175e-20)
(0.7720779301 -0.1547021761 8.087304558e-21)
(0.7544933834 -0.1326583472 9.463137489e-21)
(0.88157999 -0.1670622211 -1.260404574e-20)
(0.8705982386 -0.1417547 1.288161475e-20)
(0.9677184932 -0.1765001352 2.120815167e-20)
(0.9646836942 -0.1495382531 -1.230900287e-20)
(1.027867012 -0.1820702842 4.632281251e-20)
(1.031692444 -0.154181319 2.008604122e-20)
(1.067496007 -0.1851428341 -1.665082861e-20)
(1.073697242 -0.1561642592 1.178604053e-20)
(1.09195361 -0.1622480893 -3.218057202e-20)
(1.081347367 -0.1826933032 -5.335620298e-20)
(0.3421993685 -0.08901311445 2.220191903e-20)
(0.2625318 -0.06144985437 7.253999507e-21)
(0.494561046 -0.1089330514 2.050134541e-20)
(0.4641076389 -0.09502812432 1.95857529e-20)
(0.612866126 -0.1120838395 -2.251581975e-20)
(0.5894510529 -0.0969608798 3.186873926e-21)
(0.7345668611 -0.115042918 -2.260916112e-20)
(0.7112984521 -0.09590138974 -2.300239445e-20)
(0.8528003822 -0.1199279467 1.427217506e-20)
(0.833320977 -0.09666386057 -1.979670362e-20)
(0.9533901835 -0.1249872906 1.335152288e-20)
(0.941025255 -0.09881465698 2.607312012e-20)
(1.028238968 -0.1286204356 -1.323065261e-20)
(1.023650178 -0.1009713236 1.550910269e-20)
(1.077011205 -0.1302851659 -1.385113068e-20)
(1.078818519 -0.101881088 9.337181642e-22)
(1.106385515 -0.1308818201 -4.738443857e-21)
(1.110339894 -0.101950236 -1.297467745e-20)
(1.120797637 -0.1071603996 -2.498572449e-20)
(1.111902211 -0.1279496357 -9.264935604e-21)
(0.3832044129 -0.0690455518 4.813711309e-21)
(0.2875923947 -0.04399860332 2.683184643e-21)
(0.5590040481 -0.08234081558 2.228010838e-21)
(0.5185315816 -0.06672581316 1.869775101e-22)
(0.6878207501 -0.08051658798 2.856256671e-21)
(0.6582165414 -0.06312401846 1.594932671e-21)
(0.8099210753 -0.07746682911 -2.02083675e-20)
(0.7830245706 -0.05641710221 -8.908935373e-21)
(0.9213223019 -0.07601746695 -8.285084223e-21)
(0.8996157095 -0.05121033282 -4.546869622e-20)
(1.011038849 -0.0756811115 2.832494731e-20)
(0.9968599613 -0.04817381829 5.417950675e-20)
(1.073955652 -0.07561227174 2.976421808e-20)
(1.067309479 -0.04671254899 1.00485784e-19)
(1.111854337 -0.07536381096 1.434852951e-21)
(1.111086402 -0.04580440829 1.363257354e-20)
(1.132287704 -0.07526644534 -3.437339334e-20)
(1.133398125 -0.04553839807 -3.903537758e-20)
(1.137543099 -0.05141419432 -2.734802292e-20)
(1.131177421 -0.07329630302 -2.845539199e-20)
(0.4216282233 -0.04331914492 -1.671861816e-21)
(0.31098763 -0.02301653271 -4.01611071e-21)
(0.6175855298 -0.0468538493 -5.039926239e-22)
(0.5677064453 -0.03081638961 -8.127235148e-21)
(0.7532809045 -0.03899221925 -1.015750844e-20)
(0.7178665609 -0.0199588455 -1.227172517e-20)
(0.8725776081 -0.03040265948 -3.400363497e-20)
(0.84224476 -0.007685084989 -2.342338156e-20)
(0.975011469 -0.02404859262 1.632559926e-20)
(0.9511261539 0.002281816269 -2.043801452e-20)
(1.053040775 -0.02015876882 1.260913106e-19)
(1.03700235 0.008789010044 3.248867959e-20)
(1.104385083 -0.01822492932 8.442130944e-20)
(1.095570813 0.01209558248 9.854696154e-20)
(1.132589403 -0.01767115603 -2.704838706e-20)
(1.129031886 0.01327264897 8.857671902e-21)
(1.145766437 -0.01824197084 -3.206731437e-20)
(1.143608826 0.01276364267 -5.308810985e-20)
(1.139709299 -0.01833373145 -1.363326731e-20)
(1.142801176 0.005078652954 -8.020940605e-21)
(-0.01263204981 -0.171371613 1.649561459e-21)
(-0.001502019012 -0.1682571294 1.214477455e-22)
(-0.01547458832 -0.176559987 9.930600183e-22)
(-0.01802190239 -0.1355690949 8.62547105e-22)
(-0.009957572714 -0.1631580694 1.676994072e-21)
(-0.02463751804 -0.1771658867 5.017471061e-22)
(-0.0212684525 -0.07690501251 -1.650939574e-21)
(-0.01552338529 -0.09438865629 -1.999354979e-21)
(-0.02541569388 -0.106932499 -1.351213403e-21)
(-0.02255814392 -0.0442814811 2.226257042e-21)
(-0.01954659745 -0.05029406339 -1.357060834e-21)
(-0.02618634918 -0.05627029095 1.215743866e-21)
(-0.02066002971 -0.03484738165 -8.890627959e-22)
(-0.01973242854 -0.03754653529 7.616707909e-21)
(-0.02525983306 -0.03384711619 6.666809766e-21)
(-0.01465564414 -0.0362940062 -1.218690759e-20)
(-0.01541979773 -0.04193272536 6.800513156e-22)
(-0.02095839416 -0.02706366747 -5.299696423e-21)
(-0.004387475346 -0.04040221083 -1.699027967e-21)
(-0.006609427493 -0.05164913513 -7.947756803e-21)
(-0.0124606596 -0.02546281071 -2.827889536e-21)
(0.009651605441 -0.04374775207 1.303949773e-20)
(0.006299499196 -0.06089557628 1.200925198e-20)
(0.0001805141289 -0.02438738008 9.501024583e-21)
(0.02657454281 -0.04556704593 6.81468528e-21)
(0.02229376331 -0.06766755577 6.810978829e-21)
(0.01605382664 -0.02267451643 6.748908095e-21)
(0.04030045335 -0.07124282882 -1.632428785e-20)
(0.04501030179 -0.04939163884 -1.062063335e-22)
(0.03405968377 -0.02056849394 -3.632941054e-21)
(0.0007786703472 -0.1601152657 1.581103213e-22)
(0.01112195231 -0.1594833113 -1.180682727e-21)
(-0.006857511759 -0.1224577936 -1.173320971e-21)
(0.002523688538 -0.1493603634 1.369501673e-21)
(-0.01382917447 -0.06808620988 -1.709301028e-21)
(-0.007522868299 -0.08274517425 1.026317414e-21)
(-0.01667861639 -0.04367407782 3.981693839e-21)
(-0.01373766992 -0.04549547526 -4.622645845e-21)
(-0.01452301342 -0.04464309266 9.223601217e-21)
(-0.01350439294 -0.04235442103 5.754562045e-22)
(-0.007485009335 -0.05726452423 4.961157517e-21)
(-0.00742054658 -0.05766197514 6.446742682e-21)
(0.003907398552 -0.07212564588 5.656545171e-21)
(0.003508946499 -0.07839746815 -3.700750247e-21)
(0.01888821291 -0.08481326097 5.806996687e-21)
(0.01833207294 -0.09772668464 2.170280958e-21)
(0.03648476903 -0.09366872295 -1.621454822e-20)
(0.03581991538 -0.1127585373 1.176294119e-20)
(0.05484249318 -0.1219452625 1.934897933e-22)
(0.05561179002 -0.1007410137 -3.009375752e-20)
(0.01251106839 -0.1488859219 -1.907155674e-23)
(0.02248489833 -0.1504998008 -8.397592514e-22)
(0.002466346523 -0.1100939408 3.560141596e-21)
(0.01315772252 -0.1362123972 3.086749873e-21)
(-0.007453607476 -0.06044714723 -1.853388387e-21)
(-0.0008562527963 -0.07239504036 4.952102625e-21)
(-0.01050345987 -0.04425184866 -8.053679118e-21)
(-0.008078525299 -0.04209566952 -1.345365208e-21)
(-0.006408644685 -0.05534584482 -2.231110799e-21)
(-0.005827371395 -0.04824576415 -2.044889904e-21)
(0.003461649531 -0.07874857497 -2.162856808e-21)
(0.003807842856 -0.07396109166 -1.357806046e-21)
(0.01771782 -0.1039746958 -7.217600224e-21)
(0.01863457056 -0.1051561064 -6.488758298e-21)
(0.03515778646 -0.1256719102 8.077762401e-21)
(0.03700781496 -0.1340643722 -1.555708038e-20)
(0.0546032601 -0.1412919424 2.821512563e-20)
(0.0573795211 -0.1569598935 -5.160251387e-21)
(0.0784384787 -0.1714814282 7.71185227e-21)
(0.07498627142 -0.1513846525 2.918919362e-20)
(0.02281869304 -0.1380745616 2.212494588e-21)
(0.03273853966 -0.1416251185 1.783458595e-21)
(0.01044373872 -0.09894248087 4.472294654e-21)
(0.02241134609 -0.1242413234 -1.584573486e-21)
(-0.001496408338 -0.05433626969 5.497625623e-21)
(0.005144442279 -0.06380992831 9.295938847e-21)
(-0.003317875924 -0.04613962782 4.657749051e-21)
(-0.001810126328 -0.04037653453 1.149622888e-21)
(0.004408815549 -0.06680619864 -1.176734331e-21)
(0.004075601388 -0.05522245859 -3.418018369e-21)
(0.01888499719 -0.100305981 -5.660408869e-21)
(0.01901391259 -0.09052478359 8.840279727e-22)
(0.03769595135 -0.135224941 -1.476139245e-20)
(0.03945630721 -0.1313028617 1.247307002e-21)
(0.0590714783 -0.1653678129 -2.884761382e-20)
(0.06294804666 -0.1690075134 -4.823219236e-21)
(0.08150498556 -0.1873426626 -2.57052816e-20)
(0.08755382906 -0.1991575151 -2.103311902e-20)
(0.1116818465 -0.2185959778 -1.016475543e-20)
(0.1037068321 -0.2001463907 -1.530978225e-20)
(0.03206705673 -0.1281289148 -2.052513095e-21)
(0.04212536983 -0.133215452 9.2064714e-22)
(0.0177148815 -0.08953139027 3.243964323e-21)
(0.03092337571 -0.1140278046 -8.685577826e-21)
(0.004822057801 -0.05015094316 4.99644661e-21)
(0.01133642533 -0.05750289589 6.578792935e-21)
(0.005691140543 -0.0494824583 -6.914665775e-21)
(0.006012841856 -0.04064684696 2.909864177e-21)
(0.01869895743 -0.07886370067 -1.362272916e-21)
(0.01713500641 -0.06326635688 -8.855798668e-21)
(0.03948825194 -0.1214610833 7.789788738e-21)
(0.03906237867 -0.1070254912 7.992339025e-21)
(0.06448644526 -0.1650915511 1.127446826e-20)
(0.06679714018 -0.156203571 1.218156441e-20)
(0.09123080953 -0.2028577225 3.073165366e-21)
(0.09692980422 -0.2016143955 -3.172842121e-21)
(0.117790561 -0.2306273224 -5.545886513e-21)
(0.127085948 -0.238187564 -1.307561825e-20)
(0.1553807534 -0.2620255349 4.489295017e-21)
(0.1424133916 -0.2457613125 -6.10442075e-21)
(0.04077384801 -0.1195284021 -5.840132161e-21)
(0.05101010364 -0.1256431631 -1.065997914e-21)
(0.02513008755 -0.08242768821 -5.390589919e-21)
(0.03954526251 -0.1061723487 5.507733459e-23)
(0.01252230973 -0.04831160898 4.463378576e-21)
(0.01886246455 -0.05404745071 2.902278412e-21)
(0.01756660758 -0.05445684876 1.017053172e-21)
(0.01657632827 -0.04323812573 6.173525946e-21)
(0.03752166859 -0.09137897909 4.045273057e-22)
(0.03455567863 -0.07253192304 -7.362318785e-21)
(0.06628984596 -0.1417263691 1.234142473e-20)
(0.06512709044 -0.123236991 3.265801311e-21)
(0.09904547298 -0.1927634195 -2.142132987e-21)
(0.101773605 -0.1792542153 1.041701063e-20)
(0.1325713926 -0.2370642377 -1.929541548e-20)
(0.1400274698 -0.230969663 -1.132117279e-20)
(0.1644435171 -0.2699154774 -3.150622647e-21)
(0.1770120395 -0.2728942787 2.241421844e-21)
(0.2106198567 -0.3004701481 1.283469463e-20)
(0.1921578052 -0.2869359225 1.259304201e-20)
(0.04965291786 -0.1127534613 4.707684558e-21)
(0.05991958128 -0.1192795133 1.902516926e-21)
(0.03380075905 -0.07825527523 8.277685723e-21)
(0.04927705043 -0.1012180735 3.054677552e-21)
(0.02295553377 -0.04933088588 4.48499576e-21)
(0.02914158771 -0.05413763869 -2.940558675e-22)
(0.03373445653 -0.06131267589 -2.250901728e-21)
(0.03142089643 -0.04861221836 7.706571557e-22)
(0.06223345552 -0.1043234819 -4.56011156e-21)
(0.0577819857 -0.08318704775 -2.011100457e-21)
(0.1005866901 -0.1607452329 1.280230638e-21)
(0.09861991766 -0.1390707208 -3.579852721e-21)
(0.1426220868 -0.2175424251 1.377451898e-21)
(0.1456641942 -0.2000536511 -2.880600788e-21)
(0.184293305 -0.2669813307 1.008339077e-20)
(0.1933180483 -0.2563066951 -1.432362594e-20)
(0.2226411191 -0.3039948718 1.820867843e-20)
(0.2381699064 -0.3021494145 9.763262522e-21)
(0.2780057252 -0.332523138 3.259287582e-21)
(0.2540689875 -0.3223721136 1.144170618e-20)
(0.05956489452 -0.108235327 1.47650303e-22)
(0.06953237805 -0.1143330741 4.499038024e-22)
(0.0451314109 -0.07753081419 -5.602470483e-21)
(0.06145740851 -0.09964572669 -4.679933681e-22)
(0.03763252388 -0.05377299956 -3.994480128e-21)
(0.0436203175 -0.05813828972 -9.365084337e-21)
(0.05575810286 -0.07045105276 9.461513106e-22)
(0.05227944269 -0.05725535231 -4.121545102e-21)
(0.09433944558 -0.1178246167 -1.022123031e-21)
(0.08844299832 -0.09549961625 -1.640439128e-21)
(0.1437204777 -0.1783588092 -7.838160109e-21)
(0.1408761738 -0.1545329509 -2.407406077e-21)
(0.196299049 -0.2389291845 -1.867337544e-20)
(0.1994140868 -0.218282542 1.732034003e-20)
(0.2471319705 -0.2917234604 -1.493650018e-20)
(0.2571993963 -0.2768871365 -1.0906916e-20)
(0.2927172415 -0.3316418843 -5.245842274e-21)
(0.3102735825 -0.3246792908 -6.008665869e-20)
(0.3565037066 -0.3564836336 -2.073257828e-20)
(0.328056444 -0.3507252411 -7.278340618e-21)
(0.07142029369 -0.1062737661 -6.673242795e-23)
(0.08036067093 -0.1107048034 -6.537991156e-21)
(0.06060879329 -0.08062505019 -4.281748594e-21)
(0.07759481729 -0.101664591 3.934755998e-21)
(0.05832145623 -0.06193650618 -9.519599511e-21)
(0.06405699107 -0.06624823062 -2.181158016e-21)
(0.08529431054 -0.08215717287 -6.722400889e-21)
(0.08083049791 -0.06921192993 -6.517908495e-21)
(0.1352185481 -0.1319823038 -3.021459802e-21)
(0.1281488552 -0.1093881001 -6.283067287e-21)
(0.1965966538 -0.1943512298 2.264499655e-20)
(0.1930993731 -0.1692453014 2.215848557e-22)
(0.2602820794 -0.2562640594 2.517796047e-20)
(0.2636331195 -0.2331200973 3.570330067e-20)
(0.3203557978 -0.3100100833 -5.590033321e-20)
(0.3315766883 -0.2912810537 2.441926576e-20)
(0.3728554018 -0.3507762876 -7.49236643e-20)
(0.3926253616 -0.3382043928 -6.86310687e-20)
(0.4444413663 -0.3703223136 -3.848518698e-20)
(0.411735695 -0.3695876843 -2.938425383e-20)
(0.08631623428 -0.1067161738 -2.211152905e-21)
(0.08177208105 -0.08747017419 5.882180677e-21)
(0.08674853634 -0.07368955762 8.501337822e-22)
(0.1240257147 -0.09612972926 -5.710210195e-21)
(0.1862460974 -0.1462052233 -3.110465918e-21)
(0.2600373703 -0.2075891768 1.305439005e-20)
(0.3345723343 -0.2675596519 3.494749033e-20)
(0.4028573499 -0.3185707559 1.215863223e-20)
(0.4606478489 -0.3563094523 -3.064718697e-20)
(0.5006162464 -0.3737117762 -3.836727113e-20)
(0.2330000761 -0.08227547546 -1.210368148e-20)
(0.157721624 -0.1059332058 -4.114926758e-21)
(0.1465867269 -0.05229817358 -2.702798593e-21)
(0.3433613908 -0.07637492492 -1.191953901e-20)
(0.3116665228 -0.1014874391 -7.965762208e-21)
(0.3032571969 -0.06820865555 -1.075421271e-20)
(0.405811169 -0.06043826794 2.253010456e-22)
(0.3851508592 -0.07710031689 -2.518171145e-22)
(0.3803916238 -0.05835146924 -1.673146642e-22)
(0.442026383 -0.04733781156 1.094224694e-22)
(0.43044596 -0.05856408161 -1.15341274e-22)
(0.4268409756 -0.04777993887 6.052172429e-22)
(0.4632842075 -0.03687901306 -5.604674269e-22)
(0.4569311332 -0.04465558255 -1.61277616e-21)
(0.4540723154 -0.0383788811 2.64199855e-22)
(0.4760200863 -0.02861750252 -5.52513315e-22)
(0.4725046685 -0.03410285947 -2.777298958e-22)
(0.4702118217 -0.03037643558 -2.520134136e-22)
(0.4838516412 -0.02178607571 -2.905599426e-22)
(0.4818352522 -0.02612197987 -5.743600798e-22)
(0.4799779627 -0.02385253219 -6.124605194e-23)
(0.4886887478 -0.01679107045 2.195409186e-22)
(0.4877100049 -0.01926660595 4.721210332e-23)
(0.4862139869 -0.01788069515 -9.165117277e-23)
(0.4920130242 -0.01165673117 2.495423459e-22)
(0.4911216333 -0.01546149185 2.368390465e-22)
(0.4898469903 -0.01452226543 3.318234964e-22)
(0.494188362 -0.00854792145 -5.011913457e-23)
(0.4932178032 -0.008076842689 7.274606371e-23)
(0.2456410355 -0.1249158834 1.860325378e-22)
(0.1763417137 -0.1584463453 -6.078761372e-21)
(0.3508271521 -0.1021867009 3.677536225e-21)
(0.3240080919 -0.1336308517 5.704074428e-22)
(0.4111067371 -0.07509968374 -6.828388922e-22)
(0.3923606313 -0.09568906731 6.710480651e-22)
(0.4458584045 -0.05580839571 -1.885378683e-21)
(0.4353588079 -0.06921646574 -5.53792409e-22)
(0.4661633126 -0.0418489297 -1.326309596e-21)
(0.460524251 -0.05083915949 -1.335927596e-21)
(0.4782665345 -0.03158966323 -3.003588433e-22)
(0.4752203838 -0.03775920039 3.521604207e-23)
(0.4856324121 -0.02358914766 -2.35549169e-22)
(0.4839438993 -0.0283275228 -2.994305594e-22)
(0.4901366179 -0.01792900828 6.493640167e-23)
(0.4893583442 -0.02059592129 6.365758879e-23)
(0.4931879818 -0.01234113995 -6.331880267e-23)
(0.4924973811 -0.01634469224 -1.323573613e-22)
(0.4952148762 -0.008980888481 -6.455789927e-23)
(0.2640139572 -0.1661323523 -5.623370733e-21)
(0.2030821682 -0.2086324774 3.956378198e-21)
(0.3618367784 -0.1273264375 -2.41199168e-21)
(0.3405374465 -0.1644440414 3.834433153e-21)
(0.418272251 -0.08951431641 7.013934642e-22)
(0.4019702908 -0.1138999296 3.836932895e-22)
(0.4507093836 -0.06411174716 5.099754403e-23)
(0.4415661375 -0.07962343487 -3.531968397e-23)
(0.4696238424 -0.04670801597 3.080278702e-23)
(0.4648347693 -0.0568645636 1.502391398e-21)
(0.4808509687 -0.03447704024 3.516107953e-23)
(0.4783487219 -0.04130285413 -2.705721933e-22)
(0.4876143286 -0.02532091216 0)
(0.4862973768 -0.03044169956 0)
(0.491709432 -0.01900349374 -1.343093083e-22)
(0.4911538139 -0.02185116633 3.937567882e-22)
(0.494440251 -0.01297403034 -1.347161679e-22)
(0.4939678703 -0.01715944136 -1.336165e-22)
(0.4962925774 -0.009369280846 6.234674191e-23)
(0.2886557984 -0.2051787195 1.335676475e-20)
(0.2387671192 -0.2552419358 -1.11774946e-20)
(0.3763541255 -0.1515288234 6.561249933e-21)
(0.3615406941 -0.1935392413 1.296143401e-20)
(0.427254452 -0.1035260966 -3.47839491e-22)
(0.4139240761 -0.1315024045 -5.340936915e-23)
(0.4565432232 -0.07216380343 1.508743807e-21)
(0.4490226667 -0.0896789988 0)
(0.473645857 -0.05140345933 1.200436805e-21)
(0.4698272709 -0.06267232182 2.038253121e-21)
(0.4837620364 -0.03724518641 -3.044561526e-22)
(0.4818695101 -0.04469445303 3.780559404e-22)
(0.4897896747 -0.02695928802 3.936180308e-22)
(0.4888835281 -0.03243866247 1.422870403e-23)
(0.4934003871 -0.01999972738 3.927670265e-22)
(0.4930881692 -0.02301552694 3.869978836e-22)
(0.4957632196 -0.01354609488 6.245503341e-23)
(0.4955246632 -0.01789363146 -8.685351992e-23)
(0.4974158547 -0.009707114803 6.694726429e-23)
(0.3202676046 -0.2411814701 -1.146081196e-20)
(0.2844205261 -0.2970333496 -7.628336861e-21)
(0.3944774521 -0.1744136395 6.338710473e-21)
(0.387524206 -0.2203259273 -5.792759709e-21)
(0.4379819466 -0.1169852101 -3.786960675e-22)
(0.428254194 -0.1482079154 9.85296364e-23)
(0.4633025464 -0.07990011343 5.373842304e-22)
(0.4576844399 -0.09928321167 2.07148335e-21)
(0.478193804 -0.05589251471 1.21545626e-21)
(0.475456986 -0.06821085072 -4.203817377e-22)
(0.4869792738 -0.03986445988 6.920859674e-22)
(0.4857532997 -0.04789999822 1.047855703e-21)
(0.4921458483 -0.0284843264 8.734474362e-24)
(0.4916840091 -0.03429546714 7.803642072e-22)
(0.4951998981 -0.02090383021 -9.229330063e-23)
(0.4951497391 -0.02407351918 -7.300354306e-22)
(0.4971486332 -0.01404864092 -8.223779591e-23)
(0.4971571264 -0.01853586618 -8.535020905e-23)
(0.4985783064 -0.009989131775 -1.184028932e-22)
(0.3597745387 -0.2731651293 -6.04206975e-21)
(0.3406018438 -0.3329698589 4.248963155e-21)
(0.4165886204 -0.1953682005 -1.061863438e-20)
(0.419238721 -0.2440536387 -5.459823187e-21)
(0.4504764246 -0.1296611775 1.868512676e-21)
(0.445234217 -0.1636105877 -8.299851092e-22)
(0.4709488498 -0.0872500457 7.711177514e-22)
(0.4675975553 -0.10831616 1.962560862e-21)
(0.4832269639 -0.06013873726 -5.75419743e-22)
(0.4817090966 -0.07342984525 -2.325607147e-21)
(0.4904748526 -0.04231044258 1.141593228e-21)
(0.4899752746 -0.05089054557 3.925460307e-22)
(0.4946654695 -0.02987885104 3.937222936e-23)
(0.4946788203 -0.03599293178 4.396997004e-22)
(0.4970955263 -0.02170330107 -7.219339795e-22)
(0.4973248915 -0.02501161882 -7.125329174e-22)
(0.4985865754 -0.01447398345 -1.216561788e-22)
(0.4988530228 -0.01907587107 1.013288446e-22)
(0.4997730662 -0.01021106404 -1.223444806e-22)
(0.4076186681 -0.3002776434 3.955089056e-22)
(0.4060239164 -0.3624854862 -1.07540513e-20)
(0.4433289945 -0.2135930705 3.044777571e-21)
(0.4570113673 -0.2640621963 1.149729353e-20)
(0.4650139144 -0.1411295158 -7.072916549e-22)
(0.465368771 -0.1771930839 -6.446691509e-22)
(0.4795552665 -0.09405202857 -1.817746282e-21)
(0.4789840786 -0.1165896533 2.797475066e-22)
(0.4887427347 -0.064074545 -1.352183104e-21)
(0.4886604104 -0.07825689942 -1.454411016e-22)
(0.4942303916 -0.04454931013 -3.212866401e-22)
(0.4945476685 -0.05363346138 -2.155453896e-23)
(0.4973323506 -0.03112305055 -3.122969599e-22)
(0.4978608178 -0.03751314359 -1.400497345e-21)
(0.4990740189 -0.02238502697 1.080658556e-22)
(0.4996040567 -0.02581770725 2.969440967e-22)
(0.5000663379 -0.01481485714 1.035232752e-22)
(0.5006010681 -0.01950455028 9.475105737e-23)
(0.5009937433 -0.01036978668 -5.520469869e-23)
(0.4624251751 -0.3222600494 4.617315959e-21)
(0.4771553329 -0.3852740646 -4.279506814e-21)
(0.4749297872 -0.2285948591 5.611432073e-21)
(0.4996390378 -0.2801703656 -9.722821463e-21)
(0.4820617047 -0.1509635404 3.424610603e-22)
(0.4889042213 -0.1885209203 4.108646651e-21)
(0.4893690807 -0.1000747318 1.543997271e-21)
(0.4921502919 -0.1238499749 4.584639786e-23)
(0.4948365543 -0.0675900371 1.022228659e-21)
(0.4964924215 -0.08257628077 1.154088875e-21)
(0.4982708792 -0.04652910188 -1.076700401e-21)
(0.4995486162 -0.05607690905 -1.210531291e-21)
(0.5001470157 -0.03219073709 -7.922320253e-22)
(0.5012556294 -0.03883195592 -6.873359591e-22)
(0.5011281313 -0.02293394603 2.840426347e-22)
(0.5019920527 -0.02647816614 2.85564108e-22)
(0.5015793963 -0.01506389603 -6.535355202e-23)
(0.5023959707 -0.01981300784 2.566824881e-24)
(0.5022360503 -0.01046300849 2.751640805e-23)
(0.5209347854 -0.3401385099 -1.400260645e-20)
(0.5503687514 -0.4002120685 -6.125873483e-21)
(0.5102014079 -0.241251114 -1.08891736e-20)
(0.5441721114 -0.2927395764 -2.72582896e-20)
(0.5017039766 -0.1595087519 3.772655672e-21)
(0.5149355922 -0.1975711127 2.602782467e-21)
(0.5006447729 -0.1054371484 1.531294616e-22)
(0.5069879781 -0.1299306273 -3.307708604e-21)
(0.5016788881 -0.07073179168 -1.00714765e-21)
(0.5052761898 -0.0862700402 -1.537243343e-21)
(0.5026787834 -0.04827086753 -7.798374624e-22)
(0.5050475061 -0.05815503519 -1.812645e-21)
(0.5031410977 -0.03309102256 3.802764277e-22)
(0.5049013551 -0.03991603406 1.669918461e-22)
(0.5032657082 -0.0233517792 8.195973002e-24)
(0.5045039713 -0.02697526749 -3.091594616e-24)
(0.5031228262 -0.0152206298 8.586896923e-23)
(0.504239446 -0.01999069238 -1.325422111e-22)
(0.5034989965 -0.01048868831 1.711578259e-22)
(0.5800096248 -0.3515080457 -1.470102543e-20)
(0.6292853556 -0.4038304502 1.883986708e-21)
(0.5474438571 -0.2522058528 -1.439304555e-20)
(0.5886360277 -0.3019266071 -1.552486682e-20)
(0.5231450199 -0.1676853826 -4.30275021e-21)
(0.5422976666 -0.2045215996 -7.208349383e-21)
(0.5133033523 -0.1107903158 -4.462973034e-21)
(0.5232684123 -0.134898465 -3.388181162e-21)
(0.5093751893 -0.0738817888 -2.141783133e-21)
(0.5150903173 -0.08931660377 -1.528639182e-21)
(0.5075488032 -0.04997829351 -8.66276088e-22)
(0.5111442448 -0.05982898766 -1.152396358e-21)
(0.5063623604 -0.0339239369 -2.105501765e-22)
(0.5088538239 -0.04073487429 -4.817662877e-22)
(0.5055042964 -0.02368200395 -1.32667975e-22)
(0.5071585924 -0.02729018985 1.345446356e-22)
(0.5047004409 -0.01529845563 -4.715222104e-23)
(0.5061341741 -0.02002636132 -2.207677628e-22)
(0.5047811904 -0.01044450142 6.650123881e-23)
(0.6795970357 -0.3408128605 9.249075512e-21)
(0.7429310802 -0.3411816371 4.283988225e-21)
(0.7659588064 -0.4065643388 -4.966387432e-21)
(0.5981939461 -0.2501995659 -6.822043475e-21)
(0.6376831681 -0.2712729279 -7.458437033e-23)
(0.554135782 -0.1688730134 -7.104635103e-21)
(0.5744191275 -0.1879307696 -3.915699111e-21)
(0.5318636836 -0.1119818537 9.936124467e-22)
(0.5441502938 -0.1265115382 -3.81098551e-23)
(0.5205558073 -0.074603451 1.698628069e-23)
(0.5287610076 -0.08505843597 2.686527156e-21)
(0.5144723449 -0.05027997386 -7.364324796e-22)
(0.5201556256 -0.05753815933 9.752027182e-22)
(0.5108314245 -0.03394841842 -1.164384109e-22)
(0.514880321 -0.0393638255 5.662675315e-22)
(0.5085069329 -0.02354323287 1.112825411e-22)
(0.5112341774 -0.02641486413 8.269194369e-23)
(0.5067540198 -0.01511475358 -1.141531608e-22)
(0.509024688 -0.01936627292 2.167675326e-22)
(0.506692475 -0.01007636831 -2.076006559e-23)
(0.7111182455 -0.2797916516 -3.566262361e-21)
(0.7776595354 -0.2881629846 -1.15594094e-20)
(0.8519131593 -0.3210446005 3.410784448e-21)
(0.6145333379 -0.2118748812 2.831759993e-21)
(0.6612299329 -0.2349022841 -1.733239962e-21)
(0.5669481531 -0.1479074647 3.150826136e-21)
(0.5948086413 -0.1700117815 4.442466493e-21)
(0.5427144859 -0.1010384393 1.654804854e-21)
(0.55945271 -0.1173859502 -5.699455933e-22)
(0.5291585716 -0.06880146834 3.644743593e-21)
(0.5397149372 -0.07995373234 2.052958722e-21)
(0.5208773589 -0.04705145342 2.277902729e-21)
(0.5278613227 -0.0544197318 1.419993146e-21)
(0.5154252354 -0.03205091636 7.653978861e-22)
(0.5202751893 -0.03731073824 9.324699712e-22)
(0.5117864617 -0.02234561879 1.881769352e-22)
(0.5149887915 -0.02504462373 -9.251169719e-23)
(0.5090668229 -0.01437676149 3.101606278e-22)
(0.5117483496 -0.01834214799 2.713692333e-22)
(0.5084834902 -0.009527208948 5.362641532e-23)
(0.7374158551 -0.2406005499 -9.726386998e-21)
(0.7975110418 -0.2387717062 -8.882158773e-21)
(0.8685780115 -0.2670765614 3.679930812e-21)
(0.6443184369 -0.1907940802 -1.22533462e-22)
(0.6869528835 -0.1998449122 7.141975752e-25)
(0.589890536 -0.1377643601 7.216947634e-22)
(0.6175979939 -0.1495160556 -5.830359066e-23)
(0.5583484903 -0.09527665857 -1.717917248e-22)
(0.5761109643 -0.1055082714 1.428485674e-37)
(0.5395072542 -0.06503702488 -1.717917248e-22)
(0.5511320006 -0.07285875341 -9.577098811e-22)
(0.5277648823 -0.04442195974 7.456038788e-23)
(0.5355877671 -0.04999794754 -5.387637794e-22)
(0.5200821599 -0.03018885349 7.456038788e-23)
(0.5255418136 -0.03441768212 -3.221972626e-22)
(0.5150142786 -0.02099277555 -9.319399073e-24)
(0.5185914973 -0.02313622924 8.307686872e-36)
(0.5113017038 -0.01347576312 1.483502087e-23)
(0.5143402014 -0.01694411657 -1.415093288e-22)
(0.5101640884 -0.00879544099 -4.691650129e-24)
(0.75255627 -0.1982737918 8.449424229e-22)
(0.8082233052 -0.1941144484 -5.548625684e-21)
(0.8711468878 -0.212241993 1.304476096e-21)
(0.6634984742 -0.1597859897 6.494406891e-23)
(0.7037047692 -0.1663087268 1.186932807e-21)
(0.6061206409 -0.1182347576 -7.79998354e-22)
(0.6339464631 -0.1279094839 -7.79998354e-22)
(0.5705651879 -0.08367131066 -7.859181563e-22)
(0.5893110537 -0.09211927776 0)
(0.548244863 -0.05810745762 -1.324681936e-21)
(0.5607871049 -0.06445366602 -7.859181563e-22)
(0.5338678388 -0.04012224211 -9.355214299e-22)
(0.5423730635 -0.04458404141 -5.387637794e-22)
(0.5243137045 -0.02741960576 -3.967576504e-22)
(0.5302656614 -0.03081991487 -3.719860789e-22)
(0.5179853474 -0.01911056379 -1.321899297e-22)
(0.5218568077 -0.02075318176 1.330067162e-35)
(0.5133680789 -0.01227355019 -1.610359997e-22)
(0.5167041553 -0.01520540778 -1.447748156e-22)
(0.511690785 -0.007892278653 -2.884607007e-23)
(0.7608355888 -0.1614065835 -5.2066353e-21)
(0.8125314347 -0.1538152478 -7.252557895e-21)
(0.8678530669 -0.1653061283 6.195556772e-21)
(0.6773626146 -0.1337476088 3.419903836e-22)
(0.715277254 -0.1348755984 3.419903836e-22)
(0.6192459102 -0.10120218 0)
(0.6464491361 -0.106024678 0)
(0.5809802608 -0.07260047086 0)
(0.6000930688 -0.07770971484 0)
(0.5558868855 -0.05082154313 0)
(0.5689708051 -0.05500434069 0)
(0.5392758714 -0.03526024364 2.477157154e-23)
(0.5482382195 -0.03832888945 0)
(0.5280904389 -0.02415921955 2.477157154e-23)
(0.5343947997 -0.02660785532 -2.707128305e-23)
(0.5206490135 -0.01685692417 -1.258488587e-23)
(0.524727884 -0.01795099002 1.63638314e-22)
(0.5152229414 -0.01082984112 -1.258488587e-23)
(0.5187908713 -0.01316213062 -2.64820275e-23)
(0.513034573 -0.006833698843 -3.614898154e-24)
(0.7656086995 -0.1270583847 -1.703932211e-21)
(0.8131560781 -0.1176882671 -1.703932211e-21)
(0.8615465421 -0.1262925627 -6.653270165e-21)
(0.6871878354 -0.1072481726 0)
(0.7230603519 -0.1053449255 3.46044777e-22)
(0.6293112282 -0.08260309191 0)
(0.6557403461 -0.08423028478 -1.255063186e-22)
(0.5893335729 -0.06014598133 0)
(0.6085121756 -0.06265546782 0)
(0.5622150758 -0.04253127267 0)
(0.5755832946 -0.04479242226 -2.576977425e-22)
(0.5438503618 -0.02969282971 -5.184285459e-23)
(0.553079658 -0.03141335279 -1.917203982e-22)
(0.5313242994 -0.02041317347 1.117954594e-22)
(0.5378484978 -0.02189095944 -2.389425719e-22)
(0.5229457959 -0.01426571057 1.497411723e-22)
(0.5271468894 -0.01479592602 7.840581508e-23)
(0.5168267551 -0.009171167291 -1.751203978e-23)
(0.52055684 -0.01085790463 6.551104769e-23)
(0.514170703 -0.005640154386 -6.156437579e-23)
(0.7680077987 -0.09571662996 3.46044777e-22)
(0.812135879 -0.08509731129 6.377043565e-22)
(0.8545554682 -0.09296552716 6.746399339e-22)
(0.6939403176 -0.08214581746 2.205384585e-22)
(0.7281267776 -0.07745359098 8.784438036e-22)
(0.6368507575 -0.06416374465 -1.255063186e-22)
(0.6624355199 -0.06273226709 -4.775012986e-22)
(0.595848195 -0.04724769387 -2.576977425e-22)
(0.6148411282 -0.04721527502 -2.739146094e-37)
(0.5672659484 -0.03366496984 -4.494181407e-22)
(0.5806920639 -0.03402930477 -1.182695126e-22)
(0.5475575602 -0.02361823041 -3.788201156e-22)
(0.5568811452 -0.02399183337 -1.917203982e-22)
(0.5339698011 -0.01628327802 -2.723322162e-22)
(0.5405880304 -0.01677426411 -2.44628815e-22)
(0.5248352279 -0.01139603232 -5.824309561e-24)
(0.5290769855 -0.01135615148 -2.061322346e-22)
(0.5181495768 -0.007331734341 2.145871168e-23)
(0.5219712884 -0.008340312188 6.48092502e-23)
(0.5150806333 -0.004335147767 -1.577221008e-23)
(0.7691335004 -0.0666400489 1.170103383e-21)
(0.8106838598 -0.05518872512 -2.658313029e-21)
(0.848557941 -0.06359441664 5.886231903e-21)
(0.6984599586 -0.05789989706 1.804040465e-22)
(0.7312516027 -0.05084030038 3.692911597e-22)
(0.6422289894 -0.04569146941 -3.519949801e-22)
(0.666967528 -0.04155756603 -3.084186505e-22)
(0.6006456203 -0.03393840786 1.394282299e-22)
(0.6192809319 -0.03155636989 -2.739146094e-37)
(0.5710574505 -0.02432765938 1.394282299e-22)
(0.5843630741 -0.02288739027 2.499929288e-22)
(0.55037645 -0.01713509147 -5.752909762e-23)
(0.5596520446 -0.01620406073 8.44725583e-23)
(0.5359977164 -0.01184144249 -1.784288333e-22)
(0.5426028142 -0.01135971426 -5.793981812e-23)
(0.5262904251 -0.008297526539 -1.354986748e-22)
(0.5305027008 -0.007700710477 -8.268649316e-23)
(0.5191703077 -0.005342216211 2.757832844e-23)
(0.5230212539 -0.005659114269 -7.34411619e-23)
(0.5157547095 -0.002944389271 6.273473533e-24)
(0.7694563148 -0.03954157449 -3.459125252e-21)
(0.8093547138 -0.02708009856 -3.296017385e-21)
(0.8441008308 -0.03744773503 1.029289901e-20)
(0.7011875149 -0.03455822741 -1.195315372e-22)
(0.73295428 -0.02513255513 -1.631078669e-22)
(0.6457256337 -0.02744949348 4.357632964e-23)
(0.6697222362 -0.02067247774 4.357632964e-23)
(0.603871589 -0.02051433846 1.105646989e-22)
(0.622092842 -0.01579553742 0)
(0.5736547043 -0.01476771714 1.950372572e-22)
(0.5867489038 -0.01150872278 1.105646989e-22)
(0.5523303376 -0.01043183742 8.40618378e-23)
(0.5614778691 -0.008174017898 8.44725583e-23)
(0.5374126652 -0.007222077355 3.780252202e-23)
(0.5439421972 -0.005742218098 -6.041873736e-23)
(0.5273108277 -0.005065108072 -2.062898026e-23)
(0.5314510555 -0.003896696548 3.821324252e-23)
(0.519887154 -0.003263640409 -9.474601681e-23)
(0.5237281536 -0.002863607212 -7.547274763e-23)
(0.5162013439 -0.001492731862 -8.046098869e-23)
(0.7693895139 -0.01240041612 0)
(0.8413026985 -0.01128968485 -2.476574067e-22)
(0.7026481735 -0.01116171513 0)
(0.6477508952 -0.009048310711 0)
(0.605804689 -0.006857217292 0)
(0.575242433 -0.004978379982 0)
(0.5535357299 -0.003532358709 -6.000801686e-23)
(0.5382868493 -0.002450215274 -6.000801686e-23)
(0.5279388863 -0.001717111255 -1.663052485e-23)
(0.5203343676 -0.001103352658 -6.118771952e-23)
(1.11523885 -0.00782566777 -6.634343065e-21)
(1.076362634 0.03481381801 -3.062831093e-21)
(1.110465143 0.04006326201 1.077823834e-20)
(1.111390965 -0.056302226 -3.029482075e-21)
(1.08098996 -0.006566804696 -1.484090657e-21)
(1.099015571 -0.106114067 -1.805952727e-20)
(1.079270029 -0.04791557897 -3.635743286e-21)
(1.078116013 -0.157229546 -9.865652774e-21)
(1.070341202 -0.0910758807 -7.969971466e-21)
(1.047744867 -0.2095883705 -5.423080545e-21)
(1.054673956 -0.1342494214 -1.083648689e-22)
(1.008364462 -0.2615550657 -7.753036368e-21)
(1.030274352 -0.1805411773 1.471613669e-20)
(0.9586528636 -0.311055504 -7.355249224e-21)
(0.9987256913 -0.2242110776 -2.923746492e-21)
(0.9032116282 -0.3561985264 -6.154063906e-21)
(0.954601168 -0.2721096059 1.173029599e-21)
(0.8343461209 -0.3895160323 4.843792739e-21)
(0.9154064676 -0.3053222872 -4.700162589e-21)
(0.8333640359 -0.3591059105 1.1537207e-20)
(1.045910226 0.02173397781 2.632127737e-21)
(1.028190281 0.02622251178 1.624028744e-21)
(1.035740066 0.05844587768 -4.060893425e-21)
(1.051471097 -0.01436633151 -2.460088125e-21)
(1.033244492 -0.006896597829 6.428075485e-21)
(1.051476638 -0.05106140237 2.155698668e-21)
(1.033885519 -0.0392637041 1.577101627e-20)
(1.046107027 -0.08819898275 1.405536328e-21)
(1.028810252 -0.07399429002 -1.857945554e-20)
(1.033602548 -0.1271827343 9.575150879e-21)
(1.019490986 -0.1073477501 1.000110496e-20)
(1.014940218 -0.1659747492 8.814362244e-21)
(1.003389629 -0.1457324995 1.786357948e-20)
(0.9861750472 -0.2079942663 5.377718266e-21)
(0.9836782744 -0.1776237662 6.447846973e-21)
(0.951974644 -0.2440219252 -3.630221896e-21)
(0.9531156271 -0.221352107 5.371140439e-21)
(0.9072844407 -0.2902223718 -3.945059206e-21)
(0.9262564646 -0.240755857 -4.015121053e-21)
(0.8803073782 -0.2982675246 3.396685111e-21)
(1.020968094 0.004508627233 6.285015017e-21)
(1.005229828 0.02183587457 -1.575459173e-20)
(1.015844406 0.03265841429 -2.127715267e-20)
(1.021456603 -0.0238279906 2.450409193e-20)
(1.008486218 -0.004699229985 1.495197944e-20)
(1.017439697 -0.05333967868 -3.763711339e-21)
(1.008182973 -0.03028436446 6.704404846e-21)
(1.009366123 -0.08345794849 -1.037415428e-20)
(1.002991278 -0.05844917792 -1.824249949e-20)
(0.9969049081 -0.1156597826 1.859679531e-20)
(0.994498385 -0.08448878155 5.066210632e-21)
(0.9804048552 -0.1468206261 1.209680171e-20)
(0.980897535 -0.1161240192 8.244654309e-21)
(0.95940975 -0.1809025867 4.026966372e-22)
(0.9645166183 -0.1402259385 2.706893616e-21)
(0.9333423723 -0.2087660757 4.854907015e-21)
(0.9419410994 -0.1773659717 3.443023485e-21)
(0.9059692741 -0.2425916786 6.997530771e-21)
(0.9180903053 -0.1922431613 2.525675937e-21)
(0.889364348 -0.2392976296 4.90270301e-21)
(0.9924774689 0.008088892538 -6.888741102e-21)
(0.9805403345 0.01659786103 -5.811321746e-21)
(0.9866867177 0.03273301305 -5.816918204e-21)
(0.9945785223 -0.01605098782 -2.831238337e-21)
(0.9833623428 -0.004523655957 4.868128634e-21)
(0.9927651562 -0.04047550571 -7.878096377e-21)
(0.983232474 -0.02436762818 -8.194018873e-21)
(0.9867282304 -0.06461621879 -2.667611686e-21)
(0.9790541884 -0.04641243025 9.677596836e-21)
(0.9768101038 -0.09009784937 -5.251109221e-21)
(0.9718392787 -0.06636432457 9.826994103e-22)
(0.9625686109 -0.1144856345 5.775355319e-23)
(0.9605503746 -0.09136054494 -1.414316084e-20)
(0.9453907179 -0.1412504001 7.056311303e-21)
(0.9462230265 -0.1098068817 7.282226431e-21)
(0.9230407715 -0.1641888671 1.097984905e-21)
(0.9284112521 -0.1389369751 -4.090542126e-21)
(0.9004211602 -0.1914383599 4.604719433e-22)
(0.9070659321 -0.151226688 6.052802202e-21)
(0.8857608452 -0.1871929653 5.775215816e-21)
(0.9716747904 0.005993747983 5.935821355e-21)
(0.9616501256 0.01316842123 -2.282057924e-21)
(0.9679093966 0.02359096286 1.228865837e-20)
(0.9720631594 -0.01159435403 -5.231433725e-22)
(0.9635773081 -0.003314955982 -2.576923558e-22)
(0.9695365395 -0.02999161532 9.383577101e-21)
(0.9626913168 -0.01880168229 -1.37019301e-21)
(0.9637772946 -0.04857446554 1.329253129e-20)
(0.9585532485 -0.03601996782 1.737936197e-20)
(0.9553151893 -0.06848402807 -7.982718522e-21)
(0.9517247403 -0.05144132304 3.319593131e-21)
(0.9431594621 -0.08776782306 -7.123400726e-21)
(0.9418555692 -0.07068664637 -1.107561274e-20)
(0.9289452654 -0.1087337974 -4.253343855e-21)
(0.9290402633 -0.08495066715 1.565393672e-21)
(0.9104519064 -0.1271350622 1.299786098e-21)
(0.9142780806 -0.1070359437 -2.585038922e-21)
(0.891579057 -0.1483704607 1.172645112e-20)
(0.8954934985 -0.117241368 1.238459054e-20)
(0.8783111044 -0.1439226083 1.201696604e-21)
(0.9536860016 0.003325923536 -8.42265431e-21)
(0.9460244263 0.00982227908 -7.586196697e-21)
(0.9501690808 0.01769045174 -8.45930783e-21)
(0.9540753955 -0.01061458261 -1.106966996e-21)
(0.9476569721 -0.002595938571 -7.404271096e-21)
(0.9517074284 -0.02468616394 6.656614301e-21)
(0.946587664 -0.01430489698 -6.452695676e-22)
(0.946197191 -0.03863102285 7.360134326e-21)
(0.9426101247 -0.02719168143 -1.262420429e-21)
(0.9382559194 -0.05341433157 1.766797841e-22)
(0.9360083645 -0.03878978467 1.400461651e-21)
(0.9271095267 -0.06779704963 -2.329087474e-21)
(0.9269009976 -0.05310398771 -2.836831174e-21)
(0.9143310688 -0.08336158996 3.186449747e-21)
(0.9149974999 -0.06401601393 3.290218244e-21)
(0.8982001343 -0.09731694338 8.671410133e-21)
(0.901803836 -0.08024001115 2.196800805e-21)
(0.8816285066 -0.1132067011 1.95758809e-21)
(0.8849070066 -0.08846633961 3.233328242e-21)
(0.8697442589 -0.1077169264 -3.290060764e-21)
(0.9401576639 0.003477061216 -6.602904848e-21)
(0.9345888503 0.007103796865 -4.983610166e-22)
(0.9374105269 0.01383493039 -1.029904962e-21)
(0.9400382857 -0.006823057885 -6.965861968e-21)
(0.9357874045 -0.001767791008 -1.993746025e-21)
(0.9373979945 -0.01739496379 -8.54577193e-21)
(0.9344165082 -0.0101929347 -1.846967951e-21)
(0.9320018165 -0.02795588214 -7.222241803e-21)
(0.9304433059 -0.01940188862 -7.359154901e-21)
(0.9244611864 -0.03904360692 -1.547276507e-21)
(0.9240078797 -0.02778792195 -2.605527272e-21)
(0.9141351505 -0.04982357821 2.743288291e-21)
(0.9153537977 -0.03791157649 2.186519665e-21)
(0.9022601722 -0.06130127094 2.181580377e-21)
(0.9041491737 -0.0458730405 2.673456782e-21)
(0.887636127 -0.07169171511 -3.258328718e-21)
(0.8917359983 -0.05720513807 -3.531611843e-21)
(0.8724392709 -0.08328286115 -2.071822671e-21)
(0.8762358398 -0.06344085231 -1.968001238e-21)
(0.861851958 -0.0766864517 3.885453348e-21)
(0.9303442277 0.00207995634 4.093579929e-21)
(0.9265039383 0.004587496397 9.351639348e-22)
(0.9279004009 0.009269079295 6.099540471e-21)
(0.9301014811 -0.004978814972 3.111268671e-21)
(0.9275280485 -0.0011103543 3.025430368e-21)
(0.9274251734 -0.01214037024 -6.664896237e-22)
(0.9260593527 -0.006554388009 2.668368613e-21)
(0.9221426069 -0.01928695197 -2.754080374e-21)
(0.9221127506 -0.01245415663 -7.731537206e-22)
(0.9147569003 -0.02677392778 1.149853671e-21)
(0.9158038304 -0.01789357242 -1.523816683e-21)
(0.9048655492 -0.03411899343 2.117114052e-21)
(0.9073619488 -0.02434862252 2.603881723e-21)
(0.8934351872 -0.04191700031 -3.078037874e-21)
(0.8966145996 -0.0295694325 3.092234153e-22)
(0.8796626543 -0.04906708715 -2.258711959e-21)
(0.884529728 -0.03674271471 -4.191083129e-21)
(0.8651974582 -0.05693949444 3.999384966e-21)
(0.8699642775 -0.04093431705 3.004086471e-21)
(0.8557593869 -0.04926161037 1.062451401e-20)
(0.9237873697 0.001053984706 -1.25910569e-22)
(0.9214515962 0.002281498743 4.631075622e-22)
(0.9216240089 0.005202753905 -8.763903584e-22)
(0.9234051444 -0.003063666905 2.584616841e-21)
(0.922342819 -0.0005035265509 1.434113348e-21)
(0.9206685831 -0.007262958611 2.564875917e-21)
(0.9208182275 -0.003170312459 2.388742767e-21)
(0.9154782719 -0.01146962483 4.481189511e-22)
(0.9169044757 -0.006051059603 1.144018497e-21)
(0.908225997 -0.01586107374 -3.95767922e-23)
(0.9106990755 -0.008729891971 -4.065924951e-22)
(0.8986434186 -0.02018277653 8.779993866e-22)
(0.9023846658 -0.01186847537 1.046926348e-21)
(0.8874919029 -0.02474202643 -7.874190958e-22)
(0.8919190216 -0.01445577543 5.514197514e-23)
(0.8742123044 -0.0289507049 9.915332026e-22)
(0.8799613532 -0.0179331736 -1.578766436e-21)
(0.8601563479 -0.03354242705 9.623621168e-21)
(0.8659097378 -0.0200612179 2.621476798e-21)
(0.8516242543 -0.02403475337 7.056861614e-21)
(0.9200708579 0.001073206377 2.025704454e-21)
(0.9180002815 0.00238059553 -2.792695621e-21)
(0.9196606304 -0.0002030486711 1.255308243e-21)
(0.916937324 -0.001503760992 9.963014804e-22)
(0.911824983 -0.002821415729 3.226392685e-22)
(0.9046535814 -0.004210263329 7.022539111e-22)
(0.8952313277 -0.005598190586 2.855532818e-22)
(0.8842045292 -0.007070189037 -6.812473644e-22)
(0.8711235842 -0.008459837848 3.055176109e-23)
(0.8571627198 -0.009969307579 -2.325009959e-23)
(0.7641961001 0.4197370305 1.764496965e-20)
(0.8029113498 0.3996240561 2.815656701e-20)
(0.7255504651 0.4202338366 3.597079558e-20)
(0.7628928614 0.3961211339 1.450945495e-20)
(0.7629822636 0.4422031633 -2.223215556e-20)
(0.8029536481 0.4216319619 2.35531283e-21)
(0.7241091747 0.4437071354 5.094603528e-20)
(0.7593243104 0.4634416161 -1.793310607e-20)
(0.8010837869 0.442789059 -6.961718866e-20)
(0.722690257 0.4646103058 -2.53242591e-20)
(0.751228566 0.4813739353 2.552479108e-20)
(0.7955467872 0.4620481324 3.348937525e-20)
(0.7184528366 0.4843070633 -2.092728822e-20)
(0.7350449685 0.4927167144 3.687366637e-21)
(0.7833356355 0.4766519464 4.562687069e-20)
(0.7082018367 0.4998744052 3.059427339e-20)
(0.706887149 0.4938222554 -2.684798846e-20)
(0.7602373275 0.4827539433 -4.461843586e-20)
(0.6881870845 0.5073018979 -1.136638877e-20)
(0.662440768 0.4802887314 -1.256691538e-20)
(0.7224724173 0.4767745735 -2.839779064e-20)
(0.6553485275 0.5031123765 -2.291981736e-20)
(0.586862212 0.4389990231 -9.417547634e-21)
(0.6642739212 0.4538984064 -3.837859338e-21)
(0.6049803728 0.4823170066 2.10546507e-21)
(0.4222705174 0.3230324056 -7.593169274e-21)
(0.5615584266 0.3924355721 -1.361448392e-20)
(0.515052831 0.4216523603 -2.08622362e-20)
(0.3176999371 0.2286628388 1.277626437e-21)
(0.2939866139 0.2487482301 -5.022742334e-21)
(0.8379925309 0.3998171108 1.321093526e-20)
(0.8676736982 0.3764325204 4.755369991e-20)
(0.8317502117 0.3774194507 5.001834776e-21)
(0.8390285272 0.4208236782 -4.552160765e-20)
(0.8720861539 0.3978106055 4.439647028e-20)
(0.835892638 0.4403206613 -1.751156904e-20)
(0.8725182204 0.4178074291 -5.191959181e-20)
(0.8267186419 0.4563241592 5.391420588e-20)
(0.8676572365 0.4352027552 1.609487595e-20)
(0.8079285147 0.4656694886 -3.180479831e-21)
(0.8543091852 0.4476144657 3.248908985e-20)
(0.7753552943 0.4647138622 -4.596087735e-20)
(0.8280831992 0.4514312589 -1.193069594e-19)
(0.7240596581 0.4490926026 -1.940970891e-20)
(0.7849268544 0.4430825799 -3.217050362e-20)
(0.6378485518 0.4068032187 -8.139813614e-21)
(0.7184520076 0.4183356861 4.051877953e-20)
(0.4556126988 0.2961230018 -4.899620843e-21)
(0.6029810731 0.3572065686 -4.803917237e-21)
(0.338356303 0.2054600826 -6.655147432e-22)
(0.9007216574 0.3756162867 7.929515295e-20)
(0.9242838341 0.348383411 7.361326889e-20)
(0.8904683996 0.3547000611 4.054280719e-20)
(0.9048777158 0.3947710452 3.724587155e-20)
(0.9322315256 0.3689398276 7.887533583e-20)
(0.9037626984 0.4121539827 -1.807305363e-20)
(0.9352577171 0.3871046961 -3.733225897e-20)
(0.8947717675 0.425723774 -5.242068772e-21)
(0.9315582749 0.4021413294 5.344062349e-21)
(0.8740048258 0.432453315 -8.448101279e-20)
(0.917324008 0.4119084717 8.044938052e-21)
(0.8370857876 0.4288821009 -1.051706494e-19)
(0.887860891 0.4129942658 -1.48103988e-19)
(0.7788164465 0.4109564204 2.819084211e-20)
(0.8389843183 0.4019251727 -2.3266182e-20)
(0.6822184526 0.3681873675 4.357477764e-20)
(0.764130808 0.3755643951 4.106420362e-20)
(0.4838534101 0.2647621715 -5.432699417e-22)
(0.6367585057 0.3161375506 1.367409778e-20)
(0.3543884487 0.1791218422 8.130502478e-21)
(0.955982477 0.3442365269 7.44322566e-20)
(0.9756451426 0.3136134019 4.596369068e-20)
(0.9423784303 0.3248277456 6.138609157e-20)
(0.9624751441 0.3614970312 3.547340592e-21)
(0.9858471516 0.3334129487 3.072212792e-20)
(0.9629920474 0.3766965828 -1.384610085e-20)
(0.9904173728 0.3493462295 -2.152135457e-20)
(0.9539412795 0.3877194857 1.8492178e-20)
(0.9870638169 0.361787841 4.9213651e-20)
(0.9308834508 0.3916654559 -5.644585202e-20)
(0.9711235354 0.3686992531 -3.660882786e-21)
(0.8892091882 0.3853806225 -6.572407227e-20)
(0.9375892387 0.3669033402 -1.088679623e-19)
(0.8236343202 0.3653757083 -9.901531247e-21)
(0.8822664485 0.3533028851 -4.101491134e-20)
(0.7172224097 0.3229091486 1.10044791e-20)
(0.798560931 0.3256332347 1.900847666e-20)
(0.5052100737 0.2289017562 2.231231685e-20)
(0.6608211427 0.2696509931 4.216215571e-20)
(0.3648824219 0.1503019729 1.436475526e-20)
(1.006511614 0.3060863592 3.386946781e-21)
(1.022828134 0.272788232 -4.421141443e-21)
(0.9906295031 0.2882645232 2.331622302e-20)
(1.013596067 0.3211177333 5.48450078e-21)
(1.033627358 0.2916886972 -4.529708603e-20)
(1.014357196 0.3339048365 4.184678453e-20)
(1.038374884 0.3046389148 2.421556375e-20)
(1.003969248 0.3421911331 2.668572789e-20)
(1.033855029 0.31418925 6.583940787e-20)
(0.9773822933 0.3432607366 -5.645830175e-20)
(1.014709361 0.3181391744 -2.37618713e-20)
(0.9298697569 0.3343320382 -8.363908709e-20)
(0.9756204929 0.3135477107 -6.509598943e-20)
(0.8564151739 0.3126449724 -1.155302896e-20)
(0.9126820767 0.2979433723 -9.818403912e-22)
(0.7407242054 0.2718478313 5.031925105e-20)
(0.8203203473 0.2698288502 2.907022971e-20)
(0.5183467679 0.1893375747 3.371680028e-20)
(0.6735433264 0.2187592532 1.765060671e-20)
(0.369470626 0.1198374559 8.925271301e-21)
(1.052529506 0.2622598464 -5.335139115e-20)
(1.064761848 0.228285532 -2.085973452e-20)
(1.035665075 0.2465596789 6.177184175e-21)
(1.058150698 0.2744670161 -2.642968065e-20)
(1.074349047 0.2455782071 -9.112886714e-20)
(1.057516132 0.2844243184 4.839298752e-20)
(1.078027724 0.2540276774 2.389710039e-20)
(1.044094979 0.2896613629 1.495370099e-20)
(1.070517598 0.2604536663 6.916403417e-20)
(1.012364418 0.2878021961 -3.251302494e-20)
(1.04649207 0.2613756049 -4.76090108e-20)
(0.9576929501 0.2766088046 1.796738855e-20)
(1.000444114 0.2543179492 -4.975032029e-20)
(0.8758183374 0.2541892327 3.978633682e-20)
(0.9290415816 0.237476028 6.543135153e-20)
(0.7517656738 0.2164348088 -3.687774746e-21)
(0.828250314 0.2100747069 7.211687765e-21)
(0.5226497182 0.1474727258 -7.475436892e-21)
(0.674549719 0.1654706415 -2.794208298e-20)
(0.3680755982 0.08869331966 8.388976629e-22)
(1.091000076 0.2152029069 -5.938343897e-20)
(1.094937346 0.1766555514 -6.054792631e-20)
(1.074889536 0.2044332773 1.057934087e-20)
(1.093560137 0.2236355634 -4.048548155e-20)
(1.10539849 0.192186093 1.813235826e-20)
(1.089998352 0.2297209444 4.490089513e-20)
(1.106006748 0.1971404315 1.275600401e-19)
(1.072177685 0.2316108442 6.094067255e-21)
(1.094848821 0.2009350482 -8.614859853e-21)
(1.033949176 0.2271141804 -6.477035343e-20)
(1.064905179 0.1994833611 -9.454212054e-20)
(0.9710952148 0.2143949893 -1.585671349e-21)
(1.010772176 0.1908337826 -4.986007691e-20)
(0.8806659918 0.1923387427 3.263275696e-20)
(0.9302951549 0.1738773319 4.502658556e-20)
(0.7496966204 0.1589480631 -1.725857351e-20)
(0.8216412744 0.1486153927 -1.604761935e-21)
(0.5180182275 0.1048849779 -1.943633779e-20)
(0.663749814 0.1118412808 -2.637740878e-20)
(0.3608898449 0.05790694585 -3.393073602e-21)
(1.117829839 0.1577262767 1.784680838e-20)
(1.120879623 0.1197495767 -4.109876569e-20)
(1.103334086 0.1487311443 -7.88642732e-20)
(1.11882273 0.1640879507 1.866692771e-19)
(1.128508532 0.1326671128 2.895299134e-20)
(1.111448878 0.1682135923 7.323045848e-20)
(1.125313968 0.1362267933 1.491484559e-19)
(1.087786127 0.1682176262 -1.097131925e-19)
(1.108264874 0.137756385 3.403309673e-22)
(1.041634387 0.1623936556 -7.938198824e-20)
(1.070265925 0.1347805024 -8.01696963e-20)
(0.9696315372 0.1495182196 -2.700765125e-21)
(1.006495171 0.1256908686 -2.898738002e-20)
(0.8707121105 0.1292666753 1.068913895e-20)
(0.9163797872 0.1098879099 1.238925587e-21)
(0.7346363661 0.1015521438 -1.087284559e-20)
(0.8007444642 0.08806367001 7.914945299e-21)
(0.5048444342 0.06309371652 -1.018496355e-20)
(0.641749594 0.05997211279 -1.867207065e-20)
(0.3485105522 0.02848886337 -4.901687994e-21)
(1.137615701 0.09888071377 -2.952214932e-20)
(1.136992744 0.0622499955 6.291820193e-21)
(1.124977129 0.09305703314 3.293597913e-21)
(1.134944025 0.1030575184 -7.960618121e-21)
(1.141685934 0.07242742663 -6.485509796e-20)
(1.122048551 0.1050698487 7.544320202e-20)
(1.133444215 0.07436602099 3.950646519e-20)
(1.090629879 0.1035450442 2.942226692e-20)
(1.108933753 0.07411155941 5.927344493e-20)
(1.034921441 0.09721367364 -2.948821757e-20)
(1.061304838 0.07041699708 -2.47709503e-20)
(0.9529078339 0.08528403791 -2.487152247e-20)
(0.9867931714 0.06197440847 -9.355521376e-21)
(0.8459235034 0.06796854157 -1.439117191e-21)
(0.8869938305 0.04849179314 -2.528303766e-20)
(0.7070080662 0.04671481845 -5.429855436e-23)
(0.7658883735 0.03108711632 -1.768139052e-21)
(0.4837693173 0.02363295156 -1.329835334e-20)
(0.6093444316 0.01185408353 -1.804669119e-20)
(0.3316112259 0.001294315645 -5.775480499e-21)
(1.147406112 0.03995671042 -2.926271744e-20)
(1.137591051 0.03712763607 9.860501931e-21)
(1.140034093 0.04208444757 -1.686045779e-20)
(1.120165966 0.04241000839 2.350693733e-20)
(1.079422248 0.04010952834 4.630509676e-21)
(1.012928488 0.03431528833 -4.552578012e-21)
(0.9205538932 0.02450701789 -9.858608305e-21)
(0.8065399172 0.0111138139 -2.54711912e-20)
(0.667583648 -0.003369885993 -1.986937272e-20)
(0.4556565876 -0.01218666481 -1.037577308e-20)
(0.2449847385 0.1837902648 4.560465025e-21)
(0.2680673639 0.2047620748 -7.360431239e-21)
(0.2635634224 0.1732608322 -6.227677521e-21)
(0.2462428813 0.1537589217 -4.545874703e-21)
(0.2243217053 0.1917690563 8.78236499e-21)
(0.2488018913 0.2141340144 8.157665778e-21)
(0.2263903446 0.1601565579 9.844060258e-21)
(0.2017160892 0.1997223423 -9.654026876e-21)
(0.2276772527 0.2237567435 7.435906563e-22)
(0.2044625067 0.1666397706 -1.057484789e-21)
(0.1769665106 0.2071777102 -8.951902645e-21)
(0.2045306756 0.2331228887 -1.14798419e-20)
(0.1804883225 0.1728254553 -1.40265694e-20)
(0.1501214311 0.2145077528 -7.301488915e-22)
(0.1791364928 0.2415980784 -1.454875342e-21)
(0.1543395422 0.1784374546 5.489476725e-22)
(0.1219558013 0.2251788669 -1.187572091e-21)
(0.1517065431 0.2500025022 -4.125107696e-21)
(0.1262011735 0.1850612191 -1.773580106e-22)
(0.09437572357 0.2462943427 3.928149823e-21)
(0.1235949416 0.2633348046 -4.713026267e-21)
(0.09714464038 0.1991353132 7.347860566e-21)
(0.06935696193 0.2761034926 -4.987196927e-21)
(0.09743987044 0.2888880511 -6.397830242e-21)
(0.06945960952 0.2303285226 3.704629139e-21)
(0.04402079667 0.2597828907 -1.096003369e-20)
(0.07443923517 0.3131429159 -9.591556914e-21)
(0.0456551872 0.2684046226 -1.009754498e-20)
(0.04059704011 0.2378341426 8.740882503e-21)
(0.02007589198 0.2181340282 -4.284830297e-22)
(0.2715035578 0.2351761183 -3.687138363e-21)
(0.2984087004 0.253073242 -3.872023909e-21)
(0.2888658995 0.2213757171 -6.532841682e-21)
(0.2518033324 0.2461152997 1.793249758e-23)
(0.2800052048 0.2652614854 1.007156817e-21)
(0.2302023268 0.257122348 -1.157989683e-21)
(0.2600611279 0.2777947577 1.894154909e-21)
(0.2064220462 0.267486599 -3.937710343e-21)
(0.2381297694 0.2900845776 -5.92634536e-21)
(0.1804390803 0.2770214536 -4.890732936e-21)
(0.2138196581 0.3011567233 -5.758632382e-21)
(0.1530954424 0.2880968115 -7.678013327e-21)
(0.1872625119 0.3110863494 4.147619788e-22)
(0.1264865068 0.3059189489 -1.505502102e-20)
(0.1598937635 0.3234658969 -9.15509498e-21)
(0.1018744312 0.325989002 -1.109480313e-20)
(0.1343680591 0.3432804395 -5.741044703e-21)
(0.07131118313 0.2904856941 1.022693016e-20)
(0.1100985065 0.3539597347 2.134074064e-20)
(0.0641883796 0.2550862829 1.927182111e-20)
(0.3063533962 0.2832518684 9.88356991e-22)
(0.3365637756 0.2977123005 -1.13492721e-21)
(0.3221039502 0.2664162456 -5.016418708e-21)
(0.287963999 0.2969052515 2.83308016e-21)
(0.3192730679 0.3124783768 -2.354692952e-21)
(0.26772842 0.3106857689 -2.929051228e-21)
(0.3008627535 0.3276083511 -7.880801072e-21)
(0.2452566727 0.3236573072 -7.729750368e-21)
(0.2805056029 0.3424732089 -1.34692788e-20)
(0.2203728723 0.3350960545 -4.161799411e-22)
(0.2575786349 0.35578449 -6.372919943e-22)
(0.1938315036 0.3463154523 -1.113919274e-21)
(0.2320325214 0.3669045072 1.52415216e-20)
(0.1676486327 0.3606962733 1.732260442e-22)
(0.205195999 0.3780819309 -4.262337601e-21)
(0.1419718858 0.3711835224 2.685161366e-20)
(0.179427867 0.3921147671 9.803378366e-21)
(0.1033097362 0.3175647833 3.037236065e-20)
(0.1519263035 0.3897037209 1.672171464e-20)
(0.09046361558 0.2693149434 -8.698001662e-21)
(0.3486979426 0.3270524302 -4.341795874e-21)
(0.3816239373 0.3377558452 -1.767364666e-21)
(0.362458363 0.3075090399 4.886787405e-21)
(0.3319491544 0.3430890094 -1.309355093e-20)
(0.3656701985 0.3547723834 -1.335766892e-20)
(0.3134164817 0.3592722691 -1.842782277e-20)
(0.3491112344 0.3720963162 -1.795026999e-20)
(0.2925630647 0.3744533267 -6.307807542e-21)
(0.3306418426 0.3890979735 3.814257141e-21)
(0.2689825472 0.3874013579 1.510872146e-20)
(0.3093492396 0.4042036591 2.658601633e-20)
(0.2431983181 0.3984351433 1.198438869e-20)
(0.2849111894 0.4161026875 7.553076814e-21)
(0.2169019277 0.4092247232 5.451574382e-21)
(0.2583784191 0.4257865173 -1.987657397e-20)
(0.1887695459 0.4104266348 -1.932092485e-22)
(0.2315296 0.4340411957 -4.858340546e-21)
(0.1393867565 0.3401658217 -2.246684751e-20)
(0.1989822944 0.4192523433 7.861961764e-22)
(0.118912834 0.2799574334 -2.122078951e-20)
(0.3975197226 0.3655718362 -1.084006868e-20)
(0.4323872191 0.3723570984 1.795688779e-21)
(0.4089356488 0.3437694643 -4.264789386e-21)
(0.3826901184 0.3835636255 -1.823464966e-20)
(0.4180068243 0.3912708577 -7.075079638e-21)
(0.3661415027 0.4016973775 4.405202085e-21)
(0.4036079501 0.4102925832 -1.613270745e-22)
(0.3471567655 0.4186195026 3.683068221e-20)
(0.3873100652 0.4288932727 2.207858887e-20)
(0.3250284712 0.4326212745 1.892465873e-20)
(0.3678521554 0.4452434113 2.337411432e-20)
(0.2999203061 0.4430988925 -2.446558727e-20)
(0.3445577839 0.4574118807 -1.874768122e-20)
(0.2729813564 0.4501606788 -3.009705421e-20)
(0.3180551264 0.4652509067 -2.015825789e-20)
(0.2411142389 0.4425145809 -3.913930442e-21)
(0.289304826 0.4677678923 1.104460336e-20)
(0.1787236611 0.3574735203 1.822132449e-21)
(0.2500735108 0.4415356012 6.009131904e-21)
(0.148886869 0.2864881088 -4.784694989e-21)
(0.4514982634 0.3982359686 5.517180192e-21)
(0.4875633248 0.4006557389 -2.68476197e-21)
(0.4602302078 0.3746905817 8.68736046e-21)
(0.4389002362 0.417671988 1.120928104e-20)
(0.4749506427 0.4209476643 -1.88022091e-21)
(0.4246234649 0.43717731 1.772553301e-20)
(0.4629941455 0.4410834617 8.953593048e-21)
(0.4077254468 0.4552111631 8.629123451e-21)
(0.4491199055 0.4606830458 4.820184007e-21)
(0.3871272777 0.4696422827 -1.453232035e-20)
(0.4316606141 0.4776832487 0)
(0.3625291293 0.4790572406 -1.4359877e-20)
(0.4094959932 0.4895809799 -1.167200438e-20)
(0.3343734764 0.4822079849 2.100722721e-20)
(0.3827004458 0.4952225361 5.721486003e-21)
(0.2975805304 0.4662707533 2.093656715e-20)
(0.3512287241 0.4921187086 4.06099886e-21)
(0.2202880674 0.3687018353 -6.669206773e-22)
(0.303845582 0.4556100873 -8.780268231e-21)
(0.179628209 0.2884492364 -4.654513885e-21)
(0.5092154492 0.4234895231 -1.016618425e-20)
(0.5454932085 0.4217909379 1.605297208e-21)
(0.5149827036 0.3989530687 -1.735662611e-20)
(0.4990844612 0.4437879904 -3.992159463e-21)
(0.5349652706 0.4429836138 4.135235071e-21)
(0.4873493967 0.4641405634 -3.721293501e-21)
(0.5257030292 0.4635699621 -1.766434429e-20)
(0.4727713983 0.4827891249 -3.834862834e-21)
(0.5144171691 0.4835309624 3.70747551e-21)
(0.4538012229 0.4971854436 2.795446855e-21)
(0.4990126131 0.500576425 2.240609063e-20)
(0.4295526003 0.5051845205 8.597945257e-21)
(0.4778699441 0.5116759763 2.968581474e-21)
(0.3996134229 0.5043880817 -1.168297078e-20)
(0.4504127525 0.514811693 -2.719753645e-20)
(0.3567955009 0.4809076173 -2.581667035e-20)
(0.4154553349 0.506316205 -1.730994754e-20)
(0.2630765117 0.3733741653 -1.2741401e-20)
(0.3587315523 0.4609204909 1.137975158e-20)
(0.2103337855 0.2856730782 -1.303558813e-21)
(0.5691465324 0.4416155303 1.680303618e-20)
(0.6041930809 0.4345923391 6.459662855e-21)
(0.571594706 0.4169371187 -5.227603932e-21)
(0.5617307921 0.4619838046 -1.017066769e-20)
(0.5962878291 0.4561666774 6.423274028e-21)
(0.552609431 0.4823422457 -9.969833966e-21)
(0.5902734078 0.4765737213 1.44608004e-20)
(0.5402870766 0.5007804499 3.004899325e-20)
(0.5819209915 0.4962436254 1.167006819e-20)
(0.5227523494 0.5144074563 2.234936794e-20)
(0.5686363674 0.5126936552 -1.167220941e-20)
(0.4985007632 0.5204746945 -3.282710739e-20)
(0.548272999 0.5224621255 -1.875286964e-22)
(0.466195594 0.5156767927 -3.272785061e-20)
(0.5195934165 0.5228523974 -3.299811832e-20)
(0.4165111258 0.4855562317 2.006365193e-20)
(0.4802612151 0.509375485 1.88014288e-20)
(0.3055512811 0.3709763572 2.265328737e-20)
(0.4131288846 0.4568005832 2.099302645e-20)
(0.2400501018 0.2778598426 7.502908223e-22)
(0.6288487757 0.4495731135 -2.840228924e-21)
(0.6624852534 0.4377062705 1.979718017e-20)
(0.6273521053 0.4250638205 1.345967914e-20)
(0.6251879812 0.4698507317 3.076595237e-20)
(0.6567260221 0.4590480311 4.60130392e-20)
(0.6196435345 0.4899952918 3.636144976e-20)
(0.6540804896 0.4789652171 3.229084919e-20)
(0.6101523478 0.5078834718 -3.017667402e-20)
(0.6489514915 0.4981631515 -2.420586914e-20)
(0.5941185401 0.5203716282 -3.414527875e-20)
(0.638077706 0.5137923217 -2.17099975e-20)
(0.569416323 0.524285586 -2.534901856e-22)
(0.6185574907 0.5220064891 2.593486772e-21)
(0.5338570478 0.5157017003 1.881032754e-20)
(0.5883559803 0.5196280284 -1.027761853e-20)
(0.4761671859 0.4801252191 1.974433776e-20)
(0.5440064029 0.501761368 2.10737513e-20)
(0.3471397426 0.3616362733 -6.924475689e-22)
(0.4657710123 0.4438488135 -1.065914583e-20)
(0.2682897927 0.265604798 -8.786459264e-21)
(0.6876085271 0.4477747047 7.042777397e-20)
(0.6833440218 0.4260377989 4.314903486e-20)
(0.6860977325 0.4669819643 4.82156075e-20)
(0.6832173907 0.4863799008 -2.856800383e-20)
(0.6764036652 0.5034127091 -1.558071236e-20)
(0.6620824888 0.514574934 1.5307317e-20)
(0.6371163182 0.5163153905 -7.146118805e-21)
(0.5982785177 0.5043483794 -8.386116227e-21)
(0.5324867579 0.4646567977 -9.564002732e-21)
(0.3858892844 0.3455062209 -1.817246841e-20)
(0.5008943293 0.007650595783 -6.795028522e-22)
(0.4639781215 0.002375443589 1.335241196e-21)
(0.4640275585 0.00272628529 1.045244406e-22)
(0.4997609789 0.01736210121 -1.449036045e-21)
(0.5323537636 0.01300929013 -3.26849073e-21)
(0.5322488489 0.01257914718 5.312748749e-22)
(0.4956967483 0.02545972866 -6.459804667e-22)
(0.4739433892 0.02242632218 -6.454904541e-22)
(0.4734965639 0.02132671827 -6.163263537e-22)
(0.4899749264 0.03175873894 9.685952789e-22)
(0.5116406731 0.02996162716 -1.018129894e-21)
(0.51078286 0.02824638802 -1.659492454e-21)
(0.4810721648 0.03842903095 2.494290883e-21)
(0.4752002688 0.03556846424 1.488312096e-21)
(0.4735496176 0.03299530105 1.048039337e-21)
(0.4692683487 0.04618326155 3.310940277e-21)
(0.4843627163 0.04439786438 7.333731692e-22)
(0.4823960452 0.040880035 8.08608017e-22)
(0.4491311343 0.05693797844 5.720114212e-21)
(0.4592903633 0.05263652785 -2.322401311e-21)
(0.4560641355 0.04662187337 2.569237265e-21)
(0.4179151852 0.07213439784 -2.556891999e-21)
(0.4433573743 0.06895447322 3.779358055e-21)
(0.4393915599 0.05950408541 4.956407421e-21)
(0.3563727022 0.09818282864 2.140247505e-21)
(0.3926187606 0.08965571352 5.895043131e-21)
(0.3881638035 0.07087957192 -1.250219232e-20)
(0.3386110681 0.133038182 1.395374096e-21)
(0.3254650437 0.09906041681 -7.724485262e-22)
(0.5009109332 0.007659864992 -1.245413555e-21)
(0.4638644584 0.002040515902 1.475869337e-22)
(0.4999966538 0.01816026262 -2.52487259e-21)
(0.5324344519 0.01340943045 -1.691449957e-21)
(0.4963510634 0.02674043594 -1.016507462e-21)
(0.4743007477 0.02346031192 1.916407256e-21)
(0.4912355104 0.03394536853 -5.012754255e-22)
(0.5125657479 0.03155896511 -5.291394899e-22)
(0.4830184997 0.04133081691 -1.944287859e-22)
(0.4769146832 0.03802375966 -7.269804625e-22)
(0.471967692 0.05095600708 -5.120776103e-21)
(0.4867141793 0.04782140333 -6.28695173e-22)
(0.4532006534 0.06464548022 -4.276092449e-21)
(0.4629451901 0.05846385773 -7.170138627e-21)
(0.4232240742 0.08592509833 1.219215824e-20)
(0.4488128632 0.0784293266 -2.348971243e-22)
(0.3664910334 0.1246472485 5.151089523e-21)
(0.3989316131 0.1077999439 1.241624061e-20)
(0.3580981251 0.1662372235 -2.180177502e-20)
(0.5008855708 0.00766874884 -3.919746858e-22)
(0.4636862206 0.001741555961 -2.358603283e-21)
(0.5001756649 0.0189100503 2.965240514e-21)
(0.5324882145 0.01378160194 8.035910807e-22)
(0.4969994673 0.02792424385 2.403443706e-21)
(0.4745763231 0.02441963926 3.521544804e-21)
(0.4925629519 0.03600231493 -7.531379111e-22)
(0.51356486 0.03302393966 1.59860923e-21)
(0.4851967992 0.04411060148 -1.767595047e-21)
(0.4787120075 0.0403209313 -1.779179403e-21)
(0.4750582541 0.05556954254 -2.478754636e-21)
(0.4894372406 0.05113654068 -7.025642324e-22)
(0.4582635625 0.07223823958 -3.16495247e-21)
(0.4671024951 0.06399341214 1.269730154e-21)
(0.4300247714 0.09930671959 2.068634101e-23)
(0.4556018912 0.08793223615 -2.890599056e-22)
(0.3808380188 0.1502042254 -1.478772625e-20)
(0.4072433235 0.1248974692 -1.288994142e-20)
(0.3835904138 0.1981599295 1.448556195e-20)
(0.5008148332 0.007688324049 -1.261463326e-21)
(0.4634438513 0.001498747012 -2.620008013e-22)
(0.5003003324 0.01960721935 1.581860596e-21)
(0.532507541 0.01412562692 -1.6372074e-21)
(0.4976474679 0.02899912231 2.718191229e-21)
(0.4747797704 0.02529462168 3.03622738e-22)
(0.4939732783 0.03790422274 5.730167953e-22)
(0.514640981 0.03433994891 1.77374598e-21)
(0.4876045716 0.04674028013 -1.322276965e-21)
(0.4806170829 0.0424290093 -5.374016127e-22)
(0.4785842894 0.05996878733 3.371806545e-21)
(0.4925065179 0.05431494321 -7.781462485e-22)
(0.464280035 0.07965618872 4.107841854e-21)
(0.4718591554 0.0691535615 7.652413838e-21)
(0.4382773744 0.1121287406 -1.309084266e-20)
(0.4635164782 0.09744356754 -6.206271094e-23)
(0.3992873568 0.1744259997 1.474030189e-20)
(0.4177772162 0.1405740576 -1.877943142e-20)
(0.4145898799 0.228378889 2.462635146e-20)
(0.5006936491 0.00772783741 -6.347238847e-22)
(0.4631369591 0.001332466701 1.280010191e-21)
(0.5003724011 0.02024558154 -2.911015628e-21)
(0.532484892 0.01443872633 -3.591877421e-22)
(0.4982999034 0.02995152428 -6.345127525e-22)
(0.4749226867 0.02607515101 -4.751314307e-21)
(0.4954832385 0.03962934176 6.644825168e-22)
(0.5157967112 0.03548808294 -5.336596076e-22)
(0.4902367352 0.04918997083 0)
(0.4826551945 0.04432731653 2.452508084e-23)
(0.4825959494 0.06411311885 3.495370283e-21)
(0.4958975313 0.05731317254 3.229112926e-21)
(0.4711767711 0.08684476815 3.569844258e-21)
(0.4773118016 0.07392227445 8.73832495e-21)
(0.4480268828 0.124228943 -5.805178932e-21)
(0.4723218939 0.1068827005 -5.487274695e-23)
(0.4217036116 0.1968946551 -8.607981522e-21)
(0.4308361722 0.1545242855 3.584039716e-21)
(0.4503895155 0.25653735 8.270715905e-21)
(0.5005174707 0.007795688189 1.554476878e-21)
(0.4627594945 0.001262718564 -1.102668068e-21)
(0.5003964447 0.02081759324 -1.741584971e-21)
(0.5324246756 0.01471508523 2.068786486e-21)
(0.498963485 0.03076675834 -5.533768608e-21)
(0.4750181617 0.02675109299 -4.337007391e-21)
(0.4971096504 0.04115901139 -3.631415031e-22)
(0.5170411389 0.03644823219 -3.779740321e-21)
(0.4930912115 0.05142789885 3.229453464e-21)
(0.48484778 0.04600380498 -8.71676467e-24)
(0.4871391796 0.06798023086 7.459538929e-21)
(0.4995990323 0.06007878324 3.091230233e-21)
(0.4788573552 0.09376036216 5.179128702e-21)
(0.4835311491 0.07832705789 5.030172398e-21)
(0.45926838 0.1354853814 1.016867418e-20)
(0.4817816871 0.116121504 -1.051606686e-20)
(0.4478433412 0.2172869872 1.462595283e-20)
(0.4467837825 0.1665271923 1.632792241e-20)
(0.4900387662 0.282392429 -1.809157193e-20)
(0.5002874957 0.00789789072 -9.727955997e-22)
(0.4622905705 0.001307234765 -1.660578459e-21)
(0.5003876685 0.021313775 -7.971947094e-23)
(0.5323680703 0.01494502225 -1.268328996e-21)
(0.499651071 0.03142905199 -2.576715411e-21)
(0.4750754632 0.02731350868 9.642075374e-22)
(0.4988719579 0.04247484489 -4.249342023e-21)
(0.5184051002 0.03720072426 -1.256110836e-21)
(0.4961726403 0.05341743415 -1.171707931e-22)
(0.4872062304 0.04745243555 -3.542454009e-23)
(0.4922494072 0.07155479424 -1.283821056e-21)
(0.5036211822 0.06255969029 -3.718568821e-21)
(0.4872052161 0.1003523201 -1.047952025e-20)
(0.4905374603 0.08243741981 -2.927275108e-21)
(0.4719781283 0.1458252224 -4.302089447e-21)
(0.4917114411 0.1249990304 8.247215322e-21)
(0.4773933031 0.2353260447 -2.090562909e-20)
(0.4661978443 0.1764500562 7.191325668e-21)
(0.5323851004 0.3056795735 -1.105566322e-19)
(0.50002152 0.008033499396 -1.952899318e-21)
(0.4616850363 0.001477184963 1.042402259e-21)
(0.5003832931 0.02172111164 6.910464192e-22)
(0.5324264008 0.01511394885 -1.152377256e-21)
(0.5003876925 0.03192320877 3.154897346e-21)
(0.4750813728 0.02775715833 3.868760693e-21)
(0.50079819 0.04355907199 2.965467332e-21)
(0.519973266 0.03772769792 -1.30220608e-22)
(0.4994915866 0.0551197918 -2.223943828e-21)
(0.4897086658 0.04867210465 -3.457159526e-21)
(0.4979422582 0.07481549278 -6.348845348e-21)
(0.5079957511 0.06471359368 -3.504096468e-21)
(0.4961220882 0.1065990783 1.541483916e-20)
(0.4982278894 0.08634743002 -6.525294458e-21)
(0.4863667016 0.1555518914 1.826984696e-20)
(0.5019874555 0.1333275966 4.085257907e-20)
(0.510052541 0.2513025848 -7.425074834e-20)
(0.489704167 0.1843118555 -1.589873675e-21)
(0.5743325816 0.3259135474 -1.346958154e-20)
(0.4997671492 0.008190626583 2.60610501e-21)
(0.460868621 0.001770637192 1.331406642e-21)
(0.5004458435 0.02203128715 3.866802287e-21)
(0.532785487 0.01520310831 2.311497703e-21)
(0.5012176033 0.03225427335 5.920999768e-22)
(0.474964877 0.02808291536 2.772094708e-21)
(0.5029275293 0.04441943837 -4.844539095e-21)
(0.5218982607 0.0380149892 -4.224165535e-21)
(0.5030425718 0.05652163438 -4.774437389e-21)
(0.4922030119 0.04967201903 -6.768979013e-21)
(0.5041517462 0.07764721472 -2.507591376e-21)
(0.5126356271 0.06651188414 -3.042909424e-21)
(0.5054916304 0.1116806864 1.897006909e-20)
(0.5059256851 0.09006470617 -1.060371518e-20)
(0.5035745622 0.1615386623 2.08937685e-20)
(0.5116809396 0.1403399501 7.261282623e-22)
(0.5441600691 0.2611039842 6.208710146e-20)
(0.5147722276 0.1905415874 -1.121972861e-20)
(0.6169937173 0.343609392 8.485518005e-20)
(0.4996349937 0.008438883725 1.032146662e-21)
(0.4598414497 0.002161473749 -3.242181404e-23)
(0.5005824174 0.02232593715 3.078570354e-21)
(0.5335481951 0.01521774823 1.447389347e-21)
(0.5022326742 0.03250053252 -2.046753311e-21)
(0.4747193437 0.02827567034 3.170957137e-22)
(0.505201037 0.04525931383 -6.142131145e-21)
(0.5242825136 0.03809373645 -2.133377471e-21)
(0.5066964305 0.0580949302 -6.391340744e-21)
(0.494785714 0.0505082625 -2.252098672e-21)
(0.510300636 0.08150566067 -9.855836097e-21)
(0.5178716474 0.06815072735 -5.336023896e-21)
(0.51418966 0.1185617251 -2.787257201e-20)
(0.5146013889 0.0939161017 -3.760642758e-21)
(0.5202004769 0.1729598056 -3.189505324e-20)
(0.5218136931 0.1467792523 -4.167283834e-20)
(0.5788635683 0.2796765708 1.422439906e-20)
(0.5415162383 0.1960349503 -1.871180793e-20)
(0.6387478956 0.3532703557 -7.178107908e-21)
(0.4996231713 0.008709903695 -4.075603427e-22)
(0.4587039281 0.002303374817 7.962907109e-22)
(0.5008476736 0.02151153584 -1.124731296e-21)
(0.5348242505 0.01475664164 6.398977168e-22)
(0.5040327655 0.03275638383 9.548137985e-22)
(0.4749188864 0.02707627135 -1.242665533e-21)
(0.508341196 0.04385013277 4.339384709e-21)
(0.5280879141 0.0364713257 4.804713397e-21)
(0.5128676323 0.05889923239 5.56117392e-22)
(0.4994591077 0.04880375807 6.572653692e-21)
(0.520243513 0.08054550995 4.647518916e-21)
(0.5267820433 0.06537321754 3.859629227e-21)
(0.5289821723 0.119898146 -1.382955661e-20)
(0.5302221756 0.09062541508 8.037522272e-21)
(0.5471365309 0.1665240266 -2.981587425e-20)
(0.5393866848 0.1399429285 -9.92249135e-21)
(0.6022630839 0.2649919137 -5.818845689e-20)
(0.5882805307 0.1752761353 4.040019995e-21)
(0.6481787156 0.3242671933 -4.922374352e-20)
(0.7280823935 0.3532957639 -4.223611918e-20)
(0.4999044646 0.008374841695 1.84374877e-21)
(0.4582534812 0.002339350235 7.93873891e-22)
(0.501742864 0.02037927296 5.219634803e-22)
(0.5357727015 0.01406436199 9.497422861e-22)
(0.5061748784 0.03088090814 2.607234065e-21)
(0.4760274686 0.02540732303 -3.598533445e-22)
(0.5122873598 0.04156143873 7.03798238e-21)
(0.5312570323 0.03416956979 3.180814132e-21)
(0.5192878093 0.05555742184 9.876165527e-21)
(0.5041419772 0.04616762308 3.996797063e-21)
(0.5310399736 0.07600885556 7.249632584e-21)
(0.534667173 0.06094774576 5.551989142e-21)
(0.5436552642 0.1116119123 1.194458754e-20)
(0.5424790786 0.08587491884 1.37026412e-21)
(0.5745581752 0.1501034242 2.393340289e-20)
(0.5556151346 0.1283059264 1.142930035e-20)
(0.6286057906 0.2353674866 1.941108167e-20)
(0.6193442366 0.1549236122 1.103519992e-20)
(0.6654748934 0.2857982069 3.566214927e-21)
(0.7307630008 0.3046964716 1.611566528e-20)
(0.5001810256 0.007983033703 -1.001325933e-22)
(0.457941797 0.002271182067 -6.678096845e-22)
(0.5028292275 0.0190314988 6.792546137e-23)
(0.5365757732 0.01306713776 -6.172445012e-24)
(0.5084005878 0.02862653655 2.137267223e-22)
(0.4773934091 0.0233093352 -1.29395483e-23)
(0.5160965282 0.03868686862 1.39628816e-22)
(0.5341832495 0.0312715362 -1.11254398e-21)
(0.5255568087 0.05143158646 -3.273793219e-22)
(0.5085695662 0.04260519805 -1.676269416e-21)
(0.5403891793 0.07062518116 -3.273793219e-22)
(0.5423627385 0.0553623714 -2.317578005e-21)
(0.5578871423 0.1022902779 8.549769298e-22)
(0.5519863134 0.07928577159 -4.651041549e-35)
(0.5949438302 0.1330607514 -1.468902621e-21)
(0.5739033775 0.114351618 -3.561752871e-21)
(0.6494048604 0.2059110791 -4.80966682e-21)
(0.6359734832 0.1344154109 -8.717973527e-21)
(0.6853928982 0.248102706 1.88483371e-21)
(0.7495080232 0.2549439144 6.964469382e-21)
(0.5004238794 0.007336977285 -5.738495361e-22)
(0.4576778791 0.002111563284 -5.738495361e-22)
(0.5038681455 0.01730082054 -8.703745468e-23)
(0.5372589858 0.0117701424 6.434480768e-36)
(0.5105092432 0.02589302994 -1.33921025e-21)
(0.4786869927 0.02080852007 -8.703745468e-23)
(0.5195889945 0.03510144975 -2.928442211e-21)
(0.5368391589 0.02785240575 -1.252172796e-21)
(0.5314110276 0.0464291179 -3.666468099e-21)
(0.5125345116 0.03815341604 -1.676269416e-21)
(0.548328234 0.06385077542 -1.990198683e-21)
(0.5494651486 0.04899191765 -1.990198683e-21)
(0.5711962895 0.09131775773 -4.416729801e-21)
(0.5594407544 0.07067442722 -4.480231204e-35)
(0.6103148179 0.1156105501 -1.081082378e-20)
(0.5916368772 0.09962088939 -4.416729801e-21)
(0.6648610001 0.1771889156 -2.023472997e-21)
(0.6443141358 0.1138751442 -7.257886819e-21)
(0.7046959354 0.2099484736 6.985802388e-21)
(0.766182358 0.2133660056 4.380191797e-21)
(0.5006253641 0.00651979518 6.673300712e-36)
(0.4574587531 0.001876072101 1.018462786e-22)
(0.5047691367 0.0152378702 6.673300712e-36)
(0.5378210627 0.01020973631 5.88356024e-22)
(0.5123828304 0.02271891467 0)
(0.4798017997 0.01794145783 -1.076368997e-22)
(0.5226871011 0.03083866723 0)
(0.5391640651 0.02397216228 0)
(0.5365867389 0.04065366666 0)
(0.5159797599 0.03291927762 0)
(0.5551410395 0.05572886576 -1.820163754e-35)
(0.5556009543 0.042004989 2.942271757e-22)
(0.5825049349 0.07907249691 -1.820163754e-35)
(0.5657271075 0.06037010004 1.527689766e-21)
(0.6224489915 0.09804265052 -8.637928431e-22)
(0.6062376568 0.08457929449 -6.382202506e-22)
(0.6763885148 0.1475883461 1.751388566e-21)
(0.6500119178 0.09356332497 -2.13559716e-21)
(0.7199061676 0.1717337962 1.242814561e-20)
(0.7778703888 0.1744774517 2.209807191e-21)
(0.5007876627 0.005545835688 6.902023026e-22)
(0.4572830164 0.001579464675 8.699411802e-22)
(0.5055150827 0.01288048506 4.807191243e-22)
(0.5382685361 0.008429548146 2.688533071e-22)
(0.5139737576 0.01915488177 -1.076368997e-22)
(0.4807160884 0.01475620398 -2.228096025e-22)
(0.5253448737 0.02600080376 0)
(0.5411100026 0.01969018053 -4.699662023e-22)
(0.5409334842 0.03422519812 2.942271757e-22)
(0.5188748309 0.02704912861 -6.357209408e-22)
(0.5610010161 0.04659461908 1.821916942e-21)
(0.5605837705 0.03444822808 -1.776599813e-22)
(0.5913105036 0.06593139747 8.894695156e-22)
(0.5712130036 0.04895656145 3.469724564e-22)
(0.6328812041 0.08036319934 -1.910024568e-21)
(0.6168372101 0.06892515996 -2.412993596e-21)
(0.6852921919 0.1183933587 8.541159886e-21)
(0.6557328752 0.073827101 -3.956214938e-21)
(0.7299870933 0.1344377176 1.400000752e-20)
(0.7843346595 0.1384483532 -1.445774844e-20)
(0.5009139427 0.004447455294 4.485921848e-22)
(0.4571493527 0.001235304432 6.312378621e-22)
(0.5061073913 0.01027868725 -4.346754197e-22)
(0.5386092504 0.006473869239 -3.699638992e-22)
(0.5152613066 0.01525952014 -5.851389051e-22)
(0.4814289015 0.01130914583 -2.329001029e-22)
(0.527524014 0.02069799638 -1.105687143e-21)
(0.5426471436 0.01507245532 -6.137711603e-22)
(0.544400211 0.02723740592 -1.107608098e-21)
(0.5211850658 0.0206941176 -6.357209408e-22)
(0.5658669589 0.03678036766 -1.652604467e-21)
(0.5643861192 0.02636456929 -1.48558254e-22)
(0.597732824 0.05199170922 -2.955490655e-21)
(0.5758004588 0.0369569431 -1.18071731e-21)
(0.6415013275 0.0626162865 -4.459183966e-21)
(0.6239416576 0.05244340638 -2.426937215e-21)
(0.6920007598 0.09034395819 1.5026327e-21)
(0.6614697983 0.0548107049 -1.879771318e-21)
(0.7357584697 0.09871501645 5.44323852e-21)
(0.7868650085 0.1048126187 4.475380563e-21)
(0.5010072963 0.003244685744 -1.873182219e-22)
(0.4570562453 0.0008559903704 -3.415981972e-22)
(0.5065511046 0.007479975893 -1.681885824e-22)
(0.538857289 0.004386256548 9.57677393e-23)
(0.5162366848 0.01109352537 -2.615323581e-22)
(0.4819474686 0.007661880509 -2.423031646e-22)
(0.5291935359 0.01503262832 -1.43804958e-22)
(0.5437639855 0.01019333881 6.856067959e-23)
(0.5469881553 0.01978675861 3.23328903e-22)
(0.5228827087 0.0139932595 2.887518101e-22)
(0.5696178088 0.02651652768 3.23328903e-22)
(0.5670591631 0.01784299912 9.995944782e-22)
(0.6021381061 0.03744250199 -6.521638698e-22)
(0.5792870712 0.02471088754 5.148470613e-22)
(0.6475345316 0.04475066992 1.524754325e-22)
(0.6283914539 0.03534863184 -8.356504781e-22)
(0.6967838472 0.06343081889 2.060834502e-21)
(0.6663480078 0.03626506088 1.71390682e-22)
(0.7387484744 0.06465966722 7.300338e-21)
(0.7872203207 0.07314912284 -1.074416257e-20)
(0.5010784308 0.002020427865 -5.851223596e-23)
(0.4570133171 0.0004498894107 -9.989303548e-23)
(0.5068614106 0.004602212606 2.16531571e-23)
(0.5390497575 0.002208579893 1.462289216e-22)
(0.5169057638 0.006804971051 8.778987307e-23)
(0.4823051657 0.003879513279 -2.512160303e-22)
(0.5303411395 0.009213036653 5.011174477e-22)
(0.5444916012 0.00513402597 2.123656376e-22)
(0.5487277599 0.01213013682 9.650173853e-22)
(0.5239897903 0.007069473589 2.887518101e-22)
(0.5721962592 0.01615589538 1.191112637e-21)
(0.5687252047 0.009005547715 1.011716505e-21)
(0.6049530558 0.02277865546 3.31360453e-22)
(0.5816163646 0.01237577423 5.148470613e-22)
(0.6515290836 0.02707667473 -8.167352286e-22)
(0.6309097142 0.01780965856 -8.390533255e-22)
(0.6999318612 0.03777318177 5.41089418e-21)
(0.6697624666 0.01803819478 -1.836752502e-21)
(0.7402721043 0.03194169137 8.886742015e-21)
(0.7868168417 0.04330506709 -1.96730432e-20)
(0.5011947143 0.0006012247567 1.048481221e-22)
(0.5070597599 0.001425505367 -1.266402658e-22)
(0.5173620915 0.00212909416 -1.266402658e-22)
(0.5309958734 0.002884578612 0)
(0.5497693781 0.003809780023 3.354509299e-22)
(0.5736842695 0.005047612593 3.354509299e-22)
(0.6065490441 0.00718606303 -6.555667172e-22)
(0.6538438965 0.008529510785 -1.859070599e-21)
(0.7017456435 0.01198623632 1.639095332e-21)
(0.7865691438 0.01409522868 3.294602662e-21)
(0.7856869526 0.3562422097 -3.665628711e-20)
(0.7503792929 0.3370816545 -4.258771795e-21)
(0.8375041476 0.3420461223 -4.475273195e-20)
(0.7957411976 0.3287960912 -1.88460939e-20)
(0.8845818528 0.3200345725 -2.019393944e-20)
(0.8403661025 0.3147099617 -2.466880057e-20)
(0.9282200365 0.2915194661 2.345280284e-20)
(0.8821549066 0.2945527722 6.839702552e-21)
(0.9694612301 0.2562666661 6.746899116e-20)
(0.9220084471 0.268827138 4.508417144e-21)
(1.009297802 0.2152848498 9.122718544e-20)
(0.9600472564 0.2373042889 2.64638466e-20)
(1.046490653 0.1750876373 4.410603459e-20)
(0.9956904299 0.2005273007 5.281858174e-20)
(1.074624961 0.1320506519 -3.654631914e-20)
(1.025793297 0.1602924842 1.677809761e-21)
(1.096763981 0.08728980717 8.291469125e-21)
(1.048559083 0.1164039456 -1.636107213e-20)
(1.065006272 0.07594784359 1.050305063e-20)
(0.7676147697 0.3006336528 1.517167642e-20)
(0.7571105442 0.2766269784 1.571157641e-20)
(0.8049591546 0.2904847068 4.326776034e-21)
(0.7922103353 0.2662592344 1.525648636e-20)
(0.8430041185 0.2759759107 -1.357086168e-21)
(0.828457693 0.251836654 -1.82321546e-20)
(0.8813816187 0.2571730327 -1.511657222e-20)
(0.8639746516 0.2336106982 7.098362787e-22)
(0.9186938059 0.2340793734 -3.038531807e-20)
(0.8980521124 0.2119937645 3.603628883e-21)
(0.9528581368 0.2063818178 -1.084789574e-20)
(0.9299671317 0.1868155638 -3.170438504e-20)
(0.9816749842 0.1731141382 1.659257819e-20)
(0.9583230302 0.1583555161 -2.532712502e-20)
(1.005407316 0.1352893632 1.361250915e-20)
(0.9829977791 0.1266188657 1.658558727e-21)
(1.021340561 0.09633226893 -1.286716737e-20)
(1.002466497 0.09443835965 1.69086485e-20)
(1.017411472 0.059330479 -2.699093173e-20)
(0.7820496217 0.2466865296 1.309402521e-20)
(0.7720707025 0.230212138 6.471028748e-21)
(0.8156098036 0.2333263426 -6.851067855e-21)
(0.8031760772 0.2196386027 8.641674897e-21)
(0.8489501937 0.2163520403 -1.233618329e-20)
(0.8341727899 0.2062676786 -1.477867339e-20)
(0.881269728 0.1962385522 2.140311396e-20)
(0.8644904673 0.1902524621 1.379844861e-20)
(0.9118661618 0.1731103295 2.555632078e-21)
(0.8935698354 0.1717613846 3.338519811e-20)
(0.9400484337 0.147033744 -4.558596453e-20)
(0.9208285664 0.1505485036 -1.239199974e-20)
(0.9653159771 0.1188575086 -4.163667496e-20)
(0.945804443 0.1268443991 -3.466697088e-20)
(0.986523592 0.08959143264 5.499635233e-21)
(0.9673549292 0.100976217 -2.090693359e-20)
(1.004794074 0.06061557807 2.713963549e-21)
(0.9847696574 0.07347226016 2.329144225e-20)
(0.9971043608 0.04728667013 -1.134943535e-20)
(0.7940283184 0.204178359 1.740984787e-21)
(0.7838138786 0.1897396076 3.185671594e-21)
(0.8225624509 0.1920631249 8.632409482e-22)
(0.8115227623 0.1793715898 -3.591652948e-21)
(0.8508130683 0.1779829619 1.021455897e-20)
(0.8382254289 0.1673235302 -5.584142443e-21)
(0.8780802219 0.1619787922 2.472122407e-20)
(0.8640936772 0.1534815237 1.250644861e-20)
(0.904029298 0.1441550842 2.025903555e-20)
(0.8889705974 0.1375780964 1.538981894e-20)
(0.9280899162 0.124709484 1.497914722e-22)
(0.9122268185 0.1196015036 9.420038568e-21)
(0.9493101632 0.1036152896 -1.403100386e-20)
(0.9330935007 0.100085757 2.940661243e-21)
(0.9664964334 0.08107217724 -3.216087368e-21)
(0.9506136747 0.07965102204 -1.636003063e-20)
(0.9781646178 0.05723974054 9.16533969e-21)
(0.9643225019 0.059159355 6.317007665e-21)
(0.9739898691 0.0376541897 1.231403246e-20)
(0.8023427775 0.1656782464 -2.701056446e-21)
(0.7912381884 0.1527463183 -1.023680241e-20)
(0.8270205143 0.1548268553 -9.922823754e-21)
(0.8161251534 0.1434217635 -1.746706462e-20)
(0.8514010624 0.14260164 -3.440934978e-21)
(0.8395262752 0.1329725645 -3.714611014e-21)
(0.8750177889 0.1289096189 3.141884075e-21)
(0.8619153158 0.1212072475 1.41754524e-20)
(0.8973265436 0.1137437218 4.592413428e-21)
(0.8833357312 0.1079368051 -1.711845366e-21)
(0.9174726272 0.09713495333 1.187583416e-20)
(0.9031399043 0.09345852205 5.612438731e-22)
(0.9347292979 0.07916380317 2.526518808e-22)
(0.920690332 0.07812954249 1.334004825e-20)
(0.948771246 0.06032718035 -6.866877886e-21)
(0.9354375196 0.06219752317 -9.782454735e-21)
(0.9601218637 0.04151552905 9.460877616e-21)
(0.9473981264 0.04566500997 -6.728350941e-21)
(0.9561091156 0.02898342814 6.076994053e-21)
(0.8062746314 0.1308234288 -2.499023424e-20)
(0.7946767578 0.1185177733 -9.303206593e-21)
(0.8281590455 0.1216668756 -1.125647815e-20)
(0.8173891643 0.1107442051 -1.383082865e-20)
(0.8497107801 0.1115298264 1.383585466e-20)
(0.8384621181 0.102142472 2.463966976e-21)
(0.8704496762 0.1003391628 9.380815903e-21)
(0.8583850627 0.09268173194 1.883699822e-20)
(0.8897130236 0.08805741122 -5.752500161e-21)
(0.8772861825 0.08232109035 8.202854565e-21)
(0.9069318009 0.07479446281 1.990682713e-21)
(0.8947439373 0.07123019941 -1.455877714e-20)
(0.9218220243 0.06080113973 3.205210452e-21)
(0.9103014324 0.059449677 1.88346775e-21)
(0.9342707428 0.04652077844 -9.848280211e-21)
(0.9234901727 0.04706639194 3.917427684e-21)
(0.9437709769 0.03210601392 -1.017924566e-20)
(0.9340003898 0.03448895264 -2.197298061e-21)
(0.9414129762 0.0218427396 -1.890041392e-21)
(0.8071001647 0.09868762746 1.91807809e-21)
(0.7954702664 0.0866358152 -5.098381252e-21)
(0.8271477341 0.09142411439 -9.555234041e-23)
(0.8167220521 0.08067275863 1.861556695e-22)
(0.8467419795 0.08346880397 7.431243494e-21)
(0.8362922141 0.07415091605 1.398082578e-20)
(0.8654731994 0.07480042792 1.766628576e-20)
(0.8546372241 0.06710705259 8.02590889e-21)
(0.8828810558 0.06544244183 -5.386279053e-22)
(0.8719728639 0.05949241932 5.85017333e-21)
(0.8986291499 0.05553482943 -1.468640187e-20)
(0.8880339329 0.05131889516 -1.065318009e-20)
(0.9123387528 0.04525755168 2.587793808e-21)
(0.9023649536 0.04267391081 -9.260460313e-21)
(0.9236056534 0.034786112 1.152934455e-20)
(0.9144296012 0.03367216055 8.868986111e-21)
(0.9320057437 0.02422818369 6.063656439e-21)
(0.9239149502 0.0247686807 7.889789301e-21)
(0.9306010223 0.01582632557 5.580579235e-21)
(0.8064746769 0.06870315043 -6.883191878e-21)
(0.7951481171 0.05660690565 -2.051253155e-20)
(0.8254158233 0.06346975297 1.431447222e-20)
(0.8155324579 0.05260712877 -5.343483353e-22)
(0.843825337 0.05778395522 1.45913459e-20)
(0.8342309717 0.04823212489 2.295523896e-20)
(0.8613764065 0.05166317431 -3.823623879e-21)
(0.8516580525 0.04355652233 -4.496662656e-21)
(0.8776839731 0.04513829958 -4.252432078e-21)
(0.8680557114 0.03853275326 -1.196361537e-20)
(0.8923391849 0.03827671378 -5.256035189e-21)
(0.8832021372 0.03317442228 -9.678096484e-22)
(0.9049156273 0.03114659903 -2.969120403e-21)
(0.8966472056 0.02758383542 1.286996818e-21)
(0.9150584606 0.02386605521 5.234735023e-21)
(0.907905723 0.02181559054 5.465216967e-21)
(0.9227509658 0.01652344008 7.403485181e-21)
(0.9167048031 0.01599280041 2.342305794e-21)
(0.9228826852 0.01012032084 4.275542615e-21)
(0.8056081594 0.04058608514 -1.412607679e-20)
(0.7946795851 0.02786993518 -1.232332714e-20)
(0.8239930928 0.03740149904 8.161504364e-21)
(0.8146539051 0.02587469581 -5.510956604e-22)
(0.8417451812 0.03395602839 3.773611424e-21)
(0.8329047066 0.02368816371 8.683965295e-21)
(0.8585893243 0.03026384629 -1.268200381e-20)
(0.8498142402 0.0213512806 -4.826582349e-21)
(0.8741691865 0.02633692301 -8.635122886e-21)
(0.8656258684 0.01885245426 2.578141015e-21)
(0.8881100592 0.02221371292 5.560457451e-21)
(0.8801648382 0.01620180558 -7.054454223e-22)
(0.9000900926 0.0179509401 9.72127368e-21)
(0.8930270434 0.01344306808 -1.608626873e-22)
(0.9098232337 0.01364853986 2.574905048e-21)
(0.9037858353 0.01061526969 7.318887614e-21)
(0.9170638056 0.009379431571 -7.718751334e-22)
(0.912180572 0.00782805547 -6.005831431e-21)
(0.9180624838 0.005070238635 -4.135648792e-21)
(0.805182724 0.01330771496 1.362198316e-21)
(0.8233067936 0.01238841258 -4.385852979e-24)
(0.8407139286 0.01137425146 -1.809453827e-23)
(0.8571366669 0.01026603655 1.045143206e-20)
(0.872246207 0.009071089988 1.049814592e-20)
(0.8856997045 0.007802787094 -6.417307402e-21)
(0.897193719 0.006473726771 -2.543318644e-21)
(0.9064800378 0.00510768025 -1.286542914e-21)
(0.9134421915 0.003727754707 -9.359332371e-21)
(0.2953077115 -0.03024459678 3.212814672e-20)
(0.07095693053 -0.004925778017 -6.524677533e-21)
(0.1030862234 -0.01209368873 1.655693503e-20)
(0.6925181556 -0.07460751813 6.354466049e-20)
(0.4721601265 -0.037840986 2.601779687e-20)
(0.5231299816 -0.07039654756 4.128471194e-20)
(1.009090958 -0.1084677329 -2.090777553e-20)
(0.8564994888 -0.07327768033 5.143266804e-20)
(0.8941247725 -0.1215474333 -1.640933698e-20)
(1.20393706 -0.1243911583 -1.026191578e-19)
(1.122349215 -0.09624221378 -7.343975183e-20)
(1.134125033 -0.1488613898 -2.649580288e-20)
(1.302344997 -0.1249103161 5.872110888e-21)
(1.271950704 -0.1037190854 -7.017679892e-20)
(1.259500936 -0.1539787975 -4.263055767e-20)
(1.342039816 -0.1154410066 5.275259914e-20)
(1.34207481 -0.1001332513 7.881031368e-20)
(1.312481718 -0.1450552578 5.443806462e-21)
(1.351464243 -0.1005286767 -2.268879998e-20)
(1.367441672 -0.08996121632 -2.319282932e-20)
(1.327444326 -0.128709867 -4.400074307e-20)
(1.347627506 -0.08303767095 -8.045941442e-21)
(1.370827693 -0.07627934034 -1.836417675e-20)
(1.324994603 -0.108874473 1.809957584e-20)
(1.340183553 -0.06454562993 4.562632256e-21)
(1.365318608 -0.06084897564 2.088844509e-20)
(1.316237664 -0.08774027017 2.347780378e-20)
(1.358429948 -0.04514102594 1.040622167e-20)
(1.333327861 -0.04581474751 2.054403928e-20)
(1.307408641 -0.06699835316 4.316328524e-20)
(0.2449608323 -0.01257324068 -1.281028127e-20)
(0.03036808348 -0.003248188974 -6.972480729e-21)
(0.6334693919 -0.03683583499 1.374809538e-20)
(0.3962119545 -0.01314732855 -1.605337042e-20)
(0.9678398067 -0.05947868349 -3.56477565e-22)
(0.7845371728 -0.03067107336 1.255560365e-20)
(1.189018739 -0.07334445074 -4.101616049e-20)
(1.075087592 -0.04661155717 2.420647421e-20)
(1.310676141 -0.07739889955 1.883023767e-21)
(1.252780477 -0.05486571873 -3.397113889e-20)
(1.366667455 -0.07382717281 3.448088498e-21)
(1.345399845 -0.05612117271 -8.453308896e-21)
(1.386125088 -0.06537330783 -1.892062777e-20)
(1.385874191 -0.05241844959 -4.169107802e-20)
(1.3879402 -0.05418224642 1.036725517e-20)
(1.398419268 -0.04566688255 2.285796414e-20)
(1.383070395 -0.04174808864 2.67821192e-20)
(1.397804513 -0.03735519088 1.522080016e-20)
(1.390909422 -0.02943111909 7.778964814e-21)
(1.376695671 -0.02982413075 4.003431419e-20)
(0.1795373445 -0.002970763376 -1.015475008e-20)
(-0.01481733959 -0.008186314561 -1.455597372e-21)
(0.5455350129 -0.007838861383 -1.731092388e-20)
(0.3010797297 0.0003877382369 -1.32066057e-20)
(0.8905168715 -0.01678557922 3.702015899e-20)
(0.6802263418 0.002241930637 -1.022175292e-20)
(1.137982746 -0.02586137596 3.15898437e-20)
(0.9897223456 -0.003023076993 4.322937114e-20)
(1.286925785 -0.03177798947 -4.444537143e-20)
(1.196580454 -0.009014752479 1.471198932e-20)
(1.364127877 -0.03367601415 -5.337910629e-20)
(1.316087691 -0.01323397572 -3.249539201e-20)
(1.397590372 -0.03227126218 -1.964637505e-22)
(1.37625237 -0.01507295497 -4.072989976e-20)
(1.407436599 -0.02876408508 2.775009064e-20)
(1.401192614 -0.01477710875 2.19414817e-20)
(1.406426414 -0.02424794677 -3.745860917e-21)
(1.407233886 -0.01339895056 1.511970551e-20)
(1.402362308 -0.01386992561 -1.182667033e-20)
(1.401325576 -0.01991787146 -2.616611505e-20)
(0.105320386 -0.003229942834 -4.479931688e-21)
(-0.05952329348 -0.0197837973 -2.579446504e-21)
(0.4348435976 0.009188077392 -6.13856081e-21)
(0.1964062025 0.0009969738968 6.64304522e-22)
(0.7788373583 0.01637794512 -4.390664897e-21)
(0.5510301198 0.02214795382 2.890576297e-22)
(1.048088938 0.01595432219 2.656709393e-20)
(0.8681900813 0.03118657355 7.416165412e-21)
(1.226039442 0.011580295 2.697652911e-20)
(1.100797226 0.03152445966 2.788588356e-20)
(1.329078915 0.006715501706 -1.980190175e-20)
(1.250043706 0.0275235016 6.418827476e-23)
(1.381325283 0.003044344717 -1.889414958e-20)
(1.335624565 0.02231117392 -6.842805713e-20)
(1.403144201 0.0009140238456 9.15940958e-21)
(1.379004465 0.01774869543 -7.759112831e-21)
(1.411135825 0.0006256572236 7.797757293e-21)
(1.39728458 0.01381801576 4.592977874e-20)
(1.403348387 0.007014029243 1.212182827e-22)
(1.40673227 0.001518878594 6.759963388e-21)
(0.03050576358 -0.0135516866 2.515960069e-21)
(-0.09901017932 -0.03689057235 1.169072951e-21)
(0.3121175628 0.01237878417 7.293973459e-21)
(0.09354421766 -0.01088661365 6.092559864e-21)
(0.6400570066 0.03676421365 1.208928849e-20)
(0.4092005012 0.02727189048 4.477421041e-21)
(0.9206945208 0.04853771396 8.492365501e-21)
(0.7177053632 0.05258168006 4.912526723e-22)
(1.125002318 0.04951395395 8.816071644e-22)
(0.9657062601 0.0630424848 -6.91036696e-21)
(1.257237892 0.04455296091 -4.873627436e-20)
(1.142339032 0.06295408801 9.9416253e-22)
(1.334307204 0.03752657613 -5.765169907e-20)
(1.25684564 0.05712392771 -7.392935839e-20)
(1.374221056 0.03051943713 2.860484059e-20)
(1.324671139 0.04940538212 1.796356745e-21)
(1.396565403 0.02556726784 3.791411273e-20)
(1.360677895 0.04111535849 2.287826214e-20)
(1.384098228 0.02843840962 -2.211408768e-20)
(1.395244412 0.02012970244 8.412795715e-21)
(-0.03687719927 -0.03212520104 5.311959656e-21)
(-0.1297812852 -0.05732896555 1.268326209e-21)
(0.1903924456 0.002336412514 4.223235157e-21)
(0.002894705814 -0.03254307122 -9.366077066e-22)
(0.4866875664 0.04260596373 -6.975034584e-21)
(0.2696802435 0.01799572652 -4.166846332e-21)
(0.762508511 0.06848320714 -1.510860111e-20)
(0.5519765892 0.05866407366 -2.761604421e-22)
(0.9831736809 0.07838036697 -7.21744728e-21)
(0.7987832096 0.08134491966 6.313421442e-21)
(1.142586615 0.07699475424 -2.410218918e-20)
(0.992868204 0.08872626283 -2.081488793e-20)
(1.248402 0.06954377622 -1.48026649e-20)
(1.13413641 0.08598162217 -5.127253089e-20)
(1.312783717 0.05968343554 -3.699797327e-21)
(1.230114436 0.07814081633 3.839812667e-20)
(1.355844695 0.05205218446 -3.678948957e-20)
(1.290033165 0.06813755009 -1.246168103e-21)
(1.339832352 0.05099706518 -2.190616023e-20)
(1.363701499 0.04130789338 -1.920721406e-20)
(-0.09067423077 -0.0556936092 -4.285562825e-21)
(-0.1500666183 -0.07876525247 -1.400009782e-21)
(0.08232589717 -0.01845741438 -8.129211563e-21)
(-0.0693548535 -0.06087611059 -4.290356677e-21)
(0.3352369228 0.03373391099 2.725530844e-21)
(0.1461065066 -0.003814071718 9.894274649e-21)
(0.588409277 0.07271164115 2.053071655e-20)
(0.3889380627 0.04804515231 1.204615119e-20)
(0.808858042 0.09339568453 -7.850376102e-21)
(0.6166380625 0.08205681881 -7.923462542e-21)
(0.9851983597 0.09910925181 -4.79945824e-20)
(0.8119831219 0.09889161513 -3.820085841e-20)
(1.117119756 0.09505372391 1.065563038e-21)
(0.9695732357 0.1029800549 -2.070549745e-20)
(1.209294924 0.08544436572 4.138569815e-20)
(1.09005386 0.09921167576 3.95796067e-20)
(1.280778481 0.07826408153 1.832300599e-20)
(1.175325232 0.09198529089 1.472001002e-20)
(1.257774307 0.07481062892 6.523459242e-21)
(1.307562073 0.06372279391 -1.097874731e-20)
(-0.1289677504 -0.08191333269 -1.386266658e-21)
(-0.1609122651 -0.09997307452 -3.67383713e-21)
(-0.004934710925 -0.04746360993 1.422692786e-20)
(-0.1215410749 -0.09370977444 8.704696056e-23)
(0.200159903 0.01040063776 1.974035672e-20)
(0.04597637181 -0.03647094487 1.940056691e-20)
(0.4175222606 0.05833783323 -1.593627844e-20)
(0.2445534274 0.02073814807 -7.534808003e-21)
(0.620299962 0.08889686135 -3.810567429e-20)
(0.4407250952 0.06271018363 -2.803125765e-20)
(0.7972317927 0.1038984449 -1.086143406e-20)
(0.6213737197 0.08879877899 -1.099443756e-20)
(0.9438496795 0.1075977574 1.770796161e-20)
(0.7803808798 0.1023907441 1.185115065e-20)
(1.058784752 0.1036742113 1.573002302e-20)
(0.9148045285 0.1072864247 1.603524056e-20)
(1.157685885 0.1028145617 7.844607676e-21)
(1.020954099 0.1085257883 2.27794926e-21)
(1.133410389 0.09854649223 -2.643412696e-21)
(1.210732718 0.09037838305 8.057415241e-21)
(-0.1540761646 -0.1101624603 -2.224643638e-21)
(-0.1653402704 -0.1212808469 -2.706567641e-22)
(-0.07036939861 -0.08388468642 5.141412173e-21)
(-0.1571409659 -0.1305757781 5.378700251e-21)
(0.09022401456 -0.02640948312 -7.714200464e-21)
(-0.03007481562 -0.07797531943 7.139458569e-21)
(0.2676863169 0.02544852526 -1.948040019e-20)
(0.1272488852 -0.0201800077 -1.183472765e-20)
(0.4418968971 0.06318414227 -1.014704822e-21)
(0.2880399546 0.02593010194 -7.70207455e-21)
(0.6048894044 0.08772424666 1.159527898e-20)
(0.4439953544 0.05930909633 5.710265157e-21)
(0.7519661747 0.1021747642 9.836955547e-21)
(0.5910233467 0.08257787166 9.239079207e-21)
(0.8793677074 0.1091078534 6.945983581e-21)
(0.7256799891 0.09810346267 2.640682655e-21)
(0.9988189894 0.1197256989 -1.876344607e-21)
(0.8415365805 0.1103476787 5.26910673e-21)
(0.97093419 0.108651422 -9.457630038e-21)
(1.081394513 0.115737557 1.945332597e-20)
(-0.1702404118 -0.1410813667 7.956618659e-21)
(-0.1666091852 -0.1436944457 9.672124055e-23)
(-0.1178629664 -0.1265520847 7.365872919e-21)
(-0.1812284165 -0.1697747915 4.13269012e-21)
(0.005343678188 -0.07296673389 3.328546726e-21)
(-0.08614119794 -0.1223591582 2.289876352e-22)
(0.145689298 -0.02106075774 1.187789421e-22)
(0.03520277393 -0.06545296913 1.283151879e-21)
(0.2877908967 0.02043152081 -1.450070123e-21)
(0.161874074 -0.01618856716 -1.14119605e-21)
(0.4273525663 0.05199144922 3.481230835e-21)
(0.2882310386 0.02381361421 2.718750277e-21)
(0.5612700765 0.0756355241 2.312303776e-21)
(0.4124892557 0.05722959333 3.479209198e-22)
(0.6856237784 0.09243106385 3.174249325e-21)
(0.5319334133 0.08576655055 1.888209066e-22)
(0.8074862594 0.1119154122 -1.310890453e-21)
(0.6397592529 0.1148722698 3.471299434e-20)
(0.7677488165 0.1294262211 6.553587768e-22)
(0.9057926929 0.1188387408 -2.456750373e-21)
(-0.1795606424 -0.1721219646 -3.7075214e-21)
(-0.1645857706 -0.1658328507 -2.473756242e-22)
(-0.1507545541 -0.1677136091 -2.68812123e-21)
(-0.1944460228 -0.2053579611 1.125618477e-21)
(-0.05765761292 -0.1161929776 -1.974067037e-21)
(-0.1238672468 -0.1595843512 3.696221581e-21)
(0.05011630067 -0.06192337618 3.285709393e-22)
(-0.03113242464 -0.1000732792 -5.503229758e-21)
(0.1609599973 -0.01441563167 3.499503723e-21)
(0.06548649645 -0.04576458647 -1.517857566e-21)
(0.272718152 0.02776659426 2.119053601e-22)
(0.1643636018 0.003757588492 4.068478102e-21)
(0.3839655523 0.06702078371 -2.529956854e-21)
(0.2652152982 0.0512021388 -5.015199852e-22)
(0.4924932433 0.105496431 3.568137356e-20)
(0.3669362865 0.09878591783 3.42391018e-21)
(0.6016996031 0.1509265601 2.944161373e-20)
(0.4645642866 0.1518785102 -2.300514375e-21)
(0.5834609677 0.1937102435 -4.862294307e-20)
(0.6798393923 0.1745146941 5.991280968e-21)
(-0.1805417716 -0.1984230209 3.714342313e-21)
(-0.1575132027 -0.1846794246 1.108005354e-20)
(-0.1679996889 -0.1986636552 7.7860517e-21)
(-0.195328445 -0.2312750704 4.951935541e-21)
(-0.09831492 -0.1447170575 8.583773921e-24)
(-0.1429435302 -0.182624497 7.328035359e-21)
(-0.01656740685 -0.08526778589 -7.081116045e-21)
(-0.07332108496 -0.1182406591 -4.743892603e-21)
(0.06805837922 -0.0292292773 -2.399940401e-22)
(-0.0006637041145 -0.05740359386 -1.731070233e-21)
(0.1557622519 0.02506728301 4.242661451e-21)
(0.07453280934 0.0007497674937 1.363591133e-21)
(0.2468097065 0.08020088207 5.220280945e-21)
(0.1538956493 0.05938495574 -2.776138666e-21)
(0.3406145116 0.1377519446 -3.040083194e-20)
(0.237297657 0.1200625372 5.35740979e-21)
(0.4379476251 0.2000509476 -8.026748598e-20)
(0.3218074143 0.1845773457 -1.696119576e-20)
(0.4204214157 0.2374177254 -3.823055656e-20)
(0.5092338558 0.2319433312 -9.049006543e-20)
(-0.1720941633 -0.2161649864 1.202489599e-20)
(-0.1445660418 -0.1977321861 8.482533439e-21)
(-0.1696640777 -0.2152659859 4.479245267e-21)
(-0.183692218 -0.244245733 -5.157040099e-21)
(-0.1178482593 -0.1561107237 2.706298422e-21)
(-0.1449024164 -0.190389961 -4.769615605e-22)
(-0.05704551637 -0.09062969058 9.607946765e-22)
(-0.09315228125 -0.1207127996 4.044684371e-21)
(0.006183641689 -0.02773510422 -1.4468399e-22)
(-0.03980499505 -0.05531757709 -4.097756882e-22)
(0.07312594886 0.03486136781 -5.859867273e-21)
(0.01626780244 0.007883079375 -5.161218151e-21)
(0.1450270116 0.09895403327 -2.137776443e-21)
(0.0767524712 0.07124260423 -9.06331798e-21)
(0.2215386456 0.1643757144 1.880226519e-20)
(0.1422579664 0.1357801402 3.667623717e-21)
(0.301431242 0.2287244361 2.755195417e-20)
(0.2105033394 0.2001787518 2.804585767e-20)
(0.2863439629 0.2515022457 5.816691491e-21)
(0.3605356164 0.2585980075 6.447467011e-21)
(-0.155513564 -0.2240934051 -8.387491539e-21)
(-0.126578337 -0.2038936748 -4.065686535e-21)
(-0.1578646958 -0.2186845222 -1.014214955e-20)
(-0.1627162893 -0.2459910096 -6.618591537e-21)
(-0.1195132296 -0.1540779691 8.336667841e-22)
(-0.1332312776 -0.1860846199 -5.030641759e-21)
(-0.07499834291 -0.08479220607 3.191923742e-21)
(-0.09498869404 -0.113382673 -4.032169657e-21)
(-0.02893948843 -0.01927466258 -5.154762774e-21)
(-0.05650066849 -0.04705576266 -3.987009548e-21)
(0.02077944774 0.04502253439 -8.570605191e-21)
(-0.01552950582 0.01570269215 -2.915403761e-21)
(0.07530716673 0.1094242354 -3.283653928e-21)
(0.02974774553 0.07738032303 -3.172309158e-21)
(0.1341269547 0.1723023868 1.329338504e-20)
(0.07969304594 0.1381969163 3.20148431e-21)
(0.1953519921 0.2293357757 9.410516715e-21)
(0.1322030686 0.1952310969 1.302917914e-20)
(0.1879179851 0.2387990879 -4.690863238e-21)
(0.2417739784 0.253643472 -9.013628841e-21)
(-0.133494151 -0.2242194375 -2.280413539e-21)
(-0.1062024551 -0.2045972921 -5.85123766e-21)
(-0.137083458 -0.2130122537 -1.306456021e-21)
(-0.1367230102 -0.2400719817 1.356556206e-21)
(-0.1082316207 -0.1447989058 -9.722585994e-21)
(-0.1137154445 -0.1753203542 -1.05050285e-20)
(-0.07581088317 -0.07524824148 -1.111252282e-20)
(-0.08548025012 -0.1023561255 -4.687760669e-21)
(-0.04262025298 -0.0118984433 -1.75360596e-21)
(-0.05804992532 -0.03904806851 1.261504297e-21)
(-0.006126769598 0.0483629548 2.280214707e-21)
(-0.02856756367 0.01847239894 3.936692037e-21)
(0.0346433836 0.1068667989 3.18870675e-21)
(0.005073517775 0.07367440567 0)
(0.07900058365 0.1615909416 3.470149307e-21)
(0.04282875955 0.1263004478 3.13029132e-21)
(0.1248946126 0.2082746356 -7.242495374e-22)
(0.0829538098 0.1732776501 3.294942419e-21)
(0.1240518898 0.2080478429 -3.49157656e-22)
(0.1607026181 0.2270201393 3.088455645e-21)
(-0.1095709184 -0.219372516 -2.260494476e-21)
(-0.08560872572 -0.2018354319 -1.986923066e-21)
(-0.1126188315 -0.202507867 -7.768763489e-21)
(-0.1097990953 -0.2299246195 -8.220423277e-22)
(-0.09078047624 -0.1328566683 -5.537177004e-21)
(-0.09179010146 -0.1619141502 -7.486551962e-22)
(-0.06740433063 -0.06623168376 7.750902992e-21)
(-0.0713464444 -0.09105399832 6.853029289e-21)
(-0.04381519927 -0.008817322277 6.936935091e-21)
(-0.05230261455 -0.03367908954 7.121061788e-21)
(-0.01729229827 0.04361919097 1.653826596e-21)
(-0.03149150688 0.01561057635 1.650259303e-21)
(0.01322933906 0.09295858942 0)
(-0.006753081743 0.06142346944 -1.928280566e-21)
(0.04699030115 0.1376224401 3.27829641e-21)
(0.02182894165 0.1039609107 9.667045822e-21)
(0.08203789924 0.1740880563 3.687902925e-21)
(0.05283875762 0.1407172018 7.258448012e-21)
(0.08426135942 0.1674863244 -7.482547328e-21)
(0.1106147264 0.187992568 5.851443991e-21)
(-0.08622128935 -0.211774597 -5.293793866e-22)
(-0.06594738665 -0.1970694281 -2.721532218e-21)
(-0.08840762194 -0.1898332085 6.19761368e-21)
(-0.08443430178 -0.217755619 2.41279676e-22)
(-0.07235075731 -0.1204450754 1.159628492e-20)
(-0.0709573514 -0.1477828063 5.853515409e-21)
(-0.05613501341 -0.05883631407 6.271398055e-21)
(-0.05699429285 -0.0806402805 3.365539164e-22)
(-0.03996799646 -0.009542701534 1.841443488e-21)
(-0.04450883889 -0.03090074813 -2.279763426e-22)
(-0.02105346342 0.03314709929 -1.938401875e-21)
(-0.03032204887 0.008559218038 -5.228276106e-22)
(0.001689233352 0.07218483338 7.678353838e-21)
(-0.01230748066 0.04385576513 -2.882046371e-21)
(0.02760449896 0.1068394921 1.367237686e-20)
(0.00951002322 0.0760410025 5.495002263e-21)
(0.05496617618 0.1344491195 -3.839722363e-21)
(0.03395616675 0.1035019744 1.808352939e-21)
(0.05920976359 0.1235153332 -1.101048982e-20)
(0.07856076049 0.1444696692 -1.951458323e-20)
(-0.06463761761 -0.2027360416 -1.968470248e-21)
(-0.04766377656 -0.1910881081 -2.490289128e-21)
(-0.06647055451 -0.176375007 -2.388917598e-22)
(-0.06169157822 -0.2046616327 1.26001151e-21)
(-0.05565944217 -0.1084582135 -5.373364052e-21)
(-0.05280441909 -0.1337596041 -5.163668773e-21)
(-0.04533805609 -0.05312414461 -6.109824728e-21)
(-0.04447847111 -0.07141085092 -6.356504787e-21)
(-0.03491209651 -0.01309549174 -2.610140557e-21)
(-0.03714269428 -0.0302827839 -4.985981419e-21)
(-0.02174171303 0.01901886998 -1.451903232e-21)
(-0.02785136315 -0.001366176707 5.981813214e-22)
(-0.004704313823 0.04745032272 -5.083585146e-21)
(-0.01472657296 0.0228752971 1.531773857e-21)
(0.01568522104 0.0724881696 -6.337388114e-21)
(0.002324794443 0.04472528565 -7.752803424e-22)
(0.03799148973 0.09231086243 -5.335965461e-21)
(0.02225624167 0.06347680921 -4.936453745e-21)
(0.0436291507 0.07741827029 -1.009415134e-20)
(0.05860504805 0.09878107426 -7.794481822e-21)
(-0.04520132276 -0.1928525414 8.004748196e-22)
(-0.0308478266 -0.1842093852 1.414329621e-21)
(-0.04749328332 -0.1627162684 -3.726508745e-21)
(-0.04180207975 -0.1910687832 -8.440263363e-22)
(-0.04167951309 -0.0971775531 -6.139706345e-21)
(-0.03769866064 -0.1201077521 -4.598184935e-21)
(-0.03625885137 -0.04891949338 -5.240541061e-21)
(-0.03430538412 -0.06331273835 -1.017238398e-23)
(-0.03013787462 -0.01878767254 -1.804882365e-21)
(-0.030837713 -0.03136627556 3.99981017e-22)
(-0.02101251126 0.002316366668 3.581236175e-21)
(-0.02485135576 -0.01341491406 1.233367123e-22)
(-0.007906047519 0.01998758458 5.846676915e-21)
(-0.01489656644 -0.0004617374872 7.543667983e-21)
(0.008798014428 0.03556632768 6.554035219e-22)
(-0.0008755668808 0.01102706119 6.63792694e-21)
(0.02794013485 0.04808075972 -9.70575624e-21)
(0.01627142582 0.02124512265 -2.813826611e-21)
(0.03534979973 0.02924399287 -1.060192014e-20)
(0.04700387836 0.05107513338 -6.78059746e-21)
(-0.0279080617 -0.1823510779 -1.285833271e-22)
(-0.03144402426 -0.1490663189 -1.698370116e-21)
(-0.0303669446 -0.08664736402 1.498105064e-21)
(-0.02885524986 -0.04601703199 5.629977253e-21)
(-0.02560596385 -0.02614649216 2.324000824e-21)
(-0.01888849946 -0.01628237173 4.033528524e-21)
(-0.008055246036 -0.009488007086 8.306373519e-21)
(0.006551051837 -0.003369302266 3.222767265e-21)
(0.0239512632 0.001963269906 -3.671801783e-21)
(0.04236407153 0.001514431958 -6.605234425e-21)
(0.5786863337 0.2731727344 -2.919804735e-20)
(0.6151995823 0.3301115376 -5.256947086e-20)
(0.7386014456 0.3169832317 -3.665543789e-20)
(0.4903919284 0.1566601832 6.461231122e-21)
(0.4573302627 0.2129410982 1.112848687e-21)
(0.5296985506 0.2133809754 1.122904999e-22)
(0.4691952894 0.07382792938 -8.149195814e-23)
(0.4632247428 0.09764386203 -9.572343965e-22)
(0.4939275542 0.1050985239 -8.273418087e-22)
(0.4633505898 0.02700672186 1.47426506e-21)
(0.4568142258 0.03794755088 2.750636777e-21)
(0.4708447941 0.0426160255 6.131011316e-22)
(0.4658435006 0.006200521578 -4.319284241e-22)
(0.4609420811 0.01029239353 -6.715571724e-22)
(0.4664409992 0.013108806 1.594803823e-23)
(0.4709910394 -0.002044300761 1.410506818e-23)
(0.4674578523 -0.001087945591 3.069288186e-24)
(0.4693078524 0.0008309309707 1.125968783e-23)
(0.4764280344 -0.004629999005 1.6221357e-23)
(0.4737033157 -0.005083190445 6.257782635e-24)
(0.4740940464 -0.003626768674 3.631473493e-24)
(0.4809934584 -0.00497542238 7.680816023e-23)
(0.479217306 -0.00558762809 7.11278988e-23)
(0.4790824902 -0.004484217503 8.090448077e-26)
(0.4849260394 -0.003918284195 8.285740238e-23)
(0.4830364799 -0.00540936631 1.010858961e-22)
(0.4827543175 -0.004477367433 7.276462779e-23)
(0.4873500704 -0.003172362331 -3.483593235e-23)
(0.4870149394 -0.002644292358 -6.839974826e-25)
(0.475030425 0.276172951 -2.362096816e-20)
(0.4838865761 0.3191478084 -6.46197655e-20)
(0.4414820219 0.1466855301 1.548543214e-21)
(0.3953624774 0.2007541381 5.665612838e-21)
(0.4486957385 0.06396366787 1.855914314e-21)
(0.4399011632 0.08479459954 -2.429752215e-22)
(0.4554323246 0.02126938872 1.333032525e-21)
(0.4466886809 0.03133550193 1.73957565e-21)
(0.4631372436 0.002970875538 -6.181675075e-22)
(0.4573601239 0.006632519201 -4.103599446e-22)
(0.4703045624 -0.004094567184 -2.673145605e-24)
(0.4664323374 -0.003391500315 -2.159090399e-23)
(0.4764872476 -0.006020855887 6.13733059e-23)
(0.4736566461 -0.00671337834 1.544828848e-23)
(0.4812976211 -0.006027512178 8.231304162e-23)
(0.4795211322 -0.006768686912 1.382800707e-22)
(0.4852812453 -0.004658844577 -1.702331355e-23)
(0.4834255542 -0.006372253419 -5.421461586e-23)
(0.4877480039 -0.003712861293 -4.346135662e-23)
(0.3865062202 0.2540561018 -4.160452893e-20)
(0.3665901451 0.2894311859 -5.948664449e-20)
(0.4060063353 0.1303608517 3.969643633e-21)
(0.3540134412 0.1788600173 5.782402909e-21)
(0.433322534 0.05348077335 -3.631471887e-22)
(0.4217997427 0.06859008322 3.559341409e-22)
(0.4492553504 0.01607961037 -2.658709654e-22)
(0.4386141055 0.02337136926 -1.039623921e-21)
(0.460915278 2.498667217e-05 1.093932574e-22)
(0.454461041 0.002263551963 1.098157826e-23)
(0.4698326361 -0.006107224902 -3.56559274e-24)
(0.4656450094 -0.006084927017 -1.88124198e-23)
(0.4766606618 -0.007475186548 9.221765376e-23)
(0.4737390976 -0.008515464356 9.436020053e-23)
(0.4816834101 -0.007123118111 -4.178130126e-24)
(0.479917046 -0.008022621202 7.825393771e-23)
(0.4857057795 -0.005419728905 -1.054861098e-22)
(0.4838923834 -0.00736279211 -1.296715249e-22)
(0.4882064576 -0.004263542479 1.639333265e-23)
(0.3195615563 0.2201212748 -6.921814332e-21)
(0.2759790775 0.2481776043 1.033670939e-20)
(0.3824199285 0.1093381022 -5.137929021e-21)
(0.3289380924 0.1491649893 -2.814040932e-22)
(0.4215765671 0.04061380132 -3.147371834e-22)
(0.4073302416 0.0508884701 2.665463464e-22)
(0.4444788399 0.009343448424 -5.50337758e-22)
(0.4324488373 0.01445586653 -9.403747648e-22)
(0.4593560988 -0.003868416655 -7.457168839e-23)
(0.4522582351 -0.002663110397 -6.846375463e-23)
(0.4695873328 -0.00849149454 8.484202242e-23)
(0.465179661 -0.009046747764 3.516376983e-23)
(0.4769610513 -0.009061501809 7.542714149e-23)
(0.4739885922 -0.01046114437 4.290955714e-23)
(0.4821572669 -0.008268162765 -4.721689433e-23)
(0.4804152051 -0.009339329398 -2.47655525e-23)
(0.4862017893 -0.006198606807 -7.552858961e-24)
(0.4844419438 -0.008376327796 -4.664813685e-23)
(0.4887266316 -0.004821718838 1.252303296e-23)
(0.2737841384 0.1802583648 1.227876235e-20)
(0.2145046042 0.2020050699 3.781798819e-20)
(0.3662316257 0.08448733367 1.116531738e-21)
(0.3136534257 0.1142278573 -3.990446369e-21)
(0.4127310381 0.02665682816 -3.612002363e-22)
(0.3958460529 0.03281699625 -2.076485732e-22)
(0.440917942 0.002141572765 -2.347045988e-22)
(0.428049229 0.004858939413 -3.657468042e-22)
(0.4582589704 -0.007956163791 4.219176718e-23)
(0.4507723443 -0.008019522221 -1.130571427e-22)
(0.4695916915 -0.01103675834 -2.3782636e-25)
(0.4650425244 -0.01225330516 3.835743427e-23)
(0.4773999148 -0.0107383438 -5.628962487e-23)
(0.4744193952 -0.0125298254 -2.259192166e-22)
(0.482727418 -0.009451961596 -2.585696233e-23)
(0.4810281512 -0.01070921674 -1.551662825e-23)
(0.4867737585 -0.006990717403 -1.347677181e-23)
(0.4850822451 -0.009407360064 -3.573076303e-23)
(0.4893106385 -0.005383995727 -1.248694046e-23)
(0.2453686129 0.1376622835 1.680301273e-20)
(0.1767524833 0.1543934051 -4.828598008e-21)
(0.3548353271 0.05770772525 -1.970119482e-21)
(0.3043396496 0.07665344948 5.407459381e-21)
(0.4064931757 0.01236716315 -2.109541822e-22)
(0.3872365774 0.01478712911 1.682661976e-23)
(0.4384613212 -0.005520104141 -2.441048927e-22)
(0.4251812596 -0.005227940002 -3.299930797e-23)
(0.4576782251 -0.01237195489 -1.179169461e-22)
(0.4499821684 -0.01371659616 -3.007055541e-22)
(0.4698658253 -0.01375465555 -1.911246859e-22)
(0.4652660358 -0.01565931908 1.39515454e-22)
(0.4779978476 -0.0124967318 -1.790244234e-22)
(0.4750564361 -0.01469869669 -5.988663183e-23)
(0.4834063501 -0.01066695611 -2.702864609e-23)
(0.4817707857 -0.01212040636 -9.521023046e-23)
(0.4874275322 -0.007791043675 -3.475559124e-23)
(0.4858214208 -0.01044862586 -3.676736773e-23)
(0.48996037 -0.005945979586 3.965386045e-23)
(0.2302855485 0.09371241036 -1.699011118e-20)
(0.1555457291 0.1052973779 -3.538972247e-20)
(0.3468772721 0.03034723881 7.480633178e-21)
(0.2990685118 0.0387101583 5.39471364e-21)
(0.4026154702 -0.002044026521 1.979498428e-22)
(0.3814695273 -0.003216593954 2.942029126e-22)
(0.4370750049 -0.01354311877 -8.906664102e-23)
(0.4236868919 -0.01563612986 7.350645125e-23)
(0.4576441537 -0.01703346519 -4.743666726e-23)
(0.4499091131 -0.01967431089 -1.314490123e-22)
(0.4704391551 -0.01660617229 2.697716842e-22)
(0.4658802624 -0.01922001159 1.925052244e-22)
(0.4787737136 -0.01431656872 2.461481069e-23)
(0.4759199467 -0.01694256513 3.334843399e-22)
(0.4842045164 -0.011902339 -1.050595858e-22)
(0.4826545861 -0.01355899049 -1.238399523e-22)
(0.4881675308 -0.008593104552 3.769365417e-23)
(0.4866652727 -0.01149127087 -2.076969081e-23)
(0.4906766938 -0.006502403267 5.909404317e-23)
(0.2245475237 0.04929867534 -1.239088806e-20)
(0.1451414469 0.05412377218 1.660368313e-20)
(0.3417962058 0.003201823743 -1.864604094e-21)
(0.2971439235 0.00189280731 5.872895423e-21)
(0.4007901709 -0.01651612996 1.707565187e-22)
(0.3784654706 -0.02133932754 2.491989559e-22)
(0.4367464458 -0.02182074626 1.550974412e-23)
(0.4234794364 -0.02624305364 -3.30057916e-22)
(0.4581782987 -0.02187391222 1.067378193e-22)
(0.4505642175 -0.02581811898 1.92769803e-22)
(0.4713313746 -0.01955443728 2.564773082e-22)
(0.4669031909 -0.02289007015 5.906039845e-24)
(0.4797404239 -0.01617725679 1.847664985e-22)
(0.4770231598 -0.01923465413 1.956054714e-22)
(0.4851288849 -0.01314602815 -3.949493203e-23)
(0.4836871278 -0.01500959805 -3.983831913e-23)
(0.48899617 -0.009389350335 3.749646426e-24)
(0.4876170724 -0.0125252142 -1.105441589e-22)
(0.4914593599 -0.007047336804 -2.971888285e-24)
(0.2228699461 0.005180429753 3.574734439e-20)
(0.1424452773 0.001371361862 2.548451125e-20)
(0.3393548231 -0.02358108876 8.024660165e-21)
(0.2984967919 -0.03377220425 9.00199288e-21)
(0.4007454497 -0.03105768171 -2.540987739e-22)
(0.3781335604 -0.03970421179 6.844877899e-23)
(0.4374649576 -0.03026161381 -1.621605716e-22)
(0.4245277035 -0.03697660117 -1.101934599e-22)
(0.4592927961 -0.02683355683 9.31975798e-23)
(0.4519509725 -0.03207665726 6.848876347e-22)
(0.4725545796 -0.02256335735 -5.960342023e-23)
(0.4683451674 -0.02662395832 -1.909514392e-23)
(0.4809062134 -0.01805731574 -2.973327057e-23)
(0.4783743252 -0.02154733356 2.026369596e-22)
(0.4861835443 -0.01438482674 -1.111728131e-22)
(0.4848729258 -0.01645585636 -9.439262157e-23)
(0.4899141114 -0.01017140918 -1.140625874e-22)
(0.4886779197 -0.01353944713 4.511131998e-24)
(0.4923071185 -0.007574380428 3.59300264e-23)
(0.2255707647 -0.038799711 -1.358012678e-21)
(0.339629872 -0.05011967204 1.015779087e-21)
(0.4023859785 -0.04570825784 2.139112224e-22)
(0.4392270175 -0.03879267115 7.542033591e-22)
(0.4609938807 -0.03185464577 5.715200801e-22)
(0.4741161742 -0.02559657818 2.395874414e-22)
(0.4822759571 -0.01993449551 1.376089851e-22)
(0.4873702743 -0.01560470495 2.142072697e-23)
(0.4909204954 -0.01093031682 1.545594453e-22)
(0.8375661214 0.03238883897 6.804550693e-21)
(0.9759796008 0.08467999914 4.972329704e-20)
(1.170445691 0.02983653888 1.82354235e-20)
(0.63898666 0.01913721153 9.731845452e-23)
(0.6926458426 0.05051589263 -2.4188777e-21)
(0.5365458462 0.009330481604 -2.831963097e-23)
(0.5612945024 0.02605953865 5.279109998e-22)
(0.493645296 0.003752947306 6.488043341e-24)
(0.5029698081 0.01091331183 1.360882669e-23)
(0.4788510478 0.00116826393 4.594634355e-25)
(0.4808620927 0.003763453933 -9.997015098e-23)
(0.4760608432 8.481322467e-05 1.877024433e-23)
(0.4752347868 0.0007097897919 -6.002361056e-23)
(0.4779092255 -0.0003040184351 2.535291764e-23)
(0.4761416738 -0.0004702031246 7.874740035e-24)
(0.4809837289 -0.000403143272 -2.247159877e-23)
(0.4794170436 -0.0007821115161 1.384291181e-24)
(0.4842938711 -0.0003369855171 -1.404161911e-23)
(0.4824210207 -0.0008420547895 -2.150666699e-23)
(0.4863302107 -0.0005104014602 6.456950935e-24)
(0.8212178981 0.1018022498 4.049986865e-20)
(0.9485833785 0.1697906925 2.647373506e-20)
(1.15579054 0.09506885827 -1.295356438e-20)
(0.6282583086 0.05714470731 -1.988285154e-21)
(0.6711937431 0.09960216689 -7.917065309e-22)
(0.5307172708 0.02749938282 5.698394574e-22)
(0.5514266315 0.05087264146 4.970123841e-22)
(0.4908570447 0.01088163036 -9.284936762e-23)
(0.4981651694 0.02105320691 1.38097301e-23)
(0.4776124406 0.003286024038 -1.60453225e-22)
(0.4787039927 0.007132699636 -9.730657783e-23)
(0.4755338592 0.0001443244884 -7.091911486e-23)
(0.4743173732 0.001238552413 -5.379412725e-23)
(0.4777248714 -0.0009518958084 -1.609388643e-23)
(0.4757971934 -0.0010275666 -5.705504427e-24)
(0.4809489218 -0.001223229118 2.349222957e-24)
(0.479331869 -0.001602265729 1.031101182e-24)
(0.4843359722 -0.001016217971 -1.008096947e-24)
(0.482449934 -0.001703673988 1.318121775e-24)
(0.4864143081 -0.001025408256 1.138178994e-23)
(0.7852556135 0.1674861327 -1.481784012e-20)
(0.8930396537 0.2512331175 -3.807564328e-20)
(1.105408185 0.1530032096 -3.977031836e-21)
(0.6086378577 0.09401023821 1.693591008e-21)
(0.6346648733 0.1445313027 2.738410215e-22)
(0.5215019794 0.04476470278 -5.901734322e-23)
(0.5369277032 0.07303881432 -5.901734322e-23)
(0.4866788593 0.01744455968 9.352519896e-24)
(0.4915091721 0.02991173126 4.921907252e-22)
(0.4757562868 0.005139838572 9.352519896e-24)
(0.4757299099 0.009911252353 9.352519896e-24)
(0.4747842726 8.659525e-05 1.141948318e-23)
(0.4730432455 0.001485819505 0)
(0.4774613289 -0.001672551079 1.141948318e-23)
(0.4753132815 -0.001708573032 1.141948318e-23)
(0.4809152207 -0.002080518926 -1.689032549e-36)
(0.4792236503 -0.002480888452 5.892779914e-24)
(0.4844048551 -0.001711644833 1.370800866e-23)
(0.4824990598 -0.002591389131 1.183458417e-25)
(0.4865492013 -0.001550365517 1.517909332e-23)
(0.7244124462 0.2293618392 -2.298396214e-20)
(0.8229675309 0.3210106143 -4.885385689e-20)
(0.9987098406 0.2174433649 -2.658678485e-20)
(0.5785611184 0.1216759485 -1.478767329e-21)
(0.593821273 0.181633881 -6.628433522e-22)
(0.5090373025 0.05715922579 4.921907252e-22)
(0.5219275277 0.09072471996 0)
(0.4812962276 0.02198431686 4.921907252e-22)
(0.4843196789 0.03696868041 3.069231003e-22)
(0.473387347 0.006128472688 0)
(0.4722978762 0.01192316316 2.385290003e-22)
(0.4737573194 -0.0003442435557 0)
(0.4715523229 0.001391703608 0)
(0.4771316842 -0.002523811897 5.892779914e-24)
(0.4747550304 -0.002566965172 0)
(0.4808848358 -0.002990407467 6.011125756e-24)
(0.4791210213 -0.00343563877 -7.889028985e-24)
(0.4845123906 -0.002429631716 1.589430495e-24)
(0.4825853934 -0.003514189353 -7.036783111e-25)
(0.4867437728 -0.002089126612 7.722703474e-25)
(0.6785597418 0.268609744 -2.700887586e-20)
(0.8778319114 0.2008823182 -1.987333869e-20)
(0.553760979 0.1541654574 8.15923977e-22)
(0.4972571323 0.07218491289 -1.852676249e-22)
(0.4750572525 0.02760164688 5.326137532e-23)
(0.4703964556 0.007409451082 2.385290003e-22)
(0.4726008693 -0.0007721185457 0)
(0.4767669881 -0.003454035258 -1.37818089e-23)
(0.480888982 -0.003953185662 -1.460383305e-23)
(0.4846752634 -0.003174188124 -1.520838459e-24)
(1.371192101 -0.002358952806 -4.210371564e-21)
(1.361363683 -0.005839562239 -2.044766326e-20)
(1.342334392 -0.003894442934 2.898169666e-21)
(1.38680437 -0.0009196209288 -1.265128962e-21)
(1.382694459 -0.003316778062 2.091551159e-21)
(1.387036329 0.0008785830265 2.480680234e-21)
(1.392738628 0.0002791647021 -7.936458437e-22)
(1.376052007 0.002395529546 8.502205337e-21)
(1.383820967 0.003620555065 -1.659502319e-21)
(1.359289117 0.004588475281 8.110663311e-21)
(1.37101557 0.006752835207 2.084667813e-21)
(1.330735711 0.006581911117 9.011790452e-21)
(1.346097635 0.01349722201 -3.610688494e-21)
(1.305820153 0.009703565202 4.503725822e-21)
(1.317935392 0.01432066333 4.449952987e-21)
(1.263922312 0.01336768473 -1.737928572e-21)
(1.287679868 0.02938998489 9.555855196e-22)
(1.228900314 0.01973054958 1.011368401e-20)
(1.238995822 0.0279909989 -9.22299185e-21)
(1.208617292 0.05861276739 -8.198397137e-21)
(1.371750856 -0.006809098775 -1.442518821e-20)
(1.360939001 -0.01181899814 -3.788605864e-20)
(1.341447056 -0.01138959732 -1.486373093e-20)
(1.388074084 -0.002238732796 2.626670792e-21)
(1.383895279 -0.006578296519 9.835675607e-21)
(1.388766643 0.003053667718 -4.927080614e-21)
(1.395140085 0.0007526229234 -6.649370194e-21)
(1.377971923 0.007945516536 -7.960941209e-21)
(1.386216076 0.007533186064 -4.359949896e-21)
(1.358811424 0.015086308 -9.495166935e-21)
(1.372321889 0.01487773365 -4.104401179e-22)
(1.331205744 0.02091632021 -8.529199505e-21)
(1.344135949 0.02648689054 -5.322329556e-21)
(1.30251613 0.03188739046 8.621562559e-22)
(1.317392255 0.03154430619 -4.462583816e-21)
(1.26073481 0.04218898496 -6.618596691e-21)
(1.274634111 0.05679734656 2.546044223e-21)
(1.22010753 0.06387627118 -2.767819998e-20)
(1.229591801 0.06024423637 -2.649522265e-21)
(1.17368787 0.1167211953 -1.638434587e-20)
(1.373745728 -0.01215597359 -1.404217446e-20)
(1.35274043 -0.01798601444 -2.400286772e-20)
(1.342864498 -0.01932060618 -1.310929585e-20)
(1.39168643 -0.004027864173 8.677585823e-22)
(1.381348328 -0.01030206416 5.499906666e-21)
(1.393126142 0.005302262396 -6.120305928e-21)
(1.400398411 0.001613603845 -2.912860913e-20)
(1.380433875 0.01461853015 3.178688203e-21)
(1.389419654 0.01247256987 9.70307822e-21)
(1.357987147 0.0263555279 3.844792489e-21)
(1.372816613 0.02446057397 1.662483795e-20)
(1.32939105 0.03764011205 -1.403715665e-21)
(1.341491508 0.03993486594 -3.044254781e-20)
(1.29002801 0.05582013617 -2.905644578e-21)
(1.30857201 0.05351781483 -1.171833661e-20)
(1.243737961 0.0724404216 6.608947481e-21)
(1.246156856 0.08087620655 4.452002664e-20)
(1.187390563 0.1072388307 8.656698728e-21)
(1.192060365 0.09611389868 3.193826137e-20)
(1.085142176 0.1647597735 -2.853668967e-21)
(1.359232212 -0.02386241202 -3.449107128e-21)
(1.338590987 -0.0367106409 1.43622854e-20)
(1.315757421 -0.03224221264 2.785206453e-20)
(1.385456281 -0.01547750595 -1.538042938e-20)
(1.377013803 -0.0237949668 1.650230367e-20)
(1.396629711 0.009101411728 -6.579342639e-21)
(1.401507687 -0.007122446269 -3.766279763e-20)
(1.384885702 0.02152180385 2.361434931e-20)
(1.394902882 0.01793149119 1.104744621e-20)
(1.359494664 0.03816381859 -1.730688924e-20)
(1.376571774 0.03623679614 2.054983052e-20)
(1.324602555 0.05717132025 -4.091798913e-20)
(1.340709962 0.05725445533 -3.076319497e-20)
(1.26788774 0.08237666315 3.487356422e-20)
(1.289334636 0.08115284698 -1.387778457e-20)
(1.19814172 0.1128768295 7.315162377e-20)
(1.20384046 0.1129268905 6.648959236e-20)
(1.096441507 0.1643350912 1.745797197e-20)
(1.110628088 0.1465971579 4.848482273e-20)
(0.9587862895 0.1915413713 -2.924930774e-20)
(1.35049955 -0.03379759107 4.04898406e-20)
(1.297572525 -0.05019990679 1.030881298e-19)
(1.384150567 -0.02236008721 1.426420496e-20)
(1.399954278 0.0025226248 -8.757337671e-21)
(1.392775591 0.02050774079 1.077836258e-20)
(1.366266016 0.04115929279 9.301736789e-21)
(1.318083209 0.06477585513 -8.961618339e-21)
(1.242441896 0.09102528535 1.076290322e-21)
(1.140214858 0.1216223429 3.521096489e-20)
(1.004655758 0.1479550037 1.660757089e-20)
(0.4692607731 -0.2637133652 -2.871135199e-21)
(0.4542759094 -0.244580146 -1.665652385e-21)
(0.5177973733 -0.2527507183 2.6675466e-20)
(0.4767047988 -0.2453455409 -6.249035641e-22)
(0.4631221342 -0.2860223477 -3.275139614e-21)
(0.4430835013 -0.2638216068 -9.321446751e-22)
(0.5077247361 -0.274325422 3.219004077e-20)
(0.4559794347 -0.3098225021 3.320441506e-21)
(0.4335902998 -0.2850457422 -6.353288796e-21)
(0.4991346268 -0.2986964965 -1.579548995e-21)
(0.4447514744 -0.3328406213 5.076087176e-21)
(0.4216440039 -0.3071498217 7.978239282e-21)
(0.4902018791 -0.3252249969 3.32624127e-22)
(0.4255687748 -0.3504784884 -1.196080899e-21)
(0.4049057778 -0.3279755995 3.606339811e-21)
(0.4770085733 -0.350243151 3.835744525e-21)
(0.3901494717 -0.3513462266 -4.325052176e-21)
(0.3787682867 -0.340556387 -3.697031324e-21)
(0.4529235086 -0.3663295412 -3.408995091e-21)
(0.3238022624 -0.3145122228 -2.963739214e-21)
(0.332836647 -0.3288040868 6.447278808e-21)
(0.4051123419 -0.3572295207 -7.649005549e-21)
(0.2124492125 -0.2178594265 1.573497882e-21)
(0.2511481488 -0.266725848 2.362852625e-21)
(0.3141857573 -0.2966287847 5.882391477e-22)
(0.07109943401 -0.07367830641 -3.50428043e-22)
(0.1253835913 -0.136621649 4.335045963e-21)
(0.1684785446 -0.165031813 5.285897571e-21)
(-0.007010412443 0.01434369953 -1.981155111e-21)
(0.00660320351 -0.003511659026 2.072575401e-21)
(0.424329932 -0.2412388915 6.394299402e-22)
(0.4029842376 -0.2188804205 -4.901141967e-21)
(0.4339495294 -0.2225502984 -2.758803356e-21)
(0.4122141005 -0.2599364192 -3.692503162e-21)
(0.3880562933 -0.2355683694 -3.143012438e-21)
(0.397771419 -0.2801159486 -2.210410462e-21)
(0.3734713875 -0.2537071744 -6.52784809e-21)
(0.3803352814 -0.3005224297 6.053334442e-21)
(0.3572234712 -0.2731481689 7.310609971e-22)
(0.3571554329 -0.3164377743 1.064800049e-21)
(0.3374912473 -0.2917328162 1.481266833e-21)
(0.3212026836 -0.3162655395 6.941049312e-21)
(0.3102798774 -0.3025307268 -6.111553758e-21)
(0.2600964269 -0.2792063162 1.155921516e-20)
(0.2668945227 -0.2897316874 8.729364983e-21)
(0.1627723299 -0.1843213152 5.089873925e-21)
(0.1944554507 -0.228099728 2.555389679e-21)
(0.04506164041 -0.04813886595 3.090356853e-21)
(0.08765704928 -0.1022027961 2.814789373e-21)
(-0.01790336025 0.03450552741 3.925822674e-22)
(0.3654915828 -0.2135881576 -8.003171252e-21)
(0.3521358726 -0.1859786372 -9.269921363e-21)
(0.3795015299 -0.1978838114 -1.022721735e-20)
(0.3501164752 -0.2298660524 -5.443563934e-21)
(0.3355754455 -0.200844692 -8.04246187e-21)
(0.3335703819 -0.2476200679 -3.701905155e-21)
(0.3189625076 -0.2169707275 1.910138623e-21)
(0.3148006638 -0.2653751445 -3.836971861e-21)
(0.3007862479 -0.234043078 -2.931258401e-21)
(0.2911622669 -0.2785894612 -5.737284902e-21)
(0.279423856 -0.2500379625 -2.93570677e-21)
(0.2568309645 -0.2762100222 -4.450321663e-21)
(0.2516473061 -0.2585516294 -2.056908607e-21)
(0.2019798138 -0.238348514 -3.112258189e-22)
(0.2106572536 -0.2445723114 -4.702651022e-21)
(0.1186637451 -0.1458815283 2.819071773e-22)
(0.1466554024 -0.1841052542 1.546220351e-21)
(0.02314676685 -0.01976132777 1.014802347e-22)
(0.05707749257 -0.06425704427 -3.631367816e-21)
(-0.02511784214 0.05544005548 -3.781977445e-21)
(0.3212643462 -0.1734253638 -8.905269834e-21)
(0.3110253692 -0.1468390185 -2.831104521e-21)
(0.336546236 -0.1599559094 -7.58669739e-21)
(0.3044500681 -0.1876435283 -3.329518969e-22)
(0.293300902 -0.1589125637 -3.479547006e-21)
(0.2859628974 -0.2030077779 2.711986202e-21)
(0.2747748364 -0.172144496 3.722172894e-21)
(0.2649753245 -0.2182797993 -2.006559158e-21)
(0.2544127915 -0.1861408397 -5.104683428e-21)
(0.2395904041 -0.2293840173 7.49553653e-22)
(0.2310815161 -0.1991917338 1.293658721e-21)
(0.2054969523 -0.2259456855 -2.423103778e-21)
(0.202444252 -0.2054735718 5.392694601e-21)
(0.1553358462 -0.1890655242 -2.493655002e-21)
(0.1634685385 -0.1908584045 -8.271150218e-22)
(0.08384325429 -0.1014740075 -2.571679954e-21)
(0.1070853604 -0.1328079247 -3.334174914e-21)
(0.00704334117 0.01155775596 -7.515791422e-21)
(0.03297239859 -0.02126231814 -8.568599471e-21)
(-0.02932860954 0.07834189686 -5.715728628e-21)
(0.2821159854 -0.1319986518 2.958251193e-21)
(0.2768807327 -0.1029899384 5.986350663e-21)
(0.2992153367 -0.1216592519 5.9263846e-21)
(0.2634843781 -0.1431269298 6.183090588e-22)
(0.2581081304 -0.1122675529 9.861940998e-21)
(0.2430413741 -0.1551401934 -4.178035235e-21)
(0.2379818562 -0.1224275969 -2.760527472e-21)
(0.2202688727 -0.1670726495 -1.772976413e-21)
(0.2159819666 -0.1332837403 -8.773460004e-21)
(0.1938509121 -0.1753132196 5.984629138e-21)
(0.1913324455 -0.1433794459 4.34391174e-21)
(0.1606760578 -0.170243324 7.085743021e-21)
(0.1623819058 -0.1474741824 5.416374154e-21)
(0.1154904218 -0.1342371264 -1.480657591e-21)
(0.1256013502 -0.1324521943 -6.33753713e-22)
(0.05531562325 -0.05235417538 -9.536070933e-21)
(0.07631378515 -0.07751077553 -6.761304919e-21)
(-0.004691549209 0.04553734224 -6.421259175e-21)
(0.01595787195 0.02432516896 -2.891399983e-21)
(-0.03000689703 0.1017080606 -2.421881166e-21)
(0.2523632876 -0.08353962237 1.289983242e-20)
(0.2520562588 -0.05513924309 8.147603439e-21)
(0.2706860252 -0.07650790083 6.177847853e-21)
(0.2324832306 -0.09170808248 6.447178099e-21)
(0.232542256 -0.06128834703 1.950177553e-20)
(0.2107528569 -0.1006639549 -7.36138252e-21)
(0.2112867423 -0.06822897718 -3.216903691e-21)
(0.1867818194 -0.1096333846 -2.587258328e-21)
(0.1880860984 -0.07577112512 -1.022718967e-20)
(0.1596721642 -0.1154481975 3.792672444e-21)
(0.1624373771 -0.08276011077 6.53357902e-21)
(0.1273528447 -0.1093300886 -2.218923747e-21)
(0.1332709002 -0.08461801243 6.127800614e-21)
(0.08645535908 -0.07508008329 -5.933133484e-21)
(0.09839466533 -0.06940353497 -7.933844788e-21)
(0.03591176215 -0.0002216645416 -1.971889562e-22)
(0.05522381008 -0.0182813148 -2.213556222e-21)
(-0.01055550408 0.08084857395 1.426783734e-21)
(0.006481306041 0.07242055305 5.182698764e-21)
(-0.02717428998 0.1257580233 -3.589164909e-22)
(0.231809647 -0.03274457429 1.483116577e-20)
(0.236375616 -0.004387754047 1.190619146e-20)
(0.2510271691 -0.02911772197 6.813815634e-21)
(0.2110412139 -0.03771299594 9.753533722e-21)
(0.2163949267 -0.00745120821 -3.820025502e-21)
(0.1883406724 -0.04325094443 -6.083897684e-21)
(0.1943775998 -0.01103964595 -2.217493568e-20)
(0.163436738 -0.04884064791 -1.03816987e-21)
(0.1703536264 -0.01513731441 1.763682587e-21)
(0.1358035553 -0.05185652733 8.850098687e-21)
(0.1440343073 -0.0189300791 1.317989426e-20)
(0.1042843029 -0.04450214396 3.253980248e-22)
(0.1148381147 -0.01855335838 6.870645328e-21)
(0.06714718624 -0.01222730055 -4.152520966e-21)
(0.08171108067 -0.003345398635 -6.034821274e-21)
(0.02482703164 0.05473315424 3.108323085e-21)
(0.04381304543 0.04338456709 -7.002600365e-22)
(-0.01102208747 0.117468682 3.363970319e-21)
(0.004594696849 0.1218535756 4.57474208e-21)
(-0.020774398 0.1498474061 -2.737896191e-22)
(0.2207133419 0.02088178246 -6.769244586e-21)
(0.2301696182 0.04812129159 8.259453409e-21)
(0.2404070864 0.02094904002 1.359960377e-20)
(0.199385791 0.01917211217 -3.584139551e-20)
(0.2099643365 0.04823177145 -5.237569383e-21)
(0.1760974163 0.01703661218 -1.41573468e-20)
(0.1875807768 0.04803066722 -2.825225451e-20)
(0.1506564367 0.01474724468 1.604314697e-20)
(0.1631569899 0.04740107147 -1.374216509e-21)
(0.1228136639 0.01438885718 1.116671473e-20)
(0.1365381879 0.04680009707 1.144403656e-20)
(0.09214702681 0.02273687486 4.37550394e-22)
(0.1075134226 0.04935073799 4.785660083e-21)
(0.05826655891 0.05259199151 -2.519170054e-21)
(0.0759512062 0.06435447318 9.882966302e-23)
(0.02265940885 0.1108977343 7.978730512e-22)
(0.04240476771 0.1062285577 -3.870810767e-21)
(-0.005738748808 0.1543547762 9.05895131e-22)
(0.01051559458 0.1716762475 3.419135517e-21)
(-0.01074374889 0.1736057706 -1.181125066e-22)
(0.2192395877 0.0755156119 9.72707534e-21)
(0.233491456 0.1011994006 7.353526195e-22)
(0.2389680316 0.07200161543 2.145194742e-21)
(0.1977695481 0.0770950161 2.235304553e-21)
(0.2133295113 0.104479013 9.75927148e-21)
(0.1743214252 0.07840170175 -1.531076649e-20)
(0.190983868 0.107661223 -7.488316346e-21)
(0.1487386972 0.07945749037 -5.89895647e-21)
(0.1665834939 0.1104877143 -1.326234867e-20)
(0.1209586748 0.08177893826 5.026118823e-21)
(0.1400248131 0.1130487994 2.80858585e-21)
(0.09112823636 0.09105589079 4.420134022e-21)
(0.1113530275 0.1177019388 3.315441017e-21)
(0.05991719057 0.1182285782 -1.272147916e-21)
(0.0811461119 0.1323293692 9.454776165e-21)
(0.02942660096 0.1673329973 -1.217317259e-21)
(0.05100140369 0.1689905219 -3.550657291e-21)
(0.005256959714 0.1909045518 2.372407911e-21)
(0.02424489694 0.2208819536 8.326012558e-22)
(0.002901475012 0.1965444241 2.035416375e-21)
(0.2273947717 0.1302044087 8.208939474e-22)
(0.246747986 0.1231254561 -1.874266808e-21)
(0.2061455522 0.1350418741 -7.00069326e-23)
(0.1829251704 0.1397365487 -5.476599951e-21)
(0.157574229 0.1440616883 -4.457767911e-21)
(0.1301294401 0.1489614346 1.105493098e-21)
(0.1011361418 0.1590170607 8.385381098e-21)
(0.07202798417 0.183257965 7.098668786e-21)
(0.04506519799 0.2228016034 -1.48609484e-21)
(0.02189958729 0.2263120148 5.143391233e-22)
(1.280377471 -0.08986460852 6.198193141e-20)
(1.240781305 -0.09618837308 3.956123693e-20)
(1.271598932 -0.06565907839 1.451951196e-19)
(1.290573767 -0.1136470105 4.951910208e-20)
(1.252796987 -0.119820316 2.338789933e-20)
(1.298322255 -0.1367772843 -3.563661937e-21)
(1.263740148 -0.1448106332 8.713856719e-20)
(1.295645999 -0.1576814733 -9.093990738e-20)
(1.269553233 -0.1693998621 -3.769793608e-20)
(1.267718582 -0.1729535657 -4.331370356e-20)
(1.261388715 -0.1908190504 -9.918435561e-20)
(1.187794528 -0.1765458555 3.364756169e-20)
(1.22096095 -0.204422611 2.152831991e-20)
(1.016771286 -0.1600900267 -2.193730035e-20)
(1.115201819 -0.2017281175 2.77083924e-20)
(0.7214213137 -0.1169575288 -3.833405121e-20)
(0.8994670686 -0.1712737841 -8.320057375e-20)
(0.3273190322 -0.05275825609 2.558835982e-20)
(0.5476439578 -0.1065182728 -1.322601764e-20)
(0.124217204 -0.02270984508 -5.410873604e-21)
(1.209595034 -0.124900865 8.87908427e-22)
(1.162603958 -0.1414273529 -1.349898993e-19)
(1.191098288 -0.09592272589 1.182038523e-20)
(1.223290275 -0.1512719768 6.134320264e-20)
(1.182217059 -0.1607088278 7.712518644e-21)
(1.233220033 -0.1775356675 5.226855752e-20)
(1.193665897 -0.1845304938 4.725258146e-21)
(1.23404673 -0.2021042255 -4.639100336e-20)
(1.200448644 -0.2112262534 1.334920531e-20)
(1.213363255 -0.2213636081 -3.343979569e-20)
(1.195530951 -0.2357419482 -7.332646712e-20)
(1.146750877 -0.2282009312 1.572835813e-20)
(1.162855637 -0.2526670426 7.993059392e-21)
(0.9957065275 -0.2113988384 -3.433260855e-20)
(1.071846977 -0.2519009391 -2.831537525e-20)
(0.7224333232 -0.1599029459 -5.761306761e-20)
(0.8778349985 -0.2185600323 -4.384335868e-20)
(0.3406443694 -0.07684863045 -4.417512098e-20)
(0.5477358624 -0.141642871 -1.085220106e-20)
(0.1339258605 -0.03428289764 -3.33933684e-20)
(1.153956099 -0.1753389243 -1.304536669e-19)
(1.101792299 -0.1667052253 -1.040055028e-19)
(1.118342158 -0.1450997739 -1.574661932e-19)
(1.159127466 -0.1960418586 -4.913724071e-20)
(1.123003171 -0.1926219627 6.414779014e-21)
(1.164663605 -0.2201549666 -3.398382511e-20)
(1.127084909 -0.2175987842 -5.303520057e-20)
(1.163694522 -0.245050666 -1.39857009e-20)
(1.128049238 -0.2467740058 -3.502710386e-21)
(1.145293938 -0.2661723993 -3.124886445e-20)
(1.120890284 -0.2744721921 7.593926057e-21)
(1.087013283 -0.2748849988 -3.575090501e-20)
(1.091053728 -0.2946225934 8.611581866e-21)
(0.9516809612 -0.2574288845 -3.803586895e-20)
(1.009729982 -0.295681829 -2.715833404e-20)
(0.6996914469 -0.1989253237 3.087737263e-21)
(0.8333796174 -0.2596787411 -2.005151839e-20)
(0.3369363358 -0.09881488872 -2.150188371e-22)
(0.5270363923 -0.17185638 1.556734081e-20)
(0.132328641 -0.04393062089 1.904629724e-20)
(1.080046069 -0.1794948048 3.041624482e-20)
(1.020931989 -0.1858841815 4.714892571e-20)
(1.069558121 -0.1488735836 -1.678334733e-20)
(1.082427673 -0.2107762047 1.929851417e-21)
(1.033014782 -0.2168205791 -6.430106379e-20)
(1.083244832 -0.2429929534 -2.198712539e-20)
(1.034739352 -0.2451762242 -7.414344719e-20)
(1.080178569 -0.2744305243 1.813659347e-20)
(1.035467674 -0.2774534905 6.205417566e-20)
(1.063078346 -0.3006902988 4.715198155e-20)
(1.029500762 -0.308095958 1.226117482e-19)
(1.010971783 -0.3127653213 1.750700776e-20)
(1.003494 -0.3306420192 2.433583755e-20)
(0.8885904118 -0.2953024575 -9.131665571e-21)
(0.930892999 -0.3324485154 -4.593464115e-20)
(0.6569770711 -0.2305788532 -7.644567742e-21)
(0.77067912 -0.29331912 -1.121604507e-20)
(0.3180829075 -0.1163621706 3.45730507e-20)
(0.4885797928 -0.1949595089 -5.311261317e-23)
(0.1216312566 -0.05002628239 3.846121349e-20)
(0.9884887942 -0.2248376806 -4.811485664e-20)
(0.9330672959 -0.2233019306 2.012094711e-20)
(0.9761046074 -0.1930425807 5.51457524e-20)
(0.9875611309 -0.2518603681 -1.40710694e-19)
(0.9447319092 -0.2515006624 -6.408427679e-20)
(0.9880969114 -0.2814969883 1.060744547e-20)
(0.9446775752 -0.2780164437 -7.977413705e-20)
(0.9855772369 -0.311638067 1.668700523e-19)
(0.9433181821 -0.309155416 6.166482706e-20)
(0.9703887503 -0.3373030449 9.89413817e-20)
(0.9363239502 -0.3393466631 9.139236448e-20)
(0.923470192 -0.3485121504 -3.950982041e-20)
(0.9117108333 -0.3616892109 -1.177606051e-20)
(0.8122334759 -0.3280763042 -4.781227184e-20)
(0.845110112 -0.3623234291 -4.739469729e-20)
(0.6000708788 -0.2558035973 -3.376765448e-21)
(0.6985052722 -0.3188946144 1.44602909e-20)
(0.2885320134 -0.1285545611 4.258708457e-21)
(0.4401144413 -0.2106249565 -2.514824317e-21)
(0.1053697192 -0.05229786453 6.20376026e-21)
(0.9049573137 -0.2518033894 3.738634868e-21)
(0.8521739073 -0.248409074 -6.03652008e-21)
(0.897105942 -0.2228668502 -3.913641758e-21)
(0.9012245414 -0.2775345024 -3.149317236e-21)
(0.8579826368 -0.275000241 -8.286071716e-21)
(0.8983131445 -0.3064953095 -2.864214441e-20)
(0.8539977328 -0.3001975734 -1.427109384e-20)
(0.8928990204 -0.3365196063 -1.363792786e-20)
(0.8493279159 -0.3304622975 -8.950376169e-21)
(0.8768006313 -0.3623855545 -1.989844109e-20)
(0.8404050203 -0.3603441592 0)
(0.8326232053 -0.3732467251 -1.932401772e-20)
(0.8162626005 -0.3823780597 -2.321274541e-20)
(0.7302955553 -0.3503249571 1.457248058e-20)
(0.7544569077 -0.3816226343 -7.947800806e-21)
(0.5361945437 -0.2715903163 1.521739864e-20)
(0.6202298567 -0.3340138274 2.029341535e-20)
(0.2532088894 -0.1342459744 -5.138564413e-22)
(0.3853655868 -0.2174248655 3.12273379e-21)
(0.08546934907 -0.05012997658 4.754046961e-21)
(0.8191149014 -0.2741348798 -1.812865796e-20)
(0.7712547989 -0.2656312622 3.267188942e-20)
(0.819176037 -0.2486732525 -1.798423562e-20)
(0.8110536849 -0.2978964809 -1.941625057e-20)
(0.7709411126 -0.2900998173 -4.740868298e-21)
(0.8045791581 -0.3254636559 4.169383975e-21)
(0.7632435381 -0.314136751 -2.366647284e-20)
(0.7968145798 -0.3545786369 4.735687839e-21)
(0.7557173556 -0.343383726 -3.666666869e-21)
(0.7801236292 -0.3796416267 -3.443312406e-21)
(0.7450819248 -0.3725327809 2.691388154e-20)
(0.7384259163 -0.3890905341 -1.120705813e-20)
(0.7210747509 -0.3936663579 -3.440019458e-21)
(0.6443269734 -0.3629630662 -3.286202417e-21)
(0.6632315495 -0.3909919024 -4.227219905e-20)
(0.4678807641 -0.278147881 8.184682245e-21)
(0.5404001929 -0.3392030168 4.922400173e-21)
(0.2144514713 -0.133396824 8.401099291e-21)
(0.3285496088 -0.2158283623 -4.362648138e-21)
(0.06430901878 -0.04381086712 9.050280989e-22)
(0.735064494 -0.2847467499 4.360873102e-20)
(0.6925737769 -0.2712787415 5.475846945e-20)
(0.7436273063 -0.2642658754 2.990483547e-20)
(0.7233940971 -0.3067233994 -9.153367834e-21)
(0.6860498379 -0.2934006317 1.654619742e-20)
(0.713734804 -0.3330866461 -3.201504082e-20)
(0.6746408341 -0.3164567812 -2.846079451e-21)
(0.7036680535 -0.3614253738 1.867599498e-20)
(0.6646485336 -0.344953312 -1.216967921e-20)
(0.686005433 -0.3857419678 2.684409456e-20)
(0.6523901795 -0.3734422445 -1.318408666e-22)
(0.6460304401 -0.3938481317 -3.368501062e-20)
(0.6281735593 -0.3936376806 5.726842951e-22)
(0.5592035846 -0.3648755781 -3.382949545e-20)
(0.573679472 -0.3891606879 -3.451433797e-20)
(0.399548675 -0.2752136998 -7.682271422e-21)
(0.461584654 -0.3338958265 -6.546563765e-21)
(0.1753267559 -0.1262041646 -1.177685925e-20)
(0.2721716989 -0.2058052276 -8.322532198e-21)
(0.04331482121 -0.0334773605 -3.676267679e-21)
(0.6518110464 -0.2820460116 2.510721391e-20)
(0.6115075475 -0.2664300865 4.945325071e-20)
(0.6698622016 -0.2675100561 3.493927593e-20)
(0.6360088163 -0.3025193351 2.255632174e-20)
(0.599736871 -0.2863834967 3.543407872e-20)
(0.6238398399 -0.3283155647 1.643549342e-20)
(0.5863994377 -0.3094042991 2.091064203e-20)
(0.6122950695 -0.3563857733 -3.09127732e-20)
(0.5755300507 -0.3375038779 -8.364814057e-21)
(0.5940639383 -0.3801994942 -2.639933574e-20)
(0.5623685433 -0.365023165 -2.318224514e-20)
(0.5558091327 -0.3871774171 4.904984895e-22)
(0.5380710714 -0.3837694775 -1.581573313e-21)
(0.4760381351 -0.3559694972 -7.002456288e-21)
(0.4868478608 -0.3772669496 -4.667511669e-21)
(0.3328552578 -0.2630208771 -7.19779227e-21)
(0.3853617752 -0.3191053132 -5.838407775e-21)
(0.1373307073 -0.1130042898 -7.434887114e-22)
(0.2180527009 -0.1882955285 2.869779989e-21)
(0.02363263059 -0.01966408732 5.10676205e-21)
(0.5642660454 -0.2704419762 5.943057784e-20)
(0.5923650229 -0.2615060711 8.608982457e-20)
(0.5471515461 -0.2915504832 3.311931495e-20)
(0.5357851414 -0.3178872165 -3.9862641e-21)
(0.5244379637 -0.3454338724 -8.888780216e-22)
(0.506083275 -0.3677574797 1.582566897e-21)
(0.4694998641 -0.3726189687 -6.02769111e-21)
(0.3966263548 -0.3388330903 -4.505452427e-21)
(0.2696624126 -0.2435040201 4.287780417e-21)
(0.1020334417 -0.095095983 7.639083005e-21)
(0.4982763497 0.004814241215 -2.029327977e-22)
(0.4616253141 0.003126019071 -9.481052436e-23)
(0.460799886 0.002564913557 -4.567070737e-22)
(0.4938381109 0.007035812665 -1.294558145e-21)
(0.5298180368 0.006768826391 -8.849252069e-22)
(0.5300587108 0.005903651994 -3.916922047e-22)
(0.4874609053 0.009999962742 2.18020658e-22)
(0.465014662 0.009412128703 -3.545335886e-22)
(0.4635864351 0.007914896407 -2.922092215e-22)
(0.4800245297 0.00889789652 6.343394662e-22)
(0.5044571933 0.01072494094 -4.015293949e-22)
(0.5046174326 0.009006614785 1.125615481e-21)
(0.4711483529 0.009551869012 1.408543325e-21)
(0.4618496629 0.01076474878 -4.262754942e-22)
(0.4608068506 0.008719034071 1.475132864e-22)
(0.4623964075 0.00293342561 1.099105295e-21)
(0.4765318269 0.009120616071 4.86702815e-22)
(0.4774532575 0.006492953112 -7.324428191e-23)
(0.45555997 -0.01179609637 -1.279061842e-21)
(0.4504357096 0.002077722754 -1.288127597e-21)
(0.4531309151 -0.001349083943 -9.650954792e-22)
(0.4524443389 -0.04291862156 1.065407377e-22)
(0.4561557055 -0.02055612749 3.344466327e-22)
(0.4621501089 -0.02567897734 2.881012897e-21)
(0.487476853 -0.1159930264 -8.602474054e-22)
(0.4413983908 -0.05330185918 -2.413132262e-21)
(0.4656337566 -0.05818515812 -2.91912102e-21)
(0.4966988555 -0.1557268308 -8.930939972e-21)
(0.5254562992 -0.1779777117 1.615894761e-21)
(0.4986133689 0.005473247459 -7.816820086e-22)
(0.462285999 0.003555518718 7.734531905e-22)
(0.4945586523 0.008236098971 -1.713158517e-21)
(0.5299028857 0.007602845331 2.021717327e-22)
(0.4883108067 0.01155110775 -9.827179131e-22)
(0.466439667 0.01088108084 7.269370062e-23)
(0.4807229659 0.01092008018 -1.47980892e-21)
(0.5048022182 0.01254205629 -2.599297884e-21)
(0.4716839515 0.01198183656 1.271790623e-21)
(0.4630045875 0.01288689831 -4.112803817e-22)
(0.4616445984 0.006721908763 -1.08343861e-21)
(0.4764680095 0.01198278348 -1.959041354e-22)
(0.4528353621 -0.00615126231 -1.233310069e-21)
(0.4489997081 0.005682892875 -1.021204713e-21)
(0.4413568411 -0.03450940232 -4.547678443e-22)
(0.4527078433 -0.01416326102 -4.85184547e-22)
(0.4557944276 -0.09304430546 -1.788101335e-20)
(0.4240990061 -0.0474938641 -1.231543142e-21)
(0.4580007178 -0.1362140459 -2.212859678e-20)
(0.499013231 0.006040747615 1.02214135e-21)
(0.4627675139 0.003840679224 8.411794023e-23)
(0.4953372644 0.009410785047 1.106891948e-21)
(0.5302365422 0.008396145579 1.667195867e-21)
(0.4892557697 0.01314369446 -1.55222598e-21)
(0.4676904811 0.01231526152 2.719985895e-22)
(0.4815096667 0.0130359458 -1.525584879e-21)
(0.5054258179 0.01445479385 -1.78121937e-21)
(0.4722137115 0.01447923597 -1.868184506e-21)
(0.4640504146 0.01512002676 2.383987778e-21)
(0.4608534111 0.009950766566 -1.014578071e-21)
(0.4765674353 0.01518781134 -1.98681706e-21)
(0.4499290733 -0.001364611939 -2.388744628e-22)
(0.4475987375 0.009611794672 -4.276931507e-23)
(0.431010893 -0.02860329443 -1.264470181e-21)
(0.4487619512 -0.006219513191 -5.287574024e-22)
(0.4298337787 -0.08514120093 -5.343373064e-21)
(0.4094408596 -0.03918539513 -2.159162013e-21)
(0.4212489776 -0.1136476024 2.899131303e-21)
(0.4994269113 0.006508994199 7.33099094e-22)
(0.4631279381 0.003979796678 -3.872373679e-22)
(0.4961306736 0.01055154752 8.304882435e-22)
(0.5306722372 0.009141425155 6.715864663e-22)
(0.4902184983 0.01475466327 -8.273259597e-22)
(0.4688112875 0.01371604381 7.796369012e-23)
(0.4823899116 0.01524791005 3.698830174e-21)
(0.5061771735 0.01644091289 1.042016334e-21)
(0.4728521723 0.01718561451 1.015280283e-21)
(0.4651245719 0.01745958377 2.072956933e-21)
(0.4604721881 0.01381710782 -2.507125491e-22)
(0.4768755274 0.01864688872 -1.153708375e-22)
(0.4473770114 0.005123212621 -3.35364468e-22)
(0.4467860432 0.01382151071 2.866643464e-21)
(0.4231296868 -0.01887985925 -3.448420239e-21)
(0.4449334858 0.002645145048 -9.286549331e-22)
(0.4052458399 -0.0664988154 6.184519463e-21)
(0.3989102322 -0.02862807697 -1.047753018e-21)
(0.3882603789 -0.08964720201 1.619296139e-20)
(0.4998072812 0.006879998537 -7.871700369e-23)
(0.4634105703 0.003983886069 1.625948502e-23)
(0.4968845905 0.01165262784 -5.249990164e-22)
(0.5310947485 0.009835197629 7.671265905e-22)
(0.4911511885 0.01637572644 1.948225446e-21)
(0.4698294255 0.01508335562 6.23775646e-22)
(0.4833410316 0.01754241503 1.866484379e-22)
(0.5069554491 0.01847156998 2.190158288e-22)
(0.4735977877 0.02007034305 9.443636298e-22)
(0.4662912844 0.01989787121 -1.841310532e-21)
(0.4605291924 0.01789491936 3.813705035e-21)
(0.4773145413 0.02229520516 1.901365429e-21)
(0.4451966779 0.01179398187 2.303383716e-21)
(0.4467325931 0.01841786448 3.257995341e-21)
(0.417460561 -0.008165776681 1.997546243e-22)
(0.4414859805 0.01200977781 3.345738176e-22)
(0.385996281 -0.04895058182 6.675212818e-21)
(0.3917868696 -0.01578309496 -5.183212368e-22)
(0.3611554369 -0.0627034562 6.571620497e-21)
(0.5001294792 0.007160657198 8.620980283e-22)
(0.4636374869 0.003872313719 6.028885011e-23)
(0.4975648015 0.01271173875 1.476173904e-21)
(0.531450989 0.01047702378 -3.206627741e-22)
(0.4920303661 0.01799225975 -2.376737477e-22)
(0.4707532821 0.01641533299 7.398699071e-22)
(0.4843451764 0.0199001097 -1.833505561e-21)
(0.5077207335 0.02051510347 -9.491054092e-22)
(0.4744519313 0.02307678296 -8.9707938e-22)
(0.4675674672 0.02242548748 -3.421155389e-21)
(0.461031049 0.02223252848 1.323442003e-21)
(0.4778792437 0.02604967413 6.720117338e-22)
(0.4436519145 0.0188857759 1.281671082e-21)
(0.4474450162 0.02342500563 -4.284784381e-22)
(0.4137094066 0.003809490926 3.625143982e-22)
(0.4386712991 0.0215652062 2.049364322e-21)
(0.3708511205 -0.02797009009 -2.955544765e-21)
(0.3873067423 -0.0009994977352 -3.416258776e-22)
(0.3404264781 -0.03333402933 -7.677748057e-21)
(0.5003883492 0.007362395932 -1.122696983e-21)
(0.4638151849 0.003667847455 0)
(0.4981594977 0.01372808458 -1.060377649e-21)
(0.531732044 0.01106867615 -1.124400745e-21)
(0.4928505979 0.01958753086 3.123619742e-23)
(0.4715830999 0.01770929692 -6.219062867e-22)
(0.4853928288 0.02229787071 -1.779959756e-21)
(0.5084696421 0.02254024612 2.520959604e-21)
(0.4754294957 0.02615565859 -1.273373977e-21)
(0.4689473666 0.02502752076 -1.848393805e-21)
(0.4619553071 0.02680249851 -1.094741567e-21)
(0.4786080598 0.02983260567 1.179103808e-21)
(0.4428793319 0.02624091323 3.30562106e-22)
(0.4488402826 0.02883056111 -2.844446694e-21)
(0.4116956237 0.01667392697 1.356253175e-21)
(0.436806244 0.03111240576 2.524514129e-22)
(0.3598104471 -0.00524562919 -5.031889723e-21)
(0.3849270866 0.0154365838 1.114329104e-22)
(0.3263562259 -0.001869869897 -4.731011571e-21)
(0.5005881444 0.007498527699 9.376880672e-23)
(0.4639422463 0.00339377008 0)
(0.4986700832 0.01470134504 -9.079270754e-22)
(0.5319487658 0.0116133964 6.721840276e-22)
(0.4936169356 0.02114537531 1.868570658e-21)
(0.4723174497 0.01896208528 -7.441676683e-22)
(0.4864797006 0.0247106141 2.470384453e-21)
(0.5092160751 0.0245187444 2.593575323e-21)
(0.4765546868 0.02926517712 1.781146445e-21)
(0.470415346 0.02768034104 1.81029052e-21)
(0.4632646504 0.03155053846 -8.539143196e-22)
(0.4795619608 0.03358573174 2.151726656e-22)
(0.4429735267 0.03377318352 -2.946035084e-21)
(0.4508025174 0.03457514377 -2.845055262e-21)
(0.4110742221 0.03013622852 -1.007573109e-21)
(0.436175957 0.04061007906 -3.395646993e-21)
(0.3523626976 0.01914663838 4.22572529e-22)
(0.3843511511 0.0332317803 2.384817383e-21)
(0.3192033788 0.03104946613 4.442237479e-21)
(0.5007355429 0.007582761167 6.712302264e-22)
(0.4640144944 0.003072692302 3.693822839e-23)
(0.4991028678 0.01563144643 6.178363361e-22)
(0.5321166438 0.01211534903 1.95202906e-21)
(0.494339363 0.0226513708 -2.74226834e-23)
(0.4729552667 0.02016967982 -2.716101663e-23)
(0.4876042364 0.02711126523 2.303808575e-21)
(0.5099803311 0.02642703128 -1.629657989e-21)
(0.4778547762 0.0323681759 8.261083518e-22)
(0.4719537019 0.03035032871 1.989010706e-21)
(0.4649268665 0.03641094781 -1.923269957e-21)
(0.4808065532 0.03727382369 -1.731474742e-21)
(0.4440129738 0.04143600862 -3.295654395e-21)
(0.4532307857 0.04055253621 -3.475382134e-22)
(0.4118587266 0.04402626686 -5.266030159e-24)
(0.4370000721 0.05006546547 -1.158144581e-21)
(0.3491229745 0.04488120928 6.388140886e-21)
(0.3854369793 0.05190862444 -3.798737092e-21)
(0.3189342404 0.06486065352 -5.072686528e-21)
(0.5008363718 0.007628958806 1.314531662e-21)
(0.49946462 0.01651850458 1.365893251e-21)
(0.4950291587 0.02409314321 -1.627994829e-21)
(0.4887676527 0.02947070539 -1.584783015e-21)
(0.4793544478 0.03543239074 -6.365442921e-22)
(0.466927439 0.04131251059 6.030614281e-23)
(0.4460628999 0.04917978925 1.801483455e-21)
(0.4141314092 0.05810296324 -4.959593031e-21)
(0.350549683 0.07140508917 -1.561313416e-20)
(0.4980545153 0.0004017755608 -3.250301505e-23)
(0.459883664 0.0004949046267 1.958033194e-22)
(0.4933204187 0.0006586609718 -9.168241405e-23)
(0.5308201243 0.001204289272 8.912466513e-23)
(0.4872505031 0.000802284149 1.509241356e-22)
(0.4623232111 0.001544103323 -3.504543481e-23)
(0.4802451482 0.0007982750339 1.696992192e-22)
(0.5056055079 0.001782066247 2.813050359e-22)
(0.474302571 0.0006390411983 -1.360480736e-22)
(0.4608502323 0.001511710168 9.216015827e-23)
(0.4700525347 -7.179224359e-05 -2.126336734e-23)
(0.482472376 0.001081150989 -2.159999273e-22)
(0.4756495868 -0.001754234155 -2.353876855e-22)
(0.4610736449 -0.001423813327 5.999135431e-22)
(0.4990384336 -0.004647910687 -7.74374024e-22)
(0.4888699879 -0.005949801984 -1.311481501e-21)
(0.5539172125 -0.01308639513 -1.131753605e-21)
(0.5095696425 -0.01396040903 -3.755178518e-21)
(0.5999494984 -0.03879659238 3.032729152e-21)
(0.7064277596 -0.02258303109 -8.233851677e-21)
(0.4980062365 0.001277935568 3.174309996e-22)
(0.45994482 0.001002090734 1.75207552e-22)
(0.4933726399 0.002068675022 1.457616444e-22)
(0.5307501493 0.00238301272 1.355915987e-22)
(0.4871528473 0.002501620307 9.533546553e-23)
(0.4623199226 0.003126333296 1.194091591e-23)
(0.4802374299 0.002483187641 2.03765975e-22)
(0.5055140882 0.003541253616 1.759449926e-22)
(0.4738940289 0.001959390586 1.220830462e-23)
(0.4607242236 0.003125384436 7.698464098e-23)
(0.4695712112 -0.0002343930321 4.051769832e-22)
(0.4816786973 0.002180816534 -6.477633636e-23)
(0.4734055676 -0.005527691128 -4.761802721e-22)
(0.4604055147 -0.002399221019 4.699533195e-22)
(0.496946389 -0.0149855509 -4.292285994e-21)
(0.4833050753 -0.01193826424 -9.461335916e-22)
(0.5478848011 -0.03961728904 4.09304239e-22)
(0.5103437234 -0.02691844273 -3.005381762e-21)
(0.5821062538 -0.07579547107 4.31207886e-21)
(0.6933284827 -0.07090028209 -1.434458602e-20)
(0.4979772122 0.002117366079 -6.631848769e-24)
(0.4600202321 0.001516660218 4.303604237e-23)
(0.4933193224 0.003446193027 1.77087029e-24)
(0.5306117847 0.003567916041 -2.81861022e-22)
(0.4870868134 0.004172513074 9.255044298e-23)
(0.4623725294 0.004711798147 -2.230405364e-22)
(0.4801005054 0.004194977192 4.916365862e-23)
(0.5053505591 0.005318474572 4.916365862e-23)
(0.4733294882 0.003357849934 0)
(0.4605446999 0.004847838407 0)
(0.4686448202 -5.538165466e-06 0)
(0.4805415907 0.003372531846 0)
(0.4698368425 -0.008876779534 0)
(0.459064976 -0.002702455154 0)
(0.4929657414 -0.02388402893 3.407706412e-22)
(0.4764880508 -0.01782193904 0)
(0.5383766976 -0.06342757037 8.973928593e-22)
(0.5066112331 -0.03847036744 3.407706412e-22)
(0.5612014641 -0.1101570951 5.761054019e-21)
(0.6734532535 -0.1188327727 -7.749956668e-21)
(0.4979380756 0.00296899089 -2.321931308e-22)
(0.460203475 0.002041185518 1.381110013e-24)
(0.4932949558 0.004835693516 -5.066724287e-22)
(0.5304011356 0.00474906207 -5.078199923e-22)
(0.487037705 0.005860979546 -2.664273208e-22)
(0.4626439386 0.006303556958 -2.664273208e-22)
(0.4799083518 0.00598229225 0)
(0.5050673952 0.007132084299 6.362385658e-22)
(0.4725911128 0.004888028001 0)
(0.4603875558 0.006709243695 0)
(0.4670920041 0.0007540612789 0)
(0.4791772485 0.004771429706 0)
(0.4658155371 -0.01147594202 0)
(0.4568736375 -0.002377739453 -4.401462824e-22)
(0.4851522984 -0.0321673321 0)
(0.4703169616 -0.02274094602 2.246512072e-21)
(0.526183413 -0.08542294789 5.2044318e-21)
(0.4938014959 -0.04890812049 -3.149603306e-22)
(0.5426698541 -0.1425181644 8.525425119e-21)
(0.6533957293 -0.1677938381 8.400542944e-22)
(0.4979412097 0.003830031716 -2.742457514e-22)
(0.4934024827 0.006237727731 -2.675748844e-22)
(0.4870682598 0.00759176326 6.362385658e-22)
(0.4796994253 0.007871225787 6.362385658e-22)
(0.4717988801 0.006556976738 0)
(0.4650315209 0.001516724053 -4.401462824e-22)
(0.4609878458 -0.01402884668 1.806365789e-21)
(0.4725373335 -0.0401247451 1.931551741e-21)
(0.5090056416 -0.1114634873 2.58211808e-21)
(0.6167797851 -0.238550093 1.022408831e-19)
(0.7575292783 -0.02347631421 -4.791420251e-21)
(0.7269207487 -0.04898541356 -1.459950846e-20)
(0.818228744 -0.02283251755 1.203430935e-20)
(0.7804720201 -0.04889724924 -8.660030868e-21)
(0.8856413319 -0.02101603284 2.968977828e-20)
(0.8440570752 -0.04539120309 1.022147245e-20)
(0.9578382798 -0.01870964669 2.433968732e-20)
(0.9142934949 -0.04026611407 5.321382162e-21)
(1.033861153 -0.01579869262 -1.141994357e-20)
(0.9898208558 -0.03491314597 1.914959939e-20)
(1.110734788 -0.0131188823 -1.794082879e-20)
(1.065751276 -0.02871459211 -9.849040776e-22)
(1.186035344 -0.008741490154 -3.995100471e-21)
(1.14703131 -0.02340836619 9.377269115e-21)
(1.240853172 -0.006910258901 -1.009866617e-20)
(1.211485004 -0.01406934152 1.045721513e-20)
(1.296629099 -0.00535514979 -6.593777165e-22)
(1.267592961 -0.01237462111 -2.231422653e-20)
(1.320822737 -0.009357125883 8.544249241e-21)
(0.7459905797 -0.07368771349 -1.815359942e-20)
(0.7114776061 -0.09846157109 -1.445444606e-20)
(0.8080230533 -0.07068718081 -1.000978418e-20)
(0.7673191171 -0.09813600524 -2.453428407e-20)
(0.8758585908 -0.06423695389 -1.404141406e-20)
(0.8331235935 -0.09061961754 -3.112689478e-21)
(0.9489021068 -0.05657754966 6.115120706e-22)
(0.9044418162 -0.08057069277 -5.206707592e-21)
(1.025952053 -0.0478327687 2.911747963e-20)
(0.9808106026 -0.06983698811 -1.42376526e-20)
(1.104435324 -0.03930207697 2.670660186e-20)
(1.057318993 -0.05750834113 1.172518286e-20)
(1.179056462 -0.02697611027 2.387428653e-20)
(1.141674714 -0.04656275782 -8.071193858e-22)
(1.235938196 -0.01938170484 -2.388303699e-21)
(1.198181233 -0.02785540107 -9.431564582e-21)
(1.294140142 -0.01606075495 -1.279971995e-20)
(1.263420624 -0.02494920144 -1.136880747e-20)
(1.318517628 -0.01883837524 9.897772569e-21)
(0.7300137506 -0.1235945068 -2.077664829e-20)
(0.6924349803 -0.150133041 -5.384557873e-21)
(0.7944088907 -0.1183921081 -1.679657733e-20)
(0.7520741554 -0.1482966712 -1.226791353e-20)
(0.8635796043 -0.1079818821 5.419673193e-21)
(0.8197168667 -0.1356977594 1.233694732e-20)
(0.9377963612 -0.09491747843 -2.056429156e-20)
(0.8905555495 -0.1200230471 9.697089752e-24)
(1.015761669 -0.07939802594 -3.076503952e-20)
(0.9657270421 -0.1033181762 -1.14304769e-20)
(1.09655584 -0.06434572184 -1.608173708e-20)
(1.041726536 -0.08521713721 1.792420087e-21)
(1.172173899 -0.04247540951 -3.433285152e-20)
(1.13113748 -0.06919331662 3.618700611e-20)
(1.230633428 -0.03046255056 -1.853080889e-20)
(1.177539775 -0.04025345502 5.07699562e-20)
(1.293718399 -0.02690080995 1.161976001e-20)
(1.244852693 -0.03708917235 3.318059801e-20)
(1.305970374 -0.02821557572 3.274606752e-20)
(0.7179903351 -0.1724489361 1.269623428e-21)
(0.6651861806 -0.2034623525 5.791577414e-20)
(0.7851387682 -0.159279617 1.57482762e-20)
(0.7292567806 -0.1952879141 1.058080789e-20)
(0.8571388817 -0.1392652698 6.802005471e-21)
(0.7969731017 -0.1770275378 7.50550334e-22)
(0.9319586836 -0.1185695952 8.73651105e-21)
(0.8663851638 -0.1538012151 -3.707000365e-20)
(1.008292039 -0.09910559194 2.337465921e-20)
(0.938622426 -0.1296852902 2.576851351e-20)
(1.089669227 -0.08235529197 5.251590217e-20)
(1.012485757 -0.1071260999 2.04975384e-20)
(1.159851701 -0.06016009566 1.112317572e-19)
(1.10364608 -0.08535789152 2.779165975e-20)
(1.189569771 -0.05615951869 9.998143854e-20)
(1.147621574 -0.07946907479 3.850757136e-20)
(1.256354815 -0.03988065928 5.583863817e-20)
(1.203167756 -0.07744688545 4.540544292e-20)
(1.281187022 -0.05309682942 1.046984234e-19)
(0.6732859519 -0.239561799 6.893952629e-20)
(0.7326913244 -0.2337082598 5.473595371e-21)
(0.7983731294 -0.2175084373 -2.307282506e-20)
(0.8687007058 -0.1927811688 -1.794973533e-20)
(0.9420266305 -0.1644222193 1.695071224e-20)
(1.021623616 -0.1384083548 -1.549016118e-20)
(1.096600388 -0.1213560577 -1.040602253e-19)
(1.130803952 -0.1141465395 -6.307364869e-20)
(1.225188868 -0.07366224394 9.926910193e-20)
)
;

boundaryField
{
    left
    {
        type            calculated;
        value           uniform (0.5 0 0);
    }
    right
    {
        type            calculated;
        value           nonuniform List<vector> 
35
(
(0.4863002743 -0.0002542223917 1.756633931e-23)
(0.4863604791 -0.0007656873072 -4.652437442e-24)
(0.4864684775 -0.001284691854 2.741601733e-23)
(0.4866302763 -0.001816585718 2.942169307e-24)
(0.4868576363 -0.002364061296 -1.397628613e-24)
(0.4871660947 -0.002905639203 0)
(0.4875338803 -0.003440140323 -6.955948292e-23)
(0.4879619322 -0.003985697905 -1.744125946e-23)
(0.4884507693 -0.004540880577 5.013607644e-23)
(0.4890022843 -0.005102166382 -2.499963073e-23)
(0.4896188061 -0.005665572473 0)
(0.4903017922 -0.006226224812 7.924095451e-23)
(0.4910515232 -0.006778485974 3.897302433e-23)
(0.49186722 -0.007316151711 -4.488040555e-23)
(0.4927471622 -0.007832636645 1.167051277e-22)
(0.4936887348 -0.008321154183 2.878699972e-23)
(0.4946884457 -0.008774904685 -1.29059782e-22)
(0.4957419447 -0.00918725174 0)
(0.4968440391 -0.009551897671 1.24773714e-22)
(0.4979886939 -0.009863153161 9.023286225e-24)
(0.499169134 -0.01011627481 -2.46091843e-22)
(0.5003783976 -0.01030745115 1.700948485e-24)
(0.5016106708 -0.01043358794 -1.12265244e-22)
(0.5028631865 -0.01049432793 1.677172377e-22)
(0.5041367315 -0.01048973061 1.746095494e-22)
(0.5057764154 -0.01034338365 -1.004641219e-22)
(0.50760849 -0.009838686094 5.894399076e-23)
(0.5093584404 -0.009209465886 4.830883988e-23)
(0.5109696652 -0.008386971581 -5.769214014e-23)
(0.5124118052 -0.00740103901 -7.962023765e-36)
(0.5136572104 -0.006269291633 -7.229796307e-24)
(0.5146840362 -0.005014076113 -1.158989553e-22)
(0.5154770467 -0.003655482073 8.435453512e-23)
(0.5160321714 -0.002235401828 -7.180758805e-23)
(0.5163703089 -0.0007543752086 -8.911438933e-23)
)
;
    }
    down
    {
        type            calculated;
        value           nonuniform List<vector> 
40
(
(0.4598502077 0 1.111596653e-22)
(0.5308355677 0 -1.761656954e-22)
(0.4623242863 0 -7.199132719e-24)
(0.505634854 0 3.090474038e-22)
(0.4608958552 0 3.035103458e-23)
(0.4827782989 0 -3.024471818e-22)
(0.461299489 0 2.599204472e-22)
(0.4910709149 0 -7.306958182e-22)
(0.5088632922 0 -8.180522299e-22)
(0.6072519561 0 -1.44545498e-21)
(0.7332928418 0 -9.834807538e-21)
(0.7862207008 0 7.665534398e-24)
(0.8490197382 0 2.343215166e-20)
(0.9187602834 0 3.559724078e-20)
(0.9938110604 0 1.374677503e-20)
(1.069244784 0 -3.505722322e-20)
(1.149395266 0 -1.918979248e-21)
(1.21529659 0 -5.95777255e-21)
(1.269086414 0 -1.406135881e-20)
(1.321575677 0 1.241824461e-20)
(1.361424974 0 -6.621905281e-21)
(1.382325973 0 -1.73902559e-21)
(1.392051171 0 -7.699213608e-22)
(1.383071987 0 5.919177691e-21)
(1.37041133 0 1.08825869e-20)
(1.347116249 0 5.159383717e-21)
(1.317362194 0 1.310591241e-20)
(1.291110606 0 -4.60835433e-21)
(1.240068385 0 1.290854178e-21)
(1.216922359 0 1.938564742e-20)
(0.9836807668 0 1.335822702e-20)
(0.6999187783 0 2.508743641e-22)
(0.5650529408 0 -5.623745512e-23)
(0.5048725043 0 -4.018068193e-25)
(0.4817215337 0 1.33778935e-23)
(0.4756002131 0 -1.245896663e-23)
(0.4762809136 0 4.999945529e-23)
(0.4794527544 0 7.063799989e-25)
(0.4824101691 0 -4.564957754e-23)
(0.4863001101 0 1.756633931e-23)
)
;
    }
    up
    {
        type            calculated;
        value           nonuniform List<vector> 
40
(
(0.80877703 0 0)
(0.7335195269 0 0)
(0.6707097643 0 0)
(0.6231318247 0 0)
(0.587647307 0 0)
(0.5621716856 0 0)
(0.544454224 0 -1.200160337e-22)
(0.5318128249 0 3.999601832e-37)
(0.5240013333 0 -3.326104971e-23)
(0.5163704126 0 -8.911438933e-23)
(0.9195886545 0 2.615988955e-21)
(0.9204978846 0 1.433261779e-21)
(0.9189866974 0 1.071521584e-21)
(0.9150981925 0 9.206043402e-22)
(0.9089344917 0 -3.039655384e-22)
(0.900668842 0 1.718345395e-21)
(0.8902975394 0 -1.163289345e-21)
(0.8783685663 0 -1.932551336e-22)
(0.8644742015 0 2.573208153e-22)
(0.8500909665 0 -3.077169789e-22)
(0.7944923458 0 2.714857597e-21)
(0.8143494662 0 2.806460928e-23)
(0.8324516972 0 -3.641243269e-23)
(0.8491687954 0 0)
(0.8647481819 0 2.078708145e-20)
(0.8790411933 0 3.091745304e-22)
(0.8916601796 0 -1.312654295e-20)
(0.902201289 0 7.973211094e-21)
(0.9104205236 0 -1.051608454e-20)
(0.9162138858 0 -8.201380197e-21)
(0.457007058 0 2.096962442e-22)
(0.5391388333 0 -1.81622728e-37)
(0.4824506516 0 -2.532805315e-22)
(0.5447660884 0 0)
(0.5244035642 0 0)
(0.56932787 0 6.709018598e-22)
(0.5824985028 0 -5.830312977e-37)
(0.6317689053 0 -1.311133434e-21)
(0.6710680048 0 -2.407007764e-21)
(0.7408011931 0 5.685198429e-21)
)
;
    }
    cylinder
    {
        type            calculated;
        value           nonuniform List<vector> 
80
(
(-8.258172803e-05 -0.001719255085 0)
(5.256406795e-05 -0.001720434595 0)
(0.000187385797 -0.001711007038 0)
(0.0003210522358 -0.001691030536 -5.117650293e-28)
(0.0004527392837 -0.001660628253 0)
(0.0005816350443 -0.001619987629 0)
(0.00070694483 -0.001569359227 1.023530024e-27)
(0.000827896062 -0.00150905519 0)
(0.0009437430337 -0.001439447313 0)
(0.001053771508 -0.001360964752 0)
(0.001157302917 -0.001274091218 0)
(0.001253698986 -0.001179362375 0)
(0.001342365643 -0.001077362473 -1.023505355e-27)
(0.001422756238 -0.0009687203631 1.023529112e-27)
(0.001494375148 -0.0008541058455 -1.023491649e-27)
(0.001556780826 -0.0007342255422 0)
(0.001609588531 -0.0006098185398 -1.023592201e-27)
(0.001652472691 -0.0004816518331 0)
(0.001685168916 -0.0003505155958 0)
(0.001707475628 -0.0002172183095 0)
(0.001360964503 0.001053771367 0)
(0.001439446609 0.0009437426666 0)
(0.001509054122 0.0008278955691 0)
(0.001569357899 0.0007069442964 0)
(0.001619986155 0.0005816345377 -1.023577613e-27)
(0.001660626755 0.0004527388531 0)
(0.001691029143 0.000321051911 0)
(0.001711005881 0.0001873855882 0)
(0.001720433808 5.256396507e-05 0)
(0.0017192548 -8.258175564e-05 -1.279313275e-28)
(0.0002172183095 0.001707475628 0)
(0.0003505155958 0.001685168916 0)
(0.0004816518331 0.001652472691 0)
(0.0006098185398 0.001609588531 -1.023592201e-27)
(0.0007342255422 0.001556780827 0)
(0.0008541058454 0.001494375147 -1.023510658e-27)
(0.0009687203631 0.001422756238 1.02360011e-27)
(0.001077362473 0.001342365643 -1.023537339e-27)
(0.001179362375 0.001253698986 0)
(0.001274091218 0.001157302917 0)
(-0.001053771367 0.001360964503 0)
(-0.0009437426666 0.001439446609 0)
(-0.0008278955691 0.001509054122 0)
(-0.0007069442964 0.001569357899 0)
(-0.0005816345377 0.001619986155 -1.023577613e-27)
(-0.0004527388531 0.001660626755 0)
(-0.000321051911 0.001691029143 0)
(-0.0001873855882 0.001711005881 0)
(-5.256396507e-05 0.001720433808 0)
(8.258175564e-05 0.0017192548 -1.279313275e-28)
(-0.001707475628 0.0002172183095 0)
(-0.001685168916 0.0003505155958 0)
(-0.001652472691 0.0004816518331 0)
(-0.001609588531 0.0006098185398 -1.023592201e-27)
(-0.001556780827 0.0007342255422 0)
(-0.001494375147 0.0008541058454 -1.023510658e-27)
(-0.001422756238 0.0009687203631 1.02360011e-27)
(-0.001342365643 0.001077362473 -1.023537339e-27)
(-0.001253698986 0.001179362375 0)
(-0.001157302917 0.001274091218 0)
(-0.0017192548 8.258175564e-05 -1.279313275e-28)
(-0.001720433808 -5.256396514e-05 0)
(-0.00171100588 -0.0001873855882 0)
(-0.001691029143 -0.000321051911 0)
(-0.001660626755 -0.000452738853 0)
(-0.001619986155 -0.0005816345376 -1.023472791e-27)
(-0.001569357899 -0.0007069442965 0)
(-0.001509054122 -0.0008278955693 0)
(-0.001439446609 -0.0009437426665 0)
(-0.001360964503 -0.001053771367 0)
(-0.001274091218 -0.001157302917 0)
(-0.001179362375 -0.001253698986 0)
(-0.001077362473 -0.001342365643 -1.023505355e-27)
(-0.0009687203631 -0.001422756238 1.023529112e-27)
(-0.0008541058455 -0.001494375148 -1.023491649e-27)
(-0.0007342255422 -0.001556780826 0)
(-0.0006098185398 -0.001609588531 -1.023592201e-27)
(-0.0004816518331 -0.001652472691 0)
(-0.0003505155958 -0.001685168916 0)
(-0.0002172183095 -0.001707475628 0)
)
;
    }
    defaultFaces
    {
        type            empty;
    }
}


// ************************************************************************* //
