/*--------------------------------*- C++ -*----------------------------------*\
| =========                 |                                                 |
| \\      /  F ield         | OpenFOAM: The Open Source CFD Toolbox           |
|  \\    /   O peration     | Version:  2412                                  |
|   \\  /    A nd           | Website:  www.openfoam.com                      |
|    \\/     M anipulation  |                                                 |
\*---------------------------------------------------------------------------*/
FoamFile
{
    version     2.0;
    format      ascii;
    arch        "LSB;label=32;scalar=64";
    class       vectorField;
    location    "constant/polyMesh";
    object      points;
}
// * * * * * * * * * * * * * * * * * * * * * * * * * * * * * * * * * * * * * //


8450
(
(0 0 0)
(0.0015625 0 0)
(0.003125 0 0)
(0.0046875 0 0)
(0.00625 0 0)
(0.0078125 0 0)
(0.009375 0 0)
(0.0109375 0 0)
(0.0125 0 0)
(0.0140625 0 0)
(0.015625 0 0)
(0.0171875 0 0)
(0.01875 0 0)
(0.0203125 0 0)
(0.021875 0 0)
(0.0234375 0 0)
(0.025 0 0)
(0.0265625 0 0)
(0.028125 0 0)
(0.0296875 0 0)
(0.03125 0 0)
(0.0328125 0 0)
(0.034375 0 0)
(0.0359375 0 0)
(0.0375 0 0)
(0.0390625 0 0)
(0.040625 0 0)
(0.0421875 0 0)
(0.04375 0 0)
(0.0453125 0 0)
(0.046875 0 0)
(0.0484375 0 0)
(0.05 0 0)
(0.0515625 0 0)
(0.053125 0 0)
(0.0546875 0 0)
(0.05625 0 0)
(0.0578125 0 0)
(0.059375 0 0)
(0.0609375 0 0)
(0.0625 0 0)
(0.0640625 0 0)
(0.065625 0 0)
(0.0671875 0 0)
(0.06875 0 0)
(0.0703125 0 0)
(0.071875 0 0)
(0.0734375 0 0)
(0.075 0 0)
(0.0765625 0 0)
(0.078125 0 0)
(0.0796875 0 0)
(0.08125 0 0)
(0.0828125 0 0)
(0.084375 0 0)
(0.0859375 0 0)
(0.0875 0 0)
(0.0890625 0 0)
(0.090625 0 0)
(0.0921875 0 0)
(0.09375 0 0)
(0.0953125 0 0)
(0.096875 0 0)
(0.0984375 0 0)
(0.1 0 0)
(0 0.0015625 0)
(0.0015625 0.0015625 0)
(0.003125 0.0015625 0)
(0.0046875 0.0015625 0)
(0.00625 0.0015625 0)
(0.0078125 0.0015625 0)
(0.009375 0.0015625 0)
(0.0109375 0.0015625 0)
(0.0125 0.0015625 0)
(0.0140625 0.0015625 0)
(0.015625 0.0015625 0)
(0.0171875 0.0015625 0)
(0.01875 0.0015625 0)
(0.0203125 0.0015625 0)
(0.021875 0.0015625 0)
(0.0234375 0.0015625 0)
(0.025 0.0015625 0)
(0.0265625 0.0015625 0)
(0.028125 0.0015625 0)
(0.0296875 0.0015625 0)
(0.03125 0.0015625 0)
(0.0328125 0.0015625 0)
(0.034375 0.0015625 0)
(0.0359375 0.0015625 0)
(0.0375 0.0015625 0)
(0.0390625 0.0015625 0)
(0.040625 0.0015625 0)
(0.0421875 0.0015625 0)
(0.04375 0.0015625 0)
(0.0453125 0.0015625 0)
(0.046875 0.0015625 0)
(0.0484375 0.0015625 0)
(0.05 0.0015625 0)
(0.0515625 0.0015625 0)
(0.053125 0.0015625 0)
(0.0546875 0.0015625 0)
(0.05625 0.0015625 0)
(0.0578125 0.0015625 0)
(0.059375 0.0015625 0)
(0.0609375 0.0015625 0)
(0.0625 0.0015625 0)
(0.0640625 0.0015625 0)
(0.065625 0.0015625 0)
(0.0671875 0.0015625 0)
(0.06875 0.0015625 0)
(0.0703125 0.0015625 0)
(0.071875 0.0015625 0)
(0.0734375 0.0015625 0)
(0.075 0.0015625 0)
(0.0765625 0.0015625 0)
(0.078125 0.0015625 0)
(0.0796875 0.0015625 0)
(0.08125 0.0015625 0)
(0.0828125 0.0015625 0)
(0.084375 0.0015625 0)
(0.0859375 0.0015625 0)
(0.0875 0.0015625 0)
(0.0890625 0.0015625 0)
(0.090625 0.0015625 0)
(0.0921875 0.0015625 0)
(0.09375 0.0015625 0)
(0.0953125 0.0015625 0)
(0.096875 0.0015625 0)
(0.0984375 0.0015625 0)
(0.1 0.0015625 0)
(0 0.003125 0)
(0.0015625 0.003125 0)
(0.003125 0.003125 0)
(0.0046875 0.003125 0)
(0.00625 0.003125 0)
(0.0078125 0.003125 0)
(0.009375 0.003125 0)
(0.0109375 0.003125 0)
(0.0125 0.003125 0)
(0.0140625 0.003125 0)
(0.015625 0.003125 0)
(0.0171875 0.003125 0)
(0.01875 0.003125 0)
(0.0203125 0.003125 0)
(0.021875 0.003125 0)
(0.0234375 0.003125 0)
(0.025 0.003125 0)
(0.0265625 0.003125 0)
(0.028125 0.003125 0)
(0.0296875 0.003125 0)
(0.03125 0.003125 0)
(0.0328125 0.003125 0)
(0.034375 0.003125 0)
(0.0359375 0.003125 0)
(0.0375 0.003125 0)
(0.0390625 0.003125 0)
(0.040625 0.003125 0)
(0.0421875 0.003125 0)
(0.04375 0.003125 0)
(0.0453125 0.003125 0)
(0.046875 0.003125 0)
(0.0484375 0.003125 0)
(0.05 0.003125 0)
(0.0515625 0.003125 0)
(0.053125 0.003125 0)
(0.0546875 0.003125 0)
(0.05625 0.003125 0)
(0.0578125 0.003125 0)
(0.059375 0.003125 0)
(0.0609375 0.003125 0)
(0.0625 0.003125 0)
(0.0640625 0.003125 0)
(0.065625 0.003125 0)
(0.0671875 0.003125 0)
(0.06875 0.003125 0)
(0.0703125 0.003125 0)
(0.071875 0.003125 0)
(0.0734375 0.003125 0)
(0.075 0.003125 0)
(0.0765625 0.003125 0)
(0.078125 0.003125 0)
(0.0796875 0.003125 0)
(0.08125 0.003125 0)
(0.0828125 0.003125 0)
(0.084375 0.003125 0)
(0.0859375 0.003125 0)
(0.0875 0.003125 0)
(0.0890625 0.003125 0)
(0.090625 0.003125 0)
(0.0921875 0.003125 0)
(0.09375 0.003125 0)
(0.0953125 0.003125 0)
(0.096875 0.003125 0)
(0.0984375 0.003125 0)
(0.1 0.003125 0)
(0 0.0046875 0)
(0.0015625 0.0046875 0)
(0.003125 0.0046875 0)
(0.0046875 0.0046875 0)
(0.00625 0.0046875 0)
(0.0078125 0.0046875 0)
(0.009375 0.0046875 0)
(0.0109375 0.0046875 0)
(0.0125 0.0046875 0)
(0.0140625 0.0046875 0)
(0.015625 0.0046875 0)
(0.0171875 0.0046875 0)
(0.01875 0.0046875 0)
(0.0203125 0.0046875 0)
(0.021875 0.0046875 0)
(0.0234375 0.0046875 0)
(0.025 0.0046875 0)
(0.0265625 0.0046875 0)
(0.028125 0.0046875 0)
(0.0296875 0.0046875 0)
(0.03125 0.0046875 0)
(0.0328125 0.0046875 0)
(0.034375 0.0046875 0)
(0.0359375 0.0046875 0)
(0.0375 0.0046875 0)
(0.0390625 0.0046875 0)
(0.040625 0.0046875 0)
(0.0421875 0.0046875 0)
(0.04375 0.0046875 0)
(0.0453125 0.0046875 0)
(0.046875 0.0046875 0)
(0.0484375 0.0046875 0)
(0.05 0.0046875 0)
(0.0515625 0.0046875 0)
(0.053125 0.0046875 0)
(0.0546875 0.0046875 0)
(0.05625 0.0046875 0)
(0.0578125 0.0046875 0)
(0.059375 0.0046875 0)
(0.0609375 0.0046875 0)
(0.0625 0.0046875 0)
(0.0640625 0.0046875 0)
(0.065625 0.0046875 0)
(0.0671875 0.0046875 0)
(0.06875 0.0046875 0)
(0.0703125 0.0046875 0)
(0.071875 0.0046875 0)
(0.0734375 0.0046875 0)
(0.075 0.0046875 0)
(0.0765625 0.0046875 0)
(0.078125 0.0046875 0)
(0.0796875 0.0046875 0)
(0.08125 0.0046875 0)
(0.0828125 0.0046875 0)
(0.084375 0.0046875 0)
(0.0859375 0.0046875 0)
(0.0875 0.0046875 0)
(0.0890625 0.0046875 0)
(0.090625 0.0046875 0)
(0.0921875 0.0046875 0)
(0.09375 0.0046875 0)
(0.0953125 0.0046875 0)
(0.096875 0.0046875 0)
(0.0984375 0.0046875 0)
(0.1 0.0046875 0)
(0 0.00625 0)
(0.0015625 0.00625 0)
(0.003125 0.00625 0)
(0.0046875 0.00625 0)
(0.00625 0.00625 0)
(0.0078125 0.00625 0)
(0.009375 0.00625 0)
(0.0109375 0.00625 0)
(0.0125 0.00625 0)
(0.0140625 0.00625 0)
(0.015625 0.00625 0)
(0.0171875 0.00625 0)
(0.01875 0.00625 0)
(0.0203125 0.00625 0)
(0.021875 0.00625 0)
(0.0234375 0.00625 0)
(0.025 0.00625 0)
(0.0265625 0.00625 0)
(0.028125 0.00625 0)
(0.0296875 0.00625 0)
(0.03125 0.00625 0)
(0.0328125 0.00625 0)
(0.034375 0.00625 0)
(0.0359375 0.00625 0)
(0.0375 0.00625 0)
(0.0390625 0.00625 0)
(0.040625 0.00625 0)
(0.0421875 0.00625 0)
(0.04375 0.00625 0)
(0.0453125 0.00625 0)
(0.046875 0.00625 0)
(0.0484375 0.00625 0)
(0.05 0.00625 0)
(0.0515625 0.00625 0)
(0.053125 0.00625 0)
(0.0546875 0.00625 0)
(0.05625 0.00625 0)
(0.0578125 0.00625 0)
(0.059375 0.00625 0)
(0.0609375 0.00625 0)
(0.0625 0.00625 0)
(0.0640625 0.00625 0)
(0.065625 0.00625 0)
(0.0671875 0.00625 0)
(0.06875 0.00625 0)
(0.0703125 0.00625 0)
(0.071875 0.00625 0)
(0.0734375 0.00625 0)
(0.075 0.00625 0)
(0.0765625 0.00625 0)
(0.078125 0.00625 0)
(0.0796875 0.00625 0)
(0.08125 0.00625 0)
(0.0828125 0.00625 0)
(0.084375 0.00625 0)
(0.0859375 0.00625 0)
(0.0875 0.00625 0)
(0.0890625 0.00625 0)
(0.090625 0.00625 0)
(0.0921875 0.00625 0)
(0.09375 0.00625 0)
(0.0953125 0.00625 0)
(0.096875 0.00625 0)
(0.0984375 0.00625 0)
(0.1 0.00625 0)
(0 0.0078125 0)
(0.0015625 0.0078125 0)
(0.003125 0.0078125 0)
(0.0046875 0.0078125 0)
(0.00625 0.0078125 0)
(0.0078125 0.0078125 0)
(0.009375 0.0078125 0)
(0.0109375 0.0078125 0)
(0.0125 0.0078125 0)
(0.0140625 0.0078125 0)
(0.015625 0.0078125 0)
(0.0171875 0.0078125 0)
(0.01875 0.0078125 0)
(0.0203125 0.0078125 0)
(0.021875 0.0078125 0)
(0.0234375 0.0078125 0)
(0.025 0.0078125 0)
(0.0265625 0.0078125 0)
(0.028125 0.0078125 0)
(0.0296875 0.0078125 0)
(0.03125 0.0078125 0)
(0.0328125 0.0078125 0)
(0.034375 0.0078125 0)
(0.0359375 0.0078125 0)
(0.0375 0.0078125 0)
(0.0390625 0.0078125 0)
(0.040625 0.0078125 0)
(0.0421875 0.0078125 0)
(0.04375 0.0078125 0)
(0.0453125 0.0078125 0)
(0.046875 0.0078125 0)
(0.0484375 0.0078125 0)
(0.05 0.0078125 0)
(0.0515625 0.0078125 0)
(0.053125 0.0078125 0)
(0.0546875 0.0078125 0)
(0.05625 0.0078125 0)
(0.0578125 0.0078125 0)
(0.059375 0.0078125 0)
(0.0609375 0.0078125 0)
(0.0625 0.0078125 0)
(0.0640625 0.0078125 0)
(0.065625 0.0078125 0)
(0.0671875 0.0078125 0)
(0.06875 0.0078125 0)
(0.0703125 0.0078125 0)
(0.071875 0.0078125 0)
(0.0734375 0.0078125 0)
(0.075 0.0078125 0)
(0.0765625 0.0078125 0)
(0.078125 0.0078125 0)
(0.0796875 0.0078125 0)
(0.08125 0.0078125 0)
(0.0828125 0.0078125 0)
(0.084375 0.0078125 0)
(0.0859375 0.0078125 0)
(0.0875 0.0078125 0)
(0.0890625 0.0078125 0)
(0.090625 0.0078125 0)
(0.0921875 0.0078125 0)
(0.09375 0.0078125 0)
(0.0953125 0.0078125 0)
(0.096875 0.0078125 0)
(0.0984375 0.0078125 0)
(0.1 0.0078125 0)
(0 0.009375 0)
(0.0015625 0.009375 0)
(0.003125 0.009375 0)
(0.0046875 0.009375 0)
(0.00625 0.009375 0)
(0.0078125 0.009375 0)
(0.009375 0.009375 0)
(0.0109375 0.009375 0)
(0.0125 0.009375 0)
(0.0140625 0.009375 0)
(0.015625 0.009375 0)
(0.0171875 0.009375 0)
(0.01875 0.009375 0)
(0.0203125 0.009375 0)
(0.021875 0.009375 0)
(0.0234375 0.009375 0)
(0.025 0.009375 0)
(0.0265625 0.009375 0)
(0.028125 0.009375 0)
(0.0296875 0.009375 0)
(0.03125 0.009375 0)
(0.0328125 0.009375 0)
(0.034375 0.009375 0)
(0.0359375 0.009375 0)
(0.0375 0.009375 0)
(0.0390625 0.009375 0)
(0.040625 0.009375 0)
(0.0421875 0.009375 0)
(0.04375 0.009375 0)
(0.0453125 0.009375 0)
(0.046875 0.009375 0)
(0.0484375 0.009375 0)
(0.05 0.009375 0)
(0.0515625 0.009375 0)
(0.053125 0.009375 0)
(0.0546875 0.009375 0)
(0.05625 0.009375 0)
(0.0578125 0.009375 0)
(0.059375 0.009375 0)
(0.0609375 0.009375 0)
(0.0625 0.009375 0)
(0.0640625 0.009375 0)
(0.065625 0.009375 0)
(0.0671875 0.009375 0)
(0.06875 0.009375 0)
(0.0703125 0.009375 0)
(0.071875 0.009375 0)
(0.0734375 0.009375 0)
(0.075 0.009375 0)
(0.0765625 0.009375 0)
(0.078125 0.009375 0)
(0.0796875 0.009375 0)
(0.08125 0.009375 0)
(0.0828125 0.009375 0)
(0.084375 0.009375 0)
(0.0859375 0.009375 0)
(0.0875 0.009375 0)
(0.0890625 0.009375 0)
(0.090625 0.009375 0)
(0.0921875 0.009375 0)
(0.09375 0.009375 0)
(0.0953125 0.009375 0)
(0.096875 0.009375 0)
(0.0984375 0.009375 0)
(0.1 0.009375 0)
(0 0.0109375 0)
(0.0015625 0.0109375 0)
(0.003125 0.0109375 0)
(0.0046875 0.0109375 0)
(0.00625 0.0109375 0)
(0.0078125 0.0109375 0)
(0.009375 0.0109375 0)
(0.0109375 0.0109375 0)
(0.0125 0.0109375 0)
(0.0140625 0.0109375 0)
(0.015625 0.0109375 0)
(0.0171875 0.0109375 0)
(0.01875 0.0109375 0)
(0.0203125 0.0109375 0)
(0.021875 0.0109375 0)
(0.0234375 0.0109375 0)
(0.025 0.0109375 0)
(0.0265625 0.0109375 0)
(0.028125 0.0109375 0)
(0.0296875 0.0109375 0)
(0.03125 0.0109375 0)
(0.0328125 0.0109375 0)
(0.034375 0.0109375 0)
(0.0359375 0.0109375 0)
(0.0375 0.0109375 0)
(0.0390625 0.0109375 0)
(0.040625 0.0109375 0)
(0.0421875 0.0109375 0)
(0.04375 0.0109375 0)
(0.0453125 0.0109375 0)
(0.046875 0.0109375 0)
(0.0484375 0.0109375 0)
(0.05 0.0109375 0)
(0.0515625 0.0109375 0)
(0.053125 0.0109375 0)
(0.0546875 0.0109375 0)
(0.05625 0.0109375 0)
(0.0578125 0.0109375 0)
(0.059375 0.0109375 0)
(0.0609375 0.0109375 0)
(0.0625 0.0109375 0)
(0.0640625 0.0109375 0)
(0.065625 0.0109375 0)
(0.0671875 0.0109375 0)
(0.06875 0.0109375 0)
(0.0703125 0.0109375 0)
(0.071875 0.0109375 0)
(0.0734375 0.0109375 0)
(0.075 0.0109375 0)
(0.0765625 0.0109375 0)
(0.078125 0.0109375 0)
(0.0796875 0.0109375 0)
(0.08125 0.0109375 0)
(0.0828125 0.0109375 0)
(0.084375 0.0109375 0)
(0.0859375 0.0109375 0)
(0.0875 0.0109375 0)
(0.0890625 0.0109375 0)
(0.090625 0.0109375 0)
(0.0921875 0.0109375 0)
(0.09375 0.0109375 0)
(0.0953125 0.0109375 0)
(0.096875 0.0109375 0)
(0.0984375 0.0109375 0)
(0.1 0.0109375 0)
(0 0.0125 0)
(0.0015625 0.0125 0)
(0.003125 0.0125 0)
(0.0046875 0.0125 0)
(0.00625 0.0125 0)
(0.0078125 0.0125 0)
(0.009375 0.0125 0)
(0.0109375 0.0125 0)
(0.0125 0.0125 0)
(0.0140625 0.0125 0)
(0.015625 0.0125 0)
(0.0171875 0.0125 0)
(0.01875 0.0125 0)
(0.0203125 0.0125 0)
(0.021875 0.0125 0)
(0.0234375 0.0125 0)
(0.025 0.0125 0)
(0.0265625 0.0125 0)
(0.028125 0.0125 0)
(0.0296875 0.0125 0)
(0.03125 0.0125 0)
(0.0328125 0.0125 0)
(0.034375 0.0125 0)
(0.0359375 0.0125 0)
(0.0375 0.0125 0)
(0.0390625 0.0125 0)
(0.040625 0.0125 0)
(0.0421875 0.0125 0)
(0.04375 0.0125 0)
(0.0453125 0.0125 0)
(0.046875 0.0125 0)
(0.0484375 0.0125 0)
(0.05 0.0125 0)
(0.0515625 0.0125 0)
(0.053125 0.0125 0)
(0.0546875 0.0125 0)
(0.05625 0.0125 0)
(0.0578125 0.0125 0)
(0.059375 0.0125 0)
(0.0609375 0.0125 0)
(0.0625 0.0125 0)
(0.0640625 0.0125 0)
(0.065625 0.0125 0)
(0.0671875 0.0125 0)
(0.06875 0.0125 0)
(0.0703125 0.0125 0)
(0.071875 0.0125 0)
(0.0734375 0.0125 0)
(0.075 0.0125 0)
(0.0765625 0.0125 0)
(0.078125 0.0125 0)
(0.0796875 0.0125 0)
(0.08125 0.0125 0)
(0.0828125 0.0125 0)
(0.084375 0.0125 0)
(0.0859375 0.0125 0)
(0.0875 0.0125 0)
(0.0890625 0.0125 0)
(0.090625 0.0125 0)
(0.0921875 0.0125 0)
(0.09375 0.0125 0)
(0.0953125 0.0125 0)
(0.096875 0.0125 0)
(0.0984375 0.0125 0)
(0.1 0.0125 0)
(0 0.0140625 0)
(0.0015625 0.0140625 0)
(0.003125 0.0140625 0)
(0.0046875 0.0140625 0)
(0.00625 0.0140625 0)
(0.0078125 0.0140625 0)
(0.009375 0.0140625 0)
(0.0109375 0.0140625 0)
(0.0125 0.0140625 0)
(0.0140625 0.0140625 0)
(0.015625 0.0140625 0)
(0.0171875 0.0140625 0)
(0.01875 0.0140625 0)
(0.0203125 0.0140625 0)
(0.021875 0.0140625 0)
(0.0234375 0.0140625 0)
(0.025 0.0140625 0)
(0.0265625 0.0140625 0)
(0.028125 0.0140625 0)
(0.0296875 0.0140625 0)
(0.03125 0.0140625 0)
(0.0328125 0.0140625 0)
(0.034375 0.0140625 0)
(0.0359375 0.0140625 0)
(0.0375 0.0140625 0)
(0.0390625 0.0140625 0)
(0.040625 0.0140625 0)
(0.0421875 0.0140625 0)
(0.04375 0.0140625 0)
(0.0453125 0.0140625 0)
(0.046875 0.0140625 0)
(0.0484375 0.0140625 0)
(0.05 0.0140625 0)
(0.0515625 0.0140625 0)
(0.053125 0.0140625 0)
(0.0546875 0.0140625 0)
(0.05625 0.0140625 0)
(0.0578125 0.0140625 0)
(0.059375 0.0140625 0)
(0.0609375 0.0140625 0)
(0.0625 0.0140625 0)
(0.0640625 0.0140625 0)
(0.065625 0.0140625 0)
(0.0671875 0.0140625 0)
(0.06875 0.0140625 0)
(0.0703125 0.0140625 0)
(0.071875 0.0140625 0)
(0.0734375 0.0140625 0)
(0.075 0.0140625 0)
(0.0765625 0.0140625 0)
(0.078125 0.0140625 0)
(0.0796875 0.0140625 0)
(0.08125 0.0140625 0)
(0.0828125 0.0140625 0)
(0.084375 0.0140625 0)
(0.0859375 0.0140625 0)
(0.0875 0.0140625 0)
(0.0890625 0.0140625 0)
(0.090625 0.0140625 0)
(0.0921875 0.0140625 0)
(0.09375 0.0140625 0)
(0.0953125 0.0140625 0)
(0.096875 0.0140625 0)
(0.0984375 0.0140625 0)
(0.1 0.0140625 0)
(0 0.015625 0)
(0.0015625 0.015625 0)
(0.003125 0.015625 0)
(0.0046875 0.015625 0)
(0.00625 0.015625 0)
(0.0078125 0.015625 0)
(0.009375 0.015625 0)
(0.0109375 0.015625 0)
(0.0125 0.015625 0)
(0.0140625 0.015625 0)
(0.015625 0.015625 0)
(0.0171875 0.015625 0)
(0.01875 0.015625 0)
(0.0203125 0.015625 0)
(0.021875 0.015625 0)
(0.0234375 0.015625 0)
(0.025 0.015625 0)
(0.0265625 0.015625 0)
(0.028125 0.015625 0)
(0.0296875 0.015625 0)
(0.03125 0.015625 0)
(0.0328125 0.015625 0)
(0.034375 0.015625 0)
(0.0359375 0.015625 0)
(0.0375 0.015625 0)
(0.0390625 0.015625 0)
(0.040625 0.015625 0)
(0.0421875 0.015625 0)
(0.04375 0.015625 0)
(0.0453125 0.015625 0)
(0.046875 0.015625 0)
(0.0484375 0.015625 0)
(0.05 0.015625 0)
(0.0515625 0.015625 0)
(0.053125 0.015625 0)
(0.0546875 0.015625 0)
(0.05625 0.015625 0)
(0.0578125 0.015625 0)
(0.059375 0.015625 0)
(0.0609375 0.015625 0)
(0.0625 0.015625 0)
(0.0640625 0.015625 0)
(0.065625 0.015625 0)
(0.0671875 0.015625 0)
(0.06875 0.015625 0)
(0.0703125 0.015625 0)
(0.071875 0.015625 0)
(0.0734375 0.015625 0)
(0.075 0.015625 0)
(0.0765625 0.015625 0)
(0.078125 0.015625 0)
(0.0796875 0.015625 0)
(0.08125 0.015625 0)
(0.0828125 0.015625 0)
(0.084375 0.015625 0)
(0.0859375 0.015625 0)
(0.0875 0.015625 0)
(0.0890625 0.015625 0)
(0.090625 0.015625 0)
(0.0921875 0.015625 0)
(0.09375 0.015625 0)
(0.0953125 0.015625 0)
(0.096875 0.015625 0)
(0.0984375 0.015625 0)
(0.1 0.015625 0)
(0 0.0171875 0)
(0.0015625 0.0171875 0)
(0.003125 0.0171875 0)
(0.0046875 0.0171875 0)
(0.00625 0.0171875 0)
(0.0078125 0.0171875 0)
(0.009375 0.0171875 0)
(0.0109375 0.0171875 0)
(0.0125 0.0171875 0)
(0.0140625 0.0171875 0)
(0.015625 0.0171875 0)
(0.0171875 0.0171875 0)
(0.01875 0.0171875 0)
(0.0203125 0.0171875 0)
(0.021875 0.0171875 0)
(0.0234375 0.0171875 0)
(0.025 0.0171875 0)
(0.0265625 0.0171875 0)
(0.028125 0.0171875 0)
(0.0296875 0.0171875 0)
(0.03125 0.0171875 0)
(0.0328125 0.0171875 0)
(0.034375 0.0171875 0)
(0.0359375 0.0171875 0)
(0.0375 0.0171875 0)
(0.0390625 0.0171875 0)
(0.040625 0.0171875 0)
(0.0421875 0.0171875 0)
(0.04375 0.0171875 0)
(0.0453125 0.0171875 0)
(0.046875 0.0171875 0)
(0.0484375 0.0171875 0)
(0.05 0.0171875 0)
(0.0515625 0.0171875 0)
(0.053125 0.0171875 0)
(0.0546875 0.0171875 0)
(0.05625 0.0171875 0)
(0.0578125 0.0171875 0)
(0.059375 0.0171875 0)
(0.0609375 0.0171875 0)
(0.0625 0.0171875 0)
(0.0640625 0.0171875 0)
(0.065625 0.0171875 0)
(0.0671875 0.0171875 0)
(0.06875 0.0171875 0)
(0.0703125 0.0171875 0)
(0.071875 0.0171875 0)
(0.0734375 0.0171875 0)
(0.075 0.0171875 0)
(0.0765625 0.0171875 0)
(0.078125 0.0171875 0)
(0.0796875 0.0171875 0)
(0.08125 0.0171875 0)
(0.0828125 0.0171875 0)
(0.084375 0.0171875 0)
(0.0859375 0.0171875 0)
(0.0875 0.0171875 0)
(0.0890625 0.0171875 0)
(0.090625 0.0171875 0)
(0.0921875 0.0171875 0)
(0.09375 0.0171875 0)
(0.0953125 0.0171875 0)
(0.096875 0.0171875 0)
(0.0984375 0.0171875 0)
(0.1 0.0171875 0)
(0 0.01875 0)
(0.0015625 0.01875 0)
(0.003125 0.01875 0)
(0.0046875 0.01875 0)
(0.00625 0.01875 0)
(0.0078125 0.01875 0)
(0.009375 0.01875 0)
(0.0109375 0.01875 0)
(0.0125 0.01875 0)
(0.0140625 0.01875 0)
(0.015625 0.01875 0)
(0.0171875 0.01875 0)
(0.01875 0.01875 0)
(0.0203125 0.01875 0)
(0.021875 0.01875 0)
(0.0234375 0.01875 0)
(0.025 0.01875 0)
(0.0265625 0.01875 0)
(0.028125 0.01875 0)
(0.0296875 0.01875 0)
(0.03125 0.01875 0)
(0.0328125 0.01875 0)
(0.034375 0.01875 0)
(0.0359375 0.01875 0)
(0.0375 0.01875 0)
(0.0390625 0.01875 0)
(0.040625 0.01875 0)
(0.0421875 0.01875 0)
(0.04375 0.01875 0)
(0.0453125 0.01875 0)
(0.046875 0.01875 0)
(0.0484375 0.01875 0)
(0.05 0.01875 0)
(0.0515625 0.01875 0)
(0.053125 0.01875 0)
(0.0546875 0.01875 0)
(0.05625 0.01875 0)
(0.0578125 0.01875 0)
(0.059375 0.01875 0)
(0.0609375 0.01875 0)
(0.0625 0.01875 0)
(0.0640625 0.01875 0)
(0.065625 0.01875 0)
(0.0671875 0.01875 0)
(0.06875 0.01875 0)
(0.0703125 0.01875 0)
(0.071875 0.01875 0)
(0.0734375 0.01875 0)
(0.075 0.01875 0)
(0.0765625 0.01875 0)
(0.078125 0.01875 0)
(0.0796875 0.01875 0)
(0.08125 0.01875 0)
(0.0828125 0.01875 0)
(0.084375 0.01875 0)
(0.0859375 0.01875 0)
(0.0875 0.01875 0)
(0.0890625 0.01875 0)
(0.090625 0.01875 0)
(0.0921875 0.01875 0)
(0.09375 0.01875 0)
(0.0953125 0.01875 0)
(0.096875 0.01875 0)
(0.0984375 0.01875 0)
(0.1 0.01875 0)
(0 0.0203125 0)
(0.0015625 0.0203125 0)
(0.003125 0.0203125 0)
(0.0046875 0.0203125 0)
(0.00625 0.0203125 0)
(0.0078125 0.0203125 0)
(0.009375 0.0203125 0)
(0.0109375 0.0203125 0)
(0.0125 0.0203125 0)
(0.0140625 0.0203125 0)
(0.015625 0.0203125 0)
(0.0171875 0.0203125 0)
(0.01875 0.0203125 0)
(0.0203125 0.0203125 0)
(0.021875 0.0203125 0)
(0.0234375 0.0203125 0)
(0.025 0.0203125 0)
(0.0265625 0.0203125 0)
(0.028125 0.0203125 0)
(0.0296875 0.0203125 0)
(0.03125 0.0203125 0)
(0.0328125 0.0203125 0)
(0.034375 0.0203125 0)
(0.0359375 0.0203125 0)
(0.0375 0.0203125 0)
(0.0390625 0.0203125 0)
(0.040625 0.0203125 0)
(0.0421875 0.0203125 0)
(0.04375 0.0203125 0)
(0.0453125 0.0203125 0)
(0.046875 0.0203125 0)
(0.0484375 0.0203125 0)
(0.05 0.0203125 0)
(0.0515625 0.0203125 0)
(0.053125 0.0203125 0)
(0.0546875 0.0203125 0)
(0.05625 0.0203125 0)
(0.0578125 0.0203125 0)
(0.059375 0.0203125 0)
(0.0609375 0.0203125 0)
(0.0625 0.0203125 0)
(0.0640625 0.0203125 0)
(0.065625 0.0203125 0)
(0.0671875 0.0203125 0)
(0.06875 0.0203125 0)
(0.0703125 0.0203125 0)
(0.071875 0.0203125 0)
(0.0734375 0.0203125 0)
(0.075 0.0203125 0)
(0.0765625 0.0203125 0)
(0.078125 0.0203125 0)
(0.0796875 0.0203125 0)
(0.08125 0.0203125 0)
(0.0828125 0.0203125 0)
(0.084375 0.0203125 0)
(0.0859375 0.0203125 0)
(0.0875 0.0203125 0)
(0.0890625 0.0203125 0)
(0.090625 0.0203125 0)
(0.0921875 0.0203125 0)
(0.09375 0.0203125 0)
(0.0953125 0.0203125 0)
(0.096875 0.0203125 0)
(0.0984375 0.0203125 0)
(0.1 0.0203125 0)
(0 0.021875 0)
(0.0015625 0.021875 0)
(0.003125 0.021875 0)
(0.0046875 0.021875 0)
(0.00625 0.021875 0)
(0.0078125 0.021875 0)
(0.009375 0.021875 0)
(0.0109375 0.021875 0)
(0.0125 0.021875 0)
(0.0140625 0.021875 0)
(0.015625 0.021875 0)
(0.0171875 0.021875 0)
(0.01875 0.021875 0)
(0.0203125 0.021875 0)
(0.021875 0.021875 0)
(0.0234375 0.021875 0)
(0.025 0.021875 0)
(0.0265625 0.021875 0)
(0.028125 0.021875 0)
(0.0296875 0.021875 0)
(0.03125 0.021875 0)
(0.0328125 0.021875 0)
(0.034375 0.021875 0)
(0.0359375 0.021875 0)
(0.0375 0.021875 0)
(0.0390625 0.021875 0)
(0.040625 0.021875 0)
(0.0421875 0.021875 0)
(0.04375 0.021875 0)
(0.0453125 0.021875 0)
(0.046875 0.021875 0)
(0.0484375 0.021875 0)
(0.05 0.021875 0)
(0.0515625 0.021875 0)
(0.053125 0.021875 0)
(0.0546875 0.021875 0)
(0.05625 0.021875 0)
(0.0578125 0.021875 0)
(0.059375 0.021875 0)
(0.0609375 0.021875 0)
(0.0625 0.021875 0)
(0.0640625 0.021875 0)
(0.065625 0.021875 0)
(0.0671875 0.021875 0)
(0.06875 0.021875 0)
(0.0703125 0.021875 0)
(0.071875 0.021875 0)
(0.0734375 0.021875 0)
(0.075 0.021875 0)
(0.0765625 0.021875 0)
(0.078125 0.021875 0)
(0.0796875 0.021875 0)
(0.08125 0.021875 0)
(0.0828125 0.021875 0)
(0.084375 0.021875 0)
(0.0859375 0.021875 0)
(0.0875 0.021875 0)
(0.0890625 0.021875 0)
(0.090625 0.021875 0)
(0.0921875 0.021875 0)
(0.09375 0.021875 0)
(0.0953125 0.021875 0)
(0.096875 0.021875 0)
(0.0984375 0.021875 0)
(0.1 0.021875 0)
(0 0.0234375 0)
(0.0015625 0.0234375 0)
(0.003125 0.0234375 0)
(0.0046875 0.0234375 0)
(0.00625 0.0234375 0)
(0.0078125 0.0234375 0)
(0.009375 0.0234375 0)
(0.0109375 0.0234375 0)
(0.0125 0.0234375 0)
(0.0140625 0.0234375 0)
(0.015625 0.0234375 0)
(0.0171875 0.0234375 0)
(0.01875 0.0234375 0)
(0.0203125 0.0234375 0)
(0.021875 0.0234375 0)
(0.0234375 0.0234375 0)
(0.025 0.0234375 0)
(0.0265625 0.0234375 0)
(0.028125 0.0234375 0)
(0.0296875 0.0234375 0)
(0.03125 0.0234375 0)
(0.0328125 0.0234375 0)
(0.034375 0.0234375 0)
(0.0359375 0.0234375 0)
(0.0375 0.0234375 0)
(0.0390625 0.0234375 0)
(0.040625 0.0234375 0)
(0.0421875 0.0234375 0)
(0.04375 0.0234375 0)
(0.0453125 0.0234375 0)
(0.046875 0.0234375 0)
(0.0484375 0.0234375 0)
(0.05 0.0234375 0)
(0.0515625 0.0234375 0)
(0.053125 0.0234375 0)
(0.0546875 0.0234375 0)
(0.05625 0.0234375 0)
(0.0578125 0.0234375 0)
(0.059375 0.0234375 0)
(0.0609375 0.0234375 0)
(0.0625 0.0234375 0)
(0.0640625 0.0234375 0)
(0.065625 0.0234375 0)
(0.0671875 0.0234375 0)
(0.06875 0.0234375 0)
(0.0703125 0.0234375 0)
(0.071875 0.0234375 0)
(0.0734375 0.0234375 0)
(0.075 0.0234375 0)
(0.0765625 0.0234375 0)
(0.078125 0.0234375 0)
(0.0796875 0.0234375 0)
(0.08125 0.0234375 0)
(0.0828125 0.0234375 0)
(0.084375 0.0234375 0)
(0.0859375 0.0234375 0)
(0.0875 0.0234375 0)
(0.0890625 0.0234375 0)
(0.090625 0.0234375 0)
(0.0921875 0.0234375 0)
(0.09375 0.0234375 0)
(0.0953125 0.0234375 0)
(0.096875 0.0234375 0)
(0.0984375 0.0234375 0)
(0.1 0.0234375 0)
(0 0.025 0)
(0.0015625 0.025 0)
(0.003125 0.025 0)
(0.0046875 0.025 0)
(0.00625 0.025 0)
(0.0078125 0.025 0)
(0.009375 0.025 0)
(0.0109375 0.025 0)
(0.0125 0.025 0)
(0.0140625 0.025 0)
(0.015625 0.025 0)
(0.0171875 0.025 0)
(0.01875 0.025 0)
(0.0203125 0.025 0)
(0.021875 0.025 0)
(0.0234375 0.025 0)
(0.025 0.025 0)
(0.0265625 0.025 0)
(0.028125 0.025 0)
(0.0296875 0.025 0)
(0.03125 0.025 0)
(0.0328125 0.025 0)
(0.034375 0.025 0)
(0.0359375 0.025 0)
(0.0375 0.025 0)
(0.0390625 0.025 0)
(0.040625 0.025 0)
(0.0421875 0.025 0)
(0.04375 0.025 0)
(0.0453125 0.025 0)
(0.046875 0.025 0)
(0.0484375 0.025 0)
(0.05 0.025 0)
(0.0515625 0.025 0)
(0.053125 0.025 0)
(0.0546875 0.025 0)
(0.05625 0.025 0)
(0.0578125 0.025 0)
(0.059375 0.025 0)
(0.0609375 0.025 0)
(0.0625 0.025 0)
(0.0640625 0.025 0)
(0.065625 0.025 0)
(0.0671875 0.025 0)
(0.06875 0.025 0)
(0.0703125 0.025 0)
(0.071875 0.025 0)
(0.0734375 0.025 0)
(0.075 0.025 0)
(0.0765625 0.025 0)
(0.078125 0.025 0)
(0.0796875 0.025 0)
(0.08125 0.025 0)
(0.0828125 0.025 0)
(0.084375 0.025 0)
(0.0859375 0.025 0)
(0.0875 0.025 0)
(0.0890625 0.025 0)
(0.090625 0.025 0)
(0.0921875 0.025 0)
(0.09375 0.025 0)
(0.0953125 0.025 0)
(0.096875 0.025 0)
(0.0984375 0.025 0)
(0.1 0.025 0)
(0 0.0265625 0)
(0.0015625 0.0265625 0)
(0.003125 0.0265625 0)
(0.0046875 0.0265625 0)
(0.00625 0.0265625 0)
(0.0078125 0.0265625 0)
(0.009375 0.0265625 0)
(0.0109375 0.0265625 0)
(0.0125 0.0265625 0)
(0.0140625 0.0265625 0)
(0.015625 0.0265625 0)
(0.0171875 0.0265625 0)
(0.01875 0.0265625 0)
(0.0203125 0.0265625 0)
(0.021875 0.0265625 0)
(0.0234375 0.0265625 0)
(0.025 0.0265625 0)
(0.0265625 0.0265625 0)
(0.028125 0.0265625 0)
(0.0296875 0.0265625 0)
(0.03125 0.0265625 0)
(0.0328125 0.0265625 0)
(0.034375 0.0265625 0)
(0.0359375 0.0265625 0)
(0.0375 0.0265625 0)
(0.0390625 0.0265625 0)
(0.040625 0.0265625 0)
(0.0421875 0.0265625 0)
(0.04375 0.0265625 0)
(0.0453125 0.0265625 0)
(0.046875 0.0265625 0)
(0.0484375 0.0265625 0)
(0.05 0.0265625 0)
(0.0515625 0.0265625 0)
(0.053125 0.0265625 0)
(0.0546875 0.0265625 0)
(0.05625 0.0265625 0)
(0.0578125 0.0265625 0)
(0.059375 0.0265625 0)
(0.0609375 0.0265625 0)
(0.0625 0.0265625 0)
(0.0640625 0.0265625 0)
(0.065625 0.0265625 0)
(0.0671875 0.0265625 0)
(0.06875 0.0265625 0)
(0.0703125 0.0265625 0)
(0.071875 0.0265625 0)
(0.0734375 0.0265625 0)
(0.075 0.0265625 0)
(0.0765625 0.0265625 0)
(0.078125 0.0265625 0)
(0.0796875 0.0265625 0)
(0.08125 0.0265625 0)
(0.0828125 0.0265625 0)
(0.084375 0.0265625 0)
(0.0859375 0.0265625 0)
(0.0875 0.0265625 0)
(0.0890625 0.0265625 0)
(0.090625 0.0265625 0)
(0.0921875 0.0265625 0)
(0.09375 0.0265625 0)
(0.0953125 0.0265625 0)
(0.096875 0.0265625 0)
(0.0984375 0.0265625 0)
(0.1 0.0265625 0)
(0 0.028125 0)
(0.0015625 0.028125 0)
(0.003125 0.028125 0)
(0.0046875 0.028125 0)
(0.00625 0.028125 0)
(0.0078125 0.028125 0)
(0.009375 0.028125 0)
(0.0109375 0.028125 0)
(0.0125 0.028125 0)
(0.0140625 0.028125 0)
(0.015625 0.028125 0)
(0.0171875 0.028125 0)
(0.01875 0.028125 0)
(0.0203125 0.028125 0)
(0.021875 0.028125 0)
(0.0234375 0.028125 0)
(0.025 0.028125 0)
(0.0265625 0.028125 0)
(0.028125 0.028125 0)
(0.0296875 0.028125 0)
(0.03125 0.028125 0)
(0.0328125 0.028125 0)
(0.034375 0.028125 0)
(0.0359375 0.028125 0)
(0.0375 0.028125 0)
(0.0390625 0.028125 0)
(0.040625 0.028125 0)
(0.0421875 0.028125 0)
(0.04375 0.028125 0)
(0.0453125 0.028125 0)
(0.046875 0.028125 0)
(0.0484375 0.028125 0)
(0.05 0.028125 0)
(0.0515625 0.028125 0)
(0.053125 0.028125 0)
(0.0546875 0.028125 0)
(0.05625 0.028125 0)
(0.0578125 0.028125 0)
(0.059375 0.028125 0)
(0.0609375 0.028125 0)
(0.0625 0.028125 0)
(0.0640625 0.028125 0)
(0.065625 0.028125 0)
(0.0671875 0.028125 0)
(0.06875 0.028125 0)
(0.0703125 0.028125 0)
(0.071875 0.028125 0)
(0.0734375 0.028125 0)
(0.075 0.028125 0)
(0.0765625 0.028125 0)
(0.078125 0.028125 0)
(0.0796875 0.028125 0)
(0.08125 0.028125 0)
(0.0828125 0.028125 0)
(0.084375 0.028125 0)
(0.0859375 0.028125 0)
(0.0875 0.028125 0)
(0.0890625 0.028125 0)
(0.090625 0.028125 0)
(0.0921875 0.028125 0)
(0.09375 0.028125 0)
(0.0953125 0.028125 0)
(0.096875 0.028125 0)
(0.0984375 0.028125 0)
(0.1 0.028125 0)
(0 0.0296875 0)
(0.0015625 0.0296875 0)
(0.003125 0.0296875 0)
(0.0046875 0.0296875 0)
(0.00625 0.0296875 0)
(0.0078125 0.0296875 0)
(0.009375 0.0296875 0)
(0.0109375 0.0296875 0)
(0.0125 0.0296875 0)
(0.0140625 0.0296875 0)
(0.015625 0.0296875 0)
(0.0171875 0.0296875 0)
(0.01875 0.0296875 0)
(0.0203125 0.0296875 0)
(0.021875 0.0296875 0)
(0.0234375 0.0296875 0)
(0.025 0.0296875 0)
(0.0265625 0.0296875 0)
(0.028125 0.0296875 0)
(0.0296875 0.0296875 0)
(0.03125 0.0296875 0)
(0.0328125 0.0296875 0)
(0.034375 0.0296875 0)
(0.0359375 0.0296875 0)
(0.0375 0.0296875 0)
(0.0390625 0.0296875 0)
(0.040625 0.0296875 0)
(0.0421875 0.0296875 0)
(0.04375 0.0296875 0)
(0.0453125 0.0296875 0)
(0.046875 0.0296875 0)
(0.0484375 0.0296875 0)
(0.05 0.0296875 0)
(0.0515625 0.0296875 0)
(0.053125 0.0296875 0)
(0.0546875 0.0296875 0)
(0.05625 0.0296875 0)
(0.0578125 0.0296875 0)
(0.059375 0.0296875 0)
(0.0609375 0.0296875 0)
(0.0625 0.0296875 0)
(0.0640625 0.0296875 0)
(0.065625 0.0296875 0)
(0.0671875 0.0296875 0)
(0.06875 0.0296875 0)
(0.0703125 0.0296875 0)
(0.071875 0.0296875 0)
(0.0734375 0.0296875 0)
(0.075 0.0296875 0)
(0.0765625 0.0296875 0)
(0.078125 0.0296875 0)
(0.0796875 0.0296875 0)
(0.08125 0.0296875 0)
(0.0828125 0.0296875 0)
(0.084375 0.0296875 0)
(0.0859375 0.0296875 0)
(0.0875 0.0296875 0)
(0.0890625 0.0296875 0)
(0.090625 0.0296875 0)
(0.0921875 0.0296875 0)
(0.09375 0.0296875 0)
(0.0953125 0.0296875 0)
(0.096875 0.0296875 0)
(0.0984375 0.0296875 0)
(0.1 0.0296875 0)
(0 0.03125 0)
(0.0015625 0.03125 0)
(0.003125 0.03125 0)
(0.0046875 0.03125 0)
(0.00625 0.03125 0)
(0.0078125 0.03125 0)
(0.009375 0.03125 0)
(0.0109375 0.03125 0)
(0.0125 0.03125 0)
(0.0140625 0.03125 0)
(0.015625 0.03125 0)
(0.0171875 0.03125 0)
(0.01875 0.03125 0)
(0.0203125 0.03125 0)
(0.021875 0.03125 0)
(0.0234375 0.03125 0)
(0.025 0.03125 0)
(0.0265625 0.03125 0)
(0.028125 0.03125 0)
(0.0296875 0.03125 0)
(0.03125 0.03125 0)
(0.0328125 0.03125 0)
(0.034375 0.03125 0)
(0.0359375 0.03125 0)
(0.0375 0.03125 0)
(0.0390625 0.03125 0)
(0.040625 0.03125 0)
(0.0421875 0.03125 0)
(0.04375 0.03125 0)
(0.0453125 0.03125 0)
(0.046875 0.03125 0)
(0.0484375 0.03125 0)
(0.05 0.03125 0)
(0.0515625 0.03125 0)
(0.053125 0.03125 0)
(0.0546875 0.03125 0)
(0.05625 0.03125 0)
(0.0578125 0.03125 0)
(0.059375 0.03125 0)
(0.0609375 0.03125 0)
(0.0625 0.03125 0)
(0.0640625 0.03125 0)
(0.065625 0.03125 0)
(0.0671875 0.03125 0)
(0.06875 0.03125 0)
(0.0703125 0.03125 0)
(0.071875 0.03125 0)
(0.0734375 0.03125 0)
(0.075 0.03125 0)
(0.0765625 0.03125 0)
(0.078125 0.03125 0)
(0.0796875 0.03125 0)
(0.08125 0.03125 0)
(0.0828125 0.03125 0)
(0.084375 0.03125 0)
(0.0859375 0.03125 0)
(0.0875 0.03125 0)
(0.0890625 0.03125 0)
(0.090625 0.03125 0)
(0.0921875 0.03125 0)
(0.09375 0.03125 0)
(0.0953125 0.03125 0)
(0.096875 0.03125 0)
(0.0984375 0.03125 0)
(0.1 0.03125 0)
(0 0.0328125 0)
(0.0015625 0.0328125 0)
(0.003125 0.0328125 0)
(0.0046875 0.0328125 0)
(0.00625 0.0328125 0)
(0.0078125 0.0328125 0)
(0.009375 0.0328125 0)
(0.0109375 0.0328125 0)
(0.0125 0.0328125 0)
(0.0140625 0.0328125 0)
(0.015625 0.0328125 0)
(0.0171875 0.0328125 0)
(0.01875 0.0328125 0)
(0.0203125 0.0328125 0)
(0.021875 0.0328125 0)
(0.0234375 0.0328125 0)
(0.025 0.0328125 0)
(0.0265625 0.0328125 0)
(0.028125 0.0328125 0)
(0.0296875 0.0328125 0)
(0.03125 0.0328125 0)
(0.0328125 0.0328125 0)
(0.034375 0.0328125 0)
(0.0359375 0.0328125 0)
(0.0375 0.0328125 0)
(0.0390625 0.0328125 0)
(0.040625 0.0328125 0)
(0.0421875 0.0328125 0)
(0.04375 0.0328125 0)
(0.0453125 0.0328125 0)
(0.046875 0.0328125 0)
(0.0484375 0.0328125 0)
(0.05 0.0328125 0)
(0.0515625 0.0328125 0)
(0.053125 0.0328125 0)
(0.0546875 0.0328125 0)
(0.05625 0.0328125 0)
(0.0578125 0.0328125 0)
(0.059375 0.0328125 0)
(0.0609375 0.0328125 0)
(0.0625 0.0328125 0)
(0.0640625 0.0328125 0)
(0.065625 0.0328125 0)
(0.0671875 0.0328125 0)
(0.06875 0.0328125 0)
(0.0703125 0.0328125 0)
(0.071875 0.0328125 0)
(0.0734375 0.0328125 0)
(0.075 0.0328125 0)
(0.0765625 0.0328125 0)
(0.078125 0.0328125 0)
(0.0796875 0.0328125 0)
(0.08125 0.0328125 0)
(0.0828125 0.0328125 0)
(0.084375 0.0328125 0)
(0.0859375 0.0328125 0)
(0.0875 0.0328125 0)
(0.0890625 0.0328125 0)
(0.090625 0.0328125 0)
(0.0921875 0.0328125 0)
(0.09375 0.0328125 0)
(0.0953125 0.0328125 0)
(0.096875 0.0328125 0)
(0.0984375 0.0328125 0)
(0.1 0.0328125 0)
(0 0.034375 0)
(0.0015625 0.034375 0)
(0.003125 0.034375 0)
(0.0046875 0.034375 0)
(0.00625 0.034375 0)
(0.0078125 0.034375 0)
(0.009375 0.034375 0)
(0.0109375 0.034375 0)
(0.0125 0.034375 0)
(0.0140625 0.034375 0)
(0.015625 0.034375 0)
(0.0171875 0.034375 0)
(0.01875 0.034375 0)
(0.0203125 0.034375 0)
(0.021875 0.034375 0)
(0.0234375 0.034375 0)
(0.025 0.034375 0)
(0.0265625 0.034375 0)
(0.028125 0.034375 0)
(0.0296875 0.034375 0)
(0.03125 0.034375 0)
(0.0328125 0.034375 0)
(0.034375 0.034375 0)
(0.0359375 0.034375 0)
(0.0375 0.034375 0)
(0.0390625 0.034375 0)
(0.040625 0.034375 0)
(0.0421875 0.034375 0)
(0.04375 0.034375 0)
(0.0453125 0.034375 0)
(0.046875 0.034375 0)
(0.0484375 0.034375 0)
(0.05 0.034375 0)
(0.0515625 0.034375 0)
(0.053125 0.034375 0)
(0.0546875 0.034375 0)
(0.05625 0.034375 0)
(0.0578125 0.034375 0)
(0.059375 0.034375 0)
(0.0609375 0.034375 0)
(0.0625 0.034375 0)
(0.0640625 0.034375 0)
(0.065625 0.034375 0)
(0.0671875 0.034375 0)
(0.06875 0.034375 0)
(0.0703125 0.034375 0)
(0.071875 0.034375 0)
(0.0734375 0.034375 0)
(0.075 0.034375 0)
(0.0765625 0.034375 0)
(0.078125 0.034375 0)
(0.0796875 0.034375 0)
(0.08125 0.034375 0)
(0.0828125 0.034375 0)
(0.084375 0.034375 0)
(0.0859375 0.034375 0)
(0.0875 0.034375 0)
(0.0890625 0.034375 0)
(0.090625 0.034375 0)
(0.0921875 0.034375 0)
(0.09375 0.034375 0)
(0.0953125 0.034375 0)
(0.096875 0.034375 0)
(0.0984375 0.034375 0)
(0.1 0.034375 0)
(0 0.0359375 0)
(0.0015625 0.0359375 0)
(0.003125 0.0359375 0)
(0.0046875 0.0359375 0)
(0.00625 0.0359375 0)
(0.0078125 0.0359375 0)
(0.009375 0.0359375 0)
(0.0109375 0.0359375 0)
(0.0125 0.0359375 0)
(0.0140625 0.0359375 0)
(0.015625 0.0359375 0)
(0.0171875 0.0359375 0)
(0.01875 0.0359375 0)
(0.0203125 0.0359375 0)
(0.021875 0.0359375 0)
(0.0234375 0.0359375 0)
(0.025 0.0359375 0)
(0.0265625 0.0359375 0)
(0.028125 0.0359375 0)
(0.0296875 0.0359375 0)
(0.03125 0.0359375 0)
(0.0328125 0.0359375 0)
(0.034375 0.0359375 0)
(0.0359375 0.0359375 0)
(0.0375 0.0359375 0)
(0.0390625 0.0359375 0)
(0.040625 0.0359375 0)
(0.0421875 0.0359375 0)
(0.04375 0.0359375 0)
(0.0453125 0.0359375 0)
(0.046875 0.0359375 0)
(0.0484375 0.0359375 0)
(0.05 0.0359375 0)
(0.0515625 0.0359375 0)
(0.053125 0.0359375 0)
(0.0546875 0.0359375 0)
(0.05625 0.0359375 0)
(0.0578125 0.0359375 0)
(0.059375 0.0359375 0)
(0.0609375 0.0359375 0)
(0.0625 0.0359375 0)
(0.0640625 0.0359375 0)
(0.065625 0.0359375 0)
(0.0671875 0.0359375 0)
(0.06875 0.0359375 0)
(0.0703125 0.0359375 0)
(0.071875 0.0359375 0)
(0.0734375 0.0359375 0)
(0.075 0.0359375 0)
(0.0765625 0.0359375 0)
(0.078125 0.0359375 0)
(0.0796875 0.0359375 0)
(0.08125 0.0359375 0)
(0.0828125 0.0359375 0)
(0.084375 0.0359375 0)
(0.0859375 0.0359375 0)
(0.0875 0.0359375 0)
(0.0890625 0.0359375 0)
(0.090625 0.0359375 0)
(0.0921875 0.0359375 0)
(0.09375 0.0359375 0)
(0.0953125 0.0359375 0)
(0.096875 0.0359375 0)
(0.0984375 0.0359375 0)
(0.1 0.0359375 0)
(0 0.0375 0)
(0.0015625 0.0375 0)
(0.003125 0.0375 0)
(0.0046875 0.0375 0)
(0.00625 0.0375 0)
(0.0078125 0.0375 0)
(0.009375 0.0375 0)
(0.0109375 0.0375 0)
(0.0125 0.0375 0)
(0.0140625 0.0375 0)
(0.015625 0.0375 0)
(0.0171875 0.0375 0)
(0.01875 0.0375 0)
(0.0203125 0.0375 0)
(0.021875 0.0375 0)
(0.0234375 0.0375 0)
(0.025 0.0375 0)
(0.0265625 0.0375 0)
(0.028125 0.0375 0)
(0.0296875 0.0375 0)
(0.03125 0.0375 0)
(0.0328125 0.0375 0)
(0.034375 0.0375 0)
(0.0359375 0.0375 0)
(0.0375 0.0375 0)
(0.0390625 0.0375 0)
(0.040625 0.0375 0)
(0.0421875 0.0375 0)
(0.04375 0.0375 0)
(0.0453125 0.0375 0)
(0.046875 0.0375 0)
(0.0484375 0.0375 0)
(0.05 0.0375 0)
(0.0515625 0.0375 0)
(0.053125 0.0375 0)
(0.0546875 0.0375 0)
(0.05625 0.0375 0)
(0.0578125 0.0375 0)
(0.059375 0.0375 0)
(0.0609375 0.0375 0)
(0.0625 0.0375 0)
(0.0640625 0.0375 0)
(0.065625 0.0375 0)
(0.0671875 0.0375 0)
(0.06875 0.0375 0)
(0.0703125 0.0375 0)
(0.071875 0.0375 0)
(0.0734375 0.0375 0)
(0.075 0.0375 0)
(0.0765625 0.0375 0)
(0.078125 0.0375 0)
(0.0796875 0.0375 0)
(0.08125 0.0375 0)
(0.0828125 0.0375 0)
(0.084375 0.0375 0)
(0.0859375 0.0375 0)
(0.0875 0.0375 0)
(0.0890625 0.0375 0)
(0.090625 0.0375 0)
(0.0921875 0.0375 0)
(0.09375 0.0375 0)
(0.0953125 0.0375 0)
(0.096875 0.0375 0)
(0.0984375 0.0375 0)
(0.1 0.0375 0)
(0 0.0390625 0)
(0.0015625 0.0390625 0)
(0.003125 0.0390625 0)
(0.0046875 0.0390625 0)
(0.00625 0.0390625 0)
(0.0078125 0.0390625 0)
(0.009375 0.0390625 0)
(0.0109375 0.0390625 0)
(0.0125 0.0390625 0)
(0.0140625 0.0390625 0)
(0.015625 0.0390625 0)
(0.0171875 0.0390625 0)
(0.01875 0.0390625 0)
(0.0203125 0.0390625 0)
(0.021875 0.0390625 0)
(0.0234375 0.0390625 0)
(0.025 0.0390625 0)
(0.0265625 0.0390625 0)
(0.028125 0.0390625 0)
(0.0296875 0.0390625 0)
(0.03125 0.0390625 0)
(0.0328125 0.0390625 0)
(0.034375 0.0390625 0)
(0.0359375 0.0390625 0)
(0.0375 0.0390625 0)
(0.0390625 0.0390625 0)
(0.040625 0.0390625 0)
(0.0421875 0.0390625 0)
(0.04375 0.0390625 0)
(0.0453125 0.0390625 0)
(0.046875 0.0390625 0)
(0.0484375 0.0390625 0)
(0.05 0.0390625 0)
(0.0515625 0.0390625 0)
(0.053125 0.0390625 0)
(0.0546875 0.0390625 0)
(0.05625 0.0390625 0)
(0.0578125 0.0390625 0)
(0.059375 0.0390625 0)
(0.0609375 0.0390625 0)
(0.0625 0.0390625 0)
(0.0640625 0.0390625 0)
(0.065625 0.0390625 0)
(0.0671875 0.0390625 0)
(0.06875 0.0390625 0)
(0.0703125 0.0390625 0)
(0.071875 0.0390625 0)
(0.0734375 0.0390625 0)
(0.075 0.0390625 0)
(0.0765625 0.0390625 0)
(0.078125 0.0390625 0)
(0.0796875 0.0390625 0)
(0.08125 0.0390625 0)
(0.0828125 0.0390625 0)
(0.084375 0.0390625 0)
(0.0859375 0.0390625 0)
(0.0875 0.0390625 0)
(0.0890625 0.0390625 0)
(0.090625 0.0390625 0)
(0.0921875 0.0390625 0)
(0.09375 0.0390625 0)
(0.0953125 0.0390625 0)
(0.096875 0.0390625 0)
(0.0984375 0.0390625 0)
(0.1 0.0390625 0)
(0 0.040625 0)
(0.0015625 0.040625 0)
(0.003125 0.040625 0)
(0.0046875 0.040625 0)
(0.00625 0.040625 0)
(0.0078125 0.040625 0)
(0.009375 0.040625 0)
(0.0109375 0.040625 0)
(0.0125 0.040625 0)
(0.0140625 0.040625 0)
(0.015625 0.040625 0)
(0.0171875 0.040625 0)
(0.01875 0.040625 0)
(0.0203125 0.040625 0)
(0.021875 0.040625 0)
(0.0234375 0.040625 0)
(0.025 0.040625 0)
(0.0265625 0.040625 0)
(0.028125 0.040625 0)
(0.0296875 0.040625 0)
(0.03125 0.040625 0)
(0.0328125 0.040625 0)
(0.034375 0.040625 0)
(0.0359375 0.040625 0)
(0.0375 0.040625 0)
(0.0390625 0.040625 0)
(0.040625 0.040625 0)
(0.0421875 0.040625 0)
(0.04375 0.040625 0)
(0.0453125 0.040625 0)
(0.046875 0.040625 0)
(0.0484375 0.040625 0)
(0.05 0.040625 0)
(0.0515625 0.040625 0)
(0.053125 0.040625 0)
(0.0546875 0.040625 0)
(0.05625 0.040625 0)
(0.0578125 0.040625 0)
(0.059375 0.040625 0)
(0.0609375 0.040625 0)
(0.0625 0.040625 0)
(0.0640625 0.040625 0)
(0.065625 0.040625 0)
(0.0671875 0.040625 0)
(0.06875 0.040625 0)
(0.0703125 0.040625 0)
(0.071875 0.040625 0)
(0.0734375 0.040625 0)
(0.075 0.040625 0)
(0.0765625 0.040625 0)
(0.078125 0.040625 0)
(0.0796875 0.040625 0)
(0.08125 0.040625 0)
(0.0828125 0.040625 0)
(0.084375 0.040625 0)
(0.0859375 0.040625 0)
(0.0875 0.040625 0)
(0.0890625 0.040625 0)
(0.090625 0.040625 0)
(0.0921875 0.040625 0)
(0.09375 0.040625 0)
(0.0953125 0.040625 0)
(0.096875 0.040625 0)
(0.0984375 0.040625 0)
(0.1 0.040625 0)
(0 0.0421875 0)
(0.0015625 0.0421875 0)
(0.003125 0.0421875 0)
(0.0046875 0.0421875 0)
(0.00625 0.0421875 0)
(0.0078125 0.0421875 0)
(0.009375 0.0421875 0)
(0.0109375 0.0421875 0)
(0.0125 0.0421875 0)
(0.0140625 0.0421875 0)
(0.015625 0.0421875 0)
(0.0171875 0.0421875 0)
(0.01875 0.0421875 0)
(0.0203125 0.0421875 0)
(0.021875 0.0421875 0)
(0.0234375 0.0421875 0)
(0.025 0.0421875 0)
(0.0265625 0.0421875 0)
(0.028125 0.0421875 0)
(0.0296875 0.0421875 0)
(0.03125 0.0421875 0)
(0.0328125 0.0421875 0)
(0.034375 0.0421875 0)
(0.0359375 0.0421875 0)
(0.0375 0.0421875 0)
(0.0390625 0.0421875 0)
(0.040625 0.0421875 0)
(0.0421875 0.0421875 0)
(0.04375 0.0421875 0)
(0.0453125 0.0421875 0)
(0.046875 0.0421875 0)
(0.0484375 0.0421875 0)
(0.05 0.0421875 0)
(0.0515625 0.0421875 0)
(0.053125 0.0421875 0)
(0.0546875 0.0421875 0)
(0.05625 0.0421875 0)
(0.0578125 0.0421875 0)
(0.059375 0.0421875 0)
(0.0609375 0.0421875 0)
(0.0625 0.0421875 0)
(0.0640625 0.0421875 0)
(0.065625 0.0421875 0)
(0.0671875 0.0421875 0)
(0.06875 0.0421875 0)
(0.0703125 0.0421875 0)
(0.071875 0.0421875 0)
(0.0734375 0.0421875 0)
(0.075 0.0421875 0)
(0.0765625 0.0421875 0)
(0.078125 0.0421875 0)
(0.0796875 0.0421875 0)
(0.08125 0.0421875 0)
(0.0828125 0.0421875 0)
(0.084375 0.0421875 0)
(0.0859375 0.0421875 0)
(0.0875 0.0421875 0)
(0.0890625 0.0421875 0)
(0.090625 0.0421875 0)
(0.0921875 0.0421875 0)
(0.09375 0.0421875 0)
(0.0953125 0.0421875 0)
(0.096875 0.0421875 0)
(0.0984375 0.0421875 0)
(0.1 0.0421875 0)
(0 0.04375 0)
(0.0015625 0.04375 0)
(0.003125 0.04375 0)
(0.0046875 0.04375 0)
(0.00625 0.04375 0)
(0.0078125 0.04375 0)
(0.009375 0.04375 0)
(0.0109375 0.04375 0)
(0.0125 0.04375 0)
(0.0140625 0.04375 0)
(0.015625 0.04375 0)
(0.0171875 0.04375 0)
(0.01875 0.04375 0)
(0.0203125 0.04375 0)
(0.021875 0.04375 0)
(0.0234375 0.04375 0)
(0.025 0.04375 0)
(0.0265625 0.04375 0)
(0.028125 0.04375 0)
(0.0296875 0.04375 0)
(0.03125 0.04375 0)
(0.0328125 0.04375 0)
(0.034375 0.04375 0)
(0.0359375 0.04375 0)
(0.0375 0.04375 0)
(0.0390625 0.04375 0)
(0.040625 0.04375 0)
(0.0421875 0.04375 0)
(0.04375 0.04375 0)
(0.0453125 0.04375 0)
(0.046875 0.04375 0)
(0.0484375 0.04375 0)
(0.05 0.04375 0)
(0.0515625 0.04375 0)
(0.053125 0.04375 0)
(0.0546875 0.04375 0)
(0.05625 0.04375 0)
(0.0578125 0.04375 0)
(0.059375 0.04375 0)
(0.0609375 0.04375 0)
(0.0625 0.04375 0)
(0.0640625 0.04375 0)
(0.065625 0.04375 0)
(0.0671875 0.04375 0)
(0.06875 0.04375 0)
(0.0703125 0.04375 0)
(0.071875 0.04375 0)
(0.0734375 0.04375 0)
(0.075 0.04375 0)
(0.0765625 0.04375 0)
(0.078125 0.04375 0)
(0.0796875 0.04375 0)
(0.08125 0.04375 0)
(0.0828125 0.04375 0)
(0.084375 0.04375 0)
(0.0859375 0.04375 0)
(0.0875 0.04375 0)
(0.0890625 0.04375 0)
(0.090625 0.04375 0)
(0.0921875 0.04375 0)
(0.09375 0.04375 0)
(0.0953125 0.04375 0)
(0.096875 0.04375 0)
(0.0984375 0.04375 0)
(0.1 0.04375 0)
(0 0.0453125 0)
(0.0015625 0.0453125 0)
(0.003125 0.0453125 0)
(0.0046875 0.0453125 0)
(0.00625 0.0453125 0)
(0.0078125 0.0453125 0)
(0.009375 0.0453125 0)
(0.0109375 0.0453125 0)
(0.0125 0.0453125 0)
(0.0140625 0.0453125 0)
(0.015625 0.0453125 0)
(0.0171875 0.0453125 0)
(0.01875 0.0453125 0)
(0.0203125 0.0453125 0)
(0.021875 0.0453125 0)
(0.0234375 0.0453125 0)
(0.025 0.0453125 0)
(0.0265625 0.0453125 0)
(0.028125 0.0453125 0)
(0.0296875 0.0453125 0)
(0.03125 0.0453125 0)
(0.0328125 0.0453125 0)
(0.034375 0.0453125 0)
(0.0359375 0.0453125 0)
(0.0375 0.0453125 0)
(0.0390625 0.0453125 0)
(0.040625 0.0453125 0)
(0.0421875 0.0453125 0)
(0.04375 0.0453125 0)
(0.0453125 0.0453125 0)
(0.046875 0.0453125 0)
(0.0484375 0.0453125 0)
(0.05 0.0453125 0)
(0.0515625 0.0453125 0)
(0.053125 0.0453125 0)
(0.0546875 0.0453125 0)
(0.05625 0.0453125 0)
(0.0578125 0.0453125 0)
(0.059375 0.0453125 0)
(0.0609375 0.0453125 0)
(0.0625 0.0453125 0)
(0.0640625 0.0453125 0)
(0.065625 0.0453125 0)
(0.0671875 0.0453125 0)
(0.06875 0.0453125 0)
(0.0703125 0.0453125 0)
(0.071875 0.0453125 0)
(0.0734375 0.0453125 0)
(0.075 0.0453125 0)
(0.0765625 0.0453125 0)
(0.078125 0.0453125 0)
(0.0796875 0.0453125 0)
(0.08125 0.0453125 0)
(0.0828125 0.0453125 0)
(0.084375 0.0453125 0)
(0.0859375 0.0453125 0)
(0.0875 0.0453125 0)
(0.0890625 0.0453125 0)
(0.090625 0.0453125 0)
(0.0921875 0.0453125 0)
(0.09375 0.0453125 0)
(0.0953125 0.0453125 0)
(0.096875 0.0453125 0)
(0.0984375 0.0453125 0)
(0.1 0.0453125 0)
(0 0.046875 0)
(0.0015625 0.046875 0)
(0.003125 0.046875 0)
(0.0046875 0.046875 0)
(0.00625 0.046875 0)
(0.0078125 0.046875 0)
(0.009375 0.046875 0)
(0.0109375 0.046875 0)
(0.0125 0.046875 0)
(0.0140625 0.046875 0)
(0.015625 0.046875 0)
(0.0171875 0.046875 0)
(0.01875 0.046875 0)
(0.0203125 0.046875 0)
(0.021875 0.046875 0)
(0.0234375 0.046875 0)
(0.025 0.046875 0)
(0.0265625 0.046875 0)
(0.028125 0.046875 0)
(0.0296875 0.046875 0)
(0.03125 0.046875 0)
(0.0328125 0.046875 0)
(0.034375 0.046875 0)
(0.0359375 0.046875 0)
(0.0375 0.046875 0)
(0.0390625 0.046875 0)
(0.040625 0.046875 0)
(0.0421875 0.046875 0)
(0.04375 0.046875 0)
(0.0453125 0.046875 0)
(0.046875 0.046875 0)
(0.0484375 0.046875 0)
(0.05 0.046875 0)
(0.0515625 0.046875 0)
(0.053125 0.046875 0)
(0.0546875 0.046875 0)
(0.05625 0.046875 0)
(0.0578125 0.046875 0)
(0.059375 0.046875 0)
(0.0609375 0.046875 0)
(0.0625 0.046875 0)
(0.0640625 0.046875 0)
(0.065625 0.046875 0)
(0.0671875 0.046875 0)
(0.06875 0.046875 0)
(0.0703125 0.046875 0)
(0.071875 0.046875 0)
(0.0734375 0.046875 0)
(0.075 0.046875 0)
(0.0765625 0.046875 0)
(0.078125 0.046875 0)
(0.0796875 0.046875 0)
(0.08125 0.046875 0)
(0.0828125 0.046875 0)
(0.084375 0.046875 0)
(0.0859375 0.046875 0)
(0.0875 0.046875 0)
(0.0890625 0.046875 0)
(0.090625 0.046875 0)
(0.0921875 0.046875 0)
(0.09375 0.046875 0)
(0.0953125 0.046875 0)
(0.096875 0.046875 0)
(0.0984375 0.046875 0)
(0.1 0.046875 0)
(0 0.0484375 0)
(0.0015625 0.0484375 0)
(0.003125 0.0484375 0)
(0.0046875 0.0484375 0)
(0.00625 0.0484375 0)
(0.0078125 0.0484375 0)
(0.009375 0.0484375 0)
(0.0109375 0.0484375 0)
(0.0125 0.0484375 0)
(0.0140625 0.0484375 0)
(0.015625 0.0484375 0)
(0.0171875 0.0484375 0)
(0.01875 0.0484375 0)
(0.0203125 0.0484375 0)
(0.021875 0.0484375 0)
(0.0234375 0.0484375 0)
(0.025 0.0484375 0)
(0.0265625 0.0484375 0)
(0.028125 0.0484375 0)
(0.0296875 0.0484375 0)
(0.03125 0.0484375 0)
(0.0328125 0.0484375 0)
(0.034375 0.0484375 0)
(0.0359375 0.0484375 0)
(0.0375 0.0484375 0)
(0.0390625 0.0484375 0)
(0.040625 0.0484375 0)
(0.0421875 0.0484375 0)
(0.04375 0.0484375 0)
(0.0453125 0.0484375 0)
(0.046875 0.0484375 0)
(0.0484375 0.0484375 0)
(0.05 0.0484375 0)
(0.0515625 0.0484375 0)
(0.053125 0.0484375 0)
(0.0546875 0.0484375 0)
(0.05625 0.0484375 0)
(0.0578125 0.0484375 0)
(0.059375 0.0484375 0)
(0.0609375 0.0484375 0)
(0.0625 0.0484375 0)
(0.0640625 0.0484375 0)
(0.065625 0.0484375 0)
(0.0671875 0.0484375 0)
(0.06875 0.0484375 0)
(0.0703125 0.0484375 0)
(0.071875 0.0484375 0)
(0.0734375 0.0484375 0)
(0.075 0.0484375 0)
(0.0765625 0.0484375 0)
(0.078125 0.0484375 0)
(0.0796875 0.0484375 0)
(0.08125 0.0484375 0)
(0.0828125 0.0484375 0)
(0.084375 0.0484375 0)
(0.0859375 0.0484375 0)
(0.0875 0.0484375 0)
(0.0890625 0.0484375 0)
(0.090625 0.0484375 0)
(0.0921875 0.0484375 0)
(0.09375 0.0484375 0)
(0.0953125 0.0484375 0)
(0.096875 0.0484375 0)
(0.0984375 0.0484375 0)
(0.1 0.0484375 0)
(0 0.05 0)
(0.0015625 0.05 0)
(0.003125 0.05 0)
(0.0046875 0.05 0)
(0.00625 0.05 0)
(0.0078125 0.05 0)
(0.009375 0.05 0)
(0.0109375 0.05 0)
(0.0125 0.05 0)
(0.0140625 0.05 0)
(0.015625 0.05 0)
(0.0171875 0.05 0)
(0.01875 0.05 0)
(0.0203125 0.05 0)
(0.021875 0.05 0)
(0.0234375 0.05 0)
(0.025 0.05 0)
(0.0265625 0.05 0)
(0.028125 0.05 0)
(0.0296875 0.05 0)
(0.03125 0.05 0)
(0.0328125 0.05 0)
(0.034375 0.05 0)
(0.0359375 0.05 0)
(0.0375 0.05 0)
(0.0390625 0.05 0)
(0.040625 0.05 0)
(0.0421875 0.05 0)
(0.04375 0.05 0)
(0.0453125 0.05 0)
(0.046875 0.05 0)
(0.0484375 0.05 0)
(0.05 0.05 0)
(0.0515625 0.05 0)
(0.053125 0.05 0)
(0.0546875 0.05 0)
(0.05625 0.05 0)
(0.0578125 0.05 0)
(0.059375 0.05 0)
(0.0609375 0.05 0)
(0.0625 0.05 0)
(0.0640625 0.05 0)
(0.065625 0.05 0)
(0.0671875 0.05 0)
(0.06875 0.05 0)
(0.0703125 0.05 0)
(0.071875 0.05 0)
(0.0734375 0.05 0)
(0.075 0.05 0)
(0.0765625 0.05 0)
(0.078125 0.05 0)
(0.0796875 0.05 0)
(0.08125 0.05 0)
(0.0828125 0.05 0)
(0.084375 0.05 0)
(0.0859375 0.05 0)
(0.0875 0.05 0)
(0.0890625 0.05 0)
(0.090625 0.05 0)
(0.0921875 0.05 0)
(0.09375 0.05 0)
(0.0953125 0.05 0)
(0.096875 0.05 0)
(0.0984375 0.05 0)
(0.1 0.05 0)
(0 0.0515625 0)
(0.0015625 0.0515625 0)
(0.003125 0.0515625 0)
(0.0046875 0.0515625 0)
(0.00625 0.0515625 0)
(0.0078125 0.0515625 0)
(0.009375 0.0515625 0)
(0.0109375 0.0515625 0)
(0.0125 0.0515625 0)
(0.0140625 0.0515625 0)
(0.015625 0.0515625 0)
(0.0171875 0.0515625 0)
(0.01875 0.0515625 0)
(0.0203125 0.0515625 0)
(0.021875 0.0515625 0)
(0.0234375 0.0515625 0)
(0.025 0.0515625 0)
(0.0265625 0.0515625 0)
(0.028125 0.0515625 0)
(0.0296875 0.0515625 0)
(0.03125 0.0515625 0)
(0.0328125 0.0515625 0)
(0.034375 0.0515625 0)
(0.0359375 0.0515625 0)
(0.0375 0.0515625 0)
(0.0390625 0.0515625 0)
(0.040625 0.0515625 0)
(0.0421875 0.0515625 0)
(0.04375 0.0515625 0)
(0.0453125 0.0515625 0)
(0.046875 0.0515625 0)
(0.0484375 0.0515625 0)
(0.05 0.0515625 0)
(0.0515625 0.0515625 0)
(0.053125 0.0515625 0)
(0.0546875 0.0515625 0)
(0.05625 0.0515625 0)
(0.0578125 0.0515625 0)
(0.059375 0.0515625 0)
(0.0609375 0.0515625 0)
(0.0625 0.0515625 0)
(0.0640625 0.0515625 0)
(0.065625 0.0515625 0)
(0.0671875 0.0515625 0)
(0.06875 0.0515625 0)
(0.0703125 0.0515625 0)
(0.071875 0.0515625 0)
(0.0734375 0.0515625 0)
(0.075 0.0515625 0)
(0.0765625 0.0515625 0)
(0.078125 0.0515625 0)
(0.0796875 0.0515625 0)
(0.08125 0.0515625 0)
(0.0828125 0.0515625 0)
(0.084375 0.0515625 0)
(0.0859375 0.0515625 0)
(0.0875 0.0515625 0)
(0.0890625 0.0515625 0)
(0.090625 0.0515625 0)
(0.0921875 0.0515625 0)
(0.09375 0.0515625 0)
(0.0953125 0.0515625 0)
(0.096875 0.0515625 0)
(0.0984375 0.0515625 0)
(0.1 0.0515625 0)
(0 0.053125 0)
(0.0015625 0.053125 0)
(0.003125 0.053125 0)
(0.0046875 0.053125 0)
(0.00625 0.053125 0)
(0.0078125 0.053125 0)
(0.009375 0.053125 0)
(0.0109375 0.053125 0)
(0.0125 0.053125 0)
(0.0140625 0.053125 0)
(0.015625 0.053125 0)
(0.0171875 0.053125 0)
(0.01875 0.053125 0)
(0.0203125 0.053125 0)
(0.021875 0.053125 0)
(0.0234375 0.053125 0)
(0.025 0.053125 0)
(0.0265625 0.053125 0)
(0.028125 0.053125 0)
(0.0296875 0.053125 0)
(0.03125 0.053125 0)
(0.0328125 0.053125 0)
(0.034375 0.053125 0)
(0.0359375 0.053125 0)
(0.0375 0.053125 0)
(0.0390625 0.053125 0)
(0.040625 0.053125 0)
(0.0421875 0.053125 0)
(0.04375 0.053125 0)
(0.0453125 0.053125 0)
(0.046875 0.053125 0)
(0.0484375 0.053125 0)
(0.05 0.053125 0)
(0.0515625 0.053125 0)
(0.053125 0.053125 0)
(0.0546875 0.053125 0)
(0.05625 0.053125 0)
(0.0578125 0.053125 0)
(0.059375 0.053125 0)
(0.0609375 0.053125 0)
(0.0625 0.053125 0)
(0.0640625 0.053125 0)
(0.065625 0.053125 0)
(0.0671875 0.053125 0)
(0.06875 0.053125 0)
(0.0703125 0.053125 0)
(0.071875 0.053125 0)
(0.0734375 0.053125 0)
(0.075 0.053125 0)
(0.0765625 0.053125 0)
(0.078125 0.053125 0)
(0.0796875 0.053125 0)
(0.08125 0.053125 0)
(0.0828125 0.053125 0)
(0.084375 0.053125 0)
(0.0859375 0.053125 0)
(0.0875 0.053125 0)
(0.0890625 0.053125 0)
(0.090625 0.053125 0)
(0.0921875 0.053125 0)
(0.09375 0.053125 0)
(0.0953125 0.053125 0)
(0.096875 0.053125 0)
(0.0984375 0.053125 0)
(0.1 0.053125 0)
(0 0.0546875 0)
(0.0015625 0.0546875 0)
(0.003125 0.0546875 0)
(0.0046875 0.0546875 0)
(0.00625 0.0546875 0)
(0.0078125 0.0546875 0)
(0.009375 0.0546875 0)
(0.0109375 0.0546875 0)
(0.0125 0.0546875 0)
(0.0140625 0.0546875 0)
(0.015625 0.0546875 0)
(0.0171875 0.0546875 0)
(0.01875 0.0546875 0)
(0.0203125 0.0546875 0)
(0.021875 0.0546875 0)
(0.0234375 0.0546875 0)
(0.025 0.0546875 0)
(0.0265625 0.0546875 0)
(0.028125 0.0546875 0)
(0.0296875 0.0546875 0)
(0.03125 0.0546875 0)
(0.0328125 0.0546875 0)
(0.034375 0.0546875 0)
(0.0359375 0.0546875 0)
(0.0375 0.0546875 0)
(0.0390625 0.0546875 0)
(0.040625 0.0546875 0)
(0.0421875 0.0546875 0)
(0.04375 0.0546875 0)
(0.0453125 0.0546875 0)
(0.046875 0.0546875 0)
(0.0484375 0.0546875 0)
(0.05 0.0546875 0)
(0.0515625 0.0546875 0)
(0.053125 0.0546875 0)
(0.0546875 0.0546875 0)
(0.05625 0.0546875 0)
(0.0578125 0.0546875 0)
(0.059375 0.0546875 0)
(0.0609375 0.0546875 0)
(0.0625 0.0546875 0)
(0.0640625 0.0546875 0)
(0.065625 0.0546875 0)
(0.0671875 0.0546875 0)
(0.06875 0.0546875 0)
(0.0703125 0.0546875 0)
(0.071875 0.0546875 0)
(0.0734375 0.0546875 0)
(0.075 0.0546875 0)
(0.0765625 0.0546875 0)
(0.078125 0.0546875 0)
(0.0796875 0.0546875 0)
(0.08125 0.0546875 0)
(0.0828125 0.0546875 0)
(0.084375 0.0546875 0)
(0.0859375 0.0546875 0)
(0.0875 0.0546875 0)
(0.0890625 0.0546875 0)
(0.090625 0.0546875 0)
(0.0921875 0.0546875 0)
(0.09375 0.0546875 0)
(0.0953125 0.0546875 0)
(0.096875 0.0546875 0)
(0.0984375 0.0546875 0)
(0.1 0.0546875 0)
(0 0.05625 0)
(0.0015625 0.05625 0)
(0.003125 0.05625 0)
(0.0046875 0.05625 0)
(0.00625 0.05625 0)
(0.0078125 0.05625 0)
(0.009375 0.05625 0)
(0.0109375 0.05625 0)
(0.0125 0.05625 0)
(0.0140625 0.05625 0)
(0.015625 0.05625 0)
(0.0171875 0.05625 0)
(0.01875 0.05625 0)
(0.0203125 0.05625 0)
(0.021875 0.05625 0)
(0.0234375 0.05625 0)
(0.025 0.05625 0)
(0.0265625 0.05625 0)
(0.028125 0.05625 0)
(0.0296875 0.05625 0)
(0.03125 0.05625 0)
(0.0328125 0.05625 0)
(0.034375 0.05625 0)
(0.0359375 0.05625 0)
(0.0375 0.05625 0)
(0.0390625 0.05625 0)
(0.040625 0.05625 0)
(0.0421875 0.05625 0)
(0.04375 0.05625 0)
(0.0453125 0.05625 0)
(0.046875 0.05625 0)
(0.0484375 0.05625 0)
(0.05 0.05625 0)
(0.0515625 0.05625 0)
(0.053125 0.05625 0)
(0.0546875 0.05625 0)
(0.05625 0.05625 0)
(0.0578125 0.05625 0)
(0.059375 0.05625 0)
(0.0609375 0.05625 0)
(0.0625 0.05625 0)
(0.0640625 0.05625 0)
(0.065625 0.05625 0)
(0.0671875 0.05625 0)
(0.06875 0.05625 0)
(0.0703125 0.05625 0)
(0.071875 0.05625 0)
(0.0734375 0.05625 0)
(0.075 0.05625 0)
(0.0765625 0.05625 0)
(0.078125 0.05625 0)
(0.0796875 0.05625 0)
(0.08125 0.05625 0)
(0.0828125 0.05625 0)
(0.084375 0.05625 0)
(0.0859375 0.05625 0)
(0.0875 0.05625 0)
(0.0890625 0.05625 0)
(0.090625 0.05625 0)
(0.0921875 0.05625 0)
(0.09375 0.05625 0)
(0.0953125 0.05625 0)
(0.096875 0.05625 0)
(0.0984375 0.05625 0)
(0.1 0.05625 0)
(0 0.0578125 0)
(0.0015625 0.0578125 0)
(0.003125 0.0578125 0)
(0.0046875 0.0578125 0)
(0.00625 0.0578125 0)
(0.0078125 0.0578125 0)
(0.009375 0.0578125 0)
(0.0109375 0.0578125 0)
(0.0125 0.0578125 0)
(0.0140625 0.0578125 0)
(0.015625 0.0578125 0)
(0.0171875 0.0578125 0)
(0.01875 0.0578125 0)
(0.0203125 0.0578125 0)
(0.021875 0.0578125 0)
(0.0234375 0.0578125 0)
(0.025 0.0578125 0)
(0.0265625 0.0578125 0)
(0.028125 0.0578125 0)
(0.0296875 0.0578125 0)
(0.03125 0.0578125 0)
(0.0328125 0.0578125 0)
(0.034375 0.0578125 0)
(0.0359375 0.0578125 0)
(0.0375 0.0578125 0)
(0.0390625 0.0578125 0)
(0.040625 0.0578125 0)
(0.0421875 0.0578125 0)
(0.04375 0.0578125 0)
(0.0453125 0.0578125 0)
(0.046875 0.0578125 0)
(0.0484375 0.0578125 0)
(0.05 0.0578125 0)
(0.0515625 0.0578125 0)
(0.053125 0.0578125 0)
(0.0546875 0.0578125 0)
(0.05625 0.0578125 0)
(0.0578125 0.0578125 0)
(0.059375 0.0578125 0)
(0.0609375 0.0578125 0)
(0.0625 0.0578125 0)
(0.0640625 0.0578125 0)
(0.065625 0.0578125 0)
(0.0671875 0.0578125 0)
(0.06875 0.0578125 0)
(0.0703125 0.0578125 0)
(0.071875 0.0578125 0)
(0.0734375 0.0578125 0)
(0.075 0.0578125 0)
(0.0765625 0.0578125 0)
(0.078125 0.0578125 0)
(0.0796875 0.0578125 0)
(0.08125 0.0578125 0)
(0.0828125 0.0578125 0)
(0.084375 0.0578125 0)
(0.0859375 0.0578125 0)
(0.0875 0.0578125 0)
(0.0890625 0.0578125 0)
(0.090625 0.0578125 0)
(0.0921875 0.0578125 0)
(0.09375 0.0578125 0)
(0.0953125 0.0578125 0)
(0.096875 0.0578125 0)
(0.0984375 0.0578125 0)
(0.1 0.0578125 0)
(0 0.059375 0)
(0.0015625 0.059375 0)
(0.003125 0.059375 0)
(0.0046875 0.059375 0)
(0.00625 0.059375 0)
(0.0078125 0.059375 0)
(0.009375 0.059375 0)
(0.0109375 0.059375 0)
(0.0125 0.059375 0)
(0.0140625 0.059375 0)
(0.015625 0.059375 0)
(0.0171875 0.059375 0)
(0.01875 0.059375 0)
(0.0203125 0.059375 0)
(0.021875 0.059375 0)
(0.0234375 0.059375 0)
(0.025 0.059375 0)
(0.0265625 0.059375 0)
(0.028125 0.059375 0)
(0.0296875 0.059375 0)
(0.03125 0.059375 0)
(0.0328125 0.059375 0)
(0.034375 0.059375 0)
(0.0359375 0.059375 0)
(0.0375 0.059375 0)
(0.0390625 0.059375 0)
(0.040625 0.059375 0)
(0.0421875 0.059375 0)
(0.04375 0.059375 0)
(0.0453125 0.059375 0)
(0.046875 0.059375 0)
(0.0484375 0.059375 0)
(0.05 0.059375 0)
(0.0515625 0.059375 0)
(0.053125 0.059375 0)
(0.0546875 0.059375 0)
(0.05625 0.059375 0)
(0.0578125 0.059375 0)
(0.059375 0.059375 0)
(0.0609375 0.059375 0)
(0.0625 0.059375 0)
(0.0640625 0.059375 0)
(0.065625 0.059375 0)
(0.0671875 0.059375 0)
(0.06875 0.059375 0)
(0.0703125 0.059375 0)
(0.071875 0.059375 0)
(0.0734375 0.059375 0)
(0.075 0.059375 0)
(0.0765625 0.059375 0)
(0.078125 0.059375 0)
(0.0796875 0.059375 0)
(0.08125 0.059375 0)
(0.0828125 0.059375 0)
(0.084375 0.059375 0)
(0.0859375 0.059375 0)
(0.0875 0.059375 0)
(0.0890625 0.059375 0)
(0.090625 0.059375 0)
(0.0921875 0.059375 0)
(0.09375 0.059375 0)
(0.0953125 0.059375 0)
(0.096875 0.059375 0)
(0.0984375 0.059375 0)
(0.1 0.059375 0)
(0 0.0609375 0)
(0.0015625 0.0609375 0)
(0.003125 0.0609375 0)
(0.0046875 0.0609375 0)
(0.00625 0.0609375 0)
(0.0078125 0.0609375 0)
(0.009375 0.0609375 0)
(0.0109375 0.0609375 0)
(0.0125 0.0609375 0)
(0.0140625 0.0609375 0)
(0.015625 0.0609375 0)
(0.0171875 0.0609375 0)
(0.01875 0.0609375 0)
(0.0203125 0.0609375 0)
(0.021875 0.0609375 0)
(0.0234375 0.0609375 0)
(0.025 0.0609375 0)
(0.0265625 0.0609375 0)
(0.028125 0.0609375 0)
(0.0296875 0.0609375 0)
(0.03125 0.0609375 0)
(0.0328125 0.0609375 0)
(0.034375 0.0609375 0)
(0.0359375 0.0609375 0)
(0.0375 0.0609375 0)
(0.0390625 0.0609375 0)
(0.040625 0.0609375 0)
(0.0421875 0.0609375 0)
(0.04375 0.0609375 0)
(0.0453125 0.0609375 0)
(0.046875 0.0609375 0)
(0.0484375 0.0609375 0)
(0.05 0.0609375 0)
(0.0515625 0.0609375 0)
(0.053125 0.0609375 0)
(0.0546875 0.0609375 0)
(0.05625 0.0609375 0)
(0.0578125 0.0609375 0)
(0.059375 0.0609375 0)
(0.0609375 0.0609375 0)
(0.0625 0.0609375 0)
(0.0640625 0.0609375 0)
(0.065625 0.0609375 0)
(0.0671875 0.0609375 0)
(0.06875 0.0609375 0)
(0.0703125 0.0609375 0)
(0.071875 0.0609375 0)
(0.0734375 0.0609375 0)
(0.075 0.0609375 0)
(0.0765625 0.0609375 0)
(0.078125 0.0609375 0)
(0.0796875 0.0609375 0)
(0.08125 0.0609375 0)
(0.0828125 0.0609375 0)
(0.084375 0.0609375 0)
(0.0859375 0.0609375 0)
(0.0875 0.0609375 0)
(0.0890625 0.0609375 0)
(0.090625 0.0609375 0)
(0.0921875 0.0609375 0)
(0.09375 0.0609375 0)
(0.0953125 0.0609375 0)
(0.096875 0.0609375 0)
(0.0984375 0.0609375 0)
(0.1 0.0609375 0)
(0 0.0625 0)
(0.0015625 0.0625 0)
(0.003125 0.0625 0)
(0.0046875 0.0625 0)
(0.00625 0.0625 0)
(0.0078125 0.0625 0)
(0.009375 0.0625 0)
(0.0109375 0.0625 0)
(0.0125 0.0625 0)
(0.0140625 0.0625 0)
(0.015625 0.0625 0)
(0.0171875 0.0625 0)
(0.01875 0.0625 0)
(0.0203125 0.0625 0)
(0.021875 0.0625 0)
(0.0234375 0.0625 0)
(0.025 0.0625 0)
(0.0265625 0.0625 0)
(0.028125 0.0625 0)
(0.0296875 0.0625 0)
(0.03125 0.0625 0)
(0.0328125 0.0625 0)
(0.034375 0.0625 0)
(0.0359375 0.0625 0)
(0.0375 0.0625 0)
(0.0390625 0.0625 0)
(0.040625 0.0625 0)
(0.0421875 0.0625 0)
(0.04375 0.0625 0)
(0.0453125 0.0625 0)
(0.046875 0.0625 0)
(0.0484375 0.0625 0)
(0.05 0.0625 0)
(0.0515625 0.0625 0)
(0.053125 0.0625 0)
(0.0546875 0.0625 0)
(0.05625 0.0625 0)
(0.0578125 0.0625 0)
(0.059375 0.0625 0)
(0.0609375 0.0625 0)
(0.0625 0.0625 0)
(0.0640625 0.0625 0)
(0.065625 0.0625 0)
(0.0671875 0.0625 0)
(0.06875 0.0625 0)
(0.0703125 0.0625 0)
(0.071875 0.0625 0)
(0.0734375 0.0625 0)
(0.075 0.0625 0)
(0.0765625 0.0625 0)
(0.078125 0.0625 0)
(0.0796875 0.0625 0)
(0.08125 0.0625 0)
(0.0828125 0.0625 0)
(0.084375 0.0625 0)
(0.0859375 0.0625 0)
(0.0875 0.0625 0)
(0.0890625 0.0625 0)
(0.090625 0.0625 0)
(0.0921875 0.0625 0)
(0.09375 0.0625 0)
(0.0953125 0.0625 0)
(0.096875 0.0625 0)
(0.0984375 0.0625 0)
(0.1 0.0625 0)
(0 0.0640625 0)
(0.0015625 0.0640625 0)
(0.003125 0.0640625 0)
(0.0046875 0.0640625 0)
(0.00625 0.0640625 0)
(0.0078125 0.0640625 0)
(0.009375 0.0640625 0)
(0.0109375 0.0640625 0)
(0.0125 0.0640625 0)
(0.0140625 0.0640625 0)
(0.015625 0.0640625 0)
(0.0171875 0.0640625 0)
(0.01875 0.0640625 0)
(0.0203125 0.0640625 0)
(0.021875 0.0640625 0)
(0.0234375 0.0640625 0)
(0.025 0.0640625 0)
(0.0265625 0.0640625 0)
(0.028125 0.0640625 0)
(0.0296875 0.0640625 0)
(0.03125 0.0640625 0)
(0.0328125 0.0640625 0)
(0.034375 0.0640625 0)
(0.0359375 0.0640625 0)
(0.0375 0.0640625 0)
(0.0390625 0.0640625 0)
(0.040625 0.0640625 0)
(0.0421875 0.0640625 0)
(0.04375 0.0640625 0)
(0.0453125 0.0640625 0)
(0.046875 0.0640625 0)
(0.0484375 0.0640625 0)
(0.05 0.0640625 0)
(0.0515625 0.0640625 0)
(0.053125 0.0640625 0)
(0.0546875 0.0640625 0)
(0.05625 0.0640625 0)
(0.0578125 0.0640625 0)
(0.059375 0.0640625 0)
(0.0609375 0.0640625 0)
(0.0625 0.0640625 0)
(0.0640625 0.0640625 0)
(0.065625 0.0640625 0)
(0.0671875 0.0640625 0)
(0.06875 0.0640625 0)
(0.0703125 0.0640625 0)
(0.071875 0.0640625 0)
(0.0734375 0.0640625 0)
(0.075 0.0640625 0)
(0.0765625 0.0640625 0)
(0.078125 0.0640625 0)
(0.0796875 0.0640625 0)
(0.08125 0.0640625 0)
(0.0828125 0.0640625 0)
(0.084375 0.0640625 0)
(0.0859375 0.0640625 0)
(0.0875 0.0640625 0)
(0.0890625 0.0640625 0)
(0.090625 0.0640625 0)
(0.0921875 0.0640625 0)
(0.09375 0.0640625 0)
(0.0953125 0.0640625 0)
(0.096875 0.0640625 0)
(0.0984375 0.0640625 0)
(0.1 0.0640625 0)
(0 0.065625 0)
(0.0015625 0.065625 0)
(0.003125 0.065625 0)
(0.0046875 0.065625 0)
(0.00625 0.065625 0)
(0.0078125 0.065625 0)
(0.009375 0.065625 0)
(0.0109375 0.065625 0)
(0.0125 0.065625 0)
(0.0140625 0.065625 0)
(0.015625 0.065625 0)
(0.0171875 0.065625 0)
(0.01875 0.065625 0)
(0.0203125 0.065625 0)
(0.021875 0.065625 0)
(0.0234375 0.065625 0)
(0.025 0.065625 0)
(0.0265625 0.065625 0)
(0.028125 0.065625 0)
(0.0296875 0.065625 0)
(0.03125 0.065625 0)
(0.0328125 0.065625 0)
(0.034375 0.065625 0)
(0.0359375 0.065625 0)
(0.0375 0.065625 0)
(0.0390625 0.065625 0)
(0.040625 0.065625 0)
(0.0421875 0.065625 0)
(0.04375 0.065625 0)
(0.0453125 0.065625 0)
(0.046875 0.065625 0)
(0.0484375 0.065625 0)
(0.05 0.065625 0)
(0.0515625 0.065625 0)
(0.053125 0.065625 0)
(0.0546875 0.065625 0)
(0.05625 0.065625 0)
(0.0578125 0.065625 0)
(0.059375 0.065625 0)
(0.0609375 0.065625 0)
(0.0625 0.065625 0)
(0.0640625 0.065625 0)
(0.065625 0.065625 0)
(0.0671875 0.065625 0)
(0.06875 0.065625 0)
(0.0703125 0.065625 0)
(0.071875 0.065625 0)
(0.0734375 0.065625 0)
(0.075 0.065625 0)
(0.0765625 0.065625 0)
(0.078125 0.065625 0)
(0.0796875 0.065625 0)
(0.08125 0.065625 0)
(0.0828125 0.065625 0)
(0.084375 0.065625 0)
(0.0859375 0.065625 0)
(0.0875 0.065625 0)
(0.0890625 0.065625 0)
(0.090625 0.065625 0)
(0.0921875 0.065625 0)
(0.09375 0.065625 0)
(0.0953125 0.065625 0)
(0.096875 0.065625 0)
(0.0984375 0.065625 0)
(0.1 0.065625 0)
(0 0.0671875 0)
(0.0015625 0.0671875 0)
(0.003125 0.0671875 0)
(0.0046875 0.0671875 0)
(0.00625 0.0671875 0)
(0.0078125 0.0671875 0)
(0.009375 0.0671875 0)
(0.0109375 0.0671875 0)
(0.0125 0.0671875 0)
(0.0140625 0.0671875 0)
(0.015625 0.0671875 0)
(0.0171875 0.0671875 0)
(0.01875 0.0671875 0)
(0.0203125 0.0671875 0)
(0.021875 0.0671875 0)
(0.0234375 0.0671875 0)
(0.025 0.0671875 0)
(0.0265625 0.0671875 0)
(0.028125 0.0671875 0)
(0.0296875 0.0671875 0)
(0.03125 0.0671875 0)
(0.0328125 0.0671875 0)
(0.034375 0.0671875 0)
(0.0359375 0.0671875 0)
(0.0375 0.0671875 0)
(0.0390625 0.0671875 0)
(0.040625 0.0671875 0)
(0.0421875 0.0671875 0)
(0.04375 0.0671875 0)
(0.0453125 0.0671875 0)
(0.046875 0.0671875 0)
(0.0484375 0.0671875 0)
(0.05 0.0671875 0)
(0.0515625 0.0671875 0)
(0.053125 0.0671875 0)
(0.0546875 0.0671875 0)
(0.05625 0.0671875 0)
(0.0578125 0.0671875 0)
(0.059375 0.0671875 0)
(0.0609375 0.0671875 0)
(0.0625 0.0671875 0)
(0.0640625 0.0671875 0)
(0.065625 0.0671875 0)
(0.0671875 0.0671875 0)
(0.06875 0.0671875 0)
(0.0703125 0.0671875 0)
(0.071875 0.0671875 0)
(0.0734375 0.0671875 0)
(0.075 0.0671875 0)
(0.0765625 0.0671875 0)
(0.078125 0.0671875 0)
(0.0796875 0.0671875 0)
(0.08125 0.0671875 0)
(0.0828125 0.0671875 0)
(0.084375 0.0671875 0)
(0.0859375 0.0671875 0)
(0.0875 0.0671875 0)
(0.0890625 0.0671875 0)
(0.090625 0.0671875 0)
(0.0921875 0.0671875 0)
(0.09375 0.0671875 0)
(0.0953125 0.0671875 0)
(0.096875 0.0671875 0)
(0.0984375 0.0671875 0)
(0.1 0.0671875 0)
(0 0.06875 0)
(0.0015625 0.06875 0)
(0.003125 0.06875 0)
(0.0046875 0.06875 0)
(0.00625 0.06875 0)
(0.0078125 0.06875 0)
(0.009375 0.06875 0)
(0.0109375 0.06875 0)
(0.0125 0.06875 0)
(0.0140625 0.06875 0)
(0.015625 0.06875 0)
(0.0171875 0.06875 0)
(0.01875 0.06875 0)
(0.0203125 0.06875 0)
(0.021875 0.06875 0)
(0.0234375 0.06875 0)
(0.025 0.06875 0)
(0.0265625 0.06875 0)
(0.028125 0.06875 0)
(0.0296875 0.06875 0)
(0.03125 0.06875 0)
(0.0328125 0.06875 0)
(0.034375 0.06875 0)
(0.0359375 0.06875 0)
(0.0375 0.06875 0)
(0.0390625 0.06875 0)
(0.040625 0.06875 0)
(0.0421875 0.06875 0)
(0.04375 0.06875 0)
(0.0453125 0.06875 0)
(0.046875 0.06875 0)
(0.0484375 0.06875 0)
(0.05 0.06875 0)
(0.0515625 0.06875 0)
(0.053125 0.06875 0)
(0.0546875 0.06875 0)
(0.05625 0.06875 0)
(0.0578125 0.06875 0)
(0.059375 0.06875 0)
(0.0609375 0.06875 0)
(0.0625 0.06875 0)
(0.0640625 0.06875 0)
(0.065625 0.06875 0)
(0.0671875 0.06875 0)
(0.06875 0.06875 0)
(0.0703125 0.06875 0)
(0.071875 0.06875 0)
(0.0734375 0.06875 0)
(0.075 0.06875 0)
(0.0765625 0.06875 0)
(0.078125 0.06875 0)
(0.0796875 0.06875 0)
(0.08125 0.06875 0)
(0.0828125 0.06875 0)
(0.084375 0.06875 0)
(0.0859375 0.06875 0)
(0.0875 0.06875 0)
(0.0890625 0.06875 0)
(0.090625 0.06875 0)
(0.0921875 0.06875 0)
(0.09375 0.06875 0)
(0.0953125 0.06875 0)
(0.096875 0.06875 0)
(0.0984375 0.06875 0)
(0.1 0.06875 0)
(0 0.0703125 0)
(0.0015625 0.0703125 0)
(0.003125 0.0703125 0)
(0.0046875 0.0703125 0)
(0.00625 0.0703125 0)
(0.0078125 0.0703125 0)
(0.009375 0.0703125 0)
(0.0109375 0.0703125 0)
(0.0125 0.0703125 0)
(0.0140625 0.0703125 0)
(0.015625 0.0703125 0)
(0.0171875 0.0703125 0)
(0.01875 0.0703125 0)
(0.0203125 0.0703125 0)
(0.021875 0.0703125 0)
(0.0234375 0.0703125 0)
(0.025 0.0703125 0)
(0.0265625 0.0703125 0)
(0.028125 0.0703125 0)
(0.0296875 0.0703125 0)
(0.03125 0.0703125 0)
(0.0328125 0.0703125 0)
(0.034375 0.0703125 0)
(0.0359375 0.0703125 0)
(0.0375 0.0703125 0)
(0.0390625 0.0703125 0)
(0.040625 0.0703125 0)
(0.0421875 0.0703125 0)
(0.04375 0.0703125 0)
(0.0453125 0.0703125 0)
(0.046875 0.0703125 0)
(0.0484375 0.0703125 0)
(0.05 0.0703125 0)
(0.0515625 0.0703125 0)
(0.053125 0.0703125 0)
(0.0546875 0.0703125 0)
(0.05625 0.0703125 0)
(0.0578125 0.0703125 0)
(0.059375 0.0703125 0)
(0.0609375 0.0703125 0)
(0.0625 0.0703125 0)
(0.0640625 0.0703125 0)
(0.065625 0.0703125 0)
(0.0671875 0.0703125 0)
(0.06875 0.0703125 0)
(0.0703125 0.0703125 0)
(0.071875 0.0703125 0)
(0.0734375 0.0703125 0)
(0.075 0.0703125 0)
(0.0765625 0.0703125 0)
(0.078125 0.0703125 0)
(0.0796875 0.0703125 0)
(0.08125 0.0703125 0)
(0.0828125 0.0703125 0)
(0.084375 0.0703125 0)
(0.0859375 0.0703125 0)
(0.0875 0.0703125 0)
(0.0890625 0.0703125 0)
(0.090625 0.0703125 0)
(0.0921875 0.0703125 0)
(0.09375 0.0703125 0)
(0.0953125 0.0703125 0)
(0.096875 0.0703125 0)
(0.0984375 0.0703125 0)
(0.1 0.0703125 0)
(0 0.071875 0)
(0.0015625 0.071875 0)
(0.003125 0.071875 0)
(0.0046875 0.071875 0)
(0.00625 0.071875 0)
(0.0078125 0.071875 0)
(0.009375 0.071875 0)
(0.0109375 0.071875 0)
(0.0125 0.071875 0)
(0.0140625 0.071875 0)
(0.015625 0.071875 0)
(0.0171875 0.071875 0)
(0.01875 0.071875 0)
(0.0203125 0.071875 0)
(0.021875 0.071875 0)
(0.0234375 0.071875 0)
(0.025 0.071875 0)
(0.0265625 0.071875 0)
(0.028125 0.071875 0)
(0.0296875 0.071875 0)
(0.03125 0.071875 0)
(0.0328125 0.071875 0)
(0.034375 0.071875 0)
(0.0359375 0.071875 0)
(0.0375 0.071875 0)
(0.0390625 0.071875 0)
(0.040625 0.071875 0)
(0.0421875 0.071875 0)
(0.04375 0.071875 0)
(0.0453125 0.071875 0)
(0.046875 0.071875 0)
(0.0484375 0.071875 0)
(0.05 0.071875 0)
(0.0515625 0.071875 0)
(0.053125 0.071875 0)
(0.0546875 0.071875 0)
(0.05625 0.071875 0)
(0.0578125 0.071875 0)
(0.059375 0.071875 0)
(0.0609375 0.071875 0)
(0.0625 0.071875 0)
(0.0640625 0.071875 0)
(0.065625 0.071875 0)
(0.0671875 0.071875 0)
(0.06875 0.071875 0)
(0.0703125 0.071875 0)
(0.071875 0.071875 0)
(0.0734375 0.071875 0)
(0.075 0.071875 0)
(0.0765625 0.071875 0)
(0.078125 0.071875 0)
(0.0796875 0.071875 0)
(0.08125 0.071875 0)
(0.0828125 0.071875 0)
(0.084375 0.071875 0)
(0.0859375 0.071875 0)
(0.0875 0.071875 0)
(0.0890625 0.071875 0)
(0.090625 0.071875 0)
(0.0921875 0.071875 0)
(0.09375 0.071875 0)
(0.0953125 0.071875 0)
(0.096875 0.071875 0)
(0.0984375 0.071875 0)
(0.1 0.071875 0)
(0 0.0734375 0)
(0.0015625 0.0734375 0)
(0.003125 0.0734375 0)
(0.0046875 0.0734375 0)
(0.00625 0.0734375 0)
(0.0078125 0.0734375 0)
(0.009375 0.0734375 0)
(0.0109375 0.0734375 0)
(0.0125 0.0734375 0)
(0.0140625 0.0734375 0)
(0.015625 0.0734375 0)
(0.0171875 0.0734375 0)
(0.01875 0.0734375 0)
(0.0203125 0.0734375 0)
(0.021875 0.0734375 0)
(0.0234375 0.0734375 0)
(0.025 0.0734375 0)
(0.0265625 0.0734375 0)
(0.028125 0.0734375 0)
(0.0296875 0.0734375 0)
(0.03125 0.0734375 0)
(0.0328125 0.0734375 0)
(0.034375 0.0734375 0)
(0.0359375 0.0734375 0)
(0.0375 0.0734375 0)
(0.0390625 0.0734375 0)
(0.040625 0.0734375 0)
(0.0421875 0.0734375 0)
(0.04375 0.0734375 0)
(0.0453125 0.0734375 0)
(0.046875 0.0734375 0)
(0.0484375 0.0734375 0)
(0.05 0.0734375 0)
(0.0515625 0.0734375 0)
(0.053125 0.0734375 0)
(0.0546875 0.0734375 0)
(0.05625 0.0734375 0)
(0.0578125 0.0734375 0)
(0.059375 0.0734375 0)
(0.0609375 0.0734375 0)
(0.0625 0.0734375 0)
(0.0640625 0.0734375 0)
(0.065625 0.0734375 0)
(0.0671875 0.0734375 0)
(0.06875 0.0734375 0)
(0.0703125 0.0734375 0)
(0.071875 0.0734375 0)
(0.0734375 0.0734375 0)
(0.075 0.0734375 0)
(0.0765625 0.0734375 0)
(0.078125 0.0734375 0)
(0.0796875 0.0734375 0)
(0.08125 0.0734375 0)
(0.0828125 0.0734375 0)
(0.084375 0.0734375 0)
(0.0859375 0.0734375 0)
(0.0875 0.0734375 0)
(0.0890625 0.0734375 0)
(0.090625 0.0734375 0)
(0.0921875 0.0734375 0)
(0.09375 0.0734375 0)
(0.0953125 0.0734375 0)
(0.096875 0.0734375 0)
(0.0984375 0.0734375 0)
(0.1 0.0734375 0)
(0 0.075 0)
(0.0015625 0.075 0)
(0.003125 0.075 0)
(0.0046875 0.075 0)
(0.00625 0.075 0)
(0.0078125 0.075 0)
(0.009375 0.075 0)
(0.0109375 0.075 0)
(0.0125 0.075 0)
(0.0140625 0.075 0)
(0.015625 0.075 0)
(0.0171875 0.075 0)
(0.01875 0.075 0)
(0.0203125 0.075 0)
(0.021875 0.075 0)
(0.0234375 0.075 0)
(0.025 0.075 0)
(0.0265625 0.075 0)
(0.028125 0.075 0)
(0.0296875 0.075 0)
(0.03125 0.075 0)
(0.0328125 0.075 0)
(0.034375 0.075 0)
(0.0359375 0.075 0)
(0.0375 0.075 0)
(0.0390625 0.075 0)
(0.040625 0.075 0)
(0.0421875 0.075 0)
(0.04375 0.075 0)
(0.0453125 0.075 0)
(0.046875 0.075 0)
(0.0484375 0.075 0)
(0.05 0.075 0)
(0.0515625 0.075 0)
(0.053125 0.075 0)
(0.0546875 0.075 0)
(0.05625 0.075 0)
(0.0578125 0.075 0)
(0.059375 0.075 0)
(0.0609375 0.075 0)
(0.0625 0.075 0)
(0.0640625 0.075 0)
(0.065625 0.075 0)
(0.0671875 0.075 0)
(0.06875 0.075 0)
(0.0703125 0.075 0)
(0.071875 0.075 0)
(0.0734375 0.075 0)
(0.075 0.075 0)
(0.0765625 0.075 0)
(0.078125 0.075 0)
(0.0796875 0.075 0)
(0.08125 0.075 0)
(0.0828125 0.075 0)
(0.084375 0.075 0)
(0.0859375 0.075 0)
(0.0875 0.075 0)
(0.0890625 0.075 0)
(0.090625 0.075 0)
(0.0921875 0.075 0)
(0.09375 0.075 0)
(0.0953125 0.075 0)
(0.096875 0.075 0)
(0.0984375 0.075 0)
(0.1 0.075 0)
(0 0.0765625 0)
(0.0015625 0.0765625 0)
(0.003125 0.0765625 0)
(0.0046875 0.0765625 0)
(0.00625 0.0765625 0)
(0.0078125 0.0765625 0)
(0.009375 0.0765625 0)
(0.0109375 0.0765625 0)
(0.0125 0.0765625 0)
(0.0140625 0.0765625 0)
(0.015625 0.0765625 0)
(0.0171875 0.0765625 0)
(0.01875 0.0765625 0)
(0.0203125 0.0765625 0)
(0.021875 0.0765625 0)
(0.0234375 0.0765625 0)
(0.025 0.0765625 0)
(0.0265625 0.0765625 0)
(0.028125 0.0765625 0)
(0.0296875 0.0765625 0)
(0.03125 0.0765625 0)
(0.0328125 0.0765625 0)
(0.034375 0.0765625 0)
(0.0359375 0.0765625 0)
(0.0375 0.0765625 0)
(0.0390625 0.0765625 0)
(0.040625 0.0765625 0)
(0.0421875 0.0765625 0)
(0.04375 0.0765625 0)
(0.0453125 0.0765625 0)
(0.046875 0.0765625 0)
(0.0484375 0.0765625 0)
(0.05 0.0765625 0)
(0.0515625 0.0765625 0)
(0.053125 0.0765625 0)
(0.0546875 0.0765625 0)
(0.05625 0.0765625 0)
(0.0578125 0.0765625 0)
(0.059375 0.0765625 0)
(0.0609375 0.0765625 0)
(0.0625 0.0765625 0)
(0.0640625 0.0765625 0)
(0.065625 0.0765625 0)
(0.0671875 0.0765625 0)
(0.06875 0.0765625 0)
(0.0703125 0.0765625 0)
(0.071875 0.0765625 0)
(0.0734375 0.0765625 0)
(0.075 0.0765625 0)
(0.0765625 0.0765625 0)
(0.078125 0.0765625 0)
(0.0796875 0.0765625 0)
(0.08125 0.0765625 0)
(0.0828125 0.0765625 0)
(0.084375 0.0765625 0)
(0.0859375 0.0765625 0)
(0.0875 0.0765625 0)
(0.0890625 0.0765625 0)
(0.090625 0.0765625 0)
(0.0921875 0.0765625 0)
(0.09375 0.0765625 0)
(0.0953125 0.0765625 0)
(0.096875 0.0765625 0)
(0.0984375 0.0765625 0)
(0.1 0.0765625 0)
(0 0.078125 0)
(0.0015625 0.078125 0)
(0.003125 0.078125 0)
(0.0046875 0.078125 0)
(0.00625 0.078125 0)
(0.0078125 0.078125 0)
(0.009375 0.078125 0)
(0.0109375 0.078125 0)
(0.0125 0.078125 0)
(0.0140625 0.078125 0)
(0.015625 0.078125 0)
(0.0171875 0.078125 0)
(0.01875 0.078125 0)
(0.0203125 0.078125 0)
(0.021875 0.078125 0)
(0.0234375 0.078125 0)
(0.025 0.078125 0)
(0.0265625 0.078125 0)
(0.028125 0.078125 0)
(0.0296875 0.078125 0)
(0.03125 0.078125 0)
(0.0328125 0.078125 0)
(0.034375 0.078125 0)
(0.0359375 0.078125 0)
(0.0375 0.078125 0)
(0.0390625 0.078125 0)
(0.040625 0.078125 0)
(0.0421875 0.078125 0)
(0.04375 0.078125 0)
(0.0453125 0.078125 0)
(0.046875 0.078125 0)
(0.0484375 0.078125 0)
(0.05 0.078125 0)
(0.0515625 0.078125 0)
(0.053125 0.078125 0)
(0.0546875 0.078125 0)
(0.05625 0.078125 0)
(0.0578125 0.078125 0)
(0.059375 0.078125 0)
(0.0609375 0.078125 0)
(0.0625 0.078125 0)
(0.0640625 0.078125 0)
(0.065625 0.078125 0)
(0.0671875 0.078125 0)
(0.06875 0.078125 0)
(0.0703125 0.078125 0)
(0.071875 0.078125 0)
(0.0734375 0.078125 0)
(0.075 0.078125 0)
(0.0765625 0.078125 0)
(0.078125 0.078125 0)
(0.0796875 0.078125 0)
(0.08125 0.078125 0)
(0.0828125 0.078125 0)
(0.084375 0.078125 0)
(0.0859375 0.078125 0)
(0.0875 0.078125 0)
(0.0890625 0.078125 0)
(0.090625 0.078125 0)
(0.0921875 0.078125 0)
(0.09375 0.078125 0)
(0.0953125 0.078125 0)
(0.096875 0.078125 0)
(0.0984375 0.078125 0)
(0.1 0.078125 0)
(0 0.0796875 0)
(0.0015625 0.0796875 0)
(0.003125 0.0796875 0)
(0.0046875 0.0796875 0)
(0.00625 0.0796875 0)
(0.0078125 0.0796875 0)
(0.009375 0.0796875 0)
(0.0109375 0.0796875 0)
(0.0125 0.0796875 0)
(0.0140625 0.0796875 0)
(0.015625 0.0796875 0)
(0.0171875 0.0796875 0)
(0.01875 0.0796875 0)
(0.0203125 0.0796875 0)
(0.021875 0.0796875 0)
(0.0234375 0.0796875 0)
(0.025 0.0796875 0)
(0.0265625 0.0796875 0)
(0.028125 0.0796875 0)
(0.0296875 0.0796875 0)
(0.03125 0.0796875 0)
(0.0328125 0.0796875 0)
(0.034375 0.0796875 0)
(0.0359375 0.0796875 0)
(0.0375 0.0796875 0)
(0.0390625 0.0796875 0)
(0.040625 0.0796875 0)
(0.0421875 0.0796875 0)
(0.04375 0.0796875 0)
(0.0453125 0.0796875 0)
(0.046875 0.0796875 0)
(0.0484375 0.0796875 0)
(0.05 0.0796875 0)
(0.0515625 0.0796875 0)
(0.053125 0.0796875 0)
(0.0546875 0.0796875 0)
(0.05625 0.0796875 0)
(0.0578125 0.0796875 0)
(0.059375 0.0796875 0)
(0.0609375 0.0796875 0)
(0.0625 0.0796875 0)
(0.0640625 0.0796875 0)
(0.065625 0.0796875 0)
(0.0671875 0.0796875 0)
(0.06875 0.0796875 0)
(0.0703125 0.0796875 0)
(0.071875 0.0796875 0)
(0.0734375 0.0796875 0)
(0.075 0.0796875 0)
(0.0765625 0.0796875 0)
(0.078125 0.0796875 0)
(0.0796875 0.0796875 0)
(0.08125 0.0796875 0)
(0.0828125 0.0796875 0)
(0.084375 0.0796875 0)
(0.0859375 0.0796875 0)
(0.0875 0.0796875 0)
(0.0890625 0.0796875 0)
(0.090625 0.0796875 0)
(0.0921875 0.0796875 0)
(0.09375 0.0796875 0)
(0.0953125 0.0796875 0)
(0.096875 0.0796875 0)
(0.0984375 0.0796875 0)
(0.1 0.0796875 0)
(0 0.08125 0)
(0.0015625 0.08125 0)
(0.003125 0.08125 0)
(0.0046875 0.08125 0)
(0.00625 0.08125 0)
(0.0078125 0.08125 0)
(0.009375 0.08125 0)
(0.0109375 0.08125 0)
(0.0125 0.08125 0)
(0.0140625 0.08125 0)
(0.015625 0.08125 0)
(0.0171875 0.08125 0)
(0.01875 0.08125 0)
(0.0203125 0.08125 0)
(0.021875 0.08125 0)
(0.0234375 0.08125 0)
(0.025 0.08125 0)
(0.0265625 0.08125 0)
(0.028125 0.08125 0)
(0.0296875 0.08125 0)
(0.03125 0.08125 0)
(0.0328125 0.08125 0)
(0.034375 0.08125 0)
(0.0359375 0.08125 0)
(0.0375 0.08125 0)
(0.0390625 0.08125 0)
(0.040625 0.08125 0)
(0.0421875 0.08125 0)
(0.04375 0.08125 0)
(0.0453125 0.08125 0)
(0.046875 0.08125 0)
(0.0484375 0.08125 0)
(0.05 0.08125 0)
(0.0515625 0.08125 0)
(0.053125 0.08125 0)
(0.0546875 0.08125 0)
(0.05625 0.08125 0)
(0.0578125 0.08125 0)
(0.059375 0.08125 0)
(0.0609375 0.08125 0)
(0.0625 0.08125 0)
(0.0640625 0.08125 0)
(0.065625 0.08125 0)
(0.0671875 0.08125 0)
(0.06875 0.08125 0)
(0.0703125 0.08125 0)
(0.071875 0.08125 0)
(0.0734375 0.08125 0)
(0.075 0.08125 0)
(0.0765625 0.08125 0)
(0.078125 0.08125 0)
(0.0796875 0.08125 0)
(0.08125 0.08125 0)
(0.0828125 0.08125 0)
(0.084375 0.08125 0)
(0.0859375 0.08125 0)
(0.0875 0.08125 0)
(0.0890625 0.08125 0)
(0.090625 0.08125 0)
(0.0921875 0.08125 0)
(0.09375 0.08125 0)
(0.0953125 0.08125 0)
(0.096875 0.08125 0)
(0.0984375 0.08125 0)
(0.1 0.08125 0)
(0 0.0828125 0)
(0.0015625 0.0828125 0)
(0.003125 0.0828125 0)
(0.0046875 0.0828125 0)
(0.00625 0.0828125 0)
(0.0078125 0.0828125 0)
(0.009375 0.0828125 0)
(0.0109375 0.0828125 0)
(0.0125 0.0828125 0)
(0.0140625 0.0828125 0)
(0.015625 0.0828125 0)
(0.0171875 0.0828125 0)
(0.01875 0.0828125 0)
(0.0203125 0.0828125 0)
(0.021875 0.0828125 0)
(0.0234375 0.0828125 0)
(0.025 0.0828125 0)
(0.0265625 0.0828125 0)
(0.028125 0.0828125 0)
(0.0296875 0.0828125 0)
(0.03125 0.0828125 0)
(0.0328125 0.0828125 0)
(0.034375 0.0828125 0)
(0.0359375 0.0828125 0)
(0.0375 0.0828125 0)
(0.0390625 0.0828125 0)
(0.040625 0.0828125 0)
(0.0421875 0.0828125 0)
(0.04375 0.0828125 0)
(0.0453125 0.0828125 0)
(0.046875 0.0828125 0)
(0.0484375 0.0828125 0)
(0.05 0.0828125 0)
(0.0515625 0.0828125 0)
(0.053125 0.0828125 0)
(0.0546875 0.0828125 0)
(0.05625 0.0828125 0)
(0.0578125 0.0828125 0)
(0.059375 0.0828125 0)
(0.0609375 0.0828125 0)
(0.0625 0.0828125 0)
(0.0640625 0.0828125 0)
(0.065625 0.0828125 0)
(0.0671875 0.0828125 0)
(0.06875 0.0828125 0)
(0.0703125 0.0828125 0)
(0.071875 0.0828125 0)
(0.0734375 0.0828125 0)
(0.075 0.0828125 0)
(0.0765625 0.0828125 0)
(0.078125 0.0828125 0)
(0.0796875 0.0828125 0)
(0.08125 0.0828125 0)
(0.0828125 0.0828125 0)
(0.084375 0.0828125 0)
(0.0859375 0.0828125 0)
(0.0875 0.0828125 0)
(0.0890625 0.0828125 0)
(0.090625 0.0828125 0)
(0.0921875 0.0828125 0)
(0.09375 0.0828125 0)
(0.0953125 0.0828125 0)
(0.096875 0.0828125 0)
(0.0984375 0.0828125 0)
(0.1 0.0828125 0)
(0 0.084375 0)
(0.0015625 0.084375 0)
(0.003125 0.084375 0)
(0.0046875 0.084375 0)
(0.00625 0.084375 0)
(0.0078125 0.084375 0)
(0.009375 0.084375 0)
(0.0109375 0.084375 0)
(0.0125 0.084375 0)
(0.0140625 0.084375 0)
(0.015625 0.084375 0)
(0.0171875 0.084375 0)
(0.01875 0.084375 0)
(0.0203125 0.084375 0)
(0.021875 0.084375 0)
(0.0234375 0.084375 0)
(0.025 0.084375 0)
(0.0265625 0.084375 0)
(0.028125 0.084375 0)
(0.0296875 0.084375 0)
(0.03125 0.084375 0)
(0.0328125 0.084375 0)
(0.034375 0.084375 0)
(0.0359375 0.084375 0)
(0.0375 0.084375 0)
(0.0390625 0.084375 0)
(0.040625 0.084375 0)
(0.0421875 0.084375 0)
(0.04375 0.084375 0)
(0.0453125 0.084375 0)
(0.046875 0.084375 0)
(0.0484375 0.084375 0)
(0.05 0.084375 0)
(0.0515625 0.084375 0)
(0.053125 0.084375 0)
(0.0546875 0.084375 0)
(0.05625 0.084375 0)
(0.0578125 0.084375 0)
(0.059375 0.084375 0)
(0.0609375 0.084375 0)
(0.0625 0.084375 0)
(0.0640625 0.084375 0)
(0.065625 0.084375 0)
(0.0671875 0.084375 0)
(0.06875 0.084375 0)
(0.0703125 0.084375 0)
(0.071875 0.084375 0)
(0.0734375 0.084375 0)
(0.075 0.084375 0)
(0.0765625 0.084375 0)
(0.078125 0.084375 0)
(0.0796875 0.084375 0)
(0.08125 0.084375 0)
(0.0828125 0.084375 0)
(0.084375 0.084375 0)
(0.0859375 0.084375 0)
(0.0875 0.084375 0)
(0.0890625 0.084375 0)
(0.090625 0.084375 0)
(0.0921875 0.084375 0)
(0.09375 0.084375 0)
(0.0953125 0.084375 0)
(0.096875 0.084375 0)
(0.0984375 0.084375 0)
(0.1 0.084375 0)
(0 0.0859375 0)
(0.0015625 0.0859375 0)
(0.003125 0.0859375 0)
(0.0046875 0.0859375 0)
(0.00625 0.0859375 0)
(0.0078125 0.0859375 0)
(0.009375 0.0859375 0)
(0.0109375 0.0859375 0)
(0.0125 0.0859375 0)
(0.0140625 0.0859375 0)
(0.015625 0.0859375 0)
(0.0171875 0.0859375 0)
(0.01875 0.0859375 0)
(0.0203125 0.0859375 0)
(0.021875 0.0859375 0)
(0.0234375 0.0859375 0)
(0.025 0.0859375 0)
(0.0265625 0.0859375 0)
(0.028125 0.0859375 0)
(0.0296875 0.0859375 0)
(0.03125 0.0859375 0)
(0.0328125 0.0859375 0)
(0.034375 0.0859375 0)
(0.0359375 0.0859375 0)
(0.0375 0.0859375 0)
(0.0390625 0.0859375 0)
(0.040625 0.0859375 0)
(0.0421875 0.0859375 0)
(0.04375 0.0859375 0)
(0.0453125 0.0859375 0)
(0.046875 0.0859375 0)
(0.0484375 0.0859375 0)
(0.05 0.0859375 0)
(0.0515625 0.0859375 0)
(0.053125 0.0859375 0)
(0.0546875 0.0859375 0)
(0.05625 0.0859375 0)
(0.0578125 0.0859375 0)
(0.059375 0.0859375 0)
(0.0609375 0.0859375 0)
(0.0625 0.0859375 0)
(0.0640625 0.0859375 0)
(0.065625 0.0859375 0)
(0.0671875 0.0859375 0)
(0.06875 0.0859375 0)
(0.0703125 0.0859375 0)
(0.071875 0.0859375 0)
(0.0734375 0.0859375 0)
(0.075 0.0859375 0)
(0.0765625 0.0859375 0)
(0.078125 0.0859375 0)
(0.0796875 0.0859375 0)
(0.08125 0.0859375 0)
(0.0828125 0.0859375 0)
(0.084375 0.0859375 0)
(0.0859375 0.0859375 0)
(0.0875 0.0859375 0)
(0.0890625 0.0859375 0)
(0.090625 0.0859375 0)
(0.0921875 0.0859375 0)
(0.09375 0.0859375 0)
(0.0953125 0.0859375 0)
(0.096875 0.0859375 0)
(0.0984375 0.0859375 0)
(0.1 0.0859375 0)
(0 0.0875 0)
(0.0015625 0.0875 0)
(0.003125 0.0875 0)
(0.0046875 0.0875 0)
(0.00625 0.0875 0)
(0.0078125 0.0875 0)
(0.009375 0.0875 0)
(0.0109375 0.0875 0)
(0.0125 0.0875 0)
(0.0140625 0.0875 0)
(0.015625 0.0875 0)
(0.0171875 0.0875 0)
(0.01875 0.0875 0)
(0.0203125 0.0875 0)
(0.021875 0.0875 0)
(0.0234375 0.0875 0)
(0.025 0.0875 0)
(0.0265625 0.0875 0)
(0.028125 0.0875 0)
(0.0296875 0.0875 0)
(0.03125 0.0875 0)
(0.0328125 0.0875 0)
(0.034375 0.0875 0)
(0.0359375 0.0875 0)
(0.0375 0.0875 0)
(0.0390625 0.0875 0)
(0.040625 0.0875 0)
(0.0421875 0.0875 0)
(0.04375 0.0875 0)
(0.0453125 0.0875 0)
(0.046875 0.0875 0)
(0.0484375 0.0875 0)
(0.05 0.0875 0)
(0.0515625 0.0875 0)
(0.053125 0.0875 0)
(0.0546875 0.0875 0)
(0.05625 0.0875 0)
(0.0578125 0.0875 0)
(0.059375 0.0875 0)
(0.0609375 0.0875 0)
(0.0625 0.0875 0)
(0.0640625 0.0875 0)
(0.065625 0.0875 0)
(0.0671875 0.0875 0)
(0.06875 0.0875 0)
(0.0703125 0.0875 0)
(0.071875 0.0875 0)
(0.0734375 0.0875 0)
(0.075 0.0875 0)
(0.0765625 0.0875 0)
(0.078125 0.0875 0)
(0.0796875 0.0875 0)
(0.08125 0.0875 0)
(0.0828125 0.0875 0)
(0.084375 0.0875 0)
(0.0859375 0.0875 0)
(0.0875 0.0875 0)
(0.0890625 0.0875 0)
(0.090625 0.0875 0)
(0.0921875 0.0875 0)
(0.09375 0.0875 0)
(0.0953125 0.0875 0)
(0.096875 0.0875 0)
(0.0984375 0.0875 0)
(0.1 0.0875 0)
(0 0.0890625 0)
(0.0015625 0.0890625 0)
(0.003125 0.0890625 0)
(0.0046875 0.0890625 0)
(0.00625 0.0890625 0)
(0.0078125 0.0890625 0)
(0.009375 0.0890625 0)
(0.0109375 0.0890625 0)
(0.0125 0.0890625 0)
(0.0140625 0.0890625 0)
(0.015625 0.0890625 0)
(0.0171875 0.0890625 0)
(0.01875 0.0890625 0)
(0.0203125 0.0890625 0)
(0.021875 0.0890625 0)
(0.0234375 0.0890625 0)
(0.025 0.0890625 0)
(0.0265625 0.0890625 0)
(0.028125 0.0890625 0)
(0.0296875 0.0890625 0)
(0.03125 0.0890625 0)
(0.0328125 0.0890625 0)
(0.034375 0.0890625 0)
(0.0359375 0.0890625 0)
(0.0375 0.0890625 0)
(0.0390625 0.0890625 0)
(0.040625 0.0890625 0)
(0.0421875 0.0890625 0)
(0.04375 0.0890625 0)
(0.0453125 0.0890625 0)
(0.046875 0.0890625 0)
(0.0484375 0.0890625 0)
(0.05 0.0890625 0)
(0.0515625 0.0890625 0)
(0.053125 0.0890625 0)
(0.0546875 0.0890625 0)
(0.05625 0.0890625 0)
(0.0578125 0.0890625 0)
(0.059375 0.0890625 0)
(0.0609375 0.0890625 0)
(0.0625 0.0890625 0)
(0.0640625 0.0890625 0)
(0.065625 0.0890625 0)
(0.0671875 0.0890625 0)
(0.06875 0.0890625 0)
(0.0703125 0.0890625 0)
(0.071875 0.0890625 0)
(0.0734375 0.0890625 0)
(0.075 0.0890625 0)
(0.0765625 0.0890625 0)
(0.078125 0.0890625 0)
(0.0796875 0.0890625 0)
(0.08125 0.0890625 0)
(0.0828125 0.0890625 0)
(0.084375 0.0890625 0)
(0.0859375 0.0890625 0)
(0.0875 0.0890625 0)
(0.0890625 0.0890625 0)
(0.090625 0.0890625 0)
(0.0921875 0.0890625 0)
(0.09375 0.0890625 0)
(0.0953125 0.0890625 0)
(0.096875 0.0890625 0)
(0.0984375 0.0890625 0)
(0.1 0.0890625 0)
(0 0.090625 0)
(0.0015625 0.090625 0)
(0.003125 0.090625 0)
(0.0046875 0.090625 0)
(0.00625 0.090625 0)
(0.0078125 0.090625 0)
(0.009375 0.090625 0)
(0.0109375 0.090625 0)
(0.0125 0.090625 0)
(0.0140625 0.090625 0)
(0.015625 0.090625 0)
(0.0171875 0.090625 0)
(0.01875 0.090625 0)
(0.0203125 0.090625 0)
(0.021875 0.090625 0)
(0.0234375 0.090625 0)
(0.025 0.090625 0)
(0.0265625 0.090625 0)
(0.028125 0.090625 0)
(0.0296875 0.090625 0)
(0.03125 0.090625 0)
(0.0328125 0.090625 0)
(0.034375 0.090625 0)
(0.0359375 0.090625 0)
(0.0375 0.090625 0)
(0.0390625 0.090625 0)
(0.040625 0.090625 0)
(0.0421875 0.090625 0)
(0.04375 0.090625 0)
(0.0453125 0.090625 0)
(0.046875 0.090625 0)
(0.0484375 0.090625 0)
(0.05 0.090625 0)
(0.0515625 0.090625 0)
(0.053125 0.090625 0)
(0.0546875 0.090625 0)
(0.05625 0.090625 0)
(0.0578125 0.090625 0)
(0.059375 0.090625 0)
(0.0609375 0.090625 0)
(0.0625 0.090625 0)
(0.0640625 0.090625 0)
(0.065625 0.090625 0)
(0.0671875 0.090625 0)
(0.06875 0.090625 0)
(0.0703125 0.090625 0)
(0.071875 0.090625 0)
(0.0734375 0.090625 0)
(0.075 0.090625 0)
(0.0765625 0.090625 0)
(0.078125 0.090625 0)
(0.0796875 0.090625 0)
(0.08125 0.090625 0)
(0.0828125 0.090625 0)
(0.084375 0.090625 0)
(0.0859375 0.090625 0)
(0.0875 0.090625 0)
(0.0890625 0.090625 0)
(0.090625 0.090625 0)
(0.0921875 0.090625 0)
(0.09375 0.090625 0)
(0.0953125 0.090625 0)
(0.096875 0.090625 0)
(0.0984375 0.090625 0)
(0.1 0.090625 0)
(0 0.0921875 0)
(0.0015625 0.0921875 0)
(0.003125 0.0921875 0)
(0.0046875 0.0921875 0)
(0.00625 0.0921875 0)
(0.0078125 0.0921875 0)
(0.009375 0.0921875 0)
(0.0109375 0.0921875 0)
(0.0125 0.0921875 0)
(0.0140625 0.0921875 0)
(0.015625 0.0921875 0)
(0.0171875 0.0921875 0)
(0.01875 0.0921875 0)
(0.0203125 0.0921875 0)
(0.021875 0.0921875 0)
(0.0234375 0.0921875 0)
(0.025 0.0921875 0)
(0.0265625 0.0921875 0)
(0.028125 0.0921875 0)
(0.0296875 0.0921875 0)
(0.03125 0.0921875 0)
(0.0328125 0.0921875 0)
(0.034375 0.0921875 0)
(0.0359375 0.0921875 0)
(0.0375 0.0921875 0)
(0.0390625 0.0921875 0)
(0.040625 0.0921875 0)
(0.0421875 0.0921875 0)
(0.04375 0.0921875 0)
(0.0453125 0.0921875 0)
(0.046875 0.0921875 0)
(0.0484375 0.0921875 0)
(0.05 0.0921875 0)
(0.0515625 0.0921875 0)
(0.053125 0.0921875 0)
(0.0546875 0.0921875 0)
(0.05625 0.0921875 0)
(0.0578125 0.0921875 0)
(0.059375 0.0921875 0)
(0.0609375 0.0921875 0)
(0.0625 0.0921875 0)
(0.0640625 0.0921875 0)
(0.065625 0.0921875 0)
(0.0671875 0.0921875 0)
(0.06875 0.0921875 0)
(0.0703125 0.0921875 0)
(0.071875 0.0921875 0)
(0.0734375 0.0921875 0)
(0.075 0.0921875 0)
(0.0765625 0.0921875 0)
(0.078125 0.0921875 0)
(0.0796875 0.0921875 0)
(0.08125 0.0921875 0)
(0.0828125 0.0921875 0)
(0.084375 0.0921875 0)
(0.0859375 0.0921875 0)
(0.0875 0.0921875 0)
(0.0890625 0.0921875 0)
(0.090625 0.0921875 0)
(0.0921875 0.0921875 0)
(0.09375 0.0921875 0)
(0.0953125 0.0921875 0)
(0.096875 0.0921875 0)
(0.0984375 0.0921875 0)
(0.1 0.0921875 0)
(0 0.09375 0)
(0.0015625 0.09375 0)
(0.003125 0.09375 0)
(0.0046875 0.09375 0)
(0.00625 0.09375 0)
(0.0078125 0.09375 0)
(0.009375 0.09375 0)
(0.0109375 0.09375 0)
(0.0125 0.09375 0)
(0.0140625 0.09375 0)
(0.015625 0.09375 0)
(0.0171875 0.09375 0)
(0.01875 0.09375 0)
(0.0203125 0.09375 0)
(0.021875 0.09375 0)
(0.0234375 0.09375 0)
(0.025 0.09375 0)
(0.0265625 0.09375 0)
(0.028125 0.09375 0)
(0.0296875 0.09375 0)
(0.03125 0.09375 0)
(0.0328125 0.09375 0)
(0.034375 0.09375 0)
(0.0359375 0.09375 0)
(0.0375 0.09375 0)
(0.0390625 0.09375 0)
(0.040625 0.09375 0)
(0.0421875 0.09375 0)
(0.04375 0.09375 0)
(0.0453125 0.09375 0)
(0.046875 0.09375 0)
(0.0484375 0.09375 0)
(0.05 0.09375 0)
(0.0515625 0.09375 0)
(0.053125 0.09375 0)
(0.0546875 0.09375 0)
(0.05625 0.09375 0)
(0.0578125 0.09375 0)
(0.059375 0.09375 0)
(0.0609375 0.09375 0)
(0.0625 0.09375 0)
(0.0640625 0.09375 0)
(0.065625 0.09375 0)
(0.0671875 0.09375 0)
(0.06875 0.09375 0)
(0.0703125 0.09375 0)
(0.071875 0.09375 0)
(0.0734375 0.09375 0)
(0.075 0.09375 0)
(0.0765625 0.09375 0)
(0.078125 0.09375 0)
(0.0796875 0.09375 0)
(0.08125 0.09375 0)
(0.0828125 0.09375 0)
(0.084375 0.09375 0)
(0.0859375 0.09375 0)
(0.0875 0.09375 0)
(0.0890625 0.09375 0)
(0.090625 0.09375 0)
(0.0921875 0.09375 0)
(0.09375 0.09375 0)
(0.0953125 0.09375 0)
(0.096875 0.09375 0)
(0.0984375 0.09375 0)
(0.1 0.09375 0)
(0 0.0953125 0)
(0.0015625 0.0953125 0)
(0.003125 0.0953125 0)
(0.0046875 0.0953125 0)
(0.00625 0.0953125 0)
(0.0078125 0.0953125 0)
(0.009375 0.0953125 0)
(0.0109375 0.0953125 0)
(0.0125 0.0953125 0)
(0.0140625 0.0953125 0)
(0.015625 0.0953125 0)
(0.0171875 0.0953125 0)
(0.01875 0.0953125 0)
(0.0203125 0.0953125 0)
(0.021875 0.0953125 0)
(0.0234375 0.0953125 0)
(0.025 0.0953125 0)
(0.0265625 0.0953125 0)
(0.028125 0.0953125 0)
(0.0296875 0.0953125 0)
(0.03125 0.0953125 0)
(0.0328125 0.0953125 0)
(0.034375 0.0953125 0)
(0.0359375 0.0953125 0)
(0.0375 0.0953125 0)
(0.0390625 0.0953125 0)
(0.040625 0.0953125 0)
(0.0421875 0.0953125 0)
(0.04375 0.0953125 0)
(0.0453125 0.0953125 0)
(0.046875 0.0953125 0)
(0.0484375 0.0953125 0)
(0.05 0.0953125 0)
(0.0515625 0.0953125 0)
(0.053125 0.0953125 0)
(0.0546875 0.0953125 0)
(0.05625 0.0953125 0)
(0.0578125 0.0953125 0)
(0.059375 0.0953125 0)
(0.0609375 0.0953125 0)
(0.0625 0.0953125 0)
(0.0640625 0.0953125 0)
(0.065625 0.0953125 0)
(0.0671875 0.0953125 0)
(0.06875 0.0953125 0)
(0.0703125 0.0953125 0)
(0.071875 0.0953125 0)
(0.0734375 0.0953125 0)
(0.075 0.0953125 0)
(0.0765625 0.0953125 0)
(0.078125 0.0953125 0)
(0.0796875 0.0953125 0)
(0.08125 0.0953125 0)
(0.0828125 0.0953125 0)
(0.084375 0.0953125 0)
(0.0859375 0.0953125 0)
(0.0875 0.0953125 0)
(0.0890625 0.0953125 0)
(0.090625 0.0953125 0)
(0.0921875 0.0953125 0)
(0.09375 0.0953125 0)
(0.0953125 0.0953125 0)
(0.096875 0.0953125 0)
(0.0984375 0.0953125 0)
(0.1 0.0953125 0)
(0 0.096875 0)
(0.0015625 0.096875 0)
(0.003125 0.096875 0)
(0.0046875 0.096875 0)
(0.00625 0.096875 0)
(0.0078125 0.096875 0)
(0.009375 0.096875 0)
(0.0109375 0.096875 0)
(0.0125 0.096875 0)
(0.0140625 0.096875 0)
(0.015625 0.096875 0)
(0.0171875 0.096875 0)
(0.01875 0.096875 0)
(0.0203125 0.096875 0)
(0.021875 0.096875 0)
(0.0234375 0.096875 0)
(0.025 0.096875 0)
(0.0265625 0.096875 0)
(0.028125 0.096875 0)
(0.0296875 0.096875 0)
(0.03125 0.096875 0)
(0.0328125 0.096875 0)
(0.034375 0.096875 0)
(0.0359375 0.096875 0)
(0.0375 0.096875 0)
(0.0390625 0.096875 0)
(0.040625 0.096875 0)
(0.0421875 0.096875 0)
(0.04375 0.096875 0)
(0.0453125 0.096875 0)
(0.046875 0.096875 0)
(0.0484375 0.096875 0)
(0.05 0.096875 0)
(0.0515625 0.096875 0)
(0.053125 0.096875 0)
(0.0546875 0.096875 0)
(0.05625 0.096875 0)
(0.0578125 0.096875 0)
(0.059375 0.096875 0)
(0.0609375 0.096875 0)
(0.0625 0.096875 0)
(0.0640625 0.096875 0)
(0.065625 0.096875 0)
(0.0671875 0.096875 0)
(0.06875 0.096875 0)
(0.0703125 0.096875 0)
(0.071875 0.096875 0)
(0.0734375 0.096875 0)
(0.075 0.096875 0)
(0.0765625 0.096875 0)
(0.078125 0.096875 0)
(0.0796875 0.096875 0)
(0.08125 0.096875 0)
(0.0828125 0.096875 0)
(0.084375 0.096875 0)
(0.0859375 0.096875 0)
(0.0875 0.096875 0)
(0.0890625 0.096875 0)
(0.090625 0.096875 0)
(0.0921875 0.096875 0)
(0.09375 0.096875 0)
(0.0953125 0.096875 0)
(0.096875 0.096875 0)
(0.0984375 0.096875 0)
(0.1 0.096875 0)
(0 0.0984375 0)
(0.0015625 0.0984375 0)
(0.003125 0.0984375 0)
(0.0046875 0.0984375 0)
(0.00625 0.0984375 0)
(0.0078125 0.0984375 0)
(0.009375 0.0984375 0)
(0.0109375 0.0984375 0)
(0.0125 0.0984375 0)
(0.0140625 0.0984375 0)
(0.015625 0.0984375 0)
(0.0171875 0.0984375 0)
(0.01875 0.0984375 0)
(0.0203125 0.0984375 0)
(0.021875 0.0984375 0)
(0.0234375 0.0984375 0)
(0.025 0.0984375 0)
(0.0265625 0.0984375 0)
(0.028125 0.0984375 0)
(0.0296875 0.0984375 0)
(0.03125 0.0984375 0)
(0.0328125 0.0984375 0)
(0.034375 0.0984375 0)
(0.0359375 0.0984375 0)
(0.0375 0.0984375 0)
(0.0390625 0.0984375 0)
(0.040625 0.0984375 0)
(0.0421875 0.0984375 0)
(0.04375 0.0984375 0)
(0.0453125 0.0984375 0)
(0.046875 0.0984375 0)
(0.0484375 0.0984375 0)
(0.05 0.0984375 0)
(0.0515625 0.0984375 0)
(0.053125 0.0984375 0)
(0.0546875 0.0984375 0)
(0.05625 0.0984375 0)
(0.0578125 0.0984375 0)
(0.059375 0.0984375 0)
(0.0609375 0.0984375 0)
(0.0625 0.0984375 0)
(0.0640625 0.0984375 0)
(0.065625 0.0984375 0)
(0.0671875 0.0984375 0)
(0.06875 0.0984375 0)
(0.0703125 0.0984375 0)
(0.071875 0.0984375 0)
(0.0734375 0.0984375 0)
(0.075 0.0984375 0)
(0.0765625 0.0984375 0)
(0.078125 0.0984375 0)
(0.0796875 0.0984375 0)
(0.08125 0.0984375 0)
(0.0828125 0.0984375 0)
(0.084375 0.0984375 0)
(0.0859375 0.0984375 0)
(0.0875 0.0984375 0)
(0.0890625 0.0984375 0)
(0.090625 0.0984375 0)
(0.0921875 0.0984375 0)
(0.09375 0.0984375 0)
(0.0953125 0.0984375 0)
(0.096875 0.0984375 0)
(0.0984375 0.0984375 0)
(0.1 0.0984375 0)
(0 0.1 0)
(0.0015625 0.1 0)
(0.003125 0.1 0)
(0.0046875 0.1 0)
(0.00625 0.1 0)
(0.0078125 0.1 0)
(0.009375 0.1 0)
(0.0109375 0.1 0)
(0.0125 0.1 0)
(0.0140625 0.1 0)
(0.015625 0.1 0)
(0.0171875 0.1 0)
(0.01875 0.1 0)
(0.0203125 0.1 0)
(0.021875 0.1 0)
(0.0234375 0.1 0)
(0.025 0.1 0)
(0.0265625 0.1 0)
(0.028125 0.1 0)
(0.0296875 0.1 0)
(0.03125 0.1 0)
(0.0328125 0.1 0)
(0.034375 0.1 0)
(0.0359375 0.1 0)
(0.0375 0.1 0)
(0.0390625 0.1 0)
(0.040625 0.1 0)
(0.0421875 0.1 0)
(0.04375 0.1 0)
(0.0453125 0.1 0)
(0.046875 0.1 0)
(0.0484375 0.1 0)
(0.05 0.1 0)
(0.0515625 0.1 0)
(0.053125 0.1 0)
(0.0546875 0.1 0)
(0.05625 0.1 0)
(0.0578125 0.1 0)
(0.059375 0.1 0)
(0.0609375 0.1 0)
(0.0625 0.1 0)
(0.0640625 0.1 0)
(0.065625 0.1 0)
(0.0671875 0.1 0)
(0.06875 0.1 0)
(0.0703125 0.1 0)
(0.071875 0.1 0)
(0.0734375 0.1 0)
(0.075 0.1 0)
(0.0765625 0.1 0)
(0.078125 0.1 0)
(0.0796875 0.1 0)
(0.08125 0.1 0)
(0.0828125 0.1 0)
(0.084375 0.1 0)
(0.0859375 0.1 0)
(0.0875 0.1 0)
(0.0890625 0.1 0)
(0.090625 0.1 0)
(0.0921875 0.1 0)
(0.09375 0.1 0)
(0.0953125 0.1 0)
(0.096875 0.1 0)
(0.0984375 0.1 0)
(0.1 0.1 0)
(0 0 0.01)
(0.0015625 0 0.01)
(0.003125 0 0.01)
(0.0046875 0 0.01)
(0.00625 0 0.01)
(0.0078125 0 0.01)
(0.009375 0 0.01)
(0.0109375 0 0.01)
(0.0125 0 0.01)
(0.0140625 0 0.01)
(0.015625 0 0.01)
(0.0171875 0 0.01)
(0.01875 0 0.01)
(0.0203125 0 0.01)
(0.021875 0 0.01)
(0.0234375 0 0.01)
(0.025 0 0.01)
(0.0265625 0 0.01)
(0.028125 0 0.01)
(0.0296875 0 0.01)
(0.03125 0 0.01)
(0.0328125 0 0.01)
(0.034375 0 0.01)
(0.0359375 0 0.01)
(0.0375 0 0.01)
(0.0390625 0 0.01)
(0.040625 0 0.01)
(0.0421875 0 0.01)
(0.04375 0 0.01)
(0.0453125 0 0.01)
(0.046875 0 0.01)
(0.0484375 0 0.01)
(0.05 0 0.01)
(0.0515625 0 0.01)
(0.053125 0 0.01)
(0.0546875 0 0.01)
(0.05625 0 0.01)
(0.0578125 0 0.01)
(0.059375 0 0.01)
(0.0609375 0 0.01)
(0.0625 0 0.01)
(0.0640625 0 0.01)
(0.065625 0 0.01)
(0.0671875 0 0.01)
(0.06875 0 0.01)
(0.0703125 0 0.01)
(0.071875 0 0.01)
(0.0734375 0 0.01)
(0.075 0 0.01)
(0.0765625 0 0.01)
(0.078125 0 0.01)
(0.0796875 0 0.01)
(0.08125 0 0.01)
(0.0828125 0 0.01)
(0.084375 0 0.01)
(0.0859375 0 0.01)
(0.0875 0 0.01)
(0.0890625 0 0.01)
(0.090625 0 0.01)
(0.0921875 0 0.01)
(0.09375 0 0.01)
(0.0953125 0 0.01)
(0.096875 0 0.01)
(0.0984375 0 0.01)
(0.1 0 0.01)
(0 0.0015625 0.01)
(0.0015625 0.0015625 0.01)
(0.003125 0.0015625 0.01)
(0.0046875 0.0015625 0.01)
(0.00625 0.0015625 0.01)
(0.0078125 0.0015625 0.01)
(0.009375 0.0015625 0.01)
(0.0109375 0.0015625 0.01)
(0.0125 0.0015625 0.01)
(0.0140625 0.0015625 0.01)
(0.015625 0.0015625 0.01)
(0.0171875 0.0015625 0.01)
(0.01875 0.0015625 0.01)
(0.0203125 0.0015625 0.01)
(0.021875 0.0015625 0.01)
(0.0234375 0.0015625 0.01)
(0.025 0.0015625 0.01)
(0.0265625 0.0015625 0.01)
(0.028125 0.0015625 0.01)
(0.0296875 0.0015625 0.01)
(0.03125 0.0015625 0.01)
(0.0328125 0.0015625 0.01)
(0.034375 0.0015625 0.01)
(0.0359375 0.0015625 0.01)
(0.0375 0.0015625 0.01)
(0.0390625 0.0015625 0.01)
(0.040625 0.0015625 0.01)
(0.0421875 0.0015625 0.01)
(0.04375 0.0015625 0.01)
(0.0453125 0.0015625 0.01)
(0.046875 0.0015625 0.01)
(0.0484375 0.0015625 0.01)
(0.05 0.0015625 0.01)
(0.0515625 0.0015625 0.01)
(0.053125 0.0015625 0.01)
(0.0546875 0.0015625 0.01)
(0.05625 0.0015625 0.01)
(0.0578125 0.0015625 0.01)
(0.059375 0.0015625 0.01)
(0.0609375 0.0015625 0.01)
(0.0625 0.0015625 0.01)
(0.0640625 0.0015625 0.01)
(0.065625 0.0015625 0.01)
(0.0671875 0.0015625 0.01)
(0.06875 0.0015625 0.01)
(0.0703125 0.0015625 0.01)
(0.071875 0.0015625 0.01)
(0.0734375 0.0015625 0.01)
(0.075 0.0015625 0.01)
(0.0765625 0.0015625 0.01)
(0.078125 0.0015625 0.01)
(0.0796875 0.0015625 0.01)
(0.08125 0.0015625 0.01)
(0.0828125 0.0015625 0.01)
(0.084375 0.0015625 0.01)
(0.0859375 0.0015625 0.01)
(0.0875 0.0015625 0.01)
(0.0890625 0.0015625 0.01)
(0.090625 0.0015625 0.01)
(0.0921875 0.0015625 0.01)
(0.09375 0.0015625 0.01)
(0.0953125 0.0015625 0.01)
(0.096875 0.0015625 0.01)
(0.0984375 0.0015625 0.01)
(0.1 0.0015625 0.01)
(0 0.003125 0.01)
(0.0015625 0.003125 0.01)
(0.003125 0.003125 0.01)
(0.0046875 0.003125 0.01)
(0.00625 0.003125 0.01)
(0.0078125 0.003125 0.01)
(0.009375 0.003125 0.01)
(0.0109375 0.003125 0.01)
(0.0125 0.003125 0.01)
(0.0140625 0.003125 0.01)
(0.015625 0.003125 0.01)
(0.0171875 0.003125 0.01)
(0.01875 0.003125 0.01)
(0.0203125 0.003125 0.01)
(0.021875 0.003125 0.01)
(0.0234375 0.003125 0.01)
(0.025 0.003125 0.01)
(0.0265625 0.003125 0.01)
(0.028125 0.003125 0.01)
(0.0296875 0.003125 0.01)
(0.03125 0.003125 0.01)
(0.0328125 0.003125 0.01)
(0.034375 0.003125 0.01)
(0.0359375 0.003125 0.01)
(0.0375 0.003125 0.01)
(0.0390625 0.003125 0.01)
(0.040625 0.003125 0.01)
(0.0421875 0.003125 0.01)
(0.04375 0.003125 0.01)
(0.0453125 0.003125 0.01)
(0.046875 0.003125 0.01)
(0.0484375 0.003125 0.01)
(0.05 0.003125 0.01)
(0.0515625 0.003125 0.01)
(0.053125 0.003125 0.01)
(0.0546875 0.003125 0.01)
(0.05625 0.003125 0.01)
(0.0578125 0.003125 0.01)
(0.059375 0.003125 0.01)
(0.0609375 0.003125 0.01)
(0.0625 0.003125 0.01)
(0.0640625 0.003125 0.01)
(0.065625 0.003125 0.01)
(0.0671875 0.003125 0.01)
(0.06875 0.003125 0.01)
(0.0703125 0.003125 0.01)
(0.071875 0.003125 0.01)
(0.0734375 0.003125 0.01)
(0.075 0.003125 0.01)
(0.0765625 0.003125 0.01)
(0.078125 0.003125 0.01)
(0.0796875 0.003125 0.01)
(0.08125 0.003125 0.01)
(0.0828125 0.003125 0.01)
(0.084375 0.003125 0.01)
(0.0859375 0.003125 0.01)
(0.0875 0.003125 0.01)
(0.0890625 0.003125 0.01)
(0.090625 0.003125 0.01)
(0.0921875 0.003125 0.01)
(0.09375 0.003125 0.01)
(0.0953125 0.003125 0.01)
(0.096875 0.003125 0.01)
(0.0984375 0.003125 0.01)
(0.1 0.003125 0.01)
(0 0.0046875 0.01)
(0.0015625 0.0046875 0.01)
(0.003125 0.0046875 0.01)
(0.0046875 0.0046875 0.01)
(0.00625 0.0046875 0.01)
(0.0078125 0.0046875 0.01)
(0.009375 0.0046875 0.01)
(0.0109375 0.0046875 0.01)
(0.0125 0.0046875 0.01)
(0.0140625 0.0046875 0.01)
(0.015625 0.0046875 0.01)
(0.0171875 0.0046875 0.01)
(0.01875 0.0046875 0.01)
(0.0203125 0.0046875 0.01)
(0.021875 0.0046875 0.01)
(0.0234375 0.0046875 0.01)
(0.025 0.0046875 0.01)
(0.0265625 0.0046875 0.01)
(0.028125 0.0046875 0.01)
(0.0296875 0.0046875 0.01)
(0.03125 0.0046875 0.01)
(0.0328125 0.0046875 0.01)
(0.034375 0.0046875 0.01)
(0.0359375 0.0046875 0.01)
(0.0375 0.0046875 0.01)
(0.0390625 0.0046875 0.01)
(0.040625 0.0046875 0.01)
(0.0421875 0.0046875 0.01)
(0.04375 0.0046875 0.01)
(0.0453125 0.0046875 0.01)
(0.046875 0.0046875 0.01)
(0.0484375 0.0046875 0.01)
(0.05 0.0046875 0.01)
(0.0515625 0.0046875 0.01)
(0.053125 0.0046875 0.01)
(0.0546875 0.0046875 0.01)
(0.05625 0.0046875 0.01)
(0.0578125 0.0046875 0.01)
(0.059375 0.0046875 0.01)
(0.0609375 0.0046875 0.01)
(0.0625 0.0046875 0.01)
(0.0640625 0.0046875 0.01)
(0.065625 0.0046875 0.01)
(0.0671875 0.0046875 0.01)
(0.06875 0.0046875 0.01)
(0.0703125 0.0046875 0.01)
(0.071875 0.0046875 0.01)
(0.0734375 0.0046875 0.01)
(0.075 0.0046875 0.01)
(0.0765625 0.0046875 0.01)
(0.078125 0.0046875 0.01)
(0.0796875 0.0046875 0.01)
(0.08125 0.0046875 0.01)
(0.0828125 0.0046875 0.01)
(0.084375 0.0046875 0.01)
(0.0859375 0.0046875 0.01)
(0.0875 0.0046875 0.01)
(0.0890625 0.0046875 0.01)
(0.090625 0.0046875 0.01)
(0.0921875 0.0046875 0.01)
(0.09375 0.0046875 0.01)
(0.0953125 0.0046875 0.01)
(0.096875 0.0046875 0.01)
(0.0984375 0.0046875 0.01)
(0.1 0.0046875 0.01)
(0 0.00625 0.01)
(0.0015625 0.00625 0.01)
(0.003125 0.00625 0.01)
(0.0046875 0.00625 0.01)
(0.00625 0.00625 0.01)
(0.0078125 0.00625 0.01)
(0.009375 0.00625 0.01)
(0.0109375 0.00625 0.01)
(0.0125 0.00625 0.01)
(0.0140625 0.00625 0.01)
(0.015625 0.00625 0.01)
(0.0171875 0.00625 0.01)
(0.01875 0.00625 0.01)
(0.0203125 0.00625 0.01)
(0.021875 0.00625 0.01)
(0.0234375 0.00625 0.01)
(0.025 0.00625 0.01)
(0.0265625 0.00625 0.01)
(0.028125 0.00625 0.01)
(0.0296875 0.00625 0.01)
(0.03125 0.00625 0.01)
(0.0328125 0.00625 0.01)
(0.034375 0.00625 0.01)
(0.0359375 0.00625 0.01)
(0.0375 0.00625 0.01)
(0.0390625 0.00625 0.01)
(0.040625 0.00625 0.01)
(0.0421875 0.00625 0.01)
(0.04375 0.00625 0.01)
(0.0453125 0.00625 0.01)
(0.046875 0.00625 0.01)
(0.0484375 0.00625 0.01)
(0.05 0.00625 0.01)
(0.0515625 0.00625 0.01)
(0.053125 0.00625 0.01)
(0.0546875 0.00625 0.01)
(0.05625 0.00625 0.01)
(0.0578125 0.00625 0.01)
(0.059375 0.00625 0.01)
(0.0609375 0.00625 0.01)
(0.0625 0.00625 0.01)
(0.0640625 0.00625 0.01)
(0.065625 0.00625 0.01)
(0.0671875 0.00625 0.01)
(0.06875 0.00625 0.01)
(0.0703125 0.00625 0.01)
(0.071875 0.00625 0.01)
(0.0734375 0.00625 0.01)
(0.075 0.00625 0.01)
(0.0765625 0.00625 0.01)
(0.078125 0.00625 0.01)
(0.0796875 0.00625 0.01)
(0.08125 0.00625 0.01)
(0.0828125 0.00625 0.01)
(0.084375 0.00625 0.01)
(0.0859375 0.00625 0.01)
(0.0875 0.00625 0.01)
(0.0890625 0.00625 0.01)
(0.090625 0.00625 0.01)
(0.0921875 0.00625 0.01)
(0.09375 0.00625 0.01)
(0.0953125 0.00625 0.01)
(0.096875 0.00625 0.01)
(0.0984375 0.00625 0.01)
(0.1 0.00625 0.01)
(0 0.0078125 0.01)
(0.0015625 0.0078125 0.01)
(0.003125 0.0078125 0.01)
(0.0046875 0.0078125 0.01)
(0.00625 0.0078125 0.01)
(0.0078125 0.0078125 0.01)
(0.009375 0.0078125 0.01)
(0.0109375 0.0078125 0.01)
(0.0125 0.0078125 0.01)
(0.0140625 0.0078125 0.01)
(0.015625 0.0078125 0.01)
(0.0171875 0.0078125 0.01)
(0.01875 0.0078125 0.01)
(0.0203125 0.0078125 0.01)
(0.021875 0.0078125 0.01)
(0.0234375 0.0078125 0.01)
(0.025 0.0078125 0.01)
(0.0265625 0.0078125 0.01)
(0.028125 0.0078125 0.01)
(0.0296875 0.0078125 0.01)
(0.03125 0.0078125 0.01)
(0.0328125 0.0078125 0.01)
(0.034375 0.0078125 0.01)
(0.0359375 0.0078125 0.01)
(0.0375 0.0078125 0.01)
(0.0390625 0.0078125 0.01)
(0.040625 0.0078125 0.01)
(0.0421875 0.0078125 0.01)
(0.04375 0.0078125 0.01)
(0.0453125 0.0078125 0.01)
(0.046875 0.0078125 0.01)
(0.0484375 0.0078125 0.01)
(0.05 0.0078125 0.01)
(0.0515625 0.0078125 0.01)
(0.053125 0.0078125 0.01)
(0.0546875 0.0078125 0.01)
(0.05625 0.0078125 0.01)
(0.0578125 0.0078125 0.01)
(0.059375 0.0078125 0.01)
(0.0609375 0.0078125 0.01)
(0.0625 0.0078125 0.01)
(0.0640625 0.0078125 0.01)
(0.065625 0.0078125 0.01)
(0.0671875 0.0078125 0.01)
(0.06875 0.0078125 0.01)
(0.0703125 0.0078125 0.01)
(0.071875 0.0078125 0.01)
(0.0734375 0.0078125 0.01)
(0.075 0.0078125 0.01)
(0.0765625 0.0078125 0.01)
(0.078125 0.0078125 0.01)
(0.0796875 0.0078125 0.01)
(0.08125 0.0078125 0.01)
(0.0828125 0.0078125 0.01)
(0.084375 0.0078125 0.01)
(0.0859375 0.0078125 0.01)
(0.0875 0.0078125 0.01)
(0.0890625 0.0078125 0.01)
(0.090625 0.0078125 0.01)
(0.0921875 0.0078125 0.01)
(0.09375 0.0078125 0.01)
(0.0953125 0.0078125 0.01)
(0.096875 0.0078125 0.01)
(0.0984375 0.0078125 0.01)
(0.1 0.0078125 0.01)
(0 0.009375 0.01)
(0.0015625 0.009375 0.01)
(0.003125 0.009375 0.01)
(0.0046875 0.009375 0.01)
(0.00625 0.009375 0.01)
(0.0078125 0.009375 0.01)
(0.009375 0.009375 0.01)
(0.0109375 0.009375 0.01)
(0.0125 0.009375 0.01)
(0.0140625 0.009375 0.01)
(0.015625 0.009375 0.01)
(0.0171875 0.009375 0.01)
(0.01875 0.009375 0.01)
(0.0203125 0.009375 0.01)
(0.021875 0.009375 0.01)
(0.0234375 0.009375 0.01)
(0.025 0.009375 0.01)
(0.0265625 0.009375 0.01)
(0.028125 0.009375 0.01)
(0.0296875 0.009375 0.01)
(0.03125 0.009375 0.01)
(0.0328125 0.009375 0.01)
(0.034375 0.009375 0.01)
(0.0359375 0.009375 0.01)
(0.0375 0.009375 0.01)
(0.0390625 0.009375 0.01)
(0.040625 0.009375 0.01)
(0.0421875 0.009375 0.01)
(0.04375 0.009375 0.01)
(0.0453125 0.009375 0.01)
(0.046875 0.009375 0.01)
(0.0484375 0.009375 0.01)
(0.05 0.009375 0.01)
(0.0515625 0.009375 0.01)
(0.053125 0.009375 0.01)
(0.0546875 0.009375 0.01)
(0.05625 0.009375 0.01)
(0.0578125 0.009375 0.01)
(0.059375 0.009375 0.01)
(0.0609375 0.009375 0.01)
(0.0625 0.009375 0.01)
(0.0640625 0.009375 0.01)
(0.065625 0.009375 0.01)
(0.0671875 0.009375 0.01)
(0.06875 0.009375 0.01)
(0.0703125 0.009375 0.01)
(0.071875 0.009375 0.01)
(0.0734375 0.009375 0.01)
(0.075 0.009375 0.01)
(0.0765625 0.009375 0.01)
(0.078125 0.009375 0.01)
(0.0796875 0.009375 0.01)
(0.08125 0.009375 0.01)
(0.0828125 0.009375 0.01)
(0.084375 0.009375 0.01)
(0.0859375 0.009375 0.01)
(0.0875 0.009375 0.01)
(0.0890625 0.009375 0.01)
(0.090625 0.009375 0.01)
(0.0921875 0.009375 0.01)
(0.09375 0.009375 0.01)
(0.0953125 0.009375 0.01)
(0.096875 0.009375 0.01)
(0.0984375 0.009375 0.01)
(0.1 0.009375 0.01)
(0 0.0109375 0.01)
(0.0015625 0.0109375 0.01)
(0.003125 0.0109375 0.01)
(0.0046875 0.0109375 0.01)
(0.00625 0.0109375 0.01)
(0.0078125 0.0109375 0.01)
(0.009375 0.0109375 0.01)
(0.0109375 0.0109375 0.01)
(0.0125 0.0109375 0.01)
(0.0140625 0.0109375 0.01)
(0.015625 0.0109375 0.01)
(0.0171875 0.0109375 0.01)
(0.01875 0.0109375 0.01)
(0.0203125 0.0109375 0.01)
(0.021875 0.0109375 0.01)
(0.0234375 0.0109375 0.01)
(0.025 0.0109375 0.01)
(0.0265625 0.0109375 0.01)
(0.028125 0.0109375 0.01)
(0.0296875 0.0109375 0.01)
(0.03125 0.0109375 0.01)
(0.0328125 0.0109375 0.01)
(0.034375 0.0109375 0.01)
(0.0359375 0.0109375 0.01)
(0.0375 0.0109375 0.01)
(0.0390625 0.0109375 0.01)
(0.040625 0.0109375 0.01)
(0.0421875 0.0109375 0.01)
(0.04375 0.0109375 0.01)
(0.0453125 0.0109375 0.01)
(0.046875 0.0109375 0.01)
(0.0484375 0.0109375 0.01)
(0.05 0.0109375 0.01)
(0.0515625 0.0109375 0.01)
(0.053125 0.0109375 0.01)
(0.0546875 0.0109375 0.01)
(0.05625 0.0109375 0.01)
(0.0578125 0.0109375 0.01)
(0.059375 0.0109375 0.01)
(0.0609375 0.0109375 0.01)
(0.0625 0.0109375 0.01)
(0.0640625 0.0109375 0.01)
(0.065625 0.0109375 0.01)
(0.0671875 0.0109375 0.01)
(0.06875 0.0109375 0.01)
(0.0703125 0.0109375 0.01)
(0.071875 0.0109375 0.01)
(0.0734375 0.0109375 0.01)
(0.075 0.0109375 0.01)
(0.0765625 0.0109375 0.01)
(0.078125 0.0109375 0.01)
(0.0796875 0.0109375 0.01)
(0.08125 0.0109375 0.01)
(0.0828125 0.0109375 0.01)
(0.084375 0.0109375 0.01)
(0.0859375 0.0109375 0.01)
(0.0875 0.0109375 0.01)
(0.0890625 0.0109375 0.01)
(0.090625 0.0109375 0.01)
(0.0921875 0.0109375 0.01)
(0.09375 0.0109375 0.01)
(0.0953125 0.0109375 0.01)
(0.096875 0.0109375 0.01)
(0.0984375 0.0109375 0.01)
(0.1 0.0109375 0.01)
(0 0.0125 0.01)
(0.0015625 0.0125 0.01)
(0.003125 0.0125 0.01)
(0.0046875 0.0125 0.01)
(0.00625 0.0125 0.01)
(0.0078125 0.0125 0.01)
(0.009375 0.0125 0.01)
(0.0109375 0.0125 0.01)
(0.0125 0.0125 0.01)
(0.0140625 0.0125 0.01)
(0.015625 0.0125 0.01)
(0.0171875 0.0125 0.01)
(0.01875 0.0125 0.01)
(0.0203125 0.0125 0.01)
(0.021875 0.0125 0.01)
(0.0234375 0.0125 0.01)
(0.025 0.0125 0.01)
(0.0265625 0.0125 0.01)
(0.028125 0.0125 0.01)
(0.0296875 0.0125 0.01)
(0.03125 0.0125 0.01)
(0.0328125 0.0125 0.01)
(0.034375 0.0125 0.01)
(0.0359375 0.0125 0.01)
(0.0375 0.0125 0.01)
(0.0390625 0.0125 0.01)
(0.040625 0.0125 0.01)
(0.0421875 0.0125 0.01)
(0.04375 0.0125 0.01)
(0.0453125 0.0125 0.01)
(0.046875 0.0125 0.01)
(0.0484375 0.0125 0.01)
(0.05 0.0125 0.01)
(0.0515625 0.0125 0.01)
(0.053125 0.0125 0.01)
(0.0546875 0.0125 0.01)
(0.05625 0.0125 0.01)
(0.0578125 0.0125 0.01)
(0.059375 0.0125 0.01)
(0.0609375 0.0125 0.01)
(0.0625 0.0125 0.01)
(0.0640625 0.0125 0.01)
(0.065625 0.0125 0.01)
(0.0671875 0.0125 0.01)
(0.06875 0.0125 0.01)
(0.0703125 0.0125 0.01)
(0.071875 0.0125 0.01)
(0.0734375 0.0125 0.01)
(0.075 0.0125 0.01)
(0.0765625 0.0125 0.01)
(0.078125 0.0125 0.01)
(0.0796875 0.0125 0.01)
(0.08125 0.0125 0.01)
(0.0828125 0.0125 0.01)
(0.084375 0.0125 0.01)
(0.0859375 0.0125 0.01)
(0.0875 0.0125 0.01)
(0.0890625 0.0125 0.01)
(0.090625 0.0125 0.01)
(0.0921875 0.0125 0.01)
(0.09375 0.0125 0.01)
(0.0953125 0.0125 0.01)
(0.096875 0.0125 0.01)
(0.0984375 0.0125 0.01)
(0.1 0.0125 0.01)
(0 0.0140625 0.01)
(0.0015625 0.0140625 0.01)
(0.003125 0.0140625 0.01)
(0.0046875 0.0140625 0.01)
(0.00625 0.0140625 0.01)
(0.0078125 0.0140625 0.01)
(0.009375 0.0140625 0.01)
(0.0109375 0.0140625 0.01)
(0.0125 0.0140625 0.01)
(0.0140625 0.0140625 0.01)
(0.015625 0.0140625 0.01)
(0.0171875 0.0140625 0.01)
(0.01875 0.0140625 0.01)
(0.0203125 0.0140625 0.01)
(0.021875 0.0140625 0.01)
(0.0234375 0.0140625 0.01)
(0.025 0.0140625 0.01)
(0.0265625 0.0140625 0.01)
(0.028125 0.0140625 0.01)
(0.0296875 0.0140625 0.01)
(0.03125 0.0140625 0.01)
(0.0328125 0.0140625 0.01)
(0.034375 0.0140625 0.01)
(0.0359375 0.0140625 0.01)
(0.0375 0.0140625 0.01)
(0.0390625 0.0140625 0.01)
(0.040625 0.0140625 0.01)
(0.0421875 0.0140625 0.01)
(0.04375 0.0140625 0.01)
(0.0453125 0.0140625 0.01)
(0.046875 0.0140625 0.01)
(0.0484375 0.0140625 0.01)
(0.05 0.0140625 0.01)
(0.0515625 0.0140625 0.01)
(0.053125 0.0140625 0.01)
(0.0546875 0.0140625 0.01)
(0.05625 0.0140625 0.01)
(0.0578125 0.0140625 0.01)
(0.059375 0.0140625 0.01)
(0.0609375 0.0140625 0.01)
(0.0625 0.0140625 0.01)
(0.0640625 0.0140625 0.01)
(0.065625 0.0140625 0.01)
(0.0671875 0.0140625 0.01)
(0.06875 0.0140625 0.01)
(0.0703125 0.0140625 0.01)
(0.071875 0.0140625 0.01)
(0.0734375 0.0140625 0.01)
(0.075 0.0140625 0.01)
(0.0765625 0.0140625 0.01)
(0.078125 0.0140625 0.01)
(0.0796875 0.0140625 0.01)
(0.08125 0.0140625 0.01)
(0.0828125 0.0140625 0.01)
(0.084375 0.0140625 0.01)
(0.0859375 0.0140625 0.01)
(0.0875 0.0140625 0.01)
(0.0890625 0.0140625 0.01)
(0.090625 0.0140625 0.01)
(0.0921875 0.0140625 0.01)
(0.09375 0.0140625 0.01)
(0.0953125 0.0140625 0.01)
(0.096875 0.0140625 0.01)
(0.0984375 0.0140625 0.01)
(0.1 0.0140625 0.01)
(0 0.015625 0.01)
(0.0015625 0.015625 0.01)
(0.003125 0.015625 0.01)
(0.0046875 0.015625 0.01)
(0.00625 0.015625 0.01)
(0.0078125 0.015625 0.01)
(0.009375 0.015625 0.01)
(0.0109375 0.015625 0.01)
(0.0125 0.015625 0.01)
(0.0140625 0.015625 0.01)
(0.015625 0.015625 0.01)
(0.0171875 0.015625 0.01)
(0.01875 0.015625 0.01)
(0.0203125 0.015625 0.01)
(0.021875 0.015625 0.01)
(0.0234375 0.015625 0.01)
(0.025 0.015625 0.01)
(0.0265625 0.015625 0.01)
(0.028125 0.015625 0.01)
(0.0296875 0.015625 0.01)
(0.03125 0.015625 0.01)
(0.0328125 0.015625 0.01)
(0.034375 0.015625 0.01)
(0.0359375 0.015625 0.01)
(0.0375 0.015625 0.01)
(0.0390625 0.015625 0.01)
(0.040625 0.015625 0.01)
(0.0421875 0.015625 0.01)
(0.04375 0.015625 0.01)
(0.0453125 0.015625 0.01)
(0.046875 0.015625 0.01)
(0.0484375 0.015625 0.01)
(0.05 0.015625 0.01)
(0.0515625 0.015625 0.01)
(0.053125 0.015625 0.01)
(0.0546875 0.015625 0.01)
(0.05625 0.015625 0.01)
(0.0578125 0.015625 0.01)
(0.059375 0.015625 0.01)
(0.0609375 0.015625 0.01)
(0.0625 0.015625 0.01)
(0.0640625 0.015625 0.01)
(0.065625 0.015625 0.01)
(0.0671875 0.015625 0.01)
(0.06875 0.015625 0.01)
(0.0703125 0.015625 0.01)
(0.071875 0.015625 0.01)
(0.0734375 0.015625 0.01)
(0.075 0.015625 0.01)
(0.0765625 0.015625 0.01)
(0.078125 0.015625 0.01)
(0.0796875 0.015625 0.01)
(0.08125 0.015625 0.01)
(0.0828125 0.015625 0.01)
(0.084375 0.015625 0.01)
(0.0859375 0.015625 0.01)
(0.0875 0.015625 0.01)
(0.0890625 0.015625 0.01)
(0.090625 0.015625 0.01)
(0.0921875 0.015625 0.01)
(0.09375 0.015625 0.01)
(0.0953125 0.015625 0.01)
(0.096875 0.015625 0.01)
(0.0984375 0.015625 0.01)
(0.1 0.015625 0.01)
(0 0.0171875 0.01)
(0.0015625 0.0171875 0.01)
(0.003125 0.0171875 0.01)
(0.0046875 0.0171875 0.01)
(0.00625 0.0171875 0.01)
(0.0078125 0.0171875 0.01)
(0.009375 0.0171875 0.01)
(0.0109375 0.0171875 0.01)
(0.0125 0.0171875 0.01)
(0.0140625 0.0171875 0.01)
(0.015625 0.0171875 0.01)
(0.0171875 0.0171875 0.01)
(0.01875 0.0171875 0.01)
(0.0203125 0.0171875 0.01)
(0.021875 0.0171875 0.01)
(0.0234375 0.0171875 0.01)
(0.025 0.0171875 0.01)
(0.0265625 0.0171875 0.01)
(0.028125 0.0171875 0.01)
(0.0296875 0.0171875 0.01)
(0.03125 0.0171875 0.01)
(0.0328125 0.0171875 0.01)
(0.034375 0.0171875 0.01)
(0.0359375 0.0171875 0.01)
(0.0375 0.0171875 0.01)
(0.0390625 0.0171875 0.01)
(0.040625 0.0171875 0.01)
(0.0421875 0.0171875 0.01)
(0.04375 0.0171875 0.01)
(0.0453125 0.0171875 0.01)
(0.046875 0.0171875 0.01)
(0.0484375 0.0171875 0.01)
(0.05 0.0171875 0.01)
(0.0515625 0.0171875 0.01)
(0.053125 0.0171875 0.01)
(0.0546875 0.0171875 0.01)
(0.05625 0.0171875 0.01)
(0.0578125 0.0171875 0.01)
(0.059375 0.0171875 0.01)
(0.0609375 0.0171875 0.01)
(0.0625 0.0171875 0.01)
(0.0640625 0.0171875 0.01)
(0.065625 0.0171875 0.01)
(0.0671875 0.0171875 0.01)
(0.06875 0.0171875 0.01)
(0.0703125 0.0171875 0.01)
(0.071875 0.0171875 0.01)
(0.0734375 0.0171875 0.01)
(0.075 0.0171875 0.01)
(0.0765625 0.0171875 0.01)
(0.078125 0.0171875 0.01)
(0.0796875 0.0171875 0.01)
(0.08125 0.0171875 0.01)
(0.0828125 0.0171875 0.01)
(0.084375 0.0171875 0.01)
(0.0859375 0.0171875 0.01)
(0.0875 0.0171875 0.01)
(0.0890625 0.0171875 0.01)
(0.090625 0.0171875 0.01)
(0.0921875 0.0171875 0.01)
(0.09375 0.0171875 0.01)
(0.0953125 0.0171875 0.01)
(0.096875 0.0171875 0.01)
(0.0984375 0.0171875 0.01)
(0.1 0.0171875 0.01)
(0 0.01875 0.01)
(0.0015625 0.01875 0.01)
(0.003125 0.01875 0.01)
(0.0046875 0.01875 0.01)
(0.00625 0.01875 0.01)
(0.0078125 0.01875 0.01)
(0.009375 0.01875 0.01)
(0.0109375 0.01875 0.01)
(0.0125 0.01875 0.01)
(0.0140625 0.01875 0.01)
(0.015625 0.01875 0.01)
(0.0171875 0.01875 0.01)
(0.01875 0.01875 0.01)
(0.0203125 0.01875 0.01)
(0.021875 0.01875 0.01)
(0.0234375 0.01875 0.01)
(0.025 0.01875 0.01)
(0.0265625 0.01875 0.01)
(0.028125 0.01875 0.01)
(0.0296875 0.01875 0.01)
(0.03125 0.01875 0.01)
(0.0328125 0.01875 0.01)
(0.034375 0.01875 0.01)
(0.0359375 0.01875 0.01)
(0.0375 0.01875 0.01)
(0.0390625 0.01875 0.01)
(0.040625 0.01875 0.01)
(0.0421875 0.01875 0.01)
(0.04375 0.01875 0.01)
(0.0453125 0.01875 0.01)
(0.046875 0.01875 0.01)
(0.0484375 0.01875 0.01)
(0.05 0.01875 0.01)
(0.0515625 0.01875 0.01)
(0.053125 0.01875 0.01)
(0.0546875 0.01875 0.01)
(0.05625 0.01875 0.01)
(0.0578125 0.01875 0.01)
(0.059375 0.01875 0.01)
(0.0609375 0.01875 0.01)
(0.0625 0.01875 0.01)
(0.0640625 0.01875 0.01)
(0.065625 0.01875 0.01)
(0.0671875 0.01875 0.01)
(0.06875 0.01875 0.01)
(0.0703125 0.01875 0.01)
(0.071875 0.01875 0.01)
(0.0734375 0.01875 0.01)
(0.075 0.01875 0.01)
(0.0765625 0.01875 0.01)
(0.078125 0.01875 0.01)
(0.0796875 0.01875 0.01)
(0.08125 0.01875 0.01)
(0.0828125 0.01875 0.01)
(0.084375 0.01875 0.01)
(0.0859375 0.01875 0.01)
(0.0875 0.01875 0.01)
(0.0890625 0.01875 0.01)
(0.090625 0.01875 0.01)
(0.0921875 0.01875 0.01)
(0.09375 0.01875 0.01)
(0.0953125 0.01875 0.01)
(0.096875 0.01875 0.01)
(0.0984375 0.01875 0.01)
(0.1 0.01875 0.01)
(0 0.0203125 0.01)
(0.0015625 0.0203125 0.01)
(0.003125 0.0203125 0.01)
(0.0046875 0.0203125 0.01)
(0.00625 0.0203125 0.01)
(0.0078125 0.0203125 0.01)
(0.009375 0.0203125 0.01)
(0.0109375 0.0203125 0.01)
(0.0125 0.0203125 0.01)
(0.0140625 0.0203125 0.01)
(0.015625 0.0203125 0.01)
(0.0171875 0.0203125 0.01)
(0.01875 0.0203125 0.01)
(0.0203125 0.0203125 0.01)
(0.021875 0.0203125 0.01)
(0.0234375 0.0203125 0.01)
(0.025 0.0203125 0.01)
(0.0265625 0.0203125 0.01)
(0.028125 0.0203125 0.01)
(0.0296875 0.0203125 0.01)
(0.03125 0.0203125 0.01)
(0.0328125 0.0203125 0.01)
(0.034375 0.0203125 0.01)
(0.0359375 0.0203125 0.01)
(0.0375 0.0203125 0.01)
(0.0390625 0.0203125 0.01)
(0.040625 0.0203125 0.01)
(0.0421875 0.0203125 0.01)
(0.04375 0.0203125 0.01)
(0.0453125 0.0203125 0.01)
(0.046875 0.0203125 0.01)
(0.0484375 0.0203125 0.01)
(0.05 0.0203125 0.01)
(0.0515625 0.0203125 0.01)
(0.053125 0.0203125 0.01)
(0.0546875 0.0203125 0.01)
(0.05625 0.0203125 0.01)
(0.0578125 0.0203125 0.01)
(0.059375 0.0203125 0.01)
(0.0609375 0.0203125 0.01)
(0.0625 0.0203125 0.01)
(0.0640625 0.0203125 0.01)
(0.065625 0.0203125 0.01)
(0.0671875 0.0203125 0.01)
(0.06875 0.0203125 0.01)
(0.0703125 0.0203125 0.01)
(0.071875 0.0203125 0.01)
(0.0734375 0.0203125 0.01)
(0.075 0.0203125 0.01)
(0.0765625 0.0203125 0.01)
(0.078125 0.0203125 0.01)
(0.0796875 0.0203125 0.01)
(0.08125 0.0203125 0.01)
(0.0828125 0.0203125 0.01)
(0.084375 0.0203125 0.01)
(0.0859375 0.0203125 0.01)
(0.0875 0.0203125 0.01)
(0.0890625 0.0203125 0.01)
(0.090625 0.0203125 0.01)
(0.0921875 0.0203125 0.01)
(0.09375 0.0203125 0.01)
(0.0953125 0.0203125 0.01)
(0.096875 0.0203125 0.01)
(0.0984375 0.0203125 0.01)
(0.1 0.0203125 0.01)
(0 0.021875 0.01)
(0.0015625 0.021875 0.01)
(0.003125 0.021875 0.01)
(0.0046875 0.021875 0.01)
(0.00625 0.021875 0.01)
(0.0078125 0.021875 0.01)
(0.009375 0.021875 0.01)
(0.0109375 0.021875 0.01)
(0.0125 0.021875 0.01)
(0.0140625 0.021875 0.01)
(0.015625 0.021875 0.01)
(0.0171875 0.021875 0.01)
(0.01875 0.021875 0.01)
(0.0203125 0.021875 0.01)
(0.021875 0.021875 0.01)
(0.0234375 0.021875 0.01)
(0.025 0.021875 0.01)
(0.0265625 0.021875 0.01)
(0.028125 0.021875 0.01)
(0.0296875 0.021875 0.01)
(0.03125 0.021875 0.01)
(0.0328125 0.021875 0.01)
(0.034375 0.021875 0.01)
(0.0359375 0.021875 0.01)
(0.0375 0.021875 0.01)
(0.0390625 0.021875 0.01)
(0.040625 0.021875 0.01)
(0.0421875 0.021875 0.01)
(0.04375 0.021875 0.01)
(0.0453125 0.021875 0.01)
(0.046875 0.021875 0.01)
(0.0484375 0.021875 0.01)
(0.05 0.021875 0.01)
(0.0515625 0.021875 0.01)
(0.053125 0.021875 0.01)
(0.0546875 0.021875 0.01)
(0.05625 0.021875 0.01)
(0.0578125 0.021875 0.01)
(0.059375 0.021875 0.01)
(0.0609375 0.021875 0.01)
(0.0625 0.021875 0.01)
(0.0640625 0.021875 0.01)
(0.065625 0.021875 0.01)
(0.0671875 0.021875 0.01)
(0.06875 0.021875 0.01)
(0.0703125 0.021875 0.01)
(0.071875 0.021875 0.01)
(0.0734375 0.021875 0.01)
(0.075 0.021875 0.01)
(0.0765625 0.021875 0.01)
(0.078125 0.021875 0.01)
(0.0796875 0.021875 0.01)
(0.08125 0.021875 0.01)
(0.0828125 0.021875 0.01)
(0.084375 0.021875 0.01)
(0.0859375 0.021875 0.01)
(0.0875 0.021875 0.01)
(0.0890625 0.021875 0.01)
(0.090625 0.021875 0.01)
(0.0921875 0.021875 0.01)
(0.09375 0.021875 0.01)
(0.0953125 0.021875 0.01)
(0.096875 0.021875 0.01)
(0.0984375 0.021875 0.01)
(0.1 0.021875 0.01)
(0 0.0234375 0.01)
(0.0015625 0.0234375 0.01)
(0.003125 0.0234375 0.01)
(0.0046875 0.0234375 0.01)
(0.00625 0.0234375 0.01)
(0.0078125 0.0234375 0.01)
(0.009375 0.0234375 0.01)
(0.0109375 0.0234375 0.01)
(0.0125 0.0234375 0.01)
(0.0140625 0.0234375 0.01)
(0.015625 0.0234375 0.01)
(0.0171875 0.0234375 0.01)
(0.01875 0.0234375 0.01)
(0.0203125 0.0234375 0.01)
(0.021875 0.0234375 0.01)
(0.0234375 0.0234375 0.01)
(0.025 0.0234375 0.01)
(0.0265625 0.0234375 0.01)
(0.028125 0.0234375 0.01)
(0.0296875 0.0234375 0.01)
(0.03125 0.0234375 0.01)
(0.0328125 0.0234375 0.01)
(0.034375 0.0234375 0.01)
(0.0359375 0.0234375 0.01)
(0.0375 0.0234375 0.01)
(0.0390625 0.0234375 0.01)
(0.040625 0.0234375 0.01)
(0.0421875 0.0234375 0.01)
(0.04375 0.0234375 0.01)
(0.0453125 0.0234375 0.01)
(0.046875 0.0234375 0.01)
(0.0484375 0.0234375 0.01)
(0.05 0.0234375 0.01)
(0.0515625 0.0234375 0.01)
(0.053125 0.0234375 0.01)
(0.0546875 0.0234375 0.01)
(0.05625 0.0234375 0.01)
(0.0578125 0.0234375 0.01)
(0.059375 0.0234375 0.01)
(0.0609375 0.0234375 0.01)
(0.0625 0.0234375 0.01)
(0.0640625 0.0234375 0.01)
(0.065625 0.0234375 0.01)
(0.0671875 0.0234375 0.01)
(0.06875 0.0234375 0.01)
(0.0703125 0.0234375 0.01)
(0.071875 0.0234375 0.01)
(0.0734375 0.0234375 0.01)
(0.075 0.0234375 0.01)
(0.0765625 0.0234375 0.01)
(0.078125 0.0234375 0.01)
(0.0796875 0.0234375 0.01)
(0.08125 0.0234375 0.01)
(0.0828125 0.0234375 0.01)
(0.084375 0.0234375 0.01)
(0.0859375 0.0234375 0.01)
(0.0875 0.0234375 0.01)
(0.0890625 0.0234375 0.01)
(0.090625 0.0234375 0.01)
(0.0921875 0.0234375 0.01)
(0.09375 0.0234375 0.01)
(0.0953125 0.0234375 0.01)
(0.096875 0.0234375 0.01)
(0.0984375 0.0234375 0.01)
(0.1 0.0234375 0.01)
(0 0.025 0.01)
(0.0015625 0.025 0.01)
(0.003125 0.025 0.01)
(0.0046875 0.025 0.01)
(0.00625 0.025 0.01)
(0.0078125 0.025 0.01)
(0.009375 0.025 0.01)
(0.0109375 0.025 0.01)
(0.0125 0.025 0.01)
(0.0140625 0.025 0.01)
(0.015625 0.025 0.01)
(0.0171875 0.025 0.01)
(0.01875 0.025 0.01)
(0.0203125 0.025 0.01)
(0.021875 0.025 0.01)
(0.0234375 0.025 0.01)
(0.025 0.025 0.01)
(0.0265625 0.025 0.01)
(0.028125 0.025 0.01)
(0.0296875 0.025 0.01)
(0.03125 0.025 0.01)
(0.0328125 0.025 0.01)
(0.034375 0.025 0.01)
(0.0359375 0.025 0.01)
(0.0375 0.025 0.01)
(0.0390625 0.025 0.01)
(0.040625 0.025 0.01)
(0.0421875 0.025 0.01)
(0.04375 0.025 0.01)
(0.0453125 0.025 0.01)
(0.046875 0.025 0.01)
(0.0484375 0.025 0.01)
(0.05 0.025 0.01)
(0.0515625 0.025 0.01)
(0.053125 0.025 0.01)
(0.0546875 0.025 0.01)
(0.05625 0.025 0.01)
(0.0578125 0.025 0.01)
(0.059375 0.025 0.01)
(0.0609375 0.025 0.01)
(0.0625 0.025 0.01)
(0.0640625 0.025 0.01)
(0.065625 0.025 0.01)
(0.0671875 0.025 0.01)
(0.06875 0.025 0.01)
(0.0703125 0.025 0.01)
(0.071875 0.025 0.01)
(0.0734375 0.025 0.01)
(0.075 0.025 0.01)
(0.0765625 0.025 0.01)
(0.078125 0.025 0.01)
(0.0796875 0.025 0.01)
(0.08125 0.025 0.01)
(0.0828125 0.025 0.01)
(0.084375 0.025 0.01)
(0.0859375 0.025 0.01)
(0.0875 0.025 0.01)
(0.0890625 0.025 0.01)
(0.090625 0.025 0.01)
(0.0921875 0.025 0.01)
(0.09375 0.025 0.01)
(0.0953125 0.025 0.01)
(0.096875 0.025 0.01)
(0.0984375 0.025 0.01)
(0.1 0.025 0.01)
(0 0.0265625 0.01)
(0.0015625 0.0265625 0.01)
(0.003125 0.0265625 0.01)
(0.0046875 0.0265625 0.01)
(0.00625 0.0265625 0.01)
(0.0078125 0.0265625 0.01)
(0.009375 0.0265625 0.01)
(0.0109375 0.0265625 0.01)
(0.0125 0.0265625 0.01)
(0.0140625 0.0265625 0.01)
(0.015625 0.0265625 0.01)
(0.0171875 0.0265625 0.01)
(0.01875 0.0265625 0.01)
(0.0203125 0.0265625 0.01)
(0.021875 0.0265625 0.01)
(0.0234375 0.0265625 0.01)
(0.025 0.0265625 0.01)
(0.0265625 0.0265625 0.01)
(0.028125 0.0265625 0.01)
(0.0296875 0.0265625 0.01)
(0.03125 0.0265625 0.01)
(0.0328125 0.0265625 0.01)
(0.034375 0.0265625 0.01)
(0.0359375 0.0265625 0.01)
(0.0375 0.0265625 0.01)
(0.0390625 0.0265625 0.01)
(0.040625 0.0265625 0.01)
(0.0421875 0.0265625 0.01)
(0.04375 0.0265625 0.01)
(0.0453125 0.0265625 0.01)
(0.046875 0.0265625 0.01)
(0.0484375 0.0265625 0.01)
(0.05 0.0265625 0.01)
(0.0515625 0.0265625 0.01)
(0.053125 0.0265625 0.01)
(0.0546875 0.0265625 0.01)
(0.05625 0.0265625 0.01)
(0.0578125 0.0265625 0.01)
(0.059375 0.0265625 0.01)
(0.0609375 0.0265625 0.01)
(0.0625 0.0265625 0.01)
(0.0640625 0.0265625 0.01)
(0.065625 0.0265625 0.01)
(0.0671875 0.0265625 0.01)
(0.06875 0.0265625 0.01)
(0.0703125 0.0265625 0.01)
(0.071875 0.0265625 0.01)
(0.0734375 0.0265625 0.01)
(0.075 0.0265625 0.01)
(0.0765625 0.0265625 0.01)
(0.078125 0.0265625 0.01)
(0.0796875 0.0265625 0.01)
(0.08125 0.0265625 0.01)
(0.0828125 0.0265625 0.01)
(0.084375 0.0265625 0.01)
(0.0859375 0.0265625 0.01)
(0.0875 0.0265625 0.01)
(0.0890625 0.0265625 0.01)
(0.090625 0.0265625 0.01)
(0.0921875 0.0265625 0.01)
(0.09375 0.0265625 0.01)
(0.0953125 0.0265625 0.01)
(0.096875 0.0265625 0.01)
(0.0984375 0.0265625 0.01)
(0.1 0.0265625 0.01)
(0 0.028125 0.01)
(0.0015625 0.028125 0.01)
(0.003125 0.028125 0.01)
(0.0046875 0.028125 0.01)
(0.00625 0.028125 0.01)
(0.0078125 0.028125 0.01)
(0.009375 0.028125 0.01)
(0.0109375 0.028125 0.01)
(0.0125 0.028125 0.01)
(0.0140625 0.028125 0.01)
(0.015625 0.028125 0.01)
(0.0171875 0.028125 0.01)
(0.01875 0.028125 0.01)
(0.0203125 0.028125 0.01)
(0.021875 0.028125 0.01)
(0.0234375 0.028125 0.01)
(0.025 0.028125 0.01)
(0.0265625 0.028125 0.01)
(0.028125 0.028125 0.01)
(0.0296875 0.028125 0.01)
(0.03125 0.028125 0.01)
(0.0328125 0.028125 0.01)
(0.034375 0.028125 0.01)
(0.0359375 0.028125 0.01)
(0.0375 0.028125 0.01)
(0.0390625 0.028125 0.01)
(0.040625 0.028125 0.01)
(0.0421875 0.028125 0.01)
(0.04375 0.028125 0.01)
(0.0453125 0.028125 0.01)
(0.046875 0.028125 0.01)
(0.0484375 0.028125 0.01)
(0.05 0.028125 0.01)
(0.0515625 0.028125 0.01)
(0.053125 0.028125 0.01)
(0.0546875 0.028125 0.01)
(0.05625 0.028125 0.01)
(0.0578125 0.028125 0.01)
(0.059375 0.028125 0.01)
(0.0609375 0.028125 0.01)
(0.0625 0.028125 0.01)
(0.0640625 0.028125 0.01)
(0.065625 0.028125 0.01)
(0.0671875 0.028125 0.01)
(0.06875 0.028125 0.01)
(0.0703125 0.028125 0.01)
(0.071875 0.028125 0.01)
(0.0734375 0.028125 0.01)
(0.075 0.028125 0.01)
(0.0765625 0.028125 0.01)
(0.078125 0.028125 0.01)
(0.0796875 0.028125 0.01)
(0.08125 0.028125 0.01)
(0.0828125 0.028125 0.01)
(0.084375 0.028125 0.01)
(0.0859375 0.028125 0.01)
(0.0875 0.028125 0.01)
(0.0890625 0.028125 0.01)
(0.090625 0.028125 0.01)
(0.0921875 0.028125 0.01)
(0.09375 0.028125 0.01)
(0.0953125 0.028125 0.01)
(0.096875 0.028125 0.01)
(0.0984375 0.028125 0.01)
(0.1 0.028125 0.01)
(0 0.0296875 0.01)
(0.0015625 0.0296875 0.01)
(0.003125 0.0296875 0.01)
(0.0046875 0.0296875 0.01)
(0.00625 0.0296875 0.01)
(0.0078125 0.0296875 0.01)
(0.009375 0.0296875 0.01)
(0.0109375 0.0296875 0.01)
(0.0125 0.0296875 0.01)
(0.0140625 0.0296875 0.01)
(0.015625 0.0296875 0.01)
(0.0171875 0.0296875 0.01)
(0.01875 0.0296875 0.01)
(0.0203125 0.0296875 0.01)
(0.021875 0.0296875 0.01)
(0.0234375 0.0296875 0.01)
(0.025 0.0296875 0.01)
(0.0265625 0.0296875 0.01)
(0.028125 0.0296875 0.01)
(0.0296875 0.0296875 0.01)
(0.03125 0.0296875 0.01)
(0.0328125 0.0296875 0.01)
(0.034375 0.0296875 0.01)
(0.0359375 0.0296875 0.01)
(0.0375 0.0296875 0.01)
(0.0390625 0.0296875 0.01)
(0.040625 0.0296875 0.01)
(0.0421875 0.0296875 0.01)
(0.04375 0.0296875 0.01)
(0.0453125 0.0296875 0.01)
(0.046875 0.0296875 0.01)
(0.0484375 0.0296875 0.01)
(0.05 0.0296875 0.01)
(0.0515625 0.0296875 0.01)
(0.053125 0.0296875 0.01)
(0.0546875 0.0296875 0.01)
(0.05625 0.0296875 0.01)
(0.0578125 0.0296875 0.01)
(0.059375 0.0296875 0.01)
(0.0609375 0.0296875 0.01)
(0.0625 0.0296875 0.01)
(0.0640625 0.0296875 0.01)
(0.065625 0.0296875 0.01)
(0.0671875 0.0296875 0.01)
(0.06875 0.0296875 0.01)
(0.0703125 0.0296875 0.01)
(0.071875 0.0296875 0.01)
(0.0734375 0.0296875 0.01)
(0.075 0.0296875 0.01)
(0.0765625 0.0296875 0.01)
(0.078125 0.0296875 0.01)
(0.0796875 0.0296875 0.01)
(0.08125 0.0296875 0.01)
(0.0828125 0.0296875 0.01)
(0.084375 0.0296875 0.01)
(0.0859375 0.0296875 0.01)
(0.0875 0.0296875 0.01)
(0.0890625 0.0296875 0.01)
(0.090625 0.0296875 0.01)
(0.0921875 0.0296875 0.01)
(0.09375 0.0296875 0.01)
(0.0953125 0.0296875 0.01)
(0.096875 0.0296875 0.01)
(0.0984375 0.0296875 0.01)
(0.1 0.0296875 0.01)
(0 0.03125 0.01)
(0.0015625 0.03125 0.01)
(0.003125 0.03125 0.01)
(0.0046875 0.03125 0.01)
(0.00625 0.03125 0.01)
(0.0078125 0.03125 0.01)
(0.009375 0.03125 0.01)
(0.0109375 0.03125 0.01)
(0.0125 0.03125 0.01)
(0.0140625 0.03125 0.01)
(0.015625 0.03125 0.01)
(0.0171875 0.03125 0.01)
(0.01875 0.03125 0.01)
(0.0203125 0.03125 0.01)
(0.021875 0.03125 0.01)
(0.0234375 0.03125 0.01)
(0.025 0.03125 0.01)
(0.0265625 0.03125 0.01)
(0.028125 0.03125 0.01)
(0.0296875 0.03125 0.01)
(0.03125 0.03125 0.01)
(0.0328125 0.03125 0.01)
(0.034375 0.03125 0.01)
(0.0359375 0.03125 0.01)
(0.0375 0.03125 0.01)
(0.0390625 0.03125 0.01)
(0.040625 0.03125 0.01)
(0.0421875 0.03125 0.01)
(0.04375 0.03125 0.01)
(0.0453125 0.03125 0.01)
(0.046875 0.03125 0.01)
(0.0484375 0.03125 0.01)
(0.05 0.03125 0.01)
(0.0515625 0.03125 0.01)
(0.053125 0.03125 0.01)
(0.0546875 0.03125 0.01)
(0.05625 0.03125 0.01)
(0.0578125 0.03125 0.01)
(0.059375 0.03125 0.01)
(0.0609375 0.03125 0.01)
(0.0625 0.03125 0.01)
(0.0640625 0.03125 0.01)
(0.065625 0.03125 0.01)
(0.0671875 0.03125 0.01)
(0.06875 0.03125 0.01)
(0.0703125 0.03125 0.01)
(0.071875 0.03125 0.01)
(0.0734375 0.03125 0.01)
(0.075 0.03125 0.01)
(0.0765625 0.03125 0.01)
(0.078125 0.03125 0.01)
(0.0796875 0.03125 0.01)
(0.08125 0.03125 0.01)
(0.0828125 0.03125 0.01)
(0.084375 0.03125 0.01)
(0.0859375 0.03125 0.01)
(0.0875 0.03125 0.01)
(0.0890625 0.03125 0.01)
(0.090625 0.03125 0.01)
(0.0921875 0.03125 0.01)
(0.09375 0.03125 0.01)
(0.0953125 0.03125 0.01)
(0.096875 0.03125 0.01)
(0.0984375 0.03125 0.01)
(0.1 0.03125 0.01)
(0 0.0328125 0.01)
(0.0015625 0.0328125 0.01)
(0.003125 0.0328125 0.01)
(0.0046875 0.0328125 0.01)
(0.00625 0.0328125 0.01)
(0.0078125 0.0328125 0.01)
(0.009375 0.0328125 0.01)
(0.0109375 0.0328125 0.01)
(0.0125 0.0328125 0.01)
(0.0140625 0.0328125 0.01)
(0.015625 0.0328125 0.01)
(0.0171875 0.0328125 0.01)
(0.01875 0.0328125 0.01)
(0.0203125 0.0328125 0.01)
(0.021875 0.0328125 0.01)
(0.0234375 0.0328125 0.01)
(0.025 0.0328125 0.01)
(0.0265625 0.0328125 0.01)
(0.028125 0.0328125 0.01)
(0.0296875 0.0328125 0.01)
(0.03125 0.0328125 0.01)
(0.0328125 0.0328125 0.01)
(0.034375 0.0328125 0.01)
(0.0359375 0.0328125 0.01)
(0.0375 0.0328125 0.01)
(0.0390625 0.0328125 0.01)
(0.040625 0.0328125 0.01)
(0.0421875 0.0328125 0.01)
(0.04375 0.0328125 0.01)
(0.0453125 0.0328125 0.01)
(0.046875 0.0328125 0.01)
(0.0484375 0.0328125 0.01)
(0.05 0.0328125 0.01)
(0.0515625 0.0328125 0.01)
(0.053125 0.0328125 0.01)
(0.0546875 0.0328125 0.01)
(0.05625 0.0328125 0.01)
(0.0578125 0.0328125 0.01)
(0.059375 0.0328125 0.01)
(0.0609375 0.0328125 0.01)
(0.0625 0.0328125 0.01)
(0.0640625 0.0328125 0.01)
(0.065625 0.0328125 0.01)
(0.0671875 0.0328125 0.01)
(0.06875 0.0328125 0.01)
(0.0703125 0.0328125 0.01)
(0.071875 0.0328125 0.01)
(0.0734375 0.0328125 0.01)
(0.075 0.0328125 0.01)
(0.0765625 0.0328125 0.01)
(0.078125 0.0328125 0.01)
(0.0796875 0.0328125 0.01)
(0.08125 0.0328125 0.01)
(0.0828125 0.0328125 0.01)
(0.084375 0.0328125 0.01)
(0.0859375 0.0328125 0.01)
(0.0875 0.0328125 0.01)
(0.0890625 0.0328125 0.01)
(0.090625 0.0328125 0.01)
(0.0921875 0.0328125 0.01)
(0.09375 0.0328125 0.01)
(0.0953125 0.0328125 0.01)
(0.096875 0.0328125 0.01)
(0.0984375 0.0328125 0.01)
(0.1 0.0328125 0.01)
(0 0.034375 0.01)
(0.0015625 0.034375 0.01)
(0.003125 0.034375 0.01)
(0.0046875 0.034375 0.01)
(0.00625 0.034375 0.01)
(0.0078125 0.034375 0.01)
(0.009375 0.034375 0.01)
(0.0109375 0.034375 0.01)
(0.0125 0.034375 0.01)
(0.0140625 0.034375 0.01)
(0.015625 0.034375 0.01)
(0.0171875 0.034375 0.01)
(0.01875 0.034375 0.01)
(0.0203125 0.034375 0.01)
(0.021875 0.034375 0.01)
(0.0234375 0.034375 0.01)
(0.025 0.034375 0.01)
(0.0265625 0.034375 0.01)
(0.028125 0.034375 0.01)
(0.0296875 0.034375 0.01)
(0.03125 0.034375 0.01)
(0.0328125 0.034375 0.01)
(0.034375 0.034375 0.01)
(0.0359375 0.034375 0.01)
(0.0375 0.034375 0.01)
(0.0390625 0.034375 0.01)
(0.040625 0.034375 0.01)
(0.0421875 0.034375 0.01)
(0.04375 0.034375 0.01)
(0.0453125 0.034375 0.01)
(0.046875 0.034375 0.01)
(0.0484375 0.034375 0.01)
(0.05 0.034375 0.01)
(0.0515625 0.034375 0.01)
(0.053125 0.034375 0.01)
(0.0546875 0.034375 0.01)
(0.05625 0.034375 0.01)
(0.0578125 0.034375 0.01)
(0.059375 0.034375 0.01)
(0.0609375 0.034375 0.01)
(0.0625 0.034375 0.01)
(0.0640625 0.034375 0.01)
(0.065625 0.034375 0.01)
(0.0671875 0.034375 0.01)
(0.06875 0.034375 0.01)
(0.0703125 0.034375 0.01)
(0.071875 0.034375 0.01)
(0.0734375 0.034375 0.01)
(0.075 0.034375 0.01)
(0.0765625 0.034375 0.01)
(0.078125 0.034375 0.01)
(0.0796875 0.034375 0.01)
(0.08125 0.034375 0.01)
(0.0828125 0.034375 0.01)
(0.084375 0.034375 0.01)
(0.0859375 0.034375 0.01)
(0.0875 0.034375 0.01)
(0.0890625 0.034375 0.01)
(0.090625 0.034375 0.01)
(0.0921875 0.034375 0.01)
(0.09375 0.034375 0.01)
(0.0953125 0.034375 0.01)
(0.096875 0.034375 0.01)
(0.0984375 0.034375 0.01)
(0.1 0.034375 0.01)
(0 0.0359375 0.01)
(0.0015625 0.0359375 0.01)
(0.003125 0.0359375 0.01)
(0.0046875 0.0359375 0.01)
(0.00625 0.0359375 0.01)
(0.0078125 0.0359375 0.01)
(0.009375 0.0359375 0.01)
(0.0109375 0.0359375 0.01)
(0.0125 0.0359375 0.01)
(0.0140625 0.0359375 0.01)
(0.015625 0.0359375 0.01)
(0.0171875 0.0359375 0.01)
(0.01875 0.0359375 0.01)
(0.0203125 0.0359375 0.01)
(0.021875 0.0359375 0.01)
(0.0234375 0.0359375 0.01)
(0.025 0.0359375 0.01)
(0.0265625 0.0359375 0.01)
(0.028125 0.0359375 0.01)
(0.0296875 0.0359375 0.01)
(0.03125 0.0359375 0.01)
(0.0328125 0.0359375 0.01)
(0.034375 0.0359375 0.01)
(0.0359375 0.0359375 0.01)
(0.0375 0.0359375 0.01)
(0.0390625 0.0359375 0.01)
(0.040625 0.0359375 0.01)
(0.0421875 0.0359375 0.01)
(0.04375 0.0359375 0.01)
(0.0453125 0.0359375 0.01)
(0.046875 0.0359375 0.01)
(0.0484375 0.0359375 0.01)
(0.05 0.0359375 0.01)
(0.0515625 0.0359375 0.01)
(0.053125 0.0359375 0.01)
(0.0546875 0.0359375 0.01)
(0.05625 0.0359375 0.01)
(0.0578125 0.0359375 0.01)
(0.059375 0.0359375 0.01)
(0.0609375 0.0359375 0.01)
(0.0625 0.0359375 0.01)
(0.0640625 0.0359375 0.01)
(0.065625 0.0359375 0.01)
(0.0671875 0.0359375 0.01)
(0.06875 0.0359375 0.01)
(0.0703125 0.0359375 0.01)
(0.071875 0.0359375 0.01)
(0.0734375 0.0359375 0.01)
(0.075 0.0359375 0.01)
(0.0765625 0.0359375 0.01)
(0.078125 0.0359375 0.01)
(0.0796875 0.0359375 0.01)
(0.08125 0.0359375 0.01)
(0.0828125 0.0359375 0.01)
(0.084375 0.0359375 0.01)
(0.0859375 0.0359375 0.01)
(0.0875 0.0359375 0.01)
(0.0890625 0.0359375 0.01)
(0.090625 0.0359375 0.01)
(0.0921875 0.0359375 0.01)
(0.09375 0.0359375 0.01)
(0.0953125 0.0359375 0.01)
(0.096875 0.0359375 0.01)
(0.0984375 0.0359375 0.01)
(0.1 0.0359375 0.01)
(0 0.0375 0.01)
(0.0015625 0.0375 0.01)
(0.003125 0.0375 0.01)
(0.0046875 0.0375 0.01)
(0.00625 0.0375 0.01)
(0.0078125 0.0375 0.01)
(0.009375 0.0375 0.01)
(0.0109375 0.0375 0.01)
(0.0125 0.0375 0.01)
(0.0140625 0.0375 0.01)
(0.015625 0.0375 0.01)
(0.0171875 0.0375 0.01)
(0.01875 0.0375 0.01)
(0.0203125 0.0375 0.01)
(0.021875 0.0375 0.01)
(0.0234375 0.0375 0.01)
(0.025 0.0375 0.01)
(0.0265625 0.0375 0.01)
(0.028125 0.0375 0.01)
(0.0296875 0.0375 0.01)
(0.03125 0.0375 0.01)
(0.0328125 0.0375 0.01)
(0.034375 0.0375 0.01)
(0.0359375 0.0375 0.01)
(0.0375 0.0375 0.01)
(0.0390625 0.0375 0.01)
(0.040625 0.0375 0.01)
(0.0421875 0.0375 0.01)
(0.04375 0.0375 0.01)
(0.0453125 0.0375 0.01)
(0.046875 0.0375 0.01)
(0.0484375 0.0375 0.01)
(0.05 0.0375 0.01)
(0.0515625 0.0375 0.01)
(0.053125 0.0375 0.01)
(0.0546875 0.0375 0.01)
(0.05625 0.0375 0.01)
(0.0578125 0.0375 0.01)
(0.059375 0.0375 0.01)
(0.0609375 0.0375 0.01)
(0.0625 0.0375 0.01)
(0.0640625 0.0375 0.01)
(0.065625 0.0375 0.01)
(0.0671875 0.0375 0.01)
(0.06875 0.0375 0.01)
(0.0703125 0.0375 0.01)
(0.071875 0.0375 0.01)
(0.0734375 0.0375 0.01)
(0.075 0.0375 0.01)
(0.0765625 0.0375 0.01)
(0.078125 0.0375 0.01)
(0.0796875 0.0375 0.01)
(0.08125 0.0375 0.01)
(0.0828125 0.0375 0.01)
(0.084375 0.0375 0.01)
(0.0859375 0.0375 0.01)
(0.0875 0.0375 0.01)
(0.0890625 0.0375 0.01)
(0.090625 0.0375 0.01)
(0.0921875 0.0375 0.01)
(0.09375 0.0375 0.01)
(0.0953125 0.0375 0.01)
(0.096875 0.0375 0.01)
(0.0984375 0.0375 0.01)
(0.1 0.0375 0.01)
(0 0.0390625 0.01)
(0.0015625 0.0390625 0.01)
(0.003125 0.0390625 0.01)
(0.0046875 0.0390625 0.01)
(0.00625 0.0390625 0.01)
(0.0078125 0.0390625 0.01)
(0.009375 0.0390625 0.01)
(0.0109375 0.0390625 0.01)
(0.0125 0.0390625 0.01)
(0.0140625 0.0390625 0.01)
(0.015625 0.0390625 0.01)
(0.0171875 0.0390625 0.01)
(0.01875 0.0390625 0.01)
(0.0203125 0.0390625 0.01)
(0.021875 0.0390625 0.01)
(0.0234375 0.0390625 0.01)
(0.025 0.0390625 0.01)
(0.0265625 0.0390625 0.01)
(0.028125 0.0390625 0.01)
(0.0296875 0.0390625 0.01)
(0.03125 0.0390625 0.01)
(0.0328125 0.0390625 0.01)
(0.034375 0.0390625 0.01)
(0.0359375 0.0390625 0.01)
(0.0375 0.0390625 0.01)
(0.0390625 0.0390625 0.01)
(0.040625 0.0390625 0.01)
(0.0421875 0.0390625 0.01)
(0.04375 0.0390625 0.01)
(0.0453125 0.0390625 0.01)
(0.046875 0.0390625 0.01)
(0.0484375 0.0390625 0.01)
(0.05 0.0390625 0.01)
(0.0515625 0.0390625 0.01)
(0.053125 0.0390625 0.01)
(0.0546875 0.0390625 0.01)
(0.05625 0.0390625 0.01)
(0.0578125 0.0390625 0.01)
(0.059375 0.0390625 0.01)
(0.0609375 0.0390625 0.01)
(0.0625 0.0390625 0.01)
(0.0640625 0.0390625 0.01)
(0.065625 0.0390625 0.01)
(0.0671875 0.0390625 0.01)
(0.06875 0.0390625 0.01)
(0.0703125 0.0390625 0.01)
(0.071875 0.0390625 0.01)
(0.0734375 0.0390625 0.01)
(0.075 0.0390625 0.01)
(0.0765625 0.0390625 0.01)
(0.078125 0.0390625 0.01)
(0.0796875 0.0390625 0.01)
(0.08125 0.0390625 0.01)
(0.0828125 0.0390625 0.01)
(0.084375 0.0390625 0.01)
(0.0859375 0.0390625 0.01)
(0.0875 0.0390625 0.01)
(0.0890625 0.0390625 0.01)
(0.090625 0.0390625 0.01)
(0.0921875 0.0390625 0.01)
(0.09375 0.0390625 0.01)
(0.0953125 0.0390625 0.01)
(0.096875 0.0390625 0.01)
(0.0984375 0.0390625 0.01)
(0.1 0.0390625 0.01)
(0 0.040625 0.01)
(0.0015625 0.040625 0.01)
(0.003125 0.040625 0.01)
(0.0046875 0.040625 0.01)
(0.00625 0.040625 0.01)
(0.0078125 0.040625 0.01)
(0.009375 0.040625 0.01)
(0.0109375 0.040625 0.01)
(0.0125 0.040625 0.01)
(0.0140625 0.040625 0.01)
(0.015625 0.040625 0.01)
(0.0171875 0.040625 0.01)
(0.01875 0.040625 0.01)
(0.0203125 0.040625 0.01)
(0.021875 0.040625 0.01)
(0.0234375 0.040625 0.01)
(0.025 0.040625 0.01)
(0.0265625 0.040625 0.01)
(0.028125 0.040625 0.01)
(0.0296875 0.040625 0.01)
(0.03125 0.040625 0.01)
(0.0328125 0.040625 0.01)
(0.034375 0.040625 0.01)
(0.0359375 0.040625 0.01)
(0.0375 0.040625 0.01)
(0.0390625 0.040625 0.01)
(0.040625 0.040625 0.01)
(0.0421875 0.040625 0.01)
(0.04375 0.040625 0.01)
(0.0453125 0.040625 0.01)
(0.046875 0.040625 0.01)
(0.0484375 0.040625 0.01)
(0.05 0.040625 0.01)
(0.0515625 0.040625 0.01)
(0.053125 0.040625 0.01)
(0.0546875 0.040625 0.01)
(0.05625 0.040625 0.01)
(0.0578125 0.040625 0.01)
(0.059375 0.040625 0.01)
(0.0609375 0.040625 0.01)
(0.0625 0.040625 0.01)
(0.0640625 0.040625 0.01)
(0.065625 0.040625 0.01)
(0.0671875 0.040625 0.01)
(0.06875 0.040625 0.01)
(0.0703125 0.040625 0.01)
(0.071875 0.040625 0.01)
(0.0734375 0.040625 0.01)
(0.075 0.040625 0.01)
(0.0765625 0.040625 0.01)
(0.078125 0.040625 0.01)
(0.0796875 0.040625 0.01)
(0.08125 0.040625 0.01)
(0.0828125 0.040625 0.01)
(0.084375 0.040625 0.01)
(0.0859375 0.040625 0.01)
(0.0875 0.040625 0.01)
(0.0890625 0.040625 0.01)
(0.090625 0.040625 0.01)
(0.0921875 0.040625 0.01)
(0.09375 0.040625 0.01)
(0.0953125 0.040625 0.01)
(0.096875 0.040625 0.01)
(0.0984375 0.040625 0.01)
(0.1 0.040625 0.01)
(0 0.0421875 0.01)
(0.0015625 0.0421875 0.01)
(0.003125 0.0421875 0.01)
(0.0046875 0.0421875 0.01)
(0.00625 0.0421875 0.01)
(0.0078125 0.0421875 0.01)
(0.009375 0.0421875 0.01)
(0.0109375 0.0421875 0.01)
(0.0125 0.0421875 0.01)
(0.0140625 0.0421875 0.01)
(0.015625 0.0421875 0.01)
(0.0171875 0.0421875 0.01)
(0.01875 0.0421875 0.01)
(0.0203125 0.0421875 0.01)
(0.021875 0.0421875 0.01)
(0.0234375 0.0421875 0.01)
(0.025 0.0421875 0.01)
(0.0265625 0.0421875 0.01)
(0.028125 0.0421875 0.01)
(0.0296875 0.0421875 0.01)
(0.03125 0.0421875 0.01)
(0.0328125 0.0421875 0.01)
(0.034375 0.0421875 0.01)
(0.0359375 0.0421875 0.01)
(0.0375 0.0421875 0.01)
(0.0390625 0.0421875 0.01)
(0.040625 0.0421875 0.01)
(0.0421875 0.0421875 0.01)
(0.04375 0.0421875 0.01)
(0.0453125 0.0421875 0.01)
(0.046875 0.0421875 0.01)
(0.0484375 0.0421875 0.01)
(0.05 0.0421875 0.01)
(0.0515625 0.0421875 0.01)
(0.053125 0.0421875 0.01)
(0.0546875 0.0421875 0.01)
(0.05625 0.0421875 0.01)
(0.0578125 0.0421875 0.01)
(0.059375 0.0421875 0.01)
(0.0609375 0.0421875 0.01)
(0.0625 0.0421875 0.01)
(0.0640625 0.0421875 0.01)
(0.065625 0.0421875 0.01)
(0.0671875 0.0421875 0.01)
(0.06875 0.0421875 0.01)
(0.0703125 0.0421875 0.01)
(0.071875 0.0421875 0.01)
(0.0734375 0.0421875 0.01)
(0.075 0.0421875 0.01)
(0.0765625 0.0421875 0.01)
(0.078125 0.0421875 0.01)
(0.0796875 0.0421875 0.01)
(0.08125 0.0421875 0.01)
(0.0828125 0.0421875 0.01)
(0.084375 0.0421875 0.01)
(0.0859375 0.0421875 0.01)
(0.0875 0.0421875 0.01)
(0.0890625 0.0421875 0.01)
(0.090625 0.0421875 0.01)
(0.0921875 0.0421875 0.01)
(0.09375 0.0421875 0.01)
(0.0953125 0.0421875 0.01)
(0.096875 0.0421875 0.01)
(0.0984375 0.0421875 0.01)
(0.1 0.0421875 0.01)
(0 0.04375 0.01)
(0.0015625 0.04375 0.01)
(0.003125 0.04375 0.01)
(0.0046875 0.04375 0.01)
(0.00625 0.04375 0.01)
(0.0078125 0.04375 0.01)
(0.009375 0.04375 0.01)
(0.0109375 0.04375 0.01)
(0.0125 0.04375 0.01)
(0.0140625 0.04375 0.01)
(0.015625 0.04375 0.01)
(0.0171875 0.04375 0.01)
(0.01875 0.04375 0.01)
(0.0203125 0.04375 0.01)
(0.021875 0.04375 0.01)
(0.0234375 0.04375 0.01)
(0.025 0.04375 0.01)
(0.0265625 0.04375 0.01)
(0.028125 0.04375 0.01)
(0.0296875 0.04375 0.01)
(0.03125 0.04375 0.01)
(0.0328125 0.04375 0.01)
(0.034375 0.04375 0.01)
(0.0359375 0.04375 0.01)
(0.0375 0.04375 0.01)
(0.0390625 0.04375 0.01)
(0.040625 0.04375 0.01)
(0.0421875 0.04375 0.01)
(0.04375 0.04375 0.01)
(0.0453125 0.04375 0.01)
(0.046875 0.04375 0.01)
(0.0484375 0.04375 0.01)
(0.05 0.04375 0.01)
(0.0515625 0.04375 0.01)
(0.053125 0.04375 0.01)
(0.0546875 0.04375 0.01)
(0.05625 0.04375 0.01)
(0.0578125 0.04375 0.01)
(0.059375 0.04375 0.01)
(0.0609375 0.04375 0.01)
(0.0625 0.04375 0.01)
(0.0640625 0.04375 0.01)
(0.065625 0.04375 0.01)
(0.0671875 0.04375 0.01)
(0.06875 0.04375 0.01)
(0.0703125 0.04375 0.01)
(0.071875 0.04375 0.01)
(0.0734375 0.04375 0.01)
(0.075 0.04375 0.01)
(0.0765625 0.04375 0.01)
(0.078125 0.04375 0.01)
(0.0796875 0.04375 0.01)
(0.08125 0.04375 0.01)
(0.0828125 0.04375 0.01)
(0.084375 0.04375 0.01)
(0.0859375 0.04375 0.01)
(0.0875 0.04375 0.01)
(0.0890625 0.04375 0.01)
(0.090625 0.04375 0.01)
(0.0921875 0.04375 0.01)
(0.09375 0.04375 0.01)
(0.0953125 0.04375 0.01)
(0.096875 0.04375 0.01)
(0.0984375 0.04375 0.01)
(0.1 0.04375 0.01)
(0 0.0453125 0.01)
(0.0015625 0.0453125 0.01)
(0.003125 0.0453125 0.01)
(0.0046875 0.0453125 0.01)
(0.00625 0.0453125 0.01)
(0.0078125 0.0453125 0.01)
(0.009375 0.0453125 0.01)
(0.0109375 0.0453125 0.01)
(0.0125 0.0453125 0.01)
(0.0140625 0.0453125 0.01)
(0.015625 0.0453125 0.01)
(0.0171875 0.0453125 0.01)
(0.01875 0.0453125 0.01)
(0.0203125 0.0453125 0.01)
(0.021875 0.0453125 0.01)
(0.0234375 0.0453125 0.01)
(0.025 0.0453125 0.01)
(0.0265625 0.0453125 0.01)
(0.028125 0.0453125 0.01)
(0.0296875 0.0453125 0.01)
(0.03125 0.0453125 0.01)
(0.0328125 0.0453125 0.01)
(0.034375 0.0453125 0.01)
(0.0359375 0.0453125 0.01)
(0.0375 0.0453125 0.01)
(0.0390625 0.0453125 0.01)
(0.040625 0.0453125 0.01)
(0.0421875 0.0453125 0.01)
(0.04375 0.0453125 0.01)
(0.0453125 0.0453125 0.01)
(0.046875 0.0453125 0.01)
(0.0484375 0.0453125 0.01)
(0.05 0.0453125 0.01)
(0.0515625 0.0453125 0.01)
(0.053125 0.0453125 0.01)
(0.0546875 0.0453125 0.01)
(0.05625 0.0453125 0.01)
(0.0578125 0.0453125 0.01)
(0.059375 0.0453125 0.01)
(0.0609375 0.0453125 0.01)
(0.0625 0.0453125 0.01)
(0.0640625 0.0453125 0.01)
(0.065625 0.0453125 0.01)
(0.0671875 0.0453125 0.01)
(0.06875 0.0453125 0.01)
(0.0703125 0.0453125 0.01)
(0.071875 0.0453125 0.01)
(0.0734375 0.0453125 0.01)
(0.075 0.0453125 0.01)
(0.0765625 0.0453125 0.01)
(0.078125 0.0453125 0.01)
(0.0796875 0.0453125 0.01)
(0.08125 0.0453125 0.01)
(0.0828125 0.0453125 0.01)
(0.084375 0.0453125 0.01)
(0.0859375 0.0453125 0.01)
(0.0875 0.0453125 0.01)
(0.0890625 0.0453125 0.01)
(0.090625 0.0453125 0.01)
(0.0921875 0.0453125 0.01)
(0.09375 0.0453125 0.01)
(0.0953125 0.0453125 0.01)
(0.096875 0.0453125 0.01)
(0.0984375 0.0453125 0.01)
(0.1 0.0453125 0.01)
(0 0.046875 0.01)
(0.0015625 0.046875 0.01)
(0.003125 0.046875 0.01)
(0.0046875 0.046875 0.01)
(0.00625 0.046875 0.01)
(0.0078125 0.046875 0.01)
(0.009375 0.046875 0.01)
(0.0109375 0.046875 0.01)
(0.0125 0.046875 0.01)
(0.0140625 0.046875 0.01)
(0.015625 0.046875 0.01)
(0.0171875 0.046875 0.01)
(0.01875 0.046875 0.01)
(0.0203125 0.046875 0.01)
(0.021875 0.046875 0.01)
(0.0234375 0.046875 0.01)
(0.025 0.046875 0.01)
(0.0265625 0.046875 0.01)
(0.028125 0.046875 0.01)
(0.0296875 0.046875 0.01)
(0.03125 0.046875 0.01)
(0.0328125 0.046875 0.01)
(0.034375 0.046875 0.01)
(0.0359375 0.046875 0.01)
(0.0375 0.046875 0.01)
(0.0390625 0.046875 0.01)
(0.040625 0.046875 0.01)
(0.0421875 0.046875 0.01)
(0.04375 0.046875 0.01)
(0.0453125 0.046875 0.01)
(0.046875 0.046875 0.01)
(0.0484375 0.046875 0.01)
(0.05 0.046875 0.01)
(0.0515625 0.046875 0.01)
(0.053125 0.046875 0.01)
(0.0546875 0.046875 0.01)
(0.05625 0.046875 0.01)
(0.0578125 0.046875 0.01)
(0.059375 0.046875 0.01)
(0.0609375 0.046875 0.01)
(0.0625 0.046875 0.01)
(0.0640625 0.046875 0.01)
(0.065625 0.046875 0.01)
(0.0671875 0.046875 0.01)
(0.06875 0.046875 0.01)
(0.0703125 0.046875 0.01)
(0.071875 0.046875 0.01)
(0.0734375 0.046875 0.01)
(0.075 0.046875 0.01)
(0.0765625 0.046875 0.01)
(0.078125 0.046875 0.01)
(0.0796875 0.046875 0.01)
(0.08125 0.046875 0.01)
(0.0828125 0.046875 0.01)
(0.084375 0.046875 0.01)
(0.0859375 0.046875 0.01)
(0.0875 0.046875 0.01)
(0.0890625 0.046875 0.01)
(0.090625 0.046875 0.01)
(0.0921875 0.046875 0.01)
(0.09375 0.046875 0.01)
(0.0953125 0.046875 0.01)
(0.096875 0.046875 0.01)
(0.0984375 0.046875 0.01)
(0.1 0.046875 0.01)
(0 0.0484375 0.01)
(0.0015625 0.0484375 0.01)
(0.003125 0.0484375 0.01)
(0.0046875 0.0484375 0.01)
(0.00625 0.0484375 0.01)
(0.0078125 0.0484375 0.01)
(0.009375 0.0484375 0.01)
(0.0109375 0.0484375 0.01)
(0.0125 0.0484375 0.01)
(0.0140625 0.0484375 0.01)
(0.015625 0.0484375 0.01)
(0.0171875 0.0484375 0.01)
(0.01875 0.0484375 0.01)
(0.0203125 0.0484375 0.01)
(0.021875 0.0484375 0.01)
(0.0234375 0.0484375 0.01)
(0.025 0.0484375 0.01)
(0.0265625 0.0484375 0.01)
(0.028125 0.0484375 0.01)
(0.0296875 0.0484375 0.01)
(0.03125 0.0484375 0.01)
(0.0328125 0.0484375 0.01)
(0.034375 0.0484375 0.01)
(0.0359375 0.0484375 0.01)
(0.0375 0.0484375 0.01)
(0.0390625 0.0484375 0.01)
(0.040625 0.0484375 0.01)
(0.0421875 0.0484375 0.01)
(0.04375 0.0484375 0.01)
(0.0453125 0.0484375 0.01)
(0.046875 0.0484375 0.01)
(0.0484375 0.0484375 0.01)
(0.05 0.0484375 0.01)
(0.0515625 0.0484375 0.01)
(0.053125 0.0484375 0.01)
(0.0546875 0.0484375 0.01)
(0.05625 0.0484375 0.01)
(0.0578125 0.0484375 0.01)
(0.059375 0.0484375 0.01)
(0.0609375 0.0484375 0.01)
(0.0625 0.0484375 0.01)
(0.0640625 0.0484375 0.01)
(0.065625 0.0484375 0.01)
(0.0671875 0.0484375 0.01)
(0.06875 0.0484375 0.01)
(0.0703125 0.0484375 0.01)
(0.071875 0.0484375 0.01)
(0.0734375 0.0484375 0.01)
(0.075 0.0484375 0.01)
(0.0765625 0.0484375 0.01)
(0.078125 0.0484375 0.01)
(0.0796875 0.0484375 0.01)
(0.08125 0.0484375 0.01)
(0.0828125 0.0484375 0.01)
(0.084375 0.0484375 0.01)
(0.0859375 0.0484375 0.01)
(0.0875 0.0484375 0.01)
(0.0890625 0.0484375 0.01)
(0.090625 0.0484375 0.01)
(0.0921875 0.0484375 0.01)
(0.09375 0.0484375 0.01)
(0.0953125 0.0484375 0.01)
(0.096875 0.0484375 0.01)
(0.0984375 0.0484375 0.01)
(0.1 0.0484375 0.01)
(0 0.05 0.01)
(0.0015625 0.05 0.01)
(0.003125 0.05 0.01)
(0.0046875 0.05 0.01)
(0.00625 0.05 0.01)
(0.0078125 0.05 0.01)
(0.009375 0.05 0.01)
(0.0109375 0.05 0.01)
(0.0125 0.05 0.01)
(0.0140625 0.05 0.01)
(0.015625 0.05 0.01)
(0.0171875 0.05 0.01)
(0.01875 0.05 0.01)
(0.0203125 0.05 0.01)
(0.021875 0.05 0.01)
(0.0234375 0.05 0.01)
(0.025 0.05 0.01)
(0.0265625 0.05 0.01)
(0.028125 0.05 0.01)
(0.0296875 0.05 0.01)
(0.03125 0.05 0.01)
(0.0328125 0.05 0.01)
(0.034375 0.05 0.01)
(0.0359375 0.05 0.01)
(0.0375 0.05 0.01)
(0.0390625 0.05 0.01)
(0.040625 0.05 0.01)
(0.0421875 0.05 0.01)
(0.04375 0.05 0.01)
(0.0453125 0.05 0.01)
(0.046875 0.05 0.01)
(0.0484375 0.05 0.01)
(0.05 0.05 0.01)
(0.0515625 0.05 0.01)
(0.053125 0.05 0.01)
(0.0546875 0.05 0.01)
(0.05625 0.05 0.01)
(0.0578125 0.05 0.01)
(0.059375 0.05 0.01)
(0.0609375 0.05 0.01)
(0.0625 0.05 0.01)
(0.0640625 0.05 0.01)
(0.065625 0.05 0.01)
(0.0671875 0.05 0.01)
(0.06875 0.05 0.01)
(0.0703125 0.05 0.01)
(0.071875 0.05 0.01)
(0.0734375 0.05 0.01)
(0.075 0.05 0.01)
(0.0765625 0.05 0.01)
(0.078125 0.05 0.01)
(0.0796875 0.05 0.01)
(0.08125 0.05 0.01)
(0.0828125 0.05 0.01)
(0.084375 0.05 0.01)
(0.0859375 0.05 0.01)
(0.0875 0.05 0.01)
(0.0890625 0.05 0.01)
(0.090625 0.05 0.01)
(0.0921875 0.05 0.01)
(0.09375 0.05 0.01)
(0.0953125 0.05 0.01)
(0.096875 0.05 0.01)
(0.0984375 0.05 0.01)
(0.1 0.05 0.01)
(0 0.0515625 0.01)
(0.0015625 0.0515625 0.01)
(0.003125 0.0515625 0.01)
(0.0046875 0.0515625 0.01)
(0.00625 0.0515625 0.01)
(0.0078125 0.0515625 0.01)
(0.009375 0.0515625 0.01)
(0.0109375 0.0515625 0.01)
(0.0125 0.0515625 0.01)
(0.0140625 0.0515625 0.01)
(0.015625 0.0515625 0.01)
(0.0171875 0.0515625 0.01)
(0.01875 0.0515625 0.01)
(0.0203125 0.0515625 0.01)
(0.021875 0.0515625 0.01)
(0.0234375 0.0515625 0.01)
(0.025 0.0515625 0.01)
(0.0265625 0.0515625 0.01)
(0.028125 0.0515625 0.01)
(0.0296875 0.0515625 0.01)
(0.03125 0.0515625 0.01)
(0.0328125 0.0515625 0.01)
(0.034375 0.0515625 0.01)
(0.0359375 0.0515625 0.01)
(0.0375 0.0515625 0.01)
(0.0390625 0.0515625 0.01)
(0.040625 0.0515625 0.01)
(0.0421875 0.0515625 0.01)
(0.04375 0.0515625 0.01)
(0.0453125 0.0515625 0.01)
(0.046875 0.0515625 0.01)
(0.0484375 0.0515625 0.01)
(0.05 0.0515625 0.01)
(0.0515625 0.0515625 0.01)
(0.053125 0.0515625 0.01)
(0.0546875 0.0515625 0.01)
(0.05625 0.0515625 0.01)
(0.0578125 0.0515625 0.01)
(0.059375 0.0515625 0.01)
(0.0609375 0.0515625 0.01)
(0.0625 0.0515625 0.01)
(0.0640625 0.0515625 0.01)
(0.065625 0.0515625 0.01)
(0.0671875 0.0515625 0.01)
(0.06875 0.0515625 0.01)
(0.0703125 0.0515625 0.01)
(0.071875 0.0515625 0.01)
(0.0734375 0.0515625 0.01)
(0.075 0.0515625 0.01)
(0.0765625 0.0515625 0.01)
(0.078125 0.0515625 0.01)
(0.0796875 0.0515625 0.01)
(0.08125 0.0515625 0.01)
(0.0828125 0.0515625 0.01)
(0.084375 0.0515625 0.01)
(0.0859375 0.0515625 0.01)
(0.0875 0.0515625 0.01)
(0.0890625 0.0515625 0.01)
(0.090625 0.0515625 0.01)
(0.0921875 0.0515625 0.01)
(0.09375 0.0515625 0.01)
(0.0953125 0.0515625 0.01)
(0.096875 0.0515625 0.01)
(0.0984375 0.0515625 0.01)
(0.1 0.0515625 0.01)
(0 0.053125 0.01)
(0.0015625 0.053125 0.01)
(0.003125 0.053125 0.01)
(0.0046875 0.053125 0.01)
(0.00625 0.053125 0.01)
(0.0078125 0.053125 0.01)
(0.009375 0.053125 0.01)
(0.0109375 0.053125 0.01)
(0.0125 0.053125 0.01)
(0.0140625 0.053125 0.01)
(0.015625 0.053125 0.01)
(0.0171875 0.053125 0.01)
(0.01875 0.053125 0.01)
(0.0203125 0.053125 0.01)
(0.021875 0.053125 0.01)
(0.0234375 0.053125 0.01)
(0.025 0.053125 0.01)
(0.0265625 0.053125 0.01)
(0.028125 0.053125 0.01)
(0.0296875 0.053125 0.01)
(0.03125 0.053125 0.01)
(0.0328125 0.053125 0.01)
(0.034375 0.053125 0.01)
(0.0359375 0.053125 0.01)
(0.0375 0.053125 0.01)
(0.0390625 0.053125 0.01)
(0.040625 0.053125 0.01)
(0.0421875 0.053125 0.01)
(0.04375 0.053125 0.01)
(0.0453125 0.053125 0.01)
(0.046875 0.053125 0.01)
(0.0484375 0.053125 0.01)
(0.05 0.053125 0.01)
(0.0515625 0.053125 0.01)
(0.053125 0.053125 0.01)
(0.0546875 0.053125 0.01)
(0.05625 0.053125 0.01)
(0.0578125 0.053125 0.01)
(0.059375 0.053125 0.01)
(0.0609375 0.053125 0.01)
(0.0625 0.053125 0.01)
(0.0640625 0.053125 0.01)
(0.065625 0.053125 0.01)
(0.0671875 0.053125 0.01)
(0.06875 0.053125 0.01)
(0.0703125 0.053125 0.01)
(0.071875 0.053125 0.01)
(0.0734375 0.053125 0.01)
(0.075 0.053125 0.01)
(0.0765625 0.053125 0.01)
(0.078125 0.053125 0.01)
(0.0796875 0.053125 0.01)
(0.08125 0.053125 0.01)
(0.0828125 0.053125 0.01)
(0.084375 0.053125 0.01)
(0.0859375 0.053125 0.01)
(0.0875 0.053125 0.01)
(0.0890625 0.053125 0.01)
(0.090625 0.053125 0.01)
(0.0921875 0.053125 0.01)
(0.09375 0.053125 0.01)
(0.0953125 0.053125 0.01)
(0.096875 0.053125 0.01)
(0.0984375 0.053125 0.01)
(0.1 0.053125 0.01)
(0 0.0546875 0.01)
(0.0015625 0.0546875 0.01)
(0.003125 0.0546875 0.01)
(0.0046875 0.0546875 0.01)
(0.00625 0.0546875 0.01)
(0.0078125 0.0546875 0.01)
(0.009375 0.0546875 0.01)
(0.0109375 0.0546875 0.01)
(0.0125 0.0546875 0.01)
(0.0140625 0.0546875 0.01)
(0.015625 0.0546875 0.01)
(0.0171875 0.0546875 0.01)
(0.01875 0.0546875 0.01)
(0.0203125 0.0546875 0.01)
(0.021875 0.0546875 0.01)
(0.0234375 0.0546875 0.01)
(0.025 0.0546875 0.01)
(0.0265625 0.0546875 0.01)
(0.028125 0.0546875 0.01)
(0.0296875 0.0546875 0.01)
(0.03125 0.0546875 0.01)
(0.0328125 0.0546875 0.01)
(0.034375 0.0546875 0.01)
(0.0359375 0.0546875 0.01)
(0.0375 0.0546875 0.01)
(0.0390625 0.0546875 0.01)
(0.040625 0.0546875 0.01)
(0.0421875 0.0546875 0.01)
(0.04375 0.0546875 0.01)
(0.0453125 0.0546875 0.01)
(0.046875 0.0546875 0.01)
(0.0484375 0.0546875 0.01)
(0.05 0.0546875 0.01)
(0.0515625 0.0546875 0.01)
(0.053125 0.0546875 0.01)
(0.0546875 0.0546875 0.01)
(0.05625 0.0546875 0.01)
(0.0578125 0.0546875 0.01)
(0.059375 0.0546875 0.01)
(0.0609375 0.0546875 0.01)
(0.0625 0.0546875 0.01)
(0.0640625 0.0546875 0.01)
(0.065625 0.0546875 0.01)
(0.0671875 0.0546875 0.01)
(0.06875 0.0546875 0.01)
(0.0703125 0.0546875 0.01)
(0.071875 0.0546875 0.01)
(0.0734375 0.0546875 0.01)
(0.075 0.0546875 0.01)
(0.0765625 0.0546875 0.01)
(0.078125 0.0546875 0.01)
(0.0796875 0.0546875 0.01)
(0.08125 0.0546875 0.01)
(0.0828125 0.0546875 0.01)
(0.084375 0.0546875 0.01)
(0.0859375 0.0546875 0.01)
(0.0875 0.0546875 0.01)
(0.0890625 0.0546875 0.01)
(0.090625 0.0546875 0.01)
(0.0921875 0.0546875 0.01)
(0.09375 0.0546875 0.01)
(0.0953125 0.0546875 0.01)
(0.096875 0.0546875 0.01)
(0.0984375 0.0546875 0.01)
(0.1 0.0546875 0.01)
(0 0.05625 0.01)
(0.0015625 0.05625 0.01)
(0.003125 0.05625 0.01)
(0.0046875 0.05625 0.01)
(0.00625 0.05625 0.01)
(0.0078125 0.05625 0.01)
(0.009375 0.05625 0.01)
(0.0109375 0.05625 0.01)
(0.0125 0.05625 0.01)
(0.0140625 0.05625 0.01)
(0.015625 0.05625 0.01)
(0.0171875 0.05625 0.01)
(0.01875 0.05625 0.01)
(0.0203125 0.05625 0.01)
(0.021875 0.05625 0.01)
(0.0234375 0.05625 0.01)
(0.025 0.05625 0.01)
(0.0265625 0.05625 0.01)
(0.028125 0.05625 0.01)
(0.0296875 0.05625 0.01)
(0.03125 0.05625 0.01)
(0.0328125 0.05625 0.01)
(0.034375 0.05625 0.01)
(0.0359375 0.05625 0.01)
(0.0375 0.05625 0.01)
(0.0390625 0.05625 0.01)
(0.040625 0.05625 0.01)
(0.0421875 0.05625 0.01)
(0.04375 0.05625 0.01)
(0.0453125 0.05625 0.01)
(0.046875 0.05625 0.01)
(0.0484375 0.05625 0.01)
(0.05 0.05625 0.01)
(0.0515625 0.05625 0.01)
(0.053125 0.05625 0.01)
(0.0546875 0.05625 0.01)
(0.05625 0.05625 0.01)
(0.0578125 0.05625 0.01)
(0.059375 0.05625 0.01)
(0.0609375 0.05625 0.01)
(0.0625 0.05625 0.01)
(0.0640625 0.05625 0.01)
(0.065625 0.05625 0.01)
(0.0671875 0.05625 0.01)
(0.06875 0.05625 0.01)
(0.0703125 0.05625 0.01)
(0.071875 0.05625 0.01)
(0.0734375 0.05625 0.01)
(0.075 0.05625 0.01)
(0.0765625 0.05625 0.01)
(0.078125 0.05625 0.01)
(0.0796875 0.05625 0.01)
(0.08125 0.05625 0.01)
(0.0828125 0.05625 0.01)
(0.084375 0.05625 0.01)
(0.0859375 0.05625 0.01)
(0.0875 0.05625 0.01)
(0.0890625 0.05625 0.01)
(0.090625 0.05625 0.01)
(0.0921875 0.05625 0.01)
(0.09375 0.05625 0.01)
(0.0953125 0.05625 0.01)
(0.096875 0.05625 0.01)
(0.0984375 0.05625 0.01)
(0.1 0.05625 0.01)
(0 0.0578125 0.01)
(0.0015625 0.0578125 0.01)
(0.003125 0.0578125 0.01)
(0.0046875 0.0578125 0.01)
(0.00625 0.0578125 0.01)
(0.0078125 0.0578125 0.01)
(0.009375 0.0578125 0.01)
(0.0109375 0.0578125 0.01)
(0.0125 0.0578125 0.01)
(0.0140625 0.0578125 0.01)
(0.015625 0.0578125 0.01)
(0.0171875 0.0578125 0.01)
(0.01875 0.0578125 0.01)
(0.0203125 0.0578125 0.01)
(0.021875 0.0578125 0.01)
(0.0234375 0.0578125 0.01)
(0.025 0.0578125 0.01)
(0.0265625 0.0578125 0.01)
(0.028125 0.0578125 0.01)
(0.0296875 0.0578125 0.01)
(0.03125 0.0578125 0.01)
(0.0328125 0.0578125 0.01)
(0.034375 0.0578125 0.01)
(0.0359375 0.0578125 0.01)
(0.0375 0.0578125 0.01)
(0.0390625 0.0578125 0.01)
(0.040625 0.0578125 0.01)
(0.0421875 0.0578125 0.01)
(0.04375 0.0578125 0.01)
(0.0453125 0.0578125 0.01)
(0.046875 0.0578125 0.01)
(0.0484375 0.0578125 0.01)
(0.05 0.0578125 0.01)
(0.0515625 0.0578125 0.01)
(0.053125 0.0578125 0.01)
(0.0546875 0.0578125 0.01)
(0.05625 0.0578125 0.01)
(0.0578125 0.0578125 0.01)
(0.059375 0.0578125 0.01)
(0.0609375 0.0578125 0.01)
(0.0625 0.0578125 0.01)
(0.0640625 0.0578125 0.01)
(0.065625 0.0578125 0.01)
(0.0671875 0.0578125 0.01)
(0.06875 0.0578125 0.01)
(0.0703125 0.0578125 0.01)
(0.071875 0.0578125 0.01)
(0.0734375 0.0578125 0.01)
(0.075 0.0578125 0.01)
(0.0765625 0.0578125 0.01)
(0.078125 0.0578125 0.01)
(0.0796875 0.0578125 0.01)
(0.08125 0.0578125 0.01)
(0.0828125 0.0578125 0.01)
(0.084375 0.0578125 0.01)
(0.0859375 0.0578125 0.01)
(0.0875 0.0578125 0.01)
(0.0890625 0.0578125 0.01)
(0.090625 0.0578125 0.01)
(0.0921875 0.0578125 0.01)
(0.09375 0.0578125 0.01)
(0.0953125 0.0578125 0.01)
(0.096875 0.0578125 0.01)
(0.0984375 0.0578125 0.01)
(0.1 0.0578125 0.01)
(0 0.059375 0.01)
(0.0015625 0.059375 0.01)
(0.003125 0.059375 0.01)
(0.0046875 0.059375 0.01)
(0.00625 0.059375 0.01)
(0.0078125 0.059375 0.01)
(0.009375 0.059375 0.01)
(0.0109375 0.059375 0.01)
(0.0125 0.059375 0.01)
(0.0140625 0.059375 0.01)
(0.015625 0.059375 0.01)
(0.0171875 0.059375 0.01)
(0.01875 0.059375 0.01)
(0.0203125 0.059375 0.01)
(0.021875 0.059375 0.01)
(0.0234375 0.059375 0.01)
(0.025 0.059375 0.01)
(0.0265625 0.059375 0.01)
(0.028125 0.059375 0.01)
(0.0296875 0.059375 0.01)
(0.03125 0.059375 0.01)
(0.0328125 0.059375 0.01)
(0.034375 0.059375 0.01)
(0.0359375 0.059375 0.01)
(0.0375 0.059375 0.01)
(0.0390625 0.059375 0.01)
(0.040625 0.059375 0.01)
(0.0421875 0.059375 0.01)
(0.04375 0.059375 0.01)
(0.0453125 0.059375 0.01)
(0.046875 0.059375 0.01)
(0.0484375 0.059375 0.01)
(0.05 0.059375 0.01)
(0.0515625 0.059375 0.01)
(0.053125 0.059375 0.01)
(0.0546875 0.059375 0.01)
(0.05625 0.059375 0.01)
(0.0578125 0.059375 0.01)
(0.059375 0.059375 0.01)
(0.0609375 0.059375 0.01)
(0.0625 0.059375 0.01)
(0.0640625 0.059375 0.01)
(0.065625 0.059375 0.01)
(0.0671875 0.059375 0.01)
(0.06875 0.059375 0.01)
(0.0703125 0.059375 0.01)
(0.071875 0.059375 0.01)
(0.0734375 0.059375 0.01)
(0.075 0.059375 0.01)
(0.0765625 0.059375 0.01)
(0.078125 0.059375 0.01)
(0.0796875 0.059375 0.01)
(0.08125 0.059375 0.01)
(0.0828125 0.059375 0.01)
(0.084375 0.059375 0.01)
(0.0859375 0.059375 0.01)
(0.0875 0.059375 0.01)
(0.0890625 0.059375 0.01)
(0.090625 0.059375 0.01)
(0.0921875 0.059375 0.01)
(0.09375 0.059375 0.01)
(0.0953125 0.059375 0.01)
(0.096875 0.059375 0.01)
(0.0984375 0.059375 0.01)
(0.1 0.059375 0.01)
(0 0.0609375 0.01)
(0.0015625 0.0609375 0.01)
(0.003125 0.0609375 0.01)
(0.0046875 0.0609375 0.01)
(0.00625 0.0609375 0.01)
(0.0078125 0.0609375 0.01)
(0.009375 0.0609375 0.01)
(0.0109375 0.0609375 0.01)
(0.0125 0.0609375 0.01)
(0.0140625 0.0609375 0.01)
(0.015625 0.0609375 0.01)
(0.0171875 0.0609375 0.01)
(0.01875 0.0609375 0.01)
(0.0203125 0.0609375 0.01)
(0.021875 0.0609375 0.01)
(0.0234375 0.0609375 0.01)
(0.025 0.0609375 0.01)
(0.0265625 0.0609375 0.01)
(0.028125 0.0609375 0.01)
(0.0296875 0.0609375 0.01)
(0.03125 0.0609375 0.01)
(0.0328125 0.0609375 0.01)
(0.034375 0.0609375 0.01)
(0.0359375 0.0609375 0.01)
(0.0375 0.0609375 0.01)
(0.0390625 0.0609375 0.01)
(0.040625 0.0609375 0.01)
(0.0421875 0.0609375 0.01)
(0.04375 0.0609375 0.01)
(0.0453125 0.0609375 0.01)
(0.046875 0.0609375 0.01)
(0.0484375 0.0609375 0.01)
(0.05 0.0609375 0.01)
(0.0515625 0.0609375 0.01)
(0.053125 0.0609375 0.01)
(0.0546875 0.0609375 0.01)
(0.05625 0.0609375 0.01)
(0.0578125 0.0609375 0.01)
(0.059375 0.0609375 0.01)
(0.0609375 0.0609375 0.01)
(0.0625 0.0609375 0.01)
(0.0640625 0.0609375 0.01)
(0.065625 0.0609375 0.01)
(0.0671875 0.0609375 0.01)
(0.06875 0.0609375 0.01)
(0.0703125 0.0609375 0.01)
(0.071875 0.0609375 0.01)
(0.0734375 0.0609375 0.01)
(0.075 0.0609375 0.01)
(0.0765625 0.0609375 0.01)
(0.078125 0.0609375 0.01)
(0.0796875 0.0609375 0.01)
(0.08125 0.0609375 0.01)
(0.0828125 0.0609375 0.01)
(0.084375 0.0609375 0.01)
(0.0859375 0.0609375 0.01)
(0.0875 0.0609375 0.01)
(0.0890625 0.0609375 0.01)
(0.090625 0.0609375 0.01)
(0.0921875 0.0609375 0.01)
(0.09375 0.0609375 0.01)
(0.0953125 0.0609375 0.01)
(0.096875 0.0609375 0.01)
(0.0984375 0.0609375 0.01)
(0.1 0.0609375 0.01)
(0 0.0625 0.01)
(0.0015625 0.0625 0.01)
(0.003125 0.0625 0.01)
(0.0046875 0.0625 0.01)
(0.00625 0.0625 0.01)
(0.0078125 0.0625 0.01)
(0.009375 0.0625 0.01)
(0.0109375 0.0625 0.01)
(0.0125 0.0625 0.01)
(0.0140625 0.0625 0.01)
(0.015625 0.0625 0.01)
(0.0171875 0.0625 0.01)
(0.01875 0.0625 0.01)
(0.0203125 0.0625 0.01)
(0.021875 0.0625 0.01)
(0.0234375 0.0625 0.01)
(0.025 0.0625 0.01)
(0.0265625 0.0625 0.01)
(0.028125 0.0625 0.01)
(0.0296875 0.0625 0.01)
(0.03125 0.0625 0.01)
(0.0328125 0.0625 0.01)
(0.034375 0.0625 0.01)
(0.0359375 0.0625 0.01)
(0.0375 0.0625 0.01)
(0.0390625 0.0625 0.01)
(0.040625 0.0625 0.01)
(0.0421875 0.0625 0.01)
(0.04375 0.0625 0.01)
(0.0453125 0.0625 0.01)
(0.046875 0.0625 0.01)
(0.0484375 0.0625 0.01)
(0.05 0.0625 0.01)
(0.0515625 0.0625 0.01)
(0.053125 0.0625 0.01)
(0.0546875 0.0625 0.01)
(0.05625 0.0625 0.01)
(0.0578125 0.0625 0.01)
(0.059375 0.0625 0.01)
(0.0609375 0.0625 0.01)
(0.0625 0.0625 0.01)
(0.0640625 0.0625 0.01)
(0.065625 0.0625 0.01)
(0.0671875 0.0625 0.01)
(0.06875 0.0625 0.01)
(0.0703125 0.0625 0.01)
(0.071875 0.0625 0.01)
(0.0734375 0.0625 0.01)
(0.075 0.0625 0.01)
(0.0765625 0.0625 0.01)
(0.078125 0.0625 0.01)
(0.0796875 0.0625 0.01)
(0.08125 0.0625 0.01)
(0.0828125 0.0625 0.01)
(0.084375 0.0625 0.01)
(0.0859375 0.0625 0.01)
(0.0875 0.0625 0.01)
(0.0890625 0.0625 0.01)
(0.090625 0.0625 0.01)
(0.0921875 0.0625 0.01)
(0.09375 0.0625 0.01)
(0.0953125 0.0625 0.01)
(0.096875 0.0625 0.01)
(0.0984375 0.0625 0.01)
(0.1 0.0625 0.01)
(0 0.0640625 0.01)
(0.0015625 0.0640625 0.01)
(0.003125 0.0640625 0.01)
(0.0046875 0.0640625 0.01)
(0.00625 0.0640625 0.01)
(0.0078125 0.0640625 0.01)
(0.009375 0.0640625 0.01)
(0.0109375 0.0640625 0.01)
(0.0125 0.0640625 0.01)
(0.0140625 0.0640625 0.01)
(0.015625 0.0640625 0.01)
(0.0171875 0.0640625 0.01)
(0.01875 0.0640625 0.01)
(0.0203125 0.0640625 0.01)
(0.021875 0.0640625 0.01)
(0.0234375 0.0640625 0.01)
(0.025 0.0640625 0.01)
(0.0265625 0.0640625 0.01)
(0.028125 0.0640625 0.01)
(0.0296875 0.0640625 0.01)
(0.03125 0.0640625 0.01)
(0.0328125 0.0640625 0.01)
(0.034375 0.0640625 0.01)
(0.0359375 0.0640625 0.01)
(0.0375 0.0640625 0.01)
(0.0390625 0.0640625 0.01)
(0.040625 0.0640625 0.01)
(0.0421875 0.0640625 0.01)
(0.04375 0.0640625 0.01)
(0.0453125 0.0640625 0.01)
(0.046875 0.0640625 0.01)
(0.0484375 0.0640625 0.01)
(0.05 0.0640625 0.01)
(0.0515625 0.0640625 0.01)
(0.053125 0.0640625 0.01)
(0.0546875 0.0640625 0.01)
(0.05625 0.0640625 0.01)
(0.0578125 0.0640625 0.01)
(0.059375 0.0640625 0.01)
(0.0609375 0.0640625 0.01)
(0.0625 0.0640625 0.01)
(0.0640625 0.0640625 0.01)
(0.065625 0.0640625 0.01)
(0.0671875 0.0640625 0.01)
(0.06875 0.0640625 0.01)
(0.0703125 0.0640625 0.01)
(0.071875 0.0640625 0.01)
(0.0734375 0.0640625 0.01)
(0.075 0.0640625 0.01)
(0.0765625 0.0640625 0.01)
(0.078125 0.0640625 0.01)
(0.0796875 0.0640625 0.01)
(0.08125 0.0640625 0.01)
(0.0828125 0.0640625 0.01)
(0.084375 0.0640625 0.01)
(0.0859375 0.0640625 0.01)
(0.0875 0.0640625 0.01)
(0.0890625 0.0640625 0.01)
(0.090625 0.0640625 0.01)
(0.0921875 0.0640625 0.01)
(0.09375 0.0640625 0.01)
(0.0953125 0.0640625 0.01)
(0.096875 0.0640625 0.01)
(0.0984375 0.0640625 0.01)
(0.1 0.0640625 0.01)
(0 0.065625 0.01)
(0.0015625 0.065625 0.01)
(0.003125 0.065625 0.01)
(0.0046875 0.065625 0.01)
(0.00625 0.065625 0.01)
(0.0078125 0.065625 0.01)
(0.009375 0.065625 0.01)
(0.0109375 0.065625 0.01)
(0.0125 0.065625 0.01)
(0.0140625 0.065625 0.01)
(0.015625 0.065625 0.01)
(0.0171875 0.065625 0.01)
(0.01875 0.065625 0.01)
(0.0203125 0.065625 0.01)
(0.021875 0.065625 0.01)
(0.0234375 0.065625 0.01)
(0.025 0.065625 0.01)
(0.0265625 0.065625 0.01)
(0.028125 0.065625 0.01)
(0.0296875 0.065625 0.01)
(0.03125 0.065625 0.01)
(0.0328125 0.065625 0.01)
(0.034375 0.065625 0.01)
(0.0359375 0.065625 0.01)
(0.0375 0.065625 0.01)
(0.0390625 0.065625 0.01)
(0.040625 0.065625 0.01)
(0.0421875 0.065625 0.01)
(0.04375 0.065625 0.01)
(0.0453125 0.065625 0.01)
(0.046875 0.065625 0.01)
(0.0484375 0.065625 0.01)
(0.05 0.065625 0.01)
(0.0515625 0.065625 0.01)
(0.053125 0.065625 0.01)
(0.0546875 0.065625 0.01)
(0.05625 0.065625 0.01)
(0.0578125 0.065625 0.01)
(0.059375 0.065625 0.01)
(0.0609375 0.065625 0.01)
(0.0625 0.065625 0.01)
(0.0640625 0.065625 0.01)
(0.065625 0.065625 0.01)
(0.0671875 0.065625 0.01)
(0.06875 0.065625 0.01)
(0.0703125 0.065625 0.01)
(0.071875 0.065625 0.01)
(0.0734375 0.065625 0.01)
(0.075 0.065625 0.01)
(0.0765625 0.065625 0.01)
(0.078125 0.065625 0.01)
(0.0796875 0.065625 0.01)
(0.08125 0.065625 0.01)
(0.0828125 0.065625 0.01)
(0.084375 0.065625 0.01)
(0.0859375 0.065625 0.01)
(0.0875 0.065625 0.01)
(0.0890625 0.065625 0.01)
(0.090625 0.065625 0.01)
(0.0921875 0.065625 0.01)
(0.09375 0.065625 0.01)
(0.0953125 0.065625 0.01)
(0.096875 0.065625 0.01)
(0.0984375 0.065625 0.01)
(0.1 0.065625 0.01)
(0 0.0671875 0.01)
(0.0015625 0.0671875 0.01)
(0.003125 0.0671875 0.01)
(0.0046875 0.0671875 0.01)
(0.00625 0.0671875 0.01)
(0.0078125 0.0671875 0.01)
(0.009375 0.0671875 0.01)
(0.0109375 0.0671875 0.01)
(0.0125 0.0671875 0.01)
(0.0140625 0.0671875 0.01)
(0.015625 0.0671875 0.01)
(0.0171875 0.0671875 0.01)
(0.01875 0.0671875 0.01)
(0.0203125 0.0671875 0.01)
(0.021875 0.0671875 0.01)
(0.0234375 0.0671875 0.01)
(0.025 0.0671875 0.01)
(0.0265625 0.0671875 0.01)
(0.028125 0.0671875 0.01)
(0.0296875 0.0671875 0.01)
(0.03125 0.0671875 0.01)
(0.0328125 0.0671875 0.01)
(0.034375 0.0671875 0.01)
(0.0359375 0.0671875 0.01)
(0.0375 0.0671875 0.01)
(0.0390625 0.0671875 0.01)
(0.040625 0.0671875 0.01)
(0.0421875 0.0671875 0.01)
(0.04375 0.0671875 0.01)
(0.0453125 0.0671875 0.01)
(0.046875 0.0671875 0.01)
(0.0484375 0.0671875 0.01)
(0.05 0.0671875 0.01)
(0.0515625 0.0671875 0.01)
(0.053125 0.0671875 0.01)
(0.0546875 0.0671875 0.01)
(0.05625 0.0671875 0.01)
(0.0578125 0.0671875 0.01)
(0.059375 0.0671875 0.01)
(0.0609375 0.0671875 0.01)
(0.0625 0.0671875 0.01)
(0.0640625 0.0671875 0.01)
(0.065625 0.0671875 0.01)
(0.0671875 0.0671875 0.01)
(0.06875 0.0671875 0.01)
(0.0703125 0.0671875 0.01)
(0.071875 0.0671875 0.01)
(0.0734375 0.0671875 0.01)
(0.075 0.0671875 0.01)
(0.0765625 0.0671875 0.01)
(0.078125 0.0671875 0.01)
(0.0796875 0.0671875 0.01)
(0.08125 0.0671875 0.01)
(0.0828125 0.0671875 0.01)
(0.084375 0.0671875 0.01)
(0.0859375 0.0671875 0.01)
(0.0875 0.0671875 0.01)
(0.0890625 0.0671875 0.01)
(0.090625 0.0671875 0.01)
(0.0921875 0.0671875 0.01)
(0.09375 0.0671875 0.01)
(0.0953125 0.0671875 0.01)
(0.096875 0.0671875 0.01)
(0.0984375 0.0671875 0.01)
(0.1 0.0671875 0.01)
(0 0.06875 0.01)
(0.0015625 0.06875 0.01)
(0.003125 0.06875 0.01)
(0.0046875 0.06875 0.01)
(0.00625 0.06875 0.01)
(0.0078125 0.06875 0.01)
(0.009375 0.06875 0.01)
(0.0109375 0.06875 0.01)
(0.0125 0.06875 0.01)
(0.0140625 0.06875 0.01)
(0.015625 0.06875 0.01)
(0.0171875 0.06875 0.01)
(0.01875 0.06875 0.01)
(0.0203125 0.06875 0.01)
(0.021875 0.06875 0.01)
(0.0234375 0.06875 0.01)
(0.025 0.06875 0.01)
(0.0265625 0.06875 0.01)
(0.028125 0.06875 0.01)
(0.0296875 0.06875 0.01)
(0.03125 0.06875 0.01)
(0.0328125 0.06875 0.01)
(0.034375 0.06875 0.01)
(0.0359375 0.06875 0.01)
(0.0375 0.06875 0.01)
(0.0390625 0.06875 0.01)
(0.040625 0.06875 0.01)
(0.0421875 0.06875 0.01)
(0.04375 0.06875 0.01)
(0.0453125 0.06875 0.01)
(0.046875 0.06875 0.01)
(0.0484375 0.06875 0.01)
(0.05 0.06875 0.01)
(0.0515625 0.06875 0.01)
(0.053125 0.06875 0.01)
(0.0546875 0.06875 0.01)
(0.05625 0.06875 0.01)
(0.0578125 0.06875 0.01)
(0.059375 0.06875 0.01)
(0.0609375 0.06875 0.01)
(0.0625 0.06875 0.01)
(0.0640625 0.06875 0.01)
(0.065625 0.06875 0.01)
(0.0671875 0.06875 0.01)
(0.06875 0.06875 0.01)
(0.0703125 0.06875 0.01)
(0.071875 0.06875 0.01)
(0.0734375 0.06875 0.01)
(0.075 0.06875 0.01)
(0.0765625 0.06875 0.01)
(0.078125 0.06875 0.01)
(0.0796875 0.06875 0.01)
(0.08125 0.06875 0.01)
(0.0828125 0.06875 0.01)
(0.084375 0.06875 0.01)
(0.0859375 0.06875 0.01)
(0.0875 0.06875 0.01)
(0.0890625 0.06875 0.01)
(0.090625 0.06875 0.01)
(0.0921875 0.06875 0.01)
(0.09375 0.06875 0.01)
(0.0953125 0.06875 0.01)
(0.096875 0.06875 0.01)
(0.0984375 0.06875 0.01)
(0.1 0.06875 0.01)
(0 0.0703125 0.01)
(0.0015625 0.0703125 0.01)
(0.003125 0.0703125 0.01)
(0.0046875 0.0703125 0.01)
(0.00625 0.0703125 0.01)
(0.0078125 0.0703125 0.01)
(0.009375 0.0703125 0.01)
(0.0109375 0.0703125 0.01)
(0.0125 0.0703125 0.01)
(0.0140625 0.0703125 0.01)
(0.015625 0.0703125 0.01)
(0.0171875 0.0703125 0.01)
(0.01875 0.0703125 0.01)
(0.0203125 0.0703125 0.01)
(0.021875 0.0703125 0.01)
(0.0234375 0.0703125 0.01)
(0.025 0.0703125 0.01)
(0.0265625 0.0703125 0.01)
(0.028125 0.0703125 0.01)
(0.0296875 0.0703125 0.01)
(0.03125 0.0703125 0.01)
(0.0328125 0.0703125 0.01)
(0.034375 0.0703125 0.01)
(0.0359375 0.0703125 0.01)
(0.0375 0.0703125 0.01)
(0.0390625 0.0703125 0.01)
(0.040625 0.0703125 0.01)
(0.0421875 0.0703125 0.01)
(0.04375 0.0703125 0.01)
(0.0453125 0.0703125 0.01)
(0.046875 0.0703125 0.01)
(0.0484375 0.0703125 0.01)
(0.05 0.0703125 0.01)
(0.0515625 0.0703125 0.01)
(0.053125 0.0703125 0.01)
(0.0546875 0.0703125 0.01)
(0.05625 0.0703125 0.01)
(0.0578125 0.0703125 0.01)
(0.059375 0.0703125 0.01)
(0.0609375 0.0703125 0.01)
(0.0625 0.0703125 0.01)
(0.0640625 0.0703125 0.01)
(0.065625 0.0703125 0.01)
(0.0671875 0.0703125 0.01)
(0.06875 0.0703125 0.01)
(0.0703125 0.0703125 0.01)
(0.071875 0.0703125 0.01)
(0.0734375 0.0703125 0.01)
(0.075 0.0703125 0.01)
(0.0765625 0.0703125 0.01)
(0.078125 0.0703125 0.01)
(0.0796875 0.0703125 0.01)
(0.08125 0.0703125 0.01)
(0.0828125 0.0703125 0.01)
(0.084375 0.0703125 0.01)
(0.0859375 0.0703125 0.01)
(0.0875 0.0703125 0.01)
(0.0890625 0.0703125 0.01)
(0.090625 0.0703125 0.01)
(0.0921875 0.0703125 0.01)
(0.09375 0.0703125 0.01)
(0.0953125 0.0703125 0.01)
(0.096875 0.0703125 0.01)
(0.0984375 0.0703125 0.01)
(0.1 0.0703125 0.01)
(0 0.071875 0.01)
(0.0015625 0.071875 0.01)
(0.003125 0.071875 0.01)
(0.0046875 0.071875 0.01)
(0.00625 0.071875 0.01)
(0.0078125 0.071875 0.01)
(0.009375 0.071875 0.01)
(0.0109375 0.071875 0.01)
(0.0125 0.071875 0.01)
(0.0140625 0.071875 0.01)
(0.015625 0.071875 0.01)
(0.0171875 0.071875 0.01)
(0.01875 0.071875 0.01)
(0.0203125 0.071875 0.01)
(0.021875 0.071875 0.01)
(0.0234375 0.071875 0.01)
(0.025 0.071875 0.01)
(0.0265625 0.071875 0.01)
(0.028125 0.071875 0.01)
(0.0296875 0.071875 0.01)
(0.03125 0.071875 0.01)
(0.0328125 0.071875 0.01)
(0.034375 0.071875 0.01)
(0.0359375 0.071875 0.01)
(0.0375 0.071875 0.01)
(0.0390625 0.071875 0.01)
(0.040625 0.071875 0.01)
(0.0421875 0.071875 0.01)
(0.04375 0.071875 0.01)
(0.0453125 0.071875 0.01)
(0.046875 0.071875 0.01)
(0.0484375 0.071875 0.01)
(0.05 0.071875 0.01)
(0.0515625 0.071875 0.01)
(0.053125 0.071875 0.01)
(0.0546875 0.071875 0.01)
(0.05625 0.071875 0.01)
(0.0578125 0.071875 0.01)
(0.059375 0.071875 0.01)
(0.0609375 0.071875 0.01)
(0.0625 0.071875 0.01)
(0.0640625 0.071875 0.01)
(0.065625 0.071875 0.01)
(0.0671875 0.071875 0.01)
(0.06875 0.071875 0.01)
(0.0703125 0.071875 0.01)
(0.071875 0.071875 0.01)
(0.0734375 0.071875 0.01)
(0.075 0.071875 0.01)
(0.0765625 0.071875 0.01)
(0.078125 0.071875 0.01)
(0.0796875 0.071875 0.01)
(0.08125 0.071875 0.01)
(0.0828125 0.071875 0.01)
(0.084375 0.071875 0.01)
(0.0859375 0.071875 0.01)
(0.0875 0.071875 0.01)
(0.0890625 0.071875 0.01)
(0.090625 0.071875 0.01)
(0.0921875 0.071875 0.01)
(0.09375 0.071875 0.01)
(0.0953125 0.071875 0.01)
(0.096875 0.071875 0.01)
(0.0984375 0.071875 0.01)
(0.1 0.071875 0.01)
(0 0.0734375 0.01)
(0.0015625 0.0734375 0.01)
(0.003125 0.0734375 0.01)
(0.0046875 0.0734375 0.01)
(0.00625 0.0734375 0.01)
(0.0078125 0.0734375 0.01)
(0.009375 0.0734375 0.01)
(0.0109375 0.0734375 0.01)
(0.0125 0.0734375 0.01)
(0.0140625 0.0734375 0.01)
(0.015625 0.0734375 0.01)
(0.0171875 0.0734375 0.01)
(0.01875 0.0734375 0.01)
(0.0203125 0.0734375 0.01)
(0.021875 0.0734375 0.01)
(0.0234375 0.0734375 0.01)
(0.025 0.0734375 0.01)
(0.0265625 0.0734375 0.01)
(0.028125 0.0734375 0.01)
(0.0296875 0.0734375 0.01)
(0.03125 0.0734375 0.01)
(0.0328125 0.0734375 0.01)
(0.034375 0.0734375 0.01)
(0.0359375 0.0734375 0.01)
(0.0375 0.0734375 0.01)
(0.0390625 0.0734375 0.01)
(0.040625 0.0734375 0.01)
(0.0421875 0.0734375 0.01)
(0.04375 0.0734375 0.01)
(0.0453125 0.0734375 0.01)
(0.046875 0.0734375 0.01)
(0.0484375 0.0734375 0.01)
(0.05 0.0734375 0.01)
(0.0515625 0.0734375 0.01)
(0.053125 0.0734375 0.01)
(0.0546875 0.0734375 0.01)
(0.05625 0.0734375 0.01)
(0.0578125 0.0734375 0.01)
(0.059375 0.0734375 0.01)
(0.0609375 0.0734375 0.01)
(0.0625 0.0734375 0.01)
(0.0640625 0.0734375 0.01)
(0.065625 0.0734375 0.01)
(0.0671875 0.0734375 0.01)
(0.06875 0.0734375 0.01)
(0.0703125 0.0734375 0.01)
(0.071875 0.0734375 0.01)
(0.0734375 0.0734375 0.01)
(0.075 0.0734375 0.01)
(0.0765625 0.0734375 0.01)
(0.078125 0.0734375 0.01)
(0.0796875 0.0734375 0.01)
(0.08125 0.0734375 0.01)
(0.0828125 0.0734375 0.01)
(0.084375 0.0734375 0.01)
(0.0859375 0.0734375 0.01)
(0.0875 0.0734375 0.01)
(0.0890625 0.0734375 0.01)
(0.090625 0.0734375 0.01)
(0.0921875 0.0734375 0.01)
(0.09375 0.0734375 0.01)
(0.0953125 0.0734375 0.01)
(0.096875 0.0734375 0.01)
(0.0984375 0.0734375 0.01)
(0.1 0.0734375 0.01)
(0 0.075 0.01)
(0.0015625 0.075 0.01)
(0.003125 0.075 0.01)
(0.0046875 0.075 0.01)
(0.00625 0.075 0.01)
(0.0078125 0.075 0.01)
(0.009375 0.075 0.01)
(0.0109375 0.075 0.01)
(0.0125 0.075 0.01)
(0.0140625 0.075 0.01)
(0.015625 0.075 0.01)
(0.0171875 0.075 0.01)
(0.01875 0.075 0.01)
(0.0203125 0.075 0.01)
(0.021875 0.075 0.01)
(0.0234375 0.075 0.01)
(0.025 0.075 0.01)
(0.0265625 0.075 0.01)
(0.028125 0.075 0.01)
(0.0296875 0.075 0.01)
(0.03125 0.075 0.01)
(0.0328125 0.075 0.01)
(0.034375 0.075 0.01)
(0.0359375 0.075 0.01)
(0.0375 0.075 0.01)
(0.0390625 0.075 0.01)
(0.040625 0.075 0.01)
(0.0421875 0.075 0.01)
(0.04375 0.075 0.01)
(0.0453125 0.075 0.01)
(0.046875 0.075 0.01)
(0.0484375 0.075 0.01)
(0.05 0.075 0.01)
(0.0515625 0.075 0.01)
(0.053125 0.075 0.01)
(0.0546875 0.075 0.01)
(0.05625 0.075 0.01)
(0.0578125 0.075 0.01)
(0.059375 0.075 0.01)
(0.0609375 0.075 0.01)
(0.0625 0.075 0.01)
(0.0640625 0.075 0.01)
(0.065625 0.075 0.01)
(0.0671875 0.075 0.01)
(0.06875 0.075 0.01)
(0.0703125 0.075 0.01)
(0.071875 0.075 0.01)
(0.0734375 0.075 0.01)
(0.075 0.075 0.01)
(0.0765625 0.075 0.01)
(0.078125 0.075 0.01)
(0.0796875 0.075 0.01)
(0.08125 0.075 0.01)
(0.0828125 0.075 0.01)
(0.084375 0.075 0.01)
(0.0859375 0.075 0.01)
(0.0875 0.075 0.01)
(0.0890625 0.075 0.01)
(0.090625 0.075 0.01)
(0.0921875 0.075 0.01)
(0.09375 0.075 0.01)
(0.0953125 0.075 0.01)
(0.096875 0.075 0.01)
(0.0984375 0.075 0.01)
(0.1 0.075 0.01)
(0 0.0765625 0.01)
(0.0015625 0.0765625 0.01)
(0.003125 0.0765625 0.01)
(0.0046875 0.0765625 0.01)
(0.00625 0.0765625 0.01)
(0.0078125 0.0765625 0.01)
(0.009375 0.0765625 0.01)
(0.0109375 0.0765625 0.01)
(0.0125 0.0765625 0.01)
(0.0140625 0.0765625 0.01)
(0.015625 0.0765625 0.01)
(0.0171875 0.0765625 0.01)
(0.01875 0.0765625 0.01)
(0.0203125 0.0765625 0.01)
(0.021875 0.0765625 0.01)
(0.0234375 0.0765625 0.01)
(0.025 0.0765625 0.01)
(0.0265625 0.0765625 0.01)
(0.028125 0.0765625 0.01)
(0.0296875 0.0765625 0.01)
(0.03125 0.0765625 0.01)
(0.0328125 0.0765625 0.01)
(0.034375 0.0765625 0.01)
(0.0359375 0.0765625 0.01)
(0.0375 0.0765625 0.01)
(0.0390625 0.0765625 0.01)
(0.040625 0.0765625 0.01)
(0.0421875 0.0765625 0.01)
(0.04375 0.0765625 0.01)
(0.0453125 0.0765625 0.01)
(0.046875 0.0765625 0.01)
(0.0484375 0.0765625 0.01)
(0.05 0.0765625 0.01)
(0.0515625 0.0765625 0.01)
(0.053125 0.0765625 0.01)
(0.0546875 0.0765625 0.01)
(0.05625 0.0765625 0.01)
(0.0578125 0.0765625 0.01)
(0.059375 0.0765625 0.01)
(0.0609375 0.0765625 0.01)
(0.0625 0.0765625 0.01)
(0.0640625 0.0765625 0.01)
(0.065625 0.0765625 0.01)
(0.0671875 0.0765625 0.01)
(0.06875 0.0765625 0.01)
(0.0703125 0.0765625 0.01)
(0.071875 0.0765625 0.01)
(0.0734375 0.0765625 0.01)
(0.075 0.0765625 0.01)
(0.0765625 0.0765625 0.01)
(0.078125 0.0765625 0.01)
(0.0796875 0.0765625 0.01)
(0.08125 0.0765625 0.01)
(0.0828125 0.0765625 0.01)
(0.084375 0.0765625 0.01)
(0.0859375 0.0765625 0.01)
(0.0875 0.0765625 0.01)
(0.0890625 0.0765625 0.01)
(0.090625 0.0765625 0.01)
(0.0921875 0.0765625 0.01)
(0.09375 0.0765625 0.01)
(0.0953125 0.0765625 0.01)
(0.096875 0.0765625 0.01)
(0.0984375 0.0765625 0.01)
(0.1 0.0765625 0.01)
(0 0.078125 0.01)
(0.0015625 0.078125 0.01)
(0.003125 0.078125 0.01)
(0.0046875 0.078125 0.01)
(0.00625 0.078125 0.01)
(0.0078125 0.078125 0.01)
(0.009375 0.078125 0.01)
(0.0109375 0.078125 0.01)
(0.0125 0.078125 0.01)
(0.0140625 0.078125 0.01)
(0.015625 0.078125 0.01)
(0.0171875 0.078125 0.01)
(0.01875 0.078125 0.01)
(0.0203125 0.078125 0.01)
(0.021875 0.078125 0.01)
(0.0234375 0.078125 0.01)
(0.025 0.078125 0.01)
(0.0265625 0.078125 0.01)
(0.028125 0.078125 0.01)
(0.0296875 0.078125 0.01)
(0.03125 0.078125 0.01)
(0.0328125 0.078125 0.01)
(0.034375 0.078125 0.01)
(0.0359375 0.078125 0.01)
(0.0375 0.078125 0.01)
(0.0390625 0.078125 0.01)
(0.040625 0.078125 0.01)
(0.0421875 0.078125 0.01)
(0.04375 0.078125 0.01)
(0.0453125 0.078125 0.01)
(0.046875 0.078125 0.01)
(0.0484375 0.078125 0.01)
(0.05 0.078125 0.01)
(0.0515625 0.078125 0.01)
(0.053125 0.078125 0.01)
(0.0546875 0.078125 0.01)
(0.05625 0.078125 0.01)
(0.0578125 0.078125 0.01)
(0.059375 0.078125 0.01)
(0.0609375 0.078125 0.01)
(0.0625 0.078125 0.01)
(0.0640625 0.078125 0.01)
(0.065625 0.078125 0.01)
(0.0671875 0.078125 0.01)
(0.06875 0.078125 0.01)
(0.0703125 0.078125 0.01)
(0.071875 0.078125 0.01)
(0.0734375 0.078125 0.01)
(0.075 0.078125 0.01)
(0.0765625 0.078125 0.01)
(0.078125 0.078125 0.01)
(0.0796875 0.078125 0.01)
(0.08125 0.078125 0.01)
(0.0828125 0.078125 0.01)
(0.084375 0.078125 0.01)
(0.0859375 0.078125 0.01)
(0.0875 0.078125 0.01)
(0.0890625 0.078125 0.01)
(0.090625 0.078125 0.01)
(0.0921875 0.078125 0.01)
(0.09375 0.078125 0.01)
(0.0953125 0.078125 0.01)
(0.096875 0.078125 0.01)
(0.0984375 0.078125 0.01)
(0.1 0.078125 0.01)
(0 0.0796875 0.01)
(0.0015625 0.0796875 0.01)
(0.003125 0.0796875 0.01)
(0.0046875 0.0796875 0.01)
(0.00625 0.0796875 0.01)
(0.0078125 0.0796875 0.01)
(0.009375 0.0796875 0.01)
(0.0109375 0.0796875 0.01)
(0.0125 0.0796875 0.01)
(0.0140625 0.0796875 0.01)
(0.015625 0.0796875 0.01)
(0.0171875 0.0796875 0.01)
(0.01875 0.0796875 0.01)
(0.0203125 0.0796875 0.01)
(0.021875 0.0796875 0.01)
(0.0234375 0.0796875 0.01)
(0.025 0.0796875 0.01)
(0.0265625 0.0796875 0.01)
(0.028125 0.0796875 0.01)
(0.0296875 0.0796875 0.01)
(0.03125 0.0796875 0.01)
(0.0328125 0.0796875 0.01)
(0.034375 0.0796875 0.01)
(0.0359375 0.0796875 0.01)
(0.0375 0.0796875 0.01)
(0.0390625 0.0796875 0.01)
(0.040625 0.0796875 0.01)
(0.0421875 0.0796875 0.01)
(0.04375 0.0796875 0.01)
(0.0453125 0.0796875 0.01)
(0.046875 0.0796875 0.01)
(0.0484375 0.0796875 0.01)
(0.05 0.0796875 0.01)
(0.0515625 0.0796875 0.01)
(0.053125 0.0796875 0.01)
(0.0546875 0.0796875 0.01)
(0.05625 0.0796875 0.01)
(0.0578125 0.0796875 0.01)
(0.059375 0.0796875 0.01)
(0.0609375 0.0796875 0.01)
(0.0625 0.0796875 0.01)
(0.0640625 0.0796875 0.01)
(0.065625 0.0796875 0.01)
(0.0671875 0.0796875 0.01)
(0.06875 0.0796875 0.01)
(0.0703125 0.0796875 0.01)
(0.071875 0.0796875 0.01)
(0.0734375 0.0796875 0.01)
(0.075 0.0796875 0.01)
(0.0765625 0.0796875 0.01)
(0.078125 0.0796875 0.01)
(0.0796875 0.0796875 0.01)
(0.08125 0.0796875 0.01)
(0.0828125 0.0796875 0.01)
(0.084375 0.0796875 0.01)
(0.0859375 0.0796875 0.01)
(0.0875 0.0796875 0.01)
(0.0890625 0.0796875 0.01)
(0.090625 0.0796875 0.01)
(0.0921875 0.0796875 0.01)
(0.09375 0.0796875 0.01)
(0.0953125 0.0796875 0.01)
(0.096875 0.0796875 0.01)
(0.0984375 0.0796875 0.01)
(0.1 0.0796875 0.01)
(0 0.08125 0.01)
(0.0015625 0.08125 0.01)
(0.003125 0.08125 0.01)
(0.0046875 0.08125 0.01)
(0.00625 0.08125 0.01)
(0.0078125 0.08125 0.01)
(0.009375 0.08125 0.01)
(0.0109375 0.08125 0.01)
(0.0125 0.08125 0.01)
(0.0140625 0.08125 0.01)
(0.015625 0.08125 0.01)
(0.0171875 0.08125 0.01)
(0.01875 0.08125 0.01)
(0.0203125 0.08125 0.01)
(0.021875 0.08125 0.01)
(0.0234375 0.08125 0.01)
(0.025 0.08125 0.01)
(0.0265625 0.08125 0.01)
(0.028125 0.08125 0.01)
(0.0296875 0.08125 0.01)
(0.03125 0.08125 0.01)
(0.0328125 0.08125 0.01)
(0.034375 0.08125 0.01)
(0.0359375 0.08125 0.01)
(0.0375 0.08125 0.01)
(0.0390625 0.08125 0.01)
(0.040625 0.08125 0.01)
(0.0421875 0.08125 0.01)
(0.04375 0.08125 0.01)
(0.0453125 0.08125 0.01)
(0.046875 0.08125 0.01)
(0.0484375 0.08125 0.01)
(0.05 0.08125 0.01)
(0.0515625 0.08125 0.01)
(0.053125 0.08125 0.01)
(0.0546875 0.08125 0.01)
(0.05625 0.08125 0.01)
(0.0578125 0.08125 0.01)
(0.059375 0.08125 0.01)
(0.0609375 0.08125 0.01)
(0.0625 0.08125 0.01)
(0.0640625 0.08125 0.01)
(0.065625 0.08125 0.01)
(0.0671875 0.08125 0.01)
(0.06875 0.08125 0.01)
(0.0703125 0.08125 0.01)
(0.071875 0.08125 0.01)
(0.0734375 0.08125 0.01)
(0.075 0.08125 0.01)
(0.0765625 0.08125 0.01)
(0.078125 0.08125 0.01)
(0.0796875 0.08125 0.01)
(0.08125 0.08125 0.01)
(0.0828125 0.08125 0.01)
(0.084375 0.08125 0.01)
(0.0859375 0.08125 0.01)
(0.0875 0.08125 0.01)
(0.0890625 0.08125 0.01)
(0.090625 0.08125 0.01)
(0.0921875 0.08125 0.01)
(0.09375 0.08125 0.01)
(0.0953125 0.08125 0.01)
(0.096875 0.08125 0.01)
(0.0984375 0.08125 0.01)
(0.1 0.08125 0.01)
(0 0.0828125 0.01)
(0.0015625 0.0828125 0.01)
(0.003125 0.0828125 0.01)
(0.0046875 0.0828125 0.01)
(0.00625 0.0828125 0.01)
(0.0078125 0.0828125 0.01)
(0.009375 0.0828125 0.01)
(0.0109375 0.0828125 0.01)
(0.0125 0.0828125 0.01)
(0.0140625 0.0828125 0.01)
(0.015625 0.0828125 0.01)
(0.0171875 0.0828125 0.01)
(0.01875 0.0828125 0.01)
(0.0203125 0.0828125 0.01)
(0.021875 0.0828125 0.01)
(0.0234375 0.0828125 0.01)
(0.025 0.0828125 0.01)
(0.0265625 0.0828125 0.01)
(0.028125 0.0828125 0.01)
(0.0296875 0.0828125 0.01)
(0.03125 0.0828125 0.01)
(0.0328125 0.0828125 0.01)
(0.034375 0.0828125 0.01)
(0.0359375 0.0828125 0.01)
(0.0375 0.0828125 0.01)
(0.0390625 0.0828125 0.01)
(0.040625 0.0828125 0.01)
(0.0421875 0.0828125 0.01)
(0.04375 0.0828125 0.01)
(0.0453125 0.0828125 0.01)
(0.046875 0.0828125 0.01)
(0.0484375 0.0828125 0.01)
(0.05 0.0828125 0.01)
(0.0515625 0.0828125 0.01)
(0.053125 0.0828125 0.01)
(0.0546875 0.0828125 0.01)
(0.05625 0.0828125 0.01)
(0.0578125 0.0828125 0.01)
(0.059375 0.0828125 0.01)
(0.0609375 0.0828125 0.01)
(0.0625 0.0828125 0.01)
(0.0640625 0.0828125 0.01)
(0.065625 0.0828125 0.01)
(0.0671875 0.0828125 0.01)
(0.06875 0.0828125 0.01)
(0.0703125 0.0828125 0.01)
(0.071875 0.0828125 0.01)
(0.0734375 0.0828125 0.01)
(0.075 0.0828125 0.01)
(0.0765625 0.0828125 0.01)
(0.078125 0.0828125 0.01)
(0.0796875 0.0828125 0.01)
(0.08125 0.0828125 0.01)
(0.0828125 0.0828125 0.01)
(0.084375 0.0828125 0.01)
(0.0859375 0.0828125 0.01)
(0.0875 0.0828125 0.01)
(0.0890625 0.0828125 0.01)
(0.090625 0.0828125 0.01)
(0.0921875 0.0828125 0.01)
(0.09375 0.0828125 0.01)
(0.0953125 0.0828125 0.01)
(0.096875 0.0828125 0.01)
(0.0984375 0.0828125 0.01)
(0.1 0.0828125 0.01)
(0 0.084375 0.01)
(0.0015625 0.084375 0.01)
(0.003125 0.084375 0.01)
(0.0046875 0.084375 0.01)
(0.00625 0.084375 0.01)
(0.0078125 0.084375 0.01)
(0.009375 0.084375 0.01)
(0.0109375 0.084375 0.01)
(0.0125 0.084375 0.01)
(0.0140625 0.084375 0.01)
(0.015625 0.084375 0.01)
(0.0171875 0.084375 0.01)
(0.01875 0.084375 0.01)
(0.0203125 0.084375 0.01)
(0.021875 0.084375 0.01)
(0.0234375 0.084375 0.01)
(0.025 0.084375 0.01)
(0.0265625 0.084375 0.01)
(0.028125 0.084375 0.01)
(0.0296875 0.084375 0.01)
(0.03125 0.084375 0.01)
(0.0328125 0.084375 0.01)
(0.034375 0.084375 0.01)
(0.0359375 0.084375 0.01)
(0.0375 0.084375 0.01)
(0.0390625 0.084375 0.01)
(0.040625 0.084375 0.01)
(0.0421875 0.084375 0.01)
(0.04375 0.084375 0.01)
(0.0453125 0.084375 0.01)
(0.046875 0.084375 0.01)
(0.0484375 0.084375 0.01)
(0.05 0.084375 0.01)
(0.0515625 0.084375 0.01)
(0.053125 0.084375 0.01)
(0.0546875 0.084375 0.01)
(0.05625 0.084375 0.01)
(0.0578125 0.084375 0.01)
(0.059375 0.084375 0.01)
(0.0609375 0.084375 0.01)
(0.0625 0.084375 0.01)
(0.0640625 0.084375 0.01)
(0.065625 0.084375 0.01)
(0.0671875 0.084375 0.01)
(0.06875 0.084375 0.01)
(0.0703125 0.084375 0.01)
(0.071875 0.084375 0.01)
(0.0734375 0.084375 0.01)
(0.075 0.084375 0.01)
(0.0765625 0.084375 0.01)
(0.078125 0.084375 0.01)
(0.0796875 0.084375 0.01)
(0.08125 0.084375 0.01)
(0.0828125 0.084375 0.01)
(0.084375 0.084375 0.01)
(0.0859375 0.084375 0.01)
(0.0875 0.084375 0.01)
(0.0890625 0.084375 0.01)
(0.090625 0.084375 0.01)
(0.0921875 0.084375 0.01)
(0.09375 0.084375 0.01)
(0.0953125 0.084375 0.01)
(0.096875 0.084375 0.01)
(0.0984375 0.084375 0.01)
(0.1 0.084375 0.01)
(0 0.0859375 0.01)
(0.0015625 0.0859375 0.01)
(0.003125 0.0859375 0.01)
(0.0046875 0.0859375 0.01)
(0.00625 0.0859375 0.01)
(0.0078125 0.0859375 0.01)
(0.009375 0.0859375 0.01)
(0.0109375 0.0859375 0.01)
(0.0125 0.0859375 0.01)
(0.0140625 0.0859375 0.01)
(0.015625 0.0859375 0.01)
(0.0171875 0.0859375 0.01)
(0.01875 0.0859375 0.01)
(0.0203125 0.0859375 0.01)
(0.021875 0.0859375 0.01)
(0.0234375 0.0859375 0.01)
(0.025 0.0859375 0.01)
(0.0265625 0.0859375 0.01)
(0.028125 0.0859375 0.01)
(0.0296875 0.0859375 0.01)
(0.03125 0.0859375 0.01)
(0.0328125 0.0859375 0.01)
(0.034375 0.0859375 0.01)
(0.0359375 0.0859375 0.01)
(0.0375 0.0859375 0.01)
(0.0390625 0.0859375 0.01)
(0.040625 0.0859375 0.01)
(0.0421875 0.0859375 0.01)
(0.04375 0.0859375 0.01)
(0.0453125 0.0859375 0.01)
(0.046875 0.0859375 0.01)
(0.0484375 0.0859375 0.01)
(0.05 0.0859375 0.01)
(0.0515625 0.0859375 0.01)
(0.053125 0.0859375 0.01)
(0.0546875 0.0859375 0.01)
(0.05625 0.0859375 0.01)
(0.0578125 0.0859375 0.01)
(0.059375 0.0859375 0.01)
(0.0609375 0.0859375 0.01)
(0.0625 0.0859375 0.01)
(0.0640625 0.0859375 0.01)
(0.065625 0.0859375 0.01)
(0.0671875 0.0859375 0.01)
(0.06875 0.0859375 0.01)
(0.0703125 0.0859375 0.01)
(0.071875 0.0859375 0.01)
(0.0734375 0.0859375 0.01)
(0.075 0.0859375 0.01)
(0.0765625 0.0859375 0.01)
(0.078125 0.0859375 0.01)
(0.0796875 0.0859375 0.01)
(0.08125 0.0859375 0.01)
(0.0828125 0.0859375 0.01)
(0.084375 0.0859375 0.01)
(0.0859375 0.0859375 0.01)
(0.0875 0.0859375 0.01)
(0.0890625 0.0859375 0.01)
(0.090625 0.0859375 0.01)
(0.0921875 0.0859375 0.01)
(0.09375 0.0859375 0.01)
(0.0953125 0.0859375 0.01)
(0.096875 0.0859375 0.01)
(0.0984375 0.0859375 0.01)
(0.1 0.0859375 0.01)
(0 0.0875 0.01)
(0.0015625 0.0875 0.01)
(0.003125 0.0875 0.01)
(0.0046875 0.0875 0.01)
(0.00625 0.0875 0.01)
(0.0078125 0.0875 0.01)
(0.009375 0.0875 0.01)
(0.0109375 0.0875 0.01)
(0.0125 0.0875 0.01)
(0.0140625 0.0875 0.01)
(0.015625 0.0875 0.01)
(0.0171875 0.0875 0.01)
(0.01875 0.0875 0.01)
(0.0203125 0.0875 0.01)
(0.021875 0.0875 0.01)
(0.0234375 0.0875 0.01)
(0.025 0.0875 0.01)
(0.0265625 0.0875 0.01)
(0.028125 0.0875 0.01)
(0.0296875 0.0875 0.01)
(0.03125 0.0875 0.01)
(0.0328125 0.0875 0.01)
(0.034375 0.0875 0.01)
(0.0359375 0.0875 0.01)
(0.0375 0.0875 0.01)
(0.0390625 0.0875 0.01)
(0.040625 0.0875 0.01)
(0.0421875 0.0875 0.01)
(0.04375 0.0875 0.01)
(0.0453125 0.0875 0.01)
(0.046875 0.0875 0.01)
(0.0484375 0.0875 0.01)
(0.05 0.0875 0.01)
(0.0515625 0.0875 0.01)
(0.053125 0.0875 0.01)
(0.0546875 0.0875 0.01)
(0.05625 0.0875 0.01)
(0.0578125 0.0875 0.01)
(0.059375 0.0875 0.01)
(0.0609375 0.0875 0.01)
(0.0625 0.0875 0.01)
(0.0640625 0.0875 0.01)
(0.065625 0.0875 0.01)
(0.0671875 0.0875 0.01)
(0.06875 0.0875 0.01)
(0.0703125 0.0875 0.01)
(0.071875 0.0875 0.01)
(0.0734375 0.0875 0.01)
(0.075 0.0875 0.01)
(0.0765625 0.0875 0.01)
(0.078125 0.0875 0.01)
(0.0796875 0.0875 0.01)
(0.08125 0.0875 0.01)
(0.0828125 0.0875 0.01)
(0.084375 0.0875 0.01)
(0.0859375 0.0875 0.01)
(0.0875 0.0875 0.01)
(0.0890625 0.0875 0.01)
(0.090625 0.0875 0.01)
(0.0921875 0.0875 0.01)
(0.09375 0.0875 0.01)
(0.0953125 0.0875 0.01)
(0.096875 0.0875 0.01)
(0.0984375 0.0875 0.01)
(0.1 0.0875 0.01)
(0 0.0890625 0.01)
(0.0015625 0.0890625 0.01)
(0.003125 0.0890625 0.01)
(0.0046875 0.0890625 0.01)
(0.00625 0.0890625 0.01)
(0.0078125 0.0890625 0.01)
(0.009375 0.0890625 0.01)
(0.0109375 0.0890625 0.01)
(0.0125 0.0890625 0.01)
(0.0140625 0.0890625 0.01)
(0.015625 0.0890625 0.01)
(0.0171875 0.0890625 0.01)
(0.01875 0.0890625 0.01)
(0.0203125 0.0890625 0.01)
(0.021875 0.0890625 0.01)
(0.0234375 0.0890625 0.01)
(0.025 0.0890625 0.01)
(0.0265625 0.0890625 0.01)
(0.028125 0.0890625 0.01)
(0.0296875 0.0890625 0.01)
(0.03125 0.0890625 0.01)
(0.0328125 0.0890625 0.01)
(0.034375 0.0890625 0.01)
(0.0359375 0.0890625 0.01)
(0.0375 0.0890625 0.01)
(0.0390625 0.0890625 0.01)
(0.040625 0.0890625 0.01)
(0.0421875 0.0890625 0.01)
(0.04375 0.0890625 0.01)
(0.0453125 0.0890625 0.01)
(0.046875 0.0890625 0.01)
(0.0484375 0.0890625 0.01)
(0.05 0.0890625 0.01)
(0.0515625 0.0890625 0.01)
(0.053125 0.0890625 0.01)
(0.0546875 0.0890625 0.01)
(0.05625 0.0890625 0.01)
(0.0578125 0.0890625 0.01)
(0.059375 0.0890625 0.01)
(0.0609375 0.0890625 0.01)
(0.0625 0.0890625 0.01)
(0.0640625 0.0890625 0.01)
(0.065625 0.0890625 0.01)
(0.0671875 0.0890625 0.01)
(0.06875 0.0890625 0.01)
(0.0703125 0.0890625 0.01)
(0.071875 0.0890625 0.01)
(0.0734375 0.0890625 0.01)
(0.075 0.0890625 0.01)
(0.0765625 0.0890625 0.01)
(0.078125 0.0890625 0.01)
(0.0796875 0.0890625 0.01)
(0.08125 0.0890625 0.01)
(0.0828125 0.0890625 0.01)
(0.084375 0.0890625 0.01)
(0.0859375 0.0890625 0.01)
(0.0875 0.0890625 0.01)
(0.0890625 0.0890625 0.01)
(0.090625 0.0890625 0.01)
(0.0921875 0.0890625 0.01)
(0.09375 0.0890625 0.01)
(0.0953125 0.0890625 0.01)
(0.096875 0.0890625 0.01)
(0.0984375 0.0890625 0.01)
(0.1 0.0890625 0.01)
(0 0.090625 0.01)
(0.0015625 0.090625 0.01)
(0.003125 0.090625 0.01)
(0.0046875 0.090625 0.01)
(0.00625 0.090625 0.01)
(0.0078125 0.090625 0.01)
(0.009375 0.090625 0.01)
(0.0109375 0.090625 0.01)
(0.0125 0.090625 0.01)
(0.0140625 0.090625 0.01)
(0.015625 0.090625 0.01)
(0.0171875 0.090625 0.01)
(0.01875 0.090625 0.01)
(0.0203125 0.090625 0.01)
(0.021875 0.090625 0.01)
(0.0234375 0.090625 0.01)
(0.025 0.090625 0.01)
(0.0265625 0.090625 0.01)
(0.028125 0.090625 0.01)
(0.0296875 0.090625 0.01)
(0.03125 0.090625 0.01)
(0.0328125 0.090625 0.01)
(0.034375 0.090625 0.01)
(0.0359375 0.090625 0.01)
(0.0375 0.090625 0.01)
(0.0390625 0.090625 0.01)
(0.040625 0.090625 0.01)
(0.0421875 0.090625 0.01)
(0.04375 0.090625 0.01)
(0.0453125 0.090625 0.01)
(0.046875 0.090625 0.01)
(0.0484375 0.090625 0.01)
(0.05 0.090625 0.01)
(0.0515625 0.090625 0.01)
(0.053125 0.090625 0.01)
(0.0546875 0.090625 0.01)
(0.05625 0.090625 0.01)
(0.0578125 0.090625 0.01)
(0.059375 0.090625 0.01)
(0.0609375 0.090625 0.01)
(0.0625 0.090625 0.01)
(0.0640625 0.090625 0.01)
(0.065625 0.090625 0.01)
(0.0671875 0.090625 0.01)
(0.06875 0.090625 0.01)
(0.0703125 0.090625 0.01)
(0.071875 0.090625 0.01)
(0.0734375 0.090625 0.01)
(0.075 0.090625 0.01)
(0.0765625 0.090625 0.01)
(0.078125 0.090625 0.01)
(0.0796875 0.090625 0.01)
(0.08125 0.090625 0.01)
(0.0828125 0.090625 0.01)
(0.084375 0.090625 0.01)
(0.0859375 0.090625 0.01)
(0.0875 0.090625 0.01)
(0.0890625 0.090625 0.01)
(0.090625 0.090625 0.01)
(0.0921875 0.090625 0.01)
(0.09375 0.090625 0.01)
(0.0953125 0.090625 0.01)
(0.096875 0.090625 0.01)
(0.0984375 0.090625 0.01)
(0.1 0.090625 0.01)
(0 0.0921875 0.01)
(0.0015625 0.0921875 0.01)
(0.003125 0.0921875 0.01)
(0.0046875 0.0921875 0.01)
(0.00625 0.0921875 0.01)
(0.0078125 0.0921875 0.01)
(0.009375 0.0921875 0.01)
(0.0109375 0.0921875 0.01)
(0.0125 0.0921875 0.01)
(0.0140625 0.0921875 0.01)
(0.015625 0.0921875 0.01)
(0.0171875 0.0921875 0.01)
(0.01875 0.0921875 0.01)
(0.0203125 0.0921875 0.01)
(0.021875 0.0921875 0.01)
(0.0234375 0.0921875 0.01)
(0.025 0.0921875 0.01)
(0.0265625 0.0921875 0.01)
(0.028125 0.0921875 0.01)
(0.0296875 0.0921875 0.01)
(0.03125 0.0921875 0.01)
(0.0328125 0.0921875 0.01)
(0.034375 0.0921875 0.01)
(0.0359375 0.0921875 0.01)
(0.0375 0.0921875 0.01)
(0.0390625 0.0921875 0.01)
(0.040625 0.0921875 0.01)
(0.0421875 0.0921875 0.01)
(0.04375 0.0921875 0.01)
(0.0453125 0.0921875 0.01)
(0.046875 0.0921875 0.01)
(0.0484375 0.0921875 0.01)
(0.05 0.0921875 0.01)
(0.0515625 0.0921875 0.01)
(0.053125 0.0921875 0.01)
(0.0546875 0.0921875 0.01)
(0.05625 0.0921875 0.01)
(0.0578125 0.0921875 0.01)
(0.059375 0.0921875 0.01)
(0.0609375 0.0921875 0.01)
(0.0625 0.0921875 0.01)
(0.0640625 0.0921875 0.01)
(0.065625 0.0921875 0.01)
(0.0671875 0.0921875 0.01)
(0.06875 0.0921875 0.01)
(0.0703125 0.0921875 0.01)
(0.071875 0.0921875 0.01)
(0.0734375 0.0921875 0.01)
(0.075 0.0921875 0.01)
(0.0765625 0.0921875 0.01)
(0.078125 0.0921875 0.01)
(0.0796875 0.0921875 0.01)
(0.08125 0.0921875 0.01)
(0.0828125 0.0921875 0.01)
(0.084375 0.0921875 0.01)
(0.0859375 0.0921875 0.01)
(0.0875 0.0921875 0.01)
(0.0890625 0.0921875 0.01)
(0.090625 0.0921875 0.01)
(0.0921875 0.0921875 0.01)
(0.09375 0.0921875 0.01)
(0.0953125 0.0921875 0.01)
(0.096875 0.0921875 0.01)
(0.0984375 0.0921875 0.01)
(0.1 0.0921875 0.01)
(0 0.09375 0.01)
(0.0015625 0.09375 0.01)
(0.003125 0.09375 0.01)
(0.0046875 0.09375 0.01)
(0.00625 0.09375 0.01)
(0.0078125 0.09375 0.01)
(0.009375 0.09375 0.01)
(0.0109375 0.09375 0.01)
(0.0125 0.09375 0.01)
(0.0140625 0.09375 0.01)
(0.015625 0.09375 0.01)
(0.0171875 0.09375 0.01)
(0.01875 0.09375 0.01)
(0.0203125 0.09375 0.01)
(0.021875 0.09375 0.01)
(0.0234375 0.09375 0.01)
(0.025 0.09375 0.01)
(0.0265625 0.09375 0.01)
(0.028125 0.09375 0.01)
(0.0296875 0.09375 0.01)
(0.03125 0.09375 0.01)
(0.0328125 0.09375 0.01)
(0.034375 0.09375 0.01)
(0.0359375 0.09375 0.01)
(0.0375 0.09375 0.01)
(0.0390625 0.09375 0.01)
(0.040625 0.09375 0.01)
(0.0421875 0.09375 0.01)
(0.04375 0.09375 0.01)
(0.0453125 0.09375 0.01)
(0.046875 0.09375 0.01)
(0.0484375 0.09375 0.01)
(0.05 0.09375 0.01)
(0.0515625 0.09375 0.01)
(0.053125 0.09375 0.01)
(0.0546875 0.09375 0.01)
(0.05625 0.09375 0.01)
(0.0578125 0.09375 0.01)
(0.059375 0.09375 0.01)
(0.0609375 0.09375 0.01)
(0.0625 0.09375 0.01)
(0.0640625 0.09375 0.01)
(0.065625 0.09375 0.01)
(0.0671875 0.09375 0.01)
(0.06875 0.09375 0.01)
(0.0703125 0.09375 0.01)
(0.071875 0.09375 0.01)
(0.0734375 0.09375 0.01)
(0.075 0.09375 0.01)
(0.0765625 0.09375 0.01)
(0.078125 0.09375 0.01)
(0.0796875 0.09375 0.01)
(0.08125 0.09375 0.01)
(0.0828125 0.09375 0.01)
(0.084375 0.09375 0.01)
(0.0859375 0.09375 0.01)
(0.0875 0.09375 0.01)
(0.0890625 0.09375 0.01)
(0.090625 0.09375 0.01)
(0.0921875 0.09375 0.01)
(0.09375 0.09375 0.01)
(0.0953125 0.09375 0.01)
(0.096875 0.09375 0.01)
(0.0984375 0.09375 0.01)
(0.1 0.09375 0.01)
(0 0.0953125 0.01)
(0.0015625 0.0953125 0.01)
(0.003125 0.0953125 0.01)
(0.0046875 0.0953125 0.01)
(0.00625 0.0953125 0.01)
(0.0078125 0.0953125 0.01)
(0.009375 0.0953125 0.01)
(0.0109375 0.0953125 0.01)
(0.0125 0.0953125 0.01)
(0.0140625 0.0953125 0.01)
(0.015625 0.0953125 0.01)
(0.0171875 0.0953125 0.01)
(0.01875 0.0953125 0.01)
(0.0203125 0.0953125 0.01)
(0.021875 0.0953125 0.01)
(0.0234375 0.0953125 0.01)
(0.025 0.0953125 0.01)
(0.0265625 0.0953125 0.01)
(0.028125 0.0953125 0.01)
(0.0296875 0.0953125 0.01)
(0.03125 0.0953125 0.01)
(0.0328125 0.0953125 0.01)
(0.034375 0.0953125 0.01)
(0.0359375 0.0953125 0.01)
(0.0375 0.0953125 0.01)
(0.0390625 0.0953125 0.01)
(0.040625 0.0953125 0.01)
(0.0421875 0.0953125 0.01)
(0.04375 0.0953125 0.01)
(0.0453125 0.0953125 0.01)
(0.046875 0.0953125 0.01)
(0.0484375 0.0953125 0.01)
(0.05 0.0953125 0.01)
(0.0515625 0.0953125 0.01)
(0.053125 0.0953125 0.01)
(0.0546875 0.0953125 0.01)
(0.05625 0.0953125 0.01)
(0.0578125 0.0953125 0.01)
(0.059375 0.0953125 0.01)
(0.0609375 0.0953125 0.01)
(0.0625 0.0953125 0.01)
(0.0640625 0.0953125 0.01)
(0.065625 0.0953125 0.01)
(0.0671875 0.0953125 0.01)
(0.06875 0.0953125 0.01)
(0.0703125 0.0953125 0.01)
(0.071875 0.0953125 0.01)
(0.0734375 0.0953125 0.01)
(0.075 0.0953125 0.01)
(0.0765625 0.0953125 0.01)
(0.078125 0.0953125 0.01)
(0.0796875 0.0953125 0.01)
(0.08125 0.0953125 0.01)
(0.0828125 0.0953125 0.01)
(0.084375 0.0953125 0.01)
(0.0859375 0.0953125 0.01)
(0.0875 0.0953125 0.01)
(0.0890625 0.0953125 0.01)
(0.090625 0.0953125 0.01)
(0.0921875 0.0953125 0.01)
(0.09375 0.0953125 0.01)
(0.0953125 0.0953125 0.01)
(0.096875 0.0953125 0.01)
(0.0984375 0.0953125 0.01)
(0.1 0.0953125 0.01)
(0 0.096875 0.01)
(0.0015625 0.096875 0.01)
(0.003125 0.096875 0.01)
(0.0046875 0.096875 0.01)
(0.00625 0.096875 0.01)
(0.0078125 0.096875 0.01)
(0.009375 0.096875 0.01)
(0.0109375 0.096875 0.01)
(0.0125 0.096875 0.01)
(0.0140625 0.096875 0.01)
(0.015625 0.096875 0.01)
(0.0171875 0.096875 0.01)
(0.01875 0.096875 0.01)
(0.0203125 0.096875 0.01)
(0.021875 0.096875 0.01)
(0.0234375 0.096875 0.01)
(0.025 0.096875 0.01)
(0.0265625 0.096875 0.01)
(0.028125 0.096875 0.01)
(0.0296875 0.096875 0.01)
(0.03125 0.096875 0.01)
(0.0328125 0.096875 0.01)
(0.034375 0.096875 0.01)
(0.0359375 0.096875 0.01)
(0.0375 0.096875 0.01)
(0.0390625 0.096875 0.01)
(0.040625 0.096875 0.01)
(0.0421875 0.096875 0.01)
(0.04375 0.096875 0.01)
(0.0453125 0.096875 0.01)
(0.046875 0.096875 0.01)
(0.0484375 0.096875 0.01)
(0.05 0.096875 0.01)
(0.0515625 0.096875 0.01)
(0.053125 0.096875 0.01)
(0.0546875 0.096875 0.01)
(0.05625 0.096875 0.01)
(0.0578125 0.096875 0.01)
(0.059375 0.096875 0.01)
(0.0609375 0.096875 0.01)
(0.0625 0.096875 0.01)
(0.0640625 0.096875 0.01)
(0.065625 0.096875 0.01)
(0.0671875 0.096875 0.01)
(0.06875 0.096875 0.01)
(0.0703125 0.096875 0.01)
(0.071875 0.096875 0.01)
(0.0734375 0.096875 0.01)
(0.075 0.096875 0.01)
(0.0765625 0.096875 0.01)
(0.078125 0.096875 0.01)
(0.0796875 0.096875 0.01)
(0.08125 0.096875 0.01)
(0.0828125 0.096875 0.01)
(0.084375 0.096875 0.01)
(0.0859375 0.096875 0.01)
(0.0875 0.096875 0.01)
(0.0890625 0.096875 0.01)
(0.090625 0.096875 0.01)
(0.0921875 0.096875 0.01)
(0.09375 0.096875 0.01)
(0.0953125 0.096875 0.01)
(0.096875 0.096875 0.01)
(0.0984375 0.096875 0.01)
(0.1 0.096875 0.01)
(0 0.0984375 0.01)
(0.0015625 0.0984375 0.01)
(0.003125 0.0984375 0.01)
(0.0046875 0.0984375 0.01)
(0.00625 0.0984375 0.01)
(0.0078125 0.0984375 0.01)
(0.009375 0.0984375 0.01)
(0.0109375 0.0984375 0.01)
(0.0125 0.0984375 0.01)
(0.0140625 0.0984375 0.01)
(0.015625 0.0984375 0.01)
(0.0171875 0.0984375 0.01)
(0.01875 0.0984375 0.01)
(0.0203125 0.0984375 0.01)
(0.021875 0.0984375 0.01)
(0.0234375 0.0984375 0.01)
(0.025 0.0984375 0.01)
(0.0265625 0.0984375 0.01)
(0.028125 0.0984375 0.01)
(0.0296875 0.0984375 0.01)
(0.03125 0.0984375 0.01)
(0.0328125 0.0984375 0.01)
(0.034375 0.0984375 0.01)
(0.0359375 0.0984375 0.01)
(0.0375 0.0984375 0.01)
(0.0390625 0.0984375 0.01)
(0.040625 0.0984375 0.01)
(0.0421875 0.0984375 0.01)
(0.04375 0.0984375 0.01)
(0.0453125 0.0984375 0.01)
(0.046875 0.0984375 0.01)
(0.0484375 0.0984375 0.01)
(0.05 0.0984375 0.01)
(0.0515625 0.0984375 0.01)
(0.053125 0.0984375 0.01)
(0.0546875 0.0984375 0.01)
(0.05625 0.0984375 0.01)
(0.0578125 0.0984375 0.01)
(0.059375 0.0984375 0.01)
(0.0609375 0.0984375 0.01)
(0.0625 0.0984375 0.01)
(0.0640625 0.0984375 0.01)
(0.065625 0.0984375 0.01)
(0.0671875 0.0984375 0.01)
(0.06875 0.0984375 0.01)
(0.0703125 0.0984375 0.01)
(0.071875 0.0984375 0.01)
(0.0734375 0.0984375 0.01)
(0.075 0.0984375 0.01)
(0.0765625 0.0984375 0.01)
(0.078125 0.0984375 0.01)
(0.0796875 0.0984375 0.01)
(0.08125 0.0984375 0.01)
(0.0828125 0.0984375 0.01)
(0.084375 0.0984375 0.01)
(0.0859375 0.0984375 0.01)
(0.0875 0.0984375 0.01)
(0.0890625 0.0984375 0.01)
(0.090625 0.0984375 0.01)
(0.0921875 0.0984375 0.01)
(0.09375 0.0984375 0.01)
(0.0953125 0.0984375 0.01)
(0.096875 0.0984375 0.01)
(0.0984375 0.0984375 0.01)
(0.1 0.0984375 0.01)
(0 0.1 0.01)
(0.0015625 0.1 0.01)
(0.003125 0.1 0.01)
(0.0046875 0.1 0.01)
(0.00625 0.1 0.01)
(0.0078125 0.1 0.01)
(0.009375 0.1 0.01)
(0.0109375 0.1 0.01)
(0.0125 0.1 0.01)
(0.0140625 0.1 0.01)
(0.015625 0.1 0.01)
(0.0171875 0.1 0.01)
(0.01875 0.1 0.01)
(0.0203125 0.1 0.01)
(0.021875 0.1 0.01)
(0.0234375 0.1 0.01)
(0.025 0.1 0.01)
(0.0265625 0.1 0.01)
(0.028125 0.1 0.01)
(0.0296875 0.1 0.01)
(0.03125 0.1 0.01)
(0.0328125 0.1 0.01)
(0.034375 0.1 0.01)
(0.0359375 0.1 0.01)
(0.0375 0.1 0.01)
(0.0390625 0.1 0.01)
(0.040625 0.1 0.01)
(0.0421875 0.1 0.01)
(0.04375 0.1 0.01)
(0.0453125 0.1 0.01)
(0.046875 0.1 0.01)
(0.0484375 0.1 0.01)
(0.05 0.1 0.01)
(0.0515625 0.1 0.01)
(0.053125 0.1 0.01)
(0.0546875 0.1 0.01)
(0.05625 0.1 0.01)
(0.0578125 0.1 0.01)
(0.059375 0.1 0.01)
(0.0609375 0.1 0.01)
(0.0625 0.1 0.01)
(0.0640625 0.1 0.01)
(0.065625 0.1 0.01)
(0.0671875 0.1 0.01)
(0.06875 0.1 0.01)
(0.0703125 0.1 0.01)
(0.071875 0.1 0.01)
(0.0734375 0.1 0.01)
(0.075 0.1 0.01)
(0.0765625 0.1 0.01)
(0.078125 0.1 0.01)
(0.0796875 0.1 0.01)
(0.08125 0.1 0.01)
(0.0828125 0.1 0.01)
(0.084375 0.1 0.01)
(0.0859375 0.1 0.01)
(0.0875 0.1 0.01)
(0.0890625 0.1 0.01)
(0.090625 0.1 0.01)
(0.0921875 0.1 0.01)
(0.09375 0.1 0.01)
(0.0953125 0.1 0.01)
(0.096875 0.1 0.01)
(0.0984375 0.1 0.01)
(0.1 0.1 0.01)
)


// ************************************************************************* //
