/*--------------------------------*- C++ -*----------------------------------*\
  =========                 |
  \\      /  F ield         | OpenFOAM: The Open Source CFD Toolbox
   \\    /   O peration     | Website:  https://openfoam.org
    \\  /    A nd           | Version:  11
     \\/     M anipulation  |
\*---------------------------------------------------------------------------*/
FoamFile
{
    format      ascii;
    class       vectorField;
    location    "constant/polyMesh";
    object      points;
}
// * * * * * * * * * * * * * * * * * * * * * * * * * * * * * * * * * * * * * //


12341
(
(0 0 0)
(0.01 0 0)
(0.02 0 0)
(0.03 0 0)
(0.04 0 0)
(0.05 0 0)
(0.06 0 0)
(0.07 0 0)
(0.08 0 0)
(0.09 0 0)
(0.1 0 0)
(0.11 0 0)
(0.12 0 0)
(0.13 0 0)
(0.14 0 0)
(0.15 0 0)
(0.16 0 0)
(0.17 0 0)
(0.18 0 0)
(0.19 0 0)
(0.2 0 0)
(0.21 0 0)
(0.22 0 0)
(0.23 0 0)
(0.24 0 0)
(0.25 0 0)
(0.26 0 0)
(0.27 0 0)
(0.28 0 0)
(0.29 0 0)
(0.3 0 0)
(0.31 0 0)
(0.32 0 0)
(0.33 0 0)
(0.34 0 0)
(0.35 0 0)
(0.36 0 0)
(0.37 0 0)
(0.38 0 0)
(0.39 0 0)
(0.4 0 0)
(0.41 0 0)
(0.42 0 0)
(0.43 0 0)
(0.44 0 0)
(0.45 0 0)
(0.46 0 0)
(0.47 0 0)
(0.48 0 0)
(0.49 0 0)
(0.5 0 0)
(0.51 0 0)
(0.52 0 0)
(0.53 0 0)
(0.54 0 0)
(0.55 0 0)
(0.56 0 0)
(0.57 0 0)
(0.58 0 0)
(0.59 0 0)
(0.6 0 0)
(0.61 0 0)
(0.62 0 0)
(0.63 0 0)
(0.64 0 0)
(0.65 0 0)
(0.66 0 0)
(0.67 0 0)
(0.68 0 0)
(0.69 0 0)
(0.7 0 0)
(0.71 0 0)
(0.72 0 0)
(0.73 0 0)
(0.74 0 0)
(0.75 0 0)
(0.76 0 0)
(0.77 0 0)
(0.78 0 0)
(0.79 0 0)
(0.8 0 0)
(0.81 0 0)
(0.82 0 0)
(0.83 0 0)
(0.84 0 0)
(0.85 0 0)
(0.86 0 0)
(0.87 0 0)
(0.88 0 0)
(0.89 0 0)
(0.9 0 0)
(0.91 0 0)
(0.92 0 0)
(0.93 0 0)
(0.94 0 0)
(0.95 0 0)
(0.96 0 0)
(0.97 0 0)
(0.98 0 0)
(0.99 0 0)
(1 0 0)
(1.01 0 0)
(1.02 0 0)
(1.03 0 0)
(1.04 0 0)
(1.05 0 0)
(1.06 0 0)
(1.07 0 0)
(1.08 0 0)
(1.09 0 0)
(1.1 0 0)
(1.11 0 0)
(1.12 0 0)
(1.13 0 0)
(1.14 0 0)
(1.15 0 0)
(1.16 0 0)
(1.17 0 0)
(1.18 0 0)
(1.19 0 0)
(1.2 0 0)
(1.21 0 0)
(1.22 0 0)
(1.23 0 0)
(1.24 0 0)
(1.25 0 0)
(1.26 0 0)
(1.27 0 0)
(1.28 0 0)
(1.29 0 0)
(1.3 0 0)
(1.31 0 0)
(1.32 0 0)
(1.33 0 0)
(1.34 0 0)
(1.35 0 0)
(1.36 0 0)
(1.37 0 0)
(1.38 0 0)
(1.39 0 0)
(1.4 0 0)
(1.41 0 0)
(1.42 0 0)
(1.43 0 0)
(1.44 0 0)
(1.45 0 0)
(1.46 0 0)
(1.47 0 0)
(1.48 0 0)
(1.49 0 0)
(1.5 0 0)
(1.51 0 0)
(1.52 0 0)
(1.53 0 0)
(1.54 0 0)
(1.55 0 0)
(1.56 0 0)
(1.57 0 0)
(1.58 0 0)
(1.59 0 0)
(1.6 0 0)
(1.61 0 0)
(1.62 0 0)
(1.63 0 0)
(1.64 0 0)
(1.65 0 0)
(1.66 0 0)
(1.67 0 0)
(1.68 0 0)
(1.69 0 0)
(1.7 0 0)
(1.71 0 0)
(1.72 0 0)
(1.73 0 0)
(1.74 0 0)
(1.75 0 0)
(1.76 0 0)
(1.77 0 0)
(1.78 0 0)
(1.79 0 0)
(1.8 0 0)
(1.81 0 0)
(1.82 0 0)
(1.83 0 0)
(1.84 0 0)
(1.85 0 0)
(1.86 0 0)
(1.87 0 0)
(1.88 0 0)
(1.89 0 0)
(1.9 0 0)
(1.91 0 0)
(1.92 0 0)
(1.93 0 0)
(1.94 0 0)
(1.95 0 0)
(1.96 0 0)
(1.97 0 0)
(1.98 0 0)
(1.99 0 0)
(2 0 0)
(2.01 0 0)
(2.02 0 0)
(2.03 0 0)
(2.04 0 0)
(2.05 0 0)
(2.06 0 0)
(2.07 0 0)
(2.08 0 0)
(2.09 0 0)
(2.1 0 0)
(2.11 0 0)
(2.12 0 0)
(2.13 0 0)
(2.14 0 0)
(2.15 0 0)
(2.16 0 0)
(2.17 0 0)
(2.18 0 0)
(2.19 0 0)
(2.2 0 0)
(2.21 0 0)
(2.22 0 0)
(2.23 0 0)
(2.24 0 0)
(2.25 0 0)
(2.26 0 0)
(2.27 0 0)
(2.28 0 0)
(2.29 0 0)
(2.3 0 0)
(2.31 0 0)
(2.32 0 0)
(2.33 0 0)
(2.34 0 0)
(2.35 0 0)
(2.36 0 0)
(2.37 0 0)
(2.38 0 0)
(2.39 0 0)
(2.4 0 0)
(2.41 0 0)
(2.42 0 0)
(2.43 0 0)
(2.44 0 0)
(2.45 0 0)
(2.46 0 0)
(2.47 0 0)
(2.48 0 0)
(2.49 0 0)
(2.5 0 0)
(2.51 0 0)
(2.52 0 0)
(2.53 0 0)
(2.54 0 0)
(2.55 0 0)
(2.56 0 0)
(2.57 0 0)
(2.58 0 0)
(2.59 0 0)
(2.6 0 0)
(2.61 0 0)
(2.62 0 0)
(2.63 0 0)
(2.64 0 0)
(2.65 0 0)
(2.66 0 0)
(2.67 0 0)
(2.68 0 0)
(2.69 0 0)
(2.7 0 0)
(2.71 0 0)
(2.72 0 0)
(2.73 0 0)
(2.74 0 0)
(2.75 0 0)
(2.76 0 0)
(2.77 0 0)
(2.78 0 0)
(2.79 0 0)
(2.8 0 0)
(2.81 0 0)
(2.82 0 0)
(2.83 0 0)
(2.84 0 0)
(2.85 0 0)
(2.86 0 0)
(2.87 0 0)
(2.88 0 0)
(2.89 0 0)
(2.9 0 0)
(2.91 0 0)
(2.92 0 0)
(2.93 0 0)
(2.94 0 0)
(2.95 0 0)
(2.96 0 0)
(2.97 0 0)
(2.98 0 0)
(2.99 0 0)
(3 0 0)
(0 0.002497620555 -0.0001090484685)
(0.01 0.002497620555 -0.0001090484685)
(0.02 0.002497620555 -0.0001090484685)
(0.03 0.002497620555 -0.0001090484685)
(0.04 0.002497620555 -0.0001090484685)
(0.05 0.002497620555 -0.0001090484685)
(0.06 0.002497620555 -0.0001090484685)
(0.07 0.002497620555 -0.0001090484685)
(0.08 0.002497620555 -0.0001090484685)
(0.09 0.002497620555 -0.0001090484685)
(0.1 0.002497620555 -0.0001090484685)
(0.11 0.002497620555 -0.0001090484685)
(0.12 0.002497620555 -0.0001090484685)
(0.13 0.002497620555 -0.0001090484685)
(0.14 0.002497620555 -0.0001090484685)
(0.15 0.002497620555 -0.0001090484685)
(0.16 0.002497620555 -0.0001090484685)
(0.17 0.002497620555 -0.0001090484685)
(0.18 0.002497620555 -0.0001090484685)
(0.19 0.002497620555 -0.0001090484685)
(0.2 0.002497620555 -0.0001090484685)
(0.21 0.002497620555 -0.0001090484685)
(0.22 0.002497620555 -0.0001090484685)
(0.23 0.002497620555 -0.0001090484685)
(0.24 0.002497620555 -0.0001090484685)
(0.25 0.002497620555 -0.0001090484685)
(0.26 0.002497620555 -0.0001090484685)
(0.27 0.002497620555 -0.0001090484685)
(0.28 0.002497620555 -0.0001090484685)
(0.29 0.002497620555 -0.0001090484685)
(0.3 0.002497620555 -0.0001090484685)
(0.31 0.002497620555 -0.0001090484685)
(0.32 0.002497620555 -0.0001090484685)
(0.33 0.002497620555 -0.0001090484685)
(0.34 0.002497620555 -0.0001090484685)
(0.35 0.002497620555 -0.0001090484685)
(0.36 0.002497620555 -0.0001090484685)
(0.37 0.002497620555 -0.0001090484685)
(0.38 0.002497620555 -0.0001090484685)
(0.39 0.002497620555 -0.0001090484685)
(0.4 0.002497620555 -0.0001090484685)
(0.41 0.002497620555 -0.0001090484685)
(0.42 0.002497620555 -0.0001090484685)
(0.43 0.002497620555 -0.0001090484685)
(0.44 0.002497620555 -0.0001090484685)
(0.45 0.002497620555 -0.0001090484685)
(0.46 0.002497620555 -0.0001090484685)
(0.47 0.002497620555 -0.0001090484685)
(0.48 0.002497620555 -0.0001090484685)
(0.49 0.002497620555 -0.0001090484685)
(0.5 0.002497620555 -0.0001090484685)
(0.51 0.002497620555 -0.0001090484685)
(0.52 0.002497620555 -0.0001090484685)
(0.53 0.002497620555 -0.0001090484685)
(0.54 0.002497620555 -0.0001090484685)
(0.55 0.002497620555 -0.0001090484685)
(0.56 0.002497620555 -0.0001090484685)
(0.57 0.002497620555 -0.0001090484685)
(0.58 0.002497620555 -0.0001090484685)
(0.59 0.002497620555 -0.0001090484685)
(0.6 0.002497620555 -0.0001090484685)
(0.61 0.002497620555 -0.0001090484685)
(0.62 0.002497620555 -0.0001090484685)
(0.63 0.002497620555 -0.0001090484685)
(0.64 0.002497620555 -0.0001090484685)
(0.65 0.002497620555 -0.0001090484685)
(0.66 0.002497620555 -0.0001090484685)
(0.67 0.002497620555 -0.0001090484685)
(0.68 0.002497620555 -0.0001090484685)
(0.69 0.002497620555 -0.0001090484685)
(0.7 0.002497620555 -0.0001090484685)
(0.71 0.002497620555 -0.0001090484685)
(0.72 0.002497620555 -0.0001090484685)
(0.73 0.002497620555 -0.0001090484685)
(0.74 0.002497620555 -0.0001090484685)
(0.75 0.002497620555 -0.0001090484685)
(0.76 0.002497620555 -0.0001090484685)
(0.77 0.002497620555 -0.0001090484685)
(0.78 0.002497620555 -0.0001090484685)
(0.79 0.002497620555 -0.0001090484685)
(0.8 0.002497620555 -0.0001090484685)
(0.81 0.002497620555 -0.0001090484685)
(0.82 0.002497620555 -0.0001090484685)
(0.83 0.002497620555 -0.0001090484685)
(0.84 0.002497620555 -0.0001090484685)
(0.85 0.002497620555 -0.0001090484685)
(0.86 0.002497620555 -0.0001090484685)
(0.87 0.002497620555 -0.0001090484685)
(0.88 0.002497620555 -0.0001090484685)
(0.89 0.002497620555 -0.0001090484685)
(0.9 0.002497620555 -0.0001090484685)
(0.91 0.002497620555 -0.0001090484685)
(0.92 0.002497620555 -0.0001090484685)
(0.93 0.002497620555 -0.0001090484685)
(0.94 0.002497620555 -0.0001090484685)
(0.95 0.002497620555 -0.0001090484685)
(0.96 0.002497620555 -0.0001090484685)
(0.97 0.002497620555 -0.0001090484685)
(0.98 0.002497620555 -0.0001090484685)
(0.99 0.002497620555 -0.0001090484685)
(1 0.002497620555 -0.0001090484685)
(1.01 0.002497620555 -0.0001090484685)
(1.02 0.002497620555 -0.0001090484685)
(1.03 0.002497620555 -0.0001090484685)
(1.04 0.002497620555 -0.0001090484685)
(1.05 0.002497620555 -0.0001090484685)
(1.06 0.002497620555 -0.0001090484685)
(1.07 0.002497620555 -0.0001090484685)
(1.08 0.002497620555 -0.0001090484685)
(1.09 0.002497620555 -0.0001090484685)
(1.1 0.002497620555 -0.0001090484685)
(1.11 0.002497620555 -0.0001090484685)
(1.12 0.002497620555 -0.0001090484685)
(1.13 0.002497620555 -0.0001090484685)
(1.14 0.002497620555 -0.0001090484685)
(1.15 0.002497620555 -0.0001090484685)
(1.16 0.002497620555 -0.0001090484685)
(1.17 0.002497620555 -0.0001090484685)
(1.18 0.002497620555 -0.0001090484685)
(1.19 0.002497620555 -0.0001090484685)
(1.2 0.002497620555 -0.0001090484685)
(1.21 0.002497620555 -0.0001090484685)
(1.22 0.002497620555 -0.0001090484685)
(1.23 0.002497620555 -0.0001090484685)
(1.24 0.002497620555 -0.0001090484685)
(1.25 0.002497620555 -0.0001090484685)
(1.26 0.002497620555 -0.0001090484685)
(1.27 0.002497620555 -0.0001090484685)
(1.28 0.002497620555 -0.0001090484685)
(1.29 0.002497620555 -0.0001090484685)
(1.3 0.002497620555 -0.0001090484685)
(1.31 0.002497620555 -0.0001090484685)
(1.32 0.002497620555 -0.0001090484685)
(1.33 0.002497620555 -0.0001090484685)
(1.34 0.002497620555 -0.0001090484685)
(1.35 0.002497620555 -0.0001090484685)
(1.36 0.002497620555 -0.0001090484685)
(1.37 0.002497620555 -0.0001090484685)
(1.38 0.002497620555 -0.0001090484685)
(1.39 0.002497620555 -0.0001090484685)
(1.4 0.002497620555 -0.0001090484685)
(1.41 0.002497620555 -0.0001090484685)
(1.42 0.002497620555 -0.0001090484685)
(1.43 0.002497620555 -0.0001090484685)
(1.44 0.002497620555 -0.0001090484685)
(1.45 0.002497620555 -0.0001090484685)
(1.46 0.002497620555 -0.0001090484685)
(1.47 0.002497620555 -0.0001090484685)
(1.48 0.002497620555 -0.0001090484685)
(1.49 0.002497620555 -0.0001090484685)
(1.5 0.002497620555 -0.0001090484685)
(1.51 0.002497620555 -0.0001090484685)
(1.52 0.002497620555 -0.0001090484685)
(1.53 0.002497620555 -0.0001090484685)
(1.54 0.002497620555 -0.0001090484685)
(1.55 0.002497620555 -0.0001090484685)
(1.56 0.002497620555 -0.0001090484685)
(1.57 0.002497620555 -0.0001090484685)
(1.58 0.002497620555 -0.0001090484685)
(1.59 0.002497620555 -0.0001090484685)
(1.6 0.002497620555 -0.0001090484685)
(1.61 0.002497620555 -0.0001090484685)
(1.62 0.002497620555 -0.0001090484685)
(1.63 0.002497620555 -0.0001090484685)
(1.64 0.002497620555 -0.0001090484685)
(1.65 0.002497620555 -0.0001090484685)
(1.66 0.002497620555 -0.0001090484685)
(1.67 0.002497620555 -0.0001090484685)
(1.68 0.002497620555 -0.0001090484685)
(1.69 0.002497620555 -0.0001090484685)
(1.7 0.002497620555 -0.0001090484685)
(1.71 0.002497620555 -0.0001090484685)
(1.72 0.002497620555 -0.0001090484685)
(1.73 0.002497620555 -0.0001090484685)
(1.74 0.002497620555 -0.0001090484685)
(1.75 0.002497620555 -0.0001090484685)
(1.76 0.002497620555 -0.0001090484685)
(1.77 0.002497620555 -0.0001090484685)
(1.78 0.002497620555 -0.0001090484685)
(1.79 0.002497620555 -0.0001090484685)
(1.8 0.002497620555 -0.0001090484685)
(1.81 0.002497620555 -0.0001090484685)
(1.82 0.002497620555 -0.0001090484685)
(1.83 0.002497620555 -0.0001090484685)
(1.84 0.002497620555 -0.0001090484685)
(1.85 0.002497620555 -0.0001090484685)
(1.86 0.002497620555 -0.0001090484685)
(1.87 0.002497620555 -0.0001090484685)
(1.88 0.002497620555 -0.0001090484685)
(1.89 0.002497620555 -0.0001090484685)
(1.9 0.002497620555 -0.0001090484685)
(1.91 0.002497620555 -0.0001090484685)
(1.92 0.002497620555 -0.0001090484685)
(1.93 0.002497620555 -0.0001090484685)
(1.94 0.002497620555 -0.0001090484685)
(1.95 0.002497620555 -0.0001090484685)
(1.96 0.002497620555 -0.0001090484685)
(1.97 0.002497620555 -0.0001090484685)
(1.98 0.002497620555 -0.0001090484685)
(1.99 0.002497620555 -0.0001090484685)
(2 0.002497620555 -0.0001090484685)
(2.01 0.002497620555 -0.0001090484685)
(2.02 0.002497620555 -0.0001090484685)
(2.03 0.002497620555 -0.0001090484685)
(2.04 0.002497620555 -0.0001090484685)
(2.05 0.002497620555 -0.0001090484685)
(2.06 0.002497620555 -0.0001090484685)
(2.07 0.002497620555 -0.0001090484685)
(2.08 0.002497620555 -0.0001090484685)
(2.09 0.002497620555 -0.0001090484685)
(2.1 0.002497620555 -0.0001090484685)
(2.11 0.002497620555 -0.0001090484685)
(2.12 0.002497620555 -0.0001090484685)
(2.13 0.002497620555 -0.0001090484685)
(2.14 0.002497620555 -0.0001090484685)
(2.15 0.002497620555 -0.0001090484685)
(2.16 0.002497620555 -0.0001090484685)
(2.17 0.002497620555 -0.0001090484685)
(2.18 0.002497620555 -0.0001090484685)
(2.19 0.002497620555 -0.0001090484685)
(2.2 0.002497620555 -0.0001090484685)
(2.21 0.002497620555 -0.0001090484685)
(2.22 0.002497620555 -0.0001090484685)
(2.23 0.002497620555 -0.0001090484685)
(2.24 0.002497620555 -0.0001090484685)
(2.25 0.002497620555 -0.0001090484685)
(2.26 0.002497620555 -0.0001090484685)
(2.27 0.002497620555 -0.0001090484685)
(2.28 0.002497620555 -0.0001090484685)
(2.29 0.002497620555 -0.0001090484685)
(2.3 0.002497620555 -0.0001090484685)
(2.31 0.002497620555 -0.0001090484685)
(2.32 0.002497620555 -0.0001090484685)
(2.33 0.002497620555 -0.0001090484685)
(2.34 0.002497620555 -0.0001090484685)
(2.35 0.002497620555 -0.0001090484685)
(2.36 0.002497620555 -0.0001090484685)
(2.37 0.002497620555 -0.0001090484685)
(2.38 0.002497620555 -0.0001090484685)
(2.39 0.002497620555 -0.0001090484685)
(2.4 0.002497620555 -0.0001090484685)
(2.41 0.002497620555 -0.0001090484685)
(2.42 0.002497620555 -0.0001090484685)
(2.43 0.002497620555 -0.0001090484685)
(2.44 0.002497620555 -0.0001090484685)
(2.45 0.002497620555 -0.0001090484685)
(2.46 0.002497620555 -0.0001090484685)
(2.47 0.002497620555 -0.0001090484685)
(2.48 0.002497620555 -0.0001090484685)
(2.49 0.002497620555 -0.0001090484685)
(2.5 0.002497620555 -0.0001090484685)
(2.51 0.002497620555 -0.0001090484685)
(2.52 0.002497620555 -0.0001090484685)
(2.53 0.002497620555 -0.0001090484685)
(2.54 0.002497620555 -0.0001090484685)
(2.55 0.002497620555 -0.0001090484685)
(2.56 0.002497620555 -0.0001090484685)
(2.57 0.002497620555 -0.0001090484685)
(2.58 0.002497620555 -0.0001090484685)
(2.59 0.002497620555 -0.0001090484685)
(2.6 0.002497620555 -0.0001090484685)
(2.61 0.002497620555 -0.0001090484685)
(2.62 0.002497620555 -0.0001090484685)
(2.63 0.002497620555 -0.0001090484685)
(2.64 0.002497620555 -0.0001090484685)
(2.65 0.002497620555 -0.0001090484685)
(2.66 0.002497620555 -0.0001090484685)
(2.67 0.002497620555 -0.0001090484685)
(2.68 0.002497620555 -0.0001090484685)
(2.69 0.002497620555 -0.0001090484685)
(2.7 0.002497620555 -0.0001090484685)
(2.71 0.002497620555 -0.0001090484685)
(2.72 0.002497620555 -0.0001090484685)
(2.73 0.002497620555 -0.0001090484685)
(2.74 0.002497620555 -0.0001090484685)
(2.75 0.002497620555 -0.0001090484685)
(2.76 0.002497620555 -0.0001090484685)
(2.77 0.002497620555 -0.0001090484685)
(2.78 0.002497620555 -0.0001090484685)
(2.79 0.002497620555 -0.0001090484685)
(2.8 0.002497620555 -0.0001090484685)
(2.81 0.002497620555 -0.0001090484685)
(2.82 0.002497620555 -0.0001090484685)
(2.83 0.002497620555 -0.0001090484685)
(2.84 0.002497620555 -0.0001090484685)
(2.85 0.002497620555 -0.0001090484685)
(2.86 0.002497620555 -0.0001090484685)
(2.87 0.002497620555 -0.0001090484685)
(2.88 0.002497620555 -0.0001090484685)
(2.89 0.002497620555 -0.0001090484685)
(2.9 0.002497620555 -0.0001090484685)
(2.91 0.002497620555 -0.0001090484685)
(2.92 0.002497620555 -0.0001090484685)
(2.93 0.002497620555 -0.0001090484685)
(2.94 0.002497620555 -0.0001090484685)
(2.95 0.002497620555 -0.0001090484685)
(2.96 0.002497620555 -0.0001090484685)
(2.97 0.002497620555 -0.0001090484685)
(2.98 0.002497620555 -0.0001090484685)
(2.99 0.002497620555 -0.0001090484685)
(3 0.002497620555 -0.0001090484685)
(0 0.00499524111 -0.000218096937)
(0.01 0.00499524111 -0.000218096937)
(0.02 0.00499524111 -0.000218096937)
(0.03 0.00499524111 -0.000218096937)
(0.04 0.00499524111 -0.000218096937)
(0.05 0.00499524111 -0.000218096937)
(0.06 0.00499524111 -0.000218096937)
(0.07 0.00499524111 -0.000218096937)
(0.08 0.00499524111 -0.000218096937)
(0.09 0.00499524111 -0.000218096937)
(0.1 0.00499524111 -0.000218096937)
(0.11 0.00499524111 -0.000218096937)
(0.12 0.00499524111 -0.000218096937)
(0.13 0.00499524111 -0.000218096937)
(0.14 0.00499524111 -0.000218096937)
(0.15 0.00499524111 -0.000218096937)
(0.16 0.00499524111 -0.000218096937)
(0.17 0.00499524111 -0.000218096937)
(0.18 0.00499524111 -0.000218096937)
(0.19 0.00499524111 -0.000218096937)
(0.2 0.00499524111 -0.000218096937)
(0.21 0.00499524111 -0.000218096937)
(0.22 0.00499524111 -0.000218096937)
(0.23 0.00499524111 -0.000218096937)
(0.24 0.00499524111 -0.000218096937)
(0.25 0.00499524111 -0.000218096937)
(0.26 0.00499524111 -0.000218096937)
(0.27 0.00499524111 -0.000218096937)
(0.28 0.00499524111 -0.000218096937)
(0.29 0.00499524111 -0.000218096937)
(0.3 0.00499524111 -0.000218096937)
(0.31 0.00499524111 -0.000218096937)
(0.32 0.00499524111 -0.000218096937)
(0.33 0.00499524111 -0.000218096937)
(0.34 0.00499524111 -0.000218096937)
(0.35 0.00499524111 -0.000218096937)
(0.36 0.00499524111 -0.000218096937)
(0.37 0.00499524111 -0.000218096937)
(0.38 0.00499524111 -0.000218096937)
(0.39 0.00499524111 -0.000218096937)
(0.4 0.00499524111 -0.000218096937)
(0.41 0.00499524111 -0.000218096937)
(0.42 0.00499524111 -0.000218096937)
(0.43 0.00499524111 -0.000218096937)
(0.44 0.00499524111 -0.000218096937)
(0.45 0.00499524111 -0.000218096937)
(0.46 0.00499524111 -0.000218096937)
(0.47 0.00499524111 -0.000218096937)
(0.48 0.00499524111 -0.000218096937)
(0.49 0.00499524111 -0.000218096937)
(0.5 0.00499524111 -0.000218096937)
(0.51 0.00499524111 -0.000218096937)
(0.52 0.00499524111 -0.000218096937)
(0.53 0.00499524111 -0.000218096937)
(0.54 0.00499524111 -0.000218096937)
(0.55 0.00499524111 -0.000218096937)
(0.56 0.00499524111 -0.000218096937)
(0.57 0.00499524111 -0.000218096937)
(0.58 0.00499524111 -0.000218096937)
(0.59 0.00499524111 -0.000218096937)
(0.6 0.00499524111 -0.000218096937)
(0.61 0.00499524111 -0.000218096937)
(0.62 0.00499524111 -0.000218096937)
(0.63 0.00499524111 -0.000218096937)
(0.64 0.00499524111 -0.000218096937)
(0.65 0.00499524111 -0.000218096937)
(0.66 0.00499524111 -0.000218096937)
(0.67 0.00499524111 -0.000218096937)
(0.68 0.00499524111 -0.000218096937)
(0.69 0.00499524111 -0.000218096937)
(0.7 0.00499524111 -0.000218096937)
(0.71 0.00499524111 -0.000218096937)
(0.72 0.00499524111 -0.000218096937)
(0.73 0.00499524111 -0.000218096937)
(0.74 0.00499524111 -0.000218096937)
(0.75 0.00499524111 -0.000218096937)
(0.76 0.00499524111 -0.000218096937)
(0.77 0.00499524111 -0.000218096937)
(0.78 0.00499524111 -0.000218096937)
(0.79 0.00499524111 -0.000218096937)
(0.8 0.00499524111 -0.000218096937)
(0.81 0.00499524111 -0.000218096937)
(0.82 0.00499524111 -0.000218096937)
(0.83 0.00499524111 -0.000218096937)
(0.84 0.00499524111 -0.000218096937)
(0.85 0.00499524111 -0.000218096937)
(0.86 0.00499524111 -0.000218096937)
(0.87 0.00499524111 -0.000218096937)
(0.88 0.00499524111 -0.000218096937)
(0.89 0.00499524111 -0.000218096937)
(0.9 0.00499524111 -0.000218096937)
(0.91 0.00499524111 -0.000218096937)
(0.92 0.00499524111 -0.000218096937)
(0.93 0.00499524111 -0.000218096937)
(0.94 0.00499524111 -0.000218096937)
(0.95 0.00499524111 -0.000218096937)
(0.96 0.00499524111 -0.000218096937)
(0.97 0.00499524111 -0.000218096937)
(0.98 0.00499524111 -0.000218096937)
(0.99 0.00499524111 -0.000218096937)
(1 0.00499524111 -0.000218096937)
(1.01 0.00499524111 -0.000218096937)
(1.02 0.00499524111 -0.000218096937)
(1.03 0.00499524111 -0.000218096937)
(1.04 0.00499524111 -0.000218096937)
(1.05 0.00499524111 -0.000218096937)
(1.06 0.00499524111 -0.000218096937)
(1.07 0.00499524111 -0.000218096937)
(1.08 0.00499524111 -0.000218096937)
(1.09 0.00499524111 -0.000218096937)
(1.1 0.00499524111 -0.000218096937)
(1.11 0.00499524111 -0.000218096937)
(1.12 0.00499524111 -0.000218096937)
(1.13 0.00499524111 -0.000218096937)
(1.14 0.00499524111 -0.000218096937)
(1.15 0.00499524111 -0.000218096937)
(1.16 0.00499524111 -0.000218096937)
(1.17 0.00499524111 -0.000218096937)
(1.18 0.00499524111 -0.000218096937)
(1.19 0.00499524111 -0.000218096937)
(1.2 0.00499524111 -0.000218096937)
(1.21 0.00499524111 -0.000218096937)
(1.22 0.00499524111 -0.000218096937)
(1.23 0.00499524111 -0.000218096937)
(1.24 0.00499524111 -0.000218096937)
(1.25 0.00499524111 -0.000218096937)
(1.26 0.00499524111 -0.000218096937)
(1.27 0.00499524111 -0.000218096937)
(1.28 0.00499524111 -0.000218096937)
(1.29 0.00499524111 -0.000218096937)
(1.3 0.00499524111 -0.000218096937)
(1.31 0.00499524111 -0.000218096937)
(1.32 0.00499524111 -0.000218096937)
(1.33 0.00499524111 -0.000218096937)
(1.34 0.00499524111 -0.000218096937)
(1.35 0.00499524111 -0.000218096937)
(1.36 0.00499524111 -0.000218096937)
(1.37 0.00499524111 -0.000218096937)
(1.38 0.00499524111 -0.000218096937)
(1.39 0.00499524111 -0.000218096937)
(1.4 0.00499524111 -0.000218096937)
(1.41 0.00499524111 -0.000218096937)
(1.42 0.00499524111 -0.000218096937)
(1.43 0.00499524111 -0.000218096937)
(1.44 0.00499524111 -0.000218096937)
(1.45 0.00499524111 -0.000218096937)
(1.46 0.00499524111 -0.000218096937)
(1.47 0.00499524111 -0.000218096937)
(1.48 0.00499524111 -0.000218096937)
(1.49 0.00499524111 -0.000218096937)
(1.5 0.00499524111 -0.000218096937)
(1.51 0.00499524111 -0.000218096937)
(1.52 0.00499524111 -0.000218096937)
(1.53 0.00499524111 -0.000218096937)
(1.54 0.00499524111 -0.000218096937)
(1.55 0.00499524111 -0.000218096937)
(1.56 0.00499524111 -0.000218096937)
(1.57 0.00499524111 -0.000218096937)
(1.58 0.00499524111 -0.000218096937)
(1.59 0.00499524111 -0.000218096937)
(1.6 0.00499524111 -0.000218096937)
(1.61 0.00499524111 -0.000218096937)
(1.62 0.00499524111 -0.000218096937)
(1.63 0.00499524111 -0.000218096937)
(1.64 0.00499524111 -0.000218096937)
(1.65 0.00499524111 -0.000218096937)
(1.66 0.00499524111 -0.000218096937)
(1.67 0.00499524111 -0.000218096937)
(1.68 0.00499524111 -0.000218096937)
(1.69 0.00499524111 -0.000218096937)
(1.7 0.00499524111 -0.000218096937)
(1.71 0.00499524111 -0.000218096937)
(1.72 0.00499524111 -0.000218096937)
(1.73 0.00499524111 -0.000218096937)
(1.74 0.00499524111 -0.000218096937)
(1.75 0.00499524111 -0.000218096937)
(1.76 0.00499524111 -0.000218096937)
(1.77 0.00499524111 -0.000218096937)
(1.78 0.00499524111 -0.000218096937)
(1.79 0.00499524111 -0.000218096937)
(1.8 0.00499524111 -0.000218096937)
(1.81 0.00499524111 -0.000218096937)
(1.82 0.00499524111 -0.000218096937)
(1.83 0.00499524111 -0.000218096937)
(1.84 0.00499524111 -0.000218096937)
(1.85 0.00499524111 -0.000218096937)
(1.86 0.00499524111 -0.000218096937)
(1.87 0.00499524111 -0.000218096937)
(1.88 0.00499524111 -0.000218096937)
(1.89 0.00499524111 -0.000218096937)
(1.9 0.00499524111 -0.000218096937)
(1.91 0.00499524111 -0.000218096937)
(1.92 0.00499524111 -0.000218096937)
(1.93 0.00499524111 -0.000218096937)
(1.94 0.00499524111 -0.000218096937)
(1.95 0.00499524111 -0.000218096937)
(1.96 0.00499524111 -0.000218096937)
(1.97 0.00499524111 -0.000218096937)
(1.98 0.00499524111 -0.000218096937)
(1.99 0.00499524111 -0.000218096937)
(2 0.00499524111 -0.000218096937)
(2.01 0.00499524111 -0.000218096937)
(2.02 0.00499524111 -0.000218096937)
(2.03 0.00499524111 -0.000218096937)
(2.04 0.00499524111 -0.000218096937)
(2.05 0.00499524111 -0.000218096937)
(2.06 0.00499524111 -0.000218096937)
(2.07 0.00499524111 -0.000218096937)
(2.08 0.00499524111 -0.000218096937)
(2.09 0.00499524111 -0.000218096937)
(2.1 0.00499524111 -0.000218096937)
(2.11 0.00499524111 -0.000218096937)
(2.12 0.00499524111 -0.000218096937)
(2.13 0.00499524111 -0.000218096937)
(2.14 0.00499524111 -0.000218096937)
(2.15 0.00499524111 -0.000218096937)
(2.16 0.00499524111 -0.000218096937)
(2.17 0.00499524111 -0.000218096937)
(2.18 0.00499524111 -0.000218096937)
(2.19 0.00499524111 -0.000218096937)
(2.2 0.00499524111 -0.000218096937)
(2.21 0.00499524111 -0.000218096937)
(2.22 0.00499524111 -0.000218096937)
(2.23 0.00499524111 -0.000218096937)
(2.24 0.00499524111 -0.000218096937)
(2.25 0.00499524111 -0.000218096937)
(2.26 0.00499524111 -0.000218096937)
(2.27 0.00499524111 -0.000218096937)
(2.28 0.00499524111 -0.000218096937)
(2.29 0.00499524111 -0.000218096937)
(2.3 0.00499524111 -0.000218096937)
(2.31 0.00499524111 -0.000218096937)
(2.32 0.00499524111 -0.000218096937)
(2.33 0.00499524111 -0.000218096937)
(2.34 0.00499524111 -0.000218096937)
(2.35 0.00499524111 -0.000218096937)
(2.36 0.00499524111 -0.000218096937)
(2.37 0.00499524111 -0.000218096937)
(2.38 0.00499524111 -0.000218096937)
(2.39 0.00499524111 -0.000218096937)
(2.4 0.00499524111 -0.000218096937)
(2.41 0.00499524111 -0.000218096937)
(2.42 0.00499524111 -0.000218096937)
(2.43 0.00499524111 -0.000218096937)
(2.44 0.00499524111 -0.000218096937)
(2.45 0.00499524111 -0.000218096937)
(2.46 0.00499524111 -0.000218096937)
(2.47 0.00499524111 -0.000218096937)
(2.48 0.00499524111 -0.000218096937)
(2.49 0.00499524111 -0.000218096937)
(2.5 0.00499524111 -0.000218096937)
(2.51 0.00499524111 -0.000218096937)
(2.52 0.00499524111 -0.000218096937)
(2.53 0.00499524111 -0.000218096937)
(2.54 0.00499524111 -0.000218096937)
(2.55 0.00499524111 -0.000218096937)
(2.56 0.00499524111 -0.000218096937)
(2.57 0.00499524111 -0.000218096937)
(2.58 0.00499524111 -0.000218096937)
(2.59 0.00499524111 -0.000218096937)
(2.6 0.00499524111 -0.000218096937)
(2.61 0.00499524111 -0.000218096937)
(2.62 0.00499524111 -0.000218096937)
(2.63 0.00499524111 -0.000218096937)
(2.64 0.00499524111 -0.000218096937)
(2.65 0.00499524111 -0.000218096937)
(2.66 0.00499524111 -0.000218096937)
(2.67 0.00499524111 -0.000218096937)
(2.68 0.00499524111 -0.000218096937)
(2.69 0.00499524111 -0.000218096937)
(2.7 0.00499524111 -0.000218096937)
(2.71 0.00499524111 -0.000218096937)
(2.72 0.00499524111 -0.000218096937)
(2.73 0.00499524111 -0.000218096937)
(2.74 0.00499524111 -0.000218096937)
(2.75 0.00499524111 -0.000218096937)
(2.76 0.00499524111 -0.000218096937)
(2.77 0.00499524111 -0.000218096937)
(2.78 0.00499524111 -0.000218096937)
(2.79 0.00499524111 -0.000218096937)
(2.8 0.00499524111 -0.000218096937)
(2.81 0.00499524111 -0.000218096937)
(2.82 0.00499524111 -0.000218096937)
(2.83 0.00499524111 -0.000218096937)
(2.84 0.00499524111 -0.000218096937)
(2.85 0.00499524111 -0.000218096937)
(2.86 0.00499524111 -0.000218096937)
(2.87 0.00499524111 -0.000218096937)
(2.88 0.00499524111 -0.000218096937)
(2.89 0.00499524111 -0.000218096937)
(2.9 0.00499524111 -0.000218096937)
(2.91 0.00499524111 -0.000218096937)
(2.92 0.00499524111 -0.000218096937)
(2.93 0.00499524111 -0.000218096937)
(2.94 0.00499524111 -0.000218096937)
(2.95 0.00499524111 -0.000218096937)
(2.96 0.00499524111 -0.000218096937)
(2.97 0.00499524111 -0.000218096937)
(2.98 0.00499524111 -0.000218096937)
(2.99 0.00499524111 -0.000218096937)
(3 0.00499524111 -0.000218096937)
(0 0.007492861665 -0.0003271454055)
(0.01 0.007492861665 -0.0003271454055)
(0.02 0.007492861665 -0.0003271454055)
(0.03 0.007492861665 -0.0003271454055)
(0.04 0.007492861665 -0.0003271454055)
(0.05 0.007492861665 -0.0003271454055)
(0.06 0.007492861665 -0.0003271454055)
(0.07 0.007492861665 -0.0003271454055)
(0.08 0.007492861665 -0.0003271454055)
(0.09 0.007492861665 -0.0003271454055)
(0.1 0.007492861665 -0.0003271454055)
(0.11 0.007492861665 -0.0003271454055)
(0.12 0.007492861665 -0.0003271454055)
(0.13 0.007492861665 -0.0003271454055)
(0.14 0.007492861665 -0.0003271454055)
(0.15 0.007492861665 -0.0003271454055)
(0.16 0.007492861665 -0.0003271454055)
(0.17 0.007492861665 -0.0003271454055)
(0.18 0.007492861665 -0.0003271454055)
(0.19 0.007492861665 -0.0003271454055)
(0.2 0.007492861665 -0.0003271454055)
(0.21 0.007492861665 -0.0003271454055)
(0.22 0.007492861665 -0.0003271454055)
(0.23 0.007492861665 -0.0003271454055)
(0.24 0.007492861665 -0.0003271454055)
(0.25 0.007492861665 -0.0003271454055)
(0.26 0.007492861665 -0.0003271454055)
(0.27 0.007492861665 -0.0003271454055)
(0.28 0.007492861665 -0.0003271454055)
(0.29 0.007492861665 -0.0003271454055)
(0.3 0.007492861665 -0.0003271454055)
(0.31 0.007492861665 -0.0003271454055)
(0.32 0.007492861665 -0.0003271454055)
(0.33 0.007492861665 -0.0003271454055)
(0.34 0.007492861665 -0.0003271454055)
(0.35 0.007492861665 -0.0003271454055)
(0.36 0.007492861665 -0.0003271454055)
(0.37 0.007492861665 -0.0003271454055)
(0.38 0.007492861665 -0.0003271454055)
(0.39 0.007492861665 -0.0003271454055)
(0.4 0.007492861665 -0.0003271454055)
(0.41 0.007492861665 -0.0003271454055)
(0.42 0.007492861665 -0.0003271454055)
(0.43 0.007492861665 -0.0003271454055)
(0.44 0.007492861665 -0.0003271454055)
(0.45 0.007492861665 -0.0003271454055)
(0.46 0.007492861665 -0.0003271454055)
(0.47 0.007492861665 -0.0003271454055)
(0.48 0.007492861665 -0.0003271454055)
(0.49 0.007492861665 -0.0003271454055)
(0.5 0.007492861665 -0.0003271454055)
(0.51 0.007492861665 -0.0003271454055)
(0.52 0.007492861665 -0.0003271454055)
(0.53 0.007492861665 -0.0003271454055)
(0.54 0.007492861665 -0.0003271454055)
(0.55 0.007492861665 -0.0003271454055)
(0.56 0.007492861665 -0.0003271454055)
(0.57 0.007492861665 -0.0003271454055)
(0.58 0.007492861665 -0.0003271454055)
(0.59 0.007492861665 -0.0003271454055)
(0.6 0.007492861665 -0.0003271454055)
(0.61 0.007492861665 -0.0003271454055)
(0.62 0.007492861665 -0.0003271454055)
(0.63 0.007492861665 -0.0003271454055)
(0.64 0.007492861665 -0.0003271454055)
(0.65 0.007492861665 -0.0003271454055)
(0.66 0.007492861665 -0.0003271454055)
(0.67 0.007492861665 -0.0003271454055)
(0.68 0.007492861665 -0.0003271454055)
(0.69 0.007492861665 -0.0003271454055)
(0.7 0.007492861665 -0.0003271454055)
(0.71 0.007492861665 -0.0003271454055)
(0.72 0.007492861665 -0.0003271454055)
(0.73 0.007492861665 -0.0003271454055)
(0.74 0.007492861665 -0.0003271454055)
(0.75 0.007492861665 -0.0003271454055)
(0.76 0.007492861665 -0.0003271454055)
(0.77 0.007492861665 -0.0003271454055)
(0.78 0.007492861665 -0.0003271454055)
(0.79 0.007492861665 -0.0003271454055)
(0.8 0.007492861665 -0.0003271454055)
(0.81 0.007492861665 -0.0003271454055)
(0.82 0.007492861665 -0.0003271454055)
(0.83 0.007492861665 -0.0003271454055)
(0.84 0.007492861665 -0.0003271454055)
(0.85 0.007492861665 -0.0003271454055)
(0.86 0.007492861665 -0.0003271454055)
(0.87 0.007492861665 -0.0003271454055)
(0.88 0.007492861665 -0.0003271454055)
(0.89 0.007492861665 -0.0003271454055)
(0.9 0.007492861665 -0.0003271454055)
(0.91 0.007492861665 -0.0003271454055)
(0.92 0.007492861665 -0.0003271454055)
(0.93 0.007492861665 -0.0003271454055)
(0.94 0.007492861665 -0.0003271454055)
(0.95 0.007492861665 -0.0003271454055)
(0.96 0.007492861665 -0.0003271454055)
(0.97 0.007492861665 -0.0003271454055)
(0.98 0.007492861665 -0.0003271454055)
(0.99 0.007492861665 -0.0003271454055)
(1 0.007492861665 -0.0003271454055)
(1.01 0.007492861665 -0.0003271454055)
(1.02 0.007492861665 -0.0003271454055)
(1.03 0.007492861665 -0.0003271454055)
(1.04 0.007492861665 -0.0003271454055)
(1.05 0.007492861665 -0.0003271454055)
(1.06 0.007492861665 -0.0003271454055)
(1.07 0.007492861665 -0.0003271454055)
(1.08 0.007492861665 -0.0003271454055)
(1.09 0.007492861665 -0.0003271454055)
(1.1 0.007492861665 -0.0003271454055)
(1.11 0.007492861665 -0.0003271454055)
(1.12 0.007492861665 -0.0003271454055)
(1.13 0.007492861665 -0.0003271454055)
(1.14 0.007492861665 -0.0003271454055)
(1.15 0.007492861665 -0.0003271454055)
(1.16 0.007492861665 -0.0003271454055)
(1.17 0.007492861665 -0.0003271454055)
(1.18 0.007492861665 -0.0003271454055)
(1.19 0.007492861665 -0.0003271454055)
(1.2 0.007492861665 -0.0003271454055)
(1.21 0.007492861665 -0.0003271454055)
(1.22 0.007492861665 -0.0003271454055)
(1.23 0.007492861665 -0.0003271454055)
(1.24 0.007492861665 -0.0003271454055)
(1.25 0.007492861665 -0.0003271454055)
(1.26 0.007492861665 -0.0003271454055)
(1.27 0.007492861665 -0.0003271454055)
(1.28 0.007492861665 -0.0003271454055)
(1.29 0.007492861665 -0.0003271454055)
(1.3 0.007492861665 -0.0003271454055)
(1.31 0.007492861665 -0.0003271454055)
(1.32 0.007492861665 -0.0003271454055)
(1.33 0.007492861665 -0.0003271454055)
(1.34 0.007492861665 -0.0003271454055)
(1.35 0.007492861665 -0.0003271454055)
(1.36 0.007492861665 -0.0003271454055)
(1.37 0.007492861665 -0.0003271454055)
(1.38 0.007492861665 -0.0003271454055)
(1.39 0.007492861665 -0.0003271454055)
(1.4 0.007492861665 -0.0003271454055)
(1.41 0.007492861665 -0.0003271454055)
(1.42 0.007492861665 -0.0003271454055)
(1.43 0.007492861665 -0.0003271454055)
(1.44 0.007492861665 -0.0003271454055)
(1.45 0.007492861665 -0.0003271454055)
(1.46 0.007492861665 -0.0003271454055)
(1.47 0.007492861665 -0.0003271454055)
(1.48 0.007492861665 -0.0003271454055)
(1.49 0.007492861665 -0.0003271454055)
(1.5 0.007492861665 -0.0003271454055)
(1.51 0.007492861665 -0.0003271454055)
(1.52 0.007492861665 -0.0003271454055)
(1.53 0.007492861665 -0.0003271454055)
(1.54 0.007492861665 -0.0003271454055)
(1.55 0.007492861665 -0.0003271454055)
(1.56 0.007492861665 -0.0003271454055)
(1.57 0.007492861665 -0.0003271454055)
(1.58 0.007492861665 -0.0003271454055)
(1.59 0.007492861665 -0.0003271454055)
(1.6 0.007492861665 -0.0003271454055)
(1.61 0.007492861665 -0.0003271454055)
(1.62 0.007492861665 -0.0003271454055)
(1.63 0.007492861665 -0.0003271454055)
(1.64 0.007492861665 -0.0003271454055)
(1.65 0.007492861665 -0.0003271454055)
(1.66 0.007492861665 -0.0003271454055)
(1.67 0.007492861665 -0.0003271454055)
(1.68 0.007492861665 -0.0003271454055)
(1.69 0.007492861665 -0.0003271454055)
(1.7 0.007492861665 -0.0003271454055)
(1.71 0.007492861665 -0.0003271454055)
(1.72 0.007492861665 -0.0003271454055)
(1.73 0.007492861665 -0.0003271454055)
(1.74 0.007492861665 -0.0003271454055)
(1.75 0.007492861665 -0.0003271454055)
(1.76 0.007492861665 -0.0003271454055)
(1.77 0.007492861665 -0.0003271454055)
(1.78 0.007492861665 -0.0003271454055)
(1.79 0.007492861665 -0.0003271454055)
(1.8 0.007492861665 -0.0003271454055)
(1.81 0.007492861665 -0.0003271454055)
(1.82 0.007492861665 -0.0003271454055)
(1.83 0.007492861665 -0.0003271454055)
(1.84 0.007492861665 -0.0003271454055)
(1.85 0.007492861665 -0.0003271454055)
(1.86 0.007492861665 -0.0003271454055)
(1.87 0.007492861665 -0.0003271454055)
(1.88 0.007492861665 -0.0003271454055)
(1.89 0.007492861665 -0.0003271454055)
(1.9 0.007492861665 -0.0003271454055)
(1.91 0.007492861665 -0.0003271454055)
(1.92 0.007492861665 -0.0003271454055)
(1.93 0.007492861665 -0.0003271454055)
(1.94 0.007492861665 -0.0003271454055)
(1.95 0.007492861665 -0.0003271454055)
(1.96 0.007492861665 -0.0003271454055)
(1.97 0.007492861665 -0.0003271454055)
(1.98 0.007492861665 -0.0003271454055)
(1.99 0.007492861665 -0.0003271454055)
(2 0.007492861665 -0.0003271454055)
(2.01 0.007492861665 -0.0003271454055)
(2.02 0.007492861665 -0.0003271454055)
(2.03 0.007492861665 -0.0003271454055)
(2.04 0.007492861665 -0.0003271454055)
(2.05 0.007492861665 -0.0003271454055)
(2.06 0.007492861665 -0.0003271454055)
(2.07 0.007492861665 -0.0003271454055)
(2.08 0.007492861665 -0.0003271454055)
(2.09 0.007492861665 -0.0003271454055)
(2.1 0.007492861665 -0.0003271454055)
(2.11 0.007492861665 -0.0003271454055)
(2.12 0.007492861665 -0.0003271454055)
(2.13 0.007492861665 -0.0003271454055)
(2.14 0.007492861665 -0.0003271454055)
(2.15 0.007492861665 -0.0003271454055)
(2.16 0.007492861665 -0.0003271454055)
(2.17 0.007492861665 -0.0003271454055)
(2.18 0.007492861665 -0.0003271454055)
(2.19 0.007492861665 -0.0003271454055)
(2.2 0.007492861665 -0.0003271454055)
(2.21 0.007492861665 -0.0003271454055)
(2.22 0.007492861665 -0.0003271454055)
(2.23 0.007492861665 -0.0003271454055)
(2.24 0.007492861665 -0.0003271454055)
(2.25 0.007492861665 -0.0003271454055)
(2.26 0.007492861665 -0.0003271454055)
(2.27 0.007492861665 -0.0003271454055)
(2.28 0.007492861665 -0.0003271454055)
(2.29 0.007492861665 -0.0003271454055)
(2.3 0.007492861665 -0.0003271454055)
(2.31 0.007492861665 -0.0003271454055)
(2.32 0.007492861665 -0.0003271454055)
(2.33 0.007492861665 -0.0003271454055)
(2.34 0.007492861665 -0.0003271454055)
(2.35 0.007492861665 -0.0003271454055)
(2.36 0.007492861665 -0.0003271454055)
(2.37 0.007492861665 -0.0003271454055)
(2.38 0.007492861665 -0.0003271454055)
(2.39 0.007492861665 -0.0003271454055)
(2.4 0.007492861665 -0.0003271454055)
(2.41 0.007492861665 -0.0003271454055)
(2.42 0.007492861665 -0.0003271454055)
(2.43 0.007492861665 -0.0003271454055)
(2.44 0.007492861665 -0.0003271454055)
(2.45 0.007492861665 -0.0003271454055)
(2.46 0.007492861665 -0.0003271454055)
(2.47 0.007492861665 -0.0003271454055)
(2.48 0.007492861665 -0.0003271454055)
(2.49 0.007492861665 -0.0003271454055)
(2.5 0.007492861665 -0.0003271454055)
(2.51 0.007492861665 -0.0003271454055)
(2.52 0.007492861665 -0.0003271454055)
(2.53 0.007492861665 -0.0003271454055)
(2.54 0.007492861665 -0.0003271454055)
(2.55 0.007492861665 -0.0003271454055)
(2.56 0.007492861665 -0.0003271454055)
(2.57 0.007492861665 -0.0003271454055)
(2.58 0.007492861665 -0.0003271454055)
(2.59 0.007492861665 -0.0003271454055)
(2.6 0.007492861665 -0.0003271454055)
(2.61 0.007492861665 -0.0003271454055)
(2.62 0.007492861665 -0.0003271454055)
(2.63 0.007492861665 -0.0003271454055)
(2.64 0.007492861665 -0.0003271454055)
(2.65 0.007492861665 -0.0003271454055)
(2.66 0.007492861665 -0.0003271454055)
(2.67 0.007492861665 -0.0003271454055)
(2.68 0.007492861665 -0.0003271454055)
(2.69 0.007492861665 -0.0003271454055)
(2.7 0.007492861665 -0.0003271454055)
(2.71 0.007492861665 -0.0003271454055)
(2.72 0.007492861665 -0.0003271454055)
(2.73 0.007492861665 -0.0003271454055)
(2.74 0.007492861665 -0.0003271454055)
(2.75 0.007492861665 -0.0003271454055)
(2.76 0.007492861665 -0.0003271454055)
(2.77 0.007492861665 -0.0003271454055)
(2.78 0.007492861665 -0.0003271454055)
(2.79 0.007492861665 -0.0003271454055)
(2.8 0.007492861665 -0.0003271454055)
(2.81 0.007492861665 -0.0003271454055)
(2.82 0.007492861665 -0.0003271454055)
(2.83 0.007492861665 -0.0003271454055)
(2.84 0.007492861665 -0.0003271454055)
(2.85 0.007492861665 -0.0003271454055)
(2.86 0.007492861665 -0.0003271454055)
(2.87 0.007492861665 -0.0003271454055)
(2.88 0.007492861665 -0.0003271454055)
(2.89 0.007492861665 -0.0003271454055)
(2.9 0.007492861665 -0.0003271454055)
(2.91 0.007492861665 -0.0003271454055)
(2.92 0.007492861665 -0.0003271454055)
(2.93 0.007492861665 -0.0003271454055)
(2.94 0.007492861665 -0.0003271454055)
(2.95 0.007492861665 -0.0003271454055)
(2.96 0.007492861665 -0.0003271454055)
(2.97 0.007492861665 -0.0003271454055)
(2.98 0.007492861665 -0.0003271454055)
(2.99 0.007492861665 -0.0003271454055)
(3 0.007492861665 -0.0003271454055)
(0 0.00999048222 -0.000436193874)
(0.01 0.00999048222 -0.000436193874)
(0.02 0.00999048222 -0.000436193874)
(0.03 0.00999048222 -0.000436193874)
(0.04 0.00999048222 -0.000436193874)
(0.05 0.00999048222 -0.000436193874)
(0.06 0.00999048222 -0.000436193874)
(0.07 0.00999048222 -0.000436193874)
(0.08 0.00999048222 -0.000436193874)
(0.09 0.00999048222 -0.000436193874)
(0.1 0.00999048222 -0.000436193874)
(0.11 0.00999048222 -0.000436193874)
(0.12 0.00999048222 -0.000436193874)
(0.13 0.00999048222 -0.000436193874)
(0.14 0.00999048222 -0.000436193874)
(0.15 0.00999048222 -0.000436193874)
(0.16 0.00999048222 -0.000436193874)
(0.17 0.00999048222 -0.000436193874)
(0.18 0.00999048222 -0.000436193874)
(0.19 0.00999048222 -0.000436193874)
(0.2 0.00999048222 -0.000436193874)
(0.21 0.00999048222 -0.000436193874)
(0.22 0.00999048222 -0.000436193874)
(0.23 0.00999048222 -0.000436193874)
(0.24 0.00999048222 -0.000436193874)
(0.25 0.00999048222 -0.000436193874)
(0.26 0.00999048222 -0.000436193874)
(0.27 0.00999048222 -0.000436193874)
(0.28 0.00999048222 -0.000436193874)
(0.29 0.00999048222 -0.000436193874)
(0.3 0.00999048222 -0.000436193874)
(0.31 0.00999048222 -0.000436193874)
(0.32 0.00999048222 -0.000436193874)
(0.33 0.00999048222 -0.000436193874)
(0.34 0.00999048222 -0.000436193874)
(0.35 0.00999048222 -0.000436193874)
(0.36 0.00999048222 -0.000436193874)
(0.37 0.00999048222 -0.000436193874)
(0.38 0.00999048222 -0.000436193874)
(0.39 0.00999048222 -0.000436193874)
(0.4 0.00999048222 -0.000436193874)
(0.41 0.00999048222 -0.000436193874)
(0.42 0.00999048222 -0.000436193874)
(0.43 0.00999048222 -0.000436193874)
(0.44 0.00999048222 -0.000436193874)
(0.45 0.00999048222 -0.000436193874)
(0.46 0.00999048222 -0.000436193874)
(0.47 0.00999048222 -0.000436193874)
(0.48 0.00999048222 -0.000436193874)
(0.49 0.00999048222 -0.000436193874)
(0.5 0.00999048222 -0.000436193874)
(0.51 0.00999048222 -0.000436193874)
(0.52 0.00999048222 -0.000436193874)
(0.53 0.00999048222 -0.000436193874)
(0.54 0.00999048222 -0.000436193874)
(0.55 0.00999048222 -0.000436193874)
(0.56 0.00999048222 -0.000436193874)
(0.57 0.00999048222 -0.000436193874)
(0.58 0.00999048222 -0.000436193874)
(0.59 0.00999048222 -0.000436193874)
(0.6 0.00999048222 -0.000436193874)
(0.61 0.00999048222 -0.000436193874)
(0.62 0.00999048222 -0.000436193874)
(0.63 0.00999048222 -0.000436193874)
(0.64 0.00999048222 -0.000436193874)
(0.65 0.00999048222 -0.000436193874)
(0.66 0.00999048222 -0.000436193874)
(0.67 0.00999048222 -0.000436193874)
(0.68 0.00999048222 -0.000436193874)
(0.69 0.00999048222 -0.000436193874)
(0.7 0.00999048222 -0.000436193874)
(0.71 0.00999048222 -0.000436193874)
(0.72 0.00999048222 -0.000436193874)
(0.73 0.00999048222 -0.000436193874)
(0.74 0.00999048222 -0.000436193874)
(0.75 0.00999048222 -0.000436193874)
(0.76 0.00999048222 -0.000436193874)
(0.77 0.00999048222 -0.000436193874)
(0.78 0.00999048222 -0.000436193874)
(0.79 0.00999048222 -0.000436193874)
(0.8 0.00999048222 -0.000436193874)
(0.81 0.00999048222 -0.000436193874)
(0.82 0.00999048222 -0.000436193874)
(0.83 0.00999048222 -0.000436193874)
(0.84 0.00999048222 -0.000436193874)
(0.85 0.00999048222 -0.000436193874)
(0.86 0.00999048222 -0.000436193874)
(0.87 0.00999048222 -0.000436193874)
(0.88 0.00999048222 -0.000436193874)
(0.89 0.00999048222 -0.000436193874)
(0.9 0.00999048222 -0.000436193874)
(0.91 0.00999048222 -0.000436193874)
(0.92 0.00999048222 -0.000436193874)
(0.93 0.00999048222 -0.000436193874)
(0.94 0.00999048222 -0.000436193874)
(0.95 0.00999048222 -0.000436193874)
(0.96 0.00999048222 -0.000436193874)
(0.97 0.00999048222 -0.000436193874)
(0.98 0.00999048222 -0.000436193874)
(0.99 0.00999048222 -0.000436193874)
(1 0.00999048222 -0.000436193874)
(1.01 0.00999048222 -0.000436193874)
(1.02 0.00999048222 -0.000436193874)
(1.03 0.00999048222 -0.000436193874)
(1.04 0.00999048222 -0.000436193874)
(1.05 0.00999048222 -0.000436193874)
(1.06 0.00999048222 -0.000436193874)
(1.07 0.00999048222 -0.000436193874)
(1.08 0.00999048222 -0.000436193874)
(1.09 0.00999048222 -0.000436193874)
(1.1 0.00999048222 -0.000436193874)
(1.11 0.00999048222 -0.000436193874)
(1.12 0.00999048222 -0.000436193874)
(1.13 0.00999048222 -0.000436193874)
(1.14 0.00999048222 -0.000436193874)
(1.15 0.00999048222 -0.000436193874)
(1.16 0.00999048222 -0.000436193874)
(1.17 0.00999048222 -0.000436193874)
(1.18 0.00999048222 -0.000436193874)
(1.19 0.00999048222 -0.000436193874)
(1.2 0.00999048222 -0.000436193874)
(1.21 0.00999048222 -0.000436193874)
(1.22 0.00999048222 -0.000436193874)
(1.23 0.00999048222 -0.000436193874)
(1.24 0.00999048222 -0.000436193874)
(1.25 0.00999048222 -0.000436193874)
(1.26 0.00999048222 -0.000436193874)
(1.27 0.00999048222 -0.000436193874)
(1.28 0.00999048222 -0.000436193874)
(1.29 0.00999048222 -0.000436193874)
(1.3 0.00999048222 -0.000436193874)
(1.31 0.00999048222 -0.000436193874)
(1.32 0.00999048222 -0.000436193874)
(1.33 0.00999048222 -0.000436193874)
(1.34 0.00999048222 -0.000436193874)
(1.35 0.00999048222 -0.000436193874)
(1.36 0.00999048222 -0.000436193874)
(1.37 0.00999048222 -0.000436193874)
(1.38 0.00999048222 -0.000436193874)
(1.39 0.00999048222 -0.000436193874)
(1.4 0.00999048222 -0.000436193874)
(1.41 0.00999048222 -0.000436193874)
(1.42 0.00999048222 -0.000436193874)
(1.43 0.00999048222 -0.000436193874)
(1.44 0.00999048222 -0.000436193874)
(1.45 0.00999048222 -0.000436193874)
(1.46 0.00999048222 -0.000436193874)
(1.47 0.00999048222 -0.000436193874)
(1.48 0.00999048222 -0.000436193874)
(1.49 0.00999048222 -0.000436193874)
(1.5 0.00999048222 -0.000436193874)
(1.51 0.00999048222 -0.000436193874)
(1.52 0.00999048222 -0.000436193874)
(1.53 0.00999048222 -0.000436193874)
(1.54 0.00999048222 -0.000436193874)
(1.55 0.00999048222 -0.000436193874)
(1.56 0.00999048222 -0.000436193874)
(1.57 0.00999048222 -0.000436193874)
(1.58 0.00999048222 -0.000436193874)
(1.59 0.00999048222 -0.000436193874)
(1.6 0.00999048222 -0.000436193874)
(1.61 0.00999048222 -0.000436193874)
(1.62 0.00999048222 -0.000436193874)
(1.63 0.00999048222 -0.000436193874)
(1.64 0.00999048222 -0.000436193874)
(1.65 0.00999048222 -0.000436193874)
(1.66 0.00999048222 -0.000436193874)
(1.67 0.00999048222 -0.000436193874)
(1.68 0.00999048222 -0.000436193874)
(1.69 0.00999048222 -0.000436193874)
(1.7 0.00999048222 -0.000436193874)
(1.71 0.00999048222 -0.000436193874)
(1.72 0.00999048222 -0.000436193874)
(1.73 0.00999048222 -0.000436193874)
(1.74 0.00999048222 -0.000436193874)
(1.75 0.00999048222 -0.000436193874)
(1.76 0.00999048222 -0.000436193874)
(1.77 0.00999048222 -0.000436193874)
(1.78 0.00999048222 -0.000436193874)
(1.79 0.00999048222 -0.000436193874)
(1.8 0.00999048222 -0.000436193874)
(1.81 0.00999048222 -0.000436193874)
(1.82 0.00999048222 -0.000436193874)
(1.83 0.00999048222 -0.000436193874)
(1.84 0.00999048222 -0.000436193874)
(1.85 0.00999048222 -0.000436193874)
(1.86 0.00999048222 -0.000436193874)
(1.87 0.00999048222 -0.000436193874)
(1.88 0.00999048222 -0.000436193874)
(1.89 0.00999048222 -0.000436193874)
(1.9 0.00999048222 -0.000436193874)
(1.91 0.00999048222 -0.000436193874)
(1.92 0.00999048222 -0.000436193874)
(1.93 0.00999048222 -0.000436193874)
(1.94 0.00999048222 -0.000436193874)
(1.95 0.00999048222 -0.000436193874)
(1.96 0.00999048222 -0.000436193874)
(1.97 0.00999048222 -0.000436193874)
(1.98 0.00999048222 -0.000436193874)
(1.99 0.00999048222 -0.000436193874)
(2 0.00999048222 -0.000436193874)
(2.01 0.00999048222 -0.000436193874)
(2.02 0.00999048222 -0.000436193874)
(2.03 0.00999048222 -0.000436193874)
(2.04 0.00999048222 -0.000436193874)
(2.05 0.00999048222 -0.000436193874)
(2.06 0.00999048222 -0.000436193874)
(2.07 0.00999048222 -0.000436193874)
(2.08 0.00999048222 -0.000436193874)
(2.09 0.00999048222 -0.000436193874)
(2.1 0.00999048222 -0.000436193874)
(2.11 0.00999048222 -0.000436193874)
(2.12 0.00999048222 -0.000436193874)
(2.13 0.00999048222 -0.000436193874)
(2.14 0.00999048222 -0.000436193874)
(2.15 0.00999048222 -0.000436193874)
(2.16 0.00999048222 -0.000436193874)
(2.17 0.00999048222 -0.000436193874)
(2.18 0.00999048222 -0.000436193874)
(2.19 0.00999048222 -0.000436193874)
(2.2 0.00999048222 -0.000436193874)
(2.21 0.00999048222 -0.000436193874)
(2.22 0.00999048222 -0.000436193874)
(2.23 0.00999048222 -0.000436193874)
(2.24 0.00999048222 -0.000436193874)
(2.25 0.00999048222 -0.000436193874)
(2.26 0.00999048222 -0.000436193874)
(2.27 0.00999048222 -0.000436193874)
(2.28 0.00999048222 -0.000436193874)
(2.29 0.00999048222 -0.000436193874)
(2.3 0.00999048222 -0.000436193874)
(2.31 0.00999048222 -0.000436193874)
(2.32 0.00999048222 -0.000436193874)
(2.33 0.00999048222 -0.000436193874)
(2.34 0.00999048222 -0.000436193874)
(2.35 0.00999048222 -0.000436193874)
(2.36 0.00999048222 -0.000436193874)
(2.37 0.00999048222 -0.000436193874)
(2.38 0.00999048222 -0.000436193874)
(2.39 0.00999048222 -0.000436193874)
(2.4 0.00999048222 -0.000436193874)
(2.41 0.00999048222 -0.000436193874)
(2.42 0.00999048222 -0.000436193874)
(2.43 0.00999048222 -0.000436193874)
(2.44 0.00999048222 -0.000436193874)
(2.45 0.00999048222 -0.000436193874)
(2.46 0.00999048222 -0.000436193874)
(2.47 0.00999048222 -0.000436193874)
(2.48 0.00999048222 -0.000436193874)
(2.49 0.00999048222 -0.000436193874)
(2.5 0.00999048222 -0.000436193874)
(2.51 0.00999048222 -0.000436193874)
(2.52 0.00999048222 -0.000436193874)
(2.53 0.00999048222 -0.000436193874)
(2.54 0.00999048222 -0.000436193874)
(2.55 0.00999048222 -0.000436193874)
(2.56 0.00999048222 -0.000436193874)
(2.57 0.00999048222 -0.000436193874)
(2.58 0.00999048222 -0.000436193874)
(2.59 0.00999048222 -0.000436193874)
(2.6 0.00999048222 -0.000436193874)
(2.61 0.00999048222 -0.000436193874)
(2.62 0.00999048222 -0.000436193874)
(2.63 0.00999048222 -0.000436193874)
(2.64 0.00999048222 -0.000436193874)
(2.65 0.00999048222 -0.000436193874)
(2.66 0.00999048222 -0.000436193874)
(2.67 0.00999048222 -0.000436193874)
(2.68 0.00999048222 -0.000436193874)
(2.69 0.00999048222 -0.000436193874)
(2.7 0.00999048222 -0.000436193874)
(2.71 0.00999048222 -0.000436193874)
(2.72 0.00999048222 -0.000436193874)
(2.73 0.00999048222 -0.000436193874)
(2.74 0.00999048222 -0.000436193874)
(2.75 0.00999048222 -0.000436193874)
(2.76 0.00999048222 -0.000436193874)
(2.77 0.00999048222 -0.000436193874)
(2.78 0.00999048222 -0.000436193874)
(2.79 0.00999048222 -0.000436193874)
(2.8 0.00999048222 -0.000436193874)
(2.81 0.00999048222 -0.000436193874)
(2.82 0.00999048222 -0.000436193874)
(2.83 0.00999048222 -0.000436193874)
(2.84 0.00999048222 -0.000436193874)
(2.85 0.00999048222 -0.000436193874)
(2.86 0.00999048222 -0.000436193874)
(2.87 0.00999048222 -0.000436193874)
(2.88 0.00999048222 -0.000436193874)
(2.89 0.00999048222 -0.000436193874)
(2.9 0.00999048222 -0.000436193874)
(2.91 0.00999048222 -0.000436193874)
(2.92 0.00999048222 -0.000436193874)
(2.93 0.00999048222 -0.000436193874)
(2.94 0.00999048222 -0.000436193874)
(2.95 0.00999048222 -0.000436193874)
(2.96 0.00999048222 -0.000436193874)
(2.97 0.00999048222 -0.000436193874)
(2.98 0.00999048222 -0.000436193874)
(2.99 0.00999048222 -0.000436193874)
(3 0.00999048222 -0.000436193874)
(0 0.01248810278 -0.0005452423425)
(0.01 0.01248810278 -0.0005452423425)
(0.02 0.01248810278 -0.0005452423425)
(0.03 0.01248810278 -0.0005452423425)
(0.04 0.01248810278 -0.0005452423425)
(0.05 0.01248810278 -0.0005452423425)
(0.06 0.01248810278 -0.0005452423425)
(0.07 0.01248810278 -0.0005452423425)
(0.08 0.01248810278 -0.0005452423425)
(0.09 0.01248810278 -0.0005452423425)
(0.1 0.01248810278 -0.0005452423425)
(0.11 0.01248810278 -0.0005452423425)
(0.12 0.01248810278 -0.0005452423425)
(0.13 0.01248810278 -0.0005452423425)
(0.14 0.01248810278 -0.0005452423425)
(0.15 0.01248810278 -0.0005452423425)
(0.16 0.01248810278 -0.0005452423425)
(0.17 0.01248810278 -0.0005452423425)
(0.18 0.01248810278 -0.0005452423425)
(0.19 0.01248810278 -0.0005452423425)
(0.2 0.01248810278 -0.0005452423425)
(0.21 0.01248810278 -0.0005452423425)
(0.22 0.01248810278 -0.0005452423425)
(0.23 0.01248810278 -0.0005452423425)
(0.24 0.01248810278 -0.0005452423425)
(0.25 0.01248810278 -0.0005452423425)
(0.26 0.01248810278 -0.0005452423425)
(0.27 0.01248810278 -0.0005452423425)
(0.28 0.01248810278 -0.0005452423425)
(0.29 0.01248810278 -0.0005452423425)
(0.3 0.01248810278 -0.0005452423425)
(0.31 0.01248810278 -0.0005452423425)
(0.32 0.01248810278 -0.0005452423425)
(0.33 0.01248810278 -0.0005452423425)
(0.34 0.01248810278 -0.0005452423425)
(0.35 0.01248810278 -0.0005452423425)
(0.36 0.01248810278 -0.0005452423425)
(0.37 0.01248810278 -0.0005452423425)
(0.38 0.01248810278 -0.0005452423425)
(0.39 0.01248810278 -0.0005452423425)
(0.4 0.01248810278 -0.0005452423425)
(0.41 0.01248810278 -0.0005452423425)
(0.42 0.01248810278 -0.0005452423425)
(0.43 0.01248810278 -0.0005452423425)
(0.44 0.01248810278 -0.0005452423425)
(0.45 0.01248810278 -0.0005452423425)
(0.46 0.01248810278 -0.0005452423425)
(0.47 0.01248810278 -0.0005452423425)
(0.48 0.01248810278 -0.0005452423425)
(0.49 0.01248810278 -0.0005452423425)
(0.5 0.01248810278 -0.0005452423425)
(0.51 0.01248810278 -0.0005452423425)
(0.52 0.01248810278 -0.0005452423425)
(0.53 0.01248810278 -0.0005452423425)
(0.54 0.01248810278 -0.0005452423425)
(0.55 0.01248810278 -0.0005452423425)
(0.56 0.01248810278 -0.0005452423425)
(0.57 0.01248810278 -0.0005452423425)
(0.58 0.01248810278 -0.0005452423425)
(0.59 0.01248810278 -0.0005452423425)
(0.6 0.01248810278 -0.0005452423425)
(0.61 0.01248810278 -0.0005452423425)
(0.62 0.01248810278 -0.0005452423425)
(0.63 0.01248810278 -0.0005452423425)
(0.64 0.01248810278 -0.0005452423425)
(0.65 0.01248810278 -0.0005452423425)
(0.66 0.01248810278 -0.0005452423425)
(0.67 0.01248810278 -0.0005452423425)
(0.68 0.01248810278 -0.0005452423425)
(0.69 0.01248810278 -0.0005452423425)
(0.7 0.01248810278 -0.0005452423425)
(0.71 0.01248810278 -0.0005452423425)
(0.72 0.01248810278 -0.0005452423425)
(0.73 0.01248810278 -0.0005452423425)
(0.74 0.01248810278 -0.0005452423425)
(0.75 0.01248810278 -0.0005452423425)
(0.76 0.01248810278 -0.0005452423425)
(0.77 0.01248810278 -0.0005452423425)
(0.78 0.01248810278 -0.0005452423425)
(0.79 0.01248810278 -0.0005452423425)
(0.8 0.01248810278 -0.0005452423425)
(0.81 0.01248810278 -0.0005452423425)
(0.82 0.01248810278 -0.0005452423425)
(0.83 0.01248810278 -0.0005452423425)
(0.84 0.01248810278 -0.0005452423425)
(0.85 0.01248810278 -0.0005452423425)
(0.86 0.01248810278 -0.0005452423425)
(0.87 0.01248810278 -0.0005452423425)
(0.88 0.01248810278 -0.0005452423425)
(0.89 0.01248810278 -0.0005452423425)
(0.9 0.01248810278 -0.0005452423425)
(0.91 0.01248810278 -0.0005452423425)
(0.92 0.01248810278 -0.0005452423425)
(0.93 0.01248810278 -0.0005452423425)
(0.94 0.01248810278 -0.0005452423425)
(0.95 0.01248810278 -0.0005452423425)
(0.96 0.01248810278 -0.0005452423425)
(0.97 0.01248810278 -0.0005452423425)
(0.98 0.01248810278 -0.0005452423425)
(0.99 0.01248810278 -0.0005452423425)
(1 0.01248810278 -0.0005452423425)
(1.01 0.01248810278 -0.0005452423425)
(1.02 0.01248810278 -0.0005452423425)
(1.03 0.01248810278 -0.0005452423425)
(1.04 0.01248810278 -0.0005452423425)
(1.05 0.01248810278 -0.0005452423425)
(1.06 0.01248810278 -0.0005452423425)
(1.07 0.01248810278 -0.0005452423425)
(1.08 0.01248810278 -0.0005452423425)
(1.09 0.01248810278 -0.0005452423425)
(1.1 0.01248810278 -0.0005452423425)
(1.11 0.01248810278 -0.0005452423425)
(1.12 0.01248810278 -0.0005452423425)
(1.13 0.01248810278 -0.0005452423425)
(1.14 0.01248810278 -0.0005452423425)
(1.15 0.01248810278 -0.0005452423425)
(1.16 0.01248810278 -0.0005452423425)
(1.17 0.01248810278 -0.0005452423425)
(1.18 0.01248810278 -0.0005452423425)
(1.19 0.01248810278 -0.0005452423425)
(1.2 0.01248810278 -0.0005452423425)
(1.21 0.01248810278 -0.0005452423425)
(1.22 0.01248810278 -0.0005452423425)
(1.23 0.01248810278 -0.0005452423425)
(1.24 0.01248810278 -0.0005452423425)
(1.25 0.01248810278 -0.0005452423425)
(1.26 0.01248810278 -0.0005452423425)
(1.27 0.01248810278 -0.0005452423425)
(1.28 0.01248810277 -0.0005452423425)
(1.29 0.01248810278 -0.0005452423425)
(1.3 0.01248810278 -0.0005452423425)
(1.31 0.01248810278 -0.0005452423425)
(1.32 0.01248810278 -0.0005452423425)
(1.33 0.01248810278 -0.0005452423425)
(1.34 0.01248810278 -0.0005452423425)
(1.35 0.01248810278 -0.0005452423425)
(1.36 0.01248810278 -0.0005452423425)
(1.37 0.01248810278 -0.0005452423425)
(1.38 0.01248810278 -0.0005452423425)
(1.39 0.01248810278 -0.0005452423425)
(1.4 0.01248810278 -0.0005452423425)
(1.41 0.01248810278 -0.0005452423425)
(1.42 0.01248810277 -0.0005452423425)
(1.43 0.01248810278 -0.0005452423425)
(1.44 0.01248810278 -0.0005452423425)
(1.45 0.01248810278 -0.0005452423425)
(1.46 0.01248810278 -0.0005452423425)
(1.47 0.01248810278 -0.0005452423425)
(1.48 0.01248810278 -0.0005452423425)
(1.49 0.01248810278 -0.0005452423425)
(1.5 0.01248810278 -0.0005452423425)
(1.51 0.01248810278 -0.0005452423425)
(1.52 0.01248810278 -0.0005452423425)
(1.53 0.01248810278 -0.0005452423425)
(1.54 0.01248810278 -0.0005452423425)
(1.55 0.01248810278 -0.0005452423425)
(1.56 0.01248810278 -0.0005452423425)
(1.57 0.01248810278 -0.0005452423425)
(1.58 0.01248810278 -0.0005452423425)
(1.59 0.01248810278 -0.0005452423425)
(1.6 0.01248810278 -0.0005452423425)
(1.61 0.01248810278 -0.0005452423425)
(1.62 0.01248810278 -0.0005452423425)
(1.63 0.01248810278 -0.0005452423425)
(1.64 0.01248810278 -0.0005452423425)
(1.65 0.01248810278 -0.0005452423425)
(1.66 0.01248810278 -0.0005452423425)
(1.67 0.01248810278 -0.0005452423425)
(1.68 0.01248810278 -0.0005452423425)
(1.69 0.01248810278 -0.0005452423425)
(1.7 0.01248810278 -0.0005452423425)
(1.71 0.01248810278 -0.0005452423425)
(1.72 0.01248810278 -0.0005452423425)
(1.73 0.01248810278 -0.0005452423425)
(1.74 0.01248810278 -0.0005452423425)
(1.75 0.01248810278 -0.0005452423425)
(1.76 0.01248810278 -0.0005452423425)
(1.77 0.01248810278 -0.0005452423425)
(1.78 0.01248810278 -0.0005452423425)
(1.79 0.01248810278 -0.0005452423425)
(1.8 0.01248810278 -0.0005452423425)
(1.81 0.01248810278 -0.0005452423425)
(1.82 0.01248810278 -0.0005452423425)
(1.83 0.01248810278 -0.0005452423425)
(1.84 0.01248810278 -0.0005452423425)
(1.85 0.01248810278 -0.0005452423425)
(1.86 0.01248810278 -0.0005452423425)
(1.87 0.01248810278 -0.0005452423425)
(1.88 0.01248810278 -0.0005452423425)
(1.89 0.01248810278 -0.0005452423425)
(1.9 0.01248810278 -0.0005452423425)
(1.91 0.01248810278 -0.0005452423425)
(1.92 0.01248810278 -0.0005452423425)
(1.93 0.01248810278 -0.0005452423425)
(1.94 0.01248810278 -0.0005452423425)
(1.95 0.01248810278 -0.0005452423425)
(1.96 0.01248810278 -0.0005452423425)
(1.97 0.01248810278 -0.0005452423425)
(1.98 0.01248810278 -0.0005452423425)
(1.99 0.01248810277 -0.0005452423425)
(2 0.01248810278 -0.0005452423425)
(2.01 0.01248810278 -0.0005452423425)
(2.02 0.01248810278 -0.0005452423425)
(2.03 0.01248810278 -0.0005452423425)
(2.04 0.01248810278 -0.0005452423425)
(2.05 0.01248810278 -0.0005452423425)
(2.06 0.01248810277 -0.0005452423425)
(2.07 0.01248810278 -0.0005452423425)
(2.08 0.01248810278 -0.0005452423425)
(2.09 0.01248810278 -0.0005452423425)
(2.1 0.01248810278 -0.0005452423425)
(2.11 0.01248810278 -0.0005452423425)
(2.12 0.01248810278 -0.0005452423425)
(2.13 0.01248810277 -0.0005452423425)
(2.14 0.01248810278 -0.0005452423425)
(2.15 0.01248810278 -0.0005452423425)
(2.16 0.01248810278 -0.0005452423425)
(2.17 0.01248810278 -0.0005452423425)
(2.18 0.01248810278 -0.0005452423425)
(2.19 0.01248810278 -0.0005452423425)
(2.2 0.01248810278 -0.0005452423425)
(2.21 0.01248810278 -0.0005452423425)
(2.22 0.01248810278 -0.0005452423425)
(2.23 0.01248810278 -0.0005452423425)
(2.24 0.01248810278 -0.0005452423425)
(2.25 0.01248810278 -0.0005452423425)
(2.26 0.01248810278 -0.0005452423425)
(2.27 0.01248810278 -0.0005452423425)
(2.28 0.01248810278 -0.0005452423425)
(2.29 0.01248810278 -0.0005452423425)
(2.3 0.01248810278 -0.0005452423425)
(2.31 0.01248810278 -0.0005452423425)
(2.32 0.01248810278 -0.0005452423425)
(2.33 0.01248810278 -0.0005452423425)
(2.34 0.01248810278 -0.0005452423425)
(2.35 0.01248810278 -0.0005452423425)
(2.36 0.01248810278 -0.0005452423425)
(2.37 0.01248810278 -0.0005452423425)
(2.38 0.01248810278 -0.0005452423425)
(2.39 0.01248810278 -0.0005452423425)
(2.4 0.01248810278 -0.0005452423425)
(2.41 0.01248810277 -0.0005452423425)
(2.42 0.01248810278 -0.0005452423425)
(2.43 0.01248810278 -0.0005452423425)
(2.44 0.01248810278 -0.0005452423425)
(2.45 0.01248810278 -0.0005452423425)
(2.46 0.01248810278 -0.0005452423425)
(2.47 0.01248810278 -0.0005452423425)
(2.48 0.01248810278 -0.0005452423425)
(2.49 0.01248810278 -0.0005452423425)
(2.5 0.01248810278 -0.0005452423425)
(2.51 0.01248810278 -0.0005452423425)
(2.52 0.01248810278 -0.0005452423425)
(2.53 0.01248810278 -0.0005452423425)
(2.54 0.01248810278 -0.0005452423425)
(2.55 0.01248810278 -0.0005452423425)
(2.56 0.01248810278 -0.0005452423425)
(2.57 0.01248810278 -0.0005452423425)
(2.58 0.01248810278 -0.0005452423425)
(2.59 0.01248810278 -0.0005452423425)
(2.6 0.01248810278 -0.0005452423425)
(2.61 0.01248810278 -0.0005452423425)
(2.62 0.01248810278 -0.0005452423425)
(2.63 0.01248810278 -0.0005452423425)
(2.64 0.01248810278 -0.0005452423425)
(2.65 0.01248810278 -0.0005452423425)
(2.66 0.01248810278 -0.0005452423425)
(2.67 0.01248810278 -0.0005452423425)
(2.68 0.01248810278 -0.0005452423425)
(2.69 0.01248810278 -0.0005452423425)
(2.7 0.01248810278 -0.0005452423425)
(2.71 0.01248810278 -0.0005452423425)
(2.72 0.01248810278 -0.0005452423425)
(2.73 0.01248810278 -0.0005452423425)
(2.74 0.01248810278 -0.0005452423425)
(2.75 0.01248810278 -0.0005452423425)
(2.76 0.01248810278 -0.0005452423425)
(2.77 0.01248810278 -0.0005452423425)
(2.78 0.01248810278 -0.0005452423425)
(2.79 0.01248810278 -0.0005452423425)
(2.8 0.01248810278 -0.0005452423425)
(2.81 0.01248810278 -0.0005452423425)
(2.82 0.01248810278 -0.0005452423425)
(2.83 0.01248810277 -0.0005452423425)
(2.84 0.01248810278 -0.0005452423425)
(2.85 0.01248810278 -0.0005452423425)
(2.86 0.01248810278 -0.0005452423425)
(2.87 0.01248810278 -0.0005452423425)
(2.88 0.01248810278 -0.0005452423425)
(2.89 0.01248810278 -0.0005452423425)
(2.9 0.01248810278 -0.0005452423425)
(2.91 0.01248810278 -0.0005452423425)
(2.92 0.01248810278 -0.0005452423425)
(2.93 0.01248810278 -0.0005452423425)
(2.94 0.01248810278 -0.0005452423425)
(2.95 0.01248810278 -0.0005452423425)
(2.96 0.01248810278 -0.0005452423425)
(2.97 0.01248810278 -0.0005452423425)
(2.98 0.01248810278 -0.0005452423425)
(2.99 0.01248810278 -0.0005452423425)
(3 0.01248810278 -0.0005452423425)
(0 0.01498572333 -0.000654290811)
(0.01 0.01498572333 -0.000654290811)
(0.02 0.01498572333 -0.000654290811)
(0.03 0.01498572333 -0.000654290811)
(0.04 0.01498572333 -0.000654290811)
(0.05 0.01498572333 -0.000654290811)
(0.06 0.01498572333 -0.000654290811)
(0.07 0.01498572333 -0.000654290811)
(0.08 0.01498572333 -0.000654290811)
(0.09 0.01498572333 -0.000654290811)
(0.1 0.01498572333 -0.000654290811)
(0.11 0.01498572333 -0.000654290811)
(0.12 0.01498572333 -0.000654290811)
(0.13 0.01498572333 -0.000654290811)
(0.14 0.01498572333 -0.000654290811)
(0.15 0.01498572333 -0.000654290811)
(0.16 0.01498572333 -0.000654290811)
(0.17 0.01498572333 -0.000654290811)
(0.18 0.01498572333 -0.000654290811)
(0.19 0.01498572333 -0.000654290811)
(0.2 0.01498572333 -0.000654290811)
(0.21 0.01498572333 -0.000654290811)
(0.22 0.01498572333 -0.000654290811)
(0.23 0.01498572333 -0.000654290811)
(0.24 0.01498572333 -0.000654290811)
(0.25 0.01498572333 -0.000654290811)
(0.26 0.01498572333 -0.000654290811)
(0.27 0.01498572333 -0.000654290811)
(0.28 0.01498572333 -0.000654290811)
(0.29 0.01498572333 -0.000654290811)
(0.3 0.01498572333 -0.000654290811)
(0.31 0.01498572333 -0.000654290811)
(0.32 0.01498572333 -0.000654290811)
(0.33 0.01498572333 -0.000654290811)
(0.34 0.01498572333 -0.000654290811)
(0.35 0.01498572333 -0.000654290811)
(0.36 0.01498572333 -0.000654290811)
(0.37 0.01498572333 -0.000654290811)
(0.38 0.01498572333 -0.000654290811)
(0.39 0.01498572333 -0.000654290811)
(0.4 0.01498572333 -0.000654290811)
(0.41 0.01498572333 -0.000654290811)
(0.42 0.01498572333 -0.000654290811)
(0.43 0.01498572333 -0.000654290811)
(0.44 0.01498572333 -0.000654290811)
(0.45 0.01498572333 -0.000654290811)
(0.46 0.01498572333 -0.000654290811)
(0.47 0.01498572333 -0.000654290811)
(0.48 0.01498572333 -0.000654290811)
(0.49 0.01498572333 -0.000654290811)
(0.5 0.01498572333 -0.000654290811)
(0.51 0.01498572333 -0.000654290811)
(0.52 0.01498572333 -0.000654290811)
(0.53 0.01498572333 -0.000654290811)
(0.54 0.01498572333 -0.000654290811)
(0.55 0.01498572333 -0.000654290811)
(0.56 0.01498572333 -0.000654290811)
(0.57 0.01498572333 -0.000654290811)
(0.58 0.01498572333 -0.000654290811)
(0.59 0.01498572333 -0.000654290811)
(0.6 0.01498572333 -0.000654290811)
(0.61 0.01498572333 -0.000654290811)
(0.62 0.01498572333 -0.000654290811)
(0.63 0.01498572333 -0.000654290811)
(0.64 0.01498572333 -0.000654290811)
(0.65 0.01498572333 -0.000654290811)
(0.66 0.01498572333 -0.000654290811)
(0.67 0.01498572333 -0.000654290811)
(0.68 0.01498572333 -0.000654290811)
(0.69 0.01498572333 -0.000654290811)
(0.7 0.01498572333 -0.000654290811)
(0.71 0.01498572333 -0.000654290811)
(0.72 0.01498572333 -0.000654290811)
(0.73 0.01498572333 -0.000654290811)
(0.74 0.01498572333 -0.000654290811)
(0.75 0.01498572333 -0.000654290811)
(0.76 0.01498572333 -0.000654290811)
(0.77 0.01498572333 -0.000654290811)
(0.78 0.01498572333 -0.000654290811)
(0.79 0.01498572333 -0.000654290811)
(0.8 0.01498572333 -0.000654290811)
(0.81 0.01498572333 -0.000654290811)
(0.82 0.01498572333 -0.000654290811)
(0.83 0.01498572333 -0.000654290811)
(0.84 0.01498572333 -0.000654290811)
(0.85 0.01498572333 -0.000654290811)
(0.86 0.01498572333 -0.000654290811)
(0.87 0.01498572333 -0.000654290811)
(0.88 0.01498572333 -0.000654290811)
(0.89 0.01498572333 -0.000654290811)
(0.9 0.01498572333 -0.000654290811)
(0.91 0.01498572333 -0.000654290811)
(0.92 0.01498572333 -0.000654290811)
(0.93 0.01498572333 -0.000654290811)
(0.94 0.01498572333 -0.000654290811)
(0.95 0.01498572333 -0.000654290811)
(0.96 0.01498572333 -0.000654290811)
(0.97 0.01498572333 -0.000654290811)
(0.98 0.01498572333 -0.000654290811)
(0.99 0.01498572333 -0.000654290811)
(1 0.01498572333 -0.000654290811)
(1.01 0.01498572333 -0.000654290811)
(1.02 0.01498572333 -0.000654290811)
(1.03 0.01498572333 -0.000654290811)
(1.04 0.01498572333 -0.000654290811)
(1.05 0.01498572333 -0.000654290811)
(1.06 0.01498572333 -0.000654290811)
(1.07 0.01498572333 -0.000654290811)
(1.08 0.01498572333 -0.000654290811)
(1.09 0.01498572333 -0.000654290811)
(1.1 0.01498572333 -0.000654290811)
(1.11 0.01498572333 -0.000654290811)
(1.12 0.01498572333 -0.000654290811)
(1.13 0.01498572333 -0.000654290811)
(1.14 0.01498572333 -0.000654290811)
(1.15 0.01498572333 -0.000654290811)
(1.16 0.01498572333 -0.000654290811)
(1.17 0.01498572333 -0.000654290811)
(1.18 0.01498572333 -0.000654290811)
(1.19 0.01498572333 -0.000654290811)
(1.2 0.01498572333 -0.000654290811)
(1.21 0.01498572333 -0.000654290811)
(1.22 0.01498572333 -0.000654290811)
(1.23 0.01498572333 -0.000654290811)
(1.24 0.01498572333 -0.000654290811)
(1.25 0.01498572333 -0.000654290811)
(1.26 0.01498572333 -0.000654290811)
(1.27 0.01498572333 -0.000654290811)
(1.28 0.01498572333 -0.000654290811)
(1.29 0.01498572333 -0.000654290811)
(1.3 0.01498572333 -0.000654290811)
(1.31 0.01498572333 -0.000654290811)
(1.32 0.01498572333 -0.000654290811)
(1.33 0.01498572333 -0.000654290811)
(1.34 0.01498572333 -0.000654290811)
(1.35 0.01498572333 -0.000654290811)
(1.36 0.01498572333 -0.000654290811)
(1.37 0.01498572333 -0.000654290811)
(1.38 0.01498572333 -0.000654290811)
(1.39 0.01498572333 -0.000654290811)
(1.4 0.01498572333 -0.000654290811)
(1.41 0.01498572333 -0.000654290811)
(1.42 0.01498572333 -0.000654290811)
(1.43 0.01498572333 -0.000654290811)
(1.44 0.01498572333 -0.000654290811)
(1.45 0.01498572333 -0.000654290811)
(1.46 0.01498572333 -0.000654290811)
(1.47 0.01498572333 -0.000654290811)
(1.48 0.01498572333 -0.000654290811)
(1.49 0.01498572333 -0.000654290811)
(1.5 0.01498572333 -0.000654290811)
(1.51 0.01498572333 -0.000654290811)
(1.52 0.01498572333 -0.000654290811)
(1.53 0.01498572333 -0.000654290811)
(1.54 0.01498572333 -0.000654290811)
(1.55 0.01498572333 -0.000654290811)
(1.56 0.01498572333 -0.000654290811)
(1.57 0.01498572333 -0.000654290811)
(1.58 0.01498572333 -0.000654290811)
(1.59 0.01498572333 -0.000654290811)
(1.6 0.01498572333 -0.000654290811)
(1.61 0.01498572333 -0.000654290811)
(1.62 0.01498572333 -0.000654290811)
(1.63 0.01498572333 -0.000654290811)
(1.64 0.01498572333 -0.000654290811)
(1.65 0.01498572333 -0.000654290811)
(1.66 0.01498572333 -0.000654290811)
(1.67 0.01498572333 -0.000654290811)
(1.68 0.01498572333 -0.000654290811)
(1.69 0.01498572333 -0.000654290811)
(1.7 0.01498572333 -0.000654290811)
(1.71 0.01498572333 -0.000654290811)
(1.72 0.01498572333 -0.000654290811)
(1.73 0.01498572333 -0.000654290811)
(1.74 0.01498572333 -0.000654290811)
(1.75 0.01498572333 -0.000654290811)
(1.76 0.01498572333 -0.000654290811)
(1.77 0.01498572333 -0.000654290811)
(1.78 0.01498572333 -0.000654290811)
(1.79 0.01498572333 -0.000654290811)
(1.8 0.01498572333 -0.000654290811)
(1.81 0.01498572333 -0.000654290811)
(1.82 0.01498572333 -0.000654290811)
(1.83 0.01498572333 -0.000654290811)
(1.84 0.01498572333 -0.000654290811)
(1.85 0.01498572333 -0.000654290811)
(1.86 0.01498572333 -0.000654290811)
(1.87 0.01498572333 -0.000654290811)
(1.88 0.01498572333 -0.000654290811)
(1.89 0.01498572333 -0.000654290811)
(1.9 0.01498572333 -0.000654290811)
(1.91 0.01498572333 -0.000654290811)
(1.92 0.01498572333 -0.000654290811)
(1.93 0.01498572333 -0.000654290811)
(1.94 0.01498572333 -0.000654290811)
(1.95 0.01498572333 -0.000654290811)
(1.96 0.01498572333 -0.000654290811)
(1.97 0.01498572333 -0.000654290811)
(1.98 0.01498572333 -0.000654290811)
(1.99 0.01498572333 -0.000654290811)
(2 0.01498572333 -0.000654290811)
(2.01 0.01498572333 -0.000654290811)
(2.02 0.01498572333 -0.000654290811)
(2.03 0.01498572333 -0.000654290811)
(2.04 0.01498572333 -0.000654290811)
(2.05 0.01498572333 -0.000654290811)
(2.06 0.01498572333 -0.000654290811)
(2.07 0.01498572333 -0.000654290811)
(2.08 0.01498572333 -0.000654290811)
(2.09 0.01498572333 -0.000654290811)
(2.1 0.01498572333 -0.000654290811)
(2.11 0.01498572333 -0.000654290811)
(2.12 0.01498572333 -0.000654290811)
(2.13 0.01498572333 -0.000654290811)
(2.14 0.01498572333 -0.000654290811)
(2.15 0.01498572333 -0.000654290811)
(2.16 0.01498572333 -0.000654290811)
(2.17 0.01498572333 -0.000654290811)
(2.18 0.01498572333 -0.000654290811)
(2.19 0.01498572333 -0.000654290811)
(2.2 0.01498572333 -0.000654290811)
(2.21 0.01498572333 -0.000654290811)
(2.22 0.01498572333 -0.000654290811)
(2.23 0.01498572333 -0.000654290811)
(2.24 0.01498572333 -0.000654290811)
(2.25 0.01498572333 -0.000654290811)
(2.26 0.01498572333 -0.000654290811)
(2.27 0.01498572333 -0.000654290811)
(2.28 0.01498572333 -0.000654290811)
(2.29 0.01498572333 -0.000654290811)
(2.3 0.01498572333 -0.000654290811)
(2.31 0.01498572333 -0.000654290811)
(2.32 0.01498572333 -0.000654290811)
(2.33 0.01498572333 -0.000654290811)
(2.34 0.01498572333 -0.000654290811)
(2.35 0.01498572333 -0.000654290811)
(2.36 0.01498572333 -0.000654290811)
(2.37 0.01498572333 -0.000654290811)
(2.38 0.01498572333 -0.000654290811)
(2.39 0.01498572333 -0.000654290811)
(2.4 0.01498572333 -0.000654290811)
(2.41 0.01498572333 -0.000654290811)
(2.42 0.01498572333 -0.000654290811)
(2.43 0.01498572333 -0.000654290811)
(2.44 0.01498572333 -0.000654290811)
(2.45 0.01498572333 -0.000654290811)
(2.46 0.01498572333 -0.000654290811)
(2.47 0.01498572333 -0.000654290811)
(2.48 0.01498572333 -0.000654290811)
(2.49 0.01498572333 -0.000654290811)
(2.5 0.01498572333 -0.000654290811)
(2.51 0.01498572333 -0.000654290811)
(2.52 0.01498572333 -0.000654290811)
(2.53 0.01498572333 -0.000654290811)
(2.54 0.01498572333 -0.000654290811)
(2.55 0.01498572333 -0.000654290811)
(2.56 0.01498572333 -0.000654290811)
(2.57 0.01498572333 -0.000654290811)
(2.58 0.01498572333 -0.000654290811)
(2.59 0.01498572333 -0.000654290811)
(2.6 0.01498572333 -0.000654290811)
(2.61 0.01498572333 -0.000654290811)
(2.62 0.01498572333 -0.000654290811)
(2.63 0.01498572333 -0.000654290811)
(2.64 0.01498572333 -0.000654290811)
(2.65 0.01498572333 -0.000654290811)
(2.66 0.01498572333 -0.000654290811)
(2.67 0.01498572333 -0.000654290811)
(2.68 0.01498572333 -0.000654290811)
(2.69 0.01498572333 -0.000654290811)
(2.7 0.01498572333 -0.000654290811)
(2.71 0.01498572333 -0.000654290811)
(2.72 0.01498572333 -0.000654290811)
(2.73 0.01498572333 -0.000654290811)
(2.74 0.01498572333 -0.000654290811)
(2.75 0.01498572333 -0.000654290811)
(2.76 0.01498572333 -0.000654290811)
(2.77 0.01498572333 -0.000654290811)
(2.78 0.01498572333 -0.000654290811)
(2.79 0.01498572333 -0.000654290811)
(2.8 0.01498572333 -0.000654290811)
(2.81 0.01498572333 -0.000654290811)
(2.82 0.01498572333 -0.000654290811)
(2.83 0.01498572333 -0.000654290811)
(2.84 0.01498572333 -0.000654290811)
(2.85 0.01498572333 -0.000654290811)
(2.86 0.01498572333 -0.000654290811)
(2.87 0.01498572333 -0.000654290811)
(2.88 0.01498572333 -0.000654290811)
(2.89 0.01498572333 -0.000654290811)
(2.9 0.01498572333 -0.000654290811)
(2.91 0.01498572333 -0.000654290811)
(2.92 0.01498572333 -0.000654290811)
(2.93 0.01498572333 -0.000654290811)
(2.94 0.01498572333 -0.000654290811)
(2.95 0.01498572333 -0.000654290811)
(2.96 0.01498572333 -0.000654290811)
(2.97 0.01498572333 -0.000654290811)
(2.98 0.01498572333 -0.000654290811)
(2.99 0.01498572333 -0.000654290811)
(3 0.01498572333 -0.000654290811)
(0 0.01748334388 -0.0007633392795)
(0.01 0.01748334388 -0.0007633392795)
(0.02 0.01748334389 -0.0007633392795)
(0.03 0.01748334388 -0.0007633392795)
(0.04 0.01748334388 -0.0007633392795)
(0.05 0.01748334388 -0.0007633392795)
(0.06 0.01748334388 -0.0007633392795)
(0.07 0.01748334389 -0.0007633392795)
(0.08 0.01748334388 -0.0007633392795)
(0.09 0.01748334388 -0.0007633392795)
(0.1 0.01748334388 -0.0007633392795)
(0.11 0.01748334388 -0.0007633392795)
(0.12 0.01748334389 -0.0007633392795)
(0.13 0.01748334388 -0.0007633392795)
(0.14 0.01748334388 -0.0007633392795)
(0.15 0.01748334389 -0.0007633392795)
(0.16 0.01748334388 -0.0007633392795)
(0.17 0.01748334389 -0.0007633392795)
(0.18 0.01748334388 -0.0007633392795)
(0.19 0.01748334388 -0.0007633392795)
(0.2 0.01748334388 -0.0007633392795)
(0.21 0.01748334388 -0.0007633392795)
(0.22 0.01748334389 -0.0007633392795)
(0.23 0.01748334388 -0.0007633392795)
(0.24 0.01748334388 -0.0007633392795)
(0.25 0.01748334388 -0.0007633392795)
(0.26 0.01748334388 -0.0007633392795)
(0.27 0.01748334389 -0.0007633392795)
(0.28 0.01748334388 -0.0007633392795)
(0.29 0.01748334388 -0.0007633392795)
(0.3 0.01748334388 -0.0007633392795)
(0.31 0.01748334388 -0.0007633392795)
(0.32 0.01748334389 -0.0007633392795)
(0.33 0.01748334388 -0.0007633392795)
(0.34 0.01748334388 -0.0007633392795)
(0.35 0.01748334388 -0.0007633392795)
(0.36 0.01748334388 -0.0007633392795)
(0.37 0.01748334389 -0.0007633392795)
(0.38 0.01748334388 -0.0007633392795)
(0.39 0.01748334388 -0.0007633392795)
(0.4 0.01748334388 -0.0007633392795)
(0.41 0.01748334388 -0.0007633392795)
(0.42 0.01748334389 -0.0007633392795)
(0.43 0.01748334388 -0.0007633392795)
(0.44 0.01748334388 -0.0007633392795)
(0.45 0.01748334388 -0.0007633392795)
(0.46 0.01748334388 -0.0007633392795)
(0.47 0.01748334388 -0.0007633392795)
(0.48 0.01748334388 -0.0007633392795)
(0.49 0.01748334388 -0.0007633392795)
(0.5 0.01748334388 -0.0007633392795)
(0.51 0.01748334388 -0.0007633392795)
(0.52 0.01748334389 -0.0007633392795)
(0.53 0.01748334388 -0.0007633392795)
(0.54 0.01748334388 -0.0007633392795)
(0.55 0.01748334388 -0.0007633392795)
(0.56 0.01748334388 -0.0007633392795)
(0.57 0.01748334389 -0.0007633392795)
(0.58 0.01748334388 -0.0007633392795)
(0.59 0.01748334388 -0.0007633392795)
(0.6 0.01748334388 -0.0007633392795)
(0.61 0.01748334388 -0.0007633392795)
(0.62 0.01748334389 -0.0007633392795)
(0.63 0.01748334388 -0.0007633392795)
(0.64 0.01748334388 -0.0007633392795)
(0.65 0.01748334388 -0.0007633392795)
(0.66 0.01748334388 -0.0007633392795)
(0.67 0.01748334388 -0.0007633392795)
(0.68 0.01748334388 -0.0007633392795)
(0.69 0.01748334388 -0.0007633392795)
(0.7 0.01748334388 -0.0007633392795)
(0.71 0.01748334388 -0.0007633392795)
(0.72 0.01748334388 -0.0007633392795)
(0.73 0.01748334389 -0.0007633392795)
(0.74 0.01748334388 -0.0007633392795)
(0.75 0.01748334388 -0.0007633392795)
(0.76 0.01748334389 -0.0007633392795)
(0.77 0.01748334389 -0.0007633392795)
(0.78 0.01748334388 -0.0007633392795)
(0.79 0.01748334388 -0.0007633392795)
(0.8 0.01748334388 -0.0007633392795)
(0.81 0.01748334388 -0.0007633392795)
(0.82 0.01748334388 -0.0007633392795)
(0.83 0.01748334388 -0.0007633392795)
(0.84 0.01748334388 -0.0007633392795)
(0.85 0.01748334388 -0.0007633392795)
(0.86 0.01748334388 -0.0007633392795)
(0.87 0.01748334388 -0.0007633392795)
(0.88 0.01748334388 -0.0007633392795)
(0.89 0.01748334388 -0.0007633392795)
(0.9 0.01748334388 -0.0007633392795)
(0.91 0.01748334388 -0.0007633392795)
(0.92 0.01748334388 -0.0007633392795)
(0.93 0.01748334389 -0.0007633392795)
(0.94 0.01748334388 -0.0007633392795)
(0.95 0.01748334388 -0.0007633392795)
(0.96 0.01748334389 -0.0007633392795)
(0.97 0.01748334388 -0.0007633392795)
(0.98 0.01748334388 -0.0007633392795)
(0.99 0.01748334388 -0.0007633392795)
(1 0.01748334388 -0.0007633392795)
(1.01 0.01748334388 -0.0007633392795)
(1.02 0.01748334389 -0.0007633392795)
(1.03 0.01748334388 -0.0007633392795)
(1.04 0.01748334388 -0.0007633392795)
(1.05 0.01748334388 -0.0007633392795)
(1.06 0.01748334388 -0.0007633392795)
(1.07 0.01748334388 -0.0007633392795)
(1.08 0.01748334388 -0.0007633392795)
(1.09 0.01748334388 -0.0007633392795)
(1.1 0.01748334388 -0.0007633392795)
(1.11 0.01748334388 -0.0007633392795)
(1.12 0.01748334388 -0.0007633392795)
(1.13 0.01748334388 -0.0007633392795)
(1.14 0.01748334388 -0.0007633392795)
(1.15 0.01748334388 -0.0007633392795)
(1.16 0.01748334388 -0.0007633392795)
(1.17 0.01748334388 -0.0007633392795)
(1.18 0.01748334388 -0.0007633392795)
(1.19 0.01748334388 -0.0007633392795)
(1.2 0.01748334388 -0.0007633392795)
(1.21 0.01748334388 -0.0007633392795)
(1.22 0.01748334388 -0.0007633392795)
(1.23 0.01748334388 -0.0007633392795)
(1.24 0.01748334388 -0.0007633392795)
(1.25 0.01748334388 -0.0007633392795)
(1.26 0.01748334388 -0.0007633392795)
(1.27 0.01748334388 -0.0007633392795)
(1.28 0.01748334388 -0.0007633392795)
(1.29 0.01748334388 -0.0007633392795)
(1.3 0.01748334388 -0.0007633392795)
(1.31 0.01748334388 -0.0007633392795)
(1.32 0.01748334388 -0.0007633392795)
(1.33 0.01748334388 -0.0007633392795)
(1.34 0.01748334388 -0.0007633392795)
(1.35 0.01748334388 -0.0007633392795)
(1.36 0.01748334388 -0.0007633392795)
(1.37 0.01748334388 -0.0007633392795)
(1.38 0.01748334388 -0.0007633392795)
(1.39 0.01748334388 -0.0007633392795)
(1.4 0.01748334388 -0.0007633392795)
(1.41 0.01748334388 -0.0007633392795)
(1.42 0.01748334388 -0.0007633392795)
(1.43 0.01748334388 -0.0007633392795)
(1.44 0.01748334388 -0.0007633392795)
(1.45 0.01748334388 -0.0007633392795)
(1.46 0.01748334388 -0.0007633392795)
(1.47 0.01748334388 -0.0007633392795)
(1.48 0.01748334388 -0.0007633392795)
(1.49 0.01748334388 -0.0007633392795)
(1.5 0.01748334388 -0.0007633392795)
(1.51 0.01748334388 -0.0007633392795)
(1.52 0.01748334388 -0.0007633392795)
(1.53 0.01748334388 -0.0007633392795)
(1.54 0.01748334388 -0.0007633392795)
(1.55 0.01748334388 -0.0007633392795)
(1.56 0.01748334388 -0.0007633392795)
(1.57 0.01748334388 -0.0007633392795)
(1.58 0.01748334388 -0.0007633392795)
(1.59 0.01748334388 -0.0007633392795)
(1.6 0.01748334388 -0.0007633392795)
(1.61 0.01748334388 -0.0007633392795)
(1.62 0.01748334388 -0.0007633392795)
(1.63 0.01748334388 -0.0007633392795)
(1.64 0.01748334388 -0.0007633392795)
(1.65 0.01748334388 -0.0007633392795)
(1.66 0.01748334388 -0.0007633392795)
(1.67 0.01748334388 -0.0007633392795)
(1.68 0.01748334388 -0.0007633392795)
(1.69 0.01748334388 -0.0007633392795)
(1.7 0.01748334388 -0.0007633392795)
(1.71 0.01748334388 -0.0007633392795)
(1.72 0.01748334388 -0.0007633392795)
(1.73 0.01748334388 -0.0007633392795)
(1.74 0.01748334388 -0.0007633392795)
(1.75 0.01748334388 -0.0007633392795)
(1.76 0.01748334388 -0.0007633392795)
(1.77 0.01748334388 -0.0007633392795)
(1.78 0.01748334388 -0.0007633392795)
(1.79 0.01748334388 -0.0007633392795)
(1.8 0.01748334388 -0.0007633392795)
(1.81 0.01748334388 -0.0007633392795)
(1.82 0.01748334388 -0.0007633392795)
(1.83 0.01748334388 -0.0007633392795)
(1.84 0.01748334388 -0.0007633392795)
(1.85 0.01748334388 -0.0007633392795)
(1.86 0.01748334388 -0.0007633392795)
(1.87 0.01748334388 -0.0007633392795)
(1.88 0.01748334388 -0.0007633392795)
(1.89 0.01748334388 -0.0007633392795)
(1.9 0.01748334388 -0.0007633392795)
(1.91 0.01748334388 -0.0007633392795)
(1.92 0.01748334388 -0.0007633392795)
(1.93 0.01748334388 -0.0007633392795)
(1.94 0.01748334388 -0.0007633392795)
(1.95 0.01748334388 -0.0007633392795)
(1.96 0.01748334388 -0.0007633392795)
(1.97 0.01748334388 -0.0007633392795)
(1.98 0.01748334388 -0.0007633392795)
(1.99 0.01748334388 -0.0007633392795)
(2 0.01748334388 -0.0007633392795)
(2.01 0.01748334388 -0.0007633392795)
(2.02 0.01748334388 -0.0007633392795)
(2.03 0.01748334388 -0.0007633392795)
(2.04 0.01748334388 -0.0007633392795)
(2.05 0.01748334388 -0.0007633392795)
(2.06 0.01748334388 -0.0007633392795)
(2.07 0.01748334388 -0.0007633392795)
(2.08 0.01748334388 -0.0007633392795)
(2.09 0.01748334388 -0.0007633392795)
(2.1 0.01748334388 -0.0007633392795)
(2.11 0.01748334388 -0.0007633392795)
(2.12 0.01748334388 -0.0007633392795)
(2.13 0.01748334388 -0.0007633392795)
(2.14 0.01748334388 -0.0007633392795)
(2.15 0.01748334388 -0.0007633392795)
(2.16 0.01748334388 -0.0007633392795)
(2.17 0.01748334388 -0.0007633392795)
(2.18 0.01748334388 -0.0007633392795)
(2.19 0.01748334388 -0.0007633392795)
(2.2 0.01748334388 -0.0007633392795)
(2.21 0.01748334388 -0.0007633392795)
(2.22 0.01748334388 -0.0007633392795)
(2.23 0.01748334388 -0.0007633392795)
(2.24 0.01748334388 -0.0007633392795)
(2.25 0.01748334388 -0.0007633392795)
(2.26 0.01748334388 -0.0007633392795)
(2.27 0.01748334388 -0.0007633392795)
(2.28 0.01748334389 -0.0007633392795)
(2.29 0.01748334388 -0.0007633392795)
(2.3 0.01748334388 -0.0007633392795)
(2.31 0.01748334388 -0.0007633392795)
(2.32 0.01748334389 -0.0007633392795)
(2.33 0.01748334388 -0.0007633392795)
(2.34 0.01748334388 -0.0007633392795)
(2.35 0.01748334388 -0.0007633392795)
(2.36 0.01748334388 -0.0007633392795)
(2.37 0.01748334388 -0.0007633392795)
(2.38 0.01748334388 -0.0007633392795)
(2.39 0.01748334388 -0.0007633392795)
(2.4 0.01748334388 -0.0007633392795)
(2.41 0.01748334388 -0.0007633392795)
(2.42 0.01748334388 -0.0007633392795)
(2.43 0.01748334388 -0.0007633392795)
(2.44 0.01748334388 -0.0007633392795)
(2.45 0.01748334388 -0.0007633392795)
(2.46 0.01748334388 -0.0007633392795)
(2.47 0.01748334388 -0.0007633392795)
(2.48 0.01748334388 -0.0007633392795)
(2.49 0.01748334388 -0.0007633392795)
(2.5 0.01748334389 -0.0007633392795)
(2.51 0.01748334388 -0.0007633392795)
(2.52 0.01748334388 -0.0007633392795)
(2.53 0.01748334388 -0.0007633392795)
(2.54 0.01748334388 -0.0007633392795)
(2.55 0.01748334388 -0.0007633392795)
(2.56 0.01748334388 -0.0007633392795)
(2.57 0.01748334388 -0.0007633392795)
(2.58 0.01748334388 -0.0007633392795)
(2.59 0.01748334388 -0.0007633392795)
(2.6 0.01748334388 -0.0007633392795)
(2.61 0.01748334388 -0.0007633392795)
(2.62 0.01748334388 -0.0007633392795)
(2.63 0.01748334388 -0.0007633392795)
(2.64 0.01748334388 -0.0007633392795)
(2.65 0.01748334388 -0.0007633392795)
(2.66 0.01748334388 -0.0007633392795)
(2.67 0.01748334388 -0.0007633392795)
(2.68 0.01748334388 -0.0007633392795)
(2.69 0.01748334388 -0.0007633392795)
(2.7 0.01748334389 -0.0007633392795)
(2.71 0.01748334388 -0.0007633392795)
(2.72 0.01748334389 -0.0007633392795)
(2.73 0.01748334389 -0.0007633392795)
(2.74 0.01748334388 -0.0007633392795)
(2.75 0.01748334388 -0.0007633392795)
(2.76 0.01748334388 -0.0007633392795)
(2.77 0.01748334388 -0.0007633392795)
(2.78 0.01748334388 -0.0007633392795)
(2.79 0.01748334388 -0.0007633392795)
(2.8 0.01748334388 -0.0007633392795)
(2.81 0.01748334388 -0.0007633392795)
(2.82 0.01748334388 -0.0007633392795)
(2.83 0.01748334388 -0.0007633392795)
(2.84 0.01748334389 -0.0007633392795)
(2.85 0.01748334389 -0.0007633392795)
(2.86 0.01748334388 -0.0007633392795)
(2.87 0.01748334388 -0.0007633392795)
(2.88 0.01748334388 -0.0007633392795)
(2.89 0.01748334388 -0.0007633392795)
(2.9 0.01748334389 -0.0007633392795)
(2.91 0.01748334388 -0.0007633392795)
(2.92 0.01748334388 -0.0007633392795)
(2.93 0.01748334388 -0.0007633392795)
(2.94 0.01748334388 -0.0007633392795)
(2.95 0.01748334388 -0.0007633392795)
(2.96 0.01748334388 -0.0007633392795)
(2.97 0.01748334389 -0.0007633392795)
(2.98 0.01748334388 -0.0007633392795)
(2.99 0.01748334388 -0.0007633392795)
(3 0.01748334388 -0.0007633392795)
(0 0.01998096444 -0.000872387748)
(0.01 0.01998096444 -0.000872387748)
(0.02 0.01998096444 -0.000872387748)
(0.03 0.01998096444 -0.000872387748)
(0.04 0.01998096444 -0.000872387748)
(0.05 0.01998096444 -0.000872387748)
(0.06 0.01998096444 -0.000872387748)
(0.07 0.01998096444 -0.000872387748)
(0.08 0.01998096444 -0.000872387748)
(0.09 0.01998096444 -0.000872387748)
(0.1 0.01998096444 -0.000872387748)
(0.11 0.01998096444 -0.000872387748)
(0.12 0.01998096444 -0.000872387748)
(0.13 0.01998096444 -0.000872387748)
(0.14 0.01998096444 -0.000872387748)
(0.15 0.01998096444 -0.000872387748)
(0.16 0.01998096444 -0.000872387748)
(0.17 0.01998096444 -0.000872387748)
(0.18 0.01998096444 -0.000872387748)
(0.19 0.01998096444 -0.000872387748)
(0.2 0.01998096444 -0.000872387748)
(0.21 0.01998096444 -0.000872387748)
(0.22 0.01998096444 -0.000872387748)
(0.23 0.01998096444 -0.000872387748)
(0.24 0.01998096444 -0.000872387748)
(0.25 0.01998096444 -0.000872387748)
(0.26 0.01998096444 -0.000872387748)
(0.27 0.01998096444 -0.000872387748)
(0.28 0.01998096444 -0.000872387748)
(0.29 0.01998096444 -0.000872387748)
(0.3 0.01998096444 -0.000872387748)
(0.31 0.01998096444 -0.000872387748)
(0.32 0.01998096444 -0.000872387748)
(0.33 0.01998096444 -0.000872387748)
(0.34 0.01998096444 -0.000872387748)
(0.35 0.01998096444 -0.000872387748)
(0.36 0.01998096444 -0.000872387748)
(0.37 0.01998096444 -0.000872387748)
(0.38 0.01998096444 -0.000872387748)
(0.39 0.01998096444 -0.000872387748)
(0.4 0.01998096444 -0.000872387748)
(0.41 0.01998096444 -0.000872387748)
(0.42 0.01998096444 -0.000872387748)
(0.43 0.01998096444 -0.000872387748)
(0.44 0.01998096444 -0.000872387748)
(0.45 0.01998096444 -0.000872387748)
(0.46 0.01998096444 -0.000872387748)
(0.47 0.01998096444 -0.000872387748)
(0.48 0.01998096444 -0.000872387748)
(0.49 0.01998096444 -0.000872387748)
(0.5 0.01998096444 -0.000872387748)
(0.51 0.01998096444 -0.000872387748)
(0.52 0.01998096444 -0.000872387748)
(0.53 0.01998096444 -0.000872387748)
(0.54 0.01998096444 -0.000872387748)
(0.55 0.01998096444 -0.000872387748)
(0.56 0.01998096444 -0.000872387748)
(0.57 0.01998096444 -0.000872387748)
(0.58 0.01998096444 -0.000872387748)
(0.59 0.01998096444 -0.000872387748)
(0.6 0.01998096444 -0.000872387748)
(0.61 0.01998096444 -0.000872387748)
(0.62 0.01998096444 -0.000872387748)
(0.63 0.01998096444 -0.000872387748)
(0.64 0.01998096444 -0.000872387748)
(0.65 0.01998096444 -0.000872387748)
(0.66 0.01998096444 -0.000872387748)
(0.67 0.01998096444 -0.000872387748)
(0.68 0.01998096444 -0.000872387748)
(0.69 0.01998096444 -0.000872387748)
(0.7 0.01998096444 -0.000872387748)
(0.71 0.01998096444 -0.000872387748)
(0.72 0.01998096444 -0.000872387748)
(0.73 0.01998096444 -0.000872387748)
(0.74 0.01998096444 -0.000872387748)
(0.75 0.01998096444 -0.000872387748)
(0.76 0.01998096444 -0.000872387748)
(0.77 0.01998096444 -0.000872387748)
(0.78 0.01998096444 -0.000872387748)
(0.79 0.01998096444 -0.000872387748)
(0.8 0.01998096444 -0.000872387748)
(0.81 0.01998096444 -0.000872387748)
(0.82 0.01998096444 -0.000872387748)
(0.83 0.01998096444 -0.000872387748)
(0.84 0.01998096444 -0.000872387748)
(0.85 0.01998096444 -0.000872387748)
(0.86 0.01998096444 -0.000872387748)
(0.87 0.01998096444 -0.000872387748)
(0.88 0.01998096444 -0.000872387748)
(0.89 0.01998096444 -0.000872387748)
(0.9 0.01998096444 -0.000872387748)
(0.91 0.01998096444 -0.000872387748)
(0.92 0.01998096444 -0.000872387748)
(0.93 0.01998096444 -0.000872387748)
(0.94 0.01998096444 -0.000872387748)
(0.95 0.01998096444 -0.000872387748)
(0.96 0.01998096444 -0.000872387748)
(0.97 0.01998096444 -0.000872387748)
(0.98 0.01998096444 -0.000872387748)
(0.99 0.01998096444 -0.000872387748)
(1 0.01998096444 -0.000872387748)
(1.01 0.01998096444 -0.000872387748)
(1.02 0.01998096444 -0.000872387748)
(1.03 0.01998096444 -0.000872387748)
(1.04 0.01998096444 -0.000872387748)
(1.05 0.01998096444 -0.000872387748)
(1.06 0.01998096444 -0.000872387748)
(1.07 0.01998096444 -0.000872387748)
(1.08 0.01998096444 -0.000872387748)
(1.09 0.01998096444 -0.000872387748)
(1.1 0.01998096444 -0.000872387748)
(1.11 0.01998096444 -0.000872387748)
(1.12 0.01998096444 -0.000872387748)
(1.13 0.01998096444 -0.000872387748)
(1.14 0.01998096444 -0.000872387748)
(1.15 0.01998096444 -0.000872387748)
(1.16 0.01998096444 -0.000872387748)
(1.17 0.01998096444 -0.000872387748)
(1.18 0.01998096444 -0.000872387748)
(1.19 0.01998096444 -0.000872387748)
(1.2 0.01998096444 -0.000872387748)
(1.21 0.01998096444 -0.000872387748)
(1.22 0.01998096444 -0.000872387748)
(1.23 0.01998096444 -0.000872387748)
(1.24 0.01998096444 -0.000872387748)
(1.25 0.01998096444 -0.000872387748)
(1.26 0.01998096444 -0.000872387748)
(1.27 0.01998096444 -0.000872387748)
(1.28 0.01998096444 -0.000872387748)
(1.29 0.01998096444 -0.000872387748)
(1.3 0.01998096444 -0.000872387748)
(1.31 0.01998096444 -0.000872387748)
(1.32 0.01998096444 -0.000872387748)
(1.33 0.01998096444 -0.000872387748)
(1.34 0.01998096444 -0.000872387748)
(1.35 0.01998096444 -0.000872387748)
(1.36 0.01998096444 -0.000872387748)
(1.37 0.01998096444 -0.000872387748)
(1.38 0.01998096444 -0.000872387748)
(1.39 0.01998096444 -0.000872387748)
(1.4 0.01998096444 -0.000872387748)
(1.41 0.01998096444 -0.000872387748)
(1.42 0.01998096444 -0.000872387748)
(1.43 0.01998096444 -0.000872387748)
(1.44 0.01998096444 -0.000872387748)
(1.45 0.01998096444 -0.000872387748)
(1.46 0.01998096444 -0.000872387748)
(1.47 0.01998096444 -0.000872387748)
(1.48 0.01998096444 -0.000872387748)
(1.49 0.01998096444 -0.000872387748)
(1.5 0.01998096444 -0.000872387748)
(1.51 0.01998096444 -0.000872387748)
(1.52 0.01998096444 -0.000872387748)
(1.53 0.01998096444 -0.000872387748)
(1.54 0.01998096444 -0.000872387748)
(1.55 0.01998096444 -0.000872387748)
(1.56 0.01998096444 -0.000872387748)
(1.57 0.01998096444 -0.000872387748)
(1.58 0.01998096444 -0.000872387748)
(1.59 0.01998096444 -0.000872387748)
(1.6 0.01998096444 -0.000872387748)
(1.61 0.01998096444 -0.000872387748)
(1.62 0.01998096444 -0.000872387748)
(1.63 0.01998096444 -0.000872387748)
(1.64 0.01998096444 -0.000872387748)
(1.65 0.01998096444 -0.000872387748)
(1.66 0.01998096444 -0.000872387748)
(1.67 0.01998096444 -0.000872387748)
(1.68 0.01998096444 -0.000872387748)
(1.69 0.01998096444 -0.000872387748)
(1.7 0.01998096444 -0.000872387748)
(1.71 0.01998096444 -0.000872387748)
(1.72 0.01998096444 -0.000872387748)
(1.73 0.01998096444 -0.000872387748)
(1.74 0.01998096444 -0.000872387748)
(1.75 0.01998096444 -0.000872387748)
(1.76 0.01998096444 -0.000872387748)
(1.77 0.01998096444 -0.000872387748)
(1.78 0.01998096444 -0.000872387748)
(1.79 0.01998096444 -0.000872387748)
(1.8 0.01998096444 -0.000872387748)
(1.81 0.01998096444 -0.000872387748)
(1.82 0.01998096444 -0.000872387748)
(1.83 0.01998096444 -0.000872387748)
(1.84 0.01998096444 -0.000872387748)
(1.85 0.01998096444 -0.000872387748)
(1.86 0.01998096444 -0.000872387748)
(1.87 0.01998096444 -0.000872387748)
(1.88 0.01998096444 -0.000872387748)
(1.89 0.01998096444 -0.000872387748)
(1.9 0.01998096444 -0.000872387748)
(1.91 0.01998096444 -0.000872387748)
(1.92 0.01998096444 -0.000872387748)
(1.93 0.01998096444 -0.000872387748)
(1.94 0.01998096444 -0.000872387748)
(1.95 0.01998096444 -0.000872387748)
(1.96 0.01998096444 -0.000872387748)
(1.97 0.01998096444 -0.000872387748)
(1.98 0.01998096444 -0.000872387748)
(1.99 0.01998096444 -0.000872387748)
(2 0.01998096444 -0.000872387748)
(2.01 0.01998096444 -0.000872387748)
(2.02 0.01998096444 -0.000872387748)
(2.03 0.01998096444 -0.000872387748)
(2.04 0.01998096444 -0.000872387748)
(2.05 0.01998096444 -0.000872387748)
(2.06 0.01998096444 -0.000872387748)
(2.07 0.01998096444 -0.000872387748)
(2.08 0.01998096444 -0.000872387748)
(2.09 0.01998096444 -0.000872387748)
(2.1 0.01998096444 -0.000872387748)
(2.11 0.01998096444 -0.000872387748)
(2.12 0.01998096444 -0.000872387748)
(2.13 0.01998096444 -0.000872387748)
(2.14 0.01998096444 -0.000872387748)
(2.15 0.01998096444 -0.000872387748)
(2.16 0.01998096444 -0.000872387748)
(2.17 0.01998096444 -0.000872387748)
(2.18 0.01998096444 -0.000872387748)
(2.19 0.01998096444 -0.000872387748)
(2.2 0.01998096444 -0.000872387748)
(2.21 0.01998096444 -0.000872387748)
(2.22 0.01998096444 -0.000872387748)
(2.23 0.01998096444 -0.000872387748)
(2.24 0.01998096444 -0.000872387748)
(2.25 0.01998096444 -0.000872387748)
(2.26 0.01998096444 -0.000872387748)
(2.27 0.01998096444 -0.000872387748)
(2.28 0.01998096444 -0.000872387748)
(2.29 0.01998096444 -0.000872387748)
(2.3 0.01998096444 -0.000872387748)
(2.31 0.01998096444 -0.000872387748)
(2.32 0.01998096444 -0.000872387748)
(2.33 0.01998096444 -0.000872387748)
(2.34 0.01998096444 -0.000872387748)
(2.35 0.01998096444 -0.000872387748)
(2.36 0.01998096444 -0.000872387748)
(2.37 0.01998096444 -0.000872387748)
(2.38 0.01998096444 -0.000872387748)
(2.39 0.01998096444 -0.000872387748)
(2.4 0.01998096444 -0.000872387748)
(2.41 0.01998096444 -0.000872387748)
(2.42 0.01998096444 -0.000872387748)
(2.43 0.01998096444 -0.000872387748)
(2.44 0.01998096444 -0.000872387748)
(2.45 0.01998096444 -0.000872387748)
(2.46 0.01998096444 -0.000872387748)
(2.47 0.01998096444 -0.000872387748)
(2.48 0.01998096444 -0.000872387748)
(2.49 0.01998096444 -0.000872387748)
(2.5 0.01998096444 -0.000872387748)
(2.51 0.01998096444 -0.000872387748)
(2.52 0.01998096444 -0.000872387748)
(2.53 0.01998096444 -0.000872387748)
(2.54 0.01998096444 -0.000872387748)
(2.55 0.01998096444 -0.000872387748)
(2.56 0.01998096444 -0.000872387748)
(2.57 0.01998096444 -0.000872387748)
(2.58 0.01998096444 -0.000872387748)
(2.59 0.01998096444 -0.000872387748)
(2.6 0.01998096444 -0.000872387748)
(2.61 0.01998096444 -0.000872387748)
(2.62 0.01998096444 -0.000872387748)
(2.63 0.01998096444 -0.000872387748)
(2.64 0.01998096444 -0.000872387748)
(2.65 0.01998096444 -0.000872387748)
(2.66 0.01998096444 -0.000872387748)
(2.67 0.01998096444 -0.000872387748)
(2.68 0.01998096444 -0.000872387748)
(2.69 0.01998096444 -0.000872387748)
(2.7 0.01998096444 -0.000872387748)
(2.71 0.01998096444 -0.000872387748)
(2.72 0.01998096444 -0.000872387748)
(2.73 0.01998096444 -0.000872387748)
(2.74 0.01998096444 -0.000872387748)
(2.75 0.01998096444 -0.000872387748)
(2.76 0.01998096444 -0.000872387748)
(2.77 0.01998096444 -0.000872387748)
(2.78 0.01998096444 -0.000872387748)
(2.79 0.01998096444 -0.000872387748)
(2.8 0.01998096444 -0.000872387748)
(2.81 0.01998096444 -0.000872387748)
(2.82 0.01998096444 -0.000872387748)
(2.83 0.01998096444 -0.000872387748)
(2.84 0.01998096444 -0.000872387748)
(2.85 0.01998096444 -0.000872387748)
(2.86 0.01998096444 -0.000872387748)
(2.87 0.01998096444 -0.000872387748)
(2.88 0.01998096444 -0.000872387748)
(2.89 0.01998096444 -0.000872387748)
(2.9 0.01998096444 -0.000872387748)
(2.91 0.01998096444 -0.000872387748)
(2.92 0.01998096444 -0.000872387748)
(2.93 0.01998096444 -0.000872387748)
(2.94 0.01998096444 -0.000872387748)
(2.95 0.01998096444 -0.000872387748)
(2.96 0.01998096444 -0.000872387748)
(2.97 0.01998096444 -0.000872387748)
(2.98 0.01998096444 -0.000872387748)
(2.99 0.01998096444 -0.000872387748)
(3 0.01998096444 -0.000872387748)
(0 0.022478585 -0.0009814362165)
(0.01 0.02247858499 -0.0009814362165)
(0.02 0.022478585 -0.0009814362165)
(0.03 0.02247858499 -0.0009814362165)
(0.04 0.022478585 -0.0009814362165)
(0.05 0.02247858499 -0.0009814362165)
(0.06 0.022478585 -0.0009814362165)
(0.07 0.022478585 -0.0009814362165)
(0.08 0.022478585 -0.0009814362165)
(0.09 0.022478585 -0.0009814362165)
(0.1 0.022478585 -0.0009814362165)
(0.11 0.022478585 -0.0009814362165)
(0.12 0.022478585 -0.0009814362165)
(0.13 0.022478585 -0.0009814362165)
(0.14 0.022478585 -0.0009814362165)
(0.15 0.022478585 -0.0009814362165)
(0.16 0.02247858499 -0.0009814362165)
(0.17 0.022478585 -0.0009814362165)
(0.18 0.02247858499 -0.0009814362165)
(0.19 0.022478585 -0.0009814362165)
(0.2 0.022478585 -0.0009814362165)
(0.21 0.022478585 -0.0009814362165)
(0.22 0.022478585 -0.0009814362165)
(0.23 0.02247858499 -0.0009814362165)
(0.24 0.02247858499 -0.0009814362165)
(0.25 0.02247858499 -0.0009814362165)
(0.26 0.022478585 -0.0009814362165)
(0.27 0.022478585 -0.0009814362165)
(0.28 0.022478585 -0.0009814362165)
(0.29 0.02247858499 -0.0009814362165)
(0.3 0.022478585 -0.0009814362165)
(0.31 0.022478585 -0.0009814362165)
(0.32 0.022478585 -0.0009814362165)
(0.33 0.02247858499 -0.0009814362165)
(0.34 0.022478585 -0.0009814362165)
(0.35 0.022478585 -0.0009814362165)
(0.36 0.02247858499 -0.0009814362165)
(0.37 0.022478585 -0.0009814362165)
(0.38 0.02247858499 -0.0009814362165)
(0.39 0.022478585 -0.0009814362165)
(0.4 0.022478585 -0.0009814362165)
(0.41 0.022478585 -0.0009814362165)
(0.42 0.022478585 -0.0009814362165)
(0.43 0.022478585 -0.0009814362165)
(0.44 0.022478585 -0.0009814362165)
(0.45 0.022478585 -0.0009814362165)
(0.46 0.022478585 -0.0009814362165)
(0.47 0.022478585 -0.0009814362165)
(0.48 0.022478585 -0.0009814362165)
(0.49 0.02247858499 -0.0009814362165)
(0.5 0.022478585 -0.0009814362165)
(0.51 0.02247858499 -0.0009814362165)
(0.52 0.022478585 -0.0009814362165)
(0.53 0.02247858499 -0.0009814362165)
(0.54 0.022478585 -0.0009814362165)
(0.55 0.02247858499 -0.0009814362165)
(0.56 0.022478585 -0.0009814362165)
(0.57 0.022478585 -0.0009814362165)
(0.58 0.02247858499 -0.0009814362165)
(0.59 0.02247858499 -0.0009814362165)
(0.6 0.022478585 -0.0009814362165)
(0.61 0.022478585 -0.0009814362165)
(0.62 0.02247858499 -0.0009814362165)
(0.63 0.022478585 -0.0009814362165)
(0.64 0.02247858499 -0.0009814362165)
(0.65 0.022478585 -0.0009814362165)
(0.66 0.022478585 -0.0009814362165)
(0.67 0.02247858499 -0.0009814362165)
(0.68 0.02247858499 -0.0009814362165)
(0.69 0.022478585 -0.0009814362165)
(0.7 0.022478585 -0.0009814362165)
(0.71 0.02247858499 -0.0009814362165)
(0.72 0.022478585 -0.0009814362165)
(0.73 0.02247858499 -0.0009814362165)
(0.74 0.022478585 -0.0009814362165)
(0.75 0.022478585 -0.0009814362165)
(0.76 0.02247858499 -0.0009814362165)
(0.77 0.022478585 -0.0009814362165)
(0.78 0.022478585 -0.0009814362165)
(0.79 0.022478585 -0.0009814362165)
(0.8 0.02247858499 -0.0009814362165)
(0.81 0.022478585 -0.0009814362165)
(0.82 0.02247858499 -0.0009814362165)
(0.83 0.022478585 -0.0009814362165)
(0.84 0.02247858499 -0.0009814362165)
(0.85 0.022478585 -0.0009814362165)
(0.86 0.02247858499 -0.0009814362165)
(0.87 0.022478585 -0.0009814362165)
(0.88 0.022478585 -0.0009814362165)
(0.89 0.022478585 -0.0009814362165)
(0.9 0.022478585 -0.0009814362165)
(0.91 0.022478585 -0.0009814362165)
(0.92 0.022478585 -0.0009814362165)
(0.93 0.02247858499 -0.0009814362165)
(0.94 0.022478585 -0.0009814362165)
(0.95 0.02247858499 -0.0009814362165)
(0.96 0.022478585 -0.0009814362165)
(0.97 0.022478585 -0.0009814362165)
(0.98 0.022478585 -0.0009814362165)
(0.99 0.02247858499 -0.0009814362165)
(1 0.022478585 -0.0009814362165)
(1.01 0.02247858499 -0.0009814362165)
(1.02 0.022478585 -0.0009814362165)
(1.03 0.022478585 -0.0009814362165)
(1.04 0.022478585 -0.0009814362165)
(1.05 0.022478585 -0.0009814362165)
(1.06 0.02247858499 -0.0009814362165)
(1.07 0.02247858499 -0.0009814362165)
(1.08 0.022478585 -0.0009814362165)
(1.09 0.022478585 -0.0009814362165)
(1.1 0.02247858499 -0.0009814362165)
(1.11 0.022478585 -0.0009814362165)
(1.12 0.022478585 -0.0009814362165)
(1.13 0.022478585 -0.0009814362165)
(1.14 0.022478585 -0.0009814362165)
(1.15 0.022478585 -0.0009814362165)
(1.16 0.02247858499 -0.0009814362165)
(1.17 0.022478585 -0.0009814362165)
(1.18 0.022478585 -0.0009814362165)
(1.19 0.02247858499 -0.0009814362165)
(1.2 0.022478585 -0.0009814362165)
(1.21 0.02247858499 -0.0009814362165)
(1.22 0.022478585 -0.0009814362165)
(1.23 0.022478585 -0.0009814362165)
(1.24 0.02247858499 -0.0009814362165)
(1.25 0.02247858499 -0.0009814362165)
(1.26 0.022478585 -0.0009814362165)
(1.27 0.022478585 -0.0009814362165)
(1.28 0.02247858499 -0.0009814362165)
(1.29 0.022478585 -0.0009814362165)
(1.3 0.022478585 -0.0009814362165)
(1.31 0.022478585 -0.0009814362165)
(1.32 0.022478585 -0.0009814362165)
(1.33 0.022478585 -0.0009814362165)
(1.34 0.02247858499 -0.0009814362165)
(1.35 0.022478585 -0.0009814362165)
(1.36 0.02247858499 -0.0009814362165)
(1.37 0.022478585 -0.0009814362165)
(1.38 0.022478585 -0.0009814362165)
(1.39 0.022478585 -0.0009814362165)
(1.4 0.022478585 -0.0009814362165)
(1.41 0.02247858499 -0.0009814362165)
(1.42 0.02247858499 -0.0009814362165)
(1.43 0.022478585 -0.0009814362165)
(1.44 0.022478585 -0.0009814362165)
(1.45 0.02247858499 -0.0009814362165)
(1.46 0.022478585 -0.0009814362165)
(1.47 0.022478585 -0.0009814362165)
(1.48 0.022478585 -0.0009814362165)
(1.49 0.022478585 -0.0009814362165)
(1.5 0.02247858499 -0.0009814362165)
(1.51 0.022478585 -0.0009814362165)
(1.52 0.022478585 -0.0009814362165)
(1.53 0.022478585 -0.0009814362165)
(1.54 0.02247858499 -0.0009814362165)
(1.55 0.022478585 -0.0009814362165)
(1.56 0.02247858499 -0.0009814362165)
(1.57 0.022478585 -0.0009814362165)
(1.58 0.022478585 -0.0009814362165)
(1.59 0.022478585 -0.0009814362165)
(1.6 0.022478585 -0.0009814362165)
(1.61 0.022478585 -0.0009814362165)
(1.62 0.022478585 -0.0009814362165)
(1.63 0.02247858499 -0.0009814362165)
(1.64 0.022478585 -0.0009814362165)
(1.65 0.022478585 -0.0009814362165)
(1.66 0.022478585 -0.0009814362165)
(1.67 0.02247858499 -0.0009814362165)
(1.68 0.022478585 -0.0009814362165)
(1.69 0.02247858499 -0.0009814362165)
(1.7 0.022478585 -0.0009814362165)
(1.71 0.022478585 -0.0009814362165)
(1.72 0.02247858499 -0.0009814362165)
(1.73 0.022478585 -0.0009814362165)
(1.74 0.022478585 -0.0009814362165)
(1.75 0.022478585 -0.0009814362165)
(1.76 0.02247858499 -0.0009814362165)
(1.77 0.022478585 -0.0009814362165)
(1.78 0.02247858499 -0.0009814362165)
(1.79 0.022478585 -0.0009814362165)
(1.8 0.022478585 -0.0009814362165)
(1.81 0.022478585 -0.0009814362165)
(1.82 0.02247858499 -0.0009814362165)
(1.83 0.022478585 -0.0009814362165)
(1.84 0.022478585 -0.0009814362165)
(1.85 0.022478585 -0.0009814362165)
(1.86 0.022478585 -0.0009814362165)
(1.87 0.02247858499 -0.0009814362165)
(1.88 0.022478585 -0.0009814362165)
(1.89 0.022478585 -0.0009814362165)
(1.9 0.02247858499 -0.0009814362165)
(1.91 0.022478585 -0.0009814362165)
(1.92 0.022478585 -0.0009814362165)
(1.93 0.02247858499 -0.0009814362165)
(1.94 0.02247858499 -0.0009814362165)
(1.95 0.022478585 -0.0009814362165)
(1.96 0.02247858499 -0.0009814362165)
(1.97 0.022478585 -0.0009814362165)
(1.98 0.022478585 -0.0009814362165)
(1.99 0.02247858499 -0.0009814362165)
(2 0.02247858499 -0.0009814362165)
(2.01 0.022478585 -0.0009814362165)
(2.02 0.02247858499 -0.0009814362165)
(2.03 0.02247858499 -0.0009814362165)
(2.04 0.022478585 -0.0009814362165)
(2.05 0.022478585 -0.0009814362165)
(2.06 0.022478585 -0.0009814362165)
(2.07 0.02247858499 -0.0009814362165)
(2.08 0.02247858499 -0.0009814362165)
(2.09 0.022478585 -0.0009814362165)
(2.1 0.022478585 -0.0009814362165)
(2.11 0.02247858499 -0.0009814362165)
(2.12 0.022478585 -0.0009814362165)
(2.13 0.022478585 -0.0009814362165)
(2.14 0.022478585 -0.0009814362165)
(2.15 0.02247858499 -0.0009814362165)
(2.16 0.02247858499 -0.0009814362165)
(2.17 0.02247858499 -0.0009814362165)
(2.18 0.022478585 -0.0009814362165)
(2.19 0.022478585 -0.0009814362165)
(2.2 0.02247858499 -0.0009814362165)
(2.21 0.022478585 -0.0009814362165)
(2.22 0.022478585 -0.0009814362165)
(2.23 0.022478585 -0.0009814362165)
(2.24 0.02247858499 -0.0009814362165)
(2.25 0.022478585 -0.0009814362165)
(2.26 0.02247858499 -0.0009814362165)
(2.27 0.022478585 -0.0009814362165)
(2.28 0.02247858499 -0.0009814362165)
(2.29 0.02247858499 -0.0009814362165)
(2.3 0.02247858499 -0.0009814362165)
(2.31 0.022478585 -0.0009814362165)
(2.32 0.022478585 -0.0009814362165)
(2.33 0.02247858499 -0.0009814362165)
(2.34 0.022478585 -0.0009814362165)
(2.35 0.022478585 -0.0009814362165)
(2.36 0.022478585 -0.0009814362165)
(2.37 0.02247858499 -0.0009814362165)
(2.38 0.02247858499 -0.0009814362165)
(2.39 0.02247858499 -0.0009814362165)
(2.4 0.022478585 -0.0009814362165)
(2.41 0.02247858499 -0.0009814362165)
(2.42 0.02247858499 -0.0009814362165)
(2.43 0.022478585 -0.0009814362165)
(2.44 0.022478585 -0.0009814362165)
(2.45 0.022478585 -0.0009814362165)
(2.46 0.02247858499 -0.0009814362165)
(2.47 0.02247858499 -0.0009814362165)
(2.48 0.022478585 -0.0009814362165)
(2.49 0.022478585 -0.0009814362165)
(2.5 0.02247858499 -0.0009814362165)
(2.51 0.02247858499 -0.0009814362165)
(2.52 0.02247858499 -0.0009814362165)
(2.53 0.022478585 -0.0009814362165)
(2.54 0.02247858499 -0.0009814362165)
(2.55 0.02247858499 -0.0009814362165)
(2.56 0.022478585 -0.0009814362165)
(2.57 0.022478585 -0.0009814362165)
(2.58 0.022478585 -0.0009814362165)
(2.59 0.02247858499 -0.0009814362165)
(2.6 0.02247858499 -0.0009814362165)
(2.61 0.022478585 -0.0009814362165)
(2.62 0.022478585 -0.0009814362165)
(2.63 0.02247858499 -0.0009814362165)
(2.64 0.02247858499 -0.0009814362165)
(2.65 0.02247858499 -0.0009814362165)
(2.66 0.022478585 -0.0009814362165)
(2.67 0.02247858499 -0.0009814362165)
(2.68 0.02247858499 -0.0009814362165)
(2.69 0.02247858499 -0.0009814362165)
(2.7 0.022478585 -0.0009814362165)
(2.71 0.022478585 -0.0009814362165)
(2.72 0.02247858499 -0.0009814362165)
(2.73 0.02247858499 -0.0009814362165)
(2.74 0.022478585 -0.0009814362165)
(2.75 0.022478585 -0.0009814362165)
(2.76 0.02247858499 -0.0009814362165)
(2.77 0.02247858499 -0.0009814362165)
(2.78 0.02247858499 -0.0009814362165)
(2.79 0.022478585 -0.0009814362165)
(2.8 0.022478585 -0.0009814362165)
(2.81 0.02247858499 -0.0009814362165)
(2.82 0.02247858499 -0.0009814362165)
(2.83 0.02247858499 -0.0009814362165)
(2.84 0.022478585 -0.0009814362165)
(2.85 0.022478585 -0.0009814362165)
(2.86 0.02247858499 -0.0009814362165)
(2.87 0.022478585 -0.0009814362165)
(2.88 0.022478585 -0.0009814362165)
(2.89 0.02247858499 -0.0009814362165)
(2.9 0.02247858499 -0.0009814362165)
(2.91 0.02247858499 -0.0009814362165)
(2.92 0.022478585 -0.0009814362165)
(2.93 0.022478585 -0.0009814362165)
(2.94 0.02247858499 -0.0009814362165)
(2.95 0.02247858499 -0.0009814362165)
(2.96 0.02247858499 -0.0009814362165)
(2.97 0.022478585 -0.0009814362165)
(2.98 0.022478585 -0.0009814362165)
(2.99 0.02247858499 -0.0009814362165)
(3 0.022478585 -0.0009814362165)
(0 0.02497620555 -0.001090484685)
(0.01 0.02497620555 -0.001090484685)
(0.02 0.02497620555 -0.001090484685)
(0.03 0.02497620555 -0.001090484685)
(0.04 0.02497620555 -0.001090484685)
(0.05 0.02497620555 -0.001090484685)
(0.06 0.02497620555 -0.001090484685)
(0.07 0.02497620555 -0.001090484685)
(0.08 0.02497620555 -0.001090484685)
(0.09 0.02497620555 -0.001090484685)
(0.1 0.02497620555 -0.001090484685)
(0.11 0.02497620555 -0.001090484685)
(0.12 0.02497620555 -0.001090484685)
(0.13 0.02497620555 -0.001090484685)
(0.14 0.02497620555 -0.001090484685)
(0.15 0.02497620555 -0.001090484685)
(0.16 0.02497620555 -0.001090484685)
(0.17 0.02497620555 -0.001090484685)
(0.18 0.02497620555 -0.001090484685)
(0.19 0.02497620555 -0.001090484685)
(0.2 0.02497620555 -0.001090484685)
(0.21 0.02497620555 -0.001090484685)
(0.22 0.02497620555 -0.001090484685)
(0.23 0.02497620555 -0.001090484685)
(0.24 0.02497620555 -0.001090484685)
(0.25 0.02497620555 -0.001090484685)
(0.26 0.02497620555 -0.001090484685)
(0.27 0.02497620555 -0.001090484685)
(0.28 0.02497620555 -0.001090484685)
(0.29 0.02497620555 -0.001090484685)
(0.3 0.02497620555 -0.001090484685)
(0.31 0.02497620555 -0.001090484685)
(0.32 0.02497620555 -0.001090484685)
(0.33 0.02497620555 -0.001090484685)
(0.34 0.02497620555 -0.001090484685)
(0.35 0.02497620555 -0.001090484685)
(0.36 0.02497620555 -0.001090484685)
(0.37 0.02497620555 -0.001090484685)
(0.38 0.02497620555 -0.001090484685)
(0.39 0.02497620555 -0.001090484685)
(0.4 0.02497620555 -0.001090484685)
(0.41 0.02497620555 -0.001090484685)
(0.42 0.02497620555 -0.001090484685)
(0.43 0.02497620555 -0.001090484685)
(0.44 0.02497620555 -0.001090484685)
(0.45 0.02497620555 -0.001090484685)
(0.46 0.02497620555 -0.001090484685)
(0.47 0.02497620555 -0.001090484685)
(0.48 0.02497620555 -0.001090484685)
(0.49 0.02497620555 -0.001090484685)
(0.5 0.02497620555 -0.001090484685)
(0.51 0.02497620555 -0.001090484685)
(0.52 0.02497620555 -0.001090484685)
(0.53 0.02497620555 -0.001090484685)
(0.54 0.02497620555 -0.001090484685)
(0.55 0.02497620555 -0.001090484685)
(0.56 0.02497620555 -0.001090484685)
(0.57 0.02497620555 -0.001090484685)
(0.58 0.02497620555 -0.001090484685)
(0.59 0.02497620555 -0.001090484685)
(0.6 0.02497620555 -0.001090484685)
(0.61 0.02497620555 -0.001090484685)
(0.62 0.02497620555 -0.001090484685)
(0.63 0.02497620555 -0.001090484685)
(0.64 0.02497620555 -0.001090484685)
(0.65 0.02497620555 -0.001090484685)
(0.66 0.02497620555 -0.001090484685)
(0.67 0.02497620555 -0.001090484685)
(0.68 0.02497620555 -0.001090484685)
(0.69 0.02497620555 -0.001090484685)
(0.7 0.02497620555 -0.001090484685)
(0.71 0.02497620555 -0.001090484685)
(0.72 0.02497620555 -0.001090484685)
(0.73 0.02497620555 -0.001090484685)
(0.74 0.02497620555 -0.001090484685)
(0.75 0.02497620555 -0.001090484685)
(0.76 0.02497620555 -0.001090484685)
(0.77 0.02497620555 -0.001090484685)
(0.78 0.02497620555 -0.001090484685)
(0.79 0.02497620555 -0.001090484685)
(0.8 0.02497620555 -0.001090484685)
(0.81 0.02497620555 -0.001090484685)
(0.82 0.02497620555 -0.001090484685)
(0.83 0.02497620555 -0.001090484685)
(0.84 0.02497620555 -0.001090484685)
(0.85 0.02497620555 -0.001090484685)
(0.86 0.02497620555 -0.001090484685)
(0.87 0.02497620555 -0.001090484685)
(0.88 0.02497620555 -0.001090484685)
(0.89 0.02497620555 -0.001090484685)
(0.9 0.02497620555 -0.001090484685)
(0.91 0.02497620555 -0.001090484685)
(0.92 0.02497620555 -0.001090484685)
(0.93 0.02497620555 -0.001090484685)
(0.94 0.02497620555 -0.001090484685)
(0.95 0.02497620555 -0.001090484685)
(0.96 0.02497620555 -0.001090484685)
(0.97 0.02497620555 -0.001090484685)
(0.98 0.02497620555 -0.001090484685)
(0.99 0.02497620555 -0.001090484685)
(1 0.02497620555 -0.001090484685)
(1.01 0.02497620555 -0.001090484685)
(1.02 0.02497620555 -0.001090484685)
(1.03 0.02497620555 -0.001090484685)
(1.04 0.02497620555 -0.001090484685)
(1.05 0.02497620555 -0.001090484685)
(1.06 0.02497620555 -0.001090484685)
(1.07 0.02497620555 -0.001090484685)
(1.08 0.02497620555 -0.001090484685)
(1.09 0.02497620555 -0.001090484685)
(1.1 0.02497620555 -0.001090484685)
(1.11 0.02497620555 -0.001090484685)
(1.12 0.02497620555 -0.001090484685)
(1.13 0.02497620555 -0.001090484685)
(1.14 0.02497620555 -0.001090484685)
(1.15 0.02497620555 -0.001090484685)
(1.16 0.02497620555 -0.001090484685)
(1.17 0.02497620555 -0.001090484685)
(1.18 0.02497620555 -0.001090484685)
(1.19 0.02497620555 -0.001090484685)
(1.2 0.02497620555 -0.001090484685)
(1.21 0.02497620555 -0.001090484685)
(1.22 0.02497620555 -0.001090484685)
(1.23 0.02497620555 -0.001090484685)
(1.24 0.02497620555 -0.001090484685)
(1.25 0.02497620555 -0.001090484685)
(1.26 0.02497620555 -0.001090484685)
(1.27 0.02497620555 -0.001090484685)
(1.28 0.02497620555 -0.001090484685)
(1.29 0.02497620555 -0.001090484685)
(1.3 0.02497620555 -0.001090484685)
(1.31 0.02497620555 -0.001090484685)
(1.32 0.02497620555 -0.001090484685)
(1.33 0.02497620555 -0.001090484685)
(1.34 0.02497620555 -0.001090484685)
(1.35 0.02497620555 -0.001090484685)
(1.36 0.02497620555 -0.001090484685)
(1.37 0.02497620555 -0.001090484685)
(1.38 0.02497620555 -0.001090484685)
(1.39 0.02497620555 -0.001090484685)
(1.4 0.02497620555 -0.001090484685)
(1.41 0.02497620555 -0.001090484685)
(1.42 0.02497620555 -0.001090484685)
(1.43 0.02497620555 -0.001090484685)
(1.44 0.02497620555 -0.001090484685)
(1.45 0.02497620555 -0.001090484685)
(1.46 0.02497620555 -0.001090484685)
(1.47 0.02497620555 -0.001090484685)
(1.48 0.02497620555 -0.001090484685)
(1.49 0.02497620555 -0.001090484685)
(1.5 0.02497620555 -0.001090484685)
(1.51 0.02497620555 -0.001090484685)
(1.52 0.02497620555 -0.001090484685)
(1.53 0.02497620555 -0.001090484685)
(1.54 0.02497620555 -0.001090484685)
(1.55 0.02497620555 -0.001090484685)
(1.56 0.02497620555 -0.001090484685)
(1.57 0.02497620555 -0.001090484685)
(1.58 0.02497620555 -0.001090484685)
(1.59 0.02497620555 -0.001090484685)
(1.6 0.02497620555 -0.001090484685)
(1.61 0.02497620555 -0.001090484685)
(1.62 0.02497620555 -0.001090484685)
(1.63 0.02497620555 -0.001090484685)
(1.64 0.02497620555 -0.001090484685)
(1.65 0.02497620555 -0.001090484685)
(1.66 0.02497620555 -0.001090484685)
(1.67 0.02497620555 -0.001090484685)
(1.68 0.02497620555 -0.001090484685)
(1.69 0.02497620555 -0.001090484685)
(1.7 0.02497620555 -0.001090484685)
(1.71 0.02497620555 -0.001090484685)
(1.72 0.02497620555 -0.001090484685)
(1.73 0.02497620555 -0.001090484685)
(1.74 0.02497620555 -0.001090484685)
(1.75 0.02497620555 -0.001090484685)
(1.76 0.02497620555 -0.001090484685)
(1.77 0.02497620555 -0.001090484685)
(1.78 0.02497620555 -0.001090484685)
(1.79 0.02497620555 -0.001090484685)
(1.8 0.02497620555 -0.001090484685)
(1.81 0.02497620555 -0.001090484685)
(1.82 0.02497620555 -0.001090484685)
(1.83 0.02497620555 -0.001090484685)
(1.84 0.02497620555 -0.001090484685)
(1.85 0.02497620555 -0.001090484685)
(1.86 0.02497620555 -0.001090484685)
(1.87 0.02497620555 -0.001090484685)
(1.88 0.02497620555 -0.001090484685)
(1.89 0.02497620555 -0.001090484685)
(1.9 0.02497620555 -0.001090484685)
(1.91 0.02497620555 -0.001090484685)
(1.92 0.02497620555 -0.001090484685)
(1.93 0.02497620555 -0.001090484685)
(1.94 0.02497620555 -0.001090484685)
(1.95 0.02497620555 -0.001090484685)
(1.96 0.02497620555 -0.001090484685)
(1.97 0.02497620555 -0.001090484685)
(1.98 0.02497620555 -0.001090484685)
(1.99 0.02497620555 -0.001090484685)
(2 0.02497620555 -0.001090484685)
(2.01 0.02497620555 -0.001090484685)
(2.02 0.02497620555 -0.001090484685)
(2.03 0.02497620555 -0.001090484685)
(2.04 0.02497620555 -0.001090484685)
(2.05 0.02497620555 -0.001090484685)
(2.06 0.02497620555 -0.001090484685)
(2.07 0.02497620555 -0.001090484685)
(2.08 0.02497620555 -0.001090484685)
(2.09 0.02497620555 -0.001090484685)
(2.1 0.02497620555 -0.001090484685)
(2.11 0.02497620555 -0.001090484685)
(2.12 0.02497620555 -0.001090484685)
(2.13 0.02497620555 -0.001090484685)
(2.14 0.02497620555 -0.001090484685)
(2.15 0.02497620555 -0.001090484685)
(2.16 0.02497620555 -0.001090484685)
(2.17 0.02497620555 -0.001090484685)
(2.18 0.02497620555 -0.001090484685)
(2.19 0.02497620555 -0.001090484685)
(2.2 0.02497620555 -0.001090484685)
(2.21 0.02497620555 -0.001090484685)
(2.22 0.02497620555 -0.001090484685)
(2.23 0.02497620555 -0.001090484685)
(2.24 0.02497620555 -0.001090484685)
(2.25 0.02497620555 -0.001090484685)
(2.26 0.02497620555 -0.001090484685)
(2.27 0.02497620555 -0.001090484685)
(2.28 0.02497620555 -0.001090484685)
(2.29 0.02497620555 -0.001090484685)
(2.3 0.02497620555 -0.001090484685)
(2.31 0.02497620555 -0.001090484685)
(2.32 0.02497620555 -0.001090484685)
(2.33 0.02497620555 -0.001090484685)
(2.34 0.02497620555 -0.001090484685)
(2.35 0.02497620555 -0.001090484685)
(2.36 0.02497620555 -0.001090484685)
(2.37 0.02497620555 -0.001090484685)
(2.38 0.02497620555 -0.001090484685)
(2.39 0.02497620555 -0.001090484685)
(2.4 0.02497620555 -0.001090484685)
(2.41 0.02497620555 -0.001090484685)
(2.42 0.02497620555 -0.001090484685)
(2.43 0.02497620555 -0.001090484685)
(2.44 0.02497620555 -0.001090484685)
(2.45 0.02497620555 -0.001090484685)
(2.46 0.02497620555 -0.001090484685)
(2.47 0.02497620555 -0.001090484685)
(2.48 0.02497620555 -0.001090484685)
(2.49 0.02497620555 -0.001090484685)
(2.5 0.02497620555 -0.001090484685)
(2.51 0.02497620555 -0.001090484685)
(2.52 0.02497620555 -0.001090484685)
(2.53 0.02497620555 -0.001090484685)
(2.54 0.02497620555 -0.001090484685)
(2.55 0.02497620555 -0.001090484685)
(2.56 0.02497620555 -0.001090484685)
(2.57 0.02497620555 -0.001090484685)
(2.58 0.02497620555 -0.001090484685)
(2.59 0.02497620555 -0.001090484685)
(2.6 0.02497620555 -0.001090484685)
(2.61 0.02497620555 -0.001090484685)
(2.62 0.02497620555 -0.001090484685)
(2.63 0.02497620555 -0.001090484685)
(2.64 0.02497620555 -0.001090484685)
(2.65 0.02497620555 -0.001090484685)
(2.66 0.02497620555 -0.001090484685)
(2.67 0.02497620555 -0.001090484685)
(2.68 0.02497620555 -0.001090484685)
(2.69 0.02497620555 -0.001090484685)
(2.7 0.02497620555 -0.001090484685)
(2.71 0.02497620555 -0.001090484685)
(2.72 0.02497620555 -0.001090484685)
(2.73 0.02497620555 -0.001090484685)
(2.74 0.02497620555 -0.001090484685)
(2.75 0.02497620555 -0.001090484685)
(2.76 0.02497620555 -0.001090484685)
(2.77 0.02497620555 -0.001090484685)
(2.78 0.02497620555 -0.001090484685)
(2.79 0.02497620555 -0.001090484685)
(2.8 0.02497620555 -0.001090484685)
(2.81 0.02497620555 -0.001090484685)
(2.82 0.02497620555 -0.001090484685)
(2.83 0.02497620555 -0.001090484685)
(2.84 0.02497620555 -0.001090484685)
(2.85 0.02497620555 -0.001090484685)
(2.86 0.02497620555 -0.001090484685)
(2.87 0.02497620555 -0.001090484685)
(2.88 0.02497620555 -0.001090484685)
(2.89 0.02497620555 -0.001090484685)
(2.9 0.02497620555 -0.001090484685)
(2.91 0.02497620555 -0.001090484685)
(2.92 0.02497620555 -0.001090484685)
(2.93 0.02497620555 -0.001090484685)
(2.94 0.02497620555 -0.001090484685)
(2.95 0.02497620555 -0.001090484685)
(2.96 0.02497620555 -0.001090484685)
(2.97 0.02497620555 -0.001090484685)
(2.98 0.02497620555 -0.001090484685)
(2.99 0.02497620555 -0.001090484685)
(3 0.02497620555 -0.001090484685)
(0 0.02747382611 -0.001199533154)
(0.01 0.02747382611 -0.001199533154)
(0.02 0.02747382611 -0.001199533154)
(0.03 0.02747382611 -0.001199533154)
(0.04 0.02747382611 -0.001199533154)
(0.05 0.02747382611 -0.001199533154)
(0.06 0.02747382611 -0.001199533154)
(0.07 0.02747382611 -0.001199533153)
(0.08 0.02747382611 -0.001199533154)
(0.09 0.02747382611 -0.001199533154)
(0.1 0.02747382611 -0.001199533154)
(0.11 0.02747382611 -0.001199533154)
(0.12 0.02747382611 -0.001199533153)
(0.13 0.02747382611 -0.001199533154)
(0.14 0.02747382611 -0.001199533154)
(0.15 0.02747382611 -0.001199533154)
(0.16 0.02747382611 -0.001199533154)
(0.17 0.02747382611 -0.001199533154)
(0.18 0.02747382611 -0.001199533154)
(0.19 0.02747382611 -0.001199533154)
(0.2 0.02747382611 -0.001199533153)
(0.21 0.02747382611 -0.001199533154)
(0.22 0.02747382611 -0.001199533154)
(0.23 0.02747382611 -0.001199533154)
(0.24 0.02747382611 -0.001199533154)
(0.25 0.02747382611 -0.001199533153)
(0.26 0.02747382611 -0.001199533154)
(0.27 0.02747382611 -0.001199533154)
(0.28 0.02747382611 -0.001199533154)
(0.29 0.02747382611 -0.001199533154)
(0.3 0.02747382611 -0.001199533154)
(0.31 0.02747382611 -0.001199533154)
(0.32 0.02747382611 -0.001199533154)
(0.33 0.02747382611 -0.001199533154)
(0.34 0.02747382611 -0.001199533154)
(0.35 0.02747382611 -0.001199533154)
(0.36 0.02747382611 -0.001199533154)
(0.37 0.02747382611 -0.001199533154)
(0.38 0.02747382611 -0.001199533153)
(0.39 0.02747382611 -0.001199533154)
(0.4 0.02747382611 -0.001199533154)
(0.41 0.02747382611 -0.001199533154)
(0.42 0.02747382611 -0.001199533154)
(0.43 0.02747382611 -0.001199533154)
(0.44 0.02747382611 -0.001199533154)
(0.45 0.02747382611 -0.001199533154)
(0.46 0.02747382611 -0.001199533154)
(0.47 0.02747382611 -0.001199533154)
(0.48 0.02747382611 -0.001199533154)
(0.49 0.02747382611 -0.001199533154)
(0.5 0.02747382611 -0.001199533154)
(0.51 0.02747382611 -0.001199533154)
(0.52 0.02747382611 -0.001199533154)
(0.53 0.02747382611 -0.001199533154)
(0.54 0.02747382611 -0.001199533154)
(0.55 0.02747382611 -0.001199533154)
(0.56 0.02747382611 -0.001199533154)
(0.57 0.02747382611 -0.001199533154)
(0.58 0.02747382611 -0.001199533154)
(0.59 0.02747382611 -0.001199533154)
(0.6 0.02747382611 -0.001199533154)
(0.61 0.02747382611 -0.001199533154)
(0.62 0.02747382611 -0.001199533154)
(0.63 0.02747382611 -0.001199533154)
(0.64 0.02747382611 -0.001199533154)
(0.65 0.02747382611 -0.001199533154)
(0.66 0.02747382611 -0.001199533154)
(0.67 0.02747382611 -0.001199533154)
(0.68 0.02747382611 -0.001199533154)
(0.69 0.02747382611 -0.001199533154)
(0.7 0.02747382611 -0.001199533154)
(0.71 0.02747382611 -0.001199533154)
(0.72 0.02747382611 -0.001199533154)
(0.73 0.02747382611 -0.001199533154)
(0.74 0.02747382611 -0.001199533154)
(0.75 0.02747382611 -0.001199533154)
(0.76 0.02747382611 -0.001199533154)
(0.77 0.02747382611 -0.001199533154)
(0.78 0.02747382611 -0.001199533154)
(0.79 0.02747382611 -0.001199533154)
(0.8 0.02747382611 -0.001199533154)
(0.81 0.02747382611 -0.001199533154)
(0.82 0.02747382611 -0.001199533154)
(0.83 0.02747382611 -0.001199533154)
(0.84 0.02747382611 -0.001199533154)
(0.85 0.02747382611 -0.001199533154)
(0.86 0.02747382611 -0.001199533154)
(0.87 0.02747382611 -0.001199533153)
(0.88 0.02747382611 -0.001199533154)
(0.89 0.02747382611 -0.001199533154)
(0.9 0.02747382611 -0.001199533154)
(0.91 0.02747382611 -0.001199533154)
(0.92 0.02747382611 -0.001199533154)
(0.93 0.02747382611 -0.001199533154)
(0.94 0.02747382611 -0.001199533154)
(0.95 0.02747382611 -0.001199533153)
(0.96 0.02747382611 -0.001199533154)
(0.97 0.02747382611 -0.001199533154)
(0.98 0.02747382611 -0.001199533154)
(0.99 0.02747382611 -0.001199533154)
(1 0.02747382611 -0.001199533154)
(1.01 0.02747382611 -0.001199533154)
(1.02 0.02747382611 -0.001199533154)
(1.03 0.02747382611 -0.001199533154)
(1.04 0.02747382611 -0.001199533154)
(1.05 0.02747382611 -0.001199533154)
(1.06 0.02747382611 -0.001199533154)
(1.07 0.02747382611 -0.001199533154)
(1.08 0.02747382611 -0.001199533154)
(1.09 0.02747382611 -0.001199533154)
(1.1 0.02747382611 -0.001199533154)
(1.11 0.02747382611 -0.001199533154)
(1.12 0.02747382611 -0.001199533154)
(1.13 0.02747382611 -0.001199533154)
(1.14 0.02747382611 -0.001199533154)
(1.15 0.02747382611 -0.001199533154)
(1.16 0.02747382611 -0.001199533154)
(1.17 0.02747382611 -0.001199533154)
(1.18 0.02747382611 -0.001199533154)
(1.19 0.02747382611 -0.001199533154)
(1.2 0.02747382611 -0.001199533154)
(1.21 0.02747382611 -0.001199533154)
(1.22 0.02747382611 -0.001199533153)
(1.23 0.02747382611 -0.001199533154)
(1.24 0.02747382611 -0.001199533154)
(1.25 0.02747382611 -0.001199533154)
(1.26 0.02747382611 -0.001199533154)
(1.27 0.02747382611 -0.001199533154)
(1.28 0.02747382611 -0.001199533154)
(1.29 0.02747382611 -0.001199533154)
(1.3 0.02747382611 -0.001199533154)
(1.31 0.02747382611 -0.001199533154)
(1.32 0.02747382611 -0.001199533154)
(1.33 0.02747382611 -0.001199533154)
(1.34 0.02747382611 -0.001199533154)
(1.35 0.02747382611 -0.001199533154)
(1.36 0.02747382611 -0.001199533154)
(1.37 0.02747382611 -0.001199533154)
(1.38 0.02747382611 -0.001199533154)
(1.39 0.02747382611 -0.001199533154)
(1.4 0.02747382611 -0.001199533154)
(1.41 0.02747382611 -0.001199533154)
(1.42 0.02747382611 -0.001199533154)
(1.43 0.02747382611 -0.001199533154)
(1.44 0.02747382611 -0.001199533154)
(1.45 0.02747382611 -0.001199533154)
(1.46 0.02747382611 -0.001199533154)
(1.47 0.02747382611 -0.001199533154)
(1.48 0.02747382611 -0.001199533154)
(1.49 0.02747382611 -0.001199533154)
(1.5 0.02747382611 -0.001199533154)
(1.51 0.02747382611 -0.001199533153)
(1.52 0.02747382611 -0.001199533154)
(1.53 0.02747382611 -0.001199533154)
(1.54 0.02747382611 -0.001199533154)
(1.55 0.02747382611 -0.001199533154)
(1.56 0.02747382611 -0.001199533154)
(1.57 0.02747382611 -0.001199533154)
(1.58 0.02747382611 -0.001199533154)
(1.59 0.02747382611 -0.001199533154)
(1.6 0.02747382611 -0.001199533154)
(1.61 0.02747382611 -0.001199533154)
(1.62 0.02747382611 -0.001199533154)
(1.63 0.02747382611 -0.001199533154)
(1.64 0.02747382611 -0.001199533154)
(1.65 0.02747382611 -0.001199533154)
(1.66 0.02747382611 -0.001199533154)
(1.67 0.02747382611 -0.001199533154)
(1.68 0.02747382611 -0.001199533154)
(1.69 0.02747382611 -0.001199533153)
(1.7 0.02747382611 -0.001199533154)
(1.71 0.02747382611 -0.001199533154)
(1.72 0.02747382611 -0.001199533154)
(1.73 0.02747382611 -0.001199533154)
(1.74 0.02747382611 -0.001199533154)
(1.75 0.02747382611 -0.001199533154)
(1.76 0.02747382611 -0.001199533154)
(1.77 0.02747382611 -0.001199533154)
(1.78 0.02747382611 -0.001199533154)
(1.79 0.02747382611 -0.001199533154)
(1.8 0.02747382611 -0.001199533154)
(1.81 0.02747382611 -0.001199533154)
(1.82 0.02747382611 -0.001199533154)
(1.83 0.02747382611 -0.001199533154)
(1.84 0.02747382611 -0.001199533154)
(1.85 0.02747382611 -0.001199533154)
(1.86 0.02747382611 -0.001199533154)
(1.87 0.02747382611 -0.001199533153)
(1.88 0.02747382611 -0.001199533154)
(1.89 0.02747382611 -0.001199533154)
(1.9 0.02747382611 -0.001199533154)
(1.91 0.02747382611 -0.001199533154)
(1.92 0.02747382611 -0.001199533154)
(1.93 0.02747382611 -0.001199533154)
(1.94 0.02747382611 -0.001199533154)
(1.95 0.02747382611 -0.001199533154)
(1.96 0.02747382611 -0.001199533154)
(1.97 0.02747382611 -0.001199533154)
(1.98 0.02747382611 -0.001199533154)
(1.99 0.02747382611 -0.001199533154)
(2 0.02747382611 -0.001199533154)
(2.01 0.02747382611 -0.001199533154)
(2.02 0.02747382611 -0.001199533154)
(2.03 0.02747382611 -0.001199533154)
(2.04 0.02747382611 -0.001199533154)
(2.05 0.02747382611 -0.001199533153)
(2.06 0.02747382611 -0.001199533154)
(2.07 0.02747382611 -0.001199533154)
(2.08 0.02747382611 -0.001199533154)
(2.09 0.02747382611 -0.001199533154)
(2.1 0.02747382611 -0.001199533154)
(2.11 0.02747382611 -0.001199533154)
(2.12 0.02747382611 -0.001199533154)
(2.13 0.02747382611 -0.001199533153)
(2.14 0.02747382611 -0.001199533154)
(2.15 0.02747382611 -0.001199533154)
(2.16 0.02747382611 -0.001199533154)
(2.17 0.02747382611 -0.001199533154)
(2.18 0.02747382611 -0.001199533154)
(2.19 0.02747382611 -0.001199533154)
(2.2 0.02747382611 -0.001199533154)
(2.21 0.02747382611 -0.001199533154)
(2.22 0.02747382611 -0.001199533154)
(2.23 0.02747382611 -0.001199533154)
(2.24 0.02747382611 -0.001199533154)
(2.25 0.02747382611 -0.001199533154)
(2.26 0.02747382611 -0.001199533153)
(2.27 0.02747382611 -0.001199533154)
(2.28 0.02747382611 -0.001199533154)
(2.29 0.02747382611 -0.001199533154)
(2.3 0.02747382611 -0.001199533154)
(2.31 0.02747382611 -0.001199533154)
(2.32 0.02747382611 -0.001199533154)
(2.33 0.02747382611 -0.001199533154)
(2.34 0.02747382611 -0.001199533154)
(2.35 0.02747382611 -0.001199533154)
(2.36 0.02747382611 -0.001199533154)
(2.37 0.02747382611 -0.001199533154)
(2.38 0.02747382611 -0.001199533154)
(2.39 0.02747382611 -0.001199533154)
(2.4 0.02747382611 -0.001199533154)
(2.41 0.02747382611 -0.001199533154)
(2.42 0.02747382611 -0.001199533154)
(2.43 0.02747382611 -0.001199533154)
(2.44 0.02747382611 -0.001199533153)
(2.45 0.02747382611 -0.001199533154)
(2.46 0.02747382611 -0.001199533154)
(2.47 0.02747382611 -0.001199533154)
(2.48 0.02747382611 -0.001199533154)
(2.49 0.02747382611 -0.001199533154)
(2.5 0.02747382611 -0.001199533154)
(2.51 0.02747382611 -0.001199533154)
(2.52 0.02747382611 -0.001199533153)
(2.53 0.02747382611 -0.001199533154)
(2.54 0.02747382611 -0.001199533154)
(2.55 0.02747382611 -0.001199533154)
(2.56 0.02747382611 -0.001199533154)
(2.57 0.02747382611 -0.001199533154)
(2.58 0.02747382611 -0.001199533154)
(2.59 0.02747382611 -0.001199533154)
(2.6 0.02747382611 -0.001199533154)
(2.61 0.02747382611 -0.001199533154)
(2.62 0.02747382611 -0.001199533154)
(2.63 0.02747382611 -0.001199533154)
(2.64 0.02747382611 -0.001199533154)
(2.65 0.02747382611 -0.001199533153)
(2.66 0.02747382611 -0.001199533154)
(2.67 0.02747382611 -0.001199533154)
(2.68 0.02747382611 -0.001199533154)
(2.69 0.02747382611 -0.001199533154)
(2.7 0.02747382611 -0.001199533154)
(2.71 0.02747382611 -0.001199533154)
(2.72 0.02747382611 -0.001199533154)
(2.73 0.02747382611 -0.001199533154)
(2.74 0.02747382611 -0.001199533154)
(2.75 0.02747382611 -0.001199533153)
(2.76 0.02747382611 -0.001199533154)
(2.77 0.02747382611 -0.001199533154)
(2.78 0.02747382611 -0.001199533154)
(2.79 0.02747382611 -0.001199533154)
(2.8 0.02747382611 -0.001199533153)
(2.81 0.02747382611 -0.001199533154)
(2.82 0.02747382611 -0.001199533154)
(2.83 0.02747382611 -0.001199533153)
(2.84 0.02747382611 -0.001199533154)
(2.85 0.02747382611 -0.001199533154)
(2.86 0.02747382611 -0.001199533154)
(2.87 0.02747382611 -0.001199533154)
(2.88 0.02747382611 -0.001199533153)
(2.89 0.02747382611 -0.001199533154)
(2.9 0.02747382611 -0.001199533154)
(2.91 0.02747382611 -0.001199533153)
(2.92 0.02747382611 -0.001199533154)
(2.93 0.02747382611 -0.001199533153)
(2.94 0.02747382611 -0.001199533154)
(2.95 0.02747382611 -0.001199533154)
(2.96 0.02747382611 -0.001199533154)
(2.97 0.02747382611 -0.001199533154)
(2.98 0.02747382611 -0.001199533154)
(2.99 0.02747382611 -0.001199533154)
(3 0.02747382611 -0.001199533154)
(0 0.02997144666 -0.001308581622)
(0.01 0.02997144666 -0.001308581622)
(0.02 0.02997144666 -0.001308581622)
(0.03 0.02997144666 -0.001308581622)
(0.04 0.02997144666 -0.001308581622)
(0.05 0.02997144666 -0.001308581622)
(0.06 0.02997144666 -0.001308581622)
(0.07 0.02997144666 -0.001308581622)
(0.08 0.02997144666 -0.001308581622)
(0.09 0.02997144666 -0.001308581622)
(0.1 0.02997144666 -0.001308581622)
(0.11 0.02997144666 -0.001308581622)
(0.12 0.02997144666 -0.001308581622)
(0.13 0.02997144666 -0.001308581622)
(0.14 0.02997144666 -0.001308581622)
(0.15 0.02997144666 -0.001308581622)
(0.16 0.02997144666 -0.001308581622)
(0.17 0.02997144666 -0.001308581622)
(0.18 0.02997144666 -0.001308581622)
(0.19 0.02997144666 -0.001308581622)
(0.2 0.02997144666 -0.001308581622)
(0.21 0.02997144666 -0.001308581622)
(0.22 0.02997144666 -0.001308581622)
(0.23 0.02997144666 -0.001308581622)
(0.24 0.02997144666 -0.001308581622)
(0.25 0.02997144666 -0.001308581622)
(0.26 0.02997144666 -0.001308581622)
(0.27 0.02997144666 -0.001308581622)
(0.28 0.02997144666 -0.001308581622)
(0.29 0.02997144666 -0.001308581622)
(0.3 0.02997144666 -0.001308581622)
(0.31 0.02997144666 -0.001308581622)
(0.32 0.02997144666 -0.001308581622)
(0.33 0.02997144666 -0.001308581622)
(0.34 0.02997144666 -0.001308581622)
(0.35 0.02997144666 -0.001308581622)
(0.36 0.02997144666 -0.001308581622)
(0.37 0.02997144666 -0.001308581622)
(0.38 0.02997144666 -0.001308581622)
(0.39 0.02997144666 -0.001308581622)
(0.4 0.02997144666 -0.001308581622)
(0.41 0.02997144666 -0.001308581622)
(0.42 0.02997144666 -0.001308581622)
(0.43 0.02997144666 -0.001308581622)
(0.44 0.02997144666 -0.001308581622)
(0.45 0.02997144666 -0.001308581622)
(0.46 0.02997144666 -0.001308581622)
(0.47 0.02997144666 -0.001308581622)
(0.48 0.02997144666 -0.001308581622)
(0.49 0.02997144666 -0.001308581622)
(0.5 0.02997144666 -0.001308581622)
(0.51 0.02997144666 -0.001308581622)
(0.52 0.02997144666 -0.001308581622)
(0.53 0.02997144666 -0.001308581622)
(0.54 0.02997144666 -0.001308581622)
(0.55 0.02997144666 -0.001308581622)
(0.56 0.02997144666 -0.001308581622)
(0.57 0.02997144666 -0.001308581622)
(0.58 0.02997144666 -0.001308581622)
(0.59 0.02997144666 -0.001308581622)
(0.6 0.02997144666 -0.001308581622)
(0.61 0.02997144666 -0.001308581622)
(0.62 0.02997144666 -0.001308581622)
(0.63 0.02997144666 -0.001308581622)
(0.64 0.02997144666 -0.001308581622)
(0.65 0.02997144666 -0.001308581622)
(0.66 0.02997144666 -0.001308581622)
(0.67 0.02997144666 -0.001308581622)
(0.68 0.02997144666 -0.001308581622)
(0.69 0.02997144666 -0.001308581622)
(0.7 0.02997144666 -0.001308581622)
(0.71 0.02997144666 -0.001308581622)
(0.72 0.02997144666 -0.001308581622)
(0.73 0.02997144666 -0.001308581622)
(0.74 0.02997144666 -0.001308581622)
(0.75 0.02997144666 -0.001308581622)
(0.76 0.02997144666 -0.001308581622)
(0.77 0.02997144666 -0.001308581622)
(0.78 0.02997144666 -0.001308581622)
(0.79 0.02997144666 -0.001308581622)
(0.8 0.02997144666 -0.001308581622)
(0.81 0.02997144666 -0.001308581622)
(0.82 0.02997144666 -0.001308581622)
(0.83 0.02997144666 -0.001308581622)
(0.84 0.02997144666 -0.001308581622)
(0.85 0.02997144666 -0.001308581622)
(0.86 0.02997144666 -0.001308581622)
(0.87 0.02997144666 -0.001308581622)
(0.88 0.02997144666 -0.001308581622)
(0.89 0.02997144666 -0.001308581622)
(0.9 0.02997144666 -0.001308581622)
(0.91 0.02997144666 -0.001308581622)
(0.92 0.02997144666 -0.001308581622)
(0.93 0.02997144666 -0.001308581622)
(0.94 0.02997144666 -0.001308581622)
(0.95 0.02997144666 -0.001308581622)
(0.96 0.02997144666 -0.001308581622)
(0.97 0.02997144666 -0.001308581622)
(0.98 0.02997144666 -0.001308581622)
(0.99 0.02997144666 -0.001308581622)
(1 0.02997144666 -0.001308581622)
(1.01 0.02997144666 -0.001308581622)
(1.02 0.02997144666 -0.001308581622)
(1.03 0.02997144666 -0.001308581622)
(1.04 0.02997144666 -0.001308581622)
(1.05 0.02997144666 -0.001308581622)
(1.06 0.02997144666 -0.001308581622)
(1.07 0.02997144666 -0.001308581622)
(1.08 0.02997144666 -0.001308581622)
(1.09 0.02997144666 -0.001308581622)
(1.1 0.02997144666 -0.001308581622)
(1.11 0.02997144666 -0.001308581622)
(1.12 0.02997144666 -0.001308581622)
(1.13 0.02997144666 -0.001308581622)
(1.14 0.02997144666 -0.001308581622)
(1.15 0.02997144666 -0.001308581622)
(1.16 0.02997144666 -0.001308581622)
(1.17 0.02997144666 -0.001308581622)
(1.18 0.02997144666 -0.001308581622)
(1.19 0.02997144666 -0.001308581622)
(1.2 0.02997144666 -0.001308581622)
(1.21 0.02997144666 -0.001308581622)
(1.22 0.02997144666 -0.001308581622)
(1.23 0.02997144666 -0.001308581622)
(1.24 0.02997144666 -0.001308581622)
(1.25 0.02997144666 -0.001308581622)
(1.26 0.02997144666 -0.001308581622)
(1.27 0.02997144666 -0.001308581622)
(1.28 0.02997144666 -0.001308581622)
(1.29 0.02997144666 -0.001308581622)
(1.3 0.02997144666 -0.001308581622)
(1.31 0.02997144666 -0.001308581622)
(1.32 0.02997144666 -0.001308581622)
(1.33 0.02997144666 -0.001308581622)
(1.34 0.02997144666 -0.001308581622)
(1.35 0.02997144666 -0.001308581622)
(1.36 0.02997144666 -0.001308581622)
(1.37 0.02997144666 -0.001308581622)
(1.38 0.02997144666 -0.001308581622)
(1.39 0.02997144666 -0.001308581622)
(1.4 0.02997144666 -0.001308581622)
(1.41 0.02997144666 -0.001308581622)
(1.42 0.02997144666 -0.001308581622)
(1.43 0.02997144666 -0.001308581622)
(1.44 0.02997144666 -0.001308581622)
(1.45 0.02997144666 -0.001308581622)
(1.46 0.02997144666 -0.001308581622)
(1.47 0.02997144666 -0.001308581622)
(1.48 0.02997144666 -0.001308581622)
(1.49 0.02997144666 -0.001308581622)
(1.5 0.02997144666 -0.001308581622)
(1.51 0.02997144666 -0.001308581622)
(1.52 0.02997144666 -0.001308581622)
(1.53 0.02997144666 -0.001308581622)
(1.54 0.02997144666 -0.001308581622)
(1.55 0.02997144666 -0.001308581622)
(1.56 0.02997144666 -0.001308581622)
(1.57 0.02997144666 -0.001308581622)
(1.58 0.02997144666 -0.001308581622)
(1.59 0.02997144666 -0.001308581622)
(1.6 0.02997144666 -0.001308581622)
(1.61 0.02997144666 -0.001308581622)
(1.62 0.02997144666 -0.001308581622)
(1.63 0.02997144666 -0.001308581622)
(1.64 0.02997144666 -0.001308581622)
(1.65 0.02997144666 -0.001308581622)
(1.66 0.02997144666 -0.001308581622)
(1.67 0.02997144666 -0.001308581622)
(1.68 0.02997144666 -0.001308581622)
(1.69 0.02997144666 -0.001308581622)
(1.7 0.02997144666 -0.001308581622)
(1.71 0.02997144666 -0.001308581622)
(1.72 0.02997144666 -0.001308581622)
(1.73 0.02997144666 -0.001308581622)
(1.74 0.02997144666 -0.001308581622)
(1.75 0.02997144666 -0.001308581622)
(1.76 0.02997144666 -0.001308581622)
(1.77 0.02997144666 -0.001308581622)
(1.78 0.02997144666 -0.001308581622)
(1.79 0.02997144666 -0.001308581622)
(1.8 0.02997144666 -0.001308581622)
(1.81 0.02997144666 -0.001308581622)
(1.82 0.02997144666 -0.001308581622)
(1.83 0.02997144666 -0.001308581622)
(1.84 0.02997144666 -0.001308581622)
(1.85 0.02997144666 -0.001308581622)
(1.86 0.02997144666 -0.001308581622)
(1.87 0.02997144666 -0.001308581622)
(1.88 0.02997144666 -0.001308581622)
(1.89 0.02997144666 -0.001308581622)
(1.9 0.02997144666 -0.001308581622)
(1.91 0.02997144666 -0.001308581622)
(1.92 0.02997144666 -0.001308581622)
(1.93 0.02997144666 -0.001308581622)
(1.94 0.02997144666 -0.001308581622)
(1.95 0.02997144666 -0.001308581622)
(1.96 0.02997144666 -0.001308581622)
(1.97 0.02997144666 -0.001308581622)
(1.98 0.02997144666 -0.001308581622)
(1.99 0.02997144666 -0.001308581622)
(2 0.02997144666 -0.001308581622)
(2.01 0.02997144666 -0.001308581622)
(2.02 0.02997144666 -0.001308581622)
(2.03 0.02997144666 -0.001308581622)
(2.04 0.02997144666 -0.001308581622)
(2.05 0.02997144666 -0.001308581622)
(2.06 0.02997144666 -0.001308581622)
(2.07 0.02997144666 -0.001308581622)
(2.08 0.02997144666 -0.001308581622)
(2.09 0.02997144666 -0.001308581622)
(2.1 0.02997144666 -0.001308581622)
(2.11 0.02997144666 -0.001308581622)
(2.12 0.02997144666 -0.001308581622)
(2.13 0.02997144666 -0.001308581622)
(2.14 0.02997144666 -0.001308581622)
(2.15 0.02997144666 -0.001308581622)
(2.16 0.02997144666 -0.001308581622)
(2.17 0.02997144666 -0.001308581622)
(2.18 0.02997144666 -0.001308581622)
(2.19 0.02997144666 -0.001308581622)
(2.2 0.02997144666 -0.001308581622)
(2.21 0.02997144666 -0.001308581622)
(2.22 0.02997144666 -0.001308581622)
(2.23 0.02997144666 -0.001308581622)
(2.24 0.02997144666 -0.001308581622)
(2.25 0.02997144666 -0.001308581622)
(2.26 0.02997144666 -0.001308581622)
(2.27 0.02997144666 -0.001308581622)
(2.28 0.02997144666 -0.001308581622)
(2.29 0.02997144666 -0.001308581622)
(2.3 0.02997144666 -0.001308581622)
(2.31 0.02997144666 -0.001308581622)
(2.32 0.02997144666 -0.001308581622)
(2.33 0.02997144666 -0.001308581622)
(2.34 0.02997144666 -0.001308581622)
(2.35 0.02997144666 -0.001308581622)
(2.36 0.02997144666 -0.001308581622)
(2.37 0.02997144666 -0.001308581622)
(2.38 0.02997144666 -0.001308581622)
(2.39 0.02997144666 -0.001308581622)
(2.4 0.02997144666 -0.001308581622)
(2.41 0.02997144666 -0.001308581622)
(2.42 0.02997144666 -0.001308581622)
(2.43 0.02997144666 -0.001308581622)
(2.44 0.02997144666 -0.001308581622)
(2.45 0.02997144666 -0.001308581622)
(2.46 0.02997144666 -0.001308581622)
(2.47 0.02997144666 -0.001308581622)
(2.48 0.02997144666 -0.001308581622)
(2.49 0.02997144666 -0.001308581622)
(2.5 0.02997144666 -0.001308581622)
(2.51 0.02997144666 -0.001308581622)
(2.52 0.02997144666 -0.001308581622)
(2.53 0.02997144666 -0.001308581622)
(2.54 0.02997144666 -0.001308581622)
(2.55 0.02997144666 -0.001308581622)
(2.56 0.02997144666 -0.001308581622)
(2.57 0.02997144666 -0.001308581622)
(2.58 0.02997144666 -0.001308581622)
(2.59 0.02997144666 -0.001308581622)
(2.6 0.02997144666 -0.001308581622)
(2.61 0.02997144666 -0.001308581622)
(2.62 0.02997144666 -0.001308581622)
(2.63 0.02997144666 -0.001308581622)
(2.64 0.02997144666 -0.001308581622)
(2.65 0.02997144666 -0.001308581622)
(2.66 0.02997144666 -0.001308581622)
(2.67 0.02997144666 -0.001308581622)
(2.68 0.02997144666 -0.001308581622)
(2.69 0.02997144666 -0.001308581622)
(2.7 0.02997144666 -0.001308581622)
(2.71 0.02997144666 -0.001308581622)
(2.72 0.02997144666 -0.001308581622)
(2.73 0.02997144666 -0.001308581622)
(2.74 0.02997144666 -0.001308581622)
(2.75 0.02997144666 -0.001308581622)
(2.76 0.02997144666 -0.001308581622)
(2.77 0.02997144666 -0.001308581622)
(2.78 0.02997144666 -0.001308581622)
(2.79 0.02997144666 -0.001308581622)
(2.8 0.02997144666 -0.001308581622)
(2.81 0.02997144666 -0.001308581622)
(2.82 0.02997144666 -0.001308581622)
(2.83 0.02997144666 -0.001308581622)
(2.84 0.02997144666 -0.001308581622)
(2.85 0.02997144666 -0.001308581622)
(2.86 0.02997144666 -0.001308581622)
(2.87 0.02997144666 -0.001308581622)
(2.88 0.02997144666 -0.001308581622)
(2.89 0.02997144666 -0.001308581622)
(2.9 0.02997144666 -0.001308581622)
(2.91 0.02997144666 -0.001308581622)
(2.92 0.02997144666 -0.001308581622)
(2.93 0.02997144666 -0.001308581622)
(2.94 0.02997144666 -0.001308581622)
(2.95 0.02997144666 -0.001308581622)
(2.96 0.02997144666 -0.001308581622)
(2.97 0.02997144666 -0.001308581622)
(2.98 0.02997144666 -0.001308581622)
(2.99 0.02997144666 -0.001308581622)
(3 0.02997144666 -0.001308581622)
(0 0.03246906722 -0.001417630091)
(0.01 0.03246906722 -0.001417630091)
(0.02 0.03246906722 -0.001417630091)
(0.03 0.03246906722 -0.001417630091)
(0.04 0.03246906722 -0.001417630091)
(0.05 0.03246906721 -0.001417630091)
(0.06 0.03246906722 -0.001417630091)
(0.07 0.03246906722 -0.001417630091)
(0.08 0.03246906722 -0.001417630091)
(0.09 0.03246906722 -0.001417630091)
(0.1 0.03246906722 -0.001417630091)
(0.11 0.03246906722 -0.001417630091)
(0.12 0.03246906722 -0.001417630091)
(0.13 0.03246906722 -0.001417630091)
(0.14 0.03246906722 -0.001417630091)
(0.15 0.03246906722 -0.001417630091)
(0.16 0.03246906722 -0.001417630091)
(0.17 0.03246906722 -0.001417630091)
(0.18 0.03246906722 -0.001417630091)
(0.19 0.03246906722 -0.001417630091)
(0.2 0.03246906722 -0.001417630091)
(0.21 0.03246906722 -0.001417630091)
(0.22 0.03246906722 -0.001417630091)
(0.23 0.03246906722 -0.001417630091)
(0.24 0.03246906722 -0.001417630091)
(0.25 0.03246906722 -0.001417630091)
(0.26 0.03246906722 -0.001417630091)
(0.27 0.03246906722 -0.001417630091)
(0.28 0.03246906722 -0.001417630091)
(0.29 0.03246906722 -0.001417630091)
(0.3 0.03246906722 -0.001417630091)
(0.31 0.03246906722 -0.001417630091)
(0.32 0.03246906722 -0.001417630091)
(0.33 0.03246906722 -0.001417630091)
(0.34 0.03246906722 -0.001417630091)
(0.35 0.03246906722 -0.001417630091)
(0.36 0.03246906722 -0.001417630091)
(0.37 0.03246906722 -0.001417630091)
(0.38 0.03246906722 -0.001417630091)
(0.39 0.03246906722 -0.001417630091)
(0.4 0.03246906722 -0.001417630091)
(0.41 0.03246906722 -0.001417630091)
(0.42 0.03246906722 -0.001417630091)
(0.43 0.03246906722 -0.001417630091)
(0.44 0.03246906722 -0.001417630091)
(0.45 0.03246906722 -0.001417630091)
(0.46 0.03246906722 -0.001417630091)
(0.47 0.03246906722 -0.001417630091)
(0.48 0.03246906722 -0.001417630091)
(0.49 0.03246906722 -0.001417630091)
(0.5 0.03246906722 -0.001417630091)
(0.51 0.03246906722 -0.001417630091)
(0.52 0.03246906722 -0.001417630091)
(0.53 0.03246906722 -0.001417630091)
(0.54 0.03246906722 -0.001417630091)
(0.55 0.03246906722 -0.001417630091)
(0.56 0.03246906722 -0.001417630091)
(0.57 0.03246906722 -0.001417630091)
(0.58 0.03246906722 -0.001417630091)
(0.59 0.03246906722 -0.001417630091)
(0.6 0.03246906722 -0.001417630091)
(0.61 0.03246906722 -0.001417630091)
(0.62 0.03246906722 -0.001417630091)
(0.63 0.03246906722 -0.001417630091)
(0.64 0.03246906722 -0.00141763009)
(0.65 0.03246906722 -0.001417630091)
(0.66 0.03246906722 -0.001417630091)
(0.67 0.03246906722 -0.001417630091)
(0.68 0.03246906722 -0.001417630091)
(0.69 0.03246906722 -0.001417630091)
(0.7 0.03246906722 -0.00141763009)
(0.71 0.03246906722 -0.00141763009)
(0.72 0.03246906722 -0.001417630091)
(0.73 0.03246906722 -0.00141763009)
(0.74 0.03246906722 -0.00141763009)
(0.75 0.03246906722 -0.001417630091)
(0.76 0.03246906722 -0.001417630091)
(0.77 0.03246906722 -0.001417630091)
(0.78 0.03246906722 -0.00141763009)
(0.79 0.03246906722 -0.001417630091)
(0.8 0.03246906722 -0.001417630091)
(0.81 0.03246906722 -0.00141763009)
(0.82 0.03246906722 -0.001417630091)
(0.83 0.03246906722 -0.001417630091)
(0.84 0.03246906722 -0.00141763009)
(0.85 0.03246906722 -0.001417630091)
(0.86 0.03246906722 -0.001417630091)
(0.87 0.03246906722 -0.00141763009)
(0.88 0.03246906722 -0.001417630091)
(0.89 0.03246906722 -0.001417630091)
(0.9 0.03246906722 -0.001417630091)
(0.91 0.03246906722 -0.001417630091)
(0.92 0.03246906722 -0.001417630091)
(0.93 0.03246906722 -0.00141763009)
(0.94 0.03246906722 -0.001417630091)
(0.95 0.03246906722 -0.001417630091)
(0.96 0.03246906722 -0.00141763009)
(0.97 0.03246906722 -0.001417630091)
(0.98 0.03246906722 -0.001417630091)
(0.99 0.03246906722 -0.00141763009)
(1 0.03246906722 -0.001417630091)
(1.01 0.03246906722 -0.001417630091)
(1.02 0.03246906722 -0.001417630091)
(1.03 0.03246906722 -0.001417630091)
(1.04 0.03246906722 -0.00141763009)
(1.05 0.03246906722 -0.001417630091)
(1.06 0.03246906722 -0.001417630091)
(1.07 0.03246906722 -0.00141763009)
(1.08 0.03246906722 -0.001417630091)
(1.09 0.03246906722 -0.001417630091)
(1.1 0.03246906722 -0.00141763009)
(1.11 0.03246906722 -0.00141763009)
(1.12 0.03246906722 -0.001417630091)
(1.13 0.03246906722 -0.00141763009)
(1.14 0.03246906722 -0.00141763009)
(1.15 0.03246906722 -0.001417630091)
(1.16 0.03246906722 -0.00141763009)
(1.17 0.03246906722 -0.00141763009)
(1.18 0.03246906722 -0.00141763009)
(1.19 0.03246906722 -0.00141763009)
(1.2 0.03246906722 -0.00141763009)
(1.21 0.03246906722 -0.00141763009)
(1.22 0.03246906722 -0.00141763009)
(1.23 0.03246906722 -0.001417630091)
(1.24 0.03246906722 -0.00141763009)
(1.25 0.03246906722 -0.001417630091)
(1.26 0.03246906722 -0.001417630091)
(1.27 0.03246906722 -0.00141763009)
(1.28 0.03246906722 -0.001417630091)
(1.29 0.03246906722 -0.001417630091)
(1.3 0.03246906722 -0.00141763009)
(1.31 0.03246906722 -0.00141763009)
(1.32 0.03246906722 -0.001417630091)
(1.33 0.03246906722 -0.00141763009)
(1.34 0.03246906722 -0.00141763009)
(1.35 0.03246906722 -0.001417630091)
(1.36 0.03246906722 -0.00141763009)
(1.37 0.03246906722 -0.00141763009)
(1.38 0.03246906722 -0.001417630091)
(1.39 0.03246906722 -0.001417630091)
(1.4 0.03246906722 -0.00141763009)
(1.41 0.03246906722 -0.00141763009)
(1.42 0.03246906722 -0.001417630091)
(1.43 0.03246906722 -0.00141763009)
(1.44 0.03246906722 -0.00141763009)
(1.45 0.03246906722 -0.001417630091)
(1.46 0.03246906722 -0.001417630091)
(1.47 0.03246906722 -0.00141763009)
(1.48 0.03246906722 -0.001417630091)
(1.49 0.03246906722 -0.00141763009)
(1.5 0.03246906722 -0.00141763009)
(1.51 0.03246906722 -0.00141763009)
(1.52 0.03246906722 -0.001417630091)
(1.53 0.03246906722 -0.001417630091)
(1.54 0.03246906722 -0.00141763009)
(1.55 0.03246906722 -0.001417630091)
(1.56 0.03246906722 -0.001417630091)
(1.57 0.03246906722 -0.00141763009)
(1.58 0.03246906722 -0.00141763009)
(1.59 0.03246906722 -0.001417630091)
(1.6 0.03246906722 -0.001417630091)
(1.61 0.03246906722 -0.00141763009)
(1.62 0.03246906722 -0.001417630091)
(1.63 0.03246906722 -0.001417630091)
(1.64 0.03246906722 -0.00141763009)
(1.65 0.03246906722 -0.001417630091)
(1.66 0.03246906722 -0.001417630091)
(1.67 0.03246906722 -0.001417630091)
(1.68 0.03246906722 -0.001417630091)
(1.69 0.03246906722 -0.001417630091)
(1.7 0.03246906722 -0.001417630091)
(1.71 0.03246906722 -0.00141763009)
(1.72 0.03246906722 -0.001417630091)
(1.73 0.03246906722 -0.001417630091)
(1.74 0.03246906722 -0.001417630091)
(1.75 0.03246906722 -0.001417630091)
(1.76 0.03246906722 -0.001417630091)
(1.77 0.03246906722 -0.001417630091)
(1.78 0.03246906722 -0.001417630091)
(1.79 0.03246906722 -0.001417630091)
(1.8 0.03246906722 -0.001417630091)
(1.81 0.03246906722 -0.001417630091)
(1.82 0.03246906722 -0.001417630091)
(1.83 0.03246906722 -0.001417630091)
(1.84 0.03246906722 -0.001417630091)
(1.85 0.03246906722 -0.001417630091)
(1.86 0.03246906722 -0.001417630091)
(1.87 0.03246906722 -0.001417630091)
(1.88 0.03246906722 -0.001417630091)
(1.89 0.03246906722 -0.001417630091)
(1.9 0.03246906722 -0.001417630091)
(1.91 0.03246906722 -0.001417630091)
(1.92 0.03246906722 -0.001417630091)
(1.93 0.03246906722 -0.001417630091)
(1.94 0.03246906722 -0.001417630091)
(1.95 0.03246906722 -0.001417630091)
(1.96 0.03246906722 -0.001417630091)
(1.97 0.03246906722 -0.001417630091)
(1.98 0.03246906722 -0.001417630091)
(1.99 0.03246906722 -0.001417630091)
(2 0.03246906722 -0.001417630091)
(2.01 0.03246906722 -0.001417630091)
(2.02 0.03246906722 -0.001417630091)
(2.03 0.03246906722 -0.001417630091)
(2.04 0.03246906722 -0.001417630091)
(2.05 0.03246906722 -0.001417630091)
(2.06 0.03246906722 -0.001417630091)
(2.07 0.03246906722 -0.00141763009)
(2.08 0.03246906722 -0.001417630091)
(2.09 0.03246906722 -0.001417630091)
(2.1 0.03246906722 -0.00141763009)
(2.11 0.03246906722 -0.001417630091)
(2.12 0.03246906722 -0.001417630091)
(2.13 0.03246906722 -0.001417630091)
(2.14 0.03246906722 -0.001417630091)
(2.15 0.03246906722 -0.001417630091)
(2.16 0.03246906722 -0.00141763009)
(2.17 0.03246906722 -0.001417630091)
(2.18 0.03246906722 -0.001417630091)
(2.19 0.03246906722 -0.00141763009)
(2.2 0.03246906722 -0.00141763009)
(2.21 0.03246906722 -0.001417630091)
(2.22 0.03246906722 -0.00141763009)
(2.23 0.03246906722 -0.00141763009)
(2.24 0.03246906722 -0.001417630091)
(2.25 0.03246906722 -0.001417630091)
(2.26 0.03246906722 -0.001417630091)
(2.27 0.03246906722 -0.001417630091)
(2.28 0.03246906722 -0.001417630091)
(2.29 0.03246906722 -0.00141763009)
(2.3 0.03246906722 -0.001417630091)
(2.31 0.03246906722 -0.001417630091)
(2.32 0.03246906722 -0.001417630091)
(2.33 0.03246906722 -0.001417630091)
(2.34 0.03246906722 -0.001417630091)
(2.35 0.03246906722 -0.001417630091)
(2.36 0.03246906722 -0.00141763009)
(2.37 0.03246906722 -0.001417630091)
(2.38 0.03246906722 -0.001417630091)
(2.39 0.03246906722 -0.001417630091)
(2.4 0.03246906722 -0.001417630091)
(2.41 0.03246906722 -0.001417630091)
(2.42 0.03246906722 -0.001417630091)
(2.43 0.03246906722 -0.001417630091)
(2.44 0.03246906722 -0.001417630091)
(2.45 0.03246906722 -0.001417630091)
(2.46 0.03246906722 -0.001417630091)
(2.47 0.03246906722 -0.001417630091)
(2.48 0.03246906722 -0.001417630091)
(2.49 0.03246906722 -0.001417630091)
(2.5 0.03246906722 -0.001417630091)
(2.51 0.03246906722 -0.001417630091)
(2.52 0.03246906722 -0.001417630091)
(2.53 0.03246906722 -0.001417630091)
(2.54 0.03246906722 -0.001417630091)
(2.55 0.03246906722 -0.001417630091)
(2.56 0.03246906722 -0.001417630091)
(2.57 0.03246906722 -0.001417630091)
(2.58 0.03246906722 -0.001417630091)
(2.59 0.03246906722 -0.001417630091)
(2.6 0.03246906722 -0.001417630091)
(2.61 0.03246906722 -0.001417630091)
(2.62 0.03246906722 -0.001417630091)
(2.63 0.03246906722 -0.001417630091)
(2.64 0.03246906722 -0.001417630091)
(2.65 0.03246906722 -0.001417630091)
(2.66 0.03246906722 -0.001417630091)
(2.67 0.03246906722 -0.001417630091)
(2.68 0.03246906722 -0.001417630091)
(2.69 0.03246906722 -0.001417630091)
(2.7 0.03246906722 -0.001417630091)
(2.71 0.03246906722 -0.001417630091)
(2.72 0.03246906722 -0.001417630091)
(2.73 0.03246906722 -0.001417630091)
(2.74 0.03246906722 -0.001417630091)
(2.75 0.03246906722 -0.001417630091)
(2.76 0.03246906722 -0.001417630091)
(2.77 0.03246906722 -0.001417630091)
(2.78 0.03246906722 -0.001417630091)
(2.79 0.03246906722 -0.001417630091)
(2.8 0.03246906722 -0.001417630091)
(2.81 0.03246906722 -0.001417630091)
(2.82 0.03246906722 -0.001417630091)
(2.83 0.03246906722 -0.001417630091)
(2.84 0.03246906722 -0.001417630091)
(2.85 0.03246906722 -0.00141763009)
(2.86 0.03246906722 -0.001417630091)
(2.87 0.03246906722 -0.001417630091)
(2.88 0.03246906722 -0.001417630091)
(2.89 0.03246906722 -0.001417630091)
(2.9 0.03246906722 -0.001417630091)
(2.91 0.03246906722 -0.001417630091)
(2.92 0.03246906722 -0.001417630091)
(2.93 0.03246906722 -0.001417630091)
(2.94 0.03246906722 -0.001417630091)
(2.95 0.03246906722 -0.001417630091)
(2.96 0.03246906722 -0.001417630091)
(2.97 0.03246906722 -0.001417630091)
(2.98 0.03246906722 -0.001417630091)
(2.99 0.03246906722 -0.001417630091)
(3 0.03246906722 -0.001417630091)
(0 0.03496668777 -0.001526678559)
(0.01 0.03496668777 -0.001526678559)
(0.02 0.03496668777 -0.001526678559)
(0.03 0.03496668777 -0.001526678559)
(0.04 0.03496668777 -0.001526678559)
(0.05 0.03496668777 -0.001526678559)
(0.06 0.03496668777 -0.001526678559)
(0.07 0.03496668777 -0.001526678559)
(0.08 0.03496668777 -0.001526678559)
(0.09 0.03496668777 -0.001526678559)
(0.1 0.03496668777 -0.001526678559)
(0.11 0.03496668777 -0.001526678559)
(0.12 0.03496668777 -0.001526678559)
(0.13 0.03496668777 -0.001526678559)
(0.14 0.03496668777 -0.001526678559)
(0.15 0.03496668777 -0.001526678559)
(0.16 0.03496668777 -0.001526678559)
(0.17 0.03496668777 -0.001526678559)
(0.18 0.03496668777 -0.001526678559)
(0.19 0.03496668777 -0.001526678559)
(0.2 0.03496668777 -0.001526678559)
(0.21 0.03496668777 -0.001526678559)
(0.22 0.03496668777 -0.001526678559)
(0.23 0.03496668777 -0.001526678559)
(0.24 0.03496668777 -0.001526678559)
(0.25 0.03496668777 -0.001526678559)
(0.26 0.03496668777 -0.001526678559)
(0.27 0.03496668777 -0.001526678559)
(0.28 0.03496668777 -0.001526678559)
(0.29 0.03496668777 -0.001526678559)
(0.3 0.03496668777 -0.001526678559)
(0.31 0.03496668777 -0.001526678559)
(0.32 0.03496668777 -0.001526678559)
(0.33 0.03496668777 -0.001526678559)
(0.34 0.03496668777 -0.001526678559)
(0.35 0.03496668777 -0.001526678559)
(0.36 0.03496668777 -0.001526678559)
(0.37 0.03496668777 -0.001526678559)
(0.38 0.03496668777 -0.001526678559)
(0.39 0.03496668777 -0.001526678559)
(0.4 0.03496668777 -0.001526678559)
(0.41 0.03496668777 -0.001526678559)
(0.42 0.03496668777 -0.001526678559)
(0.43 0.03496668777 -0.001526678559)
(0.44 0.03496668777 -0.001526678559)
(0.45 0.03496668777 -0.001526678559)
(0.46 0.03496668777 -0.001526678559)
(0.47 0.03496668777 -0.001526678559)
(0.48 0.03496668777 -0.001526678559)
(0.49 0.03496668777 -0.001526678559)
(0.5 0.03496668777 -0.001526678559)
(0.51 0.03496668777 -0.001526678559)
(0.52 0.03496668777 -0.001526678559)
(0.53 0.03496668777 -0.001526678559)
(0.54 0.03496668777 -0.001526678559)
(0.55 0.03496668777 -0.001526678559)
(0.56 0.03496668777 -0.001526678559)
(0.57 0.03496668777 -0.001526678559)
(0.58 0.03496668777 -0.001526678559)
(0.59 0.03496668777 -0.001526678559)
(0.6 0.03496668777 -0.001526678559)
(0.61 0.03496668777 -0.001526678559)
(0.62 0.03496668777 -0.001526678559)
(0.63 0.03496668777 -0.001526678559)
(0.64 0.03496668777 -0.001526678559)
(0.65 0.03496668777 -0.001526678559)
(0.66 0.03496668777 -0.001526678559)
(0.67 0.03496668777 -0.001526678559)
(0.68 0.03496668777 -0.001526678559)
(0.69 0.03496668777 -0.001526678559)
(0.7 0.03496668777 -0.001526678559)
(0.71 0.03496668777 -0.001526678559)
(0.72 0.03496668777 -0.001526678559)
(0.73 0.03496668777 -0.001526678559)
(0.74 0.03496668777 -0.001526678559)
(0.75 0.03496668777 -0.001526678559)
(0.76 0.03496668777 -0.001526678559)
(0.77 0.03496668777 -0.001526678559)
(0.78 0.03496668777 -0.001526678559)
(0.79 0.03496668777 -0.001526678559)
(0.8 0.03496668777 -0.001526678559)
(0.81 0.03496668777 -0.001526678559)
(0.82 0.03496668777 -0.001526678559)
(0.83 0.03496668777 -0.001526678559)
(0.84 0.03496668777 -0.001526678559)
(0.85 0.03496668777 -0.001526678559)
(0.86 0.03496668777 -0.001526678559)
(0.87 0.03496668777 -0.001526678559)
(0.88 0.03496668777 -0.001526678559)
(0.89 0.03496668777 -0.001526678559)
(0.9 0.03496668777 -0.001526678559)
(0.91 0.03496668777 -0.001526678559)
(0.92 0.03496668777 -0.001526678559)
(0.93 0.03496668777 -0.001526678559)
(0.94 0.03496668777 -0.001526678559)
(0.95 0.03496668777 -0.001526678559)
(0.96 0.03496668777 -0.001526678559)
(0.97 0.03496668777 -0.001526678559)
(0.98 0.03496668777 -0.001526678559)
(0.99 0.03496668777 -0.001526678559)
(1 0.03496668777 -0.001526678559)
(1.01 0.03496668777 -0.001526678559)
(1.02 0.03496668777 -0.001526678559)
(1.03 0.03496668777 -0.001526678559)
(1.04 0.03496668777 -0.001526678559)
(1.05 0.03496668777 -0.001526678559)
(1.06 0.03496668777 -0.001526678559)
(1.07 0.03496668777 -0.001526678559)
(1.08 0.03496668777 -0.001526678559)
(1.09 0.03496668777 -0.001526678559)
(1.1 0.03496668777 -0.001526678559)
(1.11 0.03496668777 -0.001526678559)
(1.12 0.03496668777 -0.001526678559)
(1.13 0.03496668777 -0.001526678559)
(1.14 0.03496668777 -0.001526678559)
(1.15 0.03496668777 -0.001526678559)
(1.16 0.03496668777 -0.001526678559)
(1.17 0.03496668777 -0.001526678559)
(1.18 0.03496668777 -0.001526678559)
(1.19 0.03496668777 -0.001526678559)
(1.2 0.03496668777 -0.001526678559)
(1.21 0.03496668777 -0.001526678559)
(1.22 0.03496668777 -0.001526678559)
(1.23 0.03496668777 -0.001526678559)
(1.24 0.03496668777 -0.001526678559)
(1.25 0.03496668777 -0.001526678559)
(1.26 0.03496668777 -0.001526678559)
(1.27 0.03496668777 -0.001526678559)
(1.28 0.03496668777 -0.001526678559)
(1.29 0.03496668777 -0.001526678559)
(1.3 0.03496668777 -0.001526678559)
(1.31 0.03496668777 -0.001526678559)
(1.32 0.03496668777 -0.001526678559)
(1.33 0.03496668777 -0.001526678559)
(1.34 0.03496668777 -0.001526678559)
(1.35 0.03496668777 -0.001526678559)
(1.36 0.03496668777 -0.001526678559)
(1.37 0.03496668777 -0.001526678559)
(1.38 0.03496668777 -0.001526678559)
(1.39 0.03496668777 -0.001526678559)
(1.4 0.03496668777 -0.001526678559)
(1.41 0.03496668777 -0.001526678559)
(1.42 0.03496668777 -0.001526678559)
(1.43 0.03496668777 -0.001526678559)
(1.44 0.03496668777 -0.001526678559)
(1.45 0.03496668777 -0.001526678559)
(1.46 0.03496668777 -0.001526678559)
(1.47 0.03496668777 -0.001526678559)
(1.48 0.03496668777 -0.001526678559)
(1.49 0.03496668777 -0.001526678559)
(1.5 0.03496668777 -0.001526678559)
(1.51 0.03496668777 -0.001526678559)
(1.52 0.03496668777 -0.001526678559)
(1.53 0.03496668777 -0.001526678559)
(1.54 0.03496668777 -0.001526678559)
(1.55 0.03496668777 -0.001526678559)
(1.56 0.03496668777 -0.001526678559)
(1.57 0.03496668777 -0.001526678559)
(1.58 0.03496668777 -0.001526678559)
(1.59 0.03496668777 -0.001526678559)
(1.6 0.03496668777 -0.001526678559)
(1.61 0.03496668777 -0.001526678559)
(1.62 0.03496668777 -0.001526678559)
(1.63 0.03496668777 -0.001526678559)
(1.64 0.03496668777 -0.001526678559)
(1.65 0.03496668777 -0.001526678559)
(1.66 0.03496668777 -0.001526678559)
(1.67 0.03496668777 -0.001526678559)
(1.68 0.03496668777 -0.001526678559)
(1.69 0.03496668777 -0.001526678559)
(1.7 0.03496668777 -0.001526678559)
(1.71 0.03496668777 -0.001526678559)
(1.72 0.03496668777 -0.001526678559)
(1.73 0.03496668777 -0.001526678559)
(1.74 0.03496668777 -0.001526678559)
(1.75 0.03496668777 -0.001526678559)
(1.76 0.03496668777 -0.001526678559)
(1.77 0.03496668777 -0.001526678559)
(1.78 0.03496668777 -0.001526678559)
(1.79 0.03496668777 -0.001526678559)
(1.8 0.03496668777 -0.001526678559)
(1.81 0.03496668777 -0.001526678559)
(1.82 0.03496668777 -0.001526678559)
(1.83 0.03496668777 -0.001526678559)
(1.84 0.03496668777 -0.001526678559)
(1.85 0.03496668777 -0.001526678559)
(1.86 0.03496668777 -0.001526678559)
(1.87 0.03496668777 -0.001526678559)
(1.88 0.03496668777 -0.001526678559)
(1.89 0.03496668777 -0.001526678559)
(1.9 0.03496668777 -0.001526678559)
(1.91 0.03496668777 -0.001526678559)
(1.92 0.03496668777 -0.001526678559)
(1.93 0.03496668777 -0.001526678559)
(1.94 0.03496668777 -0.001526678559)
(1.95 0.03496668777 -0.001526678559)
(1.96 0.03496668777 -0.001526678559)
(1.97 0.03496668777 -0.001526678559)
(1.98 0.03496668777 -0.001526678559)
(1.99 0.03496668777 -0.001526678559)
(2 0.03496668777 -0.001526678559)
(2.01 0.03496668777 -0.001526678559)
(2.02 0.03496668777 -0.001526678559)
(2.03 0.03496668777 -0.001526678559)
(2.04 0.03496668777 -0.001526678559)
(2.05 0.03496668777 -0.001526678559)
(2.06 0.03496668777 -0.001526678559)
(2.07 0.03496668777 -0.001526678559)
(2.08 0.03496668777 -0.001526678559)
(2.09 0.03496668777 -0.001526678559)
(2.1 0.03496668777 -0.001526678559)
(2.11 0.03496668777 -0.001526678559)
(2.12 0.03496668777 -0.001526678559)
(2.13 0.03496668777 -0.001526678559)
(2.14 0.03496668777 -0.001526678559)
(2.15 0.03496668777 -0.001526678559)
(2.16 0.03496668777 -0.001526678559)
(2.17 0.03496668777 -0.001526678559)
(2.18 0.03496668777 -0.001526678559)
(2.19 0.03496668777 -0.001526678559)
(2.2 0.03496668777 -0.001526678559)
(2.21 0.03496668777 -0.001526678559)
(2.22 0.03496668777 -0.001526678559)
(2.23 0.03496668777 -0.001526678559)
(2.24 0.03496668777 -0.001526678559)
(2.25 0.03496668777 -0.001526678559)
(2.26 0.03496668777 -0.001526678559)
(2.27 0.03496668777 -0.001526678559)
(2.28 0.03496668777 -0.001526678559)
(2.29 0.03496668777 -0.001526678559)
(2.3 0.03496668777 -0.001526678559)
(2.31 0.03496668777 -0.001526678559)
(2.32 0.03496668777 -0.001526678559)
(2.33 0.03496668777 -0.001526678559)
(2.34 0.03496668777 -0.001526678559)
(2.35 0.03496668777 -0.001526678559)
(2.36 0.03496668777 -0.001526678559)
(2.37 0.03496668777 -0.001526678559)
(2.38 0.03496668777 -0.001526678559)
(2.39 0.03496668777 -0.001526678559)
(2.4 0.03496668777 -0.001526678559)
(2.41 0.03496668777 -0.001526678559)
(2.42 0.03496668777 -0.001526678559)
(2.43 0.03496668777 -0.001526678559)
(2.44 0.03496668777 -0.001526678559)
(2.45 0.03496668777 -0.001526678559)
(2.46 0.03496668777 -0.001526678559)
(2.47 0.03496668777 -0.001526678559)
(2.48 0.03496668777 -0.001526678559)
(2.49 0.03496668777 -0.001526678559)
(2.5 0.03496668777 -0.001526678559)
(2.51 0.03496668777 -0.001526678559)
(2.52 0.03496668777 -0.001526678559)
(2.53 0.03496668777 -0.001526678559)
(2.54 0.03496668777 -0.001526678559)
(2.55 0.03496668777 -0.001526678559)
(2.56 0.03496668777 -0.001526678559)
(2.57 0.03496668777 -0.001526678559)
(2.58 0.03496668777 -0.001526678559)
(2.59 0.03496668777 -0.001526678559)
(2.6 0.03496668777 -0.001526678559)
(2.61 0.03496668777 -0.001526678559)
(2.62 0.03496668777 -0.001526678559)
(2.63 0.03496668777 -0.001526678559)
(2.64 0.03496668777 -0.001526678559)
(2.65 0.03496668777 -0.001526678559)
(2.66 0.03496668777 -0.001526678559)
(2.67 0.03496668777 -0.001526678559)
(2.68 0.03496668777 -0.001526678559)
(2.69 0.03496668777 -0.001526678559)
(2.7 0.03496668777 -0.001526678559)
(2.71 0.03496668777 -0.001526678559)
(2.72 0.03496668777 -0.001526678559)
(2.73 0.03496668777 -0.001526678559)
(2.74 0.03496668777 -0.001526678559)
(2.75 0.03496668777 -0.001526678559)
(2.76 0.03496668777 -0.001526678559)
(2.77 0.03496668777 -0.001526678559)
(2.78 0.03496668777 -0.001526678559)
(2.79 0.03496668777 -0.001526678559)
(2.8 0.03496668777 -0.001526678559)
(2.81 0.03496668777 -0.001526678559)
(2.82 0.03496668777 -0.001526678559)
(2.83 0.03496668777 -0.001526678559)
(2.84 0.03496668777 -0.001526678559)
(2.85 0.03496668777 -0.001526678559)
(2.86 0.03496668777 -0.001526678559)
(2.87 0.03496668777 -0.001526678559)
(2.88 0.03496668777 -0.001526678559)
(2.89 0.03496668777 -0.001526678559)
(2.9 0.03496668777 -0.001526678559)
(2.91 0.03496668777 -0.001526678559)
(2.92 0.03496668777 -0.001526678559)
(2.93 0.03496668777 -0.001526678559)
(2.94 0.03496668777 -0.001526678559)
(2.95 0.03496668777 -0.001526678559)
(2.96 0.03496668777 -0.001526678559)
(2.97 0.03496668777 -0.001526678559)
(2.98 0.03496668777 -0.001526678559)
(2.99 0.03496668777 -0.001526678559)
(3 0.03496668777 -0.001526678559)
(0 0.03746430833 -0.001635727027)
(0.01 0.03746430833 -0.001635727027)
(0.02 0.03746430832 -0.001635727027)
(0.03 0.03746430833 -0.001635727027)
(0.04 0.03746430833 -0.001635727027)
(0.05 0.03746430833 -0.001635727027)
(0.06 0.03746430833 -0.001635727027)
(0.07 0.03746430833 -0.001635727027)
(0.08 0.03746430833 -0.001635727027)
(0.09 0.03746430833 -0.001635727027)
(0.1 0.03746430833 -0.001635727027)
(0.11 0.03746430833 -0.001635727027)
(0.12 0.03746430833 -0.001635727027)
(0.13 0.03746430832 -0.001635727027)
(0.14 0.03746430833 -0.001635727027)
(0.15 0.03746430833 -0.001635727027)
(0.16 0.03746430832 -0.001635727027)
(0.17 0.03746430833 -0.001635727027)
(0.18 0.03746430833 -0.001635727027)
(0.19 0.03746430833 -0.001635727027)
(0.2 0.03746430833 -0.001635727027)
(0.21 0.03746430833 -0.001635727027)
(0.22 0.03746430833 -0.001635727027)
(0.23 0.03746430833 -0.001635727027)
(0.24 0.03746430833 -0.001635727027)
(0.25 0.03746430833 -0.001635727027)
(0.26 0.03746430833 -0.001635727027)
(0.27 0.03746430833 -0.001635727027)
(0.28 0.03746430833 -0.001635727027)
(0.29 0.03746430833 -0.001635727027)
(0.3 0.03746430832 -0.001635727027)
(0.31 0.03746430833 -0.001635727027)
(0.32 0.03746430833 -0.001635727027)
(0.33 0.03746430833 -0.001635727027)
(0.34 0.03746430833 -0.001635727027)
(0.35 0.03746430833 -0.001635727027)
(0.36 0.03746430833 -0.001635727027)
(0.37 0.03746430833 -0.001635727027)
(0.38 0.03746430833 -0.001635727027)
(0.39 0.03746430833 -0.001635727027)
(0.4 0.03746430833 -0.001635727027)
(0.41 0.03746430832 -0.001635727027)
(0.42 0.03746430833 -0.001635727027)
(0.43 0.03746430833 -0.001635727027)
(0.44 0.03746430832 -0.001635727027)
(0.45 0.03746430833 -0.001635727027)
(0.46 0.03746430833 -0.001635727027)
(0.47 0.03746430833 -0.001635727027)
(0.48 0.03746430833 -0.001635727027)
(0.49 0.03746430833 -0.001635727027)
(0.5 0.03746430833 -0.001635727027)
(0.51 0.03746430833 -0.001635727027)
(0.52 0.03746430833 -0.001635727027)
(0.53 0.03746430833 -0.001635727028)
(0.54 0.03746430833 -0.001635727027)
(0.55 0.03746430833 -0.001635727027)
(0.56 0.03746430833 -0.001635727027)
(0.57 0.03746430833 -0.001635727027)
(0.58 0.03746430832 -0.001635727027)
(0.59 0.03746430833 -0.001635727027)
(0.6 0.03746430833 -0.001635727027)
(0.61 0.03746430833 -0.001635727027)
(0.62 0.03746430833 -0.001635727027)
(0.63 0.03746430833 -0.001635727027)
(0.64 0.03746430833 -0.001635727027)
(0.65 0.03746430833 -0.001635727027)
(0.66 0.03746430833 -0.001635727027)
(0.67 0.03746430833 -0.001635727027)
(0.68 0.03746430833 -0.001635727027)
(0.69 0.03746430833 -0.001635727027)
(0.7 0.03746430833 -0.001635727027)
(0.71 0.03746430833 -0.001635727027)
(0.72 0.03746430833 -0.001635727027)
(0.73 0.03746430833 -0.001635727027)
(0.74 0.03746430833 -0.001635727027)
(0.75 0.03746430833 -0.001635727027)
(0.76 0.03746430833 -0.001635727027)
(0.77 0.03746430833 -0.001635727027)
(0.78 0.03746430833 -0.001635727027)
(0.79 0.03746430833 -0.001635727027)
(0.8 0.03746430833 -0.001635727027)
(0.81 0.03746430833 -0.001635727027)
(0.82 0.03746430833 -0.001635727027)
(0.83 0.03746430833 -0.001635727027)
(0.84 0.03746430833 -0.001635727027)
(0.85 0.03746430833 -0.001635727027)
(0.86 0.03746430833 -0.001635727027)
(0.87 0.03746430833 -0.001635727027)
(0.88 0.03746430833 -0.001635727027)
(0.89 0.03746430833 -0.001635727027)
(0.9 0.03746430833 -0.001635727027)
(0.91 0.03746430833 -0.001635727027)
(0.92 0.03746430833 -0.001635727027)
(0.93 0.03746430833 -0.001635727027)
(0.94 0.03746430833 -0.001635727027)
(0.95 0.03746430833 -0.001635727027)
(0.96 0.03746430833 -0.001635727027)
(0.97 0.03746430833 -0.001635727027)
(0.98 0.03746430833 -0.001635727027)
(0.99 0.03746430833 -0.001635727027)
(1 0.03746430833 -0.001635727027)
(1.01 0.03746430833 -0.001635727027)
(1.02 0.03746430833 -0.001635727027)
(1.03 0.03746430833 -0.001635727027)
(1.04 0.03746430833 -0.001635727027)
(1.05 0.03746430833 -0.001635727027)
(1.06 0.03746430833 -0.001635727027)
(1.07 0.03746430833 -0.001635727027)
(1.08 0.03746430833 -0.001635727027)
(1.09 0.03746430833 -0.001635727027)
(1.1 0.03746430833 -0.001635727027)
(1.11 0.03746430833 -0.001635727027)
(1.12 0.03746430833 -0.001635727027)
(1.13 0.03746430832 -0.001635727027)
(1.14 0.03746430833 -0.001635727027)
(1.15 0.03746430833 -0.001635727027)
(1.16 0.03746430833 -0.001635727027)
(1.17 0.03746430833 -0.001635727027)
(1.18 0.03746430833 -0.001635727027)
(1.19 0.03746430833 -0.001635727027)
(1.2 0.03746430833 -0.001635727027)
(1.21 0.03746430833 -0.001635727027)
(1.22 0.03746430833 -0.001635727027)
(1.23 0.03746430833 -0.001635727027)
(1.24 0.03746430833 -0.001635727027)
(1.25 0.03746430833 -0.001635727027)
(1.26 0.03746430833 -0.001635727028)
(1.27 0.03746430833 -0.001635727027)
(1.28 0.03746430833 -0.001635727027)
(1.29 0.03746430833 -0.001635727027)
(1.3 0.03746430833 -0.001635727027)
(1.31 0.03746430833 -0.001635727027)
(1.32 0.03746430833 -0.001635727027)
(1.33 0.03746430833 -0.001635727027)
(1.34 0.03746430833 -0.001635727028)
(1.35 0.03746430833 -0.001635727027)
(1.36 0.03746430833 -0.001635727027)
(1.37 0.03746430833 -0.001635727027)
(1.38 0.03746430833 -0.001635727027)
(1.39 0.03746430833 -0.001635727027)
(1.4 0.03746430833 -0.001635727027)
(1.41 0.03746430833 -0.001635727027)
(1.42 0.03746430833 -0.001635727027)
(1.43 0.03746430833 -0.001635727027)
(1.44 0.03746430833 -0.001635727027)
(1.45 0.03746430833 -0.001635727027)
(1.46 0.03746430833 -0.001635727027)
(1.47 0.03746430833 -0.001635727027)
(1.48 0.03746430833 -0.001635727027)
(1.49 0.03746430833 -0.001635727027)
(1.5 0.03746430833 -0.001635727027)
(1.51 0.03746430833 -0.001635727027)
(1.52 0.03746430833 -0.001635727027)
(1.53 0.03746430833 -0.001635727027)
(1.54 0.03746430833 -0.001635727027)
(1.55 0.03746430833 -0.001635727027)
(1.56 0.03746430833 -0.001635727027)
(1.57 0.03746430833 -0.001635727027)
(1.58 0.03746430833 -0.001635727027)
(1.59 0.03746430833 -0.001635727027)
(1.6 0.03746430833 -0.001635727027)
(1.61 0.03746430833 -0.001635727027)
(1.62 0.03746430833 -0.001635727027)
(1.63 0.03746430833 -0.001635727027)
(1.64 0.03746430833 -0.001635727027)
(1.65 0.03746430833 -0.001635727027)
(1.66 0.03746430833 -0.001635727027)
(1.67 0.03746430833 -0.001635727027)
(1.68 0.03746430833 -0.001635727027)
(1.69 0.03746430833 -0.001635727027)
(1.7 0.03746430833 -0.001635727027)
(1.71 0.03746430833 -0.001635727027)
(1.72 0.03746430833 -0.001635727027)
(1.73 0.03746430833 -0.001635727027)
(1.74 0.03746430833 -0.001635727027)
(1.75 0.03746430833 -0.001635727027)
(1.76 0.03746430833 -0.001635727027)
(1.77 0.03746430833 -0.001635727027)
(1.78 0.03746430833 -0.001635727027)
(1.79 0.03746430833 -0.001635727027)
(1.8 0.03746430833 -0.001635727027)
(1.81 0.03746430833 -0.001635727027)
(1.82 0.03746430833 -0.001635727027)
(1.83 0.03746430833 -0.001635727027)
(1.84 0.03746430833 -0.001635727027)
(1.85 0.03746430833 -0.001635727027)
(1.86 0.03746430833 -0.001635727027)
(1.87 0.03746430833 -0.001635727027)
(1.88 0.03746430833 -0.001635727027)
(1.89 0.03746430833 -0.001635727027)
(1.9 0.03746430833 -0.001635727027)
(1.91 0.03746430833 -0.001635727027)
(1.92 0.03746430833 -0.001635727027)
(1.93 0.03746430833 -0.001635727027)
(1.94 0.03746430833 -0.001635727027)
(1.95 0.03746430833 -0.001635727027)
(1.96 0.03746430833 -0.001635727027)
(1.97 0.03746430833 -0.001635727027)
(1.98 0.03746430833 -0.001635727027)
(1.99 0.03746430833 -0.001635727027)
(2 0.03746430833 -0.001635727027)
(2.01 0.03746430833 -0.001635727027)
(2.02 0.03746430833 -0.001635727027)
(2.03 0.03746430833 -0.001635727027)
(2.04 0.03746430833 -0.001635727027)
(2.05 0.03746430833 -0.001635727027)
(2.06 0.03746430833 -0.001635727027)
(2.07 0.03746430833 -0.001635727027)
(2.08 0.03746430833 -0.001635727027)
(2.09 0.03746430833 -0.001635727027)
(2.1 0.03746430833 -0.001635727027)
(2.11 0.03746430833 -0.001635727027)
(2.12 0.03746430833 -0.001635727027)
(2.13 0.03746430833 -0.001635727027)
(2.14 0.03746430833 -0.001635727027)
(2.15 0.03746430833 -0.001635727027)
(2.16 0.03746430833 -0.001635727027)
(2.17 0.03746430833 -0.001635727027)
(2.18 0.03746430833 -0.001635727028)
(2.19 0.03746430833 -0.001635727027)
(2.2 0.03746430833 -0.001635727027)
(2.21 0.03746430833 -0.001635727027)
(2.22 0.03746430833 -0.001635727027)
(2.23 0.03746430833 -0.001635727027)
(2.24 0.03746430833 -0.001635727027)
(2.25 0.03746430833 -0.001635727027)
(2.26 0.03746430833 -0.001635727027)
(2.27 0.03746430833 -0.001635727027)
(2.28 0.03746430833 -0.001635727027)
(2.29 0.03746430833 -0.001635727027)
(2.3 0.03746430833 -0.001635727027)
(2.31 0.03746430833 -0.001635727028)
(2.32 0.03746430833 -0.001635727027)
(2.33 0.03746430833 -0.001635727027)
(2.34 0.03746430833 -0.001635727027)
(2.35 0.03746430833 -0.001635727027)
(2.36 0.03746430833 -0.001635727028)
(2.37 0.03746430833 -0.001635727027)
(2.38 0.03746430833 -0.001635727027)
(2.39 0.03746430833 -0.001635727027)
(2.4 0.03746430833 -0.001635727027)
(2.41 0.03746430833 -0.001635727027)
(2.42 0.03746430833 -0.001635727027)
(2.43 0.03746430833 -0.001635727027)
(2.44 0.03746430833 -0.001635727027)
(2.45 0.03746430833 -0.001635727027)
(2.46 0.03746430833 -0.001635727027)
(2.47 0.03746430833 -0.001635727027)
(2.48 0.03746430833 -0.001635727027)
(2.49 0.03746430833 -0.001635727027)
(2.5 0.03746430833 -0.001635727027)
(2.51 0.03746430833 -0.001635727027)
(2.52 0.03746430833 -0.001635727027)
(2.53 0.03746430833 -0.001635727027)
(2.54 0.03746430833 -0.001635727027)
(2.55 0.03746430833 -0.001635727027)
(2.56 0.03746430833 -0.001635727027)
(2.57 0.03746430833 -0.001635727027)
(2.58 0.03746430833 -0.001635727027)
(2.59 0.03746430832 -0.001635727027)
(2.6 0.03746430833 -0.001635727027)
(2.61 0.03746430833 -0.001635727027)
(2.62 0.03746430833 -0.001635727027)
(2.63 0.03746430833 -0.001635727027)
(2.64 0.03746430833 -0.001635727027)
(2.65 0.03746430833 -0.001635727027)
(2.66 0.03746430833 -0.001635727027)
(2.67 0.03746430833 -0.001635727027)
(2.68 0.03746430833 -0.001635727027)
(2.69 0.03746430833 -0.001635727027)
(2.7 0.03746430833 -0.001635727027)
(2.71 0.03746430833 -0.001635727027)
(2.72 0.03746430833 -0.001635727027)
(2.73 0.03746430833 -0.001635727028)
(2.74 0.03746430833 -0.001635727027)
(2.75 0.03746430833 -0.001635727027)
(2.76 0.03746430833 -0.001635727027)
(2.77 0.03746430833 -0.001635727027)
(2.78 0.03746430833 -0.001635727027)
(2.79 0.03746430833 -0.001635727027)
(2.8 0.03746430833 -0.001635727027)
(2.81 0.03746430833 -0.001635727027)
(2.82 0.03746430833 -0.001635727027)
(2.83 0.03746430833 -0.001635727027)
(2.84 0.03746430832 -0.001635727027)
(2.85 0.03746430833 -0.001635727027)
(2.86 0.03746430833 -0.001635727027)
(2.87 0.03746430833 -0.001635727027)
(2.88 0.03746430833 -0.001635727027)
(2.89 0.03746430833 -0.001635727027)
(2.9 0.03746430833 -0.001635727027)
(2.91 0.03746430833 -0.001635727027)
(2.92 0.03746430833 -0.001635727027)
(2.93 0.03746430833 -0.001635727027)
(2.94 0.03746430833 -0.001635727027)
(2.95 0.03746430833 -0.001635727027)
(2.96 0.03746430833 -0.001635727027)
(2.97 0.03746430833 -0.001635727027)
(2.98 0.03746430833 -0.001635727027)
(2.99 0.03746430833 -0.001635727027)
(3 0.03746430833 -0.001635727027)
(0 0.03996192888 -0.001744775496)
(0.01 0.03996192888 -0.001744775496)
(0.02 0.03996192888 -0.001744775496)
(0.03 0.03996192888 -0.001744775496)
(0.04 0.03996192888 -0.001744775496)
(0.05 0.03996192888 -0.001744775496)
(0.06 0.03996192888 -0.001744775496)
(0.07 0.03996192888 -0.001744775496)
(0.08 0.03996192888 -0.001744775496)
(0.09 0.03996192888 -0.001744775496)
(0.1 0.03996192888 -0.001744775496)
(0.11 0.03996192888 -0.001744775496)
(0.12 0.03996192888 -0.001744775496)
(0.13 0.03996192888 -0.001744775496)
(0.14 0.03996192888 -0.001744775496)
(0.15 0.03996192888 -0.001744775496)
(0.16 0.03996192888 -0.001744775496)
(0.17 0.03996192888 -0.001744775496)
(0.18 0.03996192888 -0.001744775496)
(0.19 0.03996192888 -0.001744775496)
(0.2 0.03996192888 -0.001744775496)
(0.21 0.03996192888 -0.001744775496)
(0.22 0.03996192888 -0.001744775496)
(0.23 0.03996192888 -0.001744775496)
(0.24 0.03996192888 -0.001744775496)
(0.25 0.03996192888 -0.001744775496)
(0.26 0.03996192888 -0.001744775496)
(0.27 0.03996192888 -0.001744775496)
(0.28 0.03996192888 -0.001744775496)
(0.29 0.03996192888 -0.001744775496)
(0.3 0.03996192888 -0.001744775496)
(0.31 0.03996192888 -0.001744775496)
(0.32 0.03996192888 -0.001744775496)
(0.33 0.03996192888 -0.001744775496)
(0.34 0.03996192888 -0.001744775496)
(0.35 0.03996192888 -0.001744775496)
(0.36 0.03996192888 -0.001744775496)
(0.37 0.03996192888 -0.001744775496)
(0.38 0.03996192888 -0.001744775496)
(0.39 0.03996192888 -0.001744775496)
(0.4 0.03996192888 -0.001744775496)
(0.41 0.03996192888 -0.001744775496)
(0.42 0.03996192888 -0.001744775496)
(0.43 0.03996192888 -0.001744775496)
(0.44 0.03996192888 -0.001744775496)
(0.45 0.03996192888 -0.001744775496)
(0.46 0.03996192888 -0.001744775496)
(0.47 0.03996192888 -0.001744775496)
(0.48 0.03996192888 -0.001744775496)
(0.49 0.03996192888 -0.001744775496)
(0.5 0.03996192888 -0.001744775496)
(0.51 0.03996192888 -0.001744775496)
(0.52 0.03996192888 -0.001744775496)
(0.53 0.03996192888 -0.001744775496)
(0.54 0.03996192888 -0.001744775496)
(0.55 0.03996192888 -0.001744775496)
(0.56 0.03996192888 -0.001744775496)
(0.57 0.03996192888 -0.001744775496)
(0.58 0.03996192888 -0.001744775496)
(0.59 0.03996192888 -0.001744775496)
(0.6 0.03996192888 -0.001744775496)
(0.61 0.03996192888 -0.001744775496)
(0.62 0.03996192888 -0.001744775496)
(0.63 0.03996192888 -0.001744775496)
(0.64 0.03996192888 -0.001744775496)
(0.65 0.03996192888 -0.001744775496)
(0.66 0.03996192888 -0.001744775496)
(0.67 0.03996192888 -0.001744775496)
(0.68 0.03996192888 -0.001744775496)
(0.69 0.03996192888 -0.001744775496)
(0.7 0.03996192888 -0.001744775496)
(0.71 0.03996192888 -0.001744775496)
(0.72 0.03996192888 -0.001744775496)
(0.73 0.03996192888 -0.001744775496)
(0.74 0.03996192888 -0.001744775496)
(0.75 0.03996192888 -0.001744775496)
(0.76 0.03996192888 -0.001744775496)
(0.77 0.03996192888 -0.001744775496)
(0.78 0.03996192888 -0.001744775496)
(0.79 0.03996192888 -0.001744775496)
(0.8 0.03996192888 -0.001744775496)
(0.81 0.03996192888 -0.001744775496)
(0.82 0.03996192888 -0.001744775496)
(0.83 0.03996192888 -0.001744775496)
(0.84 0.03996192888 -0.001744775496)
(0.85 0.03996192888 -0.001744775496)
(0.86 0.03996192888 -0.001744775496)
(0.87 0.03996192888 -0.001744775496)
(0.88 0.03996192888 -0.001744775496)
(0.89 0.03996192888 -0.001744775496)
(0.9 0.03996192888 -0.001744775496)
(0.91 0.03996192888 -0.001744775496)
(0.92 0.03996192888 -0.001744775496)
(0.93 0.03996192888 -0.001744775496)
(0.94 0.03996192888 -0.001744775496)
(0.95 0.03996192888 -0.001744775496)
(0.96 0.03996192888 -0.001744775496)
(0.97 0.03996192888 -0.001744775496)
(0.98 0.03996192888 -0.001744775496)
(0.99 0.03996192888 -0.001744775496)
(1 0.03996192888 -0.001744775496)
(1.01 0.03996192888 -0.001744775496)
(1.02 0.03996192888 -0.001744775496)
(1.03 0.03996192888 -0.001744775496)
(1.04 0.03996192888 -0.001744775496)
(1.05 0.03996192888 -0.001744775496)
(1.06 0.03996192888 -0.001744775496)
(1.07 0.03996192888 -0.001744775496)
(1.08 0.03996192888 -0.001744775496)
(1.09 0.03996192888 -0.001744775496)
(1.1 0.03996192888 -0.001744775496)
(1.11 0.03996192888 -0.001744775496)
(1.12 0.03996192888 -0.001744775496)
(1.13 0.03996192888 -0.001744775496)
(1.14 0.03996192888 -0.001744775496)
(1.15 0.03996192888 -0.001744775496)
(1.16 0.03996192888 -0.001744775496)
(1.17 0.03996192888 -0.001744775496)
(1.18 0.03996192888 -0.001744775496)
(1.19 0.03996192888 -0.001744775496)
(1.2 0.03996192888 -0.001744775496)
(1.21 0.03996192888 -0.001744775496)
(1.22 0.03996192888 -0.001744775496)
(1.23 0.03996192888 -0.001744775496)
(1.24 0.03996192888 -0.001744775496)
(1.25 0.03996192888 -0.001744775496)
(1.26 0.03996192888 -0.001744775496)
(1.27 0.03996192888 -0.001744775496)
(1.28 0.03996192888 -0.001744775496)
(1.29 0.03996192888 -0.001744775496)
(1.3 0.03996192888 -0.001744775496)
(1.31 0.03996192888 -0.001744775496)
(1.32 0.03996192888 -0.001744775496)
(1.33 0.03996192888 -0.001744775496)
(1.34 0.03996192888 -0.001744775496)
(1.35 0.03996192888 -0.001744775496)
(1.36 0.03996192888 -0.001744775496)
(1.37 0.03996192888 -0.001744775496)
(1.38 0.03996192888 -0.001744775496)
(1.39 0.03996192888 -0.001744775496)
(1.4 0.03996192888 -0.001744775496)
(1.41 0.03996192888 -0.001744775496)
(1.42 0.03996192888 -0.001744775496)
(1.43 0.03996192888 -0.001744775496)
(1.44 0.03996192888 -0.001744775496)
(1.45 0.03996192888 -0.001744775496)
(1.46 0.03996192888 -0.001744775496)
(1.47 0.03996192888 -0.001744775496)
(1.48 0.03996192888 -0.001744775496)
(1.49 0.03996192888 -0.001744775496)
(1.5 0.03996192888 -0.001744775496)
(1.51 0.03996192888 -0.001744775496)
(1.52 0.03996192888 -0.001744775496)
(1.53 0.03996192888 -0.001744775496)
(1.54 0.03996192888 -0.001744775496)
(1.55 0.03996192888 -0.001744775496)
(1.56 0.03996192888 -0.001744775496)
(1.57 0.03996192888 -0.001744775496)
(1.58 0.03996192888 -0.001744775496)
(1.59 0.03996192888 -0.001744775496)
(1.6 0.03996192888 -0.001744775496)
(1.61 0.03996192888 -0.001744775496)
(1.62 0.03996192888 -0.001744775496)
(1.63 0.03996192888 -0.001744775496)
(1.64 0.03996192888 -0.001744775496)
(1.65 0.03996192888 -0.001744775496)
(1.66 0.03996192888 -0.001744775496)
(1.67 0.03996192888 -0.001744775496)
(1.68 0.03996192888 -0.001744775496)
(1.69 0.03996192888 -0.001744775496)
(1.7 0.03996192888 -0.001744775496)
(1.71 0.03996192888 -0.001744775496)
(1.72 0.03996192888 -0.001744775496)
(1.73 0.03996192888 -0.001744775496)
(1.74 0.03996192888 -0.001744775496)
(1.75 0.03996192888 -0.001744775496)
(1.76 0.03996192888 -0.001744775496)
(1.77 0.03996192888 -0.001744775496)
(1.78 0.03996192888 -0.001744775496)
(1.79 0.03996192888 -0.001744775496)
(1.8 0.03996192888 -0.001744775496)
(1.81 0.03996192888 -0.001744775496)
(1.82 0.03996192888 -0.001744775496)
(1.83 0.03996192888 -0.001744775496)
(1.84 0.03996192888 -0.001744775496)
(1.85 0.03996192888 -0.001744775496)
(1.86 0.03996192888 -0.001744775496)
(1.87 0.03996192888 -0.001744775496)
(1.88 0.03996192888 -0.001744775496)
(1.89 0.03996192888 -0.001744775496)
(1.9 0.03996192888 -0.001744775496)
(1.91 0.03996192888 -0.001744775496)
(1.92 0.03996192888 -0.001744775496)
(1.93 0.03996192888 -0.001744775496)
(1.94 0.03996192888 -0.001744775496)
(1.95 0.03996192888 -0.001744775496)
(1.96 0.03996192888 -0.001744775496)
(1.97 0.03996192888 -0.001744775496)
(1.98 0.03996192888 -0.001744775496)
(1.99 0.03996192888 -0.001744775496)
(2 0.03996192888 -0.001744775496)
(2.01 0.03996192888 -0.001744775496)
(2.02 0.03996192888 -0.001744775496)
(2.03 0.03996192888 -0.001744775496)
(2.04 0.03996192888 -0.001744775496)
(2.05 0.03996192888 -0.001744775496)
(2.06 0.03996192888 -0.001744775496)
(2.07 0.03996192888 -0.001744775496)
(2.08 0.03996192888 -0.001744775496)
(2.09 0.03996192888 -0.001744775496)
(2.1 0.03996192888 -0.001744775496)
(2.11 0.03996192888 -0.001744775496)
(2.12 0.03996192888 -0.001744775496)
(2.13 0.03996192888 -0.001744775496)
(2.14 0.03996192888 -0.001744775496)
(2.15 0.03996192888 -0.001744775496)
(2.16 0.03996192888 -0.001744775496)
(2.17 0.03996192888 -0.001744775496)
(2.18 0.03996192888 -0.001744775496)
(2.19 0.03996192888 -0.001744775496)
(2.2 0.03996192888 -0.001744775496)
(2.21 0.03996192888 -0.001744775496)
(2.22 0.03996192888 -0.001744775496)
(2.23 0.03996192888 -0.001744775496)
(2.24 0.03996192888 -0.001744775496)
(2.25 0.03996192888 -0.001744775496)
(2.26 0.03996192888 -0.001744775496)
(2.27 0.03996192888 -0.001744775496)
(2.28 0.03996192888 -0.001744775496)
(2.29 0.03996192888 -0.001744775496)
(2.3 0.03996192888 -0.001744775496)
(2.31 0.03996192888 -0.001744775496)
(2.32 0.03996192888 -0.001744775496)
(2.33 0.03996192888 -0.001744775496)
(2.34 0.03996192888 -0.001744775496)
(2.35 0.03996192888 -0.001744775496)
(2.36 0.03996192888 -0.001744775496)
(2.37 0.03996192888 -0.001744775496)
(2.38 0.03996192888 -0.001744775496)
(2.39 0.03996192888 -0.001744775496)
(2.4 0.03996192888 -0.001744775496)
(2.41 0.03996192888 -0.001744775496)
(2.42 0.03996192888 -0.001744775496)
(2.43 0.03996192888 -0.001744775496)
(2.44 0.03996192888 -0.001744775496)
(2.45 0.03996192888 -0.001744775496)
(2.46 0.03996192888 -0.001744775496)
(2.47 0.03996192888 -0.001744775496)
(2.48 0.03996192888 -0.001744775496)
(2.49 0.03996192888 -0.001744775496)
(2.5 0.03996192888 -0.001744775496)
(2.51 0.03996192888 -0.001744775496)
(2.52 0.03996192888 -0.001744775496)
(2.53 0.03996192888 -0.001744775496)
(2.54 0.03996192888 -0.001744775496)
(2.55 0.03996192888 -0.001744775496)
(2.56 0.03996192888 -0.001744775496)
(2.57 0.03996192888 -0.001744775496)
(2.58 0.03996192888 -0.001744775496)
(2.59 0.03996192888 -0.001744775496)
(2.6 0.03996192888 -0.001744775496)
(2.61 0.03996192888 -0.001744775496)
(2.62 0.03996192888 -0.001744775496)
(2.63 0.03996192888 -0.001744775496)
(2.64 0.03996192888 -0.001744775496)
(2.65 0.03996192888 -0.001744775496)
(2.66 0.03996192888 -0.001744775496)
(2.67 0.03996192888 -0.001744775496)
(2.68 0.03996192888 -0.001744775496)
(2.69 0.03996192888 -0.001744775496)
(2.7 0.03996192888 -0.001744775496)
(2.71 0.03996192888 -0.001744775496)
(2.72 0.03996192888 -0.001744775496)
(2.73 0.03996192888 -0.001744775496)
(2.74 0.03996192888 -0.001744775496)
(2.75 0.03996192888 -0.001744775496)
(2.76 0.03996192888 -0.001744775496)
(2.77 0.03996192888 -0.001744775496)
(2.78 0.03996192888 -0.001744775496)
(2.79 0.03996192888 -0.001744775496)
(2.8 0.03996192888 -0.001744775496)
(2.81 0.03996192888 -0.001744775496)
(2.82 0.03996192888 -0.001744775496)
(2.83 0.03996192888 -0.001744775496)
(2.84 0.03996192888 -0.001744775496)
(2.85 0.03996192888 -0.001744775496)
(2.86 0.03996192888 -0.001744775496)
(2.87 0.03996192888 -0.001744775496)
(2.88 0.03996192888 -0.001744775496)
(2.89 0.03996192888 -0.001744775496)
(2.9 0.03996192888 -0.001744775496)
(2.91 0.03996192888 -0.001744775496)
(2.92 0.03996192888 -0.001744775496)
(2.93 0.03996192888 -0.001744775496)
(2.94 0.03996192888 -0.001744775496)
(2.95 0.03996192888 -0.001744775496)
(2.96 0.03996192888 -0.001744775496)
(2.97 0.03996192888 -0.001744775496)
(2.98 0.03996192888 -0.001744775496)
(2.99 0.03996192888 -0.001744775496)
(3 0.03996192888 -0.001744775496)
(0 0.04245954944 -0.001853823964)
(0.01 0.04245954944 -0.001853823964)
(0.02 0.04245954944 -0.001853823964)
(0.03 0.04245954944 -0.001853823964)
(0.04 0.04245954944 -0.001853823964)
(0.05 0.04245954944 -0.001853823964)
(0.06 0.04245954944 -0.001853823964)
(0.07 0.04245954944 -0.001853823964)
(0.08 0.04245954944 -0.001853823965)
(0.09 0.04245954944 -0.001853823964)
(0.1 0.04245954944 -0.001853823964)
(0.11 0.04245954944 -0.001853823964)
(0.12 0.04245954944 -0.001853823964)
(0.13 0.04245954944 -0.001853823964)
(0.14 0.04245954944 -0.001853823965)
(0.15 0.04245954943 -0.001853823964)
(0.16 0.04245954944 -0.001853823964)
(0.17 0.04245954944 -0.001853823964)
(0.18 0.04245954944 -0.001853823964)
(0.19 0.04245954943 -0.001853823964)
(0.2 0.04245954944 -0.001853823964)
(0.21 0.04245954944 -0.001853823964)
(0.22 0.04245954944 -0.001853823964)
(0.23 0.04245954943 -0.001853823964)
(0.24 0.04245954944 -0.001853823964)
(0.25 0.04245954944 -0.001853823964)
(0.26 0.04245954944 -0.001853823964)
(0.27 0.04245954944 -0.001853823964)
(0.28 0.04245954944 -0.001853823964)
(0.29 0.04245954944 -0.001853823964)
(0.3 0.04245954944 -0.001853823964)
(0.31 0.04245954944 -0.001853823964)
(0.32 0.04245954944 -0.001853823964)
(0.33 0.04245954944 -0.001853823964)
(0.34 0.04245954944 -0.001853823964)
(0.35 0.04245954944 -0.001853823964)
(0.36 0.04245954944 -0.001853823964)
(0.37 0.04245954944 -0.001853823964)
(0.38 0.04245954944 -0.001853823964)
(0.39 0.04245954944 -0.001853823964)
(0.4 0.04245954944 -0.001853823965)
(0.41 0.04245954943 -0.001853823964)
(0.42 0.04245954944 -0.001853823964)
(0.43 0.04245954944 -0.001853823964)
(0.44 0.04245954944 -0.001853823964)
(0.45 0.04245954943 -0.001853823964)
(0.46 0.04245954944 -0.001853823964)
(0.47 0.04245954944 -0.001853823964)
(0.48 0.04245954944 -0.001853823964)
(0.49 0.04245954944 -0.001853823964)
(0.5 0.04245954944 -0.001853823964)
(0.51 0.04245954944 -0.001853823964)
(0.52 0.04245954944 -0.001853823964)
(0.53 0.04245954944 -0.001853823964)
(0.54 0.04245954944 -0.001853823964)
(0.55 0.04245954944 -0.001853823964)
(0.56 0.04245954944 -0.001853823964)
(0.57 0.04245954944 -0.001853823965)
(0.58 0.04245954944 -0.001853823964)
(0.59 0.04245954944 -0.001853823964)
(0.6 0.04245954944 -0.001853823964)
(0.61 0.04245954944 -0.001853823964)
(0.62 0.04245954944 -0.001853823964)
(0.63 0.04245954944 -0.001853823964)
(0.64 0.04245954944 -0.001853823964)
(0.65 0.04245954944 -0.001853823964)
(0.66 0.04245954944 -0.001853823965)
(0.67 0.04245954943 -0.001853823964)
(0.68 0.04245954944 -0.001853823964)
(0.69 0.04245954944 -0.001853823964)
(0.7 0.04245954944 -0.001853823964)
(0.71 0.04245954943 -0.001853823964)
(0.72 0.04245954944 -0.001853823964)
(0.73 0.04245954944 -0.001853823964)
(0.74 0.04245954944 -0.001853823964)
(0.75 0.04245954944 -0.001853823964)
(0.76 0.04245954944 -0.001853823964)
(0.77 0.04245954944 -0.001853823964)
(0.78 0.04245954943 -0.001853823964)
(0.79 0.04245954944 -0.001853823964)
(0.8 0.04245954944 -0.001853823964)
(0.81 0.04245954944 -0.001853823964)
(0.82 0.04245954944 -0.001853823964)
(0.83 0.04245954944 -0.001853823964)
(0.84 0.04245954944 -0.001853823964)
(0.85 0.04245954944 -0.001853823964)
(0.86 0.04245954944 -0.001853823964)
(0.87 0.04245954944 -0.001853823964)
(0.88 0.04245954944 -0.001853823964)
(0.89 0.04245954944 -0.001853823964)
(0.9 0.04245954944 -0.001853823964)
(0.91 0.04245954944 -0.001853823964)
(0.92 0.04245954944 -0.001853823964)
(0.93 0.04245954943 -0.001853823964)
(0.94 0.04245954944 -0.001853823964)
(0.95 0.04245954944 -0.001853823964)
(0.96 0.04245954944 -0.001853823964)
(0.97 0.04245954944 -0.001853823964)
(0.98 0.04245954944 -0.001853823964)
(0.99 0.04245954944 -0.001853823964)
(1 0.04245954944 -0.001853823964)
(1.01 0.04245954944 -0.001853823964)
(1.02 0.04245954944 -0.001853823964)
(1.03 0.04245954944 -0.001853823964)
(1.04 0.04245954944 -0.001853823964)
(1.05 0.04245954944 -0.001853823964)
(1.06 0.04245954944 -0.001853823965)
(1.07 0.04245954944 -0.001853823964)
(1.08 0.04245954944 -0.001853823964)
(1.09 0.04245954944 -0.001853823964)
(1.1 0.04245954944 -0.001853823964)
(1.11 0.04245954944 -0.001853823964)
(1.12 0.04245954944 -0.001853823964)
(1.13 0.04245954944 -0.001853823964)
(1.14 0.04245954944 -0.001853823964)
(1.15 0.04245954944 -0.001853823964)
(1.16 0.04245954944 -0.001853823964)
(1.17 0.04245954944 -0.001853823964)
(1.18 0.04245954944 -0.001853823964)
(1.19 0.04245954943 -0.001853823964)
(1.2 0.04245954944 -0.001853823964)
(1.21 0.04245954944 -0.001853823964)
(1.22 0.04245954944 -0.001853823964)
(1.23 0.04245954944 -0.001853823964)
(1.24 0.04245954944 -0.001853823964)
(1.25 0.04245954944 -0.001853823964)
(1.26 0.04245954944 -0.001853823965)
(1.27 0.04245954944 -0.001853823964)
(1.28 0.04245954944 -0.001853823964)
(1.29 0.04245954944 -0.001853823964)
(1.3 0.04245954943 -0.001853823964)
(1.31 0.04245954944 -0.001853823964)
(1.32 0.04245954944 -0.001853823964)
(1.33 0.04245954944 -0.001853823964)
(1.34 0.04245954943 -0.001853823964)
(1.35 0.04245954944 -0.001853823964)
(1.36 0.04245954943 -0.001853823964)
(1.37 0.04245954944 -0.001853823964)
(1.38 0.04245954944 -0.001853823964)
(1.39 0.04245954944 -0.001853823964)
(1.4 0.04245954944 -0.001853823964)
(1.41 0.04245954944 -0.001853823964)
(1.42 0.04245954944 -0.001853823964)
(1.43 0.04245954944 -0.001853823964)
(1.44 0.04245954944 -0.001853823964)
(1.45 0.04245954944 -0.001853823964)
(1.46 0.04245954944 -0.001853823964)
(1.47 0.04245954944 -0.001853823964)
(1.48 0.04245954943 -0.001853823964)
(1.49 0.04245954944 -0.001853823964)
(1.5 0.04245954944 -0.001853823964)
(1.51 0.04245954944 -0.001853823964)
(1.52 0.04245954943 -0.001853823964)
(1.53 0.04245954944 -0.001853823964)
(1.54 0.04245954944 -0.001853823964)
(1.55 0.04245954944 -0.001853823964)
(1.56 0.04245954943 -0.001853823964)
(1.57 0.04245954944 -0.001853823964)
(1.58 0.04245954944 -0.001853823964)
(1.59 0.04245954944 -0.001853823964)
(1.6 0.04245954944 -0.001853823964)
(1.61 0.04245954944 -0.001853823964)
(1.62 0.04245954944 -0.001853823964)
(1.63 0.04245954944 -0.001853823964)
(1.64 0.04245954944 -0.001853823964)
(1.65 0.04245954944 -0.001853823964)
(1.66 0.04245954944 -0.001853823964)
(1.67 0.04245954944 -0.001853823964)
(1.68 0.04245954944 -0.001853823964)
(1.69 0.04245954944 -0.001853823964)
(1.7 0.04245954944 -0.001853823964)
(1.71 0.04245954944 -0.001853823964)
(1.72 0.04245954944 -0.001853823964)
(1.73 0.04245954944 -0.001853823964)
(1.74 0.04245954944 -0.001853823964)
(1.75 0.04245954944 -0.001853823964)
(1.76 0.04245954944 -0.001853823964)
(1.77 0.04245954944 -0.001853823964)
(1.78 0.04245954944 -0.001853823964)
(1.79 0.04245954944 -0.001853823964)
(1.8 0.04245954944 -0.001853823964)
(1.81 0.04245954944 -0.001853823964)
(1.82 0.04245954944 -0.001853823964)
(1.83 0.04245954944 -0.001853823964)
(1.84 0.04245954944 -0.001853823964)
(1.85 0.04245954944 -0.001853823964)
(1.86 0.04245954944 -0.001853823965)
(1.87 0.04245954944 -0.001853823964)
(1.88 0.04245954944 -0.001853823964)
(1.89 0.04245954944 -0.001853823964)
(1.9 0.04245954944 -0.001853823964)
(1.91 0.04245954944 -0.001853823964)
(1.92 0.04245954944 -0.001853823964)
(1.93 0.04245954944 -0.001853823964)
(1.94 0.04245954944 -0.001853823964)
(1.95 0.04245954944 -0.001853823964)
(1.96 0.04245954944 -0.001853823964)
(1.97 0.04245954944 -0.001853823964)
(1.98 0.04245954944 -0.001853823964)
(1.99 0.04245954944 -0.001853823964)
(2 0.04245954944 -0.001853823964)
(2.01 0.04245954944 -0.001853823964)
(2.02 0.04245954944 -0.001853823964)
(2.03 0.04245954944 -0.001853823964)
(2.04 0.04245954944 -0.001853823964)
(2.05 0.04245954944 -0.001853823964)
(2.06 0.04245954944 -0.001853823964)
(2.07 0.04245954944 -0.001853823964)
(2.08 0.04245954944 -0.001853823964)
(2.09 0.04245954944 -0.001853823964)
(2.1 0.04245954944 -0.001853823964)
(2.11 0.04245954944 -0.001853823964)
(2.12 0.04245954944 -0.001853823964)
(2.13 0.04245954944 -0.001853823964)
(2.14 0.04245954944 -0.001853823964)
(2.15 0.04245954944 -0.001853823964)
(2.16 0.04245954944 -0.001853823964)
(2.17 0.04245954944 -0.001853823964)
(2.18 0.04245954944 -0.001853823964)
(2.19 0.04245954944 -0.001853823964)
(2.2 0.04245954944 -0.001853823964)
(2.21 0.04245954944 -0.001853823964)
(2.22 0.04245954944 -0.001853823964)
(2.23 0.04245954944 -0.001853823964)
(2.24 0.04245954944 -0.001853823964)
(2.25 0.04245954944 -0.001853823964)
(2.26 0.04245954944 -0.001853823964)
(2.27 0.04245954944 -0.001853823964)
(2.28 0.04245954944 -0.001853823964)
(2.29 0.04245954944 -0.001853823964)
(2.3 0.04245954943 -0.001853823964)
(2.31 0.04245954944 -0.001853823964)
(2.32 0.04245954944 -0.001853823964)
(2.33 0.04245954944 -0.001853823964)
(2.34 0.04245954944 -0.001853823964)
(2.35 0.04245954944 -0.001853823964)
(2.36 0.04245954943 -0.001853823964)
(2.37 0.04245954944 -0.001853823964)
(2.38 0.04245954944 -0.001853823964)
(2.39 0.04245954944 -0.001853823964)
(2.4 0.04245954944 -0.001853823964)
(2.41 0.04245954944 -0.001853823964)
(2.42 0.04245954944 -0.001853823964)
(2.43 0.04245954944 -0.001853823964)
(2.44 0.04245954944 -0.001853823964)
(2.45 0.04245954944 -0.001853823964)
(2.46 0.04245954944 -0.001853823964)
(2.47 0.04245954944 -0.001853823964)
(2.48 0.04245954944 -0.001853823964)
(2.49 0.04245954944 -0.001853823964)
(2.5 0.04245954944 -0.001853823964)
(2.51 0.04245954944 -0.001853823964)
(2.52 0.04245954944 -0.001853823964)
(2.53 0.04245954944 -0.001853823964)
(2.54 0.04245954944 -0.001853823964)
(2.55 0.04245954944 -0.001853823964)
(2.56 0.04245954944 -0.001853823964)
(2.57 0.04245954944 -0.001853823964)
(2.58 0.04245954944 -0.001853823964)
(2.59 0.04245954944 -0.001853823964)
(2.6 0.04245954944 -0.001853823964)
(2.61 0.04245954944 -0.001853823964)
(2.62 0.04245954944 -0.001853823964)
(2.63 0.04245954944 -0.001853823964)
(2.64 0.04245954944 -0.001853823964)
(2.65 0.04245954944 -0.001853823964)
(2.66 0.04245954944 -0.001853823964)
(2.67 0.04245954944 -0.001853823964)
(2.68 0.04245954944 -0.001853823964)
(2.69 0.04245954943 -0.001853823964)
(2.7 0.04245954944 -0.001853823964)
(2.71 0.04245954944 -0.001853823964)
(2.72 0.04245954944 -0.001853823964)
(2.73 0.04245954944 -0.001853823964)
(2.74 0.04245954944 -0.001853823964)
(2.75 0.04245954944 -0.001853823964)
(2.76 0.04245954944 -0.001853823964)
(2.77 0.04245954944 -0.001853823964)
(2.78 0.04245954944 -0.001853823964)
(2.79 0.04245954944 -0.001853823964)
(2.8 0.04245954944 -0.001853823964)
(2.81 0.04245954944 -0.001853823964)
(2.82 0.04245954944 -0.001853823964)
(2.83 0.04245954944 -0.001853823964)
(2.84 0.04245954944 -0.001853823964)
(2.85 0.04245954944 -0.001853823965)
(2.86 0.04245954944 -0.001853823964)
(2.87 0.04245954944 -0.001853823964)
(2.88 0.04245954943 -0.001853823964)
(2.89 0.04245954944 -0.001853823964)
(2.9 0.04245954944 -0.001853823964)
(2.91 0.04245954944 -0.001853823964)
(2.92 0.04245954944 -0.001853823964)
(2.93 0.04245954944 -0.001853823964)
(2.94 0.04245954944 -0.001853823964)
(2.95 0.04245954944 -0.001853823964)
(2.96 0.04245954944 -0.001853823964)
(2.97 0.04245954944 -0.001853823964)
(2.98 0.04245954944 -0.001853823964)
(2.99 0.04245954944 -0.001853823964)
(3 0.04245954944 -0.001853823964)
(0 0.04495716999 -0.001962872433)
(0.01 0.04495716999 -0.001962872433)
(0.02 0.04495716999 -0.001962872433)
(0.03 0.04495716999 -0.001962872433)
(0.04 0.04495716999 -0.001962872433)
(0.05 0.04495716999 -0.001962872433)
(0.06 0.04495716999 -0.001962872433)
(0.07 0.04495716999 -0.001962872433)
(0.08 0.04495716999 -0.001962872433)
(0.09 0.04495716999 -0.001962872433)
(0.1 0.04495716999 -0.001962872433)
(0.11 0.04495716999 -0.001962872433)
(0.12 0.04495716999 -0.001962872433)
(0.13 0.04495716999 -0.001962872433)
(0.14 0.04495716999 -0.001962872433)
(0.15 0.04495716999 -0.001962872433)
(0.16 0.04495716999 -0.001962872433)
(0.17 0.04495716999 -0.001962872433)
(0.18 0.04495716999 -0.001962872433)
(0.19 0.04495716999 -0.001962872433)
(0.2 0.04495716999 -0.001962872433)
(0.21 0.04495716999 -0.001962872433)
(0.22 0.04495716999 -0.001962872433)
(0.23 0.04495716999 -0.001962872433)
(0.24 0.04495716999 -0.001962872433)
(0.25 0.04495716999 -0.001962872433)
(0.26 0.04495716999 -0.001962872433)
(0.27 0.04495716999 -0.001962872433)
(0.28 0.04495716999 -0.001962872433)
(0.29 0.04495716999 -0.001962872433)
(0.3 0.04495716999 -0.001962872433)
(0.31 0.04495716999 -0.001962872433)
(0.32 0.04495716999 -0.001962872433)
(0.33 0.04495716999 -0.001962872433)
(0.34 0.04495716999 -0.001962872433)
(0.35 0.04495716999 -0.001962872433)
(0.36 0.04495716999 -0.001962872433)
(0.37 0.04495716999 -0.001962872433)
(0.38 0.04495716999 -0.001962872433)
(0.39 0.04495716999 -0.001962872433)
(0.4 0.04495716999 -0.001962872433)
(0.41 0.04495716999 -0.001962872433)
(0.42 0.04495716999 -0.001962872433)
(0.43 0.04495716999 -0.001962872433)
(0.44 0.04495716999 -0.001962872433)
(0.45 0.04495716999 -0.001962872433)
(0.46 0.04495716999 -0.001962872433)
(0.47 0.04495716999 -0.001962872433)
(0.48 0.04495716999 -0.001962872433)
(0.49 0.04495716999 -0.001962872433)
(0.5 0.04495716999 -0.001962872433)
(0.51 0.04495716999 -0.001962872433)
(0.52 0.04495716999 -0.001962872433)
(0.53 0.04495716999 -0.001962872433)
(0.54 0.04495716999 -0.001962872433)
(0.55 0.04495716999 -0.001962872433)
(0.56 0.04495716999 -0.001962872433)
(0.57 0.04495716999 -0.001962872433)
(0.58 0.04495716999 -0.001962872433)
(0.59 0.04495716999 -0.001962872433)
(0.6 0.04495716999 -0.001962872433)
(0.61 0.04495716999 -0.001962872433)
(0.62 0.04495716999 -0.001962872433)
(0.63 0.04495716999 -0.001962872433)
(0.64 0.04495716999 -0.001962872433)
(0.65 0.04495716999 -0.001962872433)
(0.66 0.04495716999 -0.001962872433)
(0.67 0.04495716999 -0.001962872433)
(0.68 0.04495716999 -0.001962872433)
(0.69 0.04495716999 -0.001962872433)
(0.7 0.04495716999 -0.001962872433)
(0.71 0.04495716999 -0.001962872433)
(0.72 0.04495716999 -0.001962872433)
(0.73 0.04495716999 -0.001962872433)
(0.74 0.04495716999 -0.001962872433)
(0.75 0.04495716999 -0.001962872433)
(0.76 0.04495716999 -0.001962872433)
(0.77 0.04495716999 -0.001962872433)
(0.78 0.04495716999 -0.001962872433)
(0.79 0.04495716999 -0.001962872433)
(0.8 0.04495716999 -0.001962872433)
(0.81 0.04495716999 -0.001962872433)
(0.82 0.04495716999 -0.001962872433)
(0.83 0.04495716999 -0.001962872433)
(0.84 0.04495716999 -0.001962872433)
(0.85 0.04495716999 -0.001962872433)
(0.86 0.04495716999 -0.001962872433)
(0.87 0.04495716999 -0.001962872433)
(0.88 0.04495716999 -0.001962872433)
(0.89 0.04495716999 -0.001962872433)
(0.9 0.04495716999 -0.001962872433)
(0.91 0.04495716999 -0.001962872433)
(0.92 0.04495716999 -0.001962872433)
(0.93 0.04495716999 -0.001962872433)
(0.94 0.04495716999 -0.001962872433)
(0.95 0.04495716999 -0.001962872433)
(0.96 0.04495716999 -0.001962872433)
(0.97 0.04495716999 -0.001962872433)
(0.98 0.04495716999 -0.001962872433)
(0.99 0.04495716999 -0.001962872433)
(1 0.04495716999 -0.001962872433)
(1.01 0.04495716999 -0.001962872433)
(1.02 0.04495716999 -0.001962872433)
(1.03 0.04495716999 -0.001962872433)
(1.04 0.04495716999 -0.001962872433)
(1.05 0.04495716999 -0.001962872433)
(1.06 0.04495716999 -0.001962872433)
(1.07 0.04495716999 -0.001962872433)
(1.08 0.04495716999 -0.001962872433)
(1.09 0.04495716999 -0.001962872433)
(1.1 0.04495716999 -0.001962872433)
(1.11 0.04495716999 -0.001962872433)
(1.12 0.04495716999 -0.001962872433)
(1.13 0.04495716999 -0.001962872433)
(1.14 0.04495716999 -0.001962872433)
(1.15 0.04495716999 -0.001962872433)
(1.16 0.04495716999 -0.001962872433)
(1.17 0.04495716999 -0.001962872433)
(1.18 0.04495716999 -0.001962872433)
(1.19 0.04495716999 -0.001962872433)
(1.2 0.04495716999 -0.001962872433)
(1.21 0.04495716999 -0.001962872433)
(1.22 0.04495716999 -0.001962872433)
(1.23 0.04495716999 -0.001962872433)
(1.24 0.04495716999 -0.001962872433)
(1.25 0.04495716999 -0.001962872433)
(1.26 0.04495716999 -0.001962872433)
(1.27 0.04495716999 -0.001962872433)
(1.28 0.04495716999 -0.001962872433)
(1.29 0.04495716999 -0.001962872433)
(1.3 0.04495716999 -0.001962872433)
(1.31 0.04495716999 -0.001962872433)
(1.32 0.04495716999 -0.001962872433)
(1.33 0.04495716999 -0.001962872433)
(1.34 0.04495716999 -0.001962872433)
(1.35 0.04495716999 -0.001962872433)
(1.36 0.04495716999 -0.001962872433)
(1.37 0.04495716999 -0.001962872433)
(1.38 0.04495716999 -0.001962872433)
(1.39 0.04495716999 -0.001962872433)
(1.4 0.04495716999 -0.001962872433)
(1.41 0.04495716999 -0.001962872433)
(1.42 0.04495716999 -0.001962872433)
(1.43 0.04495716999 -0.001962872433)
(1.44 0.04495716999 -0.001962872433)
(1.45 0.04495716999 -0.001962872433)
(1.46 0.04495716999 -0.001962872433)
(1.47 0.04495716999 -0.001962872433)
(1.48 0.04495716999 -0.001962872433)
(1.49 0.04495716999 -0.001962872433)
(1.5 0.04495716999 -0.001962872433)
(1.51 0.04495716999 -0.001962872433)
(1.52 0.04495716999 -0.001962872433)
(1.53 0.04495716999 -0.001962872433)
(1.54 0.04495716999 -0.001962872433)
(1.55 0.04495716999 -0.001962872433)
(1.56 0.04495716999 -0.001962872433)
(1.57 0.04495716999 -0.001962872433)
(1.58 0.04495716999 -0.001962872433)
(1.59 0.04495716999 -0.001962872433)
(1.6 0.04495716999 -0.001962872433)
(1.61 0.04495716999 -0.001962872433)
(1.62 0.04495716999 -0.001962872433)
(1.63 0.04495716999 -0.001962872433)
(1.64 0.04495716999 -0.001962872433)
(1.65 0.04495716999 -0.001962872433)
(1.66 0.04495716999 -0.001962872433)
(1.67 0.04495716999 -0.001962872433)
(1.68 0.04495716999 -0.001962872433)
(1.69 0.04495716999 -0.001962872433)
(1.7 0.04495716999 -0.001962872433)
(1.71 0.04495716999 -0.001962872433)
(1.72 0.04495716999 -0.001962872433)
(1.73 0.04495716999 -0.001962872433)
(1.74 0.04495716999 -0.001962872433)
(1.75 0.04495716999 -0.001962872433)
(1.76 0.04495716999 -0.001962872433)
(1.77 0.04495716999 -0.001962872433)
(1.78 0.04495716999 -0.001962872433)
(1.79 0.04495716999 -0.001962872433)
(1.8 0.04495716999 -0.001962872433)
(1.81 0.04495716999 -0.001962872433)
(1.82 0.04495716999 -0.001962872433)
(1.83 0.04495716999 -0.001962872433)
(1.84 0.04495716999 -0.001962872433)
(1.85 0.04495716999 -0.001962872433)
(1.86 0.04495716999 -0.001962872433)
(1.87 0.04495716999 -0.001962872433)
(1.88 0.04495716999 -0.001962872433)
(1.89 0.04495716999 -0.001962872433)
(1.9 0.04495716999 -0.001962872433)
(1.91 0.04495716999 -0.001962872433)
(1.92 0.04495716999 -0.001962872433)
(1.93 0.04495716999 -0.001962872433)
(1.94 0.04495716999 -0.001962872433)
(1.95 0.04495716999 -0.001962872433)
(1.96 0.04495716999 -0.001962872433)
(1.97 0.04495716999 -0.001962872433)
(1.98 0.04495716999 -0.001962872433)
(1.99 0.04495716999 -0.001962872433)
(2 0.04495716999 -0.001962872433)
(2.01 0.04495716999 -0.001962872433)
(2.02 0.04495716999 -0.001962872433)
(2.03 0.04495716999 -0.001962872433)
(2.04 0.04495716999 -0.001962872433)
(2.05 0.04495716999 -0.001962872433)
(2.06 0.04495716999 -0.001962872433)
(2.07 0.04495716999 -0.001962872433)
(2.08 0.04495716999 -0.001962872433)
(2.09 0.04495716999 -0.001962872433)
(2.1 0.04495716999 -0.001962872433)
(2.11 0.04495716999 -0.001962872433)
(2.12 0.04495716999 -0.001962872433)
(2.13 0.04495716999 -0.001962872433)
(2.14 0.04495716999 -0.001962872433)
(2.15 0.04495716999 -0.001962872433)
(2.16 0.04495716999 -0.001962872433)
(2.17 0.04495716999 -0.001962872433)
(2.18 0.04495716999 -0.001962872433)
(2.19 0.04495716999 -0.001962872433)
(2.2 0.04495716999 -0.001962872433)
(2.21 0.04495716999 -0.001962872433)
(2.22 0.04495716999 -0.001962872433)
(2.23 0.04495716999 -0.001962872433)
(2.24 0.04495716999 -0.001962872433)
(2.25 0.04495716999 -0.001962872433)
(2.26 0.04495716999 -0.001962872433)
(2.27 0.04495716999 -0.001962872433)
(2.28 0.04495716999 -0.001962872433)
(2.29 0.04495716999 -0.001962872433)
(2.3 0.04495716999 -0.001962872433)
(2.31 0.04495716999 -0.001962872433)
(2.32 0.04495716999 -0.001962872433)
(2.33 0.04495716999 -0.001962872433)
(2.34 0.04495716999 -0.001962872433)
(2.35 0.04495716999 -0.001962872433)
(2.36 0.04495716999 -0.001962872433)
(2.37 0.04495716999 -0.001962872433)
(2.38 0.04495716999 -0.001962872433)
(2.39 0.04495716999 -0.001962872433)
(2.4 0.04495716999 -0.001962872433)
(2.41 0.04495716999 -0.001962872433)
(2.42 0.04495716999 -0.001962872433)
(2.43 0.04495716999 -0.001962872433)
(2.44 0.04495716999 -0.001962872433)
(2.45 0.04495716999 -0.001962872433)
(2.46 0.04495716999 -0.001962872433)
(2.47 0.04495716999 -0.001962872433)
(2.48 0.04495716999 -0.001962872433)
(2.49 0.04495716999 -0.001962872433)
(2.5 0.04495716999 -0.001962872433)
(2.51 0.04495716999 -0.001962872433)
(2.52 0.04495716999 -0.001962872433)
(2.53 0.04495716999 -0.001962872433)
(2.54 0.04495716999 -0.001962872433)
(2.55 0.04495716999 -0.001962872433)
(2.56 0.04495716999 -0.001962872433)
(2.57 0.04495716999 -0.001962872433)
(2.58 0.04495716999 -0.001962872433)
(2.59 0.04495716999 -0.001962872433)
(2.6 0.04495716999 -0.001962872433)
(2.61 0.04495716999 -0.001962872433)
(2.62 0.04495716999 -0.001962872433)
(2.63 0.04495716999 -0.001962872433)
(2.64 0.04495716999 -0.001962872433)
(2.65 0.04495716999 -0.001962872433)
(2.66 0.04495716999 -0.001962872433)
(2.67 0.04495716999 -0.001962872433)
(2.68 0.04495716999 -0.001962872433)
(2.69 0.04495716999 -0.001962872433)
(2.7 0.04495716999 -0.001962872433)
(2.71 0.04495716999 -0.001962872433)
(2.72 0.04495716999 -0.001962872433)
(2.73 0.04495716999 -0.001962872433)
(2.74 0.04495716999 -0.001962872433)
(2.75 0.04495716999 -0.001962872433)
(2.76 0.04495716999 -0.001962872433)
(2.77 0.04495716999 -0.001962872433)
(2.78 0.04495716999 -0.001962872433)
(2.79 0.04495716999 -0.001962872433)
(2.8 0.04495716999 -0.001962872433)
(2.81 0.04495716999 -0.001962872433)
(2.82 0.04495716999 -0.001962872433)
(2.83 0.04495716999 -0.001962872433)
(2.84 0.04495716999 -0.001962872433)
(2.85 0.04495716999 -0.001962872433)
(2.86 0.04495716999 -0.001962872433)
(2.87 0.04495716999 -0.001962872433)
(2.88 0.04495716999 -0.001962872433)
(2.89 0.04495716999 -0.001962872433)
(2.9 0.04495716999 -0.001962872433)
(2.91 0.04495716999 -0.001962872433)
(2.92 0.04495716999 -0.001962872433)
(2.93 0.04495716999 -0.001962872433)
(2.94 0.04495716999 -0.001962872433)
(2.95 0.04495716999 -0.001962872433)
(2.96 0.04495716999 -0.001962872433)
(2.97 0.04495716999 -0.001962872433)
(2.98 0.04495716999 -0.001962872433)
(2.99 0.04495716999 -0.001962872433)
(3 0.04495716999 -0.001962872433)
(0 0.04745479054 -0.002071920901)
(0.01 0.04745479054 -0.002071920901)
(0.02 0.04745479055 -0.002071920901)
(0.03 0.04745479054 -0.002071920902)
(0.04 0.04745479054 -0.002071920901)
(0.05 0.04745479054 -0.002071920901)
(0.06 0.04745479054 -0.002071920901)
(0.07 0.04745479055 -0.002071920901)
(0.08 0.04745479054 -0.002071920901)
(0.09 0.04745479054 -0.002071920901)
(0.1 0.04745479055 -0.002071920901)
(0.11 0.04745479054 -0.002071920901)
(0.12 0.04745479054 -0.002071920901)
(0.13 0.04745479054 -0.002071920901)
(0.14 0.04745479054 -0.002071920901)
(0.15 0.04745479055 -0.002071920901)
(0.16 0.04745479054 -0.002071920902)
(0.17 0.04745479054 -0.002071920901)
(0.18 0.04745479054 -0.002071920901)
(0.19 0.04745479054 -0.002071920901)
(0.2 0.04745479054 -0.002071920901)
(0.21 0.04745479055 -0.002071920901)
(0.22 0.04745479054 -0.002071920901)
(0.23 0.04745479054 -0.002071920901)
(0.24 0.04745479055 -0.002071920901)
(0.25 0.04745479054 -0.002071920901)
(0.26 0.04745479055 -0.002071920901)
(0.27 0.04745479054 -0.002071920901)
(0.28 0.04745479054 -0.002071920901)
(0.29 0.04745479055 -0.002071920901)
(0.3 0.04745479054 -0.002071920901)
(0.31 0.04745479054 -0.002071920901)
(0.32 0.04745479054 -0.002071920901)
(0.33 0.04745479054 -0.002071920901)
(0.34 0.04745479055 -0.002071920901)
(0.35 0.04745479054 -0.002071920901)
(0.36 0.04745479054 -0.002071920901)
(0.37 0.04745479055 -0.002071920901)
(0.38 0.04745479054 -0.002071920901)
(0.39 0.04745479054 -0.002071920901)
(0.4 0.04745479055 -0.002071920901)
(0.41 0.04745479054 -0.002071920901)
(0.42 0.04745479055 -0.002071920901)
(0.43 0.04745479054 -0.002071920901)
(0.44 0.04745479054 -0.002071920901)
(0.45 0.04745479055 -0.002071920901)
(0.46 0.04745479054 -0.002071920901)
(0.47 0.04745479054 -0.002071920901)
(0.48 0.04745479054 -0.002071920901)
(0.49 0.04745479054 -0.002071920901)
(0.5 0.04745479054 -0.002071920901)
(0.51 0.04745479055 -0.002071920901)
(0.52 0.04745479054 -0.002071920901)
(0.53 0.04745479055 -0.002071920901)
(0.54 0.04745479055 -0.002071920901)
(0.55 0.04745479054 -0.002071920901)
(0.56 0.04745479055 -0.002071920901)
(0.57 0.04745479054 -0.002071920901)
(0.58 0.04745479054 -0.002071920901)
(0.59 0.04745479055 -0.002071920901)
(0.6 0.04745479054 -0.002071920901)
(0.61 0.04745479055 -0.002071920901)
(0.62 0.04745479054 -0.002071920901)
(0.63 0.04745479054 -0.002071920901)
(0.64 0.04745479055 -0.002071920901)
(0.65 0.04745479054 -0.002071920901)
(0.66 0.04745479054 -0.002071920901)
(0.67 0.04745479055 -0.002071920901)
(0.68 0.04745479054 -0.002071920901)
(0.69 0.04745479055 -0.002071920901)
(0.7 0.04745479054 -0.002071920901)
(0.71 0.04745479054 -0.002071920901)
(0.72 0.04745479055 -0.002071920901)
(0.73 0.04745479054 -0.002071920901)
(0.74 0.04745479054 -0.002071920901)
(0.75 0.04745479054 -0.002071920901)
(0.76 0.04745479054 -0.002071920901)
(0.77 0.04745479054 -0.002071920901)
(0.78 0.04745479054 -0.002071920901)
(0.79 0.04745479054 -0.002071920901)
(0.8 0.04745479055 -0.002071920901)
(0.81 0.04745479054 -0.002071920901)
(0.82 0.04745479054 -0.002071920901)
(0.83 0.04745479055 -0.002071920901)
(0.84 0.04745479054 -0.002071920901)
(0.85 0.04745479054 -0.002071920901)
(0.86 0.04745479054 -0.002071920901)
(0.87 0.04745479054 -0.002071920901)
(0.88 0.04745479055 -0.002071920901)
(0.89 0.04745479055 -0.002071920901)
(0.9 0.04745479054 -0.002071920901)
(0.91 0.04745479055 -0.002071920901)
(0.92 0.04745479054 -0.002071920901)
(0.93 0.04745479054 -0.002071920901)
(0.94 0.04745479055 -0.002071920901)
(0.95 0.04745479054 -0.002071920901)
(0.96 0.04745479055 -0.002071920901)
(0.97 0.04745479055 -0.002071920901)
(0.98 0.04745479054 -0.002071920901)
(0.99 0.04745479055 -0.002071920901)
(1 0.04745479055 -0.002071920902)
(1.01 0.04745479054 -0.002071920901)
(1.02 0.04745479054 -0.002071920901)
(1.03 0.04745479054 -0.002071920901)
(1.04 0.04745479054 -0.002071920901)
(1.05 0.04745479054 -0.002071920901)
(1.06 0.04745479055 -0.002071920902)
(1.07 0.04745479055 -0.002071920901)
(1.08 0.04745479055 -0.002071920901)
(1.09 0.04745479054 -0.002071920902)
(1.1 0.04745479055 -0.002071920901)
(1.11 0.04745479054 -0.002071920901)
(1.12 0.04745479055 -0.002071920901)
(1.13 0.04745479055 -0.002071920901)
(1.14 0.04745479054 -0.002071920901)
(1.15 0.04745479055 -0.002071920901)
(1.16 0.04745479055 -0.002071920901)
(1.17 0.04745479054 -0.002071920901)
(1.18 0.04745479055 -0.002071920901)
(1.19 0.04745479054 -0.002071920901)
(1.2 0.04745479054 -0.002071920901)
(1.21 0.04745479055 -0.002071920901)
(1.22 0.04745479054 -0.002071920901)
(1.23 0.04745479055 -0.002071920901)
(1.24 0.04745479055 -0.002071920901)
(1.25 0.04745479054 -0.002071920901)
(1.26 0.04745479054 -0.002071920901)
(1.27 0.04745479054 -0.002071920901)
(1.28 0.04745479055 -0.002071920901)
(1.29 0.04745479055 -0.002071920901)
(1.3 0.04745479054 -0.002071920901)
(1.31 0.04745479054 -0.002071920901)
(1.32 0.04745479055 -0.002071920901)
(1.33 0.04745479055 -0.002071920901)
(1.34 0.04745479055 -0.002071920901)
(1.35 0.04745479054 -0.002071920901)
(1.36 0.04745479054 -0.002071920901)
(1.37 0.04745479055 -0.002071920901)
(1.38 0.04745479054 -0.002071920901)
(1.39 0.04745479055 -0.002071920901)
(1.4 0.04745479054 -0.002071920901)
(1.41 0.04745479054 -0.002071920901)
(1.42 0.04745479054 -0.002071920901)
(1.43 0.04745479055 -0.002071920901)
(1.44 0.04745479054 -0.002071920901)
(1.45 0.04745479054 -0.002071920901)
(1.46 0.04745479054 -0.002071920901)
(1.47 0.04745479054 -0.002071920901)
(1.48 0.04745479054 -0.002071920901)
(1.49 0.04745479055 -0.002071920901)
(1.5 0.04745479055 -0.002071920901)
(1.51 0.04745479055 -0.002071920901)
(1.52 0.04745479054 -0.002071920901)
(1.53 0.04745479055 -0.002071920901)
(1.54 0.04745479054 -0.002071920901)
(1.55 0.04745479055 -0.002071920901)
(1.56 0.04745479055 -0.002071920901)
(1.57 0.04745479054 -0.002071920901)
(1.58 0.04745479054 -0.002071920901)
(1.59 0.04745479054 -0.002071920901)
(1.6 0.04745479054 -0.002071920901)
(1.61 0.04745479055 -0.002071920901)
(1.62 0.04745479054 -0.002071920901)
(1.63 0.04745479054 -0.002071920901)
(1.64 0.04745479055 -0.002071920901)
(1.65 0.04745479054 -0.002071920901)
(1.66 0.04745479054 -0.002071920901)
(1.67 0.04745479055 -0.002071920901)
(1.68 0.04745479054 -0.002071920901)
(1.69 0.04745479055 -0.002071920901)
(1.7 0.04745479055 -0.002071920901)
(1.71 0.04745479054 -0.002071920901)
(1.72 0.04745479055 -0.002071920901)
(1.73 0.04745479054 -0.002071920901)
(1.74 0.04745479054 -0.002071920901)
(1.75 0.04745479054 -0.002071920901)
(1.76 0.04745479054 -0.002071920901)
(1.77 0.04745479055 -0.002071920901)
(1.78 0.04745479054 -0.002071920901)
(1.79 0.04745479054 -0.002071920901)
(1.8 0.04745479054 -0.002071920901)
(1.81 0.04745479054 -0.002071920901)
(1.82 0.04745479055 -0.002071920901)
(1.83 0.04745479055 -0.002071920901)
(1.84 0.04745479054 -0.002071920901)
(1.85 0.04745479054 -0.002071920901)
(1.86 0.04745479055 -0.002071920901)
(1.87 0.04745479054 -0.002071920901)
(1.88 0.04745479055 -0.002071920901)
(1.89 0.04745479054 -0.002071920901)
(1.9 0.04745479054 -0.002071920901)
(1.91 0.04745479054 -0.002071920901)
(1.92 0.04745479055 -0.002071920901)
(1.93 0.04745479055 -0.002071920901)
(1.94 0.04745479055 -0.002071920901)
(1.95 0.04745479054 -0.002071920901)
(1.96 0.04745479054 -0.002071920901)
(1.97 0.04745479054 -0.002071920901)
(1.98 0.04745479055 -0.002071920901)
(1.99 0.04745479055 -0.002071920901)
(2 0.04745479055 -0.002071920901)
(2.01 0.04745479054 -0.002071920901)
(2.02 0.04745479054 -0.002071920901)
(2.03 0.04745479054 -0.002071920901)
(2.04 0.04745479055 -0.002071920901)
(2.05 0.04745479054 -0.002071920901)
(2.06 0.04745479054 -0.002071920901)
(2.07 0.04745479054 -0.002071920901)
(2.08 0.04745479055 -0.002071920901)
(2.09 0.04745479055 -0.002071920901)
(2.1 0.04745479055 -0.002071920901)
(2.11 0.04745479054 -0.002071920901)
(2.12 0.04745479054 -0.002071920901)
(2.13 0.04745479054 -0.002071920901)
(2.14 0.04745479054 -0.002071920901)
(2.15 0.04745479055 -0.002071920901)
(2.16 0.04745479055 -0.002071920901)
(2.17 0.04745479054 -0.002071920901)
(2.18 0.04745479055 -0.002071920901)
(2.19 0.04745479055 -0.002071920901)
(2.2 0.04745479055 -0.002071920901)
(2.21 0.04745479055 -0.002071920901)
(2.22 0.04745479054 -0.002071920901)
(2.23 0.04745479054 -0.002071920901)
(2.24 0.04745479054 -0.002071920901)
(2.25 0.04745479054 -0.002071920901)
(2.26 0.04745479055 -0.002071920901)
(2.27 0.04745479054 -0.002071920901)
(2.28 0.04745479054 -0.002071920901)
(2.29 0.04745479055 -0.002071920901)
(2.3 0.04745479055 -0.002071920901)
(2.31 0.04745479055 -0.002071920901)
(2.32 0.04745479055 -0.002071920901)
(2.33 0.04745479054 -0.002071920901)
(2.34 0.04745479054 -0.002071920901)
(2.35 0.04745479054 -0.002071920901)
(2.36 0.04745479055 -0.002071920901)
(2.37 0.04745479055 -0.002071920901)
(2.38 0.04745479054 -0.002071920901)
(2.39 0.04745479054 -0.002071920901)
(2.4 0.04745479055 -0.002071920901)
(2.41 0.04745479055 -0.002071920901)
(2.42 0.04745479055 -0.002071920901)
(2.43 0.04745479054 -0.002071920901)
(2.44 0.04745479054 -0.002071920901)
(2.45 0.04745479054 -0.002071920901)
(2.46 0.04745479054 -0.002071920901)
(2.47 0.04745479055 -0.002071920901)
(2.48 0.04745479055 -0.002071920901)
(2.49 0.04745479054 -0.002071920901)
(2.5 0.04745479054 -0.002071920901)
(2.51 0.04745479055 -0.002071920901)
(2.52 0.04745479055 -0.002071920901)
(2.53 0.04745479055 -0.002071920901)
(2.54 0.04745479054 -0.002071920901)
(2.55 0.04745479054 -0.002071920902)
(2.56 0.04745479054 -0.002071920901)
(2.57 0.04745479054 -0.002071920901)
(2.58 0.04745479055 -0.002071920901)
(2.59 0.04745479055 -0.002071920901)
(2.6 0.04745479054 -0.002071920901)
(2.61 0.04745479055 -0.002071920901)
(2.62 0.04745479054 -0.002071920901)
(2.63 0.04745479055 -0.002071920901)
(2.64 0.04745479055 -0.002071920901)
(2.65 0.04745479055 -0.002071920901)
(2.66 0.04745479054 -0.002071920901)
(2.67 0.04745479054 -0.002071920901)
(2.68 0.04745479054 -0.002071920901)
(2.69 0.04745479055 -0.002071920901)
(2.7 0.04745479054 -0.002071920901)
(2.71 0.04745479054 -0.002071920901)
(2.72 0.04745479054 -0.002071920901)
(2.73 0.04745479055 -0.002071920901)
(2.74 0.04745479055 -0.002071920901)
(2.75 0.04745479055 -0.002071920901)
(2.76 0.04745479054 -0.002071920901)
(2.77 0.04745479054 -0.002071920901)
(2.78 0.04745479054 -0.002071920901)
(2.79 0.04745479055 -0.002071920901)
(2.8 0.04745479055 -0.002071920901)
(2.81 0.04745479055 -0.002071920901)
(2.82 0.04745479054 -0.002071920901)
(2.83 0.04745479055 -0.002071920901)
(2.84 0.04745479055 -0.002071920901)
(2.85 0.04745479055 -0.002071920901)
(2.86 0.04745479055 -0.002071920901)
(2.87 0.04745479054 -0.002071920901)
(2.88 0.04745479054 -0.002071920901)
(2.89 0.04745479054 -0.002071920901)
(2.9 0.04745479055 -0.002071920901)
(2.91 0.04745479055 -0.002071920901)
(2.92 0.04745479054 -0.002071920901)
(2.93 0.04745479054 -0.002071920901)
(2.94 0.04745479055 -0.002071920901)
(2.95 0.04745479055 -0.002071920901)
(2.96 0.04745479055 -0.002071920901)
(2.97 0.04745479055 -0.002071920901)
(2.98 0.04745479054 -0.002071920901)
(2.99 0.04745479054 -0.002071920901)
(3 0.04745479054 -0.002071920901)
(0 0.0499524111 -0.00218096937)
(0.01 0.0499524111 -0.00218096937)
(0.02 0.0499524111 -0.00218096937)
(0.03 0.0499524111 -0.00218096937)
(0.04 0.0499524111 -0.00218096937)
(0.05 0.0499524111 -0.00218096937)
(0.06 0.0499524111 -0.00218096937)
(0.07 0.0499524111 -0.00218096937)
(0.08 0.0499524111 -0.00218096937)
(0.09 0.0499524111 -0.00218096937)
(0.1 0.0499524111 -0.00218096937)
(0.11 0.0499524111 -0.00218096937)
(0.12 0.0499524111 -0.00218096937)
(0.13 0.0499524111 -0.00218096937)
(0.14 0.0499524111 -0.00218096937)
(0.15 0.0499524111 -0.00218096937)
(0.16 0.0499524111 -0.00218096937)
(0.17 0.0499524111 -0.00218096937)
(0.18 0.0499524111 -0.00218096937)
(0.19 0.0499524111 -0.00218096937)
(0.2 0.0499524111 -0.00218096937)
(0.21 0.0499524111 -0.00218096937)
(0.22 0.0499524111 -0.00218096937)
(0.23 0.0499524111 -0.00218096937)
(0.24 0.0499524111 -0.00218096937)
(0.25 0.0499524111 -0.00218096937)
(0.26 0.0499524111 -0.00218096937)
(0.27 0.0499524111 -0.00218096937)
(0.28 0.0499524111 -0.00218096937)
(0.29 0.0499524111 -0.00218096937)
(0.3 0.0499524111 -0.00218096937)
(0.31 0.0499524111 -0.00218096937)
(0.32 0.0499524111 -0.00218096937)
(0.33 0.0499524111 -0.00218096937)
(0.34 0.0499524111 -0.00218096937)
(0.35 0.0499524111 -0.00218096937)
(0.36 0.0499524111 -0.00218096937)
(0.37 0.0499524111 -0.00218096937)
(0.38 0.0499524111 -0.00218096937)
(0.39 0.0499524111 -0.00218096937)
(0.4 0.0499524111 -0.00218096937)
(0.41 0.0499524111 -0.00218096937)
(0.42 0.0499524111 -0.00218096937)
(0.43 0.0499524111 -0.00218096937)
(0.44 0.0499524111 -0.00218096937)
(0.45 0.0499524111 -0.00218096937)
(0.46 0.0499524111 -0.00218096937)
(0.47 0.0499524111 -0.00218096937)
(0.48 0.0499524111 -0.00218096937)
(0.49 0.0499524111 -0.00218096937)
(0.5 0.0499524111 -0.00218096937)
(0.51 0.0499524111 -0.00218096937)
(0.52 0.0499524111 -0.00218096937)
(0.53 0.0499524111 -0.00218096937)
(0.54 0.0499524111 -0.00218096937)
(0.55 0.0499524111 -0.00218096937)
(0.56 0.0499524111 -0.00218096937)
(0.57 0.0499524111 -0.00218096937)
(0.58 0.0499524111 -0.00218096937)
(0.59 0.0499524111 -0.00218096937)
(0.6 0.0499524111 -0.00218096937)
(0.61 0.0499524111 -0.00218096937)
(0.62 0.0499524111 -0.00218096937)
(0.63 0.0499524111 -0.00218096937)
(0.64 0.0499524111 -0.00218096937)
(0.65 0.0499524111 -0.00218096937)
(0.66 0.0499524111 -0.00218096937)
(0.67 0.0499524111 -0.00218096937)
(0.68 0.0499524111 -0.00218096937)
(0.69 0.0499524111 -0.00218096937)
(0.7 0.0499524111 -0.00218096937)
(0.71 0.0499524111 -0.00218096937)
(0.72 0.0499524111 -0.00218096937)
(0.73 0.0499524111 -0.00218096937)
(0.74 0.0499524111 -0.00218096937)
(0.75 0.0499524111 -0.00218096937)
(0.76 0.0499524111 -0.00218096937)
(0.77 0.0499524111 -0.00218096937)
(0.78 0.0499524111 -0.00218096937)
(0.79 0.0499524111 -0.00218096937)
(0.8 0.0499524111 -0.00218096937)
(0.81 0.0499524111 -0.00218096937)
(0.82 0.0499524111 -0.00218096937)
(0.83 0.0499524111 -0.00218096937)
(0.84 0.0499524111 -0.00218096937)
(0.85 0.0499524111 -0.00218096937)
(0.86 0.0499524111 -0.00218096937)
(0.87 0.0499524111 -0.00218096937)
(0.88 0.0499524111 -0.00218096937)
(0.89 0.0499524111 -0.00218096937)
(0.9 0.0499524111 -0.00218096937)
(0.91 0.0499524111 -0.00218096937)
(0.92 0.0499524111 -0.00218096937)
(0.93 0.0499524111 -0.00218096937)
(0.94 0.0499524111 -0.00218096937)
(0.95 0.0499524111 -0.00218096937)
(0.96 0.0499524111 -0.00218096937)
(0.97 0.0499524111 -0.00218096937)
(0.98 0.0499524111 -0.00218096937)
(0.99 0.0499524111 -0.00218096937)
(1 0.0499524111 -0.00218096937)
(1.01 0.0499524111 -0.00218096937)
(1.02 0.0499524111 -0.00218096937)
(1.03 0.0499524111 -0.00218096937)
(1.04 0.0499524111 -0.00218096937)
(1.05 0.0499524111 -0.00218096937)
(1.06 0.0499524111 -0.00218096937)
(1.07 0.0499524111 -0.00218096937)
(1.08 0.0499524111 -0.00218096937)
(1.09 0.0499524111 -0.00218096937)
(1.1 0.0499524111 -0.00218096937)
(1.11 0.0499524111 -0.00218096937)
(1.12 0.0499524111 -0.00218096937)
(1.13 0.0499524111 -0.00218096937)
(1.14 0.0499524111 -0.00218096937)
(1.15 0.0499524111 -0.00218096937)
(1.16 0.0499524111 -0.00218096937)
(1.17 0.0499524111 -0.00218096937)
(1.18 0.0499524111 -0.00218096937)
(1.19 0.0499524111 -0.00218096937)
(1.2 0.0499524111 -0.00218096937)
(1.21 0.0499524111 -0.00218096937)
(1.22 0.0499524111 -0.00218096937)
(1.23 0.0499524111 -0.00218096937)
(1.24 0.0499524111 -0.00218096937)
(1.25 0.0499524111 -0.00218096937)
(1.26 0.0499524111 -0.00218096937)
(1.27 0.0499524111 -0.00218096937)
(1.28 0.0499524111 -0.00218096937)
(1.29 0.0499524111 -0.00218096937)
(1.3 0.0499524111 -0.00218096937)
(1.31 0.0499524111 -0.00218096937)
(1.32 0.0499524111 -0.00218096937)
(1.33 0.0499524111 -0.00218096937)
(1.34 0.0499524111 -0.00218096937)
(1.35 0.0499524111 -0.00218096937)
(1.36 0.0499524111 -0.00218096937)
(1.37 0.0499524111 -0.00218096937)
(1.38 0.0499524111 -0.00218096937)
(1.39 0.0499524111 -0.00218096937)
(1.4 0.0499524111 -0.00218096937)
(1.41 0.0499524111 -0.00218096937)
(1.42 0.0499524111 -0.00218096937)
(1.43 0.0499524111 -0.00218096937)
(1.44 0.0499524111 -0.00218096937)
(1.45 0.0499524111 -0.00218096937)
(1.46 0.0499524111 -0.00218096937)
(1.47 0.0499524111 -0.00218096937)
(1.48 0.0499524111 -0.00218096937)
(1.49 0.0499524111 -0.00218096937)
(1.5 0.0499524111 -0.00218096937)
(1.51 0.0499524111 -0.00218096937)
(1.52 0.0499524111 -0.00218096937)
(1.53 0.0499524111 -0.00218096937)
(1.54 0.0499524111 -0.00218096937)
(1.55 0.0499524111 -0.00218096937)
(1.56 0.0499524111 -0.00218096937)
(1.57 0.0499524111 -0.00218096937)
(1.58 0.0499524111 -0.00218096937)
(1.59 0.0499524111 -0.00218096937)
(1.6 0.0499524111 -0.00218096937)
(1.61 0.0499524111 -0.00218096937)
(1.62 0.0499524111 -0.00218096937)
(1.63 0.0499524111 -0.00218096937)
(1.64 0.0499524111 -0.00218096937)
(1.65 0.0499524111 -0.00218096937)
(1.66 0.0499524111 -0.00218096937)
(1.67 0.0499524111 -0.00218096937)
(1.68 0.0499524111 -0.00218096937)
(1.69 0.0499524111 -0.00218096937)
(1.7 0.0499524111 -0.00218096937)
(1.71 0.0499524111 -0.00218096937)
(1.72 0.0499524111 -0.00218096937)
(1.73 0.0499524111 -0.00218096937)
(1.74 0.0499524111 -0.00218096937)
(1.75 0.0499524111 -0.00218096937)
(1.76 0.0499524111 -0.00218096937)
(1.77 0.0499524111 -0.00218096937)
(1.78 0.0499524111 -0.00218096937)
(1.79 0.0499524111 -0.00218096937)
(1.8 0.0499524111 -0.00218096937)
(1.81 0.0499524111 -0.00218096937)
(1.82 0.0499524111 -0.00218096937)
(1.83 0.0499524111 -0.00218096937)
(1.84 0.0499524111 -0.00218096937)
(1.85 0.0499524111 -0.00218096937)
(1.86 0.0499524111 -0.00218096937)
(1.87 0.0499524111 -0.00218096937)
(1.88 0.0499524111 -0.00218096937)
(1.89 0.0499524111 -0.00218096937)
(1.9 0.0499524111 -0.00218096937)
(1.91 0.0499524111 -0.00218096937)
(1.92 0.0499524111 -0.00218096937)
(1.93 0.0499524111 -0.00218096937)
(1.94 0.0499524111 -0.00218096937)
(1.95 0.0499524111 -0.00218096937)
(1.96 0.0499524111 -0.00218096937)
(1.97 0.0499524111 -0.00218096937)
(1.98 0.0499524111 -0.00218096937)
(1.99 0.0499524111 -0.00218096937)
(2 0.0499524111 -0.00218096937)
(2.01 0.0499524111 -0.00218096937)
(2.02 0.0499524111 -0.00218096937)
(2.03 0.0499524111 -0.00218096937)
(2.04 0.0499524111 -0.00218096937)
(2.05 0.0499524111 -0.00218096937)
(2.06 0.0499524111 -0.00218096937)
(2.07 0.0499524111 -0.00218096937)
(2.08 0.0499524111 -0.00218096937)
(2.09 0.0499524111 -0.00218096937)
(2.1 0.0499524111 -0.00218096937)
(2.11 0.0499524111 -0.00218096937)
(2.12 0.0499524111 -0.00218096937)
(2.13 0.0499524111 -0.00218096937)
(2.14 0.0499524111 -0.00218096937)
(2.15 0.0499524111 -0.00218096937)
(2.16 0.0499524111 -0.00218096937)
(2.17 0.0499524111 -0.00218096937)
(2.18 0.0499524111 -0.00218096937)
(2.19 0.0499524111 -0.00218096937)
(2.2 0.0499524111 -0.00218096937)
(2.21 0.0499524111 -0.00218096937)
(2.22 0.0499524111 -0.00218096937)
(2.23 0.0499524111 -0.00218096937)
(2.24 0.0499524111 -0.00218096937)
(2.25 0.0499524111 -0.00218096937)
(2.26 0.0499524111 -0.00218096937)
(2.27 0.0499524111 -0.00218096937)
(2.28 0.0499524111 -0.00218096937)
(2.29 0.0499524111 -0.00218096937)
(2.3 0.0499524111 -0.00218096937)
(2.31 0.0499524111 -0.00218096937)
(2.32 0.0499524111 -0.00218096937)
(2.33 0.0499524111 -0.00218096937)
(2.34 0.0499524111 -0.00218096937)
(2.35 0.0499524111 -0.00218096937)
(2.36 0.0499524111 -0.00218096937)
(2.37 0.0499524111 -0.00218096937)
(2.38 0.0499524111 -0.00218096937)
(2.39 0.0499524111 -0.00218096937)
(2.4 0.0499524111 -0.00218096937)
(2.41 0.0499524111 -0.00218096937)
(2.42 0.0499524111 -0.00218096937)
(2.43 0.0499524111 -0.00218096937)
(2.44 0.0499524111 -0.00218096937)
(2.45 0.0499524111 -0.00218096937)
(2.46 0.0499524111 -0.00218096937)
(2.47 0.0499524111 -0.00218096937)
(2.48 0.0499524111 -0.00218096937)
(2.49 0.0499524111 -0.00218096937)
(2.5 0.0499524111 -0.00218096937)
(2.51 0.0499524111 -0.00218096937)
(2.52 0.0499524111 -0.00218096937)
(2.53 0.0499524111 -0.00218096937)
(2.54 0.0499524111 -0.00218096937)
(2.55 0.0499524111 -0.00218096937)
(2.56 0.0499524111 -0.00218096937)
(2.57 0.0499524111 -0.00218096937)
(2.58 0.0499524111 -0.00218096937)
(2.59 0.0499524111 -0.00218096937)
(2.6 0.0499524111 -0.00218096937)
(2.61 0.0499524111 -0.00218096937)
(2.62 0.0499524111 -0.00218096937)
(2.63 0.0499524111 -0.00218096937)
(2.64 0.0499524111 -0.00218096937)
(2.65 0.0499524111 -0.00218096937)
(2.66 0.0499524111 -0.00218096937)
(2.67 0.0499524111 -0.00218096937)
(2.68 0.0499524111 -0.00218096937)
(2.69 0.0499524111 -0.00218096937)
(2.7 0.0499524111 -0.00218096937)
(2.71 0.0499524111 -0.00218096937)
(2.72 0.0499524111 -0.00218096937)
(2.73 0.0499524111 -0.00218096937)
(2.74 0.0499524111 -0.00218096937)
(2.75 0.0499524111 -0.00218096937)
(2.76 0.0499524111 -0.00218096937)
(2.77 0.0499524111 -0.00218096937)
(2.78 0.0499524111 -0.00218096937)
(2.79 0.0499524111 -0.00218096937)
(2.8 0.0499524111 -0.00218096937)
(2.81 0.0499524111 -0.00218096937)
(2.82 0.0499524111 -0.00218096937)
(2.83 0.0499524111 -0.00218096937)
(2.84 0.0499524111 -0.00218096937)
(2.85 0.0499524111 -0.00218096937)
(2.86 0.0499524111 -0.00218096937)
(2.87 0.0499524111 -0.00218096937)
(2.88 0.0499524111 -0.00218096937)
(2.89 0.0499524111 -0.00218096937)
(2.9 0.0499524111 -0.00218096937)
(2.91 0.0499524111 -0.00218096937)
(2.92 0.0499524111 -0.00218096937)
(2.93 0.0499524111 -0.00218096937)
(2.94 0.0499524111 -0.00218096937)
(2.95 0.0499524111 -0.00218096937)
(2.96 0.0499524111 -0.00218096937)
(2.97 0.0499524111 -0.00218096937)
(2.98 0.0499524111 -0.00218096937)
(2.99 0.0499524111 -0.00218096937)
(3 0.0499524111 -0.00218096937)
(0 0.002497620555 0.0001090484685)
(0.01 0.002497620555 0.0001090484685)
(0.02 0.002497620555 0.0001090484685)
(0.03 0.002497620555 0.0001090484685)
(0.04 0.002497620555 0.0001090484685)
(0.05 0.002497620555 0.0001090484685)
(0.06 0.002497620555 0.0001090484685)
(0.07 0.002497620555 0.0001090484685)
(0.08 0.002497620555 0.0001090484685)
(0.09 0.002497620555 0.0001090484685)
(0.1 0.002497620555 0.0001090484685)
(0.11 0.002497620555 0.0001090484685)
(0.12 0.002497620555 0.0001090484685)
(0.13 0.002497620555 0.0001090484685)
(0.14 0.002497620555 0.0001090484685)
(0.15 0.002497620555 0.0001090484685)
(0.16 0.002497620555 0.0001090484685)
(0.17 0.002497620555 0.0001090484685)
(0.18 0.002497620555 0.0001090484685)
(0.19 0.002497620555 0.0001090484685)
(0.2 0.002497620555 0.0001090484685)
(0.21 0.002497620555 0.0001090484685)
(0.22 0.002497620555 0.0001090484685)
(0.23 0.002497620555 0.0001090484685)
(0.24 0.002497620555 0.0001090484685)
(0.25 0.002497620555 0.0001090484685)
(0.26 0.002497620555 0.0001090484685)
(0.27 0.002497620555 0.0001090484685)
(0.28 0.002497620555 0.0001090484685)
(0.29 0.002497620555 0.0001090484685)
(0.3 0.002497620555 0.0001090484685)
(0.31 0.002497620555 0.0001090484685)
(0.32 0.002497620555 0.0001090484685)
(0.33 0.002497620555 0.0001090484685)
(0.34 0.002497620555 0.0001090484685)
(0.35 0.002497620555 0.0001090484685)
(0.36 0.002497620555 0.0001090484685)
(0.37 0.002497620555 0.0001090484685)
(0.38 0.002497620555 0.0001090484685)
(0.39 0.002497620555 0.0001090484685)
(0.4 0.002497620555 0.0001090484685)
(0.41 0.002497620555 0.0001090484685)
(0.42 0.002497620555 0.0001090484685)
(0.43 0.002497620555 0.0001090484685)
(0.44 0.002497620555 0.0001090484685)
(0.45 0.002497620555 0.0001090484685)
(0.46 0.002497620555 0.0001090484685)
(0.47 0.002497620555 0.0001090484685)
(0.48 0.002497620555 0.0001090484685)
(0.49 0.002497620555 0.0001090484685)
(0.5 0.002497620555 0.0001090484685)
(0.51 0.002497620555 0.0001090484685)
(0.52 0.002497620555 0.0001090484685)
(0.53 0.002497620555 0.0001090484685)
(0.54 0.002497620555 0.0001090484685)
(0.55 0.002497620555 0.0001090484685)
(0.56 0.002497620555 0.0001090484685)
(0.57 0.002497620555 0.0001090484685)
(0.58 0.002497620555 0.0001090484685)
(0.59 0.002497620555 0.0001090484685)
(0.6 0.002497620555 0.0001090484685)
(0.61 0.002497620555 0.0001090484685)
(0.62 0.002497620555 0.0001090484685)
(0.63 0.002497620555 0.0001090484685)
(0.64 0.002497620555 0.0001090484685)
(0.65 0.002497620555 0.0001090484685)
(0.66 0.002497620555 0.0001090484685)
(0.67 0.002497620555 0.0001090484685)
(0.68 0.002497620555 0.0001090484685)
(0.69 0.002497620555 0.0001090484685)
(0.7 0.002497620555 0.0001090484685)
(0.71 0.002497620555 0.0001090484685)
(0.72 0.002497620555 0.0001090484685)
(0.73 0.002497620555 0.0001090484685)
(0.74 0.002497620555 0.0001090484685)
(0.75 0.002497620555 0.0001090484685)
(0.76 0.002497620555 0.0001090484685)
(0.77 0.002497620555 0.0001090484685)
(0.78 0.002497620555 0.0001090484685)
(0.79 0.002497620555 0.0001090484685)
(0.8 0.002497620555 0.0001090484685)
(0.81 0.002497620555 0.0001090484685)
(0.82 0.002497620555 0.0001090484685)
(0.83 0.002497620555 0.0001090484685)
(0.84 0.002497620555 0.0001090484685)
(0.85 0.002497620555 0.0001090484685)
(0.86 0.002497620555 0.0001090484685)
(0.87 0.002497620555 0.0001090484685)
(0.88 0.002497620555 0.0001090484685)
(0.89 0.002497620555 0.0001090484685)
(0.9 0.002497620555 0.0001090484685)
(0.91 0.002497620555 0.0001090484685)
(0.92 0.002497620555 0.0001090484685)
(0.93 0.002497620555 0.0001090484685)
(0.94 0.002497620555 0.0001090484685)
(0.95 0.002497620555 0.0001090484685)
(0.96 0.002497620555 0.0001090484685)
(0.97 0.002497620555 0.0001090484685)
(0.98 0.002497620555 0.0001090484685)
(0.99 0.002497620555 0.0001090484685)
(1 0.002497620555 0.0001090484685)
(1.01 0.002497620555 0.0001090484685)
(1.02 0.002497620555 0.0001090484685)
(1.03 0.002497620555 0.0001090484685)
(1.04 0.002497620555 0.0001090484685)
(1.05 0.002497620555 0.0001090484685)
(1.06 0.002497620555 0.0001090484685)
(1.07 0.002497620555 0.0001090484685)
(1.08 0.002497620555 0.0001090484685)
(1.09 0.002497620555 0.0001090484685)
(1.1 0.002497620555 0.0001090484685)
(1.11 0.002497620555 0.0001090484685)
(1.12 0.002497620555 0.0001090484685)
(1.13 0.002497620555 0.0001090484685)
(1.14 0.002497620555 0.0001090484685)
(1.15 0.002497620555 0.0001090484685)
(1.16 0.002497620555 0.0001090484685)
(1.17 0.002497620555 0.0001090484685)
(1.18 0.002497620555 0.0001090484685)
(1.19 0.002497620555 0.0001090484685)
(1.2 0.002497620555 0.0001090484685)
(1.21 0.002497620555 0.0001090484685)
(1.22 0.002497620555 0.0001090484685)
(1.23 0.002497620555 0.0001090484685)
(1.24 0.002497620555 0.0001090484685)
(1.25 0.002497620555 0.0001090484685)
(1.26 0.002497620555 0.0001090484685)
(1.27 0.002497620555 0.0001090484685)
(1.28 0.002497620555 0.0001090484685)
(1.29 0.002497620555 0.0001090484685)
(1.3 0.002497620555 0.0001090484685)
(1.31 0.002497620555 0.0001090484685)
(1.32 0.002497620555 0.0001090484685)
(1.33 0.002497620555 0.0001090484685)
(1.34 0.002497620555 0.0001090484685)
(1.35 0.002497620555 0.0001090484685)
(1.36 0.002497620555 0.0001090484685)
(1.37 0.002497620555 0.0001090484685)
(1.38 0.002497620555 0.0001090484685)
(1.39 0.002497620555 0.0001090484685)
(1.4 0.002497620555 0.0001090484685)
(1.41 0.002497620555 0.0001090484685)
(1.42 0.002497620555 0.0001090484685)
(1.43 0.002497620555 0.0001090484685)
(1.44 0.002497620555 0.0001090484685)
(1.45 0.002497620555 0.0001090484685)
(1.46 0.002497620555 0.0001090484685)
(1.47 0.002497620555 0.0001090484685)
(1.48 0.002497620555 0.0001090484685)
(1.49 0.002497620555 0.0001090484685)
(1.5 0.002497620555 0.0001090484685)
(1.51 0.002497620555 0.0001090484685)
(1.52 0.002497620555 0.0001090484685)
(1.53 0.002497620555 0.0001090484685)
(1.54 0.002497620555 0.0001090484685)
(1.55 0.002497620555 0.0001090484685)
(1.56 0.002497620555 0.0001090484685)
(1.57 0.002497620555 0.0001090484685)
(1.58 0.002497620555 0.0001090484685)
(1.59 0.002497620555 0.0001090484685)
(1.6 0.002497620555 0.0001090484685)
(1.61 0.002497620555 0.0001090484685)
(1.62 0.002497620555 0.0001090484685)
(1.63 0.002497620555 0.0001090484685)
(1.64 0.002497620555 0.0001090484685)
(1.65 0.002497620555 0.0001090484685)
(1.66 0.002497620555 0.0001090484685)
(1.67 0.002497620555 0.0001090484685)
(1.68 0.002497620555 0.0001090484685)
(1.69 0.002497620555 0.0001090484685)
(1.7 0.002497620555 0.0001090484685)
(1.71 0.002497620555 0.0001090484685)
(1.72 0.002497620555 0.0001090484685)
(1.73 0.002497620555 0.0001090484685)
(1.74 0.002497620555 0.0001090484685)
(1.75 0.002497620555 0.0001090484685)
(1.76 0.002497620555 0.0001090484685)
(1.77 0.002497620555 0.0001090484685)
(1.78 0.002497620555 0.0001090484685)
(1.79 0.002497620555 0.0001090484685)
(1.8 0.002497620555 0.0001090484685)
(1.81 0.002497620555 0.0001090484685)
(1.82 0.002497620555 0.0001090484685)
(1.83 0.002497620555 0.0001090484685)
(1.84 0.002497620555 0.0001090484685)
(1.85 0.002497620555 0.0001090484685)
(1.86 0.002497620555 0.0001090484685)
(1.87 0.002497620555 0.0001090484685)
(1.88 0.002497620555 0.0001090484685)
(1.89 0.002497620555 0.0001090484685)
(1.9 0.002497620555 0.0001090484685)
(1.91 0.002497620555 0.0001090484685)
(1.92 0.002497620555 0.0001090484685)
(1.93 0.002497620555 0.0001090484685)
(1.94 0.002497620555 0.0001090484685)
(1.95 0.002497620555 0.0001090484685)
(1.96 0.002497620555 0.0001090484685)
(1.97 0.002497620555 0.0001090484685)
(1.98 0.002497620555 0.0001090484685)
(1.99 0.002497620555 0.0001090484685)
(2 0.002497620555 0.0001090484685)
(2.01 0.002497620555 0.0001090484685)
(2.02 0.002497620555 0.0001090484685)
(2.03 0.002497620555 0.0001090484685)
(2.04 0.002497620555 0.0001090484685)
(2.05 0.002497620555 0.0001090484685)
(2.06 0.002497620555 0.0001090484685)
(2.07 0.002497620555 0.0001090484685)
(2.08 0.002497620555 0.0001090484685)
(2.09 0.002497620555 0.0001090484685)
(2.1 0.002497620555 0.0001090484685)
(2.11 0.002497620555 0.0001090484685)
(2.12 0.002497620555 0.0001090484685)
(2.13 0.002497620555 0.0001090484685)
(2.14 0.002497620555 0.0001090484685)
(2.15 0.002497620555 0.0001090484685)
(2.16 0.002497620555 0.0001090484685)
(2.17 0.002497620555 0.0001090484685)
(2.18 0.002497620555 0.0001090484685)
(2.19 0.002497620555 0.0001090484685)
(2.2 0.002497620555 0.0001090484685)
(2.21 0.002497620555 0.0001090484685)
(2.22 0.002497620555 0.0001090484685)
(2.23 0.002497620555 0.0001090484685)
(2.24 0.002497620555 0.0001090484685)
(2.25 0.002497620555 0.0001090484685)
(2.26 0.002497620555 0.0001090484685)
(2.27 0.002497620555 0.0001090484685)
(2.28 0.002497620555 0.0001090484685)
(2.29 0.002497620555 0.0001090484685)
(2.3 0.002497620555 0.0001090484685)
(2.31 0.002497620555 0.0001090484685)
(2.32 0.002497620555 0.0001090484685)
(2.33 0.002497620555 0.0001090484685)
(2.34 0.002497620555 0.0001090484685)
(2.35 0.002497620555 0.0001090484685)
(2.36 0.002497620555 0.0001090484685)
(2.37 0.002497620555 0.0001090484685)
(2.38 0.002497620555 0.0001090484685)
(2.39 0.002497620555 0.0001090484685)
(2.4 0.002497620555 0.0001090484685)
(2.41 0.002497620555 0.0001090484685)
(2.42 0.002497620555 0.0001090484685)
(2.43 0.002497620555 0.0001090484685)
(2.44 0.002497620555 0.0001090484685)
(2.45 0.002497620555 0.0001090484685)
(2.46 0.002497620555 0.0001090484685)
(2.47 0.002497620555 0.0001090484685)
(2.48 0.002497620555 0.0001090484685)
(2.49 0.002497620555 0.0001090484685)
(2.5 0.002497620555 0.0001090484685)
(2.51 0.002497620555 0.0001090484685)
(2.52 0.002497620555 0.0001090484685)
(2.53 0.002497620555 0.0001090484685)
(2.54 0.002497620555 0.0001090484685)
(2.55 0.002497620555 0.0001090484685)
(2.56 0.002497620555 0.0001090484685)
(2.57 0.002497620555 0.0001090484685)
(2.58 0.002497620555 0.0001090484685)
(2.59 0.002497620555 0.0001090484685)
(2.6 0.002497620555 0.0001090484685)
(2.61 0.002497620555 0.0001090484685)
(2.62 0.002497620555 0.0001090484685)
(2.63 0.002497620555 0.0001090484685)
(2.64 0.002497620555 0.0001090484685)
(2.65 0.002497620555 0.0001090484685)
(2.66 0.002497620555 0.0001090484685)
(2.67 0.002497620555 0.0001090484685)
(2.68 0.002497620555 0.0001090484685)
(2.69 0.002497620555 0.0001090484685)
(2.7 0.002497620555 0.0001090484685)
(2.71 0.002497620555 0.0001090484685)
(2.72 0.002497620555 0.0001090484685)
(2.73 0.002497620555 0.0001090484685)
(2.74 0.002497620555 0.0001090484685)
(2.75 0.002497620555 0.0001090484685)
(2.76 0.002497620555 0.0001090484685)
(2.77 0.002497620555 0.0001090484685)
(2.78 0.002497620555 0.0001090484685)
(2.79 0.002497620555 0.0001090484685)
(2.8 0.002497620555 0.0001090484685)
(2.81 0.002497620555 0.0001090484685)
(2.82 0.002497620555 0.0001090484685)
(2.83 0.002497620555 0.0001090484685)
(2.84 0.002497620555 0.0001090484685)
(2.85 0.002497620555 0.0001090484685)
(2.86 0.002497620555 0.0001090484685)
(2.87 0.002497620555 0.0001090484685)
(2.88 0.002497620555 0.0001090484685)
(2.89 0.002497620555 0.0001090484685)
(2.9 0.002497620555 0.0001090484685)
(2.91 0.002497620555 0.0001090484685)
(2.92 0.002497620555 0.0001090484685)
(2.93 0.002497620555 0.0001090484685)
(2.94 0.002497620555 0.0001090484685)
(2.95 0.002497620555 0.0001090484685)
(2.96 0.002497620555 0.0001090484685)
(2.97 0.002497620555 0.0001090484685)
(2.98 0.002497620555 0.0001090484685)
(2.99 0.002497620555 0.0001090484685)
(3 0.002497620555 0.0001090484685)
(0 0.00499524111 0.000218096937)
(0.01 0.00499524111 0.000218096937)
(0.02 0.00499524111 0.000218096937)
(0.03 0.00499524111 0.000218096937)
(0.04 0.00499524111 0.000218096937)
(0.05 0.00499524111 0.000218096937)
(0.06 0.00499524111 0.000218096937)
(0.07 0.00499524111 0.000218096937)
(0.08 0.00499524111 0.000218096937)
(0.09 0.00499524111 0.000218096937)
(0.1 0.00499524111 0.000218096937)
(0.11 0.00499524111 0.000218096937)
(0.12 0.00499524111 0.000218096937)
(0.13 0.00499524111 0.000218096937)
(0.14 0.00499524111 0.000218096937)
(0.15 0.00499524111 0.000218096937)
(0.16 0.00499524111 0.000218096937)
(0.17 0.00499524111 0.000218096937)
(0.18 0.00499524111 0.000218096937)
(0.19 0.00499524111 0.000218096937)
(0.2 0.00499524111 0.000218096937)
(0.21 0.00499524111 0.000218096937)
(0.22 0.00499524111 0.000218096937)
(0.23 0.00499524111 0.000218096937)
(0.24 0.00499524111 0.000218096937)
(0.25 0.00499524111 0.000218096937)
(0.26 0.00499524111 0.000218096937)
(0.27 0.00499524111 0.000218096937)
(0.28 0.00499524111 0.000218096937)
(0.29 0.00499524111 0.000218096937)
(0.3 0.00499524111 0.000218096937)
(0.31 0.00499524111 0.000218096937)
(0.32 0.00499524111 0.000218096937)
(0.33 0.00499524111 0.000218096937)
(0.34 0.00499524111 0.000218096937)
(0.35 0.00499524111 0.000218096937)
(0.36 0.00499524111 0.000218096937)
(0.37 0.00499524111 0.000218096937)
(0.38 0.00499524111 0.000218096937)
(0.39 0.00499524111 0.000218096937)
(0.4 0.00499524111 0.000218096937)
(0.41 0.00499524111 0.000218096937)
(0.42 0.00499524111 0.000218096937)
(0.43 0.00499524111 0.000218096937)
(0.44 0.00499524111 0.000218096937)
(0.45 0.00499524111 0.000218096937)
(0.46 0.00499524111 0.000218096937)
(0.47 0.00499524111 0.000218096937)
(0.48 0.00499524111 0.000218096937)
(0.49 0.00499524111 0.000218096937)
(0.5 0.00499524111 0.000218096937)
(0.51 0.00499524111 0.000218096937)
(0.52 0.00499524111 0.000218096937)
(0.53 0.00499524111 0.000218096937)
(0.54 0.00499524111 0.000218096937)
(0.55 0.00499524111 0.000218096937)
(0.56 0.00499524111 0.000218096937)
(0.57 0.00499524111 0.000218096937)
(0.58 0.00499524111 0.000218096937)
(0.59 0.00499524111 0.000218096937)
(0.6 0.00499524111 0.000218096937)
(0.61 0.00499524111 0.000218096937)
(0.62 0.00499524111 0.000218096937)
(0.63 0.00499524111 0.000218096937)
(0.64 0.00499524111 0.000218096937)
(0.65 0.00499524111 0.000218096937)
(0.66 0.00499524111 0.000218096937)
(0.67 0.00499524111 0.000218096937)
(0.68 0.00499524111 0.000218096937)
(0.69 0.00499524111 0.000218096937)
(0.7 0.00499524111 0.000218096937)
(0.71 0.00499524111 0.000218096937)
(0.72 0.00499524111 0.000218096937)
(0.73 0.00499524111 0.000218096937)
(0.74 0.00499524111 0.000218096937)
(0.75 0.00499524111 0.000218096937)
(0.76 0.00499524111 0.000218096937)
(0.77 0.00499524111 0.000218096937)
(0.78 0.00499524111 0.000218096937)
(0.79 0.00499524111 0.000218096937)
(0.8 0.00499524111 0.000218096937)
(0.81 0.00499524111 0.000218096937)
(0.82 0.00499524111 0.000218096937)
(0.83 0.00499524111 0.000218096937)
(0.84 0.00499524111 0.000218096937)
(0.85 0.00499524111 0.000218096937)
(0.86 0.00499524111 0.000218096937)
(0.87 0.00499524111 0.000218096937)
(0.88 0.00499524111 0.000218096937)
(0.89 0.00499524111 0.000218096937)
(0.9 0.00499524111 0.000218096937)
(0.91 0.00499524111 0.000218096937)
(0.92 0.00499524111 0.000218096937)
(0.93 0.00499524111 0.000218096937)
(0.94 0.00499524111 0.000218096937)
(0.95 0.00499524111 0.000218096937)
(0.96 0.00499524111 0.000218096937)
(0.97 0.00499524111 0.000218096937)
(0.98 0.00499524111 0.000218096937)
(0.99 0.00499524111 0.000218096937)
(1 0.00499524111 0.000218096937)
(1.01 0.00499524111 0.000218096937)
(1.02 0.00499524111 0.000218096937)
(1.03 0.00499524111 0.000218096937)
(1.04 0.00499524111 0.000218096937)
(1.05 0.00499524111 0.000218096937)
(1.06 0.00499524111 0.000218096937)
(1.07 0.00499524111 0.000218096937)
(1.08 0.00499524111 0.000218096937)
(1.09 0.00499524111 0.000218096937)
(1.1 0.00499524111 0.000218096937)
(1.11 0.00499524111 0.000218096937)
(1.12 0.00499524111 0.000218096937)
(1.13 0.00499524111 0.000218096937)
(1.14 0.00499524111 0.000218096937)
(1.15 0.00499524111 0.000218096937)
(1.16 0.00499524111 0.000218096937)
(1.17 0.00499524111 0.000218096937)
(1.18 0.00499524111 0.000218096937)
(1.19 0.00499524111 0.000218096937)
(1.2 0.00499524111 0.000218096937)
(1.21 0.00499524111 0.000218096937)
(1.22 0.00499524111 0.000218096937)
(1.23 0.00499524111 0.000218096937)
(1.24 0.00499524111 0.000218096937)
(1.25 0.00499524111 0.000218096937)
(1.26 0.00499524111 0.000218096937)
(1.27 0.00499524111 0.000218096937)
(1.28 0.00499524111 0.000218096937)
(1.29 0.00499524111 0.000218096937)
(1.3 0.00499524111 0.000218096937)
(1.31 0.00499524111 0.000218096937)
(1.32 0.00499524111 0.000218096937)
(1.33 0.00499524111 0.000218096937)
(1.34 0.00499524111 0.000218096937)
(1.35 0.00499524111 0.000218096937)
(1.36 0.00499524111 0.000218096937)
(1.37 0.00499524111 0.000218096937)
(1.38 0.00499524111 0.000218096937)
(1.39 0.00499524111 0.000218096937)
(1.4 0.00499524111 0.000218096937)
(1.41 0.00499524111 0.000218096937)
(1.42 0.00499524111 0.000218096937)
(1.43 0.00499524111 0.000218096937)
(1.44 0.00499524111 0.000218096937)
(1.45 0.00499524111 0.000218096937)
(1.46 0.00499524111 0.000218096937)
(1.47 0.00499524111 0.000218096937)
(1.48 0.00499524111 0.000218096937)
(1.49 0.00499524111 0.000218096937)
(1.5 0.00499524111 0.000218096937)
(1.51 0.00499524111 0.000218096937)
(1.52 0.00499524111 0.000218096937)
(1.53 0.00499524111 0.000218096937)
(1.54 0.00499524111 0.000218096937)
(1.55 0.00499524111 0.000218096937)
(1.56 0.00499524111 0.000218096937)
(1.57 0.00499524111 0.000218096937)
(1.58 0.00499524111 0.000218096937)
(1.59 0.00499524111 0.000218096937)
(1.6 0.00499524111 0.000218096937)
(1.61 0.00499524111 0.000218096937)
(1.62 0.00499524111 0.000218096937)
(1.63 0.00499524111 0.000218096937)
(1.64 0.00499524111 0.000218096937)
(1.65 0.00499524111 0.000218096937)
(1.66 0.00499524111 0.000218096937)
(1.67 0.00499524111 0.000218096937)
(1.68 0.00499524111 0.000218096937)
(1.69 0.00499524111 0.000218096937)
(1.7 0.00499524111 0.000218096937)
(1.71 0.00499524111 0.000218096937)
(1.72 0.00499524111 0.000218096937)
(1.73 0.00499524111 0.000218096937)
(1.74 0.00499524111 0.000218096937)
(1.75 0.00499524111 0.000218096937)
(1.76 0.00499524111 0.000218096937)
(1.77 0.00499524111 0.000218096937)
(1.78 0.00499524111 0.000218096937)
(1.79 0.00499524111 0.000218096937)
(1.8 0.00499524111 0.000218096937)
(1.81 0.00499524111 0.000218096937)
(1.82 0.00499524111 0.000218096937)
(1.83 0.00499524111 0.000218096937)
(1.84 0.00499524111 0.000218096937)
(1.85 0.00499524111 0.000218096937)
(1.86 0.00499524111 0.000218096937)
(1.87 0.00499524111 0.000218096937)
(1.88 0.00499524111 0.000218096937)
(1.89 0.00499524111 0.000218096937)
(1.9 0.00499524111 0.000218096937)
(1.91 0.00499524111 0.000218096937)
(1.92 0.00499524111 0.000218096937)
(1.93 0.00499524111 0.000218096937)
(1.94 0.00499524111 0.000218096937)
(1.95 0.00499524111 0.000218096937)
(1.96 0.00499524111 0.000218096937)
(1.97 0.00499524111 0.000218096937)
(1.98 0.00499524111 0.000218096937)
(1.99 0.00499524111 0.000218096937)
(2 0.00499524111 0.000218096937)
(2.01 0.00499524111 0.000218096937)
(2.02 0.00499524111 0.000218096937)
(2.03 0.00499524111 0.000218096937)
(2.04 0.00499524111 0.000218096937)
(2.05 0.00499524111 0.000218096937)
(2.06 0.00499524111 0.000218096937)
(2.07 0.00499524111 0.000218096937)
(2.08 0.00499524111 0.000218096937)
(2.09 0.00499524111 0.000218096937)
(2.1 0.00499524111 0.000218096937)
(2.11 0.00499524111 0.000218096937)
(2.12 0.00499524111 0.000218096937)
(2.13 0.00499524111 0.000218096937)
(2.14 0.00499524111 0.000218096937)
(2.15 0.00499524111 0.000218096937)
(2.16 0.00499524111 0.000218096937)
(2.17 0.00499524111 0.000218096937)
(2.18 0.00499524111 0.000218096937)
(2.19 0.00499524111 0.000218096937)
(2.2 0.00499524111 0.000218096937)
(2.21 0.00499524111 0.000218096937)
(2.22 0.00499524111 0.000218096937)
(2.23 0.00499524111 0.000218096937)
(2.24 0.00499524111 0.000218096937)
(2.25 0.00499524111 0.000218096937)
(2.26 0.00499524111 0.000218096937)
(2.27 0.00499524111 0.000218096937)
(2.28 0.00499524111 0.000218096937)
(2.29 0.00499524111 0.000218096937)
(2.3 0.00499524111 0.000218096937)
(2.31 0.00499524111 0.000218096937)
(2.32 0.00499524111 0.000218096937)
(2.33 0.00499524111 0.000218096937)
(2.34 0.00499524111 0.000218096937)
(2.35 0.00499524111 0.000218096937)
(2.36 0.00499524111 0.000218096937)
(2.37 0.00499524111 0.000218096937)
(2.38 0.00499524111 0.000218096937)
(2.39 0.00499524111 0.000218096937)
(2.4 0.00499524111 0.000218096937)
(2.41 0.00499524111 0.000218096937)
(2.42 0.00499524111 0.000218096937)
(2.43 0.00499524111 0.000218096937)
(2.44 0.00499524111 0.000218096937)
(2.45 0.00499524111 0.000218096937)
(2.46 0.00499524111 0.000218096937)
(2.47 0.00499524111 0.000218096937)
(2.48 0.00499524111 0.000218096937)
(2.49 0.00499524111 0.000218096937)
(2.5 0.00499524111 0.000218096937)
(2.51 0.00499524111 0.000218096937)
(2.52 0.00499524111 0.000218096937)
(2.53 0.00499524111 0.000218096937)
(2.54 0.00499524111 0.000218096937)
(2.55 0.00499524111 0.000218096937)
(2.56 0.00499524111 0.000218096937)
(2.57 0.00499524111 0.000218096937)
(2.58 0.00499524111 0.000218096937)
(2.59 0.00499524111 0.000218096937)
(2.6 0.00499524111 0.000218096937)
(2.61 0.00499524111 0.000218096937)
(2.62 0.00499524111 0.000218096937)
(2.63 0.00499524111 0.000218096937)
(2.64 0.00499524111 0.000218096937)
(2.65 0.00499524111 0.000218096937)
(2.66 0.00499524111 0.000218096937)
(2.67 0.00499524111 0.000218096937)
(2.68 0.00499524111 0.000218096937)
(2.69 0.00499524111 0.000218096937)
(2.7 0.00499524111 0.000218096937)
(2.71 0.00499524111 0.000218096937)
(2.72 0.00499524111 0.000218096937)
(2.73 0.00499524111 0.000218096937)
(2.74 0.00499524111 0.000218096937)
(2.75 0.00499524111 0.000218096937)
(2.76 0.00499524111 0.000218096937)
(2.77 0.00499524111 0.000218096937)
(2.78 0.00499524111 0.000218096937)
(2.79 0.00499524111 0.000218096937)
(2.8 0.00499524111 0.000218096937)
(2.81 0.00499524111 0.000218096937)
(2.82 0.00499524111 0.000218096937)
(2.83 0.00499524111 0.000218096937)
(2.84 0.00499524111 0.000218096937)
(2.85 0.00499524111 0.000218096937)
(2.86 0.00499524111 0.000218096937)
(2.87 0.00499524111 0.000218096937)
(2.88 0.00499524111 0.000218096937)
(2.89 0.00499524111 0.000218096937)
(2.9 0.00499524111 0.000218096937)
(2.91 0.00499524111 0.000218096937)
(2.92 0.00499524111 0.000218096937)
(2.93 0.00499524111 0.000218096937)
(2.94 0.00499524111 0.000218096937)
(2.95 0.00499524111 0.000218096937)
(2.96 0.00499524111 0.000218096937)
(2.97 0.00499524111 0.000218096937)
(2.98 0.00499524111 0.000218096937)
(2.99 0.00499524111 0.000218096937)
(3 0.00499524111 0.000218096937)
(0 0.007492861665 0.0003271454055)
(0.01 0.007492861665 0.0003271454055)
(0.02 0.007492861665 0.0003271454055)
(0.03 0.007492861665 0.0003271454055)
(0.04 0.007492861665 0.0003271454055)
(0.05 0.007492861665 0.0003271454055)
(0.06 0.007492861665 0.0003271454055)
(0.07 0.007492861665 0.0003271454055)
(0.08 0.007492861665 0.0003271454055)
(0.09 0.007492861665 0.0003271454055)
(0.1 0.007492861665 0.0003271454055)
(0.11 0.007492861665 0.0003271454055)
(0.12 0.007492861665 0.0003271454055)
(0.13 0.007492861665 0.0003271454055)
(0.14 0.007492861665 0.0003271454055)
(0.15 0.007492861665 0.0003271454055)
(0.16 0.007492861665 0.0003271454055)
(0.17 0.007492861665 0.0003271454055)
(0.18 0.007492861665 0.0003271454055)
(0.19 0.007492861665 0.0003271454055)
(0.2 0.007492861665 0.0003271454055)
(0.21 0.007492861665 0.0003271454055)
(0.22 0.007492861665 0.0003271454055)
(0.23 0.007492861665 0.0003271454055)
(0.24 0.007492861665 0.0003271454055)
(0.25 0.007492861665 0.0003271454055)
(0.26 0.007492861665 0.0003271454055)
(0.27 0.007492861665 0.0003271454055)
(0.28 0.007492861665 0.0003271454055)
(0.29 0.007492861665 0.0003271454055)
(0.3 0.007492861665 0.0003271454055)
(0.31 0.007492861665 0.0003271454055)
(0.32 0.007492861665 0.0003271454055)
(0.33 0.007492861665 0.0003271454055)
(0.34 0.007492861665 0.0003271454055)
(0.35 0.007492861665 0.0003271454055)
(0.36 0.007492861665 0.0003271454055)
(0.37 0.007492861665 0.0003271454055)
(0.38 0.007492861665 0.0003271454055)
(0.39 0.007492861665 0.0003271454055)
(0.4 0.007492861665 0.0003271454055)
(0.41 0.007492861665 0.0003271454055)
(0.42 0.007492861665 0.0003271454055)
(0.43 0.007492861665 0.0003271454055)
(0.44 0.007492861665 0.0003271454055)
(0.45 0.007492861665 0.0003271454055)
(0.46 0.007492861665 0.0003271454055)
(0.47 0.007492861665 0.0003271454055)
(0.48 0.007492861665 0.0003271454055)
(0.49 0.007492861665 0.0003271454055)
(0.5 0.007492861665 0.0003271454055)
(0.51 0.007492861665 0.0003271454055)
(0.52 0.007492861665 0.0003271454055)
(0.53 0.007492861665 0.0003271454055)
(0.54 0.007492861665 0.0003271454055)
(0.55 0.007492861665 0.0003271454055)
(0.56 0.007492861665 0.0003271454055)
(0.57 0.007492861665 0.0003271454055)
(0.58 0.007492861665 0.0003271454055)
(0.59 0.007492861665 0.0003271454055)
(0.6 0.007492861665 0.0003271454055)
(0.61 0.007492861665 0.0003271454055)
(0.62 0.007492861665 0.0003271454055)
(0.63 0.007492861665 0.0003271454055)
(0.64 0.007492861665 0.0003271454055)
(0.65 0.007492861665 0.0003271454055)
(0.66 0.007492861665 0.0003271454055)
(0.67 0.007492861665 0.0003271454055)
(0.68 0.007492861665 0.0003271454055)
(0.69 0.007492861665 0.0003271454055)
(0.7 0.007492861665 0.0003271454055)
(0.71 0.007492861665 0.0003271454055)
(0.72 0.007492861665 0.0003271454055)
(0.73 0.007492861665 0.0003271454055)
(0.74 0.007492861665 0.0003271454055)
(0.75 0.007492861665 0.0003271454055)
(0.76 0.007492861665 0.0003271454055)
(0.77 0.007492861665 0.0003271454055)
(0.78 0.007492861665 0.0003271454055)
(0.79 0.007492861665 0.0003271454055)
(0.8 0.007492861665 0.0003271454055)
(0.81 0.007492861665 0.0003271454055)
(0.82 0.007492861665 0.0003271454055)
(0.83 0.007492861665 0.0003271454055)
(0.84 0.007492861665 0.0003271454055)
(0.85 0.007492861665 0.0003271454055)
(0.86 0.007492861665 0.0003271454055)
(0.87 0.007492861665 0.0003271454055)
(0.88 0.007492861665 0.0003271454055)
(0.89 0.007492861665 0.0003271454055)
(0.9 0.007492861665 0.0003271454055)
(0.91 0.007492861665 0.0003271454055)
(0.92 0.007492861665 0.0003271454055)
(0.93 0.007492861665 0.0003271454055)
(0.94 0.007492861665 0.0003271454055)
(0.95 0.007492861665 0.0003271454055)
(0.96 0.007492861665 0.0003271454055)
(0.97 0.007492861665 0.0003271454055)
(0.98 0.007492861665 0.0003271454055)
(0.99 0.007492861665 0.0003271454055)
(1 0.007492861665 0.0003271454055)
(1.01 0.007492861665 0.0003271454055)
(1.02 0.007492861665 0.0003271454055)
(1.03 0.007492861665 0.0003271454055)
(1.04 0.007492861665 0.0003271454055)
(1.05 0.007492861665 0.0003271454055)
(1.06 0.007492861665 0.0003271454055)
(1.07 0.007492861665 0.0003271454055)
(1.08 0.007492861665 0.0003271454055)
(1.09 0.007492861665 0.0003271454055)
(1.1 0.007492861665 0.0003271454055)
(1.11 0.007492861665 0.0003271454055)
(1.12 0.007492861665 0.0003271454055)
(1.13 0.007492861665 0.0003271454055)
(1.14 0.007492861665 0.0003271454055)
(1.15 0.007492861665 0.0003271454055)
(1.16 0.007492861665 0.0003271454055)
(1.17 0.007492861665 0.0003271454055)
(1.18 0.007492861665 0.0003271454055)
(1.19 0.007492861665 0.0003271454055)
(1.2 0.007492861665 0.0003271454055)
(1.21 0.007492861665 0.0003271454055)
(1.22 0.007492861665 0.0003271454055)
(1.23 0.007492861665 0.0003271454055)
(1.24 0.007492861665 0.0003271454055)
(1.25 0.007492861665 0.0003271454055)
(1.26 0.007492861665 0.0003271454055)
(1.27 0.007492861665 0.0003271454055)
(1.28 0.007492861665 0.0003271454055)
(1.29 0.007492861665 0.0003271454055)
(1.3 0.007492861665 0.0003271454055)
(1.31 0.007492861665 0.0003271454055)
(1.32 0.007492861665 0.0003271454055)
(1.33 0.007492861665 0.0003271454055)
(1.34 0.007492861665 0.0003271454055)
(1.35 0.007492861665 0.0003271454055)
(1.36 0.007492861665 0.0003271454055)
(1.37 0.007492861665 0.0003271454055)
(1.38 0.007492861665 0.0003271454055)
(1.39 0.007492861665 0.0003271454055)
(1.4 0.007492861665 0.0003271454055)
(1.41 0.007492861665 0.0003271454055)
(1.42 0.007492861665 0.0003271454055)
(1.43 0.007492861665 0.0003271454055)
(1.44 0.007492861665 0.0003271454055)
(1.45 0.007492861665 0.0003271454055)
(1.46 0.007492861665 0.0003271454055)
(1.47 0.007492861665 0.0003271454055)
(1.48 0.007492861665 0.0003271454055)
(1.49 0.007492861665 0.0003271454055)
(1.5 0.007492861665 0.0003271454055)
(1.51 0.007492861665 0.0003271454055)
(1.52 0.007492861665 0.0003271454055)
(1.53 0.007492861665 0.0003271454055)
(1.54 0.007492861665 0.0003271454055)
(1.55 0.007492861665 0.0003271454055)
(1.56 0.007492861665 0.0003271454055)
(1.57 0.007492861665 0.0003271454055)
(1.58 0.007492861665 0.0003271454055)
(1.59 0.007492861665 0.0003271454055)
(1.6 0.007492861665 0.0003271454055)
(1.61 0.007492861665 0.0003271454055)
(1.62 0.007492861665 0.0003271454055)
(1.63 0.007492861665 0.0003271454055)
(1.64 0.007492861665 0.0003271454055)
(1.65 0.007492861665 0.0003271454055)
(1.66 0.007492861665 0.0003271454055)
(1.67 0.007492861665 0.0003271454055)
(1.68 0.007492861665 0.0003271454055)
(1.69 0.007492861665 0.0003271454055)
(1.7 0.007492861665 0.0003271454055)
(1.71 0.007492861665 0.0003271454055)
(1.72 0.007492861665 0.0003271454055)
(1.73 0.007492861665 0.0003271454055)
(1.74 0.007492861665 0.0003271454055)
(1.75 0.007492861665 0.0003271454055)
(1.76 0.007492861665 0.0003271454055)
(1.77 0.007492861665 0.0003271454055)
(1.78 0.007492861665 0.0003271454055)
(1.79 0.007492861665 0.0003271454055)
(1.8 0.007492861665 0.0003271454055)
(1.81 0.007492861665 0.0003271454055)
(1.82 0.007492861665 0.0003271454055)
(1.83 0.007492861665 0.0003271454055)
(1.84 0.007492861665 0.0003271454055)
(1.85 0.007492861665 0.0003271454055)
(1.86 0.007492861665 0.0003271454055)
(1.87 0.007492861665 0.0003271454055)
(1.88 0.007492861665 0.0003271454055)
(1.89 0.007492861665 0.0003271454055)
(1.9 0.007492861665 0.0003271454055)
(1.91 0.007492861665 0.0003271454055)
(1.92 0.007492861665 0.0003271454055)
(1.93 0.007492861665 0.0003271454055)
(1.94 0.007492861665 0.0003271454055)
(1.95 0.007492861665 0.0003271454055)
(1.96 0.007492861665 0.0003271454055)
(1.97 0.007492861665 0.0003271454055)
(1.98 0.007492861665 0.0003271454055)
(1.99 0.007492861665 0.0003271454055)
(2 0.007492861665 0.0003271454055)
(2.01 0.007492861665 0.0003271454055)
(2.02 0.007492861665 0.0003271454055)
(2.03 0.007492861665 0.0003271454055)
(2.04 0.007492861665 0.0003271454055)
(2.05 0.007492861665 0.0003271454055)
(2.06 0.007492861665 0.0003271454055)
(2.07 0.007492861665 0.0003271454055)
(2.08 0.007492861665 0.0003271454055)
(2.09 0.007492861665 0.0003271454055)
(2.1 0.007492861665 0.0003271454055)
(2.11 0.007492861665 0.0003271454055)
(2.12 0.007492861665 0.0003271454055)
(2.13 0.007492861665 0.0003271454055)
(2.14 0.007492861665 0.0003271454055)
(2.15 0.007492861665 0.0003271454055)
(2.16 0.007492861665 0.0003271454055)
(2.17 0.007492861665 0.0003271454055)
(2.18 0.007492861665 0.0003271454055)
(2.19 0.007492861665 0.0003271454055)
(2.2 0.007492861665 0.0003271454055)
(2.21 0.007492861665 0.0003271454055)
(2.22 0.007492861665 0.0003271454055)
(2.23 0.007492861665 0.0003271454055)
(2.24 0.007492861665 0.0003271454055)
(2.25 0.007492861665 0.0003271454055)
(2.26 0.007492861665 0.0003271454055)
(2.27 0.007492861665 0.0003271454055)
(2.28 0.007492861665 0.0003271454055)
(2.29 0.007492861665 0.0003271454055)
(2.3 0.007492861665 0.0003271454055)
(2.31 0.007492861665 0.0003271454055)
(2.32 0.007492861665 0.0003271454055)
(2.33 0.007492861665 0.0003271454055)
(2.34 0.007492861665 0.0003271454055)
(2.35 0.007492861665 0.0003271454055)
(2.36 0.007492861665 0.0003271454055)
(2.37 0.007492861665 0.0003271454055)
(2.38 0.007492861665 0.0003271454055)
(2.39 0.007492861665 0.0003271454055)
(2.4 0.007492861665 0.0003271454055)
(2.41 0.007492861665 0.0003271454055)
(2.42 0.007492861665 0.0003271454055)
(2.43 0.007492861665 0.0003271454055)
(2.44 0.007492861665 0.0003271454055)
(2.45 0.007492861665 0.0003271454055)
(2.46 0.007492861665 0.0003271454055)
(2.47 0.007492861665 0.0003271454055)
(2.48 0.007492861665 0.0003271454055)
(2.49 0.007492861665 0.0003271454055)
(2.5 0.007492861665 0.0003271454055)
(2.51 0.007492861665 0.0003271454055)
(2.52 0.007492861665 0.0003271454055)
(2.53 0.007492861665 0.0003271454055)
(2.54 0.007492861665 0.0003271454055)
(2.55 0.007492861665 0.0003271454055)
(2.56 0.007492861665 0.0003271454055)
(2.57 0.007492861665 0.0003271454055)
(2.58 0.007492861665 0.0003271454055)
(2.59 0.007492861665 0.0003271454055)
(2.6 0.007492861665 0.0003271454055)
(2.61 0.007492861665 0.0003271454055)
(2.62 0.007492861665 0.0003271454055)
(2.63 0.007492861665 0.0003271454055)
(2.64 0.007492861665 0.0003271454055)
(2.65 0.007492861665 0.0003271454055)
(2.66 0.007492861665 0.0003271454055)
(2.67 0.007492861665 0.0003271454055)
(2.68 0.007492861665 0.0003271454055)
(2.69 0.007492861665 0.0003271454055)
(2.7 0.007492861665 0.0003271454055)
(2.71 0.007492861665 0.0003271454055)
(2.72 0.007492861665 0.0003271454055)
(2.73 0.007492861665 0.0003271454055)
(2.74 0.007492861665 0.0003271454055)
(2.75 0.007492861665 0.0003271454055)
(2.76 0.007492861665 0.0003271454055)
(2.77 0.007492861665 0.0003271454055)
(2.78 0.007492861665 0.0003271454055)
(2.79 0.007492861665 0.0003271454055)
(2.8 0.007492861665 0.0003271454055)
(2.81 0.007492861665 0.0003271454055)
(2.82 0.007492861665 0.0003271454055)
(2.83 0.007492861665 0.0003271454055)
(2.84 0.007492861665 0.0003271454055)
(2.85 0.007492861665 0.0003271454055)
(2.86 0.007492861665 0.0003271454055)
(2.87 0.007492861665 0.0003271454055)
(2.88 0.007492861665 0.0003271454055)
(2.89 0.007492861665 0.0003271454055)
(2.9 0.007492861665 0.0003271454055)
(2.91 0.007492861665 0.0003271454055)
(2.92 0.007492861665 0.0003271454055)
(2.93 0.007492861665 0.0003271454055)
(2.94 0.007492861665 0.0003271454055)
(2.95 0.007492861665 0.0003271454055)
(2.96 0.007492861665 0.0003271454055)
(2.97 0.007492861665 0.0003271454055)
(2.98 0.007492861665 0.0003271454055)
(2.99 0.007492861665 0.0003271454055)
(3 0.007492861665 0.0003271454055)
(0 0.00999048222 0.000436193874)
(0.01 0.00999048222 0.000436193874)
(0.02 0.00999048222 0.000436193874)
(0.03 0.00999048222 0.000436193874)
(0.04 0.00999048222 0.000436193874)
(0.05 0.00999048222 0.000436193874)
(0.06 0.00999048222 0.000436193874)
(0.07 0.00999048222 0.000436193874)
(0.08 0.00999048222 0.000436193874)
(0.09 0.00999048222 0.000436193874)
(0.1 0.00999048222 0.000436193874)
(0.11 0.00999048222 0.000436193874)
(0.12 0.00999048222 0.000436193874)
(0.13 0.00999048222 0.000436193874)
(0.14 0.00999048222 0.000436193874)
(0.15 0.00999048222 0.000436193874)
(0.16 0.00999048222 0.000436193874)
(0.17 0.00999048222 0.000436193874)
(0.18 0.00999048222 0.000436193874)
(0.19 0.00999048222 0.000436193874)
(0.2 0.00999048222 0.000436193874)
(0.21 0.00999048222 0.000436193874)
(0.22 0.00999048222 0.000436193874)
(0.23 0.00999048222 0.000436193874)
(0.24 0.00999048222 0.000436193874)
(0.25 0.00999048222 0.000436193874)
(0.26 0.00999048222 0.000436193874)
(0.27 0.00999048222 0.000436193874)
(0.28 0.00999048222 0.000436193874)
(0.29 0.00999048222 0.000436193874)
(0.3 0.00999048222 0.000436193874)
(0.31 0.00999048222 0.000436193874)
(0.32 0.00999048222 0.000436193874)
(0.33 0.00999048222 0.000436193874)
(0.34 0.00999048222 0.000436193874)
(0.35 0.00999048222 0.000436193874)
(0.36 0.00999048222 0.000436193874)
(0.37 0.00999048222 0.000436193874)
(0.38 0.00999048222 0.000436193874)
(0.39 0.00999048222 0.000436193874)
(0.4 0.00999048222 0.000436193874)
(0.41 0.00999048222 0.000436193874)
(0.42 0.00999048222 0.000436193874)
(0.43 0.00999048222 0.000436193874)
(0.44 0.00999048222 0.000436193874)
(0.45 0.00999048222 0.000436193874)
(0.46 0.00999048222 0.000436193874)
(0.47 0.00999048222 0.000436193874)
(0.48 0.00999048222 0.000436193874)
(0.49 0.00999048222 0.000436193874)
(0.5 0.00999048222 0.000436193874)
(0.51 0.00999048222 0.000436193874)
(0.52 0.00999048222 0.000436193874)
(0.53 0.00999048222 0.000436193874)
(0.54 0.00999048222 0.000436193874)
(0.55 0.00999048222 0.000436193874)
(0.56 0.00999048222 0.000436193874)
(0.57 0.00999048222 0.000436193874)
(0.58 0.00999048222 0.000436193874)
(0.59 0.00999048222 0.000436193874)
(0.6 0.00999048222 0.000436193874)
(0.61 0.00999048222 0.000436193874)
(0.62 0.00999048222 0.000436193874)
(0.63 0.00999048222 0.000436193874)
(0.64 0.00999048222 0.000436193874)
(0.65 0.00999048222 0.000436193874)
(0.66 0.00999048222 0.000436193874)
(0.67 0.00999048222 0.000436193874)
(0.68 0.00999048222 0.000436193874)
(0.69 0.00999048222 0.000436193874)
(0.7 0.00999048222 0.000436193874)
(0.71 0.00999048222 0.000436193874)
(0.72 0.00999048222 0.000436193874)
(0.73 0.00999048222 0.000436193874)
(0.74 0.00999048222 0.000436193874)
(0.75 0.00999048222 0.000436193874)
(0.76 0.00999048222 0.000436193874)
(0.77 0.00999048222 0.000436193874)
(0.78 0.00999048222 0.000436193874)
(0.79 0.00999048222 0.000436193874)
(0.8 0.00999048222 0.000436193874)
(0.81 0.00999048222 0.000436193874)
(0.82 0.00999048222 0.000436193874)
(0.83 0.00999048222 0.000436193874)
(0.84 0.00999048222 0.000436193874)
(0.85 0.00999048222 0.000436193874)
(0.86 0.00999048222 0.000436193874)
(0.87 0.00999048222 0.000436193874)
(0.88 0.00999048222 0.000436193874)
(0.89 0.00999048222 0.000436193874)
(0.9 0.00999048222 0.000436193874)
(0.91 0.00999048222 0.000436193874)
(0.92 0.00999048222 0.000436193874)
(0.93 0.00999048222 0.000436193874)
(0.94 0.00999048222 0.000436193874)
(0.95 0.00999048222 0.000436193874)
(0.96 0.00999048222 0.000436193874)
(0.97 0.00999048222 0.000436193874)
(0.98 0.00999048222 0.000436193874)
(0.99 0.00999048222 0.000436193874)
(1 0.00999048222 0.000436193874)
(1.01 0.00999048222 0.000436193874)
(1.02 0.00999048222 0.000436193874)
(1.03 0.00999048222 0.000436193874)
(1.04 0.00999048222 0.000436193874)
(1.05 0.00999048222 0.000436193874)
(1.06 0.00999048222 0.000436193874)
(1.07 0.00999048222 0.000436193874)
(1.08 0.00999048222 0.000436193874)
(1.09 0.00999048222 0.000436193874)
(1.1 0.00999048222 0.000436193874)
(1.11 0.00999048222 0.000436193874)
(1.12 0.00999048222 0.000436193874)
(1.13 0.00999048222 0.000436193874)
(1.14 0.00999048222 0.000436193874)
(1.15 0.00999048222 0.000436193874)
(1.16 0.00999048222 0.000436193874)
(1.17 0.00999048222 0.000436193874)
(1.18 0.00999048222 0.000436193874)
(1.19 0.00999048222 0.000436193874)
(1.2 0.00999048222 0.000436193874)
(1.21 0.00999048222 0.000436193874)
(1.22 0.00999048222 0.000436193874)
(1.23 0.00999048222 0.000436193874)
(1.24 0.00999048222 0.000436193874)
(1.25 0.00999048222 0.000436193874)
(1.26 0.00999048222 0.000436193874)
(1.27 0.00999048222 0.000436193874)
(1.28 0.00999048222 0.000436193874)
(1.29 0.00999048222 0.000436193874)
(1.3 0.00999048222 0.000436193874)
(1.31 0.00999048222 0.000436193874)
(1.32 0.00999048222 0.000436193874)
(1.33 0.00999048222 0.000436193874)
(1.34 0.00999048222 0.000436193874)
(1.35 0.00999048222 0.000436193874)
(1.36 0.00999048222 0.000436193874)
(1.37 0.00999048222 0.000436193874)
(1.38 0.00999048222 0.000436193874)
(1.39 0.00999048222 0.000436193874)
(1.4 0.00999048222 0.000436193874)
(1.41 0.00999048222 0.000436193874)
(1.42 0.00999048222 0.000436193874)
(1.43 0.00999048222 0.000436193874)
(1.44 0.00999048222 0.000436193874)
(1.45 0.00999048222 0.000436193874)
(1.46 0.00999048222 0.000436193874)
(1.47 0.00999048222 0.000436193874)
(1.48 0.00999048222 0.000436193874)
(1.49 0.00999048222 0.000436193874)
(1.5 0.00999048222 0.000436193874)
(1.51 0.00999048222 0.000436193874)
(1.52 0.00999048222 0.000436193874)
(1.53 0.00999048222 0.000436193874)
(1.54 0.00999048222 0.000436193874)
(1.55 0.00999048222 0.000436193874)
(1.56 0.00999048222 0.000436193874)
(1.57 0.00999048222 0.000436193874)
(1.58 0.00999048222 0.000436193874)
(1.59 0.00999048222 0.000436193874)
(1.6 0.00999048222 0.000436193874)
(1.61 0.00999048222 0.000436193874)
(1.62 0.00999048222 0.000436193874)
(1.63 0.00999048222 0.000436193874)
(1.64 0.00999048222 0.000436193874)
(1.65 0.00999048222 0.000436193874)
(1.66 0.00999048222 0.000436193874)
(1.67 0.00999048222 0.000436193874)
(1.68 0.00999048222 0.000436193874)
(1.69 0.00999048222 0.000436193874)
(1.7 0.00999048222 0.000436193874)
(1.71 0.00999048222 0.000436193874)
(1.72 0.00999048222 0.000436193874)
(1.73 0.00999048222 0.000436193874)
(1.74 0.00999048222 0.000436193874)
(1.75 0.00999048222 0.000436193874)
(1.76 0.00999048222 0.000436193874)
(1.77 0.00999048222 0.000436193874)
(1.78 0.00999048222 0.000436193874)
(1.79 0.00999048222 0.000436193874)
(1.8 0.00999048222 0.000436193874)
(1.81 0.00999048222 0.000436193874)
(1.82 0.00999048222 0.000436193874)
(1.83 0.00999048222 0.000436193874)
(1.84 0.00999048222 0.000436193874)
(1.85 0.00999048222 0.000436193874)
(1.86 0.00999048222 0.000436193874)
(1.87 0.00999048222 0.000436193874)
(1.88 0.00999048222 0.000436193874)
(1.89 0.00999048222 0.000436193874)
(1.9 0.00999048222 0.000436193874)
(1.91 0.00999048222 0.000436193874)
(1.92 0.00999048222 0.000436193874)
(1.93 0.00999048222 0.000436193874)
(1.94 0.00999048222 0.000436193874)
(1.95 0.00999048222 0.000436193874)
(1.96 0.00999048222 0.000436193874)
(1.97 0.00999048222 0.000436193874)
(1.98 0.00999048222 0.000436193874)
(1.99 0.00999048222 0.000436193874)
(2 0.00999048222 0.000436193874)
(2.01 0.00999048222 0.000436193874)
(2.02 0.00999048222 0.000436193874)
(2.03 0.00999048222 0.000436193874)
(2.04 0.00999048222 0.000436193874)
(2.05 0.00999048222 0.000436193874)
(2.06 0.00999048222 0.000436193874)
(2.07 0.00999048222 0.000436193874)
(2.08 0.00999048222 0.000436193874)
(2.09 0.00999048222 0.000436193874)
(2.1 0.00999048222 0.000436193874)
(2.11 0.00999048222 0.000436193874)
(2.12 0.00999048222 0.000436193874)
(2.13 0.00999048222 0.000436193874)
(2.14 0.00999048222 0.000436193874)
(2.15 0.00999048222 0.000436193874)
(2.16 0.00999048222 0.000436193874)
(2.17 0.00999048222 0.000436193874)
(2.18 0.00999048222 0.000436193874)
(2.19 0.00999048222 0.000436193874)
(2.2 0.00999048222 0.000436193874)
(2.21 0.00999048222 0.000436193874)
(2.22 0.00999048222 0.000436193874)
(2.23 0.00999048222 0.000436193874)
(2.24 0.00999048222 0.000436193874)
(2.25 0.00999048222 0.000436193874)
(2.26 0.00999048222 0.000436193874)
(2.27 0.00999048222 0.000436193874)
(2.28 0.00999048222 0.000436193874)
(2.29 0.00999048222 0.000436193874)
(2.3 0.00999048222 0.000436193874)
(2.31 0.00999048222 0.000436193874)
(2.32 0.00999048222 0.000436193874)
(2.33 0.00999048222 0.000436193874)
(2.34 0.00999048222 0.000436193874)
(2.35 0.00999048222 0.000436193874)
(2.36 0.00999048222 0.000436193874)
(2.37 0.00999048222 0.000436193874)
(2.38 0.00999048222 0.000436193874)
(2.39 0.00999048222 0.000436193874)
(2.4 0.00999048222 0.000436193874)
(2.41 0.00999048222 0.000436193874)
(2.42 0.00999048222 0.000436193874)
(2.43 0.00999048222 0.000436193874)
(2.44 0.00999048222 0.000436193874)
(2.45 0.00999048222 0.000436193874)
(2.46 0.00999048222 0.000436193874)
(2.47 0.00999048222 0.000436193874)
(2.48 0.00999048222 0.000436193874)
(2.49 0.00999048222 0.000436193874)
(2.5 0.00999048222 0.000436193874)
(2.51 0.00999048222 0.000436193874)
(2.52 0.00999048222 0.000436193874)
(2.53 0.00999048222 0.000436193874)
(2.54 0.00999048222 0.000436193874)
(2.55 0.00999048222 0.000436193874)
(2.56 0.00999048222 0.000436193874)
(2.57 0.00999048222 0.000436193874)
(2.58 0.00999048222 0.000436193874)
(2.59 0.00999048222 0.000436193874)
(2.6 0.00999048222 0.000436193874)
(2.61 0.00999048222 0.000436193874)
(2.62 0.00999048222 0.000436193874)
(2.63 0.00999048222 0.000436193874)
(2.64 0.00999048222 0.000436193874)
(2.65 0.00999048222 0.000436193874)
(2.66 0.00999048222 0.000436193874)
(2.67 0.00999048222 0.000436193874)
(2.68 0.00999048222 0.000436193874)
(2.69 0.00999048222 0.000436193874)
(2.7 0.00999048222 0.000436193874)
(2.71 0.00999048222 0.000436193874)
(2.72 0.00999048222 0.000436193874)
(2.73 0.00999048222 0.000436193874)
(2.74 0.00999048222 0.000436193874)
(2.75 0.00999048222 0.000436193874)
(2.76 0.00999048222 0.000436193874)
(2.77 0.00999048222 0.000436193874)
(2.78 0.00999048222 0.000436193874)
(2.79 0.00999048222 0.000436193874)
(2.8 0.00999048222 0.000436193874)
(2.81 0.00999048222 0.000436193874)
(2.82 0.00999048222 0.000436193874)
(2.83 0.00999048222 0.000436193874)
(2.84 0.00999048222 0.000436193874)
(2.85 0.00999048222 0.000436193874)
(2.86 0.00999048222 0.000436193874)
(2.87 0.00999048222 0.000436193874)
(2.88 0.00999048222 0.000436193874)
(2.89 0.00999048222 0.000436193874)
(2.9 0.00999048222 0.000436193874)
(2.91 0.00999048222 0.000436193874)
(2.92 0.00999048222 0.000436193874)
(2.93 0.00999048222 0.000436193874)
(2.94 0.00999048222 0.000436193874)
(2.95 0.00999048222 0.000436193874)
(2.96 0.00999048222 0.000436193874)
(2.97 0.00999048222 0.000436193874)
(2.98 0.00999048222 0.000436193874)
(2.99 0.00999048222 0.000436193874)
(3 0.00999048222 0.000436193874)
(0 0.01248810278 0.0005452423425)
(0.01 0.01248810278 0.0005452423425)
(0.02 0.01248810278 0.0005452423425)
(0.03 0.01248810278 0.0005452423425)
(0.04 0.01248810278 0.0005452423425)
(0.05 0.01248810278 0.0005452423425)
(0.06 0.01248810278 0.0005452423425)
(0.07 0.01248810278 0.0005452423425)
(0.08 0.01248810278 0.0005452423425)
(0.09 0.01248810278 0.0005452423425)
(0.1 0.01248810278 0.0005452423425)
(0.11 0.01248810278 0.0005452423425)
(0.12 0.01248810278 0.0005452423425)
(0.13 0.01248810278 0.0005452423425)
(0.14 0.01248810278 0.0005452423425)
(0.15 0.01248810278 0.0005452423425)
(0.16 0.01248810278 0.0005452423425)
(0.17 0.01248810278 0.0005452423425)
(0.18 0.01248810278 0.0005452423425)
(0.19 0.01248810278 0.0005452423425)
(0.2 0.01248810278 0.0005452423425)
(0.21 0.01248810278 0.0005452423425)
(0.22 0.01248810278 0.0005452423425)
(0.23 0.01248810278 0.0005452423425)
(0.24 0.01248810278 0.0005452423425)
(0.25 0.01248810278 0.0005452423425)
(0.26 0.01248810278 0.0005452423425)
(0.27 0.01248810278 0.0005452423425)
(0.28 0.01248810278 0.0005452423425)
(0.29 0.01248810278 0.0005452423425)
(0.3 0.01248810278 0.0005452423425)
(0.31 0.01248810278 0.0005452423425)
(0.32 0.01248810278 0.0005452423425)
(0.33 0.01248810278 0.0005452423425)
(0.34 0.01248810278 0.0005452423425)
(0.35 0.01248810278 0.0005452423425)
(0.36 0.01248810278 0.0005452423425)
(0.37 0.01248810278 0.0005452423425)
(0.38 0.01248810278 0.0005452423425)
(0.39 0.01248810278 0.0005452423425)
(0.4 0.01248810278 0.0005452423425)
(0.41 0.01248810278 0.0005452423425)
(0.42 0.01248810278 0.0005452423425)
(0.43 0.01248810278 0.0005452423425)
(0.44 0.01248810278 0.0005452423425)
(0.45 0.01248810278 0.0005452423425)
(0.46 0.01248810278 0.0005452423425)
(0.47 0.01248810278 0.0005452423425)
(0.48 0.01248810278 0.0005452423425)
(0.49 0.01248810278 0.0005452423425)
(0.5 0.01248810278 0.0005452423425)
(0.51 0.01248810278 0.0005452423425)
(0.52 0.01248810278 0.0005452423425)
(0.53 0.01248810278 0.0005452423425)
(0.54 0.01248810278 0.0005452423425)
(0.55 0.01248810278 0.0005452423425)
(0.56 0.01248810278 0.0005452423425)
(0.57 0.01248810278 0.0005452423425)
(0.58 0.01248810278 0.0005452423425)
(0.59 0.01248810278 0.0005452423425)
(0.6 0.01248810278 0.0005452423425)
(0.61 0.01248810278 0.0005452423425)
(0.62 0.01248810278 0.0005452423425)
(0.63 0.01248810278 0.0005452423425)
(0.64 0.01248810278 0.0005452423425)
(0.65 0.01248810278 0.0005452423425)
(0.66 0.01248810278 0.0005452423425)
(0.67 0.01248810278 0.0005452423425)
(0.68 0.01248810278 0.0005452423425)
(0.69 0.01248810278 0.0005452423425)
(0.7 0.01248810278 0.0005452423425)
(0.71 0.01248810278 0.0005452423425)
(0.72 0.01248810278 0.0005452423425)
(0.73 0.01248810278 0.0005452423425)
(0.74 0.01248810278 0.0005452423425)
(0.75 0.01248810278 0.0005452423425)
(0.76 0.01248810278 0.0005452423425)
(0.77 0.01248810278 0.0005452423425)
(0.78 0.01248810278 0.0005452423425)
(0.79 0.01248810278 0.0005452423425)
(0.8 0.01248810278 0.0005452423425)
(0.81 0.01248810278 0.0005452423425)
(0.82 0.01248810278 0.0005452423425)
(0.83 0.01248810278 0.0005452423425)
(0.84 0.01248810278 0.0005452423425)
(0.85 0.01248810278 0.0005452423425)
(0.86 0.01248810278 0.0005452423425)
(0.87 0.01248810278 0.0005452423425)
(0.88 0.01248810278 0.0005452423425)
(0.89 0.01248810278 0.0005452423425)
(0.9 0.01248810278 0.0005452423425)
(0.91 0.01248810278 0.0005452423425)
(0.92 0.01248810278 0.0005452423425)
(0.93 0.01248810278 0.0005452423425)
(0.94 0.01248810278 0.0005452423425)
(0.95 0.01248810278 0.0005452423425)
(0.96 0.01248810278 0.0005452423425)
(0.97 0.01248810278 0.0005452423425)
(0.98 0.01248810278 0.0005452423425)
(0.99 0.01248810278 0.0005452423425)
(1 0.01248810278 0.0005452423425)
(1.01 0.01248810278 0.0005452423425)
(1.02 0.01248810278 0.0005452423425)
(1.03 0.01248810278 0.0005452423425)
(1.04 0.01248810278 0.0005452423425)
(1.05 0.01248810278 0.0005452423425)
(1.06 0.01248810278 0.0005452423425)
(1.07 0.01248810278 0.0005452423425)
(1.08 0.01248810278 0.0005452423425)
(1.09 0.01248810278 0.0005452423425)
(1.1 0.01248810278 0.0005452423425)
(1.11 0.01248810278 0.0005452423425)
(1.12 0.01248810278 0.0005452423425)
(1.13 0.01248810278 0.0005452423425)
(1.14 0.01248810278 0.0005452423425)
(1.15 0.01248810278 0.0005452423425)
(1.16 0.01248810278 0.0005452423425)
(1.17 0.01248810278 0.0005452423425)
(1.18 0.01248810278 0.0005452423425)
(1.19 0.01248810278 0.0005452423425)
(1.2 0.01248810278 0.0005452423425)
(1.21 0.01248810278 0.0005452423425)
(1.22 0.01248810278 0.0005452423425)
(1.23 0.01248810278 0.0005452423425)
(1.24 0.01248810278 0.0005452423425)
(1.25 0.01248810278 0.0005452423425)
(1.26 0.01248810278 0.0005452423425)
(1.27 0.01248810278 0.0005452423425)
(1.28 0.01248810278 0.0005452423425)
(1.29 0.01248810278 0.0005452423425)
(1.3 0.01248810278 0.0005452423425)
(1.31 0.01248810278 0.0005452423425)
(1.32 0.01248810278 0.0005452423425)
(1.33 0.01248810278 0.0005452423425)
(1.34 0.01248810278 0.0005452423425)
(1.35 0.01248810278 0.0005452423425)
(1.36 0.01248810278 0.0005452423425)
(1.37 0.01248810278 0.0005452423425)
(1.38 0.01248810278 0.0005452423425)
(1.39 0.01248810278 0.0005452423425)
(1.4 0.01248810278 0.0005452423425)
(1.41 0.01248810278 0.0005452423425)
(1.42 0.01248810278 0.0005452423425)
(1.43 0.01248810278 0.0005452423425)
(1.44 0.01248810278 0.0005452423425)
(1.45 0.01248810278 0.0005452423425)
(1.46 0.01248810278 0.0005452423425)
(1.47 0.01248810278 0.0005452423425)
(1.48 0.01248810278 0.0005452423425)
(1.49 0.01248810278 0.0005452423425)
(1.5 0.01248810278 0.0005452423425)
(1.51 0.01248810278 0.0005452423425)
(1.52 0.01248810278 0.0005452423425)
(1.53 0.01248810278 0.0005452423425)
(1.54 0.01248810278 0.0005452423425)
(1.55 0.01248810278 0.0005452423425)
(1.56 0.01248810278 0.0005452423425)
(1.57 0.01248810278 0.0005452423425)
(1.58 0.01248810278 0.0005452423425)
(1.59 0.01248810278 0.0005452423425)
(1.6 0.01248810278 0.0005452423425)
(1.61 0.01248810278 0.0005452423425)
(1.62 0.01248810278 0.0005452423425)
(1.63 0.01248810278 0.0005452423425)
(1.64 0.01248810278 0.0005452423425)
(1.65 0.01248810278 0.0005452423425)
(1.66 0.01248810278 0.0005452423425)
(1.67 0.01248810278 0.0005452423425)
(1.68 0.01248810278 0.0005452423425)
(1.69 0.01248810278 0.0005452423425)
(1.7 0.01248810278 0.0005452423425)
(1.71 0.01248810278 0.0005452423425)
(1.72 0.01248810278 0.0005452423425)
(1.73 0.01248810278 0.0005452423425)
(1.74 0.01248810278 0.0005452423425)
(1.75 0.01248810278 0.0005452423425)
(1.76 0.01248810278 0.0005452423425)
(1.77 0.01248810278 0.0005452423425)
(1.78 0.01248810277 0.0005452423425)
(1.79 0.01248810278 0.0005452423425)
(1.8 0.01248810278 0.0005452423425)
(1.81 0.01248810278 0.0005452423425)
(1.82 0.01248810278 0.0005452423425)
(1.83 0.01248810278 0.0005452423425)
(1.84 0.01248810278 0.0005452423425)
(1.85 0.01248810278 0.0005452423425)
(1.86 0.01248810278 0.0005452423425)
(1.87 0.01248810278 0.0005452423425)
(1.88 0.01248810278 0.0005452423425)
(1.89 0.01248810278 0.0005452423425)
(1.9 0.01248810278 0.0005452423425)
(1.91 0.01248810278 0.0005452423425)
(1.92 0.01248810278 0.0005452423425)
(1.93 0.01248810278 0.0005452423425)
(1.94 0.01248810277 0.0005452423425)
(1.95 0.01248810278 0.0005452423425)
(1.96 0.01248810278 0.0005452423425)
(1.97 0.01248810278 0.0005452423425)
(1.98 0.01248810278 0.0005452423425)
(1.99 0.01248810278 0.0005452423425)
(2 0.01248810278 0.0005452423425)
(2.01 0.01248810278 0.0005452423425)
(2.02 0.01248810278 0.0005452423425)
(2.03 0.01248810278 0.0005452423425)
(2.04 0.01248810278 0.0005452423425)
(2.05 0.01248810278 0.0005452423425)
(2.06 0.01248810278 0.0005452423425)
(2.07 0.01248810278 0.0005452423425)
(2.08 0.01248810278 0.0005452423425)
(2.09 0.01248810278 0.0005452423425)
(2.1 0.01248810278 0.0005452423425)
(2.11 0.01248810278 0.0005452423425)
(2.12 0.01248810278 0.0005452423425)
(2.13 0.01248810278 0.0005452423425)
(2.14 0.01248810278 0.0005452423425)
(2.15 0.01248810278 0.0005452423425)
(2.16 0.01248810278 0.0005452423425)
(2.17 0.01248810278 0.0005452423425)
(2.18 0.01248810278 0.0005452423425)
(2.19 0.01248810278 0.0005452423425)
(2.2 0.01248810278 0.0005452423425)
(2.21 0.01248810278 0.0005452423425)
(2.22 0.01248810277 0.0005452423425)
(2.23 0.01248810278 0.0005452423425)
(2.24 0.01248810278 0.0005452423425)
(2.25 0.01248810278 0.0005452423425)
(2.26 0.01248810278 0.0005452423425)
(2.27 0.01248810278 0.0005452423425)
(2.28 0.01248810278 0.0005452423425)
(2.29 0.01248810277 0.0005452423425)
(2.3 0.01248810278 0.0005452423425)
(2.31 0.01248810278 0.0005452423425)
(2.32 0.01248810278 0.0005452423425)
(2.33 0.01248810278 0.0005452423425)
(2.34 0.01248810278 0.0005452423425)
(2.35 0.01248810278 0.0005452423425)
(2.36 0.01248810277 0.0005452423425)
(2.37 0.01248810278 0.0005452423425)
(2.38 0.01248810278 0.0005452423425)
(2.39 0.01248810278 0.0005452423425)
(2.4 0.01248810278 0.0005452423425)
(2.41 0.01248810278 0.0005452423425)
(2.42 0.01248810278 0.0005452423425)
(2.43 0.01248810278 0.0005452423425)
(2.44 0.01248810278 0.0005452423425)
(2.45 0.01248810278 0.0005452423425)
(2.46 0.01248810278 0.0005452423425)
(2.47 0.01248810278 0.0005452423425)
(2.48 0.01248810278 0.0005452423425)
(2.49 0.01248810278 0.0005452423425)
(2.5 0.01248810278 0.0005452423425)
(2.51 0.01248810278 0.0005452423425)
(2.52 0.01248810278 0.0005452423425)
(2.53 0.01248810278 0.0005452423425)
(2.54 0.01248810278 0.0005452423425)
(2.55 0.01248810278 0.0005452423425)
(2.56 0.01248810278 0.0005452423425)
(2.57 0.01248810278 0.0005452423425)
(2.58 0.01248810278 0.0005452423425)
(2.59 0.01248810278 0.0005452423425)
(2.6 0.01248810278 0.0005452423425)
(2.61 0.01248810278 0.0005452423425)
(2.62 0.01248810278 0.0005452423425)
(2.63 0.01248810278 0.0005452423425)
(2.64 0.01248810278 0.0005452423425)
(2.65 0.01248810278 0.0005452423425)
(2.66 0.01248810278 0.0005452423425)
(2.67 0.01248810278 0.0005452423425)
(2.68 0.01248810278 0.0005452423425)
(2.69 0.01248810278 0.0005452423425)
(2.7 0.01248810278 0.0005452423425)
(2.71 0.01248810277 0.0005452423425)
(2.72 0.01248810278 0.0005452423425)
(2.73 0.01248810278 0.0005452423425)
(2.74 0.01248810278 0.0005452423425)
(2.75 0.01248810278 0.0005452423425)
(2.76 0.01248810278 0.0005452423425)
(2.77 0.01248810278 0.0005452423425)
(2.78 0.01248810277 0.0005452423425)
(2.79 0.01248810278 0.0005452423425)
(2.8 0.01248810278 0.0005452423425)
(2.81 0.01248810278 0.0005452423425)
(2.82 0.01248810278 0.0005452423425)
(2.83 0.01248810278 0.0005452423425)
(2.84 0.01248810278 0.0005452423425)
(2.85 0.01248810277 0.0005452423425)
(2.86 0.01248810278 0.0005452423425)
(2.87 0.01248810278 0.0005452423425)
(2.88 0.01248810278 0.0005452423425)
(2.89 0.01248810278 0.0005452423425)
(2.9 0.01248810278 0.0005452423425)
(2.91 0.01248810278 0.0005452423425)
(2.92 0.01248810278 0.0005452423425)
(2.93 0.01248810278 0.0005452423425)
(2.94 0.01248810278 0.0005452423425)
(2.95 0.01248810278 0.0005452423425)
(2.96 0.01248810278 0.0005452423425)
(2.97 0.01248810278 0.0005452423425)
(2.98 0.01248810278 0.0005452423425)
(2.99 0.01248810278 0.0005452423425)
(3 0.01248810278 0.0005452423425)
(0 0.01498572333 0.000654290811)
(0.01 0.01498572333 0.000654290811)
(0.02 0.01498572333 0.000654290811)
(0.03 0.01498572333 0.000654290811)
(0.04 0.01498572333 0.000654290811)
(0.05 0.01498572333 0.000654290811)
(0.06 0.01498572333 0.000654290811)
(0.07 0.01498572333 0.000654290811)
(0.08 0.01498572333 0.000654290811)
(0.09 0.01498572333 0.000654290811)
(0.1 0.01498572333 0.000654290811)
(0.11 0.01498572333 0.000654290811)
(0.12 0.01498572333 0.000654290811)
(0.13 0.01498572333 0.000654290811)
(0.14 0.01498572333 0.000654290811)
(0.15 0.01498572333 0.000654290811)
(0.16 0.01498572333 0.000654290811)
(0.17 0.01498572333 0.000654290811)
(0.18 0.01498572333 0.000654290811)
(0.19 0.01498572333 0.000654290811)
(0.2 0.01498572333 0.000654290811)
(0.21 0.01498572333 0.000654290811)
(0.22 0.01498572333 0.000654290811)
(0.23 0.01498572333 0.000654290811)
(0.24 0.01498572333 0.000654290811)
(0.25 0.01498572333 0.000654290811)
(0.26 0.01498572333 0.000654290811)
(0.27 0.01498572333 0.000654290811)
(0.28 0.01498572333 0.000654290811)
(0.29 0.01498572333 0.000654290811)
(0.3 0.01498572333 0.000654290811)
(0.31 0.01498572333 0.000654290811)
(0.32 0.01498572333 0.000654290811)
(0.33 0.01498572333 0.000654290811)
(0.34 0.01498572333 0.000654290811)
(0.35 0.01498572333 0.000654290811)
(0.36 0.01498572333 0.000654290811)
(0.37 0.01498572333 0.000654290811)
(0.38 0.01498572333 0.000654290811)
(0.39 0.01498572333 0.000654290811)
(0.4 0.01498572333 0.000654290811)
(0.41 0.01498572333 0.000654290811)
(0.42 0.01498572333 0.000654290811)
(0.43 0.01498572333 0.000654290811)
(0.44 0.01498572333 0.000654290811)
(0.45 0.01498572333 0.000654290811)
(0.46 0.01498572333 0.000654290811)
(0.47 0.01498572333 0.000654290811)
(0.48 0.01498572333 0.000654290811)
(0.49 0.01498572333 0.000654290811)
(0.5 0.01498572333 0.000654290811)
(0.51 0.01498572333 0.000654290811)
(0.52 0.01498572333 0.000654290811)
(0.53 0.01498572333 0.000654290811)
(0.54 0.01498572333 0.000654290811)
(0.55 0.01498572333 0.000654290811)
(0.56 0.01498572333 0.000654290811)
(0.57 0.01498572333 0.000654290811)
(0.58 0.01498572333 0.000654290811)
(0.59 0.01498572333 0.000654290811)
(0.6 0.01498572333 0.000654290811)
(0.61 0.01498572333 0.000654290811)
(0.62 0.01498572333 0.000654290811)
(0.63 0.01498572333 0.000654290811)
(0.64 0.01498572333 0.000654290811)
(0.65 0.01498572333 0.000654290811)
(0.66 0.01498572333 0.000654290811)
(0.67 0.01498572333 0.000654290811)
(0.68 0.01498572333 0.000654290811)
(0.69 0.01498572333 0.000654290811)
(0.7 0.01498572333 0.000654290811)
(0.71 0.01498572333 0.000654290811)
(0.72 0.01498572333 0.000654290811)
(0.73 0.01498572333 0.000654290811)
(0.74 0.01498572333 0.000654290811)
(0.75 0.01498572333 0.000654290811)
(0.76 0.01498572333 0.000654290811)
(0.77 0.01498572333 0.000654290811)
(0.78 0.01498572333 0.000654290811)
(0.79 0.01498572333 0.000654290811)
(0.8 0.01498572333 0.000654290811)
(0.81 0.01498572333 0.000654290811)
(0.82 0.01498572333 0.000654290811)
(0.83 0.01498572333 0.000654290811)
(0.84 0.01498572333 0.000654290811)
(0.85 0.01498572333 0.000654290811)
(0.86 0.01498572333 0.000654290811)
(0.87 0.01498572333 0.000654290811)
(0.88 0.01498572333 0.000654290811)
(0.89 0.01498572333 0.000654290811)
(0.9 0.01498572333 0.000654290811)
(0.91 0.01498572333 0.000654290811)
(0.92 0.01498572333 0.000654290811)
(0.93 0.01498572333 0.000654290811)
(0.94 0.01498572333 0.000654290811)
(0.95 0.01498572333 0.000654290811)
(0.96 0.01498572333 0.000654290811)
(0.97 0.01498572333 0.000654290811)
(0.98 0.01498572333 0.000654290811)
(0.99 0.01498572333 0.000654290811)
(1 0.01498572333 0.000654290811)
(1.01 0.01498572333 0.000654290811)
(1.02 0.01498572333 0.000654290811)
(1.03 0.01498572333 0.000654290811)
(1.04 0.01498572333 0.000654290811)
(1.05 0.01498572333 0.000654290811)
(1.06 0.01498572333 0.000654290811)
(1.07 0.01498572333 0.000654290811)
(1.08 0.01498572333 0.000654290811)
(1.09 0.01498572333 0.000654290811)
(1.1 0.01498572333 0.000654290811)
(1.11 0.01498572333 0.000654290811)
(1.12 0.01498572333 0.000654290811)
(1.13 0.01498572333 0.000654290811)
(1.14 0.01498572333 0.000654290811)
(1.15 0.01498572333 0.000654290811)
(1.16 0.01498572333 0.000654290811)
(1.17 0.01498572333 0.000654290811)
(1.18 0.01498572333 0.000654290811)
(1.19 0.01498572333 0.000654290811)
(1.2 0.01498572333 0.000654290811)
(1.21 0.01498572333 0.000654290811)
(1.22 0.01498572333 0.000654290811)
(1.23 0.01498572333 0.000654290811)
(1.24 0.01498572333 0.000654290811)
(1.25 0.01498572333 0.000654290811)
(1.26 0.01498572333 0.000654290811)
(1.27 0.01498572333 0.000654290811)
(1.28 0.01498572333 0.000654290811)
(1.29 0.01498572333 0.000654290811)
(1.3 0.01498572333 0.000654290811)
(1.31 0.01498572333 0.000654290811)
(1.32 0.01498572333 0.000654290811)
(1.33 0.01498572333 0.000654290811)
(1.34 0.01498572333 0.000654290811)
(1.35 0.01498572333 0.000654290811)
(1.36 0.01498572333 0.000654290811)
(1.37 0.01498572333 0.000654290811)
(1.38 0.01498572333 0.000654290811)
(1.39 0.01498572333 0.000654290811)
(1.4 0.01498572333 0.000654290811)
(1.41 0.01498572333 0.000654290811)
(1.42 0.01498572333 0.000654290811)
(1.43 0.01498572333 0.000654290811)
(1.44 0.01498572333 0.000654290811)
(1.45 0.01498572333 0.000654290811)
(1.46 0.01498572333 0.000654290811)
(1.47 0.01498572333 0.000654290811)
(1.48 0.01498572333 0.000654290811)
(1.49 0.01498572333 0.000654290811)
(1.5 0.01498572333 0.000654290811)
(1.51 0.01498572333 0.000654290811)
(1.52 0.01498572333 0.000654290811)
(1.53 0.01498572333 0.000654290811)
(1.54 0.01498572333 0.000654290811)
(1.55 0.01498572333 0.000654290811)
(1.56 0.01498572333 0.000654290811)
(1.57 0.01498572333 0.000654290811)
(1.58 0.01498572333 0.000654290811)
(1.59 0.01498572333 0.000654290811)
(1.6 0.01498572333 0.000654290811)
(1.61 0.01498572333 0.000654290811)
(1.62 0.01498572333 0.000654290811)
(1.63 0.01498572333 0.000654290811)
(1.64 0.01498572333 0.000654290811)
(1.65 0.01498572333 0.000654290811)
(1.66 0.01498572333 0.000654290811)
(1.67 0.01498572333 0.000654290811)
(1.68 0.01498572333 0.000654290811)
(1.69 0.01498572333 0.000654290811)
(1.7 0.01498572333 0.000654290811)
(1.71 0.01498572333 0.000654290811)
(1.72 0.01498572333 0.000654290811)
(1.73 0.01498572333 0.000654290811)
(1.74 0.01498572333 0.000654290811)
(1.75 0.01498572333 0.000654290811)
(1.76 0.01498572333 0.000654290811)
(1.77 0.01498572333 0.000654290811)
(1.78 0.01498572333 0.000654290811)
(1.79 0.01498572333 0.000654290811)
(1.8 0.01498572333 0.000654290811)
(1.81 0.01498572333 0.000654290811)
(1.82 0.01498572333 0.000654290811)
(1.83 0.01498572333 0.000654290811)
(1.84 0.01498572333 0.000654290811)
(1.85 0.01498572333 0.000654290811)
(1.86 0.01498572333 0.000654290811)
(1.87 0.01498572333 0.000654290811)
(1.88 0.01498572333 0.000654290811)
(1.89 0.01498572333 0.000654290811)
(1.9 0.01498572333 0.000654290811)
(1.91 0.01498572333 0.000654290811)
(1.92 0.01498572333 0.000654290811)
(1.93 0.01498572333 0.000654290811)
(1.94 0.01498572333 0.000654290811)
(1.95 0.01498572333 0.000654290811)
(1.96 0.01498572333 0.000654290811)
(1.97 0.01498572333 0.000654290811)
(1.98 0.01498572333 0.000654290811)
(1.99 0.01498572333 0.000654290811)
(2 0.01498572333 0.000654290811)
(2.01 0.01498572333 0.000654290811)
(2.02 0.01498572333 0.000654290811)
(2.03 0.01498572333 0.000654290811)
(2.04 0.01498572333 0.000654290811)
(2.05 0.01498572333 0.000654290811)
(2.06 0.01498572333 0.000654290811)
(2.07 0.01498572333 0.000654290811)
(2.08 0.01498572333 0.000654290811)
(2.09 0.01498572333 0.000654290811)
(2.1 0.01498572333 0.000654290811)
(2.11 0.01498572333 0.000654290811)
(2.12 0.01498572333 0.000654290811)
(2.13 0.01498572333 0.000654290811)
(2.14 0.01498572333 0.000654290811)
(2.15 0.01498572333 0.000654290811)
(2.16 0.01498572333 0.000654290811)
(2.17 0.01498572333 0.000654290811)
(2.18 0.01498572333 0.000654290811)
(2.19 0.01498572333 0.000654290811)
(2.2 0.01498572333 0.000654290811)
(2.21 0.01498572333 0.000654290811)
(2.22 0.01498572333 0.000654290811)
(2.23 0.01498572333 0.000654290811)
(2.24 0.01498572333 0.000654290811)
(2.25 0.01498572333 0.000654290811)
(2.26 0.01498572333 0.000654290811)
(2.27 0.01498572333 0.000654290811)
(2.28 0.01498572333 0.000654290811)
(2.29 0.01498572333 0.000654290811)
(2.3 0.01498572333 0.000654290811)
(2.31 0.01498572333 0.000654290811)
(2.32 0.01498572333 0.000654290811)
(2.33 0.01498572333 0.000654290811)
(2.34 0.01498572333 0.000654290811)
(2.35 0.01498572333 0.000654290811)
(2.36 0.01498572333 0.000654290811)
(2.37 0.01498572333 0.000654290811)
(2.38 0.01498572333 0.000654290811)
(2.39 0.01498572333 0.000654290811)
(2.4 0.01498572333 0.000654290811)
(2.41 0.01498572333 0.000654290811)
(2.42 0.01498572333 0.000654290811)
(2.43 0.01498572333 0.000654290811)
(2.44 0.01498572333 0.000654290811)
(2.45 0.01498572333 0.000654290811)
(2.46 0.01498572333 0.000654290811)
(2.47 0.01498572333 0.000654290811)
(2.48 0.01498572333 0.000654290811)
(2.49 0.01498572333 0.000654290811)
(2.5 0.01498572333 0.000654290811)
(2.51 0.01498572333 0.000654290811)
(2.52 0.01498572333 0.000654290811)
(2.53 0.01498572333 0.000654290811)
(2.54 0.01498572333 0.000654290811)
(2.55 0.01498572333 0.000654290811)
(2.56 0.01498572333 0.000654290811)
(2.57 0.01498572333 0.000654290811)
(2.58 0.01498572333 0.000654290811)
(2.59 0.01498572333 0.000654290811)
(2.6 0.01498572333 0.000654290811)
(2.61 0.01498572333 0.000654290811)
(2.62 0.01498572333 0.000654290811)
(2.63 0.01498572333 0.000654290811)
(2.64 0.01498572333 0.000654290811)
(2.65 0.01498572333 0.000654290811)
(2.66 0.01498572333 0.000654290811)
(2.67 0.01498572333 0.000654290811)
(2.68 0.01498572333 0.000654290811)
(2.69 0.01498572333 0.000654290811)
(2.7 0.01498572333 0.000654290811)
(2.71 0.01498572333 0.000654290811)
(2.72 0.01498572333 0.000654290811)
(2.73 0.01498572333 0.000654290811)
(2.74 0.01498572333 0.000654290811)
(2.75 0.01498572333 0.000654290811)
(2.76 0.01498572333 0.000654290811)
(2.77 0.01498572333 0.000654290811)
(2.78 0.01498572333 0.000654290811)
(2.79 0.01498572333 0.000654290811)
(2.8 0.01498572333 0.000654290811)
(2.81 0.01498572333 0.000654290811)
(2.82 0.01498572333 0.000654290811)
(2.83 0.01498572333 0.000654290811)
(2.84 0.01498572333 0.000654290811)
(2.85 0.01498572333 0.000654290811)
(2.86 0.01498572333 0.000654290811)
(2.87 0.01498572333 0.000654290811)
(2.88 0.01498572333 0.000654290811)
(2.89 0.01498572333 0.000654290811)
(2.9 0.01498572333 0.000654290811)
(2.91 0.01498572333 0.000654290811)
(2.92 0.01498572333 0.000654290811)
(2.93 0.01498572333 0.000654290811)
(2.94 0.01498572333 0.000654290811)
(2.95 0.01498572333 0.000654290811)
(2.96 0.01498572333 0.000654290811)
(2.97 0.01498572333 0.000654290811)
(2.98 0.01498572333 0.000654290811)
(2.99 0.01498572333 0.000654290811)
(3 0.01498572333 0.000654290811)
(0 0.01748334388 0.0007633392795)
(0.01 0.01748334389 0.0007633392795)
(0.02 0.01748334389 0.0007633392795)
(0.03 0.01748334389 0.0007633392795)
(0.04 0.01748334388 0.0007633392795)
(0.05 0.01748334388 0.0007633392795)
(0.06 0.01748334388 0.0007633392795)
(0.07 0.01748334388 0.0007633392795)
(0.08 0.01748334389 0.0007633392795)
(0.09 0.01748334388 0.0007633392795)
(0.1 0.01748334388 0.0007633392795)
(0.11 0.01748334389 0.0007633392795)
(0.12 0.01748334388 0.0007633392795)
(0.13 0.01748334388 0.0007633392795)
(0.14 0.01748334388 0.0007633392795)
(0.15 0.01748334389 0.0007633392795)
(0.16 0.01748334389 0.0007633392795)
(0.17 0.01748334388 0.0007633392795)
(0.18 0.01748334388 0.0007633392795)
(0.19 0.01748334388 0.0007633392795)
(0.2 0.01748334388 0.0007633392795)
(0.21 0.01748334389 0.0007633392795)
(0.22 0.01748334388 0.0007633392795)
(0.23 0.01748334388 0.0007633392795)
(0.24 0.01748334388 0.0007633392795)
(0.25 0.01748334388 0.0007633392795)
(0.26 0.01748334388 0.0007633392795)
(0.27 0.01748334389 0.0007633392795)
(0.28 0.01748334388 0.0007633392795)
(0.29 0.01748334388 0.0007633392795)
(0.3 0.01748334388 0.0007633392795)
(0.31 0.01748334388 0.0007633392795)
(0.32 0.01748334388 0.0007633392795)
(0.33 0.01748334388 0.0007633392795)
(0.34 0.01748334389 0.0007633392795)
(0.35 0.01748334388 0.0007633392795)
(0.36 0.01748334388 0.0007633392795)
(0.37 0.01748334388 0.0007633392795)
(0.38 0.01748334388 0.0007633392795)
(0.39 0.01748334388 0.0007633392795)
(0.4 0.01748334388 0.0007633392795)
(0.41 0.01748334388 0.0007633392795)
(0.42 0.01748334388 0.0007633392795)
(0.43 0.01748334388 0.0007633392795)
(0.44 0.01748334388 0.0007633392795)
(0.45 0.01748334388 0.0007633392795)
(0.46 0.01748334388 0.0007633392795)
(0.47 0.01748334388 0.0007633392795)
(0.48 0.01748334388 0.0007633392795)
(0.49 0.01748334388 0.0007633392795)
(0.5 0.01748334388 0.0007633392795)
(0.51 0.01748334388 0.0007633392795)
(0.52 0.01748334388 0.0007633392795)
(0.53 0.01748334389 0.0007633392795)
(0.54 0.01748334388 0.0007633392795)
(0.55 0.01748334388 0.0007633392795)
(0.56 0.01748334388 0.0007633392795)
(0.57 0.01748334388 0.0007633392795)
(0.58 0.01748334388 0.0007633392795)
(0.59 0.01748334388 0.0007633392795)
(0.6 0.01748334388 0.0007633392795)
(0.61 0.01748334388 0.0007633392795)
(0.62 0.01748334388 0.0007633392795)
(0.63 0.01748334388 0.0007633392795)
(0.64 0.01748334388 0.0007633392795)
(0.65 0.01748334388 0.0007633392795)
(0.66 0.01748334388 0.0007633392795)
(0.67 0.01748334388 0.0007633392795)
(0.68 0.01748334389 0.0007633392795)
(0.69 0.01748334388 0.0007633392795)
(0.7 0.01748334389 0.0007633392795)
(0.71 0.01748334388 0.0007633392795)
(0.72 0.01748334388 0.0007633392795)
(0.73 0.01748334389 0.0007633392795)
(0.74 0.01748334388 0.0007633392795)
(0.75 0.01748334388 0.0007633392795)
(0.76 0.01748334389 0.0007633392795)
(0.77 0.01748334388 0.0007633392795)
(0.78 0.01748334388 0.0007633392795)
(0.79 0.01748334388 0.0007633392795)
(0.8 0.01748334388 0.0007633392795)
(0.81 0.01748334388 0.0007633392795)
(0.82 0.01748334388 0.0007633392795)
(0.83 0.01748334388 0.0007633392795)
(0.84 0.01748334388 0.0007633392795)
(0.85 0.01748334388 0.0007633392795)
(0.86 0.01748334388 0.0007633392795)
(0.87 0.01748334389 0.0007633392795)
(0.88 0.01748334388 0.0007633392795)
(0.89 0.01748334388 0.0007633392795)
(0.9 0.01748334389 0.0007633392795)
(0.91 0.01748334388 0.0007633392795)
(0.92 0.01748334388 0.0007633392795)
(0.93 0.01748334389 0.0007633392795)
(0.94 0.01748334388 0.0007633392795)
(0.95 0.01748334388 0.0007633392795)
(0.96 0.01748334388 0.0007633392795)
(0.97 0.01748334388 0.0007633392795)
(0.98 0.01748334388 0.0007633392795)
(0.99 0.01748334388 0.0007633392795)
(1 0.01748334388 0.0007633392795)
(1.01 0.01748334388 0.0007633392795)
(1.02 0.01748334388 0.0007633392795)
(1.03 0.01748334389 0.0007633392795)
(1.04 0.01748334388 0.0007633392795)
(1.05 0.01748334388 0.0007633392795)
(1.06 0.01748334388 0.0007633392795)
(1.07 0.01748334388 0.0007633392795)
(1.08 0.01748334388 0.0007633392795)
(1.09 0.01748334388 0.0007633392795)
(1.1 0.01748334388 0.0007633392795)
(1.11 0.01748334388 0.0007633392795)
(1.12 0.01748334388 0.0007633392795)
(1.13 0.01748334388 0.0007633392795)
(1.14 0.01748334388 0.0007633392795)
(1.15 0.01748334388 0.0007633392795)
(1.16 0.01748334388 0.0007633392795)
(1.17 0.01748334388 0.0007633392795)
(1.18 0.01748334388 0.0007633392795)
(1.19 0.01748334388 0.0007633392795)
(1.2 0.01748334388 0.0007633392795)
(1.21 0.01748334388 0.0007633392795)
(1.22 0.01748334388 0.0007633392795)
(1.23 0.01748334389 0.0007633392795)
(1.24 0.01748334388 0.0007633392795)
(1.25 0.01748334388 0.0007633392795)
(1.26 0.01748334388 0.0007633392795)
(1.27 0.01748334388 0.0007633392795)
(1.28 0.01748334388 0.0007633392795)
(1.29 0.01748334388 0.0007633392795)
(1.3 0.01748334388 0.0007633392795)
(1.31 0.01748334388 0.0007633392795)
(1.32 0.01748334388 0.0007633392795)
(1.33 0.01748334388 0.0007633392795)
(1.34 0.01748334388 0.0007633392795)
(1.35 0.01748334388 0.0007633392795)
(1.36 0.01748334388 0.0007633392795)
(1.37 0.01748334388 0.0007633392795)
(1.38 0.01748334388 0.0007633392795)
(1.39 0.01748334388 0.0007633392795)
(1.4 0.01748334388 0.0007633392795)
(1.41 0.01748334388 0.0007633392795)
(1.42 0.01748334388 0.0007633392795)
(1.43 0.01748334388 0.0007633392795)
(1.44 0.01748334388 0.0007633392795)
(1.45 0.01748334388 0.0007633392795)
(1.46 0.01748334388 0.0007633392795)
(1.47 0.01748334388 0.0007633392795)
(1.48 0.01748334388 0.0007633392795)
(1.49 0.01748334388 0.0007633392795)
(1.5 0.01748334388 0.0007633392795)
(1.51 0.01748334388 0.0007633392795)
(1.52 0.01748334388 0.0007633392795)
(1.53 0.01748334388 0.0007633392795)
(1.54 0.01748334388 0.0007633392795)
(1.55 0.01748334388 0.0007633392795)
(1.56 0.01748334388 0.0007633392795)
(1.57 0.01748334388 0.0007633392795)
(1.58 0.01748334388 0.0007633392795)
(1.59 0.01748334388 0.0007633392795)
(1.6 0.01748334388 0.0007633392795)
(1.61 0.01748334388 0.0007633392795)
(1.62 0.01748334388 0.0007633392795)
(1.63 0.01748334388 0.0007633392795)
(1.64 0.01748334388 0.0007633392795)
(1.65 0.01748334388 0.0007633392795)
(1.66 0.01748334388 0.0007633392795)
(1.67 0.01748334388 0.0007633392795)
(1.68 0.01748334388 0.0007633392795)
(1.69 0.01748334388 0.0007633392795)
(1.7 0.01748334388 0.0007633392795)
(1.71 0.01748334388 0.0007633392795)
(1.72 0.01748334388 0.0007633392795)
(1.73 0.01748334388 0.0007633392795)
(1.74 0.01748334388 0.0007633392795)
(1.75 0.01748334388 0.0007633392795)
(1.76 0.01748334388 0.0007633392795)
(1.77 0.01748334388 0.0007633392795)
(1.78 0.01748334388 0.0007633392795)
(1.79 0.01748334388 0.0007633392795)
(1.8 0.01748334388 0.0007633392795)
(1.81 0.01748334388 0.0007633392795)
(1.82 0.01748334388 0.0007633392795)
(1.83 0.01748334388 0.0007633392795)
(1.84 0.01748334388 0.0007633392795)
(1.85 0.01748334388 0.0007633392795)
(1.86 0.01748334388 0.0007633392795)
(1.87 0.01748334388 0.0007633392795)
(1.88 0.01748334388 0.0007633392795)
(1.89 0.01748334388 0.0007633392795)
(1.9 0.01748334388 0.0007633392795)
(1.91 0.01748334388 0.0007633392795)
(1.92 0.01748334388 0.0007633392795)
(1.93 0.01748334388 0.0007633392795)
(1.94 0.01748334388 0.0007633392795)
(1.95 0.01748334388 0.0007633392795)
(1.96 0.01748334388 0.0007633392795)
(1.97 0.01748334388 0.0007633392795)
(1.98 0.01748334388 0.0007633392795)
(1.99 0.01748334388 0.0007633392795)
(2 0.01748334388 0.0007633392795)
(2.01 0.01748334388 0.0007633392795)
(2.02 0.01748334388 0.0007633392795)
(2.03 0.01748334388 0.0007633392795)
(2.04 0.01748334388 0.0007633392795)
(2.05 0.01748334388 0.0007633392795)
(2.06 0.01748334388 0.0007633392795)
(2.07 0.01748334388 0.0007633392795)
(2.08 0.01748334388 0.0007633392795)
(2.09 0.01748334388 0.0007633392795)
(2.1 0.01748334388 0.0007633392795)
(2.11 0.01748334388 0.0007633392795)
(2.12 0.01748334388 0.0007633392795)
(2.13 0.01748334388 0.0007633392795)
(2.14 0.01748334388 0.0007633392795)
(2.15 0.01748334388 0.0007633392795)
(2.16 0.01748334388 0.0007633392795)
(2.17 0.01748334388 0.0007633392795)
(2.18 0.01748334388 0.0007633392795)
(2.19 0.01748334388 0.0007633392795)
(2.2 0.01748334388 0.0007633392795)
(2.21 0.01748334388 0.0007633392795)
(2.22 0.01748334388 0.0007633392795)
(2.23 0.01748334388 0.0007633392795)
(2.24 0.01748334388 0.0007633392795)
(2.25 0.01748334388 0.0007633392795)
(2.26 0.01748334388 0.0007633392795)
(2.27 0.01748334388 0.0007633392795)
(2.28 0.01748334389 0.0007633392795)
(2.29 0.01748334388 0.0007633392795)
(2.3 0.01748334388 0.0007633392795)
(2.31 0.01748334388 0.0007633392795)
(2.32 0.01748334388 0.0007633392795)
(2.33 0.01748334388 0.0007633392795)
(2.34 0.01748334388 0.0007633392795)
(2.35 0.01748334388 0.0007633392795)
(2.36 0.01748334388 0.0007633392795)
(2.37 0.01748334388 0.0007633392795)
(2.38 0.01748334389 0.0007633392795)
(2.39 0.01748334388 0.0007633392795)
(2.4 0.01748334388 0.0007633392795)
(2.41 0.01748334388 0.0007633392795)
(2.42 0.01748334388 0.0007633392795)
(2.43 0.01748334388 0.0007633392795)
(2.44 0.01748334388 0.0007633392795)
(2.45 0.01748334388 0.0007633392795)
(2.46 0.01748334388 0.0007633392795)
(2.47 0.01748334388 0.0007633392795)
(2.48 0.01748334389 0.0007633392795)
(2.49 0.01748334388 0.0007633392795)
(2.5 0.01748334389 0.0007633392795)
(2.51 0.01748334388 0.0007633392795)
(2.52 0.01748334388 0.0007633392795)
(2.53 0.01748334388 0.0007633392795)
(2.54 0.01748334388 0.0007633392795)
(2.55 0.01748334388 0.0007633392795)
(2.56 0.01748334388 0.0007633392795)
(2.57 0.01748334388 0.0007633392795)
(2.58 0.01748334389 0.0007633392795)
(2.59 0.01748334388 0.0007633392795)
(2.6 0.01748334388 0.0007633392795)
(2.61 0.01748334388 0.0007633392795)
(2.62 0.01748334388 0.0007633392795)
(2.63 0.01748334388 0.0007633392795)
(2.64 0.01748334388 0.0007633392795)
(2.65 0.01748334388 0.0007633392795)
(2.66 0.01748334388 0.0007633392795)
(2.67 0.01748334388 0.0007633392795)
(2.68 0.01748334389 0.0007633392795)
(2.69 0.01748334388 0.0007633392795)
(2.7 0.01748334389 0.0007633392795)
(2.71 0.01748334388 0.0007633392795)
(2.72 0.01748334388 0.0007633392795)
(2.73 0.01748334389 0.0007633392795)
(2.74 0.01748334388 0.0007633392795)
(2.75 0.01748334388 0.0007633392795)
(2.76 0.01748334388 0.0007633392795)
(2.77 0.01748334388 0.0007633392795)
(2.78 0.01748334389 0.0007633392795)
(2.79 0.01748334388 0.0007633392795)
(2.8 0.01748334388 0.0007633392795)
(2.81 0.01748334388 0.0007633392795)
(2.82 0.01748334388 0.0007633392795)
(2.83 0.01748334389 0.0007633392795)
(2.84 0.01748334388 0.0007633392795)
(2.85 0.01748334389 0.0007633392795)
(2.86 0.01748334388 0.0007633392795)
(2.87 0.01748334388 0.0007633392795)
(2.88 0.01748334389 0.0007633392795)
(2.89 0.01748334388 0.0007633392795)
(2.9 0.01748334389 0.0007633392795)
(2.91 0.01748334388 0.0007633392795)
(2.92 0.01748334388 0.0007633392795)
(2.93 0.01748334389 0.0007633392795)
(2.94 0.01748334388 0.0007633392795)
(2.95 0.01748334388 0.0007633392795)
(2.96 0.01748334388 0.0007633392795)
(2.97 0.01748334388 0.0007633392795)
(2.98 0.01748334389 0.0007633392795)
(2.99 0.01748334388 0.0007633392795)
(3 0.01748334388 0.0007633392795)
(0 0.01998096444 0.000872387748)
(0.01 0.01998096444 0.000872387748)
(0.02 0.01998096444 0.000872387748)
(0.03 0.01998096444 0.000872387748)
(0.04 0.01998096444 0.000872387748)
(0.05 0.01998096444 0.000872387748)
(0.06 0.01998096444 0.000872387748)
(0.07 0.01998096444 0.000872387748)
(0.08 0.01998096444 0.000872387748)
(0.09 0.01998096444 0.000872387748)
(0.1 0.01998096444 0.000872387748)
(0.11 0.01998096444 0.000872387748)
(0.12 0.01998096444 0.000872387748)
(0.13 0.01998096444 0.000872387748)
(0.14 0.01998096444 0.000872387748)
(0.15 0.01998096444 0.000872387748)
(0.16 0.01998096444 0.000872387748)
(0.17 0.01998096444 0.000872387748)
(0.18 0.01998096444 0.000872387748)
(0.19 0.01998096444 0.000872387748)
(0.2 0.01998096444 0.000872387748)
(0.21 0.01998096444 0.000872387748)
(0.22 0.01998096444 0.000872387748)
(0.23 0.01998096444 0.000872387748)
(0.24 0.01998096444 0.000872387748)
(0.25 0.01998096444 0.000872387748)
(0.26 0.01998096444 0.000872387748)
(0.27 0.01998096444 0.000872387748)
(0.28 0.01998096444 0.000872387748)
(0.29 0.01998096444 0.000872387748)
(0.3 0.01998096444 0.000872387748)
(0.31 0.01998096444 0.000872387748)
(0.32 0.01998096444 0.000872387748)
(0.33 0.01998096444 0.000872387748)
(0.34 0.01998096444 0.000872387748)
(0.35 0.01998096444 0.000872387748)
(0.36 0.01998096444 0.000872387748)
(0.37 0.01998096444 0.000872387748)
(0.38 0.01998096444 0.000872387748)
(0.39 0.01998096444 0.000872387748)
(0.4 0.01998096444 0.000872387748)
(0.41 0.01998096444 0.000872387748)
(0.42 0.01998096444 0.000872387748)
(0.43 0.01998096444 0.000872387748)
(0.44 0.01998096444 0.000872387748)
(0.45 0.01998096444 0.000872387748)
(0.46 0.01998096444 0.000872387748)
(0.47 0.01998096444 0.000872387748)
(0.48 0.01998096444 0.000872387748)
(0.49 0.01998096444 0.000872387748)
(0.5 0.01998096444 0.000872387748)
(0.51 0.01998096444 0.000872387748)
(0.52 0.01998096444 0.000872387748)
(0.53 0.01998096444 0.000872387748)
(0.54 0.01998096444 0.000872387748)
(0.55 0.01998096444 0.000872387748)
(0.56 0.01998096444 0.000872387748)
(0.57 0.01998096444 0.000872387748)
(0.58 0.01998096444 0.000872387748)
(0.59 0.01998096444 0.000872387748)
(0.6 0.01998096444 0.000872387748)
(0.61 0.01998096444 0.000872387748)
(0.62 0.01998096444 0.000872387748)
(0.63 0.01998096444 0.000872387748)
(0.64 0.01998096444 0.000872387748)
(0.65 0.01998096444 0.000872387748)
(0.66 0.01998096444 0.000872387748)
(0.67 0.01998096444 0.000872387748)
(0.68 0.01998096444 0.000872387748)
(0.69 0.01998096444 0.000872387748)
(0.7 0.01998096444 0.000872387748)
(0.71 0.01998096444 0.000872387748)
(0.72 0.01998096444 0.000872387748)
(0.73 0.01998096444 0.000872387748)
(0.74 0.01998096444 0.000872387748)
(0.75 0.01998096444 0.000872387748)
(0.76 0.01998096444 0.000872387748)
(0.77 0.01998096444 0.000872387748)
(0.78 0.01998096444 0.000872387748)
(0.79 0.01998096444 0.000872387748)
(0.8 0.01998096444 0.000872387748)
(0.81 0.01998096444 0.000872387748)
(0.82 0.01998096444 0.000872387748)
(0.83 0.01998096444 0.000872387748)
(0.84 0.01998096444 0.000872387748)
(0.85 0.01998096444 0.000872387748)
(0.86 0.01998096444 0.000872387748)
(0.87 0.01998096444 0.000872387748)
(0.88 0.01998096444 0.000872387748)
(0.89 0.01998096444 0.000872387748)
(0.9 0.01998096444 0.000872387748)
(0.91 0.01998096444 0.000872387748)
(0.92 0.01998096444 0.000872387748)
(0.93 0.01998096444 0.000872387748)
(0.94 0.01998096444 0.000872387748)
(0.95 0.01998096444 0.000872387748)
(0.96 0.01998096444 0.000872387748)
(0.97 0.01998096444 0.000872387748)
(0.98 0.01998096444 0.000872387748)
(0.99 0.01998096444 0.000872387748)
(1 0.01998096444 0.000872387748)
(1.01 0.01998096444 0.000872387748)
(1.02 0.01998096444 0.000872387748)
(1.03 0.01998096444 0.000872387748)
(1.04 0.01998096444 0.000872387748)
(1.05 0.01998096444 0.000872387748)
(1.06 0.01998096444 0.000872387748)
(1.07 0.01998096444 0.000872387748)
(1.08 0.01998096444 0.000872387748)
(1.09 0.01998096444 0.000872387748)
(1.1 0.01998096444 0.000872387748)
(1.11 0.01998096444 0.000872387748)
(1.12 0.01998096444 0.000872387748)
(1.13 0.01998096444 0.000872387748)
(1.14 0.01998096444 0.000872387748)
(1.15 0.01998096444 0.000872387748)
(1.16 0.01998096444 0.000872387748)
(1.17 0.01998096444 0.000872387748)
(1.18 0.01998096444 0.000872387748)
(1.19 0.01998096444 0.000872387748)
(1.2 0.01998096444 0.000872387748)
(1.21 0.01998096444 0.000872387748)
(1.22 0.01998096444 0.000872387748)
(1.23 0.01998096444 0.000872387748)
(1.24 0.01998096444 0.000872387748)
(1.25 0.01998096444 0.000872387748)
(1.26 0.01998096444 0.000872387748)
(1.27 0.01998096444 0.000872387748)
(1.28 0.01998096444 0.000872387748)
(1.29 0.01998096444 0.000872387748)
(1.3 0.01998096444 0.000872387748)
(1.31 0.01998096444 0.000872387748)
(1.32 0.01998096444 0.000872387748)
(1.33 0.01998096444 0.000872387748)
(1.34 0.01998096444 0.000872387748)
(1.35 0.01998096444 0.000872387748)
(1.36 0.01998096444 0.000872387748)
(1.37 0.01998096444 0.000872387748)
(1.38 0.01998096444 0.000872387748)
(1.39 0.01998096444 0.000872387748)
(1.4 0.01998096444 0.000872387748)
(1.41 0.01998096444 0.000872387748)
(1.42 0.01998096444 0.000872387748)
(1.43 0.01998096444 0.000872387748)
(1.44 0.01998096444 0.000872387748)
(1.45 0.01998096444 0.000872387748)
(1.46 0.01998096444 0.000872387748)
(1.47 0.01998096444 0.000872387748)
(1.48 0.01998096444 0.000872387748)
(1.49 0.01998096444 0.000872387748)
(1.5 0.01998096444 0.000872387748)
(1.51 0.01998096444 0.000872387748)
(1.52 0.01998096444 0.000872387748)
(1.53 0.01998096444 0.000872387748)
(1.54 0.01998096444 0.000872387748)
(1.55 0.01998096444 0.000872387748)
(1.56 0.01998096444 0.000872387748)
(1.57 0.01998096444 0.000872387748)
(1.58 0.01998096444 0.000872387748)
(1.59 0.01998096444 0.000872387748)
(1.6 0.01998096444 0.000872387748)
(1.61 0.01998096444 0.000872387748)
(1.62 0.01998096444 0.000872387748)
(1.63 0.01998096444 0.000872387748)
(1.64 0.01998096444 0.000872387748)
(1.65 0.01998096444 0.000872387748)
(1.66 0.01998096444 0.000872387748)
(1.67 0.01998096444 0.000872387748)
(1.68 0.01998096444 0.000872387748)
(1.69 0.01998096444 0.000872387748)
(1.7 0.01998096444 0.000872387748)
(1.71 0.01998096444 0.000872387748)
(1.72 0.01998096444 0.000872387748)
(1.73 0.01998096444 0.000872387748)
(1.74 0.01998096444 0.000872387748)
(1.75 0.01998096444 0.000872387748)
(1.76 0.01998096444 0.000872387748)
(1.77 0.01998096444 0.000872387748)
(1.78 0.01998096444 0.000872387748)
(1.79 0.01998096444 0.000872387748)
(1.8 0.01998096444 0.000872387748)
(1.81 0.01998096444 0.000872387748)
(1.82 0.01998096444 0.000872387748)
(1.83 0.01998096444 0.000872387748)
(1.84 0.01998096444 0.000872387748)
(1.85 0.01998096444 0.000872387748)
(1.86 0.01998096444 0.000872387748)
(1.87 0.01998096444 0.000872387748)
(1.88 0.01998096444 0.000872387748)
(1.89 0.01998096444 0.000872387748)
(1.9 0.01998096444 0.000872387748)
(1.91 0.01998096444 0.000872387748)
(1.92 0.01998096444 0.000872387748)
(1.93 0.01998096444 0.000872387748)
(1.94 0.01998096444 0.000872387748)
(1.95 0.01998096444 0.000872387748)
(1.96 0.01998096444 0.000872387748)
(1.97 0.01998096444 0.000872387748)
(1.98 0.01998096444 0.000872387748)
(1.99 0.01998096444 0.000872387748)
(2 0.01998096444 0.000872387748)
(2.01 0.01998096444 0.000872387748)
(2.02 0.01998096444 0.000872387748)
(2.03 0.01998096444 0.000872387748)
(2.04 0.01998096444 0.000872387748)
(2.05 0.01998096444 0.000872387748)
(2.06 0.01998096444 0.000872387748)
(2.07 0.01998096444 0.000872387748)
(2.08 0.01998096444 0.000872387748)
(2.09 0.01998096444 0.000872387748)
(2.1 0.01998096444 0.000872387748)
(2.11 0.01998096444 0.000872387748)
(2.12 0.01998096444 0.000872387748)
(2.13 0.01998096444 0.000872387748)
(2.14 0.01998096444 0.000872387748)
(2.15 0.01998096444 0.000872387748)
(2.16 0.01998096444 0.000872387748)
(2.17 0.01998096444 0.000872387748)
(2.18 0.01998096444 0.000872387748)
(2.19 0.01998096444 0.000872387748)
(2.2 0.01998096444 0.000872387748)
(2.21 0.01998096444 0.000872387748)
(2.22 0.01998096444 0.000872387748)
(2.23 0.01998096444 0.000872387748)
(2.24 0.01998096444 0.000872387748)
(2.25 0.01998096444 0.000872387748)
(2.26 0.01998096444 0.000872387748)
(2.27 0.01998096444 0.000872387748)
(2.28 0.01998096444 0.000872387748)
(2.29 0.01998096444 0.000872387748)
(2.3 0.01998096444 0.000872387748)
(2.31 0.01998096444 0.000872387748)
(2.32 0.01998096444 0.000872387748)
(2.33 0.01998096444 0.000872387748)
(2.34 0.01998096444 0.000872387748)
(2.35 0.01998096444 0.000872387748)
(2.36 0.01998096444 0.000872387748)
(2.37 0.01998096444 0.000872387748)
(2.38 0.01998096444 0.000872387748)
(2.39 0.01998096444 0.000872387748)
(2.4 0.01998096444 0.000872387748)
(2.41 0.01998096444 0.000872387748)
(2.42 0.01998096444 0.000872387748)
(2.43 0.01998096444 0.000872387748)
(2.44 0.01998096444 0.000872387748)
(2.45 0.01998096444 0.000872387748)
(2.46 0.01998096444 0.000872387748)
(2.47 0.01998096444 0.000872387748)
(2.48 0.01998096444 0.000872387748)
(2.49 0.01998096444 0.000872387748)
(2.5 0.01998096444 0.000872387748)
(2.51 0.01998096444 0.000872387748)
(2.52 0.01998096444 0.000872387748)
(2.53 0.01998096444 0.000872387748)
(2.54 0.01998096444 0.000872387748)
(2.55 0.01998096444 0.000872387748)
(2.56 0.01998096444 0.000872387748)
(2.57 0.01998096444 0.000872387748)
(2.58 0.01998096444 0.000872387748)
(2.59 0.01998096444 0.000872387748)
(2.6 0.01998096444 0.000872387748)
(2.61 0.01998096444 0.000872387748)
(2.62 0.01998096444 0.000872387748)
(2.63 0.01998096444 0.000872387748)
(2.64 0.01998096444 0.000872387748)
(2.65 0.01998096444 0.000872387748)
(2.66 0.01998096444 0.000872387748)
(2.67 0.01998096444 0.000872387748)
(2.68 0.01998096444 0.000872387748)
(2.69 0.01998096444 0.000872387748)
(2.7 0.01998096444 0.000872387748)
(2.71 0.01998096444 0.000872387748)
(2.72 0.01998096444 0.000872387748)
(2.73 0.01998096444 0.000872387748)
(2.74 0.01998096444 0.000872387748)
(2.75 0.01998096444 0.000872387748)
(2.76 0.01998096444 0.000872387748)
(2.77 0.01998096444 0.000872387748)
(2.78 0.01998096444 0.000872387748)
(2.79 0.01998096444 0.000872387748)
(2.8 0.01998096444 0.000872387748)
(2.81 0.01998096444 0.000872387748)
(2.82 0.01998096444 0.000872387748)
(2.83 0.01998096444 0.000872387748)
(2.84 0.01998096444 0.000872387748)
(2.85 0.01998096444 0.000872387748)
(2.86 0.01998096444 0.000872387748)
(2.87 0.01998096444 0.000872387748)
(2.88 0.01998096444 0.000872387748)
(2.89 0.01998096444 0.000872387748)
(2.9 0.01998096444 0.000872387748)
(2.91 0.01998096444 0.000872387748)
(2.92 0.01998096444 0.000872387748)
(2.93 0.01998096444 0.000872387748)
(2.94 0.01998096444 0.000872387748)
(2.95 0.01998096444 0.000872387748)
(2.96 0.01998096444 0.000872387748)
(2.97 0.01998096444 0.000872387748)
(2.98 0.01998096444 0.000872387748)
(2.99 0.01998096444 0.000872387748)
(3 0.01998096444 0.000872387748)
(0 0.022478585 0.0009814362165)
(0.01 0.02247858499 0.0009814362165)
(0.02 0.022478585 0.0009814362165)
(0.03 0.022478585 0.0009814362165)
(0.04 0.022478585 0.0009814362165)
(0.05 0.02247858499 0.0009814362165)
(0.06 0.022478585 0.0009814362165)
(0.07 0.022478585 0.0009814362165)
(0.08 0.02247858499 0.0009814362165)
(0.09 0.022478585 0.0009814362165)
(0.1 0.022478585 0.0009814362165)
(0.11 0.022478585 0.0009814362165)
(0.12 0.022478585 0.0009814362165)
(0.13 0.022478585 0.0009814362165)
(0.14 0.022478585 0.0009814362165)
(0.15 0.022478585 0.0009814362165)
(0.16 0.02247858499 0.0009814362165)
(0.17 0.022478585 0.0009814362165)
(0.18 0.02247858499 0.0009814362165)
(0.19 0.022478585 0.0009814362165)
(0.2 0.022478585 0.0009814362165)
(0.21 0.022478585 0.0009814362165)
(0.22 0.022478585 0.0009814362165)
(0.23 0.02247858499 0.0009814362165)
(0.24 0.02247858499 0.0009814362165)
(0.25 0.02247858499 0.0009814362165)
(0.26 0.022478585 0.0009814362165)
(0.27 0.022478585 0.0009814362165)
(0.28 0.022478585 0.0009814362165)
(0.29 0.022478585 0.0009814362165)
(0.3 0.022478585 0.0009814362165)
(0.31 0.022478585 0.0009814362165)
(0.32 0.022478585 0.0009814362165)
(0.33 0.022478585 0.0009814362165)
(0.34 0.022478585 0.0009814362165)
(0.35 0.022478585 0.0009814362165)
(0.36 0.02247858499 0.0009814362165)
(0.37 0.022478585 0.0009814362165)
(0.38 0.02247858499 0.0009814362165)
(0.39 0.022478585 0.0009814362165)
(0.4 0.022478585 0.0009814362165)
(0.41 0.022478585 0.0009814362165)
(0.42 0.022478585 0.0009814362165)
(0.43 0.022478585 0.0009814362165)
(0.44 0.022478585 0.0009814362165)
(0.45 0.022478585 0.0009814362165)
(0.46 0.022478585 0.0009814362165)
(0.47 0.022478585 0.0009814362165)
(0.48 0.022478585 0.0009814362165)
(0.49 0.02247858499 0.0009814362165)
(0.5 0.022478585 0.0009814362165)
(0.51 0.02247858499 0.0009814362165)
(0.52 0.022478585 0.0009814362165)
(0.53 0.02247858499 0.0009814362165)
(0.54 0.022478585 0.0009814362165)
(0.55 0.022478585 0.0009814362165)
(0.56 0.022478585 0.0009814362165)
(0.57 0.022478585 0.0009814362165)
(0.58 0.02247858499 0.0009814362165)
(0.59 0.022478585 0.0009814362165)
(0.6 0.022478585 0.0009814362165)
(0.61 0.022478585 0.0009814362165)
(0.62 0.02247858499 0.0009814362165)
(0.63 0.022478585 0.0009814362165)
(0.64 0.02247858499 0.0009814362165)
(0.65 0.022478585 0.0009814362165)
(0.66 0.022478585 0.0009814362165)
(0.67 0.02247858499 0.0009814362165)
(0.68 0.02247858499 0.0009814362165)
(0.69 0.022478585 0.0009814362165)
(0.7 0.022478585 0.0009814362165)
(0.71 0.02247858499 0.0009814362165)
(0.72 0.022478585 0.0009814362165)
(0.73 0.02247858499 0.0009814362165)
(0.74 0.022478585 0.0009814362165)
(0.75 0.022478585 0.0009814362165)
(0.76 0.022478585 0.0009814362165)
(0.77 0.022478585 0.0009814362165)
(0.78 0.022478585 0.0009814362165)
(0.79 0.022478585 0.0009814362165)
(0.8 0.02247858499 0.0009814362165)
(0.81 0.022478585 0.0009814362165)
(0.82 0.02247858499 0.0009814362165)
(0.83 0.022478585 0.0009814362165)
(0.84 0.02247858499 0.0009814362165)
(0.85 0.022478585 0.0009814362165)
(0.86 0.02247858499 0.0009814362165)
(0.87 0.022478585 0.0009814362165)
(0.88 0.022478585 0.0009814362165)
(0.89 0.022478585 0.0009814362165)
(0.9 0.022478585 0.0009814362165)
(0.91 0.022478585 0.0009814362165)
(0.92 0.022478585 0.0009814362165)
(0.93 0.02247858499 0.0009814362165)
(0.94 0.022478585 0.0009814362165)
(0.95 0.02247858499 0.0009814362165)
(0.96 0.022478585 0.0009814362165)
(0.97 0.022478585 0.0009814362165)
(0.98 0.02247858499 0.0009814362165)
(0.99 0.02247858499 0.0009814362165)
(1 0.022478585 0.0009814362165)
(1.01 0.02247858499 0.0009814362165)
(1.02 0.022478585 0.0009814362165)
(1.03 0.022478585 0.0009814362165)
(1.04 0.022478585 0.0009814362165)
(1.05 0.022478585 0.0009814362165)
(1.06 0.022478585 0.0009814362165)
(1.07 0.022478585 0.0009814362165)
(1.08 0.022478585 0.0009814362165)
(1.09 0.022478585 0.0009814362165)
(1.1 0.02247858499 0.0009814362165)
(1.11 0.022478585 0.0009814362165)
(1.12 0.022478585 0.0009814362165)
(1.13 0.02247858499 0.0009814362165)
(1.14 0.022478585 0.0009814362165)
(1.15 0.02247858499 0.0009814362165)
(1.16 0.02247858499 0.0009814362165)
(1.17 0.022478585 0.0009814362165)
(1.18 0.022478585 0.0009814362165)
(1.19 0.02247858499 0.0009814362165)
(1.2 0.022478585 0.0009814362165)
(1.21 0.02247858499 0.0009814362165)
(1.22 0.02247858499 0.0009814362165)
(1.23 0.022478585 0.0009814362165)
(1.24 0.02247858499 0.0009814362165)
(1.25 0.02247858499 0.0009814362165)
(1.26 0.022478585 0.0009814362165)
(1.27 0.022478585 0.0009814362165)
(1.28 0.02247858499 0.0009814362165)
(1.29 0.022478585 0.0009814362165)
(1.3 0.022478585 0.0009814362165)
(1.31 0.022478585 0.0009814362165)
(1.32 0.022478585 0.0009814362165)
(1.33 0.022478585 0.0009814362165)
(1.34 0.02247858499 0.0009814362165)
(1.35 0.022478585 0.0009814362165)
(1.36 0.02247858499 0.0009814362165)
(1.37 0.022478585 0.0009814362165)
(1.38 0.022478585 0.0009814362165)
(1.39 0.022478585 0.0009814362165)
(1.4 0.022478585 0.0009814362165)
(1.41 0.02247858499 0.0009814362165)
(1.42 0.022478585 0.0009814362165)
(1.43 0.022478585 0.0009814362165)
(1.44 0.022478585 0.0009814362165)
(1.45 0.02247858499 0.0009814362165)
(1.46 0.022478585 0.0009814362165)
(1.47 0.022478585 0.0009814362165)
(1.48 0.02247858499 0.0009814362165)
(1.49 0.022478585 0.0009814362165)
(1.5 0.02247858499 0.0009814362165)
(1.51 0.022478585 0.0009814362165)
(1.52 0.022478585 0.0009814362165)
(1.53 0.022478585 0.0009814362165)
(1.54 0.02247858499 0.0009814362165)
(1.55 0.022478585 0.0009814362165)
(1.56 0.02247858499 0.0009814362165)
(1.57 0.022478585 0.0009814362165)
(1.58 0.022478585 0.0009814362165)
(1.59 0.022478585 0.0009814362165)
(1.6 0.022478585 0.0009814362165)
(1.61 0.022478585 0.0009814362165)
(1.62 0.022478585 0.0009814362165)
(1.63 0.022478585 0.0009814362165)
(1.64 0.022478585 0.0009814362165)
(1.65 0.022478585 0.0009814362165)
(1.66 0.022478585 0.0009814362165)
(1.67 0.02247858499 0.0009814362165)
(1.68 0.022478585 0.0009814362165)
(1.69 0.02247858499 0.0009814362165)
(1.7 0.022478585 0.0009814362165)
(1.71 0.022478585 0.0009814362165)
(1.72 0.02247858499 0.0009814362165)
(1.73 0.022478585 0.0009814362165)
(1.74 0.022478585 0.0009814362165)
(1.75 0.022478585 0.0009814362165)
(1.76 0.02247858499 0.0009814362165)
(1.77 0.02247858499 0.0009814362165)
(1.78 0.02247858499 0.0009814362165)
(1.79 0.022478585 0.0009814362165)
(1.8 0.022478585 0.0009814362165)
(1.81 0.022478585 0.0009814362165)
(1.82 0.02247858499 0.0009814362165)
(1.83 0.022478585 0.0009814362165)
(1.84 0.02247858499 0.0009814362165)
(1.85 0.022478585 0.0009814362165)
(1.86 0.022478585 0.0009814362165)
(1.87 0.02247858499 0.0009814362165)
(1.88 0.022478585 0.0009814362165)
(1.89 0.022478585 0.0009814362165)
(1.9 0.02247858499 0.0009814362165)
(1.91 0.022478585 0.0009814362165)
(1.92 0.022478585 0.0009814362165)
(1.93 0.02247858499 0.0009814362165)
(1.94 0.02247858499 0.0009814362165)
(1.95 0.022478585 0.0009814362165)
(1.96 0.02247858499 0.0009814362165)
(1.97 0.022478585 0.0009814362165)
(1.98 0.022478585 0.0009814362165)
(1.99 0.02247858499 0.0009814362165)
(2 0.02247858499 0.0009814362165)
(2.01 0.022478585 0.0009814362165)
(2.02 0.02247858499 0.0009814362165)
(2.03 0.02247858499 0.0009814362165)
(2.04 0.022478585 0.0009814362165)
(2.05 0.02247858499 0.0009814362165)
(2.06 0.022478585 0.0009814362165)
(2.07 0.022478585 0.0009814362165)
(2.08 0.02247858499 0.0009814362165)
(2.09 0.022478585 0.0009814362165)
(2.1 0.022478585 0.0009814362165)
(2.11 0.02247858499 0.0009814362165)
(2.12 0.022478585 0.0009814362165)
(2.13 0.022478585 0.0009814362165)
(2.14 0.02247858499 0.0009814362165)
(2.15 0.022478585 0.0009814362165)
(2.16 0.02247858499 0.0009814362165)
(2.17 0.02247858499 0.0009814362165)
(2.18 0.022478585 0.0009814362165)
(2.19 0.022478585 0.0009814362165)
(2.2 0.02247858499 0.0009814362165)
(2.21 0.022478585 0.0009814362165)
(2.22 0.022478585 0.0009814362165)
(2.23 0.02247858499 0.0009814362165)
(2.24 0.022478585 0.0009814362165)
(2.25 0.022478585 0.0009814362165)
(2.26 0.02247858499 0.0009814362165)
(2.27 0.02247858499 0.0009814362165)
(2.28 0.02247858499 0.0009814362165)
(2.29 0.02247858499 0.0009814362165)
(2.3 0.02247858499 0.0009814362165)
(2.31 0.022478585 0.0009814362165)
(2.32 0.02247858499 0.0009814362165)
(2.33 0.02247858499 0.0009814362165)
(2.34 0.022478585 0.0009814362165)
(2.35 0.022478585 0.0009814362165)
(2.36 0.02247858499 0.0009814362165)
(2.37 0.022478585 0.0009814362165)
(2.38 0.02247858499 0.0009814362165)
(2.39 0.02247858499 0.0009814362165)
(2.4 0.02247858499 0.0009814362165)
(2.41 0.02247858499 0.0009814362165)
(2.42 0.022478585 0.0009814362165)
(2.43 0.022478585 0.0009814362165)
(2.44 0.022478585 0.0009814362165)
(2.45 0.022478585 0.0009814362165)
(2.46 0.022478585 0.0009814362165)
(2.47 0.02247858499 0.0009814362165)
(2.48 0.022478585 0.0009814362165)
(2.49 0.022478585 0.0009814362165)
(2.5 0.02247858499 0.0009814362165)
(2.51 0.02247858499 0.0009814362165)
(2.52 0.02247858499 0.0009814362165)
(2.53 0.02247858499 0.0009814362165)
(2.54 0.02247858499 0.0009814362165)
(2.55 0.02247858499 0.0009814362165)
(2.56 0.022478585 0.0009814362165)
(2.57 0.022478585 0.0009814362165)
(2.58 0.022478585 0.0009814362165)
(2.59 0.02247858499 0.0009814362165)
(2.6 0.02247858499 0.0009814362165)
(2.61 0.022478585 0.0009814362165)
(2.62 0.022478585 0.0009814362165)
(2.63 0.02247858499 0.0009814362165)
(2.64 0.02247858499 0.0009814362165)
(2.65 0.02247858499 0.0009814362165)
(2.66 0.02247858499 0.0009814362165)
(2.67 0.02247858499 0.0009814362165)
(2.68 0.022478585 0.0009814362165)
(2.69 0.02247858499 0.0009814362165)
(2.7 0.022478585 0.0009814362165)
(2.71 0.02247858499 0.0009814362165)
(2.72 0.022478585 0.0009814362165)
(2.73 0.02247858499 0.0009814362165)
(2.74 0.022478585 0.0009814362165)
(2.75 0.022478585 0.0009814362165)
(2.76 0.02247858499 0.0009814362165)
(2.77 0.02247858499 0.0009814362165)
(2.78 0.02247858499 0.0009814362165)
(2.79 0.022478585 0.0009814362165)
(2.8 0.022478585 0.0009814362165)
(2.81 0.02247858499 0.0009814362165)
(2.82 0.02247858499 0.0009814362165)
(2.83 0.02247858499 0.0009814362165)
(2.84 0.022478585 0.0009814362165)
(2.85 0.022478585 0.0009814362165)
(2.86 0.02247858499 0.0009814362165)
(2.87 0.022478585 0.0009814362165)
(2.88 0.022478585 0.0009814362165)
(2.89 0.02247858499 0.0009814362165)
(2.9 0.022478585 0.0009814362165)
(2.91 0.02247858499 0.0009814362165)
(2.92 0.022478585 0.0009814362165)
(2.93 0.022478585 0.0009814362165)
(2.94 0.02247858499 0.0009814362165)
(2.95 0.02247858499 0.0009814362165)
(2.96 0.02247858499 0.0009814362165)
(2.97 0.02247858499 0.0009814362165)
(2.98 0.022478585 0.0009814362165)
(2.99 0.02247858499 0.0009814362165)
(3 0.022478585 0.0009814362165)
(0 0.02497620555 0.001090484685)
(0.01 0.02497620555 0.001090484685)
(0.02 0.02497620555 0.001090484685)
(0.03 0.02497620555 0.001090484685)
(0.04 0.02497620555 0.001090484685)
(0.05 0.02497620555 0.001090484685)
(0.06 0.02497620555 0.001090484685)
(0.07 0.02497620555 0.001090484685)
(0.08 0.02497620555 0.001090484685)
(0.09 0.02497620555 0.001090484685)
(0.1 0.02497620555 0.001090484685)
(0.11 0.02497620555 0.001090484685)
(0.12 0.02497620555 0.001090484685)
(0.13 0.02497620555 0.001090484685)
(0.14 0.02497620555 0.001090484685)
(0.15 0.02497620555 0.001090484685)
(0.16 0.02497620555 0.001090484685)
(0.17 0.02497620555 0.001090484685)
(0.18 0.02497620555 0.001090484685)
(0.19 0.02497620555 0.001090484685)
(0.2 0.02497620555 0.001090484685)
(0.21 0.02497620555 0.001090484685)
(0.22 0.02497620555 0.001090484685)
(0.23 0.02497620555 0.001090484685)
(0.24 0.02497620555 0.001090484685)
(0.25 0.02497620555 0.001090484685)
(0.26 0.02497620555 0.001090484685)
(0.27 0.02497620555 0.001090484685)
(0.28 0.02497620555 0.001090484685)
(0.29 0.02497620555 0.001090484685)
(0.3 0.02497620555 0.001090484685)
(0.31 0.02497620555 0.001090484685)
(0.32 0.02497620555 0.001090484685)
(0.33 0.02497620555 0.001090484685)
(0.34 0.02497620555 0.001090484685)
(0.35 0.02497620555 0.001090484685)
(0.36 0.02497620555 0.001090484685)
(0.37 0.02497620555 0.001090484685)
(0.38 0.02497620555 0.001090484685)
(0.39 0.02497620555 0.001090484685)
(0.4 0.02497620555 0.001090484685)
(0.41 0.02497620555 0.001090484685)
(0.42 0.02497620555 0.001090484685)
(0.43 0.02497620555 0.001090484685)
(0.44 0.02497620555 0.001090484685)
(0.45 0.02497620555 0.001090484685)
(0.46 0.02497620555 0.001090484685)
(0.47 0.02497620555 0.001090484685)
(0.48 0.02497620555 0.001090484685)
(0.49 0.02497620555 0.001090484685)
(0.5 0.02497620555 0.001090484685)
(0.51 0.02497620555 0.001090484685)
(0.52 0.02497620555 0.001090484685)
(0.53 0.02497620555 0.001090484685)
(0.54 0.02497620555 0.001090484685)
(0.55 0.02497620555 0.001090484685)
(0.56 0.02497620555 0.001090484685)
(0.57 0.02497620555 0.001090484685)
(0.58 0.02497620555 0.001090484685)
(0.59 0.02497620555 0.001090484685)
(0.6 0.02497620555 0.001090484685)
(0.61 0.02497620555 0.001090484685)
(0.62 0.02497620555 0.001090484685)
(0.63 0.02497620555 0.001090484685)
(0.64 0.02497620555 0.001090484685)
(0.65 0.02497620555 0.001090484685)
(0.66 0.02497620555 0.001090484685)
(0.67 0.02497620555 0.001090484685)
(0.68 0.02497620555 0.001090484685)
(0.69 0.02497620555 0.001090484685)
(0.7 0.02497620555 0.001090484685)
(0.71 0.02497620555 0.001090484685)
(0.72 0.02497620555 0.001090484685)
(0.73 0.02497620555 0.001090484685)
(0.74 0.02497620555 0.001090484685)
(0.75 0.02497620555 0.001090484685)
(0.76 0.02497620555 0.001090484685)
(0.77 0.02497620555 0.001090484685)
(0.78 0.02497620555 0.001090484685)
(0.79 0.02497620555 0.001090484685)
(0.8 0.02497620555 0.001090484685)
(0.81 0.02497620555 0.001090484685)
(0.82 0.02497620555 0.001090484685)
(0.83 0.02497620555 0.001090484685)
(0.84 0.02497620555 0.001090484685)
(0.85 0.02497620555 0.001090484685)
(0.86 0.02497620555 0.001090484685)
(0.87 0.02497620555 0.001090484685)
(0.88 0.02497620555 0.001090484685)
(0.89 0.02497620555 0.001090484685)
(0.9 0.02497620555 0.001090484685)
(0.91 0.02497620555 0.001090484685)
(0.92 0.02497620555 0.001090484685)
(0.93 0.02497620555 0.001090484685)
(0.94 0.02497620555 0.001090484685)
(0.95 0.02497620555 0.001090484685)
(0.96 0.02497620555 0.001090484685)
(0.97 0.02497620555 0.001090484685)
(0.98 0.02497620555 0.001090484685)
(0.99 0.02497620555 0.001090484685)
(1 0.02497620555 0.001090484685)
(1.01 0.02497620555 0.001090484685)
(1.02 0.02497620555 0.001090484685)
(1.03 0.02497620555 0.001090484685)
(1.04 0.02497620555 0.001090484685)
(1.05 0.02497620555 0.001090484685)
(1.06 0.02497620555 0.001090484685)
(1.07 0.02497620555 0.001090484685)
(1.08 0.02497620555 0.001090484685)
(1.09 0.02497620555 0.001090484685)
(1.1 0.02497620555 0.001090484685)
(1.11 0.02497620555 0.001090484685)
(1.12 0.02497620555 0.001090484685)
(1.13 0.02497620555 0.001090484685)
(1.14 0.02497620555 0.001090484685)
(1.15 0.02497620555 0.001090484685)
(1.16 0.02497620555 0.001090484685)
(1.17 0.02497620555 0.001090484685)
(1.18 0.02497620555 0.001090484685)
(1.19 0.02497620555 0.001090484685)
(1.2 0.02497620555 0.001090484685)
(1.21 0.02497620555 0.001090484685)
(1.22 0.02497620555 0.001090484685)
(1.23 0.02497620555 0.001090484685)
(1.24 0.02497620555 0.001090484685)
(1.25 0.02497620555 0.001090484685)
(1.26 0.02497620555 0.001090484685)
(1.27 0.02497620555 0.001090484685)
(1.28 0.02497620555 0.001090484685)
(1.29 0.02497620555 0.001090484685)
(1.3 0.02497620555 0.001090484685)
(1.31 0.02497620555 0.001090484685)
(1.32 0.02497620555 0.001090484685)
(1.33 0.02497620555 0.001090484685)
(1.34 0.02497620555 0.001090484685)
(1.35 0.02497620555 0.001090484685)
(1.36 0.02497620555 0.001090484685)
(1.37 0.02497620555 0.001090484685)
(1.38 0.02497620555 0.001090484685)
(1.39 0.02497620555 0.001090484685)
(1.4 0.02497620555 0.001090484685)
(1.41 0.02497620555 0.001090484685)
(1.42 0.02497620555 0.001090484685)
(1.43 0.02497620555 0.001090484685)
(1.44 0.02497620555 0.001090484685)
(1.45 0.02497620555 0.001090484685)
(1.46 0.02497620555 0.001090484685)
(1.47 0.02497620555 0.001090484685)
(1.48 0.02497620555 0.001090484685)
(1.49 0.02497620555 0.001090484685)
(1.5 0.02497620555 0.001090484685)
(1.51 0.02497620555 0.001090484685)
(1.52 0.02497620555 0.001090484685)
(1.53 0.02497620555 0.001090484685)
(1.54 0.02497620555 0.001090484685)
(1.55 0.02497620555 0.001090484685)
(1.56 0.02497620555 0.001090484685)
(1.57 0.02497620555 0.001090484685)
(1.58 0.02497620555 0.001090484685)
(1.59 0.02497620555 0.001090484685)
(1.6 0.02497620555 0.001090484685)
(1.61 0.02497620555 0.001090484685)
(1.62 0.02497620555 0.001090484685)
(1.63 0.02497620555 0.001090484685)
(1.64 0.02497620555 0.001090484685)
(1.65 0.02497620555 0.001090484685)
(1.66 0.02497620555 0.001090484685)
(1.67 0.02497620555 0.001090484685)
(1.68 0.02497620555 0.001090484685)
(1.69 0.02497620555 0.001090484685)
(1.7 0.02497620555 0.001090484685)
(1.71 0.02497620555 0.001090484685)
(1.72 0.02497620555 0.001090484685)
(1.73 0.02497620555 0.001090484685)
(1.74 0.02497620555 0.001090484685)
(1.75 0.02497620555 0.001090484685)
(1.76 0.02497620555 0.001090484685)
(1.77 0.02497620555 0.001090484685)
(1.78 0.02497620555 0.001090484685)
(1.79 0.02497620555 0.001090484685)
(1.8 0.02497620555 0.001090484685)
(1.81 0.02497620555 0.001090484685)
(1.82 0.02497620555 0.001090484685)
(1.83 0.02497620555 0.001090484685)
(1.84 0.02497620555 0.001090484685)
(1.85 0.02497620555 0.001090484685)
(1.86 0.02497620555 0.001090484685)
(1.87 0.02497620555 0.001090484685)
(1.88 0.02497620555 0.001090484685)
(1.89 0.02497620555 0.001090484685)
(1.9 0.02497620555 0.001090484685)
(1.91 0.02497620555 0.001090484685)
(1.92 0.02497620555 0.001090484685)
(1.93 0.02497620555 0.001090484685)
(1.94 0.02497620555 0.001090484685)
(1.95 0.02497620555 0.001090484685)
(1.96 0.02497620555 0.001090484685)
(1.97 0.02497620555 0.001090484685)
(1.98 0.02497620555 0.001090484685)
(1.99 0.02497620555 0.001090484685)
(2 0.02497620555 0.001090484685)
(2.01 0.02497620555 0.001090484685)
(2.02 0.02497620555 0.001090484685)
(2.03 0.02497620555 0.001090484685)
(2.04 0.02497620555 0.001090484685)
(2.05 0.02497620555 0.001090484685)
(2.06 0.02497620555 0.001090484685)
(2.07 0.02497620555 0.001090484685)
(2.08 0.02497620555 0.001090484685)
(2.09 0.02497620555 0.001090484685)
(2.1 0.02497620555 0.001090484685)
(2.11 0.02497620555 0.001090484685)
(2.12 0.02497620555 0.001090484685)
(2.13 0.02497620555 0.001090484685)
(2.14 0.02497620555 0.001090484685)
(2.15 0.02497620555 0.001090484685)
(2.16 0.02497620555 0.001090484685)
(2.17 0.02497620555 0.001090484685)
(2.18 0.02497620555 0.001090484685)
(2.19 0.02497620555 0.001090484685)
(2.2 0.02497620555 0.001090484685)
(2.21 0.02497620555 0.001090484685)
(2.22 0.02497620555 0.001090484685)
(2.23 0.02497620555 0.001090484685)
(2.24 0.02497620555 0.001090484685)
(2.25 0.02497620555 0.001090484685)
(2.26 0.02497620555 0.001090484685)
(2.27 0.02497620555 0.001090484685)
(2.28 0.02497620555 0.001090484685)
(2.29 0.02497620555 0.001090484685)
(2.3 0.02497620555 0.001090484685)
(2.31 0.02497620555 0.001090484685)
(2.32 0.02497620555 0.001090484685)
(2.33 0.02497620555 0.001090484685)
(2.34 0.02497620555 0.001090484685)
(2.35 0.02497620555 0.001090484685)
(2.36 0.02497620555 0.001090484685)
(2.37 0.02497620555 0.001090484685)
(2.38 0.02497620555 0.001090484685)
(2.39 0.02497620555 0.001090484685)
(2.4 0.02497620555 0.001090484685)
(2.41 0.02497620555 0.001090484685)
(2.42 0.02497620555 0.001090484685)
(2.43 0.02497620555 0.001090484685)
(2.44 0.02497620555 0.001090484685)
(2.45 0.02497620555 0.001090484685)
(2.46 0.02497620555 0.001090484685)
(2.47 0.02497620555 0.001090484685)
(2.48 0.02497620555 0.001090484685)
(2.49 0.02497620555 0.001090484685)
(2.5 0.02497620555 0.001090484685)
(2.51 0.02497620555 0.001090484685)
(2.52 0.02497620555 0.001090484685)
(2.53 0.02497620555 0.001090484685)
(2.54 0.02497620555 0.001090484685)
(2.55 0.02497620555 0.001090484685)
(2.56 0.02497620555 0.001090484685)
(2.57 0.02497620555 0.001090484685)
(2.58 0.02497620555 0.001090484685)
(2.59 0.02497620555 0.001090484685)
(2.6 0.02497620555 0.001090484685)
(2.61 0.02497620555 0.001090484685)
(2.62 0.02497620555 0.001090484685)
(2.63 0.02497620555 0.001090484685)
(2.64 0.02497620555 0.001090484685)
(2.65 0.02497620555 0.001090484685)
(2.66 0.02497620555 0.001090484685)
(2.67 0.02497620555 0.001090484685)
(2.68 0.02497620555 0.001090484685)
(2.69 0.02497620555 0.001090484685)
(2.7 0.02497620555 0.001090484685)
(2.71 0.02497620555 0.001090484685)
(2.72 0.02497620555 0.001090484685)
(2.73 0.02497620555 0.001090484685)
(2.74 0.02497620555 0.001090484685)
(2.75 0.02497620555 0.001090484685)
(2.76 0.02497620555 0.001090484685)
(2.77 0.02497620555 0.001090484685)
(2.78 0.02497620555 0.001090484685)
(2.79 0.02497620555 0.001090484685)
(2.8 0.02497620555 0.001090484685)
(2.81 0.02497620555 0.001090484685)
(2.82 0.02497620555 0.001090484685)
(2.83 0.02497620555 0.001090484685)
(2.84 0.02497620555 0.001090484685)
(2.85 0.02497620555 0.001090484685)
(2.86 0.02497620555 0.001090484685)
(2.87 0.02497620555 0.001090484685)
(2.88 0.02497620555 0.001090484685)
(2.89 0.02497620555 0.001090484685)
(2.9 0.02497620555 0.001090484685)
(2.91 0.02497620555 0.001090484685)
(2.92 0.02497620555 0.001090484685)
(2.93 0.02497620555 0.001090484685)
(2.94 0.02497620555 0.001090484685)
(2.95 0.02497620555 0.001090484685)
(2.96 0.02497620555 0.001090484685)
(2.97 0.02497620555 0.001090484685)
(2.98 0.02497620555 0.001090484685)
(2.99 0.02497620555 0.001090484685)
(3 0.02497620555 0.001090484685)
(0 0.02747382611 0.001199533154)
(0.01 0.02747382611 0.001199533154)
(0.02 0.02747382611 0.001199533154)
(0.03 0.02747382611 0.001199533154)
(0.04 0.02747382611 0.001199533154)
(0.05 0.02747382611 0.001199533154)
(0.06 0.02747382611 0.001199533154)
(0.07 0.02747382611 0.001199533154)
(0.08 0.02747382611 0.001199533154)
(0.09 0.02747382611 0.001199533154)
(0.1 0.02747382611 0.001199533154)
(0.11 0.02747382611 0.001199533154)
(0.12 0.02747382611 0.001199533154)
(0.13 0.02747382611 0.001199533154)
(0.14 0.02747382611 0.001199533154)
(0.15 0.02747382611 0.001199533154)
(0.16 0.02747382611 0.001199533154)
(0.17 0.02747382611 0.001199533154)
(0.18 0.02747382611 0.001199533154)
(0.19 0.02747382611 0.001199533154)
(0.2 0.02747382611 0.001199533154)
(0.21 0.02747382611 0.001199533154)
(0.22 0.02747382611 0.001199533154)
(0.23 0.02747382611 0.001199533154)
(0.24 0.02747382611 0.001199533154)
(0.25 0.02747382611 0.001199533154)
(0.26 0.02747382611 0.001199533154)
(0.27 0.02747382611 0.001199533154)
(0.28 0.02747382611 0.001199533154)
(0.29 0.02747382611 0.001199533154)
(0.3 0.02747382611 0.001199533154)
(0.31 0.02747382611 0.001199533154)
(0.32 0.02747382611 0.001199533154)
(0.33 0.02747382611 0.001199533154)
(0.34 0.02747382611 0.001199533154)
(0.35 0.02747382611 0.001199533154)
(0.36 0.02747382611 0.001199533154)
(0.37 0.02747382611 0.001199533154)
(0.38 0.02747382611 0.001199533154)
(0.39 0.02747382611 0.001199533154)
(0.4 0.02747382611 0.001199533154)
(0.41 0.02747382611 0.001199533154)
(0.42 0.02747382611 0.001199533154)
(0.43 0.02747382611 0.001199533154)
(0.44 0.02747382611 0.001199533154)
(0.45 0.02747382611 0.001199533154)
(0.46 0.02747382611 0.001199533154)
(0.47 0.02747382611 0.001199533154)
(0.48 0.02747382611 0.001199533154)
(0.49 0.02747382611 0.001199533154)
(0.5 0.02747382611 0.001199533154)
(0.51 0.02747382611 0.001199533154)
(0.52 0.02747382611 0.001199533154)
(0.53 0.02747382611 0.001199533154)
(0.54 0.02747382611 0.001199533154)
(0.55 0.02747382611 0.001199533154)
(0.56 0.02747382611 0.001199533154)
(0.57 0.02747382611 0.001199533154)
(0.58 0.02747382611 0.001199533154)
(0.59 0.02747382611 0.001199533154)
(0.6 0.02747382611 0.001199533154)
(0.61 0.02747382611 0.001199533154)
(0.62 0.02747382611 0.001199533154)
(0.63 0.02747382611 0.001199533154)
(0.64 0.02747382611 0.001199533154)
(0.65 0.02747382611 0.001199533154)
(0.66 0.02747382611 0.001199533154)
(0.67 0.02747382611 0.001199533154)
(0.68 0.02747382611 0.001199533154)
(0.69 0.02747382611 0.001199533154)
(0.7 0.02747382611 0.001199533154)
(0.71 0.02747382611 0.001199533154)
(0.72 0.02747382611 0.001199533154)
(0.73 0.02747382611 0.001199533154)
(0.74 0.02747382611 0.001199533154)
(0.75 0.02747382611 0.001199533154)
(0.76 0.02747382611 0.001199533154)
(0.77 0.02747382611 0.001199533154)
(0.78 0.02747382611 0.001199533154)
(0.79 0.02747382611 0.001199533154)
(0.8 0.02747382611 0.001199533154)
(0.81 0.02747382611 0.001199533154)
(0.82 0.02747382611 0.001199533154)
(0.83 0.02747382611 0.001199533154)
(0.84 0.02747382611 0.001199533154)
(0.85 0.02747382611 0.001199533154)
(0.86 0.02747382611 0.001199533154)
(0.87 0.02747382611 0.001199533154)
(0.88 0.02747382611 0.001199533154)
(0.89 0.02747382611 0.001199533154)
(0.9 0.02747382611 0.001199533154)
(0.91 0.02747382611 0.001199533154)
(0.92 0.02747382611 0.001199533154)
(0.93 0.02747382611 0.001199533154)
(0.94 0.02747382611 0.001199533154)
(0.95 0.02747382611 0.001199533154)
(0.96 0.02747382611 0.001199533154)
(0.97 0.02747382611 0.001199533154)
(0.98 0.02747382611 0.001199533154)
(0.99 0.02747382611 0.001199533154)
(1 0.02747382611 0.001199533154)
(1.01 0.02747382611 0.001199533154)
(1.02 0.02747382611 0.001199533154)
(1.03 0.02747382611 0.001199533154)
(1.04 0.02747382611 0.001199533154)
(1.05 0.02747382611 0.001199533154)
(1.06 0.02747382611 0.001199533154)
(1.07 0.02747382611 0.001199533154)
(1.08 0.02747382611 0.001199533154)
(1.09 0.02747382611 0.001199533154)
(1.1 0.02747382611 0.001199533154)
(1.11 0.02747382611 0.001199533154)
(1.12 0.02747382611 0.001199533154)
(1.13 0.02747382611 0.001199533154)
(1.14 0.02747382611 0.001199533154)
(1.15 0.02747382611 0.001199533154)
(1.16 0.02747382611 0.001199533154)
(1.17 0.02747382611 0.001199533154)
(1.18 0.02747382611 0.001199533154)
(1.19 0.02747382611 0.001199533154)
(1.2 0.02747382611 0.001199533154)
(1.21 0.02747382611 0.001199533154)
(1.22 0.02747382611 0.001199533153)
(1.23 0.02747382611 0.001199533154)
(1.24 0.02747382611 0.001199533154)
(1.25 0.02747382611 0.001199533154)
(1.26 0.02747382611 0.001199533154)
(1.27 0.02747382611 0.001199533154)
(1.28 0.02747382611 0.001199533154)
(1.29 0.02747382611 0.001199533154)
(1.3 0.02747382611 0.001199533154)
(1.31 0.02747382611 0.001199533154)
(1.32 0.02747382611 0.001199533154)
(1.33 0.02747382611 0.001199533154)
(1.34 0.02747382611 0.001199533154)
(1.35 0.02747382611 0.001199533154)
(1.36 0.02747382611 0.001199533154)
(1.37 0.02747382611 0.001199533154)
(1.38 0.02747382611 0.001199533154)
(1.39 0.02747382611 0.001199533154)
(1.4 0.02747382611 0.001199533154)
(1.41 0.02747382611 0.001199533154)
(1.42 0.02747382611 0.001199533154)
(1.43 0.02747382611 0.001199533154)
(1.44 0.02747382611 0.001199533154)
(1.45 0.02747382611 0.001199533154)
(1.46 0.02747382611 0.001199533154)
(1.47 0.02747382611 0.001199533154)
(1.48 0.02747382611 0.001199533154)
(1.49 0.02747382611 0.001199533154)
(1.5 0.02747382611 0.001199533154)
(1.51 0.02747382611 0.001199533153)
(1.52 0.02747382611 0.001199533154)
(1.53 0.02747382611 0.001199533154)
(1.54 0.02747382611 0.001199533154)
(1.55 0.02747382611 0.001199533154)
(1.56 0.02747382611 0.001199533154)
(1.57 0.02747382611 0.001199533154)
(1.58 0.02747382611 0.001199533154)
(1.59 0.02747382611 0.001199533154)
(1.6 0.02747382611 0.001199533154)
(1.61 0.02747382611 0.001199533154)
(1.62 0.02747382611 0.001199533154)
(1.63 0.02747382611 0.001199533154)
(1.64 0.02747382611 0.001199533154)
(1.65 0.02747382611 0.001199533154)
(1.66 0.02747382611 0.001199533154)
(1.67 0.02747382611 0.001199533154)
(1.68 0.02747382611 0.001199533154)
(1.69 0.02747382611 0.001199533153)
(1.7 0.02747382611 0.001199533154)
(1.71 0.02747382611 0.001199533154)
(1.72 0.02747382611 0.001199533154)
(1.73 0.02747382611 0.001199533154)
(1.74 0.02747382611 0.001199533154)
(1.75 0.02747382611 0.001199533154)
(1.76 0.02747382611 0.001199533154)
(1.77 0.02747382611 0.001199533154)
(1.78 0.02747382611 0.001199533154)
(1.79 0.02747382611 0.001199533154)
(1.8 0.02747382611 0.001199533154)
(1.81 0.02747382611 0.001199533154)
(1.82 0.02747382611 0.001199533154)
(1.83 0.02747382611 0.001199533154)
(1.84 0.02747382611 0.001199533154)
(1.85 0.02747382611 0.001199533154)
(1.86 0.02747382611 0.001199533154)
(1.87 0.02747382611 0.001199533153)
(1.88 0.02747382611 0.001199533154)
(1.89 0.02747382611 0.001199533154)
(1.9 0.02747382611 0.001199533154)
(1.91 0.02747382611 0.001199533154)
(1.92 0.02747382611 0.001199533154)
(1.93 0.02747382611 0.001199533154)
(1.94 0.02747382611 0.001199533154)
(1.95 0.02747382611 0.001199533154)
(1.96 0.02747382611 0.001199533154)
(1.97 0.02747382611 0.001199533154)
(1.98 0.02747382611 0.001199533154)
(1.99 0.02747382611 0.001199533154)
(2 0.02747382611 0.001199533154)
(2.01 0.02747382611 0.001199533154)
(2.02 0.02747382611 0.001199533154)
(2.03 0.02747382611 0.001199533154)
(2.04 0.02747382611 0.001199533154)
(2.05 0.02747382611 0.001199533153)
(2.06 0.02747382611 0.001199533154)
(2.07 0.02747382611 0.001199533154)
(2.08 0.02747382611 0.001199533154)
(2.09 0.02747382611 0.001199533154)
(2.1 0.02747382611 0.001199533154)
(2.11 0.02747382611 0.001199533154)
(2.12 0.02747382611 0.001199533154)
(2.13 0.02747382611 0.001199533153)
(2.14 0.02747382611 0.001199533154)
(2.15 0.02747382611 0.001199533154)
(2.16 0.02747382611 0.001199533154)
(2.17 0.02747382611 0.001199533154)
(2.18 0.02747382611 0.001199533154)
(2.19 0.02747382611 0.001199533154)
(2.2 0.02747382611 0.001199533154)
(2.21 0.02747382611 0.001199533154)
(2.22 0.02747382611 0.001199533154)
(2.23 0.02747382611 0.001199533154)
(2.24 0.02747382611 0.001199533154)
(2.25 0.02747382611 0.001199533154)
(2.26 0.02747382611 0.001199533153)
(2.27 0.02747382611 0.001199533154)
(2.28 0.02747382611 0.001199533154)
(2.29 0.02747382611 0.001199533154)
(2.3 0.02747382611 0.001199533154)
(2.31 0.02747382611 0.001199533154)
(2.32 0.02747382611 0.001199533154)
(2.33 0.02747382611 0.001199533154)
(2.34 0.02747382611 0.001199533154)
(2.35 0.02747382611 0.001199533154)
(2.36 0.02747382611 0.001199533154)
(2.37 0.02747382611 0.001199533154)
(2.38 0.02747382611 0.001199533154)
(2.39 0.02747382611 0.001199533154)
(2.4 0.02747382611 0.001199533154)
(2.41 0.02747382611 0.001199533154)
(2.42 0.02747382611 0.001199533154)
(2.43 0.02747382611 0.001199533154)
(2.44 0.02747382611 0.001199533153)
(2.45 0.02747382611 0.001199533154)
(2.46 0.02747382611 0.001199533154)
(2.47 0.02747382611 0.001199533154)
(2.48 0.02747382611 0.001199533154)
(2.49 0.02747382611 0.001199533154)
(2.5 0.02747382611 0.001199533154)
(2.51 0.02747382611 0.001199533154)
(2.52 0.02747382611 0.001199533153)
(2.53 0.02747382611 0.001199533154)
(2.54 0.02747382611 0.001199533154)
(2.55 0.02747382611 0.001199533154)
(2.56 0.02747382611 0.001199533154)
(2.57 0.02747382611 0.001199533154)
(2.58 0.02747382611 0.001199533154)
(2.59 0.02747382611 0.001199533154)
(2.6 0.02747382611 0.001199533154)
(2.61 0.02747382611 0.001199533154)
(2.62 0.02747382611 0.001199533154)
(2.63 0.02747382611 0.001199533154)
(2.64 0.02747382611 0.001199533154)
(2.65 0.02747382611 0.001199533153)
(2.66 0.02747382611 0.001199533154)
(2.67 0.02747382611 0.001199533154)
(2.68 0.02747382611 0.001199533154)
(2.69 0.02747382611 0.001199533154)
(2.7 0.02747382611 0.001199533154)
(2.71 0.02747382611 0.001199533154)
(2.72 0.02747382611 0.001199533154)
(2.73 0.02747382611 0.001199533154)
(2.74 0.02747382611 0.001199533154)
(2.75 0.02747382611 0.001199533153)
(2.76 0.02747382611 0.001199533154)
(2.77 0.02747382611 0.001199533154)
(2.78 0.02747382611 0.001199533154)
(2.79 0.02747382611 0.001199533154)
(2.8 0.02747382611 0.001199533153)
(2.81 0.02747382611 0.001199533154)
(2.82 0.02747382611 0.001199533154)
(2.83 0.02747382611 0.001199533153)
(2.84 0.02747382611 0.001199533154)
(2.85 0.02747382611 0.001199533154)
(2.86 0.02747382611 0.001199533154)
(2.87 0.02747382611 0.001199533154)
(2.88 0.02747382611 0.001199533153)
(2.89 0.02747382611 0.001199533154)
(2.9 0.02747382611 0.001199533154)
(2.91 0.02747382611 0.001199533153)
(2.92 0.02747382611 0.001199533154)
(2.93 0.02747382611 0.001199533153)
(2.94 0.02747382611 0.001199533154)
(2.95 0.02747382611 0.001199533154)
(2.96 0.02747382611 0.001199533154)
(2.97 0.02747382611 0.001199533154)
(2.98 0.02747382611 0.001199533154)
(2.99 0.02747382611 0.001199533154)
(3 0.02747382611 0.001199533154)
(0 0.02997144666 0.001308581622)
(0.01 0.02997144666 0.001308581622)
(0.02 0.02997144666 0.001308581622)
(0.03 0.02997144666 0.001308581622)
(0.04 0.02997144666 0.001308581622)
(0.05 0.02997144666 0.001308581622)
(0.06 0.02997144666 0.001308581622)
(0.07 0.02997144666 0.001308581622)
(0.08 0.02997144666 0.001308581622)
(0.09 0.02997144666 0.001308581622)
(0.1 0.02997144666 0.001308581622)
(0.11 0.02997144666 0.001308581622)
(0.12 0.02997144666 0.001308581622)
(0.13 0.02997144666 0.001308581622)
(0.14 0.02997144666 0.001308581622)
(0.15 0.02997144666 0.001308581622)
(0.16 0.02997144666 0.001308581622)
(0.17 0.02997144666 0.001308581622)
(0.18 0.02997144666 0.001308581622)
(0.19 0.02997144666 0.001308581622)
(0.2 0.02997144666 0.001308581622)
(0.21 0.02997144666 0.001308581622)
(0.22 0.02997144666 0.001308581622)
(0.23 0.02997144666 0.001308581622)
(0.24 0.02997144666 0.001308581622)
(0.25 0.02997144666 0.001308581622)
(0.26 0.02997144666 0.001308581622)
(0.27 0.02997144666 0.001308581622)
(0.28 0.02997144666 0.001308581622)
(0.29 0.02997144666 0.001308581622)
(0.3 0.02997144666 0.001308581622)
(0.31 0.02997144666 0.001308581622)
(0.32 0.02997144666 0.001308581622)
(0.33 0.02997144666 0.001308581622)
(0.34 0.02997144666 0.001308581622)
(0.35 0.02997144666 0.001308581622)
(0.36 0.02997144666 0.001308581622)
(0.37 0.02997144666 0.001308581622)
(0.38 0.02997144666 0.001308581622)
(0.39 0.02997144666 0.001308581622)
(0.4 0.02997144666 0.001308581622)
(0.41 0.02997144666 0.001308581622)
(0.42 0.02997144666 0.001308581622)
(0.43 0.02997144666 0.001308581622)
(0.44 0.02997144666 0.001308581622)
(0.45 0.02997144666 0.001308581622)
(0.46 0.02997144666 0.001308581622)
(0.47 0.02997144666 0.001308581622)
(0.48 0.02997144666 0.001308581622)
(0.49 0.02997144666 0.001308581622)
(0.5 0.02997144666 0.001308581622)
(0.51 0.02997144666 0.001308581622)
(0.52 0.02997144666 0.001308581622)
(0.53 0.02997144666 0.001308581622)
(0.54 0.02997144666 0.001308581622)
(0.55 0.02997144666 0.001308581622)
(0.56 0.02997144666 0.001308581622)
(0.57 0.02997144666 0.001308581622)
(0.58 0.02997144666 0.001308581622)
(0.59 0.02997144666 0.001308581622)
(0.6 0.02997144666 0.001308581622)
(0.61 0.02997144666 0.001308581622)
(0.62 0.02997144666 0.001308581622)
(0.63 0.02997144666 0.001308581622)
(0.64 0.02997144666 0.001308581622)
(0.65 0.02997144666 0.001308581622)
(0.66 0.02997144666 0.001308581622)
(0.67 0.02997144666 0.001308581622)
(0.68 0.02997144666 0.001308581622)
(0.69 0.02997144666 0.001308581622)
(0.7 0.02997144666 0.001308581622)
(0.71 0.02997144666 0.001308581622)
(0.72 0.02997144666 0.001308581622)
(0.73 0.02997144666 0.001308581622)
(0.74 0.02997144666 0.001308581622)
(0.75 0.02997144666 0.001308581622)
(0.76 0.02997144666 0.001308581622)
(0.77 0.02997144666 0.001308581622)
(0.78 0.02997144666 0.001308581622)
(0.79 0.02997144666 0.001308581622)
(0.8 0.02997144666 0.001308581622)
(0.81 0.02997144666 0.001308581622)
(0.82 0.02997144666 0.001308581622)
(0.83 0.02997144666 0.001308581622)
(0.84 0.02997144666 0.001308581622)
(0.85 0.02997144666 0.001308581622)
(0.86 0.02997144666 0.001308581622)
(0.87 0.02997144666 0.001308581622)
(0.88 0.02997144666 0.001308581622)
(0.89 0.02997144666 0.001308581622)
(0.9 0.02997144666 0.001308581622)
(0.91 0.02997144666 0.001308581622)
(0.92 0.02997144666 0.001308581622)
(0.93 0.02997144666 0.001308581622)
(0.94 0.02997144666 0.001308581622)
(0.95 0.02997144666 0.001308581622)
(0.96 0.02997144666 0.001308581622)
(0.97 0.02997144666 0.001308581622)
(0.98 0.02997144666 0.001308581622)
(0.99 0.02997144666 0.001308581622)
(1 0.02997144666 0.001308581622)
(1.01 0.02997144666 0.001308581622)
(1.02 0.02997144666 0.001308581622)
(1.03 0.02997144666 0.001308581622)
(1.04 0.02997144666 0.001308581622)
(1.05 0.02997144666 0.001308581622)
(1.06 0.02997144666 0.001308581622)
(1.07 0.02997144666 0.001308581622)
(1.08 0.02997144666 0.001308581622)
(1.09 0.02997144666 0.001308581622)
(1.1 0.02997144666 0.001308581622)
(1.11 0.02997144666 0.001308581622)
(1.12 0.02997144666 0.001308581622)
(1.13 0.02997144666 0.001308581622)
(1.14 0.02997144666 0.001308581622)
(1.15 0.02997144666 0.001308581622)
(1.16 0.02997144666 0.001308581622)
(1.17 0.02997144666 0.001308581622)
(1.18 0.02997144666 0.001308581622)
(1.19 0.02997144666 0.001308581622)
(1.2 0.02997144666 0.001308581622)
(1.21 0.02997144666 0.001308581622)
(1.22 0.02997144666 0.001308581622)
(1.23 0.02997144666 0.001308581622)
(1.24 0.02997144666 0.001308581622)
(1.25 0.02997144666 0.001308581622)
(1.26 0.02997144666 0.001308581622)
(1.27 0.02997144666 0.001308581622)
(1.28 0.02997144666 0.001308581622)
(1.29 0.02997144666 0.001308581622)
(1.3 0.02997144666 0.001308581622)
(1.31 0.02997144666 0.001308581622)
(1.32 0.02997144666 0.001308581622)
(1.33 0.02997144666 0.001308581622)
(1.34 0.02997144666 0.001308581622)
(1.35 0.02997144666 0.001308581622)
(1.36 0.02997144666 0.001308581622)
(1.37 0.02997144666 0.001308581622)
(1.38 0.02997144666 0.001308581622)
(1.39 0.02997144666 0.001308581622)
(1.4 0.02997144666 0.001308581622)
(1.41 0.02997144666 0.001308581622)
(1.42 0.02997144666 0.001308581622)
(1.43 0.02997144666 0.001308581622)
(1.44 0.02997144666 0.001308581622)
(1.45 0.02997144666 0.001308581622)
(1.46 0.02997144666 0.001308581622)
(1.47 0.02997144666 0.001308581622)
(1.48 0.02997144666 0.001308581622)
(1.49 0.02997144666 0.001308581622)
(1.5 0.02997144666 0.001308581622)
(1.51 0.02997144666 0.001308581622)
(1.52 0.02997144666 0.001308581622)
(1.53 0.02997144666 0.001308581622)
(1.54 0.02997144666 0.001308581622)
(1.55 0.02997144666 0.001308581622)
(1.56 0.02997144666 0.001308581622)
(1.57 0.02997144666 0.001308581622)
(1.58 0.02997144666 0.001308581622)
(1.59 0.02997144666 0.001308581622)
(1.6 0.02997144666 0.001308581622)
(1.61 0.02997144666 0.001308581622)
(1.62 0.02997144666 0.001308581622)
(1.63 0.02997144666 0.001308581622)
(1.64 0.02997144666 0.001308581622)
(1.65 0.02997144666 0.001308581622)
(1.66 0.02997144666 0.001308581622)
(1.67 0.02997144666 0.001308581622)
(1.68 0.02997144666 0.001308581622)
(1.69 0.02997144666 0.001308581622)
(1.7 0.02997144666 0.001308581622)
(1.71 0.02997144666 0.001308581622)
(1.72 0.02997144666 0.001308581622)
(1.73 0.02997144666 0.001308581622)
(1.74 0.02997144666 0.001308581622)
(1.75 0.02997144666 0.001308581622)
(1.76 0.02997144666 0.001308581622)
(1.77 0.02997144666 0.001308581622)
(1.78 0.02997144666 0.001308581622)
(1.79 0.02997144666 0.001308581622)
(1.8 0.02997144666 0.001308581622)
(1.81 0.02997144666 0.001308581622)
(1.82 0.02997144666 0.001308581622)
(1.83 0.02997144666 0.001308581622)
(1.84 0.02997144666 0.001308581622)
(1.85 0.02997144666 0.001308581622)
(1.86 0.02997144666 0.001308581622)
(1.87 0.02997144666 0.001308581622)
(1.88 0.02997144666 0.001308581622)
(1.89 0.02997144666 0.001308581622)
(1.9 0.02997144666 0.001308581622)
(1.91 0.02997144666 0.001308581622)
(1.92 0.02997144666 0.001308581622)
(1.93 0.02997144666 0.001308581622)
(1.94 0.02997144666 0.001308581622)
(1.95 0.02997144666 0.001308581622)
(1.96 0.02997144666 0.001308581622)
(1.97 0.02997144666 0.001308581622)
(1.98 0.02997144666 0.001308581622)
(1.99 0.02997144666 0.001308581622)
(2 0.02997144666 0.001308581622)
(2.01 0.02997144666 0.001308581622)
(2.02 0.02997144666 0.001308581622)
(2.03 0.02997144666 0.001308581622)
(2.04 0.02997144666 0.001308581622)
(2.05 0.02997144666 0.001308581622)
(2.06 0.02997144666 0.001308581622)
(2.07 0.02997144666 0.001308581622)
(2.08 0.02997144666 0.001308581622)
(2.09 0.02997144666 0.001308581622)
(2.1 0.02997144666 0.001308581622)
(2.11 0.02997144666 0.001308581622)
(2.12 0.02997144666 0.001308581622)
(2.13 0.02997144666 0.001308581622)
(2.14 0.02997144666 0.001308581622)
(2.15 0.02997144666 0.001308581622)
(2.16 0.02997144666 0.001308581622)
(2.17 0.02997144666 0.001308581622)
(2.18 0.02997144666 0.001308581622)
(2.19 0.02997144666 0.001308581622)
(2.2 0.02997144666 0.001308581622)
(2.21 0.02997144666 0.001308581622)
(2.22 0.02997144666 0.001308581622)
(2.23 0.02997144666 0.001308581622)
(2.24 0.02997144666 0.001308581622)
(2.25 0.02997144666 0.001308581622)
(2.26 0.02997144666 0.001308581622)
(2.27 0.02997144666 0.001308581622)
(2.28 0.02997144666 0.001308581622)
(2.29 0.02997144666 0.001308581622)
(2.3 0.02997144666 0.001308581622)
(2.31 0.02997144666 0.001308581622)
(2.32 0.02997144666 0.001308581622)
(2.33 0.02997144666 0.001308581622)
(2.34 0.02997144666 0.001308581622)
(2.35 0.02997144666 0.001308581622)
(2.36 0.02997144666 0.001308581622)
(2.37 0.02997144666 0.001308581622)
(2.38 0.02997144666 0.001308581622)
(2.39 0.02997144666 0.001308581622)
(2.4 0.02997144666 0.001308581622)
(2.41 0.02997144666 0.001308581622)
(2.42 0.02997144666 0.001308581622)
(2.43 0.02997144666 0.001308581622)
(2.44 0.02997144666 0.001308581622)
(2.45 0.02997144666 0.001308581622)
(2.46 0.02997144666 0.001308581622)
(2.47 0.02997144666 0.001308581622)
(2.48 0.02997144666 0.001308581622)
(2.49 0.02997144666 0.001308581622)
(2.5 0.02997144666 0.001308581622)
(2.51 0.02997144666 0.001308581622)
(2.52 0.02997144666 0.001308581622)
(2.53 0.02997144666 0.001308581622)
(2.54 0.02997144666 0.001308581622)
(2.55 0.02997144666 0.001308581622)
(2.56 0.02997144666 0.001308581622)
(2.57 0.02997144666 0.001308581622)
(2.58 0.02997144666 0.001308581622)
(2.59 0.02997144666 0.001308581622)
(2.6 0.02997144666 0.001308581622)
(2.61 0.02997144666 0.001308581622)
(2.62 0.02997144666 0.001308581622)
(2.63 0.02997144666 0.001308581622)
(2.64 0.02997144666 0.001308581622)
(2.65 0.02997144666 0.001308581622)
(2.66 0.02997144666 0.001308581622)
(2.67 0.02997144666 0.001308581622)
(2.68 0.02997144666 0.001308581622)
(2.69 0.02997144666 0.001308581622)
(2.7 0.02997144666 0.001308581622)
(2.71 0.02997144666 0.001308581622)
(2.72 0.02997144666 0.001308581622)
(2.73 0.02997144666 0.001308581622)
(2.74 0.02997144666 0.001308581622)
(2.75 0.02997144666 0.001308581622)
(2.76 0.02997144666 0.001308581622)
(2.77 0.02997144666 0.001308581622)
(2.78 0.02997144666 0.001308581622)
(2.79 0.02997144666 0.001308581622)
(2.8 0.02997144666 0.001308581622)
(2.81 0.02997144666 0.001308581622)
(2.82 0.02997144666 0.001308581622)
(2.83 0.02997144666 0.001308581622)
(2.84 0.02997144666 0.001308581622)
(2.85 0.02997144666 0.001308581622)
(2.86 0.02997144666 0.001308581622)
(2.87 0.02997144666 0.001308581622)
(2.88 0.02997144666 0.001308581622)
(2.89 0.02997144666 0.001308581622)
(2.9 0.02997144666 0.001308581622)
(2.91 0.02997144666 0.001308581622)
(2.92 0.02997144666 0.001308581622)
(2.93 0.02997144666 0.001308581622)
(2.94 0.02997144666 0.001308581622)
(2.95 0.02997144666 0.001308581622)
(2.96 0.02997144666 0.001308581622)
(2.97 0.02997144666 0.001308581622)
(2.98 0.02997144666 0.001308581622)
(2.99 0.02997144666 0.001308581622)
(3 0.02997144666 0.001308581622)
(0 0.03246906722 0.001417630091)
(0.01 0.03246906722 0.001417630091)
(0.02 0.03246906722 0.001417630091)
(0.03 0.03246906722 0.001417630091)
(0.04 0.03246906722 0.001417630091)
(0.05 0.03246906722 0.001417630091)
(0.06 0.03246906722 0.001417630091)
(0.07 0.03246906722 0.001417630091)
(0.08 0.03246906722 0.001417630091)
(0.09 0.03246906722 0.001417630091)
(0.1 0.03246906722 0.001417630091)
(0.11 0.03246906722 0.001417630091)
(0.12 0.03246906722 0.001417630091)
(0.13 0.03246906722 0.001417630091)
(0.14 0.03246906722 0.001417630091)
(0.15 0.03246906722 0.001417630091)
(0.16 0.03246906722 0.001417630091)
(0.17 0.03246906722 0.001417630091)
(0.18 0.03246906722 0.001417630091)
(0.19 0.03246906722 0.001417630091)
(0.2 0.03246906722 0.001417630091)
(0.21 0.03246906722 0.001417630091)
(0.22 0.03246906722 0.001417630091)
(0.23 0.03246906722 0.001417630091)
(0.24 0.03246906722 0.001417630091)
(0.25 0.03246906722 0.001417630091)
(0.26 0.03246906722 0.001417630091)
(0.27 0.03246906722 0.001417630091)
(0.28 0.03246906722 0.001417630091)
(0.29 0.03246906722 0.001417630091)
(0.3 0.03246906722 0.001417630091)
(0.31 0.03246906722 0.001417630091)
(0.32 0.03246906722 0.001417630091)
(0.33 0.03246906722 0.001417630091)
(0.34 0.03246906722 0.001417630091)
(0.35 0.03246906722 0.001417630091)
(0.36 0.03246906722 0.001417630091)
(0.37 0.03246906722 0.001417630091)
(0.38 0.03246906722 0.001417630091)
(0.39 0.03246906722 0.001417630091)
(0.4 0.03246906722 0.001417630091)
(0.41 0.03246906722 0.001417630091)
(0.42 0.03246906722 0.001417630091)
(0.43 0.03246906722 0.001417630091)
(0.44 0.03246906722 0.001417630091)
(0.45 0.03246906722 0.001417630091)
(0.46 0.03246906722 0.001417630091)
(0.47 0.03246906722 0.001417630091)
(0.48 0.03246906722 0.001417630091)
(0.49 0.03246906722 0.001417630091)
(0.5 0.03246906722 0.001417630091)
(0.51 0.03246906722 0.001417630091)
(0.52 0.03246906722 0.001417630091)
(0.53 0.03246906722 0.001417630091)
(0.54 0.03246906722 0.001417630091)
(0.55 0.03246906722 0.001417630091)
(0.56 0.03246906722 0.001417630091)
(0.57 0.03246906722 0.001417630091)
(0.58 0.03246906722 0.001417630091)
(0.59 0.03246906722 0.001417630091)
(0.6 0.03246906722 0.001417630091)
(0.61 0.03246906722 0.001417630091)
(0.62 0.03246906722 0.001417630091)
(0.63 0.03246906722 0.001417630091)
(0.64 0.03246906722 0.00141763009)
(0.65 0.03246906722 0.001417630091)
(0.66 0.03246906722 0.001417630091)
(0.67 0.03246906722 0.001417630091)
(0.68 0.03246906722 0.001417630091)
(0.69 0.03246906722 0.001417630091)
(0.7 0.03246906722 0.00141763009)
(0.71 0.03246906722 0.00141763009)
(0.72 0.03246906722 0.001417630091)
(0.73 0.03246906722 0.00141763009)
(0.74 0.03246906722 0.00141763009)
(0.75 0.03246906722 0.001417630091)
(0.76 0.03246906722 0.001417630091)
(0.77 0.03246906722 0.001417630091)
(0.78 0.03246906722 0.00141763009)
(0.79 0.03246906722 0.001417630091)
(0.8 0.03246906722 0.001417630091)
(0.81 0.03246906722 0.00141763009)
(0.82 0.03246906722 0.001417630091)
(0.83 0.03246906722 0.001417630091)
(0.84 0.03246906722 0.00141763009)
(0.85 0.03246906722 0.001417630091)
(0.86 0.03246906722 0.001417630091)
(0.87 0.03246906722 0.00141763009)
(0.88 0.03246906722 0.001417630091)
(0.89 0.03246906722 0.001417630091)
(0.9 0.03246906722 0.001417630091)
(0.91 0.03246906722 0.001417630091)
(0.92 0.03246906722 0.001417630091)
(0.93 0.03246906722 0.00141763009)
(0.94 0.03246906722 0.001417630091)
(0.95 0.03246906722 0.001417630091)
(0.96 0.03246906722 0.00141763009)
(0.97 0.03246906722 0.001417630091)
(0.98 0.03246906722 0.001417630091)
(0.99 0.03246906722 0.00141763009)
(1 0.03246906722 0.001417630091)
(1.01 0.03246906722 0.001417630091)
(1.02 0.03246906722 0.001417630091)
(1.03 0.03246906722 0.001417630091)
(1.04 0.03246906722 0.00141763009)
(1.05 0.03246906722 0.001417630091)
(1.06 0.03246906722 0.001417630091)
(1.07 0.03246906722 0.00141763009)
(1.08 0.03246906722 0.001417630091)
(1.09 0.03246906722 0.001417630091)
(1.1 0.03246906722 0.00141763009)
(1.11 0.03246906722 0.00141763009)
(1.12 0.03246906722 0.001417630091)
(1.13 0.03246906722 0.00141763009)
(1.14 0.03246906722 0.00141763009)
(1.15 0.03246906722 0.001417630091)
(1.16 0.03246906722 0.00141763009)
(1.17 0.03246906722 0.00141763009)
(1.18 0.03246906722 0.00141763009)
(1.19 0.03246906722 0.00141763009)
(1.2 0.03246906722 0.00141763009)
(1.21 0.03246906722 0.00141763009)
(1.22 0.03246906722 0.00141763009)
(1.23 0.03246906722 0.001417630091)
(1.24 0.03246906722 0.00141763009)
(1.25 0.03246906722 0.001417630091)
(1.26 0.03246906722 0.001417630091)
(1.27 0.03246906722 0.00141763009)
(1.28 0.03246906722 0.001417630091)
(1.29 0.03246906722 0.001417630091)
(1.3 0.03246906722 0.00141763009)
(1.31 0.03246906722 0.00141763009)
(1.32 0.03246906722 0.001417630091)
(1.33 0.03246906722 0.00141763009)
(1.34 0.03246906722 0.00141763009)
(1.35 0.03246906722 0.001417630091)
(1.36 0.03246906722 0.00141763009)
(1.37 0.03246906722 0.00141763009)
(1.38 0.03246906722 0.001417630091)
(1.39 0.03246906722 0.001417630091)
(1.4 0.03246906722 0.00141763009)
(1.41 0.03246906722 0.00141763009)
(1.42 0.03246906722 0.001417630091)
(1.43 0.03246906722 0.00141763009)
(1.44 0.03246906722 0.00141763009)
(1.45 0.03246906722 0.001417630091)
(1.46 0.03246906722 0.001417630091)
(1.47 0.03246906722 0.00141763009)
(1.48 0.03246906722 0.001417630091)
(1.49 0.03246906722 0.00141763009)
(1.5 0.03246906722 0.00141763009)
(1.51 0.03246906722 0.00141763009)
(1.52 0.03246906722 0.001417630091)
(1.53 0.03246906722 0.001417630091)
(1.54 0.03246906722 0.00141763009)
(1.55 0.03246906722 0.001417630091)
(1.56 0.03246906722 0.001417630091)
(1.57 0.03246906722 0.00141763009)
(1.58 0.03246906722 0.00141763009)
(1.59 0.03246906722 0.001417630091)
(1.6 0.03246906722 0.001417630091)
(1.61 0.03246906722 0.00141763009)
(1.62 0.03246906722 0.001417630091)
(1.63 0.03246906722 0.001417630091)
(1.64 0.03246906722 0.00141763009)
(1.65 0.03246906722 0.001417630091)
(1.66 0.03246906722 0.001417630091)
(1.67 0.03246906722 0.001417630091)
(1.68 0.03246906722 0.001417630091)
(1.69 0.03246906722 0.001417630091)
(1.7 0.03246906722 0.001417630091)
(1.71 0.03246906722 0.00141763009)
(1.72 0.03246906722 0.001417630091)
(1.73 0.03246906722 0.001417630091)
(1.74 0.03246906722 0.001417630091)
(1.75 0.03246906722 0.001417630091)
(1.76 0.03246906722 0.001417630091)
(1.77 0.03246906722 0.001417630091)
(1.78 0.03246906722 0.001417630091)
(1.79 0.03246906722 0.001417630091)
(1.8 0.03246906722 0.001417630091)
(1.81 0.03246906722 0.001417630091)
(1.82 0.03246906722 0.001417630091)
(1.83 0.03246906722 0.001417630091)
(1.84 0.03246906722 0.001417630091)
(1.85 0.03246906722 0.001417630091)
(1.86 0.03246906722 0.001417630091)
(1.87 0.03246906722 0.001417630091)
(1.88 0.03246906722 0.001417630091)
(1.89 0.03246906722 0.001417630091)
(1.9 0.03246906722 0.001417630091)
(1.91 0.03246906722 0.001417630091)
(1.92 0.03246906722 0.001417630091)
(1.93 0.03246906722 0.001417630091)
(1.94 0.03246906722 0.001417630091)
(1.95 0.03246906722 0.001417630091)
(1.96 0.03246906722 0.001417630091)
(1.97 0.03246906722 0.001417630091)
(1.98 0.03246906722 0.001417630091)
(1.99 0.03246906722 0.001417630091)
(2 0.03246906722 0.001417630091)
(2.01 0.03246906722 0.001417630091)
(2.02 0.03246906722 0.001417630091)
(2.03 0.03246906722 0.001417630091)
(2.04 0.03246906722 0.001417630091)
(2.05 0.03246906722 0.001417630091)
(2.06 0.03246906722 0.001417630091)
(2.07 0.03246906722 0.00141763009)
(2.08 0.03246906722 0.001417630091)
(2.09 0.03246906722 0.001417630091)
(2.1 0.03246906722 0.00141763009)
(2.11 0.03246906722 0.001417630091)
(2.12 0.03246906722 0.001417630091)
(2.13 0.03246906722 0.001417630091)
(2.14 0.03246906722 0.001417630091)
(2.15 0.03246906722 0.001417630091)
(2.16 0.03246906722 0.00141763009)
(2.17 0.03246906722 0.001417630091)
(2.18 0.03246906722 0.001417630091)
(2.19 0.03246906722 0.00141763009)
(2.2 0.03246906722 0.00141763009)
(2.21 0.03246906722 0.001417630091)
(2.22 0.03246906722 0.00141763009)
(2.23 0.03246906722 0.00141763009)
(2.24 0.03246906722 0.001417630091)
(2.25 0.03246906722 0.001417630091)
(2.26 0.03246906722 0.001417630091)
(2.27 0.03246906722 0.001417630091)
(2.28 0.03246906722 0.001417630091)
(2.29 0.03246906722 0.00141763009)
(2.3 0.03246906722 0.001417630091)
(2.31 0.03246906722 0.001417630091)
(2.32 0.03246906722 0.001417630091)
(2.33 0.03246906722 0.001417630091)
(2.34 0.03246906722 0.001417630091)
(2.35 0.03246906722 0.001417630091)
(2.36 0.03246906722 0.00141763009)
(2.37 0.03246906722 0.001417630091)
(2.38 0.03246906722 0.001417630091)
(2.39 0.03246906722 0.001417630091)
(2.4 0.03246906722 0.001417630091)
(2.41 0.03246906722 0.001417630091)
(2.42 0.03246906722 0.001417630091)
(2.43 0.03246906722 0.001417630091)
(2.44 0.03246906722 0.001417630091)
(2.45 0.03246906722 0.001417630091)
(2.46 0.03246906722 0.001417630091)
(2.47 0.03246906722 0.001417630091)
(2.48 0.03246906722 0.001417630091)
(2.49 0.03246906722 0.001417630091)
(2.5 0.03246906722 0.001417630091)
(2.51 0.03246906722 0.001417630091)
(2.52 0.03246906722 0.001417630091)
(2.53 0.03246906722 0.001417630091)
(2.54 0.03246906722 0.001417630091)
(2.55 0.03246906722 0.001417630091)
(2.56 0.03246906722 0.001417630091)
(2.57 0.03246906722 0.001417630091)
(2.58 0.03246906722 0.001417630091)
(2.59 0.03246906722 0.001417630091)
(2.6 0.03246906722 0.001417630091)
(2.61 0.03246906722 0.001417630091)
(2.62 0.03246906722 0.001417630091)
(2.63 0.03246906722 0.001417630091)
(2.64 0.03246906722 0.001417630091)
(2.65 0.03246906722 0.001417630091)
(2.66 0.03246906722 0.001417630091)
(2.67 0.03246906722 0.001417630091)
(2.68 0.03246906722 0.001417630091)
(2.69 0.03246906722 0.001417630091)
(2.7 0.03246906722 0.001417630091)
(2.71 0.03246906722 0.001417630091)
(2.72 0.03246906722 0.001417630091)
(2.73 0.03246906722 0.001417630091)
(2.74 0.03246906722 0.001417630091)
(2.75 0.03246906722 0.001417630091)
(2.76 0.03246906722 0.001417630091)
(2.77 0.03246906722 0.001417630091)
(2.78 0.03246906722 0.001417630091)
(2.79 0.03246906722 0.001417630091)
(2.8 0.03246906722 0.001417630091)
(2.81 0.03246906722 0.001417630091)
(2.82 0.03246906722 0.001417630091)
(2.83 0.03246906722 0.001417630091)
(2.84 0.03246906722 0.001417630091)
(2.85 0.03246906722 0.00141763009)
(2.86 0.03246906722 0.001417630091)
(2.87 0.03246906722 0.001417630091)
(2.88 0.03246906722 0.001417630091)
(2.89 0.03246906722 0.001417630091)
(2.9 0.03246906722 0.001417630091)
(2.91 0.03246906722 0.001417630091)
(2.92 0.03246906722 0.001417630091)
(2.93 0.03246906722 0.001417630091)
(2.94 0.03246906722 0.001417630091)
(2.95 0.03246906722 0.001417630091)
(2.96 0.03246906722 0.001417630091)
(2.97 0.03246906722 0.001417630091)
(2.98 0.03246906722 0.001417630091)
(2.99 0.03246906722 0.001417630091)
(3 0.03246906722 0.001417630091)
(0 0.03496668777 0.001526678559)
(0.01 0.03496668777 0.001526678559)
(0.02 0.03496668777 0.001526678559)
(0.03 0.03496668777 0.001526678559)
(0.04 0.03496668777 0.001526678559)
(0.05 0.03496668777 0.001526678559)
(0.06 0.03496668777 0.001526678559)
(0.07 0.03496668777 0.001526678559)
(0.08 0.03496668777 0.001526678559)
(0.09 0.03496668777 0.001526678559)
(0.1 0.03496668777 0.001526678559)
(0.11 0.03496668777 0.001526678559)
(0.12 0.03496668777 0.001526678559)
(0.13 0.03496668777 0.001526678559)
(0.14 0.03496668777 0.001526678559)
(0.15 0.03496668777 0.001526678559)
(0.16 0.03496668777 0.001526678559)
(0.17 0.03496668777 0.001526678559)
(0.18 0.03496668777 0.001526678559)
(0.19 0.03496668777 0.001526678559)
(0.2 0.03496668777 0.001526678559)
(0.21 0.03496668777 0.001526678559)
(0.22 0.03496668777 0.001526678559)
(0.23 0.03496668777 0.001526678559)
(0.24 0.03496668777 0.001526678559)
(0.25 0.03496668777 0.001526678559)
(0.26 0.03496668777 0.001526678559)
(0.27 0.03496668777 0.001526678559)
(0.28 0.03496668777 0.001526678559)
(0.29 0.03496668777 0.001526678559)
(0.3 0.03496668777 0.001526678559)
(0.31 0.03496668777 0.001526678559)
(0.32 0.03496668777 0.001526678559)
(0.33 0.03496668777 0.001526678559)
(0.34 0.03496668777 0.001526678559)
(0.35 0.03496668777 0.001526678559)
(0.36 0.03496668777 0.001526678559)
(0.37 0.03496668777 0.001526678559)
(0.38 0.03496668777 0.001526678559)
(0.39 0.03496668777 0.001526678559)
(0.4 0.03496668777 0.001526678559)
(0.41 0.03496668777 0.001526678559)
(0.42 0.03496668777 0.001526678559)
(0.43 0.03496668777 0.001526678559)
(0.44 0.03496668777 0.001526678559)
(0.45 0.03496668777 0.001526678559)
(0.46 0.03496668777 0.001526678559)
(0.47 0.03496668777 0.001526678559)
(0.48 0.03496668777 0.001526678559)
(0.49 0.03496668777 0.001526678559)
(0.5 0.03496668777 0.001526678559)
(0.51 0.03496668777 0.001526678559)
(0.52 0.03496668777 0.001526678559)
(0.53 0.03496668777 0.001526678559)
(0.54 0.03496668777 0.001526678559)
(0.55 0.03496668777 0.001526678559)
(0.56 0.03496668777 0.001526678559)
(0.57 0.03496668777 0.001526678559)
(0.58 0.03496668777 0.001526678559)
(0.59 0.03496668777 0.001526678559)
(0.6 0.03496668777 0.001526678559)
(0.61 0.03496668777 0.001526678559)
(0.62 0.03496668777 0.001526678559)
(0.63 0.03496668777 0.001526678559)
(0.64 0.03496668777 0.001526678559)
(0.65 0.03496668777 0.001526678559)
(0.66 0.03496668777 0.001526678559)
(0.67 0.03496668777 0.001526678559)
(0.68 0.03496668777 0.001526678559)
(0.69 0.03496668777 0.001526678559)
(0.7 0.03496668777 0.001526678559)
(0.71 0.03496668777 0.001526678559)
(0.72 0.03496668777 0.001526678559)
(0.73 0.03496668777 0.001526678559)
(0.74 0.03496668777 0.001526678559)
(0.75 0.03496668777 0.001526678559)
(0.76 0.03496668777 0.001526678559)
(0.77 0.03496668777 0.001526678559)
(0.78 0.03496668777 0.001526678559)
(0.79 0.03496668777 0.001526678559)
(0.8 0.03496668777 0.001526678559)
(0.81 0.03496668777 0.001526678559)
(0.82 0.03496668777 0.001526678559)
(0.83 0.03496668777 0.001526678559)
(0.84 0.03496668777 0.001526678559)
(0.85 0.03496668777 0.001526678559)
(0.86 0.03496668777 0.001526678559)
(0.87 0.03496668777 0.001526678559)
(0.88 0.03496668777 0.001526678559)
(0.89 0.03496668777 0.001526678559)
(0.9 0.03496668777 0.001526678559)
(0.91 0.03496668777 0.001526678559)
(0.92 0.03496668777 0.001526678559)
(0.93 0.03496668777 0.001526678559)
(0.94 0.03496668777 0.001526678559)
(0.95 0.03496668777 0.001526678559)
(0.96 0.03496668777 0.001526678559)
(0.97 0.03496668777 0.001526678559)
(0.98 0.03496668777 0.001526678559)
(0.99 0.03496668777 0.001526678559)
(1 0.03496668777 0.001526678559)
(1.01 0.03496668777 0.001526678559)
(1.02 0.03496668777 0.001526678559)
(1.03 0.03496668777 0.001526678559)
(1.04 0.03496668777 0.001526678559)
(1.05 0.03496668777 0.001526678559)
(1.06 0.03496668777 0.001526678559)
(1.07 0.03496668777 0.001526678559)
(1.08 0.03496668777 0.001526678559)
(1.09 0.03496668777 0.001526678559)
(1.1 0.03496668777 0.001526678559)
(1.11 0.03496668777 0.001526678559)
(1.12 0.03496668777 0.001526678559)
(1.13 0.03496668777 0.001526678559)
(1.14 0.03496668777 0.001526678559)
(1.15 0.03496668777 0.001526678559)
(1.16 0.03496668777 0.001526678559)
(1.17 0.03496668777 0.001526678559)
(1.18 0.03496668777 0.001526678559)
(1.19 0.03496668777 0.001526678559)
(1.2 0.03496668777 0.001526678559)
(1.21 0.03496668777 0.001526678559)
(1.22 0.03496668777 0.001526678559)
(1.23 0.03496668777 0.001526678559)
(1.24 0.03496668777 0.001526678559)
(1.25 0.03496668777 0.001526678559)
(1.26 0.03496668777 0.001526678559)
(1.27 0.03496668777 0.001526678559)
(1.28 0.03496668777 0.001526678559)
(1.29 0.03496668777 0.001526678559)
(1.3 0.03496668777 0.001526678559)
(1.31 0.03496668777 0.001526678559)
(1.32 0.03496668777 0.001526678559)
(1.33 0.03496668777 0.001526678559)
(1.34 0.03496668777 0.001526678559)
(1.35 0.03496668777 0.001526678559)
(1.36 0.03496668777 0.001526678559)
(1.37 0.03496668777 0.001526678559)
(1.38 0.03496668777 0.001526678559)
(1.39 0.03496668777 0.001526678559)
(1.4 0.03496668777 0.001526678559)
(1.41 0.03496668777 0.001526678559)
(1.42 0.03496668777 0.001526678559)
(1.43 0.03496668777 0.001526678559)
(1.44 0.03496668777 0.001526678559)
(1.45 0.03496668777 0.001526678559)
(1.46 0.03496668777 0.001526678559)
(1.47 0.03496668777 0.001526678559)
(1.48 0.03496668777 0.001526678559)
(1.49 0.03496668777 0.001526678559)
(1.5 0.03496668777 0.001526678559)
(1.51 0.03496668777 0.001526678559)
(1.52 0.03496668777 0.001526678559)
(1.53 0.03496668777 0.001526678559)
(1.54 0.03496668777 0.001526678559)
(1.55 0.03496668777 0.001526678559)
(1.56 0.03496668777 0.001526678559)
(1.57 0.03496668777 0.001526678559)
(1.58 0.03496668777 0.001526678559)
(1.59 0.03496668777 0.001526678559)
(1.6 0.03496668777 0.001526678559)
(1.61 0.03496668777 0.001526678559)
(1.62 0.03496668777 0.001526678559)
(1.63 0.03496668777 0.001526678559)
(1.64 0.03496668777 0.001526678559)
(1.65 0.03496668777 0.001526678559)
(1.66 0.03496668777 0.001526678559)
(1.67 0.03496668777 0.001526678559)
(1.68 0.03496668777 0.001526678559)
(1.69 0.03496668777 0.001526678559)
(1.7 0.03496668777 0.001526678559)
(1.71 0.03496668777 0.001526678559)
(1.72 0.03496668777 0.001526678559)
(1.73 0.03496668777 0.001526678559)
(1.74 0.03496668777 0.001526678559)
(1.75 0.03496668777 0.001526678559)
(1.76 0.03496668777 0.001526678559)
(1.77 0.03496668777 0.001526678559)
(1.78 0.03496668777 0.001526678559)
(1.79 0.03496668777 0.001526678559)
(1.8 0.03496668777 0.001526678559)
(1.81 0.03496668777 0.001526678559)
(1.82 0.03496668777 0.001526678559)
(1.83 0.03496668777 0.001526678559)
(1.84 0.03496668777 0.001526678559)
(1.85 0.03496668777 0.001526678559)
(1.86 0.03496668777 0.001526678559)
(1.87 0.03496668777 0.001526678559)
(1.88 0.03496668777 0.001526678559)
(1.89 0.03496668777 0.001526678559)
(1.9 0.03496668777 0.001526678559)
(1.91 0.03496668777 0.001526678559)
(1.92 0.03496668777 0.001526678559)
(1.93 0.03496668777 0.001526678559)
(1.94 0.03496668777 0.001526678559)
(1.95 0.03496668777 0.001526678559)
(1.96 0.03496668777 0.001526678559)
(1.97 0.03496668777 0.001526678559)
(1.98 0.03496668777 0.001526678559)
(1.99 0.03496668777 0.001526678559)
(2 0.03496668777 0.001526678559)
(2.01 0.03496668777 0.001526678559)
(2.02 0.03496668777 0.001526678559)
(2.03 0.03496668777 0.001526678559)
(2.04 0.03496668777 0.001526678559)
(2.05 0.03496668777 0.001526678559)
(2.06 0.03496668777 0.001526678559)
(2.07 0.03496668777 0.001526678559)
(2.08 0.03496668777 0.001526678559)
(2.09 0.03496668777 0.001526678559)
(2.1 0.03496668777 0.001526678559)
(2.11 0.03496668777 0.001526678559)
(2.12 0.03496668777 0.001526678559)
(2.13 0.03496668777 0.001526678559)
(2.14 0.03496668777 0.001526678559)
(2.15 0.03496668777 0.001526678559)
(2.16 0.03496668777 0.001526678559)
(2.17 0.03496668777 0.001526678559)
(2.18 0.03496668777 0.001526678559)
(2.19 0.03496668777 0.001526678559)
(2.2 0.03496668777 0.001526678559)
(2.21 0.03496668777 0.001526678559)
(2.22 0.03496668777 0.001526678559)
(2.23 0.03496668777 0.001526678559)
(2.24 0.03496668777 0.001526678559)
(2.25 0.03496668777 0.001526678559)
(2.26 0.03496668777 0.001526678559)
(2.27 0.03496668777 0.001526678559)
(2.28 0.03496668777 0.001526678559)
(2.29 0.03496668777 0.001526678559)
(2.3 0.03496668777 0.001526678559)
(2.31 0.03496668777 0.001526678559)
(2.32 0.03496668777 0.001526678559)
(2.33 0.03496668777 0.001526678559)
(2.34 0.03496668777 0.001526678559)
(2.35 0.03496668777 0.001526678559)
(2.36 0.03496668777 0.001526678559)
(2.37 0.03496668777 0.001526678559)
(2.38 0.03496668777 0.001526678559)
(2.39 0.03496668777 0.001526678559)
(2.4 0.03496668777 0.001526678559)
(2.41 0.03496668777 0.001526678559)
(2.42 0.03496668777 0.001526678559)
(2.43 0.03496668777 0.001526678559)
(2.44 0.03496668777 0.001526678559)
(2.45 0.03496668777 0.001526678559)
(2.46 0.03496668777 0.001526678559)
(2.47 0.03496668777 0.001526678559)
(2.48 0.03496668777 0.001526678559)
(2.49 0.03496668777 0.001526678559)
(2.5 0.03496668777 0.001526678559)
(2.51 0.03496668777 0.001526678559)
(2.52 0.03496668777 0.001526678559)
(2.53 0.03496668777 0.001526678559)
(2.54 0.03496668777 0.001526678559)
(2.55 0.03496668777 0.001526678559)
(2.56 0.03496668777 0.001526678559)
(2.57 0.03496668777 0.001526678559)
(2.58 0.03496668777 0.001526678559)
(2.59 0.03496668777 0.001526678559)
(2.6 0.03496668777 0.001526678559)
(2.61 0.03496668777 0.001526678559)
(2.62 0.03496668777 0.001526678559)
(2.63 0.03496668777 0.001526678559)
(2.64 0.03496668777 0.001526678559)
(2.65 0.03496668777 0.001526678559)
(2.66 0.03496668777 0.001526678559)
(2.67 0.03496668777 0.001526678559)
(2.68 0.03496668777 0.001526678559)
(2.69 0.03496668777 0.001526678559)
(2.7 0.03496668777 0.001526678559)
(2.71 0.03496668777 0.001526678559)
(2.72 0.03496668777 0.001526678559)
(2.73 0.03496668777 0.001526678559)
(2.74 0.03496668777 0.001526678559)
(2.75 0.03496668777 0.001526678559)
(2.76 0.03496668777 0.001526678559)
(2.77 0.03496668777 0.001526678559)
(2.78 0.03496668777 0.001526678559)
(2.79 0.03496668777 0.001526678559)
(2.8 0.03496668777 0.001526678559)
(2.81 0.03496668777 0.001526678559)
(2.82 0.03496668777 0.001526678559)
(2.83 0.03496668777 0.001526678559)
(2.84 0.03496668777 0.001526678559)
(2.85 0.03496668777 0.001526678559)
(2.86 0.03496668777 0.001526678559)
(2.87 0.03496668777 0.001526678559)
(2.88 0.03496668777 0.001526678559)
(2.89 0.03496668777 0.001526678559)
(2.9 0.03496668777 0.001526678559)
(2.91 0.03496668777 0.001526678559)
(2.92 0.03496668777 0.001526678559)
(2.93 0.03496668777 0.001526678559)
(2.94 0.03496668777 0.001526678559)
(2.95 0.03496668777 0.001526678559)
(2.96 0.03496668777 0.001526678559)
(2.97 0.03496668777 0.001526678559)
(2.98 0.03496668777 0.001526678559)
(2.99 0.03496668777 0.001526678559)
(3 0.03496668777 0.001526678559)
(0 0.03746430833 0.001635727027)
(0.01 0.03746430833 0.001635727027)
(0.02 0.03746430833 0.001635727027)
(0.03 0.03746430833 0.001635727027)
(0.04 0.03746430833 0.001635727027)
(0.05 0.03746430833 0.001635727027)
(0.06 0.03746430833 0.001635727027)
(0.07 0.03746430833 0.001635727027)
(0.08 0.03746430833 0.001635727027)
(0.09 0.03746430833 0.001635727027)
(0.1 0.03746430833 0.001635727027)
(0.11 0.03746430833 0.001635727027)
(0.12 0.03746430833 0.001635727027)
(0.13 0.03746430833 0.001635727027)
(0.14 0.03746430833 0.001635727027)
(0.15 0.03746430833 0.001635727027)
(0.16 0.03746430833 0.001635727027)
(0.17 0.03746430833 0.001635727027)
(0.18 0.03746430833 0.001635727027)
(0.19 0.03746430833 0.001635727027)
(0.2 0.03746430833 0.001635727027)
(0.21 0.03746430833 0.001635727027)
(0.22 0.03746430833 0.001635727027)
(0.23 0.03746430833 0.001635727027)
(0.24 0.03746430833 0.001635727027)
(0.25 0.03746430833 0.001635727027)
(0.26 0.03746430833 0.001635727027)
(0.27 0.03746430833 0.001635727027)
(0.28 0.03746430833 0.001635727027)
(0.29 0.03746430833 0.001635727027)
(0.3 0.03746430833 0.001635727027)
(0.31 0.03746430833 0.001635727027)
(0.32 0.03746430833 0.001635727027)
(0.33 0.03746430833 0.001635727027)
(0.34 0.03746430833 0.001635727027)
(0.35 0.03746430833 0.001635727027)
(0.36 0.03746430833 0.001635727027)
(0.37 0.03746430833 0.001635727027)
(0.38 0.03746430833 0.001635727027)
(0.39 0.03746430833 0.001635727027)
(0.4 0.03746430833 0.001635727027)
(0.41 0.03746430833 0.001635727027)
(0.42 0.03746430833 0.001635727027)
(0.43 0.03746430833 0.001635727027)
(0.44 0.03746430833 0.001635727027)
(0.45 0.03746430833 0.001635727027)
(0.46 0.03746430833 0.001635727027)
(0.47 0.03746430833 0.001635727027)
(0.48 0.03746430833 0.001635727027)
(0.49 0.03746430833 0.001635727027)
(0.5 0.03746430833 0.001635727027)
(0.51 0.03746430833 0.001635727027)
(0.52 0.03746430833 0.001635727027)
(0.53 0.03746430833 0.001635727027)
(0.54 0.03746430833 0.001635727027)
(0.55 0.03746430833 0.001635727027)
(0.56 0.03746430833 0.001635727027)
(0.57 0.03746430833 0.001635727027)
(0.58 0.03746430833 0.001635727027)
(0.59 0.03746430833 0.001635727027)
(0.6 0.03746430833 0.001635727027)
(0.61 0.03746430833 0.001635727027)
(0.62 0.03746430833 0.001635727027)
(0.63 0.03746430833 0.001635727027)
(0.64 0.03746430833 0.001635727027)
(0.65 0.03746430833 0.001635727027)
(0.66 0.03746430833 0.001635727027)
(0.67 0.03746430833 0.001635727027)
(0.68 0.03746430833 0.001635727027)
(0.69 0.03746430833 0.001635727027)
(0.7 0.03746430833 0.001635727027)
(0.71 0.03746430833 0.001635727027)
(0.72 0.03746430833 0.001635727027)
(0.73 0.03746430833 0.001635727027)
(0.74 0.03746430833 0.001635727027)
(0.75 0.03746430833 0.001635727027)
(0.76 0.03746430833 0.001635727027)
(0.77 0.03746430833 0.001635727027)
(0.78 0.03746430833 0.001635727027)
(0.79 0.03746430833 0.001635727027)
(0.8 0.03746430833 0.001635727027)
(0.81 0.03746430833 0.001635727027)
(0.82 0.03746430833 0.001635727027)
(0.83 0.03746430833 0.001635727027)
(0.84 0.03746430833 0.001635727027)
(0.85 0.03746430833 0.001635727027)
(0.86 0.03746430833 0.001635727027)
(0.87 0.03746430833 0.001635727027)
(0.88 0.03746430833 0.001635727027)
(0.89 0.03746430833 0.001635727027)
(0.9 0.03746430833 0.001635727027)
(0.91 0.03746430833 0.001635727027)
(0.92 0.03746430833 0.001635727027)
(0.93 0.03746430833 0.001635727027)
(0.94 0.03746430833 0.001635727027)
(0.95 0.03746430833 0.001635727027)
(0.96 0.03746430833 0.001635727027)
(0.97 0.03746430833 0.001635727027)
(0.98 0.03746430833 0.001635727027)
(0.99 0.03746430833 0.001635727027)
(1 0.03746430833 0.001635727027)
(1.01 0.03746430833 0.001635727027)
(1.02 0.03746430833 0.001635727027)
(1.03 0.03746430833 0.001635727027)
(1.04 0.03746430833 0.001635727027)
(1.05 0.03746430833 0.001635727027)
(1.06 0.03746430833 0.001635727027)
(1.07 0.03746430833 0.001635727027)
(1.08 0.03746430833 0.001635727027)
(1.09 0.03746430833 0.001635727027)
(1.1 0.03746430833 0.001635727027)
(1.11 0.03746430833 0.001635727027)
(1.12 0.03746430833 0.001635727027)
(1.13 0.03746430832 0.001635727027)
(1.14 0.03746430833 0.001635727027)
(1.15 0.03746430833 0.001635727027)
(1.16 0.03746430833 0.001635727027)
(1.17 0.03746430833 0.001635727027)
(1.18 0.03746430833 0.001635727027)
(1.19 0.03746430833 0.001635727027)
(1.2 0.03746430833 0.001635727027)
(1.21 0.03746430833 0.001635727027)
(1.22 0.03746430833 0.001635727027)
(1.23 0.03746430833 0.001635727027)
(1.24 0.03746430833 0.001635727027)
(1.25 0.03746430833 0.001635727027)
(1.26 0.03746430833 0.001635727027)
(1.27 0.03746430833 0.001635727027)
(1.28 0.03746430833 0.001635727027)
(1.29 0.03746430833 0.001635727028)
(1.3 0.03746430833 0.001635727027)
(1.31 0.03746430833 0.001635727027)
(1.32 0.03746430833 0.001635727027)
(1.33 0.03746430833 0.001635727027)
(1.34 0.03746430833 0.001635727027)
(1.35 0.03746430833 0.001635727027)
(1.36 0.03746430833 0.001635727027)
(1.37 0.03746430833 0.001635727027)
(1.38 0.03746430833 0.001635727027)
(1.39 0.03746430833 0.001635727027)
(1.4 0.03746430833 0.001635727027)
(1.41 0.03746430833 0.001635727027)
(1.42 0.03746430833 0.001635727027)
(1.43 0.03746430833 0.001635727027)
(1.44 0.03746430833 0.001635727027)
(1.45 0.03746430833 0.001635727027)
(1.46 0.03746430833 0.001635727027)
(1.47 0.03746430833 0.001635727027)
(1.48 0.03746430833 0.001635727027)
(1.49 0.03746430833 0.001635727027)
(1.5 0.03746430833 0.001635727027)
(1.51 0.03746430833 0.001635727027)
(1.52 0.03746430833 0.001635727027)
(1.53 0.03746430833 0.001635727028)
(1.54 0.03746430833 0.001635727027)
(1.55 0.03746430833 0.001635727027)
(1.56 0.03746430833 0.001635727027)
(1.57 0.03746430833 0.001635727027)
(1.58 0.03746430833 0.001635727027)
(1.59 0.03746430833 0.001635727027)
(1.6 0.03746430833 0.001635727027)
(1.61 0.03746430833 0.001635727027)
(1.62 0.03746430833 0.001635727027)
(1.63 0.03746430833 0.001635727027)
(1.64 0.03746430833 0.001635727027)
(1.65 0.03746430833 0.001635727027)
(1.66 0.03746430833 0.001635727028)
(1.67 0.03746430833 0.001635727027)
(1.68 0.03746430833 0.001635727027)
(1.69 0.03746430833 0.001635727027)
(1.7 0.03746430833 0.001635727027)
(1.71 0.03746430833 0.001635727028)
(1.72 0.03746430833 0.001635727027)
(1.73 0.03746430833 0.001635727027)
(1.74 0.03746430833 0.001635727027)
(1.75 0.03746430833 0.001635727027)
(1.76 0.03746430833 0.001635727027)
(1.77 0.03746430833 0.001635727027)
(1.78 0.03746430833 0.001635727027)
(1.79 0.03746430833 0.001635727028)
(1.8 0.03746430833 0.001635727027)
(1.81 0.03746430833 0.001635727027)
(1.82 0.03746430833 0.001635727028)
(1.83 0.03746430833 0.001635727027)
(1.84 0.03746430833 0.001635727027)
(1.85 0.03746430833 0.001635727027)
(1.86 0.03746430833 0.001635727027)
(1.87 0.03746430833 0.001635727027)
(1.88 0.03746430833 0.001635727027)
(1.89 0.03746430833 0.001635727027)
(1.9 0.03746430833 0.001635727027)
(1.91 0.03746430833 0.001635727027)
(1.92 0.03746430833 0.001635727027)
(1.93 0.03746430833 0.001635727027)
(1.94 0.03746430833 0.001635727027)
(1.95 0.03746430833 0.001635727028)
(1.96 0.03746430833 0.001635727027)
(1.97 0.03746430833 0.001635727027)
(1.98 0.03746430833 0.001635727027)
(1.99 0.03746430833 0.001635727027)
(2 0.03746430833 0.001635727027)
(2.01 0.03746430833 0.001635727027)
(2.02 0.03746430833 0.001635727027)
(2.03 0.03746430833 0.001635727027)
(2.04 0.03746430833 0.001635727027)
(2.05 0.03746430833 0.001635727027)
(2.06 0.03746430833 0.001635727027)
(2.07 0.03746430833 0.001635727027)
(2.08 0.03746430833 0.001635727028)
(2.09 0.03746430833 0.001635727027)
(2.1 0.03746430833 0.001635727027)
(2.11 0.03746430832 0.001635727027)
(2.12 0.03746430833 0.001635727027)
(2.13 0.03746430833 0.001635727027)
(2.14 0.03746430833 0.001635727027)
(2.15 0.03746430833 0.001635727027)
(2.16 0.03746430833 0.001635727027)
(2.17 0.03746430833 0.001635727027)
(2.18 0.03746430833 0.001635727027)
(2.19 0.03746430833 0.001635727027)
(2.2 0.03746430833 0.001635727027)
(2.21 0.03746430833 0.001635727028)
(2.22 0.03746430833 0.001635727027)
(2.23 0.03746430833 0.001635727027)
(2.24 0.03746430833 0.001635727028)
(2.25 0.03746430833 0.001635727027)
(2.26 0.03746430833 0.001635727027)
(2.27 0.03746430833 0.001635727027)
(2.28 0.03746430833 0.001635727027)
(2.29 0.03746430833 0.001635727027)
(2.3 0.03746430833 0.001635727027)
(2.31 0.03746430833 0.001635727027)
(2.32 0.03746430833 0.001635727027)
(2.33 0.03746430833 0.001635727027)
(2.34 0.03746430833 0.001635727027)
(2.35 0.03746430833 0.001635727027)
(2.36 0.03746430833 0.001635727027)
(2.37 0.03746430833 0.001635727028)
(2.38 0.03746430833 0.001635727027)
(2.39 0.03746430833 0.001635727027)
(2.4 0.03746430833 0.001635727027)
(2.41 0.03746430833 0.001635727027)
(2.42 0.03746430832 0.001635727027)
(2.43 0.03746430833 0.001635727027)
(2.44 0.03746430833 0.001635727027)
(2.45 0.03746430833 0.001635727027)
(2.46 0.03746430833 0.001635727027)
(2.47 0.03746430833 0.001635727027)
(2.48 0.03746430833 0.001635727027)
(2.49 0.03746430833 0.001635727027)
(2.5 0.03746430833 0.001635727028)
(2.51 0.03746430833 0.001635727027)
(2.52 0.03746430833 0.001635727027)
(2.53 0.03746430832 0.001635727027)
(2.54 0.03746430833 0.001635727027)
(2.55 0.03746430833 0.001635727027)
(2.56 0.03746430833 0.001635727027)
(2.57 0.03746430833 0.001635727027)
(2.58 0.03746430833 0.001635727027)
(2.59 0.03746430832 0.001635727027)
(2.6 0.03746430833 0.001635727027)
(2.61 0.03746430833 0.001635727027)
(2.62 0.03746430833 0.001635727027)
(2.63 0.03746430833 0.001635727027)
(2.64 0.03746430833 0.001635727027)
(2.65 0.03746430833 0.001635727027)
(2.66 0.03746430833 0.001635727027)
(2.67 0.03746430833 0.001635727027)
(2.68 0.03746430833 0.001635727027)
(2.69 0.03746430833 0.001635727027)
(2.7 0.03746430832 0.001635727027)
(2.71 0.03746430833 0.001635727027)
(2.72 0.03746430833 0.001635727027)
(2.73 0.03746430833 0.001635727027)
(2.74 0.03746430833 0.001635727027)
(2.75 0.03746430833 0.001635727027)
(2.76 0.03746430833 0.001635727028)
(2.77 0.03746430833 0.001635727027)
(2.78 0.03746430833 0.001635727027)
(2.79 0.03746430833 0.001635727027)
(2.8 0.03746430833 0.001635727027)
(2.81 0.03746430833 0.001635727027)
(2.82 0.03746430833 0.001635727027)
(2.83 0.03746430833 0.001635727027)
(2.84 0.03746430832 0.001635727027)
(2.85 0.03746430833 0.001635727027)
(2.86 0.03746430833 0.001635727027)
(2.87 0.03746430832 0.001635727027)
(2.88 0.03746430833 0.001635727027)
(2.89 0.03746430833 0.001635727027)
(2.9 0.03746430833 0.001635727027)
(2.91 0.03746430833 0.001635727027)
(2.92 0.03746430833 0.001635727027)
(2.93 0.03746430833 0.001635727027)
(2.94 0.03746430833 0.001635727027)
(2.95 0.03746430833 0.001635727027)
(2.96 0.03746430833 0.001635727027)
(2.97 0.03746430833 0.001635727027)
(2.98 0.03746430833 0.001635727027)
(2.99 0.03746430833 0.001635727027)
(3 0.03746430833 0.001635727027)
(0 0.03996192888 0.001744775496)
(0.01 0.03996192888 0.001744775496)
(0.02 0.03996192888 0.001744775496)
(0.03 0.03996192888 0.001744775496)
(0.04 0.03996192888 0.001744775496)
(0.05 0.03996192888 0.001744775496)
(0.06 0.03996192888 0.001744775496)
(0.07 0.03996192888 0.001744775496)
(0.08 0.03996192888 0.001744775496)
(0.09 0.03996192888 0.001744775496)
(0.1 0.03996192888 0.001744775496)
(0.11 0.03996192888 0.001744775496)
(0.12 0.03996192888 0.001744775496)
(0.13 0.03996192888 0.001744775496)
(0.14 0.03996192888 0.001744775496)
(0.15 0.03996192888 0.001744775496)
(0.16 0.03996192888 0.001744775496)
(0.17 0.03996192888 0.001744775496)
(0.18 0.03996192888 0.001744775496)
(0.19 0.03996192888 0.001744775496)
(0.2 0.03996192888 0.001744775496)
(0.21 0.03996192888 0.001744775496)
(0.22 0.03996192888 0.001744775496)
(0.23 0.03996192888 0.001744775496)
(0.24 0.03996192888 0.001744775496)
(0.25 0.03996192888 0.001744775496)
(0.26 0.03996192888 0.001744775496)
(0.27 0.03996192888 0.001744775496)
(0.28 0.03996192888 0.001744775496)
(0.29 0.03996192888 0.001744775496)
(0.3 0.03996192888 0.001744775496)
(0.31 0.03996192888 0.001744775496)
(0.32 0.03996192888 0.001744775496)
(0.33 0.03996192888 0.001744775496)
(0.34 0.03996192888 0.001744775496)
(0.35 0.03996192888 0.001744775496)
(0.36 0.03996192888 0.001744775496)
(0.37 0.03996192888 0.001744775496)
(0.38 0.03996192888 0.001744775496)
(0.39 0.03996192888 0.001744775496)
(0.4 0.03996192888 0.001744775496)
(0.41 0.03996192888 0.001744775496)
(0.42 0.03996192888 0.001744775496)
(0.43 0.03996192888 0.001744775496)
(0.44 0.03996192888 0.001744775496)
(0.45 0.03996192888 0.001744775496)
(0.46 0.03996192888 0.001744775496)
(0.47 0.03996192888 0.001744775496)
(0.48 0.03996192888 0.001744775496)
(0.49 0.03996192888 0.001744775496)
(0.5 0.03996192888 0.001744775496)
(0.51 0.03996192888 0.001744775496)
(0.52 0.03996192888 0.001744775496)
(0.53 0.03996192888 0.001744775496)
(0.54 0.03996192888 0.001744775496)
(0.55 0.03996192888 0.001744775496)
(0.56 0.03996192888 0.001744775496)
(0.57 0.03996192888 0.001744775496)
(0.58 0.03996192888 0.001744775496)
(0.59 0.03996192888 0.001744775496)
(0.6 0.03996192888 0.001744775496)
(0.61 0.03996192888 0.001744775496)
(0.62 0.03996192888 0.001744775496)
(0.63 0.03996192888 0.001744775496)
(0.64 0.03996192888 0.001744775496)
(0.65 0.03996192888 0.001744775496)
(0.66 0.03996192888 0.001744775496)
(0.67 0.03996192888 0.001744775496)
(0.68 0.03996192888 0.001744775496)
(0.69 0.03996192888 0.001744775496)
(0.7 0.03996192888 0.001744775496)
(0.71 0.03996192888 0.001744775496)
(0.72 0.03996192888 0.001744775496)
(0.73 0.03996192888 0.001744775496)
(0.74 0.03996192888 0.001744775496)
(0.75 0.03996192888 0.001744775496)
(0.76 0.03996192888 0.001744775496)
(0.77 0.03996192888 0.001744775496)
(0.78 0.03996192888 0.001744775496)
(0.79 0.03996192888 0.001744775496)
(0.8 0.03996192888 0.001744775496)
(0.81 0.03996192888 0.001744775496)
(0.82 0.03996192888 0.001744775496)
(0.83 0.03996192888 0.001744775496)
(0.84 0.03996192888 0.001744775496)
(0.85 0.03996192888 0.001744775496)
(0.86 0.03996192888 0.001744775496)
(0.87 0.03996192888 0.001744775496)
(0.88 0.03996192888 0.001744775496)
(0.89 0.03996192888 0.001744775496)
(0.9 0.03996192888 0.001744775496)
(0.91 0.03996192888 0.001744775496)
(0.92 0.03996192888 0.001744775496)
(0.93 0.03996192888 0.001744775496)
(0.94 0.03996192888 0.001744775496)
(0.95 0.03996192888 0.001744775496)
(0.96 0.03996192888 0.001744775496)
(0.97 0.03996192888 0.001744775496)
(0.98 0.03996192888 0.001744775496)
(0.99 0.03996192888 0.001744775496)
(1 0.03996192888 0.001744775496)
(1.01 0.03996192888 0.001744775496)
(1.02 0.03996192888 0.001744775496)
(1.03 0.03996192888 0.001744775496)
(1.04 0.03996192888 0.001744775496)
(1.05 0.03996192888 0.001744775496)
(1.06 0.03996192888 0.001744775496)
(1.07 0.03996192888 0.001744775496)
(1.08 0.03996192888 0.001744775496)
(1.09 0.03996192888 0.001744775496)
(1.1 0.03996192888 0.001744775496)
(1.11 0.03996192888 0.001744775496)
(1.12 0.03996192888 0.001744775496)
(1.13 0.03996192888 0.001744775496)
(1.14 0.03996192888 0.001744775496)
(1.15 0.03996192888 0.001744775496)
(1.16 0.03996192888 0.001744775496)
(1.17 0.03996192888 0.001744775496)
(1.18 0.03996192888 0.001744775496)
(1.19 0.03996192888 0.001744775496)
(1.2 0.03996192888 0.001744775496)
(1.21 0.03996192888 0.001744775496)
(1.22 0.03996192888 0.001744775496)
(1.23 0.03996192888 0.001744775496)
(1.24 0.03996192888 0.001744775496)
(1.25 0.03996192888 0.001744775496)
(1.26 0.03996192888 0.001744775496)
(1.27 0.03996192888 0.001744775496)
(1.28 0.03996192888 0.001744775496)
(1.29 0.03996192888 0.001744775496)
(1.3 0.03996192888 0.001744775496)
(1.31 0.03996192888 0.001744775496)
(1.32 0.03996192888 0.001744775496)
(1.33 0.03996192888 0.001744775496)
(1.34 0.03996192888 0.001744775496)
(1.35 0.03996192888 0.001744775496)
(1.36 0.03996192888 0.001744775496)
(1.37 0.03996192888 0.001744775496)
(1.38 0.03996192888 0.001744775496)
(1.39 0.03996192888 0.001744775496)
(1.4 0.03996192888 0.001744775496)
(1.41 0.03996192888 0.001744775496)
(1.42 0.03996192888 0.001744775496)
(1.43 0.03996192888 0.001744775496)
(1.44 0.03996192888 0.001744775496)
(1.45 0.03996192888 0.001744775496)
(1.46 0.03996192888 0.001744775496)
(1.47 0.03996192888 0.001744775496)
(1.48 0.03996192888 0.001744775496)
(1.49 0.03996192888 0.001744775496)
(1.5 0.03996192888 0.001744775496)
(1.51 0.03996192888 0.001744775496)
(1.52 0.03996192888 0.001744775496)
(1.53 0.03996192888 0.001744775496)
(1.54 0.03996192888 0.001744775496)
(1.55 0.03996192888 0.001744775496)
(1.56 0.03996192888 0.001744775496)
(1.57 0.03996192888 0.001744775496)
(1.58 0.03996192888 0.001744775496)
(1.59 0.03996192888 0.001744775496)
(1.6 0.03996192888 0.001744775496)
(1.61 0.03996192888 0.001744775496)
(1.62 0.03996192888 0.001744775496)
(1.63 0.03996192888 0.001744775496)
(1.64 0.03996192888 0.001744775496)
(1.65 0.03996192888 0.001744775496)
(1.66 0.03996192888 0.001744775496)
(1.67 0.03996192888 0.001744775496)
(1.68 0.03996192888 0.001744775496)
(1.69 0.03996192888 0.001744775496)
(1.7 0.03996192888 0.001744775496)
(1.71 0.03996192888 0.001744775496)
(1.72 0.03996192888 0.001744775496)
(1.73 0.03996192888 0.001744775496)
(1.74 0.03996192888 0.001744775496)
(1.75 0.03996192888 0.001744775496)
(1.76 0.03996192888 0.001744775496)
(1.77 0.03996192888 0.001744775496)
(1.78 0.03996192888 0.001744775496)
(1.79 0.03996192888 0.001744775496)
(1.8 0.03996192888 0.001744775496)
(1.81 0.03996192888 0.001744775496)
(1.82 0.03996192888 0.001744775496)
(1.83 0.03996192888 0.001744775496)
(1.84 0.03996192888 0.001744775496)
(1.85 0.03996192888 0.001744775496)
(1.86 0.03996192888 0.001744775496)
(1.87 0.03996192888 0.001744775496)
(1.88 0.03996192888 0.001744775496)
(1.89 0.03996192888 0.001744775496)
(1.9 0.03996192888 0.001744775496)
(1.91 0.03996192888 0.001744775496)
(1.92 0.03996192888 0.001744775496)
(1.93 0.03996192888 0.001744775496)
(1.94 0.03996192888 0.001744775496)
(1.95 0.03996192888 0.001744775496)
(1.96 0.03996192888 0.001744775496)
(1.97 0.03996192888 0.001744775496)
(1.98 0.03996192888 0.001744775496)
(1.99 0.03996192888 0.001744775496)
(2 0.03996192888 0.001744775496)
(2.01 0.03996192888 0.001744775496)
(2.02 0.03996192888 0.001744775496)
(2.03 0.03996192888 0.001744775496)
(2.04 0.03996192888 0.001744775496)
(2.05 0.03996192888 0.001744775496)
(2.06 0.03996192888 0.001744775496)
(2.07 0.03996192888 0.001744775496)
(2.08 0.03996192888 0.001744775496)
(2.09 0.03996192888 0.001744775496)
(2.1 0.03996192888 0.001744775496)
(2.11 0.03996192888 0.001744775496)
(2.12 0.03996192888 0.001744775496)
(2.13 0.03996192888 0.001744775496)
(2.14 0.03996192888 0.001744775496)
(2.15 0.03996192888 0.001744775496)
(2.16 0.03996192888 0.001744775496)
(2.17 0.03996192888 0.001744775496)
(2.18 0.03996192888 0.001744775496)
(2.19 0.03996192888 0.001744775496)
(2.2 0.03996192888 0.001744775496)
(2.21 0.03996192888 0.001744775496)
(2.22 0.03996192888 0.001744775496)
(2.23 0.03996192888 0.001744775496)
(2.24 0.03996192888 0.001744775496)
(2.25 0.03996192888 0.001744775496)
(2.26 0.03996192888 0.001744775496)
(2.27 0.03996192888 0.001744775496)
(2.28 0.03996192888 0.001744775496)
(2.29 0.03996192888 0.001744775496)
(2.3 0.03996192888 0.001744775496)
(2.31 0.03996192888 0.001744775496)
(2.32 0.03996192888 0.001744775496)
(2.33 0.03996192888 0.001744775496)
(2.34 0.03996192888 0.001744775496)
(2.35 0.03996192888 0.001744775496)
(2.36 0.03996192888 0.001744775496)
(2.37 0.03996192888 0.001744775496)
(2.38 0.03996192888 0.001744775496)
(2.39 0.03996192888 0.001744775496)
(2.4 0.03996192888 0.001744775496)
(2.41 0.03996192888 0.001744775496)
(2.42 0.03996192888 0.001744775496)
(2.43 0.03996192888 0.001744775496)
(2.44 0.03996192888 0.001744775496)
(2.45 0.03996192888 0.001744775496)
(2.46 0.03996192888 0.001744775496)
(2.47 0.03996192888 0.001744775496)
(2.48 0.03996192888 0.001744775496)
(2.49 0.03996192888 0.001744775496)
(2.5 0.03996192888 0.001744775496)
(2.51 0.03996192888 0.001744775496)
(2.52 0.03996192888 0.001744775496)
(2.53 0.03996192888 0.001744775496)
(2.54 0.03996192888 0.001744775496)
(2.55 0.03996192888 0.001744775496)
(2.56 0.03996192888 0.001744775496)
(2.57 0.03996192888 0.001744775496)
(2.58 0.03996192888 0.001744775496)
(2.59 0.03996192888 0.001744775496)
(2.6 0.03996192888 0.001744775496)
(2.61 0.03996192888 0.001744775496)
(2.62 0.03996192888 0.001744775496)
(2.63 0.03996192888 0.001744775496)
(2.64 0.03996192888 0.001744775496)
(2.65 0.03996192888 0.001744775496)
(2.66 0.03996192888 0.001744775496)
(2.67 0.03996192888 0.001744775496)
(2.68 0.03996192888 0.001744775496)
(2.69 0.03996192888 0.001744775496)
(2.7 0.03996192888 0.001744775496)
(2.71 0.03996192888 0.001744775496)
(2.72 0.03996192888 0.001744775496)
(2.73 0.03996192888 0.001744775496)
(2.74 0.03996192888 0.001744775496)
(2.75 0.03996192888 0.001744775496)
(2.76 0.03996192888 0.001744775496)
(2.77 0.03996192888 0.001744775496)
(2.78 0.03996192888 0.001744775496)
(2.79 0.03996192888 0.001744775496)
(2.8 0.03996192888 0.001744775496)
(2.81 0.03996192888 0.001744775496)
(2.82 0.03996192888 0.001744775496)
(2.83 0.03996192888 0.001744775496)
(2.84 0.03996192888 0.001744775496)
(2.85 0.03996192888 0.001744775496)
(2.86 0.03996192888 0.001744775496)
(2.87 0.03996192888 0.001744775496)
(2.88 0.03996192888 0.001744775496)
(2.89 0.03996192888 0.001744775496)
(2.9 0.03996192888 0.001744775496)
(2.91 0.03996192888 0.001744775496)
(2.92 0.03996192888 0.001744775496)
(2.93 0.03996192888 0.001744775496)
(2.94 0.03996192888 0.001744775496)
(2.95 0.03996192888 0.001744775496)
(2.96 0.03996192888 0.001744775496)
(2.97 0.03996192888 0.001744775496)
(2.98 0.03996192888 0.001744775496)
(2.99 0.03996192888 0.001744775496)
(3 0.03996192888 0.001744775496)
(0 0.04245954944 0.001853823964)
(0.01 0.04245954944 0.001853823964)
(0.02 0.04245954944 0.001853823964)
(0.03 0.04245954944 0.001853823964)
(0.04 0.04245954944 0.001853823964)
(0.05 0.04245954944 0.001853823964)
(0.06 0.04245954944 0.001853823964)
(0.07 0.04245954944 0.001853823964)
(0.08 0.04245954944 0.001853823964)
(0.09 0.04245954944 0.001853823964)
(0.1 0.04245954944 0.001853823964)
(0.11 0.04245954944 0.001853823964)
(0.12 0.04245954944 0.001853823964)
(0.13 0.04245954944 0.001853823964)
(0.14 0.04245954944 0.001853823964)
(0.15 0.04245954943 0.001853823964)
(0.16 0.04245954944 0.001853823964)
(0.17 0.04245954944 0.001853823964)
(0.18 0.04245954943 0.001853823964)
(0.19 0.04245954944 0.001853823964)
(0.2 0.04245954944 0.001853823964)
(0.21 0.04245954944 0.001853823964)
(0.22 0.04245954944 0.001853823964)
(0.23 0.04245954944 0.001853823964)
(0.24 0.04245954944 0.001853823964)
(0.25 0.04245954944 0.001853823964)
(0.26 0.04245954944 0.001853823964)
(0.27 0.04245954944 0.001853823964)
(0.28 0.04245954943 0.001853823964)
(0.29 0.04245954944 0.001853823964)
(0.3 0.04245954944 0.001853823964)
(0.31 0.04245954944 0.001853823964)
(0.32 0.04245954944 0.001853823964)
(0.33 0.04245954944 0.001853823964)
(0.34 0.04245954944 0.001853823964)
(0.35 0.04245954944 0.001853823964)
(0.36 0.04245954944 0.001853823964)
(0.37 0.04245954944 0.001853823964)
(0.38 0.04245954944 0.001853823964)
(0.39 0.04245954944 0.001853823964)
(0.4 0.04245954944 0.001853823964)
(0.41 0.04245954943 0.001853823964)
(0.42 0.04245954944 0.001853823964)
(0.43 0.04245954944 0.001853823964)
(0.44 0.04245954944 0.001853823964)
(0.45 0.04245954944 0.001853823964)
(0.46 0.04245954944 0.001853823964)
(0.47 0.04245954944 0.001853823964)
(0.48 0.04245954944 0.001853823964)
(0.49 0.04245954944 0.001853823964)
(0.5 0.04245954944 0.001853823964)
(0.51 0.04245954944 0.001853823964)
(0.52 0.04245954944 0.001853823964)
(0.53 0.04245954944 0.001853823964)
(0.54 0.04245954944 0.001853823964)
(0.55 0.04245954943 0.001853823964)
(0.56 0.04245954944 0.001853823965)
(0.57 0.04245954944 0.001853823964)
(0.58 0.04245954944 0.001853823964)
(0.59 0.04245954944 0.001853823964)
(0.6 0.04245954944 0.001853823964)
(0.61 0.04245954944 0.001853823964)
(0.62 0.04245954944 0.001853823964)
(0.63 0.04245954944 0.001853823964)
(0.64 0.04245954944 0.001853823964)
(0.65 0.04245954944 0.001853823964)
(0.66 0.04245954944 0.001853823964)
(0.67 0.04245954944 0.001853823964)
(0.68 0.04245954944 0.001853823964)
(0.69 0.04245954944 0.001853823964)
(0.7 0.04245954944 0.001853823964)
(0.71 0.04245954944 0.001853823964)
(0.72 0.04245954944 0.001853823964)
(0.73 0.04245954944 0.001853823964)
(0.74 0.04245954944 0.001853823964)
(0.75 0.04245954944 0.001853823964)
(0.76 0.04245954944 0.001853823964)
(0.77 0.04245954944 0.001853823964)
(0.78 0.04245954944 0.001853823964)
(0.79 0.04245954944 0.001853823964)
(0.8 0.04245954944 0.001853823964)
(0.81 0.04245954944 0.001853823964)
(0.82 0.04245954944 0.001853823964)
(0.83 0.04245954944 0.001853823964)
(0.84 0.04245954944 0.001853823964)
(0.85 0.04245954944 0.001853823964)
(0.86 0.04245954944 0.001853823964)
(0.87 0.04245954944 0.001853823964)
(0.88 0.04245954944 0.001853823964)
(0.89 0.04245954944 0.001853823964)
(0.9 0.04245954943 0.001853823964)
(0.91 0.04245954944 0.001853823964)
(0.92 0.04245954944 0.001853823964)
(0.93 0.04245954944 0.001853823964)
(0.94 0.04245954944 0.001853823964)
(0.95 0.04245954944 0.001853823964)
(0.96 0.04245954944 0.001853823964)
(0.97 0.04245954944 0.001853823964)
(0.98 0.04245954944 0.001853823964)
(0.99 0.04245954944 0.001853823964)
(1 0.04245954944 0.001853823964)
(1.01 0.04245954944 0.001853823964)
(1.02 0.04245954944 0.001853823964)
(1.03 0.04245954944 0.001853823964)
(1.04 0.04245954944 0.001853823964)
(1.05 0.04245954944 0.001853823964)
(1.06 0.04245954944 0.001853823964)
(1.07 0.04245954944 0.001853823964)
(1.08 0.04245954944 0.001853823964)
(1.09 0.04245954944 0.001853823965)
(1.1 0.04245954944 0.001853823964)
(1.11 0.04245954944 0.001853823964)
(1.12 0.04245954944 0.001853823965)
(1.13 0.04245954944 0.001853823964)
(1.14 0.04245954944 0.001853823964)
(1.15 0.04245954944 0.001853823964)
(1.16 0.04245954943 0.001853823964)
(1.17 0.04245954944 0.001853823964)
(1.18 0.04245954944 0.001853823964)
(1.19 0.04245954944 0.001853823964)
(1.2 0.04245954944 0.001853823964)
(1.21 0.04245954944 0.001853823964)
(1.22 0.04245954944 0.001853823964)
(1.23 0.04245954944 0.001853823964)
(1.24 0.04245954944 0.001853823964)
(1.25 0.04245954943 0.001853823964)
(1.26 0.04245954944 0.001853823964)
(1.27 0.04245954944 0.001853823964)
(1.28 0.04245954944 0.001853823964)
(1.29 0.04245954944 0.001853823965)
(1.3 0.04245954944 0.001853823964)
(1.31 0.04245954944 0.001853823964)
(1.32 0.04245954944 0.001853823964)
(1.33 0.04245954944 0.001853823964)
(1.34 0.04245954944 0.001853823964)
(1.35 0.04245954944 0.001853823964)
(1.36 0.04245954944 0.001853823964)
(1.37 0.04245954944 0.001853823964)
(1.38 0.04245954944 0.001853823965)
(1.39 0.04245954944 0.001853823964)
(1.4 0.04245954944 0.001853823964)
(1.41 0.04245954944 0.001853823964)
(1.42 0.04245954944 0.001853823964)
(1.43 0.04245954944 0.001853823964)
(1.44 0.04245954943 0.001853823964)
(1.45 0.04245954944 0.001853823964)
(1.46 0.04245954944 0.001853823964)
(1.47 0.04245954944 0.001853823964)
(1.48 0.04245954944 0.001853823964)
(1.49 0.04245954944 0.001853823964)
(1.5 0.04245954944 0.001853823964)
(1.51 0.04245954944 0.001853823964)
(1.52 0.04245954944 0.001853823964)
(1.53 0.04245954944 0.001853823964)
(1.54 0.04245954944 0.001853823964)
(1.55 0.04245954943 0.001853823964)
(1.56 0.04245954944 0.001853823964)
(1.57 0.04245954944 0.001853823964)
(1.58 0.04245954944 0.001853823964)
(1.59 0.04245954944 0.001853823964)
(1.6 0.04245954944 0.001853823964)
(1.61 0.04245954944 0.001853823964)
(1.62 0.04245954944 0.001853823964)
(1.63 0.04245954944 0.001853823964)
(1.64 0.04245954944 0.001853823964)
(1.65 0.04245954944 0.001853823964)
(1.66 0.04245954943 0.001853823964)
(1.67 0.04245954944 0.001853823964)
(1.68 0.04245954944 0.001853823964)
(1.69 0.04245954944 0.001853823964)
(1.7 0.04245954943 0.001853823964)
(1.71 0.04245954944 0.001853823964)
(1.72 0.04245954944 0.001853823964)
(1.73 0.04245954944 0.001853823964)
(1.74 0.04245954944 0.001853823964)
(1.75 0.04245954944 0.001853823964)
(1.76 0.04245954944 0.001853823964)
(1.77 0.04245954944 0.001853823964)
(1.78 0.04245954944 0.001853823964)
(1.79 0.04245954944 0.001853823964)
(1.8 0.04245954944 0.001853823964)
(1.81 0.04245954944 0.001853823964)
(1.82 0.04245954944 0.001853823964)
(1.83 0.04245954944 0.001853823964)
(1.84 0.04245954944 0.001853823964)
(1.85 0.04245954944 0.001853823964)
(1.86 0.04245954944 0.001853823965)
(1.87 0.04245954944 0.001853823964)
(1.88 0.04245954944 0.001853823964)
(1.89 0.04245954944 0.001853823964)
(1.9 0.04245954944 0.001853823964)
(1.91 0.04245954944 0.001853823964)
(1.92 0.04245954944 0.001853823964)
(1.93 0.04245954944 0.001853823964)
(1.94 0.04245954944 0.001853823965)
(1.95 0.04245954944 0.001853823964)
(1.96 0.04245954944 0.001853823964)
(1.97 0.04245954944 0.001853823964)
(1.98 0.04245954944 0.001853823964)
(1.99 0.04245954944 0.001853823964)
(2 0.04245954944 0.001853823964)
(2.01 0.04245954944 0.001853823964)
(2.02 0.04245954944 0.001853823965)
(2.03 0.04245954944 0.001853823964)
(2.04 0.04245954944 0.001853823964)
(2.05 0.04245954944 0.001853823964)
(2.06 0.04245954944 0.001853823964)
(2.07 0.04245954943 0.001853823964)
(2.08 0.04245954944 0.001853823964)
(2.09 0.04245954944 0.001853823964)
(2.1 0.04245954944 0.001853823964)
(2.11 0.04245954944 0.001853823964)
(2.12 0.04245954944 0.001853823964)
(2.13 0.04245954944 0.001853823964)
(2.14 0.04245954943 0.001853823964)
(2.15 0.04245954944 0.001853823964)
(2.16 0.04245954944 0.001853823964)
(2.17 0.04245954944 0.001853823964)
(2.18 0.04245954944 0.001853823964)
(2.19 0.04245954944 0.001853823964)
(2.2 0.04245954944 0.001853823964)
(2.21 0.04245954944 0.001853823964)
(2.22 0.04245954943 0.001853823964)
(2.23 0.04245954944 0.001853823964)
(2.24 0.04245954944 0.001853823964)
(2.25 0.04245954944 0.001853823964)
(2.26 0.04245954944 0.001853823964)
(2.27 0.04245954944 0.001853823964)
(2.28 0.04245954944 0.001853823964)
(2.29 0.04245954943 0.001853823964)
(2.3 0.04245954944 0.001853823964)
(2.31 0.04245954944 0.001853823964)
(2.32 0.04245954944 0.001853823964)
(2.33 0.04245954943 0.001853823964)
(2.34 0.04245954944 0.001853823964)
(2.35 0.04245954944 0.001853823964)
(2.36 0.04245954944 0.001853823964)
(2.37 0.04245954944 0.001853823964)
(2.38 0.04245954944 0.001853823964)
(2.39 0.04245954944 0.001853823964)
(2.4 0.04245954943 0.001853823964)
(2.41 0.04245954944 0.001853823964)
(2.42 0.04245954944 0.001853823964)
(2.43 0.04245954944 0.001853823964)
(2.44 0.04245954943 0.001853823964)
(2.45 0.04245954944 0.001853823964)
(2.46 0.04245954944 0.001853823964)
(2.47 0.04245954944 0.001853823964)
(2.48 0.04245954944 0.001853823964)
(2.49 0.04245954944 0.001853823964)
(2.5 0.04245954944 0.001853823964)
(2.51 0.04245954944 0.001853823964)
(2.52 0.04245954944 0.001853823964)
(2.53 0.04245954944 0.001853823964)
(2.54 0.04245954944 0.001853823964)
(2.55 0.04245954943 0.001853823964)
(2.56 0.04245954944 0.001853823964)
(2.57 0.04245954944 0.001853823964)
(2.58 0.04245954944 0.001853823964)
(2.59 0.04245954943 0.001853823964)
(2.6 0.04245954944 0.001853823964)
(2.61 0.04245954944 0.001853823964)
(2.62 0.04245954944 0.001853823964)
(2.63 0.04245954944 0.001853823964)
(2.64 0.04245954944 0.001853823964)
(2.65 0.04245954944 0.001853823964)
(2.66 0.04245954943 0.001853823964)
(2.67 0.04245954944 0.001853823964)
(2.68 0.04245954944 0.001853823964)
(2.69 0.04245954943 0.001853823964)
(2.7 0.04245954944 0.001853823964)
(2.71 0.04245954944 0.001853823964)
(2.72 0.04245954944 0.001853823964)
(2.73 0.04245954944 0.001853823964)
(2.74 0.04245954944 0.001853823964)
(2.75 0.04245954944 0.001853823964)
(2.76 0.04245954944 0.001853823964)
(2.77 0.04245954943 0.001853823964)
(2.78 0.04245954944 0.001853823964)
(2.79 0.04245954944 0.001853823964)
(2.8 0.04245954944 0.001853823964)
(2.81 0.04245954943 0.001853823964)
(2.82 0.04245954944 0.001853823964)
(2.83 0.04245954944 0.001853823964)
(2.84 0.04245954944 0.001853823964)
(2.85 0.04245954944 0.001853823965)
(2.86 0.04245954944 0.001853823964)
(2.87 0.04245954944 0.001853823964)
(2.88 0.04245954943 0.001853823964)
(2.89 0.04245954944 0.001853823964)
(2.9 0.04245954944 0.001853823964)
(2.91 0.04245954944 0.001853823964)
(2.92 0.04245954944 0.001853823964)
(2.93 0.04245954944 0.001853823964)
(2.94 0.04245954944 0.001853823964)
(2.95 0.04245954943 0.001853823964)
(2.96 0.04245954944 0.001853823964)
(2.97 0.04245954944 0.001853823964)
(2.98 0.04245954944 0.001853823964)
(2.99 0.04245954943 0.001853823964)
(3 0.04245954944 0.001853823964)
(0 0.04495716999 0.001962872433)
(0.01 0.04495716999 0.001962872433)
(0.02 0.04495716999 0.001962872433)
(0.03 0.04495716999 0.001962872433)
(0.04 0.04495716999 0.001962872433)
(0.05 0.04495716999 0.001962872433)
(0.06 0.04495716999 0.001962872433)
(0.07 0.04495716999 0.001962872433)
(0.08 0.04495716999 0.001962872433)
(0.09 0.04495716999 0.001962872433)
(0.1 0.04495716999 0.001962872433)
(0.11 0.04495716999 0.001962872433)
(0.12 0.04495716999 0.001962872433)
(0.13 0.04495716999 0.001962872433)
(0.14 0.04495716999 0.001962872433)
(0.15 0.04495716999 0.001962872433)
(0.16 0.04495716999 0.001962872433)
(0.17 0.04495716999 0.001962872433)
(0.18 0.04495716999 0.001962872433)
(0.19 0.04495716999 0.001962872433)
(0.2 0.04495716999 0.001962872433)
(0.21 0.04495716999 0.001962872433)
(0.22 0.04495716999 0.001962872433)
(0.23 0.04495716999 0.001962872433)
(0.24 0.04495716999 0.001962872433)
(0.25 0.04495716999 0.001962872433)
(0.26 0.04495716999 0.001962872433)
(0.27 0.04495716999 0.001962872433)
(0.28 0.04495716999 0.001962872433)
(0.29 0.04495716999 0.001962872433)
(0.3 0.04495716999 0.001962872433)
(0.31 0.04495716999 0.001962872433)
(0.32 0.04495716999 0.001962872433)
(0.33 0.04495716999 0.001962872433)
(0.34 0.04495716999 0.001962872433)
(0.35 0.04495716999 0.001962872433)
(0.36 0.04495716999 0.001962872433)
(0.37 0.04495716999 0.001962872433)
(0.38 0.04495716999 0.001962872433)
(0.39 0.04495716999 0.001962872433)
(0.4 0.04495716999 0.001962872433)
(0.41 0.04495716999 0.001962872433)
(0.42 0.04495716999 0.001962872433)
(0.43 0.04495716999 0.001962872433)
(0.44 0.04495716999 0.001962872433)
(0.45 0.04495716999 0.001962872433)
(0.46 0.04495716999 0.001962872433)
(0.47 0.04495716999 0.001962872433)
(0.48 0.04495716999 0.001962872433)
(0.49 0.04495716999 0.001962872433)
(0.5 0.04495716999 0.001962872433)
(0.51 0.04495716999 0.001962872433)
(0.52 0.04495716999 0.001962872433)
(0.53 0.04495716999 0.001962872433)
(0.54 0.04495716999 0.001962872433)
(0.55 0.04495716999 0.001962872433)
(0.56 0.04495716999 0.001962872433)
(0.57 0.04495716999 0.001962872433)
(0.58 0.04495716999 0.001962872433)
(0.59 0.04495716999 0.001962872433)
(0.6 0.04495716999 0.001962872433)
(0.61 0.04495716999 0.001962872433)
(0.62 0.04495716999 0.001962872433)
(0.63 0.04495716999 0.001962872433)
(0.64 0.04495716999 0.001962872433)
(0.65 0.04495716999 0.001962872433)
(0.66 0.04495716999 0.001962872433)
(0.67 0.04495716999 0.001962872433)
(0.68 0.04495716999 0.001962872433)
(0.69 0.04495716999 0.001962872433)
(0.7 0.04495716999 0.001962872433)
(0.71 0.04495716999 0.001962872433)
(0.72 0.04495716999 0.001962872433)
(0.73 0.04495716999 0.001962872433)
(0.74 0.04495716999 0.001962872433)
(0.75 0.04495716999 0.001962872433)
(0.76 0.04495716999 0.001962872433)
(0.77 0.04495716999 0.001962872433)
(0.78 0.04495716999 0.001962872433)
(0.79 0.04495716999 0.001962872433)
(0.8 0.04495716999 0.001962872433)
(0.81 0.04495716999 0.001962872433)
(0.82 0.04495716999 0.001962872433)
(0.83 0.04495716999 0.001962872433)
(0.84 0.04495716999 0.001962872433)
(0.85 0.04495716999 0.001962872433)
(0.86 0.04495716999 0.001962872433)
(0.87 0.04495716999 0.001962872433)
(0.88 0.04495716999 0.001962872433)
(0.89 0.04495716999 0.001962872433)
(0.9 0.04495716999 0.001962872433)
(0.91 0.04495716999 0.001962872433)
(0.92 0.04495716999 0.001962872433)
(0.93 0.04495716999 0.001962872433)
(0.94 0.04495716999 0.001962872433)
(0.95 0.04495716999 0.001962872433)
(0.96 0.04495716999 0.001962872433)
(0.97 0.04495716999 0.001962872433)
(0.98 0.04495716999 0.001962872433)
(0.99 0.04495716999 0.001962872433)
(1 0.04495716999 0.001962872433)
(1.01 0.04495716999 0.001962872433)
(1.02 0.04495716999 0.001962872433)
(1.03 0.04495716999 0.001962872433)
(1.04 0.04495716999 0.001962872433)
(1.05 0.04495716999 0.001962872433)
(1.06 0.04495716999 0.001962872433)
(1.07 0.04495716999 0.001962872433)
(1.08 0.04495716999 0.001962872433)
(1.09 0.04495716999 0.001962872433)
(1.1 0.04495716999 0.001962872433)
(1.11 0.04495716999 0.001962872433)
(1.12 0.04495716999 0.001962872433)
(1.13 0.04495716999 0.001962872433)
(1.14 0.04495716999 0.001962872433)
(1.15 0.04495716999 0.001962872433)
(1.16 0.04495716999 0.001962872433)
(1.17 0.04495716999 0.001962872433)
(1.18 0.04495716999 0.001962872433)
(1.19 0.04495716999 0.001962872433)
(1.2 0.04495716999 0.001962872433)
(1.21 0.04495716999 0.001962872433)
(1.22 0.04495716999 0.001962872433)
(1.23 0.04495716999 0.001962872433)
(1.24 0.04495716999 0.001962872433)
(1.25 0.04495716999 0.001962872433)
(1.26 0.04495716999 0.001962872433)
(1.27 0.04495716999 0.001962872433)
(1.28 0.04495716999 0.001962872433)
(1.29 0.04495716999 0.001962872433)
(1.3 0.04495716999 0.001962872433)
(1.31 0.04495716999 0.001962872433)
(1.32 0.04495716999 0.001962872433)
(1.33 0.04495716999 0.001962872433)
(1.34 0.04495716999 0.001962872433)
(1.35 0.04495716999 0.001962872433)
(1.36 0.04495716999 0.001962872433)
(1.37 0.04495716999 0.001962872433)
(1.38 0.04495716999 0.001962872433)
(1.39 0.04495716999 0.001962872433)
(1.4 0.04495716999 0.001962872433)
(1.41 0.04495716999 0.001962872433)
(1.42 0.04495716999 0.001962872433)
(1.43 0.04495716999 0.001962872433)
(1.44 0.04495716999 0.001962872433)
(1.45 0.04495716999 0.001962872433)
(1.46 0.04495716999 0.001962872433)
(1.47 0.04495716999 0.001962872433)
(1.48 0.04495716999 0.001962872433)
(1.49 0.04495716999 0.001962872433)
(1.5 0.04495716999 0.001962872433)
(1.51 0.04495716999 0.001962872433)
(1.52 0.04495716999 0.001962872433)
(1.53 0.04495716999 0.001962872433)
(1.54 0.04495716999 0.001962872433)
(1.55 0.04495716999 0.001962872433)
(1.56 0.04495716999 0.001962872433)
(1.57 0.04495716999 0.001962872433)
(1.58 0.04495716999 0.001962872433)
(1.59 0.04495716999 0.001962872433)
(1.6 0.04495716999 0.001962872433)
(1.61 0.04495716999 0.001962872433)
(1.62 0.04495716999 0.001962872433)
(1.63 0.04495716999 0.001962872433)
(1.64 0.04495716999 0.001962872433)
(1.65 0.04495716999 0.001962872433)
(1.66 0.04495716999 0.001962872433)
(1.67 0.04495716999 0.001962872433)
(1.68 0.04495716999 0.001962872433)
(1.69 0.04495716999 0.001962872433)
(1.7 0.04495716999 0.001962872433)
(1.71 0.04495716999 0.001962872433)
(1.72 0.04495716999 0.001962872433)
(1.73 0.04495716999 0.001962872433)
(1.74 0.04495716999 0.001962872433)
(1.75 0.04495716999 0.001962872433)
(1.76 0.04495716999 0.001962872433)
(1.77 0.04495716999 0.001962872433)
(1.78 0.04495716999 0.001962872433)
(1.79 0.04495716999 0.001962872433)
(1.8 0.04495716999 0.001962872433)
(1.81 0.04495716999 0.001962872433)
(1.82 0.04495716999 0.001962872433)
(1.83 0.04495716999 0.001962872433)
(1.84 0.04495716999 0.001962872433)
(1.85 0.04495716999 0.001962872433)
(1.86 0.04495716999 0.001962872433)
(1.87 0.04495716999 0.001962872433)
(1.88 0.04495716999 0.001962872433)
(1.89 0.04495716999 0.001962872433)
(1.9 0.04495716999 0.001962872433)
(1.91 0.04495716999 0.001962872433)
(1.92 0.04495716999 0.001962872433)
(1.93 0.04495716999 0.001962872433)
(1.94 0.04495716999 0.001962872433)
(1.95 0.04495716999 0.001962872433)
(1.96 0.04495716999 0.001962872433)
(1.97 0.04495716999 0.001962872433)
(1.98 0.04495716999 0.001962872433)
(1.99 0.04495716999 0.001962872433)
(2 0.04495716999 0.001962872433)
(2.01 0.04495716999 0.001962872433)
(2.02 0.04495716999 0.001962872433)
(2.03 0.04495716999 0.001962872433)
(2.04 0.04495716999 0.001962872433)
(2.05 0.04495716999 0.001962872433)
(2.06 0.04495716999 0.001962872433)
(2.07 0.04495716999 0.001962872433)
(2.08 0.04495716999 0.001962872433)
(2.09 0.04495716999 0.001962872433)
(2.1 0.04495716999 0.001962872433)
(2.11 0.04495716999 0.001962872433)
(2.12 0.04495716999 0.001962872433)
(2.13 0.04495716999 0.001962872433)
(2.14 0.04495716999 0.001962872433)
(2.15 0.04495716999 0.001962872433)
(2.16 0.04495716999 0.001962872433)
(2.17 0.04495716999 0.001962872433)
(2.18 0.04495716999 0.001962872433)
(2.19 0.04495716999 0.001962872433)
(2.2 0.04495716999 0.001962872433)
(2.21 0.04495716999 0.001962872433)
(2.22 0.04495716999 0.001962872433)
(2.23 0.04495716999 0.001962872433)
(2.24 0.04495716999 0.001962872433)
(2.25 0.04495716999 0.001962872433)
(2.26 0.04495716999 0.001962872433)
(2.27 0.04495716999 0.001962872433)
(2.28 0.04495716999 0.001962872433)
(2.29 0.04495716999 0.001962872433)
(2.3 0.04495716999 0.001962872433)
(2.31 0.04495716999 0.001962872433)
(2.32 0.04495716999 0.001962872433)
(2.33 0.04495716999 0.001962872433)
(2.34 0.04495716999 0.001962872433)
(2.35 0.04495716999 0.001962872433)
(2.36 0.04495716999 0.001962872433)
(2.37 0.04495716999 0.001962872433)
(2.38 0.04495716999 0.001962872433)
(2.39 0.04495716999 0.001962872433)
(2.4 0.04495716999 0.001962872433)
(2.41 0.04495716999 0.001962872433)
(2.42 0.04495716999 0.001962872433)
(2.43 0.04495716999 0.001962872433)
(2.44 0.04495716999 0.001962872433)
(2.45 0.04495716999 0.001962872433)
(2.46 0.04495716999 0.001962872433)
(2.47 0.04495716999 0.001962872433)
(2.48 0.04495716999 0.001962872433)
(2.49 0.04495716999 0.001962872433)
(2.5 0.04495716999 0.001962872433)
(2.51 0.04495716999 0.001962872433)
(2.52 0.04495716999 0.001962872433)
(2.53 0.04495716999 0.001962872433)
(2.54 0.04495716999 0.001962872433)
(2.55 0.04495716999 0.001962872433)
(2.56 0.04495716999 0.001962872433)
(2.57 0.04495716999 0.001962872433)
(2.58 0.04495716999 0.001962872433)
(2.59 0.04495716999 0.001962872433)
(2.6 0.04495716999 0.001962872433)
(2.61 0.04495716999 0.001962872433)
(2.62 0.04495716999 0.001962872433)
(2.63 0.04495716999 0.001962872433)
(2.64 0.04495716999 0.001962872433)
(2.65 0.04495716999 0.001962872433)
(2.66 0.04495716999 0.001962872433)
(2.67 0.04495716999 0.001962872433)
(2.68 0.04495716999 0.001962872433)
(2.69 0.04495716999 0.001962872433)
(2.7 0.04495716999 0.001962872433)
(2.71 0.04495716999 0.001962872433)
(2.72 0.04495716999 0.001962872433)
(2.73 0.04495716999 0.001962872433)
(2.74 0.04495716999 0.001962872433)
(2.75 0.04495716999 0.001962872433)
(2.76 0.04495716999 0.001962872433)
(2.77 0.04495716999 0.001962872433)
(2.78 0.04495716999 0.001962872433)
(2.79 0.04495716999 0.001962872433)
(2.8 0.04495716999 0.001962872433)
(2.81 0.04495716999 0.001962872433)
(2.82 0.04495716999 0.001962872433)
(2.83 0.04495716999 0.001962872433)
(2.84 0.04495716999 0.001962872433)
(2.85 0.04495716999 0.001962872433)
(2.86 0.04495716999 0.001962872433)
(2.87 0.04495716999 0.001962872433)
(2.88 0.04495716999 0.001962872433)
(2.89 0.04495716999 0.001962872433)
(2.9 0.04495716999 0.001962872433)
(2.91 0.04495716999 0.001962872433)
(2.92 0.04495716999 0.001962872433)
(2.93 0.04495716999 0.001962872433)
(2.94 0.04495716999 0.001962872433)
(2.95 0.04495716999 0.001962872433)
(2.96 0.04495716999 0.001962872433)
(2.97 0.04495716999 0.001962872433)
(2.98 0.04495716999 0.001962872433)
(2.99 0.04495716999 0.001962872433)
(3 0.04495716999 0.001962872433)
(0 0.04745479054 0.002071920901)
(0.01 0.04745479054 0.002071920901)
(0.02 0.04745479055 0.002071920901)
(0.03 0.04745479054 0.002071920901)
(0.04 0.04745479054 0.002071920901)
(0.05 0.04745479054 0.002071920901)
(0.06 0.04745479054 0.002071920901)
(0.07 0.04745479055 0.002071920901)
(0.08 0.04745479054 0.002071920902)
(0.09 0.04745479054 0.002071920901)
(0.1 0.04745479055 0.002071920901)
(0.11 0.04745479054 0.002071920901)
(0.12 0.04745479054 0.002071920901)
(0.13 0.04745479054 0.002071920901)
(0.14 0.04745479054 0.002071920901)
(0.15 0.04745479055 0.002071920901)
(0.16 0.04745479054 0.002071920901)
(0.17 0.04745479054 0.002071920901)
(0.18 0.04745479054 0.002071920901)
(0.19 0.04745479054 0.002071920901)
(0.2 0.04745479054 0.002071920901)
(0.21 0.04745479055 0.002071920901)
(0.22 0.04745479054 0.002071920901)
(0.23 0.04745479054 0.002071920901)
(0.24 0.04745479055 0.002071920901)
(0.25 0.04745479054 0.002071920901)
(0.26 0.04745479055 0.002071920901)
(0.27 0.04745479054 0.002071920901)
(0.28 0.04745479054 0.002071920901)
(0.29 0.04745479055 0.002071920901)
(0.3 0.04745479054 0.002071920901)
(0.31 0.04745479055 0.002071920901)
(0.32 0.04745479054 0.002071920901)
(0.33 0.04745479054 0.002071920901)
(0.34 0.04745479055 0.002071920901)
(0.35 0.04745479054 0.002071920901)
(0.36 0.04745479054 0.002071920901)
(0.37 0.04745479055 0.002071920901)
(0.38 0.04745479054 0.002071920901)
(0.39 0.04745479054 0.002071920901)
(0.4 0.04745479055 0.002071920901)
(0.41 0.04745479054 0.002071920901)
(0.42 0.04745479055 0.002071920901)
(0.43 0.04745479054 0.002071920901)
(0.44 0.04745479054 0.002071920901)
(0.45 0.04745479055 0.002071920901)
(0.46 0.04745479054 0.002071920901)
(0.47 0.04745479054 0.002071920901)
(0.48 0.04745479054 0.002071920901)
(0.49 0.04745479054 0.002071920901)
(0.5 0.04745479054 0.002071920901)
(0.51 0.04745479054 0.002071920901)
(0.52 0.04745479054 0.002071920901)
(0.53 0.04745479055 0.002071920901)
(0.54 0.04745479055 0.002071920901)
(0.55 0.04745479054 0.002071920901)
(0.56 0.04745479055 0.002071920901)
(0.57 0.04745479054 0.002071920901)
(0.58 0.04745479054 0.002071920901)
(0.59 0.04745479055 0.002071920901)
(0.6 0.04745479054 0.002071920901)
(0.61 0.04745479055 0.002071920901)
(0.62 0.04745479054 0.002071920901)
(0.63 0.04745479054 0.002071920901)
(0.64 0.04745479055 0.002071920901)
(0.65 0.04745479054 0.002071920901)
(0.66 0.04745479054 0.002071920901)
(0.67 0.04745479055 0.002071920901)
(0.68 0.04745479054 0.002071920901)
(0.69 0.04745479055 0.002071920901)
(0.7 0.04745479054 0.002071920901)
(0.71 0.04745479054 0.002071920901)
(0.72 0.04745479055 0.002071920901)
(0.73 0.04745479054 0.002071920901)
(0.74 0.04745479055 0.002071920901)
(0.75 0.04745479054 0.002071920901)
(0.76 0.04745479054 0.002071920901)
(0.77 0.04745479054 0.002071920901)
(0.78 0.04745479054 0.002071920901)
(0.79 0.04745479054 0.002071920901)
(0.8 0.04745479055 0.002071920901)
(0.81 0.04745479054 0.002071920901)
(0.82 0.04745479054 0.002071920901)
(0.83 0.04745479055 0.002071920901)
(0.84 0.04745479054 0.002071920901)
(0.85 0.04745479055 0.002071920901)
(0.86 0.04745479054 0.002071920901)
(0.87 0.04745479054 0.002071920901)
(0.88 0.04745479055 0.002071920901)
(0.89 0.04745479055 0.002071920901)
(0.9 0.04745479054 0.002071920901)
(0.91 0.04745479055 0.002071920901)
(0.92 0.04745479054 0.002071920901)
(0.93 0.04745479054 0.002071920901)
(0.94 0.04745479055 0.002071920901)
(0.95 0.04745479054 0.002071920901)
(0.96 0.04745479055 0.002071920901)
(0.97 0.04745479055 0.002071920901)
(0.98 0.04745479054 0.002071920901)
(0.99 0.04745479055 0.002071920901)
(1 0.04745479055 0.002071920902)
(1.01 0.04745479054 0.002071920901)
(1.02 0.04745479054 0.002071920901)
(1.03 0.04745479054 0.002071920901)
(1.04 0.04745479054 0.002071920901)
(1.05 0.04745479054 0.002071920901)
(1.06 0.04745479055 0.002071920902)
(1.07 0.04745479055 0.002071920901)
(1.08 0.04745479055 0.002071920901)
(1.09 0.04745479054 0.002071920901)
(1.1 0.04745479055 0.002071920901)
(1.11 0.04745479054 0.002071920901)
(1.12 0.04745479055 0.002071920901)
(1.13 0.04745479055 0.002071920901)
(1.14 0.04745479054 0.002071920901)
(1.15 0.04745479055 0.002071920901)
(1.16 0.04745479055 0.002071920901)
(1.17 0.04745479054 0.002071920901)
(1.18 0.04745479055 0.002071920901)
(1.19 0.04745479054 0.002071920901)
(1.2 0.04745479054 0.002071920901)
(1.21 0.04745479055 0.002071920901)
(1.22 0.04745479054 0.002071920901)
(1.23 0.04745479055 0.002071920901)
(1.24 0.04745479055 0.002071920901)
(1.25 0.04745479054 0.002071920901)
(1.26 0.04745479054 0.002071920901)
(1.27 0.04745479054 0.002071920901)
(1.28 0.04745479054 0.002071920901)
(1.29 0.04745479055 0.002071920901)
(1.3 0.04745479054 0.002071920901)
(1.31 0.04745479054 0.002071920901)
(1.32 0.04745479055 0.002071920901)
(1.33 0.04745479055 0.002071920901)
(1.34 0.04745479055 0.002071920901)
(1.35 0.04745479054 0.002071920901)
(1.36 0.04745479054 0.002071920901)
(1.37 0.04745479055 0.002071920901)
(1.38 0.04745479054 0.002071920901)
(1.39 0.04745479055 0.002071920901)
(1.4 0.04745479054 0.002071920901)
(1.41 0.04745479054 0.002071920901)
(1.42 0.04745479054 0.002071920901)
(1.43 0.04745479055 0.002071920901)
(1.44 0.04745479054 0.002071920901)
(1.45 0.04745479054 0.002071920901)
(1.46 0.04745479054 0.002071920901)
(1.47 0.04745479054 0.002071920901)
(1.48 0.04745479054 0.002071920901)
(1.49 0.04745479055 0.002071920901)
(1.5 0.04745479055 0.002071920901)
(1.51 0.04745479055 0.002071920901)
(1.52 0.04745479054 0.002071920901)
(1.53 0.04745479055 0.002071920901)
(1.54 0.04745479054 0.002071920901)
(1.55 0.04745479055 0.002071920901)
(1.56 0.04745479055 0.002071920901)
(1.57 0.04745479054 0.002071920901)
(1.58 0.04745479054 0.002071920901)
(1.59 0.04745479054 0.002071920901)
(1.6 0.04745479054 0.002071920901)
(1.61 0.04745479055 0.002071920901)
(1.62 0.04745479054 0.002071920901)
(1.63 0.04745479054 0.002071920901)
(1.64 0.04745479055 0.002071920901)
(1.65 0.04745479054 0.002071920901)
(1.66 0.04745479054 0.002071920901)
(1.67 0.04745479055 0.002071920901)
(1.68 0.04745479054 0.002071920901)
(1.69 0.04745479055 0.002071920901)
(1.7 0.04745479055 0.002071920901)
(1.71 0.04745479054 0.002071920901)
(1.72 0.04745479055 0.002071920901)
(1.73 0.04745479054 0.002071920901)
(1.74 0.04745479054 0.002071920901)
(1.75 0.04745479054 0.002071920901)
(1.76 0.04745479054 0.002071920901)
(1.77 0.04745479055 0.002071920901)
(1.78 0.04745479054 0.002071920901)
(1.79 0.04745479054 0.002071920901)
(1.8 0.04745479054 0.002071920901)
(1.81 0.04745479054 0.002071920901)
(1.82 0.04745479055 0.002071920901)
(1.83 0.04745479055 0.002071920901)
(1.84 0.04745479054 0.002071920901)
(1.85 0.04745479054 0.002071920901)
(1.86 0.04745479055 0.002071920901)
(1.87 0.04745479054 0.002071920901)
(1.88 0.04745479055 0.002071920901)
(1.89 0.04745479054 0.002071920901)
(1.9 0.04745479054 0.002071920901)
(1.91 0.04745479054 0.002071920901)
(1.92 0.04745479055 0.002071920901)
(1.93 0.04745479055 0.002071920901)
(1.94 0.04745479055 0.002071920901)
(1.95 0.04745479054 0.002071920901)
(1.96 0.04745479054 0.002071920901)
(1.97 0.04745479054 0.002071920901)
(1.98 0.04745479055 0.002071920901)
(1.99 0.04745479055 0.002071920901)
(2 0.04745479055 0.002071920901)
(2.01 0.04745479055 0.002071920901)
(2.02 0.04745479054 0.002071920901)
(2.03 0.04745479054 0.002071920901)
(2.04 0.04745479054 0.002071920901)
(2.05 0.04745479054 0.002071920901)
(2.06 0.04745479054 0.002071920901)
(2.07 0.04745479055 0.002071920901)
(2.08 0.04745479055 0.002071920901)
(2.09 0.04745479055 0.002071920901)
(2.1 0.04745479055 0.002071920901)
(2.11 0.04745479054 0.002071920901)
(2.12 0.04745479055 0.002071920901)
(2.13 0.04745479054 0.002071920901)
(2.14 0.04745479054 0.002071920901)
(2.15 0.04745479054 0.002071920901)
(2.16 0.04745479055 0.002071920901)
(2.17 0.04745479054 0.002071920901)
(2.18 0.04745479055 0.002071920901)
(2.19 0.04745479055 0.002071920901)
(2.2 0.04745479055 0.002071920901)
(2.21 0.04745479055 0.002071920901)
(2.22 0.04745479054 0.002071920901)
(2.23 0.04745479055 0.002071920901)
(2.24 0.04745479054 0.002071920901)
(2.25 0.04745479054 0.002071920901)
(2.26 0.04745479055 0.002071920901)
(2.27 0.04745479054 0.002071920901)
(2.28 0.04745479055 0.002071920901)
(2.29 0.04745479055 0.002071920901)
(2.3 0.04745479055 0.002071920901)
(2.31 0.04745479055 0.002071920901)
(2.32 0.04745479055 0.002071920901)
(2.33 0.04745479054 0.002071920901)
(2.34 0.04745479054 0.002071920901)
(2.35 0.04745479054 0.002071920901)
(2.36 0.04745479055 0.002071920901)
(2.37 0.04745479055 0.002071920901)
(2.38 0.04745479054 0.002071920901)
(2.39 0.04745479055 0.002071920901)
(2.4 0.04745479055 0.002071920901)
(2.41 0.04745479055 0.002071920901)
(2.42 0.04745479055 0.002071920901)
(2.43 0.04745479054 0.002071920901)
(2.44 0.04745479055 0.002071920901)
(2.45 0.04745479054 0.002071920901)
(2.46 0.04745479054 0.002071920901)
(2.47 0.04745479055 0.002071920901)
(2.48 0.04745479054 0.002071920901)
(2.49 0.04745479055 0.002071920901)
(2.5 0.04745479054 0.002071920901)
(2.51 0.04745479055 0.002071920901)
(2.52 0.04745479055 0.002071920901)
(2.53 0.04745479055 0.002071920901)
(2.54 0.04745479054 0.002071920901)
(2.55 0.04745479055 0.002071920901)
(2.56 0.04745479054 0.002071920901)
(2.57 0.04745479054 0.002071920901)
(2.58 0.04745479055 0.002071920901)
(2.59 0.04745479054 0.002071920901)
(2.6 0.04745479055 0.002071920901)
(2.61 0.04745479055 0.002071920901)
(2.62 0.04745479054 0.002071920901)
(2.63 0.04745479055 0.002071920901)
(2.64 0.04745479055 0.002071920901)
(2.65 0.04745479055 0.002071920901)
(2.66 0.04745479054 0.002071920901)
(2.67 0.04745479054 0.002071920901)
(2.68 0.04745479054 0.002071920901)
(2.69 0.04745479055 0.002071920901)
(2.7 0.04745479054 0.002071920901)
(2.71 0.04745479054 0.002071920901)
(2.72 0.04745479054 0.002071920901)
(2.73 0.04745479055 0.002071920901)
(2.74 0.04745479055 0.002071920901)
(2.75 0.04745479054 0.002071920901)
(2.76 0.04745479055 0.002071920901)
(2.77 0.04745479054 0.002071920901)
(2.78 0.04745479054 0.002071920901)
(2.79 0.04745479055 0.002071920901)
(2.8 0.04745479054 0.002071920901)
(2.81 0.04745479055 0.002071920901)
(2.82 0.04745479054 0.002071920901)
(2.83 0.04745479055 0.002071920901)
(2.84 0.04745479055 0.002071920902)
(2.85 0.04745479055 0.002071920901)
(2.86 0.04745479055 0.002071920901)
(2.87 0.04745479054 0.002071920901)
(2.88 0.04745479055 0.002071920901)
(2.89 0.04745479054 0.002071920901)
(2.9 0.04745479055 0.002071920901)
(2.91 0.04745479054 0.002071920901)
(2.92 0.04745479054 0.002071920901)
(2.93 0.04745479055 0.002071920901)
(2.94 0.04745479055 0.002071920901)
(2.95 0.04745479055 0.002071920901)
(2.96 0.04745479055 0.002071920901)
(2.97 0.04745479055 0.002071920902)
(2.98 0.04745479054 0.002071920901)
(2.99 0.04745479054 0.002071920901)
(3 0.04745479054 0.002071920901)
(0 0.0499524111 0.00218096937)
(0.01 0.0499524111 0.00218096937)
(0.02 0.0499524111 0.00218096937)
(0.03 0.0499524111 0.00218096937)
(0.04 0.0499524111 0.00218096937)
(0.05 0.0499524111 0.00218096937)
(0.06 0.0499524111 0.00218096937)
(0.07 0.0499524111 0.00218096937)
(0.08 0.0499524111 0.00218096937)
(0.09 0.0499524111 0.00218096937)
(0.1 0.0499524111 0.00218096937)
(0.11 0.0499524111 0.00218096937)
(0.12 0.0499524111 0.00218096937)
(0.13 0.0499524111 0.00218096937)
(0.14 0.0499524111 0.00218096937)
(0.15 0.0499524111 0.00218096937)
(0.16 0.0499524111 0.00218096937)
(0.17 0.0499524111 0.00218096937)
(0.18 0.0499524111 0.00218096937)
(0.19 0.0499524111 0.00218096937)
(0.2 0.0499524111 0.00218096937)
(0.21 0.0499524111 0.00218096937)
(0.22 0.0499524111 0.00218096937)
(0.23 0.0499524111 0.00218096937)
(0.24 0.0499524111 0.00218096937)
(0.25 0.0499524111 0.00218096937)
(0.26 0.0499524111 0.00218096937)
(0.27 0.0499524111 0.00218096937)
(0.28 0.0499524111 0.00218096937)
(0.29 0.0499524111 0.00218096937)
(0.3 0.0499524111 0.00218096937)
(0.31 0.0499524111 0.00218096937)
(0.32 0.0499524111 0.00218096937)
(0.33 0.0499524111 0.00218096937)
(0.34 0.0499524111 0.00218096937)
(0.35 0.0499524111 0.00218096937)
(0.36 0.0499524111 0.00218096937)
(0.37 0.0499524111 0.00218096937)
(0.38 0.0499524111 0.00218096937)
(0.39 0.0499524111 0.00218096937)
(0.4 0.0499524111 0.00218096937)
(0.41 0.0499524111 0.00218096937)
(0.42 0.0499524111 0.00218096937)
(0.43 0.0499524111 0.00218096937)
(0.44 0.0499524111 0.00218096937)
(0.45 0.0499524111 0.00218096937)
(0.46 0.0499524111 0.00218096937)
(0.47 0.0499524111 0.00218096937)
(0.48 0.0499524111 0.00218096937)
(0.49 0.0499524111 0.00218096937)
(0.5 0.0499524111 0.00218096937)
(0.51 0.0499524111 0.00218096937)
(0.52 0.0499524111 0.00218096937)
(0.53 0.0499524111 0.00218096937)
(0.54 0.0499524111 0.00218096937)
(0.55 0.0499524111 0.00218096937)
(0.56 0.0499524111 0.00218096937)
(0.57 0.0499524111 0.00218096937)
(0.58 0.0499524111 0.00218096937)
(0.59 0.0499524111 0.00218096937)
(0.6 0.0499524111 0.00218096937)
(0.61 0.0499524111 0.00218096937)
(0.62 0.0499524111 0.00218096937)
(0.63 0.0499524111 0.00218096937)
(0.64 0.0499524111 0.00218096937)
(0.65 0.0499524111 0.00218096937)
(0.66 0.0499524111 0.00218096937)
(0.67 0.0499524111 0.00218096937)
(0.68 0.0499524111 0.00218096937)
(0.69 0.0499524111 0.00218096937)
(0.7 0.0499524111 0.00218096937)
(0.71 0.0499524111 0.00218096937)
(0.72 0.0499524111 0.00218096937)
(0.73 0.0499524111 0.00218096937)
(0.74 0.0499524111 0.00218096937)
(0.75 0.0499524111 0.00218096937)
(0.76 0.0499524111 0.00218096937)
(0.77 0.0499524111 0.00218096937)
(0.78 0.0499524111 0.00218096937)
(0.79 0.0499524111 0.00218096937)
(0.8 0.0499524111 0.00218096937)
(0.81 0.0499524111 0.00218096937)
(0.82 0.0499524111 0.00218096937)
(0.83 0.0499524111 0.00218096937)
(0.84 0.0499524111 0.00218096937)
(0.85 0.0499524111 0.00218096937)
(0.86 0.0499524111 0.00218096937)
(0.87 0.0499524111 0.00218096937)
(0.88 0.0499524111 0.00218096937)
(0.89 0.0499524111 0.00218096937)
(0.9 0.0499524111 0.00218096937)
(0.91 0.0499524111 0.00218096937)
(0.92 0.0499524111 0.00218096937)
(0.93 0.0499524111 0.00218096937)
(0.94 0.0499524111 0.00218096937)
(0.95 0.0499524111 0.00218096937)
(0.96 0.0499524111 0.00218096937)
(0.97 0.0499524111 0.00218096937)
(0.98 0.0499524111 0.00218096937)
(0.99 0.0499524111 0.00218096937)
(1 0.0499524111 0.00218096937)
(1.01 0.0499524111 0.00218096937)
(1.02 0.0499524111 0.00218096937)
(1.03 0.0499524111 0.00218096937)
(1.04 0.0499524111 0.00218096937)
(1.05 0.0499524111 0.00218096937)
(1.06 0.0499524111 0.00218096937)
(1.07 0.0499524111 0.00218096937)
(1.08 0.0499524111 0.00218096937)
(1.09 0.0499524111 0.00218096937)
(1.1 0.0499524111 0.00218096937)
(1.11 0.0499524111 0.00218096937)
(1.12 0.0499524111 0.00218096937)
(1.13 0.0499524111 0.00218096937)
(1.14 0.0499524111 0.00218096937)
(1.15 0.0499524111 0.00218096937)
(1.16 0.0499524111 0.00218096937)
(1.17 0.0499524111 0.00218096937)
(1.18 0.0499524111 0.00218096937)
(1.19 0.0499524111 0.00218096937)
(1.2 0.0499524111 0.00218096937)
(1.21 0.0499524111 0.00218096937)
(1.22 0.0499524111 0.00218096937)
(1.23 0.0499524111 0.00218096937)
(1.24 0.0499524111 0.00218096937)
(1.25 0.0499524111 0.00218096937)
(1.26 0.0499524111 0.00218096937)
(1.27 0.0499524111 0.00218096937)
(1.28 0.0499524111 0.00218096937)
(1.29 0.0499524111 0.00218096937)
(1.3 0.0499524111 0.00218096937)
(1.31 0.0499524111 0.00218096937)
(1.32 0.0499524111 0.00218096937)
(1.33 0.0499524111 0.00218096937)
(1.34 0.0499524111 0.00218096937)
(1.35 0.0499524111 0.00218096937)
(1.36 0.0499524111 0.00218096937)
(1.37 0.0499524111 0.00218096937)
(1.38 0.0499524111 0.00218096937)
(1.39 0.0499524111 0.00218096937)
(1.4 0.0499524111 0.00218096937)
(1.41 0.0499524111 0.00218096937)
(1.42 0.0499524111 0.00218096937)
(1.43 0.0499524111 0.00218096937)
(1.44 0.0499524111 0.00218096937)
(1.45 0.0499524111 0.00218096937)
(1.46 0.0499524111 0.00218096937)
(1.47 0.0499524111 0.00218096937)
(1.48 0.0499524111 0.00218096937)
(1.49 0.0499524111 0.00218096937)
(1.5 0.0499524111 0.00218096937)
(1.51 0.0499524111 0.00218096937)
(1.52 0.0499524111 0.00218096937)
(1.53 0.0499524111 0.00218096937)
(1.54 0.0499524111 0.00218096937)
(1.55 0.0499524111 0.00218096937)
(1.56 0.0499524111 0.00218096937)
(1.57 0.0499524111 0.00218096937)
(1.58 0.0499524111 0.00218096937)
(1.59 0.0499524111 0.00218096937)
(1.6 0.0499524111 0.00218096937)
(1.61 0.0499524111 0.00218096937)
(1.62 0.0499524111 0.00218096937)
(1.63 0.0499524111 0.00218096937)
(1.64 0.0499524111 0.00218096937)
(1.65 0.0499524111 0.00218096937)
(1.66 0.0499524111 0.00218096937)
(1.67 0.0499524111 0.00218096937)
(1.68 0.0499524111 0.00218096937)
(1.69 0.0499524111 0.00218096937)
(1.7 0.0499524111 0.00218096937)
(1.71 0.0499524111 0.00218096937)
(1.72 0.0499524111 0.00218096937)
(1.73 0.0499524111 0.00218096937)
(1.74 0.0499524111 0.00218096937)
(1.75 0.0499524111 0.00218096937)
(1.76 0.0499524111 0.00218096937)
(1.77 0.0499524111 0.00218096937)
(1.78 0.0499524111 0.00218096937)
(1.79 0.0499524111 0.00218096937)
(1.8 0.0499524111 0.00218096937)
(1.81 0.0499524111 0.00218096937)
(1.82 0.0499524111 0.00218096937)
(1.83 0.0499524111 0.00218096937)
(1.84 0.0499524111 0.00218096937)
(1.85 0.0499524111 0.00218096937)
(1.86 0.0499524111 0.00218096937)
(1.87 0.0499524111 0.00218096937)
(1.88 0.0499524111 0.00218096937)
(1.89 0.0499524111 0.00218096937)
(1.9 0.0499524111 0.00218096937)
(1.91 0.0499524111 0.00218096937)
(1.92 0.0499524111 0.00218096937)
(1.93 0.0499524111 0.00218096937)
(1.94 0.0499524111 0.00218096937)
(1.95 0.0499524111 0.00218096937)
(1.96 0.0499524111 0.00218096937)
(1.97 0.0499524111 0.00218096937)
(1.98 0.0499524111 0.00218096937)
(1.99 0.0499524111 0.00218096937)
(2 0.0499524111 0.00218096937)
(2.01 0.0499524111 0.00218096937)
(2.02 0.0499524111 0.00218096937)
(2.03 0.0499524111 0.00218096937)
(2.04 0.0499524111 0.00218096937)
(2.05 0.0499524111 0.00218096937)
(2.06 0.0499524111 0.00218096937)
(2.07 0.0499524111 0.00218096937)
(2.08 0.0499524111 0.00218096937)
(2.09 0.0499524111 0.00218096937)
(2.1 0.0499524111 0.00218096937)
(2.11 0.0499524111 0.00218096937)
(2.12 0.0499524111 0.00218096937)
(2.13 0.0499524111 0.00218096937)
(2.14 0.0499524111 0.00218096937)
(2.15 0.0499524111 0.00218096937)
(2.16 0.0499524111 0.00218096937)
(2.17 0.0499524111 0.00218096937)
(2.18 0.0499524111 0.00218096937)
(2.19 0.0499524111 0.00218096937)
(2.2 0.0499524111 0.00218096937)
(2.21 0.0499524111 0.00218096937)
(2.22 0.0499524111 0.00218096937)
(2.23 0.0499524111 0.00218096937)
(2.24 0.0499524111 0.00218096937)
(2.25 0.0499524111 0.00218096937)
(2.26 0.0499524111 0.00218096937)
(2.27 0.0499524111 0.00218096937)
(2.28 0.0499524111 0.00218096937)
(2.29 0.0499524111 0.00218096937)
(2.3 0.0499524111 0.00218096937)
(2.31 0.0499524111 0.00218096937)
(2.32 0.0499524111 0.00218096937)
(2.33 0.0499524111 0.00218096937)
(2.34 0.0499524111 0.00218096937)
(2.35 0.0499524111 0.00218096937)
(2.36 0.0499524111 0.00218096937)
(2.37 0.0499524111 0.00218096937)
(2.38 0.0499524111 0.00218096937)
(2.39 0.0499524111 0.00218096937)
(2.4 0.0499524111 0.00218096937)
(2.41 0.0499524111 0.00218096937)
(2.42 0.0499524111 0.00218096937)
(2.43 0.0499524111 0.00218096937)
(2.44 0.0499524111 0.00218096937)
(2.45 0.0499524111 0.00218096937)
(2.46 0.0499524111 0.00218096937)
(2.47 0.0499524111 0.00218096937)
(2.48 0.0499524111 0.00218096937)
(2.49 0.0499524111 0.00218096937)
(2.5 0.0499524111 0.00218096937)
(2.51 0.0499524111 0.00218096937)
(2.52 0.0499524111 0.00218096937)
(2.53 0.0499524111 0.00218096937)
(2.54 0.0499524111 0.00218096937)
(2.55 0.0499524111 0.00218096937)
(2.56 0.0499524111 0.00218096937)
(2.57 0.0499524111 0.00218096937)
(2.58 0.0499524111 0.00218096937)
(2.59 0.0499524111 0.00218096937)
(2.6 0.0499524111 0.00218096937)
(2.61 0.0499524111 0.00218096937)
(2.62 0.0499524111 0.00218096937)
(2.63 0.0499524111 0.00218096937)
(2.64 0.0499524111 0.00218096937)
(2.65 0.0499524111 0.00218096937)
(2.66 0.0499524111 0.00218096937)
(2.67 0.0499524111 0.00218096937)
(2.68 0.0499524111 0.00218096937)
(2.69 0.0499524111 0.00218096937)
(2.7 0.0499524111 0.00218096937)
(2.71 0.0499524111 0.00218096937)
(2.72 0.0499524111 0.00218096937)
(2.73 0.0499524111 0.00218096937)
(2.74 0.0499524111 0.00218096937)
(2.75 0.0499524111 0.00218096937)
(2.76 0.0499524111 0.00218096937)
(2.77 0.0499524111 0.00218096937)
(2.78 0.0499524111 0.00218096937)
(2.79 0.0499524111 0.00218096937)
(2.8 0.0499524111 0.00218096937)
(2.81 0.0499524111 0.00218096937)
(2.82 0.0499524111 0.00218096937)
(2.83 0.0499524111 0.00218096937)
(2.84 0.0499524111 0.00218096937)
(2.85 0.0499524111 0.00218096937)
(2.86 0.0499524111 0.00218096937)
(2.87 0.0499524111 0.00218096937)
(2.88 0.0499524111 0.00218096937)
(2.89 0.0499524111 0.00218096937)
(2.9 0.0499524111 0.00218096937)
(2.91 0.0499524111 0.00218096937)
(2.92 0.0499524111 0.00218096937)
(2.93 0.0499524111 0.00218096937)
(2.94 0.0499524111 0.00218096937)
(2.95 0.0499524111 0.00218096937)
(2.96 0.0499524111 0.00218096937)
(2.97 0.0499524111 0.00218096937)
(2.98 0.0499524111 0.00218096937)
(2.99 0.0499524111 0.00218096937)
(3 0.0499524111 0.00218096937)
)


// ************************************************************************* //
