    1C
    1UCalculiX 2.21 prescribed-base transient response                  
    1UUSER                                                              
    1UDATE              01.august.2026                                  
    1UTIME              02:22:33                                        
    1UHOST                                                              
    1UPGM               CalculiX                                        
    1UVERSION           Version 2.21                             
    1UCOMPILETIME       Sat Jul 29 10:52:01 CEST 2023                    
    1UDIR                                                               
    1UDBN                                                               
    1UMAT    1STEEL                                                     
    2C                            44                                     1
 -1         1 0.00000E+00 0.00000E+00 0.00000E+00
 -1         2 5.00000E+01 0.00000E+00 0.00000E+00
 -1         3 1.00000E+02 0.00000E+00 0.00000E+00
 -1         4 1.50000E+02 0.00000E+00 0.00000E+00
 -1         5 2.00000E+02 0.00000E+00 0.00000E+00
 -1         6 2.50000E+02 0.00000E+00 0.00000E+00
 -1         7 3.00000E+02 0.00000E+00 0.00000E+00
 -1         8 3.50000E+02 0.00000E+00 0.00000E+00
 -1         9 4.00000E+02 0.00000E+00 0.00000E+00
 -1        10 4.50000E+02 0.00000E+00 0.00000E+00
 -1        11 5.00000E+02 0.00000E+00 0.00000E+00
 -1       101 0.00000E+00 1.00000E+01 0.00000E+00
 -1       102 5.00000E+01 1.00000E+01 0.00000E+00
 -1       103 1.00000E+02 1.00000E+01 0.00000E+00
 -1       104 1.50000E+02 1.00000E+01 0.00000E+00
 -1       105 2.00000E+02 1.00000E+01 0.00000E+00
 -1       106 2.50000E+02 1.00000E+01 0.00000E+00
 -1       107 3.00000E+02 1.00000E+01 0.00000E+00
 -1       108 3.50000E+02 1.00000E+01 0.00000E+00
 -1       109 4.00000E+02 1.00000E+01 0.00000E+00
 -1       110 4.50000E+02 1.00000E+01 0.00000E+00
 -1       111 5.00000E+02 1.00000E+01 0.00000E+00
 -1       201 0.00000E+00 0.00000E+00 1.00000E+01
 -1       202 5.00000E+01 0.00000E+00 1.00000E+01
 -1       203 1.00000E+02 0.00000E+00 1.00000E+01
 -1       204 1.50000E+02 0.00000E+00 1.00000E+01
 -1       205 2.00000E+02 0.00000E+00 1.00000E+01
 -1       206 2.50000E+02 0.00000E+00 1.00000E+01
 -1       207 3.00000E+02 0.00000E+00 1.00000E+01
 -1       208 3.50000E+02 0.00000E+00 1.00000E+01
 -1       209 4.00000E+02 0.00000E+00 1.00000E+01
 -1       210 4.50000E+02 0.00000E+00 1.00000E+01
 -1       211 5.00000E+02 0.00000E+00 1.00000E+01
 -1       301 0.00000E+00 1.00000E+01 1.00000E+01
 -1       302 5.00000E+01 1.00000E+01 1.00000E+01
 -1       303 1.00000E+02 1.00000E+01 1.00000E+01
 -1       304 1.50000E+02 1.00000E+01 1.00000E+01
 -1       305 2.00000E+02 1.00000E+01 1.00000E+01
 -1       306 2.50000E+02 1.00000E+01 1.00000E+01
 -1       307 3.00000E+02 1.00000E+01 1.00000E+01
 -1       308 3.50000E+02 1.00000E+01 1.00000E+01
 -1       309 4.00000E+02 1.00000E+01 1.00000E+01
 -1       310 4.50000E+02 1.00000E+01 1.00000E+01
 -1       311 5.00000E+02 1.00000E+01 1.00000E+01
 -3
    3C                            10                                     1
 -1         1    1    0    1
 -2         1         2       102       101       201       202       302       301
 -1         2    1    0    1
 -2         2         3       103       102       202       203       303       302
 -1         3    1    0    1
 -2         3         4       104       103       203       204       304       303
 -1         4    1    0    1
 -2         4         5       105       104       204       205       305       304
 -1         5    1    0    1
 -2         5         6       106       105       205       206       306       305
 -1         6    1    0    1
 -2         6         7       107       106       206       207       307       306
 -1         7    1    0    1
 -2         7         8       108       107       207       208       308       307
 -1         8    1    0    1
 -2         8         9       109       108       208       209       309       308
 -1         9    1    0    1
 -2         9        10       110       109       209       210       310       309
 -1        10    1    0    1
 -2        10        11       111       110       210       211       311       310
 -3
    1PSTEP                         1           1           1          
  100CL  101 1.00000E-02           4                     1    1           1
 -4  DISP        4    1
 -5  D1          1    2    1    0
 -5  D2          1    2    2    0
 -5  D3          1    2    3    0
 -5  ALL         1    2    0    0    1ALL
 -1        11-1.85597E-05 5.74100E-04-1.42364E-10
 -1       111 1.85597E-05 5.74100E-04 1.42365E-10
 -1       211-1.85597E-05 5.74100E-04 1.42365E-10
 -1       311 1.85597E-05 5.74100E-04-1.42364E-10
 -3
    1PSTEP                         2           2           1          
  100CL  102 2.00000E-02           4                     1    2           1
 -4  DISP        4    1
 -5  D1          1    2    1    0
 -5  D2          1    2    2    0
 -5  D3          1    2    3    0
 -5  ALL         1    2    0    0    1ALL
 -1        11-2.14019E-06 3.98560E-03-4.61818E-10
 -1       111 2.14019E-06 3.98560E-03 4.61822E-10
 -1       211-2.14019E-06 3.98560E-03 4.61822E-10
 -1       311 2.14019E-06 3.98560E-03-4.61818E-10
 -3
    1PSTEP                         3           3           1          
  100CL  103 3.00000E-02           4                     1    3           1
 -4  DISP        4    1
 -5  D1          1    2    1    0
 -5  D2          1    2    2    0
 -5  D3          1    2    3    0
 -5  ALL         1    2    0    0    1ALL
 -1        11 2.13030E-05 7.35738E-03 9.55683E-10
 -1       111-2.13030E-05 7.35738E-03-9.55678E-10
 -1       211 2.13030E-05 7.35738E-03-9.55678E-10
 -1       311-2.13030E-05 7.35738E-03 9.55683E-10
 -3
    1PSTEP                         4           4           1          
  100CL  104 4.00000E-02           4                     1    4           1
 -4  DISP        4    1
 -5  D1          1    2    1    0
 -5  D2          1    2    2    0
 -5  D3          1    2    3    0
 -5  ALL         1    2    0    0    1ALL
 -1        11-6.30488E-06 7.72879E-03-6.28208E-10
 -1       111 6.30488E-06 7.72879E-03 6.28209E-10
 -1       211-6.30488E-06 7.72879E-03 6.28209E-10
 -1       311 6.30488E-06 7.72879E-03-6.28208E-10
 -3
    1PSTEP                         5           5           1          
  100CL  105 5.00000E-02           4                     1    5           1
 -4  DISP        4    1
 -5  D1          1    2    1    0
 -5  D2          1    2    2    0
 -5  D3          1    2    3    0
 -5  ALL         1    2    0    0    1ALL
 -1        11-1.38286E-05 8.82413E-03 1.26919E-10
 -1       111 1.38286E-05 8.82413E-03-1.26922E-10
 -1       211-1.38286E-05 8.82413E-03-1.26922E-10
 -1       311 1.38286E-05 8.82413E-03 1.26919E-10
 -3
    1PSTEP                         6           6           1          
  100CL  106 6.00000E-02           4                     1    6           1
 -4  DISP        4    1
 -5  D1          1    2    1    0
 -5  D2          1    2    2    0
 -5  D3          1    2    3    0
 -5  ALL         1    2    0    0    1ALL
 -1        11-3.77794E-07 1.21136E-02-2.73844E-10
 -1       111 3.77794E-07 1.21136E-02 2.73846E-10
 -1       211-3.77794E-07 1.21136E-02 2.73846E-10
 -1       311 3.77794E-07 1.21136E-02-2.73844E-10
 -3
    1PSTEP                         7           7           1          
  100CL  107 7.00000E-02           4                     1    7           1
 -4  DISP        4    1
 -5  D1          1    2    1    0
 -5  D2          1    2    2    0
 -5  D3          1    2    3    0
 -5  ALL         1    2    0    0    1ALL
 -1        11 1.70753E-05 1.51276E-02 4.49335E-10
 -1       111-1.70753E-05 1.51276E-02-4.49330E-10
 -1       211 1.70753E-05 1.51276E-02-4.49330E-10
 -1       311-1.70753E-05 1.51276E-02 4.49335E-10
 -3
    1PSTEP                         8           8           1          
  100CL  108 8.00000E-02           4                     1    8           1
 -4  DISP        4    1
 -5  D1          1    2    1    0
 -5  D2          1    2    2    0
 -5  D3          1    2    3    0
 -5  ALL         1    2    0    0    1ALL
 -1        11-5.28564E-06 1.56706E-02-4.44664E-13
 -1       111 5.28564E-06 1.56706E-02 4.41680E-13
 -1       211-5.28564E-06 1.56706E-02 4.41682E-13
 -1       311 5.28564E-06 1.56706E-02-4.44665E-13
 -3
    1PSTEP                         9           9           1          
  100CL  109 9.00000E-02           4                     1    9           1
 -4  DISP        4    1
 -5  D1          1    2    1    0
 -5  D2          1    2    2    0
 -5  D3          1    2    3    0
 -5  ALL         1    2    0    0    1ALL
 -1        11-1.43620E-05 1.69513E-02-5.91354E-10
 -1       111 1.43620E-05 1.69513E-02 5.91348E-10
 -1       211-1.43620E-05 1.69513E-02 5.91348E-10
 -1       311 1.43620E-05 1.69513E-02-5.91354E-10
 -3
    1PSTEP                        10          10           1          
  100CL  110 1.00000E-01           4                     1   10           1
 -4  DISP        4    1
 -5  D1          1    2    1    0
 -5  D2          1    2    2    0
 -5  D3          1    2    3    0
 -5  ALL         1    2    0    0    1ALL
 -1        11 4.33308E-06 2.02762E-02 5.45788E-10
 -1       111-4.33308E-06 2.02762E-02-5.45786E-10
 -1       211 4.33308E-06 2.02762E-02-5.45786E-10
 -1       311-4.33308E-06 2.02762E-02 5.45788E-10
 -3
    1PSTEP                        11          11           1          
  100CL  111 1.10000E-01           4                     1   11           1
 -4  DISP        4    1
 -5  D1          1    2    1    0
 -5  D2          1    2    2    0
 -5  D3          1    2    3    0
 -5  ALL         1    2    0    0    1ALL
 -1        11 1.12049E-05 2.28736E-02-3.31341E-10
 -1       111-1.12049E-05 2.28736E-02 3.31344E-10
 -1       211 1.12049E-05 2.28736E-02 3.31344E-10
 -1       311-1.12049E-05 2.28736E-02-3.31341E-10
 -3
    1PSTEP                        12          12           1          
  100CL  112 1.20000E-01           4                     1   12           1
 -4  DISP        4    1
 -5  D1          1    2    1    0
 -5  D2          1    2    2    0
 -5  D3          1    2    3    0
 -5  ALL         1    2    0    0    1ALL
 -1        11-3.44467E-06 2.36569E-02 5.72008E-10
 -1       111 3.44467E-06 2.36569E-02-5.72012E-10
 -1       211-3.44467E-06 2.36569E-02-5.72012E-10
 -1       311 3.44467E-06 2.36569E-02 5.72008E-10
 -3
    1PSTEP                        13          13           1          
  100CL  113 1.30000E-01           4                     1   13           1
 -4  DISP        4    1
 -5  D1          1    2    1    0
 -5  D2          1    2    2    0
 -5  D3          1    2    3    0
 -5  ALL         1    2    0    0    1ALL
 -1        11-1.41284E-05 2.50808E-02-9.56663E-10
 -1       111 1.41284E-05 2.50808E-02 9.56661E-10
 -1       211-1.41284E-05 2.50808E-02 9.56661E-10
 -1       311 1.41284E-05 2.50808E-02-9.56663E-10
 -3
    1PSTEP                        14          14           1          
  100CL  114 1.40000E-01           4                     1   14           1
 -4  DISP        4    1
 -5  D1          1    2    1    0
 -5  D2          1    2    2    0
 -5  D3          1    2    3    0
 -5  ALL         1    2    0    0    1ALL
 -1        11 6.57926E-06 2.83655E-02 7.80906E-10
 -1       111-6.57926E-06 2.83655E-02-7.80900E-10
 -1       211 6.57926E-06 2.83655E-02-7.80900E-10
 -1       311-6.57926E-06 2.83655E-02 7.80906E-10
 -3
    1PSTEP                        15          15           1          
  100CL  115 1.50000E-01           4                     1   15           1
 -4  DISP        4    1
 -5  D1          1    2    1    0
 -5  D2          1    2    2    0
 -5  D3          1    2    3    0
 -5  ALL         1    2    0    0    1ALL
 -1        11 8.23507E-06 3.06915E-02-4.00583E-10
 -1       111-8.23507E-06 3.06915E-02 4.00587E-10
 -1       211 8.23507E-06 3.06915E-02 4.00587E-10
 -1       311-8.23507E-06 3.06915E-02-4.00583E-10
 -3
    1PSTEP                        16          16           1          
  100CL  116 1.60000E-01           4                     1   16           1
 -4  DISP        4    1
 -5  D1          1    2    1    0
 -5  D2          1    2    2    0
 -5  D3          1    2    3    0
 -5  ALL         1    2    0    0    1ALL
 -1        11-4.12626E-06 3.16128E-02 4.01480E-10
 -1       111 4.12626E-06 3.16128E-02-4.01486E-10
 -1       211-4.12626E-06 3.16128E-02-4.01486E-10
 -1       311 4.12626E-06 3.16128E-02 4.01480E-10
 -3
    1PSTEP                        17          17           1          
  100CL  117 1.70000E-01           4                     1   17           1
 -4  DISP        4    1
 -5  D1          1    2    1    0
 -5  D2          1    2    2    0
 -5  D3          1    2    3    0
 -5  ALL         1    2    0    0    1ALL
 -1        11-1.12707E-05 3.32509E-02-6.07858E-10
 -1       111 1.12707E-05 3.32509E-02 6.07854E-10
 -1       211-1.12707E-05 3.32509E-02 6.07854E-10
 -1       311 1.12707E-05 3.32509E-02-6.07858E-10
 -3
    1PSTEP                        18          18           1          
  100CL  118 1.80000E-01           4                     1   18           1
 -4  DISP        4    1
 -5  D1          1    2    1    0
 -5  D2          1    2    2    0
 -5  D3          1    2    3    0
 -5  ALL         1    2    0    0    1ALL
 -1        11 5.90289E-06 3.63759E-02 3.83539E-10
 -1       111-5.90289E-06 3.63759E-02-3.83533E-10
 -1       211 5.90289E-06 3.63759E-02-3.83533E-10
 -1       311-5.90289E-06 3.63759E-02 3.83539E-10
 -3
    1PSTEP                        19          19           1          
  100CL  119 1.90000E-01           4                     1   19           1
 -4  DISP        4    1
 -5  D1          1    2    1    0
 -5  D2          1    2    2    0
 -5  D3          1    2    3    0
 -5  ALL         1    2    0    0    1ALL
 -1        11 7.57067E-06 3.85703E-02 2.18882E-11
 -1       111-7.57067E-06 3.85703E-02-2.18827E-11
 -1       211 7.57067E-06 3.85703E-02-2.18827E-11
 -1       311-7.57067E-06 3.85703E-02 2.18882E-11
 -3
    1PSTEP                        20          20           1          
  100CL  120 2.00000E-01           4                     1   20           1
 -4  DISP        4    1
 -5  D1          1    2    1    0
 -5  D2          1    2    2    0
 -5  D3          1    2    3    0
 -5  ALL         1    2    0    0    1ALL
 -1        11-5.91249E-06 3.95622E-02-8.59794E-11
 -1       111 5.91249E-06 3.95622E-02 8.59744E-11
 -1       211-5.91249E-06 3.95622E-02 8.59744E-11
 -1       311 5.91249E-06 3.95622E-02-8.59794E-11
 -3
    1PSTEP                        21          21           1          
  100CL  121 2.10000E-01           4                     1   21           1
 -4  DISP        4    1
 -5  D1          1    2    1    0
 -5  D2          1    2    2    0
 -5  D3          1    2    3    0
 -5  ALL         1    2    0    0    1ALL
 -1        11-7.89506E-06 4.14188E-02-1.08428E-10
 -1       111 7.89506E-06 4.14188E-02 1.08424E-10
 -1       211-7.89506E-06 4.14188E-02 1.08424E-10
 -1       311 7.89506E-06 4.14188E-02-1.08428E-10
 -3
    1PSTEP                        22          22           1          
  100CL  122 2.20000E-01           4                     1   22           1
 -4  DISP        4    1
 -5  D1          1    2    1    0
 -5  D2          1    2    2    0
 -5  D3          1    2    3    0
 -5  ALL         1    2    0    0    1ALL
 -1        11 4.77988E-06 4.43620E-02-1.94712E-11
 -1       111-4.77988E-06 4.43620E-02 1.94772E-11
 -1       211 4.77988E-06 4.43620E-02 1.94772E-11
 -1       311-4.77988E-06 4.43620E-02-1.94712E-11
 -3
    1PSTEP                        23          23           1          
  100CL  123 2.30000E-01           4                     1   23           1
 -4  DISP        4    1
 -5  D1          1    2    1    0
 -5  D2          1    2    2    0
 -5  D3          1    2    3    0
 -5  ALL         1    2    0    0    1ALL
 -1        11 6.79976E-06 4.64605E-02 3.16892E-10
 -1       111-6.79976E-06 4.64605E-02-3.16887E-10
 -1       211 6.79976E-06 4.64605E-02-3.16887E-10
 -1       311-6.79976E-06 4.64605E-02 3.16892E-10
 -3
    1PSTEP                        24          24           1          
  100CL  124 2.40000E-01           4                     1   24           1
 -4  DISP        4    1
 -5  D1          1    2    1    0
 -5  D2          1    2    2    0
 -5  D3          1    2    3    0
 -5  ALL         1    2    0    0    1ALL
 -1        11-6.68540E-06 4.75450E-02-3.34938E-10
 -1       111 6.68540E-06 4.75450E-02 3.34932E-10
 -1       211-6.68540E-06 4.75450E-02 3.34932E-10
 -1       311 6.68540E-06 4.75450E-02-3.34938E-10
 -3
    1PSTEP                        25          25           1          
  100CL  125 2.50000E-01           4                     1   25           1
 -4  DISP        4    1
 -5  D1          1    2    1    0
 -5  D2          1    2    2    0
 -5  D3          1    2    3    0
 -5  ALL         1    2    0    0    1ALL
 -1        11-5.79579E-06 4.95477E-02 8.79710E-11
 -1       111 5.79579E-06 4.95477E-02-8.79742E-11
 -1       211-5.79579E-06 4.95477E-02-8.79742E-11
 -1       311 5.79579E-06 4.95477E-02 8.79710E-11
 -3
    1PSTEP                        26          26           1          
  100CL  126 2.60000E-01           4                     1   26           1
 -4  DISP        4    1
 -5  D1          1    2    1    0
 -5  D2          1    2    2    0
 -5  D3          1    2    3    0
 -5  ALL         1    2    0    0    1ALL
 -1        11 4.58200E-06 5.23554E-02-1.00612E-10
 -1       111-4.58200E-06 5.23554E-02 1.00619E-10
 -1       211 4.58200E-06 5.23554E-02 1.00619E-10
 -1       311-4.58200E-06 5.23554E-02-1.00612E-10
 -3
    1PSTEP                        27          27           1          
  100CL  127 2.70000E-01           4                     1   27           1
 -4  DISP        4    1
 -5  D1          1    2    1    0
 -5  D2          1    2    2    0
 -5  D3          1    2    3    0
 -5  ALL         1    2    0    0    1ALL
 -1        11 5.14309E-06 5.43458E-02 2.94199E-10
 -1       111-5.14309E-06 5.43458E-02-2.94194E-10
 -1       211 5.14309E-06 5.43458E-02-2.94194E-10
 -1       311-5.14309E-06 5.43458E-02 2.94199E-10
 -3
    1PSTEP                        28          28           1          
  100CL  128 2.80000E-01           4                     1   28           1
 -4  DISP        4    1
 -5  D1          1    2    1    0
 -5  D2          1    2    2    0
 -5  D3          1    2    3    0
 -5  ALL         1    2    0    0    1ALL
 -1        11-6.25082E-06 5.55620E-02-2.86914E-10
 -1       111 6.25082E-06 5.55620E-02 2.86908E-10
 -1       211-6.25082E-06 5.55620E-02 2.86908E-10
 -1       311 6.25082E-06 5.55620E-02-2.86914E-10
 -3
    1PSTEP                        29          29           1          
  100CL  129 2.90000E-01           4                     1   29           1
 -4  DISP        4    1
 -5  D1          1    2    1    0
 -5  D2          1    2    2    0
 -5  D3          1    2    3    0
 -5  ALL         1    2    0    0    1ALL
 -1        11-4.76966E-06 5.76425E-02 3.50714E-11
 -1       111 4.76966E-06 5.76425E-02-3.50745E-11
 -1       211-4.76966E-06 5.76425E-02-3.50745E-11
 -1       311 4.76966E-06 5.76425E-02 3.50714E-11
 -3
    1PSTEP                        30          30           1          
  100CL  130 3.00000E-01           4                     1   30           1
 -4  DISP        4    1
 -5  D1          1    2    1    0
 -5  D2          1    2    2    0
 -5  D3          1    2    3    0
 -5  ALL         1    2    0    0    1ALL
 -1        11 4.82465E-06 6.03494E-02-8.13970E-13
 -1       111-4.82465E-06 6.03494E-02 8.22525E-13
 -1       211 4.82465E-06 6.03494E-02 8.22527E-13
 -1       311-4.82465E-06 6.03494E-02-8.13972E-13
 -3
    1PSTEP                        31          31           1          
  100CL  131 3.10000E-01           4                     1   31           1
 -4  DISP        4    1
 -5  D1          1    2    1    0
 -5  D2          1    2    2    0
 -5  D3          1    2    3    0
 -5  ALL         1    2    0    0    1ALL
 -1        11 3.36463E-06 6.22409E-02 1.55689E-10
 -1       111-3.36463E-06 6.22409E-02-1.55685E-10
 -1       211 3.36463E-06 6.22409E-02-1.55685E-10
 -1       311-3.36463E-06 6.22409E-02 1.55689E-10
 -3
    1PSTEP                        32          32           1          
  100CL  132 3.20000E-01           4                     1   32           1
 -4  DISP        4    1
 -5  D1          1    2    1    0
 -5  D2          1    2    2    0
 -5  D3          1    2    3    0
 -5  ALL         1    2    0    0    1ALL
 -1        11-5.55934E-06 6.35908E-02-1.76079E-10
 -1       111 5.55934E-06 6.35908E-02 1.76072E-10
 -1       211-5.55934E-06 6.35908E-02 1.76072E-10
 -1       311 5.55934E-06 6.35908E-02-1.76079E-10
 -3
    1PSTEP                        33          33           1          
  100CL  133 3.30000E-01           4                     1   33           1
 -4  DISP        4    1
 -5  D1          1    2    1    0
 -5  D2          1    2    2    0
 -5  D3          1    2    3    0
 -5  ALL         1    2    0    0    1ALL
 -1        11-3.88957E-06 6.57230E-02-2.96775E-11
 -1       111 3.88957E-06 6.57230E-02 2.96755E-11
 -1       211-3.88957E-06 6.57230E-02 2.96755E-11
 -1       311 3.88957E-06 6.57230E-02-2.96774E-11
 -3
    1PSTEP                        34          34           1          
  100CL  134 3.40000E-01           4                     1   34           1
 -4  DISP        4    1
 -5  D1          1    2    1    0
 -5  D2          1    2    2    0
 -5  D3          1    2    3    0
 -5  ALL         1    2    0    0    1ALL
 -1        11 4.72197E-06 6.83301E-02 6.21814E-11
 -1       111-4.72197E-06 6.83301E-02-6.21738E-11
 -1       211 4.72197E-06 6.83301E-02-6.21738E-11
 -1       311-4.72197E-06 6.83301E-02 6.21814E-11
 -3
    1PSTEP                        35          35           1          
  100CL  135 3.50000E-01           4                     1   35           1
 -4  DISP        4    1
 -5  D1          1    2    1    0
 -5  D2          1    2    2    0
 -5  D3          1    2    3    0
 -5  ALL         1    2    0    0    1ALL
 -1        11 2.13655E-06 7.01586E-02 8.47648E-11
 -1       111-2.13655E-06 7.01586E-02-8.47628E-11
 -1       211 2.13655E-06 7.01586E-02-8.47628E-11
 -1       311-2.13655E-06 7.01586E-02 8.47648E-11
 -3
    1PSTEP                        36          36           1          
  100CL  136 3.60000E-01           4                     1   36           1
 -4  DISP        4    1
 -5  D1          1    2    1    0
 -5  D2          1    2    2    0
 -5  D3          1    2    3    0
 -5  ALL         1    2    0    0    1ALL
 -1        11-5.16060E-06 7.16182E-02-1.41911E-10
 -1       111 5.16060E-06 7.16182E-02 1.41903E-10
 -1       211-5.16060E-06 7.16182E-02 1.41903E-10
 -1       311 5.16060E-06 7.16182E-02-1.41911E-10
 -3
    1PSTEP                        37          37           1          
  100CL  137 3.70000E-01           4                     1   37           1
 -4  DISP        4    1
 -5  D1          1    2    1    0
 -5  D2          1    2    2    0
 -5  D3          1    2    3    0
 -5  ALL         1    2    0    0    1ALL
 -1        11-2.82909E-06 7.37967E-02-1.65696E-11
 -1       111 2.82909E-06 7.37967E-02 1.65679E-11
 -1       211-2.82909E-06 7.37967E-02 1.65679E-11
 -1       311 2.82909E-06 7.37967E-02-1.65696E-11
 -3
    1PSTEP                        38          38           1          
  100CL  138 3.80000E-01           4                     1   38           1
 -4  DISP        4    1
 -5  D1          1    2    1    0
 -5  D2          1    2    2    0
 -5  D3          1    2    3    0
 -5  ALL         1    2    0    0    1ALL
 -1        11 4.19849E-06 7.62983E-02 4.77646E-11
 -1       111-4.19849E-06 7.62983E-02-4.77564E-11
 -1       211 4.19849E-06 7.62983E-02-4.77564E-11
 -1       311-4.19849E-06 7.62983E-02 4.77646E-11
 -3
    1PSTEP                        39          39           1          
  100CL  139 3.90000E-01           4                     1   39           1
 -4  DISP        4    1
 -5  D1          1    2    1    0
 -5  D2          1    2    2    0
 -5  D3          1    2    3    0
 -5  ALL         1    2    0    0    1ALL
 -1        11 1.38466E-06 7.80964E-02 8.03030E-11
 -1       111-1.38466E-06 7.80964E-02-8.03014E-11
 -1       211 1.38466E-06 7.80964E-02-8.03014E-11
 -1       311-1.38466E-06 7.80964E-02 8.03030E-11
 -3
    1PSTEP                        40          40           1          
  100CL  140 4.00000E-01           4                     1   40           1
 -4  DISP        4    1
 -5  D1          1    2    1    0
 -5  D2          1    2    2    0
 -5  D3          1    2    3    0
 -5  ALL         1    2    0    0    1ALL
 -1        11-4.90342E-06 7.96455E-02-1.51050E-10
 -1       111 4.90342E-06 7.96455E-02 1.51044E-10
 -1       211-4.90342E-06 7.96455E-02 1.51044E-10
 -1       311 4.90342E-06 7.96455E-02-1.51050E-10
 -3
    1PSTEP                        41          41           1          
  100CL  141 4.10000E-01           4                     1   41           1
 -4  DISP        4    1
 -5  D1          1    2    1    0
 -5  D2          1    2    2    0
 -5  D3          1    2    3    0
 -5  ALL         1    2    0    0    1ALL
 -1        11-1.84339E-06 8.18595E-02 1.76837E-11
 -1       111 1.84339E-06 8.18595E-02-1.76827E-11
 -1       211-1.84339E-06 8.18595E-02-1.76828E-11
 -1       311 1.84339E-06 8.18595E-02 1.76837E-11
 -3
    1PSTEP                        42          42           1          
  100CL  142 4.20000E-01           4                     1   42           1
 -4  DISP        4    1
 -5  D1          1    2    1    0
 -5  D2          1    2    2    0
 -5  D3          1    2    3    0
 -5  ALL         1    2    0    0    1ALL
 -1        11 3.60762E-06 8.42629E-02 2.61473E-11
 -1       111-3.60762E-06 8.42629E-02-2.61404E-11
 -1       211 3.60762E-06 8.42629E-02-2.61404E-11
 -1       311-3.60762E-06 8.42629E-02 2.61473E-11
 -3
    1PSTEP                        43          43           1          
  100CL  143 4.30000E-01           4                     1   43           1
 -4  DISP        4    1
 -5  D1          1    2    1    0
 -5  D2          1    2    2    0
 -5  D3          1    2    3    0
 -5  ALL         1    2    0    0    1ALL
 -1        11 7.60084E-07 8.60458E-02 6.97644E-11
 -1       111-7.60084E-07 8.60458E-02-6.97630E-11
 -1       211 7.60084E-07 8.60458E-02-6.97630E-11
 -1       311-7.60084E-07 8.60458E-02 6.97644E-11
 -3
    1PSTEP                        44          44           1          
  100CL  144 4.40000E-01           4                     1   44           1
 -4  DISP        4    1
 -5  D1          1    2    1    0
 -5  D2          1    2    2    0
 -5  D3          1    2    3    0
 -5  ALL         1    2    0    0    1ALL
 -1        11-4.51599E-06 8.76769E-02-1.37708E-10
 -1       111 4.51599E-06 8.76769E-02 1.37705E-10
 -1       211-4.51599E-06 8.76769E-02 1.37705E-10
 -1       311 4.51599E-06 8.76769E-02-1.37708E-10
 -3
    1PSTEP                        45          45           1          
  100CL  145 4.50000E-01           4                     1   45           1
 -4  DISP        4    1
 -5  D1          1    2    1    0
 -5  D2          1    2    2    0
 -5  D3          1    2    3    0
 -5  ALL         1    2    0    0    1ALL
 -1        11-1.15795E-06 8.99076E-02 1.90023E-11
 -1       111 1.15795E-06 8.99076E-02-1.90002E-11
 -1       211-1.15795E-06 8.99076E-02-1.90002E-11
 -1       311 1.15795E-06 8.99076E-02 1.90022E-11
 -3
    1PSTEP                        46          46           1          
  100CL  146 4.60000E-01           4                     1   46           1
 -4  DISP        4    1
 -5  D1          1    2    1    0
 -5  D2          1    2    2    0
 -5  D3          1    2    3    0
 -5  ALL         1    2    0    0    1ALL
 -1        11 3.15265E-06 9.22295E-02 3.67350E-11
 -1       111-3.15265E-06 9.22295E-02-3.67274E-11
 -1       211 3.15265E-06 9.22295E-02-3.67274E-11
 -1       311-3.15265E-06 9.22295E-02 3.67350E-11
 -3
    1PSTEP                        47          47           1          
  100CL  147 4.70000E-01           4                     1   47           1
 -4  DISP        4    1
 -5  D1          1    2    1    0
 -5  D2          1    2    2    0
 -5  D3          1    2    3    0
 -5  ALL         1    2    0    0    1ALL
 -1        11 1.37009E-07 9.40030E-02 3.09567E-11
 -1       111-1.37009E-07 9.40030E-02-3.09566E-11
 -1       211 1.37009E-07 9.40030E-02-3.09566E-11
 -1       311-1.37009E-07 9.40030E-02 3.09566E-11
 -3
    1PSTEP                        48          48           1          
  100CL  148 4.80000E-01           4                     1   48           1
 -4  DISP        4    1
 -5  D1          1    2    1    0
 -5  D2          1    2    2    0
 -5  D3          1    2    3    0
 -5  ALL         1    2    0    0    1ALL
 -1        11-3.98701E-06 9.57117E-02-9.72106E-11
 -1       111 3.98701E-06 9.57117E-02 9.72042E-11
 -1       211-3.98701E-06 9.57117E-02 9.72042E-11
 -1       311 3.98701E-06 9.57117E-02-9.72106E-11
 -3
    1PSTEP                        49          49           1          
  100CL  149 4.90000E-01           4                     1   49           1
 -4  DISP        4    1
 -5  D1          1    2    1    0
 -5  D2          1    2    2    0
 -5  D3          1    2    3    0
 -5  ALL         1    2    0    0    1ALL
 -1        11-7.22298E-07 9.79433E-02-2.83147E-12
 -1       111 7.22298E-07 9.79433E-02 2.83152E-12
 -1       211-7.22298E-07 9.79433E-02 2.83155E-12
 -1       311 7.22298E-07 9.79433E-02-2.83150E-12
 -3
    1PSTEP                        50          50           1          
  100CL  150 5.00000E-01           4                     1   50           1
 -4  DISP        4    1
 -5  D1          1    2    1    0
 -5  D2          1    2    2    0
 -5  D3          1    2    3    0
 -5  ALL         1    2    0    0    1ALL
 -1        11 2.77417E-06 1.00198E-01 5.93513E-11
 -1       111-2.77417E-06 1.00198E-01-5.93445E-11
 -1       211 2.77417E-06 1.00198E-01-5.93445E-11
 -1       311-2.77417E-06 1.00198E-01 5.93513E-11
 -3
    1PSTEP                        51          51           1          
  100CL  151 5.10000E-01           4                     1   51           1
 -4  DISP        4    1
 -5  D1          1    2    1    0
 -5  D2          1    2    2    0
 -5  D3          1    2    3    0
 -5  ALL         1    2    0    0    1ALL
 -1        11 3.67253E-05 1.00821E-01 2.76144E-10
 -1       111-3.67253E-05 1.00821E-01-2.76144E-10
 -1       211 3.67253E-05 1.00821E-01-2.76144E-10
 -1       311-3.67253E-05 1.00821E-01 2.76144E-10
 -3
    1PSTEP                        52          52           1          
  100CL  152 5.20000E-01           4                     1   52           1
 -4  DISP        4    1
 -5  D1          1    2    1    0
 -5  D2          1    2    2    0
 -5  D3          1    2    3    0
 -5  ALL         1    2    0    0    1ALL
 -1        11 8.19950E-07 9.57748E-02 8.62321E-10
 -1       111-8.19950E-07 9.57748E-02-8.62325E-10
 -1       211 8.19950E-07 9.57748E-02-8.62325E-10
 -1       311-8.19950E-07 9.57748E-02 8.62321E-10
 -3
    1PSTEP                        53          53           1          
  100CL  153 5.30000E-01           4                     1   53           1
 -4  DISP        4    1
 -5  D1          1    2    1    0
 -5  D2          1    2    2    0
 -5  D3          1    2    3    0
 -5  ALL         1    2    0    0    1ALL
 -1        11-4.29936E-05 9.12557E-02-1.92750E-09
 -1       111 4.29936E-05 9.12557E-02 1.92751E-09
 -1       211-4.29936E-05 9.12557E-02 1.92751E-09
 -1       311 4.29936E-05 9.12557E-02-1.92750E-09
 -3
    1PSTEP                        54          54           1          
  100CL  154 5.40000E-01           4                     1   54           1
 -4  DISP        4    1
 -5  D1          1    2    1    0
 -5  D2          1    2    2    0
 -5  D3          1    2    3    0
 -5  ALL         1    2    0    0    1ALL
 -1        11 1.49787E-05 9.27087E-02 1.32266E-09
 -1       111-1.49787E-05 9.27087E-02-1.32265E-09
 -1       211 1.49787E-05 9.27087E-02-1.32265E-09
 -1       311-1.49787E-05 9.27087E-02 1.32266E-09
 -3
    1PSTEP                        55          55           1          
  100CL  155 5.50000E-01           4                     1   55           1
 -4  DISP        4    1
 -5  D1          1    2    1    0
 -5  D2          1    2    2    0
 -5  D3          1    2    3    0
 -5  ALL         1    2    0    0    1ALL
 -1        11 2.69012E-05 9.22958E-02-2.80471E-10
 -1       111-2.69012E-05 9.22958E-02 2.80468E-10
 -1       211 2.69012E-05 9.22958E-02 2.80468E-10
 -1       311-2.69012E-05 9.22958E-02-2.80471E-10
 -3
    1PSTEP                        56          56           1          
  100CL  156 5.60000E-01           4                     1   56           1
 -4  DISP        4    1
 -5  D1          1    2    1    0
 -5  D2          1    2    2    0
 -5  D3          1    2    3    0
 -5  ALL         1    2    0    0    1ALL
 -1        11-2.26242E-06 8.75502E-02 5.01498E-10
 -1       111 2.26242E-06 8.75502E-02-5.01505E-10
 -1       211-2.26242E-06 8.75502E-02-5.01505E-10
 -1       311 2.26242E-06 8.75502E-02 5.01498E-10
 -3
    1PSTEP                        57          57           1          
  100CL  157 5.70000E-01           4                     1   57           1
 -4  DISP        4    1
 -5  D1          1    2    1    0
 -5  D2          1    2    2    0
 -5  D3          1    2    3    0
 -5  ALL         1    2    0    0    1ALL
 -1        11-3.42443E-05 8.37362E-02-9.10511E-10
 -1       111 3.42443E-05 8.37362E-02 9.10511E-10
 -1       211-3.42443E-05 8.37362E-02 9.10512E-10
 -1       311 3.42443E-05 8.37362E-02-9.10511E-10
 -3
    1PSTEP                        58          58           1          
  100CL  158 5.80000E-01           4                     1   58           1
 -4  DISP        4    1
 -5  D1          1    2    1    0
 -5  D2          1    2    2    0
 -5  D3          1    2    3    0
 -5  ALL         1    2    0    0    1ALL
 -1        11 1.25048E-05 8.47945E-02 5.67039E-11
 -1       111-1.25048E-05 8.47945E-02-5.66991E-11
 -1       211 1.25048E-05 8.47945E-02-5.66991E-11
 -1       311-1.25048E-05 8.47945E-02 5.67039E-11
 -3
    1PSTEP                        59          59           1          
  100CL  159 5.90000E-01           4                     1   59           1
 -4  DISP        4    1
 -5  D1          1    2    1    0
 -5  D2          1    2    2    0
 -5  D3          1    2    3    0
 -5  ALL         1    2    0    0    1ALL
 -1        11 2.77462E-05 8.40242E-02 1.15494E-09
 -1       111-2.77462E-05 8.40242E-02-1.15494E-09
 -1       211 2.77462E-05 8.40242E-02-1.15494E-09
 -1       311-2.77462E-05 8.40242E-02 1.15494E-09
 -3
    1PSTEP                        60          60           1          
  100CL  160 6.00000E-01           4                     1   60           1
 -4  DISP        4    1
 -5  D1          1    2    1    0
 -5  D2          1    2    2    0
 -5  D3          1    2    3    0
 -5  ALL         1    2    0    0    1ALL
 -1        11-1.13045E-05 7.92537E-02-1.13469E-09
 -1       111 1.13045E-05 7.92537E-02 1.13468E-09
 -1       211-1.13045E-05 7.92537E-02 1.13468E-09
 -1       311 1.13045E-05 7.92537E-02-1.13469E-09
 -3
    1PSTEP                        61          61           1          
  100CL  161 6.10000E-01           4                     1   61           1
 -4  DISP        4    1
 -5  D1          1    2    1    0
 -5  D2          1    2    2    0
 -5  D3          1    2    3    0
 -5  ALL         1    2    0    0    1ALL
 -1        11-2.22759E-05 7.62594E-02 6.61090E-10
 -1       111 2.22759E-05 7.62594E-02-6.61091E-10
 -1       211-2.22759E-05 7.62594E-02-6.61091E-10
 -1       311 2.22759E-05 7.62594E-02 6.61090E-10
 -3
    1PSTEP                        62          62           1          
  100CL  162 6.20000E-01           4                     1   62           1
 -4  DISP        4    1
 -5  D1          1    2    1    0
 -5  D2          1    2    2    0
 -5  D3          1    2    3    0
 -5  ALL         1    2    0    0    1ALL
 -1        11 8.41260E-06 7.67933E-02-1.10220E-09
 -1       111-8.41260E-06 7.67933E-02 1.10221E-09
 -1       211 8.41260E-06 7.67933E-02 1.10221E-09
 -1       311-8.41260E-06 7.67933E-02-1.10220E-09
 -3
    1PSTEP                        63          63           1          
  100CL  163 6.30000E-01           4                     1   63           1
 -4  DISP        4    1
 -5  D1          1    2    1    0
 -5  D2          1    2    2    0
 -5  D3          1    2    3    0
 -5  ALL         1    2    0    0    1ALL
 -1        11 2.71315E-05 7.57538E-02 1.88728E-09
 -1       111-2.71315E-05 7.57538E-02-1.88728E-09
 -1       211 2.71315E-05 7.57538E-02-1.88728E-09
 -1       311-2.71315E-05 7.57538E-02 1.88728E-09
 -3
    1PSTEP                        64          64           1          
  100CL  164 6.40000E-01           4                     1   64           1
 -4  DISP        4    1
 -5  D1          1    2    1    0
 -5  D2          1    2    2    0
 -5  D3          1    2    3    0
 -5  ALL         1    2    0    0    1ALL
 -1        11-1.54397E-05 7.11015E-02-1.60136E-09
 -1       111 1.54397E-05 7.11015E-02 1.60136E-09
 -1       211-1.54397E-05 7.11015E-02 1.60136E-09
 -1       311 1.54397E-05 7.11015E-02-1.60136E-09
 -3
    1PSTEP                        65          65           1          
  100CL  165 6.50000E-01           4                     1   65           1
 -4  DISP        4    1
 -5  D1          1    2    1    0
 -5  D2          1    2    2    0
 -5  D3          1    2    3    0
 -5  ALL         1    2    0    0    1ALL
 -1        11-1.61969E-05 6.86334E-02 8.05437E-10
 -1       111 1.61969E-05 6.86334E-02-8.05440E-10
 -1       211-1.61969E-05 6.86334E-02-8.05440E-10
 -1       311 1.61969E-05 6.86334E-02 8.05437E-10
 -3
    1PSTEP                        66          66           1          
  100CL  166 6.60000E-01           4                     1   66           1
 -4  DISP        4    1
 -5  D1          1    2    1    0
 -5  D2          1    2    2    0
 -5  D3          1    2    3    0
 -5  ALL         1    2    0    0    1ALL
 -1        11 9.42261E-06 6.88562E-02-7.70508E-10
 -1       111-9.42261E-06 6.88562E-02 7.70513E-10
 -1       211 9.42261E-06 6.88562E-02 7.70513E-10
 -1       311-9.42261E-06 6.88562E-02-7.70508E-10
 -3
    1PSTEP                        67          67           1          
  100CL  167 6.70000E-01           4                     1   67           1
 -4  DISP        4    1
 -5  D1          1    2    1    0
 -5  D2          1    2    2    0
 -5  D3          1    2    3    0
 -5  ALL         1    2    0    0    1ALL
 -1        11 2.13110E-05 6.74060E-02 1.18854E-09
 -1       111-2.13110E-05 6.74060E-02-1.18853E-09
 -1       211 2.13110E-05 6.74060E-02-1.18853E-09
 -1       311-2.13110E-05 6.74060E-02 1.18854E-09
 -3
    1PSTEP                        68          68           1          
  100CL  168 6.80000E-01           4                     1   68           1
 -4  DISP        4    1
 -5  D1          1    2    1    0
 -5  D2          1    2    2    0
 -5  D3          1    2    3    0
 -5  ALL         1    2    0    0    1ALL
 -1        11-1.37484E-05 6.31049E-02-7.99920E-10
 -1       111 1.37484E-05 6.31049E-02 7.99914E-10
 -1       211-1.37484E-05 6.31049E-02 7.99914E-10
 -1       311 1.37484E-05 6.31049E-02-7.99920E-10
 -3
    1PSTEP                        69          69           1          
  100CL  169 6.90000E-01           4                     1   69           1
 -4  DISP        4    1
 -5  D1          1    2    1    0
 -5  D2          1    2    2    0
 -5  D3          1    2    3    0
 -5  ALL         1    2    0    0    1ALL
 -1        11-1.48006E-05 6.08810E-02-3.81119E-11
 -1       111 1.48006E-05 6.08810E-02 3.81072E-11
 -1       211-1.48006E-05 6.08810E-02 3.81072E-11
 -1       311 1.48006E-05 6.08810E-02-3.81119E-11
 -3
    1PSTEP                        70          70           1          
  100CL  170 7.00000E-01           4                     1   70           1
 -4  DISP        4    1
 -5  D1          1    2    1    0
 -5  D2          1    2    2    0
 -5  D3          1    2    3    0
 -5  ALL         1    2    0    0    1ALL
 -1        11 1.26909E-05 6.09348E-02 1.98228E-10
 -1       111-1.26909E-05 6.09348E-02-1.98224E-10
 -1       211 1.26909E-05 6.09348E-02-1.98224E-10
 -1       311-1.26909E-05 6.09348E-02 1.98228E-10
 -3
    1PSTEP                        71          71           1          
  100CL  171 7.10000E-01           4                     1   71           1
 -4  DISP        4    1
 -5  D1          1    2    1    0
 -5  D2          1    2    2    0
 -5  D3          1    2    3    0
 -5  ALL         1    2    0    0    1ALL
 -1        11 1.44988E-05 5.90664E-02 1.88230E-10
 -1       111-1.44988E-05 5.90664E-02-1.88228E-10
 -1       211 1.44988E-05 5.90664E-02-1.88228E-10
 -1       311-1.44988E-05 5.90664E-02 1.88230E-10
 -3
    1PSTEP                        72          72           1          
  100CL  172 7.20000E-01           4                     1   72           1
 -4  DISP        4    1
 -5  D1          1    2    1    0
 -5  D2          1    2    2    0
 -5  D3          1    2    3    0
 -5  ALL         1    2    0    0    1ALL
 -1        11-1.12006E-05 5.51542E-02 1.23912E-11
 -1       111 1.12006E-05 5.51542E-02-1.23963E-11
 -1       211-1.12006E-05 5.51542E-02-1.23963E-11
 -1       311 1.12006E-05 5.51542E-02 1.23912E-11
 -3
    1PSTEP                        73          73           1          
  100CL  173 7.30000E-01           4                     1   73           1
 -4  DISP        4    1
 -5  D1          1    2    1    0
 -5  D2          1    2    2    0
 -5  D3          1    2    3    0
 -5  ALL         1    2    0    0    1ALL
 -1        11-1.32336E-05 5.31026E-02-6.27204E-10
 -1       111 1.32336E-05 5.31026E-02 6.27202E-10
 -1       211-1.32336E-05 5.31026E-02 6.27202E-10
 -1       311 1.32336E-05 5.31026E-02-6.27204E-10
 -3
    1PSTEP                        74          74           1          
  100CL  174 7.40000E-01           4                     1   74           1
 -4  DISP        4    1
 -5  D1          1    2    1    0
 -5  D2          1    2    2    0
 -5  D3          1    2    3    0
 -5  ALL         1    2    0    0    1ALL
 -1        11 1.39655E-05 5.29495E-02 6.89665E-10
 -1       111-1.39655E-05 5.29495E-02-6.89660E-10
 -1       211 1.39655E-05 5.29495E-02-6.89660E-10
 -1       311-1.39655E-05 5.29495E-02 6.89665E-10
 -3
    1PSTEP                        75          75           1          
  100CL  175 7.50000E-01           4                     1   75           1
 -4  DISP        4    1
 -5  D1          1    2    1    0
 -5  D2          1    2    2    0
 -5  D3          1    2    3    0
 -5  ALL         1    2    0    0    1ALL
 -1        11 1.02858E-05 5.08075E-02-2.03687E-10
 -1       111-1.02858E-05 5.08075E-02 2.03687E-10
 -1       211 1.02858E-05 5.08075E-02 2.03687E-10
 -1       311-1.02858E-05 5.08075E-02-2.03687E-10
 -3
    1PSTEP                        76          76           1          
  100CL  176 7.60000E-01           4                     1   76           1
 -4  DISP        4    1
 -5  D1          1    2    1    0
 -5  D2          1    2    2    0
 -5  D3          1    2    3    0
 -5  ALL         1    2    0    0    1ALL
 -1        11-1.05490E-05 4.71858E-02 1.78502E-10
 -1       111 1.05490E-05 4.71858E-02-1.78510E-10
 -1       211-1.05490E-05 4.71858E-02-1.78510E-10
 -1       311 1.05490E-05 4.71858E-02 1.78502E-10
 -3
    1PSTEP                        77          77           1          
  100CL  177 7.70000E-01           4                     1   77           1
 -4  DISP        4    1
 -5  D1          1    2    1    0
 -5  D2          1    2    2    0
 -5  D3          1    2    3    0
 -5  ALL         1    2    0    0    1ALL
 -1        11-9.92108E-06 4.53320E-02-5.80014E-10
 -1       111 9.92108E-06 4.53320E-02 5.80013E-10
 -1       211-9.92108E-06 4.53320E-02 5.80012E-10
 -1       311 9.92108E-06 4.53320E-02-5.80014E-10
 -3
    1PSTEP                        78          78           1          
  100CL  178 7.80000E-01           4                     1   78           1
 -4  DISP        4    1
 -5  D1          1    2    1    0
 -5  D2          1    2    2    0
 -5  D3          1    2    3    0
 -5  ALL         1    2    0    0    1ALL
 -1        11 1.28549E-05 4.48984E-02 5.86552E-10
 -1       111-1.28549E-05 4.48984E-02-5.86545E-10
 -1       211 1.28549E-05 4.48984E-02-5.86545E-10
 -1       311-1.28549E-05 4.48984E-02 5.86552E-10
 -3
    1PSTEP                        79          79           1          
  100CL  179 7.90000E-01           4                     1   79           1
 -4  DISP        4    1
 -5  D1          1    2    1    0
 -5  D2          1    2    2    0
 -5  D3          1    2    3    0
 -5  ALL         1    2    0    0    1ALL
 -1        11 8.25454E-06 4.26193E-02-9.53848E-11
 -1       111-8.25454E-06 4.26193E-02 9.53860E-11
 -1       211 8.25454E-06 4.26193E-02 9.53860E-11
 -1       311-8.25454E-06 4.26193E-02-9.53848E-11
 -3
    1PSTEP                        80          80           1          
  100CL  180 8.00000E-01           4                     1   80           1
 -4  DISP        4    1
 -5  D1          1    2    1    0
 -5  D2          1    2    2    0
 -5  D3          1    2    3    0
 -5  ALL         1    2    0    0    1ALL
 -1        11-1.08188E-05 3.92137E-02-1.85839E-11
 -1       111 1.08188E-05 3.92137E-02 1.85758E-11
 -1       211-1.08188E-05 3.92137E-02 1.85758E-11
 -1       311 1.08188E-05 3.92137E-02-1.85839E-11
 -3
    1PSTEP                        81          81           1          
  100CL  181 8.10000E-01           4                     1   81           1
 -4  DISP        4    1
 -5  D1          1    2    1    0
 -5  D2          1    2    2    0
 -5  D3          1    2    3    0
 -5  ALL         1    2    0    0    1ALL
 -1        11-6.38818E-06 3.75398E-02-3.01620E-10
 -1       111 6.38818E-06 3.75398E-02 3.01618E-10
 -1       211-6.38818E-06 3.75398E-02 3.01618E-10
 -1       311 6.38818E-06 3.75398E-02-3.01620E-10
 -3
    1PSTEP                        82          82           1          
  100CL  182 8.20000E-01           4                     1   82           1
 -4  DISP        4    1
 -5  D1          1    2    1    0
 -5  D2          1    2    2    0
 -5  D3          1    2    3    0
 -5  ALL         1    2    0    0    1ALL
 -1        11 1.12653E-05 3.68259E-02 3.58871E-10
 -1       111-1.12653E-05 3.68259E-02-3.58864E-10
 -1       211 1.12653E-05 3.68259E-02-3.58864E-10
 -1       311-1.12653E-05 3.68259E-02 3.58871E-10
 -3
    1PSTEP                        83          83           1          
  100CL  183 8.30000E-01           4                     1   83           1
 -4  DISP        4    1
 -5  D1          1    2    1    0
 -5  D2          1    2    2    0
 -5  D3          1    2    3    0
 -5  ALL         1    2    0    0    1ALL
 -1        11 6.53574E-06 3.44611E-02 3.63891E-11
 -1       111-6.53574E-06 3.44611E-02-3.63875E-11
 -1       211 6.53574E-06 3.44611E-02-3.63875E-11
 -1       311-6.53574E-06 3.44611E-02 3.63891E-11
 -3
    1PSTEP                        84          84           1          
  100CL  184 8.40000E-01           4                     1   84           1
 -4  DISP        4    1
 -5  D1          1    2    1    0
 -5  D2          1    2    2    0
 -5  D3          1    2    3    0
 -5  ALL         1    2    0    0    1ALL
 -1        11-1.04295E-05 3.12656E-02-1.41833E-10
 -1       111 1.04295E-05 3.12656E-02 1.41825E-10
 -1       211-1.04295E-05 3.12656E-02 1.41825E-10
 -1       311 1.04295E-05 3.12656E-02-1.41833E-10
 -3
    1PSTEP                        85          85           1          
  100CL  185 8.50000E-01           4                     1   85           1
 -4  DISP        4    1
 -5  D1          1    2    1    0
 -5  D2          1    2    2    0
 -5  D3          1    2    3    0
 -5  ALL         1    2    0    0    1ALL
 -1        11-3.97708E-06 2.97010E-02-1.59887E-10
 -1       111 3.97708E-06 2.97010E-02 1.59884E-10
 -1       211-3.97708E-06 2.97010E-02 1.59884E-10
 -1       311 3.97708E-06 2.97010E-02-1.59887E-10
 -3
    1PSTEP                        86          86           1          
  100CL  186 8.60000E-01           4                     1   86           1
 -4  DISP        4    1
 -5  D1          1    2    1    0
 -5  D2          1    2    2    0
 -5  D3          1    2    3    0
 -5  ALL         1    2    0    0    1ALL
 -1        11 1.02971E-05 2.87589E-02 2.86381E-10
 -1       111-1.02971E-05 2.87589E-02-2.86375E-10
 -1       211 1.02971E-05 2.87589E-02-2.86375E-10
 -1       311-1.02971E-05 2.87589E-02 2.86381E-10
 -3
    1PSTEP                        87          87           1          
  100CL  187 8.70000E-01           4                     1   87           1
 -4  DISP        4    1
 -5  D1          1    2    1    0
 -5  D2          1    2    2    0
 -5  D3          1    2    3    0
 -5  ALL         1    2    0    0    1ALL
 -1        11 4.46757E-06 2.63174E-02 1.16178E-11
 -1       111-4.46757E-06 2.63174E-02-1.16168E-11
 -1       211 4.46757E-06 2.63174E-02-1.16168E-11
 -1       311-4.46757E-06 2.63174E-02 1.16178E-11
 -3
    1PSTEP                        88          88           1          
  100CL  188 8.80000E-01           4                     1   88           1
 -4  DISP        4    1
 -5  D1          1    2    1    0
 -5  D2          1    2    2    0
 -5  D3          1    2    3    0
 -5  ALL         1    2    0    0    1ALL
 -1        11-9.22671E-06 2.33404E-02-1.09873E-10
 -1       111 9.22671E-06 2.33404E-02 1.09867E-10
 -1       211-9.22671E-06 2.33404E-02 1.09867E-10
 -1       311 9.22671E-06 2.33404E-02-1.09873E-10
 -3
    1PSTEP                        89          89           1          
  100CL  189 8.90000E-01           4                     1   89           1
 -4  DISP        4    1
 -5  D1          1    2    1    0
 -5  D2          1    2    2    0
 -5  D3          1    2    3    0
 -5  ALL         1    2    0    0    1ALL
 -1        11-2.53282E-06 2.18212E-02-1.52201E-10
 -1       111 2.53282E-06 2.18212E-02 1.52201E-10
 -1       211-2.53282E-06 2.18212E-02 1.52201E-10
 -1       311 2.53282E-06 2.18212E-02-1.52201E-10
 -3
    1PSTEP                        90          90           1          
  100CL  190 9.00000E-01           4                     1   90           1
 -4  DISP        4    1
 -5  D1          1    2    1    0
 -5  D2          1    2    2    0
 -5  D3          1    2    3    0
 -5  ALL         1    2    0    0    1ALL
 -1        11 9.64339E-06 2.06942E-02 3.01812E-10
 -1       111-9.64339E-06 2.06942E-02-3.01808E-10
 -1       211 9.64339E-06 2.06942E-02-3.01808E-10
 -1       311-9.64339E-06 2.06942E-02 3.01812E-10
 -3
    1PSTEP                        91          91           1          
  100CL  191 9.10000E-01           4                     1   91           1
 -4  DISP        4    1
 -5  D1          1    2    1    0
 -5  D2          1    2    2    0
 -5  D3          1    2    3    0
 -5  ALL         1    2    0    0    1ALL
 -1        11 2.55727E-06 1.81964E-02-5.57271E-11
 -1       111-2.55727E-06 1.81964E-02 5.57254E-11
 -1       211 2.55727E-06 1.81964E-02 5.57254E-11
 -1       311-2.55727E-06 1.81964E-02-5.57271E-11
 -3
    1PSTEP                        92          92           1          
  100CL  192 9.20000E-01           4                     1   92           1
 -4  DISP        4    1
 -5  D1          1    2    1    0
 -5  D2          1    2    2    0
 -5  D3          1    2    3    0
 -5  ALL         1    2    0    0    1ALL
 -1        11-7.91676E-06 1.54204E-02-6.38152E-11
 -1       111 7.91676E-06 1.54204E-02 6.38092E-11
 -1       211-7.91676E-06 1.54204E-02 6.38092E-11
 -1       311 7.91676E-06 1.54204E-02-6.38152E-11
 -3
    1PSTEP                        93          93           1          
  100CL  193 9.30000E-01           4                     1   93           1
 -4  DISP        4    1
 -5  D1          1    2    1    0
 -5  D2          1    2    2    0
 -5  D3          1    2    3    0
 -5  ALL         1    2    0    0    1ALL
 -1        11-1.35004E-06 1.39177E-02-1.32631E-10
 -1       111 1.35004E-06 1.39177E-02 1.32631E-10
 -1       211-1.35004E-06 1.39177E-02 1.32631E-10
 -1       311 1.35004E-06 1.39177E-02-1.32631E-10
 -3
    1PSTEP                        94          94           1          
  100CL  194 9.40000E-01           4                     1   94           1
 -4  DISP        4    1
 -5  D1          1    2    1    0
 -5  D2          1    2    2    0
 -5  D3          1    2    3    0
 -5  ALL         1    2    0    0    1ALL
 -1        11 8.75503E-06 1.26231E-02 2.72824E-10
 -1       111-8.75503E-06 1.26231E-02-2.72820E-10
 -1       211 8.75503E-06 1.26231E-02-2.72820E-10
 -1       311-8.75503E-06 1.26231E-02 2.72824E-10
 -3
    1PSTEP                        95          95           1          
  100CL  195 9.50000E-01           4                     1   95           1
 -4  DISP        4    1
 -5  D1          1    2    1    0
 -5  D2          1    2    2    0
 -5  D3          1    2    3    0
 -5  ALL         1    2    0    0    1ALL
 -1        11 1.25348E-06 1.01049E-02-5.69869E-11
 -1       111-1.25348E-06 1.01049E-02 5.69865E-11
 -1       211 1.25348E-06 1.01049E-02 5.69865E-11
 -1       311-1.25348E-06 1.01049E-02-5.69869E-11
 -3
    1PSTEP                        96          96           1          
  100CL  196 9.60000E-01           4                     1   96           1
 -4  DISP        4    1
 -5  D1          1    2    1    0
 -5  D2          1    2    2    0
 -5  D3          1    2    3    0
 -5  ALL         1    2    0    0    1ALL
 -1        11-6.90461E-06 7.49472E-03-8.28523E-11
 -1       111 6.90461E-06 7.49472E-03 8.28490E-11
 -1       211-6.90461E-06 7.49472E-03 8.28490E-11
 -1       311 6.90461E-06 7.49472E-03-8.28523E-11
 -3
    1PSTEP                        97          97           1          
  100CL  197 9.70000E-01           4                     1   97           1
 -4  DISP        4    1
 -5  D1          1    2    1    0
 -5  D2          1    2    2    0
 -5  D3          1    2    3    0
 -5  ALL         1    2    0    0    1ALL
 -1        11-1.72347E-07 5.99829E-03-5.64055E-11
 -1       111 1.72347E-07 5.99829E-03 5.64075E-11
 -1       211-1.72347E-07 5.99829E-03 5.64075E-11
 -1       311 1.72347E-07 5.99829E-03-5.64055E-11
 -3
    1PSTEP                        98          98           1          
  100CL  198 9.80000E-01           4                     1   98           1
 -4  DISP        4    1
 -5  D1          1    2    1    0
 -5  D2          1    2    2    0
 -5  D3          1    2    3    0
 -5  ALL         1    2    0    0    1ALL
 -1        11 7.60585E-06 4.54697E-03 1.89834E-10
 -1       111-7.60585E-06 4.54697E-03-1.89830E-10
 -1       211 7.60585E-06 4.54697E-03-1.89830E-10
 -1       311-7.60585E-06 4.54697E-03 1.89834E-10
 -3
    1PSTEP                        99          99           1          
  100CL  199 9.90000E-01           4                     1   99           1
 -4  DISP        4    1
 -5  D1          1    2    1    0
 -5  D2          1    2    2    0
 -5  D3          1    2    3    0
 -5  ALL         1    2    0    0    1ALL
 -1        11 4.51718E-07 2.03872E-03-1.17708E-11
 -1       111-4.51718E-07 2.03872E-03 1.17690E-11
 -1       211 4.51718E-07 2.03872E-03 1.17690E-11
 -1       311-4.51718E-07 2.03872E-03-1.17708E-11
 -3
    1PSTEP                       100         100           1          
  100CL  200 1.000000000           4                     1  100           1
 -4  DISP        4    1
 -5  D1          1    2    1    0
 -5  D2          1    2    2    0
 -5  D3          1    2    3    0
 -5  ALL         1    2    0    0    1ALL
 -1        11-6.06777E-06-4.36010E-04-1.26502E-10
 -1       111 6.06777E-06-4.36010E-04 1.26497E-10
 -1       211-6.06777E-06-4.36010E-04 1.26497E-10
 -1       311 6.06777E-06-4.36010E-04-1.26502E-10
 -3
    1PSTEP                       101         101           1          
  100CL  201 1.010000000           4                     1  101           1
 -4  DISP        4    1
 -5  D1          1    2    1    0
 -5  D2          1    2    2    0
 -5  D3          1    2    3    0
 -5  ALL         1    2    0    0    1ALL
 -1        11-1.77384E-05-1.36437E-03-1.21040E-10
 -1       111 1.77384E-05-1.36437E-03 1.21041E-10
 -1       211-1.77384E-05-1.36437E-03 1.21041E-10
 -1       311 1.77384E-05-1.36437E-03-1.21040E-10
 -3
    1PSTEP                       102         102           1          
  100CL  202 1.020000000           4                     1  102           1
 -4  DISP        4    1
 -5  D1          1    2    1    0
 -5  D2          1    2    2    0
 -5  D3          1    2    3    0
 -5  ALL         1    2    0    0    1ALL
 -1        11 4.34137E-06 4.58900E-04-3.45324E-10
 -1       111-4.34137E-06 4.58900E-04 3.45328E-10
 -1       211 4.34137E-06 4.58900E-04 3.45328E-10
 -1       311-4.34137E-06 4.58900E-04-3.45324E-10
 -3
    1PSTEP                       103         103           1          
  100CL  203 1.030000000           4                     1  103           1
 -4  DISP        4    1
 -5  D1          1    2    1    0
 -5  D2          1    2    2    0
 -5  D3          1    2    3    0
 -5  ALL         1    2    0    0    1ALL
 -1        11 2.11538E-05 1.34663E-03 9.72017E-10
 -1       111-2.11538E-05 1.34663E-03-9.72016E-10
 -1       211 2.11538E-05 1.34663E-03-9.72016E-10
 -1       311-2.11538E-05 1.34663E-03 9.72017E-10
 -3
    1PSTEP                       104         104           1          
  100CL  204 1.040000000           4                     1  104           1
 -4  DISP        4    1
 -5  D1          1    2    1    0
 -5  D2          1    2    2    0
 -5  D3          1    2    3    0
 -5  ALL         1    2    0    0    1ALL
 -1        11-1.15008E-05-6.39915E-04-7.67213E-10
 -1       111 1.15008E-05-6.39915E-04 7.67209E-10
 -1       211-1.15008E-05-6.39915E-04 7.67209E-10
 -1       311 1.15008E-05-6.39915E-04-7.67213E-10
 -3
    1PSTEP                       105         105           1          
  100CL  205 1.050000000           4                     1  105           1
 -4  DISP        4    1
 -5  D1          1    2    1    0
 -5  D2          1    2    2    0
 -5  D3          1    2    3    0
 -5  ALL         1    2    0    0    1ALL
 -1        11-1.23500E-05-1.06946E-03 1.82917E-10
 -1       111 1.23500E-05-1.06946E-03-1.82917E-10
 -1       211-1.23500E-05-1.06946E-03-1.82917E-10
 -1       311 1.23500E-05-1.06946E-03 1.82917E-10
 -3
    1PSTEP                       106         106           1          
  100CL  206 1.060000000           4                     1  106           1
 -4  DISP        4    1
 -5  D1          1    2    1    0
 -5  D2          1    2    2    0
 -5  D3          1    2    3    0
 -5  ALL         1    2    0    0    1ALL
 -1        11 5.16556E-06 5.20109E-04-1.88690E-10
 -1       111-5.16556E-06 5.20109E-04 1.88694E-10
 -1       211 5.16556E-06 5.20109E-04 1.88694E-10
 -1       311-5.16556E-06 5.20109E-04-1.88690E-10
 -3
    1PSTEP                       107         107           1          
  100CL  207 1.070000000           4                     1  107           1
 -4  DISP        4    1
 -5  D1          1    2    1    0
 -5  D2          1    2    2    0
 -5  D3          1    2    3    0
 -5  ALL         1    2    0    0    1ALL
 -1        11 1.64036E-05 1.07963E-03 4.58379E-10
 -1       111-1.64036E-05 1.07963E-03-4.58380E-10
 -1       211 1.64036E-05 1.07963E-03-4.58380E-10
 -1       311-1.64036E-05 1.07963E-03 4.58379E-10
 -3
    1PSTEP                       108         108           1          
  100CL  208 1.080000000           4                     1  108           1
 -4  DISP        4    1
 -5  D1          1    2    1    0
 -5  D2          1    2    2    0
 -5  D3          1    2    3    0
 -5  ALL         1    2    0    0    1ALL
 -1        11-9.56464E-06-6.33455E-04-1.17563E-10
 -1       111 9.56464E-06-6.33455E-04 1.17558E-10
 -1       211-9.56464E-06-6.33455E-04 1.17558E-10
 -1       311 9.56464E-06-6.33455E-04-1.17563E-10
 -3
    1PSTEP                       109         109           1          
  100CL  209 1.090000000           4                     1  109           1
 -4  DISP        4    1
 -5  D1          1    2    1    0
 -5  D2          1    2    2    0
 -5  D3          1    2    3    0
 -5  ALL         1    2    0    0    1ALL
 -1        11-1.25034E-05-9.12583E-04-5.34511E-10
 -1       111 1.25034E-05-9.12583E-04 5.34511E-10
 -1       211-1.25034E-05-9.12583E-04 5.34511E-10
 -1       311 1.25034E-05-9.12583E-04-5.34511E-10
 -3
    1PSTEP                       110         110           1          
  100CL  210 1.100000000           4                     1  110           1
 -4  DISP        4    1
 -5  D1          1    2    1    0
 -5  D2          1    2    2    0
 -5  D3          1    2    3    0
 -5  ALL         1    2    0    0    1ALL
 -1        11 9.07857E-06 6.22537E-04 6.24061E-10
 -1       111-9.07857E-06 6.22537E-04-6.24058E-10
 -1       211 9.07857E-06 6.22537E-04-6.24058E-10
 -1       311-9.07857E-06 6.22537E-04 6.24061E-10
 -3
    1PSTEP                       111         111           1          
  100CL  211 1.110000000           4                     1  111           1
 -4  DISP        4    1
 -5  D1          1    2    1    0
 -5  D2          1    2    2    0
 -5  D3          1    2    3    0
 -5  ALL         1    2    0    0    1ALL
 -1        11 1.01387E-05 7.99655E-04-3.41602E-10
 -1       111-1.01387E-05 7.99655E-04 3.41600E-10
 -1       211 1.01387E-05 7.99655E-04 3.41600E-10
 -1       311-1.01387E-05 7.99655E-04-3.41602E-10
 -3
    1PSTEP                       112         112           1          
  100CL  212 1.120000000           4                     1  112           1
 -4  DISP        4    1
 -5  D1          1    2    1    0
 -5  D2          1    2    2    0
 -5  D3          1    2    3    0
 -5  ALL         1    2    0    0    1ALL
 -1        11-6.87052E-06-5.87789E-04 4.83652E-10
 -1       111 6.87052E-06-5.87789E-04-4.83657E-10
 -1       211-6.87052E-06-5.87789E-04-4.83657E-10
 -1       311 6.87052E-06-5.87789E-04 4.83652E-10
 -3
    1PSTEP                       113         113           1          
  100CL  213 1.130000000           4                     1  113           1
 -4  DISP        4    1
 -5  D1          1    2    1    0
 -5  D2          1    2    2    0
 -5  D3          1    2    3    0
 -5  ALL         1    2    0    0    1ALL
 -1        11-1.20335E-05-7.64229E-04-9.04554E-10
 -1       111 1.20335E-05-7.64229E-04 9.04554E-10
 -1       211-1.20335E-05-7.64229E-04 9.04554E-10
 -1       311 1.20335E-05-7.64229E-04-9.04554E-10
 -3
    1PSTEP                       114         114           1          
  100CL  214 1.140000000           4                     1  114           1
 -4  DISP        4    1
 -5  D1          1    2    1    0
 -5  D2          1    2    2    0
 -5  D3          1    2    3    0
 -5  ALL         1    2    0    0    1ALL
 -1        11 1.05837E-05 6.57023E-04 8.51549E-10
 -1       111-1.05837E-05 6.57023E-04-8.51545E-10
 -1       211 1.05837E-05 6.57023E-04-8.51545E-10
 -1       311-1.05837E-05 6.57023E-04 8.51549E-10
 -3
    1PSTEP                       115         115           1          
  100CL  215 1.150000000           4                     1  115           1
 -4  DISP        4    1
 -5  D1          1    2    1    0
 -5  D2          1    2    2    0
 -5  D3          1    2    3    0
 -5  ALL         1    2    0    0    1ALL
 -1        11 6.94608E-06 6.02190E-04-4.21429E-10
 -1       111-6.94608E-06 6.02190E-04 4.21429E-10
 -1       211 6.94608E-06 6.02190E-04 4.21429E-10
 -1       311-6.94608E-06 6.02190E-04-4.21429E-10
 -3
    1PSTEP                       116         116           1          
  100CL  216 1.160000000           4                     1  116           1
 -4  DISP        4    1
 -5  D1          1    2    1    0
 -5  D2          1    2    2    0
 -5  D3          1    2    3    0
 -5  ALL         1    2    0    0    1ALL
 -1        11-6.82415E-06-5.79602E-04 3.32319E-10
 -1       111 6.82415E-06-5.79602E-04-3.32323E-10
 -1       211-6.82415E-06-5.79602E-04-3.32323E-10
 -1       311 6.82415E-06-5.79602E-04 3.32319E-10
 -3
    1PSTEP                       117         117           1          
  100CL  217 1.170000000           4                     1  117           1
 -4  DISP        4    1
 -5  D1          1    2    1    0
 -5  D2          1    2    2    0
 -5  D3          1    2    3    0
 -5  ALL         1    2    0    0    1ALL
 -1        11-9.01887E-06-5.82988E-04-5.54607E-10
 -1       111 9.01887E-06-5.82988E-04 5.54606E-10
 -1       211-9.01887E-06-5.82988E-04 5.54606E-10
 -1       311 9.01887E-06-5.82988E-04-5.54607E-10
 -3
    1PSTEP                       118         118           1          
  100CL  218 1.180000000           4                     1  118           1
 -4  DISP        4    1
 -5  D1          1    2    1    0
 -5  D2          1    2    2    0
 -5  D3          1    2    3    0
 -5  ALL         1    2    0    0    1ALL
 -1        11 9.21315E-06 6.17851E-04 4.40412E-10
 -1       111-9.21315E-06 6.17851E-04-4.40409E-10
 -1       211 9.21315E-06 6.17851E-04-4.40409E-10
 -1       311-9.21315E-06 6.17851E-04 4.40412E-10
 -3
    1PSTEP                       119         119           1          
  100CL  219 1.190000000           4                     1  119           1
 -4  DISP        4    1
 -5  D1          1    2    1    0
 -5  D2          1    2    2    0
 -5  D3          1    2    3    0
 -5  ALL         1    2    0    0    1ALL
 -1        11 6.19743E-06 4.74079E-04-6.78562E-13
 -1       111-6.19743E-06 4.74079E-04 6.79751E-13
 -1       211 6.19743E-06 4.74079E-04 6.79752E-13
 -1       311-6.19743E-06 4.74079E-04-6.78562E-13
 -3
    1PSTEP                       120         120           1          
  100CL  220 1.200000000           4                     1  120           1
 -4  DISP        4    1
 -5  D1          1    2    1    0
 -5  D2          1    2    2    0
 -5  D3          1    2    3    0
 -5  ALL         1    2    0    0    1ALL
 -1        11-7.98932E-06-5.84355E-04-1.42513E-10
 -1       111 7.98932E-06-5.84355E-04 1.42510E-10
 -1       211-7.98932E-06-5.84355E-04 1.42510E-10
 -1       311 7.98932E-06-5.84355E-04-1.42513E-10
 -3
    1PSTEP                       121         121           1          
  100CL  221 1.210000000           4                     1  121           1
 -4  DISP        4    1
 -5  D1          1    2    1    0
 -5  D2          1    2    2    0
 -5  D3          1    2    3    0
 -5  ALL         1    2    0    0    1ALL
 -1        11-5.56910E-06-4.10691E-04-5.32792E-11
 -1       111 5.56910E-06-4.10691E-04 5.32788E-11
 -1       211-5.56910E-06-4.10691E-04 5.32788E-11
 -1       311 5.56910E-06-4.10691E-04-5.32792E-11
 -3
    1PSTEP                       122         122           1          
  100CL  222 1.220000000           4                     1  122           1
 -4  DISP        4    1
 -5  D1          1    2    1    0
 -5  D2          1    2    2    0
 -5  D3          1    2    3    0
 -5  ALL         1    2    0    0    1ALL
 -1        11 7.47737E-06 5.60446E-04 2.46223E-11
 -1       111-7.47737E-06 5.60446E-04-2.46190E-11
 -1       211 7.47737E-06 5.60446E-04-2.46190E-11
 -1       311-7.47737E-06 5.60446E-04 2.46223E-11
 -3
    1PSTEP                       123         123           1          
  100CL  223 1.230000000           4                     1  123           1
 -4  DISP        4    1
 -5  D1          1    2    1    0
 -5  D2          1    2    2    0
 -5  D3          1    2    3    0
 -5  ALL         1    2    0    0    1ALL
 -1        11 5.42097E-06 3.63347E-04 2.93443E-10
 -1       111-5.42097E-06 3.63347E-04-2.93444E-10
 -1       211 5.42097E-06 3.63347E-04-2.93444E-10
 -1       311-5.42097E-06 3.63347E-04 2.93443E-10
 -3
    1PSTEP                       124         124           1          
  100CL  224 1.240000000           4                     1  124           1
 -4  DISP        4    1
 -5  D1          1    2    1    0
 -5  D2          1    2    2    0
 -5  D3          1    2    3    0
 -5  ALL         1    2    0    0    1ALL
 -1        11-8.21388E-06-5.61582E-04-3.78392E-10
 -1       111 8.21388E-06-5.61582E-04 3.78388E-10
 -1       211-8.21388E-06-5.61582E-04 3.78388E-10
 -1       311 8.21388E-06-5.61582E-04-3.78392E-10
 -3
    1PSTEP                       125         125           1          
  100CL  225 1.250000000           4                     1  125           1
 -4  DISP        4    1
 -5  D1          1    2    1    0
 -5  D2          1    2    2    0
 -5  D3          1    2    3    0
 -5  ALL         1    2    0    0    1ALL
 -1        11-3.48299E-06-2.82851E-04 1.40474E-10
 -1       111 3.48299E-06-2.82851E-04-1.40474E-10
 -1       211-3.48299E-06-2.82851E-04-1.40474E-10
 -1       311 3.48299E-06-2.82851E-04 1.40474E-10
 -3
    1PSTEP                       126         126           1          
  100CL  226 1.260000000           4                     1  126           1
 -4  DISP        4    1
 -5  D1          1    2    1    0
 -5  D2          1    2    2    0
 -5  D3          1    2    3    0
 -5  ALL         1    2    0    0    1ALL
 -1        11 6.76494E-06 5.16703E-04-6.42371E-11
 -1       111-6.76494E-06 5.16703E-04 6.42406E-11
 -1       211 6.76494E-06 5.16703E-04 6.42406E-11
 -1       311-6.76494E-06 5.16703E-04-6.42371E-11
 -3
    1PSTEP                       127         127           1          
  100CL  227 1.270000000           4                     1  127           1
 -4  DISP        4    1
 -5  D1          1    2    1    0
 -5  D2          1    2    2    0
 -5  D3          1    2    3    0
 -5  ALL         1    2    0    0    1ALL
 -1        11 3.80516E-06 2.51765E-04 2.67960E-10
 -1       111-3.80516E-06 2.51765E-04-2.67960E-10
 -1       211 3.80516E-06 2.51765E-04-2.67960E-10
 -1       311-3.80516E-06 2.51765E-04 2.67960E-10
 -3
    1PSTEP                       128         128           1          
  100CL  228 1.280000000           4                     1  128           1
 -4  DISP        4    1
 -5  D1          1    2    1    0
 -5  D2          1    2    2    0
 -5  D3          1    2    3    0
 -5  ALL         1    2    0    0    1ALL
 -1        11-7.29603E-06-5.10131E-04-3.16215E-10
 -1       111 7.29603E-06-5.10131E-04 3.16212E-10
 -1       211-7.29603E-06-5.10131E-04 3.16212E-10
 -1       311 7.29603E-06-5.10131E-04-3.16215E-10
 -3
    1PSTEP                       129         129           1          
  100CL  229 1.290000000           4                     1  129           1
 -4  DISP        4    1
 -5  D1          1    2    1    0
 -5  D2          1    2    2    0
 -5  D3          1    2    3    0
 -5  ALL         1    2    0    0    1ALL
 -1        11-2.53528E-06-1.93276E-04 8.17947E-11
 -1       111 2.53528E-06-1.93276E-04-8.17946E-11
 -1       211-2.53528E-06-1.93276E-04-8.17946E-11
 -1       311 2.53528E-06-1.93276E-04 8.17947E-11
 -3
    1PSTEP                       130         130           1          
  100CL  230 1.300000000           4                     1  130           1
 -4  DISP        4    1
 -5  D1          1    2    1    0
 -5  D2          1    2    2    0
 -5  D3          1    2    3    0
 -5  ALL         1    2    0    0    1ALL
 -1        11 6.57827E-06 4.79148E-04 3.05887E-11
 -1       111-6.57827E-06 4.79148E-04-3.05852E-11
 -1       211 6.57827E-06 4.79148E-04-3.05852E-11
 -1       311-6.57827E-06 4.79148E-04 3.05887E-11
 -3
    1PSTEP                       131         131           1          
  100CL  231 1.310000000           4                     1  131           1
 -4  DISP        4    1
 -5  D1          1    2    1    0
 -5  D2          1    2    2    0
 -5  D3          1    2    3    0
 -5  ALL         1    2    0    0    1ALL
 -1        11 2.10846E-06 1.53237E-04 1.27399E-10
 -1       111-2.10846E-06 1.53237E-04-1.27399E-10
 -1       211 2.10846E-06 1.53237E-04-1.27399E-10
 -1       311-2.10846E-06 1.53237E-04 1.27399E-10
 -3
    1PSTEP                       132         132           1          
  100CL  232 1.320000000           4                     1  132           1
 -4  DISP        4    1
 -5  D1          1    2    1    0
 -5  D2          1    2    2    0
 -5  D3          1    2    3    0
 -5  ALL         1    2    0    0    1ALL
 -1        11-6.19475E-06-4.52091E-04-1.93428E-10
 -1       111 6.19475E-06-4.52091E-04 1.93425E-10
 -1       211-6.19475E-06-4.52091E-04 1.93425E-10
 -1       311 6.19475E-06-4.52091E-04-1.93428E-10
 -3
    1PSTEP                       133         133           1          
  100CL  233 1.330000000           4                     1  133           1
 -4  DISP        4    1
 -5  D1          1    2    1    0
 -5  D2          1    2    2    0
 -5  D3          1    2    3    0
 -5  ALL         1    2    0    0    1ALL
 -1        11-1.76909E-06-1.20688E-04 1.18347E-11
 -1       111 1.76909E-06-1.20688E-04-1.18341E-11
 -1       211-1.76909E-06-1.20688E-04-1.18341E-11
 -1       311 1.76909E-06-1.20688E-04 1.18347E-11
 -3
    1PSTEP                       134         134           1          
  100CL  234 1.340000000           4                     1  134           1
 -4  DISP        4    1
 -5  D1          1    2    1    0
 -5  D2          1    2    2    0
 -5  D3          1    2    3    0
 -5  ALL         1    2    0    0    1ALL
 -1        11 6.11290E-06 4.33479E-04 8.82118E-11
 -1       111-6.11290E-06 4.33479E-04-8.82082E-11
 -1       211 6.11290E-06 4.33479E-04-8.82082E-11
 -1       311-6.11290E-06 4.33479E-04 8.82118E-11
 -3
    1PSTEP                       135         135           1          
  100CL  235 1.350000000           4                     1  135           1
 -4  DISP        4    1
 -5  D1          1    2    1    0
 -5  D2          1    2    2    0
 -5  D3          1    2    3    0
 -5  ALL         1    2    0    0    1ALL
 -1        11 9.99147E-07 7.97372E-05 5.72994E-11
 -1       111-9.99147E-07 7.97372E-05-5.73001E-11
 -1       211 9.99147E-07 7.97372E-05-5.73001E-11
 -1       311-9.99147E-07 7.97372E-05 5.72994E-11
 -3
    1PSTEP                       136         136           1          
  100CL  236 1.360000000           4                     1  136           1
 -4  DISP        4    1
 -5  D1          1    2    1    0
 -5  D2          1    2    2    0
 -5  D3          1    2    3    0
 -5  ALL         1    2    0    0    1ALL
 -1        11-5.46101E-06-4.00593E-04-1.51088E-10
 -1       111 5.46101E-06-4.00593E-04 1.51085E-10
 -1       211-5.46101E-06-4.00593E-04 1.51085E-10
 -1       311 5.46101E-06-4.00593E-04-1.51088E-10
 -3
    1PSTEP                       137         137           1          
  100CL  237 1.370000000           4                     1  137           1
 -4  DISP        4    1
 -5  D1          1    2    1    0
 -5  D2          1    2    2    0
 -5  D3          1    2    3    0
 -5  ALL         1    2    0    0    1ALL
 -1        11-8.40460E-07-5.64617E-05 2.15023E-11
 -1       111 8.40460E-07-5.64617E-05-2.15012E-11
 -1       211-8.40460E-07-5.64617E-05-2.15012E-11
 -1       311 8.40460E-07-5.64617E-05 2.15023E-11
 -3
    1PSTEP                       138         138           1          
  100CL  238 1.380000000           4                     1  138           1
 -4  DISP        4    1
 -5  D1          1    2    1    0
 -5  D2          1    2    2    0
 -5  D3          1    2    3    0
 -5  ALL         1    2    0    0    1ALL
 -1        11 5.28522E-06 3.79770E-04 6.77023E-11
 -1       111-5.28522E-06 3.79770E-04-6.76984E-11
 -1       211 5.28522E-06 3.79770E-04-6.76984E-11
 -1       311-5.28522E-06 3.79770E-04 6.77023E-11
 -3
    1PSTEP                       139         139           1          
  100CL  239 1.390000000           4                     1  139           1
 -4  DISP        4    1
 -5  D1          1    2    1    0
 -5  D2          1    2    2    0
 -5  D3          1    2    3    0
 -5  ALL         1    2    0    0    1ALL
 -1        11 3.90216E-07 2.77028E-05 5.58190E-11
 -1       111-3.90216E-07 2.77028E-05-5.58201E-11
 -1       211 3.90216E-07 2.77028E-05-5.58201E-11
 -1       311-3.90216E-07 2.77028E-05 5.58190E-11
 -3
    1PSTEP                       140         140           1          
  100CL  240 1.400000000           4                     1  140           1
 -4  DISP        4    1
 -5  D1          1    2    1    0
 -5  D2          1    2    2    0
 -5  D3          1    2    3    0
 -5  ALL         1    2    0    0    1ALL
 -1        11-4.93357E-06-3.53656E-04-1.54710E-10
 -1       111 4.93357E-06-3.53656E-04 1.54706E-10
 -1       211-4.93357E-06-3.53656E-04 1.54706E-10
 -1       311 4.93357E-06-3.53656E-04-1.54710E-10
 -3
    1PSTEP                       141         141           1          
  100CL  241 1.410000000           4                     1  141           1
 -4  DISP        4    1
 -5  D1          1    2    1    0
 -5  D2          1    2    2    0
 -5  D3          1    2    3    0
 -5  ALL         1    2    0    0    1ALL
 -1        11 1.30873E-09-4.22941E-06 5.29783E-11
 -1       111-1.30873E-09-4.22941E-06-5.29771E-11
 -1       211 1.30873E-09-4.22941E-06-5.29771E-11
 -1       311-1.30873E-09-4.22941E-06 5.29783E-11
 -3
    1PSTEP                       142         142           1          
  100CL  242 1.420000000           4                     1  142           1
 -4  DISP        4    1
 -5  D1          1    2    1    0
 -5  D2          1    2    2    0
 -5  D3          1    2    3    0
 -5  ALL         1    2    0    0    1ALL
 -1        11 4.44697E-06 3.26630E-04 4.06256E-11
 -1       111-4.44697E-06 3.26630E-04-4.06218E-11
 -1       211 4.44697E-06 3.26630E-04-4.06218E-11
 -1       311-4.44697E-06 3.26630E-04 4.06256E-11
 -3
    1PSTEP                       143         143           1          
  100CL  243 1.430000000           4                     1  143           1
 -4  DISP        4    1
 -5  D1          1    2    1    0
 -5  D2          1    2    2    0
 -5  D3          1    2    3    0
 -5  ALL         1    2    0    0    1ALL
 -1        11-8.19228E-08-1.20213E-05 4.87090E-11
 -1       111 8.19228E-08-1.20213E-05-4.87104E-11
 -1       211-8.19228E-08-1.20213E-05-4.87104E-11
 -1       311 8.19228E-08-1.20213E-05 4.87090E-11
 -3
    1PSTEP                       144         144           1          
  100CL  244 1.440000000           4                     1  144           1
 -4  DISP        4    1
 -5  D1          1    2    1    0
 -5  D2          1    2    2    0
 -5  D3          1    2    3    0
 -5  ALL         1    2    0    0    1ALL
 -1        11-4.32868E-06-3.06433E-04-1.36956E-10
 -1       111 4.32868E-06-3.06433E-04 1.36953E-10
 -1       211-4.32868E-06-3.06433E-04 1.36953E-10
 -1       311 4.32868E-06-3.06433E-04-1.36956E-10
 -3
    1PSTEP                       145         145           1          
  100CL  245 1.450000000           4                     1  145           1
 -4  DISP        4    1
 -5  D1          1    2    1    0
 -5  D2          1    2    2    0
 -5  D3          1    2    3    0
 -5  ALL         1    2    0    0    1ALL
 -1        11 5.34860E-07 3.29051E-05 5.11728E-11
 -1       111-5.34860E-07 3.29051E-05-5.11715E-11
 -1       211 5.34860E-07 3.29051E-05-5.11715E-11
 -1       311-5.34860E-07 3.29051E-05 5.11728E-11
 -3
    1PSTEP                       146         146           1          
  100CL  246 1.460000000           4                     1  146           1
 -4  DISP        4    1
 -5  D1          1    2    1    0
 -5  D2          1    2    2    0
 -5  D3          1    2    3    0
 -5  ALL         1    2    0    0    1ALL
 -1        11 3.79748E-06 2.79137E-04 4.71490E-11
 -1       111-3.79748E-06 2.79137E-04-4.71459E-11
 -1       211 3.79748E-06 2.79137E-04-4.71459E-11
 -1       311-3.79748E-06 2.79137E-04 4.71490E-11
 -3
    1PSTEP                       147         147           1          
  100CL  247 1.470000000           4                     1  147           1
 -4  DISP        4    1
 -5  D1          1    2    1    0
 -5  D2          1    2    2    0
 -5  D3          1    2    3    0
 -5  ALL         1    2    0    0    1ALL
 -1        11-5.52192E-07-4.37311E-05 1.30135E-11
 -1       111 5.52192E-07-4.37311E-05-1.30150E-11
 -1       211-5.52192E-07-4.37311E-05-1.30150E-11
 -1       311 5.52192E-07-4.37311E-05 1.30135E-11
 -3
    1PSTEP                       148         148           1          
  100CL  248 1.480000000           4                     1  148           1
 -4  DISP        4    1
 -5  D1          1    2    1    0
 -5  D2          1    2    2    0
 -5  D3          1    2    3    0
 -5  ALL         1    2    0    0    1ALL
 -1        11-3.62738E-06-2.59258E-04-9.26844E-11
 -1       111 3.62738E-06-2.59258E-04 9.26815E-11
 -1       211-3.62738E-06-2.59258E-04 9.26815E-11
 -1       311 3.62738E-06-2.59258E-04-9.26844E-11
 -3
    1PSTEP                       149         149           1          
  100CL  249 1.490000000           4                     1  149           1
 -4  DISP        4    1
 -5  D1          1    2    1    0
 -5  D2          1    2    2    0
 -5  D3          1    2    3    0
 -5  ALL         1    2    0    0    1ALL
 -1        11 8.17261E-07 5.75015E-05 2.59383E-11
 -1       111-8.17261E-07 5.75015E-05-2.59367E-11
 -1       211 8.17261E-07 5.75015E-05-2.59367E-11
 -1       311-8.17261E-07 5.75015E-05 2.59383E-11
 -3
    1PSTEP                       150         150           1          
  100CL  250 1.500000000           4                     1  150           1
 -4  DISP        4    1
 -5  D1          1    2    1    0
 -5  D2          1    2    2    0
 -5  D3          1    2    3    0
 -5  ALL         1    2    0    0    1ALL
 -1        11 3.26950E-06 2.36548E-04 6.68131E-11
 -1       111-3.26950E-06 2.36548E-04-6.68105E-11
 -1       211 3.26950E-06 2.36548E-04-6.68105E-11
 -1       311-3.26950E-06 2.36548E-04 6.68131E-11
 -3
    1PSTEP                       151         151           1          
  100CL  251 1.510000000           4                     1  151           1
 -4  DISP        4    1
 -5  D1          1    2    1    0
 -5  D2          1    2    2    0
 -5  D3          1    2    3    0
 -5  ALL         1    2    0    0    1ALL
 -1        11-9.33924E-07-6.69991E-05-2.35615E-11
 -1       111 9.33924E-07-6.69991E-05 2.35598E-11
 -1       211-9.33924E-07-6.69991E-05 2.35598E-11
 -1       311 9.33924E-07-6.69991E-05-2.35615E-11
 -3
    1PSTEP                       152         152           1          
  100CL  252 1.520000000           4                     1  152           1
 -4  DISP        4    1
 -5  D1          1    2    1    0
 -5  D2          1    2    2    0
 -5  D3          1    2    3    0
 -5  ALL         1    2    0    0    1ALL
 -1        11-2.96882E-06-2.15498E-04-5.38906E-11
 -1       111 2.96882E-06-2.15498E-04 5.38882E-11
 -1       211-2.96882E-06-2.15498E-04 5.38882E-11
 -1       311 2.96882E-06-2.15498E-04-5.38906E-11
 -3
    1PSTEP                       153         153           1          
  100CL  253 1.530000000           4                     1  153           1
 -4  DISP        4    1
 -5  D1          1    2    1    0
 -5  D2          1    2    2    0
 -5  D3          1    2    3    0
 -5  ALL         1    2    0    0    1ALL
 -1        11 1.00398E-06 7.40428E-05 9.43394E-12
 -1       111-1.00398E-06 7.40428E-05-9.43207E-12
 -1       211 1.00398E-06 7.40428E-05-9.43207E-12
 -1       311-1.00398E-06 7.40428E-05 9.43394E-12
 -3
    1PSTEP                       154         154           1          
  100CL  254 1.540000000           4                     1  154           1
 -4  DISP        4    1
 -5  D1          1    2    1    0
 -5  D2          1    2    2    0
 -5  D3          1    2    3    0
 -5  ALL         1    2    0    0    1ALL
 -1        11 2.75159E-06 1.96957E-04 7.13632E-11
 -1       111-2.75159E-06 1.96957E-04-7.13609E-11
 -1       211 2.75159E-06 1.96957E-04-7.13609E-11
 -1       311-2.75159E-06 1.96957E-04 7.13632E-11
 -3
    1PSTEP                       155         155           1          
  100CL  255 1.550000000           4                     1  155           1
 -4  DISP        4    1
 -5  D1          1    2    1    0
 -5  D2          1    2    2    0
 -5  D3          1    2    3    0
 -5  ALL         1    2    0    0    1ALL
 -1        11-1.15272E-06-8.14994E-05-3.85700E-11
 -1       111 1.15272E-06-8.14994E-05 3.85681E-11
 -1       211-1.15272E-06-8.14994E-05 3.85681E-11
 -1       311 1.15272E-06-8.14994E-05-3.85700E-11
 -3
    1PSTEP                       156         156           1          
  100CL  256 1.560000000           4                     1  156           1
 -4  DISP        4    1
 -5  D1          1    2    1    0
 -5  D2          1    2    2    0
 -5  D3          1    2    3    0
 -5  ALL         1    2    0    0    1ALL
 -1        11-2.42967E-06-1.77031E-04-3.68071E-11
 -1       111 2.42967E-06-1.77031E-04 3.68049E-11
 -1       211-2.42967E-06-1.77031E-04 3.68049E-11
 -1       311 2.42967E-06-1.77031E-04-3.68071E-11
 -3
    1PSTEP                       157         157           1          
  100CL  257 1.570000000           4                     1  157           1
 -4  DISP        4    1
 -5  D1          1    2    1    0
 -5  D2          1    2    2    0
 -5  D3          1    2    3    0
 -5  ALL         1    2    0    0    1ALL
 -1        11 1.15904E-06 8.50007E-05 1.09378E-11
 -1       111-1.15904E-06 8.50007E-05-1.09360E-11
 -1       211 1.15904E-06 8.50007E-05-1.09360E-11
 -1       311-1.15904E-06 8.50007E-05 1.09378E-11
 -3
    1PSTEP                       158         158           1          
  100CL  258 1.580000000           4                     1  158           1
 -4  DISP        4    1
 -5  D1          1    2    1    0
 -5  D2          1    2    2    0
 -5  D3          1    2    3    0
 -5  ALL         1    2    0    0    1ALL
 -1        11 2.23399E-06 1.60358E-04 5.90677E-11
 -1       111-2.23399E-06 1.60358E-04-5.90660E-11
 -1       211 2.23399E-06 1.60358E-04-5.90660E-11
 -1       311-2.23399E-06 1.60358E-04 5.90677E-11
 -3
    1PSTEP                       159         159           1          
  100CL  259 1.590000000           4                     1  159           1
 -4  DISP        4    1
 -5  D1          1    2    1    0
 -5  D2          1    2    2    0
 -5  D3          1    2    3    0
 -5  ALL         1    2    0    0    1ALL
 -1        11-1.24020E-06-8.89476E-05-3.67156E-11
 -1       111 1.24020E-06-8.89476E-05 3.67137E-11
 -1       211-1.24020E-06-8.89476E-05 3.67137E-11
 -1       311 1.24020E-06-8.89476E-05-3.67156E-11
 -3
    1PSTEP                       160         160           1          
  100CL  260 1.600000000           4                     1  160           1
 -4  DISP        4    1
 -5  D1          1    2    1    0
 -5  D2          1    2    2    0
 -5  D3          1    2    3    0
 -5  ALL         1    2    0    0    1ALL
 -1        11-1.98235E-06-1.43430E-04-3.24756E-11
 -1       111 1.98235E-06-1.43430E-04 3.24742E-11
 -1       211-1.98235E-06-1.43430E-04 3.24742E-11
 -1       311 1.98235E-06-1.43430E-04-3.24756E-11
 -3
    1PSTEP                       161         161           1          
  100CL  261 1.610000000           4                     1  161           1
 -4  DISP        4    1
 -5  D1          1    2    1    0
 -5  D2          1    2    2    0
 -5  D3          1    2    3    0
 -5  ALL         1    2    0    0    1ALL
 -1        11 1.25887E-06 9.09061E-05 1.86635E-11
 -1       111-1.25887E-06 9.09061E-05-1.86616E-11
 -1       211 1.25887E-06 9.09061E-05-1.86616E-11
 -1       311-1.25887E-06 9.09061E-05 1.86635E-11
 -3
    1PSTEP                       162         162           1          
  100CL  262 1.620000000           4                     1  162           1
 -4  DISP        4    1
 -5  D1          1    2    1    0
 -5  D2          1    2    2    0
 -5  D3          1    2    3    0
 -5  ALL         1    2    0    0    1ALL
 -1        11 1.76757E-06 1.27849E-04 4.37414E-11
 -1       111-1.76757E-06 1.27849E-04-4.37401E-11
 -1       211 1.76757E-06 1.27849E-04-4.37401E-11
 -1       311-1.76757E-06 1.27849E-04 4.37414E-11
 -3
    1PSTEP                       163         163           1          
  100CL  263 1.630000000           4                     1  163           1
 -4  DISP        4    1
 -5  D1          1    2    1    0
 -5  D2          1    2    2    0
 -5  D3          1    2    3    0
 -5  ALL         1    2    0    0    1ALL
 -1        11-1.26496E-06-9.16846E-05-3.22965E-11
 -1       111 1.26496E-06-9.16846E-05 3.22947E-11
 -1       211-1.26496E-06-9.16846E-05 3.22947E-11
 -1       311 1.26496E-06-9.16846E-05-3.22965E-11
 -3
    1PSTEP                       164         164           1          
  100CL  264 1.640000000           4                     1  164           1
 -4  DISP        4    1
 -5  D1          1    2    1    0
 -5  D2          1    2    2    0
 -5  D3          1    2    3    0
 -5  ALL         1    2    0    0    1ALL
 -1        11-1.58069E-06-1.13754E-04-2.80794E-11
 -1       111 1.58069E-06-1.13754E-04 2.80785E-11
 -1       211-1.58069E-06-1.13754E-04 2.80785E-11
 -1       311 1.58069E-06-1.13754E-04-2.80794E-11
 -3
    1PSTEP                       165         165           1          
  100CL  265 1.650000000           4                     1  165           1
 -4  DISP        4    1
 -5  D1          1    2    1    0
 -5  D2          1    2    2    0
 -5  D3          1    2    3    0
 -5  ALL         1    2    0    0    1ALL
 -1        11 1.28197E-06 9.21980E-05 2.21550E-11
 -1       111-1.28197E-06 9.21980E-05-2.21532E-11
 -1       211 1.28197E-06 9.21980E-05-2.21532E-11
 -1       311-1.28197E-06 9.21980E-05 2.21550E-11
 -3
    1PSTEP                       166         166           1          
  100CL  266 1.660000000           4                     1  166           1
 -4  DISP        4    1
 -5  D1          1    2    1    0
 -5  D2          1    2    2    0
 -5  D3          1    2    3    0
 -5  ALL         1    2    0    0    1ALL
 -1        11 1.37963E-06 9.99347E-05 3.36070E-11
 -1       111-1.37963E-06 9.99347E-05-3.36062E-11
 -1       211 1.37963E-06 9.99347E-05-3.36062E-11
 -1       311-1.37963E-06 9.99347E-05 3.36070E-11
 -3
    1PSTEP                       167         167           1          
  100CL  267 1.670000000           4                     1  167           1
 -4  DISP        4    1
 -5  D1          1    2    1    0
 -5  D2          1    2    2    0
 -5  D3          1    2    3    0
 -5  ALL         1    2    0    0    1ALL
 -1        11-1.25995E-06-9.11866E-05-3.10956E-11
 -1       111 1.25995E-06-9.11866E-05 3.10939E-11
 -1       211-1.25995E-06-9.11866E-05 3.10939E-11
 -1       311 1.25995E-06-9.11866E-05-3.10956E-11
 -3
    1PSTEP                       168         168           1          
  100CL  268 1.680000000           4                     1  168           1
 -4  DISP        4    1
 -5  D1          1    2    1    0
 -5  D2          1    2    2    0
 -5  D3          1    2    3    0
 -5  ALL         1    2    0    0    1ALL
 -1        11-1.21618E-06-8.77447E-05-2.08348E-11
 -1       111 1.21618E-06-8.77447E-05 2.08340E-11
 -1       211-1.21618E-06-8.77447E-05 2.08340E-11
 -1       311 1.21618E-06-8.77447E-05-2.08348E-11
 -3
    1PSTEP                       169         169           1          
  100CL  269 1.690000000           4                     1  169           1
 -4  DISP        4    1
 -5  D1          1    2    1    0
 -5  D2          1    2    2    0
 -5  D3          1    2    3    0
 -5  ALL         1    2    0    0    1ALL
 -1        11 1.24540E-06 8.99800E-05 2.13594E-11
 -1       111-1.24540E-06 8.99800E-05-2.13577E-11
 -1       211 1.24540E-06 8.99800E-05-2.13578E-11
 -1       311-1.24540E-06 8.99800E-05 2.13594E-11
 -3
    1PSTEP                       170         170           1          
  100CL  270 1.700000000           4                     1  170           1
 -4  DISP        4    1
 -5  D1          1    2    1    0
 -5  D2          1    2    2    0
 -5  D3          1    2    3    0
 -5  ALL         1    2    0    0    1ALL
 -1        11 1.05770E-06 7.62188E-05 2.70618E-11
 -1       111-1.05770E-06 7.62188E-05-2.70611E-11
 -1       211 1.05770E-06 7.62188E-05-2.70611E-11
 -1       311-1.05770E-06 7.62188E-05 2.70618E-11
 -3
    1PSTEP                       171         171           1          
  100CL  271 1.710000000           4                     1  171           1
 -4  DISP        4    1
 -5  D1          1    2    1    0
 -5  D2          1    2    2    0
 -5  D3          1    2    3    0
 -5  ALL         1    2    0    0    1ALL
 -1        11-1.22342E-06-8.80946E-05-3.05089E-11
 -1       111 1.22342E-06-8.80946E-05 3.05074E-11
 -1       211-1.22342E-06-8.80946E-05 3.05074E-11
 -1       311 1.22342E-06-8.80946E-05-3.05089E-11
 -3
    1PSTEP                       172         172           1          
  100CL  272 1.720000000           4                     1  172           1
 -4  DISP        4    1
 -5  D1          1    2    1    0
 -5  D2          1    2    2    0
 -5  D3          1    2    3    0
 -5  ALL         1    2    0    0    1ALL
 -1        11-9.03305E-07-6.55446E-05-1.42990E-11
 -1       111 9.03305E-07-6.55446E-05 1.42983E-11
 -1       211-9.03305E-07-6.55446E-05 1.42983E-11
 -1       311 9.03305E-07-6.55446E-05-1.42990E-11
 -3
    1PSTEP                       173         173           1          
  100CL  273 1.730000000           4                     1  173           1
 -4  DISP        4    1
 -5  D1          1    2    1    0
 -5  D2          1    2    2    0
 -5  D3          1    2    3    0
 -5  ALL         1    2    0    0    1ALL
 -1        11 1.17925E-06 8.55035E-05 2.03456E-11
 -1       111-1.17925E-06 8.55035E-05-2.03442E-11
 -1       211 1.17925E-06 8.55035E-05-2.03442E-11
 -1       311-1.17925E-06 8.55035E-05 2.03456E-11
 -3
    1PSTEP                       174         174           1          
  100CL  274 1.740000000           4                     1  174           1
 -4  DISP        4    1
 -5  D1          1    2    1    0
 -5  D2          1    2    2    0
 -5  D3          1    2    3    0
 -5  ALL         1    2    0    0    1ALL
 -1        11 7.81659E-07 5.60970E-05 2.04857E-11
 -1       111-7.81659E-07 5.60970E-05-2.04851E-11
 -1       211 7.81659E-07 5.60970E-05-2.04851E-11
 -1       311-7.81659E-07 5.60970E-05 2.04857E-11
 -3
    1PSTEP                       175         175           1          
  100CL  275 1.750000000           4                     1  175           1
 -4  DISP        4    1
 -5  D1          1    2    1    0
 -5  D2          1    2    2    0
 -5  D3          1    2    3    0
 -5  ALL         1    2    0    0    1ALL
 -1        11-1.15280E-06-8.29221E-05-2.78394E-11
 -1       111 1.15280E-06-8.29221E-05 2.78381E-11
 -1       211-1.15280E-06-8.29221E-05 2.78381E-11
 -1       311 1.15280E-06-8.29221E-05-2.78394E-11
 -3
    1PSTEP                       176         176           1          
  100CL  276 1.760000000           4                     1  176           1
 -4  DISP        4    1
 -5  D1          1    2    1    0
 -5  D2          1    2    2    0
 -5  D3          1    2    3    0
 -5  ALL         1    2    0    0    1ALL
 -1        11-6.47980E-07-4.70733E-05-1.04867E-11
 -1       111 6.47980E-07-4.70733E-05 1.04861E-11
 -1       211-6.47980E-07-4.70733E-05 1.04861E-11
 -1       311 6.47980E-07-4.70733E-05-1.04867E-11
 -3
    1PSTEP                       177         177           1          
  100CL  277 1.770000000           4                     1  177           1
 -4  DISP        4    1
 -5  D1          1    2    1    0
 -5  D2          1    2    2    0
 -5  D3          1    2    3    0
 -5  ALL         1    2    0    0    1ALL
 -1        11 1.09943E-06 7.96166E-05 2.05028E-11
 -1       111-1.09943E-06 7.96166E-05-2.05016E-11
 -1       211 1.09943E-06 7.96166E-05-2.05016E-11
 -1       311-1.09943E-06 7.96166E-05 2.05028E-11
 -3
    1PSTEP                       178         178           1          
  100CL  278 1.780000000           4                     1  178           1
 -4  DISP        4    1
 -5  D1          1    2    1    0
 -5  D2          1    2    2    0
 -5  D3          1    2    3    0
 -5  ALL         1    2    0    0    1ALL
 -1        11 5.45288E-07 3.92169E-05 1.35077E-11
 -1       111-5.45288E-07 3.92169E-05-1.35073E-11
 -1       211 5.45288E-07 3.92169E-05-1.35073E-11
 -1       311-5.45288E-07 3.92169E-05 1.35077E-11
 -3
    1PSTEP                       179         179           1          
  100CL  279 1.790000000           4                     1  179           1
 -4  DISP        4    1
 -5  D1          1    2    1    0
 -5  D2          1    2    2    0
 -5  D3          1    2    3    0
 -5  ALL         1    2    0    0    1ALL
 -1        11-1.05868E-06-7.63539E-05-2.37825E-11
 -1       111 1.05868E-06-7.63539E-05 2.37813E-11
 -1       211-1.05868E-06-7.63539E-05 2.37813E-11
 -1       311 1.05868E-06-7.63539E-05-2.37825E-11
 -3
    1PSTEP                       180         180           1          
  100CL  280 1.800000000           4                     1  180           1
 -4  DISP        4    1
 -5  D1          1    2    1    0
 -5  D2          1    2    2    0
 -5  D3          1    2    3    0
 -5  ALL         1    2    0    0    1ALL
 -1        11-4.41485E-07-3.19186E-05-8.18638E-12
 -1       111 4.41485E-07-3.19186E-05 8.18604E-12
 -1       211-4.41485E-07-3.19186E-05 8.18604E-12
 -1       311 4.41485E-07-3.19186E-05-8.18638E-12
 -3
    1PSTEP                       181         181           1          
  100CL  281 1.810000000           4                     1  181           1
 -4  DISP        4    1
 -5  D1          1    2    1    0
 -5  D2          1    2    2    0
 -5  D3          1    2    3    0
 -5  ALL         1    2    0    0    1ALL
 -1        11 1.00808E-06 7.27854E-05 2.04820E-11
 -1       111-1.00808E-06 7.27854E-05-2.04809E-11
 -1       211 1.00808E-06 7.27854E-05-2.04809E-11
 -1       311-1.00808E-06 7.27854E-05 2.04820E-11
 -3
    1PSTEP                       182         182           1          
  100CL  282 1.820000000           4                     1  182           1
 -4  DISP        4    1
 -5  D1          1    2    1    0
 -5  D2          1    2    2    0
 -5  D3          1    2    3    0
 -5  ALL         1    2    0    0    1ALL
 -1        11 3.50853E-07 2.53839E-05 7.74021E-12
 -1       111-3.50853E-07 2.53839E-05-7.73994E-12
 -1       211 3.50853E-07 2.53839E-05-7.73994E-12
 -1       311-3.50853E-07 2.53839E-05 7.74021E-12
 -3
    1PSTEP                       183         183           1          
  100CL  283 1.830000000           4                     1  183           1
 -4  DISP        4    1
 -5  D1          1    2    1    0
 -5  D2          1    2    2    0
 -5  D3          1    2    3    0
 -5  ALL         1    2    0    0    1ALL
 -1        11-9.55389E-07-6.90630E-05-2.01940E-11
 -1       111 9.55389E-07-6.90630E-05 2.01929E-11
 -1       211-9.55389E-07-6.90630E-05 2.01929E-11
 -1       311 9.55389E-07-6.90630E-05-2.01940E-11
 -3
    1PSTEP                       184         184           1          
  100CL  284 1.840000000           4                     1  184           1
 -4  DISP        4    1
 -5  D1          1    2    1    0
 -5  D2          1    2    2    0
 -5  D3          1    2    3    0
 -5  ALL         1    2    0    0    1ALL
 -1        11-2.72619E-07-1.96032E-05-5.76935E-12
 -1       111 2.72619E-07-1.96032E-05 5.76921E-12
 -1       211-2.72619E-07-1.96032E-05 5.76921E-12
 -1       311 2.72619E-07-1.96032E-05-5.76935E-12
 -3
    1PSTEP                       185         185           1          
  100CL  285 1.850000000           4                     1  185           1
 -4  DISP        4    1
 -5  D1          1    2    1    0
 -5  D2          1    2    2    0
 -5  D3          1    2    3    0
 -5  ALL         1    2    0    0    1ALL
 -1        11 9.06415E-07 6.53707E-05 1.91867E-11
 -1       111-9.06415E-07 6.53707E-05-1.91856E-11
 -1       211 9.06415E-07 6.53707E-05-1.91856E-11
 -1       311-9.06415E-07 6.53707E-05 1.91867E-11
 -3
    1PSTEP                       186         186           1          
  100CL  286 1.860000000           4                     1  186           1
 -4  DISP        4    1
 -5  D1          1    2    1    0
 -5  D2          1    2    2    0
 -5  D3          1    2    3    0
 -5  ALL         1    2    0    0    1ALL
 -1        11 1.97393E-07 1.43299E-05 3.94656E-12
 -1       111-1.97393E-07 1.43299E-05-3.94643E-12
 -1       211 1.97393E-07 1.43299E-05-3.94643E-12
 -1       311-1.97393E-07 1.43299E-05 3.94656E-12
 -3
    1PSTEP                       187         187           1          
  100CL  287 1.870000000           4                     1  187           1
 -4  DISP        4    1
 -5  D1          1    2    1    0
 -5  D2          1    2    2    0
 -5  D3          1    2    3    0
 -5  ALL         1    2    0    0    1ALL
 -1        11-8.50992E-07-6.15137E-05-1.76650E-11
 -1       111 8.50992E-07-6.15137E-05 1.76640E-11
 -1       211-8.50992E-07-6.15137E-05 1.76640E-11
 -1       311 8.50992E-07-6.15137E-05-1.76650E-11
 -3
    1PSTEP                       188         188           1          
  100CL  288 1.880000000           4                     1  188           1
 -4  DISP        4    1
 -5  D1          1    2    1    0
 -5  D2          1    2    2    0
 -5  D3          1    2    3    0
 -5  ALL         1    2    0    0    1ALL
 -1        11-1.35804E-07-9.76319E-06-3.04338E-12
 -1       111 1.35804E-07-9.76319E-06 3.04332E-12
 -1       211-1.35804E-07-9.76319E-06 3.04332E-12
 -1       311 1.35804E-07-9.76319E-06-3.04338E-12
 -3
    1PSTEP                       189         189           1          
  100CL  289 1.890000000           4                     1  189           1
 -4  DISP        4    1
 -5  D1          1    2    1    0
 -5  D2          1    2    2    0
 -5  D3          1    2    3    0
 -5  ALL         1    2    0    0    1ALL
 -1        11 8.00072E-07 5.77505E-05 1.69620E-11
 -1       111-8.00072E-07 5.77505E-05-1.69611E-11
 -1       211 8.00072E-07 5.77505E-05-1.69611E-11
 -1       311-8.00072E-07 5.77505E-05 1.69620E-11
 -3
    1PSTEP                       190         190           1          
  100CL  290 1.900000000           4                     1  190           1
 -4  DISP        4    1
 -5  D1          1    2    1    0
 -5  D2          1    2    2    0
 -5  D3          1    2    3    0
 -5  ALL         1    2    0    0    1ALL
 -1        11 7.85332E-08 5.67842E-06 1.53063E-12
 -1       111-7.85332E-08 5.67842E-06-1.53066E-12
 -1       211 7.85332E-08 5.67842E-06-1.53066E-12
 -1       311-7.85332E-08 5.67842E-06 1.53063E-12
 -3
    1PSTEP                       191         191           1          
  100CL  291 1.910000000           4                     1  191           1
 -4  DISP        4    1
 -5  D1          1    2    1    0
 -5  D2          1    2    2    0
 -5  D3          1    2    3    0
 -5  ALL         1    2    0    0    1ALL
 -1        11-7.47615E-07-5.39798E-05-1.56193E-11
 -1       111 7.47615E-07-5.39798E-05 1.56183E-11
 -1       211-7.47615E-07-5.39798E-05 1.56183E-11
 -1       311 7.47615E-07-5.39798E-05-1.56193E-11
 -3
    1PSTEP                       192         192           1          
  100CL  292 1.920000000           4                     1  192           1
 -4  DISP        4    1
 -5  D1          1    2    1    0
 -5  D2          1    2    2    0
 -5  D3          1    2    3    0
 -5  ALL         1    2    0    0    1ALL
 -1        11-2.90311E-08-2.11471E-06-6.66949E-13
 -1       111 2.90311E-08-2.11471E-06 6.67003E-13
 -1       211-2.90311E-08-2.11471E-06 6.67003E-13
 -1       311 2.90311E-08-2.11471E-06-6.66949E-13
 -3
    1PSTEP                       193         193           1          
  100CL  293 1.930000000           4                     1  193           1
 -4  DISP        4    1
 -5  D1          1    2    1    0
 -5  D2          1    2    2    0
 -5  D3          1    2    3    0
 -5  ALL         1    2    0    0    1ALL
 -1        11 6.95631E-07 5.02583E-05 1.46538E-11
 -1       111-6.95631E-07 5.02583E-05-1.46529E-11
 -1       211 6.95631E-07 5.02583E-05-1.46529E-11
 -1       311-6.95631E-07 5.02583E-05 1.46538E-11
 -3
    1PSTEP                       194         194           1          
  100CL  294 1.940000000           4                     1  194           1
 -4  DISP        4    1
 -5  D1          1    2    1    0
 -5  D2          1    2    2    0
 -5  D3          1    2    3    0
 -5  ALL         1    2    0    0    1ALL
 -1        11-1.28084E-08-9.52394E-07-3.10088E-13
 -1       111 1.28084E-08-9.52394E-07 3.09980E-13
 -1       211-1.28084E-08-9.52394E-07 3.09980E-13
 -1       311 1.28084E-08-9.52394E-07-3.10088E-13
 -3
    1PSTEP                       195         195           1          
  100CL  295 1.950000000           4                     1  195           1
 -4  DISP        4    1
 -5  D1          1    2    1    0
 -5  D2          1    2    2    0
 -5  D3          1    2    3    0
 -5  ALL         1    2    0    0    1ALL
 -1        11-6.46484E-07-4.66580E-05-1.35281E-11
 -1       111 6.46484E-07-4.66580E-05 1.35272E-11
 -1       211-6.46484E-07-4.66580E-05 1.35272E-11
 -1       311 6.46484E-07-4.66580E-05-1.35281E-11
 -3
    1PSTEP                       196         196           1          
  100CL  296 1.960000000           4                     1  196           1
 -4  DISP        4    1
 -5  D1          1    2    1    0
 -5  D2          1    2    2    0
 -5  D3          1    2    3    0
 -5  ALL         1    2    0    0    1ALL
 -1        11 5.06077E-08 3.63232E-06 9.93781E-13
 -1       111-5.06077E-08 3.63232E-06-9.93630E-13
 -1       211 5.06077E-08 3.63232E-06-9.93630E-13
 -1       311-5.06077E-08 3.63232E-06 9.93781E-13
 -3
    1PSTEP                       197         197           1          
  100CL  297 1.970000000           4                     1  197           1
 -4  DISP        4    1
 -5  D1          1    2    1    0
 -5  D2          1    2    2    0
 -5  D3          1    2    3    0
 -5  ALL         1    2    0    0    1ALL
 -1        11 5.96855E-07 4.31166E-05 1.26297E-11
 -1       111-5.96855E-07 4.31166E-05-1.26290E-11
 -1       211 5.96855E-07 4.31166E-05-1.26290E-11
 -1       311-5.96855E-07 4.31166E-05 1.26297E-11
 -3
    1PSTEP                       198         198           1          
  100CL  298 1.980000000           4                     1  198           1
 -4  DISP        4    1
 -5  D1          1    2    1    0
 -5  D2          1    2    2    0
 -5  D3          1    2    3    0
 -5  ALL         1    2    0    0    1ALL
 -1        11-8.13019E-08-5.88006E-06-1.82738E-12
 -1       111 8.13019E-08-5.88006E-06 1.82718E-12
 -1       211-8.13019E-08-5.88006E-06 1.82718E-12
 -1       311 8.13019E-08-5.88006E-06-1.82738E-12
 -3
    1PSTEP                       199         199           1          
  100CL  299 1.990000000           4                     1  199           1
 -4  DISP        4    1
 -5  D1          1    2    1    0
 -5  D2          1    2    2    0
 -5  D3          1    2    3    0
 -5  ALL         1    2    0    0    1ALL
 -1        11-5.50100E-07-3.97223E-05-1.14096E-11
 -1       111 5.50100E-07-3.97223E-05 1.14089E-11
 -1       211-5.50100E-07-3.97223E-05 1.14089E-11
 -1       311 5.50100E-07-3.97223E-05-1.14096E-11
 -3
    1PSTEP                       200         200           1          
  100CL  300 2.000000000           4                     1  200           1
 -4  DISP        4    1
 -5  D1          1    2    1    0
 -5  D2          1    2    2    0
 -5  D3          1    2    3    0
 -5  ALL         1    2    0    0    1ALL
 -1        11 1.07777E-07 7.78756E-06 2.09823E-12
 -1       111-1.07777E-07 7.78756E-06-2.09798E-12
 -1       211 1.07777E-07 7.78756E-06-2.09798E-12
 -1       311-1.07777E-07 7.78756E-06 2.09823E-12
 -3
 9999
