ISO-10303-21;
HEADER;
FILE_DESCRIPTION(('Open CASCADE Model'),'2;1');
FILE_NAME('Open CASCADE Shape Model','2026-08-28T10:27:34',('Author'),(
    'Open CASCADE'),'Open CASCADE STEP processor 7.7','Open CASCADE 7.7'
  ,'Unknown');
FILE_SCHEMA(('AUTOMOTIVE_DESIGN { 1 0 10303 214 1 1 1 1 }'));
ENDSEC;
DATA;
#1 = APPLICATION_PROTOCOL_DEFINITION('international standard',
  'automotive_design',2000,#2);
#2 = APPLICATION_CONTEXT(
  'core data for automotive mechanical design processes');
#3 = SHAPE_DEFINITION_REPRESENTATION(#4,#10);
#4 = PRODUCT_DEFINITION_SHAPE('','',#5);
#5 = PRODUCT_DEFINITION('design','',#6,#9);
#6 = PRODUCT_DEFINITION_FORMATION('','',#7);
#7 = PRODUCT('Open CASCADE STEP translator 7.7 1',
  'Open CASCADE STEP translator 7.7 1','',(#8));
#8 = PRODUCT_CONTEXT('',#2,'mechanical');
#9 = PRODUCT_DEFINITION_CONTEXT('part definition',#2,'design');
#10 = ADVANCED_BREP_SHAPE_REPRESENTATION('',(#11,#15),#3431);
#11 = AXIS2_PLACEMENT_3D('',#12,#13,#14);
#12 = CARTESIAN_POINT('',(0.,0.,0.));
#13 = DIRECTION('',(0.,0.,1.));
#14 = DIRECTION('',(1.,0.,-0.));
#15 = MANIFOLD_SOLID_BREP('',#16);
#16 = CLOSED_SHELL('',(#17,#105,#144,#179,#590,#986,#1414,#2156,#2315,
    #2474,#2501,#2671,#2697,#2747,#2797,#2823,#2993,#3019,#3069,#3119,
    #3145,#3172,#3201,#3230,#3259,#3288,#3315,#3344,#3373,#3402));
#17 = ADVANCED_FACE('',(#18),#32,.T.);
#18 = FACE_BOUND('',#19,.F.);
#19 = EDGE_LOOP('',(#20,#50,#77,#78));
#20 = ORIENTED_EDGE('',*,*,#21,.T.);
#21 = EDGE_CURVE('',#22,#24,#26,.T.);
#22 = VERTEX_POINT('',#23);
#23 = CARTESIAN_POINT('',(53.,35.,-6.));
#24 = VERTEX_POINT('',#25);
#25 = CARTESIAN_POINT('',(53.,35.,0.));
#26 = SEAM_CURVE('',#27,(#31,#43),.PCURVE_S1.);
#27 = LINE('',#28,#29);
#28 = CARTESIAN_POINT('',(53.,35.,-6.));
#29 = VECTOR('',#30,1.);
#30 = DIRECTION('',(0.,0.,1.));
#31 = PCURVE('',#32,#37);
#32 = CYLINDRICAL_SURFACE('',#33,18.);
#33 = AXIS2_PLACEMENT_3D('',#34,#35,#36);
#34 = CARTESIAN_POINT('',(35.,35.,-6.));
#35 = DIRECTION('',(-0.,-0.,-1.));
#36 = DIRECTION('',(1.,0.,0.));
#37 = DEFINITIONAL_REPRESENTATION('',(#38),#42);
#38 = LINE('',#39,#40);
#39 = CARTESIAN_POINT('',(-0.,0.));
#40 = VECTOR('',#41,1.);
#41 = DIRECTION('',(-0.,-1.));
#42 = ( GEOMETRIC_REPRESENTATION_CONTEXT(2) 
PARAMETRIC_REPRESENTATION_CONTEXT() REPRESENTATION_CONTEXT('2D SPACE',''
  ) );
#43 = PCURVE('',#32,#44);
#44 = DEFINITIONAL_REPRESENTATION('',(#45),#49);
#45 = LINE('',#46,#47);
#46 = CARTESIAN_POINT('',(-6.28318530718,0.));
#47 = VECTOR('',#48,1.);
#48 = DIRECTION('',(-0.,-1.));
#49 = ( GEOMETRIC_REPRESENTATION_CONTEXT(2) 
PARAMETRIC_REPRESENTATION_CONTEXT() REPRESENTATION_CONTEXT('2D SPACE',''
  ) );
#50 = ORIENTED_EDGE('',*,*,#51,.T.);
#51 = EDGE_CURVE('',#24,#24,#52,.T.);
#52 = SURFACE_CURVE('',#53,(#58,#65),.PCURVE_S1.);
#53 = CIRCLE('',#54,18.);
#54 = AXIS2_PLACEMENT_3D('',#55,#56,#57);
#55 = CARTESIAN_POINT('',(35.,35.,0.));
#56 = DIRECTION('',(0.,0.,1.));
#57 = DIRECTION('',(1.,0.,0.));
#58 = PCURVE('',#32,#59);
#59 = DEFINITIONAL_REPRESENTATION('',(#60),#64);
#60 = LINE('',#61,#62);
#61 = CARTESIAN_POINT('',(-0.,-6.));
#62 = VECTOR('',#63,1.);
#63 = DIRECTION('',(-1.,0.));
#64 = ( GEOMETRIC_REPRESENTATION_CONTEXT(2) 
PARAMETRIC_REPRESENTATION_CONTEXT() REPRESENTATION_CONTEXT('2D SPACE',''
  ) );
#65 = PCURVE('',#66,#71);
#66 = PLANE('',#67);
#67 = AXIS2_PLACEMENT_3D('',#68,#69,#70);
#68 = CARTESIAN_POINT('',(35.,35.,0.));
#69 = DIRECTION('',(0.,0.,1.));
#70 = DIRECTION('',(1.,0.,-0.));
#71 = DEFINITIONAL_REPRESENTATION('',(#72),#76);
#72 = CIRCLE('',#73,18.);
#73 = AXIS2_PLACEMENT_2D('',#74,#75);
#74 = CARTESIAN_POINT('',(0.,0.));
#75 = DIRECTION('',(1.,0.));
#76 = ( GEOMETRIC_REPRESENTATION_CONTEXT(2) 
PARAMETRIC_REPRESENTATION_CONTEXT() REPRESENTATION_CONTEXT('2D SPACE',''
  ) );
#77 = ORIENTED_EDGE('',*,*,#21,.F.);
#78 = ORIENTED_EDGE('',*,*,#79,.F.);
#79 = EDGE_CURVE('',#22,#22,#80,.T.);
#80 = SURFACE_CURVE('',#81,(#86,#93),.PCURVE_S1.);
#81 = CIRCLE('',#82,18.);
#82 = AXIS2_PLACEMENT_3D('',#83,#84,#85);
#83 = CARTESIAN_POINT('',(35.,35.,-6.));
#84 = DIRECTION('',(0.,0.,1.));
#85 = DIRECTION('',(1.,0.,0.));
#86 = PCURVE('',#32,#87);
#87 = DEFINITIONAL_REPRESENTATION('',(#88),#92);
#88 = LINE('',#89,#90);
#89 = CARTESIAN_POINT('',(-0.,0.));
#90 = VECTOR('',#91,1.);
#91 = DIRECTION('',(-1.,0.));
#92 = ( GEOMETRIC_REPRESENTATION_CONTEXT(2) 
PARAMETRIC_REPRESENTATION_CONTEXT() REPRESENTATION_CONTEXT('2D SPACE',''
  ) );
#93 = PCURVE('',#94,#99);
#94 = PLANE('',#95);
#95 = AXIS2_PLACEMENT_3D('',#96,#97,#98);
#96 = CARTESIAN_POINT('',(35.,35.,-6.));
#97 = DIRECTION('',(0.,0.,1.));
#98 = DIRECTION('',(1.,0.,-0.));
#99 = DEFINITIONAL_REPRESENTATION('',(#100),#104);
#100 = CIRCLE('',#101,18.);
#101 = AXIS2_PLACEMENT_2D('',#102,#103);
#102 = CARTESIAN_POINT('',(0.,0.));
#103 = DIRECTION('',(1.,0.));
#104 = ( GEOMETRIC_REPRESENTATION_CONTEXT(2) 
PARAMETRIC_REPRESENTATION_CONTEXT() REPRESENTATION_CONTEXT('2D SPACE',''
  ) );
#105 = ADVANCED_FACE('',(#106,#109),#94,.F.);
#106 = FACE_BOUND('',#107,.F.);
#107 = EDGE_LOOP('',(#108));
#108 = ORIENTED_EDGE('',*,*,#79,.T.);
#109 = FACE_BOUND('',#110,.F.);
#110 = EDGE_LOOP('',(#111));
#111 = ORIENTED_EDGE('',*,*,#112,.T.);
#112 = EDGE_CURVE('',#113,#113,#115,.T.);
#113 = VERTEX_POINT('',#114);
#114 = CARTESIAN_POINT('',(41.,35.,-6.));
#115 = SURFACE_CURVE('',#116,(#121,#132),.PCURVE_S1.);
#116 = CIRCLE('',#117,6.);
#117 = AXIS2_PLACEMENT_3D('',#118,#119,#120);
#118 = CARTESIAN_POINT('',(35.,35.,-6.));
#119 = DIRECTION('',(0.,0.,-1.));
#120 = DIRECTION('',(1.,0.,0.));
#121 = PCURVE('',#94,#122);
#122 = DEFINITIONAL_REPRESENTATION('',(#123),#131);
#123 = ( BOUNDED_CURVE() B_SPLINE_CURVE(2,(#124,#125,#126,#127,#128,#129
,#130),.UNSPECIFIED.,.T.,.F.) B_SPLINE_CURVE_WITH_KNOTS((1,2,2,2,2,1),(
    -2.094395102393,0.,2.094395102393,4.188790204786,6.28318530718,
8.377580409573),.UNSPECIFIED.) CURVE() GEOMETRIC_REPRESENTATION_ITEM() 
RATIONAL_B_SPLINE_CURVE((1.,0.5,1.,0.5,1.,0.5,1.)) REPRESENTATION_ITEM(
  '') );
#124 = CARTESIAN_POINT('',(6.,0.));
#125 = CARTESIAN_POINT('',(6.,-10.39230484541));
#126 = CARTESIAN_POINT('',(-3.,-5.196152422707));
#127 = CARTESIAN_POINT('',(-12.,-1.469576158977E-15));
#128 = CARTESIAN_POINT('',(-3.,5.196152422707));
#129 = CARTESIAN_POINT('',(6.,10.392304845413));
#130 = CARTESIAN_POINT('',(6.,0.));
#131 = ( GEOMETRIC_REPRESENTATION_CONTEXT(2) 
PARAMETRIC_REPRESENTATION_CONTEXT() REPRESENTATION_CONTEXT('2D SPACE',''
  ) );
#132 = PCURVE('',#133,#138);
#133 = CYLINDRICAL_SURFACE('',#134,6.);
#134 = AXIS2_PLACEMENT_3D('',#135,#136,#137);
#135 = CARTESIAN_POINT('',(35.,35.,-7.));
#136 = DIRECTION('',(-0.,-0.,-1.));
#137 = DIRECTION('',(1.,0.,0.));
#138 = DEFINITIONAL_REPRESENTATION('',(#139),#143);
#139 = LINE('',#140,#141);
#140 = CARTESIAN_POINT('',(-6.28318530718,-1.));
#141 = VECTOR('',#142,1.);
#142 = DIRECTION('',(1.,-0.));
#143 = ( GEOMETRIC_REPRESENTATION_CONTEXT(2) 
PARAMETRIC_REPRESENTATION_CONTEXT() REPRESENTATION_CONTEXT('2D SPACE',''
  ) );
#144 = ADVANCED_FACE('',(#145,#148),#66,.T.);
#145 = FACE_BOUND('',#146,.T.);
#146 = EDGE_LOOP('',(#147));
#147 = ORIENTED_EDGE('',*,*,#51,.T.);
#148 = FACE_BOUND('',#149,.T.);
#149 = EDGE_LOOP('',(#150));
#150 = ORIENTED_EDGE('',*,*,#151,.F.);
#151 = EDGE_CURVE('',#152,#152,#154,.T.);
#152 = VERTEX_POINT('',#153);
#153 = CARTESIAN_POINT('',(46.,35.,0.));
#154 = SURFACE_CURVE('',#155,(#160,#167),.PCURVE_S1.);
#155 = CIRCLE('',#156,11.);
#156 = AXIS2_PLACEMENT_3D('',#157,#158,#159);
#157 = CARTESIAN_POINT('',(35.,35.,0.));
#158 = DIRECTION('',(0.,0.,1.));
#159 = DIRECTION('',(1.,0.,0.));
#160 = PCURVE('',#66,#161);
#161 = DEFINITIONAL_REPRESENTATION('',(#162),#166);
#162 = CIRCLE('',#163,11.);
#163 = AXIS2_PLACEMENT_2D('',#164,#165);
#164 = CARTESIAN_POINT('',(0.,0.));
#165 = DIRECTION('',(1.,0.));
#166 = ( GEOMETRIC_REPRESENTATION_CONTEXT(2) 
PARAMETRIC_REPRESENTATION_CONTEXT() REPRESENTATION_CONTEXT('2D SPACE',''
  ) );
#167 = PCURVE('',#168,#173);
#168 = CYLINDRICAL_SURFACE('',#169,11.);
#169 = AXIS2_PLACEMENT_3D('',#170,#171,#172);
#170 = CARTESIAN_POINT('',(35.,35.,0.));
#171 = DIRECTION('',(-0.,-0.,-1.));
#172 = DIRECTION('',(1.,0.,0.));
#173 = DEFINITIONAL_REPRESENTATION('',(#174),#178);
#174 = LINE('',#175,#176);
#175 = CARTESIAN_POINT('',(-0.,0.));
#176 = VECTOR('',#177,1.);
#177 = DIRECTION('',(-1.,0.));
#178 = ( GEOMETRIC_REPRESENTATION_CONTEXT(2) 
PARAMETRIC_REPRESENTATION_CONTEXT() REPRESENTATION_CONTEXT('2D SPACE',''
  ) );
#179 = ADVANCED_FACE('',(#180),#133,.F.);
#180 = FACE_BOUND('',#181,.T.);
#181 = EDGE_LOOP('',(#182,#183,#206,#589));
#182 = ORIENTED_EDGE('',*,*,#112,.T.);
#183 = ORIENTED_EDGE('',*,*,#184,.T.);
#184 = EDGE_CURVE('',#113,#185,#187,.T.);
#185 = VERTEX_POINT('',#186);
#186 = CARTESIAN_POINT('',(41.,35.,18.));
#187 = SEAM_CURVE('',#188,(#192,#199),.PCURVE_S1.);
#188 = LINE('',#189,#190);
#189 = CARTESIAN_POINT('',(41.,35.,-7.));
#190 = VECTOR('',#191,1.);
#191 = DIRECTION('',(0.,0.,1.));
#192 = PCURVE('',#133,#193);
#193 = DEFINITIONAL_REPRESENTATION('',(#194),#198);
#194 = LINE('',#195,#196);
#195 = CARTESIAN_POINT('',(-6.28318530718,0.));
#196 = VECTOR('',#197,1.);
#197 = DIRECTION('',(-0.,-1.));
#198 = ( GEOMETRIC_REPRESENTATION_CONTEXT(2) 
PARAMETRIC_REPRESENTATION_CONTEXT() REPRESENTATION_CONTEXT('2D SPACE',''
  ) );
#199 = PCURVE('',#133,#200);
#200 = DEFINITIONAL_REPRESENTATION('',(#201),#205);
#201 = LINE('',#202,#203);
#202 = CARTESIAN_POINT('',(-0.,0.));
#203 = VECTOR('',#204,1.);
#204 = DIRECTION('',(-0.,-1.));
#205 = ( GEOMETRIC_REPRESENTATION_CONTEXT(2) 
PARAMETRIC_REPRESENTATION_CONTEXT() REPRESENTATION_CONTEXT('2D SPACE',''
  ) );
#206 = ORIENTED_EDGE('',*,*,#207,.T.);
#207 = EDGE_CURVE('',#185,#185,#208,.T.);
#208 = SURFACE_CURVE('',#209,(#332,#458),.PCURVE_S1.);
#209 = B_SPLINE_CURVE_WITH_KNOTS('',7,(#210,#211,#212,#213,#214,#215,
    #216,#217,#218,#219,#220,#221,#222,#223,#224,#225,#226,#227,#228,
    #229,#230,#231,#232,#233,#234,#235,#236,#237,#238,#239,#240,#241,
    #242,#243,#244,#245,#246,#247,#248,#249,#250,#251,#252,#253,#254,
    #255,#256,#257,#258,#259,#260,#261,#262,#263,#264,#265,#266,#267,
    #268,#269,#270,#271,#272,#273,#274,#275,#276,#277,#278,#279,#280,
    #281,#282,#283,#284,#285,#286,#287,#288,#289,#290,#291,#292,#293,
    #294,#295,#296,#297,#298,#299,#300,#301,#302,#303,#304,#305,#306,
    #307,#308,#309,#310,#311,#312,#313,#314,#315,#316,#317,#318,#319,
    #320,#321,#322,#323,#324,#325,#326,#327,#328,#329,#330,#331),
  .UNSPECIFIED.,.T.,.F.,(8,6,6,6,6,6,6,6,6,6,6,6,6,6,6,6,6,6,6,6,8),(0.,
    5.880063392684E-02,8.541057413854E-02,0.121789743715,0.168768558541,
    0.206813820457,0.250178851812,0.331776530258,0.379539673666,
    0.415695511442,0.46571448218,0.525116762444,0.55959217604,
    0.607418464642,0.669324814528,0.75048615457,0.793041415736,
    0.83172967303,0.915272844197,0.965091622267,1.),.UNSPECIFIED.);
#210 = CARTESIAN_POINT('',(41.,35.,18.));
#211 = CARTESIAN_POINT('',(41.,35.394619152463,18.));
#212 = CARTESIAN_POINT('',(40.969719970537,35.786098036828,
    18.015140039986));
#213 = CARTESIAN_POINT('',(40.910028962692,36.170195633293,
    18.044985410422));
#214 = CARTESIAN_POINT('',(40.822770553667,36.542788938553,
    18.088253896158));
#215 = CARTESIAN_POINT('',(40.710759152761,36.899999237891,
    18.14287283882));
#216 = CARTESIAN_POINT('',(40.577832779627,37.238309907837,
    18.206153824609));
#217 = CARTESIAN_POINT('',(40.361591711728,37.697845568601,
    18.306279463753));
#218 = CARTESIAN_POINT('',(40.290667585755,37.837133567121,
    18.338764542375));
#219 = CARTESIAN_POINT('',(40.216432001375,37.972544835879,
    18.372356694618));
#220 = CARTESIAN_POINT('',(40.139112111989,38.104091913077,
    18.406879987541));
#221 = CARTESIAN_POINT('',(40.058920383326,38.23179464465,
    18.442166643243));
#222 = CARTESIAN_POINT('',(39.976054816872,38.355680044718,
    18.478057588075));
#223 = CARTESIAN_POINT('',(39.77400716245,38.639977003528,18.56409180089
    ));
#224 = CARTESIAN_POINT('',(39.652634268148,38.797138339176,
    18.614641480949));
#225 = CARTESIAN_POINT('',(39.527003015618,38.947407011273,
    18.665687690753));
#226 = CARTESIAN_POINT('',(39.397476139072,39.090931650028,
    18.716899729645));
#227 = CARTESIAN_POINT('',(39.264361744915,39.227862710002,
    18.767976660524));
#228 = CARTESIAN_POINT('',(39.127918474952,39.358346512544,
    18.818643422774));
#229 = CARTESIAN_POINT('',(38.808140494911,39.642871761983,
    18.933219783107));
#230 = CARTESIAN_POINT('',(38.622689997018,39.792732326853,
    18.996699466953));
#231 = CARTESIAN_POINT('',(38.432538725981,39.932322635059,
    19.058514199939));
#232 = CARTESIAN_POINT('',(38.238127473783,40.061844674105,
    19.118145571932));
#233 = CARTESIAN_POINT('',(38.039821536199,40.181472990825,
    19.175121594843));
#234 = CARTESIAN_POINT('',(37.837923974678,40.291346915426,
    19.229009738006));
#235 = CARTESIAN_POINT('',(37.466481556312,40.472721474646,
    19.320226016253));
#236 = CARTESIAN_POINT('',(37.2980983905,40.547539750934,19.358751470034
    ));
#237 = CARTESIAN_POINT('',(37.127745389887,40.616035813075,
    19.394757244474));
#238 = CARTESIAN_POINT('',(36.955616703056,40.678224445528,
    19.428034117726));
#239 = CARTESIAN_POINT('',(36.781894736734,40.734115780362,
    19.45839403678));
#240 = CARTESIAN_POINT('',(36.606750274457,40.783714059069,
    19.485671427725));
#241 = CARTESIAN_POINT('',(36.229268291725,40.876373581934,
    19.537140863313));
#242 = CARTESIAN_POINT('',(36.026561995365,40.917548705712,
    19.56036709374));
#243 = CARTESIAN_POINT('',(35.822557897326,40.950514178204,
    19.579179337843));
#244 = CARTESIAN_POINT('',(35.61758301537,40.975251495334,
    19.593406404544));
#245 = CARTESIAN_POINT('',(35.411957372775,40.991749059064,
    19.602931699686));
#246 = CARTESIAN_POINT('',(35.205994177276,41.,19.607695154587));
#247 = CARTESIAN_POINT('',(34.612391687174,41.,19.607695154587));
#248 = CARTESIAN_POINT('',(34.225345836726,40.970787089304,
    19.590829130174));
#249 = CARTESIAN_POINT('',(33.840622359571,40.912511379194,
    19.557183453958));
#250 = CARTESIAN_POINT('',(33.460021936591,40.825230565115,
    19.50748177674));
#251 = CARTESIAN_POINT('',(33.085464090872,40.708940465905,
    19.443081531817));
#252 = CARTESIAN_POINT('',(32.719061408728,40.563656836598,
    19.365918174981));
#253 = CARTESIAN_POINT('',(32.154880778945,40.287634236569,
    19.227166796132));
#254 = CARTESIAN_POINT('',(31.950018809011,40.175765041131,
    19.172347928204));
#255 = CARTESIAN_POINT('',(31.748868675432,40.053839311043,
    19.11435941456));
#256 = CARTESIAN_POINT('',(31.551747351564,39.921709394762,
    19.053654424511));
#257 = CARTESIAN_POINT('',(31.359038565829,39.779190074788,
    18.990728120054));
#258 = CARTESIAN_POINT('',(31.171207259149,39.626067095796,
    18.926125337341));
#259 = CARTESIAN_POINT('',(30.850745668207,39.337989869024,
    18.810731911781));
#260 = CARTESIAN_POINT('',(30.715770397835,39.207642624867,
    18.760391784975));
#261 = CARTESIAN_POINT('',(30.58410153257,39.07092975563,18.709677138816
    ));
#262 = CARTESIAN_POINT('',(30.455995853972,38.927707688597,
    18.658858943626));
#263 = CARTESIAN_POINT('',(30.331758574719,38.777829305508,
    18.608233578699));
#264 = CARTESIAN_POINT('',(30.211748289467,38.621149765064,
    18.558126522029));
#265 = CARTESIAN_POINT('',(29.936780955882,38.231179503067,
    18.440789250388));
#266 = CARTESIAN_POINT('',(29.785701481676,37.991028615284,
    18.374203553461));
#267 = CARTESIAN_POINT('',(29.644678289775,37.737115575696,
    18.310253524983));
#268 = CARTESIAN_POINT('',(29.515301573976,37.469584756041,
    18.250140534619));
#269 = CARTESIAN_POINT('',(29.399233540098,37.188705570594,
    18.195131132487));
#270 = CARTESIAN_POINT('',(29.298228702191,36.894891260317,
    18.146527916614));
#271 = CARTESIAN_POINT('',(29.114315768853,36.225112268099,
    18.05706614136));
#272 = CARTESIAN_POINT('',(29.038127295384,35.843241058292,
    18.019259071772));
#273 = CARTESIAN_POINT('',(28.990321889619,35.44900328912,
    17.995160909015));
#274 = CARTESIAN_POINT('',(28.973529497395,35.048695183424,
    17.986661296838));
#275 = CARTESIAN_POINT('',(28.988432351425,34.64879609778,
    17.994261247388));
#276 = CARTESIAN_POINT('',(29.033781273183,34.255745377293,
    18.017020849466));
#277 = CARTESIAN_POINT('',(29.148350684806,33.655151488786,
    18.073539491011));
#278 = CARTESIAN_POINT('',(29.199525267119,33.43920360601,
    18.098653668271));
#279 = CARTESIAN_POINT('',(29.259248924639,33.228384354375,
    18.127752003546));
#280 = CARTESIAN_POINT('',(29.326928097199,33.02317013766,18.16041367004
    ));
#281 = CARTESIAN_POINT('',(29.401922611697,32.823997626172,
    18.19618142006));
#282 = CARTESIAN_POINT('',(29.48354131139,32.631263509724,
    18.234571738698));
#283 = CARTESIAN_POINT('',(29.692417717789,32.187378551305,
    18.33128733438));
#284 = CARTESIAN_POINT('',(29.825274544179,31.942157146964,
    18.391652110846));
#285 = CARTESIAN_POINT('',(29.968201509933,31.709544471971,
    18.455112484866));
#286 = CARTESIAN_POINT('',(30.119991247811,31.489335969587,
    18.520699672899));
#287 = CARTESIAN_POINT('',(30.279614400712,31.281267368975,
    18.58754629034));
#288 = CARTESIAN_POINT('',(30.446201404761,31.08504202168,
    18.654881228843));
#289 = CARTESIAN_POINT('',(30.842733220416,30.66129908882,
    18.808915412348));
#290 = CARTESIAN_POINT('',(31.077142320524,30.441308414065,
    18.895576621871));
#291 = CARTESIAN_POINT('',(31.320741212212,30.239787068646,
    18.980512550119));
#292 = CARTESIAN_POINT('',(31.572353571056,30.056171016258,
    19.062433688345));
#293 = CARTESIAN_POINT('',(31.831080477053,29.889968695369,
    19.140211600644));
#294 = CARTESIAN_POINT('',(32.096240722818,29.74080032566,
    19.212842356536));
#295 = CARTESIAN_POINT('',(32.722693677281,29.434904652819,
    19.36668237097));
#296 = CARTESIAN_POINT('',(33.088556438754,29.290100443174,
    19.443612695137));
#297 = CARTESIAN_POINT('',(33.462535813282,29.174193283961,
    19.507809854261));
#298 = CARTESIAN_POINT('',(33.842529493648,29.087199704395,
    19.557350261783));
#299 = CARTESIAN_POINT('',(34.22662665131,29.02911612698,19.590885007401
    ));
#300 = CARTESIAN_POINT('',(34.613034324295,29.,19.607695154587));
#301 = CARTESIAN_POINT('',(35.202897406369,29.,19.607695154587));
#302 = CARTESIAN_POINT('',(35.405766004407,29.008004730471,
    19.603073830735));
#303 = CARTESIAN_POINT('',(35.60831213736,29.02401023467,19.593832660927
    ));
#304 = CARTESIAN_POINT('',(35.810235985017,29.048010001555,
    19.580028183605));
#305 = CARTESIAN_POINT('',(36.011231400738,29.079992969149,
    19.561770230784));
#306 = CARTESIAN_POINT('',(36.210985748484,29.119941527897,
    19.539220161067));
#307 = CARTESIAN_POINT('',(36.589363809265,29.211365929747,
    19.488377994019));
#308 = CARTESIAN_POINT('',(36.768247913245,29.261461855097,
    19.460795141181));
#309 = CARTESIAN_POINT('',(36.945662864819,29.318113759482,
    19.429989535401));
#310 = CARTESIAN_POINT('',(37.121427062091,29.381325821654,
    19.39613612562));
#311 = CARTESIAN_POINT('',(37.295346355159,29.451108559356,
    19.359434350529));
#312 = CARTESIAN_POINT('',(37.467213913023,29.527477448978,
    19.320106680622));
#313 = CARTESIAN_POINT('',(38.00303497307,29.789625268908,
    19.188329893238));
#314 = CARTESIAN_POINT('',(38.358146083113,29.999343696475,
    19.087284388479));
#315 = CARTESIAN_POINT('',(38.701120025568,30.240200295876,
    18.977493558068));
#316 = CARTESIAN_POINT('',(39.030291133339,30.513355708645,
    18.861462246656));
#317 = CARTESIAN_POINT('',(39.343132764809,30.820351070774,
    18.742124687309));
#318 = CARTESIAN_POINT('',(39.635976601421,31.162887257001,
    18.62310713485));
#319 = CARTESIAN_POINT('',(40.063219044118,31.768820496934,
    18.440789250388));
#320 = CARTESIAN_POINT('',(40.214298518324,32.008971384716,
    18.374203553461));
#321 = CARTESIAN_POINT('',(40.355321710225,32.262884424305,
    18.310253524983));
#322 = CARTESIAN_POINT('',(40.484698426025,32.53041524396,
    18.250140534619));
#323 = CARTESIAN_POINT('',(40.600766459902,32.811294429406,
    18.195131132487));
#324 = CARTESIAN_POINT('',(40.701771297809,33.105108739683,
    18.146527916614));
#325 = CARTESIAN_POINT('',(40.844751169521,33.625816623814,
    18.076977434673));
#326 = CARTESIAN_POINT('',(40.895322761741,33.846336704684,
    18.052117780378));
#327 = CARTESIAN_POINT('',(40.936688633957,34.071774055944,
    18.031611269942));
#328 = CARTESIAN_POINT('',(40.968192130843,34.301015268113,
    18.015903942405));
#329 = CARTESIAN_POINT('',(40.989380206235,34.532912986916,
    18.005309893467));
#330 = CARTESIAN_POINT('',(41.,34.766299392059,18.));
#331 = CARTESIAN_POINT('',(41.,35.,18.));
#332 = PCURVE('',#133,#333);
#333 = DEFINITIONAL_REPRESENTATION('',(#334),#457);
#334 = B_SPLINE_CURVE_WITH_KNOTS('',7,(#335,#336,#337,#338,#339,#340,
    #341,#342,#343,#344,#345,#346,#347,#348,#349,#350,#351,#352,#353,
    #354,#355,#356,#357,#358,#359,#360,#361,#362,#363,#364,#365,#366,
    #367,#368,#369,#370,#371,#372,#373,#374,#375,#376,#377,#378,#379,
    #380,#381,#382,#383,#384,#385,#386,#387,#388,#389,#390,#391,#392,
    #393,#394,#395,#396,#397,#398,#399,#400,#401,#402,#403,#404,#405,
    #406,#407,#408,#409,#410,#411,#412,#413,#414,#415,#416,#417,#418,
    #419,#420,#421,#422,#423,#424,#425,#426,#427,#428,#429,#430,#431,
    #432,#433,#434,#435,#436,#437,#438,#439,#440,#441,#442,#443,#444,
    #445,#446,#447,#448,#449,#450,#451,#452,#453,#454,#455,#456),
  .UNSPECIFIED.,.F.,.F.,(8,6,6,6,6,6,6,6,6,6,6,6,6,6,6,6,6,6,6,6,8),(0.,
    5.880063392684E-02,8.541057413854E-02,0.121789743715,0.168768558541,
    0.206813820457,0.250178851812,0.331776530258,0.379539673666,
    0.415695511442,0.46571448218,0.525116762444,0.55959217604,
    0.607418464642,0.669324814528,0.75048615457,0.793041415736,
    0.83172967303,0.915272844197,0.965091622267,1.),.UNSPECIFIED.);
#335 = CARTESIAN_POINT('',(0.,-25.));
#336 = CARTESIAN_POINT('',(-6.576985874384E-02,-25.));
#337 = CARTESIAN_POINT('',(-0.131016298466,-25.01514003998));
#338 = CARTESIAN_POINT('',(-0.195497420336,-25.04498541042));
#339 = CARTESIAN_POINT('',(-0.258956710084,-25.08825389615));
#340 = CARTESIAN_POINT('',(-0.321097627221,-25.14287283882));
#341 = CARTESIAN_POINT('',(-0.381549249342,-25.2061538246));
#342 = CARTESIAN_POINT('',(-0.466194460363,-25.30627946375));
#343 = CARTESIAN_POINT('',(-0.492232728644,-25.33876454237));
#344 = CARTESIAN_POINT('',(-0.517951297746,-25.37235669461));
#345 = CARTESIAN_POINT('',(-0.54336252169,-25.40687998754));
#346 = CARTESIAN_POINT('',(-0.56847796105,-25.44216664324));
#347 = CARTESIAN_POINT('',(-0.593308756878,-25.47805758807));
#348 = CARTESIAN_POINT('',(-0.651438882804,-25.56409180089));
#349 = CARTESIAN_POINT('',(-0.684508203746,-25.61464148094));
#350 = CARTESIAN_POINT('',(-0.717114008278,-25.66568769075));
#351 = CARTESIAN_POINT('',(-0.749295067021,-25.71689972964));
#352 = CARTESIAN_POINT('',(-0.78108935006,-25.76797666052));
#353 = CARTESIAN_POINT('',(-0.812534496602,-25.81864342277));
#354 = CARTESIAN_POINT('',(-0.883873393209,-25.9332197831));
#355 = CARTESIAN_POINT('',(-0.923567428772,-25.99669946695));
#356 = CARTESIAN_POINT('',(-0.96281495478,-26.05851419993));
#357 = CARTESIAN_POINT('',(-1.001677749911,-26.11814557193));
#358 = CARTESIAN_POINT('',(-1.040215777971,-26.17512159484));
#359 = CARTESIAN_POINT('',(-1.078488157807,-26.229009738));
#360 = CARTESIAN_POINT('',(-1.147381432937,-26.32022601625));
#361 = CARTESIAN_POINT('',(-1.178070921526,-26.35875147003));
#362 = CARTESIAN_POINT('',(-1.208640932076,-26.39475724447));
#363 = CARTESIAN_POINT('',(-1.239109393167,-26.42803411772));
#364 = CARTESIAN_POINT('',(-1.26949427962,-26.45839403678));
#365 = CARTESIAN_POINT('',(-1.299814063255,-26.48567142772));
#366 = CARTESIAN_POINT('',(-1.364595412265,-26.53714086331));
#367 = CARTESIAN_POINT('',(-1.399041721594,-26.56036709374));
#368 = CARTESIAN_POINT('',(-1.433439047819,-26.57917933784));
#369 = CARTESIAN_POINT('',(-1.467799734456,-26.59340640454));
#370 = CARTESIAN_POINT('',(-1.502136756389,-26.60293169968));
#371 = CARTESIAN_POINT('',(-1.536463963916,-26.60769515458));
#372 = CARTESIAN_POINT('',(-1.635397712266,-26.60769515458));
#373 = CARTESIAN_POINT('',(-1.699905319104,-26.59082913017));
#374 = CARTESIAN_POINT('',(-1.764466356659,-26.55718345395));
#375 = CARTESIAN_POINT('',(-1.829214983398,-26.50748177674));
#376 = CARTESIAN_POINT('',(-1.894277845133,-26.44308153181));
#377 = CARTESIAN_POINT('',(-1.959773116389,-26.36591817498));
#378 = CARTESIAN_POINT('',(-2.064453616901,-26.22716679613));
#379 = CARTESIAN_POINT('',(-2.103317216964,-26.1723479282));
#380 = CARTESIAN_POINT('',(-2.142456143756,-26.11435941456));
#381 = CARTESIAN_POINT('',(-2.181932553812,-26.05365442451));
#382 = CARTESIAN_POINT('',(-2.221809505775,-25.99072812005));
#383 = CARTESIAN_POINT('',(-2.262152004636,-25.92612533734));
#384 = CARTESIAN_POINT('',(-2.333970471747,-25.81073191178));
#385 = CARTESIAN_POINT('',(-2.365223808018,-25.76039178497));
#386 = CARTESIAN_POINT('',(-2.396825044754,-25.70967713881));
#387 = CARTESIAN_POINT('',(-2.428811022083,-25.65885894362));
#388 = CARTESIAN_POINT('',(-2.461218892654,-25.60823357869));
#389 = CARTESIAN_POINT('',(-2.494086583987,-25.55812652202));
#390 = CARTESIAN_POINT('',(-2.573613630361,-25.44078925038));
#391 = CARTESIAN_POINT('',(-2.62083505049,-25.37420355346));
#392 = CARTESIAN_POINT('',(-2.66912576789,-25.31025352498));
#393 = CARTESIAN_POINT('',(-2.718507509758,-25.25014053461));
#394 = CARTESIAN_POINT('',(-2.76901397227,-25.19513113248));
#395 = CARTESIAN_POINT('',(-2.820692647525,-25.14652791661));
#396 = CARTESIAN_POINT('',(-2.936454359851,-25.05706614136));
#397 = CARTESIAN_POINT('',(-3.001190047066,-25.01925907177));
#398 = CARTESIAN_POINT('',(-3.067066532993,-24.99516090901));
#399 = CARTESIAN_POINT('',(-3.133469931082,-24.98666129683));
#400 = CARTESIAN_POINT('',(-3.19984293209,-24.99426124738));
#401 = CARTESIAN_POINT('',(-3.265607199313,-25.01702084946));
#402 = CARTESIAN_POINT('',(-3.367511180397,-25.07353949101));
#403 = CARTESIAN_POINT('',(-3.404463214018,-25.09865366827));
#404 = CARTESIAN_POINT('',(-3.440928120761,-25.12775200354));
#405 = CARTESIAN_POINT('',(-3.47688541612,-25.16041367004));
#406 = CARTESIAN_POINT('',(-3.51230904829,-25.19618142006));
#407 = CARTESIAN_POINT('',(-3.547166122456,-25.23457173869));
#408 = CARTESIAN_POINT('',(-3.628928516939,-25.33128733438));
#409 = CARTESIAN_POINT('',(-3.675336972215,-25.39165211084));
#410 = CARTESIAN_POINT('',(-3.72073370608,-25.45511248486));
#411 = CARTESIAN_POINT('',(-3.765202638407,-25.52069967289));
#412 = CARTESIAN_POINT('',(-3.808823312976,-25.58754629034));
#413 = CARTESIAN_POINT('',(-3.851673474462,-25.65488122884));
#414 = CARTESIAN_POINT('',(-3.948396956899,-25.80891541234));
#415 = CARTESIAN_POINT('',(-4.001863048248,-25.89557662187));
#416 = CARTESIAN_POINT('',(-4.054392410905,-25.98051255011));
#417 = CARTESIAN_POINT('',(-4.106138828486,-26.06243368834));
#418 = CARTESIAN_POINT('',(-4.157249667452,-26.14021160064));
#419 = CARTESIAN_POINT('',(-4.207870009979,-26.21284235653));
#420 = CARTESIAN_POINT('',(-4.3240613592,-26.36668237097));
#421 = CARTESIAN_POINT('',(-4.389444578482,-26.44361269513));
#422 = CARTESIAN_POINT('',(-4.454397985821,-26.50780985426));
#423 = CARTESIAN_POINT('',(-4.519038992956,-26.55735026178));
#424 = CARTESIAN_POINT('',(-4.583493457026,-26.5908850074));
#425 = CARTESIAN_POINT('',(-4.6478947011,-26.60769515458));
#426 = CARTESIAN_POINT('',(-4.74620521478,-26.60769515458));
#427 = CARTESIAN_POINT('',(-4.780016655279,-26.60307383073));
#428 = CARTESIAN_POINT('',(-4.813837490741,-26.59383266092));
#429 = CARTESIAN_POINT('',(-4.847680870886,-26.5800281836));
#430 = CARTESIAN_POINT('',(-4.881559130698,-26.56177023078));
#431 = CARTESIAN_POINT('',(-4.915484014835,-26.53922016106));
#432 = CARTESIAN_POINT('',(-4.980361758436,-26.48837799401));
#433 = CARTESIAN_POINT('',(-5.01130278026,-26.46079514118));
#434 = CARTESIAN_POINT('',(-5.042310579755,-26.4299895354));
#435 = CARTESIAN_POINT('',(-5.073404726165,-26.39613612562));
#436 = CARTESIAN_POINT('',(-5.104604241169,-26.35943435052));
#437 = CARTESIAN_POINT('',(-5.135928094321,-26.32010668062));
#438 = CARTESIAN_POINT('',(-5.235346638294,-26.18832989323));
#439 = CARTESIAN_POINT('',(-5.303870956041,-26.08728438847));
#440 = CARTESIAN_POINT('',(-5.373371517136,-25.97749355806));
#441 = CARTESIAN_POINT('',(-5.444234866667,-25.86146224665));
#442 = CARTESIAN_POINT('',(-5.516854779228,-25.7421246873));
#443 = CARTESIAN_POINT('',(-5.591637679963,-25.62310713485));
#444 = CARTESIAN_POINT('',(-5.715206283951,-25.44078925038));
#445 = CARTESIAN_POINT('',(-5.76242770408,-25.37420355346));
#446 = CARTESIAN_POINT('',(-5.81071842148,-25.31025352498));
#447 = CARTESIAN_POINT('',(-5.860100163348,-25.25014053461));
#448 = CARTESIAN_POINT('',(-5.91060662586,-25.19513113248));
#449 = CARTESIAN_POINT('',(-5.962285301115,-25.14652791661));
#450 = CARTESIAN_POINT('',(-6.052282206048,-25.07697743467));
#451 = CARTESIAN_POINT('',(-6.089955494671,-25.05211778037));
#452 = CARTESIAN_POINT('',(-6.128096094577,-25.03161126994));
#453 = CARTESIAN_POINT('',(-6.166591329594,-25.0159039424));
#454 = CARTESIAN_POINT('',(-6.205337473702,-25.00530989346));
#455 = CARTESIAN_POINT('',(-6.244235205856,-25.));
#456 = CARTESIAN_POINT('',(-6.28318530718,-25.));
#457 = ( GEOMETRIC_REPRESENTATION_CONTEXT(2) 
PARAMETRIC_REPRESENTATION_CONTEXT() REPRESENTATION_CONTEXT('2D SPACE',''
  ) );
#458 = PCURVE('',#459,#464);
#459 = CYLINDRICAL_SURFACE('',#460,12.);
#460 = AXIS2_PLACEMENT_3D('',#461,#462,#463);
#461 = CARTESIAN_POINT('',(-8.,35.,30.));
#462 = DIRECTION('',(-1.,-0.,-0.));
#463 = DIRECTION('',(0.,1.,0.));
#464 = DEFINITIONAL_REPRESENTATION('',(#465),#588);
#465 = B_SPLINE_CURVE_WITH_KNOTS('',7,(#466,#467,#468,#469,#470,#471,
    #472,#473,#474,#475,#476,#477,#478,#479,#480,#481,#482,#483,#484,
    #485,#486,#487,#488,#489,#490,#491,#492,#493,#494,#495,#496,#497,
    #498,#499,#500,#501,#502,#503,#504,#505,#506,#507,#508,#509,#510,
    #511,#512,#513,#514,#515,#516,#517,#518,#519,#520,#521,#522,#523,
    #524,#525,#526,#527,#528,#529,#530,#531,#532,#533,#534,#535,#536,
    #537,#538,#539,#540,#541,#542,#543,#544,#545,#546,#547,#548,#549,
    #550,#551,#552,#553,#554,#555,#556,#557,#558,#559,#560,#561,#562,
    #563,#564,#565,#566,#567,#568,#569,#570,#571,#572,#573,#574,#575,
    #576,#577,#578,#579,#580,#581,#582,#583,#584,#585,#586,#587),
  .UNSPECIFIED.,.T.,.F.,(8,6,6,6,6,6,6,6,6,6,6,6,6,6,6,6,6,6,6,6,8),(0.,
    5.880063392684E-02,8.541057413854E-02,0.121789743715,0.168768558541,
    0.206813820457,0.250178851812,0.331776530258,0.379539673666,
    0.415695511442,0.46571448218,0.525116762444,0.55959217604,
    0.607418464642,0.669324814528,0.75048615457,0.793041415736,
    0.83172967303,0.915272844197,0.965091622267,1.),.UNSPECIFIED.);
#466 = CARTESIAN_POINT('',(-4.712388980385,-49.));
#467 = CARTESIAN_POINT('',(-4.745273909757,-49.));
#468 = CARTESIAN_POINT('',(-4.777897196275,-48.96971997053));
#469 = CARTESIAN_POINT('',(-4.809963249676,-48.91002896269));
#470 = CARTESIAN_POINT('',(-4.841183031161,-48.82277055366));
#471 = CARTESIAN_POINT('',(-4.871269104243,-48.71075915276));
#472 = CARTESIAN_POINT('',(-4.899938076704,-48.57783277962));
#473 = CARTESIAN_POINT('',(-4.939131167713,-48.36159171172));
#474 = CARTESIAN_POINT('',(-4.951048728867,-48.29066758575));
#475 = CARTESIAN_POINT('',(-4.962673248676,-48.21643200137));
#476 = CARTESIAN_POINT('',(-4.974004958641,-48.13911211198));
#477 = CARTESIAN_POINT('',(-4.985044262821,-48.05892038332));
#478 = CARTESIAN_POINT('',(-4.995791810484,-47.97605481687));
#479 = CARTESIAN_POINT('',(-5.020544286028,-47.77400716245));
#480 = CARTESIAN_POINT('',(-5.034299788123,-47.65263426814));
#481 = CARTESIAN_POINT('',(-5.047522264308,-47.52700301561));
#482 = CARTESIAN_POINT('',(-5.060218762672,-47.39747613907));
#483 = CARTESIAN_POINT('',(-5.072395909178,-47.26436174491));
#484 = CARTESIAN_POINT('',(-5.08405962673,-47.12791847495));
#485 = CARTESIAN_POINT('',(-5.109620333324,-46.80814049491));
#486 = CARTESIAN_POINT('',(-5.123180761206,-46.62268999701));
#487 = CARTESIAN_POINT('',(-5.135900305231,-46.43253872598));
#488 = CARTESIAN_POINT('',(-5.147780810649,-46.23812747378));
#489 = CARTESIAN_POINT('',(-5.15882158332,-46.03982153619));
#490 = CARTESIAN_POINT('',(-5.169019172442,-45.83792397467));
#491 = CARTESIAN_POINT('',(-5.185937509829,-45.46648155631));
#492 = CARTESIAN_POINT('',(-5.192950070493,-45.2980983905));
#493 = CARTESIAN_POINT('',(-5.199398314736,-45.12774538988));
#494 = CARTESIAN_POINT('',(-5.205275756338,-44.95561670305));
#495 = CARTESIAN_POINT('',(-5.210576036422,-44.78189473673));
#496 = CARTESIAN_POINT('',(-5.215293016478,-44.60675027445));
#497 = CARTESIAN_POINT('',(-5.224125913471,-44.22926829172));
#498 = CARTESIAN_POINT('',(-5.228065351423,-44.02656199536));
#499 = CARTESIAN_POINT('',(-5.231228259655,-43.82255789732));
#500 = CARTESIAN_POINT('',(-5.233606315323,-43.61758301537));
#501 = CARTESIAN_POINT('',(-5.235193825775,-43.41195737277));
#502 = CARTESIAN_POINT('',(-5.235987755983,-43.20599417727));
#503 = CARTESIAN_POINT('',(-5.235987755983,-42.61239168717));
#504 = CARTESIAN_POINT('',(-5.233176767559,-42.22534583672));
#505 = CARTESIAN_POINT('',(-5.227569100326,-41.84062235957));
#506 = CARTESIAN_POINT('',(-5.219199342185,-41.46002193659));
#507 = CARTESIAN_POINT('',(-5.208123468445,-41.08546409087));
#508 = CARTESIAN_POINT('',(-5.194418293989,-40.71906140872));
#509 = CARTESIAN_POINT('',(-5.168673766407,-40.15488077894));
#510 = CARTESIAN_POINT('',(-5.15829276597,-39.95001880901));
#511 = CARTESIAN_POINT('',(-5.147042927812,-39.74886867543));
#512 = CARTESIAN_POINT('',(-5.134927714316,-39.55174735156));
#513 = CARTESIAN_POINT('',(-5.121947636064,-39.35903856582));
#514 = CARTESIAN_POINT('',(-5.108100498264,-39.17120725914));
#515 = CARTESIAN_POINT('',(-5.08223974249,-38.8507456682));
#516 = CARTESIAN_POINT('',(-5.070596464014,-38.71577039783));
#517 = CARTESIAN_POINT('',(-5.058446875049,-38.58410153257));
#518 = CARTESIAN_POINT('',(-5.04578511402,-38.45599585397));
#519 = CARTESIAN_POINT('',(-5.032604666311,-38.33175857471));
#520 = CARTESIAN_POINT('',(-5.01889863608,-38.21174828946));
#521 = CARTESIAN_POINT('',(-4.984961926138,-37.93678095588));
#522 = CARTESIAN_POINT('',(-4.964199283466,-37.78570148167));
#523 = CARTESIAN_POINT('',(-4.942389215721,-37.64467828977));
#524 = CARTESIAN_POINT('',(-4.919553575989,-37.51530157397));
#525 = CARTESIAN_POINT('',(-4.895718243307,-37.39923354009));
#526 = CARTESIAN_POINT('',(-4.870913023328,-37.29822870219));
#527 = CARTESIAN_POINT('',(-4.814602419701,-37.11431576885));
#528 = CARTESIAN_POINT('',(-4.782642683509,-37.03812729538));
#529 = CARTESIAN_POINT('',(-4.749766707989,-36.99032188961));
#530 = CARTESIAN_POINT('',(-4.716447793749,-36.97352949739));
#531 = CARTESIAN_POINT('',(-4.683158063231,-36.98843235142));
#532 = CARTESIAN_POINT('',(-4.650370067092,-37.03378127318));
#533 = CARTESIAN_POINT('',(-4.600099453868,-37.1483506848));
#534 = CARTESIAN_POINT('',(-4.581986889573,-37.19952526711));
#535 = CARTESIAN_POINT('',(-4.564258401239,-37.25924892463));
#536 = CARTESIAN_POINT('',(-4.546948347246,-37.32692809719));
#537 = CARTESIAN_POINT('',(-4.530090085952,-37.40192261169));
#538 = CARTESIAN_POINT('',(-4.513716001085,-37.48354131139));
#539 = CARTESIAN_POINT('',(-4.475857734452,-37.69241771778));
#540 = CARTESIAN_POINT('',(-4.454820148435,-37.82527454417));
#541 = CARTESIAN_POINT('',(-4.434736888185,-37.96820150993));
#542 = CARTESIAN_POINT('',(-4.415597956318,-38.11999124781));
#543 = CARTESIAN_POINT('',(-4.397391879203,-38.27961440071));
#544 = CARTESIAN_POINT('',(-4.380106633462,-38.44620140476));
#545 = CARTESIAN_POINT('',(-4.342534055286,-38.84273322041));
#546 = CARTESIAN_POINT('',(-4.322837226851,-39.07714232052));
#547 = CARTESIAN_POINT('',(-4.304620706835,-39.32074121221));
#548 = CARTESIAN_POINT('',(-4.287870967362,-39.57235357105));
#549 = CARTESIAN_POINT('',(-4.272582122769,-39.83108047705));
#550 = CARTESIAN_POINT('',(-4.258757433082,-40.09624072281));
#551 = CARTESIAN_POINT('',(-4.230223959477,-40.72269367728));
#552 = CARTESIAN_POINT('',(-4.21656314434,-41.08855643875));
#553 = CARTESIAN_POINT('',(-4.205523369051,-41.46253581328));
#554 = CARTESIAN_POINT('',(-4.197181058749,-41.84252949364));
#555 = CARTESIAN_POINT('',(-4.191591880497,-42.22662665131));
#556 = CARTESIAN_POINT('',(-4.188790204786,-42.61303432429));
#557 = CARTESIAN_POINT('',(-4.188790204786,-43.20289740636));
#558 = CARTESIAN_POINT('',(-4.189560444782,-43.4057660044));
#559 = CARTESIAN_POINT('',(-4.191100604153,-43.60831213736));
#560 = CARTESIAN_POINT('',(-4.193407823924,-43.81023598501));
#561 = CARTESIAN_POINT('',(-4.196476731609,-44.01123140073));
#562 = CARTESIAN_POINT('',(-4.200299466066,-44.21098574848));
#563 = CARTESIAN_POINT('',(-4.209017003947,-44.58936380926));
#564 = CARTESIAN_POINT('',(-4.213782588197,-44.76824791324));
#565 = CARTESIAN_POINT('',(-4.219156288109,-44.94566286481));
#566 = CARTESIAN_POINT('',(-4.225131583564,-45.12142706209));
#567 = CARTESIAN_POINT('',(-4.231701703563,-45.29534635515));
#568 = CARTESIAN_POINT('',(-4.238859728473,-45.46721391302));
#569 = CARTESIAN_POINT('',(-4.263310160358,-46.00303497307));
#570 = CARTESIAN_POINT('',(-4.282706740897,-46.35814608311));
#571 = CARTESIAN_POINT('',(-4.30475665828,-46.70112002556));
#572 = CARTESIAN_POINT('',(-4.329471271492,-47.03029113334));
#573 = CARTESIAN_POINT('',(-4.35689355237,-47.3431327648));
#574 = CARTESIAN_POINT('',(-4.38708539691,-47.63597660142));
#575 = CARTESIAN_POINT('',(-4.439816034631,-48.06321904411));
#576 = CARTESIAN_POINT('',(-4.460578677303,-48.21429851832));
#577 = CARTESIAN_POINT('',(-4.482388745049,-48.35532171022));
#578 = CARTESIAN_POINT('',(-4.50522438478,-48.48469842602));
#579 = CARTESIAN_POINT('',(-4.529059717462,-48.6007664599));
#580 = CARTESIAN_POINT('',(-4.553864937441,-48.7017712978));
#581 = CARTESIAN_POINT('',(-4.597642624723,-48.84475116952));
#582 = CARTESIAN_POINT('',(-4.616131806674,-48.89532276174));
#583 = CARTESIAN_POINT('',(-4.634988699238,-48.93668863395));
#584 = CARTESIAN_POINT('',(-4.654128195064,-48.96819213084));
#585 = CARTESIAN_POINT('',(-4.673465059919,-48.98938020623));
#586 = CARTESIAN_POINT('',(-4.692913929723,-49.));
#587 = CARTESIAN_POINT('',(-4.712388980385,-49.));
#588 = ( GEOMETRIC_REPRESENTATION_CONTEXT(2) 
PARAMETRIC_REPRESENTATION_CONTEXT() REPRESENTATION_CONTEXT('2D SPACE',''
  ) );
#589 = ORIENTED_EDGE('',*,*,#184,.F.);
#590 = ADVANCED_FACE('',(#591),#168,.T.);
#591 = FACE_BOUND('',#592,.F.);
#592 = EDGE_LOOP('',(#593,#594,#617,#985));
#593 = ORIENTED_EDGE('',*,*,#151,.F.);
#594 = ORIENTED_EDGE('',*,*,#595,.T.);
#595 = EDGE_CURVE('',#152,#596,#598,.T.);
#596 = VERTEX_POINT('',#597);
#597 = CARTESIAN_POINT('',(46.,35.,5.));
#598 = SEAM_CURVE('',#599,(#603,#610),.PCURVE_S1.);
#599 = LINE('',#600,#601);
#600 = CARTESIAN_POINT('',(46.,35.,0.));
#601 = VECTOR('',#602,1.);
#602 = DIRECTION('',(0.,0.,1.));
#603 = PCURVE('',#168,#604);
#604 = DEFINITIONAL_REPRESENTATION('',(#605),#609);
#605 = LINE('',#606,#607);
#606 = CARTESIAN_POINT('',(-6.28318530718,0.));
#607 = VECTOR('',#608,1.);
#608 = DIRECTION('',(-0.,-1.));
#609 = ( GEOMETRIC_REPRESENTATION_CONTEXT(2) 
PARAMETRIC_REPRESENTATION_CONTEXT() REPRESENTATION_CONTEXT('2D SPACE',''
  ) );
#610 = PCURVE('',#168,#611);
#611 = DEFINITIONAL_REPRESENTATION('',(#612),#616);
#612 = LINE('',#613,#614);
#613 = CARTESIAN_POINT('',(-0.,0.));
#614 = VECTOR('',#615,1.);
#615 = DIRECTION('',(-0.,-1.));
#616 = ( GEOMETRIC_REPRESENTATION_CONTEXT(2) 
PARAMETRIC_REPRESENTATION_CONTEXT() REPRESENTATION_CONTEXT('2D SPACE',''
  ) );
#617 = ORIENTED_EDGE('',*,*,#618,.T.);
#618 = EDGE_CURVE('',#596,#596,#619,.T.);
#619 = SURFACE_CURVE('',#620,(#738,#859),.PCURVE_S1.);
#620 = B_SPLINE_CURVE_WITH_KNOTS('',6,(#621,#622,#623,#624,#625,#626,
    #627,#628,#629,#630,#631,#632,#633,#634,#635,#636,#637,#638,#639,
    #640,#641,#642,#643,#644,#645,#646,#647,#648,#649,#650,#651,#652,
    #653,#654,#655,#656,#657,#658,#659,#660,#661,#662,#663,#664,#665,
    #666,#667,#668,#669,#670,#671,#672,#673,#674,#675,#676,#677,#678,
    #679,#680,#681,#682,#683,#684,#685,#686,#687,#688,#689,#690,#691,
    #692,#693,#694,#695,#696,#697,#698,#699,#700,#701,#702,#703,#704,
    #705,#706,#707,#708,#709,#710,#711,#712,#713,#714,#715,#716,#717,
    #718,#719,#720,#721,#722,#723,#724,#725,#726,#727,#728,#729,#730,
    #731,#732,#733,#734,#735,#736,#737),.UNSPECIFIED.,.T.,.F.,(7,5,5,5,5
    ,5,5,5,5,5,5,5,5,5,5,5,5,5,5,5,5,5,5,7),(0.,3.732976997368E-02,
    8.923497088272E-02,0.112599151359,0.130869432029,0.190966964404,
    0.249955275415,0.30846581333,0.370077318231,0.411304631716,
    0.439885646085,0.47409031106,0.524093020387,0.560420908123,
    0.5893867064,0.63004586442,0.691992219111,0.750124743348,
    0.808640520558,0.870257567986,0.888394952698,0.911487012146,
    0.940069194752,1.),.UNSPECIFIED.);
#621 = CARTESIAN_POINT('',(46.,35.,5.));
#622 = CARTESIAN_POINT('',(46.,35.533440672271,5.));
#623 = CARTESIAN_POINT('',(45.968957130938,36.065890285591,
    5.013658833681));
#624 = CARTESIAN_POINT('',(45.907088161713,36.592944898427,
    5.040881313941));
#625 = CARTESIAN_POINT('',(45.815658600963,37.110241874448,
    5.080876863056));
#626 = CARTESIAN_POINT('',(45.696970768581,37.6135840204,5.132178585789)
  );
#627 = CARTESIAN_POINT('',(45.356216676411,38.774085883702,
    5.277155311267));
#628 = CARTESIAN_POINT('',(45.111910459815,39.414467017501,
    5.379541359036));
#629 = CARTESIAN_POINT('',(44.828136511386,40.018293851749,
    5.495780026761));
#630 = CARTESIAN_POINT('',(44.510916239721,40.584463821612,
    5.621700822533));
#631 = CARTESIAN_POINT('',(44.165829809834,41.112515945408,
    5.753449083221));
#632 = CARTESIAN_POINT('',(43.632611645996,41.82305330194,5.9480097296)
  );
#633 = CARTESIAN_POINT('',(43.462315609521,42.03616013701,6.008965327431
    ));
#634 = CARTESIAN_POINT('',(43.287589312917,42.241930626991,
    6.070214506854));
#635 = CARTESIAN_POINT('',(43.108745356228,42.440480609097,
    6.131508610641));
#636 = CARTESIAN_POINT('',(42.926058080198,42.631928813668,
    6.192619256801));
#637 = CARTESIAN_POINT('',(42.594085310634,42.960646865159,
    6.300819339132));
#638 = CARTESIAN_POINT('',(42.446203504828,43.100626401527,
    6.348060008002));
#639 = CARTESIAN_POINT('',(42.296232414499,43.23639149567,6.394960201777
    ));
#640 = CARTESIAN_POINT('',(42.144277477819,43.367994758307,
    6.441425009496));
#641 = CARTESIAN_POINT('',(41.9904353055,43.495485388468,6.487364752648)
  );
#642 = CARTESIAN_POINT('',(41.32283232949,44.02489444823,6.681802443675)
  );
#643 = CARTESIAN_POINT('',(40.791092421698,44.387123732911,
    6.824404679313));
#644 = CARTESIAN_POINT('',(40.243043745959,44.706831162922,
    6.957362459323));
#645 = CARTESIAN_POINT('',(39.681360860307,44.985070232487,
    7.078107129454));
#646 = CARTESIAN_POINT('',(39.108149513827,45.222615719119,
    7.184540206895));
#647 = CARTESIAN_POINT('',(37.952950642069,45.613434617232,
    7.363737906926));
#648 = CARTESIAN_POINT('',(37.37145435094,45.768137364456,7.437067001144
    ));
#649 = CARTESIAN_POINT('',(36.783175279872,45.88406858026,7.493251714258
    ));
#650 = CARTESIAN_POINT('',(36.190397505966,45.961341518092,7.53111384136
    ));
#651 = CARTESIAN_POINT('',(35.595289609161,46.,7.550055679356));
#652 = CARTESIAN_POINT('',(34.409531911502,46.,7.550055679356));
#653 = CARTESIAN_POINT('',(33.819238543303,45.961965206044,
    7.531419435049));
#654 = CARTESIAN_POINT('',(33.231219179436,45.885937608632,
    7.494167499529));
#655 = CARTESIAN_POINT('',(32.647592478473,45.771875281151,
    7.438878685531));
#656 = CARTESIAN_POINT('',(32.070587923857,45.619669869512,
    7.366694248463));
#657 = CARTESIAN_POINT('',(30.90458459344,45.228658763005,7.187213327796
    ));
#658 = CARTESIAN_POINT('',(30.316744915149,44.985749056509,
    7.078285386305));
#659 = CARTESIAN_POINT('',(29.74099944256,44.700084913835,6.954294543836
    ));
#660 = CARTESIAN_POINT('',(29.17960857906,44.370825742596,6.817499755998
    ));
#661 = CARTESIAN_POINT('',(28.635465325031,43.996822849702,
    6.670679460298));
#662 = CARTESIAN_POINT('',(27.762313032094,43.295627460764,6.4145781163)
  );
#663 = CARTESIAN_POINT('',(27.421576846624,42.993795886998,
    6.308915502705));
#664 = CARTESIAN_POINT('',(27.09110895539,42.670663283389,6.201224032283
    ));
#665 = CARTESIAN_POINT('',(26.772141474479,42.32558234458,6.092606478637
    ));
#666 = CARTESIAN_POINT('',(26.466233998863,41.957892794283,
    5.984341266889));
#667 = CARTESIAN_POINT('',(25.973664986875,41.295981856148,
    5.804142983955));
#668 = CARTESIAN_POINT('',(25.779163327918,41.013760363942,
    5.731235414569));
#669 = CARTESIAN_POINT('',(25.592547456915,40.720189160611,
    5.659717543544));
#670 = CARTESIAN_POINT('',(25.41461294182,40.415178869674,5.590158675594
    ));
#671 = CARTESIAN_POINT('',(25.246233497247,40.098680451782,
    5.523172112789));
#672 = CARTESIAN_POINT('',(24.899429140349,39.378155401587,
    5.383102172051));
#673 = CARTESIAN_POINT('',(24.725302916457,38.968651964643,
    5.311313777732));
#674 = CARTESIAN_POINT('',(24.568243378453,38.543229316831,
    5.245408350214));
#675 = CARTESIAN_POINT('',(24.430303050898,38.103108766815,
    5.186706799794));
#676 = CARTESIAN_POINT('',(24.313350284322,37.649678940026,
    5.136426997827));
#677 = CARTESIAN_POINT('',(24.081298395499,36.504457755213,
    5.035973566278));
#678 = CARTESIAN_POINT('',(23.9920306679,35.799438838174,4.996586898792)
  );
#679 = CARTESIAN_POINT('',(23.957960434824,35.081134511515,
    4.981340691693));
#680 = CARTESIAN_POINT('',(23.981372398994,34.361910873549,
    4.991851921265));
#681 = CARTESIAN_POINT('',(24.060449005286,33.654163593343,
    5.026807133447));
#682 = CARTESIAN_POINT('',(24.282390447882,32.472378633379,
    5.123101595949));
#683 = CARTESIAN_POINT('',(24.401815615168,31.987788960111,
    5.174575608212));
#684 = CARTESIAN_POINT('',(24.545287755147,31.517857662909,
    5.235784565532));
#685 = CARTESIAN_POINT('',(24.710584469584,31.064350322917,
    5.305277450057));
#686 = CARTESIAN_POINT('',(24.895222828424,30.628819097205,
    5.381457590433));
#687 = CARTESIAN_POINT('',(25.256871850449,29.880689199001,
    5.527423521024));
#688 = CARTESIAN_POINT('',(25.428065155061,29.560608912864,
    5.595465600517));
#689 = CARTESIAN_POINT('',(25.609026207988,29.252325117376,
    5.666118376418));
#690 = CARTESIAN_POINT('',(25.798849671026,28.955783759273,
    5.738745602738));
#691 = CARTESIAN_POINT('',(25.996712749296,28.67088873185,5.812757613037
    ));
#692 = CARTESIAN_POINT('',(26.489856552145,28.013752276587,
    5.992695926372));
#693 = CARTESIAN_POINT('',(26.792318782485,27.652546096135,
    6.099480751352));
#694 = CARTESIAN_POINT('',(27.107410064767,27.31329544811,6.206549868712
    ));
#695 = CARTESIAN_POINT('',(27.433644581411,26.995367682585,
    6.312682646725));
#696 = CARTESIAN_POINT('',(27.769845492499,26.69814310719,6.416824062698
    ));
#697 = CARTESIAN_POINT('',(28.641087233333,25.998939069489,
    6.672272233935));
#698 = CARTESIAN_POINT('',(29.188333076825,25.623379473825,
    6.819801547048));
#699 = CARTESIAN_POINT('',(29.752983489002,25.29303075717,6.957169800172
    ));
#700 = CARTESIAN_POINT('',(30.332101911296,25.0067303078,7.08155737414)
  );
#701 = CARTESIAN_POINT('',(30.92339496691,24.763629449594,7.190675047854
    ));
#702 = CARTESIAN_POINT('',(32.089474132353,24.375365648842,
    7.369049219455));
#703 = CARTESIAN_POINT('',(32.662872236138,24.225148533314,
    7.440321406385));
#704 = CARTESIAN_POINT('',(33.242765509674,24.112574229548,
    7.494896668053));
#705 = CARTESIAN_POINT('',(33.826967565835,24.037538205346,
    7.531662752796));
#706 = CARTESIAN_POINT('',(34.41339920808,24.,7.550055679356));
#707 = CARTESIAN_POINT('',(35.590468102017,24.,7.550055679356));
#708 = CARTESIAN_POINT('',(36.180761488887,24.038034795696,
    7.531419434196));
#709 = CARTESIAN_POINT('',(36.768780868433,24.114062397841,
    7.494167496357));
#710 = CARTESIAN_POINT('',(37.352407573966,24.228124730836,
    7.438878679714));
#711 = CARTESIAN_POINT('',(37.929412114653,24.380330143402,
    7.366694242536));
#712 = CARTESIAN_POINT('',(39.095415614058,24.771341306578,
    7.187213295856));
#713 = CARTESIAN_POINT('',(39.683255501192,25.014251114905,
    7.078285309419));
#714 = CARTESIAN_POINT('',(40.259001108041,25.299915369491,
    6.954294421305));
#715 = CARTESIAN_POINT('',(40.820391969364,25.629174609619,
    6.817499613036));
#716 = CARTESIAN_POINT('',(41.364535041155,26.003177444367,
    6.670679352893));
#717 = CARTESIAN_POINT('',(42.041628123745,26.5469251402,6.472083472351)
  );
#718 = CARTESIAN_POINT('',(42.193816533051,26.674598804572,
    6.426338253147));
#719 = CARTESIAN_POINT('',(42.344124971031,26.806335034319,
    6.380094904258));
#720 = CARTESIAN_POINT('',(42.49245765009,26.942182529673,6.333441923344
    ));
#721 = CARTESIAN_POINT('',(42.638709993135,27.082193199733,
    6.286472974395));
#722 = CARTESIAN_POINT('',(42.96618045077,27.41005082969,6.179210755704)
  );
#723 = CARTESIAN_POINT('',(43.146032845693,27.600513765701,
    6.118784047088));
#724 = CARTESIAN_POINT('',(43.322094528431,27.797929045739,
    6.058209498948));
#725 = CARTESIAN_POINT('',(43.494097167565,28.002411279937,
    5.997709435422));
#726 = CARTESIAN_POINT('',(43.661735390169,28.214071613314,
    5.937525767719));
#727 = CARTESIAN_POINT('',(44.0263350132,28.704018143953,5.804142983928)
  );
#728 = CARTESIAN_POINT('',(44.220836672049,28.986239636031,5.73123541458
    ));
#729 = CARTESIAN_POINT('',(44.407452543012,29.279810839267,
    5.659717543572));
#730 = CARTESIAN_POINT('',(44.585387058173,29.584821130287,
    5.590158675598));
#731 = CARTESIAN_POINT('',(44.753766502819,29.901319548357,
    5.523172112762));
#732 = CARTESIAN_POINT('',(45.242658802375,30.917048277451,
    5.325714629705));
#733 = CARTESIAN_POINT('',(45.531157182626,31.662968453712,
    5.204710405232));
#734 = CARTESIAN_POINT('',(45.760545718755,32.457091171978,
    5.105361246407));
#735 = CARTESIAN_POINT('',(45.919240086856,33.287215737775,
    5.035533964094));
#736 = CARTESIAN_POINT('',(46.,34.139593430439,5.));
#737 = CARTESIAN_POINT('',(46.,35.,5.));
#738 = PCURVE('',#168,#739);
#739 = DEFINITIONAL_REPRESENTATION('',(#740),#858);
#740 = B_SPLINE_CURVE_WITH_KNOTS('',6,(#741,#742,#743,#744,#745,#746,
    #747,#748,#749,#750,#751,#752,#753,#754,#755,#756,#757,#758,#759,
    #760,#761,#762,#763,#764,#765,#766,#767,#768,#769,#770,#771,#772,
    #773,#774,#775,#776,#777,#778,#779,#780,#781,#782,#783,#784,#785,
    #786,#787,#788,#789,#790,#791,#792,#793,#794,#795,#796,#797,#798,
    #799,#800,#801,#802,#803,#804,#805,#806,#807,#808,#809,#810,#811,
    #812,#813,#814,#815,#816,#817,#818,#819,#820,#821,#822,#823,#824,
    #825,#826,#827,#828,#829,#830,#831,#832,#833,#834,#835,#836,#837,
    #838,#839,#840,#841,#842,#843,#844,#845,#846,#847,#848,#849,#850,
    #851,#852,#853,#854,#855,#856,#857),.UNSPECIFIED.,.F.,.F.,(7,5,5,5,5
    ,5,5,5,5,5,5,5,5,5,5,5,5,5,5,5,5,5,5,7),(0.,3.732976997368E-02,
    8.923497088272E-02,0.112599151359,0.130869432029,0.190966964404,
    0.249955275415,0.30846581333,0.370077318231,0.411304631716,
    0.439885646085,0.47409031106,0.524093020387,0.560420908123,
    0.5893867064,0.63004586442,0.691992219111,0.750124743348,
    0.808640520558,0.870257567986,0.888394952698,0.911487012146,
    0.940069194752,1.),.UNSPECIFIED.);
#741 = CARTESIAN_POINT('',(0.,-5.));
#742 = CARTESIAN_POINT('',(-4.84946065701E-02,-5.));
#743 = CARTESIAN_POINT('',(-9.689911295944E-02,-5.013658833681));
#744 = CARTESIAN_POINT('',(-0.145018472975,-5.040881313941));
#745 = CARTESIAN_POINT('',(-0.192657436263,-5.080876863056));
#746 = CARTESIAN_POINT('',(-0.239602112002,-5.132178585789));
#747 = CARTESIAN_POINT('',(-0.349556194306,-5.277155311267));
#748 = CARTESIAN_POINT('',(-0.411671701956,-5.379541359036));
#749 = CARTESIAN_POINT('',(-0.472080246101,-5.495780026761));
#750 = CARTESIAN_POINT('',(-0.530867699349,-5.621700822533));
#751 = CARTESIAN_POINT('',(-0.588093367502,-5.753449083221));
#752 = CARTESIAN_POINT('',(-0.668853441984,-5.9480097296));
#753 = CARTESIAN_POINT('',(-0.693641348933,-6.008965327431));
#754 = CARTESIAN_POINT('',(-0.718165636255,-6.070214506854));
#755 = CARTESIAN_POINT('',(-0.742443144546,-6.131508610641));
#756 = CARTESIAN_POINT('',(-0.766490548775,-6.192619256801));
#757 = CARTESIAN_POINT('',(-0.808961878638,-6.300819339132));
#758 = CARTESIAN_POINT('',(-0.827468615015,-6.348060008002));
#759 = CARTESIAN_POINT('',(-0.845852329531,-6.394960201777));
#760 = CARTESIAN_POINT('',(-0.864120477954,-6.441425009496));
#761 = CARTESIAN_POINT('',(-0.882280209696,-6.487364752648));
#762 = CARTESIAN_POINT('',(-0.959738152758,-6.681802443675));
#763 = CARTESIAN_POINT('',(-1.018075204487,-6.824404679313));
#764 = CARTESIAN_POINT('',(-1.075549158071,-6.957362459323));
#765 = CARTESIAN_POINT('',(-1.132339397706,-7.078107129454));
#766 = CARTESIAN_POINT('',(-1.188621751972,-7.184540206895));
#767 = CARTESIAN_POINT('',(-1.299487013223,-7.363737906926));
#768 = CARTESIAN_POINT('',(-1.354069286391,-7.437067001144));
#769 = CARTESIAN_POINT('',(-1.40840420139,-7.493251714258));
#770 = CARTESIAN_POINT('',(-1.462578370943,-7.53111384136));
#771 = CARTESIAN_POINT('',(-1.516679089598,-7.550055679356));
#772 = CARTESIAN_POINT('',(-1.624475243931,-7.550055679356));
#773 = CARTESIAN_POINT('',(-1.678138278073,-7.531419435049));
#774 = CARTESIAN_POINT('',(-1.73187298942,-7.494167499529));
#775 = CARTESIAN_POINT('',(-1.785764379269,-7.438878685531));
#776 = CARTESIAN_POINT('',(-1.839896777846,-7.366694248463));
#777 = CARTESIAN_POINT('',(-1.951698456301,-7.187213327796));
#778 = CARTESIAN_POINT('',(-2.009386484789,-7.078285386305));
#779 = CARTESIAN_POINT('',(-2.06760710275,-6.954294543836));
#780 = CARTESIAN_POINT('',(-2.126550234439,-6.817499755998));
#781 = CARTESIAN_POINT('',(-2.186409521962,-6.670679460298));
#782 = CARTESIAN_POINT('',(-2.288214305989,-6.4145781163));
#783 = CARTESIAN_POINT('',(-2.329547400561,-6.308915502705));
#784 = CARTESIAN_POINT('',(-2.371487764316,-6.201224032283));
#785 = CARTESIAN_POINT('',(-2.414122347261,-6.092606478637));
#786 = CARTESIAN_POINT('',(-2.457540821294,-5.984341266889));
#787 = CARTESIAN_POINT('',(-2.532547725747,-5.804142983955));
#788 = CARTESIAN_POINT('',(-2.563686552235,-5.731235414569));
#789 = CARTESIAN_POINT('',(-2.595277321251,-5.659717543544));
#790 = CARTESIAN_POINT('',(-2.627342686651,-5.590158675594));
#791 = CARTESIAN_POINT('',(-2.659907186586,-5.523172112789));
#792 = CARTESIAN_POINT('',(-2.732602043562,-5.383102172051));
#793 = CARTESIAN_POINT('',(-2.773011527519,-5.311313777732));
#794 = CARTESIAN_POINT('',(-2.814164051528,-5.245408350214));
#795 = CARTESIAN_POINT('',(-2.856012924183,-5.186706799794));
#796 = CARTESIAN_POINT('',(-2.89852426948,-5.136426997827));
#797 = CARTESIAN_POINT('',(-3.004751051727,-5.035973566278));
#798 = CARTESIAN_POINT('',(-3.069178688036,-4.996586898792));
#799 = CARTESIAN_POINT('',(-3.134245515728,-4.981340691693));
#800 = CARTESIAN_POINT('',(-3.199355980988,-4.991851921265));
#801 = CARTESIAN_POINT('',(-3.263917995929,-5.026807133447));
#802 = CARTESIAN_POINT('',(-3.373231167068,-5.123101595949));
#803 = CARTESIAN_POINT('',(-3.418531813599,-5.174575608212));
#804 = CARTESIAN_POINT('',(-3.463101276279,-5.235784565532));
#805 = CARTESIAN_POINT('',(-3.506893588781,-5.305277450057));
#806 = CARTESIAN_POINT('',(-3.549846049936,-5.381457590433));
#807 = CARTESIAN_POINT('',(-3.625387531055,-5.527423521024));
#808 = CARTESIAN_POINT('',(-3.658358704181,-5.595465600517));
#809 = CARTESIAN_POINT('',(-3.690818519911,-5.666118376418));
#810 = CARTESIAN_POINT('',(-3.722792539226,-5.738745602738));
#811 = CARTESIAN_POINT('',(-3.754304366963,-5.812757613037));
#812 = CARTESIAN_POINT('',(-3.828994865054,-5.992695926372));
#813 = CARTESIAN_POINT('',(-3.871763055905,-6.099480751352));
#814 = CARTESIAN_POINT('',(-3.913773054719,-6.206549868712));
#815 = CARTESIAN_POINT('',(-3.955110744399,-6.312682646725));
#816 = CARTESIAN_POINT('',(-3.995859511689,-6.416824062698));
#817 = CARTESIAN_POINT('',(-4.09741552389,-6.672272233935));
#818 = CARTESIAN_POINT('',(-4.157584784226,-6.819801547048));
#819 = CARTESIAN_POINT('',(-4.216830231777,-6.957169800172));
#820 = CARTESIAN_POINT('',(-4.275348108804,-7.08155737414));
#821 = CARTESIAN_POINT('',(-4.333330921342,-7.190675047854));
#822 = CARTESIAN_POINT('',(-4.445059984094,-7.369049219455));
#823 = CARTESIAN_POINT('',(-4.4988316994,-7.440321406385));
#824 = CARTESIAN_POINT('',(-4.552367418453,-7.494896668053));
#825 = CARTESIAN_POINT('',(-4.605749667591,-7.531662752796));
#826 = CARTESIAN_POINT('',(-4.659061635665,-7.550055679356));
#827 = CARTESIAN_POINT('',(-4.76606789875,-7.550055679356));
#828 = CARTESIAN_POINT('',(-4.819730934589,-7.531419434196));
#829 = CARTESIAN_POINT('',(-4.873465647382,-7.494167496357));
#830 = CARTESIAN_POINT('',(-4.927357037725,-7.438878679714));
#831 = CARTESIAN_POINT('',(-4.981489435128,-7.366694242536));
#832 = CARTESIAN_POINT('',(-5.093291129787,-7.187213295856));
#833 = CARTESIAN_POINT('',(-5.150979179217,-7.078285309419));
#834 = CARTESIAN_POINT('',(-5.209199812345,-6.954294421305));
#835 = CARTESIAN_POINT('',(-5.268142946954,-6.817499613036));
#836 = CARTESIAN_POINT('',(-5.328002218247,-6.670679352893));
#837 = CARTESIAN_POINT('',(-5.40694757016,-6.472083472351));
#838 = CARTESIAN_POINT('',(-5.425002560281,-6.426338253147));
#839 = CARTESIAN_POINT('',(-5.443165904265,-6.380094904258));
#840 = CARTESIAN_POINT('',(-5.461444645242,-6.333441923344));
#841 = CARTESIAN_POINT('',(-5.479846118316,-6.286472974395));
#842 = CARTESIAN_POINT('',(-5.521972210635,-6.179210755704));
#843 = CARTESIAN_POINT('',(-5.545777504593,-6.118784047088));
#844 = CARTESIAN_POINT('',(-5.569809840476,-6.058209498948));
#845 = CARTESIAN_POINT('',(-5.594085344794,-5.997709435422));
#846 = CARTESIAN_POINT('',(-5.618620262527,-5.937525767719));
#847 = CARTESIAN_POINT('',(-5.674140379349,-5.804142983928));
#848 = CARTESIAN_POINT('',(-5.705279205821,-5.73123541458));
#849 = CARTESIAN_POINT('',(-5.736869974828,-5.659717543572));
#850 = CARTESIAN_POINT('',(-5.768935340237,-5.590158675598));
#851 = CARTESIAN_POINT('',(-5.80149984019,-5.523172112762));
#852 = CARTESIAN_POINT('',(-5.903978240723,-5.325714629705));
#853 = CARTESIAN_POINT('',(-5.976454445705,-5.204710405232));
#854 = CARTESIAN_POINT('',(-6.051150082205,-5.105361246407));
#855 = CARTESIAN_POINT('',(-6.127477712241,-5.035533964094));
#856 = CARTESIAN_POINT('',(-6.204966528129,-5.));
#857 = CARTESIAN_POINT('',(-6.28318530718,-5.));
#858 = ( GEOMETRIC_REPRESENTATION_CONTEXT(2) 
PARAMETRIC_REPRESENTATION_CONTEXT() REPRESENTATION_CONTEXT('2D SPACE',''
  ) );
#859 = PCURVE('',#860,#865);
#860 = CYLINDRICAL_SURFACE('',#861,25.);
#861 = AXIS2_PLACEMENT_3D('',#862,#863,#864);
#862 = CARTESIAN_POINT('',(0.,35.,30.));
#863 = DIRECTION('',(-1.,-0.,-0.));
#864 = DIRECTION('',(0.,1.,0.));
#865 = DEFINITIONAL_REPRESENTATION('',(#866),#984);
#866 = B_SPLINE_CURVE_WITH_KNOTS('',6,(#867,#868,#869,#870,#871,#872,
    #873,#874,#875,#876,#877,#878,#879,#880,#881,#882,#883,#884,#885,
    #886,#887,#888,#889,#890,#891,#892,#893,#894,#895,#896,#897,#898,
    #899,#900,#901,#902,#903,#904,#905,#906,#907,#908,#909,#910,#911,
    #912,#913,#914,#915,#916,#917,#918,#919,#920,#921,#922,#923,#924,
    #925,#926,#927,#928,#929,#930,#931,#932,#933,#934,#935,#936,#937,
    #938,#939,#940,#941,#942,#943,#944,#945,#946,#947,#948,#949,#950,
    #951,#952,#953,#954,#955,#956,#957,#958,#959,#960,#961,#962,#963,
    #964,#965,#966,#967,#968,#969,#970,#971,#972,#973,#974,#975,#976,
    #977,#978,#979,#980,#981,#982,#983),.UNSPECIFIED.,.T.,.F.,(7,5,5,5,5
    ,5,5,5,5,5,5,5,5,5,5,5,5,5,5,5,5,5,5,7),(0.,3.732976997368E-02,
    8.923497088272E-02,0.112599151359,0.130869432029,0.190966964404,
    0.249955275415,0.30846581333,0.370077318231,0.411304631716,
    0.439885646085,0.47409031106,0.524093020387,0.560420908123,
    0.5893867064,0.63004586442,0.691992219111,0.750124743348,
    0.808640520558,0.870257567986,0.888394952698,0.911487012146,
    0.940069194752,1.),.UNSPECIFIED.);
#867 = CARTESIAN_POINT('',(-4.712388980385,-46.));
#868 = CARTESIAN_POINT('',(-4.733726607276,-46.));
#869 = CARTESIAN_POINT('',(-4.755024595895,-45.96895713093));
#870 = CARTESIAN_POINT('',(-4.77612424701,-45.90708816171));
#871 = CARTESIAN_POINT('',(-4.796868317417,-45.81565860096));
#872 = CARTESIAN_POINT('',(-4.817101093817,-45.69697076858));
#873 = CARTESIAN_POINT('',(-4.863881992922,-45.35621667641));
#874 = CARTESIAN_POINT('',(-4.8898073409,-45.11191045981));
#875 = CARTESIAN_POINT('',(-4.914386782396,-44.82813651138));
#876 = CARTESIAN_POINT('',(-4.937574870609,-44.51091623972));
#877 = CARTESIAN_POINT('',(-4.959338805741,-44.16582980983));
#878 = CARTESIAN_POINT('',(-4.988806542136,-43.63261164599));
#879 = CARTESIAN_POINT('',(-4.997672115821,-43.46231560952));
#880 = CARTESIAN_POINT('',(-5.006259098934,-43.28758931291));
#881 = CARTESIAN_POINT('',(-5.014570323955,-43.10874535622));
#882 = CARTESIAN_POINT('',(-5.022608613722,-42.92605808019));
#883 = CARTESIAN_POINT('',(-5.036451319538,-42.59408531063));
#884 = CARTESIAN_POINT('',(-5.042360600949,-42.44620350482));
#885 = CARTESIAN_POINT('',(-5.048105893739,-42.29623241449));
#886 = CARTESIAN_POINT('',(-5.053688311766,-42.14427747781));
#887 = CARTESIAN_POINT('',(-5.059108814676,-41.9904353055));
#888 = CARTESIAN_POINT('',(-5.081668246167,-41.32283232949));
#889 = CARTESIAN_POINT('',(-5.09723564097,-40.79109242169));
#890 = CARTESIAN_POINT('',(-5.111082749991,-40.24304374595));
#891 = CARTESIAN_POINT('',(-5.123213730446,-39.6813608603));
#892 = CARTESIAN_POINT('',(-5.133625321514,-39.10814951382));
#893 = CARTESIAN_POINT('',(-5.150823052845,-37.95295064206));
#894 = CARTESIAN_POINT('',(-5.157670574695,-37.37145435094));
#895 = CARTESIAN_POINT('',(-5.162823654449,-36.78317527987));
#896 = CARTESIAN_POINT('',(-5.166265669098,-36.19039750596));
#897 = CARTESIAN_POINT('',(-5.167987653781,-35.59528960916));
#898 = CARTESIAN_POINT('',(-5.167987653781,-34.4095319115));
#899 = CARTESIAN_POINT('',(-5.166293450311,-33.8192385433));
#900 = CARTESIAN_POINT('',(-5.162906907793,-33.23121917943));
#901 = CARTESIAN_POINT('',(-5.157836725573,-32.64759247847));
#902 = CARTESIAN_POINT('',(-5.151099054999,-32.07058792385));
#903 = CARTESIAN_POINT('',(-5.133889611717,-30.90458459344));
#904 = CARTESIAN_POINT('',(-5.123241421013,-30.31674491514));
#905 = CARTESIAN_POINT('',(-5.110786391053,-29.74099944256));
#906 = CARTESIAN_POINT('',(-5.096527832616,-29.17960857906));
#907 = CARTESIAN_POINT('',(-5.080460861677,-28.63546532503));
#908 = CARTESIAN_POINT('',(-5.050600845017,-27.76231303209));
#909 = CARTESIAN_POINT('',(-5.037810333338,-27.42157684662));
#910 = CARTESIAN_POINT('',(-5.024188523486,-27.09110895539));
#911 = CARTESIAN_POINT('',(-5.009721118847,-26.77214147447));
#912 = CARTESIAN_POINT('',(-4.99439244782,-26.46623399886));
#913 = CARTESIAN_POINT('',(-4.966952403762,-25.97366498687));
#914 = CARTESIAN_POINT('',(-4.955293920491,-25.77916332791));
#915 = CARTESIAN_POINT('',(-4.943209440294,-25.59254745691));
#916 = CARTESIAN_POINT('',(-4.930697981524,-25.41461294182));
#917 = CARTESIAN_POINT('',(-4.917759373787,-25.24623349724));
#918 = CARTESIAN_POINT('',(-4.88839883057,-24.89942914034));
#919 = CARTESIAN_POINT('',(-4.871771718249,-24.72530291645));
#920 = CARTESIAN_POINT('',(-4.854557135769,-24.56824337845));
#921 = CARTESIAN_POINT('',(-4.836802701878,-24.43030305089));
#922 = CARTESIAN_POINT('',(-4.818559161032,-24.31335028432));
#923 = CARTESIAN_POINT('',(-4.772574425233,-24.08129839549));
#924 = CARTESIAN_POINT('',(-4.744343823072,-23.9920306679));
#925 = CARTESIAN_POINT('',(-4.715631844153,-23.95796043482));
#926 = CARTESIAN_POINT('',(-4.686886702132,-23.98137239899));
#927 = CARTESIAN_POINT('',(-4.658556724874,-24.06044900528));
#928 = CARTESIAN_POINT('',(-4.611128660353,-24.28239044788));
#929 = CARTESIAN_POINT('',(-4.591641911437,-24.40181561516));
#930 = CARTESIAN_POINT('',(-4.572693536641,-24.54528775514));
#931 = CARTESIAN_POINT('',(-4.554347931784,-24.71058446958));
#932 = CARTESIAN_POINT('',(-4.536665540648,-24.89522282842));
#933 = CARTESIAN_POINT('',(-4.506176082864,-25.25687185044));
#934 = CARTESIAN_POINT('',(-4.493088623601,-25.42806515506));
#935 = CARTESIAN_POINT('',(-4.480439840178,-25.60902620798));
#936 = CARTESIAN_POINT('',(-4.468229472209,-25.79884967102));
#937 = CARTESIAN_POINT('',(-4.456456412859,-25.99671274929));
#938 = CARTESIAN_POINT('',(-4.429203343529,-26.48985655214));
#939 = CARTESIAN_POINT('',(-4.414139992548,-26.79231878248));
#940 = CARTESIAN_POINT('',(-4.399913460298,-27.10741006476));
#941 = CARTESIAN_POINT('',(-4.386508765931,-27.43364458141));
#942 = CARTESIAN_POINT('',(-4.373912240458,-27.76984549249));
#943 = CARTESIAN_POINT('',(-4.34413600686,-28.64108723333));
#944 = CARTESIAN_POINT('',(-4.328000780774,-29.18833307682));
#945 = CARTESIAN_POINT('',(-4.313693205497,-29.752983489));
#946 = CARTESIAN_POINT('',(-4.301208512485,-30.33210191129));
#947 = CARTESIAN_POINT('',(-4.290550236808,-30.92339496691));
#948 = CARTESIAN_POINT('',(-4.273459133903,-32.08947413235));
#949 = CARTESIAN_POINT('',(-4.266808939299,-32.66287223613));
#950 = CARTESIAN_POINT('',(-4.261804764823,-33.24276550967));
#951 = CARTESIAN_POINT('',(-4.258462390688,-33.82696756583));
#952 = CARTESIAN_POINT('',(-4.256790306989,-34.41339920808));
#953 = CARTESIAN_POINT('',(-4.256790306989,-35.59046810201));
#954 = CARTESIAN_POINT('',(-4.258484510536,-36.18076148888));
#955 = CARTESIAN_POINT('',(-4.261871053264,-36.76878086843));
#956 = CARTESIAN_POINT('',(-4.26694123573,-37.35240757396));
#957 = CARTESIAN_POINT('',(-4.273678906339,-37.92941211465));
#958 = CARTESIAN_POINT('',(-4.290888352115,-39.09541561405));
#959 = CARTESIAN_POINT('',(-4.301536547271,-39.68325550119));
#960 = CARTESIAN_POINT('',(-4.313991582064,-40.25900110804));
#961 = CARTESIAN_POINT('',(-4.328250143349,-40.82039196936));
#962 = CARTESIAN_POINT('',(-4.344317111615,-41.36453504115));
#963 = CARTESIAN_POINT('',(-4.367472305606,-42.04162812374));
#964 = CARTESIAN_POINT('',(-4.372897066952,-42.19381653305));
#965 = CARTESIAN_POINT('',(-4.378481560006,-42.34412497103));
#966 = CARTESIAN_POINT('',(-4.384226749053,-42.49245765009));
#967 = CARTESIAN_POINT('',(-4.390133744996,-42.63870999313));
#968 = CARTESIAN_POINT('',(-4.403932052665,-42.96618045077));
#969 = CARTESIAN_POINT('',(-4.411924495375,-43.14603284569));
#970 = CARTESIAN_POINT('',(-4.420183885053,-43.32209452843));
#971 = CARTESIAN_POINT('',(-4.42871295778,-43.49409716756));
#972 = CARTESIAN_POINT('',(-4.437514434152,-43.66173539016));
#973 = CARTESIAN_POINT('',(-4.457825557012,-44.0263350132));
#974 = CARTESIAN_POINT('',(-4.469484040277,-44.22083667204));
#975 = CARTESIAN_POINT('',(-4.481568520471,-44.40745254301));
#976 = CARTESIAN_POINT('',(-4.494079979244,-44.58538705817));
#977 = CARTESIAN_POINT('',(-4.507018586988,-44.75376650281));
#978 = CARTESIAN_POINT('',(-4.548408330814,-45.24265880237));
#979 = CARTESIAN_POINT('',(-4.578620529154,-45.53115718262));
#980 = CARTESIAN_POINT('',(-4.610599451636,-45.76054571875));
#981 = CARTESIAN_POINT('',(-4.643877560428,-45.91924008685));
#982 = CARTESIAN_POINT('',(-4.677972717602,-46.));
#983 = CARTESIAN_POINT('',(-4.712388980385,-46.));
#984 = ( GEOMETRIC_REPRESENTATION_CONTEXT(2) 
PARAMETRIC_REPRESENTATION_CONTEXT() REPRESENTATION_CONTEXT('2D SPACE',''
  ) );
#985 = ORIENTED_EDGE('',*,*,#595,.F.);
#986 = ADVANCED_FACE('',(#987,#1069,#1411),#459,.F.);
#987 = FACE_BOUND('',#988,.T.);
#988 = EDGE_LOOP('',(#989,#1014,#1041,#1042));
#989 = ORIENTED_EDGE('',*,*,#990,.F.);
#990 = EDGE_CURVE('',#991,#993,#995,.T.);
#991 = VERTEX_POINT('',#992);
#992 = CARTESIAN_POINT('',(-8.,47.,30.));
#993 = VERTEX_POINT('',#994);
#994 = CARTESIAN_POINT('',(78.,47.,30.));
#995 = SEAM_CURVE('',#996,(#1000,#1007),.PCURVE_S1.);
#996 = LINE('',#997,#998);
#997 = CARTESIAN_POINT('',(-8.,47.,30.));
#998 = VECTOR('',#999,1.);
#999 = DIRECTION('',(1.,0.,0.));
#1000 = PCURVE('',#459,#1001);
#1001 = DEFINITIONAL_REPRESENTATION('',(#1002),#1006);
#1002 = LINE('',#1003,#1004);
#1003 = CARTESIAN_POINT('',(-6.28318530718,0.));
#1004 = VECTOR('',#1005,1.);
#1005 = DIRECTION('',(-0.,-1.));
#1006 = ( GEOMETRIC_REPRESENTATION_CONTEXT(2) 
PARAMETRIC_REPRESENTATION_CONTEXT() REPRESENTATION_CONTEXT('2D SPACE',''
  ) );
#1007 = PCURVE('',#459,#1008);
#1008 = DEFINITIONAL_REPRESENTATION('',(#1009),#1013);
#1009 = LINE('',#1010,#1011);
#1010 = CARTESIAN_POINT('',(-0.,0.));
#1011 = VECTOR('',#1012,1.);
#1012 = DIRECTION('',(-0.,-1.));
#1013 = ( GEOMETRIC_REPRESENTATION_CONTEXT(2) 
PARAMETRIC_REPRESENTATION_CONTEXT() REPRESENTATION_CONTEXT('2D SPACE',''
  ) );
#1014 = ORIENTED_EDGE('',*,*,#1015,.F.);
#1015 = EDGE_CURVE('',#991,#991,#1016,.T.);
#1016 = SURFACE_CURVE('',#1017,(#1022,#1029),.PCURVE_S1.);
#1017 = CIRCLE('',#1018,12.);
#1018 = AXIS2_PLACEMENT_3D('',#1019,#1020,#1021);
#1019 = CARTESIAN_POINT('',(-8.,35.,30.));
#1020 = DIRECTION('',(1.,0.,0.));
#1021 = DIRECTION('',(0.,1.,0.));
#1022 = PCURVE('',#459,#1023);
#1023 = DEFINITIONAL_REPRESENTATION('',(#1024),#1028);
#1024 = LINE('',#1025,#1026);
#1025 = CARTESIAN_POINT('',(-0.,0.));
#1026 = VECTOR('',#1027,1.);
#1027 = DIRECTION('',(-1.,0.));
#1028 = ( GEOMETRIC_REPRESENTATION_CONTEXT(2) 
PARAMETRIC_REPRESENTATION_CONTEXT() REPRESENTATION_CONTEXT('2D SPACE',''
  ) );
#1029 = PCURVE('',#1030,#1035);
#1030 = PLANE('',#1031);
#1031 = AXIS2_PLACEMENT_3D('',#1032,#1033,#1034);
#1032 = CARTESIAN_POINT('',(-8.,35.,30.));
#1033 = DIRECTION('',(1.,0.,0.));
#1034 = DIRECTION('',(-0.,0.,1.));
#1035 = DEFINITIONAL_REPRESENTATION('',(#1036),#1040);
#1036 = CIRCLE('',#1037,12.);
#1037 = AXIS2_PLACEMENT_2D('',#1038,#1039);
#1038 = CARTESIAN_POINT('',(0.,0.));
#1039 = DIRECTION('',(0.,-1.));
#1040 = ( GEOMETRIC_REPRESENTATION_CONTEXT(2) 
PARAMETRIC_REPRESENTATION_CONTEXT() REPRESENTATION_CONTEXT('2D SPACE',''
  ) );
#1041 = ORIENTED_EDGE('',*,*,#990,.T.);
#1042 = ORIENTED_EDGE('',*,*,#1043,.T.);
#1043 = EDGE_CURVE('',#993,#993,#1044,.T.);
#1044 = SURFACE_CURVE('',#1045,(#1050,#1057),.PCURVE_S1.);
#1045 = CIRCLE('',#1046,12.);
#1046 = AXIS2_PLACEMENT_3D('',#1047,#1048,#1049);
#1047 = CARTESIAN_POINT('',(78.,35.,30.));
#1048 = DIRECTION('',(1.,0.,0.));
#1049 = DIRECTION('',(0.,1.,0.));
#1050 = PCURVE('',#459,#1051);
#1051 = DEFINITIONAL_REPRESENTATION('',(#1052),#1056);
#1052 = LINE('',#1053,#1054);
#1053 = CARTESIAN_POINT('',(-0.,-86.));
#1054 = VECTOR('',#1055,1.);
#1055 = DIRECTION('',(-1.,0.));
#1056 = ( GEOMETRIC_REPRESENTATION_CONTEXT(2) 
PARAMETRIC_REPRESENTATION_CONTEXT() REPRESENTATION_CONTEXT('2D SPACE',''
  ) );
#1057 = PCURVE('',#1058,#1063);
#1058 = PLANE('',#1059);
#1059 = AXIS2_PLACEMENT_3D('',#1060,#1061,#1062);
#1060 = CARTESIAN_POINT('',(78.,35.,30.));
#1061 = DIRECTION('',(1.,0.,0.));
#1062 = DIRECTION('',(-0.,0.,1.));
#1063 = DEFINITIONAL_REPRESENTATION('',(#1064),#1068);
#1064 = CIRCLE('',#1065,12.);
#1065 = AXIS2_PLACEMENT_2D('',#1066,#1067);
#1066 = CARTESIAN_POINT('',(0.,0.));
#1067 = DIRECTION('',(0.,-1.));
#1068 = ( GEOMETRIC_REPRESENTATION_CONTEXT(2) 
PARAMETRIC_REPRESENTATION_CONTEXT() REPRESENTATION_CONTEXT('2D SPACE',''
  ) );
#1069 = FACE_BOUND('',#1070,.T.);
#1070 = EDGE_LOOP('',(#1071));
#1071 = ORIENTED_EDGE('',*,*,#1072,.T.);
#1072 = EDGE_CURVE('',#1073,#1073,#1075,.T.);
#1073 = VERTEX_POINT('',#1074);
#1074 = CARTESIAN_POINT('',(39.,35.,42.));
#1075 = SURFACE_CURVE('',#1076,(#1184,#1295),.PCURVE_S1.);
#1076 = B_SPLINE_CURVE_WITH_KNOTS('',6,(#1077,#1078,#1079,#1080,#1081,
    #1082,#1083,#1084,#1085,#1086,#1087,#1088,#1089,#1090,#1091,#1092,
    #1093,#1094,#1095,#1096,#1097,#1098,#1099,#1100,#1101,#1102,#1103,
    #1104,#1105,#1106,#1107,#1108,#1109,#1110,#1111,#1112,#1113,#1114,
    #1115,#1116,#1117,#1118,#1119,#1120,#1121,#1122,#1123,#1124,#1125,
    #1126,#1127,#1128,#1129,#1130,#1131,#1132,#1133,#1134,#1135,#1136,
    #1137,#1138,#1139,#1140,#1141,#1142,#1143,#1144,#1145,#1146,#1147,
    #1148,#1149,#1150,#1151,#1152,#1153,#1154,#1155,#1156,#1157,#1158,
    #1159,#1160,#1161,#1162,#1163,#1164,#1165,#1166,#1167,#1168,#1169,
    #1170,#1171,#1172,#1173,#1174,#1175,#1176,#1177,#1178,#1179,#1180,
    #1181,#1182,#1183),.UNSPECIFIED.,.T.,.F.,(7,5,5,5,5,5,5,5,5,5,5,5,5,
    5,5,5,5,5,5,5,5,7),(0.,4.180430428861E-02,0.102127337573,
    0.131574505727,0.156395726292,0.177022275286,0.24931235702,
    0.322320540499,0.368415671792,0.432316292052,0.47118718743,
    0.527161617845,0.568187204029,0.602444692175,0.656689641016,
    0.750284185221,0.822470935809,0.843926389483,0.868518095617,
    0.897511681664,0.932364057504,1.),.UNSPECIFIED.);
#1077 = CARTESIAN_POINT('',(39.,35.,42.));
#1078 = CARTESIAN_POINT('',(39.,35.213383295173,42.));
#1079 = CARTESIAN_POINT('',(38.986340237331,35.426360484724,
    41.995446772174));
#1080 = CARTESIAN_POINT('',(38.959118423256,35.636985536681,
    41.986372710359));
#1081 = CARTESIAN_POINT('',(38.918911657589,35.843335312814,
    41.973074421703));
#1082 = CARTESIAN_POINT('',(38.866768310679,36.043582738152,
    41.956102331631));
#1083 = CARTESIAN_POINT('',(38.713978469363,36.513821517416,
    41.907406046794));
#1084 = CARTESIAN_POINT('',(38.602107867472,36.775321901271,
    41.872486804973));
#1085 = CARTESIAN_POINT('',(38.471984732707,37.019519689645,
    41.833155662866));
#1086 = CARTESIAN_POINT('',(38.326647210088,37.2458359939,
    41.791145902001));
#1087 = CARTESIAN_POINT('',(38.168889757476,37.454056849761,
    41.748005264094));
#1088 = CARTESIAN_POINT('',(37.919514045503,37.737106161611,
    41.68406224744));
#1089 = CARTESIAN_POINT('',(37.835260773343,37.825787418579,
    41.663099564344));
#1090 = CARTESIAN_POINT('',(37.748780179526,37.91036458217,
    41.642283953533));
#1091 = CARTESIAN_POINT('',(37.660271622303,37.990901039042,
    41.621736775468));
#1092 = CARTESIAN_POINT('',(37.569910266913,38.067460572607,
    41.601566752298));
#1093 = CARTESIAN_POINT('',(37.400246588453,38.20134156469,
    41.565268585688));
#1094 = CARTESIAN_POINT('',(37.321438566485,38.259794684824,
    41.5490036456));
#1095 = CARTESIAN_POINT('',(37.241514451398,38.315503650787,
    41.533133822728));
#1096 = CARTESIAN_POINT('',(37.160558665747,38.36850253271,
    41.517712426756));
#1097 = CARTESIAN_POINT('',(37.078648726886,38.418822392852,
    41.502788038357));
#1098 = CARTESIAN_POINT('',(36.927053482547,38.506104355766,
    41.476451729988));
#1099 = CARTESIAN_POINT('',(36.857642133566,38.543886593585,
    41.464872575156));
#1100 = CARTESIAN_POINT('',(36.78766212636,38.579853915366,
    41.453692329837));
#1101 = CARTESIAN_POINT('',(36.717152567852,38.614020676601,
    41.442934363052));
#1102 = CARTESIAN_POINT('',(36.646150745557,38.646399671971,
    41.432620127712));
#1103 = CARTESIAN_POINT('',(36.324250362647,38.784254908431,
    41.388244373313));
#1104 = CARTESIAN_POINT('',(36.068110082499,38.869725078528,
    41.359398078145));
#1105 = CARTESIAN_POINT('',(35.807916518497,38.933819074851,
    41.337095535607));
#1106 = CARTESIAN_POINT('',(35.545070417677,38.97682173293,
    41.321903349816));
#1107 = CARTESIAN_POINT('',(35.28084195063,38.998876565272,
    41.314105689405));
#1108 = CARTESIAN_POINT('',(34.749501264566,39.001066321113,
    41.313331501199));
#1109 = CARTESIAN_POINT('',(34.482535083208,38.980782042334,
    41.320503190488));
#1110 = CARTESIAN_POINT('',(34.21688057521,38.939139216307,
    41.33523532006));
#1111 = CARTESIAN_POINT('',(33.953844664807,38.875997871121,
    41.357250047691));
#1112 = CARTESIAN_POINT('',(33.694865302524,38.791071979505,
    41.38597569506));
#1113 = CARTESIAN_POINT('',(33.281745094402,38.616315477231,
    41.442347341818));
#1114 = CARTESIAN_POINT('',(33.124139843614,38.539828976699,
    41.466489143184));
#1115 = CARTESIAN_POINT('',(32.969176613535,38.454357119714,
    41.492742749908));
#1116 = CARTESIAN_POINT('',(32.817277060056,38.359727978236,
    41.520849854877));
#1117 = CARTESIAN_POINT('',(32.668945055031,38.255742419557,
    41.550497200372));
#1118 = CARTESIAN_POINT('',(32.324950077527,37.984765478714,
    41.62401739811));
#1119 = CARTESIAN_POINT('',(32.132984654114,37.808831829477,
    41.668994288726));
#1120 = CARTESIAN_POINT('',(31.950564764068,37.613783600821,
    41.71522981386));
#1121 = CARTESIAN_POINT('',(31.779809737421,37.399007365266,
    41.761462336046));
#1122 = CARTESIAN_POINT('',(31.623410182981,37.164033021491,
    41.806093048527));
#1123 = CARTESIAN_POINT('',(31.400455130845,36.753427091158,
    41.872246552032));
#1124 = CARTESIAN_POINT('',(31.322630653601,36.590466960316,
    41.895994967043));
#1125 = CARTESIAN_POINT('',(31.252374821454,36.420302688799,
    41.917958089287));
#1126 = CARTESIAN_POINT('',(31.190660418309,36.243485287975,
    41.937625393709));
#1127 = CARTESIAN_POINT('',(31.138375737246,36.060661573505,
    41.95452058423));
#1128 = CARTESIAN_POINT('',(31.035790972942,35.601723719811,
    41.987980556363));
#1129 = CARTESIAN_POINT('',(30.996499885368,35.320018276899,
    42.001124448321));
#1130 = CARTESIAN_POINT('',(30.981489947547,35.032480740574,
    42.006242667881));
#1131 = CARTESIAN_POINT('',(30.991806377366,34.744538760251,
    42.002709201774));
#1132 = CARTESIAN_POINT('',(31.026617390262,34.461637313006,
    41.991034970093));
#1133 = CARTESIAN_POINT('',(31.124513224493,33.988916209963,
    41.959007772538));
#1134 = CARTESIAN_POINT('',(31.177526742126,33.794598323113,
    41.941817661724));
#1135 = CARTESIAN_POINT('',(31.241219277235,33.606815498877,
    41.921448863331));
#1136 = CARTESIAN_POINT('',(31.314555467578,33.426369008217,
    41.898458124661));
#1137 = CARTESIAN_POINT('',(31.396383510717,33.253940604791,
    41.873450270974));
#1138 = CARTESIAN_POINT('',(31.559775344393,32.953270399439,
    41.824977974173));
#1139 = CARTESIAN_POINT('',(31.639261995364,32.822235281214,
    41.801907819888));
#1140 = CARTESIAN_POINT('',(31.723355509406,32.69699391267,
    41.778118512407));
#1141 = CARTESIAN_POINT('',(31.811573889269,32.577529482016,
    41.753882653763));
#1142 = CARTESIAN_POINT('',(31.90348062119,32.463800483988,
    41.729448603978));
#1143 = CARTESIAN_POINT('',(32.149432713164,32.184637089002,
    41.666383445832));
#1144 = CARTESIAN_POINT('',(32.308514801833,32.027673125608,
    41.627769202943));
#1145 = CARTESIAN_POINT('',(32.474520295064,31.88447081575,
    41.590040898215));
#1146 = CARTESIAN_POINT('',(32.646342421017,31.754621405762,
    41.553884408064));
#1147 = CARTESIAN_POINT('',(32.823114095792,31.637738310652,
    41.519854567104));
#1148 = CARTESIAN_POINT('',(33.316496081845,31.353670374375,
    41.434140399846));
#1149 = CARTESIAN_POINT('',(33.641690257663,31.211406166753,
    41.387528057551));
#1150 = CARTESIAN_POINT('',(33.975598394724,31.105536015522,
    41.351020857524));
#1151 = CARTESIAN_POINT('',(34.315058882261,31.035212686466,
    41.326158113669));
#1152 = CARTESIAN_POINT('',(34.657401263682,31.,41.313708498985));
#1153 = CARTESIAN_POINT('',(35.264236443911,31.,41.313708498985));
#1154 = CARTESIAN_POINT('',(35.528401208286,31.020946192628,
    41.321114405783));
#1155 = CARTESIAN_POINT('',(35.79124018467,31.062817527935,
    41.335917276335));
#1156 = CARTESIAN_POINT('',(36.051485010016,31.125752537176,
    41.357841915839));
#1157 = CARTESIAN_POINT('',(36.307740141758,31.210030165393,
    41.386331216726));
#1158 = CARTESIAN_POINT('',(36.632862493201,31.347562156887,
    41.43069525893));
#1159 = CARTESIAN_POINT('',(36.706865716727,31.380997794798,
    41.441365458827));
#1160 = CARTESIAN_POINT('',(36.780339766777,31.416370003228,
    41.452519285785));
#1161 = CARTESIAN_POINT('',(36.853242688213,31.453693099141,
    41.464132679678));
#1162 = CARTESIAN_POINT('',(36.925530407442,31.49298323097,
    41.476179331805));
#1163 = CARTESIAN_POINT('',(37.079253040512,31.581566923899,
    41.502902115397));
#1164 = CARTESIAN_POINT('',(37.160479655363,31.631482999339,
    41.517705031422));
#1165 = CARTESIAN_POINT('',(37.240767644949,31.684033988428,
    41.532996623909));
#1166 = CARTESIAN_POINT('',(37.320041404782,31.739250186158,
    41.548729511347));
#1167 = CARTESIAN_POINT('',(37.3982186579,31.797164799024,
    41.564851739765));
#1168 = CARTESIAN_POINT('',(37.565983672404,31.92931920064,
    41.600707254661));
#1169 = CARTESIAN_POINT('',(37.655106825101,32.00462398883,
    41.620569816357));
#1170 = CARTESIAN_POINT('',(37.742435529595,32.083789516546,
    41.640802017069));
#1171 = CARTESIAN_POINT('',(37.82780275496,32.166876839491,
    41.661300114896));
#1172 = CARTESIAN_POINT('',(37.911018728354,32.253946728344,41.681948478
    ));
#1173 = CARTESIAN_POINT('',(38.08906089509,32.454583682011,
    41.727466422976));
#1174 = CARTESIAN_POINT('',(38.182859932583,32.569977470604,
    41.752352118658));
#1175 = CARTESIAN_POINT('',(38.272857825702,32.691310990312,
    41.777044534845));
#1176 = CARTESIAN_POINT('',(38.358596474387,32.818629557444,
    41.801282728824));
#1177 = CARTESIAN_POINT('',(38.439568742319,32.951952330563,
    41.82477966951));
#1178 = CARTESIAN_POINT('',(38.662024251722,33.361638276322,
    41.890784952548));
#1179 = CARTESIAN_POINT('',(38.790429835921,33.657621779748,
    41.930874592674));
#1180 = CARTESIAN_POINT('',(38.89283417925,33.975192739245,
    41.964275969956));
#1181 = CARTESIAN_POINT('',(38.963826252385,34.308976929494,
    41.987942663271));
#1182 = CARTESIAN_POINT('',(39.,34.652756659875,42.));
#1183 = CARTESIAN_POINT('',(39.,35.,42.));
#1184 = PCURVE('',#459,#1185);
#1185 = DEFINITIONAL_REPRESENTATION('',(#1186),#1294);
#1186 = B_SPLINE_CURVE_WITH_KNOTS('',6,(#1187,#1188,#1189,#1190,#1191,
    #1192,#1193,#1194,#1195,#1196,#1197,#1198,#1199,#1200,#1201,#1202,
    #1203,#1204,#1205,#1206,#1207,#1208,#1209,#1210,#1211,#1212,#1213,
    #1214,#1215,#1216,#1217,#1218,#1219,#1220,#1221,#1222,#1223,#1224,
    #1225,#1226,#1227,#1228,#1229,#1230,#1231,#1232,#1233,#1234,#1235,
    #1236,#1237,#1238,#1239,#1240,#1241,#1242,#1243,#1244,#1245,#1246,
    #1247,#1248,#1249,#1250,#1251,#1252,#1253,#1254,#1255,#1256,#1257,
    #1258,#1259,#1260,#1261,#1262,#1263,#1264,#1265,#1266,#1267,#1268,
    #1269,#1270,#1271,#1272,#1273,#1274,#1275,#1276,#1277,#1278,#1279,
    #1280,#1281,#1282,#1283,#1284,#1285,#1286,#1287,#1288,#1289,#1290,
    #1291,#1292,#1293),.UNSPECIFIED.,.T.,.F.,(7,5,5,5,5,5,5,5,5,5,5,5,5,
    5,5,5,5,5,5,5,5,7),(0.,4.180430428861E-02,0.102127337573,
    0.131574505727,0.156395726292,0.177022275286,0.24931235702,
    0.322320540499,0.368415671792,0.432316292052,0.47118718743,
    0.527161617845,0.568187204029,0.602444692175,0.656689641016,
    0.750284185221,0.822470935809,0.843926389483,0.868518095617,
    0.897511681664,0.932364057504,1.),.UNSPECIFIED.);
#1187 = CARTESIAN_POINT('',(-1.570796326795,-47.));
#1188 = CARTESIAN_POINT('',(-1.553014385531,-47.));
#1189 = CARTESIAN_POINT('',(-1.535266283156,-46.98634023733));
#1190 = CARTESIAN_POINT('',(-1.517704090999,-46.95911842325));
#1191 = CARTESIAN_POINT('',(-1.500478061452,-46.91891165758));
#1192 = CARTESIAN_POINT('',(-1.483733851231,-46.86676831067));
#1193 = CARTESIAN_POINT('',(-1.444337729235,-46.71397846936));
#1194 = CARTESIAN_POINT('',(-1.422362213595,-46.60210786747));
#1195 = CARTESIAN_POINT('',(-1.401760313141,-46.4719847327));
#1196 = CARTESIAN_POINT('',(-1.38258501719,-46.32664721008));
#1197 = CARTESIAN_POINT('',(-1.364867608667,-46.16888975747));
#1198 = CARTESIAN_POINT('',(-1.340685771142,-45.9195140455));
#1199 = CARTESIAN_POINT('',(-1.333092380546,-45.83526077334));
#1200 = CARTESIAN_POINT('',(-1.325834395417,-45.74878017952));
#1201 = CARTESIAN_POINT('',(-1.31890837224,-45.6602716223));
#1202 = CARTESIAN_POINT('',(-1.312310882157,-45.56991026691));
#1203 = CARTESIAN_POINT('',(-1.300751351175,-45.40024658845));
#1204 = CARTESIAN_POINT('',(-1.295695302594,-45.32143856648));
#1205 = CARTESIAN_POINT('',(-1.290868327725,-45.24151445139));
#1206 = CARTESIAN_POINT('',(-1.286268685749,-45.16055866574));
#1207 = CARTESIAN_POINT('',(-1.281894859294,-45.07864872688));
#1208 = CARTESIAN_POINT('',(-1.274297462906,-44.92705348254));
#1209 = CARTESIAN_POINT('',(-1.271004428748,-44.85764213356));
#1210 = CARTESIAN_POINT('',(-1.267865722275,-44.78766212636));
#1211 = CARTESIAN_POINT('',(-1.264880716387,-44.71715256785));
#1212 = CARTESIAN_POINT('',(-1.262048886562,-44.64615074555));
#1213 = CARTESIAN_POINT('',(-1.249980426233,-44.32425036264));
#1214 = CARTESIAN_POINT('',(-1.242463884054,-44.06811008249));
#1215 = CARTESIAN_POINT('',(-1.236808821687,-43.80791651849));
#1216 = CARTESIAN_POINT('',(-1.233008052961,-43.54507041767));
#1217 = CARTESIAN_POINT('',(-1.231058715776,-43.28084195063));
#1218 = CARTESIAN_POINT('',(-1.230865167081,-42.74950126456));
#1219 = CARTESIAN_POINT('',(-1.232658005074,-42.4825350832));
#1220 = CARTESIAN_POINT('',(-1.236339165115,-42.21688057521));
#1221 = CARTESIAN_POINT('',(-1.241911376114,-41.9538446648));
#1222 = CARTESIAN_POINT('',(-1.249381731655,-41.69486530252));
#1223 = CARTESIAN_POINT('',(-1.264683691779,-41.2817450944));
#1224 = CARTESIAN_POINT('',(-1.271367391602,-41.12413984361));
#1225 = CARTESIAN_POINT('',(-1.278818134587,-40.96917661353));
#1226 = CARTESIAN_POINT('',(-1.287043751125,-40.81727706005));
#1227 = CARTESIAN_POINT('',(-1.296053799659,-40.66894505503));
#1228 = CARTESIAN_POINT('',(-1.31945158593,-40.32495007752));
#1229 = CARTESIAN_POINT('',(-1.334582605121,-40.13298465411));
#1230 = CARTESIAN_POINT('',(-1.351282934741,-39.95056476406));
#1231 = CARTESIAN_POINT('',(-1.369583937685,-39.77980973742));
#1232 = CARTESIAN_POINT('',(-1.389507420288,-39.62341018298));
#1233 = CARTESIAN_POINT('',(-1.424165824356,-39.40045513084));
#1234 = CARTESIAN_POINT('',(-1.43788774507,-39.3226306536));
#1235 = CARTESIAN_POINT('',(-1.452182707795,-39.25237482145));
#1236 = CARTESIAN_POINT('',(-1.467004687607,-39.1906604183));
#1237 = CARTESIAN_POINT('',(-1.48230202877,-39.13837573724));
#1238 = CARTESIAN_POINT('',(-1.520648360197,-39.03579097294));
#1239 = CARTESIAN_POINT('',(-1.544141354918,-38.99649988536));
#1240 = CARTESIAN_POINT('',(-1.568091069951,-38.98148994754));
#1241 = CARTESIAN_POINT('',(-1.592072354394,-38.99180637736));
#1242 = CARTESIAN_POINT('',(-1.615659353951,-39.02661739026));
#1243 = CARTESIAN_POINT('',(-1.655143086769,-39.12451322449));
#1244 = CARTESIAN_POINT('',(-1.671396018012,-39.17752674212));
#1245 = CARTESIAN_POINT('',(-1.687131972417,-39.24121927723));
#1246 = CARTESIAN_POINT('',(-1.702287139621,-39.31455546757));
#1247 = CARTESIAN_POINT('',(-1.716804715769,-39.39638351071));
#1248 = CARTESIAN_POINT('',(-1.74218407855,-39.55977534439));
#1249 = CARTESIAN_POINT('',(-1.753270464682,-39.63926199536));
#1250 = CARTESIAN_POINT('',(-1.763892503229,-39.7233555094));
#1251 = CARTESIAN_POINT('',(-1.774049624739,-39.81157388926));
#1252 = CARTESIAN_POINT('',(-1.78374276419,-39.90348062119));
#1253 = CARTESIAN_POINT('',(-1.807592615003,-40.14943271316));
#1254 = CARTESIAN_POINT('',(-1.821060518174,-40.30851480183));
#1255 = CARTESIAN_POINT('',(-1.833399081265,-40.47452029506));
#1256 = CARTESIAN_POINT('',(-1.844630329139,-40.64634242101));
#1257 = CARTESIAN_POINT('',(-1.854774508085,-40.82311409579));
#1258 = CARTESIAN_POINT('',(-1.879500999571,-41.31649608184));
#1259 = CARTESIAN_POINT('',(-1.891973020189,-41.64169025766));
#1260 = CARTESIAN_POINT('',(-1.901305107232,-41.97559839472));
#1261 = CARTESIAN_POINT('',(-1.907520838738,-42.31505888226));
#1262 = CARTESIAN_POINT('',(-1.910633236249,-42.65740126368));
#1263 = CARTESIAN_POINT('',(-1.910633236249,-43.26423644391));
#1264 = CARTESIAN_POINT('',(-1.908781883841,-43.52840120828));
#1265 = CARTESIAN_POINT('',(-1.905080815191,-43.79124018467));
#1266 = CARTESIAN_POINT('',(-1.899527308612,-44.05148501001));
#1267 = CARTESIAN_POINT('',(-1.892114416357,-44.30774014175));
#1268 = CARTESIAN_POINT('',(-1.880071894206,-44.6328624932));
#1269 = CARTESIAN_POINT('',(-1.877147161633,-44.70686571672));
#1270 = CARTESIAN_POINT('',(-1.874056434652,-44.78033976677));
#1271 = CARTESIAN_POINT('',(-1.870799129154,-44.85324268821));
#1272 = CARTESIAN_POINT('',(-1.867374540959,-44.92553040744));
#1273 = CARTESIAN_POINT('',(-1.859663988208,-45.07925304051));
#1274 = CARTESIAN_POINT('',(-1.855325299022,-45.16047965536));
#1275 = CARTESIAN_POINT('',(-1.850764514682,-45.24076764494));
#1276 = CARTESIAN_POINT('',(-1.845980155371,-45.32004140478));
#1277 = CARTESIAN_POINT('',(-1.840970525022,-45.3982186579));
#1278 = CARTESIAN_POINT('',(-1.829559515531,-45.5659836724));
#1279 = CARTESIAN_POINT('',(-1.823069656849,-45.6551068251));
#1280 = CARTESIAN_POINT('',(-1.816260804078,-45.74243552959));
#1281 = CARTESIAN_POINT('',(-1.809129674631,-45.82780275496));
#1282 = CARTESIAN_POINT('',(-1.801672966437,-45.91101872835));
#1283 = CARTESIAN_POINT('',(-1.784528346595,-46.08906089509));
#1284 = CARTESIAN_POINT('',(-1.774691683022,-46.18285993258));
#1285 = CARTESIAN_POINT('',(-1.764374395392,-46.2728578257));
#1286 = CARTESIAN_POINT('',(-1.753575385842,-46.35859647438));
#1287 = CARTESIAN_POINT('',(-1.742295147722,-46.43956874231));
#1288 = CARTESIAN_POINT('',(-1.707714397664,-46.66202425172));
#1289 = CARTESIAN_POINT('',(-1.682831702192,-46.79042983592));
#1290 = CARTESIAN_POINT('',(-1.656240393636,-46.89283417925));
#1291 = CARTESIAN_POINT('',(-1.628381619212,-46.96382625238));
#1292 = CARTESIAN_POINT('',(-1.599733271805,-47.));
#1293 = CARTESIAN_POINT('',(-1.570796326795,-47.));
#1294 = ( GEOMETRIC_REPRESENTATION_CONTEXT(2) 
PARAMETRIC_REPRESENTATION_CONTEXT() REPRESENTATION_CONTEXT('2D SPACE',''
  ) );
#1295 = PCURVE('',#1296,#1301);
#1296 = CYLINDRICAL_SURFACE('',#1297,4.);
#1297 = AXIS2_PLACEMENT_3D('',#1298,#1299,#1300);
#1298 = CARTESIAN_POINT('',(35.,35.,38.));
#1299 = DIRECTION('',(-0.,-0.,-1.));
#1300 = DIRECTION('',(1.,0.,0.));
#1301 = DEFINITIONAL_REPRESENTATION('',(#1302),#1410);
#1302 = B_SPLINE_CURVE_WITH_KNOTS('',6,(#1303,#1304,#1305,#1306,#1307,
    #1308,#1309,#1310,#1311,#1312,#1313,#1314,#1315,#1316,#1317,#1318,
    #1319,#1320,#1321,#1322,#1323,#1324,#1325,#1326,#1327,#1328,#1329,
    #1330,#1331,#1332,#1333,#1334,#1335,#1336,#1337,#1338,#1339,#1340,
    #1341,#1342,#1343,#1344,#1345,#1346,#1347,#1348,#1349,#1350,#1351,
    #1352,#1353,#1354,#1355,#1356,#1357,#1358,#1359,#1360,#1361,#1362,
    #1363,#1364,#1365,#1366,#1367,#1368,#1369,#1370,#1371,#1372,#1373,
    #1374,#1375,#1376,#1377,#1378,#1379,#1380,#1381,#1382,#1383,#1384,
    #1385,#1386,#1387,#1388,#1389,#1390,#1391,#1392,#1393,#1394,#1395,
    #1396,#1397,#1398,#1399,#1400,#1401,#1402,#1403,#1404,#1405,#1406,
    #1407,#1408,#1409),.UNSPECIFIED.,.F.,.F.,(7,5,5,5,5,5,5,5,5,5,5,5,5,
    5,5,5,5,5,5,5,5,7),(0.,4.180430428861E-02,0.102127337573,
    0.131574505727,0.156395726292,0.177022275286,0.24931235702,
    0.322320540499,0.368415671792,0.432316292052,0.47118718743,
    0.527161617845,0.568187204029,0.602444692175,0.656689641016,
    0.750284185221,0.822470935809,0.843926389483,0.868518095617,
    0.897511681664,0.932364057504,1.),.UNSPECIFIED.);
#1303 = CARTESIAN_POINT('',(0.,-4.));
#1304 = CARTESIAN_POINT('',(-5.334582379314E-02,-4.));
#1305 = CARTESIAN_POINT('',(-0.106590114983,-3.995446772174));
#1306 = CARTESIAN_POINT('',(-0.159519669963,-3.986372710359));
#1307 = CARTESIAN_POINT('',(-0.211921582576,-3.973074421703));
#1308 = CARTESIAN_POINT('',(-0.263561525884,-3.956102331631));
#1309 = CARTESIAN_POINT('',(-0.387171104077,-3.907406046794));
#1310 = CARTESIAN_POINT('',(-0.457989059585,-3.872486804973));
#1311 = CARTESIAN_POINT('',(-0.526803331285,-3.833155662866));
#1312 = CARTESIAN_POINT('',(-0.593733439726,-3.791145902001));
#1313 = CARTESIAN_POINT('',(-0.658864009871,-3.748005264094));
#1314 = CARTESIAN_POINT('',(-0.753172399829,-3.68406224744));
#1315 = CARTESIAN_POINT('',(-0.783731649483,-3.663099564344));
#1316 = CARTESIAN_POINT('',(-0.813942409984,-3.642283953533));
#1317 = CARTESIAN_POINT('',(-0.843830503207,-3.621736775468));
#1318 = CARTESIAN_POINT('',(-0.873420943871,-3.601566752298));
#1319 = CARTESIAN_POINT('',(-0.927452117645,-3.565268585688));
#1320 = CARTESIAN_POINT('',(-0.951971181808,-3.5490036456));
#1321 = CARTESIAN_POINT('',(-0.976311287934,-3.533133822728));
#1322 = CARTESIAN_POINT('',(-1.000486387603,-3.517712426756));
#1323 = CARTESIAN_POINT('',(-1.024509682747,-3.502788038357));
#1324 = CARTESIAN_POINT('',(-1.068241292565,-3.476451729988));
#1325 = CARTESIAN_POINT('',(-1.087992676784,-3.464872575156));
#1326 = CARTESIAN_POINT('',(-1.107654887762,-3.453692329837));
#1327 = CARTESIAN_POINT('',(-1.127234693589,-3.442934363052));
#1328 = CARTESIAN_POINT('',(-1.146738520986,-3.432620127712));
#1329 = CARTESIAN_POINT('',(-1.234282767919,-3.388244373313));
#1330 = CARTESIAN_POINT('',(-1.301559090552,-3.359398078145));
#1331 = CARTESIAN_POINT('',(-1.368230898205,-3.337095535607));
#1332 = CARTESIAN_POINT('',(-1.434506146345,-3.321903349816));
#1333 = CARTESIAN_POINT('',(-1.500585266237,-3.314105689405));
#1334 = CARTESIAN_POINT('',(-1.633421565798,-3.313331501199));
#1335 = CARTESIAN_POINT('',(-1.700141484751,-3.320503190488));
#1336 = CARTESIAN_POINT('',(-1.767047259888,-3.33523532006));
#1337 = CARTESIAN_POINT('',(-1.834344217226,-3.357250047691));
#1338 = CARTESIAN_POINT('',(-1.902245249551,-3.38597569506));
#1339 = CARTESIAN_POINT('',(-2.014385825795,-3.442347341818));
#1340 = CARTESIAN_POINT('',(-2.058123529,-3.466489143184));
#1341 = CARTESIAN_POINT('',(-2.102275398422,-3.492742749908));
#1342 = CARTESIAN_POINT('',(-2.146919269722,-3.520849854877));
#1343 = CARTESIAN_POINT('',(-2.192136383178,-3.550497200372));
#1344 = CARTESIAN_POINT('',(-2.301612706821,-3.62401739811));
#1345 = CARTESIAN_POINT('',(-2.366529292286,-3.668994288726));
#1346 = CARTESIAN_POINT('',(-2.432990833966,-3.71522981386));
#1347 = CARTESIAN_POINT('',(-2.501236884718,-3.761462336046));
#1348 = CARTESIAN_POINT('',(-2.571518856581,-3.806093048527));
#1349 = CARTESIAN_POINT('',(-2.688326975225,-3.872246552032));
#1350 = CARTESIAN_POINT('',(-2.73341356482,-3.895994967043));
#1351 = CARTESIAN_POINT('',(-2.779335401191,-3.917958089287));
#1352 = CARTESIAN_POINT('',(-2.826041994231,-3.937625393709));
#1353 = CARTESIAN_POINT('',(-2.87349862419,-3.95452058423));
#1354 = CARTESIAN_POINT('',(-2.991064453468,-3.987980556363));
#1355 = CARTESIAN_POINT('',(-3.061937422011,-4.001124448321));
#1356 = CARTESIAN_POINT('',(-3.133510728482,-4.006242667881));
#1357 = CARTESIAN_POINT('',(-3.205131926853,-4.002709201774));
#1358 = CARTESIAN_POINT('',(-3.276152553735,-3.991034970093));
#1359 = CARTESIAN_POINT('',(-3.396840383388,-3.959007772538));
#1360 = CARTESIAN_POINT('',(-3.447098208845,-3.941817661724));
#1361 = CARTESIAN_POINT('',(-3.496536698744,-3.921448863331));
#1362 = CARTESIAN_POINT('',(-3.545110416289,-3.898458124661));
#1363 = CARTESIAN_POINT('',(-3.592753912289,-3.873450270974));
#1364 = CARTESIAN_POINT('',(-3.678303409547,-3.824977974173));
#1365 = CARTESIAN_POINT('',(-3.716575009791,-3.801907819888));
#1366 = CARTESIAN_POINT('',(-3.754229962161,-3.778118512407));
#1367 = CARTESIAN_POINT('',(-3.791302959105,-3.753882653763));
#1368 = CARTESIAN_POINT('',(-3.827825543287,-3.729448603978));
#1369 = CARTESIAN_POINT('',(-3.920839195728,-3.666383445832));
#1370 = CARTESIAN_POINT('',(-3.976573973997,-3.627769202943));
#1371 = CARTESIAN_POINT('',(-4.031204083547,-3.590040898215));
#1372 = CARTESIAN_POINT('',(-4.084884750482,-3.553884408064));
#1373 = CARTESIAN_POINT('',(-4.137763255339,-3.519854567104));
#1374 = CARTESIAN_POINT('',(-4.280092182604,-3.434140399846));
#1375 = CARTESIAN_POINT('',(-4.368293797979,-3.387528057551));
#1376 = CARTESIAN_POINT('',(-4.455158688813,-3.351020857524));
#1377 = CARTESIAN_POINT('',(-4.54115340967,-3.326158113669));
#1378 = CARTESIAN_POINT('',(-4.626739296305,-3.313708498985));
#1379 = CARTESIAN_POINT('',(-4.778448091362,-3.313708498985));
#1380 = CARTESIAN_POINT('',(-4.844489128681,-3.321114405783));
#1381 = CARTESIAN_POINT('',(-4.91071810963,-3.335917276335));
#1382 = CARTESIAN_POINT('',(-4.977334509894,-3.357841915839));
#1383 = CARTESIAN_POINT('',(-5.044545145288,-3.386331216726));
#1384 = CARTESIAN_POINT('',(-5.132798895949,-3.43069525893));
#1385 = CARTESIAN_POINT('',(-5.153094505695,-3.441365458827));
#1386 = CARTESIAN_POINT('',(-5.173471710414,-3.452519285785));
#1387 = CARTESIAN_POINT('',(-5.193937737676,-3.464132679678));
#1388 = CARTESIAN_POINT('',(-5.214500214955,-3.476179331805));
#1389 = CARTESIAN_POINT('',(-5.258855117848,-3.502902115397));
#1390 = CARTESIAN_POINT('',(-5.282680249197,-3.517705031422));
#1391 = CARTESIAN_POINT('',(-5.3066547141,-3.532996623909));
#1392 = CARTESIAN_POINT('',(-5.330791388368,-3.548729511347));
#1393 = CARTESIAN_POINT('',(-5.355103873189,-3.564851739765));
#1394 = CARTESIAN_POINT('',(-5.408495051041,-3.600707254661));
#1395 = CARTESIAN_POINT('',(-5.437647339719,-3.620569816357));
#1396 = CARTESIAN_POINT('',(-5.46708790166,-3.640802017069));
#1397 = CARTESIAN_POINT('',(-5.496840685823,-3.661300114896));
#1398 = CARTESIAN_POINT('',(-5.52693039894,-3.681948478));
#1399 = CARTESIAN_POINT('',(-5.593991099201,-3.727466422976));
#1400 = CARTESIAN_POINT('',(-5.63113320479,-3.752352118658));
#1401 = CARTESIAN_POINT('',(-5.668843665011,-3.777044534845));
#1402 = CARTESIAN_POINT('',(-5.70715590645,-3.801282728824));
#1403 = CARTESIAN_POINT('',(-5.746106724713,-3.82477966951));
#1404 = CARTESIAN_POINT('',(-5.862653128512,-3.890784952548));
#1405 = CARTESIAN_POINT('',(-5.942999174359,-3.930874592675));
#1406 = CARTESIAN_POINT('',(-6.025805488567,-3.964275969956));
#1407 = CARTESIAN_POINT('',(-6.110429626368,-3.987942663271));
#1408 = CARTESIAN_POINT('',(-6.196374472148,-4.));
#1409 = CARTESIAN_POINT('',(-6.28318530718,-4.));
#1410 = ( GEOMETRIC_REPRESENTATION_CONTEXT(2) 
PARAMETRIC_REPRESENTATION_CONTEXT() REPRESENTATION_CONTEXT('2D SPACE',''
  ) );
#1411 = FACE_BOUND('',#1412,.T.);
#1412 = EDGE_LOOP('',(#1413));
#1413 = ORIENTED_EDGE('',*,*,#207,.F.);
#1414 = ADVANCED_FACE('',(#1415,#1921,#2153),#860,.T.);
#1415 = FACE_BOUND('',#1416,.F.);
#1416 = EDGE_LOOP('',(#1417,#1442,#1471,#1500,#1524,#1553,#1577,#1606,
    #1630,#1659,#1681,#1682,#1711,#1740,#1764,#1793,#1817,#1846,#1870,
    #1899));
#1417 = ORIENTED_EDGE('',*,*,#1418,.F.);
#1418 = EDGE_CURVE('',#1419,#1421,#1423,.T.);
#1419 = VERTEX_POINT('',#1420);
#1420 = CARTESIAN_POINT('',(0.,60.,30.));
#1421 = VERTEX_POINT('',#1422);
#1422 = CARTESIAN_POINT('',(70.,60.,30.));
#1423 = SEAM_CURVE('',#1424,(#1428,#1435),.PCURVE_S1.);
#1424 = LINE('',#1425,#1426);
#1425 = CARTESIAN_POINT('',(0.,60.,30.));
#1426 = VECTOR('',#1427,1.);
#1427 = DIRECTION('',(1.,0.,0.));
#1428 = PCURVE('',#860,#1429);
#1429 = DEFINITIONAL_REPRESENTATION('',(#1430),#1434);
#1430 = LINE('',#1431,#1432);
#1431 = CARTESIAN_POINT('',(-6.28318530718,0.));
#1432 = VECTOR('',#1433,1.);
#1433 = DIRECTION('',(-0.,-1.));
#1434 = ( GEOMETRIC_REPRESENTATION_CONTEXT(2) 
PARAMETRIC_REPRESENTATION_CONTEXT() REPRESENTATION_CONTEXT('2D SPACE',''
  ) );
#1435 = PCURVE('',#860,#1436);
#1436 = DEFINITIONAL_REPRESENTATION('',(#1437),#1441);
#1437 = LINE('',#1438,#1439);
#1438 = CARTESIAN_POINT('',(-0.,0.));
#1439 = VECTOR('',#1440,1.);
#1440 = DIRECTION('',(-0.,-1.));
#1441 = ( GEOMETRIC_REPRESENTATION_CONTEXT(2) 
PARAMETRIC_REPRESENTATION_CONTEXT() REPRESENTATION_CONTEXT('2D SPACE',''
  ) );
#1442 = ORIENTED_EDGE('',*,*,#1443,.F.);
#1443 = EDGE_CURVE('',#1444,#1419,#1446,.T.);
#1444 = VERTEX_POINT('',#1445);
#1445 = CARTESIAN_POINT('',(0.,54.132238823941,13.907845464833));
#1446 = SURFACE_CURVE('',#1447,(#1452,#1459),.PCURVE_S1.);
#1447 = CIRCLE('',#1448,25.);
#1448 = AXIS2_PLACEMENT_3D('',#1449,#1450,#1451);
#1449 = CARTESIAN_POINT('',(0.,35.,30.));
#1450 = DIRECTION('',(1.,0.,0.));
#1451 = DIRECTION('',(0.,1.,0.));
#1452 = PCURVE('',#860,#1453);
#1453 = DEFINITIONAL_REPRESENTATION('',(#1454),#1458);
#1454 = LINE('',#1455,#1456);
#1455 = CARTESIAN_POINT('',(-0.,0.));
#1456 = VECTOR('',#1457,1.);
#1457 = DIRECTION('',(-1.,0.));
#1458 = ( GEOMETRIC_REPRESENTATION_CONTEXT(2) 
PARAMETRIC_REPRESENTATION_CONTEXT() REPRESENTATION_CONTEXT('2D SPACE',''
  ) );
#1459 = PCURVE('',#1460,#1465);
#1460 = PLANE('',#1461);
#1461 = AXIS2_PLACEMENT_3D('',#1462,#1463,#1464);
#1462 = CARTESIAN_POINT('',(0.,35.,30.));
#1463 = DIRECTION('',(1.,0.,0.));
#1464 = DIRECTION('',(-0.,0.,1.));
#1465 = DEFINITIONAL_REPRESENTATION('',(#1466),#1470);
#1466 = CIRCLE('',#1467,25.);
#1467 = AXIS2_PLACEMENT_2D('',#1468,#1469);
#1468 = CARTESIAN_POINT('',(0.,0.));
#1469 = DIRECTION('',(0.,-1.));
#1470 = ( GEOMETRIC_REPRESENTATION_CONTEXT(2) 
PARAMETRIC_REPRESENTATION_CONTEXT() REPRESENTATION_CONTEXT('2D SPACE',''
  ) );
#1471 = ORIENTED_EDGE('',*,*,#1472,.F.);
#1472 = EDGE_CURVE('',#1473,#1444,#1475,.T.);
#1473 = VERTEX_POINT('',#1474);
#1474 = CARTESIAN_POINT('',(0.,51.092154535167,10.867761176059));
#1475 = SURFACE_CURVE('',#1476,(#1481,#1488),.PCURVE_S1.);
#1476 = CIRCLE('',#1477,25.);
#1477 = AXIS2_PLACEMENT_3D('',#1478,#1479,#1480);
#1478 = CARTESIAN_POINT('',(0.,35.,30.));
#1479 = DIRECTION('',(1.,0.,0.));
#1480 = DIRECTION('',(0.,1.,0.));
#1481 = PCURVE('',#860,#1482);
#1482 = DEFINITIONAL_REPRESENTATION('',(#1483),#1487);
#1483 = LINE('',#1484,#1485);
#1484 = CARTESIAN_POINT('',(-0.,0.));
#1485 = VECTOR('',#1486,1.);
#1486 = DIRECTION('',(-1.,0.));
#1487 = ( GEOMETRIC_REPRESENTATION_CONTEXT(2) 
PARAMETRIC_REPRESENTATION_CONTEXT() REPRESENTATION_CONTEXT('2D SPACE',''
  ) );
#1488 = PCURVE('',#1489,#1494);
#1489 = PLANE('',#1490);
#1490 = AXIS2_PLACEMENT_3D('',#1491,#1492,#1493);
#1491 = CARTESIAN_POINT('',(0.,54.091883092037,10.908116907963));
#1492 = DIRECTION('',(1.,0.,0.));
#1493 = DIRECTION('',(-0.,0.,1.));
#1494 = DEFINITIONAL_REPRESENTATION('',(#1495),#1499);
#1495 = CIRCLE('',#1496,25.);
#1496 = AXIS2_PLACEMENT_2D('',#1497,#1498);
#1497 = CARTESIAN_POINT('',(19.091883092037,19.091883092037));
#1498 = DIRECTION('',(0.,-1.));
#1499 = ( GEOMETRIC_REPRESENTATION_CONTEXT(2) 
PARAMETRIC_REPRESENTATION_CONTEXT() REPRESENTATION_CONTEXT('2D SPACE',''
  ) );
#1500 = ORIENTED_EDGE('',*,*,#1501,.F.);
#1501 = EDGE_CURVE('',#1502,#1473,#1504,.T.);
#1502 = VERTEX_POINT('',#1503);
#1503 = CARTESIAN_POINT('',(0.,18.907845464833,10.867761176059));
#1504 = SURFACE_CURVE('',#1505,(#1510,#1517),.PCURVE_S1.);
#1505 = CIRCLE('',#1506,25.);
#1506 = AXIS2_PLACEMENT_3D('',#1507,#1508,#1509);
#1507 = CARTESIAN_POINT('',(0.,35.,30.));
#1508 = DIRECTION('',(1.,0.,0.));
#1509 = DIRECTION('',(0.,1.,0.));
#1510 = PCURVE('',#860,#1511);
#1511 = DEFINITIONAL_REPRESENTATION('',(#1512),#1516);
#1512 = LINE('',#1513,#1514);
#1513 = CARTESIAN_POINT('',(-0.,0.));
#1514 = VECTOR('',#1515,1.);
#1515 = DIRECTION('',(-1.,0.));
#1516 = ( GEOMETRIC_REPRESENTATION_CONTEXT(2) 
PARAMETRIC_REPRESENTATION_CONTEXT() REPRESENTATION_CONTEXT('2D SPACE',''
  ) );
#1517 = PCURVE('',#1460,#1518);
#1518 = DEFINITIONAL_REPRESENTATION('',(#1519),#1523);
#1519 = CIRCLE('',#1520,25.);
#1520 = AXIS2_PLACEMENT_2D('',#1521,#1522);
#1521 = CARTESIAN_POINT('',(0.,0.));
#1522 = DIRECTION('',(0.,-1.));
#1523 = ( GEOMETRIC_REPRESENTATION_CONTEXT(2) 
PARAMETRIC_REPRESENTATION_CONTEXT() REPRESENTATION_CONTEXT('2D SPACE',''
  ) );
#1524 = ORIENTED_EDGE('',*,*,#1525,.F.);
#1525 = EDGE_CURVE('',#1526,#1502,#1528,.T.);
#1526 = VERTEX_POINT('',#1527);
#1527 = CARTESIAN_POINT('',(0.,15.867761176059,13.907845464833));
#1528 = SURFACE_CURVE('',#1529,(#1534,#1541),.PCURVE_S1.);
#1529 = CIRCLE('',#1530,25.);
#1530 = AXIS2_PLACEMENT_3D('',#1531,#1532,#1533);
#1531 = CARTESIAN_POINT('',(0.,35.,30.));
#1532 = DIRECTION('',(1.,0.,0.));
#1533 = DIRECTION('',(0.,1.,0.));
#1534 = PCURVE('',#860,#1535);
#1535 = DEFINITIONAL_REPRESENTATION('',(#1536),#1540);
#1536 = LINE('',#1537,#1538);
#1537 = CARTESIAN_POINT('',(-0.,0.));
#1538 = VECTOR('',#1539,1.);
#1539 = DIRECTION('',(-1.,0.));
#1540 = ( GEOMETRIC_REPRESENTATION_CONTEXT(2) 
PARAMETRIC_REPRESENTATION_CONTEXT() REPRESENTATION_CONTEXT('2D SPACE',''
  ) );
#1541 = PCURVE('',#1542,#1547);
#1542 = PLANE('',#1543);
#1543 = AXIS2_PLACEMENT_3D('',#1544,#1545,#1546);
#1544 = CARTESIAN_POINT('',(0.,15.908116907963,10.908116907963));
#1545 = DIRECTION('',(1.,0.,0.));
#1546 = DIRECTION('',(-0.,0.,1.));
#1547 = DEFINITIONAL_REPRESENTATION('',(#1548),#1552);
#1548 = CIRCLE('',#1549,25.);
#1549 = AXIS2_PLACEMENT_2D('',#1550,#1551);
#1550 = CARTESIAN_POINT('',(19.091883092037,-19.09188309203));
#1551 = DIRECTION('',(0.,-1.));
#1552 = ( GEOMETRIC_REPRESENTATION_CONTEXT(2) 
PARAMETRIC_REPRESENTATION_CONTEXT() REPRESENTATION_CONTEXT('2D SPACE',''
  ) );
#1553 = ORIENTED_EDGE('',*,*,#1554,.F.);
#1554 = EDGE_CURVE('',#1555,#1526,#1557,.T.);
#1555 = VERTEX_POINT('',#1556);
#1556 = CARTESIAN_POINT('',(0.,15.867761176059,46.092154535167));
#1557 = SURFACE_CURVE('',#1558,(#1563,#1570),.PCURVE_S1.);
#1558 = CIRCLE('',#1559,25.);
#1559 = AXIS2_PLACEMENT_3D('',#1560,#1561,#1562);
#1560 = CARTESIAN_POINT('',(0.,35.,30.));
#1561 = DIRECTION('',(1.,0.,0.));
#1562 = DIRECTION('',(0.,1.,0.));
#1563 = PCURVE('',#860,#1564);
#1564 = DEFINITIONAL_REPRESENTATION('',(#1565),#1569);
#1565 = LINE('',#1566,#1567);
#1566 = CARTESIAN_POINT('',(-0.,0.));
#1567 = VECTOR('',#1568,1.);
#1568 = DIRECTION('',(-1.,0.));
#1569 = ( GEOMETRIC_REPRESENTATION_CONTEXT(2) 
PARAMETRIC_REPRESENTATION_CONTEXT() REPRESENTATION_CONTEXT('2D SPACE',''
  ) );
#1570 = PCURVE('',#1460,#1571);
#1571 = DEFINITIONAL_REPRESENTATION('',(#1572),#1576);
#1572 = CIRCLE('',#1573,25.);
#1573 = AXIS2_PLACEMENT_2D('',#1574,#1575);
#1574 = CARTESIAN_POINT('',(0.,0.));
#1575 = DIRECTION('',(0.,-1.));
#1576 = ( GEOMETRIC_REPRESENTATION_CONTEXT(2) 
PARAMETRIC_REPRESENTATION_CONTEXT() REPRESENTATION_CONTEXT('2D SPACE',''
  ) );
#1577 = ORIENTED_EDGE('',*,*,#1578,.F.);
#1578 = EDGE_CURVE('',#1579,#1555,#1581,.T.);
#1579 = VERTEX_POINT('',#1580);
#1580 = CARTESIAN_POINT('',(0.,18.907845464833,49.132238823941));
#1581 = SURFACE_CURVE('',#1582,(#1587,#1594),.PCURVE_S1.);
#1582 = CIRCLE('',#1583,25.);
#1583 = AXIS2_PLACEMENT_3D('',#1584,#1585,#1586);
#1584 = CARTESIAN_POINT('',(0.,35.,30.));
#1585 = DIRECTION('',(1.,0.,0.));
#1586 = DIRECTION('',(0.,1.,0.));
#1587 = PCURVE('',#860,#1588);
#1588 = DEFINITIONAL_REPRESENTATION('',(#1589),#1593);
#1589 = LINE('',#1590,#1591);
#1590 = CARTESIAN_POINT('',(-0.,0.));
#1591 = VECTOR('',#1592,1.);
#1592 = DIRECTION('',(-1.,0.));
#1593 = ( GEOMETRIC_REPRESENTATION_CONTEXT(2) 
PARAMETRIC_REPRESENTATION_CONTEXT() REPRESENTATION_CONTEXT('2D SPACE',''
  ) );
#1594 = PCURVE('',#1595,#1600);
#1595 = PLANE('',#1596);
#1596 = AXIS2_PLACEMENT_3D('',#1597,#1598,#1599);
#1597 = CARTESIAN_POINT('',(0.,15.908116907963,49.091883092037));
#1598 = DIRECTION('',(1.,0.,0.));
#1599 = DIRECTION('',(-0.,0.,1.));
#1600 = DEFINITIONAL_REPRESENTATION('',(#1601),#1605);
#1601 = CIRCLE('',#1602,25.);
#1602 = AXIS2_PLACEMENT_2D('',#1603,#1604);
#1603 = CARTESIAN_POINT('',(-19.09188309203,-19.09188309203));
#1604 = DIRECTION('',(0.,-1.));
#1605 = ( GEOMETRIC_REPRESENTATION_CONTEXT(2) 
PARAMETRIC_REPRESENTATION_CONTEXT() REPRESENTATION_CONTEXT('2D SPACE',''
  ) );
#1606 = ORIENTED_EDGE('',*,*,#1607,.F.);
#1607 = EDGE_CURVE('',#1608,#1579,#1610,.T.);
#1608 = VERTEX_POINT('',#1609);
#1609 = CARTESIAN_POINT('',(0.,51.092154535167,49.132238823941));
#1610 = SURFACE_CURVE('',#1611,(#1616,#1623),.PCURVE_S1.);
#1611 = CIRCLE('',#1612,25.);
#1612 = AXIS2_PLACEMENT_3D('',#1613,#1614,#1615);
#1613 = CARTESIAN_POINT('',(0.,35.,30.));
#1614 = DIRECTION('',(1.,0.,0.));
#1615 = DIRECTION('',(0.,1.,0.));
#1616 = PCURVE('',#860,#1617);
#1617 = DEFINITIONAL_REPRESENTATION('',(#1618),#1622);
#1618 = LINE('',#1619,#1620);
#1619 = CARTESIAN_POINT('',(-0.,0.));
#1620 = VECTOR('',#1621,1.);
#1621 = DIRECTION('',(-1.,0.));
#1622 = ( GEOMETRIC_REPRESENTATION_CONTEXT(2) 
PARAMETRIC_REPRESENTATION_CONTEXT() REPRESENTATION_CONTEXT('2D SPACE',''
  ) );
#1623 = PCURVE('',#1460,#1624);
#1624 = DEFINITIONAL_REPRESENTATION('',(#1625),#1629);
#1625 = CIRCLE('',#1626,25.);
#1626 = AXIS2_PLACEMENT_2D('',#1627,#1628);
#1627 = CARTESIAN_POINT('',(0.,0.));
#1628 = DIRECTION('',(0.,-1.));
#1629 = ( GEOMETRIC_REPRESENTATION_CONTEXT(2) 
PARAMETRIC_REPRESENTATION_CONTEXT() REPRESENTATION_CONTEXT('2D SPACE',''
  ) );
#1630 = ORIENTED_EDGE('',*,*,#1631,.F.);
#1631 = EDGE_CURVE('',#1632,#1608,#1634,.T.);
#1632 = VERTEX_POINT('',#1633);
#1633 = CARTESIAN_POINT('',(0.,54.132238823941,46.092154535167));
#1634 = SURFACE_CURVE('',#1635,(#1640,#1647),.PCURVE_S1.);
#1635 = CIRCLE('',#1636,25.);
#1636 = AXIS2_PLACEMENT_3D('',#1637,#1638,#1639);
#1637 = CARTESIAN_POINT('',(0.,35.,30.));
#1638 = DIRECTION('',(1.,0.,0.));
#1639 = DIRECTION('',(0.,1.,0.));
#1640 = PCURVE('',#860,#1641);
#1641 = DEFINITIONAL_REPRESENTATION('',(#1642),#1646);
#1642 = LINE('',#1643,#1644);
#1643 = CARTESIAN_POINT('',(-0.,0.));
#1644 = VECTOR('',#1645,1.);
#1645 = DIRECTION('',(-1.,0.));
#1646 = ( GEOMETRIC_REPRESENTATION_CONTEXT(2) 
PARAMETRIC_REPRESENTATION_CONTEXT() REPRESENTATION_CONTEXT('2D SPACE',''
  ) );
#1647 = PCURVE('',#1648,#1653);
#1648 = PLANE('',#1649);
#1649 = AXIS2_PLACEMENT_3D('',#1650,#1651,#1652);
#1650 = CARTESIAN_POINT('',(0.,54.091883092037,49.091883092037));
#1651 = DIRECTION('',(1.,0.,0.));
#1652 = DIRECTION('',(-0.,0.,1.));
#1653 = DEFINITIONAL_REPRESENTATION('',(#1654),#1658);
#1654 = CIRCLE('',#1655,25.);
#1655 = AXIS2_PLACEMENT_2D('',#1656,#1657);
#1656 = CARTESIAN_POINT('',(-19.09188309203,19.091883092037));
#1657 = DIRECTION('',(0.,-1.));
#1658 = ( GEOMETRIC_REPRESENTATION_CONTEXT(2) 
PARAMETRIC_REPRESENTATION_CONTEXT() REPRESENTATION_CONTEXT('2D SPACE',''
  ) );
#1659 = ORIENTED_EDGE('',*,*,#1660,.F.);
#1660 = EDGE_CURVE('',#1419,#1632,#1661,.T.);
#1661 = SURFACE_CURVE('',#1662,(#1667,#1674),.PCURVE_S1.);
#1662 = CIRCLE('',#1663,25.);
#1663 = AXIS2_PLACEMENT_3D('',#1664,#1665,#1666);
#1664 = CARTESIAN_POINT('',(0.,35.,30.));
#1665 = DIRECTION('',(1.,0.,0.));
#1666 = DIRECTION('',(0.,1.,0.));
#1667 = PCURVE('',#860,#1668);
#1668 = DEFINITIONAL_REPRESENTATION('',(#1669),#1673);
#1669 = LINE('',#1670,#1671);
#1670 = CARTESIAN_POINT('',(-0.,0.));
#1671 = VECTOR('',#1672,1.);
#1672 = DIRECTION('',(-1.,0.));
#1673 = ( GEOMETRIC_REPRESENTATION_CONTEXT(2) 
PARAMETRIC_REPRESENTATION_CONTEXT() REPRESENTATION_CONTEXT('2D SPACE',''
  ) );
#1674 = PCURVE('',#1460,#1675);
#1675 = DEFINITIONAL_REPRESENTATION('',(#1676),#1680);
#1676 = CIRCLE('',#1677,25.);
#1677 = AXIS2_PLACEMENT_2D('',#1678,#1679);
#1678 = CARTESIAN_POINT('',(0.,0.));
#1679 = DIRECTION('',(0.,-1.));
#1680 = ( GEOMETRIC_REPRESENTATION_CONTEXT(2) 
PARAMETRIC_REPRESENTATION_CONTEXT() REPRESENTATION_CONTEXT('2D SPACE',''
  ) );
#1681 = ORIENTED_EDGE('',*,*,#1418,.T.);
#1682 = ORIENTED_EDGE('',*,*,#1683,.T.);
#1683 = EDGE_CURVE('',#1421,#1684,#1686,.T.);
#1684 = VERTEX_POINT('',#1685);
#1685 = CARTESIAN_POINT('',(70.,54.132238823941,46.092154535167));
#1686 = SURFACE_CURVE('',#1687,(#1692,#1699),.PCURVE_S1.);
#1687 = CIRCLE('',#1688,25.);
#1688 = AXIS2_PLACEMENT_3D('',#1689,#1690,#1691);
#1689 = CARTESIAN_POINT('',(70.,35.,30.));
#1690 = DIRECTION('',(1.,0.,0.));
#1691 = DIRECTION('',(0.,1.,0.));
#1692 = PCURVE('',#860,#1693);
#1693 = DEFINITIONAL_REPRESENTATION('',(#1694),#1698);
#1694 = LINE('',#1695,#1696);
#1695 = CARTESIAN_POINT('',(-0.,-70.));
#1696 = VECTOR('',#1697,1.);
#1697 = DIRECTION('',(-1.,0.));
#1698 = ( GEOMETRIC_REPRESENTATION_CONTEXT(2) 
PARAMETRIC_REPRESENTATION_CONTEXT() REPRESENTATION_CONTEXT('2D SPACE',''
  ) );
#1699 = PCURVE('',#1700,#1705);
#1700 = PLANE('',#1701);
#1701 = AXIS2_PLACEMENT_3D('',#1702,#1703,#1704);
#1702 = CARTESIAN_POINT('',(70.,35.,30.));
#1703 = DIRECTION('',(1.,0.,0.));
#1704 = DIRECTION('',(-0.,0.,1.));
#1705 = DEFINITIONAL_REPRESENTATION('',(#1706),#1710);
#1706 = CIRCLE('',#1707,25.);
#1707 = AXIS2_PLACEMENT_2D('',#1708,#1709);
#1708 = CARTESIAN_POINT('',(0.,0.));
#1709 = DIRECTION('',(0.,-1.));
#1710 = ( GEOMETRIC_REPRESENTATION_CONTEXT(2) 
PARAMETRIC_REPRESENTATION_CONTEXT() REPRESENTATION_CONTEXT('2D SPACE',''
  ) );
#1711 = ORIENTED_EDGE('',*,*,#1712,.T.);
#1712 = EDGE_CURVE('',#1684,#1713,#1715,.T.);
#1713 = VERTEX_POINT('',#1714);
#1714 = CARTESIAN_POINT('',(70.,51.092154535167,49.132238823941));
#1715 = SURFACE_CURVE('',#1716,(#1721,#1728),.PCURVE_S1.);
#1716 = CIRCLE('',#1717,25.);
#1717 = AXIS2_PLACEMENT_3D('',#1718,#1719,#1720);
#1718 = CARTESIAN_POINT('',(70.,35.,30.));
#1719 = DIRECTION('',(1.,0.,0.));
#1720 = DIRECTION('',(0.,1.,0.));
#1721 = PCURVE('',#860,#1722);
#1722 = DEFINITIONAL_REPRESENTATION('',(#1723),#1727);
#1723 = LINE('',#1724,#1725);
#1724 = CARTESIAN_POINT('',(-0.,-70.));
#1725 = VECTOR('',#1726,1.);
#1726 = DIRECTION('',(-1.,0.));
#1727 = ( GEOMETRIC_REPRESENTATION_CONTEXT(2) 
PARAMETRIC_REPRESENTATION_CONTEXT() REPRESENTATION_CONTEXT('2D SPACE',''
  ) );
#1728 = PCURVE('',#1729,#1734);
#1729 = PLANE('',#1730);
#1730 = AXIS2_PLACEMENT_3D('',#1731,#1732,#1733);
#1731 = CARTESIAN_POINT('',(70.,54.091883092037,49.091883092037));
#1732 = DIRECTION('',(1.,0.,0.));
#1733 = DIRECTION('',(-0.,0.,1.));
#1734 = DEFINITIONAL_REPRESENTATION('',(#1735),#1739);
#1735 = CIRCLE('',#1736,25.);
#1736 = AXIS2_PLACEMENT_2D('',#1737,#1738);
#1737 = CARTESIAN_POINT('',(-19.09188309203,19.091883092037));
#1738 = DIRECTION('',(0.,-1.));
#1739 = ( GEOMETRIC_REPRESENTATION_CONTEXT(2) 
PARAMETRIC_REPRESENTATION_CONTEXT() REPRESENTATION_CONTEXT('2D SPACE',''
  ) );
#1740 = ORIENTED_EDGE('',*,*,#1741,.T.);
#1741 = EDGE_CURVE('',#1713,#1742,#1744,.T.);
#1742 = VERTEX_POINT('',#1743);
#1743 = CARTESIAN_POINT('',(70.,18.907845464833,49.132238823941));
#1744 = SURFACE_CURVE('',#1745,(#1750,#1757),.PCURVE_S1.);
#1745 = CIRCLE('',#1746,25.);
#1746 = AXIS2_PLACEMENT_3D('',#1747,#1748,#1749);
#1747 = CARTESIAN_POINT('',(70.,35.,30.));
#1748 = DIRECTION('',(1.,0.,0.));
#1749 = DIRECTION('',(0.,1.,0.));
#1750 = PCURVE('',#860,#1751);
#1751 = DEFINITIONAL_REPRESENTATION('',(#1752),#1756);
#1752 = LINE('',#1753,#1754);
#1753 = CARTESIAN_POINT('',(-0.,-70.));
#1754 = VECTOR('',#1755,1.);
#1755 = DIRECTION('',(-1.,0.));
#1756 = ( GEOMETRIC_REPRESENTATION_CONTEXT(2) 
PARAMETRIC_REPRESENTATION_CONTEXT() REPRESENTATION_CONTEXT('2D SPACE',''
  ) );
#1757 = PCURVE('',#1700,#1758);
#1758 = DEFINITIONAL_REPRESENTATION('',(#1759),#1763);
#1759 = CIRCLE('',#1760,25.);
#1760 = AXIS2_PLACEMENT_2D('',#1761,#1762);
#1761 = CARTESIAN_POINT('',(0.,0.));
#1762 = DIRECTION('',(0.,-1.));
#1763 = ( GEOMETRIC_REPRESENTATION_CONTEXT(2) 
PARAMETRIC_REPRESENTATION_CONTEXT() REPRESENTATION_CONTEXT('2D SPACE',''
  ) );
#1764 = ORIENTED_EDGE('',*,*,#1765,.T.);
#1765 = EDGE_CURVE('',#1742,#1766,#1768,.T.);
#1766 = VERTEX_POINT('',#1767);
#1767 = CARTESIAN_POINT('',(70.,15.867761176059,46.092154535167));
#1768 = SURFACE_CURVE('',#1769,(#1774,#1781),.PCURVE_S1.);
#1769 = CIRCLE('',#1770,25.);
#1770 = AXIS2_PLACEMENT_3D('',#1771,#1772,#1773);
#1771 = CARTESIAN_POINT('',(70.,35.,30.));
#1772 = DIRECTION('',(1.,0.,0.));
#1773 = DIRECTION('',(0.,1.,0.));
#1774 = PCURVE('',#860,#1775);
#1775 = DEFINITIONAL_REPRESENTATION('',(#1776),#1780);
#1776 = LINE('',#1777,#1778);
#1777 = CARTESIAN_POINT('',(-0.,-70.));
#1778 = VECTOR('',#1779,1.);
#1779 = DIRECTION('',(-1.,0.));
#1780 = ( GEOMETRIC_REPRESENTATION_CONTEXT(2) 
PARAMETRIC_REPRESENTATION_CONTEXT() REPRESENTATION_CONTEXT('2D SPACE',''
  ) );
#1781 = PCURVE('',#1782,#1787);
#1782 = PLANE('',#1783);
#1783 = AXIS2_PLACEMENT_3D('',#1784,#1785,#1786);
#1784 = CARTESIAN_POINT('',(70.,15.908116907963,49.091883092037));
#1785 = DIRECTION('',(1.,0.,0.));
#1786 = DIRECTION('',(-0.,0.,1.));
#1787 = DEFINITIONAL_REPRESENTATION('',(#1788),#1792);
#1788 = CIRCLE('',#1789,25.);
#1789 = AXIS2_PLACEMENT_2D('',#1790,#1791);
#1790 = CARTESIAN_POINT('',(-19.09188309203,-19.09188309203));
#1791 = DIRECTION('',(0.,-1.));
#1792 = ( GEOMETRIC_REPRESENTATION_CONTEXT(2) 
PARAMETRIC_REPRESENTATION_CONTEXT() REPRESENTATION_CONTEXT('2D SPACE',''
  ) );
#1793 = ORIENTED_EDGE('',*,*,#1794,.T.);
#1794 = EDGE_CURVE('',#1766,#1795,#1797,.T.);
#1795 = VERTEX_POINT('',#1796);
#1796 = CARTESIAN_POINT('',(70.,15.867761176059,13.907845464833));
#1797 = SURFACE_CURVE('',#1798,(#1803,#1810),.PCURVE_S1.);
#1798 = CIRCLE('',#1799,25.);
#1799 = AXIS2_PLACEMENT_3D('',#1800,#1801,#1802);
#1800 = CARTESIAN_POINT('',(70.,35.,30.));
#1801 = DIRECTION('',(1.,0.,0.));
#1802 = DIRECTION('',(0.,1.,0.));
#1803 = PCURVE('',#860,#1804);
#1804 = DEFINITIONAL_REPRESENTATION('',(#1805),#1809);
#1805 = LINE('',#1806,#1807);
#1806 = CARTESIAN_POINT('',(-0.,-70.));
#1807 = VECTOR('',#1808,1.);
#1808 = DIRECTION('',(-1.,0.));
#1809 = ( GEOMETRIC_REPRESENTATION_CONTEXT(2) 
PARAMETRIC_REPRESENTATION_CONTEXT() REPRESENTATION_CONTEXT('2D SPACE',''
  ) );
#1810 = PCURVE('',#1700,#1811);
#1811 = DEFINITIONAL_REPRESENTATION('',(#1812),#1816);
#1812 = CIRCLE('',#1813,25.);
#1813 = AXIS2_PLACEMENT_2D('',#1814,#1815);
#1814 = CARTESIAN_POINT('',(0.,0.));
#1815 = DIRECTION('',(0.,-1.));
#1816 = ( GEOMETRIC_REPRESENTATION_CONTEXT(2) 
PARAMETRIC_REPRESENTATION_CONTEXT() REPRESENTATION_CONTEXT('2D SPACE',''
  ) );
#1817 = ORIENTED_EDGE('',*,*,#1818,.T.);
#1818 = EDGE_CURVE('',#1795,#1819,#1821,.T.);
#1819 = VERTEX_POINT('',#1820);
#1820 = CARTESIAN_POINT('',(70.,18.907845464833,10.867761176059));
#1821 = SURFACE_CURVE('',#1822,(#1827,#1834),.PCURVE_S1.);
#1822 = CIRCLE('',#1823,25.);
#1823 = AXIS2_PLACEMENT_3D('',#1824,#1825,#1826);
#1824 = CARTESIAN_POINT('',(70.,35.,30.));
#1825 = DIRECTION('',(1.,0.,0.));
#1826 = DIRECTION('',(0.,1.,0.));
#1827 = PCURVE('',#860,#1828);
#1828 = DEFINITIONAL_REPRESENTATION('',(#1829),#1833);
#1829 = LINE('',#1830,#1831);
#1830 = CARTESIAN_POINT('',(-0.,-70.));
#1831 = VECTOR('',#1832,1.);
#1832 = DIRECTION('',(-1.,0.));
#1833 = ( GEOMETRIC_REPRESENTATION_CONTEXT(2) 
PARAMETRIC_REPRESENTATION_CONTEXT() REPRESENTATION_CONTEXT('2D SPACE',''
  ) );
#1834 = PCURVE('',#1835,#1840);
#1835 = PLANE('',#1836);
#1836 = AXIS2_PLACEMENT_3D('',#1837,#1838,#1839);
#1837 = CARTESIAN_POINT('',(70.,15.908116907963,10.908116907963));
#1838 = DIRECTION('',(1.,0.,0.));
#1839 = DIRECTION('',(-0.,0.,1.));
#1840 = DEFINITIONAL_REPRESENTATION('',(#1841),#1845);
#1841 = CIRCLE('',#1842,25.);
#1842 = AXIS2_PLACEMENT_2D('',#1843,#1844);
#1843 = CARTESIAN_POINT('',(19.091883092037,-19.09188309203));
#1844 = DIRECTION('',(0.,-1.));
#1845 = ( GEOMETRIC_REPRESENTATION_CONTEXT(2) 
PARAMETRIC_REPRESENTATION_CONTEXT() REPRESENTATION_CONTEXT('2D SPACE',''
  ) );
#1846 = ORIENTED_EDGE('',*,*,#1847,.T.);
#1847 = EDGE_CURVE('',#1819,#1848,#1850,.T.);
#1848 = VERTEX_POINT('',#1849);
#1849 = CARTESIAN_POINT('',(70.,51.092154535167,10.867761176059));
#1850 = SURFACE_CURVE('',#1851,(#1856,#1863),.PCURVE_S1.);
#1851 = CIRCLE('',#1852,25.);
#1852 = AXIS2_PLACEMENT_3D('',#1853,#1854,#1855);
#1853 = CARTESIAN_POINT('',(70.,35.,30.));
#1854 = DIRECTION('',(1.,0.,0.));
#1855 = DIRECTION('',(0.,1.,0.));
#1856 = PCURVE('',#860,#1857);
#1857 = DEFINITIONAL_REPRESENTATION('',(#1858),#1862);
#1858 = LINE('',#1859,#1860);
#1859 = CARTESIAN_POINT('',(-0.,-70.));
#1860 = VECTOR('',#1861,1.);
#1861 = DIRECTION('',(-1.,0.));
#1862 = ( GEOMETRIC_REPRESENTATION_CONTEXT(2) 
PARAMETRIC_REPRESENTATION_CONTEXT() REPRESENTATION_CONTEXT('2D SPACE',''
  ) );
#1863 = PCURVE('',#1700,#1864);
#1864 = DEFINITIONAL_REPRESENTATION('',(#1865),#1869);
#1865 = CIRCLE('',#1866,25.);
#1866 = AXIS2_PLACEMENT_2D('',#1867,#1868);
#1867 = CARTESIAN_POINT('',(0.,0.));
#1868 = DIRECTION('',(0.,-1.));
#1869 = ( GEOMETRIC_REPRESENTATION_CONTEXT(2) 
PARAMETRIC_REPRESENTATION_CONTEXT() REPRESENTATION_CONTEXT('2D SPACE',''
  ) );
#1870 = ORIENTED_EDGE('',*,*,#1871,.T.);
#1871 = EDGE_CURVE('',#1848,#1872,#1874,.T.);
#1872 = VERTEX_POINT('',#1873);
#1873 = CARTESIAN_POINT('',(70.,54.132238823941,13.907845464833));
#1874 = SURFACE_CURVE('',#1875,(#1880,#1887),.PCURVE_S1.);
#1875 = CIRCLE('',#1876,25.);
#1876 = AXIS2_PLACEMENT_3D('',#1877,#1878,#1879);
#1877 = CARTESIAN_POINT('',(70.,35.,30.));
#1878 = DIRECTION('',(1.,0.,0.));
#1879 = DIRECTION('',(0.,1.,0.));
#1880 = PCURVE('',#860,#1881);
#1881 = DEFINITIONAL_REPRESENTATION('',(#1882),#1886);
#1882 = LINE('',#1883,#1884);
#1883 = CARTESIAN_POINT('',(-0.,-70.));
#1884 = VECTOR('',#1885,1.);
#1885 = DIRECTION('',(-1.,0.));
#1886 = ( GEOMETRIC_REPRESENTATION_CONTEXT(2) 
PARAMETRIC_REPRESENTATION_CONTEXT() REPRESENTATION_CONTEXT('2D SPACE',''
  ) );
#1887 = PCURVE('',#1888,#1893);
#1888 = PLANE('',#1889);
#1889 = AXIS2_PLACEMENT_3D('',#1890,#1891,#1892);
#1890 = CARTESIAN_POINT('',(70.,54.091883092037,10.908116907963));
#1891 = DIRECTION('',(1.,0.,0.));
#1892 = DIRECTION('',(-0.,0.,1.));
#1893 = DEFINITIONAL_REPRESENTATION('',(#1894),#1898);
#1894 = CIRCLE('',#1895,25.);
#1895 = AXIS2_PLACEMENT_2D('',#1896,#1897);
#1896 = CARTESIAN_POINT('',(19.091883092037,19.091883092037));
#1897 = DIRECTION('',(0.,-1.));
#1898 = ( GEOMETRIC_REPRESENTATION_CONTEXT(2) 
PARAMETRIC_REPRESENTATION_CONTEXT() REPRESENTATION_CONTEXT('2D SPACE',''
  ) );
#1899 = ORIENTED_EDGE('',*,*,#1900,.T.);
#1900 = EDGE_CURVE('',#1872,#1421,#1901,.T.);
#1901 = SURFACE_CURVE('',#1902,(#1907,#1914),.PCURVE_S1.);
#1902 = CIRCLE('',#1903,25.);
#1903 = AXIS2_PLACEMENT_3D('',#1904,#1905,#1906);
#1904 = CARTESIAN_POINT('',(70.,35.,30.));
#1905 = DIRECTION('',(1.,0.,0.));
#1906 = DIRECTION('',(0.,1.,0.));
#1907 = PCURVE('',#860,#1908);
#1908 = DEFINITIONAL_REPRESENTATION('',(#1909),#1913);
#1909 = LINE('',#1910,#1911);
#1910 = CARTESIAN_POINT('',(-0.,-70.));
#1911 = VECTOR('',#1912,1.);
#1912 = DIRECTION('',(-1.,0.));
#1913 = ( GEOMETRIC_REPRESENTATION_CONTEXT(2) 
PARAMETRIC_REPRESENTATION_CONTEXT() REPRESENTATION_CONTEXT('2D SPACE',''
  ) );
#1914 = PCURVE('',#1700,#1915);
#1915 = DEFINITIONAL_REPRESENTATION('',(#1916),#1920);
#1916 = CIRCLE('',#1917,25.);
#1917 = AXIS2_PLACEMENT_2D('',#1918,#1919);
#1918 = CARTESIAN_POINT('',(0.,0.));
#1919 = DIRECTION('',(0.,-1.));
#1920 = ( GEOMETRIC_REPRESENTATION_CONTEXT(2) 
PARAMETRIC_REPRESENTATION_CONTEXT() REPRESENTATION_CONTEXT('2D SPACE',''
  ) );
#1921 = FACE_BOUND('',#1922,.F.);
#1922 = EDGE_LOOP('',(#1923));
#1923 = ORIENTED_EDGE('',*,*,#1924,.T.);
#1924 = EDGE_CURVE('',#1925,#1925,#1927,.T.);
#1925 = VERTEX_POINT('',#1926);
#1926 = CARTESIAN_POINT('',(39.,35.,55.));
#1927 = SURFACE_CURVE('',#1928,(#2001,#2077),.PCURVE_S1.);
#1928 = B_SPLINE_CURVE_WITH_KNOTS('',8,(#1929,#1930,#1931,#1932,#1933,
    #1934,#1935,#1936,#1937,#1938,#1939,#1940,#1941,#1942,#1943,#1944,
    #1945,#1946,#1947,#1948,#1949,#1950,#1951,#1952,#1953,#1954,#1955,
    #1956,#1957,#1958,#1959,#1960,#1961,#1962,#1963,#1964,#1965,#1966,
    #1967,#1968,#1969,#1970,#1971,#1972,#1973,#1974,#1975,#1976,#1977,
    #1978,#1979,#1980,#1981,#1982,#1983,#1984,#1985,#1986,#1987,#1988,
    #1989,#1990,#1991,#1992,#1993,#1994,#1995,#1996,#1997,#1998,#1999,
    #2000),.UNSPECIFIED.,.T.,.F.,(9,7,7,7,7,7,7,7,7,7,9),(0.,
    7.823141318031E-02,0.15095748565,0.249788661524,0.424537038847,
    0.499999998542,0.575462958789,0.750211338711,0.849042515115,
    0.921768587267,1.),.UNSPECIFIED.);
#1929 = CARTESIAN_POINT('',(39.,35.,55.));
#1930 = CARTESIAN_POINT('',(39.,35.299921913294,55.));
#1931 = CARTESIAN_POINT('',(38.974299168343,35.597320162661,
    54.995887821705));
#1932 = CARTESIAN_POINT('',(38.923654013088,35.888841192471,
    54.987784784471));
#1933 = CARTESIAN_POINT('',(38.849497944526,36.171265655607,
    54.97606365335));
#1934 = CARTESIAN_POINT('',(38.753914685851,36.441624354713,
    54.961326094366));
#1935 = CARTESIAN_POINT('',(38.639620876556,36.69730622317,
    54.944330096918));
#1936 = CARTESIAN_POINT('',(38.509954896033,36.936155254848,
    54.925895014821));
#1937 = CARTESIAN_POINT('',(38.237711546557,37.361441365944,
    54.889071668369));
#1938 = CARTESIAN_POINT('',(38.09556495948,37.552133978921,
    54.870619821571));
#1939 = CARTESIAN_POINT('',(37.944083129348,37.728765488343,
    54.851910160088));
#1940 = CARTESIAN_POINT('',(37.784691027419,37.891562598592,
    54.833337037666));
#1941 = CARTESIAN_POINT('',(37.618611788281,38.040814733791,
    54.815234476093));
#1942 = CARTESIAN_POINT('',(37.44689275449,38.176846071486,
    54.797878932404));
#1943 = CARTESIAN_POINT('',(37.270430418069,38.299989236847,
    54.781495695994));
#1944 = CARTESIAN_POINT('',(36.844790342597,38.56082181056,
    54.745576465806));
#1945 = CARTESIAN_POINT('',(36.592035128337,38.687997177965,
    54.727001427812));
#1946 = CARTESIAN_POINT('',(36.33356903365,38.792854769098,
    54.711005718169));
#1947 = CARTESIAN_POINT('',(36.070871177977,38.87604953444,
    54.697917029399));
#1948 = CARTESIAN_POINT('',(35.805160860927,38.9380983762,
    54.687958756982));
#1949 = CARTESIAN_POINT('',(35.537485401846,38.979357198928,
    54.681271389006));
#1950 = CARTESIAN_POINT('',(35.268794340663,39.,54.677925358506));
#1951 = CARTESIAN_POINT('',(34.524731194897,39.,54.677925358506));
#1952 = CARTESIAN_POINT('',(34.051115974599,38.935461927729,
    54.688386692294));
#1953 = CARTESIAN_POINT('',(33.582972191324,38.807177124995,
    54.70917732121));
#1954 = CARTESIAN_POINT('',(33.124778827975,38.612984341243,
    54.739692265042));
#1955 = CARTESIAN_POINT('',(32.683362180685,38.348918708991,
    54.778654513173));
#1956 = CARTESIAN_POINT('',(32.268943525477,38.009978484155,
    54.823703895979));
#1957 = CARTESIAN_POINT('',(31.896513117918,37.591093117217,
    54.870446393134));
#1958 = CARTESIAN_POINT('',(31.456833270433,36.873600816301,
    54.930639295264));
#1959 = CARTESIAN_POINT('',(31.335406128086,36.640228771079,
    54.948054394296));
#1960 = CARTESIAN_POINT('',(31.228696720957,36.39145711845,
    54.96401052294));
#1961 = CARTESIAN_POINT('',(31.139682342704,36.129329572547,
    54.977774287608));
#1962 = CARTESIAN_POINT('',(31.070772350357,35.856282016901,
    54.988676541248));
#1963 = CARTESIAN_POINT('',(31.023798544243,35.575057119135,
    54.996192195723));
#1964 = CARTESIAN_POINT('',(31.,35.288608894132,55.));
#1965 = CARTESIAN_POINT('',(31.,34.711391103758,55.));
#1966 = CARTESIAN_POINT('',(31.02379854452,34.424942884606,
    54.996192195688));
#1967 = CARTESIAN_POINT('',(31.070772349349,34.143717982638,
    54.988676541385));
#1968 = CARTESIAN_POINT('',(31.139682343522,33.870670424459,
    54.977774287493));
#1969 = CARTESIAN_POINT('',(31.228696721971,33.608542882013,
    54.964010522801));
#1970 = CARTESIAN_POINT('',(31.335406126061,33.359771231597,
    54.948054394576));
#1971 = CARTESIAN_POINT('',(31.45683327144,33.126399182056,
    54.930639295126));
#1972 = CARTESIAN_POINT('',(31.896513117909,32.408906882799,
    54.870446393135));
#1973 = CARTESIAN_POINT('',(32.268943525505,31.990021515794,
    54.823703895974));
#1974 = CARTESIAN_POINT('',(32.683362180665,31.651081291084,
    54.77865451318));
#1975 = CARTESIAN_POINT('',(33.124778827948,31.387015658698,
    54.739692265037));
#1976 = CARTESIAN_POINT('',(33.582972191388,31.19282287503,
    54.709177321212));
#1977 = CARTESIAN_POINT('',(34.05111597455,31.064538072267,
    54.688386692294));
#1978 = CARTESIAN_POINT('',(34.524731194912,31.,54.677925358506));
#1979 = CARTESIAN_POINT('',(35.268794338097,31.,54.677925358506));
#1980 = CARTESIAN_POINT('',(35.537485406195,31.020642801988,
    54.681271389136));
#1981 = CARTESIAN_POINT('',(35.805160860993,31.061901623137,
    54.68795875689));
#1982 = CARTESIAN_POINT('',(36.070871173943,31.123950464379,
    54.697917029231));
#1983 = CARTESIAN_POINT('',(36.333569033556,31.207145231561,
    54.711005718259));
#1984 = CARTESIAN_POINT('',(36.592035132604,31.312002823647,
    54.727001428038));
#1985 = CARTESIAN_POINT('',(36.844790340213,31.439178187979,
    54.745576465605));
#1986 = CARTESIAN_POINT('',(37.270430418069,31.700010763153,
    54.781495695994));
#1987 = CARTESIAN_POINT('',(37.44689275449,31.823153928514,
    54.797878932404));
#1988 = CARTESIAN_POINT('',(37.618611788281,31.959185266209,
    54.815234476093));
#1989 = CARTESIAN_POINT('',(37.784691027419,32.108437401408,
    54.833337037666));
#1990 = CARTESIAN_POINT('',(37.944083129348,32.271234511657,
    54.851910160088));
#1991 = CARTESIAN_POINT('',(38.09556495948,32.447866021079,
    54.870619821571));
#1992 = CARTESIAN_POINT('',(38.237711546557,32.638558634056,
    54.889071668369));
#1993 = CARTESIAN_POINT('',(38.509954895842,33.063844744853,
    54.925895014795));
#1994 = CARTESIAN_POINT('',(38.639620876561,33.30269377674,
    54.944330096917));
#1995 = CARTESIAN_POINT('',(38.753914685966,33.558375645476,
    54.961326094383));
#1996 = CARTESIAN_POINT('',(38.849497944598,33.828734344669,
    54.976063653362));
#1997 = CARTESIAN_POINT('',(38.923654013069,34.111158807651,
    54.987784784468));
#1998 = CARTESIAN_POINT('',(38.974299168295,34.402679837193,
    54.995887821697));
#1999 = CARTESIAN_POINT('',(39.,34.700078086428,55.));
#2000 = CARTESIAN_POINT('',(39.,35.,55.));
#2001 = PCURVE('',#860,#2002);
#2002 = DEFINITIONAL_REPRESENTATION('',(#2003),#2076);
#2003 = B_SPLINE_CURVE_WITH_KNOTS('',8,(#2004,#2005,#2006,#2007,#2008,
    #2009,#2010,#2011,#2012,#2013,#2014,#2015,#2016,#2017,#2018,#2019,
    #2020,#2021,#2022,#2023,#2024,#2025,#2026,#2027,#2028,#2029,#2030,
    #2031,#2032,#2033,#2034,#2035,#2036,#2037,#2038,#2039,#2040,#2041,
    #2042,#2043,#2044,#2045,#2046,#2047,#2048,#2049,#2050,#2051,#2052,
    #2053,#2054,#2055,#2056,#2057,#2058,#2059,#2060,#2061,#2062,#2063,
    #2064,#2065,#2066,#2067,#2068,#2069,#2070,#2071,#2072,#2073,#2074,
    #2075),.UNSPECIFIED.,.T.,.F.,(9,7,7,7,7,7,7,7,7,7,9),(0.,
    7.823141318031E-02,0.15095748565,0.249788661524,0.424537038847,
    0.499999998542,0.575462958789,0.750211338711,0.849042515115,
    0.921768587267,1.),.UNSPECIFIED.);
#2004 = CARTESIAN_POINT('',(-1.570796326795,-39.));
#2005 = CARTESIAN_POINT('',(-1.558799450263,-39.));
#2006 = CARTESIAN_POINT('',(-1.546903519045,-38.97429916834));
#2007 = CARTESIAN_POINT('',(-1.535240051964,-38.92365401308));
#2008 = CARTESIAN_POINT('',(-1.523935356833,-38.84949794452));
#2009 = CARTESIAN_POINT('',(-1.513106574651,-38.75391468585));
#2010 = CARTESIAN_POINT('',(-1.50285771706,-38.63962087655));
#2011 = CARTESIAN_POINT('',(-1.49327575964,-38.50995489603));
#2012 = CARTESIAN_POINT('',(-1.476200667364,-38.23771154655));
#2013 = CARTESIAN_POINT('',(-1.468537727719,-38.09556495948));
#2014 = CARTESIAN_POINT('',(-1.461433396843,-37.94408312934));
#2015 = CARTESIAN_POINT('',(-1.454879643395,-37.78469102741));
#2016 = CARTESIAN_POINT('',(-1.448866054447,-37.61861178828));
#2017 = CARTESIAN_POINT('',(-1.443380828952,-37.44689275449));
#2018 = CARTESIAN_POINT('',(-1.438411752782,-37.27043041806));
#2019 = CARTESIAN_POINT('',(-1.427879985781,-36.84479034259));
#2020 = CARTESIAN_POINT('',(-1.422739166915,-36.59203512833));
#2021 = CARTESIAN_POINT('',(-1.418496454604,-36.33356903365));
#2022 = CARTESIAN_POINT('',(-1.415127764349,-36.07087117797));
#2023 = CARTESIAN_POINT('',(-1.412614051317,-35.80516086092));
#2024 = CARTESIAN_POINT('',(-1.410942164334,-35.53748540184));
#2025 = CARTESIAN_POINT('',(-1.410105673843,-35.26879434066));
#2026 = CARTESIAN_POINT('',(-1.410105673843,-34.52473119489));
#2027 = CARTESIAN_POINT('',(-1.412720885327,-34.0511159746));
#2028 = CARTESIAN_POINT('',(-1.41791926527,-33.58297219132));
#2029 = CARTESIAN_POINT('',(-1.425782099915,-33.12477882797));
#2030 = CARTESIAN_POINT('',(-1.436458206147,-32.68336218068));
#2031 = CARTESIAN_POINT('',(-1.45013144286,-32.26894352547));
#2032 = CARTESIAN_POINT('',(-1.466984503755,-31.89651311791));
#2033 = CARTESIAN_POINT('',(-1.49578501451,-31.45683327043));
#2034 = CARTESIAN_POINT('',(-1.505145453737,-31.33540612808));
#2035 = CARTESIAN_POINT('',(-1.515115845684,-31.22869672095));
#2036 = CARTESIAN_POINT('',(-1.525613909401,-31.1396823427));
#2037 = CARTESIAN_POINT('',(-1.536542704762,-31.07077235035));
#2038 = CARTESIAN_POINT('',(-1.547794041057,-31.02379854424));
#2039 = CARTESIAN_POINT('',(-1.55925197103,-31.));
#2040 = CARTESIAN_POINT('',(-1.582340682645,-31.));
#2041 = CARTESIAN_POINT('',(-1.593798612383,-31.02379854452));
#2042 = CARTESIAN_POINT('',(-1.605049948846,-31.07077234934));
#2043 = CARTESIAN_POINT('',(-1.615978744309,-31.13968234352));
#2044 = CARTESIAN_POINT('',(-1.626476807888,-31.22869672197));
#2045 = CARTESIAN_POINT('',(-1.636447199745,-31.33540612606));
#2046 = CARTESIAN_POINT('',(-1.645807639146,-31.45683327144));
#2047 = CARTESIAN_POINT('',(-1.674608149834,-31.8965131179));
#2048 = CARTESIAN_POINT('',(-1.691461210732,-32.2689435255));
#2049 = CARTESIAN_POINT('',(-1.70513444744,-32.68336218066));
#2050 = CARTESIAN_POINT('',(-1.715810553678,-33.12477882795));
#2051 = CARTESIAN_POINT('',(-1.723673388319,-33.58297219138));
#2052 = CARTESIAN_POINT('',(-1.728871768263,-34.05111597455));
#2053 = CARTESIAN_POINT('',(-1.731486979747,-34.52473119491));
#2054 = CARTESIAN_POINT('',(-1.731486979747,-35.26879433809));
#2055 = CARTESIAN_POINT('',(-1.730650489219,-35.53748540619));
#2056 = CARTESIAN_POINT('',(-1.728978602299,-35.80516086099));
#2057 = CARTESIAN_POINT('',(-1.726464889288,-36.07087117394));
#2058 = CARTESIAN_POINT('',(-1.723096198959,-36.33356903355));
#2059 = CARTESIAN_POINT('',(-1.71885348661,-36.5920351326));
#2060 = CARTESIAN_POINT('',(-1.713712667868,-36.84479034021));
#2061 = CARTESIAN_POINT('',(-1.703180900808,-37.27043041806));
#2062 = CARTESIAN_POINT('',(-1.698211824638,-37.44689275449));
#2063 = CARTESIAN_POINT('',(-1.692726599143,-37.61861178828));
#2064 = CARTESIAN_POINT('',(-1.686713010195,-37.78469102741));
#2065 = CARTESIAN_POINT('',(-1.680159256747,-37.94408312934));
#2066 = CARTESIAN_POINT('',(-1.673054925871,-38.09556495948));
#2067 = CARTESIAN_POINT('',(-1.665391986226,-38.23771154655));
#2068 = CARTESIAN_POINT('',(-1.648316893962,-38.50995489584));
#2069 = CARTESIAN_POINT('',(-1.638734936533,-38.63962087656));
#2070 = CARTESIAN_POINT('',(-1.628486078931,-38.75391468596));
#2071 = CARTESIAN_POINT('',(-1.617657296746,-38.84949794459));
#2072 = CARTESIAN_POINT('',(-1.606352601621,-38.92365401306));
#2073 = CARTESIAN_POINT('',(-1.59468913455,-38.97429916829));
#2074 = CARTESIAN_POINT('',(-1.582793203338,-39.));
#2075 = CARTESIAN_POINT('',(-1.570796326795,-39.));
#2076 = ( GEOMETRIC_REPRESENTATION_CONTEXT(2) 
PARAMETRIC_REPRESENTATION_CONTEXT() REPRESENTATION_CONTEXT('2D SPACE',''
  ) );
#2077 = PCURVE('',#1296,#2078);
#2078 = DEFINITIONAL_REPRESENTATION('',(#2079),#2152);
#2079 = B_SPLINE_CURVE_WITH_KNOTS('',8,(#2080,#2081,#2082,#2083,#2084,
    #2085,#2086,#2087,#2088,#2089,#2090,#2091,#2092,#2093,#2094,#2095,
    #2096,#2097,#2098,#2099,#2100,#2101,#2102,#2103,#2104,#2105,#2106,
    #2107,#2108,#2109,#2110,#2111,#2112,#2113,#2114,#2115,#2116,#2117,
    #2118,#2119,#2120,#2121,#2122,#2123,#2124,#2125,#2126,#2127,#2128,
    #2129,#2130,#2131,#2132,#2133,#2134,#2135,#2136,#2137,#2138,#2139,
    #2140,#2141,#2142,#2143,#2144,#2145,#2146,#2147,#2148,#2149,#2150,
    #2151),.UNSPECIFIED.,.F.,.F.,(9,7,7,7,7,7,7,7,7,7,9),(0.,
    7.823141318031E-02,0.15095748565,0.249788661524,0.424537038847,
    0.499999998542,0.575462958789,0.750211338711,0.849042515115,
    0.921768587267,1.),.UNSPECIFIED.);
#2080 = CARTESIAN_POINT('',(0.,-17.));
#2081 = CARTESIAN_POINT('',(-7.498047832348E-02,-17.));
#2082 = CARTESIAN_POINT('',(-0.149330011545,-16.9958878217));
#2083 = CARTESIAN_POINT('',(-0.222852738762,-16.98778478447));
#2084 = CARTESIAN_POINT('',(-0.295340339448,-16.97606365335));
#2085 = CARTESIAN_POINT('',(-0.366557484438,-16.96132609436));
#2086 = CARTESIAN_POINT('',(-0.436224006202,-16.94433009691));
#2087 = CARTESIAN_POINT('',(-0.503991700124,-16.92589501482));
#2088 = CARTESIAN_POINT('',(-0.630231728845,-16.88907166836));
#2089 = CARTESIAN_POINT('',(-0.68954212807,-16.87061982157));
#2090 = CARTESIAN_POINT('',(-0.747492624854,-16.85191016008));
#2091 = CARTESIAN_POINT('',(-0.804211075635,-16.83333703766));
#2092 = CARTESIAN_POINT('',(-0.859814025695,-16.81523447609));
#2093 = CARTESIAN_POINT('',(-0.914412141054,-16.7978789324));
#2094 = CARTESIAN_POINT('',(-0.96811248117,-16.78149569599));
#2095 = CARTESIAN_POINT('',(-1.092913098496,-16.7455764658));
#2096 = CARTESIAN_POINT('',(-1.163402922417,-16.72700142781));
#2097 = CARTESIAN_POINT('',(-1.232760091222,-16.71100571816));
#2098 = CARTESIAN_POINT('',(-1.301230475703,-16.69791702939));
#2099 = CARTESIAN_POINT('',(-1.369044099962,-16.68795875698));
#2100 = CARTESIAN_POINT('',(-1.436424727187,-16.681271389));
#2101 = CARTESIAN_POINT('',(-1.503597741629,-16.6779253585));
#2102 = CARTESIAN_POINT('',(-1.689613528071,-16.6779253585));
#2103 = CARTESIAN_POINT('',(-1.808018029786,-16.68838669229));
#2104 = CARTESIAN_POINT('',(-1.92760614471,-16.70917732121));
#2105 = CARTESIAN_POINT('',(-2.049758600869,-16.73969226504));
#2106 = CARTESIAN_POINT('',(-2.175738885082,-16.77865451317));
#2107 = CARTESIAN_POINT('',(-2.306949425115,-16.82370389597));
#2108 = CARTESIAN_POINT('',(-2.444888284257,-16.87044639313));
#2109 = CARTESIAN_POINT('',(-2.655261994912,-16.93063929526));
#2110 = CARTESIAN_POINT('',(-2.72086898784,-16.94805439429));
#2111 = CARTESIAN_POINT('',(-2.788225156956,-16.96401052294));
#2112 = CARTESIAN_POINT('',(-2.857006834657,-16.9777742876));
#2113 = CARTESIAN_POINT('',(-2.926949707231,-16.98867654124));
#2114 = CARTESIAN_POINT('',(-2.997828396999,-16.99619219572));
#2115 = CARTESIAN_POINT('',(-3.069440430057,-17.));
#2116 = CARTESIAN_POINT('',(-3.21374487765,-17.));
#2117 = CARTESIAN_POINT('',(-3.28535690927,-16.99619219568));
#2118 = CARTESIAN_POINT('',(-3.356235599992,-16.98867654138));
#2119 = CARTESIAN_POINT('',(-3.426178473322,-16.97777428749));
#2120 = CARTESIAN_POINT('',(-3.494960150177,-16.9640105228));
#2121 = CARTESIAN_POINT('',(-3.562316318535,-16.94805439457));
#2122 = CARTESIAN_POINT('',(-3.627923312749,-16.93063929512));
#2123 = CARTESIAN_POINT('',(-3.838297022918,-16.87044639313));
#2124 = CARTESIAN_POINT('',(-3.976235882078,-16.82370389597));
#2125 = CARTESIAN_POINT('',(-4.107446422082,-16.77865451318));
#2126 = CARTESIAN_POINT('',(-4.233426706312,-16.73969226503));
#2127 = CARTESIAN_POINT('',(-4.355579162481,-16.70917732121));
#2128 = CARTESIAN_POINT('',(-4.475167277383,-16.68838669229));
#2129 = CARTESIAN_POINT('',(-4.593571779113,-16.6779253585));
#2130 = CARTESIAN_POINT('',(-4.779587564909,-16.6779253585));
#2131 = CARTESIAN_POINT('',(-4.846760581136,-16.68127138913));
#2132 = CARTESIAN_POINT('',(-4.914141207189,-16.68795875689));
#2133 = CARTESIAN_POINT('',(-4.981954830395,-16.69791702923));
#2134 = CARTESIAN_POINT('',(-5.050425215982,-16.71100571825));
#2135 = CARTESIAN_POINT('',(-5.119782385934,-16.72700142803));
#2136 = CARTESIAN_POINT('',(-5.190272207985,-16.7455764656));
#2137 = CARTESIAN_POINT('',(-5.315072826009,-16.78149569599));
#2138 = CARTESIAN_POINT('',(-5.368773166125,-16.7978789324));
#2139 = CARTESIAN_POINT('',(-5.423371281485,-16.81523447609));
#2140 = CARTESIAN_POINT('',(-5.478974231544,-16.83333703766));
#2141 = CARTESIAN_POINT('',(-5.535692682326,-16.85191016008));
#2142 = CARTESIAN_POINT('',(-5.593643179109,-16.87061982157));
#2143 = CARTESIAN_POINT('',(-5.652953578334,-16.88907166836));
#2144 = CARTESIAN_POINT('',(-5.779193606967,-16.92589501479));
#2145 = CARTESIAN_POINT('',(-5.846961300959,-16.94433009691));
#2146 = CARTESIAN_POINT('',(-5.916627822795,-16.96132609438));
#2147 = CARTESIAN_POINT('',(-5.987844967801,-16.97606365336));
#2148 = CARTESIAN_POINT('',(-6.060332568446,-16.98778478446));
#2149 = CARTESIAN_POINT('',(-6.133855295598,-16.99588782169));
#2150 = CARTESIAN_POINT('',(-6.208204828787,-17.));
#2151 = CARTESIAN_POINT('',(-6.28318530718,-17.));
#2152 = ( GEOMETRIC_REPRESENTATION_CONTEXT(2) 
PARAMETRIC_REPRESENTATION_CONTEXT() REPRESENTATION_CONTEXT('2D SPACE',''
  ) );
#2153 = FACE_BOUND('',#2154,.F.);
#2154 = EDGE_LOOP('',(#2155));
#2155 = ORIENTED_EDGE('',*,*,#618,.F.);
#2156 = ADVANCED_FACE('',(#2157,#2188,#2219,#2250,#2253,#2284),#1058,.T.
  );
#2157 = FACE_BOUND('',#2158,.T.);
#2158 = EDGE_LOOP('',(#2159));
#2159 = ORIENTED_EDGE('',*,*,#2160,.T.);
#2160 = EDGE_CURVE('',#2161,#2161,#2163,.T.);
#2161 = VERTEX_POINT('',#2162);
#2162 = CARTESIAN_POINT('',(78.,71.,30.));
#2163 = SURFACE_CURVE('',#2164,(#2169,#2176),.PCURVE_S1.);
#2164 = CIRCLE('',#2165,36.);
#2165 = AXIS2_PLACEMENT_3D('',#2166,#2167,#2168);
#2166 = CARTESIAN_POINT('',(78.,35.,30.));
#2167 = DIRECTION('',(1.,0.,0.));
#2168 = DIRECTION('',(0.,1.,0.));
#2169 = PCURVE('',#1058,#2170);
#2170 = DEFINITIONAL_REPRESENTATION('',(#2171),#2175);
#2171 = CIRCLE('',#2172,36.);
#2172 = AXIS2_PLACEMENT_2D('',#2173,#2174);
#2173 = CARTESIAN_POINT('',(0.,0.));
#2174 = DIRECTION('',(0.,-1.));
#2175 = ( GEOMETRIC_REPRESENTATION_CONTEXT(2) 
PARAMETRIC_REPRESENTATION_CONTEXT() REPRESENTATION_CONTEXT('2D SPACE',''
  ) );
#2176 = PCURVE('',#2177,#2182);
#2177 = CYLINDRICAL_SURFACE('',#2178,36.);
#2178 = AXIS2_PLACEMENT_3D('',#2179,#2180,#2181);
#2179 = CARTESIAN_POINT('',(70.,35.,30.));
#2180 = DIRECTION('',(-1.,-0.,-0.));
#2181 = DIRECTION('',(0.,1.,0.));
#2182 = DEFINITIONAL_REPRESENTATION('',(#2183),#2187);
#2183 = LINE('',#2184,#2185);
#2184 = CARTESIAN_POINT('',(-0.,-8.));
#2185 = VECTOR('',#2186,1.);
#2186 = DIRECTION('',(-1.,0.));
#2187 = ( GEOMETRIC_REPRESENTATION_CONTEXT(2) 
PARAMETRIC_REPRESENTATION_CONTEXT() REPRESENTATION_CONTEXT('2D SPACE',''
  ) );
#2188 = FACE_BOUND('',#2189,.T.);
#2189 = EDGE_LOOP('',(#2190));
#2190 = ORIENTED_EDGE('',*,*,#2191,.F.);
#2191 = EDGE_CURVE('',#2192,#2192,#2194,.T.);
#2192 = VERTEX_POINT('',#2193);
#2193 = CARTESIAN_POINT('',(78.,57.091883092037,10.908116907963));
#2194 = SURFACE_CURVE('',#2195,(#2200,#2207),.PCURVE_S1.);
#2195 = CIRCLE('',#2196,3.);
#2196 = AXIS2_PLACEMENT_3D('',#2197,#2198,#2199);
#2197 = CARTESIAN_POINT('',(78.,54.091883092037,10.908116907963));
#2198 = DIRECTION('',(1.,0.,0.));
#2199 = DIRECTION('',(0.,1.,0.));
#2200 = PCURVE('',#1058,#2201);
#2201 = DEFINITIONAL_REPRESENTATION('',(#2202),#2206);
#2202 = CIRCLE('',#2203,3.);
#2203 = AXIS2_PLACEMENT_2D('',#2204,#2205);
#2204 = CARTESIAN_POINT('',(-19.09188309203,-19.09188309203));
#2205 = DIRECTION('',(0.,-1.));
#2206 = ( GEOMETRIC_REPRESENTATION_CONTEXT(2) 
PARAMETRIC_REPRESENTATION_CONTEXT() REPRESENTATION_CONTEXT('2D SPACE',''
  ) );
#2207 = PCURVE('',#2208,#2213);
#2208 = CYLINDRICAL_SURFACE('',#2209,3.);
#2209 = AXIS2_PLACEMENT_3D('',#2210,#2211,#2212);
#2210 = CARTESIAN_POINT('',(70.,54.091883092037,10.908116907963));
#2211 = DIRECTION('',(-1.,-0.,-0.));
#2212 = DIRECTION('',(0.,1.,0.));
#2213 = DEFINITIONAL_REPRESENTATION('',(#2214),#2218);
#2214 = LINE('',#2215,#2216);
#2215 = CARTESIAN_POINT('',(-0.,-8.));
#2216 = VECTOR('',#2217,1.);
#2217 = DIRECTION('',(-1.,0.));
#2218 = ( GEOMETRIC_REPRESENTATION_CONTEXT(2) 
PARAMETRIC_REPRESENTATION_CONTEXT() REPRESENTATION_CONTEXT('2D SPACE',''
  ) );
#2219 = FACE_BOUND('',#2220,.T.);
#2220 = EDGE_LOOP('',(#2221));
#2221 = ORIENTED_EDGE('',*,*,#2222,.F.);
#2222 = EDGE_CURVE('',#2223,#2223,#2225,.T.);
#2223 = VERTEX_POINT('',#2224);
#2224 = CARTESIAN_POINT('',(78.,57.091883092037,49.091883092037));
#2225 = SURFACE_CURVE('',#2226,(#2231,#2238),.PCURVE_S1.);
#2226 = CIRCLE('',#2227,3.);
#2227 = AXIS2_PLACEMENT_3D('',#2228,#2229,#2230);
#2228 = CARTESIAN_POINT('',(78.,54.091883092037,49.091883092037));
#2229 = DIRECTION('',(1.,0.,0.));
#2230 = DIRECTION('',(0.,1.,0.));
#2231 = PCURVE('',#1058,#2232);
#2232 = DEFINITIONAL_REPRESENTATION('',(#2233),#2237);
#2233 = CIRCLE('',#2234,3.);
#2234 = AXIS2_PLACEMENT_2D('',#2235,#2236);
#2235 = CARTESIAN_POINT('',(19.091883092037,-19.09188309203));
#2236 = DIRECTION('',(0.,-1.));
#2237 = ( GEOMETRIC_REPRESENTATION_CONTEXT(2) 
PARAMETRIC_REPRESENTATION_CONTEXT() REPRESENTATION_CONTEXT('2D SPACE',''
  ) );
#2238 = PCURVE('',#2239,#2244);
#2239 = CYLINDRICAL_SURFACE('',#2240,3.);
#2240 = AXIS2_PLACEMENT_3D('',#2241,#2242,#2243);
#2241 = CARTESIAN_POINT('',(70.,54.091883092037,49.091883092037));
#2242 = DIRECTION('',(-1.,-0.,-0.));
#2243 = DIRECTION('',(0.,1.,0.));
#2244 = DEFINITIONAL_REPRESENTATION('',(#2245),#2249);
#2245 = LINE('',#2246,#2247);
#2246 = CARTESIAN_POINT('',(-0.,-8.));
#2247 = VECTOR('',#2248,1.);
#2248 = DIRECTION('',(-1.,0.));
#2249 = ( GEOMETRIC_REPRESENTATION_CONTEXT(2) 
PARAMETRIC_REPRESENTATION_CONTEXT() REPRESENTATION_CONTEXT('2D SPACE',''
  ) );
#2250 = FACE_BOUND('',#2251,.T.);
#2251 = EDGE_LOOP('',(#2252));
#2252 = ORIENTED_EDGE('',*,*,#1043,.F.);
#2253 = FACE_BOUND('',#2254,.T.);
#2254 = EDGE_LOOP('',(#2255));
#2255 = ORIENTED_EDGE('',*,*,#2256,.F.);
#2256 = EDGE_CURVE('',#2257,#2257,#2259,.T.);
#2257 = VERTEX_POINT('',#2258);
#2258 = CARTESIAN_POINT('',(78.,18.908116907963,10.908116907963));
#2259 = SURFACE_CURVE('',#2260,(#2265,#2272),.PCURVE_S1.);
#2260 = CIRCLE('',#2261,3.);
#2261 = AXIS2_PLACEMENT_3D('',#2262,#2263,#2264);
#2262 = CARTESIAN_POINT('',(78.,15.908116907963,10.908116907963));
#2263 = DIRECTION('',(1.,0.,0.));
#2264 = DIRECTION('',(0.,1.,0.));
#2265 = PCURVE('',#1058,#2266);
#2266 = DEFINITIONAL_REPRESENTATION('',(#2267),#2271);
#2267 = CIRCLE('',#2268,3.);
#2268 = AXIS2_PLACEMENT_2D('',#2269,#2270);
#2269 = CARTESIAN_POINT('',(-19.09188309203,19.091883092037));
#2270 = DIRECTION('',(0.,-1.));
#2271 = ( GEOMETRIC_REPRESENTATION_CONTEXT(2) 
PARAMETRIC_REPRESENTATION_CONTEXT() REPRESENTATION_CONTEXT('2D SPACE',''
  ) );
#2272 = PCURVE('',#2273,#2278);
#2273 = CYLINDRICAL_SURFACE('',#2274,3.);
#2274 = AXIS2_PLACEMENT_3D('',#2275,#2276,#2277);
#2275 = CARTESIAN_POINT('',(70.,15.908116907963,10.908116907963));
#2276 = DIRECTION('',(-1.,-0.,-0.));
#2277 = DIRECTION('',(0.,1.,0.));
#2278 = DEFINITIONAL_REPRESENTATION('',(#2279),#2283);
#2279 = LINE('',#2280,#2281);
#2280 = CARTESIAN_POINT('',(-0.,-8.));
#2281 = VECTOR('',#2282,1.);
#2282 = DIRECTION('',(-1.,0.));
#2283 = ( GEOMETRIC_REPRESENTATION_CONTEXT(2) 
PARAMETRIC_REPRESENTATION_CONTEXT() REPRESENTATION_CONTEXT('2D SPACE',''
  ) );
#2284 = FACE_BOUND('',#2285,.T.);
#2285 = EDGE_LOOP('',(#2286));
#2286 = ORIENTED_EDGE('',*,*,#2287,.F.);
#2287 = EDGE_CURVE('',#2288,#2288,#2290,.T.);
#2288 = VERTEX_POINT('',#2289);
#2289 = CARTESIAN_POINT('',(78.,18.908116907963,49.091883092037));
#2290 = SURFACE_CURVE('',#2291,(#2296,#2303),.PCURVE_S1.);
#2291 = CIRCLE('',#2292,3.);
#2292 = AXIS2_PLACEMENT_3D('',#2293,#2294,#2295);
#2293 = CARTESIAN_POINT('',(78.,15.908116907963,49.091883092037));
#2294 = DIRECTION('',(1.,0.,0.));
#2295 = DIRECTION('',(0.,1.,0.));
#2296 = PCURVE('',#1058,#2297);
#2297 = DEFINITIONAL_REPRESENTATION('',(#2298),#2302);
#2298 = CIRCLE('',#2299,3.);
#2299 = AXIS2_PLACEMENT_2D('',#2300,#2301);
#2300 = CARTESIAN_POINT('',(19.091883092037,19.091883092037));
#2301 = DIRECTION('',(0.,-1.));
#2302 = ( GEOMETRIC_REPRESENTATION_CONTEXT(2) 
PARAMETRIC_REPRESENTATION_CONTEXT() REPRESENTATION_CONTEXT('2D SPACE',''
  ) );
#2303 = PCURVE('',#2304,#2309);
#2304 = CYLINDRICAL_SURFACE('',#2305,3.);
#2305 = AXIS2_PLACEMENT_3D('',#2306,#2307,#2308);
#2306 = CARTESIAN_POINT('',(70.,15.908116907963,49.091883092037));
#2307 = DIRECTION('',(-1.,-0.,-0.));
#2308 = DIRECTION('',(0.,1.,0.));
#2309 = DEFINITIONAL_REPRESENTATION('',(#2310),#2314);
#2310 = LINE('',#2311,#2312);
#2311 = CARTESIAN_POINT('',(-0.,-8.));
#2312 = VECTOR('',#2313,1.);
#2313 = DIRECTION('',(-1.,0.));
#2314 = ( GEOMETRIC_REPRESENTATION_CONTEXT(2) 
PARAMETRIC_REPRESENTATION_CONTEXT() REPRESENTATION_CONTEXT('2D SPACE',''
  ) );
#2315 = ADVANCED_FACE('',(#2316,#2347,#2378,#2409,#2412,#2443),#1030,.F.
  );
#2316 = FACE_BOUND('',#2317,.F.);
#2317 = EDGE_LOOP('',(#2318));
#2318 = ORIENTED_EDGE('',*,*,#2319,.T.);
#2319 = EDGE_CURVE('',#2320,#2320,#2322,.T.);
#2320 = VERTEX_POINT('',#2321);
#2321 = CARTESIAN_POINT('',(-8.,71.,30.));
#2322 = SURFACE_CURVE('',#2323,(#2328,#2335),.PCURVE_S1.);
#2323 = CIRCLE('',#2324,36.);
#2324 = AXIS2_PLACEMENT_3D('',#2325,#2326,#2327);
#2325 = CARTESIAN_POINT('',(-8.,35.,30.));
#2326 = DIRECTION('',(1.,0.,0.));
#2327 = DIRECTION('',(0.,1.,0.));
#2328 = PCURVE('',#1030,#2329);
#2329 = DEFINITIONAL_REPRESENTATION('',(#2330),#2334);
#2330 = CIRCLE('',#2331,36.);
#2331 = AXIS2_PLACEMENT_2D('',#2332,#2333);
#2332 = CARTESIAN_POINT('',(0.,0.));
#2333 = DIRECTION('',(0.,-1.));
#2334 = ( GEOMETRIC_REPRESENTATION_CONTEXT(2) 
PARAMETRIC_REPRESENTATION_CONTEXT() REPRESENTATION_CONTEXT('2D SPACE',''
  ) );
#2335 = PCURVE('',#2336,#2341);
#2336 = CYLINDRICAL_SURFACE('',#2337,36.);
#2337 = AXIS2_PLACEMENT_3D('',#2338,#2339,#2340);
#2338 = CARTESIAN_POINT('',(-8.,35.,30.));
#2339 = DIRECTION('',(-1.,-0.,-0.));
#2340 = DIRECTION('',(0.,1.,0.));
#2341 = DEFINITIONAL_REPRESENTATION('',(#2342),#2346);
#2342 = LINE('',#2343,#2344);
#2343 = CARTESIAN_POINT('',(-0.,0.));
#2344 = VECTOR('',#2345,1.);
#2345 = DIRECTION('',(-1.,0.));
#2346 = ( GEOMETRIC_REPRESENTATION_CONTEXT(2) 
PARAMETRIC_REPRESENTATION_CONTEXT() REPRESENTATION_CONTEXT('2D SPACE',''
  ) );
#2347 = FACE_BOUND('',#2348,.F.);
#2348 = EDGE_LOOP('',(#2349));
#2349 = ORIENTED_EDGE('',*,*,#2350,.F.);
#2350 = EDGE_CURVE('',#2351,#2351,#2353,.T.);
#2351 = VERTEX_POINT('',#2352);
#2352 = CARTESIAN_POINT('',(-8.,57.091883092037,10.908116907963));
#2353 = SURFACE_CURVE('',#2354,(#2359,#2366),.PCURVE_S1.);
#2354 = CIRCLE('',#2355,3.);
#2355 = AXIS2_PLACEMENT_3D('',#2356,#2357,#2358);
#2356 = CARTESIAN_POINT('',(-8.,54.091883092037,10.908116907963));
#2357 = DIRECTION('',(1.,0.,0.));
#2358 = DIRECTION('',(0.,1.,0.));
#2359 = PCURVE('',#1030,#2360);
#2360 = DEFINITIONAL_REPRESENTATION('',(#2361),#2365);
#2361 = CIRCLE('',#2362,3.);
#2362 = AXIS2_PLACEMENT_2D('',#2363,#2364);
#2363 = CARTESIAN_POINT('',(-19.09188309203,-19.09188309203));
#2364 = DIRECTION('',(0.,-1.));
#2365 = ( GEOMETRIC_REPRESENTATION_CONTEXT(2) 
PARAMETRIC_REPRESENTATION_CONTEXT() REPRESENTATION_CONTEXT('2D SPACE',''
  ) );
#2366 = PCURVE('',#2367,#2372);
#2367 = CYLINDRICAL_SURFACE('',#2368,3.);
#2368 = AXIS2_PLACEMENT_3D('',#2369,#2370,#2371);
#2369 = CARTESIAN_POINT('',(-8.,54.091883092037,10.908116907963));
#2370 = DIRECTION('',(-1.,-0.,-0.));
#2371 = DIRECTION('',(0.,1.,0.));
#2372 = DEFINITIONAL_REPRESENTATION('',(#2373),#2377);
#2373 = LINE('',#2374,#2375);
#2374 = CARTESIAN_POINT('',(-0.,0.));
#2375 = VECTOR('',#2376,1.);
#2376 = DIRECTION('',(-1.,0.));
#2377 = ( GEOMETRIC_REPRESENTATION_CONTEXT(2) 
PARAMETRIC_REPRESENTATION_CONTEXT() REPRESENTATION_CONTEXT('2D SPACE',''
  ) );
#2378 = FACE_BOUND('',#2379,.F.);
#2379 = EDGE_LOOP('',(#2380));
#2380 = ORIENTED_EDGE('',*,*,#2381,.F.);
#2381 = EDGE_CURVE('',#2382,#2382,#2384,.T.);
#2382 = VERTEX_POINT('',#2383);
#2383 = CARTESIAN_POINT('',(-8.,57.091883092037,49.091883092037));
#2384 = SURFACE_CURVE('',#2385,(#2390,#2397),.PCURVE_S1.);
#2385 = CIRCLE('',#2386,3.);
#2386 = AXIS2_PLACEMENT_3D('',#2387,#2388,#2389);
#2387 = CARTESIAN_POINT('',(-8.,54.091883092037,49.091883092037));
#2388 = DIRECTION('',(1.,0.,0.));
#2389 = DIRECTION('',(0.,1.,0.));
#2390 = PCURVE('',#1030,#2391);
#2391 = DEFINITIONAL_REPRESENTATION('',(#2392),#2396);
#2392 = CIRCLE('',#2393,3.);
#2393 = AXIS2_PLACEMENT_2D('',#2394,#2395);
#2394 = CARTESIAN_POINT('',(19.091883092037,-19.09188309203));
#2395 = DIRECTION('',(0.,-1.));
#2396 = ( GEOMETRIC_REPRESENTATION_CONTEXT(2) 
PARAMETRIC_REPRESENTATION_CONTEXT() REPRESENTATION_CONTEXT('2D SPACE',''
  ) );
#2397 = PCURVE('',#2398,#2403);
#2398 = CYLINDRICAL_SURFACE('',#2399,3.);
#2399 = AXIS2_PLACEMENT_3D('',#2400,#2401,#2402);
#2400 = CARTESIAN_POINT('',(-8.,54.091883092037,49.091883092037));
#2401 = DIRECTION('',(-1.,-0.,-0.));
#2402 = DIRECTION('',(0.,1.,0.));
#2403 = DEFINITIONAL_REPRESENTATION('',(#2404),#2408);
#2404 = LINE('',#2405,#2406);
#2405 = CARTESIAN_POINT('',(-0.,0.));
#2406 = VECTOR('',#2407,1.);
#2407 = DIRECTION('',(-1.,0.));
#2408 = ( GEOMETRIC_REPRESENTATION_CONTEXT(2) 
PARAMETRIC_REPRESENTATION_CONTEXT() REPRESENTATION_CONTEXT('2D SPACE',''
  ) );
#2409 = FACE_BOUND('',#2410,.F.);
#2410 = EDGE_LOOP('',(#2411));
#2411 = ORIENTED_EDGE('',*,*,#1015,.F.);
#2412 = FACE_BOUND('',#2413,.F.);
#2413 = EDGE_LOOP('',(#2414));
#2414 = ORIENTED_EDGE('',*,*,#2415,.F.);
#2415 = EDGE_CURVE('',#2416,#2416,#2418,.T.);
#2416 = VERTEX_POINT('',#2417);
#2417 = CARTESIAN_POINT('',(-8.,18.908116907963,10.908116907963));
#2418 = SURFACE_CURVE('',#2419,(#2424,#2431),.PCURVE_S1.);
#2419 = CIRCLE('',#2420,3.);
#2420 = AXIS2_PLACEMENT_3D('',#2421,#2422,#2423);
#2421 = CARTESIAN_POINT('',(-8.,15.908116907963,10.908116907963));
#2422 = DIRECTION('',(1.,0.,0.));
#2423 = DIRECTION('',(0.,1.,0.));
#2424 = PCURVE('',#1030,#2425);
#2425 = DEFINITIONAL_REPRESENTATION('',(#2426),#2430);
#2426 = CIRCLE('',#2427,3.);
#2427 = AXIS2_PLACEMENT_2D('',#2428,#2429);
#2428 = CARTESIAN_POINT('',(-19.09188309203,19.091883092037));
#2429 = DIRECTION('',(0.,-1.));
#2430 = ( GEOMETRIC_REPRESENTATION_CONTEXT(2) 
PARAMETRIC_REPRESENTATION_CONTEXT() REPRESENTATION_CONTEXT('2D SPACE',''
  ) );
#2431 = PCURVE('',#2432,#2437);
#2432 = CYLINDRICAL_SURFACE('',#2433,3.);
#2433 = AXIS2_PLACEMENT_3D('',#2434,#2435,#2436);
#2434 = CARTESIAN_POINT('',(-8.,15.908116907963,10.908116907963));
#2435 = DIRECTION('',(-1.,-0.,-0.));
#2436 = DIRECTION('',(0.,1.,0.));
#2437 = DEFINITIONAL_REPRESENTATION('',(#2438),#2442);
#2438 = LINE('',#2439,#2440);
#2439 = CARTESIAN_POINT('',(-0.,0.));
#2440 = VECTOR('',#2441,1.);
#2441 = DIRECTION('',(-1.,0.));
#2442 = ( GEOMETRIC_REPRESENTATION_CONTEXT(2) 
PARAMETRIC_REPRESENTATION_CONTEXT() REPRESENTATION_CONTEXT('2D SPACE',''
  ) );
#2443 = FACE_BOUND('',#2444,.F.);
#2444 = EDGE_LOOP('',(#2445));
#2445 = ORIENTED_EDGE('',*,*,#2446,.F.);
#2446 = EDGE_CURVE('',#2447,#2447,#2449,.T.);
#2447 = VERTEX_POINT('',#2448);
#2448 = CARTESIAN_POINT('',(-8.,18.908116907963,49.091883092037));
#2449 = SURFACE_CURVE('',#2450,(#2455,#2462),.PCURVE_S1.);
#2450 = CIRCLE('',#2451,3.);
#2451 = AXIS2_PLACEMENT_3D('',#2452,#2453,#2454);
#2452 = CARTESIAN_POINT('',(-8.,15.908116907963,49.091883092037));
#2453 = DIRECTION('',(1.,0.,0.));
#2454 = DIRECTION('',(0.,1.,0.));
#2455 = PCURVE('',#1030,#2456);
#2456 = DEFINITIONAL_REPRESENTATION('',(#2457),#2461);
#2457 = CIRCLE('',#2458,3.);
#2458 = AXIS2_PLACEMENT_2D('',#2459,#2460);
#2459 = CARTESIAN_POINT('',(19.091883092037,19.091883092037));
#2460 = DIRECTION('',(0.,-1.));
#2461 = ( GEOMETRIC_REPRESENTATION_CONTEXT(2) 
PARAMETRIC_REPRESENTATION_CONTEXT() REPRESENTATION_CONTEXT('2D SPACE',''
  ) );
#2462 = PCURVE('',#2463,#2468);
#2463 = CYLINDRICAL_SURFACE('',#2464,3.);
#2464 = AXIS2_PLACEMENT_3D('',#2465,#2466,#2467);
#2465 = CARTESIAN_POINT('',(-8.,15.908116907963,49.091883092037));
#2466 = DIRECTION('',(-1.,-0.,-0.));
#2467 = DIRECTION('',(0.,1.,0.));
#2468 = DEFINITIONAL_REPRESENTATION('',(#2469),#2473);
#2469 = LINE('',#2470,#2471);
#2470 = CARTESIAN_POINT('',(-0.,0.));
#2471 = VECTOR('',#2472,1.);
#2472 = DIRECTION('',(-1.,0.));
#2473 = ( GEOMETRIC_REPRESENTATION_CONTEXT(2) 
PARAMETRIC_REPRESENTATION_CONTEXT() REPRESENTATION_CONTEXT('2D SPACE',''
  ) );
#2474 = ADVANCED_FACE('',(#2475),#1296,.F.);
#2475 = FACE_BOUND('',#2476,.T.);
#2476 = EDGE_LOOP('',(#2477,#2478,#2499,#2500));
#2477 = ORIENTED_EDGE('',*,*,#1072,.F.);
#2478 = ORIENTED_EDGE('',*,*,#2479,.T.);
#2479 = EDGE_CURVE('',#1073,#1925,#2480,.T.);
#2480 = SEAM_CURVE('',#2481,(#2485,#2492),.PCURVE_S1.);
#2481 = LINE('',#2482,#2483);
#2482 = CARTESIAN_POINT('',(39.,35.,38.));
#2483 = VECTOR('',#2484,1.);
#2484 = DIRECTION('',(0.,0.,1.));
#2485 = PCURVE('',#1296,#2486);
#2486 = DEFINITIONAL_REPRESENTATION('',(#2487),#2491);
#2487 = LINE('',#2488,#2489);
#2488 = CARTESIAN_POINT('',(-6.28318530718,0.));
#2489 = VECTOR('',#2490,1.);
#2490 = DIRECTION('',(-0.,-1.));
#2491 = ( GEOMETRIC_REPRESENTATION_CONTEXT(2) 
PARAMETRIC_REPRESENTATION_CONTEXT() REPRESENTATION_CONTEXT('2D SPACE',''
  ) );
#2492 = PCURVE('',#1296,#2493);
#2493 = DEFINITIONAL_REPRESENTATION('',(#2494),#2498);
#2494 = LINE('',#2495,#2496);
#2495 = CARTESIAN_POINT('',(-0.,0.));
#2496 = VECTOR('',#2497,1.);
#2497 = DIRECTION('',(-0.,-1.));
#2498 = ( GEOMETRIC_REPRESENTATION_CONTEXT(2) 
PARAMETRIC_REPRESENTATION_CONTEXT() REPRESENTATION_CONTEXT('2D SPACE',''
  ) );
#2499 = ORIENTED_EDGE('',*,*,#1924,.T.);
#2500 = ORIENTED_EDGE('',*,*,#2479,.F.);
#2501 = ADVANCED_FACE('',(#2502,#2528),#1700,.F.);
#2502 = FACE_BOUND('',#2503,.F.);
#2503 = EDGE_LOOP('',(#2504));
#2504 = ORIENTED_EDGE('',*,*,#2505,.T.);
#2505 = EDGE_CURVE('',#2506,#2506,#2508,.T.);
#2506 = VERTEX_POINT('',#2507);
#2507 = CARTESIAN_POINT('',(70.,71.,30.));
#2508 = SURFACE_CURVE('',#2509,(#2514,#2521),.PCURVE_S1.);
#2509 = CIRCLE('',#2510,36.);
#2510 = AXIS2_PLACEMENT_3D('',#2511,#2512,#2513);
#2511 = CARTESIAN_POINT('',(70.,35.,30.));
#2512 = DIRECTION('',(1.,0.,0.));
#2513 = DIRECTION('',(0.,1.,0.));
#2514 = PCURVE('',#1700,#2515);
#2515 = DEFINITIONAL_REPRESENTATION('',(#2516),#2520);
#2516 = CIRCLE('',#2517,36.);
#2517 = AXIS2_PLACEMENT_2D('',#2518,#2519);
#2518 = CARTESIAN_POINT('',(0.,0.));
#2519 = DIRECTION('',(0.,-1.));
#2520 = ( GEOMETRIC_REPRESENTATION_CONTEXT(2) 
PARAMETRIC_REPRESENTATION_CONTEXT() REPRESENTATION_CONTEXT('2D SPACE',''
  ) );
#2521 = PCURVE('',#2177,#2522);
#2522 = DEFINITIONAL_REPRESENTATION('',(#2523),#2527);
#2523 = LINE('',#2524,#2525);
#2524 = CARTESIAN_POINT('',(-0.,0.));
#2525 = VECTOR('',#2526,1.);
#2526 = DIRECTION('',(-1.,0.));
#2527 = ( GEOMETRIC_REPRESENTATION_CONTEXT(2) 
PARAMETRIC_REPRESENTATION_CONTEXT() REPRESENTATION_CONTEXT('2D SPACE',''
  ) );
#2528 = FACE_BOUND('',#2529,.F.);
#2529 = EDGE_LOOP('',(#2530,#2531,#2532,#2556,#2578,#2579,#2601,#2602,
    #2624,#2625,#2649));
#2530 = ORIENTED_EDGE('',*,*,#1683,.F.);
#2531 = ORIENTED_EDGE('',*,*,#1900,.F.);
#2532 = ORIENTED_EDGE('',*,*,#2533,.F.);
#2533 = EDGE_CURVE('',#2534,#1872,#2536,.T.);
#2534 = VERTEX_POINT('',#2535);
#2535 = CARTESIAN_POINT('',(70.,57.091883092037,10.908116907963));
#2536 = SURFACE_CURVE('',#2537,(#2542,#2549),.PCURVE_S1.);
#2537 = CIRCLE('',#2538,3.);
#2538 = AXIS2_PLACEMENT_3D('',#2539,#2540,#2541);
#2539 = CARTESIAN_POINT('',(70.,54.091883092037,10.908116907963));
#2540 = DIRECTION('',(1.,0.,0.));
#2541 = DIRECTION('',(0.,1.,0.));
#2542 = PCURVE('',#1700,#2543);
#2543 = DEFINITIONAL_REPRESENTATION('',(#2544),#2548);
#2544 = CIRCLE('',#2545,3.);
#2545 = AXIS2_PLACEMENT_2D('',#2546,#2547);
#2546 = CARTESIAN_POINT('',(-19.09188309203,-19.09188309203));
#2547 = DIRECTION('',(0.,-1.));
#2548 = ( GEOMETRIC_REPRESENTATION_CONTEXT(2) 
PARAMETRIC_REPRESENTATION_CONTEXT() REPRESENTATION_CONTEXT('2D SPACE',''
  ) );
#2549 = PCURVE('',#2208,#2550);
#2550 = DEFINITIONAL_REPRESENTATION('',(#2551),#2555);
#2551 = LINE('',#2552,#2553);
#2552 = CARTESIAN_POINT('',(-0.,0.));
#2553 = VECTOR('',#2554,1.);
#2554 = DIRECTION('',(-1.,0.));
#2555 = ( GEOMETRIC_REPRESENTATION_CONTEXT(2) 
PARAMETRIC_REPRESENTATION_CONTEXT() REPRESENTATION_CONTEXT('2D SPACE',''
  ) );
#2556 = ORIENTED_EDGE('',*,*,#2557,.F.);
#2557 = EDGE_CURVE('',#1848,#2534,#2558,.T.);
#2558 = SURFACE_CURVE('',#2559,(#2564,#2571),.PCURVE_S1.);
#2559 = CIRCLE('',#2560,3.);
#2560 = AXIS2_PLACEMENT_3D('',#2561,#2562,#2563);
#2561 = CARTESIAN_POINT('',(70.,54.091883092037,10.908116907963));
#2562 = DIRECTION('',(1.,0.,0.));
#2563 = DIRECTION('',(0.,1.,0.));
#2564 = PCURVE('',#1700,#2565);
#2565 = DEFINITIONAL_REPRESENTATION('',(#2566),#2570);
#2566 = CIRCLE('',#2567,3.);
#2567 = AXIS2_PLACEMENT_2D('',#2568,#2569);
#2568 = CARTESIAN_POINT('',(-19.09188309203,-19.09188309203));
#2569 = DIRECTION('',(0.,-1.));
#2570 = ( GEOMETRIC_REPRESENTATION_CONTEXT(2) 
PARAMETRIC_REPRESENTATION_CONTEXT() REPRESENTATION_CONTEXT('2D SPACE',''
  ) );
#2571 = PCURVE('',#2208,#2572);
#2572 = DEFINITIONAL_REPRESENTATION('',(#2573),#2577);
#2573 = LINE('',#2574,#2575);
#2574 = CARTESIAN_POINT('',(-0.,0.));
#2575 = VECTOR('',#2576,1.);
#2576 = DIRECTION('',(-1.,0.));
#2577 = ( GEOMETRIC_REPRESENTATION_CONTEXT(2) 
PARAMETRIC_REPRESENTATION_CONTEXT() REPRESENTATION_CONTEXT('2D SPACE',''
  ) );
#2578 = ORIENTED_EDGE('',*,*,#1847,.F.);
#2579 = ORIENTED_EDGE('',*,*,#2580,.F.);
#2580 = EDGE_CURVE('',#1795,#1819,#2581,.T.);
#2581 = SURFACE_CURVE('',#2582,(#2587,#2594),.PCURVE_S1.);
#2582 = CIRCLE('',#2583,3.);
#2583 = AXIS2_PLACEMENT_3D('',#2584,#2585,#2586);
#2584 = CARTESIAN_POINT('',(70.,15.908116907963,10.908116907963));
#2585 = DIRECTION('',(1.,0.,0.));
#2586 = DIRECTION('',(0.,1.,0.));
#2587 = PCURVE('',#1700,#2588);
#2588 = DEFINITIONAL_REPRESENTATION('',(#2589),#2593);
#2589 = CIRCLE('',#2590,3.);
#2590 = AXIS2_PLACEMENT_2D('',#2591,#2592);
#2591 = CARTESIAN_POINT('',(-19.09188309203,19.091883092037));
#2592 = DIRECTION('',(0.,-1.));
#2593 = ( GEOMETRIC_REPRESENTATION_CONTEXT(2) 
PARAMETRIC_REPRESENTATION_CONTEXT() REPRESENTATION_CONTEXT('2D SPACE',''
  ) );
#2594 = PCURVE('',#2273,#2595);
#2595 = DEFINITIONAL_REPRESENTATION('',(#2596),#2600);
#2596 = LINE('',#2597,#2598);
#2597 = CARTESIAN_POINT('',(-0.,0.));
#2598 = VECTOR('',#2599,1.);
#2599 = DIRECTION('',(-1.,0.));
#2600 = ( GEOMETRIC_REPRESENTATION_CONTEXT(2) 
PARAMETRIC_REPRESENTATION_CONTEXT() REPRESENTATION_CONTEXT('2D SPACE',''
  ) );
#2601 = ORIENTED_EDGE('',*,*,#1794,.F.);
#2602 = ORIENTED_EDGE('',*,*,#2603,.F.);
#2603 = EDGE_CURVE('',#1742,#1766,#2604,.T.);
#2604 = SURFACE_CURVE('',#2605,(#2610,#2617),.PCURVE_S1.);
#2605 = CIRCLE('',#2606,3.);
#2606 = AXIS2_PLACEMENT_3D('',#2607,#2608,#2609);
#2607 = CARTESIAN_POINT('',(70.,15.908116907963,49.091883092037));
#2608 = DIRECTION('',(1.,0.,0.));
#2609 = DIRECTION('',(0.,1.,0.));
#2610 = PCURVE('',#1700,#2611);
#2611 = DEFINITIONAL_REPRESENTATION('',(#2612),#2616);
#2612 = CIRCLE('',#2613,3.);
#2613 = AXIS2_PLACEMENT_2D('',#2614,#2615);
#2614 = CARTESIAN_POINT('',(19.091883092037,19.091883092037));
#2615 = DIRECTION('',(0.,-1.));
#2616 = ( GEOMETRIC_REPRESENTATION_CONTEXT(2) 
PARAMETRIC_REPRESENTATION_CONTEXT() REPRESENTATION_CONTEXT('2D SPACE',''
  ) );
#2617 = PCURVE('',#2304,#2618);
#2618 = DEFINITIONAL_REPRESENTATION('',(#2619),#2623);
#2619 = LINE('',#2620,#2621);
#2620 = CARTESIAN_POINT('',(-0.,0.));
#2621 = VECTOR('',#2622,1.);
#2622 = DIRECTION('',(-1.,0.));
#2623 = ( GEOMETRIC_REPRESENTATION_CONTEXT(2) 
PARAMETRIC_REPRESENTATION_CONTEXT() REPRESENTATION_CONTEXT('2D SPACE',''
  ) );
#2624 = ORIENTED_EDGE('',*,*,#1741,.F.);
#2625 = ORIENTED_EDGE('',*,*,#2626,.F.);
#2626 = EDGE_CURVE('',#2627,#1713,#2629,.T.);
#2627 = VERTEX_POINT('',#2628);
#2628 = CARTESIAN_POINT('',(70.,57.091883092037,49.091883092037));
#2629 = SURFACE_CURVE('',#2630,(#2635,#2642),.PCURVE_S1.);
#2630 = CIRCLE('',#2631,3.);
#2631 = AXIS2_PLACEMENT_3D('',#2632,#2633,#2634);
#2632 = CARTESIAN_POINT('',(70.,54.091883092037,49.091883092037));
#2633 = DIRECTION('',(1.,0.,0.));
#2634 = DIRECTION('',(0.,1.,0.));
#2635 = PCURVE('',#1700,#2636);
#2636 = DEFINITIONAL_REPRESENTATION('',(#2637),#2641);
#2637 = CIRCLE('',#2638,3.);
#2638 = AXIS2_PLACEMENT_2D('',#2639,#2640);
#2639 = CARTESIAN_POINT('',(19.091883092037,-19.09188309203));
#2640 = DIRECTION('',(0.,-1.));
#2641 = ( GEOMETRIC_REPRESENTATION_CONTEXT(2) 
PARAMETRIC_REPRESENTATION_CONTEXT() REPRESENTATION_CONTEXT('2D SPACE',''
  ) );
#2642 = PCURVE('',#2239,#2643);
#2643 = DEFINITIONAL_REPRESENTATION('',(#2644),#2648);
#2644 = LINE('',#2645,#2646);
#2645 = CARTESIAN_POINT('',(-0.,0.));
#2646 = VECTOR('',#2647,1.);
#2647 = DIRECTION('',(-1.,0.));
#2648 = ( GEOMETRIC_REPRESENTATION_CONTEXT(2) 
PARAMETRIC_REPRESENTATION_CONTEXT() REPRESENTATION_CONTEXT('2D SPACE',''
  ) );
#2649 = ORIENTED_EDGE('',*,*,#2650,.F.);
#2650 = EDGE_CURVE('',#1684,#2627,#2651,.T.);
#2651 = SURFACE_CURVE('',#2652,(#2657,#2664),.PCURVE_S1.);
#2652 = CIRCLE('',#2653,3.);
#2653 = AXIS2_PLACEMENT_3D('',#2654,#2655,#2656);
#2654 = CARTESIAN_POINT('',(70.,54.091883092037,49.091883092037));
#2655 = DIRECTION('',(1.,0.,0.));
#2656 = DIRECTION('',(0.,1.,0.));
#2657 = PCURVE('',#1700,#2658);
#2658 = DEFINITIONAL_REPRESENTATION('',(#2659),#2663);
#2659 = CIRCLE('',#2660,3.);
#2660 = AXIS2_PLACEMENT_2D('',#2661,#2662);
#2661 = CARTESIAN_POINT('',(19.091883092037,-19.09188309203));
#2662 = DIRECTION('',(0.,-1.));
#2663 = ( GEOMETRIC_REPRESENTATION_CONTEXT(2) 
PARAMETRIC_REPRESENTATION_CONTEXT() REPRESENTATION_CONTEXT('2D SPACE',''
  ) );
#2664 = PCURVE('',#2239,#2665);
#2665 = DEFINITIONAL_REPRESENTATION('',(#2666),#2670);
#2666 = LINE('',#2667,#2668);
#2667 = CARTESIAN_POINT('',(-0.,0.));
#2668 = VECTOR('',#2669,1.);
#2669 = DIRECTION('',(-1.,0.));
#2670 = ( GEOMETRIC_REPRESENTATION_CONTEXT(2) 
PARAMETRIC_REPRESENTATION_CONTEXT() REPRESENTATION_CONTEXT('2D SPACE',''
  ) );
#2671 = ADVANCED_FACE('',(#2672),#1888,.T.);
#2672 = FACE_BOUND('',#2673,.T.);
#2673 = EDGE_LOOP('',(#2674,#2675));
#2674 = ORIENTED_EDGE('',*,*,#1871,.T.);
#2675 = ORIENTED_EDGE('',*,*,#2676,.T.);
#2676 = EDGE_CURVE('',#1872,#1848,#2677,.T.);
#2677 = SURFACE_CURVE('',#2678,(#2683,#2690),.PCURVE_S1.);
#2678 = CIRCLE('',#2679,3.);
#2679 = AXIS2_PLACEMENT_3D('',#2680,#2681,#2682);
#2680 = CARTESIAN_POINT('',(70.,54.091883092037,10.908116907963));
#2681 = DIRECTION('',(1.,0.,0.));
#2682 = DIRECTION('',(0.,1.,0.));
#2683 = PCURVE('',#1888,#2684);
#2684 = DEFINITIONAL_REPRESENTATION('',(#2685),#2689);
#2685 = CIRCLE('',#2686,3.);
#2686 = AXIS2_PLACEMENT_2D('',#2687,#2688);
#2687 = CARTESIAN_POINT('',(1.7763568394E-15,7.105427357601E-15));
#2688 = DIRECTION('',(0.,-1.));
#2689 = ( GEOMETRIC_REPRESENTATION_CONTEXT(2) 
PARAMETRIC_REPRESENTATION_CONTEXT() REPRESENTATION_CONTEXT('2D SPACE',''
  ) );
#2690 = PCURVE('',#2208,#2691);
#2691 = DEFINITIONAL_REPRESENTATION('',(#2692),#2696);
#2692 = LINE('',#2693,#2694);
#2693 = CARTESIAN_POINT('',(-0.,0.));
#2694 = VECTOR('',#2695,1.);
#2695 = DIRECTION('',(-1.,0.));
#2696 = ( GEOMETRIC_REPRESENTATION_CONTEXT(2) 
PARAMETRIC_REPRESENTATION_CONTEXT() REPRESENTATION_CONTEXT('2D SPACE',''
  ) );
#2697 = ADVANCED_FACE('',(#2698),#1835,.T.);
#2698 = FACE_BOUND('',#2699,.T.);
#2699 = EDGE_LOOP('',(#2700,#2724,#2746));
#2700 = ORIENTED_EDGE('',*,*,#2701,.T.);
#2701 = EDGE_CURVE('',#1819,#2702,#2704,.T.);
#2702 = VERTEX_POINT('',#2703);
#2703 = CARTESIAN_POINT('',(70.,18.908116907963,10.908116907963));
#2704 = SURFACE_CURVE('',#2705,(#2710,#2717),.PCURVE_S1.);
#2705 = CIRCLE('',#2706,3.);
#2706 = AXIS2_PLACEMENT_3D('',#2707,#2708,#2709);
#2707 = CARTESIAN_POINT('',(70.,15.908116907963,10.908116907963));
#2708 = DIRECTION('',(1.,0.,0.));
#2709 = DIRECTION('',(0.,1.,0.));
#2710 = PCURVE('',#1835,#2711);
#2711 = DEFINITIONAL_REPRESENTATION('',(#2712),#2716);
#2712 = CIRCLE('',#2713,3.);
#2713 = AXIS2_PLACEMENT_2D('',#2714,#2715);
#2714 = CARTESIAN_POINT('',(0.,-1.7763568394E-15));
#2715 = DIRECTION('',(0.,-1.));
#2716 = ( GEOMETRIC_REPRESENTATION_CONTEXT(2) 
PARAMETRIC_REPRESENTATION_CONTEXT() REPRESENTATION_CONTEXT('2D SPACE',''
  ) );
#2717 = PCURVE('',#2273,#2718);
#2718 = DEFINITIONAL_REPRESENTATION('',(#2719),#2723);
#2719 = LINE('',#2720,#2721);
#2720 = CARTESIAN_POINT('',(-0.,0.));
#2721 = VECTOR('',#2722,1.);
#2722 = DIRECTION('',(-1.,0.));
#2723 = ( GEOMETRIC_REPRESENTATION_CONTEXT(2) 
PARAMETRIC_REPRESENTATION_CONTEXT() REPRESENTATION_CONTEXT('2D SPACE',''
  ) );
#2724 = ORIENTED_EDGE('',*,*,#2725,.T.);
#2725 = EDGE_CURVE('',#2702,#1795,#2726,.T.);
#2726 = SURFACE_CURVE('',#2727,(#2732,#2739),.PCURVE_S1.);
#2727 = CIRCLE('',#2728,3.);
#2728 = AXIS2_PLACEMENT_3D('',#2729,#2730,#2731);
#2729 = CARTESIAN_POINT('',(70.,15.908116907963,10.908116907963));
#2730 = DIRECTION('',(1.,0.,0.));
#2731 = DIRECTION('',(0.,1.,0.));
#2732 = PCURVE('',#1835,#2733);
#2733 = DEFINITIONAL_REPRESENTATION('',(#2734),#2738);
#2734 = CIRCLE('',#2735,3.);
#2735 = AXIS2_PLACEMENT_2D('',#2736,#2737);
#2736 = CARTESIAN_POINT('',(0.,-1.7763568394E-15));
#2737 = DIRECTION('',(0.,-1.));
#2738 = ( GEOMETRIC_REPRESENTATION_CONTEXT(2) 
PARAMETRIC_REPRESENTATION_CONTEXT() REPRESENTATION_CONTEXT('2D SPACE',''
  ) );
#2739 = PCURVE('',#2273,#2740);
#2740 = DEFINITIONAL_REPRESENTATION('',(#2741),#2745);
#2741 = LINE('',#2742,#2743);
#2742 = CARTESIAN_POINT('',(-0.,0.));
#2743 = VECTOR('',#2744,1.);
#2744 = DIRECTION('',(-1.,0.));
#2745 = ( GEOMETRIC_REPRESENTATION_CONTEXT(2) 
PARAMETRIC_REPRESENTATION_CONTEXT() REPRESENTATION_CONTEXT('2D SPACE',''
  ) );
#2746 = ORIENTED_EDGE('',*,*,#1818,.T.);
#2747 = ADVANCED_FACE('',(#2748),#1782,.T.);
#2748 = FACE_BOUND('',#2749,.T.);
#2749 = EDGE_LOOP('',(#2750,#2774,#2796));
#2750 = ORIENTED_EDGE('',*,*,#2751,.T.);
#2751 = EDGE_CURVE('',#1766,#2752,#2754,.T.);
#2752 = VERTEX_POINT('',#2753);
#2753 = CARTESIAN_POINT('',(70.,18.908116907963,49.091883092037));
#2754 = SURFACE_CURVE('',#2755,(#2760,#2767),.PCURVE_S1.);
#2755 = CIRCLE('',#2756,3.);
#2756 = AXIS2_PLACEMENT_3D('',#2757,#2758,#2759);
#2757 = CARTESIAN_POINT('',(70.,15.908116907963,49.091883092037));
#2758 = DIRECTION('',(1.,0.,0.));
#2759 = DIRECTION('',(0.,1.,0.));
#2760 = PCURVE('',#1782,#2761);
#2761 = DEFINITIONAL_REPRESENTATION('',(#2762),#2766);
#2762 = CIRCLE('',#2763,3.);
#2763 = AXIS2_PLACEMENT_2D('',#2764,#2765);
#2764 = CARTESIAN_POINT('',(-7.105427357601E-15,0.));
#2765 = DIRECTION('',(0.,-1.));
#2766 = ( GEOMETRIC_REPRESENTATION_CONTEXT(2) 
PARAMETRIC_REPRESENTATION_CONTEXT() REPRESENTATION_CONTEXT('2D SPACE',''
  ) );
#2767 = PCURVE('',#2304,#2768);
#2768 = DEFINITIONAL_REPRESENTATION('',(#2769),#2773);
#2769 = LINE('',#2770,#2771);
#2770 = CARTESIAN_POINT('',(-0.,0.));
#2771 = VECTOR('',#2772,1.);
#2772 = DIRECTION('',(-1.,0.));
#2773 = ( GEOMETRIC_REPRESENTATION_CONTEXT(2) 
PARAMETRIC_REPRESENTATION_CONTEXT() REPRESENTATION_CONTEXT('2D SPACE',''
  ) );
#2774 = ORIENTED_EDGE('',*,*,#2775,.T.);
#2775 = EDGE_CURVE('',#2752,#1742,#2776,.T.);
#2776 = SURFACE_CURVE('',#2777,(#2782,#2789),.PCURVE_S1.);
#2777 = CIRCLE('',#2778,3.);
#2778 = AXIS2_PLACEMENT_3D('',#2779,#2780,#2781);
#2779 = CARTESIAN_POINT('',(70.,15.908116907963,49.091883092037));
#2780 = DIRECTION('',(1.,0.,0.));
#2781 = DIRECTION('',(0.,1.,0.));
#2782 = PCURVE('',#1782,#2783);
#2783 = DEFINITIONAL_REPRESENTATION('',(#2784),#2788);
#2784 = CIRCLE('',#2785,3.);
#2785 = AXIS2_PLACEMENT_2D('',#2786,#2787);
#2786 = CARTESIAN_POINT('',(-7.105427357601E-15,0.));
#2787 = DIRECTION('',(0.,-1.));
#2788 = ( GEOMETRIC_REPRESENTATION_CONTEXT(2) 
PARAMETRIC_REPRESENTATION_CONTEXT() REPRESENTATION_CONTEXT('2D SPACE',''
  ) );
#2789 = PCURVE('',#2304,#2790);
#2790 = DEFINITIONAL_REPRESENTATION('',(#2791),#2795);
#2791 = LINE('',#2792,#2793);
#2792 = CARTESIAN_POINT('',(-0.,0.));
#2793 = VECTOR('',#2794,1.);
#2794 = DIRECTION('',(-1.,0.));
#2795 = ( GEOMETRIC_REPRESENTATION_CONTEXT(2) 
PARAMETRIC_REPRESENTATION_CONTEXT() REPRESENTATION_CONTEXT('2D SPACE',''
  ) );
#2796 = ORIENTED_EDGE('',*,*,#1765,.T.);
#2797 = ADVANCED_FACE('',(#2798),#1729,.T.);
#2798 = FACE_BOUND('',#2799,.T.);
#2799 = EDGE_LOOP('',(#2800,#2801));
#2800 = ORIENTED_EDGE('',*,*,#1712,.T.);
#2801 = ORIENTED_EDGE('',*,*,#2802,.T.);
#2802 = EDGE_CURVE('',#1713,#1684,#2803,.T.);
#2803 = SURFACE_CURVE('',#2804,(#2809,#2816),.PCURVE_S1.);
#2804 = CIRCLE('',#2805,3.);
#2805 = AXIS2_PLACEMENT_3D('',#2806,#2807,#2808);
#2806 = CARTESIAN_POINT('',(70.,54.091883092037,49.091883092037));
#2807 = DIRECTION('',(1.,0.,0.));
#2808 = DIRECTION('',(0.,1.,0.));
#2809 = PCURVE('',#1729,#2810);
#2810 = DEFINITIONAL_REPRESENTATION('',(#2811),#2815);
#2811 = CIRCLE('',#2812,3.);
#2812 = AXIS2_PLACEMENT_2D('',#2813,#2814);
#2813 = CARTESIAN_POINT('',(-7.105427357601E-15,7.105427357601E-15));
#2814 = DIRECTION('',(0.,-1.));
#2815 = ( GEOMETRIC_REPRESENTATION_CONTEXT(2) 
PARAMETRIC_REPRESENTATION_CONTEXT() REPRESENTATION_CONTEXT('2D SPACE',''
  ) );
#2816 = PCURVE('',#2239,#2817);
#2817 = DEFINITIONAL_REPRESENTATION('',(#2818),#2822);
#2818 = LINE('',#2819,#2820);
#2819 = CARTESIAN_POINT('',(-0.,0.));
#2820 = VECTOR('',#2821,1.);
#2821 = DIRECTION('',(-1.,0.));
#2822 = ( GEOMETRIC_REPRESENTATION_CONTEXT(2) 
PARAMETRIC_REPRESENTATION_CONTEXT() REPRESENTATION_CONTEXT('2D SPACE',''
  ) );
#2823 = ADVANCED_FACE('',(#2824,#2850),#1460,.T.);
#2824 = FACE_BOUND('',#2825,.T.);
#2825 = EDGE_LOOP('',(#2826));
#2826 = ORIENTED_EDGE('',*,*,#2827,.T.);
#2827 = EDGE_CURVE('',#2828,#2828,#2830,.T.);
#2828 = VERTEX_POINT('',#2829);
#2829 = CARTESIAN_POINT('',(0.,71.,30.));
#2830 = SURFACE_CURVE('',#2831,(#2836,#2843),.PCURVE_S1.);
#2831 = CIRCLE('',#2832,36.);
#2832 = AXIS2_PLACEMENT_3D('',#2833,#2834,#2835);
#2833 = CARTESIAN_POINT('',(0.,35.,30.));
#2834 = DIRECTION('',(1.,0.,0.));
#2835 = DIRECTION('',(0.,1.,0.));
#2836 = PCURVE('',#1460,#2837);
#2837 = DEFINITIONAL_REPRESENTATION('',(#2838),#2842);
#2838 = CIRCLE('',#2839,36.);
#2839 = AXIS2_PLACEMENT_2D('',#2840,#2841);
#2840 = CARTESIAN_POINT('',(0.,0.));
#2841 = DIRECTION('',(0.,-1.));
#2842 = ( GEOMETRIC_REPRESENTATION_CONTEXT(2) 
PARAMETRIC_REPRESENTATION_CONTEXT() REPRESENTATION_CONTEXT('2D SPACE',''
  ) );
#2843 = PCURVE('',#2336,#2844);
#2844 = DEFINITIONAL_REPRESENTATION('',(#2845),#2849);
#2845 = LINE('',#2846,#2847);
#2846 = CARTESIAN_POINT('',(-0.,-8.));
#2847 = VECTOR('',#2848,1.);
#2848 = DIRECTION('',(-1.,0.));
#2849 = ( GEOMETRIC_REPRESENTATION_CONTEXT(2) 
PARAMETRIC_REPRESENTATION_CONTEXT() REPRESENTATION_CONTEXT('2D SPACE',''
  ) );
#2850 = FACE_BOUND('',#2851,.T.);
#2851 = EDGE_LOOP('',(#2852,#2853,#2854,#2878,#2900,#2901,#2923,#2924,
    #2946,#2947,#2971));
#2852 = ORIENTED_EDGE('',*,*,#1660,.F.);
#2853 = ORIENTED_EDGE('',*,*,#1443,.F.);
#2854 = ORIENTED_EDGE('',*,*,#2855,.F.);
#2855 = EDGE_CURVE('',#2856,#1444,#2858,.T.);
#2856 = VERTEX_POINT('',#2857);
#2857 = CARTESIAN_POINT('',(0.,57.091883092037,10.908116907963));
#2858 = SURFACE_CURVE('',#2859,(#2864,#2871),.PCURVE_S1.);
#2859 = CIRCLE('',#2860,3.);
#2860 = AXIS2_PLACEMENT_3D('',#2861,#2862,#2863);
#2861 = CARTESIAN_POINT('',(0.,54.091883092037,10.908116907963));
#2862 = DIRECTION('',(1.,0.,0.));
#2863 = DIRECTION('',(0.,1.,0.));
#2864 = PCURVE('',#1460,#2865);
#2865 = DEFINITIONAL_REPRESENTATION('',(#2866),#2870);
#2866 = CIRCLE('',#2867,3.);
#2867 = AXIS2_PLACEMENT_2D('',#2868,#2869);
#2868 = CARTESIAN_POINT('',(-19.09188309203,-19.09188309203));
#2869 = DIRECTION('',(0.,-1.));
#2870 = ( GEOMETRIC_REPRESENTATION_CONTEXT(2) 
PARAMETRIC_REPRESENTATION_CONTEXT() REPRESENTATION_CONTEXT('2D SPACE',''
  ) );
#2871 = PCURVE('',#2367,#2872);
#2872 = DEFINITIONAL_REPRESENTATION('',(#2873),#2877);
#2873 = LINE('',#2874,#2875);
#2874 = CARTESIAN_POINT('',(-0.,-8.));
#2875 = VECTOR('',#2876,1.);
#2876 = DIRECTION('',(-1.,0.));
#2877 = ( GEOMETRIC_REPRESENTATION_CONTEXT(2) 
PARAMETRIC_REPRESENTATION_CONTEXT() REPRESENTATION_CONTEXT('2D SPACE',''
  ) );
#2878 = ORIENTED_EDGE('',*,*,#2879,.F.);
#2879 = EDGE_CURVE('',#1473,#2856,#2880,.T.);
#2880 = SURFACE_CURVE('',#2881,(#2886,#2893),.PCURVE_S1.);
#2881 = CIRCLE('',#2882,3.);
#2882 = AXIS2_PLACEMENT_3D('',#2883,#2884,#2885);
#2883 = CARTESIAN_POINT('',(0.,54.091883092037,10.908116907963));
#2884 = DIRECTION('',(1.,0.,0.));
#2885 = DIRECTION('',(0.,1.,0.));
#2886 = PCURVE('',#1460,#2887);
#2887 = DEFINITIONAL_REPRESENTATION('',(#2888),#2892);
#2888 = CIRCLE('',#2889,3.);
#2889 = AXIS2_PLACEMENT_2D('',#2890,#2891);
#2890 = CARTESIAN_POINT('',(-19.09188309203,-19.09188309203));
#2891 = DIRECTION('',(0.,-1.));
#2892 = ( GEOMETRIC_REPRESENTATION_CONTEXT(2) 
PARAMETRIC_REPRESENTATION_CONTEXT() REPRESENTATION_CONTEXT('2D SPACE',''
  ) );
#2893 = PCURVE('',#2367,#2894);
#2894 = DEFINITIONAL_REPRESENTATION('',(#2895),#2899);
#2895 = LINE('',#2896,#2897);
#2896 = CARTESIAN_POINT('',(-0.,-8.));
#2897 = VECTOR('',#2898,1.);
#2898 = DIRECTION('',(-1.,0.));
#2899 = ( GEOMETRIC_REPRESENTATION_CONTEXT(2) 
PARAMETRIC_REPRESENTATION_CONTEXT() REPRESENTATION_CONTEXT('2D SPACE',''
  ) );
#2900 = ORIENTED_EDGE('',*,*,#1501,.F.);
#2901 = ORIENTED_EDGE('',*,*,#2902,.F.);
#2902 = EDGE_CURVE('',#1526,#1502,#2903,.T.);
#2903 = SURFACE_CURVE('',#2904,(#2909,#2916),.PCURVE_S1.);
#2904 = CIRCLE('',#2905,3.);
#2905 = AXIS2_PLACEMENT_3D('',#2906,#2907,#2908);
#2906 = CARTESIAN_POINT('',(0.,15.908116907963,10.908116907963));
#2907 = DIRECTION('',(1.,0.,0.));
#2908 = DIRECTION('',(0.,1.,0.));
#2909 = PCURVE('',#1460,#2910);
#2910 = DEFINITIONAL_REPRESENTATION('',(#2911),#2915);
#2911 = CIRCLE('',#2912,3.);
#2912 = AXIS2_PLACEMENT_2D('',#2913,#2914);
#2913 = CARTESIAN_POINT('',(-19.09188309203,19.091883092037));
#2914 = DIRECTION('',(0.,-1.));
#2915 = ( GEOMETRIC_REPRESENTATION_CONTEXT(2) 
PARAMETRIC_REPRESENTATION_CONTEXT() REPRESENTATION_CONTEXT('2D SPACE',''
  ) );
#2916 = PCURVE('',#2432,#2917);
#2917 = DEFINITIONAL_REPRESENTATION('',(#2918),#2922);
#2918 = LINE('',#2919,#2920);
#2919 = CARTESIAN_POINT('',(-0.,-8.));
#2920 = VECTOR('',#2921,1.);
#2921 = DIRECTION('',(-1.,0.));
#2922 = ( GEOMETRIC_REPRESENTATION_CONTEXT(2) 
PARAMETRIC_REPRESENTATION_CONTEXT() REPRESENTATION_CONTEXT('2D SPACE',''
  ) );
#2923 = ORIENTED_EDGE('',*,*,#1554,.F.);
#2924 = ORIENTED_EDGE('',*,*,#2925,.F.);
#2925 = EDGE_CURVE('',#1579,#1555,#2926,.T.);
#2926 = SURFACE_CURVE('',#2927,(#2932,#2939),.PCURVE_S1.);
#2927 = CIRCLE('',#2928,3.);
#2928 = AXIS2_PLACEMENT_3D('',#2929,#2930,#2931);
#2929 = CARTESIAN_POINT('',(0.,15.908116907963,49.091883092037));
#2930 = DIRECTION('',(1.,0.,0.));
#2931 = DIRECTION('',(0.,1.,0.));
#2932 = PCURVE('',#1460,#2933);
#2933 = DEFINITIONAL_REPRESENTATION('',(#2934),#2938);
#2934 = CIRCLE('',#2935,3.);
#2935 = AXIS2_PLACEMENT_2D('',#2936,#2937);
#2936 = CARTESIAN_POINT('',(19.091883092037,19.091883092037));
#2937 = DIRECTION('',(0.,-1.));
#2938 = ( GEOMETRIC_REPRESENTATION_CONTEXT(2) 
PARAMETRIC_REPRESENTATION_CONTEXT() REPRESENTATION_CONTEXT('2D SPACE',''
  ) );
#2939 = PCURVE('',#2463,#2940);
#2940 = DEFINITIONAL_REPRESENTATION('',(#2941),#2945);
#2941 = LINE('',#2942,#2943);
#2942 = CARTESIAN_POINT('',(-0.,-8.));
#2943 = VECTOR('',#2944,1.);
#2944 = DIRECTION('',(-1.,0.));
#2945 = ( GEOMETRIC_REPRESENTATION_CONTEXT(2) 
PARAMETRIC_REPRESENTATION_CONTEXT() REPRESENTATION_CONTEXT('2D SPACE',''
  ) );
#2946 = ORIENTED_EDGE('',*,*,#1607,.F.);
#2947 = ORIENTED_EDGE('',*,*,#2948,.F.);
#2948 = EDGE_CURVE('',#2949,#1608,#2951,.T.);
#2949 = VERTEX_POINT('',#2950);
#2950 = CARTESIAN_POINT('',(0.,57.091883092037,49.091883092037));
#2951 = SURFACE_CURVE('',#2952,(#2957,#2964),.PCURVE_S1.);
#2952 = CIRCLE('',#2953,3.);
#2953 = AXIS2_PLACEMENT_3D('',#2954,#2955,#2956);
#2954 = CARTESIAN_POINT('',(0.,54.091883092037,49.091883092037));
#2955 = DIRECTION('',(1.,0.,0.));
#2956 = DIRECTION('',(0.,1.,0.));
#2957 = PCURVE('',#1460,#2958);
#2958 = DEFINITIONAL_REPRESENTATION('',(#2959),#2963);
#2959 = CIRCLE('',#2960,3.);
#2960 = AXIS2_PLACEMENT_2D('',#2961,#2962);
#2961 = CARTESIAN_POINT('',(19.091883092037,-19.09188309203));
#2962 = DIRECTION('',(0.,-1.));
#2963 = ( GEOMETRIC_REPRESENTATION_CONTEXT(2) 
PARAMETRIC_REPRESENTATION_CONTEXT() REPRESENTATION_CONTEXT('2D SPACE',''
  ) );
#2964 = PCURVE('',#2398,#2965);
#2965 = DEFINITIONAL_REPRESENTATION('',(#2966),#2970);
#2966 = LINE('',#2967,#2968);
#2967 = CARTESIAN_POINT('',(-0.,-8.));
#2968 = VECTOR('',#2969,1.);
#2969 = DIRECTION('',(-1.,0.));
#2970 = ( GEOMETRIC_REPRESENTATION_CONTEXT(2) 
PARAMETRIC_REPRESENTATION_CONTEXT() REPRESENTATION_CONTEXT('2D SPACE',''
  ) );
#2971 = ORIENTED_EDGE('',*,*,#2972,.F.);
#2972 = EDGE_CURVE('',#1632,#2949,#2973,.T.);
#2973 = SURFACE_CURVE('',#2974,(#2979,#2986),.PCURVE_S1.);
#2974 = CIRCLE('',#2975,3.);
#2975 = AXIS2_PLACEMENT_3D('',#2976,#2977,#2978);
#2976 = CARTESIAN_POINT('',(0.,54.091883092037,49.091883092037));
#2977 = DIRECTION('',(1.,0.,0.));
#2978 = DIRECTION('',(0.,1.,0.));
#2979 = PCURVE('',#1460,#2980);
#2980 = DEFINITIONAL_REPRESENTATION('',(#2981),#2985);
#2981 = CIRCLE('',#2982,3.);
#2982 = AXIS2_PLACEMENT_2D('',#2983,#2984);
#2983 = CARTESIAN_POINT('',(19.091883092037,-19.09188309203));
#2984 = DIRECTION('',(0.,-1.));
#2985 = ( GEOMETRIC_REPRESENTATION_CONTEXT(2) 
PARAMETRIC_REPRESENTATION_CONTEXT() REPRESENTATION_CONTEXT('2D SPACE',''
  ) );
#2986 = PCURVE('',#2398,#2987);
#2987 = DEFINITIONAL_REPRESENTATION('',(#2988),#2992);
#2988 = LINE('',#2989,#2990);
#2989 = CARTESIAN_POINT('',(-0.,-8.));
#2990 = VECTOR('',#2991,1.);
#2991 = DIRECTION('',(-1.,0.));
#2992 = ( GEOMETRIC_REPRESENTATION_CONTEXT(2) 
PARAMETRIC_REPRESENTATION_CONTEXT() REPRESENTATION_CONTEXT('2D SPACE',''
  ) );
#2993 = ADVANCED_FACE('',(#2994),#1648,.F.);
#2994 = FACE_BOUND('',#2995,.F.);
#2995 = EDGE_LOOP('',(#2996,#2997));
#2996 = ORIENTED_EDGE('',*,*,#1631,.T.);
#2997 = ORIENTED_EDGE('',*,*,#2998,.T.);
#2998 = EDGE_CURVE('',#1608,#1632,#2999,.T.);
#2999 = SURFACE_CURVE('',#3000,(#3005,#3012),.PCURVE_S1.);
#3000 = CIRCLE('',#3001,3.);
#3001 = AXIS2_PLACEMENT_3D('',#3002,#3003,#3004);
#3002 = CARTESIAN_POINT('',(0.,54.091883092037,49.091883092037));
#3003 = DIRECTION('',(1.,0.,0.));
#3004 = DIRECTION('',(0.,1.,0.));
#3005 = PCURVE('',#1648,#3006);
#3006 = DEFINITIONAL_REPRESENTATION('',(#3007),#3011);
#3007 = CIRCLE('',#3008,3.);
#3008 = AXIS2_PLACEMENT_2D('',#3009,#3010);
#3009 = CARTESIAN_POINT('',(-7.105427357601E-15,7.105427357601E-15));
#3010 = DIRECTION('',(0.,-1.));
#3011 = ( GEOMETRIC_REPRESENTATION_CONTEXT(2) 
PARAMETRIC_REPRESENTATION_CONTEXT() REPRESENTATION_CONTEXT('2D SPACE',''
  ) );
#3012 = PCURVE('',#2398,#3013);
#3013 = DEFINITIONAL_REPRESENTATION('',(#3014),#3018);
#3014 = LINE('',#3015,#3016);
#3015 = CARTESIAN_POINT('',(-0.,-8.));
#3016 = VECTOR('',#3017,1.);
#3017 = DIRECTION('',(-1.,0.));
#3018 = ( GEOMETRIC_REPRESENTATION_CONTEXT(2) 
PARAMETRIC_REPRESENTATION_CONTEXT() REPRESENTATION_CONTEXT('2D SPACE',''
  ) );
#3019 = ADVANCED_FACE('',(#3020),#1595,.F.);
#3020 = FACE_BOUND('',#3021,.F.);
#3021 = EDGE_LOOP('',(#3022,#3046,#3068));
#3022 = ORIENTED_EDGE('',*,*,#3023,.T.);
#3023 = EDGE_CURVE('',#1555,#3024,#3026,.T.);
#3024 = VERTEX_POINT('',#3025);
#3025 = CARTESIAN_POINT('',(0.,18.908116907963,49.091883092037));
#3026 = SURFACE_CURVE('',#3027,(#3032,#3039),.PCURVE_S1.);
#3027 = CIRCLE('',#3028,3.);
#3028 = AXIS2_PLACEMENT_3D('',#3029,#3030,#3031);
#3029 = CARTESIAN_POINT('',(0.,15.908116907963,49.091883092037));
#3030 = DIRECTION('',(1.,0.,0.));
#3031 = DIRECTION('',(0.,1.,0.));
#3032 = PCURVE('',#1595,#3033);
#3033 = DEFINITIONAL_REPRESENTATION('',(#3034),#3038);
#3034 = CIRCLE('',#3035,3.);
#3035 = AXIS2_PLACEMENT_2D('',#3036,#3037);
#3036 = CARTESIAN_POINT('',(-7.105427357601E-15,0.));
#3037 = DIRECTION('',(0.,-1.));
#3038 = ( GEOMETRIC_REPRESENTATION_CONTEXT(2) 
PARAMETRIC_REPRESENTATION_CONTEXT() REPRESENTATION_CONTEXT('2D SPACE',''
  ) );
#3039 = PCURVE('',#2463,#3040);
#3040 = DEFINITIONAL_REPRESENTATION('',(#3041),#3045);
#3041 = LINE('',#3042,#3043);
#3042 = CARTESIAN_POINT('',(-0.,-8.));
#3043 = VECTOR('',#3044,1.);
#3044 = DIRECTION('',(-1.,0.));
#3045 = ( GEOMETRIC_REPRESENTATION_CONTEXT(2) 
PARAMETRIC_REPRESENTATION_CONTEXT() REPRESENTATION_CONTEXT('2D SPACE',''
  ) );
#3046 = ORIENTED_EDGE('',*,*,#3047,.T.);
#3047 = EDGE_CURVE('',#3024,#1579,#3048,.T.);
#3048 = SURFACE_CURVE('',#3049,(#3054,#3061),.PCURVE_S1.);
#3049 = CIRCLE('',#3050,3.);
#3050 = AXIS2_PLACEMENT_3D('',#3051,#3052,#3053);
#3051 = CARTESIAN_POINT('',(0.,15.908116907963,49.091883092037));
#3052 = DIRECTION('',(1.,0.,0.));
#3053 = DIRECTION('',(0.,1.,0.));
#3054 = PCURVE('',#1595,#3055);
#3055 = DEFINITIONAL_REPRESENTATION('',(#3056),#3060);
#3056 = CIRCLE('',#3057,3.);
#3057 = AXIS2_PLACEMENT_2D('',#3058,#3059);
#3058 = CARTESIAN_POINT('',(-7.105427357601E-15,0.));
#3059 = DIRECTION('',(0.,-1.));
#3060 = ( GEOMETRIC_REPRESENTATION_CONTEXT(2) 
PARAMETRIC_REPRESENTATION_CONTEXT() REPRESENTATION_CONTEXT('2D SPACE',''
  ) );
#3061 = PCURVE('',#2463,#3062);
#3062 = DEFINITIONAL_REPRESENTATION('',(#3063),#3067);
#3063 = LINE('',#3064,#3065);
#3064 = CARTESIAN_POINT('',(-0.,-8.));
#3065 = VECTOR('',#3066,1.);
#3066 = DIRECTION('',(-1.,0.));
#3067 = ( GEOMETRIC_REPRESENTATION_CONTEXT(2) 
PARAMETRIC_REPRESENTATION_CONTEXT() REPRESENTATION_CONTEXT('2D SPACE',''
  ) );
#3068 = ORIENTED_EDGE('',*,*,#1578,.T.);
#3069 = ADVANCED_FACE('',(#3070),#1542,.F.);
#3070 = FACE_BOUND('',#3071,.F.);
#3071 = EDGE_LOOP('',(#3072,#3096,#3118));
#3072 = ORIENTED_EDGE('',*,*,#3073,.T.);
#3073 = EDGE_CURVE('',#1502,#3074,#3076,.T.);
#3074 = VERTEX_POINT('',#3075);
#3075 = CARTESIAN_POINT('',(0.,18.908116907963,10.908116907963));
#3076 = SURFACE_CURVE('',#3077,(#3082,#3089),.PCURVE_S1.);
#3077 = CIRCLE('',#3078,3.);
#3078 = AXIS2_PLACEMENT_3D('',#3079,#3080,#3081);
#3079 = CARTESIAN_POINT('',(0.,15.908116907963,10.908116907963));
#3080 = DIRECTION('',(1.,0.,0.));
#3081 = DIRECTION('',(0.,1.,0.));
#3082 = PCURVE('',#1542,#3083);
#3083 = DEFINITIONAL_REPRESENTATION('',(#3084),#3088);
#3084 = CIRCLE('',#3085,3.);
#3085 = AXIS2_PLACEMENT_2D('',#3086,#3087);
#3086 = CARTESIAN_POINT('',(0.,-1.7763568394E-15));
#3087 = DIRECTION('',(0.,-1.));
#3088 = ( GEOMETRIC_REPRESENTATION_CONTEXT(2) 
PARAMETRIC_REPRESENTATION_CONTEXT() REPRESENTATION_CONTEXT('2D SPACE',''
  ) );
#3089 = PCURVE('',#2432,#3090);
#3090 = DEFINITIONAL_REPRESENTATION('',(#3091),#3095);
#3091 = LINE('',#3092,#3093);
#3092 = CARTESIAN_POINT('',(-0.,-8.));
#3093 = VECTOR('',#3094,1.);
#3094 = DIRECTION('',(-1.,0.));
#3095 = ( GEOMETRIC_REPRESENTATION_CONTEXT(2) 
PARAMETRIC_REPRESENTATION_CONTEXT() REPRESENTATION_CONTEXT('2D SPACE',''
  ) );
#3096 = ORIENTED_EDGE('',*,*,#3097,.T.);
#3097 = EDGE_CURVE('',#3074,#1526,#3098,.T.);
#3098 = SURFACE_CURVE('',#3099,(#3104,#3111),.PCURVE_S1.);
#3099 = CIRCLE('',#3100,3.);
#3100 = AXIS2_PLACEMENT_3D('',#3101,#3102,#3103);
#3101 = CARTESIAN_POINT('',(0.,15.908116907963,10.908116907963));
#3102 = DIRECTION('',(1.,0.,0.));
#3103 = DIRECTION('',(0.,1.,0.));
#3104 = PCURVE('',#1542,#3105);
#3105 = DEFINITIONAL_REPRESENTATION('',(#3106),#3110);
#3106 = CIRCLE('',#3107,3.);
#3107 = AXIS2_PLACEMENT_2D('',#3108,#3109);
#3108 = CARTESIAN_POINT('',(0.,-1.7763568394E-15));
#3109 = DIRECTION('',(0.,-1.));
#3110 = ( GEOMETRIC_REPRESENTATION_CONTEXT(2) 
PARAMETRIC_REPRESENTATION_CONTEXT() REPRESENTATION_CONTEXT('2D SPACE',''
  ) );
#3111 = PCURVE('',#2432,#3112);
#3112 = DEFINITIONAL_REPRESENTATION('',(#3113),#3117);
#3113 = LINE('',#3114,#3115);
#3114 = CARTESIAN_POINT('',(-0.,-8.));
#3115 = VECTOR('',#3116,1.);
#3116 = DIRECTION('',(-1.,0.));
#3117 = ( GEOMETRIC_REPRESENTATION_CONTEXT(2) 
PARAMETRIC_REPRESENTATION_CONTEXT() REPRESENTATION_CONTEXT('2D SPACE',''
  ) );
#3118 = ORIENTED_EDGE('',*,*,#1525,.T.);
#3119 = ADVANCED_FACE('',(#3120),#1489,.F.);
#3120 = FACE_BOUND('',#3121,.F.);
#3121 = EDGE_LOOP('',(#3122,#3123));
#3122 = ORIENTED_EDGE('',*,*,#1472,.T.);
#3123 = ORIENTED_EDGE('',*,*,#3124,.T.);
#3124 = EDGE_CURVE('',#1444,#1473,#3125,.T.);
#3125 = SURFACE_CURVE('',#3126,(#3131,#3138),.PCURVE_S1.);
#3126 = CIRCLE('',#3127,3.);
#3127 = AXIS2_PLACEMENT_3D('',#3128,#3129,#3130);
#3128 = CARTESIAN_POINT('',(0.,54.091883092037,10.908116907963));
#3129 = DIRECTION('',(1.,0.,0.));
#3130 = DIRECTION('',(0.,1.,0.));
#3131 = PCURVE('',#1489,#3132);
#3132 = DEFINITIONAL_REPRESENTATION('',(#3133),#3137);
#3133 = CIRCLE('',#3134,3.);
#3134 = AXIS2_PLACEMENT_2D('',#3135,#3136);
#3135 = CARTESIAN_POINT('',(1.7763568394E-15,7.105427357601E-15));
#3136 = DIRECTION('',(0.,-1.));
#3137 = ( GEOMETRIC_REPRESENTATION_CONTEXT(2) 
PARAMETRIC_REPRESENTATION_CONTEXT() REPRESENTATION_CONTEXT('2D SPACE',''
  ) );
#3138 = PCURVE('',#2367,#3139);
#3139 = DEFINITIONAL_REPRESENTATION('',(#3140),#3144);
#3140 = LINE('',#3141,#3142);
#3141 = CARTESIAN_POINT('',(-0.,-8.));
#3142 = VECTOR('',#3143,1.);
#3143 = DIRECTION('',(-1.,0.));
#3144 = ( GEOMETRIC_REPRESENTATION_CONTEXT(2) 
PARAMETRIC_REPRESENTATION_CONTEXT() REPRESENTATION_CONTEXT('2D SPACE',''
  ) );
#3145 = ADVANCED_FACE('',(#3146),#2177,.T.);
#3146 = FACE_BOUND('',#3147,.F.);
#3147 = EDGE_LOOP('',(#3148,#3169,#3170,#3171));
#3148 = ORIENTED_EDGE('',*,*,#3149,.T.);
#3149 = EDGE_CURVE('',#2506,#2161,#3150,.T.);
#3150 = SEAM_CURVE('',#3151,(#3155,#3162),.PCURVE_S1.);
#3151 = LINE('',#3152,#3153);
#3152 = CARTESIAN_POINT('',(70.,71.,30.));
#3153 = VECTOR('',#3154,1.);
#3154 = DIRECTION('',(1.,0.,0.));
#3155 = PCURVE('',#2177,#3156);
#3156 = DEFINITIONAL_REPRESENTATION('',(#3157),#3161);
#3157 = LINE('',#3158,#3159);
#3158 = CARTESIAN_POINT('',(-0.,0.));
#3159 = VECTOR('',#3160,1.);
#3160 = DIRECTION('',(-0.,-1.));
#3161 = ( GEOMETRIC_REPRESENTATION_CONTEXT(2) 
PARAMETRIC_REPRESENTATION_CONTEXT() REPRESENTATION_CONTEXT('2D SPACE',''
  ) );
#3162 = PCURVE('',#2177,#3163);
#3163 = DEFINITIONAL_REPRESENTATION('',(#3164),#3168);
#3164 = LINE('',#3165,#3166);
#3165 = CARTESIAN_POINT('',(-6.28318530718,0.));
#3166 = VECTOR('',#3167,1.);
#3167 = DIRECTION('',(-0.,-1.));
#3168 = ( GEOMETRIC_REPRESENTATION_CONTEXT(2) 
PARAMETRIC_REPRESENTATION_CONTEXT() REPRESENTATION_CONTEXT('2D SPACE',''
  ) );
#3169 = ORIENTED_EDGE('',*,*,#2160,.T.);
#3170 = ORIENTED_EDGE('',*,*,#3149,.F.);
#3171 = ORIENTED_EDGE('',*,*,#2505,.F.);
#3172 = ADVANCED_FACE('',(#3173),#2208,.F.);
#3173 = FACE_BOUND('',#3174,.T.);
#3174 = EDGE_LOOP('',(#3175,#3176,#3197,#3198,#3199,#3200));
#3175 = ORIENTED_EDGE('',*,*,#2533,.F.);
#3176 = ORIENTED_EDGE('',*,*,#3177,.T.);
#3177 = EDGE_CURVE('',#2534,#2192,#3178,.T.);
#3178 = SEAM_CURVE('',#3179,(#3183,#3190),.PCURVE_S1.);
#3179 = LINE('',#3180,#3181);
#3180 = CARTESIAN_POINT('',(70.,57.091883092037,10.908116907963));
#3181 = VECTOR('',#3182,1.);
#3182 = DIRECTION('',(1.,0.,0.));
#3183 = PCURVE('',#2208,#3184);
#3184 = DEFINITIONAL_REPRESENTATION('',(#3185),#3189);
#3185 = LINE('',#3186,#3187);
#3186 = CARTESIAN_POINT('',(-6.28318530718,0.));
#3187 = VECTOR('',#3188,1.);
#3188 = DIRECTION('',(-0.,-1.));
#3189 = ( GEOMETRIC_REPRESENTATION_CONTEXT(2) 
PARAMETRIC_REPRESENTATION_CONTEXT() REPRESENTATION_CONTEXT('2D SPACE',''
  ) );
#3190 = PCURVE('',#2208,#3191);
#3191 = DEFINITIONAL_REPRESENTATION('',(#3192),#3196);
#3192 = LINE('',#3193,#3194);
#3193 = CARTESIAN_POINT('',(-0.,0.));
#3194 = VECTOR('',#3195,1.);
#3195 = DIRECTION('',(-0.,-1.));
#3196 = ( GEOMETRIC_REPRESENTATION_CONTEXT(2) 
PARAMETRIC_REPRESENTATION_CONTEXT() REPRESENTATION_CONTEXT('2D SPACE',''
  ) );
#3197 = ORIENTED_EDGE('',*,*,#2191,.T.);
#3198 = ORIENTED_EDGE('',*,*,#3177,.F.);
#3199 = ORIENTED_EDGE('',*,*,#2557,.F.);
#3200 = ORIENTED_EDGE('',*,*,#2676,.F.);
#3201 = ADVANCED_FACE('',(#3202),#2239,.F.);
#3202 = FACE_BOUND('',#3203,.T.);
#3203 = EDGE_LOOP('',(#3204,#3205,#3226,#3227,#3228,#3229));
#3204 = ORIENTED_EDGE('',*,*,#2626,.F.);
#3205 = ORIENTED_EDGE('',*,*,#3206,.T.);
#3206 = EDGE_CURVE('',#2627,#2223,#3207,.T.);
#3207 = SEAM_CURVE('',#3208,(#3212,#3219),.PCURVE_S1.);
#3208 = LINE('',#3209,#3210);
#3209 = CARTESIAN_POINT('',(70.,57.091883092037,49.091883092037));
#3210 = VECTOR('',#3211,1.);
#3211 = DIRECTION('',(1.,0.,0.));
#3212 = PCURVE('',#2239,#3213);
#3213 = DEFINITIONAL_REPRESENTATION('',(#3214),#3218);
#3214 = LINE('',#3215,#3216);
#3215 = CARTESIAN_POINT('',(-6.28318530718,0.));
#3216 = VECTOR('',#3217,1.);
#3217 = DIRECTION('',(-0.,-1.));
#3218 = ( GEOMETRIC_REPRESENTATION_CONTEXT(2) 
PARAMETRIC_REPRESENTATION_CONTEXT() REPRESENTATION_CONTEXT('2D SPACE',''
  ) );
#3219 = PCURVE('',#2239,#3220);
#3220 = DEFINITIONAL_REPRESENTATION('',(#3221),#3225);
#3221 = LINE('',#3222,#3223);
#3222 = CARTESIAN_POINT('',(-0.,0.));
#3223 = VECTOR('',#3224,1.);
#3224 = DIRECTION('',(-0.,-1.));
#3225 = ( GEOMETRIC_REPRESENTATION_CONTEXT(2) 
PARAMETRIC_REPRESENTATION_CONTEXT() REPRESENTATION_CONTEXT('2D SPACE',''
  ) );
#3226 = ORIENTED_EDGE('',*,*,#2222,.T.);
#3227 = ORIENTED_EDGE('',*,*,#3206,.F.);
#3228 = ORIENTED_EDGE('',*,*,#2650,.F.);
#3229 = ORIENTED_EDGE('',*,*,#2802,.F.);
#3230 = ADVANCED_FACE('',(#3231),#2273,.F.);
#3231 = FACE_BOUND('',#3232,.T.);
#3232 = EDGE_LOOP('',(#3233,#3234,#3255,#3256,#3257,#3258));
#3233 = ORIENTED_EDGE('',*,*,#2725,.F.);
#3234 = ORIENTED_EDGE('',*,*,#3235,.T.);
#3235 = EDGE_CURVE('',#2702,#2257,#3236,.T.);
#3236 = SEAM_CURVE('',#3237,(#3241,#3248),.PCURVE_S1.);
#3237 = LINE('',#3238,#3239);
#3238 = CARTESIAN_POINT('',(70.,18.908116907963,10.908116907963));
#3239 = VECTOR('',#3240,1.);
#3240 = DIRECTION('',(1.,0.,0.));
#3241 = PCURVE('',#2273,#3242);
#3242 = DEFINITIONAL_REPRESENTATION('',(#3243),#3247);
#3243 = LINE('',#3244,#3245);
#3244 = CARTESIAN_POINT('',(-6.28318530718,0.));
#3245 = VECTOR('',#3246,1.);
#3246 = DIRECTION('',(-0.,-1.));
#3247 = ( GEOMETRIC_REPRESENTATION_CONTEXT(2) 
PARAMETRIC_REPRESENTATION_CONTEXT() REPRESENTATION_CONTEXT('2D SPACE',''
  ) );
#3248 = PCURVE('',#2273,#3249);
#3249 = DEFINITIONAL_REPRESENTATION('',(#3250),#3254);
#3250 = LINE('',#3251,#3252);
#3251 = CARTESIAN_POINT('',(-0.,0.));
#3252 = VECTOR('',#3253,1.);
#3253 = DIRECTION('',(-0.,-1.));
#3254 = ( GEOMETRIC_REPRESENTATION_CONTEXT(2) 
PARAMETRIC_REPRESENTATION_CONTEXT() REPRESENTATION_CONTEXT('2D SPACE',''
  ) );
#3255 = ORIENTED_EDGE('',*,*,#2256,.T.);
#3256 = ORIENTED_EDGE('',*,*,#3235,.F.);
#3257 = ORIENTED_EDGE('',*,*,#2701,.F.);
#3258 = ORIENTED_EDGE('',*,*,#2580,.F.);
#3259 = ADVANCED_FACE('',(#3260),#2304,.F.);
#3260 = FACE_BOUND('',#3261,.T.);
#3261 = EDGE_LOOP('',(#3262,#3263,#3284,#3285,#3286,#3287));
#3262 = ORIENTED_EDGE('',*,*,#2775,.F.);
#3263 = ORIENTED_EDGE('',*,*,#3264,.T.);
#3264 = EDGE_CURVE('',#2752,#2288,#3265,.T.);
#3265 = SEAM_CURVE('',#3266,(#3270,#3277),.PCURVE_S1.);
#3266 = LINE('',#3267,#3268);
#3267 = CARTESIAN_POINT('',(70.,18.908116907963,49.091883092037));
#3268 = VECTOR('',#3269,1.);
#3269 = DIRECTION('',(1.,0.,0.));
#3270 = PCURVE('',#2304,#3271);
#3271 = DEFINITIONAL_REPRESENTATION('',(#3272),#3276);
#3272 = LINE('',#3273,#3274);
#3273 = CARTESIAN_POINT('',(-6.28318530718,0.));
#3274 = VECTOR('',#3275,1.);
#3275 = DIRECTION('',(-0.,-1.));
#3276 = ( GEOMETRIC_REPRESENTATION_CONTEXT(2) 
PARAMETRIC_REPRESENTATION_CONTEXT() REPRESENTATION_CONTEXT('2D SPACE',''
  ) );
#3277 = PCURVE('',#2304,#3278);
#3278 = DEFINITIONAL_REPRESENTATION('',(#3279),#3283);
#3279 = LINE('',#3280,#3281);
#3280 = CARTESIAN_POINT('',(-0.,0.));
#3281 = VECTOR('',#3282,1.);
#3282 = DIRECTION('',(-0.,-1.));
#3283 = ( GEOMETRIC_REPRESENTATION_CONTEXT(2) 
PARAMETRIC_REPRESENTATION_CONTEXT() REPRESENTATION_CONTEXT('2D SPACE',''
  ) );
#3284 = ORIENTED_EDGE('',*,*,#2287,.T.);
#3285 = ORIENTED_EDGE('',*,*,#3264,.F.);
#3286 = ORIENTED_EDGE('',*,*,#2751,.F.);
#3287 = ORIENTED_EDGE('',*,*,#2603,.F.);
#3288 = ADVANCED_FACE('',(#3289),#2336,.T.);
#3289 = FACE_BOUND('',#3290,.F.);
#3290 = EDGE_LOOP('',(#3291,#3312,#3313,#3314));
#3291 = ORIENTED_EDGE('',*,*,#3292,.T.);
#3292 = EDGE_CURVE('',#2320,#2828,#3293,.T.);
#3293 = SEAM_CURVE('',#3294,(#3298,#3305),.PCURVE_S1.);
#3294 = LINE('',#3295,#3296);
#3295 = CARTESIAN_POINT('',(-8.,71.,30.));
#3296 = VECTOR('',#3297,1.);
#3297 = DIRECTION('',(1.,0.,0.));
#3298 = PCURVE('',#2336,#3299);
#3299 = DEFINITIONAL_REPRESENTATION('',(#3300),#3304);
#3300 = LINE('',#3301,#3302);
#3301 = CARTESIAN_POINT('',(-0.,0.));
#3302 = VECTOR('',#3303,1.);
#3303 = DIRECTION('',(-0.,-1.));
#3304 = ( GEOMETRIC_REPRESENTATION_CONTEXT(2) 
PARAMETRIC_REPRESENTATION_CONTEXT() REPRESENTATION_CONTEXT('2D SPACE',''
  ) );
#3305 = PCURVE('',#2336,#3306);
#3306 = DEFINITIONAL_REPRESENTATION('',(#3307),#3311);
#3307 = LINE('',#3308,#3309);
#3308 = CARTESIAN_POINT('',(-6.28318530718,0.));
#3309 = VECTOR('',#3310,1.);
#3310 = DIRECTION('',(-0.,-1.));
#3311 = ( GEOMETRIC_REPRESENTATION_CONTEXT(2) 
PARAMETRIC_REPRESENTATION_CONTEXT() REPRESENTATION_CONTEXT('2D SPACE',''
  ) );
#3312 = ORIENTED_EDGE('',*,*,#2827,.T.);
#3313 = ORIENTED_EDGE('',*,*,#3292,.F.);
#3314 = ORIENTED_EDGE('',*,*,#2319,.F.);
#3315 = ADVANCED_FACE('',(#3316),#2367,.F.);
#3316 = FACE_BOUND('',#3317,.T.);
#3317 = EDGE_LOOP('',(#3318,#3319,#3340,#3341,#3342,#3343));
#3318 = ORIENTED_EDGE('',*,*,#2350,.F.);
#3319 = ORIENTED_EDGE('',*,*,#3320,.T.);
#3320 = EDGE_CURVE('',#2351,#2856,#3321,.T.);
#3321 = SEAM_CURVE('',#3322,(#3326,#3333),.PCURVE_S1.);
#3322 = LINE('',#3323,#3324);
#3323 = CARTESIAN_POINT('',(-8.,57.091883092037,10.908116907963));
#3324 = VECTOR('',#3325,1.);
#3325 = DIRECTION('',(1.,0.,0.));
#3326 = PCURVE('',#2367,#3327);
#3327 = DEFINITIONAL_REPRESENTATION('',(#3328),#3332);
#3328 = LINE('',#3329,#3330);
#3329 = CARTESIAN_POINT('',(-6.28318530718,0.));
#3330 = VECTOR('',#3331,1.);
#3331 = DIRECTION('',(-0.,-1.));
#3332 = ( GEOMETRIC_REPRESENTATION_CONTEXT(2) 
PARAMETRIC_REPRESENTATION_CONTEXT() REPRESENTATION_CONTEXT('2D SPACE',''
  ) );
#3333 = PCURVE('',#2367,#3334);
#3334 = DEFINITIONAL_REPRESENTATION('',(#3335),#3339);
#3335 = LINE('',#3336,#3337);
#3336 = CARTESIAN_POINT('',(-0.,0.));
#3337 = VECTOR('',#3338,1.);
#3338 = DIRECTION('',(-0.,-1.));
#3339 = ( GEOMETRIC_REPRESENTATION_CONTEXT(2) 
PARAMETRIC_REPRESENTATION_CONTEXT() REPRESENTATION_CONTEXT('2D SPACE',''
  ) );
#3340 = ORIENTED_EDGE('',*,*,#2855,.T.);
#3341 = ORIENTED_EDGE('',*,*,#3124,.T.);
#3342 = ORIENTED_EDGE('',*,*,#2879,.T.);
#3343 = ORIENTED_EDGE('',*,*,#3320,.F.);
#3344 = ADVANCED_FACE('',(#3345),#2398,.F.);
#3345 = FACE_BOUND('',#3346,.T.);
#3346 = EDGE_LOOP('',(#3347,#3348,#3369,#3370,#3371,#3372));
#3347 = ORIENTED_EDGE('',*,*,#2381,.F.);
#3348 = ORIENTED_EDGE('',*,*,#3349,.T.);
#3349 = EDGE_CURVE('',#2382,#2949,#3350,.T.);
#3350 = SEAM_CURVE('',#3351,(#3355,#3362),.PCURVE_S1.);
#3351 = LINE('',#3352,#3353);
#3352 = CARTESIAN_POINT('',(-8.,57.091883092037,49.091883092037));
#3353 = VECTOR('',#3354,1.);
#3354 = DIRECTION('',(1.,0.,0.));
#3355 = PCURVE('',#2398,#3356);
#3356 = DEFINITIONAL_REPRESENTATION('',(#3357),#3361);
#3357 = LINE('',#3358,#3359);
#3358 = CARTESIAN_POINT('',(-6.28318530718,0.));
#3359 = VECTOR('',#3360,1.);
#3360 = DIRECTION('',(-0.,-1.));
#3361 = ( GEOMETRIC_REPRESENTATION_CONTEXT(2) 
PARAMETRIC_REPRESENTATION_CONTEXT() REPRESENTATION_CONTEXT('2D SPACE',''
  ) );
#3362 = PCURVE('',#2398,#3363);
#3363 = DEFINITIONAL_REPRESENTATION('',(#3364),#3368);
#3364 = LINE('',#3365,#3366);
#3365 = CARTESIAN_POINT('',(-0.,0.));
#3366 = VECTOR('',#3367,1.);
#3367 = DIRECTION('',(-0.,-1.));
#3368 = ( GEOMETRIC_REPRESENTATION_CONTEXT(2) 
PARAMETRIC_REPRESENTATION_CONTEXT() REPRESENTATION_CONTEXT('2D SPACE',''
  ) );
#3369 = ORIENTED_EDGE('',*,*,#2948,.T.);
#3370 = ORIENTED_EDGE('',*,*,#2998,.T.);
#3371 = ORIENTED_EDGE('',*,*,#2972,.T.);
#3372 = ORIENTED_EDGE('',*,*,#3349,.F.);
#3373 = ADVANCED_FACE('',(#3374),#2432,.F.);
#3374 = FACE_BOUND('',#3375,.T.);
#3375 = EDGE_LOOP('',(#3376,#3377,#3398,#3399,#3400,#3401));
#3376 = ORIENTED_EDGE('',*,*,#2415,.F.);
#3377 = ORIENTED_EDGE('',*,*,#3378,.T.);
#3378 = EDGE_CURVE('',#2416,#3074,#3379,.T.);
#3379 = SEAM_CURVE('',#3380,(#3384,#3391),.PCURVE_S1.);
#3380 = LINE('',#3381,#3382);
#3381 = CARTESIAN_POINT('',(-8.,18.908116907963,10.908116907963));
#3382 = VECTOR('',#3383,1.);
#3383 = DIRECTION('',(1.,0.,0.));
#3384 = PCURVE('',#2432,#3385);
#3385 = DEFINITIONAL_REPRESENTATION('',(#3386),#3390);
#3386 = LINE('',#3387,#3388);
#3387 = CARTESIAN_POINT('',(-6.28318530718,0.));
#3388 = VECTOR('',#3389,1.);
#3389 = DIRECTION('',(-0.,-1.));
#3390 = ( GEOMETRIC_REPRESENTATION_CONTEXT(2) 
PARAMETRIC_REPRESENTATION_CONTEXT() REPRESENTATION_CONTEXT('2D SPACE',''
  ) );
#3391 = PCURVE('',#2432,#3392);
#3392 = DEFINITIONAL_REPRESENTATION('',(#3393),#3397);
#3393 = LINE('',#3394,#3395);
#3394 = CARTESIAN_POINT('',(-0.,0.));
#3395 = VECTOR('',#3396,1.);
#3396 = DIRECTION('',(-0.,-1.));
#3397 = ( GEOMETRIC_REPRESENTATION_CONTEXT(2) 
PARAMETRIC_REPRESENTATION_CONTEXT() REPRESENTATION_CONTEXT('2D SPACE',''
  ) );
#3398 = ORIENTED_EDGE('',*,*,#3097,.T.);
#3399 = ORIENTED_EDGE('',*,*,#2902,.T.);
#3400 = ORIENTED_EDGE('',*,*,#3073,.T.);
#3401 = ORIENTED_EDGE('',*,*,#3378,.F.);
#3402 = ADVANCED_FACE('',(#3403),#2463,.F.);
#3403 = FACE_BOUND('',#3404,.T.);
#3404 = EDGE_LOOP('',(#3405,#3406,#3427,#3428,#3429,#3430));
#3405 = ORIENTED_EDGE('',*,*,#2446,.F.);
#3406 = ORIENTED_EDGE('',*,*,#3407,.T.);
#3407 = EDGE_CURVE('',#2447,#3024,#3408,.T.);
#3408 = SEAM_CURVE('',#3409,(#3413,#3420),.PCURVE_S1.);
#3409 = LINE('',#3410,#3411);
#3410 = CARTESIAN_POINT('',(-8.,18.908116907963,49.091883092037));
#3411 = VECTOR('',#3412,1.);
#3412 = DIRECTION('',(1.,0.,0.));
#3413 = PCURVE('',#2463,#3414);
#3414 = DEFINITIONAL_REPRESENTATION('',(#3415),#3419);
#3415 = LINE('',#3416,#3417);
#3416 = CARTESIAN_POINT('',(-6.28318530718,0.));
#3417 = VECTOR('',#3418,1.);
#3418 = DIRECTION('',(-0.,-1.));
#3419 = ( GEOMETRIC_REPRESENTATION_CONTEXT(2) 
PARAMETRIC_REPRESENTATION_CONTEXT() REPRESENTATION_CONTEXT('2D SPACE',''
  ) );
#3420 = PCURVE('',#2463,#3421);
#3421 = DEFINITIONAL_REPRESENTATION('',(#3422),#3426);
#3422 = LINE('',#3423,#3424);
#3423 = CARTESIAN_POINT('',(-0.,0.));
#3424 = VECTOR('',#3425,1.);
#3425 = DIRECTION('',(-0.,-1.));
#3426 = ( GEOMETRIC_REPRESENTATION_CONTEXT(2) 
PARAMETRIC_REPRESENTATION_CONTEXT() REPRESENTATION_CONTEXT('2D SPACE',''
  ) );
#3427 = ORIENTED_EDGE('',*,*,#3047,.T.);
#3428 = ORIENTED_EDGE('',*,*,#2925,.T.);
#3429 = ORIENTED_EDGE('',*,*,#3023,.T.);
#3430 = ORIENTED_EDGE('',*,*,#3407,.F.);
#3431 = ( GEOMETRIC_REPRESENTATION_CONTEXT(3) 
GLOBAL_UNCERTAINTY_ASSIGNED_CONTEXT((#3435)) 
GLOBAL_UNIT_ASSIGNED_CONTEXT((#3432,#3433,#3434)) REPRESENTATION_CONTEXT
('Context #1','3D Context with UNIT and UNCERTAINTY') );
#3432 = ( LENGTH_UNIT() NAMED_UNIT(*) SI_UNIT(.MILLI.,.METRE.) );
#3433 = ( NAMED_UNIT(*) PLANE_ANGLE_UNIT() SI_UNIT($,.RADIAN.) );
#3434 = ( NAMED_UNIT(*) SI_UNIT($,.STERADIAN.) SOLID_ANGLE_UNIT() );
#3435 = UNCERTAINTY_MEASURE_WITH_UNIT(LENGTH_MEASURE(1.E-07),#3432,
  'distance_accuracy_value','confusion accuracy');
#3436 = PRODUCT_RELATED_PRODUCT_CATEGORY('part',$,(#7));
ENDSEC;
END-ISO-10303-21;
