/*--------------------------------*- C++ -*----------------------------------*\
  =========                 |
  \\      /  F ield         | OpenFOAM: The Open Source CFD Toolbox
   \\    /   O peration     | Website:  https://openfoam.org
    \\  /    A nd           | Version:  11
     \\/     M anipulation  |
\*---------------------------------------------------------------------------*/
FoamFile
{
    format      ascii;
    class       surfaceVectorField;
    location    "0.5";
    object      Uf;
}
// * * * * * * * * * * * * * * * * * * * * * * * * * * * * * * * * * * * * * //

dimensions      [0 1 -1 0 0 0 0];

internalField   nonuniform List<vector> 
3485
(
(0.3148384015 -0.2820704411 2.976909755e-20)
(0.3349329832 -0.2801363671 2.546116732e-21)
(0.3021981588 -0.2962702313 1.782557908e-20)
(0.361811447 -0.3031700785 6.313160157e-20)
(0.3365695346 -0.2716220019 -1.697918614e-20)
(0.2887655663 -0.2727721016 1.42591398e-21)
(0.467178138 -0.3705168601 3.866361641e-20)
(0.4430245572 -0.3328225446 3.150860149e-20)
(0.3792914272 -0.3316439551 3.199679454e-20)
(0.5678947935 -0.4307837744 -3.178392874e-20)
(0.5625503935 -0.4028443915 2.849276857e-20)
(0.487501997 -0.4048022302 1.749551534e-20)
(0.6385410828 -0.4637897398 -9.514882244e-21)
(0.6526015769 -0.4481701105 7.20524045e-21)
(0.5724155418 -0.4543128998 3.387544447e-20)
(0.6788241349 -0.4709232098 -1.223837056e-20)
(0.7060443862 -0.4646078853 2.238857458e-20)
(0.6254986426 -0.4740790414 -1.920815761e-20)
(0.6975868956 -0.4608820343 -3.926836889e-20)
(0.7316399468 -0.4599763509 3.951081819e-20)
(0.6534740281 -0.471558461 -9.072108954e-20)
(0.703746563 -0.4418943922 -9.827328075e-21)
(0.740563206 -0.4433888086 2.468349068e-20)
(0.6658891568 -0.4563133759 -7.819173159e-21)
(0.7030554636 -0.4191341859 -3.121185073e-21)
(0.7410986486 -0.4213869215 -6.872867971e-20)
(0.6701133023 -0.43553001 -1.978648256e-21)
(0.7348210767 -0.3998843486 -2.021688754e-20)
(0.6691455558 -0.4126294065 -1.138416724e-21)
(0.703352716 -0.3994737605 -4.953186375e-21)
(0.3557784123 -0.2714742314 -4.532938804e-20)
(0.3677341106 -0.2612244605 6.273471466e-21)
(0.4188168873 -0.2997800953 -4.953093088e-20)
(0.3864801845 -0.2651154183 -3.662746711e-20)
(0.5377396326 -0.3655980368 2.138280645e-20)
(0.5087212624 -0.3259128193 -4.492124979e-20)
(0.6463445254 -0.4214199358 6.834222403e-20)
(0.6384635558 -0.3908597252 5.614341013e-20)
(0.7194913185 -0.4503036964 3.755989845e-20)
(0.7324711924 -0.4311056339 3.563438513e-20)
(0.7587649944 -0.4547341048 7.457856841e-20)
(0.7854540538 -0.4442025602 -7.883864717e-21)
(0.7749143864 -0.4433652125 1.035605363e-19)
(0.8083394815 -0.4381062547 6.966230794e-20)
(0.7781808221 -0.4239552881 -3.401240502e-20)
(0.8138673513 -0.4214483484 3.842311217e-20)
(0.775108026 -0.40123295 -8.606225318e-20)
(0.8111068416 -0.4002330745 -6.446562539e-20)
(0.8021544888 -0.3796639731 -2.830275896e-20)
(0.7714426054 -0.3794788844 -2.292883697e-20)
(0.3974684041 -0.2566525312 1.394585499e-20)
(0.4001742523 -0.239228648 1.203306052e-20)
(0.4771588508 -0.289537741 -3.259587204e-20)
(0.4374497904 -0.2526104208 6.43399932e-21)
(0.6086110723 -0.3516274061 -1.079287718e-20)
(0.5746533016 -0.3102987387 -4.156049088e-20)
(0.7234996264 -0.4017434754 2.440175196e-20)
(0.7129027911 -0.3683632272 -6.083691008e-21)
(0.7975971443 -0.4262038897 -1.032644378e-20)
(0.8092064229 -0.4027049846 2.722427717e-21)
(0.8345965425 -0.4283708537 -1.364261432e-20)
(0.8604989905 -0.4123702709 2.299025797e-20)
(0.8471019193 -0.4166228088 4.92743502e-21)
(0.8798882315 -0.4051419242 1.451455825e-20)
(0.8464847166 -0.3981486669 8.0240993e-21)
(0.8815017587 -0.388932294 -1.018756242e-20)
(0.8397347349 -0.3771803279 -6.883450556e-21)
(0.8750313465 -0.3690517206 2.781871375e-20)
(0.8630733347 -0.350016897 2.639012868e-20)
(0.8317778864 -0.3566999739 -1.78126028e-20)
(0.4392545982 -0.2370844119 3.987418868e-21)
(0.4319847655 -0.2140370816 -4.812807918e-21)
(0.5356342543 -0.2716156093 -1.497777078e-21)
(0.4886635429 -0.2338144131 -6.848663241e-21)
(0.6782144773 -0.3277076166 -3.729844821e-20)
(0.6395288025 -0.2858908877 1.190542393e-20)
(0.7977589286 -0.3708051841 -2.770884156e-20)
(0.7843855317 -0.3356471524 -2.116491882e-20)
(0.8716206659 -0.3903360862 3.603248548e-20)
(0.8814374656 -0.3636319082 -8.216079939e-20)
(0.9057908063 -0.3901946629 5.074412361e-20)
(0.9301822944 -0.3700538791 3.462971504e-20)
(0.9146423266 -0.3781482926 -4.717405679e-22)
(0.9458783097 -0.3621811104 1.215330565e-19)
(0.9104733768 -0.3605559292 9.355754566e-21)
(0.9438578567 -0.3469591155 -4.344452295e-20)
(0.9005062061 -0.3410089752 6.109929987e-20)
(0.9342054505 -0.3288434275 -7.508113478e-20)
(0.9196405659 -0.3115692335 2.611719957e-20)
(0.8887881497 -0.3215623161 4.324885891e-20)
(0.4804321438 -0.2126984585 -1.571577514e-20)
(0.4625922648 -0.1854734735 1.384593866e-21)
(0.5929589946 -0.2462026294 6.998412403e-21)
(0.5387859156 -0.2084626639 -2.384951283e-20)
(0.744832114 -0.2945789546 2.861841118e-20)
(0.7014284458 -0.252740499 4.017382003e-20)
(0.8671352314 -0.3300001688 -7.511909526e-20)
(0.8506493566 -0.2931951394 1.265342252e-20)
(0.9394230618 -0.3447620468 -8.408210537e-20)
(0.9467575331 -0.3147426686 -1.537799287e-19)
(0.9701175151 -0.342952981 1.052345541e-19)
(0.9920539081 -0.3183764624 6.419201486e-20)
(0.9752323628 -0.3314580497 7.953515259e-20)
(1.003833518 -0.3105306464 5.633714891e-20)
(0.9677720214 -0.3156378781 -1.276120704e-19)
(0.9984012543 -0.2969938174 -8.270455003e-20)
(0.954927379 -0.2983377121 -1.095123379e-19)
(0.9859840519 -0.2812711557 -9.996921482e-20)
(0.9690699117 -0.2662148194 -3.168434675e-20)
(0.9396632679 -0.2808002373 -7.564762905e-21)
(0.5200118679 -0.1832460177 -6.587306695e-21)
(0.4914476585 -0.1534795116 4.934906382e-21)
(0.6474688919 -0.213080563 9.563135139e-21)
(0.5865234546 -0.1765255184 -8.181784542e-21)
(0.8064153333 -0.2522739131 2.467832507e-20)
(0.7586278139 -0.2112024817 -1.76753364e-20)
(0.9294965786 -0.2795908076 -6.497344813e-20)
(0.9098877949 -0.2418060931 7.995659829e-21)
(0.9989971944 -0.2898219662 -6.56818593e-21)
(1.00350569 -0.257152015 1.944011608e-20)
(1.025783733 -0.2868718126 1.569690097e-20)
(1.044700179 -0.2585969085 6.44538483e-20)
(1.027295385 -0.2764910934 -1.049270076e-19)
(1.05260489 -0.2514414472 -1.842226774e-19)
(1.016978083 -0.2629232339 -5.492129466e-20)
(1.044228113 -0.2401750794 -5.528330681e-20)
(1.001725235 -0.2482412263 -2.160554915e-20)
(1.029669683 -0.2273127169 1.283810767e-19)
(1.010785616 -0.2148126598 1.721560203e-22)
(0.9832922969 -0.2330718094 -1.73663233e-20)
(0.5569959486 -0.1488148255 3.390395751e-21)
(0.5178226471 -0.118078959 2.076446059e-21)
(0.697608987 -0.1726927872 -3.507458097e-20)
(0.6303375563 -0.138219487 4.348488548e-21)
(0.8612124626 -0.2017727839 -3.451087424e-20)
(0.8092270015 -0.1619834575 -3.891060849e-20)
(0.9831572949 -0.2210489711 9.234343687e-20)
(0.9602001815 -0.1826636298 2.08686443e-20)
(1.048849638 -0.2273382964 9.021198824e-20)
(1.049955533 -0.1923548354 8.861642195e-20)
(1.071517852 -0.2239880325 -1.341505454e-19)
(1.086599112 -0.1923521405 -2.007899227e-20)
(1.069769957 -0.215411359 -1.351880498e-19)
(1.090831505 -0.1865703887 -1.345872846e-19)
(1.057218951 -0.2046638823 1.271228e-19)
(1.080095042 -0.1781259648 -1.192222488e-22)
(1.040173589 -0.1930432435 1.510851422e-19)
(1.064137589 -0.1685820624 2.13733239e-19)
(1.043826315 -0.1590356729 9.420114179e-20)
(1.019049665 -0.1807206701 1.847203521e-20)
(0.5902022665 -0.1095874209 3.048469976e-21)
(0.5409536429 -0.07943749244 -3.649116859e-21)
(0.7416286634 -0.1255728241 1.651479912e-22)
(0.6687035244 -0.09403678238 5.007527618e-20)
(0.9073471145 -0.1440466573 1.608427774e-20)
(0.8515053917 -0.1060834671 -4.114256386e-20)
(1.02638729 -0.155659928 1.675211399e-20)
(1.000045003 -0.1171801459 1.652265893e-20)
(1.087482092 -0.1587230137 -2.104587235e-20)
(1.084860177 -0.1219724241 9.822442528e-20)
(1.106013979 -0.1556825044 -1.978690118e-20)
(1.116748598 -0.1212941738 -7.915497733e-20)
(1.101465301 -0.1494829857 -1.545049716e-22)
(1.117629634 -0.1174749851 -2.7364177e-24)
(1.087386367 -0.1420082427 8.546011564e-20)
(1.105118725 -0.1122612534 -3.323917377e-20)
(1.069296672 -0.1338504281 1.579121023e-19)
(1.088503725 -0.106415059 8.639095808e-20)
(1.067427901 -0.1002550519 1.004338539e-19)
(1.046188758 -0.1248812614 8.462694461e-20)
(0.6184713771 -0.0660189344 4.321708049e-20)
(0.5600356103 -0.03787906335 -1.160516123e-20)
(0.7779580041 -0.07265485732 9.044590604e-21)
(0.7001598395 -0.04475097739 -2.534907863e-22)
(0.9433141291 -0.08049420883 -4.102963458e-20)
(0.8839590001 -0.04477006378 -5.641828913e-20)
(1.057957186 -0.08511994425 9.754033628e-20)
(1.028202288 -0.04695546385 2.320206033e-20)
(1.11393372 -0.08578122068 4.113158511e-20)
(1.107331145 -0.04773287908 1.404321849e-19)
(1.128452601 -0.08372454542 -5.9693069e-20)
(1.134490448 -0.04713297498 5.772088077e-20)
(1.12155686 -0.08036395346 -3.29318715e-20)
(1.132383008 -0.04574998792 6.948751998e-20)
(1.106601098 -0.07649216858 -3.293310274e-20)
(1.118560676 -0.04402484085 -5.433628937e-20)
(1.088286456 -0.07218248804 2.894782149e-20)
(1.101766129 -0.04214461574 -1.300750683e-19)
(1.080619598 -0.03979072475 -5.992550181e-20)
(1.064194517 -0.0671230806 3.595657796e-20)
(0.6407410264 -0.01875825103 -5.496149083e-20)
(0.5743710822 0.006104506083 -2.030885937e-20)
(0.8052599266 -0.01505854287 -6.529789233e-20)
(0.7235478361 0.008603056944 -8.614014377e-20)
(0.9679424632 -0.01259341817 7.339279748e-21)
(0.9055060855 0.02046487654 -1.537990629e-20)
(1.077018981 -0.01107714449 6.536639727e-20)
(1.043914477 0.02627691539 -5.573686622e-21)
(1.127623323 -0.01017307455 1.574445349e-19)
(1.116921918 0.02860155117 -1.665028518e-20)
(1.138335146 -0.009679947731 1.868382161e-19)
(1.139592246 0.02845548458 1.806708221e-19)
(1.129373482 -0.009460104758 4.872637032e-20)
(1.134899235 0.02708566396 1.015932784e-19)
(1.11380242 -0.009370102228 -1.510956338e-19)
(1.119954812 0.02530607228 -2.492565083e-20)
(1.095786525 -0.009148819721 -2.190605053e-19)
(1.103076573 0.02325649707 -1.154332747e-19)
(1.0718761 -0.008505806327 -1.056196416e-19)
(1.08225626 0.02161429448 -9.173061275e-20)
(0.01205505479 -0.2249270544 5.860117543e-21)
(0.02897456067 -0.3392938091 -4.283405952e-21)
(0.002174563817 -0.3339578419 2.148387889e-21)
(0.01864094529 -0.0755570409 4.711794766e-21)
(0.01589397799 -0.1239206224 -1.386626095e-20)
(0.005987126763 -0.09814934989 7.45587813e-21)
(0.03794055803 -0.04054573446 6.058052655e-22)
(0.03050536146 -0.06159499678 3.927568591e-21)
(0.0253425216 -0.01714844042 -1.475204448e-21)
(0.06451153382 -0.0526175196 -4.327612952e-22)
(0.05572815387 -0.07041802357 -1.328336654e-22)
(0.04975032413 -0.01234342225 -7.930594387e-21)
(0.09390885801 -0.07350856015 -1.356723989e-20)
(0.08589447306 -0.09633289815 -3.166207e-21)
(0.07779844847 -0.03061324958 2.121260014e-21)
(0.1233500373 -0.08914251938 -1.474334563e-20)
(0.1166730907 -0.1172247143 -9.657637328e-21)
(0.106944767 -0.04876231027 -9.654315164e-21)
(0.1514076069 -0.09750377296 5.635956687e-21)
(0.1459983667 -0.1285819806 -3.073649582e-21)
(0.1354496897 -0.0606183154 -1.210062562e-21)
(0.17752752 -0.1006935347 7.017091289e-21)
(0.1731719354 -0.1324923248 5.727294422e-21)
(0.1624190989 -0.06678820683 6.870951474e-21)
(0.2016515391 -0.1012846717 -1.459383249e-22)
(0.1982639576 -0.1323334811 1.166907537e-22)
(0.1876111877 -0.0695714187 -5.310250979e-22)
(0.2209733926 -0.1306393545 3.508982292e-22)
(0.2238980875 -0.09867300646 -6.861379056e-22)
(0.2104162617 -0.07069250249 2.99908676e-22)
(0.03172804317 -0.239826649 -2.39963363e-20)
(0.05667147841 -0.3426508818 1.07183789e-21)
(0.0290728378 -0.1103105287 -1.476037239e-20)
(0.02998719658 -0.1488711914 -1.483460483e-20)
(0.0477372409 -0.09152998698 3.213108448e-21)
(0.04292566778 -0.1052313335 3.508116475e-21)
(0.07665791645 -0.1140989356 -2.861259887e-21)
(0.07123845562 -0.1272307786 1.989536429e-20)
(0.1083867693 -0.1400378555 7.809085434e-22)
(0.1048324117 -0.1603142665 -1.705154955e-21)
(0.1392069369 -0.1566934745 1.980705294e-21)
(0.1377621321 -0.1836209375 -1.616304134e-20)
(0.1677366369 -0.1636265061 -3.049500184e-21)
(0.1679033166 -0.1943157451 -7.790222491e-21)
(0.1937578438 -0.1642116179 -1.148590088e-21)
(0.1949862483 -0.1959289599 2.641975974e-21)
(0.2175453481 -0.1619807248 6.324063991e-22)
(0.2195631768 -0.192865859 -3.062852439e-21)
(0.2418619739 -0.1883806738 -9.970807782e-22)
(0.2390803964 -0.1555337421 5.606160828e-22)
(0.05390765323 -0.2532239172 1.033557907e-20)
(0.0851602384 -0.3440066576 2.583709083e-21)
(0.04521411925 -0.1439496084 3.320603276e-21)
(0.04826277871 -0.1726239116 2.835327057e-21)
(0.06589612128 -0.1409876512 2.003478059e-20)
(0.06255551092 -0.1472604708 5.311904045e-22)
(0.09891521851 -0.1734451013 2.109981566e-20)
(0.09612862263 -0.1816244932 2.109867722e-20)
(0.1338553517 -0.2039387211 -1.853389836e-20)
(0.1343523627 -0.2211570155 3.243974908e-21)
(0.1662883228 -0.2213236042 -2.596981594e-20)
(0.1698717386 -0.2464211411 -1.268931243e-20)
(0.1951291236 -0.2267135095 -2.167197028e-21)
(0.2007748173 -0.2562469395 -1.331773553e-21)
(0.220699074 -0.2247003479 7.428472615e-22)
(0.2274474229 -0.2555377017 -1.585085613e-21)
(0.2437578398 -0.21971691 -4.741773084e-21)
(0.2510819986 -0.2496486903 -3.06903907e-21)
(0.2726383376 -0.2424130688 -2.406944673e-21)
(0.2640199362 -0.2095631711 -3.486846386e-21)
(0.07854212257 -0.2649325533 -4.701606406e-21)
(0.114358876 -0.3433606537 -6.937384792e-21)
(0.06702052536 -0.1758991126 2.913888384e-22)
(0.07071069211 -0.1948206967 -4.920262969e-21)
(0.09227087076 -0.1879532015 1.400005365e-21)
(0.08928001759 -0.1869059916 6.50698356e-21)
(0.1310067964 -0.2293890587 3.292221762e-21)
(0.1301149528 -0.2324659457 -3.157017696e-21)
(0.169926502 -0.2637579716 9.21195979e-21)
(0.1740136508 -0.277491259 2.731970546e-21)
(0.2041301678 -0.2814948204 1.193840878e-20)
(0.2124499958 -0.3041337873 1.81872233e-20)
(0.2330797198 -0.2852128899 -7.712708936e-22)
(0.2439978731 -0.3128488235 2.189202258e-21)
(0.2578311384 -0.2806339469 -5.366345287e-21)
(0.2699158331 -0.3098111277 5.381430682e-22)
(0.2797699082 -0.2730045484 -8.544120802e-22)
(0.292176952 -0.3012226002 -1.256795967e-21)
(0.3126436116 -0.2913069901 -7.794539901e-22)
(0.2982115132 -0.2593338716 1.22135055e-22)
(0.1055919337 -0.2747831417 -6.934507665e-21)
(0.1442132193 -0.3407229346 -6.433849336e-21)
(0.09441269893 -0.2056018591 1.48858023e-21)
(0.09731505254 -0.2151088067 -2.502329608e-20)
(0.1266130543 -0.2314858057 2.028461022e-21)
(0.1229099636 -0.2234068571 5.26694771e-21)
(0.1724927153 -0.280698959 -3.751486151e-21)
(0.1727666283 -0.2786561795 3.083343747e-20)
(0.2160050333 -0.3180894052 1.159953583e-20)
(0.2231728384 -0.3280018437 6.873348019e-21)
(0.252036476 -0.335727564 8.565646001e-21)
(0.2647079066 -0.3553398195 -3.848948028e-21)
(0.280841037 -0.3376412106 3.480925537e-21)
(0.2967038058 -0.3626804462 -4.139612485e-20)
(0.3043896834 -0.3305629024 4.693585148e-21)
(0.3214921476 -0.3573346052 1.532934332e-20)
(0.3248155341 -0.3204377891 -1.156303487e-21)
(0.3419416637 -0.3462218769 3.324128404e-20)
(0.3609388306 -0.3337294804 -6.514836157e-21)
(0.3409033063 -0.3035218232 -1.511186739e-21)
(0.135028248 -0.282604062 -2.440341542e-20)
(0.1746948036 -0.336096344 -4.343380675e-21)
(0.1272655497 -0.2325018669 -2.143198944e-20)
(0.128040686 -0.2331167577 -2.983485361e-20)
(0.168553438 -0.2706673605 3.386639587e-20)
(0.1631594723 -0.2560048177 -2.14525019e-20)
(0.2227459353 -0.3261937833 4.140841687e-20)
(0.2234794119 -0.3191383987 3.384267792e-20)
(0.2712626265 -0.3656041999 -8.512849206e-21)
(0.280956943 -0.3714550681 2.178382023e-20)
(0.3090523948 -0.3826402604 -5.37549041e-20)
(0.3255931152 -0.3987324 -1.471701096e-20)
(0.3373944555 -0.3826252897 -2.986351527e-20)
(0.3577429615 -0.4044319049 -3.657194938e-20)
(0.359330187 -0.3731503646 4.37865477e-20)
(0.380984429 -0.3968292925 -9.016367585e-21)
(0.3778318471 -0.3607155049 2.790161398e-20)
(0.3991607367 -0.3834072073 3.622451602e-20)
(0.4162391849 -0.3684610674 -1.419582111e-21)
(0.3910340973 -0.3409122333 -1.444285824e-20)
(0.1668178727 -0.2881961495 -9.611332018e-21)
(0.205788068 -0.3294524814 -5.843862157e-24)
(0.165381356 -0.2560230258 -2.935683957e-20)
(0.162802813 -0.2484233561 -7.157330972e-21)
(0.2175708915 -0.3045991534 -2.187043469e-20)
(0.209611116 -0.283928473 -1.355984101e-20)
(0.2809216309 -0.3647605804 1.403363868e-20)
(0.2814457614 -0.3529040452 -1.212859992e-21)
(0.33460879 -0.4050840646 1.571928236e-20)
(0.346242442 -0.4067234607 2.136763719e-20)
(0.3739348269 -0.4209902275 2.367936584e-21)
(0.393777445 -0.4331531897 -2.294104381e-20)
(0.4014154448 -0.4189415425 -1.587477137e-20)
(0.4256781219 -0.4369638142 3.71651306e-20)
(0.4212802539 -0.407200697 -1.650961824e-20)
(0.4469032395 -0.4271864019 -4.561244952e-21)
(0.4373894699 -0.3926516005 7.039637599e-21)
(0.4623015172 -0.4116877774 -3.093767665e-20)
(0.4769110392 -0.39440869 6.086308656e-21)
(0.4471538177 -0.370391668 1.065923267e-20)
(0.2008956861 -0.2913060212 2.494022804e-21)
(0.2374664338 -0.3207105263 -8.521480674e-21)
(0.208452653 -0.2755484077 9.30179526e-21)
(0.2014210078 -0.2605342111 -3.085438605e-20)
(0.2729613664 -0.3324017594 6.974397652e-21)
(0.2616730301 -0.3063868059 1.444993038e-20)
(0.3459410325 -0.3953775103 6.069448238e-21)
(0.3456304518 -0.3790079431 4.079593218e-20)
(0.4046920941 -0.4354630225 -1.696741733e-20)
(0.4176543266 -0.4328179137 -7.012933603e-21)
(0.4451700596 -0.449727233 1.153288795e-20)
(0.467680328 -0.4576349201 -4.100744798e-20)
(0.4713059868 -0.4455742768 4.860905196e-20)
(0.4988344549 -0.4593558842 3.224695872e-20)
(0.4885877536 -0.4317171777 -1.862860229e-20)
(0.5175437512 -0.447520758 1.894689913e-20)
(0.5017646897 -0.4152329723 -3.207254879e-20)
(0.5296370151 -0.4301822926 -3.260082346e-20)
(0.5411338945 -0.4107158703 1.534273722e-21)
(0.5075440245 -0.3909852083 2.949882489e-21)
(0.2371198938 -0.2916051231 -4.116632284e-20)
(0.2696546966 -0.3097231848 -1.443770174e-21)
(0.2560103308 -0.2904098755 -2.598603636e-20)
(0.2435651989 -0.268871777 -5.149376758e-20)
(0.3338037782 -0.3532244185 4.799159139e-20)
(0.3185455986 -0.3225748004 -4.016231424e-21)
(0.416486938 -0.4171420005 2.798842346e-20)
(0.4147718969 -0.3965913477 6.323884249e-20)
(0.4799328285 -0.4558727666 -3.144927493e-20)
(0.4935994022 -0.4489319656 4.781660405e-20)
(0.5210551757 -0.4680613233 -2.068735586e-20)
(0.5455262403 -0.4714754213 -5.548725357e-20)
(0.5453442073 -0.4618210268 2.63099302e-21)
(0.5753780318 -0.471021475 -6.212625723e-20)
(0.5595578888 -0.4460643448 5.235100821e-21)
(0.5910943382 -0.4573198485 5.208786453e-21)
(0.5692583076 -0.4278572231 8.386248983e-22)
(0.5993873439 -0.4383403054 0)
(0.6068057176 -0.4168570783 1.391628917e-21)
(0.5705880942 -0.4022608658 7.962628644e-21)
(0.2752137252 -0.2886762451 -1.102450079e-20)
(0.3073715835 -0.2998728939 -2.98977063e-20)
(0.3989287098 -0.3662188816 1.089301462e-20)
(0.4909764797 -0.429223745 8.306072656e-20)
(0.558472304 -0.4655688309 2.376751492e-20)
(0.5995974085 -0.4753609736 -9.689045782e-20)
(0.6215127725 -0.4671520056 -5.991879007e-20)
(0.6321479499 -0.449691766 0)
(0.637463862 -0.4296504241 0)
(0.6338049604 -0.4042468913 4.858000241e-21)
(0.3439893493 -0.07015497811 -9.000649503e-21)
(0.304851658 -0.09489012599 -6.185723691e-22)
(0.3001692415 -0.05805374471 -2.478717626e-23)
(0.4101546873 -0.05551314268 -9.051917083e-21)
(0.3899406422 -0.07384659932 -5.701355129e-21)
(0.3855180677 -0.05378260793 -7.71067862e-21)
(0.4453412892 -0.04210379644 1.282938756e-22)
(0.4340985774 -0.05249143735 -4.990493508e-22)
(0.4308161892 -0.04188512617 -9.247151109e-22)
(0.4655764476 -0.03296752631 3.67160079e-22)
(0.459311216 -0.04005239782 1.927563281e-23)
(0.4568479933 -0.03401189658 1.087909854e-21)
(0.4775070184 -0.02553124021 -5.836116638e-22)
(0.4740143775 -0.03068017138 -1.651897563e-21)
(0.4719381715 -0.0271469383 3.166241995e-22)
(0.4846993553 -0.01933535989 -5.375978508e-22)
(0.4827775788 -0.02320947093 -2.722149379e-22)
(0.4810335224 -0.02109661203 -2.409582485e-22)
(0.4891196074 -0.01413269424 -2.809107805e-22)
(0.4881079137 -0.01716062846 -5.495804701e-22)
(0.4866459962 -0.01587357277 -5.644731542e-23)
(0.4918308973 -0.009772697467 2.048813247e-22)
(0.4913973789 -0.01213644887 4.368644968e-23)
(0.4901586227 -0.01135483154 -8.931450908e-23)
(0.4934519966 -0.005486347095 2.327590726e-22)
(0.4933404538 -0.008028364474 2.22982347e-22)
(0.4922576361 -0.007565921379 3.140115776e-22)
(0.494562978 -0.003265179199 -3.810185488e-23)
(0.493609105 -0.003088377521 5.770739721e-23)
(0.3520135648 -0.09821895698 2.634791758e-21)
(0.315329875 -0.1309599541 -2.938020044e-21)
(0.414841526 -0.0707514703 2.831522504e-21)
(0.3969983033 -0.09347391163 1.620889032e-22)
(0.4486783684 -0.05041578439 -6.394708247e-22)
(0.438789301 -0.06307282288 1.253354253e-21)
(0.4681615897 -0.03773802515 -2.037866411e-21)
(0.462478699 -0.04607019224 -7.513486679e-22)
(0.4795781741 -0.02834008078 -1.341396493e-21)
(0.4764855277 -0.03418898381 -1.364032787e-21)
(0.4863918303 -0.02102066521 -2.849463716e-22)
(0.4847542195 -0.02529422118 4.507979385e-23)
(0.4905251062 -0.01515279932 -2.23995118e-22)
(0.4897127364 -0.01841748773 -2.839772954e-22)
(0.4930272149 -0.01038233181 6.108314981e-23)
(0.4927295046 -0.01289033285 5.985967232e-23)
(0.4945009246 -0.00579809596 -4.832792064e-23)
(0.4944897401 -0.008468168472 -1.203297593e-22)
(0.4955666152 -0.003431338836 -4.952796468e-23)
(0.3638874996 -0.1253213569 -5.364043663e-21)
(0.3316491763 -0.1654989854 -1.471010927e-21)
(0.4214800326 -0.08571133752 -1.392403556e-21)
(0.4066167976 -0.1124740201 3.141607889e-21)
(0.4530403303 -0.05867675477 1.098885676e-21)
(0.4448497642 -0.07353517164 1.15380919e-21)
(0.4713020376 -0.04245675681 -4.225234529e-23)
(0.4663585195 -0.05200670746 -8.902334432e-23)
(0.481961706 -0.03110829049 6.024000214e-23)
(0.4793492184 -0.03763748622 1.418701178e-21)
(0.4882690591 -0.02266924926 4.477926278e-23)
(0.4869603504 -0.02732945456 -2.395250325e-22)
(0.4920458352 -0.01613965618 0)
(0.4914567721 -0.01963078639 0)
(0.4943004069 -0.01096476285 -1.183506132e-22)
(0.4941502373 -0.01360810683 3.535783252e-22)
(0.4956054408 -0.006092253042 -1.205605086e-22)
(0.4957002169 -0.008880200616 -1.214621206e-22)
(0.4966152421 -0.003584795164 4.65854974e-23)
(0.3797078771 -0.1510148442 6.945914243e-21)
(0.353786747 -0.1978271187 -6.120018235e-21)
(0.4300581205 -0.1002259992 5.634522059e-21)
(0.4186968906 -0.1305971277 1.170016101e-20)
(0.4584056672 -0.06681474488 -2.749568945e-23)
(0.4522340838 -0.08377345786 4.870354543e-23)
(0.4749912746 -0.04707996058 1.437838533e-21)
(0.4709562796 -0.05781116107 0)
(0.4846540096 -0.03380794118 1.151547765e-21)
(0.4826010976 -0.04099172171 1.919267385e-21)
(0.4903269881 -0.0242640522 -2.826369593e-22)
(0.4893905522 -0.02929415835 3.366758296e-22)
(0.4936769107 -0.01708252783 3.534537265e-22)
(0.4933346357 -0.02078718197 1.804497485e-23)
(0.4956448613 -0.01151300571 3.526895576e-22)
(0.4956536477 -0.01428121639 3.479796362e-22)
(0.4967601466 -0.006365072038 4.666641283e-23)
(0.4969655542 -0.009259257247 -7.685882161e-23)
(0.4977034371 -0.003723359821 4.998183985e-23)
(0.3994187294 -0.17491112 -1.261467559e-21)
(0.3815420795 -0.2273297192 -4.242957298e-21)
(0.4405692228 -0.1141079211 6.100331288e-21)
(0.4331144176 -0.1475832871 -3.918226665e-21)
(0.4647730759 -0.07475018345 9.832255103e-23)
(0.4608788805 -0.09367452397 4.945332099e-24)
(0.4792210013 -0.0515682685 4.882959535e-22)
(0.476269219 -0.06343369282 1.907149495e-21)
(0.487648837 -0.03641257545 1.103556563e-21)
(0.4862344465 -0.04421985028 -3.612266253e-22)
(0.4925595102 -0.02578829696 6.330980479e-22)
(0.4920370799 -0.03116799314 9.475950583e-22)
(0.4954119551 -0.01797058839 1.356091968e-23)
(0.495339283 -0.02187356878 6.953772925e-22)
(0.4970538925 -0.01201941379 -8.127408103e-23)
(0.4972328358 -0.014901104 -6.408690259e-22)
(0.4979585166 -0.006611998374 -7.343723617e-23)
(0.4982785654 -0.009600061591 -7.55634101e-23)
(0.4988250932 -0.003844843207 -8.761309323e-23)
(0.4227913921 -0.196649161 -1.133121629e-20)
(0.4144585379 -0.2534502667 7.742408459e-21)
(0.4529467359 -0.1271745659 -9.728900577e-21)
(0.449605242 -0.1631953497 -6.136296816e-21)
(0.4721413962 -0.08240847338 1.8228206e-21)
(0.4706535618 -0.1031321785 -3.4603772e-22)
(0.4839773512 -0.05589037498 8.464416963e-22)
(0.4822697573 -0.06882336594 1.812610032e-21)
(0.4909363397 -0.0388993518 -5.062404111e-22)
(0.4902345117 -0.04729329246 -2.079854609e-21)
(0.4949584645 -0.02722625029 1.028027782e-21)
(0.4948880201 -0.03293194696 3.624945082e-22)
(0.4972432821 -0.01879311718 5.047164533e-23)
(0.4974613896 -0.02287737775 3.902118133e-22)
(0.4985204276 -0.01247716412 -6.298240426e-22)
(0.4988794881 -0.01545949894 -6.273504844e-22)
(0.4991927606 -0.006829616727 -8.984427372e-23)
(0.4996311904 -0.009897069599 8.757766919e-23)
(0.4999734903 -0.003947216025 -9.028864825e-23)
(0.4493454241 -0.2157661854 8.207096291e-21)
(0.4519532009 -0.2756986118 -1.647887213e-21)
(0.4669280399 -0.1391524245 3.126702224e-21)
(0.4676789738 -0.1772280279 6.716628521e-21)
(0.4804040229 -0.08968193835 -3.345517448e-22)
(0.4812368632 -0.1120597664 -2.751556812e-22)
(0.4892206626 -0.0600109354 -1.504025079e-21)
(0.4888348026 -0.07394507185 2.04073836e-22)
(0.4944965979 -0.04124597467 -1.206184941e-21)
(0.4945497834 -0.05019043647 -1.695021155e-22)
(0.4975111812 -0.02856239525 -2.84038225e-22)
(0.4979161415 -0.03456981641 -3.44350693e-24)
(0.4991610467 -0.01953948373 -2.826335786e-22)
(0.4996851431 -0.02378722568 -1.220516564e-21)
(0.5000352321 -0.01287989448 9.203351029e-23)
(0.5005824445 -0.01594843891 2.549279368e-22)
(0.5004553234 -0.007015027821 9.002570109e-23)
(0.5010141494 -0.01014516949 8.195061453e-23)
(0.5011414021 -0.004028444919 -4.104916501e-23)
(0.478503503 -0.2315669588 2.2805047e-21)
(0.4937983145 -0.2936999722 8.846274247e-21)
(0.4820006784 -0.1495457089 3.309386429e-21)
(0.4870758144 -0.189464831 -5.665796531e-21)
(0.4892608733 -0.0962924576 2.594498322e-22)
(0.4922087489 -0.1203863462 2.678457143e-21)
(0.4948172433 -0.06381574541 1.30136222e-21)
(0.4957002775 -0.07878773209 4.851908985e-23)
(0.4982693542 -0.04340002358 9.14727919e-22)
(0.4990510367 -0.05290389033 9.963388822e-22)
(0.5001882677 -0.02977032018 -9.385969768e-22)
(0.5010577344 -0.03607215098 -1.018201685e-21)
(0.5011486723 -0.02019577388 -6.904828177e-22)
(0.5019791576 -0.02459482467 -6.057893164e-22)
(0.5015866091 -0.01321931594 2.470880114e-22)
(0.5023249946 -0.01636128435 2.460265526e-22)
(0.5017377135 -0.007163858964 -4.853699549e-23)
(0.502416341 -0.01034006499 2.313218321e-24)
(0.5023212815 -0.004086625125 2.205765706e-23)
(0.5103495438 -0.2443851543 5.896582062e-21)
(0.5394572956 -0.3071998509 3.489553291e-20)
(0.4979525764 -0.1587792416 -6.090616414e-21)
(0.5083195679 -0.1996319373 -1.512486715e-20)
(0.4984230496 -0.1024104021 2.455941722e-21)
(0.5037402286 -0.1280535369 1.676191152e-21)
(0.5005354201 -0.06737673645 -4.036228831e-23)
(0.5027964903 -0.08336353218 -2.453500352e-21)
(0.5021267739 -0.0453861389 -9.104032087e-22)
(0.5036612905 -0.05545645581 -1.264575718e-21)
(0.50292689 -0.03085481948 -6.555600765e-22)
(0.5042634797 -0.03744766699 -1.521092107e-21)
(0.5031760377 -0.0207609145 3.225021572e-22)
(0.5043165741 -0.02530090901 1.426901047e-22)
(0.5031586035 -0.01349220025 4.752873413e-24)
(0.5040932568 -0.01669543827 -2.430337121e-24)
(0.5030297548 -0.007273463031 6.889360585e-23)
(0.5038287854 -0.01047906546 -1.075722403e-22)
(0.5035075934 -0.004120446184 1.294357194e-22)
(0.5448825981 -0.260210575 1.91689167e-20)
(0.5852844695 -0.3152522688 3.37409099e-20)
(0.516017819 -0.1695292527 -9.502018855e-21)
(0.5350360389 -0.2083513643 -6.49450908e-21)
(0.5089978552 -0.1096348048 -3.112902564e-21)
(0.5191938539 -0.1351737472 -4.082949546e-21)
(0.5069092344 -0.07160555159 -3.432989446e-21)
(0.5120483748 -0.08766800327 -2.54845846e-21)
(0.5063340988 -0.04766567675 -1.762974026e-21)
(0.5093415758 -0.05787023264 -1.265366433e-21)
(0.5058575896 -0.03203034617 -7.237031783e-22)
(0.5079717631 -0.03870205173 -9.447022727e-22)
(0.505296014 -0.02133192267 -1.773632682e-22)
(0.5068799107 -0.02589941971 -3.962429567e-22)
(0.5047656692 -0.01374165124 -1.114077436e-22)
(0.5059551539 -0.01694358088 1.082879891e-22)
(0.5043287262 -0.007358031233 -4.808939086e-23)
(0.5052737127 -0.01055695446 -1.783398047e-22)
(0.5047036112 -0.004128682562 4.988631909e-23)
(0.5988296779 -0.253297022 1.322973496e-20)
(0.6463801819 -0.2783378279 8.262885179e-21)
(0.6968586786 -0.3587971702 -6.630451447e-21)
(0.5516434481 -0.1702373415 -1.385639472e-21)
(0.5735648309 -0.1905826094 5.2805776e-21)
(0.5284821075 -0.1113386473 -3.702903282e-21)
(0.5438612709 -0.1264519614 -7.201633518e-22)
(0.5182142259 -0.07300670864 7.207030276e-22)
(0.5276487199 -0.08380146271 -9.654926591e-23)
(0.5131648245 -0.04845176026 9.415217175e-24)
(0.5191368793 -0.05596879708 2.167933847e-21)
(0.5102225092 -0.03234146413 -5.829806562e-22)
(0.5142895245 -0.03759407427 8.032886197e-22)
(0.5082629248 -0.02138319513 -9.202424225e-23)
(0.5111175093 -0.02516150578 4.663023595e-22)
(0.506911298 -0.01368359681 9.090224848e-23)
(0.5089306367 -0.01643460347 6.602918214e-23)
(0.5060115743 -0.00728968203 -8.741999437e-23)
(0.50751397 -0.01021814864 1.76272668e-22)
(0.5065032701 -0.003985517545 -1.689805401e-23)
(0.6268920957 -0.2177028488 3.137278155e-22)
(0.6764529499 -0.2386516062 -9.762218126e-21)
(0.7322817634 -0.2987674399 1.235954865e-21)
(0.5696662133 -0.149173178 5.94605372e-21)
(0.594863072 -0.1690332573 2.084828768e-21)
(0.5423372174 -0.1006149264 2.886190665e-21)
(0.5600572378 -0.1161607762 3.723636566e-21)
(0.5282391662 -0.06768993757 1.350681553e-21)
(0.5393711667 -0.07849260847 -4.57892973e-22)
(0.5201192483 -0.04559544495 2.961807249e-21)
(0.5272385444 -0.05291110773 1.685338852e-21)
(0.5150082652 -0.03066117992 1.852571635e-21)
(0.5198348972 -0.03566944911 1.153232723e-21)
(0.5116249767 -0.02033530026 6.243557839e-22)
(0.5149712368 -0.02388747254 7.578343413e-22)
(0.509378112 -0.01302643355 1.513996016e-22)
(0.5116953188 -0.01558850945 -7.498312853e-23)
(0.5079488278 -0.006938696013 2.467946083e-22)
(0.5096239798 -0.009679928039 2.185241677e-22)
(0.5082007147 -0.003769513531 3.963171179e-23)
(0.6483961819 -0.1884086642 -7.991117174e-21)
(0.6966794444 -0.2005275093 -7.473975859e-21)
(0.7496375128 -0.2412600328 5.971940656e-21)
(0.5897124883 -0.1346159379 -1.375883866e-22)
(0.6153722603 -0.1469349423 -1.261115624e-21)
(0.5569698683 -0.09303624846 3.795529284e-22)
(0.5756870019 -0.1038310013 -4.420377115e-22)
(0.5382136881 -0.06321534855 -1.232356744e-22)
(0.550587476 -0.07142965872 9.026146292e-38)
(0.526850771 -0.04275540256 -1.232356744e-22)
(0.5349384569 -0.04863221345 -7.537718002e-22)
(0.5196026155 -0.02878615391 5.849542889e-23)
(0.5250926388 -0.03294003632 -4.376602732e-22)
(0.5148429713 -0.01908475051 5.849542889e-23)
(0.5186201613 -0.02209514984 -2.635266204e-22)
(0.5117344622 -0.01221277474 -7.85856247e-24)
(0.5143063538 -0.01441794896 6.746065386e-36)
(0.5097913173 -0.006498338163 1.136127114e-23)
(0.5116098757 -0.008948204692 -1.152232975e-22)
(0.5097880481 -0.003481436236 -3.575023547e-24)
(0.6644257569 -0.1587420545 -7.439743085e-22)
(0.7107458421 -0.1648644643 -4.581343707e-21)
(0.7591315841 -0.1959957531 8.561448038e-22)
(0.6054047096 -0.1163576218 -1.565564948e-21)
(0.6311927812 -0.1247095912 -5.120820344e-22)
(0.5691507789 -0.08227680395 -8.215906399e-22)
(0.5884447477 -0.09017898433 -8.215906399e-22)
(0.5469466741 -0.05681145455 -6.305361258e-22)
(0.5601714246 -0.06306833597 0)
(0.5329287062 -0.03876906689 -1.068196399e-21)
(0.5417341098 -0.04335351586 -6.305361258e-22)
(0.5238195194 -0.0262110201 -7.596823225e-22)
(0.5298216968 -0.02950982145 -4.376602732e-22)
(0.51781875 -0.0174021752 -3.220220493e-22)
(0.5219346947 -0.0198354609 -3.024284121e-22)
(0.5139182772 -0.01113725628 -1.07364735e-22)
(0.5166876303 -0.01294916146 1.081963141e-35)
(0.5114959448 -0.005924136012 -1.301595922e-22)
(0.5134222569 -0.008036035376 -1.179502374e-22)
(0.5112328321 -0.003125187249 -2.279485716e-23)
(0.6758817446 -0.1305949782 -4.349451433e-21)
(0.7195086214 -0.1320736687 -6.334681317e-21)
(0.7629601034 -0.1546653594 5.377286039e-21)
(0.6176057069 -0.09828238678 2.318922741e-22)
(0.64316099 -0.1027647858 2.318922741e-22)
(0.5792439412 -0.07078810853 0)
(0.5987253189 -0.07573322723 0)
(0.5544517179 -0.04950191437 0)
(0.5681818637 -0.05373241441 0)
(0.5382683527 -0.03403141162 0)
(0.5475616288 -0.03725940216 0)
(0.5275729461 -0.02309597186 1.959363723e-23)
(0.5339400615 -0.02548228928 0)
(0.5204856311 -0.0153585514 1.959363723e-23)
(0.5248462259 -0.01716661527 -2.158870162e-23)
(0.5158805901 -0.009833692549 -1.058550238e-23)
(0.518787791 -0.01121505714 1.344632481e-22)
(0.5130267252 -0.005230766937 -1.058550238e-23)
(0.5150225801 -0.006961365339 -2.227869858e-23)
(0.5125066551 -0.002706883256 -4.848399242e-24)
(0.683918325 -0.1040966499 -1.753337609e-21)
(0.724771591 -0.1020400187 -1.753337609e-21)
(0.7636748816 -0.1189693146 -5.325831488e-21)
(0.6269014754 -0.08006651626 0)
(0.652014599 -0.08129414842 -6.063856387e-23)
(0.5873540835 -0.05855916837 0)
(0.6067635278 -0.06084100296 -2.056071041e-22)
(0.5606809953 -0.04140731417 0)
(0.5746368341 -0.0436882221 0)
(0.5427908141 -0.02865809157 0)
(0.5523645384 -0.03052255865 -2.108531742e-22)
(0.5307913173 -0.01952010172 -4.118233886e-23)
(0.5373816902 -0.02096368039 -1.576102808e-22)
(0.5227878785 -0.01300249992 9.328090925e-23)
(0.527298794 -0.01415278805 -1.933873591e-22)
(0.5175796392 -0.008330425954 1.227700519e-22)
(0.5205638889 -0.009253808543 6.498040425e-23)
(0.5143522677 -0.00443199539 -1.654159544e-23)
(0.5163779105 -0.005746045243 5.231708092e-23)
(0.5135846847 -0.002234400305 -4.901815266e-23)
(0.6893781702 -0.07916918648 -6.063856387e-23)
(0.7277941249 -0.0743690814 4.951331761e-22)
(0.7628603705 -0.08796349883 6.872925907e-22)
(0.633784151 -0.06197846785 -2.66245668e-22)
(0.6583251544 -0.06035930139 3.203239048e-22)
(0.5936333742 -0.04590104685 -2.056071041e-22)
(0.6127725204 -0.04572156416 -4.395200332e-22)
(0.5656350141 -0.03275666818 -2.108531742e-22)
(0.5795853391 -0.0331449767 -1.702927875e-37)
(0.5464486925 -0.02280064801 -3.684634549e-22)
(0.5561164263 -0.02329763207 -1.079712098e-22)
(0.5334219087 -0.01558043992 -3.09815301e-22)
(0.5401017633 -0.01605822958 -1.576102808e-22)
(0.5246810105 -0.01039484886 -2.216878641e-22)
(0.5292505403 -0.01086125835 -1.980931898e-22)
(0.5189807373 -0.006664469924 -5.472566738e-24)
(0.5219823147 -0.007107276408 -1.682384544e-22)
(0.51544592 -0.003546882143 1.98405237e-23)
(0.5174619043 -0.00441495136 5.172702897e-23)
(0.5144468568 -0.001717010365 -1.119378227e-23)
(0.6929315981 -0.05526456015 8.760956448e-22)
(0.7294478756 -0.04852028745 -2.029925325e-21)
(0.7615749631 -0.0602245668 4.535114047e-21)
(0.6386248296 -0.04382556077 1.470495396e-22)
(0.6625157722 -0.0399091899 3.735496991e-22)
(0.5982141145 -0.03275830011 -2.339129291e-22)
(0.6169140193 -0.03050424129 -1.476836449e-22)
(0.5693292223 -0.02353710106 1.028819644e-22)
(0.5830632494 -0.02226789298 -1.702927875e-37)
(0.5492151127 -0.01645361823 1.028819644e-22)
(0.5587914176 -0.0157233316 1.97552966e-22)
(0.5354290749 -0.01127109646 -4.588816954e-23)
(0.5420586086 -0.01086686911 7.235268109e-23)
(0.5261329751 -0.007529164435 -1.446437801e-22)
(0.5306622575 -0.007360658278 -4.283859928e-23)
(0.5200579761 -0.004829836786 -1.110388587e-22)
(0.5230112622 -0.004819635119 -6.601909105e-23)
(0.516287294 -0.002570925488 2.0692723e-23)
(0.5182492718 -0.002995038665 -6.252423346e-23)
(0.5150715729 -0.001165193262 4.814716015e-24)
(0.6950601818 -0.03348930029 -2.53247127e-21)
(0.73012662 -0.02388717683 -2.525058501e-21)
(0.7604752107 -0.03575393905 7.863370492e-21)
(0.641687776 -0.02685103117 7.881651464e-23)
(0.6650068003 -0.01981092815 -7.412769573e-24)
(0.601174456 -0.02021940222 8.622928421e-23)
(0.6194878325 -0.01524828086 8.622928421e-23)
(0.5717528173 -0.01460335862 9.46710016e-23)
(0.5852664714 -0.0111886885 0)
(0.5510478789 -0.01024195313 1.670236827e-22)
(0.5605058466 -0.007926544727 9.46710016e-23)
(0.5367671501 -0.007029189503 7.540225135e-23)
(0.5433215882 -0.005489224613 7.235268109e-23)
(0.5271046469 -0.004699882724 3.578608979e-23)
(0.5315770904 -0.003722082918 -4.496103518e-23)
(0.520780655 -0.003015884266 -1.750446579e-23)
(0.5236791663 -0.002438231452 3.273651953e-23)
(0.5168508851 -0.001605321809 -7.840224045e-23)
(0.5187621489 -0.001515218809 -6.425999688e-23)
(0.5154728942 -0.0005892355908 -6.309789069e-23)
(0.6960134818 -0.009900466386 0)
(0.7594476289 -0.01058753792 -1.913929738e-22)
(0.6434041115 -0.008015877414 0)
(0.6029111851 -0.006093355811 0)
(0.5731988035 -0.004431029495 0)
(0.5521492836 -0.003121355021 0)
(0.5375722457 -0.002147543633 -4.801060544e-23)
(0.527687982 -0.001437689659 -4.801060544e-23)
(0.5212130799 -0.0009229480332 -1.401901156e-23)
(0.5171893054 -0.0004912882536 -4.895564712e-23)
(1.027755189 -0.02784728047 3.391396505e-20)
(1.002100881 -0.003587458475 5.028317994e-20)
(1.02979014 0.02315322152 3.521543364e-20)
(1.017587609 -0.07909982995 -5.079257068e-20)
(0.9978421894 -0.04842267821 -1.695555577e-20)
(0.9995584413 -0.1301061716 -6.81198136e-20)
(0.9867890785 -0.09334191767 -4.427048434e-20)
(0.973777575 -0.1794007853 8.433491196e-22)
(0.9690051418 -0.137333478 -2.866384548e-20)
(0.9405679435 -0.2255041155 4.331870438e-20)
(0.94455483 -0.1791823935 2.538571256e-20)
(0.9006627337 -0.2665336229 -3.338487634e-21)
(0.9133995343 -0.2181582402 2.156530914e-20)
(0.8541403768 -0.3026875391 -2.80669932e-20)
(0.8771064365 -0.2515719153 -1.581487544e-20)
(0.80432073 -0.3301090843 -5.334977047e-21)
(0.8340752601 -0.2842696355 -4.315002133e-21)
(0.7471345699 -0.3556897856 -9.583337223e-22)
(0.7917932152 -0.3013035332 1.016848321e-22)
(0.7353413602 -0.3365179995 -1.660276077e-21)
(0.9729194291 -0.02958634284 -5.65325836e-22)
(0.9606111758 -0.001988077481 -1.169193444e-21)
(0.972811737 0.01019940644 -2.950762085e-21)
(0.9676863465 -0.06929347973 -1.057671526e-20)
(0.9575489276 -0.03817673806 5.281966329e-21)
(0.9565792521 -0.1079975311 -4.790255119e-21)
(0.9492245636 -0.07406369897 4.911294025e-21)
(0.9393893526 -0.145024429 -3.761436089e-21)
(0.9354859397 -0.1089761673 -1.184213835e-20)
(0.9161966096 -0.1799640464 -7.065000784e-22)
(0.9168523622 -0.1421404219 1.473747861e-21)
(0.8877941036 -0.2113247233 4.323892949e-21)
(0.8926133057 -0.1736338315 9.70933958e-21)
(0.8541724651 -0.2410864552 8.157424068e-21)
(0.8656341379 -0.2002431291 -1.074374644e-21)
(0.8175193609 -0.2627900464 1.312760419e-21)
(0.8319349575 -0.2294522515 1.067680535e-20)
(0.7761581276 -0.2885872385 -3.996046623e-21)
(0.8013399585 -0.2412301337 -1.551847866e-21)
(0.7584246185 -0.2768972064 6.282366595e-21)
(0.9479262691 -0.008910697071 4.850685954e-21)
(0.9370208983 -0.0003396807016 -1.556233074e-20)
(0.9487575697 0.02314621377 -1.915493854e-20)
(0.9418533538 -0.04142758254 2.07392111e-20)
(0.9347059395 -0.02935504349 1.322277863e-20)
(0.9307675493 -0.07370453459 -2.047620272e-21)
(0.92732206 -0.05814211282 4.336250063e-21)
(0.9151348226 -0.104920962 -6.624126034e-21)
(0.9149654858 -0.08623300496 -1.509848312e-20)
(0.8952808621 -0.1347091511 1.198058831e-20)
(0.8986841708 -0.1127756975 6.303604407e-21)
(0.8717464076 -0.1614083206 3.764236477e-21)
(0.8777255832 -0.1382539078 1.543596932e-21)
(0.8449549537 -0.1874412306 8.03075742e-22)
(0.855243414 -0.159246966 2.156000117e-21)
(0.8152766043 -0.2066007227 7.633207156e-21)
(0.8272543481 -0.1838722072 5.22726968e-21)
(0.7847684356 -0.2292286894 9.085691234e-21)
(0.8018742105 -0.1930303071 3.242955014e-21)
(0.76943803 -0.2233009956 5.726044898e-21)
(0.9241250739 -0.01946259128 -7.168609048e-21)
(0.9126270453 -0.0008757937118 -6.749504333e-21)
(0.9227974064 0.005719961313 -6.177195232e-21)
(0.920424937 -0.04443626414 -3.165931247e-21)
(0.9112129871 -0.02315484805 4.422277366e-21)
(0.9118954218 -0.06879034713 -8.791930093e-21)
(0.9054881908 -0.04541222442 -8.716824358e-21)
(0.8988253266 -0.09202553676 -2.048593242e-21)
(0.8954709983 -0.06723072003 8.521917188e-21)
(0.8817835471 -0.1141626674 -4.157814194e-21)
(0.882022678 -0.08796507107 2.043670456e-21)
(0.8613261995 -0.1339272542 -7.651087445e-22)
(0.8645664327 -0.1082284806 -1.228294971e-20)
(0.8385954898 -0.1535943746 5.978926948e-21)
(0.8455788513 -0.1249506158 6.12372798e-21)
(0.8130753231 -0.1682069152 8.01716443e-22)
(0.8224521636 -0.1450695378 -3.058065167e-21)
(0.7878865935 -0.1856787983 -8.566691739e-23)
(0.8003448175 -0.1529266681 4.920143526e-21)
(0.7745864639 -0.177377174 4.792813626e-21)
(0.8999528917 -0.006245972968 4.833645004e-21)
(0.8922853362 -0.000151697613 -2.307869651e-21)
(0.9001384846 0.01317042288 1.028390884e-20)
(0.8961680155 -0.02615222699 -1.157269926e-21)
(0.8906822749 -0.01744108806 -7.661747122e-22)
(0.888795984 -0.04608837188 8.334826634e-21)
(0.8855239928 -0.03461967821 -1.082855153e-21)
(0.8780555789 -0.06550620934 1.229967862e-20)
(0.8768521133 -0.05151249764 1.571713189e-20)
(0.8642976786 -0.08428802622 -6.152154518e-21)
(0.8652890382 -0.06757478348 2.91545316e-21)
(0.8476298312 -0.1012754176 -5.809180691e-21)
(0.8506066414 -0.08329229219 -9.07469106e-21)
(0.8290813929 -0.1180390938 -3.480504164e-21)
(0.8343851957 -0.09637796455 1.235681113e-21)
(0.8078607317 -0.1308291423 1.376473815e-21)
(0.8152979709 -0.112088455 -1.797793658e-21)
(0.786891533 -0.1454509316 1.006765644e-20)
(0.7960696758 -0.1188346146 1.074909432e-20)
(0.7750587932 -0.1377297301 1.314882103e-21)
(0.8832700869 -0.01009184288 -7.993825566e-21)
(0.8767227374 -0.0004870374162 -7.058847809e-21)
(0.8825774169 0.004568493815 -8.119690772e-21)
(0.8802972091 -0.02451723995 -9.727858144e-22)
(0.8754897589 -0.01314194112 -6.642609257e-21)
(0.8738517351 -0.03864585614 6.152593507e-21)
(0.8710211991 -0.02581382629 -2.109440098e-22)
(0.864188937 -0.05232919296 6.297846431e-21)
(0.8633951544 -0.03833797466 -7.545117083e-22)
(0.851809592 -0.06568215478 -4.876326193e-23)
(0.853050602 -0.05036421542 8.491391566e-22)
(0.8370147275 -0.07800316254 -1.982900155e-21)
(0.8400846703 -0.06223939947 -2.491309e-21)
(0.8207664544 -0.09041400048 2.880763821e-21)
(0.8254886884 -0.07230889066 2.77208943e-21)
(0.802387435 -0.1002446871 7.73558712e-21)
(0.808916471 -0.08413362457 1.971574248e-21)
(0.7841869138 -0.1114636653 2.119525855e-21)
(0.7916537604 -0.08972912241 3.167900302e-21)
(0.7736152834 -0.1036962571 -2.455845699e-21)
(0.8692014765 -0.004553893969 -5.783812159e-21)
(0.8651661712 -0.0001332391274 -3.862858762e-22)
(0.8693246946 0.006190577963 -8.823414843e-22)
(0.8662685603 -0.01557173468 -5.939122468e-21)
(0.8637492765 -0.009263951569 -1.593936818e-21)
(0.8605231659 -0.0265917307 -7.098382218e-21)
(0.8595338291 -0.0183152119 -1.441238211e-21)
(0.8520670512 -0.03728903505 -6.198390753e-21)
(0.8526315697 -0.02721087907 -6.22862553e-21)
(0.8412067695 -0.04759264229 -1.529303122e-21)
(0.8432889289 -0.03577724997 -2.370194117e-21)
(0.828140262 -0.05701008267 2.245861972e-21)
(0.8316971751 -0.04425056361 1.795394286e-21)
(0.8136401656 -0.06632780479 1.763960349e-21)
(0.8183845818 -0.05155827982 2.270215982e-21)
(0.7973241703 -0.07381778095 -2.610417961e-21)
(0.8035442277 -0.05996734371 -2.996409214e-21)
(0.7810048842 -0.08217306688 -1.448211769e-21)
(0.7877192211 -0.06431088048 -1.445252579e-21)
(0.7715085718 -0.07406124906 3.095970425e-21)
(0.8598972969 -0.004252533013 3.789347172e-21)
(0.8572343026 -0.0001583908694 8.816278676e-22)
(0.8597506243 0.003018613163 5.542838408e-21)
(0.8571672527 -0.01145952146 2.891355833e-21)
(0.8559596782 -0.005896914665 2.823141289e-21)
(0.8517377601 -0.01861043314 -5.756334144e-22)
(0.8520005207 -0.0116565016 2.326995368e-21)
(0.8438357951 -0.02563018465 -2.404231524e-21)
(0.8455208951 -0.01736259392 -6.820454679e-22)
(0.8337582658 -0.0325072084 9.659703031e-22)
(0.8367408539 -0.02287917287 -1.318866465e-21)
(0.8217092536 -0.03891127171 1.821654662e-21)
(0.8259583078 -0.02833458776 2.237153319e-21)
(0.8082982065 -0.04527253642 -2.512345495e-21)
(0.8134535906 -0.0331048258 2.300242198e-22)
(0.793324186 -0.05048184419 -1.846531908e-21)
(0.7996879335 -0.03849688992 -3.383611358e-21)
(0.7781718953 -0.05618945615 3.114347651e-21)
(0.7848218435 -0.04145982981 2.355834316e-21)
(0.7696709028 -0.04766549033 8.14019145e-21)
(0.8535048505 -0.002215865792 -7.693268303e-23)
(0.8523026877 -1.031779132e-05 4.359189115e-22)
(0.8535852961 0.002040960289 -7.78986068e-22)
(0.8509023949 -0.00652199834 2.257963979e-21)
(0.8510376516 -0.002841335624 1.278898223e-21)
(0.8458153246 -0.0107962684 2.220566021e-21)
(0.8472639883 -0.00564916735 2.056784091e-21)
(0.8383899083 -0.01496677204 4.017697924e-22)
(0.8411132868 -0.008425956622 1.015052697e-21)
(0.8288850348 -0.01904112278 -2.705630664e-23)
(0.8327306537 -0.01111808307 -3.645916784e-22)
(0.8175177283 -0.02285684607 7.183923511e-22)
(0.8224579536 -0.01378445806 8.6753746e-22)
(0.8047991414 -0.02664742043 -6.294913854e-22)
(0.8104367032 -0.01614631817 4.034734498e-23)
(0.7906561236 -0.02981632515 7.44922087e-22)
(0.7972625456 -0.0187862719 -1.246884969e-21)
(0.7762305781 -0.03325137032 7.377412484e-21)
(0.782902192 -0.02032904354 2.030121409e-21)
(0.7682220274 -0.02330199876 5.397334236e-21)
(0.850004368 -0.0003307934193 1.795250221e-21)
(0.8500014751 0.0009521604801 -2.456844774e-21)
(0.847499892 -0.001609057248 1.08977286e-21)
(0.8425864906 -0.002891796677 8.75310296e-22)
(0.8354182677 -0.004165202519 2.709301798e-22)
(0.8262301974 -0.005423531152 5.433935652e-22)
(0.8152313696 -0.006611884453 2.407541664e-22)
(0.802855379 -0.007788806997 -5.373142875e-22)
(0.7890883018 -0.008781802919 2.226676179e-23)
(0.7748904169 -0.009840337027 -1.530134651e-23)
(0.6837819138 0.3855234501 5.547301311e-22)
(0.7231551428 0.3722187964 9.629473777e-22)
(0.6386055513 0.3798836847 2.25103754e-20)
(0.6920758077 0.3648306513 5.948585037e-21)
(0.677725359 0.4094069899 -9.155351599e-21)
(0.7209164968 0.3945193553 -7.507629652e-22)
(0.6350736972 0.40309454 -1.20111026e-20)
(0.6732233538 0.4350658588 -9.377996051e-21)
(0.7165836258 0.4182310026 -3.31335874e-21)
(0.6320144957 0.4271976793 -4.857365094e-21)
(0.669267168 0.4616913942 1.533798649e-20)
(0.7133696929 0.4443417879 -2.524546147e-20)
(0.6300274533 0.4534052797 1.328243449e-20)
(0.6605286879 0.4847565914 1.585214676e-20)
(0.7088294051 0.4702005772 -2.234586728e-20)
(0.6259809119 0.4791534833 -1.948944624e-20)
(0.6375677598 0.4956081583 -3.105089226e-20)
(0.6953340174 0.4895170251 2.740146536e-20)
(0.6130700737 0.4981647585 -9.116852596e-22)
(0.5902981524 0.4840031481 -6.804020053e-21)
(0.6608147814 0.491446481 3.090943562e-20)
(0.5812475786 0.4998374111 -2.369934079e-20)
(0.5193318822 0.4479785522 1.926376696e-20)
(0.5955389059 0.4656747906 8.802961999e-21)
(0.5233179618 0.4746707392 1.673652256e-20)
(0.4487169865 0.4052613356 -1.783922886e-20)
(0.5102586948 0.4150406456 -4.693389301e-20)
(0.4514325447 0.4280434793 2.367663946e-20)
(0.4356276788 0.3765902836 -3.661259411e-20)
(0.3947523651 0.3993933841 -1.558693017e-20)
(0.7594325778 0.379761324 -5.253550503e-22)
(0.788807961 0.3627198229 5.496555083e-20)
(0.759741823 0.3585833601 -1.00274783e-20)
(0.7576494126 0.4027174456 5.106531442e-21)
(0.792517421 0.3850420114 4.280562491e-20)
(0.7550255112 0.4269475888 -1.933672742e-20)
(0.7922013827 0.4074612697 -3.123190434e-20)
(0.7517940459 0.4520624239 -6.286479406e-20)
(0.7915938455 0.4319066177 -1.909703927e-20)
(0.7430496443 0.4739026147 -1.107326953e-20)
(0.7886795703 0.456183595 -2.153602701e-20)
(0.718474345 0.4839217434 8.938195836e-20)
(0.7754948381 0.4741909879 3.178993003e-20)
(0.6660341029 0.4715280043 4.64293168e-20)
(0.7384730801 0.4751448999 -2.232992782e-20)
(0.5844517708 0.4333640526 -5.828077757e-20)
(0.6656799638 0.4484198671 -2.958271772e-20)
(0.4976594061 0.3843972733 -6.693081445e-20)
(0.5667040888 0.3946275504 -3.086240473e-20)
(0.4739274895 0.3489722522 -5.632370182e-21)
(0.822649325 0.3682195132 9.810248074e-20)
(0.8456219403 0.3469798203 1.144406022e-19)
(0.8169458497 0.34729703 9.179734165e-20)
(0.8261028822 0.3898774243 6.535441986e-21)
(0.8545450254 0.3682287492 1.104031317e-19)
(0.827829636 0.4124626105 -3.106918539e-20)
(0.8590414211 0.3891079362 -5.357912607e-20)
(0.8277869359 0.4356730056 2.208561603e-20)
(0.8625117683 0.4116496242 -8.651623206e-20)
(0.82072546 0.4555952307 2.128891461e-20)
(0.8625407492 0.4338469271 -3.404648863e-20)
(0.7953330353 0.4639511898 -8.023311128e-20)
(0.8503925119 0.4498274486 -1.133723539e-20)
(0.737913567 0.4502308444 -9.842412103e-20)
(0.8110106076 0.4491475268 -3.161550611e-20)
(0.6456934326 0.4102890967 -2.714119922e-21)
(0.7305248944 0.4215401036 3.494289473e-20)
(0.5429372659 0.3570206142 2.936376792e-20)
(0.6178685085 0.3657728531 3.604982014e-20)
(0.5080185785 0.316083994 1.834441064e-20)
(0.8789021823 0.3475664969 1.267214565e-19)
(0.897212196 0.3222958509 3.684220234e-20)
(0.8683973311 0.3277021298 7.007613219e-20)
(0.8869122255 0.3676812894 4.968949924e-20)
(0.9103079156 0.3417929101 7.521951472e-20)
(0.8930706139 0.3884874045 -1.08981816e-19)
(0.9189734286 0.3608893193 -4.880395761e-21)
(0.896760719 0.4096017507 -1.423702759e-19)
(0.9264345234 0.3813768175 -8.651623746e-20)
(0.8918912565 0.4272660263 -6.654643086e-20)
(0.9295371383 0.4012223979 -6.48611208e-20)
(0.8658379876 0.4335876322 3.716378306e-20)
(0.9183842097 0.4148126045 3.105302705e-20)
(0.8033066525 0.4185231568 1.016760774e-19)
(0.8763233838 0.412259106 1.044004293e-19)
(0.700396656 0.3777433967 7.371367133e-20)
(0.7877723124 0.3844546202 4.981799004e-20)
(0.582490738 0.3227426579 2.382630465e-20)
(0.6615741838 0.3284375564 -4.116833392e-21)
(0.5366739498 0.2782153436 7.515544102e-21)
(0.9302898098 0.3170312483 -1.380027796e-20)
(0.9445273362 0.2883195507 3.302178139e-20)
(0.9160560471 0.2987500338 -2.63801531e-20)
(0.9418830393 0.3352695156 2.04448099e-20)
(0.9607637208 0.305596132 5.460760172e-21)
(0.9517822854 0.3540277112 1.719731482e-20)
(0.9726853837 0.3225970388 -3.824278177e-20)
(0.9587830722 0.3727923182 -8.959067818e-21)
(0.9834508081 0.3407493867 8.002267874e-23)
(0.9557327558 0.3879533977 3.306361469e-20)
(0.9890550554 0.35795492 -8.850081712e-21)
(0.9285188051 0.3921524884 9.847487038e-20)
(0.9782559186 0.3689669191 4.375769935e-20)
(0.8603835681 0.3761643968 5.209202825e-20)
(0.9328120415 0.3645792428 7.731022441e-20)
(0.746778126 0.3360051589 -2.823284735e-20)
(0.8358159283 0.3376958413 -9.467110232e-21)
(0.6149235864 0.2822381466 -2.103089606e-20)
(0.6965767825 0.2838461479 -9.955018576e-21)
(0.5589261107 0.2362676858 -1.820083832e-21)
(0.9768528681 0.277268423 5.208355064e-20)
(0.9869451795 0.2460160636 -2.14881819e-20)
(0.9597617306 0.2610432762 6.930853088e-20)
(0.9910955353 0.2932506837 -5.348654336e-20)
(1.005436461 0.260670028 -1.267240299e-19)
(1.00385069 0.3095952316 -5.551803317e-20)
(1.019731666 0.2752054847 -6.122356772e-20)
(1.013341071 0.3256812296 0)
(1.03294512 0.2906451487 2.698145028e-20)
(1.011284406 0.3381305435 1.946996964e-21)
(1.040180239 0.3048972675 -1.950343446e-21)
(0.9820558009 0.3403185346 2.257499364e-20)
(1.028814215 0.3132927353 5.869714541e-20)
(0.9076490908 0.3241181574 1.449504574e-20)
(0.9790737846 0.3074055354 2.334532831e-20)
(0.7836360449 0.2862120807 8.676278285e-21)
(0.8732699859 0.2824715104 -2.791604782e-20)
(0.6396161882 0.2365367821 9.015830603e-21)
(0.7221629476 0.233616172 -3.627972817e-20)
(0.574600319 0.1916632854 -4.272444211e-20)
(1.017513951 0.2296905657 -2.009078663e-19)
(1.023148267 0.1968031525 -8.456655271e-20)
(0.9982128502 0.2159941489 -7.974683648e-20)
(1.033624063 0.2430112089 -1.341232211e-19)
(1.043149067 0.2084815637 -2.363682947e-19)
(1.048383745 0.2565349898 2.158502944e-20)
(1.059022628 0.220210062 -5.993724456e-20)
(1.059458096 0.2696059295 2.491218335e-20)
(1.073846521 0.2325588703 7.337900917e-20)
(1.057440175 0.2792180165 5.513686381e-20)
(1.081804085 0.2435827469 2.797926579e-20)
(1.025334895 0.279704184 5.926423121e-20)
(1.068942967 0.2493577152 9.638053907e-20)
(0.9439281924 0.2643682334 -1.986609653e-20)
(1.014283295 0.2430371378 4.612754058e-20)
(0.8099402748 0.230378234 -7.30887427e-20)
(0.8989938536 0.2208375469 -1.71896951e-20)
(0.6561808883 0.187156158 -8.806133973e-20)
(0.7377149565 0.1791008019 -1.236048837e-19)
(0.5837545281 0.1454945915 -3.779230487e-20)
(1.050898236 0.1757945794 -1.207949981e-19)
(1.05179057 0.1419932193 7.776825757e-21)
(1.029914276 0.165063962 -3.113398148e-22)
(1.068171344 0.1861175547 -1.610750426e-19)
(1.072725891 0.1504755699 -7.746084058e-20)
(1.084122377 0.1964758367 -7.598480051e-21)
(1.089421176 0.1591534188 -8.226557976e-20)
(1.095907219 0.2062767133 7.620128376e-20)
(1.105059462 0.1680538134 -4.149070465e-20)
(1.092985292 0.2130372119 6.95698343e-20)
(1.112852443 0.1757245745 1.416147948e-20)
(1.05712638 0.2122032222 8.29549262e-20)
(1.097511298 0.1791435841 9.613611869e-22)
(0.9684884645 0.1984413906 4.842689932e-20)
(1.0368364 0.1733545458 1.003809571e-19)
(0.8251676107 0.1704392462 -6.852805144e-20)
(0.9132678287 0.1552767757 4.655659381e-20)
(0.6643297977 0.1355251733 -7.278549609e-20)
(0.7428548764 0.1220869133 -7.397836239e-20)
(0.58661643 0.09860579679 1.863629743e-20)
(1.075814095 0.1168647125 5.075581626e-20)
(1.071784214 0.08290896019 1.770016793e-20)
(1.053537139 0.1094223782 2.205932269e-20)
(1.093695376 0.1239123588 1.493923742e-21)
(1.093015974 0.08815892686 4.452438479e-20)
(1.110133871 0.1308645345 -1.159761088e-19)
(1.10990076 0.09368249864 -3.149735862e-20)
(1.121772469 0.1372815261 -1.032273896e-19)
(1.125670378 0.09898350412 -5.574840471e-20)
(1.117021765 0.1412770339 -5.458072102e-20)
(1.132330583 0.103377509 4.781518453e-20)
(1.07665921 0.1396412504 1.88634235e-20)
(1.113622022 0.1049084806 -9.616119403e-20)
(0.9808339814 0.1288822406 9.827025654e-20)
(1.046858122 0.1004268084 2.679383518e-20)
(0.8294326591 0.1082088408 4.034228453e-20)
(0.9154537386 0.0877960399 4.292909952e-20)
(0.6642507474 0.08313251559 1.820061462e-20)
(0.7380211345 0.06470909422 -3.867039173e-20)
(0.5833998471 0.05185780275 5.360121368e-21)
(1.091178363 0.05467096126 1.178039474e-20)
(1.068043008 0.05077699622 -1.027337666e-20)
(1.109089659 0.05824783713 1.119395662e-20)
(1.125339395 0.06178450652 2.860064047e-20)
(1.136036039 0.06479966725 9.585117972e-20)
(1.128657653 0.06630408343 5.442728785e-21)
(1.083322653 0.06462146478 -8.753535976e-20)
(0.9806023722 0.05791536655 -2.83512678e-20)
(0.8226450653 0.0458113391 -3.658751706e-20)
(0.6562179073 0.031322144 -5.097860625e-20)
(0.2342451519 0.09294092927 -1.51623076e-20)
(0.2499983142 0.1171723364 -6.821198186e-21)
(0.2533345806 0.08996256929 -1.0233061e-20)
(0.2421452734 0.06559140311 -1.319542267e-20)
(0.2132970765 0.09592067687 -9.238565533e-21)
(0.231162139 0.1215483543 -2.382541912e-21)
(0.2229615187 0.06667744736 -8.632194236e-21)
(0.1902361925 0.09894905098 -1.637960954e-20)
(0.2094391118 0.1264669128 2.181382584e-21)
(0.2008196321 0.06787257557 4.732542577e-21)
(0.1647970417 0.1013977008 -1.760652271e-20)
(0.1854947863 0.1314122344 -2.547439554e-20)
(0.1764211345 0.06883225546 -1.521629887e-20)
(0.1367456848 0.1018977358 9.102751713e-21)
(0.1591205995 0.1353287626 -1.353807871e-20)
(0.1496440836 0.06870606211 -4.562651434e-22)
(0.1061233813 0.09955307495 7.99235738e-21)
(0.1299051316 0.1361335073 2.529869986e-20)
(0.1202342545 0.06602557671 5.935803841e-21)
(0.07397081996 0.1007452676 4.543091667e-21)
(0.09795430372 0.1330362069 -8.748573991e-21)
(0.08831965934 0.06155466986 -4.1197133e-21)
(0.04375198459 0.1347362968 8.87544364e-21)
(0.06558761836 0.1371683735 -2.384837014e-21)
(0.05532269376 0.06955355988 1.203656343e-20)
(0.02280990316 0.2649053278 3.410434469e-21)
(0.04061092668 0.1915912329 5.193307854e-21)
(0.02578924631 0.1380151875 5.745462282e-21)
(0.02964883175 0.3747056342 2.158345095e-21)
(0.0005973548835 0.350576129 1.604536971e-21)
(0.2469789093 0.1456251995 6.010378696e-21)
(0.2668783494 0.1671545266 2.250815733e-20)
(0.2654303325 0.1389723235 -1.789180236e-21)
(0.2266423899 0.1520989412 9.078412803e-21)
(0.2487285245 0.1747680129 2.74669389e-20)
(0.2042546974 0.1589112176 -7.088862861e-21)
(0.22788282 0.1832596745 -8.727966379e-22)
(0.1794895895 0.1653024706 -2.133522417e-20)
(0.2048882873 0.1920253566 -1.581304281e-20)
(0.1519647361 0.1694959459 2.873710247e-21)
(0.1794073198 0.1998096 -1.415461229e-20)
(0.1215333494 0.1695077062 8.36323496e-21)
(0.150778212 0.2039323379 1.19886648e-20)
(0.08947694226 0.1693787058 -1.563860477e-20)
(0.1188488512 0.2020752752 -2.097996043e-21)
(0.06109498293 0.1943485855 -5.973705606e-21)
(0.08637870139 0.2022585158 -1.576625602e-20)
(0.04806297491 0.3024170022 3.945600162e-21)
(0.06375056901 0.2425227958 1.9992787e-21)
(0.06242600335 0.3958609377 -2.370187187e-22)
(0.2686153685 0.1961689752 4.400777302e-20)
(0.292259319 0.2144734189 1.836996236e-20)
(0.2859755565 0.1859947549 3.467594323e-20)
(0.2493212422 0.2059614682 1.736386883e-20)
(0.2751198881 0.2251873693 2.732134211e-20)
(0.2280797211 0.2163589466 -9.685563562e-21)
(0.2555991253 0.2370213958 -3.994599839e-21)
(0.2044826407 0.2264792471 -8.589782874e-21)
(0.2340436848 0.2493565449 -1.54232801e-21)
(0.1779335172 0.2341506633 -4.871325479e-21)
(0.2099374973 0.2607514312 -3.207771051e-21)
(0.1479316381 0.2363358377 1.483412882e-21)
(0.1822768978 0.2679507099 1.643002337e-22)
(0.1156487973 0.2347855953 -2.294321258e-21)
(0.1504225807 0.2671645436 9.261652615e-21)
(0.08762841264 0.2507213575 -7.477222207e-21)
(0.1171303913 0.2633779295 -5.704021872e-21)
(0.07909509686 0.3366525394 -2.197681835e-21)
(0.09470505169 0.2896222448 -4.447551548e-21)
(0.0985604932 0.4134580953 2.811092732e-21)
(0.2986369681 0.2434378868 1.704880322e-21)
(0.3255182321 0.2581384537 -7.701514909e-21)
(0.3144773864 0.2299751635 -3.648628752e-21)
(0.2807924288 0.2562998249 5.695125344e-21)
(0.3096886345 0.2717189437 3.673624254e-22)
(0.2611431246 0.270007254 4.284824978e-21)
(0.2919119972 0.2865856292 -1.92706648e-21)
(0.2391786244 0.2835658762 3.868283867e-21)
(0.2722554134 0.3021555788 6.537748558e-21)
(0.214023955 0.2944261258 1.861298194e-21)
(0.2499757575 0.3168201606 3.199848395e-21)
(0.1846634372 0.2985483766 8.00695733e-21)
(0.2236373595 0.3267774887 5.765587283e-21)
(0.1518253155 0.2954885278 5.744731636e-21)
(0.191893024 0.3268489891 1.622463464e-20)
(0.1227313068 0.302541421 -2.242370924e-21)
(0.1570720759 0.3191243663 -2.476741867e-21)
(0.1154040132 0.3667427683 6.262075228e-22)
(0.1327791983 0.3317348099 9.127649367e-21)
(0.1375807403 0.4269475753 7.323674825e-21)
(0.3362855765 0.286447108 -9.022014249e-21)
(0.3658010895 0.2972464402 -8.39409377e-21)
(0.3502050552 0.2700111414 5.570994291e-22)
(0.3202677506 0.3020506165 -7.387469025e-21)
(0.3515495298 0.3133614828 -7.265302666e-21)
(0.302627678 0.3187087162 4.859590895e-22)
(0.3359123209 0.3308563137 4.477187769e-21)
(0.2827317064 0.3353278411 5.834252187e-21)
(0.3185876026 0.3492332125 2.495976197e-21)
(0.2593604011 0.3490023229 7.118396484e-21)
(0.2985554044 0.3667388085 4.249362609e-21)
(0.2308270862 0.354758341 1.40433974e-20)
(0.2738594184 0.3790586208 3.827613841e-21)
(0.1971031604 0.3500962472 7.891795948e-21)
(0.2422366204 0.3797318298 1.69142504e-20)
(0.1655639305 0.3485617224 8.704007029e-21)
(0.2051967048 0.3681525114 -6.269728645e-22)
(0.1563352557 0.3918653202 1.577439424e-20)
(0.1770733417 0.3677585246 1.155560531e-20)
(0.1789076797 0.4358161495 -1.08988657e-20)
(0.3805726567 0.3242588728 -6.858172314e-21)
(0.4119531491 0.3309660852 -2.325106661e-21)
(0.3921960622 0.3052919063 -1.094489013e-20)
(0.3667348513 0.3421625669 4.6028843e-21)
(0.3995228894 0.3491818959 1.124522657e-20)
(0.3514954942 0.3613038887 6.674907576e-21)
(0.3864254104 0.3687940844 8.543179766e-21)
(0.3340731037 0.380507278 1.054701763e-21)
(0.3718753162 0.3894570517 9.938969824e-22)
(0.3128358551 0.3965373103 1.068496378e-21)
(0.3545119467 0.4092929451 -1.816861234e-21)
(0.2852785149 0.4035693252 6.894118592e-21)
(0.3317625619 0.4235106099 -3.687756608e-21)
(0.2503311492 0.3972270676 8.21006658e-21)
(0.3002522769 0.4244960914 1.287572126e-20)
(0.2150546039 0.3875617581 1.845753772e-21)
(0.2603176456 0.4092041729 -4.447349105e-21)
(0.2010695759 0.411229774 -1.468865154e-20)
(0.2265229859 0.3966749559 -2.211059356e-20)
(0.2218677704 0.439596097 -1.117457434e-20)
(0.4301423775 0.3560555442 1.562584089e-20)
(0.4626134103 0.3585305577 8.060421882e-21)
(0.4391291439 0.3350992259 -2.62283327e-21)
(0.4188700992 0.3757480399 1.513338946e-20)
(0.4521637099 0.3782043544 1.465429373e-20)
(0.4064772503 0.3968560414 2.916325017e-21)
(0.4419892137 0.3992959064 -1.208518613e-21)
(0.3919860649 0.4181216133 -1.806306092e-21)
(0.4306341286 0.421655056 9.575087528e-22)
(0.3732614041 0.4359986849 -6.471488922e-21)
(0.4163418525 0.4432845826 -2.604184019e-21)
(0.3468268704 0.4439072659 2.446662962e-21)
(0.3958338893 0.4589352429 8.513758484e-21)
(0.3103137512 0.4358092665 -9.03498576e-23)
(0.364435138 0.4599761857 -6.657736978e-21)
(0.2700713384 0.418586397 -2.906213638e-20)
(0.3209873561 0.4412233106 -9.608114549e-21)
(0.2487284042 0.424225216 -1.795336743e-20)
(0.2798693177 0.4176809453 -4.568516299e-21)
(0.2657015396 0.4379831306 1.501167613e-20)
(0.4834314136 0.3807606778 7.121207091e-21)
(0.5164047146 0.378117798 9.593629911e-21)
(0.4894255495 0.3588994764 1.17735529e-20)
(0.4749930019 0.4013892321 -1.629754763e-21)
(0.5085010261 0.3988368075 6.73583751e-21)
(0.4657387644 0.4237259845 -3.156049669e-21)
(0.5018848995 0.4207690469 -6.330630478e-21)
(0.4545088025 0.4464330979 1.018348517e-22)
(0.4942617699 0.4441979664 2.111751443e-20)
(0.4386068 0.4656468857 1.255744606e-20)
(0.4833917963 0.4670593633 -9.658899192e-21)
(0.4134395824 0.4741075929 -5.645632924e-22)
(0.4652476884 0.4837212188 -8.789715078e-21)
(0.3750993717 0.464345972 -1.595121906e-20)
(0.433752846 0.4847009988 1.240050266e-20)
(0.3288871855 0.4404466281 1.453254276e-20)
(0.3860263437 0.4629858513 -7.464206929e-21)
(0.2980683648 0.4301666348 2.92497031e-20)
(0.3359375551 0.4299243616 -3.698599012e-21)
(0.3095801467 0.4306030042 -2.601380161e-21)
(0.5400459679 0.3966876237 9.207932285e-21)
(0.5714280702 0.3894395536 1.950876982e-20)
(0.5423595186 0.3738851846 5.698768289e-21)
(0.535578655 0.4181072531 2.07350859e-21)
(0.5653006594 0.4101626422 -1.201483542e-21)
(0.5304158003 0.4413010094 1.801661166e-20)
(0.5624221633 0.4328122906 -4.075587003e-21)
(0.523014501 0.4649388841 1.115788192e-20)
(0.5592923021 0.4572240105 4.042303641e-20)
(0.5100862194 0.4850115246 -3.08371846e-20)
(0.552799011 0.4810760476 -5.048292294e-20)
(0.4859260054 0.4937769398 3.804408146e-21)
(0.5377505333 0.4984186856 -1.710534334e-20)
(0.4450052618 0.4825775391 2.071875356e-20)
(0.5064012171 0.4991713558 2.745518008e-20)
(0.3913724072 0.45303331 -2.516053045e-20)
(0.4539608275 0.4749285466 -6.726326931e-21)
(0.3487222846 0.4291048098 -3.427547039e-20)
(0.39361895 0.4338293107 2.015172443e-21)
(0.3529999542 0.4179606221 -1.181527138e-20)
(0.5932754145 0.4014552716 9.775270883e-21)
(0.5936960275 0.3804007738 2.880495512e-20)
(0.5911562439 0.4231906551 -7.6769751e-21)
(0.5902451572 0.4474572566 1.795671259e-20)
(0.5880193812 0.472291756 -2.175221783e-20)
(0.579727345 0.4932712675 -3.590683905e-20)
(0.5579071444 0.5022634062 6.308850849e-21)
(0.5150961179 0.4898496388 3.794853527e-23)
(0.4539728004 0.4557822737 2.119225486e-20)
(0.3985957852 0.4207561931 2.565984236e-20)
(0.5021394989 0.01130410148 -2.451265402e-22)
(0.4119719222 0.006778659709 1.694973251e-21)
(0.4120750355 0.00763326469 7.059408995e-22)
(0.4985406936 0.01718047047 -1.413293889e-21)
(0.5767014807 0.01608710638 -3.12100656e-21)
(0.5764331152 0.01484276656 4.953803663e-22)
(0.4931171514 0.01971940456 -5.590552822e-22)
(0.4389811419 0.01940166988 -5.629626699e-22)
(0.4384387336 0.01803424468 -5.144745731e-22)
(0.48948871 0.02332235855 7.260645607e-22)
(0.5300977636 0.0215086404 -8.804416995e-22)
(0.5291910718 0.0203405709 -1.446256085e-21)
(0.4807468679 0.02787666598 2.264883943e-21)
(0.4656119562 0.02668002015 1.230214233e-21)
(0.4643027761 0.02419310142 9.412729287e-22)
(0.4707852677 0.03364566012 2.953272046e-21)
(0.4857955109 0.03202359344 5.776566039e-22)
(0.484213872 0.0290524527 7.741646846e-22)
(0.451629887 0.04187326395 5.660116718e-21)
(0.4639638793 0.03944131419 -1.994075596e-21)
(0.4616161113 0.03372826818 2.313711401e-21)
(0.4222166966 0.05103638149 -1.871204117e-21)
(0.4410962637 0.051608308 3.856783691e-21)
(0.4391547268 0.0427665855 4.974103355e-21)
(0.3587758579 0.06591021279 5.381023286e-21)
(0.4031059037 0.06453641908 4.088697739e-21)
(0.3988674501 0.04528389058 -9.873420522e-21)
(0.3256988946 0.09277081689 6.217270093e-22)
(0.3208767779 0.06044224171 1.28886698e-20)
(0.5021770497 0.01141159029 -1.172008957e-21)
(0.4117217867 0.005944322161 -5.63888494e-22)
(0.4989213561 0.01860401514 -2.429494245e-21)
(0.5769161139 0.01724188577 -1.446670323e-21)
(0.4938736282 0.0207224432 -8.833681894e-22)
(0.4395091314 0.02068007416 1.567348464e-21)
(0.4906390576 0.02537810535 -3.788521381e-22)
(0.5311342956 0.02260182714 -2.799180637e-22)
(0.4823312209 0.0303392588 -2.628191903e-22)
(0.4670058452 0.02909215365 -7.462906327e-22)
(0.4728932916 0.03812686871 -4.945253064e-21)
(0.487796582 0.03494799849 -9.64728356e-22)
(0.4544774125 0.04911151249 -3.710675381e-21)
(0.4667843011 0.045104994 -6.486410833e-21)
(0.4260328862 0.06494738322 9.78778391e-21)
(0.444539368 0.06045868591 -3.746381341e-22)
(0.36509025 0.09181855442 -4.980723032e-22)
(0.4092955022 0.08359391519 1.056057446e-20)
(0.336819985 0.1244822177 -3.783321101e-20)
(0.5021194165 0.01148515693 -1.108447394e-21)
(0.4113234035 0.005177972936 -2.501116315e-21)
(0.499269249 0.01992437605 3.162915699e-21)
(0.5770725295 0.01827926867 7.372411091e-22)
(0.4946922131 0.02163632433 2.169787681e-21)
(0.4400341508 0.0218438599 2.851320102e-21)
(0.4918973656 0.02734889329 -6.452653116e-22)
(0.5323007748 0.02361618769 1.677097031e-21)
(0.4841716143 0.03272485621 -2.984831285e-21)
(0.4684943336 0.03138769804 -1.628358311e-21)
(0.4754457233 0.04254706279 -2.07736272e-21)
(0.490220327 0.03781180192 -1.141506187e-21)
(0.4582096337 0.05629269845 -3.083400527e-21)
(0.4700927688 0.0506449172 1.19184878e-21)
(0.4314859882 0.07868569508 4.303049152e-22)
(0.4494511339 0.06928585816 -5.030801666e-22)
(0.3754503213 0.1171206251 -2.656456161e-20)
(0.4174514914 0.1020845455 -1.10535829e-20)
(0.3540530477 0.1550574826 -1.40480301e-20)
(0.5019571006 0.01154265975 -9.272550642e-22)
(0.4107701671 0.004527963431 -3.122306321e-23)
(0.4995857991 0.02111564797 1.045400391e-21)
(0.5771557477 0.01916906969 -2.102904086e-21)
(0.495577296 0.02244715491 2.359471355e-21)
(0.4405719893 0.02286932929 2.685488166e-22)
(0.4932694682 0.02921302491 6.937349688e-22)
(0.5335925376 0.02454772464 1.705987689e-21)
(0.4862728854 0.03500564285 -1.326080899e-21)
(0.470090619 0.03352849427 -3.845071327e-22)
(0.4784565902 0.04686555567 2.919242801e-21)
(0.4930637353 0.04059971779 -9.329721402e-22)
(0.4628283118 0.06337911603 3.737367278e-21)
(0.4739188239 0.05599732309 7.188556624e-21)
(0.4385507233 0.09208188573 -1.1886224e-20)
(0.4557555874 0.07805524998 -5.944682776e-23)
(0.3897183162 0.1414032393 1.23453393e-21)
(0.4276346567 0.1196689587 -1.756040411e-20)
(0.3770959088 0.1840141486 4.815276271e-20)
(0.5016761913 0.01158980246 -1.203762741e-21)
(0.410052961 0.004043398012 7.916181527e-22)
(0.4998727447 0.02214875785 -2.876690917e-21)
(0.5771450001 0.0198778811 -5.566556527e-22)
(0.4965333815 0.02314205184 -3.799047054e-22)
(0.4411432342 0.02373566271 -3.622403495e-21)
(0.4947607432 0.03095063948 6.293936686e-22)
(0.5350009604 0.02539213573 -8.243685699e-22)
(0.4886389311 0.03715516623 0)
(0.4718099358 0.03548103721 1.48408912e-22)
(0.4819409417 0.05104792654 3.325683364e-21)
(0.4963202405 0.04329454423 3.491194863e-21)
(0.4683200125 0.07033281414 3.792448336e-21)
(0.4782980722 0.06111577358 8.230379718e-21)
(0.4472158481 0.1049751063 -5.777714817e-21)
(0.4633486186 0.08671528978 7.26364039e-23)
(0.4078147006 0.1642887262 2.900647261e-20)
(0.4399415426 0.136030477 3.189624474e-21)
(0.4055534604 0.2109723716 2.789904738e-20)
(0.5012579117 0.01164041996 1.437538317e-21)
(0.4091596052 0.003774526833 -1.351826664e-21)
(0.5001315019 0.02299589665 -5.022216475e-23)
(0.5770138568 0.02036846815 2.363034568e-21)
(0.497564907 0.02370995227 -6.508303509e-21)
(0.4417719694 0.02442550163 -3.271227916e-21)
(0.4963758527 0.03254392102 8.419538463e-22)
(0.536514395 0.02614471732 -4.386826047e-21)
(0.4912732425 0.03914917839 3.612764287e-21)
(0.4736681827 0.03721696245 -1.733468141e-22)
(0.4859130135 0.05507010356 6.498555433e-21)
(0.4999823194 0.04587818278 3.440096959e-21)
(0.4746606718 0.077110948 4.893314002e-21)
(0.4832601191 0.06597308243 4.908032909e-21)
(0.4575008928 0.1172134054 9.149039634e-21)
(0.472112204 0.09518410473 -9.31252204e-21)
(0.429658734 0.185483545 -1.904319352e-21)
(0.4545170029 0.1508935202 1.56618396e-20)
(0.4388333791 0.2356830784 -3.869941322e-20)
(0.5006791354 0.01169510318 -1.502742033e-21)
(0.4080787503 0.003772869921 -1.389736555e-21)
(0.500362282 0.02362880801 3.861768685e-22)
(0.5767440496 0.02060020035 -1.152248121e-21)
(0.498676194 0.02414117765 -1.129364153e-21)
(0.4424823979 0.02492503081 7.548289692e-22)
(0.498118692 0.03397528386 -7.587693977e-21)
(0.5381205747 0.02680033704 -1.245039217e-21)
(0.494178984 0.04096347428 -3.116576086e-22)
(0.475679204 0.0387131412 -4.331283235e-22)
(0.4903816906 0.0589148352 -1.871648729e-21)
(0.5040382497 0.04833426313 -4.012680585e-21)
(0.4817918892 0.08366726773 -9.131678001e-21)
(0.4888113933 0.07056584749 -2.449149057e-21)
(0.4694379287 0.1286405205 -2.310933856e-21)
(0.4819471266 0.103339094 7.578406446e-21)
(0.4551363913 0.2045998556 -2.505794231e-20)
(0.4716679521 0.1640276306 6.935052542e-21)
(0.4763342418 0.2580862762 -2.373005745e-20)
(0.499931488 0.01176541065 -1.03801936e-21)
(0.4068188204 0.004086894751 9.688479176e-22)
(0.500574514 0.02402087763 1.73282865e-21)
(0.5763745767 0.02053190352 -1.301168609e-21)
(0.4998706866 0.02442844599 3.078415268e-21)
(0.4432731409 0.02522646622 3.011086512e-21)
(0.4999922135 0.03522523481 5.94565898e-21)
(0.5398265072 0.02735326925 -1.285239912e-22)
(0.4973528708 0.04256372247 -7.361451125e-22)
(0.4778364115 0.03995218446 -2.391915776e-21)
(0.4953385542 0.06253624278 -6.459115805e-21)
(0.5084376232 0.0506494843 -3.774342363e-21)
(0.4897642986 0.08989806045 1.391826509e-20)
(0.4948641025 0.07487515669 -6.012042065e-21)
(0.4832433003 0.1392982752 1.657221754e-20)
(0.4926462432 0.1110354503 3.675968434e-20)
(0.4842413199 0.2222321472 1.220346344e-20)
(0.4914958162 0.1753676102 -5.185731053e-22)
(0.5160565574 0.2782101968 3.590488543e-21)
(0.4990690867 0.01182881584 2.844286633e-21)
(0.4054907056 0.004745703141 1.067290021e-21)
(0.5008005639 0.02413136917 5.02032321e-21)
(0.5761634367 0.0201326907 2.056724801e-21)
(0.5011455767 0.02457564029 -1.800743499e-22)
(0.443995848 0.02533563993 2.22187915e-21)
(0.5020002126 0.03629577668 -4.025748228e-21)
(0.5417536388 0.02779640659 -5.332431451e-21)
(0.5007371469 0.04391857149 -5.542993953e-21)
(0.4799915337 0.04093323418 -4.708489799e-21)
(0.5006690271 0.06577145955 -1.215362512e-21)
(0.5129411987 0.05281243842 -2.987699563e-21)
(0.4985341981 0.09487432937 1.689218503e-20)
(0.5007575532 0.07877560997 -9.671590702e-21)
(0.4988829101 0.1467567921 1.957499764e-20)
(0.5026174967 0.1179200976 -5.704612571e-22)
(0.5152710794 0.2335881812 -4.088838431e-21)
(0.5111676403 0.184854434 -1.094081154e-20)
(0.55508124 0.2959365789 -3.268072379e-21)
(0.4984566607 0.01198382111 2.785966235e-22)
(0.4046277279 0.005685006144 -1.854453158e-22)
(0.5010701405 0.02402492167 4.329003276e-21)
(0.5764462265 0.0194537266 1.21931024e-21)
(0.50253002 0.02462972404 -2.933952207e-21)
(0.4444841676 0.02526464327 2.439931866e-22)
(0.5040745056 0.0373679371 -5.994385113e-21)
(0.5441550799 0.02815374561 -3.153726181e-21)
(0.5040776814 0.04552920427 -5.545187245e-21)
(0.4823827249 0.04173523895 -1.181474174e-21)
(0.5056794263 0.06990813928 -9.22006538e-21)
(0.5180072027 0.0550067438 -5.587117885e-21)
(0.5067396741 0.1018462177 -2.623993787e-20)
(0.5078473447 0.08256521581 -2.776140429e-21)
(0.5129231697 0.1592771681 -3.087228918e-20)
(0.5142686383 0.1248880467 -4.022345267e-20)
(0.544388447 0.2546121722 -6.721603985e-21)
(0.5338678142 0.1938750178 -1.823564028e-20)
(0.5836445704 0.3085999013 -4.708225371e-21)
(0.498519761 0.01255720847 -7.837007307e-22)
(0.4044936998 0.00624241463 7.127896397e-22)
(0.5015384138 0.02186265901 -9.457114766e-22)
(0.577632816 0.01831700295 8.224520649e-22)
(0.5049578524 0.02638690412 9.587820213e-22)
(0.4454819311 0.02397699714 -1.077184454e-21)
(0.5069738552 0.03470964336 4.161067032e-21)
(0.5479299525 0.02739458641 4.824057499e-21)
(0.5106228376 0.04823375253 2.293423531e-22)
(0.4870850812 0.0403611543 6.524574781e-21)
(0.5144502601 0.06874660784 4.553451121e-21)
(0.5266332922 0.05356546459 3.570389236e-21)
(0.521182012 0.1030922942 -1.334251637e-20)
(0.5214546275 0.08003026334 8.281711771e-21)
(0.5397573713 0.1562660955 -2.761680146e-20)
(0.5367436597 0.117893188 -9.680667401e-21)
(0.5792879463 0.2417299538 -1.41650672e-20)
(0.5706769854 0.1789891262 5.080386781e-21)
(0.6187855105 0.2676531506 -1.051092571e-20)
(0.6880250409 0.3275495426 -1.164317551e-20)
(0.4994951851 0.01203987053 2.318942435e-21)
(0.4047538644 0.006432511019 7.143008238e-22)
(0.5028896762 0.02044082513 6.909790875e-22)
(0.5791172043 0.01703875123 1.27965501e-21)
(0.5072967421 0.02500704819 2.788091023e-21)
(0.4469331653 0.02231744359 -3.158811513e-22)
(0.5108676261 0.03309830345 7.187565248e-21)
(0.5509446576 0.02604991103 3.477969074e-21)
(0.5168618407 0.04588721892 9.865621664e-21)
(0.491872424 0.03810393366 4.014421038e-21)
(0.5242199758 0.06521091066 7.298649887e-21)
(0.533855534 0.05079463718 5.252210271e-21)
(0.5369978112 0.09574389682 1.194356074e-20)
(0.5328736625 0.07521855818 1.447449261e-21)
(0.561629186 0.1424232143 2.301652084e-20)
(0.5545702973 0.1086178366 1.12276478e-20)
(0.6090020883 0.2093249864 8.734528269e-21)
(0.5914273783 0.1611500767 1.031009038e-20)
(0.6512408356 0.2306352269 -5.994844641e-21)
(0.7073058952 0.2555787612 6.749137819e-21)
(0.500373118 0.01137873182 -3.249866013e-22)
(0.4048684171 0.006292007272 -5.946656433e-22)
(0.5043449453 0.01885272059 2.727947714e-22)
(0.5805449232 0.015543094 2.036227361e-22)
(0.5095570484 0.02328011837 3.739968996e-22)
(0.4483843541 0.02035474 -1.173280808e-23)
(0.5146508411 0.0309455094 3.048248644e-22)
(0.5537869137 0.02413175918 -9.96328229e-22)
(0.5227201712 0.04285679849 -5.989903552e-22)
(0.4963969509 0.03506529399 -1.689566425e-21)
(0.5331696289 0.06060500336 -5.989903552e-22)
(0.5405020244 0.04685972115 -2.392291887e-21)
(0.5505293153 0.08782724617 7.315363254e-22)
(0.54308771 0.06868148126 -2.885081229e-35)
(0.5792111549 0.1273041301 -1.47878266e-21)
(0.5698525499 0.09781721575 -3.890776261e-21)
(0.6334049009 0.1820668007 -4.419282534e-21)
(0.6079438626 0.1407425257 -8.91664669e-21)
(0.6779934078 0.1955885252 1.852522353e-21)
(0.7264739834 0.2105112392 7.202852474e-21)
(0.5011069991 0.01042661985 -6.605630585e-23)
(0.4049257215 0.005875148445 -6.605630585e-23)
(0.5056801787 0.0169939448 -8.090484335e-23)
(0.5817674046 0.01382098761 9.049806823e-36)
(0.511676506 0.0211333817 -1.382057937e-21)
(0.4497463686 0.01809672383 -8.090484335e-23)
(0.5181526792 0.02815497887 -2.990719518e-21)
(0.5563859078 0.02169304911 -1.301153093e-21)
(0.5280586877 0.03893385904 -3.482867957e-21)
(0.5004981933 0.0313350227 -1.689566425e-21)
(0.5411605194 0.05475780066 -1.793301532e-21)
(0.5464267843 0.04192600984 -1.793301532e-21)
(0.5620719735 0.07849056891 -4.622312586e-21)
(0.5519901323 0.0608069275 -3.368218325e-35)
(0.5941493361 0.1110998965 -1.132864029e-20)
(0.5824765384 0.08573795456 -4.622312586e-21)
(0.6508457344 0.154756296 -2.644841803e-21)
(0.6214782946 0.1193925596 -7.586960477e-21)
(0.6951168882 0.1625076599 6.478220416e-21)
(0.7386943947 0.1712002968 4.244324418e-21)
(0.5017107893 0.009239872983 7.369491886e-36)
(0.4049560351 0.005230922458 5.551416632e-22)
(0.5068551797 0.01487819792 7.369491886e-36)
(0.5827812423 0.01188378236 6.467934215e-22)
(0.5135909284 0.01859425047 0)
(0.4509690518 0.01556026631 -9.991332746e-23)
(0.5212837317 0.0247935783 0)
(0.5586782148 0.01879619685 0)
(0.532764263 0.0342219616 0)
(0.5040861492 0.0270118388 0)
(0.5480882294 0.04785118653 -1.553722658e-35)
(0.5515299956 0.03615551698 4.74089582e-22)
(0.5716882174 0.06795681108 -1.553722658e-35)
(0.559530225 0.05191996186 1.532458589e-21)
(0.6064478389 0.0941026124 -8.806327731e-22)
(0.5925779728 0.07264864439 -5.723681901e-22)
(0.6629533751 0.1278972055 1.536101741e-21)
(0.6322567942 0.09811446577 -2.195374335e-21)
(0.7054036597 0.1314662447 1.11636502e-20)
(0.7453861259 0.1370667718 2.51414903e-21)
(0.5021982035 0.007848355698 1.201935085e-21)
(0.4049695346 0.004403152572 1.730461524e-21)
(0.5078556754 0.01252650173 5.46880094e-22)
(0.5835985979 0.009753367787 2.964266487e-22)
(0.515251921 0.0157092792 -9.991332746e-23)
(0.4520157638 0.01277508774 -2.069006522e-22)
(0.5239783625 0.02094813981 0)
(0.560613895 0.01551011106 -4.911255041e-22)
(0.5367628289 0.02885926039 4.74089582e-22)
(0.507096645 0.02219763661 -6.463884664e-22)
(0.5538927949 0.04013031145 2.006548171e-21)
(0.5557503487 0.02970494507 1.488751026e-22)
(0.5794703252 0.05654970728 9.600903986e-22)
(0.5656870451 0.04228831999 3.414860766e-22)
(0.6162140776 0.07680912532 -1.887109752e-21)
(0.6003853148 0.05881217693 -2.536286525e-21)
(0.6712879139 0.1022614688 7.432174123e-21)
(0.6405957954 0.07737550223 -4.177136467e-21)
(0.7113288605 0.1023981871 1.310848671e-20)
(0.7484802694 0.1072783235 -1.255705857e-20)
(0.5025788052 0.006288258592 8.249530879e-22)
(0.4049740052 0.003432060835 4.383070169e-22)
(0.508670547 0.00997385553 -4.573540975e-22)
(0.5842289185 0.007459421702 -4.626897045e-23)
(0.51662196 0.01253902216 -5.981128288e-22)
(0.4528591762 0.009780851722 -2.165122783e-22)
(0.5261867803 0.01671406177 -1.137513971e-21)
(0.5621556604 0.01190831983 -7.501007483e-22)
(0.5400047126 0.02298555432 -9.716029457e-22)
(0.5094831959 0.01699426577 -6.463884664e-22)
(0.558542772 0.03180577371 -1.516186991e-21)
(0.5590530318 0.02272413232 1.779548127e-22)
(0.585530691 0.04452536913 -3.154890847e-21)
(0.5704562103 0.03212557293 -1.190972512e-21)
(0.6236417769 0.05952751332 -4.82631324e-21)
(0.6061515152 0.04446081748 -2.556658549e-21)
(0.6769279769 0.07796856376 1.499176115e-21)
(0.6467784746 0.05730970265 -2.027109349e-21)
(0.7145999529 0.07508307946 5.529555003e-21)
(0.7494652452 0.08061309238 3.84017112e-21)
(0.5028609483 0.004572617521 -4.329150415e-22)
(0.4049721955 0.002354723451 -4.630765251e-22)
(0.5092924567 0.007219341223 1.945728487e-22)
(0.5846733929 0.005037530893 4.615134632e-22)
(0.5176742833 0.009090247109 -3.685001978e-22)
(0.4534749204 0.00662453635 -2.254138181e-22)
(0.5278741568 0.01211140803 -2.589752441e-22)
(0.5632728147 0.008067388834 -3.860463149e-23)
(0.5424592433 0.01662974671 5.03169292e-22)
(0.5112063161 0.01150201033 2.927867465e-22)
(0.5620257786 0.02291860763 5.03169292e-22)
(0.5614131134 0.01535602994 1.375836839e-21)
(0.5899672707 0.03191224341 -5.927402144e-22)
(0.573836374 0.02160374214 5.213977392e-22)
(0.6289410434 0.04214236878 2.425453417e-22)
(0.6100842696 0.02978459907 -5.952961272e-22)
(0.6806603572 0.05447308649 2.003269538e-21)
(0.6510014992 0.03783394 2.02025413e-22)
(0.7162908274 0.04920230285 6.720924673e-21)
(0.7493886545 0.05578784737 -9.051381162e-21)
(0.5030407769 0.002855738891 4.313519795e-22)
(0.4049897575 0.001209668626 8.358545203e-22)
(0.5097047849 0.004496573458 4.15267964e-23)
(0.5849602091 0.002528088505 1.574156609e-22)
(0.5183813792 0.005668932542 1.044817482e-22)
(0.4538730464 0.003357221344 -2.338862124e-22)
(0.5290039703 0.007550215538 5.131573591e-22)
(0.5639884703 0.00406727654 2.203706126e-22)
(0.5440935083 0.01035332223 1.165454293e-21)
(0.5123093295 0.005819795315 2.927867465e-22)
(0.5643262516 0.01421097426 1.394065286e-21)
(0.562907111 0.007737055966 1.388119488e-21)
(0.5928482162 0.01971150863 5.188418265e-22)
(0.5759699242 0.01086332482 5.213977392e-22)
(0.6322781201 0.02578829792 -6.35816056e-22)
(0.6124892099 0.01493661689 -6.00681334e-22)
(0.6828742176 0.03295454941 4.919680548e-21)
(0.6535837072 0.01878114302 -1.878096195e-21)
(0.7170830807 0.02431185358 8.224006463e-21)
(0.7489726281 0.03353227884 -1.664319787e-20)
(0.5032123636 0.0008362141663 5.619182016e-22)
(0.5099258877 0.0013254162 -1.179973479e-22)
(0.5188412348 0.001677122463 -1.179973479e-22)
(0.5296421855 0.002230052129 0)
(0.5450970781 0.003063101439 5.154519412e-22)
(0.5656433968 0.004203251147 5.154519412e-22)
(0.5944917513 0.005840874253 -5.981254213e-22)
(0.6341570311 0.007641621369 -1.842961473e-21)
(0.6840317316 0.009857610594 1.42622972e-21)
(0.7485936389 0.009993504718 2.891905312e-21)
(0.7409488184 0.3305358926 -1.165035948e-20)
(0.7201725612 0.2945352725 -8.294131173e-22)
(0.7873392655 0.320907375 -2.438625979e-21)
(0.7652003633 0.2877776312 -9.407089526e-22)
(0.8317861442 0.3055299487 -1.32825181e-20)
(0.8081241725 0.2762135028 3.834543015e-21)
(0.874528294 0.2826692127 -1.979329472e-20)
(0.8475450838 0.2584802497 -9.863814243e-21)
(0.9147089305 0.2518882857 -8.715311473e-21)
(0.8843296897 0.2338104305 -7.33447614e-21)
(0.9510533425 0.214059361 3.885565609e-20)
(0.9182364659 0.2028737362 -1.959013904e-20)
(0.9820546451 0.1706740991 8.268775479e-20)
(0.9477551459 0.1669646343 4.756355857e-20)
(1.006157542 0.1233793007 1.955534315e-20)
(0.9717213388 0.1274417249 5.412139767e-20)
(1.022183103 0.07378789371 -2.749489864e-20)
(0.9890810795 0.08493302745 -1.241942172e-20)
(0.9991413924 0.0402106241 -1.816811966e-20)
(0.7481341642 0.2542070215 1.003135499e-20)
(0.7347601767 0.233386803 1.011390212e-20)
(0.7859456043 0.2455542482 5.246941545e-21)
(0.7675726504 0.2289609248 1.384996754e-20)
(0.822376732 0.2314563039 7.51404539e-21)
(0.8024307522 0.2197107616 -1.664040077e-20)
(0.8571117184 0.2112638588 1.939142702e-21)
(0.8353590882 0.2056244245 1.25939584e-20)
(0.8889424243 0.1854675889 -1.860238667e-20)
(0.8658566154 0.186156593 1.579746137e-20)
(0.9166861766 0.1552497764 -1.124839903e-20)
(0.8935841545 0.1617490257 -2.302227345e-20)
(0.9394722013 0.1218646824 1.896184243e-20)
(0.9174294862 0.1334248674 -2.456357345e-20)
(0.9567098693 0.08616028554 2.241601745e-20)
(0.9365869368 0.1022846378 8.037715103e-21)
(0.9682079287 0.04887608558 -3.123670198e-21)
(0.9503150647 0.06856077019 1.865447306e-20)
(0.9581410138 0.03398122146 -2.096366768e-20)
(0.757062844 0.2074902676 1.329100391e-20)
(0.7474495448 0.1888741902 6.541356822e-21)
(0.7878124242 0.201090651 -7.638984672e-21)
(0.7732104431 0.1839741297 9.157281713e-21)
(0.8178590393 0.1915541651 -1.339028176e-20)
(0.8013375485 0.1758174224 -1.584157155e-20)
(0.8468687243 0.1779651301 2.571003168e-20)
(0.8288887266 0.163988213 1.139682943e-20)
(0.8739063104 0.1599113573 1.176989688e-20)
(0.8543888479 0.148075976 3.673911363e-20)
(0.8979703534 0.1376751214 -3.62866382e-20)
(0.8773996616 0.1283941651 -3.507372926e-21)
(0.9182985929 0.1121435323 -3.520617761e-20)
(0.897427204 0.1057676574 -2.856128687e-20)
(0.9341217714 0.08404387022 4.071535454e-21)
(0.913867245 0.08121500171 -2.009395584e-20)
(0.9443789769 0.0541788528 9.245527796e-22)
(0.9260976894 0.05517120746 2.099130827e-20)
(0.9339463621 0.02851539522 -9.717802623e-21)
(0.7630226137 0.1667007279 1.724762204e-21)
(0.7542603093 0.1514662512 3.651120158e-21)
(0.7879462479 0.1600443008 6.978859461e-22)
(0.7753229154 0.146405773 -3.44118941e-21)
(0.8122916069 0.1504472173 9.392855655e-21)
(0.797752454 0.1393667428 -5.484171254e-21)
(0.835528083 0.1369618913 2.289730531e-20)
(0.8202066772 0.1296082682 1.170636735e-20)
(0.8571931011 0.1197928805 2.090078462e-20)
(0.8414372848 0.1166418712 1.424304072e-20)
(0.8765891797 0.09978042263 3.478228771e-21)
(0.8608436251 0.1008897728 1.012886691e-20)
(0.8930203564 0.07782878416 -1.351506426e-20)
(0.8779392232 0.08303251553 3.8007625e-21)
(0.9061913792 0.05456585985 -3.292099566e-21)
(0.8921716301 0.06355890725 -1.731754778e-20)
(0.9159754921 0.03048621769 1.038202192e-20)
(0.9029324758 0.0426942803 7.179998211e-21)
(0.9097957864 0.02071616526 1.088437553e-20)
(0.7654144972 0.1322082602 -2.205245486e-21)
(0.7571991965 0.1195639496 -8.609095058e-21)
(0.7860886932 0.1261552984 -9.419365685e-21)
(0.7753062949 0.1147674609 -1.579989649e-20)
(0.8066477934 0.1182770109 -3.311493082e-21)
(0.7940783198 0.1088045675 -3.559695514e-21)
(0.8267338966 0.1080141105 3.002253269e-21)
(0.8134041896 0.1006949352 1.368856569e-20)
(0.8457939458 0.09563787485 3.501329384e-21)
(0.8320610038 0.09015716808 -1.367152537e-21)
(0.8631429969 0.0815729073 1.085246076e-20)
(0.8490531294 0.07755599306 -2.181413293e-23)
(0.8779806735 0.06613012381 3.817588788e-22)
(0.8637667817 0.06359628618 1.288103823e-20)
(0.8896013332 0.04946969446 -6.889436202e-21)
(0.8757659845 0.04864725339 -9.555619242e-21)
(0.897276659 0.03176551606 7.684534966e-21)
(0.8846800141 0.03300138148 -7.152236725e-21)
(0.8902377139 0.0171306279 4.453065579e-21)
(0.7658192183 0.1027361425 -2.210859175e-20)
(0.7579796975 0.09162724556 -8.324598452e-21)
(0.7837110034 0.0975226904 -9.883673255e-21)
(0.7742468764 0.08739274159 -1.242095482e-20)
(0.8016977 0.09109733626 1.337695768e-20)
(0.7906297599 0.08243354676 2.440660638e-21)
(0.8192205382 0.08284845081 9.375401312e-21)
(0.8075549005 0.07593326043 1.822445573e-20)
(0.8355768441 0.07275905033 -4.896392343e-21)
(0.8239152411 0.06777608555 7.798304895e-21)
(0.8499872931 0.06103503529 1.967078506e-21)
(0.8386452324 0.05833552337 -1.321325947e-20)
(0.8619038383 0.04796215581 3.206712404e-21)
(0.8513082792 0.04802369952 1.582661801e-21)
(0.8712344156 0.03392722682 -9.471896406e-21)
(0.8617518279 0.03673491082 3.790794678e-21)
(0.8780028159 0.01933551208 -1.025557355e-20)
(0.869657424 0.02466444498 -2.838210572e-21)
(0.8747218424 0.01192744458 -1.930545145e-21)
(0.7651626476 0.07675830109 1.472819315e-21)
(0.7576440082 0.06648132591 -4.46907642e-21)
(0.7812190364 0.07248297615 -9.020376145e-23)
(0.7727470977 0.06307781123 -1.07125036e-24)
(0.797318651 0.06738780182 7.243314845e-21)
(0.7875630109 0.05923230109 1.28082281e-20)
(0.8129164547 0.06102029524 1.666192693e-20)
(0.8028175344 0.05437492315 7.735029524e-21)
(0.8274377363 0.05343001031 -4.511445907e-22)
(0.8176286978 0.04843110972 5.305385424e-21)
(0.8404229871 0.04490787426 -1.361973703e-20)
(0.8310184876 0.04161254206 -9.903079093e-21)
(0.8516088489 0.03579647661 2.160756513e-21)
(0.84263245 0.03407898037 -8.550603861e-21)
(0.8605971208 0.02630298449 1.038884091e-20)
(0.852214129 0.02584909248 7.984424855e-21)
(0.8667370621 0.01646291829 5.459326248e-21)
(0.8593430299 0.01739250942 7.016455571e-21)
(0.8637001437 0.008922267437 5.058122556e-21)
(0.7641263386 0.05290938643 -5.933926761e-21)
(0.7570324256 0.04329050607 -1.74587617e-20)
(0.7790386916 0.04976120478 1.293827025e-20)
(0.7714359222 0.04091128251 -5.29378714e-22)
(0.7939064433 0.04609540061 1.326091833e-20)
(0.7853053181 0.03827194835 2.083110055e-20)
(0.8082658281 0.04162955268 -3.644674845e-21)
(0.7995158936 0.03503002606 -4.278573402e-21)
(0.8216356556 0.03639865013 -4.137418272e-21)
(0.8133280678 0.03111999777 -1.122526217e-20)
(0.8335904199 0.03055785292 -4.856206423e-21)
(0.8257928098 0.02666951331 -9.345374662e-22)
(0.8437079864 0.02421954696 -2.71291781e-21)
(0.8365283083 0.02180272818 1.136138203e-21)
(0.8514588976 0.01744214874 4.617242513e-21)
(0.8452863652 0.01665164748 4.910080591e-21)
(0.8567174241 0.01031038526 6.612753602e-21)
(0.8517754341 0.01127310462 2.020718171e-21)
(0.855806844 0.005512124346 3.870947696e-21)
(0.7632107558 0.03171896725 -1.202195843e-20)
(0.7564673614 0.02137694944 -1.049361046e-20)
(0.7775310573 0.02973431029 7.407188898e-21)
(0.7705606305 0.02005913545 -4.114086717e-22)
(0.7916909333 0.02744548044 3.249277822e-21)
(0.7839246596 0.01871766979 7.799319031e-21)
(0.8052972509 0.0247046141 -1.183012388e-20)
(0.7975280517 0.01708665509 -4.56794985e-21)
(0.8179085302 0.02153611872 -7.961293797e-21)
(0.810720559 0.0151429041 2.367604334e-21)
(0.8291234003 0.0180187183 5.04824838e-21)
(0.822579704 0.01295371057 -5.505346236e-22)
(0.8385811842 0.01422606102 8.763200987e-21)
(0.8327472189 0.01057567706 -1.230971804e-22)
(0.8460084618 0.01024761807 2.318798881e-21)
(0.8410443117 0.008046026884 6.566530382e-21)
(0.8511613494 0.006184424812 -7.084440338e-22)
(0.8472258864 0.005416442741 -5.355585322e-21)
(0.8510285665 0.002799977053 -3.674775066e-21)
(0.7627747276 0.009415324246 1.175201165e-21)
(0.7767980395 0.008844223008 1.929492947e-24)
(0.7905740133 0.008229044591 -3.148241484e-23)
(0.8037341766 0.007513756157 9.678757304e-21)
(0.8158689243 0.006676994057 9.774263303e-21)
(0.8266167321 0.005718935549 -5.715319519e-21)
(0.8356514581 0.004652632886 -2.297837777e-21)
(0.8426822312 0.003492116321 -1.127795314e-21)
(0.8474900222 0.002243507639 -8.31444298e-21)
(0.3433156193 -0.003775537115 1.729306047e-20)
(-0.04564370042 -0.006505067763 3.370641031e-21)
(-0.01078914166 -0.00226890593 9.040077898e-21)
(0.9332428727 -0.004511756881 -2.955424727e-21)
(0.6873022361 0.02026524669 -2.221381056e-20)
(0.7387924809 -0.0281237615 -1.406016077e-20)
(1.25185449 -0.008870058511 -7.528784775e-21)
(1.124591287 0.02682251771 -1.695878253e-20)
(1.16353752 -0.04566227356 1.495193508e-19)
(1.389849011 -0.01118903521 -5.083773853e-20)
(1.336583084 0.02715084405 -1.324940203e-20)
(1.356761797 -0.05147660906 1.027924751e-19)
(1.431896455 -0.01093655335 -1.385422371e-19)
(1.416233225 0.02581686315 -3.29853328e-20)
(1.422349914 -0.04939739006 -2.508621286e-19)
(1.432310955 -0.009224589411 -1.073556832e-19)
(1.432007072 0.0241254171 -1.387840179e-19)
(1.430633381 -0.0437592871 -2.222723271e-19)
(1.419179578 -0.007065374302 6.601141232e-20)
(1.423056393 0.02224905636 -7.789631054e-20)
(1.41883774 -0.0369971793 -1.965772915e-21)
(1.404425577 -0.004869008612 1.0356616e-19)
(1.407921824 0.01992526047 2.123762693e-19)
(1.402886454 -0.03052056036 1.313697233e-19)
(1.39124048 -0.002620607149 -3.519763471e-20)
(1.39335053 0.01703470754 7.627738171e-20)
(1.387723313 -0.02421884199 4.486736691e-20)
(1.37940172 0.01407303432 -1.457235118e-19)
(1.376967724 -0.0006322675574 -9.066212553e-21)
(1.37374781 -0.01748631355 -1.036745447e-19)
(0.2941951509 0.01543277527 -3.588555306e-20)
(-0.08376068494 -0.01657957721 -8.67884542e-21)
(0.8764075294 0.05358578456 -3.624961767e-20)
(0.6185207934 0.06137070001 5.589424368e-21)
(1.208348606 0.0664007504 -2.298415001e-20)
(1.059695439 0.09505556189 -1.694892942e-20)
(1.36283515 0.06680212001 4.903126911e-21)
(1.287624446 0.1048813442 -8.942783756e-20)
(1.416696966 0.06223125705 -3.262077037e-20)
(1.38190923 0.1024279089 1.707401942e-19)
(1.42334864 0.05598341577 -1.096609011e-19)
(1.406812821 0.0943855895 2.187260127e-20)
(1.412532415 0.04913919329 6.695621873e-20)
(1.401885332 0.08396687072 -1.407269757e-19)
(1.397919826 0.04189047246 1.857130729e-19)
(1.387472095 0.07254495384 6.073299914e-20)
(1.383682177 0.03416692315 -3.303978336e-20)
(1.372171628 0.06053804169 1.143475637e-19)
(1.356893192 0.04770254932 -1.036700704e-19)
(1.368372976 0.02557697937 -7.90618443e-20)
(0.2372233402 0.02732974369 3.270461654e-20)
(-0.1208484266 -0.03245103167 2.89227694e-23)
(0.8001602325 0.1042662505 2.484929007e-20)
(0.5392534399 0.09323649686 7.099215282e-20)
(1.138350262 0.137308304 -8.324366821e-20)
(0.9739667187 0.1560438636 -7.604744524e-21)
(1.307031887 0.1436434836 7.569877026e-20)
(1.212273146 0.1788466286 -4.379876851e-20)
(1.373076962 0.1364110846 2.263081109e-19)
(1.319724601 0.1783636978 1.447569584e-19)
(1.386887258 0.1232324324 -8.288322488e-21)
(1.354360682 0.1660770553 4.818392556e-20)
(1.378615032 0.1077064481 -1.480422741e-19)
(1.354594673 0.1483554671 -1.989381046e-20)
(1.363330545 0.09114433356 -1.102286696e-20)
(1.341653456 0.1283713004 -5.450455186e-20)
(1.346645164 0.07379597165 4.507951506e-20)
(1.325518834 0.1081812351 -7.516907313e-20)
(1.30794099 0.08913481265 2.057989398e-22)
(1.332051317 0.05601798276 -4.894400389e-20)
(0.1785815211 0.03163213861 3.786134212e-20)
(-0.1529947562 -0.05303093246 1.594519344e-20)
(0.7119771274 0.1457989584 3.877835518e-20)
(0.4574328513 0.1153954726 4.996773824e-20)
(1.047423157 0.2013342557 3.205567729e-20)
(0.8753641401 0.2075381541 7.4425392e-21)
(1.22536236 0.2170438552 2.463412017e-20)
(1.116498789 0.2459818132 4.740161448e-20)
(1.302132477 0.210225039 -3.268143601e-20)
(1.23354795 0.2506792129 1.644889648e-21)
(1.323604927 0.1924061069 3.699577651e-20)
(1.277189257 0.2369853812 -3.251756688e-20)
(1.319323861 0.1699671691 7.37822964e-20)
(1.283341307 0.2144081158 1.303071077e-19)
(1.305770152 0.1461236477 -1.183048488e-19)
(1.273564362 0.1880652172 -4.632417763e-21)
(1.291058915 0.1226760735 -1.20335833e-19)
(1.259447382 0.161704503 -1.582376326e-19)
(1.244102301 0.1403688584 4.070941244e-20)
(1.277810356 0.1008766291 7.490371036e-20)
(0.1237515877 0.02912415763 2.773292971e-20)
(-0.1777418156 -0.07667692426 2.137135528e-20)
(0.6201317983 0.1772432574 1.882940059e-20)
(0.3795609807 0.1285445865 3.226854834e-20)
(0.9439078694 0.2556705939 2.349450652e-20)
(0.772091151 0.2480573733 -5.59354824e-20)
(1.124862233 0.283211512 2.467545756e-20)
(1.008039562 0.3030203146 5.946566105e-20)
(1.209590253 0.2798706538 1.998617895e-21)
(1.129854774 0.3151903589 3.889572278e-21)
(1.238524724 0.2603826173 5.975040946e-20)
(1.180806263 0.3027358909 -3.937084203e-20)
(1.23945748 0.233799753 5.21367359e-20)
(1.193316311 0.2779105941 5.97825071e-20)
(1.229359723 0.2053011153 -4.364510549e-20)
(1.188285912 0.2477990934 -7.578726024e-20)
(1.218307545 0.1781895981 1.159793304e-21)
(1.178281275 0.2174276777 -1.532439879e-20)
(1.16662886 0.1948983916 8.612432043e-20)
(1.207424996 0.1531550639 4.958783935e-20)
(0.07622079228 0.02131181119 2.583708581e-20)
(-0.1941953841 -0.1016734367 2.299313135e-20)
(0.5311095335 0.198858561 -4.161560278e-20)
(0.3097722403 0.1342517038 -7.0928496e-21)
(0.8355566528 0.2984685064 -1.903972029e-20)
(0.6708033153 0.2773891586 -5.571958811e-20)
(1.012915916 0.3384966756 3.964354632e-20)
(0.8943877475 0.3477455821 6.299232494e-20)
(1.101745815 0.340568909 -3.662263632e-20)
(1.015716834 0.3681285712 8.042585099e-20)
(1.136877855 0.3217188887 -3.94804538e-20)
(1.071349108 0.358582039 -5.993559993e-20)
(1.143511625 0.2931726476 -6.71466214e-20)
(1.089688268 0.3334106642 1.396789936e-20)
(1.138155146 0.2618506581 -4.646954417e-20)
(1.090057889 0.3014016401 -3.40725191e-20)
(1.131938463 0.232455393 6.938508841e-20)
(1.085070828 0.2685720204 -6.479428825e-20)
(1.077711841 0.2454935814 8.453481983e-21)
(1.125583113 0.2054548508 2.189805969e-20)
(0.03759331357 0.009974793673 -9.849161283e-21)
(-0.2026264032 -0.1266070371 8.247681508e-22)
(0.4491967404 0.2118235205 -2.089653357e-20)
(0.2498473469 0.1342722494 -4.777667577e-21)
(0.7287173115 0.3292025825 2.588539665e-20)
(0.575896949 0.2961728664 -5.114064866e-20)
(0.8965986516 0.3805145852 1.042056547e-19)
(0.7816184975 0.379118214 -1.61992172e-20)
(0.9853810676 0.3884543104 5.835164899e-20)
(0.897613317 0.4068825204 1.331355849e-19)
(1.024712192 0.3715584715 -6.87644235e-21)
(0.9548242866 0.40075862 -1.66012595e-20)
(1.036746938 0.3426293049 4.753407387e-20)
(0.9776226163 0.3764010122 1.813356701e-20)
(1.03676234 0.3100096614 -5.141255876e-20)
(0.9832248486 0.3438801311 -3.795599975e-20)
(1.035862181 0.2796657843 -1.250557159e-19)
(0.9836524745 0.3100276979 -8.874225869e-20)
(0.9806162051 0.2868315769 7.029526044e-21)
(1.035963911 0.2525579772 -3.442240636e-20)
(0.007748820687 -0.003522731337 5.837608078e-21)
(-0.204161178 -0.1505912964 -7.622794302e-21)
(0.3762737822 0.2173458321 -3.47354605e-20)
(0.1995736207 0.1300443528 6.947516989e-21)
(0.6276282223 0.3480838637 -9.283716393e-20)
(0.4894476831 0.3054925484 -5.40366341e-20)
(0.7816758897 0.4081497751 1.187212888e-20)
(0.6739047149 0.3972821291 1.359170841e-20)
(0.8667085576 0.421216871 5.901485588e-20)
(0.7808583801 0.430545238 1.26880828e-19)
(0.9078859307 0.4067479681 8.619589845e-21)
(0.8367752633 0.4274943302 3.676594268e-20)
(0.9242124407 0.378499482 -6.680095797e-20)
(0.862284943 0.4045176952 -1.056373762e-19)
(0.9292397037 0.345726903 -7.400023855e-20)
(0.8722749875 0.372377587 -9.188591633e-20)
(0.9331792128 0.3151685022 4.287337398e-20)
(0.8778366415 0.3383306661 2.816796583e-20)
(0.8798415278 0.3158618751 4.874478813e-20)
(0.93923373 0.2892870402 5.841585123e-20)
(-0.01439994988 -0.01817374262 -6.462111871e-21)
(-0.2001498536 -0.1731063486 -1.908391117e-21)
(0.3124456406 0.2167288674 -1.160152353e-20)
(0.1576979007 0.1226704342 -9.035664535e-21)
(0.5344115986 0.3562097545 5.207332215e-20)
(0.411910627 0.3067150471 8.958048936e-21)
(0.6719615932 0.4218805401 1.279490641e-19)
(0.5736396663 0.4034689914 1.082463583e-19)
(0.7504191524 0.4385771271 1.05941986e-19)
(0.669211821 0.439977757 8.362416324e-20)
(0.7912112158 0.4263176025 -7.590123256e-20)
(0.7214944541 0.4392513119 -1.804416994e-20)
(0.8103784048 0.3992632252 -1.30693381e-19)
(0.7476937675 0.4179681389 -8.726943507e-20)
(0.819654993 0.3670190792 1.070465606e-20)
(0.7600999834 0.386961023 -5.039819406e-21)
(0.8291637326 0.3369191686 3.393848443e-20)
(0.768192172 0.3524197062 -2.43963528e-21)
(0.7703856938 0.3281044741 -5.674750658e-21)
(0.8461616207 0.3136952535 5.461199054e-21)
(-0.03022572093 -0.03342394276 -4.117178995e-21)
(-0.1918594974 -0.1939879396 3.524634396e-21)
(0.256925438 0.211111724 1.192538322e-20)
(0.1228828469 0.1129031453 1.273044698e-20)
(0.4498350732 0.3551446129 6.460956505e-20)
(0.3430738014 0.3011487671 4.327410309e-20)
(0.5698490437 0.4234484363 6.406301858e-20)
(0.4822920771 0.3993875489 3.559530167e-20)
(0.6400150403 0.4423307896 -3.879173711e-20)
(0.5657686699 0.4370882605 -3.758285768e-20)
(0.6785444981 0.43217854 -2.866064997e-20)
(0.6134136358 0.4380314575 -3.812486943e-20)
(0.6985047939 0.4070650833 3.802623927e-20)
(0.6394213583 0.4189366904 -1.483355605e-20)
(0.7088473908 0.3760314055 -1.819724697e-20)
(0.6535658557 0.3905427394 2.053487537e-20)
(0.7149640627 0.3438059242 -4.2037008e-20)
(0.6634832321 0.3585084915 -3.277883216e-20)
(0.6668326223 0.3307004478 -7.976842759e-21)
(0.7316532116 0.3219465532 -1.154817365e-20)
(-0.04096576055 -0.0489842385 2.028922315e-20)
(-0.180289048 -0.2133324226 1.406208364e-20)
(0.2088056301 0.201251496 4.389053965e-20)
(0.09390634902 0.1009398006 7.714596445e-21)
(0.3741054658 0.3461262626 1.435651799e-20)
(0.2823799763 0.2895410725 1.697221283e-20)
(0.4769847775 0.4143402908 -6.562984402e-20)
(0.4004597992 0.3861787145 -1.389916023e-20)
(0.5385581971 0.4338931515 -3.745324491e-20)
(0.4723087017 0.4230967414 -1.447140312e-20)
(0.574296586 0.4253962405 -2.44318458e-20)
(0.5152815213 0.4247598316 7.122144669e-21)
(0.5947580337 0.4025562273 -3.223791535e-20)
(0.5409161423 0.4075807433 1.540176449e-20)
(0.6070319874 0.3740173422 6.222633363e-21)
(0.5566809805 0.3818662332 2.915732014e-20)
(0.6165243437 0.3458314973 1.159719597e-21)
(0.5681835999 0.3536258929 -5.324019299e-20)
(0.5791103862 0.3275935647 -1.413892163e-20)
(0.6176395472 0.31324446 -2.46842198e-21)
(-0.04765571529 -0.06497169583 1.090424076e-21)
(-0.1663110699 -0.2314773029 8.214223719e-21)
(0.1672451368 0.1873612304 -1.963041106e-20)
(0.06958896315 0.0865449104 -5.042953548e-21)
(0.307160065 0.3298606078 -1.113821885e-20)
(0.228957181 0.2721350658 -2.14182618e-20)
(0.3943403193 0.395609114 3.799406743e-20)
(0.3278975445 0.364492114 1.990355058e-20)
(0.4480420999 0.4143901774 2.903418945e-20)
(0.3892237741 0.3988132078 3.271113327e-20)
(0.4813154893 0.406900296 4.709237527e-20)
(0.4279351265 0.4001526339 -1.648843686e-20)
(0.5025312973 0.3862926739 7.679880679e-20)
(0.4532642144 0.3843958001 5.389318054e-20)
(0.5171274685 0.3606563184 -2.963227972e-20)
(0.4707795117 0.3611243753 1.650465126e-20)
(0.5294994391 0.335828053 -6.873056198e-20)
(0.4843352952 0.3360749059 -5.703274339e-20)
(0.498327753 0.3126471835 -1.287311374e-20)
(0.5353118643 0.3061523837 -3.00443274e-20)
(-0.05123828756 -0.08168204501 1.687405757e-21)
(-0.1505083709 -0.2487044126 4.695516955e-21)
(0.1311883514 0.1694146768 -7.099187449e-21)
(0.0490004574 0.06951918288 -7.617537427e-21)
(0.2481876858 0.3068107348 9.411544601e-21)
(0.1818727751 0.2492027654 -1.087735449e-20)
(0.3214689769 0.3681212388 1.528840345e-20)
(0.2638891861 0.3351119304 9.473719832e-21)
(0.3682940587 0.3848809075 -1.298157068e-20)
(0.3160877646 0.365410458 -3.576053309e-21)
(0.3994758284 0.3777259841 -1.012960074e-20)
(0.3511783459 0.3656112232 -3.032351912e-21)
(0.4214569186 0.3590708263 -6.300031256e-21)
(0.3763419495 0.3509098755 6.798902608e-21)
(0.4382072819 0.3362194081 -1.000305158e-20)
(0.395587274 0.3299672698 -8.284215254e-21)
(0.4529116 0.3142767815 -1.391825778e-21)
(0.4114554666 0.3078243987 3.963922916e-21)
(0.4274540322 0.287496092 8.835294862e-21)
(0.4621884694 0.2878724653 -1.617045314e-21)
(-0.05228396297 -0.09923499388 -4.761520612e-21)
(-0.1330977698 -0.2650179988 4.981295084e-21)
(0.09980571605 0.1475390505 -1.098904249e-20)
(0.0317563527 0.04999108459 -6.724172411e-21)
(0.1962554164 0.2775217569 -1.125606599e-20)
(0.1406110338 0.221230378 3.039972377e-21)
(0.257447891 0.3327999726 -9.335960149e-21)
(0.207895246 0.2989451032 4.973416662e-21)
(0.2984353316 0.3465243114 6.349662486e-21)
(0.252426808 0.3241368599 -2.378834551e-20)
(0.3279119473 0.339106026 1.374676741e-20)
(0.2846286003 0.3225923715 9.512242106e-21)
(0.3506265859 0.3220603773 4.893302363e-21)
(0.309814773 0.3086474556 3.663042919e-20)
(0.3693089346 0.3017493996 5.690991485e-21)
(0.3306713488 0.2898957466 -9.711161312e-21)
(0.3861168424 0.2823975211 1.416715783e-20)
(0.3487681275 0.2704731444 -1.467921025e-20)
(0.3664287141 0.2530326582 9.999295784e-22)
(0.3986511614 0.2593164752 1.032560382e-20)
(-0.05090588351 -0.1174834912 3.084498515e-21)
(-0.1141213211 -0.2802534739 3.703773936e-21)
(0.07291032274 0.1220866617 7.602278369e-21)
(0.01790029993 0.0282831757 -2.51104999e-21)
(0.1510888292 0.2426458381 1.95003483e-20)
(0.1051635184 0.188769799 1.367440733e-20)
(0.2019837173 0.2905999855 -9.354677748e-21)
(0.1598442172 0.2567945004 6.159701207e-21)
(0.2382234375 0.3005176933 -2.086822685e-20)
(0.1981434898 0.275996427 -3.806079119e-20)
(0.2664706433 0.2924009532 3.221138358e-20)
(0.2281905068 0.2722273095 1.938355905e-20)
(0.2899756918 0.2767220693 2.21898067e-20)
(0.2536002533 0.2587939311 2.240068119e-20)
(0.3104277404 0.2588027941 -3.016331837e-20)
(0.2759333289 0.2421088973 -2.462067318e-20)
(0.3291606733 0.2419448689 -2.81653859e-20)
(0.2960164793 0.2253143783 -1.99393108e-20)
(0.3151339172 0.2105774821 -7.583620835e-21)
(0.3445677921 0.2222206686 -9.614962621e-21)
(-0.04701814327 -0.1361458088 -1.851916556e-21)
(-0.09360796502 -0.2942117421 1.107666953e-22)
(0.05069980257 0.09353259909 3.839708545e-21)
(0.007636125823 0.004791627371 -5.935933371e-21)
(0.112883675 0.2028701929 6.366495697e-22)
(0.07579814632 0.1524261917 -8.412849215e-22)
(0.1552423769 0.2424104122 -2.231080739e-20)
(0.119991039 0.2094578109 -1.005781229e-20)
(0.1878018487 0.2479176983 1.83116545e-21)
(0.1534569549 0.2219411827 5.145284161e-22)
(0.2152841658 0.2387964905 9.505061724e-21)
(0.1820458915 0.2155843023 1.80306652e-20)
(0.2396246019 0.2243432137 -2.428786727e-20)
(0.2078543607 0.2025065428 -2.777248361e-20)
(0.2616545819 0.2087637674 -1.437931569e-20)
(0.2315154531 0.187843717 -1.402916118e-20)
(0.2820646033 0.1944209079 5.191698372e-22)
(0.2532954368 0.1736978919 1.137122979e-20)
(0.2736550129 0.1616168302 3.732533486e-21)
(0.2998608159 0.1781313255 -1.787214737e-21)
(-0.04052649842 -0.1549088677 -3.935115541e-21)
(-0.07161945401 -0.3067063743 -2.233234725e-21)
(0.03345787212 0.06241547971 -1.046468823e-20)
(0.001172452915 -0.02004770134 -4.008877058e-21)
(0.08198635176 0.1589395799 -1.148086401e-20)
(0.05285334113 0.1128882799 -5.574934856e-21)
(0.1175601448 0.1891427372 1.270674148e-20)
(0.08871217681 0.1578342975 -2.154972654e-21)
(0.1474664659 0.1897605198 1.661668132e-20)
(0.1187284212 0.1630272575 1.809423322e-20)
(0.1746033298 0.1794223942 -1.899255514e-20)
(0.1465177024 0.1538300649 -3.168779847e-21)
(0.1997861189 0.166129896 -1.765384492e-20)
(0.1728621885 0.1410323423 -1.905267967e-20)
(0.2231737624 0.1529069548 1.157214746e-20)
(0.1976765018 0.1284102559 3.522147308e-21)
(0.2449832779 0.1411593316 1.466528553e-20)
(0.2208388446 0.1169899407 1.305309457e-20)
(0.2422058995 0.1075900769 4.833034276e-21)
(0.2646886665 0.128443724 7.046871806e-21)
(-0.03137440313 -0.1734587571 -2.295100134e-21)
(-0.04824830927 -0.3175767295 -2.542543804e-21)
(0.0214493703 0.02932566899 4.988380169e-22)
(-0.001324798265 -0.0457817496 1.168814252e-20)
(0.0587642631 0.1116957899 3.732622759e-21)
(0.03664394245 0.07091348511 -3.672456276e-21)
(0.08933062939 0.1318313297 3.116097589e-21)
(0.06638870791 0.102930682 1.028875546e-21)
(0.1175946085 0.1272135075 -1.577907862e-21)
(0.09434646589 0.1004357359 1.227650671e-20)
(0.1447727145 0.1155351879 -3.16722965e-21)
(0.1219722801 0.08825306912 -8.648471439e-21)
(0.1707717346 0.1034005221 1.944419945e-21)
(0.148960533 0.07572093479 0)
(0.1952695628 0.09259401209 4.966879712e-21)
(0.1747264328 0.0651903435 3.730364395e-22)
(0.2181728206 0.0835402155 3.288331636e-21)
(0.1989321307 0.05658391528 3.004377652e-21)
(0.2210512858 0.04989517209 -1.001529837e-21)
(0.2393017098 0.07453918647 1.52145336e-21)
(-0.01954432217 -0.1914951897 1.143874896e-20)
(-0.02360857649 -0.3266941486 -1.632428743e-21)
(0.01488921895 -0.005118013318 7.41132729e-21)
(0.0002579860742 -0.07196191522 1.67608217e-20)
(0.0435431147 0.06205589963 -6.404587353e-21)
(0.0274182751 0.02729607112 -8.179481791e-21)
(0.07092384719 0.07161881029 1.012299801e-20)
(0.05333342843 0.04582695921 -8.198378961e-21)
(0.09855974762 0.06156482383 5.318922626e-21)
(0.08063609348 0.03544025123 1.301915028e-20)
(0.1261491231 0.04850514936 -5.548299542e-21)
(0.1087209362 0.02023592829 -1.684896552e-21)
(0.1529167419 0.03756417151 -1.572399338e-21)
(0.1364374344 0.008000188568 -2.090281951e-23)
(0.1782547066 0.02924543517 -1.601088859e-21)
(0.1629305876 -0.0003734945871 -1.598489346e-21)
(0.2019217611 0.02297288288 -1.23819864e-21)
(0.1878209293 -0.006090949869 -6.360243932e-22)
(0.210421985 -0.01005125456 -7.207002218e-22)
(0.2239673387 0.01779250656 -2.57769936e-21)
(-0.005053815395 -0.2087376625 3.615770474e-21)
(0.01392475874 -0.04028785758 1.270749115e-21)
(0.03655729655 0.0109798477 -9.973161299e-21)
(0.0626047693 0.009715334537 -5.41417167e-21)
(0.09062450809 -0.005820302093 6.097050728e-21)
(0.1189774629 -0.02022663506 3.829809869e-21)
(0.1464381926 -0.02991727349 -2.509972753e-23)
(0.1723270483 -0.03569222107 -6.366000108e-22)
(0.196410158 -0.03913210201 -8.925245911e-23)
(0.2188101533 -0.04042102216 9.753801004e-22)
(0.515609196 0.1543790762 -8.271756658e-21)
(0.5193209779 0.2051948029 -1.059306544e-20)
(0.581699779 0.2132551241 -2.248640151e-20)
(0.475514663 0.06757839598 4.76347157e-21)
(0.4687208001 0.09129511589 3.519643677e-22)
(0.4983438091 0.0971676357 -3.999394701e-22)
(0.4668388037 0.02546731576 3.7930897e-21)
(0.4621246756 0.03550055511 1.819760162e-21)
(0.4743047587 0.03977861303 1.864855659e-21)
(0.4680679958 0.006317972911 1.287819851e-21)
(0.4640674556 0.01025350743 2.753064568e-21)
(0.4687394267 0.01295704812 7.682346293e-23)
(0.472399995 -0.001478386604 -3.154386872e-22)
(0.4693077682 -0.0004958475763 -6.056848364e-22)
(0.4708464926 0.00132139304 3.153679242e-22)
(0.4771473962 -0.004018667251 1.865993663e-23)
(0.4747743759 -0.004301839303 1.117886389e-23)
(0.4750310285 -0.002985596315 1.943870334e-23)
(0.4812658719 -0.004170864752 1.304214259e-23)
(0.4795046174 -0.00494366706 3.131125919e-24)
(0.4792994418 -0.003968284072 2.735970417e-25)
(0.484424209 -0.003368154668 5.988730856e-23)
(0.4832492787 -0.004238700899 7.375256893e-23)
(0.4829110866 -0.003525444049 -2.030394262e-24)
(0.4865978472 -0.002013779288 6.91500107e-23)
(0.4858366296 -0.003072122076 1.046581946e-22)
(0.4854816981 -0.002582573866 7.503178133e-23)
(0.4876909174 -0.00128895015 -3.13821009e-23)
(0.4873417847 -0.001084723758 -5.874897293e-25)
(0.4740180397 0.1429907155 3.174886817e-22)
(0.4662008891 0.1909829092 6.974486682e-23)
(0.4594307524 0.05795646289 3.954411522e-22)
(0.4480093792 0.08158315057 2.856360681e-21)
(0.4608234427 0.02007424948 2.096316115e-21)
(0.4543009134 0.03006069841 -1.13090253e-21)
(0.4661324397 0.003261284741 1.432020647e-21)
(0.4613780791 0.007039991305 1.645329742e-21)
(0.4720245888 -0.003376873386 -4.996975225e-22)
(0.4686218538 -0.002552862049 -2.996107002e-22)
(0.4773410572 -0.005260373485 -3.451537802e-24)
(0.4748763322 -0.00573209816 8.022450597e-25)
(0.4816475381 -0.005039621369 6.403455143e-23)
(0.4798893113 -0.005976308845 1.515314237e-23)
(0.4848313444 -0.003971332345 6.904252147e-23)
(0.4836968605 -0.004972298436 1.445068386e-22)
(0.4869870685 -0.002359640959 3.736420035e-24)
(0.486269657 -0.003565929334 -5.608000875e-23)
(0.4881017424 -0.001493423087 -3.61203276e-23)
(0.4416510155 0.1284919287 2.582250763e-21)
(0.4237010145 0.1709633246 -1.438059384e-20)
(0.4463906034 0.05058729435 1.383186248e-21)
(0.4311313959 0.06951541799 1.883142817e-21)
(0.4555867168 0.01617276382 -1.625651875e-21)
(0.4471721825 0.02354636888 -7.632348582e-22)
(0.4642448265 0.0008652312364 -2.819439333e-22)
(0.4587509726 0.003256577753 -1.06717681e-21)
(0.4716781849 -0.005079345178 2.045385758e-22)
(0.4679414596 -0.004941896949 2.907676861e-23)
(0.4775894529 -0.006512016128 1.956637992e-23)
(0.4750119815 -0.007317006187 9.323400613e-24)
(0.4820841971 -0.005936934863 9.582790439e-23)
(0.4803227028 -0.007073154531 9.7205702e-23)
(0.4852968174 -0.004589798659 -3.337377686e-24)
(0.4841985443 -0.005728019477 8.240008037e-23)
(0.4874361422 -0.002709160476 -8.844973604e-23)
(0.4867616632 -0.004064535376 -1.344901815e-22)
(0.488572577 -0.001698100645 1.755049437e-23)
(0.4149898437 0.1107433138 -1.545625626e-20)
(0.3893624846 0.14600961 -1.506219085e-20)
(0.4349016474 0.04085093501 -1.986639774e-21)
(0.4165394125 0.05565156826 1.999135686e-21)
(0.4509072767 0.01042757323 -1.888708795e-22)
(0.4408319915 0.01605990609 4.205076519e-22)
(0.462749799 -0.002621074514 -6.484043802e-22)
(0.4565005468 -0.001050926587 -8.091128637e-22)
(0.4714802536 -0.007209246829 -1.073965352e-22)
(0.467490641 -0.007571472899 -1.742025382e-22)
(0.477925779 -0.007909666369 1.379790821e-22)
(0.4752816628 -0.009031927165 3.588064238e-23)
(0.4825890335 -0.006885518547 1.052328514e-22)
(0.4808449588 -0.008228131583 4.494044093e-23)
(0.485825418 -0.005223357705 -4.873047583e-23)
(0.484772839 -0.00650462965 -2.461189415e-23)
(0.4879476251 -0.003061494763 -2.837798123e-23)
(0.4873209229 -0.004568135987 -4.828369224e-23)
(0.4891054423 -0.001903084005 1.011759732e-23)
(0.3923387123 0.09005843134 3.422295239e-21)
(0.3609671837 0.1171165509 -1.752771879e-21)
(0.4251805091 0.0296418727 3.503141388e-21)
(0.4044184059 0.04025374715 4.195917648e-21)
(0.4471023698 0.004219464721 -1.970637955e-22)
(0.4357414477 0.007732704207 9.719961958e-23)
(0.4616073827 -0.006199997918 -2.115627131e-22)
(0.4548891652 -0.005806041019 -2.676720498e-23)
(0.4715030139 -0.009463691548 -3.036626705e-23)
(0.4673382683 -0.01044818575 -1.097771025e-22)
(0.4783912877 -0.009386185642 -3.219263733e-23)
(0.4757201356 -0.01086466718 2.744347802e-23)
(0.4831850154 -0.007868802164 -8.541998126e-23)
(0.4814783662 -0.00943436113 -2.341777643e-22)
(0.486429359 -0.005868080783 -3.502964007e-23)
(0.4854318771 -0.007299074087 -1.545961473e-23)
(0.4885263246 -0.003415831783 -1.315647632e-23)
(0.4879530466 -0.005075322152 -3.583305398e-23)
(0.4897014346 -0.00210781957 -1.217041517e-23)
(0.3732747644 0.0669820912 -2.700528347e-22)
(0.3378910869 0.08525331106 -2.300570276e-21)
(0.4174615026 0.01733761974 1.510294361e-21)
(0.3950583853 0.02340633042 2.208396795e-22)
(0.4442559759 -0.002592206254 2.72378131e-22)
(0.4319770007 -0.001314082376 2.413666082e-22)
(0.4609476549 -0.01016265734 7.737288947e-23)
(0.4539224651 -0.0109493313 -2.272900807e-23)
(0.47177838 -0.01189937915 -5.246718833e-23)
(0.4675194338 -0.01353035796 -2.308245596e-22)
(0.4790076303 -0.01094338684 -1.753248763e-22)
(0.476350451 -0.01279585361 1.329962332e-22)
(0.483884467 -0.008883585999 -1.861553369e-22)
(0.4822361632 -0.01068235374 -6.319723692e-23)
(0.4871147013 -0.006521756825 -2.710795006e-23)
(0.4861824818 -0.008106861721 -9.739230731e-23)
(0.4891744178 -0.003771072488 -3.486131665e-23)
(0.4886608604 -0.005583804403 -3.683842539e-23)
(0.4903606783 -0.002311406767 3.376780023e-23)
(0.3582222815 0.0418482985 -1.822373656e-21)
(0.3201828706 0.05120452974 4.379769715e-21)
(0.411818884 0.004012781571 -1.07284834e-21)
(0.3885078859 0.005266798322 -1.250576042e-21)
(0.4424083389 -0.009906432098 -5.646457486e-23)
(0.4295719512 -0.01093690976 3.627703215e-22)
(0.4607953492 -0.01440126672 -3.340504174e-22)
(0.4536254175 -0.01641175797 -4.483715533e-23)
(0.4723278066 -0.01447240234 -7.579534696e-23)
(0.468056729 -0.01677969446 -1.342236289e-22)
(0.479787867 -0.01256248577 2.734929321e-22)
(0.4771875786 -0.01480552612 2.028242486e-22)
(0.4846948091 -0.009921629713 2.628269734e-23)
(0.4831268693 -0.01196176827 3.411758831e-22)
(0.4878847825 -0.007180572776 -1.072352539e-22)
(0.4870287565 -0.008922670555 -1.258253462e-22)
(0.4898927171 -0.0041254438 3.184089421e-23)
(0.4894456401 -0.006090711613 -2.121688212e-23)
(0.4910826037 -0.002512703458 4.954963129e-23)
(0.3477687751 0.0150094702 4.999206556e-21)
(0.3079377425 0.01555619235 3.729592504e-21)
(0.4082699088 -0.01016929262 1.959246991e-22)
(0.384751617 -0.01384425424 1.80186282e-21)
(0.4415809631 -0.0176200073 3.761842701e-22)
(0.4285599431 -0.02099349862 4.456394913e-22)
(0.4611685123 -0.01885670616 1.244281307e-22)
(0.4540097048 -0.0221229282 -8.908159226e-22)
(0.4731659812 -0.0171517791 8.364707736e-23)
(0.4689652667 -0.02015804169 1.88068342e-22)
(0.4807414443 -0.01422747855 2.706104978e-22)
(0.4782422851 -0.01687304877 1.753594528e-23)
(0.4856211116 -0.01097462934 1.887963938e-22)
(0.484156465 -0.01326145332 1.986472298e-22)
(0.4887414741 -0.007840223732 -4.435406384e-23)
(0.487973136 -0.00974046708 -3.93362058e-23)
(0.490681103 -0.004476801158 -4.043452353e-24)
(0.4903075308 -0.006592665228 -1.087230347e-22)
(0.4918660086 -0.002710356685 -2.49913273e-24)
(0.3418260284 -0.01298389644 5.044714893e-22)
(0.3012298061 -0.02106569219 -9.460499757e-22)
(0.4068224277 -0.0249766454 2.058208998e-21)
(0.3837707011 -0.03363427258 2.685774725e-21)
(0.4417891782 -0.02562154668 -8.278266797e-22)
(0.4289690006 -0.03135003085 -1.91420089e-22)
(0.462083105 -0.02347256381 -8.456903609e-22)
(0.4550823903 -0.028012866 -5.990792631e-22)
(0.4743039093 -0.01990759145 9.017934551e-23)
(0.4702564718 -0.02362673898 7.567613832e-22)
(0.4818752373 -0.01592214122 -4.101578599e-23)
(0.479522535 -0.01897725443 -1.213305191e-23)
(0.4866665866 -0.01203374947 -3.012958383e-23)
(0.4853288565 -0.01456954162 1.97382477e-22)
(0.489685395 -0.00849582868 -1.08722381e-22)
(0.4890165796 -0.01055359888 -9.20635248e-23)
(0.4915385631 -0.004822648415 -1.077490598e-22)
(0.4912455693 -0.007085821226 2.676738698e-24)
(0.492709028 -0.00290282211 2.802411977e-23)
(0.340458388 -0.04156468251 1.320210271e-21)
(0.4074634075 -0.04017489904 4.279118848e-22)
(0.4430426906 -0.0338127479 3.831291251e-23)
(0.4635504652 -0.0281945788 1.033991417e-21)
(0.4757494533 -0.02271061696 6.581151632e-22)
(0.4831938377 -0.01763028102 2.405149384e-22)
(0.487832851 -0.01308968864 1.350908722e-22)
(0.4907158999 -0.009141926665 2.061022571e-23)
(0.4924631826 -0.0051601675 1.384971405e-22)
(0.6164748025 0.01615481035 3.638471313e-21)
(0.6616657285 0.04334583722 1.18113271e-20)
(0.786868565 0.03013475551 1.289301102e-20)
(0.531155285 0.00787202803 -1.126239326e-21)
(0.553125937 0.0217041156 -3.336491334e-21)
(0.4936752912 0.003334057215 -6.562778817e-22)
(0.5025069745 0.009534396594 -2.011453319e-21)
(0.4799557782 0.00111263154 1.1368469e-22)
(0.4820602766 0.003490056039 2.36982637e-22)
(0.4770330578 0.0001288422882 -2.619644991e-23)
(0.4765133484 0.0007434999907 -2.273960548e-22)
(0.4784751976 -0.0002415858158 2.012424399e-24)
(0.4770423124 -0.0003668605955 -9.609641303e-23)
(0.4811871484 -0.0003218731749 2.064163686e-23)
(0.4796433834 -0.0006898830904 3.098416196e-26)
(0.4837821247 -0.0002787618816 -2.229462085e-23)
(0.4825477962 -0.0006601263948 8.060417324e-25)
(0.4857354214 -0.0001709774321 -1.459690827e-23)
(0.4848451329 -0.0004968919072 -1.980395016e-23)
(0.4865964016 -0.0002104630964 8.443689745e-24)
(0.6085731319 0.04880712331 4.836364451e-21)
(0.6479403797 0.0858882654 -1.848506956e-21)
(0.7758086698 0.09124685341 -1.532616406e-20)
(0.5269852726 0.02344325946 -4.221705327e-21)
(0.5458135873 0.04245894852 -2.356052781e-21)
(0.4915747632 0.009776570014 -1.118192801e-21)
(0.4987246217 0.01854234474 -1.405797159e-21)
(0.4789701302 0.003157918987 -1.040981078e-22)
(0.4802414907 0.006696501869 1.155080946e-22)
(0.4766209367 0.0002600167962 -2.97296018e-22)
(0.4757117683 0.001341102613 -2.097287672e-22)
(0.4783377447 -0.0008067182923 -9.807785326e-23)
(0.4767413142 -0.0008035930264 -7.768981555e-23)
(0.481168108 -0.001022293255 -1.980461097e-23)
(0.4795779166 -0.001409888698 -9.519947382e-24)
(0.4838140359 -0.0008749957686 3.29671242e-24)
(0.4825859523 -0.001333214186 5.834267535e-25)
(0.4857928309 -0.0005348991741 3.236647848e-24)
(0.4849255851 -0.001000270226 2.713285666e-24)
(0.4866906926 -0.0004234391279 1.243442884e-23)
(0.5952616729 0.0805783233 -9.040924188e-21)
(0.6287223344 0.1278851675 -1.21308e-21)
(0.7603527316 0.1506279302 8.54092402e-21)
(0.5202348283 0.03796430933 4.598553864e-22)
(0.5346229735 0.06154474922 1.110078258e-22)
(0.4881618659 0.01561437701 -1.72096264e-22)
(0.4931170334 0.02670126667 -1.72096264e-22)
(0.4773539956 0.004941500193 9.877435239e-24)
(0.4775637166 0.009445875908 1.006918994e-21)
(0.4759585683 0.000296597072 9.877435239e-24)
(0.474523902 0.001696080211 9.877435239e-24)
(0.4781185444 -0.001407321492 1.086809034e-23)
(0.4762841225 -0.001353061349 0)
(0.4811550893 -0.001725112177 1.086809034e-23)
(0.4794779681 -0.002182344094 1.086809034e-23)
(0.4838890808 -0.001461991152 -1.679196999e-36)
(0.4826448395 -0.002028704128 7.999265739e-28)
(0.4859036387 -0.0008907997462 1.191106665e-23)
(0.4850492334 -0.001512746146 2.818085796e-25)
(0.4868417508 -0.0006390829305 1.018194023e-23)
(0.5773898371 0.1057012673 7.938852013e-21)
(0.6212152941 0.1718239635 -3.964589445e-21)
(0.7501145379 0.2138659765 -2.138230858e-20)
(0.5106730358 0.04902498145 -5.209438246e-22)
(0.5244026037 0.07851658883 -9.66222586e-22)
(0.4833907188 0.02012301838 1.006918994e-21)
(0.4869509735 0.0336415141 0)
(0.4751061508 0.006058688475 1.006918994e-21)
(0.4743406216 0.01155335643 2.084814025e-22)
(0.4749783534 5.289316833e-06 0)
(0.4730524136 0.001728590118 5.479828348e-22)
(0.477802113 -0.002137389126 0)
(0.4757001852 -0.00207138709 0)
(0.4811327341 -0.002486609314 7.999265756e-28)
(0.4793474783 -0.003029608437 0)
(0.4839970121 -0.002078629473 2.826085062e-25)
(0.4827267919 -0.002757337188 -1.601260394e-23)
(0.4860668897 -0.001260125316 -1.447317849e-24)
(0.4852211608 -0.002039294632 -6.063407661e-25)
(0.4870544795 -0.0008591968214 -2.32934242e-24)
(0.5752115866 0.1500504537 -1.286966404e-20)
(0.7380786991 0.2925034244 -7.390192716e-21)
(0.5018937721 0.06533902695 -4.452787614e-22)
(0.4777686555 0.02584495836 -7.984375916e-22)
(0.4722507022 0.007480604626 -2.504547569e-22)
(0.4738514059 -0.0002751696314 5.479828348e-22)
(0.4774451893 -0.002936308052 0)
(0.4811351508 -0.003296578373 -1.601340386e-23)
(0.4841546015 -0.002722053094 -1.690155321e-23)
(0.4862902482 -0.001641637341 -1.488365338e-24)
(1.342145298 0.001144358307 -2.392208249e-21)
(1.349720916 0.000264357428 -1.833015771e-20)
(1.343031369 -0.001118810748 2.177976372e-21)
(1.322376614 0.00332814163 -1.299209812e-21)
(1.338383549 0.00460571388 2.877648663e-21)
(1.287158997 0.006240860318 1.887676958e-20)
(1.30926131 0.009367066303 1.076520394e-21)
(1.233733674 0.01096218598 4.096033038e-20)
(1.266124377 0.01712138128 3.124480234e-20)
(1.163075749 0.01588912148 2.573124706e-20)
(1.202237894 0.02733598328 1.103248963e-20)
(1.082302312 0.0202689803 1.70191777e-20)
(1.119529549 0.03750264939 -5.740224904e-21)
(1.002700595 0.02407343998 8.52316545e-21)
(1.038090255 0.04491184371 7.378594408e-21)
(0.9226783229 0.02683779177 -1.954846498e-21)
(0.9531123421 0.05390568484 4.426741138e-22)
(0.855451969 0.02932606337 8.27712833e-21)
(0.8824183299 0.05440126081 -7.629892064e-21)
(0.809942334 0.06513358161 -4.272372513e-21)
(1.344496194 0.003542272352 -1.332778515e-20)
(1.353141259 0.0003804055906 -3.016794815e-20)
(1.344219446 -0.003197568584 -9.973974686e-21)
(1.325443739 0.01039166505 5.305766912e-21)
(1.342474846 0.009250526508 2.46449473e-21)
(1.289221659 0.01987569385 1.26325172e-20)
(1.314081879 0.01946260999 1.203720998e-20)
(1.232839693 0.033743757 2.604911109e-21)
(1.26768837 0.03566823852 1.126035574e-20)
(1.158140273 0.048959525 -1.969851807e-20)
(1.199140136 0.05650161701 -9.356532839e-21)
(1.074487694 0.06219347608 -1.56684385e-20)
(1.113592127 0.07649801395 -1.476949624e-20)
(0.9918158798 0.07409673076 -4.502356454e-22)
(1.029955607 0.09175908514 -1.167375364e-20)
(0.9109195794 0.08136514134 -5.076824855e-21)
(0.941582341 0.1081358765 7.23702605e-21)
(0.8432280665 0.08911197546 -1.994111265e-20)
(0.8716771652 0.1094932449 6.403881114e-21)
(0.7954781675 0.1290624164 -3.737980569e-21)
(1.349873233 0.006042449742 -1.468945209e-20)
(1.359589623 0.0002796826109 2.864369488e-21)
(1.347751696 -0.005454558922 -1.737417262e-20)
(1.33187824 0.01789058515 9.051905345e-21)
(1.350156102 0.01406174794 2.124645607e-20)
(1.293598138 0.03449181496 1.06601947e-20)
(1.320802512 0.03066442201 -7.085767455e-21)
(1.232931605 0.05795201271 3.869323938e-22)
(1.270156828 0.05608606642 2.4574433e-20)
(1.154642047 0.08320632705 -4.141076742e-21)
(1.198171585 0.08766495905 -2.46053922e-20)
(1.068967902 0.1052097952 -1.069260686e-20)
(1.112551309 0.1177640558 -1.192056414e-20)
(0.9826901323 0.1245334555 -4.200230342e-21)
(1.027625481 0.1425276356 1.253612721e-20)
(0.900563042 0.1357329152 1.880167679e-20)
(0.9367486706 0.1653103638 2.613099931e-20)
(0.8296380783 0.147994698 2.26534965e-20)
(0.8668916503 0.1703979067 2.389530572e-21)
(0.7815404325 0.1956843772 -9.019427654e-21)
(1.358204221 0.008420682002 3.880246877e-20)
(1.368229683 1.20414342e-07 3.332815477e-20)
(1.354264594 -0.008349796631 2.592201861e-20)
(1.339438173 0.02628766403 5.457789603e-21)
(1.359365918 0.01945744683 1.525456987e-20)
(1.299219042 0.0509960127 6.427679095e-21)
(1.326417812 0.04265563552 -5.411010729e-20)
(1.235579578 0.08503659265 7.74735465e-22)
(1.273032698 0.07794271254 8.540305032e-20)
(1.157583523 0.1211969242 -3.267261411e-20)
(1.201604997 0.1202628197 -8.910039506e-21)
(1.073208658 0.1538778835 1.086510466e-20)
(1.119600621 0.1617133725 -3.549206908e-20)
(0.9855883413 0.1816435843 4.239025722e-20)
(1.034910035 0.1984494796 2.693254593e-20)
(0.9034561375 0.1985157337 9.715807371e-21)
(0.9442272198 0.2286242578 2.945531523e-20)
(0.8248961437 0.2153015146 -2.757508764e-20)
(0.8705770053 0.2439348089 -7.380425711e-21)
(0.768487914 0.2683417252 -1.532550926e-20)
(1.367837604 0.01119283461 9.796755187e-21)
(1.361247658 -0.01176264542 1.510185474e-20)
(1.347134501 0.03615489886 -4.361484104e-20)
(1.303158864 0.06974214014 2.275820631e-20)
(1.239344861 0.113950064 7.681219279e-20)
(1.16491912 0.1615720973 -1.206889498e-20)
(1.083186217 0.2071688258 -1.955263155e-20)
(0.9957808432 0.2464153865 1.626114036e-20)
(0.9097067224 0.2758295951 1.366524973e-20)
(0.8153795902 0.2984465576 3.627679508e-21)
(0.5765078577 -0.3048936404 6.460083419e-21)
(0.5545266391 -0.2845994818 4.48567736e-21)
(0.6172599655 -0.2765482612 2.529420936e-20)
(0.5740789835 -0.2816384019 -1.937705965e-21)
(0.5780711898 -0.3310482633 -3.763148037e-21)
(0.5492860603 -0.3094973868 9.581162189e-22)
(0.6165893854 -0.3056115829 -1.666596167e-20)
(0.5785858178 -0.360196068 -2.388052853e-21)
(0.5470038627 -0.3363181575 -7.699659323e-21)
(0.6185946199 -0.3366208488 -1.942747492e-20)
(0.5766929888 -0.3915712319 3.083842563e-20)
(0.5432189089 -0.3656749939 -1.532295166e-21)
(0.6198233674 -0.3704654127 3.446695731e-20)
(0.5702783895 -0.4231546697 3.004318539e-20)
(0.536482109 -0.3971468629 8.612048249e-21)
(0.6184360834 -0.4060031502 -2.495269336e-20)
(0.5526645485 -0.4474638955 -2.113383175e-20)
(0.5241681622 -0.427556029 2.127194244e-20)
(0.6108130571 -0.4397925129 -2.129370875e-20)
(0.5044698477 -0.4421085973 -3.067134548e-20)
(0.4969412454 -0.4453589858 1.190492857e-21)
(0.5853941736 -0.460025835 -2.964564428e-20)
(0.3814901229 -0.3555322954 -4.708458577e-21)
(0.428715384 -0.417669795 4.288312808e-21)
(0.5113677052 -0.4339128665 1.640183646e-20)
(0.1111642847 -0.1017440494 1.505438604e-20)
(0.2656320276 -0.2724854944 4.627574222e-21)
(0.3262379687 -0.290814235 -3.23390494e-21)
(-0.07341259246 0.09183668765 2.017822031e-20)
(-0.06200635495 0.06789003987 9.12729223e-21)
(0.5238291079 -0.2883219473 -2.707354266e-22)
(0.4981269699 -0.2689947108 -3.637995008e-21)
(0.5265430357 -0.263640852 9.151452448e-21)
(0.518080455 -0.3129878882 -3.208989273e-21)
(0.4876973776 -0.2915438727 -6.126850578e-21)
(0.5108725445 -0.3405063634 -6.819678507e-21)
(0.4789645634 -0.3160623502 -6.535717404e-21)
(0.5018013614 -0.3704235264 -2.384739515e-20)
(0.4693356559 -0.3431478332 -6.723023352e-21)
(0.4893863861 -0.4007660322 1.862927708e-22)
(0.4576182337 -0.372399268 -1.131883689e-20)
(0.4681726885 -0.4242509887 4.348080877e-20)
(0.4415131018 -0.4008369237 1.692743029e-20)
(0.421844579 -0.4187715297 3.609496047e-20)
(0.4132650032 -0.4174252987 1.879648102e-20)
(0.3125106001 -0.3323964519 1.401963294e-20)
(0.3510900573 -0.3897850746 1.190746719e-20)
(0.07736251603 -0.07740534882 1.09793111e-20)
(0.2095157059 -0.2456462639 7.146267989e-21)
(-0.0816629265 0.1183081449 -4.207936476e-21)
(0.4592293443 -0.2717568688 -9.390737636e-21)
(0.4389127683 -0.2458732371 -1.981350958e-20)
(0.4671939034 -0.2487584111 -7.034419518e-21)
(0.4488860684 -0.2940679277 -1.005144644e-20)
(0.4260310179 -0.2666958292 -9.984921473e-21)
(0.4377375869 -0.3188087924 -6.501666164e-21)
(0.4139563956 -0.2892549982 -5.036989674e-21)
(0.4252205934 -0.3457079959 5.881422345e-21)
(0.4008625837 -0.3139080164 1.132511045e-21)
(0.4098830985 -0.3730626766 5.610694025e-21)
(0.3857349143 -0.3403467007 3.958238875e-21)
(0.3872189905 -0.3941155623 -7.746151092e-21)
(0.3667427996 -0.366094269 4.082427388e-21)
(0.343882467 -0.3875306712 -5.350874684e-21)
(0.3377732764 -0.3810095422 -6.946469147e-21)
(0.2483306334 -0.3018550943 5.397891711e-21)
(0.2812748669 -0.3538117689 -5.77031019e-21)
(0.04761446896 -0.04884689441 -7.084365515e-21)
(0.1599708513 -0.2128769796 -3.564694647e-21)
(-0.08572207418 0.1458387441 -1.309042264e-20)
(0.4041371926 -0.2410318001 -2.035950052e-20)
(0.3871471702 -0.2139450533 -1.129073322e-20)
(0.414815066 -0.2197760489 -2.936896191e-20)
(0.3911401119 -0.2615513309 -5.201877445e-21)
(0.3725700584 -0.2323785195 -7.884325108e-21)
(0.3769036453 -0.2840829774 2.617774495e-21)
(0.3576552711 -0.2524288836 1.153102945e-21)
(0.3609119191 -0.3083979184 -6.890529565e-22)
(0.3412962883 -0.2742427633 1.132511116e-21)
(0.342140406 -0.3331686337 2.430662374e-21)
(0.3228134515 -0.2976417783 -4.150559015e-21)
(0.3172777208 -0.3523974805 4.818699972e-21)
(0.3009188502 -0.3206575282 -1.174483827e-21)
(0.2759227194 -0.345882895 -7.887897095e-21)
(0.27104265 -0.3341764378 -3.538716234e-21)
(0.1925778136 -0.2632057972 -1.471927553e-20)
(0.2195677963 -0.3084209339 -1.166138351e-20)
(0.023719668 -0.01636598416 -8.70843755e-21)
(0.1169650448 -0.1732337374 -3.684472053e-21)
(-0.08603575938 0.175087691 -6.797882862e-21)
(0.3543765386 -0.2051468479 1.281153101e-21)
(0.341563839 -0.1762239482 -1.179570215e-20)
(0.3675830273 -0.1865634906 4.71762206e-21)
(0.3388501051 -0.2229247239 -1.475933921e-21)
(0.3254695816 -0.1919027708 -2.210660107e-21)
(0.3217648724 -0.242386114 -2.969925951e-22)
(0.3081715102 -0.2089707659 1.021063785e-20)
(0.3027870225 -0.2634547245 -2.3767293e-21)
(0.2891655612 -0.2275633675 -3.394293427e-23)
(0.2812343746 -0.2851428781 -7.668219611e-21)
(0.2680122099 -0.2476150491 -2.340536197e-21)
(0.2547491247 -0.3022200532 -9.493990719e-21)
(0.2438290903 -0.2676576081 -6.261776078e-21)
(0.2155135406 -0.2958706813 -7.339325037e-21)
(0.2133582077 -0.2797241946 -6.327776053e-21)
(0.1436789069 -0.2173967907 -5.744865532e-22)
(0.1665536449 -0.2559385518 -6.188013944e-22)
(0.004828845755 0.01984704475 -9.694430777e-22)
(0.08113508733 -0.1284271908 8.538248561e-22)
(-0.08225847547 0.2051148477 1.929129972e-21)
(0.3120207326 -0.1631494253 -1.521532546e-20)
(0.3038092495 -0.1335123604 7.192303813e-21)
(0.3272956416 -0.1476686647 -2.529525672e-20)
(0.2945297173 -0.1779266759 9.561286897e-21)
(0.286516405 -0.1461358573 2.842731601e-20)
(0.2752807402 -0.1941175502 1.041489597e-20)
(0.2673462799 -0.1598886839 1.210074838e-20)
(0.2539929932 -0.2117236805 0)
(0.2462519555 -0.174914519 -4.276430853e-21)
(0.230211703 -0.2301081169 -8.805927168e-22)
(0.2229596628 -0.1912921873 5.965986817e-22)
(0.2023844468 -0.2449277816 -3.017462256e-21)
(0.1968971604 -0.2081000533 -7.30100164e-21)
(0.1650110516 -0.239030501 2.170566965e-22)
(0.1659278079 -0.2186536362 -2.962420498e-21)
(0.1034728595 -0.1659780334 8.553380005e-22)
(0.1232046725 -0.1973247346 4.260939797e-21)
(-0.008028813817 0.05866745177 4.143228871e-21)
(0.05312330624 -0.07922274105 4.607732628e-21)
(-0.07428213326 0.2356354085 1.292310074e-20)
(0.2779950095 -0.1167005263 5.09723651e-20)
(0.2746067198 -0.08694177093 2.770920635e-20)
(0.2949002239 -0.1046637213 3.833765e-20)
(0.2589530402 -0.1281414025 3.091600993e-20)
(0.2563820456 -0.09627454939 5.422442502e-20)
(0.2379789557 -0.1407095731 -2.794746179e-21)
(0.2357812884 -0.1064450153 1.348393453e-20)
(0.2148413887 -0.1545228364 -3.664047078e-21)
(0.2130921086 -0.117637607 -1.297462083e-20)
(0.1892639908 -0.1693242043 -5.867702372e-21)
(0.1881593141 -0.1301035047 -3.985451286e-21)
(0.1603486412 -0.1817292072 -7.221015968e-21)
(0.1606322787 -0.1434935873 -1.16289742e-20)
(0.1245955943 -0.1764637545 8.380873499e-22)
(0.1292829525 -0.1525037683 -4.809417947e-21)
(0.07212986922 -0.1098548329 7.942501818e-21)
(0.09003182477 -0.134048919 4.942215061e-22)
(-0.01479494862 0.09950426144 1.344093499e-20)
(0.03333347699 -0.02683270393 1.716284092e-20)
(-0.06199986309 0.2660024383 4.884565547e-21)
(0.2529104092 -0.06675549261 3.113783263e-20)
(0.2544624389 -0.03752996815 -5.438991379e-22)
(0.2710239642 -0.05837457797 1.077481695e-20)
(0.2327376877 -0.07467177229 3.678382336e-20)
(0.2355950996 -0.04342291524 1.780515209e-20)
(0.2105181641 -0.08343082654 3.072001679e-21)
(0.2140129755 -0.04985095957 1.89121249e-20)
(0.1860446404 -0.0932680762 -1.327159684e-20)
(0.1902365559 -0.05704318858 8.41978415e-21)
(0.1591483217 -0.1043196625 -9.782843057e-21)
(0.1641741266 -0.06543998226 -1.185317493e-21)
(0.1294181094 -0.1142221555 -9.178168042e-21)
(0.1356010968 -0.07528778321 9.356204787e-22)
(0.09501908771 -0.1097609814 -5.121701598e-21)
(0.1039746551 -0.08274591291 -1.194551821e-20)
(0.05028603015 -0.05044563925 9.744525707e-21)
(0.06752111149 -0.06751481758 -8.252325141e-21)
(-0.01513981882 0.1413998187 8.52772542e-21)
(0.02210068954 0.02761666079 1.071761791e-20)
(-0.04537852782 0.2956687362 -3.404430377e-21)
(0.2371939454 -0.01440667992 -1.379450655e-20)
(0.2436270869 0.01365126758 -1.296136416e-20)
(0.256071343 -0.00980107166 -1.198291768e-20)
(0.2163146769 -0.01869204578 1.111148659e-22)
(0.2244319636 0.01129377432 -7.472131353e-21)
(0.1933220916 -0.02352549105 2.416858661e-20)
(0.2023330829 0.00867893953 1.284144492e-20)
(0.1680114047 -0.0292700045 2.042625932e-20)
(0.1779840312 0.005563835546 1.710749995e-20)
(0.1402572232 -0.03646841869 9.549618415e-21)
(0.151304785 0.001306396558 5.40159053e-21)
(0.1099687647 -0.04382372205 -1.901491016e-21)
(0.122103325 -0.004949196965 5.869063344e-22)
(0.07662811087 -0.04032042549 -1.502962468e-20)
(0.09029072381 -0.01088375717 -8.670043115e-21)
(0.03821033953 0.01101263497 -7.16026173e-21)
(0.05592676086 0.0008379630909 -2.946382281e-21)
(-0.00897490072 0.1835215536 -1.327458103e-21)
(0.01957974916 0.08295874227 4.653380704e-21)
(-0.0244713508 0.3240457588 -1.981803748e-21)
(0.2309675873 0.03923561523 -6.642934078e-21)
(0.2501837925 0.04002837273 -1.074041219e-20)
(0.2098329372 0.03860644917 5.441717582e-21)
(0.1865620501 0.03772483391 5.791963505e-21)
(0.1609309411 0.03609789154 2.026799309e-21)
(0.1327933481 0.03277108192 -3.587688351e-21)
(0.1022091335 0.02794901178 -6.231257463e-21)
(0.06962106165 0.0303541029 3.469967605e-21)
(0.03605057518 0.07318705505 8.870536229e-21)
(0.003715380619 0.2249838145 3.934132878e-21)
(1.369553188 -0.03877391659 -2.288745691e-20)
(1.341596996 -0.0465060646 -6.4754776e-20)
(1.352991578 -0.02666750634 -4.101890734e-20)
(1.386356228 -0.04972018501 7.31079438e-20)
(1.359254571 -0.06177905392 1.08235733e-20)
(1.402800324 -0.06052368222 6.270173045e-20)
(1.37522119 -0.07685509209 2.205233249e-20)
(1.417328509 -0.07137792687 -1.18071594e-19)
(1.391316219 -0.09206323027 9.761392798e-20)
(1.421049759 -0.08131512037 -3.34709719e-19)
(1.4047157 -0.1074870614 -7.534577467e-20)
(1.388702425 -0.08759006521 -9.519861511e-20)
(1.402016963 -0.1208875289 -3.701609697e-19)
(1.266954399 -0.0851668861 2.600128642e-19)
(1.348285983 -0.1279305246 8.761425973e-20)
(0.9660382455 -0.06689300314 1.374044025e-19)
(1.174282438 -0.1187224732 2.929139377e-19)
(0.3795025197 -0.0285846799 -2.207840514e-20)
(0.7682460135 -0.08051585335 -3.712846153e-20)
(0.01693312951 -0.002776755462 -7.546490064e-21)
(1.329749462 -0.06915030104 -3.065849955e-20)
(1.289935545 -0.07738941461 -5.490804184e-20)
(1.313273863 -0.0495868932 -2.320541984e-21)
(1.345847248 -0.08868827405 -4.017529608e-20)
(1.308131796 -0.09993187397 -1.547448639e-19)
(1.361484569 -0.1082907339 5.736963022e-20)
(1.324330185 -0.1226520465 2.349985893e-20)
(1.376476495 -0.1279953247 1.394139696e-19)
(1.340563412 -0.1452948587 1.304046442e-19)
(1.383429302 -0.1465593013 -1.124355233e-19)
(1.354974082 -0.1681391797 7.795821206e-20)
(1.359513891 -0.1600067118 -1.847161547e-19)
(1.356184309 -0.1888546168 -2.426980143e-19)
(1.253348503 -0.1591950155 1.216318899e-19)
(1.313125571 -0.2012025429 -1.152273763e-21)
(0.972744481 -0.1298011418 1.163428451e-19)
(1.157372288 -0.1896074057 2.121705548e-19)
(0.3995281592 -0.05623928674 -2.244164604e-20)
(0.7735893244 -0.1333563589 -1.345773051e-20)
(0.03471148485 -0.006129387873 -1.119541196e-20)
(1.266631624 -0.1074748815 -1.794372707e-19)
(1.221682688 -0.1114617947 -2.147145283e-20)
(1.249920351 -0.08148721951 -2.367332135e-21)
(1.284445784 -0.1334479446 -8.997560789e-20)
(1.241427523 -0.1388115137 -1.648624305e-19)
(1.30138273 -0.1593189902 9.726635364e-20)
(1.258094514 -0.1671810656 5.923974684e-20)
(1.317227202 -0.1852568353 6.851489498e-20)
(1.274276647 -0.1955731851 -5.220998728e-21)
(1.326064677 -0.2100317674 -5.438089694e-20)
(1.288755631 -0.2242913344 -7.372702379e-20)
(1.307886596 -0.2287920555 -5.781160075e-20)
(1.291961791 -0.2512558148 -9.367417355e-20)
(1.214373138 -0.2298262637 9.048043896e-20)
(1.255740939 -0.2683026476 9.488913703e-20)
(0.9544717874 -0.1912115895 8.086917691e-20)
(1.115856187 -0.2555281859 1.404599454e-19)
(0.402719405 -0.08409696425 -2.196989327e-21)
(0.7578558487 -0.183491792 -1.782116789e-20)
(0.04212381002 -0.009728644835 -7.362344867e-21)
(1.195175996 -0.1419241776 -7.437906092e-21)
(1.144753483 -0.1450482656 4.84885889e-20)
(1.176813431 -0.1119241538 5.805156477e-20)
(1.213009321 -0.1723179978 -1.480432727e-20)
(1.164395089 -0.1751466645 1.223566594e-20)
(1.228994582 -0.2030081256 -4.377824008e-20)
(1.179948495 -0.2071633201 2.596407247e-20)
(1.243750428 -0.2342682878 -1.48015768e-19)
(1.194699245 -0.2399890251 -1.030844105e-19)
(1.252584432 -0.2647026056 -1.133170776e-19)
(1.20796542 -0.2734751644 -7.458520482e-20)
(1.237749145 -0.288665214 6.036199915e-20)
(1.211478524 -0.3053439037 2.502036275e-20)
(1.154551039 -0.2916980292 1.453369941e-19)
(1.179964026 -0.3263001004 6.353759255e-20)
(0.9150626693 -0.2453369633 4.028815768e-20)
(1.053609492 -0.3134167147 6.315426988e-20)
(0.3904602053 -0.1088387682 -2.313184474e-20)
(0.7214399717 -0.2270107727 -4.26492745e-20)
(0.03927180685 -0.01087287885 -1.523367189e-20)
(1.113748938 -0.1773466884 6.814621486e-20)
(1.063344276 -0.1797934331 -3.553842618e-20)
(1.097572783 -0.1461153584 -1.725042082e-20)
(1.129429307 -0.2100631019 5.29653522e-20)
(1.080358667 -0.21096603 2.735486869e-20)
(1.143757899 -0.2438501746 -3.374832224e-20)
(1.093397117 -0.2446971001 1.057378699e-19)
(1.156977818 -0.2787616628 -2.932651879e-20)
(1.105652742 -0.28009731 -3.900932576e-20)
(1.164984859 -0.3132018606 6.430579179e-20)
(1.116707332 -0.316597555 -1.115041515e-19)
(1.152016117 -0.3408484173 2.84174087e-20)
(1.119297658 -0.351656986 9.963944686e-20)
(1.077076897 -0.344992899 -1.864740308e-20)
(1.090739772 -0.3751382999 3.372407119e-20)
(0.8566578072 -0.2914195014 -1.970724303e-20)
(0.9758185302 -0.3614355305 4.779111021e-20)
(0.3638232846 -0.1284922645 -3.429082999e-20)
(0.6690335981 -0.2617869315 -2.613111641e-20)
(0.02867331162 -0.008480737712 1.498224881e-20)
(1.030397636 -0.2122060215 -7.546885021e-20)
(0.9799133789 -0.2111843189 -1.362523525e-20)
(1.016741536 -0.1804749678 -6.709277583e-20)
(1.04278966 -0.2457891303 7.969915185e-20)
(0.9927014586 -0.2423573546 3.929807993e-20)
(1.05385092 -0.2809181204 9.943130813e-20)
(1.002204507 -0.2765747634 1.120724315e-19)
(1.064016665 -0.3176479498 -1.220462906e-19)
(1.011222582 -0.3132847984 5.417484668e-20)
(1.069722317 -0.3542767 -7.553311466e-20)
(1.01932089 -0.351508203 -1.355913625e-19)
(1.05689861 -0.3839718175 1.03994211e-19)
(1.01998053 -0.3883910483 -1.642089498e-20)
(0.9881902477 -0.3881947403 9.904357455e-20)
(0.9928786144 -0.4131646206 6.991956832e-20)
(0.7855870176 -0.3278156631 4.181492119e-20)
(0.8875676268 -0.397903709 5.27675692e-20)
(0.3276309184 -0.1414154299 2.269437265e-20)
(0.6059269397 -0.2866213935 1.536204259e-20)
(0.01245822764 -0.001747714485 8.750036647e-21)
(0.9442109768 -0.240551994 1.026466562e-19)
(0.8953297028 -0.2372640297 3.250368224e-20)
(0.9358618827 -0.2100714098 5.401255801e-20)
(0.9517617257 -0.2737541898 7.19381334e-20)
(0.9025461217 -0.2674372872 5.647112143e-20)
(0.9589911214 -0.3093944823 6.658844787e-20)
(0.907889039 -0.301267879 1.807248063e-20)
(0.9658558701 -0.3471740459 3.950309906e-20)
(0.9133498967 -0.338390667 5.36979192e-20)
(0.9688593005 -0.3850884675 -7.614861376e-20)
(0.9181992579 -0.3773612944 6.058113598e-21)
(0.9553814649 -0.4158447295 -5.018572346e-20)
(0.9164841719 -0.4149554824 -1.369099044e-20)
(0.8916760743 -0.4194629824 2.290219255e-20)
(0.8900041199 -0.4398834765 -1.325465121e-20)
(0.7060077388 -0.3528178672 2.721559881e-20)
(0.7931316865 -0.4223669977 -3.9791495e-20)
(0.2849072547 -0.1465528044 6.640371851e-22)
(0.5362233411 -0.3009210119 3.992490583e-20)
(-0.007164889135 0.009866771356 -2.086474057e-20)
(0.856443535 -0.2635898778 -1.355432806e-20)
(0.8085924876 -0.2572857466 5.088542135e-21)
(0.854418403 -0.2351831416 -1.67370184e-20)
(0.8587092344 -0.295627435 2.515776762e-21)
(0.8100405418 -0.2858732309 -1.252713609e-20)
(0.8617618176 -0.3308663619 5.36756285e-21)
(0.8115743538 -0.3188562435 9.627473621e-21)
(0.8650749554 -0.3686543821 1.985701819e-20)
(0.8139035347 -0.3557687058 2.471884777e-20)
(0.8651960497 -0.4067137807 6.823146768e-20)
(0.8158149572 -0.3947057149 -7.582743137e-21)
(0.8507362866 -0.4373651872 2.307004232e-20)
(0.8118120375 -0.4320626231 3.205998994e-20)
(0.791368007 -0.4394846708 -7.519678699e-20)
(0.7856758899 -0.4561516605 5.409826014e-20)
(0.6219985787 -0.3668267157 -2.594461358e-20)
(0.696606152 -0.4357654947 -4.673162525e-20)
(0.2388008446 -0.1440153579 1.703586891e-20)
(0.4639418229 -0.3053921079 4.149222963e-21)
(-0.02760977792 0.02605178906 1.097275341e-20)
(0.7635166792 -0.2772697726 5.714742768e-21)
(0.7180159669 -0.2711287508 3.95810815e-20)
(0.7683704629 -0.2517624861 3.998150397e-20)
(0.7613122043 -0.3081952728 -5.786080074e-21)
(0.7145635313 -0.2979856587 -3.04834682e-20)
(0.761675993 -0.3433012393 2.908665189e-20)
(0.7140252786 -0.3300304617 -8.517869057e-21)
(0.7628438557 -0.3811228422 -3.381210354e-21)
(0.7146050368 -0.3661454313 5.339895405e-20)
(0.7610730537 -0.4190149861 -4.343769765e-20)
(0.7144118714 -0.4042002855 -7.810667722e-20)
(0.7460977116 -0.4490335059 6.249164258e-20)
(0.7085183228 -0.4404022276 -4.164209876e-20)
(0.6910273264 -0.4492468725 8.201942097e-20)
(0.6828219471 -0.4628815439 7.433666865e-20)
(0.5376676913 -0.3710566867 -1.7018072e-20)
(0.601427066 -0.4394184609 2.585632466e-20)
(0.192680593 -0.1346949325 -3.337119142e-21)
(0.39277648 -0.3015433271 -2.410262688e-20)
(-0.04659257675 0.04587677685 1.274610643e-20)
(0.6667699252 -0.2845039598 1.962417768e-21)
(0.6780439648 -0.2597850774 3.719442012e-20)
(0.663374792 -0.3158713996 -3.234423983e-20)
(0.6637618829 -0.3512968339 1.729744598e-20)
(0.6641780442 -0.3885052811 -2.140618711e-20)
(0.660945713 -0.4250386815 -7.636581938e-20)
(0.6453654147 -0.4531988113 -2.98535399e-20)
(0.5942737808 -0.4507839851 1.777943566e-20)
(0.4565645404 -0.3675598931 1.775512646e-20)
(0.1495097702 -0.1204400344 -9.147422132e-21)
(0.4952340515 0.00631999979 4.996161065e-22)
(0.4059166671 0.007881935775 3.792576809e-24)
(0.405078101 0.006269324376 -4.932594461e-22)
(0.4922267342 0.003477784878 -2.889839173e-21)
(0.5699320959 0.004633910308 -8.511971407e-22)
(0.5693917593 0.004184885279 -3.332125878e-22)
(0.4878540856 0.008235877155 -1.721942692e-22)
(0.4333889522 0.00583774996 -3.697673559e-22)
(0.4325266598 0.004771656718 -3.121140474e-22)
(0.4826337715 0.003300060786 4.323298523e-22)
(0.5250279067 0.007753060515 1.925571193e-23)
(0.5254103045 0.006370480154 2.292891157e-22)
(0.4766386181 0.005862318341 3.899880385e-21)
(0.4561402165 0.005234566952 -5.196955878e-22)
(0.455521649 0.003972823295 3.235952899e-22)
(0.4719408595 -0.004821766534 3.381698849e-21)
(0.4852288069 0.003747979044 -2.195503096e-22)
(0.4869531461 0.001602330949 5.002833529e-23)
(0.4700185058 -0.0191570839 -1.29581988e-22)
(0.4642018175 -0.006704386717 -1.799020407e-21)
(0.4674059776 -0.008985119593 -1.279744849e-21)
(0.4744402802 -0.05321352036 -2.847024992e-21)
(0.4724974025 -0.02608961113 -4.099932658e-22)
(0.4807934933 -0.03008866649 3.097946831e-21)
(0.5222672613 -0.1354473233 -3.243445723e-20)
(0.4647159159 -0.07206849334 -2.856740412e-21)
(0.4848625869 -0.07568823712 -3.439465842e-21)
(0.5497242179 -0.176312691 -1.947355886e-20)
(0.5712239626 -0.1922005556 -4.04436087e-20)
(0.4962899039 0.007276040554 -1.355945344e-21)
(0.4071756738 0.009128217063 1.590185411e-22)
(0.4930196133 0.004380192787 -3.332865511e-21)
(0.5709752365 0.005255473873 1.004231491e-22)
(0.488282734 0.009299877584 -1.772170187e-22)
(0.4340004003 0.006960073107 1.392380006e-22)
(0.4830262631 0.004950541043 -9.470525442e-22)
(0.5252069451 0.009186856109 -4.885164325e-22)
(0.47655376 0.007612822031 2.321860075e-21)
(0.456833375 0.006638632266 -7.016881874e-22)
(0.4705922672 -0.001620577926 -3.193664834e-21)
(0.4842530275 0.00604309029 -9.718130171e-23)
(0.465565412 -0.01474559224 -1.878309967e-21)
(0.4621391396 -0.003968171313 -1.032156298e-21)
(0.4626954292 -0.04622227469 -9.409740433e-22)
(0.4665715911 -0.02117386267 -9.985941493e-22)
(0.4918416675 -0.116416905 9.873194944e-21)
(0.4473673645 -0.06787555437 -1.315911904e-21)
(0.5093083584 -0.1590716255 2.118934693e-20)
(0.4975452335 0.0081008353 -5.111931997e-22)
(0.4083999237 0.009951033247 -2.745404339e-22)
(0.4938295281 0.005454949993 1.077657345e-21)
(0.5721317739 0.006088086448 1.520286083e-21)
(0.4887090021 0.01040551193 -1.721436361e-22)
(0.4344716034 0.008161622535 3.45883544e-22)
(0.4834650949 0.006703344723 -2.367392978e-22)
(0.5255404333 0.01065071578 -3.421842003e-22)
(0.4762990443 0.009209479477 -3.012989254e-21)
(0.4574581263 0.008275619469 3.25628494e-21)
(0.4690733304 0.001040905059 7.342366194e-23)
(0.4832857519 0.008565382494 -2.678328018e-23)
(0.4611081035 -0.01104837111 -1.050047423e-22)
(0.4600959992 -0.0006958408683 -1.600036889e-22)
(0.4511490554 -0.04181952992 -1.367267209e-21)
(0.460382166 -0.01490355407 -2.501250316e-22)
(0.461605035 -0.109480865 1.005253777e-20)
(0.431097217 -0.06088237809 -3.290798505e-21)
(0.4684429894 -0.1385437015 -1.109227859e-20)
(0.4986776481 0.008819999786 1.762130625e-21)
(0.4094516159 0.01037858557 -2.803389468e-22)
(0.4946068695 0.00668472915 7.868165996e-22)
(0.5731540843 0.007105609592 5.737517243e-22)
(0.4891416884 0.01154798363 -2.282899879e-21)
(0.434972173 0.009446059338 8.035107414e-23)
(0.4839614081 0.008573168081 7.488705837e-21)
(0.5258967575 0.0121238828 5.844362381e-22)
(0.4761738762 0.01112525529 2.924726414e-21)
(0.4581615252 0.01012507755 3.097233917e-21)
(0.4678597769 0.004466577634 1.481590027e-21)
(0.4825338854 0.01125539204 1.334804572e-22)
(0.4570239931 -0.005607815117 -3.083827084e-22)
(0.4585105265 0.003059824976 2.268743263e-21)
(0.4413678151 -0.03370829702 -1.200073688e-21)
(0.4546259063 -0.007730552854 -5.201169082e-22)
(0.4337152575 -0.09299612141 -2.515530923e-20)
(0.4182955611 -0.05152118013 -1.268372908e-21)
(0.4294989388 -0.1158149695 -2.278064895e-20)
(0.4996169083 0.009430836264 -3.97935328e-22)
(0.4103101385 0.01046291315 1.140883888e-22)
(0.4953285052 0.008040201576 -1.378424208e-21)
(0.5740003962 0.008265801647 6.250535025e-22)
(0.4895987233 0.01272581645 2.93205226e-21)
(0.4355216715 0.01080351799 7.457598117e-22)
(0.484519738 0.01054869681 -1.642542298e-21)
(0.5262744288 0.01358962709 5.755810805e-23)
(0.476206608 0.01323040004 2.866951519e-22)
(0.4589627797 0.01216820913 -2.150878477e-21)
(0.4670311724 0.008033513114 2.700573053e-21)
(0.4820210533 0.01408806877 8.370367018e-22)
(0.4536259269 0.0001867844663 2.086241425e-21)
(0.4575509155 0.007290108954 2.884568842e-21)
(0.4335897567 -0.02449996336 -2.557079416e-22)
(0.4495507423 6.672691042e-05 3.78494936e-22)
(0.4099590011 -0.07568045177 3.591452962e-21)
(0.4088237952 -0.03967742754 6.279118484e-22)
(0.3956370529 -0.09075544652 2.670053947e-21)
(0.5003730595 0.009941893952 1.136650448e-21)
(0.4109855863 0.01025931104 4.324583929e-22)
(0.4959911703 0.009493270877 1.508525444e-21)
(0.5746907469 0.009526214431 -3.475765884e-22)
(0.4900862982 0.01392625889 3.13650171e-22)
(0.4361038672 0.01221856291 8.897981147e-22)
(0.4851460391 0.01260747757 -4.896125105e-22)
(0.5266939315 0.01503289226 -5.467510736e-22)
(0.4764226406 0.01548702575 -1.612864615e-21)
(0.4598597686 0.01437903836 -4.219400294e-21)
(0.4666152159 0.01189140851 1.003994664e-21)
(0.4817841568 0.01701889568 5.571206232e-22)
(0.4509764576 0.006517632449 1.16885053e-21)
(0.457221426 0.01196918348 -1.918568069e-22)
(0.4275970719 -0.0139618894 5.654262509e-22)
(0.4452528409 0.008260249096 1.917861877e-21)
(0.3905071724 -0.05584819467 1.74872402e-21)
(0.4022148028 -0.02560428201 -4.740386655e-22)
(0.3675972696 -0.0635378985 2.692287324e-21)
(0.5009694104 0.0103598354 -1.051371214e-21)
(0.4114906106 0.009822312295 0)
(0.4965976272 0.01101345086 -9.699225037e-22)
(0.5752547549 0.01084766198 -1.053906255e-21)
(0.4906077772 0.01513418121 3.040615597e-23)
(0.4366999445 0.01367226368 -6.619963479e-22)
(0.4858458277 0.01472643528 -2.16987399e-21)
(0.5271765609 0.01644014101 1.649477854e-21)
(0.4768377125 0.01786409269 -5.181410072e-22)
(0.4608474686 0.01672584547 -2.335053121e-21)
(0.4666147633 0.01598053721 -6.502867801e-22)
(0.4818536164 0.02000932026 1.333756586e-21)
(0.4491785446 0.01322849729 5.51323917e-22)
(0.4575057418 0.01704637697 -2.228606213e-21)
(0.4232776064 -0.00231154396 8.828993288e-22)
(0.4418962114 0.01669337952 2.16821812e-22)
(0.3754767087 -0.03404010289 4.530686105e-22)
(0.3981234509 -0.009650005375 5.772968109e-23)
(0.3459418189 -0.03439665795 -9.641046612e-22)
(0.5014282646 0.01069384812 2.693979118e-22)
(0.4118359926 0.009204953926 0)
(0.4971517997 0.01257085952 -1.36478978e-21)
(0.5757196398 0.01219485259 5.982131419e-22)
(0.4911669541 0.01633380822 9.568497524e-22)
(0.4372943131 0.01514269065 -8.289694338e-22)
(0.4866244375 0.01688204857 1.49924743e-21)
(0.5277423915 0.01779976859 1.674051716e-21)
(0.477466376 0.02032648555 2.586127929e-21)
(0.4619200586 0.01917171664 1.833912856e-21)
(0.467028264 0.02025651 -9.872655488e-22)
(0.4822624864 0.02302761958 2.185882743e-22)
(0.4483242585 0.02021428912 -2.586750641e-21)
(0.4583615917 0.02243898559 -2.091471776e-21)
(0.4205806968 0.01022312026 -6.174075842e-22)
(0.4396530669 0.02527768215 -3.395491791e-21)
(0.3648609112 -0.01055444422 -1.373473744e-21)
(0.3963072541 0.007768583062 2.979826811e-21)
(0.3309054354 -0.003692616536 -2.964596376e-21)
(0.5017683647 0.01095224925 5.973643023e-22)
(0.4120297456 0.008458646547 2.524132977e-22)
(0.4976578611 0.01413566521 5.181916919e-22)
(0.5761077639 0.01353616208 1.794075906e-21)
(0.4917683217 0.01750870455 -1.176838651e-22)
(0.4378760386 0.01660540021 -3.766776453e-23)
(0.4874872979 0.01904981785 3.040159563e-21)
(0.5284091779 0.01910234811 -1.481400914e-21)
(0.4783213443 0.02283856687 9.922164463e-22)
(0.4630726072 0.02167543981 2.266318732e-21)
(0.4678588816 0.02466493697 -1.25800608e-21)
(0.4830415026 0.02604850948 -1.638687377e-21)
(0.4484806183 0.02737348309 -2.899961142e-21)
(0.4597430272 0.02803721381 -5.569515801e-23)
(0.4195000485 0.02345261512 1.95270316e-22)
(0.438695917 0.03397449851 -1.23193729e-21)
(0.3585869379 0.01423697699 1.409893095e-21)
(0.3965898836 0.02622051591 -1.568214373e-21)
(0.3225574535 0.02810116948 7.352970649e-22)
(0.5020038804 0.01115050799 1.446827977e-21)
(0.498120376 0.01568087867 1.395945702e-21)
(0.4924169444 0.0186426164 -1.400028705e-21)
(0.488440114 0.0212048272 -1.235222753e-21)
(0.4794124899 0.02536616785 -5.486992505e-22)
(0.4691097641 0.02914495529 1.27742642e-22)
(0.4496334855 0.03461466897 1.623187821e-21)
(0.4200437948 0.03714048515 -3.003195218e-21)
(0.3565666591 0.03988684155 -2.388582579e-21)
(0.4954181027 0.0004941907304 -1.618335072e-22)
(0.4054854507 0.001165571848 3.415651732e-22)
(0.4918312649 0.0004369053493 -3.766975049e-22)
(0.5699079474 0.0009124423729 -2.550633169e-22)
(0.4881644111 0.0005073703525 -9.949402927e-23)
(0.4317792085 0.0009327973477 -5.752562139e-23)
(0.483378931 0.0004336374886 -7.153941766e-23)
(0.5263777305 0.001217360534 -2.748067524e-23)
(0.481101843 0.0001225009391 2.226273995e-22)
(0.4567270838 0.0005792599528 6.810235294e-23)
(0.4812527993 -0.0006232872578 3.655803353e-22)
(0.4919767178 -3.840120484e-05 1.170996823e-22)
(0.4914953741 -0.002388002672 -5.23235925e-22)
(0.4783779286 -0.002605570603 7.508373694e-22)
(0.5214035955 -0.005864849353 -9.161647555e-22)
(0.5053827511 -0.007608241512 -2.039311541e-21)
(0.5903776063 -0.01409583068 -1.096593517e-21)
(0.5330414642 -0.01754604279 -3.7725178e-21)
(0.6508633253 -0.04127987814 3.036604479e-21)
(0.7526500228 -0.02234689856 -1.075349669e-20)
(0.4952882592 0.00156772591 2.483353635e-22)
(0.4054536831 0.002364174118 4.034695763e-22)
(0.4918658471 0.001394805175 6.410856661e-23)
(0.5697325699 0.001783057077 -4.215603959e-23)
(0.4880763197 0.001627958431 1.448773263e-23)
(0.4318173126 0.001896801188 -5.419315803e-24)
(0.4833275143 0.001361299813 1.121610954e-22)
(0.5262998358 0.002425391523 1.823440476e-23)
(0.4806784782 0.0004297247164 -3.742536423e-23)
(0.4564708466 0.001253138404 5.839662793e-23)
(0.480525563 -0.001972720977 5.023567164e-22)
(0.4913278604 4.98344609e-07 -9.582199216e-23)
(0.4898204502 -0.007688759229 -7.652382466e-22)
(0.4768595017 -0.004970062501 5.981787086e-22)
(0.5180586839 -0.01897537179 -4.895664586e-21)
(0.5021236442 -0.01479166104 -1.363416955e-21)
(0.5841409777 -0.04430398387 3.606801964e-22)
(0.5278242531 -0.03435647239 -3.05399383e-21)
(0.6377921196 -0.08192773473 4.504781231e-21)
(0.7439288989 -0.07325644017 -1.995061198e-20)
(0.4951247249 0.00258956862 1.129781732e-22)
(0.4053168307 0.003604377261 2.630984506e-22)
(0.4917816386 0.002293502292 -1.11683922e-22)
(0.5694813502 0.0026334924 -2.862568478e-22)
(0.4880384041 0.002706142547 -1.672643674e-24)
(0.4318704694 0.002849028726 -3.019584697e-22)
(0.4831301666 0.002323984731 -3.553006266e-23)
(0.5261711581 0.003673979861 -3.553006266e-23)
(0.4801218778 0.0008214501179 0)
(0.4560642738 0.002018405837 0)
(0.4791645482 -0.003021216722 0)
(0.4903361254 0.0002440298646 0)
(0.4868865849 -0.01212235828 0)
(0.4745742504 -0.006934442757 0)
(0.5123097763 -0.03025767444 4.782538009e-22)
(0.4972113459 -0.02125897241 0)
(0.5735323823 -0.07225902983 1.090107205e-21)
(0.5192721421 -0.04993066406 4.782538009e-22)
(0.6188260586 -0.1214474488 4.170928449e-21)
(0.7288855419 -0.1220841246 -6.911096466e-21)
(0.4948807876 0.003640934353 -1.361365705e-22)
(0.4050307599 0.004906634719 -6.3291077e-24)
(0.491690177 0.003188497531 -4.765313956e-22)
(0.569316348 0.003445139986 -3.932291865e-22)
(0.4879811049 0.003817740651 -3.358158887e-22)
(0.4319500263 0.003792565825 -3.358158887e-22)
(0.4828150604 0.003376526979 0)
(0.5259754994 0.004988150762 1.016005183e-22)
(0.4792716298 0.001465141369 0)
(0.4555376606 0.002919806005 0)
(0.4772705589 -0.003588111293 0)
(0.4890955329 0.0007530748696 0)
(0.4827941381 -0.01589993166 0)
(0.4716507955 -0.008339565576 -3.520936896e-22)
(0.503615002 -0.0405971999 0)
(0.4909208606 -0.02655551475 2.781096529e-21)
(0.5591574783 -0.0991642136 3.559075045e-21)
(0.5067996244 -0.06405990859 -3.421658816e-22)
(0.5909121832 -0.1583542352 -6.746593933e-21)
(0.7042391424 -0.1747543711 2.471624245e-20)
(0.4946432268 0.004705633081 -2.634217237e-22)
(0.4917352663 0.004067533479 -2.525136797e-22)
(0.4878864312 0.004969096136 1.016005183e-22)
(0.4824524536 0.004529806049 1.016005183e-22)
(0.4783130116 0.002168439777 0)
(0.474974561 -0.004143123871 -3.520936896e-22)
(0.4775122528 -0.01936524438 2.42900284e-21)
(0.4914011764 -0.05049378715 2.438930648e-21)
(0.5371124782 -0.1259711127 -1.064783486e-20)
(0.6701633606 -0.2185725984 1.611366869e-20)
(0.8042382139 -0.0231521806 -6.507046293e-21)
(0.7764107426 -0.04995387889 -1.960789934e-20)
(0.8655445955 -0.02262733909 1.514717429e-20)
(0.8288524728 -0.04959628019 -1.195830199e-20)
(0.934044401 -0.02105829339 3.783977764e-20)
(0.8922485289 -0.0461678408 1.376166098e-20)
(1.007524405 -0.01879599396 3.055637973e-20)
(0.9639463623 -0.04105745786 6.867079101e-21)
(1.084083736 -0.01571449692 -1.336376063e-20)
(1.040010177 -0.0351975321 2.248408802e-20)
(1.159681773 -0.01220414026 -2.096341962e-20)
(1.117015362 -0.028423569 -1.418526308e-21)
(1.228919096 -0.008654433797 -4.265494886e-21)
(1.191764828 -0.02142041404 1.031005381e-20)
(1.284632115 -0.0056216121 -9.292533761e-21)
(1.25706312 -0.01444096161 6.785434382e-21)
(1.322281755 -0.003232163536 -1.208684623e-21)
(1.307293679 -0.008519068785 -1.271705579e-20)
(1.336008527 -0.004288599439 1.057667794e-20)
(0.7963639388 -0.0753736786 -2.46947528e-20)
(0.7656395013 -0.1005259198 -1.739705063e-20)
(0.85819959 -0.07189928512 -1.279214534e-20)
(0.8198500316 -0.09959976003 -3.222795639e-20)
(0.9263500672 -0.06526911167 -1.72021391e-20)
(0.884381012 -0.09213273184 -2.566616474e-21)
(0.9999039081 -0.05706766876 -7.370887434e-22)
(0.9560828485 -0.08201516761 -6.319999096e-21)
(1.076915504 -0.04742249982 3.372071573e-20)
(1.032269855 -0.07033977428 -1.117240939e-20)
(1.153118365 -0.03700459024 3.058464957e-20)
(1.109934022 -0.0568171235 1.368227094e-20)
(1.223713234 -0.0265840089 2.128912012e-20)
(1.185098655 -0.04297558958 -2.522363458e-21)
(1.281745986 -0.01722916226 3.001611599e-21)
(1.252786715 -0.02934319595 2.014575381e-20)
(1.321688642 -0.009772010778 -6.659332088e-22)
(1.305984665 -0.01750853661 9.58966504e-22)
(1.33720533 -0.008904118108 2.844368229e-21)
(0.7856976239 -0.1250878318 -2.492336851e-20)
(0.7473169194 -0.1526208146 9.989968681e-21)
(0.8491236128 -0.1186261189 -2.157617246e-20)
(0.806169943 -0.1492953274 -1.086723466e-20)
(0.9175876583 -0.1073568344 8.177069373e-21)
(0.8732185632 -0.1372667904 -3.358075308e-22)
(0.9914072122 -0.093830434 -1.643501055e-20)
(0.9451470988 -0.1220307656 5.173736548e-21)
(1.068714935 -0.07833302823 -3.039660934e-20)
(1.021538405 -0.1045522417 -2.983836236e-20)
(1.14515658 -0.06173534065 -1.951647732e-20)
(1.100479229 -0.08454423228 -3.382641023e-21)
(1.217237024 -0.04500480319 -3.215681336e-21)
(1.176701646 -0.06444158082 -1.380569777e-20)
(1.278621576 -0.02934628131 1.778820265e-20)
(1.248114669 -0.04492634113 1.919501757e-21)
(1.322187649 -0.01661789064 4.512917314e-21)
(1.305484271 -0.02728476396 -1.718427824e-21)
(1.340290962 -0.01410745556 5.538088993e-21)
(0.7687824175 -0.1783044092 2.342070445e-20)
(0.7191220723 -0.2057962704 2.374285747e-20)
(0.8344585025 -0.1676242287 1.063990568e-20)
(0.7896147914 -0.1991001739 4.066081244e-20)
(0.9040752071 -0.1513756361 -3.095553161e-21)
(0.8630204498 -0.1837484465 -2.016681006e-21)
(0.9786712036 -0.1320296574 -8.950872039e-21)
(0.9370488343 -0.1635174691 2.609470742e-21)
(1.057286518 -0.1099483004 -2.052083697e-21)
(1.014097881 -0.1402047041 -1.737685804e-20)
(1.135587686 -0.08649977426 1.947781515e-21)
(1.09397669 -0.1135037903 -3.078590957e-20)
(1.208698882 -0.06443958284 -8.239912595e-21)
(1.171900025 -0.08665802129 3.088213511e-20)
(1.278012495 -0.04250535049 -1.784008447e-20)
(1.245809461 -0.06266648626 1.945602916e-20)
(1.324820587 -0.02446228655 -6.282551233e-22)
(1.307328537 -0.03789537317 -8.013344502e-21)
(1.345683907 -0.02008221517 7.732537704e-21)
(0.7478100284 -0.2247661988 4.277664739e-20)
(0.8217988692 -0.2164155959 2.935163302e-20)
(0.8974014681 -0.1980971562 6.886751705e-21)
(0.9749734561 -0.1734194098 -5.090635993e-21)
(1.054796541 -0.1446032302 -4.650011825e-20)
(1.134251777 -0.1139525295 -1.591533426e-21)
(1.209724477 -0.08523640686 5.829985824e-20)
(1.279223281 -0.05744103497 2.896893872e-20)
(1.328845372 -0.03355241137 4.858532793e-22)
)
;

boundaryField
{
    left
    {
        type            calculated;
        value           uniform (0.5 0 0);
    }
    right
    {
        type            calculated;
        value           nonuniform List<vector> 
35
(
(0.486562758 -0.0001018303404 1.584065513e-23)
(0.486630046 -0.0003183279688 1.046724362e-24)
(0.4867513408 -0.0005296606577 2.382213331e-23)
(0.4869321639 -0.0007480871006 -3.458252856e-24)
(0.4871768013 -0.0009725217496 -1.200431984e-24)
(0.4874999313 -0.001187858291 0)
(0.4878813232 -0.001392214571 -6.266296218e-23)
(0.4883215514 -0.001596645164 -9.657051169e-24)
(0.4888229772 -0.001801594634 4.468418156e-23)
(0.4893872869 -0.002006618232 -2.436592742e-23)
(0.4900149901 -0.002210965049 0)
(0.49070583 -0.002413600703 6.747874461e-23)
(0.491458926 -0.002613277421 3.164356019e-23)
(0.4922727559 -0.002808541918 -3.661220024e-23)
(0.4931451121 -0.00299779529 9.263218053e-23)
(0.4940730868 -0.003179361049 2.27826139e-23)
(0.4950530596 -0.003351207287 -9.901295424e-23)
(0.4960805824 -0.003511276604 0)
(0.4971505482 -0.003657708134 9.323094283e-23)
(0.4982572113 -0.003788136736 6.659794266e-24)
(0.4993940963 -0.003900415789 -1.820803845e-22)
(0.5005542296 -0.003992755558 1.724184142e-24)
(0.5017301219 -0.004063137665 -8.393894394e-23)
(0.5029141612 -0.004110475711 1.28372121e-22)
(0.5041028963 -0.004136013267 1.305027601e-22)
(0.5056313892 -0.004092891078 -7.461986437e-23)
(0.5073752133 -0.003892314093 4.082375635e-23)
(0.5090263069 -0.003641725283 3.843966723e-23)
(0.5105498996 -0.003318429591 -4.558971432e-23)
(0.5119158883 -0.002929521194 -6.283612115e-36)
(0.5130975546 -0.002482112284 -9.696798484e-24)
(0.5140719531 -0.001986745487 -8.833950684e-23)
(0.5148219033 -0.001439950983 6.595194229e-23)
(0.5153213873 -0.0008989437722 -5.632251026e-23)
(0.5156245471 -0.0002751695415 -6.987327112e-23)
)
;
    }
    down
    {
        type            calculated;
        value           nonuniform List<vector> 
40
(
(0.4054763929 0 3.932302221e-22)
(0.5699684504 0 -7.168972366e-22)
(0.431762676 0 -3.649777321e-23)
(0.5264039789 0 -1.624902853e-22)
(0.4568301155 0 1.941145e-23)
(0.4922199413 0 4.258433489e-22)
(0.4789397903 0 3.053173217e-22)
(0.5065920717 0 -1.351789172e-21)
(0.5349465196 0 -4.805403392e-22)
(0.6557161591 0 -1.712646695e-21)
(0.7808031987 0 -1.288566463e-20)
(0.832938295 0 -4.374079987e-22)
(0.8960041812 0 2.991693168e-20)
(0.9676533172 0 4.531927716e-20)
(1.043547954 0 1.666507749e-20)
(1.120149129 0 -4.15676777e-20)
(1.194568473 0 -2.051417716e-21)
(1.258878592 0 -6.358584344e-21)
(1.307936031 0 -1.210022235e-20)
(1.335722616 0 9.419252842e-21)
(1.348720726 0 -5.063300098e-21)
(1.337319622 0 3.451335675e-22)
(1.307790464 0 -3.01749877e-21)
(1.265858371 0 4.203660133e-20)
(1.204155609 0 3.88919033e-20)
(1.123181708 0 1.171903681e-20)
(1.042810989 0 2.265187038e-20)
(0.9593064022 0 -6.443016746e-21)
(0.8881466629 0 2.780929228e-21)
(0.8162212417 0 1.405311607e-20)
(0.6667164083 0 7.973916429e-21)
(0.5558611814 0 -6.969738039e-22)
(0.5039618803 0 -1.555504848e-21)
(0.4827632085 0 2.429490848e-22)
(0.4768243433 0 -1.557970486e-23)
(0.4771602971 0 -3.681319496e-23)
(0.479669488 0 4.083804376e-23)
(0.4825341346 0 4.452299577e-25)
(0.4848150219 0 -4.503447166e-23)
(0.4865627577 0 1.584065513e-23)
)
;
    }
    up
    {
        type            calculated;
        value           nonuniform List<vector> 
40
(
(0.7302335369 0 0)
(0.6658889889 0 0)
(0.6204411083 0 0)
(0.5860958658 0 0)
(0.5611564261 0 0)
(0.5438029521 0 0)
(0.5319265385 0 -9.602121088e-23)
(0.5239343541 0 3.260468788e-37)
(0.5189590014 0 -2.803802312e-23)
(0.5156244732 0 -6.987327112e-23)
(0.8505073574 0 2.340082396e-21)
(0.8493137851 0 1.246361469e-21)
(0.8456217593 0 9.342164154e-22)
(0.8395881258 0 8.16030601e-22)
(0.8313507891 0 -2.865460105e-22)
(0.8212640275 0 1.38147569e-21)
(0.8094101225 0 -9.127460197e-22)
(0.7964287914 0 -1.572482849e-22)
(0.7822172252 0 2.041577505e-22)
(0.7676234312 0 -2.378078187e-22)
(0.7563005633 0 2.297699221e-21)
(0.7703048534 0 6.807647119e-23)
(0.7834877541 0 -6.335344368e-23)
(0.7968552946 0 0)
(0.8098029778 0 1.925029176e-20)
(0.8214221097 0 3.903010351e-22)
(0.831362645 0 -1.179496309e-20)
(0.8394582881 0 7.139437463e-21)
(0.8454618556 0 -9.372447778e-21)
(0.8491889078 0 -7.253771944e-21)
(0.4050101234 0 1.123836403e-21)
(0.5850719669 0 1.772256298e-36)
(0.4540234969 0 -2.359946958e-22)
(0.5642554872 0 0)
(0.5127217644 0 0)
(0.5634599494 0 1.030903882e-21)
(0.5767612156 0 -3.516733205e-37)
(0.6133640312 0 -1.196250843e-21)
(0.6545298745 0 -2.489672103e-21)
(0.7173284799 0 5.342131544e-21)
)
;
    }
    cylinder
    {
        type            calculated;
        value           nonuniform List<vector> 
80
(
(0.02150986961 -0.5474626141 0)
(0.06439699452 -0.5440873597 0)
(0.1068870926 -0.5373576203 0)
(0.1487181975 -0.527314887 -5.185084331e-23)
(0.1896324058 -0.5140210769 0)
(0.229377467 -0.4975581509 1.037016943e-22)
(0.267708339 -0.4780276087 -1.037016965e-22)
(0.3043886986 -0.455549863 0)
(0.3391923984 -0.430263497 0)
(0.3719048614 -0.4023244098 1.037016978e-22)
(0.4023243353 -0.3719048103 -1.037017439e-22)
(0.4302632843 -0.3391922627 0)
(0.4555495384 -0.3043885129 0)
(0.4780272027 -0.2677081332 0)
(0.4975576976 -0.2293772655 0)
(0.5140206138 -0.1896322277 0)
(0.527314454 -0.1487180559 5.185083182e-23)
(0.5373572589 -0.1068869943 0)
(0.5440871127 -0.06439694004 0)
(0.5474625244 -0.02150985298 0)
(0.4023243344 0.3719048095 1.037017439e-22)
(0.4302632836 0.3391922621 0)
(0.4555495378 0.3043885125 0)
(0.4780272022 0.2677081329 1.037016734e-22)
(0.4975576974 0.2293772654 0)
(0.5140206138 0.1896322277 0)
(0.5273144542 0.1487180559 0)
(0.5373572594 0.1068869944 0)
(0.5440871134 0.06439694013 0)
(0.5474625254 0.02150985302 0)
(0.02150985298 0.5474625244 0)
(0.06439694004 0.5440871127 0)
(0.1068869943 0.5373572589 0)
(0.1487180559 0.527314454 5.185083184e-23)
(0.1896322277 0.5140206138 0)
(0.2293772655 0.4975576976 0)
(0.2677081332 0.4780272027 0)
(0.3043885129 0.4555495384 0)
(0.3391922627 0.4302632843 0)
(0.3719048103 0.4023243353 -1.037017439e-22)
(-0.3719048095 0.4023243344 1.037017439e-22)
(-0.3391922621 0.4302632836 0)
(-0.3043885125 0.4555495378 0)
(-0.2677081329 0.4780272022 1.037016734e-22)
(-0.2293772654 0.4975576974 0)
(-0.1896322277 0.5140206138 0)
(-0.1487180559 0.5273144542 0)
(-0.1068869944 0.5373572594 0)
(-0.06439694013 0.5440871134 0)
(-0.02150985302 0.5474625254 0)
(-0.5474625244 0.02150985298 0)
(-0.5440871127 0.06439694004 0)
(-0.5373572589 0.1068869943 0)
(-0.527314454 0.1487180559 5.185083184e-23)
(-0.5140206138 0.1896322277 0)
(-0.4975576976 0.2293772655 0)
(-0.4780272027 0.2677081332 0)
(-0.4555495384 0.3043885129 0)
(-0.4302632843 0.3391922627 0)
(-0.4023243353 0.3719048103 -1.037017439e-22)
(-0.5474625254 -0.02150985302 0)
(-0.5440871134 -0.06439694013 0)
(-0.5373572594 -0.1068869944 0)
(-0.5273144542 -0.1487180559 0)
(-0.5140206138 -0.1896322277 0)
(-0.4975576974 -0.2293772654 0)
(-0.4780272022 -0.2677081329 1.037016734e-22)
(-0.4555495378 -0.3043885125 0)
(-0.4302632836 -0.3391922621 0)
(-0.4023243344 -0.3719048095 1.037017438e-22)
(-0.3719048103 -0.4023243353 -1.037017439e-22)
(-0.3391922627 -0.4302632843 0)
(-0.3043885129 -0.4555495384 0)
(-0.2677081332 -0.4780272027 0)
(-0.2293772655 -0.4975576976 0)
(-0.1896322277 -0.5140206138 0)
(-0.1487180559 -0.527314454 5.185083182e-23)
(-0.1068869943 -0.5373572589 0)
(-0.06439694004 -0.5440871127 0)
(-0.02150985298 -0.5474625244 0)
)
;
    }
    defaultFaces
    {
        type            empty;
    }
}


// ************************************************************************* //
