/*--------------------------------*- C++ -*----------------------------------*\
  =========                 |
  \\      /  F ield         | OpenFOAM: The Open Source CFD Toolbox
   \\    /   O peration     | Website:  https://openfoam.org
    \\  /    A nd           | Version:  11
     \\/     M anipulation  |
\*---------------------------------------------------------------------------*/
FoamFile
{
    format      ascii;
    class       volScalarField;
    location    "1000";
    object      p;
}
// * * * * * * * * * * * * * * * * * * * * * * * * * * * * * * * * * * * * * //

dimensions      [0 2 -2 0 0 0 0];

internalField   nonuniform List<scalar> 
12880
(
0.05502622624
0.06219585247
0.06332864453
0.06299551257
0.0634943366
0.06533142373
0.06870662162
0.07366713657
0.0798903361
0.08701994855
0.09472867629
0.1025993597
0.1102611118
0.1174646412
0.124052564
0.1299041995
0.1349270248
0.139033138
0.1421410532
0.1441967029
0.1451604833
0.1450082401
0.1437590972
0.1414465723
0.1381296411
0.1338958355
0.128844723
0.1230882166
0.1167528076
0.1099642218
0.1028509526
0.09554530366
0.08816823488
0.08082374669
0.07359882093
0.06657934039
0.05983607602
0.05340350519
0.047322697
0.04162507808
0.03633636232
0.03145920255
0.02700033859
0.02294537028
0.01923974311
0.01584750479
0.01273664189
0.009875540951
0.0072328902
0.004765761298
0.002439912454
0.0002143706769
-0.001933749188
-0.004033353222
-0.006090236224
-0.008126346716
-0.01012670085
-0.01211152149
-0.01403663864
-0.01592570107
-0.01772764312
-0.01948105195
-0.02108406125
-0.02262336431
-0.02388010426
-0.02499638572
-0.02568323377
-0.02618388678
-0.0261507715
-0.02590380909
-0.025080653
-0.02405736677
-0.02237444563
-0.02058375787
-0.01805743977
-0.01561711706
-0.01225336922
-0.00959166683
-0.004804740345
-0.005478869484
0.05868846317
0.06515837339
0.06982628332
0.07477244996
0.08045117899
0.0870169325
0.0941880268
0.1009953842
0.1071151573
0.11181739
0.1149046425
0.1161763592
0.115645762
0.1138578325
0.1110369809
0.1075361508
0.1035775403
0.09928378968
0.09472317841
0.08999580149
0.08506996632
0.08001297228
0.07484766551
0.06958272491
0.06420542051
0.05885335732
0.05347713182
0.04806955336
0.04261607306
0.0371759775
0.03168296425
0.02615633088
0.02061001298
0.01518612464
0.01002374772
0.004813325658
-0.000343584736
-0.004866297286
-0.009238316752
-0.01355352046
-0.01789233082
-0.02214115542
-0.02653505266
-0.0307006704
-0.03388880077
-0.0365651387
-0.03925364214
-0.04196415449
-0.04468858528
-0.04623810484
-0.04716528821
-0.04801742998
-0.04901568871
-0.04860926702
-0.0477476534
-0.04633620491
-0.04463751626
-0.04186799209
-0.04001953104
-0.03576854661
-0.03294057239
-0.02753853584
-0.02422314233
-0.01623812186
-0.01263062678
-0.002419404101
0.0003004015953
0.01215593118
0.01312691373
0.0262837842
0.02452747063
0.03958408605
0.03260036727
0.05146932045
0.03530603314
0.06159018626
0.02850624918
0.07064156864
0.006164407931
0.08545415953
0.0606737068
0.06439953798
0.06804583667
0.07244426111
0.07750087832
0.08331557536
0.08969887553
0.09580593672
0.1015436981
0.1061860655
0.1094586596
0.1110447828
0.1109535833
0.1095877938
0.1071749798
0.1040384475
0.1003929683
0.09637038972
0.09204929757
0.08753411593
0.08279996921
0.07792501641
0.0729244039
0.0678160695
0.0625908974
0.0573678784
0.05210355524
0.04679958599
0.04144491837
0.03609262412
0.03068364635
0.0252338484
0.01977303835
0.01441586935
0.009286972114
0.00412885411
-0.0009736344188
-0.00548377899
-0.009840466937
-0.01414004935
-0.01846872247
-0.02271475537
-0.02709073424
-0.0312438302
-0.03445469541
-0.03713890394
-0.03980872512
-0.04249942332
-0.04520018778
-0.04677240031
-0.04770130033
-0.04850937919
-0.04947354479
-0.04906565667
-0.04818471012
-0.04672749427
-0.04500609857
-0.04218455703
-0.04029333893
-0.03599685174
-0.03312269818
-0.02765749061
-0.0242937303
-0.01625025423
-0.01260673527
-0.002351653452
0.0004005200365
0.01229102233
0.01329175863
0.02648389688
0.02474982107
0.03984538943
0.0328723447
0.05177519262
0.03560635191
0.06192243114
0.02880601963
0.07097641765
0.006421486103
0.08584424929
0.0622241045
0.06439318248
0.06743321341
0.07130278683
0.07587012065
0.08111025366
0.08678998249
0.09231901089
0.09757149359
0.1018933276
0.1049977601
0.1066211302
0.1067422358
0.1056439302
0.1035263834
0.1006716136
0.09728088246
0.09348768516
0.08937616144
0.0850511227
0.08049476373
0.07578952915
0.07094713343
0.06599080454
0.06091474933
0.0558218578
0.0506736324
0.04547830651
0.0402280619
0.03497202771
0.02965855182
0.02429998725
0.0189375523
0.01365247509
0.008574646947
0.003489388748
-0.001553380547
-0.006054767297
-0.01038532138
-0.01465257015
-0.01895257017
-0.02317387111
-0.0274966591
-0.03161976416
-0.03484599003
-0.03754745668
-0.04018959643
-0.04284581041
-0.04549560092
-0.04708592986
-0.04803470339
-0.04879985084
-0.04971305871
-0.04930987863
-0.04843399298
-0.04692853994
-0.04520845463
-0.04235262453
-0.0404211815
-0.03610983219
-0.03320730302
-0.02769638931
-0.02431530161
-0.0162394748
-0.01258584613
-0.002309590944
0.0004537043843
0.01235832504
0.01337466425
0.02657614359
0.02485364144
0.03996583677
0.03299380891
0.05191159175
0.03573336584
0.06206907798
0.02893020104
0.07112844726
0.006539186488
0.08601475576
0.06285696823
0.0640218832
0.0663152948
0.06942187158
0.07330510728
0.07782013313
0.08262933634
0.08753268659
0.09224563864
0.09625626072
0.09926797814
0.1010134253
0.1014381243
0.1007134765
0.09900312461
0.09653928788
0.09350245852
0.09002486941
0.08619601928
0.08211865265
0.07779103832
0.07329571606
0.06864408878
0.06386673511
0.05896404205
0.0540189857
0.04900609157
0.0439360585
0.03880603777
0.03365794478
0.0284525682
0.02320019619
0.01794927264
0.01275017534
0.007732444745
0.002734580934
-0.002229179839
-0.006716983205
-0.01102354683
-0.01525342107
-0.01951631654
-0.02370379453
-0.02795377302
-0.03202436677
-0.03525546803
-0.03797914159
-0.04059611739
-0.04321065283
-0.0457911137
-0.04738763773
-0.04836326698
-0.04908745645
-0.04993472079
-0.04953035174
-0.0486679523
-0.04710720885
-0.04539296156
-0.04250606833
-0.04052579781
-0.03620641492
-0.03327627049
-0.02771530249
-0.02432059883
-0.01621648281
-0.01255774471
-0.002269053843
0.0005027089015
0.01241165398
0.01344480579
0.02664521024
0.02493603258
0.04005746199
0.03308824439
0.05201324373
0.03582907241
0.06217815354
0.0290264223
0.07124542157
0.006650690492
0.0861400281
0.06284119217
0.06350606319
0.06522541888
0.06761970222
0.07079459871
0.07443811886
0.07846607823
0.08270774326
0.08684567682
0.09046553265
0.09329180095
0.09507739851
0.09573305243
0.09534256164
0.09402391157
0.09195609143
0.08929246646
0.08615667106
0.08263915646
0.07883679461
0.07476466885
0.07050159625
0.06606211283
0.0614823922
0.0567696489
0.0519882811
0.04712720516
0.04219780964
0.03720277993
0.03217635202
0.02709287672
0.0219614749
0.01683399326
0.01173789758
0.006793946997
0.001895121457
-0.002972622256
-0.007433259659
-0.01171134807
-0.01589606782
-0.02010987469
-0.0242493812
-0.02840982137
-0.03240812944
-0.0356329127
-0.03837696753
-0.04096817075
-0.0435316372
-0.04602830645
-0.04762044072
-0.04862673068
-0.04931228984
-0.05008307102
-0.04967445166
-0.0488339129
-0.04721773367
-0.04551597938
-0.0426055653
-0.04057339728
-0.0362579127
-0.033305775
-0.02769916985
-0.02430026386
-0.01618023677
-0.01252545809
-0.002238623453
0.000535344591
0.01243416894
0.01348188208
0.02666563981
0.02496873301
0.04008634113
0.03312009591
0.05203969136
0.03585333014
0.0622047197
0.02905365036
0.07128084213
0.006720139834
0.08616541991
0.06229804985
0.0626590255
0.0639350998
0.06569484784
0.06809411144
0.07092739908
0.07425059501
0.07777898772
0.0813026436
0.08447016555
0.08704638052
0.0887998159
0.0896153775
0.08951216683
0.08856023179
0.08688593214
0.08460993097
0.08184027093
0.07866281975
0.07516552154
0.07137836797
0.06737343341
0.06317120802
0.05881099816
0.05430678194
0.04970845227
0.04501753284
0.04024599179
0.03540191326
0.03051267627
0.02556580208
0.0205703914
0.01557662426
0.01060018048
0.005746181438
0.0009552895486
-0.003803730446
-0.008221108447
-0.01246351612
-0.01659643655
-0.02074985646
-0.02482740815
-0.02888766436
-0.03279690841
-0.03600466555
-0.0387616596
-0.04132621353
-0.04382993153
-0.04623403066
-0.04781153757
-0.04884589674
-0.04949444842
-0.05018294854
-0.04976567473
-0.04894883099
-0.0472810662
-0.04559286211
-0.04266461804
-0.04057910677
-0.0362744802
-0.03330391887
-0.02765627642
-0.02425724634
-0.01613339694
-0.01248726299
-0.002216614543
0.000556992055
0.01243157988
0.01349383032
0.02664670531
0.02496280321
0.04006433488
0.03310348698
0.0520050345
0.03582272057
0.0621639441
0.0290297628
0.07124906854
0.006763932432
0.08610648342
0.06131163117
0.06145593544
0.06235854574
0.06358119747
0.06530683677
0.06750104328
0.07011676709
0.07295622886
0.07585656684
0.07853323834
0.08079025573
0.08242348755
0.08330337625
0.08340612972
0.08275861292
0.08143932605
0.07953422495
0.0771300805
0.07430239361
0.07112744702
0.06764461422
0.06391777897
0.05997367737
0.05585223224
0.05157337154
0.04717681601
0.04267378708
0.03807712298
0.03339978903
0.02866389535
0.02386831821
0.01902291108
0.01417349128
0.009331861652
0.004584926501
-8.950904727e-05
-0.004729217988
-0.009085525602
-0.01328074173
-0.01735395873
-0.02143526194
-0.02543687706
-0.02938826409
-0.03319446881
-0.03637303374
-0.03913255309
-0.04166775757
-0.04410387189
-0.04640886332
-0.0479616153
-0.04901836753
-0.0496311442
-0.05023391295
-0.04980332686
-0.04900971534
-0.04729646351
-0.04562187558
-0.04268160962
-0.04054266213
-0.03625516013
-0.03326986013
-0.02758753538
-0.02419150317
-0.01607689582
-0.01244316923
-0.002203886532
0.000567639137
0.01240288181
0.01348007701
0.02658750959
0.02491774312
0.03998991375
0.03303799505
0.05190766764
0.0357373568
0.06205371661
0.0289553917
0.07114666756
0.006783441207
0.08596008404
0.05974820797
0.05976316602
0.06038109946
0.06119710534
0.06245975034
0.06408874428
0.06605587014
0.06826175916
0.07056305967
0.07273852819
0.07463029877
0.07606867819
0.07692183616
0.07714172207
0.07672112968
0.07569872986
0.07412729467
0.07206949566
0.06958575582
0.0667387306
0.06357044049
0.06013602479
0.05646650961
0.05260056061
0.048562488
0.04438556733
0.04008756175
0.03568273371
0.03118785301
0.0266219077
0.02199238846
0.01731069734
0.01261696676
0.007924350816
0.003301921527
-0.001246693238
-0.005757752886
-0.01003510122
-0.01416897061
-0.01817350057
-0.02217111725
-0.02608330968
-0.02991954884
-0.03361163664
-0.0367484131
-0.03949618196
-0.04199726535
-0.04435903717
-0.04656254125
-0.04808105495
-0.04914944647
-0.04972681443
-0.05024494554
-0.04979622534
-0.04902053842
-0.04727117766
-0.04560667097
-0.04265932905
-0.0404697718
-0.03620254707
-0.03320539816
-0.02749704529
-0.02410404203
-0.01601311304
-0.01239277641
-0.002201140489
0.0005688530226
0.0123491721
0.01344256359
0.02649031544
0.02483639723
0.03986569434
0.0329274261
0.05175060914
0.03560193037
0.06187707778
0.02883599796
0.07097594287
0.006783438502
0.08572778078
0.05754829094
0.05749733873
0.05795215765
0.05850211442
0.05940261043
0.06058066295
0.06201194877
0.06366342477
0.06542245554
0.06711821817
0.06862802966
0.06982042414
0.07057205495
0.07082525122
0.07055008511
0.06975509406
0.06846456883
0.06671726645
0.06455627069
0.06202926467
0.05917498816
0.05603938705
0.05265465862
0.04905680092
0.04527239256
0.04133084846
0.03725363033
0.03305678296
0.02875960327
0.0243798301
0.01993082915
0.01542592058
0.01090002381
0.006369361373
0.001887988552
-0.002524402639
-0.006897626788
-0.01107878585
-0.01513467528
-0.01905950403
-0.02296152881
-0.02677180056
-0.03048660118
-0.0340556969
-0.03713711308
-0.03985811214
-0.04231804069
-0.04459974385
-0.04669966331
-0.04817486938
-0.04924307877
-0.04978430322
-0.05021945731
-0.04974792013
-0.04898393726
-0.04720739659
-0.04554958518
-0.04259961463
-0.04036259448
-0.03611832977
-0.03311175054
-0.02738664995
-0.02399598968
-0.01594280914
-0.01233612237
-0.002208225269
0.0005614944586
0.01227107326
0.01338243272
0.0263565216
0.02472072773
0.03969318465
0.03277441067
0.05153594486
0.03542007714
0.06163606873
0.02867574741
0.07073776363
0.006768068806
0.08541182813
0.05476835423
0.05466358885
0.05501858369
0.05540064656
0.05603377974
0.05685902573
0.05787754735
0.05907257174
0.06036789793
0.06163258449
0.0627743525
0.06369959454
0.0643008079
0.06452123582
0.06431907395
0.06368259417
0.06261415226
0.06113163744
0.05926083975
0.05703442778
0.05448359275
0.0516448864
0.04854832005
0.04522603757
0.04170483176
0.03801137838
0.03416876643
0.03019456886
0.02610956228
0.02193135968
0.01767696852
0.01336173495
0.009016235783
0.004660023116
0.0003355297236
-0.003929050764
-0.00815499718
-0.01222355309
-0.01618400446
-0.02001663304
-0.02381116503
-0.02750785003
-0.03109543218
-0.03453458748
-0.03754702055
-0.04022467316
-0.04263427122
-0.04483096222
-0.0468274652
-0.04825113067
-0.04930464609
-0.04980782009
-0.05016427827
-0.04966568518
-0.04890445402
-0.04711043854
-0.04545396045
-0.04250493646
-0.04022566205
-0.03600499365
-0.03299060619
-0.02725975195
-0.02386877944
-0.01586805208
-0.01227331164
-0.002225707908
0.0005466034529
0.01216956471
0.01330116162
0.02618805836
0.02457303684
0.03947461431
0.03258203015
0.05126618101
0.03519552493
0.06133322726
0.02847894586
0.07043409508
0.006740590528
0.08501364506
0.05141069641
0.05126640251
0.05155768453
0.05183531781
0.05228046093
0.05284836012
0.05355630247
0.05439240088
0.05530914663
0.05620709071
0.05701827769
0.05768265195
0.05811207538
0.05825693789
0.05807227916
0.05753477852
0.05663203226
0.05536560226
0.0537462833
0.05179262697
0.04952666024
0.04697497933
0.04416318865
0.04111840301
0.0378658083
0.03442955603
0.03083272209
0.02709380808
0.02323406411
0.0192714836
0.01522499382
0.01111179449
0.00695924401
0.002789385906
-0.001363715241
-0.005468232727
-0.00953685557
-0.01347709952
-0.01732430912
-0.02105044611
-0.02472531071
-0.0282974203
-0.03175127325
-0.03505429369
-0.03798388768
-0.0406021727
-0.04295077822
-0.04505790486
-0.04694997101
-0.04831415124
-0.04933942145
-0.04980157686
-0.05008238789
-0.04955290178
-0.04878632822
-0.04698200319
-0.04532279346
-0.04237783386
-0.04006071115
-0.03586473969
-0.03284368249
-0.02711769643
-0.02372411227
-0.01578916018
-0.01220477438
-0.002252925816
0.0005248166045
0.01204571873
0.01320009372
0.02598661523
0.0243955562
0.03921200291
0.03235315365
0.05094400989
0.03493212323
0.06097135398
0.02824980107
0.07006677333
0.006704733109
0.08453683352
0.04747928011
0.04731749486
0.04756336222
0.04778201045
0.04809922144
0.04848452164
0.04896586732
0.04953118638
0.0501519199
0.0507532352
0.05128573854
0.05171634856
0.05197655136
0.05202654792
0.05182401968
0.05134085609
0.05055626781
0.04946075459
0.0480532216
0.04634076955
0.04433552997
0.04205508678
0.03951866758
0.03674810356
0.03376511235
0.03059127788
0.02724824715
0.02375474331
0.02013152844
0.0163969765
0.01257072868
0.008671434918
0.00472410024
0.000752292942
-0.00321566868
-0.007147471718
-0.01104806748
-0.01484480263
-0.01856146965
-0.02216602276
-0.02570908023
-0.02914603244
-0.03245958363
-0.03562078591
-0.038454179
-0.04099691449
-0.04327276155
-0.04528569886
-0.04707330966
-0.0483707134
-0.0493534517
-0.04977056272
-0.04997976486
-0.04941615705
-0.04863508289
-0.04682673797
-0.04515978018
-0.04222125803
-0.03987163455
-0.03570036948
-0.03267307327
-0.02696330284
-0.02356388483
-0.01570780755
-0.01213101381
-0.002290067266
0.0004968806849
0.01190073758
0.01308066504
0.02575426336
0.02419058236
0.03890781738
0.03209078339
0.05057219182
0.03463338308
0.06055332348
0.02799220292
0.06963830796
0.006662950405
0.08398363074
0.04297755257
0.04283518799
0.04304376211
0.04323359649
0.04346393436
0.04372530705
0.04404660169
0.04441561352
0.04481454466
0.04518751992
0.04549894979
0.04573551376
0.04584648187
0.04580190662
0.04556526469
0.04510819529
0.04440665652
0.04344462921
0.04221312708
0.04071019513
0.03893969145
0.03691074127
0.0346362642
0.0321320049
0.0294156756
0.02650557545
0.02342111407
0.02018030404
0.01680269429
0.013306613
0.009711608866
0.006037187229
0.00230666396
-0.001455956523
-0.005226076205
-0.008972602754
-0.01269398933
-0.01633245352
-0.01990184301
-0.02336912749
-0.02676797309
-0.03005940314
-0.03322521271
-0.03623866107
-0.03896268647
-0.04141478231
-0.04360569876
-0.0455195868
-0.04720078499
-0.04842417604
-0.04935220153
-0.04971961058
-0.04985889798
-0.04925823878
-0.04845544163
-0.04664617401
-0.04496805495
-0.04203804921
-0.03965971815
-0.03551420473
-0.03248079259
-0.02679740495
-0.02339006643
-0.01562396355
-0.01205276021
-0.002336100372
0.0004631456571
0.01173597358
0.01294425876
0.02549275469
0.02396036911
0.03856433332
0.03179772216
0.05015368597
0.03430298355
0.06008231561
0.02770998386
0.06915114523
0.006618222452
0.08335847676
0.03791133273
0.03784482533
0.03801682098
0.03819596736
0.03836608494
0.03854814043
0.03876188316
0.03899518966
0.03923568761
0.03944210969
0.0395891612
0.03967656501
0.03966856093
0.03954359661
0.03927200839
0.03882781803
0.03818714763
0.03733125497
0.03624649729
0.0349249629
0.03336388589
0.03156577049
0.02953714955
0.02728837062
0.02483233216
0.02218395811
0.0193596561
0.01637593241
0.01325060832
0.01000136813
0.006647101793
0.003207521633
-0.0002954468834
-0.003838160044
-0.007398491875
-0.01094731123
-0.01447803068
-0.01794375847
-0.02135001484
-0.02466451103
-0.02790686378
-0.03104245793
-0.03405283974
-0.03691236179
-0.03951452487
-0.04186146873
-0.04395513018
-0.04576456338
-0.04733762027
-0.04848023932
-0.04934161914
-0.04965407682
-0.04972516483
-0.04908498324
-0.04825308939
-0.04644474201
-0.04475145365
-0.04183144723
-0.03942842843
-0.03530914008
-0.03226923353
-0.02662235483
-0.02320472405
-0.01553900232
-0.01197075361
-0.002390936778
0.0004241304748
0.01155276074
0.01279222543
0.0252042566
0.02370712945
0.03818417853
0.03147681262
0.04969144162
0.03394415575
0.05956146086
0.02740654756
0.0686082517
0.006572229036
0.08266423591
0.03228891865
0.03237711515
0.03250871179
0.03268638671
0.03281815361
0.03295248303
0.03309890923
0.03324388755
0.03337747758
0.03346994819
0.03350390133
0.0334864204
0.03339371077
0.03321051734
0.03291378187
0.03248103764
0.03189056069
0.03112342656
0.03016406765
0.02900111554
0.02762738497
0.02604020688
0.02424105374
0.02223504392
0.0200308653
0.01763944049
0.01507417787
0.01234929669
0.009480542854
0.006484398375
0.003378652583
0.0001825882108
-0.003083225132
-0.006396087762
-0.009735620502
-0.01307484722
-0.01640343163
-0.01968241764
-0.02291052164
-0.02605704138
-0.02913061299
-0.03209997807
-0.03494656729
-0.03764532145
-0.04011351934
-0.04234187974
-0.04432636183
-0.04602536175
-0.04748663188
-0.04854162636
-0.04932660415
-0.04957867502
-0.0495808692
-0.04889876713
-0.04803230349
-0.046224193
-0.04451302794
-0.04160431501
-0.03917885088
-0.03508735876
-0.03204053666
-0.02643864044
-0.02300978898
-0.01545269061
-0.01188584661
-0.002453338191
0.0003799749647
0.01135264151
0.01262596065
0.02489051184
0.02343304455
0.03776978909
0.03113069527
0.04918852724
0.03356026412
0.05899412449
0.02708521316
0.06801248842
0.006527182585
0.08190584726
0.02618444322
0.02645419684
0.0265559619
0.0267336252
0.02684617622
0.0269550485
0.02706361712
0.02715597387
0.02722290008
0.02724412356
0.02720862749
0.02712632008
0.02698262832
0.02676644775
0.02646038781
0.02604566909
0.02550356953
0.02481651337
0.02396886188
0.02294780735
0.02174355895
0.02035008063
0.01876476306
0.01698881644
0.01502662873
0.01288578818
0.01057623673
0.008109709753
0.005499622191
0.002760822512
-9.033159589e-05
-0.003035584424
-0.006055790896
-0.009129682427
-0.01223815368
-0.01535645706
-0.01847155705
-0.02155030375
-0.02458611082
-0.0275502189
-0.03044299106
-0.03323575312
-0.0359099494
-0.03844070412
-0.0407634971
-0.04286065772
-0.04472443165
-0.04630644478
-0.04765224629
-0.04861311456
-0.04931244706
-0.04949846607
-0.04943097713
-0.04870474186
-0.04779821127
-0.04598891774
-0.0442565644
-0.04135985013
-0.03891426102
-0.0348516186
-0.03179719772
-0.02624831447
-0.0228072235
-0.01536622016
-0.01179884097
-0.002523097147
0.0003310567406
0.01113698233
0.01244668823
0.02455371916
0.02314014865
0.03732383948
0.0307619581
0.04864793684
0.03315416123
0.05838351675
0.02674882011
0.06736708224
0.006484048118
0.08108647551
0.01975351016
0.02010137848
0.02020008723
0.02037724511
0.0204844135
0.0205827285
0.02067364519
0.02073960898
0.02077069244
0.02075435004
0.02068510098
0.02057215527
0.02040791198
0.02018361419
0.01988635342
0.01950073196
0.0190111409
0.01840207925
0.01765894689
0.01676886818
0.01572095442
0.01450717041
0.01312225759
0.01156422099
0.009834254526
0.007936568595
0.005878001574
0.003667640845
0.001316513102
-0.001162460321
-0.003754612629
-0.006443208477
-0.009210661935
-0.0120374447
-0.01490556884
-0.01779238727
-0.02068308743
-0.02354881554
-0.02637908836
-0.02914713355
-0.03184734941
-0.03445313436
-0.03694588082
-0.0393008698
-0.04146719687
-0.0434214964
-0.0451536774
-0.04661169388
-0.0478368565
-0.04869698097
-0.04930308638
-0.04941748439
-0.04927763665
-0.04850484874
-0.04755423897
-0.04574078502
-0.04398488723
-0.04110071819
-0.03863574685
-0.03460380751
-0.03154126149
-0.02605170034
-0.02259866047
-0.01527927694
-0.01171052729
-0.002598940399
0.0002774245417
0.01090739358
0.01225575316
0.02419556546
0.02283046047
0.03684881511
0.03037300288
0.0480727038
0.03272881446
0.05773300432
0.02640012378
0.06667508682
0.006444357438
0.08021122375
0.01305588521
0.01338286149
0.01348594952
0.01366103396
0.01376975514
0.01386726682
0.01395407152
0.01401289162
0.01403159231
0.0140035858
0.01392878309
0.01381301477
0.01365390459
0.01344380754
0.01317312449
0.01282935697
0.01239970587
0.01187094069
0.01123002288
0.01046484644
0.009564449589
0.008519934504
0.007324439626
0.005973874123
0.004466832118
0.002804750667
0.0009916735879
-0.0009657865976
-0.003059042674
-0.005277187672
-0.007607440674
-0.01003487811
-0.01254368737
-0.01511618683
-0.01773555952
-0.02038107779
-0.02303697953
-0.02567767654
-0.02829007956
-0.03084931494
-0.03334570224
-0.03575426677
-0.03805648253
-0.04022768336
-0.04222715684
-0.04402769525
-0.04561803304
-0.04694468336
-0.04804409457
-0.04879711717
-0.04930288907
-0.04934007471
-0.04912528663
-0.04830348199
-0.04730470181
-0.0454839395
-0.04370156361
-0.04082992041
-0.03834642932
-0.0343464448
-0.03127513559
-0.02585065673
-0.02238579631
-0.01519292494
-0.01162164302
-0.002680663213
0.0002193933372
0.01066515768
0.01205418415
0.02381821263
0.0225057439
0.03634729641
0.02996608184
0.04746572279
0.03228664047
0.0570457015
0.02604138008
0.06593975731
0.00640847949
0.07928323218
0.006086183511
0.006353094337
0.006452398884
0.006623272745
0.006737208856
0.006842128152
0.006934647494
0.007000841122
0.007025012161
0.007004335942
0.006945293346
0.006848348806
0.006714823273
0.00653762239
0.006309369826
0.006019971451
0.005658961683
0.005215253189
0.004677506676
0.004034797324
0.00327672083
0.00239429678
0.001379924422
0.000228227834
-0.001064050772
-0.002497665446
-0.004070758147
-0.005779224085
-0.007616554326
-0.009573987903
-0.01164068926
-0.01380372099
-0.01604915844
-0.01836124952
-0.0207244139
-0.02311973784
-0.02553117713
-0.02793577739
-0.03031892396
-0.0326575346
-0.03493930063
-0.03714060851
-0.03924308563
-0.04122225802
-0.04304488343
-0.0446815506
-0.04612042414
-0.04730818446
-0.0482758186
-0.04891531981
-0.04931471809
-0.04926926398
-0.04897583139
-0.04810215793
-0.04705209108
-0.04522011624
-0.0434091066
-0.04054971127
-0.03804748823
-0.03408106998
-0.0310006225
-0.02564542132
-0.02216989001
-0.01510681095
-0.01153283132
-0.002767065153
0.0001569913371
0.01041187336
0.01184325447
0.02342324637
0.02216780742
0.03582171391
0.02954332148
0.04682985911
0.03183016336
0.0563248012
0.02567477851
0.06516412083
0.006377396903
0.07830743561
-0.001202051162
-0.0009661971899
-0.0008654284518
-0.0006969963511
-0.00057734509
-0.0004606471021
-0.0003566889255
-0.0002707801281
-0.0002257767586
-0.0002257803055
-0.0002540132582
-0.0003158086243
-0.0004081266221
-0.0005375202078
-0.0007100372793
-0.000933833995
-0.001217548325
-0.001570396047
-0.002002115386
-0.002522316663
-0.003140523447
-0.003865317183
-0.00470444305
-0.005663900591
-0.00674818496
-0.00795945473
-0.009297918637
-0.01076127346
-0.01234518404
-0.0140427805
-0.01584524346
-0.01774166891
-0.01972003064
-0.0217665331
-0.02386691043
-0.02600401537
-0.02816209946
-0.03032047771
-0.03246389684
-0.03457101196
-0.03662794716
-0.03861234593
-0.04050606703
-0.04228506285
-0.04392146196
-0.04538491229
-0.04666329624
-0.04770470451
-0.04853468905
-0.04905458919
-0.04934188299
-0.04920851357
-0.0488329801
-0.04790447403
-0.0467998933
-0.04495299158
-0.0431107287
-0.04026274519
-0.03774190941
-0.03380989734
-0.0307199131
-0.02543770523
-0.02195234114
-0.01502188337
-0.01144471423
-0.002858010643
9.050579803e-05
0.01014867891
0.01162378552
0.02301272645
0.02181811267
0.03527445316
0.02910661005
0.04616778107
0.03136133745
0.05557316603
0.02530201651
0.06435125663
0.006351029571
0.07728666358
-0.008832003851
-0.008556306333
-0.008439508629
-0.008267989896
-0.008141585837
-0.008011164719
-0.007891495145
-0.007779928455
-0.00770343964
-0.007670239558
-0.007656828111
-0.007670934424
-0.007709989023
-0.007779785007
-0.007885658246
-0.008034209579
-0.008232673347
-0.008488697846
-0.008810607841
-0.009206728825
-0.009685592824
-0.01025511812
-0.0109227939
-0.01169481687
-0.01257627734
-0.01357044138
-0.01467881691
-0.01590087208
-0.01723389335
-0.01867299847
-0.02021118009
-0.02183956825
-0.02354801787
-0.02532460991
-0.02715650518
-0.0290283039
-0.03092503347
-0.03282808827
-0.03472228924
-0.03658796618
-0.03841051668
-0.0401687572
-0.04184497115
-0.04341570703
-0.04485702152
-0.04613852477
-0.04724803028
-0.04813571156
-0.04882183733
-0.04921608896
-0.04938614955
-0.04915981007
-0.04869815808
-0.04771159294
-0.04654970786
-0.04468398595
-0.0428084426
-0.03997088625
-0.03743074757
-0.03353417954
-0.03043448723
-0.0252276675
-0.02173402173
-0.01493774545
-0.01135773865
-0.002952414886
1.999751861e-05
0.00987709247
0.01139694448
0.02258810323
0.02145823092
0.03470779006
0.02865777495
0.045482082
0.03088224056
0.05479367824
0.02492476223
0.06350397344
0.006329962491
0.07622543705
-0.01668520791
-0.01639059738
-0.01625937158
-0.01607900197
-0.01593911836
-0.01578932882
-0.01564615757
-0.01550619731
-0.01539305497
-0.01531505208
-0.01525084179
-0.01520729668
-0.01518350246
-0.01518433938
-0.01521470541
-0.01527993314
-0.01538616427
-0.01553973629
-0.01574777443
-0.01601741454
-0.01635620328
-0.01677127704
-0.01726966028
-0.01785741123
-0.01853988123
-0.01932091641
-0.02020309216
-0.02118704816
-0.02227171058
-0.02345374164
-0.02472799677
-0.02608748145
-0.02752384067
-0.02902693706
-0.03058543278
-0.0321857142
-0.03381395491
-0.03545356319
-0.03708997438
-0.03870518153
-0.04028448616
-0.04180789984
-0.04325831668
-0.04461307076
-0.04585111666
-0.04694265495
-0.04787552998
-0.04860243858
-0.04913886071
-0.04940179757
-0.04944978525
-0.04912563617
-0.04857422856
-0.0475263114
-0.04630428115
-0.04441610682
-0.04250501736
-0.03967641521
-0.03711667526
-0.03325583572
-0.03014627591
-0.02501683744
-0.02151607988
-0.01485520228
-0.01127240854
-0.00305021714
-5.425367746e-05
0.009598054766
0.01116332406
0.02215127597
0.0210893018
0.03412381081
0.02819832109
0.04477511225
0.03039437702
0.0539888367
0.0245442149
0.06262500345
0.006313816936
0.07512608224
-0.02472110603
-0.0244393928
-0.02429917073
-0.02410798188
-0.02394972061
-0.02377568899
-0.02360273315
-0.02342978416
-0.02327477221
-0.02314397529
-0.02302173711
-0.02291316227
-0.02281924767
-0.02274392687
-0.02269179833
-0.02266714315
-0.02267524458
-0.0227213416
-0.02281155695
-0.02295196008
-0.02314918675
-0.0234095613
-0.02373954513
-0.02414486632
-0.02463087309
-0.02520171619
-0.02586061167
-0.02660919817
-0.02744758069
-0.02837392255
-0.02938475375
-0.03047478185
-0.03163731759
-0.03286392187
-0.03414481829
-0.03546822388
-0.0368217351
-0.03819076526
-0.03956175259
-0.04091838418
-0.04224631515
-0.04352688073
-0.04474370809
-0.04587515193
-0.04690231297
-0.04779649088
-0.04854557427
-0.04910501707
-0.04948593939
-0.04961205614
-0.04953351939
-0.04910696167
-0.04846202626
-0.04734930526
-0.04606454081
-0.04415031349
-0.04220190132
-0.03938068984
-0.03680058698
-0.03297579192
-0.02985642933
-0.02480528047
-0.02129907242
-0.01477380337
-0.01118899477
-0.003150445146
-0.000132154578
0.009312973373
0.01092398734
0.021703519
0.02071266497
0.03352457106
0.02772978639
0.04404912447
0.0298993997
0.05316112001
0.02416158323
0.06171680191
0.006302909094
0.07399252347
-0.03292218061
-0.03268585558
-0.03253447223
-0.03233053307
-0.03215121667
-0.0319499137
-0.03174296236
-0.03153212389
-0.03133022234
-0.03114112911
-0.03095551764
-0.03077655652
-0.03060709288
-0.03045016289
-0.03031009368
-0.03019029587
-0.0300953718
-0.03002962351
-0.02999835343
-0.03000667875
-0.03006043102
-0.0301651388
-0.03032667722
-0.03055034444
-0.03084132619
-0.03120385213
-0.03164155389
-0.03215673858
-0.03275050303
-0.03342232724
-0.03417017795
-0.0349902889
-0.03587756014
-0.03682512896
-0.03782485158
-0.03886678322
-0.03994016096
-0.0410323841
-0.04213120732
-0.04322202414
-0.0442912616
-0.04532166937
-0.04629779654
-0.04719915957
-0.04800857622
-0.04869869908
-0.04925753761
-0.04964333818
-0.04986350346
-0.04984774719
-0.04963857735
-0.04910531137
-0.04836349538
-0.047182605
-0.04583252762
-0.04388895312
-0.04190128443
-0.03908563383
-0.03648473776
-0.03269567558
-0.02956655657
-0.02459435138
-0.02108394391
-0.01469422396
-0.01110789769
-0.003253105504
-0.0002134499625
0.00902258488
0.01067932399
0.02124652117
0.02032916323
0.03291181912
0.02725331665
0.04330609771
0.02939839157
0.05231259865
0.02377764117
0.06078165469
0.006296684745
0.07282646906
-0.04132821579
-0.04110342832
-0.04094445368
-0.04072725174
-0.04052516772
-0.04029429323
-0.04004982475
-0.03979689952
-0.0395442054
-0.03929260214
-0.03903956723
-0.03878629463
-0.0385371645
-0.03829441897
-0.03806211742
-0.0378429195
-0.0376408921
-0.03745950974
-0.03730340784
-0.03717685071
-0.03708496971
-0.03703254684
-0.03702489559
-0.03706682618
-0.03716328555
-0.03731844719
-0.03753616862
-0.03781921655
-0.0381695155
-0.03858759818
-0.03907264237
-0.03962236066
-0.04023301925
-0.04089934483
-0.04161484304
-0.04237140215
-0.04316002731
-0.04397008989
-0.04479088387
-0.0456095354
-0.04641358634
-0.04718729717
-0.04791629976
-0.0485814104
-0.04916687886
-0.04964690783
-0.0500096736
-0.05021618238
-0.05027064529
-0.05010826254
-0.04976470383
-0.04912070742
-0.04827878768
-0.04702632542
-0.0456086282
-0.04363246012
-0.04160409155
-0.03879205494
-0.03616976077
-0.03241608036
-0.02927750613
-0.0243840158
-0.02087098723
-0.01461595981
-0.01102921449
-0.003357322448
-0.000297992138
0.008728168188
0.01043029226
0.02078137112
0.01993992468
0.03228735112
0.02677017476
0.04254791522
0.02889262643
0.05144530872
0.02339321695
0.05982159081
0.006295302265
0.07163118561
-0.04995327061
-0.04967754439
-0.04951433795
-0.04928311964
-0.04905689043
-0.04879489086
-0.0485093823
-0.04821024527
-0.0479038281
-0.04758645207
-0.04726277691
-0.04693225432
-0.04660024224
-0.04626836108
-0.04594036479
-0.04561823904
-0.04530563178
-0.04500526125
-0.04472122772
-0.04445701563
-0.04421717194
-0.04400577263
-0.04382761352
-0.04368702226
-0.04358866499
-0.04353656482
-0.04353470604
-0.04358617049
-0.0436935222
-0.04385809397
-0.04408025059
-0.04435885436
-0.04469159945
-0.04507473345
-0.04550338991
-0.04597129181
-0.04647123545
-0.04699458718
-0.04753229115
-0.0480733077
-0.04860651308
-0.04911782544
-0.04959405734
-0.05001748384
-0.05037358515
-0.05063826373
-0.05079986789
-0.05082212926
-0.05070657
-0.05039338424
-0.04991209949
-0.04915374879
-0.04820895479
-0.04688172422
-0.04539427
-0.04338248563
-0.04131201033
-0.03850143814
-0.03585747731
-0.03213829652
-0.02899062194
-0.02417539893
-0.02066100903
-0.01453955752
-0.01095326937
-0.003463141323
-0.0003855597948
0.008430248856
0.01017709354
0.02030952262
0.01954551761
0.0316525489
0.02628116774
0.04177617391
0.02838281913
0.05056088285
0.0230087408
0.05883840719
0.006298130951
0.07040776961
-0.05871717948
-0.05841098897
-0.0582411737
-0.05799484432
-0.05774186999
-0.05744731428
-0.05711428941
-0.05676177197
-0.05639905096
-0.05601369757
-0.05561651288
-0.05520631438
-0.0547886836
-0.05436476201
-0.05393803423
-0.0535098212
-0.05308346981
-0.05266096759
-0.05224599541
-0.05184130933
-0.0514509584
-0.0510783687
-0.05072788529
-0.05040334302
-0.05010913594
-0.04984911
-0.04962728414
-0.04944695862
-0.04931117479
-0.0492219912
-0.04918066662
-0.04918724983
-0.04924074217
-0.04933888987
-0.04947843776
-0.04965489565
-0.04986285279
-0.05009566787
-0.05034602015
-0.05060478448
-0.05086235344
-0.05110639399
-0.0513250203
-0.05150204826
-0.05162412202
-0.05166889417
-0.05162495513
-0.05145864783
-0.05116923985
-0.05070152359
-0.05007954482
-0.04920361852
-0.04815337676
-0.04674840875
-0.04518923414
-0.0431390769
-0.04102532862
-0.03821418286
-0.03554814356
-0.03186264657
-0.02870639329
-0.02396840115
-0.02045411248
-0.01446448843
-0.01088002281
-0.003569770153
-0.000475972062
0.008129978177
0.009920595741
0.01983186722
0.01914688932
0.03100894323
0.02578731827
0.04099239848
0.02786991921
0.04966092586
0.0226247329
0.05783370309
0.006305237882
0.06915881724
-0.06761311444
-0.0673130152
-0.06712500721
-0.0668599453
-0.06657573552
-0.06624402515
-0.06586172672
-0.06545093717
-0.06502537004
-0.06456958329
-0.06409561515
-0.06360292755
-0.06309679544
-0.06257785816
-0.06204937352
-0.06151194327
-0.06096869884
-0.06042089134
-0.05987187081
-0.05932368891
-0.05877999762
-0.05824359614
-0.05771843427
-0.05720789637
-0.05671611929
-0.05624673081
-0.05580377128
-0.05539069238
-0.05501091848
-0.05466707799
-0.05436129708
-0.05409466119
-0.05386748399
-0.05367893978
-0.05352737865
-0.05340999935
-0.05332321668
-0.05326231116
-0.05322181714
-0.05319453521
-0.05317255143
-0.05314531706
-0.05310236918
-0.05302911538
-0.05291335825
-0.05273450353
-0.05248146327
-0.05212304854
-0.05165669842
-0.05103138416
-0.05026627687
-0.0492700413
-0.04811226216
-0.04662693059
-0.04499432623
-0.04290330432
-0.04074519484
-0.03793140528
-0.03524309324
-0.03159014667
-0.02842584259
-0.02376398571
-0.02025095683
-0.01439122694
-0.01080973599
-0.003677294991
-0.0005690545928
0.007827692792
0.009660850964
0.0193496165
0.01874438228
0.03035758223
0.02528914456
0.0401978287
0.0273543261
0.04874666598
0.02224135176
0.05680881559
0.006315972425
0.06788487041
-0.07665509114
-0.07634724272
-0.07614480587
-0.07585922465
-0.07554135305
-0.07516782966
-0.07473774258
-0.07426970104
-0.07377662576
-0.07324797374
-0.07269460351
-0.07211684531
-0.07151952481
-0.07090263252
-0.07026935074
-0.06961947684
-0.06895604993
-0.06827955503
-0.06759311524
-0.06689809153
-0.06619780668
-0.06549447619
-0.06479173182
-0.06409250464
-0.0634007155
-0.06271979504
-0.06205378011
-0.06140622174
-0.06078089878
-0.06018094709
-0.05960925325
-0.05906793077
-0.05855850244
-0.0580815795
-0.05763705521
-0.05722376276
-0.05683993101
-0.05648272547
-0.05614860113
-0.05583230058
-0.05552769484
-0.05522605935
-0.05491842131
-0.05459183425
-0.0542352587
-0.05382985391
-0.05336492104
-0.05281159283
-0.05216583121
-0.05138040233
-0.05047021414
-0.04935136972
-0.04808432762
-0.04651628315
-0.04480886272
-0.04267469471
-0.04047144549
-0.0376530224
-0.03494232699
-0.03132076949
-0.02814918179
-0.02356189223
-0.02005151429
-0.01431924994
-0.01074225615
-0.003784996377
-0.0006645777422
0.007524427759
0.009398653025
0.01886349804
0.01833879874
0.02969975782
0.02478746467
0.03939367344
0.02683672931
0.0478193324
0.02185888403
0.05576496839
0.006330357265
0.06658796452
-0.08586711473
-0.08550800575
-0.08528955555
-0.08498652536
-0.08463533009
-0.08421908773
-0.0837397975
-0.08321272777
-0.082649911
-0.08204620202
-0.08141106481
-0.08074544981
-0.08005396404
-0.07933579656
-0.07859426928
-0.07782829518
-0.07704095283
-0.07623193197
-0.07540422042
-0.07455848481
-0.07369781879
-0.07282385626
-0.07193996401
-0.07104867196
-0.07015372428
-0.06925833678
-0.06836657853
-0.06748210371
-0.06660900457
-0.06575088167
-0.06491138197
-0.06409352585
-0.06330008765
-0.06253304
-0.06179377262
-0.06108275398
-0.06039994384
-0.0597444357
-0.05911457356
-0.05850708855
-0.05791764801
-0.05733938487
-0.056764856
-0.05618279034
-0.05558333287
-0.05494936194
-0.05427063799
-0.05352045633
-0.05269361685
-0.05174630853
-0.05068970522
-0.04944654009
-0.04806902167
-0.04641637164
-0.04463306908
-0.04245378695
-0.04020475213
-0.03737978984
-0.03464676444
-0.03105525077
-0.02787718044
-0.02336284901
-0.01985636075
-0.01424894761
-0.01067781866
-0.003892983352
-0.0007624205124
0.007220349694
0.009133929285
0.0183745004
0.01793029753
0.02903621927
0.02428254293
0.03858086952
0.02631727845
0.04687982558
0.02147728544
0.05470311021
0.00634776177
0.0652682476
-0.09519542176
-0.09486966915
-0.09461374828
-0.09428297354
-0.09389033371
-0.09342261658
-0.09288613133
-0.09229292502
-0.09165408586
-0.09096982275
-0.09024807917
-0.08948985679
-0.08869974225
-0.08787576864
-0.08702158066
-0.08613501563
-0.08521930411
-0.08427323745
-0.08329976029
-0.08229881095
-0.08127330609
-0.08022431776
-0.0791550283
-0.07806755514
-0.07696552395
-0.07585198843
-0.0747310626
-0.07360649188
-0.072482714
-0.07136379678
-0.07025407286
-0.06915753524
-0.06807806894
-0.06701906526
-0.06598329686
-0.06497291165
-0.06398956308
-0.06303426395
-0.06210722908
-0.06120715763
-0.06033151563
-0.05947527772
-0.05863255981
-0.05779377137
-0.05695026375
-0.05608658405
-0.05519300991
-0.05424484532
-0.05323597061
-0.05212567746
-0.05092186957
-0.04955320564
-0.04806440844
-0.04632567013
-0.04446574793
-0.04223969056
-0.03994448286
-0.03711127671
-0.03435607522
-0.03079332056
-0.02760969128
-0.0231665117
-0.01966528545
-0.01417985439
-0.01061620437
-0.004000614013
-0.0008623261153
0.006916391353
0.008867414896
0.0178832088
0.01751956123
0.02836806062
0.02377504686
0.03776037983
0.02579646537
0.0459290899
0.02109666649
0.05362420037
0.006368159254
0.06392731294
-0.1046644729
-0.1043858103
-0.1041003988
-0.1037329792
-0.1032949354
-0.1027688265
-0.1021688437
-0.1015043819
-0.1007846349
-0.1000151083
-0.0992025147
-0.09834710574
-0.09745389748
-0.09651940663
-0.09554783207
-0.09453575908
-0.09348671235
-0.09239850202
-0.09127412849
-0.09011276654
-0.0889172677
-0.0876881268
-0.08642840002
-0.0851398511
-0.08382604894
-0.08248988057
-0.08113557537
-0.07976701644
-0.07838899292
-0.07700603932
-0.07562324588
-0.07424543636
-0.07287774267
-0.07152472418
-0.07019078109
-0.06887954986
-0.06759448512
-0.06633841538
-0.06511344546
-0.06392015338
-0.06275780433
-0.06162316404
-0.06051191757
-0.05941614175
-0.05832840184
-0.05723485131
-0.05612632339
-0.05497997478
-0.0537889755
-0.05251540071
-0.0511643051
-0.04966960604
-0.04806930441
-0.04624349663
-0.04430662332
-0.04203245915
-0.03969091282
-0.03684789453
-0.03407083692
-0.03053546509
-0.02734723625
-0.02297343827
-0.01947871768
-0.01411234511
-0.01055760638
-0.004108041062
-0.0009642316153
0.00661258375
0.00859895005
0.0173904211
0.01710661342
0.02769580598
0.02326504918
0.03693290736
0.02527424165
0.04496779509
0.0207168293
0.05252892477
0.006390938537
0.06256508687
-0.114344113
-0.114027046
-0.1137257338
-0.1133190412
-0.1128364744
-0.1122471396
-0.1115783623
-0.1108403359
-0.1100372116
-0.1091788386
-0.1082718913
-0.1073149744
-0.1063141624
-0.1052641309
-0.1041699886
-0.1030268954
-0.1018388967
-0.1006027158
-0.09932156845
-0.09799382664
-0.09662235869
-0.095207101
-0.09375109056
-0.09225572799
-0.09072460267
-0.08916051415
-0.08756784677
-0.08595064054
-0.0843141154
-0.08266330971
-0.08100404032
-0.07934206441
-0.07768356365
-0.07603451239
-0.07440068597
-0.07278737363
-0.07119977929
-0.06964249516
-0.06811946896
-0.06663308792
-0.06518436497
-0.06377179927
-0.0623926356
-0.06104057364
-0.05970938386
-0.05838674076
-0.05706406104
-0.05572019098
-0.0543477604
-0.05291132736
-0.05141348174
-0.04979279326
-0.04808124234
-0.04616784661
-0.04415406495
-0.04183080955
-0.03944303426
-0.03658888475
-0.03379043458
-0.03028115899
-0.02708941041
-0.02278309915
-0.0192963307
-0.01404592532
-0.01050178178
-0.004214705687
-0.001067845946
0.006309778192
0.00832923106
0.01689663011
0.01669205591
0.02702041561
0.02275311066
0.03609925987
0.02475096663
0.04399671019
0.02033776314
0.05141811367
0.006416019051
0.06118293281
-0.1242093535
-0.1238413886
-0.123519503
-0.1230666308
-0.1225332491
-0.1218746976
-0.1211290486
-0.1203099391
-0.1194187438
-0.1184656644
-0.1174590163
-0.1163946991
-0.1152804566
-0.114108708
-0.1128857955
-0.1116052026
-0.1102717106
-0.1088808241
-0.1074361157
-0.1059350923
-0.104380784
-0.1027725428
-0.101113463
-0.09940465018
-0.09764980112
-0.09585163142
-0.09401478585
-0.09214353532
-0.09024355719
-0.08832045601
-0.08638084296
-0.08443135713
-0.08247936373
-0.08053207365
-0.07859682076
-0.07668048052
-0.07478993318
-0.07293155462
-0.0711110204
-0.06933247585
-0.06759859189
-0.06590954168
-0.06426408406
-0.06265748068
-0.06108466909
-0.0595347521
-0.05799972652
-0.05645997715
-0.05490771093
-0.05330970694
-0.05166639002
-0.04992046861
-0.0480985092
-0.04609758155
-0.0440073457
-0.04163442297
-0.03920075523
-0.03633439128
-0.03351513372
-0.03003069715
-0.0268365204
-0.02259587084
-0.01911844637
-0.0139808897
-0.01044893107
-0.004320772902
-0.001173171498
0.006007896798
0.008058039819
0.01640248094
0.016275823
0.02634224502
0.02223915613
0.03525999193
0.02422645611
0.04301639323
0.01995916267
0.05029233003
0.006442808101
0.05978080158
-0.1342237303
-0.1338186748
-0.1334731476
-0.1329701949
-0.1323792306
-0.1316499844
-0.1308240475
-0.1299159663
-0.1289313801
-0.1278772328
-0.1267647808
-0.125586397
-0.1243520821
-0.123051531
-0.1216927365
-0.1202671929
-0.1187807048
-0.1172273709
-0.1156113256
-0.1139291345
-0.1121840994
-0.1103749973
-0.1085051168
-0.1065752583
-0.1045893266
-0.1025500549
-0.10046241
-0.09833092973
-0.0961618756
-0.09396146113
-0.09173714293
-0.0894965188
-0.0872480932
-0.08500048285
-0.08276237845
-0.08054234656
-0.07834888894
-0.0761901007
-0.07407330732
-0.07200431647
-0.0699873678
-0.06802423116
-0.06611510763
-0.06425673247
-0.06244514423
-0.06067076687
-0.05892614942
-0.05719306817
-0.05546338236
-0.05370586037
-0.0519190088
-0.05004923646
-0.04811821891
-0.04603032376
-0.04386447261
-0.04144170323
-0.03896274842
-0.03608339253
-0.03324405035
-0.02978336334
-0.0265879114
-0.0224111205
-0.01894453393
-0.01391676986
-0.01039872879
-0.004425788437
-0.001279905474
0.005707718822
0.007786030354
0.01590840274
0.01585845118
0.025662178
0.02172368648
0.03441584514
0.02370099104
0.04202755952
0.01958092915
0.04915243088
0.006471120954
0.05835999624
-0.1444128243
-0.1439803646
-0.1436020097
-0.1430434428
-0.1423858154
-0.1415797942
-0.1406675278
-0.1396627475
-0.1385782046
-0.1374157773
-0.1361905213
-0.1348904095
-0.1335284266
-0.1320909535
-0.1305881445
-0.1290091166
-0.1273610408
-0.1256364085
-0.1238401323
-0.121967744
-0.1200230146
-0.1180041096
-0.115914618
-0.1137551135
-0.1115298233
-0.109241512
-0.1068956023
-0.1044970007
-0.1020526018
-0.09956932283
-0.09705555474
-0.09451988318
-0.09197209164
-0.08942196709
-0.08687988448
-0.08435584125
-0.08186003677
-0.07940215457
-0.07699111116
-0.074634246
-0.07233728672
-0.0701034868
-0.06793440374
-0.0658281207
-0.06378169959
-0.06178674995
-0.05983633875
-0.0579134659
-0.05600971322
-0.05409558998
-0.0521679272
-0.05017639151
-0.04813830087
-0.04596455912
-0.04372440463
-0.04125200033
-0.03872866777
-0.03583576937
-0.03297723969
-0.02953926254
-0.0263437443
-0.02222905871
-0.01877480426
-0.01385380935
-0.01035134329
-0.004529953258
-0.001388102576
0.005409088325
0.007512948932
0.0154149281
0.01543982254
0.02498047929
0.0212065378
0.03356730086
0.02317429504
0.04103076673
0.01920267704
0.04799901611
0.006500346616
0.05692069415
-0.1548127742
-0.1543339439
-0.1539115492
-0.1532943485
-0.1525614192
-0.1516706181
-0.1506645961
-0.1495553978
-0.1483636201
-0.1470847493
-0.1457385956
-0.1443078462
-0.1428093546
-0.141225468
-0.1395691853
-0.1378267714
-0.1360072103
-0.1341011118
-0.1321144639
-0.1300416467
-0.1278870587
-0.1256482502
-0.1233292857
-0.120930501
-0.118456574
-0.1159104205
-0.1132980075
-0.1106246676
-0.1078980877
-0.1051259517
-0.102317667
-0.09948290952
-0.09663264694
-0.09377815727
-0.09093115544
-0.08810326511
-0.08530625501
-0.08255130597
-0.07984881813
-0.07720754601
-0.07463460245
-0.07213459661
-0.06971032535
-0.06736107215
-0.06508481882
-0.06287420889
-0.06072277411
-0.05861456582
-0.05654093706
-0.05447390017
-0.05240882972
-0.05029824435
-0.04815560021
-0.04589763716
-0.04358490019
-0.04106346761
-0.03849696126
-0.0355902721
-0.03271362625
-0.02929749899
-0.02610320828
-0.02204894312
-0.01860860775
-0.0137914526
-0.01030640402
-0.004632822466
-0.00149746205
0.00511273051
0.007239422289
0.01492246048
0.01502044469
0.02429801798
0.0206881893
0.03271512625
0.02264661569
0.04002678348
0.01882424638
0.0468331136
0.006530168431
0.0554643684
-0.1654196564
-0.1649054641
-0.1644261482
-0.1637419378
-0.1629231956
-0.1619365934
-0.1608271237
-0.1596030901
-0.1582942828
-0.1568884503
-0.1554112941
-0.1538390243
-0.1521935258
-0.1504521358
-0.1486314988
-0.1467144033
-0.1447121453
-0.1426131263
-0.1404247104
-0.1381399725
-0.1357641938
-0.1332942503
-0.1307348251
-0.1280861008
-0.1253533543
-0.1225396783
-0.1196517517
-0.1166954572
-0.1136793474
-0.1106119946
-0.1075039287
-0.1043659292
-0.1012103423
-0.09804970583
-0.09489735144
-0.09176634985
-0.08866994439
-0.08562075588
-0.08263052019
-0.07970930316
-0.07686546116
-0.07410482616
-0.0714312737
-0.0688451372
-0.06634517354
-0.06392491787
-0.06157826839
-0.05929018603
-0.05705178222
-0.05483639614
-0.0526380729
-0.05041188593
-0.04816779543
-0.04582783792
-0.0434446617
-0.04087526695
-0.03826704005
-0.03534663513
-0.03245304975
-0.02905808782
-0.02586630436
-0.02187091411
-0.01844602467
-0.01372990482
-0.0102640397
-0.004734603182
-0.001608086768
0.004818407561
0.006965170717
0.01443144551
0.01460018672
0.02361501631
0.02016843137
0.03185980512
0.02211763377
0.03901627259
0.01844519535
0.04565550505
0.006559941443
0.05399165502
-0.1762356985
-0.1756869655
-0.1751477222
-0.1743865027
-0.1734684506
-0.1723723692
-0.1711505091
-0.1698018977
-0.1683663813
-0.1668228963
-0.1652044543
-0.1634792509
-0.1616756773
-0.1597648336
-0.1577680493
-0.1556638953
-0.153466628
-0.1511620379
-0.1487592847
-0.1462499676
-0.1436404849
-0.140927023
-0.1381151171
-0.135204792
-0.1322020927
-0.1291104345
-0.1259373257
-0.1226892764
-0.1193758961
-0.1160067282
-0.1125935088
-0.1091482409
-0.1056845911
-0.1022166258
-0.0987589839
-0.09532627931
-0.09193310396
-0.08859339137
-0.08532008509
-0.08212443004
-0.07901587629
-0.07600131129
-0.07308551554
-0.07026969321
-0.06755322063
-0.06493036034
-0.06239527325
-0.05993367515
-0.05753642091
-0.05517799575
-0.05285124433
-0.05051350391
-0.04817160671
-0.04575235868
-0.04330130114
-0.04068538298
-0.03803720439
-0.03510343611
-0.0321943
-0.02881998938
-0.02563211874
-0.02169413894
-0.01828631562
-0.01366853354
-0.01022376837
-0.004834847764
-0.0017196284
0.004526807713
0.006690775917
0.01394226821
0.01417952736
0.02293235286
0.01964774541
0.03100218903
0.02158760159
0.03800014986
0.01806531868
0.04446750927
0.00658915402
0.05250434123
-0.1872653981
-0.1866562237
-0.1860583948
-0.1852120989
-0.1841873314
-0.182971756
-0.1816273258
-0.1801455094
-0.1785743151
-0.1768824206
-0.1751123964
-0.1732222376
-0.1712488942
-0.1691557139
-0.166970023
-0.1646652974
-0.1622595451
-0.1597355086
-0.1571046141
-0.1543567909
-0.1514999178
-0.1485294268
-0.1454519144
-0.1422673508
-0.1389827463
-0.1356018829
-0.1321333023
-0.1285842933
-0.1249656172
-0.1212879231
-0.1175642743
-0.1138079279
-0.1100340634
-0.1062579592
-0.1024959097
-0.09876373046
-0.09507735041
-0.09145185193
-0.08790126364
-0.08443783803
-0.08107196333
-0.07781137488
-0.07466158128
-0.07162444366
-0.06869980516
-0.06588246176
-0.06316674382
-0.06053894086
-0.05798965384
-0.05549430789
-0.05304469906
-0.05060011349
-0.04816465233
-0.04566933962
-0.04315342272
-0.04049280354
-0.03780676437
-0.03486023675
-0.03193713141
-0.0285830799
-0.02540060705
-0.0215186438
-0.01812952768
-0.0136074571
-0.01018570686
-0.004933747953
-0.001832220492
0.004237610126
0.006415878815
0.01345529982
0.01375834187
0.02225025817
0.01912592145
0.03014280901
0.02105619283
0.03697925101
0.01768413107
0.04327020338
0.006617084894
0.05100366158
-0.1985250235
-0.1978295978
-0.197161069
-0.1962215115
-0.1950856596
-0.1937438735
-0.1922657707
-0.190639107
-0.1889212865
-0.1870676014
-0.1851336058
-0.1830642377
-0.1809075223
-0.1786171524
-0.1762280422
-0.1737074814
-0.1710781783
-0.1683192488
-0.1654449768
-0.1624433748
-0.1593241368
-0.1560819044
-0.1527246398
-0.1492522593
-0.1456729542
-0.1419910431
-0.1382162509
-0.1343567426
-0.1304246473
-0.1264318059
-0.1223927117
-0.118321985
-0.1142361833
-0.110152143
-0.106087341
-0.1020589516
-0.09808402967
-0.09417865556
-0.0903577807
-0.08663449569
-0.08301992546
-0.07952244665
-0.07614807979
-0.07289913869
-0.06977574225
-0.06677304921
-0.06388542202
-0.06109958874
-0.05840583732
-0.05578040617
-0.05321410063
-0.05066796997
-0.04814363537
-0.04557597967
-0.0429985505
-0.04029547492
-0.03757388377
-0.03461555942
-0.03168017947
-0.02834627921
-0.02517071471
-0.02134358816
-0.01797479745
-0.01354602856
-0.01014922396
-0.005030811498
-0.00194542251
0.003951523519
0.006141146899
0.01297092341
0.01333710369
0.02156964306
0.01860346794
0.02928264183
0.02052367785
0.03595468789
0.01730139335
0.04206527107
0.006643013361
0.04949186554
-0.2100087632
-0.209266941
-0.2085059011
-0.2074544637
-0.2061915054
-0.2047062107
-0.2030790598
-0.2012902557
-0.1994110533
-0.1973783479
-0.1952651388
-0.1929994631
-0.1906435162
-0.188138918
-0.1855300219
-0.1827765624
-0.1799070228
-0.1768962035
-0.1737618738
-0.1704898201
-0.1670920155
-0.1635622073
-0.1599099981
-0.1561353609
-0.1522479125
-0.1482525688
-0.1441604766
-0.1399808444
-0.1357272785
-0.1314129553
-0.1270539054
-0.1226661074
-0.1182676857
-0.1138766609
-0.1095119831
-0.1051918489
-0.1009343074
-0.09675629233
-0.09267348048
-0.08869960977
-0.0848463105
-0.0811223785
-0.0775341128
-0.07408406676
-0.07077243552
-0.06759456784
-0.06454471581
-0.06160991661
-0.05878007822
-0.05603214312
-0.05335596359
-0.05071420304
-0.04810621013
-0.04547043489
-0.04283523326
-0.04009234272
-0.03733776913
-0.03436890681
-0.03142308193
-0.02810942304
-0.024942302
-0.02116897853
-0.01782209504
-0.01348435712
-0.01011437699
-0.005126226378
-0.002059379811
0.003668178425
0.005866204527
0.01248940368
0.01291570361
0.02089073461
0.01808018472
0.02842229156
0.01998976039
0.03492750787
0.01691659592
0.04085415629
0.006666142307
0.04797090721
-0.2217214058
-0.2209381615
-0.2200825654
-0.2188975776
-0.2174904123
-0.2158445846
-0.2140543476
-0.2120858959
-0.2100310569
-0.207801672
-0.2054938609
-0.2030140428
-0.2004423379
-0.1977053833
-0.1948592617
-0.1918545423
-0.1887268213
-0.1854457569
-0.1820334177
-0.1784730149
-0.1747792701
-0.170944975
-0.1669817671
-0.1628896868
-0.158680048
-0.1543585607
-0.1499379721
-0.1454286432
-0.1408458871
-0.1362042962
-0.1315215117
-0.1268149514
-0.122104146
-0.1174085598
-0.112748126
-0.1081421141
-0.1036093383
-0.09916738828
-0.09483246374
-0.0906187092
-0.08653802831
-0.08259937476
-0.07880910706
-0.07516977186
-0.07168146868
-0.06833952962
-0.0651379962
-0.06206404344
-0.05910719205
-0.0562449228
-0.05346625271
-0.05073523521
-0.04804925375
-0.04534994072
-0.04266107799
-0.03988129672
-0.03709660914
-0.03411869002
-0.03116447156
-0.02787130776
-0.0247143087
-0.02099387048
-0.01767055554
-0.01342169828
-0.01008047812
-0.005219391071
-0.002173546565
0.00338835448
0.005591757774
0.01201121266
0.01249460721
0.02021446768
0.01755661862
0.02756284741
0.01945475769
0.03389902442
0.0165294892
0.03963891239
0.006685512829
0.04644352014
-0.2336724583
-0.2327891767
-0.2318430733
-0.230510987
-0.2289478485
-0.2271296764
-0.2251680741
-0.2230050964
-0.2207628288
-0.2183198067
-0.2158026346
-0.2130903921
-0.2102859423
-0.2072975021
-0.2041957137
-0.200920107
-0.1975150073
-0.1939440159
-0.1902344338
-0.186366504
-0.1823583419
-0.1782016684
-0.1739105402
-0.169485201
-0.1649389697
-0.1602784357
-0.1555182132
-0.150669998
-0.1457509154
-0.1407770964
-0.135767867
-0.1307420328
-0.1257206647
-0.1207241907
-0.1157738
-0.110889386
-0.1060904014
-0.1013948689
-0.09681926176
-0.09237787399
-0.08808261434
-0.08394233815
-0.07996321741
-0.07614756814
-0.07249519789
-0.06900125195
-0.06565943134
-0.06245692724
-0.05938282418
-0.05641504015
-0.05354181379
-0.0507284485
-0.04797058289
-0.0452127579
-0.04247467368
-0.03966128838
-0.03684957851
-0.03386436782
-0.03090392534
-0.02763171948
-0.02448654129
-0.02081823607
-0.01752010885
-0.01335813924
-0.01004754699
-0.005310484259
-0.002288042838
0.003111639909
0.005317418737
0.0115365069
0.01207369427
0.01954101303
0.01703254484
0.02670494702
0.01891841494
0.03287045854
0.01613954179
0.03842133865
0.006700257654
0.04491235699
-0.2458488215
-0.244844444
-0.2437953502
-0.2423040555
-0.240572
-0.2385622278
-0.2364179113
-0.2340415376
-0.2315975932
-0.2289209719
-0.2261776822
-0.2232123928
-0.2201564069
-0.2168952992
-0.2135176343
-0.2099496414
-0.2062462936
-0.2023640165
-0.1983364839
-0.1941405082
-0.1897982548
-0.1853002953
-0.1806636161
-0.175888699
-0.1709911987
-0.1659788065
-0.160868199
-0.155672516
-0.150410911
-0.1451010854
-0.1397640738
-0.1344200829
-0.1290914475
-0.1237997997
-0.11856696
-0.1134134801
-0.1083591584
-0.1034221864
-0.09861902716
-0.09396384928
-0.08946827608
-0.08514080644
-0.08098717267
-0.07700924823
-0.07320635106
-0.06957329178
-0.06610329728
-0.06278348355
-0.05960243863
-0.05653845563
-0.05357902813
-0.05069061891
-0.04786730278
-0.04505631855
-0.04227371549
-0.03943029326
-0.03659486103
-0.03360436693
-0.03064002157
-0.02738943945
-0.02425787147
-0.02064111298
-0.01736982764
-0.01329290455
-0.0100148112
-0.005398845582
-0.002402205371
0.002838887024
0.005044000793
0.01106586078
0.01165351851
0.01887138265
0.01650864253
0.02584977463
0.01838109828
0.03184327477
0.01574651359
0.03720378895
0.006709194685
0.04338061458
-0.2582503126
-0.2571294787
-0.2559542381
-0.254286081
-0.2523713282
-0.2501458761
-0.247803372
-0.2451902182
-0.2425275332
-0.2395936793
-0.236605025
-0.2333630017
-0.2300343111
-0.2264767568
-0.2228008002
-0.2189166733
-0.2148922245
-0.2106754169
-0.2063075714
-0.2017615188
-0.1970643123
-0.1922052269
-0.1872046742
-0.1820635299
-0.1768001428
-0.1714234034
-0.1659523204
-0.1604016397
-0.1547926027
-0.1491445425
-0.1434801941
-0.1378210132
-0.132190652
-0.1266113709
-0.121105802
-0.1156946712
-0.1103978931
-0.1052335448
-0.1002177708
-0.0953643006
-0.09068419099
-0.08618529805
-0.08187269495
-0.07774757928
-0.07380862864
-0.07005015023
-0.06646481643
-0.06303955019
-0.05976243945
-0.05661205585
-0.05357523805
-0.05061947649
-0.04773751652
-0.04487904369
-0.04205692657
-0.03918729389
-0.03633166874
-0.03333810398
-0.03037232685
-0.0271441881
-0.02402808641
-0.02046241509
-0.01721962854
-0.01322603909
-0.009982280239
-0.005484620305
-0.00251614514
0.002569733832
0.004771148324
0.01059933493
0.01123395365
0.01820568611
0.01598466607
0.0249979382
0.01784255068
0.03081877784
0.01534983422
0.03598832649
0.006711471955
0.04185157041
-0.2708854602
-0.2696592925
-0.2683307009
-0.2664570261
-0.2643427793
-0.2618759937
-0.2593184052
-0.2564416464
-0.2535414112
-0.2503233903
-0.2470678914
-0.2435223934
-0.2398973717
-0.2360167397
-0.2320176169
-0.2277910774
-0.2234204846
-0.2188438082
-0.2141115587
-0.2091919274
-0.2041176921
-0.1988767464
-0.1934935713
-0.1879694709
-0.1823258452
-0.1765730128
-0.1707324822
-0.1648206718
-0.1588610527
-0.1528745389
-0.1468854735
-0.1409164648
-0.1349921109
-0.1291354095
-0.1233690858
-0.1177140135
-0.1121898293
-0.1068141894
-0.1016025731
-0.09656796176
-0.09172054193
-0.08706726472
-0.08261231566
-0.07835602258
-0.07429626396
-0.07042672602
-0.06673942901
-0.06322104584
-0.05985912646
-0.05663249949
-0.05352737818
-0.05051224595
-0.04757865747
-0.0446786256
-0.04182216215
-0.03893039432
-0.03605822892
-0.03306405121
-0.03009939223
-0.02689475352
-0.02379599859
-0.02028118014
-0.01706851636
-0.01315676685
-0.009949095849
-0.005567143308
-0.002629074077
0.002305008272
0.00449978795
0.01013758624
0.0108157099
0.01754493861
0.01546148994
0.02415064072
0.01730333455
0.02979846475
0.01494941314
0.03477745793
0.006705710343
0.04032872299
-0.2837546536
-0.2823650587
-0.2808793195
-0.2787811428
-0.276458436
-0.2737290153
-0.2709437749
-0.2677763767
-0.2646205262
-0.2610893912
-0.2575442429
-0.2536657577
-0.2497184623
-0.2454852562
-0.2411355673
-0.2365376944
-0.2317936405
-0.2268297599
-0.2217074903
-0.2163895588
-0.2109152909
-0.2052710205
-0.1994860883
-0.1935625024
-0.1875250365
-0.1813854913
-0.1751680864
-0.1688910088
-0.162579909
-0.1562572167
-0.1499487432
-0.1436779661
-0.1374703499
-0.1313488758
-0.1253365204
-0.119453665
-0.1137194189
-0.108150662
-0.1027618486
-0.09756489796
-0.09256882308
-0.08777942562
-0.08319978935
-0.07882920474
-0.07466461077
-0.07069898415
-0.06692361177
-0.06332488485
-0.05988978866
-0.05659740869
-0.05343336276
-0.0503671148
-0.0473891535
-0.04445373211
-0.04156828939
-0.03865867882
-0.03577377873
-0.03278164007
-0.02982074455
-0.02664083494
-0.02356133531
-0.02009729919
-0.01691635087
-0.01308512262
-0.009915216928
-0.005646560555
-0.002741049033
0.002044378163
0.004229670879
0.009680568625
0.01039867519
0.01688912059
0.01493886742
0.0233083642
0.0167632517
0.02878354081
0.01454472877
0.03357329299
0.006691147531
0.03881583041
-0.2968945006
-0.2953307107
-0.2936699228
-0.291309133
-0.2887524071
-0.2857229362
-0.2826883179
-0.2791925143
-0.2757567094
-0.2718762408
-0.2680138185
-0.2637675751
-0.2594680629
-0.2548485903
-0.2501173484
-0.2451156994
-0.2399681851
-0.2345879599
-0.2290486946
-0.2233065592
-0.2174088592
-0.2113395916
-0.2051337265
-0.1987946326
-0.1923508896
-0.1858157996
-0.1792163134
-0.1725723595
-0.1659117567
-0.1592582339
-0.1526388195
-0.1460776076
-0.1396003598
-0.1332300654
-0.1269891091
-0.120897265
-0.1149726877
-0.1092310905
-0.1036855571
-0.0983466212
-0.09322185844
-0.0883156737
-0.08362988982
-0.07916258943
-0.0749096915
-0.07086336856
-0.06701415453
-0.06334810927
-0.05985168998
-0.05650420754
-0.05329077735
-0.050181787
-0.04716684798
-0.04420231734
-0.04129339959
-0.0383703591
-0.03547666281
-0.03248934915
-0.02953497944
-0.02638117421
-0.02332291804
-0.01990975007
-0.01676213462
-0.01301027818
-0.009879778198
-0.005722171263
-0.002851251722
0.001788637139
0.003961730661
0.009228994399
0.009983711462
0.0162392467
0.01441787464
0.02247225139
0.01622305728
0.0277754202
0.01413589004
0.03237829931
0.00666629686
0.03731636958
-0.3103050562
-0.3085493547
-0.3066948791
-0.3040308585
-0.3012169682
-0.2978449978
-0.2945390126
-0.2906720206
-0.2869299437
-0.282659137
-0.2784487153
-0.2737954991
-0.269110295
-0.2640667801
-0.2589196036
-0.2534793398
-0.2478970689
-0.2420687209
-0.2360822735
-0.2298875722
-0.2235416291
-0.2170265761
-0.2103826049
-0.2036135094
-0.1967530808
-0.1898161628
-0.1828323198
-0.1758232051
-0.1688185813
-0.1618432226
-0.1549250433
-0.1480882723
-0.141358732
-0.1347585914
-0.1283096005
-0.1220303079
-0.1159375181
-0.110045445
-0.1043654295
-0.09890633978
-0.09367405715
-0.08867139396
-0.08389876693
-0.07935293384
-0.07502872024
-0.07091745692
-0.06700890263
-0.06328878835
-0.05974306676
-0.05635129292
-0.0530981455
-0.04995492549
-0.04691051773
-0.04392329995
-0.04099652201
-0.03806461196
-0.03516615712
-0.03218660642
-0.02924159454
-0.026115421
-0.02308042117
-0.01971836833
-0.01660567567
-0.01293222831
-0.009842694994
-0.005794104872
-0.002959692088
0.001537486117
0.003695813409
0.008782717361
0.009570764035
0.01559515555
0.01389835053
0.02164251863
0.0156826582
0.02677498366
0.01372252082
0.03119436468
0.006630559653
0.03583434843
-0.3239760494
-0.3219560691
-0.319900161
-0.3169018832
-0.3138209004
-0.3100656905
-0.3064712839
-0.302187753
-0.2981130251
-0.2934067418
-0.2888148914
-0.2837110772
-0.278602987
-0.2730934851
-0.2674940691
-0.2615785361
-0.2555260767
-0.2492135144
-0.2427477875
-0.2360714739
-0.2292523207
-0.2222709251
-0.2151735097
-0.2079630298
-0.2006781691
-0.1933365249
-0.1859698849
-0.1786013266
-0.1712623869
-0.1639784525
-0.1567778386
-0.1496844749
-0.1427235827
-0.1359163264
-0.1292829056
-0.1228404644
-0.1166039586
-0.1105857574
-0.1047951161
-0.09923899625
-0.09392136704
-0.08884329538
-0.08400368724
-0.0793978966
-0.07501961307
-0.07085932642
-0.06690601936
-0.06314512553
-0.05956212824
-0.05613687414
-0.05285366618
-0.04968473419
-0.04661836881
-0.04361492375
-0.04067592808
-0.0377397887
-0.03484066691
-0.03187193892
-0.02893917169
-0.02584231275
-0.02283261819
-0.0195221126
-0.01644592422
-0.01285013694
-0.009803056026
-0.00586168077
-0.003065519161
0.001291605725
0.003432858786
0.008342387583
0.009160812438
0.01495772077
0.01338151357
0.02082011203
0.0151430567
0.02578336232
0.01330504851
0.03002362086
0.006582506144
0.03437283014
-0.3379681291
-0.3356702458
-0.3333760056
-0.3299791934
-0.3266017634
-0.3223993488
-0.3184876877
-0.3137272215
-0.309285434
-0.3040887511
-0.2990758065
-0.2934707658
-0.2878972907
-0.2818762364
-0.2757849719
-0.2693511174
-0.2627886746
-0.2559551263
-0.2489782488
-0.2417918892
-0.234475574
-0.2270077021
-0.2194428259
-0.2117833559
-0.2040703757
-0.196325204
-0.1885819978
-0.180864635
-0.1732059697
-0.1656315444
-0.1581694925
-0.1508428272
-0.143675751
-0.1366874372
-0.1298965055
-0.1233179062
-0.1169644472
-0.1108463
-0.1049703473
-0.09934143518
-0.09396147035
-0.08882965287
-0.08394334049
-0.0792964235
-0.07488146672
-0.07068813648
-0.06670468398
-0.0629162769
-0.05930800755
-0.05586004942
-0.05255642359
-0.04937028359
-0.04628948715
-0.04327629852
-0.04033077435
-0.03739511084
-0.03449948422
-0.03154472752
-0.02862715629
-0.02556141002
-0.02257910965
-0.01932072832
-0.01628262092
-0.01276393287
-0.00976072639
-0.005924999959
-0.003168697463
0.001050709597
0.003172796012
0.007907747143
0.008753867714
0.01432660136
0.01286733438
0.02000488627
0.01460436219
0.02480088547
0.01288343054
0.02886737423
0.006521840794
0.03293576486
-0.3522645484
-0.3496205841
-0.3470701873
-0.3432162762
-0.3395239292
-0.3348080144
-0.330555211
-0.3252525879
-0.3204085965
-0.3146609681
-0.3091833724
-0.3030205194
-0.2969354986
-0.2903532234
-0.2837243838
-0.2767242044
-0.2696109489
-0.2622185421
-0.2546978657
-0.2469735722
-0.2391378761
-0.2311671502
-0.2231233353
-0.2150107837
-0.2068722273
-0.1987298441
-0.1906218489
-0.1825720224
-0.1746138342
-0.1667724024
-0.1590749601
-0.1515429409
-0.1441987508
-0.1370593243
-0.1301407549
-0.1234555876
-0.1170140113
-0.1108237126
-0.1048889567
-0.09921234532
-0.09379361858
-0.08863005984
-0.0837174814
-0.07904830218
-0.07461399213
-0.07040346806
-0.06640429982
-0.06260146295
-0.05897973481
-0.05551968216
-0.05220511976
-0.04901016164
-0.04592235414
-0.04290586085
-0.03995944823
-0.03702899938
-0.03414101163
-0.03120346883
-0.02830406661
-0.02527138792
-0.02231858366
-0.01911311432
-0.01611463755
-0.01267275374
-0.009714738034
-0.005983416214
-0.003268353453
0.0008153280791
0.002916552248
0.007479250905
0.008350950259
0.01370235485
0.01235711423
0.01919735541
0.0140678524
0.02382808873
0.01245853998
0.02772703086
0.00644733219
0.03152536926
-0.3668817444
-0.3637946223
-0.3609729616
-0.3566030387
-0.3525858047
-0.3472794585
-0.3426605486
-0.3367385467
-0.3314506871
-0.325080669
-0.3190865743
-0.3123007232
-0.3056523686
-0.2984511429
-0.2912324545
-0.2836154731
-0.2759084954
-0.2679184044
-0.2598217229
-0.2515334605
-0.2431592209
-0.2346734253
-0.2261446917
-0.217580119
-0.2090244903
-0.2004982577
-0.1920437097
-0.1836844799
-0.1754532636
-0.1673741462
-0.1594726839
-0.1517679008
-0.1442799552
-0.1370226596
-0.1300092876
-0.123249476
-0.1167504015
-0.1105170712
-0.1045509426
-0.09885231785
-0.09341873334
-0.08824556866
-0.08332714709
-0.07865445038
-0.07421791242
-0.07000581446
-0.06600511595
-0.06220069191
-0.05857708767
-0.05511535603
-0.05179917798
-0.04860367005
-0.04551618216
-0.04250277567
-0.03956109172
-0.03664060796
-0.03376439513
-0.03084741291
-0.02796920162
-0.02497166854
-0.02205048479
-0.01889889029
-0.01594157659
-0.0125764466
-0.009664845496
-0.006037017234
-0.003364357342
0.000585116433
0.002664182569
0.007056407483
0.007952231352
0.01308423004
0.01185109241
0.01839672215
0.01353405627
0.02286440473
0.01203093634
0.02660289852
0.006359031094
0.03014516653
-0.3819623534
-0.3784331487
-0.3752659996
-0.3702562775
-0.3658713115
-0.359852767
-0.3548193609
-0.3481722404
-0.3423816149
-0.3352994632
-0.3287244433
-0.3212407209
-0.3139680713
-0.3060798854
-0.2982150976
-0.2899287826
-0.2815836773
-0.2729576886
-0.2642547805
-0.2553801823
-0.2464530619
-0.2374458196
-0.2284340601
-0.2194252782
-0.2104676366
-0.2015799725
-0.1928046525
-0.184166362
-0.1756954702
-0.1674141494
-0.1593454392
-0.1515053074
-0.1439107423
-0.1365721504
-0.1294993256
-0.1226986925
-0.1161741298
-0.1099278282
-0.1039583183
-0.0982636135
-0.09283908914
-0.08767828294
-0.08277415681
-0.07811633491
-0.07369430187
-0.06949583889
-0.06550739831
-0.06171383578
-0.05809957564
-0.05464630108
-0.05133757733
-0.04814956094
-0.04506955074
-0.04206549735
-0.03913407883
-0.03622826357
-0.03336798335
-0.03047504736
-0.02762109225
-0.0246608871
-0.02177349066
-0.01867689722
-0.01576231301
-0.01247408793
-0.009610112426
-0.006085091144
-0.003455899379
0.0003606452676
0.002416533734
0.006639648473
0.007558794056
0.01247229685
0.01135067805
0.01760269607
0.01300473332
0.02190913107
0.01160243822
0.02549482502
0.006256390239
0.02879600407
-0.3975112016
-0.3934454806
-0.3899005672
-0.3841107763
-0.3793270112
-0.3724613274
-0.3669669397
-0.3594783598
-0.3531219776
-0.3452288547
-0.3380039876
-0.3297409193
-0.3217758525
-0.3131287803
-0.3045603812
-0.2955510672
-0.2865241592
-0.2772268948
-0.2678917692
-0.2584144347
-0.2489271778
-0.2394004009
-0.2299158635
-0.2204798732
-0.2111452994
-0.2019281093
-0.1928661387
-0.1839868029
-0.1753168068
-0.1668749826
-0.1586813156
-0.1507474801
-0.1430871963
-0.1357065743
-0.1286116673
-0.12180544
-0.1152883157
-0.1090596263
-0.1031149293
-0.09745003164
-0.09205824491
-0.08693139364
-0.08206130081
-0.07743627651
-0.07304497589
-0.06887487038
-0.06491201775
-0.06114134331
-0.05754733943
-0.05411245183
-0.05081999546
-0.04764727041
-0.04458170817
-0.04159316034
-0.03867746048
-0.03579100098
-0.03295087964
-0.03008545527
-0.02725879676
-0.0243382082
-0.02148684742
-0.01844654912
-0.01557634348
-0.01236537718
-0.009550294492
-0.006127610936
-0.003542973524
0.0001417189
0.00217338254
0.00622874252
0.007170239086
0.01186630248
0.01085571314
0.01681455417
0.01248049424
0.0209606059
0.01117485478
0.02440119532
0.006140411132
0.02748033108
-0.4134814113
-0.4086815635
-0.4047739914
-0.3980603225
-0.3928690036
-0.385012144
-0.3790162847
-0.3705600296
-0.3635710056
-0.3547599744
-0.3468112612
-0.3376782225
-0.3289473116
-0.3194680341
-0.3101367258
-0.3003522525
-0.2906028182
-0.2806044083
-0.2706180367
-0.2605303829
-0.2504854962
-0.2404518645
-0.2305156711
-0.2206817718
-0.2110052061
-0.2014989965
-0.1921950041
-0.1831208223
-0.1742996599
-0.1657452873
-0.1574737299
-0.1494920831
-0.1418098072
-0.1344286423
-0.1273504989
-0.120574812
-0.1140985176
-0.107918137
-0.1020262554
-0.0964166362
-0.09108070173
-0.08600884486
-0.08119210023
-0.07661712186
-0.07227200915
-0.0681442665
-0.06421967382
-0.06048332154
-0.05692002358
-0.05351280499
-0.05024507888
-0.04709516295
-0.04405081097
-0.04108378908
-0.03818917101
-0.03532673304
-0.03251089292
-0.02967587458
-0.02687934774
-0.02400095179
-0.02118794689
-0.01820578651
-0.01538145583
-0.01224911313
-0.00948357153
-0.006164510096
-0.003624122688
-7.284213712e-05
0.0019358096
0.005821788496
0.00678667974
0.01126621382
0.01036681672
0.01603243793
0.01196172743
0.02001916828
0.01074818657
0.02332242554
0.006008809042
0.02619827704
-0.4299423963
-0.4242298069
-0.4199439809
-0.412110586
-0.4064903699
-0.3974577142
-0.3909050261
-0.3813285473
-0.373625008
-0.363774017
-0.3550148594
-0.3449085402
-0.335333421
-0.3249469527
-0.3147932784
-0.3041853191
-0.2936783251
-0.2829576296
-0.2723111694
-0.2616176098
-0.2510304028
-0.240515972
-0.2301625912
-0.219973373
-0.2100010534
-0.2002564526
-0.1907652765
-0.1815508307
-0.1726333787
-0.1640199843
-0.1557221934
-0.1477416873
-0.1400836384
-0.1327449847
-0.125723275
-0.1190146622
-0.1126128252
-0.1065113194
-0.1006996038
-0.09516981076
-0.08991183046
-0.08491502219
-0.0801697489
-0.07566126631
-0.07137699057
-0.06730491278
-0.06343064712
-0.05973951735
-0.05621659376
-0.05284462862
-0.04960991523
-0.04649041225
-0.04347408554
-0.04053469305
-0.03766655275
-0.03483295645
-0.0320455921
-0.02924482751
-0.0264815329
-0.02364813438
-0.02087546382
-0.01795380532
-0.01517623159
-0.01212492666
-0.009408356705
-0.006196242219
-0.003697276688
-0.0002850111362
0.001707176257
0.005413936504
0.006414626404
0.01066224382
0.009891246982
0.01524557832
0.01145491126
0.01907960586
0.01032351724
0.02225772525
0.005858601829
0.02495264625
-0.44697398
-0.4401127327
-0.4354347151
-0.4262310351
-0.4201562498
-0.4097216429
-0.4025418814
-0.3916650845
-0.3831495166
-0.3721200136
-0.3624524513
-0.3512612192
-0.3407595106
-0.3293907905
-0.3183579353
-0.3068857671
-0.2955957869
-0.2841445845
-0.272843365
-0.2615640577
-0.250465773
-0.2395124554
-0.2287916223
-0.2183031841
-0.208094622
-0.198174513
-0.1885601644
-0.179267729
-0.170315012
-0.1617010754
-0.1534320282
-0.1455045053
-0.1379189631
-0.1306666918
-0.1237408396
-0.1171350651
-0.1108402534
-0.1048470365
-0.09914174766
-0.09371512254
-0.08855603133
-0.08365275029
-0.07899323878
-0.07456713757
-0.07035835331
-0.0663551824
-0.06254326607
-0.05890828805
-0.05543577308
-0.05210840134
-0.04891427231
-0.04583232696
-0.04285041527
-0.03994441392
-0.03710786242
-0.03430773406
-0.03155280897
-0.02879046385
-0.02606372799
-0.02327827942
-0.02054789503
-0.0176891881
-0.01495930125
-0.01199146313
-0.0093234059
-0.006221492468
-0.00376110798
-0.0004937335077
0.001489573786
0.005004771111
0.006058593769
0.01004775271
0.009438990252
0.01443831164
0.01098186607
0.01811098511
0.009936660217
0.02117300473
0.005716564217
0.02373096924
-0.4646548504
-0.456341932
-0.4512666846
-0.4403709683
-0.4338107327
-0.4217000271
-0.4138036632
-0.401417287
-0.39197406
-0.3796093428
-0.3689225545
-0.356530581
-0.3450172893
-0.3325969636
-0.3206356845
-0.3082719392
-0.2961885719
-0.2840168725
-0.2720850866
-0.2602599701
-0.2487010833
-0.2373691017
-0.2263474184
-0.2156308037
-0.2052584596
-0.1952371749
-0.1855728597
-0.1762719185
-0.1673506895
-0.1587986611
-0.1506152636
-0.142792818
-0.1353281358
-0.1282058605
-0.1214142358
-0.114945291
-0.1087857041
-0.1029265441
-0.09735374259
-0.0920539185
-0.08701508737
-0.08222491593
-0.07766902358
-0.07333944922
-0.06921972638
-0.06529763996
-0.06155914731
-0.05799037847
-0.05457739393
-0.0513042395
-0.04815821224
-0.04512048341
-0.04217899037
-0.03931183194
-0.0365118032
-0.03374961229
-0.03103111446
-0.0283106427
-0.02562356969
-0.02288899583
-0.02020337188
-0.01740998093
-0.01472947991
-0.01184722921
-0.009228378405
-0.006239152485
-0.003816331485
-0.0006980120242
0.001280864511
0.00459588437
0.00571451833
0.009426587184
0.009007775315
0.01360944541
0.01054889754
0.0170942453
0.009617570975
0.02002226445
0.005636448701
0.02251074365
-0.4830411214
-0.4729037419
-0.4674458826
-0.4544509531
-0.4473639078
-0.4332483554
-0.4245226606
-0.410387913
-0.3998802058
-0.3860018058
-0.3741752114
-0.3604701934
-0.3478629081
-0.3343344982
-0.3214099358
-0.3081478438
-0.2952822939
-0.2824243166
-0.2699099894
-0.2576027683
-0.2456558809
-0.2340256993
-0.2227879162
-0.2119296611
-0.2014797795
-0.1914417484
-0.1818071031
-0.1725726016
-0.1637524372
-0.1553266586
-0.1472857866
-0.1396188788
-0.1323148255
-0.1253651502
-0.1187476271
-0.1124517945
-0.1064604439
-0.1007629278
-0.09534608832
-0.09019474793
-0.08529557863
-0.08063572853
-0.07620163885
-0.07198259059
-0.06796410836
-0.06413401989
-0.06047887492
-0.05698537707
-0.05364016356
-0.05042839085
-0.04733753389
-0.04435049514
-0.04145538859
-0.0386325038
-0.03587402211
-0.0331542971
-0.03047644869
-0.02780161295
-0.02515771431
-0.02247703944
-0.01983911373
-0.01711343542
-0.01448469923
-0.01168998078
-0.009122048835
-0.00624738943
-0.003862698051
-0.0008962063882
0.001080167527
0.004189068899
0.005380158879
0.008801018378
0.008592516583
0.01276449518
0.01014585828
0.01604103291
0.009353013418
0.01880780525
0.005628965658
0.02127097784
-0.5022360113
-0.4897746192
-0.4839543085
-0.4683556657
-0.4606807907
-0.4441672955
-0.4344701376
-0.4183132178
-0.4065841246
-0.3910039642
-0.3779120705
-0.362790141
-0.3490165466
-0.3343458274
-0.3204461877
-0.3063082547
-0.292700803
-0.2792213098
-0.2662012539
-0.2535029973
-0.2412653056
-0.2294392036
-0.2180888345
-0.207189371
-0.1967584769
-0.186794868
-0.1772740324
-0.1681815199
-0.1595246194
-0.1512873662
-0.1434499571
-0.1359949647
-0.12890223
-0.1221644203
-0.1157578822
-0.1096676731
-0.1038756893
-0.09836809567
-0.09312980295
-0.08814630807
-0.08340387312
-0.07888949383
-0.07458991102
-0.07049390924
-0.06658803404
-0.06286033052
-0.05929804892
-0.05588856836
-0.0526192244
-0.04947628512
-0.04644755978
-0.04351760827
-0.04067486085
-0.03790172899
-0.03518995304
-0.03251736069
-0.02988462811
-0.02725933524
-0.02466250716
-0.0220389547
-0.01945219853
-0.01679675881
-0.01422291681
-0.01151758612
-0.009003394426
-0.006244621075
-0.003900375146
-0.001087000703
0.000885866493
0.0037859168
0.005052019878
0.008173829382
0.008187417586
0.01190813956
0.009764497884
0.01495839385
0.009131893143
0.01754259524
0.005676788323
0.02001372932
-0.5223823595
-0.5069133475
-0.500750751
-0.4819114534
-0.4735592449
-0.454182158
-0.443332591
-0.4248511926
-0.4117253281
-0.3942547922
-0.3797722393
-0.3631528013
-0.3481622617
-0.3323504508
-0.317498216
-0.3025464113
-0.288274711
-0.2742754225
-0.2608601715
-0.2478925888
-0.2354858652
-0.2235850797
-0.2122404235
-0.2014104894
-0.1910970009
-0.1812910454
-0.1719750153
-0.1631113024
-0.1546956999
-0.1467101485
-0.1391325569
-0.1319401216
-0.1251100112
-0.1186254365
-0.1124639534
-0.1066085298
-0.1010403738
-0.09574423202
-0.0907044846
-0.08590660787
-0.08133678637
-0.07698213881
-0.07282992591
-0.06886876126
-0.06508619511
-0.06147072268
-0.05801039304
-0.05469335733
-0.05150773369
-0.04844089503
-0.04548121162
-0.04261477426
-0.03983047138
-0.03711272718
-0.03445305265
-0.03183250561
-0.02924971661
-0.02667818763
-0.02413280578
-0.02156991024
-0.01903841089
-0.01645597922
-0.01394098801
-0.01132692169
-0.008870477511
-0.006228434826
-0.003928807991
-0.001268361651
0.0006968747794
0.003388704894
0.004726865579
0.007548567731
0.007786180786
0.01104678475
0.009394340999
0.013856849
0.008939890374
0.01623879569
0.005767455029
0.01873543541
-0.5436152192
-0.5242248079
-0.5177434581
-0.4948596654
-0.4857006961
-0.4629229083
-0.4506906346
-0.4295542666
-0.4148393133
-0.3953135226
-0.3793289805
-0.3611748133
-0.3449544739
-0.3280544744
-0.3123196843
-0.2966666152
-0.2818542452
-0.2674781286
-0.2538120734
-0.2407242226
-0.2282908432
-0.2164454437
-0.2052215208
-0.1945864365
-0.1845114963
-0.1749702072
-0.165943592
-0.157388949
-0.1492923969
-0.1416265205
-0.134364196
-0.1274805722
-0.1209506873
-0.114754118
-0.1088681865
-0.1032742627
-0.09795337499
-0.0928894079
-0.08806662884
-0.0834707326
-0.07908820418
-0.07490654526
-0.07091367345
-0.06709849798
-0.06344950875
-0.05995582273
-0.05660636623
-0.05339013537
-0.05029611884
-0.04731277907
-0.0444292108
-0.041632939
-0.03891345542
-0.0362570655
-0.03365528376
-0.03109210746
-0.02856458111
-0.02605150074
-0.02356253646
-0.02106430224
-0.01859286097
-0.01608660461
-0.01363532388
-0.01111457178
-0.00872112522
-0.00619632002
-0.003947375103
-0.001438294456
0.0005119329716
0.002999647879
0.004401004391
0.006928953488
0.007381633746
0.01018756207
0.009023462114
0.01274860837
0.008760484019
0.01491133254
0.005885469257
0.01743814416
-0.5660637931
-0.5415246537
-0.5347440954
-0.5068126906
-0.4966636776
-0.469864106
-0.4559815531
-0.4318600977
-0.4153548585
-0.3936608745
-0.3760967155
-0.3564386961
-0.3390332385
-0.3211679497
-0.3046819402
-0.2884980415
-0.273315892
-0.2587444474
-0.2449970306
-0.231942568
-0.2196509337
-0.2080279073
-0.1970726105
-0.1867528198
-0.1770298846
-0.1678667491
-0.1592229348
-0.151054699
-0.1433406967
-0.1360501795
-0.1291522353
-0.1226202663
-0.1164272445
-0.1105508256
-0.1049682002
-0.09966003491
-0.09460760014
-0.08979462224
-0.08520572136
-0.08082702372
-0.07664559659
-0.0726495692
-0.06882764294
-0.06516931082
-0.06166401007
-0.05830163749
-0.05507204209
-0.05196514557
-0.04897085717
-0.04607874201
-0.04327872514
-0.0405597059
-0.03791189067
-0.03532335285
-0.03278582148
-0.03028594837
-0.02781965466
-0.02537036595
-0.02294352706
-0.02051462426
-0.01810887801
-0.01568256367
-0.01330084584
-0.01087584341
-0.008551935432
-0.006144757345
-0.003954484577
-0.001594008178
0.0003305769622
0.002621649235
0.004071285901
0.006319502522
0.006966654694
0.009338961364
0.008638853849
0.01164834222
0.008574539581
0.01357806453
0.006012802556
0.01612461938
-0.5898322745
-0.5584885507
-0.5514052235
-0.5171960144
-0.5057921477
-0.4742985435
-0.4584668129
-0.4310703664
-0.4125910713
-0.3887043643
-0.3695457537
-0.3485138383
-0.3300466755
-0.3114220361
-0.2943820062
-0.2778910469
-0.2625387641
-0.2479890546
-0.2343864214
-0.2215751748
-0.2095960693
-0.1983578009
-0.1878315572
-0.1779616142
-0.168702643
-0.160008376
-0.1518298348
-0.1441187493
-0.1368482318
-0.129985628
-0.1234972391
-0.1173552183
-0.1115321205
-0.1060046978
-0.1007504966
-0.09575025626
-0.09098588985
-0.08644150918
-0.08210242189
-0.07795546367
-0.0739885305
-0.07019056568
-0.0665511851
-0.06306065654
-0.05970941592
-0.05648823257
-0.05338794215
-0.05039942721
-0.04751358488
-0.04472106567
-0.04201273263
-0.03937878093
-0.03681026317
-0.03429687501
-0.03183079993
-0.02940101863
-0.02700283405
-0.02462357202
-0.02226552874
-0.01991151632
-0.01757812618
-0.01523633933
-0.01293116562
-0.010604962
-0.008358486777
-0.006069466293
-0.003947747522
-0.001732215499
0.0001530092413
0.002257914191
0.003735148945
0.00572500538
0.006534532273
0.008510146004
0.008227254536
0.0105726979
0.008361193624
0.01225996781
0.006129619573
0.01480240886
-0.6149665664
-0.5745804638
-0.5671397106
-0.525192663
-0.5121447753
-0.4752929644
-0.4571896661
-0.4263395791
-0.4057564615
-0.3797998079
-0.359128789
-0.3369783186
-0.3176631506
-0.2985626266
-0.2812154374
-0.2647229351
-0.2494905262
-0.2352190687
-0.2219873459
-0.2096493088
-0.1981812792
-0.1874929075
-0.177532166
-0.1682338566
-0.1595430029
-0.1514067124
-0.143769702
-0.1365803197
-0.1298084008
-0.1234206639
-0.1173821335
-0.1116650221
-0.1062418924
-0.101089873
-0.09618733029
-0.09151579396
-0.0870580951
-0.08279928405
-0.07872561668
-0.07482490489
-0.07108604014
-0.06749895461
-0.06405425596
-0.06074315079
-0.05755708737
-0.05448781354
-0.05152716632
-0.04866704941
-0.0458993635
-0.04321586912
-0.04060841048
-0.0380684549
-0.03558797322
-0.03315819413
-0.03077192955
-0.02842022838
-0.02609820431
-0.02379642741
-0.02151504123
-0.019242694
-0.0169895192
-0.01473800036
-0.01251756898
-0.0102942012
-0.008134358194
-0.005964626448
-0.003922922821
-0.001848476828
-1.883700911e-05
0.001912436413
0.003391863317
0.005150722114
0.006080499913
0.007710686931
0.00777684378
0.009539645525
0.008099000815
0.0109815659
0.006213559739
0.01348253872
-0.6413698676
-0.5889295326
-0.5809850656
-0.5296117057
-0.5144426769
-0.4716603141
-0.4509553109
-0.4167051832
-0.3939871542
-0.3662828865
-0.3442992901
-0.3214058466
-0.3015632781
-0.2824058939
-0.2651198628
-0.2489549896
-0.2341647371
-0.2204675614
-0.2078612983
-0.1962029742
-0.1854309317
-0.1754490294
-0.1661879641
-0.1575749906
-0.1495481155
-0.1420502586
-0.135023037
-0.1284133106
-0.1221895229
-0.1163191026
-0.1107672773
-0.105506925
-0.1005118643
-0.09576016721
-0.09123172836
-0.08690911972
-0.08277675783
-0.07882075433
-0.07502870877
-0.07138953508
-0.06789332348
-0.06453105572
-0.06129446569
-0.05817572471
-0.05516739628
-0.05226219815
-0.04945306352
-0.04673287629
-0.04409464126
-0.041531155
-0.03903537159
-0.03659991082
-0.03421783011
-0.03188169869
-0.02958522982
-0.02732117872
-0.02508498707
-0.02286972541
-0.02067444638
-0.01849207659
-0.01632850343
-0.01417445859
-0.01204840632
-0.009933236953
-0.007870576923
-0.005822320464
-0.003873490501
-0.001936770105
-0.000180588603
0.001590280126
0.003043603195
0.004602212627
0.005603549499
0.006949522192
0.007280250698
0.00856652055
0.007769653799
0.009768914209
0.006243015408
0.01218097976
-0.6686479259
-0.6001548824
-0.5913982601
-0.5288067996
-0.5109621532
-0.461957424
-0.4383875503
-0.4011207448
-0.3763746686
-0.3474543777
-0.3245455299
-0.3014998172
-0.2815865751
-0.2628408124
-0.2460624773
-0.2306166425
-0.2166001752
-0.2037576533
-0.1920222096
-0.1812491012
-0.1713484981
-0.162218886
-0.1537798137
-0.145954597
-0.1386777426
-0.1318906802
-0.1255344552
-0.1195566508
-0.113926169
-0.1086122263
-0.1035815212
-0.09880857171
-0.09426903612
-0.08994270811
-0.08581120563
-0.08185892296
-0.07807173542
-0.0744374313
-0.07094491176
-0.0675845457
-0.06434756017
-0.06122624655
-0.05821331897
-0.05530218976
-0.05248635457
-0.04975975264
-0.0471162067
-0.04454984323
-0.04205454117
-0.03962439599
-0.0372532387
-0.03493509621
-0.03266388523
-0.03043373808
-0.02823909583
-0.02607453045
-0.02393580912
-0.02181831686
-0.01972044474
-0.01763852986
-0.01557561996
-0.01352834581
-0.01150772952
-0.009508124593
-0.00755426278
-0.005631578402
-0.003789111086
-0.001988608349
-0.0003238339375
0.001298364331
0.00269729041
0.004085777365
0.005108883816
0.006234544876
0.006738177357
0.007668266719
0.00736237945
0.008648800283
0.006198752084
0.0109191908
-0.6959045255
-0.6061854263
-0.5960253682
-0.520622487
-0.499504831
-0.4445157189
-0.4179392529
-0.3784319196
-0.352057473
-0.322812032
-0.2995253759
-0.2770377741
-0.2576627632
-0.2398614115
-0.2240484467
-0.2097070756
-0.1967988176
-0.1850860258
-0.174454165
-0.1647567359
-0.1558870726
-0.1477413361
-0.1402341404
-0.1332884907
-0.1268390578
-0.120828337
-0.1151991817
-0.1099020421
-0.1049078372
-0.1001884746
-0.09571329226
-0.09145907906
-0.08740400794
-0.08352995675
-0.07982083159
-0.07626280583
-0.07284378803
-0.06955309624
-0.06638137599
-0.0633202996
-0.06036257897
-0.05750158758
-0.05473138678
-0.05204634652
-0.04944123485
-0.04691090709
-0.0444504443
-0.04205486298
-0.03971931226
-0.0374388029
-0.0352084727
-0.03302332479
-0.03087861273
-0.02876952675
-0.0266917994
-0.02464117577
-0.0226144856
-0.02060850418
-0.0186220727
-0.01665342758
-0.01470470231
-0.01277567874
-0.01087361559
-0.00899900071
-0.007167028924
-0.005376055299
-0.003654012536
-0.0019902104
-0.0004344107003
0.001047717422
0.002366508622
0.003610249194
0.004610522358
0.005572993136
0.006163937248
0.006854730847
0.006881547606
0.007642577705
0.006072505446
0.009722383138
-0.7212634431
-0.6039305999
-0.5914115557
-0.5023461885
-0.4773528231
-0.4173817897
-0.3880722211
-0.3477612517
-0.3203392343
-0.2919117939
-0.2690979797
-0.2479219647
-0.2297548595
-0.2134332679
-0.1990576677
-0.1861954132
-0.1747122169
-0.1643834535
-0.1550666035
-0.1466168388
-0.1389209486
-0.1318772089
-0.1254010429
-0.1194187294
-0.1138685059
-0.1086962413
-0.1038485446
-0.09928066361
-0.09496679444
-0.09088220976
-0.08699981046
-0.08329919508
-0.07976149923
-0.07637111086
-0.07311433694
-0.0699795139
-0.0669565104
-0.06403650615
-0.06121178697
-0.05847559551
-0.05582201383
-0.05324575572
-0.05074203685
-0.04830643506
-0.04593480506
-0.0436231509
-0.04136759654
-0.03916430111
-0.03700946023
-0.03489925425
-0.0328298993
-0.03079762379
-0.0287987873
-0.02682986473
-0.02488766746
-0.02296927377
-0.02107243919
-0.01919532287
-0.01733729381
-0.01549810212
-0.01367956368
-0.0118833989
-0.01011487462
-0.008377639048
-0.006681663336
-0.005031552992
-0.003443752081
-0.001921027934
-0.0004894001322
0.0008563521336
0.002074413387
0.003190510808
0.004133525044
0.004975431637
0.005585392854
0.006133643435
0.006349949985
0.006768733406
0.00586993899
0.008620075431
-0.7402232183
-0.5887338163
-0.5727536254
-0.4705183304
-0.4415761591
-0.3789552623
-0.347330046
-0.3082425122
-0.2809515192
-0.2544894159
-0.2331645982
-0.2140699381
-0.1978055457
-0.1834858525
-0.1709941428
-0.1599573112
-0.1501864967
-0.1414708901
-0.1336582395
-0.1266108894
-0.1202182559
-0.1143854082
-0.1090334983
-0.1040953939
-0.09951566491
-0.09524538916
-0.09123657013
-0.08745085233
-0.08386662068
-0.08046299628
-0.0772171105
-0.07411179981
-0.07113149663
-0.06826334008
-0.06549623657
-0.06282080005
-0.06022899202
-0.05771387704
-0.05526950801
-0.05289071979
-0.05057304817
-0.04831251417
-0.04610561305
-0.04394909309
-0.04183997062
-0.03977535666
-0.03775250821
-0.03576867017
-0.03382117783
-0.03190731776
-0.03002447864
-0.02817003339
-0.02634154336
-0.02453665468
-0.02275336513
-0.02098991321
-0.01924512883
-0.01751826531
-0.01580948774
-0.01411953274
-0.01245046627
-0.01080492266
-0.009187440317
-0.007602754182
-0.006058397685
-0.00456094943
-0.003121386075
-0.001747075097
-0.0004529885494
0.0007550980515
0.00185714319
0.002853789106
0.003716698361
0.004462742196
0.005047115646
0.00551663962
0.005814407252
0.006042410622
0.005619195491
0.007646453465
-0.7450372274
-0.5543982783
-0.5343188968
-0.4218601023
-0.389022562
-0.3276955146
-0.295190454
-0.2593026098
-0.2337274685
-0.2103972647
-0.1916367635
-0.17537316
-0.1616683593
-0.1498327184
-0.1396273696
-0.1307270635
-0.1229247657
-0.1160286979
-0.1098923481
-0.10439138
-0.09942529418
-0.094910276
-0.09077712166
-0.08696794789
-0.08343580984
-0.0801384051
-0.07703436212
-0.07409298481
-0.07129750011
-0.06863118249
-0.06607586473
-0.06361794135
-0.06124533233
-0.05894817252
-0.05671807232
-0.05454804469
-0.05243220899
-0.05036562754
-0.0483441392
-0.0463642116
-0.04442286351
-0.04251752044
-0.04064594156
-0.03880611509
-0.03699622622
-0.0352145527
-0.03345946791
-0.03172936998
-0.03002270663
-0.02833793468
-0.02667357352
-0.02502819226
-0.02340049401
-0.02178932643
-0.02019379667
-0.01861329684
-0.01704765072
-0.01549713684
-0.01396267073
-0.01244579037
-0.0109488928
-0.009475110673
-0.008028660134
-0.006614466221
-0.005238768318
-0.003908206605
-0.002631028064
-0.001415090909
-0.0002704457783
0.0007950022356
0.001769801026
0.002647870926
0.003417052492
0.004076757169
0.004611528953
0.005032993537
0.005344339657
0.005487324355
0.005374190531
0.006843449245
-0.7242024824
-0.493142462
-0.4694279008
-0.3541893532
-0.3183185437
-0.2624003318
-0.2314605443
-0.2007308715
-0.1786317035
-0.159555513
-0.1443789492
-0.1316339403
-0.1210732705
-0.1121511181
-0.1045861208
-0.09810051315
-0.09249789453
-0.08761281803
-0.08331646409
-0.07950352661
-0.07608934272
-0.07300468635
-0.07019290108
-0.06760747425
-0.06521142057
-0.06297004247
-0.06084959365
-0.05882795682
-0.05689363247
-0.05503427448
-0.05323668193
-0.0514911105
-0.04978911013
-0.04812397136
-0.04649009709
-0.04488305936
-0.04329918899
-0.04173563123
-0.04019001572
-0.03866057296
-0.03714580001
-0.03564461149
-0.03415604939
-0.03267944694
-0.0312141326
-0.02975965114
-0.02831546592
-0.02688121289
-0.0254564122
-0.02404076007
-0.0226338464
-0.02123548516
-0.01984543538
-0.0184637674
-0.01709058538
-0.01572642384
-0.0143719678
-0.01302847043
-0.01169746576
-0.01038119231
-0.009082292396
-0.007804216324
-0.006550909926
-0.005327150994
-0.004138256457
-0.002990249894
-0.001889690057
-0.0008434907848
0.0001409044244
0.001056380754
0.001895266389
0.002651481357
0.003317898608
0.003891014775
0.004364051936
0.004743525194
0.005033006604
0.005149034356
0.005218098302
0.006267689111
-0.6601800569
-0.4000524831
-0.3725006356
-0.2648098944
-0.229306738
-0.1828629051
-0.1565119619
-0.1327554673
-0.1158233339
-0.1020027226
-0.09129551293
-0.08266510702
-0.07574507625
-0.07010939818
-0.06549348533
-0.0616730745
-0.05848309512
-0.05579167584
-0.05349623815
-0.05151513766
-0.04978364026
-0.04824984797
-0.04687172336
-0.04561559403
-0.04445548163
-0.043365091
-0.04231903156
-0.04130443406
-0.04031541915
-0.03934419736
-0.03838275298
-0.0374254431
-0.03646754777
-0.03550571635
-0.03453722929
-0.03356035178
-0.03257367187
-0.03157656253
-0.03056848325
-0.02954951216
-0.02851965852
-0.02747945283
-0.02642922037
-0.02536973026
-0.02430147802
-0.02322534381
-0.0221418799
-0.02105200854
-0.01995630115
-0.01885571578
-0.01775086769
-0.01664280528
-0.0155322716
-0.01442051422
-0.01330853719
-0.01219793756
-0.01109014754
-0.009987287983
-0.008891398051
-0.007805293459
-0.00673177985
-0.005674496906
-0.00463711963
-0.003624149135
-0.002640135203
-0.001690328806
-0.0007800242689
8.508015346e-05
0.0008992433481
0.001656848834
0.002352187892
0.002980542259
0.003537009586
0.004018332724
0.004420967391
0.004751027746
0.005001124599
0.005110351188
0.005268445614
0.006002391044
-0.5338765233
-0.271946321
-0.2425153936
-0.1541237447
-0.124025702
-0.09053899985
-0.07175459378
-0.05643682445
-0.04606075725
-0.03828412996
-0.03272741339
-0.02867647361
-0.02578165019
-0.02373102633
-0.02231571571
-0.02137251002
-0.02078086431
-0.02044807434
-0.02030302375
-0.02029142747
-0.02037050582
-0.02050721946
-0.02067562661
-0.02085591126
-0.02103360443
-0.02119134408
-0.02131268989
-0.02139433169
-0.02143629112
-0.02143566485
-0.02138981279
-0.02129734721
-0.02115754317
-0.02097059126
-0.02073677572
-0.02045723003
-0.02013293488
-0.01976559228
-0.0193565893
-0.018907967
-0.01842132963
-0.01789887067
-0.0173422953
-0.01675385878
-0.01613526051
-0.01548874189
-0.01481596238
-0.01411912415
-0.01339984217
-0.01266029272
-0.01190207935
-0.01112740423
-0.01033792947
-0.009535965251
-0.008723328961
-0.007902541404
-0.007075687393
-0.006245607715
-0.005414765946
-0.004586419802
-0.00376350191
-0.002949743212
-0.002148594471
-0.001364244008
-0.0006006417824
0.0001376899555
0.0008464018876
0.001520887145
0.002156603735
0.002749234041
0.003294371949
0.003788511939
0.004227869051
0.004609999926
0.004932994843
0.005201269159
0.005401225738
0.005501041695
0.005681935092
0.006171044463
-0.3344865539
-0.1125109019
-0.08719541976
-0.02738287613
-0.007936614721
0.01047376862
0.01947124899
0.02549564527
0.02846498968
0.02976150191
0.02978859458
0.02902309741
0.02770336462
0.02602677834
0.02412506356
0.02209427958
0.02000281013
0.01790015989
0.01582211676
0.01379441001
0.01183560892
0.009958799246
0.008173377787
0.006485131153
0.004897224652
0.00341819896
0.002055856136
0.0008046008635
-0.0003412705395
-0.001383328217
-0.002323898475
-0.003165979803
-0.003912474387
-0.004567015152
-0.005132844529
-0.005613885568
-0.006013489948
-0.006335689666
-0.006583819675
-0.006761880701
-0.006873105309
-0.00692141166
-0.006909881228
-0.006842302455
-0.006721587449
-0.00655135508
-0.006334400918
-0.00607417125
-0.005773335498
-0.005435217061
-0.005062397759
-0.004658128138
-0.004224961212
-0.003766137265
-0.003284249638
-0.002782596603
-0.002263884014
-0.001731533622
-0.001188427539
-0.0006381614579
-8.383715124e-05
0.0004707550645
0.001022285824
0.001566801444
0.002100781177
0.002620206485
0.003121452136
0.003600608127
0.00405408341
0.00447832666
0.004869994514
0.005226283261
0.005544222192
0.005821972511
0.006058361653
0.006255448739
0.0063997477
0.006481096063
0.006639538236
0.006932683851
-0.08074624288
0.06264060601
0.0765209574
0.1040964422
0.1093572295
0.1125000345
0.1108825518
0.1076369369
0.1030813098
0.09791925281
0.09243004669
0.08684508379
0.08129440843
0.07586635646
0.07061512143
0.06557426856
0.06076314471
0.05619150598
0.05186284134
0.04777611925
0.0439275878
0.0403114453
0.03692089271
0.03374738123
0.03078162409
0.02802088456
0.02546256725
0.02309122884
0.02089319049
0.01886054695
0.01698489608
0.01525805892
0.01367272385
0.01222134686
0.01089740653
0.009693987325
0.00860523034
0.007624791203
0.006747381043
0.005967148892
0.005279293213
0.004678412143
0.004160107399
0.003719357745
0.003352126558
0.003053728885
0.002820418912
0.002647792684
0.002532336253
0.002469871661
0.0024570601
0.002489893515
0.002565151184
0.002678940225
0.002828103244
0.003008813025
0.003217925977
0.003451640813
0.003706790942
0.003979578495
0.004266794952
0.004564647958
0.004869895897
0.005178794
0.00548810135
0.005794205632
0.006093929404
0.00638392311
0.006661172884
0.006922758364
0.00716596618
0.007388452475
0.0075879763
0.007762973876
0.007912691863
0.00803727977
0.008127861698
0.008185091432
0.008291576703
0.008432053374
0.174300887
0.2283656297
0.2259659427
0.2247218903
0.2153546878
0.2050517919
0.1936601311
0.182309394
0.1712046712
0.1605658345
0.1504566965
0.1409059663
0.1319094975
0.1234491139
0.1154992489
0.1080311626
0.1010155891
0.09442362966
0.08822776638
0.08240180288
0.07692141858
0.0717635606
0.06690616272
0.06232788842
0.05801526644
0.05396765186
0.05018113332
0.04663897762
0.04332562949
0.0402313431
0.03734547248
0.03465747887
0.03215770786
0.02983625139
0.02768430046
0.02569273017
0.02385357306
0.02215846769
0.02060022393
0.01917119972
0.01786489122
0.01667429334
0.01559350641
0.01461609736
0.01373666516
0.0129492709
0.01224894358
0.01163016964
0.01108833874
0.01061829524
0.01021572432
0.009875765934
0.009594340545
0.009366829315
0.00918933582
0.009057438573
0.008967381756
0.008914910923
0.00889638351
0.008907699444
0.008945320968
0.009005311641
0.009084253625
0.009178408028
0.009284520312
0.009399109145
0.00951915632
0.009641523992
0.009763529503
0.009882484749
0.009996173222
0.01010248272
0.01019974197
0.01028656394
0.01036222797
0.01042604809
0.01047499901
0.01051124662
0.01056025454
0.01060424253
0.3725953383
0.3608649285
0.3430224402
0.3223838345
0.3020372545
0.282471974
0.263967011
0.2465322162
0.2300914957
0.2146783941
0.2003196986
0.1869643782
0.1745487191
0.1630024204
0.1522582941
0.1422532969
0.1329298413
0.1242352492
0.1161218862
0.1085463098
0.1014692594
0.094853353
0.08866328144
0.08288333434
0.07751962212
0.07255117846
0.06793916472
0.06364806432
0.05964581932
0.05591009657
0.05242181713
0.04916385764
0.04612164855
0.04328153375
0.04063186077
0.03816129834
0.03586018914
0.03371885021
0.03172905572
0.02988233899
0.02817154048
0.02658914054
0.02512878816
0.02378370802
0.02254819528
0.02141607607
0.02038214956
0.01944072493
0.01858699899
0.01781567078
0.01712225197
0.0165017564
0.01594994283
0.01546207994
0.01503411933
0.01466153985
0.01434044522
0.01406649639
0.01383592609
0.0136445698
0.01348878632
0.0133646016
0.01326852145
0.01319680135
0.0131461447
0.01311309811
0.01309464587
0.01308771227
0.0130896736
0.01309794565
0.01311042456
0.01312512559
0.01314058487
0.01315554298
0.01316935329
0.01318133877
0.0131911654
0.01320022558
0.01321094969
0.01321732985
0.4841838011
0.4442660992
0.4155582071
0.3842403099
0.3562032998
0.3303052098
0.3067425663
0.2852436946
0.2657861328
0.2482903262
0.2324326014
0.2178990458
0.2044980524
0.1920825123
0.1805416372
0.169786634
0.1597449855
0.1503555836
0.141566468
0.1333323906
0.125614026
0.1183783513
0.1115991716
0.1052324271
0.09920635465
0.09348935354
0.08808795713
0.08298845838
0.07817626828
0.07363906982
0.06936531388
0.06534276219
0.06156001802
0.05800533831
0.05466804959
0.0515372199
0.04860308521
0.04585562365
0.04328600118
0.04088510523
0.03864496779
0.03655731299
0.03461495324
0.0328103615
0.03113702057
0.02958805358
0.02815751808
0.02683909033
0.02562730641
0.02451630152
0.02350100013
0.02257590926
0.02173625798
0.02097684714
0.0202931355
0.01968015155
0.01913352036
0.01864844766
0.01822067916
0.01784556946
0.01751896286
0.01723636257
0.01699372041
0.01678672018
0.01661146962
0.01646390251
0.01634037595
0.01623718902
0.01615108797
0.01607890224
0.0160179439
0.01596573368
0.01592033994
0.01588022996
0.01584510453
0.01581437918
0.01578256859
0.01575397819
0.01578449202
0.01584071933
0.5086871702
0.4722390591
0.4431285604
0.413545246
0.3868033101
0.3620497712
0.3393822195
0.3186452883
0.2995392966
0.2815930884
0.2646802356
0.2488391923
0.2340157476
0.2201530809
0.2071850213
0.1950461782
0.1836742709
0.1730113754
0.1630047172
0.153606166
0.1447724037
0.1364643165
0.1286471147
0.1212873987
0.1143556474
0.1078320233
0.1016966746
0.09592294103
0.09048716116
0.08537024348
0.08055407492
0.07602157785
0.07175737066
0.06774662423
0.0639761077
0.06043288652
0.0571054971
0.05398258913
0.05105415721
0.04831017675
0.04574185138
0.04334027629
0.04109765596
0.03900602998
0.03705844242
0.03524772488
0.03356761403
0.03201159344
0.03057396145
0.02924872637
0.02803062784
0.02691408022
0.02589414892
0.02496554227
0.02412354137
0.02336304503
0.02267944871
0.02206775218
0.02152338222
0.02104137396
0.02061713139
0.02024569469
0.01992243358
0.01964240914
0.01940100499
0.01919338085
0.01901505072
0.01886142477
0.0187283327
0.01861166965
0.01850786564
0.01841368305
0.01832627237
0.01824353907
0.01816572725
0.01809372148
0.01800945852
0.01791243158
0.01799832071
0.01823865566
0.5089002561
0.484807105
0.4612418112
0.4356180803
0.4103234264
0.3858398734
0.3626011869
0.340695214
0.3201075469
0.3008103139
0.2827897565
0.2659779214
0.2502899753
0.2356417311
0.221951387
0.2091430448
0.1971472474
0.1859008032
0.1753466815
0.1654331576
0.1561136446
0.1473455332
0.1390899911
0.1313103721
0.1239752466
0.1170608681
0.110545197
0.1044010704
0.09860509278
0.0931388342
0.08798452978
0.08312549103
0.07854646141
0.07423271556
0.07017090197
0.06634801085
0.06275230235
0.05937225576
0.05619752213
0.05321788703
0.05042420682
0.04780740802
0.04535939299
0.04307207666
0.0409382674
0.03895073015
0.03710304248
0.03538868165
0.03380185914
0.0323366256
0.03098768933
0.02974953199
0.02861721289
0.0275854964
0.02664964011
0.02580453896
0.02504549466
0.02436738758
0.0237654232
0.02323434347
0.0227691466
0.02236435387
0.02201469836
0.02171446803
0.02145814914
0.02123988023
0.02105401585
0.02089474948
0.02075653375
0.02063394818
0.02052191307
0.02041594402
0.02031176772
0.02020581676
0.02009803904
0.01999330295
0.01985942764
0.01966235987
0.01979024523
0.02041393686
0.5024112346
0.4830615793
0.462959741
0.438974064
0.4150566799
0.391516455
0.368989265
0.3476124795
0.3274439654
0.308454496
0.2905991181
0.2738437999
0.2581151579
0.2433549436
0.2295003842
0.2164909782
0.204268961
0.1927801122
0.1819741984
0.1718045798
0.1622288622
0.1532073167
0.1447039237
0.1366848555
0.1291211499
0.1219900412
0.1152682169
0.1089275359
0.1029442479
0.09729911673
0.091973608
0.08695050962
0.08221402232
0.0777490535
0.07354181879
0.0695790659
0.06584872802
0.06233913674
0.05903969512
0.05594012065
0.05303110234
0.05030355766
0.04774929775
0.04536031327
0.04312939774
0.04104946894
0.03911417115
0.03731720672
0.03565292883
0.03411567619
0.03270035903
0.03140178601
0.03021524568
0.02913582849
0.02815899794
0.02727991461
0.02649400239
0.02579627691
0.02518190317
0.02464554625
0.02418192214
0.02378518412
0.02344947192
0.0231683534
0.02293536567
0.02274355048
0.02258595429
0.02245532829
0.02234450896
0.02224639111
0.02215406232
0.02206134299
0.02196223742
0.02185112426
0.02172558746
0.02159666568
0.02142747508
0.02110931491
0.02120824216
0.02245482364
0.4635662462
0.4536563127
0.4401030089
0.4221485189
0.4029827858
0.3830639747
0.3632755223
0.3439472428
0.3253247771
0.3075165033
0.290581054
0.2745110692
0.259311538
0.2449515023
0.2313958845
0.2186049633
0.2065377237
0.1951532951
0.1844118769
0.1742733455
0.1647075462
0.1556749091
0.1471456859
0.1390886262
0.1314784325
0.1242946406
0.1175150769
0.1111129899
0.1050660336
0.09935583107
0.09396446595
0.08887525611
0.08407287079
0.07954260534
0.07527088118
0.0712446259
0.06745185324
0.06388111552
0.06052184366
0.05736387786
0.05439792809
0.05161509353
0.04900724333
0.04656657064
0.04428599
0.04215866594
0.04017842703
0.03833931137
0.03663592495
0.03506301308
0.03361581661
0.03228961042
0.03108005537
0.02998272368
0.02899345572
0.02810785925
0.02732164519
0.02663014657
0.02602864978
0.02551191089
0.02507449527
0.02471031984
0.02441300286
0.02417546145
0.02399026781
0.0238493527
0.02374432821
0.02366639415
0.02360652225
0.02355573177
0.02350490383
0.02344583265
0.02337043417
0.02327128315
0.02314087052
0.02299525333
0.02281289275
0.02237926515
0.02232685711
0.0244601378
0.4136743846
0.4132450205
0.4055637264
0.3941007182
0.3802240572
0.3648032553
0.3486856416
0.3323364422
0.3161163224
0.3002426876
0.2848609681
0.2700557829
0.2558737621
0.2423350591
0.229442988
0.2171884543
0.2055549169
0.1945209526
0.1840627119
0.174156631
0.1647699935
0.1558832506
0.1474692168
0.139504122
0.1319660057
0.1248385988
0.118102017
0.1117318365
0.1057077911
0.1000130759
0.0946308668
0.08954513247
0.08474277189
0.08020903586
0.0759309727
0.07189572263
0.06809168779
0.06450805667
0.0611342736
0.05796058118
0.05497793855
0.05217764974
0.04955178801
0.04709280684
0.04479386105
0.04264841477
0.04065061696
0.03879490208
0.03707623972
0.03548984597
0.03403142145
0.03269677758
0.031482081
0.03038353203
0.02939750859
0.02852014979
0.02774765499
0.0270758092
0.02650021827
0.0260158664
0.02561735814
0.02529849637
0.02505253046
0.02487181745
0.02474804215
0.02467207599
0.02463404792
0.02462364453
0.02462971571
0.0246415321
0.02464717772
0.02463683162
0.0245988977
0.02452630056
0.02440333185
0.02424674771
0.02406881785
0.02356603345
0.02319115315
0.02648929066
0.3631043355
0.3691275924
0.3654997599
0.3597938701
0.3508028878
0.3399849551
0.3278339175
0.3149015436
0.3015660431
0.2881145681
0.2747542203
0.2616322233
0.2488502497
0.2364762375
0.2245533094
0.2131060397
0.202145778
0.1916741626
0.1816859482
0.1721715376
0.1631178835
0.1545106177
0.1463331632
0.1385671077
0.1311974307
0.1242131442
0.1175979239
0.1113308735
0.1053946949
0.09977488914
0.09445684889
0.0894271553
0.08467060158
0.08017543685
0.07592946825
0.07192145837
0.06814037814
0.06457536072
0.06121682485
0.05805517232
0.05508156136
0.05228779617
0.04966620829
0.04720950526
0.04491149878
0.04276568545
0.04076670183
0.03890959988
0.03718948259
0.03560222371
0.03414396873
0.03281121456
0.03160075551
0.03050935788
0.02953414237
0.02867190817
0.02791933273
0.02727292622
0.02672862673
0.02628192128
0.02592746035
0.02565923295
0.02547007807
0.02535213157
0.0252960267
0.02529200823
0.02532828963
0.0253937309
0.02547407899
0.02555816799
0.02562920583
0.02567857605
0.02568649342
0.02565261807
0.02554610323
0.0253873725
0.02520920278
0.02473444568
0.02382044177
0.02855991779
0.3150038478
0.3248417877
0.3238821475
0.3227912478
0.3178344952
0.3112110081
0.3028449086
0.2933656882
0.2830708201
0.2722757074
0.2612078702
0.2500526885
0.2389499618
0.2280058119
0.2172982981
0.2068835506
0.1968005138
0.1870747589
0.1777215445
0.1687483495
0.1601568342
0.1519444281
0.1441051737
0.1366297067
0.1295106605
0.1227432106
0.1163154516
0.1102109411
0.1044161195
0.09891946151
0.09370867166
0.08877215331
0.08409816363
0.07967542949
0.07549300938
0.07154054466
0.06780784759
0.06428519387
0.06096323333
0.0578333084
0.05488705682
0.05211668934
0.04951493934
0.04707517806
0.04479075654
0.04265648701
0.04066704871
0.03881761698
0.0371044639
0.03552378662
0.03407239192
0.03274731381
0.03154595262
0.03046597149
0.02950489581
0.02866039971
0.02792998626
0.02731073845
0.0267992072
0.02639127999
0.02608199967
0.02586547856
0.02573441157
0.02568079197
0.02569421403
0.02576473558
0.02587802341
0.02602345208
0.02618152925
0.02634412645
0.02648409061
0.02660235436
0.02665817995
0.02667598085
0.02658516639
0.02644815932
0.02622452905
0.02593110914
0.02422428672
0.03066157757
0.2711023192
0.2827926703
0.2834403304
0.285691942
0.2837556867
0.2806164654
0.2755316716
0.2692323249
0.2618574269
0.2537217083
0.2450293148
0.2359766283
0.2267179257
0.2173817681
0.2080700317
0.1988632527
0.1898235727
0.1809980557
0.1724213573
0.1641181188
0.1561049432
0.1483921913
0.1409852139
0.1338843285
0.127090877
0.1206072954
0.1144267864
0.1085382348
0.1029325996
0.09760199622
0.09253722064
0.08772925091
0.08316867572
0.07884618811
0.07475244537
0.07087826096
0.06721477526
0.0637531178
0.06048496688
0.05740221013
0.05449728295
0.05176290657
0.04919233328
0.04677937651
0.04451819167
0.0424036898
0.04043117121
0.03859654193
0.0368962469
0.03532719178
0.03388675697
0.03257273575
0.03138322925
0.03031656405
0.0293711137
0.02854536345
0.02783750176
0.02724528707
0.02676597401
0.02639617678
0.02613106165
0.02596543365
0.02589133847
0.02590160002
0.02598364352
0.02612927598
0.02631897613
0.02654680134
0.02678195672
0.02702849895
0.02723539157
0.02743305092
0.02753059868
0.02761934715
0.02752589676
0.02746125888
0.0270985974
0.02718625528
0.0244182976
0.03277156845
0.2319198559
0.2442175076
0.2456997108
0.2501524101
0.2502951108
0.2498411544
0.24738806
0.243807744
0.2390346434
0.2333743431
0.2269729622
0.2200160084
0.2126487142
0.205004621
0.1971950616
0.1893144743
0.1814405183
0.173636464
0.165952843
0.1584293461
0.1510964722
0.1439771018
0.1370878888
0.1304389088
0.1240407367
0.1179036672
0.1120264382
0.1064038825
0.1010321894
0.09590757049
0.09102454744
0.08637707179
0.08195850658
0.07776174516
0.07377942718
0.07000407502
0.06642803555
0.06304388347
0.05984423936
0.0568219711
0.05397022773
0.05128250168
0.04875271027
0.04637512196
0.04414466018
0.04205661585
0.04010690242
0.03829196295
0.03660879751
0.03505493833
0.03362843072
0.03232775561
0.03115175411
0.03009951429
0.02917023498
0.02836319543
0.02767734165
0.02711139765
0.02666309389
0.02632997384
0.02610724039
0.0259908372
0.02597160126
0.02604440972
0.02619275303
0.02641328952
0.0266766589
0.02698904271
0.02729715348
0.02763428165
0.02790014975
0.0281922069
0.0283142656
0.02850590469
0.02836659375
0.02845914464
0.02781709233
0.02851711355
0.02442425853
0.03486571029
0.1972376433
0.2094958503
0.2113015042
0.2170795634
0.218541405
0.220030849
0.2195543796
0.218162107
0.2155673401
0.2120760009
0.2077551848
0.2027681509
0.1972326435
0.1912725317
0.1849945099
0.1784955707
0.1718595739
0.165158858
0.1584544583
0.1517972583
0.1452289729
0.1387832918
0.1324871426
0.1263597411
0.1204207996
0.114688558
0.109167334
0.1038581773
0.09876305687
0.09388265333
0.08921546398
0.08475905575
0.08050968874
0.0764629419
0.07261372449
0.06895634555
0.06548502504
0.06219363827
0.05907612269
0.05612642263
0.05333863956
0.05070712081
0.0482264949
0.04589186768
0.04369858938
0.04164272061
0.03972074079
0.03792970384
0.03626723259
0.03473151753
0.0333212783
0.03203572602
0.03087444734
0.02983736147
0.02892446631
0.0281359306
0.02747143661
0.02693074557
0.02651200868
0.0262140326
0.02603161932
0.02596273152
0.02599575136
0.02612980264
0.02634119183
0.02663672366
0.02696923329
0.02736938591
0.02774294213
0.02818013457
0.02849060477
0.02889881671
0.02901560364
0.02935785234
0.02910364965
0.02946908574
0.02837518231
0.02992719566
0.02427294053
0.03692562242
0.1668852283
0.1784023692
0.180378884
0.1868365399
0.1890699535
0.1918932669
0.1928204911
0.1931033978
0.1922393867
0.1905545223
0.1880286503
0.184802253
0.1809545783
0.1765908109
0.1718019391
0.166677754
0.161299273
0.1557403155
0.1500661355
0.1443338448
0.1385925589
0.1328839403
0.1272431596
0.1216972224
0.1162742126
0.1109993633
0.1058827518
0.100931298
0.09615314007
0.09155334586
0.0871349154
0.08289899067
0.07884522533
0.07497205932
0.07127682963
0.06775621313
0.06440610754
0.06122220386
0.0581998482
0.05533425411
0.05262062692
0.05005428617
0.04763079884
0.04534591727
0.04319596218
0.04117750506
0.03928775721
0.03752444893
0.03588588052
0.03437093374
0.03297904165
0.0317101758
0.03056469897
0.0295433925
0.02864705461
0.02787682799
0.0272330734
0.02671674971
0.02632622538
0.02606205159
0.02591794099
0.02589513585
0.02597767639
0.02617210997
0.02644272319
0.02681415324
0.02720983776
0.027702648
0.02813104377
0.02868134345
0.02901584695
0.02956943308
0.02963907974
0.03019471613
0.0297353051
0.03051039556
0.02877779433
0.03141083464
0.02399382681
0.0389387156
0.1403409209
0.1506166307
0.1527739121
0.1594559822
0.1621158103
0.1658042281
0.1676794113
0.1691908273
0.1696409279
0.1693968623
0.1683522231
0.16663202
0.1642729535
0.161358683
0.1579577507
0.1541461607
0.1499948611
0.1455724923
0.1409424261
0.1361627673
0.1312856472
0.1263571811
0.1214180092
0.1165009858
0.1116407418
0.106868289
0.1021993939
0.09764577273
0.09322175863
0.08893678337
0.08479817922
0.08081096733
0.07697823566
0.0733014396
0.06978069614
0.0664148997
0.06320228545
0.06014023931
0.05722577848
0.05445554223
0.05182599012
0.04933356916
0.04697479072
0.04474647234
0.04264551446
0.04066946761
0.03881623505
0.03708428656
0.03547265132
0.03398095518
0.03260938315
0.03135871056
0.03023009496
0.02922522799
0.02834569186
0.02759370644
0.0269702084
0.02647760248
0.026114128
0.02588274574
0.02577508296
0.02579738444
0.02592671254
0.02618131827
0.02650695338
0.02695623445
0.0274079614
0.02800019388
0.02847018346
0.02915015737
0.02948285925
0.03021764401
0.0301886726
0.0310316647
0.03026337547
0.03159388496
0.02903744434
0.03295720687
0.02361578447
0.0408998302
0.1168499476
0.1259819664
0.1282654056
0.1348663821
0.1377341738
0.1419304736
0.1444080368
0.1467794458
0.1481840193
0.1490442518
0.1491738161
0.148692908
0.1475964757
0.1459486981
0.1437930516
0.1411887582
0.1381920661
0.1348616299
0.1312539337
0.1274233778
0.1234208329
0.1192931469
0.1150831206
0.1108275979
0.1065652073
0.1023308149
0.09814507385
0.09402387171
0.08998693218
0.08604756681
0.08221747863
0.07850531129
0.07491764535
0.07145904078
0.06813235068
0.06493917493
0.061879737
0.05895360596
0.05615951387
0.05349567342
0.05095993259
0.0485499661
0.04626345474
0.04409806564
0.04205190133
0.04012314896
0.03831061199
0.03661356047
0.03503181679
0.03356580057
0.03221649811
0.03098553091
0.02987487626
0.02888718855
0.02802481276
0.02729116535
0.02668761989
0.02621834424
0.02588098207
0.02568175282
0.02560889327
0.02567583358
0.02584930072
0.02616458746
0.02654080564
0.02707097938
0.02757073551
0.02827092879
0.02876723726
0.02959643875
0.02989762812
0.03085430446
0.03066901587
0.03187955448
0.03069341598
0.03272376485
0.02917088418
0.0345541621
0.02316309307
0.04280760505
0.0961321783
0.1042740336
0.1065870859
0.1129249502
0.1158568038
0.120296018
0.1231233139
0.1260623226
0.1281275254
0.1298013113
0.1308268146
0.1313298124
0.1312670036
0.1306880562
0.1296118617
0.1280809749
0.1261349275
0.1238197861
0.1211817598
0.1182679836
0.1151244481
0.1117953863
0.108322454
0.1047442735
0.1011014151
0.09742995881
0.09375346566
0.09009211654
0.08646935372
0.08290209811
0.07940571913
0.07599231567
0.07267175783
0.06945160522
0.0663376017
0.06333368382
0.06044267933
0.05766604473
0.05500444694
0.05245777181
0.05002536299
0.04770625218
0.045499284
0.04340340386
0.04141744016
0.03954077587
0.03777303352
0.03611435975
0.03456541786
0.03312749179
0.03180239996
0.03059268024
0.02950112967
0.02853145643
0.02768670623
0.02697166878
0.02638793828
0.02594187056
0.02562988959
0.02546254807
0.02542304536
0.02553466724
0.0257497236
0.02612690903
0.02654911696
0.0271642447
0.02770337959
0.02852158472
0.02902751672
0.03002772514
0.03026523411
0.03148741387
0.03108514955
0.03274515363
0.03103325996
0.03389962272
0.02919586995
0.03618996266
0.02265505447
0.04466489403
0.07786662367
0.08513528852
0.08742305169
0.09341320638
0.09631892823
0.1008194828
0.1038208931
0.107106801
0.1096046877
0.1118536153
0.1135374532
0.1147957133
0.115551651
0.115846552
0.1156771093
0.1150715271
0.1140527407
0.1126536767
0.1109086029
0.1088552406
0.1065321272
0.1039782578
0.1012313269
0.0983294638
0.0953132594
0.09221711953
0.08906580964
0.08588321955
0.08269493821
0.07952067318
0.07637885845
0.07328447815
0.07025037007
0.06728690265
0.06440240158
0.06160349922
0.05889503884
0.05628077838
0.05376325556
0.05134409337
0.04902421536
0.04680407064
0.04468386202
0.04266355839
0.04074338886
0.03892350705
0.03720458178
0.03558770327
0.03407443452
0.0326669836
0.03136804416
0.0301811325
0.02910987637
0.02815912834
0.02733257109
0.02663656448
0.02607266766
0.02564992236
0.02536278531
0.02522741095
0.0252200123
0.0253768389
0.02563105392
0.02607201484
0.02653555092
0.02724059561
0.02781005839
0.02875754133
0.02925555394
0.03045004385
0.03059054158
0.03212304674
0.03144284203
0.03363258826
0.03129229445
0.03511878414
0.02912967625
0.03785488599
0.02210659416
0.04647521304
0.06173238738
0.06823127915
0.07047009563
0.07608422541
0.07891652971
0.08336363169
0.08642046969
0.08989460115
0.0926557534
0.09529245607
0.0974410411
0.09925993835
0.1006441573
0.1016325493
0.1022028858
0.1023725356
0.1021493939
0.101554279
0.1006093459
0.0993421408
0.09778231152
0.0959619251
0.09391269421
0.09167044479
0.08927315694
0.08675191711
0.08413095324
0.08143678921
0.07869546929
0.075928766
0.07315710527
0.07039780297
0.0676660903
0.06497478152
0.06233468125
0.05975452315
0.05724162201
0.05480159187
0.05243892958
0.05015701486
0.04795838257
0.04584497338
0.0438183033
0.04187976732
0.04003046337
0.03827189477
0.03660568489
0.03503391523
0.03355911739
0.0321844726
0.03091360103
0.02975105516
0.02870130588
0.02777045019
0.02696272673
0.02628629891
0.02574237584
0.02534327857
0.02508060245
0.02497758712
0.02500119355
0.0252041867
0.02549522711
0.02600243444
0.02650259804
0.02730329665
0.02789378996
0.02898274021
0.0294548615
0.03086774884
0.03087767392
0.0327652297
0.03174763277
0.03454359143
0.03147987604
0.03637710131
0.02898768285
0.03954073206
0.02152910982
0.04824371743
0.04749836769
0.05330383887
0.0554919483
0.06072286369
0.06345318714
0.0677760263
0.07081293858
0.07436127416
0.07726233759
0.0801429467
0.08260334998
0.0848228973
0.08667335146
0.08819599642
0.08935306174
0.09015491292
0.09059668356
0.09068909861
0.09044310586
0.08987644181
0.08900950208
0.08786660746
0.08647233672
0.08485885066
0.08305945017
0.08110055505
0.07900438605
0.0767987444
0.07450873371
0.07215711742
0.06976535672
0.06735225922
0.06493491063
0.06252802522
0.06014437836
0.05779493801
0.05548870118
0.05323341092
0.05103531908
0.04889952851
0.04683017883
0.0448306992
0.0429040486
0.04105276228
0.03927946132
0.03758652543
0.03597674498
0.03445326612
0.03301962047
0.03168004237
0.03043909212
0.02930245423
0.02827541247
0.02736545839
0.02657724801
0.0259210568
0.02539733413
0.02502240233
0.02478392554
0.02471395282
0.02476759332
0.0250181257
0.02534374548
0.02592021494
0.02645230207
0.02735505804
0.02795717801
0.02920048089
0.02962866554
0.03128443783
0.03113076318
0.03341705386
0.03200539042
0.0354789058
0.03160552851
0.03767032433
0.02878377658
0.0412411596
0.02093138448
0.04997450388
0.03498198176
0.04015092409
0.04228502764
0.04713573615
0.04975155776
0.05390676306
0.05687502626
0.06041663535
0.06336932973
0.0663851668
0.06903932477
0.07153133047
0.07371434109
0.07563546764
0.07724448137
0.0785482692
0.07953165194
0.08019770178
0.08054768935
0.08059067095
0.08033823937
0.07980666702
0.07901413627
0.07798760739
0.07675353793
0.07533295959
0.07374633177
0.07202006765
0.07017748949
0.06824128188
0.06623287465
0.06417189555
0.06207635751
0.05996239735
0.05784440184
0.0557347421
0.05364443816
0.05158270796
0.0495575449
0.04757566589
0.04564275556
0.0437637222
0.04194287015
0.04018422138
0.0384913238
0.0368680201
0.03531812944
0.03384590625
0.03245593199
0.03115354368
0.02994427817
0.02883502098
0.02783185772
0.02694381098
0.02617581575
0.02554058638
0.02503735635
0.02468725653
0.02447281094
0.02443680847
0.02451960762
0.02481940521
0.02517742379
0.02582663681
0.02638595052
0.02739770811
0.0280020276
0.02941302416
0.02977938508
0.03170245726
0.03135314148
0.03408015577
0.03222124651
0.03643784878
0.03167775018
0.03899367264
0.02852970423
0.0429505814
0.0203203634
0.05167191179
0.02400604161
0.02863124276
0.03068914658
0.03516380312
0.03765756825
0.04161616962
0.04448368255
0.04795955299
0.05089889044
0.05396966387
0.05672798623
0.05939185866
0.06179984227
0.06400684766
0.06595280177
0.06764400764
0.06905725
0.0701904056
0.0710368487
0.07159851525
0.071879288
0.07188769246
0.07163656044
0.07114639127
0.07043628979
0.06952099876
0.06841962811
0.06715502989
0.06574821108
0.0642206028
0.06259280499
0.06088421771
0.05911326598
0.05729674123
0.05544993347
0.0535866465
0.05171892265
0.04985761336
0.04801211449
0.0461905984
0.04440019326
0.04264719893
0.04093732654
0.03927572755
0.03766752042
0.03611745081
0.0346305913
0.03321232626
0.03186833208
0.0306050905
0.02942914249
0.02834864852
0.02737046784
0.02650531344
0.02575822324
0.02514473322
0.02466232262
0.02433785577
0.02414734001
0.02414646405
0.02425762285
0.02460874161
0.02499703642
0.02572289519
0.02630477189
0.02743292486
0.02803009756
0.02962242437
0.02990946258
0.03212389421
0.03154831831
0.0347558379
0.03240056496
0.03741953396
0.03170494444
0.04034279825
0.02823618085
0.04466443028
0.01970180347
0.05333873664
0.01437638894
0.01852544767
0.02050568607
0.02462164152
0.02699843569
0.0307487637
0.03349870161
0.03687322905
0.03975813807
0.04282616026
0.04562288644
0.04838172267
0.05093027897
0.05333208716
0.05551944976
0.0575002615
0.05924524309
0.06074929576
0.06199967393
0.06299289348
0.06372646805
0.06420204736
0.06442835605
0.06441891537
0.06418460241
0.06373492538
0.06308706091
0.06225913434
0.06126938056
0.06013701497
0.05888093273
0.05751973476
0.05607127262
0.05455242456
0.05297894246
0.05136511228
0.04972421061
0.0480679637
0.04640701144
0.04475077684
0.04310766822
0.04148528682
0.03989057009
0.03833010314
0.03680988634
0.0353361606
0.03391504856
0.03255311111
0.03125711639
0.03003476347
0.02889357685
0.02784310589
0.0268909006
0.02604958065
0.02532403586
0.02473309637
0.02427182848
0.02397390932
0.02380724674
0.02384285405
0.02398160484
0.02438639112
0.02480286152
0.02560962841
0.02620942601
0.02746171334
0.02804250414
0.02982988988
0.0300206319
0.03254978736
0.03171900418
0.03544425981
0.03254783259
0.03842201685
0.0316943424
0.04171286699
0.02791227529
0.04637813895
0.01908070106
0.05497745117
0.005932103801
0.009629547003
0.01155267858
0.01533932216
0.01761385079
0.02115655756
0.023787124
0.02704213136
0.02984766026
0.03287352275
0.03566228454
0.03845881471
0.04108330812
0.04360784066
0.04595900829
0.04814780061
0.05014051073
0.05193092531
0.05350177104
0.05484582245
0.05595530445
0.05682765072
0.05746701569
0.05787945737
0.05806837319
0.05804058221
0.05780897276
0.05738702251
0.05678976194
0.05603346246
0.05513483371
0.05411075563
0.05297805944
0.05175298212
0.05045103021
0.04908690714
0.04767405125
0.04622512587
0.04475157128
0.04326381526
0.04177135128
0.04028291033
0.03880665007
0.03735015322
0.03592092724
0.03452607511
0.03317295898
0.03186931811
0.03062302891
0.02944303775
0.02833785284
0.02731849624
0.02639313753
0.02557651199
0.02487309511
0.02430551865
0.02386570751
0.02359533857
0.02345247474
0.02352609961
0.02369171023
0.02415277079
0.02459535307
0.02548759903
0.02610073978
0.0274851599
0.02804055842
0.03003670029
0.03011487294
0.0329812265
0.03186823987
0.03614556821
0.03266784104
0.03944347083
0.03165322149
0.04309951161
0.02756663141
0.04808759394
0.01846170731
0.0565891053
-0.001408423932
0.001881208111
0.00374322541
0.007219298223
0.009404069952
0.01273659523
0.01524711507
0.01836978625
0.02108009632
0.02403475592
0.02678080721
0.02957241864
0.03222336686
0.03481399118
0.0372666507
0.0395963068
0.04176610856
0.04377016204
0.04558799182
0.04721022178
0.04862469564
0.04982702148
0.05081642126
0.05159156343
0.05215047145
0.05249794163
0.05264160013
0.05259072251
0.05235672651
0.05195258648
0.05139226565
0.0506905491
0.04986252546
0.04892328419
0.04788766785
0.04676985397
0.04558365881
0.04434181514
0.0430563686
0.04173845631
0.04039842071
0.03904595805
0.03769019649
0.03633997749
0.03500353378
0.0336894116
0.03240597134
0.03116213511
0.02996686355
0.02883039931
0.0277621897
0.02677484893
0.0258770369
0.02508587315
0.02440506764
0.02386166008
0.02344357164
0.02320183
0.02308269325
0.02319602333
0.02338775795
0.02390792094
0.02437456007
0.02535710101
0.02597906893
0.02750375932
0.02802500701
0.03024335193
0.03019352231
0.03341834659
0.03199833901
0.03685892493
0.0327645595
0.04048114718
0.03158780897
0.04449778031
0.02720668465
0.04978829802
0.01784911138
0.05817431777
-0.00773977265
-0.004812982188
-0.003016350862
0.0001706404562
0.002271158189
0.005393292168
0.007785712414
0.01076667492
0.01337039215
0.01623391746
0.01891333586
0.02166769385
0.02430705035
0.02691929182
0.02942369115
0.0318395373
0.03412777209
0.03628382853
0.03828508758
0.0401209589
0.04177748352
0.04324868173
0.04452757498
0.04560740909
0.04648435361
0.04715939713
0.04763551635
0.04791811329
0.04801484797
0.04793523575
0.04769027968
0.04729216892
0.04675390749
0.04608890951
0.0453108062
0.04443321557
0.04346924532
0.04243176699
0.04133294651
0.0401843248
0.03899684548
0.03778093911
0.03654664493
0.03530354552
0.034061233
0.03282897618
0.03161628119
0.03043325409
0.02928988787
0.02819777287
0.02716722357
0.02621258028
0.0253428279
0.02457777493
0.02391995367
0.02340149391
0.02300533986
0.02279336259
0.02269786451
0.02285272789
0.02306985726
0.02365215052
0.02414082452
0.0252186761
0.02584507142
0.02751824121
0.02799695661
0.030450585
0.0302582966
0.03386150044
0.03211201248
0.03758362238
0.03284229474
0.04153253204
0.03150448698
0.0459031421
0.02683977976
0.05147598822
0.01724724753
0.05973262842
-0.01315230087
-0.01054906924
-0.00882216409
-0.005898632769
-0.003879572642
-0.0009647198023
0.001313654269
0.004146850439
0.006638012063
0.009397093962
0.01199276249
0.01468514733
0.01728435895
0.0198841793
0.02240096603
0.02485902036
0.02721765577
0.02947432686
0.03160487072
0.03359900417
0.03544236547
0.0371257804
0.03863757953
0.03996877197
0.04111361539
0.04206917387
0.04283464333
0.04341181632
0.04380472062
0.04401946386
0.04406392888
0.04394753562
0.043680836
0.04327533413
0.04274304697
0.04209629339
0.041347693
0.04050943688
0.03959358678
0.0386117861
0.03757530549
0.03649510352
0.03538182788
0.03424604695
0.03309783621
0.03194776842
0.0308062235
0.02968443393
0.02859339507
0.02754605213
0.02655353149
0.02563200702
0.02479062203
0.02405218265
0.02341759377
0.02292481154
0.0225507327
0.02236969235
0.02229770656
0.0224960381
0.02273781716
0.02338541884
0.02389412607
0.02507242952
0.02569897489
0.02752876784
0.02795697012
0.03065840517
0.03031033459
0.03431019
0.03221134942
0.03831813033
0.03290464218
0.04259433966
0.03140874263
0.04731050962
0.02647232136
0.05314592537
0.01666014788
0.06126324816
-0.01770286569
-0.01535593824
-0.01372231573
-0.01105021347
-0.009123288058
-0.006413731475
-0.004246316219
-0.001567440285
0.0008069192502
0.003450701143
0.00595009268
0.008563252584
0.01110105217
0.01366210634
0.01616148971
0.01862714483
0.02101729955
0.02333209006
0.02554704083
0.02765337004
0.02963465466
0.03147891055
0.03317283519
0.03470672637
0.03607214632
0.03726310683
0.0382757116
0.03910849735
0.03976215598
0.04023955907
0.04054551195
0.04068656024
0.04067074869
0.04050724043
0.04020626067
0.03977880954
0.03923604254
0.03858959714
0.03785097529
0.03703163578
0.03614291099
0.03519603631
0.0342021754
0.03317232021
0.0321176706
0.03104930527
0.02997860884
0.02891790648
0.02787911262
0.02687656337
0.02592208884
0.02503384267
0.02422089895
0.02350942714
0.02289817312
0.02243174606
0.02207980229
0.0219309042
0.02188226924
0.02212610426
0.02239179073
0.02310800998
0.02363481028
0.02491878507
0.025541409
0.02753583753
0.0279060885
0.03086715778
0.03035122397
0.03476422296
0.03229884385
0.03906113833
0.03295552604
0.04366360962
0.03130624548
0.0487152571
0.02611074114
0.05479367128
0.01609203961
0.06276473543
-0.02150678381
-0.01937571659
-0.01784397917
-0.01539953019
-0.01356324132
-0.01104716616
-0.008986309933
-0.006462411729
-0.0042035226
-0.001680284939
0.000716138643
0.003238150896
0.005699990477
0.008203273567
0.01066200709
0.01310834337
0.01550003063
0.01783993142
0.02010318397
0.02228151965
0.02435696161
0.02631770668
0.02814980994
0.0298423098
0.03138469887
0.03276880669
0.0339881664
0.03503853928
0.0359176837
0.03662550923
0.03716388577
0.03753658555
0.03774899078
0.03780803463
0.03772185601
0.03749952207
0.03715113735
0.03668700184
0.03611792927
0.03545490957
0.03470907951
0.03389173688
0.03301424715
0.03208827208
0.03112517248
0.03013716398
0.02913627244
0.02813588083
0.02714871342
0.02619054281
0.02527375663
0.02441866513
0.02363398324
0.02294967502
0.02236169321
0.02192224297
0.02159238897
0.02147686376
0.02145135336
0.02174280942
0.0220316328
0.02281987391
0.02336286226
0.02475774552
0.02537256294
0.02753938914
0.02784480994
0.03107652257
0.03038202737
0.03522268279
0.0323764549
0.0398106795
0.03299823233
0.04473678462
0.03120184744
0.05011232817
0.02576060957
0.05641438341
0.01554668305
0.06423547877
-0.02468446717
-0.02277522881
-0.02132477458
-0.01907158744
-0.01731208264
-0.01496725886
-0.01300326403
-0.01062551666
-0.008473146086
-0.006070069781
-0.003776989705
-0.001351968499
0.001024709901
0.003456827876
0.005858738349
0.008266052038
0.01063592091
0.01297368366
0.01525411544
0.01747029292
0.01960412532
0.02164425685
0.02357606855
0.02538787648
0.02706781681
0.02860614675
0.0299943912
0.03122604882
0.03229637316
0.03320265441
0.0339440916
0.03452179726
0.03493868784
0.03519922724
0.03530943536
0.03527668985
0.0351091373
0.03481601292
0.03440706302
0.03389256566
0.03328323551
0.03259019546
0.03182493432
0.03099917743
0.03012513254
0.02921528093
0.02828242949
0.02734094005
0.02640425507
0.02548959666
0.02460977363
0.02378740938
0.02303056563
0.02237343417
0.02180851059
0.02139657714
0.02108868445
0.02100776342
0.02100511977
0.02134636964
0.02165757936
0.02252130566
0.02307868769
0.0245896768
0.02519310903
0.02753975317
0.02777415542
0.03128653759
0.030404244
0.03568497337
0.03244649967
0.04056507515
0.03303631335
0.04581072361
0.03110052546
0.05149722767
0.025427496
0.05800370511
0.01502804336
0.06567361841
-0.02725453738
-0.02555410925
-0.02417701083
-0.02209548362
-0.02041039925
-0.01822262649
-0.01635032705
-0.01411123085
-0.01206068567
-0.009776805149
-0.007585865362
-0.005261278169
-0.002974970991
-0.0006231400144
0.001709592897
0.004061864488
0.006390713444
0.008704114767
0.01097682154
0.01320349508
0.01536603496
0.01745382481
0.01945194119
0.02134849122
0.0231307712
0.02478801082
0.0263102064
0.027689096
0.02891787436
0.02999159528
0.03090707576
0.03166304208
0.03225995606
0.03270010714
0.03298730253
0.03312677253
0.03312526764
0.03299031831
0.03273053933
0.03235530245
0.03187468704
0.03129946759
0.03064094344
0.02991117821
0.02912223969
0.02828750256
0.02742017178
0.02653554224
0.02564763413
0.02477517427
0.02393118841
0.02314083367
0.02241112827
0.02178102504
0.02123876115
0.02085482425
0.02056864435
0.02052357228
0.02054346608
0.02093673464
0.02126956176
0.0222122668
0.02278231865
0.0244145155
0.02500324831
0.0275367241
0.02769463144
0.03149668075
0.03041891144
0.03614993392
0.03251080377
0.04132213663
0.03307269782
0.04688185807
0.03100643864
0.05286519203
0.02511607756
0.0595570148
0.01453940212
0.06707729627
-0.02922866443
-0.02771118359
-0.02640930703
-0.02448815313
-0.02288132331
-0.02084289298
-0.01906283785
-0.01695886326
-0.01500990998
-0.01284624775
-0.01075746809
-0.008537368817
-0.006346027862
-0.004081755809
-0.001827576343
0.0004574507738
0.002730453694
0.005001923593
0.007246711082
0.009461241956
0.01162758802
0.01373610039
0.01577181677
0.01772303947
0.0195765887
0.02132108467
0.02294545934
0.02444013757
0.02579666773
0.02700825363
0.02806967879
0.02897750686
0.02973008981
0.03032741575
0.03077125628
0.03106506866
0.03121345042
0.03122262396
0.03109979311
0.03085327515
0.03049234797
0.03002724759
0.02946903155
0.02882953106
0.02812133443
0.02735787289
0.02655283713
0.02572241506
0.02488104962
0.02404903184
0.02323937858
0.02248001594
0.02177649209
0.02117308797
0.02065292286
0.02029737857
0.02003257299
0.02002458272
0.02006665434
0.02051419071
0.02086790303
0.02189308305
0.02247423992
0.02423260825
0.02480371115
0.02753051955
0.02760725472
0.03170678204
0.03042745775
0.03661673641
0.03257149818
0.04208005208
0.0331105213
0.04794715737
0.03092380961
0.05421217335
0.02483098239
0.0610704232
0.01408424026
0.06844477386
-0.03064287452
-0.0292667264
-0.02804763407
-0.0262859925
-0.02476433081
-0.02287127085
-0.02118637474
-0.01921532183
-0.01736866797
-0.01532544101
-0.0133403683
-0.01122811688
-0.009134232643
-0.006963542833
-0.004795091051
-0.0025865805
-0.0003808231903
0.001834966241
0.004035772912
0.00621984291
0.008369489557
0.01047621485
0.01252522007
0.01450524729
0.0164029413
0.01820669823
0.01990472531
0.02148653754
0.02294242762
0.02426412502
0.02544469865
0.0264788939
0.02736303654
0.02809526224
0.02867532614
0.02910455293
0.02938615467
0.02952445935
0.02952534779
0.02939596219
0.02914464497
0.02878097228
0.02831550264
0.02776011833
0.02712696771
0.02643016484
0.02568350797
0.02490403358
0.02410645144
0.02331267848
0.02253547554
0.02180579433
0.02112723628
0.02055003188
0.0200512348
0.01972440434
0.01948052955
0.01951084277
0.01957468154
0.02007874278
0.02045262353
0.02156372571
0.02215454728
0.02404384126
0.02459474569
0.02752085084
0.02751257534
0.03191621929
0.03043089696
0.03708412352
0.03263023068
0.04283662182
0.03315227356
0.049003306
0.03085600364
0.05553399311
0.02457586771
0.06253988977
0.01366511543
0.06977441676
-0.03157221408
-0.0303205938
-0.02918217601
-0.02757060045
-0.02613187721
-0.02437508625
-0.02278327776
-0.02093920674
-0.01919284768
-0.01726745863
-0.01538493725
-0.01338098141
-0.01138644447
-0.009313170177
-0.007234524341
-0.005109601021
-0.002979755704
-0.0008300666343
0.001314221653
0.003453231496
0.005569552959
0.007655927473
0.009697835116
0.01168468037
0.01360313844
0.01544164478
0.01718800697
0.01883116836
0.02036049749
0.02176659399
0.02304115196
0.02417734727
0.02516988938
0.02601501607
0.02671070279
0.02725671378
0.02765414184
0.0279059858
0.028016619
0.02799194243
0.02783928017
0.02756742789
0.02718643937
0.02670770971
0.02614364051
0.02550819126
0.02481537435
0.02408304428
0.02332600078
0.02256787172
0.02182087995
0.02111929381
0.02046423894
0.01991256898
0.01943425166
0.01913637784
0.01891290487
0.01898272271
0.01906789673
0.01963073709
0.02002412926
0.02122455805
0.02182380907
0.02384854638
0.02437711685
0.02750784594
0.02741157487
0.0321247043
0.03043056938
0.03755118299
0.0326888983
0.04359010292
0.0332005944
0.05004763277
0.03080639374
0.056827322
0.02435429969
0.06396230602
0.01328478513
0.07106499078
-0.03209453336
-0.0309713777
-0.02990295548
-0.02842171009
-0.02705656526
-0.0254220566
-0.02391625659
-0.02218955351
-0.02053837223
-0.01872532589
-0.01694209093
-0.01504437206
-0.01314822162
-0.01117345811
-0.009187438609
-0.00715078003
-0.005102188766
-0.003026678111
-0.0009487120864
0.001133825339
0.003203634441
0.005254562699
0.007272532261
0.009247698448
0.01116694782
0.01301900946
0.01479148294
0.01647303213
0.01805240039
0.01951936855
0.02086453904
0.02207986099
0.0231585358
0.02409539785
0.02488674473
0.02553048947
0.02602648288
0.02637592042
0.02658182094
0.02664883229
0.0265832002
0.02639289289
0.02608724449
0.02567750538
0.02517537656
0.02459534224
0.02395124132
0.02326173378
0.02254152096
0.02181604944
0.02109668843
0.02042135227
0.01978810113
0.01926114938
0.01880226861
0.0185335249
0.01832983339
0.01844033482
0.01854637952
0.01917022706
0.01958251682
0.02087556278
0.02148217497
0.02364659191
0.02415112733
0.02749119002
0.02730483954
0.03233158258
0.0304274193
0.03801667134
0.03274890229
0.04433845417
0.03325744823
0.05107728177
0.03077746055
0.05808878958
0.02416881584
0.06533447508
0.01294491281
0.07231541217
-0.03223317199
-0.03120980256
-0.03021585745
-0.02885688085
-0.02756559207
-0.02604630041
-0.02462376756
-0.02300806849
-0.02144869496
-0.01974324933
-0.01805629178
-0.01626220612
-0.01446283051
-0.01258621009
-0.01069326781
-0.008747068936
-0.00678385897
-0.004788371973
-0.002783342042
-0.0007660614318
0.001246520806
0.003249687426
0.005230047357
0.007178255332
0.009081484955
0.01092892843
0.01270818546
0.01440788393
0.01601638362
0.0175229059
0.01891724466
0.02019034678
0.02133433042
0.02234255719
0.02320999563
0.02393330655
0.02451043525
0.02494143456
0.02522785883
0.0253731321
0.02538240824
0.02526277899
0.02502290196
0.02467340672
0.02422601066
0.02369492433
0.02309391952
0.02244246965
0.02175497758
0.02105883704
0.02036422238
0.0197130547
0.01909969439
0.01859650132
0.01815587864
0.01791636799
0.01773176943
0.01788410436
0.01801055197
0.01869760646
0.0191282699
0.0205171399
0.02113028374
0.02343830205
0.02391755687
0.0274709557
0.02719330535
0.03253652935
0.03042266981
0.03847972022
0.03281186317
0.04508016782
0.03332493243
0.052090133
0.03077169554
0.05931598318
0.02402189571
0.06665429161
0.01264743311
0.07352520661
-0.03201668893
-0.0310850053
-0.0301655701
-0.02891806592
-0.02769958265
-0.02628777766
-0.02494566985
-0.02343504856
-0.02196432163
-0.0203619089
-0.01876828521
-0.01707483751
-0.015370193
-0.01359051865
-0.01179024533
-0.009935323096
-0.008059151935
-0.006146724891
-0.004219640246
-0.002274497959
-0.0003271599405
0.001618945712
0.003550377879
0.005458659759
0.007331644882
0.009159201299
0.01092867846
0.01262886044
0.01424797037
0.01577490518
0.01719887473
0.01851014815
0.01969981768
0.02076030386
0.02168535132
0.02247007602
0.02311154372
0.02360816908
0.02396032066
0.02417023978
0.02424200209
0.02418183979
0.0239975817
0.0236996228
0.02329877217
0.02280970502
0.02224573182
0.02162717668
0.02096792641
0.02029748579
0.01962445342
0.0189951663
0.01839958698
0.01791907215
0.01749540146
0.01728516782
0.01711890451
0.01731419141
0.01746056349
0.01821296545
0.01866154472
0.02014928024
0.02076833777
0.0232235541
0.02367676487
0.0274468473
0.02707756681
0.03273891395
0.03041715296
0.03893919129
0.03287889205
0.04581349328
0.0334044516
0.05308392969
0.03079068425
0.06050646267
0.02391496284
0.06791952545
0.01239306272
0.07469400438
-0.03148415605
-0.03061778107
-0.02977826819
-0.02863398783
-0.02749039388
-0.02618062038
-0.02491776676
-0.02350752195
-0.02212292967
-0.02061940404
-0.01911626616
-0.01752020459
-0.0159078407
-0.01422311691
-0.01251423591
-0.0107502848
-0.008961694678
-0.007134080863
-0.005287677762
-0.003418625654
-0.001542015591
0.0003393968655
0.002212707261
0.004070874516
0.005902129049
0.007696492354
0.009441609947
0.01112680845
0.01274033457
0.01427073063
0.01570672497
0.01703817732
0.01825555403
0.01935023342
0.02031508651
0.02114439435
0.02183358481
0.02238022654
0.02278343895
0.02304435676
0.02316602925
0.02315385126
0.02301490892
0.02275893728
0.02239661119
0.02194228264
0.02140893839
0.02081779865
0.02018201684
0.01953338967
0.01887854461
0.01826866788
0.01768859507
0.01722956638
0.01682143911
0.01664046873
0.01649173834
0.01673106181
0.01689689793
0.01771674004
0.01818289684
0.0197724064
0.02039701125
0.02300265319
0.02342950548
0.02741891418
0.02695849665
0.03293843249
0.03041194506
0.03939434284
0.03295130179
0.0465372555
0.03349754709
0.05405719024
0.0308360614
0.06165878335
0.02384946157
0.06912910392
0.01218290273
0.07582216025
-0.03070214579
-0.02988097102
-0.02911650949
-0.02806431386
-0.02699396652
-0.02577731547
-0.02458928083
-0.0232719726
-0.02196849938
-0.0205576465
-0.01914030651
-0.01763670609
-0.01611273726
-0.01451956241
-0.01289951767
-0.01122488598
-0.009523109658
-0.007780703661
-0.006016388884
-0.004226078551
-0.00242400298
-0.0006122950753
0.00119680082
0.002996860235
0.004776469487
0.00652634709
0.008235027814
0.009892067276
0.01148552284
0.01300387837
0.01443591078
0.01577128496
0.01699980915
0.01811203762
0.01910023809
0.01995752972
0.02067878076
0.02126026787
0.02170015625
0.02199857408
0.02215759986
0.02218188195
0.02207763569
0.02185439578
0.02152178687
0.02109464539
0.0205852453
0.02001578182
0.01939844218
0.01876753425
0.01812728273
0.0175342029
0.01696722029
0.01652839978
0.01613431869
0.01598254923
0.01585051082
0.0161349113
0.01631976588
0.01720904536
0.01769252578
0.01938652928
0.0200165573
0.02277550902
0.02317618298
0.0273868952
0.02683665603
0.03313450852
0.03040772596
0.03984419195
0.03302988899
0.04725005531
0.03360507225
0.05500829419
0.03090857833
0.06277142528
0.02382580677
0.07028173315
0.01201679903
0.07691003779
-0.02970601859
-0.02895761589
-0.02824703867
-0.02727169341
-0.02626529327
-0.0251280095
-0.0240061129
-0.02277110908
-0.02154107574
-0.02021464145
-0.01887667023
-0.01745918369
-0.01601851385
-0.01451232815
-0.01297752485
-0.01138945934
-0.009772656009
-0.008114657502
-0.006432632941
-0.0047224573
-0.0029974046
-0.001259126291
0.0004807984301
0.002216602282
0.003937326202
0.005634368896
0.007296539806
0.008913694853
0.01047413866
0.01196693552
0.01338089967
0.01470533087
0.01592948713
0.01704350964
0.01803940747
0.01890972176
0.0196478222
0.0202495626
0.02071214942
0.02103481883
0.02121876731
0.02126798981
0.02118792585
0.02098755681
0.02067625122
0.02026858941
0.01977626459
0.01922256758
0.01861846071
0.01800102858
0.01737162202
0.01679261648
0.01623619274
0.01581623645
0.01543463424
0.01531196704
0.01519575844
0.01552624089
0.01572971311
0.01669036141
0.01719105367
0.01899209194
0.01962766777
0.02254241311
0.02291751769
0.02735084256
0.02671284307
0.03332689774
0.03040541012
0.04028817114
0.03311566116
0.0479510887
0.03372805741
0.05593640168
0.03100912905
0.06384386394
0.02384458504
0.0713772912
0.01189515478
0.07795877766
-0.02848610847
-0.0278171463
-0.02715399491
-0.02625054201
-0.0253051052
-0.02424038449
-0.02318079875
-0.02202159028
-0.02086033172
-0.0196124382
-0.01834908995
-0.01701256037
-0.01565087785
-0.01422754802
-0.01277455402
-0.01127018234
-0.009736195124
-0.008161268932
-0.006561018718
-0.004931441952
-0.003284884581
-0.001622624116
4.444421587e-05
0.001711114275
0.003366919891
0.005003906249
0.006611222394
0.008179145985
0.009696333019
0.01115204872
0.01253505157
0.01383467038
0.01504007064
0.01614181951
0.01713107505
0.01799936725
0.01874001682
0.01934800324
0.01981988625
0.02015400042
0.02035071645
0.02041356965
0.02034710641
0.02016025434
0.01986125103
0.01946525905
0.01898303576
0.01843906302
0.01784286902
0.01723454729
0.01661214938
0.01604440078
0.01549594672
0.0150934433
0.01472272659
0.01462900947
0.01452777452
0.01490527807
0.01512700766
0.01616082333
0.01667872369
0.01858914054
0.01923065047
0.02230332651
0.02265394035
0.02731054168
0.02658756082
0.03351509906
0.03040551445
0.04072547724
0.03320911584
0.04863931829
0.03386686901
0.05684049029
0.03113776411
0.06487539227
0.02390539411
0.07241530617
0.01181709038
0.07896940546
-0.0270840349
-0.02648154921
-0.02586106325
-0.02502213465
-0.02413320438
-0.02313453284
-0.02213326144
-0.0210437937
-0.01994705451
-0.01877243669
-0.01757948713
-0.01631932328
-0.01503276256
-0.01368845895
-0.01231402865
-0.01089047762
-0.009437032322
-0.007943523179
-0.006424099046
-0.004875004635
-0.00330764956
-0.001723081122
-0.0001315598039
0.001462222466
0.003048278129
0.004619200843
0.006164584121
0.00767514795
0.009139891463
0.01054837652
0.01188948407
0.0131526434
0.01432718417
0.01540327422
0.01637179889
0.01722440884
0.0179538554
0.01855478463
0.01902297908
0.01935597337
0.01955358925
0.0196190236
0.01955590875
0.0193728312
0.01907774553
0.01868562998
0.01820650312
0.01766618748
0.01707251713
0.01646890053
0.01584960063
0.01529026002
0.01474712409
0.01436064567
0.01399918406
0.01393425415
0.01384713499
0.01427257065
0.01451226393
0.01562097251
0.01615620976
0.01817812469
0.01882618597
0.02205853712
0.02238613385
0.02726606293
0.02646152331
0.03369894058
0.03040878733
0.04115572084
0.03331097678
0.04931428597
0.03402209938
0.05772027989
0.03129478161
0.06586624504
0.02400816759
0.07339624713
0.01178266718
0.07994357588
-0.02549819208
-0.02495081004
-0.02437306303
-0.0235945547
-0.02276040362
-0.02182408394
-0.02087881261
-0.01985477235
-0.01881946923
-0.01771388122
-0.01658782673
-0.01540000555
-0.01418509004
-0.01291626074
-0.01161730503
-0.01027173874
-0.008896486885
-0.007482550036
-0.006042691029
-0.004573494926
-0.00308551985
-0.001579665019
-6.556511955e-05
0.001452456978
0.002964899076
0.004464870986
0.005942370009
0.007388566781
0.008792838415
0.01014511777
0.01143450638
0.01265066396
0.01378295866
0.01482171644
0.01575757616
0.01658187687
0.01728758221
0.0178684949
0.01832014573
0.01863989876
0.01882707307
0.01888432761
0.01881437107
0.01862598158
0.01832596629
0.01793002545
0.01744703752
0.01690433458
0.01630779428
0.01570447734
0.01508435688
0.01453056242
0.01399009145
0.01361818822
0.01326436387
0.01322801813
0.01315419073
0.01362839111
0.01388580821
0.01507097576
0.01562380959
0.01775914234
0.01841463706
0.02180805433
0.02211453175
0.02721723411
0.02633515746
0.033877994
0.03041558402
0.04157826316
0.03342147245
0.04997526714
0.0341937129
0.058575235
0.03147969082
0.06681634116
0.02415191325
0.07432081127
0.01178955042
0.08088291472
-0.02373975531
-0.02324136877
-0.02270672126
-0.0219838046
-0.02120270411
-0.02032552289
-0.01943410251
-0.01847176644
-0.01749519828
-0.01645491326
-0.01539264256
-0.0142735716
-0.0131271245
-0.01193043202
-0.01070398802
-0.009433588497
-0.008134132996
-0.006797752029
-0.005435973168
-0.004045792031
-0.002636945062
-0.001210304306
0.0002250530814
0.001665138315
0.003100896418
0.004525849911
0.005930436973
0.007306264171
0.008643086967
0.009931237889
0.01116013026
0.01231967198
0.01339958702
0.01439008148
0.01528196064
0.01606686271
0.01673698714
0.01728634027
0.017710011
0.01800513814
0.01817052085
0.01820859182
0.01812187814
0.01791897034
0.0176060479
0.01719869064
0.01670496685
0.01615391782
0.01554919518
0.014941804
0.01431697548
0.01376588378
0.01322543783
0.01286666961
0.01251887943
0.0125109129
0.01244958453
0.01297335114
0.01324834371
0.01451144536
0.01508225846
0.01733265889
0.01799668226
0.02155217373
0.02183978416
0.02716414967
0.02620909471
0.03405215558
0.03042649478
0.04199286853
0.03354108355
0.05062208501
0.03438195845
0.05940551177
0.03169236619
0.06772650024
0.02433616946
0.07518768329
0.01184269989
0.08178625066
-0.02185645313
-0.02138590815
-0.02089036115
-0.02021557701
-0.01948384943
-0.01866102184
-0.01781993543
-0.01691481889
-0.01599352148
-0.01501438476
-0.01401244477
-0.0129583244
-0.0118770119
-0.01074905422
-0.009592103915
-0.00839400878
-0.007167876042
-0.005906933503
-0.004621582412
-0.003309272525
-0.001979032567
-0.0006317588418
0.0007240075153
0.002084474711
0.003441025562
0.004787575638
0.006114946555
0.007415169716
0.008678407354
0.009895409503
0.01105594097
0.01215029373
0.01316837587
0.0141008766
0.01493862765
0.01567307551
0.01629708447
0.01680407585
0.01718908313
0.01744909403
0.01758251686
0.01759159484
0.01747845802
0.01725186779
0.01691711182
0.01649108178
0.0159801305
0.01541492828
0.01479674592
0.01418102228
0.01354769032
0.01299649881
0.01245350941
0.01210643768
0.01176313944
0.01178330478
0.01173374834
0.01230778297
0.01260027052
0.01394260581
0.01453192689
0.01689884294
0.01757273633
0.02129095677
0.02156231926
0.02710667892
0.02608368713
0.03422106134
0.0304417338
0.04239903113
0.03366981927
0.05125425377
0.03458650116
0.06021092229
0.03193194662
0.06859701585
0.0245595655
0.07600624891
0.01191878089
0.08266836373
-0.01983830506
-0.01938073555
-0.01892505695
-0.01829600905
-0.01761322114
-0.01684252651
-0.0160499688
-0.01519883204
-0.01432999074
-0.01340835794
-0.01246351864
-0.01147073507
-0.01045127366
-0.009388655267
-0.008298145107
-0.007169425034
-0.006014069528
-0.004826329562
-0.003615640372
-0.002379932617
-0.001127566067
0.0001404469039
0.001416022958
0.002695557362
0.003970821604
0.005236027948
0.006482416482
0.00770241885
0.008886598758
0.01002614057
0.01111123127
0.01213253733
0.01308047564
0.0139458396
0.01471986228
0.0153945547
0.01596222917
0.01641683139
0.01675318404
0.01696822968
0.01706013012
0.01703102844
0.01688277584
0.01662397218
0.01625970131
0.01580722163
0.01527197532
0.01468711614
0.01405073921
0.01342247201
0.01277691113
0.01222292405
0.01167487784
0.01133811571
0.01099781545
0.01104588129
0.0110074269
0.01163239436
0.01194239323
0.01336513648
0.0139736008
0.01645818806
0.0171434893
0.0210247182
0.02128276077
0.0270449391
0.02595948864
0.0343846564
0.030461769
0.04279662141
0.03380796054
0.05187178523
0.03480733517
0.06099190336
0.03219803171
0.06942923338
0.02482134094
0.076793111
0.01198827041
0.08354329975
-0.017688189
-0.01724237125
-0.01683479065
-0.01624537128
-0.01560864729
-0.01488627758
-0.01413944705
-0.0133386147
-0.01251910872
-0.01165129723
-0.01076030542
-0.009825270662
-0.00886439226
-0.007863778262
-0.006836687902
-0.005774454952
-0.004687341905
-0.003570584289
-0.002432765121
-0.001272309396
-9.703164798e-05
0.0010919211
0.002286903074
0.003484377746
0.004676497036
0.005857769507
0.007019792563
0.008155386149
0.009255540802
0.01031189698
0.01131507159
0.01225624918
0.01312619431
0.01391637851
0.01461820485
0.0152237831
0.01572627764
0.01611927692
0.01639775538
0.01655871642
0.01660016899
0.01652428952
0.01633259522
0.01603411544
0.01563271489
0.01514708105
0.01458106498
0.01397022255
0.0133104188
0.01266599996
0.01200488628
0.01144538227
0.01088993331
0.01056210062
0.01022341105
0.01029909202
0.01027116678
0.01094760447
0.0112752205
0.01277934906
0.01340774526
0.01601093424
0.01670940473
0.02075356754
0.02100152863
0.02697883049
0.02583677991
0.03454261516
0.03048665777
0.04318521206
0.03395533793
0.05247433344
0.03504390735
0.06174845701
0.03248950632
0.07022289357
0.02511575256
0.07755558003
0.0120496783
0.08440904691
-0.01545411668
-0.01502420115
-0.01465751293
-0.01409984675
-0.01350211081
-0.01282043658
-0.01211312505
-0.01135610821
-0.01058045624
-0.009760988439
-0.00891912691
-0.008037228547
-0.007130885165
-0.006188398696
-0.005221337292
-0.004222468317
-0.003200941596
-0.002152875474
-0.001086135562
3.686079107e-07
0.001099343612
0.002209448443
0.003323402601
0.004437763626
0.005545019424
0.006639894846
0.00771439186
0.008761697768
0.009773234692
0.01074110264
0.01165642962
0.01251094647
0.0132959696
0.0140032427
0.01462493986
0.0151537876
0.01558250753
0.01590550156
0.01611765815
0.01621614704
0.01619890803
0.0160682389
0.01582546021
0.01547971901
0.015034699
0.01450966227
0.01390715521
0.01326519672
0.01257665235
0.01191145083
0.01123153927
0.01066449458
0.01009929362
0.009779089363
0.009440722393
0.00954374052
0.009525857868
0.0102542537
0.01059968258
0.0121860113
0.01283521848
0.01555762641
0.01627120857
0.02047784999
0.02071923169
0.02690848678
0.02571604559
0.03469490434
0.03051674641
0.04356472177
0.03411206766
0.05306199648
0.035296025
0.06248115014
0.03280586507
0.07098179772
0.02542899211
0.07830402938
0.01210619191
0.08526397042
-0.01314116339
-0.01274487891
-0.01239650878
-0.01186831407
-0.01130288374
-0.01065552299
-0.009981913974
-0.00926248933
-0.008525180541
-0.007748515806
-0.006950929563
-0.006117440479
-0.005261504566
-0.004373295638
-0.003462941272
-0.002524457659
-0.001566027015
-0.0005845782235
0.0004126693851
0.001426349209
0.002449584611
0.003480861976
0.004513263079
0.005543344708
0.006563936129
0.007570008364
0.008553906118
0.00950920234
0.01042777486
0.01130219892
0.0121242116
0.01288595848
0.01357943946
0.0141972869
0.01473184954
0.01517612387
0.01552391388
0.01576927918
0.01590747991
0.01593590281
0.01585248579
0.01565974249
0.01535871906
0.01495926367
0.01446381343
0.01389350373
0.01324905739
0.01257135278
0.0118497939
0.01115991482
0.01045693456
0.009880009425
0.009303533408
0.008989602819
0.008650380013
0.00878042749
0.008772199479
0.00955290282
0.009916432343
0.01158556459
0.01225659648
0.0150985899
0.01582942092
0.020197732
0.02043629187
0.02683383569
0.02559750713
0.03484121596
0.03055200674
0.04393475122
0.034277839
0.05363447543
0.03556298091
0.06319003646
0.03314568403
0.07171517552
0.02574682004
0.07904237206
0.0121578123
0.08610737319
-0.01073636632
-0.01036447718
-0.01002794724
-0.009529596739
-0.00899249872
-0.008377629201
-0.007735652596
-0.007051167684
-0.006349722997
-0.005613004359
-0.00485705713
-0.004069179194
-0.003261085528
-0.002424586279
-0.001568660925
-0.0006884436045
0.0002086522152
0.001124955252
0.002053754627
0.002995232413
0.003942905396
0.004895038326
0.005845003814
0.006789410781
0.007721391447
0.008636098575
0.009526297677
0.01038592867
0.01120732578
0.01198364686
0.01270705619
0.01337058527
0.01396679306
0.01448866629
0.01492965447
0.0152833158
0.01554308189
0.01570399485
0.015761391
0.01571290816
0.01555654889
0.01529509905
0.01492946294
0.01446985288
0.01391850341
0.01329751533
0.01260605499
0.01188817449
0.01112960865
0.01041189974
0.009682671674
0.009092625331
0.00850290074
0.008194531651
0.007853367779
0.008010118245
0.008011270453
0.00884454556
0.0092265442
0.01097886646
0.01167283204
0.0146344427
0.01538482346
0.01991360131
0.0201533159
0.02675502205
0.02548158768
0.03498151103
0.03059266451
0.04429520976
0.03445262565
0.05419185854
0.03584443542
0.06387565438
0.03350810615
0.07242918419
0.02606538004
0.07977032534
0.01220534403
0.08693915846
-0.008217531793
-0.007864291931
-0.00754506744
-0.007076529246
-0.006566102928
-0.005982838569
-0.005371445743
-0.004720548319
-0.004053655806
-0.00335523703
-0.002639425768
-0.001895436256
-0.001133625784
-0.0003472483282
0.0004556324282
0.001278856683
0.002115619758
0.002967528814
0.003828289434
0.004697637694
0.005569363655
0.006441534484
0.007307810267
0.008164764247
0.009005851537
0.009826462501
0.01061972289
0.01137997901
0.01210011799
0.01277377528
0.01339391229
0.01395395916
0.0144473284
0.01486812872
0.01520977328
0.01546636936
0.01563251667
0.01570297575
0.01567354289
0.01554214409
0.01530686984
0.01497084691
0.01453475082
0.01400973588
0.01339676754
0.01272021307
0.01197711469
0.0112150251
0.01041568375
0.009667188515
0.008909154413
0.008303837352
0.007698104028
0.007394188812
0.007050577006
0.0072336184
0.007243991537
0.008129931254
0.008530864361
0.01036651786
0.01108462943
0.01416560813
0.01493800431
0.01962568732
0.01987073583
0.02667199267
0.0253684547
0.03511547113
0.03063858982
0.04464566998
0.03463598718
0.05473380206
0.03613954983
0.06453782323
0.03388989085
0.07312539038
0.02638448074
0.08048690316
0.01224856549
0.08775857945
-0.005587510667
-0.005258589978
-0.004956748519
-0.004516373986
-0.004031135863
-0.003477235526
-0.002894805357
-0.002275653403
-0.001641675907
-0.0009798209227
-0.0003026634444
0.0003989241558
0.00111569369
0.001853133837
0.002603887754
0.003370876164
0.004147748943
0.004935452584
0.005727992144
0.006524665567
0.007319524265
0.008110399309
0.008891176903
0.009658476333
0.01040604915
0.01112948146
0.01182236361
0.01247948592
0.01309424874
0.01366096869
0.01417312908
0.0146251878
0.01501108203
0.01532527338
0.01556254253
0.01571753092
0.01578446825
0.0157592786
0.01563779417
0.01541824766
0.01509884129
0.01468306712
0.01417148232
0.01357590195
0.01289695601
0.01216048629
0.01136154441
0.01055164007
0.009708088691
0.008926065731
0.008136748054
0.007514579453
0.006890876397
0.006589742751
0.00624296509
0.006452142923
0.006471665779
0.007410258189
0.007830655431
0.0097495131
0.01049308621
0.01369281067
0.01448982807
0.01933443153
0.01958916732
0.02658489635
0.0252584722
0.0352430235
0.03068989653
0.04498597679
0.03482775353
0.05526029777
0.03644784477
0.06517704377
0.03428426625
0.07380979021
0.02670438315
0.08119251469
0.01228842797
0.0885652898
-0.002869536423
-0.002550686402
-0.002263215246
-0.001849107769
-0.001387467903
-0.0008614894426
-0.000307128321
0.0002815093118
0.0008836866244
0.001510217041
0.002149726797
0.002809929925
0.003482421157
0.004171570798
0.004870569768
0.005581491863
0.006298327881
0.007021387955
0.007744911995
0.008467779168
0.009184205502
0.00989183582
0.01058480344
0.01125971232
0.01191065958
0.01253352323
0.01312234338
0.0136723726
0.01417768385
0.01463322506
0.0150333219
0.01537277364
0.01564668791
0.01585051254
0.01597900959
0.01602739057
0.01599128066
0.01586610169
0.01564824386
0.01533618043
0.01492824455
0.01442832031
0.01383678153
0.01316662946
0.01241711729
0.01161689847
0.01075839364
0.009897490942
0.009006713742
0.008188778227
0.007365915526
0.00672534724
0.006082390832
0.005782636442
0.005431663707
0.005666619481
0.005695504855
0.006686519539
0.007127003307
0.009128649157
0.009899052286
0.0132166004
0.0140409689
0.01904014557
0.019309064
0.02649370092
0.025151758
0.03536382375
0.03074635364
0.04531563467
0.03502735331
0.05577089003
0.03676837981
0.06579394383
0.03468585093
0.07448483026
0.02702424655
0.08188639605
0.01232468834
0.0893584068
-5.919662354e-05
0.0002739750922
0.0005399142558
0.0009287224277
0.001367470398
0.001865760698
0.002391925614
0.002950339532
0.003520973864
0.004112632041
0.004714821457
0.00533398555
0.005962357881
0.006603292067
0.007250343132
0.007904794806
0.008560845422
0.009218211793
0.009871273191
0.01051850544
0.01115430187
0.01177610735
0.01237827216
0.01295750782
0.01350827049
0.01402672789
0.01450748696
0.01494635127
0.01533810526
0.01567830229
0.01596204999
0.01618539579
0.01634369007
0.01643291516
0.01644921761
0.01638821421
0.01624512011
0.01601648762
0.01569878828
0.01529063642
0.0147905486
0.01420278192
0.01352763726
0.0127790581
0.01195576461
0.01108849871
0.01016714791
0.009252488844
0.008311824195
0.007455935496
0.006597589975
0.005937193389
0.005273806226
0.004974671697
0.004618358511
0.004878403169
0.004917066019
0.005960147702
0.006421395097
0.008505105187
0.009303798725
0.01273783651
0.01359239265
0.01874334141
0.01903105833
0.02639855967
0.02504861554
0.03547774954
0.03080795432
0.04563438622
0.03523445725
0.05626541128
0.03710055053
0.06639251661
0.03509106885
0.07514994003
0.02734428366
0.08256858611
0.01235823956
0.09013735412
0.002851285483
0.003189606317
0.003433671592
0.003802834422
0.004221026004
0.004694257361
0.005193961663
0.005723803037
0.006264107534
0.006821965583
0.007387522114
0.007966152328
0.008550538307
0.009143116736
0.009737690078
0.01033480246
0.01092877801
0.01151876686
0.01209925167
0.0126683451
0.0132205593
0.0137532255
0.01426097658
0.01474061221
0.01518704001
0.01559686408
0.01596526825
0.01628872825
0.01656266017
0.01678369153
0.01694764958
0.01705098485
0.01709050639
0.01706294913
0.01696420455
0.01679053687
0.01653851927
0.01620393669
0.01578385681
0.01527693084
0.01468189144
0.01400335185
0.01324149591
0.01241172091
0.01151116217
0.01057412606
0.009587102603
0.00861642731
0.007623597495
0.006728089725
0.005832624657
0.00515123735
0.004466273363
0.004167183455
0.003804742456
0.004089259862
0.004137714717
0.005232441613
0.005715183571
0.007879903625
0.008708345974
0.01225721986
0.01314487497
0.01844442661
0.01875562807
0.02629946173
0.02494910554
0.03558441668
0.03087434983
0.04594163525
0.03544833483
0.05674322778
0.03744303167
0.0669755173
0.03549627133
0.07580363049
0.02766353543
0.08323792551
0.01238886641
0.09090098208
0.005844851309
0.006170989536
0.006409076406
0.006764885554
0.007164193389
0.00761556253
0.00809137619
0.008595226917
0.009107210367
0.009632954047
0.01016297692
0.0107017191
0.01124220344
0.01178606543
0.01232725475
0.01286565257
0.0133956436
0.01391587917
0.0144209061
0.01490852572
0.01537343115
0.01581287403
0.01622179108
0.01659725599
0.01693468627
0.01723117422
0.01748267246
0.017686333
0.01783864161
0.01793665454
0.01797730769
0.01795843101
0.01787678555
0.01772961448
0.01751427753
0.01722708638
0.01686400927
0.0164218715
0.0158977372
0.0152901385
0.01459813201
0.01382656694
0.01297568804
0.01206210766
0.01108215749
0.0100731582
0.009018073011
0.007989559666
0.006942674819
0.006006227077
0.00507230179
0.004368998274
0.003661543224
0.00336179284
0.002992945489
0.003301011778
0.00335936706
0.004505071074
0.005010128863
0.007254470106
0.008114181487
0.01177577797
0.01269950145
0.01814399633
0.01848342239
0.02619656601
0.02485345854
0.03568364205
0.03094538774
0.0462369934
0.03566845752
0.05720392535
0.0377947328
0.06754241048
0.03590130001
0.07644569191
0.02798219698
0.08389402123
0.01241745415
0.0916483416
0.008933422433
0.009267199507
0.009497832316
0.009837656997
0.01021532329
0.01064361591
0.01109403722
0.01157103399
0.01205401293
0.01254723683
0.01304116911
0.01353934356
0.01403488892
0.01452865121
0.01501460142
0.01549197316
0.0159551467
0.01640230363
0.0168280496
0.01722994432
0.01760285482
0.01794408973
0.01824901555
0.01851501315
0.01873818679
0.01891628682
0.01904610415
0.01912572714
0.0191523145
0.01912420941
0.01903924735
0.0188953293
0.01869097167
0.01842381489
0.01809084568
0.01768868198
0.01721477511
0.01666445595
0.01603557921
0.01532628846
0.0145360783
0.0136699457
0.01272820659
0.01172918998
0.01066743716
0.009584815297
0.008459791149
0.007372087135
0.006269698308
0.005291349877
0.004317940745
0.003591967958
0.002861351661
0.002560277768
0.002184875397
0.002515588161
0.002584282289
0.003779453546
0.004307886598
0.006630088078
0.00752251671
0.01129439824
0.01225716149
0.01784257716
0.01821494097
0.02608989352
0.02476166658
0.03577500392
0.03102057881
0.04651975361
0.03589390198
0.05764663101
0.03815432327
0.06809198097
0.03630523498
0.07707465305
0.02829922415
0.0845353322
0.01244385934
0.09237792178
0.0121282288
0.0124606256
0.01267969647
0.01300572798
0.01336483145
0.01377227799
0.01419867487
0.01464935768
0.01510330613
0.01556366078
0.01602063962
0.01647697533
0.01692580185
0.01736723622
0.01779516766
0.01820821917
0.01860071057
0.01897040999
0.01931197491
0.01962280193
0.01989804297
0.0201351516
0.02033001496
0.02048057977
0.02058372579
0.02063801794
0.02064130915
0.02059247195
0.02049002993
0.02033298564
0.02012002257
0.01985060602
0.01952284452
0.01913474783
0.01868480097
0.01816897698
0.01758405092
0.0169258055
0.01619237739
0.01538111109
0.01449224253
0.01353061262
0.01249691978
0.01141099741
0.01026632166
0.009108986398
0.007912511149
0.006764745852
0.005605761985
0.004584928755
0.003571306604
0.002822110778
0.002067851277
0.001764822917
0.001382716117
0.00173533491
0.001814522644
0.003057784309
0.003610508775
0.006008465432
0.006935071277
0.01081430187
0.01181906601
0.01754086586
0.0179508431
0.02597962028
0.02467387118
0.03585826409
0.03109959771
0.04678939437
0.03612390067
0.05807065532
0.03851824828
0.06862622176
0.03670698307
0.0776898115
0.02861471136
0.08516099368
0.01246896765
0.09308832768
0.0154188122
0.015720552
0.0159385147
0.01625575956
0.01660067431
0.01699113455
0.01739773063
0.01782436152
0.0182506537
0.01867855724
0.0190980471
0.01951121695
0.01991117209
0.02029740945
0.02066371864
0.02100818173
0.0213250602
0.02161178102
0.02186310893
0.02207640172
0.02224716863
0.02237321818
0.02245115566
0.02247961159
0.02245648621
0.0223813854
0.02225315922
0.02207210413
0.02183738742
0.02154937475
0.02120778802
0.0208118141
0.02036131493
0.01985422516
0.01928834403
0.01865954611
0.01796608609
0.01720118724
0.01636435926
0.01545163196
0.01446438814
0.01340689584
0.01228057207
0.01110707796
0.00987804515
0.008645428374
0.007376532774
0.006168267126
0.004952078097
0.003888482868
0.00283426459
0.002061430971
0.001283241557
0.0009777208521
0.0005888201881
0.0009626230108
0.001052183359
0.002342509194
0.00291981011
0.005391177971
0.006353262799
0.01033658517
0.01138622166
0.0172395207
0.01769163718
0.02586580892
0.02458997378
0.03593297052
0.03118178028
0.04704510007
0.03635729042
0.05847522192
0.03888178896
0.06914642133
0.03710522273
0.07828918748
0.02892744648
0.08576904527
0.01249269186
0.09377762379
0.01880992422
0.01908587355
0.01930212302
0.01961161987
0.01994248581
0.02031587833
0.02070198858
0.02110293874
0.02150000403
0.02189349657
0.02227313384
0.02264026162
0.02298784967
0.02331477736
0.02361464299
0.02388501788
0.02412008885
0.02431702891
0.02447077493
0.02457879871
0.02463716501
0.02464421875
0.02459749516
0.02449660226
0.02434067515
0.02413046479
0.02386632605
0.02354917959
0.0231801506
0.02276004803
0.02228939978
0.02176867473
0.02119696562
0.02057215498
0.01989361898
0.01915546307
0.01835523554
0.01748576527
0.01654743096
0.0155344949
0.0144498245
0.01329672766
0.01207767759
0.01081614888
0.009502543847
0.008194627548
0.006852685756
0.005583931372
0.00431028765
0.003204008324
0.002109087628
0.001312384778
0.0005101363775
0.0002015596337
-0.0001941132054
0.0001999461181
0.0002999715018
0.001636102671
0.002238082264
0.004780257928
0.0057790428
0.009862681934
0.01095995829
0.01693935144
0.01743797353
0.02574866456
0.02451000017
0.03599884104
0.0312665892
0.04728622475
0.03659302646
0.05885980711
0.03924351755
0.06965105213
0.03749905061
0.0788716013
0.02923729678
0.08635811522
0.01251586788
0.09444393486
0.02231234968
0.02259204827
0.02279610907
0.02309395735
0.02340625173
0.02375862204
0.02411927562
0.02449010663
0.02485393242
0.0252090482
0.02554481599
0.02586156944
0.0261519633
0.02641416186
0.02664145232
0.02683088605
0.02697656499
0.02707550065
0.02712292654
0.02711663784
0.02705345129
0.02693257181
0.02675273346
0.02651479521
0.02621937894
0.02586860202
0.02546407834
0.02500866428
0.02450373029
0.02395158348
0.02335361098
0.02270936398
0.02201986955
0.0212818628
0.02049408367
0.01964937064
0.01874726096
0.01777616815
0.01673917922
0.01562794166
0.01444747914
0.01319939138
0.01188786767
0.01053846871
0.009139731336
0.00775705599
0.006341899682
0.005013126836
0.003682218006
0.002533638629
0.001398192966
0.000577529464
-0.0002487282757
-0.000560887718
-0.0009632030998
-0.0005499980904
-0.0004391102174
0.0009406078886
0.00156784442
0.004177535644
0.00521405672
0.009393923287
0.01054139768
0.01664116069
0.01719035023
0.02562830794
0.0244337384
0.0360554153
0.03135315445
0.04751186768
0.03682968833
0.05922343251
0.03960225162
0.07013745477
0.03788693722
0.07943462412
0.02954285514
0.08692584845
0.01253843855
0.09508490522
0.02592541245
0.02621015166
0.02640333818
0.02668735884
0.02697833459
0.02730761587
0.02764035699
0.02797860752
0.02830635477
0.02861981671
0.0289079118
0.02916974613
0.02939757137
0.02958877096
0.02973625368
0.02983658791
0.02988384342
0.02987503914
0.02980590246
0.0296748457
0.0294797756
0.029221086
0.02889905746
0.02851615795
0.02807458883
0.02757829068
0.0270303787
0.02643441319
0.02579397011
0.02511128789
0.02438826025
0.02362510992
0.02282190476
0.02197445114
0.02108354247
0.02013819022
0.01913788689
0.01806866911
0.01693663968
0.01572959825
0.01445563756
0.01311368973
0.01171049397
0.01027358194
0.008790285189
0.007333865814
0.00584564344
0.004457723134
0.003070113398
0.001879909118
0.0007043791787
-0.0001402091346
-0.0009902605274
-0.001306583631
-0.00171533333
-0.001284256131
-0.001162057964
0.0002586239761
0.0009121355275
0.003585202026
0.004660490318
0.008931968088
0.01013197517
0.01634588126
0.01694938611
0.02550499206
0.02436107503
0.03610239385
0.03144069666
0.04772128742
0.03706591747
0.05956602426
0.03995543515
0.07060396071
0.03826752983
0.0799765889
0.02984368963
0.08747041151
0.01256114508
0.09569821921
0.02963221709
0.02990856966
0.03009823461
0.03037065215
0.03064265686
0.0309500681
0.03125507672
0.03156002872
0.03185000401
0.03211924438
0.03235612823
0.03255836754
0.03271773177
0.03283076674
0.03288999574
0.03289159867
0.03282976112
0.03270178212
0.0325042099
0.03223648913
0.03189802701
0.03149086414
0.03101724578
0.03048144927
0.02988788181
0.02924166663
0.02854792475
0.02781189959
0.02703711967
0.02622690258
0.02538349781
0.02450547292
0.02359503141
0.02264535074
0.02165704472
0.02061603743
0.01952461354
0.01836158642
0.01713888475
0.01583915746
0.01447443923
0.01303999869
0.01154612181
0.01002248179
0.008454928976
0.006926277456
0.005365551527
0.003919786803
0.002476470422
0.001245565215
3.062760245e-05
-0.0008377356686
-0.001711218273
-0.002032257356
-0.002447194175
-0.001999622691
-0.001865843925
-0.0004069710936
0.0002736170308
0.003005331793
0.004120214001
0.008478386401
0.009732909681
0.01605445841
0.01671554176
0.0253789097
0.02429165863
0.03613933241
0.03152810897
0.04791352826
0.03729988059
0.05988736797
0.04029979694
0.07104846324
0.03863896694
0.08049466443
0.03013812344
0.08798910506
0.01258388131
0.09628116176
0.03340693416
0.03368978009
0.03387531118
0.03413710186
0.03439173063
0.03467826969
0.03495613251
0.03522749433
0.03547842014
0.03570113455
0.03588325277
0.03602086006
0.0361051038
0.03613162877
0.03609261872
0.03598404372
0.03580048818
0.03553995223
0.03520029274
0.03478254076
0.03428814621
0.03372132004
0.03308661277
0.03239061762
0.03163950612
0.0308409111
0.03000094324
0.02912565044
0.02822039871
0.02728749517
0.02632937643
0.02534411812
0.02433306513
0.0232872662
0.02221061076
0.0210819925
0.01990463534
0.01865243128
0.0173440328
0.01595528198
0.01450317766
0.01297811279
0.01139507304
0.009785733068
0.008135043778
0.006536070623
0.004903714007
0.003401786441
0.001904137712
0.0006336762963
-0.0006197672365
-0.001511669517
-0.002408067858
-0.002734431648
-0.003155272475
-0.002692713866
-0.002547278099
-0.001052789462
-0.0003450840424
0.002440746639
0.003595592991
0.00803505265
0.009345703956
0.01576794302
0.01648937191
0.02525037483
0.02422520914
0.03616594032
0.03161434095
0.04808778702
0.03752973128
0.06018636994
0.04063336826
0.07146892877
0.03899952015
0.08098672063
0.03042529454
0.08847969616
0.01260717707
0.09683107432
0.03726741957
0.03755014069
0.03772795201
0.03797916887
0.03821679169
0.03848334552
0.03873512772
0.03897335377
0.0391847271
0.03935914707
0.03948308048
0.03955062195
0.03955209789
0.0394822205
0.03933298619
0.03910049929
0.03878023402
0.03837153975
0.03787425421
0.03729172119
0.03662807155
0.03589017476
0.03508539157
0.03422259906
0.03331055949
0.03235795689
0.03137306215
0.03036290367
0.02933214075
0.02828325411
0.027218477
0.02613266855
0.02503045559
0.02389808694
0.0227410048
0.02153160598
0.02027736626
0.01894104529
0.01755273849
0.01607900957
0.01454322964
0.01292943425
0.01125894054
0.009565017297
0.007832175959
0.006165171567
0.00446244254
0.002906470416
0.001356277155
4.756108484e-05
-0.001243285821
-0.002158414602
-0.003077102933
-0.003409382894
-0.003835851797
-0.003359942877
-0.003202931838
-0.00167563363
-0.0009415489707
0.001894342276
0.003088655334
0.00760377692
0.008971652596
0.01548741155
0.01627127393
0.02511966448
0.024161219
0.03618182116
0.03169803634
0.04824309627
0.03775330789
0.06046113671
0.04095434088
0.07186277888
0.03934698435
0.0814496475
0.03070321861
0.08893926645
0.0126307805
0.09734501926
0.04120655495
0.04146646049
0.04163887263
0.0418798407
0.04210254967
0.04235198835
0.04258094821
0.04278869461
0.04296187157
0.04308744598
0.04315015459
0.04314166244
0.04305128339
0.04287290619
0.04259873793
0.04222566028
0.04175084254
0.04117590938
0.04050359038
0.03974041453
0.03889378904
0.03797394239
0.03699105049
0.03595667266
0.03488151508
0.03377655051
0.03265048878
0.03151058072
0.03036248371
0.02920634596
0.02804394478
0.02686779902
0.02568317606
0.02447215025
0.02324648129
0.02196611223
0.02064127016
0.01922589773
0.01776416111
0.01621014159
0.01459479937
0.01289487936
0.0111390936
0.009361918249
0.007548336699
0.005815854765
0.004044424062
0.00243689211
0.0008363034725
-0.0005092107294
-0.001836176324
-0.002774162479
-0.003714383638
-0.004053239678
-0.004485059224
-0.003997586228
-0.003829210589
-0.002272110034
-0.001512717185
0.001369234334
0.002601850095
0.007186637447
0.00861229351
0.01521401956
0.01606171454
0.02498716638
0.02409922959
0.03618672651
0.03177787142
0.04837864215
0.03796848661
0.06071012077
0.04126064489
0.0722277386
0.03967921577
0.08188098064
0.030970554
0.08936534086
0.01265490446
0.09782016929
0.04515913275
0.04540520493
0.04557909062
0.04581380765
0.0460284588
0.04626801868
0.04648168289
0.04666551127
0.04680479678
0.04688263892
0.04688131369
0.0467896056
0.04659582516
0.04629350647
0.04587588988
0.04534175173
0.04469118034
0.04392936482
0.04306295673
0.04210261919
0.04105980702
0.03994812701
0.03878105573
0.03757240839
0.0363351825
0.03508099444
0.03382008611
0.03255953183
0.03130334292
0.03005043929
0.02880141967
0.02754380456
0.02628841407
0.02500997383
0.02372538386
0.02238261677
0.02099726192
0.01950844459
0.01798044094
0.01635095182
0.01466012495
0.0128766855
0.01103788724
0.009178599489
0.00728576325
0.005490605072
0.00365260566
0.001996442243
0.0003479473776
-0.001032822439
-0.002394463963
-0.003354884945
-0.004315818673
-0.00466190641
-0.005098861994
-0.004601746462
-0.004422401003
-0.002838943724
-0.002055349916
0.000868110176
0.002137342562
0.006785648257
0.008268955336
0.01494894507
0.01586100286
0.02485324414
0.02403856841
0.03618033408
0.03185224415
0.04849349946
0.03817264882
0.06093199464
0.04154956603
0.07256116768
0.03999363774
0.08227745898
0.03122493549
0.08975493644
0.01267900957
0.09825355763
0.0490975426
0.0493443577
0.0495231169
0.04975989529
0.0499772486
0.05021889054
0.05042969512
0.05060075986
0.05071367161
0.05074619879
0.05067718613
0.05049232437
0.05017935991
0.04973258693
0.0491478108
0.04842751111
0.04757631711
0.04660458734
0.04552406312
0.04435044983
0.04309934918
0.04178833214
0.04043363483
0.03905106301
0.03765525705
0.03625900508
0.03487202746
0.03350079378
0.03214913994
0.03081171124
0.02948789468
0.0281605704
0.02684423786
0.02550755288
0.02417841764
0.02278403767
0.02134459535
0.01978790375
0.01820156122
0.01650177421
0.0147398959
0.01287641469
0.01095758273
0.009017365526
0.007046868744
0.005192025677
0.00329022679
0.001588710342
-0.0001049189913
-0.001519299903
-0.002914034787
-0.003896426501
-0.004877168371
-0.005231207797
-0.005673140159
-0.005168437916
-0.004978754892
-0.003372550668
-0.00256588131
0.0003937932257
0.001697731807
0.006403027259
0.007943148297
0.01469341104
0.01566948991
0.02471835382
0.02397859101
0.03616245754
0.03191956646
0.04858691862
0.0383625945
0.06112608573
0.04181839566
0.07286066354
0.04028767298
0.08263639091
0.03146443489
0.09010549587
0.01270282483
0.09864240283
0.05296426247
0.05328807308
0.05345026056
0.0537021976
0.05393506442
0.0541968499
0.05442345711
0.05459872151
0.05469602818
0.05468585015
0.05454261802
0.0542493468
0.05379459344
0.05317571424
0.05239350285
0.05145672454
0.05037660964
0.04917060309
0.0478559444
0.04645444657
0.04498582508
0.04347111677
0.04192899557
0.04037629335
0.03882917341
0.03729973953
0.03579853706
0.03433044047
0.03289630018
0.03148789847
0.03010221352
0.02871492326
0.02735085291
0.02596739965
0.0246051514
0.02316848818
0.02168528826
0.02006656616
0.01843091733
0.01666559085
0.01483664744
0.01289680845
0.01090104496
0.008880624187
0.006834349008
0.00492295081
0.002960838578
0.001217602941
-0.00051816062
-0.001964458623
-0.003390577682
-0.004394436907
-0.0053940732
-0.005756792567
-0.0062036741
-0.005693560249
-0.005494468879
-0.003869362781
-0.003040986892
-5.105786174e-05
0.00128548841
0.006040929643
0.007636198256
0.01444865559
0.0154873849
0.02458293936
0.02391847109
0.03613287098
0.03197802237
0.04865815412
0.03853482771
0.06129141321
0.04206431725
0.07312356753
0.04055837829
0.08295456689
0.03168629615
0.09041418195
0.01272539156
0.09898394981
0.05674828379
0.05714956674
0.05729944596
0.05759531061
0.05787286118
0.05819007486
0.05846486078
0.05867119071
0.05876752433
0.05871565762
0.05848548693
0.05805963877
0.05743059757
0.05660274179
0.05558526505
0.05439706997
0.05305729984
0.05159264509
0.05002584827
0.0483853767
0.04669389884
0.04497562916
0.04325058357
0.04153522029
0.0398469945
0.03819734303
0.03659515046
0.03504436782
0.03354432411
0.03207933998
0.03064465388
0.02920975925
0.02780695838
0.02638743698
0.02500805024
0.02353960309
0.02201751399
0.0203449727
0.01866844798
0.01684229576
0.0149508106
0.01293957922
0.01087107904
0.008771180302
0.006650767439
0.004686215073
0.002668211256
0.0008871153045
-0.0008876176979
-0.002364037738
-0.003819731382
-0.004844518747
-0.005862113471
-0.006234303296
-0.006686231804
-0.006172994759
-0.0059657401
-0.004325628809
-0.003477364507
-0.0004634434605
0.0009033561901
0.005701630732
0.007349543629
0.01421592447
0.01531491531
0.02444751299
0.02385739702
0.03609146752
0.03202580485
0.04870662142
0.03868656607
0.06142641246
0.04228455771
0.07334748357
0.0408027694
0.08322927971
0.03188801272
0.0906785865
0.01274583799
0.09927571962
0.06044383677
0.06081643536
0.06101018932
0.06139436405
0.06177269866
0.06220261666
0.06257405769
0.06284698706
0.06295652545
0.06285642127
0.06251417629
0.06191751603
0.061068254
0.05998408469
0.05868678469
0.05720884781
0.05557860423
0.05383394773
0.05200093753
0.05011561154
0.04820173737
0.04628520527
0.04438626633
0.04251924474
0.04070351013
0.03894741063
0.03726068896
0.03564496558
0.03409438248
0.03258734099
0.03111649664
0.0296437661
0.02821588182
0.02677259985
0.02538778741
0.02389543586
0.02234389529
0.02062689217
0.01891852386
0.01703527712
0.01508529366
0.01300792678
0.01087104965
0.008691916059
0.006498960894
0.004484965244
0.002416418664
0.0006014780744
-0.001208954885
-0.002713628264
-0.004197000045
-0.005242140453
-0.006276813526
-0.00665928376
-0.00711656146
-0.006602587889
-0.006388754341
-0.004737710035
-0.00387195478
-0.0008403341753
0.0005537894902
0.00538734484
0.007084450369
0.0139964605
0.01515218345
0.0243125765
0.02379441217
0.03603812415
0.03206093819
0.04873168776
0.03881538299
0.06152905129
0.04247608249
0.07352990996
0.04101756927
0.08345754992
0.03206641533
0.09089622222
0.01276265283
0.09951541887
0.0639161874
0.0642586642
0.06455381506
0.0650889867
0.06565104159
0.06627180361
0.06680090727
0.06717704423
0.06730347707
0.06713087737
0.06663077883
0.06580616001
0.06467609308
0.06327927613
0.06165218957
0.05984669649
0.05789769345
0.05585750611
0.05375079079
0.0516221504
0.04949266768
0.04738853211
0.0453290405
0.04332421428
0.04139681126
0.03955178213
0.03779598456
0.03613250685
0.03455115805
0.03301524282
0.03151985652
0.03002206024
0.02857660037
0.027120615
0.02574735443
0.02423866052
0.02266147378
0.02091232032
0.01918037246
0.01724418122
0.01524089391
0.01310425208
0.01090472853
0.008646917944
0.006381464993
0.004322380614
0.002209649585
0.0003648860691
-0.0014779022
-0.003008825176
-0.004517921555
-0.005582802106
-0.006633726734
-0.007027343449
-0.007490472244
-0.006978239708
-0.006759762013
-0.005101935344
-0.004221664213
-0.001178482043
0.0002392756126
0.005100353305
0.006842227783
0.01379147931
0.01499928922
0.02417867075
0.0237285664
0.03597281067
0.03208145795
0.04873280037
0.03891890708
0.06159752175
0.04263576728
0.07366861225
0.04119943629
0.08363684536
0.03221843093
0.09106503172
0.01277425101
0.09970110666
0.06700109158
0.06742586169
0.06789682474
0.06868506372
0.06954521602
0.07046341913
0.07121922653
0.07172563061
0.07184880136
0.07155095033
0.07081945805
0.06968913743
0.06820428942
0.06643332918
0.06442810366
0.06226263223
0.05997259383
0.05763042656
0.05525035859
0.05288805544
0.05055697419
0.04828079695
0.04607751329
0.04395089027
0.04192979716
0.04001249882
0.03820678446
0.03651651567
0.0349203953
0.03336646441
0.03185702884
0.03034508163
0.02889562991
0.02744095386
0.02608704627
0.02456647061
0.0229739677
0.02120801128
0.01945904134
0.01747320773
0.01542140556
0.01323231193
0.0109756423
0.008639723176
0.006300947247
0.004202016483
0.002052241135
0.0001815996148
-0.001690145427
-0.003245207518
-0.004778033008
-0.005862004082
-0.006928478644
-0.00733412553
-0.007803872646
-0.007295932114
-0.007075116683
-0.005414808686
-0.00452354508
-0.001474789627
-3.79957359e-05
0.00484286285
0.006624018252
0.01360216422
0.01485622763
0.02404632277
0.02365881426
0.03589550319
0.03208530735
0.04870940877
0.03899445569
0.06163031598
0.04276034295
0.07376140126
0.04134483711
0.08376461301
0.03234052155
0.09118308521
0.01277850151
0.0998311892
0.0695880594
0.07019746366
0.07099399289
0.07221737265
0.07353595858
0.07487907334
0.07592259558
0.07655680029
0.0766158268
0.07609928484
0.07503309874
0.07350178149
0.07158260324
0.06938105734
0.06695525551
0.06440921404
0.06176610217
0.05912604111
0.05648243358
0.05390488885
0.05139262757
0.04896341445
0.04663523341
0.04440404816
0.04230782428
0.04033804
0.03849846795
0.03680138383
0.0352106363
0.03364509123
0.03213043242
0.03061868989
0.02917267506
0.02773058913
0.02640835991
0.02487900259
0.02327980661
0.02151339326
0.01975411909
0.01772367521
0.01563003725
0.013396537
0.01108953687
0.008677087962
0.006259810407
0.004127665828
0.001948553715
5.584049332e-05
-0.001841393196
-0.003418333756
-0.004972881407
-0.006075252254
-0.007156711189
-0.007575317602
-0.008052718827
-0.007551696653
-0.007331243453
-0.005672814525
-0.004774604634
-0.001726153988
-0.0002758196588
0.004617092631
0.006430950665
0.01342964104
0.01472295856
0.02391604712
0.02358408135
0.03580620127
0.03207039801
0.04866100794
0.03903908916
0.06162621727
0.04284646267
0.07380628599
0.04145010285
0.08383863072
0.03242907614
0.09124880188
0.01277303273
0.09990439763
0.07151681003
0.07245784311
0.07386491085
0.07579187788
0.0777484543
0.07962756531
0.08098818499
0.08169450123
0.08157548004
0.08070667574
0.07918027761
0.07714954714
0.07472441591
0.07204854349
0.06917655598
0.06624557295
0.06324927804
0.06032720481
0.05743795132
0.05467187888
0.05200516306
0.0494436347
0.04701015958
0.04469242366
0.04253984637
0.04053490433
0.0386807146
0.03700064759
0.03542960317
0.03385458529
0.03234275375
0.03084354411
0.02941482645
0.02799995557
0.02670895813
0.0251720502
0.02358253256
0.02183307217
0.02006686327
0.01799685853
0.01586804448
0.01359780968
0.01124694438
0.008760904901
0.006260222415
0.004103137387
0.001902494853
-8.600043233e-06
-0.001927772656
-0.003524227285
-0.005098484469
-0.006218512264
-0.007314564901
-0.007747059641
-0.008233441437
-0.007741999155
-0.007524977365
-0.00587282628
-0.004972200978
-0.001929843011
-0.0004722804468
0.004425103237
0.006263993163
0.01327500195
0.01459941918
0.02378842435
0.02350337022
0.03570506867
0.03203480484
0.04858736116
0.0390500335
0.06158441954
0.04289102566
0.07380174411
0.04151176065
0.08385717395
0.03248049198
0.09126117398
0.01275523279
0.09992022492
0.07268994869
0.07424182473
0.07659106106
0.07957814882
0.08233863304
0.08481356543
0.08645994662
0.08711121466
0.08664435441
0.08525874969
0.08314328069
0.08052779241
0.07754520774
0.07437673495
0.07105132227
0.06774699766
0.06440790377
0.06122736269
0.05812018232
0.05520058086
0.0524074251
0.04973325872
0.04721335062
0.04482756197
0.04263609711
0.04061339699
0.03876908102
0.03713100002
0.03558545724
0.0339986033
0.03249734802
0.03102329622
0.02963504928
0.02826100014
0.02698736288
0.02544400419
0.02389375476
0.02217541005
0.02040468426
0.01830101332
0.01614367292
0.01384337645
0.01145452627
0.008899135868
0.00630569002
0.004133793656
0.001919195431
-6.604417483e-06
-0.001944060401
-0.003557565339
-0.005149568528
-0.006286504626
-0.00739701575
-0.007844413483
-0.008341491051
-0.007862423517
-0.007652402483
-0.00601104007
-0.005113187145
-0.002082763759
-0.0006252081116
0.004269048022
0.006124049613
0.01313916615
0.01448523419
0.02366363954
0.02341514169
0.03559166142
0.03197583587
0.04848744699
0.03902359327
0.06150314868
0.04288979189
0.07374526218
0.04152508704
0.08381753388
0.03248990596
0.09121835468
0.01272140731
0.09987728721
0.07288720057
0.07561760762
0.07922784568
0.08353719067
0.08725588698
0.09031012231
0.09215836136
0.0925881263
0.09159244176
0.08954497641
0.08674955564
0.08350527084
0.07995485498
0.07630668368
0.07254674694
0.06889598791
0.06523575537
0.06182431346
0.05853049223
0.05549798356
0.05261285198
0.04984431048
0.04725608313
0.0448215879
0.04260741795
0.04058096365
0.03875895279
0.03718649639
0.035680904
0.03407975136
0.03259746479
0.03115714228
0.02981478218
0.0284932367
0.02723615129
0.02569046796
0.02419307259
0.02251558525
0.02074277937
0.01861549357
0.01643970117
0.014118754
0.01170047977
0.009084293121
0.006395567927
0.004220118083
0.001998399793
6.158882599e-05
-0.001890416154
-0.003518413287
-0.005126162989
-0.006279106158
-0.007404002316
-0.007867145952
-0.008376710169
-0.007912579054
-0.007713185208
-0.006086749516
-0.005196995154
-0.002183877966
-0.0007337515831
0.004150256
0.006011849162
0.01302332063
0.01438093312
0.02354318244
0.02331978613
0.03546782519
0.03189369499
0.04836342588
0.03895984259
0.06138461053
0.04284266869
0.07363913912
0.0414897181
0.08372218322
0.03245665366
0.09112335654
0.01267057137
0.0997794057
0.07209672459
0.07718420475
0.08238704091
0.08807145716
0.09270624891
0.09624067014
0.0981090682
0.09807874714
0.09634378964
0.09349034731
0.08994116278
0.0860455519
0.08194045683
0.07784216378
0.07367941891
0.06971018812
0.06575398956
0.06213138604
0.05869073579
0.0555946225
0.05264325847
0.04979489453
0.0471552147
0.04469119228
0.04246904007
0.04044728594
0.03868366953
0.03720251925
0.03572169916
0.03410733042
0.03265409664
0.03125081707
0.02999342218
0.02873453566
0.02745742367
0.0259193669
0.02451254345
0.02287578418
0.02110021333
0.01895630825
0.01676810678
0.01443188223
0.01199000003
0.009322569673
0.006546596031
0.004380534734
0.002158192853
0.0002145460538
-0.001748129443
-0.003388079428
-0.005009919371
-0.006178363387
-0.007318437964
-0.00779897555
-0.00832410928
-0.007878529982
-0.007695027649
-0.006088858408
-0.005214660889
-0.002225502215
-0.000792783445
0.004072562192
0.00592834215
0.01292749074
0.01428360387
0.02342375663
0.02321073849
0.03532723109
0.03177834212
0.04820628181
0.03884589205
0.06121711204
0.04273479758
0.07346949845
0.04138968156
0.08355652485
0.03236477347
0.09096346063
0.01259079603
0.09961386121
0.06977909889
0.07837574065
0.08503149968
0.09188243777
0.09719802939
0.1011559408
0.1030089659
0.1025234435
0.1000891596
0.09650223646
0.09229242691
0.08784716867
0.08329044687
0.0788272532
0.07433894918
0.07009595563
0.0658908804
0.062079067
0.0585388468
0.05544662871
0.05246934537
0.04955777761
0.04688549141
0.04441431623
0.0421994647
0.04018763745
0.03849782909
0.03713407279
0.03568937605
0.03406744101
0.03265177366
0.03128245733
0.03010886155
0.028918369
0.02762634442
0.02610877262
0.02478191877
0.0231779793
0.0214012731
0.0192507042
0.0170583656
0.01471464926
0.01225768066
0.009552352465
0.006719884898
0.004573358424
0.00235510098
0.0004082277978
-0.001561517919
-0.003210791019
-0.004844437059
-0.006026700334
-0.007181139951
-0.007678464966
-0.00821961212
-0.007793004201
-0.007627023201
-0.006042403329
-0.005186700091
-0.00222358056
-0.0008127689234
0.004030108855
0.005872832779
0.01285496321
0.01420154536
0.02331789848
0.02310488024
0.03519117524
0.03165466373
0.04804517057
0.03871328484
0.06103693968
0.04260163303
0.07327879385
0.04126206182
0.08336561689
0.03224986311
0.09078132482
0.01250616184
0.09942633489
0.0680365986
0.08237081727
0.09094509987
0.09862135842
0.1043037709
0.1083147979
0.1095744557
0.1080830355
0.1045317743
0.09992438321
0.09486222384
0.08974593518
0.08466283063
0.07978212684
0.074941183
0.07039717401
0.06593299006
0.06191215369
0.0582705818
0.05520010637
0.05220453328
0.04922677213
0.04652680179
0.04405568254
0.04185127309
0.03984099965
0.03822812917
0.03700961662
0.03562010806
0.03399665932
0.03262564784
0.03127994083
0.03018220023
0.02908454571
0.02781050016
0.02632224768
0.02505340839
0.02348411579
0.02172220444
0.01958636489
0.0174084255
0.01507592598
0.01262250858
0.009901368094
0.007061041594
0.004950615111
0.002744575032
0.0008017559982
-0.001170093464
-0.00282600914
-0.004471500681
-0.005669648159
-0.006843976304
-0.007364886177
-0.007932238308
-0.007535304123
-0.007401719864
-0.005852924128
-0.005035694115
-0.002115304589
-0.0007523242029
0.004048666481
0.005850167123
0.0127993675
0.01410722732
0.02318796727
0.02294420659
0.03499215076
0.03143529362
0.04778589913
0.03845043636
0.06072521922
0.04231653331
0.0729275973
0.04097318604
0.08300237584
0.03198209912
0.09044141644
0.01232505854
0.09907490194
0.06168579626
0.07101519465
0.07599351476
0.08116169013
0.08665928145
0.09184680191
0.09586742202
0.09814017344
0.09842803684
0.09683095045
0.09358119501
0.08893699158
0.08316887874
0.07654953571
0.06937843044
0.06192802675
0.05448411342
0.04727504415
0.04052488999
0.03439913774
0.0290227155
0.02448847415
0.02085599889
0.01814443069
0.01632807355
0.01536149398
0.01517421879
0.01566972262
0.01675304696
0.01831999511
0.02026025818
0.02245944084
0.02479402159
0.02716582316
0.02948386795
0.03167959825
0.03369091973
0.03546681619
0.03693920552
0.03809102211
0.03891055496
0.03939557985
0.0395412121
0.03934893389
0.03881892544
0.03795136624
0.03677013459
0.03527335951
0.03347037944
0.03137447578
0.02900735461
0.02638946008
0.02355241267
0.02052091784
0.01733620407
0.01402309634
0.01063325515
0.007189207755
0.003756501525
0.000348489525
-0.002947125474
-0.006143586972
-0.009105017576
-0.01187428163
-0.01427795831
-0.01642569357
-0.01809911939
-0.01950949237
-0.02029995191
-0.02091420484
-0.02068640336
-0.02052165566
-0.01917232305
-0.01831637294
-0.01583965865
-0.01441818484
-0.01094873675
-0.009262613991
-0.004853816975
-0.004281862224
0.01863352737
0.07739271578
0.07370473218
0.0732205777
0.07646380555
0.07892648334
0.08097014234
0.08261857539
0.08358154295
0.08383738936
0.08326865633
0.08194632884
0.08003228211
0.07758057373
0.07470781433
0.07154230048
0.06812367402
0.06454447574
0.06088820983
0.05713758167
0.05337728898
0.04966116524
0.0459686087
0.04234752926
0.03884150317
0.0354304102
0.03212495081
0.0289713402
0.02596006216
0.02309734374
0.02040759574
0.017856596
0.01543434852
0.01315218133
0.01101731761
0.009073092304
0.007312544103
0.005718865145
0.004315776707
0.003112399993
0.002104754685
0.00129459543
0.0006749048262
0.0002415862512
-2.279203626e-05
-0.0001253150768
-7.392777131e-05
0.0001171619536
0.0004449847179
0.000896504514
0.001459776861
0.002132744572
0.002902260611
0.003760818502
0.004694621856
0.005693275143
0.006747957318
0.007840840827
0.00896390829
0.01009031273
0.01120822033
0.01228623238
0.01331940213
0.0142588327
0.01510705146
0.01580339828
0.01636802379
0.01672099211
0.01691053289
0.01682602375
0.01656075754
0.01595689322
0.01517567962
0.01399294431
0.01266274897
0.01087496174
0.009008314132
0.006650371104
0.004255955307
0.001754315418
)
;

boundaryField
{
    FARFIELD
    {
        type            freestreamPressure;
        freestreamValue uniform 0;
        supersonic      false;
        value           nonuniform List<scalar> 
161
(
-0.0007231791326
0.03092009723
0.03109121133
0.0311895222
0.03127858351
0.03133781223
0.03137280735
0.03138202031
0.03136556142
0.03132372794
0.03125644142
0.0311643994
0.03104776793
0.03090752344
0.03074405871
0.03055857385
0.03035162831
0.03012455271
0.02987799945
0.02961334795
0.02933124923
0.02903305991
0.02871936975
0.0283914411
0.02804975177
0.02769543343
0.02732883712
0.0269509375
0.02656194903
0.02616270593
0.02575331846
0.02533448188
0.02490624196
0.02446920703
0.02402341458
0.02356942168
0.02310731356
0.02263766286
0.02216066877
0.02167696419
0.02118691243
0.02069125827
0.02019058609
0.01968577178
0.0191776297
0.01866718308
0.01815547858
0.01764365583
0.01713297778
0.01662460399
0.01611996542
0.0156201132
0.01512655842
0.01464008655
0.01416215924
0.0136930706
0.01323394539
0.01278488903
0.01234739595
0.01191544323
0.01147746
0.01102206142
0.01054945947
0.01005678344
0.009543910875
0.00901095146
0.008460542121
0.007897318843
0.007329009465
0.006767191999
0.006226841219
0.00572745144
0.005294468596
0.004963283436
0.004787499321
0.004853582139
0.005299859724
0.006316586325
0.008080133119
0.01050114874
0.01321558472
0.01561947464
0.01740542609
0.01865573067
0.01958653294
0.02038964439
0.02117299226
0.0219769874
0.02280390397
0.02364058123
0.02447097635
0.02528285181
0.02606798762
0.02682319312
0.02754770871
0.02824341029
0.02891248754
0.02955809242
0.03018268257
0.03078887316
0.0313783809
0.03195279201
0.03251292514
0.03305942953
0.03359240953
0.03411185249
0.03461744033
0.03510880492
0.03558547214
0.03604698359
0.03649293935
0.03692298134
0.03733692508
0.03773462166
0.0381161812
0.03848170063
0.0388315774
0.03916613551
0.03948601507
0.0397917182
0.04008398253
0.0403634618
0.04062941424
0.04088945782
0.04115022622
0.04141034352
0.04166861342
0.04192431427
0.04217702096
0.04242601103
0.0426707731
0.04291057227
0.04314486261
0.04337285854
0.04359393032
0.04380723715
0.04401205181
0.04420746264
0.04439265211
0.0445666502
0.04472857454
0.04487742829
0.04501230788
0.04513224819
0.04523638472
0.0453238469
0.04539389513
0.04544581907
0.0454790745
0.04549320215
0.04548790366
0.04546301416
0.04541850033
0.04535460785
0.04527114444
0.04517018043
0.04504614549
0.04491994733
0.04472878089
-0.0007943248026
2.462617623e-06
)
;
    }
    WALL10
    {
        type            zeroGradient;
    }
    SYMP3
    {
        type            empty;
    }
}


// ************************************************************************* //
