# generated by make_answer.py
o HighDetail
v 0.000000 1.000000 0.000000
v 0.098767 1.002802 0.000000
v 0.098166 1.001518 0.009668
v 0.096415 0.998100 0.019178
v 0.093657 0.993699 0.028410
v 0.090066 0.989799 0.037307
v 0.085795 0.987714 0.045858
v 0.080922 0.988148 0.054070
v 0.075446 0.990953 0.061917
v 0.069309 0.995185 0.069309
v 0.062446 0.999416 0.076090
v 0.054840 1.002222 0.082075
v 0.046552 1.002655 0.087092
v 0.037713 1.000571 0.091046
v 0.028495 0.996671 0.093937
v 0.019066 0.992270 0.095852
v 0.009546 0.988852 0.096924
v 0.000000 0.987568 0.097267
v -0.009546 0.988852 0.096924
v -0.019066 0.992270 0.095852
v -0.028495 0.996671 0.093937
v -0.037713 1.000571 0.091046
v -0.046552 1.002655 0.087092
v -0.054840 1.002222 0.082075
v -0.062446 0.999416 0.076090
v -0.069309 0.995185 0.069309
v -0.075446 0.990953 0.061917
v -0.080922 0.988148 0.054070
v -0.085795 0.987714 0.045858
v -0.090066 0.989799 0.037307
v -0.093657 0.993699 0.028410
v -0.096415 0.998100 0.019178
v -0.098166 1.001518 0.009668
v -0.098767 1.002802 0.000000
v -0.098166 1.001518 -0.009668
v -0.096415 0.998100 -0.019178
v -0.093657 0.993699 -0.028410
v -0.090066 0.989799 -0.037307
v -0.085795 0.987714 -0.045858
v -0.080922 0.988148 -0.054070
v -0.075446 0.990953 -0.061917
v -0.069309 0.995185 -0.069309
v -0.062446 0.999416 -0.076090
v -0.054840 1.002222 -0.082075
v -0.046552 1.002655 -0.087092
v -0.037713 1.000571 -0.091046
v -0.028495 0.996671 -0.093937
v -0.019066 0.992270 -0.095852
v -0.009546 0.988852 -0.096924
v -0.000000 0.987568 -0.097267
v 0.009546 0.988852 -0.096924
v 0.019066 0.992270 -0.095852
v 0.028495 0.996671 -0.093937
v 0.037713 1.000571 -0.091046
v 0.046552 1.002655 -0.087092
v 0.054840 1.002222 -0.082075
v 0.062446 0.999416 -0.076090
v 0.069309 0.995185 -0.069309
v 0.075446 0.990953 -0.061917
v 0.080922 0.988148 -0.054070
v 0.085795 0.987714 -0.045858
v 0.090066 0.989799 -0.037307
v 0.093657 0.993699 -0.028410
v 0.096415 0.998100 -0.019178
v 0.098166 1.001518 -0.009668
v 0.197849 0.994656 0.000000
v 0.196434 0.992318 0.019347
v 0.192377 0.986093 0.038266
v 0.186175 0.978079 0.056475
v 0.178438 0.970977 0.073911
v 0.169668 0.967181 0.090689
v 0.160092 0.967971 0.106970
v 0.149622 0.973079 0.122792
v 0.137950 0.980785 0.137950
v 0.124736 0.988491 0.151992
v 0.109803 0.993600 0.164331
v 0.093241 0.994389 0.174441
v 0.075404 0.990593 0.182042
v 0.056788 0.983491 0.187205
v 0.037854 0.975477 0.190306
v 0.018897 0.969252 0.191868
v 0.000000 0.966915 0.192331
v -0.018897 0.969252 0.191868
v -0.037854 0.975477 0.190306
v -0.056788 0.983491 0.187205
v -0.075404 0.990593 0.182042
v -0.093241 0.994389 0.174441
v -0.109803 0.993600 0.164331
v -0.124736 0.988491 0.151992
v -0.137950 0.980785 0.137950
v -0.149622 0.973079 0.122792
v -0.160092 0.967971 0.106970
v -0.169668 0.967181 0.090689
v -0.178438 0.970977 0.073911
v -0.186175 0.978079 0.056475
v -0.192377 0.986093 0.038266
v -0.196434 0.992318 0.019347
v -0.197849 0.994656 0.000000
v -0.196434 0.992318 -0.019347
v -0.192377 0.986093 -0.038266
v -0.186175 0.978079 -0.056475
v -0.178438 0.970977 -0.073911
v -0.169668 0.967181 -0.090689
v -0.160092 0.967971 -0.106970
v -0.149622 0.973079 -0.122792
v -0.137950 0.980785 -0.137950
v -0.124736 0.988491 -0.151992
v -0.109803 0.993600 -0.164331
v -0.093241 0.994389 -0.174441
v -0.075404 0.990593 -0.182042
v -0.056788 0.983491 -0.187205
v -0.037854 0.975477 -0.190306
v -0.018897 0.969252 -0.191868
v -0.000000 0.966915 -0.192331
v 0.018897 0.969252 -0.191868
v 0.037854 0.975477 -0.190306
v 0.056788 0.983491 -0.187205
v 0.075404 0.990593 -0.182042
v 0.093241 0.994389 -0.174441
v 0.109803 0.993600 -0.164331
v 0.124736 0.988491 -0.151992
v 0.137950 0.980785 -0.137950
v 0.149622 0.973079 -0.122792
v 0.160092 0.967971 -0.106970
v 0.169668 0.967181 -0.090689
v 0.178438 0.970977 -0.073911
v 0.186175 0.978079 -0.056475
v 0.192377 0.986093 -0.038266
v 0.196434 0.992318 -0.019347
v 0.295648 0.974622 0.000000
v 0.293325 0.971642 0.028890
v 0.286720 0.963707 0.057032
v 0.276784 0.953491 0.083961
v 0.264684 0.944437 0.109636
v 0.251369 0.939598 0.134359
v 0.237243 0.940604 0.158520
v 0.222090 0.947117 0.182264
v 0.205262 0.956940 0.205262
v 0.186045 0.966764 0.226697
v 0.164027 0.973276 0.245483
v 0.139319 0.974283 0.260648
v 0.112539 0.969443 0.271692
v 0.084569 0.960390 0.278786
v 0.056231 0.950174 0.282694
v 0.028016 0.942238 0.284449
v 0.000000 0.939258 0.284921
v -0.028016 0.942238 0.284449
v -0.056231 0.950174 0.282694
v -0.084569 0.960390 0.278786
v -0.112539 0.969443 0.271692
v -0.139319 0.974283 0.260648
v -0.164027 0.973276 0.245483
v -0.186045 0.966764 0.226697
v -0.205262 0.956940 0.205262
v -0.222090 0.947117 0.182264
v -0.237243 0.940604 0.158520
v -0.251369 0.939598 0.134359
v -0.264684 0.944437 0.109636
v -0.276784 0.953491 0.083961
v -0.286720 0.963707 0.057032
v -0.293325 0.971642 0.028890
v -0.295648 0.974622 0.000000
v -0.293325 0.971642 -0.028890
v -0.286720 0.963707 -0.057032
v -0.276784 0.953491 -0.083961
v -0.264684 0.944437 -0.109636
v -0.251369 0.939598 -0.134359
v -0.237243 0.940604 -0.158520
v -0.222090 0.947117 -0.182264
v -0.205262 0.956940 -0.205262
v -0.186045 0.966764 -0.226697
v -0.164027 0.973276 -0.245483
v -0.139319 0.974283 -0.260648
v -0.112539 0.969443 -0.271692
v -0.084569 0.960390 -0.278786
v -0.056231 0.950174 -0.282694
v -0.028016 0.942238 -0.284449
v -0.000000 0.939258 -0.284921
v 0.028016 0.942238 -0.284449
v 0.056231 0.950174 -0.282694
v 0.084569 0.960390 -0.278786
v 0.112539 0.969443 -0.271692
v 0.139319 0.974283 -0.260648
v 0.164027 0.973276 -0.245483
v 0.186045 0.966764 -0.226697
v 0.205262 0.956940 -0.205262
v 0.222090 0.947117 -0.182264
v 0.237243 0.940604 -0.158520
v 0.251369 0.939598 -0.134359
v 0.264684 0.944437 -0.109636
v 0.276784 0.953491 -0.083961
v 0.286720 0.963707 -0.057032
v 0.293325 0.971642 -0.028890
v 0.390337 0.942357 0.000000
v 0.387174 0.939243 0.038133
v 0.378203 0.930951 0.075229
v 0.364776 0.920275 0.110654
v 0.348553 0.910814 0.144376
v 0.330876 0.905757 0.176857
v 0.312310 0.906808 0.208679
v 0.292531 0.913614 0.240074
v 0.270598 0.923880 0.270598
v 0.245469 0.934145 0.299105
v 0.216536 0.940951 0.324069
v 0.183934 0.942002 0.344117
v 0.148518 0.936945 0.358553
v 0.111521 0.927484 0.367634
v 0.074086 0.916808 0.372458
v 0.036886 0.908516 0.374508
v 0.000000 0.905402 0.375030
v -0.036886 0.908516 0.374508
v -0.074086 0.916808 0.372458
v -0.111521 0.927484 0.367634
v -0.148518 0.936945 0.358553
v -0.183934 0.942002 0.344117
v -0.216536 0.940951 0.324069
v -0.245469 0.934145 0.299105
v -0.270598 0.923880 0.270598
v -0.292531 0.913614 0.240074
v -0.312310 0.906808 0.208679
v -0.330876 0.905757 0.176857
v -0.348553 0.910814 0.144376
v -0.364776 0.920275 0.110654
v -0.378203 0.930951 0.075229
v -0.387174 0.939243 0.038133
v -0.390337 0.942357 0.000000
v -0.387174 0.939243 -0.038133
v -0.378203 0.930951 -0.075229
v -0.364776 0.920275 -0.110654
v -0.348553 0.910814 -0.144376
v -0.330876 0.905757 -0.176857
v -0.312310 0.906808 -0.208679
v -0.292531 0.913614 -0.240074
v -0.270598 0.923880 -0.270598
v -0.245469 0.934145 -0.299105
v -0.216536 0.940951 -0.324069
v -0.183934 0.942002 -0.344117
v -0.148518 0.936945 -0.358553
v -0.111521 0.927484 -0.367634
v -0.074086 0.916808 -0.372458
v -0.036886 0.908516 -0.374508
v -0.000000 0.905402 -0.375030
v 0.036886 0.908516 -0.374508
v 0.074086 0.916808 -0.372458
v 0.111521 0.927484 -0.367634
v 0.148518 0.936945 -0.358553
v 0.183934 0.942002 -0.344117
v 0.216536 0.940951 -0.324069
v 0.245469 0.934145 -0.299105
v 0.270598 0.923880 -0.270598
v 0.292531 0.913614 -0.240074
v 0.312310 0.906808 -0.208679
v 0.330876 0.905757 -0.176857
v 0.348553 0.910814 -0.144376
v 0.364776 0.920275 -0.110654
v 0.378203 0.930951 -0.075229
v 0.387174 0.939243 -0.038133
v 0.480107 0.898217 0.000000
v 0.476334 0.895471 0.046915
v 0.465608 0.888157 0.092615
v 0.449472 0.878742 0.136346
v 0.429824 0.870398 0.178039
v 0.408201 0.865939 0.218188
v 0.385261 0.866866 0.257423
v 0.360654 0.872868 0.295981
v 0.333328 0.881921 0.333328
v 0.302121 0.890975 0.368135
v 0.266365 0.896977 0.398643
v 0.226242 0.897904 0.423269
v 0.182753 0.893444 0.441204
v 0.137333 0.885100 0.452725
v 0.091315 0.875685 0.459070
v 0.045495 0.868372 0.461919
v 0.000000 0.865625 0.462686
v -0.045495 0.868372 0.461919
v -0.091315 0.875685 0.459070
v -0.137333 0.885100 0.452725
v -0.182753 0.893444 0.441204
v -0.226242 0.897904 0.423269
v -0.266365 0.896977 0.398643
v -0.302121 0.890975 0.368135
v -0.333328 0.881921 0.333328
v -0.360654 0.872868 0.295981
v -0.385261 0.866866 0.257423
v -0.408201 0.865939 0.218188
v -0.429824 0.870398 0.178039
v -0.449472 0.878742 0.136346
v -0.465608 0.888157 0.092615
v -0.476334 0.895471 0.046915
v -0.480107 0.898217 0.000000
v -0.476334 0.895471 -0.046915
v -0.465608 0.888157 -0.092615
v -0.449472 0.878742 -0.136346
v -0.429824 0.870398 -0.178039
v -0.408201 0.865939 -0.218188
v -0.385261 0.866866 -0.257423
v -0.360654 0.872868 -0.295981
v -0.333328 0.881921 -0.333328
v -0.302121 0.890975 -0.368135
v -0.266365 0.896977 -0.398643
v -0.226242 0.897904 -0.423269
v -0.182753 0.893444 -0.441204
v -0.137333 0.885100 -0.452725
v -0.091315 0.875685 -0.459070
v -0.045495 0.868372 -0.461919
v -0.000000 0.865625 -0.462686
v 0.045495 0.868372 -0.461919
v 0.091315 0.875685 -0.459070
v 0.137333 0.885100 -0.452725
v 0.182753 0.893444 -0.441204
v 0.226242 0.897904 -0.423269
v 0.266365 0.896977 -0.398643
v 0.302121 0.890975 -0.368135
v 0.333328 0.881921 -0.333328
v 0.360654 0.872868 -0.295981
v 0.385261 0.866866 -0.257423
v 0.408201 0.865939 -0.218188
v 0.429824 0.870398 -0.178039
v 0.449472 0.878742 -0.136346
v 0.465608 0.888157 -0.092615
v 0.476334 0.895471 -0.046915
v 0.563427 0.843228 0.000000
v 0.559396 0.841247 0.055096
v 0.547844 0.835969 0.108973
v 0.530181 0.829176 0.160829
v 0.508147 0.823155 0.210481
v 0.483173 0.819937 0.258261
v 0.455904 0.820606 0.304625
v 0.426087 0.824937 0.349681
v 0.392847 0.831470 0.392847
v 0.355219 0.838002 0.432836
v 0.312691 0.842333 0.467975
v 0.265527 0.843002 0.496765
v 0.214734 0.839784 0.518413
v 0.161718 0.833764 0.533114
v 0.107800 0.826970 0.541946
v 0.053815 0.821693 0.546394
v 0.000000 0.819711 0.547713
v -0.053815 0.821693 0.546394
v -0.107800 0.826970 0.541946
v -0.161718 0.833764 0.533114
v -0.214734 0.839784 0.518413
v -0.265527 0.843002 0.496765
v -0.312691 0.842333 0.467975
v -0.355219 0.838002 0.432836
v -0.392847 0.831470 0.392847
v -0.426087 0.824937 0.349681
v -0.455904 0.820606 0.304625
v -0.483173 0.819937 0.258261
v -0.508147 0.823155 0.210481
v -0.530181 0.829176 0.160829
v -0.547844 0.835969 0.108973
v -0.559396 0.841247 0.055096
v -0.563427 0.843228 0.000000
v -0.559396 0.841247 -0.055096
v -0.547844 0.835969 -0.108973
v -0.530181 0.829176 -0.160829
v -0.508147 0.823155 -0.210481
v -0.483173 0.819937 -0.258261
v -0.455904 0.820606 -0.304625
v -0.426087 0.824937 -0.349681
v -0.392847 0.831470 -0.392847
v -0.355219 0.838002 -0.432836
v -0.312691 0.842333 -0.467975
v -0.265527 0.843002 -0.496765
v -0.214734 0.839784 -0.518413
v -0.161718 0.833764 -0.533114
v -0.107800 0.826970 -0.541946
v -0.053815 0.821693 -0.546394
v -0.000000 0.819711 -0.547713
v 0.053815 0.821693 -0.546394
v 0.107800 0.826970 -0.541946
v 0.161718 0.833764 -0.533114
v 0.214734 0.839784 -0.518413
v 0.265527 0.843002 -0.496765
v 0.312691 0.842333 -0.467975
v 0.355219 0.838002 -0.432836
v 0.392847 0.831470 -0.392847
v 0.426087 0.824937 -0.349681
v 0.455904 0.820606 -0.304625
v 0.483173 0.819937 -0.258261
v 0.508147 0.823155 -0.210481
v 0.530181 0.829176 -0.160829
v 0.547844 0.835969 -0.108973
v 0.559396 0.841247 -0.055096
v 0.639249 0.778927 0.000000
v 0.635356 0.777930 0.062577
v 0.624026 0.775275 0.124126
v 0.606170 0.771856 0.183880
v 0.582931 0.768827 0.241458
v 0.555285 0.767208 0.296806
v 0.523749 0.767544 0.349958
v 0.488307 0.769723 0.400744
v 0.448584 0.773010 0.448584
v 0.404166 0.776297 0.492478
v 0.354942 0.778476 0.531209
v 0.301296 0.778813 0.563685
v 0.244086 0.777194 0.589275
v 0.184430 0.774165 0.607983
v 0.123401 0.770746 0.620381
v 0.061786 0.768091 0.627321
v 0.000000 0.767094 0.629538
v -0.061786 0.768091 0.627321
v -0.123401 0.770746 0.620381
v -0.184430 0.774165 0.607983
v -0.244086 0.777194 0.589275
v -0.301296 0.778813 0.563685
v -0.354942 0.778476 0.531209
v -0.404166 0.776297 0.492478
v -0.448584 0.773010 0.448584
v -0.488307 0.769723 0.400744
v -0.523749 0.767544 0.349958
v -0.555285 0.767208 0.296806
v -0.582931 0.768827 0.241458
v -0.606170 0.771856 0.183880
v -0.624026 0.775275 0.124126
v -0.635356 0.777930 0.062577
v -0.639249 0.778927 0.000000
v -0.635356 0.777930 -0.062577
v -0.624026 0.775275 -0.124126
v -0.606170 0.771856 -0.183880
v -0.582931 0.768827 -0.241458
v -0.555285 0.767208 -0.296806
v -0.523749 0.767544 -0.349958
v -0.488307 0.769723 -0.400744
v -0.448584 0.773010 -0.448584
v -0.404166 0.776297 -0.492478
v -0.354942 0.778476 -0.531209
v -0.301296 0.778813 -0.563685
v -0.244086 0.777194 -0.589275
v -0.184430 0.774165 -0.607983
v -0.123401 0.770746 -0.620381
v -0.061786 0.768091 -0.627321
v -0.000000 0.767094 -0.629538
v 0.061786 0.768091 -0.627321
v 0.123401 0.770746 -0.620381
v 0.184430 0.774165 -0.607983
v 0.244086 0.777194 -0.589275
v 0.301296 0.778813 -0.563685
v 0.354942 0.778476 -0.531209
v 0.404166 0.776297 -0.492478
v 0.448584 0.773010 -0.448584
v 0.488307 0.769723 -0.400744
v 0.523749 0.767544 -0.349958
v 0.555285 0.767208 -0.296806
v 0.582931 0.768827 -0.241458
v 0.606170 0.771856 -0.183880
v 0.624026 0.775275 -0.124126
v 0.635356 0.777930 -0.062577
v 0.707107 0.707107 0.000000
v 0.703702 0.707107 0.069309
v 0.693520 0.707107 0.137950
v 0.676659 0.707107 0.205262
v 0.653281 0.707107 0.270598
v 0.623613 0.707107 0.333328
v 0.587938 0.707107 0.392847
v 0.546601 0.707107 0.448584
v 0.500000 0.707107 0.500000
v 0.448584 0.707107 0.546601
v 0.392847 0.707107 0.587938
v 0.333328 0.707107 0.623613
v 0.270598 0.707107 0.653281
v 0.205262 0.707107 0.676659
v 0.137950 0.707107 0.693520
v 0.069309 0.707107 0.703702
v 0.000000 0.707107 0.707107
v -0.069309 0.707107 0.703702
v -0.137950 0.707107 0.693520
v -0.205262 0.707107 0.676659
v -0.270598 0.707107 0.653281
v -0.333328 0.707107 0.623613
v -0.392847 0.707107 0.587938
v -0.448584 0.707107 0.546601
v -0.500000 0.707107 0.500000
v -0.546601 0.707107 0.448584
v -0.587938 0.707107 0.392847
v -0.623613 0.707107 0.333328
v -0.653281 0.707107 0.270598
v -0.676659 0.707107 0.205262
v -0.693520 0.707107 0.137950
v -0.703702 0.707107 0.069309
v -0.707107 0.707107 0.000000
v -0.703702 0.707107 -0.069309
v -0.693520 0.707107 -0.137950
v -0.676659 0.707107 -0.205262
v -0.653281 0.707107 -0.270598
v -0.623613 0.707107 -0.333328
v -0.587938 0.707107 -0.392847
v -0.546601 0.707107 -0.448584
v -0.500000 0.707107 -0.500000
v -0.448584 0.707107 -0.546601
v -0.392847 0.707107 -0.587938
v -0.333328 0.707107 -0.623613
v -0.270598 0.707107 -0.653281
v -0.205262 0.707107 -0.676659
v -0.137950 0.707107 -0.693520
v -0.069309 0.707107 -0.703702
v -0.000000 0.707107 -0.707107
v 0.069309 0.707107 -0.703702
v 0.137950 0.707107 -0.693520
v 0.205262 0.707107 -0.676659
v 0.270598 0.707107 -0.653281
v 0.333328 0.707107 -0.623613
v 0.392847 0.707107 -0.587938
v 0.448584 0.707107 -0.546601
v 0.500000 0.707107 -0.500000
v 0.546601 0.707107 -0.448584
v 0.587938 0.707107 -0.392847
v 0.623613 0.707107 -0.333328
v 0.653281 0.707107 -0.270598
v 0.676659 0.707107 -0.205262
v 0.693520 0.707107 -0.137950
v 0.703702 0.707107 -0.069309
v 0.767094 0.629538 0.000000
v 0.764393 0.630356 0.075286
v 0.755937 0.632535 0.150365
v 0.740829 0.635341 0.224728
v 0.718034 0.637827 0.297419
v 0.686852 0.639155 0.367130
v 0.647280 0.638879 0.432498
v 0.600086 0.637091 0.492478
v 0.546601 0.634393 0.546601
v 0.488307 0.631696 0.595004
v 0.426425 0.629907 0.638190
v 0.361659 0.629631 0.676617
v 0.294217 0.630960 0.710303
v 0.224058 0.633446 0.738620
v 0.151249 0.636251 0.760378
v 0.076250 0.638430 0.774184
v 0.000000 0.639249 0.778927
v -0.076250 0.638430 0.774184
v -0.151249 0.636251 0.760378
v -0.224058 0.633446 0.738620
v -0.294217 0.630960 0.710303
v -0.361659 0.629631 0.676617
v -0.426425 0.629907 0.638190
v -0.488307 0.631696 0.595004
v -0.546601 0.634393 0.546601
v -0.600086 0.637091 0.492478
v -0.647280 0.638879 0.432498
v -0.686852 0.639155 0.367130
v -0.718034 0.637827 0.297419
v -0.740829 0.635341 0.224728
v -0.755937 0.632535 0.150365
v -0.764393 0.630356 0.075286
v -0.767094 0.629538 0.000000
v -0.764393 0.630356 -0.075286
v -0.755937 0.632535 -0.150365
v -0.740829 0.635341 -0.224728
v -0.718034 0.637827 -0.297419
v -0.686852 0.639155 -0.367130
v -0.647280 0.638879 -0.432498
v -0.600086 0.637091 -0.492478
v -0.546601 0.634393 -0.546601
v -0.488307 0.631696 -0.595004
v -0.426425 0.629907 -0.638190
v -0.361659 0.629631 -0.676617
v -0.294217 0.630960 -0.710303
v -0.224058 0.633446 -0.738620
v -0.151249 0.636251 -0.760378
v -0.076250 0.638430 -0.774184
v -0.000000 0.639249 -0.778927
v 0.076250 0.638430 -0.774184
v 0.151249 0.636251 -0.760378
v 0.224058 0.633446 -0.738620
v 0.294217 0.630960 -0.710303
v 0.361659 0.629631 -0.676617
v 0.426425 0.629907 -0.638190
v 0.488307 0.631696 -0.595004
v 0.546601 0.634393 -0.546601
v 0.600086 0.637091 -0.492478
v 0.647280 0.638879 -0.432498
v 0.686852 0.639155 -0.367130
v 0.718034 0.637827 -0.297419
v 0.740829 0.635341 -0.224728
v 0.755937 0.632535 -0.150365
v 0.764393 0.630356 -0.075286
v 0.819711 0.547713 0.000000
v 0.817736 0.549037 0.080540
v 0.811080 0.552564 0.161334
v 0.797862 0.557103 0.242029
v 0.775860 0.561126 0.321372
v 0.743462 0.563276 0.397389
v 0.700375 0.562829 0.467975
v 0.647785 0.559935 0.531623
v 0.587938 0.555570 0.587938
v 0.523334 0.551205 0.637685
v 0.455904 0.548311 0.682309
v 0.386516 0.547864 0.723120
v 0.315008 0.550015 0.760496
v 0.240697 0.554037 0.793472
v 0.163090 0.558577 0.819907
v 0.082457 0.562103 0.837196
v 0.000000 0.563427 0.843228
v -0.082457 0.562103 0.837196
v -0.163090 0.558577 0.819907
v -0.240697 0.554037 0.793472
v -0.315008 0.550015 0.760496
v -0.386516 0.547864 0.723120
v -0.455904 0.548311 0.682309
v -0.523334 0.551205 0.637685
v -0.587938 0.555570 0.587938
v -0.647785 0.559935 0.531623
v -0.700375 0.562829 0.467975
v -0.743462 0.563276 0.397389
v -0.775860 0.561126 0.321372
v -0.797862 0.557103 0.242029
v -0.811080 0.552564 0.161334
v -0.817736 0.549037 0.080540
v -0.819711 0.547713 0.000000
v -0.817736 0.549037 -0.080540
v -0.811080 0.552564 -0.161334
v -0.797862 0.557103 -0.242029
v -0.775860 0.561126 -0.321372
v -0.743462 0.563276 -0.397389
v -0.700375 0.562829 -0.467975
v -0.647785 0.559935 -0.531623
v -0.587938 0.555570 -0.587938
v -0.523334 0.551205 -0.637685
v -0.455904 0.548311 -0.682309
v -0.386516 0.547864 -0.723120
v -0.315008 0.550015 -0.760496
v -0.240697 0.554037 -0.793472
v -0.163090 0.558577 -0.819907
v -0.082457 0.562103 -0.837196
v -0.000000 0.563427 -0.843228
v 0.082457 0.562103 -0.837196
v 0.163090 0.558577 -0.819907
v 0.240697 0.554037 -0.793472
v 0.315008 0.550015 -0.760496
v 0.386516 0.547864 -0.723120
v 0.455904 0.548311 -0.682309
v 0.523334 0.551205 -0.637685
v 0.587938 0.555570 -0.587938
v 0.647785 0.559935 -0.531623
v 0.700375 0.562829 -0.467975
v 0.743462 0.563276 -0.397389
v 0.775860 0.561126 -0.321372
v 0.797862 0.557103 -0.242029
v 0.811080 0.552564 -0.161334
v 0.817736 0.549037 -0.080540
v 0.865625 0.462686 0.000000
v 0.864190 0.464154 0.085115
v 0.858859 0.468063 0.170838
v 0.846988 0.473096 0.256931
v 0.825435 0.477556 0.341906
v 0.791881 0.479940 0.423269
v 0.745809 0.479444 0.498333
v 0.688733 0.476236 0.565228
v 0.623613 0.471397 0.623613
v 0.553741 0.466558 0.674736
v 0.481605 0.463349 0.720773
v 0.408201 0.462854 0.763690
v 0.333087 0.465238 0.804143
v 0.255085 0.469697 0.840904
v 0.173271 0.474730 0.871092
v 0.087771 0.478639 0.891159
v 0.000000 0.480107 0.898217
v -0.087771 0.478639 0.891159
v -0.173271 0.474730 0.871092
v -0.255085 0.469697 0.840904
v -0.333087 0.465238 0.804143
v -0.408201 0.462854 0.763690
v -0.481605 0.463349 0.720773
v -0.553741 0.466558 0.674736
v -0.623613 0.471397 0.623613
v -0.688733 0.476236 0.565228
v -0.745809 0.479444 0.498333
v -0.791881 0.479940 0.423269
v -0.825435 0.477556 0.341906
v -0.846988 0.473096 0.256931
v -0.858859 0.468063 0.170838
v -0.864190 0.464154 0.085115
v -0.865625 0.462686 0.000000
v -0.864190 0.464154 -0.085115
v -0.858859 0.468063 -0.170838
v -0.846988 0.473096 -0.256931
v -0.825435 0.477556 -0.341906
v -0.791881 0.479940 -0.423269
v -0.745809 0.479444 -0.498333
v -0.688733 0.476236 -0.565228
v -0.623613 0.471397 -0.623613
v -0.553741 0.466558 -0.674736
v -0.481605 0.463349 -0.720773
v -0.408201 0.462854 -0.763690
v -0.333087 0.465238 -0.804143
v -0.255085 0.469697 -0.840904
v -0.173271 0.474730 -0.871092
v -0.087771 0.478639 -0.891159
v -0.000000 0.480107 -0.898217
v 0.087771 0.478639 -0.891159
v 0.173271 0.474730 -0.871092
v 0.255085 0.469697 -0.840904
v 0.333087 0.465238 -0.804143
v 0.408201 0.462854 -0.763690
v 0.481605 0.463349 -0.720773
v 0.553741 0.466558 -0.674736
v 0.623613 0.471397 -0.623613
v 0.688733 0.476236 -0.565228
v 0.745809 0.479444 -0.498333
v 0.791881 0.479940 -0.423269
v 0.825435 0.477556 -0.341906
v 0.846988 0.473096 -0.256931
v 0.858859 0.468063 -0.170838
v 0.864190 0.464154 -0.085115
v 0.905402 0.375030 0.000000
v 0.904141 0.376320 0.089050
v 0.899192 0.379755 0.178860
v 0.887547 0.384177 0.269234
v 0.865624 0.388095 0.358553
v 0.830772 0.390190 0.444057
v 0.782372 0.389755 0.522764
v 0.722104 0.386936 0.592615
v 0.653281 0.382683 0.653281
v 0.579591 0.378431 0.706233
v 0.503796 0.375612 0.753984
v 0.426971 0.375177 0.798806
v 0.348553 0.377271 0.841482
v 0.267142 0.381190 0.880648
v 0.181619 0.385612 0.913063
v 0.092062 0.389047 0.934720
v 0.000000 0.390337 0.942357
v -0.092062 0.389047 0.934720
v -0.181619 0.385612 0.913063
v -0.267142 0.381190 0.880648
v -0.348553 0.377271 0.841482
v -0.426971 0.375177 0.798806
v -0.503796 0.375612 0.753984
v -0.579591 0.378431 0.706233
v -0.653281 0.382683 0.653281
v -0.722104 0.386936 0.592615
v -0.782372 0.389755 0.522764
v -0.830772 0.390190 0.444057
v -0.865624 0.388095 0.358553
v -0.887547 0.384177 0.269234
v -0.899192 0.379755 0.178860
v -0.904141 0.376320 0.089050
v -0.905402 0.375030 0.000000
v -0.904141 0.376320 -0.089050
v -0.899192 0.379755 -0.178860
v -0.887547 0.384177 -0.269234
v -0.865624 0.388095 -0.358553
v -0.830772 0.390190 -0.444057
v -0.782372 0.389755 -0.522764
v -0.722104 0.386936 -0.592615
v -0.653281 0.382683 -0.653281
v -0.579591 0.378431 -0.706233
v -0.503796 0.375612 -0.753984
v -0.426971 0.375177 -0.798806
v -0.348553 0.377271 -0.841482
v -0.267142 0.381190 -0.880648
v -0.181619 0.385612 -0.913063
v -0.092062 0.389047 -0.934720
v -0.000000 0.390337 -0.942357
v 0.092062 0.389047 -0.934720
v 0.181619 0.385612 -0.913063
v 0.267142 0.381190 -0.880648
v 0.348553 0.377271 -0.841482
v 0.426971 0.375177 -0.798806
v 0.503796 0.375612 -0.753984
v 0.579591 0.378431 -0.706233
v 0.653281 0.382683 -0.653281
v 0.722104 0.386936 -0.592615
v 0.782372 0.389755 -0.522764
v 0.830772 0.390190 -0.444057
v 0.865624 0.388095 -0.358553
v 0.887547 0.384177 -0.269234
v 0.899192 0.379755 -0.178860
v 0.904141 0.376320 -0.089050
v 0.939258 0.284921 0.000000
v 0.937701 0.285825 0.092356
v 0.931916 0.288232 0.185370
v 0.919036 0.291331 0.278786
v 0.895649 0.294077 0.370990
v 0.859240 0.295545 0.459274
v 0.809250 0.295240 0.540723
v 0.747319 0.293265 0.613309
v 0.676659 0.290285 0.676659
v 0.600845 0.287305 0.732131
v 0.522572 0.285329 0.782084
v 0.442923 0.285024 0.828652
v 0.361421 0.286492 0.872546
v 0.276784 0.289238 0.912434
v 0.188010 0.292337 0.945190
v 0.095238 0.294744 0.966964
v 0.000000 0.295648 0.974622
v -0.095238 0.294744 0.966964
v -0.188010 0.292337 0.945190
v -0.276784 0.289238 0.912434
v -0.361421 0.286492 0.872546
v -0.442923 0.285024 0.828652
v -0.522572 0.285329 0.782084
v -0.600845 0.287305 0.732131
v -0.676659 0.290285 0.676659
v -0.747319 0.293265 0.613309
v -0.809250 0.295240 0.540723
v -0.859240 0.295545 0.459274
v -0.895649 0.294077 0.370990
v -0.919036 0.291331 0.278786
v -0.931916 0.288232 0.185370
v -0.937701 0.285825 0.092356
v -0.939258 0.284921 0.000000
v -0.937701 0.285825 -0.092356
v -0.931916 0.288232 -0.185370
v -0.919036 0.291331 -0.278786
v -0.895649 0.294077 -0.370990
v -0.859240 0.295545 -0.459274
v -0.809250 0.295240 -0.540723
v -0.747319 0.293265 -0.613309
v -0.676659 0.290285 -0.676659
v -0.600845 0.287305 -0.732131
v -0.522572 0.285329 -0.782084
v -0.442923 0.285024 -0.828652
v -0.361421 0.286492 -0.872546
v -0.276784 0.289238 -0.912434
v -0.188010 0.292337 -0.945190
v -0.095238 0.294744 -0.966964
v -0.000000 0.295648 -0.974622
v 0.095238 0.294744 -0.966964
v 0.188010 0.292337 -0.945190
v 0.276784 0.289238 -0.912434
v 0.361421 0.286492 -0.872546
v 0.442923 0.285024 -0.828652
v 0.522572 0.285329 -0.782084
v 0.600845 0.287305 -0.732131
v 0.676659 0.290285 -0.676659
v 0.747319 0.293265 -0.613309
v 0.809250 0.295240 -0.540723
v 0.859240 0.295545 -0.459274
v 0.895649 0.294077 -0.370990
v 0.919036 0.291331 -0.278786
v 0.931916 0.288232 -0.185370
v 0.937701 0.285825 -0.092356
v 0.966915 0.192331 0.000000
v 0.964585 0.192796 0.095003
v 0.956734 0.194035 0.190306
v 0.941142 0.195629 0.285492
v 0.915189 0.197041 0.379084
v 0.876973 0.197796 0.468752
v 0.826148 0.197639 0.552015
v 0.764114 0.196623 0.627092
v 0.693520 0.195090 0.693520
v 0.617315 0.193558 0.752200
v 0.537776 0.192541 0.804838
v 0.455926 0.192384 0.852978
v 0.371577 0.193139 0.897066
v 0.283921 0.194552 0.935964
v 0.192377 0.196146 0.967146
v 0.097264 0.197384 0.987540
v 0.000000 0.197849 0.994656
v -0.097264 0.197384 0.987540
v -0.192377 0.196146 0.967146
v -0.283921 0.194552 0.935964
v -0.371577 0.193139 0.897066
v -0.455926 0.192384 0.852978
v -0.537776 0.192541 0.804838
v -0.617315 0.193558 0.752200
v -0.693520 0.195090 0.693520
v -0.764114 0.196623 0.627092
v -0.826148 0.197639 0.552015
v -0.876973 0.197796 0.468752
v -0.915189 0.197041 0.379084
v -0.941142 0.195629 0.285492
v -0.956734 0.194035 0.190306
v -0.964585 0.192796 0.095003
v -0.966915 0.192331 0.000000
v -0.964585 0.192796 -0.095003
v -0.956734 0.194035 -0.190306
v -0.941142 0.195629 -0.285492
v -0.915189 0.197041 -0.379084
v -0.876973 0.197796 -0.468752
v -0.826148 0.197639 -0.552015
v -0.764114 0.196623 -0.627092
v -0.693520 0.195090 -0.693520
v -0.617315 0.193558 -0.752200
v -0.537776 0.192541 -0.804838
v -0.455926 0.192384 -0.852978
v -0.371577 0.193139 -0.897066
v -0.283921 0.194552 -0.935964
v -0.192377 0.196146 -0.967146
v -0.097264 0.197384 -0.987540
v -0.000000 0.197849 -0.994656
v 0.097264 0.197384 -0.987540
v 0.192377 0.196146 -0.967146
v 0.283921 0.194552 -0.935964
v 0.371577 0.193139 -0.897066
v 0.455926 0.192384 -0.852978
v 0.537776 0.192541 -0.804838
v 0.617315 0.193558 -0.752200
v 0.693520 0.195090 -0.693520
v 0.764114 0.196623 -0.627092
v 0.826148 0.197639 -0.552015
v 0.876973 0.197796 -0.468752
v 0.915189 0.197041 -0.379084
v 0.941142 0.195629 -0.285492
v 0.956734 0.194035 -0.190306
v 0.964585 0.192796 -0.095003
v 0.987568 0.097267 0.000000
v 0.984090 0.097393 0.096924
v 0.973204 0.097730 0.193582
v 0.953754 0.098163 0.289318
v 0.924407 0.098548 0.382902
v 0.884263 0.098753 0.472648
v 0.833317 0.098710 0.556805
v 0.772559 0.098434 0.634023
v 0.703702 0.098017 0.703702
v 0.628654 0.097600 0.766017
v 0.548985 0.097324 0.821615
v 0.465605 0.097281 0.871086
v 0.378780 0.097487 0.914455
v 0.288456 0.097871 0.950910
v 0.194720 0.098304 0.978921
v 0.098166 0.098641 0.996695
v 0.000000 0.098767 1.002802
v -0.098166 0.098641 0.996695
v -0.194720 0.098304 0.978921
v -0.288456 0.097871 0.950910
v -0.378780 0.097487 0.914455
v -0.465605 0.097281 0.871086
v -0.548985 0.097324 0.821615
v -0.628654 0.097600 0.766017
v -0.703702 0.098017 0.703702
v -0.772559 0.098434 0.634023
v -0.833317 0.098710 0.556805
v -0.884263 0.098753 0.472648
v -0.924407 0.098548 0.382902
v -0.953754 0.098163 0.289318
v -0.973204 0.097730 0.193582
v -0.984090 0.097393 0.096924
v -0.987568 0.097267 0.000000
v -0.984090 0.097393 -0.096924
v -0.973204 0.097730 -0.193582
v -0.953754 0.098163 -0.289318
v -0.924407 0.098548 -0.382902
v -0.884263 0.098753 -0.472648
v -0.833317 0.098710 -0.556805
v -0.772559 0.098434 -0.634023
v -0.703702 0.098017 -0.703702
v -0.628654 0.097600 -0.766017
v -0.548985 0.097324 -0.821615
v -0.465605 0.097281 -0.871086
v -0.378780 0.097487 -0.914455
v -0.288456 0.097871 -0.950910
v -0.194720 0.098304 -0.978921
v -0.098166 0.098641 -0.996695
v -0.000000 0.098767 -1.002802
v 0.098166 0.098641 -0.996695
v 0.194720 0.098304 -0.978921
v 0.288456 0.097871 -0.950910
v 0.378780 0.097487 -0.914455
v 0.465605 0.097281 -0.871086
v 0.548985 0.097324 -0.821615
v 0.628654 0.097600 -0.766017
v 0.703702 0.098017 -0.703702
v 0.772559 0.098434 -0.634023
v 0.833317 0.098710 -0.556805
v 0.884263 0.098753 -0.472648
v 0.924407 0.098548 -0.382902
v 0.953754 0.098163 -0.289318
v 0.973204 0.097730 -0.193582
v 0.984090 0.097393 -0.096924
v 1.000000 0.000000 0.000000
v 0.995185 0.000000 0.098017
v 0.980785 0.000000 0.195090
v 0.956940 0.000000 0.290285
v 0.923880 0.000000 0.382683
v 0.881921 0.000000 0.471397
v 0.831470 0.000000 0.555570
v 0.773010 0.000000 0.634393
v 0.707107 0.000000 0.707107
v 0.634393 0.000000 0.773010
v 0.555570 0.000000 0.831470
v 0.471397 0.000000 0.881921
v 0.382683 0.000000 0.923880
v 0.290285 0.000000 0.956940
v 0.195090 0.000000 0.980785
v 0.098017 0.000000 0.995185
v 0.000000 0.000000 1.000000
v -0.098017 0.000000 0.995185
v -0.195090 0.000000 0.980785
v -0.290285 0.000000 0.956940
v -0.382683 0.000000 0.923880
v -0.471397 0.000000 0.881921
v -0.555570 0.000000 0.831470
v -0.634393 0.000000 0.773010
v -0.707107 0.000000 0.707107
v -0.773010 0.000000 0.634393
v -0.831470 0.000000 0.555570
v -0.881921 0.000000 0.471397
v -0.923880 0.000000 0.382683
v -0.956940 0.000000 0.290285
v -0.980785 0.000000 0.195090
v -0.995185 0.000000 0.098017
v -1.000000 0.000000 0.000000
v -0.995185 0.000000 -0.098017
v -0.980785 0.000000 -0.195090
v -0.956940 0.000000 -0.290285
v -0.923880 0.000000 -0.382683
v -0.881921 0.000000 -0.471397
v -0.831470 0.000000 -0.555570
v -0.773010 0.000000 -0.634393
v -0.707107 0.000000 -0.707107
v -0.634393 0.000000 -0.773010
v -0.555570 0.000000 -0.831470
v -0.471397 0.000000 -0.881921
v -0.382683 0.000000 -0.923880
v -0.290285 0.000000 -0.956940
v -0.195090 0.000000 -0.980785
v -0.098017 0.000000 -0.995185
v -0.000000 0.000000 -1.000000
v 0.098017 0.000000 -0.995185
v 0.195090 0.000000 -0.980785
v 0.290285 0.000000 -0.956940
v 0.382683 0.000000 -0.923880
v 0.471397 0.000000 -0.881921
v 0.555570 0.000000 -0.831470
v 0.634393 0.000000 -0.773010
v 0.707107 0.000000 -0.707107
v 0.773010 0.000000 -0.634393
v 0.831470 0.000000 -0.555570
v 0.881921 0.000000 -0.471397
v 0.923880 0.000000 -0.382683
v 0.956940 0.000000 -0.290285
v 0.980785 0.000000 -0.195090
v 0.995185 0.000000 -0.098017
v 1.002802 -0.098767 0.000000
v 0.996695 -0.098641 0.098166
v 0.978921 -0.098304 0.194720
v 0.950910 -0.097871 0.288456
v 0.914455 -0.097487 0.378780
v 0.871086 -0.097281 0.465605
v 0.821615 -0.097324 0.548985
v 0.766017 -0.097600 0.628654
v 0.703702 -0.098017 0.703702
v 0.634023 -0.098434 0.772559
v 0.556805 -0.098710 0.833317
v 0.472648 -0.098753 0.884263
v 0.382902 -0.098548 0.924407
v 0.289318 -0.098163 0.953754
v 0.193582 -0.097730 0.973204
v 0.096924 -0.097393 0.984090
v 0.000000 -0.097267 0.987568
v -0.096924 -0.097393 0.984090
v -0.193582 -0.097730 0.973204
v -0.289318 -0.098163 0.953754
v -0.382902 -0.098548 0.924407
v -0.472648 -0.098753 0.884263
v -0.556805 -0.098710 0.833317
v -0.634023 -0.098434 0.772559
v -0.703702 -0.098017 0.703702
v -0.766017 -0.097600 0.628654
v -0.821615 -0.097324 0.548985
v -0.871086 -0.097281 0.465605
v -0.914455 -0.097487 0.378780
v -0.950910 -0.097871 0.288456
v -0.978921 -0.098304 0.194720
v -0.996695 -0.098641 0.098166
v -1.002802 -0.098767 0.000000
v -0.996695 -0.098641 -0.098166
v -0.978921 -0.098304 -0.194720
v -0.950910 -0.097871 -0.288456
v -0.914455 -0.097487 -0.378780
v -0.871086 -0.097281 -0.465605
v -0.821615 -0.097324 -0.548985
v -0.766017 -0.097600 -0.628654
v -0.703702 -0.098017 -0.703702
v -0.634023 -0.098434 -0.772559
v -0.556805 -0.098710 -0.833317
v -0.472648 -0.098753 -0.884263
v -0.382902 -0.098548 -0.924407
v -0.289318 -0.098163 -0.953754
v -0.193582 -0.097730 -0.973204
v -0.096924 -0.097393 -0.984090
v -0.000000 -0.097267 -0.987568
v 0.096924 -0.097393 -0.984090
v 0.193582 -0.097730 -0.973204
v 0.289318 -0.098163 -0.953754
v 0.382902 -0.098548 -0.924407
v 0.472648 -0.098753 -0.884263
v 0.556805 -0.098710 -0.833317
v 0.634023 -0.098434 -0.772559
v 0.703702 -0.098017 -0.703702
v 0.766017 -0.097600 -0.628654
v 0.821615 -0.097324 -0.548985
v 0.871086 -0.097281 -0.465605
v 0.914455 -0.097487 -0.378780
v 0.950910 -0.097871 -0.288456
v 0.978921 -0.098304 -0.194720
v 0.996695 -0.098641 -0.098166
v 0.994656 -0.197849 0.000000
v 0.987540 -0.197384 0.097264
v 0.967146 -0.196146 0.192377
v 0.935964 -0.194552 0.283921
v 0.897066 -0.193139 0.371577
v 0.852978 -0.192384 0.455926
v 0.804838 -0.192541 0.537776
v 0.752200 -0.193558 0.617315
v 0.693520 -0.195090 0.693520
v 0.627092 -0.196623 0.764114
v 0.552015 -0.197639 0.826148
v 0.468752 -0.197796 0.876973
v 0.379084 -0.197041 0.915189
v 0.285492 -0.195629 0.941142
v 0.190306 -0.194035 0.956734
v 0.095003 -0.192796 0.964585
v 0.000000 -0.192331 0.966915
v -0.095003 -0.192796 0.964585
v -0.190306 -0.194035 0.956734
v -0.285492 -0.195629 0.941142
v -0.379084 -0.197041 0.915189
v -0.468752 -0.197796 0.876973
v -0.552015 -0.197639 0.826148
v -0.627092 -0.196623 0.764114
v -0.693520 -0.195090 0.693520
v -0.752200 -0.193558 0.617315
v -0.804838 -0.192541 0.537776
v -0.852978 -0.192384 0.455926
v -0.897066 -0.193139 0.371577
v -0.935964 -0.194552 0.283921
v -0.967146 -0.196146 0.192377
v -0.987540 -0.197384 0.097264
v -0.994656 -0.197849 0.000000
v -0.987540 -0.197384 -0.097264
v -0.967146 -0.196146 -0.192377
v -0.935964 -0.194552 -0.283921
v -0.897066 -0.193139 -0.371577
v -0.852978 -0.192384 -0.455926
v -0.804838 -0.192541 -0.537776
v -0.752200 -0.193558 -0.617315
v -0.693520 -0.195090 -0.693520
v -0.627092 -0.196623 -0.764114
v -0.552015 -0.197639 -0.826148
v -0.468752 -0.197796 -0.876973
v -0.379084 -0.197041 -0.915189
v -0.285492 -0.195629 -0.941142
v -0.190306 -0.194035 -0.956734
v -0.095003 -0.192796 -0.964585
v -0.000000 -0.192331 -0.966915
v 0.095003 -0.192796 -0.964585
v 0.190306 -0.194035 -0.956734
v 0.285492 -0.195629 -0.941142
v 0.379084 -0.197041 -0.915189
v 0.468752 -0.197796 -0.876973
v 0.552015 -0.197639 -0.826148
v 0.627092 -0.196623 -0.764114
v 0.693520 -0.195090 -0.693520
v 0.752200 -0.193558 -0.617315
v 0.804838 -0.192541 -0.537776
v 0.852978 -0.192384 -0.455926
v 0.897066 -0.193139 -0.371577
v 0.935964 -0.194552 -0.283921
v 0.967146 -0.196146 -0.192377
v 0.987540 -0.197384 -0.097264
v 0.974622 -0.295648 0.000000
v 0.966964 -0.294744 0.095238
v 0.945190 -0.292337 0.188010
v 0.912434 -0.289238 0.276784
v 0.872546 -0.286492 0.361421
v 0.828652 -0.285024 0.442923
v 0.782084 -0.285329 0.522572
v 0.732131 -0.287305 0.600845
v 0.676659 -0.290285 0.676659
v 0.613309 -0.293265 0.747319
v 0.540723 -0.295240 0.809250
v 0.459274 -0.295545 0.859240
v 0.370990 -0.294077 0.895649
v 0.278786 -0.291331 0.919036
v 0.185370 -0.288232 0.931916
v 0.092356 -0.285825 0.937701
v 0.000000 -0.284921 0.939258
v -0.092356 -0.285825 0.937701
v -0.185370 -0.288232 0.931916
v -0.278786 -0.291331 0.919036
v -0.370990 -0.294077 0.895649
v -0.459274 -0.295545 0.859240
v -0.540723 -0.295240 0.809250
v -0.613309 -0.293265 0.747319
v -0.676659 -0.290285 0.676659
v -0.732131 -0.287305 0.600845
v -0.782084 -0.285329 0.522572
v -0.828652 -0.285024 0.442923
v -0.872546 -0.286492 0.361421
v -0.912434 -0.289238 0.276784
v -0.945190 -0.292337 0.188010
v -0.966964 -0.294744 0.095238
v -0.974622 -0.295648 0.000000
v -0.966964 -0.294744 -0.095238
v -0.945190 -0.292337 -0.188010
v -0.912434 -0.289238 -0.276784
v -0.872546 -0.286492 -0.361421
v -0.828652 -0.285024 -0.442923
v -0.782084 -0.285329 -0.522572
v -0.732131 -0.287305 -0.600845
v -0.676659 -0.290285 -0.676659
v -0.613309 -0.293265 -0.747319
v -0.540723 -0.295240 -0.809250
v -0.459274 -0.295545 -0.859240
v -0.370990 -0.294077 -0.895649
v -0.278786 -0.291331 -0.919036
v -0.185370 -0.288232 -0.931916
v -0.092356 -0.285825 -0.937701
v -0.000000 -0.284921 -0.939258
v 0.092356 -0.285825 -0.937701
v 0.185370 -0.288232 -0.931916
v 0.278786 -0.291331 -0.919036
v 0.370990 -0.294077 -0.895649
v 0.459274 -0.295545 -0.859240
v 0.540723 -0.295240 -0.809250
v 0.613309 -0.293265 -0.747319
v 0.676659 -0.290285 -0.676659
v 0.732131 -0.287305 -0.600845
v 0.782084 -0.285329 -0.522572
v 0.828652 -0.285024 -0.442923
v 0.872546 -0.286492 -0.361421
v 0.912434 -0.289238 -0.276784
v 0.945190 -0.292337 -0.188010
v 0.966964 -0.294744 -0.095238
v 0.942357 -0.390337 0.000000
v 0.934720 -0.389047 0.092062
v 0.913063 -0.385612 0.181619
v 0.880648 -0.381190 0.267142
v 0.841482 -0.377271 0.348553
v 0.798806 -0.375177 0.426971
v 0.753984 -0.375612 0.503796
v 0.706233 -0.378431 0.579591
v 0.653281 -0.382683 0.653281
v 0.592615 -0.386936 0.722104
v 0.522764 -0.389755 0.782372
v 0.444057 -0.390190 0.830772
v 0.358553 -0.388095 0.865624
v 0.269234 -0.384177 0.887547
v 0.178860 -0.379755 0.899192
v 0.089050 -0.376320 0.904141
v 0.000000 -0.375030 0.905402
v -0.089050 -0.376320 0.904141
v -0.178860 -0.379755 0.899192
v -0.269234 -0.384177 0.887547
v -0.358553 -0.388095 0.865624
v -0.444057 -0.390190 0.830772
v -0.522764 -0.389755 0.782372
v -0.592615 -0.386936 0.722104
v -0.653281 -0.382683 0.653281
v -0.706233 -0.378431 0.579591
v -0.753984 -0.375612 0.503796
v -0.798806 -0.375177 0.426971
v -0.841482 -0.377271 0.348553
v -0.880648 -0.381190 0.267142
v -0.913063 -0.385612 0.181619
v -0.934720 -0.389047 0.092062
v -0.942357 -0.390337 0.000000
v -0.934720 -0.389047 -0.092062
v -0.913063 -0.385612 -0.181619
v -0.880648 -0.381190 -0.267142
v -0.841482 -0.377271 -0.348553
v -0.798806 -0.375177 -0.426971
v -0.753984 -0.375612 -0.503796
v -0.706233 -0.378431 -0.579591
v -0.653281 -0.382683 -0.653281
v -0.592615 -0.386936 -0.722104
v -0.522764 -0.389755 -0.782372
v -0.444057 -0.390190 -0.830772
v -0.358553 -0.388095 -0.865624
v -0.269234 -0.384177 -0.887547
v -0.178860 -0.379755 -0.899192
v -0.089050 -0.376320 -0.904141
v -0.000000 -0.375030 -0.905402
v 0.089050 -0.376320 -0.904141
v 0.178860 -0.379755 -0.899192
v 0.269234 -0.384177 -0.887547
v 0.358553 -0.388095 -0.865624
v 0.444057 -0.390190 -0.830772
v 0.522764 -0.389755 -0.782372
v 0.592615 -0.386936 -0.722104
v 0.653281 -0.382683 -0.653281
v 0.706233 -0.378431 -0.579591
v 0.753984 -0.375612 -0.503796
v 0.798806 -0.375177 -0.426971
v 0.841482 -0.377271 -0.348553
v 0.880648 -0.381190 -0.267142
v 0.913063 -0.385612 -0.181619
v 0.934720 -0.389047 -0.092062
v 0.898217 -0.480107 0.000000
v 0.891159 -0.478639 0.087771
v 0.871092 -0.474730 0.173271
v 0.840904 -0.469697 0.255085
v 0.804143 -0.465238 0.333087
v 0.763690 -0.462854 0.408201
v 0.720773 -0.463349 0.481605
v 0.674736 -0.466558 0.553741
v 0.623613 -0.471397 0.623613
v 0.565228 -0.476236 0.688733
v 0.498333 -0.479444 0.745809
v 0.423269 -0.479940 0.791881
v 0.341906 -0.477556 0.825435
v 0.256931 -0.473096 0.846988
v 0.170838 -0.468063 0.858859
v 0.085115 -0.464154 0.864190
v 0.000000 -0.462686 0.865625
v -0.085115 -0.464154 0.864190
v -0.170838 -0.468063 0.858859
v -0.256931 -0.473096 0.846988
v -0.341906 -0.477556 0.825435
v -0.423269 -0.479940 0.791881
v -0.498333 -0.479444 0.745809
v -0.565228 -0.476236 0.688733
v -0.623613 -0.471397 0.623613
v -0.674736 -0.466558 0.553741
v -0.720773 -0.463349 0.481605
v -0.763690 -0.462854 0.408201
v -0.804143 -0.465238 0.333087
v -0.840904 -0.469697 0.255085
v -0.871092 -0.474730 0.173271
v -0.891159 -0.478639 0.087771
v -0.898217 -0.480107 0.000000
v -0.891159 -0.478639 -0.087771
v -0.871092 -0.474730 -0.173271
v -0.840904 -0.469697 -0.255085
v -0.804143 -0.465238 -0.333087
v -0.763690 -0.462854 -0.408201
v -0.720773 -0.463349 -0.481605
v -0.674736 -0.466558 -0.553741
v -0.623613 -0.471397 -0.623613
v -0.565228 -0.476236 -0.688733
v -0.498333 -0.479444 -0.745809
v -0.423269 -0.479940 -0.791881
v -0.341906 -0.477556 -0.825435
v -0.256931 -0.473096 -0.846988
v -0.170838 -0.468063 -0.858859
v -0.085115 -0.464154 -0.864190
v -0.000000 -0.462686 -0.865625
v 0.085115 -0.464154 -0.864190
v 0.170838 -0.468063 -0.858859
v 0.256931 -0.473096 -0.846988
v 0.341906 -0.477556 -0.825435
v 0.423269 -0.479940 -0.791881
v 0.498333 -0.479444 -0.745809
v 0.565228 -0.476236 -0.688733
v 0.623613 -0.471397 -0.623613
v 0.674736 -0.466558 -0.553741
v 0.720773 -0.463349 -0.481605
v 0.763690 -0.462854 -0.408201
v 0.804143 -0.465238 -0.333087
v 0.840904 -0.469697 -0.255085
v 0.871092 -0.474730 -0.173271
v 0.891159 -0.478639 -0.087771
v 0.843228 -0.563427 0.000000
v 0.837196 -0.562103 0.082457
v 0.819907 -0.558577 0.163090
v 0.793472 -0.554037 0.240697
v 0.760496 -0.550015 0.315008
v 0.723120 -0.547864 0.386516
v 0.682309 -0.548311 0.455904
v 0.637685 -0.551205 0.523334
v 0.587938 -0.555570 0.587938
v 0.531623 -0.559935 0.647785
v 0.467975 -0.562829 0.700375
v 0.397389 -0.563276 0.743462
v 0.321372 -0.561126 0.775860
v 0.242029 -0.557103 0.797862
v 0.161334 -0.552564 0.811080
v 0.080540 -0.549037 0.817736
v 0.000000 -0.547713 0.819711
v -0.080540 -0.549037 0.817736
v -0.161334 -0.552564 0.811080
v -0.242029 -0.557103 0.797862
v -0.321372 -0.561126 0.775860
v -0.397389 -0.563276 0.743462
v -0.467975 -0.562829 0.700375
v -0.531623 -0.559935 0.647785
v -0.587938 -0.555570 0.587938
v -0.637685 -0.551205 0.523334
v -0.682309 -0.548311 0.455904
v -0.723120 -0.547864 0.386516
v -0.760496 -0.550015 0.315008
v -0.793472 -0.554037 0.240697
v -0.819907 -0.558577 0.163090
v -0.837196 -0.562103 0.082457
v -0.843228 -0.563427 0.000000
v -0.837196 -0.562103 -0.082457
v -0.819907 -0.558577 -0.163090
v -0.793472 -0.554037 -0.240697
v -0.760496 -0.550015 -0.315008
v -0.723120 -0.547864 -0.386516
v -0.682309 -0.548311 -0.455904
v -0.637685 -0.551205 -0.523334
v -0.587938 -0.555570 -0.587938
v -0.531623 -0.559935 -0.647785
v -0.467975 -0.562829 -0.700375
v -0.397389 -0.563276 -0.743462
v -0.321372 -0.561126 -0.775860
v -0.242029 -0.557103 -0.797862
v -0.161334 -0.552564 -0.811080
v -0.080540 -0.549037 -0.817736
v -0.000000 -0.547713 -0.819711
v 0.080540 -0.549037 -0.817736
v 0.161334 -0.552564 -0.811080
v 0.242029 -0.557103 -0.797862
v 0.321372 -0.561126 -0.775860
v 0.397389 -0.563276 -0.743462
v 0.467975 -0.562829 -0.700375
v 0.531623 -0.559935 -0.647785
v 0.587938 -0.555570 -0.587938
v 0.637685 -0.551205 -0.523334
v 0.682309 -0.548311 -0.455904
v 0.723120 -0.547864 -0.386516
v 0.760496 -0.550015 -0.315008
v 0.793472 -0.554037 -0.240697
v 0.819907 -0.558577 -0.163090
v 0.837196 -0.562103 -0.082457
v 0.778927 -0.639249 0.000000
v 0.774184 -0.638430 0.076250
v 0.760378 -0.636251 0.151249
v 0.738620 -0.633446 0.224058
v 0.710303 -0.630960 0.294217
v 0.676617 -0.629631 0.361659
v 0.638190 -0.629907 0.426425
v 0.595004 -0.631696 0.488307
v 0.546601 -0.634393 0.546601
v 0.492478 -0.637091 0.600086
v 0.432498 -0.638879 0.647280
v 0.367130 -0.639155 0.686852
v 0.297419 -0.637827 0.718034
v 0.224728 -0.635341 0.740829
v 0.150365 -0.632535 0.755937
v 0.075286 -0.630356 0.764393
v 0.000000 -0.629538 0.767094
v -0.075286 -0.630356 0.764393
v -0.150365 -0.632535 0.755937
v -0.224728 -0.635341 0.740829
v -0.297419 -0.637827 0.718034
v -0.367130 -0.639155 0.686852
v -0.432498 -0.638879 0.647280
v -0.492478 -0.637091 0.600086
v -0.546601 -0.634393 0.546601
v -0.595004 -0.631696 0.488307
v -0.638190 -0.629907 0.426425
v -0.676617 -0.629631 0.361659
v -0.710303 -0.630960 0.294217
v -0.738620 -0.633446 0.224058
v -0.760378 -0.636251 0.151249
v -0.774184 -0.638430 0.076250
v -0.778927 -0.639249 0.000000
v -0.774184 -0.638430 -0.076250
v -0.760378 -0.636251 -0.151249
v -0.738620 -0.633446 -0.224058
v -0.710303 -0.630960 -0.294217
v -0.676617 -0.629631 -0.361659
v -0.638190 -0.629907 -0.426425
v -0.595004 -0.631696 -0.488307
v -0.546601 -0.634393 -0.546601
v -0.492478 -0.637091 -0.600086
v -0.432498 -0.638879 -0.647280
v -0.367130 -0.639155 -0.686852
v -0.297419 -0.637827 -0.718034
v -0.224728 -0.635341 -0.740829
v -0.150365 -0.632535 -0.755937
v -0.075286 -0.630356 -0.764393
v -0.000000 -0.629538 -0.767094
v 0.075286 -0.630356 -0.764393
v 0.150365 -0.632535 -0.755937
v 0.224728 -0.635341 -0.740829
v 0.297419 -0.637827 -0.718034
v 0.367130 -0.639155 -0.686852
v 0.432498 -0.638879 -0.647280
v 0.492478 -0.637091 -0.600086
v 0.546601 -0.634393 -0.546601
v 0.595004 -0.631696 -0.488307
v 0.638190 -0.629907 -0.426425
v 0.676617 -0.629631 -0.361659
v 0.710303 -0.630960 -0.294217
v 0.738620 -0.633446 -0.224058
v 0.760378 -0.636251 -0.151249
v 0.774184 -0.638430 -0.076250
v 0.707107 -0.707107 0.000000
v 0.703702 -0.707107 0.069309
v 0.693520 -0.707107 0.137950
v 0.676659 -0.707107 0.205262
v 0.653281 -0.707107 0.270598
v 0.623613 -0.707107 0.333328
v 0.587938 -0.707107 0.392847
v 0.546601 -0.707107 0.448584
v 0.500000 -0.707107 0.500000
v 0.448584 -0.707107 0.546601
v 0.392847 -0.707107 0.587938
v 0.333328 -0.707107 0.623613
v 0.270598 -0.707107 0.653281
v 0.205262 -0.707107 0.676659
v 0.137950 -0.707107 0.693520
v 0.069309 -0.707107 0.703702
v 0.000000 -0.707107 0.707107
v -0.069309 -0.707107 0.703702
v -0.137950 -0.707107 0.693520
v -0.205262 -0.707107 0.676659
v -0.270598 -0.707107 0.653281
v -0.333328 -0.707107 0.623613
v -0.392847 -0.707107 0.587938
v -0.448584 -0.707107 0.546601
v -0.500000 -0.707107 0.500000
v -0.546601 -0.707107 0.448584
v -0.587938 -0.707107 0.392847
v -0.623613 -0.707107 0.333328
v -0.653281 -0.707107 0.270598
v -0.676659 -0.707107 0.205262
v -0.693520 -0.707107 0.137950
v -0.703702 -0.707107 0.069309
v -0.707107 -0.707107 0.000000
v -0.703702 -0.707107 -0.069309
v -0.693520 -0.707107 -0.137950
v -0.676659 -0.707107 -0.205262
v -0.653281 -0.707107 -0.270598
v -0.623613 -0.707107 -0.333328
v -0.587938 -0.707107 -0.392847
v -0.546601 -0.707107 -0.448584
v -0.500000 -0.707107 -0.500000
v -0.448584 -0.707107 -0.546601
v -0.392847 -0.707107 -0.587938
v -0.333328 -0.707107 -0.623613
v -0.270598 -0.707107 -0.653281
v -0.205262 -0.707107 -0.676659
v -0.137950 -0.707107 -0.693520
v -0.069309 -0.707107 -0.703702
v -0.000000 -0.707107 -0.707107
v 0.069309 -0.707107 -0.703702
v 0.137950 -0.707107 -0.693520
v 0.205262 -0.707107 -0.676659
v 0.270598 -0.707107 -0.653281
v 0.333328 -0.707107 -0.623613
v 0.392847 -0.707107 -0.587938
v 0.448584 -0.707107 -0.546601
v 0.500000 -0.707107 -0.500000
v 0.546601 -0.707107 -0.448584
v 0.587938 -0.707107 -0.392847
v 0.623613 -0.707107 -0.333328
v 0.653281 -0.707107 -0.270598
v 0.676659 -0.707107 -0.205262
v 0.693520 -0.707107 -0.137950
v 0.703702 -0.707107 -0.069309
v 0.629538 -0.767094 0.000000
v 0.627321 -0.768091 0.061786
v 0.620381 -0.770746 0.123401
v 0.607983 -0.774165 0.184430
v 0.589275 -0.777194 0.244086
v 0.563685 -0.778813 0.301296
v 0.531209 -0.778476 0.354942
v 0.492478 -0.776297 0.404166
v 0.448584 -0.773010 0.448584
v 0.400744 -0.769723 0.488307
v 0.349958 -0.767544 0.523749
v 0.296806 -0.767208 0.555285
v 0.241458 -0.768827 0.582931
v 0.183880 -0.771856 0.606170
v 0.124126 -0.775275 0.624026
v 0.062577 -0.777930 0.635356
v 0.000000 -0.778927 0.639249
v -0.062577 -0.777930 0.635356
v -0.124126 -0.775275 0.624026
v -0.183880 -0.771856 0.606170
v -0.241458 -0.768827 0.582931
v -0.296806 -0.767208 0.555285
v -0.349958 -0.767544 0.523749
v -0.400744 -0.769723 0.488307
v -0.448584 -0.773010 0.448584
v -0.492478 -0.776297 0.404166
v -0.531209 -0.778476 0.354942
v -0.563685 -0.778813 0.301296
v -0.589275 -0.777194 0.244086
v -0.607983 -0.774165 0.184430
v -0.620381 -0.770746 0.123401
v -0.627321 -0.768091 0.061786
v -0.629538 -0.767094 0.000000
v -0.627321 -0.768091 -0.061786
v -0.620381 -0.770746 -0.123401
v -0.607983 -0.774165 -0.184430
v -0.589275 -0.777194 -0.244086
v -0.563685 -0.778813 -0.301296
v -0.531209 -0.778476 -0.354942
v -0.492478 -0.776297 -0.404166
v -0.448584 -0.773010 -0.448584
v -0.400744 -0.769723 -0.488307
v -0.349958 -0.767544 -0.523749
v -0.296806 -0.767208 -0.555285
v -0.241458 -0.768827 -0.582931
v -0.183880 -0.771856 -0.606170
v -0.124126 -0.775275 -0.624026
v -0.062577 -0.777930 -0.635356
v -0.000000 -0.778927 -0.639249
v 0.062577 -0.777930 -0.635356
v 0.124126 -0.775275 -0.624026
v 0.183880 -0.771856 -0.606170
v 0.241458 -0.768827 -0.582931
v 0.296806 -0.767208 -0.555285
v 0.349958 -0.767544 -0.523749
v 0.400744 -0.769723 -0.488307
v 0.448584 -0.773010 -0.448584
v 0.492478 -0.776297 -0.404166
v 0.531209 -0.778476 -0.354942
v 0.563685 -0.778813 -0.301296
v 0.589275 -0.777194 -0.244086
v 0.607983 -0.774165 -0.184430
v 0.620381 -0.770746 -0.123401
v 0.627321 -0.768091 -0.061786
v 0.547713 -0.819711 0.000000
v 0.546394 -0.821693 0.053815
v 0.541946 -0.826970 0.107800
v 0.533114 -0.833764 0.161718
v 0.518413 -0.839784 0.214734
v 0.496765 -0.843002 0.265527
v 0.467975 -0.842333 0.312691
v 0.432836 -0.838002 0.355219
v 0.392847 -0.831470 0.392847
v 0.349681 -0.824937 0.426087
v 0.304625 -0.820606 0.455904
v 0.258261 -0.819937 0.483173
v 0.210481 -0.823155 0.508147
v 0.160829 -0.829176 0.530181
v 0.108973 -0.835969 0.547844
v 0.055096 -0.841247 0.559396
v 0.000000 -0.843228 0.563427
v -0.055096 -0.841247 0.559396
v -0.108973 -0.835969 0.547844
v -0.160829 -0.829176 0.530181
v -0.210481 -0.823155 0.508147
v -0.258261 -0.819937 0.483173
v -0.304625 -0.820606 0.455904
v -0.349681 -0.824937 0.426087
v -0.392847 -0.831470 0.392847
v -0.432836 -0.838002 0.355219
v -0.467975 -0.842333 0.312691
v -0.496765 -0.843002 0.265527
v -0.518413 -0.839784 0.214734
v -0.533114 -0.833764 0.161718
v -0.541946 -0.826970 0.107800
v -0.546394 -0.821693 0.053815
v -0.547713 -0.819711 0.000000
v -0.546394 -0.821693 -0.053815
v -0.541946 -0.826970 -0.107800
v -0.533114 -0.833764 -0.161718
v -0.518413 -0.839784 -0.214734
v -0.496765 -0.843002 -0.265527
v -0.467975 -0.842333 -0.312691
v -0.432836 -0.838002 -0.355219
v -0.392847 -0.831470 -0.392847
v -0.349681 -0.824937 -0.426087
v -0.304625 -0.820606 -0.455904
v -0.258261 -0.819937 -0.483173
v -0.210481 -0.823155 -0.508147
v -0.160829 -0.829176 -0.530181
v -0.108973 -0.835969 -0.547844
v -0.055096 -0.841247 -0.559396
v -0.000000 -0.843228 -0.563427
v 0.055096 -0.841247 -0.559396
v 0.108973 -0.835969 -0.547844
v 0.160829 -0.829176 -0.530181
v 0.210481 -0.823155 -0.508147
v 0.258261 -0.819937 -0.483173
v 0.304625 -0.820606 -0.455904
v 0.349681 -0.824937 -0.426087
v 0.392847 -0.831470 -0.392847
v 0.432836 -0.838002 -0.355219
v 0.467975 -0.842333 -0.312691
v 0.496765 -0.843002 -0.265527
v 0.518413 -0.839784 -0.214734
v 0.533114 -0.833764 -0.161718
v 0.541946 -0.826970 -0.107800
v 0.546394 -0.821693 -0.053815
v 0.462686 -0.865625 0.000000
v 0.461919 -0.868372 0.045495
v 0.459070 -0.875685 0.091315
v 0.452725 -0.885100 0.137333
v 0.441204 -0.893444 0.182753
v 0.423269 -0.897904 0.226242
v 0.398643 -0.896977 0.266365
v 0.368135 -0.890975 0.302121
v 0.333328 -0.881921 0.333328
v 0.295981 -0.872868 0.360654
v 0.257423 -0.866866 0.385261
v 0.218188 -0.865939 0.408201
v 0.178039 -0.870398 0.429824
v 0.136346 -0.878742 0.449472
v 0.092615 -0.888157 0.465608
v 0.046915 -0.895471 0.476334
v 0.000000 -0.898217 0.480107
v -0.046915 -0.895471 0.476334
v -0.092615 -0.888157 0.465608
v -0.136346 -0.878742 0.449472
v -0.178039 -0.870398 0.429824
v -0.218188 -0.865939 0.408201
v -0.257423 -0.866866 0.385261
v -0.295981 -0.872868 0.360654
v -0.333328 -0.881921 0.333328
v -0.368135 -0.890975 0.302121
v -0.398643 -0.896977 0.266365
v -0.423269 -0.897904 0.226242
v -0.441204 -0.893444 0.182753
v -0.452725 -0.885100 0.137333
v -0.459070 -0.875685 0.091315
v -0.461919 -0.868372 0.045495
v -0.462686 -0.865625 0.000000
v -0.461919 -0.868372 -0.045495
v -0.459070 -0.875685 -0.091315
v -0.452725 -0.885100 -0.137333
v -0.441204 -0.893444 -0.182753
v -0.423269 -0.897904 -0.226242
v -0.398643 -0.896977 -0.266365
v -0.368135 -0.890975 -0.302121
v -0.333328 -0.881921 -0.333328
v -0.295981 -0.872868 -0.360654
v -0.257423 -0.866866 -0.385261
v -0.218188 -0.865939 -0.408201
v -0.178039 -0.870398 -0.429824
v -0.136346 -0.878742 -0.449472
v -0.092615 -0.888157 -0.465608
v -0.046915 -0.895471 -0.476334
v -0.000000 -0.898217 -0.480107
v 0.046915 -0.895471 -0.476334
v 0.092615 -0.888157 -0.465608
v 0.136346 -0.878742 -0.449472
v 0.178039 -0.870398 -0.429824
v 0.218188 -0.865939 -0.408201
v 0.257423 -0.866866 -0.385261
v 0.295981 -0.872868 -0.360654
v 0.333328 -0.881921 -0.333328
v 0.368135 -0.890975 -0.302121
v 0.398643 -0.896977 -0.266365
v 0.423269 -0.897904 -0.226242
v 0.441204 -0.893444 -0.182753
v 0.452725 -0.885100 -0.137333
v 0.459070 -0.875685 -0.091315
v 0.461919 -0.868372 -0.045495
v 0.375030 -0.905402 0.000000
v 0.374508 -0.908516 0.036886
v 0.372458 -0.916808 0.074086
v 0.367634 -0.927484 0.111521
v 0.358553 -0.936945 0.148518
v 0.344117 -0.942002 0.183934
v 0.324069 -0.940951 0.216536
v 0.299105 -0.934145 0.245469
v 0.270598 -0.923880 0.270598
v 0.240074 -0.913614 0.292531
v 0.208679 -0.906808 0.312310
v 0.176857 -0.905757 0.330876
v 0.144376 -0.910814 0.348553
v 0.110654 -0.920275 0.364776
v 0.075229 -0.930951 0.378203
v 0.038133 -0.939243 0.387174
v 0.000000 -0.942357 0.390337
v -0.038133 -0.939243 0.387174
v -0.075229 -0.930951 0.378203
v -0.110654 -0.920275 0.364776
v -0.144376 -0.910814 0.348553
v -0.176857 -0.905757 0.330876
v -0.208679 -0.906808 0.312310
v -0.240074 -0.913614 0.292531
v -0.270598 -0.923880 0.270598
v -0.299105 -0.934145 0.245469
v -0.324069 -0.940951 0.216536
v -0.344117 -0.942002 0.183934
v -0.358553 -0.936945 0.148518
v -0.367634 -0.927484 0.111521
v -0.372458 -0.916808 0.074086
v -0.374508 -0.908516 0.036886
v -0.375030 -0.905402 0.000000
v -0.374508 -0.908516 -0.036886
v -0.372458 -0.916808 -0.074086
v -0.367634 -0.927484 -0.111521
v -0.358553 -0.936945 -0.148518
v -0.344117 -0.942002 -0.183934
v -0.324069 -0.940951 -0.216536
v -0.299105 -0.934145 -0.245469
v -0.270598 -0.923880 -0.270598
v -0.240074 -0.913614 -0.292531
v -0.208679 -0.906808 -0.312310
v -0.176857 -0.905757 -0.330876
v -0.144376 -0.910814 -0.348553
v -0.110654 -0.920275 -0.364776
v -0.075229 -0.930951 -0.378203
v -0.038133 -0.939243 -0.387174
v -0.000000 -0.942357 -0.390337
v 0.038133 -0.939243 -0.387174
v 0.075229 -0.930951 -0.378203
v 0.110654 -0.920275 -0.364776
v 0.144376 -0.910814 -0.348553
v 0.176857 -0.905757 -0.330876
v 0.208679 -0.906808 -0.312310
v 0.240074 -0.913614 -0.292531
v 0.270598 -0.923880 -0.270598
v 0.299105 -0.934145 -0.245469
v 0.324069 -0.940951 -0.216536
v 0.344117 -0.942002 -0.183934
v 0.358553 -0.936945 -0.148518
v 0.367634 -0.927484 -0.111521
v 0.372458 -0.916808 -0.074086
v 0.374508 -0.908516 -0.036886
v 0.284921 -0.939258 0.000000
v 0.284449 -0.942238 0.028016
v 0.282694 -0.950174 0.056231
v 0.278786 -0.960390 0.084569
v 0.271692 -0.969443 0.112539
v 0.260648 -0.974283 0.139319
v 0.245483 -0.973276 0.164027
v 0.226697 -0.966764 0.186045
v 0.205262 -0.956940 0.205262
v 0.182264 -0.947117 0.222090
v 0.158520 -0.940604 0.237243
v 0.134359 -0.939598 0.251369
v 0.109636 -0.944437 0.264684
v 0.083961 -0.953491 0.276784
v 0.057032 -0.963707 0.286720
v 0.028890 -0.971642 0.293325
v 0.000000 -0.974622 0.295648
v -0.028890 -0.971642 0.293325
v -0.057032 -0.963707 0.286720
v -0.083961 -0.953491 0.276784
v -0.109636 -0.944437 0.264684
v -0.134359 -0.939598 0.251369
v -0.158520 -0.940604 0.237243
v -0.182264 -0.947117 0.222090
v -0.205262 -0.956940 0.205262
v -0.226697 -0.966764 0.186045
v -0.245483 -0.973276 0.164027
v -0.260648 -0.974283 0.139319
v -0.271692 -0.969443 0.112539
v -0.278786 -0.960390 0.084569
v -0.282694 -0.950174 0.056231
v -0.284449 -0.942238 0.028016
v -0.284921 -0.939258 0.000000
v -0.284449 -0.942238 -0.028016
v -0.282694 -0.950174 -0.056231
v -0.278786 -0.960390 -0.084569
v -0.271692 -0.969443 -0.112539
v -0.260648 -0.974283 -0.139319
v -0.245483 -0.973276 -0.164027
v -0.226697 -0.966764 -0.186045
v -0.205262 -0.956940 -0.205262
v -0.182264 -0.947117 -0.222090
v -0.158520 -0.940604 -0.237243
v -0.134359 -0.939598 -0.251369
v -0.109636 -0.944437 -0.264684
v -0.083961 -0.953491 -0.276784
v -0.057032 -0.963707 -0.286720
v -0.028890 -0.971642 -0.293325
v -0.000000 -0.974622 -0.295648
v 0.028890 -0.971642 -0.293325
v 0.057032 -0.963707 -0.286720
v 0.083961 -0.953491 -0.276784
v 0.109636 -0.944437 -0.264684
v 0.134359 -0.939598 -0.251369
v 0.158520 -0.940604 -0.237243
v 0.182264 -0.947117 -0.222090
v 0.205262 -0.956940 -0.205262
v 0.226697 -0.966764 -0.186045
v 0.245483 -0.973276 -0.164027
v 0.260648 -0.974283 -0.139319
v 0.271692 -0.969443 -0.112539
v 0.278786 -0.960390 -0.084569
v 0.282694 -0.950174 -0.056231
v 0.284449 -0.942238 -0.028016
v 0.192331 -0.966915 0.000000
v 0.191868 -0.969252 0.018897
v 0.190306 -0.975477 0.037854
v 0.187205 -0.983491 0.056788
v 0.182042 -0.990593 0.075404
v 0.174441 -0.994389 0.093241
v 0.164331 -0.993600 0.109803
v 0.151992 -0.988491 0.124736
v 0.137950 -0.980785 0.137950
v 0.122792 -0.973079 0.149622
v 0.106970 -0.967971 0.160092
v 0.090689 -0.967181 0.169668
v 0.073911 -0.970977 0.178438
v 0.056475 -0.978079 0.186175
v 0.038266 -0.986093 0.192377
v 0.019347 -0.992318 0.196434
v 0.000000 -0.994656 0.197849
v -0.019347 -0.992318 0.196434
v -0.038266 -0.986093 0.192377
v -0.056475 -0.978079 0.186175
v -0.073911 -0.970977 0.178438
v -0.090689 -0.967181 0.169668
v -0.106970 -0.967971 0.160092
v -0.122792 -0.973079 0.149622
v -0.137950 -0.980785 0.137950
v -0.151992 -0.988491 0.124736
v -0.164331 -0.993600 0.109803
v -0.174441 -0.994389 0.093241
v -0.182042 -0.990593 0.075404
v -0.187205 -0.983491 0.056788
v -0.190306 -0.975477 0.037854
v -0.191868 -0.969252 0.018897
v -0.192331 -0.966915 0.000000
v -0.191868 -0.969252 -0.018897
v -0.190306 -0.975477 -0.037854
v -0.187205 -0.983491 -0.056788
v -0.182042 -0.990593 -0.075404
v -0.174441 -0.994389 -0.093241
v -0.164331 -0.993600 -0.109803
v -0.151992 -0.988491 -0.124736
v -0.137950 -0.980785 -0.137950
v -0.122792 -0.973079 -0.149622
v -0.106970 -0.967971 -0.160092
v -0.090689 -0.967181 -0.169668
v -0.073911 -0.970977 -0.178438
v -0.056475 -0.978079 -0.186175
v -0.038266 -0.986093 -0.192377
v -0.019347 -0.992318 -0.196434
v -0.000000 -0.994656 -0.197849
v 0.019347 -0.992318 -0.196434
v 0.038266 -0.986093 -0.192377
v 0.056475 -0.978079 -0.186175
v 0.073911 -0.970977 -0.178438
v 0.090689 -0.967181 -0.169668
v 0.106970 -0.967971 -0.160092
v 0.122792 -0.973079 -0.149622
v 0.137950 -0.980785 -0.137950
v 0.151992 -0.988491 -0.124736
v 0.164331 -0.993600 -0.109803
v 0.174441 -0.994389 -0.093241
v 0.182042 -0.990593 -0.075404
v 0.187205 -0.983491 -0.056788
v 0.190306 -0.975477 -0.037854
v 0.191868 -0.969252 -0.018897
v 0.097267 -0.987568 0.000000
v 0.096924 -0.988852 0.009546
v 0.095852 -0.992270 0.019066
v 0.093937 -0.996671 0.028495
v 0.091046 -1.000571 0.037713
v 0.087092 -1.002655 0.046552
v 0.082075 -1.002222 0.054840
v 0.076090 -0.999416 0.062446
v 0.069309 -0.995185 0.069309
v 0.061917 -0.990953 0.075446
v 0.054070 -0.988148 0.080922
v 0.045858 -0.987714 0.085795
v 0.037307 -0.989799 0.090066
v 0.028410 -0.993699 0.093657
v 0.019178 -0.998100 0.096415
v 0.009668 -1.001518 0.098166
v 0.000000 -1.002802 0.098767
v -0.009668 -1.001518 0.098166
v -0.019178 -0.998100 0.096415
v -0.028410 -0.993699 0.093657
v -0.037307 -0.989799 0.090066
v -0.045858 -0.987714 0.085795
v -0.054070 -0.988148 0.080922
v -0.061917 -0.990953 0.075446
v -0.069309 -0.995185 0.069309
v -0.076090 -0.999416 0.062446
v -0.082075 -1.002222 0.054840
v -0.087092 -1.002655 0.046552
v -0.091046 -1.000571 0.037713
v -0.093937 -0.996671 0.028495
v -0.095852 -0.992270 0.019066
v -0.096924 -0.988852 0.009546
v -0.097267 -0.987568 0.000000
v -0.096924 -0.988852 -0.009546
v -0.095852 -0.992270 -0.019066
v -0.093937 -0.996671 -0.028495
v -0.091046 -1.000571 -0.037713
v -0.087092 -1.002655 -0.046552
v -0.082075 -1.002222 -0.054840
v -0.076090 -0.999416 -0.062446
v -0.069309 -0.995185 -0.069309
v -0.061917 -0.990953 -0.075446
v -0.054070 -0.988148 -0.080922
v -0.045858 -0.987714 -0.085795
v -0.037307 -0.989799 -0.090066
v -0.028410 -0.993699 -0.093657
v -0.019178 -0.998100 -0.096415
v -0.009668 -1.001518 -0.098166
v -0.000000 -1.002802 -0.098767
v 0.009668 -1.001518 -0.098166
v 0.019178 -0.998100 -0.096415
v 0.028410 -0.993699 -0.093657
v 0.037307 -0.989799 -0.090066
v 0.045858 -0.987714 -0.085795
v 0.054070 -0.988148 -0.080922
v 0.061917 -0.990953 -0.075446
v 0.069309 -0.995185 -0.069309
v 0.076090 -0.999416 -0.062446
v 0.082075 -1.002222 -0.054840
v 0.087092 -1.002655 -0.046552
v 0.091046 -1.000571 -0.037713
v 0.093937 -0.996671 -0.028495
v 0.095852 -0.992270 -0.019066
v 0.096924 -0.988852 -0.009546
v 0.000000 -1.000000 0.000000
g default
f 1 3 2
f 1 4 3
f 1 5 4
f 1 6 5
f 1 7 6
f 1 8 7
f 1 9 8
f 1 10 9
f 1 11 10
f 1 12 11
f 1 13 12
f 1 14 13
f 1 15 14
f 1 16 15
f 1 17 16
f 1 18 17
f 1 19 18
f 1 20 19
f 1 21 20
f 1 22 21
f 1 23 22
f 1 24 23
f 1 25 24
f 1 26 25
f 1 27 26
f 1 28 27
f 1 29 28
f 1 30 29
f 1 31 30
f 1 32 31
f 1 33 32
f 1 34 33
f 1 35 34
f 1 36 35
f 1 37 36
f 1 38 37
f 1 39 38
f 1 40 39
f 1 41 40
f 1 42 41
f 1 43 42
f 1 44 43
f 1 45 44
f 1 46 45
f 1 47 46
f 1 48 47
f 1 49 48
f 1 50 49
f 1 51 50
f 1 52 51
f 1 53 52
f 1 54 53
f 1 55 54
f 1 56 55
f 1 57 56
f 1 58 57
f 1 59 58
f 1 60 59
f 1 61 60
f 1 62 61
f 1 63 62
f 1 64 63
f 1 65 64
f 1 2 65
f 2 3 67
f 2 67 66
f 3 4 68
f 3 68 67
f 4 5 69
f 4 69 68
f 5 6 70
f 5 70 69
f 6 7 71
f 6 71 70
f 7 8 72
f 7 72 71
f 8 9 73
f 8 73 72
f 9 10 74
f 9 74 73
f 10 11 75
f 10 75 74
f 11 12 76
f 11 76 75
f 12 13 77
f 12 77 76
f 13 14 78
f 13 78 77
f 14 15 79
f 14 79 78
f 15 16 80
f 15 80 79
f 16 17 81
f 16 81 80
f 17 18 82
f 17 82 81
f 18 19 83
f 18 83 82
f 19 20 84
f 19 84 83
f 20 21 85
f 20 85 84
f 21 22 86
f 21 86 85
f 22 23 87
f 22 87 86
f 23 24 88
f 23 88 87
f 24 25 89
f 24 89 88
f 25 26 90
f 25 90 89
f 26 27 91
f 26 91 90
f 27 28 92
f 27 92 91
f 28 29 93
f 28 93 92
f 29 30 94
f 29 94 93
f 30 31 95
f 30 95 94
f 31 32 96
f 31 96 95
f 32 33 97
f 32 97 96
f 33 34 98
f 33 98 97
f 34 35 99
f 34 99 98
f 35 36 100
f 35 100 99
f 36 37 101
f 36 101 100
f 37 38 102
f 37 102 101
f 38 39 103
f 38 103 102
f 39 40 104
f 39 104 103
f 40 41 105
f 40 105 104
f 41 42 106
f 41 106 105
f 42 43 107
f 42 107 106
f 43 44 108
f 43 108 107
f 44 45 109
f 44 109 108
f 45 46 110
f 45 110 109
f 46 47 111
f 46 111 110
f 47 48 112
f 47 112 111
f 48 49 113
f 48 113 112
f 49 50 114
f 49 114 113
f 50 51 115
f 50 115 114
f 51 52 116
f 51 116 115
f 52 53 117
f 52 117 116
f 53 54 118
f 53 118 117
f 54 55 119
f 54 119 118
f 55 56 120
f 55 120 119
f 56 57 121
f 56 121 120
f 57 58 122
f 57 122 121
f 58 59 123
f 58 123 122
f 59 60 124
f 59 124 123
f 60 61 125
f 60 125 124
f 61 62 126
f 61 126 125
f 62 63 127
f 62 127 126
f 63 64 128
f 63 128 127
f 64 65 129
f 64 129 128
f 65 2 66
f 65 66 129
f 66 67 131
f 66 131 130
f 67 68 132
f 67 132 131
f 68 69 133
f 68 133 132
f 69 70 134
f 69 134 133
f 70 71 135
f 70 135 134
f 71 72 136
f 71 136 135
f 72 73 137
f 72 137 136
f 73 74 138
f 73 138 137
f 74 75 139
f 74 139 138
f 75 76 140
f 75 140 139
f 76 77 141
f 76 141 140
f 77 78 142
f 77 142 141
f 78 79 143
f 78 143 142
f 79 80 144
f 79 144 143
f 80 81 145
f 80 145 144
f 81 82 146
f 81 146 145
f 82 83 147
f 82 147 146
f 83 84 148
f 83 148 147
f 84 85 149
f 84 149 148
f 85 86 150
f 85 150 149
f 86 87 151
f 86 151 150
f 87 88 152
f 87 152 151
f 88 89 153
f 88 153 152
f 89 90 154
f 89 154 153
f 90 91 155
f 90 155 154
f 91 92 156
f 91 156 155
f 92 93 157
f 92 157 156
f 93 94 158
f 93 158 157
f 94 95 159
f 94 159 158
f 95 96 160
f 95 160 159
f 96 97 161
f 96 161 160
f 97 98 162
f 97 162 161
f 98 99 163
f 98 163 162
f 99 100 164
f 99 164 163
f 100 101 165
f 100 165 164
f 101 102 166
f 101 166 165
f 102 103 167
f 102 167 166
f 103 104 168
f 103 168 167
f 104 105 169
f 104 169 168
f 105 106 170
f 105 170 169
f 106 107 171
f 106 171 170
f 107 108 172
f 107 172 171
f 108 109 173
f 108 173 172
f 109 110 174
f 109 174 173
f 110 111 175
f 110 175 174
f 111 112 176
f 111 176 175
f 112 113 177
f 112 177 176
f 113 114 178
f 113 178 177
f 114 115 179
f 114 179 178
f 115 116 180
f 115 180 179
f 116 117 181
f 116 181 180
f 117 118 182
f 117 182 181
f 118 119 183
f 118 183 182
f 119 120 184
f 119 184 183
f 120 121 185
f 120 185 184
f 121 122 186
f 121 186 185
f 122 123 187
f 122 187 186
f 123 124 188
f 123 188 187
f 124 125 189
f 124 189 188
f 125 126 190
f 125 190 189
f 126 127 191
f 126 191 190
f 127 128 192
f 127 192 191
f 128 129 193
f 128 193 192
f 129 66 130
f 129 130 193
f 130 131 195
f 130 195 194
f 131 132 196
f 131 196 195
f 132 133 197
f 132 197 196
f 133 134 198
f 133 198 197
f 134 135 199
f 134 199 198
f 135 136 200
f 135 200 199
f 136 137 201
f 136 201 200
f 137 138 202
f 137 202 201
f 138 139 203
f 138 203 202
f 139 140 204
f 139 204 203
f 140 141 205
f 140 205 204
f 141 142 206
f 141 206 205
f 142 143 207
f 142 207 206
f 143 144 208
f 143 208 207
f 144 145 209
f 144 209 208
f 145 146 210
f 145 210 209
f 146 147 211
f 146 211 210
f 147 148 212
f 147 212 211
f 148 149 213
f 148 213 212
f 149 150 214
f 149 214 213
f 150 151 215
f 150 215 214
f 151 152 216
f 151 216 215
f 152 153 217
f 152 217 216
f 153 154 218
f 153 218 217
f 154 155 219
f 154 219 218
f 155 156 220
f 155 220 219
f 156 157 221
f 156 221 220
f 157 158 222
f 157 222 221
f 158 159 223
f 158 223 222
f 159 160 224
f 159 224 223
f 160 161 225
f 160 225 224
f 161 162 226
f 161 226 225
f 162 163 227
f 162 227 226
f 163 164 228
f 163 228 227
f 164 165 229
f 164 229 228
f 165 166 230
f 165 230 229
f 166 167 231
f 166 231 230
f 167 168 232
f 167 232 231
f 168 169 233
f 168 233 232
f 169 170 234
f 169 234 233
f 170 171 235
f 170 235 234
f 171 172 236
f 171 236 235
f 172 173 237
f 172 237 236
f 173 174 238
f 173 238 237
f 174 175 239
f 174 239 238
f 175 176 240
f 175 240 239
f 176 177 241
f 176 241 240
f 177 178 242
f 177 242 241
f 178 179 243
f 178 243 242
f 179 180 244
f 179 244 243
f 180 181 245
f 180 245 244
f 181 182 246
f 181 246 245
f 182 183 247
f 182 247 246
f 183 184 248
f 183 248 247
f 184 185 249
f 184 249 248
f 185 186 250
f 185 250 249
f 186 187 251
f 186 251 250
f 187 188 252
f 187 252 251
f 188 189 253
f 188 253 252
f 189 190 254
f 189 254 253
f 190 191 255
f 190 255 254
f 191 192 256
f 191 256 255
f 192 193 257
f 192 257 256
f 193 130 194
f 193 194 257
f 194 195 259
f 194 259 258
f 195 196 260
f 195 260 259
f 196 197 261
f 196 261 260
f 197 198 262
f 197 262 261
f 198 199 263
f 198 263 262
f 199 200 264
f 199 264 263
f 200 201 265
f 200 265 264
f 201 202 266
f 201 266 265
f 202 203 267
f 202 267 266
f 203 204 268
f 203 268 267
f 204 205 269
f 204 269 268
f 205 206 270
f 205 270 269
f 206 207 271
f 206 271 270
f 207 208 272
f 207 272 271
f 208 209 273
f 208 273 272
f 209 210 274
f 209 274 273
f 210 211 275
f 210 275 274
f 211 212 276
f 211 276 275
f 212 213 277
f 212 277 276
f 213 214 278
f 213 278 277
f 214 215 279
f 214 279 278
f 215 216 280
f 215 280 279
f 216 217 281
f 216 281 280
f 217 218 282
f 217 282 281
f 218 219 283
f 218 283 282
f 219 220 284
f 219 284 283
f 220 221 285
f 220 285 284
f 221 222 286
f 221 286 285
f 222 223 287
f 222 287 286
f 223 224 288
f 223 288 287
f 224 225 289
f 224 289 288
f 225 226 290
f 225 290 289
f 226 227 291
f 226 291 290
f 227 228 292
f 227 292 291
f 228 229 293
f 228 293 292
f 229 230 294
f 229 294 293
f 230 231 295
f 230 295 294
f 231 232 296
f 231 296 295
f 232 233 297
f 232 297 296
f 233 234 298
f 233 298 297
f 234 235 299
f 234 299 298
f 235 236 300
f 235 300 299
f 236 237 301
f 236 301 300
f 237 238 302
f 237 302 301
f 238 239 303
f 238 303 302
f 239 240 304
f 239 304 303
f 240 241 305
f 240 305 304
f 241 242 306
f 241 306 305
f 242 243 307
f 242 307 306
f 243 244 308
f 243 308 307
f 244 245 309
f 244 309 308
f 245 246 310
f 245 310 309
f 246 247 311
f 246 311 310
f 247 248 312
f 247 312 311
f 248 249 313
f 248 313 312
f 249 250 314
f 249 314 313
f 250 251 315
f 250 315 314
f 251 252 316
f 251 316 315
f 252 253 317
f 252 317 316
f 253 254 318
f 253 318 317
f 254 255 319
f 254 319 318
f 255 256 320
f 255 320 319
f 256 257 321
f 256 321 320
f 257 194 258
f 257 258 321
f 258 259 323
f 258 323 322
f 259 260 324
f 259 324 323
f 260 261 325
f 260 325 324
f 261 262 326
f 261 326 325
f 262 263 327
f 262 327 326
f 263 264 328
f 263 328 327
f 264 265 329
f 264 329 328
f 265 266 330
f 265 330 329
f 266 267 331
f 266 331 330
f 267 268 332
f 267 332 331
f 268 269 333
f 268 333 332
f 269 270 334
f 269 334 333
f 270 271 335
f 270 335 334
f 271 272 336
f 271 336 335
f 272 273 337
f 272 337 336
f 273 274 338
f 273 338 337
f 274 275 339
f 274 339 338
f 275 276 340
f 275 340 339
f 276 277 341
f 276 341 340
f 277 278 342
f 277 342 341
f 278 279 343
f 278 343 342
f 279 280 344
f 279 344 343
f 280 281 345
f 280 345 344
f 281 282 346
f 281 346 345
f 282 283 347
f 282 347 346
f 283 284 348
f 283 348 347
f 284 285 349
f 284 349 348
f 285 286 350
f 285 350 349
f 286 287 351
f 286 351 350
f 287 288 352
f 287 352 351
f 288 289 353
f 288 353 352
f 289 290 354
f 289 354 353
f 290 291 355
f 290 355 354
f 291 292 356
f 291 356 355
f 292 293 357
f 292 357 356
f 293 294 358
f 293 358 357
f 294 295 359
f 294 359 358
f 295 296 360
f 295 360 359
f 296 297 361
f 296 361 360
f 297 298 362
f 297 362 361
f 298 299 363
f 298 363 362
f 299 300 364
f 299 364 363
f 300 301 365
f 300 365 364
f 301 302 366
f 301 366 365
f 302 303 367
f 302 367 366
f 303 304 368
f 303 368 367
f 304 305 369
f 304 369 368
f 305 306 370
f 305 370 369
f 306 307 371
f 306 371 370
f 307 308 372
f 307 372 371
f 308 309 373
f 308 373 372
f 309 310 374
f 309 374 373
f 310 311 375
f 310 375 374
f 311 312 376
f 311 376 375
f 312 313 377
f 312 377 376
f 313 314 378
f 313 378 377
f 314 315 379
f 314 379 378
f 315 316 380
f 315 380 379
f 316 317 381
f 316 381 380
f 317 318 382
f 317 382 381
f 318 319 383
f 318 383 382
f 319 320 384
f 319 384 383
f 320 321 385
f 320 385 384
f 321 258 322
f 321 322 385
f 322 323 387
f 322 387 386
f 323 324 388
f 323 388 387
f 324 325 389
f 324 389 388
f 325 326 390
f 325 390 389
f 326 327 391
f 326 391 390
f 327 328 392
f 327 392 391
f 328 329 393
f 328 393 392
f 329 330 394
f 329 394 393
f 330 331 395
f 330 395 394
f 331 332 396
f 331 396 395
f 332 333 397
f 332 397 396
f 333 334 398
f 333 398 397
f 334 335 399
f 334 399 398
f 335 336 400
f 335 400 399
f 336 337 401
f 336 401 400
f 337 338 402
f 337 402 401
f 338 339 403
f 338 403 402
f 339 340 404
f 339 404 403
f 340 341 405
f 340 405 404
f 341 342 406
f 341 406 405
f 342 343 407
f 342 407 406
f 343 344 408
f 343 408 407
f 344 345 409
f 344 409 408
f 345 346 410
f 345 410 409
f 346 347 411
f 346 411 410
f 347 348 412
f 347 412 411
f 348 349 413
f 348 413 412
f 349 350 414
f 349 414 413
f 350 351 415
f 350 415 414
f 351 352 416
f 351 416 415
f 352 353 417
f 352 417 416
f 353 354 418
f 353 418 417
f 354 355 419
f 354 419 418
f 355 356 420
f 355 420 419
f 356 357 421
f 356 421 420
f 357 358 422
f 357 422 421
f 358 359 423
f 358 423 422
f 359 360 424
f 359 424 423
f 360 361 425
f 360 425 424
f 361 362 426
f 361 426 425
f 362 363 427
f 362 427 426
f 363 364 428
f 363 428 427
f 364 365 429
f 364 429 428
f 365 366 430
f 365 430 429
f 366 367 431
f 366 431 430
f 367 368 432
f 367 432 431
f 368 369 433
f 368 433 432
f 369 370 434
f 369 434 433
f 370 371 435
f 370 435 434
f 371 372 436
f 371 436 435
f 372 373 437
f 372 437 436
f 373 374 438
f 373 438 437
f 374 375 439
f 374 439 438
f 375 376 440
f 375 440 439
f 376 377 441
f 376 441 440
f 377 378 442
f 377 442 441
f 378 379 443
f 378 443 442
f 379 380 444
f 379 444 443
f 380 381 445
f 380 445 444
f 381 382 446
f 381 446 445
f 382 383 447
f 382 447 446
f 383 384 448
f 383 448 447
f 384 385 449
f 384 449 448
f 385 322 386
f 385 386 449
f 386 387 451
f 386 451 450
f 387 388 452
f 387 452 451
f 388 389 453
f 388 453 452
f 389 390 454
f 389 454 453
f 390 391 455
f 390 455 454
f 391 392 456
f 391 456 455
f 392 393 457
f 392 457 456
f 393 394 458
f 393 458 457
f 394 395 459
f 394 459 458
f 395 396 460
f 395 460 459
f 396 397 461
f 396 461 460
f 397 398 462
f 397 462 461
f 398 399 463
f 398 463 462
f 399 400 464
f 399 464 463
f 400 401 465
f 400 465 464
f 401 402 466
f 401 466 465
f 402 403 467
f 402 467 466
f 403 404 468
f 403 468 467
f 404 405 469
f 404 469 468
f 405 406 470
f 405 470 469
f 406 407 471
f 406 471 470
f 407 408 472
f 407 472 471
f 408 409 473
f 408 473 472
f 409 410 474
f 409 474 473
f 410 411 475
f 410 475 474
f 411 412 476
f 411 476 475
f 412 413 477
f 412 477 476
f 413 414 478
f 413 478 477
f 414 415 479
f 414 479 478
f 415 416 480
f 415 480 479
f 416 417 481
f 416 481 480
f 417 418 482
f 417 482 481
f 418 419 483
f 418 483 482
f 419 420 484
f 419 484 483
f 420 421 485
f 420 485 484
f 421 422 486
f 421 486 485
f 422 423 487
f 422 487 486
f 423 424 488
f 423 488 487
f 424 425 489
f 424 489 488
f 425 426 490
f 425 490 489
f 426 427 491
f 426 491 490
f 427 428 492
f 427 492 491
f 428 429 493
f 428 493 492
f 429 430 494
f 429 494 493
f 430 431 495
f 430 495 494
f 431 432 496
f 431 496 495
f 432 433 497
f 432 497 496
f 433 434 498
f 433 498 497
f 434 435 499
f 434 499 498
f 435 436 500
f 435 500 499
f 436 437 501
f 436 501 500
f 437 438 502
f 437 502 501
f 438 439 503
f 438 503 502
f 439 440 504
f 439 504 503
f 440 441 505
f 440 505 504
f 441 442 506
f 441 506 505
f 442 443 507
f 442 507 506
f 443 444 508
f 443 508 507
f 444 445 509
f 444 509 508
f 445 446 510
f 445 510 509
f 446 447 511
f 446 511 510
f 447 448 512
f 447 512 511
f 448 449 513
f 448 513 512
f 449 386 450
f 449 450 513
f 450 451 515
f 450 515 514
f 451 452 516
f 451 516 515
f 452 453 517
f 452 517 516
f 453 454 518
f 453 518 517
f 454 455 519
f 454 519 518
f 455 456 520
f 455 520 519
f 456 457 521
f 456 521 520
f 457 458 522
f 457 522 521
f 458 459 523
f 458 523 522
f 459 460 524
f 459 524 523
f 460 461 525
f 460 525 524
f 461 462 526
f 461 526 525
f 462 463 527
f 462 527 526
f 463 464 528
f 463 528 527
f 464 465 529
f 464 529 528
f 465 466 530
f 465 530 529
f 466 467 531
f 466 531 530
f 467 468 532
f 467 532 531
f 468 469 533
f 468 533 532
f 469 470 534
f 469 534 533
f 470 471 535
f 470 535 534
f 471 472 536
f 471 536 535
f 472 473 537
f 472 537 536
f 473 474 538
f 473 538 537
f 474 475 539
f 474 539 538
f 475 476 540
f 475 540 539
f 476 477 541
f 476 541 540
f 477 478 542
f 477 542 541
f 478 479 543
f 478 543 542
f 479 480 544
f 479 544 543
f 480 481 545
f 480 545 544
f 481 482 546
f 481 546 545
f 482 483 547
f 482 547 546
f 483 484 548
f 483 548 547
f 484 485 549
f 484 549 548
f 485 486 550
f 485 550 549
f 486 487 551
f 486 551 550
f 487 488 552
f 487 552 551
f 488 489 553
f 488 553 552
f 489 490 554
f 489 554 553
f 490 491 555
f 490 555 554
f 491 492 556
f 491 556 555
f 492 493 557
f 492 557 556
f 493 494 558
f 493 558 557
f 494 495 559
f 494 559 558
f 495 496 560
f 495 560 559
f 496 497 561
f 496 561 560
f 497 498 562
f 497 562 561
f 498 499 563
f 498 563 562
f 499 500 564
f 499 564 563
f 500 501 565
f 500 565 564
f 501 502 566
f 501 566 565
f 502 503 567
f 502 567 566
f 503 504 568
f 503 568 567
f 504 505 569
f 504 569 568
f 505 506 570
f 505 570 569
f 506 507 571
f 506 571 570
f 507 508 572
f 507 572 571
f 508 509 573
f 508 573 572
f 509 510 574
f 509 574 573
f 510 511 575
f 510 575 574
f 511 512 576
f 511 576 575
f 512 513 577
f 512 577 576
f 513 450 514
f 513 514 577
f 514 515 579
f 514 579 578
f 515 516 580
f 515 580 579
f 516 517 581
f 516 581 580
f 517 518 582
f 517 582 581
f 518 519 583
f 518 583 582
f 519 520 584
f 519 584 583
f 520 521 585
f 520 585 584
f 521 522 586
f 521 586 585
f 522 523 587
f 522 587 586
f 523 524 588
f 523 588 587
f 524 525 589
f 524 589 588
f 525 526 590
f 525 590 589
f 526 527 591
f 526 591 590
f 527 528 592
f 527 592 591
f 528 529 593
f 528 593 592
f 529 530 594
f 529 594 593
f 530 531 595
f 530 595 594
f 531 532 596
f 531 596 595
f 532 533 597
f 532 597 596
f 533 534 598
f 533 598 597
f 534 535 599
f 534 599 598
f 535 536 600
f 535 600 599
f 536 537 601
f 536 601 600
f 537 538 602
f 537 602 601
f 538 539 603
f 538 603 602
f 539 540 604
f 539 604 603
f 540 541 605
f 540 605 604
f 541 542 606
f 541 606 605
f 542 543 607
f 542 607 606
f 543 544 608
f 543 608 607
f 544 545 609
f 544 609 608
f 545 546 610
f 545 610 609
f 546 547 611
f 546 611 610
f 547 548 612
f 547 612 611
f 548 549 613
f 548 613 612
f 549 550 614
f 549 614 613
f 550 551 615
f 550 615 614
f 551 552 616
f 551 616 615
f 552 553 617
f 552 617 616
f 553 554 618
f 553 618 617
f 554 555 619
f 554 619 618
f 555 556 620
f 555 620 619
f 556 557 621
f 556 621 620
f 557 558 622
f 557 622 621
f 558 559 623
f 558 623 622
f 559 560 624
f 559 624 623
f 560 561 625
f 560 625 624
f 561 562 626
f 561 626 625
f 562 563 627
f 562 627 626
f 563 564 628
f 563 628 627
f 564 565 629
f 564 629 628
f 565 566 630
f 565 630 629
f 566 567 631
f 566 631 630
f 567 568 632
f 567 632 631
f 568 569 633
f 568 633 632
f 569 570 634
f 569 634 633
f 570 571 635
f 570 635 634
f 571 572 636
f 571 636 635
f 572 573 637
f 572 637 636
f 573 574 638
f 573 638 637
f 574 575 639
f 574 639 638
f 575 576 640
f 575 640 639
f 576 577 641
f 576 641 640
f 577 514 578
f 577 578 641
f 578 579 643
f 578 643 642
f 579 580 644
f 579 644 643
f 580 581 645
f 580 645 644
f 581 582 646
f 581 646 645
f 582 583 647
f 582 647 646
f 583 584 648
f 583 648 647
f 584 585 649
f 584 649 648
f 585 586 650
f 585 650 649
f 586 587 651
f 586 651 650
f 587 588 652
f 587 652 651
f 588 589 653
f 588 653 652
f 589 590 654
f 589 654 653
f 590 591 655
f 590 655 654
f 591 592 656
f 591 656 655
f 592 593 657
f 592 657 656
f 593 594 658
f 593 658 657
f 594 595 659
f 594 659 658
f 595 596 660
f 595 660 659
f 596 597 661
f 596 661 660
f 597 598 662
f 597 662 661
f 598 599 663
f 598 663 662
f 599 600 664
f 599 664 663
f 600 601 665
f 600 665 664
f 601 602 666
f 601 666 665
f 602 603 667
f 602 667 666
f 603 604 668
f 603 668 667
f 604 605 669
f 604 669 668
f 605 606 670
f 605 670 669
f 606 607 671
f 606 671 670
f 607 608 672
f 607 672 671
f 608 609 673
f 608 673 672
f 609 610 674
f 609 674 673
f 610 611 675
f 610 675 674
f 611 612 676
f 611 676 675
f 612 613 677
f 612 677 676
f 613 614 678
f 613 678 677
f 614 615 679
f 614 679 678
f 615 616 680
f 615 680 679
f 616 617 681
f 616 681 680
f 617 618 682
f 617 682 681
f 618 619 683
f 618 683 682
f 619 620 684
f 619 684 683
f 620 621 685
f 620 685 684
f 621 622 686
f 621 686 685
f 622 623 687
f 622 687 686
f 623 624 688
f 623 688 687
f 624 625 689
f 624 689 688
f 625 626 690
f 625 690 689
f 626 627 691
f 626 691 690
f 627 628 692
f 627 692 691
f 628 629 693
f 628 693 692
f 629 630 694
f 629 694 693
f 630 631 695
f 630 695 694
f 631 632 696
f 631 696 695
f 632 633 697
f 632 697 696
f 633 634 698
f 633 698 697
f 634 635 699
f 634 699 698
f 635 636 700
f 635 700 699
f 636 637 701
f 636 701 700
f 637 638 702
f 637 702 701
f 638 639 703
f 638 703 702
f 639 640 704
f 639 704 703
f 640 641 705
f 640 705 704
f 641 578 642
f 641 642 705
f 642 643 707
f 642 707 706
f 643 644 708
f 643 708 707
f 644 645 709
f 644 709 708
f 645 646 710
f 645 710 709
f 646 647 711
f 646 711 710
f 647 648 712
f 647 712 711
f 648 649 713
f 648 713 712
f 649 650 714
f 649 714 713
f 650 651 715
f 650 715 714
f 651 652 716
f 651 716 715
f 652 653 717
f 652 717 716
f 653 654 718
f 653 718 717
f 654 655 719
f 654 719 718
f 655 656 720
f 655 720 719
f 656 657 721
f 656 721 720
f 657 658 722
f 657 722 721
f 658 659 723
f 658 723 722
f 659 660 724
f 659 724 723
f 660 661 725
f 660 725 724
f 661 662 726
f 661 726 725
f 662 663 727
f 662 727 726
f 663 664 728
f 663 728 727
f 664 665 729
f 664 729 728
f 665 666 730
f 665 730 729
f 666 667 731
f 666 731 730
f 667 668 732
f 667 732 731
f 668 669 733
f 668 733 732
f 669 670 734
f 669 734 733
f 670 671 735
f 670 735 734
f 671 672 736
f 671 736 735
f 672 673 737
f 672 737 736
f 673 674 738
f 673 738 737
f 674 675 739
f 674 739 738
f 675 676 740
f 675 740 739
f 676 677 741
f 676 741 740
f 677 678 742
f 677 742 741
f 678 679 743
f 678 743 742
f 679 680 744
f 679 744 743
f 680 681 745
f 680 745 744
f 681 682 746
f 681 746 745
f 682 683 747
f 682 747 746
f 683 684 748
f 683 748 747
f 684 685 749
f 684 749 748
f 685 686 750
f 685 750 749
f 686 687 751
f 686 751 750
f 687 688 752
f 687 752 751
f 688 689 753
f 688 753 752
f 689 690 754
f 689 754 753
f 690 691 755
f 690 755 754
f 691 692 756
f 691 756 755
f 692 693 757
f 692 757 756
f 693 694 758
f 693 758 757
f 694 695 759
f 694 759 758
f 695 696 760
f 695 760 759
f 696 697 761
f 696 761 760
f 697 698 762
f 697 762 761
f 698 699 763
f 698 763 762
f 699 700 764
f 699 764 763
f 700 701 765
f 700 765 764
f 701 702 766
f 701 766 765
f 702 703 767
f 702 767 766
f 703 704 768
f 703 768 767
f 704 705 769
f 704 769 768
f 705 642 706
f 705 706 769
f 706 707 771
f 706 771 770
f 707 708 772
f 707 772 771
f 708 709 773
f 708 773 772
f 709 710 774
f 709 774 773
f 710 711 775
f 710 775 774
f 711 712 776
f 711 776 775
f 712 713 777
f 712 777 776
f 713 714 778
f 713 778 777
f 714 715 779
f 714 779 778
f 715 716 780
f 715 780 779
f 716 717 781
f 716 781 780
f 717 718 782
f 717 782 781
f 718 719 783
f 718 783 782
f 719 720 784
f 719 784 783
f 720 721 785
f 720 785 784
f 721 722 786
f 721 786 785
f 722 723 787
f 722 787 786
f 723 724 788
f 723 788 787
f 724 725 789
f 724 789 788
f 725 726 790
f 725 790 789
f 726 727 791
f 726 791 790
f 727 728 792
f 727 792 791
f 728 729 793
f 728 793 792
f 729 730 794
f 729 794 793
f 730 731 795
f 730 795 794
f 731 732 796
f 731 796 795
f 732 733 797
f 732 797 796
f 733 734 798
f 733 798 797
f 734 735 799
f 734 799 798
f 735 736 800
f 735 800 799
f 736 737 801
f 736 801 800
f 737 738 802
f 737 802 801
f 738 739 803
f 738 803 802
f 739 740 804
f 739 804 803
f 740 741 805
f 740 805 804
f 741 742 806
f 741 806 805
f 742 743 807
f 742 807 806
f 743 744 808
f 743 808 807
f 744 745 809
f 744 809 808
f 745 746 810
f 745 810 809
f 746 747 811
f 746 811 810
f 747 748 812
f 747 812 811
f 748 749 813
f 748 813 812
f 749 750 814
f 749 814 813
f 750 751 815
f 750 815 814
f 751 752 816
f 751 816 815
f 752 753 817
f 752 817 816
f 753 754 818
f 753 818 817
f 754 755 819
f 754 819 818
f 755 756 820
f 755 820 819
f 756 757 821
f 756 821 820
f 757 758 822
f 757 822 821
f 758 759 823
f 758 823 822
f 759 760 824
f 759 824 823
f 760 761 825
f 760 825 824
f 761 762 826
f 761 826 825
f 762 763 827
f 762 827 826
f 763 764 828
f 763 828 827
f 764 765 829
f 764 829 828
f 765 766 830
f 765 830 829
f 766 767 831
f 766 831 830
f 767 768 832
f 767 832 831
f 768 769 833
f 768 833 832
f 769 706 770
f 769 770 833
f 770 771 835
f 770 835 834
f 771 772 836
f 771 836 835
f 772 773 837
f 772 837 836
f 773 774 838
f 773 838 837
f 774 775 839
f 774 839 838
f 775 776 840
f 775 840 839
f 776 777 841
f 776 841 840
f 777 778 842
f 777 842 841
f 778 779 843
f 778 843 842
f 779 780 844
f 779 844 843
f 780 781 845
f 780 845 844
f 781 782 846
f 781 846 845
f 782 783 847
f 782 847 846
f 783 784 848
f 783 848 847
f 784 785 849
f 784 849 848
f 785 786 850
f 785 850 849
f 786 787 851
f 786 851 850
f 787 788 852
f 787 852 851
f 788 789 853
f 788 853 852
f 789 790 854
f 789 854 853
f 790 791 855
f 790 855 854
f 791 792 856
f 791 856 855
f 792 793 857
f 792 857 856
f 793 794 858
f 793 858 857
f 794 795 859
f 794 859 858
f 795 796 860
f 795 860 859
f 796 797 861
f 796 861 860
f 797 798 862
f 797 862 861
f 798 799 863
f 798 863 862
f 799 800 864
f 799 864 863
f 800 801 865
f 800 865 864
f 801 802 866
f 801 866 865
f 802 803 867
f 802 867 866
f 803 804 868
f 803 868 867
f 804 805 869
f 804 869 868
f 805 806 870
f 805 870 869
f 806 807 871
f 806 871 870
f 807 808 872
f 807 872 871
f 808 809 873
f 808 873 872
f 809 810 874
f 809 874 873
f 810 811 875
f 810 875 874
f 811 812 876
f 811 876 875
f 812 813 877
f 812 877 876
f 813 814 878
f 813 878 877
f 814 815 879
f 814 879 878
f 815 816 880
f 815 880 879
f 816 817 881
f 816 881 880
f 817 818 882
f 817 882 881
f 818 819 883
f 818 883 882
f 819 820 884
f 819 884 883
f 820 821 885
f 820 885 884
f 821 822 886
f 821 886 885
f 822 823 887
f 822 887 886
f 823 824 888
f 823 888 887
f 824 825 889
f 824 889 888
f 825 826 890
f 825 890 889
f 826 827 891
f 826 891 890
f 827 828 892
f 827 892 891
f 828 829 893
f 828 893 892
f 829 830 894
f 829 894 893
f 830 831 895
f 830 895 894
f 831 832 896
f 831 896 895
f 832 833 897
f 832 897 896
f 833 770 834
f 833 834 897
f 834 835 899
f 834 899 898
f 835 836 900
f 835 900 899
f 836 837 901
f 836 901 900
f 837 838 902
f 837 902 901
f 838 839 903
f 838 903 902
f 839 840 904
f 839 904 903
f 840 841 905
f 840 905 904
f 841 842 906
f 841 906 905
f 842 843 907
f 842 907 906
f 843 844 908
f 843 908 907
f 844 845 909
f 844 909 908
f 845 846 910
f 845 910 909
f 846 847 911
f 846 911 910
f 847 848 912
f 847 912 911
f 848 849 913
f 848 913 912
f 849 850 914
f 849 914 913
f 850 851 915
f 850 915 914
f 851 852 916
f 851 916 915
f 852 853 917
f 852 917 916
f 853 854 918
f 853 918 917
f 854 855 919
f 854 919 918
f 855 856 920
f 855 920 919
f 856 857 921
f 856 921 920
f 857 858 922
f 857 922 921
f 858 859 923
f 858 923 922
f 859 860 924
f 859 924 923
f 860 861 925
f 860 925 924
f 861 862 926
f 861 926 925
f 862 863 927
f 862 927 926
f 863 864 928
f 863 928 927
f 864 865 929
f 864 929 928
f 865 866 930
f 865 930 929
f 866 867 931
f 866 931 930
f 867 868 932
f 867 932 931
f 868 869 933
f 868 933 932
f 869 870 934
f 869 934 933
f 870 871 935
f 870 935 934
f 871 872 936
f 871 936 935
f 872 873 937
f 872 937 936
f 873 874 938
f 873 938 937
f 874 875 939
f 874 939 938
f 875 876 940
f 875 940 939
f 876 877 941
f 876 941 940
f 877 878 942
f 877 942 941
f 878 879 943
f 878 943 942
f 879 880 944
f 879 944 943
f 880 881 945
f 880 945 944
f 881 882 946
f 881 946 945
f 882 883 947
f 882 947 946
f 883 884 948
f 883 948 947
f 884 885 949
f 884 949 948
f 885 886 950
f 885 950 949
f 886 887 951
f 886 951 950
f 887 888 952
f 887 952 951
f 888 889 953
f 888 953 952
f 889 890 954
f 889 954 953
f 890 891 955
f 890 955 954
f 891 892 956
f 891 956 955
f 892 893 957
f 892 957 956
f 893 894 958
f 893 958 957
f 894 895 959
f 894 959 958
f 895 896 960
f 895 960 959
f 896 897 961
f 896 961 960
f 897 834 898
f 897 898 961
f 898 899 963
f 898 963 962
f 899 900 964
f 899 964 963
f 900 901 965
f 900 965 964
f 901 902 966
f 901 966 965
f 902 903 967
f 902 967 966
f 903 904 968
f 903 968 967
f 904 905 969
f 904 969 968
f 905 906 970
f 905 970 969
f 906 907 971
f 906 971 970
f 907 908 972
f 907 972 971
f 908 909 973
f 908 973 972
f 909 910 974
f 909 974 973
f 910 911 975
f 910 975 974
f 911 912 976
f 911 976 975
f 912 913 977
f 912 977 976
f 913 914 978
f 913 978 977
f 914 915 979
f 914 979 978
f 915 916 980
f 915 980 979
f 916 917 981
f 916 981 980
f 917 918 982
f 917 982 981
f 918 919 983
f 918 983 982
f 919 920 984
f 919 984 983
f 920 921 985
f 920 985 984
f 921 922 986
f 921 986 985
f 922 923 987
f 922 987 986
f 923 924 988
f 923 988 987
f 924 925 989
f 924 989 988
f 925 926 990
f 925 990 989
f 926 927 991
f 926 991 990
f 927 928 992
f 927 992 991
f 928 929 993
f 928 993 992
f 929 930 994
f 929 994 993
f 930 931 995
f 930 995 994
f 931 932 996
f 931 996 995
f 932 933 997
f 932 997 996
f 933 934 998
f 933 998 997
f 934 935 999
f 934 999 998
f 935 936 1000
f 935 1000 999
f 936 937 1001
f 936 1001 1000
f 937 938 1002
f 937 1002 1001
f 938 939 1003
f 938 1003 1002
f 939 940 1004
f 939 1004 1003
f 940 941 1005
f 940 1005 1004
f 941 942 1006
f 941 1006 1005
f 942 943 1007
f 942 1007 1006
f 943 944 1008
f 943 1008 1007
f 944 945 1009
f 944 1009 1008
f 945 946 1010
f 945 1010 1009
f 946 947 1011
f 946 1011 1010
f 947 948 1012
f 947 1012 1011
f 948 949 1013
f 948 1013 1012
f 949 950 1014
f 949 1014 1013
f 950 951 1015
f 950 1015 1014
f 951 952 1016
f 951 1016 1015
f 952 953 1017
f 952 1017 1016
f 953 954 1018
f 953 1018 1017
f 954 955 1019
f 954 1019 1018
f 955 956 1020
f 955 1020 1019
f 956 957 1021
f 956 1021 1020
f 957 958 1022
f 957 1022 1021
f 958 959 1023
f 958 1023 1022
f 959 960 1024
f 959 1024 1023
f 960 961 1025
f 960 1025 1024
f 961 898 962
f 961 962 1025
f 962 963 1027
f 962 1027 1026
f 963 964 1028
f 963 1028 1027
f 964 965 1029
f 964 1029 1028
f 965 966 1030
f 965 1030 1029
f 966 967 1031
f 966 1031 1030
f 967 968 1032
f 967 1032 1031
f 968 969 1033
f 968 1033 1032
f 969 970 1034
f 969 1034 1033
f 970 971 1035
f 970 1035 1034
f 971 972 1036
f 971 1036 1035
f 972 973 1037
f 972 1037 1036
f 973 974 1038
f 973 1038 1037
f 974 975 1039
f 974 1039 1038
f 975 976 1040
f 975 1040 1039
f 976 977 1041
f 976 1041 1040
f 977 978 1042
f 977 1042 1041
f 978 979 1043
f 978 1043 1042
f 979 980 1044
f 979 1044 1043
f 980 981 1045
f 980 1045 1044
f 981 982 1046
f 981 1046 1045
f 982 983 1047
f 982 1047 1046
f 983 984 1048
f 983 1048 1047
f 984 985 1049
f 984 1049 1048
f 985 986 1050
f 985 1050 1049
f 986 987 1051
f 986 1051 1050
f 987 988 1052
f 987 1052 1051
f 988 989 1053
f 988 1053 1052
f 989 990 1054
f 989 1054 1053
f 990 991 1055
f 990 1055 1054
f 991 992 1056
f 991 1056 1055
f 992 993 1057
f 992 1057 1056
f 993 994 1058
f 993 1058 1057
f 994 995 1059
f 994 1059 1058
f 995 996 1060
f 995 1060 1059
f 996 997 1061
f 996 1061 1060
f 997 998 1062
f 997 1062 1061
f 998 999 1063
f 998 1063 1062
f 999 1000 1064
f 999 1064 1063
f 1000 1001 1065
f 1000 1065 1064
f 1001 1002 1066
f 1001 1066 1065
f 1002 1003 1067
f 1002 1067 1066
f 1003 1004 1068
f 1003 1068 1067
f 1004 1005 1069
f 1004 1069 1068
f 1005 1006 1070
f 1005 1070 1069
f 1006 1007 1071
f 1006 1071 1070
f 1007 1008 1072
f 1007 1072 1071
f 1008 1009 1073
f 1008 1073 1072
f 1009 1010 1074
f 1009 1074 1073
f 1010 1011 1075
f 1010 1075 1074
f 1011 1012 1076
f 1011 1076 1075
f 1012 1013 1077
f 1012 1077 1076
f 1013 1014 1078
f 1013 1078 1077
f 1014 1015 1079
f 1014 1079 1078
f 1015 1016 1080
f 1015 1080 1079
f 1016 1017 1081
f 1016 1081 1080
f 1017 1018 1082
f 1017 1082 1081
f 1018 1019 1083
f 1018 1083 1082
f 1019 1020 1084
f 1019 1084 1083
f 1020 1021 1085
f 1020 1085 1084
f 1021 1022 1086
f 1021 1086 1085
f 1022 1023 1087
f 1022 1087 1086
f 1023 1024 1088
f 1023 1088 1087
f 1024 1025 1089
f 1024 1089 1088
f 1025 962 1026
f 1025 1026 1089
f 1026 1027 1091
f 1026 1091 1090
f 1027 1028 1092
f 1027 1092 1091
f 1028 1029 1093
f 1028 1093 1092
f 1029 1030 1094
f 1029 1094 1093
f 1030 1031 1095
f 1030 1095 1094
f 1031 1032 1096
f 1031 1096 1095
f 1032 1033 1097
f 1032 1097 1096
f 1033 1034 1098
f 1033 1098 1097
f 1034 1035 1099
f 1034 1099 1098
f 1035 1036 1100
f 1035 1100 1099
f 1036 1037 1101
f 1036 1101 1100
f 1037 1038 1102
f 1037 1102 1101
f 1038 1039 1103
f 1038 1103 1102
f 1039 1040 1104
f 1039 1104 1103
f 1040 1041 1105
f 1040 1105 1104
f 1041 1042 1106
f 1041 1106 1105
f 1042 1043 1107
f 1042 1107 1106
f 1043 1044 1108
f 1043 1108 1107
f 1044 1045 1109
f 1044 1109 1108
f 1045 1046 1110
f 1045 1110 1109
f 1046 1047 1111
f 1046 1111 1110
f 1047 1048 1112
f 1047 1112 1111
f 1048 1049 1113
f 1048 1113 1112
f 1049 1050 1114
f 1049 1114 1113
f 1050 1051 1115
f 1050 1115 1114
f 1051 1052 1116
f 1051 1116 1115
f 1052 1053 1117
f 1052 1117 1116
f 1053 1054 1118
f 1053 1118 1117
f 1054 1055 1119
f 1054 1119 1118
f 1055 1056 1120
f 1055 1120 1119
f 1056 1057 1121
f 1056 1121 1120
f 1057 1058 1122
f 1057 1122 1121
f 1058 1059 1123
f 1058 1123 1122
f 1059 1060 1124
f 1059 1124 1123
f 1060 1061 1125
f 1060 1125 1124
f 1061 1062 1126
f 1061 1126 1125
f 1062 1063 1127
f 1062 1127 1126
f 1063 1064 1128
f 1063 1128 1127
f 1064 1065 1129
f 1064 1129 1128
f 1065 1066 1130
f 1065 1130 1129
f 1066 1067 1131
f 1066 1131 1130
f 1067 1068 1132
f 1067 1132 1131
f 1068 1069 1133
f 1068 1133 1132
f 1069 1070 1134
f 1069 1134 1133
f 1070 1071 1135
f 1070 1135 1134
f 1071 1072 1136
f 1071 1136 1135
f 1072 1073 1137
f 1072 1137 1136
f 1073 1074 1138
f 1073 1138 1137
f 1074 1075 1139
f 1074 1139 1138
f 1075 1076 1140
f 1075 1140 1139
f 1076 1077 1141
f 1076 1141 1140
f 1077 1078 1142
f 1077 1142 1141
f 1078 1079 1143
f 1078 1143 1142
f 1079 1080 1144
f 1079 1144 1143
f 1080 1081 1145
f 1080 1145 1144
f 1081 1082 1146
f 1081 1146 1145
f 1082 1083 1147
f 1082 1147 1146
f 1083 1084 1148
f 1083 1148 1147
f 1084 1085 1149
f 1084 1149 1148
f 1085 1086 1150
f 1085 1150 1149
f 1086 1087 1151
f 1086 1151 1150
f 1087 1088 1152
f 1087 1152 1151
f 1088 1089 1153
f 1088 1153 1152
f 1089 1026 1090
f 1089 1090 1153
f 1090 1091 1155
f 1090 1155 1154
f 1091 1092 1156
f 1091 1156 1155
f 1092 1093 1157
f 1092 1157 1156
f 1093 1094 1158
f 1093 1158 1157
f 1094 1095 1159
f 1094 1159 1158
f 1095 1096 1160
f 1095 1160 1159
f 1096 1097 1161
f 1096 1161 1160
f 1097 1098 1162
f 1097 1162 1161
f 1098 1099 1163
f 1098 1163 1162
f 1099 1100 1164
f 1099 1164 1163
f 1100 1101 1165
f 1100 1165 1164
f 1101 1102 1166
f 1101 1166 1165
f 1102 1103 1167
f 1102 1167 1166
f 1103 1104 1168
f 1103 1168 1167
f 1104 1105 1169
f 1104 1169 1168
f 1105 1106 1170
f 1105 1170 1169
f 1106 1107 1171
f 1106 1171 1170
f 1107 1108 1172
f 1107 1172 1171
f 1108 1109 1173
f 1108 1173 1172
f 1109 1110 1174
f 1109 1174 1173
f 1110 1111 1175
f 1110 1175 1174
f 1111 1112 1176
f 1111 1176 1175
f 1112 1113 1177
f 1112 1177 1176
f 1113 1114 1178
f 1113 1178 1177
f 1114 1115 1179
f 1114 1179 1178
f 1115 1116 1180
f 1115 1180 1179
f 1116 1117 1181
f 1116 1181 1180
f 1117 1118 1182
f 1117 1182 1181
f 1118 1119 1183
f 1118 1183 1182
f 1119 1120 1184
f 1119 1184 1183
f 1120 1121 1185
f 1120 1185 1184
f 1121 1122 1186
f 1121 1186 1185
f 1122 1123 1187
f 1122 1187 1186
f 1123 1124 1188
f 1123 1188 1187
f 1124 1125 1189
f 1124 1189 1188
f 1125 1126 1190
f 1125 1190 1189
f 1126 1127 1191
f 1126 1191 1190
f 1127 1128 1192
f 1127 1192 1191
f 1128 1129 1193
f 1128 1193 1192
f 1129 1130 1194
f 1129 1194 1193
f 1130 1131 1195
f 1130 1195 1194
f 1131 1132 1196
f 1131 1196 1195
f 1132 1133 1197
f 1132 1197 1196
f 1133 1134 1198
f 1133 1198 1197
f 1134 1135 1199
f 1134 1199 1198
f 1135 1136 1200
f 1135 1200 1199
f 1136 1137 1201
f 1136 1201 1200
f 1137 1138 1202
f 1137 1202 1201
f 1138 1139 1203
f 1138 1203 1202
f 1139 1140 1204
f 1139 1204 1203
f 1140 1141 1205
f 1140 1205 1204
f 1141 1142 1206
f 1141 1206 1205
f 1142 1143 1207
f 1142 1207 1206
f 1143 1144 1208
f 1143 1208 1207
f 1144 1145 1209
f 1144 1209 1208
f 1145 1146 1210
f 1145 1210 1209
f 1146 1147 1211
f 1146 1211 1210
f 1147 1148 1212
f 1147 1212 1211
f 1148 1149 1213
f 1148 1213 1212
f 1149 1150 1214
f 1149 1214 1213
f 1150 1151 1215
f 1150 1215 1214
f 1151 1152 1216
f 1151 1216 1215
f 1152 1153 1217
f 1152 1217 1216
f 1153 1090 1154
f 1153 1154 1217
f 1154 1155 1219
f 1154 1219 1218
f 1155 1156 1220
f 1155 1220 1219
f 1156 1157 1221
f 1156 1221 1220
f 1157 1158 1222
f 1157 1222 1221
f 1158 1159 1223
f 1158 1223 1222
f 1159 1160 1224
f 1159 1224 1223
f 1160 1161 1225
f 1160 1225 1224
f 1161 1162 1226
f 1161 1226 1225
f 1162 1163 1227
f 1162 1227 1226
f 1163 1164 1228
f 1163 1228 1227
f 1164 1165 1229
f 1164 1229 1228
f 1165 1166 1230
f 1165 1230 1229
f 1166 1167 1231
f 1166 1231 1230
f 1167 1168 1232
f 1167 1232 1231
f 1168 1169 1233
f 1168 1233 1232
f 1169 1170 1234
f 1169 1234 1233
f 1170 1171 1235
f 1170 1235 1234
f 1171 1172 1236
f 1171 1236 1235
f 1172 1173 1237
f 1172 1237 1236
f 1173 1174 1238
f 1173 1238 1237
f 1174 1175 1239
f 1174 1239 1238
f 1175 1176 1240
f 1175 1240 1239
f 1176 1177 1241
f 1176 1241 1240
f 1177 1178 1242
f 1177 1242 1241
f 1178 1179 1243
f 1178 1243 1242
f 1179 1180 1244
f 1179 1244 1243
f 1180 1181 1245
f 1180 1245 1244
f 1181 1182 1246
f 1181 1246 1245
f 1182 1183 1247
f 1182 1247 1246
f 1183 1184 1248
f 1183 1248 1247
f 1184 1185 1249
f 1184 1249 1248
f 1185 1186 1250
f 1185 1250 1249
f 1186 1187 1251
f 1186 1251 1250
f 1187 1188 1252
f 1187 1252 1251
f 1188 1189 1253
f 1188 1253 1252
f 1189 1190 1254
f 1189 1254 1253
f 1190 1191 1255
f 1190 1255 1254
f 1191 1192 1256
f 1191 1256 1255
f 1192 1193 1257
f 1192 1257 1256
f 1193 1194 1258
f 1193 1258 1257
f 1194 1195 1259
f 1194 1259 1258
f 1195 1196 1260
f 1195 1260 1259
f 1196 1197 1261
f 1196 1261 1260
f 1197 1198 1262
f 1197 1262 1261
f 1198 1199 1263
f 1198 1263 1262
f 1199 1200 1264
f 1199 1264 1263
f 1200 1201 1265
f 1200 1265 1264
f 1201 1202 1266
f 1201 1266 1265
f 1202 1203 1267
f 1202 1267 1266
f 1203 1204 1268
f 1203 1268 1267
f 1204 1205 1269
f 1204 1269 1268
f 1205 1206 1270
f 1205 1270 1269
f 1206 1207 1271
f 1206 1271 1270
f 1207 1208 1272
f 1207 1272 1271
f 1208 1209 1273
f 1208 1273 1272
f 1209 1210 1274
f 1209 1274 1273
f 1210 1211 1275
f 1210 1275 1274
f 1211 1212 1276
f 1211 1276 1275
f 1212 1213 1277
f 1212 1277 1276
f 1213 1214 1278
f 1213 1278 1277
f 1214 1215 1279
f 1214 1279 1278
f 1215 1216 1280
f 1215 1280 1279
f 1216 1217 1281
f 1216 1281 1280
f 1217 1154 1218
f 1217 1218 1281
f 1218 1219 1283
f 1218 1283 1282
f 1219 1220 1284
f 1219 1284 1283
f 1220 1221 1285
f 1220 1285 1284
f 1221 1222 1286
f 1221 1286 1285
f 1222 1223 1287
f 1222 1287 1286
f 1223 1224 1288
f 1223 1288 1287
f 1224 1225 1289
f 1224 1289 1288
f 1225 1226 1290
f 1225 1290 1289
f 1226 1227 1291
f 1226 1291 1290
f 1227 1228 1292
f 1227 1292 1291
f 1228 1229 1293
f 1228 1293 1292
f 1229 1230 1294
f 1229 1294 1293
f 1230 1231 1295
f 1230 1295 1294
f 1231 1232 1296
f 1231 1296 1295
f 1232 1233 1297
f 1232 1297 1296
f 1233 1234 1298
f 1233 1298 1297
f 1234 1235 1299
f 1234 1299 1298
f 1235 1236 1300
f 1235 1300 1299
f 1236 1237 1301
f 1236 1301 1300
f 1237 1238 1302
f 1237 1302 1301
f 1238 1239 1303
f 1238 1303 1302
f 1239 1240 1304
f 1239 1304 1303
f 1240 1241 1305
f 1240 1305 1304
f 1241 1242 1306
f 1241 1306 1305
f 1242 1243 1307
f 1242 1307 1306
f 1243 1244 1308
f 1243 1308 1307
f 1244 1245 1309
f 1244 1309 1308
f 1245 1246 1310
f 1245 1310 1309
f 1246 1247 1311
f 1246 1311 1310
f 1247 1248 1312
f 1247 1312 1311
f 1248 1249 1313
f 1248 1313 1312
f 1249 1250 1314
f 1249 1314 1313
f 1250 1251 1315
f 1250 1315 1314
f 1251 1252 1316
f 1251 1316 1315
f 1252 1253 1317
f 1252 1317 1316
f 1253 1254 1318
f 1253 1318 1317
f 1254 1255 1319
f 1254 1319 1318
f 1255 1256 1320
f 1255 1320 1319
f 1256 1257 1321
f 1256 1321 1320
f 1257 1258 1322
f 1257 1322 1321
f 1258 1259 1323
f 1258 1323 1322
f 1259 1260 1324
f 1259 1324 1323
f 1260 1261 1325
f 1260 1325 1324
f 1261 1262 1326
f 1261 1326 1325
f 1262 1263 1327
f 1262 1327 1326
f 1263 1264 1328
f 1263 1328 1327
f 1264 1265 1329
f 1264 1329 1328
f 1265 1266 1330
f 1265 1330 1329
f 1266 1267 1331
f 1266 1331 1330
f 1267 1268 1332
f 1267 1332 1331
f 1268 1269 1333
f 1268 1333 1332
f 1269 1270 1334
f 1269 1334 1333
f 1270 1271 1335
f 1270 1335 1334
f 1271 1272 1336
f 1271 1336 1335
f 1272 1273 1337
f 1272 1337 1336
f 1273 1274 1338
f 1273 1338 1337
f 1274 1275 1339
f 1274 1339 1338
f 1275 1276 1340
f 1275 1340 1339
f 1276 1277 1341
f 1276 1341 1340
f 1277 1278 1342
f 1277 1342 1341
f 1278 1279 1343
f 1278 1343 1342
f 1279 1280 1344
f 1279 1344 1343
f 1280 1281 1345
f 1280 1345 1344
f 1281 1218 1282
f 1281 1282 1345
f 1282 1283 1347
f 1282 1347 1346
f 1283 1284 1348
f 1283 1348 1347
f 1284 1285 1349
f 1284 1349 1348
f 1285 1286 1350
f 1285 1350 1349
f 1286 1287 1351
f 1286 1351 1350
f 1287 1288 1352
f 1287 1352 1351
f 1288 1289 1353
f 1288 1353 1352
f 1289 1290 1354
f 1289 1354 1353
f 1290 1291 1355
f 1290 1355 1354
f 1291 1292 1356
f 1291 1356 1355
f 1292 1293 1357
f 1292 1357 1356
f 1293 1294 1358
f 1293 1358 1357
f 1294 1295 1359
f 1294 1359 1358
f 1295 1296 1360
f 1295 1360 1359
f 1296 1297 1361
f 1296 1361 1360
f 1297 1298 1362
f 1297 1362 1361
f 1298 1299 1363
f 1298 1363 1362
f 1299 1300 1364
f 1299 1364 1363
f 1300 1301 1365
f 1300 1365 1364
f 1301 1302 1366
f 1301 1366 1365
f 1302 1303 1367
f 1302 1367 1366
f 1303 1304 1368
f 1303 1368 1367
f 1304 1305 1369
f 1304 1369 1368
f 1305 1306 1370
f 1305 1370 1369
f 1306 1307 1371
f 1306 1371 1370
f 1307 1308 1372
f 1307 1372 1371
f 1308 1309 1373
f 1308 1373 1372
f 1309 1310 1374
f 1309 1374 1373
f 1310 1311 1375
f 1310 1375 1374
f 1311 1312 1376
f 1311 1376 1375
f 1312 1313 1377
f 1312 1377 1376
f 1313 1314 1378
f 1313 1378 1377
f 1314 1315 1379
f 1314 1379 1378
f 1315 1316 1380
f 1315 1380 1379
f 1316 1317 1381
f 1316 1381 1380
f 1317 1318 1382
f 1317 1382 1381
f 1318 1319 1383
f 1318 1383 1382
f 1319 1320 1384
f 1319 1384 1383
f 1320 1321 1385
f 1320 1385 1384
f 1321 1322 1386
f 1321 1386 1385
f 1322 1323 1387
f 1322 1387 1386
f 1323 1324 1388
f 1323 1388 1387
f 1324 1325 1389
f 1324 1389 1388
f 1325 1326 1390
f 1325 1390 1389
f 1326 1327 1391
f 1326 1391 1390
f 1327 1328 1392
f 1327 1392 1391
f 1328 1329 1393
f 1328 1393 1392
f 1329 1330 1394
f 1329 1394 1393
f 1330 1331 1395
f 1330 1395 1394
f 1331 1332 1396
f 1331 1396 1395
f 1332 1333 1397
f 1332 1397 1396
f 1333 1334 1398
f 1333 1398 1397
f 1334 1335 1399
f 1334 1399 1398
f 1335 1336 1400
f 1335 1400 1399
f 1336 1337 1401
f 1336 1401 1400
f 1337 1338 1402
f 1337 1402 1401
f 1338 1339 1403
f 1338 1403 1402
f 1339 1340 1404
f 1339 1404 1403
f 1340 1341 1405
f 1340 1405 1404
f 1341 1342 1406
f 1341 1406 1405
f 1342 1343 1407
f 1342 1407 1406
f 1343 1344 1408
f 1343 1408 1407
f 1344 1345 1409
f 1344 1409 1408
f 1345 1282 1346
f 1345 1346 1409
f 1346 1347 1411
f 1346 1411 1410
f 1347 1348 1412
f 1347 1412 1411
f 1348 1349 1413
f 1348 1413 1412
f 1349 1350 1414
f 1349 1414 1413
f 1350 1351 1415
f 1350 1415 1414
f 1351 1352 1416
f 1351 1416 1415
f 1352 1353 1417
f 1352 1417 1416
f 1353 1354 1418
f 1353 1418 1417
f 1354 1355 1419
f 1354 1419 1418
f 1355 1356 1420
f 1355 1420 1419
f 1356 1357 1421
f 1356 1421 1420
f 1357 1358 1422
f 1357 1422 1421
f 1358 1359 1423
f 1358 1423 1422
f 1359 1360 1424
f 1359 1424 1423
f 1360 1361 1425
f 1360 1425 1424
f 1361 1362 1426
f 1361 1426 1425
f 1362 1363 1427
f 1362 1427 1426
f 1363 1364 1428
f 1363 1428 1427
f 1364 1365 1429
f 1364 1429 1428
f 1365 1366 1430
f 1365 1430 1429
f 1366 1367 1431
f 1366 1431 1430
f 1367 1368 1432
f 1367 1432 1431
f 1368 1369 1433
f 1368 1433 1432
f 1369 1370 1434
f 1369 1434 1433
f 1370 1371 1435
f 1370 1435 1434
f 1371 1372 1436
f 1371 1436 1435
f 1372 1373 1437
f 1372 1437 1436
f 1373 1374 1438
f 1373 1438 1437
f 1374 1375 1439
f 1374 1439 1438
f 1375 1376 1440
f 1375 1440 1439
f 1376 1377 1441
f 1376 1441 1440
f 1377 1378 1442
f 1377 1442 1441
f 1378 1379 1443
f 1378 1443 1442
f 1379 1380 1444
f 1379 1444 1443
f 1380 1381 1445
f 1380 1445 1444
f 1381 1382 1446
f 1381 1446 1445
f 1382 1383 1447
f 1382 1447 1446
f 1383 1384 1448
f 1383 1448 1447
f 1384 1385 1449
f 1384 1449 1448
f 1385 1386 1450
f 1385 1450 1449
f 1386 1387 1451
f 1386 1451 1450
f 1387 1388 1452
f 1387 1452 1451
f 1388 1389 1453
f 1388 1453 1452
f 1389 1390 1454
f 1389 1454 1453
f 1390 1391 1455
f 1390 1455 1454
f 1391 1392 1456
f 1391 1456 1455
f 1392 1393 1457
f 1392 1457 1456
f 1393 1394 1458
f 1393 1458 1457
f 1394 1395 1459
f 1394 1459 1458
f 1395 1396 1460
f 1395 1460 1459
f 1396 1397 1461
f 1396 1461 1460
f 1397 1398 1462
f 1397 1462 1461
f 1398 1399 1463
f 1398 1463 1462
f 1399 1400 1464
f 1399 1464 1463
f 1400 1401 1465
f 1400 1465 1464
f 1401 1402 1466
f 1401 1466 1465
f 1402 1403 1467
f 1402 1467 1466
f 1403 1404 1468
f 1403 1468 1467
f 1404 1405 1469
f 1404 1469 1468
f 1405 1406 1470
f 1405 1470 1469
f 1406 1407 1471
f 1406 1471 1470
f 1407 1408 1472
f 1407 1472 1471
f 1408 1409 1473
f 1408 1473 1472
f 1409 1346 1410
f 1409 1410 1473
f 1410 1411 1475
f 1410 1475 1474
f 1411 1412 1476
f 1411 1476 1475
f 1412 1413 1477
f 1412 1477 1476
f 1413 1414 1478
f 1413 1478 1477
f 1414 1415 1479
f 1414 1479 1478
f 1415 1416 1480
f 1415 1480 1479
f 1416 1417 1481
f 1416 1481 1480
f 1417 1418 1482
f 1417 1482 1481
f 1418 1419 1483
f 1418 1483 1482
f 1419 1420 1484
f 1419 1484 1483
f 1420 1421 1485
f 1420 1485 1484
f 1421 1422 1486
f 1421 1486 1485
f 1422 1423 1487
f 1422 1487 1486
f 1423 1424 1488
f 1423 1488 1487
f 1424 1425 1489
f 1424 1489 1488
f 1425 1426 1490
f 1425 1490 1489
f 1426 1427 1491
f 1426 1491 1490
f 1427 1428 1492
f 1427 1492 1491
f 1428 1429 1493
f 1428 1493 1492
f 1429 1430 1494
f 1429 1494 1493
f 1430 1431 1495
f 1430 1495 1494
f 1431 1432 1496
f 1431 1496 1495
f 1432 1433 1497
f 1432 1497 1496
f 1433 1434 1498
f 1433 1498 1497
f 1434 1435 1499
f 1434 1499 1498
f 1435 1436 1500
f 1435 1500 1499
f 1436 1437 1501
f 1436 1501 1500
f 1437 1438 1502
f 1437 1502 1501
f 1438 1439 1503
f 1438 1503 1502
f 1439 1440 1504
f 1439 1504 1503
f 1440 1441 1505
f 1440 1505 1504
f 1441 1442 1506
f 1441 1506 1505
f 1442 1443 1507
f 1442 1507 1506
f 1443 1444 1508
f 1443 1508 1507
f 1444 1445 1509
f 1444 1509 1508
f 1445 1446 1510
f 1445 1510 1509
f 1446 1447 1511
f 1446 1511 1510
f 1447 1448 1512
f 1447 1512 1511
f 1448 1449 1513
f 1448 1513 1512
f 1449 1450 1514
f 1449 1514 1513
f 1450 1451 1515
f 1450 1515 1514
f 1451 1452 1516
f 1451 1516 1515
f 1452 1453 1517
f 1452 1517 1516
f 1453 1454 1518
f 1453 1518 1517
f 1454 1455 1519
f 1454 1519 1518
f 1455 1456 1520
f 1455 1520 1519
f 1456 1457 1521
f 1456 1521 1520
f 1457 1458 1522
f 1457 1522 1521
f 1458 1459 1523
f 1458 1523 1522
f 1459 1460 1524
f 1459 1524 1523
f 1460 1461 1525
f 1460 1525 1524
f 1461 1462 1526
f 1461 1526 1525
f 1462 1463 1527
f 1462 1527 1526
f 1463 1464 1528
f 1463 1528 1527
f 1464 1465 1529
f 1464 1529 1528
f 1465 1466 1530
f 1465 1530 1529
f 1466 1467 1531
f 1466 1531 1530
f 1467 1468 1532
f 1467 1532 1531
f 1468 1469 1533
f 1468 1533 1532
f 1469 1470 1534
f 1469 1534 1533
f 1470 1471 1535
f 1470 1535 1534
f 1471 1472 1536
f 1471 1536 1535
f 1472 1473 1537
f 1472 1537 1536
f 1473 1410 1474
f 1473 1474 1537
f 1474 1475 1539
f 1474 1539 1538
f 1475 1476 1540
f 1475 1540 1539
f 1476 1477 1541
f 1476 1541 1540
f 1477 1478 1542
f 1477 1542 1541
f 1478 1479 1543
f 1478 1543 1542
f 1479 1480 1544
f 1479 1544 1543
f 1480 1481 1545
f 1480 1545 1544
f 1481 1482 1546
f 1481 1546 1545
f 1482 1483 1547
f 1482 1547 1546
f 1483 1484 1548
f 1483 1548 1547
f 1484 1485 1549
f 1484 1549 1548
f 1485 1486 1550
f 1485 1550 1549
f 1486 1487 1551
f 1486 1551 1550
f 1487 1488 1552
f 1487 1552 1551
f 1488 1489 1553
f 1488 1553 1552
f 1489 1490 1554
f 1489 1554 1553
f 1490 1491 1555
f 1490 1555 1554
f 1491 1492 1556
f 1491 1556 1555
f 1492 1493 1557
f 1492 1557 1556
f 1493 1494 1558
f 1493 1558 1557
f 1494 1495 1559
f 1494 1559 1558
f 1495 1496 1560
f 1495 1560 1559
f 1496 1497 1561
f 1496 1561 1560
f 1497 1498 1562
f 1497 1562 1561
f 1498 1499 1563
f 1498 1563 1562
f 1499 1500 1564
f 1499 1564 1563
f 1500 1501 1565
f 1500 1565 1564
f 1501 1502 1566
f 1501 1566 1565
f 1502 1503 1567
f 1502 1567 1566
f 1503 1504 1568
f 1503 1568 1567
f 1504 1505 1569
f 1504 1569 1568
f 1505 1506 1570
f 1505 1570 1569
f 1506 1507 1571
f 1506 1571 1570
f 1507 1508 1572
f 1507 1572 1571
f 1508 1509 1573
f 1508 1573 1572
f 1509 1510 1574
f 1509 1574 1573
f 1510 1511 1575
f 1510 1575 1574
f 1511 1512 1576
f 1511 1576 1575
f 1512 1513 1577
f 1512 1577 1576
f 1513 1514 1578
f 1513 1578 1577
f 1514 1515 1579
f 1514 1579 1578
f 1515 1516 1580
f 1515 1580 1579
f 1516 1517 1581
f 1516 1581 1580
f 1517 1518 1582
f 1517 1582 1581
f 1518 1519 1583
f 1518 1583 1582
f 1519 1520 1584
f 1519 1584 1583
f 1520 1521 1585
f 1520 1585 1584
f 1521 1522 1586
f 1521 1586 1585
f 1522 1523 1587
f 1522 1587 1586
f 1523 1524 1588
f 1523 1588 1587
f 1524 1525 1589
f 1524 1589 1588
f 1525 1526 1590
f 1525 1590 1589
f 1526 1527 1591
f 1526 1591 1590
f 1527 1528 1592
f 1527 1592 1591
f 1528 1529 1593
f 1528 1593 1592
f 1529 1530 1594
f 1529 1594 1593
f 1530 1531 1595
f 1530 1595 1594
f 1531 1532 1596
f 1531 1596 1595
f 1532 1533 1597
f 1532 1597 1596
f 1533 1534 1598
f 1533 1598 1597
f 1534 1535 1599
f 1534 1599 1598
f 1535 1536 1600
f 1535 1600 1599
f 1536 1537 1601
f 1536 1601 1600
f 1537 1474 1538
f 1537 1538 1601
f 1538 1539 1603
f 1538 1603 1602
f 1539 1540 1604
f 1539 1604 1603
f 1540 1541 1605
f 1540 1605 1604
f 1541 1542 1606
f 1541 1606 1605
f 1542 1543 1607
f 1542 1607 1606
f 1543 1544 1608
f 1543 1608 1607
f 1544 1545 1609
f 1544 1609 1608
f 1545 1546 1610
f 1545 1610 1609
f 1546 1547 1611
f 1546 1611 1610
f 1547 1548 1612
f 1547 1612 1611
f 1548 1549 1613
f 1548 1613 1612
f 1549 1550 1614
f 1549 1614 1613
f 1550 1551 1615
f 1550 1615 1614
f 1551 1552 1616
f 1551 1616 1615
f 1552 1553 1617
f 1552 1617 1616
f 1553 1554 1618
f 1553 1618 1617
f 1554 1555 1619
f 1554 1619 1618
f 1555 1556 1620
f 1555 1620 1619
f 1556 1557 1621
f 1556 1621 1620
f 1557 1558 1622
f 1557 1622 1621
f 1558 1559 1623
f 1558 1623 1622
f 1559 1560 1624
f 1559 1624 1623
f 1560 1561 1625
f 1560 1625 1624
f 1561 1562 1626
f 1561 1626 1625
f 1562 1563 1627
f 1562 1627 1626
f 1563 1564 1628
f 1563 1628 1627
f 1564 1565 1629
f 1564 1629 1628
f 1565 1566 1630
f 1565 1630 1629
f 1566 1567 1631
f 1566 1631 1630
f 1567 1568 1632
f 1567 1632 1631
f 1568 1569 1633
f 1568 1633 1632
f 1569 1570 1634
f 1569 1634 1633
f 1570 1571 1635
f 1570 1635 1634
f 1571 1572 1636
f 1571 1636 1635
f 1572 1573 1637
f 1572 1637 1636
f 1573 1574 1638
f 1573 1638 1637
f 1574 1575 1639
f 1574 1639 1638
f 1575 1576 1640
f 1575 1640 1639
f 1576 1577 1641
f 1576 1641 1640
f 1577 1578 1642
f 1577 1642 1641
f 1578 1579 1643
f 1578 1643 1642
f 1579 1580 1644
f 1579 1644 1643
f 1580 1581 1645
f 1580 1645 1644
f 1581 1582 1646
f 1581 1646 1645
f 1582 1583 1647
f 1582 1647 1646
f 1583 1584 1648
f 1583 1648 1647
f 1584 1585 1649
f 1584 1649 1648
f 1585 1586 1650
f 1585 1650 1649
f 1586 1587 1651
f 1586 1651 1650
f 1587 1588 1652
f 1587 1652 1651
f 1588 1589 1653
f 1588 1653 1652
f 1589 1590 1654
f 1589 1654 1653
f 1590 1591 1655
f 1590 1655 1654
f 1591 1592 1656
f 1591 1656 1655
f 1592 1593 1657
f 1592 1657 1656
f 1593 1594 1658
f 1593 1658 1657
f 1594 1595 1659
f 1594 1659 1658
f 1595 1596 1660
f 1595 1660 1659
f 1596 1597 1661
f 1596 1661 1660
f 1597 1598 1662
f 1597 1662 1661
f 1598 1599 1663
f 1598 1663 1662
f 1599 1600 1664
f 1599 1664 1663
f 1600 1601 1665
f 1600 1665 1664
f 1601 1538 1602
f 1601 1602 1665
f 1602 1603 1667
f 1602 1667 1666
f 1603 1604 1668
f 1603 1668 1667
f 1604 1605 1669
f 1604 1669 1668
f 1605 1606 1670
f 1605 1670 1669
f 1606 1607 1671
f 1606 1671 1670
f 1607 1608 1672
f 1607 1672 1671
f 1608 1609 1673
f 1608 1673 1672
f 1609 1610 1674
f 1609 1674 1673
f 1610 1611 1675
f 1610 1675 1674
f 1611 1612 1676
f 1611 1676 1675
f 1612 1613 1677
f 1612 1677 1676
f 1613 1614 1678
f 1613 1678 1677
f 1614 1615 1679
f 1614 1679 1678
f 1615 1616 1680
f 1615 1680 1679
f 1616 1617 1681
f 1616 1681 1680
f 1617 1618 1682
f 1617 1682 1681
f 1618 1619 1683
f 1618 1683 1682
f 1619 1620 1684
f 1619 1684 1683
f 1620 1621 1685
f 1620 1685 1684
f 1621 1622 1686
f 1621 1686 1685
f 1622 1623 1687
f 1622 1687 1686
f 1623 1624 1688
f 1623 1688 1687
f 1624 1625 1689
f 1624 1689 1688
f 1625 1626 1690
f 1625 1690 1689
f 1626 1627 1691
f 1626 1691 1690
f 1627 1628 1692
f 1627 1692 1691
f 1628 1629 1693
f 1628 1693 1692
f 1629 1630 1694
f 1629 1694 1693
f 1630 1631 1695
f 1630 1695 1694
f 1631 1632 1696
f 1631 1696 1695
f 1632 1633 1697
f 1632 1697 1696
f 1633 1634 1698
f 1633 1698 1697
f 1634 1635 1699
f 1634 1699 1698
f 1635 1636 1700
f 1635 1700 1699
f 1636 1637 1701
f 1636 1701 1700
f 1637 1638 1702
f 1637 1702 1701
f 1638 1639 1703
f 1638 1703 1702
f 1639 1640 1704
f 1639 1704 1703
f 1640 1641 1705
f 1640 1705 1704
f 1641 1642 1706
f 1641 1706 1705
f 1642 1643 1707
f 1642 1707 1706
f 1643 1644 1708
f 1643 1708 1707
f 1644 1645 1709
f 1644 1709 1708
f 1645 1646 1710
f 1645 1710 1709
f 1646 1647 1711
f 1646 1711 1710
f 1647 1648 1712
f 1647 1712 1711
f 1648 1649 1713
f 1648 1713 1712
f 1649 1650 1714
f 1649 1714 1713
f 1650 1651 1715
f 1650 1715 1714
f 1651 1652 1716
f 1651 1716 1715
f 1652 1653 1717
f 1652 1717 1716
f 1653 1654 1718
f 1653 1718 1717
f 1654 1655 1719
f 1654 1719 1718
f 1655 1656 1720
f 1655 1720 1719
f 1656 1657 1721
f 1656 1721 1720
f 1657 1658 1722
f 1657 1722 1721
f 1658 1659 1723
f 1658 1723 1722
f 1659 1660 1724
f 1659 1724 1723
f 1660 1661 1725
f 1660 1725 1724
f 1661 1662 1726
f 1661 1726 1725
f 1662 1663 1727
f 1662 1727 1726
f 1663 1664 1728
f 1663 1728 1727
f 1664 1665 1729
f 1664 1729 1728
f 1665 1602 1666
f 1665 1666 1729
f 1666 1667 1731
f 1666 1731 1730
f 1667 1668 1732
f 1667 1732 1731
f 1668 1669 1733
f 1668 1733 1732
f 1669 1670 1734
f 1669 1734 1733
f 1670 1671 1735
f 1670 1735 1734
f 1671 1672 1736
f 1671 1736 1735
f 1672 1673 1737
f 1672 1737 1736
f 1673 1674 1738
f 1673 1738 1737
f 1674 1675 1739
f 1674 1739 1738
f 1675 1676 1740
f 1675 1740 1739
f 1676 1677 1741
f 1676 1741 1740
f 1677 1678 1742
f 1677 1742 1741
f 1678 1679 1743
f 1678 1743 1742
f 1679 1680 1744
f 1679 1744 1743
f 1680 1681 1745
f 1680 1745 1744
f 1681 1682 1746
f 1681 1746 1745
f 1682 1683 1747
f 1682 1747 1746
f 1683 1684 1748
f 1683 1748 1747
f 1684 1685 1749
f 1684 1749 1748
f 1685 1686 1750
f 1685 1750 1749
f 1686 1687 1751
f 1686 1751 1750
f 1687 1688 1752
f 1687 1752 1751
f 1688 1689 1753
f 1688 1753 1752
f 1689 1690 1754
f 1689 1754 1753
f 1690 1691 1755
f 1690 1755 1754
f 1691 1692 1756
f 1691 1756 1755
f 1692 1693 1757
f 1692 1757 1756
f 1693 1694 1758
f 1693 1758 1757
f 1694 1695 1759
f 1694 1759 1758
f 1695 1696 1760
f 1695 1760 1759
f 1696 1697 1761
f 1696 1761 1760
f 1697 1698 1762
f 1697 1762 1761
f 1698 1699 1763
f 1698 1763 1762
f 1699 1700 1764
f 1699 1764 1763
f 1700 1701 1765
f 1700 1765 1764
f 1701 1702 1766
f 1701 1766 1765
f 1702 1703 1767
f 1702 1767 1766
f 1703 1704 1768
f 1703 1768 1767
f 1704 1705 1769
f 1704 1769 1768
f 1705 1706 1770
f 1705 1770 1769
f 1706 1707 1771
f 1706 1771 1770
f 1707 1708 1772
f 1707 1772 1771
f 1708 1709 1773
f 1708 1773 1772
f 1709 1710 1774
f 1709 1774 1773
f 1710 1711 1775
f 1710 1775 1774
f 1711 1712 1776
f 1711 1776 1775
f 1712 1713 1777
f 1712 1777 1776
f 1713 1714 1778
f 1713 1778 1777
f 1714 1715 1779
f 1714 1779 1778
f 1715 1716 1780
f 1715 1780 1779
f 1716 1717 1781
f 1716 1781 1780
f 1717 1718 1782
f 1717 1782 1781
f 1718 1719 1783
f 1718 1783 1782
f 1719 1720 1784
f 1719 1784 1783
f 1720 1721 1785
f 1720 1785 1784
f 1721 1722 1786
f 1721 1786 1785
f 1722 1723 1787
f 1722 1787 1786
f 1723 1724 1788
f 1723 1788 1787
f 1724 1725 1789
f 1724 1789 1788
f 1725 1726 1790
f 1725 1790 1789
f 1726 1727 1791
f 1726 1791 1790
f 1727 1728 1792
f 1727 1792 1791
f 1728 1729 1793
f 1728 1793 1792
f 1729 1666 1730
f 1729 1730 1793
f 1730 1731 1795
f 1730 1795 1794
f 1731 1732 1796
f 1731 1796 1795
f 1732 1733 1797
f 1732 1797 1796
f 1733 1734 1798
f 1733 1798 1797
f 1734 1735 1799
f 1734 1799 1798
f 1735 1736 1800
f 1735 1800 1799
f 1736 1737 1801
f 1736 1801 1800
f 1737 1738 1802
f 1737 1802 1801
f 1738 1739 1803
f 1738 1803 1802
f 1739 1740 1804
f 1739 1804 1803
f 1740 1741 1805
f 1740 1805 1804
f 1741 1742 1806
f 1741 1806 1805
f 1742 1743 1807
f 1742 1807 1806
f 1743 1744 1808
f 1743 1808 1807
f 1744 1745 1809
f 1744 1809 1808
f 1745 1746 1810
f 1745 1810 1809
f 1746 1747 1811
f 1746 1811 1810
f 1747 1748 1812
f 1747 1812 1811
f 1748 1749 1813
f 1748 1813 1812
f 1749 1750 1814
f 1749 1814 1813
f 1750 1751 1815
f 1750 1815 1814
f 1751 1752 1816
f 1751 1816 1815
f 1752 1753 1817
f 1752 1817 1816
f 1753 1754 1818
f 1753 1818 1817
f 1754 1755 1819
f 1754 1819 1818
f 1755 1756 1820
f 1755 1820 1819
f 1756 1757 1821
f 1756 1821 1820
f 1757 1758 1822
f 1757 1822 1821
f 1758 1759 1823
f 1758 1823 1822
f 1759 1760 1824
f 1759 1824 1823
f 1760 1761 1825
f 1760 1825 1824
f 1761 1762 1826
f 1761 1826 1825
f 1762 1763 1827
f 1762 1827 1826
f 1763 1764 1828
f 1763 1828 1827
f 1764 1765 1829
f 1764 1829 1828
f 1765 1766 1830
f 1765 1830 1829
f 1766 1767 1831
f 1766 1831 1830
f 1767 1768 1832
f 1767 1832 1831
f 1768 1769 1833
f 1768 1833 1832
f 1769 1770 1834
f 1769 1834 1833
f 1770 1771 1835
f 1770 1835 1834
f 1771 1772 1836
f 1771 1836 1835
f 1772 1773 1837
f 1772 1837 1836
f 1773 1774 1838
f 1773 1838 1837
f 1774 1775 1839
f 1774 1839 1838
f 1775 1776 1840
f 1775 1840 1839
f 1776 1777 1841
f 1776 1841 1840
f 1777 1778 1842
f 1777 1842 1841
f 1778 1779 1843
f 1778 1843 1842
f 1779 1780 1844
f 1779 1844 1843
f 1780 1781 1845
f 1780 1845 1844
f 1781 1782 1846
f 1781 1846 1845
f 1782 1783 1847
f 1782 1847 1846
f 1783 1784 1848
f 1783 1848 1847
f 1784 1785 1849
f 1784 1849 1848
f 1785 1786 1850
f 1785 1850 1849
f 1786 1787 1851
f 1786 1851 1850
f 1787 1788 1852
f 1787 1852 1851
f 1788 1789 1853
f 1788 1853 1852
f 1789 1790 1854
f 1789 1854 1853
f 1790 1791 1855
f 1790 1855 1854
f 1791 1792 1856
f 1791 1856 1855
f 1792 1793 1857
f 1792 1857 1856
f 1793 1730 1794
f 1793 1794 1857
f 1794 1795 1859
f 1794 1859 1858
f 1795 1796 1860
f 1795 1860 1859
f 1796 1797 1861
f 1796 1861 1860
f 1797 1798 1862
f 1797 1862 1861
f 1798 1799 1863
f 1798 1863 1862
f 1799 1800 1864
f 1799 1864 1863
f 1800 1801 1865
f 1800 1865 1864
f 1801 1802 1866
f 1801 1866 1865
f 1802 1803 1867
f 1802 1867 1866
f 1803 1804 1868
f 1803 1868 1867
f 1804 1805 1869
f 1804 1869 1868
f 1805 1806 1870
f 1805 1870 1869
f 1806 1807 1871
f 1806 1871 1870
f 1807 1808 1872
f 1807 1872 1871
f 1808 1809 1873
f 1808 1873 1872
f 1809 1810 1874
f 1809 1874 1873
f 1810 1811 1875
f 1810 1875 1874
f 1811 1812 1876
f 1811 1876 1875
f 1812 1813 1877
f 1812 1877 1876
f 1813 1814 1878
f 1813 1878 1877
f 1814 1815 1879
f 1814 1879 1878
f 1815 1816 1880
f 1815 1880 1879
f 1816 1817 1881
f 1816 1881 1880
f 1817 1818 1882
f 1817 1882 1881
f 1818 1819 1883
f 1818 1883 1882
f 1819 1820 1884
f 1819 1884 1883
f 1820 1821 1885
f 1820 1885 1884
f 1821 1822 1886
f 1821 1886 1885
f 1822 1823 1887
f 1822 1887 1886
f 1823 1824 1888
f 1823 1888 1887
f 1824 1825 1889
f 1824 1889 1888
f 1825 1826 1890
f 1825 1890 1889
f 1826 1827 1891
f 1826 1891 1890
f 1827 1828 1892
f 1827 1892 1891
f 1828 1829 1893
f 1828 1893 1892
f 1829 1830 1894
f 1829 1894 1893
f 1830 1831 1895
f 1830 1895 1894
f 1831 1832 1896
f 1831 1896 1895
f 1832 1833 1897
f 1832 1897 1896
f 1833 1834 1898
f 1833 1898 1897
f 1834 1835 1899
f 1834 1899 1898
f 1835 1836 1900
f 1835 1900 1899
f 1836 1837 1901
f 1836 1901 1900
f 1837 1838 1902
f 1837 1902 1901
f 1838 1839 1903
f 1838 1903 1902
f 1839 1840 1904
f 1839 1904 1903
f 1840 1841 1905
f 1840 1905 1904
f 1841 1842 1906
f 1841 1906 1905
f 1842 1843 1907
f 1842 1907 1906
f 1843 1844 1908
f 1843 1908 1907
f 1844 1845 1909
f 1844 1909 1908
f 1845 1846 1910
f 1845 1910 1909
f 1846 1847 1911
f 1846 1911 1910
f 1847 1848 1912
f 1847 1912 1911
f 1848 1849 1913
f 1848 1913 1912
f 1849 1850 1914
f 1849 1914 1913
f 1850 1851 1915
f 1850 1915 1914
f 1851 1852 1916
f 1851 1916 1915
f 1852 1853 1917
f 1852 1917 1916
f 1853 1854 1918
f 1853 1918 1917
f 1854 1855 1919
f 1854 1919 1918
f 1855 1856 1920
f 1855 1920 1919
f 1856 1857 1921
f 1856 1921 1920
f 1857 1794 1858
f 1857 1858 1921
f 1858 1859 1923
f 1858 1923 1922
f 1859 1860 1924
f 1859 1924 1923
f 1860 1861 1925
f 1860 1925 1924
f 1861 1862 1926
f 1861 1926 1925
f 1862 1863 1927
f 1862 1927 1926
f 1863 1864 1928
f 1863 1928 1927
f 1864 1865 1929
f 1864 1929 1928
f 1865 1866 1930
f 1865 1930 1929
f 1866 1867 1931
f 1866 1931 1930
f 1867 1868 1932
f 1867 1932 1931
f 1868 1869 1933
f 1868 1933 1932
f 1869 1870 1934
f 1869 1934 1933
f 1870 1871 1935
f 1870 1935 1934
f 1871 1872 1936
f 1871 1936 1935
f 1872 1873 1937
f 1872 1937 1936
f 1873 1874 1938
f 1873 1938 1937
f 1874 1875 1939
f 1874 1939 1938
f 1875 1876 1940
f 1875 1940 1939
f 1876 1877 1941
f 1876 1941 1940
f 1877 1878 1942
f 1877 1942 1941
f 1878 1879 1943
f 1878 1943 1942
f 1879 1880 1944
f 1879 1944 1943
f 1880 1881 1945
f 1880 1945 1944
f 1881 1882 1946
f 1881 1946 1945
f 1882 1883 1947
f 1882 1947 1946
f 1883 1884 1948
f 1883 1948 1947
f 1884 1885 1949
f 1884 1949 1948
f 1885 1886 1950
f 1885 1950 1949
f 1886 1887 1951
f 1886 1951 1950
f 1887 1888 1952
f 1887 1952 1951
f 1888 1889 1953
f 1888 1953 1952
f 1889 1890 1954
f 1889 1954 1953
f 1890 1891 1955
f 1890 1955 1954
f 1891 1892 1956
f 1891 1956 1955
f 1892 1893 1957
f 1892 1957 1956
f 1893 1894 1958
f 1893 1958 1957
f 1894 1895 1959
f 1894 1959 1958
f 1895 1896 1960
f 1895 1960 1959
f 1896 1897 1961
f 1896 1961 1960
f 1897 1898 1962
f 1897 1962 1961
f 1898 1899 1963
f 1898 1963 1962
f 1899 1900 1964
f 1899 1964 1963
f 1900 1901 1965
f 1900 1965 1964
f 1901 1902 1966
f 1901 1966 1965
f 1902 1903 1967
f 1902 1967 1966
f 1903 1904 1968
f 1903 1968 1967
f 1904 1905 1969
f 1904 1969 1968
f 1905 1906 1970
f 1905 1970 1969
f 1906 1907 1971
f 1906 1971 1970
f 1907 1908 1972
f 1907 1972 1971
f 1908 1909 1973
f 1908 1973 1972
f 1909 1910 1974
f 1909 1974 1973
f 1910 1911 1975
f 1910 1975 1974
f 1911 1912 1976
f 1911 1976 1975
f 1912 1913 1977
f 1912 1977 1976
f 1913 1914 1978
f 1913 1978 1977
f 1914 1915 1979
f 1914 1979 1978
f 1915 1916 1980
f 1915 1980 1979
f 1916 1917 1981
f 1916 1981 1980
f 1917 1918 1982
f 1917 1982 1981
f 1918 1919 1983
f 1918 1983 1982
f 1919 1920 1984
f 1919 1984 1983
f 1920 1921 1985
f 1920 1985 1984
f 1921 1858 1922
f 1921 1922 1985
f 1986 1922 1923
f 1986 1923 1924
f 1986 1924 1925
f 1986 1925 1926
f 1986 1926 1927
f 1986 1927 1928
f 1986 1928 1929
f 1986 1929 1930
f 1986 1930 1931
f 1986 1931 1932
f 1986 1932 1933
f 1986 1933 1934
f 1986 1934 1935
f 1986 1935 1936
f 1986 1936 1937
f 1986 1937 1938
f 1986 1938 1939
f 1986 1939 1940
f 1986 1940 1941
f 1986 1941 1942
f 1986 1942 1943
f 1986 1943 1944
f 1986 1944 1945
f 1986 1945 1946
f 1986 1946 1947
f 1986 1947 1948
f 1986 1948 1949
f 1986 1949 1950
f 1986 1950 1951
f 1986 1951 1952
f 1986 1952 1953
f 1986 1953 1954
f 1986 1954 1955
f 1986 1955 1956
f 1986 1956 1957
f 1986 1957 1958
f 1986 1958 1959
f 1986 1959 1960
f 1986 1960 1961
f 1986 1961 1962
f 1986 1962 1963
f 1986 1963 1964
f 1986 1964 1965
f 1986 1965 1966
f 1986 1966 1967
f 1986 1967 1968
f 1986 1968 1969
f 1986 1969 1970
f 1986 1970 1971
f 1986 1971 1972
f 1986 1972 1973
f 1986 1973 1974
f 1986 1974 1975
f 1986 1975 1976
f 1986 1976 1977
f 1986 1977 1978
f 1986 1978 1979
f 1986 1979 1980
f 1986 1980 1981
f 1986 1981 1982
f 1986 1982 1983
f 1986 1983 1984
f 1986 1984 1985
f 1986 1985 1922
o LowBase
v -0.525731 0.850651 0.000000
v 0.525731 0.850651 0.000000
v -0.525731 -0.850651 0.000000
v 0.525731 -0.850651 0.000000
v 0.000000 -0.525731 0.850651
v 0.000000 0.525731 0.850651
v 0.000000 -0.525731 -0.850651
v 0.000000 0.525731 -0.850651
v 0.850651 0.000000 -0.525731
v 0.850651 0.000000 0.525731
v -0.850651 0.000000 -0.525731
v -0.850651 0.000000 0.525731
v -0.809017 0.500000 0.309017
v -0.500000 0.309017 0.809017
v -0.309017 0.809017 0.500000
v 0.309017 0.809017 0.500000
v 0.000000 1.000000 0.000000
v 0.309017 0.809017 -0.500000
v -0.309017 0.809017 -0.500000
v -0.500000 0.309017 -0.809017
v -0.809017 0.500000 -0.309017
v -1.000000 0.000000 0.000000
v 0.500000 0.309017 0.809017
v 0.809017 0.500000 0.309017
v -0.500000 -0.309017 0.809017
v 0.000000 0.000000 1.000000
v -0.809017 -0.500000 -0.309017
v -0.809017 -0.500000 0.309017
v 0.000000 0.000000 -1.000000
v -0.500000 -0.309017 -0.809017
v 0.809017 0.500000 -0.309017
v 0.500000 0.309017 -0.809017
v 0.809017 -0.500000 0.309017
v 0.500000 -0.309017 0.809017
v 0.309017 -0.809017 0.500000
v -0.309017 -0.809017 0.500000
v 0.000000 -1.000000 0.000000
v -0.309017 -0.809017 -0.500000
v 0.309017 -0.809017 -0.500000
v 0.500000 -0.309017 -0.809017
v 0.809017 -0.500000 -0.309017
v 1.000000 0.000000 0.000000
v -0.693780 0.702046 0.160622
v -0.587785 0.688191 0.425325
v -0.433889 0.862668 0.259892
v -0.862668 0.259892 0.433889
v -0.702046 0.160622 0.693780
v -0.688191 0.425325 0.587785
v -0.425325 0.587785 0.688191
v -0.259892 0.433889 0.862668
v -0.160622 0.693780 0.702046
v -0.162460 0.951057 0.262866
v -0.273267 0.961938 0.000000
v 0.160622 0.693780 0.702046
v 0.000000 0.850651 0.525731
v 0.162460 0.951057 0.262866
v 0.433889 0.862668 0.259892
v 0.273267 0.961938 0.000000
v -0.162460 0.951057 -0.262866
v -0.433889 0.862668 -0.259892
v 0.433889 0.862668 -0.259892
v 0.162460 0.951057 -0.262866
v 0.000000 0.850651 -0.525731
v 0.160622 0.693780 -0.702046
v -0.160622 0.693780 -0.702046
v -0.587785 0.688191 -0.425325
v -0.693780 0.702046 -0.160622
v -0.259892 0.433889 -0.862668
v -0.425325 0.587785 -0.688191
v -0.688191 0.425325 -0.587785
v -0.702046 0.160622 -0.693780
v -0.862668 0.259892 -0.433889
v -0.850651 0.525731 0.000000
v -0.961938 0.000000 -0.273267
v -0.951057 0.262866 -0.162460
v -0.951057 0.262866 0.162460
v -0.961938 0.000000 0.273267
v 0.587785 0.688191 0.425325
v 0.693780 0.702046 0.160622
v 0.259892 0.433889 0.862668
v 0.425325 0.587785 0.688191
v 0.688191 0.425325 0.587785
v 0.702046 0.160622 0.693780
v 0.862668 0.259892 0.433889
v -0.262866 0.162460 0.951057
v 0.000000 0.273267 0.961938
v -0.702046 -0.160622 0.693780
v -0.525731 0.000000 0.850651
v -0.262866 -0.162460 0.951057
v -0.259892 -0.433889 0.862668
v 0.000000 -0.273267 0.961938
v -0.951057 -0.262866 0.162460
v -0.862668 -0.259892 0.433889
v -0.862668 -0.259892 -0.433889
v -0.951057 -0.262866 -0.162460
v -0.850651 -0.525731 0.000000
v -0.693780 -0.702046 -0.160622
v -0.693780 -0.702046 0.160622
v -0.525731 0.000000 -0.850651
v -0.702046 -0.160622 -0.693780
v 0.000000 0.273267 -0.961938
v -0.262866 0.162460 -0.951057
v -0.262866 -0.162460 -0.951057
v 0.000000 -0.273267 -0.961938
v -0.259892 -0.433889 -0.862668
v 0.425325 0.587785 -0.688191
v 0.259892 0.433889 -0.862668
v 0.693780 0.702046 -0.160622
v 0.587785 0.688191 -0.425325
v 0.688191 0.425325 -0.587785
v 0.862668 0.259892 -0.433889
v 0.702046 0.160622 -0.693780
v 0.693780 -0.702046 0.160622
v 0.587785 -0.688191 0.425325
v 0.433889 -0.862668 0.259892
v 0.862668 -0.259892 0.433889
v 0.702046 -0.160622 0.693780
v 0.688191 -0.425325 0.587785
v 0.425325 -0.587785 0.688191
v 0.259892 -0.433889 0.862668
v 0.160622 -0.693780 0.702046
v 0.162460 -0.951057 0.262866
v 0.273267 -0.961938 0.000000
v -0.160622 -0.693780 0.702046
v 0.000000 -0.850651 0.525731
v -0.162460 -0.951057 0.262866
v -0.433889 -0.862668 0.259892
v -0.273267 -0.961938 0.000000
v 0.162460 -0.951057 -0.262866
v 0.433889 -0.862668 -0.259892
v -0.433889 -0.862668 -0.259892
v -0.162460 -0.951057 -0.262866
v 0.000000 -0.850651 -0.525731
v -0.160622 -0.693780 -0.702046
v 0.160622 -0.693780 -0.702046
v 0.587785 -0.688191 -0.425325
v 0.693780 -0.702046 -0.160622
v 0.259892 -0.433889 -0.862668
v 0.425325 -0.587785 -0.688191
v 0.688191 -0.425325 -0.587785
v 0.702046 -0.160622 -0.693780
v 0.862668 -0.259892 -0.433889
v 0.850651 -0.525731 0.000000
v 0.961938 0.000000 -0.273267
v 0.951057 -0.262866 -0.162460
v 0.951057 -0.262866 0.162460
v 0.961938 0.000000 0.273267
v 0.262866 -0.162460 0.951057
v 0.525731 0.000000 0.850651
v 0.262866 0.162460 0.951057
v -0.587785 -0.688191 0.425325
v -0.425325 -0.587785 0.688191
v -0.688191 -0.425325 0.587785
v -0.425325 -0.587785 -0.688191
v -0.587785 -0.688191 -0.425325
v -0.688191 -0.425325 -0.587785
v 0.525731 0.000000 -0.850651
v 0.262866 -0.162460 -0.951057
v 0.262866 0.162460 -0.951057
v 0.951057 0.262866 0.162460
v 0.951057 0.262866 -0.162460
v 0.850651 0.525731 0.000000
g default
f 1987 2029 2031
f 2029 1999 2030
f 2031 2030 2001
f 2029 2030 2031
f 1999 2032 2034
f 2032 1998 2033
f 2034 2033 2000
f 2032 2033 2034
f 2001 2035 2037
f 2035 2000 2036
f 2037 2036 1992
f 2035 2036 2037
f 1999 2034 2030
f 2034 2000 2035
f 2030 2035 2001
f 2034 2035 2030
f 1987 2031 2039
f 2031 2001 2038
f 2039 2038 2003
f 2031 2038 2039
f 2001 2037 2041
f 2037 1992 2040
f 2041 2040 2002
f 2037 2040 2041
f 2003 2042 2044
f 2042 2002 2043
f 2044 2043 1988
f 2042 2043 2044
f 2001 2041 2038
f 2041 2002 2042
f 2038 2042 2003
f 2041 2042 2038
f 1987 2039 2046
f 2039 2003 2045
f 2046 2045 2005
f 2039 2045 2046
f 2003 2044 2048
f 2044 1988 2047
f 2048 2047 2004
f 2044 2047 2048
f 2005 2049 2051
f 2049 2004 2050
f 2051 2050 1994
f 2049 2050 2051
f 2003 2048 2045
f 2048 2004 2049
f 2045 2049 2005
f 2048 2049 2045
f 1987 2046 2053
f 2046 2005 2052
f 2053 2052 2007
f 2046 2052 2053
f 2005 2051 2055
f 2051 1994 2054
f 2055 2054 2006
f 2051 2054 2055
f 2007 2056 2058
f 2056 2006 2057
f 2058 2057 1997
f 2056 2057 2058
f 2005 2055 2052
f 2055 2006 2056
f 2052 2056 2007
f 2055 2056 2052
f 1987 2053 2029
f 2053 2007 2059
f 2029 2059 1999
f 2053 2059 2029
f 2007 2058 2061
f 2058 1997 2060
f 2061 2060 2008
f 2058 2060 2061
f 1999 2062 2032
f 2062 2008 2063
f 2032 2063 1998
f 2062 2063 2032
f 2007 2061 2059
f 2061 2008 2062
f 2059 2062 1999
f 2061 2062 2059
f 1988 2043 2065
f 2043 2002 2064
f 2065 2064 2010
f 2043 2064 2065
f 2002 2040 2067
f 2040 1992 2066
f 2067 2066 2009
f 2040 2066 2067
f 2010 2068 2070
f 2068 2009 2069
f 2070 2069 1996
f 2068 2069 2070
f 2002 2067 2064
f 2067 2009 2068
f 2064 2068 2010
f 2067 2068 2064
f 1992 2036 2072
f 2036 2000 2071
f 2072 2071 2012
f 2036 2071 2072
f 2000 2033 2074
f 2033 1998 2073
f 2074 2073 2011
f 2033 2073 2074
f 2012 2075 2077
f 2075 2011 2076
f 2077 2076 1991
f 2075 2076 2077
f 2000 2074 2071
f 2074 2011 2075
f 2071 2075 2012
f 2074 2075 2071
f 1998 2063 2079
f 2063 2008 2078
f 2079 2078 2014
f 2063 2078 2079
f 2008 2060 2081
f 2060 1997 2080
f 2081 2080 2013
f 2060 2080 2081
f 2014 2082 2084
f 2082 2013 2083
f 2084 2083 1989
f 2082 2083 2084
f 2008 2081 2078
f 2081 2013 2082
f 2078 2082 2014
f 2081 2082 2078
f 1997 2057 2086
f 2057 2006 2085
f 2086 2085 2016
f 2057 2085 2086
f 2006 2054 2088
f 2054 1994 2087
f 2088 2087 2015
f 2054 2087 2088
f 2016 2089 2091
f 2089 2015 2090
f 2091 2090 1993
f 2089 2090 2091
f 2006 2088 2085
f 2088 2015 2089
f 2085 2089 2016
f 2088 2089 2085
f 1994 2050 2093
f 2050 2004 2092
f 2093 2092 2018
f 2050 2092 2093
f 2004 2047 2095
f 2047 1988 2094
f 2095 2094 2017
f 2047 2094 2095
f 2018 2096 2098
f 2096 2017 2097
f 2098 2097 1995
f 2096 2097 2098
f 2004 2095 2092
f 2095 2017 2096
f 2092 2096 2018
f 2095 2096 2092
f 1990 2099 2101
f 2099 2019 2100
f 2101 2100 2021
f 2099 2100 2101
f 2019 2102 2104
f 2102 1996 2103
f 2104 2103 2020
f 2102 2103 2104
f 2021 2105 2107
f 2105 2020 2106
f 2107 2106 1991
f 2105 2106 2107
f 2019 2104 2100
f 2104 2020 2105
f 2100 2105 2021
f 2104 2105 2100
f 1990 2101 2109
f 2101 2021 2108
f 2109 2108 2023
f 2101 2108 2109
f 2021 2107 2111
f 2107 1991 2110
f 2111 2110 2022
f 2107 2110 2111
f 2023 2112 2114
f 2112 2022 2113
f 2114 2113 1989
f 2112 2113 2114
f 2021 2111 2108
f 2111 2022 2112
f 2108 2112 2023
f 2111 2112 2108
f 1990 2109 2116
f 2109 2023 2115
f 2116 2115 2025
f 2109 2115 2116
f 2023 2114 2118
f 2114 1989 2117
f 2118 2117 2024
f 2114 2117 2118
f 2025 2119 2121
f 2119 2024 2120
f 2121 2120 1993
f 2119 2120 2121
f 2023 2118 2115
f 2118 2024 2119
f 2115 2119 2025
f 2118 2119 2115
f 1990 2116 2123
f 2116 2025 2122
f 2123 2122 2027
f 2116 2122 2123
f 2025 2121 2125
f 2121 1993 2124
f 2125 2124 2026
f 2121 2124 2125
f 2027 2126 2128
f 2126 2026 2127
f 2128 2127 1995
f 2126 2127 2128
f 2025 2125 2122
f 2125 2026 2126
f 2122 2126 2027
f 2125 2126 2122
f 1990 2123 2099
f 2123 2027 2129
f 2099 2129 2019
f 2123 2129 2099
f 2027 2128 2131
f 2128 1995 2130
f 2131 2130 2028
f 2128 2130 2131
f 2019 2132 2102
f 2132 2028 2133
f 2102 2133 1996
f 2132 2133 2102
f 2027 2131 2129
f 2131 2028 2132
f 2129 2132 2019
f 2131 2132 2129
f 1991 2106 2077
f 2106 2020 2134
f 2077 2134 2012
f 2106 2134 2077
f 2020 2103 2135
f 2103 1996 2069
f 2135 2069 2009
f 2103 2069 2135
f 2012 2136 2072
f 2136 2009 2066
f 2072 2066 1992
f 2136 2066 2072
f 2020 2135 2134
f 2135 2009 2136
f 2134 2136 2012
f 2135 2136 2134
f 1989 2113 2084
f 2113 2022 2137
f 2084 2137 2014
f 2113 2137 2084
f 2022 2110 2138
f 2110 1991 2076
f 2138 2076 2011
f 2110 2076 2138
f 2014 2139 2079
f 2139 2011 2073
f 2079 2073 1998
f 2139 2073 2079
f 2022 2138 2137
f 2138 2011 2139
f 2137 2139 2014
f 2138 2139 2137
f 1993 2120 2091
f 2120 2024 2140
f 2091 2140 2016
f 2120 2140 2091
f 2024 2117 2141
f 2117 1989 2083
f 2141 2083 2013
f 2117 2083 2141
f 2016 2142 2086
f 2142 2013 2080
f 2086 2080 1997
f 2142 2080 2086
f 2024 2141 2140
f 2141 2013 2142
f 2140 2142 2016
f 2141 2142 2140
f 1995 2127 2098
f 2127 2026 2143
f 2098 2143 2018
f 2127 2143 2098
f 2026 2124 2144
f 2124 1993 2090
f 2144 2090 2015
f 2124 2090 2144
f 2018 2145 2093
f 2145 2015 2087
f 2093 2087 1994
f 2145 2087 2093
f 2026 2144 2143
f 2144 2015 2145
f 2143 2145 2018
f 2144 2145 2143
f 1996 2133 2070
f 2133 2028 2146
f 2070 2146 2010
f 2133 2146 2070
f 2028 2130 2147
f 2130 1995 2097
f 2147 2097 2017
f 2130 2097 2147
f 2010 2148 2065
f 2148 2017 2094
f 2065 2094 1988
f 2148 2094 2065
f 2028 2147 2146
f 2147 2017 2148
f 2146 2148 2010
f 2147 2148 2146
