/*--------------------------------*- C++ -*----------------------------------*\
  =========                 |
  \\      /  F ield         | OpenFOAM: The Open Source CFD Toolbox
   \\    /   O peration     | Website:  https://openfoam.org
    \\  /    A nd           | Version:  11
     \\/     M anipulation  |
\*---------------------------------------------------------------------------*/
FoamFile
{
    format      ascii;
    class       volScalarField;
    location    "500";
    object      nut;
}
// * * * * * * * * * * * * * * * * * * * * * * * * * * * * * * * * * * * * * //

dimensions      [0 2 -1 0 0 0 0];

internalField   nonuniform List<scalar> 
22672
(
0.001945965036
0.001934871899
0.00192310727
0.001911607156
0.001900191455
0.001888720346
0.001877242907
0.001865809827
0.001854449575
0.001843205233
0.001832128048
0.001821255889
0.001810602395
0.001800163115
0.001789921836
0.001779860362
0.001769962283
0.001760219438
0.0017506314
0.001741209
0.001731971195
0.00172294765
0.001714174296
0.00170569573
0.001697560137
0.001689822192
0.001682537883
0.001675768372
0.001669573803
0.001664017578
0.001659180747
0.00165513037
0.001651871222
0.001649453585
0.00164791971
0.001647296757
0.001647595961
0.001648816626
0.001650945204
0.001653955715
0.001657808032
0.001662451422
0.001667824578
0.00167385809
0.001680474303
0.001687589418
0.001695116079
0.001702938778
0.001711149381
0.001718494869
0.001729303844
0.001722705485
0.001710941878
0.00169798178
0.001685404731
0.001673406879
0.001661878257
0.001650848521
0.001640338555
0.001630366711
0.001620953111
0.00161212044
0.001603894703
0.001596305863
0.001589386748
0.001583173448
0.001577702541
0.001573011259
0.001569133242
0.001566136489
0.001564170492
0.00156309197
0.001562888342
0.001563537502
0.00156499203
0.00156719203
0.001570049615
0.001573464501
0.001577309818
0.001581450979
0.001585733757
0.00159000664
0.001594111742
0.001597911042
0.001601279589
0.001604129765
0.001606638857
0.001608649128
0.001610075926
0.001610944982
0.001611264757
0.001611000955
0.001610061899
0.001608332525
0.001605732704
0.001602282387
0.001598113611
0.001593433177
0.001588470247
0.001583451738
0.001578584709
0.001574056875
0.001570031247
0.001566650215
0.001564028707
0.001562258318
0.001561768256
0.001562372037
0.001563927951
0.001566413857
0.001569707333
0.001573517509
0.001577415264
0.001581161582
0.001584082664
0.001582099417
0.001574355139
0.001566703934
0.001559688081
0.001553287868
0.00154765123
0.001542889995
0.001539083712
0.001536465943
0.001534946235
0.001534446974
0.001534923404
0.001536299348
0.001538418458
0.001541147941
0.001544292898
0.001547428475
0.00155015537
0.001551323236
0.001552088478
0.001552916084
0.00154685943
0.001540180498
0.001535417015
0.00153224818
0.001530150672
0.001530693279
0.001532815801
0.001535677981
0.00153886283
0.001541733658
0.001543687538
0.001543411587
0.001536684556
0.001529889082
0.00152527106
0.001519915829
0.001514342621
0.001508869267
0.001503634722
0.001499059893
0.001494274071
0.001492986336
0.001484135547
0.001515784737
0.001942173188
0.001932857063
0.001921839243
0.001910659385
0.001899389929
0.001887978119
0.001876495609
0.00186499863
0.001853518572
0.001842104733
0.001830820867
0.00181972093
0.001808836204
0.001798177701
0.001787742384
0.001777521051
0.001767503955
0.001757686029
0.001748068954
0.001738662925
0.001729486224
0.001720565269
0.001711933172
0.001703629068
0.001695696592
0.001688183357
0.001681139986
0.001674619759
0.001668677638
0.001663368698
0.001658747244
0.001654872327
0.001651792568
0.001649541491
0.001648155059
0.001647655546
0.001648052737
0.001649344221
0.001651514917
0.001654536661
0.001658367906
0.001662951454
0.001668217406
0.001674084939
0.001680462079
0.001687241556
0.001694294074
0.001701446338
0.001708439551
0.00171441022
0.001717968193
0.00171411222
0.001705261788
0.001694260228
0.001682875701
0.001671598161
0.001660596059
0.001649958528
0.00163973507
0.001629958323
0.001620655584
0.001611853867
0.001603584148
0.001595880653
0.001588783108
0.001582332906
0.001576575286
0.001571553512
0.001567311133
0.001563884891
0.001561307881
0.001559600482
0.001558773738
0.00155882063
0.001559720564
0.001561430783
0.001563892253
0.001567021972
0.001570720898
0.001574868129
0.001579331744
0.001583966161
0.001588626373
0.001593168764
0.001597467388
0.001601416641
0.00160495149
0.001608036578
0.001610674354
0.001612878024
0.001614627857
0.001615800726
0.001616077603
0.001614963385
0.001612135871
0.001607768994
0.001602337591
0.0015962852
0.001589952273
0.001583599099
0.0015774435
0.001571670692
0.001566446993
0.00156191553
0.001558200717
0.001555397682
0.001553582156
0.00155279752
0.00155306801
0.001554375612
0.001556673306
0.001559898138
0.001563958896
0.001568642719
0.00157349259
0.001577099377
0.001577261926
0.001569874552
0.001562237002
0.001555097884
0.00154856832
0.001542858499
0.001538083598
0.001534317917
0.001531604644
0.001529940972
0.001529277199
0.001529540052
0.001530563444
0.001532100973
0.001533861287
0.001535432502
0.001536223002
0.001535743723
0.001533713221
0.001530748639
0.001527088505
0.001523153235
0.001519398329
0.001516098023
0.001513352871
0.001511433134
0.001510692098
0.001511126425
0.001512615553
0.001514880646
0.001517459462
0.001519832566
0.001522184647
0.001524054769
0.001524194481
0.001522005885
0.001517884778
0.00151273718
0.001507184168
0.001501962251
0.001496258844
0.001494109533
0.001483876214
0.001492302396
0.001937874517
0.001929601225
0.001919525895
0.001908894993
0.0018979654
0.001886783178
0.001875464678
0.00186408881
0.001852697542
0.001841344658
0.001830097056
0.00181901165
0.001808123822
0.00179744861
0.001786987737
0.001776735996
0.001766687708
0.0017568405
0.001747198447
0.001737772587
0.001728581747
0.001719651463
0.001711013858
0.001702705936
0.001694769352
0.001687248933
0.001680192925
0.001673651735
0.001667678088
0.001662324872
0.00165764273
0.001653686852
0.0016505075
0.001648128059
0.001646587785
0.001645907174
0.00164609152
0.00164713241
0.001649007314
0.001651678718
0.001655093373
0.001659177243
0.001663837914
0.001668963343
0.001674416086
0.001680020706
0.001685544453
0.001690661829
0.00169488246
0.001697458686
0.001697595869
0.001694738006
0.00168896764
0.001681138887
0.001672176103
0.001662670198
0.001652982941
0.001643337061
0.001633870397
0.001624673498
0.001615811507
0.001607338001
0.001599302222
0.00159175355
0.001584742426
0.001578321031
0.001572542281
0.001567459161
0.001563122452
0.001559578947
0.001556868762
0.001555023807
0.001554065171
0.001554001365
0.001554826061
0.001556516741
0.00155903303
0.001562315962
0.001566287291
0.001570849793
0.00157588829
0.001581272265
0.00158685813
0.001592492918
0.001598012658
0.001603242454
0.001608001376
0.001612082427
0.001615234485
0.001617108345
0.001617341337
0.001615809429
0.001612836798
0.001608918043
0.001604409187
0.001599510013
0.001594339769
0.001588993431
0.001583567745
0.001578169668
0.001572915748
0.001567928408
0.001563330629
0.001559240616
0.001555766407
0.001553001823
0.001551023472
0.001549884312
0.001549616508
0.00155022642
0.001551679181
0.00155391326
0.00155682547
0.001560246646
0.001563951819
0.001567369789
0.001568669504
0.001566774958
0.001561823547
0.001555794879
0.001549561575
0.001543643587
0.001538301007
0.001533675163
0.001529844952
0.001526830971
0.00152462217
0.001523162933
0.001522351091
0.001522045625
0.001522073646
0.001522222792
0.00152226063
0.001521979328
0.00152122601
0.001519946661
0.001518202949
0.001516165638
0.001514057542
0.001512077227
0.001510347655
0.001508960615
0.001508045859
0.001507751759
0.001508169324
0.001509263518
0.00151085614
0.001512692844
0.001514480823
0.001515829517
0.001516223159
0.001515211017
0.001512689475
0.001508977641
0.001504462143
0.001499872241
0.001494407084
0.00149224002
0.001481641859
0.001489211917
0.001933480927
0.001925758275
0.001916498294
0.001906479312
0.001895978558
0.00188510694
0.001874022867
0.001862831385
0.001851588062
0.001840352974
0.001829195305
0.001818173478
0.001807323436
0.001796661296
0.001786189492
0.001775904494
0.001765801916
0.001755881561
0.001746148969
0.001736617349
0.001727306712
0.001718244421
0.001709463306
0.001701001761
0.001692901632
0.001685208656
0.001677970691
0.001671238545
0.001665063957
0.001659499993
0.001654594254
0.001650401524
0.001646981843
0.001644342524
0.001642522517
0.001641538404
0.00164138902
0.001642060004
0.00164352045
0.001645724005
0.001648605621
0.001652075267
0.001656020201
0.001660304785
0.001664763066
0.001669189794
0.001673330298
0.001676868041
0.001679416781
0.001680546966
0.001679912224
0.00167732314
0.001672833611
0.0016667749
0.00165959068
0.001651674903
0.001643337012
0.001634806366
0.001626247746
0.001617780927
0.001609497302
0.001601472638
0.001593774913
0.001586469721
0.001579621786
0.001573296477
0.001567558568
0.001562472386
0.001558099065
0.001554495871
0.001551712633
0.001549791012
0.00154876083
0.001548639676
0.001549429369
0.001551115994
0.001553666672
0.001557030021
0.001561133801
0.00156588554
0.001571171467
0.001576859046
0.001582793147
0.001588801092
0.001594681328
0.001600218268
0.001605157302
0.001609145373
0.001611749467
0.001612511063
0.001611281504
0.001608450561
0.001604641063
0.001600316843
0.001595725463
0.001590980337
0.001586133343
0.001581220896
0.001576287031
0.001571394201
0.001566623025
0.001562069239
0.001557835972
0.001554028672
0.001550748295
0.001548087897
0.001546124625
0.00154491436
0.001544493897
0.001544886921
0.001546074604
0.001547968759
0.001550430635
0.001553312353
0.001556345286
0.001558899799
0.00156001337
0.001558500765
0.001554648771
0.001549311704
0.001543346015
0.001537343113
0.001531655963
0.001526492678
0.001521979739
0.001518170745
0.00151509214
0.001512718344
0.001510992726
0.00150982365
0.001509096646
0.001508670369
0.001508387112
0.00150809609
0.001507668806
0.001507020175
0.001506131586
0.001505056892
0.00150390114
0.001502778985
0.001501782472
0.001500992544
0.001500508609
0.001500444511
0.001500880307
0.001501812217
0.001503134262
0.001504660693
0.001506140814
0.001507245331
0.001507568348
0.001506746591
0.001504637618
0.001501394082
0.001497248159
0.00149285386
0.00148741659
0.001485047115
0.001474336008
0.001480856667
0.001929077709
0.001921638159
0.001913026166
0.001903579665
0.001893528018
0.001883010148
0.00187220759
0.00186124539
0.001850191381
0.001839110842
0.001828074992
0.001817142466
0.001806349489
0.001795712132
0.001785233475
0.001774910488
0.00176474009
0.00175472313
0.001744866933
0.001735186027
0.001725702414
0.001716444847
0.001707448223
0.001698752316
0.001690401045
0.001682441394
0.001674923108
0.001667897878
0.001661418824
0.001655539292
0.001650304927
0.001645771681
0.001642014182
0.001639016727
0.001636824782
0.001635453596
0.001634897916
0.001635136475
0.001636131633
0.001637829198
0.001640156733
0.001643012445
0.001646272569
0.001649790407
0.001653393268
0.001656876583
0.001660007343
0.001662516325
0.001664122767
0.001664565737
0.00166366911
0.001661323194
0.001657568103
0.0016525782
0.001646597944
0.001639880108
0.001632652327
0.001625104078
0.00161738663
0.001609620736
0.001601906057
0.001594329683
0.001586972372
0.001579912684
0.001573229008
0.001567000111
0.001561304537
0.001556219324
0.001551818196
0.001548169458
0.001545333792
0.001543362053
0.001542293204
0.00154215238
0.001542949021
0.00154467534
0.001547304754
0.001550790714
0.001555067039
0.001560043941
0.001565606077
0.00157161527
0.001577895667
0.001584270412
0.001590509948
0.00159636707
0.001601474434
0.001605316751
0.001607314322
0.001607021454
0.001604566484
0.001600696857
0.001596102954
0.001591203555
0.001586209764
0.001581213686
0.001576251724
0.001571343111
0.001566511853
0.001561797295
0.001557256847
0.001552963514
0.001549000996
0.001545458386
0.001542425097
0.001539985331
0.001538210684
0.001537154001
0.001536849035
0.001537309046
0.001538506851
0.001540352485
0.001542700693
0.001545363965
0.001548032337
0.001550147348
0.001550954567
0.00154959089
0.001546067317
0.001541016572
0.001535132868
0.001528993628
0.00152299064
0.001517374247
0.001512304358
0.001507861595
0.001504099382
0.001501012268
0.001498570819
0.001496712336
0.001495352442
0.001494385542
0.001493692589
0.001493155268
0.001492668609
0.001492155285
0.001491579222
0.00149095085
0.001490317469
0.001489742657
0.001489290764
0.00148902874
0.00148903441
0.001489387191
0.001490138506
0.0014912805
0.001492731633
0.001494339306
0.00149588114
0.001497059739
0.00149751803
0.001496921445
0.001495100738
0.001492138234
0.001488186815
0.001483862409
0.001478364695
0.001475791075
0.001464861916
0.001470720562
0.001924684415
0.001917363609
0.001909237122
0.001900303073
0.001890707684
0.001880555349
0.001870058958
0.001859354857
0.001848520008
0.001837621018
0.00182672908
0.001815901928
0.001805174894
0.001794563892
0.001784072309
0.00177369802
0.001763439038
0.001753297729
0.001743282973
0.001733411186
0.0017237062
0.00171419891
0.001704926272
0.001695930445
0.001687257607
0.00167895728
0.001671081488
0.001663684265
0.001656820465
0.001650545154
0.001644905208
0.001639965115
0.001635816756
0.001632401675
0.001629769183
0.00162794627
0.001626930474
0.001626695781
0.001627198099
0.00162837765
0.001630157218
0.001632428145
0.001635061572
0.001637908973
0.001640801363
0.001643547094
0.001645942267
0.001647766713
0.001648801726
0.001648889003
0.001647915781
0.001645799174
0.001642573694
0.001638346823
0.001633265167
0.001627492077
0.001621187149
0.001614493786
0.001607536107
0.001600421665
0.001593246493
0.001586100309
0.001579070689
0.001572245961
0.00156571633
0.001559573781
0.001553910609
0.001548817621
0.001544381611
0.001540683195
0.001537794156
0.001535775549
0.001534675272
0.001534526693
0.00153534615
0.001537132394
0.00153986422
0.001543500767
0.001547982353
0.001553211149
0.001559058845
0.001565401356
0.00157205244
0.001578851578
0.00158550321
0.001591670108
0.001596860818
0.001600447794
0.001601808944
0.001600375921
0.001596737946
0.001591911898
0.001586529862
0.001580975672
0.001575445297
0.00157002787
0.001564760732
0.001559662291
0.001554750969
0.001550055304
0.001545617589
0.001541493761
0.001537750478
0.001534461177
0.001531701062
0.001529541954
0.001528045502
0.001527257057
0.001527201795
0.001527880679
0.001529256551
0.001531237572
0.001533671509
0.001536337861
0.00153889794
0.00154083451
0.001541493456
0.001540184557
0.001536816641
0.001531875354
0.001525961307
0.001519629791
0.00151329314
0.001507231909
0.001501632515
0.00149659828
0.001492203385
0.0014884584
0.001485352772
0.001482843107
0.001480866505
0.00147934182
0.001478176508
0.001477277038
0.001476559287
0.001475958548
0.001475438182
0.001474993118
0.001474645003
0.001474431637
0.001474397943
0.001474594067
0.001475074827
0.001475890077
0.001477065483
0.00147858257
0.001480365023
0.001482273253
0.001484098734
0.00148556101
0.00148632263
0.001486046545
0.001484531914
0.00148182484
0.001478025233
0.001473736288
0.001468131132
0.00146539219
0.001454061884
0.001459587928
0.001920304434
0.001913033925
0.001905280572
0.001896777116
0.001887581574
0.001877804398
0.001867630271
0.001857205137
0.001846610349
0.001835914652
0.001825185035
0.00181447681
0.001803823385
0.001793239651
0.001782729034
0.001772290118
0.001761922215
0.001751629272
0.001741422089
0.001731319109
0.001721346483
0.001711537519
0.001701931882
0.001692574519
0.001683514693
0.001674805029
0.001666500876
0.00165865959
0.001651339651
0.001644600436
0.001638487445
0.001633043922
0.001628392339
0.001624509305
0.001621393028
0.001619077903
0.001617566685
0.001616829466
0.001616819151
0.001617474188
0.001618716964
0.001620436135
0.001622502896
0.001624772213
0.001627083644
0.001629261136
0.001631123965
0.001632500722
0.001633213182
0.001633168875
0.00163225346
0.001630408197
0.001627663281
0.001624083474
0.001619756444
0.00161478603
0.001609279635
0.001603339759
0.001597061641
0.001590534739
0.001583845926
0.001577082966
0.001570337293
0.001563705454
0.001557289109
0.001551193605
0.001545525644
0.001540390375
0.001535888424
0.001532113112
0.00152914778
0.001527063766
0.001525918107
0.00152575225
0.001526589485
0.001528436523
0.001531278237
0.001535074551
0.001539769994
0.001545240626
0.00155138307
0.001558108141
0.001565189904
0.001572419378
0.001579446742
0.001585851113
0.001591043586
0.001594308896
0.001600743531
0.00159233119
0.00158772774
0.001582059551
0.001575934093
0.001569721984
0.001563619138
0.00155772192
0.001552076017
0.001546705166
0.001541628355
0.001536869393
0.001532461497
0.001528448625
0.001524884303
0.001521828335
0.001519342439
0.001517485101
0.001516305813
0.001515839162
0.001516100034
0.001517077354
0.001518722678
0.001520937075
0.001523561633
0.001526359716
0.001528977962
0.001530913494
0.001531553278
0.001530309932
0.001527048596
0.001522136884
0.00151612194
0.001509547072
0.001502842375
0.00149631541
0.001490175572
0.001484548187
0.001479524923
0.001475131781
0.001471373742
0.001468224122
0.001465638024
0.001463554026
0.001461900072
0.001460602188
0.001459592917
0.001458818844
0.001458246574
0.001457865219
0.001457683932
0.001457725703
0.001458021537
0.001458608108
0.001459521908
0.001460790833
0.001462420812
0.001464381682
0.001466596078
0.001468928182
0.001471173744
0.001473057086
0.00147424473
0.001474387938
0.001473234621
0.001470802687
0.001467148744
0.001462883918
0.001457134554
0.001454271115
0.001442351468
0.001447844421
0.001915972683
0.001908691141
0.001901224423
0.001893087145
0.001884257222
0.001874821472
0.001864966662
0.00185483443
0.001844496334
0.001834018753
0.001823465661
0.001812886279
0.001802311093
0.001791753304
0.001781215817
0.001770697622
0.001760199171
0.001749726129
0.001739291357
0.001728915656
0.00171862778
0.001708463941
0.00169846696
0.001688685244
0.001679171735
0.001669982987
0.001661178385
0.001652819537
0.001644969265
0.001637692753
0.0016310441
0.001625050068
0.001619803382
0.001615373729
0.001611711826
0.00160886304
0.001606824708
0.001605561979
0.001605027284
0.001605160376
0.001605886817
0.001607096354
0.001608663857
0.001610451242
0.00161230931
0.00161407966
0.001615600808
0.00161673297
0.001617314033
0.001617296569
0.001616568847
0.001615078368
0.001612838159
0.001609881096
0.001606254656
0.001602018396
0.001597237668
0.001591979412
0.001586311484
0.001580304486
0.00157403474
0.001567587135
0.001561056777
0.001554549056
0.00154817805
0.001542063742
0.001536328327
0.001531092386
0.001526470982
0.001522570781
0.001519486783
0.001517300949
0.001516079293
0.001515871359
0.001516706952
0.001518603388
0.001521534643
0.001525443011
0.001530309126
0.001536005491
0.001542495389
0.001549622474
0.00155711345
0.001564702833
0.001572027568
0.001578581248
0.00158365641
0.001586425016
0.001586099798
0.001582667779
0.001577326278
0.00157094606
0.001564155068
0.001557327407
0.001550670274
0.001544293905
0.001538256214
0.001532589256
0.001527315528
0.001522457776
0.001518044376
0.001514111311
0.001510701556
0.001507862952
0.001505644801
0.001504093294
0.001503246088
0.001503126893
0.00150374001
0.001505063095
0.001507036878
0.001509553696
0.001512445154
0.001515461565
0.001518240178
0.001520284
0.001521000379
0.001519853568
0.001516676423
0.001511750652
0.001505586815
0.001498725486
0.001491616636
0.001484595713
0.001477894508
0.001471661776
0.001466005324
0.00146096691
0.001456565438
0.001452789465
0.001449609839
0.001446981356
0.001444848372
0.001443152443
0.001441839315
0.001440864792
0.001440199229
0.001439829624
0.001439758319
0.001439998662
0.00144057245
0.001441504709
0.001442818406
0.001444526235
0.001446619827
0.001449058587
0.001451759895
0.001454588389
0.00145734179
0.001459742678
0.001461452404
0.001462106083
0.001461365151
0.001459235388
0.001455730681
0.001451484572
0.001445553071
0.001442598317
0.001429897107
0.001435627023
0.00191171978
0.00190437437
0.001897122475
0.001889286246
0.001880788066
0.001871676371
0.00186212935
0.00185228149
0.001842210917
0.001831964688
0.001821600071
0.001811160474
0.00180066898
0.001790136101
0.001779563627
0.001768950682
0.001758298932
0.001747615931
0.001736916818
0.00172622503
0.00171557232
0.001704998249
0.001694549344
0.001684278087
0.001674241827
0.001664501786
0.00165512216
0.001646169384
0.001637710683
0.001629813809
0.001622543467
0.001615942659
0.001610069439
0.001605046109
0.001600781287
0.00159733948
0.001594725681
0.001592906774
0.001591835851
0.00159145426
0.001591692193
0.001592442287
0.001593585043
0.001594990677
0.001596521056
0.001598032815
0.001599379894
0.001600447564
0.001601080784
0.001601255778
0.001600860546
0.001599832626
0.001598166386
0.001595868049
0.001592950335
0.00158943401
0.001585347148
0.001580724246
0.001575607419
0.001570049462
0.001564117479
0.00155789541
0.001551484632
0.001545002275
0.001538577847
0.001532348633
0.001526454614
0.001521033297
0.001516215186
0.001512120846
0.001508857276
0.001506518081
0.001505174534
0.00150488941
0.001505693137
0.001507607358
0.001510562626
0.001514542952
0.001519598635
0.00152557482
0.00153237324
0.001539778345
0.001547565327
0.001555432679
0.001562947841
0.001569493602
0.001574265734
0.00157636239
0.001575222473
0.001571201606
0.00156525843
0.001558291616
0.001550929161
0.001543555278
0.001536394477
0.001529574749
0.001523168686
0.001517218676
0.001511752878
0.00150679518
0.001502371325
0.001498511417
0.001495249859
0.001492624222
0.001490672741
0.001489430332
0.001488923836
0.001489166719
0.00149015292
0.001491849225
0.001494185983
0.001497046358
0.001500252751
0.001503544561
0.001506550846
0.00150877515
0.001509635505
0.00150861874
0.001505527538
0.001500575976
0.001494243078
0.001487072055
0.001479535844
0.001472000899
0.00146472239
0.001457875805
0.001451584783
0.001445907837
0.001440876842
0.001436494676
0.00143274597
0.001429598881
0.00142701071
0.001424935045
0.001423327722
0.001422151543
0.001421380062
0.001420999416
0.001421007769
0.001421412154
0.001422226894
0.001423468209
0.00142514924
0.001427272416
0.001429820198
0.001432745058
0.001435959346
0.001439325041
0.001442641252
0.001445627659
0.001447933932
0.001449186759
0.001448927323
0.001447144934
0.001443811885
0.001439593315
0.001433451315
0.001430441901
0.001416765472
0.001422998766
0.001907534651
0.001900097071
0.001893022832
0.001885428937
0.001877211305
0.001868402351
0.001859158644
0.001849602497
0.001839798596
0.001829794504
0.001819626156
0.001809330372
0.001798924881
0.001788414373
0.001777798035
0.001767073744
0.001756244193
0.001745319203
0.001734316528
0.001723262537
0.001712192378
0.001701149446
0.00169018457
0.001679354984
0.001668723211
0.001658355958
0.001648323168
0.001638697057
0.001629550762
0.001620956703
0.00161298644
0.001605691364
0.001599122691
0.001593444375
0.001588530945
0.001584460072
0.001581239745
0.001578843845
0.00157723038
0.001576345181
0.00157612583
0.001576469861
0.001577264709
0.001578389437
0.001579715712
0.001581114238
0.001582448122
0.001583623269
0.001584489333
0.00158502736
0.001585115044
0.001584679178
0.001583695712
0.00158214082
0.001579990012
0.001577225392
0.001573838206
0.001569830505
0.001565218853
0.00156003958
0.001554353399
0.001548247644
0.001541835238
0.001535250723
0.001528644282
0.001522175105
0.001516004589
0.001510289467
0.001505177615
0.001500805448
0.001497287051
0.00149473083
0.001493197194
0.001492757168
0.00149342309
0.00149525349
0.001498177119
0.001502286409
0.001507522594
0.001513702735
0.001520696768
0.001528322279
0.001536317138
0.00154434179
0.001551874922
0.001558227584
0.001562548066
0.001563992914
0.001562227574
0.001557690833
0.001551277
0.001543842987
0.001536007944
0.001528168995
0.001520571312
0.001513362332
0.00150663106
0.001500431616
0.00149479902
0.001489759643
0.001485337724
0.001481558644
0.001478450035
0.001476041092
0.001474360439
0.001473432799
0.001473274768
0.00147388988
0.001475261877
0.00147734707
0.00148006583
0.001483292353
0.001486841289
0.001490441787
0.001493715893
0.001496167886
0.001497221437
0.001496368757
0.001493380952
0.00148841499
0.001481918714
0.001474438993
0.001466473648
0.001458423583
0.001450568443
0.001443114644
0.001436201674
0.001429905711
0.001424270907
0.001419313485
0.001415029913
0.001411399119
0.001408388442
0.001405960502
0.001404078591
0.001402710631
0.001401832562
0.001401430382
0.0014014989
0.001402041324
0.001403065586
0.001404581431
0.001406595096
0.001409102418
0.0014120805
0.001415478283
0.001419206006
0.001423123527
0.001427028539
0.001430641946
0.001433598518
0.001435509182
0.001435846212
0.001434453841
0.001431335248
0.001427172993
0.001420807909
0.001417791485
0.001402950669
0.00140997229
0.001903396706
0.001895876374
0.001888957014
0.001881583476
0.001873613157
0.001865060271
0.001856085979
0.001846802806
0.001837275901
0.001827519777
0.001817565767
0.001807421288
0.001797098821
0.001786603314
0.001775931085
0.001765077961
0.001754046057
0.001742846716
0.001731500434
0.001720037007
0.001708495337
0.001696923025
0.00168537572
0.001673916146
0.001662612795
0.001651538779
0.001640770754
0.001630387865
0.001620470295
0.001611097149
0.001602347292
0.001594273572
0.001586933757
0.001580523852
0.001574894127
0.001570151319
0.001566299968
0.00156331789
0.001561167295
0.001559798879
0.00155916002
0.001559155308
0.001559680504
0.001560623794
0.001561865536
0.001563292102
0.001564770602
0.001566216543
0.001567498739
0.001568586717
0.001569331263
0.001569649303
0.001569496682
0.001568813472
0.00156753295
0.001565594844
0.001562949432
0.001559562249
0.001555422039
0.001550549361
0.001545002653
0.001538879629
0.001532313577
0.001525465485
0.001518514371
0.001511648768
0.001505056634
0.001498917356
0.001493392869
0.001488639379
0.001484757219
0.001481877644
0.001480067046
0.001479380343
0.001479860431
0.001481611858
0.001484560152
0.001488710348
0.00149393948
0.001500181999
0.001507274466
0.001515001655
0.001523069297
0.001531066102
0.001538433235
0.001544440141
0.001548223064
0.001549077092
0.00154681173
0.001541890038
0.001535138328
0.001527358469
0.001519156147
0.001510942953
0.001502984791
0.001495451522
0.00148844903
0.001482044246
0.001476280143
0.001471186712
0.001466787747
0.001463105158
0.001460161282
0.00145797823
0.001456575829
0.001455969256
0.001456165706
0.001457158618
0.001458921112
0.001461399405
0.001464504385
0.001468101488
0.00147200154
0.001475923736
0.001479479692
0.00148218201
0.001483461058
0.001482805501
0.001479953677
0.001475008782
0.001468384137
0.001460627143
0.001452260079
0.001443721291
0.001435314964
0.001427284474
0.001419783289
0.001412907391
0.001406712348
0.001401226669
0.001396456472
0.001392388948
0.001388998967
0.001386255618
0.00138412734
0.001382585607
0.001381607902
0.001381180286
0.001381295334
0.001381952206
0.001383154207
0.001384906303
0.001387210231
0.001390058201
0.001393425195
0.001397259848
0.00140147352
0.001405927534
0.001410419334
0.001414670007
0.001418304676
0.001420887945
0.001421942954
0.001421015738
0.001418184859
0.001414135322
0.00140756234
0.001404605879
0.001388418302
0.001396544958
0.001899347021
0.001891732038
0.00188492874
0.001877749795
0.001870008861
0.00186170369
0.001852978521
0.00184395915
0.001834689324
0.001825173059
0.001815431804
0.001805454713
0.001795224249
0.001784739509
0.001773996561
0.001762992042
0.001751730147
0.001740222007
0.001728489227
0.001716565281
0.001704493778
0.001692327102
0.001680126236
0.001667959996
0.001655903685
0.001644037726
0.001632446558
0.001621217369
0.001610438552
0.001600197359
0.001590581534
0.001581654281
0.001573492903
0.001566326481
0.001559935377
0.001554435166
0.001549881163
0.001546271
0.001543566589
0.001541721346
0.001540692861
0.001540392746
0.001540724842
0.001541586249
0.001542865604
0.0015444671
0.001546256213
0.001548133856
0.001550005854
0.001551841189
0.001553443548
0.001554719296
0.001555595853
0.001555967273
0.001555717239
0.001554734773
0.00155291914
0.001550190068
0.001546502715
0.001541861642
0.001536328852
0.00153002354
0.001523113216
0.001515799259
0.001508301811
0.001500852272
0.001493666241
0.001486950215
0.001480856608
0.001475576961
0.001471202903
0.001467879335
0.001465729251
0.001464739507
0.001465033622
0.001466629138
0.001469466414
0.001473504236
0.001478676957
0.001484895131
0.001491959805
0.001499637885
0.001507598033
0.00151537187
0.001522390915
0.001527905736
0.001531110494
0.001531426184
0.001528761157
0.001523574527
0.001516611204
0.001508608634
0.001500154874
0.001491669204
0.001483438943
0.001475654896
0.001468442815
0.001461882766
0.001456027086
0.001450910612
0.001446558272
0.001442990184
0.00144022418
0.001438275783
0.001437156986
0.001436874369
0.001437425558
0.001438793469
0.001440940603
0.001443803173
0.001447283087
0.001451240244
0.001455463306
0.001459713398
0.001463567107
0.001466512026
0.001468020539
0.001467589508
0.001464916941
0.00146004935
0.001453359761
0.00144538935
0.001436682108
0.001427713978
0.001418813306
0.001410267497
0.001402241529
0.001394851578
0.001388164802
0.001382220561
0.001377032315
0.001372592993
0.001368882699
0.001365874841
0.001363540917
0.001361854602
0.001360794199
0.001360345818
0.00136049999
0.001361251876
0.001362600807
0.001364548065
0.001367092533
0.001370224965
0.001373920876
0.001378131809
0.001382774279
0.001387715741
0.001392758158
0.001397623126
0.001401936298
0.001405220028
0.001406933357
0.001406673108
0.001404234622
0.001400381837
0.001393647272
0.001390836562
0.001373135248
0.001382719857
0.001895422871
0.00188768489
0.001880972416
0.001873956416
0.001866416449
0.00185835051
0.00184987362
0.001841113245
0.001832091334
0.001822807879
0.001813275386
0.001803439768
0.00179329751
0.001782827449
0.001772008376
0.001760830625
0.001749305754
0.001737450668
0.001725287267
0.001712850527
0.001700188094
0.001687357995
0.001674427681
0.001661472946
0.001648576558
0.001635827181
0.00162331814
0.001611146122
0.001599409664
0.001588207304
0.001577639564
0.001567770502
0.001558632572
0.001550523907
0.001543363258
0.00153709882
0.001531827606
0.001527578902
0.001524318366
0.001522007993
0.001520620231
0.001520075716
0.001520287698
0.001521162188
0.001522592814
0.001524489063
0.001526754574
0.00152926034
0.001531951352
0.001534743136
0.001537417019
0.001539886609
0.001542037342
0.001543703647
0.001544708286
0.001544873883
0.001544030183
0.0015420339
0.001538795191
0.001534300572
0.001528624431
0.00152192519
0.0015144272
0.00150639257
0.001498101849
0.001489832402
0.001481815137
0.001474302536
0.001467464886
0.001461546781
0.00145659385
0.001452734756
0.001450139081
0.001448787044
0.001448761474
0.001450040203
0.001452643198
0.001456500093
0.001461521985
0.001467574522
0.00147445571
0.001481902921
0.001489566586
0.001496957332
0.001503463396
0.00150838433
0.001511010143
0.001510853514
0.001507893614
0.001502556315
0.00149550095
0.0014874013
0.001478819622
0.001470177387
0.001461775912
0.001453826533
0.001446474722
0.001439815613
0.001433911724
0.00142880449
0.001424521899
0.001421083736
0.001418504356
0.001416793812
0.001415957445
0.001415993751
0.001416890232
0.001418619009
0.001421132134
0.001424355753
0.001428180615
0.001432469778
0.001436988615
0.001441490699
0.001445617344
0.001448822625
0.001450575465
0.001450386324
0.001447932068
0.001443207189
0.00143653588
0.001428443176
0.001419490464
0.001410184187
0.001400884711
0.001391918484
0.001383468048
0.001375663824
0.001368586739
0.001362284667
0.001356775856
0.001352056412
0.001348109294
0.001344910165
0.001342431734
0.001340648406
0.001339539278
0.001339089805
0.001339288259
0.001340125198
0.001341596135
0.001343699094
0.001346430826
0.001349781845
0.00135373019
0.001358233199
0.001363216413
0.001368558492
0.001374072404
0.001379487247
0.001384436251
0.001388423656
0.001390864889
0.001391306282
0.001389378041
0.00138582317
0.001379006172
0.001376444429
0.001357080797
0.001368510543
0.001891629433
0.00188375342
0.00187712013
0.001870240914
0.001862875906
0.001855016916
0.001846778979
0.00183827469
0.001829501833
0.001820442208
0.001811122513
0.001801447056
0.001791374957
0.001780912796
0.001770007998
0.001758643078
0.001746821301
0.001734567792
0.001721915718
0.001708905181
0.001695584624
0.001682015188
0.00166827163
0.001654438338
0.001640606564
0.001626873754
0.00161334305
0.001600121778
0.001587320114
0.001575049054
0.00156342478
0.001552540607
0.001542409962
0.001533218114
0.001525138428
0.001518018626
0.001511998351
0.001507097136
0.001503278174
0.001500515603
0.001498799152
0.001498059755
0.001498220651
0.001499195825
0.001500885847
0.001503194605
0.001506094062
0.001509437684
0.001513191619
0.001517160399
0.001521169172
0.001525123659
0.001528852394
0.001532125931
0.001534692123
0.001536282168
0.001536625817
0.001535486932
0.001532709098
0.00152825566
0.001522227573
0.001514853917
0.001506453366
0.001497369837
0.001487965837
0.001478560081
0.001469463191
0.001460981594
0.001453255124
0.001446514755
0.001440805173
0.001436338225
0.001433200117
0.001431404301
0.001430969488
0.001431901175
0.001434180758
0.001437724684
0.001442428435
0.001448141637
0.001454651764
0.001461669376
0.001468833348
0.001475664229
0.00148155108
0.001485821506
0.001487847973
0.001487256682
0.001484074955
0.001478678448
0.001471644899
0.001463579988
0.001455010213
0.001446347314
0.001437897549
0.00142988798
0.001422479246
0.001415787703
0.001409885624
0.001404822621
0.001400631548
0.001397333787
0.001394942493
0.001393464189
0.001392898386
0.001393235432
0.001394453166
0.00139651326
0.001399356881
0.001402899675
0.00140702558
0.001411581728
0.001416367598
0.001421077995
0.00142538319
0.001428812578
0.001430363098
0.001430859402
0.001428658216
0.00142414268
0.001417585338
0.001409483851
0.001400410522
0.001390890282
0.001381328961
0.001372076312
0.00136333862
0.001355261114
0.001347935911
0.001341416454
0.001335722891
0.001330851692
0.001326786007
0.00132350167
0.001320970723
0.001319166769
0.001318069657
0.001317664162
0.001317934243
0.001318865284
0.001320448276
0.001322677537
0.001325547436
0.001329048534
0.001333162441
0.001337854155
0.001343061083
0.001348678086
0.001354537871
0.001360387854
0.001365873581
0.001370510983
0.001373684924
0.00137486199
0.001373550026
0.001370402969
0.001363612006
0.001361415486
0.001340272178
0.001353962707
0.001887946605
0.001879960137
0.001873399719
0.001866637579
0.001859424437
0.001851749945
0.001843731102
0.001835463102
0.001826952265
0.001818132245
0.001809010863
0.001799473328
0.001789478015
0.001778994497
0.00176795822
0.001756366855
0.001744233039
0.001731553686
0.001718359261
0.001704708051
0.001690657773
0.001676271674
0.001661628951
0.00164682231
0.001631952994
0.001617128935
0.001602464157
0.001588077615
0.001574091611
0.001560629233
0.00154781408
0.001535766492
0.001524553832
0.001514275764
0.001505223823
0.001497176373
0.001490323058
0.001484701936
0.00148028602
0.001477060945
0.001475031298
0.001474136494
0.001474309319
0.001475474043
0.001477547759
0.001480435442
0.001484139841
0.001488475328
0.00149343986
0.001498839711
0.001504511017
0.001510300736
0.00151598555
0.001521275174
0.001525823842
0.001529235711
0.001531092887
0.001531013915
0.001528735042
0.001524184979
0.001517517681
0.001509092086
0.001499365548
0.00148878657
0.001477840234
0.001466963944
0.001456556933
0.001446836465
0.001437981517
0.001430249012
0.00142375286
0.001418592128
0.0014147981
0.001412447629
0.001411520353
0.00141199364
0.001413817372
0.001416907355
0.001421143794
0.001426356511
0.001432316915
0.001438731686
0.001445234653
0.001451357199
0.001456519127
0.001460087276
0.001461522891
0.001460552972
0.001457217517
0.001451850091
0.001444954829
0.001437068119
0.001428669679
0.001420146836
0.001411801698
0.001403860409
0.001396501624
0.001389860002
0.001384021161
0.001379043436
0.001374966711
0.001371816622
0.00136960773
0.00136834495
0.001368023241
0.00136862591
0.001370121913
0.00137246252
0.001375577706
0.001379372562
0.001383723437
0.001388472364
0.001393420465
0.00139828691
0.001402717902
0.001406277561
0.001408448638
0.00140875393
0.00140684112
0.001402602665
0.001396257244
0.001388268415
0.00137921303
0.001369626768
0.001359962768
0.00135059173
0.001341742721
0.001333574072
0.001326186773
0.001319635816
0.001313939207
0.001309090173
0.001305068916
0.001301848905
0.001299399399
0.001297691422
0.001296705404
0.001296425109
0.001296827971
0.001297892568
0.001299603596
0.001301950159
0.001304923145
0.001308512387
0.00131270249
0.001317466865
0.001322757677
0.001328490834
0.001334525557
0.001340638046
0.001346498969
0.001351657087
0.001355492419
0.001357400014
0.00135677846
0.001354145304
0.001347513022
0.001345809016
0.001322803272
0.001339186962
0.001884426377
0.001876327052
0.00186982516
0.001863172827
0.001856097999
0.001848593853
0.001840775563
0.001832726223
0.001824448418
0.001815871773
0.001806950557
0.00179755045
0.001787595468
0.001777082273
0.001765917253
0.001754059837
0.001741555422
0.001728413436
0.001714639003
0.001700281449
0.001685413034
0.001670115115
0.001654477308
0.001638595822
0.001622578285
0.001606543919
0.00159062015
0.001574939347
0.001559637567
0.001544852843
0.001530721904
0.001517383543
0.001504932063
0.001493458526
0.001483319785
0.001474262605
0.001466514311
0.001460130858
0.001455094358
0.001451402428
0.001449075937
0.001448062929
0.001448304733
0.001449734309
0.001452282897
0.001455863462
0.001460514619
0.001466038756
0.001472445466
0.001479563786
0.001487219146
0.001495221464
0.00150331146
0.001511134214
0.001518228325
0.001524025996
0.001527887208
0.00152919088
0.001527486398
0.001522642673
0.001514917496
0.001504882839
0.001493204484
0.001480580896
0.001467672838
0.001455009761
0.001442908219
0.001431659332
0.001421569411
0.0014127482
0.00140533332
0.001399354106
0.001394864369
0.001391879909
0.001390358247
0.001390256771
0.001391509738
0.00139401593
0.001397633237
0.00140217538
0.001407409041
0.001413047516
0.001418735407
0.001424024674
0.00142836553
0.00143119023
0.001432058755
0.001430761429
0.001427341055
0.001422095459
0.001415463809
0.001407913753
0.001399867877
0.001391676444
0.001383617963
0.001375909778
0.001368739176
0.001362251854
0.001356555764
0.001351717242
0.001347784885
0.0013447911
0.00134275452
0.001341680958
0.001341563056
0.001342378756
0.001344088917
0.001346634679
0.001349935159
0.001353885706
0.001358356286
0.001363187762
0.001368182891
0.001373083228
0.001377552967
0.001381168778
0.001383453134
0.001383967277
0.001382348988
0.001378438517
0.001372395067
0.0013646403
0.001355747846
0.001346255498
0.001336666017
0.001327368402
0.001318613664
0.001310572313
0.001303350719
0.001297000507
0.001291532427
0.001286931813
0.001283171449
0.001280218884
0.001278038
0.001276594924
0.001275870507
0.001275846776
0.001276491518
0.00127777416
0.001279670192
0.001282160541
0.001285229953
0.001288865305
0.001293052972
0.00129777427
0.001302996942
0.001308661012
0.001314658772
0.001320805362
0.001326813936
0.001332282665
0.00133662413
0.00133918218
0.001339262187
0.001337218215
0.001330875782
0.001329792525
0.001304872225
0.001324398766
0.001881121346
0.001872880331
0.001866424624
0.00185986748
0.001852921262
0.001845576048
0.001837944571
0.001830103039
0.001822042803
0.001813689506
0.001804952216
0.001795704319
0.001785807043
0.001775206379
0.001763903003
0.001751789554
0.001738861536
0.001725127322
0.001710680554
0.00169556649
0.001679814919
0.001663505012
0.001646757508
0.001629687053
0.001612405204
0.001595036847
0.001577721501
0.001560607177
0.001543846173
0.001527593997
0.00151200458
0.001497237295
0.001483396877
0.001470600494
0.001459263856
0.001449105203
0.001440392809
0.001433193002
0.001427503437
0.001423333952
0.001420719625
0.001419616656
0.001419974708
0.001421734064
0.001424840548
0.001429213429
0.001434931451
0.001441821711
0.00144989862
0.001458999056
0.001468957175
0.001479585277
0.001490600806
0.001501590019
0.001511968246
0.001520948297
0.001527557082
0.001530764088
0.001529770009
0.001524318465
0.001514873136
0.001502403309
0.001488014157
0.001472747599
0.001457298194
0.00144232246
0.001428186395
0.001415267199
0.001403750175
0.001393711789
0.001385284539
0.00137844811
0.001373198117
0.00136950345
0.001367313722
0.001366560817
0.001367149868
0.001368954094
0.001371812886
0.001375532437
0.001379884968
0.001384599727
0.001389344283
0.001393697607
0.001397148382
0.001399220829
0.001399570036
0.001398008344
0.001394585386
0.00138956939
0.001383343715
0.001376309265
0.001368825497
0.001361190356
0.001353641245
0.001346376365
0.001339568294
0.001333374755
0.001327929838
0.00132330784
0.001319566053
0.001316745516
0.001314871694
0.001313954267
0.001313986263
0.001314942412
0.001316777167
0.001319423013
0.001322789669
0.001326764547
0.001331213457
0.001335979345
0.001340874461
0.001345661545
0.001350030183
0.001353585462
0.001355890471
0.00135655484
0.001355218627
0.001351671592
0.001346008947
0.001338604558
0.001330015651
0.001320779594
0.001311446841
0.001302426304
0.001293986642
0.001286313083
0.001279514274
0.001273634164
0.001268671195
0.001264597139
0.001261371561
0.0012589508
0.00125728956
0.001256345663
0.001256099496
0.001256530209
0.001257591455
0.001259239468
0.00126143636
0.001264150071
0.001267355253
0.001271032294
0.001275164987
0.001279739999
0.001284740764
0.001290134113
0.001295849605
0.001301754933
0.001307615276
0.001313091004
0.001317678058
0.001320708286
0.001321417192
0.001319987113
0.001314050672
0.001313721689
0.001286861963
0.00131000154
0.001878041679
0.001869644957
0.001863232052
0.001856754717
0.001849922711
0.0018427225
0.001835264219
0.001827617953
0.001819765501
0.00181161745
0.001803047846
0.001793917951
0.001784086227
0.001773410468
0.001761890714
0.001749417485
0.001736024129
0.001721703903
0.001706492567
0.001690525129
0.001673827756
0.001656440644
0.001638474691
0.001620073743
0.001601380107
0.001582531578
0.001563674929
0.001544970802
0.001526590051
0.001508707782
0.001491498723
0.001475144862
0.001459775875
0.001445554197
0.001432911563
0.00142154596
0.001411749581
0.001403631836
0.001397225731
0.001392551551
0.001389651227
0.001388482838
0.001388998943
0.001391144637
0.001394886548
0.001400149207
0.001407001688
0.001415346066
0.001425261563
0.001436579925
0.001449162784
0.001462848064
0.001477358336
0.001492258473
0.001506866973
0.001520149369
0.001530655757
0.001536640961
0.001536585803
0.001529974575
0.001517726714
0.001501660869
0.001483558925
0.001464712646
0.001446052258
0.001428351681
0.001412021765
0.001397246642
0.001384187593
0.001372921378
0.001363446345
0.001355706821
0.001349656538
0.001345231479
0.001342345241
0.001340890157
0.001340738256
0.001341739081
0.00134371982
0.001346487476
0.001349827972
0.001353496642
0.001357193558
0.001360528031
0.001363057283
0.001364408181
0.00136430616
0.001362570665
0.001359254805
0.001354601845
0.001348947846
0.001342632325
0.001335949565
0.001329131727
0.001322360621
0.001315795168
0.001309573991
0.001303864373
0.001298819281
0.001294527138
0.001291050608
0.001288439746
0.001286728698
0.001285933683
0.001286050924
0.00128705462
0.001288895366
0.001291499468
0.001294770032
0.001298589691
0.001302824156
0.001307323453
0.001311916105
0.001316391428
0.001320473624
0.001323807983
0.001326005062
0.001326738863
0.001325664259
0.001322518457
0.001317323321
0.001310396596
0.001302254472
0.001293446701
0.001284551951
0.001276004624
0.001268096122
0.001261029732
0.001254916061
0.00124978992
0.001245634515
0.00124240309
0.001240035794
0.001238471221
0.001237650163
0.001237517248
0.001238049555
0.001239220458
0.00124096122
0.001243207002
0.001245899098
0.001248986363
0.00125242663
0.001256187682
0.001260247198
0.001264591843
0.001269217405
0.001274121848
0.001279279164
0.001284616104
0.001289973257
0.001295086395
0.001299562194
0.001302780935
0.001303952723
0.001303099765
0.001297653738
0.001298227672
0.001269401625
0.001296691481
0.001875164607
0.001866648616
0.001860279059
0.001853870849
0.001847135309
0.001840064168
0.001832763039
0.001825296036
0.001817633913
0.001809669896
0.001801250646
0.001792206556
0.001782379962
0.001771615993
0.001759863606
0.001747010241
0.001733071146
0.001718115495
0.001702149132
0.001685198
0.001667340448
0.00164873178
0.001629475395
0.00160965151
0.00158940795
0.001568923014
0.00154836459
0.001527903193
0.001507727823
0.001488037326
0.001469034171
0.001450926576
0.001433871095
0.001417978369
0.00140377819
0.001391149864
0.001380212087
0.001371139231
0.001363992096
0.00135880117
0.001355621878
0.001354411548
0.001355117427
0.001357673762
0.001362050998
0.001368262841
0.001376383057
0.001386302525
0.001398159615
0.001411828937
0.001427264679
0.00144435684
0.001462884175
0.001482464837
0.001502407276
0.001521482757
0.001537643331
0.001547880569
0.001549114386
0.00154038208
0.001523700924
0.001502405536
0.001479191945
0.001455809805
0.001433435848
0.001412665652
0.001393893965
0.00137715614
0.001362542086
0.001350014385
0.001339489841
0.001330879243
0.001324077008
0.001318958677
0.001315386179
0.001313210977
0.001312273508
0.001312402658
0.001313419076
0.001315138594
0.001317370677
0.00131990779
0.001322487126
0.001324750698
0.001326379085
0.001327104474
0.00132667112
0.001324907776
0.001321861691
0.001317751338
0.001312871953
0.001307510262
0.001301896795
0.001296191472
0.001290510688
0.001284949915
0.001279603721
0.001274627925
0.001270183813
0.001266385523
0.00126329338
0.001260963611
0.001259439026
0.001258744258
0.001258881571
0.001259827973
0.001261533688
0.001263922688
0.001266895527
0.001270334631
0.001274110553
0.001278086066
0.001282112658
0.001286013963
0.001289558631
0.00129244384
0.001294337727
0.001295001136
0.001294126676
0.001291399918
0.001286759945
0.001280452578
0.00127292389
0.001264735031
0.001256475028
0.001248596193
0.00124142675
0.0012351936
0.001230015
0.001225920987
0.001222881323
0.001220829734
0.001219683354
0.001219357987
0.001219775118
0.001220861011
0.001222584763
0.001224905332
0.001227716197
0.001230916405
0.001234412374
0.001238121557
0.001241974322
0.001245916794
0.001249915244
0.001253957697
0.001258054689
0.001262234253
0.001266523932
0.001270919238
0.001275353406
0.001279665663
0.001283594154
0.001286628778
0.001288004275
0.001287615136
0.001282680315
0.001284331916
0.001253434628
0.001300769834
0.001872556235
0.001863919314
0.001857582069
0.00185124242
0.001844594266
0.00183763915
0.001830479062
0.00182317269
0.001815679103
0.001807873932
0.001799577929
0.001790590968
0.001780723566
0.001769815506
0.001757772699
0.001744522121
0.001729998365
0.001714254949
0.001697389592
0.001679468452
0.001660422742
0.001640415015
0.00161967847
0.001598310472
0.001576391929
0.001554104731
0.001531660689
0.001509256774
0.001487095181
0.001465398514
0.001444399447
0.001424340929
0.001405441663
0.001387780068
0.001371821342
0.001357681652
0.0013454729
0.001335425463
0.001327538052
0.001321843119
0.001318410301
0.001317194229
0.001318123903
0.001321128324
0.001326159947
0.001333299024
0.001342665011
0.001354193101
0.001367993296
0.001384057069
0.001402453621
0.001423159776
0.001446081316
0.001470995097
0.001497367269
0.001523995312
0.001548327245
0.00156543507
0.001568795896
0.001556041599
0.001531991633
0.001503090338
0.001473349384
0.001444717486
0.001418187741
0.001394203479
0.00137293866
0.001354299005
0.001338214023
0.001324545297
0.001313135737
0.001303811182
0.001296384386
0.001290666109
0.00128646807
0.001283601221
0.001281875363
0.001281102964
0.001281104752
0.001281714148
0.001282777143
0.001284131659
0.001285553888
0.00128674656
0.001287553315
0.001287814991
0.00128725722
0.001285704405
0.001283180202
0.001279869271
0.001276027639
0.001271897087
0.00126765036
0.001263382188
0.001259138079
0.001254935354
0.001250811283
0.001246878076
0.001243302499
0.001240229934
0.001237705883
0.001235784238
0.001234512029
0.001233921164
0.001234021275
0.001234795267
0.001236197561
0.001238155413
0.001240573473
0.001243341511
0.001246343341
0.001249463592
0.001252585959
0.001255577109
0.001258258557
0.001260388486
0.001261703389
0.001262077583
0.001261284278
0.001258969554
0.001254982748
0.001249473343
0.0012427783
0.001235451498
0.001228064244
0.001221073957
0.001214849944
0.00120965563
0.001205633164
0.00120282199
0.001201189805
0.001200659645
0.001201131586
0.001202500774
0.001204665981
0.001207530587
0.001211042363
0.001215124811
0.001219602751
0.001224307004
0.001229079286
0.00123378028
0.001238295598
0.001242541687
0.001246471487
0.001250080088
0.001253405548
0.001256522009
0.001259525655
0.001262506279
0.001265511782
0.001268512235
0.001271411473
0.001273858947
0.001275161786
0.001275129307
0.001270729171
0.00127373671
0.001240509208
0.001313409585
0.001870282825
0.001861489821
0.00185517412
0.001848891109
0.001842324866
0.00183547543
0.001828441599
0.001821275041
0.001813925794
0.001806250687
0.001798044825
0.00178907653
0.001779126277
0.001768011953
0.001755610854
0.001741856442
0.001726711987
0.001710149791
0.001692248741
0.001673187518
0.001652960374
0.001631537387
0.00160913502
0.001585989322
0.001562233765
0.001537984559
0.001513450952
0.001488884043
0.001464523635
0.001440605973
0.001417384639
0.001395133877
0.00137412755
0.001354516132
0.001336747063
0.001321034153
0.001307439801
0.001296278972
0.001287596481
0.001281420442
0.001277793845
0.001276634954
0.00127783946
0.001281337809
0.001287066808
0.001295101034
0.001305572508
0.001318562975
0.001334191142
0.001352551047
0.001373806819
0.001398072114
0.001425444123
0.001455951099
0.001489389297
0.001524973195
0.001560338695
0.001588837941
0.001596077128
0.001574869558
0.001539309802
0.001500860883
0.001463897775
0.001429737705
0.001399052262
0.001371973444
0.001348370466
0.001328042231
0.001310759471
0.001296251429
0.001284237756
0.001274439978
0.001266591365
0.001260439308
0.001255741969
0.001252267507
0.001249797634
0.00124813432
0.001247106514
0.001246577685
0.001246442929
0.001246591466
0.001246850548
0.001247033341
0.001247169424
0.001247214838
0.001246855123
0.001245884233
0.00124427227
0.001242145961
0.001239710611
0.001237162484
0.001234628391
0.001232154678
0.001229720755
0.001227265369
0.001224759326
0.001222240637
0.001219880781
0.001217851205
0.00121616723
0.001214860318
0.001213968793
0.001213525399
0.001213545618
0.001214020153
0.001214912155
0.001216159069
0.001217679364
0.001219382235
0.001221177833
0.001222983835
0.001224724313
0.001226316277
0.001227649679
0.001228572689
0.001228930369
0.001228748876
0.001227926092
0.001226088031
0.001222985735
0.00121861956
0.001213169151
0.001207092087
0.001200915155
0.001195078546
0.001190007274
0.001186023555
0.00118331928
0.001181971865
0.001181979571
0.001183291172
0.001185824569
0.001189476526
0.001194125672
0.001199635635
0.001205897599
0.001212737087
0.001219839147
0.001226895013
0.001233622096
0.001239782599
0.00124519689
0.001249752347
0.001253408713
0.00125620063
0.001258234906
0.001259680126
0.001260748356
0.001261666597
0.001262631305
0.001263769978
0.001265175259
0.001266702732
0.001267791415
0.001268180889
0.001264454004
0.001269332133
0.001233352717
0.001330249817
0.00186835595
0.001859390817
0.001853095149
0.001846853867
0.001840355572
0.001833595631
0.00182666799
0.001819615901
0.00181237972
0.00180479773
0.001796638246
0.00178763849
0.001777548925
0.001766163959
0.001753341847
0.001739003021
0.001723126358
0.001705717483
0.001686766118
0.001666413112
0.00164470965
0.001621740776
0.001597648067
0.00157256814
0.001546744419
0.00152037424
0.001493594169
0.001466632417
0.001439814966
0.001413430704
0.001387757345
0.001363088764
0.001339744592
0.001317950198
0.001298250892
0.001280880852
0.001265863798
0.001253521932
0.001244009829
0.00123735743
0.001233595437
0.001232570565
0.0012341342
0.001238154507
0.001244525721
0.001253330504
0.001264734781
0.00127902992
0.001296283255
0.001316656061
0.001340427878
0.00136787363
0.001399273669
0.001434825645
0.001474664538
0.00151875016
0.001565623519
0.001608666086
0.00162179791
0.00158706824
0.001538721552
0.001491069701
0.001447444346
0.001408430453
0.001374205497
0.001344563709
0.001319189673
0.001297724362
0.001279757593
0.0012648676
0.001252652744
0.001242740105
0.001234784492
0.001228463946
0.001223478313
0.001219552726
0.001216444576
0.0012139509
0.001211918896
0.001210255227
0.001208911629
0.001207835725
0.001206924298
0.001206192772
0.001205905831
0.001206105892
0.001206446558
0.001206650911
0.00120658297
0.001206259337
0.001205795181
0.001205324678
0.001204940513
0.00120466527
0.001204436668
0.001204140894
0.001203684967
0.001203018365
0.001202312492
0.00120175376
0.001201306879
0.001200939911
0.001200652252
0.001200458678
0.001200372582
0.001200393527
0.001200501416
0.001200657835
0.001200812739
0.001200913896
0.001200915834
0.001200787924
0.001200517186
0.001200101369
0.001199524264
0.001198729508
0.001197672812
0.001196549996
0.001195473855
0.001194161318
0.001192270198
0.001189520602
0.001185840092
0.0011814911
0.001176907956
0.001172539462
0.001168831582
0.001166146354
0.001164759882
0.001164885982
0.001166686165
0.001170264472
0.001175647651
0.001182759572
0.001191409098
0.001201317161
0.001212183988
0.001223568365
0.001234849554
0.001245449866
0.001254883659
0.001262790009
0.001268946923
0.001273272557
0.00127581825
0.001276758034
0.001276374187
0.001275035498
0.001273165164
0.001271195221
0.001269514084
0.001268426452
0.001268181881
0.001268768127
0.001269699145
0.001270606965
0.001267523996
0.001274826314
0.001235187183
0.00134558136
0.001866746305
0.001857651285
0.00185137588
0.001845167288
0.001838717028
0.001832025657
0.001825177478
0.001818207872
0.001811043114
0.001803504413
0.001795331824
0.00178623536
0.001775934464
0.001764204405
0.001750884398
0.001735888113
0.001719181295
0.001700781327
0.001680685495
0.00165900029
0.001635763459
0.001611046643
0.001585093689
0.001558007877
0.001529907748
0.001501140233
0.001471944229
0.001442445059
0.001412925277
0.001383770669
0.001355347916
0.001328004924
0.001302110318
0.001277946839
0.001256033757
0.001236697177
0.001220206354
0.001206723203
0.001196494364
0.001189540926
0.001185828451
0.001185129389
0.001187198931
0.001191777352
0.001198779134
0.001208277077
0.001220479294
0.001235709893
0.001254114637
0.001275958787
0.001301637542
0.00133152117
0.001365871085
0.00140490017
0.001449121803
0.001498505558
0.001550443444
0.001596235734
0.00160910683
0.001573401122
0.00152091733
0.001468646996
0.001420936093
0.001378759215
0.001342243897
0.001311088242
0.001284847561
0.001263003384
0.001245002204
0.001230303095
0.001218401632
0.001208833385
0.001201170461
0.001195018981
0.001190021721
0.001185863962
0.001182281955
0.001179073621
0.001176114076
0.001173359291
0.00117082278
0.001168517184
0.001166453753
0.001164957518
0.001164601289
0.001165513711
0.001167322679
0.001169635053
0.001172127763
0.00117461289
0.001177036176
0.001179427421
0.001181844459
0.001184311875
0.001186774803
0.001189119537
0.00119120488
0.001192914207
0.001194410862
0.001195870128
0.001197195915
0.001198224076
0.001198856219
0.001199049342
0.001198798916
0.001198118711
0.001197025017
0.001195528714
0.001193636884
0.001191362055
0.001188734395
0.001185810119
0.001182666283
0.001179383074
0.001176025217
0.001172670728
0.001169538918
0.001167200108
0.001166075283
0.001165829905
0.001165735239
0.001165087371
0.001163641909
0.001161480227
0.001158717706
0.001155474477
0.00115206458
0.001149128476
0.001147589178
0.001148426865
0.001152400931
0.001159914207
0.001170991396
0.001185279694
0.001202092244
0.001220561129
0.001239813914
0.001258771252
0.001276284939
0.001291431018
0.001303573537
0.001312377214
0.001317783004
0.001319967473
0.001319299557
0.001316299458
0.00131160023
0.001305905648
0.00129992798
0.001294309835
0.001289556584
0.001286009093
0.00128391402
0.001283292002
0.001283759169
0.001284958628
0.001282369807
0.001292782843
0.001247701416
0.001381598947
0.001865513048
0.001856301387
0.001850033097
0.001843855093
0.001837441013
0.001830797242
0.001824000501
0.001817075009
0.001809934366
0.001802378754
0.001794124442
0.001784851232
0.001774255884
0.001762091366
0.001748186894
0.001732443517
0.001714822326
0.001695326722
0.00167397719
0.001650850606
0.001626023455
0.001599497421
0.001571444303
0.001542162575
0.001511766235
0.001480361574
0.001448254254
0.001415877952
0.001383509328
0.001351393848
0.001319951736
0.001289672415
0.001260979722
0.001234213445
0.001209898099
0.001188476919
0.001170387618
0.001155799206
0.001145029761
0.001138063789
0.001134732841
0.001134672056
0.001137452171
0.001142699052
0.001150336104
0.001160403707
0.001173301628
0.001189082919
0.001208060481
0.001230668412
0.001257381605
0.001288459922
0.001324023008
0.001364484483
0.001410005991
0.001458811855
0.001506272055
0.001542947577
0.00155243827
0.001526716573
0.001480981066
0.001430613212
0.001382665554
0.001339796722
0.001302762301
0.001271473954
0.001245496421
0.001224235003
0.001207034855
0.001193249782
0.001182275911
0.001173561587
0.001166606157
0.001160957989
0.001156216944
0.001152041528
0.001148158562
0.001144377672
0.001140603408
0.001136839486
0.001133161261
0.001129651861
0.001126469129
0.001124351608
0.001124309203
0.001126652357
0.001131011405
0.00113680331
0.0011434007
0.001150295951
0.001157152859
0.001163797198
0.001170189681
0.001176361918
0.001182334054
0.00118806626
0.001193422326
0.001198248321
0.00120267541
0.00120685581
0.001210594822
0.001213502389
0.001215305784
0.001215856995
0.001215119428
0.001213135393
0.001209992785
0.0012058044
0.001200700937
0.001194825005
0.001188320008
0.001181326446
0.001174000274
0.001166556959
0.001159324091
0.001152771611
0.001147501704
0.001144248603
0.00114340379
0.001144602369
0.001147127308
0.001150069134
0.001152188964
0.001151737773
0.001147196602
0.001138634117
0.00112828226
0.001119744022
0.001116472426
0.001120710484
0.001133118925
0.001153138429
0.001179479013
0.001210331695
0.001243551873
0.001277032517
0.001308941256
0.001337372684
0.001360875977
0.001378618983
0.001390348243
0.001396285045
0.001397008002
0.001393343733
0.00138626935
0.001376822858
0.001366022743
0.001354804261
0.00134395527
0.001334051
0.001325423226
0.001318202699
0.001312506166
0.00130841334
0.00130572016
0.001304240861
0.001299487308
0.001311229466
0.001260295302
0.001499618891
0.001864728323
0.001855371125
0.001849102347
0.001842937837
0.00183654923
0.001829932902
0.001823157222
0.001816233199
0.00180906194
0.001801421364
0.001793004864
0.001783463969
0.00177247755
0.001759780086
0.001745194269
0.001728608755
0.001709980911
0.001689299223
0.00166658777
0.001641891328
0.001615301186
0.001586874852
0.001556677497
0.001524894669
0.001491855431
0.001457778466
0.001422729121
0.001387069446
0.001351438957
0.001316131067
0.001281434192
0.001247898234
0.001216100864
0.001186501328
0.001159599681
0.00113607059
0.001116462889
0.001100961025
0.001089943766
0.001083348801
0.001080880024
0.001081937358
0.001085839526
0.001092004985
0.001100273655
0.001110752892
0.001123866393
0.001139714378
0.001158695215
0.001181364452
0.001208055007
0.001238825456
0.001274016168
0.001313754159
0.001356656265
0.001399785366
0.001438571103
0.001465903776
0.001473044953
0.001456038718
0.001420816253
0.001377298837
0.001333049524
0.001292183916
0.001256466358
0.001226384318
0.001201753623
0.001182030694
0.001166507975
0.001154439774
0.001145111633
0.001137870097
0.001132131613
0.001127384775
0.001123195462
0.001119210965
0.001115163848
0.001110888125
0.001106342817
0.001101610851
0.001096819516
0.00109208021
0.001087748999
0.001085231766
0.001086258304
0.001091357436
0.001100066268
0.001111564154
0.001124847868
0.001138814707
0.001152442032
0.001165084155
0.001176634452
0.001187390359
0.001197743406
0.001207894879
0.001217720642
0.001226935474
0.001235496696
0.001243434427
0.001250335892
0.001255470816
0.001258333041
0.001258665319
0.001256441129
0.001251810095
0.001245034255
0.001236430308
0.001226324161
0.001215018777
0.001202783577
0.001189903277
0.001176775073
0.001163977455
0.001152203393
0.001142103953
0.001134261669
0.001129529885
0.00112893501
0.001132787118
0.00113968897
0.001145803542
0.001145474265
0.001134960023
0.00111625235
0.001096350687
0.001083154678
0.001082096578
0.001095486467
0.001122862327
0.001161830118
0.001209232442
0.001261237569
0.001314172243
0.001364470887
0.001409424832
0.001447322151
0.001476648443
0.001496979972
0.001508611116
0.001512342531
0.00150930619
0.001500828843
0.001488304855
0.001473074203
0.001456322126
0.001438999281
0.001421769672
0.001405007041
0.001388835298
0.001373204904
0.001357995996
0.001343248911
0.00132920151
0.001315945218
0.001304266225
0.001290288411
0.001293910196
0.001242980939
0.001443255784
0.001864492495
0.00185489565
0.001848616519
0.001842449924
0.001836064045
0.001829446875
0.001822650989
0.001815675986
0.001808405245
0.001800599158
0.00179192329
0.001782012803
0.001770526159
0.001757194146
0.001741825168
0.0017243074
0.001704579911
0.001682627988
0.001658455682
0.001632099573
0.00160361729
0.001573104918
0.001540654881
0.001506344173
0.001470380109
0.001433250769
0.001395171684
0.001356179412
0.001316814418
0.001277839516
0.001239636031
0.001202587762
0.001167384326
0.001134716864
0.001105163191
0.001079605276
0.001058610635
0.001042388332
0.001031418311
0.00102572926
0.001024806709
0.001027688876
0.001033363769
0.001040824562
0.001049783521
0.001060582445
0.001073517208
0.001088957119
0.001107374385
0.001129249462
0.001154719879
0.00118415468
0.00121766297
0.001253967007
0.001291190708
0.001326918688
0.00135717784
0.001377003938
0.001382253108
0.001371084006
0.001345555669
0.001311067974
0.001273536314
0.001237395732
0.001205248384
0.001178218072
0.001156432374
0.001139441198
0.001126526622
0.001116891705
0.001109757444
0.001104405975
0.001100199309
0.001096586907
0.001093112909
0.001089405795
0.001085194718
0.001080360694
0.001074951731
0.001069089726
0.001062883051
0.00105660659
0.001051209681
0.001049087225
0.001052820677
0.001063472273
0.001080906357
0.001103535298
0.0011280841
0.001150902612
0.00116995765
0.001185624432
0.001199782036
0.001214375077
0.001230470831
0.001248015463
0.001266076308
0.001283443417
0.001299321915
0.001313343388
0.001324609234
0.001332021089
0.001334962882
0.001333292633
0.001327264409
0.001317397231
0.001304330265
0.001288693412
0.001271037606
0.001251850317
0.001231649845
0.001211087333
0.001190962411
0.00117214128
0.001155351313
0.001141043545
0.001129562896
0.001121543815
0.001117507518
0.001116395714
0.001115554672
0.001113581683
0.00111152688
0.001112080882
0.001118426248
0.001134226301
0.001163269907
0.001206930171
0.001263935458
0.001328698113
0.001393478874
0.001455482624
0.001510273789
0.001556367624
0.001592999512
0.001620814684
0.001640345187
0.001652021346
0.001656318178
0.001653826932
0.001645335592
0.001631839079
0.001614454961
0.001594284462
0.001572271966
0.001549104234
0.001525170144
0.001500576132
0.00147523158
0.001448986478
0.001421763271
0.001393642467
0.001364945022
0.001336441649
0.001308671105
0.001283035159
0.001256570919
0.001242523469
0.001200234557
0.001220503948
0.001864668804
0.001854901365
0.001848602488
0.001842419091
0.001836008428
0.00182935151
0.001822486247
0.001815397286
0.00180794964
0.001799881966
0.001790839029
0.001780442192
0.001768342161
0.00175426615
0.001738017299
0.001719475903
0.001698568066
0.001675263415
0.001649548553
0.001621441516
0.001590976201
0.001558230205
0.001523312905
0.001486358635
0.001447451134
0.001406898915
0.001365259073
0.001322829339
0.001279722585
0.001236619782
0.00119443552
0.001153672153
0.001114873454
0.00107892676
0.001046639485
0.001018906959
0.0009964816718
0.0009800518052
0.0009698865858
0.0009660508488
0.0009677801238
0.0009736312951
0.0009819528058
0.0009914114782
0.001001365364
0.001012299484
0.001024646312
0.001039154439
0.001056392415
0.001076673959
0.001100500852
0.001128062841
0.00115799123
0.001188721034
0.001219274652
0.001247537955
0.001270172747
0.001284402356
0.001288517259
0.001281794678
0.00126481814
0.001239878582
0.001210582868
0.00118088943
0.001153720435
0.001130774738
0.001112618643
0.001099033944
0.001089365519
0.001082771541
0.001078381997
0.001075392496
0.001073103497
0.001070914937
0.001068340121
0.00106499887
0.001060664375
0.001055283998
0.001048927398
0.001041745957
0.001034010003
0.001026246435
0.001019844753
0.001018869489
0.001029125901
0.001053633105
0.001089315993
0.001126124751
0.001153663105
0.001170715335
0.001184182498
0.001201052281
0.001224611513
0.001254996438
0.001290473457
0.001328230047
0.001364878789
0.001397616877
0.001424831325
0.001445983145
0.001459752117
0.001465331436
0.001462765249
0.001452780914
0.001436541028
0.001415355333
0.001390447967
0.001362847989
0.001333413322
0.001302931381
0.001272255606
0.001242378279
0.001214223921
0.00118836161
0.001164794222
0.001142936
0.001121828152
0.00110064551
0.001079201997
0.001058573455
0.001040805438
0.001029498653
0.00102939193
0.001047250424
0.001090322798
0.001166339433
0.001275358613
0.001412372327
0.001557061048
0.001679919602
0.001767662877
0.001823415438
0.00182900917
0.00182933057
0.001822445235
0.00181628857
0.001810725674
0.001804258713
0.001795489089
0.001783505682
0.001767966193
0.001748981101
0.001726903276
0.001702124174
0.001674934016
0.001645464303
0.001613717547
0.001579656282
0.001543317053
0.001504921699
0.001464944946
0.001424112059
0.001383300561
0.001343801239
0.001306664959
0.001273467863
0.00124220473
0.001221096063
0.001187177032
0.001187767898
0.001865326059
0.001855404178
0.001849064415
0.001842856109
0.001836399175
0.001829664344
0.001822678083
0.001815407451
0.001807698423
0.00179926541
0.001789740834
0.001778736089
0.001765906638
0.001750976476
0.001733751954
0.00171409862
0.001691934086
0.001667200421
0.001639869737
0.001609927557
0.001577392935
0.001542307811
0.001504769363
0.001464924369
0.001422945052
0.001378978325
0.001333404755
0.001286927595
0.00123997006
0.001192746447
0.00114610099
0.001101169786
0.001058654983
0.001019325538
0.0009841404592
0.000954218988
0.0009306525777
0.0009144856028
0.0009061011834
0.0009055886069
0.0009117605079
0.0009223633063
0.000934668473
0.0009468468874
0.0009581248174
0.0009690248217
0.0009801860294
0.0009927955048
0.001007812303
0.001026183325
0.001048338599
0.001072899727
0.001098242227
0.001123959344
0.001148942117
0.001170691975
0.00118702098
0.001196571615
0.001199481645
0.001195974573
0.001186211957
0.001170638422
0.001150908212
0.001129503196
0.001109397107
0.001092243108
0.001078792462
0.00106906959
0.001062629147
0.001058766657
0.001056692187
0.001055641672
0.001054908443
0.001053833386
0.001051914767
0.001048774257
0.001044213976
0.001038190039
0.001030771219
0.001022029099
0.001011963081
0.001001354272
0.0009941610155
0.000999527722
0.001025347282
0.001066814521
0.001107569584
0.001137828928
0.001165794433
0.001203023888
0.001253304962
0.00131475058
0.001383496399
0.001454883892
0.001524495164
0.001588292009
0.001641623242
0.001681797213
0.001708223462
0.001721694837
0.001721517511
0.001708620124
0.00168467799
0.001651839538
0.00161236129
0.00156830013
0.001521376519
0.001473014722
0.001424471823
0.001376940799
0.001331499865
0.001288979309
0.001249584858
0.001212705305
0.00117698352
0.001140759297
0.001102848154
0.001063673079
0.001025526162
0.0009912944769
0.000963323394
0.0009432658305
0.0009309061257
0.0009256270062
0.0009289150379
0.0009470844244
0.0009880767036
0.001059704763
0.001174703887
0.001368469991
0.001569458582
0.001762314448
0.001877255209
0.00191010917
0.00192492673
0.001918214899
0.001919410184
0.001914642672
0.001905820872
0.001893239979
0.001876767361
0.001856268537
0.001831679803
0.001802977796
0.001770165754
0.001733304268
0.00169257538
0.001648361708
0.001601309255
0.001552355527
0.001502715401
0.001453823018
0.001407195045
0.001364468517
0.00132687272
0.001296086898
0.001270531507
0.001254585131
0.001231512658
0.001237137103
0.001866548719
0.001856426402
0.00185002799
0.001843769666
0.001837242266
0.001830393779
0.001823231615
0.00181570622
0.001807642413
0.001798736768
0.001788611224
0.001776879804
0.001763204585
0.001747318081
0.001729025157
0.00170818408
0.001684692352
0.001658470231
0.00162945955
0.001597619141
0.001562935641
0.001525425993
0.001485155705
0.00144225069
0.001396920377
0.001349397734
0.001299920737
0.001248979579
0.001197489836
0.001146047825
0.001095022462
0.001045490503
0.0009988477422
0.0009560119771
0.0009180074545
0.0008861848708
0.0008621158408
0.0008471016496
0.0008417962989
0.0008462587496
0.0008589868266
0.0008765629331
0.0008947043527
0.0009102925198
0.0009227336574
0.0009329259333
0.0009420006521
0.0009515829638
0.0009636450931
0.0009795373951
0.0009983783651
0.001018640267
0.001039973073
0.001061413403
0.001080877245
0.001097223166
0.001109463096
0.001117332044
0.001121223921
0.001122246037
0.001120855404
0.001116112768
0.001107148948
0.001095165896
0.001082397439
0.001071049402
0.00106196255
0.001055478783
0.00105145011
0.001049400167
0.001048719974
0.001048742636
0.001048754205
0.001048051789
0.001046269944
0.001043095208
0.001038350044
0.001031793303
0.001022929805
0.001011164778
0.0009971263178
0.0009848977899
0.0009819189526
0.0009942161746
0.001017968925
0.001048747553
0.001101098243
0.001193914929
0.001331145945
0.001501912278
0.001684024285
0.001851879547
0.001988554112
0.002088934796
0.002157845141
0.002199571892
0.002200958045
0.002199254992
0.002182490751
0.002153198916
0.002111939004
0.002060070195
0.001999302836
0.001931635789
0.001859109793
0.001783675058
0.001707191468
0.001631462336
0.00155816658
0.001488678524
0.001423799079
0.00136364855
0.001307319747
0.001253324942
0.001200151059
0.001147014214
0.001094407276
0.001044518158
0.001001503884
0.0009690240337
0.0009486402611
0.0009397559951
0.0009400056275
0.0009442536082
0.0009473741218
0.0009478469841
0.0009526246423
0.0009703949422
0.001012166957
0.001085649314
0.00119450785
0.001339118368
0.001508979803
0.001677600305
0.001819228517
0.001910522372
0.001960542222
0.001981924373
0.001986017964
0.001979399059
0.001965036612
0.001944060979
0.001916862874
0.001883635232
0.001844631652
0.00180030038
0.001751360422
0.001698850257
0.001644149931
0.001588968534
0.001535283865
0.001485218276
0.00144080139
0.001403779359
0.001375022571
0.001355461692
0.001343142521
0.001339968907
0.001328790576
0.001349860722
0.001868310977
0.00185798564
0.001851518589
0.001845182934
0.001838546322
0.001831533329
0.001824128909
0.001816264307
0.001807743768
0.00179825045
0.001787403195
0.001774827911
0.00176020056
0.001743267259
0.001723832135
0.001701745039
0.001676879383
0.001649129884
0.001618402095
0.001584622593
0.001547738086
0.00150773728
0.001464647792
0.001418575184
0.001369704831
0.001318325372
0.001264779049
0.001209442114
0.001152992664
0.001096606093
0.001041131463
0.0009871387839
0.0009359918406
0.0008893489482
0.0008487026561
0.0008153581768
0.0007911266176
0.0007777412701
0.0007769066794
0.0007885617064
0.0008106717134
0.0008380678862
0.0008644314038
0.0008843057549
0.0008974274891
0.0009054529656
0.0009110197496
0.0009175252269
0.0009275721232
0.0009410508093
0.0009565280805
0.0009737883546
0.0009921170461
0.001009334446
0.001024328112
0.001036196019
0.001044426365
0.001051141307
0.001057195964
0.001063490442
0.001069019134
0.001072354628
0.001072949276
0.001071080699
0.001067549315
0.001062831818
0.001057915547
0.001053760959
0.001050963047
0.001049599005
0.001049425899
0.001049892554
0.001050274707
0.00104991047
0.001048834644
0.001046582664
0.001042357859
0.001034883652
0.001023182825
0.001007974334
0.0009927517093
0.0009817973303
0.0009756421436
0.0009744903618
0.0009913892767
0.001044965101
0.001136630584
0.00125316801
0.001384895244
0.001541326701
0.001748126311
0.002026746142
0.00237831596
0.002703330685
0.002905973253
0.002970049483
0.002895673483
0.002805732846
0.002706736459
0.002611370735
0.002518269564
0.002424250295
0.002327520896
0.002227628338
0.0021251638
0.002021493537
0.001918466497
0.001818036041
0.001721823471
0.001630776522
0.001545009563
0.00146413534
0.001386924657
0.00131266001
0.001241527492
0.001174842096
0.001114933811
0.00106495279
0.001028950331
0.001009929886
0.001008778804
0.00102186085
0.001043268247
0.00106544272
0.001079978515
0.001080628049
0.001068001238
0.001050448956
0.001040200756
0.001049382958
0.001088195555
0.001164730102
0.001283612628
0.001441671962
0.001620328226
0.001785657228
0.001907683057
0.001980146939
0.002013573454
0.002021493911
0.002013250797
0.001993699633
0.001965101286
0.001928638926
0.001885250288
0.001836030824
0.001782421419
0.00172628626
0.001669907387
0.001615882861
0.00156690854
0.001525456182
0.0014933881
0.001471698818
0.001460236864
0.001457979328
0.00146239512
0.001473360974
0.001470661668
0.001510442581
0.001870542628
0.001860074796
0.001853530547
0.001847093892
0.001840306043
0.001833070843
0.001825351943
0.001817058474
0.001807976902
0.001797781049
0.001786098667
0.001772574366
0.00175690776
0.001738857832
0.001718231235
0.001694862585
0.001668601957
0.001639309799
0.001606856102
0.001571122388
0.001532016708
0.001489484566
0.001443516444
0.001394194601
0.001341680669
0.001286239592
0.001228292717
0.001168382858
0.001107094549
0.001045342698
0.0009846200105
0.0009261250981
0.0008708325978
0.0008205510409
0.0007771315297
0.0007421083598
0.000718119626
0.0007078025366
0.0007132275726
0.0007345123521
0.0007692129451
0.0008097089027
0.0008461574989
0.0008715581398
0.0008853808166
0.0008887577153
0.0008871057073
0.0008870145545
0.0008919966068
0.0009019135086
0.0009158116502
0.0009318092341
0.0009465509989
0.0009589689128
0.0009700759318
0.0009799515907
0.0009892092168
0.001000839302
0.001014406703
0.00102233465
0.00102082947
0.00101471491
0.001009449202
0.001006824893
0.001008738932
0.001013802799
0.0010194459
0.001023532173
0.00102618482
0.001028339984
0.001030858223
0.001033974353
0.001037429745
0.001040704906
0.001043725524
0.001045032903
0.001043039455
0.001036647206
0.001026209651
0.001013037983
0.0009983220156
0.0009816008854
0.0009651178618
0.0009662612961
0.001009817201
0.00109749439
0.001202767977
0.00129270364
0.001350401811
0.001383066996
0.00142021793
0.001494052248
0.001646184922
0.002003915252
0.002545519153
0.003054384755
0.003177804459
0.003175542946
0.003053727354
0.002955228909
0.002838409594
0.002718786168
0.002598874185
0.002478226487
0.002356796699
0.002235451297
0.002115582253
0.001998543718
0.00188524192
0.00177597662
0.001670630143
0.001569408564
0.001472482707
0.001381360198
0.001298559332
0.001227123987
0.001169945885
0.001129141406
0.001106183694
0.001102172434
0.00111746304
0.00114920538
0.00119084873
0.001232217453
0.001260305129
0.001263638046
0.001238736461
0.00119268748
0.001139375597
0.001094117404
0.001070354325
0.001078866709
0.001128412007
0.001225649633
0.001371118242
0.001548885287
0.001725418418
0.001864299973
0.001950052098
0.001989753885
0.0019980207
0.001986343465
0.001961252659
0.001926221648
0.001883523783
0.001835305449
0.001784074967
0.001732818026
0.001684837629
0.001643373515
0.001611085715
0.001589552077
0.00157896896
0.001578261268
0.001585621318
0.001598639947
0.001614940922
0.001633965087
0.00163076733
0.001689587524
0.001873289718
0.001862689548
0.001856047995
0.001849484992
0.001842504791
0.001834990902
0.001826884579
0.001818074943
0.001808332298
0.001797330678
0.001784714882
0.00177015856
0.001753387227
0.001734175629
0.001712328676
0.001687665947
0.001660007239
0.001629182279
0.001595016006
0.001557342773
0.001516025313
0.001470965446
0.001422098086
0.001369498746
0.001313286874
0.001253686306
0.001191134331
0.001126314487
0.001060036858
0.0009931429711
0.0009269406606
0.0008634987899
0.0008041033149
0.0007499320204
0.0007035475911
0.0006677457456
0.0006454378777
0.0006410456849
0.0006551400047
0.0006892904163
0.0007419212083
0.0008021563107
0.0008522227032
0.0008823590076
0.0008920355728
0.000885959648
0.0008737327635
0.000864581043
0.0008635250473
0.000871674145
0.0008864993937
0.0009025366461
0.0009167486195
0.0009293325415
0.0009383474547
0.0009401761902
0.0009443450969
0.0009586526154
0.0009739984266
0.0009990678955
0.001044607957
0.001094239478
0.001123582543
0.001121827741
0.001100856442
0.001068935626
0.001043208809
0.00102202459
0.001004783916
0.0009922351232
0.0009850114333
0.0009833146136
0.0009866121462
0.0009934891242
0.001002048048
0.001010486814
0.001017619588
0.001022269541
0.001022527526
0.001014853243
0.0009983495543
0.0009800841011
0.0009767253243
0.001011936375
0.001105662877
0.001251974866
0.00141109723
0.001532359252
0.001580812224
0.001555618982
0.001486257663
0.001419965964
0.001392772631
0.00143912189
0.001573509729
0.001811002347
0.00215505425
0.002561267426
0.002982062714
0.003008264641
0.002980506356
0.002885315864
0.00276752996
0.002643665418
0.002518153217
0.002392212064
0.002266422521
0.002141216093
0.002016997035
0.001894291042
0.001774105634
0.001658372331
0.00155042407
0.001453684091
0.001372108209
0.001308852347
0.001264916603
0.001238332661
0.001225320552
0.001224345043
0.0012390507
0.001272889513
0.001324534154
0.001385685508
0.001439306324
0.001464295162
0.001446941902
0.001389606938
0.001307093559
0.0012178178
0.001138789774
0.001084138894
0.001064848344
0.001089599197
0.001166323455
0.001296907993
0.001465957572
0.001641052085
0.00178296891
0.001871089248
0.001910480494
0.001916628994
0.00190247676
0.001875853528
0.00184157661
0.00180349908
0.001765481598
0.001731485255
0.001705110326
0.001688884076
0.00168360603
0.001688050478
0.001699301801
0.001713828035
0.001729285429
0.001744771608
0.001760912759
0.001778754386
0.001767683781
0.001847635531
0.001876589851
0.001865826948
0.001859061032
0.001852331935
0.001845115013
0.001837267045
0.001828705452
0.001819300505
0.001808812128
0.001796923351
0.00178330644
0.001767669365
0.001749765666
0.001729382777
0.001706321859
0.001680383292
0.001651353461
0.001619039025
0.001583210589
0.001543645834
0.001500161079
0.001452615791
0.001400878135
0.001345023427
0.001285075208
0.001221272607
0.0011540296
0.001084150703
0.00101257358
0.0009404135183
0.0008690505706
0.0008002294362
0.0007358594968
0.0006780631942
0.0006294306194
0.0005929196736
0.0005767772112
0.0005800268161
0.000606480768
0.000660255276
0.0007419315307
0.0008384810377
0.0009190718686
0.0009582868466
0.0009507004906
0.0009126517954
0.0008667476385
0.0008314711107
0.0008137048809
0.0008123357279
0.000821982633
0.0008387719678
0.0008582485891
0.0008745204419
0.0008867459012
0.0009006669812
0.0009195682683
0.000947647304
0.001045798431
0.001241594984
0.001483148667
0.001719306688
0.001895890265
0.001963741694
0.001970113701
0.001770536912
0.001575097096
0.001424967973
0.00129208726
0.001182679069
0.001097428644
0.001035389986
0.0009942271923
0.0009706321229
0.0009607368109
0.0009628309215
0.0009739723268
0.0009882663129
0.0009974020506
0.0009958671093
0.0009916887243
0.001005238988
0.001051324787
0.001136020515
0.001276642015
0.001481698181
0.001715306116
0.001910225337
0.001999633115
0.001960606834
0.001820828967
0.001636730039
0.001465920938
0.001349007138
0.001307086865
0.001352574866
0.001499069987
0.001764034455
0.002139126626
0.002536115152
0.002777511515
0.00283328375
0.002784574368
0.002690327507
0.002580220484
0.00246350619
0.002342480505
0.00221797432
0.002091170861
0.001964196548
0.001840307626
0.001723599802
0.0016201952
0.00153390573
0.001468176831
0.001423795534
0.001397009509
0.00137918813
0.001360570645
0.001338433007
0.001325863902
0.001338191745
0.001382742457
0.001456568018
0.001543272215
0.00161277999
0.001633486771
0.001594470852
0.00151012292
0.001402234193
0.001289336321
0.00118695183
0.001109100638
0.001067737389
0.001072653122
0.001132415697
0.00124773537
0.001402074468
0.001563028181
0.001691768455
0.00176882237
0.001800863699
0.001804449308
0.001793174267
0.001775789423
0.001758316339
0.001745521237
0.001741077394
0.001746960296
0.001762712388
0.001785150205
0.001808994492
0.001828660419
0.001840701902
0.001846293674
0.001849936106
0.001857422359
0.001870806011
0.001853623692
0.00195968968
0.001880433485
0.001869484535
0.001862570293
0.001855637284
0.001848130037
0.00183987886
0.001830783487
0.00182069843
0.001809382015
0.001796536065
0.001781869489
0.001765126883
0.001746087886
0.001724548505
0.001700303402
0.001673130391
0.001642779117
0.001609049905
0.001571641208
0.00153028136
0.001484737494
0.001434805167
0.001380294945
0.001321249902
0.001257619182
0.001189667013
0.001117822138
0.001042915898
0.0009658985857
0.0008881712664
0.0008114912122
0.0007372661302
0.000667750728
0.0006060724626
0.0005550423569
0.0005226272552
0.0005196224811
0.0005296048703
0.0005758293703
0.0006554240342
0.0007782875074
0.0009109138121
0.001000323067
0.001043856924
0.001013053842
0.0009366439947
0.0008557773342
0.0007992960974
0.0007675962308
0.0007590109502
0.0007657771257
0.0007803280921
0.0007980273549
0.0008210690831
0.0008514159974
0.0008653070576
0.0008859724531
0.001076084754
0.001480110894
0.001835201411
0.002118236472
0.002171982608
0.002328757947
0.00271423346
0.00309846578
0.002945352109
0.002619798892
0.002319301666
0.002007633383
0.001731648299
0.001505654774
0.001327168558
0.00119132315
0.001093534289
0.001028640465
0.0009925251322
0.0009782477389
0.0009761674662
0.0009779894993
0.0009873040575
0.001022975693
0.001097609667
0.001191001265
0.001272825692
0.001381988726
0.001576014256
0.001843416056
0.002132020669
0.002344877469
0.002402239575
0.002291292827
0.002062213093
0.001787006914
0.001529412927
0.001332902022
0.001219308398
0.001197906824
0.001279165159
0.001480493366
0.001800789183
0.002178077623
0.002478210512
0.002600155119
0.002596952688
0.002530838219
0.00243861443
0.002333719834
0.002221087456
0.002104251119
0.001987544889
0.001876373529
0.001776124581
0.00169274599
0.001629549745
0.001587333235
0.001562132582
0.001543981122
0.001518325868
0.001473624214
0.001412703934
0.001360909917
0.001343570383
0.001370368283
0.001445472823
0.001555758473
0.001671609235
0.001745957281
0.001743909223
0.001676551932
0.001574900699
0.001459117387
0.001340561221
0.001230450146
0.001141752746
0.001088152095
0.00108190372
0.001131783203
0.001234661628
0.001371464881
0.001508885802
0.00161233964
0.001670690419
0.001695854385
0.001705188981
0.001711542441
0.001722735188
0.001743049197
0.001773718147
0.001812689716
0.001854567106
0.001891617775
0.00191623267
0.001924163859
0.0019167924
0.001902028276
0.001890279989
0.001890799167
0.001903973801
0.00188966019
0.002025832783
0.001884756695
0.001873627037
0.001866532141
0.001859352894
0.001851500572
0.00184277972
0.001833077597
0.001822243133
0.00181004478
0.001796214085
0.001780499448
0.001762679512
0.001742553093
0.001719920958
0.001694568796
0.001666252453
0.001634685644
0.001599676237
0.001560780016
0.001517721489
0.001470232727
0.001418052133
0.001360937878
0.001298835523
0.001231726794
0.001159763138
0.001083487178
0.001003679708
0.0009212715971
0.0008379599842
0.0007554135807
0.0006756745924
0.0006014919418
0.0005358990738
0.0004860138526
0.0004687839889
0.0004677153246
0.0004816766496
0.0005317175647
0.0006187757848
0.0007676618027
0.0009359384056
0.001071181108
0.00106746335
0.0009963737475
0.0008828893036
0.0007739224636
0.0007025173812
0.0006709286244
0.0006674873057
0.0006787302292
0.000702809756
0.0007388918136
0.0007718808829
0.00079459529
0.0008569722624
0.001092772118
0.001575008242
0.002098045078
0.002402263567
0.002437325969
0.002329115662
0.002227394422
0.002232311964
0.002394282948
0.002676373455
0.002902959816
0.00287534231
0.002681258263
0.002352457327
0.002033000279
0.001754259158
0.001526252278
0.001349014069
0.00121767072
0.001124914976
0.001062146132
0.001022802575
0.001008244578
0.001034397618
0.00111762035
0.001241093264
0.001330781235
0.001339149003
0.001352685085
0.001466905847
0.001712426885
0.002023337784
0.002336847641
0.002547985729
0.002577222986
0.002439418614
0.002194766912
0.001898919059
0.001602757599
0.001354098718
0.001185996088
0.001113796101
0.001148376808
0.001303696419
0.001575105185
0.00191361064
0.002207336186
0.002351526146
0.00237107965
0.002324062503
0.00224853722
0.002160628408
0.002068172195
0.001977436015
0.001894647202
0.00182513806
0.001772719129
0.001737964241
0.001717131474
0.00170089015
0.001675335492
0.001626595777
0.001547223082
0.001446807187
0.001359670081
0.001319635643
0.001343457332
0.001405222465
0.001530055509
0.0016812695
0.001806488794
0.00184351552
0.001790904641
0.001697851757
0.001592455483
0.001481325637
0.001368243145
0.001260942619
0.001172429847
0.001117320321
0.001110197439
0.001158132916
0.001252351787
0.001370463409
0.001480151072
0.00155785358
0.0016053592
0.001638679434
0.001672471842
0.001714738801
0.001767370118
0.001827167448
0.001886822556
0.001936621322
0.001967443253
0.001974301961
0.001958540533
0.001927596636
0.001894351613
0.001872373494
0.001872183546
0.001891259334
0.001889741704
0.002059151414
0.001889571242
0.001878230525
0.001870914844
0.001863445093
0.001855196279
0.001845948044
0.001835575107
0.00182393466
0.001810818753
0.001795997312
0.001779256249
0.001760401692
0.001739246019
0.001715590968
0.001689213923
0.001659849941
0.0016271744
0.001591001346
0.001550838896
0.001506348988
0.001457204751
0.001403095378
0.001343744388
0.001278949764
0.001208664512
0.001132981955
0.001052597967
0.0009680436499
0.0008805650154
0.0007919536265
0.0007036228192
0.0006187298402
0.0005402930906
0.0004736386574
0.0004326863175
0.0004220759243
0.0004118971559
0.0004535015801
0.0005055782945
0.0005716059615
0.000681325308
0.0009116155198
0.0009473278414
0.0009060184007
0.000476018933
0.0004945985114
0.0004659046621
0.0004315963505
0.0004004497906
0.0004207576038
0.0004611148071
0.0005135167306
0.0005807021366
0.0006728679104
0.0008702351868
0.001318078503
0.002066079609
0.002822041188
0.003227776855
0.003125394579
0.002765087569
0.002341921634
0.00199483204
0.00180252395
0.001781831051
0.001935797272
0.002241102904
0.002572404161
0.002725588071
0.002624963769
0.002388047764
0.002113042993
0.001855871136
0.001635358704
0.001453679479
0.001307894863
0.001196220272
0.001122715781
0.001099903123
0.001144208628
0.001253630556
0.001373431805
0.001403346928
0.00133385622
0.001278425678
0.001328186241
0.001510048727
0.001775874489
0.002113044793
0.002400803814
0.002532017488
0.002494946337
0.002351590734
0.002146106509
0.001895542995
0.001621996249
0.001367511304
0.001176225593
0.001076016271
0.001084772674
0.00121386418
0.001449649364
0.001745142495
0.00199859014
0.00212509932
0.002145996075
0.002113426288
0.002060895091
0.002003675909
0.001949985319
0.001905508228
0.001873599328
0.001854624535
0.001845030619
0.001836548591
0.001816739635
0.001771961032
0.001693012771
0.001581150368
0.001453839397
0.001346980641
0.001290920686
0.001295037908
0.001368789494
0.00150640401
0.001686779453
0.001857648415
0.001933017531
0.001886754413
0.001793438046
0.001693750671
0.00159286668
0.001488964625
0.001382126989
0.00128012855
0.001197154655
0.001149679214
0.001151108364
0.001202610712
0.001290375497
0.001391150808
0.001480974221
0.001550796091
0.001610528379
0.001672345311
0.001741626539
0.001816203793
0.001888199566
0.001947136135
0.001983478123
0.001992110383
0.00197401016
0.001935336165
0.001886075877
0.001840614117
0.001814032571
0.001817621234
0.001846621829
0.001866411942
0.002073010556
0.001894834793
0.001883245276
0.001875670947
0.001867855309
0.001859151277
0.001849316796
0.001838221704
0.001825740504
0.001811698323
0.001795906275
0.001778184727
0.001758362009
0.001736259529
0.001711678139
0.001684385003
0.001654104018
0.001620469368
0.001583168935
0.001541895194
0.001496197587
0.001445671208
0.001389938039
0.001328670886
0.001261636398
0.001188708877
0.001109931897
0.001026124325
0.000937577663
0.0008458214632
0.0007524759253
0.0006595805499
0.0005710917936
0.0004904913788
0.0004283843682
0.000385832515
0.0003578039707
0.0004172043816
0.0004422991264
0.0004276750006
0.0002834289393
4.146101222e-05
0.0001149218025
0.0001997332264
0.0002996463588
0.0004563665686
0.0004181106084
0.0003880931623
0.0003803624296
0.0004083776745
0.0004243708438
0.0004976775652
0.0006593272664
0.0009906032716
0.001613338638
0.002552723644
0.003495666951
0.003947668686
0.003733608231
0.00309097614
0.002643971318
0.002316548677
0.001963328447
0.001649790813
0.001463811817
0.001436401604
0.001585300462
0.001892385408
0.002237380617
0.002449661196
0.002443836271
0.002290585947
0.00208073991
0.001863724268
0.001660637516
0.001483538393
0.00134450316
0.001259045325
0.001242843873
0.001300210619
0.001401249525
0.001465038229
0.001420220332
0.001299762736
0.001202997311
0.001204441316
0.00132105257
0.001545714221
0.001848948096
0.00215396318
0.0023511291
0.002393186688
0.00232209737
0.002189768884
0.002019016735
0.001812149902
0.001576369471
0.001342893309
0.00115754795
0.001055960483
0.001061774702
0.001182289127
0.001395062162
0.001647457639
0.001845241423
0.00193930319
0.001959533167
0.001949058551
0.001932279768
0.001919826022
0.001915896738
0.001920507544
0.001929857354
0.001936290281
0.001928686098
0.001894958739
0.00182641356
0.001720968025
0.001585212962
0.001439252918
0.001322500031
0.001258650724
0.001265355096
0.001345506193
0.001498233209
0.001707414246
0.00192042458
0.002030986474
0.001982429504
0.001882748256
0.001783874187
0.001689038563
0.001593110161
0.001491989428
0.001388186229
0.001291816228
0.001217912406
0.001184654479
0.001200545071
0.001258892779
0.001339532669
0.001442163739
0.001536264463
0.001625187418
0.001713718052
0.001801032567
0.00188069198
0.00194311038
0.001980540901
0.001989647962
0.00197177827
0.001931638083
0.001876116219
0.001814596495
0.001761314289
0.001732838052
0.001740658139
0.001780726741
0.0018272684
0.002104540639
0.001900478295
0.001888623027
0.00188075336
0.00187253567
0.001863310386
0.001852826531
0.001840968172
0.00182763743
0.001812697422
0.001795993394
0.00177737307
0.001756680599
0.001733744687
0.001708366391
0.001680306059
0.001649284168
0.001614949976
0.001576866878
0.001534740259
0.001488085542
0.001436485164
0.001379513904
0.001316788147
0.001248014489
0.00117303068
0.001091823225
0.001005010687
0.0009134911482
0.0008186509058
0.000721833495
0.0006258408682
0.000534942323
0.0004550587105
0.0003962028152
0.000340288738
0.0003604595245
0.0004080771808
0.0003415971835
0.0004779171997
0.001265288143
0.001021663526
0.000724856532
0.0004807315661
0.0004119977909
0.0004154367826
0.0004806362333
0.000661841985
0.001058152255
0.001790635485
0.002851847322
0.003871738814
0.004203631276
0.003457938232
0.002446120799
0.001983679271
0.001927390486
0.002116057177
0.002219507831
0.001983409259
0.00164356416
0.001411273413
0.001356497788
0.001500178117
0.001794781944
0.002112967512
0.002307507251
0.002317700355
0.002195888676
0.002012446017
0.001814712242
0.001634704483
0.001497931597
0.00142505993
0.001424948701
0.00148170125
0.001539298757
0.001523110319
0.001411640293
0.001255718748
0.0011405522
0.001124432564
0.001217640768
0.001402821057
0.00164714584
0.001918953253
0.002133511882
0.002233847917
0.002243424547
0.002173406719
0.002051566707
0.001895943495
0.00171025051
0.001498913942
0.001288358522
0.00112329836
0.001041419335
0.001064604858
0.001188706369
0.001384036287
0.001590899458
0.001737195909
0.001811269976
0.001846228881
0.001871149231
0.001898719295
0.001931339001
0.001965304365
0.001992746013
0.002002915204
0.001984692979
0.001930733097
0.001839399009
0.001712915048
0.001560581121
0.001415178539
0.001288167519
0.001230959543
0.001246208958
0.001339098281
0.001509993189
0.001749905167
0.002012440962
0.00212168439
0.002073417402
0.00197024974
0.001872010396
0.001780176451
0.001688699055
0.001592636281
0.001490606588
0.001387933642
0.001297507465
0.001239291551
0.001226620999
0.001260661267
0.001331022053
0.001427234496
0.001554782433
0.00167620914
0.00179098818
0.001885878863
0.001951955524
0.001985431524
0.001988330224
0.00196678464
0.001926265629
0.00187021351
0.001803162143
0.001732799216
0.001672200081
0.001640128906
0.0016590478
0.001701819438
0.001777282482
0.002163492361
0.001906381941
0.001894280998
0.001886072866
0.001877390966
0.001867575503
0.001856388952
0.001843747876
0.001829589666
0.001813806821
0.001796268102
0.001776839547
0.001755378374
0.001731721511
0.001705672913
0.001676990735
0.001645383964
0.001610508968
0.001571951455
0.001529317199
0.001482117831
0.001429903722
0.001372218121
0.001308639239
0.0012388354
0.001162643202
0.001080107646
0.0009915287801
0.0008980841657
0.0008011129661
0.0007022467884
0.0006043889593
0.0005131155605
0.0004338230035
0.0003783800585
0.0003281014693
0.0003651616831
0.0004952483661
0.002288285912
0.002583462685
0.001750683056
0.0006123571195
0.0004218185552
0.0004764713834
0.0006738623922
0.001157933207
0.002015385506
0.003179486205
0.004309294673
0.004652698934
0.003150104144
0.001982037696
0.001539339687
0.001421890176
0.001489014361
0.001766405332
0.002176598188
0.002319920758
0.002078521426
0.001713470183
0.001458870388
0.001411420148
0.001572240263
0.00185936337
0.002133368922
0.002269176524
0.002238181536
0.002102644399
0.001931865504
0.001775802842
0.001665768144
0.001619737696
0.001631316363
0.001661045004
0.001645900814
0.001548307245
0.001380764957
0.001204246785
0.001089627553
0.001082450371
0.001180546028
0.001352836799
0.001551856839
0.001781124083
0.001952028196
0.002059278648
0.002121277792
0.002116851572
0.002049211495
0.001932592045
0.001780972165
0.001601725768
0.001405509304
0.001219677278
0.001083554043
0.00103484062
0.001085825754
0.001218635252
0.001396017177
0.001564248402
0.001684283314
0.001765328397
0.001831606122
0.001895036118
0.001955990668
0.002007616603
0.002039227685
0.002039589692
0.002002179101
0.001926928624
0.00181692956
0.001678557162
0.001518457308
0.001362782222
0.00125134309
0.001209532765
0.001242119665
0.001353033449
0.001547845432
0.001802869215
0.002042594452
0.002170293875
0.002132408424
0.002045932948
0.001957228585
0.001869505646
0.001781893781
0.001689335499
0.001588551198
0.00148145907
0.001379787333
0.001303751996
0.001269163235
0.001283639584
0.001347221736
0.001451724812
0.00158698209
0.001748579893
0.001913612378
0.001984727945
0.002021638585
0.00201325864
0.001978868079
0.001929961464
0.001871104159
0.001804102576
0.001730069406
0.001653686522
0.001588420462
0.001553592499
0.001569233103
0.00161556709
0.001717620865
0.002256885764
0.001912489517
0.001900152608
0.001891552901
0.001882334575
0.001871861697
0.001859935571
0.001846522055
0.001831591979
0.001815051898
0.00179678222
0.001776661234
0.001754559202
0.001730323716
0.001703765074
0.001674644445
0.001642664885
0.001607475815
0.001568665475
0.001525791094
0.001478374639
0.001425941854
0.001368020365
0.001304168216
0.001234034566
0.001157423801
0.001074401487
0.0009853524342
0.0008912972271
0.0007936543053
0.000694208451
0.0005958506175
0.0005049313859
0.0004257055187
0.0003739455775
0.0003257784619
0.0003416176057
0.0004106412269
0.001193439586
0.002778606718
0.003118814769
0.001662862387
0.0008526589415
0.0009277166778
0.00163829045
0.003394158126
0.005317640836
0.005914555451
0.004804528214
0.002999462413
0.001860130163
0.001419504206
0.001318961793
0.001296576439
0.001316610304
0.001450199667
0.001791247437
0.002157932263
0.002330148085
0.002097458342
0.00174148991
0.00152882323
0.001540231053
0.001742708872
0.00201330452
0.002209794888
0.002251473639
0.00217008851
0.00204449978
0.001935107293
0.001862035959
0.001841260205
0.001838011086
0.001802360334
0.001703101517
0.001543967509
0.001329566536
0.001140958889
0.001046776737
0.001073473936
0.001200903439
0.00137816453
0.001569658204
0.001726527519
0.001850081125
0.001928029429
0.001989544203
0.002021001613
0.002003682063
0.001931297585
0.00181325716
0.001663371861
0.001488313286
0.001303767192
0.001144056318
0.001050949704
0.001046749191
0.001127298777
0.001270320335
0.001431237826
0.0015890595
0.001714461461
0.001820600332
0.001912926881
0.001990684372
0.002044068244
0.002063706096
0.002044014377
0.001984815184
0.001890956033
0.001773647044
0.001613765387
0.001451877186
0.001306217242
0.0012151557
0.001199875379
0.001261160015
0.001393891231
0.001585006016
0.00182797229
0.00207542305
0.002155434973
0.002159664262
0.002107081735
0.002035889521
0.00195835162
0.001875249075
0.001784297519
0.001683208984
0.001573404669
0.001463939413
0.001373357903
0.001322253625
0.00132335876
0.001379003893
0.001486585048
0.001636048824
0.00183655258
0.002017117782
0.002113571812
0.002079214733
0.00202451925
0.00195790884
0.001888665724
0.001817047291
0.001741597417
0.001662155266
0.001582474331
0.001514482209
0.001475993667
0.001483690365
0.001533809541
0.0016581875
0.002377996653
0.001918694368
0.001906130047
0.001897066188
0.001887227872
0.001876045264
0.001863376347
0.001849235224
0.001833611856
0.001816416761
0.001797534767
0.001776853272
0.001754254676
0.00172959737
0.001702699427
0.001673325246
0.001641178189
0.001605907743
0.001567106273
0.001524327296
0.00147709232
0.001424912437
0.001367308706
0.00130382589
0.001234112544
0.001157935317
0.00107532897
0.000986749968
0.000893070137
0.0007957648076
0.0006966040456
0.0005984660879
0.0005076971708
0.000428136028
0.0003758531145
0.000322580427
0.0003497214409
0.0007517587853
0.002823916083
0.003992523723
0.00297695433
0.00224516406
0.002076129986
0.002733229597
0.003950754749
0.004835664867
0.004464801121
0.002992834901
0.001793822443
0.001388303705
0.001309815299
0.001302281595
0.001275787369
0.001238489168
0.001230230292
0.001363243657
0.001704315873
0.002093761996
0.002212135034
0.002084132743
0.001753971772
0.00164735199
0.001747303289
0.00197235947
0.002181474343
0.002276986858
0.002263939855
0.002207570271
0.002171079951
0.002124831333
0.002072465183
0.002009082446
0.001884388493
0.001703764677
0.001477209653
0.001243449316
0.001072696477
0.00102510247
0.001108952136
0.00128536502
0.001486208448
0.001650127618
0.001741804342
0.001797284667
0.00183874329
0.001878161353
0.001910197637
0.001919711454
0.001889021667
0.001810367801
0.00169231351
0.001547775997
0.001363981399
0.00120022142
0.001082423547
0.001041363554
0.001084342948
0.0011949315
0.001340073046
0.001529599245
0.001698484866
0.001849335319
0.001962255894
0.00203327354
0.002069613337
0.002062720701
0.002016455346
0.001936320689
0.001826173921
0.00168744221
0.001527549628
0.001368748519
0.001245130804
0.001188077624
0.001209492353
0.001304795957
0.001461861873
0.001645191011
0.001842184044
0.002014460951
0.00211583438
0.002156421497
0.002147183294
0.002105415384
0.002043430604
0.001967211285
0.0018782678
0.001776329122
0.001663318538
0.001547799694
0.001447827366
0.001385700399
0.001376171757
0.001424283091
0.001532709468
0.001701826265
0.001914636327
0.00209907381
0.002183004223
0.002109540016
0.002015763075
0.001927747983
0.00184608684
0.00176530217
0.001684267091
0.001601470806
0.001520231485
0.001451702529
0.001411695025
0.001416281773
0.001459178493
0.001574395935
0.002174471805
0.001924952724
0.00191210946
0.001902476137
0.001891922427
0.001879988337
0.001866602581
0.001851812108
0.001835603781
0.001817879287
0.001798522172
0.001777426948
0.001754485254
0.001729564705
0.001702493297
0.001673043957
0.001640930259
0.001605810386
0.001567287307
0.001524920901
0.001478238424
0.001426749719
0.001369985552
0.001307480571
0.001238900591
0.001163979606
0.00108277951
0.0009956808995
0.0009035496058
0.0008076855498
0.0007096775761
0.0006124301699
0.0005210846594
0.0004408788116
0.0003832282688
0.000324049821
0.0003376785005
0.0004409573064
0.001213639852
0.002949794063
0.003904991906
0.00396310605
0.003406301377
0.002961318845
0.002946172566
0.003142061222
0.003065723262
0.002409933629
0.001729643609
0.001415577941
0.001341937713
0.001343821488
0.001319342676
0.001242439761
0.001146786247
0.00110141453
0.001135296676
0.001327319833
0.001709200771
0.002069999578
0.002133044037
0.002017749697
0.001825241745
0.001845417011
0.002019808858
0.002228093294
0.002374063758
0.00243463711
0.002433159899
0.002395326116
0.002367878846
0.00226653234
0.00210855154
0.001894956909
0.001635092942
0.001358226514
0.001134248872
0.001025442539
0.001057982214
0.001216246221
0.001446681869
0.001660364468
0.001778511152
0.001811036757
0.0018074534
0.001798601345
0.001797745019
0.001806258119
0.001815753896
0.001810054021
0.00177045881
0.001685191887
0.001555702615
0.001396670577
0.001240682102
0.001112948228
0.001051948441
0.001071357417
0.001163524907
0.001317207841
0.00149920961
0.001731935005
0.001910809079
0.002029497219
0.00207547767
0.002076255483
0.002034797452
0.001961564768
0.001861418476
0.001734828148
0.001583740882
0.001421559165
0.00127781363
0.001189696264
0.001180374249
0.00125055203
0.001384742467
0.001535346251
0.001720292558
0.001862465195
0.001979269558
0.002071620433
0.002135543755
0.002164792549
0.00215749106
0.002118155791
0.002053533404
0.001968690118
0.001866865456
0.001751883652
0.001632497171
0.00152673753
0.001457999926
0.001442049636
0.001484892156
0.001588663972
0.001748043589
0.0019403183
0.002115594621
0.002167517597
0.002089066126
0.001985234498
0.001888726367
0.001799960123
0.001715002785
0.001630681378
0.001546605915
0.001466316714
0.001399930236
0.001360918385
0.001365055726
0.001400259629
0.001492793009
0.001841185495
0.00193117943
0.001917935821
0.001907573541
0.001896218438
0.001883540124
0.0018695165
0.001854192195
0.001837528724
0.001819410624
0.001799717608
0.001778348425
0.001755204918
0.001730168964
0.001703084597
0.001673740743
0.001641870907
0.001607144655
0.001569176153
0.001527540063
0.001481762134
0.001431360537
0.001375921305
0.001314993583
0.001248249676
0.001175411819
0.001096589784
0.001011933772
0.0009223694895
0.0008290689431
0.0007337470119
0.000638866801
0.0005477930303
0.0004680355849
0.0004045118347
0.00034574332
0.0003580511078
0.0004729297962
0.002415180041
0.003460479545
0.002979587392
0.003892109747
0.003927616843
0.003465448997
0.003044987294
0.002679217401
0.002206575413
0.001759150159
0.001518601097
0.001440229314
0.001424766344
0.001375007166
0.001271513579
0.001108915855
0.001017997401
0.0009888923297
0.001006660679
0.001096652052
0.001342714264
0.00174596317
0.002046342244
0.002072011658
0.002030666735
0.002014993686
0.002173488594
0.002390678381
0.002578942309
0.002690408607
0.002722210239
0.002681232614
0.002559791092
0.002370431614
0.002116943473
0.001808689123
0.001481170881
0.001209061662
0.00105387007
0.00104614244
0.00118666897
0.001432959221
0.001704174416
0.001883409955
0.001933923019
0.001905918813
0.001848976719
0.001790080804
0.001743590325
0.00171609179
0.00170621981
0.001703625298
0.001689091238
0.001639714668
0.001543582122
0.001410084351
0.00126338578
0.001136989615
0.001070641175
0.00108308282
0.001173550838
0.001338981698
0.001558210424
0.001805953997
0.001994771588
0.002091410269
0.002098481802
0.002053966337
0.001980087968
0.001883829042
0.001763156642
0.001616602599
0.001454237249
0.001301723851
0.001192858375
0.001158899771
0.001211329925
0.001338328324
0.001509270517
0.00167156678
0.001793445512
0.001881346446
0.001957928491
0.002033141471
0.002102984639
0.002155701082
0.002179485736
0.002168447208
0.002123309235
0.002048394695
0.001949880421
0.001835355988
0.001715387294
0.001608094115
0.001538283434
0.001518987169
0.001556403236
0.001650286714
0.001790451198
0.00194990208
0.002078701779
0.00210694653
0.002036634935
0.001938853988
0.001842808058
0.001752111679
0.001664614629
0.001578389802
0.001494517526
0.001417883602
0.001357533584
0.001322231997
0.001325583655
0.001348839123
0.001416481229
0.001608694025
0.001937337323
0.001923427075
0.00191214328
0.001899936238
0.001886581802
0.00187204549
0.001856325228
0.001839343339
0.001820968062
0.001801077872
0.001779577907
0.001756386256
0.001731403926
0.001704487097
0.001675436753
0.001644006577
0.001609883747
0.001572706882
0.001532071486
0.001487528361
0.001438619993
0.001384939001
0.001326093738
0.001261723427
0.001191595557
0.001115804847
0.001034709377
0.0009489295509
0.0008595947579
0.0007686140853
0.0006774309427
0.0005887468211
0.0005087143334
0.0004424142063
0.0003960877105
0.00036980737
0.000422592533
0.0004271601271
0.0007505494968
0.0009290687174
0.000798391658
0.001130459252
0.001820115959
0.002413671012
0.002584212991
0.002520503209
0.002255113081
0.001948489184
0.001723918036
0.001598789084
0.001521239862
0.001392911858
0.001217097025
0.001041606419
0.0009189853146
0.0008695638052
0.0008815931814
0.0009285551453
0.0009879670595
0.001106726199
0.001379450733
0.001762666773
0.002009887064
0.002087022162
0.002223373225
0.002410110758
0.002669055433
0.002895305437
0.00302756116
0.00303871394
0.002926295712
0.002698595374
0.002369858737
0.001972665104
0.001578640457
0.001273175859
0.001104126977
0.001085336189
0.00122150649
0.001484605347
0.001802846776
0.002040821613
0.00212157065
0.002089067081
0.002003288604
0.001898891118
0.001794663939
0.001704033066
0.001636845626
0.00159741194
0.00158211361
0.001577194787
0.001558436798
0.001500638621
0.00139777462
0.001270634334
0.001156181266
0.001098781061
0.001120209811
0.001222469381
0.001407826235
0.001658247575
0.001917618778
0.002093298944
0.002132839702
0.002085409364
0.00200358645
0.001902347597
0.001779553921
0.001631653963
0.001466135492
0.001307170644
0.001188259622
0.001140409635
0.001181734947
0.001308255481
0.001493863458
0.001682696383
0.001813168713
0.00188172078
0.001921217569
0.001959559553
0.002007479064
0.002063328848
0.002118055204
0.002159065345
0.002174175615
0.002154964679
0.002099477383
0.002013386006
0.001906860623
0.001792805071
0.001689893328
0.00162005479
0.001604060725
0.001634015452
0.001714562789
0.00182933159
0.00194965093
0.002032072639
0.002036990104
0.001974575004
0.001885558326
0.001792427099
0.001701158623
0.001612080806
0.001525147876
0.00144281748
0.001370821957
0.001317963259
0.001289418054
0.001298483559
0.001289156148
0.001361160473
0.001454644514
0.001941965033
0.001928238609
0.001915879901
0.001902889099
0.001889012523
0.001874123697
0.001858153337
0.001840990707
0.001822495471
0.001802548155
0.0017810647
0.001757981184
0.001733214541
0.001706641122
0.001678068517
0.001647271253
0.001613959253
0.001577804233
0.001538386205
0.001495308168
0.001448173711
0.001396516026
0.001340153458
0.001278640738
0.001211860922
0.001139827526
0.001063132643
0.0009820462319
0.0008976827632
0.0008118688642
0.0007258138238
0.0006415105342
0.0005629478541
0.0004947923351
0.00045060481
0.0004362942598
0.0004265976588
0.0004413410307
0.0004370558234
0.0003634818653
0.0001569990135
8.441417741e-05
0.000116939466
0.0001849487424
0.0003217203392
0.0003147765018
0.000312596293
0.000347234134
0.0004429809352
0.0006603730925
0.0009094376082
0.001049849311
0.001090751901
0.001153017554
0.001082931001
0.001025205927
0.000926638208
0.000814286067
0.0007677109429
0.000760600802
0.0007837048252
0.0008338021744
0.0009019713647
0.0009641527419
0.001013670545
0.001127533045
0.001387742634
0.001726877181
0.002003821721
0.00228753206
0.00268961587
0.002981013545
0.003234662014
0.003334312487
0.003241362544
0.002950210553
0.002512138334
0.002032743758
0.001617322709
0.001330499511
0.001188619012
0.001191165202
0.001346837067
0.001642728704
0.002003781141
0.002275938891
0.002357529339
0.002310746053
0.002202939895
0.002070631269
0.001929630419
0.001790593039
0.001664380228
0.001561926658
0.001491476871
0.001455246941
0.001446715211
0.001447029849
0.001425771791
0.001361276236
0.001265729345
0.001177423595
0.00114279764
0.001188237874
0.001329034386
0.001525483028
0.001786375733
0.002022433486
0.002137113535
0.002118217991
0.002034244085
0.001922302408
0.001786936924
0.001627271762
0.001453444613
0.001291641029
0.001173376094
0.00112478
0.001165360341
0.001298854182
0.001504832159
0.001730843752
0.001897462212
0.001974219089
0.001992012754
0.00198967749
0.001989338614
0.002000266955
0.002024367166
0.002058583784
0.002094742752
0.002121166241
0.002125451764
0.002098540049
0.002038757224
0.001951673578
0.001850638323
0.001758323458
0.001699069042
0.001685083398
0.001707826004
0.001772532298
0.001859073132
0.001940478193
0.001984351648
0.001971111648
0.001910855493
0.00182739215
0.001736481893
0.001644507286
0.001553838023
0.001466622941
0.00138692596
0.001321149961
0.001277635557
0.001258689374
0.001272724585
0.001277682391
0.001326861315
0.001381737827
0.001945156268
0.00193162714
0.00191841196
0.001904901406
0.001890739289
0.001875684542
0.001859628468
0.001842442213
0.001823981506
0.00180413057
0.001782817846
0.001759983972
0.001735560514
0.001709427716
0.001681433067
0.001651379417
0.001618989263
0.001583964743
0.001545973599
0.001504577722
0.001459489437
0.001410237444
0.001356731214
0.001298460853
0.001235434853
0.001167691468
0.001095700413
0.001019875198
0.0009410790787
0.0008610067515
0.0007813591776
0.0007033895802
0.0006302650969
0.0005649101469
0.0005147047796
0.0004964279948
0.0004912915286
0.0004801940932
0.0005073385664
0.0005729180733
0.0007323575235
0.0009311129749
0.001063984955
0.001088599605
0.001015566707
0.0009299801623
0.0009462578679
0.001000910119
0.0009297423213
0.0008347860393
0.0008554477306
0.0009380735989
0.0008594554629
0.0007667322213
0.0007266629857
0.0007030410105
0.0006971657086
0.0007124486211
0.0007457872389
0.0007883067817
0.0008319976582
0.0008759338364
0.0009248114285
0.0009740728584
0.001005692984
0.001030458658
0.001124293749
0.001346615455
0.00167395365
0.002080473017
0.002513756189
0.002877015376
0.003057657288
0.003011812212
0.002787166428
0.002380517677
0.001976273778
0.001644602945
0.001434287526
0.001355447455
0.001409285369
0.001611352965
0.001957926247
0.002357593643
0.002614856496
0.002637890831
0.002540738049
0.00239454673
0.002234741534
0.002072018887
0.001910384518
0.001754040767
0.001609411106
0.001485318994
0.001391181667
0.001333508593
0.001312341001
0.001317343438
0.00132390573
0.001302300905
0.001247729689
0.001195025717
0.001194523866
0.001274183809
0.00144771621
0.001658623011
0.001892786852
0.002058440979
0.002099819026
0.002038320262
0.001919425522
0.001766342237
0.001590816962
0.00141145064
0.001256369905
0.001152205155
0.001118404906
0.001172755888
0.001324005991
0.001556001734
0.00181881094
0.002026232901
0.002127001064
0.002143847976
0.002119575589
0.002081634791
0.002043871888
0.002013839788
0.001996115058
0.001992787967
0.002002140838
0.002017780787
0.002029436536
0.002025653126
0.001997378196
0.001942699862
0.001871016326
0.001801798375
0.001755247978
0.001741376619
0.001762397928
0.001810161047
0.001868846071
0.001915993996
0.001930185259
0.001902555894
0.001840843528
0.001759346327
0.001668950015
0.001575811915
0.001484103708
0.001398432471
0.001324635571
0.001269384708
0.001240039886
0.001236851501
0.00126130784
0.001280905068
0.001325044808
0.001358265723
0.001943590704
0.001932654239
0.001919427324
0.001905883221
0.001891716754
0.001876701899
0.00186073403
0.001843676755
0.001825386091
0.001805753487
0.001784718184
0.001762210556
0.001738252616
0.001712686367
0.001685431792
0.00165629744
0.001625017057
0.001591312867
0.001554968508
0.0015154382
0.001472534335
0.001425871037
0.001375301398
0.001320500928
0.001261340878
0.001197972871
0.001130803107
0.001060442096
0.0009876158532
0.0009136741126
0.0008403479999
0.0007692478948
0.0007026152892
0.0006427214449
0.0005925986977
0.0005632099142
0.0005635832153
0.0005754640986
0.0006196632935
0.0006917557474
0.0007983474029
0.0009023894333
0.0009723436369
0.001042873745
0.00110682018
0.001201127289
0.00130549425
0.001345691815
0.001228873632
0.001073447159
0.0009539231887
0.0008769694518
0.0008354743776
0.0008025640443
0.0007646531181
0.0007608557832
0.0007760175793
0.0008033314943
0.0008357716858
0.0008700045208
0.0009025825049
0.000929663348
0.0009525938287
0.0009764683053
0.000998696167
0.00101008566
0.001024172978
0.001097945423
0.001286198876
0.001598403886
0.001964447167
0.002254370279
0.002382147248
0.002335234193
0.002157356455
0.001931681633
0.001736752508
0.001628639649
0.001638034096
0.001775195733
0.002049037591
0.002447307187
0.002889625932
0.002980781614
0.002901414615
0.002731932438
0.002536597249
0.002342918529
0.002158030666
0.001983585255
0.001819564162
0.001666194911
0.001525036168
0.001400011643
0.001297689645
0.001225643369
0.00118868783
0.00118455523
0.001200021555
0.001211076762
0.001204021008
0.001205032369
0.001257644774
0.001378642776
0.001553111002
0.00175253049
0.001914508059
0.001984768366
0.00195145397
0.001841055251
0.00168468306
0.001510113527
0.001345022603
0.001215697902
0.001142106937
0.001138357707
0.00122118269
0.001402464785
0.001666629707
0.001961673578
0.002195618003
0.002311907655
0.002332269951
0.00229991225
0.002243602483
0.002176958902
0.002107484903
0.002040981446
0.001982959287
0.001937984497
0.001908764493
0.001894737023
0.00189133117
0.001890645958
0.001883151849
0.001861588331
0.001826294027
0.001788223408
0.001762452933
0.001757829995
0.001775207095
0.001807933536
0.001842633447
0.001862791237
0.001855261589
0.001816271162
0.001751311968
0.001669517579
0.00157911464
0.001486647185
0.001398214135
0.001320525391
0.001260630346
0.001224709311
0.001217770825
0.001236858584
0.001278024314
0.00131078966
0.001358492081
0.001378600572
0.001938812057
0.001931251109
0.001919022711
0.001905848816
0.001891933702
0.001877181775
0.001861484548
0.001844710889
0.001826727713
0.001807442062
0.001786808398
0.001764789067
0.001741433262
0.001716531483
0.001690084469
0.001661933792
0.001631847186
0.001599556733
0.001564840215
0.001527266554
0.001486609613
0.001442575776
0.001394995124
0.001343708559
0.001288555212
0.001229676789
0.001167447582
0.001102481941
0.001035489037
0.0009674928293
0.0009001449878
0.0008352242259
0.0007747033368
0.0007202361841
0.0006744369239
0.000642368384
0.0006352717013
0.0006506194703
0.0006905563405
0.0007592368445
0.0008567132548
0.0009637227448
0.001045648726
0.001110874099
0.001175399134
0.001248956486
0.001317515085
0.001341041464
0.001272017115
0.001150814587
0.001036316219
0.0009447820273
0.0008800878274
0.0008425319233
0.0008299041479
0.0008357559871
0.0008518921011
0.0008729616603
0.0008952808664
0.0009169690128
0.0009372300251
0.0009540741459
0.0009655963401
0.0009723603663
0.0009789670131
0.0009876613247
0.0009949905987
0.001009641633
0.001080642321
0.001257644743
0.00150773175
0.001738330763
0.00187970587
0.001918579725
0.001891821999
0.00186182457
0.001882472986
0.002007279422
0.002274294684
0.00283174183
0.003262142057
0.003342940116
0.003190994003
0.002995466551
0.002778873849
0.002560960219
0.002352840483
0.00215800593
0.00197655613
0.001810804793
0.00166121687
0.001527194664
0.001407555157
0.001301603442
0.001210647078
0.001138683085
0.001091194936
0.001071491413
0.001077687731
0.001099590304
0.001129403715
0.001180792184
0.001274505181
0.001411133233
0.001568814974
0.001705297123
0.001777526866
0.001766050956
0.001682185133
0.001553322018
0.001411193556
0.001283856751
0.001197041052
0.001166550737
0.00120476717
0.001327235357
0.001546938006
0.001844746185
0.002156994155
0.002388960988
0.002497485604
0.002512481615
0.002475744429
0.002412988137
0.00233582435
0.002249877554
0.002159191711
0.002067852144
0.001980587767
0.001902189341
0.001836934846
0.001787678437
0.001754784905
0.001735731399
0.001725380811
0.001717522621
0.001708089971
0.001699148386
0.001696390058
0.001703869822
0.001721542618
0.001744021134
0.001761473822
0.001762953186
0.001740956735
0.001694340309
0.001627506503
0.001547488022
0.001461847987
0.001378169775
0.001304042792
0.001246678323
0.001212423481
0.00120598633
0.001228677368
0.001272477706
0.001329888949
0.001371873713
0.001421431709
0.001430897411
0.001934056891
0.001928334795
0.00191743867
0.001904963905
0.001891566751
0.00187728173
0.001862001493
0.001845624699
0.00182804686
0.001809196394
0.001789048353
0.001767592269
0.001744853598
0.001720709007
0.001695129041
0.001667990941
0.001639114731
0.001608259975
0.001575198161
0.001539624757
0.001501281345
0.001459929213
0.001415391701
0.001367561695
0.001316373826
0.001261948523
0.001204609676
0.001144862534
0.00108335916
0.001021111018
0.0009596695421
0.0009005455352
0.0008449316178
0.0007949549328
0.0007534176678
0.0007234359161
0.0007099393233
0.0007203905436
0.0007560172582
0.0008191815668
0.0009082560019
0.001009521023
0.00110009814
0.001176229668
0.001251807377
0.001325270545
0.001376830341
0.001376987072
0.001312339401
0.001209251523
0.001105334957
0.001020890545
0.000961583818
0.0009257899861
0.0009083315018
0.0009034467923
0.0009068942976
0.0009157543132
0.0009272842728
0.0009390936135
0.0009496453315
0.0009582158961
0.0009646446804
0.0009677297575
0.0009672340521
0.0009662314127
0.0009702606775
0.0009800850569
0.001005817532
0.001090017941
0.001256557651
0.001467200459
0.00166276344
0.001824043543
0.001976428959
0.002166168817
0.00243201162
0.002771826826
0.003077759499
0.003257686542
0.003144988921
0.00299203127
0.00278831936
0.002586073327
0.002393212122
0.002210095495
0.002037301122
0.00187630124
0.001725823087
0.00158967934
0.001469484944
0.001365437786
0.001276448067
0.001200275688
0.001134531732
0.001078091652
0.001032558943
0.001001913138
0.0009907804139
0.001000248454
0.001032552558
0.001095269457
0.001192325265
0.001311046821
0.001425297922
0.001502968256
0.001522839994
0.001485201675
0.001408948656
0.001320695216
0.001248967908
0.001213230079
0.00123186754
0.001318942194
0.001488612
0.001747568502
0.002067917797
0.002370907476
0.002565034566
0.002641982422
0.002640485541
0.002597449645
0.00253317397
0.00245597751
0.002369308273
0.002275388255
0.002176366647
0.002074770682
0.001973783837
0.001877096019
0.001788654533
0.001712200809
0.001650521301
0.001604804005
0.001574318121
0.001556714686
0.001549209548
0.001550284275
0.001558885777
0.001573733344
0.001591966605
0.001608365558
0.00161583559
0.00160756684
0.001579760124
0.001533038739
0.001471842314
0.001402895935
0.001333895995
0.00127269567
0.001226629399
0.001201796973
0.001202429394
0.001230220235
0.001281572199
0.001344400133
0.001409510086
0.001451634345
0.001495995089
0.001495347598
0.001929631936
0.001924874681
0.001915195675
0.001903556015
0.001890799989
0.001877068701
0.00186230003
0.001846408913
0.001829311902
0.001810961091
0.001791350924
0.001770493795
0.001748415588
0.001725081516
0.001700441352
0.001674393593
0.001646782107
0.001617399299
0.001586030735
0.001552434236
0.001516373304
0.001477641464
0.001436079344
0.001391605356
0.001344220743
0.001294047417
0.001241334245
0.001186482346
0.001130199383
0.001073591636
0.001017785656
0.0009635504051
0.0009124156403
0.0008670347221
0.0008291686222
0.0008010875713
0.0007863213572
0.0007891517159
0.0008136061615
0.0008619629051
0.0009327404419
0.001016085824
0.001098167527
0.001173238331
0.001243594115
0.001306148241
0.001346360258
0.001347084977
0.001303719371
0.001229306192
0.001145473965
0.001069776274
0.001010510257
0.0009695522504
0.0009452672273
0.000934076806
0.0009319728437
0.0009355518293
0.0009420253138
0.0009492487559
0.0009556918062
0.0009604046982
0.0009634263207
0.0009652186133
0.000965757032
0.000964008517
0.0009615070195
0.0009660156647
0.0009890625731
0.001033976642
0.001112260069
0.001248074924
0.001444182833
0.001683816784
0.00194360419
0.002189833606
0.002375909103
0.002469719096
0.002554546782
0.002432092154
0.002342550607
0.002243428745
0.002135511798
0.002021545303
0.001904339851
0.001787028062
0.001673155495
0.001565864757
0.001466162916
0.001376242612
0.001297061105
0.001228972257
0.001171772432
0.001124282779
0.001084180928
0.001048306535
0.001014371536
0.0009833677952
0.0009585807944
0.0009459804124
0.0009549343473
0.0009933244513
0.001059180378
0.001137973439
0.001208826869
0.001252605034
0.001262565503
0.001246996644
0.001223121459
0.001211794996
0.001235095531
0.001309355422
0.001451273733
0.001671660262
0.001964520965
0.002283855883
0.002538720084
0.002667237734
0.002703287262
0.002683367393
0.00263525343
0.002572235556
0.00249960924
0.002419446381
0.002332828589
0.002240728929
0.002144233438
0.002044694658
0.001943909181
0.001844166611
0.001748221026
0.001659160465
0.001580087641
0.001513658103
0.001461621649
0.001424602105
0.001402230506
0.001393041784
0.001395031596
0.001404518898
0.001416941245
0.001426991984
0.001429155906
0.001418981747
0.001394654981
0.001357795484
0.001313002152
0.001266705635
0.001226031197
0.001197816181
0.001187722985
0.001199645845
0.001235168659
0.001291665982
0.001360645743
0.001428715228
0.001488394716
0.001521710294
0.001555113952
0.001547352862
0.001925616134
0.0019213858
0.001912647397
0.001901822722
0.001889753637
0.001876633345
0.001862439896
0.001847100047
0.001830547175
0.001812753614
0.001793733923
0.001773524635
0.001752164977
0.001729657907
0.001705964913
0.001681001554
0.001654636105
0.001626696192
0.001596989838
0.001565310011
0.001531452988
0.001495241376
0.001456544346
0.001415303186
0.001371539851
0.001325342866
0.001276897411
0.001226673235
0.001175493287
0.001124116011
0.001072987601
0.001023388965
0.0009772105558
0.0009357798774
0.0009008209056
0.0008743729728
0.000859248767
0.0008579974456
0.0008733863683
0.0009066586256
0.0009564303285
0.001016666468
0.001079047654
0.001136923255
0.001189338893
0.001232785035
0.00126058213
0.001263657204
0.001238351979
0.001191206248
0.001134900666
0.001080227586
0.001034010515
0.0009992230043
0.00097598761
0.0009627661448
0.0009569995642
0.0009561024011
0.0009580297251
0.000961247941
0.0009646064391
0.0009672613283
0.000968867552
0.0009696650119
0.0009703889783
0.0009711329112
0.0009707578237
0.0009707837962
0.0009823202204
0.001018433758
0.001075079459
0.001139746973
0.001214175438
0.001302367646
0.001396811062
0.001484082817
0.001555166954
0.001606482977
0.001637821298
0.001649801264
0.001643913098
0.00162397998
0.001592336601
0.001550653789
0.00150139895
0.001447528041
0.001392149296
0.00133797384
0.001287084591
0.001240432757
0.001198251465
0.001160392002
0.001126685633
0.001096974313
0.001070799508
0.001046938362
0.001023290569
0.0009985066508
0.0009715156225
0.0009463662694
0.0009330423361
0.0009408956871
0.0009687332459
0.001007544042
0.001045905453
0.001076787833
0.001103070508
0.001132768673
0.001174579604
0.001254273322
0.001391567906
0.001600316205
0.001876760264
0.002182484892
0.002492616597
0.002613444848
0.002665287788
0.002661728481
0.002628639885
0.002580751959
0.002523636435
0.002459303556
0.002388821798
0.002313059401
0.002232813665
0.002148807878
0.002061672948
0.001972034354
0.001880691419
0.001788774263
0.001697839329
0.0016098856
0.001527252756
0.001452419144
0.001387721006
0.001335037969
0.001295539458
0.001269331775
0.001255268364
0.001250252461
0.001250371597
0.00125143592
0.001249384446
0.001241024678
0.001225256069
0.001203852647
0.001181031169
0.001162336514
0.001153534716
0.001159629337
0.001184044978
0.001227768591
0.001288589416
0.001359241978
0.00142953192
0.001488557092
0.001533870057
0.001555721564
0.001577816296
0.001568855775
0.001922049671
0.001918115384
0.001910083348
0.00189998467
0.001888585735
0.001876094094
0.00186250026
0.001847739104
0.00183175878
0.001814550312
0.00179614804
0.001776608921
0.00175598724
0.001734307472
0.001711551613
0.001687656026
0.001662513006
0.001635977341
0.001607880081
0.001578042143
0.001546288621
0.001512472949
0.00147649439
0.00143830249
0.001397896507
0.001355329144
0.001310886608
0.001265157657
0.001218642308
0.00117157671
0.001124922295
0.00108011244
0.001038203521
0.001000319393
0.0009679197231
0.0009429138542
0.0009272564577
0.0009227430041
0.0009310950191
0.0009526210524
0.0009859060968
0.00102683443
0.001070133012
0.001110950416
0.001147464154
0.001176906748
0.001195681225
0.00119905063
0.001184633536
0.00115538058
0.001118402618
0.001080109152
0.001045357453
0.001017137332
0.0009965573603
0.0009832670712
0.0009761048479
0.0009734188983
0.000973532137
0.0009751354204
0.0009772755571
0.0009792639105
0.0009807782819
0.0009818900163
0.0009829549036
0.0009843789154
0.0009862290695
0.0009884878514
0.0009942586884
0.001012074202
0.001047811962
0.001096241445
0.001144391281
0.001182994253
0.001212981492
0.001238947934
0.001263118516
0.001285199847
0.001303967272
0.001317920216
0.001325954018
0.001328564519
0.001326350491
0.001318375842
0.001304776684
0.001286467107
0.001264805212
0.001241223014
0.001217144894
0.001193256781
0.001169836567
0.001146731898
0.001123637391
0.001100502504
0.001077769656
0.001056289666
0.001036618419
0.001018706416
0.001000393118
0.0009806943715
0.0009643388134
0.0009595747309
0.0009699848922
0.0009955619477
0.001033945266
0.001086529945
0.001158262059
0.001250773349
0.001426751083
0.001754342269
0.002184197074
0.002528538905
0.002612840188
0.002596064495
0.002561872834
0.002545650477
0.002514246293
0.002477572512
0.002437323273
0.002392481334
0.002341950661
0.002285369514
0.002223185013
0.002156373111
0.002086079431
0.002013326873
0.001938845136
0.001863053619
0.001786183853
0.001708480875
0.001630444782
0.001553004838
0.001477500957
0.001405568178
0.001339052458
0.001279938781
0.001229990471
0.00119079574
0.001161875904
0.001141619814
0.001128070482
0.001119129473
0.001112143988
0.001104486231
0.001095521374
0.001087564817
0.001084690543
0.001091416616
0.001111752241
0.001148154174
0.001200777447
0.001266510193
0.001338876881
0.001408398462
0.001466964871
0.001509514004
0.001538861499
0.00155143704
0.001564363924
0.001559433521
0.001918922777
0.001915160477
0.001907659324
0.001898182639
0.001887404994
0.001875523045
0.001862524485
0.001848347751
0.001832952086
0.001816343393
0.001798571733
0.001779710193
0.001759828573
0.001738969474
0.001717134321
0.001694278914
0.001670316091
0.001645123241
0.001618554995
0.001590457367
0.0015606818
0.001529119374
0.001495684241
0.001460290995
0.00142292211
0.001383750493
0.001343180019
0.001301512218
0.001258829547
0.001215836417
0.001173657427
0.001133109326
0.001094899561
0.001060164015
0.001030342517
0.001006735449
0.0009905618883
0.0009833450412
0.000986023641
0.0009985476931
0.001019811894
0.001046974546
0.001076495204
0.001104737797
0.00112998934
0.001149542564
0.001161327039
0.001163258413
0.001153772228
0.001134406707
0.001109113152
0.001082089403
0.001056807974
0.001035515289
0.001019112447
0.001007544056
0.001000224631
0.0009965158045
0.000995505388
0.0009961943688
0.0009977231997
0.0009994781761
0.00100108214
0.001002455357
0.001003767707
0.00100525803
0.001007147218
0.001009850018
0.001014755954
0.001025197264
0.001043975314
0.001070824681
0.001102661535
0.00113427779
0.001161397973
0.001182739084
0.001199360884
0.001212855809
0.001224131666
0.001233182376
0.001239840147
0.001244107864
0.001245811224
0.001244012939
0.001238463237
0.001229442986
0.001217547209
0.001203476275
0.001187971287
0.001171542016
0.001154553573
0.001137113396
0.001119068091
0.001100267603
0.001080886392
0.001061648279
0.001043851207
0.001029412903
0.00101962158
0.001014320122
0.001012712035
0.001014519895
0.001023630605
0.001050272617
0.001105320413
0.001197073088
0.001326868766
0.001493392708
0.001690257308
0.001878172863
0.002038454017
0.002250302537
0.002309508957
0.002284033623
0.002246454134
0.002222050805
0.002213209925
0.002198970463
0.002178412998
0.002150758529
0.002115672678
0.002073372497
0.002024650913
0.001970771124
0.001913243972
0.001853553403
0.001792915468
0.001732116449
0.001671453425
0.001610825138
0.001549989134
0.001488866041
0.001427722216
0.001367188209
0.00130825016
0.001252526181
0.001201895095
0.001157642398
0.001119875992
0.001089094553
0.0010656453
0.001048102852
0.001032725207
0.001019441743
0.001013202763
0.001019310223
0.001039595888
0.001075877807
0.00112860137
0.001195101186
0.001269741755
0.001343522277
0.001407759732
0.001458280395
0.001493881112
0.001515100574
0.001527672239
0.001531658073
0.001534706736
0.001535433057
0.001916261941
0.001912589198
0.001905487391
0.001896529576
0.00188630538
0.00187499037
0.001862562841
0.001848959592
0.001834145468
0.001818136216
0.001800993749
0.001782804505
0.001763652295
0.001743595104
0.001722650747
0.00170079236
0.001677951375
0.001654025967
0.001628892754
0.001602420056
0.001574486527
0.001545024793
0.001513916935
0.001481021087
0.001446482646
0.001410592691
0.001373487928
0.001335130318
0.001296045144
0.001257134851
0.0012189833
0.001181975425
0.001147026367
0.001115363589
0.001087780493
0.001065422451
0.001049150722
0.001039960219
0.001038440267
0.001044466718
0.001057057033
0.001074268377
0.001093673994
0.001112456925
0.001128829598
0.001141506393
0.001148663242
0.00114935282
0.001142653533
0.001129574984
0.001112223255
0.001092981806
0.001074225257
0.001057705873
0.001044410473
0.001034613665
0.001028098226
0.001024444138
0.001023066167
0.001023478924
0.001024894451
0.001026725754
0.001028619464
0.001030431408
0.001032222592
0.001034189572
0.001036580498
0.001039687891
0.001044166139
0.001051957294
0.001064153112
0.001080081171
0.001098439415
0.001117694339
0.001136252854
0.001152862335
0.00116687509
0.001178146692
0.001186668914
0.001192426071
0.001195966457
0.00119782743
0.001198009373
0.001195998946
0.001191673103
0.001185214844
0.001176983617
0.001167378377
0.001156773941
0.001145434326
0.001133559785
0.001121265423
0.001108512746
0.001095172449
0.001081240148
0.00106704804
0.001053292289
0.001041140721
0.001032507481
0.001030530386
0.00103903451
0.001057820239
0.00107955411
0.001095488995
0.001104626618
0.001115331743
0.001137513799
0.001176143917
0.001232295248
0.001304876645
0.001389280782
0.001489901884
0.001583189357
0.001664826073
0.001733107084
0.001791698667
0.001834000543
0.001861606449
0.001874640929
0.001874540964
0.001862943017
0.001841483821
0.001811781161
0.00177548641
0.001734314644
0.001689995116
0.001644147334
0.00159811752
0.001552812002
0.001508608695
0.001465390622
0.001422714639
0.001380085881
0.001337223602
0.001294240782
0.00125209242
0.00121192793
0.001174319069
0.001140260222
0.001111299431
0.0010877651
0.001068242438
0.001054677302
0.001054136828
0.001071574315
0.001108301169
0.001187812047
0.001277853492
0.001372630016
0.001458357072
0.001518382549
0.001527572655
0.001543779094
0.00153936712
0.001529925851
0.001526117624
0.00152115304
0.001516374696
0.001506631961
0.001513101096
0.001914039693
0.001910410854
0.001903616356
0.001895091143
0.001885353817
0.001874555739
0.001862663643
0.001849609556
0.001835359966
0.001819936617
0.001803410138
0.001785877295
0.001767433341
0.001748148767
0.001728055302
0.001707141357
0.001685355334
0.00166261396
0.001638813549
0.001613842359
0.001587606882
0.001560061046
0.001531023649
0.001500443504
0.001468645067
0.001435671232
0.001401365553
0.001366120752
0.001330660568
0.001295377175
0.001260495571
0.001226759235
0.001194996897
0.001165918902
0.001140326984
0.001119111743
0.00110289684
0.001092464741
0.001087834581
0.001088971143
0.001095229021
0.001105205212
0.001117075575
0.001128952737
0.00113932964
0.001147313403
0.001151461523
0.001151276776
0.00114604594
0.001136471811
0.001124023712
0.001110033818
0.001095956957
0.001083197203
0.00107264713
0.00106468218
0.001059299352
0.001056316463
0.001055004847
0.001055321437
0.001056814662
0.001058985425
0.00106151514
0.001064241577
0.001067140311
0.001070286174
0.001073806566
0.001077865498
0.001082671511
0.001089022023
0.001097614055
0.001108010859
0.001119155576
0.001130151791
0.001140382484
0.001149454585
0.001157058495
0.001162919749
0.001166837141
0.001168705562
0.00116905081
0.001168400571
0.001166697081
0.001163778983
0.001159698544
0.001154645438
0.001148862228
0.001142569018
0.001135918731
0.001128964311
0.001121701609
0.001114125133
0.001106213106
0.001097876433
0.001088989571
0.001079583597
0.00107005129
0.001061188462
0.001054153382
0.001050807859
0.001054367338
0.001067425917
0.001088821911
0.001112295205
0.001127748745
0.001129512186
0.001122782162
0.001118003769
0.001123364577
0.001142655027
0.0011759338
0.0012227405
0.001279518958
0.001341665947
0.001404439355
0.001463431855
0.001515361235
0.001558300256
0.001590359559
0.001610827269
0.001620043217
0.001619025178
0.00160912805
0.001591823995
0.001568615086
0.001541022285
0.001510569199
0.00147873134
0.001446849219
0.001415987609
0.001386766645
0.001359314793
0.001333407118
0.001308697327
0.001284982607
0.001262527834
0.001241353469
0.001221319542
0.001203530464
0.001189356746
0.00118044038
0.001180318412
0.001195688116
0.001229656685
0.001279734267
0.001340312965
0.001405470643
0.001466677709
0.00151192991
0.001536311757
0.001545628818
0.001546781496
0.001538109268
0.001527664654
0.001517476081
0.001508423665
0.001499513206
0.001494514148
0.001475284617
0.001491226789
0.001912267229
0.001908645346
0.001902085767
0.001893918357
0.001884601855
0.001874264293
0.001862862085
0.001850321996
0.001836609562
0.001821749242
0.001805817007
0.001788916863
0.001771152616
0.001752604719
0.001733316362
0.001713289235
0.001692486651
0.001670842408
0.001648271502
0.001624685019
0.001600004001
0.001574154989
0.001546998113
0.0015186415
0.001489266677
0.001458629803
0.001426973695
0.001394876584
0.001362600466
0.001330283423
0.001298471937
0.001267760592
0.001238720086
0.0012120363
0.001188257279
0.001168111575
0.001152119149
0.001140649072
0.001133811512
0.001131606627
0.001133360705
0.00113807757
0.001144648076
0.001151628963
0.001157651142
0.001162181904
0.001164121139
0.001163157306
0.001158815876
0.001151464659
0.001142167277
0.00113190644
0.001121471478
0.001111710972
0.00110344342
0.001097052113
0.00109263233
0.001090203166
0.001089432088
0.001090078988
0.001092008826
0.001094928428
0.001098520057
0.001102572464
0.001106970231
0.001111676686
0.001116701315
0.001122071654
0.001127810646
0.00113398487
0.001140740599
0.001147851232
0.001154635473
0.001160623099
0.001165598086
0.001169488098
0.001172189262
0.001173492677
0.001173224391
0.001171498904
0.001168727422
0.001165343704
0.001161358797
0.001156902796
0.001152182026
0.001147406567
0.00114273888
0.001138266666
0.001133997036
0.001129856421
0.00112571251
0.001121420317
0.001116860848
0.00111194931
0.001106609603
0.001100776428
0.001094510778
0.001088224706
0.001082829375
0.00107969817
0.001080552283
0.001086300987
0.001096595989
0.001110501082
0.001125926098
0.001139780385
0.001149495062
0.001154801278
0.001158007778
0.001162705969
0.001172040081
0.001187863687
0.001210470108
0.001238917283
0.001271311029
0.001305425154
0.001339055895
0.001370527714
0.001398129627
0.001420184294
0.001435706801
0.001444380329
0.001446426557
0.00144242835
0.00143317813
0.001419590147
0.001402661206
0.001383455399
0.001363091042
0.001342679583
0.001323205391
0.001305406036
0.00128972458
0.001276361474
0.001265467454
0.00125735102
0.001251763543
0.001247482172
0.001243026373
0.001237291277
0.00122986981
0.001220735684
0.00121049839
0.001201768281
0.001198988997
0.001205747067
0.001222578271
0.001248128357
0.001279983384
0.001312473319
0.001340516864
0.001368371831
0.001391747698
0.001410621255
0.001425097061
0.001435255757
0.001440273781
0.001446644059
0.001428320566
0.001459122225
0.001910908617
0.00190727612
0.00190090137
0.00189303153
0.001884077616
0.001874146659
0.001863187394
0.001851122038
0.00183791369
0.001823587007
0.00180822068
0.001791923234
0.001774804464
0.001756952238
0.001738418949
0.00171921743
0.001699324061
0.001678689463
0.001657248458
0.001634932426
0.00161165343
0.001587317932
0.001561933108
0.001535569479
0.001508128821
0.001479707365
0.001450728401
0.001421372834
0.001391715717
0.001362146469
0.001333104287
0.001305085996
0.001278577172
0.001253957219
0.001231926188
0.001212930866
0.001197213631
0.001185249757
0.001176986383
0.001172319235
0.001170877246
0.001171938301
0.001174646017
0.001177984487
0.00118089071
0.001182897348
0.001183217086
0.001181602229
0.001177842657
0.001172030753
0.001164866585
0.001157076379
0.001149307585
0.001142005539
0.001135666382
0.001130805828
0.00112753883
0.001125777574
0.001125833899
0.00112729052
0.001129957575
0.001133779451
0.001138541631
0.001143996937
0.00114996137
0.001156310089
0.001162956898
0.001169818171
0.001176763519
0.001183536349
0.001189926674
0.001195577153
0.001200081121
0.001203185324
0.001204898221
0.001205282929
0.001204334085
0.001201985601
0.001198182145
0.001193231694
0.001187578003
0.001181545801
0.001175377712
0.001169363483
0.001163761826
0.001158754971
0.001154430989
0.001150785548
0.001147735542
0.001145136594
0.001142803131
0.001140533573
0.001138138613
0.001135472502
0.001132455961
0.001129070002
0.001125331574
0.001121328661
0.00111739453
0.001114377431
0.001113681581
0.001116047799
0.001121017235
0.001127821161
0.001135739407
0.001144189821
0.001152598456
0.001160419225
0.00116741074
0.001173908198
0.001180738101
0.001188908845
0.001199132536
0.001211770606
0.001226599594
0.001243050869
0.001260318539
0.001277723309
0.001294582742
0.001309706979
0.001322146026
0.001331247201
0.001336677364
0.001338394457
0.001336591149
0.001331631658
0.001323999794
0.001314264829
0.001303067912
0.001291121266
0.001279195389
0.001268058327
0.001258379631
0.001250641669
0.00124515499
0.001242124585
0.001241242424
0.001241446948
0.001241241355
0.001238739184
0.001231925017
0.001219388984
0.001201435394
0.001180642031
0.001161054324
0.001146771103
0.001140615773
0.001143749766
0.001155939225
0.001175714981
0.001200946073
0.001229432946
0.001259053982
0.001287966267
0.001314725973
0.00133793511
0.001356089941
0.00137393442
0.001364974411
0.001409111922
0.001909966883
0.0019063026
0.001900069422
0.001892445581
0.001883800832
0.001874224837
0.001863660866
0.0018520276
0.001839285409
0.001825457956
0.001810624656
0.001794896105
0.001778385415
0.001761185392
0.001743355389
0.001724917334
0.001705859262
0.0016861516
0.001665742591
0.001644551457
0.001622487071
0.001599548663
0.001575775193
0.001551065945
0.001525472114
0.001499279653
0.00147261329
0.001445511178
0.001418254185
0.001391190216
0.001364682607
0.001339036242
0.001314702529
0.001292102888
0.001271671317
0.00125372061
0.001238556864
0.001226371841
0.001217176525
0.001210955416
0.001207304282
0.001205736983
0.001205772131
0.001206515042
0.001207122015
0.001207362378
0.001206642006
0.001204564261
0.001201168779
0.001196428491
0.001190793246
0.001184760185
0.001178833145
0.001173443533
0.001168813172
0.001165254529
0.001163116339
0.001162261109
0.001162934748
0.001165161899
0.001168738434
0.001173498855
0.001179367586
0.001186186866
0.001193730299
0.001201810828
0.001210263911
0.001218908152
0.001227471358
0.001235535472
0.001242545234
0.001247971082
0.00125147074
0.001252904424
0.001252360533
0.001250012238
0.001245979969
0.00124036209
0.001233431028
0.001225615688
0.001217374978
0.001209090584
0.001201135498
0.001193832809
0.001187413662
0.001182004206
0.001177632225
0.001174241117
0.001171705978
0.001169850068
0.001168464247
0.00116733069
0.00116624657
0.001165043848
0.001163604314
0.001161869538
0.001159840236
0.001157570592
0.001155198767
0.001153097951
0.001152036645
0.001152461955
0.001154170662
0.001156786307
0.001159895931
0.001163228491
0.001166700527
0.001170328493
0.001174155029
0.00117826445
0.001182803287
0.001187986294
0.001193949656
0.00120084161
0.001208614891
0.001217138534
0.001226141629
0.001235473616
0.001244961297
0.001254022407
0.001262117222
0.001268801096
0.001273757619
0.001276810201
0.001277917636
0.001277159442
0.001274717216
0.001270854517
0.00126589919
0.001260238445
0.001254315309
0.001248600473
0.001243552082
0.001239588512
0.001237075802
0.001236138448
0.001236228581
0.001236229343
0.001235065419
0.001231970052
0.001226494207
0.001218431642
0.001207847429
0.00119525907
0.001181836414
0.001169348253
0.001159737501
0.001154598284
0.001154865847
0.001160697857
0.001171585972
0.001186690904
0.001204968816
0.001225200253
0.001246306557
0.001266915666
0.001285758343
0.001305214621
0.001303656304
0.001350280363
0.001909428908
0.00190569659
0.001899575228
0.001892156671
0.001883777685
0.001874511226
0.001864296875
0.001853052555
0.001840737156
0.001827372632
0.001813037291
0.001797841473
0.001781899301
0.001765306362
0.001748127122
0.001730390703
0.001712097382
0.001693242176
0.001673752142
0.001653536906
0.001632607573
0.001610975617
0.001588528798
0.001565317524
0.001541555296
0.001517297446
0.001492548162
0.001467515286
0.001442472862
0.001417677773
0.001393358334
0.001369867646
0.001347594049
0.001326725031
0.001307740105
0.001290907374
0.001276313172
0.001264275516
0.001254662542
0.00124741211
0.001242345559
0.001239092833
0.00123722151
0.00123612983
0.001235169499
0.001234201247
0.001232737255
0.001230397084
0.001227254717
0.001223274926
0.001218762638
0.001214057151
0.001209505463
0.001205472625
0.001202243345
0.001199912407
0.001198699204
0.001198854779
0.00120036091
0.001203152185
0.001207507129
0.001213243895
0.00122013296
0.001228194283
0.001237230106
0.001247009154
0.001257297846
0.001267818956
0.001278185434
0.001287823783
0.001296007761
0.001301990974
0.001305266195
0.001305725611
0.001303483956
0.001298813152
0.001292022134
0.001283517837
0.001273817288
0.001263460428
0.001252976525
0.001242838321
0.001233442282
0.001225076444
0.001217913531
0.00121202202
0.001207384155
0.001203914157
0.001201472748
0.001199879616
0.001198926906
0.001198396742
0.001198081577
0.00119780295
0.0011974241
0.001196852998
0.001196036933
0.001194957547
0.001193650454
0.00119230052
0.001191347701
0.001190957956
0.001190885436
0.00119091017
0.001190895126
0.001190819976
0.001190774647
0.001190915411
0.001191409854
0.00119240142
0.001193988564
0.001196229476
0.001199101983
0.001202559402
0.001206542836
0.001210949299
0.001215636317
0.00122059321
0.001225806979
0.001231007659
0.001235930487
0.001240343428
0.00124406296
0.001246961324
0.001248968985
0.001250074965
0.001250326187
0.001249826245
0.00124873259
0.001247250416
0.001245620022
0.001244084597
0.001242846225
0.001242050968
0.001241847532
0.001242204551
0.001242595939
0.001242173213
0.001240139927
0.001236030809
0.001229854742
0.001222018937
0.00121312442
0.001203804285
0.001194683818
0.001186408961
0.001179645378
0.001175019167
0.001173021986
0.001173926854
0.001177777786
0.001184441338
0.001193634182
0.001204877353
0.001217743343
0.001231431813
0.001245348595
0.00126064536
0.001261588538
0.00130168168
0.001909206486
0.001905447664
0.001899410152
0.00189216464
0.001884012109
0.001875010529
0.001865100519
0.001854202785
0.001842275285
0.001829337143
0.001815463861
0.00180076368
0.001785349862
0.001769318988
0.001752738952
0.001735644641
0.001718048575
0.001699961812
0.001681264172
0.001661970157
0.001642101676
0.001621523438
0.001600288684
0.001578582427
0.001556416677
0.001533760321
0.001510764134
0.001487640375
0.001464578361
0.001441761639
0.001419469919
0.001397920283
0.001377436102
0.001358259267
0.001340674395
0.00132490691
0.001311089076
0.001299309875
0.001289548262
0.001281821368
0.001275880251
0.001271489046
0.001268427095
0.001266147278
0.001264109193
0.001262328125
0.001260392818
0.001257891132
0.001254971584
0.001251583323
0.001247927199
0.001244238225
0.001240764035
0.001237766216
0.001235518394
0.00123421241
0.001233872122
0.001234679361
0.001236942912
0.001240376695
0.001245252673
0.00125175558
0.00125959768
0.001268757998
0.001279127701
0.001290468543
0.001302501827
0.001314881004
0.00132712611
0.001338538841
0.00134820786
0.001355181299
0.001358751434
0.001358627988
0.001354956711
0.001348186419
0.001338922879
0.001327865719
0.001315730802
0.001303212819
0.001290916774
0.001279330845
0.001268809468
0.001259577521
0.001251748244
0.001245345059
0.001240322681
0.001236583507
0.001233989306
0.001232369514
0.001231530022
0.001231264982
0.001231372136
0.001231669206
0.00123200684
0.001232272263
0.001232379284
0.001232250712
0.001231819228
0.001231100522
0.001230311399
0.001229480061
0.001228354101
0.001226772391
0.001224720446
0.001222330668
0.001219830271
0.001217472247
0.001215479086
0.001214011353
0.001213157039
0.001212937745
0.001213314373
0.001214188813
0.001215513294
0.001217207274
0.001219180237
0.001221452852
0.001224056805
0.001226863824
0.001229748799
0.001232601129
0.001235329316
0.001237862198
0.001240150076
0.001242167408
0.001243916319
0.001245430539
0.001246776952
0.001248050881
0.00124936196
0.001250809891
0.001252439704
0.001254210472
0.001256040139
0.001257612875
0.001258254537
0.001257260379
0.001254168868
0.001248911606
0.001241811286
0.001233450784
0.001224505037
0.001215616732
0.001207337372
0.00120011365
0.001194289117
0.001190108005
0.001187718978
0.001187183155
0.001188492536
0.001191591348
0.001196376817
0.001202649059
0.0012103002
0.001218864028
0.001228255411
0.001238999521
0.00123995417
0.001271458195
0.001909342337
0.001905522747
0.001899559174
0.001892455684
0.001884491875
0.001875715696
0.001866071261
0.001855482389
0.001843905817
0.001831357523
0.001817909627
0.001803667257
0.001788741484
0.001773228569
0.001757199059
0.001740694645
0.001723730307
0.001706311555
0.001688334086
0.001669912762
0.001650896587
0.001631296163
0.001611299223
0.00159090065
0.001570046283
0.001548847251
0.001527467642
0.001506046785
0.001484733781
0.0014637276
0.001443205177
0.001423419815
0.001404644048
0.001386968794
0.001370731768
0.001356067932
0.001342968826
0.001331685394
0.001322101327
0.00131417957
0.001307829385
0.001302857719
0.001299035162
0.001295993728
0.00129333083
0.001291058614
0.001288803843
0.001286266409
0.001283578144
0.001280668097
0.00127766967
0.001274753744
0.001272106816
0.001269929067
0.001268428602
0.001267819403
0.00126823951
0.001269717735
0.001272410744
0.001276523378
0.001281944916
0.001288844822
0.001297421375
0.001307436254
0.001318821009
0.001331402724
0.001344892813
0.001358907949
0.001372905378
0.001386090224
0.001397384657
0.001405579191
0.001409675539
0.001409190132
0.001404285008
0.001395623113
0.001384144285
0.001370860246
0.001356712041
0.001342496571
0.001328833306
0.001316165775
0.00130478301
0.001294848826
0.001286430357
0.001279522956
0.001274069275
0.001269973025
0.001267107214
0.001265319201
0.00126443521
0.001264267809
0.001264626981
0.001265333072
0.001266227261
0.001267173731
0.001268048858
0.00126872
0.001269035188
0.001268873814
0.001268279878
0.001267186198
0.001265352266
0.001262675243
0.001259226257
0.001255227585
0.001250982975
0.001246799968
0.001242932801
0.001239554863
0.001236757608
0.00123455999
0.001232942217
0.001231806302
0.001231135201
0.001230878415
0.00123098377
0.001231481605
0.001232414588
0.001233722576
0.001235348746
0.001237243024
0.001239362579
0.001241670688
0.001244136211
0.001246736016
0.001249458664
0.001252308179
0.001255305219
0.001258480521
0.001261857911
0.001265423098
0.001269074854
0.001272626267
0.001275828099
0.001278165443
0.001278899891
0.001277423945
0.001273486021
0.001267280716
0.001259353506
0.001250407843
0.001241136391
0.001232131372
0.001223859342
0.001216665352
0.001210782163
0.001206340298
0.001203382834
0.001201888625
0.001201797693
0.001203030569
0.001205495747
0.001209060305
0.001213699598
0.001219084112
0.001225372253
0.001232694845
0.001233218076
0.001257029468
0.001909790579
0.001905917824
0.001899998666
0.001893010899
0.001885205717
0.001876621785
0.001867207265
0.001856890451
0.001845628121
0.001833433573
0.001820375144
0.001806553851
0.001792077332
0.00177704045
0.001761518725
0.00174555779
0.001729164418
0.001712321075
0.001695030082
0.001677327039
0.001659091076
0.001640475851
0.001621541435
0.001602217604
0.001582568045
0.001562722846
0.001542788769
0.001522879903
0.001503147389
0.001483741765
0.001464873582
0.001446683663
0.001429402189
0.001413183729
0.00139823007
0.001384573034
0.00137236073
0.001361625748
0.00135237431
0.001344611699
0.001338167916
0.001332918479
0.001328759334
0.00132535146
0.001322356331
0.001319827015
0.001317461729
0.001314953065
0.001312482079
0.001309965306
0.001307478108
0.00130515359
0.001303134808
0.001301581857
0.001300664705
0.001300554959
0.001301428563
0.001303387185
0.001306377832
0.001310897621
0.001316807003
0.001323970696
0.001332897193
0.001343451927
0.001355484321
0.001368879929
0.001383419028
0.001398716304
0.001414208671
0.001429047054
0.001442014822
0.001451621336
0.001456472988
0.001455796543
0.00144976244
0.001439351212
0.001425919763
0.00141080149
0.001395101177
0.001379645922
0.001365012242
0.001351575851
0.001339561197
0.001329082369
0.001320175005
0.001312819221
0.001306955962
0.001302497303
0.001299332349
0.001297329503
0.001296338006
0.001296191365
0.001296714501
0.001297733272
0.001299082406
0.00130060625
0.001302147195
0.001303523128
0.001304511106
0.001304881601
0.001304548069
0.001303370771
0.001301116699
0.001297723188
0.001293319468
0.001288185796
0.001282672321
0.001277118859
0.001271801609
0.001266910598
0.001262554008
0.001258770117
0.001255565161
0.001252875686
0.001250701754
0.001249022528
0.001247822602
0.001247130125
0.001246985055
0.001247360738
0.001248233059
0.001249579879
0.001251381271
0.001253618492
0.001256271744
0.001259321878
0.001262755357
0.001266561402
0.001270725621
0.001275227125
0.001280026925
0.001285035309
0.001290023815
0.001294707638
0.00129871008
0.001301345691
0.001301887537
0.001299867464
0.001295227076
0.001288343621
0.001279877162
0.001270565231
0.001261074446
0.00125193705
0.001243545678
0.001236171236
0.001229982365
0.001225061537
0.001221421574
0.001219026673
0.001217811885
0.001217696809
0.001218596429
0.001220402664
0.001223107903
0.00122644151
0.001230655737
0.00123561324
0.001235807931
0.001253832522
0.001910529052
0.001906588273
0.001900703512
0.001893811697
0.001886141031
0.001877718969
0.001868500167
0.001858420017
0.0018474369
0.00183556171
0.001822858416
0.001809422943
0.001795358234
0.00178075784
0.001765704237
0.001750225097
0.001734316816
0.001718026191
0.001701362565
0.001684295299
0.001666820997
0.001649061019
0.001631014635
0.001612680617
0.001594146749
0.001575507595
0.001556855438
0.00153830564
0.001519988127
0.001502056438
0.001484632992
0.00146790235
0.00145206152
0.001437133652
0.001423378354
0.001410763808
0.001399443442
0.001389459155
0.001380735019
0.001373233691
0.001366934362
0.001361715112
0.001357448235
0.001353884958
0.001350835951
0.001348262768
0.001345899956
0.001343523603
0.001341281873
0.001339094441
0.001337005123
0.00133512568
0.001333568221
0.001332461847
0.001331953128
0.001332191862
0.00133333527
0.001335525337
0.001338748705
0.001343284032
0.001349332854
0.001356768343
0.001365733849
0.001376389685
0.00138870153
0.001402469864
0.001417562226
0.00143365263
0.001450206472
0.001466386716
0.001480911178
0.001492027583
0.001497850328
0.001497155645
0.001490112766
0.001478144909
0.001463102835
0.001446605191
0.001429833624
0.001413578377
0.001398341262
0.001384425349
0.001371999142
0.001361140706
0.001351866971
0.001344153435
0.001337946625
0.001333171794
0.00132973641
0.001327530859
0.001326427653
0.001326281918
0.001326934722
0.001328219091
0.001329965526
0.001332001668
0.001334140586
0.00133615748
0.001337768451
0.001338662569
0.001338648705
0.001337520834
0.001335052227
0.00133120668
0.001326153384
0.001320212791
0.001313767613
0.001307182087
0.001300752442
0.001294689081
0.001289122786
0.001284119357
0.001279709515
0.001275873785
0.001272614358
0.001269943004
0.001267860487
0.001266392708
0.001265570323
0.00126538246
0.001265820309
0.001266874811
0.001268538144
0.001270801092
0.001273649503
0.001277064541
0.001281030439
0.001285526246
0.001290509159
0.00129591231
0.001301650852
0.00130757476
0.001313327291
0.001318662726
0.001322963974
0.001325474582
0.001325573035
0.001322940675
0.001317675229
0.001310281531
0.001301471628
0.00129196618
0.001282376952
0.001273170133
0.001264675579
0.001257111344
0.001250606962
0.001245221999
0.001240961989
0.001237795591
0.001235668064
0.001234511147
0.001234253391
0.001234806551
0.001236165829
0.001238099117
0.001240883964
0.001244222051
0.001244217325
0.001258065291
0.001911538315
0.00190751827
0.001901654981
0.001894842265
0.001887281366
0.001878991721
0.001869937076
0.001860061249
0.001849324904
0.001837736757
0.001825356045
0.001812272587
0.00179858437
0.001784381971
0.001769754581
0.001754681814
0.001739242011
0.001723457486
0.001707292588
0.001690795278
0.001674064458
0.001657085678
0.001639844507
0.001622405782
0.001604859763
0.001587289517
0.001569787264
0.00155245891
0.0015354258
0.001518798367
0.001502737503
0.001487338871
0.001472766611
0.00145910325
0.001446513021
0.001434939825
0.001424596856
0.001415291559
0.00140714337
0.001400131664
0.001394165868
0.001389167387
0.001385097142
0.001381665131
0.001378652777
0.001376028551
0.001373782908
0.00137161863
0.001369621655
0.001367740439
0.001365973501
0.001364424062
0.001363188824
0.001362375473
0.001362113591
0.001362540701
0.001363796498
0.001366032272
0.001369363499
0.001373864857
0.001379688141
0.001387046768
0.001395933525
0.001406315046
0.001418383886
0.001432034408
0.001447111453
0.00146338239
0.0014803993
0.001497411038
0.001513182114
0.001525800633
0.001532829154
0.001532360229
0.001524491306
0.001511234697
0.001494995007
0.001477603697
0.001460233064
0.00144358928
0.001428087695
0.001413965251
0.001401347848
0.001390290447
0.001380801902
0.001372860139
0.001366421613
0.001361426389
0.001357800304
0.001355454328
0.001354282618
0.001354160699
0.001354945762
0.001356479356
0.001358590349
0.001361093075
0.001363774824
0.001366372648
0.001368555873
0.001369957345
0.00137029033
0.001369288184
0.001366732508
0.00136260638
0.001357111204
0.00135060065
0.001343484952
0.001336149623
0.001328909465
0.001321994428
0.001315556867
0.001309687082
0.001304436245
0.001299818441
0.001295837992
0.001292525386
0.001289886607
0.00128794401
0.001286718494
0.001286206602
0.001286406448
0.001287313456
0.001288927176
0.001291243918
0.001294249872
0.001297930036
0.001302258119
0.001307192954
0.001312686449
0.001318646179
0.001324965183
0.001331340735
0.001337573417
0.001343065
0.001347170184
0.001349347242
0.001348871748
0.001345601706
0.00133977979
0.001332003452
0.0013229936
0.001313423656
0.001303837871
0.001294637881
0.001286101384
0.001278408495
0.001271664844
0.001265919475
0.001261178958
0.001257420716
0.001254602287
0.00125266951
0.00125156539
0.001251218515
0.001251624142
0.001252582209
0.001254365306
0.001256590114
0.001256503027
0.001267329396
0.00191277745
0.001908680426
0.00190283144
0.001896078849
0.001888604117
0.001880421586
0.001871503525
0.001861802677
0.00185128287
0.001839951107
0.001827861686
0.001815098277
0.001801754447
0.001787914785
0.001773652221
0.001758954612
0.001743955156
0.001728583477
0.001712895526
0.001697001101
0.001680890584
0.001664542292
0.001648018264
0.001631396451
0.001614746316
0.001598145111
0.001581683255
0.001565461019
0.001549581242
0.001534163841
0.001519298806
0.001505125338
0.001491786777
0.001479269493
0.001467767151
0.001457203822
0.001447685438
0.001439205153
0.001431783399
0.001425342803
0.001419867902
0.001415272292
0.001411493301
0.001408276681
0.001405531714
0.001403139135
0.001401061162
0.001399130575
0.001397321385
0.00139568607
0.001394179872
0.001392868638
0.001391837659
0.001391183539
0.00139102502
0.001391491769
0.001392715217
0.001394831217
0.001397988104
0.001402306834
0.001407825567
0.001414704313
0.00142315795
0.001433103506
0.001444532919
0.001457630522
0.001472182641
0.001488010023
0.001504793505
0.001521923314
0.001538325385
0.001552125325
0.001560449755
0.001560496079
0.001552114674
0.001538007346
0.001521126538
0.001503408139
0.001485942274
0.001469330685
0.001453908779
0.001439862667
0.001427290446
0.001416236001
0.00140670826
0.001398692799
0.001392158398
0.001387060606
0.001383342656
0.001380934453
0.001379749756
0.001379682979
0.001380607155
0.001382373886
0.001384813409
0.001387730683
0.001390892997
0.001394009264
0.001396715192
0.001398596544
0.001399283167
0.001398457297
0.001395903576
0.001391620724
0.001385840144
0.00137894774
0.00137138029
0.001363542942
0.001355766139
0.001348295147
0.001341298131
0.001334882498
0.001329112436
0.001324023855
0.001319620415
0.001315940935
0.001312990466
0.001310787991
0.001309344752
0.001308660278
0.001308735506
0.001309569538
0.001311160466
0.001313507526
0.001316604694
0.001320432285
0.001324949889
0.001330117158
0.00133587933
0.001342124451
0.001348686739
0.001355235094
0.001361505399
0.001366774353
0.001370482131
0.001372050413
0.001370934007
0.001367058099
0.001360798168
0.001352790919
0.001343727807
0.001334218492
0.001324739561
0.001315636554
0.00130714647
0.001299422879
0.001292556823
0.001286592858
0.001281540934
0.00127738667
0.001274097954
0.001271632525
0.001269944853
0.001268976853
0.001268723215
0.00126901232
0.001270098988
0.001271562818
0.001271472157
0.001280105478
0.001914238888
0.001910061268
0.001904211726
0.001897499331
0.001890088822
0.00188198974
0.001873182501
0.001863629167
0.001853297511
0.001842193147
0.001830365575
0.001817892311
0.001804868308
0.001791352467
0.001777394794
0.001763057307
0.001748428553
0.00173344368
0.001718243622
0.00170285085
0.001687247501
0.00167148307
0.001655630742
0.001639748893
0.001623902024
0.001608170635
0.001592644299
0.00157741572
0.001562585327
0.001548240703
0.001534508232
0.001521456625
0.001509203853
0.0014977974
0.001487343904
0.001477742574
0.001469172463
0.001461507583
0.001454818151
0.001449052579
0.001444142942
0.001440023954
0.001436659663
0.001433859398
0.001431456295
0.001429346386
0.001427529472
0.001425851425
0.001424250962
0.001422827795
0.001421519042
0.001420361213
0.001419429487
0.00141881577
0.001418632079
0.001419002444
0.001420054725
0.001421918721
0.001424729388
0.001428631015
0.001433723586
0.00144006476
0.001447753073
0.001456979107
0.001467542937
0.001479658177
0.001493219575
0.001508027314
0.001523852131
0.001540231989
0.001556297546
0.001570408292
0.001579636609
0.001580451107
0.001572209027
0.001558059145
0.001541330935
0.001523962059
0.001506944093
0.001490795531
0.001475799679
0.001462114977
0.001449828719
0.001438984842
0.001429599484
0.001421669728
0.001415178554
0.00141009708
0.001406385139
0.001403989961
0.001402843388
0.00140285759
0.001403921191
0.001405896988
0.001408619778
0.00141189083
0.001415465542
0.001419034233
0.001422207376
0.001424531125
0.001425566206
0.001424948709
0.001422459684
0.001418112771
0.001412170915
0.001405053991
0.001397225209
0.00138910663
0.001381039284
0.001373276705
0.001365994981
0.001359309737
0.001353290232
0.00134798394
0.001343390893
0.00133955244
0.001336467606
0.001334153046
0.001332612691
0.001331845187
0.001331851709
0.001332635454
0.001334194295
0.00133652497
0.001339623022
0.001343468577
0.001348031058
0.001353263072
0.001359069418
0.001365319374
0.00137181244
0.00137822093
0.001384136356
0.001389042875
0.001392277439
0.001393175053
0.001391377492
0.001386962743
0.001380380327
0.001372269038
0.001363271171
0.001353928739
0.001344655677
0.001335749211
0.001327413138
0.001319780463
0.001312931598
0.001306907995
0.001301721938
0.001297364615
0.001293811376
0.001291028583
0.00128897879
0.001287613686
0.001286927945
0.001286774423
0.001287385628
0.001288333385
0.001288284597
0.001295297892
0.001915889513
0.001911629799
0.001905770582
0.001899081313
0.001891714227
0.001883675581
0.001874954347
0.001865522499
0.001855352157
0.001844447648
0.001832853056
0.001820642424
0.001807903071
0.001794653042
0.001780991753
0.001767001162
0.001752684848
0.00173808377
0.001723294298
0.001708323957
0.00169319757
0.00167797674
0.001662722866
0.001647495929
0.001632367395
0.00161741881
0.00160273581
0.001588407443
0.001574521223
0.001561175584
0.001548439726
0.001536421653
0.001525227808
0.001514829538
0.001505361923
0.001496739992
0.001489034502
0.001482234206
0.001476334192
0.001471265843
0.001467014134
0.001463502716
0.001460663858
0.001458318979
0.001456353796
0.001454612283
0.001453090629
0.001451711906
0.001450361921
0.001449125115
0.00144795526
0.001446875341
0.001445951693
0.001445272924
0.00144494766
0.001445097031
0.001445847518
0.001447327867
0.00144966725
0.001452996172
0.001457438329
0.001463063744
0.001469853149
0.00147809427
0.001487658926
0.001498522854
0.001510692176
0.001524054485
0.001538347372
0.001553188764
0.001567853332
0.001580965915
0.001589980538
0.001591238054
0.001584359012
0.001571374954
0.001555804668
0.001539540664
0.001523533107
0.001508276199
0.001494043612
0.001480994331
0.001469222708
0.00145878405
0.00144970834
0.001442008166
0.001435682806
0.001430719949
0.001427095661
0.001424773439
0.001423701966
0.001423810488
0.001425003217
0.001427155488
0.001430109509
0.001433667592
0.001437580286
0.001441527791
0.001445103279
0.001447821678
0.001449187269
0.001448792772
0.001446410806
0.001442071064
0.00143607112
0.001428866685
0.00142094576
0.00141274247
0.001404601374
0.001396776072
0.001389442097
0.001382715177
0.001376663393
0.001371335485
0.001366729032
0.001362882838
0.001359788071
0.0013574574
0.001355890198
0.00135508351
0.001355038295
0.001355758545
0.00135724676
0.001359498057
0.001362504804
0.001366254126
0.001370712022
0.00137581187
0.001381451387
0.001387484153
0.001393694697
0.001399774513
0.001405276385
0.001409627572
0.001412174264
0.001412360459
0.001409947972
0.00140511092
0.001398341611
0.001390257586
0.001381442542
0.001372372883
0.001363406777
0.00135480036
0.001346729901
0.001339311584
0.001332616806
0.001326683598
0.001321524705
0.001317134313
0.001313492321
0.001310570581
0.001308336657
0.001306749453
0.001305803444
0.001305372869
0.001305667163
0.001306266252
0.001306281524
0.001312058437
0.001917720312
0.001913371236
0.001907486891
0.001900802957
0.001893458618
0.001885457579
0.00187679831
0.001867463136
0.001857428823
0.001846697947
0.001835311436
0.001823335989
0.001810829516
0.001797828582
0.001784451117
0.001770718008
0.001756696184
0.00174247129
0.001728055201
0.001713469891
0.001698773652
0.001684032201
0.0016693081
0.001654668211
0.001640186914
0.001625943793
0.001612021844
0.001598504985
0.001585481056
0.001573023045
0.00156123343
0.001550165769
0.001539906625
0.00153048378
0.001521965005
0.001514246521
0.001507462265
0.001501494413
0.00149639009
0.001492099931
0.001488562342
0.001485707128
0.001483470076
0.001481700111
0.001480212293
0.001478886427
0.001477758742
0.001476686291
0.001475579651
0.00147451445
0.001473444633
0.001472384064
0.001471392496
0.001470557852
0.001469989219
0.001469808661
0.001470143855
0.001471124258
0.00147287786
0.001475527706
0.001479188542
0.001483946187
0.00148979424
0.001496851483
0.001505188805
0.00151473827
0.001525331821
0.001536980132
0.001549379389
0.001562161586
0.001574677534
0.001585757488
0.001593411083
0.001595067519
0.001589639515
0.001578874164
0.001565365749
0.001550870771
0.001536355384
0.001522348895
0.00150915657
0.001496964144
0.001485889477
0.001476009255
0.001467373457
0.001460013326
0.001453946098
0.001449176997
0.001445698657
0.00144348976
0.001442514417
0.001442717755
0.001444019138
0.001446307153
0.001449434119
0.001453207805
0.001457380092
0.001461628605
0.001465537029
0.001468597722
0.001470270057
0.001470105562
0.001467863536
0.001463590979
0.00145762305
0.001450452045
0.001442587432
0.00143446906
0.00142643758
0.00141873889
0.001411540828
0.001404952239
0.001399036497
0.001393833662
0.001389347559
0.001385596423
0.001382571391
0.001380283021
0.001378724934
0.001377893042
0.001377788973
0.001378417087
0.001379780918
0.001381880565
0.001384709039
0.001388246384
0.001392456
0.001397275112
0.001402600409
0.001408273957
0.001414064527
0.001419643175
0.001424561335
0.001428251236
0.001430090313
0.001429605828
0.001426669379
0.001421534016
0.001414707448
0.001406768598
0.001398239247
0.001389535173
0.001380965963
0.001372752822
0.001365048639
0.001357954833
0.001351534156
0.001345820208
0.001340824252
0.001336540979
0.001332952179
0.001330032446
0.001327751938
0.001326074665
0.001324994456
0.001324403834
0.001324489833
0.001324849881
0.001324930673
0.001329724613
0.001919701816
0.001915258642
0.001909337357
0.001902640859
0.001895298359
0.001887312204
0.001878691408
0.001869429276
0.001859506676
0.001848926069
0.001837723397
0.001825948295
0.001813630751
0.001800884658
0.0017877294
0.001774255242
0.001760542807
0.001746615012
0.001732497653
0.001718254035
0.001703948344
0.001689640816
0.001675396442
0.001661286912
0.001647388254
0.001633779877
0.001620543327
0.001607761416
0.001595512681
0.00158388136
0.001572925209
0.001562732176
0.001553384447
0.001544850869
0.001537219128
0.001530411479
0.001524466818
0.001519364793
0.001515091102
0.001511581283
0.001508806557
0.001506684834
0.00150512567
0.001503949838
0.00150303747
0.001502226341
0.00150149628
0.001500757724
0.001499909909
0.001499009117
0.001498012112
0.001496920516
0.001495792574
0.001494720008
0.001493816751
0.00149320964
0.00149303101
0.001493413498
0.001494485995
0.00149636838
0.001499166298
0.001502966712
0.001507812095
0.001513708593
0.001520677924
0.001528735522
0.0015377171
0.001547526028
0.001557914713
0.001568480093
0.001578628924
0.001587390347
0.001593313481
0.001594732466
0.001590834543
0.001582481669
0.00157138136
0.00155898492
0.001546231699
0.001533690681
0.001521711794
0.001510518868
0.001500261128
0.001491041699
0.001482933633
0.001475988595
0.001470241895
0.001465715915
0.001462419688
0.001460347283
0.001459477582
0.001459768615
0.001461152418
0.001463532241
0.001466773595
0.001470692827
0.001475048847
0.001479523996
0.001483698375
0.001487049737
0.001489005061
0.001489075165
0.00148699972
0.001482845718
0.001476987799
0.001469954163
0.001462271152
0.001454377746
0.00144660386
0.001439181529
0.001432265333
0.001425952522
0.001420297563
0.001415329873
0.001411052526
0.001407467199
0.001404568458
0.001402354513
0.001400819595
0.001399958839
0.001399774623
0.001400272779
0.001401459214
0.001403336421
0.001405899021
0.00140912969
0.001412992336
0.001417421378
0.001422310468
0.001427498449
0.001432749392
0.001437731274
0.001442001603
0.001445002161
0.001446151569
0.001445062194
0.001441708542
0.001436396654
0.001429626723
0.001421929709
0.001413767404
0.001405501679
0.001397400442
0.001389655135
0.001382398291
0.001375717784
0.001369667547
0.0013642756
0.001359549864
0.001355483319
0.001352057241
0.001349246566
0.001347021982
0.001345350816
0.001344225241
0.00134355313
0.001343501643
0.001343689128
0.001343818024
0.001347796012
0.001921824927
0.001917278847
0.00191130205
0.001904571888
0.001897208678
0.00188921433
0.001880609232
0.001871397364
0.00186156457
0.001851111171
0.001840057514
0.00182844314
0.00181631751
0.001803779461
0.00179084387
0.001777624811
0.001764154716
0.001750469287
0.001736631101
0.001722705473
0.001708750585
0.001694829245
0.001681012658
0.001667376414
0.001653998345
0.001640958361
0.001628337554
0.001616215599
0.001604672469
0.001593773597
0.001583605732
0.00157421658
0.001565672495
0.001557992491
0.001551215712
0.001545244551
0.001540174958
0.00153590141
0.001532449023
0.001529767667
0.001527793444
0.001526439452
0.001525608553
0.001525141996
0.0015248461
0.001524579603
0.00152433924
0.001523965518
0.001523391449
0.001522648077
0.00152169461
0.001520525604
0.001519199104
0.001517814152
0.001516493796
0.001515374362
0.001514596739
0.001514300297
0.001514617403
0.001515668045
0.001517552943
0.001520348851
0.001524106498
0.001528837382
0.001534507594
0.001541056606
0.001548450204
0.001556448068
0.001564875748
0.001573321782
0.001581255278
0.001587908986
0.001592268508
0.001593292214
0.001590437024
0.001584069928
0.00157519618
0.001564876975
0.001553931743
0.001542923188
0.001532227855
0.00152210144
0.001512722625
0.001504220373
0.001496690223
0.001490203967
0.001484814946
0.001480561515
0.001477467082
0.001475540661
0.001474775382
0.001475140435
0.001476581459
0.001479017805
0.001482325193
0.001486329625
0.001490803515
0.00149543548
0.001499808521
0.001503241331
0.00150561652
0.001505926584
0.001504043787
0.001500053952
0.001494372071
0.001487561136
0.001480159948
0.001472600955
0.001465198175
0.001458165403
0.001451640163
0.001445704832
0.001440401794
0.001435748849
0.00143174269
0.001428374576
0.001425633522
0.001423511027
0.001422000802
0.0014210981
0.00142080678
0.001421135495
0.001422093792
0.0014236879
0.001425916358
0.00142876485
0.001432199269
0.001436155984
0.001440530085
0.001445160408
0.001449810904
0.001454152368
0.001457753203
0.001460079858
0.001460590312
0.001458977651
0.001455313919
0.001449931183
0.001443306669
0.001435920836
0.001428180739
0.001420401758
0.001412816484
0.001405590931
0.001398839619
0.001392637688
0.001387029882
0.001382037467
0.001377663281
0.001373896454
0.001370715424
0.001368093184
0.001365999113
0.001364401838
0.001363291003
0.001362587551
0.001362440442
0.001362492581
0.001362640223
0.001365913993
0.00192406522
0.001919407571
0.001913357891
0.001906570955
0.001899162873
0.001891136916
0.001882524999
0.001873342522
0.001863578314
0.001853221723
0.001842292039
0.001830828056
0.00181887952
0.001806509132
0.001793778508
0.001780762648
0.001767500414
0.001754046817
0.001740465549
0.001726818829
0.001713170466
0.001699590748
0.001686154966
0.001672940699
0.001660027269
0.001647495354
0.001635425538
0.00162389726
0.001612984265
0.001602762866
0.001593286412
0.001584631055
0.001576864626
0.001569961387
0.001563973662
0.001558836942
0.001554564688
0.001551132264
0.001548518197
0.001546660923
0.00154551683
0.001544988123
0.001544954888
0.0015452147
0.001545624149
0.001545990418
0.001546260404
0.001546309069
0.001546063624
0.00154548876
0.001544557758
0.001543270952
0.001541688993
0.001539920959
0.001538104808
0.001536392203
0.001534938182
0.001533892655
0.001533394988
0.001533567317
0.001534508891
0.001536289634
0.001538949833
0.001542498668
0.001546898078
0.001552033609
0.001557893549
0.001564251037
0.001570881684
0.001577446818
0.001583478174
0.001588391297
0.001591486697
0.001592101014
0.001589871739
0.001584939051
0.001577868727
0.001569376707
0.00156011111
0.001550576774
0.00154114487
0.001532085165
0.001523596281
0.001515827588
0.001508893834
0.001502884434
0.001497869397
0.001493901626
0.001491018114
0.001489241244
0.00148857332
0.001488995816
0.001490473409
0.001492936452
0.001496265459
0.001500305497
0.001504841937
0.001509567406
0.001514084926
0.001517884399
0.001520353769
0.001520915995
0.001519252929
0.001515465511
0.001510011134
0.001503487259
0.001496441727
0.001489296279
0.001482345656
0.001475782815
0.001469726027
0.001464240681
0.0014593549
0.001455073181
0.0014513834
0.001448265412
0.001445702385
0.001443678877
0.001442188541
0.001441227648
0.001440802689
0.001440926589
0.001441613948
0.001442876832
0.001444719582
0.001447133183
0.001450087762
0.001453523625
0.001457339227
0.001461376802
0.001465404742
0.001469102777
0.001472052035
0.001473762119
0.001473698311
0.001471643214
0.001467762015
0.001462386523
0.001455964478
0.001448928696
0.001441638583
0.001434370078
0.001427325986
0.001420650331
0.001414441523
0.001408762389
0.001403648059
0.001399111753
0.001395149501
0.001391744428
0.001388869842
0.001386494545
0.00138458464
0.001383108225
0.001382051494
0.001381346526
0.001381125485
0.001381059697
0.00138119024
0.001383835009
0.001926414017
0.001921631582
0.001915483077
0.001908611471
0.001901132051
0.001893050337
0.001884410618
0.001875237257
0.001865512517
0.00185522728
0.001844407298
0.001833072084
0.001821263732
0.00180906058
0.001796521887
0.001783686185
0.001770608643
0.001757355348
0.001743992347
0.001730586034
0.001717206832
0.001703929046
0.001690830024
0.001677989029
0.001665487139
0.001653405842
0.001641825991
0.001630825209
0.001620479969
0.001610852976
0.001602022208
0.001594035835
0.001586948728
0.001580778666
0.001575545512
0.001571165947
0.001567703996
0.001565071707
0.001563275722
0.001562267284
0.001561978876
0.001562304694
0.001563111087
0.001564212656
0.001565387487
0.001566448753
0.001567337098
0.001567856379
0.001567960658
0.001567575376
0.001566662327
0.00156522549
0.001563333288
0.001561110765
0.00155871883
0.001556332696
0.001554128378
0.001552271225
0.001550910897
0.001550173557
0.001550158112
0.001550929638
0.00155251987
0.001554926225
0.001558108786
0.001561960058
0.001566390453
0.001571252218
0.001576308816
0.001581276348
0.001585744286
0.001589273065
0.001591376169
0.001591614365
0.00158973814
0.001585788859
0.00158008272
0.001573084427
0.001565274652
0.00155707267
0.001548816948
0.001540771479
0.001533142191
0.001526090496
0.001519745375
0.001514210281
0.001509568974
0.001505886756
0.001503213822
0.00150158349
0.001501008233
0.001501481675
0.001502975944
0.001505431583
0.001508751629
0.001512791814
0.001517342875
0.001522123681
0.001526759681
0.001530746963
0.001533462008
0.001534288078
0.001532869602
0.001529315427
0.001524125934
0.001517933206
0.00151129232
0.001504612283
0.001498167185
0.001492128201
0.001486593272
0.00148160937
0.001477188468
0.001473319932
0.001469980045
0.001467136512
0.001464765256
0.001462844248
0.001461367126
0.001460331966
0.001459749436
0.001459638668
0.001460021443
0.001460917611
0.001462339108
0.001464284573
0.001466731126
0.0014696257
0.0014728723
0.001476318489
0.001479739166
0.001482824129
0.001485168371
0.001486358821
0.00148575511
0.001483338869
0.001479310243
0.001473989783
0.001467796667
0.00146112217
0.00145428552
0.001447529692
0.001441032287
0.001434918213
0.001429271149
0.001424141896
0.00141955531
0.001415515316
0.001412009329
0.001409012372
0.001406490247
0.00140440526
0.001402717994
0.001401394151
0.001400415755
0.001399724469
0.001399436849
0.001399255912
0.001399330741
0.001401398232
0.001928851856
0.00192392748
0.0019176511
0.001910663011
0.001903083567
0.00189492253
0.001886234538
0.001877043474
0.001867336661
0.00185712021
0.001846380359
0.001835155715
0.001823478566
0.001811424658
0.001799027646
0.001786338277
0.001773423128
0.001760348241
0.001747179287
0.001733986968
0.001720845785
0.001707833644
0.001695029989
0.001682516775
0.001670376381
0.001658691649
0.001647543159
0.001637009545
0.001627163151
0.001618076736
0.001609804826
0.001602417166
0.00159597551
0.00159046437
0.001585912093
0.001582273365
0.001579544322
0.001577701795
0.001576721584
0.00157654855
0.001577128019
0.001578351769
0.001580066239
0.001582041022
0.001584087505
0.001585970678
0.001587539329
0.001588625494
0.001589141832
0.001588982115
0.001588090216
0.001586471395
0.001584207148
0.001581449646
0.001578392359
0.001575246379
0.001572215148
0.001569487237
0.001567223395
0.001565557376
0.001564585365
0.0015643701
0.001564933632
0.001566265768
0.001568319097
0.00157100786
0.001574206455
0.001577748296
0.001581453343
0.001585066316
0.001588256682
0.001590684524
0.001591999143
0.001591899419
0.001590204471
0.001586914454
0.001582204837
0.00157637484
0.001569766996
0.001562713432
0.001555503972
0.001548383203
0.001541551444
0.00153517478
0.001529389462
0.001524309679
0.001520029027
0.001516624344
0.001514155095
0.001512664213
0.001512175867
0.001512693333
0.001514195476
0.001516633686
0.001519923835
0.001523934686
0.001528478929
0.001533297522
0.001538032881
0.001542198263
0.001545170983
0.001546292292
0.001545149314
0.001541846965
0.001536936406
0.001531091334
0.001524876234
0.00151868751
0.001512777789
0.001507296007
0.001502318644
0.001497872905
0.001493952336
0.001490529145
0.001487565172
0.001485014787
0.001482844737
0.00148102616
0.00147955307
0.001478425836
0.001477662339
0.001477290105
0.001477341402
0.001477845339
0.001478824344
0.00148028596
0.00148221772
0.001484574432
0.001487268847
0.001490154458
0.001493014492
0.001495543295
0.001497353189
0.001498198126
0.001496993745
0.001494300008
0.001490166342
0.001484919385
0.00147895532
0.001472631272
0.001466233035
0.001459976404
0.001454017004
0.001448463302
0.001443384728
0.001438820534
0.001434784117
0.001431269142
0.001428252313
0.001425698604
0.001423563748
0.001421800925
0.001420362885
0.00141921069
0.001418321863
0.00141764599
0.001417287004
0.001416981028
0.001416957389
0.001418480111
0.00193137033
0.001926279016
0.001919833097
0.001912690121
0.001904980294
0.001896716631
0.001887953996
0.001878726509
0.001869033043
0.001858863736
0.001848187892
0.001837056641
0.001825499214
0.001813560439
0.00180128406
0.001788728572
0.001775957213
0.00176303518
0.001750032092
0.001737023127
0.001724086492
0.001711302754
0.001698753969
0.001686523942
0.001674696556
0.001663355428
0.001652581716
0.001642453558
0.001633046089
0.001624423709
0.001616659551
0.001609807165
0.001603916024
0.001599007912
0.001595092981
0.001592109462
0.001590098228
0.00158899362
0.001588791589
0.001589449973
0.00159090527
0.001593041945
0.001595696311
0.001598655403
0.001601655045
0.001604453213
0.00160686176
0.001608639948
0.001609660758
0.001609782878
0.001608922695
0.001607085557
0.001604374926
0.001600983756
0.001597155884
0.001593150715
0.001589211002
0.001585552119
0.001582350549
0.001579744967
0.00157783028
0.001576662959
0.001576258021
0.001576596274
0.001577622473
0.001579251473
0.001581361168
0.001583773501
0.001586342919
0.001588836619
0.001590998214
0.001592548776
0.001593234116
0.001592836421
0.00159121977
0.001588365659
0.001584371781
0.001579430113
0.001573781909
0.001567681773
0.001561369501
0.001555061259
0.001548944577
0.001543182289
0.001537913349
0.0015332576
0.001529316279
0.00152617476
0.001523900022
0.001522542934
0.001522136686
0.001522693174
0.001524199424
0.001526616513
0.001529873012
0.001533853977
0.001538387834
0.001543232451
0.001548057421
0.001552410148
0.001555676786
0.001557148414
0.001556324532
0.001553289192
0.001548656453
0.001543155012
0.001537364991
0.001531671732
0.001526307078
0.001521397328
0.001516997176
0.001513112364
0.001509715862
0.001506759936
0.001504188876
0.001501941724
0.00149997366
0.001498248858
0.001496761522
0.001495516993
0.00149454274
0.001493879115
0.001493571709
0.001493662436
0.001494185344
0.001495160079
0.001496586186
0.001498430331
0.00150061445
0.001502999896
0.001505373344
0.00150742794
0.001508781487
0.001509134936
0.001507603885
0.001504686367
0.001500465632
0.001495288459
0.001489535635
0.001483537359
0.001477552367
0.001471772879
0.001466335972
0.001461334439
0.001456824813
0.001452833729
0.001449362878
0.001446393461
0.00144389013
0.001441805033
0.001440081598
0.001438660823
0.001437484848
0.001436508141
0.001435702772
0.001435027281
0.001434573955
0.001434118326
0.001433943405
0.001434934069
0.001933954336
0.001928658224
0.001921990486
0.001914648919
0.00190677942
0.001898386472
0.001889535639
0.001880267111
0.001870570551
0.001860427408
0.001849804108
0.001838754415
0.001827296296
0.001815456494
0.001803285222
0.001790840698
0.001778186934
0.001765390987
0.001752527594
0.001739673633
0.001726910787
0.001714320576
0.001701988454
0.001689998589
0.001678437417
0.001667388122
0.001656933635
0.001647152044
0.001638117584
0.001629902108
0.001622564085
0.001616171981
0.001610784314
0.001606401314
0.001603035858
0.001600668052
0.001599285108
0.001598874218
0.001599415434
0.001600866168
0.001603175055
0.001606234676
0.001609874564
0.001613845476
0.001617916426
0.001621791008
0.001625191247
0.001627842361
0.001629520189
0.001630020729
0.001629226001
0.001627133522
0.001623883841
0.001619731297
0.001615003063
0.001610021868
0.001605087207
0.001600438508
0.001596274244
0.001592728301
0.001589898506
0.001587825396
0.001586522654
0.001585954655
0.00158606622
0.00158675976
0.001587923123
0.001589388661
0.00159100672
0.001592573188
0.001593912226
0.001594763718
0.001594944448
0.001594285347
0.001592684682
0.001590110546
0.001586621435
0.001582336697
0.001577430736
0.00157209251
0.001566520504
0.00156089759
0.001555397741
0.001550173049
0.001545363709
0.001541089504
0.001537458337
0.001534559239
0.001532467597
0.001531239903
0.001530916316
0.00153151403
0.001533027833
0.001535427987
0.001538655235
0.00154261111
0.001547141839
0.001552021439
0.001556945755
0.001561511421
0.001565133431
0.001567048405
0.001566615641
0.001563859388
0.001559486023
0.001554304259
0.001548920533
0.001543711198
0.001538887445
0.00153455169
0.001530735852
0.001527421992
0.001524559743
0.00152207777
0.001519898539
0.001517943227
0.001516153083
0.001514486943
0.00151294023
0.001511528696
0.001510292515
0.001509292522
0.001508591005
0.001508248189
0.001508308718
0.001508808043
0.001509757303
0.001511141129
0.001512889147
0.001514870245
0.001516863484
0.001518559504
0.001519562221
0.001519455418
0.001517719544
0.001514590138
0.001510272133
0.001505139263
0.00149956549
0.00149386007
0.001488259527
0.001482934251
0.001478005144
0.001473548859
0.001469609696
0.001466199602
0.001463307601
0.001460899544
0.001458926164
0.001457323943
0.001456021337
0.001454944395
0.001454020909
0.001453197631
0.001452440089
0.001451720211
0.0014511219
0.00145046841
0.001450073323
0.00145052148
0.001936594792
0.00193103451
0.001924071465
0.001916483747
0.001908421673
0.001899888933
0.001890940613
0.001881622026
0.001871912227
0.001861781136
0.001851209703
0.001840226097
0.001828838696
0.001817079144
0.001804996031
0.001792645735
0.00178009117
0.00176740273
0.001754656519
0.001741932703
0.001729313938
0.001716885126
0.001704732451
0.001692942706
0.001681602301
0.001670796216
0.001660607244
0.001651114133
0.001642393712
0.001634512191
0.001627542704
0.001621542759
0.001616564538
0.0016126327
0.00160975667
0.00160790095
0.00160709167
0.001607292043
0.001608496856
0.001610681095
0.001613795687
0.001617736548
0.00162233818
0.001627379935
0.001632582431
0.001637660169
0.001642272051
0.001646025137
0.001648588482
0.001649638431
0.001648977582
0.001646589765
0.001642670468
0.001637589779
0.001631794642
0.001625711118
0.001619693914
0.001614017679
0.001608881992
0.001604422534
0.001600719824
0.001597809406
0.001595686559
0.001594312605
0.001593617681
0.00159350613
0.001593859945
0.001594536903
0.001595381481
0.001596201591
0.001596869064
0.001597164915
0.001596933224
0.001596049633
0.00159442453
0.001592026301
0.001588882354
0.001585073383
0.001580720653
0.001575971101
0.001570982974
0.00156591584
0.001560923942
0.001556152614
0.001551736104
0.001547796188
0.001544441396
0.001541765466
0.001539846861
0.001538747952
0.001538514602
0.001539168376
0.001540706248
0.001543105227
0.001546320123
0.001550269634
0.001554812502
0.001559730255
0.001564760174
0.001569581489
0.001573677332
0.001576214219
0.001576316425
0.001573859187
0.00156970982
0.001564803326
0.00155979149
0.001555044961
0.001550749589
0.001546981368
0.001543745
0.001540995693
0.001538654122
0.001536620518
0.001534789861
0.001533061893
0.001531364043
0.001529653013
0.001527934094
0.001526241064
0.00152464004
0.001523217713
0.001522063846
0.001521255533
0.001520852792
0.001520900948
0.001521430334
0.001522440364
0.001523873441
0.001525590826
0.001527364275
0.001528863695
0.001529663551
0.001529266496
0.001527321992
0.001523972784
0.001519525972
0.001514398259
0.00150896714
0.001503526466
0.001498290132
0.00149340948
0.001488985862
0.001485081716
0.001481724376
0.001478911659
0.00147661401
0.00147478105
0.001473343644
0.001472220649
0.001471320942
0.001470552816
0.001469826829
0.001469079378
0.001468274668
0.001467403801
0.001466555318
0.001465614077
0.001464894743
0.001464775899
0.001939278145
0.001933353273
0.001926003983
0.001918126777
0.001909857383
0.001901172394
0.001892129971
0.001882759333
0.001873028029
0.001862904759
0.001852375122
0.00184143638
0.001830104632
0.001818411531
0.001806398722
0.001794122317
0.001781645106
0.001769041193
0.001756386913
0.001743766101
0.001731261586
0.001718962006
0.001706953112
0.001695324863
0.001684162479
0.00167355374
0.001663579631
0.00165432216
0.001645854786
0.00163825103
0.001631572018
0.001625887664
0.001621253777
0.001617688619
0.001615196176
0.001613777668
0.001613425996
0.001614138152
0.001615909315
0.001618717195
0.001622528677
0.001627260275
0.001632751528
0.001638782819
0.001645138245
0.00165148953
0.001657472924
0.001662611092
0.001666379247
0.001668266564
0.001667880767
0.001665155324
0.001660392903
0.001654177281
0.001647141668
0.001639848957
0.001632705403
0.001626012336
0.001619950546
0.001614648864
0.001610158404
0.001606508977
0.001603671101
0.001601605517
0.001600223775
0.001599436303
0.001599114145
0.001599134081
0.00159934131
0.001599570807
0.00159969581
0.001599557187
0.001598996939
0.001597921792
0.001596247761
0.001593947489
0.001591024615
0.001587539561
0.001583574584
0.001579250536
0.001574692965
0.001570046001
0.001565445418
0.001561032636
0.00155693443
0.001553275331
0.001550162161
0.001547693187
0.001545947498
0.001544992788
0.001544873586
0.001545613693
0.001547217205
0.001549669523
0.001552927266
0.0015569113
0.001561485425
0.001566465174
0.00157166502
0.001576838511
0.001581546116
0.001584972613
0.001585915299
0.001583684667
0.001579698378
0.001574990333
0.001570315871
0.0015660351
0.001562290934
0.001559118386
0.001556482113
0.001554297373
0.00155244179
0.001550775284
0.001549156703
0.001547461115
0.001545611695
0.001543582898
0.001541414556
0.001539181746
0.001536998934
0.001534993611
0.001533294283
0.00153199598
0.001531168299
0.001530852469
0.001531090882
0.00153189649
0.001533223273
0.00153491042
0.001536710924
0.001538258342
0.001539068565
0.001538515684
0.001536309363
0.001532642995
0.001527964082
0.001522760806
0.001517418227
0.001512213012
0.001507332461
0.001502906683
0.001499014519
0.001495702496
0.001492977634
0.001490818727
0.001489168741
0.001487950823
0.001487064139
0.001486400018
0.001485841202
0.001485276304
0.001484598632
0.001483736667
0.001482664762
0.001481424687
0.001480121826
0.001478753296
0.001477564944
0.001476886507
0.001941977856
0.001935517
0.001927681687
0.00191948851
0.001911018393
0.001902197802
0.001893067118
0.001883643247
0.001873888629
0.001863771298
0.001853263874
0.001842355796
0.001831063033
0.00181941234
0.001807445771
0.001795217837
0.001782795313
0.001770251651
0.001757667466
0.001745125918
0.001732714417
0.001720520466
0.00170863385
0.001697142576
0.00168613524
0.001675696843
0.001665911055
0.001656856891
0.00164861056
0.001641240427
0.001634815623
0.001629400159
0.00162504171
0.001621773718
0.001619595575
0.001618510581
0.001618522791
0.001619626417
0.001621821737
0.001625103364
0.001629447023
0.001634779384
0.001640961261
0.001647812221
0.001655105339
0.001662612654
0.001669934627
0.001676569173
0.001681845176
0.001684914172
0.001684991746
0.001681824266
0.001675963389
0.001668389001
0.001660025269
0.001651537548
0.001643369109
0.001635789013
0.001628962568
0.001622971843
0.001617857543
0.001613613391
0.001610209751
0.001607580675
0.001605645777
0.001604298106
0.001603424602
0.00160289399
0.001602574377
0.001602313566
0.001601986456
0.001601464191
0.001600618557
0.001599346819
0.001597584817
0.001595292659
0.001592472996
0.001589159627
0.001585423399
0.00158135702
0.001577076818
0.001572707746
0.001568384365
0.001564238969
0.001560402742
0.001556996844
0.001554133243
0.00155190761
0.001550401923
0.001549681038
0.001549788564
0.001550746142
0.001552554972
0.001555186027
0.001558583007
0.001562672254
0.001567330414
0.001572407587
0.00157777106
0.001583233271
0.001588404436
0.001592513773
0.00159432968
0.001593533417
0.001588456703
0.001583919345
0.001579706549
0.001576104609
0.001573165393
0.001570848434
0.001569049793
0.001567603673
0.001566298527
0.001564908781
0.001563229111
0.001561112078
0.001558536516
0.001555584505
0.001552408533
0.001549185048
0.001546095758
0.00154332028
0.001541010127
0.001539268403
0.001538138237
0.001537640609
0.00153781276
0.001538710475
0.001540293483
0.001542353549
0.001544575841
0.001546545738
0.001547599302
0.001546914034
0.001544163665
0.001539815251
0.00153462155
0.001529164808
0.001523819141
0.001518820449
0.001514323275
0.001510423105
0.001507176419
0.001504601365
0.001502681967
0.001501357255
0.001500528076
0.001500059195
0.001499794062
0.001499565333
0.001499215542
0.001498605021
0.001497613115
0.00149618837
0.001494367044
0.001492333275
0.001490238409
0.001488269676
0.001486464319
0.001485400988
0.001944633526
0.001937330383
0.001928947849
0.001920467799
0.001911823178
0.001902888098
0.001893678482
0.001884196841
0.001874403029
0.001864252238
0.00185371491
0.001842783239
0.001831469206
0.001819797687
0.001807813246
0.001795572737
0.001783147383
0.001770613437
0.001758055834
0.001745559984
0.001733216609
0.001721114027
0.001709343696
0.001697992881
0.001687150335
0.001676899279
0.001667322897
0.001658498483
0.001650500921
0.001643395824
0.001637249365
0.001632120468
0.001628060405
0.001625088794
0.001623214514
0.001622443341
0.001622771749
0.001624201144
0.001626730473
0.001630353748
0.001635056391
0.00164077027
0.001647355523
0.001654644978
0.001662478841
0.001670609776
0.001678710803
0.001686262057
0.001692501138
0.001696308169
0.001696373911
0.001692466351
0.001685377247
0.001676650986
0.001667385277
0.001658225677
0.001649561267
0.001641602126
0.001634474485
0.001628221493
0.001622862353
0.001618366626
0.001614695076
0.001611767626
0.001609502553
0.001607786248
0.001606510789
0.001605544548
0.001604768105
0.001604045
0.001603256931
0.001602279342
0.001601012373
0.001599353676
0.001597251663
0.001594665785
0.001591599378
0.00158807935
0.001584175246
0.00157997583
0.001575600677
0.001571177358
0.001566848929
0.001562754519
0.001559034817
0.001555816929
0.001553218337
0.001551341266
0.001550271181
0.001550068333
0.001550772961
0.001552399415
0.001554919664
0.001558265663
0.001562358679
0.001567113093
0.001572391757
0.001578018101
0.001583770327
0.001589339241
0.00159420841
0.001597367806
0.001597351811
0.001593772683
0.001589595303
0.001585716725
0.001582587607
0.001580330464
0.001578944627
0.001578317716
0.001578223126
0.001578281307
0.001577917661
0.001576470766
0.001573789113
0.001569902459
0.001565295574
0.001560368572
0.001555461291
0.001550831925
0.001546677246
0.001543161859
0.00154040755
0.001538502051
0.001537470657
0.001537301261
0.001538043723
0.001540063856
0.001543056829
0.001546376723
0.001549471858
0.001552273907
0.001553676062
0.001552228078
0.001547979748
0.001542297072
0.001536237904
0.001530346539
0.001524924081
0.00152014998
0.001516142179
0.001512965717
0.001510651628
0.001509186323
0.00150851912
0.001508534936
0.00150906047
0.001509847521
0.001510582455
0.001510906265
0.001510491022
0.001509034173
0.001506299336
0.001502971623
0.001499436157
0.001496083264
0.001492768576
0.001490328533
0.001487855447
0.001487541104
0.001946966542
0.001938466477
0.001929679264
0.001921023805
0.001912248385
0.001903203107
0.001893880601
0.00188428085
0.001874357787
0.001864055162
0.00185335691
0.001842264404
0.001830794922
0.001818985923
0.001806889592
0.001794573012
0.001782109985
0.001769582173
0.0017570726
0.001744668552
0.00173245585
0.00172052252
0.001708953614
0.001697834736
0.001687247265
0.001677315128
0.001668105675
0.001659664908
0.001652058178
0.001645348102
0.001639593282
0.001634853206
0.00163117029
0.001628573309
0.001627067807
0.001626649175
0.001627322577
0.00162910584
0.001632005774
0.001636021775
0.001641136843
0.001647302554
0.001654398857
0.001662314232
0.001670925327
0.001680065778
0.001689568241
0.001699105197
0.001708140598
0.00171510166
0.001723188099
0.001710255141
0.001699606407
0.001688224175
0.001677220944
0.001666895452
0.00165740989
0.001648860385
0.00164126066
0.001634615417
0.00162888
0.001624015894
0.00161994024
0.001616576659
0.00161380963
0.001611536942
0.001609628228
0.001607974736
0.00160644916
0.001605079854
0.001603713346
0.001602170316
0.001600384633
0.001598292482
0.001595840511
0.001593024179
0.001589855612
0.001586379262
0.00158265712
0.001578777713
0.001574840669
0.001570962332
0.00156726155
0.00156386292
0.001560884881
0.001558441075
0.001556632694
0.001555913402
0.001556016086
0.001556962315
0.001558750294
0.00156135737
0.001564759118
0.001568896564
0.001573641953
0.001578808327
0.001584204044
0.001589625407
0.001594895472
0.001599784109
0.001603239878
0.00160457373
0.001601275906
0.001596154446
0.001591657313
0.001588093946
0.001585721693
0.00158437916
0.001584005591
0.001584515508
0.001585719254
0.001587316867
0.001588497524
0.001587758716
0.001588293322
0.001581463915
0.001575822455
0.001570860031
0.001566169318
0.001561928054
0.001558269655
0.001555295019
0.00155310108
0.001552193671
0.001552299283
0.00155325129
0.001554794748
0.001560021316
0.001564857869
0.001567652997
0.001569089013
0.00156304988
0.00155570259
0.001550267055
0.001544333594
0.001538430667
0.001532838392
0.00152774432
0.001523281953
0.001519550546
0.001516614867
0.001514709328
0.001513707641
0.001513542178
0.001514148415
0.001515441717
0.001517300497
0.001519537575
0.001521822535
0.001523739156
0.00152483286
0.001524820137
0.001527477378
0.001531387577
0.001529738611
0.001523783058
0.001521026078
0.001517157767
0.001513560022
0.001524425545
0.0005369737167
0.0004524911674
0.000384189843
0.0005055445858
0.0005369764315
0.0004525778282
0.000384294895
0.0006127873934
0.0003690351418
0.0002570974472
0.0005717217071
0.0006129066514
0.0003691729401
0.0002571479749
0.0008021595552
0.0001837417542
0.0001067201062
0.0006815728745
0.0008021653908
0.0001837673639
0.0001065310423
0.0009197237664
0.0001029126993
0.0001364069085
0.0009117069458
0.0009192550927
0.0001027211498
0.0001361810086
0.0004397110496
0.0004434787645
0.000442346539
0.0004396124432
0.0004435088408
0.0003205489416
0.0004279063991
0.0003206198926
0.0002835996763
4.56417616e-05
4.562495859e-05
0.000101136905
4.147903936e-05
0.0001010117326
0.0001694772874
0.0004020277483
0.0001150721463
0.0001693867768
0.0004018721135
0.0004226284687
0.0004854277379
0.0004080322977
0.0004225822263
0.0004853007426
0.0003417856782
0.0003987724481
0.0003983928554
0.001084301371
0.001594144726
0.0004775317612
0.001084726378
0.001591332493
0.0004761669644
0.0003395690719
0.0005274553014
0.000365175351
0.000476140704
0.0003395706786
0.0005274868005
0.0004459565246
0.0004953130478
0.0004459105149
0.001707048199
0.0007792955086
0.001702710351
0.0007799520298
0.002474663427
0.001259490558
0.002559428057
0.002283842329
0.002476218935
0.001260368157
0.00255859475
0.0005017571092
0.000348757524
0.0004502817005
0.0003416333674
0.0005017177374
0.0003487548111
0.0004502817111
0.0004106209616
0.0007065426691
0.0007067636236
0.002597800023
0.0007709758582
0.00246607255
0.001193301182
0.002595810576
0.0007704229552
0.002466110624
0.0004504730749
0.0003382220646
0.0004980920184
0.0003497276387
0.0004504803182
0.0003382426494
0.0004980940155
0.0004157453832
0.0004157793027
0.0006711210008
0.0006714282402
0.002594734609
0.001129110722
0.002500949635
0.0007506909749
0.002595575431
0.001128930737
0.002499971413
0.0005138007737
0.0003659555846
0.0004692405557
0.0003376296355
0.0005138491856
0.0003659470699
0.0004692408385
0.0005002487144
0.0004408914227
0.0005002760312
0.0007230433116
0.001704261114
0.0007228056362
0.00170473175
0.002877055953
0.002383784146
0.003464846214
0.001213513813
0.002885229229
0.002382707294
0.003463288216
0.0003999885358
0.0004183982589
0.0004728534724
0.0004000104322
0.0004183338335
0.0003443239246
0.0003443428333
0.000481876019
0.0004807038441
0.001718760921
0.0006629616698
0.001542472135
0.001718054084
0.0006621991824
0.001542144816
0.0004330994326
0.0004289158881
0.0004270143684
0.0004330832961
0.000428851063
0.0004251930002
0.0003166538598
0.0004251898961
0.0003166838899
0.000266750238
0.0002667562607
3.87359591e-05
3.870356063e-05
3.696075111e-05
8.627587185e-05
3.693522067e-05
8.621573062e-05
0.0006514006554
9.870194415e-05
0.0001465821248
0.0006513929599
9.860490216e-05
0.0001465419627
0.0003872312169
0.0004799421987
0.0005050926628
0.0004369118217
0.0003872890746
0.0004798819314
0.0005052473399
0.0002199982729
0.0005450426806
0.0006241524795
0.0003632360732
0.0002198638571
0.000544915909
0.0006244176424
8.709688288e-05
0.0007013133805
0.0008462076247
0.0001569308448
8.709565962e-05
0.000700965283
0.0008459713296
0.0001182882636
0.0009109706186
0.0008607784501
8.448501081e-05
0.0001182954338
0.0009098701611
0.0008625662386
0.0004777957615
0.0004517214062
0.0004566429572
0.0004534788515
0.0004777677148
0.0004516379679
0.0004566683099
0.0008996566953
0.0001350635256
0.0002564702136
0.0009468501255
0.0008994459905
0.0001347795958
0.0002563140493
0.0004436662044
0.0004277010395
0.0004464136244
0.0004172130977
0.0004436752342
0.0004277379584
0.0004464153383
0.000450857623
0.0003992872935
0.0003378134695
0.0004021777051
0.0003479879629
0.0003011497597
3.979185282e-05
6.184518263e-05
6.103178038e-05
0.0001227869613
0.0001148278632
0.000136940659
0.0001029441551
0.0001341153746
0.0001082523133
0.0001266557238
0.0002394285635
0.0005133524728
0.0007181239889
0.0001997823761
0.0002396335881
0.0005130667552
0.0007178297919
0.0003970125335
0.0003601988844
0.0004542410523
0.0003604105803
0.0003971108109
0.0003602142588
0.000454367463
0.0003443380467
0.0007682698581
0.0005444036248
0.0007740161843
0.0003288692954
0.0007773948887
0.0003110599008
0.0007431859933
0.001501564739
0.001945555636
0.0020578116
0.001264833134
0.001500754728
0.001942262052
0.002058534093
0.0004866758987
0.0003669276628
0.0004893278845
0.0003725918867
0.0004949140218
0.0004091756743
0.002162941345
0.0012791764
0.002326430521
0.000867454232
0.002331259329
0.000916377111
0.002165989949
0.001904638322
0.0007870969817
0.001905260596
0.0007672614018
0.001890541137
0.0008064146833
0.001921770813
0.0004418372262
0.0004634463125
0.0004591870425
0.002609917011
0.001775000774
0.002324577357
0.001932101579
0.002358463776
0.001781862512
0.002720362444
0.0004436785204
0.0003623873759
0.0003965705016
0.0003580323414
0.0004437581315
0.0003624181146
0.0003966014229
0.0004811166038
0.0004694588238
0.0003996789435
0.0004638483382
0.0003981057183
0.0004567872345
0.000475675645
0.0009232016978
0.0005398207871
0.0005560913713
0.0009300270569
0.003039555894
0.001924501348
0.002190005806
0.00241315633
0.003038875439
0.001924830342
0.002191783634
0.0004207010774
0.000421590375
0.0004354523329
0.0004225796439
0.000420694253
0.0004215777186
0.0004354343944
0.0004035538418
0.0004080656386
0.0003711668011
0.0004214008145
0.0003978055257
0.0004213914557
0.0004133814055
0.0002503271039
0.0001778708392
0.0001881856735
0.0002623745735
0.0008500003102
0.0001860245031
0.0002301547498
0.0007496553807
0.0008486129576
0.0001855948063
0.0002296702576
0.0004277489302
0.0004612127988
0.0004718501689
0.0004413199918
0.0004276693629
0.000461196709
0.0004718581529
0.000486657863
0.0004092067191
0.0003077447636
0.0004806663309
0.0003064851298
0.0004818640211
0.0004853233143
0.000510105508
0.0001594436337
9.983523443e-05
0.0004918879256
9.898169329e-05
0.0004989572526
0.000503604359
0.0004525423841
0.0001343284933
0.0001297822181
0.0005327429444
0.0001207692542
0.000486872348
0.0004694465216
0.0001883018418
0.0008065562224
0.0007002568681
0.0001173752142
0.0001885341689
0.0008089806176
0.0007006519898
0.0004864315382
0.0004198903033
0.0004813081848
0.0004428043692
0.0004771612996
0.000443999188
0.0004846409288
0.0004865912485
0.0004199505862
0.0004814878074
0.000442903042
0.0004772823527
0.0004440247436
0.0004848642574
0.0004796616603
0.0004074940322
0.0004800867512
0.0003169053197
0.0004785893585
0.0003227170726
0.000480194111
0.0004893806547
0.0002679534694
0.0005090079137
0.0002501691652
0.0005127944189
0.0002652254164
0.0004861179112
0.0004797081639
0.0004075123827
0.0004801438825
0.0003169398789
0.0004786670585
0.0003227806909
0.0004802295548
0.0004894156183
0.0002678639721
0.0005090440772
0.0002501693072
0.0005128130698
0.0002652060137
0.0004862007784
0.000544358198
0.0001858341354
0.0005118743779
0.0001289271815
0.0005164605072
0.0001266982511
0.0005387293023
0.0005631904101
0.0001000340551
0.0005779750732
0.0001072262075
0.0005868722444
0.0001039259483
0.0005567458861
0.0005444608245
0.0001858091119
0.0005119367828
0.0001289171988
0.0005165298981
0.0001266889565
0.0005389331921
0.0005632929887
9.988282844e-05
0.0005783926355
0.000107138603
0.0005870041374
0.0001038706772
0.0005569230105
0.0005171923324
0.0001644575807
0.0005891163695
0.0001491448209
0.000542226922
0.000151297843
0.0005242756245
0.0005173263472
0.0001643918619
0.0005895328673
0.0001490099042
0.0005422627843
0.0001511922684
0.0005245510795
0.0004590054726
0.0004416914753
0.000447735204
0.0003506950981
0.0004509461261
0.0003506879671
0.0004192978259
0.000421329997
0.0004126509654
0.0004379811947
0.0003732364657
0.0004389526482
0.0003924297171
0.0004178593974
0.0004102409236
0.0003698845842
0.0003762709204
0.0004034723119
0.0004590652879
0.0004418056862
0.0004476386627
0.0003506107963
0.0004510300388
0.0003506758209
0.0004193058402
0.000421388432
0.0004126376577
0.0004380070412
0.000373196416
0.0004389778098
0.0003924754976
0.0004178715927
0.0004102431343
0.000369860522
0.0003763276249
0.0004034555397
0.0003170223409
0.0003996397225
0.0003986416782
0.0004513082189
0.0003992388976
0.0003380875645
0.0004022130722
0.0003482246261
0.000317057689
0.0003996107484
0.0003985820271
0.0003011882242
4.405716969e-05
4.402961563e-05
8.621320493e-05
6.690462968e-05
8.966892387e-05
6.639007889e-05
9.353674234e-05
3.983891014e-05
6.194970946e-05
6.103302137e-05
8.612360985e-05
6.685540823e-05
9.020089014e-05
6.628730287e-05
9.361718598e-05
0.0001848437289
0.0001102746536
0.0001121931435
0.0001672875609
0.0001821828548
0.0004181054108
0.0003091485064
0.0002538392269
0.0002866800224
0.000250621028
0.000261096808
0.0001226764258
0.000114783006
0.0001369502503
0.0001029259792
0.0001340684045
0.0001082836426
0.0001271758849
0.0001849109234
0.0001090101556
0.000112480781
0.0001673224712
0.0001821342017
0.0004183114509
0.000308894853
0.0002537701411
0.0002869746431
0.0002508055297
0.0002610869119
0.0004858651749
0.0003995240787
0.0004571575158
0.0004266012223
0.0004630870432
0.0004373634105
0.0004491934954
0.0005016201813
0.0004818975064
0.0004742674494
0.0003961120841
0.0004727104098
0.0003980714054
0.000482110957
0.0004441065804
0.0004506361013
0.0004498861891
0.0004259634065
0.000485455936
0.0003995381501
0.0004571462263
0.0004266132446
0.0004629857336
0.0004373434903
0.0004492297989
0.0005016392573
0.0004818139385
0.0004741417303
0.0003958708165
0.0004726301226
0.0003977135279
0.0004821979903
0.0004439160711
0.0004506330275
0.0004498708389
0.0004259970773
0.0003445274563
0.0003978975743
0.0003980914509
0.0007321080289
0.0004181770139
0.0003963311349
0.0007569372754
0.0009235989352
0.001514885363
0.001440204154
0.0007192272715
0.001373952127
0.0006773544873
0.001037339477
0.0007681625769
0.0005443600434
0.0007736371343
0.0003288227553
0.0007774605846
0.0003114411012
0.0007428752677
0.0007321262731
0.000419969689
0.0003970083577
0.0007564609072
0.0009233922477
0.001513796139
0.001439389144
0.000721959975
0.001373764098
0.0006780319556
0.001037270911
0.0004609264604
0.0005184024619
0.0005174372687
0.0004863853521
0.0005299888129
0.0004837383467
0.0004622033539
0.0004609739162
0.0005184123129
0.0005174266532
0.0004864155761
0.0005299881748
0.0004837484319
0.0004622204656
0.0004288434208
0.0004658571834
0.0004693684014
0.000486742628
0.0003669050517
0.0004893278529
0.0003726676985
0.0004949116219
0.0004287895677
0.0004658383581
0.0004692877884
0.001772498737
0.0006496559009
0.001744545548
0.0005927698929
0.001670303099
0.000907444236
0.001548852998
0.001595980256
0.001771433186
0.0006515917921
0.001740564405
0.0005934570421
0.001670457532
0.0009075480797
0.001547275889
0.001596656527
0.002652727809
0.001752415258
0.002051441143
0.002461789744
0.002644083203
0.002471630932
0.002521185946
0.00265050392
0.001753353543
0.002052910369
0.002461266918
0.002645970397
0.002469436733
0.002520607508
0.0005254466915
0.000498131612
0.0005055530251
0.0004710219184
0.0005038645223
0.0004669530077
0.0005255017365
0.0005392076894
0.0004479249136
0.0004401485594
0.0005470872996
0.0004384505269
0.0005477866161
0.0005391322535
0.0005254659182
0.0004981397452
0.0005055364807
0.0004709744775
0.0005038345041
0.0004670099435
0.0005254740394
0.0005392235435
0.0004479332723
0.0004400985939
0.0005470565966
0.0004385009897
0.0005477836047
0.0005390946589
0.0004092331326
0.0007647968885
0.0007643400113
0.002013883514
0.0008127442294
0.000780874005
0.001940542779
0.0008253239363
0.001933748054
0.002018880855
0.002160242007
0.001279161876
0.002324211056
0.0008672414451
0.002329081999
0.0009160451918
0.002165047618
0.002013060431
0.000812387445
0.0007832361129
0.001940924688
0.0008255747798
0.001933542949
0.002019791015
0.0005361884388
0.000447838988
0.0005460713175
0.0004419028688
0.0005465605596
0.0004394066005
0.0005354496605
0.0005194035469
0.0005192482645
0.000471066437
0.0004970930523
0.0004695827175
0.0004970851798
0.0005177712917
0.0005361705631
0.0004478663091
0.0005460700273
0.000441893492
0.0005465689445
0.0004393493561
0.0005354538407
0.0005194037959
0.0005191902977
0.0004710293211
0.0004970960883
0.0004695586623
0.000497132337
0.0005177614438
0.0004156957634
0.0004157306572
0.0007616575792
0.0007612487991
0.001966946076
0.001365168143
0.0007996234642
0.002125891569
0.0008439942811
0.00212596926
0.001987686106
0.0019026522
0.0007876381802
0.001903681068
0.0007670265736
0.001889696701
0.0008061980437
0.001921689482
0.001965830383
0.001363270927
0.0007994780104
0.002125534352
0.0008439529378
0.002124148925
0.001988392594
0.0004506122502
0.0005265173589
0.0004679095859
0.0005210435246
0.0004729317301
0.0005219134351
0.0004492130178
0.0004506028003
0.0005264488143
0.0004679495854
0.0005210153165
0.0004729540936
0.0005219168566
0.0004491878597
0.000461162137
0.0004886394374
0.0003773910548
0.0004847841184
0.0003761628283
0.00044165345
0.0004633499343
0.0004592604004
0.0004611009872
0.0004885964379
0.0003773709146
0.0004848481396
0.0003760574711
0.0008587383075
0.001198671226
0.001212470061
0.001754831695
0.001693467102
0.0007481373
0.001393732126
0.0006892446308
0.0008581832309
0.001199655804
0.001213326601
0.001753442385
0.001690315554
0.0007474520308
0.001394097146
0.0006888266512
0.002604782767
0.001772994889
0.002321412924
0.001934735083
0.002354891266
0.001778906934
0.002719066648
0.000438372282
0.0004485869976
0.0004508151454
0.0004234363106
0.0004595248445
0.0003979285078
0.0004337766665
0.0004412068963
0.0004387842006
0.000452158999
0.0004406668732
0.0004809583665
0.0004693990783
0.0003993945477
0.0004638475616
0.0003975891037
0.000456798575
0.0004757456485
0.0004383353085
0.0004486217467
0.0004507886471
0.0004234501953
0.0004592503913
0.0003978901695
0.0004338608549
0.0004411433433
0.0004388465503
0.0004521601266
0.0004406720762
0.0003507813567
0.0003507744944
0.0004941553639
0.0004936710428
0.001145964459
0.001672342579
0.0008615446521
0.001751174138
0.0008510980072
0.001699067013
0.001268995065
0.001004329059
0.0006736159338
0.0004502109513
0.0009836337725
0.0004079538186
0.0009679737359
0.000953245009
0.0009225433792
0.0005405785558
0.0005562712441
0.000929804365
0.00114533525
0.001672344638
0.000861146914
0.001750466906
0.0008504472761
0.001698999301
0.001268593924
0.001003998538
0.0006733963615
0.0004500266146
0.0009835588807
0.0004078917645
0.0009681040611
0.0009534756292
0.000406933505
0.000378556586
0.0003795268755
0.0004065360522
0.0004237964283
0.0004189510215
0.0003508296257
0.0004269458115
0.0003488395913
0.000425562229
0.0004109174614
0.0004034737122
0.0004080073541
0.0003712138597
0.0004213629189
0.0003978531217
0.0004213707093
0.0004133735429
0.0004069387228
0.0003786095586
0.0003795075645
0.0004065753084
0.0004237092918
0.0004188813664
0.0003508547884
0.0004268520876
0.0003488922911
0.0004255377809
0.0004108863103
0.000438710395
0.0003546453623
0.0003971919064
0.0003463021267
0.0004012460208
0.0003113798511
0.0003977395391
0.000397074861
0.0004386745805
0.0003552834069
0.0003972515378
0.0003464543168
0.0004012472396
0.0003113684569
0.0003978698875
0.0003970988321
0.0002832946757
0.0002833120119
3.847504694e-05
3.845790234e-05
4.108185721e-05
5.727796668e-05
6.100045276e-05
8.190254524e-05
0.0001479498613
5.900833061e-05
0.000143661254
6.619658423e-05
4.103654318e-05
5.717247259e-05
6.095613725e-05
8.18290267e-05
0.0001477323717
5.887013086e-05
0.0001434304124
6.613454853e-05
0.0002717396055
0.0005985040064
0.0003242756898
0.0004816243877
0.0003617568837
0.0004460884765
0.0003671023529
0.0001568560951
9.800541932e-05
0.0001838583201
0.0001172486002
0.000203680595
0.0001161178565
0.0001643153015
0.000250067648
0.0001778839865
0.0001882216833
0.0002617944225
0.0002715226205
0.0005981054444
0.0003245452503
0.0004804495433
0.0003616540803
0.0004455210631
0.0003661411241
0.0001566712131
9.797399673e-05
0.000183710842
0.0001171065388
0.0002033998685
0.0001160195444
0.0001641494117
0.0004704430947
0.0004255633964
0.000441780901
0.0004748595945
0.0004433742
0.0004752048241
0.0004681839358
0.000470354821
0.0004256039149
0.0004419105839
0.0004749039516
0.0004435571035
0.000475194866
0.0004682008486
0.0004916343569
0.000226682898
0.0002335717593
0.0004998842165
0.0002476715668
0.0005068983149
0.0004865742609
0.0004866710608
0.0004090926269
0.0003077629589
0.0004804371468
0.0003064605593
0.0004818732142
0.000485470879
0.0004916847453
0.000226722899
0.0002335878078
0.0004998888465
0.0002476951689
0.0005069432935
0.0004866044859
0.0005298380172
8.224805282e-05
8.301147015e-05
0.0005464454471
8.081905655e-05
0.0005512842874
0.0005225111771
0.0005101869811
0.0001594591898
9.982745241e-05
0.0004917225684
9.905950734e-05
0.0004989350887
0.000503655018
0.0005298832088
8.224569481e-05
8.300710792e-05
0.0005462074854
8.086666592e-05
0.00055120577
0.0005223661719
0.0004528429022
0.0001343571244
0.0001298302642
0.0005324833479
0.0001209053945
0.000487570849
0.000469965231
0.0002996677145
0.000291532473
0.0003134869459
4.336248921e-05
4.090964633e-05
5.192031812e-05
5.190430897e-05
4.255014139e-05
0.0003438892015
0.0003937178602
0.000362369898
0.0003939190488
0.0003588084903
0.0004099554012
0.0004139901381
0.0004132293641
0.0004435140646
0.0004408290953
0.0004839159191
0.0004787338842
0.0004479475357
0.0004243075785
0.0003188830501
0.0003640464151
0.0003627385561
0.0004131256409
0.0004242807577
0.0003189071279
0.0003640780431
0.0003627685946
0.0004129950256
0.0002998140155
0.0002915417594
0.0003134247387
4.459935084e-05
4.362401363e-05
4.23773472e-05
4.461200632e-05
4.357509272e-05
4.237477964e-05
4.34788385e-05
4.094576956e-05
5.204270872e-05
5.201684346e-05
4.269812628e-05
0.0003438986033
0.000393683339
0.0003623526769
0.0003939092313
0.0003588328387
0.0003805375228
0.0002917673907
0.0003576296683
0.0003442888542
0.0002796341123
0.0003801849099
0.0002916630328
0.0003575230391
0.000279789244
0.0003444067336
0.000440612148
0.0004399753995
0.00048985956
0.0004877303662
0.0004436269598
0.0004407301556
0.0004398615048
0.000489922524
0.0004878050914
0.0004436847574
0.0005456638008
0.00074419955
0.0009916306495
0.000907912349
0.0005396739932
0.0005454722489
0.0007448320193
0.0009910524432
0.0009082417598
0.0005396980553
0.0004099026285
0.0004139462373
0.000413179807
0.0006722219562
0.0006721769551
0.000645194132
0.0006725977723
0.0006716813294
0.0006451828523
0.000413500389
0.0004222675641
0.0004204020791
0.0004134911737
0.0004222582677
0.0004203681744
0.0006466540175
0.0006414326928
0.0006185053073
0.0006470483914
0.000641667981
0.0006185285255
0.0004436183931
0.000440733616
0.0004840082165
0.0004788266559
0.0004480480659
0.0005462226961
0.0006927061078
0.000942750337
0.0008085378346
0.0005701513387
0.000545951626
0.0006929251962
0.0009431039837
0.0008098599095
0.0005699476832
0.000346270025
0.0003635765574
0.0004036232613
0.0004012111502
0.0003591584964
0.0003462754876
0.0003635707919
0.0004035908428
0.0003591258887
0.0004011810505
0.0004681941194
0.0004101342813
0.0004066158611
0.0003961400292
0.0003907459112
0.0004666189371
0.000409661124
0.0004064164086
0.0003962236089
0.0003906829024
0.0003917919436
0.00031325209
0.000354265494
0.0003539637067
0.0003840685274
0.0003920696038
0.0003132967267
0.0003543604666
0.0003540360033
0.0003843540695
0.0002799645816
0.0002628708509
0.000282080461
0.0002799470639
0.0002627271684
0.0002819432905
3.838947932e-05
3.668348526e-05
3.619090218e-05
3.841085458e-05
3.664757121e-05
3.616756912e-05
5.210019585e-05
3.870800177e-05
5.057408606e-05
5.339221037e-05
4.727705542e-05
5.192091693e-05
3.863700665e-05
5.048289273e-05
5.32682437e-05
4.716597789e-05
0.0003666042895
0.0003760219072
0.0003681199049
0.000359434934
0.0003234289422
0.0003575596736
0.0004362273571
0.0004373080096
0.0004360422984
0.0004346983312
0.0004287920607
0.0004270043091
0.0005228982885
0.0006207916372
0.0006004082274
0.0004967152249
0.0004790051528
0.000282729073
0.0002743458897
0.0001746615069
0.0002292590323
0.0002133764727
0.0003692402222
0.0003942898683
0.0003960002623
0.0003604783287
0.0003631038381
0.000369251786
0.0003942100084
0.0003959717469
0.0003604555268
0.0003630739729
0.0003666766948
0.0003757514876
0.0003678312023
0.0003594951036
0.0003234723839
0.0003578716985
3.768023683e-05
3.620198522e-05
3.763739947e-05
3.620661516e-05
0.0001167265543
0.0001058674441
0.0001012229567
0.000119594982
0.0001164846943
0.0001056943898
0.0001011587854
0.0001192684432
0.0001132681552
0.0001755249758
0.0001860708739
0.0002368674135
0.0002296760232
0.0001135471389
0.0001758534322
0.0001860382415
0.0002372400985
0.0002298368
0.0003917602801
0.000393709835
0.0004504873552
0.0004446244452
0.0004465599278
0.0003917231884
0.000393713836
0.0004501899309
0.0004446577264
0.0004467137367
0.0003878688725
0.0003766142232
0.0004027306553
0.0005095768929
0.0004901840301
0.000388170433
0.0003769089575
0.0004045701781
0.0005101265425
0.0004909201006
0.0004362486843
0.0004372874401
0.0004359969136
0.0004347358268
0.0006297614698
0.0005136615745
0.0005048149873
0.0006637815075
0.0006260367495
0.000514867814
0.0005048997669
0.0006614352245
0.000428810039
0.0004269873399
0.0005813165401
0.0005730314322
0.0005794598581
0.0005718522209
0.0004353422297
0.0004317426418
0.0004352873994
0.0004316919532
0.0005753015345
0.0005650022422
0.0005753762624
0.000564951952
0.0004441817832
0.0004394771245
0.0004370007742
0.000444995279
0.000444236824
0.0004395722652
0.0004370515745
0.0004449962829
0.0006496092971
0.0006431487583
0.0005601943436
0.0007848529754
0.0006502328328
0.0006464679971
0.0005600431965
0.0007851412507
0.0004494142452
0.0004581221052
0.0004590620687
0.000399236118
0.0003967626158
0.0004491705914
0.0004582460548
0.000459163078
0.0003992092649
0.0003968266633
0.0005234831027
0.0006209788439
0.0006006969924
0.0004966368558
0.0004788581415
0.0003667960392
0.0003674294018
0.0003756132715
0.0004016740834
0.00040128283
0.0003668526837
0.0003674814786
0.000375673471
0.0004017505494
0.0004013618245
0.000360702804
0.0003891269111
0.0003822549421
0.0003534498002
0.000360711196
0.0003889629187
0.0003821096807
0.0003534724672
0.0002754850156
0.0002957904297
0.0002753945387
0.0002956117489
3.053600435e-05
2.971178718e-05
3.053553014e-05
2.970616516e-05
9.943722604e-05
9.01421041e-05
9.730250646e-05
9.477272637e-05
9.988899188e-05
9.017311152e-05
9.755866277e-05
9.512266222e-05
0.0002822824353
0.0002741035462
0.0001747289157
0.0002300601987
0.0002136683828
0.000552920675
0.0005058658156
0.000547988875
0.0005317380081
0.0005528255483
0.000505856718
0.0005480292083
0.000654151362
0.0005957700733
0.0006546706462
0.0006188192937
0.0006541934258
0.0005959563665
0.0006546298124
0.0008066070583
0.0007297613009
0.0008167489115
0.0007678778908
0.0008070500556
0.000730212819
0.0008165643388
0.0009423088161
0.000913202961
0.0009972533227
0.0009363965161
0.0009426229874
0.0009131884442
0.0009965117681
0.0005197293838
0.0005664121696
0.000568043769
0.0005134901096
0.0005626229463
0.0005106218576
0.0005223598516
0.0006543093316
0.000673361301
0.0006955882184
0.0006024736847
0.0006863547075
0.0006018543593
0.0006552119927
0.0004429272682
0.0004390400135
0.0004645091788
0.0004582974274
0.0004665948811
0.0004583321148
0.0004398763659
0.0004744151389
0.0004107957636
0.0004802107058
0.0004479394176
0.0004868007282
0.0004534252906
0.0004772119911
0.0005892087623
0.0004897891463
0.0006199085086
0.0004540790485
0.0006483098492
0.0004324788725
0.0005787610569
0.0003321770112
0.0003223340515
0.0003307537427
0.0003280902052
0.0003321704442
0.0003223259096
0.0003307537882
0.002687914378
0.002082877493
0.002441403418
0.002225546261
0.002560874101
0.002291219034
0.00245944713
0.002393138224
0.002831787642
0.0028468497
0.002582649451
0.002391714517
0.002832747545
0.002846180181
0.000338146525
0.0003209152091
0.000337640594
0.0003257779629
0.0003381429373
0.0003209131065
0.0003376382772
0.0004203907645
0.0003403544661
0.0004077269643
0.0003501515242
0.0004068540271
0.0003496391917
0.0004210167365
0.001405598803
0.001046649477
0.001654656396
0.001138991557
0.001394250994
0.001030880412
0.00159805385
0.003004813553
0.002764386134
0.002946007894
0.00277862123
0.003005131583
0.002764485229
0.002945235162
0.0003387203138
0.0003291355299
0.0003397944364
0.0003225680896
0.0003387194584
0.0003291178056
0.0003397880573
0.0004297177138
0.0003495636061
0.0004341067658
0.0003573976595
0.0004343463907
0.0003582224556
0.000429094175
0.001125958704
0.0007145931049
0.001238163739
0.0007479598177
0.001121540049
0.0007118663222
0.001214631586
0.003313368914
0.002781676532
0.00302732071
0.002823608138
0.003313391588
0.002781607007
0.003026380192
0.0003295835518
0.000333193757
0.0003322777783
0.0003240221561
0.0003295748002
0.0003331695929
0.000332270404
0.001375570321
0.001075984006
0.00156834974
0.001874973048
0.001442395603
0.0010559807
0.001647692177
0.003156288629
0.003377251488
0.003203494155
0.00294912093
0.003156225271
0.0033757347
0.003203226602
0.0004117026075
0.0004163270656
0.0004251040158
0.0004231870223
0.0004178201672
0.0004214240849
0.0004309721237
0.0007011994836
0.0007580830225
0.0004556792604
0.0007514256992
0.0004441796303
0.0004841429788
0.0004913296622
0.0004562030404
0.0004358437794
0.0004353312031
0.0004569305868
0.0004356983098
0.0004623888427
0.0004527242635
0.0004291824876
0.0003790781963
0.000389399102
0.0004337384567
0.0004125482795
0.0004258919652
0.0004243178989
0.0002684027099
0.0001588918124
0.0001288603447
0.0003116975077
0.0001293959262
0.0003148046552
0.0002665445507
0.0002128463584
8.208718e-05
7.840634947e-05
0.0002406300966
7.515539396e-05
0.0002344220253
0.0002250275836
0.0005366857605
0.0005566683146
0.0005703453088
0.0005073536419
0.0005367112691
0.0005567850908
0.0005702110714
0.0006345397363
0.0006319714841
0.0006662800511
0.0005728398676
0.0006343433632
0.0006322659442
0.0006661008847
0.00084343123
0.0007699315948
0.0008323370051
0.0007320074937
0.0008432568808
0.0007711557723
0.0008328770544
0.001019589936
0.0009214488011
0.0009621291347
0.0009305293245
0.001019515663
0.0009240787851
0.0009639402066
0.0004818965054
0.000460836635
0.0004794199847
0.0004423032279
0.0004816488663
0.0004498419319
0.0004777934611
0.0004262779662
0.0003828957259
0.0004295551728
0.0004246745857
0.0004114182911
0.0004148981213
0.0004463599117
0.0004820748065
0.0004610611859
0.0004795200029
0.0004425330397
0.0004817863819
0.0004499167314
0.0004779124034
0.0004263826919
0.0003829751352
0.0004295792819
0.000424676322
0.000411473899
0.0004149601452
0.0004465476732
0.0005363073071
0.0006064533817
0.0006126623897
0.0005686341301
0.0006063364231
0.0005674201266
0.0005383198891
0.0004311415222
0.0003812360849
0.0004339614906
0.0004195391751
0.0004394848885
0.000423851426
0.0004288913679
0.0004239039924
0.0002726004296
0.0003690995515
0.0002478067415
0.000375482817
0.0002614034336
0.0004145971671
0.0005199030874
0.0005664125425
0.0005678853807
0.0005135454315
0.000562642003
0.0005107180301
0.0005219567798
0.0005365224752
0.00060636648
0.000612688321
0.0005687007874
0.0006061259142
0.0005674570153
0.0005384333901
0.0004311806501
0.0003813146872
0.0004340801072
0.0004197406932
0.000423978161
0.0004395209959
0.0004289666238
0.0004238575909
0.0002726839433
0.0003689850535
0.0002478436514
0.0003754717337
0.0002616476065
0.0004144750634
0.0007146673248
0.0007877225611
0.0007902281466
0.0007602059601
0.0007769480787
0.000761672612
0.0007159011758
0.0003016044793
0.0001863544103
0.000340318045
0.0001543143512
0.0001548693298
0.000345341161
0.0002967907516
0.0003237672375
0.0001058995019
0.0002945888794
0.0001132153212
0.0002974461918
0.0001120665911
0.000319586879
0.0006541908063
0.0006733983425
0.0006958547512
0.0006027458873
0.0006859319182
0.0006019880914
0.0006552872486
0.000714880159
0.000787667536
0.0007904868099
0.0007606641831
0.0007772531451
0.0007619358636
0.0007165315408
0.0003016404934
0.0001864478286
0.0003402155159
0.0001543481693
0.0003453796779
0.0001548856226
0.0002967386278
0.0003237309961
0.0001058287796
0.0002944635044
0.0001129854938
0.0002974154356
0.0001119983454
0.0003194806586
0.0002533139332
0.0001022545572
0.0002859813299
9.25798387e-05
9.270703747e-05
0.0002842435403
0.0002565737015
0.0005221445151
0.0001410748288
0.0005161044883
0.0001412376009
0.0005129702596
0.0001438948311
0.0005422002472
0.0002532788079
0.0001021807326
0.0002858234788
9.236597061e-05
0.0002841149179
9.258671e-05
0.0002564309775
0.0005220993822
0.0001409382164
0.0005156310431
0.0001410636385
0.0005126989621
0.000143818236
0.000542623688
0.0004264054903
0.0004274823366
0.0004389992737
0.0004217723256
0.0004260328443
0.0004230856184
0.0004421580094
0.0004429986473
0.0004391024317
0.0004643859513
0.0004583348338
0.0004666309243
0.000458337214
0.0004399663485
0.0004264531312
0.0004274680135
0.0004390872014
0.0004217718605
0.0004260515224
0.0004231315354
0.0004422771645
0.0001545611065
0.0001763888948
0.0001583145325
0.0001610524364
0.0001652314988
0.0001605499595
0.0001422089886
0.0003555857539
0.0004182025815
0.0004371349405
0.0003447938487
0.0004501703733
0.0003342788638
0.0003434127942
0.0001547274596
0.0001763050342
0.0001582669837
0.000161308948
0.0001650642405
0.0001607246543
0.0001428369627
0.0003552371585
0.0004179202904
0.0004369572378
0.0003446727378
0.0004498751947
0.0003340434565
0.0003431673229
0.0004477378468
0.0004109559918
0.0004442675596
0.0003857577052
0.0004360847074
0.0003782307261
0.0004694315916
0.0004742897148
0.0004104910488
0.0004802601575
0.0004479833928
0.0004866609586
0.0004532027889
0.0004772525665
0.0004477406765
0.0004110057893
0.0004440871488
0.0003858138262
0.0004360501756
0.000378249607
0.0004695169842
0.0009989776753
0.001104157313
0.0008356432823
0.001138874127
0.0008275714837
0.001136718159
0.001043519004
0.0005884294215
0.0004890616514
0.0006195507522
0.0004530321569
0.0006476117669
0.0004314767948
0.0005781259411
0.0009991840566
0.001103687531
0.000835360133
0.001138944366
0.0008277725717
0.001136877371
0.001043388053
0.0004282594927
0.0004780456759
0.0003961370258
0.0004970349894
0.0003953793345
0.0005054882654
0.0004281649084
0.0005015694807
0.0004995442133
0.00052183224
0.0005315913511
0.0005316625704
0.0004958672795
0.000498168322
0.0004282855023
0.0004780106271
0.0003961876413
0.0004970316604
0.0003953271038
0.0005053957155
0.0004281674064
0.0005015913786
0.0004996055672
0.0005218941066
0.0005316421847
0.0005316665147
0.0004959551612
0.000498203317
0.001516335324
0.001084422091
0.001291671398
0.001647395476
0.00134496025
0.001273102991
0.00158906993
0.002685872591
0.002080027799
0.002439664049
0.002228966946
0.002559298145
0.002288911139
0.002459702668
0.00151707
0.001085461497
0.00129270295
0.00164787979
0.00127330908
0.001345814042
0.001590456204
0.0005279923961
0.0004996081522
0.0005243981445
0.0005036369474
0.0005042456262
0.0005175247787
0.0005304215612
0.0004309429386
0.0003489401652
0.0003587741504
0.0004357748342
0.0003579284644
0.0004358196339
0.0004314495766
0.0005403346195
0.0004483205986
0.0004494230155
0.0005350934974
0.0004478585577
0.0005355612735
0.0005419167348
0.000420418897
0.000340373414
0.0004076815542
0.0003501629329
0.0004068751866
0.0003496365089
0.0004210233999
0.0005279766438
0.0004995803717
0.0005244099666
0.0005036237462
0.0005175480071
0.0005042175067
0.0005304104492
0.0004309258956
0.0003489334032
0.0003587744807
0.000435750355
0.0003579173729
0.0004357812111
0.000431452303
0.0005403454974
0.0004483295401
0.000449410683
0.0005350842654
0.000447850559
0.0005355810956
0.0005418935984
0.002531382226
0.002726758804
0.002573634321
0.002432924728
0.002629258155
0.002565906988
0.002499847694
0.001151667003
0.0007303583763
0.0007673684158
0.001254764274
0.001155507554
0.0007286947353
0.001276974729
0.002445358334
0.002579377279
0.002599059734
0.002427014863
0.002687688269
0.002436370125
0.002425761958
0.001405629089
0.00104804752
0.00165415527
0.001137936542
0.001394913206
0.001030935959
0.001598133256
0.002530956889
0.002722465573
0.002572402653
0.002433611473
0.002626892036
0.002561607588
0.00249805661
0.001153128427
0.0007304552638
0.0007678372472
0.00125450394
0.0007296305053
0.001155676506
0.001278161797
0.002443278621
0.002579728398
0.002600172687
0.002428672659
0.00268787124
0.002433230791
0.002426500631
0.0005306405332
0.0004485442156
0.0005446264017
0.0004507447427
0.0004482944695
0.0005426334089
0.0005304885148
0.0004201553278
0.0003394580466
0.0003524104814
0.0004056742654
0.0003525063749
0.0004068825915
0.0004193447757
0.0005327288573
0.0004993757327
0.0005010347084
0.000500681668
0.0005006636624
0.0005052468072
0.0005296879804
0.0004297581109
0.0003495823285
0.0004340951658
0.0003574157591
0.0004343852654
0.0003582392372
0.0004291089391
0.000530615579
0.000448550683
0.0005446182077
0.0004507437049
0.0005426245465
0.0004482919231
0.0005304849672
0.0004201421158
0.0003394501647
0.0003524034415
0.000405641191
0.0003525208428
0.0004068897739
0.0004193723994
0.0005327064928
0.0004993448489
0.0005010085632
0.0005006920523
0.0005006356368
0.0005052517648
0.0005296327419
0.002440108428
0.002681389624
0.002390184136
0.002424249919
0.002383888126
0.00253369847
0.002459544383
0.001308079613
0.001031239791
0.001044838765
0.001443126601
0.001347579307
0.0009573254502
0.001418329077
0.002514277089
0.002624786098
0.00265291646
0.002741212336
0.002765298461
0.002686185041
0.002545575124
0.001125715788
0.0007143562568
0.001236794619
0.0007475356586
0.001121772249
0.0007117077055
0.001214587428
0.002440947114
0.002676288045
0.002390903636
0.002425209745
0.002383503072
0.002530568143
0.002457706862
0.001308080849
0.001031777012
0.001044748899
0.00144273627
0.0009573798762
0.001348452282
0.001418443589
0.002511940077
0.002624696301
0.00265409967
0.002743404953
0.002766273524
0.002682080741
0.002546170805
0.0004727163212
0.0005021317205
0.0005189849725
0.000547655649
0.000512111313
0.0005109382344
0.0004701210771
0.0004235736556
0.0004659462114
0.0004889849206
0.0003903418118
0.0004923915925
0.0003926405346
0.0004239044401
0.0004727301862
0.0005021456736
0.0005190133331
0.0005476197543
0.0005109201832
0.000512111817
0.0004701244388
0.0004235178261
0.0004659955041
0.0004890467172
0.0003903215322
0.0004925145554
0.0003926394708
0.0004238785923
0.002810261201
0.002137771321
0.001997188933
0.002554156628
0.001924106369
0.002650208423
0.002630038995
0.001375765157
0.001075679223
0.001568923966
0.001876517399
0.001441609598
0.001056902409
0.001649989246
0.002804854912
0.002136912525
0.00199947955
0.002554703917
0.001924212
0.002649270931
0.002629425113
0.0004534940413
0.0004059926458
0.0004375410227
0.0004596006837
0.0004410838382
0.0004632052258
0.0004632977628
0.0004403357595
0.0004010657658
0.0003843908747
0.0004280052109
0.0004253647854
0.000379109923
0.0004528580632
0.0004534601532
0.0004059554813
0.000437609746
0.0004596019845
0.0004411125775
0.000463193861
0.0004632991967
0.0004402447387
0.0004009961262
0.0003843680895
0.0004279587131
0.0004253332036
0.0003790989417
0.0004527739484
0.0007516174555
0.0006592061772
0.0005551947157
0.0008298907051
0.0008068163246
0.000530326914
0.0008080788872
0.001290572311
0.001543230291
0.001653935121
0.001165312517
0.001654261346
0.001171469468
0.001315266205
0.0007522267399
0.0006579770426
0.0005546937383
0.0008294936338
0.0008064853557
0.0005297724894
0.0008079905531
0.001290805921
0.001543048737
0.001653559569
0.00116485848
0.00165393387
0.001171128146
0.001315064251
0.0004131380987
0.0004355275682
0.0004224957927
0.0004334727369
0.0004270655657
0.0004382631273
0.0004186021987
0.0004117205459
0.0004163059699
0.0004252300597
0.0004231831523
0.0004177592008
0.0004214599614
0.0004310492918
0.0004130872934
0.0004354428274
0.0004224740554
0.000433434583
0.0004270101141
0.000438220743
0.0004185238763
0.0005662169203
0.0006075511165
0.0005290595623
0.0006840828109
0.0006164251461
0.0005117573435
0.0005922384615
0.0001710218634
0.0001489887618
0.0001814743253
0.0001343324667
0.0001899189051
0.0001389587413
0.0001624070006
0.0005682273095
0.000607788894
0.0005296224979
0.0006826113075
0.0006161696189
0.0005125619837
0.0005921308112
0.000170771466
0.0001488837194
0.0001809322173
0.000134206782
0.0001894492425
0.0001389425532
0.0001621834421
0.0004325325002
0.0003849864312
0.0004281103572
0.0004273423834
0.0004120054935
0.0004226888977
0.0004462218771
0.0004561101963
0.0004357757576
0.0004354332546
0.000456962757
0.0004357330903
0.0004623024792
0.0004527646693
0.0004325808675
0.0003850682863
0.0004281372381
0.0004274152418
0.0004227261021
0.0004121159746
0.0004461469667
0.0003897830777
0.000228723076
0.0002114791303
0.0003394090432
0.0003442583936
0.0002210062593
0.0003812916662
0.0005298599159
0.000549729669
0.0005065917421
0.0005496528918
0.0005071322516
0.000552747112
0.0005314732492
0.0005586706083
0.0006275237557
0.0005980544228
0.0006046803193
0.0005982919356
0.0006086433268
0.000559337956
0.0004291889465
0.0003787562606
0.0003893959812
0.0004334621029
0.0004125994354
0.0004260497659
0.0004243664987
0.000389684965
0.000228680711
0.0002114107566
0.0003392492099
0.0002209688483
0.0003441492618
0.0003811960871
0.0005299338192
0.0005495424712
0.0005066362084
0.0005495118619
0.0005072224911
0.0005527621704
0.000531207923
0.0005587697181
0.0006277802641
0.000598173126
0.0006049239811
0.0005983592225
0.0006088493804
0.0005594134964
0.0002838421452
8.506324551e-05
9.178000799e-05
0.0002592043029
0.0002567542115
8.958217099e-05
0.0002844527623
0.0006909977893
0.0007063563648
0.000633493284
0.000739063363
0.0006359737717
0.0007465792983
0.0006857483413
0.0007519186688
0.0008616981679
0.0007666109158
0.0008299449438
0.0007798497382
0.0008427963681
0.0007441425166
0.0002683951126
0.0001588668516
0.0001287998455
0.0003115957696
0.0001293469547
0.0003147430258
0.0002664945127
0.0002836205068
8.509145725e-05
9.176294085e-05
0.0002590701307
8.956486857e-05
0.0002566428695
0.0002841931562
0.0006913230199
0.0007058675341
0.0006337431861
0.0007391526626
0.0006362041204
0.0007466787007
0.0006861464883
0.0007524777375
0.0008624889791
0.0007674086657
0.0008303471143
0.0007804256935
0.0008429120049
0.0007448866252
0.0004081903673
0.0001088250056
0.000122475596
0.0003789552009
0.0001126853487
0.0003522918924
0.0004364721357
0.0002132083043
8.214636125e-05
7.867371783e-05
0.0002407925604
7.546747701e-05
0.0002345174877
0.0002251343186
0.0004088832723
0.000108870682
0.000122399705
0.000379432454
0.0001127401819
0.0003524708961
0.0004374308218
0.0004465950266
0.0004712742882
0.0004606046812
0.0004638939714
0.0004589782234
0.0004296793128
0.0004281315958
0.0004466194111
0.000471295906
0.0004606314728
0.0004638653623
0.0004589458245
0.0004296717193
0.0004281990439
0.0003710870277
0.0003688211311
0.0003611113522
0.0003726745591
0.0004158557672
0.0004319531593
0.0004414666629
0.0004497611532
0.0004260642708
0.0004365478494
0.0004185597828
0.0004255852611
0.0004077505201
0.0004027340044
0.000362079586
0.0004090833904
0.0003642874133
0.0004233738313
0.0003988236027
0.0004102470027
0.0003517092687
0.0003934077478
0.0004139156754
0.0003978751036
0.0003946207646
0.0003011004438
0.0002949075401
0.0002973081373
0.0003397521733
0.0003387866686
4.251330748e-05
3.988126905e-05
5.31397711e-05
5.383513937e-05
4.182786361e-05
7.510175015e-05
5.815776934e-05
6.214984154e-05
9.347770432e-05
5.829738145e-05
9.372589267e-05
7.422640709e-05
0.0001009626335
0.0001211578228
0.0001182755549
0.000119637927
0.0001197107002
0.000110379112
0.0001003040841
9.178546715e-05
7.569582716e-05
0.0001051075801
9.320015215e-05
7.988263149e-05
9.645117378e-05
8.864655793e-05
0.0005184206062
0.0003263186079
0.0005769387416
0.0003279628181
0.0005832889765
0.0003859976639
0.0003861176194
0.0005185775628
0.0003262385435
0.0005766231786
0.0003282286852
0.0005834731745
0.0003861442212
0.000386113409
0.0003477335793
0.0003713190324
0.0003828043083
0.0003774384502
0.000379155279
0.0006746569079
0.0008650019212
0.0006187771676
0.0007692308695
0.0008451555932
0.0006134573853
0.000679187597
0.0005330345608
0.0003777037117
0.0003220107896
0.0004534655502
0.0003678575478
0.0004491796104
0.0005351496553
0.0004360200767
0.0004354240743
0.0004350243599
0.0004374875207
0.0005016991386
0.0004778079228
0.0005199908771
0.0005360980777
0.0005106833474
0.0005100495483
0.0005205886022
0.0004360204988
0.0004253906871
0.0003680528233
0.0004002005922
0.0004255670846
0.0003987466905
0.0004386956584
0.0004943769242
0.0004939434301
0.0004871486393
0.0004466510899
0.000496620607
0.0004438377045
0.0004936863437
0.0004097018878
0.0004146964268
0.0004147273789
0.0004273947547
0.0004273613197
0.001349490197
0.001015331476
0.0008129373224
0.001446862397
0.0009370900078
0.001279321083
0.001557903256
0.001120147745
0.0007461415738
0.0007262612327
0.001242135809
0.0007090034491
0.001152686593
0.001232828503
0.000438124109
0.0004396330359
0.0004565748399
0.0004557655249
0.0004364872023
0.0004173098959
0.0004949112508
0.0004641089954
0.0004148127395
0.0004937908245
0.0004116079673
0.0004197773809
0.0004643574828
0.0004827197639
0.0004486557233
0.0004748673043
0.0004691964401
0.0004434194364
0.0004833938666
0.0004540456594
0.0004432205601
0.0003995644456
0.0004844137763
0.0004444188432
0.0004811645534
0.0004519934418
0.0006320015683
0.0005448580722
0.0006192660021
0.0004678527041
0.0004703249361
0.0005141797837
0.0009187371317
0.0008274156839
0.0006803680335
0.0007833320397
0.0006592211161
0.0005620865249
0.0004322890876
0.0004352018133
0.0004400990695
0.0004389941756
0.0004413475384
0.0004217193279
0.0004188083673
0.0004322775206
0.0004351710787
0.0004401080873
0.0004389712696
0.000441331943
0.0004216454311
0.0004188038794
0.000397589543
0.0003834312681
0.0004205218489
0.0003961845906
0.0003808720553
0.0004044183186
0.000417513159
0.0004089372324
0.0004456573036
0.0003666845949
0.0003693095117
0.0004409279077
0.0003717661831
0.0004099990967
0.0003016126887
0.0002864024851
0.0002269419202
0.0001845041379
0.0002235620664
0.0002458807957
0.0002518061752
0.0003044731445
0.000238762068
0.000290006826
0.0002290230817
0.0002547677607
0.0007004196028
0.0007574274864
0.0004547497137
0.0007510319575
0.0004436770649
0.0004836379992
0.0004904489701
0.0004518155631
0.0003437592491
0.0003066889025
0.0003751103693
0.0003533526002
0.0003794640551
0.0004423192006
0.0002777477228
0.0001111540912
9.876749931e-05
0.0002644441121
0.0001107653057
0.0002655416327
0.000276056149
0.0004479803272
0.0003669780089
0.0003237373164
0.0003843109836
0.0003679361358
0.0003870035398
0.0004439302413
0.0003688449178
0.0002437107436
0.0002649317683
0.0003704861402
0.0003801584817
0.0002572460393
0.0003588466685
0.000447995852
0.0003670343987
0.0003237521774
0.0003843150097
0.0003870255178
0.0003679691801
0.0004440117368
0.0003688270206
0.0002436474627
0.0002649265802
0.0003705001481
0.0003801636662
0.0002573844186
0.0003588176586
0.0003246053988
0.0001354997756
0.0001276463664
0.0003037967456
0.0001349719638
0.000308984148
0.0003188430134
0.0003136728125
0.000115879149
0.0001047121469
0.0003134072927
0.0003175656912
0.0001141018139
0.0003103711807
0.0003245620371
0.0001355468874
0.0001276019073
0.0003037140306
0.0003089283448
0.0001349821735
0.0003187258123
0.0003136335608
0.0001157348721
0.0001046717045
0.0003132589783
0.0003174808968
0.000114050759
0.000310322164
0.0004196385792
0.00044500494
0.0004084018382
0.0004378069841
0.000425068156
0.0004079361774
0.0004325269425
0.000405126297
0.0003958026535
0.0003569701921
0.0004256671817
0.0003974124826
0.0004257739535
0.0004043219553
0.0004187567703
0.0004345549027
0.0003866965554
0.0004121723529
0.0004187104261
0.0003841870897
0.0004402456592
0.0004064012329
0.0004443643386
0.0003680154231
0.0003618628943
0.0004345599123
0.0003662631679
0.0004045093535
0.0004073562798
0.0003740650608
0.0004053413857
0.0003724792375
0.0003719438683
0.0004172279112
0.0004061248778
0.0004083976176
0.0003823615456
0.0004113756975
0.0003878292997
0.0004161820396
0.0004195986257
0.0004450464755
0.0004085124493
0.0004378359081
0.0004324680325
0.0004250994602
0.0004079152886
0.0004050962788
0.0003958100262
0.0003569340434
0.000425632381
0.0004257746543
0.0003974949121
0.0004045623205
0.0004187958479
0.0004345890109
0.0003867850445
0.0004121393006
0.0004402832704
0.0004187236645
0.0003841982991
0.000406391857
0.000444432816
0.0003679769853
0.00036187491
0.0003662316234
0.0004345045781
0.0004045089654
0.0004073634575
0.0003740192725
0.0004053019896
0.0003725108269
0.0003719018681
0.0004172414052
0.0004061073254
0.0004083363416
0.0003823588256
0.0004113342806
0.0003877923091
0.0004161141432
0.0004321655825
0.0003176447637
0.0003580334366
0.0003583360607
0.0004398134944
0.0004055981247
0.0004443553372
0.000402353425
0.0003512437133
0.0003513936943
0.0004445832267
0.0004011577232
0.00037108788
0.0003687078782
0.0003724997014
0.0003610452196
0.0004158588552
0.0004319952219
0.0004415050794
0.0004498590018
0.000418513908
0.0004260500255
0.0004365246773
0.000425546999
0.0004078264051
0.0004027107038
0.0003619412011
0.0004092092601
0.0003641535187
0.0004233307117
0.0003986976927
0.0004105988238
0.0003519479413
0.0003938134933
0.0004138675442
0.0003977582589
0.0003946813009
0.0004321669548
0.0003176090213
0.0003580579818
0.0003583725173
0.0004397768738
0.0004056107534
0.0004442319912
0.0004022407965
0.0003512707895
0.0004444385463
0.0003514025983
0.0004012132176
0.0003012717744
0.0002948097855
0.0002971792412
0.0003395916096
0.0003393318317
4.436219561e-05
4.167782157e-05
4.177564707e-05
3.601175008e-05
3.585353122e-05
4.436834466e-05
4.166234569e-05
4.178514587e-05
3.601199448e-05
3.586795854e-05
0.0001182811559
9.900929454e-05
9.946903987e-05
0.0001198932752
0.0001148619484
8.599991611e-05
7.7501076e-05
0.0001091283991
0.0001055435292
7.756430581e-05
0.0001187392095
0.0001031528327
7.22842412e-05
6.732920406e-05
0.0001234674936
0.0001203720593
7.283002744e-05
0.0001036408231
0.0001076222858
7.170779239e-05
9.217813641e-05
5.617284637e-05
8.057362515e-05
6.295801084e-05
9.246818535e-05
4.257259029e-05
3.991763632e-05
5.314942158e-05
4.182470942e-05
5.391701833e-05
7.51823854e-05
5.828264183e-05
6.225480915e-05
9.360745203e-05
5.841048932e-05
9.374189547e-05
7.438284557e-05
0.0001183121272
9.895127753e-05
0.0001198503809
9.944235387e-05
0.0001148163634
8.584009162e-05
7.738069186e-05
0.0001090252644
7.741560518e-05
0.000118680599
0.0001055472511
0.0001031020408
7.219299177e-05
6.728918461e-05
0.0001234418975
7.275920052e-05
0.0001203906178
0.0001035062265
0.0001075600364
7.18806834e-05
9.271623587e-05
5.614649159e-05
6.28735784e-05
8.080422485e-05
9.228509858e-05
0.0001907454924
0.0001147233172
0.0001928193776
0.0002306315011
0.0002304070099
0.00019013855
0.0001731659251
0.0001814622442
0.0002365478983
0.0001878222524
0.0002494962678
0.0001867196443
0.000269028906
0.0002073419558
0.000249332967
0.0001819147172
0.0002017263452
0.0002474543054
0.0002717812094
0.0003138019523
0.0003088176881
0.0002476793272
0.0002726742881
0.0002746303718
0.0002912305082
0.0003095660126
0.0001014165388
0.0001211138935
0.0001181113697
0.0001198405178
0.0001001990492
0.0001201098951
0.0001105297793
9.232249123e-05
7.56105456e-05
0.000105284661
9.355350419e-05
7.985675604e-05
9.671848367e-05
8.902590154e-05
0.000191066806
0.0001150727418
0.0001933007957
0.0002308537777
0.0002305108117
0.0001903055323
0.0001732652063
0.0001817056118
0.0002367261848
0.0001880233871
0.0002497116355
0.0001870187669
0.0002688580438
0.0002074394425
0.0002494234643
0.0001818238504
0.0002718298444
0.0002017012077
0.0002473773242
0.0003134911479
0.0003085058157
0.0002476143304
0.0002722825639
0.0002748578736
0.0002910155621
0.0003092693784
0.0004545975916
0.0004580470734
0.000429094453
0.0004644183942
0.0004525260634
0.0004208219073
0.0004569220037
0.0004221427042
0.0004156902103
0.0004283727424
0.0004115452478
0.0004165111922
0.000416435101
0.0004194606072
0.0004886984609
0.0004765307329
0.0004971088432
0.0004969557086
0.0004679979156
0.0004826470972
0.0005118680466
0.0004677517894
0.0004486995549
0.000397524382
0.0004807914249
0.0004477653347
0.0004812435967
0.0004683097416
0.0003960303918
0.0003952702194
0.0004508482533
0.0004491675465
0.0004501256064
0.0004104767673
0.0004276219172
0.0003940589982
0.000423044894
0.0003955108978
0.0004246314021
0.0004128342684
0.0004545003869
0.0004580671955
0.0004290970927
0.0004643986157
0.0004568224227
0.000452337277
0.0004207260227
0.0004221629397
0.0004157002424
0.0004284091779
0.0004116374275
0.0004165877287
0.0004166243946
0.0004195164931
0.0004887776097
0.000476540327
0.0004972863432
0.000496880588
0.0005121158221
0.0004679059463
0.0004825571304
0.0004676868215
0.0004484049095
0.0003971721972
0.0004807834959
0.0004810585573
0.0004476065305
0.000468323765
0.0003960685754
0.0003952868945
0.0004509119896
0.0004488439808
0.0004502804519
0.0004104680534
0.0004275877347
0.0003940435621
0.0004230595426
0.0003954922987
0.0004246325109
0.0004128270094
0.0003477440499
0.0003713180901
0.0003827486826
0.0003774553935
0.0003791995102
0.0003881063075
0.0002742970777
0.0003516797189
0.0003434648378
0.0002676486062
0.0003881980671
0.0002742236356
0.0003520673641
0.0002676588548
0.0003432748522
0.0003683966044
0.0003708449767
0.0004800344821
0.0003975514091
0.0004830059868
0.0004336210031
0.0007599582863
0.0005328680105
0.0006478184685
0.0005245682073
0.0006363581199
0.0004498638143
0.001102261787
0.001148720093
0.0008907974093
0.0009204563372
0.001129941558
0.0008800499433
0.001107821371
0.00113502839
0.001107130236
0.0006913373294
0.0008207334364
0.0007909273012
0.001083217617
0.001137331865
0.0006746045812
0.0008650101763
0.0006188124521
0.0007688990423
0.0006791763331
0.0008452191077
0.0006134794609
0.0005326275442
0.0003773928738
0.0003221174007
0.0004533293365
0.0003678376934
0.0004491288425
0.0005345666007
0.0003687757115
0.0003710225995
0.0004806041048
0.0003991003973
0.0004838524339
0.0004343152716
0.0007595407471
0.0005327278724
0.0006470300003
0.0005244270432
0.0006363346718
0.0004502153242
0.001102337891
0.00114871494
0.0008908766849
0.0009203858828
0.001107967109
0.001129857007
0.0008803121819
0.001135044292
0.001105761953
0.0006935860024
0.0008213409235
0.0007915320323
0.001082188658
0.001137399617
0.0004377938271
0.0004314291622
0.0004669031781
0.0004710583844
0.0004353309696
0.0004106036442
0.0004893163242
0.0004646174971
0.0004057905704
0.0004043506011
0.0004889105661
0.0004114454954
0.0004359822166
0.0004354188299
0.0004374672244
0.0004350032501
0.0005016777467
0.0004778367701
0.0005200471859
0.0005361083276
0.0005206135015
0.0005107599166
0.0005100980744
0.0004361041735
0.0004253445555
0.0003680237695
0.0004001593892
0.0004254841889
0.0003986521703
0.0004387801413
0.0004943420051
0.0004939208666
0.0004871167419
0.0004466630244
0.0004965900169
0.0004438328918
0.0004936512446
0.0004378766786
0.000431343747
0.000466814673
0.0004711676395
0.0004353543591
0.0004106260677
0.0004893794769
0.0004645977138
0.000405768452
0.0004890489984
0.0004043466877
0.0004114382131
0.0006464310515
0.000541604333
0.0005294839055
0.0006559155329
0.001388317344
0.001753529466
0.00148407445
0.001815106265
0.001785203415
0.001496685297
0.00141577901
0.0008835419081
0.00111887135
0.0006045627376
0.0005268880845
0.0004985056038
0.001071042651
0.0009439832464
0.001167840202
0.002026124622
0.001445846303
0.00098835258
0.00167206174
0.0009289970244
0.001316073806
0.0006251454464
0.0008803791096
0.001199646968
0.0006738540182
0.001088566753
0.0006645826005
0.001343607468
0.00123315485
0.0007638126152
0.0007331107782
0.001087367651
0.000691625423
0.0006442783389
0.0005417606706
0.0006554379268
0.0005289977045
0.001385921781
0.00174850329
0.001482897569
0.00181482427
0.001491649321
0.001414539732
0.001781981676
0.0008790487601
0.001111634675
0.0006071051426
0.0005225146134
0.00106659408
0.000496202
0.0009359652264
0.001166105872
0.002022571633
0.001447664563
0.0009881811068
0.0009283482011
0.001674784477
0.001309099377
0.0006237343088
0.0008806882286
0.001198572888
0.0006739472416
0.001089444593
0.0006640985884
0.001343274563
0.001234600843
0.0007632819545
0.0007324227232
0.001088103348
0.0006906230426
0.0005389064446
0.0004995485127
0.0004678179621
0.00053390874
0.0004982775047
0.0005320711009
0.000543278605
0.0005270544099
0.0004469321516
0.0004386936184
0.0005321273085
0.0005296273398
0.0004455031036
0.0005273154386
0.0005388826004
0.0004995182523
0.0004677923344
0.0005338480171
0.0005320623498
0.0004982566172
0.0005432475506
0.0005270259552
0.0004468932411
0.0004386655297
0.0005320690906
0.0005295803292
0.000445475124
0.0005272380848
0.0004096650878
0.0004146360619
0.0004147270212
0.0004274862383
0.0004273556493
0.0007360897435
0.0007157269143
0.0006972253465
0.0006483436607
0.0006275800394
0.0007365425992
0.0007158963338
0.0006971997741
0.0006479968123
0.0006263418572
0.001177050859
0.0007686410396
0.0007437288821
0.001344552388
0.00119513757
0.0007335852007
0.001287417648
0.001348175929
0.001012169501
0.0008119891872
0.001445376563
0.0009353708725
0.001279246355
0.001556010366
0.001178699446
0.0007703350186
0.0007450648936
0.001345664252
0.0007356092755
0.001196716218
0.001289369172
0.000534245036
0.0004494721899
0.0004398617573
0.0005208733687
0.0004468846838
0.0005215539266
0.0005360189929
0.0005277025059
0.0004862213252
0.0004697711673
0.0005331249747
0.0005336568182
0.0004846057439
0.0005244546648
0.0005342289848
0.0004494827327
0.000439856713
0.0005208722802
0.0005215530907
0.0004468763119
0.0005360361555
0.0005276579989
0.0004861495532
0.0004697386788
0.0005330907169
0.0005336212956
0.0004845466916
0.0005243884672
0.0004155007885
0.0004220576249
0.0004215656641
0.0004318958629
0.0004317661879
0.000415416786
0.0004219017727
0.0004215088666
0.0004318504386
0.0004317203968
0.0007291433879
0.0007053963667
0.0006820317931
0.0006369703263
0.0006178612097
0.0007285897353
0.0007053910894
0.0006811867409
0.0006368773362
0.0006172704821
0.001242992425
0.00098657543
0.0007576548011
0.001316096284
0.001199846728
0.0009061046609
0.001327709878
0.001119850095
0.0007457787114
0.0007261699797
0.00124252649
0.0007088030721
0.001153675428
0.00123294286
0.001242975562
0.0009862489217
0.0007577341446
0.001316062985
0.0009061792241
0.001200620554
0.00132786532
0.0004466242256
0.0004324964009
0.0004339208292
0.0004476252038
0.0004902569245
0.0004567526029
0.0005129287902
0.0005094171544
0.0005040463922
0.0004890488908
0.0005010682976
0.0005018723173
0.0004823394596
0.0004888391933
0.0004447071434
0.0004415915196
0.0004822528298
0.0005099283442
0.0004361097321
0.0004245832266
0.0003754991857
0.0004056250564
0.0004254342601
0.0004024445667
0.0004383238715
0.0004384163056
0.0004394957934
0.0004567642545
0.0004368958349
0.000456071719
0.0004173429914
0.0004950105307
0.000464113078
0.0004147777101
0.0004938890548
0.0004116018615
0.0004197267044
0.0004465382281
0.0004325253546
0.0004474482605
0.0004339125083
0.0004902190856
0.0004567564093
0.0005128250755
0.0005093833197
0.0004890320366
0.0005009659568
0.0005040211293
0.0005017492539
0.0004824320257
0.0004888633522
0.0004447975076
0.000482239502
0.0004416417835
0.0005100038286
0.0004359886785
0.0004245388687
0.0003754932882
0.0004056060422
0.0004023838681
0.000425331875
0.0004382806867
0.0006154037935
0.0008135247624
0.0009549971719
0.0009000935087
0.0006431978357
0.000616626278
0.001097053883
0.001074257779
0.0007434787193
0.0009501922358
0.000681658826
0.0006658843491
0.0006969457812
0.0006278741356
0.0006108206702
0.00070973406
0.001455547577
0.001698869983
0.001653346187
0.001533552106
0.00142146103
0.001646082537
0.001521840618
0.001065387038
0.001692579371
0.001203186
0.001103139612
0.000849750742
0.001392333163
0.001435624542
0.0008643171563
0.001245520204
0.000636823536
0.0006025861151
0.0005188476054
0.001085908236
0.001039364712
0.0006152855446
0.0008136565102
0.000955990203
0.0006423346514
0.0009018384655
0.0006164108058
0.001097531936
0.001075390212
0.0007432789116
0.0006816822691
0.0009510577056
0.000665822608
0.0006972730982
0.00062843329
0.0007096118649
0.0006105806631
0.00145492085
0.001697974128
0.00165237138
0.001532790728
0.001424538912
0.00164626068
0.001523121901
0.001064545199
0.001692390746
0.001204317677
0.001102357377
0.0008495808277
0.001392310376
0.001436223289
0.0008645345024
0.001245337451
0.0006371294012
0.0006011683733
0.0005191370114
0.001086264591
0.001039640811
0.0004634785066
0.0004509042223
0.0004616575032
0.0003977055574
0.0003960320634
0.000427155656
0.0004250237918
0.0004234503632
0.0003979548114
0.0004215671544
0.0003968685399
0.0004302555087
0.000433204345
0.0004204462454
0.0004373025167
0.0004441924563
0.0004100534723
0.0004339523313
0.0004407758305
0.0004181763931
0.0004204893319
0.0004339597159
0.0004185193644
0.0004225316695
0.0004211768892
0.0004144642121
0.0004644758117
0.000482673182
0.0004484758682
0.0004747187392
0.0004834952597
0.0004692007942
0.0004435693611
0.0004539748528
0.0004430523734
0.0003992025189
0.0004844674416
0.000444384515
0.0004810206305
0.0004520333884
0.0004637828596
0.0004506521971
0.0004618437976
0.0003977018307
0.0003960815409
0.0004271052115
0.000424963589
0.0004234535341
0.0003979805419
0.0004216288736
0.0003968958843
0.0004301452334
0.0004331402331
0.0004204516594
0.0004371128706
0.0004441709922
0.0004407860466
0.0004100560913
0.0004340314759
0.0004181923989
0.0004206156059
0.0004340151793
0.0004185462904
0.0004225991661
0.0004212755842
0.0004144984619
0.0003528806516
0.0003839876519
0.0003792626984
0.0003858793066
0.0003803925386
0.0003528831726
0.0003840796846
0.0003793531369
0.0003803425094
0.0003858740357
0.0004885566626
0.0004298625138
0.0004020157845
0.0004255453206
0.0003925262061
0.0004873955182
0.0004300397964
0.000402053198
0.0004256136982
0.0003929769838
0.001328878463
0.001112143372
0.001355322253
0.001140824175
0.00112501453
0.001340106192
0.001338882545
0.001301448999
0.001246527738
0.0008203490709
0.0009924465696
0.001001493614
0.001229356175
0.001266161959
0.000870446821
0.0007893541003
0.00102782602
0.0009945468385
0.000796698492
0.001023495567
0.0008706395945
0.0006910889576
0.0004855772033
0.0004281208025
0.000610066805
0.0005811534645
0.0004614985428
0.000727094176
0.0006319039326
0.00054573586
0.0006192915793
0.0004679634428
0.000470098131
0.0005139403401
0.0009184055259
0.0008269557488
0.0006803549157
0.0007832983524
0.000659738014
0.0005613185841
0.001328430184
0.001111456664
0.001354863041
0.001140508628
0.001338692616
0.001125159286
0.001339767298
0.001300527974
0.001246757032
0.0008198253747
0.0009913467796
0.00122916824
0.001001125684
0.001265471015
0.0008707362726
0.0007890880953
0.00102768155
0.0009944214292
0.0008705969768
0.0007972162098
0.001023608261
0.0006914823883
0.0004855828479
0.0004280697131
0.0006105246408
0.0004615291645
0.0005818242587
0.0007274770272
0.0003760249171
0.0003759315424
0.0004094129507
0.0003772801157
0.0004076784908
0.0004147565515
0.0004091449143
0.0003840624745
0.0004130637714
0.0003892657184
0.0004151660983
0.0004131335783
0.0003958928701
0.0004029689197
0.0004239372048
0.0004082110973
0.0004001277469
0.0004068448689
0.0004062156405
0.0004022966684
0.0003914310494
0.0003573640158
0.0004237401815
0.0004252248544
0.0003946013888
0.0004010747885
0.000397622045
0.000383395683
0.0004204538766
0.0003962308987
0.0004174915383
0.000380843941
0.000404442577
0.0004089769322
0.0004458576063
0.0003667334804
0.0003693827822
0.0004409534465
0.0003718258164
0.0004099772941
0.0003760172352
0.0003760049084
0.0004094204924
0.0003773322085
0.0004077410862
0.0004149887451
0.0004091540302
0.0003841140159
0.0004131042221
0.0003893065208
0.000415230323
0.0004132447291
0.0003959380011
0.0004029749241
0.0004238716561
0.000408204089
0.0004062319621
0.0004000876351
0.0004068514862
0.0004022683706
0.0003914333581
0.0003574428158
0.0004237023121
0.0004251277544
0.0003945636074
0.0004010845577
0.0003624873391
0.0003813278776
0.000375188229
0.0003630512262
0.0004161425454
0.0004223863806
0.0004334629601
0.0004236206775
0.0004096160034
0.0004240141268
0.000419969924
0.0004005787004
0.0004138763267
0.0003498087718
0.0003906925924
0.0003908844084
0.0004172841368
0.0003977226913
0.0004300077036
0.0004056155055
0.0004009743133
0.000362179518
0.0004079797108
0.0003636436583
0.000427782568
0.0003903682735
0.0003117600715
0.0003523436122
0.0003912442919
0.0003525492183
0.0003743298838
0.0004430983987
0.000400988229
0.0003443012307
0.0003459073641
0.0004458215053
0.0003660299901
0.0003624925718
0.0003812627016
0.0003630868625
0.0003751350267
0.0004161700073
0.0004223703329
0.0004334599743
0.0004236293771
0.0004240037451
0.0004200199548
0.0004096786217
0.0004006060348
0.0004140304987
0.0003500522594
0.0003908281689
0.0004173780068
0.0003909582019
0.000397710028
0.0004299852254
0.0004056837225
0.0004010244939
0.000362186572
0.0003636209564
0.0004080126386
0.0004277593119
0.0003902857557
0.000311770699
0.0003523428083
0.0003912700675
0.0003525798931
0.000374489827
0.0004432407194
0.0004010414826
0.0003443802214
0.000345974956
0.0004458732137
0.0003661790342
0.000283619323
0.000269760676
0.0002709828539
0.0002948438528
0.0002921070526
0.0002835975607
0.0002696203288
0.0002708962063
0.0002947687255
0.0002921406105
3.842638602e-05
3.615886582e-05
3.610608468e-05
2.971290306e-05
2.960956717e-05
3.840655416e-05
3.613646976e-05
3.60794392e-05
2.970147832e-05
2.960129046e-05
5.391431367e-05
4.115242222e-05
5.651881476e-05
5.644158886e-05
5.428893199e-05
9.28339975e-05
5.480126062e-05
6.033842297e-05
0.000109835375
5.770180438e-05
0.0001253308753
8.314409289e-05
0.000115900939
0.0001051804573
0.0001020724842
0.0001237107855
9.858749926e-05
8.048742305e-05
9.163105045e-05
7.599947469e-05
0.0001143292326
8.414781548e-05
7.415931006e-05
8.821479861e-05
8.611016915e-05
0.0001482561333
9.769080831e-05
9.988557777e-05
8.655866315e-05
8.622785072e-05
0.0001007913401
6.284518054e-05
6.366841767e-05
0.0001331500508
0.0001395673412
6.674166314e-05
8.997101407e-05
5.375436667e-05
4.106141033e-05
5.645374699e-05
5.423029487e-05
5.631228207e-05
9.244651252e-05
5.471083699e-05
6.021138345e-05
0.0001093913231
0.0001249322024
5.758761939e-05
8.287060387e-05
0.0001161005751
0.0001053885586
0.0001238486176
0.0001021876475
9.874689485e-05
8.036228595e-05
9.18959028e-05
7.597146023e-05
0.0001146234323
8.433677741e-05
7.403446038e-05
8.8250762e-05
8.615104553e-05
0.0001477467627
9.878482622e-05
0.0001007501419
8.65588603e-05
8.626441493e-05
0.0001008164674
6.269438652e-05
6.348229063e-05
0.0001331784245
0.0001397903636
6.657309917e-05
9.000690778e-05
0.0003987494769
0.0003646210384
0.0003146629958
0.0002728209861
0.0003474404311
0.0003171616264
0.0003929660378
0.0004651491461
0.0004264973899
0.0003062902859
0.0003717385043
0.0003543020778
0.0003957019309
0.0005059671946
0.0001111841813
0.0001794462001
0.0001244719115
0.0001567580245
0.0001684453067
0.0001203913811
0.0001128920552
0.0001039089112
9.461066843e-05
0.0001849911987
0.0001500456301
0.0001458913714
9.505334278e-05
0.0001072749716
0.0003009594886
0.0002859377906
0.0002267615618
0.0001842482832
0.000223966222
0.0002458894502
0.0002513212816
0.0003036654676
0.00023906876
0.0002894588395
0.0002297132488
0.0002542690059
0.0003985288514
0.0003642678737
0.0003142778952
0.0002724205845
0.0003927067031
0.0003471075477
0.0003167640935
0.0004654395427
0.0004266468435
0.0003062429546
0.000371332688
0.0003956761756
0.0003544795054
0.0005057865605
0.0001110915119
0.0001792983726
0.0001243376358
0.0001565650828
0.0001127623176
0.0001682277939
0.0001202968135
0.0001038464182
9.457062436e-05
0.0001849290696
0.0001497853634
9.497660996e-05
0.0001457317346
0.000107185347
0.0003437388548
0.0002150377332
0.0002463774701
0.0003537678106
0.0003628899015
0.0002267890625
0.0003347486194
0.000451929743
0.0003437677875
0.0003066829523
0.0003750969455
0.0003534543347
0.0003794902024
0.0004424011003
0.0003436679331
0.0002150147842
0.0002463614465
0.0003537438807
0.0002267706608
0.0003628486577
0.0003346862781
0.0002731414229
9.517299822e-05
8.057085596e-05
0.0002673046097
0.0002668351894
9.280270744e-05
0.0002745001651
0.000277547683
0.0001111074879
9.877000798e-05
0.0002642440462
0.0001107292926
0.0002653275802
0.0002758612473
0.0002729591171
9.515282127e-05
8.059701006e-05
0.0002671581004
9.279900417e-05
0.0002667166405
0.0002743050012
0.000441991473
0.0004208196154
0.0004280849202
0.0004118783251
0.0004420124033
0.0004208063487
0.000428100765
0.0008337882622
0.0008895560219
0.0008874247735
0.000810754301
0.0008700730946
0.0008119413454
0.0008283430005
0.0008773983185
0.0002502181797
0.0002358595736
0.0009051830266
0.0008786739612
0.0002501212615
0.0002358122329
0.000405313417
0.0003655929167
0.0003896948708
0.000357784468
0.0004053045089
0.0003655521857
0.0003897350957
0.0003022988361
0.0007678049768
0.0007215887879
0.0002995122257
0.0003019471879
0.0007668862611
0.0007204325325
0.0003888308172
0.0003379748875
0.0003926263659
0.0003159414148
0.0003928876501
0.0003167181094
0.0003897702326
0.00236581235
0.002597752656
0.002146338514
0.00272786107
0.002173493896
0.002801759239
0.002765827516
0.0003906041302
0.0003648065673
0.0004113251397
0.0003698249761
0.0003906230475
0.0003648281289
0.0004113695574
0.00104671234
0.0002732816964
0.0003260946182
0.0009308566592
0.001047017938
0.0002734830873
0.000326478571
0.0004318680068
0.0004246961069
0.000455257667
0.0004265901296
0.0004318597579
0.0004247486756
0.0004552753314
0.0001069987856
0.0001077714145
0.0003561955923
9.810426258e-05
0.000328309672
0.0003132104568
0.000330891791
0.0001732998488
0.0006650870546
0.0006762688249
0.000185631687
0.0001739368699
0.00066533513
0.0006757285985
0.0005082869428
0.000532592746
0.0005300824913
0.0005108094734
0.0005269494697
0.0005074780517
0.0005121924903
0.0005083378717
0.000532272598
0.0005301192009
0.0005107370341
0.0005270024941
0.0005077034665
0.0005121717943
0.0008337182616
0.0008893326959
0.0008865092851
0.000811161855
0.0008697739732
0.0008119502147
0.0008282674856
0.0003917395309
0.0003391304666
0.0003194260557
0.0003999353575
0.0003194251068
0.0003980606323
0.0003916150738
0.0003917391318
0.0003391593116
0.0003194209072
0.0003999464274
0.0003194252727
0.0003980382669
0.0003917002808
0.00261693462
0.002760472931
0.00246626695
0.002661429262
0.002754673401
0.002752738122
0.002397704999
0.002617685385
0.002760878578
0.002465913792
0.002662037556
0.002756329546
0.002747753848
0.002395807691
0.0003888290573
0.0003379623317
0.0003926479503
0.0003159577249
0.000392922881
0.0003167328639
0.000389801675
0.003139806366
0.002944571621
0.002969295524
0.002961701061
0.002900258997
0.002843544155
0.003303845226
0.00314142753
0.002939313308
0.002971965253
0.002959688875
0.002899542301
0.00284228147
0.00329805285
0.0004631995126
0.0005088814029
0.0004856383172
0.0005173215268
0.0004882030505
0.000520501282
0.0004580640748
0.0004630641035
0.000508912663
0.0004856636347
0.0005174116594
0.0004881167638
0.0005205602655
0.0004581005386
0.0007811851681
0.000934708383
0.0007845875265
0.0008831997202
0.0007941235623
0.0008980836249
0.0007830122481
0.0007814965584
0.0009342995328
0.0007854167365
0.0008839268908
0.0007946717587
0.0009004212888
0.0007833663956
0.0004604370974
0.0004778959832
0.0004704708551
0.0004765505877
0.0004703412858
0.0004590056698
0.0004610218561
0.0004606859102
0.0004778223393
0.0004704170925
0.0004766617766
0.0004703096947
0.0004587835246
0.0004609502083
0.0001402353315
0.0005186378051
0.000122800656
0.0005145232956
0.0001281204479
0.0004977799499
0.0005001635856
0.0001401608461
0.0005181519758
0.0001225770057
0.000514382049
0.0001280383841
0.0004983740439
0.0005003994618
0.0004084562305
0.0003539897411
0.0004178128855
0.0004040285492
0.0004163428381
0.0003556858597
0.0004073837743
0.0003945621475
0.0003993775646
0.000411686342
0.0003479711199
0.0004148274085
0.000396596215
0.000395210551
7.420179626e-05
9.153788358e-05
5.72524723e-05
6.155159096e-05
5.785913459e-05
9.279269613e-05
7.307541108e-05
8.918786732e-05
0.0001166153007
8.88569582e-05
0.000107165875
8.511185108e-05
0.000110020346
8.988538923e-05
0.0004571569965
0.000450558164
0.0003932520203
0.0004519002767
0.0003920838974
0.00035987099
0.000360624494
0.000456992481
0.0004509388972
0.0003932822631
0.0004516012671
0.0003920774146
0.0003596272418
0.0003607405682
0.0005256901378
0.000436552372
0.0003458094759
0.0003137924861
0.000347862031
0.0004389753288
0.000526619283
0.001873131266
0.001522560428
0.001925158181
0.001527666919
0.001952364983
0.001812807249
0.001735089319
0.001870927078
0.001521707338
0.001924758755
0.001526898237
0.001950706465
0.001811536334
0.001735117337
0.0004382998875
0.0003996903693
0.00044337475
0.0003722151232
0.0004412464968
0.0003994650483
0.0004404798249
0.0004882640571
0.0004412247195
0.0005132272462
0.0004953477158
0.0005127659223
0.0004418866378
0.000489218497
0.001613160956
0.001173658998
0.001710500005
0.001209716312
0.001549969645
0.001157569099
0.001731009107
0.001569878226
0.001536720414
0.00110342143
0.0008902488114
0.001056308303
0.001464968502
0.001660681875
0.001232013125
0.0007712497458
0.001279327423
0.0007865593375
0.001243677055
0.0007698137028
0.001272897014
0.001241489562
0.00130868692
0.0007874297465
0.0007877835748
0.0007685087843
0.001263657591
0.001277647516
0.0004150429883
0.0004071066512
0.0004906197359
0.0004587599316
0.0004893765656
0.0004084077466
0.0004139204332
0.0004452542434
0.0003900393255
0.0004414139217
0.0003924959183
0.0004433252756
0.0003567215457
0.0003548000455
0.0004453109162
0.00039001412
0.0004414237234
0.0003924705198
0.0004433254641
0.0003567734554
0.0003548687547
0.0004606095646
0.000460492081
0.0004416900688
0.00039868006
0.0004433389128
0.0004625613276
0.0004597840844
0.0005125555522
0.000774710891
0.0006388748742
0.0009224407134
0.0007779767908
0.0006418766004
0.0005150113662
0.00236516596
0.002597335384
0.00214546767
0.002727381629
0.002172670196
0.00280137233
0.002764786771
0.0003986711304
0.0003528124988
0.0004509510855
0.0003946299018
0.0004523481381
0.0003533296833
0.0003996648884
0.000251424742
0.0003085330761
0.0002473143187
0.000248801154
0.0003015595473
0.0002445873218
0.0002683268266
0.0004300120608
0.000423421909
0.0004433944646
0.0004298717084
0.0004493222177
0.0004559283575
0.0004522749379
0.0004299649514
0.0004233981094
0.0004434147512
0.0004298337411
0.0004493129999
0.0004558544254
0.0004522552127
0.0004299567366
0.0004214295881
0.0004292147912
0.0004216492818
0.0004349209247
0.000415433091
0.000432788662
0.0004619083388
0.0003845943715
0.0003548172752
0.000306846127
0.0003573403754
0.0003857119715
0.0004614783419
0.0002701686808
0.000158656796
0.0001302588354
0.0003184737357
0.0001294079299
0.00031689723
0.0002713252701
0.0002793146299
0.0002683600124
0.0001113583666
9.832306125e-05
0.0001105099346
0.0002671656463
0.0002804721951
0.0001070341379
0.0001081825602
0.0003567789201
9.812441191e-05
0.0003285791485
0.0003135154465
0.0003316208439
0.0004320992611
0.0004130076085
0.0004182300837
0.0004552479092
0.0004612591799
0.0004136890493
0.0004341556576
0.0004541146223
0.0003930008621
0.0003690733861
0.0003195136941
0.0003721325897
0.0003938559726
0.0004533443425
0.0004278524752
0.0002682517098
0.0003800538635
0.0002599425819
0.0004291400928
0.0003789813313
0.0002589395439
0.0003724651956
0.0003863582209
0.0002563890354
0.000264713574
0.0003857817021
0.0003739063033
0.0002559475822
0.000432054045
0.0004129766516
0.0004183147057
0.0004552614659
0.0004137645765
0.0004341097509
0.0004612518576
0.000454100557
0.0003929714785
0.0003690092682
0.0003193339772
0.0004532819681
0.0003938560307
0.0003721418688
0.0004276954616
0.0002683011607
0.000380028535
0.0002597988838
0.0004290676245
0.0003789542775
0.0002590815241
0.0003724555282
0.000386318649
0.000256268954
0.0002646787156
0.0003738522445
0.0003857172803
0.0002560189457
0.0003027052972
0.0001856022085
0.0003490824534
0.0001548053938
0.0001546378043
0.0003475077493
0.0003039888368
0.0003257680636
0.0003114972996
0.000134578166
0.0001266974094
0.0001344071733
0.0003100214754
0.0003272947159
0.0003275547206
9.955934999e-05
0.0002963569193
0.0001142826461
0.0003290914142
0.0002921591645
0.0001135414722
0.0003141710112
0.0003207049574
0.0001131998119
0.000103710554
0.0003191719103
0.0003163131656
0.0001129441206
0.0003027220808
0.0001856683149
0.0003490757349
0.0001548000413
0.0003475065646
0.0003039971021
0.0001546762599
0.0003257515711
0.0003114443938
0.0001345864298
0.0001266584326
0.0003272812596
0.0003098618912
0.0001344189668
0.0003276449086
9.95031357e-05
0.0002962589059
0.0001141355437
0.0003290170842
0.000292143521
0.0001135075269
0.0003141109466
0.0003206608374
0.0001131276523
0.0001036821055
0.0003163196059
0.0003189424153
0.0001129146486
0.000408647355
0.000408848691
0.0003901151656
0.0003508396848
0.0003935491507
0.0004085080165
0.0004069869762
0.0004011613816
0.0003516795084
0.0004526409808
0.0003904289814
0.0004524070984
0.0003518194193
0.0004014753822
0.0004076703231
0.0004036452491
0.0003631788158
0.0004129017122
0.0004046342181
0.0003637342159
0.0004082818568
0.0004085895072
0.0004088514761
0.0003902587739
0.0003508071792
0.0004070420045
0.0004084622646
0.0003935323493
0.00040115707
0.0003516896823
0.0004526571713
0.0003904141464
0.0004014537978
0.0003518047473
0.0004523698083
0.0004076446242
0.0004036054595
0.0003631853746
0.0004128610861
0.000408245459
0.0004045977476
0.0003637054182
0.0003959478431
0.0003465191953
0.0004394463881
0.0004007356909
0.0003497309541
0.0004426490659
0.0003968496594
0.0004083518418
0.0003539301463
0.0004175349111
0.0004039868233
0.0004072913314
0.000416256092
0.0003556163082
0.0003943989797
0.0003995095655
0.0004119092437
0.0003481038183
0.0003949864837
0.0004146697715
0.0003963005008
0.0003957921534
0.0003464532778
0.0004392202523
0.0004006643695
0.0004425927782
0.0003967697119
0.0003497272014
0.0001117449252
0.0001160499652
7.068624235e-05
6.690419956e-05
0.0001170603311
7.102074483e-05
0.0001123235282
0.0001277738378
8.331222271e-05
9.996603278e-05
9.279062822e-05
9.383785421e-05
7.626593636e-05
0.0001334651006
7.420032443e-05
9.150808101e-05
5.724708159e-05
6.160460784e-05
7.30666077e-05
5.791745846e-05
9.27381226e-05
0.0001117145346
0.0001160066104
7.054499319e-05
6.682033625e-05
7.088658991e-05
0.0001122606439
0.0001170508136
0.0001278584569
8.316866639e-05
9.985119185e-05
9.34057441e-05
0.0001334697578
7.648988265e-05
9.412685329e-05
0.0002000936521
0.0002150821535
0.0002661618615
0.0001822286766
0.0002073550004
0.0002619131632
0.0002008389491
0.0003358636971
0.0002919466549
0.0003164897127
0.000249008735
0.0002780028647
0.0003450620916
0.0003030750411
8.951427791e-05
0.0001164001059
8.845715591e-05
0.0001073298136
8.979737472e-05
8.527961339e-05
0.0001100694285
0.0002000572806
0.0002155633757
0.000266387041
0.0001820806633
0.0002010779529
0.0002076929103
0.0002624513682
0.0003355621641
0.0002923626935
0.0003163367687
0.0002488887766
0.000345045087
0.0002778812956
0.0003028202399
0.0004255815924
0.0004089393375
0.0004302047076
0.0004347081202
0.0004281619235
0.0004055024294
0.000428404294
0.0004772844009
0.0004676508807
0.0004475932732
0.0003981015136
0.000449542776
0.0004689140435
0.0004756016021
0.0004079811707
0.0003791038421
0.0004242462268
0.0004444728723
0.0003808366471
0.0004237976916
0.0004076194101
0.0004256816313
0.0004089413585
0.0004302238923
0.0004347529128
0.0004284306463
0.000405556266
0.0004282373867
0.0004772561544
0.0004676952425
0.0004474731592
0.0003977488015
0.0004755601762
0.000468832666
0.0004496084906
0.0004080286488
0.0003791899291
0.0004243921924
0.0004444729909
0.0004076204174
0.0003808294336
0.0004237321127
0.0004261659809
0.0005223093352
0.000626050634
0.0007327495492
0.0005240784664
0.0006280191828
0.0004244450945
0.001127005933
0.0007901183781
0.00106443585
0.000681281527
0.0007945433942
0.001134051039
0.001066264713
0.0005258079583
0.0004368340086
0.0003461654159
0.0003140303442
0.0005268128785
0.0003481415324
0.0004391401078
0.0004269358143
0.0005226325689
0.0006264088142
0.0007327954722
0.0004251340657
0.0005243439068
0.0006282154737
0.001127383836
0.0007905057757
0.00106424809
0.0006828817758
0.001134052412
0.0007952057561
0.001065971469
0.0004097640725
0.0004018131048
0.000487837347
0.0004702872176
0.0004030214261
0.00048989945
0.0004082758021
0.0004383283635
0.0003996242647
0.0004433471012
0.0003722330518
0.0004403898821
0.0004412060127
0.0003994199449
0.0004882525642
0.0004413115746
0.0005132203502
0.0004952066667
0.0004891665123
0.000512679765
0.0004418401619
0.0004097333889
0.0004018294868
0.0004878582511
0.0004702034841
0.0004899852469
0.0004082028949
0.0004029996228
0.0008862869588
0.0005038582698
0.00102738643
0.0005936898523
0.0005002506144
0.001034835505
0.0008906822824
0.00121657777
0.001016528041
0.001772869903
0.001626453668
0.001758987883
0.0009904668977
0.001232979284
0.0007467328044
0.000836360145
0.001459409244
0.001473886217
0.000802673981
0.0007947997177
0.001310214953
0.0008836378052
0.0005035205244
0.00102684393
0.0005954753013
0.001032547092
0.000889713629
0.0004995654477
0.001216410075
0.001016687506
0.001772784225
0.001626356854
0.001232970466
0.0009904244044
0.001757486868
0.0007464722365
0.0008357948026
0.001459621977
0.00147652745
0.0007940906483
0.000802422612
0.001313169153
0.0005254805264
0.0004964168311
0.0005071772118
0.0005061705767
0.000506492749
0.0005059757683
0.0005245708087
0.0005409445757
0.0005330170688
0.0005013407825
0.0004674768652
0.0005007974363
0.0005331962382
0.0005404086312
0.0005417652543
0.0004480268097
0.0004475339473
0.0005363718375
0.0005418219425
0.0004476909528
0.000535959687
0.000527601919
0.0005309204915
0.0004447391401
0.000438788031
0.0005312983555
0.0005278619821
0.0004451856417
0.0005254782177
0.0004964368419
0.0005071809082
0.0005062236422
0.0005059597383
0.000524472452
0.0005064432557
0.0005409099804
0.0005331127206
0.000501363595
0.0004674937133
0.0005404257782
0.0005331846076
0.000500750364
0.0005417325611
0.0004480640551
0.000447522577
0.0005364058827
0.000541862859
0.0004476865817
0.0005359805793
0.0005276337444
0.000530902803
0.0004447682334
0.0004387976625
0.0005278245533
0.0005313550782
0.0004451711999
0.00128901752
0.0007919339306
0.0008140036281
0.001325560419
0.001279320049
0.0007933467926
0.001331362472
0.001312878062
0.001396739499
0.0008156392349
0.0008054857024
0.001352596635
0.0007963982539
0.00136227462
0.001614593181
0.001174196939
0.001708822368
0.001208532277
0.001729196692
0.001551169743
0.001158695662
0.001568876234
0.001536312936
0.001101820481
0.000888611851
0.001658831955
0.001054166091
0.001463115372
0.001290546791
0.0007920108465
0.00081422377
0.001325759959
0.0007940301377
0.00133179791
0.001279681298
0.001314472275
0.001395657296
0.0008159363283
0.0008056639821
0.0007970096533
0.001362525653
0.00135299115
0.0005304799041
0.000448194661
0.0005437438932
0.0004474569078
0.0004477409863
0.0005435132285
0.0005308647523
0.0005347200941
0.0005214844965
0.0004463621313
0.0004394727117
0.0004464779566
0.0005208058063
0.0005348733721
0.0005320722421
0.0005163996355
0.0005043709796
0.0004941784824
0.0005327796113
0.000503155122
0.0004939352577
0.0005269374624
0.0005340435524
0.0004848591848
0.0004695498517
0.0005332748749
0.0005278230557
0.0004850050164
0.0005304953298
0.0004482226347
0.0005437323836
0.0004474399414
0.0005435783138
0.0005308215113
0.000447745278
0.0005346540244
0.0005214717925
0.0004463325674
0.0004394739355
0.0005348988787
0.0005207809427
0.0004464694098
0.0005320526172
0.0005163927869
0.0005043224259
0.0004941491185
0.000532803484
0.0005031207253
0.0004939325452
0.0005269770404
0.0005339730721
0.0004849184833
0.0004695598665
0.0005278504266
0.0005333373132
0.0004850136889
0.001511177308
0.001270065374
0.001136325486
0.001810786153
0.00163720531
0.001088008856
0.00161036264
0.001372506358
0.001383985847
0.001030695575
0.0008243203858
0.00133495742
0.001007314946
0.001432047076
0.001233848722
0.0007708253178
0.001278595491
0.000786538035
0.001271443723
0.001243512908
0.0007696325249
0.001241611177
0.001308778227
0.0007867545903
0.000787182206
0.001277641253
0.0007678672775
0.001263450031
0.00150965717
0.00127091408
0.001135014189
0.001808170488
0.001087459733
0.001610638578
0.001636854732
0.001373794385
0.001382746883
0.001030292385
0.0008240489032
0.001007552505
0.001431527855
0.001336627358
0.0004802300992
0.000432693914
0.000488951481
0.0004855686239
0.0004353005559
0.0004896142442
0.0004763984053
0.0004334800653
0.0003990293206
0.0004384353661
0.0003767193487
0.0004378310121
0.0003997106757
0.0004325082035
0.000415149323
0.0004072039877
0.0004910710496
0.0004588981089
0.0004139669298
0.000489596528
0.000408461777
0.0004802464709
0.0004328593884
0.0004891091068
0.0004857424806
0.0004897261567
0.0004764545765
0.0004353459675
0.0004334519126
0.0003989471156
0.0004383824487
0.0003766613693
0.0004324759525
0.0003996295174
0.0004377019199
0.0006788009581
0.0007714264573
0.001094530633
0.00115181046
0.001036106859
0.0007495862248
0.0007011613906
0.001164485937
0.0009666504333
0.001510993589
0.00131027781
0.0009392731409
0.001188035825
0.001449228148
0.0009159476869
0.0005413348495
0.001145388404
0.0006652914147
0.0005364818451
0.000927689661
0.001138726526
0.0006784911839
0.000770895937
0.001094342399
0.001153583846
0.0007009938799
0.000748868006
0.001037593485
0.001165343698
0.0009655019457
0.001506491505
0.001311997205
0.001188323102
0.000940439227
0.001451410478
0.0009162485906
0.0005406506759
0.001144921627
0.0006651243105
0.0009270697055
0.0005367017018
0.001138431504
0.0004172828556
0.0004217944718
0.0003779241089
0.0004400506293
0.0004220902149
0.000379419975
0.0004149628849
0.0004348686494
0.000411381002
0.0004443187324
0.0004373047972
0.0004099055755
0.0004365780726
0.0004402894689
0.0004605850327
0.0004605288929
0.0004414187084
0.0003982940327
0.0004596716671
0.0004433151059
0.000462447716
0.0004174477346
0.000421863817
0.0003779805236
0.0004400418993
0.0004151048038
0.0004220494889
0.0003794078004
0.0004348485877
0.0004113618838
0.0004443393839
0.0004373778374
0.0004365733796
0.0004099450297
0.0004403462235
0.001314301779
0.001021938764
0.00130380906
0.0008440571984
0.001014359751
0.001252637957
0.00133700296
0.0006625058383
0.0005484499704
0.000444513796
0.0004122200525
0.0005559168752
0.0004462997194
0.0006587861101
0.000512342939
0.0007743224561
0.0006386155038
0.0009222441919
0.0005162944176
0.0007778702679
0.0006418408833
0.001313742034
0.00102153079
0.001303609681
0.0008436039458
0.001252328214
0.001336577987
0.00101369452
0.0006626043152
0.0005483672461
0.0004442591952
0.0004121120323
0.0004459736031
0.0006589635338
0.0005559943548
0.0004023086289
0.0003636073526
0.0004045555022
0.0004110531697
0.0003644465349
0.0004060749594
0.0004024390867
0.0004021672944
0.0004105398854
0.0003881171629
0.0003494268377
0.0004111172602
0.0004000872232
0.0003916629225
0.0003986823971
0.0003528531137
0.0004509449203
0.0003947493961
0.0003996550274
0.0004523159059
0.0003534150384
0.0004024094122
0.0003636500532
0.0004046123408
0.0004110975738
0.0004024997521
0.0003645130909
0.0004061282966
0.0004022024052
0.0004105676285
0.0003880956348
0.0003494814833
0.0004000884177
0.0004111402924
0.0003917082034
0.0003934483442
0.0003862944943
0.0004163361894
0.0003467063839
0.0003832994687
0.0004191748595
0.0003931246783
0.0004129753492
0.0003495260554
0.0004149301869
0.0004035487716
0.0004142597347
0.000352106357
0.0004110646185
0.0003606621796
0.0003395609113
0.000438655368
0.0003995949847
0.0003415287576
0.0003577583563
0.0004429326876
0.0003934539693
0.0003863530025
0.000416394037
0.0003468286721
0.0004192345218
0.0003931691389
0.0003833455885
0.0004129913179
0.0003495452031
0.0004149942548
0.0004036130626
0.0004111092587
0.0003521416883
0.0004143394773
0.0003607056503
0.0003396629857
0.0004387293609
0.0003996577233
0.0003578904524
0.0003415807993
0.0004429830061
9.817758581e-05
0.0001372897307
5.778805692e-05
6.081955571e-05
5.770816034e-05
0.0001348715476
9.980483745e-05
0.0001029809801
0.0001028957969
0.0001006001222
0.0001449232757
0.0001032997428
0.000109907733
9.995759742e-05
0.0001202866865
0.0001532433132
7.131014868e-05
6.571361134e-05
0.0001488079489
0.0001326626091
6.953115749e-05
9.783177466e-05
0.000137358791
5.773408198e-05
6.070354431e-05
9.969462024e-05
0.0001345292063
5.759360522e-05
0.0001028737554
0.0001028709771
0.0001006459901
0.0001444464093
0.0001099173612
0.000103829398
9.987026031e-05
0.0001203314556
0.0001535019648
7.124782071e-05
6.554240846e-05
0.0001327237843
0.0001489588344
6.936319826e-05
0.0004852601124
0.0003901584507
0.00045223842
0.0003371476348
0.0003747617209
0.0004307376908
0.0004973922025
0.0001076912459
0.0001820597149
9.715843764e-05
0.0002003953025
0.0001895594098
9.83215252e-05
0.0001053012918
0.000251951018
0.0003082782231
0.0002471739047
0.0002484693316
0.0002692635114
0.0003012235293
0.0002445612287
0.0004853275297
0.0003901566127
0.0004523741278
0.0003366594792
0.0004305042246
0.0004974895696
0.0003744781711
0.000107567235
0.0001820981787
9.715187139e-05
0.000200218438
9.820564027e-05
0.0001052370266
0.00018941112
0.0003944489852
0.0002265108999
0.0002226421946
0.0003505091824
0.0003486611765
0.0002210604377
0.0003962275349
0.0003492676241
0.0003701070529
0.0002280260067
0.0002470858427
0.0003689398751
0.0002269865774
0.000350321171
0.0004300172818
0.0004214262414
0.0004289661431
0.0004217403701
0.0004328239378
0.0004352527131
0.0004154086191
0.0004621065015
0.0003846304403
0.0003548377311
0.0003068489578
0.0004616207403
0.0003574428237
0.000385814641
0.0003943700757
0.0002265007741
0.00022267277
0.0003504967038
0.0002210738037
0.0003962608865
0.0003485771649
0.0003491856439
0.0003701748374
0.0002280437038
0.0002470841919
0.0002269942648
0.0003503695423
0.0003689160598
0.0002876989797
8.17048739e-05
9.171153005e-05
0.0002574221114
0.0002529866287
9.086754938e-05
0.0002891034098
0.00027562433
0.0002705247608
9.273464968e-05
8.010158006e-05
0.0002692267302
9.224633902e-05
0.0002767378079
0.0002702100327
0.0001586495629
0.0001302965876
0.0003184538824
0.0002713629111
0.0001293871883
0.0003168714021
0.0002792481091
0.0002684356437
0.000111413963
9.834968957e-05
0.0002804858719
0.0001105008908
0.0002670846731
0.0002874917306
8.167881104e-05
9.174939318e-05
0.0002574335903
9.085124718e-05
0.0002890149696
0.0002529166568
0.0002754683292
0.0002705955362
9.275826879e-05
8.014031587e-05
9.22372801e-05
0.0002766966653
0.0002691653807
0.0004989145084
0.0004690340978
0.0004727386216
0.0004816710663
0.0004989099836
0.0004690330561
0.0004727498919
0.001062378993
0.001080375754
0.001124955413
0.001071259096
0.001062365724
0.00107915014
0.001124896225
0.0003610491399
0.0003416637137
0.0003399734294
0.0003402836833
0.0003610389662
0.0003416607946
0.0003399607346
0.0009651788886
0.001895142368
0.001229116967
0.001019502117
0.0009636844878
0.001894856348
0.001228885573
0.0003407023649
0.0003469870871
0.0003656548646
0.0003457014745
0.0003407018056
0.0003469458846
0.0003656447586
0.00300725772
0.002140584715
0.002356602273
0.003463131291
0.003008444503
0.002141593289
0.002357817394
0.0004835548529
0.0005067925758
0.0005228551577
0.000480179374
0.0004835881017
0.0005068641961
0.0005228246671
0.001083688119
0.001027127803
0.001044175597
0.001064193142
0.001084092033
0.001030974648
0.001047243266
9.342691596e-05
3.844315176e-05
1.599464183e-05
4.261562718e-05
4.381009473e-05
1.299325557e-05
0.0002489981469
0.0001350028748
2.09465523e-05
0.0003552825123
0.0001599837191
2.328335568e-05
0.0002507368753
0.0001299461826
2.121530777e-05
4.121099311e-05
1.72969572e-05
9.046223149e-06
6.39552077e-05
2.157815885e-05
1.235699716e-05
6.397786324e-05
2.159135901e-05
1.236090357e-05
4.76566866e-05
1.8907746e-05
1.024295019e-05
0.0001294578395
5.129034184e-05
2.101876277e-05
0.0001294579436
5.129140394e-05
2.101958085e-05
9.343666097e-05
3.844013922e-05
1.599535267e-05
4.348809165e-05
4.240716835e-05
1.532817188e-05
4.368972049e-05
4.284375555e-05
1.561118942e-05
4.264363995e-05
4.385280427e-05
1.283819217e-05
0.0002485729945
0.0001297264782
2.195070579e-05
0.000248528826
0.0001297255283
2.19589349e-05
0.000293438286
0.0001350228228
2.400508455e-05
0.0002938623755
0.0001351756139
2.398396624e-05
0.0002750908531
0.0001508088402
2.352494265e-05
0.0002751006638
0.0001508214656
2.352937444e-05
0.0002489429266
0.0001349854093
2.094220184e-05
0.0003059159423
0.0001420312102
2.452297477e-05
0.000306311211
0.0001421608447
2.452266448e-05
0.0002755917112
0.0001509290958
2.310962696e-05
0.0002530472348
0.0001343167589
2.042467956e-05
0.0002530554415
0.0001343296792
2.04265907e-05
0.000310128542
0.0001368471276
2.072571274e-05
0.0003103947074
0.0001370163453
2.072585992e-05
0.0002507463657
0.0001299575696
2.121770004e-05
0.0003012448523
0.0001341146458
1.872963861e-05
0.000301431142
0.000134260943
1.874307664e-05
0.000122129467
4.512359247e-05
2.007772523e-05
0.0001221270855
4.511818876e-05
2.007600893e-05
8.283816345e-05
3.378734657e-05
1.524081145e-05
8.283783541e-05
3.378096047e-05
1.523942578e-05
4.243115103e-05
4.19543631e-05
1.052744215e-05
4.234760575e-05
4.184192077e-05
1.058543328e-05
4.736559989e-05
5.275783232e-05
1.136143561e-05
4.734162097e-05
5.27344472e-05
1.127975806e-05
0.0001545953025
6.29386991e-05
1.894566528e-05
0.0001592068997
6.491032877e-05
1.996999106e-05
9.761721441e-05
3.785380403e-05
1.673750478e-05
4.232100987e-05
4.207776881e-05
1.514587999e-05
0.000194517948
8.709707667e-05
1.165123627e-05
0.0001905590018
8.748415856e-05
1.130130975e-05
0.0002107779877
0.0001146788423
2.172081436e-05
0.000219289727
0.0001055209293
2.216599664e-05
0.0002487305549
0.0001332733626
2.045445793e-05
0.000339854632
0.000154557685
2.56047668e-05
0.0003613311351
0.0001622561511
2.549889657e-05
0.0003783611901
0.0001687073939
2.367422324e-05
0.0003451743578
0.0001546482392
2.400972153e-05
0.0003699309439
0.0001640379477
2.352633955e-05
0.0002506727549
0.0001303549454
2.131245415e-05
0.0002874990983
0.0001171974859
1.746016684e-05
0.0002958239387
0.0001205049233
1.782931313e-05
0.0001828780017
6.016426011e-05
2.499059133e-05
0.0001821895359
5.878299831e-05
2.516707962e-05
0.0001219321049
5.912477258e-05
1.256263714e-05
0.0001189955279
5.458948584e-05
1.251893486e-05
8.805602933e-05
2.955452977e-05
1.630922916e-05
8.256519927e-05
2.769949384e-05
1.596520458e-05
4.11682441e-05
1.684773967e-05
9.046646443e-06
2.509873761e-05
1.56822702e-05
5.804696945e-06
2.422660781e-05
1.515157966e-05
5.8267802e-06
6.459851574e-05
2.104299617e-05
1.243499584e-05
7.332122981e-05
2.750845071e-05
1.404806541e-05
7.441971315e-05
2.67676782e-05
1.442744112e-05
0.000101495065
3.35111075e-05
1.74161075e-05
9.296042775e-05
3.154944713e-05
1.708986001e-05
6.460951499e-05
2.10447555e-05
1.243873914e-05
7.333712744e-05
2.750657534e-05
1.404977344e-05
7.440980545e-05
2.676399406e-05
1.44308719e-05
2.480891133e-05
1.673417579e-05
5.779201543e-06
2.395338919e-05
1.663397437e-05
5.748605805e-06
4.721003476e-05
1.844249859e-05
1.018349207e-05
2.828083332e-05
1.573140616e-05
5.900501673e-06
2.712472227e-05
1.530088125e-05
5.873129052e-06
2.480403026e-05
1.671696296e-05
5.779912656e-06
2.395793185e-05
1.663385591e-05
5.748033778e-06
0.0001840009815
6.275511518e-05
2.560491609e-05
0.0001615005052
5.782554998e-05
3.228368157e-05
0.0001625924945
5.527332445e-05
3.054379648e-05
0.0001883718509
6.463250494e-05
2.539818262e-05
0.0001840190224
6.277014244e-05
2.560111326e-05
0.0001614923644
5.782171379e-05
3.227845016e-05
0.0001626089778
5.527604209e-05
3.054325509e-05
0.0001228836853
4.872242093e-05
1.992566187e-05
0.0001546830613
6.296014625e-05
1.894500825e-05
0.0001593279585
6.493229818e-05
1.997044809e-05
0.0001228851371
4.873932816e-05
1.992787551e-05
9.765442315e-05
3.78589528e-05
1.673971067e-05
4.089659022e-05
3.861773859e-05
1.309238326e-05
4.084603568e-05
3.848614273e-05
1.308450419e-05
6.534754422e-05
4.696823266e-05
1.25989185e-05
6.653401956e-05
4.91767028e-05
1.346274153e-05
4.229518971e-05
4.197567962e-05
1.523406998e-05
6.63184025e-05
4.984871384e-05
1.400154651e-05
6.659429479e-05
4.920095752e-05
1.337824351e-05
8.681956619e-05
5.542076419e-05
4.074656708e-05
8.908192264e-05
5.431547598e-05
4.647156533e-05
8.917540704e-05
5.443325198e-05
4.652350664e-05
0.0001668890357
7.770425641e-05
1.285449699e-05
0.0002234443086
9.755902123e-05
3.022491038e-05
0.0002302297688
0.0001027461278
2.975953026e-05
0.0002229813042
7.928155148e-05
2.679058285e-05
0.0002283674306
8.175695705e-05
2.692595565e-05
0.0002233315449
9.750678471e-05
3.021885048e-05
0.0002300379457
0.0001027352473
2.97470811e-05
0.000239087945
0.0001186007033
1.636099685e-05
0.0001946586955
8.717490103e-05
1.171930292e-05
0.0001906301995
8.74582879e-05
1.129842965e-05
0.0002399579248
0.0001188883524
1.637428507e-05
0.0002301087599
0.0001156803747
1.620874827e-05
0.0002474387937
0.0001292687219
2.105086586e-05
0.0002108311681
0.0001146290672
2.172401143e-05
0.0002192809502
0.0001055133034
2.216253187e-05
0.0002473461242
0.0001292557025
2.10494952e-05
0.0003241929351
0.0001451261677
2.637968884e-05
0.0003241770283
0.0001450190586
2.638335077e-05
0.0002751448524
0.0001509676357
2.306624591e-05
0.0002655835984
0.0001459187967
1.894384138e-05
0.0002648299599
0.0001456027923
1.878828661e-05
0.0002618942386
0.0001429370224
1.737373779e-05
0.0002619635453
0.0001430465742
1.729709817e-05
0.0002751409598
0.0001509718555
2.306645056e-05
0.0002655535925
0.0001458954425
1.893125232e-05
0.0002648697694
0.000145591356
1.878081123e-05
0.0002486739455
0.0001332547923
2.044820464e-05
0.0003247063378
0.0001477293561
2.62670813e-05
0.0003244372532
0.0001476586584
2.627516051e-05
0.0002638939528
0.0001432500861
1.773686078e-05
0.0002643339871
0.0001439046885
1.777983255e-05
0.0002755679448
0.0001512228191
2.355900361e-05
0.0002663264619
0.0001462781056
1.898179285e-05
0.0002661322416
0.0001464322466
1.882884024e-05
0.0002638692641
0.0001432513708
1.773825463e-05
0.0002643329146
0.000143901228
1.778371604e-05
0.0002520593422
0.000134577936
2.022905004e-05
0.0002520155084
0.0001345605343
2.022379407e-05
0.0003445728024
0.0001485894082
2.367170826e-05
0.0003445170628
0.0001485167837
2.367634219e-05
0.0002212617173
0.0001029358106
2.228192604e-05
0.0002225693478
0.0001040474864
2.231483013e-05
0.000250654979
0.000130335675
2.131238213e-05
0.000221243035
0.0001029323378
2.228097955e-05
0.0002225488795
0.0001040552195
2.231709968e-05
0.0003447464288
0.0001498767996
2.123817824e-05
0.0003446630468
0.0001498511683
2.125080627e-05
0.0002280848943
0.0001009471046
2.831683259e-05
0.0002204362195
7.593309899e-05
2.552791774e-05
0.0002878209387
0.0001173107492
1.747652699e-05
0.0001829575648
6.019917658e-05
2.499350253e-05
0.0001822672569
5.879595484e-05
2.517267637e-05
0.0001560697023
5.473244946e-05
3.082168126e-05
0.0001551544849
5.17868636e-05
2.888518139e-05
0.0001102328961
4.137583968e-05
1.898955116e-05
0.0001102481655
4.138149189e-05
1.89907506e-05
8.612180758e-05
3.308881942e-05
1.589927038e-05
8.60995661e-05
3.308807468e-05
1.589996488e-05
4.571526843e-05
4.729728961e-05
9.116250202e-06
4.570455751e-05
4.731542287e-05
9.120408205e-06
4.883837864e-05
5.3240097e-05
1.353324149e-05
4.881833218e-05
5.322998525e-05
1.351726645e-05
0.000122092131
5.918615996e-05
1.256018047e-05
9.62848701e-05
3.793689358e-05
1.665099837e-05
7.810703883e-05
2.936812089e-05
1.534829874e-05
5.682391577e-05
7.037467289e-05
1.494189457e-05
4.22052842e-05
4.309824258e-05
1.371579714e-05
0.0001987461195
7.731262049e-05
2.319252261e-05
0.0001902020203
8.153215387e-05
2.524761889e-05
0.0001988136365
7.744067613e-05
2.326692676e-05
0.0001904087642
8.222069979e-05
2.527356924e-05
0.0002482281342
0.0001330304865
2.052982058e-05
0.0002625216059
0.0001373652269
1.584830897e-05
0.0002711914303
0.0001296837892
2.1569576e-05
0.0002507495243
0.0001302604937
2.126494734e-05
0.000270791867
0.0001293667831
2.156314192e-05
0.0001271773145
3.213421727e-05
2.083876394e-05
0.0001211950786
4.554849585e-05
1.982542879e-05
0.0001271587064
3.213747526e-05
2.08374126e-05
0.0001211854854
4.555188381e-05
1.982436129e-05
0.0001245040818
3.163047363e-05
2.012178448e-05
9.626368422e-05
3.793769852e-05
1.665071609e-05
7.809556745e-05
2.936190622e-05
1.534753661e-05
4.238881317e-05
4.070599703e-05
1.420117464e-05
3.010237169e-05
3.17009496e-05
2.373499186e-05
4.251849416e-05
4.093941658e-05
1.442329226e-05
3.012045328e-05
3.175746154e-05
2.381084346e-05
5.682971477e-05
7.002991603e-05
1.49386321e-05
4.216868625e-05
4.312165348e-05
1.358408772e-05
0.0001987679106
7.731475709e-05
2.319193756e-05
0.0001902001064
8.152609446e-05
2.524681056e-05
0.0001988202483
7.743707957e-05
2.326704501e-05
0.0001904313796
8.222506823e-05
2.527655376e-05
0.0001615205825
7.61019927e-05
1.102505316e-05
0.0001870936931
8.517879843e-05
1.361051894e-05
0.0001615529915
7.617771979e-05
1.101532769e-05
0.0001866402217
8.481178824e-05
1.360166256e-05
0.000161863611
7.652798423e-05
1.077649132e-05
0.0002707028214
0.0001319804538
2.163932204e-05
0.0002491527322
0.0001301983543
2.1246594e-05
0.0002707861458
0.0001319980567
2.164036169e-05
0.0002491040429
0.0001301844121
2.124767063e-05
0.0003013035172
0.0001414176014
2.459758632e-05
0.0002943756464
0.0001366008707
2.563792288e-05
0.0002981346752
0.0001396531065
2.312003076e-05
0.0003010926344
0.0001413293216
2.466364018e-05
0.0002946274216
0.000136709101
2.560955019e-05
0.0002481602097
0.0001330042229
2.052573953e-05
0.000262516377
0.0001373364489
1.58377534e-05
0.0003005095749
0.000140366599
2.563459135e-05
0.0003161272522
0.0001489344425
2.409622717e-05
0.0003007269422
0.0001404389376
2.566700068e-05
0.0003157705904
0.0001487033421
2.422060186e-05
0.0002523019131
0.0001343636028
2.029505943e-05
0.0002681476737
0.0001361399355
1.678288758e-05
0.0002522791708
0.000134372888
2.029665224e-05
0.0002681642495
0.0001361471881
1.678695337e-05
0.0003127094755
0.0001396251049
2.231015264e-05
0.0003125012439
0.000136647802
2.337023614e-05
0.0003128072685
0.0001397386717
2.231115952e-05
0.0003125922609
0.0001366951833
2.336166099e-05
0.0002712705302
0.0001297135185
2.157281526e-05
0.000250715425
0.0001302573724
2.1263907e-05
0.0003076055018
0.0001342920616
1.845959355e-05
0.0003066862725
0.0001377504813
2.008619878e-05
0.0003075012323
0.0001342801246
1.845460231e-05
0.0003067641476
0.0001378427349
2.009795429e-05
0.0001908527882
7.927025726e-05
2.497431031e-05
0.0001967356644
7.330467081e-05
2.259397187e-05
0.0001908297054
7.926974806e-05
2.496707856e-05
0.0001968241968
7.332542975e-05
2.259329602e-05
0.000190287601
8.018734193e-05
2.487805691e-05
0.0001967794251
7.312825916e-05
2.26574447e-05
0.0002149648161
9.746130877e-05
1.506235685e-05
0.0002135036329
9.183878116e-05
1.596412081e-05
0.0002145565479
9.735801619e-05
1.496362638e-05
0.0002128453584
9.179444845e-05
1.601453779e-05
0.0001154098968
2.943035989e-05
1.983319531e-05
0.0001111850972
4.045220478e-05
1.90019966e-05
0.0001125935567
2.905897406e-05
1.913388981e-05
0.0001153936801
2.942239298e-05
1.983083016e-05
0.000111190821
4.044159905e-05
1.899934194e-05
8.555380373e-05
3.336145212e-05
1.590314662e-05
7.047965818e-05
2.704438107e-05
1.456937494e-05
8.55413722e-05
3.335135428e-05
1.590054688e-05
7.046760634e-05
2.703919913e-05
1.456780945e-05
4.449669315e-05
4.621625459e-05
9.45153362e-06
2.949564555e-05
3.37680854e-05
1.504375541e-05
4.433641931e-05
4.611781105e-05
9.499226377e-06
2.942859411e-05
3.365967219e-05
1.510913823e-05
5.842935302e-05
6.416669764e-05
2.45280911e-05
4.808231578e-05
5.30610496e-05
1.249992099e-05
5.562866494e-05
6.305603624e-05
2.215985377e-05
5.83599025e-05
6.412653878e-05
2.445097766e-05
4.803080549e-05
5.308577874e-05
1.242622249e-05
0.0001335405668
3.795129168e-05
2.220003137e-05
0.0002545757327
0.0001097708036
2.202616827e-05
0.0002445347771
0.0001182463099
2.704257238e-05
0.0002870241257
0.0001181756491
1.757065153e-05
0.0002571841083
0.00010823785
1.67402782e-05
0.0001185439314
5.63718194e-05
1.243469579e-05
0.0001332898042
5.944164184e-05
1.088316026e-05
0.0001616335926
5.532743991e-05
2.990893299e-05
0.0001567627276
4.858054878e-05
2.285721287e-05
0.0001759925187
6.020589399e-05
2.777068391e-05
0.0001616505613
5.533560762e-05
2.991150571e-05
0.0001567420688
4.857179353e-05
2.285408496e-05
0.0001335149068
3.795398141e-05
2.219703009e-05
0.0001375375046
4.022421286e-05
2.385859376e-05
0.0001381832013
4.06521372e-05
2.420902564e-05
9.406302622e-05
2.844492538e-05
1.618477871e-05
2.509064019e-05
2.265299614e-05
8.917057759e-06
6.726083352e-05
4.784119381e-05
7.118903876e-06
6.752384413e-05
4.807480666e-05
7.138573664e-06
9.43784756e-05
6.744221209e-05
3.036459175e-05
0.0001019874341
4.967212189e-05
1.050542868e-05
0.0001510975489
7.636109268e-05
1.22954746e-05
9.426205885e-05
6.67823576e-05
3.804882461e-05
0.0001010001535
4.893015894e-05
1.077795286e-05
0.0001511567078
7.644973144e-05
1.229908339e-05
0.0002266603528
0.0001010007948
2.96825337e-05
0.0002460336429
9.011542304e-05
2.212316009e-05
0.0002085049116
9.240669895e-05
2.655979086e-05
0.000226572915
0.0001009612828
2.967720583e-05
0.0002459852193
9.011997903e-05
2.21315245e-05
0.0002217830026
0.0001084374736
1.536700529e-05
0.0002151046341
9.665932353e-05
1.418295217e-05
0.0002333277952
0.0001165922297
1.6223416e-05
0.000222348075
0.000108661808
1.547786271e-05
0.000254571007
0.0001097914718
2.203418838e-05
0.0002554570313
0.0001267210945
2.095193891e-05
0.0002764026625
0.000131598279
2.257847701e-05
0.0002747813477
0.0001294979121
2.395246487e-05
0.000253452109
0.0001270712075
2.116451847e-05
0.0002746831048
0.0001293944925
2.387830057e-05
0.0003333198201
0.0001511099057
2.523444357e-05
0.0002826943152
0.0001451907365
1.822340436e-05
0.0002826702513
0.0001452017275
1.822872807e-05
0.0003184292848
0.0001428274941
2.6386406e-05
0.000318517602
0.0001428753799
2.637774242e-05
0.0002589649848
0.0001075536543
2.215345114e-05
0.0002590106466
0.0001076076275
2.215585361e-05
0.0002813397008
0.0001201158634
1.727379292e-05
0.0002817032536
0.0001202712573
1.731639483e-05
0.0002290726362
0.0001006469331
2.846042021e-05
0.0002460140501
8.856752045e-05
2.237120856e-05
0.0002138321843
9.156578528e-05
2.606125138e-05
0.0002459755995
8.856256018e-05
2.237198197e-05
0.0002575271281
0.0001084873545
1.676630971e-05
0.0002592613805
0.0001102838164
1.687132129e-05
0.0001474437462
4.546487348e-05
2.225144844e-05
0.000153901367
5.187650506e-05
2.882355593e-05
0.0001475056298
4.547616349e-05
2.22542451e-05
0.000124430214
3.507716119e-05
2.108663032e-05
0.0001318150792
3.718968351e-05
2.280628568e-05
0.0001244135016
3.507295282e-05
2.10853354e-05
8.172409485e-05
2.547766217e-05
1.518605942e-05
2.348370075e-05
2.305705906e-05
1.337119822e-05
7.274989921e-05
5.265146704e-05
8.669705493e-06
7.295399232e-05
5.284076903e-05
8.624263377e-06
0.0001337701486
5.974066242e-05
1.092434929e-05
0.0001344974083
3.8031369e-05
2.212335635e-05
9.68263696e-05
3.737365011e-05
1.6675603e-05
8.275832738e-05
3.028044093e-05
1.600748099e-05
5.604217902e-05
6.91916834e-05
1.450451434e-05
4.221342637e-05
4.253968441e-05
1.422907222e-05
5.533906153e-05
6.829793963e-05
1.416833121e-05
0.0001974734469
7.95117358e-05
2.354939072e-05
0.0001914212255
8.394982345e-05
2.549696625e-05
0.0002543624541
0.0001091959432
2.197383276e-05
0.000244233662
0.000117423314
2.705710087e-05
0.0002443212882
0.0001176359025
2.705371551e-05
0.0002486400485
0.0001331739347
2.044987408e-05
0.0002636980029
0.0001377894452
1.694968092e-05
0.0002801505106
0.0001461823844
1.815298123e-05
0.0002693735511
0.0001291121505
2.155679045e-05
0.0002506052913
0.0001302368016
2.127843427e-05
0.0002693310376
0.0001291393107
2.157548859e-05
0.000262153699
0.0001100102573
1.69550432e-05
0.0002928091261
0.0001196025752
1.771618401e-05
0.0001286242542
5.69380097e-05
1.094275887e-05
0.0001185354214
5.519450472e-05
1.248864164e-05
0.0001583409236
4.85712092e-05
2.368091885e-05
0.0001612230488
5.470637361e-05
3.036080496e-05
0.0001759414966
5.959060708e-05
2.759533963e-05
0.0001583477806
4.85772512e-05
2.368090164e-05
0.0001612368068
5.471745493e-05
3.036395118e-05
0.0001300947712
3.238719836e-05
2.086814103e-05
0.0001210177922
4.668596242e-05
1.981426608e-05
0.0001321332554
3.284622217e-05
2.094906547e-05
0.0001344569942
3.803430712e-05
2.212277702e-05
0.0001403415596
4.077567411e-05
2.420811899e-05
0.000130063927
3.238642917e-05
2.086800884e-05
0.000120999905
4.667820237e-05
1.981455863e-05
9.679740292e-05
3.736915618e-05
1.667540237e-05
8.274093677e-05
3.028389812e-05
1.600869355e-05
4.166559031e-05
3.958784659e-05
1.359682832e-05
2.948665026e-05
3.082318121e-05
2.779485309e-05
2.486260689e-05
2.298457328e-05
9.337391979e-06
4.171263003e-05
3.965122084e-05
1.368045591e-05
2.950402532e-05
3.083960124e-05
2.768127539e-05
7.363556479e-05
5.23552969e-05
8.218765096e-06
5.603797171e-05
6.898123609e-05
1.449655063e-05
4.222073806e-05
4.250756419e-05
1.417623023e-05
7.39224064e-05
5.259144597e-05
8.246634508e-06
0.0001036569043
4.777044278e-05
9.636492482e-06
0.0001038441627
4.781182175e-05
9.683689495e-06
0.0002140518261
9.385663698e-05
2.679785396e-05
0.0002491984152
9.284810809e-05
2.265641005e-05
0.000229370291
0.0001024368301
2.971205455e-05
0.0002491820749
9.285238962e-05
2.267559585e-05
0.0002292741887
0.0001023966954
2.969804347e-05
0.0001975127936
7.95031625e-05
2.354921255e-05
0.0001914674517
8.395076415e-05
2.549705262e-05
0.0001583077222
7.576707163e-05
1.031241095e-05
0.0001884711152
8.462289767e-05
1.383286535e-05
0.000158327245
7.576057229e-05
1.030952778e-05
0.0001885454563
8.474412511e-05
1.38346585e-05
0.0001587799006
7.568459882e-05
1.042224233e-05
0.0001879524518
8.450966649e-05
1.382347211e-05
0.0002124414111
0.0001046689854
1.519866505e-05
0.000212680662
0.0001047999331
1.522072693e-05
0.0002308143707
0.0001160037417
1.619969188e-05
0.0002661520006
0.0001303597679
2.164710489e-05
0.0002483002344
0.0001297657239
2.111714336e-05
0.0002543504978
0.0001092102186
2.198112902e-05
0.000244244699
0.0001174325702
2.705533477e-05
0.0002443209639
0.000117642327
2.705635802e-05
0.0002662431076
0.0001303839747
2.164895372e-05
0.0002482608335
0.0001297545731
2.11152545e-05
0.0002643592457
0.0001296066514
2.162814513e-05
0.0002616738348
0.000132616124
2.122609561e-05
0.0002852458431
0.0001330038078
2.428276398e-05
0.0003288553788
0.0001494153511
2.497733849e-05
0.0003155147224
0.0001422325464
2.615476407e-05
0.0003493551863
0.0001546521145
2.514844414e-05
0.0002605332351
0.0001330306778
2.132544601e-05
0.0003286135592
0.0001493003449
2.501643298e-05
0.0003154117232
0.0001422187983
2.614803491e-05
0.000248571956
0.0001331532614
2.044800273e-05
0.0002637490794
0.0001378054053
1.694826383e-05
0.0003168435682
0.0001452018915
2.60879642e-05
0.0003349270298
0.0001546967713
2.546913766e-05
0.0003631163419
0.0001592903882
2.631824645e-05
0.0003168928088
0.0001452164451
2.609839767e-05
0.0003344976081
0.0001544851115
2.548288425e-05
0.0003623184533
0.0001589637902
2.629529494e-05
0.0002521512816
0.0001345109413
2.024491229e-05
0.0002686058036
0.0001372787713
1.677723566e-05
0.0002521151794
0.0001345076074
2.024647199e-05
0.0002686156292
0.0001372554226
1.677556529e-05
0.0002838301459
0.0001461454216
1.825016593e-05
0.0003352631999
0.0001456516185
2.331195821e-05
0.0003437212533
0.000146791066
2.592822996e-05
0.0003349642956
0.0001456179435
2.331245746e-05
0.0003432425302
0.0001465913725
2.591862578e-05
0.0002591885678
0.0001073899821
2.217577396e-05
0.0002694930213
0.0001291500042
2.156089978e-05
0.0002505846726
0.0001302244902
2.127699007e-05
0.0002591949123
0.0001074007734
2.217377044e-05
0.0003319761473
0.0001409562065
1.927773361e-05
0.000334710038
0.0001461947291
2.091766932e-05
0.0003425519725
0.0001444931787
1.97284848e-05
0.0002910361001
0.0001223863315
1.75282657e-05
0.0003318287273
0.000140929616
1.927134496e-05
0.0003344576231
0.0001461761507
2.093068158e-05
0.0002912140221
0.0001224610073
1.755236001e-05
0.0002494255305
8.929553978e-05
2.236210933e-05
0.0002306659851
0.000101493211
2.83789766e-05
0.000216342856
9.222241568e-05
2.610959603e-05
0.0002493753637
8.92768471e-05
2.235928752e-05
0.000230545117
0.0001014743707
2.837246484e-05
0.0001909621892
8.136768296e-05
2.507171464e-05
0.0001965511022
7.434284625e-05
2.288219691e-05
0.0001956472817
7.326711269e-05
2.280299925e-05
0.0001895102285
8.036645376e-05
2.501860748e-05
0.0001909215639
8.136699546e-05
2.507170475e-05
0.0001965717411
7.434040194e-05
2.288186102e-05
0.000189503818
8.039031737e-05
2.50178675e-05
0.0001955645413
7.324492132e-05
2.280277735e-05
0.0002223713024
0.000101173491
1.502495974e-05
0.0002064773648
9.208691447e-05
1.61526312e-05
0.0002053619131
9.129280896e-05
1.607901297e-05
0.0002221371675
0.0001010290784
1.500107689e-05
0.0002065311766
9.213681973e-05
1.615401574e-05
0.0002200826614
9.978071005e-05
1.490732823e-05
0.0002058369053
9.161888068e-05
1.609160827e-05
0.0002620470941
0.0001099878228
1.695377237e-05
0.0002931318757
0.0001196808433
1.773569367e-05
0.0001485374585
4.506487137e-05
2.294077102e-05
0.0001536345465
5.117175835e-05
2.871431555e-05
0.000148550495
4.507312719e-05
2.294189913e-05
0.0001536607866
5.118357829e-05
2.871268365e-05
0.0001233219929
3.478595137e-05
2.099548331e-05
0.0001324951459
3.746375034e-05
2.311063416e-05
0.0001174832172
2.935433039e-05
1.977099594e-05
0.0001088572528
4.041428097e-05
1.891424238e-05
0.0001233264951
3.4787782e-05
2.099602235e-05
0.0001318329845
3.704715957e-05
2.301541983e-05
0.0001174817293
2.935147084e-05
1.977099438e-05
0.0001088570906
4.040735638e-05
1.89135115e-05
8.529235561e-05
3.273496076e-05
1.586566284e-05
7.402812407e-05
2.724396378e-05
1.51414651e-05
8.553520858e-05
2.614304031e-05
1.566429376e-05
8.530084758e-05
3.273021082e-05
1.586486799e-05
7.402497373e-05
2.724119038e-05
1.514147894e-05
4.578387066e-05
4.717333085e-05
9.049404821e-06
3.257322991e-05
3.623234299e-05
1.536852058e-05
4.566987784e-05
4.705485982e-05
9.066989712e-06
3.251730677e-05
3.617312034e-05
1.537056052e-05
5.967366198e-05
6.594827281e-05
2.703928184e-05
4.83916019e-05
5.297598499e-05
1.323446688e-05
7.876047267e-05
5.102080008e-05
8.669840801e-06
5.959154981e-05
6.584444271e-05
2.697855005e-05
4.833551879e-05
5.295736402e-05
1.317687218e-05
7.891955932e-05
5.121143671e-05
8.657318412e-06
0.0001718241906
7.512490159e-05
1.450570757e-05
0.0001285405314
5.693008323e-05
1.092274848e-05
4.762844092e-05
1.889340719e-05
1.02376809e-05
0.0002755979504
0.0001509276951
2.310786306e-05
0.0003559913712
0.0001597736744
2.496127736e-05
0.0003557042357
0.0001597164414
2.497358114e-05
0.0003547426424
0.000159671219
2.328264945e-05
5.482092234e-05
1.970760728e-05
1.117767882e-05
5.47793857e-05
1.969665135e-05
1.117436327e-05
4.118694051e-05
1.729180244e-05
9.043160086e-06
0.0001412063642
4.129755607e-05
2.430842625e-05
0.0001375273914
4.022257218e-05
2.386173472e-05
0.0001015266552
3.351383128e-05
1.741466515e-05
9.407008134e-05
2.844688388e-05
1.618233867e-05
9.30365145e-05
3.154580708e-05
1.708547916e-05
9.890511951e-05
2.954826726e-05
1.671482472e-05
4.720683036e-05
1.843499378e-05
1.01781032e-05
2.826750288e-05
1.573159555e-05
5.89749301e-06
2.711654971e-05
1.529795896e-05
5.87135018e-06
0.0001883538448
6.463152828e-05
2.539730145e-05
0.000222971668
7.928536791e-05
2.679502559e-05
0.0002284261279
8.177141987e-05
2.693121188e-05
0.0002665362612
0.000127176162
2.098837254e-05
0.0002297963592
0.0001157831612
1.621367176e-05
0.0002536781338
0.0001227894958
2.2005343e-05
0.0002619255615
0.0001429568068
1.737388416e-05
0.0002820032859
0.0001469628834
1.851257283e-05
0.0002619436343
0.0001430419062
1.729159746e-05
0.0002755400259
0.0001512240809
2.355804366e-05
0.0002663231539
0.0001462661362
1.89811232e-05
0.000266115312
0.0001464428758
1.883586951e-05
0.0002495952209
0.0001041437896
1.699885583e-05
0.0002593060234
0.0001102301487
1.685832031e-05
0.0002353708799
0.0001000925536
1.654832858e-05
0.000249112941
0.0001077403931
1.645958277e-05
0.0001559825769
5.471020702e-05
3.082523986e-05
0.0001521291179
5.979776152e-05
1.847564316e-05
0.0001550738527
5.177182111e-05
2.888434618e-05
0.0001556372201
6.039676806e-05
1.941588734e-05
0.0001846265545
7.80709708e-05
1.350400853e-05
0.0001595781846
7.020665224e-05
1.377121275e-05
0.000171791496
7.504192433e-05
1.449066661e-05
0.00017604696
6.022047703e-05
2.777181103e-05
0.0001759403946
5.95980125e-05
2.759201481e-05
0.0001411801672
4.129538397e-05
2.430905943e-05
9.888323412e-05
2.955204457e-05
1.671975919e-05
2.506464443e-05
2.262197487e-05
8.981340649e-06
2.487668887e-05
2.299749024e-05
9.318854091e-06
9.027181419e-05
7.16672372e-05
1.262194248e-05
8.108633152e-05
3.926919926e-05
1.00300059e-05
0.0001666681168
7.756143961e-05
1.284051196e-05
0.0001571406169
7.593972327e-05
1.266717705e-05
0.0001443324451
7.384432691e-05
1.195901555e-05
0.0001572651583
7.597815918e-05
1.268570185e-05
0.000144292209
7.376265571e-05
1.194268858e-05
0.0002085153944
9.241711592e-05
2.65607795e-05
0.0002140844884
9.384072753e-05
2.679733317e-05
0.000215062472
9.679831994e-05
1.418135782e-05
0.0002080340125
9.594845174e-05
1.362312694e-05
0.0002081540978
9.593009745e-05
1.363978009e-05
0.0002445208158
0.0001182507187
2.70434697e-05
0.0002911698491
0.0001351177436
2.45126169e-05
0.0002680414631
0.000127878556
2.103960248e-05
0.0002542519282
0.0001228326418
2.195339011e-05
0.0002910134819
0.0001350408603
2.448538863e-05
0.0002767430183
0.0001311814969
2.245894031e-05
0.0002819994805
0.0001469623751
1.85157152e-05
0.0002801899988
0.0001462100916
1.815579147e-05
0.0003348548974
0.0001519534956
2.519911395e-05
0.0003788416965
0.0001675629534
2.563321566e-05
0.0003399730308
0.0001555115531
2.440077323e-05
0.0003612937577
0.0001642581312
2.473251516e-05
0.0003392166224
0.0001539679666
2.517896129e-05
0.0003610438934
0.0001620804494
2.544193091e-05
0.0003784836174
0.000167456177
2.566158921e-05
0.0003415535716
0.0001566074544
2.430211458e-05
0.0003612421939
0.0001642456663
2.473414469e-05
0.0002838519319
0.0001461458105
1.824443623e-05
0.0003281931715
0.0001481172209
2.542928001e-05
0.0003503144082
0.0001563785061
2.470027101e-05
0.0003439531044
0.0001505113994
2.509535365e-05
0.0003780200237
0.0001683365487
2.368642071e-05
0.0003450180079
0.0001545598434
2.39952816e-05
0.0003694280166
0.0001636829212
2.348323189e-05
0.0003281229297
0.0001481058738
2.542048479e-05
0.0003499892805
0.0001562059545
2.471549263e-05
0.0003435255289
0.0001503386228
2.508122533e-05
0.0002480264615
0.0001177209384
2.713037569e-05
0.0002281050196
0.0001009623777
2.831761807e-05
0.0002310034607
0.0001021791513
2.827761384e-05
0.0002309499158
0.0001021432123
2.827531181e-05
0.0002831880887
0.0001189129492
1.753345765e-05
0.0002871362903
0.0001209657945
1.771967201e-05
0.0002831401617
0.0001189210477
1.753542944e-05
0.0002867258496
0.000120753383
1.769171908e-05
0.0002958348918
0.0001204554751
1.781208018e-05
0.0003057986653
0.0001283128719
1.81477149e-05
0.0002203886295
7.591893044e-05
2.553435772e-05
0.0002228682263
7.69790382e-05
2.555785917e-05
0.0002139050528
9.158684249e-05
2.604922158e-05
0.0002229544127
7.70027046e-05
2.555990258e-05
0.0002163657907
9.22208999e-05
2.610918536e-05
0.0001983013461
8.528662217e-05
1.389758216e-05
0.0002494692112
0.0001041726056
1.698821286e-05
0.0001847009446
7.807884484e-05
1.346949642e-05
0.000235343948
0.0001001140218
1.655615434e-05
0.0001982473213
8.53041839e-05
1.389436353e-05
0.0002490453685
0.0001077470406
1.646087054e-05
0.0001719231145
5.692081818e-05
2.641912302e-05
0.0001726143685
5.60174742e-05
2.622259646e-05
0.0001719820118
5.694463868e-05
2.642633322e-05
0.000172640677
5.60310226e-05
2.622878901e-05
0.0001522106722
5.980430272e-05
1.847052032e-05
0.0001555515896
6.039527726e-05
1.941115538e-05
0.0001325207675
3.746497339e-05
2.311164628e-05
0.0001317909435
3.718451247e-05
2.280683128e-05
8.1749597e-05
2.548745431e-05
1.518931775e-05
5.566868785e-05
1.914266584e-05
1.127418501e-05
6.303429973e-05
2.41964813e-05
1.310824989e-05
6.417717001e-05
2.36468937e-05
1.340960183e-05
8.800063242e-05
2.953905617e-05
1.630576976e-05
8.255668668e-05
2.769489357e-05
1.596467648e-05
8.552676918e-05
2.613921108e-05
1.56640308e-05
5.566199712e-05
1.913915488e-05
1.1274745e-05
6.301741947e-05
2.418362622e-05
1.310580638e-05
6.416988252e-05
2.36431071e-05
1.34090892e-05
2.253525316e-05
1.632576112e-05
6.109950237e-06
2.350183788e-05
2.311153253e-05
1.344038901e-05
2.184208836e-05
1.610621917e-05
6.00354234e-06
2.390814014e-05
2.462872165e-05
1.707547764e-05
4.116647129e-05
1.684533083e-05
9.047427576e-06
2.509723121e-05
1.568461133e-05
5.802405536e-06
2.422111557e-05
1.514122809e-05
5.822174192e-06
2.253036746e-05
1.631996422e-05
6.109412354e-06
2.183329376e-05
1.609555765e-05
5.997217316e-06
2.388593118e-05
2.460060996e-05
1.705040051e-05
9.729822155e-05
5.057266907e-05
1.014718054e-05
9.378924622e-05
4.837099436e-05
9.853058945e-06
9.522970693e-05
7.077784042e-05
6.960391711e-06
9.740329079e-05
5.080090173e-05
1.018976554e-05
9.373624532e-05
4.83834359e-05
9.861193288e-06
0.0001188817606
5.455136858e-05
1.252389665e-05
9.531637232e-05
7.088893815e-05
6.971293843e-06
8.553568327e-05
7.327145976e-05
7.809840782e-06
0.0001594403093
7.029760945e-05
1.378222647e-05
8.297627855e-05
2.960880683e-05
1.583781756e-05
4.731580896e-05
1.848574724e-05
1.011700007e-05
3.74468318e-05
1.613838713e-05
7.505856364e-06
3.716352103e-05
1.583190208e-05
7.235915724e-06
5.568017976e-05
6.757199043e-05
1.497581781e-05
0.0002630542284
0.0001378941377
1.67972382e-05
0.0002755134061
0.0001511134652
2.341059666e-05
0.0002749831026
0.0001506086021
1.808084499e-05
0.0002746877585
0.0001508033204
1.827254507e-05
0.0001245252627
3.162727353e-05
2.012079171e-05
6.4478402e-05
2.099234535e-05
1.232707492e-05
5.666911965e-05
1.977686848e-05
1.176761181e-05
5.692243481e-05
1.95002231e-05
1.182579665e-05
8.296903598e-05
2.96147283e-05
1.584044319e-05
6.456551684e-05
2.101789291e-05
1.233644908e-05
5.668216596e-05
1.978287305e-05
1.177111079e-05
5.698196947e-05
1.95202536e-05
1.183478483e-05
3.003812789e-05
3.154432879e-05
2.606023467e-05
4.735440381e-05
1.849955298e-05
1.012515891e-05
3.747383869e-05
1.614691799e-05
7.513631116e-06
3.718340283e-05
1.583754938e-05
7.243756276e-06
3.005858705e-05
3.158769683e-05
2.596432357e-05
5.573119809e-05
6.711195291e-05
1.499037353e-05
0.0001861782695
8.414390283e-05
1.369790858e-05
0.0001618233974
7.641184137e-05
1.080784008e-05
0.0001870875188
8.436588124e-05
1.372667267e-05
0.0002738098364
0.0001331721998
2.136898236e-05
0.0002738974744
0.0001332085883
2.138256848e-05
0.0002982136047
0.0001397308494
2.308433697e-05
0.0002751354731
0.0001509216272
2.32231628e-05
0.0002739823007
0.0001510636702
1.836889229e-05
0.0002741226962
0.000151051883
1.816439783e-05
0.0002630282958
0.0001378792307
1.679181629e-05
0.0002751415223
0.0001509313736
2.322597905e-05
0.0002739704144
0.0001510613258
1.837301004e-05
0.0002741160385
0.0001510515909
1.816725171e-05
0.0003136153954
0.0001481848945
2.483147368e-05
0.0003533492907
0.0001604035038
2.506707816e-05
0.0003513818025
0.0001606111536
2.412285573e-05
0.0003497638546
0.0001615523083
2.419877773e-05
0.0003134205519
0.0001480550211
2.49018066e-05
0.0003535181116
0.0001605207554
2.50847385e-05
0.000351593863
0.000160701868
2.431902557e-05
0.0003504303637
0.0001618005286
2.433923156e-05
0.0002679752255
0.0001366601855
1.676876419e-05
0.0002755203812
0.0001511204369
2.341395542e-05
0.0002749792948
0.0001506099115
1.808385291e-05
0.0002746815718
0.0001508034703
1.827578717e-05
0.000267980264
0.0001366756563
1.677336832e-05
0.0003541433002
0.0001614105368
2.326096227e-05
0.0003496080067
0.0001580013295
2.268391057e-05
0.0003488435558
0.0001595651922
2.265702178e-05
0.0003155074997
0.0001393236706
2.524741603e-05
0.0003536858995
0.0001611510265
2.328189046e-05
0.0003492891428
0.0001577979879
2.26609043e-05
0.0003486101449
0.0001594377829
2.262425289e-05
0.000315466317
0.0001393510315
2.524054579e-05
0.00027087809
0.0001294138577
2.157779194e-05
0.0003034987357
0.000131397688
1.809049217e-05
0.0003034199901
0.0001313905238
1.80853917e-05
0.0001968436839
7.31343151e-05
2.265514976e-05
0.0001902771919
8.017419187e-05
2.48774505e-05
0.0002122902034
9.701559104e-05
1.47409148e-05
0.000210988087
9.271237627e-05
1.610193819e-05
0.000212086417
9.679926099e-05
1.467086417e-05
0.0002121006646
9.360946258e-05
1.617113849e-05
0.0001125857259
2.90500211e-05
1.913273931e-05
7.464963131e-05
2.672729976e-05
1.504366755e-05
5.519292137e-05
1.902079393e-05
1.114390232e-05
4.970653691e-05
1.84233262e-05
1.071696712e-05
4.995907398e-05
1.804976227e-05
1.076565284e-05
7.462489035e-05
2.672239714e-05
1.504101158e-05
5.518137964e-05
1.901673735e-05
1.114134684e-05
4.968187815e-05
1.841400605e-05
1.071422392e-05
4.995263382e-05
1.804621738e-05
1.076348763e-05
4.082563447e-05
1.683878718e-05
8.936848558e-06
3.268957849e-05
1.510840191e-05
6.681284468e-06
3.210592802e-05
1.457723983e-05
6.722555778e-06
3.174761164e-05
3.512358236e-05
1.549538997e-05
4.080880949e-05
1.683311377e-05
8.93458297e-06
3.267954047e-05
1.510932997e-05
6.681043012e-06
3.209096387e-05
1.457393659e-05
6.722414074e-06
3.164493888e-05
3.507492412e-05
1.55030472e-05
5.552503459e-05
6.322880344e-05
2.195549057e-05
0.0001382108806
4.065417256e-05
2.421415858e-05
0.0001310131388
3.725007878e-05
2.150998068e-05
0.0001439252396
4.720589688e-05
1.820532346e-05
0.0001438096747
5.275529511e-05
1.885992326e-05
9.759567065e-05
2.916341002e-05
1.659825947e-05
9.207831138e-05
3.120296834e-05
1.697802791e-05
3.118944857e-05
1.484232668e-05
6.458137826e-06
2.719987922e-05
1.532474881e-05
5.849395935e-06
3.020150838e-05
1.42408034e-05
6.467502758e-06
7.030010464e-05
6.377027063e-05
2.915992273e-05
9.383363419e-05
7.358561381e-05
1.23029143e-05
8.022494374e-05
6.870871389e-05
1.859236286e-05
7.922490609e-05
6.756969964e-05
1.798542509e-05
7.046349364e-05
6.406653079e-05
2.913835778e-05
0.0001864783244
6.069859063e-05
2.257691192e-05
0.0001871526467
6.397945562e-05
2.545584838e-05
0.0001859192238
6.070414554e-05
2.256621615e-05
0.0002135559752
7.23626205e-05
2.048673927e-05
0.0002148776368
7.297413141e-05
2.040344836e-05
0.000244651838
0.0001181002013
2.706171739e-05
0.0002551035674
0.0001103897994
2.278002147e-05
0.0002423178253
0.0001085513031
1.915466331e-05
0.0002432609165
0.0001096392144
2.013475047e-05
0.0002323549099
0.0001163736249
1.621484605e-05
0.0002526744661
0.0001217688677
2.18228525e-05
0.0002835301297
0.0001367679145
1.898080696e-05
0.0002745228196
0.0001325950817
1.897234155e-05
0.0002807287023
0.0001464419965
1.818193191e-05
0.0002619299604
0.0001429946124
1.729765743e-05
0.0002714912446
0.000148338236
1.535509113e-05
0.0002659864847
0.0001462556174
1.882886637e-05
0.0002713109373
0.0001486158692
1.536294176e-05
0.000257323234
0.0001191713753
1.940852766e-05
0.0002391566996
0.000118398627
1.8681779e-05
0.0002384204954
0.0001184628044
1.870927568e-05
0.0002580505756
0.0001189362605
1.956037113e-05
0.0002567706986
0.0001085882468
1.677483265e-05
0.0002573637813
0.000109483462
1.636662979e-05
0.000253230301
0.0001090333937
1.662727973e-05
0.0002427277466
0.0001021839099
1.67790947e-05
0.0002629323096
0.0001102425919
1.649547292e-05
0.0001538503943
5.186421536e-05
2.882719382e-05
0.0001559968658
5.782281416e-05
1.9590052e-05
0.0001580580135
6.946785697e-05
1.383633678e-05
0.000178604891
7.702981809e-05
1.341842899e-05
0.0001492802948
6.431995533e-05
1.152120818e-05
0.0001287724585
5.791853261e-05
1.089618622e-05
0.0001448319851
6.247665299e-05
1.146660094e-05
0.0001571221642
4.859584155e-05
2.372692729e-05
0.0001858520604
6.239678913e-05
2.122980822e-05
0.0001756365206
5.991847809e-05
2.773124365e-05
0.0001853934316
6.107371615e-05
2.125743899e-05
0.0001571447832
4.860836396e-05
2.372203791e-05
0.0001857922616
6.23002982e-05
2.122177192e-05
0.0001755695357
5.990619724e-05
2.77315194e-05
0.0001854345095
6.116451628e-05
2.126796683e-05
0.000104146457
4.049708401e-05
1.821774198e-05
0.0001280579162
4.706726803e-05
1.820483844e-05
0.0001315075905
4.544997551e-05
1.834983373e-05
0.0001047273499
4.036455545e-05
1.806920122e-05
0.0001596989888
6.159095681e-05
2.020462583e-05
0.0001310621072
3.725606883e-05
2.151058018e-05
0.0001439025443
5.274963094e-05
1.885757814e-05
0.0001041218954
4.049547759e-05
1.821610926e-05
0.0001279717179
4.708723074e-05
1.820457695e-05
0.0001314887979
4.544152426e-05
1.834834762e-05
0.000104707783
4.036286867e-05
1.807060832e-05
0.000159668527
6.157347615e-05
2.020408755e-05
0.0001440247132
4.720111204e-05
1.820090564e-05
5.899778725e-05
2.162328511e-05
1.235260916e-05
7.380709706e-05
2.668245072e-05
1.433408393e-05
6.110698312e-05
2.129424863e-05
1.255416677e-05
9.766393612e-05
2.918908173e-05
1.66087265e-05
9.214677996e-05
3.123635472e-05
1.698847118e-05
5.899154788e-05
2.162266135e-05
1.235374796e-05
7.39082444e-05
2.671722901e-05
1.434392828e-05
6.115284079e-05
2.131472901e-05
1.256330538e-05
2.500421355e-05
2.304506017e-05
9.234821518e-06
2.405622473e-05
1.667059126e-05
5.72275051e-06
3.121832093e-05
1.485250934e-05
6.459263474e-06
2.72106219e-05
1.532115318e-05
5.852067266e-06
3.021809219e-05
1.4247041e-05
6.46947104e-06
2.498053467e-05
2.301391523e-05
9.2557977e-06
2.40545652e-05
1.665636818e-05
5.725118782e-06
8.995742832e-05
7.133847661e-05
1.215799338e-05
6.27924076e-05
4.446237842e-05
6.393508018e-06
7.134224348e-05
5.901607059e-05
1.415910432e-05
5.059699252e-05
3.921659923e-05
1.045140408e-05
5.286905359e-05
3.846116927e-05
6.135398112e-06
7.029856502e-05
6.375563795e-05
2.921359894e-05
9.377091032e-05
7.364837498e-05
1.230358038e-05
8.02050526e-05
6.867831536e-05
1.858110145e-05
7.918844612e-05
6.75610245e-05
1.799250592e-05
7.046977712e-05
6.405521117e-05
2.914918131e-05
9.001817318e-05
7.145687297e-05
1.216083688e-05
6.285090968e-05
4.447446513e-05
6.29446108e-06
5.040437668e-05
3.534013972e-05
5.482998391e-06
5.265449636e-05
3.83169196e-05
6.105175086e-06
7.158069928e-05
5.920277442e-05
1.389870635e-05
0.0001048631256
5.177171244e-05
9.154756242e-06
0.0001245214144
6.015865043e-05
9.225619289e-06
0.0001261920379
6.591442286e-05
1.117567033e-05
0.0001487902283
7.446779863e-05
1.176080663e-05
0.0001621755855
7.69230003e-05
1.229081849e-05
0.0001045583774
5.157096009e-05
9.200974886e-06
0.0001245185853
6.008330599e-05
9.237254955e-06
0.0001264504871
6.602378365e-05
1.117257554e-05
0.0001488260312
7.449457216e-05
1.174266028e-05
0.0002104763923
9.297063134e-05
2.670031876e-05
0.0002240167441
9.339369287e-05
2.107603844e-05
0.0002245090746
7.993205208e-05
2.684434418e-05
0.0002223370023
9.253716821e-05
2.087505062e-05
0.0002472545694
9.169759065e-05
2.244808172e-05
0.0002104728825
9.296357483e-05
2.669882968e-05
0.0002239874703
9.335846004e-05
2.107353533e-05
0.000224521251
7.993130663e-05
2.684108261e-05
0.000222352036
9.251400646e-05
2.087282541e-05
0.000247147607
9.164647723e-05
2.244261383e-05
0.0001864982529
6.069612457e-05
2.257669112e-05
0.0001871351172
6.398310443e-05
2.545684128e-05
0.0001859233115
6.07066595e-05
2.256619632e-05
0.0002135587963
7.235786201e-05
2.048593548e-05
0.0002149141894
7.296585177e-05
2.040002427e-05
0.0001566247545
7.229109418e-05
1.145347208e-05
0.0001540712012
7.249872369e-05
1.109147882e-05
0.0001755567979
7.991484684e-05
1.282177782e-05
0.0001931540946
8.781872493e-05
1.142710481e-05
0.0001749464263
8.075456923e-05
1.25884907e-05
0.0001569435361
7.242982627e-05
1.15046134e-05
0.0001625376697
7.714768884e-05
1.230746142e-05
0.0001544231541
7.263822031e-05
1.113435976e-05
0.000175949178
8.015381376e-05
1.285107138e-05
0.0001933371075
8.787552873e-05
1.147416747e-05
0.0001755210003
8.099861214e-05
1.263001012e-05
0.0002113795479
9.687043967e-05
1.383269279e-05
0.0002159870979
0.0001068971472
1.523095114e-05
0.0002277648476
0.0001030371505
1.503011593e-05
0.0002337072998
0.0001035271046
1.542975308e-05
0.0002114861114
9.683577388e-05
1.384269694e-05
0.0002165648736
0.0001070719068
1.532649994e-05
0.0002284867857
0.0001030946296
1.505062657e-05
0.0002342554782
0.0001035430695
1.540597736e-05
0.0002156378087
0.0001043206399
2.219967724e-05
0.0002533080064
0.0001217229891
1.969009809e-05
0.0002339165804
0.0001194909995
1.862712243e-05
0.0002341608977
0.0001191242571
1.864511304e-05
0.0002528346456
0.0001222115685
1.971449682e-05
0.0002446461252
0.0001181084395
2.706516539e-05
0.0002550988734
0.0001103985361
2.278563675e-05
0.0002423180917
0.000108560339
1.915899284e-05
0.0002432544823
0.0001096529219
2.01398068e-05
0.0002156227756
0.0001043298581
2.220167886e-05
0.0002533409076
0.0001217471819
1.968873569e-05
0.0002339127501
0.0001194883723
1.862476562e-05
0.0002341652483
0.0001191418481
1.864841032e-05
0.0002528594387
0.0001222092307
1.970947025e-05
0.0002608687052
0.0001289481859
2.099800198e-05
0.0002947356453
0.00013725131
2.535535235e-05
0.0002853822609
0.0001342554665
2.221486711e-05
0.000284014106
0.0001335353257
2.36329847e-05
0.0002931196996
0.0001377298239
2.292528216e-05
0.0002544513805
0.0001221100034
2.157686875e-05
0.000258776094
0.0001280703003
2.124643592e-05
0.0002822980295
0.0001369824495
1.906615079e-05
0.0002747128146
0.000133496125
1.899450787e-05
0.0002946356463
0.0001372848028
2.541096932e-05
0.0002855499129
0.0001343808453
2.22189396e-05
0.0002840530611
0.000133597263
2.365205904e-05
0.000292914201
0.0001377385903
2.291500915e-05
0.0002698789154
0.0001491027337
1.527427504e-05
0.0002643224254
0.0001452290818
1.878628746e-05
0.0002700524815
0.0001492021714
1.545775807e-05
0.000280718961
0.0001464331583
1.8178507e-05
0.0002619052072
0.0001429776083
1.729397796e-05
0.0002698523387
0.0001490875487
1.527487903e-05
0.0002642946136
0.0001452129121
1.87791101e-05
0.0002700342195
0.0001491904929
1.545502605e-05
0.0003367306426
0.0001524824445
2.588461166e-05
0.0003372501395
0.000155237283
2.524532385e-05
0.000345836438
0.0001592100209
2.259590337e-05
0.0003371165487
0.0001561421632
2.429278827e-05
0.0003446958766
0.0001601327127
2.296868069e-05
0.0003355888337
0.0001519259391
2.583323941e-05
0.0003364789501
0.0001548137492
2.497512975e-05
0.0003471957524
0.0001601152139
2.289857507e-05
0.0003380047089
0.0001568216557
2.423429033e-05
0.0003457553493
0.0001607861439
2.31735708e-05
0.0002830804791
0.0001457197206
1.824129777e-05
0.0002639200601
0.0001435388883
1.774774254e-05
0.0002714951377
0.0001483565088
1.536608449e-05
0.0002659910775
0.0001462654488
1.883165078e-05
0.0002713162824
0.0001486255056
1.536917287e-05
0.0002830554146
0.0001457186638
1.824000994e-05
0.0002639107106
0.0001435409872
1.774564279e-05
0.0003444584873
0.0001555932834
2.315085486e-05
0.000343800703
0.0001564090579
2.298425181e-05
0.0003444816037
0.0001573671552
2.324847234e-05
0.0003211219895
0.0001443833389
2.526345197e-05
0.000327398901
0.0001493948083
2.425425742e-05
0.000344315618
0.0001555060031
2.310367794e-05
0.0003435101236
0.0001562080384
2.296106834e-05
0.0003442204908
0.0001572654014
2.322096693e-05
0.0003211537334
0.0001444230486
2.526365555e-05
0.0003272537946
0.0001493670727
2.422361871e-05
0.0002483564076
0.0001178951695
2.706322253e-05
0.0002584436344
0.0001071814498
2.212828007e-05
0.0002447304581
0.0001069285375
2.027834152e-05
0.0002208791141
0.0001036044759
2.232100516e-05
0.0002451734731
0.0001070399686
2.006917699e-05
0.0002573593189
0.0001192027188
1.940627009e-05
0.0002480521628
0.000117739848
2.713279919e-05
0.0002391563269
0.0001184040969
1.868460156e-05
0.0002483978666
0.0001179163292
2.706407108e-05
0.0002384269388
0.0001184930569
1.871615057e-05
0.0002580728152
0.0001189424131
1.955866456e-05
0.0002584591553
0.0001071929034
2.212695863e-05
0.000244732106
0.0001069167275
2.027638869e-05
0.000245196858
0.0001070687945
2.006825645e-05
0.0002289208196
0.0001006455506
2.845129111e-05
0.0002208220708
0.000103636385
2.232794675e-05
0.0003018211187
0.000129357039
1.815431566e-05
0.0003054644209
0.0001282107423
1.81278843e-05
0.0002970040521
0.0001276159117
1.826265303e-05
0.0002939487385
0.0001286185965
1.846549017e-05
0.0003008681022
0.0001271171395
1.784918462e-05
0.0002773076402
0.0001185544101
1.75021923e-05
0.0003023381152
0.0001287153047
1.821899668e-05
0.0002849162362
0.0001198832863
1.72245067e-05
0.000280198938
0.0001170010174
1.68814688e-05
0.000275236764
0.0001168275064
1.690564494e-05
0.0003016874781
0.0001293039412
1.814951142e-05
0.0002968413842
0.0001275437488
1.825404579e-05
0.0002937679452
0.0001285449949
1.84573442e-05
0.0003008025656
0.0001270885785
1.784593273e-05
0.0002874432781
0.0001183193121
1.759272955e-05
0.0002773242725
0.0001185752004
1.750421937e-05
0.0003022929192
0.0001286988128
1.822893762e-05
0.0002855396998
0.0001201516579
1.72714674e-05
0.0002803723844
0.0001171679562
1.689807024e-05
0.0002755074597
0.0001170365604
1.69286462e-05
0.0002477066856
8.881041884e-05
2.231987027e-05
0.0002240030978
9.054463119e-05
2.109891664e-05
0.0002147912089
9.095384389e-05
2.616077572e-05
0.0002211936437
7.606493133e-05
2.552033721e-05
0.0002228192883
9.013432911e-05
2.101248953e-05
0.0002476269323
8.876578015e-05
2.231818762e-05
0.0002240195438
9.051993806e-05
2.109498143e-05
0.0002147955464
9.0936733e-05
2.615679909e-05
0.0002212515968
7.607441524e-05
2.551835613e-05
0.0002228324274
9.015006881e-05
2.102710199e-05
0.000209933976
6.928725296e-05
2.034406385e-05
0.0002106742682
6.949531831e-05
2.021358574e-05
0.0001776529728
5.744008054e-05
2.197342595e-05
0.0001773183768
5.731894482e-05
2.196598536e-05
0.0002098773795
6.926108892e-05
2.032411415e-05
0.0002107280417
6.950522255e-05
2.021324075e-05
0.0001777827252
5.746198825e-05
2.197862511e-05
0.0001813112702
5.92254871e-05
2.505994274e-05
0.0001774579068
5.737426085e-05
2.196864216e-05
0.0002202045267
9.51700854e-05
1.412411773e-05
0.0002148718133
9.354607503e-05
1.371465105e-05
0.0001890474065
8.042813632e-05
1.470623397e-05
0.000183121056
7.940563818e-05
1.46205417e-05
0.0002202053985
9.511255012e-05
1.405010904e-05
0.0002145966269
9.340677177e-05
1.363741638e-05
0.0001895858164
8.077059754e-05
1.479457439e-05
0.0001783928608
7.689426408e-05
1.338238196e-05
0.0001834913819
7.979017711e-05
1.470786937e-05
0.0002571664405
0.0001088099546
1.680546105e-05
0.0002574544192
0.0001095960366
1.638950139e-05
0.0002531966155
0.0001090940141
1.663903981e-05
0.0002427566303
0.0001021980402
1.677059889e-05
0.000262906728
0.0001103255388
1.651218567e-05
0.0001710700981
5.631220402e-05
2.636611549e-05
0.0001812304483
5.920812197e-05
2.506541589e-05
0.0001479026355
4.514317218e-05
2.294635372e-05
0.0001768006874
5.886706706e-05
2.050738886e-05
0.0001773627389
6.112206073e-05
2.050136533e-05
0.000171083611
5.63224626e-05
2.636732466e-05
0.0001479626069
4.516002668e-05
2.294067806e-05
0.0001768731813
5.895443946e-05
2.051558984e-05
0.0001774286822
6.113258332e-05
2.050234145e-05
0.0001327951409
3.739024601e-05
2.304315267e-05
0.0001221502724
3.466750552e-05
2.053626077e-05
0.0001339643751
4.375511312e-05
1.76444188e-05
0.0001363906123
4.566156805e-05
1.819969916e-05
9.55766721e-05
3.697763974e-05
1.758212503e-05
0.0001120382419
4.334358489e-05
1.76111189e-05
0.0001126577471
4.345017715e-05
1.773937904e-05
9.643226872e-05
3.657944195e-05
1.742957384e-05
0.0001559853224
5.787931548e-05
1.958885888e-05
0.0001339776925
4.378590113e-05
1.764908426e-05
0.0001327704798
3.73837211e-05
2.304109348e-05
0.000122157527
3.466781929e-05
2.053765098e-05
0.0001363679169
4.565546484e-05
1.81999173e-05
9.556970336e-05
3.696770769e-05
1.757959402e-05
0.0001120092651
4.330913426e-05
1.76097756e-05
0.0001126362905
4.341416228e-05
1.773747565e-05
9.639977848e-05
3.656362134e-05
1.742811887e-05
8.434608449e-05
2.587595519e-05
1.561272335e-05
8.154330122e-05
2.742494414e-05
1.591046922e-05
5.18653024e-05
1.982646144e-05
1.141568899e-05
6.393757896e-05
2.356872776e-05
1.334083927e-05
5.319699318e-05
1.943719358e-05
1.161524865e-05
8.430813015e-05
2.586626535e-05
1.560922026e-05
8.150597275e-05
2.741199648e-05
1.590770192e-05
5.184859973e-05
1.98172039e-05
1.141233758e-05
6.391457819e-05
2.356066607e-05
1.333910277e-05
5.318522658e-05
1.943371597e-05
1.161343283e-05
2.733564454e-05
1.415641762e-05
6.493540739e-06
2.414395016e-05
1.522884076e-05
5.893644486e-06
2.6409672e-05
1.356129443e-05
6.506098404e-06
2.388114263e-05
2.453894949e-05
1.697569359e-05
2.185771701e-05
1.624070899e-05
6.159960395e-06
2.73291712e-05
1.416184355e-05
6.493523201e-06
2.413999787e-05
1.522031809e-05
5.884071332e-06
2.640548881e-05
1.356017436e-05
6.505543576e-06
2.383807501e-05
2.446216705e-05
1.685601204e-05
2.184705228e-05
1.621963074e-05
6.152547083e-06
9.64095423e-05
4.884468363e-05
9.943808978e-06
7.400595919e-05
7.864704083e-05
2.344416188e-05
8.552462993e-05
7.327672189e-05
7.784625905e-06
8.89794934e-05
7.430438754e-05
1.403743151e-05
9.168945672e-05
7.242857861e-05
7.334198661e-06
0.0001045352711
8.088867326e-05
1.343496918e-05
6.713369114e-05
6.972184809e-05
2.284122187e-05
6.976636981e-05
5.392500702e-05
8.178406526e-06
9.543755161e-05
5.028913939e-05
9.615091048e-06
9.404125835e-05
4.719105148e-05
9.335159578e-06
0.0001185005684
5.635380489e-05
1.241246901e-05
9.633335202e-05
4.893519356e-05
9.981718544e-06
9.733216457e-05
5.131025195e-05
9.623387203e-06
9.58003743e-05
4.7950074e-05
9.337830857e-06
7.385423176e-05
7.840285181e-05
2.348230076e-05
8.875428206e-05
7.416166704e-05
1.412100359e-05
9.177074255e-05
7.256364473e-05
7.367601968e-06
0.0001040289913
8.081691745e-05
1.351070502e-05
6.700197726e-05
6.954762669e-05
2.289355174e-05
6.999304492e-05
5.411158921e-05
8.124631359e-06
0.0001579954646
6.960960107e-05
1.387079983e-05
0.0001454006265
6.285916995e-05
1.147716989e-05
0.0001495587064
6.479490386e-05
1.154386471e-05
0.0001291582474
5.809166501e-05
1.089188297e-05
0.0001365225992
3.845809643e-05
2.220781171e-05
0.0001484850515
5.261175434e-05
1.889252313e-05
0.0001403406105
4.07760985e-05
2.421077324e-05
8.194384823e-05
2.995664024e-05
1.592346539e-05
9.748935665e-05
2.917806465e-05
1.661191389e-05
9.256249921e-05
3.103811067e-05
1.695865791e-05
4.690621289e-05
1.832416001e-05
1.007736433e-05
3.685657908e-05
1.57357715e-05
7.299138136e-06
3.672138367e-05
1.569073648e-05
7.205034948e-06
3.017543882e-05
1.4296685e-05
6.485261162e-06
2.697750499e-05
1.531817877e-05
5.847933409e-06
2.999005151e-05
1.422412005e-05
6.469940701e-06
6.934276793e-05
6.305574395e-05
2.819209789e-05
7.794108242e-05
6.703598338e-05
1.775727446e-05
8.992090002e-05
7.14085993e-05
1.246047472e-05
7.833409022e-05
6.713598137e-05
1.770119776e-05
6.868448799e-05
6.266309419e-05
2.831948545e-05
0.0001964731207
7.791094e-05
2.345741218e-05
0.0001906459832
8.247913402e-05
2.550966811e-05
0.0001795962945
6.119031237e-05
2.263399355e-05
0.0001793479679
6.052717829e-05
2.259245565e-05
0.000218051278
7.521347882e-05
2.024996655e-05
0.000226748367
8.106879002e-05
2.688804093e-05
0.0002167131626
7.456188304e-05
2.035294636e-05
0.0002546717109
0.0001090507601
2.196738802e-05
0.0002435368676
0.0001098511923
2.021479663e-05
0.0002299673387
0.0001161358474
1.620891426e-05
0.0002527264439
0.0001224023703
2.188955042e-05
0.0002636537722
0.0001378933736
1.692478529e-05
0.0002803791767
0.0001462809862
1.816629769e-05
0.0002622559339
0.0001432301404
1.731936837e-05
0.0002756289287
0.0001512199102
2.352537257e-05
0.0002745960699
0.0001509597549
1.8365553e-05
0.0002747321641
0.0001509514918
1.834730469e-05
0.0002713995027
0.0001488920487
1.537565762e-05
0.0002661108783
0.0001463830475
1.882845198e-05
0.000271426777
0.0001488118278
1.536583479e-05
0.0002562661231
0.000118760936
1.933086713e-05
0.0002482393016
0.0001176842769
2.707670573e-05
0.000237115626
0.000118047813
1.862335085e-05
0.0002483863179
0.0001177241819
2.706426729e-05
0.0002375535541
0.0001181185363
1.864493955e-05
0.000255866559
0.0001187660395
1.931644616e-05
0.0002602444855
0.0001093784346
1.686235654e-05
0.0002572556432
0.0001096016412
1.640772504e-05
0.0002501307984
0.0001080621191
1.651317905e-05
0.0002571296326
0.0001094151256
1.637641917e-05
0.0001370177197
4.603930181e-05
1.823981171e-05
0.0001549247765
5.985813088e-05
1.93872235e-05
0.0001659800727
7.233757152e-05
1.419604722e-05
0.0001284421448
5.722780232e-05
1.093781146e-05
0.0001474913662
6.289435879e-05
1.167964801e-05
0.0001511022326
6.387863352e-05
1.183288729e-05
0.0001572607552
4.811663979e-05
2.361008258e-05
0.0001845549211
5.977304951e-05
2.118499975e-05
0.0001755323469
5.901490679e-05
2.745828888e-05
0.0001847079604
6.232619629e-05
2.546914167e-05
0.0001857144636
6.027628173e-05
2.124360389e-05
0.0001572674178
4.812876694e-05
2.361123946e-05
0.0001845782565
5.979469572e-05
2.118562939e-05
0.0001755513001
5.902676698e-05
2.745927494e-05
0.0001847423201
6.2364881e-05
2.547584541e-05
0.0001857262364
6.028466384e-05
2.124489192e-05
0.0001050208446
4.065984028e-05
1.827103847e-05
0.0001337594513
4.656140052e-05
1.844786152e-05
0.0001279283528
4.795410374e-05
1.839377525e-05
0.0001059264218
4.128898834e-05
1.831880851e-05
0.0001594704768
6.443599635e-05
1.99460915e-05
0.000147395484
5.20345107e-05
1.882919127e-05
0.000136474304
3.845869364e-05
2.220943471e-05
0.000104993172
4.064773672e-05
1.827105521e-05
0.0001337415264
4.654279613e-05
1.844858902e-05
0.00010593988
4.128886821e-05
1.832078346e-05
0.0001276883404
4.801035257e-05
1.839355635e-05
0.0001321496457
3.284724881e-05
2.095049163e-05
0.0001485691868
5.260900802e-05
1.888881977e-05
0.000159436838
6.445130534e-05
1.994710801e-05
0.0001474198955
5.203510295e-05
1.88292588e-05
6.396552039e-05
2.086277184e-05
1.232210004e-05
5.72173302e-05
1.960133053e-05
1.194030372e-05
5.670168723e-05
1.943099366e-05
1.183085656e-05
6.138611794e-05
2.143840917e-05
1.267375842e-05
7.36466457e-05
2.648556712e-05
1.433857592e-05
6.084714325e-05
2.126806149e-05
1.258390875e-05
8.191236031e-05
2.996508259e-05
1.592680192e-05
9.757219336e-05
2.920937346e-05
1.662383565e-05
9.289486015e-05
3.107408016e-05
1.697015266e-05
6.402810272e-05
2.088748788e-05
1.233390249e-05
5.721318484e-05
1.960377018e-05
1.194451289e-05
5.674881471e-05
1.945133875e-05
1.184120969e-05
6.136282032e-05
2.143658426e-05
1.26754581e-05
7.374085966e-05
2.652682257e-05
1.43494997e-05
6.088736906e-05
2.129237697e-05
1.259427465e-05
2.987796474e-05
3.122573141e-05
2.726014002e-05
2.499172737e-05
2.319868213e-05
9.360629627e-06
2.393518229e-05
1.673281904e-05
5.726286271e-06
4.693238361e-05
1.833013417e-05
1.008542185e-05
3.686719047e-05
1.574197922e-05
7.303308018e-06
3.671635338e-05
1.568961174e-05
7.216769583e-06
3.018496543e-05
1.430199698e-05
6.48567371e-06
2.700045849e-05
1.532222059e-05
5.851169158e-06
3.001863043e-05
1.424062603e-05
6.471773475e-06
2.989041072e-05
3.125849466e-05
2.70588356e-05
2.498756497e-05
2.317333033e-05
9.418720056e-06
2.394506527e-05
1.672578974e-05
5.730088481e-06
7.641016285e-05
5.408350486e-05
8.665517827e-06
6.155871824e-05
4.193745975e-05
7.476770187e-06
9.703402118e-05
7.070052208e-05
3.798258665e-05
7.134445186e-05
6.032053284e-05
1.411710779e-05
5.844770956e-05
4.110023954e-05
7.151136661e-06
6.93043115e-05
6.303159431e-05
2.819513271e-05
9.021405065e-05
7.165503823e-05
1.262031746e-05
7.784322728e-05
6.695749729e-05
1.774796289e-05
6.864325453e-05
6.26257428e-05
2.834324795e-05
8.998256799e-05
7.152628291e-05
1.246975305e-05
7.826947966e-05
6.710487751e-05
1.769846848e-05
5.530950192e-05
6.818161021e-05
1.412226516e-05
7.645447591e-05
5.413730844e-05
8.67812454e-06
6.148958819e-05
4.192598974e-05
7.48275526e-06
9.729753659e-05
7.07163044e-05
3.683138645e-05
7.149170158e-05
6.031469783e-05
1.398006268e-05
5.849127502e-05
4.106888842e-05
7.154293169e-06
0.0001137166263
6.764086826e-05
3.368285662e-05
0.0001269580439
6.079756288e-05
9.106395076e-06
0.0001467839655
7.584794051e-05
1.170193471e-05
0.0001576290928
7.595090035e-05
1.244349273e-05
0.0001261321286
6.11920573e-05
9.275488709e-06
0.0001134868257
6.737864526e-05
3.350370607e-05
0.0001267817487
6.078760737e-05
9.11845128e-06
0.0001467899738
7.59492113e-05
1.167368759e-05
0.0001579639117
7.633227675e-05
1.247628922e-05
0.000126078991
6.114750326e-05
9.286214578e-06
0.0002129374529
9.372908358e-05
2.670347398e-05
0.0002486645798
9.257273126e-05
2.262485738e-05
0.000225362824
9.425664626e-05
2.12305848e-05
0.0002262992148
9.475950638e-05
2.131392784e-05
0.000212953781
9.371992545e-05
2.670003005e-05
0.000248554769
9.25079055e-05
2.262070953e-05
0.0002253328447
9.421104329e-05
2.122848778e-05
0.0002263349033
9.473928108e-05
2.131395282e-05
0.0001964584882
7.788474392e-05
2.345852916e-05
0.0001906227404
8.248566505e-05
2.551119661e-05
0.0001796184332
6.119446392e-05
2.263374264e-05
0.0001793858583
6.053133005e-05
2.259178079e-05
0.0002180967619
7.523710071e-05
2.027019085e-05
0.0002268431802
8.108153757e-05
2.688611896e-05
0.0002166808225
7.453807868e-05
2.033367154e-05
0.0001876591036
8.431384379e-05
1.380631298e-05
0.0001587788365
7.554673921e-05
1.041727635e-05
0.0001548705267
7.241790001e-05
1.064973724e-05
0.0001537119452
7.203284402e-05
1.076489969e-05
0.0001732565808
8.077901901e-05
1.256192381e-05
0.0001914054176
8.765117673e-05
1.13238955e-05
0.0001739921598
8.077238127e-05
1.257189357e-05
0.0001547254688
7.235472734e-05
1.063808343e-05
0.0001538424815
7.214880411e-05
1.078841572e-05
0.0001732024458
8.069458372e-05
1.255409781e-05
0.0001914975837
8.769052997e-05
1.132754234e-05
0.0001739133699
8.076066153e-05
1.257229103e-05
0.0002089818272
9.628939338e-05
1.365198666e-05
0.0002132010248
0.000105307288
1.520044461e-05
0.0002255683169
0.0001020485155
1.496029454e-05
0.0002251144537
0.0001014666823
1.493638747e-05
0.0002091094295
9.632705861e-05
1.368618394e-05
0.0002135590192
0.0001053480366
1.524941188e-05
0.0002257656824
0.0001020322268
1.498952075e-05
0.0002252785423
0.0001014267109
1.493739355e-05
0.0002441748234
0.0001099477036
2.020348309e-05
0.0002181057615
0.000104945643
2.212416605e-05
0.0002517976248
0.0001203592779
1.95884849e-05
0.000232631358
0.0001177274491
1.848788404e-05
0.0002332321376
0.000118185295
1.852992284e-05
0.0002507367899
0.0001197003199
1.952393691e-05
0.0002643228359
0.0001295758312
2.160526863e-05
0.0002546496978
0.0001090580719
2.196655504e-05
0.0002441370385
0.0001099509594
2.020466987e-05
0.0002180481308
0.0001049538451
2.213020747e-05
0.0002435346441
0.0001098612512
2.021871749e-05
0.000251817912
0.0001203838016
1.958814277e-05
0.000232674249
0.000117734384
1.848737888e-05
0.0002507777258
0.0001196757661
1.951496258e-05
0.0002332347458
0.0001182014
1.853269966e-05
0.0002655808042
0.0001344811527
2.137576759e-05
0.0002803731981
0.0001352645743
1.935120373e-05
0.0002777666482
0.0001342219751
1.921406976e-05
0.0003183167295
0.0001445326795
2.576984609e-05
0.0003084190413
0.0001416959862
2.442865252e-05
0.000300295224
0.000138843165
2.417883873e-05
0.000330554552
0.0001484933389
2.612541686e-05
0.0002804897155
0.0001355471139
1.934529681e-05
0.0002540752005
0.0001227533538
2.172709151e-05
0.000278418391
0.0001351054392
1.918466593e-05
0.0002651789004
0.0001348011322
2.139946911e-05
0.0002850346135
0.0001328628887
2.426447383e-05
0.0003180987484
0.0001445277082
2.57989402e-05
0.0003082394513
0.0001417195578
2.442813114e-05
0.0003300362869
0.0001484000741
2.614898382e-05
0.0003001362275
0.0001388294054
2.418398732e-05
0.0003498343772
0.0001545846006
2.515738816e-05
0.0002751640306
0.0001509626906
2.310951811e-05
0.0002741541654
0.0001510466955
1.806870528e-05
0.0002741229966
0.0001510119343
1.80896625e-05
0.0002701174989
0.0001490947933
1.552819092e-05
0.0002648523623
0.0001455537809
1.878903902e-05
0.0002701637444
0.0001491621234
1.552046042e-05
0.0002636386363
0.0001378925319
1.692201103e-05
0.000280385903
0.0001462785717
1.81646704e-05
0.0002622583226
0.0001432244069
1.731695646e-05
0.0002751823827
0.0001509748678
2.311042353e-05
0.000274135838
0.000151040053
1.806742907e-05
0.0002741194946
0.000151014419
1.809030843e-05
0.000270118749
0.0001491066484
1.553499871e-05
0.0002648448683
0.0001455459352
1.878489827e-05
0.0002701582892
0.0001491556845
1.551949808e-05
0.0003282931249
0.0001524441276
2.523788442e-05
0.0003550874802
0.0001570011311
2.613321388e-05
0.0003548674815
0.0001601213038
2.53882417e-05
0.0003714057522
0.000164977578
2.54303864e-05
0.0003762999534
0.0001694145762
2.483321051e-05
0.0003689235905
0.0001672092198
2.462657852e-05
0.0003703282623
0.0001684347021
2.370735977e-05
0.0003548019774
0.0001617917822
2.46205435e-05
0.0003629595246
0.0001659051427
2.349945801e-05
0.00032806873
0.0001523477212
2.526998713e-05
0.0003543940829
0.0001566870991
2.609518606e-05
0.0003541743955
0.0001598965953
2.527181907e-05
0.0003715087248
0.0001650068766
2.545114384e-05
0.0003763025285
0.0001694145707
2.482621071e-05
0.000369064415
0.0001672454585
2.468876498e-05
0.0003701573408
0.0001683327189
2.371969545e-05
0.0003551197155
0.0001621158031
2.461097773e-05
0.000363364968
0.0001661792127
2.359576608e-05
0.0002684800022
0.0001370538468
1.676439268e-05
0.0002834991252
0.0001459614858
1.823373933e-05
0.0002642009375
0.0001437866679
1.777249199e-05
0.0002756533819
0.0001512331818
2.352937887e-05
0.0002746350937
0.0001509648276
1.836592457e-05
0.0002747433491
0.000150962137
1.8350405e-05
0.0002713879339
0.0001488975624
1.537922133e-05
0.0002661085511
0.0001463880694
1.882999095e-05
0.0002714348422
0.0001488217998
1.536924521e-05
0.0002684725872
0.0001370616842
1.676723011e-05
0.0002834826601
0.000145962199
1.823202673e-05
0.0002641978807
0.0001437887851
1.777029378e-05
0.0003723140806
0.0001665389486
2.349912888e-05
0.0003740927656
0.0001672608403
2.298946526e-05
0.0003674319664
0.0001647116255
2.296979008e-05
0.00037056961
0.0001650866166
2.372121409e-05
0.0003629293532
0.0001615439118
2.329418416e-05
0.0003629535284
0.0001624680058
2.359283174e-05
0.000335289414
0.0001443476333
2.573392922e-05
0.0003372105109
0.0001485286543
2.505252364e-05
0.0003442557065
0.0001542216728
2.46380985e-05
0.0003717114136
0.0001662483252
2.353734018e-05
0.0003739269109
0.0001671253153
2.298609956e-05
0.0003671266419
0.0001646080536
2.293612392e-05
0.0003699661094
0.0001648002767
2.372252759e-05
0.0003623691159
0.0001613130047
2.326740187e-05
0.0003624193046
0.0001623048563
2.358760355e-05
0.000334891195
0.0001442872616
2.572665597e-05
0.0003371057813
0.0001485296211
2.504408482e-05
0.0003439042435
0.0001541513476
2.461387933e-05
0.0002593031721
0.0001072890352
2.213932724e-05
0.0002461753617
0.0001075887382
1.996067748e-05
0.0002224355035
0.0001039298841
2.233139084e-05
0.0002455534765
0.000107414556
1.998165555e-05
0.0002563256177
0.0001187985559
1.932739578e-05
0.0002482111491
0.0001176954449
2.708066939e-05
0.000237139069
0.0001180708296
1.862365353e-05
0.0002559678351
0.0001187673941
1.930660285e-05
0.0002375869371
0.0001181521978
1.865234423e-05
0.0002694930773
0.0001291889567
2.160076472e-05
0.00025931489
0.0001073015058
2.213748362e-05
0.000246198288
0.0001076022795
1.995964659e-05
0.0002483742841
0.0001177615963
2.708440125e-05
0.0002224149436
0.0001039315501
2.233596668e-05
0.0002455708355
0.0001074302806
1.998354811e-05
0.0003206329126
0.0001340305702
1.869867399e-05
0.0003228162245
0.0001338864983
1.878824525e-05
0.0003151591
0.0001343207748
1.912973896e-05
0.0003165734615
0.0001320532331
1.856852148e-05
0.0003095981889
0.0001326502819
1.890498019e-05
0.0003277348967
0.0001359751458
1.895397206e-05
0.0002836909727
0.0001192767622
1.71444351e-05
0.0002840181809
0.0001200528407
1.762346937e-05
0.0002805744269
0.0001183264843
1.70571733e-05
0.0002946667292
0.0001234036571
1.766831219e-05
0.0003204186167
0.0001339780891
1.869495228e-05
0.0003227847378
0.0001337413439
1.876267075e-05
0.0003146528422
0.0001341771515
1.909908729e-05
0.0003269730142
0.0001358473953
1.894609873e-05
0.0003163605065
0.000131963032
1.856442782e-05
0.0003091311369
0.0001325347025
1.888988952e-05
0.000341902683
0.0001442804076
1.969894094e-05
0.0002839078646
0.0001200441789
1.762128563e-05
0.000280759018
0.0001185268386
1.708144386e-05
0.0002944276572
0.0001232940087
1.765800741e-05
0.0002833338966
0.0001191353987
1.712619556e-05
0.000248862981
8.912302645e-05
2.234276568e-05
0.0002256018183
9.124789865e-05
2.123542318e-05
0.0002160070417
9.186130096e-05
2.609351997e-05
0.0002248908802
9.105886772e-05
2.121565111e-05
0.000248774934
8.908153719e-05
2.233679044e-05
0.0002256085815
9.124458046e-05
2.123410305e-05
0.0002160284013
9.188563802e-05
2.608907162e-05
0.0002248925789
9.103695192e-05
2.121074598e-05
0.0002122468746
7.093674749e-05
2.000431649e-05
0.0002219518849
7.659393018e-05
2.551911319e-05
0.0002113363426
7.050824886e-05
2.009398725e-05
0.0001750706004
5.838024943e-05
2.200267174e-05
0.0001731350879
5.778306426e-05
2.196889001e-05
0.0002122006559
7.091218352e-05
1.998192159e-05
0.0002220016752
7.660255717e-05
2.55196552e-05
0.0002113787895
7.051729717e-05
2.009231003e-05
0.0001751082992
5.839810316e-05
2.200807978e-05
0.0001732223177
5.784597943e-05
2.197651906e-05
0.0002201371446
9.976682336e-05
1.497307632e-05
0.0002087669615
9.213843294e-05
1.317238602e-05
0.0002371879787
0.0001006386249
1.661330193e-05
0.0002101972099
9.250601695e-05
1.333554301e-05
0.0001924215805
8.153855524e-05
1.453444895e-05
0.0001901019894
8.118072834e-05
1.369281419e-05
0.0001887976594
8.058303018e-05
1.448032287e-05
0.0002087603898
9.219702784e-05
1.318884171e-05
0.0002372620019
0.0001006854367
1.66186672e-05
0.0002101025496
9.254088814e-05
1.332705397e-05
0.000192659754
8.166020333e-05
1.454130503e-05
0.0001888711496
8.063201758e-05
1.448148688e-05
0.0002606574145
0.0001096041159
1.688707258e-05
0.0002573109558
0.0001096489683
1.641646275e-05
0.0002499043975
0.0001081010753
1.651641506e-05
0.0002572272516
0.0001095327088
1.639376192e-05
0.0001717629605
5.544777319e-05
2.611183239e-05
0.0001815413403
5.830404615e-05
2.507816398e-05
0.0001780615533
5.86935994e-05
2.04886279e-05
0.0001471662605
4.459290308e-05
2.285509636e-05
0.0001765183179
5.798725611e-05
2.040678327e-05
0.0001718035069
5.546610506e-05
2.611394359e-05
0.0001816370872
5.831929693e-05
2.507713274e-05
0.0001780802675
5.870411392e-05
2.048833085e-05
0.0001471918514
4.460286565e-05
2.285347799e-05
0.0001765677996
5.801664772e-05
2.040744674e-05
0.0001245014739
3.509679971e-05
2.107833199e-05
0.0001318143886
3.704641055e-05
2.30159737e-05
0.0001361052249
4.562130324e-05
1.818743028e-05
9.631069008e-05
3.670623571e-05
1.756423674e-05
0.0001205218412
4.178792036e-05
1.777073287e-05
0.0001131230827
4.321172693e-05
1.773475818e-05
9.606160137e-05
3.724319996e-05
1.760681209e-05
0.0001186777736
2.971437089e-05
1.984207622e-05
0.0001549645091
5.987231882e-05
1.938690381e-05
0.000136117461
4.562693483e-05
1.818806254e-05
0.0001245259492
3.509401618e-05
2.107846771e-05
0.0001370190824
4.603609861e-05
1.824314075e-05
9.632541046e-05
3.670202511e-05
1.756392139e-05
0.0001205458272
4.178759847e-05
1.777047799e-05
9.608662934e-05
3.724841708e-05
1.760806154e-05
0.0001130765901
4.322731803e-05
1.773439265e-05
0.0001186986016
2.971485687e-05
1.984379385e-05
7.329219705e-05
2.700374324e-05
1.508822468e-05
8.445323714e-05
2.584761129e-05
1.559959153e-05
8.144706488e-05
2.728937531e-05
1.587321514e-05
5.502078813e-05
1.893712117e-05
1.115966113e-05
5.045244878e-05
1.821255302e-05
1.088609327e-05
4.985315238e-05
1.805230344e-05
1.078428597e-05
5.370960361e-05
1.959346062e-05
1.17219376e-05
6.357087003e-05
2.340772105e-05
1.334117106e-05
5.32185165e-05
1.939817552e-05
1.163761743e-05
7.328700258e-05
2.699791342e-05
1.50868556e-05
8.444291453e-05
2.584061957e-05
1.559750362e-05
8.142922478e-05
2.728073013e-05
1.587142594e-05
5.501903373e-05
1.893428362e-05
1.115956615e-05
5.044524763e-05
1.820888629e-05
1.088594769e-05
4.98472834e-05
1.804938488e-05
1.078348104e-05
5.370452527e-05
1.958851291e-05
1.172139053e-05
6.355962015e-05
2.340287842e-05
1.333997644e-05
5.321679846e-05
1.939435979e-05
1.163650576e-05
4.070518093e-05
1.674122001e-05
8.93517087e-06
3.219907248e-05
1.461865872e-05
6.741154796e-06
3.191469592e-05
1.450375992e-05
6.730373785e-06
2.658336699e-05
1.356760543e-05
6.530655713e-06
2.398974642e-05
1.517171071e-05
5.924901736e-06
2.62575787e-05
1.350376506e-05
6.516105669e-06
3.267100845e-05
3.599812252e-05
1.547507028e-05
2.406231378e-05
2.497609596e-05
1.772289509e-05
2.176752338e-05
1.62445579e-05
6.083177879e-06
4.070296208e-05
1.673271334e-05
8.934454335e-06
3.220122437e-05
1.462209599e-05
6.740735902e-06
3.189903593e-05
1.449991388e-05
6.730089109e-06
2.658692067e-05
1.356571199e-05
6.531169601e-06
2.398660575e-05
1.516211277e-05
5.915209629e-06
2.625533011e-05
1.350231477e-05
6.515556748e-06
3.257697042e-05
3.591723896e-05
1.54728603e-05
2.402355464e-05
2.490701441e-05
1.763068305e-05
2.175829365e-05
1.622382627e-05
6.072293704e-06
9.09050552e-05
4.088985574e-05
8.627636611e-06
9.571355055e-05
4.655439411e-05
9.886329297e-06
7.82884533e-05
8.539789149e-05
2.372895992e-05
0.00012286609
8.74426832e-05
1.281118267e-05
9.356345241e-05
7.099300159e-05
7.056820603e-06
0.0001171056178
8.549581254e-05
1.302601232e-05
7.975823072e-05
8.764969424e-05
2.401045553e-05
6.010401132e-05
6.669887008e-05
2.848210689e-05
8.108011886e-05
5.018152562e-05
8.66129974e-06
9.249338608e-05
4.329744293e-05
8.930774891e-06
9.101059428e-05
4.096891865e-05
8.6313544e-06
0.0001182830101
5.50419349e-05
1.250063635e-05
9.561496583e-05
4.697242658e-05
9.909357704e-06
9.285703092e-05
4.362803244e-05
8.931172712e-06
7.81196835e-05
8.516732305e-05
2.376445652e-05
0.0001226006263
8.743942772e-05
1.282992565e-05
7.970763316e-05
8.758937615e-05
2.401297657e-05
9.361837563e-05
7.110192974e-05
7.0804666e-06
0.0001166936865
8.54500412e-05
1.307645221e-05
6.007290861e-05
6.6666869e-05
2.83760259e-05
8.115621593e-05
5.029227912e-05
8.665310894e-06
0.0001659579575
7.237281208e-05
1.423561577e-05
0.0001480428641
6.315170665e-05
1.166908555e-05
0.0001897302024
8.105871316e-05
1.367853883e-05
0.0001512326666
6.394876246e-05
1.182547411e-05
0.0001283773064
5.718043025e-05
1.08941111e-05
)
;

boundaryField
{
    inlet
    {
        type            calculated;
        value           nonuniform List<scalar> 
80
(
0.001950023666
0.001946316388
0.001942119381
0.001937830214
0.001933535964
0.001929252032
0.001924982272
0.001920757393
0.001916610831
0.001912519162
0.00190847733
0.001904520962
0.001900690749
0.001896979548
0.001893380218
0.001889938297
0.00188671136
0.001883694378
0.001880880742
0.001878328451
0.001876109723
0.001874218149
0.001872643748
0.001871450621
0.001870729284
0.001870461331
0.001870613739
0.001871257062
0.001872461654
0.001874181603
0.001876369037
0.001879055978
0.001882293027
0.001886049119
0.001890284043
0.001894990375
0.001900143399
0.001905652062
0.001911424357
0.0019173814
0.001923442675
0.001929542478
0.001935621577
0.001941622132
0.001947110609
0.001949355265
0.001945566998
0.001940715926
0.001936094939
0.001931807934
0.001927945422
0.00192451562
0.001921525892
0.00191898226
0.001916877239
0.001915202285
0.001913940663
0.001913079226
0.001912594728
0.001912465419
0.00191267325
0.001913172401
0.001913965136
0.001915021202
0.00191630979
0.001917809688
0.001919500437
0.001921363259
0.001923379134
0.001925529766
0.001927799669
0.001930172385
0.001932635917
0.001935175753
0.001937782779
0.001940443232
0.001943149874
0.001945875569
0.001948559088
0.001950953187
)
;
    }
    outlet
    {
        type            calculated;
        value           nonuniform List<scalar> 
80
(
0.001515785015
0.00151300918
0.001509995213
0.001500822571
0.001490290246
0.001479353494
0.001468353691
0.001457390391
0.001446519458
0.001435770585
0.001425177272
0.001414784434
0.001404649596
0.001394852728
0.00138552999
0.001376924836
0.001369484838
0.001364042824
0.001364087069
0.001367929911
0.001380592097
0.001408116341
0.001454486849
0.001523397595
0.00156515015
0.001294583441
0.001228772823
0.001266276942
0.001378467919
0.001548783063
0.001748305026
0.001934055514
0.002075390701
0.002168078184
0.002224447856
0.002259505844
0.002284121667
0.002313026082
0.002359349526
0.002401213793
0.002167387333
0.001861726834
0.00163334141
0.001475654223
0.001388361607
0.001356325861
0.001370978222
0.00141928623
0.001481285736
0.001532534485
0.001555096052
0.001549069818
0.001532220759
0.001522894994
0.001520970778
0.00151251991
0.001476488829
0.001408009357
0.001339465038
0.001293562007
0.001269555151
0.001260654173
0.001261413256
0.001268509077
0.001279909882
0.001294231491
0.001310456024
0.001327816922
0.0013457474
0.001363843905
0.001381830354
0.001399520085
0.001416768005
0.00143340868
0.001449186602
0.001463619042
0.001475881351
0.001484493171
0.001486646134
0.001524430426
)
;
    }
    topBottom
    {
        type            symmetry;
    }
    frontAndBack
    {
        type            symmetry;
    }
    cylinder
    {
        type            nutkWallFunction;
        Cmu             0.09;
        kappa           0.41;
        E               9.8;
        value           nonuniform List<scalar> 
1472
(
1.916605044e-06
6.011601551e-07
1.098100237e-06
8.952637387e-07
1.100309583e-06
1.603440764e-06
1.726747402e-06
1.726865748e-06
1.675920227e-06
1.902716218e-06
1.90277164e-06
1.916613678e-06
8.191990489e-07
8.195030627e-07
6.024106719e-07
1.09800466e-06
1.097927242e-06
8.122807958e-07
8.125682078e-07
9.077944593e-07
9.079893323e-07
1.097917145e-06
8.535696425e-07
8.537639579e-07
9.096351956e-07
1.087608797e-06
1.087831422e-06
7.288550924e-07
7.289840837e-07
1.100539602e-06
7.052102136e-07
7.053602382e-07
1.883049372e-06
1.883076013e-06
1.894186017e-06
1.894217796e-06
6.246758642e-07
6.232947338e-07
6.936911512e-07
6.921775933e-07
1.817235635e-06
1.826945137e-06
1.943036862e-06
5.461672876e-07
3.027744793e-07
2.981732454e-07
1.294504855e-06
1.293821367e-06
1.084965562e-06
9.076691461e-07
9.307498764e-07
9.205740616e-07
8.312324269e-07
8.49931861e-07
1.101730362e-06
4.953562341e-07
4.992038424e-07
1.636166282e-06
1.644996762e-06
8.172283011e-08
8.395999378e-08
1.834200536e-06
1.871673624e-06
1.619293817e-06
9.651378812e-07
9.358145423e-07
1.748022168e-06
1.862716341e-06
1.893454052e-06
1.866491925e-06
1.905431084e-06
1.748097754e-06
1.862693767e-06
1.893495522e-06
9.610548906e-07
9.204933953e-07
1.690877042e-06
1.158135463e-06
1.129822165e-06
9.61113747e-07
9.205494763e-07
1.64843451e-06
1.780516847e-06
1.793314868e-06
1.641609871e-06
1.64843124e-06
1.780500328e-06
1.793328612e-06
1.935629788e-06
1.817229292e-06
1.826965149e-06
1.935722734e-06
1.943101645e-06
6.934538687e-07
6.923564828e-07
0
0
5.431093925e-07
0
0
0
0
0
8.948810039e-08
1.330199094e-06
1.334630776e-06
1.476954059e-06
1.4827926e-06
1.330194487e-06
1.334644079e-06
5.344346491e-07
3.030935317e-07
2.9786545e-07
5.352490274e-07
5.3784249e-07
1.096129887e-06
1.294570707e-06
1.293853314e-06
1.096149988e-06
8.36587259e-07
8.366873277e-07
9.081854631e-07
9.894514359e-07
9.80715754e-07
9.865283306e-07
9.885426715e-07
9.081928871e-07
9.892665343e-07
9.806810066e-07
1.084952331e-06
8.633485011e-07
8.633648688e-07
9.915100124e-07
9.930859599e-07
9.098118584e-07
9.854073201e-07
9.856046375e-07
9.917920369e-07
9.931560998e-07
1.089278438e-06
1.089268724e-06
7.633758336e-07
7.635580949e-07
1.293961584e-06
1.294392855e-06
1.101721141e-06
1.293929198e-06
1.2944096e-06
7.519342777e-07
7.521161793e-07
1.331313944e-06
1.474890635e-06
4.95689665e-07
1.636196014e-06
1.645016717e-06
1.770707035e-06
1.786737039e-06
1.917613384e-06
1.917606892e-06
1.921757598e-06
1.921755423e-06
6.587986637e-07
6.587125643e-07
7.747767914e-07
7.740666501e-07
8.264329696e-08
1.940203751e-06
1.902238926e-06
8.130454086e-07
5.791228312e-07
1.595243044e-06
1.544033988e-06
1.597456877e-06
1.546485824e-06
1.084385638e-06
1.040886266e-06
1.121057466e-06
1.100627007e-06
1.12238216e-06
1.911577035e-06
1.93323572e-06
1.911584174e-06
1.933238404e-06
1.901357439e-06
1.940201709e-06
1.902234548e-06
7.582375663e-07
8.17677204e-07
7.588750264e-07
8.189313386e-07
8.12906656e-07
5.80337498e-07
1.595200909e-06
1.543992198e-06
1.597415689e-06
1.546424045e-06
1.524170736e-07
2.20137337e-07
1.527481016e-07
2.206361212e-07
1.451525088e-07
1.121414256e-06
1.099204873e-06
1.121466145e-06
1.099149383e-06
7.868664337e-07
8.149900384e-07
7.77787072e-07
7.870821271e-07
8.153234323e-07
1.084244831e-06
1.040659115e-06
8.460050476e-07
8.643605394e-07
8.461802957e-07
8.63957434e-07
1.087555392e-06
1.044079554e-06
1.087737511e-06
1.044288682e-06
7.310179333e-07
7.415693721e-07
7.311283902e-07
7.41718542e-07
1.121244758e-06
1.100807825e-06
6.930208737e-07
7.097272786e-07
6.931573567e-07
7.098155596e-07
1.540002571e-06
1.5912382e-06
1.53991581e-06
1.59120205e-06
1.541788551e-06
1.593318605e-06
3.126456846e-07
2.683763873e-07
3.116500478e-07
2.687062654e-07
1.893112644e-06
1.913552278e-06
1.881681525e-06
1.89308e-06
1.913529741e-06
1.917971676e-06
1.875795425e-06
1.917953932e-06
1.875843868e-06
6.392449778e-07
6.651695401e-07
6.38963769e-07
6.637439987e-07
8.513024003e-07
7.322967668e-07
8.012927024e-07
8.50125704e-07
7.307103566e-07
1.852536735e-06
1.224400883e-06
1.213758867e-06
4.946154165e-07
4.478465635e-07
8.045268832e-08
9.732700995e-08
1.790943613e-06
1.750146498e-06
1.70219991e-06
1.791007605e-06
1.750093171e-06
1.852592546e-06
1.885090652e-06
1.89351809e-06
1.871990233e-06
7.2954074e-07
1.625670588e-07
1.640573906e-07
2.26575202e-08
7.480789988e-09
4.899506865e-08
2.081564668e-08
7.832924977e-09
4.904745892e-08
1.330964045e-06
1.347190366e-06
1.438379954e-06
1.33096161e-06
1.347234916e-06
4.817645388e-07
3.747122979e-07
5.340553247e-07
4.827295614e-07
1.224480272e-06
6.652291669e-07
6.976954045e-07
7.042150188e-07
6.658798486e-07
7.047083013e-07
8.923912454e-07
1.022867258e-06
1.02308134e-06
7.887973226e-07
7.888219388e-07
1.225706118e-06
1.225794109e-06
5.73785426e-07
5.745413504e-07
1.331071451e-06
1.347635519e-06
1.436883946e-06
1.347609262e-06
4.483553248e-07
4.087169794e-07
1.742049895e-06
1.782722839e-06
1.742148928e-06
1.843144892e-06
1.870990165e-06
1.843168275e-06
1.840082465e-06
6.336608183e-07
7.367215058e-08
7.578530845e-08
9.853775273e-08
1.853837691e-06
1.941880516e-06
1.92905943e-06
7.942143134e-07
5.596537084e-07
7.838605314e-07
1.601984436e-06
1.550674241e-06
1.220988831e-06
1.206804537e-06
1.208670315e-06
1.085078558e-06
1.043918672e-06
1.0229356e-06
1.117949812e-06
1.101105054e-06
1.117482639e-06
4.477725773e-07
4.976160757e-07
1.104229102e-07
8.287965465e-08
1.756843808e-06
1.792899634e-06
1.708334895e-06
1.756851519e-06
1.79295e-06
1.913104673e-06
1.934876999e-06
1.914123215e-06
1.853892917e-06
1.894952661e-06
1.913126816e-06
1.934902846e-06
1.941910284e-06
1.929133689e-06
7.150148615e-07
8.119368615e-07
7.047166896e-07
7.16375913e-07
8.113552366e-07
2.383531564e-07
7.93886405e-07
5.594243567e-07
2.402857026e-07
0
0
1.445311948e-06
1.352362651e-06
1.333863894e-06
1.352460893e-06
1.333902724e-06
1.602034977e-06
1.550762949e-06
1.303223606e-07
2.094417387e-07
1.299573112e-07
2.089919631e-07
1.334851911e-07
2.099500025e-07
4.815482178e-07
4.816159185e-07
5.367782412e-07
1.116044075e-06
1.097163954e-06
1.221047976e-06
1.206822362e-06
1.208727615e-06
1.11611181e-06
1.097149621e-06
1.11367831e-06
6.779030404e-07
7.183574857e-07
8.102575429e-07
8.304831846e-07
8.24542394e-07
6.782652251e-07
8.104825789e-07
8.306833022e-07
1.085004932e-06
1.043906528e-06
8.582009039e-07
8.854490753e-07
9.175671724e-07
8.583674504e-07
8.852240884e-07
9.172106651e-07
1.088679424e-06
1.045463779e-06
1.088781758e-06
1.045462741e-06
1.02411023e-06
7.541754608e-07
7.740836179e-07
7.541425799e-07
7.740309875e-07
1.222800321e-06
1.118086784e-06
1.1012015e-06
1.222949933e-06
7.112958817e-07
7.39835511e-07
7.217744674e-07
5.781242016e-07
7.113988938e-07
7.397795156e-07
5.785719312e-07
1.350934646e-06
1.333185891e-06
1.441756579e-06
1.350911593e-06
1.333186889e-06
1.545905746e-06
1.5983797e-06
1.596804334e-06
1.544390302e-06
1.545826552e-06
1.598362203e-06
1.544369604e-06
1.5968066e-06
3.322322214e-07
2.877856379e-07
2.815148223e-07
3.323524815e-07
2.880826324e-07
3.270845493e-07
2.820741649e-07
4.479350471e-07
4.977970482e-07
1.751379614e-06
1.785832503e-06
1.751396357e-06
1.785824248e-06
1.84530868e-06
1.884842525e-06
1.895501162e-06
1.916097936e-06
1.845288935e-06
1.884022484e-06
1.895491023e-06
1.916098815e-06
1.920022969e-06
1.903127112e-06
1.867556137e-06
1.920029615e-06
1.90311695e-06
6.500831802e-07
7.146470193e-07
6.49441173e-07
7.138714444e-07
8.854672541e-07
7.61697144e-07
6.760524241e-08
8.843720831e-07
7.603063706e-07
6.916263762e-08
1.978999704e-07
1.105890718e-07
1.675738584e-06
9.094101548e-07
9.007199908e-07
9.009719386e-07
8.952990134e-07
1.668120036e-06
1.667972643e-06
1.603265809e-06
1.895251161e-06
1.885074704e-06
1.866494795e-06
1.871988254e-06
1.905355294e-06
1.897942229e-06
1.690686307e-06
1.157516463e-06
1.129421363e-06
1.641646419e-06
1.476984433e-06
1.482746846e-06
5.977411549e-07
5.379137494e-07
5.998430586e-07
9.867369877e-07
1.023512685e-06
9.885631307e-07
9.098329642e-07
9.851040504e-07
9.855944699e-07
3.693108579e-07
4.085947904e-07
3.513548135e-07
3.956898749e-07
1.770614042e-06
1.807414949e-06
1.786755913e-06
1.820174686e-06
1.979985254e-07
1.532561804e-07
1.976786195e-07
1.702141119e-06
1.70833612e-06
1.895256607e-06
1.898012896e-06
7.287280752e-07
7.048388842e-07
7.576189605e-07
0
8.875545805e-08
5.940313204e-08
1.519421176e-08
5.906375053e-08
1.453565442e-08
1.438403785e-06
1.445356574e-06
3.74695703e-07
3.719453734e-07
3.7158593e-07
1.213803996e-06
7.260805919e-07
6.000298909e-07
6.002849046e-07
7.261828423e-07
6.974621248e-07
1.023333991e-06
1.022921723e-06
8.939048378e-07
9.223967106e-07
9.170326371e-07
9.358034988e-07
9.064962286e-07
9.30573085e-07
9.227676778e-07
9.178629658e-07
9.35826601e-07
1.024081697e-06
8.104078045e-07
8.318770549e-07
8.154468139e-07
9.206956603e-07
8.313508399e-07
8.498557851e-07
8.10477232e-07
8.31900282e-07
8.153409486e-07
1.216323611e-06
1.331389445e-06
1.333853038e-06
1.333841351e-06
5.374500314e-07
5.3554076e-07
5.377365353e-07
5.353610308e-07
4.994114704e-07
6.313200892e-07
1.474910965e-06
1.478908193e-06
1.436887413e-06
1.47887287e-06
1.441731076e-06
2.434599761e-07
3.693246214e-07
1.985266073e-07
3.517500593e-07
2.438275241e-07
3.960034857e-07
1.697022759e-06
1.705348352e-06
1.697078598e-06
1.705371713e-06
1.807461685e-06
1.820131322e-06
1.884801417e-06
1.87104351e-06
1.840091521e-06
1.689876941e-06
1.824493154e-06
1.854217665e-06
1.834131955e-06
1.871652675e-06
1.867543081e-06
1.68987919e-06
1.824414277e-06
1.854187875e-06
7.061989541e-07
6.36176563e-07
6.499611844e-07
7.160400972e-07
1.619378625e-06
9.648870337e-07
9.362795343e-07
7.066270713e-07
6.50660473e-07
7.151832066e-07
5.527995943e-08
5.548282661e-08
4.097723412e-07
5.651757296e-08
5.549660247e-08
8.404147688e-08
4.107816212e-07
5.235921502e-07
1.537503865e-07
1.924833074e-06
1.684860314e-06
1.546349734e-06
1.544685898e-06
8.105880921e-07
1.043299488e-06
9.096356626e-07
9.121553174e-07
9.118838106e-07
1.901295187e-06
1.741574248e-06
1.766343864e-06
1.78207128e-06
1.924999439e-06
1.742134951e-06
1.766419306e-06
1.782561353e-06
8.157941112e-07
1.685385222e-06
1.546690372e-06
1.54529361e-06
8.163418872e-07
8.109262015e-07
2.127507028e-07
1.446497653e-07
2.136692272e-07
1.123678631e-06
1.123737454e-06
7.7788344e-07
9.083853894e-07
9.09831883e-07
9.104469757e-07
1.043136591e-06
9.084978825e-07
9.098721947e-07
9.104709156e-07
8.685423574e-07
9.034297104e-07
8.949883025e-07
8.997190538e-07
8.68203312e-07
9.039392474e-07
8.962642979e-07
9.008543323e-07
1.044065872e-06
9.097922323e-07
9.124131218e-07
9.120618408e-07
1.044245242e-06
9.012697973e-07
8.562542642e-07
8.618607673e-07
7.484308724e-07
9.011843159e-07
8.562824422e-07
8.619255448e-07
7.4844797e-07
1.122647925e-06
6.954357575e-07
6.955117805e-07
1.593321675e-06
1.541815168e-06
3.130704752e-07
2.735988199e-07
3.12415596e-07
2.748298302e-07
1.88170265e-06
1.898494429e-06
1.681677056e-06
1.7088228e-06
1.723761436e-06
1.898471391e-06
1.681654463e-06
1.708704728e-06
1.723745964e-06
1.6105867e-06
1.444321301e-06
1.439291848e-06
6.91406104e-07
1.610543746e-06
1.444063813e-06
1.439254315e-06
6.90561868e-07
7.998702949e-07
1.893496622e-06
1.844698282e-06
1.838409038e-06
1.844820224e-06
1.894088028e-06
1.900923323e-06
1.351727385e-06
1.123252709e-06
1.332255779e-06
9.095517064e-07
7.36712597e-07
8.837469358e-07
8.639621272e-07
9.232806702e-07
1.610702578e-06
1.643854065e-06
1.61300409e-06
1.494365328e-06
1.496165202e-06
1.212677113e-06
1.225212192e-06
1.255832977e-06
1.257284754e-06
5.333608233e-07
5.911077543e-07
6.222550007e-07
6.231148048e-07
1.023035864e-06
9.886794387e-07
9.367511494e-07
9.847274825e-07
9.365136477e-07
1.140159171e-06
1.175252562e-06
1.173404619e-06
1.142406101e-06
4.460963855e-07
4.248070017e-07
4.028532451e-07
3.624380472e-07
4.295476214e-07
1.782659507e-06
1.817294369e-06
1.610258677e-07
2.038188753e-07
1.145479188e-07
9.798087183e-08
1.172872705e-07
1.752189262e-06
1.740684738e-06
1.703880116e-06
1.742586394e-06
1.752252538e-06
1.74062055e-06
1.703910321e-06
1.742641956e-06
1.911897602e-06
1.904180093e-06
1.912895782e-06
1.904077021e-06
1.825904946e-06
1.844707904e-06
1.844887237e-06
1.911895584e-06
1.904222724e-06
1.912911767e-06
1.904131646e-06
1.825949749e-06
1.838390277e-06
1.820609034e-06
1.889002212e-06
1.840428895e-06
1.894284288e-06
1.901170412e-06
1.820644456e-06
1.889317174e-06
1.840838872e-06
7.091282376e-07
9.160435061e-07
1.352273825e-06
1.123898809e-06
1.332989582e-06
7.09261365e-07
9.164112292e-07
7.34848025e-07
9.177398225e-08
1.490833099e-08
6.527464237e-11
2.403515457e-08
9.093252136e-07
7.369759027e-07
8.833650975e-07
8.640291964e-07
9.226444612e-07
7.354378724e-07
9.410772372e-08
0
2.314681157e-08
1.432428778e-08
0
0
0
3.720440518e-08
7.674987714e-08
0
0
0
3.729404168e-08
1.44077275e-06
1.38894727e-06
1.478806775e-06
1.386519251e-06
1.348270078e-06
1.440726038e-06
1.388888853e-06
1.478770148e-06
1.386503837e-06
1.348234166e-06
1.610660154e-06
1.643827952e-06
1.612961831e-06
1.494328585e-06
1.496085164e-06
1.108389752e-07
9.991506639e-08
2.503043108e-07
3.009554829e-07
2.471046389e-07
1.115154022e-07
7.738407264e-08
1.005813245e-07
2.511390224e-07
3.011770078e-07
2.476476558e-07
3.725407279e-07
4.795181496e-07
4.288733329e-07
4.30648034e-07
3.726098986e-07
4.801453478e-07
4.293111355e-07
4.311623766e-07
1.291890288e-06
1.139826183e-06
1.172417079e-06
1.171537276e-06
1.141181907e-06
1.212739789e-06
1.225273211e-06
1.255918547e-06
1.25737691e-06
1.291962949e-06
1.13990467e-06
1.172441919e-06
1.171610467e-06
1.141208253e-06
6.595299595e-07
7.574627843e-07
7.2922884e-07
7.363240228e-07
7.481948073e-07
5.933504826e-07
6.591278644e-07
6.24776427e-07
6.261884052e-07
7.580104366e-07
7.298820478e-07
7.370711171e-07
7.485781439e-07
9.317608933e-07
9.797871928e-07
9.329436409e-07
1.022876012e-06
9.884918841e-07
9.316647483e-07
9.796191085e-07
9.328628076e-07
8.984312817e-07
9.110083641e-07
8.936264411e-07
9.14354423e-07
8.995593605e-07
8.972475951e-07
9.103579232e-07
8.954897392e-07
9.151461236e-07
9.010425208e-07
1.023076491e-06
9.919606761e-07
9.370819666e-07
9.849483919e-07
9.367515481e-07
1.023226045e-06
9.921414048e-07
8.374996368e-07
8.318399809e-07
8.422886545e-07
7.970168982e-07
8.133236439e-07
8.376091039e-07
8.318293829e-07
8.423372164e-07
7.970333364e-07
8.133776386e-07
1.214329566e-06
1.227391426e-06
1.260189479e-06
1.293621353e-06
1.258534145e-06
1.140319357e-06
1.216439395e-06
1.175402038e-06
1.214407449e-06
1.173519082e-06
1.142592932e-06
1.22746628e-06
1.260191752e-06
1.258569899e-06
1.331060586e-06
1.293693432e-06
6.588073424e-07
6.311328974e-07
6.483994205e-07
6.395511029e-07
6.642560372e-07
5.318689147e-07
6.253584752e-07
5.808243224e-07
5.520861206e-07
5.456797137e-07
6.58839138e-07
6.482835958e-07
6.394608527e-07
6.643097739e-07
4.9511423e-07
5.321714566e-07
6.254769551e-07
5.815866437e-07
5.524851177e-07
5.461458877e-07
1.347634924e-06
1.386766014e-06
1.437630396e-06
1.475383164e-06
1.386075245e-06
1.347611158e-06
1.386717059e-06
1.437584902e-06
1.475355826e-06
1.386105222e-06
1.491688503e-06
1.492389833e-06
1.606308084e-06
1.608757129e-06
1.491591168e-06
1.492373393e-06
1.60629777e-06
1.63910651e-06
1.608807234e-06
3.303137871e-07
3.246091512e-07
2.331446498e-07
2.361818745e-07
3.300434275e-07
3.241159449e-07
2.341192667e-07
2.044821032e-07
2.372920008e-07
4.467078768e-07
4.252871436e-07
4.030623795e-07
3.624936694e-07
4.298455461e-07
1.6994719e-06
1.639101754e-06
1.745368784e-06
1.736483926e-06
1.733422465e-06
1.699509535e-06
1.745433395e-06
1.73653714e-06
1.733503513e-06
1.8813728e-06
1.832819043e-06
1.827401557e-06
1.83736761e-06
1.897091653e-06
1.889388985e-06
1.898816645e-06
1.888638628e-06
1.817307987e-06
1.827382072e-06
1.881394919e-06
1.832857128e-06
1.837357199e-06
1.897095925e-06
1.889468095e-06
1.898840611e-06
1.888683364e-06
1.86332621e-06
1.866937162e-06
1.772625289e-06
1.849286021e-06
1.791608885e-06
1.863274645e-06
1.866894824e-06
1.772536607e-06
1.849263957e-06
1.791594151e-06
1.207208933e-06
9.161693023e-07
1.181763586e-06
7.06469286e-07
6.356566181e-07
1.206850452e-06
9.165473283e-07
1.181842462e-06
7.035176522e-07
6.367466605e-07
5.435859663e-08
8.992369646e-07
5.20191275e-07
7.947892354e-07
4.614497122e-07
7.855679327e-07
8.593785024e-07
8.279138187e-08
3.694154212e-08
3.203503158e-08
8.103931369e-08
5.517019803e-08
4.037139043e-08
3.435425027e-08
8.992501637e-07
7.96724418e-07
4.65269299e-07
7.879314286e-07
8.595261189e-07
8.552341227e-08
1.618877666e-07
1.188047008e-07
1.157541748e-07
9.921304566e-08
1.85424956e-06
1.847107742e-06
1.894915266e-06
1.927300449e-06
1.896118635e-06
1.903243827e-06
1.686365387e-06
1.550850892e-06
1.544890703e-06
1.339340061e-06
1.119576557e-06
1.330690172e-06
8.993576788e-07
8.591804946e-07
7.481301256e-07
8.592689255e-07
8.96169429e-07
1.600593161e-06
1.549208358e-06
1.61739649e-06
1.616145241e-06
1.500008382e-06
1.481831453e-06
1.49906987e-06
1.219431192e-06
1.257109557e-06
5.365741873e-07
5.968705334e-07
1.0441841e-06
1.023415319e-06
9.892022361e-07
9.099350864e-07
9.12267355e-07
9.121683451e-07
9.371827612e-07
9.852994838e-07
9.369420921e-07
1.136259791e-06
1.210162689e-06
1.168504659e-06
1.211187866e-06
1.1696288e-06
1.135401956e-06
4.470532947e-07
4.226167971e-07
3.982303787e-07
4.23293099e-07
1.840823729e-06
1.819158848e-06
1.845466221e-07
1.054604534e-07
1.311861189e-07
1.39963878e-07
1.755898737e-06
1.746110558e-06
1.707338818e-06
1.647448616e-06
1.747166395e-06
1.755948379e-06
1.74615916e-06
1.707394442e-06
1.647505452e-06
1.747171037e-06
1.913621262e-06
1.915046779e-06
1.913576691e-06
1.914426647e-06
1.826391062e-06
1.846641184e-06
1.85423317e-06
1.913634647e-06
1.915111617e-06
1.914519519e-06
1.913579676e-06
1.914215848e-06
1.847074572e-06
1.826439766e-06
1.846699618e-06
1.744056985e-06
1.788408654e-06
1.784623006e-06
1.846254367e-06
1.890948068e-06
1.843125303e-06
1.927486019e-06
1.896353945e-06
1.903529486e-06
1.744586654e-06
1.788510638e-06
1.785134139e-06
1.846336865e-06
1.891299269e-06
1.843566562e-06
8.144628661e-07
7.060027331e-07
9.118452085e-07
1.686866705e-06
1.551075999e-06
1.545600502e-06
1.339638703e-06
1.120679886e-06
1.331734178e-06
8.166583526e-07
7.060538362e-07
9.127238735e-07
2.680645358e-07
8.918525716e-08
2.044613858e-08
1.820723432e-08
6.800885775e-08
8.990101234e-07
7.577726655e-07
8.590588327e-07
8.959789016e-07
7.488771785e-07
8.592464543e-07
7.834306891e-07
2.691885873e-07
8.961711144e-08
2.107108373e-08
1.804364036e-08
6.834971009e-08
1.108194663e-08
0
2.310796262e-08
6.359534341e-08
0
1.025515622e-08
0
2.297141543e-08
6.399540444e-08
0
1.444228879e-06
1.351458507e-06
1.392548518e-06
1.393705626e-06
1.444226726e-06
1.351483701e-06
1.39254675e-06
1.39376035e-06
1.600572011e-06
1.54914815e-06
1.617410339e-06
1.616141269e-06
1.50013615e-06
1.481827931e-06
1.498981142e-06
2.098452742e-07
1.333069916e-07
8.582822422e-08
8.873188873e-08
2.430115635e-07
2.985805042e-07
2.437215916e-07
8.521783754e-08
8.895155328e-08
2.423713682e-07
2.984516909e-07
2.433780301e-07
3.716497526e-07
4.808794009e-07
4.295932431e-07
4.301237199e-07
3.714908367e-07
4.808627865e-07
4.292327351e-07
4.295895547e-07
1.256466332e-06
1.293589347e-06
1.134038897e-06
1.163926364e-06
1.166272401e-06
1.131442844e-06
1.113578649e-06
1.219443729e-06
1.25649503e-06
1.293712175e-06
1.257180082e-06
1.13412513e-06
1.163927818e-06
1.131425846e-06
1.1663456e-06
6.839631728e-07
6.352208345e-07
6.311199932e-07
7.796087519e-07
7.654124378e-07
7.553046876e-07
7.923915311e-07
6.359339551e-07
5.98105369e-07
6.330304357e-07
6.83896806e-07
7.186889145e-07
7.799576907e-07
7.656640664e-07
7.925249395e-07
7.55758919e-07
8.248879323e-07
9.083010644e-07
9.102872026e-07
9.10424466e-07
9.33047077e-07
9.808592282e-07
9.333076268e-07
1.044098738e-06
1.023322816e-06
9.890899537e-07
9.083536625e-07
9.10298379e-07
9.104432871e-07
9.330687745e-07
9.807600538e-07
9.332697485e-07
8.804773969e-07
9.120249987e-07
9.253631568e-07
9.177698669e-07
9.201923932e-07
9.143694095e-07
9.208372441e-07
9.302340725e-07
9.150722658e-07
8.803343618e-07
9.114629301e-07
9.251067753e-07
9.180845395e-07
9.203401552e-07
9.149228246e-07
9.210224291e-07
9.306687577e-07
9.158171956e-07
1.044907316e-06
1.023596247e-06
9.927380904e-07
9.1001016e-07
9.122782899e-07
9.122798107e-07
9.372346105e-07
9.8541844e-07
9.370778217e-07
1.045015121e-06
1.023688836e-06
9.928375375e-07
9.153702319e-07
8.813200458e-07
8.768502683e-07
8.616436385e-07
8.447967261e-07
8.56394892e-07
7.664400558e-07
8.101283725e-07
8.268851558e-07
9.153932947e-07
8.816158258e-07
8.770187791e-07
8.61608213e-07
8.446985849e-07
8.56364967e-07
7.663174415e-07
8.10199013e-07
8.269409495e-07
1.221782156e-06
1.257313535e-06
1.294414459e-06
1.257726783e-06
1.136365418e-06
1.210189344e-06
1.168495709e-06
1.135403749e-06
1.169713019e-06
1.117604285e-06
1.221814725e-06
1.257344046e-06
1.211354986e-06
1.294492104e-06
1.257846165e-06
6.702670693e-07
6.38314206e-07
6.531287919e-07
6.33242246e-07
6.487804716e-07
6.757695465e-07
5.476102665e-07
5.340242003e-07
5.469542035e-07
5.807259291e-07
6.703409206e-07
6.383625132e-07
6.528436186e-07
6.754844501e-07
6.332747858e-07
6.48591903e-07
7.212090943e-07
5.342346159e-07
5.47232238e-07
5.806466994e-07
5.476324432e-07
1.350072645e-06
1.390915516e-06
1.440670497e-06
1.389910664e-06
1.350043279e-06
1.390894456e-06
1.44063836e-06
1.389872842e-06
1.495783042e-06
1.477929769e-06
1.49474862e-06
1.613889003e-06
1.612301444e-06
1.495661686e-06
1.477903926e-06
1.494724775e-06
1.613888689e-06
1.612354709e-06
3.280034659e-07
3.176154326e-07
3.552825254e-07
3.204534864e-07
2.59794139e-07
2.299302182e-07
2.51295877e-07
3.181319436e-07
3.554321434e-07
3.204049164e-07
2.602677968e-07
2.518559418e-07
4.474819584e-07
4.229659998e-07
3.984979845e-07
4.236644183e-07
1.704003446e-06
1.643687426e-06
1.742130491e-06
1.750051755e-06
1.740761148e-06
1.704019183e-06
1.64370971e-06
1.742151695e-06
1.750045497e-06
1.740759371e-06
1.846307486e-06
1.884033808e-06
1.839717641e-06
1.900371217e-06
1.90325268e-06
1.901171781e-06
1.90142449e-06
1.897028519e-06
1.819135316e-06
1.839680589e-06
1.846253549e-06
1.840765798e-06
1.900368429e-06
1.903223718e-06
1.90139832e-06
1.901160257e-06
1.897017048e-06
1.901045633e-06
1.865514521e-06
1.869356966e-06
1.684804324e-06
1.731518234e-06
1.726864601e-06
1.798328942e-06
1.851418932e-06
1.794647622e-06
1.901050328e-06
1.865500735e-06
1.869347972e-06
1.684808088e-06
1.731488532e-06
1.726867932e-06
1.798296727e-06
1.851415034e-06
1.794646824e-06
1.613157296e-06
1.450787584e-06
1.44158661e-06
1.198522339e-06
9.1580162e-07
1.18352434e-06
7.032944695e-07
7.267935435e-07
6.310338999e-07
1.613164981e-06
1.451049001e-06
1.441665663e-06
1.19888065e-06
9.164682505e-07
1.183799094e-06
7.026652932e-07
7.243593057e-07
6.32035219e-07
2.265460167e-08
5.485431064e-08
9.31136763e-07
7.802572754e-07
4.255599317e-07
7.819253288e-07
9.433494752e-07
8.999570325e-07
6.257697355e-08
2.699368962e-08
2.292866166e-08
8.302234804e-08
5.510409517e-08
2.805138687e-08
9.311157863e-07
7.807095692e-07
9.431107321e-07
4.283089434e-07
7.83698133e-07
8.992704587e-07
6.282177014e-08
1.852266262e-07
1.32149898e-07
2.304878757e-07
1.403951419e-07
1.063132274e-07
)
;
    }
}


// ************************************************************************* //
