/*--------------------------------*- C++ -*----------------------------------*\
  =========                 |
  \\      /  F ield         | OpenFOAM: The Open Source CFD Toolbox
   \\    /   O peration     | Website:  https://openfoam.org
    \\  /    A nd           | Version:  11
     \\/     M anipulation  |
\*---------------------------------------------------------------------------*/
FoamFile
{
    format      ascii;
    class       vectorField;
    location    "constant/polyMesh";
    object      points;
}
// * * * * * * * * * * * * * * * * * * * * * * * * * * * * * * * * * * * * * //


9881
(
(0 0 0)
(0.0125 0 0)
(0.025 0 0)
(0.0375 0 0)
(0.05 0 0)
(0.0625 0 0)
(0.075 0 0)
(0.0875 0 0)
(0.1 0 0)
(0.1125 0 0)
(0.125 0 0)
(0.1375 0 0)
(0.15 0 0)
(0.1625 0 0)
(0.175 0 0)
(0.1875 0 0)
(0.2 0 0)
(0.2125 0 0)
(0.225 0 0)
(0.2375 0 0)
(0.25 0 0)
(0.2625 0 0)
(0.275 0 0)
(0.2875 0 0)
(0.3 0 0)
(0.3125 0 0)
(0.325 0 0)
(0.3375 0 0)
(0.35 0 0)
(0.3625 0 0)
(0.375 0 0)
(0.3875 0 0)
(0.4 0 0)
(0.4125 0 0)
(0.425 0 0)
(0.4375 0 0)
(0.45 0 0)
(0.4625 0 0)
(0.475 0 0)
(0.4875 0 0)
(0.5 0 0)
(0.5125 0 0)
(0.525 0 0)
(0.5375 0 0)
(0.55 0 0)
(0.5625 0 0)
(0.575 0 0)
(0.5875 0 0)
(0.6 0 0)
(0.6125 0 0)
(0.625 0 0)
(0.6375 0 0)
(0.65 0 0)
(0.6625 0 0)
(0.675 0 0)
(0.6875 0 0)
(0.7 0 0)
(0.7125 0 0)
(0.725 0 0)
(0.7375 0 0)
(0.75 0 0)
(0.7625 0 0)
(0.775 0 0)
(0.7875 0 0)
(0.8 0 0)
(0.8125 0 0)
(0.825 0 0)
(0.8375 0 0)
(0.85 0 0)
(0.8625 0 0)
(0.875 0 0)
(0.8875 0 0)
(0.9 0 0)
(0.9125 0 0)
(0.925 0 0)
(0.9375 0 0)
(0.95 0 0)
(0.9625 0 0)
(0.975 0 0)
(0.9875 0 0)
(1 0 0)
(1.0125 0 0)
(1.025 0 0)
(1.0375 0 0)
(1.05 0 0)
(1.0625 0 0)
(1.075 0 0)
(1.0875 0 0)
(1.1 0 0)
(1.1125 0 0)
(1.125 0 0)
(1.1375 0 0)
(1.15 0 0)
(1.1625 0 0)
(1.175 0 0)
(1.1875 0 0)
(1.2 0 0)
(1.2125 0 0)
(1.225 0 0)
(1.2375 0 0)
(1.25 0 0)
(1.2625 0 0)
(1.275 0 0)
(1.2875 0 0)
(1.3 0 0)
(1.3125 0 0)
(1.325 0 0)
(1.3375 0 0)
(1.35 0 0)
(1.3625 0 0)
(1.375 0 0)
(1.3875 0 0)
(1.4 0 0)
(1.4125 0 0)
(1.425 0 0)
(1.4375 0 0)
(1.45 0 0)
(1.4625 0 0)
(1.475 0 0)
(1.4875 0 0)
(1.5 0 0)
(1.5125 0 0)
(1.525 0 0)
(1.5375 0 0)
(1.55 0 0)
(1.5625 0 0)
(1.575 0 0)
(1.5875 0 0)
(1.6 0 0)
(1.6125 0 0)
(1.625 0 0)
(1.6375 0 0)
(1.65 0 0)
(1.6625 0 0)
(1.675 0 0)
(1.6875 0 0)
(1.7 0 0)
(1.7125 0 0)
(1.725 0 0)
(1.7375 0 0)
(1.75 0 0)
(1.7625 0 0)
(1.775 0 0)
(1.7875 0 0)
(1.8 0 0)
(1.8125 0 0)
(1.825 0 0)
(1.8375 0 0)
(1.85 0 0)
(1.8625 0 0)
(1.875 0 0)
(1.8875 0 0)
(1.9 0 0)
(1.9125 0 0)
(1.925 0 0)
(1.9375 0 0)
(1.95 0 0)
(1.9625 0 0)
(1.975 0 0)
(1.9875 0 0)
(2 0 0)
(2.0125 0 0)
(2.025 0 0)
(2.0375 0 0)
(2.05 0 0)
(2.0625 0 0)
(2.075 0 0)
(2.0875 0 0)
(2.1 0 0)
(2.1125 0 0)
(2.125 0 0)
(2.1375 0 0)
(2.15 0 0)
(2.1625 0 0)
(2.175 0 0)
(2.1875 0 0)
(2.2 0 0)
(2.2125 0 0)
(2.225 0 0)
(2.2375 0 0)
(2.25 0 0)
(2.2625 0 0)
(2.275 0 0)
(2.2875 0 0)
(2.3 0 0)
(2.3125 0 0)
(2.325 0 0)
(2.3375 0 0)
(2.35 0 0)
(2.3625 0 0)
(2.375 0 0)
(2.3875 0 0)
(2.4 0 0)
(2.4125 0 0)
(2.425 0 0)
(2.4375 0 0)
(2.45 0 0)
(2.4625 0 0)
(2.475 0 0)
(2.4875 0 0)
(2.5 0 0)
(2.5125 0 0)
(2.525 0 0)
(2.5375 0 0)
(2.55 0 0)
(2.5625 0 0)
(2.575 0 0)
(2.5875 0 0)
(2.6 0 0)
(2.6125 0 0)
(2.625 0 0)
(2.6375 0 0)
(2.65 0 0)
(2.6625 0 0)
(2.675 0 0)
(2.6875 0 0)
(2.7 0 0)
(2.7125 0 0)
(2.725 0 0)
(2.7375 0 0)
(2.75 0 0)
(2.7625 0 0)
(2.775 0 0)
(2.7875 0 0)
(2.8 0 0)
(2.8125 0 0)
(2.825 0 0)
(2.8375 0 0)
(2.85 0 0)
(2.8625 0 0)
(2.875 0 0)
(2.8875 0 0)
(2.9 0 0)
(2.9125 0 0)
(2.925 0 0)
(2.9375 0 0)
(2.95 0 0)
(2.9625 0 0)
(2.975 0 0)
(2.9875 0 0)
(3 0 0)
(0 0.002497620555 -0.0001090484685)
(0.0125 0.002497620555 -0.0001090484685)
(0.025 0.002497620555 -0.0001090484685)
(0.0375 0.002497620555 -0.0001090484685)
(0.05 0.002497620555 -0.0001090484685)
(0.0625 0.002497620555 -0.0001090484685)
(0.075 0.002497620555 -0.0001090484685)
(0.0875 0.002497620555 -0.0001090484685)
(0.1 0.002497620555 -0.0001090484685)
(0.1125 0.002497620555 -0.0001090484685)
(0.125 0.002497620555 -0.0001090484685)
(0.1375 0.002497620555 -0.0001090484685)
(0.15 0.002497620555 -0.0001090484685)
(0.1625 0.002497620555 -0.0001090484685)
(0.175 0.002497620555 -0.0001090484685)
(0.1875 0.002497620555 -0.0001090484685)
(0.2 0.002497620555 -0.0001090484685)
(0.2125 0.002497620555 -0.0001090484685)
(0.225 0.002497620555 -0.0001090484685)
(0.2375 0.002497620555 -0.0001090484685)
(0.25 0.002497620555 -0.0001090484685)
(0.2625 0.002497620555 -0.0001090484685)
(0.275 0.002497620555 -0.0001090484685)
(0.2875 0.002497620555 -0.0001090484685)
(0.3 0.002497620555 -0.0001090484685)
(0.3125 0.002497620555 -0.0001090484685)
(0.325 0.002497620555 -0.0001090484685)
(0.3375 0.002497620555 -0.0001090484685)
(0.35 0.002497620555 -0.0001090484685)
(0.3625 0.002497620555 -0.0001090484685)
(0.375 0.002497620555 -0.0001090484685)
(0.3875 0.002497620555 -0.0001090484685)
(0.4 0.002497620555 -0.0001090484685)
(0.4125 0.002497620555 -0.0001090484685)
(0.425 0.002497620555 -0.0001090484685)
(0.4375 0.002497620555 -0.0001090484685)
(0.45 0.002497620555 -0.0001090484685)
(0.4625 0.002497620555 -0.0001090484685)
(0.475 0.002497620555 -0.0001090484685)
(0.4875 0.002497620555 -0.0001090484685)
(0.5 0.002497620555 -0.0001090484685)
(0.5125 0.002497620555 -0.0001090484685)
(0.525 0.002497620555 -0.0001090484685)
(0.5375 0.002497620555 -0.0001090484685)
(0.55 0.002497620555 -0.0001090484685)
(0.5625 0.002497620555 -0.0001090484685)
(0.575 0.002497620555 -0.0001090484685)
(0.5875 0.002497620555 -0.0001090484685)
(0.6 0.002497620555 -0.0001090484685)
(0.6125 0.002497620555 -0.0001090484685)
(0.625 0.002497620555 -0.0001090484685)
(0.6375 0.002497620555 -0.0001090484685)
(0.65 0.002497620555 -0.0001090484685)
(0.6625 0.002497620555 -0.0001090484685)
(0.675 0.002497620555 -0.0001090484685)
(0.6875 0.002497620555 -0.0001090484685)
(0.7 0.002497620555 -0.0001090484685)
(0.7125 0.002497620555 -0.0001090484685)
(0.725 0.002497620555 -0.0001090484685)
(0.7375 0.002497620555 -0.0001090484685)
(0.75 0.002497620555 -0.0001090484685)
(0.7625 0.002497620555 -0.0001090484685)
(0.775 0.002497620555 -0.0001090484685)
(0.7875 0.002497620555 -0.0001090484685)
(0.8 0.002497620555 -0.0001090484685)
(0.8125 0.002497620555 -0.0001090484685)
(0.825 0.002497620555 -0.0001090484685)
(0.8375 0.002497620555 -0.0001090484685)
(0.85 0.002497620555 -0.0001090484685)
(0.8625 0.002497620555 -0.0001090484685)
(0.875 0.002497620555 -0.0001090484685)
(0.8875 0.002497620555 -0.0001090484685)
(0.9 0.002497620555 -0.0001090484685)
(0.9125 0.002497620555 -0.0001090484685)
(0.925 0.002497620555 -0.0001090484685)
(0.9375 0.002497620555 -0.0001090484685)
(0.95 0.002497620555 -0.0001090484685)
(0.9625 0.002497620555 -0.0001090484685)
(0.975 0.002497620555 -0.0001090484685)
(0.9875 0.002497620555 -0.0001090484685)
(1 0.002497620555 -0.0001090484685)
(1.0125 0.002497620555 -0.0001090484685)
(1.025 0.002497620555 -0.0001090484685)
(1.0375 0.002497620555 -0.0001090484685)
(1.05 0.002497620555 -0.0001090484685)
(1.0625 0.002497620555 -0.0001090484685)
(1.075 0.002497620555 -0.0001090484685)
(1.0875 0.002497620555 -0.0001090484685)
(1.1 0.002497620555 -0.0001090484685)
(1.1125 0.002497620555 -0.0001090484685)
(1.125 0.002497620555 -0.0001090484685)
(1.1375 0.002497620555 -0.0001090484685)
(1.15 0.002497620555 -0.0001090484685)
(1.1625 0.002497620555 -0.0001090484685)
(1.175 0.002497620555 -0.0001090484685)
(1.1875 0.002497620555 -0.0001090484685)
(1.2 0.002497620555 -0.0001090484685)
(1.2125 0.002497620555 -0.0001090484685)
(1.225 0.002497620555 -0.0001090484685)
(1.2375 0.002497620555 -0.0001090484685)
(1.25 0.002497620555 -0.0001090484685)
(1.2625 0.002497620555 -0.0001090484685)
(1.275 0.002497620555 -0.0001090484685)
(1.2875 0.002497620555 -0.0001090484685)
(1.3 0.002497620555 -0.0001090484685)
(1.3125 0.002497620555 -0.0001090484685)
(1.325 0.002497620555 -0.0001090484685)
(1.3375 0.002497620555 -0.0001090484685)
(1.35 0.002497620555 -0.0001090484685)
(1.3625 0.002497620555 -0.0001090484685)
(1.375 0.002497620555 -0.0001090484685)
(1.3875 0.002497620555 -0.0001090484685)
(1.4 0.002497620555 -0.0001090484685)
(1.4125 0.002497620555 -0.0001090484685)
(1.425 0.002497620555 -0.0001090484685)
(1.4375 0.002497620555 -0.0001090484685)
(1.45 0.002497620555 -0.0001090484685)
(1.4625 0.002497620555 -0.0001090484685)
(1.475 0.002497620555 -0.0001090484685)
(1.4875 0.002497620555 -0.0001090484685)
(1.5 0.002497620555 -0.0001090484685)
(1.5125 0.002497620555 -0.0001090484685)
(1.525 0.002497620555 -0.0001090484685)
(1.5375 0.002497620555 -0.0001090484685)
(1.55 0.002497620555 -0.0001090484685)
(1.5625 0.002497620555 -0.0001090484685)
(1.575 0.002497620555 -0.0001090484685)
(1.5875 0.002497620555 -0.0001090484685)
(1.6 0.002497620555 -0.0001090484685)
(1.6125 0.002497620555 -0.0001090484685)
(1.625 0.002497620555 -0.0001090484685)
(1.6375 0.002497620555 -0.0001090484685)
(1.65 0.002497620555 -0.0001090484685)
(1.6625 0.002497620555 -0.0001090484685)
(1.675 0.002497620555 -0.0001090484685)
(1.6875 0.002497620555 -0.0001090484685)
(1.7 0.002497620555 -0.0001090484685)
(1.7125 0.002497620555 -0.0001090484685)
(1.725 0.002497620555 -0.0001090484685)
(1.7375 0.002497620555 -0.0001090484685)
(1.75 0.002497620555 -0.0001090484685)
(1.7625 0.002497620555 -0.0001090484685)
(1.775 0.002497620555 -0.0001090484685)
(1.7875 0.002497620555 -0.0001090484685)
(1.8 0.002497620555 -0.0001090484685)
(1.8125 0.002497620555 -0.0001090484685)
(1.825 0.002497620555 -0.0001090484685)
(1.8375 0.002497620555 -0.0001090484685)
(1.85 0.002497620555 -0.0001090484685)
(1.8625 0.002497620555 -0.0001090484685)
(1.875 0.002497620555 -0.0001090484685)
(1.8875 0.002497620555 -0.0001090484685)
(1.9 0.002497620555 -0.0001090484685)
(1.9125 0.002497620555 -0.0001090484685)
(1.925 0.002497620555 -0.0001090484685)
(1.9375 0.002497620555 -0.0001090484685)
(1.95 0.002497620555 -0.0001090484685)
(1.9625 0.002497620555 -0.0001090484685)
(1.975 0.002497620555 -0.0001090484685)
(1.9875 0.002497620555 -0.0001090484685)
(2 0.002497620555 -0.0001090484685)
(2.0125 0.002497620555 -0.0001090484685)
(2.025 0.002497620555 -0.0001090484685)
(2.0375 0.002497620555 -0.0001090484685)
(2.05 0.002497620555 -0.0001090484685)
(2.0625 0.002497620555 -0.0001090484685)
(2.075 0.002497620555 -0.0001090484685)
(2.0875 0.002497620555 -0.0001090484685)
(2.1 0.002497620555 -0.0001090484685)
(2.1125 0.002497620555 -0.0001090484685)
(2.125 0.002497620555 -0.0001090484685)
(2.1375 0.002497620555 -0.0001090484685)
(2.15 0.002497620555 -0.0001090484685)
(2.1625 0.002497620555 -0.0001090484685)
(2.175 0.002497620555 -0.0001090484685)
(2.1875 0.002497620555 -0.0001090484685)
(2.2 0.002497620555 -0.0001090484685)
(2.2125 0.002497620555 -0.0001090484685)
(2.225 0.002497620555 -0.0001090484685)
(2.2375 0.002497620555 -0.0001090484685)
(2.25 0.002497620555 -0.0001090484685)
(2.2625 0.002497620555 -0.0001090484685)
(2.275 0.002497620555 -0.0001090484685)
(2.2875 0.002497620555 -0.0001090484685)
(2.3 0.002497620555 -0.0001090484685)
(2.3125 0.002497620555 -0.0001090484685)
(2.325 0.002497620555 -0.0001090484685)
(2.3375 0.002497620555 -0.0001090484685)
(2.35 0.002497620555 -0.0001090484685)
(2.3625 0.002497620555 -0.0001090484685)
(2.375 0.002497620555 -0.0001090484685)
(2.3875 0.002497620555 -0.0001090484685)
(2.4 0.002497620555 -0.0001090484685)
(2.4125 0.002497620555 -0.0001090484685)
(2.425 0.002497620555 -0.0001090484685)
(2.4375 0.002497620555 -0.0001090484685)
(2.45 0.002497620555 -0.0001090484685)
(2.4625 0.002497620555 -0.0001090484685)
(2.475 0.002497620555 -0.0001090484685)
(2.4875 0.002497620555 -0.0001090484685)
(2.5 0.002497620555 -0.0001090484685)
(2.5125 0.002497620555 -0.0001090484685)
(2.525 0.002497620555 -0.0001090484685)
(2.5375 0.002497620555 -0.0001090484685)
(2.55 0.002497620555 -0.0001090484685)
(2.5625 0.002497620555 -0.0001090484685)
(2.575 0.002497620555 -0.0001090484685)
(2.5875 0.002497620555 -0.0001090484685)
(2.6 0.002497620555 -0.0001090484685)
(2.6125 0.002497620555 -0.0001090484685)
(2.625 0.002497620555 -0.0001090484685)
(2.6375 0.002497620555 -0.0001090484685)
(2.65 0.002497620555 -0.0001090484685)
(2.6625 0.002497620555 -0.0001090484685)
(2.675 0.002497620555 -0.0001090484685)
(2.6875 0.002497620555 -0.0001090484685)
(2.7 0.002497620555 -0.0001090484685)
(2.7125 0.002497620555 -0.0001090484685)
(2.725 0.002497620555 -0.0001090484685)
(2.7375 0.002497620555 -0.0001090484685)
(2.75 0.002497620555 -0.0001090484685)
(2.7625 0.002497620555 -0.0001090484685)
(2.775 0.002497620555 -0.0001090484685)
(2.7875 0.002497620555 -0.0001090484685)
(2.8 0.002497620555 -0.0001090484685)
(2.8125 0.002497620555 -0.0001090484685)
(2.825 0.002497620555 -0.0001090484685)
(2.8375 0.002497620555 -0.0001090484685)
(2.85 0.002497620555 -0.0001090484685)
(2.8625 0.002497620555 -0.0001090484685)
(2.875 0.002497620555 -0.0001090484685)
(2.8875 0.002497620555 -0.0001090484685)
(2.9 0.002497620555 -0.0001090484685)
(2.9125 0.002497620555 -0.0001090484685)
(2.925 0.002497620555 -0.0001090484685)
(2.9375 0.002497620555 -0.0001090484685)
(2.95 0.002497620555 -0.0001090484685)
(2.9625 0.002497620555 -0.0001090484685)
(2.975 0.002497620555 -0.0001090484685)
(2.9875 0.002497620555 -0.0001090484685)
(3 0.002497620555 -0.0001090484685)
(0 0.00499524111 -0.000218096937)
(0.0125 0.00499524111 -0.000218096937)
(0.025 0.00499524111 -0.000218096937)
(0.0375 0.00499524111 -0.000218096937)
(0.05 0.00499524111 -0.000218096937)
(0.0625 0.00499524111 -0.000218096937)
(0.075 0.00499524111 -0.000218096937)
(0.0875 0.00499524111 -0.000218096937)
(0.1 0.00499524111 -0.000218096937)
(0.1125 0.00499524111 -0.000218096937)
(0.125 0.00499524111 -0.000218096937)
(0.1375 0.00499524111 -0.000218096937)
(0.15 0.00499524111 -0.000218096937)
(0.1625 0.00499524111 -0.000218096937)
(0.175 0.00499524111 -0.000218096937)
(0.1875 0.00499524111 -0.000218096937)
(0.2 0.00499524111 -0.000218096937)
(0.2125 0.00499524111 -0.000218096937)
(0.225 0.00499524111 -0.000218096937)
(0.2375 0.00499524111 -0.000218096937)
(0.25 0.00499524111 -0.000218096937)
(0.2625 0.00499524111 -0.000218096937)
(0.275 0.00499524111 -0.000218096937)
(0.2875 0.00499524111 -0.000218096937)
(0.3 0.00499524111 -0.000218096937)
(0.3125 0.00499524111 -0.000218096937)
(0.325 0.00499524111 -0.000218096937)
(0.3375 0.00499524111 -0.000218096937)
(0.35 0.00499524111 -0.000218096937)
(0.3625 0.00499524111 -0.000218096937)
(0.375 0.00499524111 -0.000218096937)
(0.3875 0.00499524111 -0.000218096937)
(0.4 0.00499524111 -0.000218096937)
(0.4125 0.00499524111 -0.000218096937)
(0.425 0.00499524111 -0.000218096937)
(0.4375 0.00499524111 -0.000218096937)
(0.45 0.00499524111 -0.000218096937)
(0.4625 0.00499524111 -0.000218096937)
(0.475 0.00499524111 -0.000218096937)
(0.4875 0.00499524111 -0.000218096937)
(0.5 0.00499524111 -0.000218096937)
(0.5125 0.00499524111 -0.000218096937)
(0.525 0.00499524111 -0.000218096937)
(0.5375 0.00499524111 -0.000218096937)
(0.55 0.00499524111 -0.000218096937)
(0.5625 0.00499524111 -0.000218096937)
(0.575 0.00499524111 -0.000218096937)
(0.5875 0.00499524111 -0.000218096937)
(0.6 0.00499524111 -0.000218096937)
(0.6125 0.00499524111 -0.000218096937)
(0.625 0.00499524111 -0.000218096937)
(0.6375 0.00499524111 -0.000218096937)
(0.65 0.00499524111 -0.000218096937)
(0.6625 0.00499524111 -0.000218096937)
(0.675 0.00499524111 -0.000218096937)
(0.6875 0.00499524111 -0.000218096937)
(0.7 0.00499524111 -0.000218096937)
(0.7125 0.00499524111 -0.000218096937)
(0.725 0.00499524111 -0.000218096937)
(0.7375 0.00499524111 -0.000218096937)
(0.75 0.00499524111 -0.000218096937)
(0.7625 0.00499524111 -0.000218096937)
(0.775 0.00499524111 -0.000218096937)
(0.7875 0.00499524111 -0.000218096937)
(0.8 0.00499524111 -0.000218096937)
(0.8125 0.00499524111 -0.000218096937)
(0.825 0.00499524111 -0.000218096937)
(0.8375 0.00499524111 -0.000218096937)
(0.85 0.00499524111 -0.000218096937)
(0.8625 0.00499524111 -0.000218096937)
(0.875 0.00499524111 -0.000218096937)
(0.8875 0.00499524111 -0.000218096937)
(0.9 0.00499524111 -0.000218096937)
(0.9125 0.00499524111 -0.000218096937)
(0.925 0.00499524111 -0.000218096937)
(0.9375 0.00499524111 -0.000218096937)
(0.95 0.00499524111 -0.000218096937)
(0.9625 0.00499524111 -0.000218096937)
(0.975 0.00499524111 -0.000218096937)
(0.9875 0.00499524111 -0.000218096937)
(1 0.00499524111 -0.000218096937)
(1.0125 0.00499524111 -0.000218096937)
(1.025 0.00499524111 -0.000218096937)
(1.0375 0.00499524111 -0.000218096937)
(1.05 0.00499524111 -0.000218096937)
(1.0625 0.00499524111 -0.000218096937)
(1.075 0.00499524111 -0.000218096937)
(1.0875 0.00499524111 -0.000218096937)
(1.1 0.00499524111 -0.000218096937)
(1.1125 0.00499524111 -0.000218096937)
(1.125 0.00499524111 -0.000218096937)
(1.1375 0.00499524111 -0.000218096937)
(1.15 0.00499524111 -0.000218096937)
(1.1625 0.00499524111 -0.000218096937)
(1.175 0.00499524111 -0.000218096937)
(1.1875 0.00499524111 -0.000218096937)
(1.2 0.00499524111 -0.000218096937)
(1.2125 0.00499524111 -0.000218096937)
(1.225 0.00499524111 -0.000218096937)
(1.2375 0.00499524111 -0.000218096937)
(1.25 0.00499524111 -0.000218096937)
(1.2625 0.00499524111 -0.000218096937)
(1.275 0.00499524111 -0.000218096937)
(1.2875 0.00499524111 -0.000218096937)
(1.3 0.00499524111 -0.000218096937)
(1.3125 0.00499524111 -0.000218096937)
(1.325 0.00499524111 -0.000218096937)
(1.3375 0.00499524111 -0.000218096937)
(1.35 0.00499524111 -0.000218096937)
(1.3625 0.00499524111 -0.000218096937)
(1.375 0.00499524111 -0.000218096937)
(1.3875 0.00499524111 -0.000218096937)
(1.4 0.00499524111 -0.000218096937)
(1.4125 0.00499524111 -0.000218096937)
(1.425 0.00499524111 -0.000218096937)
(1.4375 0.00499524111 -0.000218096937)
(1.45 0.00499524111 -0.000218096937)
(1.4625 0.00499524111 -0.000218096937)
(1.475 0.00499524111 -0.000218096937)
(1.4875 0.00499524111 -0.000218096937)
(1.5 0.00499524111 -0.000218096937)
(1.5125 0.00499524111 -0.000218096937)
(1.525 0.00499524111 -0.000218096937)
(1.5375 0.00499524111 -0.000218096937)
(1.55 0.00499524111 -0.000218096937)
(1.5625 0.00499524111 -0.000218096937)
(1.575 0.00499524111 -0.000218096937)
(1.5875 0.00499524111 -0.000218096937)
(1.6 0.00499524111 -0.000218096937)
(1.6125 0.00499524111 -0.000218096937)
(1.625 0.00499524111 -0.000218096937)
(1.6375 0.00499524111 -0.000218096937)
(1.65 0.00499524111 -0.000218096937)
(1.6625 0.00499524111 -0.000218096937)
(1.675 0.00499524111 -0.000218096937)
(1.6875 0.00499524111 -0.000218096937)
(1.7 0.00499524111 -0.000218096937)
(1.7125 0.00499524111 -0.000218096937)
(1.725 0.00499524111 -0.000218096937)
(1.7375 0.00499524111 -0.000218096937)
(1.75 0.00499524111 -0.000218096937)
(1.7625 0.00499524111 -0.000218096937)
(1.775 0.00499524111 -0.000218096937)
(1.7875 0.00499524111 -0.000218096937)
(1.8 0.00499524111 -0.000218096937)
(1.8125 0.00499524111 -0.000218096937)
(1.825 0.00499524111 -0.000218096937)
(1.8375 0.00499524111 -0.000218096937)
(1.85 0.00499524111 -0.000218096937)
(1.8625 0.00499524111 -0.000218096937)
(1.875 0.00499524111 -0.000218096937)
(1.8875 0.00499524111 -0.000218096937)
(1.9 0.00499524111 -0.000218096937)
(1.9125 0.00499524111 -0.000218096937)
(1.925 0.00499524111 -0.000218096937)
(1.9375 0.00499524111 -0.000218096937)
(1.95 0.00499524111 -0.000218096937)
(1.9625 0.00499524111 -0.000218096937)
(1.975 0.00499524111 -0.000218096937)
(1.9875 0.00499524111 -0.000218096937)
(2 0.00499524111 -0.000218096937)
(2.0125 0.00499524111 -0.000218096937)
(2.025 0.00499524111 -0.000218096937)
(2.0375 0.00499524111 -0.000218096937)
(2.05 0.00499524111 -0.000218096937)
(2.0625 0.00499524111 -0.000218096937)
(2.075 0.00499524111 -0.000218096937)
(2.0875 0.00499524111 -0.000218096937)
(2.1 0.00499524111 -0.000218096937)
(2.1125 0.00499524111 -0.000218096937)
(2.125 0.00499524111 -0.000218096937)
(2.1375 0.00499524111 -0.000218096937)
(2.15 0.00499524111 -0.000218096937)
(2.1625 0.00499524111 -0.000218096937)
(2.175 0.00499524111 -0.000218096937)
(2.1875 0.00499524111 -0.000218096937)
(2.2 0.00499524111 -0.000218096937)
(2.2125 0.00499524111 -0.000218096937)
(2.225 0.00499524111 -0.000218096937)
(2.2375 0.00499524111 -0.000218096937)
(2.25 0.00499524111 -0.000218096937)
(2.2625 0.00499524111 -0.000218096937)
(2.275 0.00499524111 -0.000218096937)
(2.2875 0.00499524111 -0.000218096937)
(2.3 0.00499524111 -0.000218096937)
(2.3125 0.00499524111 -0.000218096937)
(2.325 0.00499524111 -0.000218096937)
(2.3375 0.00499524111 -0.000218096937)
(2.35 0.00499524111 -0.000218096937)
(2.3625 0.00499524111 -0.000218096937)
(2.375 0.00499524111 -0.000218096937)
(2.3875 0.00499524111 -0.000218096937)
(2.4 0.00499524111 -0.000218096937)
(2.4125 0.00499524111 -0.000218096937)
(2.425 0.00499524111 -0.000218096937)
(2.4375 0.00499524111 -0.000218096937)
(2.45 0.00499524111 -0.000218096937)
(2.4625 0.00499524111 -0.000218096937)
(2.475 0.00499524111 -0.000218096937)
(2.4875 0.00499524111 -0.000218096937)
(2.5 0.00499524111 -0.000218096937)
(2.5125 0.00499524111 -0.000218096937)
(2.525 0.00499524111 -0.000218096937)
(2.5375 0.00499524111 -0.000218096937)
(2.55 0.00499524111 -0.000218096937)
(2.5625 0.00499524111 -0.000218096937)
(2.575 0.00499524111 -0.000218096937)
(2.5875 0.00499524111 -0.000218096937)
(2.6 0.00499524111 -0.000218096937)
(2.6125 0.00499524111 -0.000218096937)
(2.625 0.00499524111 -0.000218096937)
(2.6375 0.00499524111 -0.000218096937)
(2.65 0.00499524111 -0.000218096937)
(2.6625 0.00499524111 -0.000218096937)
(2.675 0.00499524111 -0.000218096937)
(2.6875 0.00499524111 -0.000218096937)
(2.7 0.00499524111 -0.000218096937)
(2.7125 0.00499524111 -0.000218096937)
(2.725 0.00499524111 -0.000218096937)
(2.7375 0.00499524111 -0.000218096937)
(2.75 0.00499524111 -0.000218096937)
(2.7625 0.00499524111 -0.000218096937)
(2.775 0.00499524111 -0.000218096937)
(2.7875 0.00499524111 -0.000218096937)
(2.8 0.00499524111 -0.000218096937)
(2.8125 0.00499524111 -0.000218096937)
(2.825 0.00499524111 -0.000218096937)
(2.8375 0.00499524111 -0.000218096937)
(2.85 0.00499524111 -0.000218096937)
(2.8625 0.00499524111 -0.000218096937)
(2.875 0.00499524111 -0.000218096937)
(2.8875 0.00499524111 -0.000218096937)
(2.9 0.00499524111 -0.000218096937)
(2.9125 0.00499524111 -0.000218096937)
(2.925 0.00499524111 -0.000218096937)
(2.9375 0.00499524111 -0.000218096937)
(2.95 0.00499524111 -0.000218096937)
(2.9625 0.00499524111 -0.000218096937)
(2.975 0.00499524111 -0.000218096937)
(2.9875 0.00499524111 -0.000218096937)
(3 0.00499524111 -0.000218096937)
(0 0.007492861665 -0.0003271454055)
(0.0125 0.007492861665 -0.0003271454055)
(0.025 0.007492861665 -0.0003271454055)
(0.0375 0.007492861665 -0.0003271454055)
(0.05 0.007492861665 -0.0003271454055)
(0.0625 0.007492861665 -0.0003271454055)
(0.075 0.007492861665 -0.0003271454055)
(0.0875 0.007492861665 -0.0003271454055)
(0.1 0.007492861665 -0.0003271454055)
(0.1125 0.007492861665 -0.0003271454055)
(0.125 0.007492861665 -0.0003271454055)
(0.1375 0.007492861665 -0.0003271454055)
(0.15 0.007492861665 -0.0003271454055)
(0.1625 0.007492861665 -0.0003271454055)
(0.175 0.007492861665 -0.0003271454055)
(0.1875 0.007492861665 -0.0003271454055)
(0.2 0.007492861665 -0.0003271454055)
(0.2125 0.007492861665 -0.0003271454055)
(0.225 0.007492861665 -0.0003271454055)
(0.2375 0.007492861665 -0.0003271454055)
(0.25 0.007492861665 -0.0003271454055)
(0.2625 0.007492861665 -0.0003271454055)
(0.275 0.007492861665 -0.0003271454055)
(0.2875 0.007492861665 -0.0003271454055)
(0.3 0.007492861665 -0.0003271454055)
(0.3125 0.007492861665 -0.0003271454055)
(0.325 0.007492861665 -0.0003271454055)
(0.3375 0.007492861665 -0.0003271454055)
(0.35 0.007492861665 -0.0003271454055)
(0.3625 0.007492861665 -0.0003271454055)
(0.375 0.007492861665 -0.0003271454055)
(0.3875 0.007492861665 -0.0003271454055)
(0.4 0.007492861665 -0.0003271454055)
(0.4125 0.007492861665 -0.0003271454055)
(0.425 0.007492861665 -0.0003271454055)
(0.4375 0.007492861665 -0.0003271454055)
(0.45 0.007492861665 -0.0003271454055)
(0.4625 0.007492861665 -0.0003271454055)
(0.475 0.007492861665 -0.0003271454055)
(0.4875 0.007492861665 -0.0003271454055)
(0.5 0.007492861665 -0.0003271454055)
(0.5125 0.007492861665 -0.0003271454055)
(0.525 0.007492861665 -0.0003271454055)
(0.5375 0.007492861665 -0.0003271454055)
(0.55 0.007492861665 -0.0003271454055)
(0.5625 0.007492861665 -0.0003271454055)
(0.575 0.007492861665 -0.0003271454055)
(0.5875 0.007492861665 -0.0003271454055)
(0.6 0.007492861665 -0.0003271454055)
(0.6125 0.007492861665 -0.0003271454055)
(0.625 0.007492861665 -0.0003271454055)
(0.6375 0.007492861665 -0.0003271454055)
(0.65 0.007492861665 -0.0003271454055)
(0.6625 0.007492861665 -0.0003271454055)
(0.675 0.007492861665 -0.0003271454055)
(0.6875 0.007492861665 -0.0003271454055)
(0.7 0.007492861665 -0.0003271454055)
(0.7125 0.007492861665 -0.0003271454055)
(0.725 0.007492861665 -0.0003271454055)
(0.7375 0.007492861665 -0.0003271454055)
(0.75 0.007492861665 -0.0003271454055)
(0.7625 0.007492861665 -0.0003271454055)
(0.775 0.007492861665 -0.0003271454055)
(0.7875 0.007492861665 -0.0003271454055)
(0.8 0.007492861665 -0.0003271454055)
(0.8125 0.007492861665 -0.0003271454055)
(0.825 0.007492861665 -0.0003271454055)
(0.8375 0.007492861665 -0.0003271454055)
(0.85 0.007492861665 -0.0003271454055)
(0.8625 0.007492861665 -0.0003271454055)
(0.875 0.007492861665 -0.0003271454055)
(0.8875 0.007492861665 -0.0003271454055)
(0.9 0.007492861665 -0.0003271454055)
(0.9125 0.007492861665 -0.0003271454055)
(0.925 0.007492861665 -0.0003271454055)
(0.9375 0.007492861665 -0.0003271454055)
(0.95 0.007492861665 -0.0003271454055)
(0.9625 0.007492861665 -0.0003271454055)
(0.975 0.007492861665 -0.0003271454055)
(0.9875 0.007492861665 -0.0003271454055)
(1 0.007492861665 -0.0003271454055)
(1.0125 0.007492861665 -0.0003271454055)
(1.025 0.007492861665 -0.0003271454055)
(1.0375 0.007492861665 -0.0003271454055)
(1.05 0.007492861665 -0.0003271454055)
(1.0625 0.007492861665 -0.0003271454055)
(1.075 0.007492861665 -0.0003271454055)
(1.0875 0.007492861665 -0.0003271454055)
(1.1 0.007492861665 -0.0003271454055)
(1.1125 0.007492861665 -0.0003271454055)
(1.125 0.007492861665 -0.0003271454055)
(1.1375 0.007492861665 -0.0003271454055)
(1.15 0.007492861665 -0.0003271454055)
(1.1625 0.007492861665 -0.0003271454055)
(1.175 0.007492861665 -0.0003271454055)
(1.1875 0.007492861665 -0.0003271454055)
(1.2 0.007492861665 -0.0003271454055)
(1.2125 0.007492861665 -0.0003271454055)
(1.225 0.007492861665 -0.0003271454055)
(1.2375 0.007492861665 -0.0003271454055)
(1.25 0.007492861665 -0.0003271454055)
(1.2625 0.007492861665 -0.0003271454055)
(1.275 0.007492861665 -0.0003271454055)
(1.2875 0.007492861665 -0.0003271454055)
(1.3 0.007492861665 -0.0003271454055)
(1.3125 0.007492861665 -0.0003271454055)
(1.325 0.007492861665 -0.0003271454055)
(1.3375 0.007492861665 -0.0003271454055)
(1.35 0.007492861665 -0.0003271454055)
(1.3625 0.007492861665 -0.0003271454055)
(1.375 0.007492861665 -0.0003271454055)
(1.3875 0.007492861665 -0.0003271454055)
(1.4 0.007492861665 -0.0003271454055)
(1.4125 0.007492861665 -0.0003271454055)
(1.425 0.007492861665 -0.0003271454055)
(1.4375 0.007492861665 -0.0003271454055)
(1.45 0.007492861665 -0.0003271454055)
(1.4625 0.007492861665 -0.0003271454055)
(1.475 0.007492861665 -0.0003271454055)
(1.4875 0.007492861665 -0.0003271454055)
(1.5 0.007492861665 -0.0003271454055)
(1.5125 0.007492861665 -0.0003271454055)
(1.525 0.007492861665 -0.0003271454055)
(1.5375 0.007492861665 -0.0003271454055)
(1.55 0.007492861665 -0.0003271454055)
(1.5625 0.007492861665 -0.0003271454055)
(1.575 0.007492861665 -0.0003271454055)
(1.5875 0.007492861665 -0.0003271454055)
(1.6 0.007492861665 -0.0003271454055)
(1.6125 0.007492861665 -0.0003271454055)
(1.625 0.007492861665 -0.0003271454055)
(1.6375 0.007492861665 -0.0003271454055)
(1.65 0.007492861665 -0.0003271454055)
(1.6625 0.007492861665 -0.0003271454055)
(1.675 0.007492861665 -0.0003271454055)
(1.6875 0.007492861665 -0.0003271454055)
(1.7 0.007492861665 -0.0003271454055)
(1.7125 0.007492861665 -0.0003271454055)
(1.725 0.007492861665 -0.0003271454055)
(1.7375 0.007492861665 -0.0003271454055)
(1.75 0.007492861665 -0.0003271454055)
(1.7625 0.007492861665 -0.0003271454055)
(1.775 0.007492861665 -0.0003271454055)
(1.7875 0.007492861665 -0.0003271454055)
(1.8 0.007492861665 -0.0003271454055)
(1.8125 0.007492861665 -0.0003271454055)
(1.825 0.007492861665 -0.0003271454055)
(1.8375 0.007492861665 -0.0003271454055)
(1.85 0.007492861665 -0.0003271454055)
(1.8625 0.007492861665 -0.0003271454055)
(1.875 0.007492861665 -0.0003271454055)
(1.8875 0.007492861665 -0.0003271454055)
(1.9 0.007492861665 -0.0003271454055)
(1.9125 0.007492861665 -0.0003271454055)
(1.925 0.007492861665 -0.0003271454055)
(1.9375 0.007492861665 -0.0003271454055)
(1.95 0.007492861665 -0.0003271454055)
(1.9625 0.007492861665 -0.0003271454055)
(1.975 0.007492861665 -0.0003271454055)
(1.9875 0.007492861665 -0.0003271454055)
(2 0.007492861665 -0.0003271454055)
(2.0125 0.007492861665 -0.0003271454055)
(2.025 0.007492861665 -0.0003271454055)
(2.0375 0.007492861665 -0.0003271454055)
(2.05 0.007492861665 -0.0003271454055)
(2.0625 0.007492861665 -0.0003271454055)
(2.075 0.007492861665 -0.0003271454055)
(2.0875 0.007492861665 -0.0003271454055)
(2.1 0.007492861665 -0.0003271454055)
(2.1125 0.007492861665 -0.0003271454055)
(2.125 0.007492861665 -0.0003271454055)
(2.1375 0.007492861665 -0.0003271454055)
(2.15 0.007492861665 -0.0003271454055)
(2.1625 0.007492861665 -0.0003271454055)
(2.175 0.007492861665 -0.0003271454055)
(2.1875 0.007492861665 -0.0003271454055)
(2.2 0.007492861665 -0.0003271454055)
(2.2125 0.007492861665 -0.0003271454055)
(2.225 0.007492861665 -0.0003271454055)
(2.2375 0.007492861665 -0.0003271454055)
(2.25 0.007492861665 -0.0003271454055)
(2.2625 0.007492861665 -0.0003271454055)
(2.275 0.007492861665 -0.0003271454055)
(2.2875 0.007492861665 -0.0003271454055)
(2.3 0.007492861665 -0.0003271454055)
(2.3125 0.007492861665 -0.0003271454055)
(2.325 0.007492861665 -0.0003271454055)
(2.3375 0.007492861665 -0.0003271454055)
(2.35 0.007492861665 -0.0003271454055)
(2.3625 0.007492861665 -0.0003271454055)
(2.375 0.007492861665 -0.0003271454055)
(2.3875 0.007492861665 -0.0003271454055)
(2.4 0.007492861665 -0.0003271454055)
(2.4125 0.007492861665 -0.0003271454055)
(2.425 0.007492861665 -0.0003271454055)
(2.4375 0.007492861665 -0.0003271454055)
(2.45 0.007492861665 -0.0003271454055)
(2.4625 0.007492861665 -0.0003271454055)
(2.475 0.007492861665 -0.0003271454055)
(2.4875 0.007492861665 -0.0003271454055)
(2.5 0.007492861665 -0.0003271454055)
(2.5125 0.007492861665 -0.0003271454055)
(2.525 0.007492861665 -0.0003271454055)
(2.5375 0.007492861665 -0.0003271454055)
(2.55 0.007492861665 -0.0003271454055)
(2.5625 0.007492861665 -0.0003271454055)
(2.575 0.007492861665 -0.0003271454055)
(2.5875 0.007492861665 -0.0003271454055)
(2.6 0.007492861665 -0.0003271454055)
(2.6125 0.007492861665 -0.0003271454055)
(2.625 0.007492861665 -0.0003271454055)
(2.6375 0.007492861665 -0.0003271454055)
(2.65 0.007492861665 -0.0003271454055)
(2.6625 0.007492861665 -0.0003271454055)
(2.675 0.007492861665 -0.0003271454055)
(2.6875 0.007492861665 -0.0003271454055)
(2.7 0.007492861665 -0.0003271454055)
(2.7125 0.007492861665 -0.0003271454055)
(2.725 0.007492861665 -0.0003271454055)
(2.7375 0.007492861665 -0.0003271454055)
(2.75 0.007492861665 -0.0003271454055)
(2.7625 0.007492861665 -0.0003271454055)
(2.775 0.007492861665 -0.0003271454055)
(2.7875 0.007492861665 -0.0003271454055)
(2.8 0.007492861665 -0.0003271454055)
(2.8125 0.007492861665 -0.0003271454055)
(2.825 0.007492861665 -0.0003271454055)
(2.8375 0.007492861665 -0.0003271454055)
(2.85 0.007492861665 -0.0003271454055)
(2.8625 0.007492861665 -0.0003271454055)
(2.875 0.007492861665 -0.0003271454055)
(2.8875 0.007492861665 -0.0003271454055)
(2.9 0.007492861665 -0.0003271454055)
(2.9125 0.007492861665 -0.0003271454055)
(2.925 0.007492861665 -0.0003271454055)
(2.9375 0.007492861665 -0.0003271454055)
(2.95 0.007492861665 -0.0003271454055)
(2.9625 0.007492861665 -0.0003271454055)
(2.975 0.007492861665 -0.0003271454055)
(2.9875 0.007492861665 -0.0003271454055)
(3 0.007492861665 -0.0003271454055)
(0 0.00999048222 -0.000436193874)
(0.0125 0.00999048222 -0.000436193874)
(0.025 0.00999048222 -0.000436193874)
(0.0375 0.00999048222 -0.000436193874)
(0.05 0.00999048222 -0.000436193874)
(0.0625 0.00999048222 -0.000436193874)
(0.075 0.00999048222 -0.000436193874)
(0.0875 0.00999048222 -0.000436193874)
(0.1 0.00999048222 -0.000436193874)
(0.1125 0.00999048222 -0.000436193874)
(0.125 0.00999048222 -0.000436193874)
(0.1375 0.00999048222 -0.000436193874)
(0.15 0.00999048222 -0.000436193874)
(0.1625 0.00999048222 -0.000436193874)
(0.175 0.00999048222 -0.000436193874)
(0.1875 0.00999048222 -0.000436193874)
(0.2 0.00999048222 -0.000436193874)
(0.2125 0.00999048222 -0.000436193874)
(0.225 0.00999048222 -0.000436193874)
(0.2375 0.00999048222 -0.000436193874)
(0.25 0.00999048222 -0.000436193874)
(0.2625 0.00999048222 -0.000436193874)
(0.275 0.00999048222 -0.000436193874)
(0.2875 0.00999048222 -0.000436193874)
(0.3 0.00999048222 -0.000436193874)
(0.3125 0.00999048222 -0.000436193874)
(0.325 0.00999048222 -0.000436193874)
(0.3375 0.00999048222 -0.000436193874)
(0.35 0.00999048222 -0.000436193874)
(0.3625 0.00999048222 -0.000436193874)
(0.375 0.00999048222 -0.000436193874)
(0.3875 0.00999048222 -0.000436193874)
(0.4 0.00999048222 -0.000436193874)
(0.4125 0.00999048222 -0.000436193874)
(0.425 0.00999048222 -0.000436193874)
(0.4375 0.00999048222 -0.000436193874)
(0.45 0.00999048222 -0.000436193874)
(0.4625 0.00999048222 -0.000436193874)
(0.475 0.00999048222 -0.000436193874)
(0.4875 0.00999048222 -0.000436193874)
(0.5 0.00999048222 -0.000436193874)
(0.5125 0.00999048222 -0.000436193874)
(0.525 0.00999048222 -0.000436193874)
(0.5375 0.00999048222 -0.000436193874)
(0.55 0.00999048222 -0.000436193874)
(0.5625 0.00999048222 -0.000436193874)
(0.575 0.00999048222 -0.000436193874)
(0.5875 0.00999048222 -0.000436193874)
(0.6 0.00999048222 -0.000436193874)
(0.6125 0.00999048222 -0.000436193874)
(0.625 0.00999048222 -0.000436193874)
(0.6375 0.00999048222 -0.000436193874)
(0.65 0.00999048222 -0.000436193874)
(0.6625 0.00999048222 -0.000436193874)
(0.675 0.00999048222 -0.000436193874)
(0.6875 0.00999048222 -0.000436193874)
(0.7 0.00999048222 -0.000436193874)
(0.7125 0.00999048222 -0.000436193874)
(0.725 0.00999048222 -0.000436193874)
(0.7375 0.00999048222 -0.000436193874)
(0.75 0.00999048222 -0.000436193874)
(0.7625 0.00999048222 -0.000436193874)
(0.775 0.00999048222 -0.000436193874)
(0.7875 0.00999048222 -0.000436193874)
(0.8 0.00999048222 -0.000436193874)
(0.8125 0.00999048222 -0.000436193874)
(0.825 0.00999048222 -0.000436193874)
(0.8375 0.00999048222 -0.000436193874)
(0.85 0.00999048222 -0.000436193874)
(0.8625 0.00999048222 -0.000436193874)
(0.875 0.00999048222 -0.000436193874)
(0.8875 0.00999048222 -0.000436193874)
(0.9 0.00999048222 -0.000436193874)
(0.9125 0.00999048222 -0.000436193874)
(0.925 0.00999048222 -0.000436193874)
(0.9375 0.00999048222 -0.000436193874)
(0.95 0.00999048222 -0.000436193874)
(0.9625 0.00999048222 -0.000436193874)
(0.975 0.00999048222 -0.000436193874)
(0.9875 0.00999048222 -0.000436193874)
(1 0.00999048222 -0.000436193874)
(1.0125 0.00999048222 -0.000436193874)
(1.025 0.00999048222 -0.000436193874)
(1.0375 0.00999048222 -0.000436193874)
(1.05 0.00999048222 -0.000436193874)
(1.0625 0.00999048222 -0.000436193874)
(1.075 0.00999048222 -0.000436193874)
(1.0875 0.00999048222 -0.000436193874)
(1.1 0.00999048222 -0.000436193874)
(1.1125 0.00999048222 -0.000436193874)
(1.125 0.00999048222 -0.000436193874)
(1.1375 0.00999048222 -0.000436193874)
(1.15 0.00999048222 -0.000436193874)
(1.1625 0.00999048222 -0.000436193874)
(1.175 0.00999048222 -0.000436193874)
(1.1875 0.00999048222 -0.000436193874)
(1.2 0.00999048222 -0.000436193874)
(1.2125 0.00999048222 -0.000436193874)
(1.225 0.00999048222 -0.000436193874)
(1.2375 0.00999048222 -0.000436193874)
(1.25 0.00999048222 -0.000436193874)
(1.2625 0.00999048222 -0.000436193874)
(1.275 0.00999048222 -0.000436193874)
(1.2875 0.00999048222 -0.000436193874)
(1.3 0.00999048222 -0.000436193874)
(1.3125 0.00999048222 -0.000436193874)
(1.325 0.00999048222 -0.000436193874)
(1.3375 0.00999048222 -0.000436193874)
(1.35 0.00999048222 -0.000436193874)
(1.3625 0.00999048222 -0.000436193874)
(1.375 0.00999048222 -0.000436193874)
(1.3875 0.00999048222 -0.000436193874)
(1.4 0.00999048222 -0.000436193874)
(1.4125 0.00999048222 -0.000436193874)
(1.425 0.00999048222 -0.000436193874)
(1.4375 0.00999048222 -0.000436193874)
(1.45 0.00999048222 -0.000436193874)
(1.4625 0.00999048222 -0.000436193874)
(1.475 0.00999048222 -0.000436193874)
(1.4875 0.00999048222 -0.000436193874)
(1.5 0.00999048222 -0.000436193874)
(1.5125 0.00999048222 -0.000436193874)
(1.525 0.00999048222 -0.000436193874)
(1.5375 0.00999048222 -0.000436193874)
(1.55 0.00999048222 -0.000436193874)
(1.5625 0.00999048222 -0.000436193874)
(1.575 0.00999048222 -0.000436193874)
(1.5875 0.00999048222 -0.000436193874)
(1.6 0.00999048222 -0.000436193874)
(1.6125 0.00999048222 -0.000436193874)
(1.625 0.00999048222 -0.000436193874)
(1.6375 0.00999048222 -0.000436193874)
(1.65 0.00999048222 -0.000436193874)
(1.6625 0.00999048222 -0.000436193874)
(1.675 0.00999048222 -0.000436193874)
(1.6875 0.00999048222 -0.000436193874)
(1.7 0.00999048222 -0.000436193874)
(1.7125 0.00999048222 -0.000436193874)
(1.725 0.00999048222 -0.000436193874)
(1.7375 0.00999048222 -0.000436193874)
(1.75 0.00999048222 -0.000436193874)
(1.7625 0.00999048222 -0.000436193874)
(1.775 0.00999048222 -0.000436193874)
(1.7875 0.00999048222 -0.000436193874)
(1.8 0.00999048222 -0.000436193874)
(1.8125 0.00999048222 -0.000436193874)
(1.825 0.00999048222 -0.000436193874)
(1.8375 0.00999048222 -0.000436193874)
(1.85 0.00999048222 -0.000436193874)
(1.8625 0.00999048222 -0.000436193874)
(1.875 0.00999048222 -0.000436193874)
(1.8875 0.00999048222 -0.000436193874)
(1.9 0.00999048222 -0.000436193874)
(1.9125 0.00999048222 -0.000436193874)
(1.925 0.00999048222 -0.000436193874)
(1.9375 0.00999048222 -0.000436193874)
(1.95 0.00999048222 -0.000436193874)
(1.9625 0.00999048222 -0.000436193874)
(1.975 0.00999048222 -0.000436193874)
(1.9875 0.00999048222 -0.000436193874)
(2 0.00999048222 -0.000436193874)
(2.0125 0.00999048222 -0.000436193874)
(2.025 0.00999048222 -0.000436193874)
(2.0375 0.00999048222 -0.000436193874)
(2.05 0.00999048222 -0.000436193874)
(2.0625 0.00999048222 -0.000436193874)
(2.075 0.00999048222 -0.000436193874)
(2.0875 0.00999048222 -0.000436193874)
(2.1 0.00999048222 -0.000436193874)
(2.1125 0.00999048222 -0.000436193874)
(2.125 0.00999048222 -0.000436193874)
(2.1375 0.00999048222 -0.000436193874)
(2.15 0.00999048222 -0.000436193874)
(2.1625 0.00999048222 -0.000436193874)
(2.175 0.00999048222 -0.000436193874)
(2.1875 0.00999048222 -0.000436193874)
(2.2 0.00999048222 -0.000436193874)
(2.2125 0.00999048222 -0.000436193874)
(2.225 0.00999048222 -0.000436193874)
(2.2375 0.00999048222 -0.000436193874)
(2.25 0.00999048222 -0.000436193874)
(2.2625 0.00999048222 -0.000436193874)
(2.275 0.00999048222 -0.000436193874)
(2.2875 0.00999048222 -0.000436193874)
(2.3 0.00999048222 -0.000436193874)
(2.3125 0.00999048222 -0.000436193874)
(2.325 0.00999048222 -0.000436193874)
(2.3375 0.00999048222 -0.000436193874)
(2.35 0.00999048222 -0.000436193874)
(2.3625 0.00999048222 -0.000436193874)
(2.375 0.00999048222 -0.000436193874)
(2.3875 0.00999048222 -0.000436193874)
(2.4 0.00999048222 -0.000436193874)
(2.4125 0.00999048222 -0.000436193874)
(2.425 0.00999048222 -0.000436193874)
(2.4375 0.00999048222 -0.000436193874)
(2.45 0.00999048222 -0.000436193874)
(2.4625 0.00999048222 -0.000436193874)
(2.475 0.00999048222 -0.000436193874)
(2.4875 0.00999048222 -0.000436193874)
(2.5 0.00999048222 -0.000436193874)
(2.5125 0.00999048222 -0.000436193874)
(2.525 0.00999048222 -0.000436193874)
(2.5375 0.00999048222 -0.000436193874)
(2.55 0.00999048222 -0.000436193874)
(2.5625 0.00999048222 -0.000436193874)
(2.575 0.00999048222 -0.000436193874)
(2.5875 0.00999048222 -0.000436193874)
(2.6 0.00999048222 -0.000436193874)
(2.6125 0.00999048222 -0.000436193874)
(2.625 0.00999048222 -0.000436193874)
(2.6375 0.00999048222 -0.000436193874)
(2.65 0.00999048222 -0.000436193874)
(2.6625 0.00999048222 -0.000436193874)
(2.675 0.00999048222 -0.000436193874)
(2.6875 0.00999048222 -0.000436193874)
(2.7 0.00999048222 -0.000436193874)
(2.7125 0.00999048222 -0.000436193874)
(2.725 0.00999048222 -0.000436193874)
(2.7375 0.00999048222 -0.000436193874)
(2.75 0.00999048222 -0.000436193874)
(2.7625 0.00999048222 -0.000436193874)
(2.775 0.00999048222 -0.000436193874)
(2.7875 0.00999048222 -0.000436193874)
(2.8 0.00999048222 -0.000436193874)
(2.8125 0.00999048222 -0.000436193874)
(2.825 0.00999048222 -0.000436193874)
(2.8375 0.00999048222 -0.000436193874)
(2.85 0.00999048222 -0.000436193874)
(2.8625 0.00999048222 -0.000436193874)
(2.875 0.00999048222 -0.000436193874)
(2.8875 0.00999048222 -0.000436193874)
(2.9 0.00999048222 -0.000436193874)
(2.9125 0.00999048222 -0.000436193874)
(2.925 0.00999048222 -0.000436193874)
(2.9375 0.00999048222 -0.000436193874)
(2.95 0.00999048222 -0.000436193874)
(2.9625 0.00999048222 -0.000436193874)
(2.975 0.00999048222 -0.000436193874)
(2.9875 0.00999048222 -0.000436193874)
(3 0.00999048222 -0.000436193874)
(0 0.01248810278 -0.0005452423425)
(0.0125 0.01248810278 -0.0005452423425)
(0.025 0.01248810278 -0.0005452423425)
(0.0375 0.01248810278 -0.0005452423425)
(0.05 0.01248810278 -0.0005452423425)
(0.0625 0.01248810278 -0.0005452423425)
(0.075 0.01248810278 -0.0005452423425)
(0.0875 0.01248810278 -0.0005452423425)
(0.1 0.01248810278 -0.0005452423425)
(0.1125 0.01248810278 -0.0005452423425)
(0.125 0.01248810278 -0.0005452423425)
(0.1375 0.01248810278 -0.0005452423425)
(0.15 0.01248810278 -0.0005452423425)
(0.1625 0.01248810278 -0.0005452423425)
(0.175 0.01248810278 -0.0005452423425)
(0.1875 0.01248810278 -0.0005452423425)
(0.2 0.01248810278 -0.0005452423425)
(0.2125 0.01248810278 -0.0005452423425)
(0.225 0.01248810278 -0.0005452423425)
(0.2375 0.01248810278 -0.0005452423425)
(0.25 0.01248810278 -0.0005452423425)
(0.2625 0.01248810278 -0.0005452423425)
(0.275 0.01248810278 -0.0005452423425)
(0.2875 0.01248810278 -0.0005452423425)
(0.3 0.01248810278 -0.0005452423425)
(0.3125 0.01248810278 -0.0005452423425)
(0.325 0.01248810278 -0.0005452423425)
(0.3375 0.01248810278 -0.0005452423425)
(0.35 0.01248810278 -0.0005452423425)
(0.3625 0.01248810278 -0.0005452423425)
(0.375 0.01248810278 -0.0005452423425)
(0.3875 0.01248810278 -0.0005452423425)
(0.4 0.01248810278 -0.0005452423425)
(0.4125 0.01248810278 -0.0005452423425)
(0.425 0.01248810278 -0.0005452423425)
(0.4375 0.01248810278 -0.0005452423425)
(0.45 0.01248810278 -0.0005452423425)
(0.4625 0.01248810278 -0.0005452423425)
(0.475 0.01248810278 -0.0005452423425)
(0.4875 0.01248810278 -0.0005452423425)
(0.5 0.01248810278 -0.0005452423425)
(0.5125 0.01248810278 -0.0005452423425)
(0.525 0.01248810278 -0.0005452423425)
(0.5375 0.01248810278 -0.0005452423425)
(0.55 0.01248810278 -0.0005452423425)
(0.5625 0.01248810278 -0.0005452423425)
(0.575 0.01248810278 -0.0005452423425)
(0.5875 0.01248810278 -0.0005452423425)
(0.6 0.01248810278 -0.0005452423425)
(0.6125 0.01248810278 -0.0005452423425)
(0.625 0.01248810278 -0.0005452423425)
(0.6375 0.01248810278 -0.0005452423425)
(0.65 0.01248810278 -0.0005452423425)
(0.6625 0.01248810278 -0.0005452423425)
(0.675 0.01248810278 -0.0005452423425)
(0.6875 0.01248810278 -0.0005452423425)
(0.7 0.01248810278 -0.0005452423425)
(0.7125 0.01248810278 -0.0005452423425)
(0.725 0.01248810278 -0.0005452423425)
(0.7375 0.01248810278 -0.0005452423425)
(0.75 0.01248810278 -0.0005452423425)
(0.7625 0.01248810278 -0.0005452423425)
(0.775 0.01248810278 -0.0005452423425)
(0.7875 0.01248810278 -0.0005452423425)
(0.8 0.01248810278 -0.0005452423425)
(0.8125 0.01248810278 -0.0005452423425)
(0.825 0.01248810278 -0.0005452423425)
(0.8375 0.01248810278 -0.0005452423425)
(0.85 0.01248810278 -0.0005452423425)
(0.8625 0.01248810278 -0.0005452423425)
(0.875 0.01248810278 -0.0005452423425)
(0.8875 0.01248810278 -0.0005452423425)
(0.9 0.01248810278 -0.0005452423425)
(0.9125 0.01248810278 -0.0005452423425)
(0.925 0.01248810278 -0.0005452423425)
(0.9375 0.01248810278 -0.0005452423425)
(0.95 0.01248810278 -0.0005452423425)
(0.9625 0.01248810278 -0.0005452423425)
(0.975 0.01248810278 -0.0005452423425)
(0.9875 0.01248810278 -0.0005452423425)
(1 0.01248810278 -0.0005452423425)
(1.0125 0.01248810278 -0.0005452423425)
(1.025 0.01248810278 -0.0005452423425)
(1.0375 0.01248810278 -0.0005452423425)
(1.05 0.01248810278 -0.0005452423425)
(1.0625 0.01248810278 -0.0005452423425)
(1.075 0.01248810278 -0.0005452423425)
(1.0875 0.01248810278 -0.0005452423425)
(1.1 0.01248810278 -0.0005452423425)
(1.1125 0.01248810278 -0.0005452423425)
(1.125 0.01248810278 -0.0005452423425)
(1.1375 0.01248810278 -0.0005452423425)
(1.15 0.01248810278 -0.0005452423425)
(1.1625 0.01248810278 -0.0005452423425)
(1.175 0.01248810278 -0.0005452423425)
(1.1875 0.01248810278 -0.0005452423425)
(1.2 0.01248810278 -0.0005452423425)
(1.2125 0.01248810278 -0.0005452423425)
(1.225 0.01248810278 -0.0005452423425)
(1.2375 0.01248810278 -0.0005452423425)
(1.25 0.01248810278 -0.0005452423425)
(1.2625 0.01248810278 -0.0005452423425)
(1.275 0.01248810278 -0.0005452423425)
(1.2875 0.01248810278 -0.0005452423425)
(1.3 0.01248810278 -0.0005452423425)
(1.3125 0.01248810278 -0.0005452423425)
(1.325 0.01248810278 -0.0005452423425)
(1.3375 0.01248810278 -0.0005452423425)
(1.35 0.01248810278 -0.0005452423425)
(1.3625 0.01248810278 -0.0005452423425)
(1.375 0.01248810278 -0.0005452423425)
(1.3875 0.01248810278 -0.0005452423425)
(1.4 0.01248810278 -0.0005452423425)
(1.4125 0.01248810278 -0.0005452423425)
(1.425 0.01248810278 -0.0005452423425)
(1.4375 0.01248810278 -0.0005452423425)
(1.45 0.01248810278 -0.0005452423425)
(1.4625 0.01248810278 -0.0005452423425)
(1.475 0.01248810278 -0.0005452423425)
(1.4875 0.01248810278 -0.0005452423425)
(1.5 0.01248810278 -0.0005452423425)
(1.5125 0.01248810278 -0.0005452423425)
(1.525 0.01248810278 -0.0005452423425)
(1.5375 0.01248810278 -0.0005452423425)
(1.55 0.01248810278 -0.0005452423425)
(1.5625 0.01248810278 -0.0005452423425)
(1.575 0.01248810278 -0.0005452423425)
(1.5875 0.01248810278 -0.0005452423425)
(1.6 0.01248810278 -0.0005452423425)
(1.6125 0.01248810278 -0.0005452423425)
(1.625 0.01248810278 -0.0005452423425)
(1.6375 0.01248810278 -0.0005452423425)
(1.65 0.01248810278 -0.0005452423425)
(1.6625 0.01248810278 -0.0005452423425)
(1.675 0.01248810278 -0.0005452423425)
(1.6875 0.01248810278 -0.0005452423425)
(1.7 0.01248810278 -0.0005452423425)
(1.7125 0.01248810278 -0.0005452423425)
(1.725 0.01248810278 -0.0005452423425)
(1.7375 0.01248810278 -0.0005452423425)
(1.75 0.01248810278 -0.0005452423425)
(1.7625 0.01248810278 -0.0005452423425)
(1.775 0.01248810278 -0.0005452423425)
(1.7875 0.01248810278 -0.0005452423425)
(1.8 0.01248810278 -0.0005452423425)
(1.8125 0.01248810278 -0.0005452423425)
(1.825 0.01248810278 -0.0005452423425)
(1.8375 0.01248810278 -0.0005452423425)
(1.85 0.01248810278 -0.0005452423425)
(1.8625 0.01248810278 -0.0005452423425)
(1.875 0.01248810278 -0.0005452423425)
(1.8875 0.01248810278 -0.0005452423425)
(1.9 0.01248810278 -0.0005452423425)
(1.9125 0.01248810278 -0.0005452423425)
(1.925 0.01248810278 -0.0005452423425)
(1.9375 0.01248810278 -0.0005452423425)
(1.95 0.01248810278 -0.0005452423425)
(1.9625 0.01248810278 -0.0005452423425)
(1.975 0.01248810278 -0.0005452423425)
(1.9875 0.01248810278 -0.0005452423425)
(2 0.01248810278 -0.0005452423425)
(2.0125 0.01248810277 -0.0005452423425)
(2.025 0.01248810278 -0.0005452423425)
(2.0375 0.01248810277 -0.0005452423425)
(2.05 0.01248810278 -0.0005452423425)
(2.0625 0.01248810278 -0.0005452423425)
(2.075 0.01248810278 -0.0005452423425)
(2.0875 0.01248810278 -0.0005452423425)
(2.1 0.01248810278 -0.0005452423425)
(2.1125 0.01248810278 -0.0005452423425)
(2.125 0.01248810278 -0.0005452423425)
(2.1375 0.01248810278 -0.0005452423425)
(2.15 0.01248810278 -0.0005452423425)
(2.1625 0.01248810278 -0.0005452423425)
(2.175 0.01248810278 -0.0005452423425)
(2.1875 0.01248810277 -0.0005452423425)
(2.2 0.01248810278 -0.0005452423425)
(2.2125 0.01248810277 -0.0005452423425)
(2.225 0.01248810278 -0.0005452423425)
(2.2375 0.01248810278 -0.0005452423425)
(2.25 0.01248810278 -0.0005452423425)
(2.2625 0.01248810278 -0.0005452423425)
(2.275 0.01248810278 -0.0005452423425)
(2.2875 0.01248810278 -0.0005452423425)
(2.3 0.01248810278 -0.0005452423425)
(2.3125 0.01248810278 -0.0005452423425)
(2.325 0.01248810278 -0.0005452423425)
(2.3375 0.01248810278 -0.0005452423425)
(2.35 0.01248810278 -0.0005452423425)
(2.3625 0.01248810278 -0.0005452423425)
(2.375 0.01248810278 -0.0005452423425)
(2.3875 0.01248810278 -0.0005452423425)
(2.4 0.01248810278 -0.0005452423425)
(2.4125 0.01248810278 -0.0005452423425)
(2.425 0.01248810278 -0.0005452423425)
(2.4375 0.01248810278 -0.0005452423425)
(2.45 0.01248810278 -0.0005452423425)
(2.4625 0.01248810278 -0.0005452423425)
(2.475 0.01248810278 -0.0005452423425)
(2.4875 0.01248810278 -0.0005452423425)
(2.5 0.01248810278 -0.0005452423425)
(2.5125 0.01248810278 -0.0005452423425)
(2.525 0.01248810278 -0.0005452423425)
(2.5375 0.01248810278 -0.0005452423425)
(2.55 0.01248810278 -0.0005452423425)
(2.5625 0.01248810278 -0.0005452423425)
(2.575 0.01248810278 -0.0005452423425)
(2.5875 0.01248810278 -0.0005452423425)
(2.6 0.01248810278 -0.0005452423425)
(2.6125 0.01248810278 -0.0005452423425)
(2.625 0.01248810278 -0.0005452423425)
(2.6375 0.01248810278 -0.0005452423425)
(2.65 0.01248810278 -0.0005452423425)
(2.6625 0.01248810278 -0.0005452423425)
(2.675 0.01248810278 -0.0005452423425)
(2.6875 0.01248810278 -0.0005452423425)
(2.7 0.01248810278 -0.0005452423425)
(2.7125 0.01248810278 -0.0005452423425)
(2.725 0.01248810278 -0.0005452423425)
(2.7375 0.01248810278 -0.0005452423425)
(2.75 0.01248810278 -0.0005452423425)
(2.7625 0.01248810278 -0.0005452423425)
(2.775 0.01248810278 -0.0005452423425)
(2.7875 0.01248810278 -0.0005452423425)
(2.8 0.01248810278 -0.0005452423425)
(2.8125 0.01248810278 -0.0005452423425)
(2.825 0.01248810278 -0.0005452423425)
(2.8375 0.01248810278 -0.0005452423425)
(2.85 0.01248810278 -0.0005452423425)
(2.8625 0.01248810278 -0.0005452423425)
(2.875 0.01248810278 -0.0005452423425)
(2.8875 0.01248810278 -0.0005452423425)
(2.9 0.01248810278 -0.0005452423425)
(2.9125 0.01248810278 -0.0005452423425)
(2.925 0.01248810278 -0.0005452423425)
(2.9375 0.01248810278 -0.0005452423425)
(2.95 0.01248810278 -0.0005452423425)
(2.9625 0.01248810278 -0.0005452423425)
(2.975 0.01248810278 -0.0005452423425)
(2.9875 0.01248810278 -0.0005452423425)
(3 0.01248810278 -0.0005452423425)
(0 0.01498572333 -0.000654290811)
(0.0125 0.01498572333 -0.000654290811)
(0.025 0.01498572333 -0.000654290811)
(0.0375 0.01498572333 -0.000654290811)
(0.05 0.01498572333 -0.000654290811)
(0.0625 0.01498572333 -0.000654290811)
(0.075 0.01498572333 -0.000654290811)
(0.0875 0.01498572333 -0.000654290811)
(0.1 0.01498572333 -0.000654290811)
(0.1125 0.01498572333 -0.000654290811)
(0.125 0.01498572333 -0.000654290811)
(0.1375 0.01498572333 -0.000654290811)
(0.15 0.01498572333 -0.000654290811)
(0.1625 0.01498572333 -0.000654290811)
(0.175 0.01498572333 -0.000654290811)
(0.1875 0.01498572333 -0.000654290811)
(0.2 0.01498572333 -0.000654290811)
(0.2125 0.01498572333 -0.000654290811)
(0.225 0.01498572333 -0.000654290811)
(0.2375 0.01498572333 -0.000654290811)
(0.25 0.01498572333 -0.000654290811)
(0.2625 0.01498572333 -0.000654290811)
(0.275 0.01498572333 -0.000654290811)
(0.2875 0.01498572333 -0.000654290811)
(0.3 0.01498572333 -0.000654290811)
(0.3125 0.01498572333 -0.000654290811)
(0.325 0.01498572333 -0.000654290811)
(0.3375 0.01498572333 -0.000654290811)
(0.35 0.01498572333 -0.000654290811)
(0.3625 0.01498572333 -0.000654290811)
(0.375 0.01498572333 -0.000654290811)
(0.3875 0.01498572333 -0.000654290811)
(0.4 0.01498572333 -0.000654290811)
(0.4125 0.01498572333 -0.000654290811)
(0.425 0.01498572333 -0.000654290811)
(0.4375 0.01498572333 -0.000654290811)
(0.45 0.01498572333 -0.000654290811)
(0.4625 0.01498572333 -0.000654290811)
(0.475 0.01498572333 -0.000654290811)
(0.4875 0.01498572333 -0.000654290811)
(0.5 0.01498572333 -0.000654290811)
(0.5125 0.01498572333 -0.000654290811)
(0.525 0.01498572333 -0.000654290811)
(0.5375 0.01498572333 -0.000654290811)
(0.55 0.01498572333 -0.000654290811)
(0.5625 0.01498572333 -0.000654290811)
(0.575 0.01498572333 -0.000654290811)
(0.5875 0.01498572333 -0.000654290811)
(0.6 0.01498572333 -0.000654290811)
(0.6125 0.01498572333 -0.000654290811)
(0.625 0.01498572333 -0.000654290811)
(0.6375 0.01498572333 -0.000654290811)
(0.65 0.01498572333 -0.000654290811)
(0.6625 0.01498572333 -0.000654290811)
(0.675 0.01498572333 -0.000654290811)
(0.6875 0.01498572333 -0.000654290811)
(0.7 0.01498572333 -0.000654290811)
(0.7125 0.01498572333 -0.000654290811)
(0.725 0.01498572333 -0.000654290811)
(0.7375 0.01498572333 -0.000654290811)
(0.75 0.01498572333 -0.000654290811)
(0.7625 0.01498572333 -0.000654290811)
(0.775 0.01498572333 -0.000654290811)
(0.7875 0.01498572333 -0.000654290811)
(0.8 0.01498572333 -0.000654290811)
(0.8125 0.01498572333 -0.000654290811)
(0.825 0.01498572333 -0.000654290811)
(0.8375 0.01498572333 -0.000654290811)
(0.85 0.01498572333 -0.000654290811)
(0.8625 0.01498572333 -0.000654290811)
(0.875 0.01498572333 -0.000654290811)
(0.8875 0.01498572333 -0.000654290811)
(0.9 0.01498572333 -0.000654290811)
(0.9125 0.01498572333 -0.000654290811)
(0.925 0.01498572333 -0.000654290811)
(0.9375 0.01498572333 -0.000654290811)
(0.95 0.01498572333 -0.000654290811)
(0.9625 0.01498572333 -0.000654290811)
(0.975 0.01498572333 -0.000654290811)
(0.9875 0.01498572333 -0.000654290811)
(1 0.01498572333 -0.000654290811)
(1.0125 0.01498572333 -0.000654290811)
(1.025 0.01498572333 -0.000654290811)
(1.0375 0.01498572333 -0.000654290811)
(1.05 0.01498572333 -0.000654290811)
(1.0625 0.01498572333 -0.000654290811)
(1.075 0.01498572333 -0.000654290811)
(1.0875 0.01498572333 -0.000654290811)
(1.1 0.01498572333 -0.000654290811)
(1.1125 0.01498572333 -0.000654290811)
(1.125 0.01498572333 -0.000654290811)
(1.1375 0.01498572333 -0.000654290811)
(1.15 0.01498572333 -0.000654290811)
(1.1625 0.01498572333 -0.000654290811)
(1.175 0.01498572333 -0.000654290811)
(1.1875 0.01498572333 -0.000654290811)
(1.2 0.01498572333 -0.000654290811)
(1.2125 0.01498572333 -0.000654290811)
(1.225 0.01498572333 -0.000654290811)
(1.2375 0.01498572333 -0.000654290811)
(1.25 0.01498572333 -0.000654290811)
(1.2625 0.01498572333 -0.000654290811)
(1.275 0.01498572333 -0.000654290811)
(1.2875 0.01498572333 -0.000654290811)
(1.3 0.01498572333 -0.000654290811)
(1.3125 0.01498572333 -0.000654290811)
(1.325 0.01498572333 -0.000654290811)
(1.3375 0.01498572333 -0.000654290811)
(1.35 0.01498572333 -0.000654290811)
(1.3625 0.01498572333 -0.000654290811)
(1.375 0.01498572333 -0.000654290811)
(1.3875 0.01498572333 -0.000654290811)
(1.4 0.01498572333 -0.000654290811)
(1.4125 0.01498572333 -0.000654290811)
(1.425 0.01498572333 -0.000654290811)
(1.4375 0.01498572333 -0.000654290811)
(1.45 0.01498572333 -0.000654290811)
(1.4625 0.01498572333 -0.000654290811)
(1.475 0.01498572333 -0.000654290811)
(1.4875 0.01498572333 -0.000654290811)
(1.5 0.01498572333 -0.000654290811)
(1.5125 0.01498572333 -0.000654290811)
(1.525 0.01498572333 -0.000654290811)
(1.5375 0.01498572333 -0.000654290811)
(1.55 0.01498572333 -0.000654290811)
(1.5625 0.01498572333 -0.000654290811)
(1.575 0.01498572333 -0.000654290811)
(1.5875 0.01498572333 -0.000654290811)
(1.6 0.01498572333 -0.000654290811)
(1.6125 0.01498572333 -0.000654290811)
(1.625 0.01498572333 -0.000654290811)
(1.6375 0.01498572333 -0.000654290811)
(1.65 0.01498572333 -0.000654290811)
(1.6625 0.01498572333 -0.000654290811)
(1.675 0.01498572333 -0.000654290811)
(1.6875 0.01498572333 -0.000654290811)
(1.7 0.01498572333 -0.000654290811)
(1.7125 0.01498572333 -0.000654290811)
(1.725 0.01498572333 -0.000654290811)
(1.7375 0.01498572333 -0.000654290811)
(1.75 0.01498572333 -0.000654290811)
(1.7625 0.01498572333 -0.000654290811)
(1.775 0.01498572333 -0.000654290811)
(1.7875 0.01498572333 -0.000654290811)
(1.8 0.01498572333 -0.000654290811)
(1.8125 0.01498572333 -0.000654290811)
(1.825 0.01498572333 -0.000654290811)
(1.8375 0.01498572333 -0.000654290811)
(1.85 0.01498572333 -0.000654290811)
(1.8625 0.01498572333 -0.000654290811)
(1.875 0.01498572333 -0.000654290811)
(1.8875 0.01498572333 -0.000654290811)
(1.9 0.01498572333 -0.000654290811)
(1.9125 0.01498572333 -0.000654290811)
(1.925 0.01498572333 -0.000654290811)
(1.9375 0.01498572333 -0.000654290811)
(1.95 0.01498572333 -0.000654290811)
(1.9625 0.01498572333 -0.000654290811)
(1.975 0.01498572333 -0.000654290811)
(1.9875 0.01498572333 -0.000654290811)
(2 0.01498572333 -0.000654290811)
(2.0125 0.01498572333 -0.000654290811)
(2.025 0.01498572333 -0.000654290811)
(2.0375 0.01498572333 -0.000654290811)
(2.05 0.01498572333 -0.000654290811)
(2.0625 0.01498572333 -0.000654290811)
(2.075 0.01498572333 -0.000654290811)
(2.0875 0.01498572333 -0.000654290811)
(2.1 0.01498572333 -0.000654290811)
(2.1125 0.01498572333 -0.000654290811)
(2.125 0.01498572333 -0.000654290811)
(2.1375 0.01498572333 -0.000654290811)
(2.15 0.01498572333 -0.000654290811)
(2.1625 0.01498572333 -0.000654290811)
(2.175 0.01498572333 -0.000654290811)
(2.1875 0.01498572333 -0.000654290811)
(2.2 0.01498572333 -0.000654290811)
(2.2125 0.01498572333 -0.000654290811)
(2.225 0.01498572333 -0.000654290811)
(2.2375 0.01498572333 -0.000654290811)
(2.25 0.01498572333 -0.000654290811)
(2.2625 0.01498572333 -0.000654290811)
(2.275 0.01498572333 -0.000654290811)
(2.2875 0.01498572333 -0.000654290811)
(2.3 0.01498572333 -0.000654290811)
(2.3125 0.01498572333 -0.000654290811)
(2.325 0.01498572333 -0.000654290811)
(2.3375 0.01498572333 -0.000654290811)
(2.35 0.01498572333 -0.000654290811)
(2.3625 0.01498572333 -0.000654290811)
(2.375 0.01498572333 -0.000654290811)
(2.3875 0.01498572333 -0.000654290811)
(2.4 0.01498572333 -0.000654290811)
(2.4125 0.01498572333 -0.000654290811)
(2.425 0.01498572333 -0.000654290811)
(2.4375 0.01498572333 -0.000654290811)
(2.45 0.01498572333 -0.000654290811)
(2.4625 0.01498572333 -0.000654290811)
(2.475 0.01498572333 -0.000654290811)
(2.4875 0.01498572333 -0.000654290811)
(2.5 0.01498572333 -0.000654290811)
(2.5125 0.01498572333 -0.000654290811)
(2.525 0.01498572333 -0.000654290811)
(2.5375 0.01498572333 -0.000654290811)
(2.55 0.01498572333 -0.000654290811)
(2.5625 0.01498572333 -0.000654290811)
(2.575 0.01498572333 -0.000654290811)
(2.5875 0.01498572333 -0.000654290811)
(2.6 0.01498572333 -0.000654290811)
(2.6125 0.01498572333 -0.000654290811)
(2.625 0.01498572333 -0.000654290811)
(2.6375 0.01498572333 -0.000654290811)
(2.65 0.01498572333 -0.000654290811)
(2.6625 0.01498572333 -0.000654290811)
(2.675 0.01498572333 -0.000654290811)
(2.6875 0.01498572333 -0.000654290811)
(2.7 0.01498572333 -0.000654290811)
(2.7125 0.01498572333 -0.000654290811)
(2.725 0.01498572333 -0.000654290811)
(2.7375 0.01498572333 -0.000654290811)
(2.75 0.01498572333 -0.000654290811)
(2.7625 0.01498572333 -0.000654290811)
(2.775 0.01498572333 -0.000654290811)
(2.7875 0.01498572333 -0.000654290811)
(2.8 0.01498572333 -0.000654290811)
(2.8125 0.01498572333 -0.000654290811)
(2.825 0.01498572333 -0.000654290811)
(2.8375 0.01498572333 -0.000654290811)
(2.85 0.01498572333 -0.000654290811)
(2.8625 0.01498572333 -0.000654290811)
(2.875 0.01498572333 -0.000654290811)
(2.8875 0.01498572333 -0.000654290811)
(2.9 0.01498572333 -0.000654290811)
(2.9125 0.01498572333 -0.000654290811)
(2.925 0.01498572333 -0.000654290811)
(2.9375 0.01498572333 -0.000654290811)
(2.95 0.01498572333 -0.000654290811)
(2.9625 0.01498572333 -0.000654290811)
(2.975 0.01498572333 -0.000654290811)
(2.9875 0.01498572333 -0.000654290811)
(3 0.01498572333 -0.000654290811)
(0 0.01748334388 -0.0007633392795)
(0.0125 0.01748334388 -0.0007633392795)
(0.025 0.01748334388 -0.0007633392795)
(0.0375 0.01748334388 -0.0007633392795)
(0.05 0.01748334388 -0.0007633392795)
(0.0625 0.01748334388 -0.0007633392795)
(0.075 0.01748334388 -0.0007633392795)
(0.0875 0.01748334389 -0.0007633392795)
(0.1 0.01748334388 -0.0007633392795)
(0.1125 0.01748334388 -0.0007633392795)
(0.125 0.01748334388 -0.0007633392795)
(0.1375 0.01748334388 -0.0007633392795)
(0.15 0.01748334389 -0.0007633392795)
(0.1625 0.01748334389 -0.0007633392795)
(0.175 0.01748334388 -0.0007633392795)
(0.1875 0.01748334388 -0.0007633392795)
(0.2 0.01748334388 -0.0007633392795)
(0.2125 0.01748334388 -0.0007633392795)
(0.225 0.01748334388 -0.0007633392795)
(0.2375 0.01748334388 -0.0007633392795)
(0.25 0.01748334388 -0.0007633392795)
(0.2625 0.01748334388 -0.0007633392795)
(0.275 0.01748334388 -0.0007633392795)
(0.2875 0.01748334388 -0.0007633392795)
(0.3 0.01748334388 -0.0007633392795)
(0.3125 0.01748334388 -0.0007633392795)
(0.325 0.01748334388 -0.0007633392795)
(0.3375 0.01748334388 -0.0007633392795)
(0.35 0.01748334388 -0.0007633392795)
(0.3625 0.01748334389 -0.0007633392795)
(0.375 0.01748334388 -0.0007633392795)
(0.3875 0.01748334388 -0.0007633392795)
(0.4 0.01748334388 -0.0007633392795)
(0.4125 0.01748334388 -0.0007633392795)
(0.425 0.01748334388 -0.0007633392795)
(0.4375 0.01748334388 -0.0007633392795)
(0.45 0.01748334388 -0.0007633392795)
(0.4625 0.01748334388 -0.0007633392795)
(0.475 0.01748334388 -0.0007633392795)
(0.4875 0.01748334388 -0.0007633392795)
(0.5 0.01748334388 -0.0007633392795)
(0.5125 0.01748334388 -0.0007633392795)
(0.525 0.01748334388 -0.0007633392795)
(0.5375 0.01748334388 -0.0007633392795)
(0.55 0.01748334388 -0.0007633392795)
(0.5625 0.01748334388 -0.0007633392795)
(0.575 0.01748334388 -0.0007633392795)
(0.5875 0.01748334388 -0.0007633392795)
(0.6 0.01748334388 -0.0007633392795)
(0.6125 0.01748334388 -0.0007633392795)
(0.625 0.01748334388 -0.0007633392795)
(0.6375 0.01748334389 -0.0007633392795)
(0.65 0.01748334388 -0.0007633392795)
(0.6625 0.01748334388 -0.0007633392795)
(0.675 0.01748334388 -0.0007633392795)
(0.6875 0.01748334388 -0.0007633392795)
(0.7 0.01748334388 -0.0007633392795)
(0.7125 0.01748334388 -0.0007633392795)
(0.725 0.01748334388 -0.0007633392795)
(0.7375 0.01748334388 -0.0007633392795)
(0.75 0.01748334388 -0.0007633392795)
(0.7625 0.01748334388 -0.0007633392795)
(0.775 0.01748334388 -0.0007633392795)
(0.7875 0.01748334388 -0.0007633392795)
(0.8 0.01748334388 -0.0007633392795)
(0.8125 0.01748334388 -0.0007633392795)
(0.825 0.01748334388 -0.0007633392795)
(0.8375 0.01748334388 -0.0007633392795)
(0.85 0.01748334388 -0.0007633392795)
(0.8625 0.01748334388 -0.0007633392795)
(0.875 0.01748334388 -0.0007633392795)
(0.8875 0.01748334388 -0.0007633392795)
(0.9 0.01748334388 -0.0007633392795)
(0.9125 0.01748334388 -0.0007633392795)
(0.925 0.01748334388 -0.0007633392795)
(0.9375 0.01748334388 -0.0007633392795)
(0.95 0.01748334388 -0.0007633392795)
(0.9625 0.01748334388 -0.0007633392795)
(0.975 0.01748334388 -0.0007633392795)
(0.9875 0.01748334388 -0.0007633392795)
(1 0.01748334388 -0.0007633392795)
(1.0125 0.01748334388 -0.0007633392795)
(1.025 0.01748334388 -0.0007633392795)
(1.0375 0.01748334388 -0.0007633392795)
(1.05 0.01748334388 -0.0007633392795)
(1.0625 0.01748334388 -0.0007633392795)
(1.075 0.01748334388 -0.0007633392795)
(1.0875 0.01748334388 -0.0007633392795)
(1.1 0.01748334388 -0.0007633392795)
(1.1125 0.01748334388 -0.0007633392795)
(1.125 0.01748334388 -0.0007633392795)
(1.1375 0.01748334388 -0.0007633392795)
(1.15 0.01748334388 -0.0007633392795)
(1.1625 0.01748334388 -0.0007633392795)
(1.175 0.01748334388 -0.0007633392795)
(1.1875 0.01748334388 -0.0007633392795)
(1.2 0.01748334388 -0.0007633392795)
(1.2125 0.01748334388 -0.0007633392795)
(1.225 0.01748334388 -0.0007633392795)
(1.2375 0.01748334388 -0.0007633392795)
(1.25 0.01748334388 -0.0007633392795)
(1.2625 0.01748334388 -0.0007633392795)
(1.275 0.01748334388 -0.0007633392795)
(1.2875 0.01748334389 -0.0007633392795)
(1.3 0.01748334388 -0.0007633392795)
(1.3125 0.01748334388 -0.0007633392795)
(1.325 0.01748334388 -0.0007633392795)
(1.3375 0.01748334388 -0.0007633392795)
(1.35 0.01748334388 -0.0007633392795)
(1.3625 0.01748334388 -0.0007633392795)
(1.375 0.01748334388 -0.0007633392795)
(1.3875 0.01748334388 -0.0007633392795)
(1.4 0.01748334388 -0.0007633392795)
(1.4125 0.01748334388 -0.0007633392795)
(1.425 0.01748334388 -0.0007633392795)
(1.4375 0.01748334388 -0.0007633392795)
(1.45 0.01748334388 -0.0007633392795)
(1.4625 0.01748334388 -0.0007633392795)
(1.475 0.01748334389 -0.0007633392795)
(1.4875 0.01748334388 -0.0007633392795)
(1.5 0.01748334388 -0.0007633392795)
(1.5125 0.01748334388 -0.0007633392795)
(1.525 0.01748334388 -0.0007633392795)
(1.5375 0.01748334388 -0.0007633392795)
(1.55 0.01748334388 -0.0007633392795)
(1.5625 0.01748334388 -0.0007633392795)
(1.575 0.01748334388 -0.0007633392795)
(1.5875 0.01748334388 -0.0007633392795)
(1.6 0.01748334388 -0.0007633392795)
(1.6125 0.01748334388 -0.0007633392795)
(1.625 0.01748334388 -0.0007633392795)
(1.6375 0.01748334388 -0.0007633392795)
(1.65 0.01748334388 -0.0007633392795)
(1.6625 0.01748334388 -0.0007633392795)
(1.675 0.01748334388 -0.0007633392795)
(1.6875 0.01748334388 -0.0007633392795)
(1.7 0.01748334388 -0.0007633392795)
(1.7125 0.01748334388 -0.0007633392795)
(1.725 0.01748334388 -0.0007633392795)
(1.7375 0.01748334388 -0.0007633392795)
(1.75 0.01748334388 -0.0007633392795)
(1.7625 0.01748334388 -0.0007633392795)
(1.775 0.01748334388 -0.0007633392795)
(1.7875 0.01748334388 -0.0007633392795)
(1.8 0.01748334388 -0.0007633392795)
(1.8125 0.01748334388 -0.0007633392795)
(1.825 0.01748334388 -0.0007633392795)
(1.8375 0.01748334388 -0.0007633392795)
(1.85 0.01748334388 -0.0007633392795)
(1.8625 0.01748334388 -0.0007633392795)
(1.875 0.01748334388 -0.0007633392795)
(1.8875 0.01748334388 -0.0007633392795)
(1.9 0.01748334388 -0.0007633392795)
(1.9125 0.01748334388 -0.0007633392795)
(1.925 0.01748334388 -0.0007633392795)
(1.9375 0.01748334388 -0.0007633392795)
(1.95 0.01748334388 -0.0007633392795)
(1.9625 0.01748334388 -0.0007633392795)
(1.975 0.01748334388 -0.0007633392795)
(1.9875 0.01748334388 -0.0007633392795)
(2 0.01748334388 -0.0007633392795)
(2.0125 0.01748334388 -0.0007633392795)
(2.025 0.01748334388 -0.0007633392795)
(2.0375 0.01748334388 -0.0007633392795)
(2.05 0.01748334388 -0.0007633392795)
(2.0625 0.01748334388 -0.0007633392795)
(2.075 0.01748334388 -0.0007633392795)
(2.0875 0.01748334388 -0.0007633392795)
(2.1 0.01748334388 -0.0007633392795)
(2.1125 0.01748334388 -0.0007633392795)
(2.125 0.01748334388 -0.0007633392795)
(2.1375 0.01748334388 -0.0007633392795)
(2.15 0.01748334388 -0.0007633392795)
(2.1625 0.01748334388 -0.0007633392795)
(2.175 0.01748334388 -0.0007633392795)
(2.1875 0.01748334388 -0.0007633392795)
(2.2 0.01748334388 -0.0007633392795)
(2.2125 0.01748334388 -0.0007633392795)
(2.225 0.01748334388 -0.0007633392795)
(2.2375 0.01748334388 -0.0007633392795)
(2.25 0.01748334388 -0.0007633392795)
(2.2625 0.01748334388 -0.0007633392795)
(2.275 0.01748334388 -0.0007633392795)
(2.2875 0.01748334388 -0.0007633392795)
(2.3 0.01748334388 -0.0007633392795)
(2.3125 0.01748334388 -0.0007633392795)
(2.325 0.01748334388 -0.0007633392795)
(2.3375 0.01748334388 -0.0007633392795)
(2.35 0.01748334388 -0.0007633392795)
(2.3625 0.01748334388 -0.0007633392795)
(2.375 0.01748334389 -0.0007633392795)
(2.3875 0.01748334388 -0.0007633392795)
(2.4 0.01748334388 -0.0007633392795)
(2.4125 0.01748334388 -0.0007633392795)
(2.425 0.01748334389 -0.0007633392795)
(2.4375 0.01748334388 -0.0007633392795)
(2.45 0.01748334388 -0.0007633392795)
(2.4625 0.01748334388 -0.0007633392795)
(2.475 0.01748334388 -0.0007633392795)
(2.4875 0.01748334388 -0.0007633392795)
(2.5 0.01748334389 -0.0007633392795)
(2.5125 0.01748334388 -0.0007633392795)
(2.525 0.01748334388 -0.0007633392795)
(2.5375 0.01748334388 -0.0007633392795)
(2.55 0.01748334388 -0.0007633392795)
(2.5625 0.01748334388 -0.0007633392795)
(2.575 0.01748334388 -0.0007633392795)
(2.5875 0.01748334388 -0.0007633392795)
(2.6 0.01748334388 -0.0007633392795)
(2.6125 0.01748334388 -0.0007633392795)
(2.625 0.01748334388 -0.0007633392795)
(2.6375 0.01748334389 -0.0007633392795)
(2.65 0.01748334388 -0.0007633392795)
(2.6625 0.01748334388 -0.0007633392795)
(2.675 0.01748334388 -0.0007633392795)
(2.6875 0.01748334388 -0.0007633392795)
(2.7 0.01748334389 -0.0007633392795)
(2.7125 0.01748334389 -0.0007633392795)
(2.725 0.01748334388 -0.0007633392795)
(2.7375 0.01748334388 -0.0007633392795)
(2.75 0.01748334388 -0.0007633392795)
(2.7625 0.01748334388 -0.0007633392795)
(2.775 0.01748334388 -0.0007633392795)
(2.7875 0.01748334388 -0.0007633392795)
(2.8 0.01748334388 -0.0007633392795)
(2.8125 0.01748334388 -0.0007633392795)
(2.825 0.01748334388 -0.0007633392795)
(2.8375 0.01748334389 -0.0007633392795)
(2.85 0.01748334389 -0.0007633392795)
(2.8625 0.01748334388 -0.0007633392795)
(2.875 0.01748334388 -0.0007633392795)
(2.8875 0.01748334388 -0.0007633392795)
(2.9 0.01748334389 -0.0007633392795)
(2.9125 0.01748334389 -0.0007633392795)
(2.925 0.01748334388 -0.0007633392795)
(2.9375 0.01748334388 -0.0007633392795)
(2.95 0.01748334388 -0.0007633392795)
(2.9625 0.01748334388 -0.0007633392795)
(2.975 0.01748334388 -0.0007633392795)
(2.9875 0.01748334388 -0.0007633392795)
(3 0.01748334388 -0.0007633392795)
(0 0.01998096444 -0.000872387748)
(0.0125 0.01998096444 -0.000872387748)
(0.025 0.01998096444 -0.000872387748)
(0.0375 0.01998096444 -0.000872387748)
(0.05 0.01998096444 -0.000872387748)
(0.0625 0.01998096444 -0.000872387748)
(0.075 0.01998096444 -0.000872387748)
(0.0875 0.01998096444 -0.000872387748)
(0.1 0.01998096444 -0.000872387748)
(0.1125 0.01998096444 -0.000872387748)
(0.125 0.01998096444 -0.000872387748)
(0.1375 0.01998096444 -0.000872387748)
(0.15 0.01998096444 -0.000872387748)
(0.1625 0.01998096444 -0.000872387748)
(0.175 0.01998096444 -0.000872387748)
(0.1875 0.01998096444 -0.000872387748)
(0.2 0.01998096444 -0.000872387748)
(0.2125 0.01998096444 -0.000872387748)
(0.225 0.01998096444 -0.000872387748)
(0.2375 0.01998096444 -0.000872387748)
(0.25 0.01998096444 -0.000872387748)
(0.2625 0.01998096444 -0.000872387748)
(0.275 0.01998096444 -0.000872387748)
(0.2875 0.01998096444 -0.000872387748)
(0.3 0.01998096444 -0.000872387748)
(0.3125 0.01998096444 -0.000872387748)
(0.325 0.01998096444 -0.000872387748)
(0.3375 0.01998096444 -0.000872387748)
(0.35 0.01998096444 -0.000872387748)
(0.3625 0.01998096444 -0.000872387748)
(0.375 0.01998096444 -0.000872387748)
(0.3875 0.01998096444 -0.000872387748)
(0.4 0.01998096444 -0.000872387748)
(0.4125 0.01998096444 -0.000872387748)
(0.425 0.01998096444 -0.000872387748)
(0.4375 0.01998096444 -0.000872387748)
(0.45 0.01998096444 -0.000872387748)
(0.4625 0.01998096444 -0.000872387748)
(0.475 0.01998096444 -0.000872387748)
(0.4875 0.01998096444 -0.000872387748)
(0.5 0.01998096444 -0.000872387748)
(0.5125 0.01998096444 -0.000872387748)
(0.525 0.01998096444 -0.000872387748)
(0.5375 0.01998096444 -0.000872387748)
(0.55 0.01998096444 -0.000872387748)
(0.5625 0.01998096444 -0.000872387748)
(0.575 0.01998096444 -0.000872387748)
(0.5875 0.01998096444 -0.000872387748)
(0.6 0.01998096444 -0.000872387748)
(0.6125 0.01998096444 -0.000872387748)
(0.625 0.01998096444 -0.000872387748)
(0.6375 0.01998096444 -0.000872387748)
(0.65 0.01998096444 -0.000872387748)
(0.6625 0.01998096444 -0.000872387748)
(0.675 0.01998096444 -0.000872387748)
(0.6875 0.01998096444 -0.000872387748)
(0.7 0.01998096444 -0.000872387748)
(0.7125 0.01998096444 -0.000872387748)
(0.725 0.01998096444 -0.000872387748)
(0.7375 0.01998096444 -0.000872387748)
(0.75 0.01998096444 -0.000872387748)
(0.7625 0.01998096444 -0.000872387748)
(0.775 0.01998096444 -0.000872387748)
(0.7875 0.01998096444 -0.000872387748)
(0.8 0.01998096444 -0.000872387748)
(0.8125 0.01998096444 -0.000872387748)
(0.825 0.01998096444 -0.000872387748)
(0.8375 0.01998096444 -0.000872387748)
(0.85 0.01998096444 -0.000872387748)
(0.8625 0.01998096444 -0.000872387748)
(0.875 0.01998096444 -0.000872387748)
(0.8875 0.01998096444 -0.000872387748)
(0.9 0.01998096444 -0.000872387748)
(0.9125 0.01998096444 -0.000872387748)
(0.925 0.01998096444 -0.000872387748)
(0.9375 0.01998096444 -0.000872387748)
(0.95 0.01998096444 -0.000872387748)
(0.9625 0.01998096444 -0.000872387748)
(0.975 0.01998096444 -0.000872387748)
(0.9875 0.01998096444 -0.000872387748)
(1 0.01998096444 -0.000872387748)
(1.0125 0.01998096444 -0.000872387748)
(1.025 0.01998096444 -0.000872387748)
(1.0375 0.01998096444 -0.000872387748)
(1.05 0.01998096444 -0.000872387748)
(1.0625 0.01998096444 -0.000872387748)
(1.075 0.01998096444 -0.000872387748)
(1.0875 0.01998096444 -0.000872387748)
(1.1 0.01998096444 -0.000872387748)
(1.1125 0.01998096444 -0.000872387748)
(1.125 0.01998096444 -0.000872387748)
(1.1375 0.01998096444 -0.000872387748)
(1.15 0.01998096444 -0.000872387748)
(1.1625 0.01998096444 -0.000872387748)
(1.175 0.01998096444 -0.000872387748)
(1.1875 0.01998096444 -0.000872387748)
(1.2 0.01998096444 -0.000872387748)
(1.2125 0.01998096444 -0.000872387748)
(1.225 0.01998096444 -0.000872387748)
(1.2375 0.01998096444 -0.000872387748)
(1.25 0.01998096444 -0.000872387748)
(1.2625 0.01998096444 -0.000872387748)
(1.275 0.01998096444 -0.000872387748)
(1.2875 0.01998096444 -0.000872387748)
(1.3 0.01998096444 -0.000872387748)
(1.3125 0.01998096444 -0.000872387748)
(1.325 0.01998096444 -0.000872387748)
(1.3375 0.01998096444 -0.000872387748)
(1.35 0.01998096444 -0.000872387748)
(1.3625 0.01998096444 -0.000872387748)
(1.375 0.01998096444 -0.000872387748)
(1.3875 0.01998096444 -0.000872387748)
(1.4 0.01998096444 -0.000872387748)
(1.4125 0.01998096444 -0.000872387748)
(1.425 0.01998096444 -0.000872387748)
(1.4375 0.01998096444 -0.000872387748)
(1.45 0.01998096444 -0.000872387748)
(1.4625 0.01998096444 -0.000872387748)
(1.475 0.01998096444 -0.000872387748)
(1.4875 0.01998096444 -0.000872387748)
(1.5 0.01998096444 -0.000872387748)
(1.5125 0.01998096444 -0.000872387748)
(1.525 0.01998096444 -0.000872387748)
(1.5375 0.01998096444 -0.000872387748)
(1.55 0.01998096444 -0.000872387748)
(1.5625 0.01998096444 -0.000872387748)
(1.575 0.01998096444 -0.000872387748)
(1.5875 0.01998096444 -0.000872387748)
(1.6 0.01998096444 -0.000872387748)
(1.6125 0.01998096444 -0.000872387748)
(1.625 0.01998096444 -0.000872387748)
(1.6375 0.01998096444 -0.000872387748)
(1.65 0.01998096444 -0.000872387748)
(1.6625 0.01998096444 -0.000872387748)
(1.675 0.01998096444 -0.000872387748)
(1.6875 0.01998096444 -0.000872387748)
(1.7 0.01998096444 -0.000872387748)
(1.7125 0.01998096444 -0.000872387748)
(1.725 0.01998096444 -0.000872387748)
(1.7375 0.01998096444 -0.000872387748)
(1.75 0.01998096444 -0.000872387748)
(1.7625 0.01998096444 -0.000872387748)
(1.775 0.01998096444 -0.000872387748)
(1.7875 0.01998096444 -0.000872387748)
(1.8 0.01998096444 -0.000872387748)
(1.8125 0.01998096444 -0.000872387748)
(1.825 0.01998096444 -0.000872387748)
(1.8375 0.01998096444 -0.000872387748)
(1.85 0.01998096444 -0.000872387748)
(1.8625 0.01998096444 -0.000872387748)
(1.875 0.01998096444 -0.000872387748)
(1.8875 0.01998096444 -0.000872387748)
(1.9 0.01998096444 -0.000872387748)
(1.9125 0.01998096444 -0.000872387748)
(1.925 0.01998096444 -0.000872387748)
(1.9375 0.01998096444 -0.000872387748)
(1.95 0.01998096444 -0.000872387748)
(1.9625 0.01998096444 -0.000872387748)
(1.975 0.01998096444 -0.000872387748)
(1.9875 0.01998096444 -0.000872387748)
(2 0.01998096444 -0.000872387748)
(2.0125 0.01998096444 -0.000872387748)
(2.025 0.01998096444 -0.000872387748)
(2.0375 0.01998096444 -0.000872387748)
(2.05 0.01998096444 -0.000872387748)
(2.0625 0.01998096444 -0.000872387748)
(2.075 0.01998096444 -0.000872387748)
(2.0875 0.01998096444 -0.000872387748)
(2.1 0.01998096444 -0.000872387748)
(2.1125 0.01998096444 -0.000872387748)
(2.125 0.01998096444 -0.000872387748)
(2.1375 0.01998096444 -0.000872387748)
(2.15 0.01998096444 -0.000872387748)
(2.1625 0.01998096444 -0.000872387748)
(2.175 0.01998096444 -0.000872387748)
(2.1875 0.01998096444 -0.000872387748)
(2.2 0.01998096444 -0.000872387748)
(2.2125 0.01998096444 -0.000872387748)
(2.225 0.01998096444 -0.000872387748)
(2.2375 0.01998096444 -0.000872387748)
(2.25 0.01998096444 -0.000872387748)
(2.2625 0.01998096444 -0.000872387748)
(2.275 0.01998096444 -0.000872387748)
(2.2875 0.01998096444 -0.000872387748)
(2.3 0.01998096444 -0.000872387748)
(2.3125 0.01998096444 -0.000872387748)
(2.325 0.01998096444 -0.000872387748)
(2.3375 0.01998096444 -0.000872387748)
(2.35 0.01998096444 -0.000872387748)
(2.3625 0.01998096444 -0.000872387748)
(2.375 0.01998096444 -0.000872387748)
(2.3875 0.01998096444 -0.000872387748)
(2.4 0.01998096444 -0.000872387748)
(2.4125 0.01998096444 -0.000872387748)
(2.425 0.01998096444 -0.000872387748)
(2.4375 0.01998096444 -0.000872387748)
(2.45 0.01998096444 -0.000872387748)
(2.4625 0.01998096444 -0.000872387748)
(2.475 0.01998096444 -0.000872387748)
(2.4875 0.01998096444 -0.000872387748)
(2.5 0.01998096444 -0.000872387748)
(2.5125 0.01998096444 -0.000872387748)
(2.525 0.01998096444 -0.000872387748)
(2.5375 0.01998096444 -0.000872387748)
(2.55 0.01998096444 -0.000872387748)
(2.5625 0.01998096444 -0.000872387748)
(2.575 0.01998096444 -0.000872387748)
(2.5875 0.01998096444 -0.000872387748)
(2.6 0.01998096444 -0.000872387748)
(2.6125 0.01998096444 -0.000872387748)
(2.625 0.01998096444 -0.000872387748)
(2.6375 0.01998096444 -0.000872387748)
(2.65 0.01998096444 -0.000872387748)
(2.6625 0.01998096444 -0.000872387748)
(2.675 0.01998096444 -0.000872387748)
(2.6875 0.01998096444 -0.000872387748)
(2.7 0.01998096444 -0.000872387748)
(2.7125 0.01998096444 -0.000872387748)
(2.725 0.01998096444 -0.000872387748)
(2.7375 0.01998096444 -0.000872387748)
(2.75 0.01998096444 -0.000872387748)
(2.7625 0.01998096444 -0.000872387748)
(2.775 0.01998096444 -0.000872387748)
(2.7875 0.01998096444 -0.000872387748)
(2.8 0.01998096444 -0.000872387748)
(2.8125 0.01998096444 -0.000872387748)
(2.825 0.01998096444 -0.000872387748)
(2.8375 0.01998096444 -0.000872387748)
(2.85 0.01998096444 -0.000872387748)
(2.8625 0.01998096444 -0.000872387748)
(2.875 0.01998096444 -0.000872387748)
(2.8875 0.01998096444 -0.000872387748)
(2.9 0.01998096444 -0.000872387748)
(2.9125 0.01998096444 -0.000872387748)
(2.925 0.01998096444 -0.000872387748)
(2.9375 0.01998096444 -0.000872387748)
(2.95 0.01998096444 -0.000872387748)
(2.9625 0.01998096444 -0.000872387748)
(2.975 0.01998096444 -0.000872387748)
(2.9875 0.01998096444 -0.000872387748)
(3 0.01998096444 -0.000872387748)
(0 0.022478585 -0.0009814362165)
(0.0125 0.022478585 -0.0009814362165)
(0.025 0.02247858499 -0.0009814362165)
(0.0375 0.022478585 -0.0009814362165)
(0.05 0.02247858499 -0.0009814362165)
(0.0625 0.02247858499 -0.0009814362165)
(0.075 0.02247858499 -0.0009814362165)
(0.0875 0.022478585 -0.0009814362165)
(0.1 0.022478585 -0.0009814362165)
(0.1125 0.022478585 -0.0009814362165)
(0.125 0.022478585 -0.0009814362165)
(0.1375 0.022478585 -0.0009814362165)
(0.15 0.022478585 -0.0009814362165)
(0.1625 0.022478585 -0.0009814362165)
(0.175 0.022478585 -0.0009814362165)
(0.1875 0.022478585 -0.0009814362165)
(0.2 0.022478585 -0.0009814362165)
(0.2125 0.022478585 -0.0009814362165)
(0.225 0.02247858499 -0.0009814362165)
(0.2375 0.02247858499 -0.0009814362165)
(0.25 0.02247858499 -0.0009814362165)
(0.2625 0.02247858499 -0.0009814362165)
(0.275 0.022478585 -0.0009814362165)
(0.2875 0.022478585 -0.0009814362165)
(0.3 0.022478585 -0.0009814362165)
(0.3125 0.022478585 -0.0009814362165)
(0.325 0.022478585 -0.0009814362165)
(0.3375 0.02247858499 -0.0009814362165)
(0.35 0.022478585 -0.0009814362165)
(0.3625 0.022478585 -0.0009814362165)
(0.375 0.022478585 -0.0009814362165)
(0.3875 0.022478585 -0.0009814362165)
(0.4 0.022478585 -0.0009814362165)
(0.4125 0.022478585 -0.0009814362165)
(0.425 0.022478585 -0.0009814362165)
(0.4375 0.022478585 -0.0009814362165)
(0.45 0.022478585 -0.0009814362165)
(0.4625 0.022478585 -0.0009814362165)
(0.475 0.022478585 -0.0009814362165)
(0.4875 0.022478585 -0.0009814362165)
(0.5 0.022478585 -0.0009814362165)
(0.5125 0.022478585 -0.0009814362165)
(0.525 0.02247858499 -0.0009814362165)
(0.5375 0.022478585 -0.0009814362165)
(0.55 0.02247858499 -0.0009814362165)
(0.5625 0.022478585 -0.0009814362165)
(0.575 0.022478585 -0.0009814362165)
(0.5875 0.02247858499 -0.0009814362165)
(0.6 0.022478585 -0.0009814362165)
(0.6125 0.02247858499 -0.0009814362165)
(0.625 0.022478585 -0.0009814362165)
(0.6375 0.022478585 -0.0009814362165)
(0.65 0.022478585 -0.0009814362165)
(0.6625 0.022478585 -0.0009814362165)
(0.675 0.022478585 -0.0009814362165)
(0.6875 0.022478585 -0.0009814362165)
(0.7 0.022478585 -0.0009814362165)
(0.7125 0.022478585 -0.0009814362165)
(0.725 0.022478585 -0.0009814362165)
(0.7375 0.02247858499 -0.0009814362165)
(0.75 0.022478585 -0.0009814362165)
(0.7625 0.02247858499 -0.0009814362165)
(0.775 0.022478585 -0.0009814362165)
(0.7875 0.022478585 -0.0009814362165)
(0.8 0.02247858499 -0.0009814362165)
(0.8125 0.022478585 -0.0009814362165)
(0.825 0.022478585 -0.0009814362165)
(0.8375 0.022478585 -0.0009814362165)
(0.85 0.022478585 -0.0009814362165)
(0.8625 0.022478585 -0.0009814362165)
(0.875 0.02247858499 -0.0009814362165)
(0.8875 0.02247858499 -0.0009814362165)
(0.9 0.022478585 -0.0009814362165)
(0.9125 0.02247858499 -0.0009814362165)
(0.925 0.022478585 -0.0009814362165)
(0.9375 0.02247858499 -0.0009814362165)
(0.95 0.02247858499 -0.0009814362165)
(0.9625 0.02247858499 -0.0009814362165)
(0.975 0.022478585 -0.0009814362165)
(0.9875 0.022478585 -0.0009814362165)
(1 0.022478585 -0.0009814362165)
(1.0125 0.022478585 -0.0009814362165)
(1.025 0.022478585 -0.0009814362165)
(1.0375 0.022478585 -0.0009814362165)
(1.05 0.022478585 -0.0009814362165)
(1.0625 0.02247858499 -0.0009814362165)
(1.075 0.022478585 -0.0009814362165)
(1.0875 0.02247858499 -0.0009814362165)
(1.1 0.02247858499 -0.0009814362165)
(1.1125 0.022478585 -0.0009814362165)
(1.125 0.02247858499 -0.0009814362165)
(1.1375 0.022478585 -0.0009814362165)
(1.15 0.022478585 -0.0009814362165)
(1.1625 0.022478585 -0.0009814362165)
(1.175 0.022478585 -0.0009814362165)
(1.1875 0.022478585 -0.0009814362165)
(1.2 0.022478585 -0.0009814362165)
(1.2125 0.022478585 -0.0009814362165)
(1.225 0.02247858499 -0.0009814362165)
(1.2375 0.022478585 -0.0009814362165)
(1.25 0.02247858499 -0.0009814362165)
(1.2625 0.02247858499 -0.0009814362165)
(1.275 0.02247858499 -0.0009814362165)
(1.2875 0.02247858499 -0.0009814362165)
(1.3 0.022478585 -0.0009814362165)
(1.3125 0.02247858499 -0.0009814362165)
(1.325 0.022478585 -0.0009814362165)
(1.3375 0.022478585 -0.0009814362165)
(1.35 0.022478585 -0.0009814362165)
(1.3625 0.022478585 -0.0009814362165)
(1.375 0.022478585 -0.0009814362165)
(1.3875 0.022478585 -0.0009814362165)
(1.4 0.022478585 -0.0009814362165)
(1.4125 0.022478585 -0.0009814362165)
(1.425 0.022478585 -0.0009814362165)
(1.4375 0.02247858499 -0.0009814362165)
(1.45 0.02247858499 -0.0009814362165)
(1.4625 0.02247858499 -0.0009814362165)
(1.475 0.02247858499 -0.0009814362165)
(1.4875 0.022478585 -0.0009814362165)
(1.5 0.02247858499 -0.0009814362165)
(1.5125 0.022478585 -0.0009814362165)
(1.525 0.02247858499 -0.0009814362165)
(1.5375 0.022478585 -0.0009814362165)
(1.55 0.022478585 -0.0009814362165)
(1.5625 0.022478585 -0.0009814362165)
(1.575 0.022478585 -0.0009814362165)
(1.5875 0.022478585 -0.0009814362165)
(1.6 0.022478585 -0.0009814362165)
(1.6125 0.02247858499 -0.0009814362165)
(1.625 0.022478585 -0.0009814362165)
(1.6375 0.022478585 -0.0009814362165)
(1.65 0.022478585 -0.0009814362165)
(1.6625 0.02247858499 -0.0009814362165)
(1.675 0.022478585 -0.0009814362165)
(1.6875 0.02247858499 -0.0009814362165)
(1.7 0.022478585 -0.0009814362165)
(1.7125 0.022478585 -0.0009814362165)
(1.725 0.022478585 -0.0009814362165)
(1.7375 0.022478585 -0.0009814362165)
(1.75 0.022478585 -0.0009814362165)
(1.7625 0.022478585 -0.0009814362165)
(1.775 0.022478585 -0.0009814362165)
(1.7875 0.022478585 -0.0009814362165)
(1.8 0.022478585 -0.0009814362165)
(1.8125 0.022478585 -0.0009814362165)
(1.825 0.02247858499 -0.0009814362165)
(1.8375 0.022478585 -0.0009814362165)
(1.85 0.022478585 -0.0009814362165)
(1.8625 0.022478585 -0.0009814362165)
(1.875 0.02247858499 -0.0009814362165)
(1.8875 0.022478585 -0.0009814362165)
(1.9 0.02247858499 -0.0009814362165)
(1.9125 0.022478585 -0.0009814362165)
(1.925 0.022478585 -0.0009814362165)
(1.9375 0.022478585 -0.0009814362165)
(1.95 0.022478585 -0.0009814362165)
(1.9625 0.022478585 -0.0009814362165)
(1.975 0.02247858499 -0.0009814362165)
(1.9875 0.02247858499 -0.0009814362165)
(2 0.02247858499 -0.0009814362165)
(2.0125 0.02247858499 -0.0009814362165)
(2.025 0.022478585 -0.0009814362165)
(2.0375 0.022478585 -0.0009814362165)
(2.05 0.022478585 -0.0009814362165)
(2.0625 0.022478585 -0.0009814362165)
(2.075 0.022478585 -0.0009814362165)
(2.0875 0.02247858499 -0.0009814362165)
(2.1 0.022478585 -0.0009814362165)
(2.1125 0.022478585 -0.0009814362165)
(2.125 0.02247858499 -0.0009814362165)
(2.1375 0.02247858499 -0.0009814362165)
(2.15 0.02247858499 -0.0009814362165)
(2.1625 0.02247858499 -0.0009814362165)
(2.175 0.02247858499 -0.0009814362165)
(2.1875 0.022478585 -0.0009814362165)
(2.2 0.02247858499 -0.0009814362165)
(2.2125 0.022478585 -0.0009814362165)
(2.225 0.022478585 -0.0009814362165)
(2.2375 0.022478585 -0.0009814362165)
(2.25 0.022478585 -0.0009814362165)
(2.2625 0.022478585 -0.0009814362165)
(2.275 0.022478585 -0.0009814362165)
(2.2875 0.022478585 -0.0009814362165)
(2.3 0.02247858499 -0.0009814362165)
(2.3125 0.02247858499 -0.0009814362165)
(2.325 0.02247858499 -0.0009814362165)
(2.3375 0.02247858499 -0.0009814362165)
(2.35 0.022478585 -0.0009814362165)
(2.3625 0.02247858499 -0.0009814362165)
(2.375 0.022478585 -0.0009814362165)
(2.3875 0.02247858499 -0.0009814362165)
(2.4 0.022478585 -0.0009814362165)
(2.4125 0.02247858499 -0.0009814362165)
(2.425 0.022478585 -0.0009814362165)
(2.4375 0.022478585 -0.0009814362165)
(2.45 0.022478585 -0.0009814362165)
(2.4625 0.02247858499 -0.0009814362165)
(2.475 0.022478585 -0.0009814362165)
(2.4875 0.022478585 -0.0009814362165)
(2.5 0.02247858499 -0.0009814362165)
(2.5125 0.022478585 -0.0009814362165)
(2.525 0.02247858499 -0.0009814362165)
(2.5375 0.022478585 -0.0009814362165)
(2.55 0.02247858499 -0.0009814362165)
(2.5625 0.02247858499 -0.0009814362165)
(2.575 0.02247858499 -0.0009814362165)
(2.5875 0.022478585 -0.0009814362165)
(2.6 0.02247858499 -0.0009814362165)
(2.6125 0.022478585 -0.0009814362165)
(2.625 0.022478585 -0.0009814362165)
(2.6375 0.022478585 -0.0009814362165)
(2.65 0.02247858499 -0.0009814362165)
(2.6625 0.022478585 -0.0009814362165)
(2.675 0.02247858499 -0.0009814362165)
(2.6875 0.02247858499 -0.0009814362165)
(2.7 0.022478585 -0.0009814362165)
(2.7125 0.02247858499 -0.0009814362165)
(2.725 0.022478585 -0.0009814362165)
(2.7375 0.02247858499 -0.0009814362165)
(2.75 0.022478585 -0.0009814362165)
(2.7625 0.02247858499 -0.0009814362165)
(2.775 0.022478585 -0.0009814362165)
(2.7875 0.02247858499 -0.0009814362165)
(2.8 0.022478585 -0.0009814362165)
(2.8125 0.022478585 -0.0009814362165)
(2.825 0.02247858499 -0.0009814362165)
(2.8375 0.02247858499 -0.0009814362165)
(2.85 0.022478585 -0.0009814362165)
(2.8625 0.022478585 -0.0009814362165)
(2.875 0.02247858499 -0.0009814362165)
(2.8875 0.022478585 -0.0009814362165)
(2.9 0.02247858499 -0.0009814362165)
(2.9125 0.022478585 -0.0009814362165)
(2.925 0.02247858499 -0.0009814362165)
(2.9375 0.022478585 -0.0009814362165)
(2.95 0.02247858499 -0.0009814362165)
(2.9625 0.022478585 -0.0009814362165)
(2.975 0.02247858499 -0.0009814362165)
(2.9875 0.022478585 -0.0009814362165)
(3 0.022478585 -0.0009814362165)
(0 0.02497620555 -0.001090484685)
(0.0125 0.02497620555 -0.001090484685)
(0.025 0.02497620555 -0.001090484685)
(0.0375 0.02497620555 -0.001090484685)
(0.05 0.02497620555 -0.001090484685)
(0.0625 0.02497620555 -0.001090484685)
(0.075 0.02497620555 -0.001090484685)
(0.0875 0.02497620555 -0.001090484685)
(0.1 0.02497620555 -0.001090484685)
(0.1125 0.02497620555 -0.001090484685)
(0.125 0.02497620555 -0.001090484685)
(0.1375 0.02497620555 -0.001090484685)
(0.15 0.02497620555 -0.001090484685)
(0.1625 0.02497620555 -0.001090484685)
(0.175 0.02497620555 -0.001090484685)
(0.1875 0.02497620555 -0.001090484685)
(0.2 0.02497620555 -0.001090484685)
(0.2125 0.02497620555 -0.001090484685)
(0.225 0.02497620555 -0.001090484685)
(0.2375 0.02497620555 -0.001090484685)
(0.25 0.02497620555 -0.001090484685)
(0.2625 0.02497620555 -0.001090484685)
(0.275 0.02497620555 -0.001090484685)
(0.2875 0.02497620555 -0.001090484685)
(0.3 0.02497620555 -0.001090484685)
(0.3125 0.02497620555 -0.001090484685)
(0.325 0.02497620555 -0.001090484685)
(0.3375 0.02497620555 -0.001090484685)
(0.35 0.02497620555 -0.001090484685)
(0.3625 0.02497620555 -0.001090484685)
(0.375 0.02497620555 -0.001090484685)
(0.3875 0.02497620555 -0.001090484685)
(0.4 0.02497620555 -0.001090484685)
(0.4125 0.02497620555 -0.001090484685)
(0.425 0.02497620555 -0.001090484685)
(0.4375 0.02497620555 -0.001090484685)
(0.45 0.02497620555 -0.001090484685)
(0.4625 0.02497620555 -0.001090484685)
(0.475 0.02497620555 -0.001090484685)
(0.4875 0.02497620555 -0.001090484685)
(0.5 0.02497620555 -0.001090484685)
(0.5125 0.02497620555 -0.001090484685)
(0.525 0.02497620555 -0.001090484685)
(0.5375 0.02497620555 -0.001090484685)
(0.55 0.02497620555 -0.001090484685)
(0.5625 0.02497620555 -0.001090484685)
(0.575 0.02497620555 -0.001090484685)
(0.5875 0.02497620555 -0.001090484685)
(0.6 0.02497620555 -0.001090484685)
(0.6125 0.02497620555 -0.001090484685)
(0.625 0.02497620555 -0.001090484685)
(0.6375 0.02497620555 -0.001090484685)
(0.65 0.02497620555 -0.001090484685)
(0.6625 0.02497620555 -0.001090484685)
(0.675 0.02497620555 -0.001090484685)
(0.6875 0.02497620555 -0.001090484685)
(0.7 0.02497620555 -0.001090484685)
(0.7125 0.02497620555 -0.001090484685)
(0.725 0.02497620555 -0.001090484685)
(0.7375 0.02497620555 -0.001090484685)
(0.75 0.02497620555 -0.001090484685)
(0.7625 0.02497620555 -0.001090484685)
(0.775 0.02497620555 -0.001090484685)
(0.7875 0.02497620555 -0.001090484685)
(0.8 0.02497620555 -0.001090484685)
(0.8125 0.02497620555 -0.001090484685)
(0.825 0.02497620555 -0.001090484685)
(0.8375 0.02497620555 -0.001090484685)
(0.85 0.02497620555 -0.001090484685)
(0.8625 0.02497620555 -0.001090484685)
(0.875 0.02497620555 -0.001090484685)
(0.8875 0.02497620555 -0.001090484685)
(0.9 0.02497620555 -0.001090484685)
(0.9125 0.02497620555 -0.001090484685)
(0.925 0.02497620555 -0.001090484685)
(0.9375 0.02497620555 -0.001090484685)
(0.95 0.02497620555 -0.001090484685)
(0.9625 0.02497620555 -0.001090484685)
(0.975 0.02497620555 -0.001090484685)
(0.9875 0.02497620555 -0.001090484685)
(1 0.02497620555 -0.001090484685)
(1.0125 0.02497620555 -0.001090484685)
(1.025 0.02497620555 -0.001090484685)
(1.0375 0.02497620555 -0.001090484685)
(1.05 0.02497620555 -0.001090484685)
(1.0625 0.02497620555 -0.001090484685)
(1.075 0.02497620555 -0.001090484685)
(1.0875 0.02497620555 -0.001090484685)
(1.1 0.02497620555 -0.001090484685)
(1.1125 0.02497620555 -0.001090484685)
(1.125 0.02497620555 -0.001090484685)
(1.1375 0.02497620555 -0.001090484685)
(1.15 0.02497620555 -0.001090484685)
(1.1625 0.02497620555 -0.001090484685)
(1.175 0.02497620555 -0.001090484685)
(1.1875 0.02497620555 -0.001090484685)
(1.2 0.02497620555 -0.001090484685)
(1.2125 0.02497620555 -0.001090484685)
(1.225 0.02497620555 -0.001090484685)
(1.2375 0.02497620555 -0.001090484685)
(1.25 0.02497620555 -0.001090484685)
(1.2625 0.02497620555 -0.001090484685)
(1.275 0.02497620555 -0.001090484685)
(1.2875 0.02497620555 -0.001090484685)
(1.3 0.02497620555 -0.001090484685)
(1.3125 0.02497620555 -0.001090484685)
(1.325 0.02497620555 -0.001090484685)
(1.3375 0.02497620555 -0.001090484685)
(1.35 0.02497620555 -0.001090484685)
(1.3625 0.02497620555 -0.001090484685)
(1.375 0.02497620555 -0.001090484685)
(1.3875 0.02497620555 -0.001090484685)
(1.4 0.02497620555 -0.001090484685)
(1.4125 0.02497620555 -0.001090484685)
(1.425 0.02497620555 -0.001090484685)
(1.4375 0.02497620555 -0.001090484685)
(1.45 0.02497620555 -0.001090484685)
(1.4625 0.02497620555 -0.001090484685)
(1.475 0.02497620555 -0.001090484685)
(1.4875 0.02497620555 -0.001090484685)
(1.5 0.02497620555 -0.001090484685)
(1.5125 0.02497620555 -0.001090484685)
(1.525 0.02497620555 -0.001090484685)
(1.5375 0.02497620555 -0.001090484685)
(1.55 0.02497620555 -0.001090484685)
(1.5625 0.02497620555 -0.001090484685)
(1.575 0.02497620555 -0.001090484685)
(1.5875 0.02497620555 -0.001090484685)
(1.6 0.02497620555 -0.001090484685)
(1.6125 0.02497620555 -0.001090484685)
(1.625 0.02497620555 -0.001090484685)
(1.6375 0.02497620555 -0.001090484685)
(1.65 0.02497620555 -0.001090484685)
(1.6625 0.02497620555 -0.001090484685)
(1.675 0.02497620555 -0.001090484685)
(1.6875 0.02497620555 -0.001090484685)
(1.7 0.02497620555 -0.001090484685)
(1.7125 0.02497620555 -0.001090484685)
(1.725 0.02497620555 -0.001090484685)
(1.7375 0.02497620555 -0.001090484685)
(1.75 0.02497620555 -0.001090484685)
(1.7625 0.02497620555 -0.001090484685)
(1.775 0.02497620555 -0.001090484685)
(1.7875 0.02497620555 -0.001090484685)
(1.8 0.02497620555 -0.001090484685)
(1.8125 0.02497620555 -0.001090484685)
(1.825 0.02497620555 -0.001090484685)
(1.8375 0.02497620555 -0.001090484685)
(1.85 0.02497620555 -0.001090484685)
(1.8625 0.02497620555 -0.001090484685)
(1.875 0.02497620555 -0.001090484685)
(1.8875 0.02497620555 -0.001090484685)
(1.9 0.02497620555 -0.001090484685)
(1.9125 0.02497620555 -0.001090484685)
(1.925 0.02497620555 -0.001090484685)
(1.9375 0.02497620555 -0.001090484685)
(1.95 0.02497620555 -0.001090484685)
(1.9625 0.02497620555 -0.001090484685)
(1.975 0.02497620555 -0.001090484685)
(1.9875 0.02497620555 -0.001090484685)
(2 0.02497620555 -0.001090484685)
(2.0125 0.02497620555 -0.001090484685)
(2.025 0.02497620555 -0.001090484685)
(2.0375 0.02497620555 -0.001090484685)
(2.05 0.02497620555 -0.001090484685)
(2.0625 0.02497620555 -0.001090484685)
(2.075 0.02497620555 -0.001090484685)
(2.0875 0.02497620555 -0.001090484685)
(2.1 0.02497620555 -0.001090484685)
(2.1125 0.02497620555 -0.001090484685)
(2.125 0.02497620555 -0.001090484685)
(2.1375 0.02497620555 -0.001090484685)
(2.15 0.02497620555 -0.001090484685)
(2.1625 0.02497620555 -0.001090484685)
(2.175 0.02497620555 -0.001090484685)
(2.1875 0.02497620555 -0.001090484685)
(2.2 0.02497620555 -0.001090484685)
(2.2125 0.02497620555 -0.001090484685)
(2.225 0.02497620555 -0.001090484685)
(2.2375 0.02497620555 -0.001090484685)
(2.25 0.02497620555 -0.001090484685)
(2.2625 0.02497620555 -0.001090484685)
(2.275 0.02497620555 -0.001090484685)
(2.2875 0.02497620555 -0.001090484685)
(2.3 0.02497620555 -0.001090484685)
(2.3125 0.02497620555 -0.001090484685)
(2.325 0.02497620555 -0.001090484685)
(2.3375 0.02497620555 -0.001090484685)
(2.35 0.02497620555 -0.001090484685)
(2.3625 0.02497620555 -0.001090484685)
(2.375 0.02497620555 -0.001090484685)
(2.3875 0.02497620555 -0.001090484685)
(2.4 0.02497620555 -0.001090484685)
(2.4125 0.02497620555 -0.001090484685)
(2.425 0.02497620555 -0.001090484685)
(2.4375 0.02497620555 -0.001090484685)
(2.45 0.02497620555 -0.001090484685)
(2.4625 0.02497620555 -0.001090484685)
(2.475 0.02497620555 -0.001090484685)
(2.4875 0.02497620555 -0.001090484685)
(2.5 0.02497620555 -0.001090484685)
(2.5125 0.02497620555 -0.001090484685)
(2.525 0.02497620555 -0.001090484685)
(2.5375 0.02497620555 -0.001090484685)
(2.55 0.02497620555 -0.001090484685)
(2.5625 0.02497620555 -0.001090484685)
(2.575 0.02497620555 -0.001090484685)
(2.5875 0.02497620555 -0.001090484685)
(2.6 0.02497620555 -0.001090484685)
(2.6125 0.02497620555 -0.001090484685)
(2.625 0.02497620555 -0.001090484685)
(2.6375 0.02497620555 -0.001090484685)
(2.65 0.02497620555 -0.001090484685)
(2.6625 0.02497620555 -0.001090484685)
(2.675 0.02497620555 -0.001090484685)
(2.6875 0.02497620555 -0.001090484685)
(2.7 0.02497620555 -0.001090484685)
(2.7125 0.02497620555 -0.001090484685)
(2.725 0.02497620555 -0.001090484685)
(2.7375 0.02497620555 -0.001090484685)
(2.75 0.02497620555 -0.001090484685)
(2.7625 0.02497620555 -0.001090484685)
(2.775 0.02497620555 -0.001090484685)
(2.7875 0.02497620555 -0.001090484685)
(2.8 0.02497620555 -0.001090484685)
(2.8125 0.02497620555 -0.001090484685)
(2.825 0.02497620555 -0.001090484685)
(2.8375 0.02497620555 -0.001090484685)
(2.85 0.02497620555 -0.001090484685)
(2.8625 0.02497620555 -0.001090484685)
(2.875 0.02497620555 -0.001090484685)
(2.8875 0.02497620555 -0.001090484685)
(2.9 0.02497620555 -0.001090484685)
(2.9125 0.02497620555 -0.001090484685)
(2.925 0.02497620555 -0.001090484685)
(2.9375 0.02497620555 -0.001090484685)
(2.95 0.02497620555 -0.001090484685)
(2.9625 0.02497620555 -0.001090484685)
(2.975 0.02497620555 -0.001090484685)
(2.9875 0.02497620555 -0.001090484685)
(3 0.02497620555 -0.001090484685)
(0 0.02747382611 -0.001199533154)
(0.0125 0.02747382611 -0.001199533154)
(0.025 0.02747382611 -0.001199533154)
(0.0375 0.02747382611 -0.001199533153)
(0.05 0.02747382611 -0.001199533154)
(0.0625 0.02747382611 -0.001199533154)
(0.075 0.02747382611 -0.001199533154)
(0.0875 0.02747382611 -0.001199533154)
(0.1 0.02747382611 -0.001199533154)
(0.1125 0.02747382611 -0.001199533154)
(0.125 0.02747382611 -0.001199533154)
(0.1375 0.02747382611 -0.001199533153)
(0.15 0.02747382611 -0.001199533154)
(0.1625 0.02747382611 -0.001199533154)
(0.175 0.02747382611 -0.001199533154)
(0.1875 0.02747382611 -0.001199533154)
(0.2 0.02747382611 -0.001199533153)
(0.2125 0.02747382611 -0.001199533154)
(0.225 0.02747382611 -0.001199533154)
(0.2375 0.02747382611 -0.001199533154)
(0.25 0.02747382611 -0.001199533153)
(0.2625 0.02747382611 -0.001199533154)
(0.275 0.02747382611 -0.001199533154)
(0.2875 0.02747382611 -0.001199533154)
(0.3 0.02747382611 -0.001199533154)
(0.3125 0.02747382611 -0.001199533154)
(0.325 0.02747382611 -0.001199533154)
(0.3375 0.02747382611 -0.001199533154)
(0.35 0.02747382611 -0.001199533154)
(0.3625 0.02747382611 -0.001199533154)
(0.375 0.02747382611 -0.001199533154)
(0.3875 0.02747382611 -0.001199533154)
(0.4 0.02747382611 -0.001199533154)
(0.4125 0.02747382611 -0.001199533153)
(0.425 0.02747382611 -0.001199533154)
(0.4375 0.02747382611 -0.001199533154)
(0.45 0.02747382611 -0.001199533154)
(0.4625 0.02747382611 -0.001199533153)
(0.475 0.02747382611 -0.001199533154)
(0.4875 0.02747382611 -0.001199533154)
(0.5 0.02747382611 -0.001199533154)
(0.5125 0.02747382611 -0.001199533153)
(0.525 0.02747382611 -0.001199533154)
(0.5375 0.02747382611 -0.001199533154)
(0.55 0.02747382611 -0.001199533154)
(0.5625 0.02747382611 -0.001199533154)
(0.575 0.02747382611 -0.001199533154)
(0.5875 0.02747382611 -0.001199533154)
(0.6 0.02747382611 -0.001199533154)
(0.6125 0.02747382611 -0.001199533154)
(0.625 0.02747382611 -0.001199533153)
(0.6375 0.02747382611 -0.001199533154)
(0.65 0.02747382611 -0.001199533154)
(0.6625 0.02747382611 -0.001199533154)
(0.675 0.02747382611 -0.001199533154)
(0.6875 0.02747382611 -0.001199533154)
(0.7 0.02747382611 -0.001199533154)
(0.7125 0.02747382611 -0.001199533153)
(0.725 0.02747382611 -0.001199533154)
(0.7375 0.02747382611 -0.001199533154)
(0.75 0.02747382611 -0.001199533154)
(0.7625 0.02747382611 -0.001199533154)
(0.775 0.02747382611 -0.001199533154)
(0.7875 0.02747382611 -0.001199533154)
(0.8 0.02747382611 -0.001199533154)
(0.8125 0.02747382611 -0.001199533154)
(0.825 0.02747382611 -0.001199533154)
(0.8375 0.02747382611 -0.001199533154)
(0.85 0.02747382611 -0.001199533154)
(0.8625 0.02747382611 -0.001199533154)
(0.875 0.02747382611 -0.001199533154)
(0.8875 0.02747382611 -0.001199533154)
(0.9 0.02747382611 -0.001199533154)
(0.9125 0.02747382611 -0.001199533154)
(0.925 0.02747382611 -0.001199533154)
(0.9375 0.02747382611 -0.001199533154)
(0.95 0.02747382611 -0.001199533153)
(0.9625 0.02747382611 -0.001199533154)
(0.975 0.02747382611 -0.001199533154)
(0.9875 0.02747382611 -0.001199533154)
(1 0.02747382611 -0.001199533154)
(1.0125 0.02747382611 -0.001199533154)
(1.025 0.02747382611 -0.001199533154)
(1.0375 0.02747382611 -0.001199533154)
(1.05 0.02747382611 -0.001199533154)
(1.0625 0.02747382611 -0.001199533154)
(1.075 0.02747382611 -0.001199533154)
(1.0875 0.02747382611 -0.001199533153)
(1.1 0.02747382611 -0.001199533154)
(1.1125 0.02747382611 -0.001199533154)
(1.125 0.02747382611 -0.001199533154)
(1.1375 0.02747382611 -0.001199533154)
(1.15 0.02747382611 -0.001199533154)
(1.1625 0.02747382611 -0.001199533154)
(1.175 0.02747382611 -0.001199533154)
(1.1875 0.02747382611 -0.001199533154)
(1.2 0.02747382611 -0.001199533154)
(1.2125 0.02747382611 -0.001199533154)
(1.225 0.02747382611 -0.001199533154)
(1.2375 0.02747382611 -0.001199533154)
(1.25 0.02747382611 -0.001199533154)
(1.2625 0.02747382611 -0.001199533154)
(1.275 0.02747382611 -0.001199533154)
(1.2875 0.02747382611 -0.001199533154)
(1.3 0.02747382611 -0.001199533154)
(1.3125 0.02747382611 -0.001199533154)
(1.325 0.02747382611 -0.001199533154)
(1.3375 0.02747382611 -0.001199533154)
(1.35 0.02747382611 -0.001199533154)
(1.3625 0.02747382611 -0.001199533154)
(1.375 0.02747382611 -0.001199533154)
(1.3875 0.02747382611 -0.001199533154)
(1.4 0.02747382611 -0.001199533154)
(1.4125 0.02747382611 -0.001199533154)
(1.425 0.02747382611 -0.001199533154)
(1.4375 0.02747382611 -0.001199533154)
(1.45 0.02747382611 -0.001199533154)
(1.4625 0.02747382611 -0.001199533154)
(1.475 0.02747382611 -0.001199533154)
(1.4875 0.02747382611 -0.001199533154)
(1.5 0.02747382611 -0.001199533154)
(1.5125 0.02747382611 -0.001199533154)
(1.525 0.02747382611 -0.001199533154)
(1.5375 0.02747382611 -0.001199533154)
(1.55 0.02747382611 -0.001199533154)
(1.5625 0.02747382611 -0.001199533154)
(1.575 0.02747382611 -0.001199533154)
(1.5875 0.02747382611 -0.001199533154)
(1.6 0.02747382611 -0.001199533154)
(1.6125 0.02747382611 -0.001199533154)
(1.625 0.02747382611 -0.001199533154)
(1.6375 0.02747382611 -0.001199533154)
(1.65 0.02747382611 -0.001199533154)
(1.6625 0.02747382611 -0.001199533154)
(1.675 0.02747382611 -0.001199533153)
(1.6875 0.02747382611 -0.001199533154)
(1.7 0.02747382611 -0.001199533154)
(1.7125 0.02747382611 -0.001199533154)
(1.725 0.02747382611 -0.001199533154)
(1.7375 0.02747382611 -0.001199533154)
(1.75 0.02747382611 -0.001199533154)
(1.7625 0.02747382611 -0.001199533154)
(1.775 0.02747382611 -0.001199533154)
(1.7875 0.02747382611 -0.001199533154)
(1.8 0.02747382611 -0.001199533154)
(1.8125 0.02747382611 -0.001199533154)
(1.825 0.02747382611 -0.001199533154)
(1.8375 0.02747382611 -0.001199533153)
(1.85 0.02747382611 -0.001199533154)
(1.8625 0.02747382611 -0.001199533154)
(1.875 0.02747382611 -0.001199533154)
(1.8875 0.02747382611 -0.001199533154)
(1.9 0.02747382611 -0.001199533154)
(1.9125 0.02747382611 -0.001199533154)
(1.925 0.02747382611 -0.001199533154)
(1.9375 0.02747382611 -0.001199533154)
(1.95 0.02747382611 -0.001199533154)
(1.9625 0.02747382611 -0.001199533154)
(1.975 0.02747382611 -0.001199533154)
(1.9875 0.02747382611 -0.001199533154)
(2 0.02747382611 -0.001199533154)
(2.0125 0.02747382611 -0.001199533154)
(2.025 0.02747382611 -0.001199533154)
(2.0375 0.02747382611 -0.001199533154)
(2.05 0.02747382611 -0.001199533153)
(2.0625 0.02747382611 -0.001199533154)
(2.075 0.02747382611 -0.001199533154)
(2.0875 0.02747382611 -0.001199533154)
(2.1 0.02747382611 -0.001199533154)
(2.1125 0.02747382611 -0.001199533154)
(2.125 0.02747382611 -0.001199533154)
(2.1375 0.02747382611 -0.001199533154)
(2.15 0.02747382611 -0.001199533154)
(2.1625 0.02747382611 -0.001199533154)
(2.175 0.02747382611 -0.001199533154)
(2.1875 0.02747382611 -0.001199533154)
(2.2 0.02747382611 -0.001199533154)
(2.2125 0.02747382611 -0.001199533154)
(2.225 0.02747382611 -0.001199533154)
(2.2375 0.02747382611 -0.001199533154)
(2.25 0.02747382611 -0.001199533154)
(2.2625 0.02747382611 -0.001199533154)
(2.275 0.02747382611 -0.001199533154)
(2.2875 0.02747382611 -0.001199533154)
(2.3 0.02747382611 -0.001199533154)
(2.3125 0.02747382611 -0.001199533154)
(2.325 0.02747382611 -0.001199533154)
(2.3375 0.02747382611 -0.001199533154)
(2.35 0.02747382611 -0.001199533154)
(2.3625 0.02747382611 -0.001199533154)
(2.375 0.02747382611 -0.001199533153)
(2.3875 0.02747382611 -0.001199533154)
(2.4 0.02747382611 -0.001199533154)
(2.4125 0.02747382611 -0.001199533154)
(2.425 0.02747382611 -0.001199533153)
(2.4375 0.02747382611 -0.001199533154)
(2.45 0.02747382611 -0.001199533154)
(2.4625 0.02747382611 -0.001199533154)
(2.475 0.02747382611 -0.001199533154)
(2.4875 0.02747382611 -0.001199533154)
(2.5 0.02747382611 -0.001199533154)
(2.5125 0.02747382611 -0.001199533154)
(2.525 0.02747382611 -0.001199533154)
(2.5375 0.02747382611 -0.001199533154)
(2.55 0.02747382611 -0.001199533154)
(2.5625 0.02747382611 -0.001199533154)
(2.575 0.02747382611 -0.001199533154)
(2.5875 0.02747382611 -0.001199533154)
(2.6 0.02747382611 -0.001199533154)
(2.6125 0.02747382611 -0.001199533154)
(2.625 0.02747382611 -0.001199533154)
(2.6375 0.02747382611 -0.001199533154)
(2.65 0.02747382611 -0.001199533153)
(2.6625 0.02747382611 -0.001199533154)
(2.675 0.02747382611 -0.001199533154)
(2.6875 0.02747382611 -0.001199533154)
(2.7 0.02747382611 -0.001199533154)
(2.7125 0.02747382611 -0.001199533154)
(2.725 0.02747382611 -0.001199533154)
(2.7375 0.02747382611 -0.001199533154)
(2.75 0.02747382611 -0.001199533153)
(2.7625 0.02747382611 -0.001199533154)
(2.775 0.02747382611 -0.001199533154)
(2.7875 0.02747382611 -0.001199533154)
(2.8 0.02747382611 -0.001199533153)
(2.8125 0.02747382611 -0.001199533153)
(2.825 0.02747382611 -0.001199533154)
(2.8375 0.02747382611 -0.001199533154)
(2.85 0.02747382611 -0.001199533154)
(2.8625 0.02747382611 -0.001199533154)
(2.875 0.02747382611 -0.001199533154)
(2.8875 0.02747382611 -0.001199533154)
(2.9 0.02747382611 -0.001199533154)
(2.9125 0.02747382611 -0.001199533154)
(2.925 0.02747382611 -0.001199533154)
(2.9375 0.02747382611 -0.001199533154)
(2.95 0.02747382611 -0.001199533154)
(2.9625 0.02747382611 -0.001199533153)
(2.975 0.02747382611 -0.001199533154)
(2.9875 0.02747382611 -0.001199533154)
(3 0.02747382611 -0.001199533154)
(0 0.02997144666 -0.001308581622)
(0.0125 0.02997144666 -0.001308581622)
(0.025 0.02997144666 -0.001308581622)
(0.0375 0.02997144666 -0.001308581622)
(0.05 0.02997144666 -0.001308581622)
(0.0625 0.02997144666 -0.001308581622)
(0.075 0.02997144666 -0.001308581622)
(0.0875 0.02997144666 -0.001308581622)
(0.1 0.02997144666 -0.001308581622)
(0.1125 0.02997144666 -0.001308581622)
(0.125 0.02997144666 -0.001308581622)
(0.1375 0.02997144666 -0.001308581622)
(0.15 0.02997144666 -0.001308581622)
(0.1625 0.02997144666 -0.001308581622)
(0.175 0.02997144666 -0.001308581622)
(0.1875 0.02997144666 -0.001308581622)
(0.2 0.02997144666 -0.001308581622)
(0.2125 0.02997144666 -0.001308581622)
(0.225 0.02997144666 -0.001308581622)
(0.2375 0.02997144666 -0.001308581622)
(0.25 0.02997144666 -0.001308581622)
(0.2625 0.02997144666 -0.001308581622)
(0.275 0.02997144666 -0.001308581622)
(0.2875 0.02997144666 -0.001308581622)
(0.3 0.02997144666 -0.001308581622)
(0.3125 0.02997144666 -0.001308581622)
(0.325 0.02997144666 -0.001308581622)
(0.3375 0.02997144666 -0.001308581622)
(0.35 0.02997144666 -0.001308581622)
(0.3625 0.02997144666 -0.001308581622)
(0.375 0.02997144666 -0.001308581622)
(0.3875 0.02997144666 -0.001308581622)
(0.4 0.02997144666 -0.001308581622)
(0.4125 0.02997144666 -0.001308581622)
(0.425 0.02997144666 -0.001308581622)
(0.4375 0.02997144666 -0.001308581622)
(0.45 0.02997144666 -0.001308581622)
(0.4625 0.02997144666 -0.001308581622)
(0.475 0.02997144666 -0.001308581622)
(0.4875 0.02997144666 -0.001308581622)
(0.5 0.02997144666 -0.001308581622)
(0.5125 0.02997144666 -0.001308581622)
(0.525 0.02997144666 -0.001308581622)
(0.5375 0.02997144666 -0.001308581622)
(0.55 0.02997144666 -0.001308581622)
(0.5625 0.02997144666 -0.001308581622)
(0.575 0.02997144666 -0.001308581622)
(0.5875 0.02997144666 -0.001308581622)
(0.6 0.02997144666 -0.001308581622)
(0.6125 0.02997144666 -0.001308581622)
(0.625 0.02997144666 -0.001308581622)
(0.6375 0.02997144666 -0.001308581622)
(0.65 0.02997144666 -0.001308581622)
(0.6625 0.02997144666 -0.001308581622)
(0.675 0.02997144666 -0.001308581622)
(0.6875 0.02997144666 -0.001308581622)
(0.7 0.02997144666 -0.001308581622)
(0.7125 0.02997144666 -0.001308581622)
(0.725 0.02997144666 -0.001308581622)
(0.7375 0.02997144666 -0.001308581622)
(0.75 0.02997144666 -0.001308581622)
(0.7625 0.02997144666 -0.001308581622)
(0.775 0.02997144666 -0.001308581622)
(0.7875 0.02997144666 -0.001308581622)
(0.8 0.02997144666 -0.001308581622)
(0.8125 0.02997144666 -0.001308581622)
(0.825 0.02997144666 -0.001308581622)
(0.8375 0.02997144666 -0.001308581622)
(0.85 0.02997144666 -0.001308581622)
(0.8625 0.02997144666 -0.001308581622)
(0.875 0.02997144666 -0.001308581622)
(0.8875 0.02997144666 -0.001308581622)
(0.9 0.02997144666 -0.001308581622)
(0.9125 0.02997144666 -0.001308581622)
(0.925 0.02997144666 -0.001308581622)
(0.9375 0.02997144666 -0.001308581622)
(0.95 0.02997144666 -0.001308581622)
(0.9625 0.02997144666 -0.001308581622)
(0.975 0.02997144666 -0.001308581622)
(0.9875 0.02997144666 -0.001308581622)
(1 0.02997144666 -0.001308581622)
(1.0125 0.02997144666 -0.001308581622)
(1.025 0.02997144666 -0.001308581622)
(1.0375 0.02997144666 -0.001308581622)
(1.05 0.02997144666 -0.001308581622)
(1.0625 0.02997144666 -0.001308581622)
(1.075 0.02997144666 -0.001308581622)
(1.0875 0.02997144666 -0.001308581622)
(1.1 0.02997144666 -0.001308581622)
(1.1125 0.02997144666 -0.001308581622)
(1.125 0.02997144666 -0.001308581622)
(1.1375 0.02997144666 -0.001308581622)
(1.15 0.02997144666 -0.001308581622)
(1.1625 0.02997144666 -0.001308581622)
(1.175 0.02997144666 -0.001308581622)
(1.1875 0.02997144666 -0.001308581622)
(1.2 0.02997144666 -0.001308581622)
(1.2125 0.02997144666 -0.001308581622)
(1.225 0.02997144666 -0.001308581622)
(1.2375 0.02997144666 -0.001308581622)
(1.25 0.02997144666 -0.001308581622)
(1.2625 0.02997144666 -0.001308581622)
(1.275 0.02997144666 -0.001308581622)
(1.2875 0.02997144666 -0.001308581622)
(1.3 0.02997144666 -0.001308581622)
(1.3125 0.02997144666 -0.001308581622)
(1.325 0.02997144666 -0.001308581622)
(1.3375 0.02997144666 -0.001308581622)
(1.35 0.02997144666 -0.001308581622)
(1.3625 0.02997144666 -0.001308581622)
(1.375 0.02997144666 -0.001308581622)
(1.3875 0.02997144666 -0.001308581622)
(1.4 0.02997144666 -0.001308581622)
(1.4125 0.02997144666 -0.001308581622)
(1.425 0.02997144666 -0.001308581622)
(1.4375 0.02997144666 -0.001308581622)
(1.45 0.02997144666 -0.001308581622)
(1.4625 0.02997144666 -0.001308581622)
(1.475 0.02997144666 -0.001308581622)
(1.4875 0.02997144666 -0.001308581622)
(1.5 0.02997144666 -0.001308581622)
(1.5125 0.02997144666 -0.001308581622)
(1.525 0.02997144666 -0.001308581622)
(1.5375 0.02997144666 -0.001308581622)
(1.55 0.02997144666 -0.001308581622)
(1.5625 0.02997144666 -0.001308581622)
(1.575 0.02997144666 -0.001308581622)
(1.5875 0.02997144666 -0.001308581622)
(1.6 0.02997144666 -0.001308581622)
(1.6125 0.02997144666 -0.001308581622)
(1.625 0.02997144666 -0.001308581622)
(1.6375 0.02997144666 -0.001308581622)
(1.65 0.02997144666 -0.001308581622)
(1.6625 0.02997144666 -0.001308581622)
(1.675 0.02997144666 -0.001308581622)
(1.6875 0.02997144666 -0.001308581622)
(1.7 0.02997144666 -0.001308581622)
(1.7125 0.02997144666 -0.001308581622)
(1.725 0.02997144666 -0.001308581622)
(1.7375 0.02997144666 -0.001308581622)
(1.75 0.02997144666 -0.001308581622)
(1.7625 0.02997144666 -0.001308581622)
(1.775 0.02997144666 -0.001308581622)
(1.7875 0.02997144666 -0.001308581622)
(1.8 0.02997144666 -0.001308581622)
(1.8125 0.02997144666 -0.001308581622)
(1.825 0.02997144666 -0.001308581622)
(1.8375 0.02997144666 -0.001308581622)
(1.85 0.02997144666 -0.001308581622)
(1.8625 0.02997144666 -0.001308581622)
(1.875 0.02997144666 -0.001308581622)
(1.8875 0.02997144666 -0.001308581622)
(1.9 0.02997144666 -0.001308581622)
(1.9125 0.02997144666 -0.001308581622)
(1.925 0.02997144666 -0.001308581622)
(1.9375 0.02997144666 -0.001308581622)
(1.95 0.02997144666 -0.001308581622)
(1.9625 0.02997144666 -0.001308581622)
(1.975 0.02997144666 -0.001308581622)
(1.9875 0.02997144666 -0.001308581622)
(2 0.02997144666 -0.001308581622)
(2.0125 0.02997144666 -0.001308581622)
(2.025 0.02997144666 -0.001308581622)
(2.0375 0.02997144666 -0.001308581622)
(2.05 0.02997144666 -0.001308581622)
(2.0625 0.02997144666 -0.001308581622)
(2.075 0.02997144666 -0.001308581622)
(2.0875 0.02997144666 -0.001308581622)
(2.1 0.02997144666 -0.001308581622)
(2.1125 0.02997144666 -0.001308581622)
(2.125 0.02997144666 -0.001308581622)
(2.1375 0.02997144666 -0.001308581622)
(2.15 0.02997144666 -0.001308581622)
(2.1625 0.02997144666 -0.001308581622)
(2.175 0.02997144666 -0.001308581622)
(2.1875 0.02997144666 -0.001308581622)
(2.2 0.02997144666 -0.001308581622)
(2.2125 0.02997144666 -0.001308581622)
(2.225 0.02997144666 -0.001308581622)
(2.2375 0.02997144666 -0.001308581622)
(2.25 0.02997144666 -0.001308581622)
(2.2625 0.02997144666 -0.001308581622)
(2.275 0.02997144666 -0.001308581622)
(2.2875 0.02997144666 -0.001308581622)
(2.3 0.02997144666 -0.001308581622)
(2.3125 0.02997144666 -0.001308581622)
(2.325 0.02997144666 -0.001308581622)
(2.3375 0.02997144666 -0.001308581622)
(2.35 0.02997144666 -0.001308581622)
(2.3625 0.02997144666 -0.001308581622)
(2.375 0.02997144666 -0.001308581622)
(2.3875 0.02997144666 -0.001308581622)
(2.4 0.02997144666 -0.001308581622)
(2.4125 0.02997144666 -0.001308581622)
(2.425 0.02997144666 -0.001308581622)
(2.4375 0.02997144666 -0.001308581622)
(2.45 0.02997144666 -0.001308581622)
(2.4625 0.02997144666 -0.001308581622)
(2.475 0.02997144666 -0.001308581622)
(2.4875 0.02997144666 -0.001308581622)
(2.5 0.02997144666 -0.001308581622)
(2.5125 0.02997144666 -0.001308581622)
(2.525 0.02997144666 -0.001308581622)
(2.5375 0.02997144666 -0.001308581622)
(2.55 0.02997144666 -0.001308581622)
(2.5625 0.02997144666 -0.001308581622)
(2.575 0.02997144666 -0.001308581622)
(2.5875 0.02997144666 -0.001308581622)
(2.6 0.02997144666 -0.001308581622)
(2.6125 0.02997144666 -0.001308581622)
(2.625 0.02997144666 -0.001308581622)
(2.6375 0.02997144666 -0.001308581622)
(2.65 0.02997144666 -0.001308581622)
(2.6625 0.02997144666 -0.001308581622)
(2.675 0.02997144666 -0.001308581622)
(2.6875 0.02997144666 -0.001308581622)
(2.7 0.02997144666 -0.001308581622)
(2.7125 0.02997144666 -0.001308581622)
(2.725 0.02997144666 -0.001308581622)
(2.7375 0.02997144666 -0.001308581622)
(2.75 0.02997144666 -0.001308581622)
(2.7625 0.02997144666 -0.001308581622)
(2.775 0.02997144666 -0.001308581622)
(2.7875 0.02997144666 -0.001308581622)
(2.8 0.02997144666 -0.001308581622)
(2.8125 0.02997144666 -0.001308581622)
(2.825 0.02997144666 -0.001308581622)
(2.8375 0.02997144666 -0.001308581622)
(2.85 0.02997144666 -0.001308581622)
(2.8625 0.02997144666 -0.001308581622)
(2.875 0.02997144666 -0.001308581622)
(2.8875 0.02997144666 -0.001308581622)
(2.9 0.02997144666 -0.001308581622)
(2.9125 0.02997144666 -0.001308581622)
(2.925 0.02997144666 -0.001308581622)
(2.9375 0.02997144666 -0.001308581622)
(2.95 0.02997144666 -0.001308581622)
(2.9625 0.02997144666 -0.001308581622)
(2.975 0.02997144666 -0.001308581622)
(2.9875 0.02997144666 -0.001308581622)
(3 0.02997144666 -0.001308581622)
(0 0.03246906722 -0.001417630091)
(0.0125 0.03246906722 -0.001417630091)
(0.025 0.03246906722 -0.001417630091)
(0.0375 0.03246906722 -0.001417630091)
(0.05 0.03246906721 -0.001417630091)
(0.0625 0.03246906722 -0.001417630091)
(0.075 0.03246906722 -0.001417630091)
(0.0875 0.03246906722 -0.001417630091)
(0.1 0.03246906722 -0.001417630091)
(0.1125 0.03246906722 -0.001417630091)
(0.125 0.03246906722 -0.001417630091)
(0.1375 0.03246906722 -0.001417630091)
(0.15 0.03246906722 -0.001417630091)
(0.1625 0.03246906722 -0.001417630091)
(0.175 0.03246906722 -0.001417630091)
(0.1875 0.03246906722 -0.001417630091)
(0.2 0.03246906722 -0.001417630091)
(0.2125 0.03246906722 -0.001417630091)
(0.225 0.03246906722 -0.001417630091)
(0.2375 0.03246906722 -0.001417630091)
(0.25 0.03246906722 -0.001417630091)
(0.2625 0.03246906722 -0.001417630091)
(0.275 0.03246906722 -0.001417630091)
(0.2875 0.03246906721 -0.001417630091)
(0.3 0.03246906722 -0.001417630091)
(0.3125 0.03246906722 -0.001417630091)
(0.325 0.03246906722 -0.001417630091)
(0.3375 0.03246906722 -0.001417630091)
(0.35 0.03246906722 -0.001417630091)
(0.3625 0.03246906722 -0.001417630091)
(0.375 0.03246906722 -0.001417630091)
(0.3875 0.03246906722 -0.001417630091)
(0.4 0.03246906722 -0.001417630091)
(0.4125 0.03246906722 -0.001417630091)
(0.425 0.03246906722 -0.001417630091)
(0.4375 0.03246906722 -0.001417630091)
(0.45 0.03246906722 -0.001417630091)
(0.4625 0.03246906722 -0.001417630091)
(0.475 0.03246906722 -0.001417630091)
(0.4875 0.03246906722 -0.001417630091)
(0.5 0.03246906722 -0.001417630091)
(0.5125 0.03246906722 -0.001417630091)
(0.525 0.03246906722 -0.001417630091)
(0.5375 0.03246906722 -0.001417630091)
(0.55 0.03246906722 -0.001417630091)
(0.5625 0.03246906722 -0.001417630091)
(0.575 0.03246906722 -0.001417630091)
(0.5875 0.03246906722 -0.001417630091)
(0.6 0.03246906722 -0.001417630091)
(0.6125 0.03246906722 -0.001417630091)
(0.625 0.03246906722 -0.00141763009)
(0.6375 0.03246906722 -0.00141763009)
(0.65 0.03246906722 -0.001417630091)
(0.6625 0.03246906722 -0.001417630091)
(0.675 0.03246906722 -0.001417630091)
(0.6875 0.03246906722 -0.001417630091)
(0.7 0.03246906722 -0.00141763009)
(0.7125 0.03246906722 -0.00141763009)
(0.725 0.03246906722 -0.001417630091)
(0.7375 0.03246906722 -0.001417630091)
(0.75 0.03246906722 -0.001417630091)
(0.7625 0.03246906722 -0.001417630091)
(0.775 0.03246906722 -0.001417630091)
(0.7875 0.03246906722 -0.001417630091)
(0.8 0.03246906722 -0.001417630091)
(0.8125 0.03246906722 -0.001417630091)
(0.825 0.03246906722 -0.001417630091)
(0.8375 0.03246906722 -0.001417630091)
(0.85 0.03246906722 -0.001417630091)
(0.8625 0.03246906722 -0.001417630091)
(0.875 0.03246906722 -0.00141763009)
(0.8875 0.03246906722 -0.00141763009)
(0.9 0.03246906722 -0.001417630091)
(0.9125 0.03246906722 -0.001417630091)
(0.925 0.03246906722 -0.001417630091)
(0.9375 0.03246906722 -0.00141763009)
(0.95 0.03246906722 -0.001417630091)
(0.9625 0.03246906722 -0.00141763009)
(0.975 0.03246906722 -0.001417630091)
(0.9875 0.03246906722 -0.001417630091)
(1 0.03246906722 -0.001417630091)
(1.0125 0.03246906722 -0.00141763009)
(1.025 0.03246906722 -0.00141763009)
(1.0375 0.03246906722 -0.00141763009)
(1.05 0.03246906722 -0.001417630091)
(1.0625 0.03246906722 -0.00141763009)
(1.075 0.03246906722 -0.00141763009)
(1.0875 0.03246906722 -0.00141763009)
(1.1 0.03246906722 -0.00141763009)
(1.1125 0.03246906722 -0.00141763009)
(1.125 0.03246906722 -0.00141763009)
(1.1375 0.03246906722 -0.00141763009)
(1.15 0.03246906722 -0.001417630091)
(1.1625 0.03246906722 -0.001417630091)
(1.175 0.03246906722 -0.00141763009)
(1.1875 0.03246906722 -0.001417630091)
(1.2 0.03246906722 -0.00141763009)
(1.2125 0.03246906722 -0.00141763009)
(1.225 0.03246906722 -0.00141763009)
(1.2375 0.03246906722 -0.00141763009)
(1.25 0.03246906722 -0.001417630091)
(1.2625 0.03246906722 -0.00141763009)
(1.275 0.03246906722 -0.00141763009)
(1.2875 0.03246906722 -0.00141763009)
(1.3 0.03246906722 -0.00141763009)
(1.3125 0.03246906722 -0.00141763009)
(1.325 0.03246906722 -0.00141763009)
(1.3375 0.03246906722 -0.00141763009)
(1.35 0.03246906722 -0.001417630091)
(1.3625 0.03246906722 -0.001417630091)
(1.375 0.03246906722 -0.001417630091)
(1.3875 0.03246906722 -0.001417630091)
(1.4 0.03246906722 -0.00141763009)
(1.4125 0.03246906722 -0.00141763009)
(1.425 0.03246906722 -0.00141763009)
(1.4375 0.03246906722 -0.001417630091)
(1.45 0.03246906722 -0.001417630091)
(1.4625 0.03246906722 -0.001417630091)
(1.475 0.03246906722 -0.00141763009)
(1.4875 0.03246906722 -0.001417630091)
(1.5 0.03246906722 -0.00141763009)
(1.5125 0.03246906722 -0.00141763009)
(1.525 0.03246906722 -0.00141763009)
(1.5375 0.03246906722 -0.00141763009)
(1.55 0.03246906722 -0.001417630091)
(1.5625 0.03246906722 -0.001417630091)
(1.575 0.03246906722 -0.001417630091)
(1.5875 0.03246906722 -0.001417630091)
(1.6 0.03246906722 -0.001417630091)
(1.6125 0.03246906722 -0.00141763009)
(1.625 0.03246906722 -0.00141763009)
(1.6375 0.03246906722 -0.001417630091)
(1.65 0.03246906722 -0.001417630091)
(1.6625 0.03246906722 -0.001417630091)
(1.675 0.03246906722 -0.00141763009)
(1.6875 0.03246906722 -0.001417630091)
(1.7 0.03246906722 -0.001417630091)
(1.7125 0.03246906722 -0.00141763009)
(1.725 0.03246906722 -0.00141763009)
(1.7375 0.03246906722 -0.001417630091)
(1.75 0.03246906722 -0.001417630091)
(1.7625 0.03246906722 -0.001417630091)
(1.775 0.03246906722 -0.001417630091)
(1.7875 0.03246906722 -0.001417630091)
(1.8 0.03246906722 -0.001417630091)
(1.8125 0.03246906722 -0.001417630091)
(1.825 0.03246906722 -0.00141763009)
(1.8375 0.03246906722 -0.001417630091)
(1.85 0.03246906722 -0.001417630091)
(1.8625 0.03246906722 -0.001417630091)
(1.875 0.03246906722 -0.001417630091)
(1.8875 0.03246906722 -0.00141763009)
(1.9 0.03246906722 -0.001417630091)
(1.9125 0.03246906722 -0.001417630091)
(1.925 0.03246906722 -0.001417630091)
(1.9375 0.03246906722 -0.001417630091)
(1.95 0.03246906722 -0.001417630091)
(1.9625 0.03246906722 -0.001417630091)
(1.975 0.03246906722 -0.001417630091)
(1.9875 0.03246906722 -0.001417630091)
(2 0.03246906722 -0.001417630091)
(2.0125 0.03246906722 -0.001417630091)
(2.025 0.03246906722 -0.001417630091)
(2.0375 0.03246906722 -0.001417630091)
(2.05 0.03246906722 -0.001417630091)
(2.0625 0.03246906722 -0.001417630091)
(2.075 0.03246906722 -0.001417630091)
(2.0875 0.03246906722 -0.00141763009)
(2.1 0.03246906722 -0.00141763009)
(2.1125 0.03246906722 -0.001417630091)
(2.125 0.03246906722 -0.001417630091)
(2.1375 0.03246906722 -0.001417630091)
(2.15 0.03246906722 -0.001417630091)
(2.1625 0.03246906722 -0.001417630091)
(2.175 0.03246906722 -0.001417630091)
(2.1875 0.03246906722 -0.00141763009)
(2.2 0.03246906722 -0.00141763009)
(2.2125 0.03246906722 -0.001417630091)
(2.225 0.03246906722 -0.001417630091)
(2.2375 0.03246906722 -0.001417630091)
(2.25 0.03246906722 -0.001417630091)
(2.2625 0.03246906722 -0.001417630091)
(2.275 0.03246906722 -0.001417630091)
(2.2875 0.03246906722 -0.00141763009)
(2.3 0.03246906722 -0.001417630091)
(2.3125 0.03246906722 -0.001417630091)
(2.325 0.03246906722 -0.001417630091)
(2.3375 0.03246906722 -0.001417630091)
(2.35 0.03246906722 -0.001417630091)
(2.3625 0.03246906722 -0.00141763009)
(2.375 0.03246906722 -0.00141763009)
(2.3875 0.03246906722 -0.001417630091)
(2.4 0.03246906722 -0.001417630091)
(2.4125 0.03246906722 -0.001417630091)
(2.425 0.03246906722 -0.001417630091)
(2.4375 0.03246906722 -0.001417630091)
(2.45 0.03246906722 -0.001417630091)
(2.4625 0.03246906722 -0.001417630091)
(2.475 0.03246906722 -0.001417630091)
(2.4875 0.03246906722 -0.001417630091)
(2.5 0.03246906722 -0.001417630091)
(2.5125 0.03246906722 -0.001417630091)
(2.525 0.03246906722 -0.001417630091)
(2.5375 0.03246906722 -0.001417630091)
(2.55 0.03246906722 -0.001417630091)
(2.5625 0.03246906722 -0.001417630091)
(2.575 0.03246906722 -0.00141763009)
(2.5875 0.03246906722 -0.001417630091)
(2.6 0.03246906722 -0.001417630091)
(2.6125 0.03246906722 -0.001417630091)
(2.625 0.03246906722 -0.001417630091)
(2.6375 0.03246906722 -0.001417630091)
(2.65 0.03246906722 -0.001417630091)
(2.6625 0.03246906722 -0.001417630091)
(2.675 0.03246906722 -0.001417630091)
(2.6875 0.03246906722 -0.001417630091)
(2.7 0.03246906722 -0.001417630091)
(2.7125 0.03246906722 -0.001417630091)
(2.725 0.03246906722 -0.001417630091)
(2.7375 0.03246906722 -0.001417630091)
(2.75 0.03246906722 -0.001417630091)
(2.7625 0.03246906722 -0.001417630091)
(2.775 0.03246906722 -0.001417630091)
(2.7875 0.03246906722 -0.001417630091)
(2.8 0.03246906722 -0.001417630091)
(2.8125 0.03246906722 -0.001417630091)
(2.825 0.03246906722 -0.001417630091)
(2.8375 0.03246906722 -0.001417630091)
(2.85 0.03246906722 -0.00141763009)
(2.8625 0.03246906722 -0.001417630091)
(2.875 0.03246906722 -0.001417630091)
(2.8875 0.03246906722 -0.001417630091)
(2.9 0.03246906722 -0.001417630091)
(2.9125 0.03246906722 -0.001417630091)
(2.925 0.03246906722 -0.001417630091)
(2.9375 0.03246906722 -0.001417630091)
(2.95 0.03246906722 -0.001417630091)
(2.9625 0.03246906722 -0.001417630091)
(2.975 0.03246906722 -0.001417630091)
(2.9875 0.03246906722 -0.001417630091)
(3 0.03246906722 -0.001417630091)
(0 0.03496668777 -0.001526678559)
(0.0125 0.03496668777 -0.001526678559)
(0.025 0.03496668777 -0.001526678559)
(0.0375 0.03496668777 -0.001526678559)
(0.05 0.03496668777 -0.001526678559)
(0.0625 0.03496668777 -0.001526678559)
(0.075 0.03496668777 -0.001526678559)
(0.0875 0.03496668777 -0.001526678559)
(0.1 0.03496668777 -0.001526678559)
(0.1125 0.03496668777 -0.001526678559)
(0.125 0.03496668777 -0.001526678559)
(0.1375 0.03496668777 -0.001526678559)
(0.15 0.03496668777 -0.001526678559)
(0.1625 0.03496668777 -0.001526678559)
(0.175 0.03496668777 -0.001526678559)
(0.1875 0.03496668777 -0.001526678559)
(0.2 0.03496668777 -0.001526678559)
(0.2125 0.03496668777 -0.001526678559)
(0.225 0.03496668777 -0.001526678559)
(0.2375 0.03496668777 -0.001526678559)
(0.25 0.03496668777 -0.001526678559)
(0.2625 0.03496668777 -0.001526678559)
(0.275 0.03496668777 -0.001526678559)
(0.2875 0.03496668777 -0.001526678559)
(0.3 0.03496668777 -0.001526678559)
(0.3125 0.03496668777 -0.001526678559)
(0.325 0.03496668777 -0.001526678559)
(0.3375 0.03496668777 -0.001526678559)
(0.35 0.03496668777 -0.001526678559)
(0.3625 0.03496668777 -0.001526678559)
(0.375 0.03496668777 -0.001526678559)
(0.3875 0.03496668777 -0.001526678559)
(0.4 0.03496668777 -0.001526678559)
(0.4125 0.03496668777 -0.001526678559)
(0.425 0.03496668777 -0.001526678559)
(0.4375 0.03496668777 -0.001526678559)
(0.45 0.03496668777 -0.001526678559)
(0.4625 0.03496668777 -0.001526678559)
(0.475 0.03496668777 -0.001526678559)
(0.4875 0.03496668777 -0.001526678559)
(0.5 0.03496668777 -0.001526678559)
(0.5125 0.03496668777 -0.001526678559)
(0.525 0.03496668777 -0.001526678559)
(0.5375 0.03496668777 -0.001526678559)
(0.55 0.03496668777 -0.001526678559)
(0.5625 0.03496668777 -0.001526678559)
(0.575 0.03496668777 -0.001526678559)
(0.5875 0.03496668777 -0.001526678559)
(0.6 0.03496668777 -0.001526678559)
(0.6125 0.03496668777 -0.001526678559)
(0.625 0.03496668777 -0.001526678559)
(0.6375 0.03496668777 -0.001526678559)
(0.65 0.03496668777 -0.001526678559)
(0.6625 0.03496668777 -0.001526678559)
(0.675 0.03496668777 -0.001526678559)
(0.6875 0.03496668777 -0.001526678559)
(0.7 0.03496668777 -0.001526678559)
(0.7125 0.03496668777 -0.001526678559)
(0.725 0.03496668777 -0.001526678559)
(0.7375 0.03496668777 -0.001526678559)
(0.75 0.03496668777 -0.001526678559)
(0.7625 0.03496668777 -0.001526678559)
(0.775 0.03496668777 -0.001526678559)
(0.7875 0.03496668777 -0.001526678559)
(0.8 0.03496668777 -0.001526678559)
(0.8125 0.03496668777 -0.001526678559)
(0.825 0.03496668777 -0.001526678559)
(0.8375 0.03496668777 -0.001526678559)
(0.85 0.03496668777 -0.001526678559)
(0.8625 0.03496668777 -0.001526678559)
(0.875 0.03496668777 -0.001526678559)
(0.8875 0.03496668777 -0.001526678559)
(0.9 0.03496668777 -0.001526678559)
(0.9125 0.03496668777 -0.001526678559)
(0.925 0.03496668777 -0.001526678559)
(0.9375 0.03496668777 -0.001526678559)
(0.95 0.03496668777 -0.001526678559)
(0.9625 0.03496668777 -0.001526678559)
(0.975 0.03496668777 -0.001526678559)
(0.9875 0.03496668777 -0.001526678559)
(1 0.03496668777 -0.001526678559)
(1.0125 0.03496668777 -0.001526678559)
(1.025 0.03496668777 -0.001526678559)
(1.0375 0.03496668777 -0.001526678559)
(1.05 0.03496668777 -0.001526678559)
(1.0625 0.03496668777 -0.001526678559)
(1.075 0.03496668777 -0.001526678559)
(1.0875 0.03496668777 -0.001526678559)
(1.1 0.03496668777 -0.001526678559)
(1.1125 0.03496668777 -0.001526678559)
(1.125 0.03496668777 -0.001526678559)
(1.1375 0.03496668777 -0.001526678559)
(1.15 0.03496668777 -0.001526678559)
(1.1625 0.03496668777 -0.001526678559)
(1.175 0.03496668777 -0.001526678559)
(1.1875 0.03496668777 -0.001526678559)
(1.2 0.03496668777 -0.001526678559)
(1.2125 0.03496668777 -0.001526678559)
(1.225 0.03496668777 -0.001526678559)
(1.2375 0.03496668777 -0.001526678559)
(1.25 0.03496668777 -0.001526678559)
(1.2625 0.03496668777 -0.001526678559)
(1.275 0.03496668777 -0.001526678559)
(1.2875 0.03496668777 -0.001526678559)
(1.3 0.03496668777 -0.001526678559)
(1.3125 0.03496668777 -0.001526678559)
(1.325 0.03496668777 -0.001526678559)
(1.3375 0.03496668777 -0.001526678559)
(1.35 0.03496668777 -0.001526678559)
(1.3625 0.03496668777 -0.001526678559)
(1.375 0.03496668777 -0.001526678559)
(1.3875 0.03496668777 -0.001526678559)
(1.4 0.03496668777 -0.001526678559)
(1.4125 0.03496668777 -0.001526678559)
(1.425 0.03496668777 -0.001526678559)
(1.4375 0.03496668777 -0.001526678559)
(1.45 0.03496668777 -0.001526678559)
(1.4625 0.03496668777 -0.001526678559)
(1.475 0.03496668777 -0.001526678559)
(1.4875 0.03496668777 -0.001526678559)
(1.5 0.03496668777 -0.001526678559)
(1.5125 0.03496668777 -0.001526678559)
(1.525 0.03496668777 -0.001526678559)
(1.5375 0.03496668777 -0.001526678559)
(1.55 0.03496668777 -0.001526678559)
(1.5625 0.03496668777 -0.001526678559)
(1.575 0.03496668777 -0.001526678559)
(1.5875 0.03496668777 -0.001526678559)
(1.6 0.03496668777 -0.001526678559)
(1.6125 0.03496668777 -0.001526678559)
(1.625 0.03496668777 -0.001526678559)
(1.6375 0.03496668777 -0.001526678559)
(1.65 0.03496668777 -0.001526678559)
(1.6625 0.03496668777 -0.001526678559)
(1.675 0.03496668777 -0.001526678559)
(1.6875 0.03496668777 -0.001526678559)
(1.7 0.03496668777 -0.001526678559)
(1.7125 0.03496668777 -0.001526678559)
(1.725 0.03496668777 -0.001526678559)
(1.7375 0.03496668777 -0.001526678559)
(1.75 0.03496668777 -0.001526678559)
(1.7625 0.03496668777 -0.001526678559)
(1.775 0.03496668777 -0.001526678559)
(1.7875 0.03496668777 -0.001526678559)
(1.8 0.03496668777 -0.001526678559)
(1.8125 0.03496668777 -0.001526678559)
(1.825 0.03496668777 -0.001526678559)
(1.8375 0.03496668777 -0.001526678559)
(1.85 0.03496668777 -0.001526678559)
(1.8625 0.03496668777 -0.001526678559)
(1.875 0.03496668777 -0.001526678559)
(1.8875 0.03496668777 -0.001526678559)
(1.9 0.03496668777 -0.001526678559)
(1.9125 0.03496668777 -0.001526678559)
(1.925 0.03496668777 -0.001526678559)
(1.9375 0.03496668777 -0.001526678559)
(1.95 0.03496668777 -0.001526678559)
(1.9625 0.03496668777 -0.001526678559)
(1.975 0.03496668777 -0.001526678559)
(1.9875 0.03496668777 -0.001526678559)
(2 0.03496668777 -0.001526678559)
(2.0125 0.03496668777 -0.001526678559)
(2.025 0.03496668777 -0.001526678559)
(2.0375 0.03496668777 -0.001526678559)
(2.05 0.03496668777 -0.001526678559)
(2.0625 0.03496668777 -0.001526678559)
(2.075 0.03496668777 -0.001526678559)
(2.0875 0.03496668777 -0.001526678559)
(2.1 0.03496668777 -0.001526678559)
(2.1125 0.03496668777 -0.001526678559)
(2.125 0.03496668777 -0.001526678559)
(2.1375 0.03496668777 -0.001526678559)
(2.15 0.03496668777 -0.001526678559)
(2.1625 0.03496668777 -0.001526678559)
(2.175 0.03496668777 -0.001526678559)
(2.1875 0.03496668777 -0.001526678559)
(2.2 0.03496668777 -0.001526678559)
(2.2125 0.03496668777 -0.001526678559)
(2.225 0.03496668777 -0.001526678559)
(2.2375 0.03496668777 -0.001526678559)
(2.25 0.03496668777 -0.001526678559)
(2.2625 0.03496668777 -0.001526678559)
(2.275 0.03496668777 -0.001526678559)
(2.2875 0.03496668777 -0.001526678559)
(2.3 0.03496668777 -0.001526678559)
(2.3125 0.03496668777 -0.001526678559)
(2.325 0.03496668777 -0.001526678559)
(2.3375 0.03496668777 -0.001526678559)
(2.35 0.03496668777 -0.001526678559)
(2.3625 0.03496668777 -0.001526678559)
(2.375 0.03496668777 -0.001526678559)
(2.3875 0.03496668777 -0.001526678559)
(2.4 0.03496668777 -0.001526678559)
(2.4125 0.03496668777 -0.001526678559)
(2.425 0.03496668777 -0.001526678559)
(2.4375 0.03496668777 -0.001526678559)
(2.45 0.03496668777 -0.001526678559)
(2.4625 0.03496668777 -0.001526678559)
(2.475 0.03496668777 -0.001526678559)
(2.4875 0.03496668777 -0.001526678559)
(2.5 0.03496668777 -0.001526678559)
(2.5125 0.03496668777 -0.001526678559)
(2.525 0.03496668777 -0.001526678559)
(2.5375 0.03496668777 -0.001526678559)
(2.55 0.03496668777 -0.001526678559)
(2.5625 0.03496668777 -0.001526678559)
(2.575 0.03496668777 -0.001526678559)
(2.5875 0.03496668777 -0.001526678559)
(2.6 0.03496668777 -0.001526678559)
(2.6125 0.03496668777 -0.001526678559)
(2.625 0.03496668777 -0.001526678559)
(2.6375 0.03496668777 -0.001526678559)
(2.65 0.03496668777 -0.001526678559)
(2.6625 0.03496668777 -0.001526678559)
(2.675 0.03496668777 -0.001526678559)
(2.6875 0.03496668777 -0.001526678559)
(2.7 0.03496668777 -0.001526678559)
(2.7125 0.03496668777 -0.001526678559)
(2.725 0.03496668777 -0.001526678559)
(2.7375 0.03496668777 -0.001526678559)
(2.75 0.03496668777 -0.001526678559)
(2.7625 0.03496668777 -0.001526678559)
(2.775 0.03496668777 -0.001526678559)
(2.7875 0.03496668777 -0.001526678559)
(2.8 0.03496668777 -0.001526678559)
(2.8125 0.03496668777 -0.001526678559)
(2.825 0.03496668777 -0.001526678559)
(2.8375 0.03496668777 -0.001526678559)
(2.85 0.03496668777 -0.001526678559)
(2.8625 0.03496668777 -0.001526678559)
(2.875 0.03496668777 -0.001526678559)
(2.8875 0.03496668777 -0.001526678559)
(2.9 0.03496668777 -0.001526678559)
(2.9125 0.03496668777 -0.001526678559)
(2.925 0.03496668777 -0.001526678559)
(2.9375 0.03496668777 -0.001526678559)
(2.95 0.03496668777 -0.001526678559)
(2.9625 0.03496668777 -0.001526678559)
(2.975 0.03496668777 -0.001526678559)
(2.9875 0.03496668777 -0.001526678559)
(3 0.03496668777 -0.001526678559)
(0 0.03746430833 -0.001635727027)
(0.0125 0.03746430833 -0.001635727027)
(0.025 0.03746430833 -0.001635727027)
(0.0375 0.03746430833 -0.001635727028)
(0.05 0.03746430833 -0.001635727027)
(0.0625 0.03746430833 -0.001635727027)
(0.075 0.03746430832 -0.001635727027)
(0.0875 0.03746430833 -0.001635727027)
(0.1 0.03746430833 -0.001635727027)
(0.1125 0.03746430833 -0.001635727027)
(0.125 0.03746430833 -0.001635727027)
(0.1375 0.03746430833 -0.001635727027)
(0.15 0.03746430833 -0.001635727027)
(0.1625 0.03746430833 -0.001635727027)
(0.175 0.03746430833 -0.001635727027)
(0.1875 0.03746430832 -0.001635727027)
(0.2 0.03746430833 -0.001635727027)
(0.2125 0.03746430833 -0.001635727027)
(0.225 0.03746430833 -0.001635727027)
(0.2375 0.03746430833 -0.001635727027)
(0.25 0.03746430833 -0.001635727027)
(0.2625 0.03746430833 -0.001635727027)
(0.275 0.03746430833 -0.001635727027)
(0.2875 0.03746430833 -0.001635727027)
(0.3 0.03746430832 -0.001635727027)
(0.3125 0.03746430833 -0.001635727027)
(0.325 0.03746430832 -0.001635727027)
(0.3375 0.03746430833 -0.001635727027)
(0.35 0.03746430833 -0.001635727027)
(0.3625 0.03746430833 -0.001635727027)
(0.375 0.03746430833 -0.001635727027)
(0.3875 0.03746430833 -0.001635727027)
(0.4 0.03746430833 -0.001635727027)
(0.4125 0.03746430833 -0.001635727027)
(0.425 0.03746430833 -0.001635727027)
(0.4375 0.03746430832 -0.001635727027)
(0.45 0.03746430833 -0.001635727027)
(0.4625 0.03746430833 -0.001635727027)
(0.475 0.03746430833 -0.001635727027)
(0.4875 0.03746430833 -0.001635727027)
(0.5 0.03746430833 -0.001635727027)
(0.5125 0.03746430833 -0.001635727027)
(0.525 0.03746430832 -0.001635727027)
(0.5375 0.03746430833 -0.001635727027)
(0.55 0.03746430833 -0.001635727027)
(0.5625 0.03746430833 -0.001635727027)
(0.575 0.03746430833 -0.001635727027)
(0.5875 0.03746430833 -0.001635727027)
(0.6 0.03746430833 -0.001635727027)
(0.6125 0.03746430833 -0.001635727027)
(0.625 0.03746430833 -0.001635727027)
(0.6375 0.03746430833 -0.001635727027)
(0.65 0.03746430833 -0.001635727027)
(0.6625 0.03746430833 -0.001635727027)
(0.675 0.03746430833 -0.001635727027)
(0.6875 0.03746430833 -0.001635727027)
(0.7 0.03746430833 -0.001635727027)
(0.7125 0.03746430833 -0.001635727027)
(0.725 0.03746430833 -0.001635727027)
(0.7375 0.03746430833 -0.001635727027)
(0.75 0.03746430833 -0.001635727027)
(0.7625 0.03746430833 -0.001635727027)
(0.775 0.03746430833 -0.001635727027)
(0.7875 0.03746430833 -0.001635727027)
(0.8 0.03746430833 -0.001635727027)
(0.8125 0.03746430833 -0.001635727027)
(0.825 0.03746430833 -0.001635727027)
(0.8375 0.03746430833 -0.001635727027)
(0.85 0.03746430833 -0.001635727027)
(0.8625 0.03746430833 -0.001635727027)
(0.875 0.03746430833 -0.001635727027)
(0.8875 0.03746430832 -0.001635727027)
(0.9 0.03746430833 -0.001635727027)
(0.9125 0.03746430833 -0.001635727027)
(0.925 0.03746430833 -0.001635727027)
(0.9375 0.03746430833 -0.001635727027)
(0.95 0.03746430833 -0.001635727027)
(0.9625 0.03746430833 -0.001635727027)
(0.975 0.03746430833 -0.001635727027)
(0.9875 0.03746430833 -0.001635727027)
(1 0.03746430833 -0.001635727027)
(1.0125 0.03746430833 -0.001635727027)
(1.025 0.03746430833 -0.001635727027)
(1.0375 0.03746430833 -0.001635727027)
(1.05 0.03746430833 -0.001635727027)
(1.0625 0.03746430833 -0.001635727027)
(1.075 0.03746430833 -0.001635727027)
(1.0875 0.03746430833 -0.001635727027)
(1.1 0.03746430833 -0.001635727027)
(1.1125 0.03746430833 -0.001635727027)
(1.125 0.03746430833 -0.001635727027)
(1.1375 0.03746430833 -0.001635727027)
(1.15 0.03746430833 -0.001635727027)
(1.1625 0.03746430833 -0.001635727027)
(1.175 0.03746430833 -0.001635727027)
(1.1875 0.03746430833 -0.001635727027)
(1.2 0.03746430833 -0.001635727027)
(1.2125 0.03746430833 -0.001635727027)
(1.225 0.03746430833 -0.001635727027)
(1.2375 0.03746430833 -0.001635727027)
(1.25 0.03746430833 -0.001635727027)
(1.2625 0.03746430833 -0.001635727027)
(1.275 0.03746430833 -0.001635727027)
(1.2875 0.03746430833 -0.001635727027)
(1.3 0.03746430833 -0.001635727027)
(1.3125 0.03746430833 -0.001635727027)
(1.325 0.03746430833 -0.001635727027)
(1.3375 0.03746430833 -0.001635727027)
(1.35 0.03746430833 -0.001635727027)
(1.3625 0.03746430833 -0.001635727027)
(1.375 0.03746430833 -0.001635727027)
(1.3875 0.03746430833 -0.001635727027)
(1.4 0.03746430833 -0.001635727027)
(1.4125 0.03746430833 -0.001635727027)
(1.425 0.03746430833 -0.001635727027)
(1.4375 0.03746430832 -0.001635727027)
(1.45 0.03746430833 -0.001635727027)
(1.4625 0.03746430833 -0.001635727027)
(1.475 0.03746430833 -0.001635727027)
(1.4875 0.03746430833 -0.001635727027)
(1.5 0.03746430833 -0.001635727027)
(1.5125 0.03746430833 -0.001635727027)
(1.525 0.03746430833 -0.001635727027)
(1.5375 0.03746430833 -0.001635727027)
(1.55 0.03746430833 -0.001635727027)
(1.5625 0.03746430833 -0.001635727027)
(1.575 0.03746430833 -0.001635727027)
(1.5875 0.03746430833 -0.001635727027)
(1.6 0.03746430833 -0.001635727027)
(1.6125 0.03746430833 -0.001635727027)
(1.625 0.03746430833 -0.001635727027)
(1.6375 0.03746430833 -0.001635727027)
(1.65 0.03746430833 -0.001635727027)
(1.6625 0.03746430833 -0.001635727027)
(1.675 0.03746430833 -0.001635727027)
(1.6875 0.03746430833 -0.001635727027)
(1.7 0.03746430833 -0.001635727027)
(1.7125 0.03746430833 -0.001635727027)
(1.725 0.03746430833 -0.001635727027)
(1.7375 0.03746430833 -0.001635727027)
(1.75 0.03746430833 -0.001635727027)
(1.7625 0.03746430833 -0.001635727027)
(1.775 0.03746430833 -0.001635727027)
(1.7875 0.03746430833 -0.001635727027)
(1.8 0.03746430833 -0.001635727027)
(1.8125 0.03746430833 -0.001635727027)
(1.825 0.03746430833 -0.001635727027)
(1.8375 0.03746430833 -0.001635727027)
(1.85 0.03746430833 -0.001635727027)
(1.8625 0.03746430833 -0.001635727027)
(1.875 0.03746430833 -0.001635727027)
(1.8875 0.03746430833 -0.001635727027)
(1.9 0.03746430833 -0.001635727027)
(1.9125 0.03746430833 -0.001635727027)
(1.925 0.03746430833 -0.001635727027)
(1.9375 0.03746430833 -0.001635727028)
(1.95 0.03746430833 -0.001635727027)
(1.9625 0.03746430833 -0.001635727027)
(1.975 0.03746430833 -0.001635727027)
(1.9875 0.03746430833 -0.001635727028)
(2 0.03746430833 -0.001635727027)
(2.0125 0.03746430833 -0.001635727027)
(2.025 0.03746430833 -0.001635727027)
(2.0375 0.03746430833 -0.001635727027)
(2.05 0.03746430833 -0.001635727027)
(2.0625 0.03746430833 -0.001635727027)
(2.075 0.03746430833 -0.001635727027)
(2.0875 0.03746430833 -0.001635727027)
(2.1 0.03746430833 -0.001635727027)
(2.1125 0.03746430833 -0.001635727027)
(2.125 0.03746430833 -0.001635727027)
(2.1375 0.03746430833 -0.001635727027)
(2.15 0.03746430833 -0.001635727027)
(2.1625 0.03746430833 -0.001635727027)
(2.175 0.03746430833 -0.001635727027)
(2.1875 0.03746430833 -0.001635727027)
(2.2 0.03746430833 -0.001635727027)
(2.2125 0.03746430833 -0.001635727028)
(2.225 0.03746430833 -0.001635727027)
(2.2375 0.03746430833 -0.001635727027)
(2.25 0.03746430833 -0.001635727027)
(2.2625 0.03746430833 -0.001635727028)
(2.275 0.03746430833 -0.001635727027)
(2.2875 0.03746430833 -0.001635727027)
(2.3 0.03746430833 -0.001635727027)
(2.3125 0.03746430833 -0.001635727027)
(2.325 0.03746430833 -0.001635727027)
(2.3375 0.03746430833 -0.001635727027)
(2.35 0.03746430833 -0.001635727027)
(2.3625 0.03746430833 -0.001635727027)
(2.375 0.03746430833 -0.001635727027)
(2.3875 0.03746430833 -0.001635727027)
(2.4 0.03746430833 -0.001635727027)
(2.4125 0.03746430833 -0.001635727027)
(2.425 0.03746430833 -0.001635727027)
(2.4375 0.03746430833 -0.001635727027)
(2.45 0.03746430833 -0.001635727027)
(2.4625 0.03746430833 -0.001635727027)
(2.475 0.03746430833 -0.001635727027)
(2.4875 0.03746430833 -0.001635727027)
(2.5 0.03746430833 -0.001635727027)
(2.5125 0.03746430833 -0.001635727027)
(2.525 0.03746430833 -0.001635727027)
(2.5375 0.03746430833 -0.001635727027)
(2.55 0.03746430833 -0.001635727027)
(2.5625 0.03746430833 -0.001635727027)
(2.575 0.03746430833 -0.001635727027)
(2.5875 0.03746430833 -0.001635727027)
(2.6 0.03746430833 -0.001635727027)
(2.6125 0.03746430833 -0.001635727027)
(2.625 0.03746430833 -0.001635727027)
(2.6375 0.03746430833 -0.001635727027)
(2.65 0.03746430833 -0.001635727027)
(2.6625 0.03746430833 -0.001635727027)
(2.675 0.03746430833 -0.001635727027)
(2.6875 0.03746430833 -0.001635727027)
(2.7 0.03746430833 -0.001635727027)
(2.7125 0.03746430833 -0.001635727027)
(2.725 0.03746430833 -0.001635727027)
(2.7375 0.03746430833 -0.001635727027)
(2.75 0.03746430833 -0.001635727027)
(2.7625 0.03746430833 -0.001635727027)
(2.775 0.03746430833 -0.001635727027)
(2.7875 0.03746430833 -0.001635727027)
(2.8 0.03746430833 -0.001635727027)
(2.8125 0.03746430832 -0.001635727027)
(2.825 0.03746430833 -0.001635727027)
(2.8375 0.03746430833 -0.001635727027)
(2.85 0.03746430833 -0.001635727027)
(2.8625 0.03746430833 -0.001635727027)
(2.875 0.03746430833 -0.001635727027)
(2.8875 0.03746430833 -0.001635727027)
(2.9 0.03746430833 -0.001635727027)
(2.9125 0.03746430833 -0.001635727027)
(2.925 0.03746430832 -0.001635727027)
(2.9375 0.03746430833 -0.001635727027)
(2.95 0.03746430833 -0.001635727027)
(2.9625 0.03746430833 -0.001635727027)
(2.975 0.03746430833 -0.001635727027)
(2.9875 0.03746430833 -0.001635727027)
(3 0.03746430833 -0.001635727027)
(0 0.03996192888 -0.001744775496)
(0.0125 0.03996192888 -0.001744775496)
(0.025 0.03996192888 -0.001744775496)
(0.0375 0.03996192888 -0.001744775496)
(0.05 0.03996192888 -0.001744775496)
(0.0625 0.03996192888 -0.001744775496)
(0.075 0.03996192888 -0.001744775496)
(0.0875 0.03996192888 -0.001744775496)
(0.1 0.03996192888 -0.001744775496)
(0.1125 0.03996192888 -0.001744775496)
(0.125 0.03996192888 -0.001744775496)
(0.1375 0.03996192888 -0.001744775496)
(0.15 0.03996192888 -0.001744775496)
(0.1625 0.03996192888 -0.001744775496)
(0.175 0.03996192888 -0.001744775496)
(0.1875 0.03996192888 -0.001744775496)
(0.2 0.03996192888 -0.001744775496)
(0.2125 0.03996192888 -0.001744775496)
(0.225 0.03996192888 -0.001744775496)
(0.2375 0.03996192888 -0.001744775496)
(0.25 0.03996192888 -0.001744775496)
(0.2625 0.03996192888 -0.001744775496)
(0.275 0.03996192888 -0.001744775496)
(0.2875 0.03996192888 -0.001744775496)
(0.3 0.03996192888 -0.001744775496)
(0.3125 0.03996192888 -0.001744775496)
(0.325 0.03996192888 -0.001744775496)
(0.3375 0.03996192888 -0.001744775496)
(0.35 0.03996192888 -0.001744775496)
(0.3625 0.03996192888 -0.001744775496)
(0.375 0.03996192888 -0.001744775496)
(0.3875 0.03996192888 -0.001744775496)
(0.4 0.03996192888 -0.001744775496)
(0.4125 0.03996192888 -0.001744775496)
(0.425 0.03996192888 -0.001744775496)
(0.4375 0.03996192888 -0.001744775496)
(0.45 0.03996192888 -0.001744775496)
(0.4625 0.03996192888 -0.001744775496)
(0.475 0.03996192888 -0.001744775496)
(0.4875 0.03996192888 -0.001744775496)
(0.5 0.03996192888 -0.001744775496)
(0.5125 0.03996192888 -0.001744775496)
(0.525 0.03996192888 -0.001744775496)
(0.5375 0.03996192888 -0.001744775496)
(0.55 0.03996192888 -0.001744775496)
(0.5625 0.03996192888 -0.001744775496)
(0.575 0.03996192888 -0.001744775496)
(0.5875 0.03996192888 -0.001744775496)
(0.6 0.03996192888 -0.001744775496)
(0.6125 0.03996192888 -0.001744775496)
(0.625 0.03996192888 -0.001744775496)
(0.6375 0.03996192888 -0.001744775496)
(0.65 0.03996192888 -0.001744775496)
(0.6625 0.03996192888 -0.001744775496)
(0.675 0.03996192888 -0.001744775496)
(0.6875 0.03996192888 -0.001744775496)
(0.7 0.03996192888 -0.001744775496)
(0.7125 0.03996192888 -0.001744775496)
(0.725 0.03996192888 -0.001744775496)
(0.7375 0.03996192888 -0.001744775496)
(0.75 0.03996192888 -0.001744775496)
(0.7625 0.03996192888 -0.001744775496)
(0.775 0.03996192888 -0.001744775496)
(0.7875 0.03996192888 -0.001744775496)
(0.8 0.03996192888 -0.001744775496)
(0.8125 0.03996192888 -0.001744775496)
(0.825 0.03996192888 -0.001744775496)
(0.8375 0.03996192888 -0.001744775496)
(0.85 0.03996192888 -0.001744775496)
(0.8625 0.03996192888 -0.001744775496)
(0.875 0.03996192888 -0.001744775496)
(0.8875 0.03996192888 -0.001744775496)
(0.9 0.03996192888 -0.001744775496)
(0.9125 0.03996192888 -0.001744775496)
(0.925 0.03996192888 -0.001744775496)
(0.9375 0.03996192888 -0.001744775496)
(0.95 0.03996192888 -0.001744775496)
(0.9625 0.03996192888 -0.001744775496)
(0.975 0.03996192888 -0.001744775496)
(0.9875 0.03996192888 -0.001744775496)
(1 0.03996192888 -0.001744775496)
(1.0125 0.03996192888 -0.001744775496)
(1.025 0.03996192888 -0.001744775496)
(1.0375 0.03996192888 -0.001744775496)
(1.05 0.03996192888 -0.001744775496)
(1.0625 0.03996192888 -0.001744775496)
(1.075 0.03996192888 -0.001744775496)
(1.0875 0.03996192888 -0.001744775496)
(1.1 0.03996192888 -0.001744775496)
(1.1125 0.03996192888 -0.001744775496)
(1.125 0.03996192888 -0.001744775496)
(1.1375 0.03996192888 -0.001744775496)
(1.15 0.03996192888 -0.001744775496)
(1.1625 0.03996192888 -0.001744775496)
(1.175 0.03996192888 -0.001744775496)
(1.1875 0.03996192888 -0.001744775496)
(1.2 0.03996192888 -0.001744775496)
(1.2125 0.03996192888 -0.001744775496)
(1.225 0.03996192888 -0.001744775496)
(1.2375 0.03996192888 -0.001744775496)
(1.25 0.03996192888 -0.001744775496)
(1.2625 0.03996192888 -0.001744775496)
(1.275 0.03996192888 -0.001744775496)
(1.2875 0.03996192888 -0.001744775496)
(1.3 0.03996192888 -0.001744775496)
(1.3125 0.03996192888 -0.001744775496)
(1.325 0.03996192888 -0.001744775496)
(1.3375 0.03996192888 -0.001744775496)
(1.35 0.03996192888 -0.001744775496)
(1.3625 0.03996192888 -0.001744775496)
(1.375 0.03996192888 -0.001744775496)
(1.3875 0.03996192888 -0.001744775496)
(1.4 0.03996192888 -0.001744775496)
(1.4125 0.03996192888 -0.001744775496)
(1.425 0.03996192888 -0.001744775496)
(1.4375 0.03996192888 -0.001744775496)
(1.45 0.03996192888 -0.001744775496)
(1.4625 0.03996192888 -0.001744775496)
(1.475 0.03996192888 -0.001744775496)
(1.4875 0.03996192888 -0.001744775496)
(1.5 0.03996192888 -0.001744775496)
(1.5125 0.03996192888 -0.001744775496)
(1.525 0.03996192888 -0.001744775496)
(1.5375 0.03996192888 -0.001744775496)
(1.55 0.03996192888 -0.001744775496)
(1.5625 0.03996192888 -0.001744775496)
(1.575 0.03996192888 -0.001744775496)
(1.5875 0.03996192888 -0.001744775496)
(1.6 0.03996192888 -0.001744775496)
(1.6125 0.03996192888 -0.001744775496)
(1.625 0.03996192888 -0.001744775496)
(1.6375 0.03996192888 -0.001744775496)
(1.65 0.03996192888 -0.001744775496)
(1.6625 0.03996192888 -0.001744775496)
(1.675 0.03996192888 -0.001744775496)
(1.6875 0.03996192888 -0.001744775496)
(1.7 0.03996192888 -0.001744775496)
(1.7125 0.03996192888 -0.001744775496)
(1.725 0.03996192888 -0.001744775496)
(1.7375 0.03996192888 -0.001744775496)
(1.75 0.03996192888 -0.001744775496)
(1.7625 0.03996192888 -0.001744775496)
(1.775 0.03996192888 -0.001744775496)
(1.7875 0.03996192888 -0.001744775496)
(1.8 0.03996192888 -0.001744775496)
(1.8125 0.03996192888 -0.001744775496)
(1.825 0.03996192888 -0.001744775496)
(1.8375 0.03996192888 -0.001744775496)
(1.85 0.03996192888 -0.001744775496)
(1.8625 0.03996192888 -0.001744775496)
(1.875 0.03996192888 -0.001744775496)
(1.8875 0.03996192888 -0.001744775496)
(1.9 0.03996192888 -0.001744775496)
(1.9125 0.03996192888 -0.001744775496)
(1.925 0.03996192888 -0.001744775496)
(1.9375 0.03996192888 -0.001744775496)
(1.95 0.03996192888 -0.001744775496)
(1.9625 0.03996192888 -0.001744775496)
(1.975 0.03996192888 -0.001744775496)
(1.9875 0.03996192888 -0.001744775496)
(2 0.03996192888 -0.001744775496)
(2.0125 0.03996192888 -0.001744775496)
(2.025 0.03996192888 -0.001744775496)
(2.0375 0.03996192888 -0.001744775496)
(2.05 0.03996192888 -0.001744775496)
(2.0625 0.03996192888 -0.001744775496)
(2.075 0.03996192888 -0.001744775496)
(2.0875 0.03996192888 -0.001744775496)
(2.1 0.03996192888 -0.001744775496)
(2.1125 0.03996192888 -0.001744775496)
(2.125 0.03996192888 -0.001744775496)
(2.1375 0.03996192888 -0.001744775496)
(2.15 0.03996192888 -0.001744775496)
(2.1625 0.03996192888 -0.001744775496)
(2.175 0.03996192888 -0.001744775496)
(2.1875 0.03996192888 -0.001744775496)
(2.2 0.03996192888 -0.001744775496)
(2.2125 0.03996192888 -0.001744775496)
(2.225 0.03996192888 -0.001744775496)
(2.2375 0.03996192888 -0.001744775496)
(2.25 0.03996192888 -0.001744775496)
(2.2625 0.03996192888 -0.001744775496)
(2.275 0.03996192888 -0.001744775496)
(2.2875 0.03996192888 -0.001744775496)
(2.3 0.03996192888 -0.001744775496)
(2.3125 0.03996192888 -0.001744775496)
(2.325 0.03996192888 -0.001744775496)
(2.3375 0.03996192888 -0.001744775496)
(2.35 0.03996192888 -0.001744775496)
(2.3625 0.03996192888 -0.001744775496)
(2.375 0.03996192888 -0.001744775496)
(2.3875 0.03996192888 -0.001744775496)
(2.4 0.03996192888 -0.001744775496)
(2.4125 0.03996192888 -0.001744775496)
(2.425 0.03996192888 -0.001744775496)
(2.4375 0.03996192888 -0.001744775496)
(2.45 0.03996192888 -0.001744775496)
(2.4625 0.03996192888 -0.001744775496)
(2.475 0.03996192888 -0.001744775496)
(2.4875 0.03996192888 -0.001744775496)
(2.5 0.03996192888 -0.001744775496)
(2.5125 0.03996192888 -0.001744775496)
(2.525 0.03996192888 -0.001744775496)
(2.5375 0.03996192888 -0.001744775496)
(2.55 0.03996192888 -0.001744775496)
(2.5625 0.03996192888 -0.001744775496)
(2.575 0.03996192888 -0.001744775496)
(2.5875 0.03996192888 -0.001744775496)
(2.6 0.03996192888 -0.001744775496)
(2.6125 0.03996192888 -0.001744775496)
(2.625 0.03996192888 -0.001744775496)
(2.6375 0.03996192888 -0.001744775496)
(2.65 0.03996192888 -0.001744775496)
(2.6625 0.03996192888 -0.001744775496)
(2.675 0.03996192888 -0.001744775496)
(2.6875 0.03996192888 -0.001744775496)
(2.7 0.03996192888 -0.001744775496)
(2.7125 0.03996192888 -0.001744775496)
(2.725 0.03996192888 -0.001744775496)
(2.7375 0.03996192888 -0.001744775496)
(2.75 0.03996192888 -0.001744775496)
(2.7625 0.03996192888 -0.001744775496)
(2.775 0.03996192888 -0.001744775496)
(2.7875 0.03996192888 -0.001744775496)
(2.8 0.03996192888 -0.001744775496)
(2.8125 0.03996192888 -0.001744775496)
(2.825 0.03996192888 -0.001744775496)
(2.8375 0.03996192888 -0.001744775496)
(2.85 0.03996192888 -0.001744775496)
(2.8625 0.03996192888 -0.001744775496)
(2.875 0.03996192888 -0.001744775496)
(2.8875 0.03996192888 -0.001744775496)
(2.9 0.03996192888 -0.001744775496)
(2.9125 0.03996192888 -0.001744775496)
(2.925 0.03996192888 -0.001744775496)
(2.9375 0.03996192888 -0.001744775496)
(2.95 0.03996192888 -0.001744775496)
(2.9625 0.03996192888 -0.001744775496)
(2.975 0.03996192888 -0.001744775496)
(2.9875 0.03996192888 -0.001744775496)
(3 0.03996192888 -0.001744775496)
(0 0.04245954944 -0.001853823964)
(0.0125 0.04245954944 -0.001853823964)
(0.025 0.04245954944 -0.001853823964)
(0.0375 0.04245954944 -0.001853823964)
(0.05 0.04245954944 -0.001853823964)
(0.0625 0.04245954943 -0.001853823964)
(0.075 0.04245954944 -0.001853823964)
(0.0875 0.04245954944 -0.001853823964)
(0.1 0.04245954944 -0.001853823964)
(0.1125 0.04245954944 -0.001853823964)
(0.125 0.04245954944 -0.001853823964)
(0.1375 0.04245954943 -0.001853823964)
(0.15 0.04245954943 -0.001853823964)
(0.1625 0.04245954944 -0.001853823964)
(0.175 0.04245954944 -0.001853823964)
(0.1875 0.04245954944 -0.001853823964)
(0.2 0.04245954944 -0.001853823964)
(0.2125 0.04245954943 -0.001853823964)
(0.225 0.04245954944 -0.001853823964)
(0.2375 0.04245954944 -0.001853823965)
(0.25 0.04245954944 -0.001853823964)
(0.2625 0.04245954944 -0.001853823964)
(0.275 0.04245954944 -0.001853823964)
(0.2875 0.04245954944 -0.001853823964)
(0.3 0.04245954944 -0.001853823964)
(0.3125 0.04245954944 -0.001853823964)
(0.325 0.04245954944 -0.001853823964)
(0.3375 0.04245954944 -0.001853823964)
(0.35 0.04245954944 -0.001853823964)
(0.3625 0.04245954944 -0.001853823964)
(0.375 0.04245954943 -0.001853823964)
(0.3875 0.04245954944 -0.001853823964)
(0.4 0.04245954944 -0.001853823965)
(0.4125 0.04245954944 -0.001853823964)
(0.425 0.04245954944 -0.001853823964)
(0.4375 0.04245954944 -0.001853823964)
(0.45 0.04245954943 -0.001853823964)
(0.4625 0.04245954944 -0.001853823964)
(0.475 0.04245954944 -0.001853823964)
(0.4875 0.04245954944 -0.001853823964)
(0.5 0.04245954944 -0.001853823964)
(0.5125 0.04245954944 -0.001853823964)
(0.525 0.04245954943 -0.001853823964)
(0.5375 0.04245954944 -0.001853823964)
(0.55 0.04245954944 -0.001853823964)
(0.5625 0.04245954944 -0.001853823964)
(0.575 0.04245954944 -0.001853823964)
(0.5875 0.04245954944 -0.001853823964)
(0.6 0.04245954944 -0.001853823964)
(0.6125 0.04245954944 -0.001853823964)
(0.625 0.04245954944 -0.001853823964)
(0.6375 0.04245954944 -0.001853823964)
(0.65 0.04245954944 -0.001853823964)
(0.6625 0.04245954944 -0.001853823964)
(0.675 0.04245954944 -0.001853823964)
(0.6875 0.04245954944 -0.001853823964)
(0.7 0.04245954944 -0.001853823964)
(0.7125 0.04245954944 -0.001853823964)
(0.725 0.04245954944 -0.001853823964)
(0.7375 0.04245954944 -0.001853823964)
(0.75 0.04245954944 -0.001853823964)
(0.7625 0.04245954943 -0.001853823964)
(0.775 0.04245954944 -0.001853823964)
(0.7875 0.04245954944 -0.001853823964)
(0.8 0.04245954944 -0.001853823964)
(0.8125 0.04245954944 -0.001853823964)
(0.825 0.04245954944 -0.001853823964)
(0.8375 0.04245954943 -0.001853823964)
(0.85 0.04245954944 -0.001853823964)
(0.8625 0.04245954944 -0.001853823964)
(0.875 0.04245954944 -0.001853823964)
(0.8875 0.04245954944 -0.001853823964)
(0.9 0.04245954944 -0.001853823964)
(0.9125 0.04245954943 -0.001853823964)
(0.925 0.04245954944 -0.001853823964)
(0.9375 0.04245954944 -0.001853823964)
(0.95 0.04245954944 -0.001853823964)
(0.9625 0.04245954944 -0.001853823964)
(0.975 0.04245954944 -0.001853823964)
(0.9875 0.04245954944 -0.001853823964)
(1 0.04245954944 -0.001853823964)
(1.0125 0.04245954944 -0.001853823964)
(1.025 0.04245954944 -0.001853823964)
(1.0375 0.04245954944 -0.001853823964)
(1.05 0.04245954944 -0.001853823964)
(1.0625 0.04245954944 -0.001853823964)
(1.075 0.04245954943 -0.001853823964)
(1.0875 0.04245954944 -0.001853823964)
(1.1 0.04245954944 -0.001853823964)
(1.1125 0.04245954944 -0.001853823964)
(1.125 0.04245954944 -0.001853823964)
(1.1375 0.04245954943 -0.001853823964)
(1.15 0.04245954944 -0.001853823964)
(1.1625 0.04245954944 -0.001853823964)
(1.175 0.04245954944 -0.001853823964)
(1.1875 0.04245954944 -0.001853823964)
(1.2 0.04245954944 -0.001853823964)
(1.2125 0.04245954944 -0.001853823964)
(1.225 0.04245954944 -0.001853823964)
(1.2375 0.04245954944 -0.001853823964)
(1.25 0.04245954944 -0.001853823964)
(1.2625 0.04245954944 -0.001853823964)
(1.275 0.04245954944 -0.001853823964)
(1.2875 0.04245954944 -0.001853823964)
(1.3 0.04245954943 -0.001853823964)
(1.3125 0.04245954944 -0.001853823964)
(1.325 0.04245954944 -0.001853823964)
(1.3375 0.04245954944 -0.001853823964)
(1.35 0.04245954944 -0.001853823964)
(1.3625 0.04245954944 -0.001853823964)
(1.375 0.04245954944 -0.001853823964)
(1.3875 0.04245954944 -0.001853823964)
(1.4 0.04245954944 -0.001853823964)
(1.4125 0.04245954944 -0.001853823964)
(1.425 0.04245954944 -0.001853823964)
(1.4375 0.04245954944 -0.001853823964)
(1.45 0.04245954944 -0.001853823964)
(1.4625 0.04245954944 -0.001853823964)
(1.475 0.04245954944 -0.001853823964)
(1.4875 0.04245954944 -0.001853823964)
(1.5 0.04245954944 -0.001853823964)
(1.5125 0.04245954944 -0.001853823964)
(1.525 0.04245954944 -0.001853823964)
(1.5375 0.04245954944 -0.001853823964)
(1.55 0.04245954944 -0.001853823964)
(1.5625 0.04245954944 -0.001853823964)
(1.575 0.04245954944 -0.001853823964)
(1.5875 0.04245954944 -0.001853823964)
(1.6 0.04245954944 -0.001853823964)
(1.6125 0.04245954944 -0.001853823964)
(1.625 0.04245954944 -0.001853823964)
(1.6375 0.04245954944 -0.001853823964)
(1.65 0.04245954944 -0.001853823964)
(1.6625 0.04245954944 -0.001853823964)
(1.675 0.04245954944 -0.001853823964)
(1.6875 0.04245954944 -0.001853823964)
(1.7 0.04245954944 -0.001853823964)
(1.7125 0.04245954944 -0.001853823964)
(1.725 0.04245954944 -0.001853823964)
(1.7375 0.04245954944 -0.001853823964)
(1.75 0.04245954944 -0.001853823964)
(1.7625 0.04245954944 -0.001853823964)
(1.775 0.04245954944 -0.001853823964)
(1.7875 0.04245954944 -0.001853823965)
(1.8 0.04245954944 -0.001853823964)
(1.8125 0.04245954944 -0.001853823964)
(1.825 0.04245954944 -0.001853823964)
(1.8375 0.04245954944 -0.001853823964)
(1.85 0.04245954944 -0.001853823964)
(1.8625 0.04245954944 -0.001853823964)
(1.875 0.04245954944 -0.001853823964)
(1.8875 0.04245954944 -0.001853823964)
(1.9 0.04245954944 -0.001853823964)
(1.9125 0.04245954944 -0.001853823964)
(1.925 0.04245954944 -0.001853823964)
(1.9375 0.04245954944 -0.001853823964)
(1.95 0.04245954944 -0.001853823964)
(1.9625 0.04245954944 -0.001853823964)
(1.975 0.04245954944 -0.001853823964)
(1.9875 0.04245954944 -0.001853823964)
(2 0.04245954944 -0.001853823964)
(2.0125 0.04245954944 -0.001853823964)
(2.025 0.04245954944 -0.001853823964)
(2.0375 0.04245954944 -0.001853823964)
(2.05 0.04245954944 -0.001853823964)
(2.0625 0.04245954944 -0.001853823964)
(2.075 0.04245954944 -0.001853823964)
(2.0875 0.04245954944 -0.001853823964)
(2.1 0.04245954944 -0.001853823964)
(2.1125 0.04245954944 -0.001853823964)
(2.125 0.04245954944 -0.001853823964)
(2.1375 0.04245954944 -0.001853823964)
(2.15 0.04245954944 -0.001853823964)
(2.1625 0.04245954944 -0.001853823964)
(2.175 0.04245954944 -0.001853823964)
(2.1875 0.04245954944 -0.001853823964)
(2.2 0.04245954944 -0.001853823964)
(2.2125 0.04245954944 -0.001853823964)
(2.225 0.04245954944 -0.001853823964)
(2.2375 0.04245954944 -0.001853823964)
(2.25 0.04245954944 -0.001853823964)
(2.2625 0.04245954944 -0.001853823964)
(2.275 0.04245954944 -0.001853823964)
(2.2875 0.04245954944 -0.001853823964)
(2.3 0.04245954943 -0.001853823964)
(2.3125 0.04245954944 -0.001853823964)
(2.325 0.04245954944 -0.001853823964)
(2.3375 0.04245954943 -0.001853823964)
(2.35 0.04245954944 -0.001853823964)
(2.3625 0.04245954944 -0.001853823964)
(2.375 0.04245954944 -0.001853823964)
(2.3875 0.04245954944 -0.001853823964)
(2.4 0.04245954944 -0.001853823964)
(2.4125 0.04245954944 -0.001853823964)
(2.425 0.04245954944 -0.001853823964)
(2.4375 0.04245954944 -0.001853823964)
(2.45 0.04245954944 -0.001853823964)
(2.4625 0.04245954944 -0.001853823964)
(2.475 0.04245954944 -0.001853823964)
(2.4875 0.04245954944 -0.001853823964)
(2.5 0.04245954944 -0.001853823964)
(2.5125 0.04245954944 -0.001853823964)
(2.525 0.04245954944 -0.001853823965)
(2.5375 0.04245954944 -0.001853823964)
(2.55 0.04245954944 -0.001853823964)
(2.5625 0.04245954943 -0.001853823964)
(2.575 0.04245954944 -0.001853823964)
(2.5875 0.04245954944 -0.001853823964)
(2.6 0.04245954944 -0.001853823964)
(2.6125 0.04245954944 -0.001853823964)
(2.625 0.04245954944 -0.001853823964)
(2.6375 0.04245954944 -0.001853823964)
(2.65 0.04245954944 -0.001853823964)
(2.6625 0.04245954944 -0.001853823964)
(2.675 0.04245954944 -0.001853823964)
(2.6875 0.04245954944 -0.001853823964)
(2.7 0.04245954944 -0.001853823964)
(2.7125 0.04245954944 -0.001853823964)
(2.725 0.04245954944 -0.001853823964)
(2.7375 0.04245954944 -0.001853823964)
(2.75 0.04245954944 -0.001853823964)
(2.7625 0.04245954944 -0.001853823964)
(2.775 0.04245954944 -0.001853823964)
(2.7875 0.04245954944 -0.001853823964)
(2.8 0.04245954944 -0.001853823964)
(2.8125 0.04245954944 -0.001853823964)
(2.825 0.04245954944 -0.001853823964)
(2.8375 0.04245954944 -0.001853823964)
(2.85 0.04245954944 -0.001853823965)
(2.8625 0.04245954943 -0.001853823964)
(2.875 0.04245954944 -0.001853823964)
(2.8875 0.04245954944 -0.001853823964)
(2.9 0.04245954944 -0.001853823964)
(2.9125 0.04245954944 -0.001853823964)
(2.925 0.04245954944 -0.001853823964)
(2.9375 0.04245954944 -0.001853823964)
(2.95 0.04245954944 -0.001853823964)
(2.9625 0.04245954943 -0.001853823964)
(2.975 0.04245954944 -0.001853823964)
(2.9875 0.04245954944 -0.001853823964)
(3 0.04245954944 -0.001853823964)
(0 0.04495716999 -0.001962872433)
(0.0125 0.04495716999 -0.001962872433)
(0.025 0.04495716999 -0.001962872433)
(0.0375 0.04495716999 -0.001962872433)
(0.05 0.04495716999 -0.001962872433)
(0.0625 0.04495716999 -0.001962872433)
(0.075 0.04495716999 -0.001962872433)
(0.0875 0.04495716999 -0.001962872433)
(0.1 0.04495716999 -0.001962872433)
(0.1125 0.04495716999 -0.001962872433)
(0.125 0.04495716999 -0.001962872433)
(0.1375 0.04495716999 -0.001962872433)
(0.15 0.04495716999 -0.001962872433)
(0.1625 0.04495716999 -0.001962872433)
(0.175 0.04495716999 -0.001962872433)
(0.1875 0.04495716999 -0.001962872433)
(0.2 0.04495716999 -0.001962872433)
(0.2125 0.04495716999 -0.001962872433)
(0.225 0.04495716999 -0.001962872433)
(0.2375 0.04495716999 -0.001962872433)
(0.25 0.04495716999 -0.001962872433)
(0.2625 0.04495716999 -0.001962872433)
(0.275 0.04495716999 -0.001962872433)
(0.2875 0.04495716999 -0.001962872433)
(0.3 0.04495716999 -0.001962872433)
(0.3125 0.04495716999 -0.001962872433)
(0.325 0.04495716999 -0.001962872433)
(0.3375 0.04495716999 -0.001962872433)
(0.35 0.04495716999 -0.001962872433)
(0.3625 0.04495716999 -0.001962872433)
(0.375 0.04495716999 -0.001962872433)
(0.3875 0.04495716999 -0.001962872433)
(0.4 0.04495716999 -0.001962872433)
(0.4125 0.04495716999 -0.001962872433)
(0.425 0.04495716999 -0.001962872433)
(0.4375 0.04495716999 -0.001962872433)
(0.45 0.04495716999 -0.001962872433)
(0.4625 0.04495716999 -0.001962872433)
(0.475 0.04495716999 -0.001962872433)
(0.4875 0.04495716999 -0.001962872433)
(0.5 0.04495716999 -0.001962872433)
(0.5125 0.04495716999 -0.001962872433)
(0.525 0.04495716999 -0.001962872433)
(0.5375 0.04495716999 -0.001962872433)
(0.55 0.04495716999 -0.001962872433)
(0.5625 0.04495716999 -0.001962872433)
(0.575 0.04495716999 -0.001962872433)
(0.5875 0.04495716999 -0.001962872433)
(0.6 0.04495716999 -0.001962872433)
(0.6125 0.04495716999 -0.001962872433)
(0.625 0.04495716999 -0.001962872433)
(0.6375 0.04495716999 -0.001962872433)
(0.65 0.04495716999 -0.001962872433)
(0.6625 0.04495716999 -0.001962872433)
(0.675 0.04495716999 -0.001962872433)
(0.6875 0.04495716999 -0.001962872433)
(0.7 0.04495716999 -0.001962872433)
(0.7125 0.04495716999 -0.001962872433)
(0.725 0.04495716999 -0.001962872433)
(0.7375 0.04495716999 -0.001962872433)
(0.75 0.04495716999 -0.001962872433)
(0.7625 0.04495716999 -0.001962872433)
(0.775 0.04495716999 -0.001962872433)
(0.7875 0.04495716999 -0.001962872433)
(0.8 0.04495716999 -0.001962872433)
(0.8125 0.04495716999 -0.001962872433)
(0.825 0.04495716999 -0.001962872433)
(0.8375 0.04495716999 -0.001962872433)
(0.85 0.04495716999 -0.001962872433)
(0.8625 0.04495716999 -0.001962872433)
(0.875 0.04495716999 -0.001962872433)
(0.8875 0.04495716999 -0.001962872433)
(0.9 0.04495716999 -0.001962872433)
(0.9125 0.04495716999 -0.001962872433)
(0.925 0.04495716999 -0.001962872433)
(0.9375 0.04495716999 -0.001962872433)
(0.95 0.04495716999 -0.001962872433)
(0.9625 0.04495716999 -0.001962872433)
(0.975 0.04495716999 -0.001962872433)
(0.9875 0.04495716999 -0.001962872433)
(1 0.04495716999 -0.001962872433)
(1.0125 0.04495716999 -0.001962872433)
(1.025 0.04495716999 -0.001962872433)
(1.0375 0.04495716999 -0.001962872433)
(1.05 0.04495716999 -0.001962872433)
(1.0625 0.04495716999 -0.001962872433)
(1.075 0.04495716999 -0.001962872433)
(1.0875 0.04495716999 -0.001962872433)
(1.1 0.04495716999 -0.001962872433)
(1.1125 0.04495716999 -0.001962872433)
(1.125 0.04495716999 -0.001962872433)
(1.1375 0.04495716999 -0.001962872433)
(1.15 0.04495716999 -0.001962872433)
(1.1625 0.04495716999 -0.001962872433)
(1.175 0.04495716999 -0.001962872433)
(1.1875 0.04495716999 -0.001962872433)
(1.2 0.04495716999 -0.001962872433)
(1.2125 0.04495716999 -0.001962872433)
(1.225 0.04495716999 -0.001962872433)
(1.2375 0.04495716999 -0.001962872433)
(1.25 0.04495716999 -0.001962872433)
(1.2625 0.04495716999 -0.001962872433)
(1.275 0.04495716999 -0.001962872433)
(1.2875 0.04495716999 -0.001962872433)
(1.3 0.04495716999 -0.001962872433)
(1.3125 0.04495716999 -0.001962872433)
(1.325 0.04495716999 -0.001962872433)
(1.3375 0.04495716999 -0.001962872433)
(1.35 0.04495716999 -0.001962872433)
(1.3625 0.04495716999 -0.001962872433)
(1.375 0.04495716999 -0.001962872433)
(1.3875 0.04495716999 -0.001962872433)
(1.4 0.04495716999 -0.001962872433)
(1.4125 0.04495716999 -0.001962872433)
(1.425 0.04495716999 -0.001962872433)
(1.4375 0.04495716999 -0.001962872433)
(1.45 0.04495716999 -0.001962872433)
(1.4625 0.04495716999 -0.001962872433)
(1.475 0.04495716999 -0.001962872433)
(1.4875 0.04495716999 -0.001962872433)
(1.5 0.04495716999 -0.001962872433)
(1.5125 0.04495716999 -0.001962872433)
(1.525 0.04495716999 -0.001962872433)
(1.5375 0.04495716999 -0.001962872433)
(1.55 0.04495716999 -0.001962872433)
(1.5625 0.04495716999 -0.001962872433)
(1.575 0.04495716999 -0.001962872433)
(1.5875 0.04495716999 -0.001962872433)
(1.6 0.04495716999 -0.001962872433)
(1.6125 0.04495716999 -0.001962872433)
(1.625 0.04495716999 -0.001962872433)
(1.6375 0.04495716999 -0.001962872433)
(1.65 0.04495716999 -0.001962872433)
(1.6625 0.04495716999 -0.001962872433)
(1.675 0.04495716999 -0.001962872433)
(1.6875 0.04495716999 -0.001962872433)
(1.7 0.04495716999 -0.001962872433)
(1.7125 0.04495716999 -0.001962872433)
(1.725 0.04495716999 -0.001962872433)
(1.7375 0.04495716999 -0.001962872433)
(1.75 0.04495716999 -0.001962872433)
(1.7625 0.04495716999 -0.001962872433)
(1.775 0.04495716999 -0.001962872433)
(1.7875 0.04495716999 -0.001962872433)
(1.8 0.04495716999 -0.001962872433)
(1.8125 0.04495716999 -0.001962872433)
(1.825 0.04495716999 -0.001962872433)
(1.8375 0.04495716999 -0.001962872433)
(1.85 0.04495716999 -0.001962872433)
(1.8625 0.04495716999 -0.001962872433)
(1.875 0.04495716999 -0.001962872433)
(1.8875 0.04495716999 -0.001962872433)
(1.9 0.04495716999 -0.001962872433)
(1.9125 0.04495716999 -0.001962872433)
(1.925 0.04495716999 -0.001962872433)
(1.9375 0.04495716999 -0.001962872433)
(1.95 0.04495716999 -0.001962872433)
(1.9625 0.04495716999 -0.001962872433)
(1.975 0.04495716999 -0.001962872433)
(1.9875 0.04495716999 -0.001962872433)
(2 0.04495716999 -0.001962872433)
(2.0125 0.04495716999 -0.001962872433)
(2.025 0.04495716999 -0.001962872433)
(2.0375 0.04495716999 -0.001962872433)
(2.05 0.04495716999 -0.001962872433)
(2.0625 0.04495716999 -0.001962872433)
(2.075 0.04495716999 -0.001962872433)
(2.0875 0.04495716999 -0.001962872433)
(2.1 0.04495716999 -0.001962872433)
(2.1125 0.04495716999 -0.001962872433)
(2.125 0.04495716999 -0.001962872433)
(2.1375 0.04495716999 -0.001962872433)
(2.15 0.04495716999 -0.001962872433)
(2.1625 0.04495716999 -0.001962872433)
(2.175 0.04495716999 -0.001962872433)
(2.1875 0.04495716999 -0.001962872433)
(2.2 0.04495716999 -0.001962872433)
(2.2125 0.04495716999 -0.001962872433)
(2.225 0.04495716999 -0.001962872433)
(2.2375 0.04495716999 -0.001962872433)
(2.25 0.04495716999 -0.001962872433)
(2.2625 0.04495716999 -0.001962872433)
(2.275 0.04495716999 -0.001962872433)
(2.2875 0.04495716999 -0.001962872433)
(2.3 0.04495716999 -0.001962872433)
(2.3125 0.04495716999 -0.001962872433)
(2.325 0.04495716999 -0.001962872433)
(2.3375 0.04495716999 -0.001962872433)
(2.35 0.04495716999 -0.001962872433)
(2.3625 0.04495716999 -0.001962872433)
(2.375 0.04495716999 -0.001962872433)
(2.3875 0.04495716999 -0.001962872433)
(2.4 0.04495716999 -0.001962872433)
(2.4125 0.04495716999 -0.001962872433)
(2.425 0.04495716999 -0.001962872433)
(2.4375 0.04495716999 -0.001962872433)
(2.45 0.04495716999 -0.001962872433)
(2.4625 0.04495716999 -0.001962872433)
(2.475 0.04495716999 -0.001962872433)
(2.4875 0.04495716999 -0.001962872433)
(2.5 0.04495716999 -0.001962872433)
(2.5125 0.04495716999 -0.001962872433)
(2.525 0.04495716999 -0.001962872433)
(2.5375 0.04495716999 -0.001962872433)
(2.55 0.04495716999 -0.001962872433)
(2.5625 0.04495716999 -0.001962872433)
(2.575 0.04495716999 -0.001962872433)
(2.5875 0.04495716999 -0.001962872433)
(2.6 0.04495716999 -0.001962872433)
(2.6125 0.04495716999 -0.001962872433)
(2.625 0.04495716999 -0.001962872433)
(2.6375 0.04495716999 -0.001962872433)
(2.65 0.04495716999 -0.001962872433)
(2.6625 0.04495716999 -0.001962872433)
(2.675 0.04495716999 -0.001962872433)
(2.6875 0.04495716999 -0.001962872433)
(2.7 0.04495716999 -0.001962872433)
(2.7125 0.04495716999 -0.001962872433)
(2.725 0.04495716999 -0.001962872433)
(2.7375 0.04495716999 -0.001962872433)
(2.75 0.04495716999 -0.001962872433)
(2.7625 0.04495716999 -0.001962872433)
(2.775 0.04495716999 -0.001962872433)
(2.7875 0.04495716999 -0.001962872433)
(2.8 0.04495716999 -0.001962872433)
(2.8125 0.04495716999 -0.001962872433)
(2.825 0.04495716999 -0.001962872433)
(2.8375 0.04495716999 -0.001962872433)
(2.85 0.04495716999 -0.001962872433)
(2.8625 0.04495716999 -0.001962872433)
(2.875 0.04495716999 -0.001962872433)
(2.8875 0.04495716999 -0.001962872433)
(2.9 0.04495716999 -0.001962872433)
(2.9125 0.04495716999 -0.001962872433)
(2.925 0.04495716999 -0.001962872433)
(2.9375 0.04495716999 -0.001962872433)
(2.95 0.04495716999 -0.001962872433)
(2.9625 0.04495716999 -0.001962872433)
(2.975 0.04495716999 -0.001962872433)
(2.9875 0.04495716999 -0.001962872433)
(3 0.04495716999 -0.001962872433)
(0 0.04745479054 -0.002071920901)
(0.0125 0.04745479054 -0.002071920901)
(0.025 0.04745479054 -0.002071920901)
(0.0375 0.04745479054 -0.002071920901)
(0.05 0.04745479054 -0.002071920901)
(0.0625 0.04745479054 -0.002071920902)
(0.075 0.04745479054 -0.002071920901)
(0.0875 0.04745479054 -0.002071920901)
(0.1 0.04745479055 -0.002071920901)
(0.1125 0.04745479054 -0.002071920901)
(0.125 0.04745479055 -0.002071920901)
(0.1375 0.04745479054 -0.002071920901)
(0.15 0.04745479055 -0.002071920901)
(0.1625 0.04745479054 -0.002071920901)
(0.175 0.04745479054 -0.002071920901)
(0.1875 0.04745479055 -0.002071920901)
(0.2 0.04745479054 -0.002071920901)
(0.2125 0.04745479055 -0.002071920901)
(0.225 0.04745479054 -0.002071920902)
(0.2375 0.04745479055 -0.002071920901)
(0.25 0.04745479054 -0.002071920901)
(0.2625 0.04745479055 -0.002071920901)
(0.275 0.04745479054 -0.002071920901)
(0.2875 0.04745479055 -0.002071920901)
(0.3 0.04745479054 -0.002071920901)
(0.3125 0.04745479055 -0.002071920902)
(0.325 0.04745479054 -0.002071920901)
(0.3375 0.04745479054 -0.002071920901)
(0.35 0.04745479054 -0.002071920901)
(0.3625 0.04745479054 -0.002071920901)
(0.375 0.04745479054 -0.002071920901)
(0.3875 0.04745479054 -0.002071920901)
(0.4 0.04745479055 -0.002071920901)
(0.4125 0.04745479054 -0.002071920901)
(0.425 0.04745479055 -0.002071920901)
(0.4375 0.04745479054 -0.002071920901)
(0.45 0.04745479055 -0.002071920901)
(0.4625 0.04745479054 -0.002071920901)
(0.475 0.04745479055 -0.002071920901)
(0.4875 0.04745479054 -0.002071920901)
(0.5 0.04745479054 -0.002071920901)
(0.5125 0.04745479054 -0.002071920901)
(0.525 0.04745479054 -0.002071920901)
(0.5375 0.04745479055 -0.002071920901)
(0.55 0.04745479054 -0.002071920901)
(0.5625 0.04745479055 -0.002071920901)
(0.575 0.04745479055 -0.002071920901)
(0.5875 0.04745479055 -0.002071920901)
(0.6 0.04745479054 -0.002071920901)
(0.6125 0.04745479055 -0.002071920901)
(0.625 0.04745479054 -0.002071920901)
(0.6375 0.04745479055 -0.002071920901)
(0.65 0.04745479054 -0.002071920901)
(0.6625 0.04745479054 -0.002071920901)
(0.675 0.04745479054 -0.002071920901)
(0.6875 0.04745479054 -0.002071920901)
(0.7 0.04745479054 -0.002071920901)
(0.7125 0.04745479054 -0.002071920901)
(0.725 0.04745479054 -0.002071920901)
(0.7375 0.04745479054 -0.002071920901)
(0.75 0.04745479054 -0.002071920901)
(0.7625 0.04745479054 -0.002071920901)
(0.775 0.04745479055 -0.002071920901)
(0.7875 0.04745479055 -0.002071920902)
(0.8 0.04745479055 -0.002071920901)
(0.8125 0.04745479054 -0.002071920901)
(0.825 0.04745479055 -0.002071920901)
(0.8375 0.04745479054 -0.002071920901)
(0.85 0.04745479054 -0.002071920901)
(0.8625 0.04745479055 -0.002071920901)
(0.875 0.04745479054 -0.002071920901)
(0.8875 0.04745479055 -0.002071920901)
(0.9 0.04745479054 -0.002071920901)
(0.9125 0.04745479055 -0.002071920901)
(0.925 0.04745479054 -0.002071920901)
(0.9375 0.04745479055 -0.002071920901)
(0.95 0.04745479054 -0.002071920901)
(0.9625 0.04745479055 -0.002071920901)
(0.975 0.04745479054 -0.002071920901)
(0.9875 0.04745479054 -0.002071920901)
(1 0.04745479055 -0.002071920902)
(1.0125 0.04745479055 -0.002071920901)
(1.025 0.04745479054 -0.002071920901)
(1.0375 0.04745479054 -0.002071920901)
(1.05 0.04745479054 -0.002071920901)
(1.0625 0.04745479055 -0.002071920901)
(1.075 0.04745479054 -0.002071920901)
(1.0875 0.04745479054 -0.002071920901)
(1.1 0.04745479055 -0.002071920901)
(1.1125 0.04745479054 -0.002071920901)
(1.125 0.04745479055 -0.002071920901)
(1.1375 0.04745479054 -0.002071920901)
(1.15 0.04745479055 -0.002071920901)
(1.1625 0.04745479055 -0.002071920901)
(1.175 0.04745479055 -0.002071920901)
(1.1875 0.04745479055 -0.002071920901)
(1.2 0.04745479054 -0.002071920901)
(1.2125 0.04745479055 -0.002071920901)
(1.225 0.04745479054 -0.002071920901)
(1.2375 0.04745479055 -0.002071920901)
(1.25 0.04745479054 -0.002071920901)
(1.2625 0.04745479055 -0.002071920901)
(1.275 0.04745479054 -0.002071920901)
(1.2875 0.04745479055 -0.002071920901)
(1.3 0.04745479054 -0.002071920901)
(1.3125 0.04745479054 -0.002071920901)
(1.325 0.04745479054 -0.002071920901)
(1.3375 0.04745479055 -0.002071920901)
(1.35 0.04745479054 -0.002071920901)
(1.3625 0.04745479054 -0.002071920901)
(1.375 0.04745479055 -0.002071920901)
(1.3875 0.04745479055 -0.002071920901)
(1.4 0.04745479054 -0.002071920901)
(1.4125 0.04745479054 -0.002071920901)
(1.425 0.04745479055 -0.002071920901)
(1.4375 0.04745479054 -0.002071920901)
(1.45 0.04745479054 -0.002071920901)
(1.4625 0.04745479054 -0.002071920901)
(1.475 0.04745479054 -0.002071920901)
(1.4875 0.04745479054 -0.002071920901)
(1.5 0.04745479055 -0.002071920901)
(1.5125 0.04745479054 -0.002071920901)
(1.525 0.04745479054 -0.002071920901)
(1.5375 0.04745479055 -0.002071920901)
(1.55 0.04745479055 -0.002071920901)
(1.5625 0.04745479054 -0.002071920901)
(1.575 0.04745479054 -0.002071920901)
(1.5875 0.04745479055 -0.002071920901)
(1.6 0.04745479054 -0.002071920901)
(1.6125 0.04745479055 -0.002071920901)
(1.625 0.04745479054 -0.002071920901)
(1.6375 0.04745479054 -0.002071920901)
(1.65 0.04745479054 -0.002071920901)
(1.6625 0.04745479055 -0.002071920901)
(1.675 0.04745479054 -0.002071920901)
(1.6875 0.04745479054 -0.002071920901)
(1.7 0.04745479055 -0.002071920901)
(1.7125 0.04745479054 -0.002071920901)
(1.725 0.04745479055 -0.002071920901)
(1.7375 0.04745479055 -0.002071920901)
(1.75 0.04745479054 -0.002071920901)
(1.7625 0.04745479054 -0.002071920901)
(1.775 0.04745479055 -0.002071920901)
(1.7875 0.04745479054 -0.002071920901)
(1.8 0.04745479054 -0.002071920901)
(1.8125 0.04745479054 -0.002071920901)
(1.825 0.04745479055 -0.002071920901)
(1.8375 0.04745479054 -0.002071920901)
(1.85 0.04745479054 -0.002071920901)
(1.8625 0.04745479054 -0.002071920901)
(1.875 0.04745479055 -0.002071920901)
(1.8875 0.04745479055 -0.002071920901)
(1.9 0.04745479054 -0.002071920901)
(1.9125 0.04745479054 -0.002071920901)
(1.925 0.04745479055 -0.002071920901)
(1.9375 0.04745479055 -0.002071920901)
(1.95 0.04745479054 -0.002071920901)
(1.9625 0.04745479054 -0.002071920901)
(1.975 0.04745479055 -0.002071920901)
(1.9875 0.04745479055 -0.002071920901)
(2 0.04745479055 -0.002071920901)
(2.0125 0.04745479054 -0.002071920901)
(2.025 0.04745479054 -0.002071920901)
(2.0375 0.04745479055 -0.002071920901)
(2.05 0.04745479054 -0.002071920901)
(2.0625 0.04745479054 -0.002071920901)
(2.075 0.04745479054 -0.002071920901)
(2.0875 0.04745479055 -0.002071920901)
(2.1 0.04745479055 -0.002071920901)
(2.1125 0.04745479054 -0.002071920901)
(2.125 0.04745479054 -0.002071920901)
(2.1375 0.04745479055 -0.002071920901)
(2.15 0.04745479055 -0.002071920901)
(2.1625 0.04745479054 -0.002071920901)
(2.175 0.04745479054 -0.002071920901)
(2.1875 0.04745479055 -0.002071920901)
(2.2 0.04745479055 -0.002071920901)
(2.2125 0.04745479054 -0.002071920901)
(2.225 0.04745479054 -0.002071920901)
(2.2375 0.04745479054 -0.002071920901)
(2.25 0.04745479054 -0.002071920901)
(2.2625 0.04745479055 -0.002071920901)
(2.275 0.04745479054 -0.002071920901)
(2.2875 0.04745479054 -0.002071920901)
(2.3 0.04745479055 -0.002071920901)
(2.3125 0.04745479055 -0.002071920901)
(2.325 0.04745479054 -0.002071920901)
(2.3375 0.04745479054 -0.002071920901)
(2.35 0.04745479054 -0.002071920901)
(2.3625 0.04745479055 -0.002071920901)
(2.375 0.04745479055 -0.002071920901)
(2.3875 0.04745479054 -0.002071920901)
(2.4 0.04745479055 -0.002071920901)
(2.4125 0.04745479055 -0.002071920901)
(2.425 0.04745479055 -0.002071920901)
(2.4375 0.04745479054 -0.002071920901)
(2.45 0.04745479054 -0.002071920901)
(2.4625 0.04745479054 -0.002071920901)
(2.475 0.04745479055 -0.002071920901)
(2.4875 0.04745479054 -0.002071920901)
(2.5 0.04745479054 -0.002071920901)
(2.5125 0.04745479055 -0.002071920901)
(2.525 0.04745479055 -0.002071920901)
(2.5375 0.04745479055 -0.002071920901)
(2.55 0.04745479054 -0.002071920902)
(2.5625 0.04745479054 -0.002071920901)
(2.575 0.04745479054 -0.002071920901)
(2.5875 0.04745479055 -0.002071920901)
(2.6 0.04745479054 -0.002071920901)
(2.6125 0.04745479055 -0.002071920901)
(2.625 0.04745479055 -0.002071920901)
(2.6375 0.04745479055 -0.002071920901)
(2.65 0.04745479055 -0.002071920901)
(2.6625 0.04745479054 -0.002071920901)
(2.675 0.04745479054 -0.002071920901)
(2.6875 0.04745479055 -0.002071920901)
(2.7 0.04745479054 -0.002071920901)
(2.7125 0.04745479054 -0.002071920901)
(2.725 0.04745479055 -0.002071920901)
(2.7375 0.04745479055 -0.002071920901)
(2.75 0.04745479055 -0.002071920901)
(2.7625 0.04745479054 -0.002071920901)
(2.775 0.04745479054 -0.002071920901)
(2.7875 0.04745479055 -0.002071920901)
(2.8 0.04745479055 -0.002071920901)
(2.8125 0.04745479054 -0.002071920901)
(2.825 0.04745479054 -0.002071920901)
(2.8375 0.04745479055 -0.002071920901)
(2.85 0.04745479055 -0.002071920901)
(2.8625 0.04745479054 -0.002071920901)
(2.875 0.04745479054 -0.002071920901)
(2.8875 0.04745479054 -0.002071920901)
(2.9 0.04745479055 -0.002071920901)
(2.9125 0.04745479055 -0.002071920901)
(2.925 0.04745479054 -0.002071920901)
(2.9375 0.04745479055 -0.002071920901)
(2.95 0.04745479055 -0.002071920901)
(2.9625 0.04745479055 -0.002071920901)
(2.975 0.04745479054 -0.002071920901)
(2.9875 0.04745479054 -0.002071920901)
(3 0.04745479054 -0.002071920901)
(0 0.0499524111 -0.00218096937)
(0.0125 0.0499524111 -0.00218096937)
(0.025 0.0499524111 -0.00218096937)
(0.0375 0.0499524111 -0.00218096937)
(0.05 0.0499524111 -0.00218096937)
(0.0625 0.0499524111 -0.00218096937)
(0.075 0.0499524111 -0.00218096937)
(0.0875 0.0499524111 -0.00218096937)
(0.1 0.0499524111 -0.00218096937)
(0.1125 0.0499524111 -0.00218096937)
(0.125 0.0499524111 -0.00218096937)
(0.1375 0.0499524111 -0.00218096937)
(0.15 0.0499524111 -0.00218096937)
(0.1625 0.0499524111 -0.00218096937)
(0.175 0.0499524111 -0.00218096937)
(0.1875 0.0499524111 -0.00218096937)
(0.2 0.0499524111 -0.00218096937)
(0.2125 0.0499524111 -0.00218096937)
(0.225 0.0499524111 -0.00218096937)
(0.2375 0.0499524111 -0.00218096937)
(0.25 0.0499524111 -0.00218096937)
(0.2625 0.0499524111 -0.00218096937)
(0.275 0.0499524111 -0.00218096937)
(0.2875 0.0499524111 -0.00218096937)
(0.3 0.0499524111 -0.00218096937)
(0.3125 0.0499524111 -0.00218096937)
(0.325 0.0499524111 -0.00218096937)
(0.3375 0.0499524111 -0.00218096937)
(0.35 0.0499524111 -0.00218096937)
(0.3625 0.0499524111 -0.00218096937)
(0.375 0.0499524111 -0.00218096937)
(0.3875 0.0499524111 -0.00218096937)
(0.4 0.0499524111 -0.00218096937)
(0.4125 0.0499524111 -0.00218096937)
(0.425 0.0499524111 -0.00218096937)
(0.4375 0.0499524111 -0.00218096937)
(0.45 0.0499524111 -0.00218096937)
(0.4625 0.0499524111 -0.00218096937)
(0.475 0.0499524111 -0.00218096937)
(0.4875 0.0499524111 -0.00218096937)
(0.5 0.0499524111 -0.00218096937)
(0.5125 0.0499524111 -0.00218096937)
(0.525 0.0499524111 -0.00218096937)
(0.5375 0.0499524111 -0.00218096937)
(0.55 0.0499524111 -0.00218096937)
(0.5625 0.0499524111 -0.00218096937)
(0.575 0.0499524111 -0.00218096937)
(0.5875 0.0499524111 -0.00218096937)
(0.6 0.0499524111 -0.00218096937)
(0.6125 0.0499524111 -0.00218096937)
(0.625 0.0499524111 -0.00218096937)
(0.6375 0.0499524111 -0.00218096937)
(0.65 0.0499524111 -0.00218096937)
(0.6625 0.0499524111 -0.00218096937)
(0.675 0.0499524111 -0.00218096937)
(0.6875 0.0499524111 -0.00218096937)
(0.7 0.0499524111 -0.00218096937)
(0.7125 0.0499524111 -0.00218096937)
(0.725 0.0499524111 -0.00218096937)
(0.7375 0.0499524111 -0.00218096937)
(0.75 0.0499524111 -0.00218096937)
(0.7625 0.0499524111 -0.00218096937)
(0.775 0.0499524111 -0.00218096937)
(0.7875 0.0499524111 -0.00218096937)
(0.8 0.0499524111 -0.00218096937)
(0.8125 0.0499524111 -0.00218096937)
(0.825 0.0499524111 -0.00218096937)
(0.8375 0.0499524111 -0.00218096937)
(0.85 0.0499524111 -0.00218096937)
(0.8625 0.0499524111 -0.00218096937)
(0.875 0.0499524111 -0.00218096937)
(0.8875 0.0499524111 -0.00218096937)
(0.9 0.0499524111 -0.00218096937)
(0.9125 0.0499524111 -0.00218096937)
(0.925 0.0499524111 -0.00218096937)
(0.9375 0.0499524111 -0.00218096937)
(0.95 0.0499524111 -0.00218096937)
(0.9625 0.0499524111 -0.00218096937)
(0.975 0.0499524111 -0.00218096937)
(0.9875 0.0499524111 -0.00218096937)
(1 0.0499524111 -0.00218096937)
(1.0125 0.0499524111 -0.00218096937)
(1.025 0.0499524111 -0.00218096937)
(1.0375 0.0499524111 -0.00218096937)
(1.05 0.0499524111 -0.00218096937)
(1.0625 0.0499524111 -0.00218096937)
(1.075 0.0499524111 -0.00218096937)
(1.0875 0.0499524111 -0.00218096937)
(1.1 0.0499524111 -0.00218096937)
(1.1125 0.0499524111 -0.00218096937)
(1.125 0.0499524111 -0.00218096937)
(1.1375 0.0499524111 -0.00218096937)
(1.15 0.0499524111 -0.00218096937)
(1.1625 0.0499524111 -0.00218096937)
(1.175 0.0499524111 -0.00218096937)
(1.1875 0.0499524111 -0.00218096937)
(1.2 0.0499524111 -0.00218096937)
(1.2125 0.0499524111 -0.00218096937)
(1.225 0.0499524111 -0.00218096937)
(1.2375 0.0499524111 -0.00218096937)
(1.25 0.0499524111 -0.00218096937)
(1.2625 0.0499524111 -0.00218096937)
(1.275 0.0499524111 -0.00218096937)
(1.2875 0.0499524111 -0.00218096937)
(1.3 0.0499524111 -0.00218096937)
(1.3125 0.0499524111 -0.00218096937)
(1.325 0.0499524111 -0.00218096937)
(1.3375 0.0499524111 -0.00218096937)
(1.35 0.0499524111 -0.00218096937)
(1.3625 0.0499524111 -0.00218096937)
(1.375 0.0499524111 -0.00218096937)
(1.3875 0.0499524111 -0.00218096937)
(1.4 0.0499524111 -0.00218096937)
(1.4125 0.0499524111 -0.00218096937)
(1.425 0.0499524111 -0.00218096937)
(1.4375 0.0499524111 -0.00218096937)
(1.45 0.0499524111 -0.00218096937)
(1.4625 0.0499524111 -0.00218096937)
(1.475 0.0499524111 -0.00218096937)
(1.4875 0.0499524111 -0.00218096937)
(1.5 0.0499524111 -0.00218096937)
(1.5125 0.0499524111 -0.00218096937)
(1.525 0.0499524111 -0.00218096937)
(1.5375 0.0499524111 -0.00218096937)
(1.55 0.0499524111 -0.00218096937)
(1.5625 0.0499524111 -0.00218096937)
(1.575 0.0499524111 -0.00218096937)
(1.5875 0.0499524111 -0.00218096937)
(1.6 0.0499524111 -0.00218096937)
(1.6125 0.0499524111 -0.00218096937)
(1.625 0.0499524111 -0.00218096937)
(1.6375 0.0499524111 -0.00218096937)
(1.65 0.0499524111 -0.00218096937)
(1.6625 0.0499524111 -0.00218096937)
(1.675 0.0499524111 -0.00218096937)
(1.6875 0.0499524111 -0.00218096937)
(1.7 0.0499524111 -0.00218096937)
(1.7125 0.0499524111 -0.00218096937)
(1.725 0.0499524111 -0.00218096937)
(1.7375 0.0499524111 -0.00218096937)
(1.75 0.0499524111 -0.00218096937)
(1.7625 0.0499524111 -0.00218096937)
(1.775 0.0499524111 -0.00218096937)
(1.7875 0.0499524111 -0.00218096937)
(1.8 0.0499524111 -0.00218096937)
(1.8125 0.0499524111 -0.00218096937)
(1.825 0.0499524111 -0.00218096937)
(1.8375 0.0499524111 -0.00218096937)
(1.85 0.0499524111 -0.00218096937)
(1.8625 0.0499524111 -0.00218096937)
(1.875 0.0499524111 -0.00218096937)
(1.8875 0.0499524111 -0.00218096937)
(1.9 0.0499524111 -0.00218096937)
(1.9125 0.0499524111 -0.00218096937)
(1.925 0.0499524111 -0.00218096937)
(1.9375 0.0499524111 -0.00218096937)
(1.95 0.0499524111 -0.00218096937)
(1.9625 0.0499524111 -0.00218096937)
(1.975 0.0499524111 -0.00218096937)
(1.9875 0.0499524111 -0.00218096937)
(2 0.0499524111 -0.00218096937)
(2.0125 0.0499524111 -0.00218096937)
(2.025 0.0499524111 -0.00218096937)
(2.0375 0.0499524111 -0.00218096937)
(2.05 0.0499524111 -0.00218096937)
(2.0625 0.0499524111 -0.00218096937)
(2.075 0.0499524111 -0.00218096937)
(2.0875 0.0499524111 -0.00218096937)
(2.1 0.0499524111 -0.00218096937)
(2.1125 0.0499524111 -0.00218096937)
(2.125 0.0499524111 -0.00218096937)
(2.1375 0.0499524111 -0.00218096937)
(2.15 0.0499524111 -0.00218096937)
(2.1625 0.0499524111 -0.00218096937)
(2.175 0.0499524111 -0.00218096937)
(2.1875 0.0499524111 -0.00218096937)
(2.2 0.0499524111 -0.00218096937)
(2.2125 0.0499524111 -0.00218096937)
(2.225 0.0499524111 -0.00218096937)
(2.2375 0.0499524111 -0.00218096937)
(2.25 0.0499524111 -0.00218096937)
(2.2625 0.0499524111 -0.00218096937)
(2.275 0.0499524111 -0.00218096937)
(2.2875 0.0499524111 -0.00218096937)
(2.3 0.0499524111 -0.00218096937)
(2.3125 0.0499524111 -0.00218096937)
(2.325 0.0499524111 -0.00218096937)
(2.3375 0.0499524111 -0.00218096937)
(2.35 0.0499524111 -0.00218096937)
(2.3625 0.0499524111 -0.00218096937)
(2.375 0.0499524111 -0.00218096937)
(2.3875 0.0499524111 -0.00218096937)
(2.4 0.0499524111 -0.00218096937)
(2.4125 0.0499524111 -0.00218096937)
(2.425 0.0499524111 -0.00218096937)
(2.4375 0.0499524111 -0.00218096937)
(2.45 0.0499524111 -0.00218096937)
(2.4625 0.0499524111 -0.00218096937)
(2.475 0.0499524111 -0.00218096937)
(2.4875 0.0499524111 -0.00218096937)
(2.5 0.0499524111 -0.00218096937)
(2.5125 0.0499524111 -0.00218096937)
(2.525 0.0499524111 -0.00218096937)
(2.5375 0.0499524111 -0.00218096937)
(2.55 0.0499524111 -0.00218096937)
(2.5625 0.0499524111 -0.00218096937)
(2.575 0.0499524111 -0.00218096937)
(2.5875 0.0499524111 -0.00218096937)
(2.6 0.0499524111 -0.00218096937)
(2.6125 0.0499524111 -0.00218096937)
(2.625 0.0499524111 -0.00218096937)
(2.6375 0.0499524111 -0.00218096937)
(2.65 0.0499524111 -0.00218096937)
(2.6625 0.0499524111 -0.00218096937)
(2.675 0.0499524111 -0.00218096937)
(2.6875 0.0499524111 -0.00218096937)
(2.7 0.0499524111 -0.00218096937)
(2.7125 0.0499524111 -0.00218096937)
(2.725 0.0499524111 -0.00218096937)
(2.7375 0.0499524111 -0.00218096937)
(2.75 0.0499524111 -0.00218096937)
(2.7625 0.0499524111 -0.00218096937)
(2.775 0.0499524111 -0.00218096937)
(2.7875 0.0499524111 -0.00218096937)
(2.8 0.0499524111 -0.00218096937)
(2.8125 0.0499524111 -0.00218096937)
(2.825 0.0499524111 -0.00218096937)
(2.8375 0.0499524111 -0.00218096937)
(2.85 0.0499524111 -0.00218096937)
(2.8625 0.0499524111 -0.00218096937)
(2.875 0.0499524111 -0.00218096937)
(2.8875 0.0499524111 -0.00218096937)
(2.9 0.0499524111 -0.00218096937)
(2.9125 0.0499524111 -0.00218096937)
(2.925 0.0499524111 -0.00218096937)
(2.9375 0.0499524111 -0.00218096937)
(2.95 0.0499524111 -0.00218096937)
(2.9625 0.0499524111 -0.00218096937)
(2.975 0.0499524111 -0.00218096937)
(2.9875 0.0499524111 -0.00218096937)
(3 0.0499524111 -0.00218096937)
(0 0.002497620555 0.0001090484685)
(0.0125 0.002497620555 0.0001090484685)
(0.025 0.002497620555 0.0001090484685)
(0.0375 0.002497620555 0.0001090484685)
(0.05 0.002497620555 0.0001090484685)
(0.0625 0.002497620555 0.0001090484685)
(0.075 0.002497620555 0.0001090484685)
(0.0875 0.002497620555 0.0001090484685)
(0.1 0.002497620555 0.0001090484685)
(0.1125 0.002497620555 0.0001090484685)
(0.125 0.002497620555 0.0001090484685)
(0.1375 0.002497620555 0.0001090484685)
(0.15 0.002497620555 0.0001090484685)
(0.1625 0.002497620555 0.0001090484685)
(0.175 0.002497620555 0.0001090484685)
(0.1875 0.002497620555 0.0001090484685)
(0.2 0.002497620555 0.0001090484685)
(0.2125 0.002497620555 0.0001090484685)
(0.225 0.002497620555 0.0001090484685)
(0.2375 0.002497620555 0.0001090484685)
(0.25 0.002497620555 0.0001090484685)
(0.2625 0.002497620555 0.0001090484685)
(0.275 0.002497620555 0.0001090484685)
(0.2875 0.002497620555 0.0001090484685)
(0.3 0.002497620555 0.0001090484685)
(0.3125 0.002497620555 0.0001090484685)
(0.325 0.002497620555 0.0001090484685)
(0.3375 0.002497620555 0.0001090484685)
(0.35 0.002497620555 0.0001090484685)
(0.3625 0.002497620555 0.0001090484685)
(0.375 0.002497620555 0.0001090484685)
(0.3875 0.002497620555 0.0001090484685)
(0.4 0.002497620555 0.0001090484685)
(0.4125 0.002497620555 0.0001090484685)
(0.425 0.002497620555 0.0001090484685)
(0.4375 0.002497620555 0.0001090484685)
(0.45 0.002497620555 0.0001090484685)
(0.4625 0.002497620555 0.0001090484685)
(0.475 0.002497620555 0.0001090484685)
(0.4875 0.002497620555 0.0001090484685)
(0.5 0.002497620555 0.0001090484685)
(0.5125 0.002497620555 0.0001090484685)
(0.525 0.002497620555 0.0001090484685)
(0.5375 0.002497620555 0.0001090484685)
(0.55 0.002497620555 0.0001090484685)
(0.5625 0.002497620555 0.0001090484685)
(0.575 0.002497620555 0.0001090484685)
(0.5875 0.002497620555 0.0001090484685)
(0.6 0.002497620555 0.0001090484685)
(0.6125 0.002497620555 0.0001090484685)
(0.625 0.002497620555 0.0001090484685)
(0.6375 0.002497620555 0.0001090484685)
(0.65 0.002497620555 0.0001090484685)
(0.6625 0.002497620555 0.0001090484685)
(0.675 0.002497620555 0.0001090484685)
(0.6875 0.002497620555 0.0001090484685)
(0.7 0.002497620555 0.0001090484685)
(0.7125 0.002497620555 0.0001090484685)
(0.725 0.002497620555 0.0001090484685)
(0.7375 0.002497620555 0.0001090484685)
(0.75 0.002497620555 0.0001090484685)
(0.7625 0.002497620555 0.0001090484685)
(0.775 0.002497620555 0.0001090484685)
(0.7875 0.002497620555 0.0001090484685)
(0.8 0.002497620555 0.0001090484685)
(0.8125 0.002497620555 0.0001090484685)
(0.825 0.002497620555 0.0001090484685)
(0.8375 0.002497620555 0.0001090484685)
(0.85 0.002497620555 0.0001090484685)
(0.8625 0.002497620555 0.0001090484685)
(0.875 0.002497620555 0.0001090484685)
(0.8875 0.002497620555 0.0001090484685)
(0.9 0.002497620555 0.0001090484685)
(0.9125 0.002497620555 0.0001090484685)
(0.925 0.002497620555 0.0001090484685)
(0.9375 0.002497620555 0.0001090484685)
(0.95 0.002497620555 0.0001090484685)
(0.9625 0.002497620555 0.0001090484685)
(0.975 0.002497620555 0.0001090484685)
(0.9875 0.002497620555 0.0001090484685)
(1 0.002497620555 0.0001090484685)
(1.0125 0.002497620555 0.0001090484685)
(1.025 0.002497620555 0.0001090484685)
(1.0375 0.002497620555 0.0001090484685)
(1.05 0.002497620555 0.0001090484685)
(1.0625 0.002497620555 0.0001090484685)
(1.075 0.002497620555 0.0001090484685)
(1.0875 0.002497620555 0.0001090484685)
(1.1 0.002497620555 0.0001090484685)
(1.1125 0.002497620555 0.0001090484685)
(1.125 0.002497620555 0.0001090484685)
(1.1375 0.002497620555 0.0001090484685)
(1.15 0.002497620555 0.0001090484685)
(1.1625 0.002497620555 0.0001090484685)
(1.175 0.002497620555 0.0001090484685)
(1.1875 0.002497620555 0.0001090484685)
(1.2 0.002497620555 0.0001090484685)
(1.2125 0.002497620555 0.0001090484685)
(1.225 0.002497620555 0.0001090484685)
(1.2375 0.002497620555 0.0001090484685)
(1.25 0.002497620555 0.0001090484685)
(1.2625 0.002497620555 0.0001090484685)
(1.275 0.002497620555 0.0001090484685)
(1.2875 0.002497620555 0.0001090484685)
(1.3 0.002497620555 0.0001090484685)
(1.3125 0.002497620555 0.0001090484685)
(1.325 0.002497620555 0.0001090484685)
(1.3375 0.002497620555 0.0001090484685)
(1.35 0.002497620555 0.0001090484685)
(1.3625 0.002497620555 0.0001090484685)
(1.375 0.002497620555 0.0001090484685)
(1.3875 0.002497620555 0.0001090484685)
(1.4 0.002497620555 0.0001090484685)
(1.4125 0.002497620555 0.0001090484685)
(1.425 0.002497620555 0.0001090484685)
(1.4375 0.002497620555 0.0001090484685)
(1.45 0.002497620555 0.0001090484685)
(1.4625 0.002497620555 0.0001090484685)
(1.475 0.002497620555 0.0001090484685)
(1.4875 0.002497620555 0.0001090484685)
(1.5 0.002497620555 0.0001090484685)
(1.5125 0.002497620555 0.0001090484685)
(1.525 0.002497620555 0.0001090484685)
(1.5375 0.002497620555 0.0001090484685)
(1.55 0.002497620555 0.0001090484685)
(1.5625 0.002497620555 0.0001090484685)
(1.575 0.002497620555 0.0001090484685)
(1.5875 0.002497620555 0.0001090484685)
(1.6 0.002497620555 0.0001090484685)
(1.6125 0.002497620555 0.0001090484685)
(1.625 0.002497620555 0.0001090484685)
(1.6375 0.002497620555 0.0001090484685)
(1.65 0.002497620555 0.0001090484685)
(1.6625 0.002497620555 0.0001090484685)
(1.675 0.002497620555 0.0001090484685)
(1.6875 0.002497620555 0.0001090484685)
(1.7 0.002497620555 0.0001090484685)
(1.7125 0.002497620555 0.0001090484685)
(1.725 0.002497620555 0.0001090484685)
(1.7375 0.002497620555 0.0001090484685)
(1.75 0.002497620555 0.0001090484685)
(1.7625 0.002497620555 0.0001090484685)
(1.775 0.002497620555 0.0001090484685)
(1.7875 0.002497620555 0.0001090484685)
(1.8 0.002497620555 0.0001090484685)
(1.8125 0.002497620555 0.0001090484685)
(1.825 0.002497620555 0.0001090484685)
(1.8375 0.002497620555 0.0001090484685)
(1.85 0.002497620555 0.0001090484685)
(1.8625 0.002497620555 0.0001090484685)
(1.875 0.002497620555 0.0001090484685)
(1.8875 0.002497620555 0.0001090484685)
(1.9 0.002497620555 0.0001090484685)
(1.9125 0.002497620555 0.0001090484685)
(1.925 0.002497620555 0.0001090484685)
(1.9375 0.002497620555 0.0001090484685)
(1.95 0.002497620555 0.0001090484685)
(1.9625 0.002497620555 0.0001090484685)
(1.975 0.002497620555 0.0001090484685)
(1.9875 0.002497620555 0.0001090484685)
(2 0.002497620555 0.0001090484685)
(2.0125 0.002497620555 0.0001090484685)
(2.025 0.002497620555 0.0001090484685)
(2.0375 0.002497620555 0.0001090484685)
(2.05 0.002497620555 0.0001090484685)
(2.0625 0.002497620555 0.0001090484685)
(2.075 0.002497620555 0.0001090484685)
(2.0875 0.002497620555 0.0001090484685)
(2.1 0.002497620555 0.0001090484685)
(2.1125 0.002497620555 0.0001090484685)
(2.125 0.002497620555 0.0001090484685)
(2.1375 0.002497620555 0.0001090484685)
(2.15 0.002497620555 0.0001090484685)
(2.1625 0.002497620555 0.0001090484685)
(2.175 0.002497620555 0.0001090484685)
(2.1875 0.002497620555 0.0001090484685)
(2.2 0.002497620555 0.0001090484685)
(2.2125 0.002497620555 0.0001090484685)
(2.225 0.002497620555 0.0001090484685)
(2.2375 0.002497620555 0.0001090484685)
(2.25 0.002497620555 0.0001090484685)
(2.2625 0.002497620555 0.0001090484685)
(2.275 0.002497620555 0.0001090484685)
(2.2875 0.002497620555 0.0001090484685)
(2.3 0.002497620555 0.0001090484685)
(2.3125 0.002497620555 0.0001090484685)
(2.325 0.002497620555 0.0001090484685)
(2.3375 0.002497620555 0.0001090484685)
(2.35 0.002497620555 0.0001090484685)
(2.3625 0.002497620555 0.0001090484685)
(2.375 0.002497620555 0.0001090484685)
(2.3875 0.002497620555 0.0001090484685)
(2.4 0.002497620555 0.0001090484685)
(2.4125 0.002497620555 0.0001090484685)
(2.425 0.002497620555 0.0001090484685)
(2.4375 0.002497620555 0.0001090484685)
(2.45 0.002497620555 0.0001090484685)
(2.4625 0.002497620555 0.0001090484685)
(2.475 0.002497620555 0.0001090484685)
(2.4875 0.002497620555 0.0001090484685)
(2.5 0.002497620555 0.0001090484685)
(2.5125 0.002497620555 0.0001090484685)
(2.525 0.002497620555 0.0001090484685)
(2.5375 0.002497620555 0.0001090484685)
(2.55 0.002497620555 0.0001090484685)
(2.5625 0.002497620555 0.0001090484685)
(2.575 0.002497620555 0.0001090484685)
(2.5875 0.002497620555 0.0001090484685)
(2.6 0.002497620555 0.0001090484685)
(2.6125 0.002497620555 0.0001090484685)
(2.625 0.002497620555 0.0001090484685)
(2.6375 0.002497620555 0.0001090484685)
(2.65 0.002497620555 0.0001090484685)
(2.6625 0.002497620555 0.0001090484685)
(2.675 0.002497620555 0.0001090484685)
(2.6875 0.002497620555 0.0001090484685)
(2.7 0.002497620555 0.0001090484685)
(2.7125 0.002497620555 0.0001090484685)
(2.725 0.002497620555 0.0001090484685)
(2.7375 0.002497620555 0.0001090484685)
(2.75 0.002497620555 0.0001090484685)
(2.7625 0.002497620555 0.0001090484685)
(2.775 0.002497620555 0.0001090484685)
(2.7875 0.002497620555 0.0001090484685)
(2.8 0.002497620555 0.0001090484685)
(2.8125 0.002497620555 0.0001090484685)
(2.825 0.002497620555 0.0001090484685)
(2.8375 0.002497620555 0.0001090484685)
(2.85 0.002497620555 0.0001090484685)
(2.8625 0.002497620555 0.0001090484685)
(2.875 0.002497620555 0.0001090484685)
(2.8875 0.002497620555 0.0001090484685)
(2.9 0.002497620555 0.0001090484685)
(2.9125 0.002497620555 0.0001090484685)
(2.925 0.002497620555 0.0001090484685)
(2.9375 0.002497620555 0.0001090484685)
(2.95 0.002497620555 0.0001090484685)
(2.9625 0.002497620555 0.0001090484685)
(2.975 0.002497620555 0.0001090484685)
(2.9875 0.002497620555 0.0001090484685)
(3 0.002497620555 0.0001090484685)
(0 0.00499524111 0.000218096937)
(0.0125 0.00499524111 0.000218096937)
(0.025 0.00499524111 0.000218096937)
(0.0375 0.00499524111 0.000218096937)
(0.05 0.00499524111 0.000218096937)
(0.0625 0.00499524111 0.000218096937)
(0.075 0.00499524111 0.000218096937)
(0.0875 0.00499524111 0.000218096937)
(0.1 0.00499524111 0.000218096937)
(0.1125 0.00499524111 0.000218096937)
(0.125 0.00499524111 0.000218096937)
(0.1375 0.00499524111 0.000218096937)
(0.15 0.00499524111 0.000218096937)
(0.1625 0.00499524111 0.000218096937)
(0.175 0.00499524111 0.000218096937)
(0.1875 0.00499524111 0.000218096937)
(0.2 0.00499524111 0.000218096937)
(0.2125 0.00499524111 0.000218096937)
(0.225 0.00499524111 0.000218096937)
(0.2375 0.00499524111 0.000218096937)
(0.25 0.00499524111 0.000218096937)
(0.2625 0.00499524111 0.000218096937)
(0.275 0.00499524111 0.000218096937)
(0.2875 0.00499524111 0.000218096937)
(0.3 0.00499524111 0.000218096937)
(0.3125 0.00499524111 0.000218096937)
(0.325 0.00499524111 0.000218096937)
(0.3375 0.00499524111 0.000218096937)
(0.35 0.00499524111 0.000218096937)
(0.3625 0.00499524111 0.000218096937)
(0.375 0.00499524111 0.000218096937)
(0.3875 0.00499524111 0.000218096937)
(0.4 0.00499524111 0.000218096937)
(0.4125 0.00499524111 0.000218096937)
(0.425 0.00499524111 0.000218096937)
(0.4375 0.00499524111 0.000218096937)
(0.45 0.00499524111 0.000218096937)
(0.4625 0.00499524111 0.000218096937)
(0.475 0.00499524111 0.000218096937)
(0.4875 0.00499524111 0.000218096937)
(0.5 0.00499524111 0.000218096937)
(0.5125 0.00499524111 0.000218096937)
(0.525 0.00499524111 0.000218096937)
(0.5375 0.00499524111 0.000218096937)
(0.55 0.00499524111 0.000218096937)
(0.5625 0.00499524111 0.000218096937)
(0.575 0.00499524111 0.000218096937)
(0.5875 0.00499524111 0.000218096937)
(0.6 0.00499524111 0.000218096937)
(0.6125 0.00499524111 0.000218096937)
(0.625 0.00499524111 0.000218096937)
(0.6375 0.00499524111 0.000218096937)
(0.65 0.00499524111 0.000218096937)
(0.6625 0.00499524111 0.000218096937)
(0.675 0.00499524111 0.000218096937)
(0.6875 0.00499524111 0.000218096937)
(0.7 0.00499524111 0.000218096937)
(0.7125 0.00499524111 0.000218096937)
(0.725 0.00499524111 0.000218096937)
(0.7375 0.00499524111 0.000218096937)
(0.75 0.00499524111 0.000218096937)
(0.7625 0.00499524111 0.000218096937)
(0.775 0.00499524111 0.000218096937)
(0.7875 0.00499524111 0.000218096937)
(0.8 0.00499524111 0.000218096937)
(0.8125 0.00499524111 0.000218096937)
(0.825 0.00499524111 0.000218096937)
(0.8375 0.00499524111 0.000218096937)
(0.85 0.00499524111 0.000218096937)
(0.8625 0.00499524111 0.000218096937)
(0.875 0.00499524111 0.000218096937)
(0.8875 0.00499524111 0.000218096937)
(0.9 0.00499524111 0.000218096937)
(0.9125 0.00499524111 0.000218096937)
(0.925 0.00499524111 0.000218096937)
(0.9375 0.00499524111 0.000218096937)
(0.95 0.00499524111 0.000218096937)
(0.9625 0.00499524111 0.000218096937)
(0.975 0.00499524111 0.000218096937)
(0.9875 0.00499524111 0.000218096937)
(1 0.00499524111 0.000218096937)
(1.0125 0.00499524111 0.000218096937)
(1.025 0.00499524111 0.000218096937)
(1.0375 0.00499524111 0.000218096937)
(1.05 0.00499524111 0.000218096937)
(1.0625 0.00499524111 0.000218096937)
(1.075 0.00499524111 0.000218096937)
(1.0875 0.00499524111 0.000218096937)
(1.1 0.00499524111 0.000218096937)
(1.1125 0.00499524111 0.000218096937)
(1.125 0.00499524111 0.000218096937)
(1.1375 0.00499524111 0.000218096937)
(1.15 0.00499524111 0.000218096937)
(1.1625 0.00499524111 0.000218096937)
(1.175 0.00499524111 0.000218096937)
(1.1875 0.00499524111 0.000218096937)
(1.2 0.00499524111 0.000218096937)
(1.2125 0.00499524111 0.000218096937)
(1.225 0.00499524111 0.000218096937)
(1.2375 0.00499524111 0.000218096937)
(1.25 0.00499524111 0.000218096937)
(1.2625 0.00499524111 0.000218096937)
(1.275 0.00499524111 0.000218096937)
(1.2875 0.00499524111 0.000218096937)
(1.3 0.00499524111 0.000218096937)
(1.3125 0.00499524111 0.000218096937)
(1.325 0.00499524111 0.000218096937)
(1.3375 0.00499524111 0.000218096937)
(1.35 0.00499524111 0.000218096937)
(1.3625 0.00499524111 0.000218096937)
(1.375 0.00499524111 0.000218096937)
(1.3875 0.00499524111 0.000218096937)
(1.4 0.00499524111 0.000218096937)
(1.4125 0.00499524111 0.000218096937)
(1.425 0.00499524111 0.000218096937)
(1.4375 0.00499524111 0.000218096937)
(1.45 0.00499524111 0.000218096937)
(1.4625 0.00499524111 0.000218096937)
(1.475 0.00499524111 0.000218096937)
(1.4875 0.00499524111 0.000218096937)
(1.5 0.00499524111 0.000218096937)
(1.5125 0.00499524111 0.000218096937)
(1.525 0.00499524111 0.000218096937)
(1.5375 0.00499524111 0.000218096937)
(1.55 0.00499524111 0.000218096937)
(1.5625 0.00499524111 0.000218096937)
(1.575 0.00499524111 0.000218096937)
(1.5875 0.00499524111 0.000218096937)
(1.6 0.00499524111 0.000218096937)
(1.6125 0.00499524111 0.000218096937)
(1.625 0.00499524111 0.000218096937)
(1.6375 0.00499524111 0.000218096937)
(1.65 0.00499524111 0.000218096937)
(1.6625 0.00499524111 0.000218096937)
(1.675 0.00499524111 0.000218096937)
(1.6875 0.00499524111 0.000218096937)
(1.7 0.00499524111 0.000218096937)
(1.7125 0.00499524111 0.000218096937)
(1.725 0.00499524111 0.000218096937)
(1.7375 0.00499524111 0.000218096937)
(1.75 0.00499524111 0.000218096937)
(1.7625 0.00499524111 0.000218096937)
(1.775 0.00499524111 0.000218096937)
(1.7875 0.00499524111 0.000218096937)
(1.8 0.00499524111 0.000218096937)
(1.8125 0.00499524111 0.000218096937)
(1.825 0.00499524111 0.000218096937)
(1.8375 0.00499524111 0.000218096937)
(1.85 0.00499524111 0.000218096937)
(1.8625 0.00499524111 0.000218096937)
(1.875 0.00499524111 0.000218096937)
(1.8875 0.00499524111 0.000218096937)
(1.9 0.00499524111 0.000218096937)
(1.9125 0.00499524111 0.000218096937)
(1.925 0.00499524111 0.000218096937)
(1.9375 0.00499524111 0.000218096937)
(1.95 0.00499524111 0.000218096937)
(1.9625 0.00499524111 0.000218096937)
(1.975 0.00499524111 0.000218096937)
(1.9875 0.00499524111 0.000218096937)
(2 0.00499524111 0.000218096937)
(2.0125 0.00499524111 0.000218096937)
(2.025 0.00499524111 0.000218096937)
(2.0375 0.00499524111 0.000218096937)
(2.05 0.00499524111 0.000218096937)
(2.0625 0.00499524111 0.000218096937)
(2.075 0.00499524111 0.000218096937)
(2.0875 0.00499524111 0.000218096937)
(2.1 0.00499524111 0.000218096937)
(2.1125 0.00499524111 0.000218096937)
(2.125 0.00499524111 0.000218096937)
(2.1375 0.00499524111 0.000218096937)
(2.15 0.00499524111 0.000218096937)
(2.1625 0.00499524111 0.000218096937)
(2.175 0.00499524111 0.000218096937)
(2.1875 0.00499524111 0.000218096937)
(2.2 0.00499524111 0.000218096937)
(2.2125 0.00499524111 0.000218096937)
(2.225 0.00499524111 0.000218096937)
(2.2375 0.00499524111 0.000218096937)
(2.25 0.00499524111 0.000218096937)
(2.2625 0.00499524111 0.000218096937)
(2.275 0.00499524111 0.000218096937)
(2.2875 0.00499524111 0.000218096937)
(2.3 0.00499524111 0.000218096937)
(2.3125 0.00499524111 0.000218096937)
(2.325 0.00499524111 0.000218096937)
(2.3375 0.00499524111 0.000218096937)
(2.35 0.00499524111 0.000218096937)
(2.3625 0.00499524111 0.000218096937)
(2.375 0.00499524111 0.000218096937)
(2.3875 0.00499524111 0.000218096937)
(2.4 0.00499524111 0.000218096937)
(2.4125 0.00499524111 0.000218096937)
(2.425 0.00499524111 0.000218096937)
(2.4375 0.00499524111 0.000218096937)
(2.45 0.00499524111 0.000218096937)
(2.4625 0.00499524111 0.000218096937)
(2.475 0.00499524111 0.000218096937)
(2.4875 0.00499524111 0.000218096937)
(2.5 0.00499524111 0.000218096937)
(2.5125 0.00499524111 0.000218096937)
(2.525 0.00499524111 0.000218096937)
(2.5375 0.00499524111 0.000218096937)
(2.55 0.00499524111 0.000218096937)
(2.5625 0.00499524111 0.000218096937)
(2.575 0.00499524111 0.000218096937)
(2.5875 0.00499524111 0.000218096937)
(2.6 0.00499524111 0.000218096937)
(2.6125 0.00499524111 0.000218096937)
(2.625 0.00499524111 0.000218096937)
(2.6375 0.00499524111 0.000218096937)
(2.65 0.00499524111 0.000218096937)
(2.6625 0.00499524111 0.000218096937)
(2.675 0.00499524111 0.000218096937)
(2.6875 0.00499524111 0.000218096937)
(2.7 0.00499524111 0.000218096937)
(2.7125 0.00499524111 0.000218096937)
(2.725 0.00499524111 0.000218096937)
(2.7375 0.00499524111 0.000218096937)
(2.75 0.00499524111 0.000218096937)
(2.7625 0.00499524111 0.000218096937)
(2.775 0.00499524111 0.000218096937)
(2.7875 0.00499524111 0.000218096937)
(2.8 0.00499524111 0.000218096937)
(2.8125 0.00499524111 0.000218096937)
(2.825 0.00499524111 0.000218096937)
(2.8375 0.00499524111 0.000218096937)
(2.85 0.00499524111 0.000218096937)
(2.8625 0.00499524111 0.000218096937)
(2.875 0.00499524111 0.000218096937)
(2.8875 0.00499524111 0.000218096937)
(2.9 0.00499524111 0.000218096937)
(2.9125 0.00499524111 0.000218096937)
(2.925 0.00499524111 0.000218096937)
(2.9375 0.00499524111 0.000218096937)
(2.95 0.00499524111 0.000218096937)
(2.9625 0.00499524111 0.000218096937)
(2.975 0.00499524111 0.000218096937)
(2.9875 0.00499524111 0.000218096937)
(3 0.00499524111 0.000218096937)
(0 0.007492861665 0.0003271454055)
(0.0125 0.007492861665 0.0003271454055)
(0.025 0.007492861665 0.0003271454055)
(0.0375 0.007492861665 0.0003271454055)
(0.05 0.007492861665 0.0003271454055)
(0.0625 0.007492861665 0.0003271454055)
(0.075 0.007492861665 0.0003271454055)
(0.0875 0.007492861665 0.0003271454055)
(0.1 0.007492861665 0.0003271454055)
(0.1125 0.007492861665 0.0003271454055)
(0.125 0.007492861665 0.0003271454055)
(0.1375 0.007492861665 0.0003271454055)
(0.15 0.007492861665 0.0003271454055)
(0.1625 0.007492861665 0.0003271454055)
(0.175 0.007492861665 0.0003271454055)
(0.1875 0.007492861665 0.0003271454055)
(0.2 0.007492861665 0.0003271454055)
(0.2125 0.007492861665 0.0003271454055)
(0.225 0.007492861665 0.0003271454055)
(0.2375 0.007492861665 0.0003271454055)
(0.25 0.007492861665 0.0003271454055)
(0.2625 0.007492861665 0.0003271454055)
(0.275 0.007492861665 0.0003271454055)
(0.2875 0.007492861665 0.0003271454055)
(0.3 0.007492861665 0.0003271454055)
(0.3125 0.007492861665 0.0003271454055)
(0.325 0.007492861665 0.0003271454055)
(0.3375 0.007492861665 0.0003271454055)
(0.35 0.007492861665 0.0003271454055)
(0.3625 0.007492861665 0.0003271454055)
(0.375 0.007492861665 0.0003271454055)
(0.3875 0.007492861665 0.0003271454055)
(0.4 0.007492861665 0.0003271454055)
(0.4125 0.007492861665 0.0003271454055)
(0.425 0.007492861665 0.0003271454055)
(0.4375 0.007492861665 0.0003271454055)
(0.45 0.007492861665 0.0003271454055)
(0.4625 0.007492861665 0.0003271454055)
(0.475 0.007492861665 0.0003271454055)
(0.4875 0.007492861665 0.0003271454055)
(0.5 0.007492861665 0.0003271454055)
(0.5125 0.007492861665 0.0003271454055)
(0.525 0.007492861665 0.0003271454055)
(0.5375 0.007492861665 0.0003271454055)
(0.55 0.007492861665 0.0003271454055)
(0.5625 0.007492861665 0.0003271454055)
(0.575 0.007492861665 0.0003271454055)
(0.5875 0.007492861665 0.0003271454055)
(0.6 0.007492861665 0.0003271454055)
(0.6125 0.007492861665 0.0003271454055)
(0.625 0.007492861665 0.0003271454055)
(0.6375 0.007492861665 0.0003271454055)
(0.65 0.007492861665 0.0003271454055)
(0.6625 0.007492861665 0.0003271454055)
(0.675 0.007492861665 0.0003271454055)
(0.6875 0.007492861665 0.0003271454055)
(0.7 0.007492861665 0.0003271454055)
(0.7125 0.007492861665 0.0003271454055)
(0.725 0.007492861665 0.0003271454055)
(0.7375 0.007492861665 0.0003271454055)
(0.75 0.007492861665 0.0003271454055)
(0.7625 0.007492861665 0.0003271454055)
(0.775 0.007492861665 0.0003271454055)
(0.7875 0.007492861665 0.0003271454055)
(0.8 0.007492861665 0.0003271454055)
(0.8125 0.007492861665 0.0003271454055)
(0.825 0.007492861665 0.0003271454055)
(0.8375 0.007492861665 0.0003271454055)
(0.85 0.007492861665 0.0003271454055)
(0.8625 0.007492861665 0.0003271454055)
(0.875 0.007492861665 0.0003271454055)
(0.8875 0.007492861665 0.0003271454055)
(0.9 0.007492861665 0.0003271454055)
(0.9125 0.007492861665 0.0003271454055)
(0.925 0.007492861665 0.0003271454055)
(0.9375 0.007492861665 0.0003271454055)
(0.95 0.007492861665 0.0003271454055)
(0.9625 0.007492861665 0.0003271454055)
(0.975 0.007492861665 0.0003271454055)
(0.9875 0.007492861665 0.0003271454055)
(1 0.007492861665 0.0003271454055)
(1.0125 0.007492861665 0.0003271454055)
(1.025 0.007492861665 0.0003271454055)
(1.0375 0.007492861665 0.0003271454055)
(1.05 0.007492861665 0.0003271454055)
(1.0625 0.007492861665 0.0003271454055)
(1.075 0.007492861665 0.0003271454055)
(1.0875 0.007492861665 0.0003271454055)
(1.1 0.007492861665 0.0003271454055)
(1.1125 0.007492861665 0.0003271454055)
(1.125 0.007492861665 0.0003271454055)
(1.1375 0.007492861665 0.0003271454055)
(1.15 0.007492861665 0.0003271454055)
(1.1625 0.007492861665 0.0003271454055)
(1.175 0.007492861665 0.0003271454055)
(1.1875 0.007492861665 0.0003271454055)
(1.2 0.007492861665 0.0003271454055)
(1.2125 0.007492861665 0.0003271454055)
(1.225 0.007492861665 0.0003271454055)
(1.2375 0.007492861665 0.0003271454055)
(1.25 0.007492861665 0.0003271454055)
(1.2625 0.007492861665 0.0003271454055)
(1.275 0.007492861665 0.0003271454055)
(1.2875 0.007492861665 0.0003271454055)
(1.3 0.007492861665 0.0003271454055)
(1.3125 0.007492861665 0.0003271454055)
(1.325 0.007492861665 0.0003271454055)
(1.3375 0.007492861665 0.0003271454055)
(1.35 0.007492861665 0.0003271454055)
(1.3625 0.007492861665 0.0003271454055)
(1.375 0.007492861665 0.0003271454055)
(1.3875 0.007492861665 0.0003271454055)
(1.4 0.007492861665 0.0003271454055)
(1.4125 0.007492861665 0.0003271454055)
(1.425 0.007492861665 0.0003271454055)
(1.4375 0.007492861665 0.0003271454055)
(1.45 0.007492861665 0.0003271454055)
(1.4625 0.007492861665 0.0003271454055)
(1.475 0.007492861665 0.0003271454055)
(1.4875 0.007492861665 0.0003271454055)
(1.5 0.007492861665 0.0003271454055)
(1.5125 0.007492861665 0.0003271454055)
(1.525 0.007492861665 0.0003271454055)
(1.5375 0.007492861665 0.0003271454055)
(1.55 0.007492861665 0.0003271454055)
(1.5625 0.007492861665 0.0003271454055)
(1.575 0.007492861665 0.0003271454055)
(1.5875 0.007492861665 0.0003271454055)
(1.6 0.007492861665 0.0003271454055)
(1.6125 0.007492861665 0.0003271454055)
(1.625 0.007492861665 0.0003271454055)
(1.6375 0.007492861665 0.0003271454055)
(1.65 0.007492861665 0.0003271454055)
(1.6625 0.007492861665 0.0003271454055)
(1.675 0.007492861665 0.0003271454055)
(1.6875 0.007492861665 0.0003271454055)
(1.7 0.007492861665 0.0003271454055)
(1.7125 0.007492861665 0.0003271454055)
(1.725 0.007492861665 0.0003271454055)
(1.7375 0.007492861665 0.0003271454055)
(1.75 0.007492861665 0.0003271454055)
(1.7625 0.007492861665 0.0003271454055)
(1.775 0.007492861665 0.0003271454055)
(1.7875 0.007492861665 0.0003271454055)
(1.8 0.007492861665 0.0003271454055)
(1.8125 0.007492861665 0.0003271454055)
(1.825 0.007492861665 0.0003271454055)
(1.8375 0.007492861665 0.0003271454055)
(1.85 0.007492861665 0.0003271454055)
(1.8625 0.007492861665 0.0003271454055)
(1.875 0.007492861665 0.0003271454055)
(1.8875 0.007492861665 0.0003271454055)
(1.9 0.007492861665 0.0003271454055)
(1.9125 0.007492861665 0.0003271454055)
(1.925 0.007492861665 0.0003271454055)
(1.9375 0.007492861665 0.0003271454055)
(1.95 0.007492861665 0.0003271454055)
(1.9625 0.007492861665 0.0003271454055)
(1.975 0.007492861665 0.0003271454055)
(1.9875 0.007492861665 0.0003271454055)
(2 0.007492861665 0.0003271454055)
(2.0125 0.007492861665 0.0003271454055)
(2.025 0.007492861665 0.0003271454055)
(2.0375 0.007492861665 0.0003271454055)
(2.05 0.007492861665 0.0003271454055)
(2.0625 0.007492861665 0.0003271454055)
(2.075 0.007492861665 0.0003271454055)
(2.0875 0.007492861665 0.0003271454055)
(2.1 0.007492861665 0.0003271454055)
(2.1125 0.007492861665 0.0003271454055)
(2.125 0.007492861665 0.0003271454055)
(2.1375 0.007492861665 0.0003271454055)
(2.15 0.007492861665 0.0003271454055)
(2.1625 0.007492861665 0.0003271454055)
(2.175 0.007492861665 0.0003271454055)
(2.1875 0.007492861665 0.0003271454055)
(2.2 0.007492861665 0.0003271454055)
(2.2125 0.007492861665 0.0003271454055)
(2.225 0.007492861665 0.0003271454055)
(2.2375 0.007492861665 0.0003271454055)
(2.25 0.007492861665 0.0003271454055)
(2.2625 0.007492861665 0.0003271454055)
(2.275 0.007492861665 0.0003271454055)
(2.2875 0.007492861665 0.0003271454055)
(2.3 0.007492861665 0.0003271454055)
(2.3125 0.007492861665 0.0003271454055)
(2.325 0.007492861665 0.0003271454055)
(2.3375 0.007492861665 0.0003271454055)
(2.35 0.007492861665 0.0003271454055)
(2.3625 0.007492861665 0.0003271454055)
(2.375 0.007492861665 0.0003271454055)
(2.3875 0.007492861665 0.0003271454055)
(2.4 0.007492861665 0.0003271454055)
(2.4125 0.007492861665 0.0003271454055)
(2.425 0.007492861665 0.0003271454055)
(2.4375 0.007492861665 0.0003271454055)
(2.45 0.007492861665 0.0003271454055)
(2.4625 0.007492861665 0.0003271454055)
(2.475 0.007492861665 0.0003271454055)
(2.4875 0.007492861665 0.0003271454055)
(2.5 0.007492861665 0.0003271454055)
(2.5125 0.007492861665 0.0003271454055)
(2.525 0.007492861665 0.0003271454055)
(2.5375 0.007492861665 0.0003271454055)
(2.55 0.007492861665 0.0003271454055)
(2.5625 0.007492861665 0.0003271454055)
(2.575 0.007492861665 0.0003271454055)
(2.5875 0.007492861665 0.0003271454055)
(2.6 0.007492861665 0.0003271454055)
(2.6125 0.007492861665 0.0003271454055)
(2.625 0.007492861665 0.0003271454055)
(2.6375 0.007492861665 0.0003271454055)
(2.65 0.007492861665 0.0003271454055)
(2.6625 0.007492861665 0.0003271454055)
(2.675 0.007492861665 0.0003271454055)
(2.6875 0.007492861665 0.0003271454055)
(2.7 0.007492861665 0.0003271454055)
(2.7125 0.007492861665 0.0003271454055)
(2.725 0.007492861665 0.0003271454055)
(2.7375 0.007492861665 0.0003271454055)
(2.75 0.007492861665 0.0003271454055)
(2.7625 0.007492861665 0.0003271454055)
(2.775 0.007492861665 0.0003271454055)
(2.7875 0.007492861665 0.0003271454055)
(2.8 0.007492861665 0.0003271454055)
(2.8125 0.007492861665 0.0003271454055)
(2.825 0.007492861665 0.0003271454055)
(2.8375 0.007492861665 0.0003271454055)
(2.85 0.007492861665 0.0003271454055)
(2.8625 0.007492861665 0.0003271454055)
(2.875 0.007492861665 0.0003271454055)
(2.8875 0.007492861665 0.0003271454055)
(2.9 0.007492861665 0.0003271454055)
(2.9125 0.007492861665 0.0003271454055)
(2.925 0.007492861665 0.0003271454055)
(2.9375 0.007492861665 0.0003271454055)
(2.95 0.007492861665 0.0003271454055)
(2.9625 0.007492861665 0.0003271454055)
(2.975 0.007492861665 0.0003271454055)
(2.9875 0.007492861665 0.0003271454055)
(3 0.007492861665 0.0003271454055)
(0 0.00999048222 0.000436193874)
(0.0125 0.00999048222 0.000436193874)
(0.025 0.00999048222 0.000436193874)
(0.0375 0.00999048222 0.000436193874)
(0.05 0.00999048222 0.000436193874)
(0.0625 0.00999048222 0.000436193874)
(0.075 0.00999048222 0.000436193874)
(0.0875 0.00999048222 0.000436193874)
(0.1 0.00999048222 0.000436193874)
(0.1125 0.00999048222 0.000436193874)
(0.125 0.00999048222 0.000436193874)
(0.1375 0.00999048222 0.000436193874)
(0.15 0.00999048222 0.000436193874)
(0.1625 0.00999048222 0.000436193874)
(0.175 0.00999048222 0.000436193874)
(0.1875 0.00999048222 0.000436193874)
(0.2 0.00999048222 0.000436193874)
(0.2125 0.00999048222 0.000436193874)
(0.225 0.00999048222 0.000436193874)
(0.2375 0.00999048222 0.000436193874)
(0.25 0.00999048222 0.000436193874)
(0.2625 0.00999048222 0.000436193874)
(0.275 0.00999048222 0.000436193874)
(0.2875 0.00999048222 0.000436193874)
(0.3 0.00999048222 0.000436193874)
(0.3125 0.00999048222 0.000436193874)
(0.325 0.00999048222 0.000436193874)
(0.3375 0.00999048222 0.000436193874)
(0.35 0.00999048222 0.000436193874)
(0.3625 0.00999048222 0.000436193874)
(0.375 0.00999048222 0.000436193874)
(0.3875 0.00999048222 0.000436193874)
(0.4 0.00999048222 0.000436193874)
(0.4125 0.00999048222 0.000436193874)
(0.425 0.00999048222 0.000436193874)
(0.4375 0.00999048222 0.000436193874)
(0.45 0.00999048222 0.000436193874)
(0.4625 0.00999048222 0.000436193874)
(0.475 0.00999048222 0.000436193874)
(0.4875 0.00999048222 0.000436193874)
(0.5 0.00999048222 0.000436193874)
(0.5125 0.00999048222 0.000436193874)
(0.525 0.00999048222 0.000436193874)
(0.5375 0.00999048222 0.000436193874)
(0.55 0.00999048222 0.000436193874)
(0.5625 0.00999048222 0.000436193874)
(0.575 0.00999048222 0.000436193874)
(0.5875 0.00999048222 0.000436193874)
(0.6 0.00999048222 0.000436193874)
(0.6125 0.00999048222 0.000436193874)
(0.625 0.00999048222 0.000436193874)
(0.6375 0.00999048222 0.000436193874)
(0.65 0.00999048222 0.000436193874)
(0.6625 0.00999048222 0.000436193874)
(0.675 0.00999048222 0.000436193874)
(0.6875 0.00999048222 0.000436193874)
(0.7 0.00999048222 0.000436193874)
(0.7125 0.00999048222 0.000436193874)
(0.725 0.00999048222 0.000436193874)
(0.7375 0.00999048222 0.000436193874)
(0.75 0.00999048222 0.000436193874)
(0.7625 0.00999048222 0.000436193874)
(0.775 0.00999048222 0.000436193874)
(0.7875 0.00999048222 0.000436193874)
(0.8 0.00999048222 0.000436193874)
(0.8125 0.00999048222 0.000436193874)
(0.825 0.00999048222 0.000436193874)
(0.8375 0.00999048222 0.000436193874)
(0.85 0.00999048222 0.000436193874)
(0.8625 0.00999048222 0.000436193874)
(0.875 0.00999048222 0.000436193874)
(0.8875 0.00999048222 0.000436193874)
(0.9 0.00999048222 0.000436193874)
(0.9125 0.00999048222 0.000436193874)
(0.925 0.00999048222 0.000436193874)
(0.9375 0.00999048222 0.000436193874)
(0.95 0.00999048222 0.000436193874)
(0.9625 0.00999048222 0.000436193874)
(0.975 0.00999048222 0.000436193874)
(0.9875 0.00999048222 0.000436193874)
(1 0.00999048222 0.000436193874)
(1.0125 0.00999048222 0.000436193874)
(1.025 0.00999048222 0.000436193874)
(1.0375 0.00999048222 0.000436193874)
(1.05 0.00999048222 0.000436193874)
(1.0625 0.00999048222 0.000436193874)
(1.075 0.00999048222 0.000436193874)
(1.0875 0.00999048222 0.000436193874)
(1.1 0.00999048222 0.000436193874)
(1.1125 0.00999048222 0.000436193874)
(1.125 0.00999048222 0.000436193874)
(1.1375 0.00999048222 0.000436193874)
(1.15 0.00999048222 0.000436193874)
(1.1625 0.00999048222 0.000436193874)
(1.175 0.00999048222 0.000436193874)
(1.1875 0.00999048222 0.000436193874)
(1.2 0.00999048222 0.000436193874)
(1.2125 0.00999048222 0.000436193874)
(1.225 0.00999048222 0.000436193874)
(1.2375 0.00999048222 0.000436193874)
(1.25 0.00999048222 0.000436193874)
(1.2625 0.00999048222 0.000436193874)
(1.275 0.00999048222 0.000436193874)
(1.2875 0.00999048222 0.000436193874)
(1.3 0.00999048222 0.000436193874)
(1.3125 0.00999048222 0.000436193874)
(1.325 0.00999048222 0.000436193874)
(1.3375 0.00999048222 0.000436193874)
(1.35 0.00999048222 0.000436193874)
(1.3625 0.00999048222 0.000436193874)
(1.375 0.00999048222 0.000436193874)
(1.3875 0.00999048222 0.000436193874)
(1.4 0.00999048222 0.000436193874)
(1.4125 0.00999048222 0.000436193874)
(1.425 0.00999048222 0.000436193874)
(1.4375 0.00999048222 0.000436193874)
(1.45 0.00999048222 0.000436193874)
(1.4625 0.00999048222 0.000436193874)
(1.475 0.00999048222 0.000436193874)
(1.4875 0.00999048222 0.000436193874)
(1.5 0.00999048222 0.000436193874)
(1.5125 0.00999048222 0.000436193874)
(1.525 0.00999048222 0.000436193874)
(1.5375 0.00999048222 0.000436193874)
(1.55 0.00999048222 0.000436193874)
(1.5625 0.00999048222 0.000436193874)
(1.575 0.00999048222 0.000436193874)
(1.5875 0.00999048222 0.000436193874)
(1.6 0.00999048222 0.000436193874)
(1.6125 0.00999048222 0.000436193874)
(1.625 0.00999048222 0.000436193874)
(1.6375 0.00999048222 0.000436193874)
(1.65 0.00999048222 0.000436193874)
(1.6625 0.00999048222 0.000436193874)
(1.675 0.00999048222 0.000436193874)
(1.6875 0.00999048222 0.000436193874)
(1.7 0.00999048222 0.000436193874)
(1.7125 0.00999048222 0.000436193874)
(1.725 0.00999048222 0.000436193874)
(1.7375 0.00999048222 0.000436193874)
(1.75 0.00999048222 0.000436193874)
(1.7625 0.00999048222 0.000436193874)
(1.775 0.00999048222 0.000436193874)
(1.7875 0.00999048222 0.000436193874)
(1.8 0.00999048222 0.000436193874)
(1.8125 0.00999048222 0.000436193874)
(1.825 0.00999048222 0.000436193874)
(1.8375 0.00999048222 0.000436193874)
(1.85 0.00999048222 0.000436193874)
(1.8625 0.00999048222 0.000436193874)
(1.875 0.00999048222 0.000436193874)
(1.8875 0.00999048222 0.000436193874)
(1.9 0.00999048222 0.000436193874)
(1.9125 0.00999048222 0.000436193874)
(1.925 0.00999048222 0.000436193874)
(1.9375 0.00999048222 0.000436193874)
(1.95 0.00999048222 0.000436193874)
(1.9625 0.00999048222 0.000436193874)
(1.975 0.00999048222 0.000436193874)
(1.9875 0.00999048222 0.000436193874)
(2 0.00999048222 0.000436193874)
(2.0125 0.00999048222 0.000436193874)
(2.025 0.00999048222 0.000436193874)
(2.0375 0.00999048222 0.000436193874)
(2.05 0.00999048222 0.000436193874)
(2.0625 0.00999048222 0.000436193874)
(2.075 0.00999048222 0.000436193874)
(2.0875 0.00999048222 0.000436193874)
(2.1 0.00999048222 0.000436193874)
(2.1125 0.00999048222 0.000436193874)
(2.125 0.00999048222 0.000436193874)
(2.1375 0.00999048222 0.000436193874)
(2.15 0.00999048222 0.000436193874)
(2.1625 0.00999048222 0.000436193874)
(2.175 0.00999048222 0.000436193874)
(2.1875 0.00999048222 0.000436193874)
(2.2 0.00999048222 0.000436193874)
(2.2125 0.00999048222 0.000436193874)
(2.225 0.00999048222 0.000436193874)
(2.2375 0.00999048222 0.000436193874)
(2.25 0.00999048222 0.000436193874)
(2.2625 0.00999048222 0.000436193874)
(2.275 0.00999048222 0.000436193874)
(2.2875 0.00999048222 0.000436193874)
(2.3 0.00999048222 0.000436193874)
(2.3125 0.00999048222 0.000436193874)
(2.325 0.00999048222 0.000436193874)
(2.3375 0.00999048222 0.000436193874)
(2.35 0.00999048222 0.000436193874)
(2.3625 0.00999048222 0.000436193874)
(2.375 0.00999048222 0.000436193874)
(2.3875 0.00999048222 0.000436193874)
(2.4 0.00999048222 0.000436193874)
(2.4125 0.00999048222 0.000436193874)
(2.425 0.00999048222 0.000436193874)
(2.4375 0.00999048222 0.000436193874)
(2.45 0.00999048222 0.000436193874)
(2.4625 0.00999048222 0.000436193874)
(2.475 0.00999048222 0.000436193874)
(2.4875 0.00999048222 0.000436193874)
(2.5 0.00999048222 0.000436193874)
(2.5125 0.00999048222 0.000436193874)
(2.525 0.00999048222 0.000436193874)
(2.5375 0.00999048222 0.000436193874)
(2.55 0.00999048222 0.000436193874)
(2.5625 0.00999048222 0.000436193874)
(2.575 0.00999048222 0.000436193874)
(2.5875 0.00999048222 0.000436193874)
(2.6 0.00999048222 0.000436193874)
(2.6125 0.00999048222 0.000436193874)
(2.625 0.00999048222 0.000436193874)
(2.6375 0.00999048222 0.000436193874)
(2.65 0.00999048222 0.000436193874)
(2.6625 0.00999048222 0.000436193874)
(2.675 0.00999048222 0.000436193874)
(2.6875 0.00999048222 0.000436193874)
(2.7 0.00999048222 0.000436193874)
(2.7125 0.00999048222 0.000436193874)
(2.725 0.00999048222 0.000436193874)
(2.7375 0.00999048222 0.000436193874)
(2.75 0.00999048222 0.000436193874)
(2.7625 0.00999048222 0.000436193874)
(2.775 0.00999048222 0.000436193874)
(2.7875 0.00999048222 0.000436193874)
(2.8 0.00999048222 0.000436193874)
(2.8125 0.00999048222 0.000436193874)
(2.825 0.00999048222 0.000436193874)
(2.8375 0.00999048222 0.000436193874)
(2.85 0.00999048222 0.000436193874)
(2.8625 0.00999048222 0.000436193874)
(2.875 0.00999048222 0.000436193874)
(2.8875 0.00999048222 0.000436193874)
(2.9 0.00999048222 0.000436193874)
(2.9125 0.00999048222 0.000436193874)
(2.925 0.00999048222 0.000436193874)
(2.9375 0.00999048222 0.000436193874)
(2.95 0.00999048222 0.000436193874)
(2.9625 0.00999048222 0.000436193874)
(2.975 0.00999048222 0.000436193874)
(2.9875 0.00999048222 0.000436193874)
(3 0.00999048222 0.000436193874)
(0 0.01248810278 0.0005452423425)
(0.0125 0.01248810278 0.0005452423425)
(0.025 0.01248810278 0.0005452423425)
(0.0375 0.01248810278 0.0005452423425)
(0.05 0.01248810278 0.0005452423425)
(0.0625 0.01248810278 0.0005452423425)
(0.075 0.01248810278 0.0005452423425)
(0.0875 0.01248810278 0.0005452423425)
(0.1 0.01248810278 0.0005452423425)
(0.1125 0.01248810278 0.0005452423425)
(0.125 0.01248810278 0.0005452423425)
(0.1375 0.01248810278 0.0005452423425)
(0.15 0.01248810278 0.0005452423425)
(0.1625 0.01248810278 0.0005452423425)
(0.175 0.01248810278 0.0005452423425)
(0.1875 0.01248810278 0.0005452423425)
(0.2 0.01248810278 0.0005452423425)
(0.2125 0.01248810278 0.0005452423425)
(0.225 0.01248810278 0.0005452423425)
(0.2375 0.01248810278 0.0005452423425)
(0.25 0.01248810278 0.0005452423425)
(0.2625 0.01248810278 0.0005452423425)
(0.275 0.01248810278 0.0005452423425)
(0.2875 0.01248810278 0.0005452423425)
(0.3 0.01248810278 0.0005452423425)
(0.3125 0.01248810278 0.0005452423425)
(0.325 0.01248810278 0.0005452423425)
(0.3375 0.01248810278 0.0005452423425)
(0.35 0.01248810278 0.0005452423425)
(0.3625 0.01248810278 0.0005452423425)
(0.375 0.01248810278 0.0005452423425)
(0.3875 0.01248810278 0.0005452423425)
(0.4 0.01248810278 0.0005452423425)
(0.4125 0.01248810278 0.0005452423425)
(0.425 0.01248810278 0.0005452423425)
(0.4375 0.01248810278 0.0005452423425)
(0.45 0.01248810278 0.0005452423425)
(0.4625 0.01248810278 0.0005452423425)
(0.475 0.01248810278 0.0005452423425)
(0.4875 0.01248810278 0.0005452423425)
(0.5 0.01248810278 0.0005452423425)
(0.5125 0.01248810278 0.0005452423425)
(0.525 0.01248810278 0.0005452423425)
(0.5375 0.01248810278 0.0005452423425)
(0.55 0.01248810278 0.0005452423425)
(0.5625 0.01248810278 0.0005452423425)
(0.575 0.01248810278 0.0005452423425)
(0.5875 0.01248810278 0.0005452423425)
(0.6 0.01248810278 0.0005452423425)
(0.6125 0.01248810278 0.0005452423425)
(0.625 0.01248810278 0.0005452423425)
(0.6375 0.01248810278 0.0005452423425)
(0.65 0.01248810278 0.0005452423425)
(0.6625 0.01248810278 0.0005452423425)
(0.675 0.01248810278 0.0005452423425)
(0.6875 0.01248810278 0.0005452423425)
(0.7 0.01248810278 0.0005452423425)
(0.7125 0.01248810278 0.0005452423425)
(0.725 0.01248810278 0.0005452423425)
(0.7375 0.01248810278 0.0005452423425)
(0.75 0.01248810278 0.0005452423425)
(0.7625 0.01248810278 0.0005452423425)
(0.775 0.01248810278 0.0005452423425)
(0.7875 0.01248810278 0.0005452423425)
(0.8 0.01248810278 0.0005452423425)
(0.8125 0.01248810278 0.0005452423425)
(0.825 0.01248810278 0.0005452423425)
(0.8375 0.01248810278 0.0005452423425)
(0.85 0.01248810278 0.0005452423425)
(0.8625 0.01248810278 0.0005452423425)
(0.875 0.01248810278 0.0005452423425)
(0.8875 0.01248810278 0.0005452423425)
(0.9 0.01248810278 0.0005452423425)
(0.9125 0.01248810278 0.0005452423425)
(0.925 0.01248810278 0.0005452423425)
(0.9375 0.01248810278 0.0005452423425)
(0.95 0.01248810278 0.0005452423425)
(0.9625 0.01248810278 0.0005452423425)
(0.975 0.01248810278 0.0005452423425)
(0.9875 0.01248810278 0.0005452423425)
(1 0.01248810278 0.0005452423425)
(1.0125 0.01248810278 0.0005452423425)
(1.025 0.01248810278 0.0005452423425)
(1.0375 0.01248810278 0.0005452423425)
(1.05 0.01248810278 0.0005452423425)
(1.0625 0.01248810278 0.0005452423425)
(1.075 0.01248810278 0.0005452423425)
(1.0875 0.01248810278 0.0005452423425)
(1.1 0.01248810278 0.0005452423425)
(1.1125 0.01248810278 0.0005452423425)
(1.125 0.01248810278 0.0005452423425)
(1.1375 0.01248810278 0.0005452423425)
(1.15 0.01248810278 0.0005452423425)
(1.1625 0.01248810278 0.0005452423425)
(1.175 0.01248810278 0.0005452423425)
(1.1875 0.01248810278 0.0005452423425)
(1.2 0.01248810278 0.0005452423425)
(1.2125 0.01248810278 0.0005452423425)
(1.225 0.01248810278 0.0005452423425)
(1.2375 0.01248810278 0.0005452423425)
(1.25 0.01248810278 0.0005452423425)
(1.2625 0.01248810278 0.0005452423425)
(1.275 0.01248810278 0.0005452423425)
(1.2875 0.01248810278 0.0005452423425)
(1.3 0.01248810278 0.0005452423425)
(1.3125 0.01248810278 0.0005452423425)
(1.325 0.01248810278 0.0005452423425)
(1.3375 0.01248810278 0.0005452423425)
(1.35 0.01248810278 0.0005452423425)
(1.3625 0.01248810278 0.0005452423425)
(1.375 0.01248810278 0.0005452423425)
(1.3875 0.01248810278 0.0005452423425)
(1.4 0.01248810278 0.0005452423425)
(1.4125 0.01248810278 0.0005452423425)
(1.425 0.01248810278 0.0005452423425)
(1.4375 0.01248810278 0.0005452423425)
(1.45 0.01248810278 0.0005452423425)
(1.4625 0.01248810278 0.0005452423425)
(1.475 0.01248810278 0.0005452423425)
(1.4875 0.01248810278 0.0005452423425)
(1.5 0.01248810278 0.0005452423425)
(1.5125 0.01248810278 0.0005452423425)
(1.525 0.01248810278 0.0005452423425)
(1.5375 0.01248810278 0.0005452423425)
(1.55 0.01248810278 0.0005452423425)
(1.5625 0.01248810278 0.0005452423425)
(1.575 0.01248810278 0.0005452423425)
(1.5875 0.01248810278 0.0005452423425)
(1.6 0.01248810278 0.0005452423425)
(1.6125 0.01248810278 0.0005452423425)
(1.625 0.01248810278 0.0005452423425)
(1.6375 0.01248810278 0.0005452423425)
(1.65 0.01248810278 0.0005452423425)
(1.6625 0.01248810278 0.0005452423425)
(1.675 0.01248810278 0.0005452423425)
(1.6875 0.01248810278 0.0005452423425)
(1.7 0.01248810278 0.0005452423425)
(1.7125 0.01248810278 0.0005452423425)
(1.725 0.01248810278 0.0005452423425)
(1.7375 0.01248810278 0.0005452423425)
(1.75 0.01248810278 0.0005452423425)
(1.7625 0.01248810278 0.0005452423425)
(1.775 0.01248810278 0.0005452423425)
(1.7875 0.01248810278 0.0005452423425)
(1.8 0.01248810278 0.0005452423425)
(1.8125 0.01248810277 0.0005452423425)
(1.825 0.01248810278 0.0005452423425)
(1.8375 0.01248810277 0.0005452423425)
(1.85 0.01248810278 0.0005452423425)
(1.8625 0.01248810278 0.0005452423425)
(1.875 0.01248810278 0.0005452423425)
(1.8875 0.01248810278 0.0005452423425)
(1.9 0.01248810278 0.0005452423425)
(1.9125 0.01248810278 0.0005452423425)
(1.925 0.01248810278 0.0005452423425)
(1.9375 0.01248810278 0.0005452423425)
(1.95 0.01248810278 0.0005452423425)
(1.9625 0.01248810278 0.0005452423425)
(1.975 0.01248810278 0.0005452423425)
(1.9875 0.01248810278 0.0005452423425)
(2 0.01248810278 0.0005452423425)
(2.0125 0.01248810278 0.0005452423425)
(2.025 0.01248810278 0.0005452423425)
(2.0375 0.01248810278 0.0005452423425)
(2.05 0.01248810278 0.0005452423425)
(2.0625 0.01248810278 0.0005452423425)
(2.075 0.01248810278 0.0005452423425)
(2.0875 0.01248810278 0.0005452423425)
(2.1 0.01248810278 0.0005452423425)
(2.1125 0.01248810278 0.0005452423425)
(2.125 0.01248810278 0.0005452423425)
(2.1375 0.01248810278 0.0005452423425)
(2.15 0.01248810278 0.0005452423425)
(2.1625 0.01248810277 0.0005452423425)
(2.175 0.01248810278 0.0005452423425)
(2.1875 0.01248810278 0.0005452423425)
(2.2 0.01248810278 0.0005452423425)
(2.2125 0.01248810278 0.0005452423425)
(2.225 0.01248810278 0.0005452423425)
(2.2375 0.01248810278 0.0005452423425)
(2.25 0.01248810278 0.0005452423425)
(2.2625 0.01248810278 0.0005452423425)
(2.275 0.01248810278 0.0005452423425)
(2.2875 0.01248810278 0.0005452423425)
(2.3 0.01248810278 0.0005452423425)
(2.3125 0.01248810278 0.0005452423425)
(2.325 0.01248810278 0.0005452423425)
(2.3375 0.01248810278 0.0005452423425)
(2.35 0.01248810278 0.0005452423425)
(2.3625 0.01248810278 0.0005452423425)
(2.375 0.01248810278 0.0005452423425)
(2.3875 0.01248810278 0.0005452423425)
(2.4 0.01248810278 0.0005452423425)
(2.4125 0.01248810278 0.0005452423425)
(2.425 0.01248810278 0.0005452423425)
(2.4375 0.01248810278 0.0005452423425)
(2.45 0.01248810278 0.0005452423425)
(2.4625 0.01248810278 0.0005452423425)
(2.475 0.01248810278 0.0005452423425)
(2.4875 0.01248810278 0.0005452423425)
(2.5 0.01248810278 0.0005452423425)
(2.5125 0.01248810277 0.0005452423425)
(2.525 0.01248810277 0.0005452423425)
(2.5375 0.01248810278 0.0005452423425)
(2.55 0.01248810278 0.0005452423425)
(2.5625 0.01248810278 0.0005452423425)
(2.575 0.01248810278 0.0005452423425)
(2.5875 0.01248810278 0.0005452423425)
(2.6 0.01248810278 0.0005452423425)
(2.6125 0.01248810278 0.0005452423425)
(2.625 0.01248810278 0.0005452423425)
(2.6375 0.01248810278 0.0005452423425)
(2.65 0.01248810278 0.0005452423425)
(2.6625 0.01248810278 0.0005452423425)
(2.675 0.01248810278 0.0005452423425)
(2.6875 0.01248810278 0.0005452423425)
(2.7 0.01248810278 0.0005452423425)
(2.7125 0.01248810278 0.0005452423425)
(2.725 0.01248810278 0.0005452423425)
(2.7375 0.01248810278 0.0005452423425)
(2.75 0.01248810278 0.0005452423425)
(2.7625 0.01248810278 0.0005452423425)
(2.775 0.01248810278 0.0005452423425)
(2.7875 0.01248810278 0.0005452423425)
(2.8 0.01248810278 0.0005452423425)
(2.8125 0.01248810278 0.0005452423425)
(2.825 0.01248810278 0.0005452423425)
(2.8375 0.01248810278 0.0005452423425)
(2.85 0.01248810277 0.0005452423425)
(2.8625 0.01248810278 0.0005452423425)
(2.875 0.01248810277 0.0005452423425)
(2.8875 0.01248810278 0.0005452423425)
(2.9 0.01248810278 0.0005452423425)
(2.9125 0.01248810278 0.0005452423425)
(2.925 0.01248810278 0.0005452423425)
(2.9375 0.01248810278 0.0005452423425)
(2.95 0.01248810278 0.0005452423425)
(2.9625 0.01248810278 0.0005452423425)
(2.975 0.01248810278 0.0005452423425)
(2.9875 0.01248810278 0.0005452423425)
(3 0.01248810278 0.0005452423425)
(0 0.01498572333 0.000654290811)
(0.0125 0.01498572333 0.000654290811)
(0.025 0.01498572333 0.000654290811)
(0.0375 0.01498572333 0.000654290811)
(0.05 0.01498572333 0.000654290811)
(0.0625 0.01498572333 0.000654290811)
(0.075 0.01498572333 0.000654290811)
(0.0875 0.01498572333 0.000654290811)
(0.1 0.01498572333 0.000654290811)
(0.1125 0.01498572333 0.000654290811)
(0.125 0.01498572333 0.000654290811)
(0.1375 0.01498572333 0.000654290811)
(0.15 0.01498572333 0.000654290811)
(0.1625 0.01498572333 0.000654290811)
(0.175 0.01498572333 0.000654290811)
(0.1875 0.01498572333 0.000654290811)
(0.2 0.01498572333 0.000654290811)
(0.2125 0.01498572333 0.000654290811)
(0.225 0.01498572333 0.000654290811)
(0.2375 0.01498572333 0.000654290811)
(0.25 0.01498572333 0.000654290811)
(0.2625 0.01498572333 0.000654290811)
(0.275 0.01498572333 0.000654290811)
(0.2875 0.01498572333 0.000654290811)
(0.3 0.01498572333 0.000654290811)
(0.3125 0.01498572333 0.000654290811)
(0.325 0.01498572333 0.000654290811)
(0.3375 0.01498572333 0.000654290811)
(0.35 0.01498572333 0.000654290811)
(0.3625 0.01498572333 0.000654290811)
(0.375 0.01498572333 0.000654290811)
(0.3875 0.01498572333 0.000654290811)
(0.4 0.01498572333 0.000654290811)
(0.4125 0.01498572333 0.000654290811)
(0.425 0.01498572333 0.000654290811)
(0.4375 0.01498572333 0.000654290811)
(0.45 0.01498572333 0.000654290811)
(0.4625 0.01498572333 0.000654290811)
(0.475 0.01498572333 0.000654290811)
(0.4875 0.01498572333 0.000654290811)
(0.5 0.01498572333 0.000654290811)
(0.5125 0.01498572333 0.000654290811)
(0.525 0.01498572333 0.000654290811)
(0.5375 0.01498572333 0.000654290811)
(0.55 0.01498572333 0.000654290811)
(0.5625 0.01498572333 0.000654290811)
(0.575 0.01498572333 0.000654290811)
(0.5875 0.01498572333 0.000654290811)
(0.6 0.01498572333 0.000654290811)
(0.6125 0.01498572333 0.000654290811)
(0.625 0.01498572333 0.000654290811)
(0.6375 0.01498572333 0.000654290811)
(0.65 0.01498572333 0.000654290811)
(0.6625 0.01498572333 0.000654290811)
(0.675 0.01498572333 0.000654290811)
(0.6875 0.01498572333 0.000654290811)
(0.7 0.01498572333 0.000654290811)
(0.7125 0.01498572333 0.000654290811)
(0.725 0.01498572333 0.000654290811)
(0.7375 0.01498572333 0.000654290811)
(0.75 0.01498572333 0.000654290811)
(0.7625 0.01498572333 0.000654290811)
(0.775 0.01498572333 0.000654290811)
(0.7875 0.01498572333 0.000654290811)
(0.8 0.01498572333 0.000654290811)
(0.8125 0.01498572333 0.000654290811)
(0.825 0.01498572333 0.000654290811)
(0.8375 0.01498572333 0.000654290811)
(0.85 0.01498572333 0.000654290811)
(0.8625 0.01498572333 0.000654290811)
(0.875 0.01498572333 0.000654290811)
(0.8875 0.01498572333 0.000654290811)
(0.9 0.01498572333 0.000654290811)
(0.9125 0.01498572333 0.000654290811)
(0.925 0.01498572333 0.000654290811)
(0.9375 0.01498572333 0.000654290811)
(0.95 0.01498572333 0.000654290811)
(0.9625 0.01498572333 0.000654290811)
(0.975 0.01498572333 0.000654290811)
(0.9875 0.01498572333 0.000654290811)
(1 0.01498572333 0.000654290811)
(1.0125 0.01498572333 0.000654290811)
(1.025 0.01498572333 0.000654290811)
(1.0375 0.01498572333 0.000654290811)
(1.05 0.01498572333 0.000654290811)
(1.0625 0.01498572333 0.000654290811)
(1.075 0.01498572333 0.000654290811)
(1.0875 0.01498572333 0.000654290811)
(1.1 0.01498572333 0.000654290811)
(1.1125 0.01498572333 0.000654290811)
(1.125 0.01498572333 0.000654290811)
(1.1375 0.01498572333 0.000654290811)
(1.15 0.01498572333 0.000654290811)
(1.1625 0.01498572333 0.000654290811)
(1.175 0.01498572333 0.000654290811)
(1.1875 0.01498572333 0.000654290811)
(1.2 0.01498572333 0.000654290811)
(1.2125 0.01498572333 0.000654290811)
(1.225 0.01498572333 0.000654290811)
(1.2375 0.01498572333 0.000654290811)
(1.25 0.01498572333 0.000654290811)
(1.2625 0.01498572333 0.000654290811)
(1.275 0.01498572333 0.000654290811)
(1.2875 0.01498572333 0.000654290811)
(1.3 0.01498572333 0.000654290811)
(1.3125 0.01498572333 0.000654290811)
(1.325 0.01498572333 0.000654290811)
(1.3375 0.01498572333 0.000654290811)
(1.35 0.01498572333 0.000654290811)
(1.3625 0.01498572333 0.000654290811)
(1.375 0.01498572333 0.000654290811)
(1.3875 0.01498572333 0.000654290811)
(1.4 0.01498572333 0.000654290811)
(1.4125 0.01498572333 0.000654290811)
(1.425 0.01498572333 0.000654290811)
(1.4375 0.01498572333 0.000654290811)
(1.45 0.01498572333 0.000654290811)
(1.4625 0.01498572333 0.000654290811)
(1.475 0.01498572333 0.000654290811)
(1.4875 0.01498572333 0.000654290811)
(1.5 0.01498572333 0.000654290811)
(1.5125 0.01498572333 0.000654290811)
(1.525 0.01498572333 0.000654290811)
(1.5375 0.01498572333 0.000654290811)
(1.55 0.01498572333 0.000654290811)
(1.5625 0.01498572333 0.000654290811)
(1.575 0.01498572333 0.000654290811)
(1.5875 0.01498572333 0.000654290811)
(1.6 0.01498572333 0.000654290811)
(1.6125 0.01498572333 0.000654290811)
(1.625 0.01498572333 0.000654290811)
(1.6375 0.01498572333 0.000654290811)
(1.65 0.01498572333 0.000654290811)
(1.6625 0.01498572333 0.000654290811)
(1.675 0.01498572333 0.000654290811)
(1.6875 0.01498572333 0.000654290811)
(1.7 0.01498572333 0.000654290811)
(1.7125 0.01498572333 0.000654290811)
(1.725 0.01498572333 0.000654290811)
(1.7375 0.01498572333 0.000654290811)
(1.75 0.01498572333 0.000654290811)
(1.7625 0.01498572333 0.000654290811)
(1.775 0.01498572333 0.000654290811)
(1.7875 0.01498572333 0.000654290811)
(1.8 0.01498572333 0.000654290811)
(1.8125 0.01498572333 0.000654290811)
(1.825 0.01498572333 0.000654290811)
(1.8375 0.01498572333 0.000654290811)
(1.85 0.01498572333 0.000654290811)
(1.8625 0.01498572333 0.000654290811)
(1.875 0.01498572333 0.000654290811)
(1.8875 0.01498572333 0.000654290811)
(1.9 0.01498572333 0.000654290811)
(1.9125 0.01498572333 0.000654290811)
(1.925 0.01498572333 0.000654290811)
(1.9375 0.01498572333 0.000654290811)
(1.95 0.01498572333 0.000654290811)
(1.9625 0.01498572333 0.000654290811)
(1.975 0.01498572333 0.000654290811)
(1.9875 0.01498572333 0.000654290811)
(2 0.01498572333 0.000654290811)
(2.0125 0.01498572333 0.000654290811)
(2.025 0.01498572333 0.000654290811)
(2.0375 0.01498572333 0.000654290811)
(2.05 0.01498572333 0.000654290811)
(2.0625 0.01498572333 0.000654290811)
(2.075 0.01498572333 0.000654290811)
(2.0875 0.01498572333 0.000654290811)
(2.1 0.01498572333 0.000654290811)
(2.1125 0.01498572333 0.000654290811)
(2.125 0.01498572333 0.000654290811)
(2.1375 0.01498572333 0.000654290811)
(2.15 0.01498572333 0.000654290811)
(2.1625 0.01498572333 0.000654290811)
(2.175 0.01498572333 0.000654290811)
(2.1875 0.01498572333 0.000654290811)
(2.2 0.01498572333 0.000654290811)
(2.2125 0.01498572333 0.000654290811)
(2.225 0.01498572333 0.000654290811)
(2.2375 0.01498572333 0.000654290811)
(2.25 0.01498572333 0.000654290811)
(2.2625 0.01498572333 0.000654290811)
(2.275 0.01498572333 0.000654290811)
(2.2875 0.01498572333 0.000654290811)
(2.3 0.01498572333 0.000654290811)
(2.3125 0.01498572333 0.000654290811)
(2.325 0.01498572333 0.000654290811)
(2.3375 0.01498572333 0.000654290811)
(2.35 0.01498572333 0.000654290811)
(2.3625 0.01498572333 0.000654290811)
(2.375 0.01498572333 0.000654290811)
(2.3875 0.01498572333 0.000654290811)
(2.4 0.01498572333 0.000654290811)
(2.4125 0.01498572333 0.000654290811)
(2.425 0.01498572333 0.000654290811)
(2.4375 0.01498572333 0.000654290811)
(2.45 0.01498572333 0.000654290811)
(2.4625 0.01498572333 0.000654290811)
(2.475 0.01498572333 0.000654290811)
(2.4875 0.01498572333 0.000654290811)
(2.5 0.01498572333 0.000654290811)
(2.5125 0.01498572333 0.000654290811)
(2.525 0.01498572333 0.000654290811)
(2.5375 0.01498572333 0.000654290811)
(2.55 0.01498572333 0.000654290811)
(2.5625 0.01498572333 0.000654290811)
(2.575 0.01498572333 0.000654290811)
(2.5875 0.01498572333 0.000654290811)
(2.6 0.01498572333 0.000654290811)
(2.6125 0.01498572333 0.000654290811)
(2.625 0.01498572333 0.000654290811)
(2.6375 0.01498572333 0.000654290811)
(2.65 0.01498572333 0.000654290811)
(2.6625 0.01498572333 0.000654290811)
(2.675 0.01498572333 0.000654290811)
(2.6875 0.01498572333 0.000654290811)
(2.7 0.01498572333 0.000654290811)
(2.7125 0.01498572333 0.000654290811)
(2.725 0.01498572333 0.000654290811)
(2.7375 0.01498572333 0.000654290811)
(2.75 0.01498572333 0.000654290811)
(2.7625 0.01498572333 0.000654290811)
(2.775 0.01498572333 0.000654290811)
(2.7875 0.01498572333 0.000654290811)
(2.8 0.01498572333 0.000654290811)
(2.8125 0.01498572333 0.000654290811)
(2.825 0.01498572333 0.000654290811)
(2.8375 0.01498572333 0.000654290811)
(2.85 0.01498572333 0.000654290811)
(2.8625 0.01498572333 0.000654290811)
(2.875 0.01498572333 0.000654290811)
(2.8875 0.01498572333 0.000654290811)
(2.9 0.01498572333 0.000654290811)
(2.9125 0.01498572333 0.000654290811)
(2.925 0.01498572333 0.000654290811)
(2.9375 0.01498572333 0.000654290811)
(2.95 0.01498572333 0.000654290811)
(2.9625 0.01498572333 0.000654290811)
(2.975 0.01498572333 0.000654290811)
(2.9875 0.01498572333 0.000654290811)
(3 0.01498572333 0.000654290811)
(0 0.01748334388 0.0007633392795)
(0.0125 0.01748334388 0.0007633392795)
(0.025 0.01748334388 0.0007633392795)
(0.0375 0.01748334388 0.0007633392795)
(0.05 0.01748334388 0.0007633392795)
(0.0625 0.01748334388 0.0007633392795)
(0.075 0.01748334388 0.0007633392795)
(0.0875 0.01748334389 0.0007633392795)
(0.1 0.01748334388 0.0007633392795)
(0.1125 0.01748334388 0.0007633392795)
(0.125 0.01748334388 0.0007633392795)
(0.1375 0.01748334389 0.0007633392795)
(0.15 0.01748334389 0.0007633392795)
(0.1625 0.01748334389 0.0007633392795)
(0.175 0.01748334388 0.0007633392795)
(0.1875 0.01748334388 0.0007633392795)
(0.2 0.01748334388 0.0007633392795)
(0.2125 0.01748334388 0.0007633392795)
(0.225 0.01748334388 0.0007633392795)
(0.2375 0.01748334388 0.0007633392795)
(0.25 0.01748334388 0.0007633392795)
(0.2625 0.01748334388 0.0007633392795)
(0.275 0.01748334388 0.0007633392795)
(0.2875 0.01748334388 0.0007633392795)
(0.3 0.01748334388 0.0007633392795)
(0.3125 0.01748334388 0.0007633392795)
(0.325 0.01748334388 0.0007633392795)
(0.3375 0.01748334388 0.0007633392795)
(0.35 0.01748334388 0.0007633392795)
(0.3625 0.01748334389 0.0007633392795)
(0.375 0.01748334388 0.0007633392795)
(0.3875 0.01748334388 0.0007633392795)
(0.4 0.01748334388 0.0007633392795)
(0.4125 0.01748334388 0.0007633392795)
(0.425 0.01748334388 0.0007633392795)
(0.4375 0.01748334388 0.0007633392795)
(0.45 0.01748334388 0.0007633392795)
(0.4625 0.01748334388 0.0007633392795)
(0.475 0.01748334388 0.0007633392795)
(0.4875 0.01748334388 0.0007633392795)
(0.5 0.01748334388 0.0007633392795)
(0.5125 0.01748334388 0.0007633392795)
(0.525 0.01748334388 0.0007633392795)
(0.5375 0.01748334388 0.0007633392795)
(0.55 0.01748334388 0.0007633392795)
(0.5625 0.01748334388 0.0007633392795)
(0.575 0.01748334388 0.0007633392795)
(0.5875 0.01748334388 0.0007633392795)
(0.6 0.01748334388 0.0007633392795)
(0.6125 0.01748334389 0.0007633392795)
(0.625 0.01748334389 0.0007633392795)
(0.6375 0.01748334389 0.0007633392795)
(0.65 0.01748334388 0.0007633392795)
(0.6625 0.01748334388 0.0007633392795)
(0.675 0.01748334388 0.0007633392795)
(0.6875 0.01748334388 0.0007633392795)
(0.7 0.01748334389 0.0007633392795)
(0.7125 0.01748334389 0.0007633392795)
(0.725 0.01748334388 0.0007633392795)
(0.7375 0.01748334388 0.0007633392795)
(0.75 0.01748334388 0.0007633392795)
(0.7625 0.01748334388 0.0007633392795)
(0.775 0.01748334388 0.0007633392795)
(0.7875 0.01748334388 0.0007633392795)
(0.8 0.01748334388 0.0007633392795)
(0.8125 0.01748334389 0.0007633392795)
(0.825 0.01748334388 0.0007633392795)
(0.8375 0.01748334388 0.0007633392795)
(0.85 0.01748334388 0.0007633392795)
(0.8625 0.01748334388 0.0007633392795)
(0.875 0.01748334388 0.0007633392795)
(0.8875 0.01748334388 0.0007633392795)
(0.9 0.01748334389 0.0007633392795)
(0.9125 0.01748334388 0.0007633392795)
(0.925 0.01748334388 0.0007633392795)
(0.9375 0.01748334388 0.0007633392795)
(0.95 0.01748334388 0.0007633392795)
(0.9625 0.01748334388 0.0007633392795)
(0.975 0.01748334388 0.0007633392795)
(0.9875 0.01748334388 0.0007633392795)
(1 0.01748334388 0.0007633392795)
(1.0125 0.01748334388 0.0007633392795)
(1.025 0.01748334388 0.0007633392795)
(1.0375 0.01748334388 0.0007633392795)
(1.05 0.01748334388 0.0007633392795)
(1.0625 0.01748334389 0.0007633392795)
(1.075 0.01748334388 0.0007633392795)
(1.0875 0.01748334388 0.0007633392795)
(1.1 0.01748334388 0.0007633392795)
(1.1125 0.01748334388 0.0007633392795)
(1.125 0.01748334388 0.0007633392795)
(1.1375 0.01748334388 0.0007633392795)
(1.15 0.01748334388 0.0007633392795)
(1.1625 0.01748334388 0.0007633392795)
(1.175 0.01748334388 0.0007633392795)
(1.1875 0.01748334388 0.0007633392795)
(1.2 0.01748334388 0.0007633392795)
(1.2125 0.01748334388 0.0007633392795)
(1.225 0.01748334388 0.0007633392795)
(1.2375 0.01748334388 0.0007633392795)
(1.25 0.01748334388 0.0007633392795)
(1.2625 0.01748334388 0.0007633392795)
(1.275 0.01748334389 0.0007633392795)
(1.2875 0.01748334389 0.0007633392795)
(1.3 0.01748334388 0.0007633392795)
(1.3125 0.01748334388 0.0007633392795)
(1.325 0.01748334388 0.0007633392795)
(1.3375 0.01748334388 0.0007633392795)
(1.35 0.01748334388 0.0007633392795)
(1.3625 0.01748334389 0.0007633392795)
(1.375 0.01748334388 0.0007633392795)
(1.3875 0.01748334388 0.0007633392795)
(1.4 0.01748334388 0.0007633392795)
(1.4125 0.01748334388 0.0007633392795)
(1.425 0.01748334388 0.0007633392795)
(1.4375 0.01748334388 0.0007633392795)
(1.45 0.01748334388 0.0007633392795)
(1.4625 0.01748334388 0.0007633392795)
(1.475 0.01748334389 0.0007633392795)
(1.4875 0.01748334388 0.0007633392795)
(1.5 0.01748334388 0.0007633392795)
(1.5125 0.01748334388 0.0007633392795)
(1.525 0.01748334388 0.0007633392795)
(1.5375 0.01748334388 0.0007633392795)
(1.55 0.01748334388 0.0007633392795)
(1.5625 0.01748334388 0.0007633392795)
(1.575 0.01748334388 0.0007633392795)
(1.5875 0.01748334388 0.0007633392795)
(1.6 0.01748334388 0.0007633392795)
(1.6125 0.01748334388 0.0007633392795)
(1.625 0.01748334388 0.0007633392795)
(1.6375 0.01748334388 0.0007633392795)
(1.65 0.01748334388 0.0007633392795)
(1.6625 0.01748334388 0.0007633392795)
(1.675 0.01748334388 0.0007633392795)
(1.6875 0.01748334388 0.0007633392795)
(1.7 0.01748334388 0.0007633392795)
(1.7125 0.01748334388 0.0007633392795)
(1.725 0.01748334388 0.0007633392795)
(1.7375 0.01748334388 0.0007633392795)
(1.75 0.01748334388 0.0007633392795)
(1.7625 0.01748334388 0.0007633392795)
(1.775 0.01748334388 0.0007633392795)
(1.7875 0.01748334388 0.0007633392795)
(1.8 0.01748334388 0.0007633392795)
(1.8125 0.01748334388 0.0007633392795)
(1.825 0.01748334388 0.0007633392795)
(1.8375 0.01748334388 0.0007633392795)
(1.85 0.01748334388 0.0007633392795)
(1.8625 0.01748334388 0.0007633392795)
(1.875 0.01748334388 0.0007633392795)
(1.8875 0.01748334388 0.0007633392795)
(1.9 0.01748334388 0.0007633392795)
(1.9125 0.01748334388 0.0007633392795)
(1.925 0.01748334388 0.0007633392795)
(1.9375 0.01748334388 0.0007633392795)
(1.95 0.01748334388 0.0007633392795)
(1.9625 0.01748334388 0.0007633392795)
(1.975 0.01748334388 0.0007633392795)
(1.9875 0.01748334388 0.0007633392795)
(2 0.01748334388 0.0007633392795)
(2.0125 0.01748334388 0.0007633392795)
(2.025 0.01748334388 0.0007633392795)
(2.0375 0.01748334388 0.0007633392795)
(2.05 0.01748334388 0.0007633392795)
(2.0625 0.01748334388 0.0007633392795)
(2.075 0.01748334388 0.0007633392795)
(2.0875 0.01748334388 0.0007633392795)
(2.1 0.01748334388 0.0007633392795)
(2.1125 0.01748334388 0.0007633392795)
(2.125 0.01748334388 0.0007633392795)
(2.1375 0.01748334388 0.0007633392795)
(2.15 0.01748334388 0.0007633392795)
(2.1625 0.01748334388 0.0007633392795)
(2.175 0.01748334388 0.0007633392795)
(2.1875 0.01748334388 0.0007633392795)
(2.2 0.01748334388 0.0007633392795)
(2.2125 0.01748334388 0.0007633392795)
(2.225 0.01748334388 0.0007633392795)
(2.2375 0.01748334388 0.0007633392795)
(2.25 0.01748334388 0.0007633392795)
(2.2625 0.01748334388 0.0007633392795)
(2.275 0.01748334388 0.0007633392795)
(2.2875 0.01748334388 0.0007633392795)
(2.3 0.01748334388 0.0007633392795)
(2.3125 0.01748334388 0.0007633392795)
(2.325 0.01748334388 0.0007633392795)
(2.3375 0.01748334388 0.0007633392795)
(2.35 0.01748334388 0.0007633392795)
(2.3625 0.01748334388 0.0007633392795)
(2.375 0.01748334388 0.0007633392795)
(2.3875 0.01748334388 0.0007633392795)
(2.4 0.01748334388 0.0007633392795)
(2.4125 0.01748334388 0.0007633392795)
(2.425 0.01748334389 0.0007633392795)
(2.4375 0.01748334388 0.0007633392795)
(2.45 0.01748334388 0.0007633392795)
(2.4625 0.01748334388 0.0007633392795)
(2.475 0.01748334388 0.0007633392795)
(2.4875 0.01748334388 0.0007633392795)
(2.5 0.01748334389 0.0007633392795)
(2.5125 0.01748334388 0.0007633392795)
(2.525 0.01748334388 0.0007633392795)
(2.5375 0.01748334388 0.0007633392795)
(2.55 0.01748334388 0.0007633392795)
(2.5625 0.01748334388 0.0007633392795)
(2.575 0.01748334388 0.0007633392795)
(2.5875 0.01748334388 0.0007633392795)
(2.6 0.01748334388 0.0007633392795)
(2.6125 0.01748334388 0.0007633392795)
(2.625 0.01748334388 0.0007633392795)
(2.6375 0.01748334389 0.0007633392795)
(2.65 0.01748334388 0.0007633392795)
(2.6625 0.01748334388 0.0007633392795)
(2.675 0.01748334388 0.0007633392795)
(2.6875 0.01748334388 0.0007633392795)
(2.7 0.01748334389 0.0007633392795)
(2.7125 0.01748334388 0.0007633392795)
(2.725 0.01748334388 0.0007633392795)
(2.7375 0.01748334389 0.0007633392795)
(2.75 0.01748334388 0.0007633392795)
(2.7625 0.01748334388 0.0007633392795)
(2.775 0.01748334388 0.0007633392795)
(2.7875 0.01748334388 0.0007633392795)
(2.8 0.01748334388 0.0007633392795)
(2.8125 0.01748334388 0.0007633392795)
(2.825 0.01748334388 0.0007633392795)
(2.8375 0.01748334389 0.0007633392795)
(2.85 0.01748334389 0.0007633392795)
(2.8625 0.01748334388 0.0007633392795)
(2.875 0.01748334388 0.0007633392795)
(2.8875 0.01748334388 0.0007633392795)
(2.9 0.01748334389 0.0007633392795)
(2.9125 0.01748334389 0.0007633392795)
(2.925 0.01748334388 0.0007633392795)
(2.9375 0.01748334389 0.0007633392795)
(2.95 0.01748334388 0.0007633392795)
(2.9625 0.01748334388 0.0007633392795)
(2.975 0.01748334388 0.0007633392795)
(2.9875 0.01748334388 0.0007633392795)
(3 0.01748334388 0.0007633392795)
(0 0.01998096444 0.000872387748)
(0.0125 0.01998096444 0.000872387748)
(0.025 0.01998096444 0.000872387748)
(0.0375 0.01998096444 0.000872387748)
(0.05 0.01998096444 0.000872387748)
(0.0625 0.01998096444 0.000872387748)
(0.075 0.01998096444 0.000872387748)
(0.0875 0.01998096444 0.000872387748)
(0.1 0.01998096444 0.000872387748)
(0.1125 0.01998096444 0.000872387748)
(0.125 0.01998096444 0.000872387748)
(0.1375 0.01998096444 0.000872387748)
(0.15 0.01998096444 0.000872387748)
(0.1625 0.01998096444 0.000872387748)
(0.175 0.01998096444 0.000872387748)
(0.1875 0.01998096444 0.000872387748)
(0.2 0.01998096444 0.000872387748)
(0.2125 0.01998096444 0.000872387748)
(0.225 0.01998096444 0.000872387748)
(0.2375 0.01998096444 0.000872387748)
(0.25 0.01998096444 0.000872387748)
(0.2625 0.01998096444 0.000872387748)
(0.275 0.01998096444 0.000872387748)
(0.2875 0.01998096444 0.000872387748)
(0.3 0.01998096444 0.000872387748)
(0.3125 0.01998096444 0.000872387748)
(0.325 0.01998096444 0.000872387748)
(0.3375 0.01998096444 0.000872387748)
(0.35 0.01998096444 0.000872387748)
(0.3625 0.01998096444 0.000872387748)
(0.375 0.01998096444 0.000872387748)
(0.3875 0.01998096444 0.000872387748)
(0.4 0.01998096444 0.000872387748)
(0.4125 0.01998096444 0.000872387748)
(0.425 0.01998096444 0.000872387748)
(0.4375 0.01998096444 0.000872387748)
(0.45 0.01998096444 0.000872387748)
(0.4625 0.01998096444 0.000872387748)
(0.475 0.01998096444 0.000872387748)
(0.4875 0.01998096444 0.000872387748)
(0.5 0.01998096444 0.000872387748)
(0.5125 0.01998096444 0.000872387748)
(0.525 0.01998096444 0.000872387748)
(0.5375 0.01998096444 0.000872387748)
(0.55 0.01998096444 0.000872387748)
(0.5625 0.01998096444 0.000872387748)
(0.575 0.01998096444 0.000872387748)
(0.5875 0.01998096444 0.000872387748)
(0.6 0.01998096444 0.000872387748)
(0.6125 0.01998096444 0.000872387748)
(0.625 0.01998096444 0.000872387748)
(0.6375 0.01998096444 0.000872387748)
(0.65 0.01998096444 0.000872387748)
(0.6625 0.01998096444 0.000872387748)
(0.675 0.01998096444 0.000872387748)
(0.6875 0.01998096444 0.000872387748)
(0.7 0.01998096444 0.000872387748)
(0.7125 0.01998096444 0.000872387748)
(0.725 0.01998096444 0.000872387748)
(0.7375 0.01998096444 0.000872387748)
(0.75 0.01998096444 0.000872387748)
(0.7625 0.01998096444 0.000872387748)
(0.775 0.01998096444 0.000872387748)
(0.7875 0.01998096444 0.000872387748)
(0.8 0.01998096444 0.000872387748)
(0.8125 0.01998096444 0.000872387748)
(0.825 0.01998096444 0.000872387748)
(0.8375 0.01998096444 0.000872387748)
(0.85 0.01998096444 0.000872387748)
(0.8625 0.01998096444 0.000872387748)
(0.875 0.01998096444 0.000872387748)
(0.8875 0.01998096444 0.000872387748)
(0.9 0.01998096444 0.000872387748)
(0.9125 0.01998096444 0.000872387748)
(0.925 0.01998096444 0.000872387748)
(0.9375 0.01998096444 0.000872387748)
(0.95 0.01998096444 0.000872387748)
(0.9625 0.01998096444 0.000872387748)
(0.975 0.01998096444 0.000872387748)
(0.9875 0.01998096444 0.000872387748)
(1 0.01998096444 0.000872387748)
(1.0125 0.01998096444 0.000872387748)
(1.025 0.01998096444 0.000872387748)
(1.0375 0.01998096444 0.000872387748)
(1.05 0.01998096444 0.000872387748)
(1.0625 0.01998096444 0.000872387748)
(1.075 0.01998096444 0.000872387748)
(1.0875 0.01998096444 0.000872387748)
(1.1 0.01998096444 0.000872387748)
(1.1125 0.01998096444 0.000872387748)
(1.125 0.01998096444 0.000872387748)
(1.1375 0.01998096444 0.000872387748)
(1.15 0.01998096444 0.000872387748)
(1.1625 0.01998096444 0.000872387748)
(1.175 0.01998096444 0.000872387748)
(1.1875 0.01998096444 0.000872387748)
(1.2 0.01998096444 0.000872387748)
(1.2125 0.01998096444 0.000872387748)
(1.225 0.01998096444 0.000872387748)
(1.2375 0.01998096444 0.000872387748)
(1.25 0.01998096444 0.000872387748)
(1.2625 0.01998096444 0.000872387748)
(1.275 0.01998096444 0.000872387748)
(1.2875 0.01998096444 0.000872387748)
(1.3 0.01998096444 0.000872387748)
(1.3125 0.01998096444 0.000872387748)
(1.325 0.01998096444 0.000872387748)
(1.3375 0.01998096444 0.000872387748)
(1.35 0.01998096444 0.000872387748)
(1.3625 0.01998096444 0.000872387748)
(1.375 0.01998096444 0.000872387748)
(1.3875 0.01998096444 0.000872387748)
(1.4 0.01998096444 0.000872387748)
(1.4125 0.01998096444 0.000872387748)
(1.425 0.01998096444 0.000872387748)
(1.4375 0.01998096444 0.000872387748)
(1.45 0.01998096444 0.000872387748)
(1.4625 0.01998096444 0.000872387748)
(1.475 0.01998096444 0.000872387748)
(1.4875 0.01998096444 0.000872387748)
(1.5 0.01998096444 0.000872387748)
(1.5125 0.01998096444 0.000872387748)
(1.525 0.01998096444 0.000872387748)
(1.5375 0.01998096444 0.000872387748)
(1.55 0.01998096444 0.000872387748)
(1.5625 0.01998096444 0.000872387748)
(1.575 0.01998096444 0.000872387748)
(1.5875 0.01998096444 0.000872387748)
(1.6 0.01998096444 0.000872387748)
(1.6125 0.01998096444 0.000872387748)
(1.625 0.01998096444 0.000872387748)
(1.6375 0.01998096444 0.000872387748)
(1.65 0.01998096444 0.000872387748)
(1.6625 0.01998096444 0.000872387748)
(1.675 0.01998096444 0.000872387748)
(1.6875 0.01998096444 0.000872387748)
(1.7 0.01998096444 0.000872387748)
(1.7125 0.01998096444 0.000872387748)
(1.725 0.01998096444 0.000872387748)
(1.7375 0.01998096444 0.000872387748)
(1.75 0.01998096444 0.000872387748)
(1.7625 0.01998096444 0.000872387748)
(1.775 0.01998096444 0.000872387748)
(1.7875 0.01998096444 0.000872387748)
(1.8 0.01998096444 0.000872387748)
(1.8125 0.01998096444 0.000872387748)
(1.825 0.01998096444 0.000872387748)
(1.8375 0.01998096444 0.000872387748)
(1.85 0.01998096444 0.000872387748)
(1.8625 0.01998096444 0.000872387748)
(1.875 0.01998096444 0.000872387748)
(1.8875 0.01998096444 0.000872387748)
(1.9 0.01998096444 0.000872387748)
(1.9125 0.01998096444 0.000872387748)
(1.925 0.01998096444 0.000872387748)
(1.9375 0.01998096444 0.000872387748)
(1.95 0.01998096444 0.000872387748)
(1.9625 0.01998096444 0.000872387748)
(1.975 0.01998096444 0.000872387748)
(1.9875 0.01998096444 0.000872387748)
(2 0.01998096444 0.000872387748)
(2.0125 0.01998096444 0.000872387748)
(2.025 0.01998096444 0.000872387748)
(2.0375 0.01998096444 0.000872387748)
(2.05 0.01998096444 0.000872387748)
(2.0625 0.01998096444 0.000872387748)
(2.075 0.01998096444 0.000872387748)
(2.0875 0.01998096444 0.000872387748)
(2.1 0.01998096444 0.000872387748)
(2.1125 0.01998096444 0.000872387748)
(2.125 0.01998096444 0.000872387748)
(2.1375 0.01998096444 0.000872387748)
(2.15 0.01998096444 0.000872387748)
(2.1625 0.01998096444 0.000872387748)
(2.175 0.01998096444 0.000872387748)
(2.1875 0.01998096444 0.000872387748)
(2.2 0.01998096444 0.000872387748)
(2.2125 0.01998096444 0.000872387748)
(2.225 0.01998096444 0.000872387748)
(2.2375 0.01998096444 0.000872387748)
(2.25 0.01998096444 0.000872387748)
(2.2625 0.01998096444 0.000872387748)
(2.275 0.01998096444 0.000872387748)
(2.2875 0.01998096444 0.000872387748)
(2.3 0.01998096444 0.000872387748)
(2.3125 0.01998096444 0.000872387748)
(2.325 0.01998096444 0.000872387748)
(2.3375 0.01998096444 0.000872387748)
(2.35 0.01998096444 0.000872387748)
(2.3625 0.01998096444 0.000872387748)
(2.375 0.01998096444 0.000872387748)
(2.3875 0.01998096444 0.000872387748)
(2.4 0.01998096444 0.000872387748)
(2.4125 0.01998096444 0.000872387748)
(2.425 0.01998096444 0.000872387748)
(2.4375 0.01998096444 0.000872387748)
(2.45 0.01998096444 0.000872387748)
(2.4625 0.01998096444 0.000872387748)
(2.475 0.01998096444 0.000872387748)
(2.4875 0.01998096444 0.000872387748)
(2.5 0.01998096444 0.000872387748)
(2.5125 0.01998096444 0.000872387748)
(2.525 0.01998096444 0.000872387748)
(2.5375 0.01998096444 0.000872387748)
(2.55 0.01998096444 0.000872387748)
(2.5625 0.01998096444 0.000872387748)
(2.575 0.01998096444 0.000872387748)
(2.5875 0.01998096444 0.000872387748)
(2.6 0.01998096444 0.000872387748)
(2.6125 0.01998096444 0.000872387748)
(2.625 0.01998096444 0.000872387748)
(2.6375 0.01998096444 0.000872387748)
(2.65 0.01998096444 0.000872387748)
(2.6625 0.01998096444 0.000872387748)
(2.675 0.01998096444 0.000872387748)
(2.6875 0.01998096444 0.000872387748)
(2.7 0.01998096444 0.000872387748)
(2.7125 0.01998096444 0.000872387748)
(2.725 0.01998096444 0.000872387748)
(2.7375 0.01998096444 0.000872387748)
(2.75 0.01998096444 0.000872387748)
(2.7625 0.01998096444 0.000872387748)
(2.775 0.01998096444 0.000872387748)
(2.7875 0.01998096444 0.000872387748)
(2.8 0.01998096444 0.000872387748)
(2.8125 0.01998096444 0.000872387748)
(2.825 0.01998096444 0.000872387748)
(2.8375 0.01998096444 0.000872387748)
(2.85 0.01998096444 0.000872387748)
(2.8625 0.01998096444 0.000872387748)
(2.875 0.01998096444 0.000872387748)
(2.8875 0.01998096444 0.000872387748)
(2.9 0.01998096444 0.000872387748)
(2.9125 0.01998096444 0.000872387748)
(2.925 0.01998096444 0.000872387748)
(2.9375 0.01998096444 0.000872387748)
(2.95 0.01998096444 0.000872387748)
(2.9625 0.01998096444 0.000872387748)
(2.975 0.01998096444 0.000872387748)
(2.9875 0.01998096444 0.000872387748)
(3 0.01998096444 0.000872387748)
(0 0.022478585 0.0009814362165)
(0.0125 0.022478585 0.0009814362165)
(0.025 0.02247858499 0.0009814362165)
(0.0375 0.022478585 0.0009814362165)
(0.05 0.02247858499 0.0009814362165)
(0.0625 0.02247858499 0.0009814362165)
(0.075 0.02247858499 0.0009814362165)
(0.0875 0.022478585 0.0009814362165)
(0.1 0.022478585 0.0009814362165)
(0.1125 0.022478585 0.0009814362165)
(0.125 0.022478585 0.0009814362165)
(0.1375 0.022478585 0.0009814362165)
(0.15 0.022478585 0.0009814362165)
(0.1625 0.022478585 0.0009814362165)
(0.175 0.022478585 0.0009814362165)
(0.1875 0.022478585 0.0009814362165)
(0.2 0.022478585 0.0009814362165)
(0.2125 0.022478585 0.0009814362165)
(0.225 0.02247858499 0.0009814362165)
(0.2375 0.02247858499 0.0009814362165)
(0.25 0.02247858499 0.0009814362165)
(0.2625 0.02247858499 0.0009814362165)
(0.275 0.022478585 0.0009814362165)
(0.2875 0.022478585 0.0009814362165)
(0.3 0.022478585 0.0009814362165)
(0.3125 0.022478585 0.0009814362165)
(0.325 0.022478585 0.0009814362165)
(0.3375 0.022478585 0.0009814362165)
(0.35 0.022478585 0.0009814362165)
(0.3625 0.022478585 0.0009814362165)
(0.375 0.022478585 0.0009814362165)
(0.3875 0.022478585 0.0009814362165)
(0.4 0.022478585 0.0009814362165)
(0.4125 0.022478585 0.0009814362165)
(0.425 0.022478585 0.0009814362165)
(0.4375 0.022478585 0.0009814362165)
(0.45 0.022478585 0.0009814362165)
(0.4625 0.022478585 0.0009814362165)
(0.475 0.022478585 0.0009814362165)
(0.4875 0.022478585 0.0009814362165)
(0.5 0.022478585 0.0009814362165)
(0.5125 0.022478585 0.0009814362165)
(0.525 0.022478585 0.0009814362165)
(0.5375 0.022478585 0.0009814362165)
(0.55 0.022478585 0.0009814362165)
(0.5625 0.022478585 0.0009814362165)
(0.575 0.022478585 0.0009814362165)
(0.5875 0.02247858499 0.0009814362165)
(0.6 0.022478585 0.0009814362165)
(0.6125 0.02247858499 0.0009814362165)
(0.625 0.022478585 0.0009814362165)
(0.6375 0.022478585 0.0009814362165)
(0.65 0.022478585 0.0009814362165)
(0.6625 0.022478585 0.0009814362165)
(0.675 0.022478585 0.0009814362165)
(0.6875 0.022478585 0.0009814362165)
(0.7 0.022478585 0.0009814362165)
(0.7125 0.022478585 0.0009814362165)
(0.725 0.022478585 0.0009814362165)
(0.7375 0.02247858499 0.0009814362165)
(0.75 0.022478585 0.0009814362165)
(0.7625 0.02247858499 0.0009814362165)
(0.775 0.022478585 0.0009814362165)
(0.7875 0.022478585 0.0009814362165)
(0.8 0.02247858499 0.0009814362165)
(0.8125 0.022478585 0.0009814362165)
(0.825 0.022478585 0.0009814362165)
(0.8375 0.022478585 0.0009814362165)
(0.85 0.022478585 0.0009814362165)
(0.8625 0.022478585 0.0009814362165)
(0.875 0.022478585 0.0009814362165)
(0.8875 0.02247858499 0.0009814362165)
(0.9 0.022478585 0.0009814362165)
(0.9125 0.02247858499 0.0009814362165)
(0.925 0.022478585 0.0009814362165)
(0.9375 0.02247858499 0.0009814362165)
(0.95 0.02247858499 0.0009814362165)
(0.9625 0.022478585 0.0009814362165)
(0.975 0.022478585 0.0009814362165)
(0.9875 0.02247858499 0.0009814362165)
(1 0.022478585 0.0009814362165)
(1.0125 0.02247858499 0.0009814362165)
(1.025 0.022478585 0.0009814362165)
(1.0375 0.022478585 0.0009814362165)
(1.05 0.022478585 0.0009814362165)
(1.0625 0.02247858499 0.0009814362165)
(1.075 0.022478585 0.0009814362165)
(1.0875 0.02247858499 0.0009814362165)
(1.1 0.02247858499 0.0009814362165)
(1.1125 0.022478585 0.0009814362165)
(1.125 0.02247858499 0.0009814362165)
(1.1375 0.022478585 0.0009814362165)
(1.15 0.02247858499 0.0009814362165)
(1.1625 0.022478585 0.0009814362165)
(1.175 0.02247858499 0.0009814362165)
(1.1875 0.022478585 0.0009814362165)
(1.2 0.022478585 0.0009814362165)
(1.2125 0.022478585 0.0009814362165)
(1.225 0.022478585 0.0009814362165)
(1.2375 0.022478585 0.0009814362165)
(1.25 0.02247858499 0.0009814362165)
(1.2625 0.02247858499 0.0009814362165)
(1.275 0.02247858499 0.0009814362165)
(1.2875 0.02247858499 0.0009814362165)
(1.3 0.022478585 0.0009814362165)
(1.3125 0.02247858499 0.0009814362165)
(1.325 0.022478585 0.0009814362165)
(1.3375 0.022478585 0.0009814362165)
(1.35 0.022478585 0.0009814362165)
(1.3625 0.022478585 0.0009814362165)
(1.375 0.02247858499 0.0009814362165)
(1.3875 0.022478585 0.0009814362165)
(1.4 0.022478585 0.0009814362165)
(1.4125 0.022478585 0.0009814362165)
(1.425 0.022478585 0.0009814362165)
(1.4375 0.02247858499 0.0009814362165)
(1.45 0.02247858499 0.0009814362165)
(1.4625 0.02247858499 0.0009814362165)
(1.475 0.02247858499 0.0009814362165)
(1.4875 0.022478585 0.0009814362165)
(1.5 0.02247858499 0.0009814362165)
(1.5125 0.022478585 0.0009814362165)
(1.525 0.02247858499 0.0009814362165)
(1.5375 0.022478585 0.0009814362165)
(1.55 0.022478585 0.0009814362165)
(1.5625 0.022478585 0.0009814362165)
(1.575 0.022478585 0.0009814362165)
(1.5875 0.022478585 0.0009814362165)
(1.6 0.022478585 0.0009814362165)
(1.6125 0.022478585 0.0009814362165)
(1.625 0.022478585 0.0009814362165)
(1.6375 0.022478585 0.0009814362165)
(1.65 0.022478585 0.0009814362165)
(1.6625 0.02247858499 0.0009814362165)
(1.675 0.022478585 0.0009814362165)
(1.6875 0.02247858499 0.0009814362165)
(1.7 0.022478585 0.0009814362165)
(1.7125 0.022478585 0.0009814362165)
(1.725 0.022478585 0.0009814362165)
(1.7375 0.022478585 0.0009814362165)
(1.75 0.022478585 0.0009814362165)
(1.7625 0.022478585 0.0009814362165)
(1.775 0.02247858499 0.0009814362165)
(1.7875 0.022478585 0.0009814362165)
(1.8 0.022478585 0.0009814362165)
(1.8125 0.022478585 0.0009814362165)
(1.825 0.022478585 0.0009814362165)
(1.8375 0.022478585 0.0009814362165)
(1.85 0.022478585 0.0009814362165)
(1.8625 0.022478585 0.0009814362165)
(1.875 0.02247858499 0.0009814362165)
(1.8875 0.022478585 0.0009814362165)
(1.9 0.02247858499 0.0009814362165)
(1.9125 0.022478585 0.0009814362165)
(1.925 0.022478585 0.0009814362165)
(1.9375 0.022478585 0.0009814362165)
(1.95 0.022478585 0.0009814362165)
(1.9625 0.022478585 0.0009814362165)
(1.975 0.02247858499 0.0009814362165)
(1.9875 0.02247858499 0.0009814362165)
(2 0.02247858499 0.0009814362165)
(2.0125 0.022478585 0.0009814362165)
(2.025 0.02247858499 0.0009814362165)
(2.0375 0.022478585 0.0009814362165)
(2.05 0.02247858499 0.0009814362165)
(2.0625 0.022478585 0.0009814362165)
(2.075 0.022478585 0.0009814362165)
(2.0875 0.02247858499 0.0009814362165)
(2.1 0.022478585 0.0009814362165)
(2.1125 0.022478585 0.0009814362165)
(2.125 0.022478585 0.0009814362165)
(2.1375 0.02247858499 0.0009814362165)
(2.15 0.022478585 0.0009814362165)
(2.1625 0.022478585 0.0009814362165)
(2.175 0.022478585 0.0009814362165)
(2.1875 0.022478585 0.0009814362165)
(2.2 0.02247858499 0.0009814362165)
(2.2125 0.02247858499 0.0009814362165)
(2.225 0.022478585 0.0009814362165)
(2.2375 0.02247858499 0.0009814362165)
(2.25 0.022478585 0.0009814362165)
(2.2625 0.022478585 0.0009814362165)
(2.275 0.022478585 0.0009814362165)
(2.2875 0.022478585 0.0009814362165)
(2.3 0.02247858499 0.0009814362165)
(2.3125 0.022478585 0.0009814362165)
(2.325 0.02247858499 0.0009814362165)
(2.3375 0.022478585 0.0009814362165)
(2.35 0.022478585 0.0009814362165)
(2.3625 0.022478585 0.0009814362165)
(2.375 0.022478585 0.0009814362165)
(2.3875 0.022478585 0.0009814362165)
(2.4 0.02247858499 0.0009814362165)
(2.4125 0.02247858499 0.0009814362165)
(2.425 0.022478585 0.0009814362165)
(2.4375 0.02247858499 0.0009814362165)
(2.45 0.022478585 0.0009814362165)
(2.4625 0.02247858499 0.0009814362165)
(2.475 0.022478585 0.0009814362165)
(2.4875 0.022478585 0.0009814362165)
(2.5 0.02247858499 0.0009814362165)
(2.5125 0.022478585 0.0009814362165)
(2.525 0.022478585 0.0009814362165)
(2.5375 0.022478585 0.0009814362165)
(2.55 0.02247858499 0.0009814362165)
(2.5625 0.02247858499 0.0009814362165)
(2.575 0.022478585 0.0009814362165)
(2.5875 0.022478585 0.0009814362165)
(2.6 0.02247858499 0.0009814362165)
(2.6125 0.022478585 0.0009814362165)
(2.625 0.022478585 0.0009814362165)
(2.6375 0.022478585 0.0009814362165)
(2.65 0.02247858499 0.0009814362165)
(2.6625 0.022478585 0.0009814362165)
(2.675 0.02247858499 0.0009814362165)
(2.6875 0.022478585 0.0009814362165)
(2.7 0.022478585 0.0009814362165)
(2.7125 0.02247858499 0.0009814362165)
(2.725 0.022478585 0.0009814362165)
(2.7375 0.022478585 0.0009814362165)
(2.75 0.022478585 0.0009814362165)
(2.7625 0.02247858499 0.0009814362165)
(2.775 0.022478585 0.0009814362165)
(2.7875 0.02247858499 0.0009814362165)
(2.8 0.022478585 0.0009814362165)
(2.8125 0.022478585 0.0009814362165)
(2.825 0.02247858499 0.0009814362165)
(2.8375 0.02247858499 0.0009814362165)
(2.85 0.022478585 0.0009814362165)
(2.8625 0.022478585 0.0009814362165)
(2.875 0.022478585 0.0009814362165)
(2.8875 0.022478585 0.0009814362165)
(2.9 0.022478585 0.0009814362165)
(2.9125 0.022478585 0.0009814362165)
(2.925 0.02247858499 0.0009814362165)
(2.9375 0.022478585 0.0009814362165)
(2.95 0.02247858499 0.0009814362165)
(2.9625 0.022478585 0.0009814362165)
(2.975 0.02247858499 0.0009814362165)
(2.9875 0.022478585 0.0009814362165)
(3 0.022478585 0.0009814362165)
(0 0.02497620555 0.001090484685)
(0.0125 0.02497620555 0.001090484685)
(0.025 0.02497620555 0.001090484685)
(0.0375 0.02497620555 0.001090484685)
(0.05 0.02497620555 0.001090484685)
(0.0625 0.02497620555 0.001090484685)
(0.075 0.02497620555 0.001090484685)
(0.0875 0.02497620555 0.001090484685)
(0.1 0.02497620555 0.001090484685)
(0.1125 0.02497620555 0.001090484685)
(0.125 0.02497620555 0.001090484685)
(0.1375 0.02497620555 0.001090484685)
(0.15 0.02497620555 0.001090484685)
(0.1625 0.02497620555 0.001090484685)
(0.175 0.02497620555 0.001090484685)
(0.1875 0.02497620555 0.001090484685)
(0.2 0.02497620555 0.001090484685)
(0.2125 0.02497620555 0.001090484685)
(0.225 0.02497620555 0.001090484685)
(0.2375 0.02497620555 0.001090484685)
(0.25 0.02497620555 0.001090484685)
(0.2625 0.02497620555 0.001090484685)
(0.275 0.02497620555 0.001090484685)
(0.2875 0.02497620555 0.001090484685)
(0.3 0.02497620555 0.001090484685)
(0.3125 0.02497620555 0.001090484685)
(0.325 0.02497620555 0.001090484685)
(0.3375 0.02497620555 0.001090484685)
(0.35 0.02497620555 0.001090484685)
(0.3625 0.02497620555 0.001090484685)
(0.375 0.02497620555 0.001090484685)
(0.3875 0.02497620555 0.001090484685)
(0.4 0.02497620555 0.001090484685)
(0.4125 0.02497620555 0.001090484685)
(0.425 0.02497620555 0.001090484685)
(0.4375 0.02497620555 0.001090484685)
(0.45 0.02497620555 0.001090484685)
(0.4625 0.02497620555 0.001090484685)
(0.475 0.02497620555 0.001090484685)
(0.4875 0.02497620555 0.001090484685)
(0.5 0.02497620555 0.001090484685)
(0.5125 0.02497620555 0.001090484685)
(0.525 0.02497620555 0.001090484685)
(0.5375 0.02497620555 0.001090484685)
(0.55 0.02497620555 0.001090484685)
(0.5625 0.02497620555 0.001090484685)
(0.575 0.02497620555 0.001090484685)
(0.5875 0.02497620555 0.001090484685)
(0.6 0.02497620555 0.001090484685)
(0.6125 0.02497620555 0.001090484685)
(0.625 0.02497620555 0.001090484685)
(0.6375 0.02497620555 0.001090484685)
(0.65 0.02497620555 0.001090484685)
(0.6625 0.02497620555 0.001090484685)
(0.675 0.02497620555 0.001090484685)
(0.6875 0.02497620555 0.001090484685)
(0.7 0.02497620555 0.001090484685)
(0.7125 0.02497620555 0.001090484685)
(0.725 0.02497620555 0.001090484685)
(0.7375 0.02497620555 0.001090484685)
(0.75 0.02497620555 0.001090484685)
(0.7625 0.02497620555 0.001090484685)
(0.775 0.02497620555 0.001090484685)
(0.7875 0.02497620555 0.001090484685)
(0.8 0.02497620555 0.001090484685)
(0.8125 0.02497620555 0.001090484685)
(0.825 0.02497620555 0.001090484685)
(0.8375 0.02497620555 0.001090484685)
(0.85 0.02497620555 0.001090484685)
(0.8625 0.02497620555 0.001090484685)
(0.875 0.02497620555 0.001090484685)
(0.8875 0.02497620555 0.001090484685)
(0.9 0.02497620555 0.001090484685)
(0.9125 0.02497620555 0.001090484685)
(0.925 0.02497620555 0.001090484685)
(0.9375 0.02497620555 0.001090484685)
(0.95 0.02497620555 0.001090484685)
(0.9625 0.02497620555 0.001090484685)
(0.975 0.02497620555 0.001090484685)
(0.9875 0.02497620555 0.001090484685)
(1 0.02497620555 0.001090484685)
(1.0125 0.02497620555 0.001090484685)
(1.025 0.02497620555 0.001090484685)
(1.0375 0.02497620555 0.001090484685)
(1.05 0.02497620555 0.001090484685)
(1.0625 0.02497620555 0.001090484685)
(1.075 0.02497620555 0.001090484685)
(1.0875 0.02497620555 0.001090484685)
(1.1 0.02497620555 0.001090484685)
(1.1125 0.02497620555 0.001090484685)
(1.125 0.02497620555 0.001090484685)
(1.1375 0.02497620555 0.001090484685)
(1.15 0.02497620555 0.001090484685)
(1.1625 0.02497620555 0.001090484685)
(1.175 0.02497620555 0.001090484685)
(1.1875 0.02497620555 0.001090484685)
(1.2 0.02497620555 0.001090484685)
(1.2125 0.02497620555 0.001090484685)
(1.225 0.02497620555 0.001090484685)
(1.2375 0.02497620555 0.001090484685)
(1.25 0.02497620555 0.001090484685)
(1.2625 0.02497620555 0.001090484685)
(1.275 0.02497620555 0.001090484685)
(1.2875 0.02497620555 0.001090484685)
(1.3 0.02497620555 0.001090484685)
(1.3125 0.02497620555 0.001090484685)
(1.325 0.02497620555 0.001090484685)
(1.3375 0.02497620555 0.001090484685)
(1.35 0.02497620555 0.001090484685)
(1.3625 0.02497620555 0.001090484685)
(1.375 0.02497620555 0.001090484685)
(1.3875 0.02497620555 0.001090484685)
(1.4 0.02497620555 0.001090484685)
(1.4125 0.02497620555 0.001090484685)
(1.425 0.02497620555 0.001090484685)
(1.4375 0.02497620555 0.001090484685)
(1.45 0.02497620555 0.001090484685)
(1.4625 0.02497620555 0.001090484685)
(1.475 0.02497620555 0.001090484685)
(1.4875 0.02497620555 0.001090484685)
(1.5 0.02497620555 0.001090484685)
(1.5125 0.02497620555 0.001090484685)
(1.525 0.02497620555 0.001090484685)
(1.5375 0.02497620555 0.001090484685)
(1.55 0.02497620555 0.001090484685)
(1.5625 0.02497620555 0.001090484685)
(1.575 0.02497620555 0.001090484685)
(1.5875 0.02497620555 0.001090484685)
(1.6 0.02497620555 0.001090484685)
(1.6125 0.02497620555 0.001090484685)
(1.625 0.02497620555 0.001090484685)
(1.6375 0.02497620555 0.001090484685)
(1.65 0.02497620555 0.001090484685)
(1.6625 0.02497620555 0.001090484685)
(1.675 0.02497620555 0.001090484685)
(1.6875 0.02497620555 0.001090484685)
(1.7 0.02497620555 0.001090484685)
(1.7125 0.02497620555 0.001090484685)
(1.725 0.02497620555 0.001090484685)
(1.7375 0.02497620555 0.001090484685)
(1.75 0.02497620555 0.001090484685)
(1.7625 0.02497620555 0.001090484685)
(1.775 0.02497620555 0.001090484685)
(1.7875 0.02497620555 0.001090484685)
(1.8 0.02497620555 0.001090484685)
(1.8125 0.02497620555 0.001090484685)
(1.825 0.02497620555 0.001090484685)
(1.8375 0.02497620555 0.001090484685)
(1.85 0.02497620555 0.001090484685)
(1.8625 0.02497620555 0.001090484685)
(1.875 0.02497620555 0.001090484685)
(1.8875 0.02497620555 0.001090484685)
(1.9 0.02497620555 0.001090484685)
(1.9125 0.02497620555 0.001090484685)
(1.925 0.02497620555 0.001090484685)
(1.9375 0.02497620555 0.001090484685)
(1.95 0.02497620555 0.001090484685)
(1.9625 0.02497620555 0.001090484685)
(1.975 0.02497620555 0.001090484685)
(1.9875 0.02497620555 0.001090484685)
(2 0.02497620555 0.001090484685)
(2.0125 0.02497620555 0.001090484685)
(2.025 0.02497620555 0.001090484685)
(2.0375 0.02497620555 0.001090484685)
(2.05 0.02497620555 0.001090484685)
(2.0625 0.02497620555 0.001090484685)
(2.075 0.02497620555 0.001090484685)
(2.0875 0.02497620555 0.001090484685)
(2.1 0.02497620555 0.001090484685)
(2.1125 0.02497620555 0.001090484685)
(2.125 0.02497620555 0.001090484685)
(2.1375 0.02497620555 0.001090484685)
(2.15 0.02497620555 0.001090484685)
(2.1625 0.02497620555 0.001090484685)
(2.175 0.02497620555 0.001090484685)
(2.1875 0.02497620555 0.001090484685)
(2.2 0.02497620555 0.001090484685)
(2.2125 0.02497620555 0.001090484685)
(2.225 0.02497620555 0.001090484685)
(2.2375 0.02497620555 0.001090484685)
(2.25 0.02497620555 0.001090484685)
(2.2625 0.02497620555 0.001090484685)
(2.275 0.02497620555 0.001090484685)
(2.2875 0.02497620555 0.001090484685)
(2.3 0.02497620555 0.001090484685)
(2.3125 0.02497620555 0.001090484685)
(2.325 0.02497620555 0.001090484685)
(2.3375 0.02497620555 0.001090484685)
(2.35 0.02497620555 0.001090484685)
(2.3625 0.02497620555 0.001090484685)
(2.375 0.02497620555 0.001090484685)
(2.3875 0.02497620555 0.001090484685)
(2.4 0.02497620555 0.001090484685)
(2.4125 0.02497620555 0.001090484685)
(2.425 0.02497620555 0.001090484685)
(2.4375 0.02497620555 0.001090484685)
(2.45 0.02497620555 0.001090484685)
(2.4625 0.02497620555 0.001090484685)
(2.475 0.02497620555 0.001090484685)
(2.4875 0.02497620555 0.001090484685)
(2.5 0.02497620555 0.001090484685)
(2.5125 0.02497620555 0.001090484685)
(2.525 0.02497620555 0.001090484685)
(2.5375 0.02497620555 0.001090484685)
(2.55 0.02497620555 0.001090484685)
(2.5625 0.02497620555 0.001090484685)
(2.575 0.02497620555 0.001090484685)
(2.5875 0.02497620555 0.001090484685)
(2.6 0.02497620555 0.001090484685)
(2.6125 0.02497620555 0.001090484685)
(2.625 0.02497620555 0.001090484685)
(2.6375 0.02497620555 0.001090484685)
(2.65 0.02497620555 0.001090484685)
(2.6625 0.02497620555 0.001090484685)
(2.675 0.02497620555 0.001090484685)
(2.6875 0.02497620555 0.001090484685)
(2.7 0.02497620555 0.001090484685)
(2.7125 0.02497620555 0.001090484685)
(2.725 0.02497620555 0.001090484685)
(2.7375 0.02497620555 0.001090484685)
(2.75 0.02497620555 0.001090484685)
(2.7625 0.02497620555 0.001090484685)
(2.775 0.02497620555 0.001090484685)
(2.7875 0.02497620555 0.001090484685)
(2.8 0.02497620555 0.001090484685)
(2.8125 0.02497620555 0.001090484685)
(2.825 0.02497620555 0.001090484685)
(2.8375 0.02497620555 0.001090484685)
(2.85 0.02497620555 0.001090484685)
(2.8625 0.02497620555 0.001090484685)
(2.875 0.02497620555 0.001090484685)
(2.8875 0.02497620555 0.001090484685)
(2.9 0.02497620555 0.001090484685)
(2.9125 0.02497620555 0.001090484685)
(2.925 0.02497620555 0.001090484685)
(2.9375 0.02497620555 0.001090484685)
(2.95 0.02497620555 0.001090484685)
(2.9625 0.02497620555 0.001090484685)
(2.975 0.02497620555 0.001090484685)
(2.9875 0.02497620555 0.001090484685)
(3 0.02497620555 0.001090484685)
(0 0.02747382611 0.001199533154)
(0.0125 0.02747382611 0.001199533154)
(0.025 0.02747382611 0.001199533154)
(0.0375 0.02747382611 0.001199533154)
(0.05 0.02747382611 0.001199533154)
(0.0625 0.02747382611 0.001199533154)
(0.075 0.02747382611 0.001199533154)
(0.0875 0.02747382611 0.001199533154)
(0.1 0.02747382611 0.001199533154)
(0.1125 0.02747382611 0.001199533154)
(0.125 0.02747382611 0.001199533154)
(0.1375 0.02747382611 0.001199533154)
(0.15 0.02747382611 0.001199533154)
(0.1625 0.02747382611 0.001199533154)
(0.175 0.02747382611 0.001199533154)
(0.1875 0.02747382611 0.001199533154)
(0.2 0.02747382611 0.001199533154)
(0.2125 0.02747382611 0.001199533154)
(0.225 0.02747382611 0.001199533154)
(0.2375 0.02747382611 0.001199533154)
(0.25 0.02747382611 0.001199533154)
(0.2625 0.02747382611 0.001199533154)
(0.275 0.02747382611 0.001199533154)
(0.2875 0.02747382611 0.001199533154)
(0.3 0.02747382611 0.001199533154)
(0.3125 0.02747382611 0.001199533154)
(0.325 0.02747382611 0.001199533154)
(0.3375 0.02747382611 0.001199533154)
(0.35 0.02747382611 0.001199533154)
(0.3625 0.02747382611 0.001199533154)
(0.375 0.02747382611 0.001199533154)
(0.3875 0.02747382611 0.001199533154)
(0.4 0.02747382611 0.001199533154)
(0.4125 0.02747382611 0.001199533154)
(0.425 0.02747382611 0.001199533154)
(0.4375 0.02747382611 0.001199533154)
(0.45 0.02747382611 0.001199533154)
(0.4625 0.02747382611 0.001199533154)
(0.475 0.02747382611 0.001199533154)
(0.4875 0.02747382611 0.001199533154)
(0.5 0.02747382611 0.001199533154)
(0.5125 0.02747382611 0.001199533154)
(0.525 0.02747382611 0.001199533154)
(0.5375 0.02747382611 0.001199533154)
(0.55 0.02747382611 0.001199533154)
(0.5625 0.02747382611 0.001199533154)
(0.575 0.02747382611 0.001199533154)
(0.5875 0.02747382611 0.001199533154)
(0.6 0.02747382611 0.001199533154)
(0.6125 0.02747382611 0.001199533154)
(0.625 0.02747382611 0.001199533154)
(0.6375 0.02747382611 0.001199533154)
(0.65 0.02747382611 0.001199533154)
(0.6625 0.02747382611 0.001199533154)
(0.675 0.02747382611 0.001199533154)
(0.6875 0.02747382611 0.001199533154)
(0.7 0.02747382611 0.001199533154)
(0.7125 0.02747382611 0.001199533153)
(0.725 0.02747382611 0.001199533154)
(0.7375 0.02747382611 0.001199533154)
(0.75 0.02747382611 0.001199533154)
(0.7625 0.02747382611 0.001199533154)
(0.775 0.02747382611 0.001199533154)
(0.7875 0.02747382611 0.001199533154)
(0.8 0.02747382611 0.001199533154)
(0.8125 0.02747382611 0.001199533154)
(0.825 0.02747382611 0.001199533154)
(0.8375 0.02747382611 0.001199533154)
(0.85 0.02747382611 0.001199533154)
(0.8625 0.02747382611 0.001199533154)
(0.875 0.02747382611 0.001199533154)
(0.8875 0.02747382611 0.001199533154)
(0.9 0.02747382611 0.001199533154)
(0.9125 0.02747382611 0.001199533154)
(0.925 0.02747382611 0.001199533154)
(0.9375 0.02747382611 0.001199533154)
(0.95 0.02747382611 0.001199533154)
(0.9625 0.02747382611 0.001199533154)
(0.975 0.02747382611 0.001199533154)
(0.9875 0.02747382611 0.001199533154)
(1 0.02747382611 0.001199533154)
(1.0125 0.02747382611 0.001199533154)
(1.025 0.02747382611 0.001199533154)
(1.0375 0.02747382611 0.001199533154)
(1.05 0.02747382611 0.001199533154)
(1.0625 0.02747382611 0.001199533154)
(1.075 0.02747382611 0.001199533154)
(1.0875 0.02747382611 0.001199533153)
(1.1 0.02747382611 0.001199533154)
(1.1125 0.02747382611 0.001199533154)
(1.125 0.02747382611 0.001199533154)
(1.1375 0.02747382611 0.001199533154)
(1.15 0.02747382611 0.001199533154)
(1.1625 0.02747382611 0.001199533154)
(1.175 0.02747382611 0.001199533154)
(1.1875 0.02747382611 0.001199533154)
(1.2 0.02747382611 0.001199533154)
(1.2125 0.02747382611 0.001199533154)
(1.225 0.02747382611 0.001199533154)
(1.2375 0.02747382611 0.001199533154)
(1.25 0.02747382611 0.001199533154)
(1.2625 0.02747382611 0.001199533154)
(1.275 0.02747382611 0.001199533154)
(1.2875 0.02747382611 0.001199533154)
(1.3 0.02747382611 0.001199533154)
(1.3125 0.02747382611 0.001199533154)
(1.325 0.02747382611 0.001199533154)
(1.3375 0.02747382611 0.001199533154)
(1.35 0.02747382611 0.001199533154)
(1.3625 0.02747382611 0.001199533154)
(1.375 0.02747382611 0.001199533154)
(1.3875 0.02747382611 0.001199533154)
(1.4 0.02747382611 0.001199533154)
(1.4125 0.02747382611 0.001199533154)
(1.425 0.02747382611 0.001199533154)
(1.4375 0.02747382611 0.001199533154)
(1.45 0.02747382611 0.001199533154)
(1.4625 0.02747382611 0.001199533154)
(1.475 0.02747382611 0.001199533154)
(1.4875 0.02747382611 0.001199533154)
(1.5 0.02747382611 0.001199533154)
(1.5125 0.02747382611 0.001199533154)
(1.525 0.02747382611 0.001199533154)
(1.5375 0.02747382611 0.001199533154)
(1.55 0.02747382611 0.001199533154)
(1.5625 0.02747382611 0.001199533154)
(1.575 0.02747382611 0.001199533154)
(1.5875 0.02747382611 0.001199533154)
(1.6 0.02747382611 0.001199533154)
(1.6125 0.02747382611 0.001199533154)
(1.625 0.02747382611 0.001199533154)
(1.6375 0.02747382611 0.001199533154)
(1.65 0.02747382611 0.001199533154)
(1.6625 0.02747382611 0.001199533154)
(1.675 0.02747382611 0.001199533153)
(1.6875 0.02747382611 0.001199533154)
(1.7 0.02747382611 0.001199533154)
(1.7125 0.02747382611 0.001199533154)
(1.725 0.02747382611 0.001199533154)
(1.7375 0.02747382611 0.001199533154)
(1.75 0.02747382611 0.001199533154)
(1.7625 0.02747382611 0.001199533154)
(1.775 0.02747382611 0.001199533154)
(1.7875 0.02747382611 0.001199533154)
(1.8 0.02747382611 0.001199533154)
(1.8125 0.02747382611 0.001199533154)
(1.825 0.02747382611 0.001199533154)
(1.8375 0.02747382611 0.001199533153)
(1.85 0.02747382611 0.001199533154)
(1.8625 0.02747382611 0.001199533154)
(1.875 0.02747382611 0.001199533154)
(1.8875 0.02747382611 0.001199533154)
(1.9 0.02747382611 0.001199533154)
(1.9125 0.02747382611 0.001199533154)
(1.925 0.02747382611 0.001199533154)
(1.9375 0.02747382611 0.001199533154)
(1.95 0.02747382611 0.001199533154)
(1.9625 0.02747382611 0.001199533154)
(1.975 0.02747382611 0.001199533154)
(1.9875 0.02747382611 0.001199533154)
(2 0.02747382611 0.001199533154)
(2.0125 0.02747382611 0.001199533154)
(2.025 0.02747382611 0.001199533154)
(2.0375 0.02747382611 0.001199533154)
(2.05 0.02747382611 0.001199533153)
(2.0625 0.02747382611 0.001199533154)
(2.075 0.02747382611 0.001199533154)
(2.0875 0.02747382611 0.001199533154)
(2.1 0.02747382611 0.001199533154)
(2.1125 0.02747382611 0.001199533154)
(2.125 0.02747382611 0.001199533154)
(2.1375 0.02747382611 0.001199533154)
(2.15 0.02747382611 0.001199533154)
(2.1625 0.02747382611 0.001199533154)
(2.175 0.02747382611 0.001199533154)
(2.1875 0.02747382611 0.001199533154)
(2.2 0.02747382611 0.001199533154)
(2.2125 0.02747382611 0.001199533154)
(2.225 0.02747382611 0.001199533154)
(2.2375 0.02747382611 0.001199533154)
(2.25 0.02747382611 0.001199533154)
(2.2625 0.02747382611 0.001199533154)
(2.275 0.02747382611 0.001199533154)
(2.2875 0.02747382611 0.001199533154)
(2.3 0.02747382611 0.001199533154)
(2.3125 0.02747382611 0.001199533154)
(2.325 0.02747382611 0.001199533154)
(2.3375 0.02747382611 0.001199533154)
(2.35 0.02747382611 0.001199533154)
(2.3625 0.02747382611 0.001199533154)
(2.375 0.02747382611 0.001199533153)
(2.3875 0.02747382611 0.001199533154)
(2.4 0.02747382611 0.001199533154)
(2.4125 0.02747382611 0.001199533154)
(2.425 0.02747382611 0.001199533153)
(2.4375 0.02747382611 0.001199533154)
(2.45 0.02747382611 0.001199533154)
(2.4625 0.02747382611 0.001199533154)
(2.475 0.02747382611 0.001199533154)
(2.4875 0.02747382611 0.001199533154)
(2.5 0.02747382611 0.001199533154)
(2.5125 0.02747382611 0.001199533154)
(2.525 0.02747382611 0.001199533154)
(2.5375 0.02747382611 0.001199533153)
(2.55 0.02747382611 0.001199533154)
(2.5625 0.02747382611 0.001199533154)
(2.575 0.02747382611 0.001199533154)
(2.5875 0.02747382611 0.001199533153)
(2.6 0.02747382611 0.001199533154)
(2.6125 0.02747382611 0.001199533154)
(2.625 0.02747382611 0.001199533154)
(2.6375 0.02747382611 0.001199533154)
(2.65 0.02747382611 0.001199533153)
(2.6625 0.02747382611 0.001199533154)
(2.675 0.02747382611 0.001199533154)
(2.6875 0.02747382611 0.001199533154)
(2.7 0.02747382611 0.001199533154)
(2.7125 0.02747382611 0.001199533154)
(2.725 0.02747382611 0.001199533154)
(2.7375 0.02747382611 0.001199533154)
(2.75 0.02747382611 0.001199533153)
(2.7625 0.02747382611 0.001199533154)
(2.775 0.02747382611 0.001199533154)
(2.7875 0.02747382611 0.001199533154)
(2.8 0.02747382611 0.001199533153)
(2.8125 0.02747382611 0.001199533153)
(2.825 0.02747382611 0.001199533154)
(2.8375 0.02747382611 0.001199533154)
(2.85 0.02747382611 0.001199533154)
(2.8625 0.02747382611 0.001199533154)
(2.875 0.02747382611 0.001199533154)
(2.8875 0.02747382611 0.001199533154)
(2.9 0.02747382611 0.001199533154)
(2.9125 0.02747382611 0.001199533154)
(2.925 0.02747382611 0.001199533154)
(2.9375 0.02747382611 0.001199533154)
(2.95 0.02747382611 0.001199533154)
(2.9625 0.02747382611 0.001199533153)
(2.975 0.02747382611 0.001199533154)
(2.9875 0.02747382611 0.001199533154)
(3 0.02747382611 0.001199533154)
(0 0.02997144666 0.001308581622)
(0.0125 0.02997144666 0.001308581622)
(0.025 0.02997144666 0.001308581622)
(0.0375 0.02997144666 0.001308581622)
(0.05 0.02997144666 0.001308581622)
(0.0625 0.02997144666 0.001308581622)
(0.075 0.02997144666 0.001308581622)
(0.0875 0.02997144666 0.001308581622)
(0.1 0.02997144666 0.001308581622)
(0.1125 0.02997144666 0.001308581622)
(0.125 0.02997144666 0.001308581622)
(0.1375 0.02997144666 0.001308581622)
(0.15 0.02997144666 0.001308581622)
(0.1625 0.02997144666 0.001308581622)
(0.175 0.02997144666 0.001308581622)
(0.1875 0.02997144666 0.001308581622)
(0.2 0.02997144666 0.001308581622)
(0.2125 0.02997144666 0.001308581622)
(0.225 0.02997144666 0.001308581622)
(0.2375 0.02997144666 0.001308581622)
(0.25 0.02997144666 0.001308581622)
(0.2625 0.02997144666 0.001308581622)
(0.275 0.02997144666 0.001308581622)
(0.2875 0.02997144666 0.001308581622)
(0.3 0.02997144666 0.001308581622)
(0.3125 0.02997144666 0.001308581622)
(0.325 0.02997144666 0.001308581622)
(0.3375 0.02997144666 0.001308581622)
(0.35 0.02997144666 0.001308581622)
(0.3625 0.02997144666 0.001308581622)
(0.375 0.02997144666 0.001308581622)
(0.3875 0.02997144666 0.001308581622)
(0.4 0.02997144666 0.001308581622)
(0.4125 0.02997144666 0.001308581622)
(0.425 0.02997144666 0.001308581622)
(0.4375 0.02997144666 0.001308581622)
(0.45 0.02997144666 0.001308581622)
(0.4625 0.02997144666 0.001308581622)
(0.475 0.02997144666 0.001308581622)
(0.4875 0.02997144666 0.001308581622)
(0.5 0.02997144666 0.001308581622)
(0.5125 0.02997144666 0.001308581622)
(0.525 0.02997144666 0.001308581622)
(0.5375 0.02997144666 0.001308581622)
(0.55 0.02997144666 0.001308581622)
(0.5625 0.02997144666 0.001308581622)
(0.575 0.02997144666 0.001308581622)
(0.5875 0.02997144666 0.001308581622)
(0.6 0.02997144666 0.001308581622)
(0.6125 0.02997144666 0.001308581622)
(0.625 0.02997144666 0.001308581622)
(0.6375 0.02997144666 0.001308581622)
(0.65 0.02997144666 0.001308581622)
(0.6625 0.02997144666 0.001308581622)
(0.675 0.02997144666 0.001308581622)
(0.6875 0.02997144666 0.001308581622)
(0.7 0.02997144666 0.001308581622)
(0.7125 0.02997144666 0.001308581622)
(0.725 0.02997144666 0.001308581622)
(0.7375 0.02997144666 0.001308581622)
(0.75 0.02997144666 0.001308581622)
(0.7625 0.02997144666 0.001308581622)
(0.775 0.02997144666 0.001308581622)
(0.7875 0.02997144666 0.001308581622)
(0.8 0.02997144666 0.001308581622)
(0.8125 0.02997144666 0.001308581622)
(0.825 0.02997144666 0.001308581622)
(0.8375 0.02997144666 0.001308581622)
(0.85 0.02997144666 0.001308581622)
(0.8625 0.02997144666 0.001308581622)
(0.875 0.02997144666 0.001308581622)
(0.8875 0.02997144666 0.001308581622)
(0.9 0.02997144666 0.001308581622)
(0.9125 0.02997144666 0.001308581622)
(0.925 0.02997144666 0.001308581622)
(0.9375 0.02997144666 0.001308581622)
(0.95 0.02997144666 0.001308581622)
(0.9625 0.02997144666 0.001308581622)
(0.975 0.02997144666 0.001308581622)
(0.9875 0.02997144666 0.001308581622)
(1 0.02997144666 0.001308581622)
(1.0125 0.02997144666 0.001308581622)
(1.025 0.02997144666 0.001308581622)
(1.0375 0.02997144666 0.001308581622)
(1.05 0.02997144666 0.001308581622)
(1.0625 0.02997144666 0.001308581622)
(1.075 0.02997144666 0.001308581622)
(1.0875 0.02997144666 0.001308581622)
(1.1 0.02997144666 0.001308581622)
(1.1125 0.02997144666 0.001308581622)
(1.125 0.02997144666 0.001308581622)
(1.1375 0.02997144666 0.001308581622)
(1.15 0.02997144666 0.001308581622)
(1.1625 0.02997144666 0.001308581622)
(1.175 0.02997144666 0.001308581622)
(1.1875 0.02997144666 0.001308581622)
(1.2 0.02997144666 0.001308581622)
(1.2125 0.02997144666 0.001308581622)
(1.225 0.02997144666 0.001308581622)
(1.2375 0.02997144666 0.001308581622)
(1.25 0.02997144666 0.001308581622)
(1.2625 0.02997144666 0.001308581622)
(1.275 0.02997144666 0.001308581622)
(1.2875 0.02997144666 0.001308581622)
(1.3 0.02997144666 0.001308581622)
(1.3125 0.02997144666 0.001308581622)
(1.325 0.02997144666 0.001308581622)
(1.3375 0.02997144666 0.001308581622)
(1.35 0.02997144666 0.001308581622)
(1.3625 0.02997144666 0.001308581622)
(1.375 0.02997144666 0.001308581622)
(1.3875 0.02997144666 0.001308581622)
(1.4 0.02997144666 0.001308581622)
(1.4125 0.02997144666 0.001308581622)
(1.425 0.02997144666 0.001308581622)
(1.4375 0.02997144666 0.001308581622)
(1.45 0.02997144666 0.001308581622)
(1.4625 0.02997144666 0.001308581622)
(1.475 0.02997144666 0.001308581622)
(1.4875 0.02997144666 0.001308581622)
(1.5 0.02997144666 0.001308581622)
(1.5125 0.02997144666 0.001308581622)
(1.525 0.02997144666 0.001308581622)
(1.5375 0.02997144666 0.001308581622)
(1.55 0.02997144666 0.001308581622)
(1.5625 0.02997144666 0.001308581622)
(1.575 0.02997144666 0.001308581622)
(1.5875 0.02997144666 0.001308581622)
(1.6 0.02997144666 0.001308581622)
(1.6125 0.02997144666 0.001308581622)
(1.625 0.02997144666 0.001308581622)
(1.6375 0.02997144666 0.001308581622)
(1.65 0.02997144666 0.001308581622)
(1.6625 0.02997144666 0.001308581622)
(1.675 0.02997144666 0.001308581622)
(1.6875 0.02997144666 0.001308581622)
(1.7 0.02997144666 0.001308581622)
(1.7125 0.02997144666 0.001308581622)
(1.725 0.02997144666 0.001308581622)
(1.7375 0.02997144666 0.001308581622)
(1.75 0.02997144666 0.001308581622)
(1.7625 0.02997144666 0.001308581622)
(1.775 0.02997144666 0.001308581622)
(1.7875 0.02997144666 0.001308581622)
(1.8 0.02997144666 0.001308581622)
(1.8125 0.02997144666 0.001308581622)
(1.825 0.02997144666 0.001308581622)
(1.8375 0.02997144666 0.001308581622)
(1.85 0.02997144666 0.001308581622)
(1.8625 0.02997144666 0.001308581622)
(1.875 0.02997144666 0.001308581622)
(1.8875 0.02997144666 0.001308581622)
(1.9 0.02997144666 0.001308581622)
(1.9125 0.02997144666 0.001308581622)
(1.925 0.02997144666 0.001308581622)
(1.9375 0.02997144666 0.001308581622)
(1.95 0.02997144666 0.001308581622)
(1.9625 0.02997144666 0.001308581622)
(1.975 0.02997144666 0.001308581622)
(1.9875 0.02997144666 0.001308581622)
(2 0.02997144666 0.001308581622)
(2.0125 0.02997144666 0.001308581622)
(2.025 0.02997144666 0.001308581622)
(2.0375 0.02997144666 0.001308581622)
(2.05 0.02997144666 0.001308581622)
(2.0625 0.02997144666 0.001308581622)
(2.075 0.02997144666 0.001308581622)
(2.0875 0.02997144666 0.001308581622)
(2.1 0.02997144666 0.001308581622)
(2.1125 0.02997144666 0.001308581622)
(2.125 0.02997144666 0.001308581622)
(2.1375 0.02997144666 0.001308581622)
(2.15 0.02997144666 0.001308581622)
(2.1625 0.02997144666 0.001308581622)
(2.175 0.02997144666 0.001308581622)
(2.1875 0.02997144666 0.001308581622)
(2.2 0.02997144666 0.001308581622)
(2.2125 0.02997144666 0.001308581622)
(2.225 0.02997144666 0.001308581622)
(2.2375 0.02997144666 0.001308581622)
(2.25 0.02997144666 0.001308581622)
(2.2625 0.02997144666 0.001308581622)
(2.275 0.02997144666 0.001308581622)
(2.2875 0.02997144666 0.001308581622)
(2.3 0.02997144666 0.001308581622)
(2.3125 0.02997144666 0.001308581622)
(2.325 0.02997144666 0.001308581622)
(2.3375 0.02997144666 0.001308581622)
(2.35 0.02997144666 0.001308581622)
(2.3625 0.02997144666 0.001308581622)
(2.375 0.02997144666 0.001308581622)
(2.3875 0.02997144666 0.001308581622)
(2.4 0.02997144666 0.001308581622)
(2.4125 0.02997144666 0.001308581622)
(2.425 0.02997144666 0.001308581622)
(2.4375 0.02997144666 0.001308581622)
(2.45 0.02997144666 0.001308581622)
(2.4625 0.02997144666 0.001308581622)
(2.475 0.02997144666 0.001308581622)
(2.4875 0.02997144666 0.001308581622)
(2.5 0.02997144666 0.001308581622)
(2.5125 0.02997144666 0.001308581622)
(2.525 0.02997144666 0.001308581622)
(2.5375 0.02997144666 0.001308581622)
(2.55 0.02997144666 0.001308581622)
(2.5625 0.02997144666 0.001308581622)
(2.575 0.02997144666 0.001308581622)
(2.5875 0.02997144666 0.001308581622)
(2.6 0.02997144666 0.001308581622)
(2.6125 0.02997144666 0.001308581622)
(2.625 0.02997144666 0.001308581622)
(2.6375 0.02997144666 0.001308581622)
(2.65 0.02997144666 0.001308581622)
(2.6625 0.02997144666 0.001308581622)
(2.675 0.02997144666 0.001308581622)
(2.6875 0.02997144666 0.001308581622)
(2.7 0.02997144666 0.001308581622)
(2.7125 0.02997144666 0.001308581622)
(2.725 0.02997144666 0.001308581622)
(2.7375 0.02997144666 0.001308581622)
(2.75 0.02997144666 0.001308581622)
(2.7625 0.02997144666 0.001308581622)
(2.775 0.02997144666 0.001308581622)
(2.7875 0.02997144666 0.001308581622)
(2.8 0.02997144666 0.001308581622)
(2.8125 0.02997144666 0.001308581622)
(2.825 0.02997144666 0.001308581622)
(2.8375 0.02997144666 0.001308581622)
(2.85 0.02997144666 0.001308581622)
(2.8625 0.02997144666 0.001308581622)
(2.875 0.02997144666 0.001308581622)
(2.8875 0.02997144666 0.001308581622)
(2.9 0.02997144666 0.001308581622)
(2.9125 0.02997144666 0.001308581622)
(2.925 0.02997144666 0.001308581622)
(2.9375 0.02997144666 0.001308581622)
(2.95 0.02997144666 0.001308581622)
(2.9625 0.02997144666 0.001308581622)
(2.975 0.02997144666 0.001308581622)
(2.9875 0.02997144666 0.001308581622)
(3 0.02997144666 0.001308581622)
(0 0.03246906722 0.001417630091)
(0.0125 0.03246906722 0.001417630091)
(0.025 0.03246906722 0.001417630091)
(0.0375 0.03246906722 0.001417630091)
(0.05 0.03246906722 0.001417630091)
(0.0625 0.03246906722 0.001417630091)
(0.075 0.03246906722 0.001417630091)
(0.0875 0.03246906722 0.001417630091)
(0.1 0.03246906722 0.001417630091)
(0.1125 0.03246906722 0.001417630091)
(0.125 0.03246906722 0.001417630091)
(0.1375 0.03246906722 0.001417630091)
(0.15 0.03246906722 0.001417630091)
(0.1625 0.03246906722 0.001417630091)
(0.175 0.03246906722 0.001417630091)
(0.1875 0.03246906722 0.001417630091)
(0.2 0.03246906722 0.001417630091)
(0.2125 0.03246906722 0.001417630091)
(0.225 0.03246906722 0.001417630091)
(0.2375 0.03246906722 0.001417630091)
(0.25 0.03246906722 0.001417630091)
(0.2625 0.03246906722 0.001417630091)
(0.275 0.03246906722 0.001417630091)
(0.2875 0.03246906722 0.001417630091)
(0.3 0.03246906722 0.001417630091)
(0.3125 0.03246906722 0.001417630091)
(0.325 0.03246906722 0.001417630091)
(0.3375 0.03246906722 0.001417630091)
(0.35 0.03246906722 0.001417630091)
(0.3625 0.03246906722 0.001417630091)
(0.375 0.03246906722 0.001417630091)
(0.3875 0.03246906722 0.001417630091)
(0.4 0.03246906722 0.001417630091)
(0.4125 0.03246906722 0.001417630091)
(0.425 0.03246906722 0.001417630091)
(0.4375 0.03246906722 0.001417630091)
(0.45 0.03246906722 0.001417630091)
(0.4625 0.03246906722 0.001417630091)
(0.475 0.03246906722 0.001417630091)
(0.4875 0.03246906722 0.001417630091)
(0.5 0.03246906722 0.001417630091)
(0.5125 0.03246906722 0.001417630091)
(0.525 0.03246906722 0.001417630091)
(0.5375 0.03246906722 0.001417630091)
(0.55 0.03246906722 0.001417630091)
(0.5625 0.03246906722 0.001417630091)
(0.575 0.03246906722 0.001417630091)
(0.5875 0.03246906722 0.001417630091)
(0.6 0.03246906722 0.001417630091)
(0.6125 0.03246906722 0.001417630091)
(0.625 0.03246906722 0.00141763009)
(0.6375 0.03246906722 0.00141763009)
(0.65 0.03246906722 0.001417630091)
(0.6625 0.03246906722 0.001417630091)
(0.675 0.03246906722 0.001417630091)
(0.6875 0.03246906722 0.001417630091)
(0.7 0.03246906722 0.00141763009)
(0.7125 0.03246906722 0.00141763009)
(0.725 0.03246906722 0.001417630091)
(0.7375 0.03246906722 0.001417630091)
(0.75 0.03246906722 0.001417630091)
(0.7625 0.03246906722 0.001417630091)
(0.775 0.03246906722 0.001417630091)
(0.7875 0.03246906722 0.001417630091)
(0.8 0.03246906722 0.001417630091)
(0.8125 0.03246906722 0.001417630091)
(0.825 0.03246906722 0.001417630091)
(0.8375 0.03246906722 0.001417630091)
(0.85 0.03246906722 0.001417630091)
(0.8625 0.03246906722 0.001417630091)
(0.875 0.03246906722 0.00141763009)
(0.8875 0.03246906722 0.00141763009)
(0.9 0.03246906722 0.001417630091)
(0.9125 0.03246906722 0.001417630091)
(0.925 0.03246906722 0.001417630091)
(0.9375 0.03246906722 0.00141763009)
(0.95 0.03246906722 0.001417630091)
(0.9625 0.03246906722 0.00141763009)
(0.975 0.03246906722 0.001417630091)
(0.9875 0.03246906722 0.001417630091)
(1 0.03246906722 0.001417630091)
(1.0125 0.03246906722 0.00141763009)
(1.025 0.03246906722 0.00141763009)
(1.0375 0.03246906722 0.00141763009)
(1.05 0.03246906722 0.001417630091)
(1.0625 0.03246906722 0.00141763009)
(1.075 0.03246906722 0.00141763009)
(1.0875 0.03246906722 0.00141763009)
(1.1 0.03246906722 0.00141763009)
(1.1125 0.03246906722 0.00141763009)
(1.125 0.03246906722 0.00141763009)
(1.1375 0.03246906722 0.00141763009)
(1.15 0.03246906722 0.001417630091)
(1.1625 0.03246906722 0.001417630091)
(1.175 0.03246906722 0.001417630091)
(1.1875 0.03246906722 0.001417630091)
(1.2 0.03246906722 0.00141763009)
(1.2125 0.03246906722 0.00141763009)
(1.225 0.03246906722 0.00141763009)
(1.2375 0.03246906722 0.00141763009)
(1.25 0.03246906722 0.001417630091)
(1.2625 0.03246906722 0.00141763009)
(1.275 0.03246906722 0.00141763009)
(1.2875 0.03246906722 0.00141763009)
(1.3 0.03246906722 0.00141763009)
(1.3125 0.03246906722 0.00141763009)
(1.325 0.03246906722 0.00141763009)
(1.3375 0.03246906722 0.00141763009)
(1.35 0.03246906722 0.001417630091)
(1.3625 0.03246906722 0.001417630091)
(1.375 0.03246906722 0.001417630091)
(1.3875 0.03246906722 0.001417630091)
(1.4 0.03246906722 0.00141763009)
(1.4125 0.03246906722 0.00141763009)
(1.425 0.03246906722 0.00141763009)
(1.4375 0.03246906722 0.001417630091)
(1.45 0.03246906722 0.001417630091)
(1.4625 0.03246906722 0.001417630091)
(1.475 0.03246906722 0.00141763009)
(1.4875 0.03246906722 0.001417630091)
(1.5 0.03246906722 0.00141763009)
(1.5125 0.03246906722 0.00141763009)
(1.525 0.03246906722 0.00141763009)
(1.5375 0.03246906722 0.00141763009)
(1.55 0.03246906722 0.001417630091)
(1.5625 0.03246906722 0.001417630091)
(1.575 0.03246906722 0.001417630091)
(1.5875 0.03246906722 0.001417630091)
(1.6 0.03246906722 0.001417630091)
(1.6125 0.03246906722 0.00141763009)
(1.625 0.03246906722 0.00141763009)
(1.6375 0.03246906722 0.001417630091)
(1.65 0.03246906722 0.001417630091)
(1.6625 0.03246906722 0.001417630091)
(1.675 0.03246906722 0.00141763009)
(1.6875 0.03246906722 0.001417630091)
(1.7 0.03246906722 0.001417630091)
(1.7125 0.03246906722 0.00141763009)
(1.725 0.03246906722 0.00141763009)
(1.7375 0.03246906722 0.001417630091)
(1.75 0.03246906722 0.001417630091)
(1.7625 0.03246906722 0.001417630091)
(1.775 0.03246906722 0.001417630091)
(1.7875 0.03246906722 0.001417630091)
(1.8 0.03246906722 0.001417630091)
(1.8125 0.03246906722 0.001417630091)
(1.825 0.03246906722 0.00141763009)
(1.8375 0.03246906722 0.001417630091)
(1.85 0.03246906722 0.001417630091)
(1.8625 0.03246906722 0.001417630091)
(1.875 0.03246906722 0.001417630091)
(1.8875 0.03246906722 0.00141763009)
(1.9 0.03246906722 0.001417630091)
(1.9125 0.03246906722 0.001417630091)
(1.925 0.03246906722 0.001417630091)
(1.9375 0.03246906722 0.001417630091)
(1.95 0.03246906722 0.001417630091)
(1.9625 0.03246906722 0.001417630091)
(1.975 0.03246906722 0.001417630091)
(1.9875 0.03246906722 0.001417630091)
(2 0.03246906722 0.001417630091)
(2.0125 0.03246906722 0.001417630091)
(2.025 0.03246906722 0.001417630091)
(2.0375 0.03246906722 0.001417630091)
(2.05 0.03246906722 0.001417630091)
(2.0625 0.03246906722 0.001417630091)
(2.075 0.03246906722 0.001417630091)
(2.0875 0.03246906722 0.00141763009)
(2.1 0.03246906722 0.00141763009)
(2.1125 0.03246906722 0.001417630091)
(2.125 0.03246906722 0.001417630091)
(2.1375 0.03246906722 0.001417630091)
(2.15 0.03246906722 0.001417630091)
(2.1625 0.03246906722 0.001417630091)
(2.175 0.03246906722 0.001417630091)
(2.1875 0.03246906722 0.00141763009)
(2.2 0.03246906722 0.00141763009)
(2.2125 0.03246906722 0.001417630091)
(2.225 0.03246906722 0.001417630091)
(2.2375 0.03246906722 0.001417630091)
(2.25 0.03246906722 0.001417630091)
(2.2625 0.03246906722 0.001417630091)
(2.275 0.03246906722 0.001417630091)
(2.2875 0.03246906722 0.00141763009)
(2.3 0.03246906722 0.001417630091)
(2.3125 0.03246906722 0.001417630091)
(2.325 0.03246906722 0.001417630091)
(2.3375 0.03246906722 0.001417630091)
(2.35 0.03246906722 0.001417630091)
(2.3625 0.03246906722 0.00141763009)
(2.375 0.03246906722 0.00141763009)
(2.3875 0.03246906722 0.001417630091)
(2.4 0.03246906722 0.001417630091)
(2.4125 0.03246906722 0.001417630091)
(2.425 0.03246906722 0.001417630091)
(2.4375 0.03246906722 0.001417630091)
(2.45 0.03246906722 0.001417630091)
(2.4625 0.03246906722 0.001417630091)
(2.475 0.03246906722 0.001417630091)
(2.4875 0.03246906722 0.001417630091)
(2.5 0.03246906722 0.001417630091)
(2.5125 0.03246906722 0.001417630091)
(2.525 0.03246906722 0.001417630091)
(2.5375 0.03246906722 0.001417630091)
(2.55 0.03246906722 0.001417630091)
(2.5625 0.03246906722 0.001417630091)
(2.575 0.03246906722 0.00141763009)
(2.5875 0.03246906722 0.001417630091)
(2.6 0.03246906722 0.001417630091)
(2.6125 0.03246906722 0.001417630091)
(2.625 0.03246906722 0.001417630091)
(2.6375 0.03246906722 0.001417630091)
(2.65 0.03246906722 0.001417630091)
(2.6625 0.03246906722 0.001417630091)
(2.675 0.03246906722 0.001417630091)
(2.6875 0.03246906722 0.001417630091)
(2.7 0.03246906722 0.001417630091)
(2.7125 0.03246906722 0.001417630091)
(2.725 0.03246906722 0.001417630091)
(2.7375 0.03246906722 0.001417630091)
(2.75 0.03246906722 0.001417630091)
(2.7625 0.03246906722 0.001417630091)
(2.775 0.03246906722 0.001417630091)
(2.7875 0.03246906722 0.001417630091)
(2.8 0.03246906722 0.001417630091)
(2.8125 0.03246906722 0.001417630091)
(2.825 0.03246906722 0.001417630091)
(2.8375 0.03246906722 0.001417630091)
(2.85 0.03246906722 0.00141763009)
(2.8625 0.03246906722 0.001417630091)
(2.875 0.03246906722 0.001417630091)
(2.8875 0.03246906722 0.001417630091)
(2.9 0.03246906722 0.001417630091)
(2.9125 0.03246906722 0.001417630091)
(2.925 0.03246906722 0.001417630091)
(2.9375 0.03246906722 0.001417630091)
(2.95 0.03246906722 0.001417630091)
(2.9625 0.03246906722 0.001417630091)
(2.975 0.03246906722 0.001417630091)
(2.9875 0.03246906722 0.001417630091)
(3 0.03246906722 0.001417630091)
(0 0.03496668777 0.001526678559)
(0.0125 0.03496668777 0.001526678559)
(0.025 0.03496668777 0.001526678559)
(0.0375 0.03496668777 0.001526678559)
(0.05 0.03496668777 0.001526678559)
(0.0625 0.03496668777 0.001526678559)
(0.075 0.03496668777 0.001526678559)
(0.0875 0.03496668777 0.001526678559)
(0.1 0.03496668777 0.001526678559)
(0.1125 0.03496668777 0.001526678559)
(0.125 0.03496668777 0.001526678559)
(0.1375 0.03496668777 0.001526678559)
(0.15 0.03496668777 0.001526678559)
(0.1625 0.03496668777 0.001526678559)
(0.175 0.03496668777 0.001526678559)
(0.1875 0.03496668777 0.001526678559)
(0.2 0.03496668777 0.001526678559)
(0.2125 0.03496668777 0.001526678559)
(0.225 0.03496668777 0.001526678559)
(0.2375 0.03496668777 0.001526678559)
(0.25 0.03496668777 0.001526678559)
(0.2625 0.03496668777 0.001526678559)
(0.275 0.03496668777 0.001526678559)
(0.2875 0.03496668777 0.001526678559)
(0.3 0.03496668777 0.001526678559)
(0.3125 0.03496668777 0.001526678559)
(0.325 0.03496668777 0.001526678559)
(0.3375 0.03496668777 0.001526678559)
(0.35 0.03496668777 0.001526678559)
(0.3625 0.03496668777 0.001526678559)
(0.375 0.03496668777 0.001526678559)
(0.3875 0.03496668777 0.001526678559)
(0.4 0.03496668777 0.001526678559)
(0.4125 0.03496668777 0.001526678559)
(0.425 0.03496668777 0.001526678559)
(0.4375 0.03496668777 0.001526678559)
(0.45 0.03496668777 0.001526678559)
(0.4625 0.03496668777 0.001526678559)
(0.475 0.03496668777 0.001526678559)
(0.4875 0.03496668777 0.001526678559)
(0.5 0.03496668777 0.001526678559)
(0.5125 0.03496668777 0.001526678559)
(0.525 0.03496668777 0.001526678559)
(0.5375 0.03496668777 0.001526678559)
(0.55 0.03496668777 0.001526678559)
(0.5625 0.03496668777 0.001526678559)
(0.575 0.03496668777 0.001526678559)
(0.5875 0.03496668777 0.001526678559)
(0.6 0.03496668777 0.001526678559)
(0.6125 0.03496668777 0.001526678559)
(0.625 0.03496668777 0.001526678559)
(0.6375 0.03496668777 0.001526678559)
(0.65 0.03496668777 0.001526678559)
(0.6625 0.03496668777 0.001526678559)
(0.675 0.03496668777 0.001526678559)
(0.6875 0.03496668777 0.001526678559)
(0.7 0.03496668777 0.001526678559)
(0.7125 0.03496668777 0.001526678559)
(0.725 0.03496668777 0.001526678559)
(0.7375 0.03496668777 0.001526678559)
(0.75 0.03496668777 0.001526678559)
(0.7625 0.03496668777 0.001526678559)
(0.775 0.03496668777 0.001526678559)
(0.7875 0.03496668777 0.001526678559)
(0.8 0.03496668777 0.001526678559)
(0.8125 0.03496668777 0.001526678559)
(0.825 0.03496668777 0.001526678559)
(0.8375 0.03496668777 0.001526678559)
(0.85 0.03496668777 0.001526678559)
(0.8625 0.03496668777 0.001526678559)
(0.875 0.03496668777 0.001526678559)
(0.8875 0.03496668777 0.001526678559)
(0.9 0.03496668777 0.001526678559)
(0.9125 0.03496668777 0.001526678559)
(0.925 0.03496668777 0.001526678559)
(0.9375 0.03496668777 0.001526678559)
(0.95 0.03496668777 0.001526678559)
(0.9625 0.03496668777 0.001526678559)
(0.975 0.03496668777 0.001526678559)
(0.9875 0.03496668777 0.001526678559)
(1 0.03496668777 0.001526678559)
(1.0125 0.03496668777 0.001526678559)
(1.025 0.03496668777 0.001526678559)
(1.0375 0.03496668777 0.001526678559)
(1.05 0.03496668777 0.001526678559)
(1.0625 0.03496668777 0.001526678559)
(1.075 0.03496668777 0.001526678559)
(1.0875 0.03496668777 0.001526678559)
(1.1 0.03496668777 0.001526678559)
(1.1125 0.03496668777 0.001526678559)
(1.125 0.03496668777 0.001526678559)
(1.1375 0.03496668777 0.001526678559)
(1.15 0.03496668777 0.001526678559)
(1.1625 0.03496668777 0.001526678559)
(1.175 0.03496668777 0.001526678559)
(1.1875 0.03496668777 0.001526678559)
(1.2 0.03496668777 0.001526678559)
(1.2125 0.03496668777 0.001526678559)
(1.225 0.03496668777 0.001526678559)
(1.2375 0.03496668777 0.001526678559)
(1.25 0.03496668777 0.001526678559)
(1.2625 0.03496668777 0.001526678559)
(1.275 0.03496668777 0.001526678559)
(1.2875 0.03496668777 0.001526678559)
(1.3 0.03496668777 0.001526678559)
(1.3125 0.03496668777 0.001526678559)
(1.325 0.03496668777 0.001526678559)
(1.3375 0.03496668777 0.001526678559)
(1.35 0.03496668777 0.001526678559)
(1.3625 0.03496668777 0.001526678559)
(1.375 0.03496668777 0.001526678559)
(1.3875 0.03496668777 0.001526678559)
(1.4 0.03496668777 0.001526678559)
(1.4125 0.03496668777 0.001526678559)
(1.425 0.03496668777 0.001526678559)
(1.4375 0.03496668777 0.001526678559)
(1.45 0.03496668777 0.001526678559)
(1.4625 0.03496668777 0.001526678559)
(1.475 0.03496668777 0.001526678559)
(1.4875 0.03496668777 0.001526678559)
(1.5 0.03496668777 0.001526678559)
(1.5125 0.03496668777 0.001526678559)
(1.525 0.03496668777 0.001526678559)
(1.5375 0.03496668777 0.001526678559)
(1.55 0.03496668777 0.001526678559)
(1.5625 0.03496668777 0.001526678559)
(1.575 0.03496668777 0.001526678559)
(1.5875 0.03496668777 0.001526678559)
(1.6 0.03496668777 0.001526678559)
(1.6125 0.03496668777 0.001526678559)
(1.625 0.03496668777 0.001526678559)
(1.6375 0.03496668777 0.001526678559)
(1.65 0.03496668777 0.001526678559)
(1.6625 0.03496668777 0.001526678559)
(1.675 0.03496668777 0.001526678559)
(1.6875 0.03496668777 0.001526678559)
(1.7 0.03496668777 0.001526678559)
(1.7125 0.03496668777 0.001526678559)
(1.725 0.03496668777 0.001526678559)
(1.7375 0.03496668777 0.001526678559)
(1.75 0.03496668777 0.001526678559)
(1.7625 0.03496668777 0.001526678559)
(1.775 0.03496668777 0.001526678559)
(1.7875 0.03496668777 0.001526678559)
(1.8 0.03496668777 0.001526678559)
(1.8125 0.03496668777 0.001526678559)
(1.825 0.03496668777 0.001526678559)
(1.8375 0.03496668777 0.001526678559)
(1.85 0.03496668777 0.001526678559)
(1.8625 0.03496668777 0.001526678559)
(1.875 0.03496668777 0.001526678559)
(1.8875 0.03496668777 0.001526678559)
(1.9 0.03496668777 0.001526678559)
(1.9125 0.03496668777 0.001526678559)
(1.925 0.03496668777 0.001526678559)
(1.9375 0.03496668777 0.001526678559)
(1.95 0.03496668777 0.001526678559)
(1.9625 0.03496668777 0.001526678559)
(1.975 0.03496668777 0.001526678559)
(1.9875 0.03496668777 0.001526678559)
(2 0.03496668777 0.001526678559)
(2.0125 0.03496668777 0.001526678559)
(2.025 0.03496668777 0.001526678559)
(2.0375 0.03496668777 0.001526678559)
(2.05 0.03496668777 0.001526678559)
(2.0625 0.03496668777 0.001526678559)
(2.075 0.03496668777 0.001526678559)
(2.0875 0.03496668777 0.001526678559)
(2.1 0.03496668777 0.001526678559)
(2.1125 0.03496668777 0.001526678559)
(2.125 0.03496668777 0.001526678559)
(2.1375 0.03496668777 0.001526678559)
(2.15 0.03496668777 0.001526678559)
(2.1625 0.03496668777 0.001526678559)
(2.175 0.03496668777 0.001526678559)
(2.1875 0.03496668777 0.001526678559)
(2.2 0.03496668777 0.001526678559)
(2.2125 0.03496668777 0.001526678559)
(2.225 0.03496668777 0.001526678559)
(2.2375 0.03496668777 0.001526678559)
(2.25 0.03496668777 0.001526678559)
(2.2625 0.03496668777 0.001526678559)
(2.275 0.03496668777 0.001526678559)
(2.2875 0.03496668777 0.001526678559)
(2.3 0.03496668777 0.001526678559)
(2.3125 0.03496668777 0.001526678559)
(2.325 0.03496668777 0.001526678559)
(2.3375 0.03496668777 0.001526678559)
(2.35 0.03496668777 0.001526678559)
(2.3625 0.03496668777 0.001526678559)
(2.375 0.03496668777 0.001526678559)
(2.3875 0.03496668777 0.001526678559)
(2.4 0.03496668777 0.001526678559)
(2.4125 0.03496668777 0.001526678559)
(2.425 0.03496668777 0.001526678559)
(2.4375 0.03496668777 0.001526678559)
(2.45 0.03496668777 0.001526678559)
(2.4625 0.03496668777 0.001526678559)
(2.475 0.03496668777 0.001526678559)
(2.4875 0.03496668777 0.001526678559)
(2.5 0.03496668777 0.001526678559)
(2.5125 0.03496668777 0.001526678559)
(2.525 0.03496668777 0.001526678559)
(2.5375 0.03496668777 0.001526678559)
(2.55 0.03496668777 0.001526678559)
(2.5625 0.03496668777 0.001526678559)
(2.575 0.03496668777 0.001526678559)
(2.5875 0.03496668777 0.001526678559)
(2.6 0.03496668777 0.001526678559)
(2.6125 0.03496668777 0.001526678559)
(2.625 0.03496668777 0.001526678559)
(2.6375 0.03496668777 0.001526678559)
(2.65 0.03496668777 0.001526678559)
(2.6625 0.03496668777 0.001526678559)
(2.675 0.03496668777 0.001526678559)
(2.6875 0.03496668777 0.001526678559)
(2.7 0.03496668777 0.001526678559)
(2.7125 0.03496668777 0.001526678559)
(2.725 0.03496668777 0.001526678559)
(2.7375 0.03496668777 0.001526678559)
(2.75 0.03496668777 0.001526678559)
(2.7625 0.03496668777 0.001526678559)
(2.775 0.03496668777 0.001526678559)
(2.7875 0.03496668777 0.001526678559)
(2.8 0.03496668777 0.001526678559)
(2.8125 0.03496668777 0.001526678559)
(2.825 0.03496668777 0.001526678559)
(2.8375 0.03496668777 0.001526678559)
(2.85 0.03496668777 0.001526678559)
(2.8625 0.03496668777 0.001526678559)
(2.875 0.03496668777 0.001526678559)
(2.8875 0.03496668777 0.001526678559)
(2.9 0.03496668777 0.001526678559)
(2.9125 0.03496668777 0.001526678559)
(2.925 0.03496668777 0.001526678559)
(2.9375 0.03496668777 0.001526678559)
(2.95 0.03496668777 0.001526678559)
(2.9625 0.03496668777 0.001526678559)
(2.975 0.03496668777 0.001526678559)
(2.9875 0.03496668777 0.001526678559)
(3 0.03496668777 0.001526678559)
(0 0.03746430833 0.001635727027)
(0.0125 0.03746430833 0.001635727027)
(0.025 0.03746430833 0.001635727027)
(0.0375 0.03746430833 0.001635727028)
(0.05 0.03746430833 0.001635727027)
(0.0625 0.03746430833 0.001635727027)
(0.075 0.03746430833 0.001635727027)
(0.0875 0.03746430833 0.001635727027)
(0.1 0.03746430833 0.001635727027)
(0.1125 0.03746430833 0.001635727027)
(0.125 0.03746430833 0.001635727027)
(0.1375 0.03746430833 0.001635727027)
(0.15 0.03746430833 0.001635727027)
(0.1625 0.03746430833 0.001635727027)
(0.175 0.03746430833 0.001635727027)
(0.1875 0.03746430833 0.001635727027)
(0.2 0.03746430833 0.001635727027)
(0.2125 0.03746430833 0.001635727027)
(0.225 0.03746430833 0.001635727027)
(0.2375 0.03746430833 0.001635727027)
(0.25 0.03746430833 0.001635727027)
(0.2625 0.03746430833 0.001635727027)
(0.275 0.03746430833 0.001635727027)
(0.2875 0.03746430833 0.001635727027)
(0.3 0.03746430833 0.001635727027)
(0.3125 0.03746430833 0.001635727027)
(0.325 0.03746430833 0.001635727027)
(0.3375 0.03746430833 0.001635727027)
(0.35 0.03746430833 0.001635727027)
(0.3625 0.03746430833 0.001635727027)
(0.375 0.03746430833 0.001635727027)
(0.3875 0.03746430833 0.001635727027)
(0.4 0.03746430833 0.001635727027)
(0.4125 0.03746430833 0.001635727027)
(0.425 0.03746430833 0.001635727027)
(0.4375 0.03746430833 0.001635727027)
(0.45 0.03746430833 0.001635727027)
(0.4625 0.03746430833 0.001635727027)
(0.475 0.03746430833 0.001635727027)
(0.4875 0.03746430833 0.001635727027)
(0.5 0.03746430833 0.001635727027)
(0.5125 0.03746430833 0.001635727027)
(0.525 0.03746430833 0.001635727027)
(0.5375 0.03746430833 0.001635727027)
(0.55 0.03746430833 0.001635727027)
(0.5625 0.03746430833 0.001635727027)
(0.575 0.03746430833 0.001635727027)
(0.5875 0.03746430833 0.001635727027)
(0.6 0.03746430833 0.001635727027)
(0.6125 0.03746430833 0.001635727027)
(0.625 0.03746430833 0.001635727027)
(0.6375 0.03746430833 0.001635727027)
(0.65 0.03746430833 0.001635727027)
(0.6625 0.03746430833 0.001635727027)
(0.675 0.03746430833 0.001635727027)
(0.6875 0.03746430833 0.001635727027)
(0.7 0.03746430833 0.001635727027)
(0.7125 0.03746430833 0.001635727027)
(0.725 0.03746430833 0.001635727027)
(0.7375 0.03746430833 0.001635727027)
(0.75 0.03746430833 0.001635727027)
(0.7625 0.03746430833 0.001635727027)
(0.775 0.03746430833 0.001635727027)
(0.7875 0.03746430833 0.001635727027)
(0.8 0.03746430833 0.001635727027)
(0.8125 0.03746430833 0.001635727027)
(0.825 0.03746430833 0.001635727027)
(0.8375 0.03746430833 0.001635727027)
(0.85 0.03746430833 0.001635727027)
(0.8625 0.03746430833 0.001635727027)
(0.875 0.03746430833 0.001635727027)
(0.8875 0.03746430833 0.001635727027)
(0.9 0.03746430833 0.001635727027)
(0.9125 0.03746430833 0.001635727027)
(0.925 0.03746430833 0.001635727027)
(0.9375 0.03746430833 0.001635727027)
(0.95 0.03746430833 0.001635727027)
(0.9625 0.03746430833 0.001635727027)
(0.975 0.03746430833 0.001635727027)
(0.9875 0.03746430833 0.001635727027)
(1 0.03746430833 0.001635727027)
(1.0125 0.03746430833 0.001635727027)
(1.025 0.03746430833 0.001635727027)
(1.0375 0.03746430833 0.001635727027)
(1.05 0.03746430833 0.001635727027)
(1.0625 0.03746430833 0.001635727027)
(1.075 0.03746430833 0.001635727027)
(1.0875 0.03746430833 0.001635727027)
(1.1 0.03746430833 0.001635727027)
(1.1125 0.03746430833 0.001635727027)
(1.125 0.03746430833 0.001635727027)
(1.1375 0.03746430833 0.001635727027)
(1.15 0.03746430833 0.001635727027)
(1.1625 0.03746430833 0.001635727027)
(1.175 0.03746430833 0.001635727028)
(1.1875 0.03746430833 0.001635727027)
(1.2 0.03746430833 0.001635727027)
(1.2125 0.03746430833 0.001635727027)
(1.225 0.03746430833 0.001635727027)
(1.2375 0.03746430833 0.001635727027)
(1.25 0.03746430833 0.001635727027)
(1.2625 0.03746430833 0.001635727027)
(1.275 0.03746430833 0.001635727027)
(1.2875 0.03746430833 0.001635727027)
(1.3 0.03746430833 0.001635727027)
(1.3125 0.03746430833 0.001635727027)
(1.325 0.03746430833 0.001635727027)
(1.3375 0.03746430833 0.001635727028)
(1.35 0.03746430833 0.001635727027)
(1.3625 0.03746430833 0.001635727027)
(1.375 0.03746430833 0.001635727027)
(1.3875 0.03746430833 0.001635727027)
(1.4 0.03746430833 0.001635727027)
(1.4125 0.03746430833 0.001635727027)
(1.425 0.03746430833 0.001635727027)
(1.4375 0.03746430832 0.001635727027)
(1.45 0.03746430833 0.001635727027)
(1.4625 0.03746430833 0.001635727027)
(1.475 0.03746430833 0.001635727027)
(1.4875 0.03746430833 0.001635727027)
(1.5 0.03746430833 0.001635727027)
(1.5125 0.03746430833 0.001635727027)
(1.525 0.03746430833 0.001635727027)
(1.5375 0.03746430833 0.001635727027)
(1.55 0.03746430833 0.001635727027)
(1.5625 0.03746430833 0.001635727028)
(1.575 0.03746430833 0.001635727027)
(1.5875 0.03746430833 0.001635727027)
(1.6 0.03746430833 0.001635727027)
(1.6125 0.03746430833 0.001635727027)
(1.625 0.03746430833 0.001635727027)
(1.6375 0.03746430833 0.001635727027)
(1.65 0.03746430833 0.001635727027)
(1.6625 0.03746430833 0.001635727027)
(1.675 0.03746430833 0.001635727027)
(1.6875 0.03746430833 0.001635727027)
(1.7 0.03746430833 0.001635727027)
(1.7125 0.03746430833 0.001635727027)
(1.725 0.03746430833 0.001635727027)
(1.7375 0.03746430833 0.001635727027)
(1.75 0.03746430833 0.001635727027)
(1.7625 0.03746430833 0.001635727027)
(1.775 0.03746430833 0.001635727027)
(1.7875 0.03746430833 0.001635727027)
(1.8 0.03746430833 0.001635727027)
(1.8125 0.03746430833 0.001635727027)
(1.825 0.03746430833 0.001635727027)
(1.8375 0.03746430833 0.001635727027)
(1.85 0.03746430833 0.001635727027)
(1.8625 0.03746430833 0.001635727027)
(1.875 0.03746430833 0.001635727027)
(1.8875 0.03746430833 0.001635727028)
(1.9 0.03746430833 0.001635727027)
(1.9125 0.03746430833 0.001635727027)
(1.925 0.03746430833 0.001635727027)
(1.9375 0.03746430833 0.001635727027)
(1.95 0.03746430833 0.001635727028)
(1.9625 0.03746430833 0.001635727027)
(1.975 0.03746430833 0.001635727027)
(1.9875 0.03746430833 0.001635727027)
(2 0.03746430833 0.001635727027)
(2.0125 0.03746430833 0.001635727027)
(2.025 0.03746430833 0.001635727027)
(2.0375 0.03746430833 0.001635727027)
(2.05 0.03746430833 0.001635727027)
(2.0625 0.03746430833 0.001635727027)
(2.075 0.03746430833 0.001635727027)
(2.0875 0.03746430833 0.001635727027)
(2.1 0.03746430833 0.001635727027)
(2.1125 0.03746430833 0.001635727027)
(2.125 0.03746430833 0.001635727027)
(2.1375 0.03746430833 0.001635727027)
(2.15 0.03746430833 0.001635727027)
(2.1625 0.03746430833 0.001635727027)
(2.175 0.03746430833 0.001635727027)
(2.1875 0.03746430833 0.001635727027)
(2.2 0.03746430833 0.001635727027)
(2.2125 0.03746430833 0.001635727027)
(2.225 0.03746430833 0.001635727027)
(2.2375 0.03746430833 0.001635727027)
(2.25 0.03746430833 0.001635727027)
(2.2625 0.03746430833 0.001635727027)
(2.275 0.03746430833 0.001635727028)
(2.2875 0.03746430833 0.001635727027)
(2.3 0.03746430833 0.001635727027)
(2.3125 0.03746430833 0.001635727027)
(2.325 0.03746430833 0.001635727027)
(2.3375 0.03746430833 0.001635727027)
(2.35 0.03746430833 0.001635727027)
(2.3625 0.03746430833 0.001635727027)
(2.375 0.03746430833 0.001635727027)
(2.3875 0.03746430833 0.001635727027)
(2.4 0.03746430833 0.001635727027)
(2.4125 0.03746430833 0.001635727027)
(2.425 0.03746430833 0.001635727027)
(2.4375 0.03746430833 0.001635727028)
(2.45 0.03746430833 0.001635727027)
(2.4625 0.03746430833 0.001635727027)
(2.475 0.03746430833 0.001635727027)
(2.4875 0.03746430833 0.001635727027)
(2.5 0.03746430833 0.001635727028)
(2.5125 0.03746430833 0.001635727027)
(2.525 0.03746430833 0.001635727027)
(2.5375 0.03746430833 0.001635727027)
(2.55 0.03746430833 0.001635727027)
(2.5625 0.03746430832 0.001635727027)
(2.575 0.03746430833 0.001635727027)
(2.5875 0.03746430832 0.001635727027)
(2.6 0.03746430833 0.001635727027)
(2.6125 0.03746430833 0.001635727027)
(2.625 0.03746430833 0.001635727027)
(2.6375 0.03746430833 0.001635727027)
(2.65 0.03746430833 0.001635727027)
(2.6625 0.03746430833 0.001635727027)
(2.675 0.03746430833 0.001635727027)
(2.6875 0.03746430833 0.001635727027)
(2.7 0.03746430832 0.001635727027)
(2.7125 0.03746430833 0.001635727027)
(2.725 0.03746430833 0.001635727027)
(2.7375 0.03746430833 0.001635727027)
(2.75 0.03746430833 0.001635727027)
(2.7625 0.03746430833 0.001635727028)
(2.775 0.03746430833 0.001635727027)
(2.7875 0.03746430833 0.001635727027)
(2.8 0.03746430833 0.001635727027)
(2.8125 0.03746430832 0.001635727027)
(2.825 0.03746430833 0.001635727028)
(2.8375 0.03746430833 0.001635727027)
(2.85 0.03746430833 0.001635727027)
(2.8625 0.03746430833 0.001635727027)
(2.875 0.03746430833 0.001635727027)
(2.8875 0.03746430833 0.001635727027)
(2.9 0.03746430833 0.001635727027)
(2.9125 0.03746430833 0.001635727027)
(2.925 0.03746430832 0.001635727027)
(2.9375 0.03746430833 0.001635727027)
(2.95 0.03746430833 0.001635727027)
(2.9625 0.03746430833 0.001635727027)
(2.975 0.03746430833 0.001635727027)
(2.9875 0.03746430833 0.001635727027)
(3 0.03746430833 0.001635727027)
(0 0.03996192888 0.001744775496)
(0.0125 0.03996192888 0.001744775496)
(0.025 0.03996192888 0.001744775496)
(0.0375 0.03996192888 0.001744775496)
(0.05 0.03996192888 0.001744775496)
(0.0625 0.03996192888 0.001744775496)
(0.075 0.03996192888 0.001744775496)
(0.0875 0.03996192888 0.001744775496)
(0.1 0.03996192888 0.001744775496)
(0.1125 0.03996192888 0.001744775496)
(0.125 0.03996192888 0.001744775496)
(0.1375 0.03996192888 0.001744775496)
(0.15 0.03996192888 0.001744775496)
(0.1625 0.03996192888 0.001744775496)
(0.175 0.03996192888 0.001744775496)
(0.1875 0.03996192888 0.001744775496)
(0.2 0.03996192888 0.001744775496)
(0.2125 0.03996192888 0.001744775496)
(0.225 0.03996192888 0.001744775496)
(0.2375 0.03996192888 0.001744775496)
(0.25 0.03996192888 0.001744775496)
(0.2625 0.03996192888 0.001744775496)
(0.275 0.03996192888 0.001744775496)
(0.2875 0.03996192888 0.001744775496)
(0.3 0.03996192888 0.001744775496)
(0.3125 0.03996192888 0.001744775496)
(0.325 0.03996192888 0.001744775496)
(0.3375 0.03996192888 0.001744775496)
(0.35 0.03996192888 0.001744775496)
(0.3625 0.03996192888 0.001744775496)
(0.375 0.03996192888 0.001744775496)
(0.3875 0.03996192888 0.001744775496)
(0.4 0.03996192888 0.001744775496)
(0.4125 0.03996192888 0.001744775496)
(0.425 0.03996192888 0.001744775496)
(0.4375 0.03996192888 0.001744775496)
(0.45 0.03996192888 0.001744775496)
(0.4625 0.03996192888 0.001744775496)
(0.475 0.03996192888 0.001744775496)
(0.4875 0.03996192888 0.001744775496)
(0.5 0.03996192888 0.001744775496)
(0.5125 0.03996192888 0.001744775496)
(0.525 0.03996192888 0.001744775496)
(0.5375 0.03996192888 0.001744775496)
(0.55 0.03996192888 0.001744775496)
(0.5625 0.03996192888 0.001744775496)
(0.575 0.03996192888 0.001744775496)
(0.5875 0.03996192888 0.001744775496)
(0.6 0.03996192888 0.001744775496)
(0.6125 0.03996192888 0.001744775496)
(0.625 0.03996192888 0.001744775496)
(0.6375 0.03996192888 0.001744775496)
(0.65 0.03996192888 0.001744775496)
(0.6625 0.03996192888 0.001744775496)
(0.675 0.03996192888 0.001744775496)
(0.6875 0.03996192888 0.001744775496)
(0.7 0.03996192888 0.001744775496)
(0.7125 0.03996192888 0.001744775496)
(0.725 0.03996192888 0.001744775496)
(0.7375 0.03996192888 0.001744775496)
(0.75 0.03996192888 0.001744775496)
(0.7625 0.03996192888 0.001744775496)
(0.775 0.03996192888 0.001744775496)
(0.7875 0.03996192888 0.001744775496)
(0.8 0.03996192888 0.001744775496)
(0.8125 0.03996192888 0.001744775496)
(0.825 0.03996192888 0.001744775496)
(0.8375 0.03996192888 0.001744775496)
(0.85 0.03996192888 0.001744775496)
(0.8625 0.03996192888 0.001744775496)
(0.875 0.03996192888 0.001744775496)
(0.8875 0.03996192888 0.001744775496)
(0.9 0.03996192888 0.001744775496)
(0.9125 0.03996192888 0.001744775496)
(0.925 0.03996192888 0.001744775496)
(0.9375 0.03996192888 0.001744775496)
(0.95 0.03996192888 0.001744775496)
(0.9625 0.03996192888 0.001744775496)
(0.975 0.03996192888 0.001744775496)
(0.9875 0.03996192888 0.001744775496)
(1 0.03996192888 0.001744775496)
(1.0125 0.03996192888 0.001744775496)
(1.025 0.03996192888 0.001744775496)
(1.0375 0.03996192888 0.001744775496)
(1.05 0.03996192888 0.001744775496)
(1.0625 0.03996192888 0.001744775496)
(1.075 0.03996192888 0.001744775496)
(1.0875 0.03996192888 0.001744775496)
(1.1 0.03996192888 0.001744775496)
(1.1125 0.03996192888 0.001744775496)
(1.125 0.03996192888 0.001744775496)
(1.1375 0.03996192888 0.001744775496)
(1.15 0.03996192888 0.001744775496)
(1.1625 0.03996192888 0.001744775496)
(1.175 0.03996192888 0.001744775496)
(1.1875 0.03996192888 0.001744775496)
(1.2 0.03996192888 0.001744775496)
(1.2125 0.03996192888 0.001744775496)
(1.225 0.03996192888 0.001744775496)
(1.2375 0.03996192888 0.001744775496)
(1.25 0.03996192888 0.001744775496)
(1.2625 0.03996192888 0.001744775496)
(1.275 0.03996192888 0.001744775496)
(1.2875 0.03996192888 0.001744775496)
(1.3 0.03996192888 0.001744775496)
(1.3125 0.03996192888 0.001744775496)
(1.325 0.03996192888 0.001744775496)
(1.3375 0.03996192888 0.001744775496)
(1.35 0.03996192888 0.001744775496)
(1.3625 0.03996192888 0.001744775496)
(1.375 0.03996192888 0.001744775496)
(1.3875 0.03996192888 0.001744775496)
(1.4 0.03996192888 0.001744775496)
(1.4125 0.03996192888 0.001744775496)
(1.425 0.03996192888 0.001744775496)
(1.4375 0.03996192888 0.001744775496)
(1.45 0.03996192888 0.001744775496)
(1.4625 0.03996192888 0.001744775496)
(1.475 0.03996192888 0.001744775496)
(1.4875 0.03996192888 0.001744775496)
(1.5 0.03996192888 0.001744775496)
(1.5125 0.03996192888 0.001744775496)
(1.525 0.03996192888 0.001744775496)
(1.5375 0.03996192888 0.001744775496)
(1.55 0.03996192888 0.001744775496)
(1.5625 0.03996192888 0.001744775496)
(1.575 0.03996192888 0.001744775496)
(1.5875 0.03996192888 0.001744775496)
(1.6 0.03996192888 0.001744775496)
(1.6125 0.03996192888 0.001744775496)
(1.625 0.03996192888 0.001744775496)
(1.6375 0.03996192888 0.001744775496)
(1.65 0.03996192888 0.001744775496)
(1.6625 0.03996192888 0.001744775496)
(1.675 0.03996192888 0.001744775496)
(1.6875 0.03996192888 0.001744775496)
(1.7 0.03996192888 0.001744775496)
(1.7125 0.03996192888 0.001744775496)
(1.725 0.03996192888 0.001744775496)
(1.7375 0.03996192888 0.001744775496)
(1.75 0.03996192888 0.001744775496)
(1.7625 0.03996192888 0.001744775496)
(1.775 0.03996192888 0.001744775496)
(1.7875 0.03996192888 0.001744775496)
(1.8 0.03996192888 0.001744775496)
(1.8125 0.03996192888 0.001744775496)
(1.825 0.03996192888 0.001744775496)
(1.8375 0.03996192888 0.001744775496)
(1.85 0.03996192888 0.001744775496)
(1.8625 0.03996192888 0.001744775496)
(1.875 0.03996192888 0.001744775496)
(1.8875 0.03996192888 0.001744775496)
(1.9 0.03996192888 0.001744775496)
(1.9125 0.03996192888 0.001744775496)
(1.925 0.03996192888 0.001744775496)
(1.9375 0.03996192888 0.001744775496)
(1.95 0.03996192888 0.001744775496)
(1.9625 0.03996192888 0.001744775496)
(1.975 0.03996192888 0.001744775496)
(1.9875 0.03996192888 0.001744775496)
(2 0.03996192888 0.001744775496)
(2.0125 0.03996192888 0.001744775496)
(2.025 0.03996192888 0.001744775496)
(2.0375 0.03996192888 0.001744775496)
(2.05 0.03996192888 0.001744775496)
(2.0625 0.03996192888 0.001744775496)
(2.075 0.03996192888 0.001744775496)
(2.0875 0.03996192888 0.001744775496)
(2.1 0.03996192888 0.001744775496)
(2.1125 0.03996192888 0.001744775496)
(2.125 0.03996192888 0.001744775496)
(2.1375 0.03996192888 0.001744775496)
(2.15 0.03996192888 0.001744775496)
(2.1625 0.03996192888 0.001744775496)
(2.175 0.03996192888 0.001744775496)
(2.1875 0.03996192888 0.001744775496)
(2.2 0.03996192888 0.001744775496)
(2.2125 0.03996192888 0.001744775496)
(2.225 0.03996192888 0.001744775496)
(2.2375 0.03996192888 0.001744775496)
(2.25 0.03996192888 0.001744775496)
(2.2625 0.03996192888 0.001744775496)
(2.275 0.03996192888 0.001744775496)
(2.2875 0.03996192888 0.001744775496)
(2.3 0.03996192888 0.001744775496)
(2.3125 0.03996192888 0.001744775496)
(2.325 0.03996192888 0.001744775496)
(2.3375 0.03996192888 0.001744775496)
(2.35 0.03996192888 0.001744775496)
(2.3625 0.03996192888 0.001744775496)
(2.375 0.03996192888 0.001744775496)
(2.3875 0.03996192888 0.001744775496)
(2.4 0.03996192888 0.001744775496)
(2.4125 0.03996192888 0.001744775496)
(2.425 0.03996192888 0.001744775496)
(2.4375 0.03996192888 0.001744775496)
(2.45 0.03996192888 0.001744775496)
(2.4625 0.03996192888 0.001744775496)
(2.475 0.03996192888 0.001744775496)
(2.4875 0.03996192888 0.001744775496)
(2.5 0.03996192888 0.001744775496)
(2.5125 0.03996192888 0.001744775496)
(2.525 0.03996192888 0.001744775496)
(2.5375 0.03996192888 0.001744775496)
(2.55 0.03996192888 0.001744775496)
(2.5625 0.03996192888 0.001744775496)
(2.575 0.03996192888 0.001744775496)
(2.5875 0.03996192888 0.001744775496)
(2.6 0.03996192888 0.001744775496)
(2.6125 0.03996192888 0.001744775496)
(2.625 0.03996192888 0.001744775496)
(2.6375 0.03996192888 0.001744775496)
(2.65 0.03996192888 0.001744775496)
(2.6625 0.03996192888 0.001744775496)
(2.675 0.03996192888 0.001744775496)
(2.6875 0.03996192888 0.001744775496)
(2.7 0.03996192888 0.001744775496)
(2.7125 0.03996192888 0.001744775496)
(2.725 0.03996192888 0.001744775496)
(2.7375 0.03996192888 0.001744775496)
(2.75 0.03996192888 0.001744775496)
(2.7625 0.03996192888 0.001744775496)
(2.775 0.03996192888 0.001744775496)
(2.7875 0.03996192888 0.001744775496)
(2.8 0.03996192888 0.001744775496)
(2.8125 0.03996192888 0.001744775496)
(2.825 0.03996192888 0.001744775496)
(2.8375 0.03996192888 0.001744775496)
(2.85 0.03996192888 0.001744775496)
(2.8625 0.03996192888 0.001744775496)
(2.875 0.03996192888 0.001744775496)
(2.8875 0.03996192888 0.001744775496)
(2.9 0.03996192888 0.001744775496)
(2.9125 0.03996192888 0.001744775496)
(2.925 0.03996192888 0.001744775496)
(2.9375 0.03996192888 0.001744775496)
(2.95 0.03996192888 0.001744775496)
(2.9625 0.03996192888 0.001744775496)
(2.975 0.03996192888 0.001744775496)
(2.9875 0.03996192888 0.001744775496)
(3 0.03996192888 0.001744775496)
(0 0.04245954944 0.001853823964)
(0.0125 0.04245954944 0.001853823964)
(0.025 0.04245954944 0.001853823964)
(0.0375 0.04245954944 0.001853823964)
(0.05 0.04245954944 0.001853823964)
(0.0625 0.04245954944 0.001853823964)
(0.075 0.04245954944 0.001853823964)
(0.0875 0.04245954944 0.001853823964)
(0.1 0.04245954944 0.001853823964)
(0.1125 0.04245954944 0.001853823964)
(0.125 0.04245954944 0.001853823964)
(0.1375 0.04245954944 0.001853823964)
(0.15 0.04245954943 0.001853823964)
(0.1625 0.04245954944 0.001853823964)
(0.175 0.04245954944 0.001853823964)
(0.1875 0.04245954944 0.001853823964)
(0.2 0.04245954944 0.001853823964)
(0.2125 0.04245954944 0.001853823964)
(0.225 0.04245954944 0.001853823964)
(0.2375 0.04245954944 0.001853823964)
(0.25 0.04245954944 0.001853823964)
(0.2625 0.04245954944 0.001853823964)
(0.275 0.04245954944 0.001853823964)
(0.2875 0.04245954944 0.001853823964)
(0.3 0.04245954944 0.001853823964)
(0.3125 0.04245954944 0.001853823964)
(0.325 0.04245954943 0.001853823964)
(0.3375 0.04245954944 0.001853823964)
(0.35 0.04245954944 0.001853823964)
(0.3625 0.04245954944 0.001853823964)
(0.375 0.04245954944 0.001853823964)
(0.3875 0.04245954944 0.001853823964)
(0.4 0.04245954944 0.001853823964)
(0.4125 0.04245954944 0.001853823964)
(0.425 0.04245954944 0.001853823964)
(0.4375 0.04245954943 0.001853823964)
(0.45 0.04245954944 0.001853823964)
(0.4625 0.04245954944 0.001853823964)
(0.475 0.04245954944 0.001853823965)
(0.4875 0.04245954944 0.001853823965)
(0.5 0.04245954944 0.001853823964)
(0.5125 0.04245954943 0.001853823964)
(0.525 0.04245954944 0.001853823964)
(0.5375 0.04245954944 0.001853823964)
(0.55 0.04245954943 0.001853823964)
(0.5625 0.04245954944 0.001853823964)
(0.575 0.04245954944 0.001853823964)
(0.5875 0.04245954944 0.001853823964)
(0.6 0.04245954944 0.001853823964)
(0.6125 0.04245954944 0.001853823964)
(0.625 0.04245954944 0.001853823964)
(0.6375 0.04245954944 0.001853823964)
(0.65 0.04245954944 0.001853823964)
(0.6625 0.04245954944 0.001853823964)
(0.675 0.04245954944 0.001853823964)
(0.6875 0.04245954944 0.001853823964)
(0.7 0.04245954944 0.001853823964)
(0.7125 0.04245954944 0.001853823964)
(0.725 0.04245954944 0.001853823964)
(0.7375 0.04245954944 0.001853823964)
(0.75 0.04245954944 0.001853823964)
(0.7625 0.04245954944 0.001853823964)
(0.775 0.04245954944 0.001853823964)
(0.7875 0.04245954944 0.001853823965)
(0.8 0.04245954944 0.001853823964)
(0.8125 0.04245954944 0.001853823965)
(0.825 0.04245954944 0.001853823964)
(0.8375 0.04245954944 0.001853823964)
(0.85 0.04245954944 0.001853823964)
(0.8625 0.04245954944 0.001853823964)
(0.875 0.04245954944 0.001853823964)
(0.8875 0.04245954944 0.001853823964)
(0.9 0.04245954943 0.001853823964)
(0.9125 0.04245954944 0.001853823964)
(0.925 0.04245954944 0.001853823964)
(0.9375 0.04245954944 0.001853823964)
(0.95 0.04245954944 0.001853823964)
(0.9625 0.04245954944 0.001853823964)
(0.975 0.04245954944 0.001853823964)
(0.9875 0.04245954944 0.001853823964)
(1 0.04245954944 0.001853823964)
(1.0125 0.04245954944 0.001853823964)
(1.025 0.04245954944 0.001853823964)
(1.0375 0.04245954944 0.001853823964)
(1.05 0.04245954944 0.001853823964)
(1.0625 0.04245954944 0.001853823964)
(1.075 0.04245954944 0.001853823964)
(1.0875 0.04245954944 0.001853823964)
(1.1 0.04245954944 0.001853823964)
(1.1125 0.04245954944 0.001853823964)
(1.125 0.04245954944 0.001853823964)
(1.1375 0.04245954944 0.001853823964)
(1.15 0.04245954944 0.001853823964)
(1.1625 0.04245954944 0.001853823964)
(1.175 0.04245954944 0.001853823964)
(1.1875 0.04245954944 0.001853823964)
(1.2 0.04245954944 0.001853823964)
(1.2125 0.04245954944 0.001853823964)
(1.225 0.04245954944 0.001853823964)
(1.2375 0.04245954944 0.001853823964)
(1.25 0.04245954943 0.001853823964)
(1.2625 0.04245954944 0.001853823964)
(1.275 0.04245954944 0.001853823964)
(1.2875 0.04245954944 0.001853823964)
(1.3 0.04245954944 0.001853823964)
(1.3125 0.04245954944 0.001853823964)
(1.325 0.04245954944 0.001853823964)
(1.3375 0.04245954944 0.001853823964)
(1.35 0.04245954944 0.001853823964)
(1.3625 0.04245954944 0.001853823964)
(1.375 0.04245954944 0.001853823964)
(1.3875 0.04245954944 0.001853823964)
(1.4 0.04245954944 0.001853823964)
(1.4125 0.04245954944 0.001853823964)
(1.425 0.04245954944 0.001853823964)
(1.4375 0.04245954944 0.001853823964)
(1.45 0.04245954944 0.001853823964)
(1.4625 0.04245954944 0.001853823964)
(1.475 0.04245954943 0.001853823964)
(1.4875 0.04245954944 0.001853823964)
(1.5 0.04245954944 0.001853823964)
(1.5125 0.04245954944 0.001853823964)
(1.525 0.04245954944 0.001853823964)
(1.5375 0.04245954944 0.001853823964)
(1.55 0.04245954943 0.001853823964)
(1.5625 0.04245954944 0.001853823964)
(1.575 0.04245954944 0.001853823964)
(1.5875 0.04245954944 0.001853823964)
(1.6 0.04245954944 0.001853823964)
(1.6125 0.04245954944 0.001853823964)
(1.625 0.04245954943 0.001853823964)
(1.6375 0.04245954944 0.001853823964)
(1.65 0.04245954944 0.001853823964)
(1.6625 0.04245954944 0.001853823964)
(1.675 0.04245954944 0.001853823964)
(1.6875 0.04245954944 0.001853823964)
(1.7 0.04245954943 0.001853823964)
(1.7125 0.04245954944 0.001853823964)
(1.725 0.04245954944 0.001853823964)
(1.7375 0.04245954944 0.001853823964)
(1.75 0.04245954944 0.001853823964)
(1.7625 0.04245954944 0.001853823964)
(1.775 0.04245954944 0.001853823964)
(1.7875 0.04245954944 0.001853823965)
(1.8 0.04245954944 0.001853823964)
(1.8125 0.04245954944 0.001853823964)
(1.825 0.04245954944 0.001853823964)
(1.8375 0.04245954944 0.001853823964)
(1.85 0.04245954944 0.001853823964)
(1.8625 0.04245954943 0.001853823964)
(1.875 0.04245954944 0.001853823964)
(1.8875 0.04245954944 0.001853823964)
(1.9 0.04245954944 0.001853823964)
(1.9125 0.04245954944 0.001853823964)
(1.925 0.04245954944 0.001853823964)
(1.9375 0.04245954943 0.001853823964)
(1.95 0.04245954944 0.001853823964)
(1.9625 0.04245954944 0.001853823964)
(1.975 0.04245954944 0.001853823964)
(1.9875 0.04245954944 0.001853823964)
(2 0.04245954944 0.001853823964)
(2.0125 0.04245954944 0.001853823964)
(2.025 0.04245954944 0.001853823964)
(2.0375 0.04245954944 0.001853823964)
(2.05 0.04245954944 0.001853823964)
(2.0625 0.04245954944 0.001853823964)
(2.075 0.04245954944 0.001853823964)
(2.0875 0.04245954943 0.001853823964)
(2.1 0.04245954944 0.001853823964)
(2.1125 0.04245954944 0.001853823964)
(2.125 0.04245954944 0.001853823964)
(2.1375 0.04245954944 0.001853823964)
(2.15 0.04245954944 0.001853823964)
(2.1625 0.04245954943 0.001853823964)
(2.175 0.04245954944 0.001853823964)
(2.1875 0.04245954944 0.001853823964)
(2.2 0.04245954944 0.001853823964)
(2.2125 0.04245954944 0.001853823964)
(2.225 0.04245954944 0.001853823964)
(2.2375 0.04245954943 0.001853823964)
(2.25 0.04245954944 0.001853823964)
(2.2625 0.04245954944 0.001853823964)
(2.275 0.04245954944 0.001853823964)
(2.2875 0.04245954944 0.001853823964)
(2.3 0.04245954944 0.001853823964)
(2.3125 0.04245954944 0.001853823964)
(2.325 0.04245954944 0.001853823964)
(2.3375 0.04245954943 0.001853823964)
(2.35 0.04245954944 0.001853823964)
(2.3625 0.04245954944 0.001853823964)
(2.375 0.04245954944 0.001853823964)
(2.3875 0.04245954943 0.001853823964)
(2.4 0.04245954943 0.001853823964)
(2.4125 0.04245954944 0.001853823964)
(2.425 0.04245954944 0.001853823964)
(2.4375 0.04245954944 0.001853823964)
(2.45 0.04245954944 0.001853823964)
(2.4625 0.04245954944 0.001853823964)
(2.475 0.04245954944 0.001853823964)
(2.4875 0.04245954944 0.001853823964)
(2.5 0.04245954944 0.001853823964)
(2.5125 0.04245954944 0.001853823964)
(2.525 0.04245954944 0.001853823965)
(2.5375 0.04245954944 0.001853823964)
(2.55 0.04245954943 0.001853823964)
(2.5625 0.04245954943 0.001853823964)
(2.575 0.04245954944 0.001853823964)
(2.5875 0.04245954944 0.001853823964)
(2.6 0.04245954944 0.001853823964)
(2.6125 0.04245954944 0.001853823964)
(2.625 0.04245954943 0.001853823964)
(2.6375 0.04245954944 0.001853823964)
(2.65 0.04245954944 0.001853823964)
(2.6625 0.04245954944 0.001853823964)
(2.675 0.04245954944 0.001853823964)
(2.6875 0.04245954944 0.001853823964)
(2.7 0.04245954944 0.001853823964)
(2.7125 0.04245954944 0.001853823964)
(2.725 0.04245954944 0.001853823964)
(2.7375 0.04245954944 0.001853823964)
(2.75 0.04245954944 0.001853823964)
(2.7625 0.04245954944 0.001853823964)
(2.775 0.04245954944 0.001853823964)
(2.7875 0.04245954943 0.001853823964)
(2.8 0.04245954944 0.001853823964)
(2.8125 0.04245954944 0.001853823964)
(2.825 0.04245954944 0.001853823964)
(2.8375 0.04245954944 0.001853823964)
(2.85 0.04245954944 0.001853823965)
(2.8625 0.04245954943 0.001853823964)
(2.875 0.04245954944 0.001853823964)
(2.8875 0.04245954944 0.001853823964)
(2.9 0.04245954944 0.001853823964)
(2.9125 0.04245954944 0.001853823964)
(2.925 0.04245954944 0.001853823964)
(2.9375 0.04245954943 0.001853823964)
(2.95 0.04245954943 0.001853823964)
(2.9625 0.04245954943 0.001853823964)
(2.975 0.04245954944 0.001853823964)
(2.9875 0.04245954944 0.001853823964)
(3 0.04245954944 0.001853823964)
(0 0.04495716999 0.001962872433)
(0.0125 0.04495716999 0.001962872433)
(0.025 0.04495716999 0.001962872433)
(0.0375 0.04495716999 0.001962872433)
(0.05 0.04495716999 0.001962872433)
(0.0625 0.04495716999 0.001962872433)
(0.075 0.04495716999 0.001962872433)
(0.0875 0.04495716999 0.001962872433)
(0.1 0.04495716999 0.001962872433)
(0.1125 0.04495716999 0.001962872433)
(0.125 0.04495716999 0.001962872433)
(0.1375 0.04495716999 0.001962872433)
(0.15 0.04495716999 0.001962872433)
(0.1625 0.04495716999 0.001962872433)
(0.175 0.04495716999 0.001962872433)
(0.1875 0.04495716999 0.001962872433)
(0.2 0.04495716999 0.001962872433)
(0.2125 0.04495716999 0.001962872433)
(0.225 0.04495716999 0.001962872433)
(0.2375 0.04495716999 0.001962872433)
(0.25 0.04495716999 0.001962872433)
(0.2625 0.04495716999 0.001962872433)
(0.275 0.04495716999 0.001962872433)
(0.2875 0.04495716999 0.001962872433)
(0.3 0.04495716999 0.001962872433)
(0.3125 0.04495716999 0.001962872433)
(0.325 0.04495716999 0.001962872433)
(0.3375 0.04495716999 0.001962872433)
(0.35 0.04495716999 0.001962872433)
(0.3625 0.04495716999 0.001962872433)
(0.375 0.04495716999 0.001962872433)
(0.3875 0.04495716999 0.001962872433)
(0.4 0.04495716999 0.001962872433)
(0.4125 0.04495716999 0.001962872433)
(0.425 0.04495716999 0.001962872433)
(0.4375 0.04495716999 0.001962872433)
(0.45 0.04495716999 0.001962872433)
(0.4625 0.04495716999 0.001962872433)
(0.475 0.04495716999 0.001962872433)
(0.4875 0.04495716999 0.001962872433)
(0.5 0.04495716999 0.001962872433)
(0.5125 0.04495716999 0.001962872433)
(0.525 0.04495716999 0.001962872433)
(0.5375 0.04495716999 0.001962872433)
(0.55 0.04495716999 0.001962872433)
(0.5625 0.04495716999 0.001962872433)
(0.575 0.04495716999 0.001962872433)
(0.5875 0.04495716999 0.001962872433)
(0.6 0.04495716999 0.001962872433)
(0.6125 0.04495716999 0.001962872433)
(0.625 0.04495716999 0.001962872433)
(0.6375 0.04495716999 0.001962872433)
(0.65 0.04495716999 0.001962872433)
(0.6625 0.04495716999 0.001962872433)
(0.675 0.04495716999 0.001962872433)
(0.6875 0.04495716999 0.001962872433)
(0.7 0.04495716999 0.001962872433)
(0.7125 0.04495716999 0.001962872433)
(0.725 0.04495716999 0.001962872433)
(0.7375 0.04495716999 0.001962872433)
(0.75 0.04495716999 0.001962872433)
(0.7625 0.04495716999 0.001962872433)
(0.775 0.04495716999 0.001962872433)
(0.7875 0.04495716999 0.001962872433)
(0.8 0.04495716999 0.001962872433)
(0.8125 0.04495716999 0.001962872433)
(0.825 0.04495716999 0.001962872433)
(0.8375 0.04495716999 0.001962872433)
(0.85 0.04495716999 0.001962872433)
(0.8625 0.04495716999 0.001962872433)
(0.875 0.04495716999 0.001962872433)
(0.8875 0.04495716999 0.001962872433)
(0.9 0.04495716999 0.001962872433)
(0.9125 0.04495716999 0.001962872433)
(0.925 0.04495716999 0.001962872433)
(0.9375 0.04495716999 0.001962872433)
(0.95 0.04495716999 0.001962872433)
(0.9625 0.04495716999 0.001962872433)
(0.975 0.04495716999 0.001962872433)
(0.9875 0.04495716999 0.001962872433)
(1 0.04495716999 0.001962872433)
(1.0125 0.04495716999 0.001962872433)
(1.025 0.04495716999 0.001962872433)
(1.0375 0.04495716999 0.001962872433)
(1.05 0.04495716999 0.001962872433)
(1.0625 0.04495716999 0.001962872433)
(1.075 0.04495716999 0.001962872433)
(1.0875 0.04495716999 0.001962872433)
(1.1 0.04495716999 0.001962872433)
(1.1125 0.04495716999 0.001962872433)
(1.125 0.04495716999 0.001962872433)
(1.1375 0.04495716999 0.001962872433)
(1.15 0.04495716999 0.001962872433)
(1.1625 0.04495716999 0.001962872433)
(1.175 0.04495716999 0.001962872433)
(1.1875 0.04495716999 0.001962872433)
(1.2 0.04495716999 0.001962872433)
(1.2125 0.04495716999 0.001962872433)
(1.225 0.04495716999 0.001962872433)
(1.2375 0.04495716999 0.001962872433)
(1.25 0.04495716999 0.001962872433)
(1.2625 0.04495716999 0.001962872433)
(1.275 0.04495716999 0.001962872433)
(1.2875 0.04495716999 0.001962872433)
(1.3 0.04495716999 0.001962872433)
(1.3125 0.04495716999 0.001962872433)
(1.325 0.04495716999 0.001962872433)
(1.3375 0.04495716999 0.001962872433)
(1.35 0.04495716999 0.001962872433)
(1.3625 0.04495716999 0.001962872433)
(1.375 0.04495716999 0.001962872433)
(1.3875 0.04495716999 0.001962872433)
(1.4 0.04495716999 0.001962872433)
(1.4125 0.04495716999 0.001962872433)
(1.425 0.04495716999 0.001962872433)
(1.4375 0.04495716999 0.001962872433)
(1.45 0.04495716999 0.001962872433)
(1.4625 0.04495716999 0.001962872433)
(1.475 0.04495716999 0.001962872433)
(1.4875 0.04495716999 0.001962872433)
(1.5 0.04495716999 0.001962872433)
(1.5125 0.04495716999 0.001962872433)
(1.525 0.04495716999 0.001962872433)
(1.5375 0.04495716999 0.001962872433)
(1.55 0.04495716999 0.001962872433)
(1.5625 0.04495716999 0.001962872433)
(1.575 0.04495716999 0.001962872433)
(1.5875 0.04495716999 0.001962872433)
(1.6 0.04495716999 0.001962872433)
(1.6125 0.04495716999 0.001962872433)
(1.625 0.04495716999 0.001962872433)
(1.6375 0.04495716999 0.001962872433)
(1.65 0.04495716999 0.001962872433)
(1.6625 0.04495716999 0.001962872433)
(1.675 0.04495716999 0.001962872433)
(1.6875 0.04495716999 0.001962872433)
(1.7 0.04495716999 0.001962872433)
(1.7125 0.04495716999 0.001962872433)
(1.725 0.04495716999 0.001962872433)
(1.7375 0.04495716999 0.001962872433)
(1.75 0.04495716999 0.001962872433)
(1.7625 0.04495716999 0.001962872433)
(1.775 0.04495716999 0.001962872433)
(1.7875 0.04495716999 0.001962872433)
(1.8 0.04495716999 0.001962872433)
(1.8125 0.04495716999 0.001962872433)
(1.825 0.04495716999 0.001962872433)
(1.8375 0.04495716999 0.001962872433)
(1.85 0.04495716999 0.001962872433)
(1.8625 0.04495716999 0.001962872433)
(1.875 0.04495716999 0.001962872433)
(1.8875 0.04495716999 0.001962872433)
(1.9 0.04495716999 0.001962872433)
(1.9125 0.04495716999 0.001962872433)
(1.925 0.04495716999 0.001962872433)
(1.9375 0.04495716999 0.001962872433)
(1.95 0.04495716999 0.001962872433)
(1.9625 0.04495716999 0.001962872433)
(1.975 0.04495716999 0.001962872433)
(1.9875 0.04495716999 0.001962872433)
(2 0.04495716999 0.001962872433)
(2.0125 0.04495716999 0.001962872433)
(2.025 0.04495716999 0.001962872433)
(2.0375 0.04495716999 0.001962872433)
(2.05 0.04495716999 0.001962872433)
(2.0625 0.04495716999 0.001962872433)
(2.075 0.04495716999 0.001962872433)
(2.0875 0.04495716999 0.001962872433)
(2.1 0.04495716999 0.001962872433)
(2.1125 0.04495716999 0.001962872433)
(2.125 0.04495716999 0.001962872433)
(2.1375 0.04495716999 0.001962872433)
(2.15 0.04495716999 0.001962872433)
(2.1625 0.04495716999 0.001962872433)
(2.175 0.04495716999 0.001962872433)
(2.1875 0.04495716999 0.001962872433)
(2.2 0.04495716999 0.001962872433)
(2.2125 0.04495716999 0.001962872433)
(2.225 0.04495716999 0.001962872433)
(2.2375 0.04495716999 0.001962872433)
(2.25 0.04495716999 0.001962872433)
(2.2625 0.04495716999 0.001962872433)
(2.275 0.04495716999 0.001962872433)
(2.2875 0.04495716999 0.001962872433)
(2.3 0.04495716999 0.001962872433)
(2.3125 0.04495716999 0.001962872433)
(2.325 0.04495716999 0.001962872433)
(2.3375 0.04495716999 0.001962872433)
(2.35 0.04495716999 0.001962872433)
(2.3625 0.04495716999 0.001962872433)
(2.375 0.04495716999 0.001962872433)
(2.3875 0.04495716999 0.001962872433)
(2.4 0.04495716999 0.001962872433)
(2.4125 0.04495716999 0.001962872433)
(2.425 0.04495716999 0.001962872433)
(2.4375 0.04495716999 0.001962872433)
(2.45 0.04495716999 0.001962872433)
(2.4625 0.04495716999 0.001962872433)
(2.475 0.04495716999 0.001962872433)
(2.4875 0.04495716999 0.001962872433)
(2.5 0.04495716999 0.001962872433)
(2.5125 0.04495716999 0.001962872433)
(2.525 0.04495716999 0.001962872433)
(2.5375 0.04495716999 0.001962872433)
(2.55 0.04495716999 0.001962872433)
(2.5625 0.04495716999 0.001962872433)
(2.575 0.04495716999 0.001962872433)
(2.5875 0.04495716999 0.001962872433)
(2.6 0.04495716999 0.001962872433)
(2.6125 0.04495716999 0.001962872433)
(2.625 0.04495716999 0.001962872433)
(2.6375 0.04495716999 0.001962872433)
(2.65 0.04495716999 0.001962872433)
(2.6625 0.04495716999 0.001962872433)
(2.675 0.04495716999 0.001962872433)
(2.6875 0.04495716999 0.001962872433)
(2.7 0.04495716999 0.001962872433)
(2.7125 0.04495716999 0.001962872433)
(2.725 0.04495716999 0.001962872433)
(2.7375 0.04495716999 0.001962872433)
(2.75 0.04495716999 0.001962872433)
(2.7625 0.04495716999 0.001962872433)
(2.775 0.04495716999 0.001962872433)
(2.7875 0.04495716999 0.001962872433)
(2.8 0.04495716999 0.001962872433)
(2.8125 0.04495716999 0.001962872433)
(2.825 0.04495716999 0.001962872433)
(2.8375 0.04495716999 0.001962872433)
(2.85 0.04495716999 0.001962872433)
(2.8625 0.04495716999 0.001962872433)
(2.875 0.04495716999 0.001962872433)
(2.8875 0.04495716999 0.001962872433)
(2.9 0.04495716999 0.001962872433)
(2.9125 0.04495716999 0.001962872433)
(2.925 0.04495716999 0.001962872433)
(2.9375 0.04495716999 0.001962872433)
(2.95 0.04495716999 0.001962872433)
(2.9625 0.04495716999 0.001962872433)
(2.975 0.04495716999 0.001962872433)
(2.9875 0.04495716999 0.001962872433)
(3 0.04495716999 0.001962872433)
(0 0.04745479054 0.002071920901)
(0.0125 0.04745479054 0.002071920901)
(0.025 0.04745479054 0.002071920901)
(0.0375 0.04745479054 0.002071920901)
(0.05 0.04745479054 0.002071920901)
(0.0625 0.04745479054 0.002071920901)
(0.075 0.04745479054 0.002071920901)
(0.0875 0.04745479054 0.002071920901)
(0.1 0.04745479055 0.002071920901)
(0.1125 0.04745479054 0.002071920901)
(0.125 0.04745479055 0.002071920901)
(0.1375 0.04745479054 0.002071920901)
(0.15 0.04745479055 0.002071920901)
(0.1625 0.04745479054 0.002071920901)
(0.175 0.04745479054 0.002071920901)
(0.1875 0.04745479055 0.002071920901)
(0.2 0.04745479054 0.002071920901)
(0.2125 0.04745479055 0.002071920901)
(0.225 0.04745479055 0.002071920902)
(0.2375 0.04745479055 0.002071920901)
(0.25 0.04745479054 0.002071920901)
(0.2625 0.04745479055 0.002071920901)
(0.275 0.04745479054 0.002071920901)
(0.2875 0.04745479055 0.002071920901)
(0.3 0.04745479054 0.002071920901)
(0.3125 0.04745479055 0.002071920902)
(0.325 0.04745479054 0.002071920901)
(0.3375 0.04745479054 0.002071920901)
(0.35 0.04745479054 0.002071920901)
(0.3625 0.04745479054 0.002071920901)
(0.375 0.04745479054 0.002071920901)
(0.3875 0.04745479054 0.002071920901)
(0.4 0.04745479055 0.002071920901)
(0.4125 0.04745479054 0.002071920901)
(0.425 0.04745479055 0.002071920901)
(0.4375 0.04745479054 0.002071920901)
(0.45 0.04745479055 0.002071920901)
(0.4625 0.04745479054 0.002071920901)
(0.475 0.04745479055 0.002071920901)
(0.4875 0.04745479054 0.002071920901)
(0.5 0.04745479054 0.002071920901)
(0.5125 0.04745479054 0.002071920901)
(0.525 0.04745479054 0.002071920901)
(0.5375 0.04745479055 0.002071920901)
(0.55 0.04745479054 0.002071920901)
(0.5625 0.04745479055 0.002071920901)
(0.575 0.04745479055 0.002071920901)
(0.5875 0.04745479055 0.002071920901)
(0.6 0.04745479054 0.002071920901)
(0.6125 0.04745479055 0.002071920901)
(0.625 0.04745479054 0.002071920901)
(0.6375 0.04745479055 0.002071920901)
(0.65 0.04745479054 0.002071920901)
(0.6625 0.04745479054 0.002071920901)
(0.675 0.04745479054 0.002071920901)
(0.6875 0.04745479054 0.002071920901)
(0.7 0.04745479054 0.002071920901)
(0.7125 0.04745479054 0.002071920901)
(0.725 0.04745479054 0.002071920901)
(0.7375 0.04745479054 0.002071920901)
(0.75 0.04745479054 0.002071920901)
(0.7625 0.04745479054 0.002071920901)
(0.775 0.04745479055 0.002071920901)
(0.7875 0.04745479054 0.002071920902)
(0.8 0.04745479055 0.002071920901)
(0.8125 0.04745479054 0.002071920901)
(0.825 0.04745479054 0.002071920901)
(0.8375 0.04745479054 0.002071920901)
(0.85 0.04745479055 0.002071920901)
(0.8625 0.04745479055 0.002071920901)
(0.875 0.04745479054 0.002071920901)
(0.8875 0.04745479055 0.002071920901)
(0.9 0.04745479054 0.002071920901)
(0.9125 0.04745479055 0.002071920901)
(0.925 0.04745479054 0.002071920901)
(0.9375 0.04745479055 0.002071920901)
(0.95 0.04745479054 0.002071920901)
(0.9625 0.04745479055 0.002071920901)
(0.975 0.04745479054 0.002071920901)
(0.9875 0.04745479054 0.002071920901)
(1 0.04745479055 0.002071920902)
(1.0125 0.04745479055 0.002071920901)
(1.025 0.04745479054 0.002071920901)
(1.0375 0.04745479054 0.002071920901)
(1.05 0.04745479054 0.002071920901)
(1.0625 0.04745479055 0.002071920901)
(1.075 0.04745479054 0.002071920901)
(1.0875 0.04745479054 0.002071920901)
(1.1 0.04745479055 0.002071920901)
(1.1125 0.04745479054 0.002071920901)
(1.125 0.04745479055 0.002071920901)
(1.1375 0.04745479054 0.002071920901)
(1.15 0.04745479055 0.002071920901)
(1.1625 0.04745479055 0.002071920901)
(1.175 0.04745479055 0.002071920901)
(1.1875 0.04745479055 0.002071920901)
(1.2 0.04745479054 0.002071920901)
(1.2125 0.04745479055 0.002071920901)
(1.225 0.04745479054 0.002071920901)
(1.2375 0.04745479055 0.002071920901)
(1.25 0.04745479054 0.002071920901)
(1.2625 0.04745479055 0.002071920901)
(1.275 0.04745479054 0.002071920901)
(1.2875 0.04745479054 0.002071920901)
(1.3 0.04745479054 0.002071920901)
(1.3125 0.04745479054 0.002071920901)
(1.325 0.04745479054 0.002071920901)
(1.3375 0.04745479055 0.002071920901)
(1.35 0.04745479054 0.002071920901)
(1.3625 0.04745479055 0.002071920901)
(1.375 0.04745479055 0.002071920901)
(1.3875 0.04745479055 0.002071920901)
(1.4 0.04745479054 0.002071920901)
(1.4125 0.04745479054 0.002071920901)
(1.425 0.04745479055 0.002071920901)
(1.4375 0.04745479054 0.002071920901)
(1.45 0.04745479054 0.002071920901)
(1.4625 0.04745479054 0.002071920901)
(1.475 0.04745479054 0.002071920901)
(1.4875 0.04745479054 0.002071920901)
(1.5 0.04745479055 0.002071920901)
(1.5125 0.04745479054 0.002071920901)
(1.525 0.04745479054 0.002071920901)
(1.5375 0.04745479055 0.002071920901)
(1.55 0.04745479055 0.002071920901)
(1.5625 0.04745479054 0.002071920901)
(1.575 0.04745479054 0.002071920901)
(1.5875 0.04745479055 0.002071920901)
(1.6 0.04745479054 0.002071920901)
(1.6125 0.04745479055 0.002071920901)
(1.625 0.04745479054 0.002071920901)
(1.6375 0.04745479054 0.002071920901)
(1.65 0.04745479054 0.002071920901)
(1.6625 0.04745479055 0.002071920901)
(1.675 0.04745479054 0.002071920901)
(1.6875 0.04745479054 0.002071920901)
(1.7 0.04745479055 0.002071920901)
(1.7125 0.04745479054 0.002071920901)
(1.725 0.04745479055 0.002071920901)
(1.7375 0.04745479055 0.002071920901)
(1.75 0.04745479054 0.002071920901)
(1.7625 0.04745479054 0.002071920901)
(1.775 0.04745479055 0.002071920901)
(1.7875 0.04745479054 0.002071920901)
(1.8 0.04745479054 0.002071920901)
(1.8125 0.04745479054 0.002071920901)
(1.825 0.04745479055 0.002071920901)
(1.8375 0.04745479054 0.002071920901)
(1.85 0.04745479054 0.002071920901)
(1.8625 0.04745479054 0.002071920901)
(1.875 0.04745479055 0.002071920901)
(1.8875 0.04745479055 0.002071920901)
(1.9 0.04745479054 0.002071920901)
(1.9125 0.04745479054 0.002071920901)
(1.925 0.04745479055 0.002071920901)
(1.9375 0.04745479055 0.002071920901)
(1.95 0.04745479054 0.002071920901)
(1.9625 0.04745479054 0.002071920901)
(1.975 0.04745479055 0.002071920901)
(1.9875 0.04745479055 0.002071920901)
(2 0.04745479055 0.002071920901)
(2.0125 0.04745479055 0.002071920901)
(2.025 0.04745479054 0.002071920901)
(2.0375 0.04745479055 0.002071920901)
(2.05 0.04745479054 0.002071920901)
(2.0625 0.04745479055 0.002071920901)
(2.075 0.04745479054 0.002071920901)
(2.0875 0.04745479055 0.002071920901)
(2.1 0.04745479055 0.002071920901)
(2.1125 0.04745479055 0.002071920901)
(2.125 0.04745479054 0.002071920901)
(2.1375 0.04745479055 0.002071920901)
(2.15 0.04745479054 0.002071920901)
(2.1625 0.04745479054 0.002071920901)
(2.175 0.04745479055 0.002071920901)
(2.1875 0.04745479055 0.002071920901)
(2.2 0.04745479055 0.002071920901)
(2.2125 0.04745479054 0.002071920901)
(2.225 0.04745479055 0.002071920901)
(2.2375 0.04745479054 0.002071920901)
(2.25 0.04745479054 0.002071920901)
(2.2625 0.04745479054 0.002071920901)
(2.275 0.04745479054 0.002071920901)
(2.2875 0.04745479054 0.002071920901)
(2.3 0.04745479055 0.002071920901)
(2.3125 0.04745479055 0.002071920901)
(2.325 0.04745479054 0.002071920901)
(2.3375 0.04745479054 0.002071920901)
(2.35 0.04745479054 0.002071920901)
(2.3625 0.04745479055 0.002071920901)
(2.375 0.04745479054 0.002071920901)
(2.3875 0.04745479054 0.002071920901)
(2.4 0.04745479055 0.002071920901)
(2.4125 0.04745479055 0.002071920901)
(2.425 0.04745479055 0.002071920901)
(2.4375 0.04745479054 0.002071920901)
(2.45 0.04745479054 0.002071920901)
(2.4625 0.04745479054 0.002071920901)
(2.475 0.04745479055 0.002071920901)
(2.4875 0.04745479054 0.002071920901)
(2.5 0.04745479054 0.002071920901)
(2.5125 0.04745479055 0.002071920901)
(2.525 0.04745479055 0.002071920901)
(2.5375 0.04745479055 0.002071920901)
(2.55 0.04745479055 0.002071920901)
(2.5625 0.04745479054 0.002071920901)
(2.575 0.04745479054 0.002071920901)
(2.5875 0.04745479055 0.002071920901)
(2.6 0.04745479055 0.002071920901)
(2.6125 0.04745479055 0.002071920901)
(2.625 0.04745479055 0.002071920901)
(2.6375 0.04745479055 0.002071920901)
(2.65 0.04745479055 0.002071920901)
(2.6625 0.04745479055 0.002071920901)
(2.675 0.04745479054 0.002071920901)
(2.6875 0.04745479054 0.002071920901)
(2.7 0.04745479054 0.002071920901)
(2.7125 0.04745479055 0.002071920901)
(2.725 0.04745479055 0.002071920901)
(2.7375 0.04745479055 0.002071920901)
(2.75 0.04745479054 0.002071920901)
(2.7625 0.04745479054 0.002071920901)
(2.775 0.04745479054 0.002071920901)
(2.7875 0.04745479055 0.002071920901)
(2.8 0.04745479054 0.002071920901)
(2.8125 0.04745479054 0.002071920901)
(2.825 0.04745479055 0.002071920901)
(2.8375 0.04745479055 0.002071920901)
(2.85 0.04745479055 0.002071920901)
(2.8625 0.04745479054 0.002071920901)
(2.875 0.04745479054 0.002071920901)
(2.8875 0.04745479054 0.002071920901)
(2.9 0.04745479055 0.002071920901)
(2.9125 0.04745479054 0.002071920901)
(2.925 0.04745479054 0.002071920901)
(2.9375 0.04745479055 0.002071920902)
(2.95 0.04745479055 0.002071920901)
(2.9625 0.04745479055 0.002071920901)
(2.975 0.04745479054 0.002071920901)
(2.9875 0.04745479054 0.002071920901)
(3 0.04745479054 0.002071920901)
(0 0.0499524111 0.00218096937)
(0.0125 0.0499524111 0.00218096937)
(0.025 0.0499524111 0.00218096937)
(0.0375 0.0499524111 0.00218096937)
(0.05 0.0499524111 0.00218096937)
(0.0625 0.0499524111 0.00218096937)
(0.075 0.0499524111 0.00218096937)
(0.0875 0.0499524111 0.00218096937)
(0.1 0.0499524111 0.00218096937)
(0.1125 0.0499524111 0.00218096937)
(0.125 0.0499524111 0.00218096937)
(0.1375 0.0499524111 0.00218096937)
(0.15 0.0499524111 0.00218096937)
(0.1625 0.0499524111 0.00218096937)
(0.175 0.0499524111 0.00218096937)
(0.1875 0.0499524111 0.00218096937)
(0.2 0.0499524111 0.00218096937)
(0.2125 0.0499524111 0.00218096937)
(0.225 0.0499524111 0.00218096937)
(0.2375 0.0499524111 0.00218096937)
(0.25 0.0499524111 0.00218096937)
(0.2625 0.0499524111 0.00218096937)
(0.275 0.0499524111 0.00218096937)
(0.2875 0.0499524111 0.00218096937)
(0.3 0.0499524111 0.00218096937)
(0.3125 0.0499524111 0.00218096937)
(0.325 0.0499524111 0.00218096937)
(0.3375 0.0499524111 0.00218096937)
(0.35 0.0499524111 0.00218096937)
(0.3625 0.0499524111 0.00218096937)
(0.375 0.0499524111 0.00218096937)
(0.3875 0.0499524111 0.00218096937)
(0.4 0.0499524111 0.00218096937)
(0.4125 0.0499524111 0.00218096937)
(0.425 0.0499524111 0.00218096937)
(0.4375 0.0499524111 0.00218096937)
(0.45 0.0499524111 0.00218096937)
(0.4625 0.0499524111 0.00218096937)
(0.475 0.0499524111 0.00218096937)
(0.4875 0.0499524111 0.00218096937)
(0.5 0.0499524111 0.00218096937)
(0.5125 0.0499524111 0.00218096937)
(0.525 0.0499524111 0.00218096937)
(0.5375 0.0499524111 0.00218096937)
(0.55 0.0499524111 0.00218096937)
(0.5625 0.0499524111 0.00218096937)
(0.575 0.0499524111 0.00218096937)
(0.5875 0.0499524111 0.00218096937)
(0.6 0.0499524111 0.00218096937)
(0.6125 0.0499524111 0.00218096937)
(0.625 0.0499524111 0.00218096937)
(0.6375 0.0499524111 0.00218096937)
(0.65 0.0499524111 0.00218096937)
(0.6625 0.0499524111 0.00218096937)
(0.675 0.0499524111 0.00218096937)
(0.6875 0.0499524111 0.00218096937)
(0.7 0.0499524111 0.00218096937)
(0.7125 0.0499524111 0.00218096937)
(0.725 0.0499524111 0.00218096937)
(0.7375 0.0499524111 0.00218096937)
(0.75 0.0499524111 0.00218096937)
(0.7625 0.0499524111 0.00218096937)
(0.775 0.0499524111 0.00218096937)
(0.7875 0.0499524111 0.00218096937)
(0.8 0.0499524111 0.00218096937)
(0.8125 0.0499524111 0.00218096937)
(0.825 0.0499524111 0.00218096937)
(0.8375 0.0499524111 0.00218096937)
(0.85 0.0499524111 0.00218096937)
(0.8625 0.0499524111 0.00218096937)
(0.875 0.0499524111 0.00218096937)
(0.8875 0.0499524111 0.00218096937)
(0.9 0.0499524111 0.00218096937)
(0.9125 0.0499524111 0.00218096937)
(0.925 0.0499524111 0.00218096937)
(0.9375 0.0499524111 0.00218096937)
(0.95 0.0499524111 0.00218096937)
(0.9625 0.0499524111 0.00218096937)
(0.975 0.0499524111 0.00218096937)
(0.9875 0.0499524111 0.00218096937)
(1 0.0499524111 0.00218096937)
(1.0125 0.0499524111 0.00218096937)
(1.025 0.0499524111 0.00218096937)
(1.0375 0.0499524111 0.00218096937)
(1.05 0.0499524111 0.00218096937)
(1.0625 0.0499524111 0.00218096937)
(1.075 0.0499524111 0.00218096937)
(1.0875 0.0499524111 0.00218096937)
(1.1 0.0499524111 0.00218096937)
(1.1125 0.0499524111 0.00218096937)
(1.125 0.0499524111 0.00218096937)
(1.1375 0.0499524111 0.00218096937)
(1.15 0.0499524111 0.00218096937)
(1.1625 0.0499524111 0.00218096937)
(1.175 0.0499524111 0.00218096937)
(1.1875 0.0499524111 0.00218096937)
(1.2 0.0499524111 0.00218096937)
(1.2125 0.0499524111 0.00218096937)
(1.225 0.0499524111 0.00218096937)
(1.2375 0.0499524111 0.00218096937)
(1.25 0.0499524111 0.00218096937)
(1.2625 0.0499524111 0.00218096937)
(1.275 0.0499524111 0.00218096937)
(1.2875 0.0499524111 0.00218096937)
(1.3 0.0499524111 0.00218096937)
(1.3125 0.0499524111 0.00218096937)
(1.325 0.0499524111 0.00218096937)
(1.3375 0.0499524111 0.00218096937)
(1.35 0.0499524111 0.00218096937)
(1.3625 0.0499524111 0.00218096937)
(1.375 0.0499524111 0.00218096937)
(1.3875 0.0499524111 0.00218096937)
(1.4 0.0499524111 0.00218096937)
(1.4125 0.0499524111 0.00218096937)
(1.425 0.0499524111 0.00218096937)
(1.4375 0.0499524111 0.00218096937)
(1.45 0.0499524111 0.00218096937)
(1.4625 0.0499524111 0.00218096937)
(1.475 0.0499524111 0.00218096937)
(1.4875 0.0499524111 0.00218096937)
(1.5 0.0499524111 0.00218096937)
(1.5125 0.0499524111 0.00218096937)
(1.525 0.0499524111 0.00218096937)
(1.5375 0.0499524111 0.00218096937)
(1.55 0.0499524111 0.00218096937)
(1.5625 0.0499524111 0.00218096937)
(1.575 0.0499524111 0.00218096937)
(1.5875 0.0499524111 0.00218096937)
(1.6 0.0499524111 0.00218096937)
(1.6125 0.0499524111 0.00218096937)
(1.625 0.0499524111 0.00218096937)
(1.6375 0.0499524111 0.00218096937)
(1.65 0.0499524111 0.00218096937)
(1.6625 0.0499524111 0.00218096937)
(1.675 0.0499524111 0.00218096937)
(1.6875 0.0499524111 0.00218096937)
(1.7 0.0499524111 0.00218096937)
(1.7125 0.0499524111 0.00218096937)
(1.725 0.0499524111 0.00218096937)
(1.7375 0.0499524111 0.00218096937)
(1.75 0.0499524111 0.00218096937)
(1.7625 0.0499524111 0.00218096937)
(1.775 0.0499524111 0.00218096937)
(1.7875 0.0499524111 0.00218096937)
(1.8 0.0499524111 0.00218096937)
(1.8125 0.0499524111 0.00218096937)
(1.825 0.0499524111 0.00218096937)
(1.8375 0.0499524111 0.00218096937)
(1.85 0.0499524111 0.00218096937)
(1.8625 0.0499524111 0.00218096937)
(1.875 0.0499524111 0.00218096937)
(1.8875 0.0499524111 0.00218096937)
(1.9 0.0499524111 0.00218096937)
(1.9125 0.0499524111 0.00218096937)
(1.925 0.0499524111 0.00218096937)
(1.9375 0.0499524111 0.00218096937)
(1.95 0.0499524111 0.00218096937)
(1.9625 0.0499524111 0.00218096937)
(1.975 0.0499524111 0.00218096937)
(1.9875 0.0499524111 0.00218096937)
(2 0.0499524111 0.00218096937)
(2.0125 0.0499524111 0.00218096937)
(2.025 0.0499524111 0.00218096937)
(2.0375 0.0499524111 0.00218096937)
(2.05 0.0499524111 0.00218096937)
(2.0625 0.0499524111 0.00218096937)
(2.075 0.0499524111 0.00218096937)
(2.0875 0.0499524111 0.00218096937)
(2.1 0.0499524111 0.00218096937)
(2.1125 0.0499524111 0.00218096937)
(2.125 0.0499524111 0.00218096937)
(2.1375 0.0499524111 0.00218096937)
(2.15 0.0499524111 0.00218096937)
(2.1625 0.0499524111 0.00218096937)
(2.175 0.0499524111 0.00218096937)
(2.1875 0.0499524111 0.00218096937)
(2.2 0.0499524111 0.00218096937)
(2.2125 0.0499524111 0.00218096937)
(2.225 0.0499524111 0.00218096937)
(2.2375 0.0499524111 0.00218096937)
(2.25 0.0499524111 0.00218096937)
(2.2625 0.0499524111 0.00218096937)
(2.275 0.0499524111 0.00218096937)
(2.2875 0.0499524111 0.00218096937)
(2.3 0.0499524111 0.00218096937)
(2.3125 0.0499524111 0.00218096937)
(2.325 0.0499524111 0.00218096937)
(2.3375 0.0499524111 0.00218096937)
(2.35 0.0499524111 0.00218096937)
(2.3625 0.0499524111 0.00218096937)
(2.375 0.0499524111 0.00218096937)
(2.3875 0.0499524111 0.00218096937)
(2.4 0.0499524111 0.00218096937)
(2.4125 0.0499524111 0.00218096937)
(2.425 0.0499524111 0.00218096937)
(2.4375 0.0499524111 0.00218096937)
(2.45 0.0499524111 0.00218096937)
(2.4625 0.0499524111 0.00218096937)
(2.475 0.0499524111 0.00218096937)
(2.4875 0.0499524111 0.00218096937)
(2.5 0.0499524111 0.00218096937)
(2.5125 0.0499524111 0.00218096937)
(2.525 0.0499524111 0.00218096937)
(2.5375 0.0499524111 0.00218096937)
(2.55 0.0499524111 0.00218096937)
(2.5625 0.0499524111 0.00218096937)
(2.575 0.0499524111 0.00218096937)
(2.5875 0.0499524111 0.00218096937)
(2.6 0.0499524111 0.00218096937)
(2.6125 0.0499524111 0.00218096937)
(2.625 0.0499524111 0.00218096937)
(2.6375 0.0499524111 0.00218096937)
(2.65 0.0499524111 0.00218096937)
(2.6625 0.0499524111 0.00218096937)
(2.675 0.0499524111 0.00218096937)
(2.6875 0.0499524111 0.00218096937)
(2.7 0.0499524111 0.00218096937)
(2.7125 0.0499524111 0.00218096937)
(2.725 0.0499524111 0.00218096937)
(2.7375 0.0499524111 0.00218096937)
(2.75 0.0499524111 0.00218096937)
(2.7625 0.0499524111 0.00218096937)
(2.775 0.0499524111 0.00218096937)
(2.7875 0.0499524111 0.00218096937)
(2.8 0.0499524111 0.00218096937)
(2.8125 0.0499524111 0.00218096937)
(2.825 0.0499524111 0.00218096937)
(2.8375 0.0499524111 0.00218096937)
(2.85 0.0499524111 0.00218096937)
(2.8625 0.0499524111 0.00218096937)
(2.875 0.0499524111 0.00218096937)
(2.8875 0.0499524111 0.00218096937)
(2.9 0.0499524111 0.00218096937)
(2.9125 0.0499524111 0.00218096937)
(2.925 0.0499524111 0.00218096937)
(2.9375 0.0499524111 0.00218096937)
(2.95 0.0499524111 0.00218096937)
(2.9625 0.0499524111 0.00218096937)
(2.975 0.0499524111 0.00218096937)
(2.9875 0.0499524111 0.00218096937)
(3 0.0499524111 0.00218096937)
)


// ************************************************************************* //
