time_s,cd,cl
0,2.393646215,0.02393646215
0.0025,66.37118625,0.2275886279
0.005,1.565189267,0.09631105111
0.0075,3.265760936,0.01138267151
0.01,2.787414073,0.02348572654
0.0125,2.570220109,0.01945236931
0.015,2.39262479,0.01846134697
0.0175,2.251545248,0.01724106653
0.02,2.136312637,0.01617783738
0.0225,2.041147614,0.01529929131
0.025,1.962207071,0.01446900345
0.0275,1.896347297,0.01394254225
0.03,1.841122733,0.01357797929
0.0325,1.794824876,0.01279656869
0.035,1.756428063,0.01233577283
0.0375,1.723390564,0.01257945088
0.04,1.694452209,0.01205861044
0.0425,1.670966942,0.01156093726
0.045,1.65184979,0.01141174026
0.0475,1.635811451,0.01125059721
0.05,1.622772575,0.0111597535
0.0525,1.611680618,0.01119934273
0.055,1.601744185,0.0111582371
0.0575,1.593984974,0.01087017636
0.06,1.588262047,0.01067851224
0.0625,1.583566124,0.01067695838
0.065,1.580559849,0.01052212729
0.0675,1.578638089,0.01045827842
0.07,1.576068826,0.01043738033
0.0725,1.575148497,0.01031792763
0.075,1.574395249,0.01026972875
0.0775,1.574690613,0.01022351766
0.08,1.57510844,0.01011391144
0.0825,1.576099457,0.01012992432
0.085,1.577014703,0.009982148165
0.0875,1.578473026,0.009965918971
0.09,1.579715059,0.009776708331
0.0925,1.581114773,0.009723674197
0.095,1.582996177,0.009655668087
0.0975,1.585310224,0.009616688637
0.1,1.586785164,0.009518173441
0.1025,1.588013946,0.009501912786
0.105,1.589958887,0.00943296809
0.1075,1.591778501,0.009362370036
0.11,1.593251956,0.009303171689
0.1125,1.594932186,0.009240319518
0.115,1.596451773,0.009145890796
0.1175,1.598153975,0.009170921354
0.12,1.598985192,0.009106353526
0.1225,1.600170225,0.008927338228
0.125,1.600997059,0.009038060841
0.1275,1.601988653,0.008873281512
0.13,1.602801869,0.008795205513
0.1325,1.603495538,0.008797946391
0.135,1.603810477,0.008674303104
0.1375,1.604433917,0.008623715517
0.14,1.604543417,0.0085449591
0.1425,1.604714355,0.008498860656
0.145,1.604569904,0.00833704347
0.1475,1.604330581,0.008386467052
0.15,1.604248722,0.008156845357
0.1525,1.603787858,0.008185583776
0.155,1.602875601,0.007976843999
0.1575,1.602359406,0.008072838213
0.16,1.601593066,0.007970021263
0.1625,1.600715267,0.007856695383
0.165,1.599712033,0.007803989089
0.1675,1.598655177,0.007742785874
0.17,1.597570753,0.007631688614
0.1725,1.596439045,0.007599856889
0.175,1.595199105,0.00748636269
0.1775,1.593327581,0.007291116689
0.18,1.592137922,0.007305975742
0.1825,1.590385775,0.007260656551
0.185,1.58847702,0.0070939999
0.1875,1.58685033,0.007083006978
0.19,1.584941343,0.007216854364
0.1925,1.583029936,0.006775167355
0.195,1.581179977,0.006881820641
0.1975,1.579239224,0.006811122223
0.2,1.577270849,0.006734045126
0.2025,1.575232135,0.006706107153
0.205,1.573334092,0.006617258479
0.2075,1.570876335,0.006520666377
0.21,1.568991314,0.006374298472
0.2125,1.566805781,0.00644970268
0.215,1.564161199,0.006221941417
0.2175,1.561932216,0.006398591516
0.22,1.559595168,0.006270719833
0.2225,1.557342743,0.005972839484
0.225,1.55514381,0.006115555175
0.2275,1.552896358,0.006003951483
0.23,1.55035688,0.005998117948
0.2325,1.548055015,0.006052929629
0.235,1.545742805,0.005745129293
0.2375,1.54344426,0.005747709903
0.24,1.541309897,0.005781963126
0.2425,1.538659759,0.005691796822
0.245,1.536364367,0.005565408347
0.2475,1.534194799,0.005436456196
0.25,1.531665535,0.005588112698
0.2525,1.529456093,0.005457514425
0.255,1.526935292,0.005355950046
0.2575,1.524626162,0.005392330997
0.26,1.522406521,0.005340750848
0.2625,1.520039108,0.005374935567
0.265,1.51762511,0.005175392361
0.2675,1.515384119,0.005009318009
0.27,1.513167056,0.005168207675
0.2725,1.510942099,0.005094396876
0.275,1.508741038,0.005063943347
0.2775,1.506580245,0.005036473282
0.28,1.504331428,0.004990007114
0.2825,1.502308771,0.005116793936
0.285,1.499992314,0.004827653006
0.2875,1.497657492,0.004670542992
0.29,1.495646904,0.004899779867
0.2925,1.493546714,0.004796234517
0.295,1.491381725,0.004867289597
0.2975,1.489380961,0.004629117241
0.3,1.487390981,0.004579634837
0.3025,1.485103325,0.004747228765
0.305,1.483172679,0.004679043177
0.3075,1.481181194,0.004638263896
0.31,1.479158575,0.004712978677
0.3125,1.477181639,0.004730803527
0.315,1.475288711,0.004572068329
0.3175,1.473435846,0.004431549398
0.32,1.471446788,0.004600539464
0.3225,1.469592989,0.004594070046
0.325,1.467734158,0.004577314286
0.3275,1.465936419,0.004564585714
0.33,1.464092721,0.004587820352
0.3325,1.462235701,0.00445786887
0.335,1.460611772,0.00448987589
0.3375,1.458573244,0.004502465903
0.34,1.456749934,0.004512054021
0.3425,1.455028205,0.004557707136
0.345,1.453327604,0.004468084544
0.3475,1.451611268,0.004426645731
0.35,1.449927685,0.004248320973
0.3525,1.448277237,0.004471897915
0.355,1.446657167,0.00450240235
0.3575,1.445049507,0.004495482086
0.36,1.443524522,0.004488851366
0.3625,1.441810084,0.004541917153
0.365,1.440172056,0.004567619178
0.3675,1.438504762,0.004508087966
0.37,1.436978534,0.004548494143
0.3725,1.435468349,0.00451248012
0.375,1.433923505,0.004501399456
0.3775,1.43245995,0.00443792324
0.38,1.43105512,0.00452414229
0.3825,1.429399541,0.004623103509
0.385,1.427990447,0.004567564957
0.3875,1.426534626,0.004608934478
0.39,1.425104501,0.004677242024
0.3925,1.423674648,0.004644776748
0.395,1.422280571,0.004662387273
0.3975,1.420882349,0.004702822031
0.4,1.419527922,0.004736150262
0.4025,1.418199857,0.004802377508
0.405,1.416687089,0.004726455791
0.4075,1.41536342,0.004636548768
0.41,1.414042862,0.004755304459
0.4125,1.412729349,0.004824609342
0.415,1.411438738,0.004851388352
0.4175,1.410189372,0.004924434018
0.42,1.408890618,0.004876307846
0.4225,1.407571913,0.004905481929
0.425,1.406329735,0.004935404161
0.4275,1.405082305,0.004961342706
0.43,1.403852538,0.004996428644
0.4325,1.402639486,0.005028763756
0.435,1.401443638,0.005053649824
0.4375,1.400278419,0.005095086243
0.44,1.399177169,0.005129956811
0.4425,1.397785608,0.005192609149
0.445,1.396569493,0.005168156685
0.4475,1.395444333,0.00518362952
0.45,1.39429011,0.005175767414
0.4525,1.393168603,0.005311708053
0.455,1.392048325,0.005334544096
0.4575,1.390930224,0.005369419416
0.46,1.389825382,0.005404127571
0.4625,1.388725119,0.005439226318
0.465,1.387621925,0.005469217205
0.4675,1.386532765,0.005516911499
0.47,1.385445802,0.005579274234
0.4725,1.384424463,0.005557608967
0.475,1.383380451,0.005533407679
0.4775,1.382346115,0.005604534571
0.48,1.381333836,0.005704851226
0.4825,1.380386908,0.005741287648
0.485,1.379243994,0.005769036652
0.4875,1.378274597,0.005801158747
0.49,1.377305724,0.005841380098
0.4925,1.376180492,0.005858345679
0.495,1.375227323,0.005890518007
0.4975,1.374250882,0.005924985582
0.5,1.373284598,0.005956281501
0.5025,1.372328474,0.005985540632
0.505,1.371382446,0.006005500767
0.5075,1.370461933,0.00603416095
0.51,1.369561495,0.006107929914
0.5125,1.368623337,0.006238776323
0.515,1.367553447,0.006223184666
0.5175,1.366706869,0.006256042833
0.52,1.365791413,0.00627032027
0.5225,1.364902189,0.006328959892
0.525,1.364006381,0.00634674146
0.5275,1.363103725,0.006391849702
0.53,1.362186091,0.006369890567
0.5325,1.361376298,0.006389044162
0.535,1.360511678,0.006454678256
0.5375,1.359646956,0.00649562692
0.54,1.358806683,0.006525066996
0.5425,1.357966347,0.006556019807
0.545,1.357139462,0.006585293719
0.5475,1.356342889,0.006608297633
0.55,1.355432278,0.006634005773
0.5525,1.354622484,0.006679964121
0.555,1.353911481,0.006720898813
0.5575,1.353036586,0.006725125153
0.56,1.352402673,0.006764776721
0.5625,1.351479058,0.006805235018
0.565,1.350611003,0.006816594781
0.5675,1.349921107,0.006840785827
0.57,1.349137561,0.00686444508
0.5725,1.348368114,0.006883741415
0.575,1.347601884,0.006899550313
0.5775,1.346831177,0.006931031183
0.58,1.346029405,0.006969177583
0.5825,1.345373607,0.007007359892
0.585,1.344629099,0.007043352105
0.5875,1.343894251,0.007063067429
0.59,1.343166457,0.007081908782
0.5925,1.342452833,0.007101438089
0.595,1.341756891,0.007112787373
0.5975,1.341081344,0.007106188325
0.6,1.340261741,0.007130845623
0.6025,1.339579523,0.007124904947
0.605,1.338890521,0.007137662868
0.6075,1.33822934,0.007159667214
0.61,1.337488571,0.007167858314
0.6125,1.336778672,0.007179459683
0.615,1.336110738,0.007193388694
0.6175,1.335436703,0.007203165221
0.62,1.334770344,0.007211024016
0.6225,1.33410764,0.007218754976
0.625,1.33344831,0.007227788104
0.6275,1.332789874,0.007246424159
0.63,1.332144802,0.007195583785
0.6325,1.331519122,0.007207328979
0.635,1.330885893,0.007207970179
0.6375,1.330254501,0.007206981246
0.64,1.329626934,0.007246256112
0.6425,1.329002933,0.007286978997
0.645,1.328382874,0.007265479349
0.6475,1.327774984,0.00723732525
0.65,1.327176163,0.007195556335
0.6525,1.326596496,0.00719046505
0.655,1.326014561,0.007171628962
0.6575,1.325321681,0.007174045845
0.66,1.324737365,0.007198864583
0.6625,1.324148545,0.007217115366
0.665,1.323566522,0.007209358938
0.6675,1.32298695,0.007195813416
0.67,1.322413607,0.007177826964
0.6725,1.321842341,0.007172675357
0.675,1.321277792,0.007163031368
0.6775,1.320698919,0.00712273358
0.68,1.320153145,0.007105151389
0.6825,1.319605386,0.007085550811
0.685,1.319075178,0.007062650181
0.6875,1.318476963,0.007053013075
0.69,1.317934935,0.007022273237
0.6925,1.317395664,0.006986135081
0.695,1.316887362,0.006961531727
0.6975,1.316386812,0.006914244415
0.7,1.315854148,0.006883882595
0.7025,1.315243973,0.006868257514
0.705,1.314734855,0.006845854263
0.7075,1.314216513,0.006815916633
0.71,1.313702846,0.006783954621
0.7125,1.313192729,0.0067503595
0.715,1.312686169,0.00671518208
0.7175,1.312183123,0.00667833101
0.72,1.311683546,0.0066401564
0.7225,1.31118739,0.006600123794
0.725,1.310694623,0.006558224015
0.7275,1.310205204,0.006514171629
0.73,1.309720011,0.0064673081
0.7325,1.309237129,0.006414884368
0.735,1.30875701,0.006357463604
0.7375,1.308284613,0.006310285914
0.74,1.30780469,0.006294391617
0.7425,1.307326517,0.006277861242
0.745,1.306865804,0.006211180787
0.7475,1.306414141,0.006201638993
0.75,1.305960006,0.006143111078
0.7525,1.305506928,0.006074097849
0.755,1.305056278,0.006013295114
0.7575,1.304610511,0.005951360253
0.76,1.304164682,0.005891022232
0.7625,1.303723026,0.005829068782
0.765,1.303286512,0.005765701915
0.7675,1.302855975,0.005704478202
0.77,1.302449399,0.005642365945
0.7725,1.301978142,0.005570676997
0.775,1.301508619,0.005497149146
0.7775,1.30109236,0.005426979896
0.78,1.300672091,0.005355357405
0.7825,1.300260273,0.005287033685
0.785,1.299838179,0.005212898417
0.7875,1.299394125,0.005136314638
0.79,1.298984063,0.005044255977
0.7925,1.298576167,0.004954297291
0.795,1.298170114,0.004870975916
0.7975,1.297767943,0.004782582661
0.8,1.297365435,0.004682620169
0.8025,1.296963603,0.004586592658
0.805,1.296568403,0.004497427328
0.8075,1.296175969,0.004405812192
0.81,1.295787228,0.004311648608
0.8125,1.295402229,0.004215630219
0.815,1.295022511,0.004117359989
0.8175,1.294654635,0.004015130019
0.82,1.29428412,0.003912623012
0.8225,1.293822248,0.003816492582
0.825,1.293459867,0.003711942374
0.8275,1.293083677,0.003606275595
0.83,1.292711067,0.0034984017
0.8325,1.292340628,0.003388569016
0.835,1.291972389,0.003276630872
0.8375,1.291606393,0.003162611264
0.84,1.291242362,0.003049143927
0.8425,1.290880567,0.002935444918
0.845,1.290519437,0.002821720728
0.8475,1.290159221,0.002702718825
0.85,1.28979791,0.002580754828
0.8525,1.289456683,0.002451503026
0.855,1.289106943,0.002320621598
0.8575,1.28875828,0.002217534765
0.86,1.288414071,0.002110646716
0.8625,1.28807117,0.00201247446
0.865,1.287728502,0.001900779186
0.8675,1.287393385,0.001741956278
0.87,1.287057378,0.001606096242
0.8725,1.286715604,0.001476208701
0.875,1.286357743,0.001351499242
0.8775,1.286025543,0.001227133329
0.88,1.285693298,0.001099137711
0.8825,1.285366026,0.0009420625346
0.885,1.285041141,0.0008063526085
0.8875,1.284712112,0.00067534346
0.89,1.284382892,0.0005372338408
0.8925,1.284059845,0.0004040837703
0.895,1.283738202,0.0002733946633
0.8975,1.283425413,0.0001342809764
0.9,1.283105369,-1.445068204e-05
0.9025,1.282789109,-0.0001574252957
0.905,1.282475213,-0.0002903998468
0.9075,1.282162572,-0.0004249147707
0.91,1.281852201,-0.0005593687779
0.9125,1.28154443,-0.000693684696
0.915,1.281240257,-0.0008282255156
0.9175,1.280943096,-0.00096024939
0.92,1.28065387,-0.001092296553
0.9225,1.280288597,-0.001229945333
0.925,1.279985853,-0.001363134653
0.9275,1.279684349,-0.001493565534
0.93,1.279383869,-0.001623014649
0.9325,1.279084974,-0.001748344471
0.935,1.278788483,-0.001873949213
0.9375,1.278492233,-0.001999483591
0.94,1.278198213,-0.002124702039
0.9425,1.277906086,-0.00224733153
0.945,1.277615784,-0.002365944949
0.9475,1.277322997,-0.002495362995
0.95,1.277034517,-0.002618121988
0.9525,1.276748012,-0.002744571099
0.955,1.276460404,-0.002849024201
0.9575,1.276177762,-0.002963165443
0.96,1.275897734,-0.003073998965
0.9625,1.275622259,-0.003182724797
0.965,1.275360391,-0.003292481508
0.9675,1.275059373,-0.003392088639
0.97,1.274731984,-0.003491488006
0.9725,1.274465575,-0.003590297102
0.975,1.274188897,-0.003686092573
0.9775,1.273914195,-0.003778560935
0.98,1.273640603,-0.003866093123
0.9825,1.273367882,-0.003949679333
0.985,1.27309502,-0.004032115335
0.9875,1.272823627,-0.004107371394
0.99,1.272554127,-0.004197173085
0.9925,1.272286338,-0.004284909184
0.995,1.272020396,-0.004375066109
0.9975,1.271757304,-0.004454134164
1,1.27149315,-0.004529969624
1.0025,1.271231198,-0.004591832194
1.005,1.270965843,-0.004674906831
1.0075,1.270705983,-0.004731147344
1.01,1.270445894,-0.004784514479
1.0125,1.270187383,-0.004828905035
1.015,1.269929472,-0.004879510797
1.0175,1.269672742,-0.004912438267
1.02,1.269420084,-0.004945707631
1.0225,1.269169455,-0.004962085767
1.025,1.268912715,-0.004990677656
1.0275,1.268659408,-0.005021226529
1.03,1.268407653,-0.005047117582
1.0325,1.268156251,-0.005064209413
1.035,1.267907892,-0.005089622255
1.0375,1.267661584,-0.005120836388
1.04,1.267417097,-0.005134007381
1.0425,1.267172074,-0.00514354025
1.045,1.266928002,-0.005147215771
1.0475,1.266684946,-0.005149571862
1.05,1.266442734,-0.005147608175
1.0525,1.266201874,-0.005143836108
1.055,1.265962207,-0.005132208141
1.0575,1.265723456,-0.005120379082
1.06,1.265485877,-0.005105050917
1.0625,1.265248942,-0.005084181526
1.065,1.265014179,-0.005059488873
1.0675,1.264779967,-0.00503278658
1.07,1.264546761,-0.005004124205
1.0725,1.264314788,-0.004969566291
1.075,1.264083831,-0.004931488728
1.0775,1.263853876,-0.004892544482
1.08,1.263625185,-0.004849393709
1.0825,1.263397359,-0.004803330176
1.085,1.263170147,-0.004754609093
1.0875,1.262944169,-0.004703272518
1.09,1.262718894,-0.004651565005
1.0925,1.262496115,-0.004592130106
1.095,1.262275636,-0.004516129942
1.0975,1.262056507,-0.004452002454
1.1,1.261837257,-0.004385555534
1.1025,1.261620365,-0.004308808331
1.105,1.26140461,-0.004232753583
1.1075,1.261194759,-0.0041507499
1.11,1.26098286,-0.004079892503
1.1125,1.260721385,-0.004007826943
1.115,1.260511963,-0.003927062405
1.1175,1.260297618,-0.003851218348
1.12,1.260086714,-0.003767460755
1.1225,1.259876159,-0.003673876626
1.125,1.259665645,-0.003578693301
1.1275,1.25945601,-0.003480893618
1.13,1.259247002,-0.003379471541
1.1325,1.259038669,-0.003278365328
1.135,1.25883255,-0.003186118983
1.1375,1.258628592,-0.003093715014
1.14,1.258425939,-0.002991782029
1.1425,1.258223226,-0.002881697762
1.145,1.258021468,-0.002769548443
1.1475,1.257830916,-0.002655518768
1.15,1.257614876,-0.002545758157
1.1525,1.25741975,-0.002432035999
1.155,1.257221436,-0.002316782971
1.1575,1.257024774,-0.002200450623
1.16,1.256829475,-0.002083032095
1.1625,1.256636183,-0.001964828189
1.165,1.256447875,-0.001847789912
1.1675,1.256283435,-0.001724237964
1.17,1.256037018,-0.0015981676
1.1725,1.25582756,-0.001473658576
1.175,1.255641767,-0.001351136472
1.1775,1.255450901,-0.001227299876
1.18,1.255260927,-0.001100030244
1.1825,1.255071567,-0.0009735580793
1.185,1.254883674,-0.0008507489078
1.1875,1.254696887,-0.0007260867011
1.19,1.254510881,-0.0006020597099
1.1925,1.254325007,-0.0004787535178
1.195,1.254138227,-0.0003487643137
1.1975,1.253952304,-0.0002236632356
1.2,1.25377208,-8.117330715e-05
1.2025,1.253591868,6.147549003e-05
1.205,1.253410332,0.0002064320049
1.2075,1.253232702,0.0003304694206
1.21,1.253052979,0.0004554156903
1.2125,1.252874121,0.0005820901511
1.215,1.252696049,0.0007087706876
1.2175,1.252519229,0.0008363901643
1.22,1.252342014,0.000961302488
1.2225,1.252165847,0.001083474528
1.225,1.251991444,0.001207582936
1.2275,1.251818172,0.001330560639
1.23,1.251643982,0.001453453279
1.2325,1.251471661,0.001574952376
1.235,1.251300064,0.00169518952
1.2375,1.251129138,0.001813145362
1.24,1.250959447,0.001934445372
1.2425,1.25079029,0.002057693538
1.245,1.250621612,0.002175065063
1.2475,1.250453833,0.002290804194
1.25,1.25028684,0.002405326344
1.2525,1.250120594,0.002518549673
1.255,1.249955059,0.002630240418
1.2575,1.249790213,0.002742806542
1.26,1.249626041,0.00285473433
1.2625,1.249462744,0.002961059731
1.265,1.249300401,0.00306732796
1.2675,1.249138494,0.003171950348
1.27,1.248977296,0.003274808351
1.2725,1.24881677,0.003375655282
1.275,1.24865686,0.003473810942
1.2775,1.248497892,0.003569734186
1.28,1.248339827,0.00366829217
1.2825,1.248182177,0.003767858207
1.285,1.248024889,0.003858788132
1.2875,1.24786825,0.003948539787
1.29,1.24771195,0.004036084289
1.2925,1.247555527,0.004120753281
1.295,1.247395751,0.00419762243
1.2975,1.247242982,0.004290146153
1.3,1.24710192,0.004375779436
1.3025,1.2469527,0.004455865755
1.305,1.246801748,0.00453058675
1.3075,1.246651235,0.004600936132
1.31,1.246502307,0.004673784881
1.3125,1.246354675,0.004745542636
1.315,1.246208842,0.004808046101
1.3175,1.246060129,0.004875981487
1.32,1.245906606,0.004939987232
1.3225,1.245759729,0.004993970222
1.325,1.245614362,0.005052144623
1.3275,1.245467843,0.005119066808
1.33,1.245325261,0.005175070721
1.3325,1.24517975,0.005240229621
1.335,1.2450395,0.005290048391
1.3375,1.244897428,0.005334423192
1.34,1.244756053,0.005375695238
1.3425,1.244615281,0.005415663578
1.345,1.24447721,0.005454266503
1.3475,1.244342327,0.005489548223
1.35,1.244225957,0.005523065088
1.3525,1.244048606,0.005546143062
1.355,1.243890668,0.005568650369
1.3575,1.243757814,0.005613813186
1.36,1.243620636,0.005657421335
1.3625,1.243485328,0.005671577356
1.365,1.243348776,0.005687376056
1.3675,1.243212771,0.005701104771
1.37,1.243077308,0.005712605699
1.3725,1.242942218,0.005722235956
1.375,1.242807512,0.005729846822
1.3775,1.242673785,0.005733729043
1.38,1.242540575,0.005735033369
1.3825,1.242407896,0.005733684717
1.385,1.242275713,0.00572958635
1.3875,1.242144032,0.005723636468
1.39,1.242012497,0.00571051527
1.3925,1.24188267,0.005700665431
1.395,1.241752695,0.005686485034
1.3975,1.241623195,0.005677389683
1.4,1.24149399,0.005666412273
1.4025,1.241365809,0.005641630171
1.405,1.241238092,0.005616808417
1.4075,1.241110676,0.005589606287
1.41,1.240983798,0.005559940415
1.4125,1.240857427,0.005527768489
1.415,1.240731562,0.00549306163
1.4175,1.240606198,0.005455795607
1.42,1.240481332,0.005415983043
1.4225,1.240356959,0.005373463747
1.425,1.24023307,0.005327979302
1.4275,1.240109647,0.005279698689
1.43,1.239986658,0.005228070497
1.4325,1.239863988,0.005171954323
1.435,1.23974171,0.005114249728
1.4375,1.239619974,0.005074978876
1.44,1.239500255,0.005032958707
1.4425,1.239381463,0.00497934851
1.445,1.239261708,0.004928161344
1.4475,1.239141676,0.004862136741
1.45,1.239022014,0.004793573634
1.4525,1.238903552,0.004720995252
1.455,1.238783358,0.004649257375
1.4575,1.23867027,0.004573408713
1.46,1.238553549,0.004497101337
1.4625,1.238437567,0.004418326793
1.465,1.238322255,0.004336931452
1.4675,1.238207769,0.004253867335
1.47,1.238094518,0.004168588791
1.4725,1.237983538,0.004080946905
1.475,1.237875661,0.003986003265
1.4775,1.237743792,0.003902253845
1.48,1.237618195,0.003819227169
1.4825,1.237507743,0.003730137869
1.485,1.237395025,0.003631144761
1.4875,1.237282497,0.003534925806
1.49,1.2371708,0.003436625225
1.4925,1.237059891,0.003336046557
1.495,1.236948939,0.003233617304
1.4975,1.236838383,0.003129720872
1.5,1.236727783,0.00302504323
1.5025,1.236618477,0.002916806818
1.505,1.236509076,0.002807660986
1.5075,1.236400411,0.002694389152
1.51,1.236291898,0.002581395371
1.5125,1.236183818,0.002465480869
1.515,1.236076208,0.002344253441
1.5175,1.235970504,0.002241517556
1.52,1.235870488,0.00214041721
1.5225,1.235758946,0.002032899451
1.525,1.235651564,0.001914711877
1.5275,1.235545525,0.001796874149
1.53,1.235440132,0.001672063212
1.5325,1.235335068,0.001550260001
1.535,1.235230245,0.001427207756
1.5375,1.235125983,0.001303415149
1.54,1.235022297,0.001178720025
1.5425,1.234918837,0.001054238195
1.545,1.23481611,0.0009302991606
1.5475,1.234712799,0.0008030152494
1.55,1.234611341,0.0006822071515
1.5525,1.234510424,0.0005538703745
1.555,1.234411686,0.000423648651
1.5575,1.234309773,0.0002998854576
1.56,1.234210812,0.0001816944798
1.5625,1.234110679,6.061320176e-05
1.565,1.23401086,-6.049609447e-05
1.5675,1.233912461,-0.0001894841855
1.57,1.233813753,-0.000317784303
1.5725,1.233715945,-0.0004455122899
1.575,1.233619141,-0.0005684700504
1.5775,1.233526145,-0.0007051432118
1.58,1.233438454,-0.0008414487619
1.5825,1.233313867,-0.0009744076064
1.585,1.233221337,-0.001099782569
1.5875,1.233123774,-0.001234647272
1.59,1.233027465,-0.001368276785
1.5925,1.232931517,-0.001495939496
1.595,1.232835793,-0.001623806077
1.5975,1.232740423,-0.001751608937
1.6,1.232645262,-0.001878525307
1.6025,1.232550457,-0.002002040797
1.605,1.232455953,-0.002125797556
1.6075,1.23236189,-0.002243199193
1.61,1.232269583,-0.002368337356
1.6125,1.232176678,-0.002491083671
1.615,1.232083913,-0.002613423544
1.6175,1.231991522,-0.00273482414
1.62,1.231899457,-0.002855276462
1.6225,1.231807737,-0.002974660832
1.625,1.231716376,-0.003092822289
1.6275,1.23162533,-0.003209696466
1.63,1.231534594,-0.003324845311
1.6325,1.231444037,-0.003436267035
1.635,1.23135406,-0.003550066762
1.6375,1.231264118,-0.00367365764
1.64,1.231174642,-0.003784658182
1.6425,1.231085421,-0.003895883993
1.645,1.230996242,-0.004007957038
1.6475,1.230907953,-0.004108233075
1.65,1.230819007,-0.004205139433
1.6525,1.230732411,-0.004306276314
1.655,1.230644758,-0.004407270022
1.6575,1.230557518,-0.004506310976
1.66,1.230470906,-0.004603154498
1.6625,1.230384725,-0.004698177179
1.665,1.23029822,-0.004791633467
1.6675,1.230212311,-0.004877763171
1.67,1.230127475,-0.004982286079
1.6725,1.230041078,-0.005074342189
1.675,1.229954869,-0.005161619604
1.6775,1.229870821,-0.005246339733
1.68,1.229786604,-0.00532890282
1.6825,1.229701666,-0.005408981777
1.685,1.229617012,-0.005487190167
1.6875,1.229533562,-0.005564471478
1.69,1.22944927,-0.005642255499
1.6925,1.229367251,-0.00570347681
1.695,1.229284415,-0.005763410655
1.6975,1.229202914,-0.005826325267
1.7,1.229120164,-0.005884401757
1.7025,1.229038114,-0.005943236233
1.705,1.228957661,-0.006025829648
1.7075,1.228876789,-0.00610354078
1.71,1.228796653,-0.006158032598
1.7125,1.228715943,-0.006208292657
1.715,1.228635402,-0.006255835755
1.7175,1.228555259,-0.006300002977
1.72,1.228474638,-0.0063431036
1.7225,1.228393434,-0.006382985202
1.725,1.22831267,-0.006416142514
1.7275,1.228235828,-0.006475191471
1.73,1.228158254,-0.006509902547
1.7325,1.228080961,-0.006526867074
1.735,1.228002961,-0.006555006715
1.7375,1.227925145,-0.006574741873
1.74,1.227847092,-0.006590905601
1.7425,1.227769709,-0.006620246448
1.745,1.227692777,-0.006643892057
1.7475,1.227616124,-0.006656194152
1.75,1.227539418,-0.006667190571
1.7525,1.227462779,-0.006674345829
1.755,1.227386579,-0.006679934721
1.7575,1.227310881,-0.006683343367
1.76,1.227234763,-0.006686440239
1.7625,1.22716162,-0.006674900202
1.765,1.227087221,-0.006669636685
1.7675,1.227013851,-0.006661288016
1.77,1.226943912,-0.006651463893
1.7725,1.226862159,-0.006641017721
1.775,1.226776733,-0.006597959405
1.7775,1.22670717,-0.006586656373
1.78,1.226633757,-0.006552812126
1.7825,1.226559682,-0.006546365478
1.785,1.226487406,-0.006507617154
1.7875,1.226413863,-0.006465941008
1.79,1.22634096,-0.006419445551
1.7925,1.22627026,-0.006376420687
1.795,1.22619675,-0.006336043746
1.7975,1.22612549,-0.006307456083
1.8,1.226053845,-0.006276600964
1.8025,1.225982041,-0.006233608923
1.805,1.225911305,-0.006174728235
1.8075,1.22584133,-0.006097925046
1.81,1.2257744,-0.00603417125
1.8125,1.225712152,-0.005968062429
1.815,1.225631358,-0.005894328387
1.8175,1.225555061,-0.005844772441
1.82,1.22548598,-0.005788361739
1.8225,1.225416178,-0.005714585474
1.825,1.225346182,-0.005638589333
1.8275,1.225276457,-0.005560875797
1.83,1.225206662,-0.005483585891
1.8325,1.225137278,-0.005401197154
1.835,1.22506949,-0.005299540834
1.8375,1.225001056,-0.005188887455
1.84,1.2249332,-0.00509791204
1.8425,1.224864312,-0.00500162712
1.845,1.224796979,-0.0049042435
1.8475,1.224729041,-0.00480274276
1.85,1.224661285,-0.004698334154
1.8525,1.224593402,-0.004591148928
1.855,1.224526219,-0.004469348139
1.8575,1.224458998,-0.004363516687
1.86,1.224393411,-0.004272409321
1.8625,1.224328401,-0.004170482635
1.865,1.224262586,-0.004052344062
1.8675,1.224196336,-0.003931858884
1.87,1.224130421,-0.003808922397
1.8725,1.224064672,-0.003683686423
1.875,1.223999078,-0.003556195472
1.8775,1.223933474,-0.003428664739
1.88,1.223867993,-0.003288289365
1.8825,1.223804235,-0.0031622325
1.885,1.223740991,-0.00304080109
1.8875,1.223678424,-0.00291928302
1.89,1.223613388,-0.00277497262
1.8925,1.223549464,-0.002634955941
1.895,1.223485187,-0.002489448235
1.8975,1.223420571,-0.002337344422
1.9,1.223358162,-0.002214679631
1.9025,1.223293619,-0.002086127044
1.905,1.223232829,-0.001938644417
1.9075,1.223168747,-0.001793187287
1.91,1.22310812,-0.001635276842
1.9125,1.223045621,-0.001483881567
1.915,1.222983456,-0.00133143841
1.9175,1.222921337,-0.001178558959
1.92,1.222859965,-0.001022780955
1.9225,1.222798938,-0.0008646363993
1.925,1.222738394,-0.0007043184099
1.9275,1.222676544,-0.0005518114571
1.93,1.222616248,-0.0003842017479
1.9325,1.222555071,-0.0002251074714
1.935,1.222494785,-6.438076331e-05
1.9375,1.222434881,9.905800098e-05
1.94,1.222375011,0.000274112416
1.9425,1.222314965,0.0004259942113
1.945,1.22225652,0.0005706599594
1.9475,1.222198251,0.000730224706
1.95,1.2221406,0.0008930340861
1.9525,1.222084449,0.001053273031
1.955,1.222031061,0.001223456659
1.9575,1.221967216,0.001390546826
1.96,1.221893664,0.001556675951
1.9625,1.221838487,0.001721688992
1.965,1.221779493,0.001889085153
1.9675,1.221721208,0.002060925777
1.97,1.221667918,0.002206613755
1.9725,1.221614482,0.002359524774
1.975,1.221557034,0.002506943109
1.9775,1.221475685,0.002668361139
1.98,1.221435339,0.002830210525
1.9825,1.221375227,0.003003308812
1.985,1.22131881,0.003163305986
1.9875,1.221262537,0.003312150726
1.99,1.221206382,0.003457135065
1.9925,1.221149427,0.003626993089
1.995,1.221095233,0.003795728145
1.9975,1.221039098,0.003954384471
2,1.22098072,0.004118597926
2.0025,1.220925938,0.004260893681
2.005,1.220871704,0.00441314721
2.0075,1.220817227,0.004562858878
2.01,1.220764142,0.004704513015
2.0125,1.22072058,0.004874206161
2.015,1.220645493,0.005017703398
2.0175,1.220596055,0.005166525067
2.02,1.220540517,0.005312028223
2.0225,1.220486516,0.005456272852
2.025,1.220432404,0.005599651018
2.0275,1.220378487,0.00574237286
2.03,1.220324424,0.005887209861
2.0325,1.220270517,0.006013245595
2.035,1.220216337,0.006131986847
2.0375,1.220165331,0.006246339391
2.04,1.220111978,0.006372778119
2.0425,1.220059148,0.006491064973
2.045,1.220007122,0.006636897885
2.0475,1.219954113,0.006757080312
2.05,1.219901784,0.006882378774
2.0525,1.219849417,0.007004752414
2.055,1.219797461,0.007120455804
2.0575,1.219745052,0.007235510182
2.06,1.219692658,0.007348174444
2.0625,1.219641716,0.007444973724
2.065,1.21959188,0.007525711337
2.0675,1.219539843,0.007597466109
2.07,1.219494146,0.007728432892
2.0725,1.219442073,0.007833725068
2.075,1.219392878,0.007943137886
2.0775,1.219342498,0.008034594061
2.08,1.21929311,0.00812581959
2.0825,1.219242842,0.008190424495
2.085,1.219190688,0.008273382899
2.0875,1.21914126,0.008350384885
2.09,1.219092253,0.008425411081
2.0925,1.219042947,0.008497494941
2.095,1.218994112,0.008567800335
2.0975,1.218942932,0.008640531241
2.1,1.218892555,0.008692556771
2.1025,1.21884668,0.008730300908
2.105,1.218797697,0.008784083113
2.1075,1.218749559,0.008836324716
2.11,1.218699383,0.008883381632
2.1125,1.21865098,0.00891418211
2.115,1.21860303,0.008973692196
2.1175,1.218554701,0.009030316125
2.12,1.218506437,0.009063632015
2.1225,1.218457697,0.009102400392
2.125,1.218409539,0.009137913587
2.1275,1.218366316,0.009117501486
2.13,1.218317836,0.009122297392
2.1325,1.218270286,0.009133996675
2.135,1.218222705,0.009146078227
2.1375,1.21817474,0.00916037641
2.14,1.218127938,0.009145139043
2.1425,1.218078678,0.009137816734
2.145,1.218038967,0.009133536114
2.1475,1.217993347,0.009138028014
2.15,1.217945562,0.009113180968
2.1525,1.217898857,0.00909643781
2.155,1.217853187,0.009090686805
2.1575,1.217807433,0.009070652922
2.16,1.217761271,0.009039476648
2.1625,1.217715022,0.009007099526
2.165,1.217667785,0.00898206889
2.1675,1.217622168,0.008899537449
2.17,1.217580186,0.00888155599
2.1725,1.217533981,0.008837723067
2.175,1.217487797,0.008794077519
2.1775,1.217440611,0.008743684208
2.18,1.21740105,0.008606857747
2.1825,1.217356224,0.008552647685
2.185,1.217311549,0.008482380599
2.1875,1.217265005,0.008409366131
2.19,1.217218015,0.008341189769
2.1925,1.217179738,0.0082239712
2.195,1.217134343,0.008157609756
2.1975,1.217088318,0.008103011483
2.2,1.21704088,0.008022916074
2.2025,1.217004208,0.007890961023
2.205,1.216963686,0.007750695414
2.2075,1.216919355,0.007625480725
2.21,1.216873749,0.007515115738
2.2125,1.216828733,0.007381455925
2.215,1.216789667,0.007297328369
2.2175,1.216747221,0.007207433352
2.22,1.216706044,0.007076196436
2.2225,1.216662929,0.006951388703
2.225,1.216620254,0.006825031709
2.2275,1.216578238,0.00667511608
2.23,1.216536261,0.006517473709
2.2325,1.216493524,0.006366924473
2.235,1.21645106,0.006220612018
2.2375,1.216408374,0.006097224441
2.24,1.216367514,0.005970839961
2.2425,1.216328637,0.00581040558
2.245,1.216298746,0.00565230792
2.2475,1.21623558,0.005494610051
2.25,1.216206806,0.005319886014
2.2525,1.216153929,0.005143196626
2.255,1.216114363,0.004974043884
2.2575,1.216074502,0.004795253585
2.26,1.216032899,0.004617146402
2.2625,1.215991618,0.004433791858
2.265,1.215949228,0.004240338405
2.2675,1.215910238,0.00406321991
2.27,1.215870511,0.003882200404
2.2725,1.215828607,0.003683947755
2.275,1.215790008,0.00349040918
2.2775,1.215749307,0.003288605418
2.28,1.215708195,0.003110335226
2.2825,1.215666756,0.002899441584
2.285,1.215630521,0.002728975775
2.2875,1.21559295,0.002540580491
2.29,1.215553964,0.002321680297
2.2925,1.215514286,0.002113168853
2.295,1.215474154,0.001902389786
2.2975,1.215434292,0.001689804097
2.3,1.215392055,0.001477106883
2.3025,1.215354895,0.001261803286
2.305,1.215319806,0.001048291723
2.3075,1.215280813,0.0008376719024
2.31,1.215243963,0.000594468149
2.3125,1.215208478,0.0003619972646
2.315,1.215171331,0.0001366898609
2.3175,1.215125981,-9.022148166e-05
2.32,1.215089209,-0.000324149851
2.3225,1.215050958,-0.0005488183686
2.325,1.215013168,-0.0007485794233
2.3275,1.214975748,-0.0009431867526
2.33,1.214939068,-0.001173448281
2.3325,1.214901597,-0.001396611068
2.335,1.214864163,-0.001636985638
2.3375,1.214826075,-0.001894045968
2.34,1.214786854,-0.002121950554
2.3425,1.214756137,-0.002356895471
2.345,1.214716708,-0.002592209369
2.3475,1.214679945,-0.002830203029
2.35,1.214641894,-0.003081295644
2.3525,1.214607422,-0.003286529083
2.355,1.214575433,-0.003483878532
2.3575,1.214538013,-0.003717562146
2.36,1.21450152,-0.003942338538
2.3625,1.21446439,-0.004147169606
2.365,1.214427902,-0.004433111841
2.3675,1.214372438,-0.004681501638
2.37,1.214370127,-0.004881952389
2.3725,1.214324415,-0.005077133509
2.375,1.214291189,-0.005306922404
2.3775,1.214258632,-0.005510243916
2.38,1.214222731,-0.005718703568
2.3825,1.214188264,-0.005960093365
2.385,1.214152227,-0.006188849285
2.3875,1.214122798,-0.006383850147
2.39,1.214087675,-0.006612329389
2.3925,1.214054547,-0.006828428196
2.395,1.214021023,-0.007053737543
2.3975,1.21398789,-0.007277457136
2.4,1.213955276,-0.007488309637
2.4025,1.213921772,-0.007698123983
2.405,1.213887811,-0.007906412656
2.4075,1.213852443,-0.008120774735
2.41,1.213824274,-0.008311890731
2.4125,1.213792388,-0.008519729342
2.415,1.21376263,-0.008722811312
2.4175,1.21373691,-0.008883905709
2.42,1.213709585,-0.009031841953
2.4225,1.213646205,-0.009212395798
2.425,1.213628087,-0.009381882073
2.4275,1.213592317,-0.009584569993
2.43,1.213561136,-0.009771654754
2.4325,1.213527188,-0.009954321778
2.435,1.213498514,-0.01011036651
2.4375,1.213465625,-0.01027533163
2.44,1.213434787,-0.01043821641
2.4425,1.213405432,-0.01060429234
2.445,1.213374131,-0.01075602802
2.4475,1.213342141,-0.01091758556
2.45,1.213310634,-0.01107708691
2.4525,1.213279297,-0.01122330481
2.455,1.213248727,-0.01136204001
2.4575,1.213217382,-0.01148881401
2.46,1.213186639,-0.01160663848
2.4625,1.213161558,-0.01180801287
2.465,1.213127683,-0.01190860953
2.4675,1.21309814,-0.01199724243
2.47,1.213069119,-0.01210067338
2.4725,1.21303547,-0.01219708401
2.475,1.213007158,-0.01234164899
2.4775,1.212980916,-0.0124623908
2.48,1.212950553,-0.01257606094
2.4825,1.212920128,-0.01266980142
2.485,1.21289071,-0.01275093289
2.4875,1.212862746,-0.01280113463
2.49,1.212831499,-0.01290182571
2.4925,1.212812021,-0.01291494468
2.495,1.212779499,-0.0129777768
2.4975,1.212748667,-0.01307884761
2.5,1.212723117,-0.01313978899
2.5025,1.212701233,-0.01315674483
2.505,1.212671741,-0.0132031049
2.5075,1.212644218,-0.01325373009
2.51,1.21261682,-0.01329963668
2.5125,1.212589037,-0.01334536979
2.515,1.212561076,-0.0133346502
2.5175,1.212532878,-0.01332559266
2.52,1.212502961,-0.01332796991
2.5225,1.212477483,-0.0133318739
2.525,1.212448701,-0.0133255473
2.5275,1.212419955,-0.01329625555
2.53,1.212389193,-0.01330138907
2.5325,1.212360615,-0.01330834695
2.535,1.212319515,-0.01325934369
2.5375,1.212329486,-0.01330149013
2.54,1.212292016,-0.01327388391
2.5425,1.212268769,-0.013241585
2.545,1.212241461,-0.0132008436
2.5475,1.212215395,-0.0131598179
2.55,1.212186896,-0.01310126746
2.5525,1.212162898,-0.01299425895
2.555,1.212134262,-0.0129504859
2.5575,1.212110454,-0.01287491057
2.56,1.212084232,-0.01280038062
2.5625,1.2120592,-0.01272660143
2.565,1.212031028,-0.01261805025
2.5675,1.212006332,-0.01248878893
2.57,1.211982644,-0.0123684314
2.5725,1.211956637,-0.01225333005
2.575,1.211931724,-0.0121243826
2.5775,1.211906077,-0.01205554894
2.58,1.211881079,-0.01194072249
2.5825,1.211856425,-0.01180421308
2.585,1.211830948,-0.01165467084
2.5875,1.211802127,-0.01149452
2.59,1.211786082,-0.01140010133
2.5925,1.21175728,-0.01125457965
2.595,1.211733402,-0.01109676256
2.5975,1.211711911,-0.0109209248
2.6,1.21169004,-0.01075194045
2.6025,1.211684267,-0.01057503748
2.605,1.211626105,-0.01039755075
2.6075,1.211607956,-0.01020504341
2.61,1.211585676,-0.01003775859
2.6125,1.211562095,-0.009835076591
2.615,1.211537553,-0.009623231146
2.6175,1.211514458,-0.009345652204
2.62,1.211491921,-0.009155742207
2.6225,1.21146585,-0.008961803545
2.625,1.211445378,-0.008744719402
2.6275,1.211421425,-0.008512706558
2.63,1.211396398,-0.008274752557
2.6325,1.211374755,-0.008039486863
2.635,1.211351017,-0.007796068818
2.6375,1.211327583,-0.007550787386
2.64,1.211304586,-0.007304054865
2.6425,1.21128165,-0.007030110178
2.645,1.211262697,-0.00674415244
2.6475,1.211233456,-0.006511741108
2.65,1.211216896,-0.006287083541
2.6525,1.211189295,-0.006016570536
2.655,1.211171123,-0.005719173797
2.6575,1.211145755,-0.005435465604
2.66,1.211121382,-0.005143554762
2.6625,1.211105124,-0.004869244173
2.665,1.211088878,-0.004648806707
2.6675,1.211041563,-0.004356957108
2.67,1.211041567,-0.004064824084
2.6725,1.211017821,-0.003725529106
2.675,1.210995866,-0.003401068946
2.6775,1.210973498,-0.003099715929
2.68,1.210950986,-0.002759127884
2.6825,1.210930803,-0.002433190356
2.685,1.210911969,-0.002134936948
2.6875,1.210890016,-0.001815566191
2.69,1.210868515,-0.001503885863
2.6925,1.210846607,-0.001182734677
2.695,1.210828961,-0.0008309631326
2.6975,1.210806956,-0.0004932997343
2.7,1.210784891,-0.0001536125647
2.7025,1.210760063,0.0001957778236
2.705,1.210745458,0.0005693481999
2.7075,1.210737009,0.0008308157033
2.71,1.210709833,0.001120033646
2.7125,1.210692568,0.001429493638
2.715,1.210671953,0.001767375905
2.7175,1.21065272,0.002094703585
2.72,1.210634083,0.002444364409
2.7225,1.210614888,0.002781082468
2.725,1.210595981,0.003111976215
2.7275,1.210577618,0.003478897017
2.73,1.210558404,0.003838158258
2.7325,1.210537724,0.004162926843
2.735,1.21053003,0.004538578441
2.7375,1.210536248,0.004881263977
2.74,1.210471485,0.005213889663
2.7425,1.210472334,0.005593084011
2.745,1.2104483,0.005945077914
2.7475,1.210429453,0.006276493268
2.75,1.210413206,0.006673032692
2.7525,1.210396538,0.007022085413
2.755,1.210377124,0.007303188599
2.7575,1.210348551,0.007597698916
2.76,1.210319831,0.007935682359
2.7625,1.210347394,0.008300546729
2.765,1.210313612,0.008607883887
2.7675,1.21030083,0.008917759025
2.77,1.210287277,0.009261213152
2.7725,1.210272667,0.009591754915
2.775,1.210258041,0.009865871186
2.7775,1.210244928,0.01016352728
2.78,1.210226789,0.01049516096
2.7825,1.210208864,0.01085397622
2.785,1.210199612,0.01118736961
2.7875,1.210182781,0.0115247081
2.79,1.210170364,0.01182143251
2.7925,1.210153362,0.01210927757
2.795,1.210147948,0.01244220216
2.7975,1.210130998,0.0127537431
2.8,1.210119345,0.01306633095
2.8025,1.210108174,0.01333328102
2.805,1.210113036,0.01358386227
2.8075,1.210109929,0.01382100933
2.81,1.210033655,0.01409305677
2.8125,1.210022984,0.01439712603
2.815,1.210023501,0.01467055697
2.8175,1.210036574,0.0149136283
2.82,1.210005362,0.01518811845
2.8225,1.209994441,0.01546347716
2.825,1.209985188,0.01564643281
2.8275,1.209975541,0.01594905248
2.83,1.209963412,0.01618294811
2.8325,1.209951957,0.0164179872
2.835,1.209937087,0.016649817
2.8375,1.209927829,0.01686107262
2.84,1.209918291,0.01705870042
2.8425,1.209909733,0.01726181802
2.845,1.209894691,0.01746386288
2.8475,1.209882618,0.01775084495
2.85,1.209870278,0.01796985138
2.8525,1.209854968,0.01810125334
2.855,1.209853288,0.01824318448
2.8575,1.209847171,0.01838895265
2.86,1.209844879,0.01855065902
2.8625,1.209840232,0.01870156452
2.865,1.209825491,0.01884997292
2.8675,1.209817651,0.01898268138
2.87,1.209809181,0.01907544779
2.8725,1.209793961,0.0192308182
2.875,1.209778594,0.01940506405
2.8775,1.209755731,0.0195095779
2.88,1.209800495,0.01963242115
2.8825,1.209778526,0.01968155219
2.885,1.209776442,0.01984483747
2.8875,1.209772394,0.01991797609
2.89,1.209784474,0.01999136755
2.8925,1.209741455,0.02006491632
2.895,1.209744963,0.02012529806
2.8975,1.209747125,0.02017796296
2.9,1.209729344,0.02021753581
2.9025,1.20971841,0.02027740848
2.905,1.209707738,0.02027845642
2.9075,1.209719411,0.02022087697
2.91,1.20970444,0.02024439665
2.9125,1.209696526,0.02023929265
2.915,1.209686651,0.02020442523
2.9175,1.209686106,0.0202114056
2.92,1.2096766,0.02013822203
2.9225,1.209667676,0.02017414657
2.925,1.209668938,0.02021720596
2.9275,1.209658192,0.02014924682
2.93,1.209661422,0.02001096224
2.9325,1.209652189,0.01998704681
2.935,1.20965004,0.01990426002
2.9375,1.209641882,0.01982503486
2.94,1.209640145,0.01972622414
2.9425,1.209632,0.01962806972
2.945,1.209625389,0.01952692939
2.9475,1.209619607,0.01942856391
2.95,1.209614511,0.0192635425
2.9525,1.209615732,0.01912868339
2.955,1.209610969,0.01893930019
2.9575,1.209606645,0.01869915799
2.96,1.209603745,0.01850504133
2.9625,1.209602559,0.01832927812
2.965,1.209588512,0.01827225678
2.9675,1.209594138,0.01808485471
2.97,1.209594587,0.01788409179
2.9725,1.209567156,0.01761007953
2.975,1.2095663,0.01739560489
2.9775,1.209565198,0.01723217726
2.98,1.209565606,0.01696739825
2.9825,1.209561915,0.01672130767
2.985,1.20955852,0.01646721619
2.9875,1.209555942,0.01620533302
2.99,1.209552697,0.01593630143
2.9925,1.2095485,0.01566488465
2.995,1.209544858,0.01536151722
2.9975,1.209544197,0.01503379452
3,1.209526161,0.01479030312
3.0025,1.209521814,0.01443493502
3.005,1.209516744,0.01416725376
3.0075,1.209538704,0.01391047678
3.01,1.209541193,0.01349580353
3.0125,1.209531481,0.01311342587
3.015,1.209530003,0.01278762764
3.0175,1.209527288,0.01242411172
3.02,1.209526237,0.01205618841
3.0225,1.209524642,0.01167828347
3.025,1.209523385,0.01128698874
3.0275,1.209529027,0.01086668296
3.03,1.20952466,0.01056107707
3.0325,1.209540213,0.01007790192
3.035,1.209558302,0.009727147102
3.0375,1.209471683,0.009367485129
3.04,1.209509145,0.008963516662
3.0425,1.209490543,0.008517695337
3.045,1.209483788,0.008075793862
3.0475,1.209484719,0.007587518021
3.05,1.209530333,0.007220639483
3.0525,1.209497203,0.006832545484
3.055,1.209505949,0.00637518918
3.0575,1.209509444,0.005924781491
3.06,1.209510862,0.00548089857
3.0625,1.209509454,0.004984407125
3.065,1.209510244,0.004465182652
3.0675,1.209511098,0.003959823079
3.07,1.209511881,0.003440077256
3.0725,1.209513867,0.0029426267
3.075,1.209522216,0.002555805755
3.0775,1.20950967,0.002036026292
3.08,1.209514194,0.001488316681
3.0825,1.20952142,0.001036383772
3.085,1.209522609,0.0005270581761
3.0875,1.209525459,1.313700311e-05
3.09,1.209527437,-0.0005096654456
3.0925,1.209527606,-0.001040422347
3.095,1.209535899,-0.00153047613
3.0975,1.209540097,-0.00195312105
3.1,1.209541452,-0.002480023255
3.1025,1.209544717,-0.002965426447
3.105,1.209550776,-0.00353887281
3.1075,1.209556038,-0.004121324996
3.11,1.209556784,-0.004619357538
3.1125,1.2095657,-0.005185002745
3.115,1.209562779,-0.005609104173
3.1175,1.209566664,-0.006079510013
3.12,1.209565568,-0.006682305813
3.1225,1.209555075,-0.007258241046
3.125,1.209593351,-0.007784373248
3.1275,1.209591993,-0.008320670204
3.13,1.209601085,-0.008853011706
3.1325,1.209607731,-0.009378893543
3.135,1.209619245,-0.009984337577
3.1375,1.209605181,-0.01044561493
3.14,1.209642933,-0.01099736021
3.1425,1.209638856,-0.01142913622
3.145,1.209664315,-0.0119564516
3.1475,1.209675549,-0.01247768092
3.15,1.209688755,-0.01299997072
3.1525,1.209697926,-0.01352488848
3.155,1.20972876,-0.01407630421
3.1575,1.209684991,-0.01449843255
3.16,1.209693502,-0.01494305238
3.1625,1.209680289,-0.01541881808
3.165,1.209735922,-0.0159430934
3.1675,1.20974869,-0.0164683917
3.17,1.209763236,-0.01695927573
3.1725,1.209779813,-0.01743432028
3.175,1.209797413,-0.01789299478
3.1775,1.209820708,-0.01840767011
3.18,1.209856406,-0.01890199726
3.1825,1.209838822,-0.01937588704
3.185,1.209840046,-0.01991634849
3.1875,1.209857861,-0.02040241171
3.19,1.209877739,-0.02079434822
3.1925,1.20987943,-0.02117525137
3.195,1.20990264,-0.02155783625
3.1975,1.209924461,-0.0220148582
3.2,1.209956018,-0.02250951895
3.2025,1.209968522,-0.02283692873
3.205,1.209981428,-0.02318679904
3.2075,1.209998413,-0.02359451
3.21,1.210019318,-0.02398302227
3.2125,1.210049986,-0.02436219355
3.215,1.21009295,-0.02472185727
3.2175,1.210034927,-0.02506262628
3.22,1.210080383,-0.02548339981
3.2225,1.210094711,-0.02581939585
3.225,1.210109243,-0.02613055295
3.2275,1.210133947,-0.02653278023
3.23,1.210152963,-0.0268285983
3.2325,1.210173206,-0.02709906462
3.235,1.210197579,-0.0274951313
3.2375,1.210208409,-0.02785191339
3.24,1.2102229,-0.02814026181
3.2425,1.210245627,-0.02827289895
3.245,1.210271714,-0.0285509375
3.2475,1.210291338,-0.02881796586
3.25,1.210303364,-0.02905460065
3.2525,1.210278732,-0.02920998166
3.255,1.210403254,-0.02944403151
3.2575,1.210404096,-0.02964638364
3.26,1.210437568,-0.02983807747
3.2625,1.210462125,-0.0300141518
3.265,1.210489063,-0.03017070274
3.2675,1.210515698,-0.03027315506
3.27,1.210546068,-0.03044331781
3.2725,1.210572579,-0.0307196193
3.275,1.210599437,-0.03081245415
3.2775,1.210629181,-0.0308853827
3.28,1.210667065,-0.03106240367
3.2825,1.210685239,-0.03114859377
3.285,1.210701606,-0.03122805044
3.2875,1.210734439,-0.0313174894
3.29,1.210765483,-0.03138612447
3.2925,1.210796512,-0.03131494162
3.295,1.210833346,-0.03125524739
3.2975,1.210867632,-0.03127298351
3.3,1.210852372,-0.03126956785
3.3025,1.210880598,-0.03119256236
3.305,1.210928179,-0.03116848993
3.3075,1.21095106,-0.03104959591
3.31,1.21098335,-0.03109027312
3.3125,1.211009076,-0.0310657005
3.315,1.211027513,-0.0309485851
3.3175,1.211073183,-0.03092602682
3.32,1.211097501,-0.0307978586
3.3225,1.211129054,-0.03067567164
3.325,1.211155697,-0.03053702121
3.3275,1.211175659,-0.03035782216
3.33,1.21121494,-0.03021190961
3.3325,1.211242298,-0.03002869037
3.335,1.211271155,-0.0298341192
3.3375,1.211300027,-0.02961589327
3.34,1.211325138,-0.02939147639
3.3425,1.211318019,-0.02919196168
3.345,1.211380171,-0.02872288835
3.3475,1.211465059,-0.02846444719
3.35,1.211468638,-0.02827784799
3.3525,1.21150078,-0.02794492542
3.355,1.211538248,-0.02767971608
3.3575,1.211565354,-0.02735584565
3.36,1.211624272,-0.02701659568
3.3625,1.211610267,-0.02664371211
3.365,1.211631699,-0.02627418695
3.3675,1.211700416,-0.0259731876
3.37,1.211712806,-0.02557819471
3.3725,1.211740107,-0.02518530989
3.375,1.211764348,-0.02476206245
3.3775,1.21178236,-0.02428437074
3.38,1.211917439,-0.02382655116
3.3825,1.211985966,-0.02329684535
3.385,1.211949035,-0.02291980715
3.3875,1.211929737,-0.02252652753
3.39,1.212007781,-0.02194686373
3.3925,1.212005298,-0.02149291167
3.395,1.212043191,-0.02117989265
3.3975,1.21208982,-0.02043347845
3.4,1.212112842,-0.01988658599
3.4025,1.212145334,-0.01941835668
3.405,1.212184889,-0.01874650112
3.4075,1.212220374,-0.01803548759
3.41,1.21222468,-0.01756672412
3.4125,1.212274784,-0.01693358267
3.415,1.212300923,-0.01633336915
3.4175,1.212354178,-0.01568889353
3.42,1.212384725,-0.01502959992
3.4225,1.212450555,-0.01435751893
3.425,1.212428094,-0.0138601946
3.4275,1.212466487,-0.01320915438
3.43,1.212502383,-0.01248611762
3.4325,1.21253426,-0.01184105659
3.435,1.212581888,-0.01100134485
3.4375,1.212619453,-0.01048612633
3.44,1.212650836,-0.009812558855
3.4425,1.212683767,-0.009097872301
3.445,1.212719128,-0.00839309072
3.4475,1.212752822,-0.007661697602
3.45,1.212774949,-0.006977923019
3.4525,1.212831646,-0.006130656877
3.455,1.21285179,-0.005335249284
3.4575,1.212898678,-0.004584033425
3.46,1.212934882,-0.003748796402
3.4625,1.212971008,-0.002767808501
3.465,1.213001841,-0.002129341932
3.4675,1.21306056,-0.001571442184
3.47,1.213080254,-0.0007078674386
3.4725,1.213128414,9.452250702e-05
3.475,1.213180999,0.00094242002
3.4775,1.213233336,0.001773785816
3.48,1.213235613,0.002618248823
3.4825,1.213299087,0.003371606223
3.485,1.213339395,0.004070682292
3.4875,1.21337438,0.004858563987
3.49,1.213396501,0.00568840322
3.4925,1.21342432,0.006563105399
3.495,1.213543072,0.007386641574
3.4975,1.213563677,0.008203629541
3.5,1.213605821,0.008989152029
3.5025,1.213661776,0.009900256642
3.505,1.21370697,0.01076156186
3.5075,1.213756442,0.01157118595
3.51,1.21379882,0.01235558752
3.5125,1.21381976,0.0131711702
3.515,1.213910684,0.01394889472
3.5175,1.213950991,0.01482453912
3.52,1.213993629,0.01572689036
3.5225,1.214052515,0.01653234697
3.525,1.214104259,0.0174106593
3.5275,1.214155975,0.01832100991
3.53,1.214211986,0.01899940459
3.5325,1.214264388,0.01971215066
3.535,1.214309297,0.02051539981
3.5375,1.214374122,0.02125152531
3.54,1.214458559,0.02218196315
3.5425,1.214493318,0.02297081486
3.545,1.214579135,0.02372569361
3.5475,1.214602112,0.0245802071
3.55,1.214655189,0.02534634353
3.5525,1.214731356,0.02617763676
3.555,1.21481311,0.02678111973
3.5575,1.214799923,0.02750623501
3.56,1.214844032,0.02824394091
3.5625,1.214915405,0.02901140578
3.565,1.214965971,0.02971953226
3.5675,1.215008459,0.03045095993
3.57,1.21503963,0.03129624721
3.5725,1.215202593,0.03199869813
3.575,1.215244025,0.03273120167
3.5775,1.215309965,0.03330401437
3.58,1.215282136,0.03406044171
3.5825,1.215430073,0.03461514687
3.585,1.21546954,0.03538777645
3.5875,1.215535047,0.03602018117
3.59,1.215582157,0.03663441832
3.5925,1.215657178,0.03713463552
3.595,1.215761502,0.03795463956
3.5975,1.215833592,0.03857905178
3.6,1.215854729,0.03907489814
3.6025,1.215975493,0.03950063701
3.605,1.216044031,0.0400252642
3.6075,1.216116064,0.04055719275
3.61,1.216194885,0.04111509249
3.6125,1.216257779,0.04164001334
3.615,1.21634796,0.04206353884
3.6175,1.216428672,0.04239193473
3.62,1.216520701,0.04307013051
3.6225,1.216579077,0.04354359984
3.625,1.216662006,0.04400234027
3.6275,1.216739092,0.04445473807
3.63,1.216815933,0.04474048949
3.6325,1.216888127,0.04515797687
3.635,1.21697328,0.04556892674
3.6375,1.217024885,0.04588005107
3.64,1.217105708,0.04617944452
3.6425,1.21714082,0.04650255302
3.645,1.217334519,0.04684620624
3.6475,1.217357618,0.04710167772
3.65,1.217503524,0.04713621045
3.6525,1.217545642,0.04731892312
3.655,1.217627114,0.04741629787
3.6575,1.217710339,0.04775040444
3.66,1.217810263,0.04804437621
3.6625,1.21786238,0.04812431662
3.665,1.217952788,0.0484022934
3.6675,1.218039919,0.04842088621
3.67,1.218134561,0.04850934915
3.6725,1.218219387,0.04859326941
3.675,1.218306952,0.04868200833
3.6775,1.218396432,0.048719336
3.68,1.218492923,0.04846329095
3.6825,1.218568509,0.04849053419
3.685,1.218656534,0.04845496328
3.6875,1.218743355,0.04837219427
3.69,1.21881087,0.04827183264
3.6925,1.218966641,0.04830992876
3.695,1.21904551,0.04831200488
3.6975,1.219121273,0.04816056199
3.7,1.219233382,0.04788595017
3.7025,1.219292527,0.04753504637
3.705,1.219334595,0.04731675454
3.7075,1.219427543,0.04699239907
3.71,1.219515597,0.04685169504
3.7125,1.21960696,0.04654943684
3.715,1.219692953,0.04617555359
3.7175,1.219807137,0.04597143871
3.72,1.219885698,0.0455923404
3.7225,1.219935702,0.04520320864
3.725,1.220095729,0.04482887883
3.7275,1.220193081,0.04435572031
3.73,1.22028822,0.04397240625
3.7325,1.220394274,0.04334506397
3.735,1.220403744,0.04283928562
3.7375,1.220506624,0.04258837501
3.74,1.220607979,0.04190246662
3.7425,1.220709882,0.04145152293
3.745,1.220849326,0.04088329028
3.7475,1.220845384,0.04021023964
3.75,1.220978327,0.0395572912
3.7525,1.220986567,0.03891603998
3.755,1.221077559,0.03824852388
3.7575,1.221164335,0.03759508669
3.76,1.22131394,0.03676422396
3.7625,1.22140178,0.03599427659
3.765,1.221571617,0.03521178839
3.7675,1.221541153,0.03458920824
3.77,1.221665391,0.03384792042
3.7725,1.221756513,0.03298949209
3.775,1.221803339,0.03211981005
3.7775,1.221920837,0.03125782517
3.78,1.221997262,0.03066024033
3.7825,1.222146265,0.02976341865
3.785,1.222162627,0.02858009154
3.7875,1.222294108,0.02762767478
3.79,1.222342357,0.02690405764
3.7925,1.222437837,0.02592450786
3.795,1.22252888,0.02495575509
3.7975,1.222620223,0.02391164344
3.8,1.222713526,0.0229094793
3.8025,1.222810321,0.02183367236
3.805,1.222910382,0.02069797834
3.8075,1.222916537,0.01961231476
3.81,1.223044977,0.01869817944
3.8125,1.223120393,0.01760476297
3.815,1.223205091,0.01654318416
3.8175,1.223300818,0.01524829348
3.82,1.223408553,0.01391516038
3.8225,1.22347543,0.01305047146
3.825,1.223565787,0.01186458879
3.8275,1.22367177,0.01068137484
3.83,1.223716148,0.009660119239
3.8325,1.223851298,0.008480981695
3.835,1.223930105,0.007319029161
3.8375,1.22398572,0.006093145791
3.84,1.224034398,0.004739421373
3.8425,1.224218706,0.003466119783
3.845,1.224294944,0.002245373181
3.8475,1.224377776,0.0008699555862
3.85,1.224488799,-0.0001757523994
3.8525,1.22454195,-0.001375797871
3.855,1.224633299,-0.002605897026
3.8575,1.224697353,-0.003930061211
3.86,1.224870279,-0.005233817675
3.8625,1.224916332,-0.006601316288
3.865,1.225052313,-0.008140583032
3.8675,1.225152815,-0.009271944778
3.87,1.225256647,-0.01066397395
3.8725,1.225314908,-0.01180489873
3.875,1.225441903,-0.01311626593
3.8775,1.225537865,-0.01444831985
3.88,1.225659557,-0.01570073648
3.8825,1.225762403,-0.01702180298
3.885,1.225863669,-0.01839844457
3.8875,1.225977422,-0.01968781059
3.89,1.226095969,-0.02103099465
3.8925,1.226211474,-0.02224596728
3.895,1.226338714,-0.02350109919
3.8975,1.226473317,-0.0248000889
3.9,1.226570834,-0.0261509551
3.9025,1.226635682,-0.0274702477
3.905,1.226651096,-0.02877605715
3.9075,1.226768706,-0.02999396572
3.91,1.226951439,-0.03142030277
3.9125,1.22712321,-0.03277738311
3.915,1.227168973,-0.03382205286
3.9175,1.227265754,-0.03494442853
3.92,1.227380206,-0.03627353338
3.9225,1.227494811,-0.03757334126
3.925,1.227623279,-0.03872945316
3.9275,1.227747897,-0.04001245993
3.93,1.227882812,-0.04121315904
3.9325,1.228003835,-0.04256525472
3.935,1.22815658,-0.04377204258
3.9375,1.228258161,-0.04485423111
3.94,1.228374259,-0.04586722175
3.9425,1.228513282,-0.04702747223
3.945,1.228629804,-0.04808108176
3.9475,1.228755943,-0.0492611249
3.95,1.228883442,-0.0502665131
3.9525,1.229013831,-0.05142320213
3.955,1.229147734,-0.05251784627
3.9575,1.229262136,-0.05359778097
3.96,1.229373165,-0.05472877477
3.9625,1.22960305,-0.05528709001
3.965,1.229699612,-0.05624791774
3.9675,1.229856012,-0.05748555301
3.97,1.229950518,-0.05838007182
3.9725,1.230173301,-0.05931600306
3.975,1.230314044,-0.06021085215
3.9775,1.230487565,-0.06109859848
3.98,1.230627554,-0.06199759384
3.9825,1.230772096,-0.06300803092
3.985,1.230919003,-0.06357862837
3.9875,1.231056241,-0.06420191252
3.99,1.23121802,-0.06493855146
3.9925,1.231389806,-0.0655364284
3.995,1.231517105,-0.0663371619
3.9975,1.231680778,-0.06690338009
4,1.231863595,-0.06791682274
4.0025,1.231950522,-0.06843540305
4.005,1.232118496,-0.0690026015
4.0075,1.23237983,-0.06974446066
4.01,1.232593627,-0.06999728117
4.0125,1.232573263,-0.07047278744
4.015,1.232835458,-0.07087504907
4.0175,1.233021999,-0.07136025588
4.02,1.233091266,-0.07173680247
4.0225,1.233284096,-0.07200242239
4.025,1.233415893,-0.0725146921
4.0275,1.233606597,-0.07280277068
4.03,1.233772782,-0.07305073107
4.0325,1.233934423,-0.07339897595
4.035,1.23413218,-0.07326897162
4.0375,1.234252503,-0.07364325438
4.04,1.234440108,-0.07370765433
4.0425,1.234596334,-0.07379869723
4.045,1.234730962,-0.07399603726
4.0475,1.23495486,-0.07396224905
4.05,1.235110799,-0.07401397332
4.0525,1.235296766,-0.07396058789
4.055,1.235499853,-0.0738167552
4.0575,1.235650319,-0.07410967537
4.06,1.235755792,-0.07365843563
4.0625,1.235897747,-0.07334071748
4.065,1.236114272,-0.07294035884
4.0675,1.236230833,-0.07297212809
4.07,1.236426175,-0.07262463968
4.0725,1.236592702,-0.07219052973
4.075,1.236766271,-0.07194330679
4.0775,1.236954011,-0.07178305033
4.08,1.237115041,-0.07127949299
4.0825,1.237268198,-0.07080575935
4.085,1.237379048,-0.07006328964
4.0875,1.23763399,-0.06945819371
4.09,1.237810639,-0.06880290651
4.0925,1.237860493,-0.06835781536
4.095,1.238047944,-0.06773932137
4.0975,1.238195832,-0.06701941189
4.1,1.238378175,-0.06615567964
4.1025,1.23853918,-0.06534569257
4.105,1.23868097,-0.06483732202
4.1075,1.238846599,-0.0640467652
4.11,1.239022215,-0.06321210041
4.1125,1.239174673,-0.06210527118
4.115,1.239302063,-0.06093831941
4.1175,1.239486367,-0.06030392085
4.12,1.239629335,-0.05922391357
4.1225,1.239802219,-0.05802389158
4.125,1.239972858,-0.0569647479
4.1275,1.24000878,-0.0559548169
4.13,1.240291846,-0.05485389087
4.1325,1.240325877,-0.05373422315
4.135,1.240544826,-0.05233724585
4.1375,1.240679311,-0.05085147347
4.14,1.240889908,-0.04949657609
4.1425,1.240903815,-0.04858814315
4.145,1.241134847,-0.04720544283
4.1475,1.241243543,-0.045826111
4.15,1.241397036,-0.04440861011
4.1525,1.241542667,-0.04294781314
4.155,1.24170811,-0.04135081242
4.1575,1.241827205,-0.04004540133
4.16,1.242002229,-0.03850712621
4.1625,1.242164532,-0.03693458575
4.165,1.242267386,-0.03542728361
4.1675,1.242357604,-0.03374107018
4.17,1.242508335,-0.03229504358
4.1725,1.242614093,-0.03057756485
4.175,1.242818497,-0.02881324386
4.1775,1.242959603,-0.02700837495
4.18,1.243105468,-0.0251913805
4.1825,1.243216864,-0.02374760826
4.185,1.243352768,-0.02191138221
4.1875,1.243422583,-0.02030635257
4.19,1.243657492,-0.01823874773
4.1925,1.243784265,-0.01636221442
4.195,1.243856719,-0.01458120019
4.1975,1.2440239,-0.01261162327
4.2,1.244171455,-0.01092259609
4.2025,1.244349794,-0.008762291342
4.205,1.244468181,-0.006934830323
4.2075,1.244577213,-0.005222071006
4.21,1.244724832,-0.003315762601
4.2125,1.244866498,-0.001346302001
4.215,1.244991352,0.0004310957875
4.2175,1.245205659,0.002690370714
4.22,1.245324746,0.004866326107
4.2225,1.245483099,0.006799114807
4.225,1.245661592,0.008538418924
4.2275,1.245777453,0.01064890658
4.23,1.245958454,0.01259968676
4.2325,1.245939657,0.01458050635
4.235,1.246259384,0.01669122204
4.2375,1.246128264,0.01862036972
4.24,1.246486492,0.02086199523
4.2425,1.246551383,0.02296081727
4.245,1.246820506,0.02509445483
4.2475,1.246938728,0.02703958011
4.25,1.247094007,0.02880517668
4.2525,1.247208402,0.03089510047
4.255,1.247360482,0.03292547649
4.2575,1.247526073,0.03499504465
4.26,1.247647861,0.03686348868
4.2625,1.24786973,0.0390384284
4.265,1.248002315,0.04102817776
4.2675,1.248168544,0.04274598811
4.27,1.248351729,0.04459847226
4.2725,1.248511621,0.04683100371
4.275,1.24866175,0.048829637
4.2775,1.248839491,0.05070327459
4.28,1.24894884,0.05274833403
4.2825,1.249195929,0.05467641659
4.285,1.249360863,0.05663340568
4.2875,1.249529635,0.05871301409
4.29,1.249756231,0.06025088691
4.2925,1.249885857,0.06180376359
4.295,1.250111735,0.06363330078
4.2975,1.25030477,0.06510123422
4.3,1.250499195,0.06715892157
4.3025,1.25060739,0.06904114803
4.305,1.250862755,0.07079189456
4.3075,1.251109946,0.07282879192
4.31,1.251287123,0.07428789431
4.3125,1.251625239,0.07565475417
4.315,1.251760682,0.07728987014
4.3175,1.251858164,0.07887555774
4.32,1.252109023,0.08039247826
4.3225,1.252323372,0.08187711856
4.325,1.252612885,0.08314980748
4.3275,1.252746482,0.08466295699
4.33,1.252919559,0.08612554832
4.3325,1.253180376,0.08776501494
4.335,1.253395166,0.08910472776
4.3375,1.253579951,0.09003964193
4.34,1.253786728,0.09140987199
4.3425,1.254023189,0.09255343231
4.345,1.254244103,0.09379307019
4.3475,1.254481559,0.09490679989
4.35,1.254725617,0.0959759469
4.3525,1.254954081,0.09687260169
4.355,1.255243008,0.09809104718
4.3575,1.255461362,0.09891097021
4.36,1.255711564,0.09952835984
4.3625,1.255909066,0.1007477434
4.365,1.25615411,0.1014860431
4.3675,1.256413892,0.1021179914
4.37,1.256686907,0.1031477503
4.3725,1.256837122,0.1037235637
4.375,1.257135657,0.1043125668
4.3775,1.257333037,0.1048990772
4.38,1.257632018,0.1055199442
4.3825,1.257892887,0.1057602673
4.385,1.258225496,0.1058537498
4.3875,1.258269671,0.106512357
4.39,1.258498395,0.1067583228
4.3925,1.258759251,0.106867411
4.395,1.259006559,0.1070977258
4.3975,1.259235124,0.1073890815
4.4,1.259497678,0.1074299759
4.4025,1.259752308,0.1077135362
4.405,1.260003148,0.1073446621
4.4075,1.260189569,0.1074879219
4.41,1.260434944,0.1072780763
4.4125,1.260673777,0.1070300325
4.415,1.260938425,0.106739054
4.4175,1.261202948,0.1062481201
4.42,1.261361385,0.1060937269
4.4225,1.261727552,0.1055864394
4.425,1.261898634,0.1052202553
4.4275,1.262157023,0.104671714
4.43,1.262393233,0.1039601271
4.4325,1.262595686,0.1035382113
4.435,1.262739198,0.1026277595
4.4375,1.26304507,0.101913708
4.44,1.263252016,0.101041557
4.4425,1.263491793,0.09998106013
4.445,1.263707723,0.09927174026
4.4475,1.263958837,0.09814685418
4.45,1.264216949,0.09705868702
4.4525,1.264293541,0.09617148391
4.455,1.264560266,0.09500198469
4.4575,1.264787564,0.09380713298
4.46,1.265033323,0.09238760411
4.4625,1.265220284,0.09100441845
4.465,1.265504312,0.08927814558
4.4675,1.265630996,0.08836370121
4.47,1.265847496,0.08704653461
4.4725,1.265889313,0.08529046726
4.475,1.266193665,0.08371484406
4.4775,1.266403822,0.08212083952
4.48,1.266541981,0.08002176241
4.4825,1.266762164,0.07844374827
4.485,1.266931542,0.07624928607
4.4875,1.267153886,0.07462558328
4.49,1.267228136,0.07301713191
4.4925,1.267452035,0.07110760865
4.495,1.267587233,0.06893058136
4.4975,1.267783842,0.06689093574
4.5,1.26794638,0.0648203727
4.5025,1.268168345,0.06226750119
4.505,1.268185064,0.06046653901
4.5075,1.268410467,0.05837177111
4.51,1.268568769,0.05598525379
4.5125,1.26867898,0.05376006476
4.515,1.26881303,0.05138704693
4.5175,1.269067305,0.04893467542
4.52,1.269098626,0.04641393733
4.5225,1.269461915,0.04392247971
4.525,1.269560723,0.04149686303
4.5275,1.269680947,0.03935339888
4.53,1.269840894,0.0366294545
4.5325,1.26998384,0.03422945484
4.535,1.270156921,0.03134319032
4.5375,1.270288471,0.02848577777
4.54,1.27042105,0.02555572443
4.5425,1.270567246,0.02274416056
4.545,1.270780237,0.02030648066
4.5475,1.270823857,0.01773907554
4.55,1.271042126,0.01490505168
4.5525,1.271018249,0.01211530072
4.555,1.271197045,0.009249378619
4.5575,1.271249016,0.006262174921
4.56,1.271628468,0.003355209702
4.5625,1.271623919,8.635101502e-05
4.565,1.271776113,-0.002196746599
4.5675,1.271881275,-0.005138886016
4.57,1.271982588,-0.007935851605
4.5725,1.272224806,-0.01103628845
4.575,1.272348938,-0.01398174701
4.5775,1.272526809,-0.01684801998
4.58,1.272711307,-0.02019960375
4.5825,1.272806096,-0.02329905479
4.585,1.272982905,-0.02567653088
4.5875,1.273084725,-0.0287401236
4.59,1.273241695,-0.03172250136
4.5925,1.273363302,-0.03447578463
4.595,1.273594209,-0.03742332858
4.5975,1.273684773,-0.04075270477
4.6,1.27394837,-0.04369810597
4.6025,1.27411312,-0.04680842769
4.605,1.274265519,-0.04965263118
4.6075,1.274386358,-0.05212322774
4.61,1.274641787,-0.05532387877
4.6125,1.274826568,-0.05810491835
4.615,1.27494773,-0.0608688637
4.6175,1.27522268,-0.06368491685
4.62,1.27532897,-0.06624252552
4.6225,1.275536048,-0.06942143887
4.625,1.275682284,-0.07227409504
4.6275,1.275867137,-0.07486599623
4.63,1.27610317,-0.07757871594
4.6325,1.27634132,-0.08021222981
4.635,1.276655732,-0.08301019612
4.6375,1.276679394,-0.08555166538
4.64,1.27699626,-0.08821333862
4.6425,1.277125086,-0.09062608593
4.645,1.277444627,-0.09316347143
4.6475,1.277565321,-0.09575649648
4.65,1.277787533,-0.09778208755
4.6525,1.277965443,-0.1004939815
4.655,1.278256858,-0.1026169422
4.6575,1.278492405,-0.105037191
4.66,1.278763815,-0.1071953141
4.6625,1.279042863,-0.1093421781
4.665,1.279265088,-0.1118468524
4.6675,1.279542726,-0.1139640104
4.67,1.279717311,-0.1156405211
4.6725,1.280056389,-0.1176470881
4.675,1.280270379,-0.1196154914
4.6775,1.28052711,-0.1216778968
4.68,1.280822445,-0.1231592402
4.6825,1.281138537,-0.1251821181
4.685,1.281370447,-0.1268405408
4.6875,1.281697153,-0.1284117106
4.69,1.282097548,-0.1303302312
4.6925,1.282160951,-0.1315362135
4.695,1.28255586,-0.1328488429
4.6975,1.282725772,-0.1342236641
4.7,1.283081256,-0.1353739976
4.7025,1.283388471,-0.1364122527
4.705,1.283675715,-0.1378454855
4.7075,1.283905581,-0.1390887255
4.71,1.284238709,-0.1400636822
4.7125,1.284645222,-0.1408968956
4.715,1.284789946,-0.141749483
4.7175,1.2851693,-0.1424937615
4.72,1.285404615,-0.1434541611
4.7225,1.285801985,-0.1439167198
4.725,1.285981437,-0.1442709825
4.7275,1.286312894,-0.1451566066
4.73,1.286652511,-0.1454310225
4.7325,1.287015153,-0.1455674279
4.735,1.287137999,-0.1464666398
4.7375,1.287475255,-0.1462328532
4.74,1.28777928,-0.1461437576
4.7425,1.288096807,-0.1460923951
4.745,1.28840482,-0.1456128005
4.7475,1.288714937,-0.1455652894
4.75,1.288947363,-0.1457054566
4.7525,1.289253704,-0.1453900338
4.755,1.289546761,-0.1450045708
4.7575,1.289813056,-0.1446210441
4.76,1.290122508,-0.1435817954
4.7625,1.290411363,-0.1430789556
4.765,1.290698866,-0.1421501354
4.7675,1.290984513,-0.1418542248
4.77,1.291092354,-0.1406458124
4.7725,1.291458023,-0.139674253
4.775,1.291689543,-0.1385965979
4.7775,1.291927621,-0.1373416628
4.78,1.29219316,-0.1358963975
4.7825,1.292233594,-0.1351100714
4.785,1.292749182,-0.1334271936
4.7875,1.292852379,-0.1319841382
4.79,1.293190623,-0.1303722203
4.7925,1.293504976,-0.1288412667
4.795,1.293656682,-0.1269052213
4.7975,1.293805524,-0.1250023749
4.8,1.29402535,-0.1234278849
4.8025,1.294184075,-0.1216169689
4.805,1.29448786,-0.1196158357
4.8075,1.294534188,-0.1169734787
4.81,1.294848273,-0.1149608319
4.8125,1.294993063,-0.1125555909
4.815,1.295212698,-0.1099993327
4.8175,1.295301241,-0.1081956229
4.82,1.295498567,-0.105652098
4.8225,1.29564058,-0.1031188123
4.825,1.295834904,-0.1005188091
4.8275,1.296000747,-0.09781537855
4.83,1.296185196,-0.09484906892
4.8325,1.296398269,-0.09168945832
4.835,1.296359768,-0.08895770242
4.8375,1.296472162,-0.08643662166
4.84,1.296703518,-0.08332781291
4.8425,1.296782066,-0.08036925937
4.845,1.296941592,-0.0771218148
4.8475,1.297142063,-0.07375942384
4.85,1.29729259,-0.07042251006
4.8525,1.297313179,-0.06759111097
4.855,1.297492119,-0.06437111705
4.8575,1.297673006,-0.06054237932
4.86,1.297687657,-0.0570261962
4.8625,1.297719815,-0.05382786153
4.865,1.297818678,-0.05018251748
4.8675,1.298052577,-0.0462316781
4.87,1.298055693,-0.04273851079
4.8725,1.298106083,-0.03952691254
4.875,1.298224313,-0.03580747774
4.8775,1.298354425,-0.03207920659
4.88,1.298366297,-0.02816571736
4.8825,1.298510152,-0.02458661332
4.885,1.298658708,-0.02074715142
4.8875,1.298685762,-0.0160956743
4.89,1.298757637,-0.01271506255
4.8925,1.298837609,-0.008989298348
4.895,1.298927912,-0.00498646085
4.8975,1.299060505,-0.001127357505
4.9,1.299128351,0.002762205257
4.9025,1.299250636,0.006753407529
4.905,1.299366835,0.01096829415
4.9075,1.299484096,0.01486326657
4.91,1.299615247,0.01865260569
4.9125,1.299666804,0.02259386283
4.915,1.299785931,0.02675803108
4.9175,1.299857598,0.03070821238
4.92,1.299982184,0.0347330069
4.9225,1.300163704,0.03885121392
4.925,1.300344651,0.04305249354
4.9275,1.300353572,0.04711765134
4.93,1.300496058,0.05061356608
4.9325,1.300563101,0.0543963948
4.935,1.30070099,0.05820724541
4.9375,1.300854495,0.06233077749
4.94,1.300980489,0.06651279932
4.9425,1.301144925,0.07033949457
4.945,1.301286133,0.07412549832
4.9475,1.301541479,0.07833445351
4.95,1.301652062,0.08202690245
4.9525,1.301817905,0.08534757925
4.955,1.302058468,0.08910668076
4.9575,1.302267254,0.09256932554
4.96,1.302440575,0.0964435911
4.9625,1.302715436,0.09988691737
4.965,1.302699998,0.1038394521
4.9675,1.302996616,0.1074985644
4.97,1.303171435,0.1106476367
4.9725,1.303386214,0.1139683798
4.975,1.303602693,0.117288686
4.9775,1.30385009,0.120608481
4.98,1.304170808,0.1237496955
4.9825,1.304381535,0.127095684
4.985,1.304621204,0.130033224
4.9875,1.304886415,0.1334647229
4.99,1.305176073,0.1365661845
4.9925,1.30539036,0.1388596187
4.995,1.305640664,0.1419845479
4.9975,1.305873348,0.1447012745
5,1.30631337,0.1471003382
5.0025,1.306507275,0.1499839998
5.005,1.306800985,0.1526267666
5.0075,1.307126614,0.155096689
5.01,1.307465738,0.1575927657
5.0125,1.307716168,0.1593920737
5.015,1.307942791,0.1618970852
5.0175,1.308398935,0.163973781
5.02,1.308698002,0.1659965057
5.0225,1.308997008,0.1678087332
5.025,1.309320422,0.1697863822
5.0275,1.309632472,0.1716244571
5.03,1.309919711,0.1733615187
5.0325,1.310426836,0.1751180887
5.035,1.310637208,0.1758592437
5.0375,1.311017834,0.1773949677
5.04,1.311386283,0.1784117727
5.0425,1.311678361,0.1799149126
5.045,1.311955769,0.1810468999
5.0475,1.312498701,0.1819184661
5.05,1.312661413,0.182638835
5.0525,1.313089458,0.1835409308
5.055,1.313437629,0.1840470432
5.0575,1.313609452,0.1847635067
5.06,1.314001356,0.1851720271
5.0625,1.314389073,0.1854585834
5.065,1.314700794,0.1855901849
5.0675,1.315060569,0.1855732763
5.07,1.315394396,0.1854565219
5.0725,1.315692648,0.1859216412
5.075,1.316028536,0.1856320104
5.0775,1.316325143,0.1851415001
5.08,1.31658386,0.1844904081
5.0825,1.316876531,0.1838775964
5.085,1.317294232,0.1828426248
5.0875,1.317508463,0.1825256207
5.09,1.317756343,0.1816934739
5.0925,1.318039777,0.1806268031
5.095,1.318262418,0.1795428573
5.0975,1.318564151,0.1784799062
5.1,1.318958961,0.1767149258
5.1025,1.319194932,0.1752301886
5.105,1.319413319,0.1740859718
5.1075,1.319658128,0.1723029379
5.11,1.320155966,0.1705631202
5.1125,1.320048834,0.1683952731
5.115,1.320252276,0.1666881547
5.1175,1.320674378,0.1641093405
5.12,1.320750453,0.1625247688
5.1225,1.320975512,0.1601461502
5.125,1.321123029,0.1577128741
5.1275,1.321399095,0.1552291101
5.13,1.321439213,0.1525278738
5.1325,1.321667431,0.149708963
5.135,1.321832136,0.1468009145
5.1375,1.321898254,0.1442171457
5.14,1.321981849,0.1413725486
5.1425,1.322282162,0.1381737504
5.145,1.322351316,0.1351702288
5.1475,1.322376474,0.1315991699
5.15,1.322540486,0.1277248802
5.1525,1.322551494,0.1243894712
5.155,1.322756679,0.1214522703
5.1575,1.322837957,0.1177678657
5.16,1.322922063,0.1142554809
5.1625,1.322994021,0.1103068758
5.165,1.32321598,0.1066665115
5.1675,1.323201728,0.1023642293
5.17,1.323136343,0.09840585283
5.1725,1.323181349,0.0940247712
5.175,1.323234636,0.09044133872
5.1775,1.323282386,0.08628250069
5.18,1.323267255,0.08202117599
5.1825,1.323272309,0.07755151556
5.185,1.323338937,0.07311791356
5.1875,1.323419636,0.06828610941
5.19,1.323332487,0.0641006757
5.1925,1.323416644,0.05996651564
5.195,1.32340459,0.0549438539
5.1975,1.323398257,0.05039517942
5.2,1.323399091,0.0456570362
5.2025,1.323431391,0.04080913216
5.205,1.323456589,0.03578546905
5.2075,1.32341705,0.03136397996
5.21,1.323442988,0.02661327147
5.2125,1.323474724,0.02186428751
5.215,1.323398345,0.01714832228
5.2175,1.323445049,0.01210225946
5.22,1.323457035,0.007032101445
5.2225,1.323518684,0.001558697844
5.225,1.323587712,-0.003342510938
5.2275,1.323369803,-0.008080819058
5.23,1.323488036,-0.01310861058
5.2325,1.323529155,-0.01811898006
5.235,1.323579205,-0.02297424169
5.2375,1.323586048,-0.02820148269
5.24,1.323669771,-0.03302488647
5.2425,1.32377216,-0.03880224149
5.245,1.323731575,-0.04380336933
5.2475,1.323782243,-0.04825854905
5.25,1.323876763,-0.05333581504
5.2525,1.32399413,-0.05815178813
5.255,1.323976918,-0.06307437821
5.2575,1.323982997,-0.06807340894
5.26,1.324191108,-0.07322652997
5.2625,1.324163877,-0.07798464056
5.265,1.324374732,-0.08270666236
5.2675,1.324455946,-0.0873749987
5.27,1.324561804,-0.09230769855
5.2725,1.324746921,-0.09679289226
5.275,1.324874846,-0.1018577405
5.2775,1.325109468,-0.1063582243
5.28,1.325190667,-0.1112539393
5.2825,1.325350758,-0.1155448575
5.285,1.325551133,-0.1199093806
5.2875,1.325751376,-0.1240564234
5.29,1.325928346,-0.1285995008
5.2925,1.326122906,-0.1328210954
5.295,1.326411333,-0.1370829037
5.2975,1.326590077,-0.1415651629
5.3,1.326965285,-0.1455571731
5.3025,1.327090045,-0.1492460267
5.305,1.327313109,-0.1533939443
5.3075,1.327658939,-0.1570909809
5.31,1.327858893,-0.1607295884
5.3125,1.328170057,-0.1641545336
5.315,1.328401504,-0.1681109873
5.3175,1.328692608,-0.1715720189
5.32,1.329079778,-0.1750556859
5.3225,1.329457601,-0.1782805735
5.325,1.329682005,-0.181077118
5.3275,1.330128485,-0.1843213359
5.33,1.330233418,-0.1874833032
5.3325,1.330651858,-0.190200096
5.335,1.331034666,-0.1928712054
5.3375,1.331380113,-0.1957245572
5.34,1.331743607,-0.1980886396
5.3425,1.332095233,-0.200880927
5.345,1.332458277,-0.2030258384
5.3475,1.332835304,-0.2048583919
5.35,1.333199623,-0.2069633934
5.3525,1.333591959,-0.2085728677
5.355,1.334015101,-0.2107319542
5.3575,1.33427614,-0.2126833131
5.36,1.334681419,-0.2141914624
5.3625,1.335115414,-0.2158148768
5.365,1.335543012,-0.2166453261
5.3675,1.335912144,-0.2175928305
5.37,1.336275389,-0.2188640222
5.3725,1.336556866,-0.2200060248
5.375,1.337013075,-0.2207235513
5.3775,1.337339402,-0.2212909594
5.38,1.337719652,-0.2216919242
5.3825,1.338134301,-0.221757282
5.385,1.338293019,-0.2228389503
5.3875,1.338711845,-0.2224529738
5.39,1.339050351,-0.2225255618
5.3925,1.339396093,-0.2222811245
5.395,1.339748729,-0.2219686234
5.3975,1.340029755,-0.2212414501
5.4,1.340479389,-0.220859883
5.4025,1.340757644,-0.2202775307
5.405,1.341040465,-0.2197648564
5.4075,1.341395805,-0.2184059519
5.41,1.34169379,-0.2170091112
5.4125,1.341984162,-0.215652141
5.415,1.342130336,-0.2145556598
5.4175,1.342518567,-0.2130478595
5.42,1.342797515,-0.2113728026
5.4225,1.343214025,-0.2095245517
5.425,1.343124554,-0.2077544621
5.4275,1.343413998,-0.2055134194
5.43,1.343601487,-0.2029120449
5.4325,1.343806762,-0.200931541
5.435,1.343868408,-0.1985573305
5.4375,1.344206847,-0.1960236928
5.44,1.344331115,-0.1930766826
5.4425,1.344548404,-0.1899500648
5.445,1.344522194,-0.1874430583
5.4475,1.344782503,-0.1843797082
5.45,1.34484222,-0.1810601291
5.4525,1.344890606,-0.1778033682
5.455,1.345082513,-0.1743091778
5.4575,1.345129032,-0.1707475216
5.46,1.34521622,-0.1670456559
5.4625,1.345320465,-0.163002628
5.465,1.345239601,-0.1593868476
5.4675,1.345394285,-0.1555845125
5.47,1.34563019,-0.1514791715
5.4725,1.345152143,-0.146968763
5.475,1.34560934,-0.1425396201
5.4775,1.34532631,-0.1381681345
5.48,1.345254216,-0.133843173
5.4825,1.345392741,-0.1291878257
5.485,1.345288578,-0.1246456364
5.4875,1.345213945,-0.1200077599
5.49,1.345184085,-0.1151156308
5.4925,1.345132695,-0.1101864756
5.495,1.345111952,-0.104774325
5.4975,1.345043832,-0.1000449045
5.5,1.344865655,-0.09401637698
5.5025,1.34486704,-0.08953119973
5.505,1.344828451,-0.08420857036
5.5075,1.344827772,-0.07891541952
5.51,1.344763918,-0.07320877486
5.5125,1.344441772,-0.06806749516
5.515,1.344538633,-0.06217113213
5.5175,1.344285294,-0.0571757996
5.52,1.344136203,-0.05113721973
5.5225,1.34399317,-0.04529158357
5.525,1.344078862,-0.03954653315
5.5275,1.343974841,-0.0333438112
5.53,1.343878682,-0.02790452335
5.5325,1.343724628,-0.02220208566
5.535,1.343645176,-0.01635904195
5.5375,1.343585571,-0.01073666198
5.54,1.343507587,-0.005024969318
5.5425,1.34341533,0.001761775278
5.545,1.343414984,0.007200212242
5.5475,1.34325807,0.01321249477
5.55,1.343295008,0.01912649987
5.5525,1.343166692,0.0250583418
5.555,1.343233834,0.03090118902
5.5575,1.343043788,0.03686931983
5.56,1.343092777,0.04276887548
5.5625,1.343100507,0.04876833706
5.565,1.343045001,0.05457248364
5.5675,1.343107925,0.06134386559
5.57,1.343101345,0.06688713367
5.5725,1.343034175,0.07244192119
5.575,1.343116362,0.0781907326
5.5775,1.343245152,0.08380453871
5.58,1.343169597,0.08972925541
5.5825,1.343322819,0.09558755047
5.585,1.343355598,0.1006751888
5.5875,1.343427511,0.1071616418
5.59,1.343621426,0.1120004269
5.5925,1.343666003,0.1177219913
5.595,1.343864715,0.12302366
5.5975,1.344029901,0.1283613101
5.6,1.344134134,0.133435501
5.6025,1.344304437,0.1390679666
5.605,1.344554018,0.1443641937
5.6075,1.344757194,0.1491047229
5.61,1.344930613,0.1539159933
5.6125,1.345065678,0.1590544227
5.615,1.345421223,0.1638891536
5.6175,1.3456074,0.1682818717
5.62,1.345920802,0.1731820211
5.6225,1.346274168,0.1776799571
5.625,1.346476619,0.1821625655
5.6275,1.346721383,0.1864156527
5.63,1.347079318,0.1906135325
5.6325,1.347313277,0.1945582402
5.635,1.347778077,0.1983107352
5.6375,1.348119911,0.2025158298
5.64,1.34837963,0.2063194702
5.6425,1.348796983,0.2098642078
5.645,1.349192506,0.2134210134
5.6475,1.349614272,0.216170744
5.65,1.349914076,0.2198979695
5.6525,1.350237327,0.2230973816
5.655,1.350644347,0.226129063
5.6575,1.350929156,0.2287655597
5.66,1.35155165,0.2313078417
5.6625,1.35194629,0.2339806026
5.665,1.352261518,0.2367074396
5.6675,1.35268767,0.2387530194
5.67,1.353095043,0.2406649427
5.6725,1.353520492,0.2425979189
5.675,1.354003707,0.2440198857
5.6775,1.35427754,0.2462808587
5.68,1.354767384,0.2478480439
5.6825,1.355152684,0.2490781577
5.685,1.355544836,0.2505418497
5.6875,1.355922551,0.2511714543
5.69,1.356394082,0.2515506213
5.6925,1.356769834,0.2530503895
5.695,1.357151938,0.2534980958
5.6975,1.357552423,0.2539455617
5.7,1.357943626,0.2540012563
5.7025,1.35843602,0.2539939879
5.705,1.35863044,0.2537298232
5.7075,1.358998037,0.2541161161
5.71,1.359355787,0.2534154076
5.7125,1.359685202,0.2529450346
5.715,1.360045747,0.2522476688
5.7175,1.360372831,0.2511406261
5.72,1.360634266,0.2498484705
5.7225,1.360944039,0.2489931771
5.725,1.361217774,0.2480444731
5.7275,1.361568328,0.2464297468
5.73,1.361824931,0.2441476994
5.7325,1.362072764,0.2425545303
5.735,1.362302872,0.2406784799
5.7375,1.362354382,0.2384278998
5.74,1.36269439,0.2364154099
5.7425,1.362881619,0.2339577098
5.745,1.363042978,0.2313253287
5.7475,1.363179062,0.2284829055
5.75,1.363340506,0.2254055975
5.7525,1.363419134,0.2226137896
5.755,1.363489425,0.2192703386
5.7575,1.363657573,0.2161272645
5.76,1.363785119,0.2125080579
5.7625,1.363733609,0.2085173487
5.765,1.363744377,0.2051488473
5.7675,1.363934551,0.2014474877
5.77,1.363921627,0.1975142228
5.7725,1.363916182,0.193368423
5.775,1.364092835,0.1890150582
5.7775,1.363796025,0.1846280038
5.78,1.36374382,0.1800338705
5.7825,1.363764283,0.1751918531
5.785,1.363855192,0.1707358559
5.7875,1.363681522,0.1656461879
5.79,1.363537152,0.1610543909
5.7925,1.363448403,0.1558017209
5.795,1.363340875,0.1503057061
5.7975,1.36324761,0.1450662309
5.8,1.363085815,0.1396434687
5.8025,1.362956029,0.1341372952
5.805,1.362802647,0.1287350279
5.8075,1.362652063,0.1230877013
5.81,1.362566627,0.1174679725
5.8125,1.362377427,0.1115596312
5.815,1.36214923,0.1053928869
5.8175,1.361974718,0.09946340476
5.82,1.361804199,0.09320560313
5.8225,1.361539923,0.08717519184
5.825,1.361345248,0.08100672641
5.8275,1.36115824,0.07470521683
5.83,1.36097215,0.0681858715
5.8325,1.360788815,0.0622402331
5.835,1.360647976,0.05534091605
5.8375,1.360358844,0.04851716675
5.84,1.360163278,0.04253897499
5.8425,1.35995035,0.03583640709
5.845,1.359757863,0.02919162959
5.8475,1.359618782,0.0225393871
5.85,1.359479684,0.01577987045
5.8525,1.359333811,0.009375955978
5.855,1.359137072,0.002413919094
5.8575,1.35905661,-0.003898477329
5.86,1.358806889,-0.01074720262
5.8625,1.358735333,-0.01762359351
5.865,1.358727174,-0.02446671645
5.8675,1.358326054,-0.03104441367
5.87,1.358329708,-0.03777712495
5.8725,1.358255017,-0.04426633289
5.875,1.358119313,-0.05116302474
5.8775,1.358089757,-0.05758426843
5.88,1.358017804,-0.06452858575
5.8825,1.358003889,-0.07100236821
5.885,1.357976537,-0.07801493694
5.8875,1.357996367,-0.0848816097
5.89,1.357973553,-0.09127506412
5.8925,1.357945982,-0.09707737385
5.895,1.35795437,-0.1036886555
5.8975,1.358055762,-0.1101872396
5.9,1.358186902,-0.1163270725
5.9025,1.358182685,-0.1225419745
5.905,1.358290679,-0.1287942321
5.9075,1.358448985,-0.1350540137
5.91,1.358608279,-0.1406387052
5.9125,1.358648922,-0.1467629955
5.915,1.358894838,-0.1524453481
5.9175,1.359023372,-0.1585383289
5.92,1.359235595,-0.1641150616
5.9225,1.359468687,-0.1697536034
5.925,1.359727762,-0.1752222027
5.9275,1.359981449,-0.1804381406
5.93,1.3601274,-0.186081346
5.9325,1.360438502,-0.1909160357
5.935,1.360739481,-0.1960383381
5.9375,1.36109582,-0.2008616857
5.94,1.361537451,-0.2058023842
5.9425,1.361595266,-0.210585276
5.945,1.362063614,-0.2152659355
5.9475,1.362336115,-0.2195013515
5.95,1.362817066,-0.2236176022
5.9525,1.363101857,-0.2275283567
5.955,1.36340975,-0.2318647827
5.9575,1.363909919,-0.2358223401
5.96,1.364321533,-0.2394635659
5.9625,1.36478745,-0.2430063973
5.965,1.365253813,-0.2460438411
5.9675,1.365434752,-0.2498322361
5.97,1.365959777,-0.2527300993
5.9725,1.366390553,-0.2558667105
5.975,1.366883079,-0.2587067784
5.9775,1.367361281,-0.261188364
5.98,1.367769583,-0.2633569175
5.9825,1.368210238,-0.2660778328
5.985,1.368674142,-0.2680213807
5.9875,1.36909339,-0.2698775316
5.99,1.369581381,-0.2714614381
5.9925,1.370082248,-0.2729926435
5.995,1.370359564,-0.2748631536
5.9975,1.370838592,-0.2759513088
6,1.371281067,-0.2772251004
6.0025,1.371849057,-0.2783827506
6.005,1.3720497,-0.2784903438
6.0075,1.372625484,-0.2787368602
6.01,1.372867935,-0.2798146128
6.0125,1.373289152,-0.2798010254
6.015,1.373598778,-0.2798112067
6.0175,1.374218194,-0.279527514
6.02,1.374548025,-0.2790108737
6.0225,1.374782065,-0.2786116598
6.025,1.375135561,-0.2779886505
6.0275,1.375478556,-0.2772374093
6.03,1.37581034,-0.2760990082
6.0325,1.376062745,-0.2746628233
6.035,1.376301655,-0.2730295305
6.0375,1.376735849,-0.2715094436
6.04,1.377117942,-0.2698976172
6.0425,1.376985029,-0.2683556853
6.045,1.37737392,-0.2658728153
6.0475,1.377572453,-0.2632075133
6.05,1.377807918,-0.2609377665
6.0525,1.377803974,-0.2584423891
6.055,1.378035683,-0.2556228616
6.0575,1.378052499,-0.2527923014
6.06,1.37831938,-0.2496605268
6.0625,1.37830362,-0.2458717516
6.065,1.378453861,-0.242887376
6.0675,1.378449352,-0.2387595803
6.07,1.378508142,-0.2353811486
6.0725,1.378564291,-0.2313474951
6.075,1.378530645,-0.2273772967
6.0775,1.378395052,-0.2230013838
6.08,1.37888097,-0.2186001596
6.0825,1.37835291,-0.2143397905
6.085,1.378639484,-0.2094657071
6.0875,1.378106211,-0.2045229652
6.09,1.378118175,-0.1999091152
6.0925,1.378061809,-0.1947564813
6.095,1.378005794,-0.1895662564
6.0975,1.377819503,-0.1841202633
6.1,1.377581531,-0.1788039747
6.1025,1.377429008,-0.1732336341
6.105,1.377237935,-0.1675322456
6.1075,1.377064822,-0.1616602887
6.11,1.37690207,-0.1556312901
6.1125,1.376712558,-0.1494244569
6.115,1.376349623,-0.1436338223
6.1175,1.376217957,-0.1371536536
6.12,1.375918401,-0.1311299024
6.1225,1.375587176,-0.1247545198
6.125,1.375337182,-0.118417212
6.1275,1.375108527,-0.1119192239
6.13,1.374939409,-0.1048213447
6.1325,1.374536532,-0.09801701954
6.135,1.374176345,-0.09132252592
6.1375,1.373971875,-0.08443988876
6.14,1.373743926,-0.07765387402
6.1425,1.373413393,-0.07050855914
6.145,1.373209261,-0.06344934725
6.1475,1.372844337,-0.05680960524
6.15,1.372690461,-0.04928640372
6.1525,1.372243376,-0.04200536748
6.155,1.372028791,-0.03495809967
6.1575,1.371787699,-0.0276131635
6.16,1.371480199,-0.02026162193
6.1625,1.371318504,-0.01299016404
6.165,1.371095198,-0.005730345717
6.1675,1.370803834,0.001767165684
6.17,1.370590473,0.009069744882
6.1725,1.370401765,0.01602564737
6.175,1.370184501,0.02391042921
6.1775,1.370055793,0.03105346005
6.18,1.369885138,0.03863437917
6.1825,1.369660803,0.04570887589
6.185,1.369599971,0.05299181789
6.1875,1.369433837,0.06032310064
6.19,1.369335441,0.06751330732
6.1925,1.369315073,0.07449189924
6.195,1.369196069,0.08196293841
6.1975,1.369189186,0.08896854786
6.2,1.369126311,0.09685001134
6.2025,1.369148197,0.1032922294
6.205,1.369111704,0.1102737285
6.2075,1.369163166,0.1170373246
6.21,1.369156446,0.1240562893
6.2125,1.369287395,0.1308152653
6.215,1.369369701,0.1374884662
6.2175,1.369317718,0.1440920682
6.22,1.369507356,0.1506056127
6.2225,1.369712803,0.1573112835
6.225,1.369817625,0.1633728628
6.2275,1.37002511,0.1694962237
6.23,1.370136786,0.1758699151
6.2325,1.370381713,0.1819859395
6.235,1.370715779,0.1876740967
6.2375,1.370984578,0.1939080688
6.24,1.371216228,0.1994717748
6.2425,1.371442334,0.2052510799
6.245,1.371663765,0.2104848945
6.2475,1.372052791,0.2157851185
6.25,1.372500614,0.2207440795
6.2525,1.372856003,0.2259345257
6.255,1.373124297,0.2310768943
6.2575,1.373573967,0.2358856222
6.26,1.373916097,0.2403906538
6.2625,1.374198514,0.2446484865
6.265,1.374708499,0.2486630035
6.2675,1.375150703,0.2532886925
6.27,1.375526216,0.2571831354
6.2725,1.375981995,0.2609786391
6.275,1.376467237,0.2645787841
6.2775,1.376996511,0.2679570591
6.28,1.377362185,0.2713182077
6.2825,1.377788338,0.2745218158
6.285,1.378271682,0.2775922749
6.2875,1.37869754,0.2803580675
6.29,1.379278862,0.2831764122
6.2925,1.379614836,0.2849025931
6.295,1.380056734,0.2876051303
6.2975,1.38068783,0.2898401522
6.3,1.381180822,0.2913276351
6.3025,1.381719982,0.2928204084
6.305,1.382104732,0.294235538
6.3075,1.382506248,0.2956586801
6.31,1.382985183,0.2968852225
6.3125,1.383365001,0.2979237139
6.315,1.383868175,0.2987695123
6.3175,1.384171003,0.2989815891
6.32,1.384672775,0.2988921222
6.3225,1.385021524,0.2994784484
6.325,1.385399132,0.2995619766
6.3275,1.385804183,0.2991474746
6.33,1.386214165,0.2986526723
6.3325,1.386484625,0.2975241163
6.335,1.386884491,0.2971215775
6.3375,1.387216538,0.2959998523
6.34,1.387521801,0.2950085852
6.3425,1.387840575,0.2933945474
6.345,1.3883198,0.2917391194
6.3475,1.388275364,0.2898636426
6.35,1.388466681,0.2875890221
6.3525,1.388606799,0.2858711164
6.355,1.388921085,0.2836136776
6.3575,1.389001333,0.2810277843
6.36,1.389141678,0.2779748524
6.3625,1.389440625,0.2750881235
6.365,1.389511963,0.2720496968
6.3675,1.389579787,0.2686730766
6.37,1.389549549,0.2654660577
6.3725,1.389686191,0.2618721548
6.375,1.389616092,0.257522178
6.3775,1.389636358,0.2540047962
6.38,1.389763953,0.2494336374
6.3825,1.38973836,0.2455536115
6.385,1.389651691,0.2411757485
6.3875,1.389679536,0.2364074859
6.39,1.389371191,0.2310610473
6.3925,1.389370494,0.2266222633
6.395,1.389267863,0.2213101895
6.3975,1.389012282,0.2158789576
6.4,1.388810025,0.2114303896
6.4025,1.388577437,0.2056340153
6.405,1.388447753,0.2000321086
6.4075,1.388184474,0.1942399415
6.41,1.388024937,0.188228078
6.4125,1.387803888,0.1822968223
6.415,1.387540806,0.1758307789
6.4175,1.387200845,0.1698046605
6.42,1.387049099,0.1635601666
6.4225,1.38655862,0.1565812926
6.425,1.386389008,0.150354767
6.4275,1.386056464,0.143606211
6.43,1.385625683,0.1365798575
6.4325,1.385235959,0.1300206311
6.435,1.385023222,0.1231360395
6.4375,1.384632814,0.1162577236
6.44,1.384240096,0.1089339978
6.4425,1.383976034,0.1013589879
6.445,1.383589743,0.09406329058
6.4475,1.383274799,0.08677051032
6.45,1.382788051,0.07934124247
6.4525,1.382520761,0.07190764655
6.455,1.38216594,0.06429991185
6.4575,1.381862407,0.05693031797
6.46,1.38153176,0.04869062532
6.4625,1.381168905,0.04134802049
6.465,1.380841055,0.03368232889
6.4675,1.380495646,0.02597595693
6.47,1.380272395,0.01821476959
6.4725,1.379962249,0.01025756687
6.475,1.379630588,0.002753993263
6.4775,1.379375919,-0.005501863481
6.48,1.379078056,-0.01284814473
6.4825,1.378802616,-0.02097216999
6.485,1.37858658,-0.02856863282
6.4875,1.378365447,-0.03668921826
6.49,1.378244367,-0.04476288295
6.4925,1.377945409,-0.05274264723
6.495,1.37784318,-0.05959195689
6.4975,1.377655612,-0.06788084138
6.5,1.377464318,-0.07522321963
6.5025,1.377446182,-0.08256804703
6.505,1.377311526,-0.09047623161
6.5075,1.37728565,-0.09790599
6.51,1.377261803,-0.1053666637
6.5125,1.377317432,-0.1130215328
6.515,1.377197021,-0.1203031972
6.5175,1.377274521,-0.1272608959
6.52,1.377257707,-0.1348912748
6.5225,1.37738439,-0.1419977453
6.525,1.377427637,-0.1488845716
6.5275,1.377532361,-0.1560747596
6.53,1.377610218,-0.1627046959
6.5325,1.377828125,-0.1697877289
6.535,1.378021729,-0.175945843
6.5375,1.378140118,-0.1825737573
6.54,1.37836069,-0.1889194081
6.5425,1.378537516,-0.1956491414
6.545,1.378847116,-0.2016523225
6.5475,1.379130516,-0.2077884262
6.55,1.379530393,-0.2136033153
6.5525,1.379668502,-0.2197686894
6.555,1.380036422,-0.2251044872
6.5575,1.380415932,-0.2306914543
6.56,1.380897736,-0.2359426701
6.5625,1.381332416,-0.2408218206
6.565,1.381443249,-0.2464834868
6.5675,1.381988421,-0.251327696
6.57,1.382305688,-0.2562027517
6.5725,1.382694324,-0.2604734904
6.575,1.38326718,-0.2645614008
6.5775,1.383531953,-0.2690183636
6.58,1.384054581,-0.2730931251
6.5825,1.384568225,-0.2770675121
6.585,1.385087506,-0.2806690868
6.5875,1.385628733,-0.2840690634
6.59,1.385999755,-0.2873239037
6.5925,1.386459217,-0.2907311863
6.595,1.387004768,-0.2936613289
6.5975,1.387434298,-0.2965384294
6.6,1.388007718,-0.2992264343
6.6025,1.388485622,-0.3011839443
6.605,1.388897448,-0.3034148821
6.6075,1.38934367,-0.3058068559
6.61,1.389948339,-0.3071613431
6.6125,1.390482698,-0.3085336162
6.615,1.391031692,-0.30984727
6.6175,1.391262923,-0.3111970402
6.62,1.391858899,-0.3121542096
6.6225,1.392050168,-0.3131305945
6.625,1.392662948,-0.3136676066
6.6275,1.39310179,-0.3138991088
6.63,1.393514979,-0.3136622302
6.6325,1.393847428,-0.3139292427
6.635,1.394233459,-0.3137109133
6.6375,1.394623142,-0.3131573027
6.64,1.39503988,-0.3124176572
6.6425,1.395316403,-0.3112072338
6.645,1.395555268,-0.3104216727
6.6475,1.395869063,-0.3088014294
6.65,1.396361185,-0.3076274689
6.6525,1.396535636,-0.3059115079
6.655,1.39664272,-0.3039426454
6.6575,1.396923322,-0.3017629186
6.66,1.397121297,-0.2992699081
6.6625,1.397259165,-0.2971290905
6.665,1.397424328,-0.2944636185
6.6675,1.397537477,-0.291747034
6.67,1.39771923,-0.2882110567
6.6725,1.397789301,-0.2851378159
6.675,1.39775184,-0.2816864581
6.6775,1.39785599,-0.2776840289
6.68,1.397804212,-0.2743381185
6.6825,1.397691461,-0.2703386635
6.685,1.397878056,-0.2660147049
6.6875,1.397965819,-0.2617474998
6.69,1.397624544,-0.2568346242
6.6925,1.397511353,-0.2524051138
6.695,1.397542999,-0.2475108889
6.6975,1.397490906,-0.2427436095
6.7,1.397258616,-0.2372249076
6.7025,1.397020053,-0.2320471443
6.705,1.396672909,-0.2266686401
6.7075,1.396727548,-0.2207516942
6.71,1.396327333,-0.21539192
6.7125,1.396192447,-0.2093632594
6.715,1.395800864,-0.2032862436
6.7175,1.395646819,-0.1970515486
6.72,1.395265181,-0.1907186428
6.7225,1.394956421,-0.1843177538
6.725,1.394547824,-0.1771206483
6.7275,1.394311988,-0.171014355
6.73,1.394019982,-0.1642012583
6.7325,1.393514162,-0.1568691596
6.735,1.393107965,-0.1502902865
6.7375,1.392737947,-0.1430716751
6.74,1.392446591,-0.1355306606
6.7425,1.391925612,-0.1286383254
6.745,1.391632568,-0.1214572935
6.7475,1.391118166,-0.1137468091
6.75,1.390763704,-0.1061743356
6.7525,1.390381634,-0.0983672052
6.755,1.389916597,-0.09062528535
6.7575,1.389619641,-0.08283497906
6.76,1.389158836,-0.07511404999
6.7625,1.388777913,-0.06708810939
6.765,1.388547012,-0.05927235349
6.7675,1.387928311,-0.05143801672
6.77,1.387572648,-0.04329365443
6.7725,1.387218056,-0.03503430404
6.775,1.386836659,-0.02722121297
6.7775,1.386496694,-0.0188009365
6.78,1.386156089,-0.0109437337
6.7825,1.385803631,-0.002526958214
6.785,1.385538024,0.005536567341
6.7875,1.385296491,0.0137850743
6.79,1.384897353,0.02177303201
6.7925,1.384722779,0.02964349069
6.795,1.384434415,0.0382327281
6.7975,1.384095781,0.04641834782
6.8,1.384070407,0.055167438
6.8025,1.383754387,0.06304629881
6.805,1.383633722,0.0704587833
6.8075,1.383414659,0.07869917948
6.81,1.383292835,0.08621404818
6.8125,1.383210052,0.09429722069
6.815,1.383132704,0.1021588985
6.8175,1.383048327,0.1099008973
6.82,1.383021436,0.1176700787
6.8225,1.383099931,0.1255845262
6.825,1.383032755,0.1332073649
6.8275,1.383054229,0.140323616
6.83,1.383147919,0.1478758469
6.8325,1.383269134,0.1549658962
6.835,1.383361389,0.1624069298
6.8375,1.38340142,0.1695705667
6.84,1.383641674,0.1764835054
6.8425,1.383744874,0.1837183651
6.845,1.384085565,0.1898829642
6.8475,1.384176772,0.1965483616
6.85,1.384322411,0.2035266324
6.8525,1.384654859,0.2098117717
6.855,1.38496663,0.2159347998
6.8575,1.385256273,0.2222581846
6.86,1.385598099,0.2285414758
6.8625,1.385873037,0.2341007041
6.865,1.38626085,0.2398298598
6.8675,1.386681517,0.2452903958
6.87,1.387081774,0.2503919604
6.8725,1.387536039,0.2557976924
6.875,1.387858437,0.2610218618
6.8775,1.388310101,0.2658756662
6.88,1.388592049,0.2707190384
6.8825,1.389282586,0.2749478487
6.885,1.389587287,0.2787497683
6.8875,1.390035837,0.2835399452
6.89,1.390657633,0.287469495
6.8925,1.391066254,0.2911421936
6.895,1.391618333,0.294635192
6.8975,1.392130618,0.2980144333
6.9,1.392570859,0.301278948
6.9025,1.39314382,0.3042321466
6.905,1.393560189,0.3072622422
6.9075,1.39407837,0.3099373185
6.91,1.394660836,0.3121532228
6.9125,1.395182731,0.3140156029
6.915,1.395609282,0.3163608833
6.9175,1.396095289,0.3180466023
6.92,1.396566036,0.3194746328
6.9225,1.397116544,0.3204178594
6.925,1.397532006,0.3219502612
6.9275,1.398003336,0.3226266924
6.93,1.398412953,0.3236131253
6.9325,1.398855806,0.3241415736
6.935,1.399291701,0.3246631741
6.9375,1.399660837,0.3241654417
6.94,1.400086417,0.3238313598
6.9425,1.400452557,0.3237522151
6.945,1.400824321,0.3233855906
6.9475,1.401144648,0.3223809114
6.95,1.401676158,0.3212296175
6.9525,1.401745458,0.3199453574
6.955,1.402167774,0.3186807599
6.9575,1.402408091,0.3171041799
6.96,1.402507959,0.3151641713
6.9625,1.402935302,0.3131541568
6.965,1.402926424,0.3108489268
6.9675,1.403210539,0.3081543198
6.97,1.403376258,0.3057638707
6.9725,1.40344178,0.3027139759
6.975,1.403566782,0.3000212514
6.9775,1.403561669,0.2965057708
6.98,1.403809625,0.2927633196
6.9825,1.403717753,0.2894489321
6.985,1.403736892,0.2852809721
6.9875,1.403689721,0.2816583076
6.99,1.40371151,0.27747664
6.9925,1.403774751,0.2724201044
6.995,1.403442462,0.2680204505
6.9975,1.403408609,0.2634503167
7,1.403258062,0.258644265
7.0025,1.403097359,0.2535140927
7.005,1.402965589,0.2484335082
7.0075,1.402645674,0.2428136863
7.01,1.402595322,0.2372311457
7.0125,1.402276857,0.2316537895
7.015,1.401964524,0.2257739521
7.0175,1.401766816,0.2196790881
7.02,1.401428247,0.2135202709
7.0225,1.401150521,0.20721544
7.025,1.400745618,0.2007911639
7.0275,1.400419896,0.1941863678
7.03,1.400204695,0.1874170337
7.0325,1.399652894,0.1806251748
7.035,1.399286874,0.1734823532
7.0375,1.398936293,0.1665213327
7.04,1.398428782,0.1591413871
7.0425,1.398004174,0.1519458781
7.045,1.397736993,0.1446384411
7.0475,1.397237325,0.1368613205
7.05,1.396673411,0.1296218028
7.0525,1.396307959,0.1221858882
7.055,1.395814164,0.1142535203
7.0575,1.395396815,0.1063369293
7.06,1.395024442,0.09823747554
7.0625,1.39463442,0.09014951526
7.065,1.394050219,0.08224463521
7.0675,1.393597285,0.07413792418
7.07,1.393191068,0.06603846345
7.0725,1.392815841,0.05776476735
7.075,1.392395283,0.04962412399
7.0775,1.3919499,0.04131410067
7.08,1.391530561,0.03288521344
7.0825,1.391215155,0.02463783272
7.085,1.390699198,0.01615072604
7.0875,1.390402933,0.007905651416
7.09,1.390047906,-0.0005671686999
7.0925,1.389708382,-0.00908139591
7.095,1.38948869,-0.01750947579
7.0975,1.38904421,-0.02576671488
7.1,1.388866735,-0.03390902326
7.1025,1.388521722,-0.04266448117
7.105,1.388217158,-0.05105060203
7.1075,1.388070676,-0.05955501932
7.11,1.387884177,-0.06806694557
7.1125,1.387718827,-0.07580259221
7.115,1.387562752,-0.08423491944
7.1175,1.387449278,-0.09195495269
7.12,1.387245887,-0.1001747183
7.1225,1.38715296,-0.1083338337
7.125,1.387113753,-0.116215776
7.1275,1.387099568,-0.124112425
7.13,1.387171319,-0.1322074474
7.1325,1.387043099,-0.1395678358
7.135,1.387087311,-0.1475076625
7.1375,1.387212251,-0.1549942305
7.14,1.387294425,-0.1622543205
7.1425,1.387352166,-0.1698513104
7.145,1.38750842,-0.1771740375
7.1475,1.387672349,-0.1841534725
7.15,1.387856559,-0.1915731865
7.1525,1.388160966,-0.1978150096
7.155,1.388359764,-0.2046487527
7.1575,1.388534601,-0.2117103617
7.16,1.388870021,-0.218056935
7.1625,1.389195701,-0.2243278207
7.165,1.389503828,-0.2307002774
7.1675,1.389880688,-0.2366115655
7.17,1.390079253,-0.2427198359
7.1725,1.390542905,-0.2484358932
7.175,1.390872946,-0.2539492876
7.1775,1.391406928,-0.2591144718
7.18,1.391876055,-0.2647117352
7.1825,1.392064206,-0.2697328297
7.185,1.392707648,-0.2746761251
7.1875,1.393063467,-0.2795124674
7.19,1.393358836,-0.283755182
7.1925,1.394096448,-0.2875775984
7.195,1.394403674,-0.2923732324
7.1975,1.395041487,-0.296269237
7.2,1.39552572,-0.2999430275
7.2025,1.396106859,-0.3033710559
7.205,1.396552009,-0.3068384304
7.2075,1.397044957,-0.3099632747
7.21,1.397612359,-0.3128659274
7.2125,1.397963632,-0.3158523778
7.215,1.398599273,-0.3183819867
7.2175,1.399203054,-0.3206039417
7.22,1.39964509,-0.3224224667
7.2225,1.400220284,-0.3247126456
7.225,1.400580456,-0.3262139102
7.2275,1.40103557,-0.3275295562
7.23,1.401655653,-0.3284140098
7.2325,1.402036748,-0.329830853
7.235,1.402494744,-0.3303020924
7.2375,1.402960323,-0.3312768487
7.24,1.40337214,-0.3316299453
7.2425,1.403826697,-0.331967207
7.245,1.404063104,-0.3313552581
7.2475,1.404493526,-0.3309728933
7.25,1.404932025,-0.3306331244
7.2525,1.405196399,-0.3302041006
7.255,1.405699551,-0.3289896789
7.2575,1.406036022,-0.3274812181
7.26,1.40620329,-0.3263686972
7.2625,1.406740638,-0.3246155174
7.265,1.406390492,-0.3227272639
7.2675,1.40691628,-0.3209289395
7.27,1.407108271,-0.3186339578
7.2725,1.40728603,-0.3161710261
7.275,1.40752011,-0.3131898287
7.2775,1.407526857,-0.3107183966
7.28,1.407680549,-0.3073637704
7.2825,1.407741928,-0.304213563
7.285,1.407766017,-0.300389765
7.2875,1.407866864,-0.2969803075
7.29,1.407697755,-0.2933090797
7.2925,1.407904979,-0.2887858516
7.295,1.407726178,-0.2851416888
7.2975,1.407739615,-0.2807366129
7.3,1.407471259,-0.2753340751
7.3025,1.407464963,-0.2711730219
7.305,1.407469638,-0.2657350258
7.3075,1.407003323,-0.260943323
7.31,1.406927694,-0.2555627925
7.3125,1.406698462,-0.2503068284
7.315,1.406539857,-0.244364252
7.3175,1.406237627,-0.238561154
7.32,1.405849838,-0.2327330589
7.3225,1.405672279,-0.2264653927
7.325,1.4053358,-0.2203362142
7.3275,1.405047662,-0.2139520603
7.33,1.404578859,-0.2074103483
7.3325,1.40430278,-0.2007233992
7.335,1.403844972,-0.1938845672
7.3375,1.403483866,-0.1870918853
7.34,1.403030242,-0.179745369
7.3425,1.402570591,-0.1724996959
7.345,1.402222725,-0.1652794997
7.3475,1.401761298,-0.1574811285
7.35,1.401216537,-0.1504203626
7.3525,1.400801608,-0.1426678218
7.355,1.400325938,-0.1346276073
7.3575,1.399861877,-0.1272158476
7.36,1.399425325,-0.1197308602
7.3625,1.398978625,-0.1113275365
7.365,1.398404496,-0.1032346375
7.3675,1.398010197,-0.09498566064
7.37,1.397461658,-0.08674998074
7.3725,1.39705559,-0.0783942145
7.375,1.396582758,-0.07040971843
7.3775,1.396127636,-0.06209190288
7.38,1.395722093,-0.05336427096
7.3825,1.395192929,-0.0451250292
7.385,1.3948282,-0.03637500126
7.3875,1.394417331,-0.02724321779
7.39,1.39392541,-0.01971076707
7.3925,1.393565995,-0.01091338942
7.395,1.393200913,-0.002527330016
7.3975,1.392845157,0.006127691071
7.4,1.392500691,0.0148990993
7.4025,1.392257168,0.02331600836
7.405,1.391828839,0.03187322186
7.4075,1.391554112,0.04011287696
7.41,1.391265401,0.04914653684
7.4125,1.39101213,0.05764160051
7.415,1.390872647,0.06596233064
7.4175,1.390673945,0.07418349431
7.42,1.390457215,0.08288014921
7.4225,1.390298429,0.09108067577
7.425,1.390236186,0.09895905947
7.4275,1.390143068,0.107824821
7.43,1.389904482,0.1158039413
7.4325,1.389935918,0.1235785135
7.435,1.38990828,0.131695423
7.4375,1.389950295,0.1398134223
7.44,1.389881112,0.1476906169
7.4425,1.389923996,0.1553274884
7.445,1.390063931,0.1628429872
7.4475,1.390131746,0.1703347956
7.45,1.390313133,0.177978612
7.4525,1.390409205,0.1851266561
7.455,1.390493703,0.1924472152
7.4575,1.390806573,0.1994268703
7.46,1.391082254,0.2059405349
7.4625,1.391325928,0.2131467068
7.465,1.391601962,0.2198560597
7.4675,1.391916667,0.2261264343
7.47,1.392172091,0.2326858705
7.4725,1.39259384,0.2390946887
7.475,1.39287109,0.2454750786
7.4775,1.393295765,0.2507887181
7.48,1.393680693,0.2565863136
7.4825,1.394055032,0.2620231032
7.485,1.394587243,0.2671708154
7.4875,1.394804245,0.2727371616
7.49,1.395382126,0.2777462088
7.4925,1.395899391,0.2828136367
7.495,1.396218907,0.2872564278
7.4975,1.396677233,0.2914267582
7.5,1.397272731,0.2955745017
7.5025,1.397683181,0.2999077807
7.505,1.398271365,0.3037111057
7.5075,1.398838071,0.3073050228
7.51,1.399380139,0.3107107225
7.5125,1.39981988,0.3138265963
7.515,1.400387846,0.317106455
7.5175,1.400805266,0.3199838562
7.52,1.401400111,0.322798835
7.5225,1.401980131,0.3250631686
7.525,1.402462185,0.3267080071
7.5275,1.403076312,0.3292105924
7.53,1.403386527,0.3309829319
7.5325,1.403927196,0.3321941095
7.535,1.404472677,0.333282997
7.5375,1.40487701,0.3344429646
7.54,1.405390001,0.3353720718
7.5425,1.405864005,0.3359246097
7.545,1.40620427,0.3366030097
7.5475,1.406651699,0.3368167465
7.55,1.40701976,0.3365605286
7.5525,1.407427677,0.3359319226
7.555,1.407717399,0.3358731876
7.5575,1.408105212,0.3350519389
7.56,1.40854873,0.3341678801
7.5625,1.408872088,0.3329003348
7.565,1.409234205,0.3313812011
7.5675,1.409393469,0.3300037188
7.57,1.409664761,0.3278877776
7.5725,1.409740178,0.3261938886
7.575,1.409851604,0.323859273
7.5775,1.410239929,0.3214050111
7.58,1.410327711,0.3186346366
7.5825,1.410472837,0.315535589
7.585,1.410521231,0.3128466272
7.5875,1.41061051,0.3095389767
7.59,1.41070631,0.3059756575
7.5925,1.410667759,0.3018944223
7.595,1.410688217,0.2984270769
7.5975,1.410658594,0.2941087626
7.6,1.410564574,0.2897752656
7.6025,1.410627333,0.2856774244
7.605,1.410313867,0.2801848484
7.6075,1.410268754,0.2760028897
7.61,1.410064128,0.2709871439
7.6125,1.409862324,0.2654018309
7.615,1.409669914,0.2603208968
7.6175,1.409502136,0.2547812076
7.62,1.409204831,0.2490924077
7.6225,1.408916602,0.2424263014
7.625,1.408644822,0.2372386399
7.6275,1.408309729,0.2311361531
7.63,1.408104787,0.2237220371
7.6325,1.407573281,0.2181785815
7.635,1.407236383,0.2115144057
7.6375,1.406947822,0.2047908514
7.64,1.406361328,0.1978604217
7.6425,1.406038446,0.1907624087
7.645,1.405605422,0.183718147
7.6475,1.405100728,0.1753976087
7.65,1.404781677,0.168882769
7.6525,1.404168771,0.1613408045
7.655,1.403727943,0.1535695238
7.6575,1.403270123,0.1460566278
7.66,1.402768725,0.1381084126
7.6625,1.402269161,0.130338073
7.665,1.401917389,0.1226880062
7.6675,1.401181436,0.1144326712
7.67,1.400753372,0.1061735001
7.6725,1.400294609,0.09779511695
7.675,1.39983624,0.08919607968
7.6775,1.399269862,0.08100362772
7.68,1.398842849,0.07265430163
7.6825,1.398344477,0.06430690267
7.685,1.397892941,0.05574823438
7.6875,1.397496921,0.04708115355
7.69,1.397020247,0.03785819107
7.6925,1.396612947,0.02992200655
7.695,1.396132317,0.02135518093
7.6975,1.395683163,0.01260821993
7.7,1.395362493,0.003943115284
7.7025,1.394974325,-0.004607751238
7.705,1.394574526,-0.0136122691
7.7075,1.394319745,-0.02213459538
7.71,1.393908971,-0.03081759119
7.7125,1.393683554,-0.03940282228
7.715,1.393265596,-0.0482214336
7.7175,1.392996048,-0.05686838612
7.72,1.392824285,-0.06565200378
7.7225,1.392673613,-0.07426825096
7.725,1.392420911,-0.08241028241
7.7275,1.392327813,-0.09111928232
7.73,1.392115463,-0.09894441943
7.7325,1.392042282,-0.107506247
7.735,1.39191237,-0.1159840321
7.7375,1.391934627,-0.1239207971
7.74,1.391783493,-0.1318941798
7.7425,1.391895406,-0.1402898505
7.745,1.39181198,-0.1478856085
7.7475,1.391798371,-0.1561312594
7.75,1.391922037,-0.1637830261
7.7525,1.392053278,-0.1711232165
7.755,1.392201739,-0.178877412
7.7575,1.392322498,-0.1863336241
7.76,1.392397468,-0.1934715119
7.7625,1.39253604,-0.2009377867
7.765,1.392981334,-0.2073636761
7.7675,1.393213428,-0.2142839396
7.77,1.393411835,-0.2215190868
7.7725,1.393746841,-0.2279123609
7.775,1.394054251,-0.234379862
7.7775,1.394422121,-0.2407686904
7.78,1.394709963,-0.2467655312
7.7825,1.39513176,-0.2529465529
7.785,1.395565659,-0.2586968541
7.7875,1.395977722,-0.264301505
7.79,1.396556405,-0.2693720879
7.7925,1.396691964,-0.2751672904
7.795,1.397245962,-0.2801577827
7.7975,1.397832115,-0.2850208989
7.8,1.398061773,-0.289905323
7.8025,1.398613796,-0.2942151846
7.805,1.399138132,-0.2980525974
7.8075,1.399601338,-0.3027342991
7.81,1.400217447,-0.3066422799
7.8125,1.400734569,-0.310269629
7.815,1.401316224,-0.3135514442
7.8175,1.401750351,-0.3171466467
7.82,1.402253079,-0.3201227166
7.8225,1.402826514,-0.322934965
7.825,1.403299633,-0.3259866089
7.8275,1.403908313,-0.3282285306
7.83,1.404377707,-0.3303079736
7.8325,1.405091822,-0.3323598518
7.835,1.405342083,-0.3341899185
7.8375,1.405846716,-0.3356022776
7.84,1.406446922,-0.3367845553
7.8425,1.406729092,-0.337659914
7.845,1.407381731,-0.3389625976
7.8475,1.407806792,-0.3391598809
7.85,1.408188472,-0.3400566783
7.8525,1.40861729,-0.3402164758
7.855,1.409033924,-0.3401658234
7.8575,1.409379073,-0.3395790831
7.86,1.409722474,-0.339176306
7.8625,1.410039959,-0.3384263125
7.865,1.410474474,-0.3378095601
7.8675,1.41080111,-0.3364242253
7.87,1.411308849,-0.3345384645
7.8725,1.411217041,-0.3333228024
7.875,1.411643689,-0.3312201468
7.8775,1.411627937,-0.3294010791
7.88,1.411913294,-0.3272606145
7.8825,1.412161562,-0.3248649881
7.885,1.412255643,-0.3220465772
7.8875,1.412425855,-0.3188720607
7.89,1.412419988,-0.3161460023
7.8925,1.412561069,-0.3127017246
7.895,1.412603612,-0.3091013046
7.8975,1.412491062,-0.304871935
7.9,1.412598446,-0.3016031555
7.9025,1.412545879,-0.2974097369
7.905,1.412702756,-0.2926921524
7.9075,1.412298658,-0.2883645751
7.91,1.412299971,-0.283900195
7.9125,1.412228894,-0.2789367934
7.915,1.41185962,-0.2740619341
7.9175,1.411766839,-0.2682401585
7.92,1.411508045,-0.2632409158
7.9225,1.411321553,-0.2575328919
7.925,1.411024673,-0.2518561962
7.9275,1.410809871,-0.2458053249
7.93,1.41040884,-0.2397527784
7.9325,1.410121269,-0.2337740288
7.935,1.410036126,-0.226789322
7.9375,1.409168561,-0.2201359059
7.94,1.409104152,-0.2140372002
7.9425,1.408532649,-0.2071572395
7.945,1.408154307,-0.2001929176
7.9475,1.407748894,-0.1930752293
7.95,1.407375564,-0.1859539976
7.9525,1.406919027,-0.178306096
7.955,1.406349671,-0.1708016308
7.9575,1.405911805,-0.1633719892
7.96,1.4053748,-0.1553416977
7.9625,1.404886852,-0.1478985098
7.965,1.404424434,-0.1398846066
7.9675,1.404006568,-0.1317600102
7.97,1.403363302,-0.1241412369
7.9725,1.402841335,-0.1159468442
7.975,1.402389644,-0.1076954056
7.9775,1.401813997,-0.09916342775
7.98,1.401344839,-0.09057965985
7.9825,1.400886127,-0.08230720922
7.985,1.400382862,-0.07367941563
7.9875,1.399894349,-0.06537631119
7.99,1.399432468,-0.05682407998
7.9925,1.399034901,-0.04814548036
7.995,1.398454537,-0.0394746003
7.9975,1.398124901,-0.03056237087
8,1.397584482,-0.0219830952
8.0025,1.397165971,-0.0132519981
8.005,1.396794701,-0.004513843294
8.0075,1.396436846,0.004222284341
8.01,1.395977391,0.0131883071
8.0125,1.395647204,0.02181762426
8.015,1.395305077,0.03056462053
8.0175,1.394988645,0.03926182416
8.02,1.394663254,0.04800975785
8.0225,1.394423374,0.05687744263
8.025,1.394164807,0.06638022865
8.0275,1.393993698,0.07438528293
8.03,1.393795948,0.08263765969
8.0325,1.39363749,0.09134490613
8.035,1.393465242,0.09942401624
8.0375,1.393371287,0.1078038451
8.04,1.393248685,0.1164169624
8.0425,1.393176351,0.1246907079
8.045,1.393253692,0.1325138337
8.0475,1.393294097,0.1415467961
8.05,1.39315782,0.1487053604
8.0525,1.393120326,0.1570155964
8.055,1.39315049,0.1646829827
8.0575,1.393349861,0.172236936
8.06,1.393498813,0.1798904253
8.0625,1.393660565,0.1875935063
8.065,1.393702095,0.1946378213
8.0675,1.393880136,0.2021728698
8.07,1.394154509,0.2089467756
8.0725,1.394561622,0.2156407972
8.075,1.39472933,0.2230370465
8.0775,1.395036555,0.2294571521
8.08,1.395388931,0.2358581279
8.0825,1.395670411,0.2423629167
8.085,1.396073531,0.2484880261
8.0875,1.396428627,0.2546757605
8.09,1.396876177,0.2604525802
8.0925,1.397278943,0.2661463161
8.095,1.397756665,0.2713284773
8.0975,1.398149086,0.2768233939
8.1,1.398549826,0.2821679272
8.1025,1.399164678,0.2869623882
8.105,1.399405202,0.292010954
8.1075,1.399968884,0.2963903365
8.11,1.400515124,0.3002358834
8.1125,1.40084127,0.3047809017
8.115,1.401570159,0.3087379942
8.1175,1.4020917,0.3124363254
8.12,1.402562874,0.3158159715
8.1225,1.403172614,0.3193530751
8.125,1.403661275,0.3222117259
8.1275,1.4041545,0.3251914917
8.13,1.404684503,0.328207689
8.1325,1.405270279,0.3305073718
8.135,1.40578111,0.3327071202
8.1375,1.406455044,0.3344451295
8.14,1.406768667,0.3365602941
8.1425,1.407190443,0.337954887
8.145,1.407847398,0.3390854611
8.1475,1.408170329,0.3399963077
8.15,1.408706349,0.3412608798
8.1525,1.409182848,0.3414480205
8.155,1.40957443,0.3423528546
8.1575,1.409991119,0.3425190535
8.16,1.41044351,0.3425674186
8.1625,1.41075356,0.3417848744
8.165,1.411124312,0.341302087
8.1675,1.411456816,0.3408717051
8.17,1.411815035,0.3401204082
8.1725,1.412179996,0.3386622885
8.175,1.41270102,0.3367087047
8.1775,1.412593954,0.3354984041
8.18,1.413100718,0.3336629746
8.1825,1.413039477,0.3314296708
8.185,1.413308762,0.3293655387
8.1875,1.413363213,0.3270187225
8.19,1.413675885,0.3241431254
8.1925,1.413779641,0.320935959
8.195,1.413809107,0.3181946318
8.1975,1.413892008,0.3146426955
8.2,1.413992448,0.3114335428
8.2025,1.413768171,0.3068770246
8.205,1.413979306,0.3034197806
8.2075,1.413850202,0.2993347978
8.21,1.414071578,0.2945152622
8.2125,1.413648714,0.2905989758
8.215,1.413622798,0.2856217355
8.2175,1.41347712,0.2806678975
8.22,1.413121092,0.2757141401
8.2225,1.413074667,0.2698924287
8.225,1.412802947,0.2648452307
8.2275,1.4125271,0.2591106781
8.23,1.412260733,0.2533751708
8.2325,1.412008338,0.2473398217
8.235,1.411687169,0.2411035631
8.2375,1.41135617,0.2351266941
8.24,1.411179997,0.2275987257
8.2425,1.410497954,0.222029096
8.245,1.4102917,0.2152275228
8.2475,1.409666157,0.2083307392
8.25,1.40929747,0.2013270089
8.2525,1.408856615,0.1941581681
8.255,1.408624972,0.1869881691
8.2575,1.407869152,0.1785914625
8.26,1.40750158,0.1717451926
8.2625,1.406984962,0.164276818
8.265,1.406465656,0.1561508113
8.2675,1.406040781,0.1486391786
8.27,1.405505491,0.1406044974
8.2725,1.405004854,0.1323494261
8.275,1.404410757,0.1246819747
8.2775,1.403904884,0.1164738215
8.28,1.403349968,0.1081742572
8.2825,1.402825056,0.09957305384
8.285,1.402338235,0.09107156587
8.2875,1.401990661,0.08254084747
8.29,1.401337794,0.07316032699
8.2925,1.400883658,0.065613426
8.295,1.400396709,0.05693845187
8.2975,1.399965862,0.04819438378
8.3,1.399467863,0.03944254827
8.3025,1.399084381,0.0305172014
8.305,1.39857254,0.02184075963
8.3075,1.398129861,0.01311179101
8.31,1.397724334,0.004302464981
8.3125,1.397272644,-0.004473418568
8.315,1.396821031,-0.01352235187
8.3175,1.396582737,-0.02220279035
8.32,1.396230902,-0.03101257311
8.3225,1.395901841,-0.03972704253
8.325,1.395551158,-0.04851947929
8.3275,1.395311695,-0.05744727051
8.33,1.395060603,-0.06623999311
8.3325,1.394908221,-0.07460698024
8.335,1.394687989,-0.08345779307
8.3375,1.394520087,-0.09210600209
8.34,1.394348645,-0.1002863678
8.3425,1.394271659,-0.1086254948
8.345,1.394108176,-0.1173421827
8.3475,1.394035336,-0.1257265642
8.35,1.394078745,-0.1335283779
8.3525,1.394241659,-0.1419733328
8.355,1.394007294,-0.1498583782
8.3575,1.394023776,-0.1581721308
8.36,1.394087704,-0.1658093397
8.3625,1.394185667,-0.1734713798
8.365,1.394402489,-0.1811380249
8.3675,1.394523243,-0.1889086706
8.37,1.394592537,-0.1959523864
8.3725,1.394785611,-0.2035251417
8.375,1.395061331,-0.2104066924
8.3775,1.395399545,-0.2169774708
8.38,1.395646496,-0.224538153
8.3825,1.395912521,-0.2309223049
8.385,1.396289513,-0.2373506226
8.3875,1.396573344,-0.2438933125
8.39,1.396993072,-0.2500978296
8.3925,1.397301825,-0.2562448119
8.395,1.397789163,-0.2620380023
8.3975,1.398158499,-0.2677449812
8.4,1.398692699,-0.2729614108
8.4025,1.399075043,-0.278430522
8.405,1.399456344,-0.283811496
8.4075,1.40014012,-0.2886343949
8.41,1.400296216,-0.2937417488
8.4125,1.400905222,-0.2980590106
8.415,1.401492595,-0.3019809674
8.4175,1.401716117,-0.3065086283
8.42,1.402527751,-0.3104053959
8.4225,1.40301041,-0.3141733054
8.425,1.403551786,-0.3175325595
8.4275,1.404104178,-0.3210719995
8.43,1.404612094,-0.3239174356
8.4325,1.405104499,-0.326909415
8.435,1.405583154,-0.3299405035
8.4375,1.406210971,-0.3322344155
8.44,1.406759745,-0.3344520808
8.4425,1.407360386,-0.336123097
8.445,1.407738174,-0.3382490066
8.4475,1.408127999,-0.3396821755
8.45,1.408808994,-0.3407867951
8.4525,1.409151469,-0.3416327935
8.455,1.409629664,-0.342971234
8.4575,1.410108607,-0.3431036966
8.46,1.410575713,-0.3439525767
8.4625,1.41091317,-0.3441361604
8.465,1.411398517,-0.3441791382
8.4675,1.411688464,-0.3435161854
8.47,1.412033116,-0.3428187808
8.4725,1.412418337,-0.3424241612
8.475,1.412759512,-0.3416015563
8.4775,1.413123147,-0.3401654021
8.48,1.413556533,-0.3381603303
8.4825,1.413519837,-0.3369670299
8.485,1.414017622,-0.3350937278
8.4875,1.413914762,-0.3327798241
8.49,1.414226236,-0.3307262595
8.4925,1.414250903,-0.3283001996
8.495,1.414587281,-0.3254188565
8.4975,1.414682295,-0.3221771426
8.5,1.414699862,-0.3194162839
8.5025,1.414791664,-0.3157831595
8.505,1.41488724,-0.3125452363
8.5075,1.414707306,-0.3079552041
8.51,1.414778001,-0.3044771466
8.5125,1.414782972,-0.3003888002
8.515,1.414822117,-0.2954977789
8.5175,1.414539342,-0.2915245532
8.52,1.414493709,-0.2865230694
8.5225,1.414250194,-0.2815311556
8.525,1.413994201,-0.2765573263
8.5275,1.413916489,-0.2706889241
8.53,1.413722185,-0.2655845487
8.5325,1.413302946,-0.2597866971
8.535,1.413092918,-0.2540610235
8.5375,1.412834623,-0.2479549969
8.54,1.412474862,-0.2416584318
8.5425,1.412142769,-0.2356866278
8.545,1.41190961,-0.2287243902
8.5475,1.411325143,-0.2224325029
8.55,1.410979567,-0.2156213823
8.5525,1.410482134,-0.2086897301
8.555,1.410066442,-0.2016390172
8.5575,1.409611235,-0.1944306775
8.56,1.409514458,-0.1871986384
8.5625,1.408452939,-0.1787725042
8.565,1.408258278,-0.1718621566
8.5675,1.4077247,-0.1643682922
8.57,1.407200617,-0.1561788299
8.5725,1.406733111,-0.1486518846
8.575,1.406285673,-0.1405728815
8.5775,1.405592852,-0.1323136506
8.58,1.405160208,-0.1245972916
8.5825,1.40460728,-0.1163064196
8.585,1.404004473,-0.107954376
8.5875,1.40350483,-0.09932539279
8.59,1.403045333,-0.0907836037
8.5925,1.402586746,-0.0822181159
8.595,1.402057054,-0.0735715678
8.5975,1.401544967,-0.06514167237
8.6,1.401063105,-0.05649281349
8.6025,1.400653354,-0.04770002284
8.605,1.400077609,-0.03891571714
8.6075,1.399729985,-0.02995533342
8.61,1.399241428,-0.02127162499
8.6125,1.398737583,-0.01246770992
8.615,1.398289867,-0.003625550158
8.6175,1.397923826,0.005176770809
8.62,1.397454959,0.0142736113
8.6225,1.397160174,0.0229693988
8.625,1.396854628,0.03183030007
8.6275,1.396509018,0.04056483875
8.63,1.396185371,0.04936374733
8.6325,1.395950091,0.05836848746
8.635,1.395678141,0.06790982919
8.6375,1.395493071,0.07607844515
8.64,1.39530538,0.08443181453
8.6425,1.395117813,0.09311293298
8.645,1.394963931,0.1013374967
8.6475,1.394882493,0.1097672268
8.65,1.394722942,0.1184257742
8.6525,1.394626319,0.1268652508
8.655,1.394678008,0.1346652186
8.6575,1.394844695,0.1437673477
8.66,1.394663872,0.1510408284
8.6625,1.394626717,0.1593829184
8.665,1.394703705,0.1670908594
8.6675,1.394826948,0.1747244605
8.67,1.39499879,0.1824249941
8.6725,1.395168766,0.1902021507
8.675,1.395204452,0.1972765
8.6775,1.395422477,0.2048611019
8.68,1.395714737,0.2117397413
8.6825,1.39598987,0.2183885227
8.685,1.396275153,0.2258736574
8.6875,1.396547513,0.2322804224
8.69,1.396917364,0.2387153923
8.6925,1.397214111,0.2453199128
8.695,1.397641153,0.2514847093
8.6975,1.39795525,0.2576398761
8.7,1.398421839,0.2634196335
8.7025,1.398817396,0.2691557563
8.705,1.399348009,0.2743556119
8.7075,1.399729053,0.2798629005
8.71,1.400128986,0.2852177993
8.7125,1.40082376,0.2900137116
8.715,1.40095692,0.2951180289
8.7175,1.401585755,0.2994713445
8.72,1.402158733,0.3033636317
8.7225,1.402373797,0.3078683509
8.725,1.403182631,0.311805065
8.7275,1.403690274,0.3155033526
8.73,1.404232198,0.3188758306
8.7325,1.404768179,0.3224166672
8.735,1.405287911,0.3252098253
8.7375,1.405793756,0.3282322392
8.74,1.406315888,0.331246654
8.7425,1.406868611,0.3334863291
8.745,1.407473212,0.3356787108
8.7475,1.407975231,0.3373478711
8.75,1.408456716,0.3394453533
8.7525,1.408828327,0.3408510111
8.755,1.40944704,0.341926372
8.7575,1.409873505,0.342801177
8.76,1.410310788,0.3440248459
8.7625,1.410842868,0.3441715223
8.765,1.411232867,0.345053254
8.7675,1.411602299,0.3451700821
8.77,1.412052996,0.3452121736
8.7725,1.412390053,0.3445138079
8.775,1.412712409,0.3437820515
8.7775,1.413116268,0.3433442037
8.78,1.413440207,0.3425252314
8.7825,1.413761537,0.3410391689
8.785,1.414292591,0.3389700074
8.7875,1.414225293,0.3377365099
8.79,1.414656048,0.3357731225
8.7925,1.414633529,0.3335487311
8.795,1.414876108,0.331471232
8.7975,1.414882648,0.3289797158
8.8,1.415230219,0.3260511641
8.8025,1.415315526,0.3227986074
8.805,1.415348189,0.3200187435
8.8075,1.415405957,0.3163594672
8.81,1.415522418,0.3130355795
8.8125,1.415333029,0.3084213015
8.815,1.415387559,0.3049168205
8.8175,1.415464605,0.3007691666
8.82,1.415422283,0.2958566439
8.8225,1.415118811,0.2918963918
8.825,1.415079827,0.2868061456
8.8275,1.414782376,0.2817747249
8.83,1.414594107,0.2767679994
8.8325,1.414483049,0.2708134683
8.835,1.414275945,0.2657114115
8.8375,1.413818968,0.2599171382
8.84,1.413627349,0.2540897274
8.8425,1.413344606,0.2480055867
8.845,1.413009924,0.2417171022
8.8475,1.412729602,0.235617084
8.85,1.412347516,0.2279712105
8.8525,1.411883296,0.2223349128
8.855,1.411382042,0.215444143
8.8575,1.410968152,0.2084954768
8.86,1.410533048,0.201402665
8.8625,1.410102925,0.1941796446
8.865,1.409901706,0.1869049151
8.8675,1.409004475,0.1784310067
8.87,1.408698737,0.1714804031
8.8725,1.408149959,0.1639592884
8.875,1.40763618,0.1557434537
8.8775,1.407261734,0.1481323441
8.88,1.406647621,0.1400246165
8.8825,1.40604529,0.1317169825
8.885,1.405566667,0.1240787594
8.8875,1.40494653,0.1156434216
8.89,1.404412077,0.1072940311
8.8925,1.403949633,0.09861604711
8.895,1.403432635,0.0900099064
8.8975,1.402970466,0.08142882091
8.9,1.402453889,0.07278594499
8.9025,1.40193255,0.06432211044
8.905,1.401443345,0.05559862843
8.9075,1.401016254,0.04679825863
8.91,1.400532149,0.03715942648
8.9125,1.40010094,0.02908158065
8.915,1.399618252,0.02026055368
8.9175,1.399033971,0.01146282601
8.92,1.3986894,0.002602447419
8.9225,1.398303958,-0.006224486867
8.925,1.397829809,-0.01539287555
8.9275,1.397553864,-0.02406858413
8.93,1.397196257,-0.03297356904
8.9325,1.396911189,-0.04175520528
8.935,1.396528414,-0.05058365272
8.9375,1.396309816,-0.05953924318
8.94,1.396064376,-0.06843642862
8.9425,1.395907769,-0.07732272977
8.945,1.395664232,-0.08570045489
8.9475,1.395518722,-0.09442796092
8.95,1.39534166,-0.1025757495
8.9525,1.395269655,-0.1111907974
8.955,1.395085674,-0.1197301279
8.9575,1.39502794,-0.1281609541
8.96,1.395069647,-0.1359912145
8.9625,1.395181604,-0.1445070532
8.965,1.39510488,-0.152394179
8.9675,1.395012502,-0.1607264755
8.97,1.395114316,-0.1684383379
8.9725,1.395196535,-0.1761291446
8.975,1.395459018,-0.1838461681
8.9775,1.395520375,-0.1915229958
8.98,1.395649568,-0.198654665
8.9825,1.39585702,-0.2062551538
8.985,1.396187406,-0.212999837
8.9875,1.396381023,-0.2197524539
8.99,1.396697522,-0.2272564475
8.9925,1.396994146,-0.233611233
8.995,1.3973142,-0.2401338164
8.9975,1.397721283,-0.2466613139
9,1.398061385,-0.2527850628
9.0025,1.398409446,-0.2589964671
9.005,1.398869755,-0.2647474299
9.0075,1.399261453,-0.270449528
9.01,1.399897653,-0.2756357375
9.0125,1.400142848,-0.2812703748
9.015,1.400589765,-0.2864621307
9.0175,1.401255859,-0.2912931338
9.02,1.401397319,-0.2963071046
9.0225,1.402084042,-0.3006925441
9.025,1.402608102,-0.3045624222
9.0275,1.402841739,-0.3090673924
9.03,1.403695963,-0.3130570231
9.0325,1.404148853,-0.3166547344
9.035,1.40477651,-0.319965752
9.0375,1.405220224,-0.3235742424
9.04,1.405776762,-0.3263873275
9.0425,1.406245065,-0.3292948232
9.045,1.406827435,-0.3323273034
9.0475,1.407321758,-0.3345059865
9.05,1.408040605,-0.3366437467
9.0525,1.408415496,-0.338455269
9.055,1.40887424,-0.3403331787
9.0575,1.409340519,-0.3417522392
9.06,1.409878465,-0.3428033349
9.0625,1.410364009,-0.3436462834
9.065,1.41078375,-0.3448636266
9.0675,1.41131574,-0.3449468073
9.07,1.411714719,-0.345862787
9.0725,1.412069924,-0.3459144739
9.075,1.412512085,-0.3458523168
9.0775,1.412844438,-0.3451426956
9.08,1.413210177,-0.3445669318
9.0825,1.413553331,-0.3438935119
9.085,1.413850894,-0.3430905859
9.0875,1.414208118,-0.341588534
9.09,1.414778734,-0.3395009678
9.0925,1.414636263,-0.3382358893
9.095,1.415008806,-0.336088339
9.0975,1.415036305,-0.3340187568
9.1,1.415353192,-0.3318436284
9.1025,1.415276728,-0.3292670982
9.105,1.415662158,-0.3263367505
9.1075,1.415700846,-0.3230510363
9.11,1.415737655,-0.3202378145
9.1125,1.415817647,-0.3165524966
9.115,1.415825321,-0.3128219779
9.1175,1.415769261,-0.3084648502
9.12,1.415745785,-0.3050784878
9.1225,1.415842453,-0.3007134663
9.125,1.415767443,-0.2958792371
9.1275,1.415519409,-0.2918357508
9.13,1.415446297,-0.2867278412
9.1325,1.415099397,-0.2816245602
9.135,1.414973673,-0.276559563
9.1375,1.414813667,-0.2706411402
9.14,1.414563361,-0.2654960762
9.1425,1.414169433,-0.2596049807
9.145,1.413984967,-0.2537434352
9.1475,1.413682267,-0.2475823035
9.15,1.413300806,-0.2413424779
9.1525,1.413107706,-0.2351888957
9.155,1.412564425,-0.2273883956
9.1575,1.412186921,-0.2213519403
9.16,1.411671056,-0.2149265031
9.1625,1.411276487,-0.207917949
9.165,1.410827417,-0.2007889634
9.1675,1.410519391,-0.1935748937
9.17,1.409952878,-0.1855276084
9.1725,1.409377532,-0.1784497949
9.175,1.40898477,-0.1707210489
9.1775,1.408460533,-0.1631657055
9.18,1.407927301,-0.154941607
9.1825,1.407495304,-0.1473151546
9.185,1.406850401,-0.1391620183
9.1875,1.406331188,-0.1309093947
9.19,1.405883306,-0.1232479193
9.1925,1.405179155,-0.1146714126
9.195,1.404703339,-0.1063117182
9.1975,1.404212506,-0.09762849961
9.2,1.403712999,-0.08889497134
9.2025,1.403226188,-0.08046793998
9.205,1.402711457,-0.07171385776
9.2075,1.40219802,-0.0632815009
9.21,1.401703041,-0.05447789266
9.2125,1.40129848,-0.04565275654
9.215,1.400723211,-0.03600717775
9.2175,1.400342324,-0.02792457985
9.22,1.399774538,-0.01912557962
9.2225,1.39932651,-0.01021947045
9.225,1.398938632,-0.001396507797
9.2275,1.398545493,0.007508974218
9.23,1.398097533,0.01663179421
9.2325,1.397809017,0.0252977883
9.235,1.397416164,0.03424524793
9.2375,1.397116217,0.0431420315
9.24,1.396810566,0.05191362695
9.2425,1.396586099,0.06082141519
9.245,1.396331048,0.07056659201
9.2475,1.396145712,0.07844773532
9.25,1.395912011,0.08700791817
9.2525,1.395783031,0.09580797729
9.255,1.395614255,0.1038454574
9.2575,1.395552882,0.1126586404
9.26,1.395342172,0.1211166502
9.2625,1.395297671,0.1294764674
9.265,1.39535519,0.1373140674
9.2675,1.395421223,0.1459109269
9.27,1.395422387,0.1537573947
9.2725,1.395315918,0.1620753922
9.275,1.395403457,0.169811545
9.2775,1.39551133,0.1774892511
9.28,1.395744807,0.1852482239
9.2825,1.395795619,0.1928038142
9.285,1.395951979,0.2000528333
9.2875,1.396149119,0.2075753188
9.29,1.396544683,0.2141649245
9.2925,1.396678851,0.221215742
9.295,1.397015996,0.2284990699
9.2975,1.397319915,0.2348736261
9.3,1.397618369,0.241463336
9.3025,1.398058587,0.247910694
9.305,1.398376812,0.2540157842
9.3075,1.398757588,0.2602314281
9.31,1.39919395,0.266015164
9.3125,1.399592686,0.2716107126
9.315,1.400255421,0.2767941117
9.3175,1.400471399,0.2824841083
9.32,1.400958408,0.2876181682
9.3225,1.401545434,0.2924047372
9.325,1.401765574,0.297338127
9.3275,1.402453462,0.3017424645
9.33,1.402947268,0.3055539573
9.3325,1.403222981,0.3101148855
9.335,1.404063581,0.3141124773
9.3375,1.404492176,0.3175970574
9.34,1.405136999,0.3208956856
9.3425,1.405587474,0.324436263
9.345,1.406091761,0.3272899902
9.3475,1.406646969,0.3301794759
9.35,1.407192052,0.3331497817
9.3525,1.407667577,0.3352845831
9.355,1.408440809,0.3372940383
9.3575,1.408753086,0.3392991707
9.36,1.4092462,0.3410034449
9.3625,1.409733636,0.3423675687
9.365,1.410266494,0.3434001258
9.3675,1.410716025,0.3442787922
9.37,1.41115789,0.3453800464
9.3725,1.411683794,0.3455173228
9.375,1.412022268,0.3463577832
9.3775,1.412458104,0.3463620008
9.38,1.412834998,0.3461741812
9.3825,1.413192926,0.3454671991
9.385,1.413554793,0.3450097034
9.3875,1.413900329,0.3440743676
9.39,1.414105611,0.343301153
9.3925,1.414566168,0.3418012001
9.395,1.415083781,0.3399635153
9.3975,1.41504642,0.3383452248
9.4,1.415390703,0.3360401732
9.4025,1.415382032,0.334158649
9.405,1.415686706,0.3318896304
9.4075,1.41559192,0.3292802053
9.41,1.415992724,0.3263097772
9.4125,1.415992637,0.3230008547
9.415,1.416038752,0.3200873141
9.4175,1.416091178,0.3164542495
9.42,1.416092185,0.312982085
9.4225,1.415977766,0.3081561282
9.425,1.416198596,0.3048306827
9.4275,1.416154583,0.3004139394
9.43,1.415906334,0.2955828248
9.4325,1.415840356,0.2915365372
9.435,1.415633217,0.2857599617
9.4375,1.415351202,0.2812530309
9.44,1.415202618,0.2760225382
9.4425,1.415064069,0.2701991854
9.445,1.414717265,0.2649508756
9.4475,1.414428006,0.2590737608
9.45,1.414202047,0.253204006
9.4525,1.413849314,0.2462685596
9.455,1.413538085,0.2402671233
9.4575,1.413255722,0.2344750178
9.46,1.412797464,0.2268082194
9.4625,1.412387466,0.2205299971
9.465,1.41183912,0.2141415618
9.4675,1.411437127,0.2070978214
9.47,1.410947841,0.1999312796
9.4725,1.410780472,0.1926446106
9.475,1.410068239,0.1853501079
9.4775,1.409564042,0.1773273435
9.48,1.409100541,0.1698917008
9.4825,1.408592471,0.1621446382
9.485,1.408081538,0.1540011213
9.4875,1.407671762,0.1462550489
9.49,1.406945467,0.1380704421
9.4925,1.406470836,0.1299696266
9.495,1.405979929,0.1221500669
9.4975,1.405291347,0.1135187298
9.5,1.404845155,0.1050842492
9.5025,1.404325847,0.09644144482
9.505,1.403842628,0.0876389631
9.5075,1.403356571,0.07917333456
9.51,1.402821426,0.07043858312
9.5125,1.402313013,0.0620663797
9.515,1.40179804,0.05312295449
9.5175,1.401385861,0.04425999933
9.52,1.400956084,0.0346365836
9.5225,1.400408131,0.02662444461
9.525,1.399897504,0.01784504006
9.5275,1.399410681,0.008791170502
9.53,1.399058849,-4.754206559e-08
9.5325,1.398655567,-0.008915415753
9.535,1.3982301,-0.01807109479
9.5375,1.397967138,-0.0267015393
9.54,1.39750052,-0.03573018658
9.5425,1.397224784,-0.04470800158
9.545,1.396950334,-0.05340936784
9.5475,1.396700163,-0.06225800244
9.55,1.396484994,-0.07134025679
9.5525,1.396297683,-0.07943480224
9.555,1.396045054,-0.08851640664
9.5575,1.395964722,-0.09737114526
9.56,1.395761617,-0.105151373
9.5625,1.395671838,-0.1142018466
9.565,1.395502343,-0.1226263917
9.5675,1.395461324,-0.1308691392
9.57,1.395549998,-0.1389013999
9.5725,1.395584017,-0.1473846823
9.575,1.395573198,-0.1552904404
9.5775,1.395486705,-0.1634806931
9.58,1.39558736,-0.1711918183
9.5825,1.39570293,-0.1789715135
9.585,1.395986559,-0.1866089398
9.5875,1.395943538,-0.1941483383
9.59,1.396168865,-0.2014825544
9.5925,1.396369571,-0.2089171594
9.595,1.396787795,-0.2154774789
9.5975,1.396870261,-0.2225511361
9.6,1.397223172,-0.2297797663
9.6025,1.397567229,-0.2361570572
9.605,1.397862728,-0.2428091841
9.6075,1.398313262,-0.2491313636
9.61,1.398550175,-0.255403071
9.6125,1.398992798,-0.2614082966
9.615,1.399443687,-0.2672273149
9.6175,1.399850277,-0.2727404093
9.62,1.400492025,-0.2779968866
9.6225,1.400693693,-0.2836198826
9.625,1.401277186,-0.2887183892
9.6275,1.401771734,-0.2935349499
9.63,1.402030543,-0.2983227923
9.6325,1.402720479,-0.3026688343
9.635,1.403206173,-0.3064805301
9.6375,1.403506484,-0.3111326839
9.64,1.404357472,-0.3150126951
9.6425,1.404766948,-0.3184988981
9.645,1.405434845,-0.3218344868
9.6475,1.405823827,-0.3252377138
9.65,1.406364671,-0.3281073961
9.6525,1.406904915,-0.3310455756
9.655,1.40745266,-0.333861687
9.6575,1.407950047,-0.3359912321
9.66,1.408714885,-0.3378462581
9.6625,1.408992673,-0.339981386
9.665,1.409487048,-0.3416811406
9.6675,1.41000738,-0.3428684655
9.67,1.41052105,-0.3439218751
9.6725,1.410963546,-0.3447486042
9.675,1.411378351,-0.3458714366
9.6775,1.411942113,-0.3460072017
9.68,1.412268803,-0.3466967313
9.6825,1.412686489,-0.3467212304
9.685,1.413070206,-0.3463966958
9.6875,1.413427791,-0.3456553795
9.69,1.413782741,-0.3452926451
9.6925,1.414140957,-0.3442766942
9.695,1.414255795,-0.3433294219
9.6975,1.414964632,-0.3418533389
9.7,1.415099968,-0.3401744628
9.7025,1.415339966,-0.3385880319
9.705,1.415592639,-0.3361830283
9.7075,1.415541121,-0.3340575999
9.71,1.415830129,-0.3318378636
9.7125,1.415808748,-0.3291142088
9.715,1.416166791,-0.3261217086
9.7175,1.416193029,-0.3227901635
9.72,1.416213772,-0.3197778076
9.7225,1.416291669,-0.3162317976
9.725,1.416240379,-0.3125704578
9.7275,1.416213355,-0.3081407576
9.73,1.416340477,-0.3044911159
9.7325,1.416290241,-0.2998854684
9.735,1.416023893,-0.2951914013
9.7375,1.416073194,-0.2909304897
9.74,1.415701722,-0.2856175716
9.7425,1.415495224,-0.2805585591
9.745,1.415381628,-0.2752849253
9.7475,1.415142007,-0.2690823427
9.75,1.414812205,-0.2642724723
9.7525,1.414557511,-0.2584024521
9.755,1.414325733,-0.2523941574
9.7575,1.414020562,-0.245999599
9.76,1.41358736,-0.2399384432
9.7625,1.413405396,-0.2334623426
9.765,1.412831471,-0.2259741853
9.7675,1.412369775,-0.2195493392
9.77,1.411960107,-0.2131282833
9.7725,1.411535365,-0.2060880259
9.775,1.411064183,-0.1988783058
9.7775,1.410894474,-0.1915886179
9.78,1.410103072,-0.1841738687
9.7825,1.40963508,-0.1761289217
9.785,1.409209095,-0.1688181531
9.7875,1.408658563,-0.1608677603
9.79,1.40818322,-0.1529119123
9.7925,1.407675201,-0.1450459176
9.795,1.407031742,-0.1367967159
9.7975,1.406538832,-0.128826313
9.8,1.40600368,-0.1208978042
9.8025,1.405388775,-0.1122436524
9.805,1.404924202,-0.1037074579
9.8075,1.404402249,-0.09513611367
9.81,1.403912182,-0.0862318631
9.8125,1.403445519,-0.07784902173
9.815,1.402878811,-0.06917017684
9.8175,1.402393824,-0.06069259029
9.82,1.401892875,-0.05171402483
9.8225,1.401449222,-0.04285741251
9.825,1.401015366,-0.03395802247
9.8275,1.400398532,-0.02520526777
9.83,1.399966751,-0.01636706427
9.8325,1.399517486,-0.007273374538
9.835,1.399132881,0.001463736133
9.8375,1.398720043,0.0104174744
9.84,1.398330204,0.01960571168
9.8425,1.398063591,0.02827738688
9.845,1.397577171,0.03718150541
9.8475,1.397301438,0.04604966954
9.85,1.397090662,0.05500351915
9.8525,1.396788311,0.06375960246
9.855,1.396570415,0.07278405607
9.8575,1.396399769,0.08098358066
9.86,1.396139843,0.08997603187
9.8625,1.396050204,0.0987892488
9.865,1.395902551,0.1065866262
9.8675,1.395774267,0.1156595968
9.87,1.395623183,0.1241903145
9.8725,1.395582444,0.132228992
9.875,1.395686632,0.1404296558
9.8775,1.395730504,0.1494171069
9.88,1.395659683,0.1568944397
9.8825,1.395661203,0.1649263174
9.885,1.39571861,0.172544127
9.8875,1.395865969,0.1803910452
9.89,1.39611566,0.1880721756
9.8925,1.396111337,0.1954519256
9.895,1.396309209,0.2028932274
9.8975,1.396517318,0.210216977
9.9,1.396987953,0.2166767053
9.9025,1.397022643,0.2241002347
9.905,1.397415234,0.2309906853
9.9075,1.397765392,0.2373861899
9.91,1.398051113,0.2439973669
9.9125,1.398493219,0.2503989377
9.915,1.398725887,0.2570459724
9.9175,1.399239116,0.2625027098
9.92,1.39963848,0.2683783281
9.9225,1.40005901,0.2737996731
9.925,1.400575093,0.2791132196
9.9275,1.400957914,0.2846341314
9.93,1.4014966,0.2897424032
9.9325,1.401928288,0.2947008335
9.935,1.402316513,0.2992128478
9.9375,1.40292485,0.3035083762
9.94,1.403351536,0.3074565531
9.9425,1.403776311,0.3119335689
9.945,1.404538894,0.3157406717
9.9475,1.404983205,0.3192643945
9.95,1.405627414,0.3226565932
9.9525,1.406093558,0.3257813345
9.955,1.406612764,0.3287985738
9.9575,1.40710938,0.3317749719
9.96,1.407667367,0.3343285163
9.9625,1.408219771,0.3366379676
9.965,1.40890219,0.3381997869
9.9675,1.4092514,0.3405276672
9.97,1.409645742,0.3421645128
9.9725,1.410305877,0.343263153
9.975,1.410714233,0.3442529905
9.9775,1.411111151,0.3451987472
9.98,1.411633407,0.3460094693
9.9825,1.412125998,0.3463242397
9.985,1.412479699,0.3468633362
9.9875,1.412896472,0.3469649289
9.99,1.413263646,0.3464428022
9.9925,1.413592555,0.3455988102
9.995,1.413991202,0.3454174924
9.9975,1.41434801,0.3443171495
10,1.41445823,0.3432664434
10.0025,1.415194872,0.341660243
10.005,1.415157586,0.3399756038
10.0075,1.415614115,0.338398552
10.01,1.41566052,0.3359236054
10.0125,1.415798561,0.3340441051
10.015,1.415944059,0.3315706141
10.0175,1.415989023,0.3287884101
10.02,1.416299258,0.3257558375
10.0225,1.41633097,0.3225209977
10.025,1.416385435,0.3192453052
10.0275,1.416413478,0.3157873969
10.03,1.416390755,0.3119948662
10.0325,1.41632588,0.3076438419
10.035,1.416527294,0.3038761554
10.0375,1.416340613,0.2992257629
10.04,1.416146371,0.2947630661
10.0425,1.416151245,0.2901710093
10.045,1.415732631,0.2844250751
10.0475,1.415621063,0.2798988041
10.05,1.415456094,0.2743996742
10.0525,1.415286972,0.2689738006
10.055,1.414898546,0.2633535309
10.0575,1.414610789,0.2576073126
10.06,1.414359074,0.251384712
10.0625,1.414048285,0.2450771349
10.065,1.413727455,0.239040835
10.0675,1.413438525,0.2323329626
10.07,1.412937411,0.2256176585
10.0725,1.412396522,0.2189500577
10.075,1.411980082,0.2120279234
10.0775,1.411546205,0.2049702335
10.08,1.411083784,0.1977043608
10.0825,1.410917788,0.190385546
10.085,1.410091936,0.182880748
10.0875,1.40966817,0.1749282491
10.09,1.409186461,0.16753375
10.0925,1.408638436,0.1595049713
10.095,1.408208635,0.1517315262
10.0975,1.407621412,0.1437196073
10.1,1.407025132,0.1353921148
10.1025,1.40656193,0.1274875138
10.105,1.405951895,0.119454989
10.1075,1.405378906,0.1108594327
10.11,1.404912078,0.1022438602
10.1125,1.404384782,0.0937438882
10.115,1.403923074,0.08472618186
10.1175,1.403415506,0.07635356067
10.12,1.40288458,0.06780092612
10.1225,1.402376203,0.05919633016
10.125,1.40187492,0.05020359846
10.1275,1.401427732,0.0412756734
10.13,1.401049349,0.03235766441
10.1325,1.400381535,0.02367384921
10.135,1.399962461,0.01479548915
10.1375,1.399490522,0.005712818379
10.14,1.39912882,-0.003054105014
10.1425,1.398683905,-0.01206473925
10.145,1.398351829,-0.02115035371
10.1475,1.398076547,-0.02990183034
10.15,1.397601345,-0.0387353584
10.1525,1.397317537,-0.04757484002
10.155,1.397119499,-0.05662449932
10.1575,1.396800717,-0.06532877041
10.16,1.396613972,-0.07430671574
10.1625,1.396437115,-0.08263400963
10.165,1.396170286,-0.09158041886
10.1675,1.396101397,-0.1003081672
10.17,1.395943639,-0.1082058303
10.1725,1.395786809,-0.1172175917
10.175,1.395685941,-0.125827421
10.1775,1.395658385,-0.1336751645
10.18,1.3958271,-0.1419929925
10.1825,1.395786077,-0.1501581096
10.185,1.395675945,-0.1592064388
10.1875,1.395732375,-0.166264794
10.19,1.395808052,-0.1738982685
10.1925,1.395984631,-0.1818611701
10.195,1.396220232,-0.1896184865
10.1975,1.396193021,-0.1967801064
10.2,1.39641212,-0.2043137939
10.2025,1.396658141,-0.2114338695
10.205,1.397075538,-0.2179195665
10.2075,1.397161796,-0.2255878366
10.21,1.397508631,-0.2322463564
10.2125,1.397909416,-0.23867234
10.215,1.398183787,-0.2452394886
10.2175,1.398668333,-0.2519311509
10.22,1.398872278,-0.2582375118
10.2225,1.399424237,-0.2636814963
10.225,1.399750238,-0.2695050776
10.2275,1.400254877,-0.2748505397
10.23,1.400731413,-0.280200264
10.2325,1.401094765,-0.2857078572
10.235,1.401764644,-0.2906986005
10.2375,1.402006604,-0.2959154634
10.24,1.402469596,-0.3000771443
10.2425,1.403112833,-0.3043680122
10.245,1.40346808,-0.3085382387
10.2475,1.40399181,-0.3127015206
10.25,1.40469977,-0.3165219265
10.2525,1.40515734,-0.3199876193
10.255,1.405806929,-0.3234316635
10.2575,1.40626451,-0.326324146
10.26,1.406762607,-0.3294181991
10.2625,1.407267108,-0.3324935529
10.265,1.407855807,-0.334888161
10.2675,1.408404213,-0.3371767696
10.27,1.409017938,-0.3387318053
10.2725,1.409416375,-0.3409114544
10.275,1.409770961,-0.3426208426
10.2775,1.410465585,-0.3435865287
10.28,1.410886909,-0.3444745679
10.2825,1.41119723,-0.3457650281
10.285,1.41181482,-0.3461442517
10.2875,1.412309505,-0.3466239723
10.29,1.412576534,-0.3470655338
10.2925,1.413095134,-0.3472577145
10.295,1.41336817,-0.3464703564
10.2975,1.413742341,-0.3457032047
10.3,1.414108343,-0.3454054405
10.3025,1.414507244,-0.3443519967
10.305,1.414604925,-0.343170033
10.3075,1.415331685,-0.3413822145
10.31,1.415190304,-0.3399530888
10.3125,1.415691875,-0.3382066135
10.315,1.415761096,-0.3357790366
10.3175,1.415899207,-0.3336737554
10.32,1.416010211,-0.3312927036
10.3225,1.416147932,-0.3283794162
10.325,1.416349875,-0.3253109466
10.3275,1.416389883,-0.3221946402
10.33,1.416461261,-0.3187538607
10.3325,1.416511583,-0.3153215461
10.335,1.416461636,-0.3113450761
10.3375,1.416445507,-0.3070619998
10.34,1.416458032,-0.303270988
10.3425,1.416464647,-0.2984285916
10.345,1.416154552,-0.2941528065
10.3475,1.416212127,-0.2893322627
10.35,1.415674126,-0.2836502097
10.3525,1.415667116,-0.2791375525
10.355,1.415477909,-0.2734960624
10.3575,1.415290226,-0.2680914551
10.36,1.41487738,-0.2624107911
10.3625,1.414657672,-0.2566363879
10.365,1.414372683,-0.2503818776
10.3675,1.41410718,-0.2440131493
10.37,1.413724403,-0.2379809391
10.3725,1.413407445,-0.231149864
10.375,1.412964462,-0.2246387318
10.3775,1.412383076,-0.2178037262
10.38,1.411983764,-0.2108639939
10.3825,1.411540859,-0.2037716757
10.385,1.411158585,-0.1964959438
10.3875,1.410873672,-0.1891032749
10.39,1.409959938,-0.1807985298
10.3925,1.409698045,-0.1737360881
10.395,1.409170199,-0.166239962
10.3975,1.408644887,-0.1579942722
10.4,1.408201646,-0.1504820332
10.4025,1.407543223,-0.1423305304
10.405,1.407029613,-0.1339036384
10.4075,1.40655615,-0.1260495087
10.41,1.405882974,-0.1179186801
10.4125,1.405403816,-0.1093812758
10.415,1.40488452,-0.1007724733
10.4175,1.40436879,-0.09226557133
10.42,1.403934851,-0.08335609076
10.4225,1.403331114,-0.0741452593
10.425,1.402862015,-0.06633581414
10.4275,1.402339823,-0.05755606993
10.43,1.401916646,-0.04864878819
10.4325,1.401356555,-0.03894512322
10.435,1.40100352,-0.03087080925
10.4375,1.400312163,-0.02124235262
10.44,1.399939996,-0.01329863439
10.4425,1.399521302,-0.004263991522
10.445,1.399132701,0.004629877595
10.4475,1.398658688,0.01365368367
10.45,1.398350534,0.02254991044
10.4525,1.398049505,0.03144422713
10.455,1.397652118,0.04021496716
10.4575,1.397333056,0.0490402509
10.46,1.397139462,0.0582285611
10.4625,1.396844208,0.06689208892
10.465,1.396630405,0.07645521523
10.4675,1.396454156,0.08435007495
10.47,1.396211821,0.09305779607
10.4725,1.396113547,0.1015878232
10.475,1.396024429,0.1097435267
10.4775,1.395832815,0.1187135787
10.48,1.39573002,0.1273104846
10.4825,1.395751343,0.1350518137
10.485,1.395860794,0.143541218
10.4875,1.395874135,0.1516146784
10.49,1.395704566,0.1600403585
10.4925,1.395802651,0.1677373379
10.495,1.395882631,0.1753836406
10.4975,1.396102156,0.1831462542
10.5,1.396276889,0.1910271105
10.5025,1.396287069,0.1981100389
10.505,1.396517283,0.2057274161
10.5075,1.396797074,0.2127539689
10.51,1.397113299,0.2193199841
10.5125,1.397328255,0.2268821943
10.515,1.397593831,0.2334637171
10.5175,1.398011977,0.2398816691
10.52,1.39829112,0.2465489796
10.5225,1.398744851,0.2527243172
10.525,1.399024625,0.2589786636
10.5275,1.399516367,0.2648240373
10.53,1.399902877,0.2705507451
10.5325,1.400415284,0.275827685
10.535,1.400859577,0.2811789809
10.5375,1.401229647,0.2867473237
10.54,1.401890672,0.2915562519
10.5425,1.402127965,0.296873446
10.545,1.402662187,0.3010159222
10.5475,1.403280776,0.3051323792
10.55,1.403552185,0.3094862229
10.5525,1.404197605,0.313462797
10.555,1.404829274,0.3172326016
10.5575,1.405335901,0.3206676636
10.56,1.405909188,0.3240755123
10.5625,1.406416359,0.3270779961
10.565,1.406912333,0.3300177579
10.5675,1.407457913,0.3330487318
10.57,1.407968712,0.3353591706
10.5725,1.408611929,0.3376058292
10.575,1.409089476,0.3391723549
10.5775,1.409593612,0.3412590015
10.58,1.409923976,0.3428841746
10.5825,1.410583569,0.3438667047
10.585,1.411042622,0.3447434645
10.5875,1.411395918,0.3459740095
10.59,1.412004068,0.3461413639
10.5925,1.412403983,0.3469290634
10.595,1.412724626,0.3471191994
10.5975,1.413222281,0.3472230115
10.6,1.41351409,0.3463397386
10.6025,1.413918386,0.3457232664
10.605,1.414240726,0.3453146235
10.6075,1.414594757,0.3443321606
10.61,1.414741114,0.342990908
10.6125,1.41560466,0.3409263991
10.615,1.415289494,0.339674748
10.6175,1.415727717,0.3376840803
10.62,1.415851988,0.3356248821
10.6225,1.416041801,0.3333168067
10.625,1.416070342,0.3308601375
10.6275,1.416291065,0.3279059547
10.63,1.41642192,0.3247338314
10.6325,1.416465108,0.3217582302
10.635,1.41652279,0.3181616748
10.6375,1.41659563,0.3147706142
10.64,1.416449704,0.310257332
10.6425,1.416536903,0.3065089791
10.645,1.416575525,0.3025016603
10.6475,1.416496143,0.2976294167
10.65,1.416203281,0.2934602676
10.6525,1.416175949,0.2884519583
10.655,1.415788667,0.2829021346
10.6575,1.415687584,0.2783161131
10.66,1.415530382,0.2723867974
10.6625,1.415252548,0.2671674442
10.665,1.414891599,0.2614013388
10.6675,1.414659853,0.2555804206
10.67,1.414338988,0.249370034
10.6725,1.41408279,0.242947581
10.675,1.413800495,0.2369409439
10.6775,1.413290707,0.2293428199
10.68,1.412949969,0.223560144
10.6825,1.412351005,0.2166115419
10.685,1.411954882,0.2096715229
10.6875,1.411475628,0.202530299
10.69,1.411206737,0.195273795
10.6925,1.410714637,0.1878798931
10.695,1.410009301,0.1794970066
10.6975,1.409647303,0.1723687723
10.7,1.409084188,0.1649142671
10.7025,1.408568694,0.1566176344
10.705,1.408249475,0.1489853107
10.7075,1.407430935,0.140859615
10.71,1.406989652,0.1324495928
10.7125,1.406466648,0.1247263895
10.715,1.405797731,0.116300277
10.7175,1.405335484,0.1079352634
10.72,1.404815381,0.09919096629
10.7225,1.404284363,0.09062442522
10.725,1.403845823,0.0818571994
10.7275,1.403302545,0.07329040841
10.73,1.402782929,0.0646849524
10.7325,1.402276711,0.05593268921
10.735,1.40184956,0.04710362601
10.7375,1.401406108,0.03737212471
10.74,1.400876866,0.02929031261
10.7425,1.40034189,0.02036440574
10.745,1.399861843,0.01158844204
10.7475,1.399479654,0.00267627775
10.75,1.399101198,-0.00620148917
10.7525,1.398604629,-0.01539179369
10.755,1.398331,-0.024138289
10.7575,1.397949832,-0.03310100326
10.76,1.397675251,-0.04183467532
10.7625,1.39731285,-0.05072836094
10.765,1.397071464,-0.05978937535
10.7675,1.39681828,-0.06864955435
10.77,1.396650901,-0.0771169758
10.7725,1.396430676,-0.08613512499
10.775,1.396236155,-0.09473206269
10.7775,1.39610215,-0.103083729
10.78,1.396018885,-0.111589054
10.7825,1.395824229,-0.1202674244
10.785,1.395760548,-0.1287797709
10.7875,1.39579328,-0.136603195
10.79,1.395912105,-0.1451186666
10.7925,1.395877468,-0.1531102781
10.795,1.395737294,-0.1614575909
10.7975,1.395852543,-0.1691898999
10.8,1.395899998,-0.176929748
10.8025,1.39621096,-0.1846290143
10.805,1.396253701,-0.1924089382
10.8075,1.39638409,-0.1995287774
10.81,1.396599266,-0.2071349411
10.8125,1.396917675,-0.2140776964
10.815,1.397130561,-0.2206705058
10.8175,1.397424855,-0.2282552183
10.82,1.397694515,-0.2346402093
10.8225,1.398078259,-0.2411333364
10.825,1.39844187,-0.2478194715
10.8275,1.398822454,-0.2539117629
10.83,1.399142237,-0.2601203348
10.8325,1.399619372,-0.2658635603
10.835,1.40000101,-0.2716210736
10.8375,1.400653519,-0.2768591737
10.84,1.400904932,-0.2823899198
10.8425,1.401335115,-0.2876969624
10.845,1.401960237,-0.2925059853
10.8475,1.402196059,-0.2976317684
10.85,1.402842545,-0.3019565766
10.8525,1.403379518,-0.3058644352
10.855,1.403639621,-0.3103545605
10.8575,1.404432303,-0.3143310137
10.86,1.404920928,-0.3179747588
10.8625,1.405536136,-0.3213118692
10.865,1.405973031,-0.3249195516
10.8675,1.406566267,-0.3276234989
10.87,1.407018669,-0.3306374181
10.8725,1.407614076,-0.3336693996
10.875,1.408044757,-0.3358403736
10.8775,1.408880716,-0.3380437228
10.88,1.409183266,-0.3396681797
10.8825,1.409674102,-0.3417267874
10.885,1.410114655,-0.3431174599
10.8875,1.410667556,-0.3441535595
10.89,1.411172843,-0.3449768034
10.8925,1.411503368,-0.3462207682
10.895,1.412110488,-0.3462865351
10.8975,1.412500386,-0.3471554953
10.9,1.412882421,-0.3472189967
10.9025,1.413294436,-0.3471961208
10.905,1.413610417,-0.3464400517
10.9075,1.414019182,-0.3457671891
10.91,1.414318275,-0.345205618
10.9125,1.414621724,-0.3443183174
10.915,1.414870476,-0.3428250664
10.9175,1.415593126,-0.3406983963
10.92,1.415427498,-0.3394586313
10.9225,1.415775602,-0.3373282423
10.925,1.415822027,-0.335149719
10.9275,1.416151364,-0.3329897514
10.93,1.416044668,-0.3303989343
10.9325,1.416417008,-0.3274547276
10.935,1.416443703,-0.3241346198
10.9375,1.416483831,-0.3213063835
10.94,1.416560703,-0.3175916795
10.9425,1.416492313,-0.3138152085
10.945,1.416520152,-0.3094978181
10.9475,1.416568629,-0.306011621
10.95,1.416619798,-0.3016940293
10.9525,1.416405104,-0.2967866
10.955,1.416280144,-0.2927354109
10.9575,1.416148336,-0.2876041855
10.96,1.415773172,-0.2824786311
10.9625,1.415700153,-0.2773711981
10.965,1.415522525,-0.2714412793
10.9675,1.415210109,-0.2662586412
10.97,1.414890594,-0.2603337587
10.9725,1.414660019,-0.2544418273
10.975,1.414389447,-0.2482853102
10.9775,1.413974972,-0.2419596897
10.98,1.413734855,-0.2357744405
10.9825,1.413239903,-0.2280409896
10.985,1.412833,-0.2218703397
10.9875,1.412321168,-0.2154286534
10.99,1.411921165,-0.2083976314
10.9925,1.411433319,-0.2012331956
10.995,1.411227163,-0.1939832781
10.9975,1.410494615,-0.1859296418
11,1.410008205,-0.1788121074
11.0025,1.409597231,-0.171027792
11.005,1.409069948,-0.1634580172
11.0075,1.408539337,-0.1551867832
11.01,1.408091563,-0.147541688
11.0125,1.407421143,-0.1393499153
11.015,1.406926101,-0.1310488166
11.0175,1.406404998,-0.1233558095
11.02,1.405766943,-0.1147591063
11.0225,1.405302793,-0.1063745093
11.025,1.404768461,-0.09764958062
11.0275,1.404260688,-0.08892868312
11.03,1.403773605,-0.08041230439
11.0325,1.403265634,-0.07164778585
11.035,1.402748422,-0.06316672045
11.0375,1.402246719,-0.05432832778
11.04,1.40184999,-0.0454766331
11.0425,1.401313564,-0.03578289286
11.045,1.400768615,-0.02767498308
11.0475,1.400313206,-0.01884071084
11.05,1.399851144,-0.009918554594
11.0525,1.399455655,-0.001069384571
11.055,1.39905839,0.007873740968
11.0575,1.398604061,0.01702599667
11.06,1.398316904,0.02571107629
11.0625,1.397905536,0.03469739163
11.065,1.397616536,0.04363764637
11.0675,1.397331818,0.05236019642
11.07,1.397085266,0.06135790039
11.0725,1.396825787,0.07112886446
11.075,1.396644508,0.07900615491
11.0775,1.396413576,0.08763774772
11.08,1.396273384,0.09642040445
11.0825,1.396110787,0.1045123931
11.085,1.39604976,0.1133404091
11.0875,1.395834892,0.1218234733
11.09,1.395784427,0.1302174684
11.0925,1.395846971,0.138066652
11.095,1.395893294,0.1466707656
11.0975,1.395940839,0.1545609354
11.1,1.395811456,0.1628927173
11.1025,1.395910518,0.170642944
11.105,1.396006284,0.1783612829
11.1075,1.396256877,0.1861200919
11.11,1.396286176,0.1936901002
11.1125,1.396450674,0.2009537078
11.115,1.396652486,0.2085097179
11.1175,1.397055061,0.215113757
11.12,1.39717903,0.2221486562
11.1225,1.397525693,0.2294577155
11.125,1.397815462,0.2358318646
11.1275,1.398137309,0.2424390099
11.13,1.398569484,0.2488803233
11.1325,1.398899025,0.2550200317
11.135,1.399260266,0.2612370263
11.1375,1.399716376,0.2670312207
11.14,1.40010617,0.2726218523
11.1425,1.400775548,0.2778237262
11.145,1.401004256,0.2834761412
11.1475,1.401486772,0.2886605384
11.15,1.402033305,0.2934300901
11.1525,1.402323766,0.2983804454
11.155,1.402993884,0.3028076528
11.1575,1.403479432,0.3065933502
11.16,1.403761612,0.3111552684
11.1625,1.404600386,0.3151140967
11.165,1.405042914,0.3186402647
11.1675,1.405673045,0.3219168774
11.17,1.40610057,0.3254617275
11.1725,1.406643875,0.328295737
11.175,1.407214705,0.3311967245
11.1775,1.407731598,0.3341624447
11.18,1.408189436,0.3362698538
11.1825,1.408970303,0.3382723956
11.185,1.409309649,0.3402813511
11.1875,1.409797001,0.3419703537
11.19,1.410285663,0.3433185787
11.1925,1.410807533,0.3443379032
11.195,1.411281012,0.3452059864
11.1975,1.411649831,0.3463017829
11.2,1.412249175,0.3464128727
11.2025,1.412567591,0.3472524823
11.205,1.412995482,0.3472405492
11.2075,1.413380886,0.3470274991
11.21,1.413727681,0.3463064023
11.2125,1.414109402,0.3458351667
11.215,1.414441078,0.3448851463
11.2175,1.414669639,0.3440871854
11.22,1.415023826,0.3425678416
11.2225,1.415568155,0.3407032557
11.225,1.415612445,0.3390851726
11.2275,1.415928389,0.3367374479
11.23,1.415912797,0.3348387569
11.2325,1.41616706,0.3325724508
11.235,1.416123988,0.3299158163
11.2375,1.416515114,0.3269310353
11.24,1.416517649,0.3235961843
11.2425,1.416544525,0.3206544958
11.245,1.416597623,0.3169864784
11.2475,1.416586314,0.3135010065
11.25,1.41645679,0.3086429563
11.2525,1.416763935,0.3053103539
11.255,1.416608806,0.3008580467
11.2575,1.41637441,0.2960168941
11.26,1.416369566,0.2919212284
11.2625,1.416046191,0.2866169595
11.265,1.415834543,0.2815594822
11.2675,1.415681137,0.2763295421
11.27,1.415566569,0.2705054667
11.2725,1.415140623,0.2652137837
11.275,1.414886777,0.2593253423
11.2775,1.414642964,0.2534153973
11.28,1.414292205,0.2464509415
11.2825,1.413980915,0.2404356587
11.285,1.41367488,0.234580582
11.2875,1.413244123,0.2269499628
11.29,1.412753053,0.2211076447
11.2925,1.412270372,0.2141556272
11.295,1.411856709,0.2071111839
11.2975,1.411376548,0.1999190577
11.3,1.411185489,0.1925998134
11.3025,1.410458067,0.1853122582
11.305,1.409958029,0.1772015493
11.3075,1.409495037,0.1697861825
11.31,1.408979473,0.1619846792
11.3125,1.408480129,0.1538369152
11.315,1.408025874,0.1460562252
11.3175,1.407329477,0.1378614443
11.32,1.406853933,0.1297313278
11.3225,1.406268611,0.1218630883
11.325,1.405681413,0.1132167628
11.3275,1.405213955,0.1047459817
11.33,1.404684892,0.09609878252
11.3325,1.404198068,0.08725493641
11.335,1.403696494,0.07876270667
11.3375,1.403177979,0.07003271452
11.34,1.402662545,0.06161731965
11.3425,1.402148308,0.05264878953
11.345,1.401738106,0.04375045362
11.3475,1.401316022,0.03409733027
11.35,1.400660182,0.02610738743
11.3525,1.400259075,0.01727620699
11.355,1.399748032,0.008202217767
11.3575,1.39938959,-0.0005994896525
11.36,1.398983841,-0.009542204296
11.3625,1.39856191,-0.01871903915
11.365,1.39830582,-0.02735504006
11.3675,1.397810435,-0.03641484321
11.37,1.397550955,-0.04541177633
11.3725,1.397289911,-0.0541429196
11.375,1.397023759,-0.06298547448
11.3775,1.396808853,-0.07209063031
11.38,1.396621853,-0.08020863159
11.3825,1.396371168,-0.08929414829
11.385,1.396292186,-0.09815905737
11.3875,1.396096059,-0.1059028296
11.39,1.395997221,-0.11504623
11.3925,1.395831708,-0.1234808836
11.395,1.395774159,-0.1316907131
11.3975,1.395892879,-0.1397759139
11.4,1.395903664,-0.1482368549
11.4025,1.395916474,-0.1562250287
11.405,1.395827,-0.1643473013
11.4075,1.395933786,-0.1720576134
11.41,1.396036562,-0.1798909869
11.4125,1.396351185,-0.1875145206
11.415,1.396278513,-0.1950507691
11.4175,1.396506437,-0.2024132962
11.42,1.396717935,-0.2098276605
11.4225,1.397151908,-0.2163927455
11.425,1.397203441,-0.2235449712
11.4275,1.397591404,-0.2306889212
11.43,1.397929758,-0.2370669716
11.4325,1.398239059,-0.2437511083
11.435,1.398657325,-0.2500800993
11.4375,1.398921265,-0.2563919609
11.44,1.399361647,-0.2623138976
11.4425,1.399806837,-0.2681471057
11.445,1.400228886,-0.2736455433
11.4475,1.400787201,-0.278900734
11.45,1.401093128,-0.2845241485
11.4525,1.401676889,-0.2896412209
11.455,1.402115688,-0.2944770094
11.4575,1.402456897,-0.29919274
11.46,1.403100251,-0.3035263115
11.4625,1.403571803,-0.3073500555
11.465,1.403909482,-0.3119858632
11.4675,1.404741765,-0.3158375064
11.47,1.405147324,-0.319337493
11.4725,1.405823657,-0.3226934368
11.475,1.406215253,-0.326025724
11.4775,1.406776941,-0.3289145252
11.48,1.407285788,-0.3318672851
11.4825,1.407833744,-0.3345708497
11.485,1.40834677,-0.3367875796
11.4875,1.40911806,-0.3385761058
11.49,1.409360874,-0.340710702
11.4925,1.409859584,-0.3424155816
11.495,1.410417994,-0.3435543314
11.4975,1.410886587,-0.3445909517
11.5,1.411352153,-0.3454247952
11.5025,1.411756065,-0.346488764
11.505,1.412329191,-0.3466401787
11.5075,1.412662671,-0.3472799129
11.51,1.413066136,-0.3473194706
11.5125,1.413444101,-0.3469335649
11.515,1.413781448,-0.346155029
11.5175,1.4141678,-0.3458318605
11.52,1.414525759,-0.3447663734
11.5225,1.414660862,-0.3437976383
11.525,1.415302014,-0.3422709996
11.5275,1.415420723,-0.3406635902
11.53,1.415775364,-0.3389846974
11.5325,1.415905672,-0.3365373284
11.535,1.415946877,-0.334644071
11.5375,1.416161865,-0.3321533289
11.54,1.416169356,-0.3294189482
11.5425,1.416505061,-0.3264016933
11.545,1.416544476,-0.3230522808
11.5475,1.416562778,-0.3199883485
11.55,1.416628996,-0.3164216991
11.5525,1.416608039,-0.3127225422
11.555,1.416543624,-0.3083099748
11.5575,1.416677132,-0.304633318
11.56,1.416539154,-0.2999715467
11.5625,1.416371172,-0.295365484
11.565,1.41640694,-0.2909509484
11.5675,1.415892257,-0.2851506431
11.57,1.415846845,-0.2806175435
11.5725,1.415676236,-0.2752227122
11.575,1.415504832,-0.2696401292
11.5775,1.415094682,-0.2641492518
11.58,1.414849228,-0.2583285038
11.5825,1.414603438,-0.2522240035
11.585,1.414311599,-0.2458461354
11.5875,1.413885681,-0.2398350309
11.59,1.413685796,-0.2332207437
11.5925,1.413101641,-0.2257599835
11.595,1.412632338,-0.2198388138
11.5975,1.41222585,-0.2128074685
11.6,1.411788057,-0.205796335
11.6025,1.411335065,-0.1985527007
11.605,1.411149855,-0.1912726329
11.6075,1.410326164,-0.1837592792
11.61,1.409885133,-0.1757478369
11.6125,1.409454205,-0.1683875772
11.615,1.408890568,-0.1604030222
11.6175,1.408425503,-0.1525148473
11.62,1.407842011,-0.1445740697
11.6225,1.407264672,-0.1362752372
11.625,1.406806591,-0.1283285359
11.6275,1.406184478,-0.1203352933
11.63,1.405630401,-0.1116864987
11.6325,1.405142299,-0.1031136942
11.635,1.404622178,-0.09454192012
11.6375,1.404121426,-0.08557834723
11.64,1.403663349,-0.07722050756
11.6425,1.403093914,-0.06854449237
11.645,1.402610563,-0.06004191407
11.6475,1.402110409,-0.05102564096
11.65,1.401653981,-0.04215367063
11.6525,1.401233089,-0.03321549371
11.655,1.400585652,-0.02451551471
11.6575,1.400172174,-0.0155948942
11.66,1.399715541,-0.00645456149
11.6625,1.399334888,0.002239789334
11.665,1.398905854,0.01124611829
11.6675,1.398541167,0.0204030279
11.67,1.398274871,0.0291453
11.6725,1.397770619,0.03800020649
11.675,1.397509219,0.04686363799
11.6775,1.397321071,0.05587282169
11.68,1.396989972,0.06462327079
11.6825,1.396775574,0.0736339193
11.685,1.396612844,0.08188547344
11.6875,1.396347522,0.09086357914
11.69,1.396261144,0.09966640095
11.6925,1.396111475,0.1075528138
11.695,1.395986636,0.1165483336
11.6975,1.395840273,0.1251246509
11.7,1.395805055,0.1331110302
11.7025,1.395921769,0.1413583101
11.705,1.395944229,0.1502876478
11.7075,1.395894514,0.1579239998
11.71,1.395882128,0.1658252486
11.7125,1.395955175,0.1734192675
11.715,1.39609417,0.1813387688
11.7175,1.396371415,0.1890488052
11.72,1.396335971,0.1963467908
11.7225,1.39654924,0.2038244813
11.725,1.396761924,0.211076022
11.7275,1.397235688,0.2175247351
11.73,1.397261266,0.2250917793
11.7325,1.397660196,0.2318833852
11.735,1.398020591,0.2382811731
11.7375,1.398292738,0.2448918601
11.74,1.398763919,0.2512818471
11.7425,1.398981126,0.2579491383
11.745,1.399523434,0.2633804848
11.7475,1.399895651,0.2692426103
11.75,1.400332644,0.2746255491
11.7525,1.400828417,0.279976392
11.755,1.401228653,0.2854595058
11.7575,1.401794614,0.2905387262
11.76,1.402175704,0.2955984267
11.7625,1.40260274,0.2999775112
11.765,1.403207705,0.3042530665
11.7675,1.403601434,0.3082740504
11.77,1.404052564,0.3126528133
11.7725,1.404818899,0.3164537666
11.775,1.405260734,0.3199550663
11.7775,1.405909023,0.3233601089
11.78,1.406392156,0.3264607143
11.7825,1.406894628,0.3294415655
11.785,1.407390205,0.3324517947
11.7875,1.407958386,0.3349252742
11.79,1.408505881,0.3372327511
11.7925,1.409165222,0.3387908391
11.795,1.409562916,0.3410978638
11.7975,1.409900091,0.3426805312
11.8,1.410596879,0.3437507534
11.8025,1.411001923,0.3446853859
11.805,1.411363984,0.3457475615
11.8075,1.41192093,0.3464202859
11.81,1.412398039,0.346779368
11.8125,1.412727183,0.3472745124
11.815,1.413190084,0.3474408124
11.8175,1.413521999,0.3467540378
11.82,1.413862558,0.3459521759
11.8225,1.414256725,0.345709228
11.825,1.414631697,0.3446181358
11.8275,1.414756703,0.3435072112
11.83,1.415404049,0.3417933039
11.8325,1.415410719,0.3402096963
11.835,1.415853548,0.3385788879
11.8375,1.415908686,0.3360863886
11.84,1.416064903,0.3341110972
11.8425,1.416171949,0.3317083982
11.845,1.416236625,0.3288507599
11.8475,1.416530148,0.3258039792
11.85,1.416555916,0.322618314
11.8525,1.416616445,0.3192467699
11.855,1.416650327,0.3157909381
11.8575,1.416616862,0.3119191129
11.86,1.416566918,0.3075811134
11.8625,1.416712895,0.3037666288
11.865,1.416617788,0.2990591102
11.8675,1.41631487,0.2946740707
11.87,1.416359113,0.2899689111
11.8725,1.415910271,0.28423682
11.875,1.415821812,0.2797047376
11.8775,1.415645958,0.2741293412
11.88,1.41546501,0.2687251854
11.8825,1.415049807,0.2630545726
11.885,1.414803841,0.257287575
11.8875,1.414526207,0.2510342468
11.89,1.414236349,0.2447107259
11.8925,1.413922403,0.2386310567
11.895,1.413568548,0.2318639069
11.8975,1.413124446,0.225261438
11.9,1.412530039,0.2184999302
11.9025,1.412130496,0.2115418579
11.905,1.411694114,0.2044685507
11.9075,1.411294234,0.197189267
11.91,1.411004973,0.1898084091
11.9125,1.410239126,0.1822527791
11.915,1.409818849,0.1744134824
11.9175,1.409318886,0.1669205276
11.92,1.408778316,0.1588245855
11.9225,1.408391422,0.1511472226
11.925,1.407685067,0.143053463
11.9275,1.407183982,0.1346828515
11.93,1.406682444,0.1267835439
11.9325,1.406050491,0.1186564659
11.935,1.405533074,0.1101383878
11.9375,1.405028114,0.1014852881
11.94,1.404498536,0.09300726977
11.9425,1.404061268,0.08402158302
11.945,1.403533324,0.07557029447
11.9475,1.402996275,0.06699563699
11.95,1.402472953,0.05827951002
11.9525,1.402008867,0.04935572848
11.955,1.401559462,0.04041789006
11.9575,1.401152748,0.03147436967
11.96,1.40049545,0.02277359071
11.9625,1.400066378,0.01391338483
11.965,1.399619882,0.004881192885
11.9675,1.399249183,-0.003973780169
11.97,1.398784371,-0.01299866013
11.9725,1.39847156,-0.02198304271
11.975,1.398198006,-0.03081225146
11.9775,1.397735996,-0.03961857885
11.98,1.397447136,-0.04846993675
11.9825,1.397239556,-0.05759797697
11.985,1.396937595,-0.06624666453
11.9875,1.396749132,-0.07524182176
11.99,1.396554762,-0.08372563585
11.9925,1.396309498,-0.09251765357
11.995,1.396226374,-0.1011469073
11.9975,1.396101859,-0.1091647964
12,1.395913593,-0.1181930854
12.0025,1.395830253,-0.1268048273
12.005,1.395824177,-0.1346166128
12.0075,1.395973149,-0.1430010299
12.01,1.395923702,-0.1510523829
12.0125,1.395829028,-0.1601936073
12.015,1.395879049,-0.167194352
12.0175,1.395954178,-0.1748454647
12.02,1.396171051,-0.1827821157
12.0225,1.39638325,-0.1906084268
12.025,1.396357363,-0.1976702454
12.0275,1.396590944,-0.2052808127
12.03,1.396849464,-0.212337002
12.0325,1.397213592,-0.2188677675
12.035,1.397370574,-0.2265157145
12.0375,1.397665768,-0.2331134941
12.04,1.398092259,-0.2395528033
12.0425,1.39835637,-0.246198849
12.045,1.398817376,-0.2523933342
12.0475,1.399065379,-0.25873519
12.05,1.399617658,-0.2645582303
12.0525,1.399937832,-0.2702959998
12.055,1.400474497,-0.2756171994
12.0575,1.400932592,-0.2809860226
12.06,1.40127402,-0.2865046444
12.0625,1.401973927,-0.2913820691
12.065,1.402204873,-0.2967434915
12.0675,1.402673606,-0.3007897854
12.07,1.403340666,-0.305049818
12.0725,1.403640485,-0.3092981723
12.075,1.404225895,-0.3133376226
12.0775,1.404901909,-0.3171616235
12.08,1.405387666,-0.3205992141
12.0825,1.40599894,-0.3240419331
12.085,1.406457314,-0.3269445951
12.0875,1.406948241,-0.3299642734
12.09,1.407505492,-0.3330627382
12.0925,1.40805752,-0.33538682
12.095,1.408637667,-0.3376598945
12.0975,1.409173617,-0.3392101619
12.1,1.409660512,-0.3413626461
12.1025,1.409972653,-0.3430325898
12.105,1.410624859,-0.3439558979
12.1075,1.411098006,-0.3448421851
12.11,1.411434937,-0.3461535678
12.1125,1.412025405,-0.3463293839
12.115,1.412525445,-0.3470170676
12.1175,1.412753141,-0.3473262241
12.12,1.413307307,-0.3474597161
12.1225,1.413563464,-0.3467035656
12.125,1.413962531,-0.345926597
12.1275,1.414295986,-0.345576571
12.13,1.414683773,-0.3445331699
12.1325,1.414814341,-0.343286085
12.135,1.415637113,-0.3412608369
12.1375,1.415306195,-0.3400624631
12.14,1.415787822,-0.3382336698
12.1425,1.415940857,-0.3358951392
12.145,1.4160985,-0.3336310417
12.1475,1.416155328,-0.3312442757
12.15,1.416339262,-0.3282930715
12.1525,1.416502347,-0.325173627
12.155,1.416541306,-0.3221194946
12.1575,1.416615841,-0.3185913247
12.16,1.416676061,-0.3151642865
12.1625,1.416598086,-0.3110947812
12.165,1.416605508,-0.3068708466
12.1675,1.416596549,-0.3030048025
12.17,1.416584776,-0.2981332121
12.1725,1.416301479,-0.2938927316
12.175,1.416310098,-0.2889654193
12.1775,1.415801283,-0.2833590393
12.18,1.415805137,-0.2788215896
12.1825,1.415602177,-0.2730174781
12.185,1.415378135,-0.2676773874
12.1875,1.41499326,-0.2619529834
12.19,1.41477218,-0.2561640402
12.1925,1.414462361,-0.2498872409
12.195,1.414215912,-0.2434624524
12.1975,1.413868267,-0.237522464
12.2,1.413467923,-0.2305612177
12.2025,1.413058546,-0.2240872137
12.205,1.412470623,-0.2172026425
12.2075,1.412075623,-0.2102555973
12.21,1.41161294,-0.2031257216
12.2125,1.411308607,-0.1958584844
12.215,1.410897689,-0.1884679505
12.2175,1.41012719,-0.180782733
12.22,1.409775603,-0.172926253
12.2225,1.409233865,-0.1655279937
12.225,1.408705529,-0.157211412
12.2275,1.408315493,-0.149649602
12.23,1.407580336,-0.1415185861
12.2325,1.407094881,-0.1331038498
12.235,1.406617231,-0.1253021752
12.2375,1.405927273,-0.116954224
12.24,1.405474878,-0.1085508845
12.2425,1.404938124,-0.0998741064
12.245,1.40442271,-0.09131472736
12.2475,1.403987237,-0.08249040073
12.25,1.403429357,-0.07399156668
12.2525,1.402911533,-0.06534469851
12.255,1.402403099,-0.05661358075
12.2575,1.401986254,-0.04774284607
12.26,1.401424029,-0.0379894791
12.2625,1.401009328,-0.02993378087
12.265,1.400436197,-0.02103056752
12.2675,1.39999904,-0.01224979349
12.27,1.399588252,-0.003311468426
12.2725,1.399207048,0.005609793104
12.275,1.398717839,0.01469054492
12.2775,1.398425329,0.02350809167
12.28,1.39808928,0.03250148484
12.2825,1.397738903,0.04121597791
12.285,1.397418445,0.05004275244
12.2875,1.397201314,0.05921127206
12.29,1.396919194,0.06799400324
12.2925,1.396715768,0.07660709919
12.295,1.396537094,0.08548969888
12.2975,1.39630411,0.0940918821
12.3,1.396199573,0.1025430473
12.3025,1.39610898,0.1108741325
12.305,1.395922856,0.1197125934
12.3075,1.395822464,0.1282679713
12.31,1.395858107,0.1360498159
12.3125,1.395966527,0.1445615557
12.315,1.395975457,0.1526251416
12.3175,1.395810662,0.1609630458
12.32,1.395899645,0.1687232368
12.3225,1.396002306,0.176389131
12.325,1.396233158,0.1841113504
12.3275,1.39637127,0.1919803875
12.33,1.396420699,0.199067295
12.3325,1.396650306,0.20668961
12.335,1.396938679,0.2136989104
12.3375,1.39722907,0.2202706696
12.34,1.397457829,0.2277980404
12.3425,1.397740579,0.2342981509
12.345,1.39813491,0.2407417785
12.3475,1.398453635,0.2474361931
12.35,1.398885745,0.2536010601
12.3525,1.399181145,0.2597823917
12.355,1.399659437,0.2655831115
12.3575,1.400050409,0.2713348432
12.36,1.400617453,0.2765809391
12.3625,1.400983142,0.2820244371
12.365,1.401381835,0.2874671116
12.3675,1.402020288,0.2922482339
12.37,1.402265011,0.2974954849
12.3725,1.402860038,0.3017385752
12.375,1.403411319,0.3056862136
12.3775,1.403694704,0.3101536894
12.38,1.404418964,0.3141101195
12.3825,1.404969729,0.3178162013
12.385,1.405530419,0.3212092496
12.3875,1.406046778,0.3247039499
12.39,1.406583918,0.3274874394
12.3925,1.407083803,0.3305518879
12.395,1.407640685,0.3335712289
12.3975,1.40810811,0.3357825454
12.4,1.408849438,0.3379977848
12.4025,1.409217125,0.3395883318
12.405,1.409721171,0.3416585154
12.4075,1.410137697,0.3431489407
12.41,1.410731134,0.3441718554
12.4125,1.41121138,0.3450235042
12.415,1.411563744,0.3462202588
12.4175,1.412168561,0.3463579026
12.42,1.412537562,0.3472025047
12.4225,1.41292604,0.3473009661
12.425,1.413348077,0.3473431947
12.4275,1.4136724,0.3465862528
12.43,1.414074951,0.3458433658
12.4325,1.414379868,0.3453783257
12.435,1.414708829,0.3444681856
12.4375,1.414886428,0.3429964991
12.44,1.415705622,0.3408800279
12.4425,1.415502705,0.339632045
12.445,1.41585275,0.3376074526
12.4475,1.415942915,0.3353286534
12.45,1.416202866,0.3332522088
12.4525,1.416149165,0.3306774826
12.455,1.416441918,0.3277313084
12.4575,1.416519187,0.3244255223
12.46,1.416576714,0.3216018018
12.4625,1.416623323,0.3178730984
12.465,1.416674984,0.3145192439
12.4675,1.416536489,0.309872429
12.47,1.41670332,0.3062933318
12.4725,1.416671544,0.3021082764
12.475,1.416577506,0.2971748865
12.4775,1.416307411,0.2931285177
12.48,1.416225493,0.2879955897
12.4825,1.415871182,0.2829093925
12.485,1.415760765,0.2778000528
12.4875,1.4156238,0.2718514594
12.49,1.415318755,0.2667027705
12.4925,1.414967877,0.2607938472
12.495,1.41472302,0.2549412438
12.4975,1.41443848,0.2488109465
12.5,1.414099202,0.2424447332
12.5025,1.413844754,0.2362877093
12.505,1.413334814,0.2286344052
12.5075,1.412983652,0.2228802182
12.51,1.412393427,0.2159110403
12.5125,1.411996708,0.2089423682
12.515,1.411491708,0.2017771567
12.5175,1.411296912,0.1945251668
12.52,1.410664333,0.187160832
12.5225,1.410072922,0.1786232791
12.525,1.409672603,0.171596821
12.5275,1.409121032,0.1640563314
12.53,1.408606686,0.1557697601
12.5325,1.408242669,0.1481106202
12.535,1.407472637,0.1399339343
12.5375,1.407019538,0.1315686683
12.54,1.40645599,0.1238983087
12.5425,1.405834967,0.1153604143
12.545,1.405364269,0.1069795668
12.5475,1.40484102,0.09823749298
12.55,1.404312354,0.08957687485
12.5525,1.40385105,0.0809488092
12.555,1.403331451,0.07224418556
12.5575,1.402805763,0.06372183453
12.56,1.40230158,0.05491936781
12.5625,1.401885714,0.04606926074
12.565,1.401458578,0.03633802299
12.5675,1.400812853,0.02765572602
12.57,1.400402263,0.01942675513
12.5725,1.399884587,0.01052579261
12.575,1.399515884,0.001641442821
12.5775,1.399123342,-0.007263236184
12.58,1.398644495,-0.01646534684
12.5825,1.398373868,-0.02516723158
12.585,1.397962378,-0.03414545897
12.5875,1.397704656,-0.04301763106
12.59,1.39736944,-0.05179146893
12.5925,1.397105985,-0.06082278968
12.595,1.396879419,-0.0697935131
12.5975,1.396714458,-0.07862517613
12.6,1.396465324,-0.08717046454
12.6025,1.39630727,-0.09584998845
12.605,1.396147696,-0.1040571986
12.6075,1.396086381,-0.1127884715
12.61,1.395875335,-0.1212984895
12.6125,1.395823968,-0.1297601678
12.615,1.395874942,-0.1376091204
12.6175,1.395931404,-0.1461536156
12.62,1.395968438,-0.1540933027
12.6225,1.395819869,-0.1624367889
12.625,1.3959544,-0.1701736906
12.6275,1.395993229,-0.177897865
12.63,1.396302164,-0.1856739562
12.6325,1.396316826,-0.1933084975
12.635,1.396480304,-0.200503415
12.6375,1.396688013,-0.2080961888
12.64,1.397054664,-0.2148395421
12.6425,1.397195047,-0.2216661839
12.645,1.397538305,-0.2291244053
12.6475,1.397820339,-0.2354862404
12.65,1.398160935,-0.2420623596
12.6525,1.398583977,-0.2485599492
12.655,1.398921739,-0.2547256472
12.6575,1.399263215,-0.2609244878
12.66,1.399729565,-0.2667015344
12.6625,1.400117737,-0.2723452446
12.665,1.400802627,-0.2775407448
12.6675,1.401008472,-0.2832547591
12.67,1.40148577,-0.2883769163
12.6725,1.402055166,-0.2931998254
12.675,1.402327363,-0.2982052674
12.6775,1.40299235,-0.3025963526
12.68,1.40350425,-0.3064435075
12.6825,1.403746266,-0.3109621924
12.685,1.404603733,-0.3149332584
12.6875,1.405056354,-0.3185094177
12.69,1.405703449,-0.3217626716
12.6925,1.406073023,-0.3254214669
12.695,1.406671304,-0.3281792726
12.6975,1.407181597,-0.3310950001
12.7,1.407750365,-0.3340913214
12.7025,1.40818559,-0.3362282204
12.705,1.408995255,-0.3383115116
12.7075,1.409319678,-0.3402013006
12.71,1.409807035,-0.341977012
12.7125,1.410273937,-0.3433569496
12.715,1.410802722,-0.3443755355
12.7175,1.411300169,-0.3452249633
12.72,1.411645083,-0.3464236345
12.7225,1.412253379,-0.3464056946
12.725,1.412596313,-0.3473513744
12.7275,1.413011728,-0.3473459346
12.73,1.413391794,-0.3471963391
12.7325,1.413733958,-0.3464615926
12.735,1.414120161,-0.3459373138
12.7375,1.414445479,-0.3451324094
12.74,1.41470963,-0.3443045746
12.7425,1.415019473,-0.3427785573
12.745,1.415605468,-0.34062155
12.7475,1.415582519,-0.3394015754
12.75,1.41591211,-0.3370166187
12.7525,1.415888079,-0.3350709978
12.755,1.416219898,-0.3327990035
12.7575,1.41612134,-0.3301848147
12.76,1.416544938,-0.3272112757
12.7625,1.416529624,-0.3238804797
12.765,1.41655969,-0.3209635167
12.7675,1.416638963,-0.3172743641
12.77,1.416546736,-0.3134825328
12.7725,1.416595122,-0.3090433238
12.775,1.416658527,-0.3056937107
12.7775,1.416671123,-0.3012267457
12.78,1.416402855,-0.2963490441
12.7825,1.41639014,-0.2923058448
12.785,1.416127513,-0.2870483905
12.7875,1.415859388,-0.2819511988
12.79,1.415745703,-0.2767849972
12.7925,1.41558303,-0.2709058439
12.795,1.415209164,-0.2656438594
12.7975,1.414939263,-0.2597284448
12.8,1.414703073,-0.2538376855
12.8025,1.41442371,-0.2474858477
12.805,1.413962772,-0.2413109879
12.8075,1.413752933,-0.235037807
12.81,1.413276594,-0.2272900378
12.8125,1.41278621,-0.2211261984
12.815,1.412354886,-0.2146728769
12.8175,1.411933896,-0.2076102685
12.82,1.411458796,-0.2004276083
12.8225,1.411251281,-0.1931518892
12.825,1.410464236,-0.1851258859
12.8275,1.410022195,-0.1778599658
12.83,1.409588141,-0.1702685954
12.8325,1.409076469,-0.1625437537
12.835,1.40856112,-0.1543454506
12.8375,1.40806465,-0.1466149383
12.84,1.407421471,-0.1384067917
12.8425,1.406926028,-0.1302494301
12.845,1.406372887,-0.1224316385
12.8475,1.4057685,-0.1137681119
12.85,1.405299088,-0.1053556224
12.8525,1.404765505,-0.09664905189
12.855,1.404271689,-0.08784033218
12.8575,1.403771087,-0.07939859378
12.86,1.403257257,-0.07059328029
12.8625,1.402753464,-0.06219573011
12.865,1.40224169,-0.05324790766
12.8675,1.401841581,-0.0443720978
12.87,1.401309652,-0.03473130787
12.8725,1.400743118,-0.02664263234
12.875,1.400312583,-0.017865287
12.8775,1.399854063,-0.008787598632
12.88,1.399453968,8.790673549e-06
12.8825,1.399057874,0.008976059573
12.885,1.398621501,0.01811784014
12.8875,1.398344388,0.02677390242
12.89,1.397898254,0.03580431815
12.8925,1.397609174,0.04481319368
12.895,1.397346758,0.05351059239
12.8975,1.397103687,0.0624199383
12.9,1.396863527,0.07153086794
12.9025,1.396670056,0.08028082243
12.905,1.39642832,0.08866887683
12.9075,1.396318677,0.09756869737
12.91,1.396142089,0.1054398498
12.9125,1.396069907,0.1144629816
12.915,1.395870429,0.1229180366
12.9175,1.395820144,0.131209576
12.92,1.395914217,0.1391850869
12.9225,1.395947148,0.1477322916
12.925,1.395973,0.1556204339
12.9275,1.395872688,0.1638726038
12.93,1.395966522,0.1716039811
12.9325,1.396074951,0.1793907648
12.935,1.396345957,0.1870511115
12.9375,1.396326062,0.1946159099
12.94,1.396523425,0.2019427253
12.9425,1.396728495,0.2093938037
12.945,1.397160673,0.215958687
12.9475,1.397261879,0.2230907114
12.95,1.397600559,0.2302960958
12.9525,1.397918161,0.2366836411
12.955,1.398248896,0.2433473852
12.9575,1.39865775,0.2496949148
12.96,1.398947086,0.255929282
12.9625,1.399364155,0.2619968393
12.965,1.399817949,0.2678240015
12.9675,1.400216421,0.2733472398
12.97,1.400827584,0.2786050993
12.9725,1.401111318,0.2841986746
12.975,1.401627245,0.2893522202
12.9775,1.402136469,0.2941145847
12.98,1.402453416,0.2989777752
12.9825,1.403097553,0.303324734
12.985,1.403568854,0.3071103391
12.9875,1.403913608,0.311773134
12.99,1.404728499,0.3156481254
12.9925,1.405146531,0.3191499583
12.995,1.40579188,0.3224711508
12.9975,1.406236846,0.3258583322
13,1.406767608,0.3287640716
13.0025,1.40731252,0.3316791021
13.005,1.407840908,0.3345146107
13.0075,1.40831029,0.3366369891
13.01,1.409119885,0.3385122008
13.0125,1.409401105,0.3406425485
13.015,1.409866928,0.342293148
13.0175,1.410421351,0.3435137471
13.02,1.410914708,0.3445716685
13.0225,1.411367769,0.3453658566
13.025,1.411764795,0.3464608972
13.0275,1.412337561,0.3466146509
13.03,1.412666817,0.3473151935
13.0325,1.413085019,0.347325919
13.035,1.413471207,0.3470038555
13.0375,1.413809323,0.3462645154
13.04,1.414200134,0.345879075
13.0425,1.414538387,0.3448529767
13.045,1.414691475,0.3439201496
13.0475,1.415255585,0.342429742
13.05,1.415532266,0.3406939759
13.0525,1.415771153,0.3388783467
13.055,1.415959249,0.3365079933
13.0575,1.415986303,0.3346166197
13.06,1.416206972,0.3323525748
13.0625,1.416197521,0.3296331753
13.065,1.41654484,0.3266319657
13.0675,1.416583158,0.3232821689
13.07,1.416603324,0.3202644337
13.0725,1.416650673,0.3167238389
13.075,1.416653713,0.3130378763
13.0775,1.416531456,0.3086003586
13.08,1.416810443,0.3048832478
13.0825,1.41658017,0.3003155681
13.085,1.416435746,0.2955756824
13.0875,1.416437728,0.2913421935
13.09,1.415989146,0.2855050584
13.0925,1.415880136,0.28099698
13.095,1.415714787,0.2756293537
13.0975,1.415571318,0.2694122746
13.1,1.415138432,0.2645992504
13.1025,1.414892886,0.2587223443
13.105,1.414647335,0.2527175373
13.1075,1.414289998,0.2457036599
13.11,1.413999472,0.2402525443
13.1125,1.413718432,0.2337164295
13.115,1.413198269,0.2262461898
13.1175,1.41269817,0.220286677
13.12,1.412265588,0.2133143022
13.1225,1.411830516,0.2062725362
13.125,1.41136738,0.199050979
13.1275,1.411174515,0.1917404661
13.13,1.4104079,0.1842994905
13.1325,1.409930211,0.1762401301
13.135,1.409480637,0.1689269321
13.1375,1.408931258,0.1609498286
13.14,1.40847662,0.152960977
13.1425,1.407935361,0.1450856769
13.145,1.40731106,0.1368201103
13.1475,1.40684091,0.1288211799
13.15,1.40622514,0.1208892698
13.1525,1.405658767,0.1122348954
13.155,1.405185303,0.1036634367
13.1575,1.40465462,0.09508078305
13.16,1.404174545,0.08616376307
13.1625,1.403691354,0.0777151877
13.165,1.403135501,0.06906060412
13.1675,1.40263667,0.06056414846
13.17,1.402123516,0.05156463199
13.1725,1.401704951,0.04267516632
13.175,1.401274042,0.03376333226
13.1775,1.400626794,0.02502315744
13.18,1.400228079,0.01614589377
13.1825,1.399731678,0.007073658149
13.185,1.399367873,-0.001707702896
13.1875,1.398953584,-0.01067371674
13.19,1.39856836,-0.01988381478
13.1925,1.398307785,-0.02856277952
13.195,1.397785319,-0.03750153799
13.1975,1.397538876,-0.0463761779
13.2,1.397312035,-0.05532297742
13.2025,1.397011479,-0.06409417174
13.205,1.396809417,-0.07314647389
13.2075,1.396628781,-0.08133814864
13.21,1.396371422,-0.09038779696
13.2125,1.396302247,-0.09922445355
13.215,1.396125989,-0.1069865787
13.2175,1.395981824,-0.1160764318
13.22,1.395863867,-0.1246061448
13.2225,1.39580918,-0.1326734497
13.225,1.395935372,-0.1408829924
13.2275,1.39592781,-0.149235823
13.23,1.395928694,-0.15742119
13.2325,1.395865653,-0.1653730942
13.235,1.395953488,-0.1730073652
13.2375,1.396096974,-0.1808984971
13.24,1.396384456,-0.1885782056
13.2425,1.396334203,-0.1959373133
13.245,1.396557197,-0.2033984935
13.2475,1.396761909,-0.2107170155
13.25,1.397241165,-0.2172129939
13.2525,1.397238116,-0.2246097553
13.255,1.397668085,-0.2315231571
13.2575,1.398013389,-0.2379285754
13.26,1.398311448,-0.2445289561
13.2625,1.398731879,-0.2509203591
13.265,1.398995982,-0.2575943828
13.2675,1.399500334,-0.2630482156
13.27,1.399869428,-0.2689175791
13.2725,1.400328923,-0.2743408173
13.275,1.400836206,-0.2796476145
13.2775,1.401185557,-0.2851999587
13.28,1.401794093,-0.2902787755
13.2825,1.402166607,-0.2952908095
13.285,1.402568759,-0.2997396995
13.2875,1.403191125,-0.3040615509
13.29,1.403626135,-0.3080078246
13.2925,1.404023275,-0.3124802399
13.295,1.404801481,-0.3163009794
13.2975,1.405249095,-0.3197976209
13.3,1.405914335,-0.3232088068
13.3025,1.406336121,-0.3263574178
13.305,1.406867288,-0.3293090874
13.3075,1.407373876,-0.3323164855
13.31,1.407933876,-0.3348495028
13.3125,1.408483692,-0.3371597755
13.315,1.409185171,-0.3387230172
13.3175,1.409506473,-0.3410372013
13.32,1.409915166,-0.3426822373
13.3225,1.410552985,-0.3437397366
13.325,1.410966147,-0.3447212326
13.3275,1.411380006,-0.3457196776
13.33,1.411869661,-0.3464956088
13.3325,1.412404113,-0.3467875437
13.335,1.412711006,-0.3473238797
13.3375,1.413164582,-0.3474247978
13.34,1.413502425,-0.3468784885
13.3425,1.413857144,-0.3460303705
13.345,1.414229206,-0.3458266528
13.3475,1.414608582,-0.3447212618
13.35,1.414731284,-0.3436636402
13.3525,1.41542461,-0.3420201094
13.355,1.415364789,-0.3403831996
13.3575,1.41584288,-0.3387776258
13.36,1.415916926,-0.3362596468
13.3625,1.416020391,-0.3343627995
13.365,1.416187302,-0.3318912414
13.3675,1.416220972,-0.3290853656
13.37,1.416537539,-0.3260497084
13.3725,1.416561384,-0.3228050499
13.375,1.416617068,-0.3195125002
13.3775,1.416659762,-0.3160208319
13.38,1.416622074,-0.3122402004
13.3825,1.416607532,-0.307854045
13.385,1.416655521,-0.3041203254
13.3875,1.416613679,-0.2994007612
13.39,1.416349088,-0.2949530904
13.3925,1.416395127,-0.2903230136
13.395,1.415878992,-0.2845705393
13.3975,1.415856503,-0.2800282806
13.4,1.415676091,-0.2745048725
13.4025,1.415491888,-0.2690589846
13.405,1.41509688,-0.2634370791
13.4075,1.414839277,-0.2576767217
13.41,1.414578415,-0.2514407258
13.4125,1.414297418,-0.2451004681
13.415,1.413887816,-0.2390897393
13.4175,1.413651988,-0.2323181077
13.42,1.413086883,-0.2250007309
13.4225,1.412577174,-0.2189990506
13.425,1.412192054,-0.2119901319
13.4275,1.411751369,-0.2049289774
13.43,1.411330544,-0.1976521232
13.4325,1.41108422,-0.1903071341
13.435,1.410278055,-0.18281244
13.4375,1.409867229,-0.1748361442
13.44,1.409396792,-0.167404714
13.4425,1.408851012,-0.1593776866
13.445,1.408387254,-0.1516238668
13.4475,1.407766366,-0.143582984
13.45,1.407221597,-0.1352472173
13.4525,1.406759324,-0.1273237551
13.455,1.40612385,-0.1192460225
13.4575,1.405602042,-0.1106669404
13.46,1.405089403,-0.1020446232
13.4625,1.404579137,-0.09350855567
13.465,1.404084065,-0.08451703174
13.4675,1.403613486,-0.07614793324
13.47,1.403060761,-0.06754043898
13.4725,1.402553322,-0.05891842858
13.475,1.402087035,-0.04993331061
13.4775,1.401584962,-0.04100682855
13.48,1.401205554,-0.0320756861
13.4825,1.400535366,-0.02338939915
13.485,1.400129287,-0.01448683257
13.4875,1.399683884,-0.005383701829
13.49,1.399298496,0.003373344766
13.4925,1.398851437,0.01240438142
13.495,1.398518569,0.02148100324
13.4975,1.398241798,0.03025295091
13.5,1.397771724,0.03906523459
13.5025,1.397482396,0.04792607203
13.505,1.397306105,0.05702037127
13.5075,1.396981151,0.06573875374
13.51,1.396766285,0.07468196177
13.5125,1.396609276,0.08308355278
13.515,1.396336451,0.09195368451
13.5175,1.396252726,0.1006631887
13.52,1.3961224,0.1086244493
13.5225,1.395974299,0.1176254687
13.525,1.395840964,0.1262640903
13.5275,1.39584288,0.1341054689
13.53,1.395971291,0.1424350668
13.5325,1.395969838,0.1512143923
13.535,1.395861916,0.1595509145
13.5375,1.39590163,0.1667464027
13.54,1.395994425,0.174349111
13.5425,1.396141433,0.1823106637
13.545,1.396423211,0.1900988098
13.5475,1.396355541,0.1972551081
13.55,1.396586009,0.2048001317
13.5525,1.396825627,0.2118997497
13.555,1.397247696,0.2184208538
13.5575,1.397364665,0.2260738408
13.56,1.397681646,0.2327283602
13.5625,1.398077157,0.2391344632
13.565,1.398339217,0.2457570028
13.5675,1.398826877,0.2520166578
13.57,1.399040465,0.2587745532
13.5725,1.399613292,0.2641554346
13.575,1.399950426,0.2699777406
13.5775,1.400429746,0.2753050376
13.58,1.400909241,0.2806720761
13.5825,1.401303526,0.2861638576
13.585,1.401915455,0.2911273423
13.5875,1.402213578,0.296372816
13.59,1.402671074,0.3005580576
13.5925,1.403314808,0.3047895145
13.595,1.40363417,0.3089893827
13.5975,1.404180505,0.3131100305
13.6,1.404902647,0.3169233247
13.6025,1.405344225,0.3204020133
13.605,1.405979471,0.3238432413
13.6075,1.406471632,0.3267401002
13.61,1.406970096,0.3298231834
13.6125,1.407472648,0.332865096
13.615,1.408049048,0.3352445951
13.6175,1.408602841,0.3375285956
13.62,1.409166772,0.3390751595
13.6225,1.409645704,0.3412537578
13.625,1.4099471,0.3429205357
13.6275,1.410682584,0.3439059377
13.63,1.411085281,0.3448015446
13.6325,1.411403808,0.3460398222
13.635,1.412038729,0.3463620714
13.6375,1.412478734,0.3469297491
13.64,1.412786228,0.3473204365
13.6425,1.413280318,0.3475233429
13.645,1.413581942,0.3467094812
13.6475,1.41393102,0.3459375354
13.65,1.414319878,0.3456247316
13.6525,1.414697447,0.3445602127
13.655,1.414796183,0.3433601917
13.6575,1.41557662,0.3413285028
13.66,1.415421211,0.3401405865
13.6625,1.415825607,0.3383468008
13.665,1.415959748,0.3359489643
13.6675,1.416113081,0.3338003983
13.67,1.416188008,0.3314190554
13.6725,1.416332243,0.3284827541
13.675,1.416531322,0.3253979642
13.6775,1.416571899,0.3222951999
13.68,1.4166339,0.3188313521
13.6825,1.416695573,0.315400159
13.685,1.416580936,0.3110245703
13.6875,1.416609549,0.3071300607
13.69,1.416701374,0.3032661461
13.6925,1.41660588,0.2984410575
13.695,1.416323168,0.2941701787
13.6975,1.416340167,0.2893066854
13.7,1.415904566,0.2836545569
13.7025,1.415815689,0.2791158434
13.705,1.415627656,0.2734278747
13.7075,1.415429174,0.2680323523
13.71,1.415020678,0.2623400832
13.7125,1.414793676,0.2565521868
13.715,1.414472625,0.2502858584
13.7175,1.41423508,0.2438747004
13.72,1.413939951,0.2372979707
13.7225,1.413499595,0.2310543696
13.725,1.41310212,0.2244943991
13.7275,1.412492997,0.2176364359
13.73,1.412093186,0.2107075728
13.7325,1.411638773,0.2035853273
13.735,1.411305651,0.1963190354
13.7375,1.41093635,0.1889410991
13.74,1.410144202,0.1805800519
13.7425,1.409799123,0.1734857082
13.745,1.409249038,0.1660272935
13.7475,1.408722937,0.157739548
13.75,1.408423152,0.1501771928
13.7525,1.40757814,0.1420406525
13.755,1.40714781,0.1335666902
13.7575,1.406615694,0.1257723728
13.76,1.405968186,0.1175623254
13.7625,1.405486452,0.1090646246
13.765,1.404968528,0.1004155664
13.7675,1.404438078,0.0919253009
13.77,1.404037173,0.08299796087
13.7725,1.403445075,0.07451906222
13.775,1.402935846,0.06588585129
13.7775,1.402417128,0.05714721403
13.78,1.401965475,0.04827428133
13.7825,1.401545449,0.03851431747
13.785,1.401039913,0.0304656595
13.7875,1.400470985,0.02152909069
13.79,1.400000706,0.01279922651
13.7925,1.399596473,0.003836535667
13.795,1.399219428,-0.005087464216
13.7975,1.398734139,-0.01414477351
13.8,1.398438597,-0.02301595565
13.8025,1.398124284,-0.03195358371
13.805,1.397739545,-0.04070645352
13.8075,1.397430799,-0.04955309659
13.81,1.397191382,-0.05869529642
13.8125,1.396919566,-0.06736629285
13.815,1.396747723,-0.07623325325
13.8175,1.396536958,-0.08494421326
13.82,1.396310133,-0.09358420735
13.8225,1.396207591,-0.1020820954
13.825,1.396116914,-0.1102897321
13.8275,1.395903963,-0.1192452247
13.83,1.395836697,-0.1278146297
13.8325,1.395850322,-0.1355828937
13.835,1.395981746,-0.1440801926
13.8375,1.395931886,-0.1521144541
13.84,1.395813742,-0.1605379677
13.8425,1.395899688,-0.1682423399
13.845,1.395962313,-0.1759169664
13.8475,1.396248095,-0.1836531155
13.85,1.396359974,-0.1915654176
13.8525,1.396408189,-0.1986175142
13.855,1.396633593,-0.2062431803
13.8575,1.396921541,-0.2132765336
13.86,1.397213543,-0.2197969462
13.8625,1.39742379,-0.227400329
13.865,1.397716853,-0.2339354312
13.8675,1.398133906,-0.2403865118
13.87,1.398424786,-0.2470494799
13.8725,1.398867574,-0.2532093466
13.875,1.399140758,-0.2594604687
13.8775,1.399639393,-0.2652672958
13.88,1.400015651,-0.2710095343
13.8825,1.400582265,-0.2762832875
13.885,1.400992183,-0.2816540124
13.8875,1.401324065,-0.2871877623
13.89,1.402049554,-0.2919938102
13.8925,1.402247118,-0.2973020128
13.895,1.402790775,-0.3014213438
13.8975,1.403401719,-0.3055228448
13.9,1.403673408,-0.309906575
13.9025,1.404379246,-0.3138673042
13.905,1.404926728,-0.3176403818
13.9075,1.405507385,-0.3210282704
13.91,1.406048675,-0.3244739209
13.9125,1.40653843,-0.3274132056
13.915,1.407022764,-0.3303602626
13.9175,1.407600817,-0.3334173873
13.92,1.408095672,-0.3356954879
13.9225,1.408759075,-0.3379225229
13.925,1.409225924,-0.3394967336
13.9275,1.40969968,-0.3415533776
13.93,1.410071002,-0.3431619198
13.9325,1.410676855,-0.3441433841
13.935,1.411185036,-0.3449832076
13.9375,1.411533368,-0.3462768181
13.94,1.412107719,-0.3463923123
13.9425,1.412564142,-0.3471724581
13.945,1.412838824,-0.3473416409
13.9475,1.413356045,-0.3474304114
13.95,1.413632617,-0.3466633846
13.9525,1.414050186,-0.3459004634
13.955,1.414344307,-0.345479708
13.9575,1.41469923,-0.3445179379
13.96,1.4148912,-0.3431524995
13.9625,1.415693419,-0.3410349115
13.965,1.415385284,-0.3398073883
13.9675,1.415779512,-0.3378114148
13.97,1.415917304,-0.3354736028
13.9725,1.416182573,-0.3334309325
13.975,1.416146607,-0.3308851437
13.9775,1.416405239,-0.3279386927
13.98,1.416505792,-0.3247151816
13.9825,1.416552433,-0.3218105323
13.985,1.416629116,-0.3181097882
13.9875,1.416673613,-0.3147528228
13.99,1.416557984,-0.3101476597
13.9925,1.416640407,-0.3065310413
13.995,1.416623394,-0.3024397095
13.9975,1.416581652,-0.297520792
14,1.416306813,-0.2933687194
14.0025,1.416268915,-0.2883442602
14.005,1.415861866,-0.2832357888
14.0075,1.415791133,-0.2781602795
14.01,1.415617877,-0.2722178
14.0125,1.415327135,-0.2670212457
14.015,1.414985829,-0.2611853619
14.0175,1.414748771,-0.2553576995
14.02,1.414469055,-0.2491766942
14.0225,1.414132701,-0.2427895515
14.025,1.413857649,-0.2367124961
14.0275,1.413406566,-0.2297059745
14.03,1.41300475,-0.2232702316
14.0325,1.41243668,-0.2163411662
14.035,1.412049251,-0.2093778098
14.0375,1.411546987,-0.2022283232
14.04,1.411326864,-0.1949623289
14.0425,1.410761305,-0.1875679316
14.045,1.410104343,-0.1798505162
14.0475,1.409722197,-0.1719919501
14.05,1.409179509,-0.1645400995
14.0525,1.408655203,-0.1562356554
14.055,1.408251669,-0.1486168497
14.0575,1.407538195,-0.140451128
14.06,1.407036249,-0.1321073714
14.0625,1.406546639,-0.1243699621
14.065,1.405878652,-0.1158914027
14.0675,1.405418073,-0.1075062414
14.07,1.404882704,-0.09877302076
14.0725,1.404361474,-0.09014931871
14.075,1.403900922,-0.08147802033
14.0775,1.403382749,-0.07278755133
14.08,1.402856294,-0.06425295663
14.0825,1.402357518,-0.05549379729
14.085,1.401957666,-0.04663614993
14.0875,1.401416312,-0.03689235781
14.09,1.400855154,-0.02813456447
14.0925,1.400414748,-0.02000440235
14.095,1.399956588,-0.01109477687
14.0975,1.399554338,-0.002201335078
14.1,1.399167783,0.006707244321
14.1025,1.398679451,0.01587512467
14.105,1.398400658,0.0246014634
14.1075,1.398016663,0.03357460038
14.11,1.397729258,0.04238309796
14.1125,1.397398957,0.05120667303
14.115,1.397167608,0.06028387866
14.1175,1.396905285,0.06991310541
14.12,1.396699508,0.07806664394
14.1225,1.396507365,0.08657708525
14.125,1.396308763,0.09523451411
14.1275,1.39618009,0.1035518598
14.13,1.396105709,0.1121824824
14.1325,1.395905112,0.1207701217
14.135,1.395837792,0.1292581479
14.1375,1.395875714,0.1370692388
14.14,1.395955592,0.145621475
14.1425,1.395993246,0.1536094348
14.145,1.395828834,0.1619322363
14.1475,1.395927807,0.1696966674
14.15,1.396029811,0.1773994328
14.1525,1.396268909,0.1851332646
14.155,1.396354148,0.1928693038
14.1575,1.396468654,0.2000149438
14.16,1.396686317,0.2076234102
14.1625,1.397025481,0.2144722693
14.165,1.397223574,0.221217587
14.1675,1.397528439,0.2286903698
14.17,1.397794745,0.2350835087
14.1725,1.398158191,0.2416164707
14.175,1.398543093,0.2482227645
14.1775,1.39892529,0.2543483608
14.18,1.399249701,0.2605413393
14.1825,1.399716554,0.2663232944
14.185,1.400103515,0.2720140929
14.1875,1.400746526,0.2772460602
14.19,1.40101,0.2828256322
14.1925,1.401456627,0.2880952216
14.195,1.402035095,0.2928724303
14.1975,1.402317383,0.2979465498
14.2,1.402964686,0.3023372158
14.2025,1.403467731,0.3061797008
14.205,1.403756657,0.3107015822
14.2075,1.404541464,0.3146627394
14.21,1.405031107,0.3182759702
14.2125,1.405636108,0.3216036545
14.215,1.406086826,0.3251723065
14.2175,1.406642797,0.3279261819
14.22,1.407174704,0.3309261219
14.2225,1.407723656,0.3339089188
14.225,1.40815232,0.3360763529
14.2275,1.409014314,0.3382178139
14.23,1.409276757,0.3399873696
14.2325,1.40979457,0.341870394
14.235,1.410245521,0.3432763036
14.2375,1.410791023,0.3443229874
14.24,1.411280178,0.3451580803
14.2425,1.411617334,0.3463184212
14.245,1.412251971,0.3463748516
14.2475,1.412567236,0.3473101018
14.25,1.413012343,0.3473153168
14.2525,1.413385541,0.3472345196
14.255,1.413729898,0.3465029486
14.2575,1.414121967,0.34590005
14.26,1.41443862,0.3452164579
14.2625,1.414727241,0.3443744219
14.265,1.414952449,0.3428171711
14.2675,1.415719362,0.3407008328
14.27,1.4156022,0.3394177303
14.2725,1.415903011,0.3372352664
14.275,1.415950152,0.3351406003
14.2775,1.416241346,0.3329371581
14.28,1.416136192,0.3303441943
14.2825,1.416533052,0.3273801203
14.285,1.416544031,0.3240569973
14.2875,1.416581261,0.3211775056
14.29,1.416632117,0.3175055606
14.2925,1.416641862,0.3140777267
14.295,1.416535428,0.3092727084
14.2975,1.41675522,0.3058724043
14.3,1.416686035,0.3015112533
14.3025,1.416451053,0.2966011567
14.305,1.416376831,0.29257909
14.3075,1.416168031,0.2873815416
14.31,1.415886436,0.2822658955
14.3125,1.415744653,0.2771036534
14.315,1.415614602,0.2712162091
14.3175,1.415247588,0.2659929055
14.32,1.414960553,0.2600935893
14.3225,1.414709144,0.2541767894
14.325,1.414410868,0.2479622867
14.3275,1.414055355,0.2416917923
14.33,1.413763033,0.2354709983
14.3325,1.413338728,0.2277253236
14.335,1.412922366,0.2220398015
14.3375,1.412349557,0.2150665299
14.34,1.411949939,0.2080490701
14.3425,1.411460283,0.2008719536
14.345,1.411261161,0.1936376829
14.3475,1.41052927,0.1856098907
14.35,1.410051021,0.1776976803
14.3525,1.409602513,0.170735483
14.355,1.409081121,0.1630408991
14.3575,1.408562827,0.154793881
14.36,1.408152761,0.147098654
14.3625,1.407422909,0.1389023728
14.365,1.406970827,0.1306057723
14.3675,1.406382603,0.1229466
14.37,1.40578127,0.1142753398
14.3725,1.405312901,0.1058928743
14.375,1.404786731,0.0971579916
14.3775,1.404287249,0.08837938041
14.38,1.403780323,0.07987245533
14.3825,1.403278682,0.07113982453
14.385,1.402760742,0.06268816732
14.3875,1.402246398,0.05377759651
14.39,1.401842261,0.04493960051
14.3925,1.401404877,0.03522375183
14.395,1.400766756,0.02718497316
14.3975,1.400349611,0.01830574258
14.4,1.399836592,0.009370306678
14.4025,1.399471969,0.0005160259201
14.405,1.399074246,-0.008420655454
14.4075,1.398626658,-0.01759823982
14.41,1.3983485,-0.02627502633
14.4125,1.397911087,-0.03528386391
14.415,1.397631989,-0.04427159822
14.4175,1.397349079,-0.05296563437
14.42,1.397091135,-0.06190568603
14.4225,1.396868074,-0.07101047827
14.425,1.396683047,-0.07969790986
14.4275,1.396437559,-0.08820971613
14.43,1.396330189,-0.09707558923
14.4325,1.396130368,-0.1050217643
14.435,1.396059483,-0.1139286976
14.4375,1.395870197,-0.1223951879
14.44,1.395821834,-0.1307626277
14.4425,1.395907051,-0.1386601916
14.445,1.395927512,-0.1472196448
14.4475,1.395975822,-0.1551096778
14.45,1.395849467,-0.1634304361
14.4525,1.395973912,-0.1711502028
14.455,1.396025333,-0.178948504
14.4575,1.396343805,-0.1866314017
14.46,1.396303068,-0.1941902048
14.4625,1.396515047,-0.2014943611
14.465,1.396717935,-0.2089764144
14.4675,1.397133117,-0.2155920767
14.47,1.397216598,-0.2226247581
14.4725,1.397586079,-0.2299737231
14.475,1.397886779,-0.2363101342
14.4775,1.398211167,-0.2429466902
14.48,1.39865926,-0.2493197306
14.4825,1.3989392,-0.2555008397
14.485,1.399322039,-0.261681248
14.4875,1.399788669,-0.2674801608
14.49,1.40018712,-0.273036639
14.4925,1.400861157,-0.2782618639
14.495,1.401044377,-0.2839256185
14.4975,1.401592374,-0.2890357318
14.5,1.402103486,-0.2938486345
14.5025,1.402391619,-0.2987310829
14.505,1.403068625,-0.3031143767
14.5075,1.403570259,-0.306936556
14.51,1.403844564,-0.3115256225
14.5125,1.404703337,-0.3154661211
14.515,1.405119195,-0.3189555871
14.5175,1.405780203,-0.3222348168
14.52,1.406161763,-0.3257748374
14.5225,1.406723583,-0.3285947329
14.525,1.407287983,-0.3314784665
14.5275,1.407798974,-0.3344238406
14.53,1.408277538,-0.3365189711
14.5325,1.409069155,-0.3384744924
14.535,1.409369049,-0.3405335709
14.5375,1.409855954,-0.3422044342
14.54,1.41036263,-0.3434877705
14.5425,1.410871488,-0.3445015179
14.545,1.411348664,-0.3453672184
14.5475,1.411713449,-0.3465112491
14.55,1.41231326,-0.3465906621
14.5525,1.412638277,-0.347355251
14.555,1.413054564,-0.3473552184
14.5575,1.413441578,-0.3470924953
14.56,1.413786882,-0.3463605413
14.5625,1.41416454,-0.345923684
14.565,1.414506237,-0.3449512532
14.5675,1.414685253,-0.3440527396
14.57,1.415192841,-0.342598582
14.5725,1.415523138,-0.3407341397
14.575,1.415709305,-0.3393348585
14.5775,1.415980319,-0.3369420261
14.58,1.415909265,-0.3347433725
14.5825,1.416207913,-0.3325318393
14.585,1.416170104,-0.3298273504
14.5875,1.416547735,-0.3268385232
14.59,1.416560261,-0.3234923092
14.5925,1.416579315,-0.320507314
14.595,1.416657559,-0.3168968823
14.5975,1.416604827,-0.3133284704
14.6,1.416597457,-0.3088589312
14.6025,1.416701853,-0.3051384833
14.605,1.416647208,-0.3006272128
14.6075,1.416403769,-0.295850915
14.61,1.41643915,-0.2916521776
14.6125,1.416051905,-0.2863256851
14.615,1.415857778,-0.281295035
14.6175,1.415733884,-0.2760417344
14.62,1.415589101,-0.2702366267
14.6225,1.415152894,-0.2649172514
14.625,1.414913021,-0.2590568278
14.6275,1.414670034,-0.2530968085
14.63,1.414388777,-0.246687718
14.6325,1.413939274,-0.2405460005
14.635,1.413734805,-0.2341402403
14.6375,1.413206099,-0.2265856735
14.64,1.412684227,-0.2201958613
14.6425,1.412314424,-0.2137773106
14.645,1.411877326,-0.206696553
14.6475,1.411415897,-0.1994941064
14.65,1.411220337,-0.1921533436
14.6525,1.410458791,-0.1848502054
14.655,1.409963178,-0.1767115516
14.6575,1.409540816,-0.1693746495
14.66,1.409000422,-0.1614800426
14.6625,1.408521148,-0.1533984677
14.665,1.407970261,-0.1455849248
14.6675,1.407367834,-0.1373650296
14.67,1.406872138,-0.1293076524
14.6725,1.40628764,-0.1213719784
14.675,1.405715416,-0.112728887
14.6775,1.405235806,-0.1042118577
14.68,1.40470815,-0.09559601468
14.6825,1.404213668,-0.08671014193
14.685,1.403738347,-0.07828601272
14.6875,1.403187064,-0.06955899281
14.69,1.402691982,-0.0610861251
14.6925,1.402187344,-0.05211979821
14.695,1.401772879,-0.04320266871
14.6975,1.401279327,-0.03433537914
14.7,1.400672935,-0.02554364905
14.7025,1.400261339,-0.01672185879
14.705,1.39980448,-0.00761613715
14.7075,1.399407561,0.001147240694
14.71,1.399005215,0.01012157275
14.7125,1.398592646,0.01928575716
14.715,1.398338648,0.02794176891
14.7175,1.397837944,0.03694026097
14.72,1.397569297,0.04587304129
14.7225,1.397337498,0.05473768583
14.725,1.397059362,0.06354901715
14.7275,1.396833117,0.07261920416
14.73,1.396653679,0.08079104203
14.7325,1.396401726,0.08981323053
14.735,1.396309166,0.09867265388
14.7375,1.396157707,0.1064099932
14.74,1.396030457,0.1155519662
14.7425,1.395872343,0.1240649727
14.745,1.395821195,0.1321886639
14.7475,1.395927806,0.1403395205
14.75,1.39595451,0.1487727783
14.7525,1.395951926,0.1568112093
14.755,1.395888404,0.1648780852
14.7575,1.39597066,0.1725666349
14.76,1.396099381,0.1804070752
14.7625,1.396380149,0.1880555742
14.765,1.396344758,0.1955336662
14.7675,1.396549056,0.202930847
14.77,1.396757764,0.2103069045
14.7725,1.397217478,0.2168135058
14.775,1.397267457,0.2241389935
14.7775,1.397653616,0.23111483
14.78,1.397996338,0.2375042339
14.7825,1.398302295,0.2441809218
14.785,1.39870961,0.2505383021
14.7875,1.398974715,0.2572008845
14.79,1.399458028,0.2626852558
14.7925,1.399879583,0.2685687415
14.795,1.400291434,0.2740262331
14.7975,1.400817171,0.2793219943
14.8,1.401193584,0.2848651169
14.8025,1.401725118,0.2900022514
14.805,1.402185657,0.2948722747
14.8075,1.402547776,0.2995081358
14.81,1.403164614,0.3038179047
14.8125,1.403609822,0.3076709109
14.815,1.404015645,0.3122628172
14.8175,1.404782962,0.3160731505
14.82,1.405217256,0.3196002221
14.8225,1.405870329,0.3229722815
14.825,1.406326282,0.3261769446
14.8275,1.406852024,0.3291474997
14.83,1.407359926,0.3321112356
14.8325,1.407909427,0.3347165759
14.835,1.408439637,0.3370096748
14.8375,1.40915245,0.3386515123
14.84,1.409484916,0.3408906038
14.8425,1.409903848,0.3425745731
14.845,1.410544561,0.3436704601
14.8475,1.410959608,0.3446997238
14.85,1.411391278,0.3455568672
14.8525,1.4118544,0.3464827482
14.855,1.412382208,0.3467209673
14.8575,1.412730572,0.3473016749
14.86,1.413143327,0.3473656377
14.8625,1.413512936,0.3469125762
14.865,1.413833702,0.3460864484
14.8675,1.414248731,0.3458464315
14.87,1.414596794,0.3447129368
14.8725,1.414743066,0.3437474989
14.875,1.415369069,0.3421582036
14.8775,1.415484285,0.3406438286
14.88,1.415843204,0.3388468013
14.8825,1.415929042,0.3364023073
14.885,1.41604656,0.3345204489
14.8875,1.416203127,0.3320310417
14.89,1.416234383,0.3292661499
14.8925,1.416550711,0.326232563
14.895,1.416591247,0.3229263066
14.8975,1.416629849,0.3197360889
14.9,1.416658411,0.316246278
14.9025,1.416649455,0.3124760485
14.905,1.416557298,0.3081086597
14.9075,1.416794261,0.3043654404
14.91,1.416587311,0.2997077084
14.9125,1.416394856,0.2951721675
14.915,1.416409514,0.2906458667
14.9175,1.415962303,0.2848713792
14.92,1.415879289,0.2803329339
14.9225,1.415693124,0.2748753104
14.925,1.415533009,0.2693896049
14.9275,1.415132026,0.2637984859
14.93,1.414851527,0.2580141282
14.9325,1.414598455,0.251834187
14.935,1.414288312,0.2455037059
14.9375,1.413968658,0.2394569869
14.94,1.413665503,0.232785516
14.9425,1.413153605,0.2254080038
14.945,1.412619004,0.2194048076
14.9475,1.412213503,0.2124152589
14.95,1.411772846,0.2053627675
14.9525,1.411324279,0.1980932516
14.955,1.41110459,0.1907809816
14.9575,1.410334625,0.18326826
14.96,1.409886906,0.1752949565
14.9625,1.409422155,0.1679230299
14.965,1.40885876,0.1598704389
14.9675,1.408434946,0.1520492198
14.97,1.407813587,0.144053428
14.9725,1.407247878,0.1357330604
14.975,1.406778637,0.1278031258
14.9775,1.406152019,0.1197727704
14.98,1.405611037,0.1111615829
14.9825,1.405115673,0.1025464505
14.985,1.404590039,0.09401221229
14.9875,1.404121611,0.08498871619
14.99,1.403619576,0.07661283002
14.9925,1.403087652,0.06802399113
14.995,1.402576857,0.05945862265
14.9975,1.402071025,0.05044499992
15,1.401637444,0.04152931795
15.0025,1.401221456,0.0325919271
15.005,1.400570855,0.0238994323
15.0075,1.400158464,0.01499235389
15.01,1.399677827,0.00588239775
15.0125,1.399313711,-0.002859054436
15.015,1.398874402,-0.01187079784
15.0175,1.398533658,-0.02100691451
15.02,1.398264819,-0.02975168464
15.0225,1.397756516,-0.03861108391
15.025,1.397502651,-0.04745958424
15.0275,1.3973013,-0.05649044779
15.03,1.396976855,-0.06521976256
15.0325,1.396783577,-0.07423386937
15.035,1.396609587,-0.08251273178
15.0375,1.396345624,-0.09149834149
15.04,1.39627909,-0.1002811352
15.0425,1.396109824,-0.1081628295
15.045,1.395960651,-0.1171600223
15.0475,1.395859527,-0.125766909
15.05,1.395815335,-0.1336626298
15.0525,1.395981663,-0.141955925
15.055,1.395936541,-0.1501765068
15.0575,1.395897394,-0.1591860015
15.06,1.395886468,-0.166300614
15.0625,1.395976431,-0.173915405
15.065,1.396122095,-0.1819191737
15.0675,1.396410085,-0.1896354316
15.07,1.396350225,-0.1968401212
15.0725,1.39657771,-0.2043596855
15.075,1.396812222,-0.2115202399
15.0775,1.397255873,-0.217997595
15.08,1.397287703,-0.225646182
15.0825,1.397688435,-0.2323539189
15.085,1.398065027,-0.2387741302
15.0875,1.398346818,-0.2453476714
15.09,1.398830414,-0.2520850162
15.0925,1.399032843,-0.2583469566
15.095,1.399581772,-0.2638207687
15.0975,1.399910275,-0.2696573746
15.1,1.400409509,-0.2750147128
15.1025,1.400893527,-0.2803648863
15.105,1.401251691,-0.2858713873
15.1075,1.40191852,-0.2908973473
15.11,1.402173455,-0.2960481537
15.1125,1.402639404,-0.3002834045
15.115,1.403271048,-0.3045808185
15.1175,1.40364348,-0.3086979613
15.12,1.404128606,-0.3129273575
15.1225,1.404868895,-0.3167500223
15.125,1.405320283,-0.3202215879
15.1275,1.405976187,-0.3236431436
15.13,1.406429712,-0.3265713902
15.1325,1.406924491,-0.3296699212
15.135,1.407436053,-0.3327336786
15.1375,1.408024304,-0.3351462916
15.14,1.408564322,-0.3374401271
15.1425,1.409189044,-0.3389929922
15.145,1.409579739,-0.3412254047
15.1475,1.409956265,-0.3428809933
15.15,1.410623831,-0.3438658198
15.1525,1.411056791,-0.3447535906
15.155,1.411373573,-0.3460144939
15.1575,1.411974176,-0.3464681834
15.16,1.412473692,-0.3468938196
15.1625,1.412743961,-0.3473536283
15.165,1.413257262,-0.3475341705
15.1675,1.413537571,-0.3467758979
15.17,1.413910183,-0.345993069
15.1725,1.414276291,-0.3457066737
15.175,1.414675405,-0.344637141
15.1775,1.414794162,-0.3434786923
15.18,1.415475531,-0.3416962449
15.1825,1.415369807,-0.3402300427
15.185,1.415853338,-0.3385112931
15.1875,1.415937123,-0.3360611407
15.19,1.41606724,-0.3339885501
15.1925,1.416182219,-0.3316010482
15.195,1.416288665,-0.3286887523
15.1975,1.416527882,-0.325628508
15.2,1.416559775,-0.3224835121
15.2025,1.416628868,-0.3190615119
15.205,1.416676348,-0.3156129551
15.2075,1.416625306,-0.3116609233
15.21,1.416617079,-0.3073540559
15.2125,1.416626484,-0.3035609283
15.215,1.416626318,-0.2987337574
15.2175,1.416321643,-0.2944349128
15.22,1.416395707,-0.2896400928
15.2225,1.415823103,-0.2839350669
15.225,1.415833248,-0.2794125969
15.2275,1.415638944,-0.2737940681
15.23,1.41544135,-0.2683675244
15.2325,1.415041305,-0.2626904498
15.235,1.414815744,-0.2569105467
15.2375,1.414527424,-0.2506450678
15.24,1.414269595,-0.2442903445
15.2425,1.4138957,-0.2382338712
15.245,1.413556599,-0.2314154777
15.2475,1.413137844,-0.2248768773
15.25,1.412518847,-0.218063804
15.2525,1.412133685,-0.2111002978
15.255,1.411689353,-0.2040105642
15.2575,1.411321242,-0.1967262328
15.26,1.411003728,-0.1893158715
15.2625,1.410117161,-0.1810434806
15.265,1.409838721,-0.1739629881
15.2675,1.409317601,-0.1664459631
15.27,1.408794299,-0.1582314635
15.2725,1.4083619,-0.1506839956
15.275,1.407669806,-0.1425343147
15.2775,1.407171018,-0.1341245342
15.28,1.406690975,-0.1262263781
15.2825,1.406028503,-0.118107137
15.285,1.405544649,-0.109563534
15.2875,1.405019651,-0.1009457883
15.29,1.404504137,-0.0924313546
15.2925,1.404069353,-0.08350354347
15.295,1.40347931,-0.07429013696
15.2975,1.402993193,-0.06649147844
15.3,1.402469301,-0.05769602766
15.3025,1.402048994,-0.04876281779
15.305,1.40148978,-0.03908193294
15.3075,1.401122869,-0.03098643466
15.31,1.40048492,-0.0221615373
15.3125,1.400063811,-0.01335221673
15.315,1.399640673,-0.004350755741
15.3175,1.399257397,0.004544495051
15.32,1.39877808,0.01356760817
15.3225,1.398470811,0.02248536431
15.325,1.398181817,0.03135752513
15.3275,1.397759238,0.04016292788
15.33,1.397449865,0.04898132816
15.3325,1.397260562,0.05818012329
15.335,1.396961606,0.06684645063
15.3375,1.396742117,0.076443883
15.34,1.396566717,0.08429689766
15.3425,1.396325909,0.09303750031
15.345,1.396230503,0.1015979294
15.3475,1.396134898,0.1097305542
15.35,1.39594621,0.118711064
15.3525,1.395840395,0.1273235674
15.355,1.395858797,0.1350889283
15.3575,1.39596888,0.143544519
15.36,1.395969389,0.1516291568
15.3625,1.395832197,0.1601047676
15.365,1.395911748,0.1677726615
15.3675,1.395992826,0.1754053839
15.37,1.396202402,0.1832121641
15.3725,1.396402124,0.1910812952
15.375,1.396391952,0.1981666582
15.3775,1.396627111,0.2057874639
15.38,1.396903614,0.2128267087
15.3825,1.397231025,0.2193853828
15.385,1.397428665,0.2269615706
15.3875,1.397701537,0.2335562923
15.39,1.398119797,0.2399741223
15.3925,1.398397548,0.2466456163
15.395,1.398853818,0.2528209604
15.3975,1.399129093,0.2590959986
15.4,1.399627286,0.2649420371
15.4025,1.400010435,0.270672739
15.405,1.400520361,0.2759555425
15.4075,1.400969729,0.2813026122
15.41,1.401340193,0.2868789732
15.4125,1.401997172,0.291698499
15.415,1.402256837,0.2970233786
15.4175,1.402760329,0.3011545386
15.42,1.403390327,0.3053025518
15.4225,1.403666968,0.3096227307
15.425,1.404287765,0.3136182026
15.4275,1.404946299,0.3173921947
15.43,1.405444193,0.3208347316
15.4325,1.406027431,0.3242438814
15.435,1.406523478,0.3272407605
15.4375,1.407024785,0.330186772
15.44,1.407569389,0.3332221117
15.4425,1.408086716,0.3355379654
15.445,1.408717322,0.3377885429
15.4475,1.409201701,0.3393497719
15.45,1.409705907,0.341457201
15.4525,1.41003538,0.3430830081
15.455,1.410695417,0.3440518675
15.4575,1.411156733,0.3449349483
15.46,1.411506932,0.3461610247
15.4625,1.412115387,0.3463346125
15.465,1.412519909,0.3471086986
15.4675,1.412835464,0.3473129661
15.47,1.41333601,0.3474198524
15.4725,1.413620895,0.346539166
15.475,1.414035282,0.345915715
15.4775,1.41435244,0.3455127843
15.48,1.41470521,0.3445090969
15.4825,1.414861044,0.3431914845
15.485,1.415707521,0.3411338907
15.4875,1.415404147,0.3398754195
15.49,1.415834426,0.337874064
15.4925,1.415972836,0.3358175998
15.495,1.416159168,0.3335075187
15.4975,1.416185741,0.3310614306
15.5,1.416393066,0.32810034
15.5025,1.416532489,0.3249391161
15.505,1.416576988,0.3219398921
15.5075,1.416637046,0.3183518625
15.51,1.416701166,0.3149554138
15.5125,1.416557477,0.3104493795
15.515,1.416666655,0.3066756734
15.5175,1.416680725,0.3026909954
15.52,1.416605299,0.2978238268
15.5225,1.416310269,0.293631905
15.525,1.416283601,0.288636504
15.5275,1.415891002,0.2830731035
15.53,1.415796639,0.2784868476
15.5325,1.415633121,0.2725831229
15.535,1.415357832,0.2673310576
15.5375,1.415001381,0.2615742348
15.54,1.414761905,0.2557516587
15.5425,1.414441115,0.2495231327
15.545,1.414188757,0.243088144
15.5475,1.413904164,0.2370951828
15.55,1.41339089,0.2294994743
15.5525,1.413051632,0.2237041063
15.555,1.41245057,0.2167556528
15.5575,1.412051202,0.2098136459
15.56,1.411570697,0.2026665075
15.5625,1.411323442,0.1954076297
15.565,1.410806984,0.1880050296
15.5675,1.410105434,0.1796301907
15.57,1.409741878,0.1724873735
15.5725,1.409179163,0.1650343159
15.575,1.408663573,0.1567309473
15.5775,1.408341357,0.1490987104
15.58,1.407522042,0.1409718104
15.5825,1.407082874,0.1325493632
15.585,1.406555246,0.1248112489
15.5875,1.405888621,0.1163902836
15.59,1.40542696,0.1080296998
15.5925,1.404903622,0.09927811558
15.595,1.404372055,0.09071845019
15.5975,1.403937884,0.0819249626
15.6,1.403389079,0.073377514
15.6025,1.402870211,0.06474947446
15.605,1.402362539,0.05599263447
15.6075,1.401932871,0.04716313093
15.61,1.401501521,0.0374299934
15.6125,1.400906483,0.02871746633
15.615,1.400444098,0.02044656871
15.6175,1.399943131,0.01163441651
15.62,1.399558922,0.002718112805
15.6225,1.399186129,-0.006178848711
15.625,1.398681833,-0.01535113156
15.6275,1.398408716,-0.02411094078
15.63,1.3980369,-0.03308057469
15.6325,1.397745785,-0.04180811221
15.635,1.397389478,-0.05070410885
15.6375,1.3971481,-0.05978303299
15.64,1.396893144,-0.0686373128
15.6425,1.396726097,-0.07712826116
15.645,1.396507784,-0.08613847239
15.6475,1.396308134,-0.09473121675
15.65,1.396178727,-0.103102767
15.6525,1.396093591,-0.1115877417
15.655,1.395897406,-0.1202898381
15.6575,1.395833248,-0.1288112806
15.66,1.395864578,-0.136632311
15.6625,1.395985688,-0.1451462622
15.665,1.39595055,-0.1531520837
15.6675,1.395810567,-0.1615014741
15.67,1.395924389,-0.1692489283
15.6725,1.395971447,-0.176973124
15.675,1.396280903,-0.1846761484
15.6775,1.396330029,-0.1924693239
15.68,1.396455154,-0.1995858043
15.6825,1.396671686,-0.2071944158
15.685,1.396986,-0.2141650499
15.6875,1.397213649,-0.2207313361
15.69,1.397491321,-0.2283273209
15.6925,1.397765059,-0.2347182767
15.695,1.398152903,-0.2412030561
15.6975,1.39850903,-0.2479087579
15.7,1.398897386,-0.2540002749
15.7025,1.399212233,-0.2602086397
15.705,1.399691868,-0.2659528891
15.7075,1.400072581,-0.2717160179
15.71,1.400724426,-0.2769596371
15.7125,1.400980734,-0.2824804288
15.715,1.401406448,-0.2877996237
15.7175,1.402032379,-0.2926073753
15.72,1.402279215,-0.2977543348
15.7225,1.402912088,-0.3020621769
15.725,1.403454836,-0.3059788315
15.7275,1.403718966,-0.3104621509
15.73,1.404499231,-0.3144412399
15.7325,1.404995172,-0.3180909618
15.735,1.405607919,-0.3214324641
15.7375,1.406049414,-0.325030079
15.74,1.406640587,-0.3277331601
15.7425,1.407092453,-0.3307592537
15.745,1.407689003,-0.3337919871
15.7475,1.40812577,-0.3359654616
15.75,1.408954727,-0.3381709156
15.7525,1.40925868,-0.3397807251
15.755,1.409751463,-0.3418557611
15.7575,1.410187233,-0.3432499806
15.76,1.41074282,-0.3442827037
15.7625,1.411250038,-0.3451049619
15.765,1.411580747,-0.3463545585
15.7675,1.41218342,-0.3464181228
15.77,1.412577044,-0.3472800286
15.7725,1.412957612,-0.347347457
15.775,1.413371256,-0.3473357814
15.7775,1.413683682,-0.3465690216
15.78,1.414098004,-0.3458799877
15.7825,1.414391277,-0.3453402105
15.785,1.414699449,-0.3444440103
15.7875,1.41493673,-0.3429518114
15.79,1.415669941,-0.3408223782
15.7925,1.415502464,-0.3395856125
15.795,1.415850352,-0.3374620198
15.7975,1.415898958,-0.335266818
15.8,1.416226198,-0.3331129002
15.8025,1.416127342,-0.3305200918
15.805,1.416485303,-0.3275756315
15.8075,1.416520968,-0.3242529796
15.81,1.416555954,-0.321423646
15.8125,1.416633513,-0.3177016238
15.815,1.416563611,-0.3139283283
15.8175,1.416587078,-0.3096176596
15.82,1.416649759,-0.3061152569
15.8225,1.416689235,-0.3018079337
15.825,1.416469895,-0.2968931549
15.8275,1.416356715,-0.2928409756
15.83,1.416219111,-0.2877097128
15.8325,1.415843206,-0.2825820964
15.835,1.415771868,-0.2774716273
15.8375,1.415594305,-0.2715386022
15.84,1.415277166,-0.2663538761
15.8425,1.414960737,-0.2604265534
15.845,1.414727758,-0.254532488
15.8475,1.414457018,-0.2483781409
15.85,1.414045141,-0.2420432907
15.8525,1.413796107,-0.2358576463
15.855,1.413309912,-0.2281299804
15.8575,1.412898605,-0.2219461914
15.86,1.412387781,-0.215502295
15.8625,1.411986486,-0.2084716522
15.865,1.411498783,-0.2013039626
15.8675,1.411289427,-0.1940492505
15.87,1.410557861,-0.1859968098
15.8725,1.410070737,-0.1788770208
15.875,1.40966071,-0.1710804049
15.8775,1.409131152,-0.1635167162
15.88,1.408601971,-0.1552397102
15.8825,1.408149895,-0.1475939177
15.885,1.407482174,-0.1393982026
15.8875,1.406986781,-0.1310898042
15.89,1.406454444,-0.123393529
15.8925,1.40582893,-0.1147999484
15.895,1.40536162,-0.1064121745
15.8975,1.404826182,-0.09768365494
15.9,1.404316158,-0.08896581167
15.9025,1.403830994,-0.08043774385
15.905,1.403322294,-0.07167293432
15.9075,1.402804207,-0.06318572397
15.91,1.402301688,-0.05434626132
15.9125,1.401906938,-0.04549273082
15.915,1.401363704,-0.035793441
15.9175,1.400819145,-0.02768315635
15.92,1.400368211,-0.01884573331
15.9225,1.399905142,-0.009922679053
15.925,1.399506525,-0.001069978686
15.9275,1.399113005,0.007876331434
15.93,1.39865378,0.01703111099
15.9325,1.398367965,0.02571995181
15.935,1.397955969,0.0347092182
15.9375,1.397667777,0.04364944607
15.94,1.397384935,0.05237070294
15.9425,1.397135075,0.06137970824
15.945,1.396874777,0.07115032329
15.9475,1.396694247,0.0790344491
15.95,1.39646412,0.08766911091
15.9525,1.396321619,0.09644674532
15.955,1.396160046,0.1045496956
15.9575,1.396099171,0.1133742947
15.96,1.395883946,0.1218614991
15.9625,1.395832578,0.1302614767
15.965,1.395895013,0.1381109011
15.9675,1.39594042,0.1467148653
15.97,1.395991198,0.1546111216
15.9725,1.395858237,0.1629445448
15.975,1.395960492,0.1706965314
15.9775,1.396055284,0.1784157135
15.98,1.396301808,0.186179148
15.9825,1.39633686,0.1937515664
15.985,1.396499056,0.2010139167
15.9875,1.396701461,0.2085759879
15.99,1.39710394,0.2151862279
15.9925,1.397227955,0.2222125016
15.995,1.397574791,0.2295271777
15.9975,1.397862188,0.2359026993
16,1.398187578,0.2425098963
16.0025,1.39861746,0.2489536998
16.005,1.398950222,0.2550980772
16.0075,1.399308273,0.2613137617
16.01,1.39976653,0.2671091831
16.0125,1.400155821,0.2727016336
16.015,1.400825106,0.2779026166
16.0175,1.401055683,0.283553325
16.02,1.401536227,0.288745077
16.0225,1.402080899,0.2935128066
16.025,1.402377601,0.2984679854
16.0275,1.403044043,0.3028944492
16.03,1.403530706,0.3066827298
16.0325,1.403813806,0.3112425772
16.035,1.404649594,0.3151963151
16.0375,1.405094611,0.3187303803
16.04,1.405723714,0.3220041573
16.0425,1.406141125,0.3255529826
16.045,1.40669999,0.3283827661
16.0475,1.407268191,0.3312867368
16.05,1.407783325,0.3342515438
16.0525,1.408241156,0.3363597963
16.055,1.409022414,0.3383647196
16.0575,1.409362341,0.3403685166
16.06,1.409849283,0.3420594021
16.0625,1.410337944,0.3434085504
16.065,1.410858823,0.3444266554
16.0675,1.411335651,0.345292618
16.07,1.411696212,0.3463905886
16.0725,1.412303685,0.3464959518
16.075,1.412618816,0.3473403049
16.0775,1.413047796,0.347326542
16.08,1.413433107,0.3471146939
16.0825,1.413778707,0.3463921542
16.085,1.414162703,0.3459170614
16.0875,1.414492859,0.3449687299
16.09,1.414725595,0.3441734143
16.0925,1.415076371,0.3426488141
16.095,1.415621128,0.3405442248
16.0975,1.415668193,0.3392141146
16.1,1.415977659,0.3368044489
16.1025,1.415963528,0.3349165027
16.105,1.416215288,0.332647812
16.1075,1.416173723,0.3299895175
16.11,1.416564899,0.3270038239
16.1125,1.41656743,0.3236667706
16.115,1.41659364,0.320723958
16.1175,1.416646486,0.3170486937
16.12,1.416634617,0.3135685778
16.1225,1.416507651,0.3087070155
16.125,1.416812671,0.3053737118
16.1275,1.416654976,0.300919904
16.13,1.416427719,0.2960751539
16.1325,1.416418653,0.2919786084
16.135,1.416088257,0.2866747607
16.1375,1.415881731,0.2816136481
16.14,1.41572751,0.2763816458
16.1425,1.415618451,0.2705561033
16.145,1.41518227,0.2652618534
16.1475,1.414931951,0.259366275
16.15,1.414686622,0.2534598681
16.1525,1.41433765,0.2464929965
16.155,1.414025899,0.2404755723
16.1575,1.413718027,0.2346181146
16.16,1.413288325,0.2269856034
16.1625,1.412788575,0.2211416333
16.165,1.412314932,0.2141873556
16.1675,1.411898168,0.2071404903
16.17,1.411419994,0.1999465094
16.1725,1.411225426,0.1926278156
16.175,1.410498245,0.1853392175
16.1775,1.409998302,0.1772235877
16.18,1.409535174,0.1698033155
16.1825,1.409019392,0.1620011737
16.185,1.408520834,0.1538496081
16.1875,1.408062539,0.1460676237
16.19,1.407368519,0.1378710765
16.1925,1.406894989,0.1297366117
16.195,1.406301023,0.121867418
16.1975,1.405720789,0.1132185372
16.2,1.405251108,0.1047472685
16.2025,1.404721738,0.09609689613
16.205,1.4042342,0.0872511249
16.2075,1.403731099,0.0787560623
16.21,1.403214962,0.07002178519
16.2125,1.402698434,0.06160696355
16.215,1.402184333,0.05263638973
16.2175,1.401774996,0.04373589714
16.22,1.401347485,0.03408240662
16.2225,1.400693525,0.02608892559
16.225,1.40029409,0.01725509227
16.2275,1.399782537,0.008178624459
16.23,1.399422664,-0.0006242740644
16.2325,1.399017845,-0.009569817168
16.235,1.398595041,-0.01874816116
16.2375,1.398338942,-0.02738529336
16.24,1.397842967,-0.03644766041
16.2425,1.397584033,-0.04544711607
16.245,1.397323254,-0.05417873443
16.2475,1.397056591,-0.06302367814
16.25,1.396841499,-0.07213077825
16.2525,1.396654399,-0.08024974829
16.255,1.396403834,-0.08933783591
16.2575,1.396324551,-0.09820371815
16.26,1.396128289,-0.1059486657
16.2625,1.39603021,-0.1150951828
16.265,1.395864148,-0.1235304946
16.2675,1.395806143,-0.1317427509
16.27,1.395925469,-0.1398278163
16.2725,1.395935112,-0.1482903192
16.275,1.395950023,-0.1562808314
16.2775,1.395860396,-0.1644025401
16.28,1.395967559,-0.1721140937
16.2825,1.396067963,-0.1799514163
16.285,1.396385229,-0.1875746783
16.2875,1.396311032,-0.1951116227
16.29,1.396538434,-0.202475304
16.2925,1.396751,-0.2098898586
16.295,1.397186101,-0.2164574842
16.2975,1.397236562,-0.2236099441
16.3,1.397625489,-0.2307548359
16.3025,1.397962902,-0.237132331
16.305,1.398273705,-0.2438181745
16.3075,1.398690498,-0.2501445303
16.31,1.398956817,-0.2564601936
16.3125,1.399395775,-0.2623821713
16.315,1.399840788,-0.2682157953
16.3175,1.400263899,-0.2737145689
16.32,1.400819454,-0.2789696731
16.3225,1.401128461,-0.2845930562
16.325,1.401711981,-0.2897107536
16.3275,1.402145109,-0.2945463887
16.33,1.402496014,-0.2992627776
16.3325,1.403134882,-0.3035959771
16.335,1.403607068,-0.3074194532
16.3375,1.4039457,-0.3120554521
16.34,1.40477591,-0.3159069466
16.3425,1.405183147,-0.3194059893
16.345,1.405859691,-0.3227622256
16.3475,1.406251527,-0.3260936661
16.35,1.406813491,-0.3289820968
16.3525,1.407322182,-0.3319351441
16.355,1.40786948,-0.3346357279
16.3575,1.408381524,-0.3368552728
16.36,1.409152358,-0.3386413286
16.3625,1.4093989,-0.3407757387
16.365,1.409894779,-0.3424792898
16.3675,1.410456826,-0.3436172708
16.37,1.410921371,-0.3446531237
16.3725,1.411389643,-0.3454836367
16.375,1.411790402,-0.3465494883
16.3775,1.412365518,-0.3466994138
16.38,1.412698066,-0.3473380973
16.3825,1.41310247,-0.3473775076
16.385,1.413479542,-0.346989171
16.3875,1.413813801,-0.3462086627
16.39,1.414204892,-0.3458859464
16.3925,1.41456239,-0.3448182375
16.395,1.414700332,-0.3438493264
16.3975,1.415333192,-0.3423201004
16.4,1.415455367,-0.3407125685
16.4025,1.41580942,-0.3390313851
16.405,1.415939446,-0.3365817249
16.4075,1.415982075,-0.3346875211
16.41,1.416195661,-0.332195895
16.4125,1.416203334,-0.3294598009
16.415,1.416538437,-0.3264409593
16.4175,1.416578122,-0.3230898869
16.42,1.416596259,-0.320023157
16.4225,1.416661774,-0.316455576
16.425,1.4166427,-0.3127548316
16.4275,1.416576482,-0.3083411368
16.43,1.416709384,-0.3046628685
16.4325,1.416570767,-0.2999986438
16.435,1.41640259,-0.2953926006
16.4375,1.416439449,-0.2909728839
16.44,1.41592004,-0.2851731618
16.4425,1.415880325,-0.2806386631
16.445,1.415705758,-0.2752405362
16.4475,1.415534565,-0.2696581721
16.45,1.415123723,-0.2641639408
16.4525,1.41487867,-0.2583424806
16.455,1.414631852,-0.2522343764
16.4575,1.414341273,-0.2458553714
16.46,1.413915597,-0.2398453077
16.4625,1.413712718,-0.2332240621
16.465,1.413131309,-0.2257632082
16.4675,1.412595702,-0.2193008087
16.47,1.412259078,-0.2128394137
16.4725,1.411813634,-0.2057950448
16.475,1.411363302,-0.1985512253
16.4775,1.411175663,-0.1912688885
16.48,1.410351013,-0.1837546011
16.4825,1.409910742,-0.1757419702
16.485,1.409480145,-0.1683770405
16.4875,1.408915298,-0.1603923221
16.49,1.408452066,-0.1525050364
16.4925,1.407860075,-0.1445610541
16.495,1.407290702,-0.1362603185
16.4975,1.406829865,-0.1283121366
16.5,1.406205694,-0.1203166811
16.5025,1.405660112,-0.1116670401
16.505,1.405163815,-0.1030913129
16.5075,1.40464504,-0.09451855459
16.51,1.404143109,-0.08555125897
16.5125,1.403686353,-0.07719421046
16.515,1.40311652,-0.06851748197
16.5175,1.402633582,-0.06001375028
16.52,1.402133043,-0.05099442224
16.5225,1.401677054,-0.04212010358
16.525,1.401252302,-0.03318044697
16.5275,1.400606643,-0.02447973976
16.53,1.400193737,-0.01555719657
16.5325,1.399736677,-0.006416016921
16.535,1.399356764,0.002280084817
16.5375,1.398925886,0.01128920099
16.54,1.39856261,0.02044534762
16.5425,1.398296219,0.02918916617
16.545,1.397791498,0.03804490462
16.5475,1.397530187,0.04690940986
16.55,1.397342307,0.05592085491
16.5525,1.397011157,0.0646722169
16.555,1.39679651,0.0736830359
16.5575,1.396634112,0.08193731781
16.56,1.39636857,0.09091543059
16.5625,1.396282414,0.09971891647
16.565,1.396132782,0.1076070551
16.5675,1.39600751,0.116602138
16.57,1.395861626,0.1251801099
16.5725,1.395826458,0.1331662039
16.575,1.395944057,0.1414151788
16.5775,1.395965095,0.1503409658
16.58,1.395916652,0.1579861027
16.5825,1.39590369,0.1658827339
16.585,1.39597761,0.1734753907
16.5875,1.396115873,0.1813999851
16.59,1.396395009,0.1891111208
16.5925,1.396357579,0.1964060872
16.595,1.396571826,0.2038854585
16.5975,1.396784989,0.2111334228
16.6,1.397258533,0.2175834784
16.6025,1.397283776,0.2251564962
16.605,1.397683096,0.2319443692
16.6075,1.398043479,0.2383426384
16.61,1.398315606,0.2449530467
16.6125,1.39878807,0.2513435982
16.615,1.399004259,0.2580113213
16.6175,1.399549059,0.2634421514
16.62,1.399917872,0.2693040639
16.6225,1.400357218,0.2746844905
16.625,1.400851609,0.2800360733
16.6275,1.401253421,0.2855196228
16.63,1.401821037,0.2905973667
16.6325,1.402198757,0.2956592723
16.635,1.402627582,0.3000352047
16.6375,1.403233402,0.3043099611
16.64,1.403624692,0.3083330894
16.6425,1.404075854,0.3127084357
16.645,1.404844815,0.316508768
16.6475,1.405286189,0.3200095867
16.65,1.405934058,0.3234139565
16.6525,1.406418093,0.3265094098
16.655,1.406919361,0.3294939712
16.6575,1.407415549,0.3325051289
16.66,1.407984466,0.3349749334
16.6625,1.40853057,0.3372820078
16.665,1.409189643,0.3388402276
16.6675,1.409585929,0.3411429987
16.67,1.409925749,0.3427267334
16.6725,1.41062171,0.3437945399
16.675,1.41102821,0.344726364
16.6775,1.411389001,0.345793554
16.68,1.411946163,0.3464586886
16.6825,1.412423214,0.3468208643
16.685,1.41275104,0.3473130859
16.6875,1.413217254,0.3474818248
16.69,1.413545509,0.3467882592
16.6925,1.413886923,0.3459874594
16.695,1.414280828,0.3457415166
16.6975,1.414658177,0.3446494183
16.7,1.414781993,0.3435371391
16.7025,1.415418894,0.3418163134
16.705,1.415438548,0.3402386535
16.7075,1.415875074,0.3386039984
16.71,1.415933317,0.336114215
16.7125,1.416088088,0.3341313956
16.715,1.416194281,0.331730038
16.7175,1.416259096,0.3288682703
16.72,1.416552774,0.3258201397
16.7225,1.416577945,0.3226359136
16.725,1.416637823,0.3192642709
16.7275,1.416673159,0.3158033824
16.73,1.416637494,0.3119269085
16.7325,1.416590108,0.3075900604
16.735,1.416732995,0.3037738184
16.7375,1.4166411,0.2990611547
16.74,1.416333679,0.2946797339
16.7425,1.416380766,0.2899679936
16.745,1.415928159,0.2842381649
16.7475,1.415841642,0.2797040804
16.75,1.415664192,0.274128832
16.7525,1.41547867,0.2687196947
16.755,1.415068326,0.2630482295
16.7575,1.414823384,0.2572790966
16.76,1.414543538,0.251023812
16.7625,1.414255806,0.2446987031
16.765,1.413944094,0.238617501
16.7675,1.413582743,0.2318483637
16.77,1.413146139,0.2252472884
16.7725,1.412543992,0.2184821982
16.775,1.412147032,0.2115224534
16.7775,1.411709564,0.2044471206
16.78,1.411315006,0.1971669941
16.7825,1.411015643,0.189783018
16.785,1.410255411,0.1822230667
16.7875,1.409834699,0.1743883718
16.79,1.40933404,0.1668919218
16.7925,1.408793598,0.1587906717
16.795,1.408411726,0.1511203638
16.7975,1.407694965,0.1430197449
16.8,1.407199613,0.1346451411
16.8025,1.406695663,0.12674659
16.805,1.406063795,0.1186169144
16.8075,1.405547963,0.1100974595
16.81,1.405041454,0.1014452528
16.8125,1.404511951,0.09296589966
16.815,1.404076653,0.08398393997
16.8175,1.403546118,0.07552658809
16.82,1.403009314,0.06695069453
16.8225,1.402485449,0.05823001624
16.825,1.402022826,0.04930778138
16.8275,1.401574765,0.04036995061
16.83,1.401162673,0.031425831
16.8325,1.40050884,0.02272082101
16.835,1.400078188,0.01386143049
16.8375,1.399633083,0.004832454063
16.84,1.399262972,-0.004028032045
16.8425,1.398795555,-0.01305409759
16.845,1.398484206,-0.02203311462
16.8475,1.398211207,-0.03086641187
16.85,1.397748255,-0.03967471559
16.8525,1.397461288,-0.04852231816
16.855,1.39725232,-0.05765685665
16.8575,1.396951394,-0.06630155749
16.86,1.396762744,-0.07529906176
16.8625,1.396567301,-0.08379033857
16.865,1.396323427,-0.09257651713
16.8675,1.396239379,-0.101201474
16.87,1.396117058,-0.1092266043
16.8725,1.395926608,-0.118254059
16.875,1.39584411,-0.1268661721
16.8775,1.395839062,-0.1346759002
16.88,1.395986884,-0.1430644988
16.8825,1.395937118,-0.1511120689
16.885,1.395844883,-0.1602564472
16.8875,1.395893173,-0.1672555669
16.89,1.395968266,-0.1749081986
16.8925,1.396187237,-0.1828420585
16.895,1.396399684,-0.1906725288
16.8975,1.396372219,-0.1977281315
16.9,1.396607079,-0.205344662
16.9025,1.396867615,-0.2123988181
16.905,1.397227331,-0.2189303566
16.9075,1.397386302,-0.2265765452
16.91,1.397681223,-0.233172319
16.9125,1.398107937,-0.2396123296
16.915,1.398372805,-0.2462606235
16.9175,1.398833486,-0.2524517206
16.92,1.399082675,-0.2587893844
16.9225,1.399630112,-0.2646144987
16.925,1.399956596,-0.2703516975
16.9275,1.400493188,-0.2756707292
16.93,1.40095019,-0.2810404632
16.9325,1.401290965,-0.2865603662
16.935,1.401991034,-0.2914348594
16.9375,1.402222643,-0.2967975765
16.94,1.402691792,-0.300841616
16.9425,1.403359251,-0.3050996299
16.945,1.403656618,-0.3093504983
16.9475,1.404244759,-0.3133869043
16.95,1.404919313,-0.3172085155
16.9525,1.405407148,-0.320644684
16.955,1.406016199,-0.3240850131
16.9575,1.406474206,-0.3269944461
16.96,1.406964208,-0.3300082738
16.9625,1.407526003,-0.3331045467
16.965,1.408074785,-0.3354251917
16.9675,1.408657628,-0.3376981324
16.97,1.409189667,-0.3392482929
16.9725,1.409680435,-0.3413990744
16.975,1.409990621,-0.3430665755
16.9775,1.410639188,-0.3439872741
16.98,1.411117694,-0.3448766012
16.9825,1.411456069,-0.3461828319
16.985,1.412042947,-0.3463563819
16.9875,1.41254152,-0.3470488818
16.99,1.41276627,-0.3473491528
16.9925,1.413326093,-0.3474753819
16.995,1.413581364,-0.3467285644
16.9975,1.413983894,-0.3459490249
17,1.414312197,-0.3455957509
17.0025,1.414696075,-0.3445540106
17.005,1.41483367,-0.3433023855
17.0075,1.415660928,-0.3412759944
17.01,1.41531814,-0.3400749144
17.0125,1.415802428,-0.3382423967
17.015,1.415955854,-0.33590881
17.0175,1.416117074,-0.3336381087
17.02,1.416169319,-0.3312503609
17.0225,1.416355791,-0.3282965038
17.025,1.416517053,-0.3251737826
17.0275,1.416555742,-0.3221229544
17.03,1.416630496,-0.3185889983
17.0325,1.416689261,-0.3151630676
17.035,1.416611683,-0.3110873505
17.0375,1.416624853,-0.3068675957
17.04,1.416609664,-0.3029963415
17.0425,1.416599418,-0.2981228435
17.045,1.416314233,-0.2938838956
17.0475,1.416320395,-0.2889516042
17.05,1.415813151,-0.2833468532
17.0525,1.415818061,-0.2788066632
17.055,1.415615534,-0.2729939973
17.0575,1.415387413,-0.267659237
17.06,1.415005328,-0.261931357
17.0625,1.414783789,-0.2561415478
17.065,1.414474036,-0.2498633036
17.0675,1.414226293,-0.2434374875
17.07,1.413879597,-0.2374960724
17.0725,1.41347635,-0.2305320389
17.075,1.41306829,-0.2240584217
17.0775,1.412481125,-0.2171712605
17.08,1.412085832,-0.2102230835
17.0825,1.411621558,-0.2030911907
17.085,1.411323723,-0.1958237929
17.0875,1.410901824,-0.188429957
17.09,1.41013761,-0.1807465722
17.0925,1.40978419,-0.1728873472
17.095,1.409242293,-0.1654863325
17.0975,1.408714295,-0.1571693493
17.1,1.40832289,-0.149603269
17.1025,1.407588904,-0.1414720736
17.105,1.407103029,-0.1330591185
17.1075,1.406625623,-0.1252617351
17.11,1.405934657,-0.1168994431
17.1125,1.405482989,-0.1085037122
17.115,1.404945564,-0.09982050517
17.1175,1.404429557,-0.09125722487
17.12,1.403993063,-0.08243731904
17.1225,1.403437564,-0.0739368921
17.125,1.402918913,-0.06528932273
17.1275,1.402410979,-0.056556686
17.13,1.401995776,-0.04768637108
17.1325,1.401433425,-0.03793513519
17.135,1.401008803,-0.02987639553
17.1375,1.400446239,-0.02097270509
17.14,1.400006705,-0.01218951594
17.1425,1.399595973,-0.0032531518
17.145,1.399215805,0.005668828228
17.1475,1.398724804,0.01475420784
17.15,1.39843359,0.02356715161
17.1525,1.398094998,0.03255883127
17.155,1.397747145,0.04127774872
17.1575,1.397426412,0.05010710716
17.16,1.3972087,0.05927070261
17.1625,1.396927822,0.06806323021
17.165,1.39672406,0.07666022487
17.1675,1.396545488,0.08555751938
17.17,1.396313183,0.09415786539
17.1725,1.396207818,0.1026043652
17.175,1.396117031,0.1109514322
17.1775,1.395931188,0.119775403
17.18,1.395832331,0.1283279158
17.1825,1.395867938,0.1361126868
17.185,1.395976258,0.1446258743
17.1875,1.395984686,0.1526890777
17.19,1.39582091,0.1610240671
17.1925,1.395908602,0.1687871909
17.195,1.39601307,0.1764537809
17.1975,1.396244012,0.1841762079
17.2,1.396378565,0.1920390567
17.2025,1.396433194,0.1991296035
17.205,1.396661753,0.2067519462
17.2075,1.396951816,0.2137569245
17.21,1.397239485,0.2203330859
17.2125,1.397470026,0.227859179
17.215,1.397752745,0.2343524598
17.2175,1.398144846,0.2407979342
17.22,1.398467409,0.2474962614
17.2225,1.398896859,0.2536553881
17.225,1.399194131,0.259837488
17.2275,1.399672646,0.2656313103
17.23,1.400062589,0.2713885097
17.2325,1.400634138,0.2766329797
17.235,1.40099314,0.2820835251
17.2375,1.4013949,0.2875161506
17.24,1.402027173,0.2922969345
17.2425,1.402277833,0.2975354135
17.245,1.402876334,0.3017903846
17.2475,1.403424228,0.3057267708
17.25,1.403708618,0.3101970301
17.2525,1.404434432,0.3141594297
17.255,1.404983509,0.3178575803
17.2575,1.405545068,0.3212479146
17.26,1.40605845,0.3247487613
17.2625,1.406597596,0.327522045
17.265,1.407097679,0.3305900805
17.2675,1.40765526,0.3336094332
17.27,1.408119757,0.3358139447
17.2725,1.408865994,0.3380269234
17.275,1.409229973,0.3396206018
17.2775,1.409736152,0.3416926675
17.28,1.41015345,0.3431709603
17.2825,1.410743717,0.3441971675
17.285,1.411225681,0.3450460071
17.2875,1.411574048,0.3462435115
17.29,1.412182347,0.3463754927
17.2925,1.412547927,0.3472248632
17.295,1.412944756,0.3473182606
17.2975,1.413358279,0.3473547802
17.3,1.413684322,0.3465971836
17.3025,1.414087879,0.345856946
17.305,1.414391706,0.3453872707
17.3075,1.41471827,0.3444802913
17.31,1.414898308,0.3430007876
17.3125,1.415715303,0.3408848271
17.315,1.415516834,0.3396351219
17.3175,1.415865289,0.3376026852
17.32,1.415952864,0.3353325962
17.3225,1.416214961,0.3332502301
17.325,1.416161606,0.3306714129
17.3275,1.416454085,0.3277275574
17.33,1.416529041,0.3244160816
17.3325,1.416586356,0.3215940048
17.335,1.416632684,0.3178665913
17.3375,1.416676492,0.3145057413
17.34,1.416546954,0.3098522358
17.3425,1.416717383,0.3062827442
17.345,1.416683828,0.3020867207
17.3475,1.416574563,0.2971465209
17.35,1.41632302,0.2931143883
17.3525,1.416232348,0.2879728185
17.355,1.415880392,0.2828858312
17.3575,1.415768383,0.2777737539
17.36,1.415632943,0.2718228924
17.3625,1.415321734,0.2666768741
17.365,1.414976589,0.2607670451
17.3675,1.414730874,0.2549043611
17.37,1.414446872,0.2487786457
17.3725,1.414104633,0.242412138
17.375,1.413845195,0.2362503802
17.3775,1.413345089,0.2285929093
17.38,1.41298863,0.2228410117
17.3825,1.412398978,0.2158717011
17.385,1.412001889,0.2088996747
17.3875,1.411498241,0.2017333257
17.39,1.411302606,0.1944813835
17.3925,1.410665538,0.1871225352
17.395,1.410079582,0.1785699326
17.3975,1.409677258,0.171550412
17.4,1.409126148,0.1640050983
17.4025,1.408611882,0.1557190186
17.405,1.408243726,0.1480586494
17.4075,1.407477706,0.1398799123
17.41,1.407024398,0.1315153337
17.4125,1.406457126,0.1238468815
17.415,1.405840036,0.115302726
17.4175,1.405368752,0.1069214217
17.42,1.4048452,0.09817934341
17.4225,1.404316976,0.08951235348
17.425,1.403853998,0.08089192972
17.4275,1.403335611,0.072183511
17.43,1.402809971,0.0636631021
17.4325,1.402305451,0.05485593869
17.435,1.401890848,0.04600858005
17.4375,1.401460884,0.03627622652
17.44,1.40081521,0.02759379505
17.4425,1.400406994,0.01936204384
17.445,1.399888414,0.0104595657
17.4475,1.399519948,0.001576391446
17.45,1.399127258,-0.007330238219
17.4525,1.398650249,-0.01653037939
17.455,1.398378313,-0.02523264362
17.4575,1.397965582,-0.03421241181
17.46,1.397707281,-0.04309024411
17.4625,1.397375886,-0.0518573435
17.465,1.397110207,-0.06088926021
17.4675,1.396884145,-0.06986902098
17.47,1.396719683,-0.07868494919
17.4725,1.396469045,-0.08723508683
17.475,1.39631457,-0.09592336268
17.4775,1.396152773,-0.1041194402
17.48,1.396091455,-0.1128598935
17.4825,1.395881189,-0.1213658911
17.485,1.395829849,-0.1298234849
17.4875,1.395882385,-0.1376743811
17.49,1.39593626,-0.1462213283
17.4925,1.395975254,-0.1541573377
17.495,1.395827471,-0.162501466
17.4975,1.395962627,-0.1702377534
17.5,1.396001355,-0.1779610778
17.5025,1.396310274,-0.1857421315
17.505,1.396321545,-0.1933647514
17.5075,1.396488632,-0.2005701785
17.51,1.396695215,-0.2081600092
17.5125,1.397065628,-0.214891233
17.515,1.397201749,-0.2217308295
17.5175,1.397547255,-0.2291813862
17.52,1.397830536,-0.2355424615
17.5225,1.398168748,-0.2421223055
17.525,1.398594285,-0.2486139005
17.5275,1.398929689,-0.2547815155
17.53,1.399272612,-0.2609771457
17.5325,1.399738991,-0.266755359
17.535,1.400127777,-0.272394527
17.5375,1.400813977,-0.2775851776
17.54,1.401017077,-0.2833089228
17.5425,1.401497177,-0.2884240643
17.545,1.402063495,-0.2932472714
17.5475,1.402337796,-0.2982461876
17.55,1.403003382,-0.3026394427
17.5525,1.403515041,-0.306483936
17.555,1.403755961,-0.3110039486
17.5575,1.404615692,-0.3149743255
17.56,1.405067166,-0.3185468274
17.5625,1.405715934,-0.3217928977
17.565,1.406081171,-0.3254575564
17.5675,1.406681761,-0.3282154173
17.57,1.407195698,-0.3311284085
17.5725,1.407759256,-0.3341218485
17.575,1.408197403,-0.3362560135
17.5775,1.409001215,-0.3383316808
17.58,1.409330617,-0.340233227
17.5825,1.409817286,-0.3419999421
17.585,1.410285733,-0.3433758484
17.5875,1.410813399,-0.3443925861
17.59,1.411310236,-0.3452444691
17.5925,1.411652974,-0.3464383725
17.595,1.412264026,-0.3464313667
17.5975,1.412605059,-0.3473619294
17.6,1.413019791,-0.3473577731
17.6025,1.41340164,-0.3472001795
17.605,1.413743926,-0.34646692
17.6075,1.414129436,-0.3459475202
17.61,1.414455699,-0.3451279986
17.6125,1.414715668,-0.3443012762
17.615,1.415033472,-0.3427781768
17.6175,1.415603801,-0.3406239695
17.62,1.41559266,-0.3393994032
17.6225,1.415922594,-0.3370020715
17.625,1.415896557,-0.33506736
17.6275,1.416225484,-0.3327906987
17.63,1.416131089,-0.3301743182
17.6325,1.416553183,-0.3271989792
17.635,1.41653762,-0.3238672857
17.6375,1.416567226,-0.3209463865
17.64,1.416646339,-0.317255632
17.6425,1.416552617,-0.3134623554
17.645,1.41660016,-0.3090201531
17.6475,1.41666882,-0.3056722973
17.65,1.416675403,-0.3012007179
17.6525,1.416407267,-0.296324781
17.655,1.416398725,-0.2922801572
17.6575,1.416127839,-0.2870139116
17.66,1.415865931,-0.2819211737
17.6625,1.415750613,-0.2767500844
17.665,1.415589571,-0.2708739242
17.6675,1.415211152,-0.2656082121
17.67,1.41494357,-0.2596923131
17.6725,1.414707955,-0.2538051211
17.675,1.414427685,-0.2474358895
17.6775,1.41396449,-0.2412718173
17.68,1.413756844,-0.2349915719
17.6825,1.41327884,-0.2272555599
17.685,1.412783429,-0.2210766622
17.6875,1.412359028,-0.2146260358
17.69,1.411936313,-0.2075614499
17.6925,1.411462156,-0.2003776253
17.695,1.411254631,-0.1930974973
17.6975,1.410464599,-0.1850782117
17.7,1.410024454,-0.1778000178
17.7025,1.409589659,-0.1702187417
17.705,1.409079103,-0.1624902379
17.7075,1.408563755,-0.1542931794
17.71,1.408064485,-0.1465568708
17.7125,1.407422982,-0.1383482023
17.715,1.406927574,-0.1301986878
17.7175,1.406371623,-0.1223689834
17.72,1.405770382,-0.1137080003
17.7225,1.405300209,-0.1052889225
17.725,1.40476692,-0.09658990345
17.7275,1.404273058,-0.08777532262
17.73,1.403772984,-0.0793339032
17.7325,1.403258148,-0.07052592822
17.735,1.40275426,-0.0621305281
17.7375,1.402243106,-0.05318207127
17.74,1.401842041,-0.04430217077
17.7425,1.401311173,-0.03466549335
17.745,1.400742971,-0.02657735503
17.7475,1.40031405,-0.01780261373
17.75,1.399855452,-0.008714529504
17.7525,1.399455223,7.709618701e-05
17.755,1.399059194,0.009045444851
17.7575,1.398623803,0.01818742363
17.76,1.398348202,0.02684056974
17.7625,1.397898727,0.03587548054
17.765,1.397610811,0.04488473103
17.7675,1.397349136,0.05358476812
17.77,1.397105563,0.06248900638
17.7725,1.396866134,0.07159941182
17.775,1.396673835,0.08035219762
17.7775,1.396430631,0.0887371003
17.78,1.396322183,0.09763721988
17.7825,1.396146313,0.1055007242
17.785,1.396072667,0.1145348673
17.7875,1.395873968,0.1229892566
17.79,1.395822921,0.1312690514
17.7925,1.395919565,0.1392593346
17.795,1.395952498,0.1478043632
17.7975,1.395974797,0.1556964353
17.8,1.395877579,0.163934435
17.8025,1.395971478,0.1716652804
17.805,1.396080406,0.179455833
17.8075,1.396352725,0.1871125077
17.81,1.396330908,0.1946762594
17.8125,1.396529004,0.2020066699
17.815,1.39673495,0.2094554225
17.8175,1.397167781,0.216014942
17.82,1.397268289,0.223151856
17.8225,1.397606455,0.230350932
17.825,1.397926619,0.23673889
17.8275,1.39825649,0.2434057934
17.83,1.398663839,0.2497532654
17.8325,1.398952125,0.2559919638
17.835,1.39937325,0.2620457545
17.8375,1.399825369,0.2678741297
17.84,1.400224556,0.2733941987
17.8425,1.40082891,0.2786535561
17.845,1.401121349,0.2842458464
17.8475,1.401637907,0.2893999625
17.85,1.40214438,0.2941602217
17.8525,1.402464238,0.2990183864
17.855,1.403106035,0.303360874
17.8575,1.403574671,0.3071488914
17.86,1.403924137,0.3118142822
17.8625,1.404737929,0.3156791924
17.865,1.405154664,0.3191847688
17.8675,1.405801192,0.322510053
17.87,1.406246022,0.3258845673
17.8725,1.406778005,0.3287950007
17.875,1.407318919,0.3317131089
17.8775,1.407848575,0.3345328204
17.88,1.408324061,0.3366655847
17.8825,1.409131948,0.338530837
17.885,1.409405212,0.3406609143
17.8875,1.40987293,0.3423160667
17.89,1.41043134,0.3435301038
17.8925,1.41092059,0.3445882027
17.895,1.411376101,0.3453774666
17.8975,1.411773363,0.3464723987
17.9,1.412344451,0.3466289369
17.9025,1.412674873,0.3473214664
17.905,1.413092247,0.3473347433
17.9075,1.413478035,0.3470054304
17.91,1.413814957,0.3462630396
17.9125,1.4142074,0.345883833
17.915,1.414546046,0.3448517033
17.9175,1.414697373,0.3439150313
17.92,1.415267068,0.3424201719
17.9225,1.415532461,0.3407003929
17.925,1.415785369,0.3388681998
17.9275,1.415959583,0.3364932193
17.93,1.415992233,0.3346037283
17.9325,1.416209932,0.3323426144
17.935,1.416204171,0.3296164584
17.9375,1.41654862,0.3266139129
17.94,1.416588203,0.3232637197
17.9425,1.416608414,0.3202412676
17.945,1.416655234,0.3166963334
17.9475,1.416661197,0.3130098841
17.95,1.416534684,0.3085751
17.9525,1.416814956,0.3048607269
17.955,1.416580079,0.3002833629
17.9575,1.416439092,0.2955487294
17.96,1.416441133,0.2913086481
17.9625,1.41599028,0.2854715326
17.965,1.415885451,0.2809601868
17.9675,1.415716583,0.2755886527
17.97,1.415571099,0.2693873436
17.9725,1.415140594,0.2645572554
17.975,1.414894364,0.2586824116
17.9775,1.414649545,0.2526710658
17.98,1.414291272,0.2456567855
17.9825,1.414001572,0.2402108578
17.985,1.413718053,0.2336660059
17.9875,1.413199338,0.2261991672
17.99,1.412696083,0.2202356239
17.9925,1.412266012,0.2132587739
17.995,1.411830383,0.2062204878
17.9975,1.411368189,0.1989962563
18,1.411175077,0.1916905702
18.0025,1.410405925,0.1842343075
18.005,1.409930304,0.1761841549
18.0075,1.409480303,0.1688677717
18.01,1.408929794,0.1608855867
18.0125,1.408477058,0.1529105387
18.015,1.407929649,0.1450242813
18.0175,1.407311597,0.1367507
18.02,1.406841978,0.1287618695
18.0225,1.406223345,0.12082953
18.025,1.405658131,0.1121677703
18.0275,1.405184293,0.1035958333
18.03,1.404653641,0.09501577216
18.0325,1.404173883,0.08609320453
18.035,1.403690231,0.0776488052
18.0375,1.403134718,0.06899634472
18.04,1.40263614,0.06049773017
18.0425,1.402123076,0.05149564182
18.045,1.401703936,0.04260779584
18.0475,1.401273779,0.03369141394
18.05,1.400626178,0.02495634791
18.0525,1.400226619,0.01607405588
18.055,1.399731207,0.007000009351
18.0575,1.399366876,-0.001778174388
18.06,1.398951083,-0.01074853861
18.0625,1.39856935,-0.01995267206
18.065,1.398308028,-0.02864049406
18.0675,1.397785705,-0.03757158017
18.07,1.397539353,-0.04644307423
18.0725,1.397315016,-0.05539586438
18.075,1.39701158,-0.06416487431
18.0775,1.396810396,-0.07321448602
18.08,1.396630088,-0.08141092774
18.0825,1.396372417,-0.09045778955
18.085,1.396304144,-0.09929300084
18.0875,1.396127144,-0.1070622919
18.09,1.395983016,-0.1161465754
18.0925,1.395866213,-0.1246769842
18.095,1.395812011,-0.1327368531
18.0975,1.395939595,-0.1409521298
18.1,1.395930204,-0.1492988233
18.1025,1.395930067,-0.1575030379
18.105,1.395869606,-0.165442459
18.1075,1.395956791,-0.1730663648
18.11,1.396101031,-0.180963055
18.1125,1.396387664,-0.1886464
18.115,1.396338119,-0.1959949443
18.1175,1.396561284,-0.203459787
18.12,1.396766832,-0.2107750229
18.1225,1.397248145,-0.2172646038
18.125,1.397241099,-0.2246765984
18.1275,1.39767259,-0.2315767186
18.13,1.398018872,-0.2379837177
18.1325,1.398315538,-0.2445831697
18.135,1.398738231,-0.250972238
18.1375,1.399001404,-0.257649147
18.14,1.399512984,-0.2631006389
18.1425,1.39987227,-0.2689666857
18.145,1.400335955,-0.2743864348
18.1475,1.400840845,-0.2796975592
18.15,1.401191562,-0.2852443345
18.1525,1.401803135,-0.2903205648
18.155,1.402170286,-0.2953457015
18.1575,1.402576359,-0.2997761886
18.16,1.40319827,-0.304097234
18.1625,1.403629873,-0.3080529118
18.165,1.404030124,-0.3125126663
18.1675,1.404808201,-0.3163328693
18.17,1.405256699,-0.3198279512
18.1725,1.405921086,-0.323240102
18.175,1.406344817,-0.3263788464
18.1775,1.40687306,-0.3293344805
18.18,1.407380676,-0.3323467792
18.1825,1.407941427,-0.3348710053
18.185,1.40849197,-0.3371816989
18.1875,1.409190267,-0.3387442485
18.19,1.409515831,-0.3410562177
18.1925,1.40991964,-0.3426969927
18.195,1.410559206,-0.3437532034
18.1975,1.41097556,-0.3447273184
18.2,1.411382482,-0.3457395493
18.2025,1.411877736,-0.3464991236
18.205,1.412410401,-0.3467979543
18.2075,1.41271436,-0.3473319496
18.21,1.413173052,-0.3474354219
18.2125,1.413506943,-0.3468755177
18.215,1.413862987,-0.3460325428
18.2175,1.414234664,-0.3458227138
18.22,1.414614953,-0.3447209638
18.2225,1.414735973,-0.3436551023
18.225,1.415432577,-0.3420017509
18.2275,1.415364576,-0.3403742548
18.23,1.415847579,-0.338765414
18.2325,1.415920535,-0.3362465682
18.235,1.416026278,-0.3343428023
18.2375,1.416189679,-0.3318761878
18.24,1.416224586,-0.3290624657
18.2425,1.416540826,-0.3260287128
18.245,1.416563653,-0.3227908281
18.2475,1.416620989,-0.3194858497
18.25,1.416663122,-0.3159974583
18.2525,1.416626326,-0.3122083124
18.255,1.416610861,-0.3078262282
18.2575,1.41665498,-0.3040855267
18.26,1.416619562,-0.2993646389
18.2625,1.41634844,-0.294925105
18.265,1.416396813,-0.2902852338
18.2675,1.415878034,-0.2845338581
18.27,1.415856771,-0.2799948738
18.2725,1.41567715,-0.2744590456
18.275,1.415492249,-0.2690202367
18.2775,1.415095413,-0.2633923788
18.28,1.414840026,-0.2576317773
18.2825,1.414577891,-0.2513931995
18.285,1.414297571,-0.2450533997
18.2875,1.413889644,-0.239042414
18.29,1.413646359,-0.2322621407
18.2925,1.413087784,-0.224961842
18.295,1.412576234,-0.2189446552
18.2975,1.412189491,-0.2119330322
18.3,1.411750252,-0.2048735708
18.3025,1.411332715,-0.1975955428
18.305,1.411083102,-0.1902454866
18.3075,1.410274857,-0.1827497918
18.31,1.409866423,-0.1747819274
18.3125,1.409393627,-0.1673422678
18.315,1.408849336,-0.1593101469
18.3175,1.408386599,-0.1515662303
18.32,1.407762124,-0.1435186495
18.3225,1.407221596,-0.1351841012
18.325,1.406756255,-0.1272569721
18.3275,1.406120069,-0.1191720546
18.33,1.405600375,-0.1106017537
18.3325,1.405086763,-0.1019757294
18.335,1.404575918,-0.09344211207
18.3375,1.404082956,-0.08445593718
18.34,1.403611138,-0.07607851788
18.3425,1.403058531,-0.06747131851
18.345,1.402548277,-0.05883726196
18.3475,1.402086384,-0.04986067463
18.35,1.401581272,-0.04093196438
18.3525,1.401205964,-0.03200203222
18.355,1.40053281,-0.02331643793
18.3575,1.400127298,-0.01441619307
18.36,1.399682681,-0.005316636202
18.3625,1.399297046,0.003447409117
18.365,1.398848528,0.01247776924
18.3675,1.398517761,0.02154917967
18.37,1.398240283,0.03032451716
18.3725,1.39777361,0.03913153208
18.375,1.397480984,0.04799446968
18.3775,1.397305669,0.05709521089
18.38,1.396981568,0.0658105195
18.3825,1.396766159,0.07475053104
18.385,1.396608304,0.08317119095
18.3875,1.396336908,0.09202166441
18.39,1.396252665,0.1007213123
18.3925,1.396124217,0.1086929554
18.395,1.395974006,0.1176962156
18.3975,1.395842444,0.1263338526
18.4,1.395845873,0.1341718165
18.4025,1.395972283,0.1425071725
18.405,1.395971198,0.151271507
18.4075,1.395861995,0.1596214778
18.41,1.395903248,0.1668087679
18.4125,1.395996187,0.1744154102
18.415,1.39614652,0.1823711534
18.4175,1.396424756,0.1901664554
18.42,1.396358771,0.1973142761
18.4225,1.396591452,0.2048656158
18.425,1.396829994,0.2119574017
18.4275,1.397248699,0.2184830611
18.43,1.3973706,0.2261349602
18.4325,1.397684264,0.2327835156
18.435,1.398081799,0.2391903811
18.4375,1.398345285,0.245820962
18.44,1.398828426,0.252068308
18.4425,1.39905092,0.2588127295
18.445,1.399616858,0.2642080414
18.4475,1.399955216,0.2700233486
18.45,1.400437816,0.2753487914
18.4525,1.400913794,0.2807169145
18.455,1.401307093,0.2862111761
18.4575,1.401921032,0.2911643416
18.46,1.402218078,0.2964222534
18.4625,1.40267712,0.3005971588
18.465,1.40332084,0.3048247197
18.4675,1.40363794,0.3090337172
18.47,1.404187472,0.313140672
18.4725,1.404909641,0.3169557322
18.475,1.405351635,0.3204325656
18.4775,1.405983477,0.3238726834
18.48,1.406477949,0.3267684903
18.4825,1.406974053,0.3298498876
18.485,1.407480279,0.3328917207
18.4875,1.408054152,0.3352663073
18.49,1.408610635,0.337548298
18.4925,1.409169258,0.339095045
18.495,1.409653007,0.3412710192
18.4975,1.409953034,0.3429349057
18.5,1.410682121,0.3439164969
18.5025,1.411091156,0.3448109011
18.505,1.41141152,0.3460522627
18.5075,1.412045923,0.346356656
18.51,1.412485041,0.3469414627
18.5125,1.412789946,0.3473246812
18.515,1.41328629,0.3475229785
18.5175,1.413586719,0.346710252
18.52,1.413936056,0.3459378407
18.5225,1.414324614,0.345620997
18.525,1.41470111,0.34455804
18.5275,1.414800271,0.343351911
18.53,1.415591299,0.3413194887
18.5325,1.41542032,0.3401286133
18.535,1.415823692,0.3383380825
18.5375,1.415962255,0.3359431275
18.54,1.416117983,0.3337798934
18.5425,1.416189369,0.3313987231
18.545,1.416338083,0.3284603353
18.5475,1.416532516,0.3253713167
18.55,1.41657366,0.3222744512
18.5525,1.416635543,0.3188040645
18.555,1.416700769,0.3153726416
18.5575,1.416580029,0.3109933951
18.56,1.416612341,0.3071002331
18.5625,1.416701345,0.3032310758
18.565,1.416605031,0.2984044015
18.5675,1.416324505,0.2941377274
18.57,1.416336986,0.2892639905
18.5725,1.415906024,0.2836212463
18.575,1.41581635,0.2790805034
18.5775,1.415626956,0.2733762532
18.58,1.415426846,0.2679899079
18.5825,1.415020414,0.262293365
18.585,1.414793408,0.2565048247
18.5875,1.414471725,0.2502376631
18.59,1.414235344,0.243816006
18.5925,1.413938589,0.2372534972
18.595,1.41349764,0.2309992504
18.5975,1.413098929,0.2244434888
18.6,1.412491626,0.217582091
18.6025,1.412091538,0.2106525871
18.605,1.411635811,0.2035280689
18.6075,1.411307487,0.1962626545
18.61,1.410930657,0.1888932111
18.6125,1.410142484,0.1805144627
18.615,1.40979771,0.1734192181
18.6175,1.409246326,0.1659696588
18.62,1.408718829,0.157670803
18.6225,1.408420162,0.1501124919
18.625,1.40757522,0.1419729608
18.6275,1.407144839,0.1335016275
18.63,1.406613047,0.125710354
18.6325,1.405963464,0.1174852663
18.635,1.405484409,0.1089963694
18.6375,1.404965225,0.1003441118
18.64,1.404434805,0.09185258317
18.6425,1.40403404,0.08292977701
18.645,1.403441166,0.07444896053
18.6475,1.402932377,0.0658115679
18.65,1.4024146,0.05707431042
18.6525,1.40196373,0.04820485
18.655,1.401542637,0.03844108682
18.6575,1.401034575,0.03039540791
18.66,1.400469239,0.02145537949
18.6625,1.399998075,0.01272473571
18.665,1.399595052,0.003765505927
18.6675,1.39921804,-0.005159403433
18.67,1.398731869,-0.01422121158
18.6725,1.398437173,-0.02308639131
18.675,1.398120112,-0.0320319738
18.6775,1.39774059,-0.04077815974
18.68,1.397429936,-0.04962534159
18.6825,1.397189296,-0.05876609933
18.685,1.396917944,-0.06745234098
18.6875,1.3967469,-0.07628806883
18.69,1.39653634,-0.08502149087
18.6925,1.396310886,-0.09365648065
18.695,1.396207109,-0.1021468139
18.6975,1.396116367,-0.1103696731
18.7,1.395904728,-0.119312556
18.7025,1.395836818,-0.1278785688
18.705,1.395852208,-0.1356517188
18.7075,1.395983129,-0.1441491475
18.71,1.39593374,-0.1521825346
18.7125,1.395814377,-0.160598797
18.715,1.395901768,-0.1683082198
18.7175,1.395964739,-0.1759849032
18.72,1.396251073,-0.1837188811
18.7225,1.396361726,-0.1916279573
18.725,1.396411164,-0.1986799692
18.7275,1.396636991,-0.2063059214
18.73,1.396924649,-0.2133420873
18.7325,1.39721506,-0.219856219
18.735,1.397428038,-0.2274590745
18.7375,1.397721361,-0.2339890678
18.74,1.398136669,-0.2404410552
18.7425,1.398430453,-0.2471046405
18.745,1.398871444,-0.2532643391
18.7475,1.399146383,-0.2595092994
18.75,1.399642979,-0.2653129918
18.7525,1.400020569,-0.2710569805
18.755,1.400590604,-0.2763277609
18.7575,1.400995167,-0.2817019384
18.76,1.401329139,-0.2872311137
18.7625,1.402054067,-0.2920349863
18.765,1.402248469,-0.2973397374
18.7675,1.402799439,-0.3014632314
18.77,1.403405361,-0.3055524462
18.7725,1.403674966,-0.3099446771
18.775,1.404391174,-0.3138990061
18.7775,1.404931376,-0.3176751895
18.78,1.405514807,-0.3210558255
18.7825,1.406049682,-0.3245139671
18.785,1.406546166,-0.3274366054
18.7875,1.407028318,-0.3303867331
18.79,1.407607977,-0.3334471965
18.7925,1.408099214,-0.3357158759
18.795,1.40877199,-0.3379392773
18.7975,1.409228108,-0.3395150708
18.8,1.409702048,-0.341570712
18.8025,1.41007719,-0.3431691021
18.805,1.410681142,-0.3441563606
18.8075,1.411190756,-0.3449912754
18.81,1.411540283,-0.3462817723
18.8125,1.41211327,-0.3463968629
18.815,1.412567363,-0.3471811189
18.8175,1.412845434,-0.3473431938
18.82,1.413358151,-0.3474266391
18.8225,1.413637578,-0.3466577697
18.825,1.414055111,-0.3459001738
18.8275,1.414348135,-0.3454736447
18.83,1.414702954,-0.3445226753
18.8325,1.414894993,-0.3431394304
18.835,1.415686928,-0.34102013
18.8375,1.415402078,-0.3397932975
18.84,1.415781519,-0.3378018156
18.8425,1.415918219,-0.3354585516
18.845,1.416185634,-0.3334130311
18.8475,1.416146125,-0.330861462
18.85,1.416410338,-0.3279156954
18.8525,1.416504233,-0.3246822011
18.855,1.416554303,-0.3217879097
18.8575,1.416630994,-0.3180753298
18.86,1.416674074,-0.3147277818
18.8625,1.416559381,-0.3101102169
18.865,1.416642132,-0.3065079817
18.8675,1.41662706,-0.3024030892
18.87,1.416580901,-0.2974789152
18.8725,1.416309602,-0.2933377996
18.875,1.416266319,-0.2883027126
18.8775,1.415859605,-0.2831939504
18.88,1.415791899,-0.2781205551
18.8825,1.415617585,-0.2721729937
18.885,1.415327359,-0.2669814102
18.8875,1.41498469,-0.2611302354
18.89,1.414747818,-0.2553048782
18.8925,1.414470964,-0.2491315219
18.895,1.414126433,-0.2427465383
18.8975,1.413857594,-0.2366581365
18.9,1.413403511,-0.2296486438
18.9025,1.413001541,-0.2232157119
18.905,1.412434517,-0.2162841434
18.9075,1.412046903,-0.209319857
18.91,1.411542636,-0.202168939
18.9125,1.411325704,-0.1949031697
18.915,1.410752035,-0.1875120276
18.9175,1.410103511,-0.1797852435
18.92,1.409718938,-0.1719340627
18.9225,1.409177358,-0.1644739246
18.925,1.408652857,-0.1561711592
18.9275,1.408248456,-0.1485495932
18.93,1.40753662,-0.1403786156
18.9325,1.407032928,-0.1320413561
18.935,1.406540047,-0.1243074446
18.9375,1.40587665,-0.1158214589
18.94,1.405415272,-0.1074356343
18.9425,1.404879907,-0.09870256547
18.945,1.404358229,-0.09007271958
18.9475,1.403897788,-0.08141172239
18.95,1.403379521,-0.07271432873
18.9525,1.402853469,-0.06418294293
18.955,1.402354813,-0.05542002595
18.9575,1.401954752,-0.04655809812
18.96,1.401415697,-0.03681411315
18.9625,1.400850194,-0.02806004118
18.965,1.400412805,-0.0199385682
18.9675,1.399954087,-0.01101803206
18.97,1.399552483,-0.002127500803
18.9725,1.399164527,0.006783744874
18.975,1.398677772,0.01595207213
18.9775,1.398399434,0.02467383122
18.98,1.39801278,0.03364752576
18.9825,1.397728183,0.04246893799
18.985,1.397398648,0.05128157865
18.9875,1.397165992,0.06035559164
18.99,1.396905525,0.06999185481
18.9925,1.396699536,0.07812730691
18.995,1.396505483,0.08665078441
18.9975,1.396309618,0.09531116857
19,1.396179545,0.1036182107
19.0025,1.396107967,0.1122697957
19.005,1.395903507,0.1208417335
19.0075,1.395838223,0.1293228977
19.01,1.395877372,0.1371374161
19.0125,1.395954055,0.145692271
19.015,1.395994679,0.1536746745
19.0175,1.395830875,0.1619977553
19.02,1.395932579,0.1697629667
19.0225,1.396031555,0.1774642478
19.025,1.396271481,0.1852028041
19.0275,1.396354808,0.192928438
19.03,1.39647113,0.2000775735
19.0325,1.39668802,0.2076868625
19.035,1.397030796,0.2145176851
19.0375,1.397222969,0.221282848
19.04,1.397532787,0.2287472712
19.0425,1.397799179,0.2351376311
19.045,1.398160626,0.2416770358
19.0475,1.398548527,0.2482671055
19.05,1.398929115,0.2544006294
19.0525,1.399254189,0.260592709
19.055,1.399719978,0.2663796667
19.0575,1.400107661,0.2720590722
19.06,1.400753014,0.2772882425
19.0625,1.401014216,0.2828808091
19.065,1.401462231,0.2881369825
19.0675,1.402038667,0.292914522
19.07,1.402322125,0.297980205
19.0725,1.402970966,0.3023753723
19.075,1.403472437,0.3062136953
19.0775,1.403760488,0.3107363619
19.08,1.404549841,0.3146984137
19.0825,1.4050359,0.3183065962
19.085,1.405643517,0.3216288385
19.0875,1.406090824,0.3252001217
19.09,1.406643105,0.3279589581
19.0925,1.407182374,0.3309504091
19.095,1.407729795,0.3339317836
19.0975,1.408157537,0.3360966387
19.1,1.409014989,0.3382278425
19.1025,1.409285255,0.3400217816
19.105,1.40979854,0.3418802297
19.1075,1.410253221,0.3432860878
19.11,1.410796185,0.3443325358
19.1125,1.411285339,0.3451672839
19.115,1.411620851,0.3463247086
19.1175,1.412259359,0.3463748051
19.12,1.41257055,0.3473171415
19.1225,1.413017858,0.3473170492
19.125,1.413388938,0.3472273295
19.1275,1.413734326,0.3464961611
19.13,1.414125377,0.3459055824
19.1325,1.414443337,0.3452042959
19.135,1.414729833,0.344367264
19.1375,1.414959458,0.3428075599
19.14,1.415719316,0.3406892333
19.1425,1.415608781,0.3394056001
19.145,1.415907778,0.3372068734
19.1475,1.415950479,0.3351288425
19.15,1.416239442,0.3329177068
19.1525,1.4161352,0.3303226711
19.155,1.416538127,0.3273569853
19.1575,1.416546513,0.3240326458
19.16,1.416582433,0.321146925
19.1625,1.416634192,0.3174773516
19.165,1.416641667,0.3140458142
19.1675,1.416537052,0.3092366022
19.17,1.416758401,0.3058445221
19.1725,1.416685209,0.3014734189
19.175,1.416449282,0.2965654323
19.1775,1.416379768,0.2925427943
19.18,1.416163367,0.2873393319
19.1825,1.415888033,0.28222245
19.185,1.415744352,0.2770580678
19.1875,1.415615085,0.2711741473
19.19,1.415244017,0.2659453524
19.1925,1.414959943,0.260046505
19.195,1.414708625,0.2541301379
19.1975,1.41440864,0.2479027672
19.2,1.414052726,0.2416434647
19.2025,1.413760026,0.2354134524
19.205,1.41333777,0.2276687396
19.2075,1.412911774,0.2219838302
19.21,1.412350073,0.2150107782
19.2125,1.411947795,0.2079907975
19.215,1.411458961,0.2008124245
19.2175,1.411259574,0.1935744333
19.22,1.410524871,0.185552848
19.2225,1.410048016,0.1776276457
19.225,1.40959878,0.1706797503
19.2275,1.409077762,0.1629722381
19.23,1.408561512,0.1547343029
19.2325,1.408147429,0.1470319402
19.235,1.407420019,0.1388345468
19.2375,1.406966064,0.1305557739
19.24,1.406378218,0.12287661
19.2425,1.405778055,0.1142050181
19.245,1.405309658,0.1058208011
19.2475,1.404783397,0.0970860763
19.25,1.404284886,0.08830609652
19.2525,1.403776966,0.07980024065
19.255,1.403275301,0.07106500271
19.2575,1.402758439,0.06262135984
19.26,1.40224278,0.05370071939
19.2625,1.401839292,0.04486226199
19.265,1.401401568,0.03514968523
19.2675,1.400762506,0.0271124595
19.27,1.400346052,0.01824204728
19.2725,1.399834116,0.00929177583
19.275,1.399469219,0.0004406213247
19.2775,1.399071247,-0.008496512942
19.28,1.398625251,-0.01767339118
19.2825,1.398347732,-0.02634857957
19.285,1.397907492,-0.03536050611
19.2875,1.397629023,-0.04435150522
19.29,1.397347118,-0.05304497485
19.2925,1.39709041,-0.06197888046
19.295,1.396868425,-0.07109112188
19.2975,1.396680903,-0.07977458623
19.3,1.396436478,-0.0882795806
19.3025,1.396331731,-0.09715905797
19.305,1.39612937,-0.1050831528
19.3075,1.396058234,-0.1140045269
19.31,1.3958706,-0.1224671483
19.3125,1.395821029,-0.1308310296
19.315,1.395908827,-0.1387384047
19.3175,1.395928276,-0.147288615
19.32,1.395976082,-0.1551780477
19.3225,1.395850885,-0.1634952684
19.325,1.39597322,-0.1712139255
19.3275,1.396029487,-0.1790144431
19.33,1.396347476,-0.1866916624
19.3325,1.396303151,-0.194250783
19.335,1.396517381,-0.2015592267
19.3375,1.396720565,-0.2090339329
19.34,1.397137496,-0.2156503188
19.3425,1.397220112,-0.2226854206
19.345,1.397587493,-0.2300230034
19.3475,1.3978919,-0.2363655604
19.35,1.398217667,-0.2430060589
19.3525,1.398661806,-0.2493722117
19.355,1.398939475,-0.2555616258
19.3575,1.399326142,-0.2617282926
19.36,1.399793067,-0.2675315901
19.3625,1.400193095,-0.2730826536
19.365,1.400864194,-0.2783107356
19.3675,1.401047631,-0.2839705123
19.37,1.401599947,-0.2890793303
19.3725,1.402106979,-0.2938919506
19.375,1.402396217,-0.2987665362
19.3775,1.403073615,-0.303145852
19.38,1.403574394,-0.3069674707
19.3825,1.403851643,-0.3115612672
19.385,1.404708443,-0.3154977285
19.3875,1.405124085,-0.3189860653
19.39,1.405785688,-0.3222686426
19.3925,1.406168501,-0.3257976366
19.395,1.406728769,-0.3286215246
19.3975,1.407290765,-0.3315119243
19.4,1.407804922,-0.334441026
19.4025,1.40828286,-0.3365391657
19.405,1.409076511,-0.3384858894
19.4075,1.409371977,-0.3405534061
19.41,1.409858782,-0.3422212711
19.4125,1.410369121,-0.3434959034
19.415,1.410876272,-0.3445118247
19.4175,1.411351961,-0.3453740814
19.42,1.411718303,-0.3465208706
19.4225,1.412317551,-0.3465976411
19.425,1.41264168,-0.3473550753
19.4275,1.413058416,-0.3473558728
19.43,1.413444832,-0.3470859594
19.4325,1.41379001,-0.3463526441
19.435,1.414167742,-0.345921581
19.4375,1.414510273,-0.3449480175
19.44,1.414683043,-0.3440353898
19.4425,1.415211741,-0.3425854867
19.445,1.415515217,-0.3407270653
19.4475,1.415716153,-0.3393139133
19.45,1.415979496,-0.336915715
19.4525,1.41591151,-0.3347264898
19.455,1.416207533,-0.3325114018
19.4575,1.416172541,-0.3298043776
19.46,1.416546226,-0.3268140963
19.4625,1.416562463,-0.323466748
19.465,1.416580967,-0.3204778184
19.4675,1.416658385,-0.3168748702
19.47,1.416606266,-0.313295747
19.4725,1.41659709,-0.3088208313
19.475,1.416703218,-0.305108211
19.4775,1.416645148,-0.3005861852
19.48,1.416403598,-0.2958173049
19.4825,1.416441072,-0.2916089218
19.485,1.416048035,-0.286279285
19.4875,1.415857446,-0.281250182
19.49,1.415733856,-0.2759899685
19.4925,1.415586864,-0.270192221
19.495,1.415150586,-0.2648692847
19.4975,1.414911676,-0.2590108692
19.5,1.414667941,-0.2530450416
19.5025,1.414385559,-0.2466297922
19.505,1.413937913,-0.2404987553
19.5075,1.413736549,-0.2340811709
19.51,1.41320001,-0.2265343358
19.5125,1.412678785,-0.2201370294
19.515,1.412311812,-0.2137180724
19.5175,1.411873061,-0.2066371062
19.52,1.411412847,-0.1994328998
19.5225,1.411217324,-0.1920954362
19.525,1.41045154,-0.1847759443
19.5275,1.409959782,-0.1766472457
19.53,1.409538088,-0.1693151984
19.5325,1.408993267,-0.1614036778
19.535,1.408518869,-0.1533360537
19.5375,1.40796133,-0.1455177525
19.54,1.40736489,-0.1372941328
19.5425,1.406869529,-0.1292438714
19.545,1.406282615,-0.1213049881
19.5475,1.405712068,-0.1126620049
19.55,1.405231628,-0.1041372188
19.5525,1.404704409,-0.09552544638
19.555,1.404209681,-0.08663521139
19.5575,1.403737534,-0.07821383138
19.56,1.403181092,-0.06949172086
19.5625,1.402688447,-0.06101602219
19.565,1.4021839,-0.0520454372
19.5675,1.401766773,-0.04313362425
19.57,1.401276485,-0.03426065695
19.5725,1.400668626,-0.02547448599
19.575,1.4002575,-0.01664472512
19.5775,1.39980092,-0.007539924229
19.58,1.399404362,0.001222260309
19.5825,1.399001556,0.01019674693
19.585,1.398590858,0.01936482529
19.5875,1.398336586,0.02802335023
19.59,1.39783432,0.03701298418
19.5925,1.397566969,0.04593766901
19.595,1.397337151,0.0548189953
19.5975,1.397056563,0.06362358958
19.6,1.396831079,0.07268879405
19.6025,1.396653214,0.08086492466
19.605,1.396399586,0.08988688491
19.6075,1.396307553,0.09874236207
19.61,1.396156987,0.106487821
19.6125,1.39602761,0.1156168553
19.615,1.395872947,0.124137609
19.6175,1.395821971,0.1322530865
19.62,1.395928565,0.1404126698
19.6225,1.395954769,0.14883857
19.625,1.395951182,0.1568891642
19.6275,1.395888968,0.1649461209
19.63,1.39596945,0.1726291067
19.6325,1.396101277,0.1804734161
19.635,1.396380952,0.1881280973
19.6375,1.396346438,0.1955907477
19.64,1.396551056,0.202995438
19.6425,1.396758238,0.2103640131
19.645,1.397222639,0.216863766
19.6475,1.397268144,0.2242080378
19.65,1.397656788,0.2311710936
19.6525,1.397999561,0.2375617501
19.655,1.398301458,0.2442275483
19.6575,1.398715551,0.2505961551
19.66,1.398973051,0.2572535743
19.6625,1.399466915,0.2627349615
19.665,1.399882536,0.2686193226
19.6675,1.400296575,0.2740697163
19.67,1.400819695,0.2793700493
19.6725,1.401198819,0.2849078128
19.675,1.401730992,0.2900420298
19.6775,1.402186751,0.2949242081
19.68,1.402553912,0.2995428226
19.6825,1.403168924,0.3038506604
19.685,1.403610814,0.3077192434
19.6875,1.404021027,0.312291609
19.69,1.404784651,0.3161042452
19.6925,1.40522234,0.3196269774
19.695,1.405875079,0.3230020482
19.6975,1.4063321,0.3261953644
19.7,1.406856745,0.3291716761
19.7025,1.407364069,0.3321372174
19.705,1.407914419,0.3347322019
19.7075,1.4084486,0.3370337352
19.71,1.409154177,0.338654831
19.7125,1.409493365,0.3409098566
19.715,1.40990521,0.3425852777
19.7175,1.410556056,0.3436812384
19.72,1.410961494,0.3447073198
19.7225,1.411390672,0.3455721119
19.725,1.411860552,0.3464765722
19.7275,1.412384291,0.3467290906
19.73,1.412732604,0.3472991175
19.7325,1.413147311,0.3473701237
19.735,1.413514782,0.3469058632
19.7375,1.413837992,0.3460746082
19.74,1.414250221,0.3458432516
19.7425,1.414599994,0.3447137919
19.745,1.41474491,0.3437334861
19.7475,1.41537597,0.3421382158
19.75,1.415459311,0.3404092626
19.7525,1.415861905,0.338644479
19.755,1.415927601,0.3364011756
19.7575,1.416048146,0.3344966946
19.76,1.416202598,0.3320115051
19.7625,1.416234495,0.3292401791
19.765,1.416550999,0.3262074478
19.7675,1.416589514,0.3229119794
19.77,1.416630711,0.3197048464
19.7725,1.416658757,0.3162169145
19.775,1.416645973,0.312440796
19.7775,1.416562239,0.3080762306
19.78,1.416788909,0.304333068
19.7825,1.41659421,0.2996676729
19.785,1.416389265,0.295143435
19.7875,1.416406347,0.2906028573
19.79,1.415960737,0.2848312015
19.7925,1.415877081,0.280292077
19.795,1.415691472,0.2748268919
19.7975,1.415529701,0.2693497369
19.8,1.415128688,0.2637508852
19.8025,1.414849079,0.257970861
19.805,1.414594515,0.2517823452
19.8075,1.414285919,0.2454532073
19.81,1.413966566,0.2394063837
19.8125,1.413661987,0.2327254297
19.815,1.413150715,0.2253563833
19.8175,1.412613394,0.219349174
19.82,1.412209305,0.2123615627
19.8225,1.41176847,0.205304986
19.825,1.411324026,0.1980350234
19.8275,1.411096913,0.1907170755
19.83,1.410329882,0.1832053396
19.8325,1.409883262,0.175234471
19.835,1.409415182,0.1678545395
19.8375,1.408854591,0.1598046174
19.84,1.408432033,0.1519901918
19.8425,1.407805779,0.1439891004
19.845,1.407243621,0.1356649416
19.8475,1.406773301,0.1277383322
19.85,1.406146978,0.1197045556
19.8525,1.405606684,0.1110946864
19.855,1.405110665,0.1024766944
19.8575,1.404585442,0.09394666722
19.86,1.404118779,0.08491496772
19.8625,1.403614081,0.07654395478
19.865,1.403084708,0.06796565142
19.8675,1.40257116,0.05938415452
19.87,1.402067695,0.05037621721
19.8725,1.401632104,0.04145365086
19.875,1.401217038,0.03251795479
19.8775,1.400566266,0.02382571495
19.88,1.400153472,0.01492087038
19.8825,1.399673869,0.005810786625
19.885,1.399309894,-0.002932219772
19.8875,1.398868938,-0.01194575963
19.89,1.398530763,-0.02107649833
19.8925,1.398260864,-0.02982280982
19.895,1.397754615,-0.03867904554
19.8975,1.397499573,-0.04752792012
19.9,1.397298207,-0.05656360242
19.9025,1.396974603,-0.06528982607
19.905,1.396782607,-0.07429819053
19.9075,1.396607663,-0.08258873272
19.91,1.396343172,-0.09156816528
19.9125,1.396277012,-0.1003476403
19.915,1.396108167,-0.108233562
19.9175,1.395958506,-0.1172277436
19.92,1.395857703,-0.1258368722
19.9225,1.395817571,-0.1337262959
19.925,1.395983207,-0.1420248521
19.9275,1.395936351,-0.1502339316
19.93,1.395890898,-0.1592564593
19.9325,1.395887432,-0.1663626812
19.935,1.395975228,-0.1739761204
19.9375,1.39612558,-0.1819772695
19.94,1.396411653,-0.1897014023
19.9425,1.396349884,-0.1968961335
19.945,1.396577955,-0.2044201777
19.9475,1.396814577,-0.2115716006
19.95,1.397255505,-0.2180504055
19.9525,1.397293502,-0.225709714
19.955,1.39768732,-0.2324051293
19.9575,1.39806685,-0.2388269996
19.96,1.39834854,-0.2453995265
19.9625,1.398830974,-0.2521281079
19.965,1.399035544,-0.2584000204
19.9675,1.399585824,-0.2638678629
19.97,1.399912332,-0.2697013022
19.9725,1.400414103,-0.2750565954
19.975,1.400897612,-0.2804082111
19.9775,1.401256466,-0.2859131909
19.98,1.401927805,-0.2909363983
19.9825,1.402171646,-0.2960951007
19.985,1.402641308,-0.3003169719
19.9875,1.403276727,-0.3046131564
19.99,1.403642747,-0.3087415248
19.9925,1.404136788,-0.3129533957
19.995,1.404873661,-0.316777232
19.9975,1.405322293,-0.3202474755
20,1.405978348,-0.3236720967
