/*--------------------------------*- C++ -*----------------------------------*\
  =========                 |
  \\      /  F ield         | OpenFOAM: The Open Source CFD Toolbox
   \\    /   O peration     | Website:  https://openfoam.org
    \\  /    A nd           | Version:  11
     \\/     M anipulation  |
\*---------------------------------------------------------------------------*/
FoamFile
{
    format      ascii;
    class       volScalarField;
    location    "1000";
    object      omega;
}
// * * * * * * * * * * * * * * * * * * * * * * * * * * * * * * * * * * * * * //

dimensions      [0 0 -1 0 0 0 0];

internalField   nonuniform List<scalar> 
12880
(
292.5600785
130.1301989
92.10858892
74.96542365
64.97535095
58.12510718
52.74951014
48.07421807
43.74397058
39.58555172
35.53268502
31.63994554
28.03092388
24.80703388
22.00404915
19.60203798
17.55249735
15.80003316
14.29358009
12.99021147
11.85509144
10.8604714
9.984161315
9.208308859
8.518385908
7.902496669
7.350757781
6.854891908
6.407940132
6.00401792
5.638082864
5.305808533
5.003474903
4.727849229
4.476151548
4.245923814
4.034992811
3.841498079
3.66378119
3.500368515
3.349942199
3.211336966
3.083493063
2.965445249
2.856363671
2.755483521
2.66211273
2.575615568
2.495411598
2.420973787
2.35181282
2.287483355
2.227574152
2.171706651
2.119526704
2.070713406
2.02496551
1.98200723
1.941586644
1.903470155
1.867454811
1.833338548
1.800967027
1.770152991
1.740784824
1.71269188
1.685830619
1.660045051
1.635380301
1.611682369
1.589128839
1.567526459
1.547282988
1.528124151
1.510881853
1.495114862
1.482609515
1.472594395
1.469738586
1.471459147
274.6988275
88.60061334
64.24634964
55.74908056
51.16544307
47.42243287
43.34077751
38.64045035
33.41207173
27.80804636
22.02087605
16.63564359
12.29189395
9.193376409
7.161772857
5.868937432
5.025872247
4.441091609
4.005798018
3.662831235
3.382391007
3.148421785
2.951265863
2.784241262
2.642255759
2.521194914
2.417642191
2.328735631
2.252141418
2.18595051
2.12851834
2.078474594
2.034735985
1.996366634
1.962679961
1.933117364
1.907108046
1.884304042
1.864387269
1.847030572
1.83194698
1.818913008
1.807720072
1.798077282
1.789841478
1.782886392
1.777065326
1.772238853
1.768283302
1.765063148
1.762479343
1.760465853
1.758956315
1.757853594
1.757135197
1.756772478
1.756776925
1.75707511
1.757821523
1.758889107
1.760580897
1.762606258
1.765568212
1.768788485
1.773286502
1.778160241
1.784925624
1.792342824
1.802571632
1.813784318
1.82952326
1.846445251
1.870908313
1.89712613
1.93651159
1.979277685
2.047350101
2.1256144
2.264837059
2.450977656
274.6989702
89.84129508
64.38703837
55.77040584
51.20378336
47.47550586
43.38981557
38.66299557
33.39721767
27.75808803
21.94310967
16.54913926
12.20738944
9.123974062
7.109724909
5.830609322
4.996805429
4.418055959
3.986840842
3.646843304
3.368733345
3.136679821
2.941147013
2.775519251
2.63474182
2.514733648
2.412099522
2.323991864
2.248091297
2.182509445
2.125613686
2.076040117
2.032706928
1.994683463
1.961294816
1.931987279
1.906191361
1.883565341
1.863800447
1.846573307
1.831599535
1.818658299
1.807544193
1.797968845
1.789789003
1.782880453
1.777096897
1.772301903
1.7683711
1.765173052
1.7626093
1.760611029
1.759112392
1.758021135
1.757315537
1.75696184
1.756978093
1.757287944
1.758044465
1.759125192
1.760829541
1.762868311
1.765844788
1.769086024
1.773602431
1.778500818
1.785290583
1.792737832
1.802995335
1.814244181
1.830017801
1.846987526
1.871494355
1.897776188
1.937221869
1.980083327
2.048254303
2.126684118
2.266136936
2.452813263
274.6992242
91.98678866
65.38188534
56.3487006
51.58953319
47.73201578
43.54237215
38.73765866
33.39213954
27.68503066
21.82260592
16.41493828
12.08975546
9.036832067
7.051492192
5.79318008
4.97228408
4.401048657
3.974241579
3.636995635
3.360788971
3.130172051
2.935779982
2.771086859
2.631084622
2.511722811
2.409626486
2.321970183
2.246448523
2.181183616
2.124557114
2.075214728
2.032075906
1.994218181
1.960973551
1.931789167
1.906101157
1.883567
1.863879753
1.846720236
1.831805394
1.818913384
1.807838435
1.798299036
1.790149091
1.783263563
1.777496061
1.772713035
1.768788401
1.765593863
1.763032193
1.76103243
1.759528505
1.758432233
1.757723638
1.757365344
1.757379182
1.757690242
1.758447734
1.759534355
1.761244024
1.763293864
1.76627994
1.769546097
1.774088705
1.779027293
1.785855428
1.793355438
1.803661416
1.814976274
1.830806858
1.847864304
1.87244237
1.898839604
1.93838087
1.981405366
2.049735192
2.128427573
2.268265044
2.455694168
274.6995541
94.52232082
66.72372871
57.16596737
52.13179476
48.08328309
43.75547393
38.83265092
33.37780148
27.57915522
21.65382902
16.23026458
11.93023353
8.919808044
6.973815933
5.743488709
4.93986699
4.37867739
3.957775804
3.624226502
3.350576516
3.121885931
2.92901539
2.765561648
2.62658185
2.508062039
2.406659914
2.319580388
2.244539237
2.179671265
2.12337722
2.074316247
2.031414248
1.993759901
1.960687375
1.931649931
1.906094829
1.883674805
1.864082616
1.847005752
1.832163133
1.819331318
1.808304614
1.798810404
1.79069925
1.783844223
1.778099444
1.773333778
1.769420418
1.766234128
1.763678399
1.761680442
1.760174917
1.759077394
1.758368886
1.758009349
1.758024142
1.758339479
1.759102134
1.760198546
1.761917969
1.763983829
1.766984388
1.770280815
1.77485593
1.779842552
1.786718237
1.794281269
1.80464899
1.816043767
1.831948847
1.849113213
1.87378766
1.900328017
1.940003045
1.983234963
2.051788483
2.130828767
2.27119122
2.459641353
274.6999597
97.16736754
68.23956409
58.11883125
52.76953934
48.49956817
44.01839606
38.9409849
33.35208416
27.44234965
21.44189583
16.00199162
11.73549208
8.77840074
6.880618533
5.68405066
4.901061943
4.351809397
3.9379253
3.608791992
3.338216424
3.111855155
2.9208361
2.758895301
2.621165389
2.503676748
2.403124563
2.316750182
2.242296034
2.177913629
2.122024967
2.073305538
2.030689634
1.993281464
1.960417277
1.931555158
1.906157872
1.883876063
1.864399402
1.847421775
1.832665296
1.81990538
1.808935422
1.799493708
1.791428367
1.784610643
1.778893992
1.774149949
1.77025121
1.767076804
1.764531014
1.762538282
1.761034588
1.759940032
1.759236428
1.758879826
1.758901207
1.759226054
1.759999412
1.761111724
1.762847401
1.764935584
1.767957979
1.771291075
1.775906139
1.780948246
1.787880513
1.795515869
1.805957097
1.817444188
1.833439086
1.850727676
1.875520801
1.902230925
1.942074478
1.985558812
2.054397212
2.133874921
2.274898812
2.464635478
274.7004393
99.80309954
69.80795587
59.12510144
53.44261658
48.96767685
44.29284702
39.04048685
33.30041651
27.2654833
21.18256748
15.73031012
11.50822352
8.615783469
6.774453644
5.616583298
4.856932445
4.321095298
3.915100825
3.59096658
3.323902145
3.100220235
2.911345749
2.751164696
2.61489178
2.498607434
2.39904924
2.31349942
2.239731813
2.175918231
2.12050432
2.072184079
2.029902594
1.992781545
1.96016053
1.931502866
1.906288889
1.884167895
1.864826517
1.847964725
1.83330842
1.820632273
1.809729499
1.800348824
1.792336908
1.785562322
1.779879569
1.775161787
1.771282355
1.768123415
1.765590323
1.763606107
1.762108192
1.761019991
1.760324297
1.759974901
1.760006538
1.760345205
1.76113452
1.762267348
1.764024854
1.766141538
1.769191831
1.772568494
1.777230453
1.782336416
1.789334264
1.797052145
1.80757918
1.819171906
1.835272932
1.852704106
1.877639085
1.904546072
1.944593665
1.988374831
2.057559934
2.137561268
2.279384708
2.470670718
274.7009795
102.4845972
71.34768483
60.12020282
54.14768653
49.43327715
44.5504396
39.112165
33.20967159
27.04006001
20.87229087
15.41622204
11.25195638
8.435829189
6.658386147
5.543166306
4.808800935
4.287376483
3.88985784
3.571137248
3.307914918
3.087191988
2.900705368
2.742493935
2.607856813
2.492928265
2.394491623
2.309872971
2.236881332
2.173712271
2.118836628
2.070968741
2.02906645
1.992270523
1.959925186
1.931499665
1.906493095
1.884554514
1.865367277
1.848637131
1.834094275
1.821513182
1.810686777
1.801375117
1.79342366
1.786698849
1.781055392
1.776368193
1.772511347
1.769371041
1.766854056
1.764881305
1.76339173
1.762312884
1.761628671
1.761289601
1.761335679
1.761692267
1.762501683
1.763660102
1.765444768
1.76759543
1.77068013
1.774106764
1.778823123
1.784000955
1.791073847
1.798884523
1.809509559
1.821221501
1.83744459
1.855036904
1.880136532
1.9072678
1.947554389
1.991676711
2.061269557
2.141879939
2.284639847
2.477733607
274.701579
105.0206171
72.81906952
61.07104147
54.80116252
49.85585785
44.76722436
39.13686145
33.06562513
26.75615514
20.50632183
15.05996141
10.9696954
8.242001963
6.535166572
5.465668494
4.757864502
4.25142996
3.862724469
3.549682888
3.290537867
3.072988023
2.88908414
2.733015195
2.600163819
2.486720108
2.389515031
2.305920544
2.233783531
2.17132647
2.117046335
2.069679042
2.02819728
1.991761018
1.959721288
1.931554419
1.906777826
1.885040802
1.866025008
1.849441374
1.835024555
1.822549315
1.811809284
1.802574616
1.794690287
1.788020202
1.782420976
1.777768428
1.773938496
1.770819914
1.768321037
1.766362431
1.76488467
1.763817951
1.763147373
1.762822457
1.762885811
1.763264044
1.76409827
1.765286345
1.767103148
1.769293748
1.772418421
1.77590205
1.780679533
1.785937785
1.793094555
1.801008478
1.811743582
1.823588245
1.839949516
1.857721503
1.883008446
1.910391023
1.950951242
1.995458404
2.065519497
2.146822813
2.290656044
2.485815648
274.7022322
106.8422367
74.01678032
61.89155112
55.37460765
50.21436614
44.92417246
39.09916437
32.85621466
26.40477644
20.08070218
14.66233486
10.66466638
8.037700856
6.407378408
5.385793568
4.705222425
4.21398513
3.834213831
3.526983964
3.272063462
3.057837976
2.87666342
2.722871841
2.591926116
2.480072398
2.384190039
2.301697942
2.230482603
2.168795907
2.115161417
2.068337383
2.027312774
1.991267061
1.95956003
1.931675953
1.90714985
1.885632184
1.866803857
1.850380533
1.836101325
1.823741997
1.813096966
1.803946549
1.796135446
1.789525859
1.783975584
1.779361561
1.775561394
1.772467328
1.769989559
1.768047653
1.766583811
1.765531768
1.764877869
1.764569814
1.764654098
1.765057604
1.765920216
1.767142632
1.768996391
1.771232065
1.774402857
1.777949717
1.782795596
1.788142119
1.795391997
1.803419335
1.814276322
1.826267213
1.842782233
1.860752252
1.886248755
1.91390956
1.954777522
1.999712702
2.070301797
2.152380971
2.297422741
2.494903189
274.7029252
108.2980144
75.01827968
62.59377298
55.86337164
50.50094108
45.01070661
38.98983391
32.57297103
25.97828987
19.593287
14.22539188
10.34057572
7.82626796
6.27734416
5.305013101
4.651808197
4.175673387
3.804785659
3.503394266
3.252772437
3.041967552
2.863624525
2.712208959
2.58325951
2.473077151
2.37858966
2.297263139
2.227024756
2.166157453
2.113211446
2.066967525
2.026432289
1.99080431
1.959454067
1.931874843
1.907617804
1.886335051
1.867708466
1.851458018
1.837327144
1.825093112
1.814552009
1.805492903
1.79776066
1.791215794
1.785718535
1.781146533
1.777379965
1.774313146
1.771858108
1.769935169
1.76848836
1.767453417
1.766817966
1.766530249
1.766637882
1.767069997
1.767965302
1.769225784
1.771121042
1.773407512
1.776629625
1.780246584
1.785167218
1.79061034
1.797961727
1.806112711
1.817103116
1.829253369
1.845937769
1.864123885
1.889851857
1.917817179
1.959026471
2.004432066
2.075608122
2.158544741
2.30492979
2.504986549
274.703649
109.5662818
75.88833899
63.19925027
56.27350191
50.71590081
45.0235837
38.80383047
32.21053597
25.47329362
19.04481448
13.75307541
10.00193649
7.611114067
6.147182629
5.224569746
4.598389062
4.137019006
3.774836725
3.479231336
3.232925583
3.025591658
2.850143452
2.701169584
2.574279435
2.465826996
2.37278791
2.292675301
2.223457366
2.163449044
2.111226806
2.065593862
2.025575135
1.990388237
1.959415749
1.93216069
1.908189016
1.887155229
1.86874326
1.852676968
1.838704068
1.826603868
1.81617428
1.807212693
1.799564335
1.793088946
1.787648629
1.783121978
1.779391393
1.776354218
1.773924553
1.772022846
1.770594825
1.769579236
1.768964965
1.768699953
1.768834266
1.769298299
1.770229455
1.771532419
1.773473629
1.775815713
1.779095032
1.78278803
1.787790382
1.793337564
1.800799275
1.809083663
1.820218693
1.832541419
1.849410124
1.86783011
1.89381096
1.922106849
1.963690437
2.009608252
2.081429358
2.165304089
2.313165265
2.516051324
274.7043981
110.7343583
76.66437714
63.72625497
56.61615501
50.8654057
44.96489893
38.5404899
31.76714809
24.88989392
18.43917928
13.25143793
9.654128035
7.39573478
6.018816241
5.145493723
4.545570469
4.098440779
3.744695243
3.4547699
3.212756079
3.008907921
2.836385192
2.689889939
2.565097207
2.458412154
2.366857474
2.287992912
2.219827572
2.16070862
2.109238028
2.064240939
2.024761156
1.990034945
1.959458069
1.932543951
1.90887191
1.888099203
1.869913026
1.854040893
1.840234672
1.828276077
1.817965475
1.809107292
1.801547391
1.795145036
1.789764878
1.785286484
1.781595133
1.778589993
1.776187049
1.77430853
1.772902058
1.771908021
1.771316473
1.771077282
1.771240462
1.771739445
1.77271037
1.774059304
1.776050665
1.778453776
1.781795225
1.785570836
1.790660895
1.796320064
1.803899999
1.812327607
1.823618144
1.836125929
1.853193915
1.871865149
1.898119871
1.926771672
1.968761927
2.015232932
2.08775628
2.172648557
2.322118115
2.528087499
274.7051572
111.8229917
77.36235671
64.18886086
56.90403262
50.95839242
44.83935012
38.20195844
31.24383371
24.23136372
17.78329407
12.72845051
9.303211184
7.183616983
5.893963381
5.068618628
4.493818747
4.060261738
3.714626251
3.430240202
3.192466867
2.992091952
2.822499852
2.678495831
2.555817112
2.450918134
2.360867973
2.283272434
2.216181188
2.15797321
2.107274934
2.062932718
2.024009404
1.989759641
1.959593138
1.933033964
1.909673551
1.889172491
1.871221832
1.855552543
1.841920635
1.83011053
1.819925151
1.811175378
1.803707931
1.797382346
1.792065503
1.787638107
1.783987939
1.781016826
1.778642983
1.776789634
1.775406206
1.774435706
1.773869457
1.773658173
1.773853277
1.774390261
1.775403792
1.776802853
1.778848513
1.781317175
1.784726375
1.788590204
1.793774586
1.799552749
1.807259235
1.815839315
1.827295888
1.840001309
1.857282765
1.87622229
1.902771355
1.931804124
1.974232749
2.021297335
2.094579196
2.180567671
2.331775947
2.541080852
274.7059183
112.810914
77.98789363
64.60079501
57.15135504
51.00454372
44.65239037
37.79179368
30.64351015
23.50357189
17.08658863
12.19347799
8.955534732
6.978058708
5.774097405
4.994596286
4.443479911
4.022727171
3.684838643
3.405831994
3.172229094
2.975296329
2.808619641
2.667100247
2.546534024
2.443423712
2.354884234
2.278566948
2.212561605
2.155278092
2.105366043
2.061692163
2.023338328
1.989577232
1.959832857
1.933640132
1.910601382
1.890380848
1.872673911
1.85721493
1.843764026
1.83210851
1.822054206
1.813417453
1.806046046
1.799800111
1.794549089
1.790175027
1.7865687
1.783633644
1.781290141
1.779463654
1.778105692
1.777160726
1.776621292
1.776440659
1.776669741
1.777247521
1.778307235
1.779759712
1.781863586
1.78440289
1.787884525
1.791842796
1.797127142
1.803031776
1.810872197
1.819614098
1.831246919
1.84416193
1.861671131
1.88089557
1.907759012
1.937197106
1.980095206
2.027792963
2.101888718
2.189050997
2.342127822
2.555022185
274.7066709
113.6666161
78.55299676
64.98074797
57.37314257
51.01263594
44.40886856
37.31395292
29.97023683
22.71437698
16.36033298
11.6565682
8.617242533
6.781956277
5.660399956
4.923903074
4.394801653
3.986019542
3.655496535
3.381698732
3.152185368
2.95864941
2.794858338
2.655801478
2.537331856
2.435999422
2.348964987
2.273925084
2.209008913
2.152656062
2.103537936
2.060540678
2.022764948
1.989501261
1.960187927
1.934370609
1.911661513
1.891728848
1.874272435
1.859030046
1.845765809
1.834270118
1.824351666
1.815831741
1.808559411
1.80239597
1.797213209
1.79289469
1.78933377
1.786436467
1.784125365
1.782327546
1.780996367
1.780078782
1.779568539
1.779420521
1.779686391
1.780307818
1.781416302
1.782926109
1.785092112
1.787706291
1.791265747
1.795323715
1.800714316
1.806751961
1.81473417
1.823646608
1.835465541
1.848602178
1.866352563
1.885878225
1.913075582
1.942943098
1.986341135
2.034711163
2.109675334
2.19808847
2.353161989
2.569898822
274.7073976
114.3692166
79.08346237
65.35264323
57.58256496
50.98900871
44.11221341
36.77219326
29.2287029
21.8731097
15.61691177
11.12769908
8.293876522
6.597610625
5.55368218
4.856848085
4.347949414
3.950273443
3.626728582
3.357964459
3.13245182
2.942257678
2.781310777
2.644683059
2.528282528
2.428706635
2.343161948
2.269390133
2.205559131
2.150136773
2.101814761
2.059497696
2.022304862
1.989544191
1.96066821
1.935233032
1.912859847
1.893220923
1.876020543
1.860999923
1.847927164
1.836595777
1.826817469
1.818417765
1.811247215
1.805168517
1.800055949
1.795794827
1.792281438
1.789423619
1.787146112
1.78537849
1.784076265
1.783187924
1.782708401
1.782595495
1.782900125
1.783567798
1.784728383
1.786298642
1.788530471
1.791224307
1.794866074
1.799029602
1.804531811
1.810709496
1.818840423
1.827932276
1.839946919
1.853316535
1.871321705
1.891164503
1.918714914
1.949035316
1.992963231
2.042043951
2.117930289
2.207670592
2.364868774
2.585703846
274.7080892
115.0158109
79.57401653
65.73267312
57.78826144
50.93694108
43.76488619
36.17037956
28.42335007
20.99018412
14.86914028
10.61609417
7.989913607
6.426633809
5.454426804
4.793589926
4.303021437
3.915586744
3.598636197
3.334728867
3.11312249
2.926207106
2.76805459
2.633813461
2.51944608
2.421597031
2.337519274
2.264999528
2.202243715
2.14774632
2.100217827
2.058580399
2.021971735
1.989716846
1.961282107
1.936233687
1.914200935
1.894860195
1.877920169
1.863125451
1.850248083
1.839084703
1.829449937
1.821173171
1.814106625
1.808114761
1.803074253
1.798872279
1.795407742
1.792590863
1.790348766
1.788613014
1.787341004
1.78648367
1.786037123
1.785961244
1.786307284
1.787023936
1.788239054
1.789873457
1.792174852
1.794952345
1.79868159
1.802955632
1.808575462
1.814899325
1.823186403
1.832465912
1.84468556
1.858299693
1.876572423
1.896748024
1.924670212
1.955466793
1.999953979
2.049783497
2.12664508
2.217788678
2.377238294
2.602427716
274.708734
115.4359897
80.09505876
66.13656102
57.99395924
50.85690317
43.37243593
35.51239902
27.55518387
20.0769271
14.12964477
10.12967318
7.708585163
6.269915403
5.362787462
4.73415436
4.26006114
3.882028491
3.57129923
3.312071763
3.094272238
2.910566058
2.755151131
2.62324754
2.510870714
2.414712756
2.332073413
2.260784561
2.199089212
2.145506881
2.098765267
2.057803439
2.021777248
1.990028467
1.962036767
1.937377938
1.915688698
1.896649394
1.879972955
1.865407396
1.852728583
1.841736276
1.832247974
1.824096508
1.81713592
1.811232614
1.806265661
1.802124351
1.798710363
1.795935974
1.793730477
1.792028098
1.790788245
1.789963768
1.789551799
1.789515308
1.789904717
1.790672865
1.791945655
1.79364723
1.796021741
1.798887415
1.80270849
1.807098593
1.812841193
1.819317884
1.827767694
1.837243347
1.849677111
1.8635466
1.882099944
1.902623696
1.930936078
1.96223162
2.0073071
2.057923055
2.135812441
2.228435177
2.390263425
2.620067497
274.7093172
116.2824612
80.69265318
66.56680453
58.19863206
50.74698274
42.93389571
34.79667539
26.62982885
19.14600299
13.41029067
9.67466254
7.45181543
6.127676442
5.278635491
4.678459385
4.219068333
3.84964429
3.544779392
3.290056055
3.075959538
2.895387287
2.742647622
2.613027313
2.502593768
2.408086731
2.326853313
2.256770354
2.196117184
2.143436571
2.097471976
2.057178805
2.021730926
1.99048645
1.962937763
1.938669727
1.917325687
1.898589932
1.882179329
1.867845345
1.85536753
1.84454869
1.835209095
1.827184762
1.82033172
1.814518494
1.809626559
1.80554733
1.802185105
1.799454513
1.797287304
1.795619868
1.794413564
1.793623653
1.79324849
1.793253318
1.793688724
1.794511006
1.795843919
1.797616171
1.800067437
1.803025132
1.80694305
1.81145394
1.817325135
1.823960492
1.832580172
1.842259832
1.854916593
1.869052623
1.887898849
1.90878597
1.937506677
1.96932396
2.015016385
2.06645637
2.145425758
2.239603811
2.403937488
2.638618635
274.7098259
117.7306496
81.39143294
67.02721172
58.40086891
50.60442772
42.44809983
34.02220825
25.65375654
18.21059414
12.72158875
9.255395165
7.220289833
5.999581195
5.201622788
4.626342802
4.180009164
3.818459873
3.519122206
3.268729517
3.058228459
2.880709872
2.73057865
2.603183482
2.494642591
2.401743518
2.321880676
2.252976054
2.193344226
2.141549388
2.096349472
2.056715738
2.021840048
1.991096368
1.963989187
1.940111819
1.919113629
1.900682582
1.884539296
1.870438613
1.858163671
1.847520205
1.838331183
1.830435556
1.823691475
1.817969645
1.813153975
1.809138118
1.805829138
1.803143774
1.801016177
1.799385191
1.798214335
1.797460836
1.797124288
1.797172739
1.797656208
1.79853512
1.799931273
1.801777162
1.804308685
1.807362756
1.811381811
1.816018807
1.822023657
1.828824073
1.837620004
1.847511896
1.860400466
1.874813546
1.893965354
1.915230867
1.944377874
1.976739353
2.023077239
2.075378685
2.155480142
2.251290025
2.418257264
2.658084066
274.710245
119.5544239
82.07254848
67.50166124
58.59655405
50.42548209
41.91403738
33.18846525
24.6344894
17.28409942
12.07228492
8.874442502
7.013603593
5.884806745
5.131248802
4.577588915
4.142824687
3.788483478
3.494358024
3.248125937
3.041109971
2.866560842
2.718967684
2.593736729
2.487035816
2.395699773
2.317170594
2.24941515
2.190782187
2.139855429
2.095405977
2.056420805
2.022109664
1.991861937
1.965193528
1.941705579
1.921052925
1.9029269
1.887051699
1.873185422
1.861114678
1.850647982
1.841610923
1.833845224
1.827211243
1.821582002
1.816843796
1.812892598
1.809638037
1.806999263
1.804912867
1.803320003
1.802186118
1.801470904
1.80117514
1.801269334
1.801803505
1.802741757
1.804203658
1.806126667
1.808742056
1.811896286
1.816021412
1.820789146
1.826933399
1.833904571
1.842883752
1.852995543
1.866124604
1.880825761
1.900295169
1.921954127
1.951545311
1.984473659
2.031485404
2.084686066
2.165971754
2.263491017
2.433220661
2.678466187
328.3056323
122.1243029
82.81519452
68.00009721
58.78293906
50.2057083
41.32680604
32.2951951
23.58415831
16.3797876
11.46905819
8.532581989
6.830574865
5.7822877
5.066930863
4.531951742
4.107437752
3.759707691
3.47050271
3.228265809
3.024623061
2.852956338
2.707828418
2.584699012
2.479784098
2.389965319
2.312732096
2.246096003
2.188438493
2.138360971
2.094646562
2.056297898
2.022542603
1.992785023
1.966551733
1.943451177
1.923143013
1.905321759
1.889714851
1.876083656
1.864218037
1.8539292
1.845045257
1.837410564
1.830887764
1.82535222
1.820692621
1.816807324
1.813608601
1.811017902
1.808974198
1.807421109
1.806326153
1.805651211
1.805398268
1.805540576
1.80612774
1.807127924
1.80865873
1.81066191
1.813364721
1.816623396
1.820858947
1.825762632
1.832051407
1.839199637
1.848368441
1.858708292
1.872086601
1.887086255
1.906885894
1.928953332
1.959006613
1.992524426
2.040238603
2.094376475
2.17689895
2.276206287
2.448829742
2.699775829
329.0448399
123.026893
83.57051107
68.52831137
58.95675728
49.93979624
40.68356276
31.34437755
22.51497186
15.50959218
10.9163317
8.229116663
6.669456072
5.690802345
5.0080512
4.489172303
4.073758374
3.732110958
3.447558338
3.209157108
3.008775583
2.839902725
2.697165896
2.576074528
2.472891239
2.384543818
2.30856889
2.243022197
2.186316523
2.137068864
2.094073331
2.056348423
2.023139636
1.993865736
1.968063281
1.945347454
1.925382183
1.907864919
1.89252607
1.87913023
1.867470285
1.857360083
1.848630125
1.84112731
1.834716629
1.829275825
1.824695987
1.820877871
1.8177363
1.815195154
1.813195845
1.811684355
1.81063014
1.809997532
1.809789712
1.809982482
1.810625405
1.811690382
1.813292835
1.815379728
1.818173686
1.82154065
1.825891604
1.830935925
1.83737505
1.844706084
1.85407158
1.864647181
1.878283489
1.893592791
1.913734747
1.936225929
1.966759361
2.000889755
2.049335153
2.104449019
2.188261525
2.289437541
2.4650884
2.722024433
323.6315833
123.7979842
84.37520191
69.07892788
59.11116344
49.63225486
39.98435491
30.33100423
21.43869813
14.68381656
10.41630511
7.962187522
6.528170176
5.609074355
4.95399489
4.448991164
4.041687672
3.705659108
3.425514064
3.190796062
2.993565211
2.827397557
2.686977446
2.567860689
2.466355045
2.379433607
2.304679906
2.240193265
2.184416075
2.135978684
2.093685671
2.056571464
2.023899538
1.99510249
1.969726259
1.947392098
1.927767841
1.910553426
1.895482174
1.882321685
1.870867802
1.860936857
1.852361664
1.844991589
1.838693991
1.833349027
1.828850139
1.825100569
1.822017664
1.819527757
1.817574571
1.816106614
1.815095264
1.814507259
1.814346854
1.814592698
1.815293928
1.816426566
1.818103957
1.820277843
1.823166671
1.826646306
1.8311172
1.836307437
1.84290226
1.850422513
1.859991301
1.870810982
1.884714278
1.900343884
1.92084107
1.943771458
1.974803393
2.009569708
2.058775682
2.114905064
2.2000619
2.303189346
2.482005329
2.745232817
330.0624006
124.8366979
85.25019785
69.64774523
59.23904174
49.27726017
39.22067752
29.25959131
20.3690707
13.91102109
9.969266417
7.72901802
6.404439436
5.535846714
4.904175347
4.411156392
4.011120761
3.680306779
3.404347242
3.173168222
2.978980355
2.815430462
2.677253669
2.560049038
2.460168094
2.374628456
2.301060046
2.237605099
2.182733553
2.135087346
2.09348054
2.056964055
2.024819302
1.99649224
1.971537455
1.949581738
1.930296367
1.913383472
1.898579124
1.88565379
1.874406184
1.864654969
1.856235212
1.848998657
1.842815089
1.837567062
1.833150406
1.829470812
1.826448146
1.824011196
1.822106105
1.820683752
1.819717472
1.819176394
1.819066024
1.819367548
1.820130154
1.821333508
1.823088979
1.825353576
1.828341283
1.83193764
1.836533633
1.841874711
1.848631312
1.856346815
1.866126262
1.877198025
1.891377446
1.907338957
1.928203929
1.951589453
1.98313866
2.018565108
2.068561627
2.125747403
2.212304277
2.317468898
2.499591725
2.769423545
274.7105181
124.1309564
85.98813742
70.21178076
59.33191366
48.86824048
38.38674708
28.13792996
19.32015684
13.19753406
9.573807113
7.526339353
6.295970328
5.469938032
4.858049473
4.375428033
3.981948763
3.65599901
3.384024785
3.156249581
2.965001276
2.803984199
2.66797922
2.552626028
2.45431861
2.370118185
2.297700713
2.235250408
2.181262852
2.134389234
2.093452761
2.057521248
2.025894303
1.998030538
1.973492473
1.951912041
1.932963358
1.916350646
1.901812409
1.889122042
1.878080888
1.868509905
1.86024629
1.853144136
1.84707567
1.841925822
1.83759282
1.833984796
1.831024175
1.828642143
1.826787265
1.82541277
1.824494054
1.824002472
1.823944866
1.824304944
1.825131939
1.82640917
1.828246339
1.830605249
1.833695935
1.83741361
1.842139604
1.847637051
1.854561208
1.862478724
1.872475919
1.88380856
1.898273655
1.914578335
1.935824706
1.959681756
1.991767592
2.02787897
2.078697026
2.136981399
2.22499587
2.332286754
2.517864183
2.794629475
274.7101093
125.2966535
86.83509596
70.78876543
59.38347165
48.39971776
37.47937998
26.97549547
18.30559886
12.54727105
9.227093605
7.350685431
6.200608515
5.410273734
4.815124208
4.34158014
3.954060468
3.632672833
3.364504673
3.140007986
2.951601158
2.793035526
2.659133791
2.545573832
2.448790981
2.36588935
2.294590387
2.23311937
2.179995326
2.133876606
2.093595114
2.058236569
2.027118502
1.999711735
1.975585985
1.954377771
1.935763705
1.919449816
1.905176928
1.892721316
1.881886795
1.872496548
1.864389791
1.857422973
1.851470729
1.846420415
1.842172595
1.838637908
1.835741225
1.833416248
1.831613873
1.830289754
1.829421176
1.828981898
1.828979987
1.829401729
1.830296454
1.831651064
1.833573492
1.836030825
1.839228881
1.843072358
1.847933859
1.853593036
1.860691292
1.868817383
1.879040268
1.890642407
1.905403048
1.922063343
1.943704586
1.968050289
2.000692846
2.037515235
2.089186899
2.148614083
2.238145963
2.34765646
2.536842425
2.820886411
327.0234193
128.598667
87.87716358
71.38416503
59.3843342
47.86753167
36.49729814
25.78354917
17.33810745
11.96174031
8.925334515
7.198595229
6.116371266
5.35589516
4.774957372
4.309401343
3.927343613
3.610258959
3.345737559
3.124404417
2.938747329
2.782556298
2.650692805
2.538870979
2.443566573
2.361925751
2.29171506
2.231199921
2.178920381
2.133539792
2.09389897
2.059101924
2.028484715
2.001529173
1.977811759
1.956972955
1.938691683
1.922675365
1.90866725
1.896446277
1.885818732
1.876609843
1.868660835
1.861830456
1.855995779
1.851046556
1.846885687
1.843426314
1.840595757
1.838330226
1.836582907
1.835311889
1.834496361
1.834112434
1.834169394
1.834656146
1.835622079
1.837057726
1.839069428
1.841629316
1.84493932
1.848913663
1.85391607
1.859742993
1.867021757
1.875363802
1.885820239
1.897701456
1.912768114
1.929796324
1.951847217
1.976699452
2.009919738
2.047480208
2.100039094
2.1606553
2.251767158
2.363595358
2.556552075
2.848241253
345.9366329
130.3659626
88.93708973
71.98006171
59.32280153
47.2602076
35.44080891
24.58230021
16.42893258
11.44018312
8.664129721
7.066778936
6.041479451
5.305960428
4.737155406
4.278694486
3.901686052
3.588683368
3.327668352
3.109394515
2.926402371
2.772514268
2.642628348
2.532493145
2.438624125
2.358208954
2.289058816
2.229478184
2.178025686
2.133367774
2.094354027
2.060108422
2.029984743
2.00347543
1.980162832
1.959691085
1.941740997
1.926021258
1.912277474
1.900291207
1.889871093
1.880844311
1.873054061
1.866361355
1.860645738
1.855799315
1.851727353
1.848345453
1.845583412
1.843379896
1.841690443
1.840475482
1.839716144
1.839390828
1.839510148
1.840065482
1.841106499
1.842627142
1.844732327
1.847399323
1.850826282
1.854936534
1.860085947
1.866086623
1.873553117
1.882118488
1.892817269
1.90498716
1.920370816
1.937780656
1.960256093
1.985633771
2.019453879
2.05778124
2.11126255
2.17311674
2.265874345
2.380124066
2.577022432
2.876744982
339.1952715
130.9538224
90.0358569
72.56611753
59.20173091
46.57146051
34.30219788
23.3864923
15.58570794
10.98013094
8.438644789
6.95205693
5.974363171
5.259737904
4.701369161
4.249275988
3.876976791
3.567868978
3.310237841
3.094929784
2.914525282
2.762874189
2.634909791
2.526413654
2.433940485
2.354718787
2.286604085
2.227938869
2.177297712
2.133348119
2.094949412
2.061245983
2.03160967
2.005542364
1.982631656
1.962525112
1.944904936
1.929481138
1.916001493
1.904250287
1.894038279
1.885194609
1.877564353
1.871010824
1.865416014
1.860674396
1.856693559
1.8533916
1.850700745
1.848562157
1.846933644
1.845778016
1.845078305
1.844815202
1.845000619
1.845628442
1.846748611
1.848358498
1.850561762
1.853340627
1.856889805
1.861141627
1.866444207
1.872625331
1.880286847
1.889083804
1.900033866
1.912503147
1.928215576
1.946020835
1.968937261
1.994860371
2.029303671
2.068428163
2.122869203
2.186013081
2.280485967
2.397267361
2.598289119
2.906460435
274.7064604
130.5277004
91.14076547
73.12033719
59.01023844
45.78548993
33.08689491
22.21280553
14.81366906
10.57762334
8.244244548
6.851667826
5.913674161
5.216597419
4.667289434
4.220975055
3.853106984
3.547736986
3.293384051
3.080959017
2.903072471
2.753598458
2.627504622
2.520604195
2.429490905
2.351433736
2.284332196
2.2265656
2.176721778
2.133467736
2.09567299
2.062504052
2.03335
2.007721325
1.98521031
1.965467573
1.948176532
1.933048329
1.919832986
1.908317425
1.898314447
1.889655086
1.882186258
1.87577361
1.870301558
1.865666958
1.861779688
1.858560366
1.855943608
1.853873093
1.852308864
1.851216115
1.850579738
1.850382726
1.850638302
1.851342822
1.852546606
1.854250355
1.856556597
1.859452555
1.863129652
1.867528924
1.872991505
1.879360017
1.887224685
1.896261684
1.907472978
1.920252577
1.936306261
1.954522385
1.977896636
2.00438651
2.039477809
2.07943191
2.13487213
2.199360957
2.295622902
2.415053476
2.620391919
2.937455678
274.7049758
132.6101926
92.42460648
73.6298747
58.73557302
44.89476949
31.80986003
21.07823299
14.11552971
10.22783323
8.076542323
6.763185638
5.858259147
5.175997321
4.634642026
4.193632889
3.829970676
3.528208264
3.277043601
3.067429208
2.891998733
2.744648102
2.620378936
2.515035209
2.425249694
2.348331363
2.282223518
2.225341169
2.176282555
2.133712544
2.09651239
2.063871436
2.035195805
2.010003182
1.987890488
1.96851072
1.951548554
1.936716006
1.923765531
1.912486529
1.902693838
1.894220272
1.886914628
1.880644854
1.875297845
1.870772777
1.866981854
1.863848173
1.861308775
1.859309805
1.857813556
1.856787547
1.856218579
1.856091866
1.856422012
1.857207773
1.858499955
1.860302506
1.862717064
1.86573564
1.869546743
1.874099964
1.879729618
1.886293198
1.894369385
1.903655877
1.915138711
1.92824084
1.944649249
1.963291999
1.987142714
2.014222098
2.049987865
2.090805959
2.147287508
2.213180098
2.311309731
2.433515103
2.643377235
2.969811267
274.7032328
134.9362073
93.71197501
74.05907866
58.36857645
43.8979122
30.48750101
19.99765272
13.49113612
9.925346371
7.931498048
6.68449797
5.807134468
5.137470995
4.603182832
4.16710179
3.807465613
3.509204378
3.261152755
3.054286782
2.88125804
2.735983234
2.613498149
2.509676504
2.421190394
2.345388597
2.280257938
2.224247827
2.175964057
2.134068189
2.097454515
2.065336668
2.037136584
2.012378742
1.990663547
1.971646683
1.955013607
1.940477279
1.927792585
1.916751421
1.907170544
1.898884529
1.891744064
1.885619415
1.880399968
1.875987198
1.872295648
1.869250876
1.866792357
1.864868679
1.863444386
1.862489286
1.861992095
1.861940218
1.862349687
1.863221597
1.864607364
1.866514092
1.869042687
1.872189913
1.876141611
1.880855616
1.88666019
1.89342689
1.901723933
1.911269737
1.923035511
1.936472805
1.953250321
1.972337342
1.996683844
2.024377151
2.060845663
2.102564883
2.160132636
2.227492231
2.327573533
2.452688497
2.667296047
3.0036141
344.2257318
138.4874802
95.0870674
74.40276917
57.90789344
42.79734113
29.13727025
18.98344929
12.93814469
9.664355422
7.805405404
6.613788171
5.759466625
5.100616977
4.572694459
4.141244862
3.785493853
3.490648719
3.245648467
3.041478159
2.870804262
2.727563866
2.60682731
2.504497486
2.417286339
2.342582065
2.278414933
2.223267496
2.175750006
2.13451981
2.098486166
2.066887822
2.039161995
2.014838278
1.993520823
1.97486747
1.958564243
1.944325205
1.93190764
1.921106
1.911738814
1.903642468
1.896669503
1.890692581
1.885603545
1.881306195
1.877717372
1.874765141
1.872391362
1.870547102
1.869199085
1.868319442
1.867898754
1.867926644
1.868420547
1.869383926
1.870868826
1.87288552
1.875534324
1.878816663
1.882916002
1.887798305
1.89378602
1.900764693
1.909292339
1.91910835
1.931169059
1.944955591
1.962117768
1.981667285
2.006530932
2.03486435
2.072065935
2.114725823
2.173427966
2.242322221
2.344445186
2.472614593
2.692206166
3.038964155
274.6989175
138.6272112
96.27175329
74.63260643
57.34560705
41.59809298
27.78468613
18.04550793
12.45263146
9.439192557
7.694950218
6.549519607
5.714554104
5.065090092
4.542983258
4.115935475
3.763962332
3.472467031
3.230468973
3.028950662
2.86059168
2.719350108
2.600331651
2.499467656
2.413510706
2.339888319
2.276673978
2.222381929
2.175623935
2.135052483
2.099593889
2.068513147
2.041261251
2.017372391
1.996453646
1.978165053
1.962193088
1.948252864
1.936104241
1.925544161
1.916392881
1.908488603
1.901685752
1.895859421
1.890903913
1.886725361
1.883242891
1.880387098
1.878102202
1.876341766
1.875074652
1.874275326
1.8739362
1.874049136
1.874632964
1.875693526
1.877283548
1.879416471
1.882192118
1.885616588
1.889871168
1.894929782
1.901109626
1.908309745
1.917078725
1.927176457
1.939545249
1.95369572
1.971259239
1.991291578
2.016694719
2.045696415
2.083663582
2.127306955
2.187195004
2.257696922
2.361958071
2.493337922
2.718170386
3.075968985
274.6963136
140.9495175
97.51444577
74.75946499
56.67130693
40.29824737
26.45204057
17.18922755
12.02911506
9.244624893
7.597330636
6.490402193
5.671805037
5.030592203
4.513876258
4.091056828
3.74278311
3.454588196
3.215554508
3.016652739
2.850575435
2.711302806
2.593976723
2.494556706
2.409836993
2.337284052
2.275014535
2.221572961
2.175569366
2.135651229
2.100764408
2.070200779
2.043424093
2.019971442
1.999453403
1.981531498
1.965892798
1.952253429
1.940376039
1.930059965
1.9211272
1.913417742
1.906787984
1.901115443
1.896296945
1.892240901
1.888868779
1.886113661
1.883922174
1.882250322
1.881069133
1.880355345
1.880103258
1.880306898
1.880986576
1.882150442
1.883852036
1.886107885
1.889017545
1.892591645
1.897009646
1.902253261
1.908634792
1.916066648
1.925088296
1.935480414
1.948171241
1.962701942
1.980684838
2.001221169
2.02718842
2.056888702
2.095656403
2.140329019
2.201458421
2.273646327
2.380149406
2.514907885
2.745258464
3.114749767
336.4599819
144.5123553
98.8060087
74.79449264
55.86066708
38.89808347
25.15881606
16.416514
11.66145614
9.075900323
7.510151821
6.435356243
5.630721863
4.996866453
4.485219525
4.066501715
3.721873785
3.43694442
3.200847534
3.004534598
2.840711814
2.703383516
2.587728795
2.48973489
2.406238951
2.334746254
2.273416404
2.220822537
2.175569926
2.136301236
2.101984524
2.07193927
2.0456399
2.022626308
2.002511535
1.984959059
1.969656182
1.956320261
1.944716817
1.934647594
1.925936273
1.918424705
1.911971292
1.906456023
1.901778274
1.897848718
1.894591197
1.891941269
1.889847992
1.888269782
1.887179841
1.886557147
1.88639791
1.886698293
1.887480138
1.888753871
1.890573944
1.892959941
1.896011297
1.899743144
1.904333355
1.909771296
1.916364868
1.924039506
1.933326245
1.944026193
1.957054291
1.97198234
1.990403979
2.011467778
2.038025051
2.068456517
2.108062268
2.153813676
2.216243841
2.290202377
2.399058892
2.537377485
2.773545538
3.155436567
274.690136
145.9788816
99.94283009
74.72096531
54.90765804
37.42384156
23.92493412
15.72653813
11.34335774
8.928847501
7.431386636
6.383480804
5.590885655
4.963690771
4.456875657
4.042171827
3.701157233
3.419471561
3.186293078
2.9925481
2.830958439
2.695554971
2.581554838
2.484972993
2.402690974
2.332252358
2.271859641
2.220112931
2.17560945
2.136987867
2.103241384
2.073717119
2.047898847
2.025327675
2.005619814
1.988440165
1.973476244
1.960446885
1.94912056
1.939301459
1.930814879
1.923504637
1.917231152
1.911876994
1.907344053
1.903545322
1.900406982
1.897867132
1.895877206
1.894398091
1.893405079
1.892879452
1.89281926
1.893222876
1.894113615
1.89550427
1.897450183
1.899974088
1.903175357
1.907073673
1.911845493
1.917487854
1.924304488
1.932233878
1.941798866
1.952821333
1.966202929
1.981547183
2.000428449
2.022044317
2.049219998
2.080417762
2.120901915
2.167785156
2.23158005
2.307400131
2.418730092
2.56080477
2.803113855
3.19817378
326.3418416
150.338801
101.0875365
74.53912306
53.81445547
35.90266973
22.76651983
15.11628514
11.06808532
8.799593351
7.359315368
6.33402258
5.551941743
4.93087183
4.428721462
4.017976771
3.680561447
3.402108844
3.1718386
2.980647132
2.82127435
2.68778088
2.575422789
2.480242613
2.399167939
2.329780317
2.270324847
2.21942671
2.17567207
2.137696849
2.10452237
2.075523472
2.050190905
2.02806689
2.008770266
1.991967495
1.977346283
1.964627075
1.953581497
1.944016142
1.935757937
1.928652729
1.922563041
1.917374074
1.912990268
1.909326931
1.906312623
1.903887984
1.902006843
1.900632543
1.899742473
1.899320189
1.899365621
1.899879311
1.900886128
1.902401177
1.904480834
1.907150911
1.910510933
1.914585048
1.919548609
1.925406166
1.932457779
1.940654726
1.950512285
1.961872936
1.97562563
1.991405982
2.01076932
2.032964355
2.060788443
2.092790215
2.134196063
2.182268493
2.247496691
2.325276561
2.439209041
2.585251436
2.834051573
3.243116338
358.0976635
153.2232244
102.0614707
74.24597751
52.58730586
34.36043037
21.69481703
14.58035639
10.82936738
8.68481477
7.292490886
6.286345466
5.513585474
4.898239244
4.400645559
3.993833301
3.660019044
3.384798993
3.157434131
2.968787311
2.811620019
2.680026264
2.569301415
2.475516022
2.395645535
2.327308682
2.268793031
2.218746929
2.175742299
2.13841426
2.105815428
2.077347655
2.052506932
2.03083535
2.011955262
1.995534053
1.98125985
1.968854875
1.958094122
1.948786514
1.94076067
1.933864524
1.927962829
1.922943439
1.918713417
1.915190351
1.912305264
1.910001294
1.908234735
1.906971322
1.906190596
1.905878317
1.906036379
1.906667414
1.907797963
1.909445364
1.911667196
1.914492261
1.918020485
1.922280375
1.92744651
1.933530844
1.940830155
1.94930845
1.959473818
1.971189625
1.985332194
2.001570439
2.021439991
2.044242638
2.072747816
2.105594184
2.147968261
2.197291304
2.26402658
2.343871771
2.460545702
2.61078444
2.866454168
3.290434449
326.7563032
155.4082563
102.8734747
73.83636978
51.23696526
32.83474925
20.71697575
14.11197796
10.62151452
8.581713907
7.229706537
6.239917438
5.475557503
4.865644099
4.37254795
3.969664975
3.639467239
3.3674878
3.143031927
2.956926151
2.801957262
2.672257089
2.563160469
2.470766362
2.392100015
2.324816632
2.267245879
2.218057068
2.175805094
2.139126742
2.107108954
2.079179769
2.054837704
2.033625227
2.015167486
1.999133228
1.985210847
1.97312468
1.962653208
1.9536077
1.945818465
1.939135684
1.933426392
1.928581217
1.924509826
1.921132158
1.918381685
1.916204118
1.914558164
1.913412027
1.91274731
1.91255207
1.912830082
1.913586178
1.914848495
1.916636739
1.919009645
1.921999154
1.925705599
1.930161998
1.935542233
1.941865795
1.949426385
1.958200852
1.968690402
1.980779524
1.995332204
2.012051359
2.03245298
2.055894487
2.085115367
2.118849828
2.16224201
2.212881928
2.28120337
2.363227805
2.482792586
2.63747457
2.900423739
3.340310932
325.1645403
157.5985838
103.4905345
73.31296603
49.77955102
31.34947272
19.8339235
13.70370656
10.43946614
8.487926469
7.169959901
6.194293355
5.437636062
4.832955415
4.344338007
3.945401188
3.618846943
3.350123895
3.128586308
2.945022512
2.792249069
2.664440481
2.556970436
2.465967434
2.388508486
2.322284021
2.265665575
2.217341201
2.175845932
2.139821467
2.108392038
2.081010158
2.057175084
2.036428762
2.018400169
2.0027588
1.989193548
1.977431207
1.967253867
1.958475137
1.95092706
1.94446222
1.938950024
1.934283969
1.930376344
1.927149477
1.924539322
1.922494195
1.920975215
1.919953081
1.919411425
1.919340638
1.919746357
1.920635666
1.922038287
1.923976366
1.926509821
1.929673808
1.933569163
1.938233495
1.94384014
1.950416232
1.958252604
1.967339121
1.978170316
1.990652297
2.005636697
2.022861818
2.04382326
2.067936469
2.097910523
2.132579833
2.177043646
2.229071369
2.29906394
2.383389923
2.506006308
2.665398211
2.936070163
3.392945432
356.9703348
160.3958835
104.0792759
72.62552012
48.20024975
29.92376226
19.0432729
13.34817907
10.27885157
8.401454008
7.11241209
6.149097858
5.399629629
4.800057001
4.315933073
3.920976288
3.598102428
3.332658161
3.114053188
2.933036714
2.782459443
2.6565443
2.550702657
2.461093867
2.384848623
2.31969138
2.264035048
2.216583915
2.175850866
2.140486309
2.109654353
2.08283012
2.059510948
2.039239132
2.021646989
2.006404993
1.993202673
1.981769567
1.971891561
1.963384534
1.956082407
1.949840271
1.944530071
1.940048211
1.936309689
1.9332392
1.930775295
1.928868846
1.927483477
1.926592311
1.926181095
1.926242472
1.926784056
1.927815094
1.929367045
1.931464412
1.934168486
1.937517558
1.941613225
1.946497623
1.952343837
1.959186616
1.967314295
1.976729794
1.987921363
2.000817031
2.016256342
2.034013889
2.055564858
2.080385563
2.111152634
2.146806765
2.192399523
2.245891384
2.31764612
2.404405507
2.530246287
2.69463603
2.973511104
3.448553134
274.6623285
161.5352934
104.4609313
71.72572163
46.52249024
28.57633628
18.3405029
13.03737979
10.1354986
8.320580321
7.056353278
6.104009889
5.36137071
4.766845327
4.287257542
3.896329463
3.57718101
3.315043858
3.099390117
2.920930061
2.772553281
2.64853736
2.544329059
2.456120879
2.381098959
2.317019943
2.26233779
2.215770483
2.175806612
2.141109847
2.110886447
2.084631368
2.061838371
2.042049751
2.024902197
2.010066535
1.997233353
1.986135281
1.976562102
1.968331977
1.961280799
1.955266372
1.950163268
1.945870929
1.94230706
1.939398799
1.937087321
1.935326107
1.934081272
1.933328411
1.933055346
1.933257026
1.933943026
1.935124812
1.936835582
1.939102274
1.941987589
1.945533034
1.949841079
1.954958482
1.96105822
1.96818282
1.976618302
1.986380912
1.997952779
2.011284495
2.02720344
2.045522104
2.067694378
2.093260291
2.12486327
2.161555864
2.208338997
2.263376605
2.336991183
2.426325428
2.555576462
2.725274908
3.01287287
3.507368511
325.7588522
165.1184597
104.7807582
70.62462788
44.78913091
27.32084408
17.71857142
12.76429819
10.00598915
8.243889862
7.001195499
6.058762941
5.322717199
4.733230756
4.258243423
3.871404677
3.556032921
3.297236019
3.084555704
2.90866483
2.762496083
2.640388894
2.537822206
2.451024416
2.377238559
2.314251642
2.260558111
2.214886796
2.175700629
2.141681571
2.112079629
2.086406689
2.064150556
2.044855065
2.028160583
2.0137387
2.001281243
1.990524318
1.981261701
1.973313852
1.966518779
1.960737201
1.955846434
1.951749079
1.948365559
1.945625534
1.943472841
1.941863621
1.940766474
1.940159508
1.940032605
1.940383054
1.941222399
1.942564367
1.944443925
1.946890496
1.949968273
1.95372202
1.958255242
1.963619375
1.969987488
1.977409997
1.986170865
1.996299882
2.00827333
2.022064881
2.038489898
2.057399945
2.080227492
2.106579471
2.139064036
2.176852293
2.224891524
2.281562591
2.357141694
2.449203086
2.582064144
2.757406886
3.054291329
3.569645717
274.6491889
166.3790894
104.8771037
69.33956947
43.05202122
26.16558719
17.16974644
12.52292727
9.887551804
8.170246609
6.946467112
6.013140958
5.283548957
4.699134969
4.228827913
3.846149035
3.534609696
3.279190602
3.069508955
2.896203328
2.752253534
2.632068591
2.531154912
2.44578085
2.373247292
2.311369145
2.258680967
2.213919568
2.175521215
2.142191874
2.113226241
2.088149382
2.066442082
2.047649843
2.031417669
2.017417354
2.005342516
1.994933097
1.985986991
1.978326932
1.971793285
1.966249828
1.961576818
1.957680069
1.954482803
1.951917222
1.949929935
1.948479719
1.947537736
1.94708457
1.947112223
1.947620293
1.948622373
1.950134421
1.952193283
1.954830853
1.958112959
1.962087616
1.966859585
1.972485005
1.97913726
1.986874789
1.995979744
2.006495742
2.018893429
2.033170251
2.050129539
2.069663608
2.093182742
2.120363933
2.1537791
2.192724318
2.242090084
2.300488267
2.378144193
2.473095986
2.609782052
2.791131318
3.097912634
3.635662284
337.0846879
170.2763281
104.9995654
67.91513506
41.3458067
25.11230615
16.68621889
12.30812847
9.777895761
8.098725974
6.891779242
5.966964014
5.2437596
4.664486184
4.198950096
3.820510373
3.512862578
3.260863027
3.054208166
2.883507573
2.741791056
2.623545973
2.524300265
2.440367115
2.369105522
2.30835587
2.256692241
2.212856276
2.175257631
2.142632276
2.114319552
2.089854007
2.0687078
2.050430063
2.034669646
2.021099013
2.009413921
1.999358565
1.990735018
1.983368356
1.977101504
1.971801529
1.967351751
1.963661345
1.960656325
1.958271548
1.956456427
1.955172443
1.954393296
1.954102124
1.954292999
1.954967921
1.956142483
1.957834998
1.96008414
1.962924441
1.966423332
1.970632262
1.975657286
1.981559467
1.988512546
1.996583321
2.006052193
2.016977102
2.029823112
2.044612306
2.062135878
2.082328529
2.106577943
2.134634871
2.169032877
2.209200432
2.259968005
2.320193935
2.400046998
2.498064981
2.638807185
2.826554308
3.14389543
3.705721634
333.5062784
171.4397434
104.8830632
66.35397354
39.69163033
24.15708417
16.259835
12.11528593
9.675002884
8.028523574
6.836785165
5.92006798
5.203245471
4.629213422
4.168547233
3.794435255
3.490740877
3.24220743
3.038610412
2.870538452
2.731073463
2.614790483
2.517231307
2.434760476
2.364794437
2.305196067
2.254578628
2.211685435
2.174900267
2.142995474
2.115354098
2.09151585
2.070944108
2.053192161
2.037913536
2.024780857
2.013492804
2.003798175
1.995503304
1.988435685
1.982441061
1.97739
1.973169039
1.969690837
1.966884216
1.964686793
1.963050831
1.961940567
1.961332237
1.961211585
1.96157474
1.962426159
1.963783435
1.965667308
1.968118298
1.971173675
1.974902517
1.97935983
1.984653071
1.990848399
1.998120015
2.006543386
2.016397272
2.027754432
2.041074425
2.0564049
2.074524803
2.095413136
2.120434217
2.149416175
2.184853043
2.226312913
2.278563079
2.340724137
2.422903586
2.524176188
2.669223665
2.863791247
3.192411446
3.780157068
274.6245106
171.6660099
104.5448625
64.66094712
38.10152184
23.29258595
15.88170364
11.94001527
9.577092762
7.958943525
6.781174556
5.872304719
5.161905819
4.593246525
4.137554411
3.767868405
3.468191636
3.223176184
3.022670814
2.857255772
2.720064713
2.605770898
2.509921112
2.428938742
2.360295824
2.301874935
2.252328012
2.210396641
2.174440826
2.143275613
2.116325586
2.093131638
2.073147809
2.055933935
2.041147101
2.028460809
2.017577165
2.008249943
2.000289849
1.993526865
1.987809895
1.983013165
1.979026647
1.975766549
1.97316458
1.971161164
1.969711535
1.968782658
1.968353386
1.968412041
1.968956887
1.96999481
1.971545489
1.97363209
1.976297077
1.979580491
1.983553172
1.988273749
1.993851265
2.000357087
2.007966047
2.016762549
2.027023886
2.038838108
2.052659414
2.068561926
2.087312321
2.108935678
2.134772602
2.164732478
2.201268039
2.244094866
2.297914078
2.362125679
2.446770271
2.551500452
2.701121653
2.90296683
3.243649553
3.85933752
330.5337906
174.3895565
104.0629975
62.85854761
36.59135711
22.51376892
15.54504047
11.77892452
9.482786591
7.889453279
6.724693679
5.823549041
5.119643363
4.556515392
4.105902525
3.740751314
3.445157422
3.203704488
3.006340006
2.84362705
2.708729926
2.596455611
2.502342444
2.422880116
2.355592541
2.298378838
2.249929458
2.208980925
2.17387255
2.143468349
2.117231216
2.094698971
2.075317424
2.058653748
2.044369042
2.03213757
2.021665649
2.012712475
2.005093161
1.998640353
1.993206421
1.988669465
1.984923057
1.981887085
1.979496145
1.9776936
1.976437692
1.975698173
1.975456507
1.97570365
1.976440001
1.977674929
1.97943021
1.981731514
1.984623276
1.98814842
1.992379602
1.997379209
2.003257998
2.010092731
2.018058996
2.027250479
2.037943135
2.050240866
2.064592625
2.081100013
2.100517408
2.122917968
2.149618053
2.180612132
2.218310634
2.26258438
2.318065651
2.384451149
2.471710342
2.580116011
2.734601152
2.944218486
3.297816566
3.943672129
339.3102285
174.9947865
103.1043308
60.95756401
35.16983257
21.81356081
15.24367992
11.62912033
9.390868832
7.819586071
6.667098703
5.773677761
5.076352436
4.518942779
4.073514111
3.712962536
3.421501124
3.183738891
2.989593973
2.829632687
2.697067459
2.586829366
2.494468884
2.416563816
2.350668594
2.294695657
2.247373754
2.207430908
2.17319049
2.143571157
2.118069597
2.096217094
2.077452112
2.061351417
2.047578943
2.035810615
2.025757626
2.017184978
2.009912282
2.00377504
1.998629438
1.994357646
1.990857015
1.988051227
1.985877784
1.98428311
1.983228507
1.98268655
1.982641328
1.983086476
1.984024548
1.985467434
1.987439035
1.989967604
1.993099581
1.996880887
2.001386054
2.006681381
2.012879461
2.020062662
2.028407449
2.038017165
2.049166561
2.061975988
2.076889284
2.094036577
2.114159979
2.137382668
2.164996537
2.197085174
2.236015465
2.281821622
2.339064871
2.407756966
2.497791899
2.610108134
2.769771323
2.987697156
3.355143647
4.033621068
274.5916968
174.3191622
101.8179729
59.00910743
33.83859394
21.1830279
14.97154604
11.48793679
9.300206954
7.74890984
6.608139295
5.722560098
5.031911745
4.480441963
4.040200489
3.6843802
3.397235142
3.163277871
2.972387264
2.815212959
2.685017936
2.576868323
2.486287843
2.409970569
2.345509824
2.290815224
2.244653562
2.205741296
2.17239182
2.143583421
2.118841124
2.097686447
2.079552872
2.064027469
2.05077739
2.039480251
2.029853179
2.021667295
2.014746846
2.008930394
2.004078341
2.000077068
1.996827938
1.994258489
1.992309185
1.990929599
1.990084177
1.989748318
1.98990878
1.99056189
1.991712415
1.993374773
1.995575056
1.998344141
2.001730557
2.005783301
2.01057889
2.01618765
2.022724195
2.03027667
2.039022603
2.049075344
2.060708644
2.074059875
2.089567997
2.107392671
2.128263942
2.152356958
2.180939077
2.214186808
2.254423134
2.30185351
2.36096675
2.432107779
2.525092924
2.641572957
2.806755533
3.033572166
3.41588817
4.129701551
327.6627849
175.9655124
100.4728614
57.06706688
32.60082288
20.61555284
14.72382413
11.35326628
9.209854939
7.677067315
6.547570027
5.670062335
4.986187456
4.440761772
4.005824179
3.655057737
3.372341032
3.142256066
2.954657535
2.800316937
2.672535537
2.566532196
2.477776988
2.403088178
2.340103972
2.286729726
2.241764105
2.203909109
2.171476138
2.14350679
2.119547965
2.0991093
2.081621498
2.066684011
2.053965837
2.043147662
2.033953145
2.026159957
2.019597079
2.014106437
2.009553006
2.00582756
2.002835654
2.000508784
1.998790388
1.997633328
1.997005215
1.996884329
1.997260092
1.998131581
1.999505797
2.001399738
2.003841707
2.006865317
2.010521204
2.014861601
2.019965045
2.025906107
2.032801523
2.040745492
2.049916715
2.060439008
2.072585264
2.086510556
2.102649175
2.121191417
2.142855504
2.167870506
2.197479453
2.231955701
2.273578095
2.322731341
2.383831335
2.457574943
2.553699634
2.674617671
2.845691611
3.082033274
3.480343284
4.232506462
333.654325
176.1331729
98.91464658
55.1416978
31.45265024
20.10416607
14.4960049
11.22321573
9.118920172
7.603723537
6.485126346
5.616038211
4.938914751
4.399747529
3.970379221
3.624964578
3.346731632
3.120595551
2.93633884
2.784890937
2.659580066
2.555780339
2.468913159
2.395906948
2.334440987
2.282434088
2.238703382
2.20193428
2.170445831
2.14334528
2.120194299
2.100489344
2.083661752
2.069323968
2.057146864
2.046814919
2.038059159
2.030664215
2.024463922
2.019303911
2.015054085
2.011609768
2.008880905
2.006803016
2.005322547
2.004395768
2.003993491
2.004096907
2.004698115
2.005798987
2.007408797
2.009547162
2.012244641
2.015537669
2.019479051
2.024124387
2.029554319
2.035847843
2.043123986
2.051483241
2.061105673
2.07212597
2.084816432
2.099350443
2.116158007
2.135461057
2.157966509
2.183959189
2.214658407
2.250437928
2.293533273
2.344515919
2.40772978
2.484241829
2.583712647
2.709365805
2.886738483
3.133297736
3.548842114
4.342713711
327.8455532
175.8856949
97.25355735
53.24061587
30.38693169
19.64149726
14.2837798
11.09610037
9.026549813
7.528557829
6.420515361
5.560225412
4.889755159
4.357384187
3.93388543
3.594001867
3.32030401
3.098211609
2.917362179
2.76888054
2.646111792
2.544584396
2.459669424
2.388413232
2.328519914
2.277926817
2.235472969
2.199820041
2.169306359
2.143105533
2.120786367
2.101832344
2.085678596
2.071951819
2.060324138
2.05048504
2.042173718
2.035182107
2.029349067
2.024524282
2.020582948
2.017425058
2.014965162
2.013142829
2.011907574
2.011219175
2.011051681
2.011389216
2.012226586
2.013568478
2.015426516
2.017822941
2.020790652
2.024368976
2.028612978
2.03358174
2.039358134
2.046025749
2.053706112
2.062506236
2.072607798
2.08415675
2.09742515
2.112605267
2.130123362
2.150233909
2.173633345
2.200663852
2.232522233
2.269685939
2.31434882
2.36727615
2.432742703
2.512203244
2.615246686
2.745958586
2.930078444
3.187614639
3.621771704
4.46111683
335.8477011
176.3728071
95.60612736
51.37245579
29.40086708
19.22104748
14.08306153
10.97051085
8.931915977
7.451243094
6.353399937
5.50214462
4.838556699
4.313751908
3.896206319
3.56203898
3.292945494
3.075014317
2.89765738
2.752231923
2.632093751
2.532919326
2.450026562
2.380600005
2.322342
2.273210145
2.23207825
2.197573524
2.168066644
2.14279684
2.121332819
2.103145644
2.087678833
2.074573221
2.063502403
2.05416204
2.046300242
2.039716592
2.034255132
2.029770021
2.026142041
2.023275995
2.021091216
2.019531334
2.018548994
2.018107586
2.018184408
2.01876655
2.019851547
2.021446935
2.023566747
2.02623588
2.029489645
2.033370355
2.037935421
2.043247546
2.049391961
2.056457032
2.064567018
2.073835693
2.084446641
2.096557461
2.110440426
2.126307219
2.144581089
2.16554986
2.189900657
2.21803443
2.251127301
2.289763208
2.336097306
2.391094948
2.45896684
2.541572103
2.648437945
2.784562328
2.975925858
3.245275224
3.699582027
4.58864199
344.269905
176.8744237
93.83322438
49.52326986
28.48733878
18.83656707
13.88987541
10.84504171
8.834100678
7.371401091
6.283124013
5.441607953
4.785301401
4.268692654
3.857162808
3.528930373
3.264537753
3.050910887
2.877155536
2.734894444
2.617494007
2.520765054
2.439976676
2.372466973
2.315909347
2.268291679
2.228529141
2.195205968
2.166739138
2.142431453
2.121844062
2.104438823
2.089670571
2.077195157
2.066687546
2.057851009
2.050443186
2.04427165
2.039185793
2.035044689
2.031734965
2.029166355
2.027263151
2.025973002
2.025251775
2.025066562
2.025397913
2.026235917
2.027580874
2.029443183
2.031839364
2.034797001
2.038353918
2.04255549
2.047461595
2.053138687
2.059674531
2.067162428
2.075729671
2.085497018
2.096650342
2.109359226
2.123896767
2.140494502
2.15957367
2.181456069
2.206821166
2.236129707
2.270539881
2.310744279
2.358863897
2.416069335
2.486515412
2.57248056
2.683446206
2.825372117
3.024532951
3.306621404
3.782806541
4.726397071
353.0581008
177.4906866
91.90824437
47.68709737
27.6385286
18.48182892
13.70028381
10.7183941
8.732160475
7.288380416
6.20904505
5.378612887
4.729944895
4.222001667
3.816562291
3.494520357
3.234961202
3.025809209
2.855792587
2.716823575
2.602288568
2.508109348
2.429520445
2.364013881
2.309231913
2.263191101
2.224840759
2.192733099
2.165340205
2.142024056
2.122333234
2.1057228
2.091663603
2.079825927
2.069886673
2.061558232
2.05460823
2.04885257
2.044146135
2.040353392
2.03736702
2.035101818
2.033487137
2.032474573
2.03202336
2.032104368
2.032701374
2.033807512
2.035425879
2.037569736
2.040258206
2.043521595
2.047400336
2.051942964
2.057211946
2.063277645
2.070230538
2.078168079
2.087219401
2.097517685
2.10924882
2.122594919
2.137830517
2.155207848
2.175147012
2.198005427
2.224455739
2.255022495
2.29084534
2.332736447
2.382770065
2.442317559
2.515526091
2.605088556
2.720464327
2.86862211
3.076202031
3.372061153
3.8720799
4.875705199
362.1595532
178.3325277
89.79278464
45.86598844
26.84969358
18.15197677
13.51077583
10.58951256
8.625166408
7.201363413
6.130817593
5.3132012
4.672212114
4.173424677
3.774203872
3.458646578
3.204099592
2.999621905
2.833513438
2.697985096
2.586464661
2.494950701
2.418668552
2.355257959
2.302329557
2.257928244
2.221033177
2.190175355
2.163889946
2.141592421
2.122815088
2.107010779
2.093669298
2.082475254
2.073108333
2.065291461
2.058802608
2.053466235
2.049142899
2.045703
2.04304541
2.04109011
2.039771495
2.039045105
2.03887369
2.039231957
2.040106859
2.041494613
2.043401135
2.045840824
2.048838039
2.052425241
2.056645404
2.061550277
2.067205092
2.073684215
2.081081119
2.089498695
2.09906931
2.109934065
2.12228221
2.136308144
2.152289396
2.170498254
2.191356379
2.215255423
2.242865933
2.274773531
2.312107709
2.355795207
2.407883813
2.469973693
2.54615708
2.639624831
2.759757489
2.914720449
3.131297154
3.442084057
3.968169864
5.038183602
371.4758838
179.4742603
87.42159224
44.06624119
26.11661141
17.84265694
13.31796016
10.45745847
8.51201949
7.109938781
6.048107198
5.245038379
4.611773396
4.12267821
3.729885606
3.42114409
3.171845704
2.972271854
2.810277117
2.678359529
2.570024215
2.48130151
2.407444169
2.346226845
2.295230699
2.252530251
2.217132387
2.187558013
2.162412265
2.141156795
2.123307118
2.108317564
2.095700902
2.08515443
2.076362523
2.069059981
2.063035192
2.058121278
2.054184822
2.051102651
2.048779898
2.047141647
2.046128365
2.045696693
2.045814848
2.046461646
2.047627117
2.049310558
2.05152075
2.054274998
2.057600321
2.061532121
2.066116183
2.071407566
2.07747448
2.084395398
2.092267131
2.101198098
2.111324462
2.122795248
2.135804002
2.150557255
2.167337116
2.186435422
2.208278122
2.233289919
2.262144041
2.295484763
2.334439949
2.380046273
2.434340698
2.499143885
2.57852271
2.676152376
2.801394421
2.963641809
3.189970004
3.517122398
4.070812797
5.212112333
380.8268929
180.713778
84.69177506
42.30003215
25.43482072
17.54985529
13.11850235
10.32100423
8.390966368
7.014013796
5.961029649
5.173712233
4.548287461
4.069454886
3.683414172
3.381852926
3.138109767
2.943699785
2.786063037
2.657947839
2.552987452
2.467190621
2.395884565
2.336959595
2.287972865
2.247031587
2.213170736
2.184911238
2.160934736
2.140740113
2.123827815
2.109660169
2.097772728
2.0878759
2.079660375
2.072874185
2.067320002
2.06283451
2.059286243
2.056564873
2.054581944
2.05326764
2.052567262
2.052441279
2.052861646
2.053810958
2.05528238
2.057278332
2.059810503
2.0628992
2.066574188
2.070873875
2.075847022
2.081552099
2.088060549
2.095455067
2.10383619
2.113317969
2.124040971
2.136162211
2.149880513
2.165414472
2.183052403
2.203105337
2.226006285
2.252212066
2.282403418
2.317281239
2.357980386
2.405643437
2.462312411
2.530020921
2.61284094
2.714919121
2.845659596
3.015663769
3.252430317
3.59679026
4.178994364
5.384208134
389.9399497
180.7824751
81.43313037
40.58762255
24.79875315
17.26994461
12.90910556
10.17836769
8.26128065
6.913601712
5.869057884
5.0986714
4.481418307
4.013434193
3.634619082
3.340630339
3.102830366
2.913874077
2.760878186
2.636777334
2.535396792
2.45266667
2.384043267
2.327508277
2.280600849
2.241474901
2.209188353
2.182269028
2.15948679
2.140366019
2.124396655
2.11105349
2.099920881
2.090670097
2.083024853
2.07675228
2.07166419
2.067605543
2.064451294
2.062098247
2.060463967
2.059483729
2.059107805
2.059300564
2.060037705
2.061305542
2.063100484
2.065428116
2.068303119
2.071748842
2.075797924
2.080491912
2.085882689
2.092032283
2.099015629
2.106919812
2.11584949
2.125924532
2.137290523
2.150112654
2.164595996
2.180971319
2.199534753
2.220616437
2.24465917
2.272151368
2.303786039
2.340319306
2.382901557
2.432778201
2.492012164
2.562843894
2.649381106
2.756230701
2.892901666
3.071184033
3.319125445
3.681540608
4.292909596
5.55491252
398.342065
179.1587692
77.67238943
38.96639872
24.19792017
16.99836456
12.68652777
10.02865594
8.12210023
6.807855714
5.771619266
5.019293945
4.410863632
3.95429857
3.583370209
3.297367092
3.065987071
2.882802162
2.734764761
2.614908485
2.517321031
2.437801319
2.371991358
2.317935906
2.273170905
2.235909027
2.205223418
2.179661892
2.158137784
2.140103632
2.12506312
2.112536621
2.102128725
2.093521192
2.086449836
2.080694955
2.076077765
2.072452
2.069699387
2.067723665
2.06644846
2.065814316
2.065776365
2.06630298
2.067373749
2.068978638
2.071117372
2.073798752
2.077040538
2.080869193
2.085320394
2.09043895
2.096280057
2.10290947
2.110405913
2.118861072
2.128384162
2.139101117
2.151163203
2.164744059
2.180056036
2.197342328
2.216908554
2.239104094
2.264384341
2.293269139
2.326468611
2.364793271
2.409417713
2.46168798
2.523704027
2.5979083
2.688475533
2.800463156
2.943548144
3.130687698
3.390595816
3.771915356
4.412857081
5.724734844
405.3854104
175.6257971
73.51237368
37.47492596
23.62115052
16.73045291
12.44678666
9.871135528
7.97332272
6.695711029
5.668207329
4.934899474
4.336383907
3.891759251
3.529599069
3.252009623
3.027615301
2.850544804
2.707809498
2.592440662
2.498855357
2.422686324
2.359811091
2.308308093
2.265739886
2.230504777
2.201401674
2.177187755
2.156870771
2.139903873
2.125797145
2.11409084
2.104410237
2.096449084
2.08995596
2.084723613
2.080583402
2.077397788
2.075055875
2.073468338
2.07256482
2.072291161
2.072607305
2.073485771
2.074910052
2.07687376
2.079380018
2.082440905
2.086077371
2.090319093
2.095204961
2.100783201
2.107112552
2.114262709
2.122316512
2.131370521
2.141538987
2.152954244
2.165773949
2.180180592
2.196394884
2.214672895
2.235331457
2.258739631
2.285368264
2.315768927
2.350673775
2.390947608
2.437797993
2.492670549
2.557718558
2.635583314
2.730538231
2.848083427
2.998127128
3.194769811
3.467497304
3.868566601
4.539248935
5.894224076
410.2250892
170.0377015
69.08866389
36.14456332
23.05566702
16.45963776
12.18755481
9.705786421
7.814845371
6.575781089
5.558446053
4.844788547
4.257842186
3.825599973
3.473326205
3.204590986
2.987822433
2.81722642
2.680143586
2.569505764
2.480106586
2.407445826
2.347838273
2.29887049
2.258479825
2.225133379
2.197627638
2.174784887
2.155686462
2.139792913
2.126624464
2.11574253
2.106791081
2.099479047
2.093568584
2.088864734
2.085209119
2.08247313
2.08055346
2.079367654
2.078851358
2.07895574
2.079645513
2.080897431
2.082698925
2.0850473
2.087949147
2.09141993
2.095483903
2.100174113
2.105532843
2.111611958
2.11847398
2.126192835
2.134855834
2.14456478
2.155439468
2.167619099
2.181268469
2.196579497
2.213782395
2.233146803
2.255002561
2.279739219
2.307846014
2.339907113
2.376681709
2.419089655
2.468380393
2.526099375
2.594469769
2.676330413
2.776085544
2.899671923
3.057292114
3.264161572
3.550627557
3.972279463
4.672626914
6.063983499
411.7888959
162.3203731
64.56551372
34.99652673
22.48672876
16.18166223
11.90761162
9.530024796
7.646141397
6.446394226
5.442178871
4.748319404
4.175250121
3.755742148
3.414686801
3.155255099
2.946785381
2.783020781
2.651906603
2.54676167
2.461569048
2.392385376
2.335812313
2.289429811
2.25126437
2.219830988
2.193945642
2.172493792
2.154621774
2.139804059
2.1275756
2.11751939
2.109299647
2.102640808
2.097319154
2.093152009
2.089991344
2.087717548
2.086234972
2.08546802
2.085358332
2.085862393
2.086949699
2.088601286
2.090808595
2.093572674
2.096903705
2.100820643
2.105351224
2.110532029
2.116408988
2.123037834
2.130485211
2.138829586
2.148163202
2.158593516
2.170246503
2.183268763
2.197833134
2.214141656
2.23243536
2.252998339
2.276175458
2.302377865
2.332116399
2.366009183
2.404847787
2.449608696
2.501592536
2.562446172
2.634479671
2.720730118
2.825765018
2.955953716
3.121854387
3.339763491
3.640956311
4.083998641
4.813669519
6.234653805
408.7618327
152.5488989
60.12811213
34.03884828
21.89929722
15.89129771
11.607071
9.34038333
7.467288036
6.305751244
5.319555994
4.645036027
4.088798985
3.682304274
3.353915221
3.104227266
2.905425896
2.748986799
2.623870891
2.523715086
2.442823417
2.377255773
2.32379551
2.280061188
2.244160836
2.214658666
2.190405502
2.170354102
2.15371184
2.139970469
2.128682817
2.119455235
2.111971189
2.105972071
2.101248236
2.097629389
2.094977766
2.093182841
2.092156627
2.091830355
2.092151628
2.09308228
2.09459658
2.09667995
2.099327882
2.102545306
2.106346102
2.110752908
2.115797119
2.12151911
2.127968712
2.135205875
2.143301709
2.152339679
2.162417432
2.173648668
2.186166204
2.2001248
2.215706281
2.233123793
2.252630575
2.274526457
2.299173436
2.327005941
2.35855974
2.394489112
2.435623496
2.482998838
2.537976435
2.602307987
2.678407658
2.769513952
2.880389914
3.017835252
3.192821593
3.422683245
3.73966005
4.204851432
4.963200587
6.406910774
399.587968
141.0365148
55.96154572
33.25886357
21.27955589
15.58405757
11.29060644
9.13235185
7.279218316
6.152158012
5.191071919
4.53482566
3.998804436
3.605905928
3.293347651
3.053290242
2.863439913
2.714212331
2.595369983
2.500438971
2.424005641
2.362179266
2.311895888
2.270847865
2.237231445
2.20966738
2.187052079
2.16840602
2.152994709
2.140330229
2.129985798
2.121591299
2.114850475
2.109521344
2.105408791
2.10235441
2.100231173
2.098937225
2.09839244
2.098534746
2.099317774
2.100708666
2.102686573
2.105241328
2.108372658
2.112089457
2.116409546
2.121359406
2.126974404
2.133298946
2.140387181
2.148303599
2.157124317
2.166938234
2.177849105
2.189977464
2.203463901
2.21847213
2.23519423
2.253855526
2.274723234
2.298114385
2.324410682
2.354071831
2.387662438
2.425875672
2.469585035
2.519889677
2.578221839
2.646442996
2.727089211
2.823605833
2.940983062
3.086450273
3.271443149
3.514279095
3.848155241
4.33616913
5.122178473
6.581438036
382.460622
128.3995283
52.21956646
32.6148759
20.62548676
15.24984132
10.96354933
8.900425059
7.083834335
5.984437333
5.057380326
4.420581697
3.909026526
3.529072784
3.230501302
3.000851435
2.82046151
2.678911725
2.566632039
2.477138133
2.40527688
2.347269985
2.300201198
2.261859963
2.23053369
2.204907931
2.183931511
2.166693092
2.152514152
2.140929054
2.131533207
2.12398091
2.117995629
2.113352559
2.109870508
2.107403581
2.105834657
2.105071104
2.105040242
2.10568696
2.106970714
2.108864225
2.111351379
2.114426804
2.118094376
2.122367402
2.127267629
2.13282593
2.139081699
2.146084035
2.153891544
2.162574058
2.172212954
2.182903538
2.194756088
2.207899164
2.222481775
2.238678077
2.25669139
2.27676111
2.299169943
2.324254568
2.352418733
2.384150663
2.420047478
2.460845614
2.507468577
2.561084658
2.623206964
2.695814557
2.781582469
2.884171523
3.008828157
3.163211405
3.359260142
3.616201565
3.968127284
4.479487743
5.291673592
6.7588873
355.2072128
115.5632677
49.0156402
32.04129724
19.94077055
14.87380329
10.6348554
8.639114841
6.883514049
5.810111207
4.924705085
4.303323287
3.814722165
3.449427479
3.165608809
2.947333586
2.776883674
2.643407331
2.537898457
2.45398643
2.386772699
2.332629457
2.288792206
2.253162454
2.224123209
2.200431401
2.181093474
2.165265876
2.152323647
2.141825015
2.133389046
2.126694366
2.121484303
2.117550801
2.114726967
2.112878563
2.111899084
2.111704355
2.112229735
2.113426583
2.115260737
2.117710088
2.120763955
2.12442139
2.128691194
2.133590805
2.139146788
2.145394178
2.152377427
2.160150178
2.168776684
2.178332077
2.188904379
2.200595408
2.213523602
2.22782586
2.24366159
2.261215991
2.28070608
2.302386344
2.326558121
2.353579361
2.383880029
2.417979364
2.456512771
2.500263709
2.550213996
2.607606616
2.674047903
2.751642349
2.843222553
2.95267385
3.085525143
3.249863221
3.458149434
3.730425826
4.101532589
4.63652632
5.472791279
6.939813895
272.5957909
103.6664033
46.39028706
31.46065734
19.25464921
14.43761338
10.31694004
8.363696709
6.688834767
5.627412563
4.783223789
4.180867168
3.716299496
3.3677046
3.099355549
2.893252771
2.733100317
2.607985247
2.509387329
2.431144253
2.368614011
2.318348501
2.277741729
2.244817189
2.218057307
2.196294981
2.178597646
2.164188464
2.152493506
2.14309601
2.135639593
2.129827098
2.125421424
2.122231244
2.120103463
2.118915865
2.118571912
2.118996434
2.120132333
2.121938009
2.124385332
2.127458045
2.131150573
2.135467187
2.140421415
2.146035694
2.15234129
2.159378411
2.167196554
2.17585506
2.185423953
2.195985009
2.207633188
2.220478404
2.234647796
2.250288499
2.267571193
2.286694454
2.307890347
2.331431379
2.357639571
2.386897915
2.419665669
2.456498076
2.498073441
2.545228967
2.599011756
2.660748544
2.732149445
2.815455964
2.913673705
3.030923865
3.173036023
3.348517232
3.570343644
3.859239013
4.250554191
4.809077633
5.666546828
7.124553488
271.9581338
96.14117227
44.35467418
30.76417754
18.62294417
13.96858242
10.03174099
8.068793123
6.477927218
5.435269619
4.633474837
4.054613465
3.614962605
3.284774152
3.03245349
2.83910999
2.689499065
2.572918442
2.481299296
2.40875565
2.350909982
2.30451326
2.267123829
2.236893253
2.212405674
2.192572515
2.176524324
2.163549148
2.153121393
2.144850175
2.138404147
2.133510063
2.129950133
2.127549479
2.126168744
2.125697506
2.126049339
2.127157911
2.128973966
2.131462928
2.134603055
2.138383989
2.142805799
2.147878126
2.153619806
2.160058561
2.167231082
2.175183142
2.183970154
2.193657713
2.204322663
2.216054174
2.228955438
2.243145475
2.258761729
2.275962933
2.294933078
2.315885954
2.339071308
2.364782171
2.393364714
2.42523041
2.460872474
2.500886885
2.546001229
2.597112966
2.655343265
2.722111359
2.799242967
2.889127256
2.994956981
3.121097047
3.273685543
3.461628905
3.698370386
4.005135339
4.417425332
4.998789229
5.873593258
7.313028666
271.0739661
90.87462996
42.73776572
29.90962624
18.14311629
13.4573012
9.723002387
7.756108172
6.250647848
5.23674405
4.477694581
3.926189257
3.512139716
3.201588707
2.965671077
2.785426107
2.646465684
2.538475929
2.453832923
2.386969714
2.333780824
2.291227496
2.257035701
2.229487512
2.207269594
2.189372816
2.174991574
2.163476439
2.154347477
2.147240261
2.141848696
2.137923026
2.135264438
2.133714362
2.133147
2.133463728
2.134588208
2.136463167
2.13904725
2.14231319
2.146245845
2.150841242
2.156105334
2.162053716
2.168710955
2.176110751
2.184295751
2.193318167
2.203240011
2.214134202
2.226085293
2.239191162
2.253564388
2.269334733
2.286651453
2.305686943
2.326640484
2.349743718
2.3752667
2.403526395
2.434896636
2.469821833
2.508833881
2.552575342
2.601829419
2.657561414
2.720974862
2.793590823
2.877360597
2.974830379
3.089388344
3.225643794
3.390033521
3.591818224
3.844809611
4.170488094
4.604025257
5.206676769
6.093756332
7.504425303
269.8544638
86.88508022
41.69925372
28.94494571
17.65751844
12.90382134
9.385071678
7.433782398
6.011200695
5.035368812
4.319067809
3.797642233
3.409561387
3.119293935
2.899882938
2.732807295
2.604450721
2.504989748
2.427247488
2.365997587
2.317409748
2.278658923
2.247638578
2.222760914
2.202814061
2.186867738
2.174179951
2.164160904
2.156373621
2.150480564
2.146200804
2.143307627
2.141620903
2.140998123
2.141326955
2.142520651
2.144513002
2.147255984
2.150716311
2.154874448
2.159722119
2.16526221
2.171507013
2.178478713
2.186208129
2.194735744
2.204110855
2.21439307
2.225651896
2.237968743
2.251437005
2.266164712
2.282275265
2.299910963
2.319234706
2.340434803
2.363728177
2.389367168
2.417645176
2.44890672
2.483557215
2.522078615
2.565046515
2.613155849
2.667251706
2.728374154
2.79781634
2.877208298
2.96863326
3.074797875
3.199283884
3.346930477
3.52443716
3.741336842
4.011649127
4.356788172
4.811011656
5.432220602
6.32521897
7.696680593
268.2162823
84.74780399
40.84711495
27.78338175
17.13760494
12.33265555
9.02335081
7.110989563
5.7672608
4.836163672
4.162026496
3.671884784
3.30953994
3.039507873
2.836318787
2.682163479
2.564159758
2.473017601
2.402002541
2.346231228
2.302143433
2.267123862
2.239229079
2.216997735
2.199316599
2.185332208
2.174364564
2.165880181
2.159482219
2.154860113
2.151757835
2.149971002
2.149337768
2.149731464
2.151053071
2.1532277
2.156199323
2.159929395
2.164392925
2.169578409
2.175484834
2.182122454
2.18951038
2.197678007
2.206663101
2.21651368
2.227286547
2.239049652
2.251881049
2.265871806
2.281125468
2.297761649
2.315916194
2.335745709
2.35742875
2.381171729
2.407211704
2.435824416
2.467329679
2.502102878
2.540584734
2.583298697
2.630868416
2.684045616
2.743741876
2.811076175
2.887434742
2.974558033
3.074659379
3.19059752
3.326128558
3.486282853
3.677951282
3.910810575
4.198865288
4.563081621
5.03618119
5.671776895
6.563212248
7.885723676
266.1522291
83.70167403
40.13012208
26.49318873
16.57266682
11.77071004
8.655232139
6.801276682
5.531055818
4.647251578
4.013285294
3.553678062
3.215773135
2.964985267
2.777111983
2.635153334
2.526917648
2.443638743
2.378998886
2.328439062
2.288651329
2.25721582
2.232341472
2.212685636
2.197227906
2.185187014
2.175942983
2.169012903
2.164037303
2.160732043
2.158865075
2.1582533
2.158752452
2.160251106
2.16266321
2.165925499
2.169992085
2.174833813
2.180434157
2.186789799
2.19390731
2.201804559
2.210508015
2.220054699
2.230489953
2.241869922
2.254259708
2.26773635
2.282387431
2.298314598
2.315632723
2.334474131
2.354988514
2.377348134
2.401748847
2.428416749
2.45761092
2.489632296
2.524829175
2.563609694
2.606451951
2.653922547
2.706694756
2.765577743
2.831549426
2.905805474
2.989820457
3.085435811
3.194978844
3.321433448
3.468686528
3.641890711
3.848019177
4.096724428
4.40173733
4.783194797
5.271754201
5.916153579
6.798183518
8.064516619
263.8667328
81.7565068
39.44694064
25.1861246
15.98707138
11.25549076
8.312506372
6.526949701
5.321976737
4.482570397
3.883969349
3.451363573
3.134706959
2.900649938
2.726077184
2.594749887
2.495072632
2.41873232
2.359763288
2.313879479
2.277985182
2.249825267
2.227737426
2.210481007
2.197116873
2.186928749
2.179347818
2.173936858
2.170368742
2.168383768
2.167771922
2.168369346
2.170047936
2.172710256
2.176282401
2.180711889
2.185962479
2.192013948
2.198857972
2.206499137
2.214951534
2.224240581
2.234400112
2.245474814
2.257517789
2.270593398
2.284775324
2.30014984
2.316814393
2.334881379
2.354477362
2.375747522
2.398855721
2.423989923
2.451363467
2.481221945
2.513846313
2.549562031
2.588745078
2.63183475
2.679344439
2.731880572
2.790161535
2.855047335
2.927573117
3.008998452
3.100868363
3.205100616
3.324101827
3.460933471
3.619546469
3.805124319
4.024596489
4.287422282
4.606839051
5.001894805
5.500944093
6.14787798
7.014021361
8.222321972
261.8918219
77.7991516
38.70714507
24.00276679
15.44971398
10.84000025
8.042713194
6.323324791
5.170457021
4.365935186
3.793274247
3.380022708
3.078281862
2.855896332
2.69063139
2.566826279
2.473302243
2.402049043
2.347327281
2.305022301
2.272169954
2.246618593
2.22678799
2.211505207
2.199888468
2.191269313
2.185120828
2.181039505
2.178723193
2.177932102
2.178474003
2.180200451
2.182996358
2.186775548
2.191473916
2.197047765
2.203468762
2.210723985
2.218811993
2.227743939
2.23754035
2.248232965
2.259862097
2.272478947
2.286143438
2.300927006
2.316910877
2.334189298
2.352868342
2.373069648
2.394929884
2.418605165
2.444271403
2.472129696
2.502407931
2.535367647
2.571307521
2.610572505
2.653560256
2.700733939
2.752633439
2.809894246
2.873266764
2.943645711
3.022103732
3.10993982
3.208739492
3.320459505
3.447540274
3.593064545
3.760979846
3.956420182
4.186180614
4.459434516
4.788853149
5.192404263
5.696372041
6.340625853
7.188383826
8.345409493
260.9448571
73.01855695
37.88368188
23.06849561
15.05151347
10.5838571
7.902269962
6.238547263
5.121395704
4.336664925
3.775093236
3.367884509
3.069508778
2.849108745
2.685191745
2.562483304
2.469995106
2.399797878
2.346175636
2.30500889
2.273317729
2.248930609
2.230250593
2.216091884
2.205562767
2.19798771
2.192842382
2.189729221
2.188351805
2.18847759
2.189922722
2.19254677
2.196242092
2.200929248
2.206550347
2.213067241
2.220456806
2.228710862
2.237832513
2.247837157
2.258749541
2.270605477
2.283449405
2.297336639
2.312331432
2.32850957
2.345956974
2.364772676
2.385067985
2.406969949
2.430621195
2.456184059
2.483841332
2.513801341
2.546299982
2.581607246
2.620031156
2.661926541
2.707701933
2.757831939
2.812868914
2.8734613
2.940373299
3.014513505
3.096968551
3.189050295
3.292355106
3.408846256
3.540963048
3.691774202
3.86519079
4.066273846
4.301682498
4.580348776
4.914517349
5.32140364
5.825935521
6.465482572
7.298451638
8.42086686
260.9448571
67.99071148
36.89400257
22.39100277
14.80942104
10.47038873
7.870685328
6.252376115
5.165595381
4.397744268
3.842731237
3.43520842
3.13246794
2.905694308
2.734750333
2.605180584
2.506443866
2.430809903
2.37260665
2.327670876
2.292935615
2.266126628
2.245540697
2.229894327
2.21824269
2.209887319
2.204244626
2.200854817
2.199371343
2.19952675
2.201109376
2.203956295
2.207942295
2.212974198
2.218983353
2.225923269
2.233764305
2.242493247
2.252109351
2.26262507
2.274062978
2.286457247
2.299851253
2.314299538
2.329865973
2.346626172
2.364666173
2.38408526
2.404995235
2.427523724
2.451814154
2.478029713
2.506354255
2.536997209
2.570195779
2.606221285
2.645383287
2.688038149
2.734596131
2.785533525
2.841404511
2.902859223
2.970663561
3.04572747
3.129138617
3.222209055
3.326534274
3.444074681
3.577263823
3.72915991
3.903656155
4.105783888
4.342153377
4.621616427
4.95628411
5.363146851
5.866741494
6.503740255
7.331244523
8.442707756
261.8918219
62.35503312
35.17618491
21.60830444
14.53902206
10.3647555
7.823268213
6.220637946
5.135989998
4.368807139
3.816679338
3.41276451
3.113106877
2.888390995
2.718521679
2.589236725
2.490226885
2.413972991
2.354973828
2.309194367
2.273658756
2.246155836
2.225026622
2.209007271
2.19710067
2.188518726
2.182664048
2.179078807
2.177416931
2.177404887
2.178823179
2.181501217
2.185307436
2.190143511
2.195936876
2.202638006
2.210215126
2.218653396
2.227950991
2.238119505
2.249180985
2.261169109
2.274126904
2.288108499
2.303177429
2.319408798
2.336888162
2.355714102
2.375997703
2.397865624
2.421460282
2.446943591
2.474498051
2.504331472
2.536679332
2.571810956
2.610033787
2.651701815
2.697222803
2.747070338
2.801795822
2.862046518
2.928585549
3.002320281
3.084336326
3.175944574
3.278740929
3.394688749
3.526228698
3.676432671
3.849218257
4.049658176
4.284432046
4.562507268
4.896189163
5.302798946
5.807451768
6.447859782
7.283080363
8.410443002
263.8667328
58.60549975
33.60726756
20.83907773
14.1734018
10.18093565
7.701028544
6.115912482
5.039129326
4.279218
3.733900609
3.336768837
3.044493532
2.827572958
2.665333866
2.543107781
2.45035398
2.379468197
2.324959621
2.282856744
2.250269799
2.225077182
2.205703259
2.190964819
2.179959689
2.171994235
2.166525396
2.163137414
2.161516451
2.161412402
2.162625279
2.165000679
2.16841959
2.172793213
2.178056146
2.184164027
2.191088706
2.198817617
2.207350221
2.21669844
2.226883964
2.237939364
2.249906094
2.262836045
2.276790121
2.291840196
2.308068218
2.325568563
2.34444771
2.364827083
2.386843398
2.410652174
2.436428975
2.464373876
2.494713975
2.527709306
2.563657244
2.602900679
2.645835369
2.692921764
2.744697145
2.801793524
2.86495788
2.935080606
3.013230017
3.100699973
3.199070842
3.310293864
3.436804204
3.58168023
3.748866721
3.943499153
4.172381092
4.444708491
4.773200257
5.175920187
5.679338812
6.323694849
7.172949192
8.334441365
266.1522291
55.15835174
32.03326264
20.24764971
13.86684882
10.01888692
7.613435813
6.07308415
5.020864939
4.271599172
3.729505228
3.332997045
3.040257454
2.82245013
2.65927933
2.536228639
2.44279833
2.371371816
2.316428599
2.273962108
2.241055634
2.215565841
2.195899687
2.180859407
2.169532593
2.161214269
2.155353014
2.151533876
2.149442749
2.148829333
2.149494198
2.151283249
2.154077357
2.15778703
2.162345831
2.167707815
2.173843035
2.180736626
2.188385578
2.196798848
2.205995008
2.216003007
2.226860466
2.238614908
2.251322607
2.26505019
2.279874001
2.295882109
2.313174197
2.331864071
2.352080174
2.373968779
2.397695329
2.42344861
2.451443286
2.481925537
2.515177401
2.551524695
2.591344228
2.635075385
2.683232071
2.736420432
2.795358894
2.8609066
2.934097935
3.016190594
3.108727402
3.21362238
3.33327721
3.470746005
3.629969327
3.816115906
4.036093213
4.299329244
4.619012552
5.014118334
5.512881207
6.158997104
7.023437301
8.228487221
268.2162823
52.30202508
31.04907949
20.05723013
13.87676457
10.05658562
7.650640223
6.105509046
5.047482425
4.294345442
3.749038864
3.349091623
3.052878561
2.831805567
2.66570603
2.540125765
2.444556292
2.371337393
2.314888641
2.271150758
2.237157742
2.210721418
2.190212502
2.174405305
2.162367176
2.153376576
2.146868424
2.142418115
2.139703395
2.138466417
2.138501372
2.139648552
2.141783936
2.144813453
2.148666503
2.153293063
2.158659356
2.164746596
2.171547979
2.179068438
2.187322535
2.196334858
2.206138587
2.216776336
2.228299261
2.240768301
2.254253763
2.268836971
2.284610354
2.301679587
2.320164269
2.34020074
2.361943537
2.385569171
2.411278721
2.439303043
2.469907104
2.503397428
2.540129202
2.580517347
2.625048244
2.674296896
2.72894666
2.78981715
2.857898483
2.93439906
3.020807584
3.118979881
3.231257485
3.360636732
3.511011618
3.687531911
3.897145838
4.149441362
4.458004123
4.842674543
5.333501102
5.97797488
6.855209838
8.105836315
269.8544638
50.75789292
29.98307552
19.60866117
13.71337844
10.01662707
7.664123555
6.139599643
5.086261559
4.331354507
3.781638225
3.376409942
3.074913277
2.848987888
2.678661839
2.549497035
2.450936441
2.375240259
2.316743309
2.27130109
2.235870094
2.208207232
2.186638042
2.169898297
2.157026944
2.147277246
2.140063757
2.134947186
2.131593857
2.129735474
2.129157355
2.129692119
2.131209405
2.133609314
2.136816022
2.140774672
2.145447129
2.150810292
2.156853299
2.163576899
2.170991602
2.17911766
2.187983893
2.197628168
2.208096746
2.219445143
2.231737951
2.245050108
2.259467194
2.275087183
2.292021307
2.310396454
2.330356774
2.352067006
2.375715165
2.401517248
2.42972159
2.460615731
2.494533446
2.531865129
2.573069312
2.618689004
2.66937106
2.725893118
2.78919734
2.860437206
2.941039129
3.032788776
3.137950411
3.259438024
3.401064049
3.567909767
3.766894099
4.007668083
4.304082425
4.67667454
5.15711915
5.796594238
6.682672478
7.976274177
271.0739661
49.10770366
28.63505893
19.03036469
13.46332367
9.933764208
7.656321502
6.163937744
5.121653669
4.368384438
3.815909784
3.406127229
3.099626563
2.868872269
2.694195935
2.561258428
2.459499406
2.381123522
2.320389859
2.273080107
2.236080746
2.207086086
2.184374247
2.166642683
2.15289912
2.142369516
2.134445025
2.128669699
2.124697153
2.122247477
2.121096123
2.12106718
2.122022743
2.123856498
2.126487341
2.129855284
2.133917655
2.138646967
2.144028351
2.150058495
2.156743995
2.164101046
2.172154405
2.180937605
2.190492415
2.200869476
2.212128177
2.224337757
2.237577601
2.251938802
2.26752503
2.284454708
2.302862573
2.322902755
2.344751358
2.368610887
2.394714391
2.423331981
2.454777543
2.489418644
2.527687567
2.570097018
2.617258765
2.66990973
2.728944706
2.795462076
2.870824153
2.95674247
3.055396177
3.169603552
3.303073028
3.460781436
3.649561213
3.879037075
4.163187278
4.523039021
4.991598264
5.623360924
6.514128527
7.845895562
271.9581338
47.82679195
27.32375503
18.44463935
13.17186601
9.81977692
7.625019049
6.172258032
5.146734324
4.399246285
3.846827296
3.434315362
3.123922308
2.889006206
2.710353642
2.57383451
2.468957607
2.387920269
2.324936998
2.275729378
2.237128785
2.206777696
2.182906404
2.164175051
2.149560482
2.138260994
2.129643362
2.123234542
2.118675129
2.115673082
2.113993407
2.113451443
2.113901695
2.115231188
2.117353199
2.120202754
2.123732601
2.127911065
2.132719301
2.13815025
2.144206803
2.150901441
2.15825524
2.166297798
2.175066895
2.184608777
2.194978324
2.206239644
2.218466757
2.231744633
2.246170373
2.261854855
2.27892462
2.297524325
2.317819655
2.340001007
2.364287967
2.390934917
2.420238053
2.452544173
2.488261931
2.527876146
2.571966503
2.621231852
2.676522739
2.738884815
2.809618679
2.890362322
2.983208941
3.090875827
3.216956538
3.366301172
3.545616254
3.764430472
4.036731749
4.383839792
4.839775391
5.461869589
6.353613927
7.718045395
272.5957909
47.75822256
26.14064615
17.883736
12.85935033
9.682935141
7.571503105
6.163008466
5.158655642
4.420874569
3.871528979
3.458493799
3.145762385
2.907744076
2.72581691
2.586168329
2.478457032
2.39493143
2.329802527
2.278761499
2.238600312
2.206918392
2.181907695
2.162194779
2.146729391
2.134683029
2.125398477
2.118386126
2.113273845
2.109757546
2.107591691
2.106582631
2.106577509
2.107456946
2.109128448
2.111521962
2.114585947
2.118284469
2.122595148
2.127507152
2.133020126
2.13914306
2.145893695
2.153298118
2.161390528
2.170213343
2.179817346
2.190262288
2.201617348
2.213962277
2.227388287
2.241999819
2.257916072
2.275273591
2.294228723
2.314961443
2.337679241
2.362622852
2.390072528
2.420356876
2.453863135
2.491051409
2.532472055
2.578789671
2.630813824
2.689541758
2.756215763
2.832404308
2.920116757
3.021970315
3.14143989
3.28323777
3.453920535
3.662870544
3.923996423
4.258737277
4.701845656
5.31296284
6.202621044
7.594308347
273.0584512
49.25912362
25.12830968
17.35932224
12.54154021
9.531884701
7.499867311
6.137727445
5.157256767
4.432310923
3.888719874
3.477343704
3.163938844
2.924043001
2.739714754
2.597545056
2.487414961
2.40168134
2.334594633
2.281846481
2.240209603
2.207256349
2.18115062
2.160491917
2.144207362
2.131443865
2.121521688
2.113936153
2.108303209
2.104307063
2.101692019
2.100255697
2.099837994
2.100313035
2.101582782
2.103572304
2.10622572
2.109503297
2.113378919
2.117838553
2.122878558
2.128504873
2.134732115
2.141583276
2.149089262
2.157289154
2.166230123
2.175968021
2.186567852
2.198104698
2.210664706
2.224346579
2.2392632
2.255543883
2.273336916
2.292812974
2.314169054
2.3376337
2.363473239
2.39199997
2.423582285
2.458658005
2.497751421
2.541495985
2.590664376
2.646209243
2.709319446
2.781498109
2.86467571
2.96137221
3.07494585
3.209966338
3.372828406
3.572733663
3.823447887
4.146387959
4.57679809
5.17612639
6.061258104
7.475233918
273.3981215
53.0880106
24.30396709
16.87714637
12.23122184
9.374702545
7.415449496
6.099587299
5.144021109
4.434014441
3.898224944
3.490383708
3.177849978
2.937294594
2.751487611
2.607476271
2.495416972
2.407822727
2.339022307
2.284737881
2.241745356
2.207606687
2.180469279
2.158913601
2.141849874
2.128403459
2.117874439
2.109745488
2.103621713
2.099176433
2.096144229
2.094314482
2.093519919
2.093628487
2.094536734
2.096165105
2.098453461
2.101358355
2.104850282
2.108912
2.11353693
2.118728113
2.124497341
2.13086471
2.13785832
2.145514115
2.153876094
2.162996664
2.172937107
2.183768415
2.195572239
2.208442267
2.222485777
2.23782576
2.254603353
2.272981073
2.293146602
2.315317745
2.339748436
2.36673654
2.396633608
2.42985761
2.466909417
2.50839449
2.5550521
2.607794311
2.667761038
2.736394813
2.81555258
2.907661436
3.015967626
3.144897469
3.300680783
3.492313867
3.733380408
4.045155144
4.463190287
5.050260794
5.928960328
7.360798842
273.6511274
60.99270289
23.71424364
16.44088979
11.93734527
9.217913022
7.323539061
6.052253798
5.121232393
4.427271938
3.900604686
3.497730862
3.187352657
2.947229843
2.760821398
2.615649944
2.502176204
2.413102572
2.342866829
2.287247811
2.243045593
2.20782775
2.179737174
2.157343961
2.139548211
2.125456984
2.114353157
2.105710077
2.099123449
2.094256542
2.090835053
2.088640608
2.087499137
2.0872727
2.087852754
2.089155106
2.091115768
2.093687569
2.096837787
2.10054619
2.104803399
2.109609752
2.114974445
2.120914974
2.12745672
2.134632951
2.142484758
2.151061465
2.160421036
2.170630825
2.181768491
2.193923264
2.207197456
2.22170844
2.237591015
2.255000446
2.274116137
2.29514633
2.318333922
2.343963876
2.37237269
2.403960512
2.439207182
2.478692847
2.5231266
2.573383413
2.630558614
2.696038466
2.771612075
2.859618102
2.963197321
3.086633486
3.235994687
3.420053674
3.652191438
3.953439132
4.359520744
4.9340974
5.804878073
7.250681613
273.8425146
75.11921823
23.77318841
16.06585714
11.66526496
9.066006328
7.228565412
5.999120831
5.091350486
4.413728089
3.896836722
3.499897191
3.192639083
2.953846572
2.767604603
2.621903611
2.507514606
2.417347168
2.345968374
2.289233603
2.243984493
2.207808353
2.178854814
2.155692226
2.137217833
2.122523921
2.110878756
2.101750973
2.09472824
2.089464959
2.085678894
2.083144552
2.0816816
2.081146547
2.081426015
2.082431552
2.084095211
2.086366483
2.089209517
2.092601227
2.096529593
2.100992447
2.105996523
2.111556897
2.117696571
2.124446244
2.131844422
2.13993764
2.148780875
2.158438218
2.168983745
2.180502701
2.19309295
2.206866847
2.221953512
2.238501725
2.256683472
2.276698426
2.298779572
2.323200282
2.350283506
2.380413302
2.414050534
2.451752337
2.494200479
2.542235866
2.596913259
2.659566444
2.731922366
2.816235228
2.915547941
3.03400282
3.177513964
3.354615579
3.578480167
3.869807164
4.264396566
4.826393288
5.688089235
7.144429916
323.8269827
89.52765147
24.46502021
15.73935128
11.41735959
8.921442055
7.133848749
5.942939634
5.056637152
4.395057169
3.888066594
3.497613146
3.194121452
2.9573384
2.771886843
2.626200988
2.511349624
2.420453801
2.34821971
2.290592048
2.244466658
2.207461864
2.17774356
2.153886249
2.134791972
2.119541194
2.107389825
2.097807231
2.090374751
2.084738957
2.080610785
2.077758505
2.075996041
2.075174859
2.075177025
2.075909984
2.077302274
2.079300012
2.081864433
2.084969742
2.088601418
2.092754901
2.097434673
2.102653544
2.108432228
2.114799177
2.121790481
2.129450143
2.137830423
2.14699246
2.157007091
2.167955965
2.179932929
2.193045814
2.207418618
2.223194271
2.240538063
2.259641924
2.280729885
2.30406481
2.3299574
2.358777062
2.390967475
2.427064687
2.467725682
2.513759828
2.566185046
2.626285783
2.695732394
2.776697873
2.872135546
2.986046944
3.124203158
3.294886337
3.511065821
3.793031254
4.176594955
4.726020445
5.577705553
7.041545804
325.1453097
100.0885506
25.6093846
15.46321198
11.19426986
8.785436444
7.041784399
5.885801165
5.019018122
4.372786642
3.875444281
3.491692683
3.192332994
2.958027319
2.773836193
2.62860668
2.513680016
2.422383025
2.349561765
2.291256291
2.244424342
2.20672328
2.176342475
2.151870993
2.13221866
2.116457894
2.103837835
2.093831421
2.086015686
2.080030414
2.075581251
2.07243095
2.07038846
2.06930062
2.069045379
2.069526442
2.070668822
2.072415663
2.074725357
2.077569546
2.08093133
2.084803924
2.089189626
2.094099162
2.099551167
2.10557192
2.112195326
2.119463058
2.127424893
2.13613927
2.145674077
2.156107687
2.1675303
2.180045627
2.193773014
2.208850071
2.225436002
2.243715681
2.263904997
2.286257219
2.311071902
2.338705014
2.369584601
2.404227227
2.443267362
2.48748491
2.537864395
2.595643438
2.662441236
2.74035197
2.832248095
2.941990175
3.07521959
3.239953363
3.448971249
3.722082708
4.095073628
4.631993967
5.472921691
6.941544543
324.7963282
107.775136
27.07472779
15.24078542
10.99571332
8.658631561
6.954052077
5.829244173
4.98005941
4.348220373
3.860028663
3.482939976
3.187850432
2.956304478
2.773697752
2.629259083
2.514569291
2.423149113
2.34997834
2.291192912
2.243815579
2.205547684
2.174607092
2.149604626
2.129457685
2.113234297
2.100184715
2.089786635
2.08161435
2.075302468
2.070552492
2.06712274
2.064817866
2.063480705
2.06298544
2.063232278
2.064143193
2.065658337
2.067733502
2.0703379
2.073452382
2.077068025
2.081185132
2.085812418
2.090966541
2.096671832
2.102960129
2.109870955
2.117451794
2.125758609
2.134856573
2.144821061
2.155738924
2.16771011
2.180849697
2.195290428
2.211185927
2.228714605
2.248084891
2.269541231
2.293372981
2.319923681
2.349607115
2.382921675
2.420481374
2.463038299
2.511546829
2.56719963
2.631570092
2.70667508
2.795315253
2.901208904
3.029882819
3.18907553
3.391397002
3.656111868
4.018960434
4.543475799
5.373033654
6.843972856
324.5216444
113.6401183
28.78828964
15.07148336
10.81823455
8.540806406
6.871679643
5.77434936
4.940969096
4.322410996
3.842735375
3.472089487
3.181237642
2.952582344
2.771756685
2.62834376
2.514127776
2.422808729
2.349489397
2.290398173
2.242622289
2.203909269
2.172508368
2.147057342
2.126478964
2.10984038
2.096401185
2.085644389
2.077142616
2.070526773
2.065495724
2.061804165
2.059253323
2.057682526
2.056962699
2.056990966
2.057686312
2.058986312
2.060844258
2.063227078
2.066113491
2.069492586
2.073362714
2.077730754
2.082611519
2.088027452
2.094008496
2.10059217
2.107823832
2.115757152
2.124454793
2.133989364
2.144444628
2.15591706
2.16851781
2.182375125
2.197637497
2.21447736
2.233096283
2.253730527
2.276660088
2.302216913
2.330801749
2.362895873
2.399094744
2.440123897
2.486910659
2.540604032
2.602736899
2.675249429
2.760879842
2.863201789
2.987643833
3.141652186
3.337691361
3.594421119
3.947532239
4.45976218
5.277440634
6.748430155
324.4883854
118.4211665
30.70717529
14.95730829
10.65883353
8.430587445
6.795123783
5.721826975
4.90262301
4.296166398
3.82431635
3.459774053
3.173009634
2.947259965
2.768308532
2.626069847
2.512495212
2.421448834
2.348143166
2.28889325
2.240847574
2.201799862
2.170031284
2.14421009
2.123261894
2.106254539
2.092465566
2.081383288
2.072579044
2.065681972
2.060389204
2.056452915
2.053671585
2.051881741
2.050951417
2.05077498
2.05126891
2.05236824
2.054024014
2.056201014
2.058875962
2.062036038
2.065677815
2.069806373
2.074434788
2.079583777
2.08528148
2.091563544
2.098473345
2.106062414
2.114391089
2.123529404
2.133558262
2.144570913
2.156674867
2.169994202
2.184672656
2.200877103
2.218802772
2.23867828
2.260775005
2.28541399
2.312984058
2.343950214
2.378891138
2.41850674
2.463700294
2.515577893
2.575637205
2.645741505
2.728576216
2.827566786
2.948061114
3.097198395
3.287325714
3.536441206
3.88019476
4.380270015
5.185639305
6.654565013
324.2361517
122.6895258
32.83023198
14.89860404
10.51601592
8.327630127
6.724525857
5.672112107
4.865638485
4.270088683
3.80536941
3.446518204
3.163615719
2.940702098
2.763638374
2.622651524
2.509825633
2.41917514
2.346007833
2.286718453
2.238511846
2.199226214
2.167173129
2.14105448
2.119794568
2.102462704
2.088362815
2.07698793
2.067908087
2.060752274
2.055216914
2.051052474
2.048055566
2.04606034
2.044932528
2.044564151
2.044869272
2.045780824
2.0472477
2.049232705
2.051710682
2.054667047
2.058096627
2.062002877
2.066397226
2.071298721
2.076733823
2.082736432
2.089348059
2.096618243
2.104605141
2.113376394
2.123010228
2.133596898
2.145240514
2.15806127
2.172198473
2.187813808
2.20509661
2.224268319
2.245592356
2.269379427
2.296007463
2.325925843
2.359698169
2.397999336
2.441711522
2.491898147
2.550027029
2.61788353
2.698110231
2.793979788
2.910777807
3.05532105
3.239869929
3.481707018
3.816459965
4.304518222
5.097214072
6.562082748
323.6162397
126.462954
35.13303295
14.90066177
10.38994659
8.231381915
6.659396202
5.625446778
4.830444196
4.244622895
3.786361154
3.432746165
3.153435951
2.933229255
2.758008122
2.618294877
2.506275459
2.416102078
2.343163549
2.28392709
2.235648273
2.196206747
2.163946871
2.137592598
2.116069189
2.098456878
2.084083876
2.072448217
2.063119051
2.055726662
2.049967442
2.045591124
2.042392945
2.040205434
2.038892369
2.038343724
2.038471676
2.039207074
2.040496944
2.042302256
2.04459611
2.047362237
2.050593892
2.054292924
2.058469215
2.063140278
2.068330974
2.07407355
2.080407773
2.087381306
2.095050267
2.103480048
2.112746377
2.122936694
2.134151938
2.146508652
2.160142017
2.175208823
2.191892938
2.210408997
2.231013086
2.254006014
2.279755816
2.308696691
2.341378847
2.378452457
2.420781597
2.469386748
2.525711372
2.591461136
2.669246081
2.762180331
2.875506574
3.015702645
3.194975569
3.429840317
3.755929756
4.232113951
5.011826701
6.470736451
322.5376357
129.7061902
37.63060655
15.01338876
10.28695647
8.14247268
6.598522612
5.581297825
4.797312153
4.220105114
3.767651269
3.41879576
3.142784471
2.925114931
2.751649873
2.613189593
2.501995004
2.412345073
2.339696027
2.280580529
2.23229917
2.192768891
2.160369539
2.133833685
2.112087413
2.094235218
2.079625018
2.067758712
2.058205562
2.050598097
2.044633327
2.040060876
2.036675394
2.034308111
2.032821382
2.032103569
2.032065019
2.032634944
2.033758615
2.035395334
2.037516582
2.040104547
2.043150943
2.046656181
2.050628673
2.055084435
2.06004685
2.0655466
2.071621812
2.07831838
2.085690508
2.093801471
2.10272465
2.112544838
2.123359999
2.135283238
2.14844587
2.16300006
2.179124581
2.197027585
2.216958397
2.239208289
2.264136335
2.292161866
2.323823342
2.359746259
2.400779599
2.447900205
2.502532831
2.566300926
2.641792693
2.731957024
2.842013692
2.978084417
3.152357907
3.380531453
3.698277692
4.162736116
4.929205322
6.380329025
274.4803115
130.6863576
40.48875805
15.27443991
10.2084718
8.061093175
6.541593315
5.539484275
4.766393004
4.19677047
3.74950841
3.404927874
3.131913543
2.916585609
2.744762837
2.607504029
2.497122783
2.408014788
2.335691243
2.276743728
2.228512494
2.188946656
2.15646411
2.129791854
2.107857107
2.089801377
2.074987094
2.062918058
2.053164964
2.045362992
2.039210273
2.034457072
2.030897703
2.028362771
2.026713489
2.025836875
2.02564195
2.026056309
2.027023738
2.028502013
2.030461135
2.032881832
2.035754445
2.039077955
2.042859405
2.047113444
2.05186202
2.057134355
2.062967016
2.069404239
2.076498413
2.084310826
2.092912642
2.102386163
2.112826545
2.124343651
2.137065164
2.151138856
2.166738752
2.184066787
2.203366076
2.224918609
2.24907544
2.276241168
2.306944191
2.341785094
2.381600881
2.427323608
2.480365149
2.542263578
2.615596289
2.703139273
2.810110243
2.942256617
3.111785681
3.3335283
3.64323792
4.09612484
4.849134808
6.290704123
370.6733714
138.4516794
43.76377581
15.6953812
10.15211315
7.986837066
6.488936415
5.49978796
4.737240571
4.174728205
3.732115971
3.391332828
3.121017348
2.907822467
2.737512673
2.601382933
2.491782129
2.40321326
2.331231468
2.272481646
2.224337983
2.18478633
2.152258662
2.125478461
2.103389703
2.085163404
2.070174618
2.057928423
2.047997778
2.040020679
2.033696907
2.028777601
2.025057384
2.022366408
2.020565216
2.019539849
2.019198015
2.019466134
2.020286596
2.021615821
2.023422448
2.025685889
2.02839513
2.031547904
2.035149932
2.03921454
2.043762352
2.048821198
2.054426184
2.060619968
2.067453234
2.074985384
2.083285498
2.092433511
2.102521944
2.11365757
2.125964675
2.139586823
2.154693633
2.171481025
2.190186452
2.211082786
2.234514008
2.260869974
2.290670743
2.324491499
2.363160495
2.407563417
2.459105389
2.51923519
2.590530968
2.67558719
2.779640992
2.908046624
3.073068166
3.288622886
3.590591309
4.032068424
4.771446827
6.201745646
357.7631963
143.3263125
47.27957058
16.36011546
10.11923671
7.919294607
6.440433555
5.462705475
4.709456274
4.153527001
3.715563577
3.378147315
3.110241561
2.898967435
2.730034345
2.594948086
2.48608031
2.398032087
2.326393064
2.267856964
2.21982539
2.180327353
2.14778292
2.120914445
2.098700519
2.080332614
2.065195201
2.052794894
2.042707224
2.034573063
2.028094069
2.023022731
2.019154058
2.016318268
2.014375412
2.013210753
2.012731164
2.012861853
2.01354408
2.014733041
2.016396147
2.018511563
2.021067095
2.024059211
2.027492439
2.031378874
2.035737869
2.040595945
2.045986823
2.051951674
2.058539566
2.06580812
2.073824442
2.082666226
2.092423504
2.103200107
2.115117131
2.128314102
2.142956552
2.159234545
2.177380417
2.197657998
2.220405166
2.245996874
2.274946635
2.307803495
2.345390327
2.388544453
2.438670588
2.497123772
2.566494764
2.649187124
2.750479557
2.875313539
3.036049342
3.245644843
3.54015855
3.97039605
4.696012577
6.113370008
346.0395488
146.0585461
50.84080457
17.25254833
10.12373662
7.85846726
6.395743797
5.428080056
4.683248528
4.13310794
3.699691679
3.365452974
3.099697332
2.890132454
2.722437293
2.588301039
2.480109382
2.392551977
2.321245551
2.262928033
2.21503676
2.175608498
2.143056183
2.116122058
2.093807714
2.075322588
2.060058901
2.047524942
2.037298762
2.029024099
2.02240473
2.017194534
2.013189279
2.010219323
2.008144609
2.006849891
2.006241173
2.006242848
2.006795124
2.007852114
2.009380112
2.011356171
2.013766928
2.016607777
2.01988206
2.023600715
2.027781904
2.03245092
2.037640165
2.043389413
2.049746193
2.056766449
2.064515406
2.073068643
2.082513827
2.092951994
2.104501234
2.117297187
2.131501603
2.14729882
2.164916581
2.1846097
2.206710927
2.23158003
2.259725827
2.291670255
2.328234327
2.370204644
2.418992142
2.475853001
2.543402984
2.623844518
2.722520548
2.843939674
3.000598606
3.204451642
3.491789872
3.910967723
4.622734114
6.025524382
332.8101644
146.5666746
54.23293378
18.34747543
10.18444075
7.805351532
6.354605857
5.395759091
4.658768877
4.113749923
3.684294802
3.353061834
3.089454049
2.881405191
2.714810487
2.581526351
2.473947524
2.386843095
2.315851147
2.257758579
2.210018026
2.170659591
2.13810696
2.111125261
2.088730743
2.070148537
2.054777636
2.042127868
2.031779663
2.023379541
2.016633436
2.011296735
2.007166011
2.004072126
2.001874922
2.000458831
1.999729375
1.999610075
2.000040301
2.000973202
2.002374069
2.004218905
2.006493349
2.009191674
2.012316199
2.015876755
2.01989038
2.024381204
2.029380387
2.034926378
2.041065255
2.047851364
2.05534816
2.063629197
2.072779923
2.082898678
2.094100755
2.106518011
2.120308739
2.135651609
2.152770343
2.171910645
2.193401194
2.217586108
2.244971504
2.276050963
2.311647359
2.352493787
2.40001432
2.455360685
2.521186295
2.59948167
2.695677088
2.813827769
2.966607658
3.164924992
3.445360988
3.853669697
4.551539414
5.938180314
321.7612405
145.8578129
57.39929316
19.63821781
10.29942625
7.769599954
6.317052739
5.365627129
4.635942428
4.09550204
3.669631691
3.34098284
3.079361469
2.872795453
2.707221744
2.574692796
2.467661122
2.380967363
2.310277995
2.252407807
2.204800792
2.165506119
2.132963784
2.105948443
2.083489621
2.064826711
2.049364586
2.036614359
2.026158609
2.017646518
2.010786111
2.005334288
2.00108859
1.997880303
1.995569538
1.994040549
1.993198268
1.992965718
1.99328146
1.994097803
1.995379123
1.9971005
1.99924656
2.001810664
2.00479408
2.008205616
2.012061264
2.016384051
2.021203968
2.026558208
2.032491476
2.039056604
2.046315367
2.054339396
2.063212036
2.073029046
2.0839031
2.095962372
2.109362008
2.124275045
2.140921751
2.159538578
2.180451198
2.203987535
2.230653021
2.260911478
2.295591484
2.335369568
2.381690071
2.435594132
2.499785912
2.576032572
2.669875161
2.784894799
2.933983761
3.126963625
3.400765473
3.79840658
4.482374747
5.851331257
340.9868496
149.3022718
60.69182667
21.12215434
10.47552595
7.746531316
6.288182912
5.33769584
4.614688798
4.078331535
3.65574123
3.329396682
3.069517395
2.864255671
2.699637342
2.567825858
2.461310451
2.374998465
2.304577241
2.246894883
2.199408392
2.160179814
2.12765443
2.100615349
2.078104379
2.059373885
2.043833726
2.030996045
2.02044534
2.011833224
2.004869731
1.999313232
1.994962188
1.991648608
1.98923275
1.987598755
1.986651369
1.986312956
1.986521477
1.987228481
1.988397527
1.990002812
1.992028114
1.994465822
1.9973163
2.000587396
2.004294098
2.008458402
2.013109191
2.018282475
2.024021654
2.030378131
2.037412087
2.045193318
2.053803189
2.063334966
2.073898897
2.085619535
2.098649208
2.1131553
2.12935523
2.147475955
2.167841296
2.19076225
2.216745758
2.246224181
2.280035881
2.318797349
2.363980634
2.416509742
2.479152871
2.553442008
2.645052566
2.75707081
2.902648359
3.090481652
3.357912741
3.745098961
4.415201988
5.764987583
349.5380701
152.6870129
63.92986216
22.76551644
10.72798012
7.739549663
6.263829924
5.31498164
4.595294149
4.062190899
3.642601333
3.318306395
3.059997292
2.855894912
2.692130138
2.56095759
2.454903448
2.368934433
2.298756138
2.241246676
2.193873564
2.154709999
2.122204804
2.095148709
2.072594704
2.053806894
2.038199409
2.025285178
2.014650321
2.005948671
1.998892099
1.99324038
1.988792987
1.985382464
1.982869476
1.981138172
1.980092903
1.979655734
1.97976401
1.980368612
1.98143235
1.982928643
1.984840403
1.987159223
1.989884563
1.993023353
1.996589662
2.000604507
2.00509573
2.010098217
2.015654144
2.021813547
2.028635109
2.036186864
2.044548324
2.053810335
2.064080909
2.075481024
2.088160523
2.102281079
2.118057889
2.135708107
2.155554891
2.177891492
2.203228595
2.231965286
2.264953867
2.302747119
2.346852365
2.398069558
2.459244482
2.531661735
2.62115476
2.730294312
2.872532083
3.055403129
3.316722312
3.693677112
4.34999185
5.679173485
336.8912244
152.6982668
66.94205519
24.53033475
11.09910644
7.757005897
6.244078118
5.294425622
4.579197653
4.047779584
3.63019653
3.307701047
3.05080876
2.847732754
2.684727556
2.554119481
2.448473796
2.362809178
2.292847736
2.235494482
2.188225354
2.149123208
2.116638963
2.08957006
2.066979597
2.048142356
2.032476096
2.019494321
2.008784508
2.000002429
1.992861649
1.987123262
1.982587627
1.979088063
1.976485423
1.974663888
1.973527762
1.972998615
1.973013344
1.973522215
1.97448736
1.975881445
1.977686656
1.97989374
1.982501354
1.985515599
1.98894965
1.992823606
1.997164323
2.002005632
2.007388546
2.013361809
2.019982688
2.027317528
2.03544411
2.044450921
2.054443935
2.065540569
2.077888537
2.091643691
2.107019667
2.124223432
2.143578741
2.165360127
2.190084396
2.218115278
2.250323399
2.287193802
2.330276933
2.380241431
2.440024326
2.510650426
2.59813473
2.70451217
2.843574534
3.021661755
3.277123256
3.644080357
4.286723067
5.593923372
330.2835917
152.021181
69.72872173
26.40655148
11.5790776
7.799203304
6.229348839
5.275956709
4.564606682
4.035105407
3.619528563
3.297628684
3.041956391
2.839781729
2.677450068
2.547336675
2.442049271
2.356651311
2.28688049
2.229665715
2.182489727
2.143443619
2.110979157
2.083899678
2.061277279
2.042396453
2.026678117
2.013636158
2.002859109
1.994004456
1.98678726
1.98096982
1.976353452
1.972771953
1.970086621
1.968181724
1.966961258
1.966346633
1.966274234
1.966693785
1.967566782
1.968865226
1.97057054
1.972672777
1.975169816
1.97806693
1.98137648
1.985117699
1.989316513
1.994005758
1.999225348
2.005022804
2.011454051
2.018583824
2.026488281
2.03525361
2.044983938
2.055793128
2.067827116
2.081235797
2.09623193
2.113011838
2.131901188
2.153154725
2.177297825
2.204656679
2.236124665
2.272114915
2.314228885
2.362996428
2.421459544
2.490370714
2.575949797
2.679676006
2.815720415
2.989196601
3.239049721
3.59625187
4.225376308
5.50927819
274.6334961
147.3478192
71.87042296
28.36981955
12.16033118
7.867676075
6.220360901
5.25961909
4.551405791
4.02344846
3.609674649
3.288800771
3.033909974
2.832064954
2.670315021
2.540629199
2.435652878
2.350485214
2.280879125
2.223784639
2.176689966
2.137693215
2.105245975
2.078156567
2.055505051
2.036584829
2.02081954
2.007723303
1.996885452
1.98796492
1.980678105
1.974788425
1.970097957
1.966441207
1.963679663
1.961697618
1.960399136
1.959705188
1.959551806
1.959888193
1.960675258
1.961884341
1.963496226
1.965500231
1.967893497
1.970680589
1.973873055
1.97748932
1.981554429
1.986100283
1.991165755
1.996797205
2.003049301
2.009985225
2.01767963
2.026216451
2.035698166
2.046235059
2.05797167
2.071051745
2.085687894
2.102065269
2.120512818
2.1412643
2.164856219
2.191574827
2.222340868
2.257491146
2.29868617
2.346309337
2.403521305
2.470789708
2.554562126
2.655742841
2.788920138
2.957952796
3.202441512
3.550139474
4.165935119
5.425283295
333.8463727
149.4211554
74.34329869
30.43407977
12.84260938
7.964945013
6.217904028
5.245473374
4.539489293
4.012749702
3.600574132
3.280530568
3.026381662
2.825028497
2.663605275
2.534021675
2.429304838
2.344331494
2.274864955
2.217872626
2.170846973
2.13189204
2.099458374
2.072358472
2.04967933
2.030722494
2.014914048
2.001768204
1.990874825
1.98189409
1.974543542
1.968587588
1.963829123
1.960103046
1.957271224
1.955218064
1.953847354
1.95307995
1.952851448
1.953110569
1.953817659
1.954943463
1.956468086
1.958380213
1.960676318
1.963360198
1.966442681
1.969941422
1.973880638
1.978291345
1.983211436
1.988686172
1.994769035
2.001521713
2.009017475
2.017338028
2.026584415
2.036863292
2.048318192
2.06108649
2.075381401
2.091376304
2.109404863
2.129678579
2.152747687
2.178856028
2.208956328
2.243304529
2.283628247
2.330156661
2.386182659
2.451876604
2.533936159
2.632672158
2.763126707
2.927878013
3.167240458
3.505691228
4.108380384
5.341984444
324.0439057
148.2808874
76.45426637
32.5645662
13.62459566
8.093201097
6.222740993
5.23357317
4.528749018
4.002938171
3.592163852
3.272788087
3.019266518
2.818295001
2.657164626
2.527786748
2.423208057
2.338230114
2.268857911
2.211948848
2.164979355
2.126058237
2.093633886
2.066521975
2.043815603
2.024823819
2.008974891
1.995783037
1.984838416
1.975802222
1.968392998
1.962376052
1.957554883
1.953765006
1.950868395
1.948749488
1.947312137
1.946476802
1.946178758
1.946366251
1.946999093
1.948047428
1.949490774
1.951317158
1.953522364
1.956109574
1.959088875
1.962477203
1.966297986
1.97058141
1.975364441
1.980691294
1.986614346
1.993193837
2.000501772
2.008617652
2.017641295
2.02767566
2.038863689
2.051336116
2.065307547
2.080938939
2.098570133
2.118388991
2.140962166
2.166488461
2.195957326
2.229539181
2.269036807
2.314517357
2.369419327
2.4336036
2.514039572
2.61042706
2.738296918
2.898923892
3.133391842
3.462857349
4.052692694
5.259426924
274.6560477
145.3422157
78.19565364
34.73616647
14.50898991
8.255423687
6.235907349
5.224082268
4.519126724
3.993956928
3.584390671
3.265545429
3.012543659
2.811857064
2.650950917
2.521715796
2.417230484
2.332322272
2.262993327
2.206087905
2.159106041
2.120208833
2.087788636
2.060662413
2.037928481
2.018902518
2.003014855
1.989779689
1.978787221
1.969699501
1.962235912
1.956162524
1.951283503
1.947434629
1.944478201
1.942298744
1.940799807
1.939901768
1.939539466
1.939660705
1.940224765
1.941201235
1.942569003
1.944315501
1.946435927
1.948932734
1.951815367
1.955100073
1.958809538
1.962973157
1.967627031
1.972814371
1.978586531
1.98500234
1.992132671
2.000054809
2.008867589
2.018670164
2.029605326
2.041796847
2.055461558
2.070747259
2.08800151
2.107387092
2.129489781
2.154460666
2.183330618
2.216179823
2.254894228
2.299371194
2.353207905
2.415943856
2.49484109
2.588971747
2.714388674
2.871042947
3.100841246
3.421586263
3.998847285
5.177651498
328.0373024
146.2417795
80.0360239
36.94916926
15.49726167
8.454738491
6.25860275
5.217227031
4.510595644
3.985758603
3.577210052
3.258777859
3.006194765
2.805707794
2.644962022
2.515812791
2.41137944
2.326504876
2.257192704
2.200297435
2.153320348
2.11441719
2.081956397
2.054794957
2.032031918
2.012971619
1.99704616
1.983769658
1.972732029
1.963595989
1.956081669
1.949955826
1.945023054
1.941119658
1.938107986
1.935872502
1.934316852
1.933360977
1.932939411
1.9329995
1.933500005
1.934409941
1.935707637
1.937379921
1.939421314
1.941833734
1.944625933
1.947813513
1.95141845
1.9554694
1.960001635
1.965057423
1.970687157
1.976948302
1.98391071
1.991649457
2.000262615
2.009845425
2.020540967
2.03246572
2.045839578
2.060796412
2.077693053
2.096665675
2.118321941
2.142762478
2.171064292
2.203212624
2.241184446
2.284699663
2.337526884
2.398872694
2.476311773
2.568273043
2.691362642
2.84419057
3.069536667
3.381827486
3.946817649
5.09669483
274.6680807
143.5958042
81.38060953
39.16260519
16.5788391
8.713611021
6.296947173
5.213553497
4.503188714
3.978314848
3.570589996
3.252465732
3.0002053
2.799841758
2.639196372
2.510081356
2.405661245
2.320787091
2.251466869
2.194561261
2.147573849
2.108653193
2.076168739
2.048973765
2.026169624
2.007053116
1.991080975
1.977764214
1.966683336
1.957501516
1.949939535
1.943764625
1.938781853
1.934827758
1.931764903
1.929477791
1.927869757
1.92686062
1.926384488
1.926388254
1.926830161
1.927678676
1.928911528
1.930514957
1.932482954
1.93481673
1.937524453
1.9406211
1.944127977
1.948073029
1.952490759
1.957422519
1.962917834
1.969032807
1.975836432
1.983401518
1.991825651
2.001199986
2.011668393
2.023339636
2.03643758
2.051081339
2.067638601
2.086217392
2.107449987
2.131383778
2.159146574
2.190623953
2.22789164
2.270484574
2.322355088
2.382365791
2.458423077
2.548298147
2.669179834
2.818322189
3.039425637
3.343527916
3.896570799
5.016585522
274.6733429
142.4591242
82.72253976
41.39252528
17.75639764
9.045305587
6.354179264
5.213739238
4.496973561
3.971602187
3.56450161
3.246590087
2.994562168
2.794253898
2.633652689
2.504524923
2.400081795
2.315177275
2.245825581
2.188890372
2.141878132
2.102928866
2.070413321
2.04317991
2.020331633
2.001170156
1.985153028
1.971790799
1.960658862
1.95142601
1.943818728
1.937597624
1.932567908
1.92856667
1.925456363
1.923121373
1.921465109
1.92040694
1.919880636
1.919832631
1.920220648
1.921012577
1.922185598
1.923725367
1.925625204
1.92788583
1.930514762
1.933526385
1.936941361
1.94078696
1.94509696
1.949911836
1.955280313
1.96125716
1.967910635
1.975311253
1.983556363
1.992732874
2.002985926
2.014416161
2.027252307
2.041597848
2.057832935
2.076035837
2.096866207
2.120315431
2.147566693
2.178401303
2.215001207
2.256709095
2.307672853
2.366400569
2.441148363
2.529016418
2.647803593
2.793395695
3.010457833
3.306635467
3.848071893
4.937345829
364.6157173
144.2651202
84.019489
43.60154194
19.03407804
9.441586911
6.429302601
5.218290746
4.492002194
3.965580872
3.558907173
3.241125978
2.989249825
2.788937454
2.62832895
2.499146268
2.394646443
2.309683264
2.240278038
2.183295049
2.136244034
2.097255423
2.064701437
2.037424692
2.014529159
1.995320457
1.979256883
1.965848649
1.954670594
1.945391438
1.937737435
1.931469493
1.926389615
1.922344057
1.919189541
1.9168103
1.915109443
1.914006186
1.913433805
1.913338299
1.913676853
1.914416798
1.915534719
1.91701568
1.918852498
1.921045203
1.92360075
1.926532968
1.929861875
1.933614131
1.937822794
1.942527527
1.947776299
1.953622582
1.960134015
1.967378788
1.975454259
1.984442919
1.994491661
2.005692578
2.018280159
2.032341404
2.0482705
2.066114374
2.086562744
2.109548221
2.136313868
2.166532182
2.202498583
2.243356484
2.293460609
2.350954531
2.424461107
2.510397267
2.627197284
2.769368681
2.982582266
3.27109537
3.801279676
4.858987845
338.4233334
143.3562161
85.01711057
45.75303948
20.40869752
9.90074897
6.522948792
5.227757615
4.488374034
3.960229288
3.553776891
3.2360519
2.984255125
2.78388671
2.623223899
2.493948381
2.389360634
2.304312703
2.234833163
2.177785282
2.130682019
2.091643643
2.05904395
2.03171889
2.008772803
1.989514435
1.973402695
1.959947599
1.948723403
1.939398532
1.931698938
1.925386019
1.920261899
1.916172651
1.912975166
1.910552303
1.908809411
1.907664628
1.907049958
1.906910938
1.907204204
1.907896477
1.908963802
1.910390653
1.912169168
1.914298919
1.916786222
1.919644362
1.922892749
1.926557441
1.930670833
1.935271789
1.940407603
1.946130448
1.952507489
1.959604523
1.967519193
1.976329369
1.986184209
1.997166787
2.009518263
2.023308238
2.038946548
2.056447157
2.076532512
2.099073773
2.125378184
2.155005091
2.19037029
2.230411215
2.27970015
2.336006773
2.408336548
2.492412131
2.607326535
2.746201207
2.955750317
3.236854428
3.756151879
4.781514169
333.464177
142.5215556
85.72198997
47.80251768
21.87138464
10.42507579
6.636750599
5.242802185
4.486252054
3.955556055
3.549097266
3.231355222
2.979570838
2.779099407
2.618338666
2.488935604
2.384230622
2.299073658
2.229500049
2.172370981
2.125202427
2.08610415
2.053451453
2.026073013
2.003072917
1.983762197
1.967600298
1.954097173
1.942826467
1.933456145
1.925711758
1.919355085
1.914188461
1.910057423
1.906819229
1.904356492
1.902574119
1.901389977
1.900735539
1.900556253
1.900808081
1.90145675
1.902477695
1.903854766
1.905579613
1.907651103
1.910075025
1.912864122
1.916037223
1.919619798
1.92364362
1.928146771
1.933175951
1.938782021
1.945031825
1.951988683
1.959750814
1.968391229
1.978061876
1.988836331
2.000963355
2.014494244
2.029856026
2.047028127
2.066768303
2.088883617
2.114749693
2.143808506
2.178602852
2.217857807
2.266373327
2.321536423
2.39275
2.475032455
2.588156978
2.723853051
2.929912876
3.20385723
3.712639589
4.704038408
274.690136
139.7045064
85.95411071
49.69742534
23.40891028
11.01823446
6.772941681
5.264221365
4.485859651
3.951598755
3.544870013
3.227032513
2.975196097
2.77457742
2.613677328
2.484114129
2.379263954
2.293974904
2.224288198
2.167062284
2.119815638
2.080647472
2.047934444
2.020497419
1.997439646
1.978073682
1.961859362
1.948306719
1.936988816
1.927572955
1.919784243
1.913384761
1.90817688
1.904005808
1.900728938
1.898228485
1.896409289
1.895188613
1.894497521
1.894280897
1.894494077
1.895102386
1.896081303
1.897412753
1.899088107
1.901105777
1.903470897
1.906195714
1.909298462
1.912804069
1.916743691
1.92115467
1.926083162
1.931578723
1.937708006
1.944531782
1.952149115
1.960627943
1.970123514
1.980699413
1.992612896
2.005896034
2.020994617
2.037851964
2.057263634
2.078970101
2.104419302
2.132931895
2.167183882
2.205681997
2.25346337
2.307524218
2.377678591
2.458231784
2.569656664
2.702286728
2.905023705
3.17205089
3.670699002
4.631082326
274.693392
137.9064555
85.85635
51.40053479
25.00342008
11.68358285
6.93419101
5.292947087
4.487472379
3.948418539
3.541108994
3.223087516
2.971135163
2.770326172
2.609246655
2.479491988
2.374469487
2.289026105
2.219207704
2.161869608
2.114532207
2.075284216
2.042503355
2.015002369
1.991883039
1.972458685
1.956189419
1.942585478
1.93121936
1.921757553
1.913924656
1.907482938
1.902234892
1.898025058
1.894711169
1.892175156
1.890321325
1.889066678
1.888341723
1.888090782
1.888268549
1.888839777
1.889779186
1.891068121
1.892698508
1.894667027
1.896977642
1.899642648
1.902679668
1.906113126
1.909973569
1.914297629
1.919130978
1.924521855
1.930536866
1.937234141
1.944713881
1.953038689
1.962367645
1.972753846
1.984463963
1.997509939
2.012357778
2.028913202
2.048011964
2.069325538
2.094377938
2.122364748
2.156101047
2.193869625
2.240953636
2.293951007
2.363099618
2.44198377
2.551793778
2.681464633
2.881036382
3.141381277
3.630276598
4.562246916
274.6963136
136.5107
85.44721901
52.87429471
26.63094057
12.41776252
7.129662628
5.331910356
4.491501912
3.946098243
3.537836096
3.219529099
2.967396257
2.766354122
2.605055843
2.475078961
2.369857417
2.284237806
2.214269266
2.156803803
2.109362923
2.070025067
2.037168677
2.009598099
1.986413044
1.966926911
1.950599905
1.936942579
1.925526924
1.916018439
1.908141188
1.901657546
1.896369946
1.892122493
1.888773031
1.886203018
1.884316655
1.883030289
1.882273988
1.881991486
1.882136822
1.882674132
1.883577405
1.884827429
1.88641538
1.888337363
1.890597899
1.893208357
1.896183986
1.899549807
1.903335791
1.907577851
1.912321264
1.917612898
1.923519499
1.93009641
1.937445296
1.945623144
1.954793409
1.964998168
1.976514396
1.989333012
2.003941696
2.020207127
2.039007505
2.059943088
2.084617431
2.112097604
2.145343178
2.182407824
2.22882895
2.280799344
2.348992319
2.426264339
2.534539174
2.6613523
2.857908324
3.112002556
3.59160667
4.496708551
348.1389477
136.8796718
84.83838479
54.10760163
28.26743802
13.21705545
7.371446877
5.384482239
4.498525849
3.944754041
3.53508404
3.216371607
2.96399133
2.762672483
2.601116269
2.470886468
2.365439186
2.279621477
2.209484262
2.151876113
2.104318861
2.064880903
2.031940942
2.004294842
1.981039591
1.961487988
1.945100167
1.931387073
1.919920236
1.910364044
1.902441959
1.895916362
1.890589672
1.886305298
1.882921324
1.880318903
1.878401622
1.877085535
1.876300132
1.875988545
1.876104142
1.876610451
1.877480672
1.878695016
1.880244057
1.882123109
1.884336236
1.886894156
1.889813719
1.893117004
1.896832882
1.900997523
1.905655799
1.91085325
1.916656835
1.92311907
1.930343319
1.93838073
1.947399615
1.957430569
1.968761719
1.981362111
1.99574243
2.011728973
2.030244499
2.05081597
2.075129727
2.102121125
2.134899266
2.171283951
2.217074406
2.268052052
2.335336283
2.411049719
2.517864069
2.641915436
2.835596959
3.083889073
3.554535335
4.434220112
274.701218
134.647684
84.11969594
55.13882013
29.89368547
14.08853581
7.656085727
5.450203156
4.509091393
3.944538074
3.532900464
3.213637199
2.96093724
2.759295892
2.597441816
2.466927727
2.361227598
2.275189519
2.204864737
2.147098287
2.099411406
2.059862751
2.026830812
1.99910287
1.97577257
1.9561515
1.939699487
1.925927925
1.914407954
1.904802712
1.896835023
1.890267179
1.884901431
1.880580728
1.877163099
1.874529274
1.872582615
1.871238513
1.870425977
1.870087515
1.870175813
1.870653748
1.871493763
1.872675491
1.874188685
1.876028148
1.878197335
1.880706354
1.883571577
1.886815047
1.890467447
1.894558912
1.899136543
1.904244515
1.909950137
1.91630298
1.923408398
1.931311441
1.940185769
1.950050012
1.961204251
1.973594852
1.98775681
2.003474772
2.021718005
2.04193832
2.065907758
2.092427108
2.124759567
2.160486762
2.205676683
2.255693792
2.322113197
2.396318626
2.501742622
2.623123361
2.814120049
3.05690181
3.518964787
4.374572552
274.7032328
133.3624123
83.44022651
55.99562961
31.49144184
15.03330129
7.983734015
5.529808412
4.523761572
3.94562824
3.531343796
3.211353192
2.958254206
2.756241546
2.594048403
2.463217538
2.357236651
2.270955247
2.200423408
2.142482488
2.094652254
2.054981861
2.021849028
1.994032487
1.970621888
1.950926985
1.934407083
1.920574036
1.908998649
1.899342716
1.891328347
1.884717653
1.879312763
1.874955825
1.871505103
1.868840924
1.866865943
1.865495287
1.864657315
1.864293911
1.864357061
1.864809002
1.865621359
1.866773166
1.868253531
1.870056457
1.872184918
1.874648377
1.877462752
1.880649507
1.884238657
1.888263962
1.892765404
1.897788214
1.903400527
1.909648831
1.916640768
1.924415011
1.933151082
1.942855156
1.953840071
1.966028737
1.979981619
1.995440597
2.013423206
2.033304436
2.056944677
2.083007595
2.114914631
2.15000538
2.194622891
2.243709673
2.309305301
2.382050284
2.486149658
2.604981242
2.793450673
3.030919539
3.484802525
4.31757344
357.5833347
134.3943168
82.94924554
56.71207031
33.04157052
16.04643145
8.356116528
5.624578851
4.543102216
3.948209963
3.53047398
3.209547004
2.955962799
2.753527464
2.59095294
2.459771647
2.353481201
2.266932633
2.196173503
2.138041297
2.090053369
2.050249622
2.017006458
1.989094046
1.965597424
1.945823952
1.929232116
1.915334233
1.903700819
1.893992243
1.885929848
1.879275402
1.873830832
1.869437785
1.865954287
1.863260214
1.861257956
1.859861914
1.858999943
1.858613274
1.858653182
1.859081228
1.859868239
1.860992671
1.862442719
1.864211937
1.866302602
1.868723617
1.871490352
1.874623785
1.878153197
1.882112058
1.886543814
1.891486169
1.897009496
1.903157775
1.910041206
1.917691843
1.926295501
1.935845482
1.946668093
1.958662073
1.972414473
1.987623375
2.005356166
2.024909597
2.048234705
2.07385584
2.105356357
2.139830426
2.183901834
2.23208677
2.296897076
2.368226605
2.471063169
2.58749989
2.773505974
3.005889358
3.451966524
4.263049376
367.527586
134.3542081
82.50959735
57.29029562
34.52363777
17.11953917
8.775320827
5.736096061
4.56773197
3.952492434
3.530360256
3.208249525
2.954085268
2.751172893
2.588173344
2.456606674
2.349976811
2.263136239
2.192128714
2.133787592
2.085626947
2.045677597
2.012314031
1.984297925
1.960709071
1.940851857
1.924183689
1.910217267
1.898522884
1.888759428
1.880647268
1.873947943
1.868463086
1.864033483
1.860517291
1.857793881
1.855764881
1.854344389
1.853459601
1.853051079
1.853069375
1.853475379
1.854239077
1.855338299
1.856760538
1.858498596
1.860554147
1.862935554
1.865657596
1.868740803
1.872213709
1.876109484
1.880471077
1.885339698
1.890778409
1.896830812
1.90361031
1.911142098
1.919618748
1.92902025
1.939687057
1.951493124
1.965053006
1.980020159
1.997513162
2.016749344
2.039772385
2.064965459
2.096077068
2.129953024
2.1735029
2.220812769
2.284873736
2.354830208
2.456461911
2.570643969
2.754248927
2.981760791
3.420379768
4.210841984
331.7393957
133.2230175
82.08634367
57.73704403
35.9202093
18.24327111
9.243780434
5.866329785
4.598389991
3.958731732
3.531091568
3.207500593
2.952648451
2.749199869
2.585729372
2.453740511
2.346739966
2.25958127
2.188303187
2.129734605
2.081385402
2.041277456
2.007782765
1.97965452
1.955966676
1.936020121
1.919270819
1.905231812
1.893473189
1.883652255
1.875488445
1.868742759
1.863216561
1.85875007
1.855200958
1.852448166
1.850392964
1.848948699
1.848042029
1.847612826
1.847610907
1.847996463
1.84873865
1.849814698
1.851211128
1.852920339
1.854943225
1.857287625
1.85996769
1.863003544
1.866422937
1.870258756
1.874553504
1.879347567
1.884709079
1.890669439
1.897349252
1.904766658
1.913121298
1.922379555
1.932896593
1.944521009
1.957895748
1.972628899
1.989891408
2.008820252
2.03155339
2.056331341
2.087070504
2.120365873
2.16341725
2.209877417
2.273222844
2.341846562
2.442346116
2.554365811
2.735648486
2.958490696
3.389975526
4.160810335
274.7087155
130.7298192
81.62644813
58.05087251
37.21038382
19.40572742
9.763492143
6.017580849
4.635943495
3.967230873
3.532775747
3.207348352
2.951683457
2.747633089
2.583642577
2.45119234
2.343788058
2.256283593
2.184711536
2.125895842
2.077341334
2.037060988
2.003423693
1.975174204
1.951380051
1.931338059
1.914502438
1.90038643
1.888559955
1.878678696
1.870460919
1.863667264
1.858098623
1.853594244
1.850011798
1.847229689
1.845148316
1.843680734
1.84275287
1.842303908
1.842282913
1.842649382
1.843371593
1.844426139
1.845798799
1.847481236
1.849473639
1.8517834
1.854423927
1.857415061
1.860783646
1.864562386
1.868793271
1.873515639
1.878799939
1.884675053
1.891259073
1.898566178
1.906803451
1.91592333
1.926296175
1.937744844
1.950941287
1.965447746
1.982488399
2.001119241
2.0235738
2.047948838
2.07833093
2.111062289
2.153636754
2.199271219
2.26193285
2.329262003
2.428713874
2.538622596
2.717675118
2.93603844
3.360691919
4.11282732
274.7095132
129.1541332
81.20252605
58.24411209
38.3775944
20.59228723
10.32942219
6.200321137
4.683847113
3.978471403
3.53554388
3.207847582
2.951224353
2.746499103
2.58193583
2.448982327
2.341139212
2.253259586
2.181368716
2.122285056
2.073507463
2.033039999
1.999247845
1.970867292
1.946958885
1.926814878
1.909887318
1.895689529
1.883791244
1.873846444
1.865572307
1.858728647
1.85311605
1.848572949
1.844956459
1.842144479
1.840037038
1.838546345
1.837597756
1.837129741
1.837090596
1.837439104
1.838142665
1.839177283
1.840527686
1.842185205
1.844149112
1.846426382
1.849029627
1.851978463
1.855298757
1.859023112
1.863192901
1.867846559
1.873054718
1.878848131
1.885341377
1.892542059
1.900666267
1.909652345
1.91988622
1.931164636
1.94418915
1.95847576
1.975302593
1.993644282
2.015830853
2.039814594
2.069854058
2.10203719
2.144155082
2.188986769
2.250994598
2.317075627
2.415537827
2.523396373
2.700305229
2.914370576
3.332476915
4.066781796
338.0652108
129.4741544
80.87504231
58.33149094
39.41248303
21.78711589
10.94531071
6.413245764
4.742026717
3.992908434
3.539546913
3.209059626
2.951307667
2.745825776
2.580632884
2.447131298
2.338812019
2.250525963
2.178289893
2.118916078
2.069896525
2.029226262
1.995266135
1.966743944
1.942712713
1.922459578
1.90543403
1.891149302
1.879174896
1.869163089
1.860829687
1.853933997
1.848275827
1.843692558
1.840041162
1.837198947
1.83506502
1.833551224
1.832582164
1.832095575
1.83203897
1.832370429
1.833056431
1.834072341
1.835402125
1.837036332
1.838973519
1.841220202
1.843788193
1.84669691
1.849971195
1.853643606
1.857754835
1.862342526
1.867477467
1.87318891
1.879597711
1.886695509
1.894710668
1.903567249
1.913666989
1.924780408
1.937638937
1.951712249
1.968332771
1.986393749
2.008322244
2.03192578
2.061636188
2.093286188
2.134966689
2.179017509
2.240399922
2.305292504
2.402787771
2.508669964
2.683516523
2.893456125
3.305283104
4.022575267
274.7105181
127.6168642
80.5325772
58.33592417
40.3150452
22.97476594
11.61130588
6.65629083
4.811017757
4.011005096
3.544954007
3.211052171
2.951971888
2.745641775
2.579757922
2.445660366
2.336825253
2.248099515
2.175490232
2.115802687
2.066521125
2.025631355
1.991489275
1.96281409
1.938650797
1.918280892
1.901150869
1.88677367
1.874718457
1.864635851
1.856240259
1.849290004
1.843584331
1.83895965
1.835272204
1.832398801
1.830238095
1.828701007
1.827711539
1.827206671
1.827133118
1.827448241
1.828117586
1.829115962
1.830426201
1.832038544
1.833950592
1.836168437
1.838703031
1.841573665
1.844804057
1.848426829
1.852481852
1.857006168
1.862070588
1.867702205
1.874028072
1.881028486
1.888938339
1.89766953
1.90763973
1.91859309
1.931291214
1.945157419
1.96157868
1.979367049
2.001046821
2.024280844
2.053675051
2.084806475
2.126067808
2.169358949
2.230142988
2.293902818
2.390453793
2.494431143
2.66729265
2.873271031
3.279072348
3.980123681
274.710753
126.6650789
80.24824663
58.29325419
41.09514306
24.14070866
12.32416468
6.93041299
4.891789913
4.033245002
3.551947898
3.213897137
2.953256047
2.745975512
2.579334815
2.444590391
2.335197454
2.245996818
2.172984651
2.11295837
2.063393561
2.022266539
1.987927611
1.959087286
1.934782034
1.914287171
1.897045759
1.882570166
1.870429223
1.860271735
1.851810588
1.844803292
1.839048069
1.83438012
1.830655416
1.827750116
1.825561822
1.824001092
1.82299109
1.822468048
1.822377854
1.822677168
1.823330568
1.824312256
1.825604211
1.827195926
1.829084222
1.831274763
1.833777622
1.836611985
1.839800395
1.843375633
1.847376602
1.851839995
1.856836389
1.862391064
1.868634009
1.87554276
1.883350817
1.891960541
1.901805485
1.912603621
1.925146599
1.938811754
1.955040398
1.972564023
1.99400391
2.016878792
2.04596899
2.076595972
2.117455483
2.16000748
2.220218957
2.282897988
2.378527313
2.480668348
2.651618331
2.853793622
3.25381084
3.939354427
350.0141584
127.8677351
80.08007371
58.26226318
41.7801867
25.27338889
13.07863246
7.23670439
4.985498474
4.060146972
3.560727499
3.217671365
2.955199556
2.746854692
2.5793866
2.443941507
2.333946528
2.244233865
2.170787524
2.110396101
2.060525607
2.019142536
1.984590977
1.955572572
1.931114792
1.910486261
1.893126128
1.878545876
1.86631394
1.85607729
1.847547221
1.840479913
1.834672836
1.829960019
1.826196607
1.823258112
1.821041665
1.819456784
1.818425983
1.817884731
1.817778064
1.818061951
1.818699954
1.819665779
1.820940171
1.822512341
1.824378144
1.826542777
1.829015445
1.831815235
1.834963473
1.83849316
1.842442114
1.846846885
1.851777615
1.85725806
1.863419817
1.870239404
1.877950402
1.88644247
1.896166311
1.906813823
1.91920667
1.932676576
1.948718933
1.965985486
1.987193934
2.009719836
2.038517713
2.0686541
2.109128445
2.150961471
2.210628703
2.272268977
2.367003002
2.467374872
2.636484063
2.835008668
3.229473292
3.900207693
359.255862
128.3120676
79.92808874
58.25212561
42.38624108
26.36425546
13.86869059
7.576151888
5.093427708
4.09228354
3.571514225
3.222459271
2.957843151
2.748306406
2.579935265
2.443732796
2.333089405
2.242825764
2.168912392
2.108128048
2.057928273
2.016269339
1.98148848
1.952278286
1.927656767
1.906885372
1.889398732
1.874707304
1.862378882
1.852058602
1.843455852
1.836325711
1.830464394
1.825704589
1.821901017
1.818928373
1.816682701
1.815073038
1.814021045
1.813461401
1.813338273
1.813606957
1.814229973
1.815180487
1.816438277
1.817991819
1.819836194
1.821976164
1.824419993
1.827186751
1.830296431
1.833782418
1.837681239
1.842029616
1.846896918
1.852305754
1.858388992
1.865119989
1.872739225
1.881117333
1.890723998
1.90122551
1.913473022
1.926753484
1.942615601
1.959632677
1.980617776
2.002804737
2.031321512
2.06098099
2.101086209
2.142220145
2.201378038
2.262004036
2.355876781
2.454544424
2.621881129
2.816903123
3.206038313
3.86263376
361.0276889
128.3142453
79.77052836
58.25624267
42.92119951
27.40471289
14.68735874
7.949284899
5.216922789
4.130277443
3.584551793
3.228352689
2.961228568
2.750356747
2.581001319
2.443981872
2.332641645
2.241786363
2.167371631
2.106165297
2.055611529
2.013655937
1.978628287
1.949211851
1.924414817
1.903490855
1.885869637
1.871060213
1.858629638
1.848221086
1.839541974
1.832345786
1.826427719
1.821619144
1.817773754
1.814765489
1.812489867
1.810854721
1.809781063
1.809202764
1.809063096
1.809316708
1.809925025
1.81086079
1.812102385
1.813638103
1.815462049
1.817578483
1.819994765
1.822729949
1.825802639
1.829246688
1.833097192
1.837391272
1.842197306
1.847537065
1.853544353
1.860187845
1.867720049
1.875987965
1.885481338
1.895841324
1.907948164
1.921044839
1.936732585
1.953507722
1.97427733
1.996135358
2.024381938
2.053578149
2.093329839
2.133784539
2.192465791
2.252103003
2.345147528
2.442175335
2.607806263
2.799469775
3.183492153
3.826594017
359.6303025
128.0260546
79.59698531
58.27085029
43.39277012
28.38685358
15.52661329
8.353915811
5.359670884
4.1756679
3.600154088
3.235452435
2.965397657
2.753029829
2.582602998
2.444704235
2.33261692
2.241127812
2.166176057
2.104517474
2.053583972
2.011310039
1.976017317
1.946379562
1.921394682
1.900308034
1.882543954
1.867609554
1.855071062
1.844569504
1.835810118
1.828544906
1.822567606
1.81770804
1.81381932
1.81077441
1.808467614
1.806806239
1.805710352
1.805113053
1.804956647
1.805195229
1.805789028
1.806710389
1.807936561
1.809455068
1.811259448
1.813353335
1.815743236
1.818448151
1.821485298
1.824889055
1.828692975
1.832934839
1.837681691
1.842954885
1.848888711
1.855447794
1.862893755
1.871056976
1.8804408
1.890663861
1.902634574
1.915553246
1.931072327
1.94761313
1.968174894
1.989714056
2.017701063
2.046447728
2.085861106
2.125656469
2.183891854
2.242566487
2.334815223
2.430266132
2.594256723
2.782703321
3.161824456
3.792058477
343.903284
126.9853822
79.37455078
58.29143955
43.80865086
29.30823854
16.37860731
8.78946295
5.523305368
4.229231636
3.618652256
3.243866187
2.970391037
2.756346688
2.58475536
2.445912555
2.333026416
2.240860051
2.165334476
2.103192351
2.051852469
2.009237711
1.973660986
1.943786279
1.91860074
1.89734114
1.879425645
1.864359287
1.851707073
1.841107781
1.832264403
1.824926965
1.818887984
1.813975645
1.810041977
1.806958911
1.804620248
1.802931915
1.801813228
1.801196576
1.801023211
1.80124676
1.801826158
1.802733501
1.803944406
1.80544628
1.807231922
1.809304195
1.811668826
1.814344764
1.817347779
1.820712861
1.824471902
1.828663533
1.83335327
1.838562388
1.844425203
1.850903121
1.858263912
1.866327742
1.875605791
1.885696458
1.897535561
1.91028196
1.925638031
1.941952173
1.962313655
1.983544144
2.011282056
2.039593076
2.078683131
2.117843007
2.175654539
2.23339743
2.324882413
2.418819534
2.581234675
2.766603528
3.141031463
3.759006479
274.7093172
124.9022781
79.13213179
58.32067131
44.17590121
30.16726145
17.23512011
9.255705026
5.707088431
4.291097536
3.640344249
3.253701727
2.976246097
2.760323987
2.587469354
2.447615933
2.333878217
2.240990266
2.164853183
2.102195369
2.050421725
2.007442997
1.971562858
1.941435122
1.916035938
1.894592837
1.87651751
1.861312262
1.848540606
1.837838988
1.828907876
1.821495412
1.81539244
1.810425282
1.806445305
1.803323149
1.800951484
1.799235431
1.798093378
1.797456976
1.797266369
1.797474839
1.798039892
1.798933444
1.800129737
1.801615399
1.803383017
1.805434509
1.807774918
1.810423039
1.813393269
1.816721219
1.820437036
1.824580457
1.829215124
1.834362681
1.840156937
1.846556807
1.853833796
1.861803338
1.870979335
1.880942356
1.892654339
1.905234433
1.920433093
1.936528432
1.956697118
1.977629345
2.005128508
2.03301808
2.071799616
2.110351519
2.167753301
2.224599422
2.315352555
2.407838217
2.568742511
2.751171689
3.12111218
3.727424467
274.708734
124.1557484
78.94196814
58.35902223
44.4994784
30.96225612
18.08732465
9.750126742
5.9107022
4.361601877
3.665497803
3.265060859
2.98299488
2.764972925
2.590751
2.449819204
2.335176666
2.241522281
2.164735383
2.101529123
2.049293748
2.005927515
1.969724214
1.939327165
1.913701303
1.892064354
1.873820876
1.858469993
1.845573498
1.834765204
1.825743025
1.818252734
1.812083689
1.807060223
1.803032544
1.799870012
1.797464876
1.79572051
1.794554602
1.793898133
1.793690045
1.793883427
1.794434145
1.795314209
1.796495821
1.797965716
1.799716054
1.801747579
1.804064772
1.806686277
1.809625057
1.81291743
1.816591698
1.820688873
1.825270545
1.830359084
1.836087275
1.842412398
1.849608256
1.857486599
1.866565301
1.876405421
1.887994845
1.90041463
1.915461541
1.931346109
1.951329523
1.971974162
1.999244919
2.026727615
2.065215373
2.103186399
2.16019313
2.216178012
2.306231243
2.397328499
2.556786868
2.736413329
3.1020711
3.697306403
274.7080892
123.7276415
78.78271068
58.40513725
44.78431156
31.69258145
18.92659029
10.2686828
6.133689911
4.441067618
3.694341946
3.278034189
2.990662532
2.770298427
2.594600742
2.452522302
2.336921716
2.242455876
2.164980543
2.101192674
2.048467362
2.004689911
1.968143584
1.937461253
1.911595858
1.889754983
1.871335503
1.855832764
1.842806403
1.83188752
1.822771245
1.815200881
1.808964014
1.80388264
1.799806289
1.796602804
1.794163296
1.792390103
1.791199853
1.790523005
1.790297186
1.79047546
1.791011864
1.791878637
1.7930462
1.794500593
1.796234309
1.798246628
1.800541578
1.803137585
1.806046224
1.809304551
1.81293893
1.816991904
1.821522679
1.826554812
1.832219493
1.838473114
1.845590977
1.8533808
1.862367145
1.872089384
1.883560862
1.895826646
1.910727515
1.926409623
1.946215326
1.966583393
1.993636086
2.02072695
2.05893564
2.096352531
2.152979635
2.208139188
2.297524755
2.387296466
2.54537437
2.722335096
3.083914822
3.668651809
336.5742801
124.4948833
78.67043344
58.45950061
45.03572754
32.35870781
19.74476393
10.8061548
6.375108153
4.52966595
3.727048572
3.292694595
2.999265513
2.776298609
2.59901297
2.455719636
2.339108163
2.243786021
2.165583547
2.10118091
2.047937529
2.003725252
1.966816741
1.935833454
1.909716369
1.88766227
1.869059521
1.853399292
1.8402388
1.829206021
1.819993278
1.812340871
1.806034868
1.800894616
1.796768735
1.793523428
1.791049576
1.789247295
1.788032357
1.787334967
1.787091281
1.787254505
1.787776618
1.78863038
1.789783719
1.791222998
1.79294081
1.794934699
1.797208364
1.799780069
1.802659883
1.805885747
1.809481955
1.813492757
1.817974812
1.822953216
1.828557035
1.834742639
1.841785762
1.849490111
1.858389016
1.867998454
1.879356752
1.891474948
1.906235639
1.921723848
1.941359546
1.961462421
1.988307499
2.015022103
2.052966491
2.089855849
2.146119544
2.200490471
2.289241017
2.377751168
2.534515066
2.708946944
3.06665423
3.641465958
274.7066709
123.2333696
78.52094721
58.51945543
45.25883613
32.96192705
20.53412428
11.35624883
6.6332865
4.627307288
3.763705337
3.309089309
3.008809875
2.782964308
2.603975532
2.459399347
2.341724745
2.245501793
2.166533837
2.10148366
2.047694527
2.003024961
1.965735813
1.934437173
1.908057309
1.885781513
1.866989367
1.851167101
1.837868959
1.826719777
1.817408827
1.809673184
1.803297231
1.798097225
1.79392143
1.790634281
1.788125769
1.786294149
1.785054284
1.784336227
1.78407456
1.784222845
1.784730751
1.7855718
1.786711559
1.788135913
1.789838493
1.791814708
1.794068046
1.796616588
1.799468913
1.802663906
1.806223686
1.810194463
1.814630038
1.819557496
1.825103217
1.831224288
1.838196057
1.845818329
1.854634613
1.864136654
1.875386663
1.887364046
1.901990555
1.917293765
1.936767295
1.956616789
1.983264798
2.009619324
2.047314231
2.083702584
2.139619937
2.193239587
2.281388366
2.368701202
2.524218714
2.696259486
3.050301595
3.615758158
274.7059183
122.638792
78.38468327
58.58295215
45.45769671
33.50392415
21.28722703
11.91163069
6.905654466
4.733556007
3.804287439
3.327231384
3.019289291
2.790278582
2.609469025
2.463542183
2.344752784
2.24758525
2.167814183
2.102084612
2.047723796
2.002575765
1.964889538
1.933262749
1.906610536
1.884106335
1.8651199
1.849132137
1.8356941
1.82442697
1.815017023
1.807197537
1.800751376
1.795491477
1.791265534
1.787936419
1.785393894
1.783533277
1.782268287
1.78152965
1.781250046
1.781383621
1.781877427
1.782706099
1.783832123
1.785241925
1.786930026
1.788889369
1.791123348
1.793649965
1.79647617
1.799641961
1.803167149
1.807100073
1.811491529
1.816370923
1.821861448
1.827921724
1.834825669
1.842369859
1.851108007
1.860508344
1.871655169
1.883498679
1.897997232
1.913124646
1.932444062
1.952052421
1.978514089
2.004525358
2.041987856
2.077897628
2.133488661
2.186395352
2.273976288
2.360157407
2.51449765
2.684285718
3.034872284
3.591541774
274.7051572
122.1849262
78.25278537
58.64213376
45.63681678
33.98839485
21.99712315
12.46409205
7.188041951
4.848192134
3.848914826
3.34710793
3.030684027
2.798215598
2.615465233
2.468119754
2.348164423
2.250009521
2.169399381
2.102961086
2.048004708
2.002359964
1.964262744
1.932297488
1.90536573
1.882628157
1.863444474
1.847289462
1.833710362
1.822324877
1.81281614
1.804913074
1.798397254
1.793077523
1.788801707
1.785431327
1.782855286
1.780966037
1.779675761
1.778916691
1.778619268
1.778738408
1.779218359
1.780035102
1.781148127
1.782543601
1.784217938
1.786161223
1.788376832
1.790882753
1.793684258
1.796822563
1.800315055
1.804212437
1.808562238
1.813396577
1.818834973
1.824838239
1.831678067
1.839149006
1.847812567
1.857117667
1.868166597
1.879883549
1.894260572
1.909221759
1.928395322
1.947775267
1.974061489
1.999747011
2.036994131
2.072448186
2.127733695
2.179966557
2.267014407
2.352130041
2.505363717
2.673038871
3.02038237
3.568832812
274.7043981
121.7307301
78.11338444
58.68240591
45.80126035
34.42269063
22.65773095
13.00487272
7.475852324
4.970192298
3.897380942
3.36866109
3.042957725
2.806738046
2.621924355
2.473091434
2.351919926
2.252737579
2.171255562
2.104082384
2.048510954
2.002354972
1.963836637
1.931525969
1.904310308
1.881337234
1.861955262
1.845632802
1.831913156
1.820410186
1.810804
1.802818532
1.796234332
1.790855327
1.786530218
1.783119329
1.780511604
1.778594095
1.777278996
1.776499975
1.776185062
1.776290191
1.77675656
1.777561849
1.778661552
1.780043129
1.781704492
1.7836326
1.785830865
1.788317417
1.7910957
1.794208328
1.797670147
1.801534359
1.805845125
1.810637538
1.816027054
1.821977335
1.828756956
1.836159668
1.844752642
1.853968947
1.864925529
1.876523444
1.890785648
1.905590497
1.924626734
1.943791446
1.969913347
1.995291322
2.03233975
2.06736221
2.122363421
2.173962622
2.260512982
2.344630814
2.496830414
2.662533629
3.006849825
3.547649748
274.703649
121.4765029
77.97052366
58.6977642
45.94256922
34.80470742
23.2628545
13.52488642
7.764538747
5.097173592
3.948966098
3.39176246
3.056051289
2.815791948
2.628789738
2.478400877
2.355965586
2.255719903
2.173338588
2.105410717
2.049209958
2.002533644
1.963589092
1.930930318
1.903430099
1.880222132
1.860643439
1.844155439
1.830297123
1.818678887
1.808977818
1.800912218
1.79426146
1.788824572
1.784450983
1.78100132
1.778363042
1.776418445
1.77507855
1.774280079
1.773948097
1.774039669
1.774492922
1.775287383
1.776374651
1.777742616
1.779391763
1.781305612
1.783487603
1.785956135
1.788712758
1.791801587
1.795234854
1.799068422
1.803342913
1.808096677
1.813440762
1.819342162
1.826065719
1.83340539
1.841932157
1.851066268
1.861936278
1.873423043
1.887577387
1.90223615
1.921143835
1.940106976
1.966075884
1.991165224
2.028031337
2.062647499
2.11738611
2.168392713
2.254482124
2.337670706
2.488910526
2.652784473
2.994292656
3.528012421
328.474078
121.9353052
77.81178523
58.67658553
46.05047924
35.13093888
23.80645105
14.01520432
8.048774653
5.226707827
4.002916408
3.416214979
3.069871771
2.825296787
2.635981675
2.483971023
2.360230181
2.25889409
2.175594656
2.106899907
2.050063938
2.002865128
1.96349548
1.930490996
1.902709656
1.879271099
1.859499597
1.842849783
1.828856597
1.817126791
1.807334655
1.799192108
1.792477646
1.786984655
1.782563863
1.779077071
1.776410981
1.774440577
1.773076727
1.772259677
1.771911278
1.771989877
1.772430532
1.773214737
1.774288997
1.775643854
1.777281594
1.779182175
1.781349017
1.783800971
1.786537578
1.789604595
1.793011581
1.796817124
1.801058285
1.805776815
1.811079131
1.81693598
1.823607859
1.830889864
1.839355229
1.848413777
1.859203277
1.870587006
1.884640752
1.89916399
1.917952183
1.936727861
1.962555347
1.987375648
2.024075572
2.05831191
2.112810085
2.163266191
2.248932105
2.331261424
2.481617648
2.643806505
2.982729678
3.509941754
274.7022322
120.9036622
77.56170654
58.60180885
46.11396344
35.3974903
24.28346171
14.4678675
8.323151522
5.35634467
4.058409094
3.441741044
3.084285437
2.835141196
2.643379436
2.489693166
2.364623489
2.262183742
2.177960321
2.108498337
2.051030799
2.003315769
1.963529385
1.930187283
1.90213285
1.87847154
1.858514009
1.841708238
1.827585574
1.815749344
1.805871113
1.797655981
1.790881127
1.785334524
1.780868419
1.777346995
1.774654684
1.772660199
1.771272968
1.770438076
1.770073921
1.770140173
1.770568943
1.77134373
1.772406276
1.773748458
1.775375573
1.777263941
1.779416824
1.781853683
1.784572028
1.787619315
1.791002424
1.794782732
1.798993687
1.803680562
1.808945
1.814761743
1.821386593
1.828616477
1.837025615
1.846015394
1.856730697
1.868019836
1.881980516
1.896379115
1.915057133
1.933659896
1.959357741
1.983929272
2.020478884
2.054362988
2.108643343
2.158591954
2.24387277
2.325413817
2.474964457
2.63561423
2.972179118
3.493458917
274.701579
120.0678433
77.20815074
58.45437011
46.12230251
35.6013229
24.69083807
14.87678848
8.582828636
5.483713379
4.114602895
3.468022949
3.099056625
2.845118527
2.65082774
2.495424088
2.369019482
2.265497694
2.180365332
2.110149294
2.052066239
2.00385084
1.963663932
1.929998363
1.901683563
1.877811463
1.85767707
1.840723013
1.826478394
1.814542305
1.804583951
1.796301565
1.789470646
1.783873839
1.779364324
1.775810687
1.773095469
1.77107969
1.769670107
1.768818411
1.768439421
1.768494031
1.768911676
1.769677669
1.77072773
1.772057848
1.773675148
1.77555242
1.777692599
1.780115938
1.782817878
1.785847641
1.789209453
1.792967439
1.797151523
1.801810479
1.807041169
1.812822469
1.819405205
1.826588699
1.834947179
1.843875051
1.854522752
1.865725972
1.879601412
1.893886523
1.912463953
1.930908732
1.956488932
1.980832578
2.017247539
2.05080807
2.104893634
2.154378708
2.239313703
2.320138804
2.468963664
2.628222031
2.962659028
3.478584996
327.9528261
119.5612302
76.71411928
58.21470724
46.06592969
35.74213435
25.02880474
15.23858226
8.824002948
5.606797635
4.170427307
3.494410734
3.113835295
2.855015459
2.658151824
2.501034786
2.373305687
2.26873516
2.182735714
2.111795278
2.053125341
2.004435711
1.963872519
1.929903729
1.901345927
1.877278944
1.856980099
1.839887244
1.825529527
1.813501462
1.803469722
1.79512663
1.7882445
1.782600725
1.778050973
1.774468346
1.771731855
1.76969698
1.768266302
1.767398764
1.767005826
1.767049564
1.767457034
1.768215188
1.769254475
1.770573153
1.772181447
1.774048801
1.776177611
1.778589073
1.781276605
1.784291177
1.787634451
1.791373219
1.79553399
1.800168958
1.805370294
1.811120977
1.817666804
1.824809832
1.833123563
1.841996556
1.852583499
1.863709748
1.87750802
1.89169105
1.910177696
1.928479771
1.95395449
1.978091691
2.014387443
2.047654017
2.10156819
2.150634491
2.235263794
2.3154463
2.463626841
2.621643342
2.954186295
3.465340397
274.7004393
118.1085872
76.05328455
57.87481111
45.94653445
35.82520731
25.30179324
15.55280097
9.043950123
5.723469313
4.224557219
3.52019172
3.128233865
2.864558026
2.665144143
2.506363931
2.377367447
2.27180295
2.184992797
2.113378128
2.05416506
2.005037797
1.964130237
1.929884308
1.90110526
1.876862894
1.856413815
1.839194165
1.82473481
1.812623368
1.802525519
1.794128715
1.78720056
1.781514495
1.776928428
1.773319416
1.77056322
1.768512294
1.767062035
1.766179688
1.765773727
1.765807339
1.766205574
1.766956794
1.767987484
1.769295493
1.77089561
1.772754283
1.774873143
1.777274461
1.779949724
1.782951594
1.786279304
1.790002144
1.794143412
1.798758529
1.80393518
1.809660293
1.816174705
1.823283399
1.831558622
1.840383885
1.850917151
1.861975579
1.87570498
1.889797527
1.908203384
1.926378299
1.951759844
1.975712481
2.011904288
2.044907318
2.098673838
2.147366874
2.231731379
2.311345777
2.458964989
2.615890917
2.946776818
3.453744591
325.7410272
117.0761375
75.36267185
57.49728587
45.78121151
35.86131426
25.5181836
15.82136518
9.241449445
5.83091713
4.275212034
3.544584505
3.141787477
2.873440924
2.671585222
2.511247602
2.381082698
2.274610637
2.187070166
2.114847615
2.055145815
2.005627537
1.964414441
1.929922741
1.900947933
1.876552975
1.855974008
1.838641711
1.824090419
1.811905043
1.801748688
1.79330599
1.786341213
1.78061784
1.775996634
1.772364025
1.769593677
1.76752966
1.766062217
1.765166413
1.764748515
1.764772776
1.765162573
1.765907414
1.766927381
1.768225458
1.769818225
1.771669453
1.773779873
1.776172908
1.778838234
1.781830099
1.785145504
1.788855983
1.792981902
1.797581612
1.80273863
1.808443536
1.814932412
1.822013189
1.830256496
1.839041383
1.849528262
1.860528232
1.874197191
1.888210992
1.906546115
1.924609582
1.949910243
1.973700496
2.009803346
2.0425738
2.096216616
2.144582418
2.228723675
2.307845396
2.454987574
2.61097619
2.940444707
3.443815572
274.6995541
115.2994062
74.61333562
57.13294794
45.61396585
35.8684484
25.68796531
16.0464037
9.4135163
5.926449909
4.320733634
3.566615806
3.153941614
2.881317325
2.677249316
2.515524443
2.38433445
2.277072876
2.188900629
2.116152847
2.056032823
2.006178992
1.964705177
1.930003758
1.900861983
1.876339038
1.855651186
1.83822439
1.823594488
1.811344277
1.801137329
1.792656258
1.785660467
1.779906452
1.775256907
1.771602281
1.768813414
1.766738469
1.76525522
1.764346403
1.76391704
1.763932522
1.764315058
1.765055079
1.766075662
1.76736475
1.768951078
1.770796227
1.772899899
1.775286708
1.777944696
1.780929544
1.784236235
1.787938251
1.792053324
1.796642404
1.801785174
1.807475542
1.813945054
1.821004614
1.829222793
1.837974837
1.848422669
1.859373675
1.87299061
1.886937431
1.90521186
1.92317957
1.948411663
1.97206169
2.008090543
2.040659464
2.094202964
2.142287699
2.226248
2.304953155
2.451703754
2.606910084
2.935202761
3.435570647
274.6992242
113.6424128
73.90807076
56.80351474
45.49028596
35.86777933
25.82222436
16.23118146
9.557414069
6.007142141
4.359631034
3.58552817
3.164330597
2.888000322
2.682027721
2.519130684
2.38708644
2.279167721
2.190474713
2.117291953
2.056823183
2.006692443
1.965004385
1.930129891
1.900849976
1.876221553
1.855454326
1.837954911
1.823251199
1.810944066
1.800694239
1.792180283
1.785170805
1.779396776
1.774713455
1.771035374
1.768238734
1.766156747
1.76465963
1.763738071
1.763297034
1.763303231
1.763677998
1.764412698
1.765430854
1.766711538
1.768292077
1.770132315
1.772230983
1.774613808
1.77726751
1.780248915
1.783551317
1.78724966
1.791359458
1.795943731
1.80107881
1.806761383
1.81321882
1.820264815
1.828465423
1.837192793
1.847609103
1.858520863
1.872093855
1.885985364
1.904208374
1.922095743
1.947270452
1.97080207
2.006770568
2.039168577
2.092636505
2.14048594
2.224307666
2.30267314
2.449118206
2.603700753
2.931060092
3.429024002
274.6989702
112.2371309
73.36938091
56.56302205
45.4115651
35.86790311
25.9208442
16.36913057
9.666452468
6.069234783
4.389932365
3.600563961
3.172897369
2.893796344
2.686429504
2.522683643
2.390025056
2.281527934
2.19234705
2.118738048
2.057921615
2.007513112
1.965602682
1.930542408
1.901110714
1.876367669
1.85551705
1.837937136
1.823148175
1.810778642
1.80048142
1.791930259
1.784910842
1.779117489
1.774393278
1.770686839
1.767886654
1.76579857
1.764288312
1.763353822
1.76290087
1.762897522
1.763264431
1.763993676
1.765008367
1.766282409
1.767858729
1.769696118
1.771792053
1.774173401
1.776825607
1.779806618
1.783108029
1.786806263
1.790914583
1.795498209
1.800629804
1.806309456
1.81275969
1.819798123
1.827986068
1.836695765
1.847086556
1.857968845
1.871505596
1.885354251
1.903535594
1.921359451
1.946489272
1.969926083
2.005849673
2.038109369
2.091527227
2.139189025
2.222915933
2.301019027
2.447246012
2.601360563
2.928030526
3.424192154
274.6988275
111.4544373
73.39374698
56.65003663
45.50387655
35.95905539
26.03140464
16.50079811
9.781196762
6.151514362
4.447693936
3.643568902
3.207184337
2.922494102
2.711137698
2.544298016
2.409142879
2.297356429
2.205402448
2.129519824
2.066825864
2.014866712
1.971664951
1.935518801
1.905181383
1.87972701
1.858296157
1.840224508
1.825011389
1.812299715
1.801720454
1.792935367
1.785739463
1.779786397
1.774905439
1.77107719
1.768195859
1.766029642
1.764448725
1.763453537
1.762948613
1.762901013
1.763230416
1.763928427
1.764911464
1.766161957
1.767718333
1.769538696
1.77161944
1.773987478
1.776627361
1.77959726
1.782887967
1.786576304
1.790674645
1.795248992
1.800368158
1.806038008
1.8124792
1.819506803
1.827680972
1.836375391
1.846747261
1.857611107
1.871124374
1.884949687
1.903103683
1.920895686
1.945994191
1.969384565
2.005272706
2.037461596
2.090842443
2.138399562
2.222066858
2.300010712
2.446109886
2.59991056
2.926171398
3.421117752
292.5600786
166.2742509
117.4120681
91.39161922
74.69106503
62.47119878
52.46007186
43.80979161
36.53716074
30.66892987
26.02408954
22.34362379
19.39369753
16.99502401
15.01698363
13.36572254
11.9723537
10.78603114
9.767945242
8.888352359
8.123849119
7.455860043
6.869480574
6.35252754
5.89502344
5.488674567
5.126578346
4.802948613
4.512880223
4.252221468
4.017446467
3.805506877
3.613807906
3.440079701
3.282383199
3.139008063
3.008461924
2.8894119
2.780719102
2.681359564
2.590429671
2.507116726
2.430699239
2.360527532
2.296022452
2.236664552
2.181974632
2.131527639
2.084934962
2.041847251
2.001943778
1.964935254
1.930555198
1.898562017
1.868735131
1.840870345
1.814788271
1.790311392
1.767302021
1.745597543
1.725110685
1.705674278
1.687262521
1.669697574
1.653054008
1.637115608
1.622114542
1.607718457
1.594445118
1.581709252
1.570565754
1.559934413
1.551866938
1.544392653
1.541360862
1.539408524
1.545890127
1.555559684
1.585223015
1.631027011
252.0582242
193.6325344
155.5321652
128.6569582
109.2383728
94.56413293
82.96605296
73.47243784
65.52655854
58.78286218
52.99974704
47.99604809
43.6327872
39.80251817
36.42103168
33.42096181
30.7471485
28.35415336
26.20409155
24.26535069
22.5114443
20.91994189
19.47169107
18.15036996
16.9420629
15.83470717
14.81781999
13.88229726
13.02018147
12.22445485
11.48859247
10.80745377
10.17636158
9.591000497
9.047201376
8.541319154
8.070334936
7.631532413
7.222325089
6.840350199
6.483518436
6.149949358
5.837911428
5.545814483
5.272214174
5.015803424
4.775355614
4.549745775
4.337938798
4.13898725
3.952014992
3.776205797
3.610804673
3.455121079
3.30851113
3.170376982
3.040163558
2.91735862
2.801479965
2.692089606
2.588767252
2.491133581
2.398822217
2.311504787
2.228859727
2.150603841
2.076458059
2.006179661
1.93953225
1.876308331
1.816319827
1.759387373
1.705387327
1.654161847
1.605687316
1.559827333
1.516744946
1.476362182
1.439347064
1.406093209
)
;

boundaryField
{
    FARFIELD
    {
        type            inletOutlet;
        inletValue      uniform 10;
        value           nonuniform List<scalar> 
161
(
1.471459147
2.450977656
2.452813263
2.455694168
2.459641353
2.464635478
2.470670718
2.477733607
2.485815648
2.494903189
2.504986549
2.516051324
2.528087499
2.541080852
2.555022185
2.569898822
2.585703846
2.602427716
2.620067497
2.638618635
2.658084066
2.678466187
2.699775829
2.722024433
2.745232817
2.769423545
2.794629475
2.820886411
2.848241253
2.876744982
2.906460435
2.937455678
2.969811267
3.0036141
3.038964155
3.075968985
3.114749767
3.155436567
3.19817378
3.243116338
3.290434449
3.340310932
3.392945432
3.448553134
3.507368511
3.569645717
3.635662284
3.705721634
3.780157068
3.85933752
3.943672129
4.033621068
4.129701551
4.232506462
4.342713711
4.46111683
4.58864199
4.726397071
4.875705199
10
10
10
10
10
10
10
10
10
10
10
10
10
10
10
10
10
10
10
10
10
10
10
10
10
10
10
10
10
10
10
10
10
10
10
10
10
10
10
10
10
10
10
10
10
10
10
10
10
10
10
10
10
10
10
10
10
10
10
10
10
4.704038408
4.631082326
4.562246916
4.496708551
4.434220112
4.374572552
4.31757344
4.263049376
4.210841984
4.160810335
4.11282732
4.066781796
4.022575267
3.980123681
3.939354427
3.900207693
3.86263376
3.826594017
3.792058477
3.759006479
3.727424467
3.697306403
3.668651809
3.641465958
3.615758158
3.591541774
3.568832812
3.547649748
3.528012421
3.509941754
3.493458917
3.478584996
3.465340397
3.453744591
3.443815572
3.435570647
3.429024002
3.424192154
3.421117752
1.631027011
1.406093209
)
;
    }
    WALL10
    {
        beta1           0.075;
        blended         false;
        type            omegaWallFunction;
        value           nonuniform List<scalar> 
161
(
292.5600785
274.6988275
274.6989702
274.6992242
274.6995541
274.6999597
274.7004393
274.7009795
274.701579
274.7022322
274.7029252
274.703649
274.7043981
274.7051572
274.7059183
274.7066709
274.7073976
274.7080892
274.708734
274.7093172
274.7098259
274.710245
328.3056323
329.0448399
323.6315833
330.0624006
274.7105181
274.7101093
327.0234193
345.9366329
339.1952715
274.7064604
274.7049758
274.7032328
344.2257318
274.6989175
274.6963136
336.4599819
274.690136
326.3418416
358.0976635
326.7563032
325.1645403
356.9703348
274.6623285
325.7588522
274.6491889
337.0846879
333.5062784
274.6245106
330.5337906
339.3102285
274.5916968
327.6627849
333.654325
327.8455532
335.8477011
344.269905
353.0581008
362.1595532
371.4758838
380.8268929
389.9399497
398.342065
405.3854104
410.2250892
411.7888959
408.7618327
399.587968
382.460622
355.2072128
272.5957909
271.9581338
271.0739661
269.8544638
268.2162823
266.1522291
263.8667328
261.8918219
260.9448571
260.9448571
261.8918219
263.8667328
266.1522291
268.2162823
269.8544638
271.0739661
271.9581338
272.5957909
273.0584512
273.3981215
273.6511274
273.8425146
323.8269827
325.1453097
324.7963282
324.5216444
324.4883854
324.2361517
323.6162397
322.5376357
274.4803115
370.6733714
357.7631963
346.0395488
332.8101644
321.7612405
340.9868496
349.5380701
336.8912244
330.2835917
274.6334961
333.8463727
324.0439057
274.6560477
328.0373024
274.6680807
274.6733429
364.6157173
338.4233334
333.464177
274.690136
274.693392
274.6963136
348.1389477
274.701218
274.7032328
357.5833347
367.527586
331.7393957
274.7087155
274.7095132
338.0652108
274.7105181
274.710753
350.0141584
359.255862
361.0276889
359.6303025
343.903284
274.7093172
274.708734
274.7080892
336.5742801
274.7066709
274.7059183
274.7051572
274.7043981
274.703649
328.474078
274.7022322
274.701579
327.9528261
274.7004393
325.7410272
274.6995541
274.6992242
274.6989702
274.6988275
292.5600786
252.0582242
)
;
    }
    SYMP3
    {
        type            empty;
    }
}


// ************************************************************************* //
