/*--------------------------------*- C++ -*----------------------------------*\
  =========                 |
  \\      /  F ield         | OpenFOAM: The Open Source CFD Toolbox
   \\    /   O peration     | Website:  https://openfoam.org
    \\  /    A nd           | Version:  11
     \\/     M anipulation  |
\*---------------------------------------------------------------------------*/
FoamFile
{
    format      ascii;
    class       volVectorField;
    location    "1000";
    object      U;
}
// * * * * * * * * * * * * * * * * * * * * * * * * * * * * * * * * * * * * * //

dimensions      [0 1 -1 0 0 0 0];

internalField   nonuniform List<vector> 
12880
(
(0.2283208464 -0.1218095809 -8.171115722e-19)
(0.2742740587 -0.07339604996 4.248598994e-19)
(0.3301513812 -0.06856592185 -6.749437436e-20)
(0.3825366587 -0.07038894386 2.482211888e-18)
(0.4315855184 -0.07414562212 -5.118838316e-18)
(0.4792351285 -0.07900294162 5.073025018e-18)
(0.526513871 -0.0841038094 -6.216278891e-18)
(0.5731983512 -0.08871894584 6.953775571e-18)
(0.6182210738 -0.09228794197 -1.56868081e-17)
(0.6605021649 -0.09448948262 1.055792358e-17)
(0.6991923112 -0.09523983008 1.053202945e-17)
(0.7336611633 -0.09455123013 -9.016594003e-18)
(0.7636585984 -0.09262736581 1.354947988e-20)
(0.7893696734 -0.08978350007 0)
(0.8112658826 -0.0863124027 -1.541799496e-17)
(0.8299301375 -0.08245022122 4.221551429e-17)
(0.8459329327 -0.07836132789 -5.192289273e-17)
(0.8597860671 -0.07413741313 2.371771276e-17)
(0.871907969 -0.06983268395 0)
(0.8826357259 -0.06548020871 2.05073821e-17)
(0.8922471528 -0.06108680467 -1.866087104e-17)
(0.9009536763 -0.05665714304 1.699760351e-17)
(0.9089184858 -0.05219841975 -4.638491814e-17)
(0.9162741122 -0.0477105586 5.595041802e-17)
(0.923117609 -0.04319724583 2.410295608e-17)
(0.9295267422 -0.03867090104 -4.568876724e-17)
(0.9355619048 -0.03413902605 1.953099518e-17)
(0.9412676383 -0.02961254628 -1.808235921e-17)
(0.9466740057 -0.02510739887 0)
(0.9518075069 -0.02063589573 -2.622538125e-17)
(0.9566849158 -0.01621150751 2.436392026e-17)
(0.9613186408 -0.01185060009 -5.489394814e-21)
(0.9657191898 -0.007561006648 1.0362981e-20)
(0.9699024705 -0.00335069174 -1.607922608e-20)
(0.9738830788 0.0007653041037 1.212076544e-20)
(0.9776647756 0.004784101014 -7.110285554e-21)
(0.9812646221 0.008702510091 0)
(0.9847093251 0.01251446598 -2.814388719e-17)
(0.9880053556 0.01621299153 4.95375566e-17)
(0.9911593271 0.01978813428 -2.171839962e-17)
(0.9941773359 0.02323333637 7.900880347e-21)
(0.9970654877 0.02654251959 1.2504189e-17)
(0.9998336419 0.02971821802 -1.169762551e-17)
(1.002526317 0.03275849131 1.117317116e-20)
(1.005186522 0.03566427543 1.234385959e-17)
(1.007815549 0.03843953612 -2.100523345e-17)
(1.010396414 0.04107443006 1.843418113e-18)
(1.012926413 0.04356123228 6.568755024e-18)
(1.015412165 0.0458855057 0)
(1.01789468 0.04804085335 3.715457933e-18)
(1.020369846 0.05002320621 -3.489391379e-18)
(1.022808907 0.0518370786 2.104796507e-20)
(1.025188801 0.05346717579 3.89370495e-20)
(1.02754112 0.05491165243 1.494506903e-21)
(1.029843536 0.05615540304 -1.574123566e-21)
(1.032068859 0.05721593789 3.011222921e-20)
(1.034197583 0.05806894307 -2.883322785e-20)
(1.036207141 0.05874093878 1.628483595e-17)
(1.038029587 0.05920032328 -5.044594146e-17)
(1.039720008 0.05948243892 1.451069583e-17)
(1.041184557 0.05953987908 1.751685124e-17)
(1.042459314 0.0594431266 -3.996432781e-17)
(1.043447726 0.05910775378 7.833915357e-17)
(1.044215202 0.05864032021 2.468157206e-18)
(1.044580959 0.05793111745 -3.861368533e-17)
(1.044691195 0.05712852828 -3.982020399e-17)
(1.044287458 0.05610029046 1.148082246e-16)
(1.043646911 0.05505040863 -7.303097801e-17)
(1.042392243 0.05379454228 0)
(1.040984226 0.05263257727 6.448107434e-17)
(1.038860503 0.05125521156 -6.113330114e-17)
(1.036709369 0.05015251323 -5.276333301e-17)
(1.033675915 0.04877728137 5.01479847e-17)
(1.030898496 0.04795155531 -7.931432031e-17)
(1.026949507 0.046720943 7.532784403e-17)
(1.023751983 0.04644744039 5.176209203e-17)
(1.018926014 0.04554903551 -1.059229545e-17)
(1.015524966 0.04595163134 -6.091763957e-17)
(1.010869384 0.04644743696 2.296465964e-17)
(1.008419742 0.04145849113 2.500093394e-19)
(0.2147672958 -0.05796739191 0)
(0.2885504524 -0.07348572663 8.406480827e-20)
(0.3539834964 -0.07948174346 1.098871799e-19)
(0.416539644 -0.08465644109 -1.000570252e-19)
(0.4802913462 -0.08825028405 -9.007662938e-20)
(0.546741675 -0.09005299152 1.625867487e-19)
(0.6163368533 -0.08966738434 4.876863814e-21)
(0.6855247761 -0.08707854945 -7.63764168e-20)
(0.7485665313 -0.08239407299 0)
(0.8034480274 -0.07560967072 0)
(0.8486417817 -0.06755787386 -1.261063929e-19)
(0.8832394912 -0.05870406627 1.186576865e-19)
(0.9082228491 -0.04989155209 3.540119845e-21)
(0.9256782162 -0.04158420589 -3.316366805e-21)
(0.9381303264 -0.03400289184 0)
(0.9474399836 -0.02725043774 1.753530306e-19)
(0.954855567 -0.02121252548 0)
(0.961153943 -0.01576915549 0)
(0.9667494034 -0.01083192186 0)
(0.9718571714 -0.006244121553 0)
(0.9766890464 -0.00197070902 -1.01232504e-19)
(0.9812608253 0.002029700179 1.776773139e-19)
(0.9856400849 0.005845968031 3.965881072e-21)
(0.9898744038 0.009505453703 0)
(0.9940163479 0.0130315052 -1.205520878e-19)
(0.9980381096 0.01644890709 -1.006131595e-19)
(1.002010697 0.01979265052 8.842167478e-20)
(1.005948693 0.02304957728 2.973855801e-19)
(1.009844434 0.02621232235 -9.713472016e-22)
(1.013673875 0.02932596692 4.289044922e-22)
(1.017484948 0.0323895808 -8.301538434e-20)
(1.021269499 0.03536443993 6.456191803e-20)
(1.02502288 0.03825949571 -4.809650764e-20)
(1.028779788 0.04101656611 2.39271506e-21)
(1.032396835 0.04363148594 -4.234774063e-20)
(1.036032317 0.04619331776 -1.77695904e-20)
(1.039789065 0.04846843703 -1.828035476e-23)
(1.043347065 0.05046904836 -1.624215633e-20)
(1.04677302 0.05227930516 -4.48787829e-23)
(1.050089521 0.0538697676 -8.438000308e-20)
(1.053339198 0.05519184126 -1.041215035e-19)
(1.056398576 0.05625347086 1.313441806e-22)
(1.059466275 0.05713663353 -1.383266364e-19)
(1.062634742 0.0574408927 -1.51118367e-19)
(1.065429424 0.05716364011 0)
(1.06792975 0.05650198798 -1.619986887e-19)
(1.070051265 0.0553676829 1.098064243e-23)
(1.071828461 0.05388385135 1.768825555e-22)
(1.073285767 0.05187733428 -3.14660624e-22)
(1.074256312 0.0494811891 0)
(1.074798429 0.04661680104 3.15402133e-19)
(1.074727643 0.04347642692 -3.021594751e-19)
(1.07416533 0.03985771991 -5.841170867e-19)
(1.072877927 0.03615854369 0)
(1.071112527 0.03203575414 2.46197419e-22)
(1.068476398 0.02811107119 1.94443572e-21)
(1.065468861 0.02371509616 4.299533226e-19)
(1.061381447 0.01991504061 -3.832520755e-19)
(1.057160595 0.01564453293 0)
(1.05178247 0.01232251167 0)
(1.046425632 0.008151109947 5.177197779e-19)
(1.039432333 0.005774370757 4.125440838e-19)
(1.033050464 0.00195914384 0)
(1.023873448 0.001233920857 0)
(1.016628632 -0.00103718713 -1.637399186e-19)
(1.005861582 0.0009402643786 -5.941988762e-20)
(0.9987531383 0.0005960596294 -3.179078675e-24)
(0.9872078292 0.005641305134 0)
(0.9808843397 0.007084630882 2.848656657e-19)
(0.9695343943 0.01572912544 5.432547149e-19)
(0.9644454258 0.01778509128 -1.536965142e-23)
(0.9533211358 0.03160320283 -2.994753639e-18)
(0.9510390878 0.03303547388 7.926829769e-23)
(0.9403863232 0.0535886953 1.77650419e-18)
(0.9426122874 0.05161810812 4.597392594e-21)
(0.9321887939 0.08209561984 -1.924146623e-18)
(0.9423947204 0.07126776863 0)
(0.9304271399 0.1165111639 3.984034836e-18)
(0.9547970968 0.08563242646 3.243872756e-19)
(0.9097839868 0.1558986654 -4.441211483e-18)
(0.2041195523 -0.04677569493 5.672184248e-20)
(0.2867132943 -0.06721686112 3.404092073e-20)
(0.3534474115 -0.07588140581 -1.334681573e-19)
(0.4164621233 -0.0818385486 2.126827524e-20)
(0.4807304681 -0.08581659613 1.575743718e-19)
(0.5477230411 -0.08785837412 -7.46536689e-20)
(0.6177244176 -0.08776917709 1.789435581e-20)
(0.6870678809 -0.08567452736 -1.606405353e-20)
(0.7502414394 -0.08149532286 0)
(0.8051500683 -0.07521666274 0)
(0.8502914637 -0.06756911088 -1.478970537e-20)
(0.8846718902 -0.05906537835 -9.69841817e-23)
(0.9093774689 -0.05050602274 -1.032807523e-19)
(0.9265749326 -0.0423599993 1.084234023e-19)
(0.9388205099 -0.03487028475 0)
(0.9479825032 -0.02814832876 0)
(0.9552999511 -0.02210654121 9.040831088e-21)
(0.9615310067 -0.01664011715 1.22458458e-19)
(0.9670822983 -0.01166924473 -1.171498842e-19)
(0.9721594461 -0.007049210936 0)
(0.976963969 -0.002741604461 -9.263124181e-20)
(0.9815159457 0.001295028325 0)
(0.9858801337 0.005143970568 1.478308821e-19)
(0.9901014866 0.008833660156 0)
(0.9942316296 0.01238691066 1.057177635e-19)
(0.9982415753 0.01582976954 9.97113654e-20)
(1.002200514 0.01919620436 0)
(1.006123332 0.02247539557 -3.9507719e-21)
(1.010005883 0.02565997188 0)
(1.013822905 0.02879141299 0)
(1.017619614 0.03187210518 -1.080991333e-21)
(1.021387872 0.03486484185 1.021456282e-21)
(1.025128533 0.03777597332 0)
(1.028870845 0.04054967483 6.172653102e-20)
(1.032467291 0.04318298098 -3.508718693e-20)
(1.036083267 0.04576299018 2.589849482e-21)
(1.039821368 0.04806157098 -4.286855232e-21)
(1.043358918 0.05008578314 -1.908204383e-20)
(1.046761806 0.05191964954 0)
(1.050055929 0.05353848033 -1.729360074e-21)
(1.053286114 0.05489381807 0)
(1.056332052 0.05598810127 1.214897318e-19)
(1.059384492 0.05690132037 1.060819702e-21)
(1.062527801 0.05724731223 -5.408338695e-22)
(1.065292839 0.05701903546 -1.556235069e-19)
(1.067769791 0.05640449086 1.562875134e-19)
(1.069880244 0.05532002472 0)
(1.071652681 0.05388999275 6.500836922e-22)
(1.073110602 0.05194031762 3.021086613e-23)
(1.074067005 0.04960308568 1.672762869e-23)
(1.07459639 0.04679613083 1.85130186e-21)
(1.074532628 0.04371104356 5.721853569e-22)
(1.073986903 0.04014921545 0)
(1.072701007 0.0365044085 0)
(1.070937324 0.03243409472 5.011522186e-19)
(1.068321052 0.02855482333 -9.182377612e-19)
(1.065320975 0.0242078646 -4.209895176e-19)
(1.061256562 0.02044570755 0)
(1.057064837 0.01621025883 0)
(1.051700899 0.01291715115 5.781623364e-19)
(1.046370677 0.008776197697 -5.061195738e-19)
(1.039409114 0.006417080352 -4.018514127e-19)
(1.033055268 0.002623929072 1.377409641e-22)
(1.023914976 0.001893165001 -3.811548344e-23)
(1.016698798 -0.0003829581266 1.588224517e-19)
(1.005963417 0.001568122818 5.767819356e-20)
(0.9988823579 0.001203830235 6.914203998e-23)
(0.9873610691 0.006206724115 2.71042507e-19)
(0.9810669071 0.007620148626 -2.764111914e-19)
(0.9697260531 0.01620765773 -1.932579832e-22)
(0.9646726401 0.01822908067 0)
(0.9535494273 0.031961353 1.457463675e-18)
(0.9513044087 0.03335620996 0)
(0.9406317951 0.05378792393 -1.726990368e-18)
(0.9429046576 0.05179101804 -1.120286435e-18)
(0.9324261022 0.0820871158 -1.884777346e-18)
(0.9426932601 0.07127551317 0)
(0.9306073851 0.1162390323 -3.901720664e-18)
(0.9550598353 0.08551515873 -6.433078735e-19)
(0.9099783101 0.1553045025 4.348775856e-18)
(0.1919283731 -0.039098646 -1.236763927e-19)
(0.2858201867 -0.05994082341 -7.313650147e-20)
(0.3556341278 -0.07065433601 0)
(0.4200428857 -0.07737267646 -9.018639567e-20)
(0.4854005228 -0.08196392397 -2.215584115e-21)
(0.5534317952 -0.0844719525 -1.119095025e-19)
(0.6242049121 -0.08501875478 3.394020787e-20)
(0.6938369076 -0.08376496251 -6.499436437e-20)
(0.7570786252 -0.08033993955 3.220794655e-20)
(0.8117034825 -0.07483103011 1.102712468e-21)
(0.8562353168 -0.06780500683 -2.827676578e-20)
(0.8898264175 -0.05982468 0)
(0.9136686322 -0.05162668652 1.041860539e-19)
(0.9301033442 -0.04370448681 -3.991817588e-21)
(0.9417019088 -0.03633392145 2.145496631e-20)
(0.9503495625 -0.02964663285 -2.012380653e-20)
(0.9572714481 -0.02359100571 -1.413259026e-19)
(0.9631958593 -0.01808342158 -1.477513559e-19)
(0.9685098219 -0.01305413384 1.331217495e-19)
(0.9734021442 -0.008375534077 -1.264128592e-20)
(0.9780539065 -0.004007336178 1.477403765e-20)
(0.9824802239 9.369224668e-05 0)
(0.986745017 0.004001985159 0)
(0.9908816444 0.007747229411 0)
(0.9949357443 0.01135306307 -1.111480693e-19)
(0.9988870393 0.0148445924 0)
(1.002791897 0.01825485309 -7.959683967e-20)
(1.006665195 0.02157634866 -2.776364625e-19)
(1.010504025 0.02480293383 1.160611958e-19)
(1.014285609 0.02797088513 2.707902224e-21)
(1.018048454 0.0310851523 -2.55734011e-21)
(1.021785629 0.03411122985 0)
(1.025489854 0.03705380558 -4.175648431e-20)
(1.029194296 0.0398604057 7.457185329e-22)
(1.032771134 0.0425251038 3.5948584e-20)
(1.036355443 0.04513286328 2.319334196e-21)
(1.040044747 0.0474686279 4.382562383e-21)
(1.043549121 0.04953158469 1.950302477e-20)
(1.046929069 0.05140085296 0)
(1.050198409 0.05305836392 4.291308055e-20)
(1.053406804 0.05445724849 1.112641893e-19)
(1.056441455 0.05559295485 -1.2461062e-19)
(1.059475285 0.05654144617 -1.423847182e-19)
(1.062582131 0.0569382929 1.259333571e-21)
(1.065318452 0.05677075178 -3.060608757e-21)
(1.067766882 0.0562155477 0)
(1.069858759 0.05519351233 3.298201637e-19)
(1.071619771 0.05382843108 -8.038741639e-23)
(1.073073912 0.05194734593 3.346443442e-19)
(1.074020554 0.04968026523 -3.264722898e-19)
(1.074532751 0.04694312701 -3.142426301e-19)
(1.074462374 0.04392655401 -3.042763092e-19)
(1.073926727 0.04043449638 5.867975172e-19)
(1.072643151 0.03685558248 0)
(1.070874399 0.03284999961 -5.11145746e-19)
(1.068267584 0.0290278312 4.710331457e-19)
(1.065268394 0.02474170107 -2.752829535e-21)
(1.061212853 0.02102822532 0)
(1.05704226 0.01683747025 0)
(1.051678267 0.01358240109 -5.89884321e-19)
(1.046363131 0.009481904719 5.160953097e-19)
(1.039415771 0.007148124197 4.099877991e-19)
(1.033076215 0.003388675546 6.40450497e-22)
(1.02395947 0.002658635285 -4.58991463e-22)
(1.016765316 0.0003838845364 1.815089586e-22)
(1.006054546 0.002308627951 -2.328226422e-23)
(0.998994364 0.001925308093 -1.111256771e-20)
(0.9874916347 0.006882166063 -2.765432632e-19)
(0.9812208195 0.008261811198 -4.130158809e-22)
(0.9698764547 0.01678680954 3.958876046e-22)
(0.9648571809 0.01876920379 -4.85702138e-19)
(0.9537173374 0.0324050418 0)
(0.9515119507 0.03375641663 0)
(0.9407974904 0.05405117659 -7.340321312e-22)
(0.9431300624 0.05202088585 -1.152300988e-18)
(0.9325667051 0.08211224816 1.91973299e-18)
(0.9429253063 0.07131080185 0)
(0.9306738171 0.1159597532 3.970195514e-18)
(0.955266915 0.08540159279 3.32930715e-19)
(0.9100332169 0.1546593145 -4.423983751e-18)
(0.1805470787 -0.03252638363 -2.70123952e-19)
(0.2830799448 -0.05248785266 1.477872507e-19)
(0.3563385821 -0.06430051371 5.382393205e-20)
(0.422863272 -0.07164881975 4.5487276e-20)
(0.4897149105 -0.07688259024 7.729930068e-20)
(0.5590908925 -0.08002210446 7.706031789e-20)
(0.6307282829 -0.08147639469 -3.300095211e-20)
(0.7007835159 -0.08113344433 6.568556993e-20)
(0.7642291981 -0.07858554294 0)
(0.8186660168 -0.07395949729 -1.112159628e-19)
(0.8626687443 -0.06773469884 2.740544936e-20)
(0.8954740649 -0.0604381535 2.80705571e-22)
(0.9184307629 -0.05274204108 -4.80924469e-20)
(0.9340578636 -0.04515516128 -6.971681349e-20)
(0.9449676809 -0.03798398285 -1.013802543e-19)
(0.9530649772 -0.03138356672 1.919135279e-20)
(0.9595594809 -0.02534343176 1.408787224e-19)
(0.9651492349 -0.01980812423 0)
(0.9702004083 -0.01472190882 1.367819153e-20)
(0.9748860409 -0.009979394005 -1.285725356e-20)
(0.979364323 -0.005541508581 9.110389063e-20)
(0.9836485565 -0.001364219956 0)
(0.9877973594 0.002616667882 -8.436578959e-21)
(0.9918350511 0.006430684472 7.946158545e-21)
(0.9958010206 0.01010309512 0)
(0.9996807449 0.0136574439 0)
(1.003519995 0.01712430112 8.01836404e-20)
(1.007333017 0.02050021237 1.317858819e-19)
(1.011117703 0.02378103458 -6.47754483e-22)
(1.014853141 0.02699754259 -9.166968346e-20)
(1.018570563 0.0301555045 7.139842231e-20)
(1.022264972 0.03322435735 -5.260402441e-20)
(1.025923351 0.03620650114 2.409733868e-21)
(1.029579746 0.03905532382 -5.29432273e-20)
(1.033124075 0.04176108492 -2.976180329e-20)
(1.036666109 0.04440097066 1.213983413e-20)
(1.040299115 0.04677948601 1.836933899e-23)
(1.0437615 0.04889139507 0)
(1.047106172 0.05080534963 1.328769242e-21)
(1.050338368 0.05250820885 -1.255943065e-21)
(1.053512122 0.0539566578 -1.115272849e-19)
(1.056521853 0.05513911458 -2.210510015e-21)
(1.05952157 0.05612496546 -2.736786649e-21)
(1.062580191 0.05657635988 2.292855036e-21)
(1.065280052 0.05647643605 1.622982882e-19)
(1.067694284 0.05598699085 -1.698256931e-19)
(1.069756923 0.05503369235 -3.318021913e-19)
(1.07149526 0.05373778274 0)
(1.072932701 0.05193048314 -6.780067072e-19)
(1.073866304 0.04973861988 3.309747382e-19)
(1.074363446 0.04707588791 0)
(1.074281972 0.04413254051 3.073460666e-19)
(1.073748783 0.04071569217 -5.904471728e-19)
(1.07246994 0.03720742995 -2.761065852e-23)
(1.070704203 0.03327048356 -2.051604567e-21)
(1.068105747 0.02951004263 1.834198219e-21)
(1.065117804 0.02528822245 4.344173505e-19)
(1.061078262 0.02162631241 3.893159164e-19)
(1.056932252 0.01748376719 0)
(1.051581304 0.0142687913 -6.002579592e-19)
(1.046291189 0.01021191335 5.246407424e-19)
(1.039367044 0.007905226737 4.144177345e-19)
(1.033058827 0.004184207613 -3.466447114e-19)
(1.02398079 0.003457465421 2.212043668e-19)
(1.016826342 0.001187513092 0)
(1.006154509 0.003085563443 -2.243977189e-23)
(0.9991313487 0.002683120682 2.337391735e-20)
(0.9876601753 0.007592285357 1.389846925e-22)
(0.9814265217 0.008934392613 0)
(0.9700910308 0.01739466087 0)
(0.9651206776 0.01933426902 4.898293553e-19)
(0.953973068 0.03286951596 1.515243657e-18)
(0.9518234794 0.03417244443 0)
(0.9410694853 0.05432591247 1.789556987e-18)
(0.943479822 0.05225578145 1.164017581e-18)
(0.9328227855 0.08213723857 -1.407005522e-21)
(0.9432917912 0.07133815507 8.493380928e-19)
(0.9308464068 0.115666458 0)
(0.9555963115 0.08527407137 -1.140938352e-21)
(0.9102238855 0.153979836 -4.471142914e-18)
(0.1724147095 -0.02777032317 0)
(0.2807025111 -0.04609524718 -7.612976126e-20)
(0.3574250887 -0.05807556866 0)
(0.4264191399 -0.06570536472 -9.098829857e-20)
(0.49507031 -0.07142391172 -7.973396107e-20)
(0.5660107418 -0.07526023036 -6.854965007e-20)
(0.6384933914 -0.07763365175 6.612002179e-20)
(0.7092041467 -0.07813736468 -5.836669241e-20)
(0.7728720316 -0.07648805693 5.739699599e-20)
(0.827067426 -0.0727896095 1.61748543e-19)
(0.8704262443 -0.06743526794 0)
(0.9023091885 -0.06090783511 -4.814673457e-20)
(0.9242488143 -0.05380979272 -6.939075281e-23)
(0.9389391277 -0.04665052328 3.719285873e-22)
(0.9490442239 -0.03975442942 8.09638316e-20)
(0.9564877154 -0.03329874681 9.18070111e-22)
(0.9624639647 -0.02731308247 3.316284174e-20)
(0.9676408304 -0.02177312185 0)
(0.9723618535 -0.01664085066 1.044805487e-19)
(0.9767853773 -0.01183635442 9.384617485e-20)
(0.9810423602 -0.007324760644 -2.080915549e-20)
(0.9851456144 -0.003064168849 1.959835232e-20)
(0.9891450672 0.000998710752 1.621621344e-20)
(0.9930561497 0.004892294356 -2.945843571e-20)
(0.9969103705 0.00864285874 1.336410331e-20)
(1.000698681 0.01227179421 0)
(1.004454926 0.01580670835 0)
(1.008192505 0.01924792506 0)
(1.011908922 0.02259371605 -1.091047945e-19)
(1.015586484 0.02586920351 8.424724012e-20)
(1.019246868 0.02908009796 -6.643522678e-20)
(1.022886344 0.03220043303 5.471887209e-20)
(1.026488925 0.03522992902 2.718844455e-21)
(1.030086487 0.03812926215 5.185490494e-20)
(1.033588322 0.04088442533 5.684161101e-20)
(1.037078368 0.04356166367 0)
(1.040643343 0.04598913247 5.864615931e-22)
(1.044054485 0.0481588935 -2.746254171e-20)
(1.047356574 0.05012560494 -1.401552544e-21)
(1.050543933 0.05187987176 -4.87014362e-20)
(1.053674479 0.05338302033 1.169687571e-19)
(1.056651038 0.05461692464 -1.332270118e-19)
(1.059605406 0.05564286568 2.983417807e-19)
(1.062601792 0.05615349438 -4.948878016e-21)
(1.065255284 0.0561281295 5.159011765e-21)
(1.067629648 0.0557107678 1.653654347e-19)
(1.069657689 0.054831836 -3.422910563e-19)
(1.07136593 0.05360918561 -3.409461464e-19)
(1.072775808 0.0518810186 3.391179929e-19)
(1.073689048 0.04977030726 3.361331872e-19)
(1.074169808 0.04718735708 0)
(1.074074121 0.04432201198 0)
(1.073535738 0.04098608277 5.998462262e-19)
(1.072258423 0.03755426929 0)
(1.070498094 0.03369101123 -5.257956478e-19)
(1.067904639 0.02999743966 -4.821973207e-19)
(1.064930822 0.02584457469 0)
(1.06090924 0.02223790837 -3.901341211e-19)
(1.056786288 0.01814802112 7.108598222e-19)
(1.051452393 0.01497654602 6.002538759e-19)
(1.046190485 0.01096747127 -1.053742799e-18)
(1.039289626 0.008690909183 -4.177116374e-19)
(1.03301843 0.005014375045 3.489181918e-19)
(1.023984579 0.004294416012 -2.22776949e-19)
(1.016878223 0.002033585335 7.349616725e-22)
(1.006253499 0.00390509889 -5.572451673e-20)
(0.9992749384 0.00348434431 -2.555841442e-20)
(0.9878433293 0.008344398948 -2.833191294e-19)
(0.9816531237 0.009646221492 0)
(0.9703318368 0.01803984826 0)
(0.9654185015 0.01993362788 0)
(0.9542650026 0.03336425217 -1.522969406e-18)
(0.9521809379 0.03461456188 0)
(0.9413844498 0.05462180192 -4.948517669e-23)
(0.9438858916 0.05250629199 1.168924771e-18)
(0.9331236237 0.0821709518 2.905133523e-21)
(0.943720888 0.07136784582 -8.53242229e-19)
(0.9310543434 0.1153658467 0)
(0.9559826727 0.08514172311 0)
(0.910464205 0.1532722019 4.491949442e-18)
(0.1679848863 -0.02458344463 2.853940182e-19)
(0.2791426574 -0.04090643148 -3.790627148e-19)
(0.3588719366 -0.05250290312 2.12184126e-19)
(0.4303374231 -0.06008346165 -8.508359721e-20)
(0.5009907933 -0.06615236843 7.570303846e-20)
(0.5731654482 -0.07060393393 3.243453548e-21)
(0.6468871767 -0.07371191645 0)
(0.7183272971 -0.07495143782 0)
(0.7822187765 -0.07415148705 -5.039636341e-20)
(0.8361609512 -0.07134767829 -1.022661591e-19)
(0.8788498051 -0.06687240219 1.375958934e-19)
(0.9097763184 -0.06115081662 -4.386024993e-20)
(0.9306752079 -0.05471786882 -1.22606316e-19)
(0.9444035503 -0.0480663206 7.810407128e-20)
(0.9536797305 -0.04152307953 -1.070774713e-19)
(0.9604403025 -0.035281134 1.301687088e-19)
(0.9658629902 -0.02940402308 1.193013697e-19)
(0.9705888523 -0.02389808827 0)
(0.9749406357 -0.01874563361 -1.037408394e-19)
(0.9790644923 -0.01389357957 -9.325327314e-20)
(0.9830660317 -0.009314523667 -5.953269101e-20)
(0.98695825 -0.004972274809 -3.615573572e-20)
(0.9907803569 -0.0008247083978 3.196979678e-20)
(0.9945405628 0.003154186618 -1.456628399e-20)
(0.9982619342 0.006990048197 -1.072274031e-19)
(1.001939363 0.01070187609 8.346487881e-20)
(1.005595661 0.01431392278 9.511580389e-21)
(1.009242548 0.0178294625 -7.175482195e-21)
(1.01287652 0.02124907987 1.268481873e-20)
(1.01648289 0.02459259669 -5.58151483e-21)
(1.020073688 0.02786496289 0)
(1.023645591 0.0310449595 -5.070210888e-20)
(1.027181244 0.0341295833 3.785292328e-20)
(1.030708111 0.03708695559 2.340340386e-20)
(1.034155549 0.03989931387 -2.579569014e-20)
(1.037583159 0.04262031691 0)
(1.041068359 0.04510317056 0)
(1.0444169 0.0473386105 2.914646816e-20)
(1.047666833 0.04936582101 -2.09876059e-21)
(1.05080056 0.0511777423 5.00757894e-20)
(1.053877905 0.05274070026 3.882573265e-21)
(1.056810969 0.0540311722 1.306855582e-19)
(1.059708871 0.05510102126 1.913683319e-21)
(1.062630239 0.05567582083 -1.579212096e-19)
(1.065227412 0.05573142513 5.441534578e-21)
(1.067554243 0.05539243436 -1.065779978e-20)
(1.069541234 0.05459363641 3.482548742e-19)
(1.071211318 0.05344875181 3.445082325e-19)
(1.072584178 0.05180506722 -3.456983867e-19)
(1.073470157 0.04978123038 -3.370346305e-19)
(1.073931916 0.04728362694 5.137478677e-21)
(1.073819148 0.04450127369 3.090678872e-19)
(1.073269806 0.04125178462 -1.204356025e-18)
(1.071991788 0.0379019125 0)
(1.070238713 0.03411764979 -9.762256906e-22)
(1.067649719 0.03049575168 4.838576246e-19)
(1.064693002 0.02641636023 0)
(1.060692766 0.02286849383 3.941657172e-19)
(1.05659357 0.01883547387 -7.122542959e-19)
(1.051282314 0.01571059376 0)
(1.046053294 0.01175336916 5.289768745e-19)
(1.039179524 0.009509346414 1.537367574e-21)
(1.032952541 0.005882802693 -3.493471569e-19)
(1.023971767 0.005172264457 -1.091735031e-21)
(1.016922599 0.002924463295 3.843844777e-22)
(1.006355588 0.004769039666 5.547854047e-20)
(0.9994299044 0.004330509943 1.307362655e-20)
(0.9880479812 0.009139467114 5.689145095e-19)
(0.9819083653 0.01039819557 0)
(0.9706092389 0.01872242701 1.054264235e-21)
(0.9657614441 0.02056720771 -1.002989264e-21)
(0.9546069309 0.03388820079 -1.529116864e-18)
(0.9525979003 0.03508181346 5.577327249e-21)
(0.9417591091 0.05493654615 -1.808687778e-18)
(0.9443634305 0.05277071963 -1.173759455e-18)
(0.9334880388 0.08220978932 -2.835419908e-21)
(0.9442274468 0.07139801324 -8.47280238e-19)
(0.9313177496 0.1150531075 -5.237418831e-22)
(0.9564379467 0.08500309105 3.486422993e-19)
(0.9107794077 0.1525301805 2.305492112e-21)
(0.1676835582 -0.02282146994 5.563939615e-19)
(0.2791605013 -0.03705864343 -5.191640085e-19)
(0.3613678911 -0.04799738495 3.091252749e-19)
(0.4349840742 -0.05539133125 1.629096402e-21)
(0.5071333006 -0.06160437113 7.307892998e-20)
(0.5809408367 -0.06643727332 6.755614062e-20)
(0.6559311837 -0.06999911882 -1.639281038e-19)
(0.728085539 -0.07185332392 -4.975990513e-20)
(0.7921682658 -0.07177513203 4.956736597e-20)
(0.8458137623 -0.06976963343 -8.703281224e-20)
(0.8877834598 -0.06611080854 -8.51950613e-20)
(0.9177227711 -0.06117433036 -8.034616772e-20)
(0.9375777649 -0.05542806824 2.305976369e-19)
(0.9503517849 -0.04933381353 -7.204980546e-20)
(0.9588085217 -0.04320575695 1.346535472e-19)
(0.964885983 -0.03724278938 -6.73458629e-20)
(0.9697421025 -0.03153260388 -2.866009958e-19)
(0.9739944383 -0.02610789463 0)
(0.9779482017 -0.02097159512 -4.63196979e-20)
(0.9817402676 -0.01609646631 8.529167651e-20)
(0.9854553422 -0.01146533384 3.94937611e-20)
(0.9891070931 -0.007051048961 0)
(0.9927235393 -0.002822603129 8.820064286e-20)
(0.9963075698 0.001242009032 5.304783343e-20)
(0.9998738164 0.005165850861 7.0968429e-20)
(1.00341915 0.008965240719 -2.354672023e-20)
(1.006957006 0.01266076547 8.424689368e-20)
(1.010496589 0.01625748657 -1.115930182e-19)
(1.014032815 0.01975777524 0)
(1.017553191 0.02317675733 0)
(1.021060844 0.02651819011 0)
(1.024551829 0.02976518405 4.786355701e-20)
(1.028008875 0.03291226825 0)
(1.031453353 0.03593431329 -2.159060271e-20)
(1.034833404 0.03881082548 -1.624702403e-20)
(1.038187957 0.04158258191 -5.652353117e-22)
(1.041583116 0.04412703924 5.345193459e-22)
(1.044857948 0.04643454096 0)
(1.048045269 0.0485292234 -3.112269727e-21)
(1.051116643 0.05040487612 5.395349434e-20)
(1.054130858 0.0520325009 -1.19423786e-19)
(1.057009816 0.0533846443 0)
(1.059841174 0.05450295975 -1.570258386e-19)
(1.062676262 0.05514681528 2.799496386e-21)
(1.0652078 0.05528892323 0)
(1.067478732 0.05503414931 5.564529873e-21)
(1.069418018 0.05432104531 -5.263642002e-21)
(1.071042011 0.05325855885 0)
(1.072369501 0.05170447177 3.460749767e-19)
(1.073221647 0.04977279187 0)
(1.07366041 0.04736604643 5.161004749e-21)
(1.073527307 0.04467174593 -6.344939128e-19)
(1.072962044 0.04151397503 5.989806309e-19)
(1.071680722 0.03825121608 4.455487917e-21)
(1.06993491 0.03455142949 5.29568115e-19)
(1.067350564 0.0310057955 3.726797403e-21)
(1.064412256 0.02700438099 -6.901792866e-21)
(1.060435912 0.02351892212 -3.888420918e-19)
(1.056361072 0.01954694938 -2.862057826e-21)
(1.051076609 0.01647176481 0)
(1.045884074 0.01257056242 0)
(1.039041039 0.01036137549 0)
(1.032863347 0.006790178018 1.101488861e-21)
(1.023943997 0.006091402518 0)
(1.016959049 0.003860524538 7.676661863e-22)
(1.006460073 0.005677671801 -8.187900646e-22)
(0.9995936958 0.005222074362 8.04848793e-23)
(0.9882714344 0.009977828459 -9.316519408e-22)
(0.9821880312 0.01119103228 2.941970076e-19)
(0.9709187984 0.01944285576 -5.558229444e-19)
(0.9661433944 0.02123576114 2.507307211e-21)
(0.954992812 0.03444182736 1.529660733e-18)
(0.9530663441 0.03557512496 3.933611142e-22)
(0.9421861584 0.05527046907 -2.86454698e-21)
(0.9449026542 0.05305019384 -3.106014061e-21)
(0.9339080989 0.08225385035 2.985414554e-21)
(0.9448003816 0.07143029316 1.704848679e-18)
(0.9316297167 0.1147280724 0)
(0.9569510483 0.08486009885 -3.533658034e-19)
(0.9111618019 0.1517540437 1.603319818e-21)
(0.171131463 -0.0223050121 5.188725814e-19)
(0.2811839561 -0.03467736166 -2.786936839e-19)
(0.3649636987 -0.0447973307 0)
(0.4403113479 -0.05191382781 -7.786455162e-20)
(0.5140764886 -0.05800566053 -6.465166806e-20)
(0.5893975644 -0.06295232902 2.285703076e-19)
(0.6655757415 -0.06677154898 1.762993224e-21)
(0.738357071 -0.0690708065 4.876362385e-20)
(0.8025417197 -0.06954776067 0)
(0.8558050759 -0.06819771714 8.554469894e-20)
(0.8969866852 -0.06524460095 1.597559716e-19)
(0.9259099591 -0.06102443553 -1.474009458e-19)
(0.9447382877 -0.05594239265 6.655757726e-20)
(0.9565999247 -0.05041943994 -7.805733695e-23)
(0.9642850599 -0.04474494966 -1.259493983e-19)
(0.9697160472 -0.0391128194 0)
(0.9740246539 -0.03362365302 1.094987864e-19)
(0.9778065799 -0.02832947444 0)
(0.9813531856 -0.02325153642 -4.303982682e-20)
(0.9847951793 -0.01838535678 4.057746606e-20)
(0.9882027741 -0.01372559128 -3.473699804e-20)
(0.9915906925 -0.009256252571 1.879014164e-21)
(0.9949774064 -0.004957314662 -1.147206065e-19)
(0.998362261 -0.0008123469749 2.575896612e-20)
(1.001752334 0.003197357021 0)
(1.005144823 0.007084942408 -4.927104934e-21)
(1.008545684 0.01086701389 -6.595729435e-20)
(1.011961046 0.01454915506 9.851939625e-20)
(1.015383878 0.01813469568 1.190113556e-20)
(1.018802662 0.02163470256 8.186612541e-21)
(1.022213032 0.02505148378 -7.741909638e-21)
(1.025609455 0.02837169064 -4.515811549e-21)
(1.02897549 0.03158784575 4.271838188e-21)
(1.03232602 0.03468027955 0)
(1.035625062 0.03762698425 5.492755756e-21)
(1.038895392 0.040456628 -8.272965e-22)
(1.042191048 0.04306862585 2.371409941e-20)
(1.045381164 0.04545334262 -2.592439881e-21)
(1.04849441 0.04762159356 -8.288223101e-22)
(1.051494117 0.04956673224 9.607328449e-21)
(1.054435039 0.05126362098 1.277202298e-19)
(1.057248806 0.05268244241 0)
(1.060003787 0.05385437969 0)
(1.062742699 0.05457196174 1.645775318e-19)
(1.065199394 0.05480517491 -5.548009376e-21)
(1.067405553 0.05463984112 5.248155253e-21)
(1.069289935 0.05401773498 0)
(1.070860071 0.05304232027 5.605106948e-21)
(1.072134605 0.05158259484 -3.48260028e-19)
(1.072946521 0.04974768409 -5.22965195e-21)
(1.073357302 0.0474370269 5.175761515e-21)
(1.073200472 0.04483583327 6.214333951e-19)
(1.072615127 0.04177470812 4.698820795e-21)
(1.071327823 0.03860365335 0)
(1.06958821 0.03499374292 0)
(1.067009484 0.03152864216 -7.459419792e-21)
(1.064090099 0.02760946207 7.082199947e-21)
(1.060140026 0.02418997278 6.025467221e-21)
(1.056090538 0.02028304037 -5.726056243e-21)
(1.050836618 0.01726041463 -4.551037954e-21)
(1.045683849 0.01341940493 -5.244661229e-19)
(1.038876022 0.0112470536 0)
(1.032751819 0.007736166544 3.493554545e-19)
(1.023902565 0.007051085519 1.538470487e-21)
(1.016987742 0.004840874604 -1.46593541e-21)
(1.006567425 0.006629977181 0)
(0.9997657847 0.006158105537 -5.88576321e-22)
(0.9885135201 0.01085843961 -2.838379569e-19)
(0.9824911995 0.01202401777 6.309662401e-22)
(0.971260098 0.02020015098 7.904927266e-22)
(0.9665629294 0.02193857178 0)
(0.9554220507 0.03502416543 0)
(0.9535842936 0.03609397699 1.188527511e-18)
(0.9426649603 0.05562256968 5.843804427e-21)
(0.9455008386 0.05334450303 1.162876262e-18)
(0.9343833482 0.08230216575 2.826650158e-21)
(0.9454360312 0.07146520636 -8.596875572e-19)
(0.931990985 0.11439 9.903883626e-21)
(0.9575176292 0.08471375853 3.495786632e-19)
(0.9116127823 0.1509439918 0)
(0.1769711576 -0.02260288446 0)
(0.2852052501 -0.03352662675 0)
(0.3701220288 -0.0429066757 0)
(0.4468478974 -0.04959122399 6.880734207e-20)
(0.5220235908 -0.05540370837 -1.787915547e-19)
(0.5987279826 -0.06030509135 1.042497055e-19)
(0.6759037406 -0.06422304398 -4.887902736e-20)
(0.7491557739 -0.06678216143 0)
(0.8132912287 -0.06763929706 1.183504378e-19)
(0.8660381418 -0.06678036733 -7.342090932e-20)
(0.9063245796 -0.06439302175 0)
(0.934184329 -0.06078514424 6.716481613e-20)
(0.9520018844 -0.05630657254 4.569852556e-22)
(0.9630061368 -0.05133283268 -5.96228685e-20)
(0.9699876215 -0.04612085872 0)
(0.9748320596 -0.04084992212 9.992196854e-20)
(0.9786355712 -0.03562297448 0)
(0.9819712794 -0.0305031053 0)
(0.9851193291 -0.02552539106 7.75917715e-20)
(0.9882070786 -0.02070341232 1.061579278e-19)
(0.991296681 -0.01604362322 -1.292619281e-19)
(0.9944046346 -0.01154173669 3.030109889e-20)
(0.9975428901 -0.007188345042 -1.006534221e-19)
(1.000708782 -0.002973742231 0)
(1.003903549 0.00111506015 7.720141338e-20)
(1.007123569 0.005087414201 -7.189341835e-20)
(1.010369321 0.008955593162 0)
(1.013643472 0.01272451915 -1.158225922e-20)
(1.016937081 0.01639748814 1.095142124e-20)
(1.020238229 0.01998204139 0)
(1.023536697 0.02347887004 0)
(1.026824599 0.02687717694 3.9588151e-21)
(1.030086598 0.03016799132 -3.74576262e-21)
(1.033331519 0.03333562621 0)
(1.036535672 0.03635758204 1.067846361e-20)
(1.039710107 0.03925187877 1.225831393e-20)
(1.04289713 0.04193683866 -2.286746234e-20)
(1.045991813 0.04440280202 0)
(1.049019039 0.04664972632 0)
(1.051937202 0.04866961764 -6.520971288e-20)
(1.05479453 0.05044011147 -2.593984405e-19)
(1.057531832 0.05193035935 0)
(1.060200825 0.05316138627 -1.047926105e-20)
(1.062834825 0.05395704829 9.912020666e-21)
(1.065207656 0.05428508594 -1.62645499e-19)
(1.067339813 0.05421372833 1.657835738e-19)
(1.069161585 0.05368748818 -1.131558887e-20)
(1.070670352 0.05280365238 3.635649618e-19)
(1.071885031 0.05144259648 3.483547595e-19)
(1.072650474 0.04970849041 0)
(1.073027382 0.04749876177 0)
(1.072843158 0.04499546117 -3.15943418e-19)
(1.072234237 0.04203550464 -6.042186943e-19)
(1.070938155 0.03896026191 8.808149888e-21)
(1.069202563 0.03544535614 -5.38471591e-19)
(1.066630819 0.03206470349 -4.774431185e-19)
(1.063729995 0.02823181739 -1.380823676e-20)
(1.059808154 0.0248816884 1.241459853e-20)
(1.055785223 0.02104361236 3.496230287e-19)
(1.05056495 0.01807621831 0)
(1.045454658 0.01429948537 5.293329574e-19)
(1.038686982 0.01216573323 3.058917511e-21)
(1.032619367 0.008719716033 3.437011122e-19)
(1.023848807 0.008049893532 1.533191751e-21)
(1.017008722 0.005863962356 -1.46086507e-21)
(1.006677651 0.007624338189 0)
(0.9999450491 0.007137126807 0)
(0.9887731604 0.0117797751 0)
(0.9828159167 0.01289600992 -2.937473204e-19)
(0.9716313844 0.02099299111 5.544842758e-19)
(0.9670171756 0.0226746433 4.918746506e-19)
(0.9558922832 0.03563409704 1.514826331e-18)
(0.9541479441 0.03663773425 -6.249574736e-21)
(0.943192746 0.05599189998 0)
(0.9461531593 0.05365350484 -2.324935518e-18)
(0.9349109517 0.0823540886 0)
(0.9461285869 0.0715035127 0)
(0.9323998523 0.1140387983 4.011484218e-18)
(0.9581315926 0.08456528683 -3.449563704e-19)
(0.912130748 0.1501013352 -4.581686772e-21)
(0.1848721584 -0.02336552241 0)
(0.2910229792 -0.03314751056 0)
(0.3768571156 -0.04197731216 0)
(0.4547740895 -0.04825534175 -6.647776523e-20)
(0.5311794924 -0.05376569857 5.647421344e-20)
(0.6090512683 -0.05851712699 -4.651341768e-20)
(0.6870190616 -0.06242298422 0)
(0.7605351696 -0.0650874992 1.575255261e-19)
(0.8244189751 -0.06616497809 -1.79077237e-19)
(0.8764696279 -0.06563755376 -1.353888732e-19)
(0.9157157506 -0.06366973569 6.498288077e-20)
(0.9424410228 -0.06055270861 5.737217607e-20)
(0.9592531793 -0.05659095685 -1.140620979e-19)
(0.9694554884 -0.05211478374 2.146613953e-19)
(0.9758085367 -0.04734572391 -1.01085993e-19)
(0.9801387842 -0.04244180233 -5.468065463e-21)
(0.9834952816 -0.03749998751 -9.099122178e-20)
(0.9864255163 -0.03258656079 2.195710524e-21)
(0.9891993697 -0.02774472644 -2.244975424e-21)
(0.9919428161 -0.02300067006 -5.995825268e-21)
(0.9947152058 -0.01837094413 -5.332275922e-20)
(0.9975358731 -0.01386199723 2.108025107e-19)
(1.000413721 -0.009474173437 -4.104125232e-20)
(1.003345614 -0.005205007557 -4.052822412e-20)
(1.006329023 -0.001047962767 -3.840751286e-20)
(1.009359217 0.003001920293 -6.040866014e-20)
(1.012432944 0.006952290219 5.125408043e-20)
(1.015549523 0.01080637416 2.173318769e-20)
(1.018698243 0.01456644807 3.679673818e-20)
(1.021865808 0.01823688585 -2.925410123e-20)
(1.025037526 0.02181662273 1.251220479e-20)
(1.028202839 0.02529641273 6.70597192e-21)
(1.031347339 0.02866619689 -1.023866462e-20)
(1.034474801 0.0319128358 3.683606268e-21)
(1.03757024 0.03501408142 -8.773497622e-22)
(1.040636779 0.03797906945 -1.424668377e-20)
(1.043706013 0.04074174867 3.461953045e-20)
(1.046694655 0.04329209266 0)
(1.049623597 0.04562182566 -7.3099238e-21)
(1.052449699 0.04772106676 6.916418516e-21)
(1.055212919 0.04956914512 1.355709749e-19)
(1.057862493 0.05113519238 1.00354859e-20)
(1.060435877 0.05243085716 -2.013050389e-20)
(1.062957178 0.05330854052 1.006241272e-20)
(1.065237183 0.05373427903 1.735735711e-19)
(1.067286104 0.05376065174 -1.761418208e-19)
(1.069037048 0.05333463725 1.137458141e-20)
(1.070477171 0.05254663988 -7.176435229e-19)
(1.071625456 0.05128807799 -3.611210438e-19)
(1.072338304 0.04965811397 1.050017082e-20)
(1.072674997 0.04755362379 1.037255063e-20)
(1.07245943 0.0451527062 -9.830469902e-21)
(1.07182371 0.04229802458 6.041836115e-19)
(1.070516017 0.0393221024 0)
(1.068781646 0.03590690935 1.059374555e-18)
(1.066218145 0.0326142652 1.154808048e-21)
(1.063335059 0.02887142388 0)
(1.059443043 0.02559388201 -4.000060958e-19)
(1.05544789 0.02182827372 -3.498284017e-19)
(1.050264 0.01891850421 0)
(1.045198387 0.0152100166 0)
(1.038476146 0.01311639221 0)
(1.032467439 0.009739323699 -3.468497138e-19)
(1.023783935 0.009085981185 1.526730488e-21)
(1.017022175 0.006927753134 -2.216852102e-21)
(1.006790735 0.008658693354 6.421368827e-22)
(1.000130559 0.008157187832 1.243082312e-21)
(0.9890493765 0.01273987754 -1.111090118e-21)
(0.9831604613 0.01380544019 0)
(0.972031086 0.02181967081 -4.165497031e-21)
(0.9675035552 0.02344260231 -4.879803904e-19)
(0.9564014102 0.0362701947 -3.020624759e-18)
(0.9547538889 0.03720545963 -1.185545746e-18)
(0.9437670684 0.05637731681 0)
(0.9468552793 0.05397683432 1.158765313e-18)
(0.9354884385 0.08240892907 0)
(0.946872814 0.07154583052 -5.611931619e-21)
(0.9328549895 0.1136745731 -4.004555494e-18)
(0.9587874823 0.08441578359 5.138358234e-22)
(0.9127143077 0.1492278292 -4.557302515e-21)
(0.1942635866 -0.02440206112 -7.322496645e-19)
(0.2983848036 -0.03333720634 4.16648772e-19)
(0.3851270509 -0.04175050041 0)
(0.4641448602 -0.04771106081 -2.903881571e-19)
(0.5416241769 -0.05293625514 3.490492499e-19)
(0.6204622306 -0.05751603724 -2.615048678e-19)
(0.6990126782 -0.06133934011 3.110681215e-19)
(0.7725576128 -0.06400446266 -1.392521025e-19)
(0.835956445 -0.06517622185 -3.073348193e-20)
(0.8870983666 -0.06484428329 1.210931866e-19)
(0.925129972 -0.06316218807 -5.287852895e-20)
(0.9506294251 -0.06041439889 -2.15297862e-19)
(0.9664278715 -0.05687144447 1.012270988e-19)
(0.9758751343 -0.05282214396 0)
(0.9816708298 -0.0484537053 4.271919742e-20)
(0.9855602073 -0.04389994824 0)
(0.9885336226 -0.03924650657 -1.596756467e-19)
(0.9911083832 -0.03455650078 4.541990855e-21)
(0.9935433619 -0.02987574733 0)
(0.9959639816 -0.02523753404 -6.324802377e-20)
(0.9984300784 -0.02066564227 1.086332035e-19)
(1.000965078 -0.01617516188 -5.71599804e-20)
(1.003577814 -0.01177475276 1.773018829e-19)
(1.006266297 -0.007468882441 -3.948401637e-20)
(1.009026281 -0.003257559494 3.165777136e-20)
(1.011852398 0.000859409644 3.010306762e-20)
(1.014739123 0.004884914059 -2.811428758e-20)
(1.017683024 0.008819654858 -2.101740352e-20)
(1.020671838 0.01266406057 -4.596583793e-20)
(1.023690373 0.01641950864 -1.41155595e-20)
(1.02672058 0.0200830652 -8.292089698e-21)
(1.029749231 0.02364609323 1.324523186e-20)
(1.0327626 0.0270976927 1.088400333e-20)
(1.035760473 0.03042605359 -2.623107655e-21)
(1.038733603 0.03360954714 -9.077671445e-21)
(1.041679998 0.03665020321 0)
(1.044622098 0.03949444896 -3.180349371e-20)
(1.047494111 0.04213148131 0)
(1.0503126 0.04454716499 6.56212786e-20)
(1.053035596 0.04672957993 -7.312921636e-21)
(1.055694074 0.04865879219 0)
(1.05824467 0.0503045284 -1.025928133e-20)
(1.06071288 0.05167015878 -1.565984279e-19)
(1.063114321 0.05263331995 -1.118011288e-20)
(1.065292716 0.05315890783 1.058120869e-20)
(1.067249186 0.05328600917 1.792049495e-19)
(1.068920733 0.05296390782 0)
(1.070285102 0.05227553385 3.539364499e-19)
(1.071360775 0.05112273448 3.386038317e-19)
(1.072015018 0.04959972813 1.051271516e-20)
(1.072304845 0.0476042095 1.036937213e-20)
(1.072053695 0.04530958149 -3.257720861e-19)
(1.071388138 0.0425638037 0)
(1.070065986 0.03969027298 -8.772348037e-21)
(1.068329535 0.03637892738 -5.208067534e-19)
(1.065775237 0.03317745629 4.839190538e-19)
(1.062908648 0.02952815738 0)
(1.059047655 0.02632609998 7.86863181e-19)
(1.055081448 0.02263637484 -3.579907639e-19)
(1.049936334 0.01978639717 6.060559705e-19)
(1.044917077 0.01614987173 0)
(1.038245756 0.01409771045 0)
(1.032297609 0.01079316867 4.502078607e-21)
(1.023709137 0.01015720152 -4.298235013e-21)
(1.017028366 0.008029895161 0)
(1.006906563 0.009730681851 -5.709624838e-20)
(1.000321397 0.009216047866 -1.317339074e-21)
(0.9893410132 0.01373651598 2.789039659e-19)
(0.9835230044 0.01475047422 -2.157347536e-21)
(0.9724574404 0.02267825681 -5.388708868e-19)
(0.9680193433 0.02424085978 -3.930758093e-21)
(0.9569470633 0.03693088028 1.510696207e-18)
(0.9553985542 0.03779604956 -1.179493061e-18)
(0.9443851754 0.05677760861 1.771737646e-18)
(0.9476027073 0.0543140324 1.13474361e-18)
(0.9361129883 0.08246606962 2.984252817e-22)
(0.9476633811 0.0715927424 5.185126362e-21)
(0.9333546383 0.1132976765 4.371423359e-21)
(0.9594799488 0.08426626401 5.093303842e-22)
(0.9133614958 0.148325644 -4.527257651e-21)
(0.2046729584 -0.02554727605 -1.17969901e-18)
(0.3070906091 -0.03396345986 3.206808227e-19)
(0.3948441171 -0.04203375746 0)
(0.4749213112 -0.04777507962 5.415680449e-20)
(0.5533486805 -0.05276093167 8.840198199e-20)
(0.6329741748 -0.05718042127 -2.340700343e-19)
(0.7119206952 -0.06089112541 1.050144917e-19)
(0.7852582832 -0.06349293922 -2.970660193e-20)
(0.8479287119 -0.06466944309 3.015646928e-20)
(0.8979337304 -0.06442767968 5.056955968e-20)
(0.9345630402 -0.06292064847 0)
(0.9587355813 -0.06043308942 5.033070265e-20)
(0.9735021985 -0.05721255776 -4.234035341e-20)
(0.9822303044 -0.05351189713 3.989970623e-20)
(0.9875291614 -0.04948787617 -7.970717054e-20)
(0.9910437585 -0.04525030694 0)
(0.9936955314 -0.04087110072 6.832252498e-20)
(0.9959668316 -0.03640606062 3.65438351e-22)
(0.9981037403 -0.03189920358 1.168884776e-19)
(1.000230525 -0.02738604481 -4.138180634e-21)
(1.002409253 -0.02289436881 -4.950063132e-20)
(1.004668014 -0.01844522448 -1.361011045e-19)
(1.007017962 -0.01405353332 0)
(1.009459424 -0.009729772298 0)
(1.011988535 -0.005479946064 -5.503491362e-20)
(1.01459998 -0.001308611938 -4.705128239e-20)
(1.017287393 0.002782421318 -4.527529958e-20)
(1.020045337 0.006790783794 0)
(1.022860431 0.01071445901 8.961260772e-21)
(1.025715427 0.01455189907 0)
(1.028589839 0.01829818604 2.126785531e-20)
(1.031468044 0.02194449846 1.980162683e-20)
(1.034336745 0.02547916859 -1.734440809e-20)
(1.03719278 0.02889073033 0)
(1.040030368 0.0321582906 6.471900218e-21)
(1.042844381 0.03527835941 6.724544703e-21)
(1.045649687 0.03820700067 -4.062689427e-21)
(1.048394363 0.0409322896 7.081383234e-21)
(1.051090405 0.04343614457 -7.259106344e-20)
(1.053698804 0.04570468704 7.708254891e-20)
(1.056241821 0.04771798447 0)
(1.058682268 0.04944671609 -1.049957084e-20)
(1.061035791 0.05088718718 3.455865782e-19)
(1.063310524 0.0519387325 0)
(1.065378687 0.0525656205 -1.149107933e-20)
(1.067233693 0.05279566508 -1.68023077e-19)
(1.068817111 0.05258042048 -3.607341929e-19)
(1.07009867 0.05199493421 1.134462322e-20)
(1.071095621 0.05095059652 3.404234323e-19)
(1.071685286 0.0495367196 1.077554089e-20)
(1.071921649 0.04765323598 3.303056686e-19)
(1.071630409 0.04546825034 3.059321517e-19)
(1.070931869 0.04283450677 0)
(1.069592395 0.04006588314 -5.630640725e-19)
(1.067850404 0.03686189225 0)
(1.065305632 0.03375436208 -1.478945525e-20)
(1.062454148 0.03020173672 1.404673441e-20)
(1.058625029 0.02707777842 -7.959334916e-19)
(1.054688638 0.02346713037 2.353966107e-20)
(1.04958455 0.02067881563 -1.209317496e-18)
(1.044612853 0.01711771139 5.132272859e-19)
(1.037997889 0.01510816527 1.313976679e-20)
(1.032111537 0.01187919269 -5.735379424e-21)
(1.023625474 0.01126121341 0)
(1.017027655 0.009167791055 -1.594954906e-19)
(1.007024915 0.01083773499 -8.619647493e-22)
(1.000516718 0.01031121965 -1.28559444e-20)
(0.9896468603 0.01476725298 -2.721847356e-19)
(0.983901753 0.01572906065 2.829205467e-19)
(0.9729086102 0.02356664269 1.080525461e-18)
(0.9685618393 0.02506764675 0)
(0.9575268061 0.03761445043 1.481393669e-18)
(0.9560784163 0.03840827024 1.162017223e-18)
(0.945044211 0.05719152414 -3.510509397e-18)
(0.9483910231 0.05466454941 -2.263386097e-18)
(0.9367816647 0.08252494395 -5.805570693e-21)
(0.9484951089 0.07164475216 -5.528773607e-21)
(0.9338968869 0.1129086503 5.340928445e-21)
(0.9602039152 0.08411767577 -8.967756861e-21)
(0.9140699571 0.1473971983 4.366828819e-18)
(0.2156222438 -0.02664592425 -6.949213123e-20)
(0.3170052135 -0.03495255221 -2.340395082e-19)
(0.4059119671 -0.04268262559 2.253305372e-19)
(0.4870086841 -0.04828822384 0)
(0.5662832936 -0.05308849574 1.146519019e-19)
(0.6465487309 -0.05737899399 -2.049802305e-19)
(0.7257308845 -0.06097194905 3.126207012e-20)
(0.7986367508 -0.06347670866 2.228655687e-19)
(0.8603390682 -0.06460029455 -2.009473849e-19)
(0.9089778048 -0.06437363787 1.373430822e-19)
(0.9440194775 -0.06295759777 5.316328918e-22)
(0.9667672308 -0.06064085298 -2.046255088e-19)
(0.9804816233 -0.05765716658 1.200660587e-19)
(0.9885173583 -0.05422921778 -1.130368724e-19)
(0.9933673083 -0.05048846704 7.416464087e-20)
(0.9965613304 -0.0465231862 -6.415870847e-20)
(0.9989445491 -0.0423914392 6.056576513e-20)
(1.000960444 -0.03813988459 -7.75871372e-21)
(1.002840107 -0.03380771533 9.755148648e-20)
(1.004705253 -0.0294291063 -8.382667672e-21)
(1.006620406 -0.02503287888 2.029925863e-21)
(1.008618238 -0.02064316296 3.501074382e-20)
(1.010713485 -0.01627893395 -3.224149329e-20)
(1.01290981 -0.01195522925 3.049951809e-20)
(1.015205189 -0.007683071701 7.717935393e-21)
(1.017595312 -0.003471271918 4.676496377e-20)
(1.020074175 0.0006739415989 -1.689083002e-20)
(1.022635212 0.004746918216 1.598637071e-20)
(1.025264423 0.008742852524 9.536700873e-21)
(1.027942698 0.01265734144 0)
(1.03064785 0.01648337523 -2.287271923e-20)
(1.033362367 0.02021132612 -2.206435618e-20)
(1.036073199 0.02382870282 9.987655643e-21)
(1.038775205 0.02732363458 -1.481330332e-21)
(1.041464381 0.03067587657 1.641632232e-21)
(1.044133898 0.03387772016 0)
(1.046792464 0.03689243907 -4.855453579e-20)
(1.049398994 0.03970674912 0)
(1.051960901 0.0423000679 0)
(1.054443065 0.04465675381 -1.420627978e-19)
(1.056859863 0.04675640527 1.674132701e-19)
(1.059179114 0.0485707482 -9.658739853e-21)
(1.061408512 0.0500902556 -3.539351393e-19)
(1.063549834 0.05123246406 2.005929558e-19)
(1.065499332 0.05196148407 -1.922253576e-19)
(1.067244079 0.05229594284 -1.822591107e-19)
(1.068730605 0.05218965561 3.601678181e-19)
(1.069922326 0.05170959361 2.274746498e-20)
(1.070834555 0.05077577388 -3.723029883e-19)
(1.071353735 0.04947271998 0)
(1.071530099 0.04770366887 -3.298781217e-19)
(1.071194075 0.0456308805 -1.972116965e-20)
(1.070459272 0.04311172782 1.870384984e-20)
(1.069099615 0.04045012783 5.628266182e-19)
(1.067348483 0.03735630388 -5.235482301e-19)
(1.064812964 0.03434503052 0)
(1.061974978 0.03089188997 0)
(1.058178235 0.02784822113 3.79331385e-19)
(1.054272248 0.02431961651 1.323294327e-20)
(1.049211266 0.02159460761 5.982428227e-19)
(1.044287893 0.01811200179 -5.20732047e-19)
(1.037734579 0.01614606764 4.008752207e-19)
(1.031910914 0.01299518184 5.697400906e-21)
(1.023533984 0.01239553782 -2.187262692e-19)
(1.017020469 0.01033869641 1.608449827e-19)
(1.007145529 0.01197714243 5.995792041e-20)
(1.000715742 0.01144007414 2.09230931e-20)
(0.9899656233 0.01582951355 -2.66807583e-19)
(0.9842949098 0.01673900296 -2.8495584e-19)
(0.9733826949 0.02448260657 -5.76694196e-21)
(0.9691283405 0.02592107586 4.833910192e-21)
(0.9581380879 0.0383191333 -1.485046503e-18)
(0.9567899653 0.03904078589 0)
(0.9457412158 0.05761778655 9.53379038e-21)
(0.9492158823 0.05502776623 4.74804791e-21)
(0.9374914075 0.08258505043 2.241535044e-20)
(0.9493629746 0.07170230072 -1.018211255e-20)
(0.9344795973 0.1125081894 0)
(0.9609546306 0.08397085127 -8.891665425e-21)
(0.9148370154 0.1464450856 -4.355211504e-18)
(0.2266677246 -0.02754733367 8.672863839e-19)
(0.328072211 -0.03625425313 -3.437932137e-20)
(0.4182541382 -0.04358989346 -2.132978944e-19)
(0.5002809393 -0.04912500398 -1.551559297e-19)
(0.5803085813 -0.05378552906 1.32639566e-19)
(0.6611070702 -0.05798387274 -3.135765191e-20)
(0.7403891358 -0.06146884101 -2.432707721e-20)
(0.8126556307 -0.06386234913 1.200591564e-19)
(0.8731621916 -0.06489940342 -6.617981829e-20)
(0.9202149955 -0.06463821364 0)
(0.9534998483 -0.06325401339 0)
(0.974740236 -0.06104011434 7.126597667e-20)
(0.9873879052 -0.05822323796 6.693112689e-20)
(0.9947532511 -0.05500098827 -9.219458726e-20)
(0.9991908322 -0.05148476825 -2.676533732e-20)
(1.002105504 -0.04774479766 7.661531875e-22)
(1.004262012 -0.04382680043 9.991562399e-22)
(1.006062786 -0.03976810009 -3.437842808e-21)
(1.007721877 -0.03560167332 -8.694149075e-20)
(1.009356934 -0.0313581373 -1.178672171e-19)
(1.01103392 -0.02706498823 3.657704387e-20)
(1.01278949 -0.0227469354 -3.475905339e-20)
(1.014642277 -0.01842490162 2.725344818e-20)
(1.01659977 -0.01411693283 -2.130155378e-21)
(1.018662726 -0.009837612265 2.428126049e-20)
(1.020828678 -0.005599330425 -1.690127594e-20)
(1.023092939 -0.001412114708 2.230677705e-21)
(1.025448756 0.002715163965 2.321151551e-20)
(1.027881926 0.006774865968 6.720046926e-20)
(1.030371956 0.01075983736 3.687780487e-20)
(1.032895566 0.01466092386 -6.358319229e-21)
(1.03543399 0.01846725486 -5.824367236e-21)
(1.037974385 0.02216536149 -2.321044125e-21)
(1.040510456 0.02574246105 0)
(1.043038886 0.02917876075 -9.073668291e-21)
(1.04555203 0.03246332633 8.593455756e-21)
(1.048053747 0.03556462559 4.837834146e-20)
(1.05051122 0.03846791396 0)
(1.052927583 0.04115109161 0)
(1.055271863 0.04359697074 7.270829934e-20)
(1.05755169 0.04578443159 -1.778733026e-19)
(1.059738881 0.04768621392 4.206552712e-20)
(1.061834779 0.04928811621 -2.540122161e-21)
(1.063835991 0.05052256988 -1.997326021e-19)
(1.065658531 0.05135393 -2.655243448e-21)
(1.067284557 0.05179350633 -2.026214878e-21)
(1.068665522 0.05179740732 0)
(1.069760396 0.05142457388 -3.599552687e-19)
(1.070581827 0.05060268587 -3.746127052e-19)
(1.071024638 0.04941150902 -4.429286223e-22)
(1.071134748 0.04775855341 2.040928314e-20)
(1.070749159 0.04579981683 -3.142284045e-19)
(1.069974463 0.0433972273 -1.855257531e-20)
(1.068591711 0.04084421112 5.935689971e-19)
(1.06682796 0.03786268374 5.229124568e-19)
(1.064300675 0.03494953227 -1.521830298e-20)
(1.061474523 0.0315982456 4.226316543e-19)
(1.057710358 0.02863671552 7.743039367e-22)
(1.053834929 0.02519284859 3.499265226e-19)
(1.04881907 0.02253249216 1.870546502e-20)
(1.043944417 0.01913110765 -1.07500923e-21)
(1.03745771 0.01720961762 -4.138810583e-19)
(1.031697446 0.01413880863 0)
(1.023435589 0.01355762509 4.302244716e-19)
(1.017007292 0.01153975809 0)
(1.007268065 0.01314611088 0)
(1.000917756 0.01259985706 -9.578064296e-21)
(0.9902959931 0.01692063559 2.667211629e-19)
(0.9847007455 0.01777798636 2.813989604e-19)
(0.9738777473 0.02542385433 -1.055464813e-18)
(0.969716213 0.02679917227 -8.591236442e-21)
(0.9587783338 0.03904311036 4.582457013e-21)
(0.9575297912 0.03969220079 1.139071974e-20)
(0.9464731673 0.05805513602 -5.580982476e-21)
(0.9500730612 0.05540301669 3.473071548e-20)
(0.9382390835 0.08264595068 -2.218012359e-20)
(0.9502621662 0.0717657503 8.197547456e-19)
(0.9351005054 0.1120971182 -1.048117148e-20)
(0.961727657 0.08382656075 -8.807945045e-21)
(0.9156596853 0.1454719613 8.818242208e-21)
(0.2374625999 -0.02808595783 6.969230475e-19)
(0.3403054406 -0.03779221649 -4.225287323e-19)
(0.4317775237 -0.04467246724 2.13971102e-20)
(0.5145843305 -0.05017650635 0)
(0.5952765105 -0.05474305492 -2.51775007e-20)
(0.6765460852 -0.05888007699 -2.182252646e-19)
(0.7558105085 -0.06227356515 1.783673326e-19)
(0.8272464163 -0.06455282114 -1.582986769e-19)
(0.8863456806 -0.06548589291 1.083558518e-19)
(0.9316099399 -0.06515970846 -3.066373516e-20)
(0.9629951163 -0.06376880428 0)
(0.9826699134 -0.06160957836 -3.254068429e-20)
(0.9942488155 -0.05890603073 0)
(1.000965434 -0.05583465474 2.878695814e-20)
(1.0050187 -0.05249135493 0)
(1.007683516 -0.0489320462 0)
(1.009643715 -0.04519225933 3.825471092e-20)
(1.011260198 -0.0413010039 0)
(1.012728915 -0.03728483507 3.954370236e-20)
(1.014161775 -0.03316980095 6.527231686e-20)
(1.015624918 -0.02898048796 0)
(1.017157776 -0.02474043448 0)
(1.018782629 -0.02047075711 4.106925313e-20)
(1.020510666 -0.0161908961 -3.813042799e-20)
(1.022345784 -0.01191761142 6.085695375e-21)
(1.024288066 -0.00766588567 1.722338542e-21)
(1.026334704 -0.003448831327 -2.506147658e-20)
(1.028479631 0.0007218661924 -2.087677983e-20)
(1.0307088 0.00483592363 -3.131380497e-20)
(1.033000912 0.0088836035 -2.153947561e-20)
(1.035332138 0.0128536473 1.469401421e-20)
(1.037683125 0.01673366302 -2.127270732e-21)
(1.040041393 0.02050903624 0)
(1.042400077 0.02416576234 -8.385752536e-21)
(1.044756019 0.02768425219 -3.546173094e-20)
(1.047101258 0.03105106131 0)
(1.049435974 0.03423822622 0)
(1.05173349 0.03722955908 -6.934330224e-20)
(1.053993262 0.04000204151 -1.948703865e-20)
(1.05618818 0.04253716759 1.845634863e-20)
(1.058320423 0.04481300745 2.186712151e-20)
(1.060364891 0.04680319047 -1.97664377e-19)
(1.062318046 0.04848985897 1.770089716e-19)
(1.064172363 0.04981738064 0)
(1.065859847 0.05075067248 3.694647963e-19)
(1.06735896 0.05129533224 1.600109969e-19)
(1.068625927 0.05140974004 2.237200482e-20)
(1.069616923 0.05114506481 3.365639551e-19)
(1.07034153 0.05043579914 3.513417107e-19)
(1.070702135 0.04935703666 4.262638768e-20)
(1.070739956 0.04782112471 2.194271831e-22)
(1.07029995 0.04597743689 3.140392024e-19)
(1.069481529 0.04369272102 -1.860297729e-20)
(1.068072718 0.04124940706 -1.097232871e-18)
(1.066292885 0.03838162178 -1.638905019e-20)
(1.063772279 0.03556796127 -4.884025093e-19)
(1.060956119 0.03232048613 1.143239596e-20)
(1.057224434 0.02944249337 3.850582969e-19)
(1.053379357 0.02608576799 -1.025669063e-20)
(1.048410495 0.02349118369 9.76163853e-21)
(1.043584637 0.02017329351 -5.101674538e-19)
(1.037169113 0.01829692937 0)
(1.031472794 0.01530769334 -3.322168021e-19)
(1.023331197 0.01474489117 -1.197054188e-21)
(1.016988639 0.01276809263 1.57660785e-19)
(1.007392175 0.01434181244 -3.279004141e-20)
(1.001122109 0.01378777728 -1.069439542e-21)
(0.9906366199 0.0180379161 -2.574295592e-19)
(0.985117561 0.01884364097 -5.522734891e-19)
(0.9743918016 0.0263880623 5.246816026e-19)
(0.9703228766 0.02769991694 -4.541433884e-19)
(0.9594449164 0.03978455857 1.242717497e-21)
(0.9582945639 0.04036107431 -9.755305605e-21)
(0.9472370217 0.05850232584 3.421188257e-18)
(0.9509584992 0.05578959637 2.169447038e-18)
(0.9390215322 0.08270727182 -1.831038735e-18)
(0.9511881234 0.07183539961 -9.632778184e-21)
(0.9357572104 0.111676348 -8.450409342e-21)
(0.9625189401 0.08368546008 7.746280722e-21)
(0.916534796 0.1444804989 4.236777326e-18)
(0.2477013695 -0.0283866021 5.420907643e-19)
(0.3537775171 -0.03937266356 0)
(0.4463024265 -0.0458643307 0)
(0.5297410579 -0.05134883651 0)
(0.6110449506 -0.0558731407 -1.516666444e-19)
(0.6927524342 -0.05997298867 3.33890539e-19)
(0.7718909447 -0.06329062997 -1.201841453e-19)
(0.8423188177 -0.06545736533 -1.268755843e-19)
(0.8998164701 -0.06627833064 1.196761474e-19)
(0.943110954 -0.06586954849 1.386649998e-19)
(0.9724864012 -0.06444868367 -1.016460662e-19)
(0.9905669563 -0.06231217658 0)
(1.001091289 -0.05968347418 1.08826955e-19)
(1.007183875 -0.05672083818 -8.41035865e-20)
(1.010875545 -0.05350818115 7.756850786e-20)
(1.013310838 -0.0500905301 -7.326016465e-20)
(1.015095091 -0.04649546538 -3.794069559e-20)
(1.016548987 -0.04274523213 0)
(1.017850112 -0.03886053583 2.462429551e-20)
(1.0191035 -0.03486270699 -2.905495995e-20)
(1.020374032 -0.03077275598 0)
(1.021702737 -0.02661190663 2.163299676e-20)
(1.023114643 -0.02240024705 -1.08111329e-19)
(1.024624175 -0.0181572315 2.568092378e-20)
(1.026238346 -0.01390053406 5.354154589e-20)
(1.027960002 -0.009646799666 -1.673392681e-20)
(1.029788654 -0.005411265931 1.788486221e-20)
(1.031719457 -0.001207935216 -8.558296538e-21)
(1.033738872 0.002950689609 0)
(1.035825323 0.007052538097 0)
(1.037954932 0.01108438223 0)
(1.040108433 0.01503216107 0)
(1.04227393 0.01888001106 0)
(1.044444509 0.02261255524 -1.108145143e-20)
(1.046616902 0.02621015611 4.016339245e-20)
(1.048783223 0.02965735323 9.050007221e-20)
(1.050940863 0.03292849543 -1.494166617e-20)
(1.053067684 0.03600601112 6.910972591e-20)
(1.055160144 0.03886630751 2.068648294e-20)
(1.057194507 0.04148973912 6.572478615e-20)
(1.059168728 0.04385357231 -8.880778594e-20)
(1.061060085 0.04593218071 3.593505646e-19)
(1.062861391 0.04770491879 0)
(1.064561915 0.04912551277 1.885003974e-19)
(1.066106416 0.05015967078 -1.858008358e-19)
(1.067470739 0.0508086095 1.878223814e-19)
(1.068615565 0.05103293606 0)
(1.06949568 0.05087651712 -2.295584325e-20)
(1.070117371 0.05027983944 -3.544947164e-19)
(1.070389959 0.04931334286 2.114016377e-20)
(1.070349801 0.04789465295 3.286820354e-19)
(1.069850528 0.04616629379 -1.95491826e-20)
(1.068984279 0.04400009398 1.854842592e-20)
(1.067546353 0.04166699536 5.730542708e-19)
(1.0657471 0.03891375795 4.992813335e-19)
(1.063231103 0.03620046276 9.44851201e-19)
(1.060423 0.03305823842 -4.332247359e-19)
(1.056723408 0.03026483348 -7.559696195e-19)
(1.052908085 0.02699730792 -1.107662336e-20)
(1.04798797 0.02446931916 -5.832998975e-19)
(1.043210746 0.02123680283 1.125792531e-20)
(1.036870478 0.01940607422 -1.076892557e-21)
(1.031238572 0.01649942873 3.266069252e-19)
(1.023221609 0.01595476451 -2.161953331e-19)
(1.016965045 0.01402080696 -1.533083583e-19)
(1.00751747 0.0155614243 6.359499482e-20)
(1.001328212 0.01500100838 0)
(0.9909861731 0.01917865636 5.114120663e-21)
(0.9855437465 0.01993355197 2.740735562e-19)
(0.9749228891 0.02737290635 -5.101997945e-19)
(0.9709458651 0.02862127429 4.725205746e-19)
(0.9601352416 0.04054166342 -8.936661972e-21)
(0.9590811078 0.04104595776 0)
(0.9480297473 0.05895816102 -1.693908354e-18)
(0.9518683234 0.05618678591 -1.356389518e-20)
(0.9398356034 0.0827687026 9.226027041e-21)
(0.9521365635 0.07191147336 -7.77126016e-19)
(0.9364472597 0.1112468588 1.902036159e-18)
(0.9633247714 0.08354815458 -7.664012083e-21)
(0.9174590149 0.1434732955 -4.229155345e-18)
(0.2574509767 -0.0296335029 -4.037859976e-19)
(0.3682763693 -0.040756661 -2.347185758e-19)
(0.4615440226 -0.04709284904 -1.235781849e-21)
(0.54556124 -0.05257522176 1.49441754e-19)
(0.6274822427 -0.05710515933 1.371031973e-20)
(0.7096143793 -0.06118604915 1.166848815e-19)
(0.7885189076 -0.06443891523 -1.045246597e-19)
(0.8577714512 -0.06649560344 0)
(0.9134896899 -0.06720092242 2.192087063e-20)
(0.9546565934 -0.06669969706 0)
(0.981948196 -0.06523599417 7.627574673e-20)
(0.9984368945 -0.06310243775 -5.683547402e-20)
(1.00793793 -0.0605223347 -8.627110815e-20)
(1.01343585 -0.05763777449 6.298503104e-20)
(1.016785864 -0.05452305715 -6.987418071e-20)
(1.019005568 -0.05121517396 5.451721115e-20)
(1.020626503 -0.04773570178 0)
(1.02193175 -0.04410176079 -4.462628325e-20)
(1.023081118 -0.04032914729 1.777314947e-20)
(1.024172135 -0.0364349402 0)
(1.025267307 -0.03243645079 0)
(1.026407999 -0.02835216802 1.736566416e-20)
(1.027621054 -0.0242002911 3.009138755e-20)
(1.028923314 -0.01999940132 -2.552531285e-20)
(1.030324613 -0.01576707317 0)
(1.031830432 -0.01152065328 0)
(1.033442788 -0.007276746976 1.254228277e-20)
(1.035158319 -0.003050890617 5.24960262e-21)
(1.036964244 0.00114264303 -3.42716558e-21)
(1.038839158 0.005289806855 3.11492211e-21)
(1.040759569 0.009375602532 -2.951801611e-21)
(1.042706938 0.01338429332 0)
(1.044670178 0.01729873856 -3.531385283e-20)
(1.046642794 0.02110217054 3.907309681e-20)
(1.048621359 0.02477467752 0)
(1.05059834 0.02829911064 -6.164326691e-20)
(1.052569064 0.03165120024 7.708153486e-20)
(1.054514764 0.03481205736 0)
(1.05642956 0.03775769878 8.656667492e-20)
(1.058292599 0.040467478 -6.220418261e-20)
(1.060098635 0.04291792927 9.045242495e-20)
(1.061826833 0.04508399575 -1.552562588e-20)
(1.063467361 0.04694297565 0)
(1.06500713 0.04845577053 -1.880964793e-19)
(1.066400907 0.04958904527 1.919007481e-19)
(1.067622871 0.05034068977 -1.63443495e-19)
(1.068637733 0.05067344597 1.405473732e-19)
(1.069400034 0.05062445928 -3.429482588e-19)
(1.069912788 0.05013954464 2.088246068e-20)
(1.070091639 0.04928455749 -2.117760728e-20)
(1.069968028 0.04798253246 -3.255888459e-23)
(1.06940466 0.04636896063 0)
(1.068486407 0.04432119282 0)
(1.067016213 0.04209832064 5.510610679e-19)
(1.065194214 0.03945980932 -5.153794157e-19)
(1.062680452 0.0368472344 -4.710267706e-19)
(1.059878292 0.03381121809 0)
(1.056210108 0.03110300946 3.825585008e-19)
(1.052423675 0.02792637261 0)
(1.047553821 0.02546557642 5.832115895e-19)
(1.042824868 0.02231985021 1.138209854e-20)
(1.03656344 0.0205351023 3.882819198e-19)
(1.030996298 0.01771163225 4.314369562e-21)
(1.023107612 0.01718471332 2.066782566e-19)
(1.016937035 0.01529506533 0)
(1.007643581 0.016802169 -3.176915392e-20)
(1.001535523 0.0162367694 -4.389070404e-21)
(0.9913433221 0.02034019009 -6.780335151e-22)
(0.9859777503 0.02104532203 -2.212879808e-21)
(0.9754690589 0.02837609939 5.156778814e-19)
(0.9715828074 0.02956122282 -4.504750636e-19)
(0.9608467197 0.04131265418 0)
(0.9598863755 0.04174540453 0)
(0.9488483623 0.05942148678 1.652055421e-18)
(0.9527988816 0.05659385589 -1.084384881e-18)
(0.9406782035 0.08282999073 1.828499984e-18)
(0.9531035104 0.07199414189 0)
(0.9371681531 0.1108096565 -1.891015909e-18)
(0.9641418318 0.08341514375 -3.324147235e-19)
(0.9184289644 0.1424528514 6.085663167e-21)
(0.2687451893 -0.0304790833 2.424801578e-19)
(0.3826706524 -0.04175628419 -1.660491826e-19)
(0.4771415468 -0.04828008982 1.127276285e-19)
(0.5618777127 -0.05380979471 -9.702730647e-20)
(0.6444760143 -0.05838046245 -1.336301734e-20)
(0.727026589 -0.06245510469 0)
(0.8055810822 -0.06564896695 -6.534713581e-21)
(0.8734990163 -0.06759674469 0)
(0.9272756663 -0.06818510443 -6.200569464e-20)
(0.9661817233 -0.06758622792 5.462144122e-20)
(0.9913522237 -0.06607365186 9.629516037e-21)
(1.006281102 -0.06393212128 3.254511926e-20)
(1.014805734 -0.06138370641 -4.479370117e-20)
(1.019743164 -0.0585560435 0)
(1.022770371 -0.05551520368 4.936436759e-21)
(1.024784442 -0.05229239031 0)
(1.026249337 -0.04890469339 4.334154313e-20)
(1.027414009 -0.04536558306 -4.039623449e-20)
(1.028421704 -0.04168696907 2.523177643e-20)
(1.02936231 -0.03788241519 -2.388288999e-20)
(1.03029516 -0.03396584083 1.886057984e-20)
(1.031260991 -0.02995295251 -1.786026123e-20)
(1.032287412 -0.02585975177 -2.069926467e-20)
(1.033392985 -0.02170333833 1.179662247e-20)
(1.034589656 -0.01750048766 0)
(1.035885417 -0.01326862537 2.722084533e-21)
(1.037284546 -0.009024821981 -8.14382225e-21)
(1.038785244 -0.00478548873 4.735020735e-21)
(1.040375665 -0.0005661767519 0)
(1.042034855 0.003617511201 -8.204560276e-21)
(1.043740115 0.007749049732 3.102684686e-20)
(1.045474114 0.01181115422 0)
(1.047226884 0.01578546469 3.968325119e-20)
(1.048992647 0.01965389235 -4.825077402e-20)
(1.050768012 0.02339607462 0)
(1.052545916 0.02699341846 8.064183872e-20)
(1.054320293 0.03042234343 -7.681797564e-20)
(1.056074872 0.0336627353 8.930254368e-20)
(1.05780209 0.03669028891 6.225712011e-21)
(1.05948349 0.03948346167 9.502346907e-20)
(1.061111535 0.04201814381 0)
(1.062666895 0.04426968885 7.227871742e-21)
(1.064137949 0.04621392447 1.969221782e-19)
(1.065509956 0.04781713875 0)
(1.066745485 0.04904704377 -1.915366026e-19)
(1.067817818 0.04989901993 -2.430020673e-20)
(1.068695267 0.05033783477 4.881182595e-20)
(1.069332936 0.05039459773 3.654377393e-19)
(1.069730773 0.05001983305 3.326160524e-19)
(1.069810234 0.04927485488 3.427100633e-19)
(1.069598007 0.0480881597 -3.075607473e-19)
(1.068965792 0.04658814453 2.918486228e-19)
(1.067991249 0.04465801799 -1.82488193e-20)
(1.066485509 0.04254474444 -5.334621283e-19)
(1.064637555 0.04002054017 -5.097918273e-19)
(1.062123369 0.03750853486 0)
(1.05932495 0.03457912155 0)
(1.05568724 0.03195637227 3.659751333e-19)
(1.051928521 0.02887190377 1.092170973e-20)
(1.047110233 0.02647860006 1.723891726e-20)
(1.042429052 0.02342068686 4.854075263e-19)
(1.036249491 0.02168207894 8.403632353e-21)
(1.030747394 0.01894195926 -3.338644783e-19)
(1.022989891 0.01843227739 -7.011443276e-21)
(1.016905128 0.01658809702 -1.499871973e-19)
(1.007770121 0.01806133942 2.865778626e-21)
(1.001743549 0.01749231643 7.951366188e-21)
(0.9917067943 0.02151992442 2.496311281e-19)
(0.9864181372 0.02217656601 2.189407413e-21)
(0.9760283995 0.02939540785 -5.797182684e-21)
(0.9722314866 0.03051778116 6.579529078e-21)
(0.9615768567 0.04209580824 6.862229372e-19)
(0.9607075197 0.04245800027 -1.071758102e-18)
(0.9496899662 0.05989122123 -1.649919156e-18)
(0.9537467541 0.05701008967 1.042737987e-18)
(0.9415463259 0.08289093678 -1.771993501e-18)
(0.9540853026 0.07208351427 1.033006371e-20)
(0.9379174244 0.1103657605 -9.985135503e-21)
(0.9649671449 0.08328689343 3.319488325e-19)
(0.9194412495 0.141421495 4.067683019e-18)
(0.2793370654 -0.03122221194 1.274082974e-19)
(0.3979020511 -0.04280464604 -7.0160599e-20)
(0.4931394086 -0.04945944068 -4.980414205e-20)
(0.5786007673 -0.05502750266 3.228795605e-22)
(0.6619315708 -0.05964946823 4.050161145e-20)
(0.7448884327 -0.06372450671 0)
(0.8229636567 -0.06686125367 8.465716797e-21)
(0.8893961274 -0.06869904774 0)
(0.9410842269 -0.06917065058 -3.436305813e-20)
(0.9776220187 -0.06847190634 2.708237814e-20)
(1.000670778 -0.06690872038 -9.551441313e-21)
(1.014098302 -0.06475452928 2.326136064e-20)
(1.021706206 -0.0622275843 -2.195513642e-20)
(1.026121254 -0.05944289892 -2.344168733e-21)
(1.028844293 -0.05645895335 2.487851873e-20)
(1.030660533 -0.05330289169 -3.275534365e-20)
(1.031973399 -0.04998841135 -1.069631852e-20)
(1.033001609 -0.04652652881 2.377905478e-20)
(1.033873427 -0.0429261943 0)
(1.034671366 -0.03919825712 0)
(1.035451143 -0.03535374057 0)
(1.036252138 -0.03140583441 0)
(1.037101944 -0.02736829064 5.2198462e-21)
(1.038020014 -0.02325649585 0)
(1.03901989 -0.01908608825 -9.352802928e-21)
(1.040111579 -0.01487400377 -5.062581679e-21)
(1.041301242 -0.01063706084 7.334509454e-21)
(1.042588683 -0.006392054832 -1.166260812e-20)
(1.043962913 -0.0021553188 0)
(1.04540364 0.002056452145 1.650367255e-20)
(1.046889262 0.006225485213 -1.037077221e-20)
(1.04840401 0.01033315286 0)
(1.049939331 0.01436001159 -4.960612089e-20)
(1.0514904 0.01828678325 5.206012047e-20)
(1.053054115 0.02209253477 2.209143349e-20)
(1.054623973 0.0257574261 -6.011466909e-20)
(1.056193099 0.02925806961 0)
(1.057747081 0.03257323346 -1.857570605e-19)
(1.059277317 0.03567829786 -1.819741248e-20)
(1.060767295 0.03855091354 -4.607105435e-20)
(1.062207984 0.04116642014 7.733593675e-20)
(1.06358126 0.04350043288 -1.95463972e-19)
(1.064874443 0.04552777002 -3.736399108e-19)
(1.066071723 0.04721867668 -4.959686444e-20)
(1.067141735 0.04854195239 -1.746086143e-19)
(1.068057471 0.04949107993 0)
(1.068790426 0.05003272098 -1.883851721e-19)
(1.069296835 0.05019264413 0)
(1.06957394 0.04992558598 0)
(1.069548511 0.04928842864 -3.423762266e-19)
(1.069242694 0.0482149853 3.279681623e-19)
(1.068536978 0.04682654291 -6.411479463e-19)
(1.067501921 0.04501253047 1.838829738e-20)
(1.065957289 0.04300767791 -1.691474395e-20)
(1.064080162 0.04059677906 5.100831979e-19)
(1.061562785 0.03818468416 5.842523994e-22)
(1.058765771 0.03536174943 3.912712593e-20)
(1.055157331 0.0328243011 -4.188166514e-21)
(1.051424992 0.02983285451 3.125270201e-19)
(1.046659262 0.02750710665 0)
(1.042025231 0.02453758864 0)
(1.035930057 0.02284510439 -3.919234475e-19)
(1.030493168 0.0201881452 3.228570884e-19)
(1.022869106 0.01969508967 -2.152663696e-19)
(1.016869809 0.01789725033 1.579839443e-19)
(1.007896739 0.01933633339 -3.537927714e-20)
(1.001951833 0.01876501229 2.980207412e-21)
(0.9920753461 0.0227153516 0)
(0.9868635453 0.02332497715 2.619180124e-19)
(0.9765990493 0.0304286859 -1.313532116e-20)
(0.972889806 0.03148902659 4.500951897e-19)
(0.9623232131 0.04288948233 -6.854506017e-19)
(0.9615418512 0.04318237176 1.081104517e-18)
(0.9505517681 0.06036634079 1.593680767e-18)
(0.9547087754 0.05743478437 -1.503104847e-20)
(0.9424370919 0.0829513886 1.287268047e-20)
(0.9550786078 0.07217965956 7.410394768e-19)
(0.9386926443 0.1099161635 1.823580649e-18)
(0.9657980987 0.08316377677 7.392058085e-21)
(0.9204925658 0.1403813852 -6.335900238e-20)
(0.2914151932 -0.03261306981 0)
(0.412830679 -0.04393468125 -1.312308697e-20)
(0.509263829 -0.05063112165 1.62066136e-20)
(0.5956275213 -0.05621705283 -3.955478941e-22)
(0.6797620123 -0.06088263929 -3.78596059e-21)
(0.7631071367 -0.06495582251 4.944020029e-21)
(0.8405581222 -0.06803174905 -3.981708181e-21)
(0.9053630742 -0.06975287125 -1.091219452e-21)
(0.9548293569 -0.07010869862 1.014760364e-21)
(0.9889184263 -0.06930945407 -1.857134536e-21)
(1.009880166 -0.06769542284 -4.532114587e-21)
(1.02188659 -0.06552775195 -2.608909272e-22)
(1.028646515 -0.06301632849 4.367134042e-21)
(1.032579726 -0.06026568987 5.431975286e-21)
(1.035017232 -0.05732694738 -2.346028487e-21)
(1.036642455 -0.05422442118 -6.848521443e-22)
(1.037805581 -0.0509691697 8.71334487e-21)
(1.038699053 -0.04757065123 1.704340883e-21)
(1.0394379 -0.04403559824 1.538336916e-20)
(1.040097771 -0.04037288527 -4.724188427e-21)
(1.040730622 -0.03659116816 5.805716106e-21)
(1.041374021 -0.03270153483 -8.325725571e-21)
(1.042054935 -0.02871564113 -1.301854304e-20)
(1.042793089 -0.02464718602 1.987416152e-20)
(1.043603053 -0.02051052691 -3.87873503e-21)
(1.044496251 -0.0163216347 4.824457132e-21)
(1.045480464 -0.01209674946 -4.550328542e-20)
(1.04655685 -0.007852644767 3.04020509e-20)
(1.047715169 -0.003605897788 2.193163172e-21)
(1.048935832 0.0006260504906 -4.655537494e-20)
(1.05019856 0.004824520581 -2.016634618e-20)
(1.051489434 0.0089697892 -4.726504975e-20)
(1.05280149 0.01304151757 2.022490133e-20)
(1.054131105 0.01701939826 0)
(1.055475667 0.0208818886 6.254727657e-21)
(1.056829363 0.02460805689 -2.49334645e-20)
(1.058184955 0.0281743985 2.363799504e-20)
(1.059529509 0.03155866517 1.224169495e-19)
(1.060853902 0.03473591289 -2.549223005e-19)
(1.062143281 0.03768306128 2.492967174e-20)
(1.063387714 0.04037498503 -1.009691945e-19)
(1.064570167 0.04278743293 2.107596192e-19)
(1.065677407 0.04489457237 4.111514902e-19)
(1.066693134 0.0466694869 0)
(1.067590615 0.04808206593 1.983060604e-19)
(1.068343148 0.04912433338 1.979003774e-19)
(1.068924881 0.04976473367 0)
(1.069293694 0.05002437612 0)
(1.069444367 0.04986177359 3.592228997e-19)
(1.069308739 0.04932946969 3.440104444e-19)
(1.068904595 0.04836643828 -3.481711255e-19)
(1.068120888 0.04708692763 3.298947145e-19)
(1.067021113 0.04538680563 0)
(1.065434167 0.04348855497 0)
(1.063524757 0.04118939277 -4.730047555e-19)
(1.061001311 0.03887605263 -2.943511262e-20)
(1.058203338 0.03615890809 -4.188998231e-19)
(1.05462272 0.03370626928 -3.746830253e-19)
(1.050915295 0.03080824108 -3.341567009e-19)
(1.046202786 0.02854982272 0)
(1.041615224 0.02566890876 0)
(1.035606418 0.02402234053 0)
(1.030234826 0.02144800998 0)
(1.022745819 0.02097089468 2.070752571e-19)
(1.016831547 0.01921998968 0)
(1.00802308 0.02062466539 3.536243061e-20)
(1.002159973 0.02005231117 -4.316329774e-21)
(0.9924478094 0.02392408919 2.255123867e-19)
(0.9873127299 0.02448830732 -5.029787533e-19)
(0.9771792258 0.03147387932 0)
(0.9735558367 0.03247312217 0)
(0.9630834848 0.04369211105 -9.569975413e-21)
(0.9623868983 0.04391721005 9.06143711e-21)
(0.9514311163 0.06084590522 -1.612214638e-18)
(0.9556820372 0.0578672726 -1.014854367e-18)
(0.9433477726 0.08301123399 1.733825494e-18)
(0.9560804183 0.07228260255 -7.313642344e-19)
(0.9394914911 0.1094618267 -1.819051398e-18)
(0.9666323954 0.08304615055 1.63288982e-19)
(0.9215797205 0.1393344492 -4.000348063e-18)
(0.3033644998 -0.03335267167 -1.539922611e-19)
(0.4281826709 -0.04502128064 3.093320522e-21)
(0.5256667625 -0.05174772787 3.809638746e-21)
(0.6129233128 -0.05736152433 -5.591249019e-20)
(0.6979003533 -0.06206405188 4.759021931e-20)
(0.781604293 -0.06612636434 3.872833112e-20)
(0.8582657143 -0.0691265396 -3.755116564e-20)
(0.9213144037 -0.07072239856 6.268927253e-21)
(0.9684375192 -0.07095865057 0)
(1.000022663 -0.07006249973 1.84281179e-21)
(1.018964404 -0.06839644503 3.482800708e-21)
(1.029645925 -0.06621595256 0)
(1.035631379 -0.06371647517 -3.186179549e-21)
(1.039123818 -0.06099397315 -3.083321159e-21)
(1.041294083 -0.05809233542 -2.26468805e-20)
(1.042734639 -0.05503387372 2.140566188e-20)
(1.043749544 -0.05182748122 -5.93026674e-21)
(1.044508743 -0.04848168393 -5.979326641e-21)
(1.045115742 -0.04500153008 -6.091203178e-21)
(1.045639979 -0.0413945287 -6.264191426e-21)
(1.046129703 -0.03766744966 0)
(1.046620444 -0.03382973244 0)
(1.047138126 -0.02989118118 3.498119694e-20)
(1.047702286 -0.02586400048 -4.074746738e-20)
(1.048327986 -0.02176114496 1.999093659e-20)
(1.049027611 -0.0175975436 4.237859386e-20)
(1.04981024 -0.01338863649 -4.937881828e-21)
(1.050678035 -0.009150804659 2.145421034e-20)
(1.051621287 -0.004900549743 0)
(1.052621122 -0.0006556605503 -2.85774231e-20)
(1.053658684 0.003564535242 -2.325990557e-20)
(1.054722112 0.007739528105 4.487515329e-20)
(1.055806163 0.01184828845 0)
(1.056908571 0.01586964893 5.545923153e-20)
(1.058027416 0.01978148172 -4.936960268e-20)
(1.059157692 0.02356190467 1.398730689e-19)
(1.060292147 0.02718712098 -1.665174451e-19)
(1.061419143 0.03063397402 2.630324691e-20)
(1.062529442 0.03387718776 -7.246748533e-21)
(1.063609688 0.03689302504 2.782274463e-20)
(1.064649518 0.03965597472 -2.638087302e-20)
(1.065632945 0.04214181545 -4.290904908e-19)
(1.066546595 0.04432433416 6.969536923e-21)
(1.067374146 0.04617860919 -2.112968548e-19)
(1.068092432 0.04767558822 2.064851001e-19)
(1.068675491 0.04880616087 -2.227933238e-19)
(1.06909969 0.04954043365 2.389914376e-20)
(1.069324871 0.04989549135 -2.114625636e-19)
(1.069343695 0.04983326748 -2.913517026e-19)
(1.069092774 0.04940212023 -3.865648536e-19)
(1.068585786 0.04854593304 0)
(1.067719743 0.04737202443 -3.096760372e-19)
(1.066551234 0.04578286981 0)
(1.064918534 0.04398883475 -3.348498042e-20)
(1.062973762 0.04179928562 3.448309021e-20)
(1.060441374 0.03958306595 -4.569835462e-19)
(1.057640021 0.03697051477 2.954068703e-21)
(1.054085559 0.03460178822 3.692167767e-19)
(1.050401539 0.0317971229 0)
(1.045742556 0.02960557525 0)
(1.041200707 0.02681306001 0)
(1.035279779 0.02521202603 -1.118896939e-20)
(1.029973447 0.02271949401 1.065240901e-20)
(1.02262056 0.0222575663 -2.07015248e-19)
(1.016790758 0.02055393858 -1.519191626e-19)
(1.008148831 0.02192399564 2.860010572e-21)
(1.002367589 0.02135181759 1.33698934e-21)
(0.9928230671 0.02514387577 -2.292377377e-19)
(0.9877645299 0.02566443277 5.015370271e-21)
(0.9777672213 0.03252905673 -7.175297599e-21)
(0.9742277832 0.03346832119 6.815527717e-21)
(0.963855464 0.04450223107 -9.407881126e-21)
(0.9632403649 0.04466127596 8.907183273e-21)
(0.9523255137 0.06132904151 1.552376959e-18)
(0.9566638965 0.05830692009 9.922254981e-19)
(0.9442758202 0.08307039516 1.69265811e-18)
(0.957088051 0.07239234526 -7.077371064e-19)
(0.9403117503 0.109003644 -2.524694046e-20)
(0.9674680569 0.08293429322 -1.486704294e-19)
(0.9226997192 0.1382824066 0)
(0.315727227 -0.03404851093 0)
(0.4435935805 -0.04598339857 -1.64161324e-19)
(0.5422383879 -0.0527878257 1.193570933e-19)
(0.6304367188 -0.05843951958 1.02989672e-19)
(0.7162986599 -0.06317498717 -7.684907352e-20)
(0.8003163081 -0.06721438939 0)
(0.8760313884 -0.07011641464 7.249472154e-20)
(0.9371701496 -0.07157783681 -8.334945751e-20)
(0.9818289071 -0.0716865231 6.150449977e-20)
(1.010900643 -0.07069881558 -1.155580051e-19)
(1.027916795 -0.06898047032 1.085904818e-19)
(1.037379324 -0.06678803259 -5.115916905e-20)
(1.042664411 -0.06429835263 0)
(1.045755769 -0.06159993388 -3.134534501e-20)
(1.047676165 -0.05872972456 4.297330782e-20)
(1.04893806 -0.05570853097 -4.097663729e-20)
(1.049805981 -0.05254336143 3.876018127e-20)
(1.050430807 -0.04924223963 0)
(1.050906093 -0.0458088744 0)
(1.05129574 -0.04224989701 2.084730226e-20)
(1.051644466 -0.03857057482 3.36602247e-20)
(1.051985703 -0.03477911353 -1.259491612e-20)
(1.052344072 -0.03088375982 0)
(1.052738609 -0.02689542217 0)
(1.053184444 -0.02282574981 -3.103771876e-20)
(1.053694624 -0.01868861204 6.919036909e-20)
(1.054279081 -0.01449856144 -6.30214773e-20)
(1.054940687 -0.01027137806 0)
(1.055670001 -0.006023215673 6.320293849e-20)
(1.056448753 -0.001771971914 8.922757484e-20)
(1.057259621 0.002462692834 3.028248482e-20)
(1.058092882 0.006659738899 4.888707219e-21)
(1.058945126 0.01079766874 6.184238675e-20)
(1.059815503 0.01485463148 -2.650016697e-20)
(1.060702976 0.01880796906 3.215839626e-20)
(1.061603423 0.02263500798 -8.327783322e-20)
(1.062509893 0.02631157492 1.123386251e-19)
(1.063411925 0.02981372822 0)
(1.064300558 0.03311586415 2.317465002e-19)
(1.065163799 0.036193666 -2.923112874e-20)
(1.06599129 0.0390213082 -1.090054662e-21)
(1.06676806 0.0415745265 2.456513261e-19)
(1.067480955 0.04382692986 -1.872307831e-19)
(1.068113985 0.04575497124 1.575086578e-19)
(1.068646812 0.04733060107 -3.912418514e-19)
(1.069054487 0.04854381966 0)
(1.069315286 0.04936628023 0)
(1.069391153 0.04981164152 3.772968273e-19)
(1.069273004 0.04984492219 -4.535649012e-20)
(1.068901939 0.04951047272 -1.385204267e-22)
(1.068287867 0.04875682897 -2.873354012e-19)
(1.067335333 0.04768457518 2.710355033e-19)
(1.066094236 0.04620280589 5.92354052e-22)
(1.064412354 0.04450999326 -2.686333733e-19)
(1.062429252 0.04242738849 5.020440561e-19)
(1.059885045 0.04030618615 3.955335991e-21)
(1.05707794 0.03779650239 2.944975898e-20)
(1.053547803 0.03551046082 -3.468972006e-19)
(1.049885607 0.03279864645 -3.469926342e-19)
(1.04528015 0.03067322928 0)
(1.040783222 0.02796856123 -1.380017931e-20)
(1.034951187 0.0264124973 -3.658356551e-19)
(1.029710005 0.02400065381 3.100626348e-19)
(1.02249376 0.02355311439 0)
(1.016747834 0.02189686842 2.966381565e-19)
(1.008273678 0.02323212997 3.894516258e-20)
(1.002574343 0.0226612663 1.108139704e-21)
(0.9932000947 0.02637260764 -2.163206519e-19)
(0.9882179055 0.02685132049 4.85857662e-19)
(0.9783614338 0.03359240273 4.565020694e-19)
(0.9749040267 0.034472994 4.048068903e-19)
(0.9646371159 0.0453184741 8.105393066e-21)
(0.964100183 0.04541341496 1.014394212e-20)
(0.9532326409 0.06181496255 -1.549795005e-18)
(0.9576519695 0.05875314455 -1.010889765e-18)
(0.9452188798 0.08312881974 -1.679914807e-18)
(0.958099132 0.07250886424 6.970526282e-19)
(0.9411513768 0.108542446 3.427513709e-20)
(0.9683033695 0.0828284841 -3.009027164e-20)
(0.9238497684 0.1372267206 3.822719866e-18)
(0.327982731 -0.03453780602 0)
(0.4592143077 -0.04681091125 1.734867883e-20)
(0.558911191 -0.05373466606 0)
(0.6481233477 -0.05942780204 1.106533101e-20)
(0.7349236538 -0.06418883895 -1.385341031e-20)
(0.8191871668 -0.0681903953 1.7502501e-20)
(0.8937945263 -0.07097475364 0)
(0.9528571841 -0.07229015766 1.029260203e-20)
(0.9949446518 -0.07226458195 0)
(1.021532854 -0.07118796692 -1.268468233e-20)
(1.036737761 -0.06941927723 -2.381031935e-20)
(1.04509154 -0.06721619145 -7.632897384e-20)
(1.049747976 -0.06473532359 7.20361295e-20)
(1.052475353 -0.0620583001 -1.405654328e-20)
(1.054161968 -0.05921554503 0)
(1.055250889 -0.05622675012 0)
(1.055973045 -0.05309718775 -1.654188912e-20)
(1.056463252 -0.04983470733 -5.414426364e-20)
(1.056806494 -0.0464418803 1.028010539e-19)
(1.057061775 -0.04292483838 -6.954046562e-20)
(1.057270513 -0.03928763483 2.684139804e-20)
(1.05746408 -0.03553761098 -6.435272905e-20)
(1.057665678 -0.03168171374 4.280335116e-20)
(1.057893623 -0.0277298092 0)
(1.058162874 -0.02369235867 0)
(1.058486809 -0.01958228629 -7.388396264e-20)
(1.058875944 -0.01541321033 7.119533706e-20)
(1.059333479 -0.01120024862 3.239009851e-21)
(1.05985 -0.006959039982 -3.39286949e-20)
(1.060407689 -0.002707366543 4.742221172e-20)
(1.060990848 0.001534953112 0)
(1.061591889 0.005746663257 -6.366718179e-20)
(1.062209274 0.009905984923 -6.318207208e-20)
(1.062843615 0.01399054235 -7.062127949e-20)
(1.063494884 0.01797723843 6.967047167e-21)
(1.064159905 0.02184276273 0)
(1.064832287 0.02556256197 1.328155029e-19)
(1.065502697 0.02911203833 1.300260008e-19)
(1.066162789 0.03246528545 -1.193299505e-19)
(1.066801859 0.03559749623 -1.242574652e-19)
(1.067409919 0.03848259223 0)
(1.067973031 0.04109623325 0)
(1.068478539 0.04341200051 2.866363453e-19)
(1.068911092 0.04540727992 -1.096419251e-19)
(1.069252628 0.04705496849 4.784289976e-19)
(1.069479443 0.04834436127 -2.077295576e-19)
(1.069571427 0.0492485529 0)
(1.069492722 0.04977830094 -4.285575081e-19)
(1.069232846 0.04990142742 3.652629967e-19)
(1.068737102 0.04965849855 3.905570663e-19)
(1.068011973 0.04900240857 6.977183818e-19)
(1.06696901 0.04802723393 -4.190481374e-22)
(1.06565174 0.04664862685 -3.645723687e-20)
(1.063917316 0.04505350105 2.693481529e-19)
(1.061893017 0.04307464481 0)
(1.05933416 0.04104591457 4.817400199e-19)
(1.056518984 0.03863689764 3.864613901e-19)
(1.053011178 0.0364319401 0)
(1.049369265 0.03381201895 6.487874847e-19)
(1.044816995 0.03175176445 2.754850344e-19)
(1.040364166 0.02913401591 1.367308198e-20)
(1.034621607 0.02762219637 3.549173406e-19)
(1.029445362 0.0252896899 -2.995525155e-19)
(1.022365811 0.0248556998 0)
(1.016703115 0.02324672916 -1.08251088e-21)
(1.008397347 0.02454704477 -3.892622795e-20)
(1.002779918 0.02397856623 -1.107531827e-21)
(0.9935779297 0.02760831994 1.018325878e-20)
(0.9886719012 0.02804709418 -4.784970545e-19)
(0.9789603552 0.03466224478 -4.560653111e-19)
(0.9755830815 0.03548561868 -7.508194192e-21)
(0.9654265286 0.0461395856 0)
(0.964964461 0.04617256247 -4.920186271e-19)
(0.9541503607 0.06230295076 0)
(0.9586441296 0.05920541053 9.573691338e-19)
(0.9461748095 0.08318647661 0)
(0.9591115879 0.07263212889 6.932756399e-19)
(0.9420084836 0.1080789696 -1.712550813e-18)
(0.9691368853 0.08272893773 -1.772195467e-19)
(0.9250273501 0.1361686351 -3.794902637e-18)
(0.3402332998 -0.03532924881 5.43512236e-19)
(0.4748780597 -0.04756183584 -1.870223554e-20)
(0.5756581939 -0.05458874049 -4.725902574e-19)
(0.6659715282 -0.06031119831 3.871178414e-19)
(0.7537502095 -0.06508250752 -3.271748353e-19)
(0.8381636198 -0.0690280271 2.995991834e-19)
(0.911489983 -0.07167679125 -2.878081261e-19)
(0.9683139383 -0.07283432819 8.681216036e-22)
(1.007744692 -0.07266865483 1.240588313e-19)
(1.031910422 -0.07150489399 2.896875958e-20)
(1.045432547 -0.06968888786 1.3215727e-19)
(1.052787892 -0.06747669785 -1.311963488e-19)
(1.056883095 -0.06500422864 0)
(1.059280363 -0.06234670533 6.443265383e-20)
(1.060747855 -0.05952849412 -8.483336091e-20)
(1.061669185 -0.05656850874 2.241840935e-20)
(1.06224689 -0.05347033728 -4.674737513e-21)
(1.062602307 -0.05024192875 3.98372514e-20)
(1.06281302 -0.04688480768 0)
(1.062933714 -0.0434049163 3.558248421e-20)
(1.063002755 -0.0398052858 -2.66941908e-20)
(1.063049559 -0.03609270607 0)
(1.06309587 -0.03227304317 3.037862263e-20)
(1.063159174 -0.02835537547 0)
(1.063254088 -0.02434912561 5.03780376e-20)
(1.063394128 -0.02026639431 -4.777485129e-20)
(1.063590099 -0.01611993477 4.658773049e-20)
(1.063845288 -0.01192416634 -8.484761431e-20)
(1.064149959 -0.007694128263 4.656244502e-20)
(1.064486733 -0.003447447892 -1.245540875e-19)
(1.064841451 0.0007961597609 -1.674580799e-19)
(1.065208669 0.005015468044 3.880786099e-20)
(1.065588741 0.009188534163 0)
(1.065983739 0.01329261282 7.34556566e-20)
(1.066394704 0.01730429404 2.592839536e-21)
(1.066819481 0.02119977724 7.166181241e-20)
(1.067252395 0.02495418459 -5.704204182e-20)
(1.067685295 0.02854239127 -2.687853228e-19)
(1.068110675 0.03193824249 0)
(1.068519152 0.03511653244 3.19283516e-19)
(1.068901366 0.03805099684 -6.115648577e-20)
(1.069244481 0.04071722146 0)
(1.069536556 0.04308887029 -4.661704933e-19)
(1.06976313 0.04514396613 2.855140217e-19)
(1.069908043 0.04685629675 -2.141713064e-19)
(1.069948974 0.04821459981 1.554753853e-19)
(1.069867232 0.04919332135 0)
(1.069629155 0.0498007848 -5.032086354e-20)
(1.069223202 0.05000735771 -3.19460816e-19)
(1.068598583 0.04985005896 -3.470478871e-19)
(1.067758749 0.04928585994 -6.578366516e-19)
(1.066621682 0.0484026099 0)
(1.065224905 0.04712234759 -3.569377798e-20)
(1.063434697 0.04562082315 -2.334676047e-19)
(1.061366478 0.04374200989 0)
(1.058790219 0.04180276986 2.750166239e-20)
(1.055964743 0.03949174945 3.807310073e-19)
(1.052477217 0.03736595803 -3.60880599e-19)
(1.048854032 0.03483653936 -3.229772272e-19)
(1.044354351 0.03284021933 -2.3486087e-21)
(1.039944776 0.0303081509 -2.348629332e-19)
(1.034291857 0.02883968415 -1.087894313e-20)
(1.029180278 0.02658493661 3.140807622e-19)
(1.022237018 0.02616362924 0)
(1.016656911 0.02460163248 1.947310489e-21)
(1.008519566 0.02586687477 -2.164841184e-21)
(1.002984046 0.02530177711 -6.642632761e-22)
(0.9939557028 0.02884922314 6.680107809e-21)
(0.9891256681 0.02924998784 4.694335829e-19)
(0.979562606 0.03573703691 -5.130139784e-21)
(0.9762636278 0.03650480999 -3.967678595e-19)
(0.9662219721 0.04696441485 -7.797119894e-21)
(0.965831521 0.04693775028 4.913915895e-19)
(0.955076734 0.0627923704 -1.470443464e-18)
(0.9596384969 0.05966324486 -1.623228129e-20)
(0.9471416816 0.0832433476 -1.607025489e-18)
(0.9601236222 0.07276210051 -6.922083804e-19)
(0.9428813871 0.1076138702 1.709869833e-18)
(0.9699673695 0.0826358843 1.459197016e-19)
(0.9262302046 0.1351091399 1.534666714e-20)
(0.3527365626 -0.03583478574 -3.463368781e-20)
(0.4903474146 -0.04829403972 -2.5997244e-20)
(0.5924671239 -0.05533450704 0)
(0.6839819688 -0.06107460805 0)
(0.7727599389 -0.06583711797 -2.441540129e-20)
(0.8571954522 -0.06970600391 -2.717488766e-20)
(0.9290589937 -0.07220024056 0)
(0.9834893548 -0.07318887111 -1.653798963e-19)
(1.020201877 -0.07287794355 1.769471561e-19)
(1.04203403 -0.07162933253 1.286791109e-19)
(1.054010633 -0.06976940916 -1.368424118e-19)
(1.060474298 -0.06754948814 2.86240529e-20)
(1.064069974 -0.06508514418 0)
(1.066167382 -0.06244558918 2.520227702e-20)
(1.067428861 -0.05964956533 0)
(1.068187617 -0.05671557902 4.942133093e-20)
(1.068622273 -0.05364547905 -7.273272337e-20)
(1.068842864 -0.05044758061 8.805497087e-21)
(1.068920553 -0.04712236034 0)
(1.068906209 -0.04367583166 -3.538627434e-20)
(1.068835385 -0.04011011732 -4.059949712e-20)
(1.068735677 -0.03643172252 0)
(1.068627386 -0.032645603 -3.022217704e-20)
(1.068527128 -0.02876028288 6.874437368e-20)
(1.068449081 -0.02478429607 0)
(1.068406755 -0.02072907426 0)
(1.068411065 -0.01660657665 0)
(1.068465099 -0.01243055473 1.04808651e-19)
(1.06855862 -0.008215508708 -1.993311249e-19)
(1.068674535 -0.003978802838 8.934492171e-20)
(1.068800161 0.0002601689705 8.104078451e-20)
(1.068932258 0.004480285457 5.865598513e-21)
(1.069073012 0.00865957053 9.007590465e-20)
(1.06922592 0.01277508464 -7.822657222e-20)
(1.069393122 0.01680321444 0)
(1.069573523 0.02071982269 8.007444936e-20)
(1.069762292 0.02449978508 -2.971236489e-19)
(1.069952527 0.02811758748 1.387421928e-19)
(1.070137747 0.03154690492 0)
(1.070309951 0.03476222315 -1.305549729e-19)
(1.070460616 0.03773718074 0)
(1.070578088 0.04044730921 0)
(1.070651325 0.04286645383 2.366440512e-19)
(1.070666947 0.04497308517 -2.283097321e-19)
(1.070610456 0.04674184091 0)
(1.070460996 0.04816102704 0)
(1.070201149 0.04920636309 1.543738264e-19)
(1.069799416 0.04988413952 -2.408978087e-21)
(1.069243499 0.05016704839 -3.708129487e-19)
(1.068486223 0.0500888258 -3.502257255e-19)
(1.067528374 0.0496102293 3.704582073e-19)
(1.066293839 0.04881318312 3.829219803e-20)
(1.064814526 0.04762588406 -3.636998685e-20)
(1.062965484 0.0462133852 8.544773472e-22)
(1.060850771 0.0444304257 2.453451064e-19)
(1.058254484 0.04257729127 -4.186443906e-19)
(1.055416562 0.04036117752 -4.328099928e-19)
(1.051947221 0.03831229023 3.825864146e-19)
(1.048341276 0.03587158082 -3.380819417e-19)
(1.043893331 0.03393775023 -2.730949224e-19)
(1.039526144 0.03148979243 4.808130208e-19)
(1.033962678 0.03006363763 3.564337385e-19)
(1.028915403 0.02788488389 -1.113065365e-20)
(1.022107654 0.02747536805 1.324787993e-20)
(1.016609478 0.02595987419 -1.477718225e-19)
(1.008640102 0.02718993362 -2.865139847e-21)
(1.003186465 0.02662914182 -4.075553806e-21)
(0.9943326112 0.03009367199 6.76104121e-21)
(0.9895784374 0.03045840862 -2.291715115e-19)
(0.9801669064 0.03681538307 -6.607271727e-21)
(0.9769444702 0.03752929687 -1.709928387e-21)
(0.9670218523 0.04779192623 1.636522642e-20)
(0.9666998533 0.04770810941 -8.258922214e-21)
(0.956010013 0.06328265103 2.929764255e-18)
(0.9606334254 0.06012622848 -9.564351611e-19)
(0.9481177919 0.0832994241 3.181968579e-18)
(0.9611336996 0.0728987471 -1.848869453e-20)
(0.9437685889 0.1071476969 1.787213556e-20)
(0.9707937946 0.08254950081 1.610314199e-19)
(0.9274563837 0.1340490177 1.101089129e-20)
(0.3645253708 -0.0363172004 0)
(0.5062457588 -0.04906812802 2.562108686e-20)
(0.6094949612 -0.05596850031 3.657500351e-19)
(0.7021704932 -0.06170592459 -2.922972909e-19)
(0.7919363574 -0.06643698141 2.592527628e-19)
(0.8762340303 -0.07020591786 -2.409692143e-19)
(0.9464482435 -0.07252520283 0)
(0.9983413784 -0.07333545047 0)
(1.032300701 -0.07287524285 -2.126957867e-20)
(1.051912438 -0.0715443282 0)
(1.062484401 -0.06964416525 1.63577074e-19)
(1.068156847 -0.06741752124 -3.075954088e-19)
(1.071308227 -0.06496085156 1.446115097e-19)
(1.073132291 -0.06233781691 -2.69217932e-19)
(1.074199288 -0.05956184412 5.414225711e-19)
(1.074800054 -0.0566514733 -6.767984443e-21)
(1.075093081 -0.05360665675 -1.5141946e-21)
(1.07517892 -0.05043635589 -2.592712232e-19)
(1.07512311 -0.04713992764 2.511189674e-19)
(1.074973141 -0.04372369317 -1.366639182e-19)
(1.074761965 -0.04018891781 8.791219174e-20)
(1.074515512 -0.03654205346 -1.656320972e-19)
(1.07425268 -0.03278726424 1.148270688e-19)
(1.073989226 -0.02893273591 -1.481189657e-19)
(1.073738842 -0.02498624597 0)
(1.073514951 -0.02095871828 0)
(1.073328437 -0.01686139771 0)
(1.07318199 -0.01270747779 1.198649909e-19)
(1.073064678 -0.008510940335 -1.210070514e-19)
(1.072959527 -0.004288786888 0)
(1.072855407 -6.008119892e-05 9.754370568e-20)
(1.072751248 0.004154255024 -9.8469662e-20)
(1.072650993 0.008332354857 -2.788397991e-19)
(1.072559505 0.01245120243 9.008988278e-20)
(1.072480029 0.01648711307 -1.775664913e-19)
(1.072412528 0.02041575299 -8.355787559e-20)
(1.072353148 0.02421184192 7.35581216e-20)
(1.072296258 0.02784962638 -8.636456934e-22)
(1.072236607 0.03130269341 -4.321194813e-21)
(1.072167601 0.0345453321 -7.010518447e-20)
(1.072081748 0.03755117645 6.800915543e-20)
(1.071968657 0.0402957517 -6.454617338e-20)
(1.071818327 0.04275317348 0)
(1.071618628 0.04490225676 0)
(1.071356539 0.04671846355 1.733674137e-19)
(1.071012755 0.04818978031 -2.301318396e-22)
(1.070570986 0.04929314058 -3.620979262e-19)
(1.070001884 0.05003314862 4.665820764e-20)
(1.069292593 0.05038462816 3.239968296e-19)
(1.068399336 0.05037829362 7.025139392e-19)
(1.067320541 0.04997841953 -3.308994577e-19)
(1.065985526 0.04926133367 0)
(1.064420971 0.04816110161 -2.87706777e-19)
(1.062510253 0.04683257703 3.35244508e-20)
(1.060346702 0.04514082193 -3.223753276e-20)
(1.057727859 0.04337002139 4.459222483e-19)
(1.054875536 0.04124531499 4.01123595e-19)
(1.051422254 0.03927078103 -2.155491594e-20)
(1.047832135 0.03691659962 6.525743515e-19)
(1.043434861 0.03504358233 -1.604699112e-20)
(1.039109231 0.03267789066 -2.172648821e-19)
(1.033634659 0.03129286553 -3.160715091e-21)
(1.028651299 0.02918816196 -2.925671515e-19)
(1.021977907 0.02878952708 -7.629170427e-21)
(1.01656104 0.02731991246 0)
(1.008758717 0.0285146932 7.721722215e-22)
(1.003386952 0.02795906149 8.474082468e-21)
(0.9947079451 0.03134019839 1.957082279e-19)
(0.9900295371 0.03167087945 5.114694537e-21)
(0.9807721082 0.03789601356 -1.134942726e-20)
(0.9776245679 0.0385579509 -3.748086806e-19)
(0.9678247616 0.04862118604 0)
(0.967568147 0.04848286851 -4.641582432e-19)
(0.9569486489 0.06377329557 -1.458984167e-18)
(0.9616274875 0.06059400889 -1.931000105e-21)
(0.9491016509 0.08335469952 -3.103534911e-18)
(0.9621405166 0.0730420423 6.387422797e-19)
(0.9446688092 0.1066809115 3.034337333e-21)
(0.9716152866 0.08246999186 -1.623923484e-19)
(0.9287042023 0.1329888174 -1.757250648e-18)
(0.3767977764 -0.03701615014 5.609405322e-20)
(0.5219389875 -0.04965827334 0)
(0.626559705 -0.05647469989 -2.2777118e-20)
(0.7205059112 -0.06219319036 0)
(0.8112694743 -0.0668707375 2.026416589e-20)
(0.8952359808 -0.07051225248 6.83085084e-20)
(0.9636126109 -0.07263282733 0)
(1.012837148 -0.07325860463 0)
(1.044036006 -0.07264704989 -4.3539203e-19)
(1.061561082 -0.0712358294 4.111803416e-19)
(1.070868251 -0.06929919149 -2.581111416e-20)
(1.075841748 -0.06706635075 0)
(1.078597299 -0.0646164835 0)
(1.080170853 -0.06200841401 0)
(1.081053307 -0.05925030427 5.524310339e-21)
(1.081500137 -0.05636131395 3.211053991e-20)
(1.081652846 -0.05333922944 2.596034198e-19)
(1.081604011 -0.05019397988 -5.55378404e-19)
(1.08141419 -0.04692366323 4.069429196e-19)
(1.081127864 -0.04353514255 -2.674495233e-19)
(1.080775575 -0.04002881992 -4.727795307e-20)
(1.080381736 -0.03641129767 -5.123561728e-20)
(1.079963902 -0.03268603225 4.202094497e-20)
(1.079537004 -0.02886106087 2.489459438e-19)
(1.079114249 -0.02494351205 -8.633531096e-20)
(1.078708928 -0.020943964 -7.130114315e-20)
(1.078331792 -0.01687303917 -1.427700599e-19)
(1.077984985 -0.01274347264 1.354829807e-19)
(1.077656668 -0.008568735854 1.279680026e-19)
(1.077329964 -0.004365519291 0)
(1.076995339 -0.000152524904 0)
(1.076653833 0.004049602075 1.037868835e-19)
(1.07631109 0.008219163334 0)
(1.075973225 0.01233321918 1.030107643e-19)
(1.075644582 0.01636813201 9.015146031e-20)
(1.075326194 0.0202994797 8.615725898e-20)
(1.075015258 0.02410193786 -8.551721112e-20)
(1.074707458 0.02774965872 8.117334122e-20)
(1.07439893 0.03121623171 -8.658946009e-20)
(1.074084521 0.03447588191 7.386347206e-20)
(1.073757934 0.03750232702 0)
(1.073410102 0.04027117184 2.049803303e-19)
(1.0730322 0.04275687908 1.972911127e-19)
(1.072613458 0.04493858028 -6.1273368e-20)
(1.072142238 0.04679254719 -4.077803631e-19)
(1.071600804 0.04830656164 0)
(1.070973924 0.0494587194 2.082964618e-19)
(1.070234329 0.05025224029 3.97520542e-19)
(1.069368814 0.05066391305 1.885467486e-19)
(1.068336744 0.05072169978 -7.063970895e-19)
(1.067134511 0.05039313031 2.896872507e-19)
(1.065696384 0.0497492686 3.900400388e-20)
(1.064044255 0.0487297355 3.571349717e-20)
(1.062069285 0.04747970993 2.319004214e-19)
(1.059854794 0.04587409165 -2.441522934e-19)
(1.057211023 0.04418149877 -4.678823394e-19)
(1.054342505 0.04214434003 -3.513200384e-19)
(1.050903171 0.04024131199 -3.757774869e-19)
(1.047327577 0.03797112402 -6.080297731e-19)
(1.042979726 0.03615705108 -2.67913358e-19)
(1.038694848 0.03387149949 -1.51289461e-20)
(1.03330832 0.03252629679 -3.65977913e-19)
(1.028388439 0.03049355196 -7.935690271e-21)
(1.021847941 0.03010487349 -1.914929875e-19)
(1.016511772 0.02868038163 1.424544242e-19)
(1.008875209 0.02983980045 0)
(1.003585294 0.02929011327 -3.754298568e-21)
(0.9950810597 0.03258747119 -1.316817227e-21)
(0.9904783675 0.03288610019 0)
(0.9813771635 0.03897780422 -6.311802142e-21)
(0.9783029897 0.03958975284 3.788902118e-19)
(0.9686294268 0.04945136874 5.846341123e-19)
(0.968435239 0.04926135698 4.635696291e-19)
(0.9578912762 0.06426386485 0)
(0.9626194552 0.06106628974 8.864083453e-19)
(0.950091983 0.08340916866 1.562624832e-18)
(0.9631429836 0.07319197625 -6.723232029e-19)
(0.9455809573 0.10621387 -1.592629835e-18)
(0.9724311244 0.0823975206 -1.609463388e-19)
(0.9299722916 0.1319289115 1.768309452e-18)
(0.3890195689 -0.03737129306 -1.913725387e-18)
(0.5376301533 -0.05003097786 1.146685007e-18)
(0.6436769223 -0.0568516935 0)
(0.7390032695 -0.06252749201 -7.62549948e-19)
(0.83076205 -0.06712690522 6.668299236e-19)
(0.9141589742 -0.07060446231 5.210528119e-21)
(0.9805180682 -0.07250695874 0)
(1.026956702 -0.0729398998 -5.32190788e-19)
(1.055413391 -0.07218312319 1.001476955e-18)
(1.071001533 -0.07069235206 -3.379080267e-21)
(1.079178513 -0.06872225656 2.234165462e-20)
(1.083535703 -0.06648333867 -3.231816245e-21)
(1.085937045 -0.06403876857 -4.383842171e-19)
(1.087279284 -0.06144387675 -3.114051058e-19)
(1.087985477 -0.05870126068 6.371769745e-19)
(1.088281735 -0.05583141891 -3.186595419e-19)
(1.088295151 -0.05282958942 -2.963193307e-19)
(1.088111565 -0.04970703613 3.459283248e-19)
(1.087787064 -0.04646040295 2.610782499e-19)
(1.087363437 -0.04309733257 -2.266705179e-21)
(1.08686897 -0.03961731817 -2.324572103e-19)
(1.086326708 -0.03602731132 5.097242241e-20)
(1.085752922 -0.03233009494 2.576450347e-19)
(1.085161772 -0.02853373638 4.92111684e-20)
(1.084565998 -0.02464480752 -8.452582966e-22)
(1.083978751 -0.02067368019 -8.014148704e-20)
(1.083410583 -0.0166304451 8.449373872e-20)
(1.082862957 -0.01252747104 -7.947307591e-20)
(1.082322982 -0.008377782052 -6.737664404e-20)
(1.081773908 -0.004197795115 0)
(1.081207805 -5.852355521e-06 -1.327113928e-19)
(1.080627853 0.004177664852 0)
(1.080041227 0.008331344415 0)
(1.079455229 0.01243244253 -1.026704656e-19)
(1.078875266 0.01645744231 -1.012316869e-19)
(1.078303477 0.02038194439 9.610845375e-20)
(1.077738114 0.02418070458 9.094207295e-20)
(1.077176272 0.02782790823 9.140523378e-20)
(1.076615542 0.03129726259 7.741027815e-20)
(1.076052288 0.03456305648 7.76973176e-20)
(1.075481508 0.0375991988 -7.369888658e-20)
(1.07489553 0.04038147377 -6.722396207e-20)
(1.074286807 0.04288477618 -2.609711905e-19)
(1.073645999 0.04508857525 0)
(1.072962814 0.04696995407 2.355392276e-19)
(1.072221062 0.04851660701 -2.280001209e-19)
(1.071406545 0.04970774963 2.150526569e-19)
(1.070493964 0.05054548876 -1.998573884e-19)
(1.069469961 0.05100842599 1.826540245e-21)
(1.068296777 0.05112203889 3.982114745e-19)
(1.066969087 0.05085686295 -4.187663985e-20)
(1.065425645 0.05027904564 0)
(1.063683986 0.04933342129 2.872855455e-19)
(1.061642508 0.04815602384 0)
(1.059375233 0.04663109074 0)
(1.05670437 0.04501224342 2.380613613e-21)
(1.053818035 0.04305843917 3.716758317e-19)
(1.050390631 0.04122380949 3.756200722e-19)
(1.046828323 0.03903475757 3.119657414e-19)
(1.042528566 0.03727755504 2.273225964e-21)
(1.038283651 0.03506979409 0)
(1.032984076 0.03376298417 0)
(1.028127198 0.0317999745 7.871379122e-21)
(1.021717855 0.03142031076 -6.5015264e-21)
(1.016461818 0.03004006874 2.111155321e-21)
(1.008989376 0.03116404875 -2.877765031e-21)
(1.003781314 0.03062102687 0)
(0.9954513928 0.03383432774 0)
(0.9909244058 0.03410288109 0)
(0.9819811577 0.0400597465 0)
(0.9789789346 0.04062382294 -3.49381338e-19)
(0.969434743 0.05028174254 -5.909317107e-19)
(0.9693001326 0.05004299597 4.452725769e-19)
(0.9588367152 0.06475398013 0)
(0.9636082845 0.06154283916 -9.040159367e-19)
(0.9510877093 0.08346281906 8.729249937e-22)
(0.9641401935 0.07334855412 3.358449813e-20)
(0.9465041508 0.105746844 1.573178283e-18)
(0.9732406886 0.08233228485 1.60729033e-19)
(0.9312595324 0.1308694728 0)
(0.4012236198 -0.03742800253 -2.033527834e-18)
(0.5532409397 -0.05028627065 2.478846544e-18)
(0.6608771552 -0.05707452057 -3.150161067e-21)
(0.75768856 -0.06268633176 2.486933366e-20)
(0.8504078313 -0.06718166208 -1.559948634e-18)
(0.9330127111 -0.0704602479 -3.736172856e-20)
(0.9971142222 -0.07212901094 6.894995171e-19)
(1.040650816 -0.07236118988 0)
(1.066445935 -0.071468014 3.741343566e-20)
(1.08025792 -0.06990171541 3.50739493e-20)
(1.087431276 -0.06790044672 -4.93991153e-19)
(1.091244867 -0.06565574597 4.659084117e-19)
(1.093327237 -0.06321476128 -3.813394891e-19)
(1.094454064 -0.06063127321 3.605561611e-19)
(1.094990719 -0.05790171128 0)
(1.095139035 -0.05504881313 4.723020104e-20)
(1.095013775 -0.052064792 4.426966478e-20)
(1.094695075 -0.04896269689 0)
(1.09423495 -0.04573746921 0)
(1.093672767 -0.04239780913 0)
(1.093034689 -0.03894221164 6.843794722e-20)
(1.092342538 -0.03537816969 0)
(1.091611352 -0.03170781187 -5.391540235e-20)
(1.090854588 -0.02793939973 -1.070792823e-19)
(1.090084557 -0.02407900512 -2.010163142e-19)
(1.089314276 -0.02013693816 1.877770165e-19)
(1.08855406 -0.01612283489 -3.554344916e-19)
(1.08780458 -0.01204879016 2.448049388e-19)
(1.087051807 -0.007927444658 -1.572897132e-19)
(1.086279141 -0.003775005175 -1.464193065e-19)
(1.08548037 0.0003904896658 2.71250518e-19)
(1.084660749 0.004548966847 -1.296493466e-19)
(1.083828853 0.008679381607 1.231177593e-19)
(1.082993098 0.01275924613 1.198304785e-19)
(1.082159946 0.01676524314 -1.126737494e-19)
(1.081332622 0.02067311079 0)
(1.080510472 0.02445779694 -9.643581437e-20)
(1.079692046 0.02809364648 -8.572492006e-20)
(1.078876465 0.03155460733 8.592362609e-20)
(1.078061658 0.0348151591 -1.627306693e-19)
(1.077243991 0.03784952776 -7.989389254e-20)
(1.076417252 0.04063378588 0)
(1.075575235 0.04314335985 1.39337461e-19)
(1.074710097 0.04535810872 6.448512358e-20)
(1.073812845 0.04725595113 -1.220530067e-19)
(1.072868826 0.04882460929 3.42807001e-19)
(1.07186484 0.05004439253 -5.077812067e-20)
(1.070777468 0.05091653049 2.050149833e-19)
(1.069593333 0.05142130939 -1.901371728e-19)
(1.068277322 0.05158198398 -3.588089853e-19)
(1.066822661 0.05137185853 3.343606854e-19)
(1.065172172 0.05085250725 -3.102542105e-19)
(1.063339444 0.04997362827 0)
(1.061229558 0.04886264626 -3.238756565e-20)
(1.058907951 0.04741260823 1.28990678e-21)
(1.056208058 0.04586275021 4.665548046e-19)
(1.05330248 0.04398781627 -2.633884241e-21)
(1.049885081 0.04221822884 2.104581632e-20)
(1.046334946 0.04010716503 -2.001669248e-20)
(1.042081869 0.03840458857 2.638478843e-19)
(1.037876167 0.0362720463 -2.365035132e-19)
(1.032662269 0.03500209299 1.231395889e-20)
(1.027867879 0.03310649359 -2.808967174e-19)
(1.021587737 0.03273488401 -6.461229871e-21)
(1.016411273 0.03139792191 -1.414666936e-19)
(1.009101048 0.03248639123 0)
(1.003974831 0.03195069221 8.497726722e-21)
(0.9958184406 0.03507972778 -8.391305744e-20)
(0.9913671898 0.03532020057 0)
(0.9825832621 0.04114096459 0)
(0.9796516918 0.04165937831 3.639742718e-19)
(0.9702397265 0.05111167029 5.512398614e-19)
(0.9701619538 0.05082730076 -4.447118878e-19)
(0.9597839475 0.0652433098 0)
(0.9645930903 0.06202347852 -1.850507747e-20)
(0.9520879403 0.083515634 1.776843453e-20)
(0.9651314005 0.07351180328 -6.210091234e-19)
(0.947437678 0.1052800092 0)
(0.9740434601 0.0822744495 1.61235744e-19)
(0.9325650873 0.1298105366 -1.673782118e-18)
(0.4133362368 -0.0371885626 7.364458419e-20)
(0.5691224056 -0.05045305626 4.08754152e-20)
(0.6782397863 -0.0571499978 -3.577684157e-20)
(0.7765926451 -0.06265905999 9.12246299e-19)
(0.870190289 -0.06701842674 -8.537542716e-19)
(0.9517503003 -0.07006969451 0)
(1.013358357 -0.07148772236 4.859626984e-21)
(1.053910644 -0.07151565451 -6.684934829e-19)
(1.077156114 -0.07049031332 5.942945731e-19)
(1.089355049 -0.06885401687 3.982502187e-21)
(1.09564138 -0.06682290032 3.635778546e-20)
(1.098974618 -0.06457238677 4.801511637e-19)
(1.100767597 -0.0621327312 -4.250687335e-21)
(1.101692042 -0.05955860982 -5.138051835e-19)
(1.10206444 -0.05683939764 -4.772143277e-19)
(1.102066661 -0.05400112359 3.517962307e-19)
(1.101802819 -0.05103238211 3.258980602e-19)
(1.101348216 -0.04794853411 -6.512230936e-19)
(1.100751113 -0.04474251039 3.623918032e-21)
(1.100048697 -0.04142436859 2.275127331e-19)
(1.099265122 -0.03799148359 -6.808049397e-20)
(1.098421123 -0.03445210134 0)
(1.097530554 -0.03080766654 -6.617578281e-20)
(1.09660624 -0.02706679714 5.615830897e-20)
(1.095660115 -0.02323511622 3.253873003e-19)
(1.094705083 -0.01932299525 -2.088556215e-19)
(1.093751201 -0.0153396744 2.858748116e-19)
(1.092798265 -0.01129708283 -2.786188714e-19)
(1.091831033 -0.007207539882 -1.696964303e-19)
(1.090833153 -0.003087126589 1.611591245e-19)
(1.089800226 0.001046402183 1.491832005e-19)
(1.088739529 0.005173295924 -1.416931978e-19)
(1.08766093 0.009272914917 0)
(1.086573864 0.01332309438 -2.426294524e-19)
(1.085485873 0.01730077897 2.293268535e-19)
(1.084401216 0.02118195501 -1.085706796e-19)
(1.083320388 0.02494186449 2.050915861e-19)
(1.082243395 0.02855514631 -9.685279726e-20)
(1.081170981 0.03199610173 9.005427046e-20)
(1.080102636 0.03523954707 -8.553062093e-20)
(1.079036171 0.03826014747 2.362520148e-19)
(1.077966858 0.041034396 -7.560577941e-20)
(1.076889888 0.04353835115 -3.532604882e-19)
(1.075798941 0.04575234548 6.684242358e-20)
(1.074686305 0.04765517041 -3.151009671e-19)
(1.073538822 0.04923469353 3.544300789e-19)
(1.072344273 0.05047230416 -2.737144905e-19)
(1.071081014 0.0513685655 -4.125181964e-19)
(1.069735763 0.05190533811 0)
(1.068275824 0.05210390145 4.032097645e-19)
(1.066693227 0.05194010837 -3.765848836e-19)
(1.064934454 0.05147129926 3.484791137e-19)
(1.063009563 0.05065168247 -3.231922176e-19)
(1.060829745 0.04960059867 -2.629674408e-19)
(1.058452595 0.04821936752 0)
(1.055721977 0.04673347663 2.170014393e-19)
(1.052795961 0.04493266671 -3.930653658e-19)
(1.049386769 0.04322455088 -2.088287477e-20)
(1.045847822 0.04118806603 1.9861759e-20)
(1.041639967 0.03953770464 0)
(1.037472809 0.03747762997 2.235783736e-19)
(1.032343114 0.03624290491 0)
(1.027610723 0.03441229527 1.054131983e-20)
(1.021457609 0.03404776246 1.895598006e-19)
(1.016360209 0.03275302577 1.427640964e-19)
(1.009210051 0.03380590943 -2.889710313e-21)
(1.004165697 0.0332781383 -8.493455925e-21)
(0.9961817714 0.03632278117 8.09600654e-20)
(0.9918063194 0.03653713299 2.753259043e-21)
(0.9831827652 0.04222068167 -1.172225134e-20)
(0.9803206573 0.04269576309 2.541208414e-20)
(0.9710435416 0.05194059334 -4.179770541e-20)
(0.9710199686 0.05161386499 1.481705421e-20)
(0.9607321138 0.06573156809 1.731868393e-20)
(0.9655731286 0.06250808724 -1.629868668e-20)
(0.9530919507 0.08356758278 1.424020321e-18)
(0.9661159878 0.07368177256 1.246052604e-18)
(0.9483810133 0.1048134673 -1.513866354e-18)
(0.9748389655 0.08222421948 -3.225192854e-19)
(0.9338883076 0.1287519867 3.276078112e-18)
(0.4250398636 -0.03739631405 -7.346355222e-20)
(0.5852418655 -0.05039431848 0)
(0.6957871311 -0.05708509145 3.521250305e-20)
(0.7957672902 -0.0624587072 3.381400979e-20)
(0.890108138 -0.0666384648 -2.891673035e-21)
(0.9703401658 -0.06943079196 0)
(1.0292282 -0.07057928325 -4.692997998e-20)
(1.066745601 -0.07039897177 4.852112825e-20)
(1.087576297 -0.0692439739 -6.458778705e-19)
(1.09832168 -0.06754183934 5.712994256e-19)
(1.103825253 -0.06548017649 -3.613335355e-20)
(1.106731587 -0.06322273993 3.379209384e-20)
(1.108259059 -0.06078127137 0)
(1.108991153 -0.05821404444 5.918064251e-20)
(1.109202915 -0.05550212423 -5.677513689e-21)
(1.109059873 -0.05267601274 -5.721175376e-20)
(1.108656797 -0.04971992684 4.603203064e-19)
(1.10806489 -0.0466521447 -4.309162915e-19)
(1.107328889 -0.04346318948 -9.399702086e-20)
(1.106484017 -0.04016483116 -2.541083034e-19)
(1.105552502 -0.03675314888 2.345417712e-19)
(1.10455413 -0.0332373545 0)
(1.103501605 -0.02961817282 1.380134759e-19)
(1.102407198 -0.0259047414 2.566139025e-19)
(1.101282521 -0.02210224465 -3.479508661e-21)
(1.100140401 -0.01822124787 -2.279047166e-19)
(1.098990629 -0.01427065398 0)
(1.097832054 -0.01026231481 1.433375488e-21)
(1.09664818 -0.006208297917 2.828290101e-19)
(1.095423029 -0.002124634669 1.717719466e-19)
(1.094154125 0.001971173223 -1.631725088e-19)
(1.092850747 0.006059702653 1.502114933e-19)
(1.091523895 0.01012077592 -1.426950075e-19)
(1.090184026 0.01413255654 1.367832123e-19)
(1.088839695 0.01807233497 -1.228735694e-19)
(1.087496225 0.02191645004 1.210285722e-19)
(1.086155245 0.02564053641 3.280949473e-19)
(1.084818258 0.02921965259 -1.021613952e-19)
(1.083487665 0.03262856887 -1.001079688e-19)
(1.082164528 0.03584259021 -1.777066782e-19)
(1.080848137 0.03883694748 8.379539085e-20)
(1.079535254 0.04158870006 -8.122085901e-20)
(1.078222511 0.04407464308 -2.375084457e-21)
(1.0769051 0.046275687 1.366461736e-19)
(1.075576583 0.0481715443 1.88263081e-19)
(1.074225231 0.04975034967 -5.380045718e-19)
(1.072839806 0.05099456772 2.820268002e-19)
(1.071400307 0.05190428572 2.075160129e-19)
(1.069893656 0.05246284296 0)
(1.068289337 0.05268978054 0)
(1.066578419 0.05256329213 0)
(1.064710657 0.05213681167 0)
(1.062692979 0.05136870981 2.5157466e-19)
(1.06044213 0.05037075601 3.286384535e-19)
(1.058008567 0.04905199853 -1.372901219e-21)
(1.055245817 0.04762482889 -2.527433778e-21)
(1.052298394 0.04589318011 -2.504811563e-20)
(1.048895776 0.04424276811 2.072337607e-20)
(1.045367168 0.04227723031 2.819039686e-19)
(1.041203077 0.04067652824 1.53346094e-20)
(1.037073851 0.03868600761 2.04729986e-19)
(1.032026775 0.03748479809 1.753315271e-19)
(1.027355898 0.03571669096 2.858623649e-19)
(1.021327489 0.03535824197 0)
(1.016308666 0.03410460149 -1.396983815e-19)
(1.009316238 0.03512182351 0)
(1.004353757 0.03460252923 1.082678333e-21)
(0.9965410042 0.03756269845 -8.071585242e-20)
(0.9922414443 0.03775290443 2.654684712e-21)
(0.9837790286 0.04329823369 -3.640372205e-19)
(0.9809852982 0.04373239915 -1.394284879e-20)
(0.9718454547 0.05276802885 -5.241265471e-19)
(0.9718735336 0.05240236496 -4.336176487e-19)
(0.9616804842 0.06621850402 -7.477664213e-22)
(0.9665477703 0.06299659118 1.593883148e-20)
(0.9540991664 0.08361862608 -1.421772014e-18)
(0.9670934475 0.0738585331 -1.222122883e-18)
(0.949333768 0.1043472388 1.511075316e-18)
(0.9756267878 0.08218177415 1.612839854e-19)
(0.9352287764 0.1276936124 -1.622788247e-18)
(0.4373412963 -0.03773080292 -2.648674221e-18)
(0.6008117714 -0.05016966381 -1.68818635e-18)
(0.7134687605 -0.05680519016 2.605226396e-18)
(0.8152550271 -0.06204073362 -1.117963347e-18)
(0.9101395275 -0.06599915459 1.040313301e-18)
(0.9887414101 -0.06850899699 -9.309197607e-19)
(1.044703888 -0.06937721367 8.604206637e-19)
(1.079172046 -0.06899062732 -8.598913404e-19)
(1.097740851 -0.06771121085 -4.525565106e-20)
(1.107185034 -0.06594945826 -6.651688265e-19)
(1.111997408 -0.06385706319 6.670739453e-19)
(1.114521277 -0.06159238419 0)
(1.115802097 -0.05914633307 5.781064116e-19)
(1.116349238 -0.056583961 -5.461670242e-19)
(1.116402463 -0.05387650434 -5.708649113e-21)
(1.116114002 -0.0510603536 5.687907706e-20)
(1.11557026 -0.04811446015 -5.327650408e-20)
(1.114838977 -0.04506076499 0)
(1.11396152 -0.04188692664 9.348421978e-20)
(1.112971345 -0.03860683718 -9.552415436e-20)
(1.111888823 -0.03521507947 -2.584492791e-19)
(1.110732924 -0.03172209142 3.229865201e-19)
(1.109515226 -0.02812779684 -7.180907391e-20)
(1.108247536 -0.02444202377 0)
(1.106941202 -0.02066953663 0)
(1.105609015 -0.01682121286 2.429291408e-19)
(1.104260509 -0.01290565093 -2.3067861e-19)
(1.102893525 -0.008934729943 -3.143907977e-19)
(1.101490292 -0.004920328708 1.83787139e-21)
(1.100035366 -0.0008785004421 -9.642210283e-20)
(1.098528334 0.003173482665 0)
(1.09698042 0.007216560257 6.973099014e-21)
(1.095403668 0.01123098907 3.084573326e-19)
(1.093809501 0.01519531182 -1.363626725e-19)
(1.092207479 0.01908724846 0)
(1.090603997 0.02288355974 -1.189307472e-19)
(1.089001797 0.02656039912 6.090193493e-21)
(1.087403931 0.03009334638 1.054858795e-19)
(1.085814453 0.03345777418 3.951530081e-19)
(1.084236004 0.03662961972 -9.347633362e-20)
(1.08266935 0.03958482194 0)
(1.081112751 0.04230115023 7.845995527e-20)
(1.079564268 0.04475625221 7.589745432e-20)
(1.078020604 0.04693172873 1.42198959e-19)
(1.076476556 0.04880827487 -6.483623589e-20)
(1.074921767 0.05037441108 3.03165729e-19)
(1.073345952 0.05161368428 3.791028742e-21)
(1.071730644 0.05252587616 -1.607032913e-19)
(1.070063023 0.05309572369 -2.475122822e-19)
(1.068314557 0.05334124852 -4.506355426e-20)
(1.066475531 0.05324279259 8.447243045e-20)
(1.064498643 0.05285019637 -3.517877064e-19)
(1.062388031 0.05212565452 0)
(1.060065497 0.05117385535 -2.620419667e-19)
(1.057575015 0.04991103875 2.911231206e-20)
(1.054779041 0.0485371537 -2.436453976e-19)
(1.05180949 0.04686951925 -3.623100054e-19)
(1.048412008 0.04527287655 3.181883512e-19)
(1.044893033 0.04337446298 -3.016552562e-19)
(1.040771283 0.04182073021 0)
(1.036679445 0.03989672602 -2.076856905e-21)
(1.031713336 0.0387272424 -3.492043858e-19)
(1.027103491 0.03701909817 7.628100006e-21)
(1.021197369 0.03666571761 -7.268213753e-21)
(1.016256647 0.03545198835 1.350794614e-19)
(1.009419466 0.03643345953 -4.913941559e-20)
(1.004538886 0.03592314832 1.208588106e-20)
(0.9968958143 0.0387988171 7.683973433e-20)
(0.9926722563 0.03896681667 8.678404317e-21)
(0.9843715167 0.04437303363 3.55413192e-19)
(0.9816451605 0.04476881748 -3.307376872e-19)
(0.9726448476 0.0535935545 4.967501675e-19)
(0.9727221056 0.05319253897 4.303133752e-19)
(0.9626284577 0.06670389621 0)
(0.9675164875 0.06348896405 -3.986102093e-19)
(0.9551091387 0.08366870557 1.360735148e-18)
(0.9680633532 0.07404218057 1.182210841e-18)
(0.9502956964 0.1038812865 0)
(0.9764065145 0.08214733431 1.755182181e-19)
(0.9365862023 0.1266351026 -1.315386744e-20)
(0.4495069329 -0.03758863064 9.185313685e-20)
(0.6165857203 -0.04990749348 5.230037557e-20)
(0.7315092122 -0.05630461425 -8.610094113e-20)
(0.835096172 -0.06137744154 1.129385407e-18)
(0.9302305121 -0.06507232114 -2.152541474e-18)
(1.006899341 -0.06727753525 1.007746148e-18)
(1.059760346 -0.06786189829 0)
(1.091203644 -0.0672755825 0)
(1.107678675 -0.06587730471 0)
(1.115965857 -0.06406317019 -5.02044824e-20)
(1.120167491 -0.06193960844 -7.173206671e-19)
(1.122346273 -0.05966758117 6.326001476e-19)
(1.12339558 -0.05721420732 0)
(1.123763299 -0.05465485139 0)
(1.123658959 -0.05194907662 -5.541350728e-19)
(1.12322412 -0.04914084286 -6.134887886e-20)
(1.122537569 -0.04620277244 4.860407744e-19)
(1.121664163 -0.04316136513 -5.884775744e-20)
(1.120642017 -0.0400008597 -4.205482377e-19)
(1.119503017 -0.03673777461 4.938532661e-19)
(1.118265735 -0.0333649382 0)
(1.11694847 -0.0298942881 -9.0025929e-20)
(1.115561692 -0.02632486605 3.212403423e-19)
(1.114116838 -0.02266737673 -3.049437829e-19)
(1.112625063 -0.01892613768 0)
(1.111099167 -0.01511247045 0)
(1.109548445 -0.01123470909 -1.273926549e-19)
(1.107969682 -0.007304840011 0)
(1.106343834 -0.00333461199 -1.085311469e-19)
(1.104656186 0.0006598268054 1.942017296e-19)
(1.102908527 0.004661446015 9.569999485e-20)
(1.101113996 0.008651524017 -3.448595908e-19)
(1.099285577 0.01261077618 -1.554769523e-19)
(1.097435612 0.01651816151 -3.013525188e-19)
(1.095574704 0.02035187122 2.776942973e-19)
(1.093710275 0.02408922244 -1.305071493e-19)
(1.091846207 0.0277069658 -1.126119015e-19)
(1.089987108 0.0311813183 -1.116474586e-19)
(1.08813869 0.03448838873 -2.003872796e-19)
(1.08630515 0.03760489429 -9.91179242e-20)
(1.084488705 0.04050762623 0)
(1.082689101 0.04317521212 0)
(1.080905795 0.04558627029 0)
(1.07913698 0.04772320956 -1.420493327e-19)
(1.077378635 0.04956777785 -6.620201636e-20)
(1.07562171 0.0511089973 1.40876687e-21)
(1.073856826 0.05233151334 -1.706829412e-19)
(1.072066947 0.05323495309 2.129634362e-19)
(1.070239532 0.05380538373 1.486566243e-19)
(1.068347858 0.05405950803 4.661019261e-20)
(1.066381569 0.0539796382 4.180042595e-20)
(1.064295999 0.05361231358 3.108929546e-19)
(1.062092822 0.05292322917 -1.349595315e-21)
(1.059698411 0.05201045838 2.28639505e-19)
(1.057150895 0.05079690474 2.899776444e-20)
(1.054320926 0.04947072257 -2.757040689e-20)
(1.0513288 0.04786181534 3.625323892e-19)
(1.047935214 0.04631486759 -3.183925463e-19)
(1.044425338 0.0444795996 -1.768438197e-20)
(1.040344554 0.04297003585 1.682702045e-20)
(1.036289643 0.04110939832 -2.172796996e-19)
(1.031402812 0.03996978941 1.435004637e-21)
(1.026853536 0.03831903636 -1.389150323e-19)
(1.021067228 0.03796968942 5.308361777e-21)
(1.016204134 0.03679464034 -2.774728735e-19)
(1.009519618 0.03774025349 4.911167535e-20)
(1.004720947 0.03723938692 1.242729623e-21)
(0.9972459176 0.04003055152 0)
(0.9930984835 0.04017830073 7.999894166e-20)
(0.9849597449 0.04544458417 3.402516046e-19)
(0.9822998398 0.04580460546 6.62963654e-19)
(0.9734411772 0.05441680281 -4.965111355e-19)
(0.9735652018 0.05398419184 -1.377928964e-20)
(0.9635755248 0.06718754399 -1.616887076e-20)
(0.9684788229 0.06398521701 3.963197372e-19)
(0.9561215264 0.08371775088 -1.342320106e-18)
(0.9690253369 0.07423283068 -1.158866395e-18)
(0.951266646 0.1034155087 1.27351719e-20)
(0.9771777488 0.08212109948 -3.363816071e-19)
(0.9379604491 0.1255761001 0)
(0.4614344256 -0.03695102092 -3.042419843e-18)
(0.6325212966 -0.04943092909 -1.90410679e-18)
(0.7499236815 -0.0555930976 1.517724473e-18)
(0.8552975271 -0.06046761171 -1.25411245e-18)
(0.9503301052 -0.06385033046 1.14413158e-18)
(1.024776815 -0.06572829272 0)
(1.074389149 -0.06602325576 -1.007318938e-18)
(1.102864991 -0.06524912085 9.51413091e-19)
(1.117422672 -0.06373389045 0)
(1.124685531 -0.06187290427 4.988962887e-20)
(1.128345339 -0.0597160595 0)
(1.130209593 -0.0574357351 4.357939453e-20)
(1.131038875 -0.05497158345 6.751911357e-19)
(1.13123075 -0.05241317292 -7.204885272e-19)
(1.130968532 -0.0497060725 7.13585207e-20)
(1.130385396 -0.04690375135 -4.857830237e-19)
(1.129553035 -0.04397117243 1.04037697e-18)
(1.128533964 -0.040940439 -9.150392353e-19)
(1.127363116 -0.03779169216 4.585351042e-19)
(1.126070999 -0.03454463362 -1.104758106e-19)
(1.124674445 -0.03119002965 0)
(1.123191219 -0.0277416473 1.860100472e-19)
(1.121630705 -0.02419750754 -4.346368018e-19)
(1.120004071 -0.02056938678 3.271765013e-19)
(1.118322357 -0.01686114238 -3.781177408e-19)
(1.116598424 -0.01308466024 2.847401879e-19)
(1.114841358 -0.009248016759 1.268504764e-19)
(1.113046841 -0.005363405298 1.264249998e-19)
(1.11119458 -0.001442495902 0)
(1.109270821 0.002498425205 2.117594704e-19)
(1.107279706 0.006442561291 9.936786173e-20)
(1.105236265 0.01037154159 -7.714710694e-21)
(1.103154292 0.01426654521 -1.747359779e-19)
(1.101047065 0.01810697102 3.151859925e-19)
(1.098926227 0.02187157841 -1.500817719e-19)
(1.096800203 0.02553832287 0)
(1.094674053 0.02908464614 -1.27166927e-19)
(1.092553919 0.03248753178 -2.383823057e-19)
(1.090447181 0.03572395008 1.094094281e-19)
(1.088359527 0.03877155839 -7.755634467e-21)
(1.086294604 0.04160813705 0)
(1.084253584 0.04421332565 -8.491285127e-20)
(1.082237291 0.04656682701 2.423162928e-19)
(1.080245344 0.04865198096 0)
(1.078274855 0.05045165978 0)
(1.076317981 0.05195550159 0)
(1.074366217 0.05314926878 -5.792346326e-20)
(1.072403823 0.05403257065 5.505361999e-20)
(1.070418568 0.05459274408 -2.017408973e-19)
(1.068385339 0.05484535569 -1.859173398e-19)
(1.066293284 0.05477452087 -1.710442359e-19)
(1.064100069 0.05442375109 0)
(1.061805223 0.05376193243 0)
(1.059339216 0.0528809617 0)
(1.056734955 0.05170989551 0)
(1.053870566 0.05042572558 0)
(1.050855701 0.04887015325 1.905385855e-19)
(1.047464999 0.04736871504 -3.56062032e-19)
(1.043963856 0.04559249128 -2.575955714e-19)
(1.039922747 0.04412419982 -2.527395556e-19)
(1.035904394 0.04232369986 -2.657537871e-20)
(1.03109513 0.04121206084 1.318429311e-20)
(1.026606017 0.039616103 1.313986248e-19)
(1.020936992 0.03926973663 1.876721368e-21)
(1.0161511 0.03813210161 1.423801386e-19)
(1.009616569 0.03904172575 -1.091538143e-21)
(1.004899822 0.0385507347 -1.227872533e-20)
(0.9975910728 0.04125741649 4.963410848e-21)
(0.9935198785 0.04138684063 -9.307123515e-20)
(0.9855433079 0.04651244106 -3.427204383e-19)
(0.9829489827 0.04683943858 -3.348872406e-19)
(0.9742339892 0.05523744646 4.833158543e-19)
(0.9744024078 0.05477717128 -2.31275461e-21)
(0.9645212669 0.06766925994 6.03350526e-19)
(0.9694343768 0.06448539732 0)
(0.957136069 0.08376566833 -1.517324414e-20)
(0.9699790639 0.07443062411 5.873511885e-19)
(0.952246563 0.1029497614 1.365783792e-18)
(0.9779400521 0.08210331007 1.49710135e-19)
(0.9393514075 0.1245161993 3.212489259e-21)
(0.4730425639 -0.03621341234 0)
(0.6490493053 -0.04873966314 1.236918343e-19)
(0.7687853285 -0.05463784838 -7.837818733e-19)
(0.8758600063 -0.05927589515 6.935966083e-19)
(0.970428735 -0.06230057009 6.282387555e-19)
(1.04232597 -0.06383641148 -3.42621262e-21)
(1.088563084 -0.06383796879 -3.592081759e-21)
(1.114187438 -0.06289433716 -1.017947984e-18)
(1.127006843 -0.06126537514 3.765208015e-21)
(1.133364668 -0.05936285408 4.475178461e-19)
(1.136540207 -0.05717047464 0)
(1.138114121 -0.05488118963 0)
(1.138731364 -0.05240285601 0)
(1.138749007 -0.04984367556 8.1931365e-20)
(1.138327229 -0.04713237409 0)
(1.137592817 -0.04433426701 0)
(1.136610685 -0.04140506098 -5.535697419e-19)
(1.135441518 -0.03838371231 5.246959427e-19)
(1.134117087 -0.03524544883 0)
(1.132666718 -0.03201383774 -3.423326653e-19)
(1.13110554 -0.02867720119 5.392649923e-19)
(1.129450949 -0.02525148665 -9.595484393e-20)
(1.12771124 -0.0217335544 1.855079674e-19)
(1.125897435 -0.01813647283 0)
(1.124020542 -0.01446357146 -2.415401465e-19)
(1.12209354 -0.01072743773 8.358609215e-20)
(1.120125342 -0.006935908369 1.501287549e-19)
(1.118110491 -0.003101453793 2.946447271e-21)
(1.116027493 0.0007642943327 -2.390330908e-19)
(1.113863814 0.004644861003 1.183484749e-19)
(1.111626117 0.008523702563 3.131211159e-19)
(1.10933127 0.01238280852 -1.957644163e-19)
(1.106993786 0.01620384003 3.581718485e-19)
(1.104627896 0.01996666533 8.679052151e-21)
(1.10224626 0.02365070252 3.07073731e-19)
(1.099858346 0.0272346392 -1.402082855e-19)
(1.097470355 0.03069670296 2.66389907e-19)
(1.095089983 0.03401477546 2.42127607e-19)
(1.09272624 0.03716682294 -1.107643033e-19)
(1.090386243 0.04013159934 2.000210583e-19)
(1.08807501 0.04288801197 -2.923033811e-19)
(1.085795078 0.04541686241 -8.740030529e-20)
(1.083548573 0.04769904863 -7.835305259e-20)
(1.081336459 0.04971896224 1.53135252e-19)
(1.079156923 0.05146067272 -2.101829045e-19)
(1.077003203 0.05291454198 6.551886234e-20)
(1.074867634 0.05406746979 2.989517096e-19)
(1.072735623 0.0549191681 -5.583998911e-20)
(1.070595268 0.05545818924 -2.01463093e-21)
(1.068422874 0.05569912763 -1.365656118e-21)
(1.066207214 0.05562774538 1.289337413e-19)
(1.063908006 0.0552847762 4.003650338e-20)
(1.061522918 0.05464200551 -2.521113661e-19)
(1.058986095 0.05378556151 -3.340884341e-20)
(1.056325779 0.05265016574 2.36234517e-19)
(1.053426918 0.05140225374 0)
(1.050389424 0.04989456422 -1.905925108e-19)
(1.047000853 0.04843436786 2.243388431e-20)
(1.043508244 0.04671300175 2.753512687e-19)
(1.039505637 0.0452830081 5.000117099e-19)
(1.035523546 0.0435393562 1.225766995e-20)
(1.030790179 0.04245373441 -4.262105234e-22)
(1.026360854 0.04090997692 -1.909082253e-21)
(1.020806592 0.0405655183 -1.236356111e-20)
(1.016097488 0.03946400528 5.002388159e-21)
(1.009710222 0.04033748232 -1.132555961e-21)
(1.005075387 0.03985675839 1.692638436e-20)
(0.9979310725 0.04247897894 6.302394735e-20)
(0.9939362219 0.04259202516 7.453661397e-20)
(0.9861218372 0.04757622482 7.532789172e-21)
(0.9835922674 0.04787302504 -1.256573487e-20)
(0.9750228799 0.05605518984 -4.726182082e-19)
(0.9752333398 0.05557137464 0)
(0.9654653198 0.06814886371 -6.02861555e-19)
(0.9703827799 0.0649895796 1.449178011e-20)
(0.9581525677 0.08381234955 0)
(0.9709242155 0.0746357175 0)
(0.9532354389 0.1024838554 -2.695536765e-18)
(0.9786929737 0.08209419152 -1.761099553e-19)
(0.9407590471 0.1234549951 1.228614615e-20)
(0.4848583504 -0.03563427799 -1.675487486e-18)
(0.6656700136 -0.04784384427 4.659468618e-21)
(0.788031466 -0.05343022683 0)
(0.89676633 -0.05777700287 0)
(0.9904836924 -0.06040175249 0)
(1.059496949 -0.0615835438 -4.018040989e-20)
(1.10227339 -0.06129066461 0)
(1.12520485 -0.06019379288 5.06769382e-19)
(1.136460505 -0.05845525126 -5.771209931e-19)
(1.142019267 -0.05651621467 0)
(1.144758296 -0.05428572693 0)
(1.146060925 -0.05198721965 -4.131298358e-19)
(1.146471317 -0.04949128116 3.399266631e-19)
(1.146314728 -0.04693001929 3.608864448e-19)
(1.145730478 -0.04421179436 -3.41442801e-19)
(1.144840794 -0.04141658485 0)
(1.143703956 -0.03848890888 2.950246865e-19)
(1.142379327 -0.03547607073 -3.514369939e-19)
(1.140895503 -0.03234742104 6.706811859e-20)
(1.139280836 -0.02913116387 0)
(1.137548792 -0.02581273532 -2.265592878e-19)
(1.135716563 -0.02241069125 1.091496637e-19)
(1.133791354 -0.01892052477 -9.545707589e-20)
(1.131784181 -0.01535682781 -9.480678212e-20)
(1.129706105 -0.01172235124 0)
(1.127570286 -0.008030510631 -7.721004957e-20)
(1.125385516 -0.004288879765 3.019489293e-19)
(1.123145165 -0.0005102992998 -1.449674707e-19)
(1.120826602 0.003293604612 2.525559931e-19)
(1.118418816 0.007106145836 -2.401275556e-19)
(1.115931148 0.01091105842 -1.068505871e-19)
(1.11338226 0.01469072187 9.642063739e-20)
(1.110787287 0.01842727789 -3.7439829e-19)
(1.10816143 0.02210114881 -1.697534232e-19)
(1.105518395 0.02569248799 -1.569935735e-19)
(1.102868678 0.02918079032 1.51766326e-19)
(1.100219608 0.03254520099 -1.340613297e-19)
(1.097580438 0.03576461957 -1.245104978e-19)
(1.094961748 0.03881815602 2.370724707e-19)
(1.092372013 0.04168581013 2.1101363e-19)
(1.089817537 0.04434775552 1.947492076e-19)
(1.087302145 0.04678609568 0)
(1.084829167 0.04898303219 0)
(1.082400837 0.05092412123 -3.859825964e-19)
(1.080016306 0.05259470295 2.137043815e-19)
(1.077669791 0.05398595835 0)
(1.075354381 0.05508594625 3.634132433e-21)
(1.073056514 0.0558945826 0)
(1.070764586 0.05640158657 2.037189053e-19)
(1.068456165 0.05662072213 1.411067984e-19)
(1.06611972 0.05653925189 4.389853515e-20)
(1.063716796 0.05619535809 3.861259683e-20)
(1.061243427 0.05556345135 2.506223194e-19)
(1.05863707 0.05472426758 2.606898531e-19)
(1.055921797 0.05361773093 -2.076291616e-19)
(1.052988793 0.05240029759 -2.727151809e-20)
(1.049929072 0.05093501394 0)
(1.046542142 0.04951173911 4.993743333e-19)
(1.043058045 0.04784098952 0)
(1.039092902 0.04644625853 -2.343492416e-19)
(1.035146869 0.04475613202 1.833162145e-19)
(1.030487774 0.04369453497 2.271001028e-20)
(1.026117907 0.04220039117 -9.291041909e-21)
(1.020675931 0.04185674386 9.52126636e-20)
(1.016043216 0.04079005178 0)
(1.00980049 0.04162718618 0)
(1.005247527 0.04115710285 -1.58427852e-20)
(0.9982657376 0.04369488028 -3.370377515e-21)
(0.9943473043 0.04379347315 -9.000790101e-20)
(0.9866950258 0.04863558534 -1.485669701e-19)
(0.9842294 0.04890513997 1.222098941e-20)
(0.9758075026 0.0568697588 -4.703671156e-19)
(0.9760576451 0.05636672443 0)
(0.9664073799 0.06862617207 -1.501308581e-20)
(0.9713236838 0.06549786239 2.988600398e-20)
(0.9591708624 0.08385765735 -2.957764782e-20)
(0.9718604688 0.07484829185 -5.40534419e-19)
(0.9542333105 0.1020175726 2.642039869e-18)
(0.9794359947 0.08209400553 3.276287858e-19)
(0.9421832865 0.1223920826 0)
(0.4965569072 -0.03473861916 0)
(0.6826117345 -0.04674564183 -6.632067116e-20)
(0.8077678391 -0.05195433953 8.80694763e-19)
(0.9179942873 -0.05594085367 -7.833775355e-19)
(1.010431912 -0.05812808286 7.113655912e-19)
(1.076256595 -0.05895070912 -1.281552541e-18)
(1.115535789 -0.0583654104 6.202512062e-19)
(1.135954582 -0.05713125489 -2.413953885e-21)
(1.145810977 -0.0552864627 6.049190411e-19)
(1.150663203 -0.05331580799 -4.511508139e-21)
(1.153004576 -0.05104390821 -4.746967303e-19)
(1.154050413 -0.04873621508 5.698309394e-20)
(1.154256535 -0.04621907508 5.133742683e-19)
(1.153924111 -0.0436547977 -3.878477009e-19)
(1.153173169 -0.04092703946 3.584343624e-19)
(1.152123097 -0.03813381889 -4.35508628e-21)
(1.150825528 -0.03520614991 -3.175141503e-19)
(1.149339039 -0.03220144468 7.136595026e-20)
(1.147689001 -0.02908201847 4.324269272e-21)
(1.145903008 -0.02588163749 -2.552352705e-19)
(1.143992902 -0.02258230883 3.586671578e-19)
(1.141975849 -0.01920564936 -1.086140401e-19)
(1.13985796 -0.01574557023 0)
(1.137650392 -0.01221844969 9.437316236e-20)
(1.135364362 -0.008626344166 0)
(1.133013272 -0.004983642239 0)
(1.130605858 -0.001297644236 -1.519517695e-19)
(1.128134282 0.00241837942 5.711362114e-21)
(1.125574877 0.006152786744 2.745935102e-19)
(1.122918476 0.009888657003 0)
(1.12017726 0.01361005488 -2.27819573e-19)
(1.11737162 0.01729977284 3.2077843e-19)
(1.114517223 0.02094049413 0)
(1.111630284 0.0245132452 0)
(1.108725579 0.02799899192 -3.369770065e-19)
(1.105814605 0.03137817196 1.638167965e-19)
(1.102905819 0.03463093917 0)
(1.100009994 0.03773735833 1.335969635e-19)
(1.097139223 0.04067782759 2.29585034e-22)
(1.094303236 0.04343374299 -2.292724731e-19)
(1.091509524 0.04598667494 -2.105548764e-19)
(1.088763107 0.04832016152 -9.545169159e-20)
(1.086068398 0.05041780755 8.971870616e-20)
(1.083428803 0.05226643899 2.372162772e-19)
(1.080844313 0.05385273394 0)
(1.078310005 0.05516877522 6.57365534e-20)
(1.07581963 0.0562037991 -2.458966219e-19)
(1.073360527 0.05695800806 -5.738196221e-20)
(1.070921355 0.0574222424 0)
(1.068480787 0.05760955527 -1.899379088e-19)
(1.066027053 0.05750857273 0)
(1.063523303 0.05715512666 0)
(1.060964162 0.05652599698 0)
(1.058290045 0.05569687164 -2.607876079e-19)
(1.055521341 0.05461244241 0)
(1.052554889 0.05341972992 -2.554615343e-20)
(1.049473654 0.05199139315 2.429031925e-20)
(1.04608813 0.0506006999 -3.303803206e-19)
(1.042612724 0.04897630434 2.705124532e-19)
(1.03868414 0.04761376207 1.630120179e-20)
(1.034774069 0.04597382115 1.014378261e-20)
(1.03018768 0.0449342251 3.238248469e-19)
(1.025877003 0.04348713066 0)
(1.020544891 0.04314318164 -9.000024021e-20)
(1.015988182 0.04211000489 -1.397570612e-19)
(1.009887293 0.04291056125 1.214807156e-21)
(1.005416122 0.04245146541 -5.221324454e-22)
(0.9985949115 0.04490479131 -6.018827848e-20)
(0.9947529315 0.04499088438 8.380760277e-20)
(0.9872625854 0.04969021382 1.48686496e-19)
(0.9848600984 0.04993557027 1.187671177e-20)
(0.976587537 0.05768088956 4.59946296e-19)
(0.9768749758 0.05716317541 -3.717151604e-19)
(0.9673471635 0.06910099511 0)
(0.9722567364 0.06601036314 0)
(0.9601908154 0.08390143745 0)
(0.9727874797 0.07506853952 2.603208819e-19)
(0.9552402156 0.1015506654 -1.282040403e-18)
(0.9801685598 0.08210300369 -1.63975139e-19)
(0.9436240343 0.1213271008 0)
(0.508159375 -0.0338176641 1.795372276e-18)
(0.7000103063 -0.04535311114 -1.166447426e-18)
(0.8280342389 -0.05016549327 9.313427152e-19)
(0.9394721771 -0.05374637492 -7.754860941e-19)
(1.030209893 -0.05545694749 -7.532566948e-19)
(1.092583763 -0.05592262102 1.402002663e-18)
(1.12837693 -0.05504682311 -7.007992729e-19)
(1.146476837 -0.05369128877 3.718718971e-20)
(1.155084902 -0.05174107169 0)
(1.159309454 -0.04974312787 0)
(1.161283412 -0.04742531145 0)
(1.162082472 -0.0451087463 -5.661961257e-20)
(1.162084177 -0.04256653019 -5.291832681e-20)
(1.161572541 -0.03999877455 5.261867758e-20)
(1.160649213 -0.03725909083 0)
(1.159432389 -0.03446754321 3.545455121e-19)
(1.157966882 -0.03153884729 -3.360167522e-19)
(1.156311033 -0.02854258721 3.094652394e-19)
(1.154486892 -0.02543267397 -7.529111052e-20)
(1.152521526 -0.02224947183 -2.742333039e-19)
(1.150425184 -0.01897093022 2.514709985e-19)
(1.148215196 -0.01562227182 -2.388030529e-19)
(1.145896559 -0.0121955329 0)
(1.143480751 -0.008709152906 0)
(1.140979242 -0.005164397062 9.06963717e-20)
(1.138405749 -0.001576761538 -1.793228448e-19)
(1.135769025 0.002046784332 1.625368158e-19)
(1.133060002 0.00569245475 -3.031350756e-19)
(1.130254093 0.009348582426 1.750457718e-21)
(1.127344332 0.01299802561 -3.957309418e-19)
(1.12434589 0.01662523472 2.419856477e-19)
(1.121280804 0.02021347742 -1.134291766e-19)
(1.118165191 0.02374601385 1.053222916e-19)
(1.115016342 0.02720456903 -9.348705339e-20)
(1.111850123 0.03057103154 2.601504719e-19)
(1.108678998 0.0338268687 -1.576556935e-19)
(1.105512542 0.03695338129 0)
(1.102362992 0.03993195064 1.391243605e-22)
(1.099243884 0.04274439973 -1.270327084e-19)
(1.096166072 0.04537367178 1.128190823e-19)
(1.093138129 0.04780285168 3.138752975e-19)
(1.090166142 0.05001703753 -1.949980888e-19)
(1.087255482 0.05200132419 -1.744000301e-19)
(1.084410594 0.0537439041 -2.429848546e-19)
(1.081632189 0.05523284861 -1.220920469e-21)
(1.078916047 0.05646121168 -6.92793306e-20)
(1.076256499 0.057419417 6.112761157e-20)
(1.073641633 0.0581080178 -5.812612266e-20)
(1.071060345 0.05851892909 5.116385083e-20)
(1.068492244 0.05866459003 1.413430695e-19)
(1.065925382 0.05853486127 -1.317208475e-19)
(1.063324304 0.0581633993 1.568079816e-19)
(1.060682438 0.05752911703 -7.196154759e-20)
(1.057942828 0.05670296418 -1.94992675e-19)
(1.055122631 0.05563399769 2.040848902e-19)
(1.052123813 0.05446030683 2.542459037e-20)
(1.04902207 0.05306351255 -2.417452868e-20)
(1.045638002 0.05170106801 1.843959517e-19)
(1.042171643 0.05011877366 -3.235042361e-19)
(1.03827889 0.04878532272 2.448598349e-19)
(1.03440477 0.04719223579 1.185688653e-20)
(1.029889627 0.04617259184 -1.670015448e-19)
(1.025637905 0.04477001389 -1.328700824e-19)
(1.020413332 0.04442462799 0)
(1.015932269 0.0434236694 2.050211707e-19)
(1.009970551 0.04418736747 -1.702773703e-21)
(1.00558106 0.04373960032 1.911240934e-20)
(0.9989184644 0.04610843417 5.443540794e-20)
(0.9951529072 0.04618396801 -1.589103653e-19)
(0.9878242705 0.05073980986 -1.480435829e-19)
(0.9854840839 0.05096415089 2.03578838e-20)
(0.977362697 0.0584883229 -4.433287398e-19)
(0.9776849868 0.05796069177 9.137758751e-21)
(0.9682844156 0.0695731261 0)
(0.9731815716 0.06652721217 0)
(0.9612122915 0.08394350063 -5.83459849e-19)
(0.9737048673 0.07529667816 2.63555265e-19)
(0.9562561913 0.101082867 0)
(0.9808900148 0.08212147019 -1.536670473e-19)
(0.945081051 0.1202597358 -1.99587958e-20)
(0.5200586148 -0.03253042458 5.861825437e-20)
(0.7176052811 -0.04361207077 1.216434038e-18)
(0.8488159254 -0.04799809116 -3.631280091e-21)
(0.961140843 -0.0511467689 -9.834740488e-19)
(1.049755286 -0.05234398685 0)
(1.108461401 -0.05246727765 -4.776873516e-20)
(1.14082514 -0.0513059968 4.208352182e-20)
(1.156807509 -0.04984713404 -6.469448834e-19)
(1.164303011 -0.04779208986 1.213677977e-18)
(1.167966226 -0.04577296557 -1.132641915e-18)
(1.169595565 -0.04340490576 1.125247698e-18)
(1.170154127 -0.04108135171 -1.050755668e-18)
(1.169948947 -0.03851078232 4.63821903e-19)
(1.169253218 -0.03594027585 -1.077565256e-19)
(1.168150492 -0.03318696494 -3.484153289e-19)
(1.166759424 -0.03039774282 2.822838802e-19)
(1.165117662 -0.02746774596 0)
(1.163283903 -0.02448116205 0)
(1.16127674 -0.02138189373 -3.04409077e-19)
(1.159122957 -0.01821814536 2.889504652e-19)
(1.156831244 -0.01496306481 0)
(1.154419299 -0.01164606573 0)
(1.151890985 -0.008257008291 1.189518359e-19)
(1.149258296 -0.004816707394 0)
(1.14653307 -0.001325467946 9.757118745e-20)
(1.143729411 0.002199951747 0)
(1.140856186 0.005752956071 8.837218362e-20)
(1.137903068 0.009319198336 2.395728066e-19)
(1.1348447 0.01288699387 1.347940871e-21)
(1.131676703 0.01643899412 1.335965369e-19)
(1.128417364 0.01996012972 -1.291030609e-19)
(1.125090275 0.02343420498 1.147198261e-19)
(1.121711913 0.02684514501 -3.237829182e-19)
(1.118300751 0.03017544878 0)
(1.114873716 0.03340803712 8.928930275e-20)
(1.111444234 0.03652555849 -2.986931512e-21)
(1.108022937 0.03951057667 -2.803553879e-21)
(1.104623481 0.04234594707 -7.154834812e-20)
(1.101260735 0.04501505805 0)
(1.097946541 0.04750254005 0)
(1.09469042 0.04979309981 2.184755295e-19)
(1.091499387 0.05187350754 1.948928508e-19)
(1.088379618 0.05373042286 9.390720379e-20)
(1.085336459 0.05535348653 2.477317353e-19)
(1.082371188 0.05673220532 3.760215457e-19)
(1.079480139 0.05786065621 -7.046131936e-20)
(1.076658117 0.05873044997 6.187730404e-20)
(1.073893816 0.05934253556 -1.153527521e-19)
(1.07117632 0.05968985332 -1.575178219e-19)
(1.068486029 0.05978430315 0)
(1.065810847 0.05961685763 1.744001239e-19)
(1.063116549 0.05921914828 -1.198353343e-19)
(1.060395518 0.0585720022 -1.777929704e-21)
(1.05759318 0.05774190787 2.268619707e-19)
(1.054723823 0.05668191799 -4.395694578e-19)
(1.051694111 0.05552165335 -2.699448147e-20)
(1.048573147 0.05415109261 0)
(1.04519088 0.05281260299 1.956555084e-20)
(1.041734099 0.05126819925 -1.860579709e-20)
(1.037876641 0.04996073871 -2.432300199e-19)
(1.034038544 0.04841120103 -4.098155134e-19)
(1.02959331 0.04740944069 9.528195754e-21)
(1.02540034 0.04604889196 1.238319197e-19)
(1.020281097 0.04570091182 0)
(1.015875322 0.04473089472 -7.02401357e-20)
(1.010050187 0.0454574028 2.969185677e-21)
(1.005742213 0.04502129161 -2.022724871e-20)
(0.999236279 0.04730554282 -5.240938409e-20)
(0.9955470406 0.04737249608 8.025228675e-20)
(0.9883798468 0.05178409523 1.478805564e-19)
(0.9861010778 0.05199071045 1.272724441e-19)
(0.9781327113 0.05929179069 2.098868479e-19)
(0.9784873179 0.05875925576 3.748789781e-19)
(0.9692188786 0.07004233938 -5.25922132e-19)
(0.9740977913 0.06704855269 -3.365616589e-19)
(0.962235145 0.08398363686 5.691581834e-19)
(0.9746122024 0.07553293393 -2.399499401e-19)
(0.9572812389 0.1006138938 1.112267869e-20)
(0.9815996568 0.082149687 1.54798912e-19)
(0.9465540148 0.1191897497 -1.276731459e-18)
(0.5318136694 -0.03074295907 4.000057702e-18)
(0.7359471827 -0.04159000789 -1.271922517e-18)
(0.8701951657 -0.04542854674 0)
(0.9829250665 -0.04809284495 5.57384704e-20)
(1.069004245 -0.04874871457 0)
(1.123873453 -0.04855067368 9.785874412e-20)
(1.152903101 -0.04711689424 -6.825162574e-19)
(1.166972485 -0.04557383434 6.877802406e-19)
(1.173476563 -0.04341293013 4.112351699e-20)
(1.17663466 -0.04138055149 0)
(1.177936669 -0.03895759083 4.145587718e-19)
(1.178258543 -0.03663032327 -4.594784286e-19)
(1.177842439 -0.03402839826 5.449902608e-19)
(1.176956703 -0.03145691531 -4.596269873e-19)
(1.175666534 -0.02868884019 -4.725449774e-19)
(1.174092774 -0.02590355755 4.951887415e-19)
(1.17226543 -0.02297275424 0)
(1.170244218 -0.01999807332 2.540305458e-19)
(1.168044114 -0.01691154339 -3.252499976e-19)
(1.165691892 -0.01377060743 -7.71692133e-20)
(1.163194733 -0.01054276009 0)
(1.16057092 -0.007262302505 0)
(1.157823162 -0.003916527434 -1.18425894e-19)
(1.1549642 -0.0005289508608 0)
(1.152006359 0.002901234665 1.074085319e-19)
(1.148964208 0.006355866906 -1.921851252e-19)
(1.145846845 0.009828823451 -8.326896131e-20)
(1.142642658 0.01330512693 8.776294051e-20)
(1.139325701 0.01677309814 -2.298125836e-19)
(1.13589459 0.0202152463 -1.456229573e-19)
(1.132370834 0.02361708372 -1.349913441e-19)
(1.128779461 0.0269630555 1.232559661e-19)
(1.125137247 0.03023779724 1.093163624e-19)
(1.121463923 0.03342473695 0)
(1.117777478 0.03650796228 9.574391127e-20)
(1.114092243 0.03947140745 -2.601927624e-19)
(1.110419846 0.04229907091 8.063883898e-20)
(1.106775296 0.04497542515 0)
(1.103174663 0.04748556254 -1.342530385e-19)
(1.099630621 0.04981592797 -5.934808752e-20)
(1.096153484 0.05195294561 -2.738052524e-19)
(1.092751047 0.05388515404 4.950662537e-20)
(1.089430101 0.05560083781 -2.747611787e-19)
(1.086196755 0.05709114939 -4.432309936e-20)
(1.083052681 0.05834705715 -2.307751574e-19)
(1.079994614 0.0593636926 0)
(1.07701771 0.06013384079 0)
(1.074111139 0.06065887074 0)
(1.071264108 0.06093269388 2.632902534e-19)
(1.068457671 0.06096672323 -2.42974448e-19)
(1.065679607 0.0607529255 0)
(1.062896773 0.06032103434 0)
(1.060100652 0.05965358807 0)
(1.057238813 0.05881286128 0)
(1.054323033 0.05775556283 2.620360898e-19)
(1.051264257 0.05660327036 -1.717695193e-21)
(1.048125669 0.05525376194 -1.718377844e-21)
(1.044745805 0.05393500114 -2.113737464e-20)
(1.041299346 0.05242434427 -1.573529686e-19)
(1.037476807 0.05113978887 1.356091864e-19)
(1.033674934 0.0496305402 4.062817642e-19)
(1.029298368 0.04864458662 0)
(1.025164017 0.04732363001 0)
(1.020147989 0.04697187596 8.839017075e-20)
(1.015817185 0.04603155037 7.1517354e-20)
(1.01012612 0.04672048207 3.242586064e-20)
(1.005899461 0.04629636408 -8.612487958e-22)
(0.9995482638 0.04849588355 -3.916674354e-22)
(0.995935161 0.04855623078 -6.745863828e-20)
(0.9889291165 0.05282278273 0)
(0.9867107899 0.05301511056 -1.35703782e-19)
(0.9788973232 0.06009101734 4.124590658e-19)
(0.9792815844 0.0595588485 -3.441254281e-19)
(0.9701503077 0.0705083817 5.114073965e-19)
(0.9750049551 0.0675745332 3.488161765e-19)
(0.9632592103 0.08402159495 0)
(0.9755089961 0.07577756091 2.521235777e-19)
(0.958315322 0.1001434463 -5.801310387e-19)
(0.9822966791 0.08218796386 0)
(0.948042397 0.1181169911 1.273784091e-18)
(0.5438251038 -0.02874947244 6.807303468e-20)
(0.7549623522 -0.03922537731 -4.300581224e-20)
(0.8921020414 -0.04243626398 3.485070995e-20)
(1.004808243 -0.04456162616 9.624327723e-19)
(1.087870586 -0.04464954906 -8.312252252e-19)
(1.138772464 -0.04415569717 -5.007395802e-20)
(1.164639415 -0.04245932027 -4.68482486e-20)
(1.176997759 -0.04085367549 -7.632892427e-19)
(1.182615833 -0.03858114105 5.911457546e-19)
(1.185315255 -0.03654394647 0)
(1.186301773 -0.0340597326 -5.104346401e-19)
(1.186388132 -0.03173259801 6.295982597e-21)
(1.185755176 -0.02909596469 4.508374052e-19)
(1.184672202 -0.02652600141 -3.163704127e-21)
(1.183185247 -0.02374234679 4.417049348e-19)
(1.181419201 -0.02096348885 -4.718442945e-19)
(1.179395788 -0.01803311476 4.975022034e-20)
(1.177176483 -0.01507360846 1.810783477e-19)
(1.174772453 -0.01200292961 0)
(1.172210752 -0.008889389297 3.8887456e-19)
(1.169497115 -0.005693820453 -3.716004752e-19)
(1.166650645 -0.002456147545 -6.993288737e-20)
(1.163672871 0.000839317075 1.862331565e-19)
(1.160577542 0.00416599624 -5.572898672e-21)
(1.157377597 0.007526045078 -4.407706835e-19)
(1.154088158 0.01089974308 0)
(1.150718684 0.01428152872 0)
(1.147256257 0.01765577273 0)
(1.143674553 0.02101084798 7.86529681e-20)
(1.13997561 0.0243291967 -7.174035546e-22)
(1.136184233 0.02759705905 4.072858897e-19)
(1.132326753 0.03079960867 -1.279587802e-19)
(1.128420177 0.03392233129 4.044765945e-21)
(1.124485588 0.03694970386 1.080982262e-19)
(1.120542003 0.03986710835 -1.910622781e-19)
(1.116604579 0.04265996259 3.534934397e-19)
(1.112685882 0.04531381221 8.214541516e-20)
(1.108802161 0.04781491182 0)
(1.104970548 0.05015018518 1.341690723e-19)
(1.101204363 0.05230800589 -6.080920099e-20)
(1.097514545 0.05427659372 1.697606303e-19)
(1.093909497 0.0560463359 0)
(1.090396426 0.05760718168 4.604956542e-20)
(1.086982048 0.05895183906 8.40772099e-20)
(1.083668247 0.06007274363 3.990760098e-20)
(1.080451996 0.06096609152 3.476855229e-20)
(1.077328682 0.06162581435 -3.307339559e-20)
(1.07428781 0.06205370434 5.754592156e-20)
(1.071318661 0.0622445845 -5.472946952e-20)
(1.068402791 0.06220940959 1.937169192e-19)
(1.065527895 0.06194102994 4.302340564e-20)
(1.062661755 0.0614673824 -7.982152594e-20)
(1.059795113 0.06077253294 3.699809061e-20)
(1.056877442 0.05991475646 -3.153597102e-20)
(1.053918367 0.05885411368 2.99827199e-20)
(1.050832705 0.0577045214 0)
(1.047678381 0.05637105091 0)
(1.044301788 0.05506788984 1.604477825e-19)
(1.040866588 0.0535869335 1.240730714e-19)
(1.037078775 0.05232223268 -1.039385102e-19)
(1.033313437 0.05085007541 -2.023193798e-19)
(1.029004423 0.04987785028 0)
(1.024928608 0.04859410915 -7.162086133e-21)
(1.0200138 0.04823737984 -8.673631231e-20)
(1.015757662 0.04732552924 -3.374854706e-21)
(1.010198258 0.04797644344 -2.809470524e-20)
(1.006052652 0.04756465237 0)
(0.9998543293 0.04967921753 -4.130818059e-20)
(0.9963170733 0.04973498654 6.574597553e-20)
(0.9894718803 0.05385560185 0)
(0.9873129158 0.05403719616 -1.050822305e-20)
(0.9796562801 0.06088570621 -1.812019102e-19)
(0.9800673678 0.06035945855 3.063651414e-19)
(0.9710784433 0.07097097159 2.55149779e-20)
(0.9759025735 0.06810531325 -3.312786548e-19)
(0.964284297 0.08405709802 0)
(0.9763946918 0.07603082288 0)
(0.9593583497 0.09967121546 5.686015122e-19)
(0.9829802168 0.08223661738 -7.357708187e-20)
(0.949545523 0.1170414105 -7.937157232e-21)
(0.5560751551 -0.02674894126 -2.346865058e-18)
(0.7747344119 -0.03645009928 1.44537929e-18)
(0.9144983568 -0.03897630078 1.098335059e-18)
(1.026723639 -0.04052933808 -2.022987554e-18)
(1.106302032 -0.04001834319 1.802696878e-18)
(1.153174064 -0.03926439546 -8.133259062e-19)
(1.176076211 -0.03730486471 5.195288329e-20)
(1.186911673 -0.03566152219 4.597123332e-20)
(1.191731582 -0.03326807435 4.288334036e-20)
(1.19400871 -0.03123620068 6.534384975e-19)
(1.194685615 -0.02868354835 -6.161782701e-19)
(1.194534479 -0.02636184883 -5.684204679e-19)
(1.193676338 -0.02368733374 4.688567694e-19)
(1.192387191 -0.02112264779 5.559504123e-19)
(1.190692512 -0.01832330569 -6.723838702e-21)
(1.188723238 -0.01555461189 -3.851245644e-19)
(1.18649197 -0.0126269355 -4.948740748e-20)
(1.184062756 -0.00968720495 -9.237469595e-20)
(1.181442701 -0.006636781337 9.038669518e-20)
(1.178659451 -0.003556664265 2.416850817e-19)
(1.175717363 -0.0003998831233 -2.347885643e-19)
(1.172636601 0.002787157729 6.963239421e-20)
(1.169417489 0.006023636459 1.324352898e-19)
(1.166075076 0.009279550978 6.281659708e-20)
(1.162623051 0.01255862385 3.367477716e-19)
(1.159077171 0.01583944224 -5.760591956e-21)
(1.15544742 0.01911715713 -4.907644946e-19)
(1.151719544 0.02237544604 9.75306749e-20)
(1.147867086 0.02560280554 1.694511691e-19)
(1.143895949 0.02878174462 -1.512559286e-19)
(1.139834266 0.03189938309 1.391592518e-19)
(1.135709514 0.03494177268 -3.926423996e-19)
(1.131538865 0.03789534063 4.321311658e-21)
(1.127344846 0.04074580893 -1.112054387e-19)
(1.123147438 0.04348002836 0)
(1.118962532 0.04608502181 0)
(1.114803539 0.04854805549 -7.751164293e-20)
(1.110687815 0.05085731599 7.816629152e-20)
(1.106633389 0.05300166813 2.093579435e-19)
(1.102654021 0.05497151295 -1.271936464e-19)
(1.098761093 0.05675692502 5.92042134e-20)
(1.094963416 0.05835020063 -1.062558841e-19)
(1.091268411 0.05974297043 -4.685802617e-20)
(1.087683226 0.0609295191 2.200615983e-19)
(1.084209771 0.06190373174 -3.872342195e-20)
(1.080845094 0.06266285663 3.684271371e-20)
(1.077584689 0.06320192686 0)
(1.074418261 0.06352314032 1.19114996e-19)
(1.071335106 0.06362216448 0)
(1.068317156 0.06350950239 1.717857514e-19)
(1.065352041 0.06317878325 -1.543183662e-19)
(1.062408356 0.06265622412 0)
(1.059476206 0.0619272533 0)
(1.05650681 0.06104632898 0)
(1.05350791 0.05997659488 0)
(1.050397901 0.05882464594 0)
(1.047229978 0.05750239664 -2.196900199e-20)
(1.043857816 0.0562108263 -1.205154682e-19)
(1.04043497 0.05475564687 1.202925767e-19)
(1.036681912 0.0535077988 0)
(1.032953492 0.05206961768 -1.156500151e-20)
(1.028711087 0.05110904743 1.100178746e-20)
(1.024693734 0.04986021561 1.356499809e-19)
(1.019878321 0.04949728437 9.105871175e-20)
(1.015696519 0.04861273543 -5.080169625e-21)
(1.010266519 0.04922512891 0)
(1.006201631 0.04882602206 -1.255082713e-20)
(1.000154407 0.05085532879 2.312383024e-20)
(0.9966925699 0.05090855906 0)
(0.99000799 0.05488225841 4.05763488e-21)
(0.9879071274 0.05505683541 1.194038064e-19)
(0.9804093453 0.06167554675 0)
(0.9808442138 0.06116106715 1.55885953e-19)
(0.9720030277 0.07142979295 0)
(0.9767900924 0.06864105378 6.287703334e-19)
(0.9653101851 0.08408982188 0)
(0.9772686543 0.07629301785 -2.352862237e-19)
(0.9604101716 0.09919687293 -5.454380546e-19)
(0.9836492884 0.08229599076 8.324125395e-20)
(0.9510624515 0.1159630752 -5.783184342e-19)
(0.5687472459 -0.0242836618 2.350319609e-18)
(0.7948236549 -0.03325335656 1.405424055e-18)
(0.9372395757 -0.03495578308 -1.227197624e-18)
(1.048588893 -0.03593759485 -1.021162493e-18)
(1.124248531 -0.03480358349 1.008857821e-18)
(1.167095806 -0.03383789766 -8.435858476e-20)
(1.187244677 -0.03161165344 -1.060054913e-19)
(1.196730238 -0.02996118707 -5.070326855e-20)
(1.200824285 -0.02743654912 0)
(1.202707789 -0.02542404054 6.833140067e-19)
(1.203076509 -0.02279631196 -4.851278285e-20)
(1.202683835 -0.02048807792 -6.015395702e-19)
(1.20159047 -0.01777354874 6.805244526e-20)
(1.200085041 -0.01521991764 -5.172627558e-19)
(1.198170467 -0.01240598856 9.726659639e-19)
(1.195985946 -0.009652876306 -4.575628191e-19)
(1.193533938 -0.006731514362 -5.417977788e-20)
(1.190881962 -0.003817766635 0)
(1.188032791 -0.0007934986303 -8.995821939e-20)
(1.185014978 0.002245483375 -2.556524773e-19)
(1.181831611 0.005355259967 3.22588447e-19)
(1.17850416 0.008482034092 0)
(1.175031734 0.01164900114 -6.743242694e-20)
(1.171431012 0.01482233831 -6.258837511e-20)
(1.167716573 0.0180076434 6.0397048e-20)
(1.163904899 0.02118167107 1.11747242e-19)
(1.160006685 0.02434042873 -3.840336634e-21)
(1.156006309 0.02746691814 9.248808026e-20)
(1.151877458 0.03054986421 -3.454204182e-19)
(1.147630348 0.03357199475 2.42632518e-19)
(1.143296425 0.03652151231 5.891916252e-23)
(1.138904124 0.03938548537 1.325786369e-19)
(1.134470718 0.04215146385 0)
(1.13002027 0.04480658508 2.216881911e-19)
(1.125573608 0.04733932282 -2.098687738e-19)
(1.121147255 0.04973851691 9.541554113e-20)
(1.116755333 0.05199327262 -8.271587131e-20)
(1.112416155 0.05409385937 2.351584661e-19)
(1.108148451 0.05603117582 -2.140987487e-19)
(1.103966198 0.05779772817 0)
(1.099881011 0.05938548389 -5.771737644e-20)
(1.095901914 0.06078868386 1.612439836e-19)
(1.092036303 0.06200063112 0)
(1.088291602 0.0630171825 -4.335714254e-20)
(1.084669541 0.06383362946 1.202767859e-19)
(1.081167088 0.06444823642 0)
(1.077779714 0.06485707412 -3.225094639e-20)
(1.074497208 0.0650627091 -8.85479092e-20)
(1.071308814 0.06506157685 -1.086501197e-19)
(1.068196732 0.06486371619 -2.940737509e-19)
(1.065148537 0.06446343421 1.771738271e-19)
(1.06213355 0.06388528517 1.600191367e-19)
(1.059141329 0.06311590904 -1.439831871e-19)
(1.056124713 0.062206105 0)
(1.053089791 0.06112186062 8.739734777e-20)
(1.049958297 0.05996275199 2.661885e-20)
(1.046779166 0.05864713631 1.811894463e-19)
(1.043412853 0.05736329714 0)
(1.040003627 0.05593011822 -2.761171473e-19)
(1.036285549 0.05469619013 -1.387089905e-20)
(1.032594528 0.05328896713 1.318902782e-20)
(1.028417941 0.05233799224 0)
(1.024459011 0.05112184126 -1.094154191e-21)
(1.019741317 0.05075145736 -9.275803147e-20)
(1.015633509 0.04989308532 -3.384685387e-21)
(1.010330796 0.05046639001 -2.98391839e-20)
(1.006346213 0.05008033736 1.255054115e-20)
(1.000448414 0.05202399059 3.830365524e-20)
(0.9970614238 0.05207678562 3.218686107e-20)
(0.9905372778 0.05590247323 -2.77897466e-21)
(0.9884930727 0.05607387932 -2.422713207e-19)
(0.9811562837 0.0624602021 0)
(0.9816116164 0.06196366019 -1.55747457e-19)
(0.9729237923 0.07188449906 -1.232706444e-20)
(0.9776668904 0.06918192962 -1.34545248e-19)
(0.966336631 0.08411941315 -4.439751071e-22)
(0.9781301624 0.07656445954 2.238145558e-19)
(0.9614705838 0.09872008407 5.445814918e-19)
(0.9843028493 0.08236644809 0)
(0.952592064 0.1148821696 5.695167304e-19)
(0.5821372317 -0.02152869301 0)
(0.8160107951 -0.02965779114 9.530451523e-20)
(0.9603546803 -0.03031256128 7.744947364e-20)
(1.070295924 -0.03073424542 1.06806248e-18)
(1.141644476 -0.02896201745 -1.053650932e-18)
(1.18054346 -0.02784680689 2.892792656e-20)
(1.198159298 -0.02534434258 5.403043382e-20)
(1.206454563 -0.02372212094 5.036948926e-20)
(1.209882885 -0.02105369654 0)
(1.211396649 -0.01907776038 0)
(1.211455975 -0.0163678218 4.079854311e-20)
(1.21081691 -0.01408320272 0)
(1.209477381 -0.01132683987 6.152370173e-19)
(1.207744946 -0.008791638282 -1.086293122e-18)
(1.205597442 -0.005965076781 7.909164213e-21)
(1.203184836 -0.003234482592 4.768480592e-19)
(1.20049827 -0.0003243032469 -3.832814136e-19)
(1.197609765 0.002555632054 4.150309532e-19)
(1.194517475 0.005546250096 -3.792371388e-19)
(1.191251217 0.008534592543 3.603358848e-19)
(1.187812963 0.0115873114 -3.279221902e-19)
(1.184225752 0.01464218368 7.299225846e-21)
(1.180487484 0.01772705046 2.895798912e-19)
(1.176616847 0.02080388756 6.753062367e-20)
(1.172629457 0.02388046116 1.819068671e-19)
(1.168542616 0.0269315916 -3.418675097e-19)
(1.164367944 0.02995436096 -1.035698898e-19)
(1.160088407 0.03293110399 1.967071046e-19)
(1.155678145 0.03585091103 0)
(1.151152131 0.03869695421 -2.419196458e-19)
(1.146545046 0.04145872961 1.535904433e-19)
(1.141886074 0.04412452419 3.420182344e-19)
(1.137192522 0.04668313748 -2.576478459e-19)
(1.132490044 0.04912337942 -3.785027043e-21)
(1.127800177 0.0514355366 -3.711126947e-21)
(1.123139929 0.05361039524 2.296175919e-21)
(1.118523975 0.05563906967 1.970759247e-21)
(1.113971405 0.05751402873 -7.755876679e-20)
(1.109501429 0.0592282763 2.299937941e-21)
(1.105127997 0.06077647738 6.784176479e-20)
(1.100862736 0.06215250527 1.211624624e-19)
(1.096714663 0.06335255256 1.098563309e-19)
(1.092690916 0.0643715564 0)
(1.088799027 0.06520691421 -1.328720702e-19)
(1.085040347 0.06585525287 -3.825485407e-20)
(1.08141161 0.06631579356 -1.836928854e-19)
(1.077908146 0.06658556153 3.418057475e-20)
(1.074519712 0.06666743573 -1.208771499e-19)
(1.07123545 0.06655853464 1.087788973e-19)
(1.068037718 0.06626840129 1.969880576e-19)
(1.064914064 0.06579192562 0)
(1.061834451 0.06515203529 -7.025889249e-23)
(1.058787984 0.06433644784 1.441569106e-19)
(1.055729003 0.0633924364 1.288483225e-19)
(1.052662178 0.06228862341 -1.155292045e-19)
(1.049512351 0.06111783494 0)
(1.046324646 0.05980451887 -1.813839931e-19)
(1.042965839 0.05852472269 0)
(1.039571672 0.05710993407 1.376143781e-19)
(1.035888987 0.05588707815 0)
(1.032235945 0.05450790567 1.137940746e-20)
(1.028124539 0.05356449097 -1.082296724e-20)
(1.02422403 0.05237887542 -1.275774235e-19)
(1.019602533 0.0519997677 -5.067648478e-21)
(1.01556836 0.05116650063 -6.436204375e-20)
(1.010390976 0.05170008236 3.588292502e-20)
(1.006486199 0.05132748859 0)
(1.000736287 0.05318499656 -1.551682815e-21)
(0.9974233993 0.05323948125 -2.9263241e-20)
(0.9910596274 0.05691594149 3.766530291e-21)
(0.9890703883 0.05708819512 1.20210113e-19)
(0.9818969003 0.06323932428 -1.81921615e-19)
(0.9823690458 0.06276721444 -1.464730057e-19)
(0.9738404898 0.07233470661 0)
(0.9785322683 0.06972811735 -1.379764176e-19)
(0.9673633805 0.08414546636 -1.204551062e-20)
(0.9789784099 0.07684550532 -1.180450461e-20)
(0.9625393283 0.09824048555 1.136065563e-20)
(0.9849397424 0.08244837993 9.820696298e-21)
(0.954132973 0.1137990147 -2.284553333e-21)
(0.5960824542 -0.01843284651 0)
(0.8376967809 -0.02555964957 -2.287716723e-20)
(0.9837002726 -0.02502811611 -3.934695512e-20)
(1.091740084 -0.02490905938 0)
(1.158442602 -0.0224742676 -4.958943584e-19)
(1.193536994 -0.0212842076 4.3096868e-21)
(1.20883755 -0.01848366903 9.245710819e-19)
(1.216086425 -0.01692548835 -4.328629683e-19)
(1.218896632 -0.0140946087 -2.566559231e-20)
(1.220059611 -0.01217340528 0)
(1.219805123 -0.00937155179 -3.460476626e-19)
(1.218913455 -0.007121628345 3.269192758e-19)
(1.217315352 -0.004320982626 2.63733095e-19)
(1.215344125 -0.001812664965 -2.847546955e-19)
(1.212949413 0.001024107964 2.278039434e-19)
(1.210294785 0.003723912781 -2.479741278e-19)
(1.207358699 0.006616871415 2.270807611e-19)
(1.204218829 0.009453518052 -4.270702015e-19)
(1.200868423 0.012401338 2.008772258e-19)
(1.197338919 0.01532758333 -1.829318606e-19)
(1.193631399 0.01831113974 2.177190395e-19)
(1.189770728 0.02128029872 0)
(1.18575363 0.02426819877 2.214913651e-19)
(1.181601226 0.02723223437 -2.761489633e-19)
(1.177330326 0.03018272894 0)
(1.172959138 0.03309248577 -5.959580854e-20)
(1.168500447 0.03595988201 5.156071827e-20)
(1.163935751 0.03876666892 -1.996155663e-19)
(1.159239981 0.04150248291 3.112980073e-22)
(1.154433287 0.04415119546 0)
(1.149553437 0.04670386081 -7.852907252e-20)
(1.14463012 0.04915016476 -7.005304241e-20)
(1.1396806 0.05148039304 6.251778332e-20)
(1.134732156 0.05368524381 1.173093676e-19)
(1.129806839 0.055756969 -1.061070395e-19)
(1.124921958 0.0576885254 1.998368511e-19)
(1.120092566 0.059473121 -1.810568413e-19)
(1.115338308 0.06110553625 -8.095702923e-20)
(1.110678634 0.06258092665 -1.461438514e-19)
(1.106127194 0.06389613955 1.349353743e-19)
(1.101695401 0.06504693715 -1.839576605e-19)
(1.097392037 0.06603143816 -5.590416555e-20)
(1.093223743 0.0668461439 4.937149547e-20)
(1.089197995 0.06748993231 0)
(1.08531557 0.06796066563 -1.642153516e-19)
(1.081572829 0.06825844023 2.225016506e-19)
(1.077964843 0.06838113283 -1.346803123e-19)
(1.074481246 0.06833186194 1.210440942e-19)
(1.071111023 0.06810833478 1.097359766e-19)
(1.067836604 0.06771955164 1.724186761e-22)
(1.064645532 0.06716089552 0)
(1.06150836 0.06645368573 -2.5996228e-19)
(1.058413806 0.06558659937 1.853733436e-20)
(1.055317646 0.06460349433 -1.290224272e-19)
(1.0522233 0.06347544766 1.38917836e-20)
(1.049058573 0.06228877289 -1.147599537e-19)
(1.045865138 0.06097370287 0)
(1.04251573 0.0596944568 0)
(1.039138207 0.05829463651 6.770977644e-20)
(1.035491525 0.05708010699 0)
(1.03187712 0.05572620233 -9.687526977e-20)
(1.02783043 0.05478834555 0)
(1.023988357 0.05363121031 0)
(1.01946171 0.05324208889 0)
(1.01550077 0.05243291087 -3.190185882e-21)
(1.010446936 0.05292606793 1.495139996e-21)
(1.00662135 0.05256735814 1.514041036e-21)
(1.001017961 0.05433812726 -3.214066108e-20)
(0.9977782287 0.05439649879 -2.667420557e-21)
(0.9915749033 0.05792237781 -5.279515688e-20)
(0.9896386623 0.05809963574 5.542153026e-20)
(0.9826309987 0.06401254261 6.161002311e-21)
(0.9831158954 0.0635717162 -1.162313808e-21)
(0.9747528733 0.07278001174 2.172041506e-19)
(0.979385444 0.07027981507 -1.420002505e-19)
(0.96839018 0.08416754449 0)
(0.9798124863 0.0771365389 0)
(0.9636161244 0.09775770775 -9.468005161e-21)
(0.9855587617 0.0825422126 -7.494402993e-20)
(0.9556836099 0.1127140557 0)
(0.6106667736 -0.01508798022 1.286618633e-18)
(0.8603891239 -0.02091287579 -1.668363483e-18)
(1.007277052 -0.0190637592 2.520104103e-20)
(1.112825845 -0.01844574187 6.02866091e-19)
(1.174594755 -0.01531464666 -1.611902886e-20)
(1.206113635 -0.01413109422 -3.303130856e-20)
(1.219303827 -0.01100250924 0)
(1.225632298 -0.009546871602 -2.865672943e-20)
(1.227858269 -0.00652971946 2.549965463e-20)
(1.228683444 -0.004683814424 0)
(1.228106258 -0.001778392646 -3.597145592e-19)
(1.226953355 0.0004240610304 4.74964947e-21)
(1.225081866 0.003271715048 3.171133566e-19)
(1.222858272 0.005743215473 2.537102059e-19)
(1.220200251 0.008587026349 -2.42504344e-19)
(1.217288117 0.01124611527 2.853455929e-19)
(1.214086075 0.01411436606 -2.399787327e-19)
(1.2106787 0.0168962981 -2.190910113e-19)
(1.207054038 0.01979019108 2.08189028e-19)
(1.203245498 0.02264064948 -4.875168916e-20)
(1.199253564 0.0255406217 -4.364368205e-20)
(1.195105159 0.02840776195 -4.197034814e-20)
(1.190795898 0.0312812533 -7.513265857e-20)
(1.186349804 0.03411358197 -1.059562559e-19)
(1.181785024 0.03691800346 6.641697897e-20)
(1.177120763 0.03966528816 1.208023269e-19)
(1.172371227 0.04235541315 5.487169247e-20)
(1.167516365 0.044969634 0)
(1.162532256 0.04749836095 3.40056762e-22)
(1.157444607 0.04992650108 -4.060548382e-20)
(1.152294043 0.05224693244 8.161070167e-20)
(1.147110482 0.05445099036 7.43250369e-20)
(1.141911043 0.05653061888 5.850728669e-22)
(1.136724627 0.05847868877 1.234687722e-19)
(1.131573552 0.06028960492 5.417070896e-20)
(1.126475214 0.06195860818 -1.514491493e-19)
(1.121444829 0.06348112278 4.479469865e-20)
(1.116502347 0.0648543147 -2.014363083e-21)
(1.111667188 0.06607550043 -7.562377267e-20)
(1.106952421 0.06714369917 -6.719188374e-20)
(1.102369002 0.06805651169 -3.053833313e-20)
(1.097925255 0.06881392041 -8.379594062e-20)
(1.09362708 0.06941388805 -9.96759686e-20)
(1.08948175 0.0698566834 1.15722717e-19)
(1.085489275 0.07014127493 2.062648205e-19)
(1.081645522 0.07026853203 -1.496764657e-19)
(1.077945199 0.07023706055 2.703953049e-19)
(1.07437774 0.07005013177 2.974740755e-20)
(1.070931926 0.06970593809 -2.200665082e-19)
(1.067590194 0.06921287837 -1.741271812e-19)
(1.06434011 0.06856674367 -2.296049064e-20)
(1.061152773 0.0677872484 1.411564521e-22)
(1.058016583 0.06686392605 -7.176142984e-20)
(1.054888702 0.06583731194 0)
(1.051771462 0.06468078343 1.383441358e-20)
(1.048595504 0.06347435266 1.896005358e-19)
(1.045399379 0.06215377345 0)
(1.042061472 0.0608717981 0)
(1.038702325 0.05948372712 -5.979070665e-20)
(1.03509243 0.05827489447 4.947754313e-20)
(1.031517418 0.0569436103 9.697688016e-20)
(1.027535131 0.05600935248 0)
(1.023751544 0.05487873763 0)
(1.019318557 0.05447829989 -4.555518563e-20)
(1.015430427 0.0536922537 3.202345232e-21)
(1.010498533 0.05414422006 -3.046727159e-21)
(1.006751422 0.05379985691 7.632187656e-21)
(1.001293348 0.05548319172 1.528288529e-20)
(0.9981256242 0.05554767614 0)
(0.992083016 0.05892148161 1.082754846e-19)
(0.9901974753 0.05910807184 -5.540401427e-20)
(0.9833584216 0.06477949013 1.710184568e-19)
(0.983851536 0.06437714498 1.417132407e-19)
(0.9756607413 0.07321997894 -2.115488531e-19)
(0.9802255811 0.07083722301 1.418855828e-19)
(0.9694168031 0.08418515896 0)
(0.9806314074 0.07743799738 0)
(0.9647006745 0.09727133523 2.475607551e-19)
(0.9861585708 0.08264840183 7.513066848e-20)
(0.9572421515 0.1116278917 -6.890021615e-21)
(0.6258630645 -0.01108040575 -1.302481451e-18)
(0.8832677366 -0.01561739866 0)
(1.030898084 -0.01235208329 -4.3565916e-20)
(1.133469914 -0.01131352057 0)
(1.190104843 -0.007444780773 -1.764438948e-20)
(1.218314234 -0.006355020032 3.282674175e-20)
(1.229578275 -0.002860855148 5.140085234e-19)
(1.235095236 -0.001552896118 -4.547732926e-19)
(1.236757956 0.001678179129 -4.308581168e-19)
(1.237252758 0.003423886234 3.803223136e-19)
(1.236339429 0.00644545909 0)
(1.234914042 0.00858487799 0)
(1.232751665 0.0114817299 -2.082672082e-20)
(1.230260067 0.01390423727 5.667209747e-20)
(1.22732057 0.01675056041 0)
(1.224133698 0.0193567978 1.277807399e-21)
(1.220647639 0.02219090808 0)
(1.216955204 0.02490428732 0)
(1.213038973 0.02773073986 0)
(1.208934621 0.03048907709 4.858001939e-20)
(1.204642422 0.03328830873 0)
(1.200191557 0.03603430531 4.184646706e-20)
(1.195576639 0.03877303989 -1.554595537e-19)
(1.190825089 0.04145180541 1.838951091e-19)
(1.185956535 0.04408725097 6.632961634e-20)
(1.180991256 0.04664814792 9.252785009e-20)
(1.175945146 0.04913638608 -1.16506419e-19)
(1.170796489 0.05153290492 0)
(1.165522875 0.05382916959 0)
(1.160155894 0.05601149096 -8.81644828e-20)
(1.154738695 0.05807488311 8.307379027e-20)
(1.149301108 0.06001255724 -3.757721168e-20)
(1.143859987 0.06181837563 0)
(1.13844581 0.06348761374 -6.137893291e-20)
(1.133080834 0.06501695988 -1.120872577e-19)
(1.127782318 0.0664041282 1.043198367e-19)
(1.122565373 0.06764678552 1.403072267e-21)
(1.11744998 0.068744537 8.597380389e-20)
(1.112455239 0.06969683106 3.85629938e-20)
(1.107593348 0.07050480719 1.388051221e-19)
(1.102874559 0.07116781745 -6.455306177e-22)
(1.098306512 0.07168760504 2.881572645e-20)
(1.093894141 0.07206345824 1.353622831e-21)
(1.089644377 0.07229691714 -2.202094337e-20)
(1.085556286 0.07238789978 -8.336881929e-20)
(1.081625139 0.07233792737 0)
(1.077845197 0.07214619616 -5.132470119e-20)
(1.074205625 0.07181603085 -7.699835653e-20)
(1.070694983 0.07134599945 5.512041988e-20)
(1.067295644 0.07074383043 9.936212901e-20)
(1.063995251 0.07000564543 -1.086021065e-20)
(1.06076541 0.06914954305 1.705842058e-19)
(1.057594282 0.06816582679 8.05944381e-20)
(1.054440365 0.06709178507 -5.666228918e-20)
(1.051305066 0.06590296694 4.20809426e-20)
(1.04812175 0.06467327031 -8.905615948e-20)
(1.044926148 0.06334374434 -1.155730225e-20)
(1.04160203 0.06205599416 0)
(1.038263126 0.06067667259 0)
(1.034690972 0.05947103989 -5.715936644e-20)
(1.031156185 0.05815987451 0)
(1.027238152 0.057227311 0)
(1.023513122 0.0561213553 -3.087917155e-20)
(1.019172782 0.05570829195 2.041185649e-20)
(1.015356992 0.05494447809 3.340122823e-20)
(1.010545624 0.05535442611 2.338247625e-21)
(1.006876132 0.05502489327 -4.800379961e-22)
(1.001562385 0.05661999771 -6.699018048e-21)
(0.9984652699 0.05669288327 5.64322536e-22)
(0.9925838692 0.05991298247 -5.294774942e-20)
(0.9907463456 0.0601133674 0)
(0.9840790346 0.06553979073 4.764250913e-21)
(0.9845752472 0.06518349379 -9.860877465e-21)
(0.9765639285 0.07365416729 5.107961615e-21)
(0.981051728 0.07140057126 0)
(0.9704430703 0.08419779587 0)
(0.9814340527 0.07775035528 0)
(0.9657927106 0.09678095477 -2.380731766e-19)
(0.986737786 0.08276745663 0)
(0.9588066386 0.1105412414 0)
(0.6421110436 -0.006066523161 -2.08597755e-20)
(0.9072618048 -0.009688142535 0)
(1.054535807 -0.00478240017 -3.380680435e-19)
(1.15358636 -0.003450269672 3.361074249e-19)
(1.204965202 0.00119547516 -9.590008795e-21)
(1.23016171 0.002088471241 0)
(1.239663971 0.005993012427 -2.74325579e-19)
(1.244465525 0.007097696895 2.578050082e-19)
(1.245576209 0.01057281526 2.23362179e-19)
(1.24574468 0.01218736625 -1.849644583e-19)
(1.244478403 0.01533767625 1.242441285e-20)
(1.242767429 0.01739476795 0)
(1.240294401 0.02034185828 2.07190583e-20)
(1.23751735 0.02270034388 -1.930640056e-20)
(1.234276268 0.02554275468 1.868156863e-20)
(1.230795727 0.02808124615 -3.351754645e-20)
(1.227006008 0.03086932586 0)
(1.223009625 0.03349739117 -1.319477613e-19)
(1.21878351 0.0362399839 1.111637093e-19)
(1.21436581 0.03888682431 -1.007345024e-19)
(1.20975701 0.04156504553 1.198661059e-19)
(1.204988678 0.04416751563 -2.223208851e-20)
(1.200054659 0.04674783222 -2.055874763e-20)
(1.194986346 0.04924794347 0)
(1.189804953 0.05168831101 0)
(1.184531888 0.05403583677 -3.145009572e-20)
(1.179185007 0.05629472704 0)
(1.173740757 0.05844580727 -5.296381402e-20)
(1.168178597 0.0604819276 2.549431799e-20)
(1.162536238 0.06239125021 6.78169962e-20)
(1.156858916 0.0641712277 -6.165685348e-20)
(1.151176016 0.0658172239 7.640822362e-20)
(1.145503979 0.06732519187 0)
(1.139874731 0.06869310824 3.178019516e-20)
(1.134310108 0.06992007634 5.696422674e-20)
(1.12882695 0.07100634127 -5.178601048e-20)
(1.123439976 0.07195186783 -4.701982348e-20)
(1.118168895 0.07275868739 -4.264287225e-20)
(1.113032185 0.07342831101 -3.863229243e-20)
(1.108040871 0.07396389845 -8.706666045e-20)
(1.103204268 0.07436642801 9.504742718e-20)
(1.098529115 0.07463925769 -1.474756127e-20)
(1.094019165 0.07478283298 -2.523458808e-20)
(1.089680887 0.07479981782 2.083028059e-22)
(1.085512256 0.07469089667 -4.218229737e-20)
(1.081507859 0.07445810652 -1.847435038e-20)
(1.077661446 0.07410108059 1.756292316e-20)
(1.073961873 0.07362308933 -1.494312341e-20)
(1.070397459 0.07302296145 2.767990885e-20)
(1.066950483 0.07230768039 -1.210385449e-20)
(1.063608705 0.07147362816 6.51410051e-22)
(1.060344231 0.07053726591 -6.986871536e-20)
(1.057145037 0.06948959611 0)
(1.053970964 0.06836472354 9.587429948e-20)
(1.050822591 0.06714026239 -5.008558375e-20)
(1.04763598 0.06588416518 -3.151208671e-20)
(1.044444239 0.06454258345 0)
(1.041136387 0.06324626078 3.826765702e-20)
(1.037819688 0.0618729174 0)
(1.034286412 0.06066813254 0)
(1.030792735 0.0593747374 2.753947527e-21)
(1.026938992 0.05844202833 -2.618086216e-21)
(1.023272585 0.05735897264 3.433962795e-20)
(1.019024083 0.05693197637 1.94409168e-20)
(1.015280087 0.05618955309 -3.426772533e-20)
(1.010588061 0.05655660226 1.042062257e-20)
(1.006995166 0.05624241368 -7.895020797e-21)
(1.001824998 0.05774839781 6.074416367e-21)
(0.9987967971 0.05783199362 1.09906481e-20)
(0.9930774208 0.06089662089 -2.254306238e-20)
(0.9912847743 0.06111541069 -2.618210961e-20)
(0.9847927776 0.06629309805 0)
(0.9852862766 0.06599075399 3.456955537e-20)
(0.9774623611 0.07408212319 4.770476757e-20)
(0.9818628505 0.07197009358 3.056019578e-21)
(0.9714689126 0.08420489753 -5.274359271e-21)
(0.9822191937 0.07807414904 0)
(0.9668920355 0.09628608544 0)
(0.9872948975 0.08289991242 -4.320798466e-21)
(0.9603748945 0.1094549918 4.199269198e-21)
(0.659188144 -0.001232338569 -7.046803812e-19)
(0.9322774666 -0.003112967259 2.273324671e-19)
(1.078045063 0.003665676531 2.993087107e-21)
(1.173076711 0.005142532743 -1.029523933e-20)
(1.219185371 0.01062786657 9.531052862e-21)
(1.241678896 0.01121430666 -1.439424187e-19)
(1.249558866 0.01559313819 1.354733951e-19)
(1.253728739 0.01643407297 -1.283693473e-19)
(1.254289045 0.02019098428 1.171704994e-19)
(1.254132 0.02164017816 -1.074919041e-19)
(1.252492464 0.02493398992 8.919204018e-20)
(1.25048079 0.02688691209 9.307576878e-20)
(1.247674896 0.02988475678 4.063885577e-21)
(1.244592936 0.03216154906 -8.729418698e-20)
(1.241028006 0.03499169169 -9.361741224e-20)
(1.237232943 0.03744453167 7.122053991e-20)
(1.233118282 0.04017173346 -6.484371127e-20)
(1.228797966 0.0426941849 1.639907044e-20)
(1.224243134 0.04533338274 1.131890272e-19)
(1.219493883 0.04784577511 -5.318210002e-20)
(1.214552043 0.05037930061 3.018463823e-20)
(1.209451338 0.05281239574 -2.349226802e-20)
(1.204185084 0.05520689886 6.151088358e-20)
(1.198789488 0.05749957093 -3.905140772e-20)
(1.193287474 0.05971526328 3.484345754e-20)
(1.187701541 0.06181919489 -3.321449407e-20)
(1.182051749 0.06381828379 7.576970105e-21)
(1.176312473 0.06569355073 0)
(1.170465376 0.06743961514 6.254961779e-20)
(1.164554411 0.06904695553 -4.656763236e-20)
(1.158626348 0.07051579015 1.031487311e-20)
(1.152709729 0.07184385638 9.725257996e-21)
(1.146820387 0.07302945593 0)
(1.140991497 0.07407347313 -2.422497966e-20)
(1.135244062 0.07497746367 -2.923873105e-22)
(1.129594184 0.07574433062 -1.290892503e-20)
(1.124055884 0.07637626104 1.230683976e-20)
(1.118648269 0.0768776712 0)
(1.113388884 0.07725201636 -2.777039898e-22)
(1.108287295 0.07750432493 -2.227469231e-22)
(1.103351649 0.07763703679 -1.60720452e-20)
(1.098587591 0.07765493435 0)
(1.093997499 0.07755942231 0)
(1.089587291 0.07735411578 1.177215498e-20)
(1.085353714 0.07704025866 -2.091310088e-20)
(1.081290627 0.07662025722 4.791134364e-20)
(1.077391215 0.07609401652 -3.429612179e-20)
(1.073644015 0.07546464104 3.0857036e-20)
(1.070037092 0.0747311016 1.388883487e-20)
(1.066552626 0.07389956119 0)
(1.063178537 0.07296659945 5.424633905e-21)
(1.059887445 0.07194701106 -1.513034412e-20)
(1.056667186 0.07083244036 0)
(1.053478971 0.06965386409 -1.605200013e-20)
(1.050322632 0.06839087293 0)
(1.047136931 0.06710563053 2.504704526e-20)
(1.0439525 0.06574922357 -2.628908128e-21)
(1.040663546 0.06444179502 -2.634303722e-20)
(1.037371107 0.06307189639 -8.202318455e-21)
(1.033878004 0.06186576731 0)
(1.030426379 0.06058795274 0)
(1.026637131 0.05965333542 0)
(1.023029417 0.05859152248 0)
(1.01887214 0.05814929807 1.244283982e-21)
(1.015199328 0.05742747556 -1.182300406e-21)
(1.010625693 0.05775070128 -8.894566033e-21)
(1.007108193 0.05745238043 -2.158847698e-21)
(1.002081142 0.05886827168 0)
(0.9991198342 0.05896491673 -1.356552677e-20)
(0.9935636394 0.06187218535 2.414853195e-20)
(0.9918122113 0.0621140916 2.466920515e-20)
(0.9854996362 0.06703908357 0)
(0.9859837928 0.06679893518 -3.073379826e-20)
(0.9783560419 0.07450342037 -2.581930462e-20)
(0.9826577972 0.07254605345 1.826246783e-20)
(0.9724943675 0.08420589953 -2.545715055e-21)
(0.9829854475 0.07840995783 1.468401115e-20)
(0.9679985681 0.09578625937 -3.138665315e-22)
(0.9878283404 0.0830463805 8.403688219e-21)
(0.9619447073 0.1083701408 5.525333231e-20)
(0.6768095111 0.00436882175 0)
(0.9574353426 0.004234929157 3.631273312e-21)
(1.101191859 0.01305911208 -9.01946587e-21)
(1.191899166 0.0144917496 5.590268378e-21)
(1.232796252 0.02090393391 7.689701854e-21)
(1.252895749 0.02105635957 2.32926491e-21)
(1.259263951 0.02598817468 -6.640733563e-21)
(1.262872073 0.02649554762 3.966249462e-21)
(1.262872468 0.03057715434 -1.867966983e-21)
(1.262386121 0.03182146159 1.761910079e-21)
(1.26034829 0.03527428257 0)
(1.258017845 0.03709755298 0)
(1.254853728 0.04014534177 -6.935106067e-21)
(1.251444799 0.04231959244 1.181530734e-20)
(1.247531207 0.04512663791 -1.207880868e-21)
(1.24339893 0.04747200983 9.250045347e-21)
(1.238937376 0.05011993851 -7.507823477e-21)
(1.234271633 0.05251318819 -8.932468905e-21)
(1.229368259 0.05502530097 2.347374059e-23)
(1.224269251 0.057376056 8.551766342e-22)
(1.218977013 0.0597370682 -1.325175537e-20)
(1.213529108 0.06197053951 -1.023708152e-20)
(1.207918881 0.06414790984 -2.122438084e-23)
(1.202186927 0.06620019618 -6.248225938e-22)
(1.196358412 0.06815770702 0)
(1.190456885 0.0699843794 0)
(1.184504746 0.07169020243 -7.108648968e-21)
(1.178474001 0.0732567054 -4.478971104e-22)
(1.172348809 0.07468071209 -1.275821326e-20)
(1.166179343 0.07595553177 1.185074836e-20)
(1.16001324 0.07708442569 -1.436162679e-22)
(1.153877757 0.07806775924 -9.741084171e-21)
(1.147787864 0.07890632956 0)
(1.141777726 0.07960414094 8.323986103e-21)
(1.135867041 0.08016522527 -1.491254699e-20)
(1.130070838 0.08059511091 0)
(1.124402107 0.08089813393 0)
(1.118879011 0.08108098955 0)
(1.11351786 0.08114889866 -5.268143008e-23)
(1.108326487 0.08110855375 -1.775899035e-20)
(1.103311669 0.08096365412 -3.131152137e-22)
(1.098477782 0.08072017224 1.171155741e-22)
(1.093825673 0.08038024923 -1.313444448e-20)
(1.089360639 0.07994825777 -2.362972063e-20)
(1.085078105 0.07942577375 2.126765688e-20)
(1.080971175 0.07881542061 0)
(1.077032446 0.07811720256 -1.719345233e-20)
(1.073250142 0.07733394591 0)
(1.069612088 0.07646464416 1.378724533e-20)
(1.066100368 0.07551456715 1.002803838e-22)
(1.062703118 0.07448043884 0)
(1.059393494 0.07337535235 9.998541286e-21)
(1.056159244 0.07219155096 0)
(1.052962984 0.07095693415 -1.059495494e-22)
(1.049803871 0.06965299619 1.400402321e-20)
(1.046623388 0.06833626042 -1.235237056e-20)
(1.043449807 0.0669626017 1.084042679e-20)
(1.040182509 0.06564180749 -1.894353861e-20)
(1.036916469 0.06427306013 8.218675451e-21)
(1.033464975 0.06306356614 0)
(1.030056402 0.06179930275 0)
(1.026332017 0.06086110432 3.414907495e-23)
(1.022783075 0.05981897615 -7.570506221e-21)
(1.018716608 0.05936025432 0)
(1.015114298 0.05865828749 4.046397254e-21)
(1.010658347 0.05893673964 0)
(1.007214856 0.05865481313 -7.969687652e-23)
(1.002330754 0.05997957668 -3.566499045e-24)
(0.9994339679 0.06009159231 2.566854306e-21)
(0.9940425388 0.0628395223 5.500504634e-21)
(0.9923280775 0.06310933768 -2.166392107e-23)
(0.986199674 0.06777749209 0)
(0.9866669031 0.06760805039 3.752732455e-23)
(0.9792451224 0.07491765787 -4.497210006e-20)
(0.9834353215 0.07312871262 -3.07039286e-20)
(0.9735196795 0.08420022079 3.836358983e-23)
(0.983731292 0.07875841867 -1.21740525e-20)
(0.9691124072 0.09528092655 0)
(0.9883364424 0.08320748174 -1.034344247e-20)
(0.9635137202 0.1072878681 -5.512952277e-20)
(0.6954298659 0.01134777169 3.693800392e-19)
(0.9835268524 0.01240446606 1.528645574e-20)
(1.123906661 0.02349620142 1.993737277e-19)
(1.210026367 0.02464988735 -1.867976952e-19)
(1.245812544 0.03209745437 5.544776265e-21)
(1.263825057 0.0316640774 0)
(1.268766977 0.03723870875 4.420813324e-21)
(1.271873331 0.0373298899 0)
(1.271295102 0.04178232663 0)
(1.270472091 0.04277538723 1.146316927e-19)
(1.268006631 0.0464022403 -1.801583181e-21)
(1.265336482 0.048065864 -1.798320214e-21)
(1.261785582 0.05116066692 -9.386358531e-20)
(1.258024901 0.05320763735 1.664809656e-20)
(1.253735911 0.05597645449 2.041870317e-20)
(1.2492413 0.05818894174 8.372504931e-20)
(1.244407445 0.06073593118 -6.183409288e-20)
(1.239374584 0.06297150442 -2.477010976e-20)
(1.234102812 0.06532760493 0)
(1.228635969 0.06748457556 0)
(1.222978575 0.0696389895 6.322978615e-21)
(1.217168755 0.07163820931 1.167716518e-20)
(1.211202551 0.07356270709 2.200422368e-20)
(1.205127772 0.07533800255 0)
(1.198969511 0.07699978374 3.628650235e-20)
(1.192752771 0.07851206502 -3.46152701e-20)
(1.186502305 0.07988823653 -3.138352605e-20)
(1.180187316 0.08111064168 0)
(1.173794718 0.0821788021 0)
(1.167380722 0.08308935816 -3.525981357e-20)
(1.160993037 0.08384887866 3.316329659e-20)
(1.154657148 0.08446053433 -2.047409882e-20)
(1.148386865 0.08492778564 1.774729642e-20)
(1.142217015 0.0852578514 0)
(1.136165457 0.0854571428 2.988242248e-20)
(1.130245824 0.08553381679 -2.706904138e-20)
(1.124469708 0.08549415146 0)
(1.118853999 0.08534696387 0)
(1.113413482 0.08509901044 4.994550152e-20)
(1.108154017 0.08475838561 8.997221568e-21)
(1.103080836 0.08432981331 1.623143551e-20)
(1.09819691 0.08382017911 0)
(1.093501437 0.08323212041 2.601333206e-20)
(1.08899905 0.08257055891 -3.578485419e-22)
(1.084683792 0.081837158 -1.067237732e-20)
(1.080548022 0.08103460647 9.332955635e-21)
(1.076583747 0.08016283151 -3.443180021e-20)
(1.072778909 0.07922427343 3.886312713e-20)
(1.069121112 0.07821782937 0)
(1.065592384 0.07714781171 6.04348095e-21)
(1.062181124 0.07601104553 -5.556621941e-20)
(1.058861064 0.07481888375 4.964008649e-20)
(1.055619912 0.0735641384 -4.58728107e-21)
(1.052421744 0.07227168178 -1.583616852e-20)
(1.049265088 0.07092485174 1.718591125e-20)
(1.046094207 0.06957467497 9.177381585e-21)
(1.042935071 0.0681816842 -5.392055711e-20)
(1.039692301 0.06684554778 9.44843787e-21)
(1.03645486 0.06547589999 0)
(1.033046549 0.06426120409 0)
(1.029682068 0.06300862324 -2.298322824e-20)
(1.026023084 0.06206527361 3.953193801e-20)
(1.022532988 0.06104136606 -2.441930874e-20)
(1.018557129 0.06056491795 2.348343159e-20)
(1.015024564 0.05988209319 1.010215679e-20)
(1.010685859 0.06011481341 1.00182386e-20)
(1.007314784 0.05984978193 2.332584284e-21)
(1.002573817 0.06108234511 -8.484273289e-23)
(0.9997387864 0.06121201415 -9.369533567e-21)
(0.9945141798 0.06379856789 1.576634713e-20)
(0.9928317606 0.06410109323 0)
(0.9868930536 0.06850813599 2.044853731e-21)
(0.98733466 0.06841812788 2.436092639e-20)
(0.9801298995 0.0753245109 2.189628633e-20)
(0.9841940506 0.07371835156 1.727797977e-20)
(0.9745452997 0.08418731488 -9.443849063e-20)
(0.9844550167 0.07912020607 -4.577900763e-20)
(0.9702338934 0.09476957155 0)
(0.9888174565 0.08338393606 1.844616337e-20)
(0.9650796649 0.1062094612 1.883032665e-21)
(0.7151239968 0.01869001993 0)
(1.010449402 0.02141869737 -5.060940518e-19)
(1.146052267 0.03501496997 4.15144445e-19)
(1.227456808 0.03562424785 0)
(1.258254385 0.04425576249 -3.764585436e-19)
(1.274476859 0.04307008614 3.429659532e-19)
(1.278050719 0.04939717207 -3.7961362e-20)
(1.280705234 0.04898107652 3.51486008e-20)
(1.279520072 0.05385658903 2.545603561e-19)
(1.27834897 0.05454692706 -2.40261675e-19)
(1.275421865 0.0583627395 -2.816509154e-20)
(1.272387751 0.05983250612 -2.038968378e-19)
(1.268418006 0.0629688815 1.932935287e-19)
(1.264278477 0.06485776022 1.089669545e-19)
(1.259583683 0.06756970563 -1.457851304e-19)
(1.254698786 0.06961937326 -1.710179426e-19)
(1.24946864 0.07203732515 1.085921278e-19)
(1.244045435 0.07408169909 1.635411162e-19)
(1.238383719 0.07624759403 -1.245646721e-19)
(1.232530055 0.07817325065 -5.738103916e-20)
(1.226493399 0.08008183934 -1.031972383e-19)
(1.220312159 0.081806167 4.949101198e-20)
(1.213981205 0.08343646473 -2.201603506e-20)
(1.20755828 0.08489452604 0)
(1.201070575 0.08621941953 0)
(1.194542855 0.0873766657 0)
(1.188002328 0.08838412535 3.143019512e-20)
(1.181414719 0.08922508318 5.677006982e-20)
(1.174769875 0.08990223188 -1.06086521e-19)
(1.168129691 0.09041608704 -4.63662436e-20)
(1.161541036 0.09077669969 8.944292094e-20)
(1.155027107 0.09099019267 -1.267248471e-21)
(1.14860021 0.09106270547 -7.384726922e-20)
(1.142295411 0.09100475901 0)
(1.136128198 0.09082497708 -2.998562319e-20)
(1.13011047 0.09053397546 -2.730117875e-20)
(1.124252056 0.09013976455 0)
(1.118568268 0.08965303622 4.334838972e-20)
(1.113072098 0.0890818028 -4.233235076e-20)
(1.107767243 0.08843524087 -1.52418359e-22)
(1.102657257 0.08771884025 3.360525475e-20)
(1.097743604 0.08694008305 0)
(1.093023767 0.08610185595 -2.574210615e-20)
(1.088501701 0.08520941265 -4.614413534e-20)
(1.084170043 0.08426424709 4.283350755e-20)
(1.080020455 0.08326896721 -9.647065117e-20)
(1.076044365 0.08222324893 -5.104957299e-20)
(1.072229495 0.08112904683 -3.008695405e-20)
(1.068563259 0.0799850444 1.430304948e-20)
(1.065027692 0.07879454633 0)
(1.061611501 0.07755444611 4.455942947e-20)
(1.058289045 0.07627431693 -4.941984198e-20)
(1.05504804 0.07494751992 9.141599068e-21)
(1.051854092 0.07359595437 6.255107738e-20)
(1.048705126 0.07220475052 -2.122528867e-20)
(1.045548269 0.07081958081 -4.777154035e-22)
(1.042407213 0.0694055196 3.756900831e-20)
(1.039191928 0.06805235037 8.314827684e-20)
(1.035985338 0.06667998714 6.314993685e-20)
(1.032621906 0.0654584439 -6.797074464e-20)
(1.029302602 0.06421583321 2.915305363e-20)
(1.025709716 0.06326587732 -3.941266362e-22)
(1.022278547 0.06225881166 8.930975611e-20)
(1.018393305 0.06176346663 2.444284713e-20)
(1.014929655 0.06109908615 -5.070443258e-20)
(1.010708036 0.0612851346 -8.356928806e-21)
(1.00740758 0.06103744952 -8.563269203e-22)
(1.0028103 0.06217673956 2.650423198e-21)
(1.000033843 0.06232624464 2.531604156e-21)
(0.9949786654 0.06474938187 1.684055703e-20)
(0.9933226189 0.06508935974 0)
(0.9875800234 0.06923096447 -3.926432433e-21)
(0.9879860458 0.06922920284 3.454766253e-20)
(0.9810108532 0.07572374936 2.803661618e-22)
(0.9849324874 0.0743152317 -4.2524015e-21)
(0.9755719815 0.08416667721 9.443310908e-20)
(0.9851547052 0.07949603063 -4.733482448e-20)
(0.9713636959 0.09425160205 4.314673427e-21)
(0.9892695229 0.08357644261 1.998001914e-20)
(0.9666402293 0.1051364089 -1.941040396e-19)
(0.7352700867 0.02689630434 4.942368004e-20)
(1.037440431 0.03133411243 -3.218089595e-20)
(1.167453538 0.0477268676 -8.758356353e-19)
(1.244186487 0.04747273078 1.540541447e-18)
(1.270131748 0.05746573546 -6.970443511e-19)
(1.284849728 0.05533425188 -2.028733713e-20)
(1.287087662 0.06253581759 3.773387589e-20)
(1.289331354 0.0615071073 4.938058568e-19)
(1.287501938 0.06685947754 -5.330088483e-19)
(1.285967323 0.06718789827 -4.239395863e-19)
(1.282539901 0.07120509916 5.460541853e-19)
(1.279113912 0.0724413628 4.19072692e-19)
(1.274690147 0.07560816839 -7.867192304e-19)
(1.270139203 0.07730307751 3.685607784e-19)
(1.265006637 0.07993433421 2.941895646e-19)
(1.259704688 0.08178423886 7.194581955e-20)
(1.254051967 0.08403913386 2.831551427e-20)
(1.248213885 0.08585286835 -7.638405793e-20)
(1.242141515 0.08778742066 -1.916667139e-19)
(1.235883473 0.08943830842 1.159856888e-19)
(1.229454597 0.09105607476 -2.105694125e-19)
(1.222894563 0.09245895037 2.493531041e-19)
(1.216195503 0.09374868383 9.117751137e-20)
(1.209423248 0.09484326525 0)
(1.202610258 0.09578737828 0)
(1.195780441 0.09654576458 0)
(1.188963156 0.09714303547 -1.256209913e-19)
(1.182119701 0.09756371688 1.788266832e-19)
(1.175242848 0.09781393442 0)
(1.168399655 0.09789859217 5.108717089e-20)
(1.161635138 0.09783133499 1.33881543e-19)
(1.154969665 0.09762124505 -2.258031158e-21)
(1.148413643 0.09727716508 7.181030544e-20)
(1.142001875 0.09681282936 -6.853587037e-20)
(1.135746994 0.0962387595 0)
(1.129658795 0.09556788335 5.46961868e-20)
(1.123745032 0.09480957674 5.062932071e-20)
(1.118019146 0.09397612074 4.596039898e-20)
(1.112492122 0.09307645417 0)
(1.107165356 0.09212046196 3.519101165e-20)
(1.102040644 0.0911141265 6.508793224e-20)
(1.097117884 0.09006517533 3.033793188e-20)
(1.092392841 0.08897650303 7.994707595e-20)
(1.087868787 0.08785347729 7.224138499e-20)
(1.083536985 0.08669715808 0)
(1.07938847 0.08550993677 7.69855441e-20)
(1.075414137 0.08429107243 3.387476819e-20)
(1.071601559 0.08304194409 -3.18727551e-20)
(1.067938015 0.08176090929 2.69006276e-20)
(1.064405621 0.0804502337 -1.002694507e-19)
(1.060993434 0.07910685697 -1.326136327e-19)
(1.057676507 0.07773853449 -7.745409245e-20)
(1.054442613 0.076339166 1.820689273e-20)
(1.051258957 0.07492773965 -6.276037249e-20)
(1.048122886 0.07349113186 0)
(1.044984488 0.07206980574 1.171095683e-20)
(1.041865158 0.07063327365 -1.112545944e-20)
(1.038680379 0.06926166836 -1.480834313e-19)
(1.035506935 0.0678850049 -6.417179272e-20)
(1.032190191 0.06665516918 -5.317108e-20)
(1.02891719 0.06542096602 0)
(1.025391263 0.06446307754 -1.106128389e-19)
(1.022019107 0.0634715478 -1.183295291e-19)
(1.018224713 0.06295621336 -4.437031041e-20)
(1.014829077 0.06230957201 3.553910873e-20)
(1.010724688 0.06244805709 -3.113104615e-21)
(1.007492839 0.06221807673 4.835789085e-22)
(1.003040227 0.06326306545 -3.114164257e-21)
(1.000318706 0.06343443275 8.209475881e-21)
(0.9954361835 0.0656921802 -3.943038952e-20)
(0.9938000145 0.06607417812 -3.317915777e-21)
(0.9882609797 0.06994607248 -5.869105537e-20)
(0.9886200259 0.07004131872 5.062488912e-20)
(0.9818886829 0.07611530089 -8.682147201e-21)
(0.9856490198 0.07491960008 1.070537851e-19)
(0.976600804 0.0841379195 2.068562754e-22)
(0.98582822 0.07988660858 9.669577912e-20)
(0.972502886 0.09372650559 0)
(0.9896906931 0.08378582511 -1.20217217e-19)
(0.968193319 0.1040703186 1.939917875e-19)
(0.7562586171 0.03666137387 1.523595262e-18)
(1.064900141 0.04225504179 -1.005222875e-18)
(1.188023782 0.0617063501 2.695037868e-20)
(1.260218048 0.06021920148 -5.059848848e-20)
(1.281445733 0.07179597142 -4.700477832e-20)
(1.294932767 0.06850164209 6.772754266e-19)
(1.295842554 0.07671754006 -1.34691314e-18)
(1.297708596 0.07496098974 6.271056988e-19)
(1.295188764 0.08084746727 -5.39203424e-19)
(1.293270497 0.08074944079 1.011028621e-18)
(1.289298641 0.08497859062 -5.307246748e-19)
(1.285448505 0.08593561956 -4.300596893e-19)
(1.280530687 0.08911577314 4.597117511e-19)
(1.275532304 0.09057639029 4.1734998e-19)
(1.269928841 0.09309487913 -2.652270679e-19)
(1.264181608 0.09470257489 -7.999852926e-20)
(1.258078874 0.09675223588 0)
(1.251801608 0.09828864835 -2.049463374e-19)
(1.245299145 0.0999430182 1.971965239e-19)
(1.238621331 0.1012687637 -1.77904005e-19)
(1.231790528 0.1025438315 -1.097515292e-19)
(1.224846943 0.1035733616 -1.969243508e-19)
(1.217782559 0.1044701672 1.886847946e-19)
(1.210666496 0.1051504776 0)
(1.20353649 0.1056658527 0)
(1.196419434 0.1059795896 0)
(1.189344533 0.1061232114 2.56737033e-19)
(1.182267932 0.1060839851 -1.802650374e-19)
(1.175184959 0.1058713799 2.491273747e-21)
(1.168167154 0.1054950752 -9.590749596e-20)
(1.161256625 0.1049723427 -8.755670569e-20)
(1.15447031 0.1043151335 4.080035467e-21)
(1.147816333 0.1035348279 -7.17927413e-20)
(1.141328713 0.1026482108 6.537926084e-20)
(1.135016703 0.1016673102 -3.217121848e-21)
(1.128887733 0.100607055 -5.645275734e-20)
(1.122947164 0.09947778469 -1.982792696e-19)
(1.117206336 0.09829302397 0)
(1.111674058 0.09706226157 2.396542335e-19)
(1.106349367 0.09579567161 -2.220688566e-19)
(1.10123227 0.09449945275 -2.624884448e-19)
(1.096321099 0.09318120005 1.782045038e-19)
(1.091609953 0.09184359463 -1.062247244e-19)
(1.087101438 0.09049190721 -4.858773059e-20)
(1.082785511 0.08912649599 -4.407191118e-20)
(1.078652694 0.08774941486 -1.156135721e-19)
(1.074693404 0.08635935596 3.354539894e-20)
(1.070895159 0.08495704494 0)
(1.067245167 0.08354040927 0)
(1.063725725 0.08211066845 9.916364515e-20)
(1.060326272 0.08066479141 8.860412007e-20)
(1.057022629 0.07920868624 7.903039606e-20)
(1.053802675 0.07773678599 1.393791778e-19)
(1.050635295 0.07626524247 1.501280753e-20)
(1.047517263 0.07478263058 1.22271105e-20)
(1.044401741 0.07332436209 -2.516453387e-20)
(1.041307761 0.07186428468 0)
(1.038156574 0.07047311968 7.387221992e-20)
(1.035018604 0.06909078829 1.257238245e-19)
(1.031750475 0.06785142073 2.145628646e-19)
(1.028524934 0.06662420052 -8.942145427e-20)
(1.025067001 0.06565719569 8.450447852e-22)
(1.021753943 0.06467995204 6.482102683e-22)
(1.018050875 0.06414363863 -4.882820099e-21)
(1.014722272 0.06351399596 4.636663775e-21)
(1.010735599 0.06360411462 0)
(1.007570104 0.06339205866 0)
(1.003263627 0.06434182652 0)
(1.000592889 0.06453683536 -3.23046119e-21)
(0.9958870071 0.06662738376 3.069996093e-21)
(0.9942632453 0.0670556667 6.338788111e-21)
(0.9889364904 0.07065378263 -5.504955814e-20)
(0.9892354517 0.07085451927 -1.12633932e-19)
(0.9827643798 0.07649929702 0)
(0.9863418397 0.07553164076 -1.081725417e-19)
(0.9776332813 0.0841008027 -3.511047795e-19)
(0.9864731306 0.08029263503 3.212596724e-20)
(0.9736530269 0.09319373426 -3.007983888e-20)
(0.9900789526 0.08401284679 2.82229883e-20)
(0.9697369118 0.1030130439 -2.40613313e-20)
(0.7782083503 0.0474047503 -7.230353116e-21)
(1.092799395 0.05425834257 -1.061701859e-18)
(1.207714248 0.07701401724 8.999812395e-19)
(1.275610715 0.07387493139 -7.741240819e-19)
(1.292231261 0.08731722722 -7.084962029e-19)
(1.304734834 0.08262488144 1.080754557e-20)
(1.304291316 0.09201400704 7.372531225e-19)
(1.305797867 0.08940679955 7.653636272e-20)
(1.30252754 0.09588611803 -7.104338479e-20)
(1.30019633 0.09529166013 -6.374398555e-20)
(1.295627811 0.09973841141 4.754581808e-19)
(1.29131395 0.100361794 -4.510840888e-19)
(1.285855824 0.1035322549 5.380830574e-20)
(1.280371809 0.1047097383 9.737947491e-20)
(1.274265151 0.1070736962 -8.834807039e-20)
(1.268040539 0.1083894188 0)
(1.261460469 0.1101812902 3.020473746e-19)
(1.254720973 0.1113854497 -2.87879594e-19)
(1.24777166 0.1127018717 0)
(1.240662359 0.1136444228 1.195060983e-19)
(1.233424695 0.114517527 3.759807903e-21)
(1.226098203 0.1151160034 2.074050096e-19)
(1.218676265 0.1155618737 -9.280619306e-20)
(1.211229948 0.1157738293 0)
(1.203799097 0.115807943 0)
(1.1964156 0.1156301676 1.430564591e-19)
(1.189108882 0.1152756917 -1.303915505e-19)
(1.181828432 0.1147369739 2.33228212e-19)
(1.174571351 0.1140267428 -1.190544119e-19)
(1.167412794 0.1131594094 -1.040807199e-19)
(1.16039089 0.1121558917 -3.92192615e-21)
(1.153518636 0.1110307088 -4.768064313e-21)
(1.146801399 0.1097975107 1.485277546e-19)
(1.140271897 0.1084758804 0)
(1.133935576 0.1070787636 0)
(1.127797268 0.105622758 -1.095261297e-19)
(1.121859677 0.1041186784 9.951760451e-20)
(1.116131891 0.1025808959 -8.720799339e-20)
(1.110620435 0.1010190424 -1.610370822e-19)
(1.105322004 0.09944312571 2.100440661e-22)
(1.10023485 0.09785929375 1.34091598e-19)
(1.095355783 0.09627461586 -1.174309296e-19)
(1.090677369 0.09469137199 -5.453084947e-20)
(1.086201568 0.09311453902 9.539147802e-20)
(1.081917148 0.09154350956 -4.149198698e-20)
(1.077814251 0.08997989559 3.455983901e-19)
(1.073882898 0.08842169676 1.700135388e-19)
(1.070110649 0.08686892155 -6.159217459e-20)
(1.066484712 0.08531897017 -2.505086147e-20)
(1.062987727 0.08377203711 5.080752704e-20)
(1.059609477 0.08222510802 4.261017207e-20)
(1.056326661 0.08068222893 -4.048991346e-20)
(1.053127306 0.07913836158 -3.122015668e-19)
(1.049982066 0.07760691306 2.178950698e-21)
(1.046887133 0.07607810528 2.833973799e-20)
(1.043798861 0.07458247569 -1.90794291e-19)
(1.040733843 0.07309808556 -2.010907893e-20)
(1.037619425 0.07168650691 -1.082542919e-19)
(1.034519296 0.07029735101 -1.426884301e-19)
(1.031301806 0.06904742609 -1.195375063e-19)
(1.028124921 0.06782589032 1.306029758e-20)
(1.024736168 0.06684874296 2.342419872e-19)
(1.021482327 0.06588457219 2.951813877e-20)
(1.01787127 0.06532642002 1.242901399e-20)
(1.014608692 0.06471296582 7.040193737e-20)
(1.010740501 0.06475404851 -1.006161214e-20)
(1.00763895 0.06455993454 2.404361209e-21)
(1.003480485 0.06541374403 -1.735479666e-21)
(1.000855955 0.065633825 0)
(0.9963313887 0.06755565348 0)
(0.9947116016 0.06803399064 6.046841361e-21)
(0.9896073217 0.0713546709 1.264108602e-19)
(0.9898311496 0.07166883313 -1.305401647e-20)
(0.983639298 0.07687615389 -2.866866317e-19)
(0.9870089387 0.07615145806 -2.170255288e-19)
(0.9786715277 0.08405533979 3.511374793e-19)
(0.9870865707 0.08071473097 1.437412929e-19)
(0.9748164396 0.09265289126 3.502213418e-19)
(0.9904320466 0.08425841589 7.882770061e-20)
(0.9712693564 0.1019666225 1.029773511e-20)
(0.8004873457 0.0594466736 0)
(1.120591987 0.06736893786 -6.877552341e-20)
(1.226424299 0.09388031904 0)
(1.290381752 0.08857250182 1.07339566e-19)
(1.30248513 0.1041889161 -7.777691455e-19)
(1.314230087 0.09782601259 1.202020249e-20)
(1.312380455 0.1085444948 1.340262374e-18)
(1.313533359 0.1049448843 -7.014041929e-19)
(1.309441439 0.1120648698 -9.925616927e-19)
(1.306660113 0.110891831 1.074197667e-18)
(1.301437238 0.1155475128 0)
(1.29661029 0.1157736061 9.028748881e-19)
(1.290565199 0.1188981284 -9.653991883e-19)
(1.284558971 0.1197333399 -9.741168017e-20)
(1.277913108 0.1218890846 -7.202355079e-19)
(1.271178977 0.1228523723 6.865960746e-19)
(1.264096188 0.1243222299 -1.57340925e-19)
(1.256874526 0.1251296873 0)
(1.249466164 0.1260404675 -1.334996993e-19)
(1.241919276 0.1265335522 6.027275101e-19)
(1.234276461 0.1269379446 -4.569070906e-19)
(1.226575015 0.1270413597 0)
(1.218810315 0.1269740189 -1.888219561e-19)
(1.211056087 0.1266597674 3.377171057e-19)
(1.203349903 0.1261576609 -4.794673722e-19)
(1.195728194 0.1254406254 -1.437283904e-19)
(1.188222893 0.1245444148 2.568302835e-19)
(1.180774852 0.1234677539 -1.143072829e-20)
(1.17338209 0.1222273534 -4.369967265e-19)
(1.166122135 0.1208417696 2.037461997e-19)
(1.159028243 0.1193353979 1.066323965e-21)
(1.152108876 0.1177249604 -1.641443087e-19)
(1.145366283 0.1160259429 -1.447037241e-19)
(1.138831358 0.1142602971 7.170997816e-21)
(1.132505369 0.112441261 6.572438918e-21)
(1.126390427 0.1105866397 4.417481443e-19)
(1.120486401 0.1087071977 1.972589831e-19)
(1.114800067 0.1068177208 -8.705830487e-20)
(1.10933562 0.104927564 8.448985411e-20)
(1.104087515 0.103046087 1.44364393e-19)
(1.099052333 0.1011791425 -1.311529428e-19)
(1.094225466 0.09933287809 -1.156884576e-19)
(1.089598161 0.09750902429 -2.099584168e-19)
(1.085171728 0.09571209042 9.217782554e-20)
(1.080933911 0.09394025944 -8.770423326e-20)
(1.076874638 0.09219461008 -1.496746327e-21)
(1.072983623 0.09047235972 1.346884349e-19)
(1.069248569 0.08877274863 5.950082881e-20)
(1.065656803 0.08709254869 -3.348648992e-21)
(1.062191494 0.08543099744 -5.057538413e-20)
(1.058842618 0.0837850891 4.238438301e-20)
(1.0555879 0.08215699932 -7.79919455e-20)
(1.052415593 0.0805422112 3.126387985e-19)
(1.049298204 0.07895150456 2.963023462e-20)
(1.046231321 0.07737669 -2.814359355e-20)
(1.043174614 0.07584362232 1.916427984e-19)
(1.040142194 0.0743344237 1.654346351e-19)
(1.037067747 0.07290184134 2.887793544e-19)
(1.034007835 0.07150491912 0)
(1.030843091 0.07024363038 -2.09258276e-19)
(1.027716135 0.06902659455 2.437679832e-19)
(1.024397886 0.06803844803 -1.25388228e-19)
(1.021203466 0.06708615897 0)
(1.01768528 0.06650546269 -9.684357795e-21)
(1.014487781 0.06590729096 8.771477208e-21)
(1.010739038 0.06589884396 0)
(1.007699015 0.06572243586 1.327446429e-21)
(1.003690672 0.06647980809 2.021567121e-21)
(1.001107621 0.06672592679 -7.617459062e-22)
(0.9967693952 0.0684779482 6.214449499e-20)
(0.9951446947 0.06900937074 1.151972668e-20)
(0.9902739206 0.07204962873 -1.094514433e-20)
(0.9904062101 0.07248425393 1.505748123e-20)
(0.9845146573 0.07724663689 2.728717241e-19)
(0.9876483497 0.07677898917 2.167288661e-19)
(0.9797181174 0.08400188236 -3.225618755e-19)
(0.9876651388 0.08115335336 -5.998602756e-21)
(0.9759963328 0.09210363171 -3.090853247e-19)
(0.9907474365 0.08452334581 1.534758685e-19)
(0.9727892948 0.1009334103 -2.473968403e-20)
(0.8235367733 0.07338556039 -3.412092326e-18)
(1.148578796 0.08167016052 2.313448563e-19)
(1.244056611 0.1124815485 2.499629745e-20)
(1.304486612 0.1044139515 1.643305395e-18)
(1.312139402 0.1225449765 -1.599979489e-18)
(1.323338648 0.1142110347 2.679599365e-20)
(1.320012819 0.1264147216 2.614767655e-20)
(1.320812616 0.121667802 2.651602559e-20)
(1.315822682 0.1294661236 1.116487269e-18)
(1.312549825 0.1276209455 1.07534176e-18)
(1.306609899 0.1324629818 1.02878316e-19)
(1.301218281 0.1322194938 -9.484425159e-19)
(1.294541177 0.135245129 -8.568737856e-19)
(1.287973603 0.1356709999 9.184154211e-19)
(1.28075403 0.1375482572 7.336067559e-19)
(1.273480245 0.1380880341 -8.728191507e-19)
(1.265873609 0.1391583276 1.576870169e-19)
(1.258155285 0.1394943517 7.219173508e-19)
(1.250282606 0.1399212826 -8.083860698e-19)
(1.242300026 0.1398903194 3.813423184e-19)
(1.23426264 0.1397519824 -1.131057835e-19)
(1.226203674 0.139290897 0)
(1.218120471 0.1386446925 1.898541549e-19)
(1.210090772 0.1377435475 -5.130838898e-19)
(1.20214407 0.1366505703 3.306931874e-19)
(1.194320992 0.1353456543 4.39772598e-19)
(1.186658787 0.1338668012 -2.573687819e-19)
(1.179086659 0.1322161094 4.805555401e-19)
(1.171603156 0.1304164873 -1.089356234e-20)
(1.164286534 0.1284894444 -2.001048658e-19)
(1.157164419 0.1264624731 3.661990155e-19)
(1.150240276 0.1243539593 0)
(1.143512936 0.1221805811 -2.944973521e-19)
(1.137010958 0.1199662672 1.306587193e-19)
(1.130731234 0.1177237048 -1.24696901e-19)
(1.124673111 0.1154713951 -3.267663825e-19)
(1.118833576 0.1132195056 -1.931903976e-19)
(1.113217114 0.1109827944 -8.53200572e-20)
(1.107825605 0.1087699316 1.614446814e-19)
(1.102651447 0.1065891407 -4.651277931e-21)
(1.097689689 0.1044457635 -1.34021077e-19)
(1.092934502 0.1023446302 2.351959615e-19)
(1.088376159 0.1002868447 4.202281757e-19)
(1.084015073 0.09827629804 1.875913691e-19)
(1.079838245 0.09630972889 0)
(1.075835638 0.09438761051 7.539357643e-20)
(1.071996753 0.09250633894 -2.035275311e-19)
(1.068309539 0.0906643287 0)
(1.06476162 0.08885762824 0)
(1.061336763 0.08708467738 4.726595015e-20)
(1.058025083 0.08534245771 -1.754932294e-19)
(1.054805439 0.08363123293 -3.475972793e-19)
(1.051666401 0.08194700325 -1.383490275e-19)
(1.048582417 0.08029808396 0)
(1.045548426 0.07867780155 2.654426896e-19)
(1.04252755 0.07710752979 -4.921235166e-20)
(1.039531322 0.07557329168 -2.297022271e-21)
(1.036499752 0.07411937566 -1.441004126e-19)
(1.033482319 0.07271392616 2.915931543e-20)
(1.03037259 0.07144068003 1.822352383e-19)
(1.02729693 0.07022706118 -1.758241614e-19)
(1.024050822 0.06922725295 -1.413900859e-19)
(1.020916041 0.06828565443 2.572750986e-20)
(1.017492126 0.06768191365 -4.364308963e-20)
(1.014358561 0.06709797439 -1.71719497e-19)
(1.010731134 0.06703976867 7.848232978e-20)
(1.007749637 0.0668804812 -2.875994324e-21)
(1.003894864 0.06754133379 3.146343976e-21)
(1.001347527 0.06781383973 0)
(0.9972021626 0.0693955806 -6.225422562e-20)
(0.9955626724 0.06998215751 -1.095189337e-20)
(0.9909366699 0.07273991467 1.040628896e-20)
(0.990960219 0.07330071374 0)
(0.9853913118 0.07761195563 -2.940227271e-20)
(0.9882589381 0.07741390682 -1.881635798e-19)
(0.9807749463 0.08394128146 3.082338831e-19)
(0.9882064855 0.08160872226 -1.567086559e-19)
(0.9771954929 0.09154579822 5.346003683e-20)
(0.9910236397 0.08480870408 -3.003494417e-19)
(0.9742952785 0.09991599228 5.933400135e-19)
(0.8472894932 0.08923698014 3.185084011e-19)
(1.176643186 0.09726159188 -1.37759377e-19)
(1.260510347 0.1329004103 0)
(1.317909351 0.1214488617 0)
(1.321136605 0.1424816596 0)
(1.331981378 0.1318625833 0)
(1.327086608 0.1457120031 -1.794007271e-19)
(1.32752242 0.1396585872 0)
(1.321549919 0.1481622428 1.189648528e-18)
(1.317733835 0.145543283 -1.127338775e-18)
(1.31100979 0.150534246 -1.276383658e-19)
(1.305000375 0.1497393565 0)
(1.297649725 0.1525949861 8.73476757e-19)
(1.290478011 0.1525337778 -9.347585882e-19)
(1.282653172 0.1540444353 -1.905117181e-19)
(1.274814005 0.1540777208 1.735878741e-19)
(1.26666924 0.1546564 1.615052171e-19)
(1.258447978 0.1544354697 -1.474563072e-19)
(1.250115414 0.1542896694 -1.35630041e-19)
(1.241709767 0.153652164 7.389817818e-19)
(1.233299765 0.1528906276 -4.672799648e-19)
(1.224912406 0.1517914692 -2.008778599e-19)
(1.216546509 0.1504982753 5.744417651e-19)
(1.208283191 0.1489491421 -5.231620021e-19)
(1.200142733 0.1472121133 1.661152871e-19)
(1.192166375 0.1452726492 -1.449929864e-19)
(1.184395727 0.1431737168 0)
(1.17675035 0.1409173967 -2.382720292e-19)
(1.169227291 0.1385343429 0)
(1.161903663 0.1360480292 -3.958421664e-19)
(1.154800892 0.1334880502 1.784355807e-19)
(1.147917193 0.1308738908 0)
(1.14124774 0.1282226925 1.531157959e-19)
(1.134818366 0.1255598017 3.974378258e-19)
(1.128621509 0.1228965001 -4.833403593e-19)
(1.122653881 0.1202513897 4.404637011e-19)
(1.116909747 0.117633514 -1.914843128e-19)
(1.111391256 0.1150571794 5.336348296e-19)
(1.106097946 0.1125299795 -9.002311675e-21)
(1.101020496 0.1100585174 -1.481314702e-19)
(1.096152675 0.107647421 -2.568485208e-19)
(1.091487753 0.1052998142 0)
(1.087015334 0.1030163108 -2.866150036e-21)
(1.08273473 0.1008000549 -1.88941072e-19)
(1.078632426 0.09864595865 0)
(1.074698766 0.0965538803 -3.040537303e-19)
(1.07092313 0.09451944928 -6.578058626e-20)
(1.067293796 0.09254017326 6.252814296e-20)
(1.063798745 0.09061134739 1.626552366e-19)
(1.060421987 0.08873073812 9.690591344e-20)
(1.057155014 0.08689535452 1.289163207e-19)
(1.053977281 0.08510353965 6.127041193e-19)
(1.050877627 0.08335173708 0)
(1.04783254 0.08164601872 2.967364053e-19)
(1.044836233 0.07998112986 -2.684784646e-19)
(1.041855484 0.07837420756 0)
(1.038899012 0.07681506051 -4.855025025e-19)
(1.035913824 0.07534001932 3.351678844e-20)
(1.032942039 0.07392575266 -6.041086385e-20)
(1.02988959 0.0726401635 3.031286705e-21)
(1.026866601 0.07142874754 1.72912003e-19)
(1.023694224 0.07041701278 1.921257556e-19)
(1.020619498 0.06948431733 1.920793887e-19)
(1.017290995 0.06885780277 1.6923898e-19)
(1.014220663 0.06828576114 1.389111687e-19)
(1.010715847 0.06817908774 -8.27040551e-20)
(1.007790449 0.06803417744 -5.225036556e-20)
(1.004092192 0.06860099971 4.417559171e-21)
(1.00157455 0.068897387 0)
(0.9976301459 0.07031153762 7.579548759e-21)
(0.9959618012 0.07095312394 -7.187190346e-21)
(0.9916004834 0.07342759662 0)
(0.9914892831 0.07411787984 0)
(0.986274868 0.07797408457 2.480881281e-19)
(0.9888369347 0.07805548454 1.549689412e-19)
(0.9818453861 0.0838749336 2.844336433e-20)
(0.9887089572 0.08208071904 2.864395403e-19)
(0.9784159932 0.09097933386 0)
(0.9912615683 0.08511536792 1.969699563e-19)
(0.9757852068 0.09891769064 -7.011236594e-19)
(0.87170292 0.1072914129 -3.604191981e-18)
(1.204674106 0.114250378 2.30527519e-18)
(1.275701668 0.1553079985 0)
(1.330638698 0.1397870413 -1.163562728e-19)
(1.329418794 0.1641373738 0)
(1.340069896 0.150900703 1.547008692e-18)
(1.333488254 0.1665440781 -1.283334888e-18)
(1.333531534 0.1590177854 0)
(1.326482642 0.1682305848 0)
(1.322054685 0.1647276011 0)
(1.314480723 0.1698052815 -9.058922822e-19)
(1.307800636 0.1683669157 7.453504971e-19)
(1.299732773 0.1709573521 8.880748993e-19)
(1.291915247 0.1703175876 -8.475675355e-19)
(1.283459617 0.1713530955 7.532997201e-19)
(1.275036779 0.1707835749 -8.983003847e-19)
(1.266349762 0.1707629593 -1.621971541e-19)
(1.257630941 0.1698885808 -5.861704433e-19)
(1.248855885 0.1690709225 2.269064212e-20)
(1.240053602 0.1677374693 2.622576449e-19)
(1.23130693 0.1662673561 0)
(1.222634126 0.1644542671 2.003247518e-19)
(1.214034693 0.1624454135 -2.001410779e-19)
(1.205591777 0.1601895084 3.466818231e-19)
(1.197315373 0.1577579401 3.151693516e-19)
(1.18924366 0.1551424472 2.817619915e-19)
(1.181421405 0.1523910108 -5.300408788e-19)
(1.17376058 0.1495040196 2.404191057e-19)
(1.166254673 0.1465196336 2.152249502e-19)
(1.158977871 0.1434627868 9.398086843e-21)
(1.151945 0.1403637034 5.416378257e-19)
(1.145149128 0.1372422838 0)
(1.138581725 0.1341153158 0)
(1.132265188 0.1310090317 0)
(1.126187611 0.1279323048 -2.374520955e-19)
(1.120343581 0.1249031455 2.070588693e-19)
(1.114725024 0.1219291854 -3.978180974e-19)
(1.10933167 0.1190240183 -7.017000411e-19)
(1.104160705 0.1161936313 3.178193651e-19)
(1.09920149 0.113442417 -2.861595901e-19)
(1.094446894 0.110774158 3.91430213e-19)
(1.089889458 0.1081900026 -2.291811941e-19)
(1.085517493 0.1056901949 -5.195928113e-19)
(1.08133172 0.103277317 -9.580764358e-20)
(1.077316987 0.1009439523 0)
(1.073464107 0.09868924598 0)
(1.06976246 0.09650825438 0)
(1.06620074 0.09439754783 0)
(1.062767321 0.09235186836 -2.143106237e-19)
(1.059448371 0.09036909234 -9.208441057e-20)
(1.05623304 0.0884439412 5.425077558e-21)
(1.053103494 0.08657458206 7.325815005e-20)
(1.050048889 0.08475753792 0)
(1.047047824 0.08299690665 -1.806016482e-19)
(1.044093793 0.08128860684 4.610470069e-20)
(1.041157261 0.07964600633 3.104035215e-19)
(1.038244194 0.07806217596 1.631116843e-21)
(1.035308254 0.07656617643 2.95606619e-20)
(1.032384315 0.0751418876 -3.529286606e-19)
(1.029391371 0.07384404007 5.320707503e-20)
(1.026423123 0.0726331998 -2.742062915e-21)
(1.023325858 0.07160992068 0)
(1.020312547 0.07068363864 -3.283130555e-21)
(1.017080195 0.07003555493 -1.684996668e-19)
(1.014073745 0.06947182161 1.230296804e-19)
(1.010691998 0.06931947611 0)
(1.007822434 0.06918373961 4.456561036e-20)
(1.004281562 0.06966198727 -1.919378067e-20)
(1.001791823 0.06997441831 1.248735277e-21)
(0.9980508331 0.07123071532 0)
(0.9963488061 0.07191520814 0)
(0.9922581244 0.07412322822 2.249506622e-20)
(0.9919983286 0.07492752328 -2.130406228e-20)
(0.9871626083 0.07834533842 -7.13348557e-19)
(0.9893784553 0.07869756001 3.099753905e-19)
(0.9829421113 0.08381032611 2.696815884e-20)
(0.9891537134 0.08256783365 -5.608517129e-19)
(0.9796766233 0.09040555094 -5.545340231e-19)
(0.99144846 0.08544295848 -4.534662826e-20)
(0.977262434 0.09794347102 4.349756851e-20)
(0.8966978447 0.1278982085 2.210185154e-19)
(1.232518572 0.1327637563 0)
(1.289527238 0.1799092368 0)
(1.342628011 0.1595729255 -1.230520484e-19)
(1.336893604 0.1876702503 2.226122414e-19)
(1.347478793 0.1714709908 1.379894637e-18)
(1.33907083 0.1890297803 -2.237923319e-19)
(1.338673723 0.1798566174 -1.549939494e-18)
(1.330447385 0.1897487211 0)
(1.325326921 0.1852410175 1.288938089e-18)
(1.316836909 0.1903097672 -1.224397464e-18)
(1.309431067 0.1881255375 2.46088457e-19)
(1.300607331 0.1903233391 -9.003332372e-19)
(1.292107322 0.1889984756 8.598984591e-19)
(1.283005734 0.1894265818 -9.180966879e-22)
(1.27399286 0.1881434244 -3.591030499e-22)
(1.264774036 0.1873996883 -3.274284066e-19)
(1.255578978 0.1857649557 2.997949006e-19)
(1.246395548 0.1841674397 0)
(1.237240224 0.1820436988 2.505592439e-19)
(1.228209409 0.1797773315 2.28660248e-19)
(1.219309875 0.1771748884 -2.084054878e-19)
(1.210540667 0.1743843687 0)
(1.201984785 0.1713677905 -1.025576033e-20)
(1.193641605 0.1681973064 -9.517177557e-19)
(1.185542592 0.1648707815 2.947746098e-19)
(1.177733288 0.161441995 4.755752743e-21)
(1.170120977 0.1579074851 0)
(1.162693687 0.154311413 -2.175077905e-19)
(1.155520796 0.1506803745 -1.9742683e-19)
(1.148610077 0.1470429945 -7.03866845e-19)
(1.141950227 0.1434188083 6.435939081e-19)
(1.135529374 0.1398240428 -2.990991441e-19)
(1.129365517 0.136285135 0)
(1.123442495 0.1328070008 8.404281529e-21)
(1.117753584 0.1294062709 2.132197879e-19)
(1.112287977 0.1260891905 -1.91345933e-19)
(1.107044405 0.1228687242 3.513098829e-19)
(1.102019016 0.1197488643 0)
(1.097198873 0.1167309449 2.778786951e-19)
(1.092576229 0.1138178967 0)
(1.088143045 0.1110093576 2.280039146e-19)
(1.08389026 0.1083064148 3.102561465e-19)
(1.07981184 0.1057059962 2.703803613e-19)
(1.075896228 0.1032023866 -6.487597952e-19)
(1.072134589 0.1007931364 4.392204943e-19)
(1.068516504 0.09847285059 0)
(1.065031162 0.09623713857 1.132817531e-19)
(1.061667464 0.09408039515 -1.075030917e-19)
(1.058412236 0.0919990597 9.014152038e-20)
(1.055255279 0.08998783135 -4.939352181e-19)
(1.052180244 0.08804422378 5.127663583e-23)
(1.049176425 0.08616452118 6.759343902e-20)
(1.046224535 0.0843511088 5.57085681e-20)
(1.043317478 0.08260076728 3.503721473e-19)
(1.040429305 0.0809236627 -7.990123728e-19)
(1.037563403 0.07931542076 2.461529356e-19)
(1.034680083 0.07779900691 -1.256194372e-19)
(1.031807085 0.07636415568 4.083661031e-21)
(1.028875972 0.07505432989 4.624756857e-20)
(1.025964714 0.0738425922 -5.351874254e-19)
(1.022944039 0.07280820344 -2.664441924e-19)
(1.019993794 0.07188593338 -3.469727073e-21)
(1.016858344 0.07121748505 1.820481547e-19)
(1.01391687 0.07065846434 -1.398855956e-19)
(1.010658482 0.07046323669 0)
(1.007845102 0.07033127968 0)
(1.004462133 0.07072653416 3.064034744e-20)
(1.001999131 0.07104659649 6.888009058e-22)
(0.9984639133 0.07215532518 -8.954437308e-20)
(0.9967235103 0.07286906076 -1.072064119e-19)
(0.9929111777 0.07482848973 0)
(0.9924911832 0.07572473948 -3.061162638e-19)
(0.988049674 0.07873392764 -2.250764087e-20)
(0.9898980569 0.0793209834 -3.426598952e-19)
(0.9840434548 0.0837753551 5.442384485e-19)
(0.9895684318 0.08303179315 8.187421889e-21)
(0.9809572996 0.08986701741 3.156428819e-20)
(0.9916017883 0.08575183163 4.315155192e-20)
(0.9787127267 0.09702277578 -6.872163607e-21)
(0.922263986 0.1514534241 -2.154399861e-19)
(1.259930378 0.1529578692 0)
(1.301856559 0.2069290532 0)
(1.353793256 0.1809929081 2.146754687e-18)
(1.343430637 0.2132546012 -2.033676364e-18)
(1.354038312 0.1937447325 1.817123202e-18)
(1.343647225 0.2132945979 -1.343110771e-18)
(1.342737075 0.2022950106 1.712197323e-18)
(1.333224063 0.2127864762 -1.300834371e-18)
(1.327323159 0.207147854 -1.463316055e-19)
(1.317866285 0.2120622753 2.746125171e-19)
(1.309671428 0.2090178093 -9.884411765e-19)
(1.30006304 0.2106575391 3.48016499e-20)
(1.290854854 0.208523785 1.705865634e-18)
(1.28110843 0.2081866564 1.637106084e-19)
(1.271516999 0.2060643493 5.073015111e-19)
(1.261796768 0.2044584055 -9.883664204e-19)
(1.252167675 0.201947867 9.045808898e-19)
(1.24263072 0.1994564162 -8.38156229e-19)
(1.233186414 0.1964462998 -4.954207839e-19)
(1.223942858 0.1932974246 2.397255584e-19)
(1.214892629 0.1898342601 2.106940228e-19)
(1.206032855 0.1862023653 7.436320586e-19)
(1.197443617 0.1823794522 -1.386270713e-18)
(1.189113924 0.1784343667 9.557847378e-19)
(1.181064098 0.1743717339 0)
(1.173339203 0.1702493232 1.022324508e-18)
(1.165844123 0.1660601043 -9.421911444e-19)
(1.158559977 0.1618506105 4.389599017e-19)
(1.151549723 0.1576505374 4.653320533e-21)
(1.144813401 0.1534835644 3.610258139e-19)
(1.138336439 0.1493673317 3.138665447e-19)
(1.132102306 0.1453179143 5.632861778e-19)
(1.126129646 0.1413626035 -7.76389697e-19)
(1.120396017 0.1374999983 -2.26654207e-19)
(1.114893392 0.1337448309 2.152895436e-19)
(1.109611929 0.1301038834 3.804173207e-19)
(1.104545645 0.1265857612 0)
(1.099685873 0.1231907139 0)
(1.095023086 0.1199205407 -2.75894517e-19)
(1.090548862 0.1167762029 0)
(1.086254786 0.1137563839 2.14261235e-19)
(1.082131329 0.1108595235 -3.956386928e-19)
(1.078172499 0.1080818043 3.548176541e-19)
(1.074367404 0.1054176009 1.568631318e-19)
(1.070707251 0.1028626285 -2.870173582e-19)
(1.067182081 0.1004108979 0)
(1.063781668 0.09805709261 -1.106066425e-19)
(1.060495523 0.0957951653 1.04974029e-19)
(1.057311626 0.09362055935 -3.595575201e-19)
(1.054219676 0.09152775158 5.680945927e-19)
(1.051205152 0.08951353226 -1.460121745e-19)
(1.048257635 0.08757403714 -6.603676766e-20)
(1.045359917 0.08571021134 1.088313522e-19)
(1.04250447 0.08391943443 -5.041238573e-19)
(1.03966876 0.08220919705 -7.723466515e-20)
(1.036853875 0.08057706651 1.521634727e-19)
(1.034026345 0.07904091166 1.964519227e-19)
(1.031207449 0.07759509105 1.744273192e-19)
(1.028340585 0.07627363615 -3.285125424e-19)
(1.025488967 0.07505968955 4.350166328e-20)
(1.022546435 0.07401464038 2.294291922e-19)
(1.019661487 0.07309409759 -2.60633519e-19)
(1.016623641 0.07240642926 -1.534629593e-19)
(1.013749078 0.07184857643 8.91056019e-21)
(1.010613978 0.07161314246 2.409315428e-20)
(1.007858437 0.07147950873 7.187808247e-21)
(1.00463286 0.07179724796 -2.467666256e-20)
(1.002197631 0.07211627089 0)
(0.9988681289 0.07308775896 1.010702795e-19)
(0.9970885933 0.07381647078 9.514923796e-20)
(0.9935571239 0.07554576426 -3.967125706e-20)
(0.9929709027 0.07651006915 3.418920617e-19)
(0.9889346002 0.07914269183 3.863047509e-19)
(0.9903969003 0.07992473153 4.465328333e-20)
(0.9851524838 0.0837735154 -4.900663999e-19)
(0.9899528317 0.08346570086 5.521419078e-20)
(0.9822489286 0.08938027647 5.113282829e-19)
(0.9917448169 0.08600978546 -3.880257065e-20)
(0.9801267924 0.09617641407 0)
(0.948384762 0.1783591752 3.513774983e-18)
(1.286599979 0.1750325004 -4.856316199e-18)
(1.312546533 0.2366019198 2.222064319e-18)
(1.364001198 0.2042800676 2.498551738e-19)
(1.348850435 0.2410785515 0)
(1.359520626 0.2179156431 -1.64714449e-18)
(1.3469787 0.2394615326 1.561663382e-18)
(1.345445938 0.2264564716 -1.743556867e-19)
(1.334549684 0.2373954856 0)
(1.327776241 0.2304939728 0)
(1.317307529 0.2350500115 -2.755299127e-19)
(1.308266835 0.2310126917 -7.434152988e-19)
(1.297862923 0.2318875446 1.187946767e-18)
(1.287939533 0.2288025866 0)
(1.277572991 0.2275165316 0)
(1.267439423 0.2244162735 -7.189851623e-19)
(1.257274131 0.2217966265 -6.443286427e-19)
(1.247279268 0.2182898782 6.17114067e-19)
(1.237468199 0.2147888485 -1.069403164e-18)
(1.227822352 0.2107990477 1.755005695e-18)
(1.218458032 0.2066876666 -1.829017359e-18)
(1.20935146 0.2023007638 4.200639451e-20)
(1.200496034 0.1977781157 7.759457773e-19)
(1.191965076 0.1931144731 -6.694727461e-19)
(1.183737125 0.188370037 -2.826490928e-19)
(1.175820748 0.1835589028 8.576632574e-19)
(1.168257121 0.1787391595 -2.592502159e-19)
(1.160948169 0.1738978832 0)
(1.153868855 0.1690822138 0)
(1.147078738 0.1643273215 -7.589174583e-19)
(1.140569651 0.1596483867 0)
(1.13432316 0.1550601715 -9.164626853e-19)
(1.128329123 0.1505830379 -5.427845291e-19)
(1.122583094 0.1462289129 5.063837519e-19)
(1.117070048 0.1420012985 -4.435284982e-19)
(1.111781469 0.1379112609 0)
(1.106705802 0.1339633485 -5.367795723e-19)
(1.101835395 0.1301625862 4.865833927e-21)
(1.097161317 0.1265089644 -1.515769205e-19)
(1.092673731 0.1230025512 -5.22925129e-19)
(1.088363766 0.1196419809 0)
(1.084222911 0.1164244838 2.08078933e-19)
(1.080242255 0.1133466961 -3.843428365e-19)
(1.076414574 0.1104036915 1.773282786e-19)
(1.07273033 0.1075892942 3.053425304e-19)
(1.069181042 0.1048979328 1.34574704e-19)
(1.065757391 0.1023230081 -1.277475135e-19)
(1.062449828 0.09985838456 1.077131127e-19)
(1.059248537 0.09749756146 -1.022359022e-19)
(1.056142549 0.09523515361 4.428226076e-19)
(1.05312196 0.09306540582 -8.769497679e-20)
(1.050173801 0.09098445461 0)
(1.047288056 0.08898827419 0)
(1.044449503 0.08707661126 0)
(1.041650376 0.08524722191 -9.322756851e-20)
(1.038871324 0.0835053928 5.128285368e-19)
(1.036111504 0.0818500892 2.15567871e-19)
(1.03334318 0.08029500225 0)
(1.030581865 0.07883798673 -4.875270355e-19)
(1.027781866 0.07750531573 4.264138942e-19)
(1.024992941 0.07628799886 3.157088191e-19)
(1.022130296 0.07523272612 3.128996393e-19)
(1.019313432 0.07431173969 1.475792886e-19)
(1.016373965 0.07360589448 -3.538992434e-20)
(1.01356904 0.07304572525 3.359023465e-20)
(1.010556941 0.07277257922 0)
(1.007862096 0.07263177859 0)
(1.004792584 0.07287727626 0)
(1.00238811 0.07318637201 0)
(0.9992623483 0.07403086714 0)
(0.997446211 0.07475969559 3.1262914e-20)
(0.9941943317 0.07627765361 -3.518484479e-19)
(0.9934418732 0.07728492323 -7.728468592e-21)
(0.9898135803 0.07957401334 -3.340658446e-19)
(0.9908828077 0.08050932559 0)
(0.9862614352 0.08380679701 0)
(0.9903175477 0.08386980477 2.5583422e-19)
(0.9835460095 0.08894527728 -9.69602609e-19)
(0.9918776961 0.08622603209 4.345064685e-19)
(0.9815143403 0.09539372395 -1.356553385e-19)
(0.9747714433 0.2090840025 0)
(1.312291049 0.1992399495 0)
(1.321448983 0.2692141908 0)
(1.373049218 0.2297148846 2.003390756e-18)
(1.352909077 0.2713440482 -5.450667291e-20)
(1.363621901 0.244198933 -1.732582206e-18)
(1.348758943 0.2676464653 0)
(1.346463257 0.2524527734 3.596665988e-19)
(1.334099942 0.2636009937 0)
(1.326359825 0.2552957561 -8.879202014e-19)
(1.314855555 0.2592164275 4.57012348e-20)
(1.304927833 0.2540350209 1.047125453e-18)
(1.293745629 0.2538923642 -1.154443265e-18)
(1.283128883 0.2496956183 8.807282534e-19)
(1.272199362 0.2472531734 7.691373283e-19)
(1.261593172 0.2430264068 -1.078191441e-18)
(1.25107142 0.2392345673 6.735465856e-19)
(1.240810182 0.2346118172 -2.957767079e-19)
(1.230832421 0.2299903654 2.758155668e-19)
(1.22109818 0.2249361428 -4.900287014e-19)
(1.211725897 0.2197940308 0)
(1.202674478 0.2144332696 0)
(1.193931777 0.2089857328 0)
(1.185559725 0.2034625875 3.331905652e-19)
(1.177525802 0.1979083357 5.991598659e-19)
(1.169825808 0.1923483965 -1.395533952e-18)
(1.162502916 0.1868429411 4.899753178e-19)
(1.155452362 0.1813676017 4.415861247e-19)
(1.148656705 0.1759737885 0)
(1.142147157 0.1706857919 3.708127234e-19)
(1.135913701 0.1655161984 0)
(1.12994116 0.1604808396 3.010014355e-19)
(1.124215632 0.1555926383 1.067493515e-18)
(1.118729564 0.150861523 0)
(1.113467884 0.146291484 4.396686809e-19)
(1.108420006 0.1418887116 -3.803246348e-19)
(1.103574082 0.1376552055 7.174678869e-19)
(1.098920878 0.1335928498 1.23976975e-20)
(1.094450709 0.12970007 8.533604612e-19)
(1.090154247 0.125974962 7.677663637e-19)
(1.086022674 0.1224142823 -2.367524703e-19)
(1.082047666 0.1190137782 -2.066657626e-19)
(1.078220806 0.1157684745 3.563538599e-19)
(1.074534774 0.1126723767 -5.011125923e-19)
(1.070980961 0.109718622 -8.940686131e-19)
(1.067551362 0.1069005748 1.30548134e-19)
(1.064237393 0.1042110296 -7.027640992e-21)
(1.06103026 0.1016431382 -1.109743218e-19)
(1.057920911 0.0991899659 3.803074483e-19)
(1.054899416 0.09684546859 -1.66654141e-19)
(1.051956434 0.09460363799 4.53978665e-19)
(1.049080447 0.09246004033 0)
(1.046261973 0.09041048363 1.167249853e-19)
(1.043487662 0.08845373564 3.11339134e-19)
(1.040749713 0.08658774575 0)
(1.0380317 0.08481601435 0)
(1.035331246 0.08313843361 3.46616902e-19)
(1.032625787 0.08156532481 -6.53206148e-20)
(1.029925898 0.08009704413 4.32082909e-19)
(1.027195683 0.07875361065 0)
(1.024472981 0.07753190256 0)
(1.021692261 0.07646679883 -2.516998658e-19)
(1.018946891 0.07554331047 -3.549151492e-19)
(1.016106762 0.07482017775 -8.650687903e-21)
(1.013375054 0.07425428384 -3.281048188e-20)
(1.010485561 0.07394564839 0)
(1.00785554 0.07379220991 -1.542244684e-20)
(1.004940014 0.07397037739 -1.525641067e-20)
(1.002571364 0.07426056874 -1.047824393e-20)
(0.9996453384 0.0749879633 9.948559672e-21)
(0.9977988093 0.07570172318 -1.72904488e-19)
(0.9948208281 0.07702706073 5.088517929e-19)
(0.9939086694 0.07805130427 3.26159773e-20)
(0.9906829842 0.08003053714 7.15481758e-19)
(0.991362946 0.08107561675 2.820201953e-19)
(0.9873643097 0.08387742774 8.585075701e-19)
(0.9906723765 0.08424519651 -7.8835536e-20)
(0.9848394904 0.08856077948 8.838867103e-19)
(0.9920114581 0.08640988231 -3.55064117e-19)
(0.9828760431 0.09466449302 1.859907265e-19)
(1.001071716 0.2442046698 3.643766773e-18)
(1.336678815 0.2259153801 -2.492439111e-18)
(1.3283531 0.3050959689 6.506125251e-20)
(1.380632168 0.2576410902 3.886668875e-18)
(1.355276876 0.3042574555 -1.941874888e-18)
(1.365939558 0.2728291514 4.342519747e-19)
(1.348592688 0.297936102 -1.563412835e-18)
(1.345361747 0.2803819519 1.127075383e-18)
(1.331489765 0.2913751173 9.754307718e-19)
(1.322687011 0.281521068 -1.254773316e-18)
(1.310158593 0.2844430406 1.378655306e-18)
(1.299333421 0.2779471373 -2.314822986e-18)
(1.28743147 0.2764882965 1.429264683e-18)
(1.27618507 0.2710041546 -4.24482653e-19)
(1.264792156 0.2671803056 3.871366589e-19)
(1.253824804 0.2616751977 1.394979617e-18)
(1.243073585 0.2565542823 -3.88390904e-19)
(1.232680335 0.2507037794 -9.194443599e-19)
(1.222672384 0.2448636306 -1.053529633e-18)
(1.212987572 0.2386764378 1.991200884e-18)
(1.203737879 0.2324549582 4.326937558e-19)
(1.194863877 0.2260881725 -1.623935371e-18)
(1.186345687 0.219699858 -3.195473847e-19)
(1.178241109 0.2133199639 6.635265361e-19)
(1.170502452 0.2069696807 -5.755949103e-19)
(1.163134877 0.2006931858 1.084753923e-18)
(1.156127593 0.1945160879 -9.525376505e-19)
(1.149404244 0.1884334037 -4.374176304e-19)
(1.142941569 0.182480933 -3.776591821e-19)
(1.136761974 0.1766833147 6.992992637e-19)
(1.130852699 0.1710510807 -3.23469145e-19)
(1.125196072 0.1655965192 0)
(1.119777044 0.1603268758 -5.201826014e-19)
(1.114583261 0.1552484232 0)
(1.109600394 0.1503628626 0)
(1.104816916 0.1456726024 3.649979618e-19)
(1.100220967 0.1411770095 -1.007056284e-18)
(1.095802785 0.1368750495 1.617804975e-20)
(1.091552706 0.1327633502 -1.078996984e-18)
(1.087461762 0.1288380407 2.532452425e-19)
(1.083521485 0.1250941322 2.1591705e-19)
(1.079723976 0.121525908 2.034806284e-19)
(1.07606146 0.1181270054 5.526997726e-21)
(1.072526862 0.1148903876 4.829932178e-19)
(1.069112489 0.1118084504 8.663021035e-19)
(1.065810963 0.1088736881 1.335706812e-19)
(1.062614517 0.1060783309 0)
(1.059515178 0.1034149303 0)
(1.056504722 0.1008761581 -3.767912208e-19)
(1.053574257 0.09845544814 1.612886002e-19)
(1.050715153 0.09614655219 -1.337675172e-18)
(1.047917246 0.09394456011 0)
(1.045171709 0.09184510892 4.615481127e-19)
(1.042466934 0.08984617951 -3.185425522e-19)
(1.039795301 0.08794576957 -4.541646039e-19)
(1.03714302 0.08614595246 -1.533337913e-19)
(1.034506612 0.0844471527 -4.178966552e-19)
(1.031868074 0.08285701838 -1.148731504e-19)
(1.029233929 0.08137754568 1.090130458e-19)
(1.026576849 0.08002382005 8.272877002e-20)
(1.023924469 0.07879682631 -7.851147811e-20)
(1.021228139 0.07772220267 -1.824656935e-19)
(1.018558367 0.07679425918 1.432988967e-19)
(1.01581886 0.07605451384 -6.72856131e-20)
(1.013164851 0.07547957221 1.575168159e-20)
(1.010397596 0.0751372934 1.455596572e-20)
(1.007837822 0.07496581405 1.208070106e-19)
(1.005073584 0.07508102428 6.280921124e-20)
(1.002747944 0.07534337457 8.904885941e-21)
(1.000015706 0.07596289801 -8.453341108e-21)
(0.9981487638 0.0766463546 1.225671545e-20)
(0.9954345101 0.07779718793 -2.579477704e-19)
(0.9943761594 0.07881205056 0)
(0.9915386586 0.08051492203 -7.306665415e-19)
(0.9918455163 0.08162528991 -2.063836367e-19)
(0.9884537775 0.08398751008 -1.470837917e-18)
(0.9910285213 0.08459340886 0)
(0.9861209571 0.08822609998 -6.016564124e-19)
(0.9921548125 0.08656883046 1.085919335e-20)
(0.9842131913 0.09397887817 6.361849205e-19)
(1.026839395 0.2843855669 -6.829481936e-18)
(1.359321113 0.2554958058 4.82323432e-18)
(1.332955346 0.3446083476 -2.409837894e-18)
(1.38630235 0.2884697893 2.072912048e-18)
(1.355510492 0.3400040496 -1.980345066e-18)
(1.36591932 0.3040574493 -4.337474177e-19)
(1.345983819 0.330342919 0)
(1.341624677 0.3103056552 3.662155177e-19)
(1.326256414 0.3206094497 3.377521277e-19)
(1.316311067 0.309057617 8.939357337e-19)
(1.30282482 0.3105254348 -2.533347764e-18)
(1.29114211 0.3025286629 2.054566848e-18)
(1.27863563 0.2994151113 3.915733132e-19)
(1.266879982 0.2924603842 -1.323111408e-18)
(1.255175703 0.2870239973 -1.146578615e-20)
(1.244007748 0.2800949248 0)
(1.233194826 0.2735022576 3.268498723e-19)
(1.222838035 0.266331327 5.731045267e-19)
(1.212960108 0.2591970948 0)
(1.203475148 0.2518311283 -4.897637578e-19)
(1.194494631 0.2445116659 4.401799319e-19)
(1.185940587 0.2371415912 -3.785275823e-19)
(1.177804112 0.2298402674 3.550864649e-19)
(1.170073283 0.2226113967 -3.178944081e-19)
(1.162725976 0.2154921773 5.766737952e-19)
(1.155754945 0.2085113453 -4.909248635e-19)
(1.149141709 0.2016931244 9.275739958e-19)
(1.142813947 0.1950351251 -7.150270053e-22)
(1.13674479 0.1885609247 -3.780615266e-19)
(1.130947503 0.1822924295 -6.487077002e-19)
(1.125406558 0.1762347054 -5.853331558e-19)
(1.12010337 0.1703958024 -1.659155443e-21)
(1.115021971 0.1647779958 -9.769192636e-19)
(1.110148394 0.1593837817 4.302014999e-19)
(1.105468592 0.1542119268 3.84622495e-19)
(1.100970681 0.1492613352 -7.341377046e-19)
(1.09664319 0.1445287133 3.315353051e-19)
(1.092476379 0.140010322 8.801365044e-19)
(1.088460997 0.1357008575 2.63332503e-19)
(1.08458866 0.1315945606 4.633772573e-19)
(1.080851518 0.1276848512 2.070165911e-19)
(1.077242313 0.1239646428 -3.986384459e-19)
(1.073754035 0.1204263595 1.647238268e-19)
(1.070380165 0.1170620146 1.228131592e-18)
(1.067113913 0.1138632953 -8.498567451e-19)
(1.063948653 0.1108219778 0)
(1.060877486 0.1079297928 4.406528975e-19)
(1.057893319 0.1051788024 3.948155986e-19)
(1.054988809 0.1025613422 -1.741145663e-19)
(1.052156096 0.1000704444 -6.212363514e-19)
(1.049387368 0.09769964775 7.26061552e-19)
(1.046673743 0.09544366211 0)
(1.044007151 0.09329795482 -4.565167487e-19)
(1.041377608 0.09125988737 0)
(1.038777866 0.08932739415 3.555931394e-19)
(1.036196499 0.08750142456 0)
(1.033629342 0.0857826126 -1.283444517e-19)
(1.031062341 0.08417651953 2.324431472e-19)
(1.02849886 0.08268605624 1.930673997e-19)
(1.025918868 0.08132250237 -2.434588523e-19)
(1.023341592 0.08008943693 2.790642624e-19)
(1.020732713 0.07900548286 2.357355441e-19)
(1.018143434 0.07807122092 0)
(1.015506326 0.07731525483 -2.871603477e-19)
(1.012935458 0.07672802908 4.686284375e-20)
(1.010290289 0.07635346289 -1.915251314e-19)
(1.007807492 0.076158651 1.045673215e-23)
(1.005191423 0.07621452314 -3.281157128e-20)
(1.002918074 0.07644029369 1.010642743e-20)
(1.00037189 0.07696013966 0)
(0.9984982905 0.07759836675 1.571758301e-19)
(0.9960331183 0.0785915634 0)
(0.9948492824 0.07957101124 6.75799988e-20)
(0.9923761126 0.08102985087 8.110998957e-19)
(0.9923391905 0.08216104041 0)
(0.9895217803 0.08413904651 1.328423513e-18)
(0.9913981494 0.08491665856 4.555033044e-19)
(0.9873809222 0.08794071828 7.290613785e-19)
(0.9923176656 0.08670945638 -1.310485186e-19)
(0.985524541 0.09332743201 -6.311941196e-19)
(1.0514947 0.3303851324 -3.717369068e-18)
(1.37960498 0.2885461662 -2.589038475e-18)
(1.334815289 0.3881238087 2.783233835e-18)
(1.389415474 0.3226687498 0)
(1.353009182 0.3787256399 5.011031336e-19)
(1.362856246 0.3380871224 1.737069684e-18)
(1.340309421 0.3648044575 -3.666797205e-18)
(1.33462414 0.3421857051 1.153738511e-18)
(1.317852765 0.3510846192 1.317126961e-18)
(1.306736096 0.3376818323 -2.462901908e-18)
(1.292437695 0.337150202 2.241674496e-18)
(1.28001201 0.3274582669 -1.549563297e-18)
(1.267088503 0.3223258536 0)
(1.255013905 0.3137216617 0)
(1.243207358 0.3064544992 -7.643763733e-19)
(1.232047883 0.2979768567 1.355326674e-18)
(1.221371994 0.2897993256 -6.860618629e-19)
(1.211249019 0.2812485153 -2.846355158e-18)
(1.201689748 0.2727899923 2.52624172e-18)
(1.192629023 0.2642646276 -4.931850572e-19)
(1.184071354 0.2558405941 -8.39187936e-19)
(1.175972728 0.24748577 3.743508832e-19)
(1.168312549 0.2392781525 6.391138378e-19)
(1.161067493 0.2312319854 -1.208237198e-18)
(1.154209868 0.2233798398 -1.028832548e-18)
(1.147723188 0.2157403272 4.875222432e-19)
(1.141578729 0.2083303292 0)
(1.135708848 0.2011430902 7.68735725e-19)
(1.130085179 0.1941929458 -1.033150181e-18)
(1.124715067 0.1874974324 1.894414369e-18)
(1.119581299 0.1810558056 -5.537186075e-19)
(1.114664854 0.1748714594 5.475371438e-19)
(1.109949549 0.1689420634 2.096925948e-20)
(1.105420982 0.1632660868 -1.236616506e-18)
(1.101065726 0.1578391379 7.692635471e-19)
(1.096872192 0.1526568623 1.728787972e-20)
(1.092829694 0.1477133827 2.887649937e-19)
(1.088929015 0.1430024873 -8.096815915e-19)
(1.08516168 0.1385169909 2.55711091e-19)
(1.081520093 0.1342493957 2.017178037e-19)
(1.077997242 0.1301916808 -6.047952193e-19)
(1.074586687 0.1263355251 -3.553968798e-19)
(1.071282298 0.1226723071 3.140270375e-19)
(1.068078307 0.1191932069 -8.92955992e-19)
(1.064968858 0.1158892802 -7.948026008e-19)
(1.061948165 0.1127517216 7.008058699e-19)
(1.059010242 0.1097718453 -8.633240597e-19)
(1.056148917 0.1069413316 -1.919533684e-19)
(1.053357769 0.1042522481 0)
(1.050629966 0.1016973321 6.227004325e-19)
(1.047958592 0.09926994977 5.378860819e-19)
(1.045335985 0.09696452163 0)
(1.042754924 0.09477635625 -4.24559721e-19)
(1.040206932 0.09270233565 0)
(1.037685319 0.09074025235 -6.612768651e-19)
(1.035180748 0.08889017707 -1.414677439e-19)
(1.03268878 0.0871527022 1.342460717e-19)
(1.030198695 0.08553177572 0)
(1.027711592 0.08403063768 -3.872098153e-19)
(1.02521344 0.08265768697 3.285735595e-19)
(1.022716898 0.08141785001 -2.752526026e-19)
(1.02019933 0.08032458601 4.388687785e-19)
(1.017696346 0.07938220846 8.19835547e-20)
(1.01516413 0.07861005019 -7.018412591e-20)
(1.01268287 0.07800738189 0)
(1.010160086 0.07760125579 3.47742036e-19)
(1.007762312 0.07737798148 3.147049815e-20)
(1.005291124 0.07737713954 -8.521859363e-20)
(1.003081313 0.07755795396 -1.611732062e-21)
(1.000712016 0.07798484698 5.200981247e-20)
(0.9988490489 0.07856365219 2.710947656e-20)
(0.9966142013 0.07941404555 -1.88896336e-19)
(0.9953325693 0.08033324772 -4.151018112e-19)
(0.9931905501 0.08157791742 -5.57419964e-19)
(0.9928526797 0.08268686539 -3.349845623e-19)
(0.9905594262 0.08433376078 -7.548174655e-19)
(0.99179421 0.08521803694 -4.488953991e-19)
(0.9886087692 0.08770434315 -5.862061108e-19)
(0.9925103503 0.08683711735 0)
(0.9868069843 0.09270149439 0)
(1.074261595 0.3830579101 -4.640167525e-19)
(1.396669708 0.3257895417 6.591678077e-19)
(1.33329878 0.4359915934 -3.100319603e-19)
(1.389066681 0.3607460842 0)
(1.346970347 0.4204630267 -5.018723028e-19)
(1.355847359 0.3750404119 1.303460472e-18)
(1.330808655 0.4011000872 -3.269300588e-18)
(1.32362324 0.3758507872 2.604738787e-18)
(1.305666695 0.3824222462 -2.694318155e-18)
(1.293439693 0.3670253665 1.260791624e-18)
(1.278581224 0.3638722271 5.432261463e-19)
(1.265626627 0.352298684 2.025006813e-20)
(1.252554421 0.3447862064 0)
(1.240423128 0.3343767267 0)
(1.228770408 0.3251000515 3.806182054e-19)
(1.217881214 0.3149974412 6.473749981e-19)
(1.207628616 0.305205415 -6.157501048e-19)
(1.197989132 0.2952536782 -1.032339069e-18)
(1.188947751 0.2854724596 9.500869674e-19)
(1.180448956 0.2757733222 4.367396957e-19)
(1.172475124 0.2662736387 0)
(1.164976467 0.2569696733 -6.599340863e-19)
(1.157919674 0.2479099945 0)
(1.151268462 0.2391067821 0)
(1.144991072 0.2305806458 5.066871624e-19)
(1.139064047 0.2223414816 8.604182712e-19)
(1.133454292 0.2143974166 -1.185619548e-18)
(1.128097708 0.2067356447 1.434289288e-18)
(1.122966494 0.1993621026 0)
(1.118063527 0.1922887454 -5.716315176e-19)
(1.113371028 0.1855090625 2.425658971e-20)
(1.108870461 0.1790214911 1.938059835e-18)
(1.104546249 0.1728193903 -1.850989061e-21)
(1.100384549 0.1668973493 4.203184162e-19)
(1.096372964 0.1612478502 3.264573865e-19)
(1.092500809 0.155863549 -6.218210275e-19)
(1.088758481 0.1507361488 -5.891980042e-19)
(1.085137715 0.1458572389 2.384384076e-20)
(1.081631069 0.1412178763 0)
(1.07823195 0.136809019 -1.928734105e-20)
(1.07493435 0.1326213748 -2.419387673e-21)
(1.071732798 0.1286455509 0)
(1.068622133 0.1248720452 -6.33930198e-19)
(1.065597475 0.1212913398 2.239205983e-20)
(1.06265393 0.1178939606 5.130787396e-19)
(1.059786621 0.1146706509 -4.609639453e-19)
(1.056990506 0.1116123992 1.191792174e-18)
(1.054260358 0.1087106091 -3.751937178e-19)
(1.051590709 0.1059571541 -3.228398091e-19)
(1.048975754 0.1033445738 -3.006510592e-19)
(1.046409522 0.1008661078 -7.868162691e-19)
(1.043885527 0.09851597247 -2.390987336e-19)
(1.041397467 0.09628933495 -1.893854623e-19)
(1.038938274 0.09418271388 -3.631613139e-19)
(1.036501969 0.09219370771 8.160694031e-19)
(1.034081066 0.09032170121 -2.688061049e-19)
(1.031671213 0.08856705787 -4.570458936e-19)
(1.029264464 0.08693247945 2.215320221e-19)
(1.026860476 0.08542108377 3.552510103e-19)
(1.024449986 0.08403911177 0)
(1.022040847 0.08279186034 5.052181861e-19)
(1.019619512 0.08168908784 -8.4719168e-19)
(1.017209676 0.08073682501 0)
(1.014785827 0.07994805324 8.634925323e-21)
(1.012401718 0.07932683174 1.967406778e-19)
(1.010002397 0.07888909475 -1.403103276e-19)
(1.007698887 0.07863241196 -1.741044926e-19)
(1.00536958 0.07857624723 -1.445382918e-20)
(1.003236215 0.07870423707 9.624308427e-21)
(1.001033826 0.07904298136 -7.910886493e-20)
(0.9992016707 0.0795493523 0)
(0.9971752141 0.08026888544 1.853792272e-19)
(0.9958294438 0.08110522747 4.073913649e-19)
(0.9939772134 0.08216160287 -4.495798583e-19)
(0.9933937717 0.08320838347 1.026207537e-18)
(0.9915574272 0.0845729806 -1.185000078e-19)
(0.9922295957 0.08550175453 -4.130545989e-19)
(0.9897925002 0.08751696102 5.749222029e-19)
(0.9927434259 0.08695622489 0)
(0.9880545664 0.0920935184 0)
(1.094072481 0.4433395987 1.522806103e-19)
(1.409290016 0.3681246067 2.130432107e-18)
(1.32750239 0.4884576115 6.476968567e-19)
(1.383971702 0.4032293354 0)
(1.336369732 0.4649884093 0)
(1.343753973 0.414941671 -1.297764017e-18)
(1.316607227 0.4387545699 2.096725071e-18)
(1.307801622 0.4109258245 3.701862655e-19)
(1.28905198 0.4140356839 6.528457446e-19)
(1.275910945 0.3965365867 5.846519878e-19)
(1.26086669 0.3901047651 -5.568562494e-19)
(1.247706097 0.3764954632 2.878113653e-18)
(1.234834097 0.3662945942 -1.812489068e-18)
(1.2230062 0.3539903033 -1.510982287e-18)
(1.211907736 0.3426500137 7.552186967e-19)
(1.201585554 0.3308596044 1.189888267e-19)
(1.191983474 0.319429779 1.663859494e-18)
(1.183047283 0.308068235 0)
(1.174738205 0.2969997386 -3.150253242e-20)
(1.166991459 0.2861796664 3.765059669e-19)
(1.159763546 0.2756791526 -1.356612085e-18)
(1.15300047 0.2654987179 6.913654688e-19)
(1.14665937 0.2556638471 5.421211562e-19)
(1.140698557 0.2461793313 -9.797398593e-19)
(1.135082447 0.2370527206 1.352194282e-18)
(1.129783498 0.2282845591 -1.259499276e-18)
(1.124766406 0.2198731881 7.170697668e-19)
(1.119971603 0.2117988592 -7.175170355e-19)
(1.115373658 0.2040597928 -1.779581782e-18)
(1.110972495 0.1966617651 1.085083184e-18)
(1.106750985 0.1895928324 -1.007316371e-18)
(1.102691971 0.1828465678 0)
(1.098781173 0.1764123929 -4.125180189e-19)
(1.095006079 0.1702812493 3.729847383e-19)
(1.091355781 0.1644427208 -3.319463129e-20)
(1.087820929 0.158886794 -2.317287667e-21)
(1.084393331 0.1536030147 5.507862017e-19)
(1.081065969 0.1485810255 1.444607961e-18)
(1.077832663 0.1438103528 -2.301018978e-20)
(1.074687977 0.1392806071 0)
(1.071627057 0.1349814219 6.978409525e-19)
(1.068645482 0.1309025012 0)
(1.065739157 0.1270336346 2.840950367e-19)
(1.062904151 0.1233647404 2.670961911e-19)
(1.060136581 0.1198859403 0)
(1.057432498 0.1165876409 0)
(1.054787849 0.1134606109 -7.796832972e-19)
(1.052198347 0.1104960672 6.69161477e-19)
(1.049659521 0.1076857765 2.654762682e-20)
(1.047166558 0.1050221567 -2.698729158e-19)
(1.044714499 0.102498384 2.464742094e-19)
(1.042297965 0.1001085336 0)
(1.039911669 0.09784766751 1.169185121e-18)
(1.037549822 0.09571202029 6.83015455e-19)
(1.035207334 0.09369898032 -3.12277489e-19)
(1.032878306 0.09180737547 0)
(1.030558842 0.09003722569 1.135743179e-18)
(1.028243215 0.08839023714 -2.081559003e-19)
(1.025930426 0.08686909745 -1.01247607e-18)
(1.023614797 0.08547839889 -2.72273502e-19)
(1.021301047 0.08422311488 -2.354191156e-19)
(1.018982231 0.08311035917 4.065167897e-19)
(1.01667364 0.08214641688 -1.469843702e-19)
(1.014362941 0.08134006636 7.546482951e-19)
(1.012084673 0.08069717627 -2.99424556e-19)
(1.009811052 0.08022686426 2.610171646e-19)
(1.007612115 0.07993198415 0)
(1.005422556 0.07982040892 9.981737479e-20)
(1.003379683 0.07988832548 -8.123220321e-21)
(1.001334376 0.08014139289 -1.240537744e-20)
(0.9995549454 0.08056389231 -6.63696227e-20)
(0.9977134836 0.08116080235 6.295157902e-20)
(0.9963410521 0.08189490033 3.379691938e-19)
(0.9947318413 0.08278328208 4.386169898e-19)
(0.9939676658 0.08373305072 1.941109161e-19)
(0.9925070413 0.08485751899 7.576621995e-21)
(0.9927153529 0.08577343605 5.80016615e-19)
(0.9909192977 0.08737888104 0)
(0.9930266405 0.08707002044 -9.798700714e-19)
(0.9892585917 0.09149812479 1.330281527e-18)
(1.109423362 0.5121893267 4.969709649e-19)
(1.41570397 0.4166103936 3.353735132e-19)
(1.316142024 0.5455517869 -6.469382919e-19)
(1.372411404 0.4505018049 1.60426416e-18)
(1.319918641 0.5117677641 -1.316827738e-19)
(1.325250363 0.4575117718 -1.869982467e-18)
(1.296705954 0.4769777367 0)
(1.28631083 0.4467477746 1.399275984e-18)
(1.267368869 0.4451053823 -3.287945793e-18)
(1.253673687 0.4254643557 2.872637786e-18)
(1.238953226 0.4151515616 -2.643140561e-18)
(1.226113743 0.3994545888 -4.709375991e-19)
(1.213936366 0.3864041273 0)
(1.202816436 0.3721091323 0)
(1.192559693 0.3586551507 -6.573177987e-19)
(1.18313706 0.3451649646 -5.066723567e-19)
(1.174474745 0.3321552147 1.483461817e-18)
(1.16649164 0.3194555375 -9.188726719e-19)
(1.159125251 0.3071964819 -1.185673043e-18)
(1.152303191 0.2953505802 1.743146645e-18)
(1.145968603 0.2839513507 -1.265022022e-18)
(1.140063702 0.2729926699 1.166595412e-18)
(1.134540455 0.2624793549 4.81875955e-19)
(1.129355061 0.2524050753 4.766534379e-19)
(1.124470851 0.2427639433 0)
(1.119859031 0.2335466613 0)
(1.115484469 0.2247415772 6.524456199e-19)
(1.111293417 0.2163220002 -1.208948689e-18)
(1.107264257 0.2082792186 1.650968453e-18)
(1.10339537 0.2006126627 0)
(1.09967136 0.1933055603 0)
(1.096077183 0.1863468947 -3.905481004e-19)
(1.092600548 0.1797226077 1.425709499e-18)
(1.089230836 0.1734203582 -1.32314663e-18)
(1.085959003 0.1674271922 0)
(1.082777396 0.1617307702 -5.625241445e-19)
(1.07967948 0.1563187711 0)
(1.076659716 0.1511792161 -4.603443638e-19)
(1.073713331 0.1463003125 -8.047517398e-19)
(1.070836195 0.1416705701 -7.319463523e-19)
(1.06802467 0.1372787308 3.005109581e-19)
(1.06527549 0.1331137864 -1.161742764e-18)
(1.062585637 0.1291649722 1.601241659e-18)
(1.05995221 0.1254217998 -9.721202841e-19)
(1.057372327 0.1218740936 1.725951153e-18)
(1.054843026 0.1185120549 -4.045134711e-19)
(1.052361217 0.1153263178 -6.87947463e-19)
(1.0499236 0.1123080215 -9.590277465e-19)
(1.04752667 0.1094488865 8.752853576e-19)
(1.045166647 0.1067413037 5.20673501e-19)
(1.042839565 0.1041784216 0)
(1.040541165 0.1017542561 3.904318327e-19)
(1.038267172 0.09946377448 -7.52438412e-19)
(1.036013054 0.09730301461 3.280281997e-19)
(1.033774664 0.09526912558 0)
(1.031547566 0.09336049473 -4.680913548e-19)
(1.029328519 0.09157669945 8.904233827e-21)
(1.027113646 0.08991864477 3.499840092e-19)
(1.02490184 0.08838835862 -5.981799235e-19)
(1.0226901 0.08698914986 2.833128165e-19)
(1.020481321 0.08572518374 0)
(1.018273106 0.08460165946 0)
(1.016075282 0.08362412488 -2.725022151e-19)
(1.013884266 0.08279861889 -4.346789979e-19)
(1.011721685 0.08213082111 -1.541457855e-19)
(1.009577695 0.0816259495 -1.067269517e-19)
(1.007494452 0.08128813736 6.114560549e-20)
(1.005444158 0.08111947031 -5.800186632e-20)
(1.003506137 0.08112062472 1.723628862e-20)
(1.001609575 0.08128792323 -1.634833417e-20)
(0.9999048125 0.08161684385 1.723144449e-19)
(0.9982260123 0.08209516054 0)
(0.996864819 0.0827115381 -3.27188379e-19)
(0.995451052 0.08344542812 0)
(0.994574706 0.08427011723 -3.84482061e-19)
(0.9934012235 0.08518772535 -3.781133645e-19)
(0.9932578493 0.08604020314 1.978391184e-20)
(0.9919763311 0.08729092834 -3.715082115e-19)
(0.9933670954 0.08718065546 7.154425134e-19)
(0.9904071839 0.09091308826 -8.46668221e-19)
(1.11819621 0.5904521312 -4.837712445e-19)
(1.413392817 0.4724006905 0)
(1.297446344 0.6068638593 -3.133170713e-18)
(1.352174465 0.5026354452 3.411883058e-18)
(1.296081967 0.5597467382 4.953782822e-19)
(1.298855018 0.5020573704 2.117965542e-18)
(1.270055846 0.5145737236 -8.790814725e-19)
(1.258313502 0.4823156786 6.672915435e-19)
(1.240030573 0.4746176492 -5.943837854e-19)
(1.226500279 0.4529480973 1.630970024e-18)
(1.212768167 0.4383864098 4.900197944e-19)
(1.200797294 0.4204150503 0)
(1.189756696 0.4044862205 2.089171481e-18)
(1.179816227 0.3881493278 -1.327517328e-18)
(1.17079609 0.3726864934 -2.722779048e-18)
(1.162611448 0.3575847767 1.598922731e-18)
(1.155167046 0.34313005 0)
(1.148368162 0.3292190371 0)
(1.142137252 0.3159080593 6.852420411e-19)
(1.136398 0.3031679543 -6.481795126e-19)
(1.131087445 0.2909994026 0)
(1.126147722 0.2793828961 -1.00772914e-18)
(1.121530375 0.2683040822 4.092481739e-19)
(1.117193135 0.2577438862 -1.631794323e-18)
(1.113101243 0.2476835046 7.520213438e-19)
(1.109227318 0.2381039872 0)
(1.105538487 0.2289840519 -5.669023012e-19)
(1.101988167 0.2202905888 0)
(1.098559617 0.2120089454 4.334873923e-19)
(1.095250961 0.2041324202 -8.751959725e-19)
(1.09204941 0.1966401426 7.843109788e-19)
(1.088942688 0.1895169867 -3.65800926e-19)
(1.085920991 0.1827459195 -6.856920445e-19)
(1.082976018 0.1763118002 1.206054732e-18)
(1.080100876 0.1701994976 -3.47471233e-20)
(1.077289892 0.1643947582 0)
(1.074538329 0.158883709 0)
(1.071842312 0.1536530601 0)
(1.069198564 0.1486899575 7.566907085e-19)
(1.066604357 0.1439820435 1.283511444e-18)
(1.064057318 0.1395173648 -1.816189215e-18)
(1.061555384 0.1352843892 2.162802264e-18)
(1.059096628 0.1312719528 -1.005251998e-18)
(1.056679224 0.1274693023 -8.509287644e-19)
(1.054301283 0.1238660834 -1.586633039e-18)
(1.051960857 0.1204524105 0)
(1.049655808 0.1172188733 6.624622215e-19)
(1.047383845 0.1141566263 0)
(1.045142421 0.1112574135 0)
(1.042928798 0.1085136729 8.954422132e-19)
(1.040739998 0.1059185712 -8.248230801e-19)
(1.038572886 0.1034661238 3.789212369e-19)
(1.036424208 0.101151227 -6.687385655e-19)
(1.034290651 0.09896977661 5.960570942e-19)
(1.032169064 0.09691867803 4.894176985e-19)
(1.030056357 0.09499594271 0)
(1.027950108 0.0932006585 0)
(1.025847975 0.09153303393 6.444917706e-19)
(1.023749171 0.08999431564 5.883882932e-19)
(1.021652634 0.0885867293 0)
(1.019560455 0.08731337014 -3.921275439e-19)
(1.017473129 0.08617793158 0)
(1.015397341 0.08518468605 0)
(1.013334674 0.08433776073 4.359065844e-19)
(1.011298922 0.08364155649 3.096140157e-19)
(1.00929063 0.08309903837 2.20653723e-19)
(1.007334814 0.0827134099 -1.144267302e-19)
(1.005425505 0.08248431851 3.40211293e-20)
(1.003606396 0.08241247769 0)
(1.001853094 0.08249132498 6.564749019e-20)
(1.000243152 0.08271856337 -3.098036011e-19)
(0.9987085846 0.08307809608 0)
(0.997392862 0.08356528945 0)
(0.9961320992 0.08415095775 0)
(0.9952077798 0.08483022372 3.402325452e-19)
(0.9942357782 0.08556377575 3.939782489e-20)
(0.9938547893 0.08631071221 -2.831882328e-19)
(0.9929527782 0.08725467212 -1.610463553e-20)
(0.9937660887 0.0872889524 -8.074863428e-19)
(0.9914856818 0.09034127563 0)
(1.117391228 0.6785577576 0)
(1.398740103 0.5366055098 0)
(1.269106982 0.6711324261 3.11263795e-18)
(1.320510018 0.559184154 -3.394550517e-18)
(1.263153653 0.6071110654 1.83725385e-18)
(1.262984938 0.5473282316 -2.236499926e-18)
(1.235642359 0.5499647083 -6.777515704e-20)
(1.2233572 0.5163204949 -6.600700898e-19)
(1.206766835 0.5017084365 1.533108342e-18)
(1.194203266 0.4777025821 -2.054297541e-18)
(1.182122615 0.4589042031 0)
(1.17172434 0.4385249298 -7.201580182e-19)
(1.16237116 0.4199146148 5.738589198e-20)
(1.154085919 0.4016287458 0)
(1.14668366 0.3843648253 5.192179311e-19)
(1.140053166 0.3678218529 4.590112225e-19)
(1.134084042 0.3521201025 0)
(1.128677636 0.3371777509 0)
(1.123751461 0.3229922882 -1.18084964e-18)
(1.119231553 0.3095203627 1.115825547e-18)
(1.11505644 0.2967339227 -1.399704878e-18)
(1.111172744 0.2845971964 5.064733879e-19)
(1.107536164 0.2730784126 8.028769186e-19)
(1.104109282 0.2621457345 1.017811097e-18)
(1.100862067 0.251768644 -6.49746161e-19)
(1.097770826 0.2419193693 5.374869775e-19)
(1.09480682 0.2325678272 1.031584417e-18)
(1.091931767 0.2236754257 0)
(1.089134492 0.2152227265 -1.277885699e-18)
(1.086413948 0.2071973744 1.192914787e-18)
(1.083760637 0.19957522 -6.842864412e-19)
(1.081165515 0.1923376235 6.488094545e-19)
(1.078621642 0.18546514 0)
(1.076123319 0.1789403195 5.120346381e-19)
(1.073666028 0.1727462895 -9.828651433e-19)
(1.071246207 0.1668672588 4.099803746e-19)
(1.068861066 0.1612881515 -7.446720611e-19)
(1.06650845 0.155994664 6.759797494e-19)
(1.064186673 0.1509731494 6.132767224e-19)
(1.061894424 0.1462106067 -5.140811725e-20)
(1.059630653 0.1416946023 0)
(1.057394496 0.1374132401 -1.428169696e-18)
(1.055185165 0.1333551251 4.193934776e-20)
(1.053001877 0.1295093643 8.623247805e-19)
(1.050843782 0.1258655559 4.537169784e-20)
(1.04870991 0.1224138168 1.254099448e-18)
(1.046599124 0.1191448012 -8.438214272e-21)
(1.044510093 0.1160497449 1.509635601e-18)
(1.042441279 0.1131205006 4.177337375e-19)
(1.040390938 0.1103495966 -2.050270222e-18)
(1.03835714 0.1077302831 0)
(1.036337803 0.1052565979 5.259393668e-21)
(1.034330769 0.1029234134 -1.191409757e-18)
(1.032333844 0.1007264938 0)
(1.030344977 0.09866252904 -3.492057668e-20)
(1.028362255 0.09672916213 -7.49756908e-19)
(1.026384249 0.09492499737 1.360909637e-18)
(1.024409844 0.09324956753 -1.229855617e-18)
(1.022438924 0.09170331285 -4.82420825e-20)
(1.020471745 0.09028743858 0)
(1.01851036 0.08900389243 3.686831617e-20)
(1.016556875 0.08785501981 1.423986446e-18)
(1.014616527 0.08684364033 -5.166874884e-19)
(1.0126934 0.08597231328 -3.562829795e-19)
(1.010797124 0.08524378033 -4.445736358e-20)
(1.008933098 0.08465945218 -6.356335979e-19)
(1.007116975 0.08422083322 0)
(1.005353222 0.08392639023 7.029061372e-20)
(1.003666256 0.0837752874 2.137038678e-20)
(1.002054491 0.08376085822 -5.166428233e-20)
(1.000556343 0.08387937841 1.365165123e-19)
(0.9991537153 0.08411647838 0)
(0.9979106816 0.08446624103 0)
(0.9967709667 0.08490369648 -2.469110332e-19)
(0.9958506211 0.08542438742 -5.2692628e-19)
(0.9950087071 0.08598632264 0)
(0.9944921454 0.08659464805 4.704473559e-20)
(0.9938408514 0.08727276121 5.313353965e-19)
(0.9942154784 0.087395205 6.813742586e-20)
(0.9924778634 0.08979168525 -8.931843674e-19)
(1.102512104 0.7758265665 3.997518055e-18)
(1.366609619 0.6098277594 6.514546419e-19)
(1.228267258 0.7357056631 0)
(1.274143575 0.6188022883 5.306146392e-19)
(1.219416173 0.6512178039 -3.081949658e-18)
(1.216592518 0.5912961355 1.642384253e-18)
(1.192714531 0.5819178091 -1.298829622e-18)
(1.181111824 0.5465452544 0)
(1.167215203 0.5250521805 0)
(1.156736207 0.4983983096 -6.456680218e-20)
(1.147100373 0.4757514478 1.342736573e-18)
(1.138978968 0.4530370264 -7.529546379e-19)
(1.131856905 0.4320931245 4.878910973e-19)
(1.12567168 0.4120875799 -9.587140954e-19)
(1.120240119 0.3933215497 -3.683768839e-19)
(1.115444121 0.3755892861 0)
(1.11117366 0.3588933229 -1.229212861e-18)
(1.107337138 0.3431442596 1.159453906e-18)
(1.103858304 0.3282928462 -9.760259874e-19)
(1.100672567 0.3142758028 1.330614653e-18)
(1.097726783 0.3010404658 8.486111493e-19)
(1.094976579 0.2885347599 -3.526059315e-20)
(1.092385763 0.2767118452 -6.642525232e-19)
(1.089924647 0.2655283321 2.238172242e-19)
(1.087570245 0.2549437262 5.45035837e-19)
(1.085304341 0.2449227778 -1.119921292e-19)
(1.083103872 0.2354277572 -1.340933889e-18)
(1.080939704 0.2264157859 0)
(1.078806543 0.2178638896 3.29388186e-19)
(1.076705061 0.2097547102 3.198182049e-20)
(1.074629509 0.2020616658 -2.409152123e-20)
(1.072574396 0.1947632787 4.99951191e-19)
(1.070535889 0.1878382521 -9.885472736e-19)
(1.068511075 0.181267355 -1.274189568e-18)
(1.066497922 0.1750323924 8.169668221e-19)
(1.064495085 0.1691164342 -1.097148477e-18)
(1.062501762 0.1635035217 1.993699306e-18)
(1.060517574 0.1581786449 -6.339134127e-19)
(1.058542438 0.1531276174 1.002004244e-18)
(1.0565765 0.1483370262 -2.029476733e-18)
(1.054620037 0.143794144 9.143166094e-19)
(1.0526734 0.139486896 0)
(1.050736928 0.1354038011 -2.340619114e-20)
(1.048810911 0.1315339595 1.026261083e-19)
(1.046895519 0.1278670284 1.175343704e-18)
(1.044990783 0.1243932366 -1.072921237e-18)
(1.043096544 0.1211033802 -1.906035345e-18)
(1.041212461 0.1179888586 8.472181236e-19)
(1.039337985 0.1150416874 7.367673765e-19)
(1.037472388 0.1122545455 1.388297535e-18)
(1.035614769 0.1096207973 0)
(1.033764115 0.1071345439 5.571371858e-20)
(1.031919339 0.104790645 -4.630656093e-19)
(1.030079365 0.1025847608 0)
(1.028243221 0.1005133613 -1.126568618e-18)
(1.026410124 0.09857374139 6.830997942e-19)
(1.024579645 0.09676400645 6.022378836e-19)
(1.022751756 0.09508303819 5.219122396e-19)
(1.020927112 0.09353044862 -4.330830623e-20)
(1.019106956 0.0921064662 -4.232630904e-19)
(1.017293633 0.09081186795 0)
(1.015490138 0.08964773482 -1.445527112e-18)
(1.013701123 0.08861541098 4.345099782e-19)
(1.01193163 0.08771603548 3.568220718e-20)
(1.010189184 0.08695066331 -4.156411976e-19)
(1.008480763 0.08631939474 5.717259618e-19)
(1.006817256 0.08582197541 -1.014142937e-19)
(1.005206732 0.08545611306 0)
(1.003664023 0.08521922923 -2.971542778e-20)
(1.002196257 0.08510513534 7.660198774e-20)
(1.000823302 0.08510828585 -7.259624344e-20)
(0.9995472728 0.08521707522 -1.476933783e-19)
(0.9983959489 0.08542316449 0)
(0.9973583693 0.08570816679 2.277300167e-19)
(0.9964773937 0.08606274275 4.473825568e-19)
(0.995716575 0.08645663395 4.545280136e-19)
(0.9951427616 0.08690257432 4.112954909e-20)
(0.9946344058 0.08734862039 0)
(0.9946959092 0.08750015869 9.650572615e-19)
(0.9933668189 0.08927996603 -1.492889463e-18)
(1.068170378 0.8799760243 0)
(1.310420607 0.6908366771 -6.675283474e-19)
(1.171770621 0.7962191418 0)
(1.210303031 0.6783336477 -4.245310023e-19)
(1.163074316 0.6899062644 8.603019743e-19)
(1.159274113 0.6301341538 2.382285877e-18)
(1.140525774 0.6084331853 -1.046217982e-18)
(1.131491543 0.5707384225 -1.718854155e-18)
(1.121479721 0.5431293771 1.615148931e-18)
(1.114206136 0.5138145128 -1.594822667e-18)
(1.107814568 0.4879546689 5.874566141e-19)
(1.102627441 0.463212071 1.495300599e-18)
(1.09823466 0.4404181052 2.963429964e-19)
(1.094538559 0.4190553543 -7.474248915e-19)
(1.091379354 0.3991651406 3.505739201e-19)
(1.08865275 0.3805641369 0)
(1.086266272 0.3631715064 -4.318366623e-19)
(1.084146663 0.3468763884 -8.485193511e-19)
(1.082234095 0.3315930402 -3.02189755e-19)
(1.08047997 0.3172378009 -4.274482489e-20)
(1.078845155 0.303738025 7.073591307e-19)
(1.077298106 0.2910273613 0)
(1.075813833 0.2790467969 -9.885011232e-19)
(1.074372594 0.267743434 4.289590696e-19)
(1.07296014 0.2570689288 4.529280236e-19)
(1.071564994 0.2469821785 -1.347917055e-20)
(1.070170989 0.23743915 -9.933853802e-19)
(1.068758643 0.2283940434 0)
(1.067328527 0.2198216182 -5.579611442e-19)
(1.065883744 0.211700262 1.552348203e-18)
(1.064422555 0.2040017884 -1.431358678e-18)
(1.062943217 0.1967025896 8.593901691e-19)
(1.061445135 0.189780081 -7.533940009e-19)
(1.059928276 0.183213778 7.717611498e-19)
(1.058393158 0.1769845823 -1.248567755e-18)
(1.05684069 0.1710748068 2.317383981e-18)
(1.055272082 0.1654679428 -1.094815735e-18)
(1.05368874 0.1601485566 -9.77590968e-19)
(1.052092209 0.1551021714 -1.320752765e-18)
(1.050484087 0.1503151804 1.155837638e-18)
(1.048865987 0.1457747702 -7.32223328e-19)
(1.047239474 0.1414688458 -6.008917324e-19)
(1.045606035 0.1373859908 -6.296923237e-19)
(1.043967023 0.1335154215 5.687188731e-19)
(1.042323647 0.1298469707 4.229786627e-19)
(1.040676932 0.1263710625 -4.242068921e-19)
(1.03902772 0.1230787243 5.411550108e-20)
(1.037376648 0.1199615765 -1.022266703e-18)
(1.035724177 0.1170118609 -6.681014009e-19)
(1.034070581 0.1142224395 1.009562468e-18)
(1.032416005 0.1115868317 -1.492723962e-18)
(1.030760476 0.1090992135 -3.848574332e-19)
(1.029103989 0.1067544551 1.596480239e-18)
(1.027446532 0.1045481093 1.334495785e-18)
(1.025788212 0.1024764385 -1.264059923e-18)
(1.024129289 0.1005363801 4.503428259e-19)
(1.022470332 0.09872555159 -1.843249667e-18)
(1.020812257 0.09704217784 7.88612101e-20)
(1.01915651 0.09548506576 1.077100787e-18)
(1.017505075 0.09405347667 -3.064142647e-19)
(1.015860714 0.09274706868 8.900819147e-19)
(1.014226864 0.09156569314 6.589153061e-19)
(1.012607982 0.09050932027 -6.850173775e-19)
(1.011009218 0.08957773027 7.04519498e-19)
(1.009436982 0.08877047236 -4.169545097e-19)
(1.007898144 0.08808640352 0)
(1.006401119 0.08752380349 -1.661289517e-19)
(1.004954121 0.0870796449 3.46731559e-19)
(1.003567425 0.08675007144 -1.249426262e-19)
(1.002249678 0.08652922253 -2.286114362e-20)
(1.001012699 0.08641053628 0)
(0.9998639763 0.0863843983 2.597211412e-19)
(0.9988167428 0.08644148952 9.860939096e-19)
(0.9978742237 0.08656825525 -6.434781581e-19)
(0.9970528492 0.08675257967 -3.956951234e-19)
(0.9963481234 0.08697640299 3.788082888e-19)
(0.9957672666 0.08724478586 4.097875639e-19)
(0.9953256907 0.08748547889 0)
(0.9951761768 0.08760696844 3.476969608e-19)
(0.994136428 0.08882636562 0)
(1.006621116 0.9845067716 -1.615295492e-18)
(1.222400648 0.7750906499 1.463091825e-18)
(1.096327311 0.8473594909 -1.421701213e-18)
(1.12839862 0.7317032888 3.687045016e-18)
(1.092429318 0.7199528684 -1.374645224e-18)
(1.09089979 0.6596893047 -1.556319742e-18)
(1.079223389 0.6270004687 -1.081951502e-18)
(1.07470203 0.5867690744 1.783215608e-19)
(1.069793799 0.554291901 1.294518671e-19)
(1.066766987 0.5227137701 6.081351515e-19)
(1.064344147 0.4944913794 -1.219141338e-18)
(1.062655176 0.4682581867 1.103399987e-18)
(1.061408529 0.4442149966 -5.784198465e-19)
(1.060519653 0.421970163 7.682617376e-19)
(1.0598769 0.4013998586 -1.094077179e-18)
(1.059409788 0.3823072331 -9.118916959e-19)
(1.059058729 0.3645538681 1.106298782e-18)
(1.058778953 0.3480050172 2.518693976e-19)
(1.058535213 0.332548115 -5.191637274e-19)
(1.058300288 0.318082393 9.164318261e-19)
(1.058053276 0.3045203913 1.110635192e-18)
(1.057778303 0.2917848256 -1.412322884e-18)
(1.057463712 0.2798078096 2.740152828e-20)
(1.057101225 0.2685294695 1.289921098e-18)
(1.056686399 0.2578959367 -1.743176368e-18)
(1.056215281 0.2478620071 1.60960683e-18)
(1.055679521 0.2383787909 2.752417831e-19)
(1.055069451 0.2293990108 8.652163873e-19)
(1.054391227 0.2208964 -5.886897392e-19)
(1.053650957 0.2128458994 -3.182984978e-19)
(1.052851011 0.2052185016 9.388971075e-19)
(1.051993491 0.1979892095 -9.7593606e-19)
(1.051081097 0.1911346912 -1.097637073e-18)
(1.050116713 0.1846337343 2.548256777e-18)
(1.049103429 0.1784667676 -1.860490785e-18)
(1.04804442 0.172615727 2.072370989e-18)
(1.046942918 0.167063875 -3.570497807e-19)
(1.045802129 0.1617956351 0)
(1.044625221 0.1567964993 1.25854652e-18)
(1.043415252 0.1520528845 -1.450143581e-18)
(1.042175183 0.1475520815 -1.275510593e-18)
(1.040907801 0.1432821457 1.513048425e-18)
(1.03961575 0.139231876 -4.619576417e-19)
(1.038301466 0.135390724 8.066731076e-19)
(1.03696721 0.1317488052 0)
(1.035615014 0.1282968287 1.254602088e-18)
(1.034246731 0.1250261259 -8.692189531e-19)
(1.03286399 0.1219285973 -4.417152762e-19)
(1.031468263 0.1189967558 9.578054904e-19)
(1.03006083 0.1162236806 -4.56554434e-19)
(1.028642871 0.1136030671 1.845014105e-18)
(1.02721544 0.1111291811 -1.361244771e-18)
(1.025779578 0.1087969078 8.056877292e-19)
(1.024336306 0.1066016971 -6.029948584e-19)
(1.022886751 0.1045396026 8.639693654e-19)
(1.021432149 0.1026072092 6.82589087e-19)
(1.01997399 0.1008016532 -1.116734448e-18)
(1.018514023 0.09912052308 0)
(1.017054407 0.09756185193 0)
(1.015597708 0.09612398325 3.68981303e-19)
(1.01414705 0.09480553172 6.413856539e-19)
(1.012706081 0.09360520803 -1.707653428e-18)
(1.01127912 0.09252175012 9.783542029e-19)
(1.009871055 0.09155370751 7.585976922e-19)
(1.008487499 0.09069935685 -5.794128827e-19)
(1.007134561 0.08995645405 0)
(1.005819056 0.08932216806 7.53932788e-20)
(1.00454806 0.08879280302 -1.434751487e-19)
(1.00332928 0.0883638046 0)
(1.002170215 0.08802940832 3.135595855e-19)
(1.001078939 0.0877828856 -2.568252937e-19)
(1.000062459 0.08761607252 -1.103165698e-19)
(0.9991284539 0.0875199119 -2.65935777e-19)
(0.9982823957 0.08748360866 9.09849728e-19)
(0.9975320107 0.08749565593 -2.720340069e-19)
(0.9968775688 0.08754563697 -1.635343875e-18)
(0.996317433 0.08762945263 2.527068872e-18)
(0.9959001043 0.08768425198 -1.220667769e-18)
(0.995616821 0.08772193091 -3.010221698e-19)
(0.9947734177 0.08845087245 9.137923094e-19)
(0.9092743872 1.076653864 3.288975037e-19)
(1.098406106 0.8526229822 9.007071748e-19)
(0.9974338322 0.8833271779 1.339185245e-18)
(1.028360918 0.7706798723 -2.443574577e-18)
(1.007621131 0.7369952115 5.148326089e-19)
(1.012025068 0.6758869682 1.18070007e-18)
(1.009413467 0.6347349602 0)
(1.011214224 0.5924668066 0)
(1.012490761 0.556764485 -7.67583466e-19)
(1.014577151 0.5237469817 9.611735377e-19)
(1.016707003 0.494195895 0)
(1.018957868 0.4672094248 0)
(1.02117967 0.4426197022 2.192763096e-19)
(1.023343999 0.4200633582 6.491172218e-19)
(1.025408612 0.3993177682 -8.446385456e-19)
(1.027353715 0.3801633312 1.183896563e-18)
(1.029164187 0.3624252879 -4.020625414e-19)
(1.030831554 0.3459501914 5.791681565e-19)
(1.032350841 0.3306083453 -8.41162474e-19)
(1.033720006 0.3162874154 -8.362647337e-19)
(1.034939173 0.3028907465 5.184176189e-19)
(1.036009952 0.2903342921 -6.029488111e-19)
(1.036935301 0.2785448169 1.257195143e-18)
(1.037719284 0.2674582785 -9.216605124e-19)
(1.038367791 0.2570177352 -6.922078537e-19)
(1.038884819 0.2471756462 4.499647537e-19)
(1.039270505 0.2378797988 5.805701618e-19)
(1.039524855 0.2290829484 5.200668934e-19)
(1.039659132 0.2207589678 -8.091725227e-19)
(1.039682928 0.2128802429 1.177241129e-18)
(1.039602721 0.2054176766 -1.675440666e-18)
(1.039424501 0.1983456473 5.480257611e-19)
(1.039154259 0.1916406312 0)
(1.03879781 0.1852812224 1.086871728e-18)
(1.038360821 0.1792478096 -9.640286384e-19)
(1.037848746 0.1735223429 -5.47262117e-19)
(1.037266843 0.1680881946 -7.779734203e-19)
(1.036620128 0.1629299454 9.291262174e-19)
(1.035913405 0.1580333047 -8.219829077e-19)
(1.035151213 0.1533849451 9.988036503e-19)
(1.034337869 0.1489724629 -8.932602318e-20)
(1.033477414 0.1447842375 2.663463218e-19)
(1.032573669 0.1408094231 1.0363542e-18)
(1.031630179 0.1370378413 -2.642773659e-19)
(1.030650275 0.1334599905 -2.0881988e-18)
(1.029637022 0.1300669538 2.538466251e-18)
(1.028593293 0.12685043 -1.411328223e-18)
(1.027521725 0.1238026577 0)
(1.026424793 0.1209164544 1.467667964e-18)
(1.025304783 0.118185149 -1.138642768e-18)
(1.024163879 0.1156026245 -9.543264214e-19)
(1.023004138 0.1131632534 7.169964674e-19)
(1.021827594 0.1108619368 0)
(1.020636239 0.1086940356 -3.903463918e-19)
(1.019432135 0.1066553996 1.133568955e-18)
(1.018217406 0.104742289 -1.28795494e-18)
(1.01699435 0.1029513859 -4.405434896e-19)
(1.015765434 0.1012797007 -1.422156681e-18)
(1.014533402 0.09972456138 1.345807237e-18)
(1.013301264 0.09828350024 6.70800757e-19)
(1.012072398 0.09695421714 -9.287414125e-19)
(1.010850514 0.09573444885 -3.406977228e-19)
(1.009639739 0.0946219049 -3.732407838e-19)
(1.008444554 0.09361413036 5.950313163e-19)
(1.007269848 0.09270841705 -3.222486576e-19)
(1.006120811 0.09190168115 2.424692767e-19)
(1.005002964 0.09119035469 -1.657179682e-19)
(1.003921991 0.09057030226 -1.144427157e-19)
(1.002883758 0.09003670109 -1.292876663e-19)
(1.001894044 0.08958400825 5.898285285e-19)
(1.000958596 0.08920584393 -9.72816777e-19)
(1.000082708 0.08889505201 6.235152211e-19)
(0.9992713828 0.0886437086 0)
(0.9985289409 0.08844293194 -2.46508452e-19)
(0.9978595822 0.08828329602 -1.342069952e-18)
(0.9972626128 0.08815796914 2.391624153e-18)
(0.9967403703 0.08805785327 -1.031476615e-18)
(0.9963346103 0.08793998678 -2.343211067e-18)
(0.9959768306 0.08785181566 3.581488479e-18)
(0.9952708945 0.08816588234 -1.796409891e-18)
(0.7688311049 1.136443034 1.66584731e-18)
(0.9377699582 0.9086635587 -1.250537385e-18)
(0.87539897 0.8943540366 5.203052957e-20)
(0.9119334733 0.7865509827 9.613879463e-20)
(0.9104475368 0.7357588717 -3.422809876e-19)
(0.9242171544 0.6746644907 7.277581373e-20)
(0.9323052825 0.6285309655 0)
(0.9418521522 0.585546123 -3.328022424e-19)
(0.950103359 0.5485761298 3.953995657e-19)
(0.9579194511 0.5153211981 0)
(0.9650056018 0.4856328193 0)
(0.971501677 0.4587994362 0)
(0.9774161229 0.4344626289 -1.972908459e-19)
(0.9828097112 0.4122555346 2.712771418e-19)
(0.9877238023 0.3919061566 -2.977813675e-19)
(0.9922009667 0.3731798897 4.105264423e-19)
(0.9962777376 0.3558847379 -4.911579457e-19)
(0.9999868776 0.339858192 1.1834091e-19)
(1.003356954 0.3249633422 -2.157762022e-19)
(1.006413479 0.3110832141 2.912421391e-19)
(1.009179063 0.2981176514 0)
(1.011673633 0.2859805371 -3.536290849e-19)
(1.013915343 0.2745971122 3.178830506e-19)
(1.015920963 0.2639021455 1.52890951e-19)
(1.017706813 0.2538381118 0)
(1.019284956 0.2443569027 0)
(1.02066447 0.2354047145 5.044750703e-19)
(1.021854526 0.2269358684 -9.484210593e-19)
(1.022870886 0.2189254512 2.811077848e-19)
(1.023727082 0.2113443961 3.593694439e-19)
(1.024433683 0.2041642347 -4.521726439e-19)
(1.025000535 0.1973595381 0)
(1.025436913 0.190907231 6.322126074e-19)
(1.025751592 0.1847862818 -6.458281609e-19)
(1.025952819 0.1789775277 -1.549204471e-19)
(1.026048348 0.1734633781 -3.64268158e-19)
(1.026045487 0.1682276829 2.600103574e-19)
(1.025951098 0.1632555148 0)
(1.025771647 0.1585330908 8.71221602e-19)
(1.025513189 0.1540475964 -8.215459475e-19)
(1.025181431 0.1497871426 3.089361309e-19)
(1.024781709 0.1457406284 -2.210195603e-19)
(1.024319048 0.1418977237 -2.011358398e-19)
(1.023798142 0.1382487509 7.861991741e-20)
(1.023223413 0.1347846998 1.655091748e-19)
(1.022598984 0.1314971202 0)
(1.021928753 0.1283781423 -5.645831809e-20)
(1.021216366 0.1254204005 0)
(1.020465288 0.1226170512 -1.550523328e-18)
(1.019678786 0.1199617077 1.259759608e-18)
(1.018860002 0.1174484588 -1.052208686e-18)
(1.018011942 0.1150718099 1.147113878e-18)
(1.017137549 0.1128266967 0)
(1.016239704 0.1107084269 -1.331705758e-19)
(1.015321294 0.1087126855 0)
(1.014385215 0.1068354735 1.768371083e-19)
(1.013434443 0.1050730987 1.512447152e-19)
(1.012472032 0.1034221097 7.204024695e-19)
(1.011501181 0.101879269 -9.670280072e-20)
(1.010525223 0.1004414805 -5.145382166e-19)
(1.009547678 0.09910574398 7.032907601e-19)
(1.008572235 0.09786907923 -1.095915172e-18)
(1.007602786 0.09672846233 7.271374281e-19)
(1.006643381 0.09568075681 -2.551832768e-19)
(1.005698256 0.09472263427 -5.405402517e-20)
(1.004771742 0.09385052731 6.377197102e-20)
(1.003868296 0.09306053502 3.504541924e-19)
(1.002992354 0.09234840759 -8.231204429e-19)
(1.002148361 0.09170943902 3.884364492e-19)
(1.001340571 0.09113848256 -6.804250285e-20)
(1.000573079 0.09062984872 -9.30701192e-19)
(0.999849556 0.09017737052 1.678925692e-18)
(0.999173337 0.08977435487 1.036275255e-18)
(0.9985473441 0.08941362517 -3.731189868e-18)
(0.9979737056 0.08908797634 -1.141196353e-19)
(0.9974512763 0.08879201973 3.54552178e-18)
(0.996985647 0.08851621323 -1.824436085e-18)
(0.99660302 0.08823614459 2.152733396e-19)
(0.9962237179 0.08799657003 1.773047037e-18)
(0.9956343255 0.08796897061 -1.990976556e-18)
(0.5864824361 1.139034199 -5.997432696e-19)
(0.7479980507 0.922115112 2.917007729e-19)
(0.7358571924 0.8704309574 -4.262809916e-20)
(0.7845782128 0.7709849911 -1.708560837e-19)
(0.8048597696 0.7110517778 6.815172774e-20)
(0.8304336358 0.6523165798 -6.951404999e-20)
(0.8500537925 0.6053200592 0)
(0.8681509033 0.5636605214 2.328295621e-20)
(0.8837492664 0.5276014374 0)
(0.8975972178 0.4956078725 0)
(0.909828558 0.4671090026 2.478560564e-19)
(0.9207160502 0.4414718749 -1.722945392e-19)
(0.930430226 0.4182761924 0)
(0.9391407579 0.39715977 0)
(0.9469783629 0.3778418247 6.88045223e-20)
(0.9540536406 0.3600905776 5.796115138e-20)
(0.9604579915 0.3437157492 0)
(0.9662678418 0.3285584386 0)
(0.971547191 0.314485095 -3.262740796e-19)
(0.9763500381 0.3013824276 2.33701762e-19)
(0.9807221021 0.2891535148 -5.127230644e-20)
(0.984702451 0.277715 -7.445699897e-20)
(0.9883246248 0.2669947155 1.197252831e-19)
(0.9916179357 0.2569296112 1.15107549e-19)
(0.9946087522 0.2474641058 -1.30720513e-19)
(0.9973168855 0.238551092 0)
(0.9997602656 0.2301366035 0)
(1.001956382 0.2221779359 0)
(1.003924571 0.2146521553 0)
(1.005682534 0.2075297348 -1.013143346e-20)
(1.007244622 0.2007835126 1.634104284e-19)
(1.008624381 0.1943889706 -7.897847195e-20)
(1.009834278 0.1883240245 5.974491155e-20)
(1.010885898 0.1825686094 0)
(1.011789997 0.1771044855 -4.081743376e-20)
(1.012556587 0.1719149611 -2.624724701e-19)
(1.013194992 0.1669847573 3.197081723e-19)
(1.013713908 0.1622997947 -9.861866799e-22)
(1.014121461 0.157847104 -2.515307079e-19)
(1.01442524 0.1536146649 4.79078919e-19)
(1.014632353 0.1495913508 -2.881687796e-19)
(1.014749456 0.1457667954 -4.305535981e-19)
(1.0147828 0.1421313637 8.207457608e-19)
(1.014738254 0.138676047 -3.001234746e-19)
(1.014621338 0.1353924534 1.333666235e-20)
(1.014437236 0.1322727281 1.289262108e-20)
(1.014190872 0.1293095252 -6.49865177e-19)
(1.013886891 0.1264959634 1.08013057e-18)
(1.013529715 0.1238256117 -4.981217614e-19)
(1.013123551 0.12129244 4.169234549e-19)
(1.012672441 0.1188908114 -4.082952502e-19)
(1.012180264 0.1166154396 -3.265782345e-19)
(1.011650792 0.1144613781 2.974714092e-19)
(1.011087689 0.1124239814 1.151343083e-19)
(1.010494563 0.1104988889 -3.664724982e-19)
(1.009874967 0.1086819869 3.432943136e-19)
(1.009232445 0.1069693843 -3.904001167e-21)
(1.008570529 0.1053573743 0)
(1.007892779 0.1038424003 -1.760224142e-19)
(1.007202774 0.1024210164 2.01886329e-19)
(1.006504138 0.1010898443 -9.44744058e-20)
(1.005800527 0.09984553504 -8.497229036e-20)
(1.005095642 0.09868472008 3.078992177e-19)
(1.004393193 0.09760397943 -1.850917036e-19)
(1.003696917 0.09659978971 7.33592603e-20)
(1.003010509 0.09566850268 -8.644521988e-20)
(1.00233764 0.09480628978 6.869133751e-20)
(1.001681856 0.09400912732 -7.061127664e-20)
(1.001046603 0.09327273425 -6.1395674e-20)
(1.000435079 0.09259256113 0)
(0.9998502809 0.0919637402 0)
(0.9992947778 0.09138112228 2.464597565e-19)
(0.9987708965 0.09083925833 -1.842251735e-18)
(0.9982805366 0.09033249746 5.373747546e-20)
(0.9978247606 0.0898554113 1.856162111e-18)
(0.9974028845 0.08940343895 0)
(0.9970209021 0.08896924022 -2.520091752e-19)
(0.9966915641 0.08854068793 2.407033899e-19)
(0.9963472569 0.08814396999 3.778321256e-18)
(0.9958884518 0.08784430625 -2.631021953e-18)
(0.3833170214 1.059704607 6.656610179e-20)
(0.5474911324 0.8746077033 -1.484789835e-20)
(0.5909533682 0.8042468596 9.039031885e-20)
(0.6555879765 0.7186601555 0)
(0.6973777502 0.6592232362 4.120922901e-19)
(0.7354837866 0.6063968528 2.886991716e-21)
(0.7663328253 0.5628233378 -2.169143107e-19)
(0.7929728541 0.5249995887 0)
(0.8157715235 0.492147662 0)
(0.8355898838 0.4631357629 3.388773098e-19)
(0.8529016882 0.4372980223 -2.147581656e-20)
(0.8681399482 0.4140715077 -3.667676913e-19)
(0.8816339336 0.3930491493 5.067292778e-19)
(0.8936535454 0.3739042444 -4.636396798e-19)
(0.9044152528 0.3563787298 -3.685348313e-19)
(0.9140957028 0.3402631063 2.856836804e-19)
(0.9228393717 0.3253856551 0)
(0.9307653305 0.3116037007 0)
(0.93797223 0.298797558 6.419771974e-20)
(0.9445422742 0.2868658745 -6.638928535e-19)
(0.9505442953 0.275722156 6.605924077e-19)
(0.9560361623 0.2652920549 -5.187143957e-19)
(0.9610666639 0.255511329 4.467761938e-19)
(0.9656774373 0.246324164 0)
(0.969904465 0.237681698 0)
(0.973775113 0.2295413816 0)
(0.9773157118 0.2218525328 0)
(0.9805511702 0.2145775084 0)
(0.9835038492 0.2076964464 0)
(0.9861961051 0.2011816633 -2.560740242e-19)
(0.9886462452 0.1950084914 2.62532613e-19)
(0.9908715185 0.1891545842 3.868707159e-20)
(0.9928875911 0.1835998012 -1.273680609e-20)
(0.9947089038 0.1783258427 -2.869438881e-20)
(0.9963487356 0.1733160636 0)
(0.9978193525 0.1685552345 -2.129357181e-20)
(0.9991320999 0.164029403 0)
(1.0002975 0.1597257207 -2.476602222e-19)
(1.001325328 0.1556323436 2.065085083e-19)
(1.002224686 0.1517383019 -1.722657863e-19)
(1.003004072 0.1480334274 3.10135367e-19)
(1.003671424 0.144508259 9.978811008e-20)
(1.004234185 0.1411539843 -4.280340036e-19)
(1.004699342 0.13796237 1.630200771e-19)
(1.005073472 0.1349257149 -3.526013584e-20)
(1.005362774 0.1320368062 9.387218172e-20)
(1.005573117 0.1292888762 -1.188090575e-19)
(1.005710055 0.1266755653 0)
(1.005778878 0.1241908927 0)
(1.005784624 0.1218292251 -1.672523389e-19)
(1.005732123 0.1195852507 1.454091267e-19)
(1.005626002 0.1174539545 1.000286477e-20)
(1.005470734 0.1154305925 0)
(1.005270635 0.1135106712 -5.121901912e-21)
(1.005029908 0.1116899205 -3.321783672e-19)
(1.004752638 0.1099642758 2.808202865e-19)
(1.004442831 0.108329847 3.06475388e-19)
(1.004104406 0.106782903 2.099035436e-20)
(1.003741224 0.1053198361 2.143128398e-20)
(1.003357077 0.103937148 -3.25478934e-19)
(1.002955708 0.1026314113 6.405795054e-19)
(1.002540791 0.1013992586 -5.851366122e-19)
(1.00211595 0.1002373425 -5.60971979e-20)
(1.001684719 0.09914233173 0)
(1.001250567 0.0981108686 -2.157827315e-22)
(1.000816832 0.0971395694 5.623031138e-20)
(1.000386752 0.09622497646 -8.160347967e-21)
(0.9999633814 0.09536355296 -3.760781177e-20)
(0.9995496198 0.09455163113 2.169472613e-19)
(0.999148103 0.09378539955 0)
(0.9987612387 0.09306087908 0)
(0.9983911074 0.09237392314 -1.223238995e-19)
(0.9980395342 0.09172029089 -1.205667068e-19)
(0.9977079745 0.09109569106 3.967898177e-20)
(0.9973972259 0.09049608476 -1.510827145e-19)
(0.9971073813 0.08991781394 2.174497027e-18)
(0.9968427836 0.08935634211 -1.706101518e-18)
(0.9966076166 0.08880552488 3.497609323e-18)
(0.9963596516 0.08827214863 -3.626149835e-18)
(0.9960664374 0.08777616387 -2.298122529e-19)
(0.1985425639 0.8926409586 -1.361304459e-19)
(0.3654451793 0.7599727859 1.543975923e-19)
(0.4576419809 0.695320004 -9.802027645e-20)
(0.5373040931 0.6299688805 0)
(0.5968515762 0.5803087177 0)
(0.6460651328 0.5374288649 0)
(0.6865159992 0.5011684621 -1.128098763e-19)
(0.7207519154 0.4696476044 0)
(0.7500078922 0.4420203336 0)
(0.7753028212 0.4175080676 6.79763671e-20)
(0.797332766 0.3955552683 2.778309277e-19)
(0.8166573144 0.375721525 -2.515055745e-19)
(0.8337162796 0.3576801523 4.005688602e-19)
(0.8488629876 0.3411761549 -3.651874693e-19)
(0.862383081 0.326008055 -6.043972378e-20)
(0.8745097062 0.3120129897 2.506208709e-19)
(0.8854346891 0.2990572967 -2.303218796e-19)
(0.8953171039 0.2870296831 0)
(0.9042898542 0.275836421 0)
(0.9124647969 0.2653977834 2.757321415e-19)
(0.9199366991 0.2556454031 -2.552219395e-19)
(0.9267864486 0.2465202376 4.117639857e-19)
(0.9330839433 0.2379712255 -3.820568814e-19)
(0.9388902468 0.2299542893 0)
(0.9442560967 0.2224289524 0)
(0.9492163469 0.2153526359 2.306130985e-19)
(0.9538018169 0.2086739667 -2.152201268e-19)
(0.9580417346 0.2023581971 0)
(0.9619590202 0.1963852257 0)
(0.9655781947 0.1907291248 0)
(0.968919367 0.1853672431 0)
(0.9720014713 0.1802794042 -4.334981141e-19)
(0.9748417129 0.1754476322 3.722425254e-19)
(0.9774559589 0.1708557707 2.712530277e-20)
(0.9798588274 0.1664892375 0)
(0.982063851 0.1623347884 2.010934214e-20)
(0.9840835721 0.1583803501 -1.994142571e-19)
(0.9859296556 0.1546148574 5.359792019e-19)
(0.9876129717 0.1510281381 -3.020020511e-19)
(0.9891436709 0.147610798 0)
(0.9905312553 0.1443541389 0)
(0.9917846354 0.1412500749 0)
(0.9929121916 0.1382910726 1.819379344e-19)
(0.9939218086 0.135470091 -1.458976486e-19)
(0.9948209358 0.1327805335 2.241931799e-20)
(0.9956166124 0.1302162055 2.738593958e-19)
(0.9963155198 0.127771276 -2.395907437e-19)
(0.9969239984 0.1254402468 0)
(0.9974480952 0.1232179199 -3.672326673e-19)
(0.9978935758 0.1210993766 3.465273041e-19)
(0.9982659667 0.1190799481 2.341920046e-20)
(0.9985705624 0.1171552011 0)
(0.9988124647 0.115320911 0)
(0.9989965843 0.1135730517 2.351821926e-19)
(0.9991276763 0.1119077699 -1.867239029e-19)
(0.9992103367 0.1103213786 4.075013246e-19)
(0.9992490346 0.1088103301 -3.849525409e-19)
(0.9992481015 0.1073712126 -3.593329991e-19)
(0.9992117602 0.1060007228 3.395269995e-19)
(0.999144107 0.1046956643 2.868749906e-20)
(0.9990491356 0.1034529206 0)
(0.9989307122 0.1022694561 -5.820116188e-19)
(0.9987925952 0.1011422896 6.027066882e-19)
(0.9986384028 0.1000684978 -5.307372387e-19)
(0.9984716291 0.09904518785 4.519256814e-19)
(0.9982956051 0.09806949624 0)
(0.9981135098 0.09713856018 4.183014102e-19)
(0.9979283242 0.09624950333 5.4274307e-19)
(0.9977428356 0.09539941287 -1.784704388e-18)
(0.9975595851 0.09458531725 8.068105958e-19)
(0.9973808614 0.09380419767 0)
(0.9972086461 0.09305298503 0)
(0.997044639 0.09232862987 0)
(0.9968901914 0.09162812453 -1.476029437e-19)
(0.9967462337 0.09094861331 1.413558324e-19)
(0.9966134452 0.0902874052 -1.350799546e-19)
(0.9964937523 0.0896418015 1.166098867e-18)
(0.9963877203 0.08900795064 -1.102835128e-18)
(0.9962818377 0.0883827966 -9.351614372e-19)
(0.9961732286 0.08777151648 1.207702658e-18)
(0.07298287051 0.6600831021 9.276861625e-19)
(0.2311115847 0.5909595764 -3.427330721e-19)
(0.3530360974 0.5517250754 -2.873595735e-19)
(0.4422151617 0.511025861 0)
(0.5127047093 0.4771819949 0)
(0.5691675511 0.4470105291 0)
(0.6157281405 0.4205617882 -2.329966547e-19)
(0.654925705 0.397224554 0)
(0.6885608252 0.3766480197 0)
(0.7178450752 0.3584156732 1.320964128e-19)
(0.7435607792 0.3420779808 -3.968901678e-19)
(0.766286187 0.3272573381 3.579601515e-19)
(0.786486409 0.313691215 -5.651038404e-19)
(0.8045305106 0.301184138 5.137077826e-19)
(0.8207187762 0.2895879486 -1.155335152e-19)
(0.8352976263 0.2787867387 -3.494002132e-19)
(0.848471846 0.2686877082 3.204741589e-19)
(0.8604132398 0.2592148879 0)
(0.8712672102 0.2503048967 0)
(0.881157728 0.2419039183 -3.824550695e-19)
(0.8901911833 0.2339655685 3.536165265e-19)
(0.8984602017 0.2264493978 -5.722239563e-19)
(0.9060468922 0.2193194637 5.305183929e-19)
(0.9130153506 0.212541811 0)
(0.9194284353 0.2061098561 0)
(0.9253551144 0.2000373176 -3.240946612e-19)
(0.9308396233 0.1942921211 3.016772826e-19)
(0.9359289338 0.1888483033 0)
(0.9406552333 0.1836933711 0)
(0.9450497295 0.1788106295 0)
(0.9491384351 0.1741824625 0)
(0.952944239 0.1697925788 4.951462239e-19)
(0.9564873111 0.165625994 -5.459893741e-19)
(0.9597856605 0.1616689132 6.818466866e-20)
(0.9628554635 0.1579086378 0)
(0.9657113804 0.154333465 5.314019825e-20)
(0.9683667688 0.1509325993 3.086475448e-19)
(0.9708338794 0.1476960655 -8.352714995e-19)
(0.9731239984 0.1446146307 5.861468709e-19)
(0.9752475743 0.1416797324 0)
(0.9772143259 0.1388834133 0)
(0.9790333172 0.1362182626 0)
(0.9807130458 0.1336773612 -2.998334705e-19)
(0.9822614931 0.1312542366 3.642430007e-19)
(0.9836861942 0.1289428179 7.32147101e-20)
(0.9849942674 0.1267373989 -3.62493615e-19)
(0.9861924764 0.124632602 4.033446912e-19)
(0.9872872477 0.1226233501 0)
(0.9882847251 0.1207048367 6.242710153e-19)
(0.9891907794 0.1188725044 -5.887103854e-19)
(0.990011055 0.1171220213 7.775540449e-20)
(0.9907509743 0.1154492639 0)
(0.9914157792 0.113850299 0)
(0.9920105295 0.1123213707 -3.907474602e-19)
(0.99254014 0.1108588858 4.760736364e-19)
(0.9930093732 0.1094594044 -6.622410125e-19)
(0.9934228722 0.108119629 6.253045814e-19)
(0.993785147 0.1068363972 5.680608094e-19)
(0.9941006029 0.105606674 -5.365184717e-19)
(0.9943735194 0.1044275461 7.175503709e-20)
(0.9946080749 0.1032962159 0)
(0.9948083173 0.1022099975 8.633393943e-19)
(0.9949781849 0.1011663107 -6.994737846e-19)
(0.9951214715 0.1001626768 7.623955618e-19)
(0.9952418413 0.09919671192 -8.225664702e-19)
(0.9953427913 0.09826612157 0)
(0.9954276566 0.09736869352 -7.298047195e-19)
(0.9954995691 0.09650229171 -4.345096776e-19)
(0.9955614501 0.09566484984 2.125887936e-18)
(0.9956159614 0.09485436576 -1.080677927e-18)
(0.9956654869 0.09406889322 0)
(0.9957120936 0.09330653441 0)
(0.9957575207 0.09256542647 0)
(0.9958031619 0.09184371393 -2.399856862e-19)
(0.995850068 0.09113951348 2.267278465e-19)
(0.9958991137 0.0904508336 -2.142287476e-19)
(0.9959511542 0.08977560558 -1.470930959e-18)
(0.9960060346 0.08911190794 1.390867656e-18)
(0.9960623322 0.08845736939 1.498140476e-18)
(0.9961233691 0.08780624067 -9.018709724e-19)
(0.0285297866 0.4079907242 -6.822780466e-19)
(0.1600136396 0.3970953641 2.320350811e-18)
(0.2849362963 0.3912510219 3.721486261e-19)
(0.3734189815 0.377757054 0)
(0.4458461404 0.3641298155 -1.846681654e-18)
(0.5042846216 0.3496433416 1.578398208e-18)
(0.5529626082 0.3350270652 2.842488922e-19)
(0.5941124925 0.3204604227 0)
(0.6293825567 0.306062376 0)
(0.6600426119 0.2924605207 -1.45670487e-18)
(0.6870813395 0.2800805083 7.300986031e-20)
(0.7111878001 0.2687917474 7.152805905e-19)
(0.7328957648 0.2584692298 0)
(0.7525808007 0.2489961689 0)
(0.7705316379 0.240269763 9.299193965e-19)
(0.7869737459 0.2322011614 -1.267589879e-18)
(0.8020884452 0.2247145221 0)
(0.8160241666 0.2177453329 0)
(0.8289043145 0.2112386753 1.544850795e-18)
(0.8408327951 0.2051476286 9.827278906e-19)
(0.8518980086 0.1994318981 -1.677115867e-18)
(0.8621748224 0.1940563136 -2.196814463e-19)
(0.8717254372 0.1889891251 0)
(0.880612846 0.1842049081 -1.201360605e-18)
(0.8888892763 0.1796665478 1.110340099e-18)
(0.8965854718 0.1753338046 0)
(0.9037567313 0.1711970237 0)
(0.9104413185 0.1672443843 0)
(0.9166695242 0.1634764815 0)
(0.9224732214 0.1598872551 0)
(0.9278826076 0.1564679616 2.653153456e-19)
(0.9329252876 0.1532099901 9.462340359e-20)
(0.9376266306 0.1501050423 -2.062575516e-19)
(0.9420099037 0.1471451909 -7.328495859e-20)
(0.9460964493 0.1443229011 0)
(0.9499058664 0.1416310446 -5.698502145e-20)
(0.9534561705 0.1390628828 0)
(0.9567639483 0.1366120589 1.813392778e-18)
(0.9598445028 0.1342725693 -1.571482037e-18)
(0.9627119721 0.132038747 1.250945306e-18)
(0.9653794564 0.1299052301 -2.443831943e-18)
(0.9678591103 0.1278669444 -7.93650467e-19)
(0.9701622521 0.1259190738 3.623218436e-18)
(0.9722994314 0.1240570431 -1.745788591e-18)
(0.974280523 0.122276491 1.203189428e-19)
(0.9761147795 0.1205732565 -1.150940868e-18)
(0.9778109114 0.1189433555 1.185516816e-18)
(0.9793771268 0.1173829697 0)
(0.9808212009 0.115888428 0)
(0.9821505058 0.1144561978 1.649829618e-18)
(0.9833720713 0.1130828713 -1.847851642e-18)
(0.9844926055 0.1117651598 -1.899536537e-19)
(0.9855185489 0.1104998847 1.230764627e-18)
(0.9864560871 0.1092839752 -1.00425229e-18)
(0.987311198 0.1081144643 1.793831809e-18)
(0.9880896566 0.106988489 -1.935441138e-18)
(0.9887970757 0.1059032921 -1.486544986e-18)
(0.9894389018 0.104856225 1.630121902e-18)
(0.9900204495 0.1038447541 -1.469177691e-18)
(0.9905468865 0.102866465 1.311440188e-18)
(0.9910232617 0.1019190724 -2.525281366e-18)
(0.9914544794 0.1010004236 1.977413257e-19)
(0.9918453199 0.1001085091 2.096165987e-18)
(0.9922004047 0.09924146286 0)
(0.9925242069 0.09839757364 -1.538355108e-19)
(0.9928210094 0.09757528245 2.449414791e-19)
(0.993094903 0.09677319629 -1.341373842e-19)
(0.9933497341 0.09599008732 3.575049284e-20)
(0.9935890901 0.09522490853 5.735906299e-19)
(0.993816233 0.0944767887 0)
(0.9940340768 0.09374503034 0)
(0.9942451447 0.09302907719 -3.365475269e-19)
(0.9944515728 0.09232844726 -3.168866099e-19)
(0.9946550429 0.09164266061 -4.498417075e-20)
(0.9948565389 0.09097100605 -2.394441879e-19)
(0.9950567829 0.09031237827 -3.707305268e-18)
(0.99525916 0.08966621892 4.218152312e-18)
(0.9954641343 0.08903368467 -7.488547737e-18)
(0.9956429302 0.08840703446 -2.092041935e-19)
(0.9957925916 0.08775970858 5.856805948e-18)
(0.05126987238 0.2014190686 -3.218750144e-18)
(0.1507275682 0.2286919859 2.042515871e-18)
(0.260189435 0.2452956148 -1.266489326e-18)
(0.3415732782 0.2468369293 -2.513061015e-18)
(0.4099898823 0.2453624931 2.740435677e-18)
(0.4673076745 0.2419664584 3.047697995e-18)
(0.5166240921 0.2377331154 1.475244321e-18)
(0.5594405431 0.2330653607 -3.400706263e-18)
(0.597044592 0.2282850576 0)
(0.6303077238 0.2231020236 0)
(0.6599285869 0.2175072898 -2.800752616e-18)
(0.6864784856 0.2118558829 2.766095913e-18)
(0.7103693567 0.2062911235 0)
(0.7319724987 0.2008972632 0)
(0.7515927716 0.1957131909 7.177372093e-19)
(0.7694845198 0.1907559411 6.133883814e-19)
(0.7858588327 0.1860294702 0)
(0.8008919242 0.1815307045 0)
(0.8147316281 0.1772527889 2.296744001e-18)
(0.8275027764 0.1731871141 -2.473314415e-18)
(0.8393114563 0.1693245031 -2.789888273e-19)
(0.8502482827 0.165655894 1.986192147e-18)
(0.860390775 0.1621731437 -1.860514969e-18)
(0.8698063769 0.1588705895 -2.649480842e-18)
(0.878554984 0.155741402 2.835237432e-18)
(0.8866914945 0.152769534 0)
(0.8942741911 0.1499325016 2.055072636e-18)
(0.9013473954 0.1472207951 -1.087213528e-19)
(0.9079433173 0.1446333647 -1.687634546e-18)
(0.9140985911 0.1421637927 -3.185482495e-18)
(0.919845336 0.1398053392 4.470439483e-18)
(0.9252128227 0.1375521283 -2.318178361e-18)
(0.930227499 0.1353987102 -2.927799171e-20)
(0.9349134093 0.1333400637 0)
(0.9392924503 0.1313714876 2.048876898e-19)
(0.943384626 0.1294885804 0)
(0.9472082615 0.1276871794 -3.225304004e-19)
(0.9507801841 0.125963352 -2.526397764e-19)
(0.9541158945 0.1243133501 0)
(0.9572296939 0.1227336061 0)
(0.9601348281 0.1212206982 3.794206968e-19)
(0.9628435762 0.1197713466 -1.580796995e-19)
(0.9653673714 0.1183823832 2.375829112e-18)
(0.9677168633 0.1170507495 -2.524269099e-18)
(0.969902023 0.1157734715 -2.252361155e-19)
(0.971932188 0.1145476559 -2.01742385e-19)
(0.9738161521 0.1133704688 -2.85478015e-18)
(0.9755622007 0.1122391348 5.639984356e-18)
(0.9771781899 0.111150919 -2.596565921e-18)
(0.9786715744 0.1101031289 2.240877847e-18)
(0.9800494776 0.1090931014 -1.874766764e-18)
(0.9813187141 0.1081182069 -1.621839455e-18)
(0.982485852 0.1071758444 1.734619848e-18)
(0.9835572307 0.1062634482 -5.877531033e-19)
(0.9845390161 0.105378491 -2.61553588e-18)
(0.9854372114 0.1045184951 2.623451482e-18)
(0.9862577052 0.1036810451 -2.740362545e-19)
(0.9870062743 0.1028638025 0)
(0.9876886217 0.1020645286 -3.960162142e-18)
(0.9883103695 0.1012811021 7.645889745e-18)
(0.988877085 0.1005115498 -6.619586806e-20)
(0.9893942614 0.099754065 -6.588040503e-19)
(0.9898673299 0.09900704163 -2.976812684e-18)
(0.9903016281 0.09826909006 0)
(0.9907023959 0.09753906933 6.388731006e-19)
(0.9910747292 0.09681609981 -5.976651817e-19)
(0.991423558 0.09609959263 2.625401324e-19)
(0.9917535805 0.09538926448 -2.463438315e-19)
(0.9920692261 0.09468516544 6.095304872e-20)
(0.9923745645 0.09398769506 0)
(0.9926732545 0.0932976046 0)
(0.9929684151 0.09261596466 8.204755496e-19)
(0.9932627229 0.09194413926 6.533398409e-18)
(0.9935582642 0.09128368683 3.161659179e-19)
(0.9938556817 0.09063574189 -5.491413708e-18)
(0.9941544411 0.09000061284 0)
(0.9944630158 0.08938258702 -5.720266317e-19)
(0.9947892395 0.0887908738 5.38778925e-19)
(0.9950391009 0.08818541465 -7.58923095e-18)
(0.995151246 0.08748163319 9.004919321e-18)
(0.1358215254 -0.008597290999 -4.991102648e-18)
(0.1991430388 0.05674986175 -1.188583168e-17)
(0.2819602093 0.1036116609 6.065297177e-18)
(0.3513768313 0.1306031781 -1.00152368e-18)
(0.413266026 0.145951291 1.515482996e-18)
(0.4672669851 0.1546494954 -1.11877445e-18)
(0.5145739219 0.1595037387 3.533096636e-18)
(0.5561542062 0.1619394065 -5.162286413e-18)
(0.5929145825 0.1628812748 1.869576116e-18)
(0.6255947412 0.1628507473 0)
(0.6548169367 0.1621131725 0)
(0.6810829554 0.1608617492 0)
(0.7048041306 0.1592532029 -2.300757466e-18)
(0.7263229242 0.1574069696 3.533675143e-18)
(0.7459216577 0.1554096868 -5.569990122e-18)
(0.7638355525 0.1533247332 6.367492421e-18)
(0.7802611714 0.1511978916 -5.155438975e-18)
(0.7953640228 0.1490622622 2.866532062e-18)
(0.8092844001 0.1469416456 4.680192807e-19)
(0.8221421198 0.1448530849 -8.372584116e-19)
(0.8340402233 0.1428086507 -2.860819896e-18)
(0.8450681693 0.1408167213 4.587480285e-19)
(0.8553043175 0.1388832362 2.317582979e-18)
(0.8648185107 0.1370126361 -9.783332341e-19)
(0.8736728507 0.1352068639 0)
(0.8819250593 0.1334621291 0)
(0.8896324128 0.1317703273 2.605834765e-18)
(0.8968364671 0.1301329046 -4.736108963e-18)
(0.9035680499 0.1285541449 2.686480286e-18)
(0.9098623579 0.1270336313 4.439439356e-19)
(0.915750021 0.1255696852 3.574243415e-18)
(0.9212590958 0.1241608471 -2.982464195e-18)
(0.9264150053 0.1228054814 3.079850162e-19)
(0.9312409638 0.1215019339 0)
(0.9357582088 0.1202484959 2.759225146e-19)
(0.9399862141 0.119043456 -2.207865127e-18)
(0.9439428947 0.1178850766 2.434132321e-18)
(0.9476447462 0.1167716291 0)
(0.9511070137 0.1157013713 2.462146536e-18)
(0.9543437861 0.1146725747 -2.316867179e-18)
(0.9573681382 0.1136834952 -7.566046756e-19)
(0.9601921957 0.1127323946 4.610073069e-19)
(0.9628272557 0.1118175148 4.121050504e-19)
(0.965283837 0.1109370928 -2.58665682e-20)
(0.9675717807 0.1100893286 -3.304194862e-19)
(0.96970029 0.1092724 0)
(0.9716780213 0.1084844328 1.892115088e-20)
(0.9735131169 0.1077235128 0)
(0.975213288 0.1069876602 -2.851699429e-18)
(0.9767858442 0.1062748413 3.098014181e-18)
(0.9782377701 0.1055829488 -2.684635336e-18)
(0.9795757533 0.1049098156 2.214407541e-18)
(0.9808062563 0.1042532045 0)
(0.9819355425 0.1036108263 4.903557688e-19)
(0.9829697433 0.1029803413 0)
(0.9839148792 0.1023593851 -4.410157796e-19)
(0.984776921 0.1017455839 -4.044631562e-19)
(0.9855618037 0.101136588 2.847956892e-18)
(0.9862754764 0.1005301037 -6.345833261e-20)
(0.9869239047 0.09992393412 -2.776073936e-18)
(0.9875131055 0.09931602726 4.505312641e-18)
(0.988049133 0.09870452186 -8.485643261e-18)
(0.9885380939 0.0980878059 8.364157993e-18)
(0.9889861112 0.09746456122 -4.159713096e-18)
(0.989399319 0.09683382603 -3.810184963e-18)
(0.9897837973 0.09619503084 3.598012823e-18)
(0.9901455462 0.09554806094 -5.973347262e-18)
(0.9904903812 0.0948932827 6.379712719e-18)
(0.9908238888 0.09423160521 -6.311512785e-19)
(0.9911512748 0.09356450013 -6.475396273e-19)
(0.9914772993 0.0928940401 4.049431001e-18)
(0.9918060509 0.09222286777 -8.739115153e-18)
(0.9921410281 0.0915542305 -4.101472519e-18)
(0.9924851381 0.090892016 1.55531321e-17)
(0.9928391852 0.090239623 -3.868799919e-20)
(0.9932000739 0.08959817209 -1.465437989e-17)
(0.9935803881 0.0889787838 6.484709212e-18)
(0.9940095217 0.08841175091 7.869499427e-19)
(0.9943151521 0.08779615414 -5.729441121e-18)
(0.9942634895 0.08687769133 3.918977163e-18)
(0.2160270376 -0.1060935753 1.074177833e-19)
(0.2646481482 -0.04999224709 5.725682489e-18)
(0.3295250755 0.001163629141 5.084032947e-18)
(0.38656701 0.03446418615 -7.735813486e-18)
(0.4395984928 0.05919847445 -1.305177353e-18)
(0.4869285388 0.07674219084 1.258504282e-18)
(0.5292312543 0.08954946535 0)
(0.5669815936 0.09889960305 0)
(0.6007864359 0.1057854767 -1.875653261e-18)
(0.6311943002 0.1108476198 1.157734134e-18)
(0.6586843827 0.1145338806 0)
(0.683631872 0.1171656562 0)
(0.7063442996 0.1189930485 -6.726916895e-19)
(0.7270927727 0.1202079536 2.235916603e-18)
(0.7461008281 0.1209514726 -4.499642433e-18)
(0.7635606299 0.121332474 2.180297081e-18)
(0.7796365585 0.1214344843 -1.549918016e-18)
(0.7944701981 0.1213222449 2.564434662e-18)
(0.8081839795 0.1210461296 -1.782430047e-18)
(0.8208843406 0.1206457137 -9.52048286e-19)
(0.8326635492 0.1201525905 1.807949505e-18)
(0.8436044935 0.1195905741 -1.110080559e-18)
(0.8537794987 0.1189796409 4.025875434e-18)
(0.8632534635 0.1183353993 -1.866641978e-18)
(0.8720833385 0.1176694069 -2.037357546e-18)
(0.8803241344 0.1169865432 2.36818089e-18)
(0.8880313421 0.1162877652 1.589213596e-18)
(0.8952434903 0.1155813915 1.325337612e-18)
(0.9019897991 0.1148764689 -3.266735665e-18)
(0.9083042112 0.1141773277 -5.74306028e-19)
(0.9142164695 0.1134864627 -1.962299537e-18)
(0.9197538569 0.1128061547 2.295583566e-18)
(0.9249411072 0.1121380815 0)
(0.9298008633 0.1114835624 3.110369019e-18)
(0.9343538765 0.1108435946 -3.204054337e-18)
(0.9386191848 0.1102189281 1.114349107e-18)
(0.9426143163 0.1096100725 -2.429560358e-18)
(0.9463554156 0.1090173621 1.828216222e-18)
(0.9498574206 0.1084409435 0)
(0.9531341267 0.1078808268 -3.584444174e-19)
(0.9561983268 0.1073368712 2.973023134e-19)
(0.9590618754 0.1068088238 -2.755580154e-18)
(0.9617358045 0.1062962935 2.096171105e-18)
(0.9642303569 0.1057987717 2.210268799e-18)
(0.9665550946 0.1053156085 -2.857018028e-18)
(0.9687189298 0.1048460278 4.346440662e-18)
(0.9707302153 0.1043890995 -3.009357362e-18)
(0.9725967742 0.1039437538 0)
(0.9743259916 0.1035087479 1.565014602e-18)
(0.9759248382 0.1030826839 -1.968216402e-18)
(0.9773999602 0.1026639788 -1.707385458e-18)
(0.9787577075 0.1022508835 1.997682342e-18)
(0.9800042238 0.1018414624 0)
(0.9811454746 0.1014336207 6.638230777e-19)
(0.9821873369 0.1010250995 2.350449012e-18)
(0.9831356292 0.1006135134 -1.688046662e-18)
(0.9839961967 0.1001963603 2.977909808e-18)
(0.9847749318 0.09977107818 -5.51761193e-18)
(0.9854778514 0.09933507866 3.447094469e-18)
(0.9861111072 0.09888581827 3.923184595e-18)
(0.9866810427 0.09842085557 -2.950086829e-18)
(0.9871941838 0.09793793781 1.354503144e-18)
(0.9876572692 0.09743507693 -3.133017368e-18)
(0.9880772101 0.09691064334 5.914634273e-18)
(0.9884610888 0.09636345313 -2.226005625e-18)
(0.9888160771 0.09579285453 4.139183429e-18)
(0.9891494018 0.09519881799 -4.91715902e-18)
(0.9894682076 0.0945820023 -8.88262426e-19)
(0.9897794921 0.09394384337 0)
(0.9900898982 0.09328659775 -2.457427596e-18)
(0.9904056344 0.09261341908 9.917609774e-18)
(0.990732116 0.09192831271 -6.475469699e-18)
(0.9910739736 0.09123618649 0)
(0.9914352464 0.09054321234 -1.323105241e-18)
(0.9918180893 0.08985556641 3.546269084e-18)
(0.9922163727 0.08917415909 -7.938932334e-18)
(0.9926407851 0.08851357181 4.255658156e-18)
(0.9931583283 0.08794436805 6.958472978e-18)
(0.9935422707 0.0873043203 -1.702156079e-17)
(0.9932189007 0.08595733269 6.683351713e-18)
(0.3209762202 -0.1854452486 -3.87156925e-18)
(0.3551041292 -0.1295849316 2.962266522e-18)
(0.3992207401 -0.07886587223 -5.538207921e-18)
(0.440039483 -0.0412043046 6.175997624e-18)
(0.4806936143 -0.01099111918 -2.887382628e-18)
(0.5186649894 0.01227999611 3.408424795e-18)
(0.5539755217 0.03063340661 -4.643568015e-18)
(0.5864533082 0.04509811921 1.760185586e-19)
(0.6162552101 0.05661061724 1.509545113e-19)
(0.6435792474 0.06581894487 3.509805284e-18)
(0.6686496518 0.07321437654 -9.393067037e-19)
(0.6916844129 0.07917458147 9.033302221e-19)
(0.7128769411 0.08399944228 1.454307378e-18)
(0.7324024433 0.08790891122 6.317330084e-19)
(0.7504210026 0.09108237376 5.493566175e-19)
(0.7670750083 0.09366017761 4.790550051e-19)
(0.7824910112 0.09575394951 -8.398062161e-19)
(0.7967813697 0.09745279753 -7.33599388e-19)
(0.8100459391 0.09882841501 -3.813270165e-18)
(0.8223748123 0.09994018857 2.350268953e-18)
(0.8338469019 0.1008324862 1.450887522e-18)
(0.844531044 0.1015434883 -3.978897642e-18)
(0.8544923312 0.1021058983 8.79152659e-20)
(0.863787625 0.1025456397 2.755108324e-18)
(0.8724679797 0.1028831923 -3.615500739e-18)
(0.880584231 0.1031311821 1.142342832e-18)
(0.888188744 0.1032987406 -4.778933102e-19)
(0.8953155778 0.1034006017 0)
(0.9019909335 0.1034506619 -3.773015143e-19)
(0.90824639 0.1034580027 6.623070994e-19)
(0.9141098994 0.1034292636 2.914007914e-18)
(0.9196072097 0.1033704846 -2.704047964e-18)
(0.9247615377 0.1032867481 -1.836136534e-18)
(0.9295946558 0.103182119 2.52744172e-18)
(0.9341264466 0.1030602468 -2.998803663e-18)
(0.938375179 0.1029242932 2.013947683e-18)
(0.9423577482 0.1027769432 -6.635227788e-19)
(0.946089696 0.1026205127 -1.093885062e-18)
(0.9495855001 0.1024569181 1.851554024e-18)
(0.9528584821 0.1022878709 -1.326530712e-18)
(0.9559210325 0.1021147738 -1.105900541e-18)
(0.9587846417 0.1019387693 7.137359267e-19)
(0.961459967 0.1017607689 -1.790865126e-18)
(0.963956886 0.1015814691 1.12210916e-18)
(0.9662845818 0.1014013249 0)
(0.968451586 0.1012205708 0)
(0.9704658503 0.1010392046 -3.991698511e-19)
(0.9723347803 0.1008569755 -2.118661184e-18)
(0.9740653302 0.1006733628 1.321564424e-18)
(0.975664021 0.1004875918 5.872373999e-19)
(0.9771370342 0.1002985923 1.541473321e-18)
(0.9784902503 0.1001050098 -1.959191895e-18)
(0.9797293468 0.09990518635 2.154588559e-18)
(0.9808598363 0.09969718553 -2.406466623e-18)
(0.9818871833 0.09947877076 1.432747743e-18)
(0.9828168365 0.09924744626 1.274941785e-18)
(0.9836543361 0.09900048255 -6.703545403e-19)
(0.9844053646 0.09873497174 -2.287436291e-18)
(0.9850758389 0.09844787107 0)
(0.985671946 0.09813608966 -9.519671289e-19)
(0.9862002197 0.09779656858 1.784525031e-18)
(0.9866675505 0.09742639312 -4.9932682e-18)
(0.9870812322 0.09702290308 3.1501337e-18)
(0.9874489274 0.09658382684 2.202017707e-18)
(0.9877786765 0.09610740975 -2.763449786e-18)
(0.9880787948 0.09559255425 -2.582977255e-18)
(0.9883578515 0.09503894697 6.069971351e-18)
(0.9886244602 0.09444718904 -2.302767763e-18)
(0.9888872586 0.09381889421 0)
(0.9891545272 0.09315681275 -3.041688133e-18)
(0.9894342674 0.0924648665 3.870956121e-18)
(0.9897334771 0.09174825066 -9.377129448e-19)
(0.9900583953 0.09101319237 -1.770208945e-18)
(0.9904140043 0.09026782958 -1.656195997e-18)
(0.9908053221 0.08952160491 4.540788823e-18)
(0.9912246316 0.08877586875 4.234369908e-18)
(0.9916713177 0.08803872286 -1.07314965e-17)
(0.9922563723 0.08743612748 5.041410821e-18)
(0.9927698356 0.08679716 -1.202548587e-18)
(0.9920794681 0.08479863422 -3.686402083e-18)
(0.4177983477 -0.2309671464 0)
(0.4446554171 -0.1771961378 1.107526229e-18)
(0.4718439767 -0.1338909945 0)
(0.4993315457 -0.09634892635 8.120531203e-19)
(0.5286850118 -0.06506881218 -1.25471202e-18)
(0.5575183258 -0.03925085887 -1.021422574e-19)
(0.5855208876 -0.01779303554 -1.851252358e-18)
(0.6121786438 -6.987441016e-06 -3.08616696e-18)
(0.6373543174 0.01480298527 2.782654459e-18)
(0.6609858098 0.02716436045 5.723817467e-19)
(0.6830950287 0.03751752969 -2.9939806e-18)
(0.7037333832 0.04622039324 4.407935605e-18)
(0.7229789981 0.05356205411 -8.545261203e-19)
(0.7409143104 0.05977671695 -1.378801183e-18)
(0.757626574 0.06505651515 -5.807614054e-19)
(0.7732014892 0.0695575076 2.009057752e-18)
(0.787721467 0.07340761861 -9.581827106e-19)
(0.8012642639 0.07671183602 -1.556880394e-18)
(0.8139023262 0.07955658338 7.83681148e-19)
(0.8257017159 0.08201159119 6.516105524e-20)
(0.8367263414 0.08413680452 1.135846473e-18)
(0.8470319388 0.08598416747 0)
(0.8566703035 0.08759308204 -1.678267915e-18)
(0.8656892794 0.08899883114 2.330719541e-18)
(0.8741314342 0.09022877834 -6.736179753e-19)
(0.8820426487 0.09130306868 2.364969994e-18)
(0.8894710611 0.09223778141 -5.66349711e-19)
(0.8964454101 0.0930533055 0)
(0.9029880451 0.09376796565 -8.043330247e-19)
(0.9091275118 0.09439519452 2.269145424e-18)
(0.9148893625 0.0949455616 -3.364666695e-18)
(0.920297679 0.09542898024 1.234626678e-18)
(0.9253743926 0.09585287466 -1.042419713e-18)
(0.9301390453 0.09622396986 9.812474384e-19)
(0.9346105218 0.09654885304 -1.661741072e-18)
(0.9388061137 0.09683296355 3.052232854e-18)
(0.9427418554 0.09708107424 1.284777943e-18)
(0.9464325997 0.09729727593 -1.252269497e-18)
(0.9498920661 0.09748529697 -5.168243046e-19)
(0.9531331482 0.09764848003 2.440562229e-18)
(0.9561676672 0.09778959208 -8.974986548e-19)
(0.9590065817 0.0979111567 7.785569239e-19)
(0.961660119 0.09801538415 7.026750852e-19)
(0.9641377124 0.09810414723 -6.308882468e-19)
(0.9664480317 0.09817902366 1.673210226e-18)
(0.9685992404 0.09824120774 -5.596348412e-19)
(0.9705987799 0.09829164208 -9.440094554e-19)
(0.9724535373 0.09833089749 1.237515522e-18)
(0.9741700222 0.09835915002 7.487108725e-19)
(0.9757542012 0.0983762798 1.330705165e-18)
(0.9772117076 0.09838173677 -1.84666939e-18)
(0.978547835 0.09837458493 -5.144330471e-19)
(0.9797676927 0.09835346509 1.019046923e-18)
(0.9808762493 0.0983165692 8.79009919e-19)
(0.9818783803 0.09826168042 -1.722624071e-18)
(0.9827790346 0.09818619143 2.312229649e-18)
(0.9835833295 0.09808710131 -2.862958238e-18)
(0.9842965592 0.09796110761 1.336350825e-18)
(0.9849244034 0.09780462278 -6.136262439e-19)
(0.985472916 0.09761391027 5.703793616e-19)
(0.9859486954 0.09738514742 2.100944897e-18)
(0.9863588467 0.09711459941 -1.994319225e-18)
(0.9867111356 0.09679872462 -1.859791135e-18)
(0.9870138651 0.09643439291 8.557880353e-19)
(0.9872760299 0.0960190101 -1.640873945e-18)
(0.9875070269 0.0955507761 0)
(0.9877168885 0.09502878255 -3.657744596e-18)
(0.9879156614 0.09445331897 5.520822008e-18)
(0.9881139314 0.09382585308 9.374273691e-22)
(0.9883215208 0.09314944395 -3.685111724e-18)
(0.9885488103 0.09242844448 0)
(0.9888040396 0.09166921462 2.216160026e-18)
(0.9890962803 0.09087896072 -2.133459915e-18)
(0.9894300808 0.09006758965 7.892793799e-18)
(0.9898152361 0.08924734273 -9.33813001e-18)
(0.9902442998 0.08842413789 5.212322855e-18)
(0.9907007233 0.08758716797 1.683247151e-18)
(0.9913163098 0.08691325735 3.016060643e-18)
(0.9920325997 0.0863417945 -1.461971679e-18)
(0.9908806555 0.08349305477 0)
(0.5007677832 -0.2527759735 4.399807589e-18)
(0.5269667609 -0.2031051895 -1.003205639e-18)
(0.5419160204 -0.1698358474 0)
(0.5595366864 -0.1343992084 -6.541543159e-19)
(0.579468996 -0.1048984942 1.7951222e-18)
(0.6002213884 -0.07881419843 0)
(0.6213264088 -0.05630503485 1.752458263e-18)
(0.6422054937 -0.03684231843 0)
(0.6625779218 -0.02005723216 -2.593226944e-18)
(0.6822307998 -0.005581032904 2.340445749e-18)
(0.7010477101 0.006910633824 1.976633627e-18)
(0.7189607111 0.01770498347 7.797671159e-19)
(0.7359443067 0.02704953908 -8.431316518e-19)
(0.7519978801 0.03515668573 -7.059252458e-20)
(0.7671399069 0.04220771056 -6.324324313e-19)
(0.7814001034 0.04835627564 0)
(0.794815388 0.05373262622 0)
(0.8074265419 0.05844691004 0)
(0.8192761155 0.06259236122 -1.446934439e-18)
(0.8304065685 0.06624758658 6.921466353e-19)
(0.8408591457 0.0694811037 1.146450773e-18)
(0.8506752425 0.07234968566 -1.066548925e-18)
(0.8598925335 0.07490086814 0)
(0.868548046 0.0771764261 -4.142455849e-19)
(0.8766746804 0.07921053422 2.142867008e-18)
(0.8843120072 0.0810290258 -7.633461299e-20)
(0.8915029315 0.08265383494 -6.132932495e-19)
(0.8982697658 0.08411025318 0)
(0.90463025 0.08542048872 -4.600132531e-19)
(0.9106093077 0.0866019727 1.620824171e-18)
(0.9162294814 0.08766871491 -4.018634976e-20)
(0.9215118444 0.08863289589 6.022652988e-19)
(0.9264766666 0.08950543161 -1.204801518e-18)
(0.9311421646 0.09029666077 -4.96532822e-19)
(0.9355252832 0.09101483233 9.632147451e-19)
(0.939642032 0.09166744434 -3.98689919e-19)
(0.9435073011 0.0922611488 -7.257696261e-19)
(0.9471350687 0.09280197337 1.977922951e-18)
(0.9505382276 0.09329533795 -1.237287742e-18)
(0.9537288344 0.09374594656 -1.051454097e-18)
(0.9567181723 0.09415815662 9.930583722e-19)
(0.9595166055 0.09453585071 0)
(0.9621337774 0.09488242043 -1.537103758e-18)
(0.9645786482 0.09520099699 3.552639429e-20)
(0.9668594799 0.09549404951 1.743527767e-20)
(0.9689836941 0.09576382479 1.131046781e-18)
(0.9709583936 0.09601227151 2.106616513e-20)
(0.9727898985 0.09624062146 9.441800973e-19)
(0.9744839869 0.0964498718 -8.316363151e-19)
(0.9760461318 0.09664060331 -1.506034726e-18)
(0.9774813429 0.09681279995 0)
(0.9787943201 0.09696595232 -3.391698361e-22)
(0.9799894973 0.09709893849 5.653999426e-19)
(0.9810711685 0.09721017274 0)
(0.9820436448 0.09729749131 -4.606617901e-19)
(0.9829112151 0.09735811202 -8.435687102e-19)
(0.9836784119 0.09738881135 8.129790931e-19)
(0.9843500625 0.09738587098 -7.416503256e-19)
(0.9849314681 0.09734512421 2.736392242e-18)
(0.9854284426 0.09726212555 -1.926922018e-18)
(0.9858474941 0.09713223246 0)
(0.9861958333 0.09695077553 1.120191261e-18)
(0.9864815822 0.09671322377 1.05487831e-18)
(0.986713564 0.096415427 -1.547148171e-20)
(0.9869017163 0.09605378558 -1.869926765e-18)
(0.9870563506 0.09562560107 8.76122025e-19)
(0.9871891729 0.09512914518 8.28449531e-19)
(0.9873113285 0.09456421175 0)
(0.9874360075 0.09393183488 1.534807307e-18)
(0.9875737641 0.09323531217 -1.437913153e-18)
(0.9877389103 0.09247903233 1.36107552e-18)
(0.9879389147 0.09167070654 -1.268874383e-18)
(0.9881892155 0.09081800207 0)
(0.9884893266 0.08993317949 1.181802111e-18)
(0.9888595988 0.08902889437 6.53827785e-18)
(0.9892866451 0.08812232467 -2.056969848e-18)
(0.9897569991 0.08717755829 3.899455669e-18)
(0.9903431307 0.08638391982 -3.612201727e-18)
(0.9913550442 0.08597376239 -3.570231526e-18)
(0.9896444942 0.08211776337 5.651689587e-18)
(0.5703799361 -0.2592653482 0)
(0.6002490612 -0.214212493 0)
(0.6067623538 -0.1911151157 -6.330466262e-19)
(0.6175265066 -0.1584912748 1.196342348e-18)
(0.6300848535 -0.1324658722 2.024039998e-18)
(0.6442054232 -0.107601791 -1.429595863e-18)
(0.6592747882 -0.08562584449 -7.009815906e-20)
(0.6748453339 -0.06585423184 2.098054854e-18)
(0.6906013838 -0.04829130209 1.803465805e-18)
(0.7062819913 -0.03269589586 -2.314165648e-18)
(0.7217021906 -0.01888896062 0)
(0.7367227883 -0.006673652414 -2.603168924e-18)
(0.7512486644 0.004129177596 3.128636679e-18)
(0.7652160559 0.01368654841 0)
(0.7785870616 0.02214898181 -5.960968691e-19)
(0.7913425032 0.0296510182 -5.304721171e-19)
(0.8034774096 0.03631164759 0)
(0.8149969973 0.04223543722 0)
(0.8259137829 0.04751394426 -1.485284812e-18)
(0.8362452321 0.05222702994 1.392487657e-18)
(0.8460119476 0.05644480097 -5.680506859e-19)
(0.8552371335 0.06022731271 -4.741078405e-19)
(0.8639438903 0.06362645846 9.839326699e-19)
(0.8721563396 0.06668846131 4.017353395e-19)
(0.879896642 0.06945152277 -7.805442571e-19)
(0.8871972008 0.07194571638 -6.811770808e-19)
(0.8940949186 0.07419759493 -1.209328114e-18)
(0.9006045747 0.07623637217 0)
(0.9067386743 0.0780873693 -4.63641539e-19)
(0.9125178347 0.07977128845 4.616585469e-19)
(0.917961099 0.08130512385 -7.565889973e-19)
(0.923086625 0.08270411487 7.148878284e-19)
(0.9279114061 0.08398205714 0)
(0.9324519756 0.08515120555 5.429682245e-19)
(0.9367235658 0.08622203603 9.558207398e-19)
(0.940740595 0.08720404465 -1.367681803e-18)
(0.9445166265 0.08810581993 8.029924277e-19)
(0.9480644112 0.08893513303 -7.197012583e-19)
(0.9513959233 0.08969895916 -6.45301355e-19)
(0.9545222816 0.09040353643 -3.306181389e-21)
(0.9574539156 0.09105458419 0)
(0.9602005634 0.09165726079 -4.450441225e-19)
(0.9627712152 0.09221617755 4.266844449e-20)
(0.9651741339 0.09273542149 7.766220893e-19)
(0.9674171404 0.09321868759 -1.337600704e-18)
(0.9695070599 0.09366931759 1.510059349e-20)
(0.9714503044 0.09408987373 -1.089934579e-18)
(0.9732527295 0.09448268913 4.984741195e-19)
(0.974919484 0.09484953799 4.205498893e-19)
(0.9764553419 0.09519148365 3.882876068e-19)
(0.9778646629 0.09550909073 0)
(0.979151463 0.09580227034 1.333956038e-18)
(0.9803195164 0.09607030137 -1.378926296e-20)
(0.9813723615 0.09631176772 0)
(0.9823136035 0.09652451372 -1.479959162e-21)
(0.9831468843 0.0967057543 -9.328180508e-19)
(0.9838760721 0.09685200073 1.744687453e-18)
(0.9845054422 0.09695905191 1.59417332e-18)
(0.9850397702 0.09702219476 -1.504239738e-18)
(0.9854845139 0.09703627737 0)
(0.985846039 0.09699579003 -1.304300132e-18)
(0.9861314649 0.09689508251 6.173391313e-19)
(0.9863492947 0.09672855707 -1.158227483e-18)
(0.9865085702 0.09649095933 1.085017533e-18)
(0.986620405 0.09617755954 2.075435306e-18)
(0.9866954649 0.09578464709 9.82230308e-19)
(0.9867478642 0.09530949126 0)
(0.9867886458 0.09475128318 -8.984829692e-19)
(0.9868354567 0.09411036505 2.599725717e-20)
(0.9868968755 0.09339027319 -3.244031226e-18)
(0.9869954023 0.09259504434 1.559018559e-18)
(0.9871316194 0.09173400907 0)
(0.9873366413 0.09081464073 0)
(0.9875919744 0.08985278665 -1.289148491e-18)
(0.9879472675 0.08885847511 -2.431215596e-18)
(0.9883523078 0.08786400211 0)
(0.9888647894 0.0868196818 7.797973611e-20)
(0.9893364917 0.08584677377 -1.9814037e-18)
(0.9907513606 0.0857018241 -1.653341344e-19)
(0.9883878412 0.08072815536 3.24069703e-18)
(0.6275761767 -0.2559028669 -2.464568897e-18)
(0.6639240378 -0.2153422688 0)
(0.665017272 -0.2014690807 -1.657049846e-18)
(0.6713288289 -0.1716841422 1.01331901e-18)
(0.6784323297 -0.1499240586 -4.886720289e-19)
(0.6874585509 -0.1270728291 1.202307382e-18)
(0.6975777557 -0.1067043465 -3.734789035e-18)
(0.7085866716 -0.08762872834 6.474523267e-19)
(0.7201887424 -0.07026414458 -1.780431338e-18)
(0.7321517012 -0.05441612173 5.259858002e-19)
(0.7442799944 -0.04005514193 -4.544824662e-19)
(0.7564107084 -0.02706822299 1.65235485e-18)
(0.7684153339 -0.01535506854 -8.341077193e-19)
(0.7801929869 -0.004804836563 -5.761315603e-20)
(0.7916679381 0.004689311433 -2.962577616e-18)
(0.802784722 0.01323055507 2.741647245e-18)
(0.8135047855 0.02091541052 0)
(0.8238030208 0.0278331223 0)
(0.8336650263 0.03406520981 7.468967302e-19)
(0.8430847095 0.0396854722 -7.011980999e-19)
(0.8520623364 0.04476039009 0)
(0.8606030971 0.04934895865 1.08919497e-18)
(0.8687150194 0.05350349873 1.431116608e-18)
(0.8764090264 0.05727172288 -1.742558341e-18)
(0.8836957215 0.06069326826 7.982683787e-19)
(0.8905997317 0.06380072081 0)
(0.8971512977 0.06662370772 6.27821254e-19)
(0.9033565776 0.06919413741 0)
(0.9092223643 0.07153955763 4.797990059e-19)
(0.9147643701 0.07368318917 -9.758340786e-21)
(0.9199974862 0.07564452162 7.843716556e-19)
(0.9249364342 0.07744129819 -1.099585343e-18)
(0.9295952646 0.07908942741 6.419227879e-19)
(0.9339878796 0.08060311649 -1.040588495e-20)
(0.938127395 0.08199486425 -1.057585986e-18)
(0.9420263612 0.08327608775 0)
(0.9456967819 0.08445706071 0)
(0.94914999 0.08554715967 0)
(0.9523967703 0.08655486644 -6.709298014e-19)
(0.9554472287 0.08748781888 -1.694009513e-20)
(0.958310864 0.08835305208 -5.48947055e-19)
(0.9609965743 0.0891569313 -4.751174452e-19)
(0.9635126113 0.08990526174 4.380105946e-19)
(0.9658665829 0.09060321861 7.944792223e-19)
(0.9680654094 0.09125562733 1.425825147e-18)
(0.970115535 0.09186668605 0)
(0.9720226232 0.09243993998 -5.779983029e-19)
(0.9737918204 0.09297854428 0)
(0.975427781 0.09348492808 0)
(0.9769345578 0.09396085692 -9.570716295e-21)
(0.9783158138 0.09440745742 -7.82312961e-19)
(0.9795748168 0.09482511617 3.627425115e-19)
(0.9807145818 0.09521345973 -6.416157683e-19)
(0.9817379461 0.09557127486 6.035061196e-19)
(0.9826477037 0.09589650804 -5.447527064e-19)
(0.9834467542 0.09618628288 0)
(0.984138298 0.09643682718 0)
(0.9847259321 0.09664358621 -8.567794004e-19)
(0.9852139368 0.09680131633 -7.944323722e-19)
(0.98560721 0.0969040912 0)
(0.9859120074 0.09694553758 6.961987211e-19)
(0.9861350841 0.09691900128 0)
(0.9862855165 0.09681778585 -6.192284559e-19)
(0.9863720231 0.09663546222 -5.90101879e-19)
(0.9864075267 0.09636612663 -1.108702903e-18)
(0.9864018544 0.09600492572 -1.054499847e-18)
(0.9863732241 0.09554807983 -1.016663702e-18)
(0.9863298559 0.09499398691 1.921160707e-18)
(0.9862979561 0.09434225836 0)
(0.9862779599 0.09359645422 1.74557161e-18)
(0.9863098819 0.09276024007 -3.371169691e-18)
(0.9863737589 0.0918444056 0)
(0.9865366482 0.0908561584 0)
(0.9867326061 0.08981524917 0)
(0.9870854419 0.08872907223 -1.366964693e-18)
(0.9874333318 0.08763865753 2.611440181e-18)
(0.9880431074 0.08651760713 -3.58640878e-18)
(0.9882943689 0.08529832053 5.427827238e-20)
(0.9902263033 0.08551830053 -9.163079363e-19)
(0.987124206 0.07935900116 0)
(0.6737824209 -0.2466280551 -3.080379155e-19)
(0.7184780473 -0.2099952506 -2.408696028e-19)
(0.7163784837 -0.204027523 4.380563727e-19)
(0.7199946352 -0.1767583535 2.21483006e-18)
(0.7232464809 -0.1594058384 -9.326297903e-22)
(0.7285738409 -0.1388330678 -1.458218233e-18)
(0.7348460947 -0.120680259 0)
(0.7421525554 -0.102931764 1.189273517e-18)
(0.7502231248 -0.08647336069 -5.80376659e-19)
(0.7588986094 -0.07105065889 2.405057896e-18)
(0.7680087949 -0.05677799012 -1.335473164e-18)
(0.777403684 -0.04359892993 3.833829674e-19)
(0.7869524154 -0.03148899731 0)
(0.7965425573 -0.02039165573 0)
(0.8060808444 -0.01024804023 5.629287851e-19)
(0.8154909653 -0.0009920886757 -1.52971001e-18)
(0.8247122277 0.007443249432 1.414888184e-18)
(0.833697408 0.0151248798 0)
(0.8424109086 0.02211757943 -3.696628944e-19)
(0.8508268707 0.0284829926 2.351290459e-18)
(0.8589274849 0.03427892575 -1.84195534e-18)
(0.8667015003 0.03955876314 -1.620087465e-18)
(0.8741424515 0.04437131974 4.856012696e-19)
(0.881248423 0.04876266719 -4.300407629e-19)
(0.8880183445 0.05277109812 0)
(0.8944690586 0.0564297811 0)
(0.9006238015 0.05976965392 6.149690018e-19)
(0.9064792153 0.06282374672 -5.816333966e-19)
(0.9120361274 0.06562080994 -1.015925619e-18)
(0.9173049143 0.06818561801 0)
(0.9222958928 0.07053939867 0)
(0.9270198592 0.07270174482 3.710994487e-19)
(0.9314875809 0.07469022141 -2.108071287e-20)
(0.9357099637 0.07652068765 -1.257773223e-20)
(0.93969766 0.07820740721 0)
(0.9434611002 0.07976333599 4.754323993e-19)
(0.9470104252 0.08120031708 0)
(0.9503553887 0.08252920004 3.839861415e-19)
(0.9535053747 0.08375978195 1.382747112e-18)
(0.9564692661 0.08490103739 -6.257596321e-19)
(0.9592555138 0.08596121838 2.825420403e-19)
(0.9618720382 0.08694788119 1.428405934e-20)
(0.9643262196 0.0878679211 4.544388558e-19)
(0.9666248662 0.08872765647 -8.206982973e-19)
(0.968774175 0.08953287295 -1.732568061e-21)
(0.9707798225 0.09028867331 -3.415933519e-19)
(0.9726468087 0.09099955404 6.037001534e-19)
(0.9743795907 0.09166942544 2.748934436e-19)
(0.9759821073 0.09230146205 -2.377904537e-19)
(0.9774577077 0.09289811166 -4.439997792e-19)
(0.9788093072 0.09346106755 0)
(0.9800394202 0.09399118391 3.623946956e-19)
(0.9811502771 0.09448843943 -6.797160039e-19)
(0.9821439255 0.09495185079 3.134907863e-19)
(0.9830223742 0.09537946066 0)
(0.9837877189 0.095768316 0)
(0.9844424412 0.09611443984 4.789323293e-19)
(0.9849893306 0.09641290163 0)
(0.98543221 0.09665789759 -4.089193323e-19)
(0.9857752717 0.09684275694 3.910458404e-19)
(0.9860247416 0.09696027497 0)
(0.9861866521 0.09700271703 0)
(0.9862710591 0.09696235771 -6.520545555e-19)
(0.9862854806 0.09683142782 2.471083443e-18)
(0.986245867 0.0966029957 -5.915958948e-19)
(0.9861590882 0.09627073157 1.691052678e-18)
(0.9860506211 0.09583012521 5.414677948e-19)
(0.9859208755 0.09527814734 -5.128954081e-19)
(0.9858121344 0.09461435027 -9.945299403e-19)
(0.9857053623 0.09384116514 9.419977088e-19)
(0.9856750009 0.09296325095 1.792860136e-18)
(0.9856556937 0.09199077696 0)
(0.985787077 0.09093346429 -1.671695173e-18)
(0.9859018464 0.08981056679 0)
(0.986280012 0.08863598762 -1.502212305e-18)
(0.9865177002 0.08743486187 -1.384473655e-18)
(0.9873034563 0.08627186311 -2.632993099e-18)
(0.9872158069 0.0847358615 1.24736912e-18)
(0.989775759 0.08540837872 4.084276382e-18)
(0.9858634201 0.07802978715 -1.754160821e-18)
(0.7104447884 -0.2341584257 -5.57699256e-20)
(0.7649645102 -0.2006035154 2.079175084e-18)
(0.7611779594 -0.2012405984 -4.236645816e-19)
(0.7633177245 -0.1760119444 0)
(0.7639445405 -0.1628303145 0)
(0.7667120239 -0.1444612518 -1.564624324e-18)
(0.7701220817 -0.1287701053 8.946722884e-19)
(0.7745641593 -0.1126587992 -2.532801775e-19)
(0.7797733478 -0.09755184783 -5.185698637e-19)
(0.7856810373 -0.08302345159 -4.715915114e-19)
(0.7921560736 -0.06932936999 3.896795003e-19)
(0.7990829006 -0.05643070896 7.236604229e-19)
(0.8063492713 -0.04436862709 -1.368835617e-18)
(0.8138512661 -0.03312903798 -1.20357461e-18)
(0.8214958986 -0.02269781432 5.544761429e-19)
(0.829201057 -0.01304508245 -9.513708817e-19)
(0.836896205 -0.004135277567 4.574426596e-19)
(0.8445216883 0.004072907383 0)
(0.8520281391 0.01162343988 -1.839917671e-20)
(0.8593754501 0.01856155506 -3.387015336e-19)
(0.8665317142 0.0249323177 2.48609115e-20)
(0.8734721064 0.03077961229 5.710011684e-19)
(0.8801774657 0.03614516525 -4.90698985e-19)
(0.8866342241 0.04107042285 1.679005939e-20)
(0.8928303022 0.04558949245 1.158242485e-18)
(0.8987754858 0.04973415494 -3.733785989e-19)
(0.904485897 0.05353481389 1.229823784e-18)
(0.9099481737 0.05702374816 -5.143440982e-20)
(0.9151572068 0.06022983184 -5.058665674e-19)
(0.9201178241 0.06317814791 4.714141726e-19)
(0.9248354401 0.06589089679 4.081099106e-19)
(0.9293166364 0.06838872211 0)
(0.9335685243 0.07069029509 3.305632353e-19)
(0.9375987558 0.07281274065 -2.974444463e-19)
(0.9414152311 0.07477156559 1.06242456e-18)
(0.9450259901 0.07658106943 -1.944354504e-18)
(0.9484390951 0.07825438229 4.489534398e-19)
(0.9516624895 0.07980354409 -4.019965705e-19)
(0.9547039641 0.08123960319 -7.189780305e-19)
(0.9575710239 0.08257269818 0)
(0.9602708851 0.08381221195 -5.758825933e-19)
(0.9628103784 0.08496678864 0)
(0.9651958951 0.0860444063 2.267578004e-19)
(0.967433334 0.08705237657 -6.30669415e-19)
(0.9695280583 0.0879974306 0)
(0.9714849478 0.08888561239 0)
(0.9733082403 0.08972225206 6.118488973e-19)
(0.9750016389 0.09051204143 -5.589942532e-19)
(0.9765683119 0.09125889295 5.014493641e-21)
(0.9780108582 0.09196591672 6.830320398e-19)
(0.9793314164 0.09263536899 -6.251412128e-19)
(0.980531703 0.0932685728 0)
(0.9816131407 0.09386586348 -1.718987872e-18)
(0.9825769339 0.09442649419 6.326340888e-19)
(0.983424288 0.09494861281 -2.946783612e-19)
(0.984156432 0.09542920387 0)
(0.9847751243 0.09586411063 -7.428976994e-19)
(0.9852822797 0.09624799538 -2.317409157e-19)
(0.9856812808 0.09657454645 1.283917099e-18)
(0.9859753825 0.0968363097 -3.99255192e-19)
(0.9861710509 0.09702532339 1.130124075e-18)
(0.9862730068 0.09713264448 -1.067306175e-18)
(0.9862930779 0.0971496969 -1.061459754e-21)
(0.9862361524 0.0970670588 -6.422911627e-19)
(0.9861233052 0.0968771815 3.096293287e-19)
(0.9859550217 0.09657155747 -1.172220178e-18)
(0.9857691791 0.09614586823 0)
(0.9855504308 0.09559418284 -5.460656601e-19)
(0.9853690209 0.09491795589 -1.042537535e-18)
(0.9851686997 0.0941155206 4.974134202e-19)
(0.9850845372 0.09319656452 0)
(0.9849674886 0.09216471619 0)
(0.9850857731 0.09104074222 1.734891537e-18)
(0.985088808 0.08982994826 1.706801056e-18)
(0.9855346749 0.08857673402 -8.30566593e-19)
(0.9855939021 0.08724226185 8.666282031e-21)
(0.9866493469 0.08608084858 3.457102294e-18)
(0.9861029008 0.08415871265 0)
(0.9893910207 0.08535616289 -7.962530714e-19)
(0.984611168 0.07674835459 1.608993841e-18)
(0.7393145911 -0.2189840049 1.745223271e-19)
(0.8043014061 -0.1891639481 -3.51461009e-19)
(0.8001005672 -0.1947606832 1.502194229e-19)
(0.8015294472 -0.1712135909 0)
(0.8004186374 -0.1617765968 2.704392086e-19)
(0.8014881362 -0.1453650969 1.38954838e-18)
(0.8028395849 -0.1321408768 -2.000742007e-18)
(0.8051526791 -0.1177425846 2.14368065e-18)
(0.8081344708 -0.1042144208 -1.751172845e-18)
(0.8118077377 -0.09085678021 8.881674103e-21)
(0.8160776287 -0.07807520817 3.57267548e-19)
(0.8208710006 -0.0658060036 3.335690076e-20)
(0.8261041775 -0.05414535333 0)
(0.8316940002 -0.04310414566 0)
(0.8375603925 -0.03270518581 -2.498868932e-19)
(0.8436274855 -0.02294857088 1.423087112e-18)
(0.8498258178 -0.0138278396 -1.291057441e-18)
(0.856092725 -0.00532670891 -7.67254484e-19)
(0.8623729444 0.002576919008 7.009356373e-19)
(0.8686184816 0.009909934064 -3.112769095e-19)
(0.8747883387 0.01670219358 0)
(0.8808479857 0.02298536334 5.343723406e-19)
(0.8867683975 0.02879132001 0)
(0.8925263694 0.0341543483 0)
(0.8981003494 0.03910151347 -3.746485741e-19)
(0.9034944228 0.04366177626 -1.339769306e-20)
(0.9087177875 0.047863278 -9.277651427e-19)
(0.9137471341 0.05173520108 6.148162576e-21)
(0.9185717898 0.05530554755 0)
(0.9231910317 0.05859842749 -4.462672014e-19)
(0.9276052759 0.06163607567 -7.983331416e-19)
(0.9318167293 0.06443930922 7.57611111e-19)
(0.9358286097 0.06702732673 -1.011037781e-18)
(0.9396451532 0.06941787585 6.333415221e-21)
(0.9432712801 0.07162732325 -2.789365592e-19)
(0.94671241 0.07367085535 4.92393666e-19)
(0.9499743093 0.07556257433 4.353726098e-19)
(0.9530629395 0.0773155524 6.623827566e-21)
(0.95598431 0.07894181183 0)
(0.9587443805 0.0804525099 6.317822977e-19)
(0.9613489868 0.08185802465 -5.837913957e-19)
(0.9638037332 0.08316799572 0)
(0.9661138968 0.08439135139 4.664014185e-19)
(0.9682843726 0.08553638195 5.339271295e-21)
(0.9703196084 0.08661069262 -3.797156942e-19)
(0.9722235651 0.08762116125 3.429367624e-19)
(0.9739996663 0.08857397991 -3.219721078e-19)
(0.9756507896 0.08947458454 -2.890344179e-19)
(0.9771792823 0.0903275982 7.642059113e-19)
(0.9785869393 0.09113677116 -2.371676955e-19)
(0.9798750803 0.09190491575 1.049421282e-18)
(0.9810445826 0.09263381586 -1.958984487e-19)
(0.9820960283 0.09332416444 5.282206722e-19)
(0.9830297372 0.09397544491 -3.213632459e-19)
(0.9838460908 0.09458592154 -4.364152537e-19)
(0.9845453883 0.09515250984 -2.685976394e-19)
(0.9851286865 0.09567089472 5.101748615e-19)
(0.9855969 0.09613529904 2.359221268e-19)
(0.9859530919 0.09653897234 -4.375482765e-19)
(0.9861992544 0.09687358098 0)
(0.9863425219 0.09713055845 -7.722303208e-19)
(0.9863854858 0.09729950907 1.458388863e-18)
(0.9863429355 0.09737136993 0)
(0.9862151091 0.09733447569 -3.331976316e-19)
(0.9860312449 0.09718150644 -3.173157539e-19)
(0.9857806155 0.09690045309 6.10456446e-19)
(0.9855207604 0.09648905926 1.175120633e-18)
(0.9852095078 0.0959356665 -2.972170303e-19)
(0.9849615174 0.09524759111 2.69491861e-19)
(0.9846589746 0.09441326878 -1.058617593e-18)
(0.9845332115 0.09345554566 0)
(0.9842998194 0.09235973326 9.823341966e-19)
(0.9844303486 0.09117472041 1.861722468e-18)
(0.9842832078 0.08986577723 -1.755984223e-18)
(0.9848502369 0.08855029338 2.89617437e-18)
(0.9846533438 0.08705228513 3.976811355e-19)
(0.9860777554 0.08594156241 -1.42854021e-18)
(0.984959638 0.08356681667 1.525991021e-18)
(0.9890620982 0.0853473564 0)
(0.9833695783 0.07551602078 0)
(0.7613077371 -0.2018787462 -1.273822319e-18)
(0.8375352708 -0.176747137 -1.129726435e-18)
(0.8338933622 -0.1856732669 9.201612969e-19)
(0.8350419273 -0.1636764302 0)
(0.8328260141 -0.1574495524 -2.658625397e-19)
(0.8328183915 -0.1427193199 9.379667606e-19)
(0.8327322169 -0.1318254778 -1.518882891e-18)
(0.8335189159 -0.119071712 1.015086406e-18)
(0.8348254652 -0.1071909093 0)
(0.8367596778 -0.0951262997 0)
(0.8392513716 -0.08345270943 0)
(0.842268803 -0.07204175055 3.266157534e-19)
(0.8457580297 -0.06103832184 0)
(0.8496615405 -0.05045926452 0)
(0.8539189247 -0.04035533512 4.830842998e-19)
(0.8584683025 -0.03074733735 8.73580334e-19)
(0.8632493423 -0.02165262141 3.970303097e-19)
(0.8682040893 -0.01307627378 -1.121619777e-18)
(0.8732784674 -0.00501642853 9.987721388e-19)
(0.8784228059 0.002535853338 2.935875479e-19)
(0.8835922969 0.009594618629 -5.66381435e-19)
(0.8887470682 0.01617807612 -2.449344149e-19)
(0.8938517155 0.02230661379 4.47140675e-19)
(0.8988757823 0.02800550848 -1.895076444e-20)
(0.9037903758 0.03329263859 3.800988263e-19)
(0.9085973793 0.03819236266 3.299834957e-19)
(0.9132978481 0.0427302073 -3.123982983e-19)
(0.9178595027 0.0469291403 -9.372587808e-22)
(0.9222670978 0.05081569829 -7.438785966e-19)
(0.926514575 0.05441154595 4.594918e-19)
(0.9305974873 0.05773803132 -8.187880415e-19)
(0.9345136718 0.06081527623 9.977979425e-21)
(0.938262421 0.06366221575 8.449287625e-21)
(0.9418444678 0.06629663345 3.058709216e-19)
(0.9452615993 0.06873517202 -2.625683263e-19)
(0.9485164759 0.07099353858 -2.377342276e-19)
(0.9516124306 0.07308643461 2.164771313e-19)
(0.9545532383 0.07502758695 2.059889715e-19)
(0.9573430071 0.0768298186 1.830662243e-19)
(0.959985996 0.07850508171 1.51642459e-19)
(0.9624865252 0.08006458682 1.433733917e-19)
(0.9648488424 0.08151882083 -2.554959005e-19)
(0.9670770075 0.08287759212 2.352004375e-19)
(0.9691747965 0.0841500023 1.059364635e-18)
(0.9711456221 0.08534449111 1.897510087e-19)
(0.9729924958 0.08646877219 -1.796013422e-19)
(0.9747179116 0.08752977363 -2.588488824e-21)
(0.976323863 0.08853366488 4.279276411e-19)
(0.9778118188 0.08948574659 0)
(0.979182713 0.09039038163 -4.644856908e-19)
(0.9804369977 0.09125092247 -4.272272914e-19)
(0.9815746669 0.09206959679 0)
(0.9825954287 0.09284745018 3.553390688e-19)
(0.9834986725 0.09358418039 -1.59494839e-19)
(0.9842839435 0.09427817667 7.489304413e-19)
(0.9849505373 0.09492626042 -1.356336991e-19)
(0.9854988548 0.09552399052 1.284906001e-19)
(0.9859286402 0.09606508928 0)
(0.9862428394 0.09654246839 4.393338263e-19)
(0.9864417558 0.09694674834 -4.128022535e-19)
(0.9865337973 0.09726901107 3.897600193e-19)
(0.9865183499 0.09749699847 -7.430757196e-19)
(0.9864147826 0.09762177238 1.774250573e-19)
(0.9862160399 0.09762845947 -1.680167555e-19)
(0.9859635212 0.09751138167 0)
(0.9856290644 0.09725287219 -9.347054052e-19)
(0.9852991965 0.09685584336 -8.946236812e-19)
(0.9848908922 0.09629831142 8.661755417e-19)
(0.9845839127 0.09559998745 -8.509944925e-19)
(0.9841685781 0.09472997046 1.355543855e-18)
(0.9840163776 0.09373758685 -2.595568617e-19)
(0.9836445587 0.09257074066 -1.003876409e-18)
(0.9838178446 0.09133387298 -1.902556099e-18)
(0.9834765865 0.0899116389 -1.89576567e-18)
(0.9842245787 0.0885564075 -2.151375793e-18)
(0.9836908517 0.08685832072 -1.321135188e-18)
(0.9855813417 0.08585041801 -1.48646527e-18)
(0.9837906119 0.08296074375 -1.560489491e-18)
(0.9887789296 0.0853708118 0)
(0.9821378753 0.07433006436 0)
(0.77772145 -0.1846698541 -1.163858133e-18)
(0.8655278056 -0.163715118 1.075061737e-18)
(0.8631948083 -0.1748677016 -8.766444861e-19)
(0.8643062875 -0.1543653331 8.705262215e-19)
(0.8614450216 -0.1507786086 -8.098779328e-19)
(0.8607957609 -0.1374834961 1.824552369e-19)
(0.8597392867 -0.1287015458 0)
(0.8594722187 -0.1174476513 -1.919527046e-19)
(0.8595589159 -0.1071761065 -1.569607458e-19)
(0.8601844435 -0.09641550426 7.8129932e-19)
(0.8612891112 -0.08593499105 -1.045635366e-18)
(0.8628773336 -0.07550700848 5.549016683e-19)
(0.8649206807 -0.06532474256 1.269625307e-18)
(0.8673868499 -0.05539310428 -1.189683574e-18)
(0.8702368539 -0.04578324301 -2.181888872e-20)
(0.8734262979 -0.03652649155 0)
(0.8769086679 -0.02765758427 -1.799893313e-19)
(0.880635951 -0.01919744999 -3.593033684e-19)
(0.8845606693 -0.01116091692 -6.239956466e-19)
(0.8886366884 -0.003554683916 8.667631117e-19)
(0.8928202011 0.003620577693 -2.552542373e-19)
(0.8970702278 0.01036983122 2.47633935e-19)
(0.901348651 0.01670174471 -2.12214583e-19)
(0.9056200265 0.02263106357 -6.032429775e-19)
(0.9098520365 0.02816671294 3.671429639e-19)
(0.9140476809 0.0333260569 -3.203638415e-19)
(0.9181977025 0.03813084228 1.313806553e-20)
(0.9222636959 0.04259682731 5.381823848e-19)
(0.9262268418 0.04674777129 -2.497520663e-19)
(0.9300762098 0.05060178921 4.495991847e-19)
(0.9338028978 0.05417840017 4.064964865e-19)
(0.9374006026 0.05749604668 7.213746009e-19)
(0.9408648164 0.06057268533 -3.614783662e-21)
(0.9441928036 0.06342544065 -2.995954092e-19)
(0.9473832071 0.06607073201 7.927676811e-19)
(0.9504358664 0.06852420576 -4.94916133e-19)
(0.9533515612 0.0708007666 -1.081556331e-18)
(0.9561318187 0.07291453878 5.956643396e-19)
(0.9587787044 0.07487877744 -3.60029531e-19)
(0.9612946648 0.07670601762 -4.876860311e-19)
(0.963682391 0.07840810123 1.413295481e-19)
(0.9659446651 0.07999621012 2.525017122e-19)
(0.9680842151 0.08148085315 -8.263707229e-19)
(0.9701036087 0.08287190435 -2.437752462e-21)
(0.9720051499 0.08417851902 1.845706915e-19)
(0.9737907746 0.08540910855 0)
(0.9754619989 0.08657135217 -3.166154909e-19)
(0.9770198552 0.08767208041 -2.866158966e-19)
(0.9784648779 0.08871722846 -1.264806386e-19)
(0.9797970754 0.08971173689 4.76436033e-19)
(0.9810159884 0.09065947223 -3.145110981e-19)
(0.9821206715 0.09156308101 0)
(0.9831099327 0.0924239495 3.523784666e-19)
(0.98398217 0.0932419641 0)
(0.9847360973 0.09401564548 -2.967260595e-19)
(0.9853699077 0.09474167782 0)
(0.9858834284 0.09541553996 -1.265156513e-19)
(0.9862750109 0.0960303529 2.378922567e-19)
(0.9865477713 0.09657883624 -6.687329965e-19)
(0.9866997797 0.09705030952 5.241806696e-19)
(0.9867415173 0.09743588197 -3.959493689e-19)
(0.986667814 0.09772081734 -3.73947884e-19)
(0.9865046636 0.09789721821 0)
(0.9862344661 0.09794557758 6.86610733e-19)
(0.9859156884 0.09786395401 1.665533678e-19)
(0.9854952303 0.09762587033 4.787315044e-19)
(0.9850997705 0.09724396666 3.277146882e-21)
(0.9845888518 0.09667926468 6.011175102e-19)
(0.9842315533 0.09597336146 1.148271266e-18)
(0.9836912544 0.0950624392 0)
(0.9835298493 0.09404142668 1.083790812e-18)
(0.9829950413 0.09279372792 0)
(0.9832447272 0.09151772305 -2.525789561e-19)
(0.9826626389 0.08996229517 3.15841125e-18)
(0.9836534099 0.0885950415 -4.590995987e-19)
(0.9827039945 0.08665550295 4.036271538e-18)
(0.9851508516 0.08580368722 1.511793579e-18)
(0.9826000343 0.08234110081 1.745019097e-18)
(0.988533247 0.08541800912 3.789618443e-19)
(0.9809133353 0.07318578707 -2.198385061e-18)
(0.7892458903 -0.1678507241 8.336896945e-19)
(0.8890010346 -0.1504046225 0)
(0.8885831429 -0.1630575637 0)
(0.8897905513 -0.1439715586 7.987635158e-19)
(0.8866199957 -0.1424869018 -6.686803901e-19)
(0.8856241118 -0.1304227025 -1.80137144e-19)
(0.8839408004 -0.1234926946 -6.402545508e-19)
(0.8829764219 -0.1135635525 7.409074339e-19)
(0.8822032366 -0.1047969452 7.388009527e-19)
(0.881875533 -0.09527892839 -5.660371576e-19)
(0.8819310993 -0.08599604328 3.817140101e-19)
(0.8824041652 -0.07659401349 -8.64067137e-19)
(0.8832851443 -0.06731898339 2.155450883e-19)
(0.8845634715 -0.0581484571 2.279633947e-19)
(0.8862198986 -0.04916921376 -2.118000352e-19)
(0.8882276428 -0.04041355601 7.405214079e-19)
(0.8905556403 -0.03192753671 1.695970475e-19)
(0.8931684594 -0.02374175059 -7.978890985e-19)
(0.8960285878 -0.01588327047 -5.822409096e-19)
(0.8990971248 -0.008370893838 6.901069488e-21)
(0.902335054 -0.001217629535 7.474462833e-19)
(0.9057038778 0.005569663804 -9.096730944e-19)
(0.9091661533 0.01198892175 2.27690725e-19)
(0.9126841575 0.01804378124 3.738701773e-19)
(0.9162261609 0.02373516442 -3.38722149e-19)
(0.9197978236 0.02907263977 1.445773532e-20)
(0.9233800244 0.03407167649 5.727781698e-19)
(0.9269307841 0.03874162936 2.547639757e-19)
(0.9304287858 0.04310186039 -2.323821341e-19)
(0.9338589777 0.04716619278 4.310901488e-19)
(0.9372086973 0.05095136259 -1.998521715e-19)
(0.940467932 0.05447334359 0)
(0.943628679 0.05774834093 3.157297192e-19)
(0.946684935 0.06079219124 0)
(0.9496323003 0.06362042757 0)
(0.9524678359 0.06624821735 0)
(0.9551897757 0.06869022492 2.178119849e-19)
(0.9577973328 0.07096049709 -1.902698863e-19)
(0.9602904823 0.07307249537 7.115990503e-19)
(0.9626697815 0.07503903823 1.629444819e-19)
(0.9649362062 0.07687237615 1.404187067e-19)
(0.9670909829 0.07858418503 -9.057909727e-19)
(0.9691354268 0.08018555874 4.729190292e-19)
(0.9710708023 0.08168693257 -2.861051438e-21)
(0.9728982067 0.08309810575 -1.056714623e-18)
(0.9746184576 0.08442816445 8.882295351e-20)
(0.9762319972 0.08568537788 0)
(0.9777388291 0.08687720399 0)
(0.9791384982 0.08801016058 2.559277699e-19)
(0.9804300215 0.0890897216 1.14770409e-19)
(0.9816119854 0.09012023352 7.425055436e-19)
(0.9826824426 0.09110472679 0)
(0.9836392789 0.09204491154 -3.566397613e-19)
(0.9844798283 0.0929408243 4.02621863e-19)
(0.985201991 0.09379112562 2.245162867e-19)
(0.9858027358 0.09459229651 -1.363375084e-19)
(0.9862814324 0.09533980102 6.368818128e-19)
(0.9866347679 0.09602600922 -1.182655515e-19)
(0.9868663961 0.09664365285 1.120582375e-19)
(0.9869714922 0.09718038711 0)
(0.9869635978 0.09762787896 0)
(0.986831372 0.09796805504 4.734190859e-19)
(0.98660988 0.09819532767 -4.498638294e-19)
(0.9862671671 0.09828360048 -1.748782175e-19)
(0.9858844871 0.09823753228 -3.243355463e-21)
(0.9853751876 0.09801757114 -3.45140849e-21)
(0.984918804 0.09765223426 -4.701287066e-19)
(0.984298817 0.09707663809 -1.223151732e-18)
(0.9839005595 0.09636690134 -1.499140565e-19)
(0.9832219155 0.09540837185 1.421065676e-19)
(0.9830697599 0.09436665379 1.258989558e-20)
(0.9823459633 0.0930255502 -1.100795512e-18)
(0.9827070212 0.09172635784 0)
(0.9818369031 0.09001360328 -1.787514044e-18)
(0.9831311664 0.08866612621 -1.150222362e-18)
(0.9816920355 0.08644038143 -3.782154084e-18)
(0.9847767535 0.0857977745 -2.142660101e-19)
(0.9813910915 0.08170831696 -1.937009204e-18)
(0.9883187843 0.08548288434 -4.231213412e-20)
(0.9796922871 0.07207783135 2.247904012e-18)
(0.7964948822 -0.1515477683 -6.717181607e-19)
(0.9085785863 -0.1370828097 -6.206324485e-19)
(0.9105957011 -0.1507323151 1.1805414e-18)
(0.9119744957 -0.132948357 1.352290329e-20)
(0.9087105797 -0.1331114513 2.122144851e-20)
(0.907565942 -0.1221126378 -5.335597292e-19)
(0.9055048759 -0.1167729331 0)
(0.9041014956 -0.1079925856 -1.396511778e-19)
(0.9027428376 -0.1005926616 -4.974949117e-19)
(0.901743555 -0.09221588075 -1.361126573e-19)
(0.9010288536 -0.08408215031 -5.864127783e-21)
(0.9006568522 -0.0756908319 4.110510962e-19)
(0.9006296966 -0.0673488438 -3.111172037e-19)
(0.9009538922 -0.05899371575 3.820511012e-19)
(0.9016263602 -0.05072619391 3.585991899e-19)
(0.9026358734 -0.04257142716 -8.320960909e-19)
(0.9039661617 -0.03458206334 3.157584938e-19)
(0.9055948118 -0.02679249782 1.535979147e-19)
(0.90749569 -0.01923758911 -1.294689367e-19)
(0.9096391765 -0.01194418986 2.620300833e-19)
(0.911993544 -0.0049345552 0)
(0.9145254106 0.001774881001 0)
(0.9172007579 0.008173235649 0)
(0.9199823747 0.01425346001 -1.849773714e-19)
(0.9228425297 0.02000964665 3.22765692e-19)
(0.9257903048 0.02544389702 1.491255154e-19)
(0.9287985167 0.03056360804 -2.820349904e-19)
(0.931823901 0.03537275075 -2.571334775e-19)
(0.934843802 0.03988489965 0)
(0.9378400865 0.04410926663 -2.038312297e-19)
(0.9407971958 0.04805901674 0)
(0.9437020455 0.05174693368 -1.691041284e-19)
(0.946543644 0.05518682953 -6.263226599e-19)
(0.9493130423 0.05839260169 0)
(0.9520030636 0.06137841353 -2.537688539e-19)
(0.954608118 0.06415835817 -2.287912779e-19)
(0.9571239845 0.06674640706 8.0022408e-21)
(0.9595476111 0.06915624338 -3.768581326e-19)
(0.9618768714 0.07140110433 -3.431843743e-19)
(0.9641104084 0.07349382429 4.034843447e-21)
(0.9662474373 0.07544681462 -1.45595538e-19)
(0.9682875723 0.07727204424 3.853473033e-19)
(0.9702306423 0.07898096798 -2.401009888e-19)
(0.9720765519 0.08058451073 1.044462161e-19)
(0.9738251226 0.08209296068 5.726443769e-19)
(0.9754759621 0.08351590053 1.6866282e-19)
(0.9770283859 0.08486218949 -8.339965013e-20)
(0.9784813071 0.08613980873 -7.237830539e-20)
(0.9798332149 0.08735579863 -2.584125455e-19)
(0.9810820826 0.08851610985 -1.142867305e-19)
(0.9822254867 0.08962552972 -1.081732729e-19)
(0.9832604265 0.09068742444 0)
(0.9841838325 0.09170381025 8.68954977e-20)
(0.984991906 0.09267481775 -4.080566399e-19)
(0.9856817504 0.09359926373 0)
(0.9862489776 0.09447332992 0)
(0.9866926398 0.09529255907 -2.594899804e-19)
(0.9870074451 0.09604836006 0)
(0.9871980276 0.09673375542 -4.425904139e-19)
(0.9872558928 0.09733424361 0)
(0.9871988089 0.09784275748 0)
(0.9870073961 0.09823674978 3.777096402e-19)
(0.9867286146 0.09851460706 8.169472434e-19)
(0.9863118327 0.09864110396 -8.669019998e-20)
(0.9858675294 0.09863119445 0)
(0.9852659403 0.09842680291 0)
(0.984753422 0.09808013714 -1.615049767e-19)
(0.9840171719 0.09748918768 7.737108439e-19)
(0.9835876966 0.09678040942 1.531410793e-19)
(0.9827564971 0.09576609352 -1.451889293e-19)
(0.9826325916 0.09471335993 -1.122651725e-18)
(0.9816932256 0.09326375527 2.386871375e-18)
(0.9822006288 0.09196011379 1.374359586e-19)
(0.9809963601 0.09006235373 2.113682889e-18)
(0.9826518735 0.08876944428 6.843011485e-19)
(0.9806551541 0.08621054847 1.719135598e-18)
(0.9844502354 0.08582939325 2.143250723e-19)
(0.9801658617 0.08106254011 1.958088886e-18)
(0.9881309582 0.08556110802 -8.360659452e-19)
(0.9784707385 0.07100081564 -5.024698839e-19)
(0.8001119538 -0.1357901668 5.583098934e-19)
(0.9247111964 -0.1239120246 -4.608904419e-19)
(0.9296754667 -0.1381822209 0)
(0.9312958293 -0.1216010541 -6.501696685e-20)
(0.9280679054 -0.1230481085 0)
(0.9268928176 -0.112967413 -4.543579606e-19)
(0.9246365471 -0.1089852203 4.273335192e-19)
(0.9229777475 -0.1011915438 4.879821915e-20)
(0.9212378209 -0.09500995217 -4.196683594e-19)
(0.9197836356 -0.08765714708 3.951404734e-19)
(0.9185211387 -0.0805936225 8.92617646e-20)
(0.9175275514 -0.07316071505 -9.990926542e-20)
(0.9168104189 -0.06573494298 -9.501571459e-20)
(0.9163887281 -0.05820423416 0)
(0.9162713748 -0.05068431058 0)
(0.9164595739 -0.04318675837 3.012382061e-19)
(0.9169498019 -0.03576785773 -2.818998277e-19)
(0.9177315505 -0.02846082721 2.657468356e-19)
(0.9187899186 -0.02130449603 -4.793473023e-19)
(0.9201051433 -0.01432985337 1.030979999e-18)
(0.9216539988 -0.007565137738 -8.5510689e-19)
(0.9234098233 -0.001033681135 7.965851551e-21)
(0.9253439346 0.005247246622 3.692974003e-19)
(0.9274219939 0.01126054605 -3.319273041e-19)
(0.9296228475 0.01699567949 4.632450693e-19)
(0.9319595895 0.0224483847 -1.469395182e-19)
(0.9343990267 0.02761663135 1.268689417e-19)
(0.9368987613 0.03250023253 0)
(0.9394359977 0.03710613799 0)
(0.9419906823 0.04143893359 4.013034419e-19)
(0.9445454039 0.0455075813 0)
(0.9470847946 0.04932121571 1.700499135e-19)
(0.949595479 0.0528907075 6.145575682e-19)
(0.9520660851 0.05622752676 -2.716794275e-19)
(0.9544869884 0.05934387631 2.55872215e-19)
(0.9568502303 0.06225239667 1.119859025e-19)
(0.9591493272 0.06496592966 2.784481409e-21)
(0.9613790522 0.06749730764 3.792703018e-19)
(0.96353527 0.06985928496 -8.733770717e-20)
(0.9656147274 0.07206438656 3.130786133e-19)
(0.9676148808 0.07412492403 0)
(0.9695337072 0.07605292155 1.242509762e-19)
(0.9713695232 0.07786004182 -2.302509721e-19)
(0.973120811 0.07955745803 1.066130058e-19)
(0.9747860605 0.08115584169 -1.902583688e-19)
(0.976363636 0.08266522304 0)
(0.9778516505 0.08409486064 7.579361516e-20)
(0.9792478708 0.08545320131 -7.180593421e-20)
(0.98054968 0.08674773792 0)
(0.9817539449 0.08798483192 -2.296177769e-19)
(0.9828571936 0.0891696644 -3.160752339e-21)
(0.9838553031 0.09030587887 0)
(0.9847442352 0.09139577645 0)
(0.9855189652 0.09243951022 7.92996122e-20)
(0.9861758464 0.09343607657 -7.512741705e-20)
(0.9867089613 0.09438123112 -2.037513954e-19)
(0.987117237 0.09527071997 -3.193009712e-19)
(0.9873930159 0.0960947145 0)
(0.9875424585 0.09684689074 3.907752698e-19)
(0.9875524851 0.09750995484 -3.640147391e-19)
(0.9874464584 0.09807901144 -3.952928752e-19)
(0.987194823 0.09852559843 -2.853602911e-19)
(0.9868596335 0.09885416889 -3.633729096e-19)
(0.9863667703 0.09901720625 -1.758022598e-19)
(0.9858630318 0.09904452724 8.412799717e-20)
(0.985165159 0.09885285909 0)
(0.984601331 0.09852760349 0)
(0.9837410192 0.09791609797 0)
(0.9832902205 0.09721406047 0)
(0.9822917296 0.09613437286 0)
(0.9822151252 0.09508191377 -1.478491633e-19)
(0.9810336509 0.09350644016 -8.626454957e-19)
(0.9817214948 0.092219407 3.43029914e-21)
(0.9801389715 0.09010610514 -1.211815254e-18)
(0.9822096225 0.0889046403 0)
(0.9795938983 0.08596435153 0)
(0.9841635258 0.08589563535 7.748657828e-19)
(0.9789255169 0.08040368147 -1.779969415e-18)
(0.9879665268 0.08564980651 6.548116965e-19)
(0.9772449151 0.06994971037 3.553323934e-19)
(0.8009112911 -0.1206387815 2.219351273e-20)
(0.9375343041 -0.111013901 0)
(0.9461693998 -0.1255904521 0)
(0.9481077566 -0.1101527204 3.354694947e-19)
(0.9450049135 -0.1125808452 -3.106158761e-19)
(0.9438661119 -0.1033073044 3.263118587e-19)
(0.9415472162 -0.1004681637 -3.848793733e-19)
(0.939762568 -0.09352369386 -8.80858639e-20)
(0.9377918408 -0.08841309944 0)
(0.9360464785 -0.08196561871 -3.02115203e-19)
(0.9344097306 -0.07587835691 2.321208038e-19)
(0.932974417 -0.06933074145 0)
(0.9317485035 -0.06277660146 -3.068039334e-19)
(0.9307596494 -0.0560474072 2.893003062e-19)
(0.9300247429 -0.04927665159 2.150191569e-19)
(0.9295541424 -0.04245753901 -2.021055566e-19)
(0.9293544278 -0.03564873726 -6.207339421e-19)
(0.9294250151 -0.02887840931 5.865392736e-19)
(0.9297610566 -0.02218652884 -1.056623854e-19)
(0.9303521227 -0.01560481555 -2.193956214e-19)
(0.9311836183 -0.009164531593 2.897697026e-19)
(0.9322362904 -0.002893194464 -8.695878701e-20)
(0.9334872786 0.003188176878 3.350538919e-19)
(0.9349063175 0.00905324189 -6.259881833e-19)
(0.9364845573 0.01468911654 1.427429284e-19)
(0.9382349414 0.0200876193 0)
(0.9401215077 0.02523595528 -3.318587183e-21)
(0.9421050572 0.03013129672 -4.558817181e-19)
(0.9441635788 0.03477362844 2.127823623e-19)
(0.9462764113 0.03916318068 -3.863308836e-19)
(0.9484253164 0.04330435993 1.791532557e-19)
(0.950593507 0.04720244707 -1.646823419e-19)
(0.9527660064 0.0508649803 -5.74687469e-21)
(0.9549295717 0.05430056377 1.368113004e-19)
(0.9570726215 0.05751913561 -1.200032264e-19)
(0.9591852005 0.06053135194 1.137081514e-19)
(0.9612588156 0.06334854419 -1.992797806e-19)
(0.9632862976 0.06598243263 0)
(0.965261618 0.06844486204 0)
(0.9671797202 0.0707477797 1.498628314e-19)
(0.9690363512 0.07290312795 0)
(0.9708278728 0.07492276134 1.224387453e-19)
(0.9725510785 0.07681830411 -2.270189066e-19)
(0.9742030157 0.07860108367 2.058150791e-19)
(0.9757808173 0.08028196597 -2.798160121e-19)
(0.9772815382 0.0818712272 1.673128579e-19)
(0.9787020668 0.08337850374 0)
(0.9800389638 0.08481258088 -6.809186761e-20)
(0.9812884646 0.08618132495 6.450567624e-20)
(0.9824462699 0.08749143222 1.749191611e-19)
(0.9835078248 0.08874842468 -3.641500491e-19)
(0.9844678148 0.08995615232 1.8885523e-19)
(0.9853212254 0.09111717976 0)
(0.9860617049 0.09223159171 7.867397993e-20)
(0.9866849174 0.09329859967 2.168509005e-19)
(0.9871832193 0.09431336954 -6.326865245e-20)
(0.9875556447 0.09527201482 6.363758298e-20)
(0.9877917245 0.09616311632 -2.335201454e-19)
(0.9878997821 0.09698146507 -2.743494142e-19)
(0.987861109 0.09770617764 4.714274501e-19)
(0.9877062187 0.09833565748 5.360040301e-20)
(0.9873929905 0.0988337541 -4.248243044e-19)
(0.987002124 0.09921354012 3.628799349e-19)
(0.9864307527 0.09941138791 2.632262078e-19)
(0.9858696714 0.09947744994 -2.294593059e-21)
(0.985071044 0.09929533495 8.227633974e-20)
(0.9844607108 0.09899483288 8.283434494e-20)
(0.9834680634 0.09835683563 5.663894143e-19)
(0.9830058275 0.09766824579 0)
(0.9818250329 0.09651229709 5.458584284e-19)
(0.9818144954 0.09547281692 6.585648394e-19)
(0.9803648429 0.09375212886 1.454709116e-19)
(0.981265814 0.09250463702 9.429468241e-19)
(0.9792634457 0.09014301445 1.148669023e-18)
(0.9817989161 0.08907123364 0)
(0.9785090091 0.08570065164 -1.099463951e-18)
(0.9839099833 0.08599396508 -1.236994175e-19)
(0.977670663 0.07973141624 1.195664284e-18)
(0.9878231583 0.08574700583 0)
(0.976011589 0.06891992733 0)
(0.7993128268 -0.1062234404 -2.219689694e-20)
(0.9473491888 -0.09847909595 0)
(0.9603536086 -0.1131018027 0)
(0.9627050357 -0.09876849811 2.515545452e-20)
(0.9597895783 -0.101927478 -3.975685351e-20)
(0.9587239951 -0.09337125705 3.301135425e-19)
(0.9564355112 -0.09148276101 5.543238459e-20)
(0.9546229936 -0.08527631305 -2.338339449e-19)
(0.9525328327 -0.08109624574 0)
(0.9506178355 -0.07544203688 2.435988747e-19)
(0.9487399131 -0.07023191911 4.108771738e-20)
(0.9470044792 -0.06448709895 -3.216985505e-19)
(0.9454164822 -0.05874367232 0)
(0.9440094101 -0.05277238762 0)
(0.9428047916 -0.0467280942 9.143734653e-21)
(0.9418191645 -0.04058213946 8.301914114e-21)
(0.9410665326 -0.03439571759 1.184637176e-19)
(0.9405539431 -0.02818910744 -1.123026426e-19)
(0.9402848797 -0.02200167131 0)
(0.9402570175 -0.01586317674 -9.976769094e-20)
(0.9404636909 -0.009805618703 -9.351612696e-20)
(0.9408930197 -0.003857793987 8.734636049e-20)
(0.9415272137 0.001956122776 0)
(0.942342116 0.007605918867 2.82006474e-19)
(0.9433448155 0.01307607213 -1.402299899e-19)
(0.9445432034 0.01835377189 1.265894061e-19)
(0.9459024782 0.02341970761 8.342990354e-21)
(0.9473883598 0.02826773154 0)
(0.9489803656 0.03289162248 9.619808444e-20)
(0.9506584784 0.03728756312 8.881292836e-20)
(0.9524046169 0.04145542515 -2.054215781e-21)
(0.9542015183 0.04539657657 3.09016852e-19)
(0.9560333622 0.04911502955 -4.798840853e-21)
(0.9578857129 0.05261636835 -1.319133361e-19)
(0.9597455893 0.05590781893 -2.323088813e-19)
(0.9616014921 0.05899785287 2.162579558e-19)
(0.96344328 0.06189596736 6.924884679e-21)
(0.9652621052 0.06461233485 -1.766590876e-19)
(0.967050254 0.06715769252 0)
(0.9688010174 0.06954309551 -1.508226328e-19)
(0.970508531 0.0717798615 0)
(0.9721676047 0.07387943298 -1.212635463e-19)
(0.9737735441 0.0758532347 -2.750173903e-19)
(0.9753219667 0.07771248398 1.509286556e-19)
(0.9768086331 0.07946812216 1.661618325e-21)
(0.978229292 0.08113060165 -8.307779057e-20)
(0.9795795537 0.08270972609 0)
(0.980854749 0.08421454214 6.730784535e-20)
(0.9820499161 0.0856532046 -6.375949314e-20)
(0.9831595528 0.08703265702 5.565509126e-20)
(0.9841779755 0.0883587068 1.555421011e-19)
(0.9850986268 0.08963532428 -4.94295422e-20)
(0.9859154992 0.0908653206 4.387375696e-20)
(0.9866208197 0.09204859683 0)
(0.9872096281 0.09318463445 -2.930247871e-19)
(0.9876723448 0.09426780052 5.375317844e-19)
(0.9880083743 0.09529479116 -3.097842264e-19)
(0.9882039369 0.09625215278 2.93561301e-19)
(0.9882702435 0.09713636954 2.847567259e-21)
(0.9881817872 0.09792198843 5.191672027e-20)
(0.9879779733 0.09861208536 5.431342196e-19)
(0.9876014813 0.09916068712 3.797778846e-19)
(0.9871555395 0.09959253054 -2.503503042e-21)
(0.9865028613 0.0998233687 -3.096670906e-19)
(0.9858864372 0.09993009434 2.99680896e-19)
(0.9849821706 0.09975401601 0)
(0.9843300757 0.0994821812 0)
(0.9831964524 0.09881104475 -1.220313325e-18)
(0.9827325389 0.09814346056 -7.759587756e-20)
(0.9813543445 0.09689916689 -6.268340206e-19)
(0.9814281173 0.09588660716 -5.889979476e-19)
(0.9796849897 0.09399967021 0)
(0.9808300392 0.09281613698 -1.087227657e-18)
(0.9783690052 0.09017170675 1.683362351e-19)
(0.9814147123 0.0892686549 -9.58095144e-19)
(0.9774013084 0.08541868459 9.799115728e-19)
(0.9836839112 0.08612218892 -7.447605661e-21)
(0.9764016448 0.0790453002 4.429950612e-20)
(0.987699105 0.08585149514 -1.076158014e-19)
(0.9747682396 0.06790737929 1.319424389e-20)
(0.7957219225 -0.09263897301 -2.155344036e-19)
(0.9544378741 -0.0863585974 1.807565343e-19)
(0.9724611193 -0.1008692937 0)
(0.9753575188 -0.08759158191 1.542022634e-20)
(0.9726742908 -0.09127186368 0)
(0.9717060962 -0.0833508977 2.241023579e-19)
(0.9694976356 -0.08224149583 -2.344884319e-19)
(0.9677241384 -0.07667110617 0)
(0.9656011632 -0.07329743291 0)
(0.9636051106 -0.06833172016 0)
(0.9615859054 -0.06390099288 -2.579774212e-19)
(0.9596594425 -0.05887450105 2.754279145e-19)
(0.9578254426 -0.05387279345 2.199462659e-19)
(0.9561212285 -0.04860388927 -2.078383021e-19)
(0.9545703424 -0.04324752263 2.170402372e-19)
(0.9531930855 -0.03775077888 -1.430372994e-19)
(0.9520084773 -0.03217845475 4.474059648e-20)
(0.9510289626 -0.0265409875 -1.858227961e-19)
(0.9502644623 -0.02087633138 -1.760114621e-21)
(0.9497191848 -0.01521029067 2.463512709e-19)
(0.9493931839 -0.009574079542 0)
(0.9492813214 -0.003995091363 2.211680374e-19)
(0.9493704157 0.001499247673 -2.087244014e-19)
(0.949644006 0.006879713113 -1.391716253e-19)
(0.9501233071 0.01212933785 -1.300989043e-19)
(0.9508118336 0.0172288669 1.154977269e-19)
(0.9516776802 0.02215728074 3.363911969e-21)
(0.9526923419 0.02690427005 -9.727678817e-20)
(0.9538375455 0.03145882984 -9.679317981e-20)
(0.9550950361 0.03581348123 -3.443974587e-19)
(0.9564477781 0.03996381722 7.510170227e-20)
(0.9578789126 0.04390753182 0)
(0.9593725615 0.04764514296 -1.336153921e-19)
(0.9609137954 0.05117903417 1.265946495e-19)
(0.9624888571 0.05451368213 1.166876731e-19)
(0.9640851851 0.05765505559 9.8546218e-20)
(0.9656914213 0.06061056701 1.913753308e-19)
(0.9672973742 0.06338870763 2.913516584e-21)
(0.9688939072 0.06599874883 1.594872831e-19)
(0.9704728632 0.06845062959 -1.453773662e-19)
(0.9720269172 0.0707548066 -6.284483246e-20)
(0.9735494329 0.07292210045 1.21953307e-19)
(0.9750342954 0.074963491 3.833497778e-19)
(0.9764757368 0.07688999102 -5.083252025e-20)
(0.9778681715 0.07871241543 0)
(0.9792060226 0.08044117947 0)
(0.9804836257 0.08208622085 0)
(0.9816950499 0.08365670369 0)
(0.9828341153 0.08516097994 1.21953057e-19)
(0.9838940668 0.0866061453 -5.496695117e-20)
(0.9848680767 0.08799823274 1.958233469e-21)
(0.9857482709 0.08934123484 4.420658624e-20)
(0.9865276662 0.09063819508 0)
(0.9871969418 0.09188869289 1.933539907e-19)
(0.987750622 0.09309255448 3.458095225e-20)
(0.9881769294 0.0942430919 -2.694660946e-19)
(0.9884759733 0.09533785473 2.815777515e-21)
(0.9886300748 0.09636081339 -6.163984432e-22)
(0.9886541801 0.097310851 1.098307478e-19)
(0.9885146553 0.09815676787 5.1459757e-20)
(0.9882617536 0.09890795143 -2.171996456e-21)
(0.9878200512 0.09950608902 0)
(0.9873195358 0.09999114164 -2.717638157e-21)
(0.9865824152 0.1002530259 3.531998276e-19)
(0.9859125677 0.1004027237 -3.436875046e-19)
(0.984897423 0.1002288068 0)
(0.9842082275 0.0999900885 -3.28797805e-19)
(0.9829247246 0.09927848408 1.070185034e-18)
(0.9824686799 0.09864023916 -7.843917868e-20)
(0.9808780749 0.09729444128 0)
(0.9810537048 0.09632380049 0)
(0.9789927979 0.09424816728 -7.558201906e-20)
(0.9804109411 0.09315414568 7.150278595e-20)
(0.9774553239 0.09019117159 -1.807236585e-18)
(0.9810524682 0.08949625242 9.671125482e-19)
(0.9762717596 0.0851179541 0)
(0.9834803989 0.08627838355 -1.54196836e-18)
(0.975118813 0.07834478767 -1.14262455e-18)
(0.9875929103 0.08596248111 1.096248728e-19)
(0.973513183 0.06690841638 -1.028526021e-19)
(0.7902699436 -0.0801502096 -1.316497724e-20)
(0.9590821038 -0.07472573275 6.032136214e-21)
(0.982671137 -0.08893086036 0)
(0.986324313 -0.07669363544 0)
(0.983898581 -0.08071649316 0)
(0.9830389512 -0.07337360099 0)
(0.9809346241 -0.07289568879 2.378354181e-20)
(0.9792326565 -0.06787621316 0)
(0.9771415242 -0.06519701131 1.789595733e-19)
(0.9751268117 -0.06082955705 -1.696516567e-19)
(0.9730391725 -0.05708601542 1.982522944e-20)
(0.971003726 -0.05269700946 0)
(0.9690135737 -0.04836619261 1.817830148e-19)
(0.9671085016 -0.04373903666 -1.519259222e-19)
(0.9653120759 -0.03902306624 4.744928852e-20)
(0.9636465146 -0.03413963732 -3.901361589e-20)
(0.9621338361 -0.02915874901 -4.477809629e-20)
(0.9607899156 -0.02407972279 3.716138447e-20)
(0.9596293024 -0.0189390816 3.598583666e-20)
(0.958661089 -0.01375728564 6.980051872e-20)
(0.9578907191 -0.008563916813 -1.407036963e-19)
(0.957318059 -0.003382580214 -2.062108371e-19)
(0.9569336495 0.001755134419 3.223072502e-19)
(0.9567340711 0.006825145618 -2.98678855e-19)
(0.9567462544 0.01181060605 1.685640202e-19)
(0.9569722803 0.01668512929 5.127386549e-20)
(0.9573848153 0.0214291204 0)
(0.9579610649 0.02602798756 9.783188514e-20)
(0.9586855947 0.03046752923 0)
(0.95954275 0.03473702959 1.63212772e-19)
(0.9605172785 0.03882844771 -7.809122839e-20)
(0.9615935138 0.04273612135 0)
(0.962756262 0.0464572329 -1.89696545e-19)
(0.9639907873 0.04999113247 1.780954513e-19)
(0.9652831455 0.05333939602 -2.195410749e-19)
(0.9666202695 0.05650551544 -5.567379115e-22)
(0.9679900437 0.05949467727 -9.095768183e-20)
(0.9693812938 0.06231339928 8.63723979e-20)
(0.9707837925 0.06496938415 -2.767731412e-21)
(0.9721881756 0.06747122302 -7.209549628e-20)
(0.9735858543 0.06982830866 1.310549026e-19)
(0.9749688921 0.07205063043 0)
(0.9763298634 0.07414858483 -2.86234054e-21)
(0.9776616825 0.07613272035 4.848402238e-20)
(0.9789574599 0.07801361001 4.533242215e-20)
(0.9802103273 0.07980156269 1.595863848e-19)
(0.9814133486 0.08150642768 0)
(0.9825593161 0.08313740038 0)
(0.9836408243 0.08470293613 -1.522848566e-19)
(0.9846498239 0.08621017928 5.528935815e-20)
(0.9855783375 0.08766532756 -1.25317488e-19)
(0.9864171023 0.08907228367 -3.672698495e-19)
(0.9871581892 0.09043431636 0)
(0.9877905921 0.09175051881 -1.174843814e-19)
(0.9883084554 0.09302116262 1.046770387e-19)
(0.9886975077 0.09423819458 0)
(0.9889589551 0.09540035442 3.672438806e-19)
(0.9890705523 0.09648838501 2.847200094e-20)
(0.9890519442 0.09750441817 -5.38768678e-20)
(0.988859891 0.09841011473 -9.142960462e-23)
(0.9885576548 0.09922310032 -1.959054782e-19)
(0.9880485503 0.0998698008 -1.633511735e-19)
(0.9874938796 0.1004094996 -3.629086082e-19)
(0.9866688861 0.1007003328 -3.546694972e-19)
(0.9859474572 0.1008956725 -2.987196471e-19)
(0.9848159017 0.1007196752 3.427671179e-19)
(0.9840941553 0.1005190184 2.893590992e-19)
(0.9826517017 0.09975897394 -3.321414708e-19)
(0.9822127824 0.09915909507 4.135099944e-20)
(0.9803949909 0.09769767949 -7.962166232e-20)
(0.9806891899 0.09678484577 3.824300337e-20)
(0.9782873846 0.09449691734 7.691002818e-20)
(0.9800055457 0.09351878204 -7.273789113e-20)
(0.9765224338 0.0902006907 6.161879765e-19)
(0.9807080435 0.08975329691 5.554155246e-19)
(0.9751214822 0.08479819002 -6.663866382e-20)
(0.9832950915 0.08646084257 7.700757258e-19)
(0.9738227103 0.07762934722 0)
(0.9875032051 0.08607954612 3.484656056e-19)
(0.972245541 0.06591979493 -1.09099698e-18)
(0.7826911847 -0.06831302419 -6.375609921e-20)
(0.961272976 -0.0636109983 4.490175995e-20)
(0.9911192507 -0.07726740401 -8.440208418e-20)
(0.9957931856 -0.06608732217 8.345566604e-20)
(0.9936469781 -0.07030771697 -1.067366422e-19)
(0.9929021151 -0.06351024597 -1.600807941e-20)
(0.9909187279 -0.06354857104 -1.4227351e-20)
(0.9893001716 -0.0590088668 -1.385177501e-20)
(0.9872792292 -0.0569257128 1.292071279e-19)
(0.9852988619 -0.05308580685 1.397991143e-19)
(0.9831965182 -0.04994617612 -8.897847477e-21)
(0.9811129878 -0.04612138559 -1.35943841e-19)
(0.979035466 -0.04239319176 -1.471714853e-19)
(0.9770050434 -0.03834705705 1.193684077e-19)
(0.975043966 -0.03422017695 1.465824704e-19)
(0.9731750529 -0.02990760449 -9.96957673e-20)
(0.971421746 -0.02548632921 -3.208563159e-20)
(0.9698017516 -0.02094383297 1.018144243e-19)
(0.968332678 -0.01631573833 -3.333921544e-19)
(0.9670269134 -0.01161643372 1.576943899e-19)
(0.965894165 -0.006872865508 2.911942918e-20)
(0.9649373458 -0.002106303076 0)
(0.9641497476 0.002653264769 -5.385794789e-20)
(0.9635448814 0.007386288031 5.762646816e-20)
(0.9631481025 0.01207292282 -2.074715029e-19)
(0.9629621733 0.01668646576 4.669906836e-20)
(0.9629656906 0.02120751051 -9.237159488e-20)
(0.9631410246 0.02561853788 1.742873743e-19)
(0.9634760983 0.02990335505 -9.709604362e-22)
(0.9639583736 0.03404864895 -2.320656221e-19)
(0.9645749462 0.0380434279 2.999708985e-21)
(0.9653120133 0.04187917848 0)
(0.9661556681 0.04555013297 1.265282283e-19)
(0.9670920072 0.04905274584 5.618569179e-20)
(0.9681074975 0.05238592738 -5.322915916e-20)
(0.9691890892 0.05555059721 4.682066365e-20)
(0.9703243626 0.05854968634 8.849192834e-20)
(0.9715015939 0.0613877638 1.250612451e-19)
(0.972709793 0.06407072874 -7.364098519e-20)
(0.9739386779 0.06660570739 1.351177553e-19)
(0.9751786282 0.06900086092 -6.402400579e-20)
(0.9764205909 0.07126519329 -1.130925655e-19)
(0.9776559649 0.07340830637 -2.095629383e-19)
(0.978876452 0.07544021585 -9.679348304e-20)
(0.9800739407 0.07737106484 0)
(0.9812402995 0.07921084049 -1.20903209e-19)
(0.9823673581 0.08096927799 1.793227547e-19)
(0.9834466348 0.08265545403 0)
(0.9844694986 0.08427783316 0)
(0.9854265789 0.08584349668 0)
(0.986308752 0.08735874946 1.243981625e-19)
(0.9871052967 0.08882727609 1.596137312e-19)
(0.9878073844 0.09025257596 8.196720733e-20)
(0.9884021717 0.09163305971 0)
(0.9888835926 0.09296957913 -1.066230471e-19)
(0.9892345434 0.09425234225 -3.278071987e-20)
(0.9894577866 0.0954816936 -2.090368155e-21)
(0.9895257571 0.09663437327 1.11928763e-19)
(0.9894638854 0.09771677246 2.661588479e-20)
(0.98921769 0.09868178515 -2.258851138e-19)
(0.9888658126 0.09955751082 1.916182809e-19)
(0.9882868964 0.1002517657 1.872593727e-19)
(0.9876784224 0.1008478116 4.576119653e-20)
(0.9867618701 0.1011653215 -8.808852014e-20)
(0.9859906267 0.1014093095 5.574402424e-19)
(0.9847369008 0.101226625 -3.426021023e-19)
(0.983987015 0.1010694301 -4.286022795e-20)
(0.9823764794 0.1002523737 3.787333909e-19)
(0.9819635709 0.09970049649 0)
(0.979904207 0.09810852297 -3.350000758e-19)
(0.9803327094 0.09727009737 4.052430506e-20)
(0.9775682552 0.0947453798 -3.849159044e-20)
(0.979611122 0.09391003409 3.854217056e-20)
(0.9755707239 0.09019978943 3.613324671e-20)
(0.9803776558 0.09003897027 -4.844601131e-19)
(0.973951829 0.08445931097 6.395927708e-19)
(0.9831240503 0.08666799667 -4.382940045e-19)
(0.9725142016 0.07689846803 -5.563836339e-20)
(0.9874285979 0.08620244069 -9.128777676e-19)
(0.970965257 0.06493859304 1.35097829e-18)
(0.7740414124 -0.05695233458 0)
(0.9614428209 -0.05301047611 1.056729035e-20)
(0.9978987757 -0.06591212994 -8.683546671e-21)
(1.003874209 -0.05582994418 -4.164172448e-21)
(1.002055659 -0.06010023216 -3.032208869e-20)
(1.001434785 -0.05383360994 -7.548129268e-21)
(0.9995871069 -0.05428517378 7.426067819e-20)
(0.9980673324 -0.05017140111 -3.397847926e-20)
(0.9961325465 -0.04859529387 -1.080955648e-19)
(0.9942193823 -0.04521664235 9.141893236e-20)
(0.9921517656 -0.04261215385 0)
(0.9900662086 -0.03928501062 1.127820373e-19)
(0.9879540692 -0.03609568443 -9.468912846e-20)
(0.9858572993 -0.03257224859 1.26935324e-20)
(0.9837960057 -0.02898258325 -1.194882238e-19)
(0.9817927747 -0.02519553881 1.131444896e-19)
(0.9798713476 -0.0212967727 3.207604014e-20)
(0.9780500687 -0.0172616041 0)
(0.976348342 -0.01312554755 3.094008069e-20)
(0.9747805548 -0.008896768454 -3.012271941e-20)
(0.9733588709 -0.004598542757 -3.953613054e-21)
(0.9720876217 -0.000252368773 0)
(0.970968063 0.00411872508 5.406893486e-20)
(0.9700211637 0.008498549505 9.813644061e-20)
(0.9692726953 0.01286312767 -4.357871488e-20)
(0.9687268032 0.01718952699 4.238110248e-20)
(0.9683678403 0.02145765537 8.478974323e-20)
(0.9681828308 0.02564881331 -8.0351142e-20)
(0.9681633505 0.02974567785 -7.547824975e-20)
(0.9683002141 0.03373307934 7.151650728e-20)
(0.9685832803 0.0375978965 4.836112005e-21)
(0.969001044 0.04132932974 6.030954065e-20)
(0.9695414435 0.04491909205 -5.760898621e-20)
(0.9701919409 0.04836113283 1.089114575e-21)
(0.9709399072 0.05165181406 1.125411505e-21)
(0.971772832 0.05478976647 -9.331332942e-20)
(0.9726784367 0.0577757176 -8.75851454e-20)
(0.9736448596 0.06061215416 -3.889071296e-20)
(0.9746607055 0.0633032314 3.971918001e-20)
(0.9757150886 0.06585448523 -1.006429087e-19)
(0.976797613 0.06827273434 9.108768319e-20)
(0.9778983191 0.07056585805 5.859504633e-20)
(0.9790075989 0.07274258041 1.037577481e-19)
(0.9801160736 0.07481215202 4.585024769e-20)
(0.9812144945 0.07678419945 -4.342294171e-20)
(0.9822935495 0.07866833879 -1.954857385e-21)
(0.9833438797 0.08047397243 -7.324913799e-20)
(0.984355734 0.08220997451 3.160042776e-20)
(0.9853192918 0.08388472797 -1.141606762e-21)
(0.9862238215 0.08550513311 -2.725708264e-20)
(0.9870590939 0.08707754942 2.39408191e-20)
(0.9878128352 0.08860529954 -4.455921761e-20)
(0.9884754088 0.09009213385 -1.421400831e-19)
(0.9890319404 0.09153555083 1.845003007e-20)
(0.9894763855 0.09293715552 -1.747414179e-20)
(0.9897884018 0.09428497595 -1.422011368e-19)
(0.9899728621 0.09558146194 -1.048489934e-19)
(0.9899960162 0.09679844258 -2.22664763e-19)
(0.989890316 0.09794775281 0)
(0.9895882261 0.09897164436 1.762197237e-19)
(0.9891863609 0.09991125057 -2.874314205e-19)
(0.9885350278 0.1006519905 2.302944723e-19)
(0.9878730493 0.1013063269 -2.213447756e-20)
(0.9868610341 0.1016480517 -2.23128422e-20)
(0.9860416647 0.101944002 2.030943569e-20)
(0.9846598424 0.1017496656 0)
(0.983886056 0.1016417389 0)
(0.9820983507 0.1007585551 -1.892915417e-20)
(0.9817198934 0.1002648297 2.014404507e-20)
(0.9794051108 0.09852666631 3.362220906e-19)
(0.9799825523 0.09777979154 -4.115962037e-20)
(0.9768352468 0.09499314606 3.910990346e-20)
(0.9792251331 0.09432773803 -3.92714878e-20)
(0.974600901 0.0901882011 7.094349455e-19)
(0.9800577984 0.09035235265 4.505484322e-19)
(0.9727644063 0.08410141917 -6.104651821e-19)
(0.9829636098 0.08689837034 5.018453568e-21)
(0.9711945387 0.07615174242 -7.269894503e-19)
(0.9873675575 0.08633109106 4.434072053e-19)
(0.9696729889 0.06396217687 5.456353356e-20)
(0.7645696247 -0.04636593921 6.240856675e-21)
(0.9598218979 -0.0429301382 2.114962841e-20)
(1.003099489 -0.0549351326 -4.533684206e-21)
(1.010680878 -0.0459489635 4.794178602e-21)
(1.009257114 -0.050148424 1.311110634e-22)
(1.008766711 -0.04440647477 -1.682132402e-20)
(1.007064333 -0.04517570401 1.442304139e-20)
(1.005655041 -0.04144614066 -4.147462223e-21)
(1.003821459 -0.04030091437 4.622034355e-21)
(1.001990289 -0.03732377859 3.248634651e-21)
(0.9999902204 -0.03518828908 3.876907113e-20)
(0.9979438435 -0.03230273783 -3.680914982e-20)
(0.9958374618 -0.02959324352 -7.720652179e-21)
(0.993719904 -0.02653753487 -1.265375101e-20)
(0.9916093277 -0.0234343394 1.007143365e-20)
(0.9895272786 -0.02012695778 0)
(0.9874970925 -0.01671104351 4.901269861e-20)
(0.9855369076 -0.01314969246 -4.640050368e-20)
(0.9836670179 -0.009479400994 0)
(0.9819026004 -0.005701310605 -2.177576319e-20)
(0.9802566385 -0.001838129073 -9.426303904e-20)
(0.9787349148 0.002093711903 4.491477472e-20)
(0.9773484891 0.00607688694 2.084618735e-20)
(0.9761195284 0.01009429115 0)
(0.9750745051 0.01412407781 0)
(0.9742201807 0.01814573116 -4.25727261e-20)
(0.973545756 0.02213927471 3.663121309e-20)
(0.9730425054 0.02608605702 7.359307559e-20)
(0.9727056526 0.02996832646 3.340257968e-20)
(0.9725294027 0.03376989225 -9.777739884e-20)
(0.9725065643 0.03747625104 1.266852217e-19)
(0.9726282766 0.04107493013 -1.193432952e-19)
(0.9728846816 0.04455565427 -5.298949632e-20)
(0.973265001 0.0479102779 0)
(0.9737580067 0.05113305012 0)
(0.9743521035 0.05422041021 4.542611879e-20)
(0.9750356031 0.05717104947 -4.001583892e-20)
(0.9757968924 0.05998557331 0)
(0.9766245332 0.06266630281 1.744590646e-19)
(0.9775073531 0.06521718713 -1.276221217e-19)
(0.9784344529 0.06764364424 -5.937604352e-20)
(0.9793951958 0.06995235751 1.630233058e-19)
(0.9803791542 0.07215101912 -2.532276736e-20)
(0.9813760217 0.07424810174 -4.485587207e-20)
(0.982375536 0.07625256316 -2.043797783e-20)
(0.9833672807 0.07817344353 -1.325107345e-19)
(0.9843407757 0.08001982098 -5.312032536e-20)
(0.9852850367 0.08180021553 -3.159197314e-20)
(0.9861890851 0.0835228454 -1.357293523e-20)
(0.9870408165 0.08519430485 2.674404433e-20)
(0.9878289339 0.08682096652 2.351342295e-20)
(0.9885395341 0.08840562823 -2.226505913e-20)
(0.989162269 0.08995233389 1.403124219e-19)
(0.989680038 0.09145740048 5.331464789e-22)
(0.9900870762 0.09292340751 1.717671769e-20)
(0.9903593627 0.09433568377 1.26769277e-19)
(0.9905044999 0.09569938391 -1.45474779e-20)
(0.9904816028 0.09698037103 1.244762277e-19)
(0.9903315045 0.09819729782 1.025929026e-19)
(0.9899716517 0.09927963453 8.557545098e-20)
(0.9895194215 0.1002844484 1.308206496e-20)
(0.9887929003 0.1010705232 -2.526971679e-19)
(0.9880776669 0.1017853168 -1.330138057e-19)
(0.9869661109 0.1021485959 2.150887721e-20)
(0.9861002158 0.1025001021 -1.493494508e-19)
(0.9845842765 0.1022888087 -4.266885601e-20)
(0.9837906189 0.1022363088 -1.065394864e-21)
(0.981816804 0.1012773993 -3.220409587e-19)
(0.9814807045 0.1008523908 0)
(0.9788973483 0.09895185601 0)
(0.9796371269 0.09831403115 -2.08902765e-20)
(0.976088496 0.0952399301 3.668598631e-19)
(0.9788451957 0.09477157578 0)
(0.9736139694 0.09016585027 -6.746105913e-19)
(0.9797451811 0.09069241042 -4.513267689e-19)
(0.9715610906 0.08372478961 6.538426734e-19)
(0.9828102892 0.08715052182 4.0787394e-19)
(0.96986539 0.07538886328 6.407921459e-19)
(0.9873183955 0.08646547784 2.097258188e-19)
(0.9683700617 0.06298812566 -2.47134711e-20)
(0.7546278329 -0.03660347968 -5.489901731e-20)
(0.9566605645 -0.03337682473 4.111535762e-20)
(1.006803129 -0.04437959707 1.077142315e-21)
(1.016315437 -0.03645826716 -5.10631594e-22)
(1.015371563 -0.04049441401 -1.303735838e-22)
(1.015017886 -0.03527509862 3.643076712e-22)
(1.013465626 -0.03627514549 1.037684493e-21)
(1.012175014 -0.0328981509 -1.871373597e-22)
(1.01045468 -0.03211733073 1.705495977e-20)
(1.008718442 -0.02949190879 3.795214216e-21)
(1.006799545 -0.02776222997 -1.820287382e-20)
(1.004819342 -0.02526589755 -2.885684789e-20)
(1.002756247 -0.02298512517 2.292095517e-20)
(1.00065348 -0.02034614757 3.100637415e-20)
(0.9985329388 -0.01768140225 -4.272129916e-20)
(0.9964159626 -0.01480874297 7.992604748e-21)
(0.9943249945 -0.01183536704 3.940286812e-20)
(0.9922772535 -0.008712323974 -8.625505094e-20)
(0.9902929816 -0.00547777933 4.700043094e-20)
(0.9883869703 -0.002126857461 3.084055453e-20)
(0.9865730546 0.001318831817 2.161185477e-20)
(0.9848607757 0.004850178697 0)
(0.9832644483 0.008451214397 -2.856849804e-21)
(0.9818079713 0.01210603238 0)
(0.980518513 0.01579630493 0)
(0.9794053093 0.01950331169 0)
(0.9784615412 0.02320821868 -3.679138836e-20)
(0.9776823148 0.02689317269 1.590285521e-20)
(0.9770662678 0.03054064761 -6.560293509e-20)
(0.9766108631 0.03413418364 9.13725178e-20)
(0.9763119174 0.03765859817 0)
(0.9761633449 0.04110034755 -2.72205171e-20)
(0.9761577147 0.0444477748 7.902179549e-20)
(0.9762863494 0.04769110189 2.398325154e-20)
(0.9765397 0.05082276417 -3.104368423e-22)
(0.9769074716 0.053837497 -2.12259861e-20)
(0.9773789428 0.05673213371 7.838265421e-20)
(0.9779430947 0.05950543392 0)
(0.9785888006 0.06215808083 -3.554779428e-20)
(0.9793049013 0.06469244698 9.308606842e-20)
(0.9800802724 0.06711254787 -1.097697535e-21)
(0.9809038354 0.06942382034 -2.687986407e-20)
(0.9817645521 0.07163291658 4.757948856e-20)
(0.9826513498 0.07374735215 6.684343983e-20)
(0.9835530785 0.07577537485 -2.065388119e-20)
(0.9844583411 0.07772543774 9.342654293e-20)
(0.9853555975 0.07960609795 -5.06625003e-20)
(0.986232688 0.08142544526 0)
(0.9870775189 0.08319146316 0)
(0.9878766149 0.08491030775 -5.077161221e-20)
(0.9886176586 0.08658833908 -4.635045357e-20)
(0.9892850456 0.08822764566 -4.237175111e-20)
(0.9898678295 0.08983263625 -7.939570184e-20)
(0.9903464774 0.09139813114 8.902446686e-21)
(0.9907157974 0.09292796341 8.028433188e-21)
(0.9909476093 0.09440415544 -1.558716865e-20)
(0.991052935 0.09583527842 0)
(0.9909827194 0.09718001435 -5.345112794e-20)
(0.9907876597 0.09846541284 -1.028622098e-19)
(0.9903680766 0.09960574601 -1.948883738e-19)
(0.989865081 0.1006772669 9.402600767e-20)
(0.9890604603 0.1015074308 1.058635659e-21)
(0.9882921705 0.1022850512 9.331685861e-22)
(0.9870768653 0.1026670223 -1.109441354e-20)
(0.9861659358 0.1030779223 1.051743788e-20)
(0.9845098352 0.1028440488 0)
(0.9837000779 0.102853427 0)
(0.9815314764 0.1018087874 0)
(0.9812450223 0.1014633655 2.161823227e-20)
(0.9783807831 0.09938387938 -2.053547504e-20)
(0.9792949362 0.09887277798 -2.119468509e-20)
(0.9753284065 0.09548555454 -1.709903364e-19)
(0.978469058 0.09524106241 -2.659071068e-19)
(0.9726112031 0.09013283339 0)
(0.9794366926 0.09105798535 -2.434913117e-19)
(0.9703440162 0.08332987064 -6.574171895e-19)
(0.9826607341 0.08742301637 -6.650059275e-20)
(0.9685288089 0.07460966993 6.24280042e-20)
(0.9872792112 0.0866056648 -6.431969017e-20)
(0.9670583229 0.06201421332 5.34850805e-20)
(0.7443260958 -0.02808104473 2.160589858e-21)
(0.9520843537 -0.02435746333 -1.350909195e-21)
(1.00908197 -0.03431700271 3.676274874e-20)
(1.02087712 -0.02739114729 -6.467799921e-20)
(1.020508738 -0.03118193267 2.826761105e-20)
(1.02030205 -0.026489001 -6.926894642e-22)
(1.018900532 -0.02763024707 9.897188151e-22)
(1.017733094 -0.02458275716 -1.313715178e-21)
(1.016132652 -0.024103462 5.349964996e-21)
(1.014501487 -0.02178746139 -5.848416493e-21)
(1.012676363 -0.02040971252 -2.548706445e-21)
(1.010774182 -0.01825284652 1.770115701e-20)
(1.008775752 -0.01634986903 -3.792171316e-20)
(1.006718484 -0.01408334772 2.125498269e-20)
(1.004620573 -0.01181262409 2.938412002e-20)
(1.002503297 -0.009332297846 -3.340224299e-20)
(1.000389342 -0.006762331645 -3.175203038e-21)
(0.9982947926 -0.004041518189 4.084447437e-20)
(0.9962401955 -0.001211742803 -3.937801709e-20)
(0.9942397897 0.001738470167 -5.029455267e-20)
(0.9923076653 0.004790411379 -2.147571638e-21)
(0.9904559227 0.007938829636 2.479202865e-20)
(0.9887001896 0.01116861976 -1.813169602e-20)
(0.9870653765 0.01446765719 0)
(0.9855796381 0.01781998136 -3.32807633e-20)
(0.9842540514 0.02120914818 6.406878277e-20)
(0.9830850926 0.02461805122 -6.239856597e-20)
(0.9820711825 0.02803011667 1.396176574e-20)
(0.9812140033 0.03142862365 0)
(0.9805140328 0.03479748427 -4.264775106e-20)
(0.9799699958 0.03812144194 -1.394920836e-20)
(0.9795785768 0.04138649872 9.321753036e-22)
(0.9793348808 0.04458011214 0)
(0.979232487 0.0476913953 0)
(0.9792637529 0.05071154841 0)
(0.9794199929 0.05363374782 -1.941541998e-20)
(0.9796917268 0.05645329587 -5.687275427e-20)
(0.9800688641 0.05916744733 1.754195307e-20)
(0.9805408807 0.061775284 0)
(0.9810969207 0.06427773571 1.35179093e-20)
(0.9817258997 0.06667746057 -8.410225004e-20)
(0.9824165364 0.06897867021 1.293309094e-20)
(0.9831573888 0.07118689914 -5.93263198e-20)
(0.9839367847 0.07330876687 -1.025421183e-20)
(0.9847428558 0.07535169974 0)
(0.9855633081 0.07732339876 -3.564177631e-20)
(0.9863856593 0.07923194654 1.717006673e-20)
(0.9871966144 0.08108486108 -1.538318909e-20)
(0.9879830472 0.08288983353 1.353947544e-20)
(0.9887300947 0.08465244715 5.047036961e-20)
(0.9894245096 0.08637904004 2.34959605e-20)
(0.9900488846 0.08807078722 4.285154331e-20)
(0.990591842 0.08973256445 9.783389956e-21)
(0.9910311617 0.09135733343 3.492935541e-20)
(0.9913625927 0.09295052222 0)
(0.9915532368 0.0944901472 7.504168725e-21)
(0.9916183334 0.09598902745 -7.106935194e-21)
(0.9914995023 0.09739728144 1.060829546e-19)
(0.9912589407 0.09875214834 4.964979295e-20)
(0.9907775685 0.0999500022 4.926044613e-20)
(0.9902233962 0.1010898888 0)
(0.9893376432 0.101962792 1.354554779e-19)
(0.9885164489 0.1028057899 1.747276756e-19)
(0.9871930932 0.1032033943 8.707942319e-20)
(0.9862385008 0.1036777346 -7.359410064e-20)
(0.9844362371 0.1034153729 -1.044792483e-20)
(0.9836138483 0.1034933056 1.096179634e-20)
(0.9812421434 0.1023526023 -9.830424449e-20)
(0.9810119167 0.1020978275 8.164609856e-20)
(0.9778554694 0.09982256699 -1.788126062e-19)
(0.9789545489 0.09945584474 1.074708047e-20)
(0.9745556091 0.09572994884 -1.882155291e-19)
(0.9780945702 0.09573555187 1.427869673e-19)
(0.9715941052 0.09008941178 1.950641941e-20)
(0.9791293687 0.09144779244 2.450914995e-19)
(0.969115548 0.08291727574 -8.906036313e-22)
(0.9825116923 0.08771439435 1.640905032e-19)
(0.9671872098 0.0738141388 0)
(0.9872479494 0.08675172634 -3.018397308e-19)
(0.9657400707 0.06103834838 3.778342614e-19)
(0.7329050069 -0.02026356579 0)
(0.9458103891 -0.01587089054 3.001270168e-20)
(1.010011052 -0.0247659456 -2.820526105e-20)
(1.024473418 -0.01873878024 0)
(1.024783186 -0.02223551695 1.49501266e-20)
(1.024727355 -0.01805906013 -1.489593292e-20)
(1.02348328 -0.01926918437 -9.851927857e-22)
(1.022432658 -0.01653483428 5.63798425e-22)
(1.020951759 -0.01629947151 -3.177165644e-21)
(1.019430023 -0.01425893227 3.002795943e-21)
(1.017706015 -0.01318567701 4.006438463e-22)
(1.015892857 -0.01132659709 -4.007164714e-21)
(1.013971023 -0.009756274005 3.797640206e-21)
(1.011975738 -0.007818780857 1.04511988e-20)
(1.009923977 -0.005900947226 -9.031078158e-21)
(1.007834282 -0.003774210129 -9.453710833e-21)
(1.005728454 -0.001570918529 1.307058653e-20)
(1.003621112 0.000782082939 9.929380622e-21)
(1.001532356 0.003239156452 -1.183128804e-20)
(0.9994767122 0.005818579998 7.406607917e-21)
(0.9974691039 0.008501598049 -1.423555391e-20)
(0.9955211636 0.01128680158 2.122406207e-20)
(0.9936495984 0.01416114564 3.276072082e-21)
(0.991880251 0.01711565248 0)
(0.9902418052 0.02013668161 0)
(0.9887466325 0.02321034627 0)
(0.9873938884 0.02632149954 -6.557292355e-21)
(0.9861847322 0.0294552229 1.377712512e-20)
(0.9851234576 0.03259603955 -2.640961629e-20)
(0.9842132326 0.03572873048 1.319599483e-20)
(0.9834554776 0.03883849609 -6.538043612e-22)
(0.9828495305 0.04191137906 2.501277604e-20)
(0.982393008 0.04493453071 -3.826788515e-22)
(0.9820817984 0.04789645392 0)
(0.9819103195 0.05078739399 9.725928241e-21)
(0.9818716744 0.05359955454 1.031555777e-20)
(0.9819578583 0.05632700004 0)
(0.9821599622 0.05896560136 1.647584529e-20)
(0.9824683143 0.06151316939 1.484782007e-20)
(0.9828726261 0.06396929997 -5.817870979e-20)
(0.9833620955 0.06633539309 1.348316596e-20)
(0.9839254666 0.06861447407 0)
(0.9845510922 0.07081104101 -1.121609088e-20)
(0.9852268859 0.07293068867 3.189855091e-20)
(0.9859404028 0.07498004619 9.46018414e-21)
(0.9866785797 0.07696609956 2.680455212e-20)
(0.9874280942 0.07889629031 8.896040199e-21)
(0.9881745816 0.08077750842 1.478700225e-20)
(0.9889039673 0.08261711295 1.34698737e-20)
(0.9895999986 0.08441997483 -6.261103336e-21)
(0.9902485968 0.08619242375 -2.215816424e-20)
(0.9908304538 0.08793449288 1.521597917e-20)
(0.9913339477 0.08965166607 4.784684452e-21)
(0.9917339004 0.09133463087 -3.501709413e-20)
(0.9920274125 0.09299082403 1.971204658e-20)
(0.9921762619 0.09459345485 -6.527262823e-23)
(0.9922007824 0.09616055251 -3.079385955e-20)
(0.9920320239 0.09763211275 -4.611334137e-20)
(0.9917454417 0.09905758003 -4.972121584e-20)
(0.99120015 0.1003124421 3.590191059e-20)
(0.9905943744 0.1015224994 -1.687924253e-20)
(0.9896243643 0.1024366828 -5.733240308e-22)
(0.9887503566 0.1033477671 -1.3006875e-19)
(0.9873146022 0.1037577588 -3.842071077e-20)
(0.9863175666 0.1042997517 1.216750495e-19)
(0.9843632582 0.104002748 4.898838728e-20)
(0.9835313519 0.1041560667 -5.184022923e-21)
(0.9809487006 0.1029087304 8.810782146e-20)
(0.9807804935 0.1027557305 7.127117638e-23)
(0.9773216368 0.1002677918 8.845913469e-20)
(0.9786145981 0.1000628992 0)
(0.9737709356 0.09597314047 1.052844166e-20)
(0.9777196863 0.09625423565 6.174540686e-20)
(0.9705643758 0.09003599546 -9.913941694e-21)
(0.9788203917 0.09186042032 9.31449795e-21)
(0.9678782402 0.08248777631 1.89860399e-19)
(0.9823600092 0.08802316076 -8.281044304e-20)
(0.9658432879 0.07300239406 -8.514951058e-21)
(0.9872223805 0.08690378368 5.090695048e-20)
(0.9644178984 0.0600585774 -3.796654092e-19)
(0.7213614078 -0.01265223604 -2.809268798e-20)
(0.9383853248 -0.00791038141 1.099137174e-21)
(1.009661872 -0.01567380951 -1.524192342e-20)
(1.02717044 -0.01044999549 1.388811657e-20)
(1.028277553 -0.01363764858 2.497461761e-22)
(1.028383198 -0.009965344571 0)
(1.027297368 -0.01119010959 2.717849678e-22)
(1.026362186 -0.008769469496 0)
(1.024995592 -0.008724462498 0)
(1.023583795 -0.006936564357 -2.498676814e-21)
(1.021963955 -0.006126829884 1.124803474e-21)
(1.020246527 -0.004532092982 1.085560017e-21)
(1.018411202 -0.003255897067 8.449900919e-23)
(1.016490596 -0.001610307895 -5.580959811e-22)
(1.014500808 -7.753671811e-06 -7.984166363e-22)
(1.012458078 0.001802107319 2.750077002e-21)
(1.010383671 0.003673978916 -3.642525633e-21)
(1.008290562 0.005692783048 2.096451124e-21)
(1.006198441 0.007808402176 0)
(1.004120753 0.01004550124 0)
(1.00207225 0.01238472835 -6.16912921e-22)
(1.000064374 0.01482869626 -7.353219451e-21)
(0.998114611 0.01736587505 2.449235363e-21)
(0.9962491715 0.0199903283 0)
(0.9944968413 0.02269060596 6.35990871e-21)
(0.992870862 0.02545543718 -6.032352336e-21)
(0.9913724865 0.02827171905 6.58173162e-21)
(0.9900050427 0.03112640894 0)
(0.9887749857 0.03400557378 0)
(0.9876877994 0.036895247 -3.110736609e-21)
(0.9867473146 0.03978149058 2.879063121e-21)
(0.9859553189 0.04265086966 1.679500277e-20)
(0.9853118243 0.04549064178 -1.600486093e-20)
(0.9848149889 0.04828914716 0)
(0.9844613504 0.05103625897 -9.764411708e-21)
(0.9842458865 0.05372339531 9.215719528e-21)
(0.9841622367 0.05634374996 0)
(0.9842028451 0.05889225048 0)
(0.9843591075 0.06136555432 -1.877800187e-20)
(0.9846215183 0.06376214161 -3.372720244e-21)
(0.9849797745 0.06608229367 -6.281457901e-21)
(0.9854228496 0.06832795699 0)
(0.985939086 0.07050258554 3.301690486e-23)
(0.9865161544 0.07261088047 -1.012245881e-20)
(0.9871411823 0.07465862653 4.587130888e-21)
(0.9878004602 0.07665196483 4.215845034e-21)
(0.9884799382 0.07859779042 3.530944721e-22)
(0.989164255 0.08050223971 -1.09154596e-20)
(0.9898384818 0.0823723222 0)
(0.9904849751 0.08421205175 2.948364013e-21)
(0.9910889446 0.08602779024 1.672973001e-20)
(0.9916290705 0.08781817452 -1.530118515e-20)
(0.9920937113 0.08958948215 -2.336493172e-21)
(0.9924544252 0.09132965266 8.339366321e-21)
(0.9927101384 0.09304862544 -6.166616953e-21)
(0.992816632 0.09471389309 -8.982369435e-21)
(0.9928003083 0.09634979701 3.404752366e-20)
(0.9925802984 0.09788446695 -6.305834742e-21)
(0.9922472054 0.0993817978 0)
(0.9916358013 0.1006931141 0)
(0.9909779829 0.1019752813 2.25626825e-20)
(0.9899205207 0.102929178 -4.160251811e-20)
(0.9889937245 0.1039111919 2.981244858e-20)
(0.9874412178 0.1043301539 -4.069266331e-20)
(0.986402786 0.1049441341 -3.705703076e-20)
(0.9842907314 0.104606133 -4.100350843e-20)
(0.9834520145 0.1048417472 -1.804851426e-20)
(0.9806511364 0.103477062 -2.625785703e-21)
(0.9805498757 0.103436912 -7.929705757e-20)
(0.9767796442 0.1007194704 6.533553174e-20)
(0.9782737631 0.1006934659 0)
(0.9729753752 0.09621525321 -5.337126657e-21)
(0.9773424537 0.09679615805 8.239266362e-20)
(0.9695238594 0.08997313502 4.819741398e-20)
(0.9785070863 0.09229434341 2.562396123e-20)
(0.9666347805 0.08204228809 -1.904597401e-19)
(0.9822026437 0.08834778048 -8.944809857e-20)
(0.9644999645 0.07217469551 0)
(0.9872001837 0.08706196334 5.153031555e-20)
(0.9630946079 0.05907303396 -3.704567725e-21)
(0.7100109196 -0.005725788897 0)
(0.9300779841 -0.000480203679 -3.256933272e-22)
(1.008065602 -0.007036614733 2.670768806e-22)
(1.028983039 -0.002515697926 4.329820511e-22)
(1.031032105 -0.005395034624 1.701945554e-22)
(1.031324519 -0.002203551857 -1.686494222e-22)
(1.030401087 -0.003408532811 -1.105850396e-22)
(1.029578571 -0.001295388679 2.709194069e-22)
(1.028331823 -0.00139752739 9.074926943e-23)
(1.02703015 0.0001528655614 -8.616440537e-23)
(1.025514762 0.000737281998 0)
(1.023898224 0.00209506289 0)
(1.022156423 0.003110958346 -1.123226625e-22)
(1.020320196 0.004496840509 1.142660228e-23)
(1.018404922 0.005817703426 -1.72125807e-23)
(1.01642468 0.007343867484 -2.966265673e-22)
(1.014400145 0.008916785933 3.993647114e-22)
(1.012342486 0.01063287331 3.977833162e-22)
(1.010270855 0.01243667978 -1.103325137e-23)
(1.008197396 0.01435919413 5.612887392e-23)
(1.006136574 0.0163799606 1.02371301e-21)
(1.004099357 0.01850550764 1.458778566e-21)
(1.002103595 0.02072533946 7.757569693e-24)
(1.000175388 0.02303645082 -7.696734574e-23)
(0.9983433463 0.02542936157 0)
(0.9966212234 0.02789533902 0)
(0.9950118494 0.03042328784 1.358146695e-21)
(0.9935201987 0.03300217482 -8.249109082e-23)
(0.9921544502 0.03561978021 2.537984223e-21)
(0.9909220118 0.03826364576 -2.778212481e-21)
(0.9898288004 0.04092102074 2.44771549e-22)
(0.9888787935 0.0435793228 2.393547887e-21)
(0.988074207 0.04622637392 0)
(0.9874153771 0.04885074909 -2.159866496e-21)
(0.9869009052 0.0514421866 4.209455243e-21)
(0.9865276745 0.05399190408 0)
(0.986291055 0.05649253998 0)
(0.9861849508 0.05893824734 0)
(0.9862019921 0.0613249119 1.784900102e-22)
(0.9863336187 0.0636500836 6.665215983e-21)
(0.9865702097 0.06591309955 1.737056435e-22)
(0.9869011458 0.06811493703 4.520842758e-23)
(0.98731494 0.07025815763 5.414913682e-21)
(0.9877991675 0.07234650551 9.817615327e-21)
(0.9883406849 0.07438500209 -9.046926397e-21)
(0.9889252427 0.07637902479 0)
(0.9895382008 0.07833479991 7.74998066e-21)
(0.990163253 0.0802576716 0)
(0.9907847434 0.08215430837 -6.345706133e-21)
(0.9913836116 0.08402771451 4.648343889e-23)
(0.9919445187 0.08588435683 0)
(0.9924439857 0.08772119124 -4.819117441e-21)
(0.9928706365 0.0895455263 0)
(0.9931924015 0.09134201575 -2.272153062e-22)
(0.9934105913 0.09312368366 -7.712961013e-21)
(0.9934742305 0.09485128162 7.167323119e-21)
(0.9934168789 0.09655671241 -6.691032182e-21)
(0.9931442824 0.0981543093 1.24856534e-20)
(0.9927642201 0.09972489299 -5.850997336e-21)
(0.9920844573 0.1010920659 0)
(0.9913741419 0.102448402 0)
(0.9902259828 0.1034403413 4.308115459e-23)
(0.9892463429 0.1044962346 1.06168944e-20)
(0.9875727628 0.1049205998 0)
(0.9864937825 0.1056109768 -1.04880985e-20)
(0.9842185288 0.1052254753 0)
(0.9833752588 0.1055502952 6.276694496e-23)
(0.9803495285 0.1040574993 4.320847528e-23)
(0.9803192082 0.1041410953 2.058274092e-20)
(0.9762299729 0.1011775632 2.306708904e-20)
(0.9779307759 0.1013469362 0)
(0.97217004 0.09645649725 0)
(0.97696102 0.09736022622 -8.483170843e-23)
(0.9684744965 0.08990150245 -9.782730418e-20)
(0.9781869304 0.09274793483 -6.065947666e-20)
(0.9653879232 0.08158185358 -7.630130889e-23)
(0.9820366822 0.08868668121 -2.185962529e-20)
(0.9631602787 0.07133142342 0)
(0.9871789437 0.08722643492 -2.235583831e-20)
(0.9617730557 0.05807995824 -1.022842134e-19)
(0.6987654351 0.0006670334338 6.732765687e-20)
(0.9209272419 0.006439036077 -2.394738934e-20)
(1.005253625 0.001109445217 2.959108174e-22)
(1.029931062 0.005036805345 -1.116031716e-21)
(1.033089933 0.002460675025 9.840205457e-22)
(1.033606514 0.005206699814 1.239914523e-20)
(1.03285213 0.00404554043 -1.170516065e-20)
(1.032142118 0.005866036267 8.616618935e-21)
(1.031017462 0.005655379583 -8.434573828e-21)
(1.02982897 0.006981292908 5.923289952e-21)
(1.028422796 0.00737606521 -6.353050041e-21)
(1.026907873 0.008521170757 -3.382024278e-21)
(1.025264175 0.009308691849 1.080665909e-21)
(1.023519684 0.01046375171 2.077491716e-21)
(1.021688192 0.01153336624 -4.184665035e-23)
(1.019781972 0.01280583322 -2.634260513e-22)
(1.017821285 0.0141096181 -1.337091665e-21)
(1.015815515 0.01555226922 -1.031786184e-21)
(1.013783292 0.0170723496 4.53358918e-21)
(1.011735318 0.01870711133 -2.485386013e-21)
(1.009685675 0.02043441454 4.527205217e-21)
(1.007644618 0.02226458272 -5.036090263e-21)
(1.005630053 0.02418772805 -1.808700432e-21)
(1.003667638 0.02620364265 0)
(1.001785609 0.02830449696 4.700533669e-21)
(0.999997935 0.0304840077 -4.459386319e-21)
(0.998308582 0.03273298799 -1.275445547e-21)
(0.9967237096 0.03504243056 0)
(0.9952528146 0.03740190324 -2.172819443e-21)
(0.9939048447 0.0398006288 -1.311811823e-22)
(0.9926874664 0.04222724838 -2.008887258e-21)
(0.9916065524 0.0446703532 -2.402194633e-21)
(0.9906662992 0.04711857745 0)
(0.9898690497 0.04956107669 1.489084281e-20)
(0.9892153546 0.0519879823 -8.40696165e-21)
(0.9887039911 0.05439042827 -3.971374895e-21)
(0.9883320358 0.05676087155 3.760841535e-21)
(0.9880949384 0.05909314528 0)
(0.987986648 0.06138250751 6.810913329e-21)
(0.9879996731 0.06362585464 -6.416229596e-21)
(0.9881252159 0.06582177032 6.052945678e-21)
(0.9883532148 0.06797042832 0)
(0.988672502 0.07007355588 0)
(0.9890706955 0.07213412653 -4.83435165e-21)
(0.9895345257 0.07415640798 1.356258445e-22)
(0.9900493039 0.07614491849 -1.176785414e-20)
(0.9905999343 0.07810536067 1.457480477e-20)
(0.9911692177 0.08004217868 -1.336705289e-20)
(0.9917409025 0.08196173473 -5.927221961e-21)
(0.9922944854 0.08386586294 0)
(0.9928142577 0.08576124356 2.558662381e-21)
(0.9932744218 0.08764283455 2.408260629e-21)
(0.9936641857 0.08951926943 0)
(0.993947455 0.09137131044 7.6793557e-21)
(0.994128543 0.09321574299 0)
(0.9941488963 0.09500543401 -1.360296182e-20)
(0.9940504092 0.09678124867 -1.611458791e-21)
(0.9937238894 0.09844160509 1.791709353e-20)
(0.9932964231 0.1000869533 7.307176033e-21)
(0.992546019 0.1015093433 0)
(0.991782726 0.1029420145 0)
(0.9905406061 0.1039702313 0)
(0.9895079706 0.1051030337 0)
(0.9877090751 0.1055291099 2.705664527e-21)
(0.9865901595 0.106300318 -2.564742736e-21)
(0.9841465604 0.105860717 4.374639511e-20)
(0.9833004934 0.1062815728 2.082463815e-20)
(0.9800440129 0.1046499539 0)
(0.9800876434 0.1048678973 -1.031001484e-19)
(0.9756731836 0.101642074 9.503671102e-20)
(0.977584417 0.1020225812 7.947799236e-20)
(0.9713561258 0.09669716483 0)
(0.9765736413 0.09794523362 -7.530411024e-20)
(0.9674182742 0.08982187806 -5.442388485e-20)
(0.9778575735 0.09321949035 3.008015257e-20)
(0.9641404331 0.0811076217 4.969125187e-21)
(0.98185938 0.08903826822 1.725524875e-20)
(0.9618273366 0.07047306508 4.204106578e-22)
(0.987156258 0.08739738711 2.614135585e-20)
(0.9604560862 0.05707764807 1.025908083e-19)
(0.6881224155 0.00616095497 -2.294177604e-21)
(0.9112720652 0.01286957398 0)
(1.001283406 0.008728244955 4.331147765e-20)
(1.030059085 0.01217164941 -3.703416233e-20)
(1.034515565 0.009902778614 -9.812500946e-22)
(1.03530049 0.01224729961 0)
(1.034719692 0.0111481255 -1.602314847e-21)
(1.034120492 0.01269823023 1.385028837e-21)
(1.033117325 0.01241064652 -1.715302045e-20)
(1.032040481 0.01352817636 3.261181415e-20)
(1.030744444 0.01376747199 -1.287964751e-20)
(1.029336666 0.01471786079 0)
(1.027793356 0.01530782823 1.099828898e-21)
(1.026142718 0.0162578097 -8.292817504e-22)
(1.024401023 0.01710462842 3.197466864e-22)
(1.022577264 0.01815079481 -7.065197326e-22)
(1.020690857 0.01921278025 0)
(1.018749413 0.02040903337 -1.643278215e-21)
(1.016771277 0.02167169304 1.830870407e-21)
(1.014765625 0.02304420072 -4.349068172e-21)
(1.012746132 0.0245021886 2.707484439e-21)
(1.010722168 0.02605971242 1.63492282e-21)
(1.008711477 0.02770701671 1.813837042e-21)
(1.006739032 0.02944655442 0)
(1.004832564 0.03127185839 7.977893962e-21)
(1.003006016 0.03317894468 -3.883069009e-21)
(1.00126413 0.03516036322 0)
(0.9996138512 0.03720911761 0)
(0.9980656326 0.03931655386 4.55261918e-21)
(0.9966296019 0.04147365344 -1.268983826e-20)
(0.9953148449 0.04367059906 -4.216446603e-21)
(0.9941288267 0.045897315 1.956727561e-22)
(0.9930774705 0.04814356115 0)
(0.9921649087 0.05039936784 -8.336184671e-21)
(0.9913935118 0.05265536499 -1.497016619e-20)
(0.9907638296 0.05490315172 1.442700852e-20)
(0.9902746138 0.05713528757 1.382610856e-20)
(0.9899228648 0.05934541621 1.318071518e-20)
(0.9897038799 0.06152858562 1.250311547e-20)
(0.9896113204 0.06368123894 1.758769965e-20)
(0.9896373085 0.0658014183 -1.085053856e-20)
(0.9897724541 0.06788864926 -5.338660627e-21)
(0.9900060282 0.06994403121 -9.783784549e-21)
(0.9903258176 0.07196974372 3.630440848e-20)
(0.9907185419 0.073969438 -1.694616574e-20)
(0.9911691802 0.07594688556 2.382089157e-20)
(0.9916623011 0.07790719255 -1.461206726e-20)
(0.9921798621 0.07985388016 1.339979495e-20)
(0.9927051521 0.08179306858 -1.148923056e-20)
(0.9932161923 0.08372524861 -5.435051753e-21)
(0.9936971024 0.08565746403 1.690900201e-22)
(0.994119588 0.08758231975 4.113365406e-20)
(0.9944737988 0.08951013302 0)
(0.9947191799 0.09141709419 -4.660603017e-20)
(0.994863728 0.09332452904 3.197980825e-20)
(0.9948404274 0.09517615181 1.023912479e-20)
(0.9947007701 0.09702334794 0)
(0.9943189903 0.09874631373 -2.413424403e-20)
(0.9938437053 0.1004680553 0)
(0.9930203504 0.1019449841 0)
(0.992203566 0.103456247 2.723286156e-21)
(0.9908642202 0.1045188926 -2.581496036e-21)
(0.9897783234 0.1057316834 -3.562683132e-20)
(0.9878499869 0.1061556832 -4.745975717e-20)
(0.9866914949 0.107012134 7.666080751e-20)
(0.9840747669 0.1065117986 -3.864121181e-20)
(0.9832271288 0.1070353644 8.285886851e-20)
(0.9797347859 0.1052543552 9.181716462e-20)
(0.9798543561 0.1056168369 8.262024321e-20)
(0.9751099076 0.1021130479 -1.00866825e-19)
(0.9772335264 0.1027195647 -7.428469343e-20)
(0.9705348755 0.09693761648 0)
(0.9761786924 0.09854987779 6.707991536e-20)
(0.9663571746 0.08973512694 1.01834431e-19)
(0.9775168502 0.09370724921 -5.56995665e-21)
(0.9628950138 0.08062082096 1.010849938e-20)
(0.9816681794 0.08940093428 0)
(0.960504205 0.06960018064 0)
(0.9871297352 0.08757506227 7.985503261e-21)
(0.9591463958 0.05606449178 -7.744172357e-21)
(0.6773159501 0.0110746447 1.522006229e-19)
(0.9006399435 0.01880222279 0)
(0.9962245849 0.01583750621 -5.424010114e-21)
(1.029413838 0.01890149382 0)
(1.035371479 0.01694175336 -2.186439827e-21)
(1.036475389 0.01892549132 3.838372332e-21)
(1.036070636 0.01789705897 -4.926932871e-20)
(1.035578715 0.0191996383 4.969945996e-20)
(1.034693654 0.01885788912 3.806163712e-20)
(1.033724779 0.01978359652 -3.815955191e-20)
(1.032537293 0.01989523804 -2.712554191e-20)
(1.031235872 0.0206683274 2.581394675e-20)
(1.029794618 0.02108821483 -1.093311416e-21)
(1.028243415 0.0218531453 2.906825637e-21)
(1.026594588 0.02250342027 0)
(1.024856392 0.02334802346 -4.208423298e-22)
(1.023051375 0.02419370762 0)
(1.021183581 0.02516859855 0)
(1.019270821 0.02619815082 -2.973913394e-21)
(1.017320602 0.02733234081 2.135065339e-21)
(1.015346305 0.02854398434 0)
(1.01335638 0.02985082401 -1.748174499e-21)
(1.011368234 0.03124281293 0)
(1.009405994 0.03272493647 -2.554236565e-21)
(1.007496799 0.03429174915 7.688355888e-21)
(1.00565438 0.03594144014 4.133336391e-21)
(1.003883972 0.03766810707 -1.357911451e-20)
(1.002192973 0.03946667764 0)
(1.000592476 0.04133021124 0)
(0.9990934667 0.0432514784 -1.506030745e-20)
(0.9977061387 0.04522225463 1.507192556e-20)
(0.9964392509 0.04723397033 8.080458825e-21)
(0.9953001883 0.04927762471 1.546139668e-20)
(0.9942946408 0.05134432797 -2.995501787e-22)
(0.9934266226 0.05342564887 3.901265709e-22)
(0.9926983027 0.05551369129 -1.471708316e-20)
(0.9921100318 0.05760141444 -1.402926894e-20)
(0.991660295 0.05968271913 -4.328142153e-22)
(0.9913457449 0.06175256667 -1.25418748e-20)
(0.9911612221 0.06380722179 -4.622790571e-20)
(0.9910998277 0.06584440295 1.000618797e-21)
(0.9911529156 0.06786318249 -3.006844569e-20)
(0.9913102952 0.06986412434 1.498648894e-22)
(0.99156001 0.07184883949 2.557426556e-20)
(0.9918888848 0.07382041613 3.214899881e-20)
(0.9922816451 0.07578180672 0)
(0.992722641 0.07773772334 3.42069988e-20)
(0.9931930254 0.0796906608 1.86305384e-20)
(0.9936757754 0.08164659348 -2.223806327e-20)
(0.9941473853 0.08360448122 -4.215565602e-20)
(0.9945920282 0.08557192612 -4.825914501e-21)
(0.9949787071 0.08753878428 -6.724778106e-20)
(0.9952989151 0.08951748412 -2.831955749e-20)
(0.995507156 0.09147888618 2.695894166e-20)
(0.9956158578 0.09344974239 -2.844754939e-20)
(0.995548592 0.09536321985 5.786613145e-20)
(0.9953677957 0.09728293936 -6.142508319e-21)
(0.9949294215 0.0990683863 0)
(0.9944059156 0.1008682624 0)
(0.9935072863 0.1023990198 4.256014456e-20)
(0.9926364527 0.1039912075 0)
(0.9911966414 0.1050863659 0)
(0.990057089 0.1063822438 4.105782865e-20)
(0.9879953337 0.106800314 -4.705035521e-20)
(0.98679734 0.1077463443 -8.25989034e-20)
(0.9840031048 0.1071786576 1.063222953e-20)
(0.9831545564 0.107811377 -1.110739475e-20)
(0.9794220761 0.1058706469 -8.10195732e-20)
(0.9796185362 0.1063873473 -5.320527823e-21)
(0.9745408123 0.1025905691 -1.956406388e-19)
(0.9768770075 0.1034369658 0)
(0.9697075466 0.0971782742 0)
(0.9757746803 0.09917278931 1.135568572e-20)
(0.9652931324 0.08964218215 -1.0873442e-20)
(0.977162802 0.09420942512 0)
(0.9616542588 0.08012273591 0)
(0.9814607493 0.08977308584 0)
(0.9591938704 0.06871339189 -4.409197336e-19)
(0.9870970902 0.08775974389 0)
(0.9578464846 0.05503891685 0)
(0.6671719594 0.01598544019 0)
(0.8897901169 0.02427597298 -3.294539027e-21)
(0.9901751991 0.02246719279 8.977259543e-20)
(1.028015484 0.02525452872 -8.152662092e-20)
(1.035694408 0.02359811513 -2.301231612e-21)
(1.037180208 0.02525700795 -3.831149917e-21)
(1.036957048 0.02430008386 0)
(1.036570439 0.02537604483 -2.951983334e-21)
(1.035799871 0.02499484159 2.724206739e-21)
(1.034935052 0.02574428373 0)
(1.033853753 0.02575000396 0)
(1.03265673 0.02636165185 2.51697286e-20)
(1.031316917 0.02663497201 -2.396383244e-20)
(1.029865708 0.02723304812 -1.857000858e-20)
(1.028312296 0.02771005265 1.763973897e-20)
(1.026666076 0.02837310518 -7.914837742e-21)
(1.024947053 0.02902554202 8.617830999e-21)
(1.023156954 0.02980191141 2.688127052e-21)
(1.021317365 0.03062124617 -2.554370153e-21)
(1.0194326 0.03153972228 6.91266745e-22)
(1.017515396 0.03252662177 6.365952125e-22)
(1.015573137 0.03360363175 -5.013763501e-21)
(1.013622665 0.03476011892 9.648286905e-21)
(1.011687333 0.03600344348 -1.458291624e-21)
(1.009793645 0.03732892012 5.75346629e-21)
(1.007954976 0.03873672266 -2.378360308e-20)
(1.006176844 0.04022226764 5.855620861e-21)
(1.004466809 0.04178233963 0)
(1.002836344 0.04341159603 -2.691506064e-20)
(1.001297008 0.04510456552 6.353307738e-21)
(0.9998598265 0.04685464159 -1.430131902e-20)
(0.9985345687 0.04865479336 1.373056895e-20)
(0.9973298086 0.05049744769 -1.348940514e-20)
(0.9962525806 0.05237495908 -1.43915023e-20)
(0.9953083127 0.05427984476 1.370801723e-20)
(0.9945006248 0.05620517788 1.250079486e-20)
(0.9938313539 0.05814452847 1.277823846e-20)
(0.9933003647 0.06009213916 1.291926868e-22)
(0.9929056322 0.06204326312 -2.321053697e-20)
(0.9926431541 0.06399418129 2.261087712e-20)
(0.9925070332 0.06594250579 3.17405688e-20)
(0.9924894046 0.06788702116 1.027307735e-20)
(0.9925806864 0.06982798914 3.597787268e-20)
(0.9927692392 0.07176645089 -2.617873695e-20)
(0.9930420885 0.07370510819 -4.761778807e-20)
(0.9933837643 0.07564622856 -5.275935846e-22)
(0.9937785171 0.07759410455 -5.337035868e-20)
(0.9942067143 0.07955018086 -3.773098982e-20)
(0.9946511763 0.08152041679 9.070138258e-20)
(0.9950868017 0.08350203422 9.325223652e-20)
(0.9954980648 0.08550343713 -9.663306584e-21)
(0.995851032 0.08751129148 1.19785939e-21)
(0.9961389848 0.08954063871 3.243424459e-20)
(0.9963109601 0.09155616976 0)
(0.9963846276 0.09359105933 6.736401171e-21)
(0.9962731359 0.09556640613 -1.076056622e-19)
(0.9960512888 0.09755993735 0)
(0.9955549891 0.09940776371 0)
(0.9949828649 0.1012876204 4.783929627e-20)
(0.9940066325 0.1028714711 -4.778628425e-20)
(0.9930811367 0.1045469739 -8.054695311e-20)
(0.9915376622 0.1056726769 0)
(0.9903439168 0.1070547309 0)
(0.988144947 0.1074629884 8.423456958e-20)
(0.9869072284 0.1085028143 1.082989283e-20)
(0.9839315528 0.1078612375 -1.028406083e-20)
(0.9830821739 0.1086092533 -8.277248151e-20)
(0.9791061425 0.1064987908 1.865998265e-19)
(0.9793794016 0.1071787867 0)
(0.9739665847 0.1030747551 3.943774983e-19)
(0.9765138325 0.1041737914 -1.606088897e-19)
(0.9688753729 0.09741960451 4.182846959e-19)
(0.9753602461 0.09981255256 2.930354087e-19)
(0.9642279854 0.08954401878 -4.351412676e-19)
(0.9767936788 0.09472422895 2.427156022e-19)
(0.9604205856 0.07961467613 0)
(0.9812349864 0.09015315377 0)
(0.9578991427 0.0678133385 4.249714133e-19)
(0.9870561301 0.08795178664 1.764491095e-19)
(0.9565585465 0.05399942674 1.443511266e-20)
(0.6575882922 0.02005497983 0)
(0.8788185445 0.02931766548 -3.318244212e-21)
(0.9831946645 0.02860230034 -5.622004126e-21)
(1.025869096 0.03122331312 0)
(1.03551027 0.02986758659 7.489355614e-20)
(1.037454716 0.03124089512 -3.620544364e-21)
(1.037423376 0.03035560645 -1.137557223e-19)
(1.03714236 0.03122700216 5.207498142e-20)
(1.036483263 0.03081764944 -2.71539823e-21)
(1.035719029 0.0314069225 0)
(1.034741337 0.03132453699 3.206642614e-20)
(1.033646234 0.03178989708 -3.049621292e-20)
(1.03240649 0.03193699082 -3.14914973e-21)
(1.031054586 0.03238490791 0)
(1.029596904 0.03270950848 -1.684386442e-20)
(1.02804421 0.03320937141 1.42381744e-20)
(1.026414189 0.03368924167 0)
(1.024708945 0.03428610085 5.061516006e-21)
(1.022948376 0.03491602383 -7.1048229e-21)
(1.021135418 0.03563902575 2.172211166e-21)
(1.019282655 0.03642181245 -6.381375357e-22)
(1.017398623 0.03728898373 0)
(1.01549805 0.03822908167 3.150653058e-21)
(1.01360343 0.03925153917 1.071119226e-21)
(1.011740474 0.04035246902 0)
(1.009922069 0.04153389002 5.292729943e-21)
(1.008154016 0.0427923188 1.711333784e-20)
(1.006443807 0.04412628901 -2.284105061e-20)
(1.00480306 0.04553189712 2.429832e-20)
(1.003243671 0.04700537816 0)
(1.001777245 0.04854170399 1.347556576e-20)
(1.00041429 0.05013546409 1.242149393e-20)
(0.9991643334 0.05178048405 -1.142567629e-20)
(0.9980355207 0.05347048004 -2.483071478e-20)
(0.99703445 0.05519928042 -2.570975783e-20)
(0.9961660518 0.05696083179 2.276486679e-20)
(0.9954334511 0.05874956161 2.329700181e-20)
(0.9948377982 0.06056044264 2.248528957e-20)
(0.9943782991 0.06238908696 -6.176106121e-22)
(0.9940520586 0.06423205254 2.09952667e-20)
(0.9938541658 0.06608704701 3.897510792e-20)
(0.9937775424 0.06795275836 5.543739931e-20)
(0.993813255 0.06982925544 -5.362612261e-20)
(0.9939500089 0.07171724747 0)
(0.9941751216 0.07361913104 6.100807586e-20)
(0.994472951 0.07553642785 -8.413315299e-20)
(0.9948277661 0.0774732611 5.299459409e-20)
(0.9952191441 0.07942991477 -4.695663543e-20)
(0.9956299165 0.08141249723 -4.464418446e-20)
(0.9960332917 0.0834162637 -1.447919728e-21)
(0.9964143209 0.08545071504 -9.039732494e-21)
(0.9967358645 0.08749883694 1.005408307e-19)
(0.9969934851 0.08957886383 7.83433005e-21)
(0.9971301762 0.09164839255 5.575773344e-20)
(0.9971697261 0.0937481304 6.516770151e-21)
(0.9970137887 0.09578546048 4.367528633e-20)
(0.9967510258 0.09785423943 0)
(0.9961954736 0.09976437598 0)
(0.9955743292 0.1017261575 -4.242189181e-20)
(0.9945181719 0.1033623513 0)
(0.9935373364 0.1051236025 8.063003824e-20)
(0.9918870666 0.1062778493 1.027578705e-20)
(0.9906384295 0.1077491259 -9.738113256e-21)
(0.9882986551 0.1081436881 0)
(0.9870206673 0.1092813561 -1.078716908e-20)
(0.9838600903 0.1085594807 -6.786375161e-22)
(0.9830093691 0.1094285738 -9.252199084e-22)
(0.9787872549 0.1071387644 -3.641834184e-19)
(0.9791361986 0.1079904544 1.169846595e-20)
(0.9733879103 0.1035657541 -2.098655108e-19)
(0.9761430526 0.1049290034 1.608337291e-19)
(0.9680395439 0.09766211085 6.911393296e-21)
(0.9749341812 0.100467736 1.232863838e-20)
(0.963163449 0.08944163707 4.248848178e-19)
(0.97640796 0.09524990103 -2.430524767e-19)
(0.9591962111 0.07909795418 0)
(0.980989052 0.09053962408 0)
(0.9566226484 0.06690067211 1.736903647e-20)
(0.9870048447 0.08815160814 -1.768363131e-19)
(0.9552844628 0.05294454568 0)
(0.6483174788 0.0238994897 0)
(0.867387919 0.03393177513 1.320932483e-20)
(0.9753699769 0.03424748698 1.120433974e-20)
(1.022985792 0.03680902989 -1.628597051e-19)
(1.034845655 0.03575191441 1.440824303e-19)
(1.037338491 0.03688019727 4.029691023e-21)
(1.037513309 0.03606492735 7.196218548e-21)
(1.0373393 0.03675377396 6.395581241e-21)
(1.036788621 0.03632510683 0)
(1.036121484 0.03677041993 0)
(1.035244347 0.03661476886 4.40410348e-21)
(1.034248092 0.03694843722 0)
(1.033106262 0.03698686144 3.137293334e-21)
(1.031851967 0.03729994161 4.074550452e-20)
(1.030489257 0.03749068758 -5.575907495e-21)
(1.029030229 0.03784407432 -3.166652679e-20)
(1.027490295 0.03817017476 2.947697324e-21)
(1.025872219 0.03860523393 0)
(1.024194442 0.03906425811 0)
(1.022459611 0.03960964792 0)
(1.020679537 0.04020642707 -1.412686247e-21)
(1.018861647 0.04088182283 -4.219110891e-21)
(1.017019034 0.04162345139 -3.975986683e-21)
(1.015175275 0.04244253784 5.700113384e-21)
(1.013355494 0.0433355306 1.844130261e-20)
(1.01157131 0.04430596124 -7.098842767e-21)
(1.009828648 0.04535119085 -2.833106149e-20)
(1.00813461 0.04647171967 1.874745703e-20)
(1.006500774 0.04766488862 -2.266850681e-20)
(1.00493928 0.04892853541 8.651532365e-21)
(1.003462145 0.05025918269 2.237311165e-20)
(1.002080333 0.0516529738 -3.534146966e-20)
(1.000804101 0.05310520949 2.502685275e-20)
(0.9996424797 0.05461107273 2.490138278e-20)
(0.9986030265 0.05616558474 -2.298003408e-20)
(0.9976917577 0.05776396281 2.216122808e-20)
(0.9969129462 0.05940163545 -2.366434354e-20)
(0.9962688819 0.06107429437 2.016666273e-20)
(0.9957598733 0.0627782646 -2.16215397e-20)
(0.9953840656 0.06451052475 0)
(0.9951374844 0.06626907395 -3.907275426e-20)
(0.9950138103 0.06805265303 -3.683706093e-20)
(0.9950047675 0.06986137907 0)
(0.9950994232 0.07169561963 1.530523969e-20)
(0.9952854325 0.07355767371 4.249629983e-20)
(0.9955470024 0.07544845275 4.204681851e-20)
(0.9958685256 0.07737192447 1.271812144e-20)
(0.9962287641 0.07932717678 4.704295868e-20)
(0.9966107341 0.08132066638 -5.196502346e-20)
(0.9969858361 0.08334542622 -6.7665599e-20)
(0.9973399961 0.08541240389 0)
(0.9976325675 0.08750036137 -2.468136022e-21)
(0.9978619272 0.08963138763 -5.831948262e-20)
(0.997964405 0.09175497464 -5.58269708e-20)
(0.9979708402 0.09392058524 4.963947129e-20)
(0.9977702701 0.09602011831 0)
(0.9974667606 0.09816572688 8.709354346e-20)
(0.9968506335 0.1001381425 0)
(0.9961800521 0.1021838806 -7.98129594e-20)
(0.995041663 0.1038716615 0)
(0.9940047328 0.1057211157 1.010287035e-20)
(0.9922446193 0.1069018923 -9.577962018e-21)
(0.9909402225 0.10846537 1.542077164e-19)
(0.9884562863 0.1088423915 0)
(0.9871371601 0.1100817384 1.479668484e-19)
(0.9837887103 0.1092733374 -1.653909189e-19)
(0.9829355433 0.1102688694 0)
(0.9784656908 0.1077905591 -1.1591253e-21)
(0.9788882101 0.1088216008 -1.660658835e-19)
(0.9728054577 0.1040637362 -1.170935494e-20)
(0.9757637993 0.1057015304 3.224493597e-19)
(0.9672011761 0.09790631525 -4.152854538e-19)
(0.9744954233 0.101136911 -2.94501207e-19)
(0.9621010814 0.08933603703 0)
(0.9760043448 0.09578472987 -2.660014261e-19)
(0.9579831056 0.07857385533 2.155016373e-20)
(0.9807213557 0.09093104305 1.994639829e-20)
(0.9553667617 0.06597600938 -1.940539591e-20)
(0.9869413746 0.08835971396 -1.672282187e-20)
(0.9540257241 0.05187285757 1.551019658e-21)
(0.6397766777 0.02744212255 9.553138612e-21)
(0.8563088504 0.03816723 -6.603137591e-21)
(0.9668390706 0.03939537699 -5.582211536e-21)
(1.01939109 0.04200677345 1.613361984e-19)
(1.033732847 0.0412481542 -1.427378357e-19)
(1.036876046 0.04217600757 -1.200965759e-20)
(1.037274057 0.04142957862 -1.432957779e-20)
(1.037207828 0.04195883217 -6.386031581e-21)
(1.036761152 0.04151852465 0)
(1.036186448 0.04183622636 -7.772132717e-20)
(1.035405507 0.04161998849 1.352258751e-21)
(1.034503872 0.04183602797 6.468635067e-20)
(1.033456629 0.041781007 6.714570488e-21)
(1.032297041 0.041973305 4.277203125e-20)
(1.031027346 0.04204648426 -7.618526826e-20)
(1.029660836 0.04226838392 3.377170451e-20)
(1.028210807 0.04245748949 -2.935841293e-21)
(1.026680828 0.04274672741 0)
(1.025087771 0.043051761 -3.539688338e-21)
(1.023434213 0.0434360335 8.262951015e-21)
(1.021731295 0.04386350411 -5.698586473e-21)
(1.019985694 0.04436335516 0)
(1.018209985 0.04492235593 8.790130535e-22)
(1.016426536 0.04555390803 1.734532595e-21)
(1.01465981 0.04625415066 -3.091361275e-21)
(1.012920024 0.04702849612 -7.486477221e-21)
(1.011214893 0.04787464473 1.135943261e-21)
(1.009551008 0.04879470341 2.745186418e-20)
(1.007939147 0.04978705316 -1.806150598e-20)
(1.006391562 0.05085099074 -3.231573949e-20)
(1.004920358 0.05198470538 -2.242125405e-20)
(1.003536727 0.05318596211 2.288104168e-20)
(1.002251485 0.05445136156 0)
(1.001074476 0.0557776133 -2.17007338e-20)
(1.000013912 0.05716123197 2.304192587e-20)
(0.999076706 0.0585984916 -2.265701141e-20)
(0.9982681227 0.06008598817 1.971168482e-20)
(0.9975913944 0.0616204891 -2.180024171e-20)
(0.9970478181 0.06319902273 1.930698562e-20)
(0.9966364789 0.06481919434 0)
(0.9963542678 0.06647947723 0)
(0.996195558 0.06817882581 -3.38522969e-20)
(0.9961527343 0.06991750603 0)
(0.9962151923 0.07169577474 4.366890938e-20)
(0.9963709773 0.07351593044 -7.203627547e-20)
(0.9966041327 0.07537820029 0)
(0.9968992657 0.07728669541 0)
(0.997234284 0.07923916995 4.36616198e-20)
(0.9975925668 0.08124266473 4.161002188e-20)
(0.9979435638 0.08328770486 1.113392747e-19)
(0.9982743959 0.08538709086 -6.693117328e-20)
(0.9985405746 0.0875147616 -6.374348705e-20)
(0.9987438648 0.08969740549 5.132326736e-20)
(0.9988132675 0.09187531168 6.683658349e-21)
(0.9987876582 0.09410803377 -6.180640082e-20)
(0.9985422916 0.09627010074 1.146562061e-20)
(0.9981982254 0.09849426436 -8.717134283e-20)
(0.9975202076 0.1005289722 0)
(0.9967997471 0.1026607775 1.571028019e-19)
(0.9955768476 0.104399396 0)
(0.9944829824 0.1063395131 0)
(0.9926100727 0.1075448113 0)
(0.9912488643 0.1092033684 -2.81902424e-21)
(0.9886176564 0.1095590694 1.628724225e-19)
(0.9872561862 0.1109036824 -1.237926665e-20)
(0.9837173997 0.1100027567 1.859330613e-19)
(0.9828601018 0.111129626 -1.632935797e-19)
(0.9781417235 0.1084541798 3.80506962e-19)
(0.978634761 0.109671444 1.543756686e-19)
(0.9722198671 0.1045688901 1.132094031e-20)
(0.9753752936 0.1064902938 -6.483524691e-19)
(0.9663613034 0.0981527517 -2.36476631e-20)
(0.9740430655 0.1018186788 -2.7430496e-19)
(0.9610422738 0.08922820514 2.271466751e-20)
(0.9755817612 0.09632708092 -2.887445142e-19)
(0.9567829892 0.07804362199 1.136247382e-21)
(0.980430573 0.09132604635 3.561939915e-19)
(0.9541336178 0.0650399342 9.600678402e-19)
(0.9868640736 0.08857669227 0)
(0.9527834525 0.05078294573 9.585041147e-19)
(0.6314188391 0.03007484106 2.809969855e-19)
(0.8449852421 0.04200061548 -2.019300058e-19)
(0.9577038582 0.04409105978 -1.759254264e-19)
(1.015123481 0.0468462651 3.124087347e-19)
(1.032204437 0.04638196243 -2.916372912e-19)
(1.036110402 0.0471523589 1.378001974e-19)
(1.036750738 0.04646974942 7.137690935e-21)
(1.036791791 0.04685922888 6.258023429e-21)
(1.036442963 0.04641115156 -8.198901596e-20)
(1.035954533 0.04661507286 5.516334247e-21)
(1.035263971 0.0463473984 7.358265458e-20)
(1.034451544 0.04645784495 5.946027391e-20)
(1.03349443 0.04632146552 -6.324837728e-20)
(1.032425585 0.0464050302 -3.795939277e-20)
(1.03124591 0.04637427503 4.993192761e-21)
(1.029969663 0.04647764825 3.898563289e-20)
(1.028608239 0.04654424813 -3.317453794e-21)
(1.027166071 0.04670167783 -5.206282568e-21)
(1.025658438 0.04686773815 3.526383939e-21)
(1.02408803 0.0471056596 -1.02358116e-20)
(1.022465225 0.04737901731 9.119015877e-21)
(1.020796073 0.04771833751 5.041846708e-22)
(1.019092565 0.04810969572 -1.305588001e-21)
(1.017376214 0.04856820242 -1.726493151e-21)
(1.015670805 0.04908983021 6.411891818e-21)
(1.013986185 0.04968143977 3.060246886e-21)
(1.012329749 0.05034153534 -2.0151336e-20)
(1.010707685 0.0510733557 -1.100658158e-20)
(1.009130008 0.05187642492 1.620699129e-20)
(1.007609466 0.05275152642 -1.974586541e-20)
(1.006158968 0.05369778604 5.990948879e-20)
(1.004788888 0.05471472759 1.708932389e-21)
(1.003510558 0.05580011731 2.019042545e-20)
(1.002334318 0.05695235396 2.175728879e-20)
(1.001268739 0.05816940802 0)
(1.000321489 0.05944882636 0)
(0.9994987636 0.06078847203 -2.282578177e-20)
(0.9988045089 0.0621861208 1.956568075e-20)
(0.9982408668 0.0636397686 -1.999848174e-20)
(0.9978077426 0.06514774557 -3.671740588e-20)
(0.9975028009 0.06670917203 1.746183419e-20)
(0.9973210114 0.06832331944 3.392475248e-20)
(0.9972554105 0.06999083111 -1.555160942e-20)
(0.9972956643 0.07171182447 -4.502958648e-20)
(0.9974302402 0.07348881603 -1.349710679e-20)
(0.997642974 0.07532146819 1.276414157e-20)
(0.997918797 0.07721408662 -1.150079764e-20)
(0.9982346765 0.07916302093 -3.285398099e-20)
(0.9985745608 0.08117617198 0)
(0.9989057539 0.08324123452 -8.218579101e-20)
(0.99921694 0.08537332842 7.537045196e-20)
(0.9994593908 0.0875409086 0)
(0.9996389016 0.08977609474 0)
(0.9996764053 0.09200878628 0)
(0.9996198777 0.09431007366 0)
(0.9993295559 0.09653512002 0)
(0.9989451376 0.09883970161 -1.037582642e-20)
(0.9982039129 0.1009367636 9.758998826e-20)
(0.9974331002 0.103156812 -8.671595175e-20)
(0.9961234419 0.1049455339 0)
(0.9949717088 0.1069787602 -9.664050682e-21)
(0.992983165 0.1082065992 9.162736978e-21)
(0.9915639066 0.1099629909 -1.416058421e-19)
(0.9887825838 0.1102936912 -1.622836236e-19)
(0.9873772289 0.1117468731 -1.141826558e-20)
(0.9836461499 0.1107476913 0)
(0.9827824681 0.1120102931 1.634410137e-19)
(0.9778156161 0.1091296373 1.932887698e-19)
(0.978375219 0.1105391778 0)
(0.971631736 0.1050814129 -1.191849754e-20)
(0.9749768407 0.1072942155 3.361639024e-19)
(0.9655208561 0.09840194878 0)
(0.9735763426 0.1025116849 2.968775062e-19)
(0.9599882285 0.08911909268 0)
(0.9751393403 0.09687540707 9.802953527e-19)
(0.9555973034 0.07750842853 0)
(0.9801156064 0.09172335654 -3.373757777e-19)
(0.9529250704 0.06409295485 -9.621415331e-19)
(0.9867714577 0.08880323177 1.507330706e-19)
(0.9515583536 0.04967343218 -9.46090948e-19)
(0.6233172493 0.03287383428 9.263974365e-21)
(0.8334558564 0.0454470461 -6.288950625e-21)
(0.9480329916 0.048408417 5.344983021e-21)
(1.010190559 0.05136699821 -1.489545091e-19)
(1.030258297 0.05119236309 1.492132736e-19)
(1.035055774 0.05184201535 -7.592090155e-21)
(1.035965619 0.05121340085 -6.80572148e-21)
(1.036116767 0.0514781253 9.014772461e-20)
(1.035861501 0.05102162714 -1.022139382e-19)
(1.035454474 0.05112211235 0)
(1.03484924 0.05080833474 7.586819117e-20)
(1.034121151 0.05082259998 -5.019801749e-21)
(1.033249929 0.05061375637 -6.259905836e-20)
(1.032267881 0.05059842001 -4.38135821e-20)
(1.031175035 0.0504746971 4.72177279e-21)
(1.029986392 0.05047043924 3.108959976e-20)
(1.028711716 0.05042675864 3.308359187e-21)
(1.027356308 0.05046443028 1.050630179e-20)
(1.025933917 0.05050454079 0)
(1.024447489 0.05060909519 -6.343638531e-21)
(1.022906625 0.05074189366 7.233831619e-21)
(1.021316885 0.05093415705 -5.023273877e-22)
(1.01968966 0.05117154098 3.136427757e-21)
(1.018045613 0.05147046062 -2.57705588e-21)
(1.016407813 0.05182677943 7.415543426e-21)
(1.014785801 0.05224858093 0)
(1.013186931 0.05273496042 0)
(1.011616927 0.0532902498 0)
(1.010085426 0.0539148781 9.316811727e-21)
(1.0086048 0.05461112997 -5.091066866e-20)
(1.007187748 0.05537935882 1.873501355e-20)
(1.005844758 0.05622026615 -3.801885898e-20)
(1.00458669 0.05713371956 -2.168077734e-20)
(1.003425991 0.05811839503 1.917957237e-20)
(1.002370316 0.05917450325 1.939144861e-20)
(1.001428054 0.06030039341 -1.841772903e-20)
(1.000606053 0.06149541511 -5.890481636e-20)
(0.9999087391 0.06275874979 0)
(0.9993389627 0.06408922967 -3.58858355e-20)
(0.998897379 0.06548606825 -1.769791416e-20)
(0.9985823277 0.06694919121 -1.620432663e-20)
(0.9983892349 0.06847828427 0)
(0.9983117785 0.07007445356 1.495824553e-20)
(0.9983397996 0.07173788716 -8.332131201e-20)
(0.9984622141 0.07347141559 1.321708995e-20)
(0.9986625941 0.07527403512 1.201410805e-20)
(0.9989262739 0.07715058666 -2.242350122e-20)
(0.9992291976 0.07909583174 3.076224171e-20)
(0.9995560685 0.08111884496 -1.91947028e-20)
(0.9998718525 0.08320413054 -6.755779075e-20)
(1.000167154 0.08536965259 1.549301697e-20)
(1.000388606 0.08757766071 -2.881343865e-20)
(1.000546678 0.08986662097 1.339372726e-20)
(1.00055349 0.09215477292 -1.198457016e-20)
(1.00046719 0.09452629136 1.133653029e-20)
(1.000131764 0.09681488094 0)
(0.9997071875 0.09920187292 0)
(0.9989014516 0.1013614071 -7.784635635e-20)
(0.9980797669 0.1036719277 -8.125377731e-20)
(0.9966811507 0.1055100476 8.137627464e-20)
(0.9954705124 0.1076387959 1.415020443e-19)
(0.9933636201 0.1088872389 0)
(0.991884876 0.1107440698 -9.873914567e-21)
(0.9889508695 0.1110462137 1.691667685e-19)
(0.9874997574 0.1126109547 -1.23456426e-20)
(0.9835749423 0.1115080907 1.854933127e-19)
(0.9827020819 0.1129102901 0)
(0.9774876184 0.1098169496 -3.962840091e-19)
(0.978109002 0.1114239861 3.439851547e-19)
(0.9710416184 0.1056015073 0)
(0.9745678368 0.1081122406 2.483161546e-20)
(0.9646806639 0.09865442534 -5.037320086e-19)
(0.9730946362 0.1032146388 6.461461595e-19)
(0.9589399688 0.08900960849 -4.703784028e-20)
(0.9746764216 0.09742827115 -4.696152307e-19)
(0.9544272352 0.07696937536 0)
(0.9797755987 0.09212180672 0)
(0.9517427193 0.06313551432 1.012820236e-18)
(0.9866622646 0.08904011777 -1.676385104e-19)
(0.9503507647 0.04854291317 1.5324976e-20)
(0.6158928765 0.03571662871 -2.832811668e-19)
(0.8224171584 0.04857238475 0)
(0.9379520662 0.05234951177 0)
(1.004594135 0.05555957208 -1.345109453e-19)
(1.027881292 0.05568140917 5.265510018e-21)
(1.033716938 0.05624754143 1.370265515e-19)
(1.034932777 0.05566649085 1.112896808e-19)
(1.035200824 0.05582203845 -1.91658842e-19)
(1.035037251 0.05535685528 9.365024289e-20)
(1.034708541 0.05536413349 0)
(1.034184888 0.05500878529 -1.689451914e-20)
(1.033537332 0.05493563695 7.311208945e-21)
(1.032748495 0.05466172399 -4.330343321e-20)
(1.031849799 0.05455621372 4.399150439e-21)
(1.030840843 0.05434878419 7.247257816e-20)
(1.029737172 0.05424639037 -2.666082726e-20)
(1.028547225 0.0541029195 0)
(1.027277143 0.054031326 -2.454718672e-20)
(1.025939274 0.0539568624 1.832362671e-20)
(1.024536926 0.05393943556 -2.851212374e-21)
(1.023078959 0.05394363777 0)
(1.021570576 0.05400086226 0)
(1.020022591 0.05409658157 -4.445707234e-23)
(1.018454868 0.054248139 4.878841319e-21)
(1.016889765 0.0544513927 -8.01103383e-21)
(1.015336615 0.05471541703 0)
(1.01380265 0.05503976134 -6.97344015e-21)
(1.012293098 0.05542982037 1.79798e-20)
(1.010817167 0.05588681545 2.179272941e-20)
(1.009386992 0.05641431387 1.654906972e-20)
(1.008015046 0.0570138408 -1.688837683e-20)
(1.006711751 0.05768727123 1.699817554e-20)
(1.005487949 0.05843588451 -1.799423262e-20)
(1.00435584 0.05926006786 0)
(1.00332368 0.06016090331 -1.940461102e-20)
(1.002399822 0.06113877151 1.940472683e-20)
(1.001592217 0.06219391868 1.818794264e-20)
(1.000905592 0.06332650792 0)
(1.000343044 0.06453662892 3.596212547e-20)
(0.9999059174 0.06582442933 -1.699992221e-20)
(0.9995930284 0.0671908494 1.124764044e-19)
(0.9994001143 0.06863602736 1.531117927e-20)
(0.9993215285 0.07016172793 2.782552423e-20)
(0.9993471717 0.07176816201 9.579753606e-20)
(0.9994663987 0.07345868342 4.903498448e-20)
(0.9996624733 0.07523171157 -2.363056952e-20)
(0.9999211869 0.07709270436 0)
(1.000217367 0.07903471827 0)
(1.000536649 0.08106835171 -5.307071917e-20)
(1.000841459 0.08317451786 5.078790738e-20)
(1.001124673 0.08537460881 0)
(1.001327883 0.08762388398 0)
(1.00146688 0.08996815572 0)
(1.001444216 0.09231264976 0)
(1.00132929 0.09475627164 -7.271095627e-20)
(1.00094861 0.09710908508 -6.684911899e-23)
(1.000484045 0.09958059975 8.508884943e-23)
(0.9996125046 0.1018027809 -9.048162582e-21)
(0.9987393699 0.1042060407 6.276034482e-20)
(0.9972496516 0.1060928896 -6.385914824e-20)
(0.995978964 0.108319525 -2.788065092e-19)
(0.9937511519 0.1095867009 0)
(0.9922112927 0.1115464048 0)
(0.9891223156 0.1118165882 -1.69909199e-19)
(0.9876232501 0.113495539 -1.444997976e-19)
(0.9835037571 0.1122838989 -1.647480227e-19)
(0.9826184074 0.1138290105 -2.16448766e-20)
(0.9771579628 0.1105161309 1.084413596e-20)
(0.9778355773 0.112325047 -3.333529349e-19)
(0.9704500174 0.1061293706 0)
(0.974147762 0.1089433397 -3.282456953e-19)
(0.9638414487 0.09891067563 9.192897028e-19)
(0.972597457 0.1039263214 -5.744878583e-19)
(0.9578983334 0.08890060226 9.773516673e-19)
(0.9741925187 0.09798434671 4.739406102e-19)
(0.9532737091 0.07642747078 0)
(0.9794098817 0.09252033164 3.39715709e-19)
(0.950587989 0.06216795968 -9.963601951e-19)
(0.986535299 0.08928823809 0)
(0.9491606944 0.04739000562 1.97868054e-18)
(0.6087839135 0.03824247154 8.233596781e-21)
(0.8117251983 0.05141989851 -1.807871389e-19)
(0.9276040099 0.05593412883 4.341637179e-21)
(0.9983655079 0.05943155151 1.242247269e-19)
(1.025072586 0.05985949238 0)
(1.032106447 0.06037631987 -7.30605259e-21)
(1.033672022 0.05983815412 6.217440273e-21)
(1.034065845 0.05989887862 8.92528165e-20)
(1.033992844 0.05942435667 -1.639924631e-19)
(1.033739761 0.05934789817 1.462922973e-19)
(1.033294205 0.05895464683 -1.215731891e-19)
(1.032723651 0.0588020961 1.07247169e-19)
(1.032013859 0.05846936888 -5.231412355e-20)
(1.031195211 0.05828154438 -1.080197068e-20)
(1.03026724 0.05799834436 3.978457239e-20)
(1.029245856 0.05780619429 -4.131599271e-20)
(1.02813846 0.05757200623 0)
(1.02695198 0.05740033828 0)
(1.025697518 0.05722120436 1.404518147e-20)
(1.024378808 0.05709180954 -1.33697046e-20)
(1.023004036 0.05697799289 0)
(1.021578168 0.05691081354 0)
(1.020111469 0.05687585932 4.433415448e-23)
(1.018623085 0.05689108071 0)
(1.017134689 0.0569523704 -2.765185598e-21)
(1.015655489 0.05706965477 0)
(1.014192569 0.05724287525 -5.311390255e-21)
(1.012750675 0.05747835812 6.991283318e-21)
(1.011338575 0.05777803273 -2.673703793e-20)
(1.009968076 0.05814661715 -1.475833754e-20)
(1.008651313 0.05858671115 1.654215035e-20)
(1.00739854 0.05910142715 1.764940172e-20)
(1.006220534 0.05969323744 1.832884442e-20)
(1.005129398 0.06036408646 0)
(1.004133667 0.06111629564 0)
(1.003241678 0.06195150338 1.832797745e-20)
(1.002461492 0.06287140049 6.59522968e-22)
(1.001798225 0.06387748147 -1.710552385e-20)
(1.001255358 0.06497097439 0)
(1.000834749 0.0661534359 0)
(1.000535817 0.06742578707 -6.349804444e-20)
(1.000354224 0.06878917956 -5.794791203e-20)
(1.00028499 0.0702461092 -8.450128884e-20)
(1.000317905 0.07179703804 -2.493792703e-20)
(1.000442787 0.07344590073 -7.310512984e-20)
(1.000642498 0.07519041226 -2.272213904e-20)
(1.000903363 0.0770370308 2.040747318e-20)
(1.001198961 0.07897685802 -3.797383152e-20)
(1.001516069 0.08102240764 8.861852894e-20)
(1.001814314 0.08315055654 0)
(1.002089243 0.08538676908 -5.61777245e-20)
(1.002276946 0.08767846349 6.410185137e-20)
(1.002399231 0.09007988219 -3.791861721e-22)
(1.002348286 0.09248180257 -9.70805552e-20)
(1.002205867 0.09499959805 1.727146971e-19)
(1.001779769 0.09741743212 -9.594896912e-21)
(1.001275352 0.09997568989 0)
(1.000336729 0.1022607554 8.853488783e-21)
(0.9994115035 0.1047590463 -8.381464259e-21)
(0.9978286067 0.1066940018 1.354806226e-19)
(0.9964966086 0.1090208192 2.791234481e-19)
(0.9941454526 0.1103049356 6.720159705e-22)
(0.9925426507 0.112369755 -1.486145758e-19)
(0.9892967077 0.1126047472 0)
(0.987747181 0.1144002011 1.399919002e-19)
(0.9834325652 0.1130750507 9.944597547e-21)
(0.9825309334 0.1147658272 3.329322479e-19)
(0.976826866 0.1112271929 -4.027957376e-19)
(0.9775544648 0.113241543 3.092726097e-19)
(0.9698573916 0.1066651928 4.321888819e-19)
(0.9737161845 0.1097865252 3.51615159e-19)
(0.9630038365 0.09917116798 5.009472221e-19)
(0.9720844451 0.1046455972 5.570489707e-19)
(0.9568639991 0.08879286455 -9.549812873e-19)
(0.9736873178 0.09854243216 -4.964807803e-19)
(0.9521374262 0.07588363553 1.045179256e-18)
(0.9790179757 0.09291797018 -3.60242352e-19)
(0.9494617778 0.0611905512 -1.890815537e-20)
(0.9863900042 0.08954862225 3.150003196e-19)
(0.9479875848 0.04621303591 -1.982931966e-18)
(0.6021601373 0.04049192062 -2.640462755e-19)
(0.801572417 0.05401712218 1.753311074e-19)
(0.9171067226 0.05917232555 -1.436177327e-19)
(0.9915378526 0.06298546624 1.420008836e-19)
(1.021829788 0.06373259502 1.17235257e-19)
(1.030234995 0.06423362299 -2.158966946e-19)
(1.032202161 0.06373666284 9.27712923e-20)
(1.032732937 0.06371617204 5.217337537e-21)
(1.032750046 0.06323194046 0)
(1.032570105 0.06308065564 0)
(1.032199223 0.06265263468 0)
(1.031702208 0.06242800341 -5.843500063e-20)
(1.031068116 0.06204171391 8.886739639e-20)
(1.030326204 0.06177857122 -3.771794474e-20)
(1.029476243 0.06142634273 0)
(1.028534342 0.0611517837 -2.75398561e-20)
(1.027507146 0.06083466718 2.62108124e-20)
(1.026402281 0.06057093765 -1.762031791e-20)
(1.025229787 0.06029575031 4.80213127e-23)
(1.023993853 0.06006312502 1.253964087e-20)
(1.022702072 0.05984053745 -5.271100858e-21)
(1.021359268 0.05965835755 5.015829947e-21)
(1.019975204 0.05950248631 0)
(1.018568386 0.05939119932 0)
(1.017159827 0.0593205509 9.534763564e-21)
(1.015758694 0.05930114128 -6.443700136e-21)
(1.014371931 0.05933325483 1.101898155e-20)
(1.013003832 0.05942406938 1.106553474e-21)
(1.011662711 0.05957616318 2.719700793e-20)
(1.010359989 0.05979528907 -1.404071709e-20)
(1.009107391 0.06008503925 3.077840048e-20)
(1.007914937 0.06044966618 -1.541321368e-20)
(1.006793235 0.06089284924 -1.709776989e-20)
(1.005754184 0.06141796745 -1.763535808e-20)
(1.004806389 0.06202838646 -1.726291017e-20)
(1.003958059 0.06272731622 3.3916552e-20)
(1.003217477 0.06351775474 0)
(1.002589889 0.0644023459 6.663031097e-20)
(1.002078998 0.065383535 -3.203410295e-20)
(1.001686717 0.06646382252 -9.294498678e-20)
(1.001412713 0.0676453521 -2.904957724e-20)
(1.00125302 0.06892990099 5.80039348e-20)
(1.001203155 0.07032145238 5.265041254e-20)
(1.001252662 0.0718191094 2.630367132e-20)
(1.001391781 0.07342834346 9.430996129e-20)
(1.001602909 0.07514621001 -2.184218187e-20)
(1.001872928 0.07698028397 0)
(1.002173997 0.07891952911 0)
(1.002494267 0.08097880839 1.62898295e-20)
(1.002790297 0.08313047416 -7.4318173e-20)
(1.003060694 0.08540475708 6.968156865e-20)
(1.003235582 0.08774032628 -5.170195253e-20)
(1.003343482 0.09020101134 -2.28054465e-20)
(1.003265417 0.09266163816 1.06876737e-19)
(1.003096597 0.09525586037 -8.896628138e-20)
(1.002624901 0.09773962395 9.06530435e-21)
(1.00208072 0.1003869374 1.248517121e-22)
(1.001073752 0.1027351862 -7.371657954e-20)
(1.000095721 0.1053308061 1.180282638e-19)
(0.9984176481 0.1073133012 -1.360023361e-19)
(0.9970229624 0.1097425155 3.527313228e-21)
(0.9945462055 0.1110418769 1.391863574e-19)
(0.9928784389 0.1132138452 1.399746128e-19)
(0.9894738293 0.1134106076 0)
(0.9878710339 0.1153244826 -4.374667409e-19)
(0.9833613331 0.1138814642 8.852033337e-22)
(0.9824391763 0.115720091 -3.43340905e-19)
(0.9764945268 0.1119501323 3.914591313e-19)
(0.977265237 0.1141726608 -6.569390343e-19)
(0.9692641518 0.1072091453 -4.091398222e-19)
(0.9732727489 0.1106408478 -2.325054113e-20)
(0.9621683581 0.09943633258 -9.40947556e-19)
(0.9715553475 0.1053714131 3.198948031e-21)
(0.9558374848 0.08868711515 0)
(0.973160637 0.09910144187 0)
(0.9510188602 0.0753386924 -1.024983903e-18)
(0.9785995262 0.09331390752 3.443906446e-19)
(0.9483660378 0.06020346285 0)
(0.9862233892 0.0898221865 -3.158259561e-19)
(0.9468323267 0.04501061824 3.341102513e-20)
(0.5956374767 0.04232048081 0)
(0.7917139668 0.05635104714 -9.739119653e-21)
(0.9065587732 0.06208379907 -1.340426345e-19)
(0.9841605551 0.06623335267 1.245006161e-19)
(1.018154016 0.06731140906 -1.092968209e-19)
(1.028112634 0.06782855774 2.074761881e-19)
(1.030541196 0.06737297581 -9.236395054e-20)
(1.031222196 0.06728336683 -4.010243009e-22)
(1.031329314 0.06678892173 -6.134359313e-20)
(1.031219974 0.06657077764 4.096288641e-21)
(1.030920237 0.06611044896 5.889730743e-20)
(1.030493231 0.06582021933 6.504214698e-21)
(1.029931399 0.06538475562 -3.090657229e-20)
(1.029262854 0.06505246408 3.97354596e-20)
(1.028487835 0.06463688663 -3.038435069e-20)
(1.027622518 0.06428629345 3.681291608e-21)
(1.026673023 0.06389286748 2.400386444e-20)
(1.025647595 0.06354398454 4.120578954e-21)
(1.024555389 0.06318010476 4.39007666e-22)
(1.023401055 0.06285181591 7.898657379e-21)
(1.022191685 0.06252849987 -4.936185963e-21)
(1.020932047 0.06223950277 -9.788123403e-22)
(1.019631443 0.06197128914 0)
(1.018307814 0.06174223273 -1.80510213e-21)
(1.016981556 0.06154859606 0)
(1.015661858 0.06140154409 0)
(1.01435554 0.06130171224 9.962731476e-21)
(1.013066485 0.061257009 -2.405142233e-20)
(1.011802541 0.06127062136 -1.137528502e-21)
(1.010574716 0.06134926036 0)
(1.009394279 0.06149740819 -3.15634484e-20)
(1.008270941 0.06172047341 1.432780607e-20)
(1.007215088 0.06202315134 0)
(1.006238273 0.06241016824 -3.41168825e-20)
(1.005348996 0.06288620932 3.205136649e-20)
(1.004555336 0.06345562173 3.149807991e-20)
(1.003865537 0.064122733 0)
(1.003284843 0.06489157172 -3.272925516e-20)
(1.002817067 0.06576563494 6.231426674e-20)
(1.002464166 0.06674843049 6.169087829e-20)
(1.002225987 0.06784333513 5.881250028e-20)
(1.002098692 0.0690526216 -2.731897106e-20)
(1.002077801 0.07038116128 -7.818877314e-20)
(1.00215268 0.07182829235 -2.310165463e-20)
(1.002314343 0.07340133027 0)
(1.002544371 0.07509536796 2.044972119e-20)
(1.002830256 0.07691934167 7.389765131e-20)
(1.003142692 0.07886015258 -1.770491818e-20)
(1.003471356 0.08093546324 0)
(1.003769408 0.08311258319 5.896102472e-20)
(1.004038927 0.08542726254 0)
(1.004203625 0.08780844828 0)
(1.004299391 0.09033078666 0)
(1.004195322 0.09285158547 7.673325556e-20)
(1.004001131 0.09552465537 0)
(1.00348364 0.09807536478 -8.578713577e-21)
(1.002899719 0.1008141231 8.116336693e-21)
(1.001823174 0.1032259195 1.277287996e-19)
(1.00079154 0.1059211569 -1.345501957e-19)
(0.9990163837 0.1079506852 7.652697207e-21)
(0.997557511 0.1104844074 3.889291218e-21)
(0.9949530667 0.1117974266 -2.830484176e-19)
(0.9932181249 0.1140783545 0)
(0.989653447 0.1142340578 1.626379767e-19)
(0.9879942953 0.116267888 2.88279712e-19)
(0.9832900194 0.1147030373 1.074062241e-20)
(0.9823426822 0.1166911352 -2.161016462e-20)
(0.9761611314 0.1126849306 -3.857124194e-19)
(0.9769675198 0.1151175966 3.095286682e-19)
(0.9686706728 0.1077613806 4.665824844e-19)
(0.9728171793 0.1115054057 -2.586030499e-20)
(0.9613354682 0.09970656321 9.661417543e-19)
(0.9710100174 0.106102804 -5.861122466e-19)
(0.9548191858 0.08858400987 0)
(0.9726124264 0.0996604153 0)
(0.9499183403 0.07479338262 0)
(0.9781543273 0.09370724782 3.722214152e-19)
(0.9472979528 0.05920687671 -2.127787684e-18)
(0.9860433729 0.09011032609 -3.005279685e-19)
(0.9456888055 0.04378091787 0)
(0.5892705393 0.04380253921 2.251109075e-19)
(0.7822066992 0.05848083669 8.473954469e-22)
(0.8960762681 0.06470966974 0)
(0.9762902926 0.06919880418 0)
(1.014042004 0.07061356464 0)
(1.025742055 0.07117607804 -6.046331007e-21)
(1.028701679 0.0707621879 0)
(1.029549604 0.07061314436 -7.680703144e-20)
(1.029747789 0.07010724109 5.926961558e-20)
(1.029706952 0.06982866501 0)
(1.029475031 0.06933751603 0)
(1.029114617 0.06898705621 4.36282434e-20)
(1.028621632 0.06850575258 -4.664533366e-20)
(1.028023106 0.06810947762 -3.226818097e-20)
(1.027319929 0.06763513857 3.068355589e-20)
(1.026528245 0.06721389105 0)
(1.025653869 0.06674964492 -1.786784468e-20)
(1.024705577 0.06632145957 1.288252643e-20)
(1.023691822 0.06587512035 3.101556777e-21)
(1.02261771 0.06545760453 0)
(1.021489919 0.06504041376 -4.309211377e-21)
(1.020313233 0.06465168603 9.77504675e-22)
(1.019096546 0.06427858542 1.082384297e-21)
(1.017857299 0.06393939348 1.802104703e-21)
(1.016615313 0.063630717 0)
(1.015379856 0.06336414154 4.353470502e-21)
(1.014157646 0.06314065143 2.272936064e-20)
(1.012952192 0.06296882618 -3.301443278e-20)
(1.011770872 0.06285242694 2.761327826e-20)
(1.010624261 0.06279903604 -2.622074101e-20)
(1.00952313 0.06281397842 1.48821367e-20)
(1.008476837 0.06290368902 1.559261599e-20)
(1.007495472 0.06307393709 3.174616461e-20)
(1.006590139 0.06333071204 6.548028145e-20)
(1.00576915 0.06367968295 6.986200631e-22)
(1.005040288 0.06412668999 -3.276895788e-20)
(1.004411644 0.06467727114 3.158254699e-20)
(1.003888322 0.06533652047 -3.154418034e-20)
(1.00347408 0.06610923497 -8.048806934e-22)
(1.003170831 0.06699984841 -5.740091864e-20)
(1.002978455 0.06801295704 -5.474829933e-20)
(1.002893159 0.06915137534 0)
(1.002910495 0.07042102343 0)
(1.003019663 0.07182134612 6.979419501e-20)
(1.003211898 0.07336076062 -2.046300546e-20)
(1.003467837 0.07503328629 0)
(1.003776122 0.07685060513 -3.268079652e-21)
(1.004105574 0.0787963092 0)
(1.004447536 0.08089040623 -5.876092036e-20)
(1.00475173 0.08309531865 -6.649015187e-20)
(1.005023914 0.08545306652 1.262138478e-20)
(1.005180927 0.08788187506 1.094867399e-20)
(1.005266725 0.09046850007 -8.877842379e-20)
(1.005137695 0.09305110626 -7.675127946e-20)
(1.00491909 0.09580559269 7.469960905e-20)
(1.004355579 0.09842436147 -8.092988602e-21)
(1.003731873 0.1012570111 0)
(1.002584543 0.10373278 -1.801244719e-19)
(1.001498431 0.1065298959 0)
(0.9996243862 0.1086060196 1.284594062e-19)
(0.9980997121 0.1112462502 -1.395256028e-19)
(0.9953656791 0.1125714605 1.979348983e-20)
(0.9935611688 0.1149629203 -8.097356077e-21)
(0.9898353217 0.115074957 -1.625666397e-19)
(0.988116462 0.1172298823 9.064221808e-21)
(0.9832185796 0.1155396377 0)
(0.9822410277 0.1176782682 3.174420985e-19)
(0.9758268552 0.1134315414 -1.932545871e-21)
(0.976660984 0.1160755499 -3.099234439e-19)
(0.968077298 0.1083220204 -4.671689885e-19)
(0.9723492706 0.1123793356 -2.6111802e-20)
(0.9605055558 0.0999822078 -9.428398839e-19)
(0.9704483963 0.1068388831 0)
(0.9538093872 0.08848413323 2.496265365e-20)
(0.9720427311 0.1002184946 -4.794516644e-20)
(0.9488359465 0.07424835267 2.406605507e-20)
(0.9776822284 0.09409785064 -6.737065712e-19)
(0.9462628053 0.05821287916 4.218785315e-18)
(0.9858364942 0.09037684288 6.02637216e-19)
(0.944565179 0.04254904705 0)
(0.5830997957 0.04538275206 0)
(0.7727643774 0.06041524333 1.692316137e-20)
(0.8856640916 0.06705539709 1.119639142e-19)
(0.9679752196 0.07188295496 -1.038649466e-19)
(1.009485916 0.07364093027 -9.086673458e-20)
(1.02311987 0.07428007427 3.885856367e-21)
(1.02669162 0.07391186595 3.830818629e-21)
(1.02772746 0.07371356094 1.332162906e-19)
(1.028019413 0.07319605454 -3.694301216e-21)
(1.028045761 0.07286318727 -5.42297662e-20)
(1.027878785 0.072342596 0)
(1.027581841 0.07193667924 0)
(1.027154462 0.07141228342 0)
(1.026622727 0.07095643041 6.831731769e-21)
(1.025988344 0.07042701968 0)
(1.02526737 0.0699395823 0)
(1.024465515 0.06940896526 2.96353987e-20)
(1.02359202 0.06890630977 -2.819167895e-20)
(1.022654812 0.06838261009 0)
(1.021659439 0.06788124669 1.045065565e-20)
(1.020612263 0.06737595122 -6.173945285e-21)
(1.019518138 0.06689347372 6.560589774e-22)
(1.018385603 0.06642186929 -2.951539274e-21)
(1.017231654 0.0659791897 0)
(1.016075584 0.06556242901 -2.068011763e-20)
(1.014926784 0.06518352624 -8.702859713e-21)
(1.013791884 0.06484385885 -1.444500791e-20)
(1.012674073 0.06455257801 4.639238139e-20)
(1.011580246 0.06431400326 -2.806471679e-20)
(1.010520526 0.06413653374 4.099875653e-20)
(1.009505164 0.06402625971 1.625214361e-20)
(1.008543105 0.06399063971 -6.154073324e-20)
(1.007644086 0.06403634652 -3.290024289e-20)
(1.006818674 0.06417056028 -2.105881018e-22)
(1.006074919 0.0644001882 -6.405459953e-20)
(1.005420181 0.06473210626 -3.227242659e-20)
(1.00486227 0.06517306895 -6.343844583e-20)
(1.004406011 0.06572944793 -1.558860299e-22)
(1.004055004 0.06640709242 -2.958438765e-20)
(1.003811 0.06721139306 5.781541443e-20)
(1.003673777 0.06814814077 2.778130742e-20)
(1.003639464 0.0692207155 -2.53230951e-20)
(1.003703584 0.07043608236 7.096586883e-20)
(1.003855063 0.07179386578 -4.537943542e-20)
(1.004085467 0.07330369141 2.173757561e-20)
(1.004374493 0.07495838378 1.927018872e-20)
(1.004711545 0.07677187086 -5.404016915e-20)
(1.005063298 0.07872434949 -1.614099239e-20)
(1.005423356 0.08084140264 3.029370909e-21)
(1.005737472 0.08307721565 2.918746933e-21)
(1.006015615 0.08548104419 -5.647968961e-20)
(1.006167361 0.08795972938 1.075816697e-20)
(1.006245226 0.09061349094 8.78024246e-20)
(1.006092205 0.0932596969 -1.743507855e-20)
(1.005850047 0.0960982937 -5.802910874e-20)
(1.005240265 0.09878632603 0)
(1.004576648 0.1017153492 5.533819873e-20)
(1.00335737 0.1042555775 1.395403508e-20)
(1.002215811 0.1071567855 -1.150814877e-19)
(1.000241188 0.109279137 -2.360693304e-19)
(0.9986489808 0.1120277429 0)
(0.9957836556 0.113363809 1.185412566e-20)
(0.9939070101 0.1158671268 1.050820463e-21)
(0.9900191984 0.115933123 -1.793978696e-20)
(0.9882370368 0.1182098867 8.951073477e-21)
(0.9831469653 0.1163910987 0)
(0.982133822 0.1186807754 -3.175749885e-19)
(0.9754918708 0.1141898908 3.99085855e-19)
(0.9763453671 0.1170457262 3.600798969e-19)
(0.9674843536 0.1088911553 -2.395136571e-20)
(0.9718688905 0.1132618154 2.636122625e-20)
(0.959678967 0.100263572 -1.017816662e-18)
(0.9698705136 0.1075788423 0)
(0.9528083025 0.08838801059 -1.03019111e-18)
(0.9714517012 0.1007749463 -2.346670088e-20)
(0.9477720713 0.07370421344 0)
(0.9771852764 0.09448684356 0)
(0.9452533172 0.05722090894 -4.288798521e-18)
(0.9856142241 0.09062119212 -2.836836089e-19)
(0.9434552463 0.04131611438 -1.824931577e-20)
(0.5771468293 0.04707513238 3.583805723e-19)
(0.7638662093 0.06220291028 -8.096987615e-21)
(0.8754416831 0.06912563366 5.931502816e-21)
(0.9592990719 0.07429407995 1.832566441e-19)
(1.004497566 0.07639811354 -1.729684638e-19)
(1.020252593 0.07714564788 0)
(1.02452604 0.0768296418 1.286627797e-19)
(1.02577303 0.0765924982 -1.207528022e-19)
(1.026161245 0.07606424299 0)
(1.026252715 0.07568302327 5.233824105e-21)
(1.026147126 0.0751344861 0)
(1.02590999 0.07467748292 3.923319116e-21)
(1.025544571 0.07411226411 -5.593225937e-20)
(1.02507614 0.07360054385 4.630162595e-20)
(1.024507316 0.07301894996 4.540504709e-21)
(1.02385403 0.07246892846 3.365171724e-20)
(1.023122034 0.07187541168 -5.119531516e-20)
(1.02232097 0.07130214652 3.898995727e-20)
(1.021458391 0.07070516558 -1.488205653e-20)
(1.02054026 0.0701242944 -2.13861926e-21)
(1.019572708 0.06953558006 0)
(1.018560698 0.06896434643 -2.409069235e-21)
(1.017512467 0.06839961372 -9.702306015e-21)
(1.016444605 0.06785909716 1.100098568e-20)
(1.015375921 0.06734031136 -1.519678983e-20)
(1.01431596 0.06685544337 1.818686972e-20)
(1.013271282 0.06640628387 -1.212448227e-20)
(1.012244795 0.06600252003 -1.239227857e-20)
(1.011242903 0.06564902202 0)
(1.010275264 0.06535492773 -2.915657179e-20)
(1.00935158 0.06512707052 4.683991233e-20)
(1.008480309 0.06497381379 -6.130280613e-20)
(1.007670824 0.06490278679 3.155052774e-20)
(1.006933117 0.06492223374 -6.370736311e-20)
(1.006274784 0.06504000497 3.177957414e-20)
(1.005702691 0.06526438231 0)
(1.005224308 0.0656031403 9.23660647e-20)
(1.004844032 0.06606359754 -5.894203978e-20)
(1.004565213 0.06665286298 2.845331037e-20)
(1.004389331 0.06737718098 1.247402314e-21)
(1.004315953 0.06824351031 0)
(1.004341013 0.06925577217 -2.447071454e-20)
(1.004459927 0.0704220932 -2.367405081e-20)
(1.004661248 0.0717420535 0)
(1.004936785 0.07322669987 0)
(1.005265283 0.07486768903 0)
(1.005637011 0.07668124595 -1.620669088e-20)
(1.006016619 0.07864423597 1.534422063e-20)
(1.006399363 0.0807864494 5.564091126e-20)
(1.006726995 0.08305556665 5.021731251e-20)
(1.007014201 0.08551021639 4.510779533e-20)
(1.007162753 0.08804120903 0)
(1.007234596 0.09076516399 0)
(1.007058485 0.09347689452 0)
(1.0067935 0.09640239367 0)
(1.006137194 0.09916097127 0)
(1.005433437 0.1021888631 -5.533282729e-20)
(1.004141103 0.1047940932 1.11169406e-19)
(1.002943035 0.1078015414 1.082032663e-19)
(1.000866284 0.1099698289 1.22681237e-19)
(0.999204697 0.1128285365 -1.451470316e-20)
(0.9962065863 0.114174261 1.085290256e-20)
(0.9942550736 0.1167905041 -1.328081397e-19)
(0.9902048119 0.1168083276 -9.838687652e-22)
(0.9883555312 0.1192072718 -2.737139419e-19)
(0.9830751278 0.1172572068 -1.064321579e-20)
(0.9820207066 0.1196979079 3.247813591e-19)
(0.9751563503 0.1149598602 -2.370132756e-20)
(0.9760204549 0.1180273244 -3.13346176e-19)
(0.9668921553 0.1094688362 -9.131431452e-19)
(0.9713759731 0.1141520503 -6.750489236e-19)
(0.9588560188 0.100550912 9.936377036e-19)
(0.9692764722 0.1083219363 2.673692653e-20)
(0.9518160882 0.08829610209 1.056687228e-18)
(0.9708395273 0.1013290607 -2.375101492e-20)
(0.9467257886 0.07316107937 2.350299254e-20)
(0.9766643199 0.09486693274 6.985706887e-19)
(0.944268012 0.05623624653 2.156928943e-18)
(0.9853767212 0.09084518172 3.051130403e-19)
(0.9423604676 0.04008314708 1.622089621e-20)
(0.5710989749 0.04801777561 1.091908418e-20)
(0.7552341173 0.06378698903 6.185158533e-21)
(0.8654527921 0.07097705282 -1.10580025e-20)
(0.9503604117 0.0764702991 -1.642483179e-19)
(0.9990964147 0.07891681921 2.898518372e-19)
(1.017145866 0.07979972957 -1.315540528e-19)
(1.022218362 0.07954047574 0)
(1.02370221 0.07927146617 0)
(1.024188885 0.07873095874 0)
(1.024342461 0.07830455257 -5.243299137e-21)
(1.024293812 0.07772760217 6.304141328e-20)
(1.024112132 0.07722187618 -6.37134212e-20)
(1.023804536 0.07661653531 0)
(1.023395622 0.07605114523 0)
(1.02288896 0.07541889477 2.730073423e-20)
(1.022300296 0.07480862312 -9.373606669e-21)
(1.021635524 0.07415445702 -2.032150189e-20)
(1.020904611 0.07351330362 -1.853033332e-21)
(1.020114851 0.07284596612 2.752511811e-21)
(1.019272585 0.07218888914 -3.458626546e-21)
(1.018383778 0.07152042817 0)
(1.01745353 0.07086441594 1.752716699e-21)
(1.016489816 0.07021097211 1.55796027e-20)
(1.015508849 0.0695774098 -1.480963787e-20)
(1.014528997 0.06896179 0)
(1.013559976 0.06837652033 0)
(1.012608285 0.06782386065 1.211013817e-20)
(1.011676585 0.06731395904 0)
(1.010770785 0.06685223506 -4.532568188e-20)
(1.009900063 0.0664485284 2.811792401e-20)
(1.009073495 0.06611038707 -1.533274408e-20)
(1.008299133 0.06584701686 6.35415603e-20)
(1.00758584 0.06566677848 3.22960634e-20)
(1.006942915 0.06557907943 -7.870305758e-22)
(1.006377479 0.0655929117 3.092765872e-20)
(1.00589586 0.06571735913 0)
(1.005505006 0.06596130654 -3.078900885e-20)
(1.005208868 0.06633320757 8.799967632e-20)
(1.005010435 0.06684111521 -2.625228044e-22)
(1.004910812 0.06749215866 8.099276245e-20)
(1.004909263 0.06829442464 0)
(1.005001424 0.06925236299 0)
(1.005182549 0.0703752303 0)
(1.005440702 0.07166263019 6.091278778e-20)
(1.00576791 0.07312705184 -3.792392898e-20)
(1.006141829 0.07475878047 1.766660574e-20)
(1.006553601 0.07657665145 6.145991493e-20)
(1.006965763 0.07855401087 -5.536143076e-20)
(1.007375652 0.08072525925 -6.198339682e-20)
(1.007720656 0.08303084679 1.176985259e-20)
(1.008019865 0.08553760107 9.963212532e-21)
(1.008167137 0.08812559459 -7.115784646e-20)
(1.00823445 0.0909229618 -3.628117991e-22)
(1.008036095 0.09370227922 -6.53227128e-20)
(1.007748888 0.09671754423 6.896211008e-21)
(1.00704578 0.09954801025 -6.52300316e-21)
(1.006301559 0.1026772573 -1.015626911e-19)
(1.004935125 0.1053480822 1.035747798e-19)
(1.003679394 0.108463832 -6.623584769e-21)
(1.00149911 0.1106778372 6.276392681e-21)
(0.9997661923 0.1136482134 1.04940729e-19)
(0.9966340272 0.1150025452 3.621445828e-21)
(0.9946047633 0.1177325167 1.240280642e-19)
(0.9903918798 0.1177002841 9.198996764e-21)
(0.9884714633 0.1202213516 5.626742597e-19)
(0.9830030182 0.1181376973 -3.559952831e-19)
(0.9819013575 0.1207288812 -1.461073174e-21)
(0.9748204734 0.115741288 0)
(0.975686082 0.119019535 3.612902754e-19)
(0.9663010233 0.1100550713 9.153023353e-19)
(0.970870521 0.1150492703 1.330033259e-18)
(0.9580370225 0.1008444389 -1.017115186e-18)
(0.9686664508 0.1090674783 0)
(0.9508328836 0.08820882454 0)
(0.9702065404 0.1018804051 5.272713036e-19)
(0.9456970174 0.07262201137 -2.221297062e-18)
(0.976120123 0.09522825797 -1.472121768e-18)
(0.9433061749 0.05526503012 2.090767242e-21)
(0.9851234586 0.09104970856 -5.931392195e-19)
(0.9412816161 0.03885075467 0)
(0.5650937931 0.04895648018 2.7488291e-19)
(0.7463616677 0.06514074073 1.72492781e-19)
(0.8556111213 0.07267283497 -2.94240808e-19)
(0.9412173034 0.07844792827 1.367541798e-19)
(0.9932786521 0.08123212133 -1.128901938e-19)
(1.01377967 0.08227063458 1.099888132e-19)
(1.019759918 0.08207107743 -9.066108836e-20)
(1.021513346 0.08177374454 8.056788941e-20)
(1.022104043 0.08121698284 -3.861108873e-21)
(1.022318655 0.0807455601 6.109896899e-20)
(1.022323918 0.08013750267 -5.475286593e-20)
(1.02219446 0.07958315316 0)
(1.02194147 0.07893650991 -3.23268308e-20)
(1.021589071 0.07831789191 3.070022279e-20)
(1.021141829 0.0776350062 -1.379683285e-21)
(1.0206153 0.07696545939 1.148512655e-21)
(1.020015615 0.07625164558 -4.590832596e-22)
(1.019353018 0.07554419728 0)
(1.018634659 0.07480837997 -1.527653751e-21)
(1.01786723 0.0740773894 8.413384986e-22)
(1.017056598 0.07333186202 -1.67276299e-20)
(1.016208018 0.07259418568 1.250907907e-20)
(1.015329254 0.07185558629 5.221862196e-21)
(1.014436162 0.0711329254 0)
(1.013546697 0.07042492803 0)
(1.012670767 0.0697441427 2.782576719e-20)
(1.01181481 0.06909332921 3.185182287e-21)
(1.01098127 0.06848308219 -4.364679557e-20)
(1.010175562 0.06791935925 6.043213452e-20)
(1.009406315 0.06741269506 1.548378101e-20)
(1.008682065 0.06697122569 0)
(1.00801028 0.06660492465 -6.556347195e-20)
(1.007399294 0.06632309909 -5.17435455e-22)
(1.006857697 0.06613600399 3.264074583e-20)
(1.006391972 0.06605345214 0)
(1.006007891 0.066085796 3.116251034e-20)
(1.005711848 0.06624274579 -3.773704346e-23)
(1.00550728 0.06653352712 -2.911851313e-20)
(1.005396673 0.06696737701 -5.564933014e-20)
(1.005380706 0.0675521636 -2.629185476e-20)
(1.005458249 0.06829706245 0)
(1.005624557 0.06920699284 -6.887523683e-20)
(1.005874655 0.07029244023 2.178211324e-20)
(1.006196051 0.07155279985 -4.047388874e-20)
(1.006580939 0.07300221115 0)
(1.007005764 0.07462959265 -6.484220028e-20)
(1.007462593 0.0764563797 1.164994007e-20)
(1.007911627 0.07845227777 5.44863605e-20)
(1.008352451 0.08065654826 4.872341446e-20)
(1.008718068 0.08300219296 -1.103513722e-20)
(1.00903246 0.08556493486 9.233774668e-21)
(1.009180606 0.08821032362 6.183706974e-20)
(1.009244582 0.09108623255 0)
(1.009024494 0.09393545564 5.767112145e-20)
(1.008715552 0.09704340907 6.330132145e-21)
(1.007965353 0.0999471544 4.014388395e-20)
(1.007180239 0.1031802054 1.010626354e-19)
(1.005738739 0.1059172614 -1.031005838e-19)
(1.004424103 0.1091432687 9.541319561e-20)
(1.002139053 0.1114028492 -5.920178504e-21)
(1.000332753 0.1144862921 -4.862448736e-21)
(0.9970655018 0.1158483302 2.396057627e-19)
(0.9949554617 0.1186925599 8.437605683e-21)
(0.9905801061 0.1186086407 -8.017389907e-21)
(0.9885843591 0.1212513739 -2.887537974e-19)
(0.982930592 0.1190322399 3.560192381e-19)
(0.9817754856 0.1217728608 -3.13430539e-19)
(0.9744844335 0.1165339542 4.068472073e-19)
(0.975342144 0.1200215257 -2.550812068e-20)
(0.965711293 0.1106498171 9.546099391e-19)
(0.9703526051 0.1159527133 -6.791461423e-19)
(0.9572223009 0.101144313 1.044937765e-18)
(0.9680406987 0.1098148208 6.126228316e-19)
(0.9498588423 0.08812653168 2.623911942e-20)
(0.9695532025 0.1024292146 -5.520177775e-19)
(0.9446853117 0.07209005204 2.223471446e-18)
(0.9755554876 0.09556842191 1.467414528e-18)
(0.9423650167 0.05430594446 0)
(0.9848550648 0.091235422 2.873732583e-19)
(0.9402186893 0.03761935902 1.881902309e-20)
(0.5590115681 0.05032584009 -6.220245233e-21)
(0.7378544709 0.06640783106 0)
(0.8459785028 0.07422353632 3.332418871e-21)
(0.9319252205 0.08023594691 3.748950571e-21)
(0.9870410217 0.08335181896 -7.845783926e-22)
(1.010126056 0.08456139392 0)
(1.017133299 0.08442748141 -3.862127214e-21)
(1.01919744 0.0841059152 4.512538357e-21)
(1.019902208 0.08352985074 5.381987376e-20)
(1.020179655 0.08301353695 -5.266179937e-20)
(1.020237995 0.0823718054 -1.74238625e-21)
(1.020159301 0.08176857559 1.313515413e-21)
(1.01995917 0.08107916662 0)
(1.019661527 0.08040722661 1.09677186e-21)
(1.019272007 0.07967314539 -1.481985173e-21)
(1.018806022 0.07894460793 -1.149730328e-21)
(1.018270052 0.07817141381 4.031935529e-21)
(1.017674606 0.07739850122 -2.063463839e-21)
(1.017026813 0.07659526178 1.528458731e-21)
(1.016333707 0.07579189265 -2.073558016e-20)
(1.015601134 0.07497122801 1.898339001e-20)
(1.014834529 0.07415422058 0)
(1.014041491 0.07333329109 -1.185078814e-20)
(1.013237539 0.07252483804 2.772887867e-20)
(1.01244025 0.07172825584 3.35970138e-21)
(1.011659724 0.07095624656 -2.821644208e-20)
(1.010902338 0.07021212206 -3.262992813e-20)
(1.010170347 0.0695068504 -3.507722088e-20)
(1.009468633 0.06884698665 1.58937411e-20)
(1.008805289 0.06824363148 3.461423767e-20)
(1.008188232 0.0677055846 -3.284247268e-20)
(1.00762435 0.06724356915 3.450311768e-20)
(1.007121374 0.06686745985 1.341803936e-21)
(1.006687014 0.06658859984 -3.149340573e-20)
(1.006327229 0.06641773163 -6.420998665e-20)
(1.00604714 0.06636574768 -3.173726644e-20)
(1.005852501 0.06644336909 3.000626115e-20)
(1.005746173 0.06666079807 -2.866827304e-20)
(1.005730084 0.06702810222 5.507712246e-20)
(1.00580442 0.06755388436 -2.577000175e-20)
(1.005967587 0.06824837447 2.441552754e-20)
(1.006214384 0.06911691492 6.814361914e-20)
(1.006539562 0.07017117495 -8.306093622e-20)
(1.00692999 0.07141039585 3.835946266e-20)
(1.007377997 0.07285038219 -8.648495249e-20)
(1.007858714 0.07447847255 1.111822222e-19)
(1.008365166 0.07631902584 -4.364571744e-20)
(1.008855062 0.0783378921 -4.927888459e-20)
(1.009330322 0.08057940327 0)
(1.009719332 0.08296882279 0)
(1.010051261 0.08559125664 0)
(1.010202579 0.08829744054 0)
(1.010264827 0.09125263595 -5.93657424e-20)
(1.010023235 0.09417605111 -3.52934317e-20)
(1.009692705 0.09737965383 -7.223211547e-23)
(1.008895138 0.1003581098 -4.195512968e-21)
(1.008068596 0.1036973502 -5.205077108e-21)
(1.006551156 0.1065013083 5.554386515e-21)
(1.00517629 0.1098393991 -9.439436733e-20)
(1.002785427 0.1121444853 6.243687276e-21)
(1.000903609 0.115342209 -1.059468463e-19)
(0.9975004921 0.116711207 -1.253907321e-19)
(0.9953065265 0.1196699473 -2.209660822e-19)
(0.9907691757 0.1195329677 0)
(0.9886937514 0.1222965128 2.711353759e-19)
(0.9828578094 0.1199404341 0)
(0.9816428403 0.1228289588 -1.148959308e-20)
(0.9741484447 0.1173375781 -3.841076341e-19)
(0.9749885972 0.1210324355 -1.131769128e-20)
(0.9651233298 0.1112529778 -9.308905556e-19)
(0.9698223698 0.1168616183 2.733773665e-20)
(0.9564122117 0.1014506484 -1.066761957e-18)
(0.9673995429 0.1105633474 -6.105376149e-19)
(0.9488942441 0.088049537 -1.440146406e-22)
(0.9688808534 0.1029761287 -2.460283695e-20)
(0.9436868401 0.0715630551 -2.270187982e-18)
(0.9749730513 0.09588890782 -1.462427184e-18)
(0.9414443015 0.05335825696 2.220805634e-18)
(0.9845722229 0.09140297669 3.086230278e-19)
(0.9391717526 0.03638926908 -2.195446246e-18)
(0.5531978492 0.05154036943 6.361537118e-21)
(0.7296958216 0.06758335913 2.963156711e-21)
(0.8365660531 0.0756118035 -3.350300396e-21)
(0.9225472712 0.08183493252 -7.884485216e-20)
(0.9804046808 0.08527261573 7.164682872e-20)
(1.006172504 0.0866683008 0)
(1.014331956 0.08660928196 1.43366838e-21)
(1.016753943 0.08626889791 3.907813261e-20)
(1.017585153 0.08567220668 -3.824009007e-20)
(1.017928207 0.0851117696 1.143586124e-21)
(1.018039445 0.08443458075 1.746320404e-21)
(1.018010645 0.08378245668 -1.211428145e-20)
(1.017862226 0.08304897489 5.19685772e-21)
(1.017618192 0.08232349192 3.69238618e-21)
(1.017285305 0.08153745632 -5.598169822e-21)
(1.016878887 0.0807498629 6.602332999e-21)
(1.016405852 0.07991711946 1.597927953e-20)
(1.015876973 0.07907907163 -1.448118698e-20)
(1.015299462 0.07820893521 -2.099827425e-20)
(1.014680695 0.0773341255 2.447952629e-20)
(1.014026564 0.07643961921 7.196794433e-21)
(1.013342698 0.07554506135 0)
(1.012636581 0.07464404681 6.630022568e-21)
(1.011923408 0.07375252306 -8.535115787e-21)
(1.011220392 0.07287066559 1.654300402e-20)
(1.01053783 0.0720112768 -3.248405928e-20)
(1.009882027 0.07117824627 1.763172714e-20)
(1.009255037 0.0703829487 -1.726546659e-20)
(1.008661204 0.06963248905 -3.671870029e-20)
(1.008108046 0.06893855945 3.484122297e-20)
(1.007602841 0.06831048395 3.634809682e-20)
(1.007151816 0.06775966319 -3.447774857e-20)
(1.006762066 0.06729687199 0)
(1.006440462 0.06693400412 1.463904297e-22)
(1.006192296 0.06668241105 -7.605318893e-22)
(1.006021985 0.06655411247 0)
(1.005934673 0.06656046027 3.028434582e-20)
(1.005932539 0.06671228327 -2.870192379e-20)
(1.00601692 0.06702070817 2.709962647e-20)
(1.006187456 0.06749491395 -2.567700481e-20)
(1.006442037 0.06814614509 -2.378143012e-20)
(1.006774954 0.06898008551 -2.235537151e-20)
(1.00718064 0.07000967373 8.132635882e-20)
(1.007645256 0.07123376409 0)
(1.008161242 0.07267003061 5.21083762e-20)
(1.00870227 0.07430420584 -4.625921421e-20)
(1.009262452 0.07616355989 5.246685678e-20)
(1.009796758 0.07820998913 9.550358916e-20)
(1.01030966 0.08049311674 0)
(1.01072461 0.08293022303 -6.207091287e-20)
(1.01107609 0.08561607559 5.317608489e-20)
(1.011232088 0.08838632509 -4.725597119e-20)
(1.011294184 0.09142421319 4.598949828e-20)
(1.011032075 0.09442184014 4.782306118e-20)
(1.010679556 0.09772601647 0)
(1.009834239 0.100780567 -4.184923989e-20)
(1.008965635 0.1042282942 7.12269252e-20)
(1.007371488 0.1070998501 -5.118469062e-21)
(1.00593499 0.1105517013 -6.385683876e-22)
(1.003437476 0.112902294 -7.133722449e-22)
(1.001477923 0.116215317 -8.457081141e-20)
(0.9979384345 0.1175906863 0)
(0.9956572848 0.1206639047 1.482028188e-20)
(0.9909587565 0.1204727499 -2.861117767e-19)
(0.9887991797 0.1233558564 -2.61327823e-19)
(0.9827846394 0.1208617937 -9.341424393e-21)
(0.9815032104 0.1238962175 3.093805615e-19)
(0.9738127483 0.1181518037 4.223495718e-19)
(0.9746254603 0.1220513588 -1.135385889e-20)
(0.9645375392 0.1118643952 2.625756969e-20)
(0.9692800367 0.1177752072 -5.230373742e-20)
(0.955607163 0.1017635075 4.362536248e-20)
(0.9667433867 0.1113124408 -2.555479933e-20)
(0.9479393731 0.08797797356 -2.687183407e-20)
(0.9681897115 0.103516929 2.48811881e-20)
(0.942701759 0.07104425911 2.272005191e-18)
(0.9743734073 0.09619080305 1.480515744e-18)
(0.9405434561 0.05242126335 -2.222024807e-18)
(0.9842754624 0.09155299309 -6.181918645e-19)
(0.938141014 0.03516077304 4.431909617e-18)
(0.5473096881 0.05251109874 1.184381664e-19)
(0.7217406713 0.06863586454 -8.244493468e-20)
(0.8273460277 0.07684370171 -5.828352609e-20)
(0.913144712 0.0832572404 7.25862213e-21)
(0.9734127454 0.08700154684 8.379205019e-20)
(1.001913372 0.08859691735 -3.92710972e-20)
(1.011352706 0.0886222976 2.448646502e-21)
(1.014185209 0.08826846936 0)
(1.01515715 0.08764997093 1.487618675e-21)
(1.015569019 0.08704569396 1.067512306e-21)
(1.015733106 0.08633109883 0)
(1.015753457 0.08562962685 0)
(1.015655796 0.08485052203 -1.186416971e-20)
(1.015464503 0.08407088274 1.182994347e-20)
(1.015187508 0.08323176991 0)
(1.014840091 0.08238461145 -1.68071646e-21)
(1.014429662 0.08149169852 -2.695476127e-20)
(1.013967255 0.08058835941 2.357215439e-20)
(1.013460248 0.07965132279 0)
(1.012916348 0.07870552748 0)
(1.01234155 0.07773799848 -7.200832285e-21)
(1.011741684 0.0767671519 -3.601375206e-20)
(1.011124149 0.07578783311 4.403551906e-20)
(1.010503816 0.07481558016 1.855384222e-20)
(1.00989755 0.07385134464 3.796002844e-20)
(1.009315816 0.07290807221 3.959618516e-20)
(1.008764818 0.07199029933 1.265434456e-21)
(1.008246413 0.07110973933 1.940941036e-20)
(1.007764373 0.07027408203 -3.773174415e-20)
(1.007325577 0.06949549422 0)
(1.006936642 0.06878393063 -3.881770265e-20)
(1.00660319 0.06815139501 -3.733384751e-20)
(1.006331509 0.06760911187 3.540335653e-20)
(1.006127652 0.06716990153 -3.421598708e-20)
(1.005996189 0.06684578252 6.66549444e-20)
(1.005940893 0.0666490612 -3.184611194e-20)
(1.005966093 0.06659198687 0)
(1.006073365 0.06668621833 5.784900668e-20)
(1.006263405 0.06694352734 2.691858459e-20)
(1.006535277 0.06737369692 -5.056716361e-20)
(1.006886311 0.06798893677 7.103967349e-20)
(1.007310256 0.06879521032 0)
(1.007801199 0.06980669818 -4.00572775e-20)
(1.008344509 0.07102189509 1.750677936e-20)
(1.008932746 0.07246037326 -3.227123028e-20)
(1.009537968 0.0741060123 -2.753180524e-20)
(1.0101555 0.0759893155 -1.594475517e-20)
(1.010737321 0.07806801038 -4.623499694e-20)
(1.01129068 0.08039720345 3.76332911e-20)
(1.01173383 0.08288601712 7.080142401e-20)
(1.012106704 0.08563909491 -6.145423955e-20)
(1.012268592 0.08847668528 5.400152776e-20)
(1.012331424 0.09160043173 0)
(1.012049821 0.09467467986 0)
(1.011675522 0.0980805199 -4.601123281e-21)
(1.010781691 0.101214244 -6.21418668e-20)
(1.009870226 0.1047725952 -8.044423276e-21)
(1.008198734 0.1077124602 4.679639262e-21)
(1.006699134 0.1112795731 -4.42962065e-21)
(1.004094359 0.1136757411 -8.324289453e-20)
(1.002054798 0.1171048721 8.384522535e-20)
(0.9983787151 0.1184861817 5.971299419e-21)
(0.9960070354 0.1216735573 2.291110959e-19)
(0.9911484923 0.1214273721 -3.336100126e-21)
(0.9889001908 0.1244283997 2.635034932e-19)
(0.9827110583 0.1217957418 0)
(0.9813564276 0.1249736046 -3.094378045e-19)
(0.973477617 0.1189761974 -4.105045241e-19)
(0.9742528214 0.1230773377 0)
(0.9639543777 0.1124838473 0)
(0.9687259105 0.1186926763 6.949486864e-19)
(0.9548076313 0.1020829059 1.05267124e-18)
(0.9660727062 0.1120614936 -6.552543813e-19)
(0.9469941957 0.08791150909 0)
(0.9674811229 0.1040475229 2.677068743e-20)
(0.9417296152 0.07053766973 -2.608068108e-20)
(0.9737574911 0.09647482633 -7.566220849e-19)
(0.9396618525 0.0514943819 0)
(0.9839652867 0.09168602113 3.095827765e-19)
(0.9371267838 0.03393412124 -2.20305585e-18)
(0.541303097 0.05305825043 5.911676309e-20)
(0.7139139155 0.06957070632 -4.02371077e-20)
(0.8182698621 0.07793746168 0)
(0.9037519471 0.08451727187 1.842169243e-20)
(0.9661046991 0.08855001994 -1.732866894e-20)
(0.9973410834 0.09035362113 1.687944833e-21)
(1.008187688 0.09047253566 0)
(1.011490177 0.09011058021 -5.140611869e-21)
(1.01262024 0.08946908204 1.483137783e-20)
(1.013105312 0.08882072437 5.023694122e-21)
(1.013322808 0.08806653447 3.260616245e-21)
(1.013391971 0.08731478288 4.738481814e-21)
(1.013344478 0.08648813152 -1.921027048e-20)
(1.013205426 0.08565324569 -3.12932955e-20)
(1.01298397 0.08475952181 6.37248337e-20)
(1.012695416 0.08385182988 -6.433059852e-20)
(1.012347723 0.08289767937 3.251344643e-20)
(1.011952189 0.08192843759 -1.058896068e-20)
(1.011516424 0.08092407151 4.007258536e-20)
(1.011048459 0.07990729179 3.384594028e-21)
(1.010554427 0.0788671113 -3.938730124e-20)
(1.010040355 0.07782089234 -1.150574487e-20)
(1.009513575 0.0767646984 3.417524576e-20)
(1.008988622 0.07571371244 -5.181163466e-20)
(1.008481996 0.07466976561 -4.342898835e-20)
(1.008004296 0.07364593324 2.294173168e-20)
(1.007561595 0.07264739901 -2.045081881e-20)
(1.007155524 0.07168625405 2.034613881e-20)
(1.006789218 0.07077075072 2.178731533e-20)
(1.00646896 0.0699135143 0)
(1.006200619 0.06912486172 3.879026323e-20)
(1.005989068 0.06841749132 0)
(1.005839899 0.0678033905 0)
(1.005758286 0.06729561791 5.245952255e-22)
(1.005748029 0.06690662724 -1.922051e-22)
(1.005812225 0.06664964558 3.254793611e-20)
(1.00595442 0.06653735863 3.070670735e-20)
(1.006175598 0.0665818649 -8.686322853e-20)
(1.006475703 0.06679586735 -8.106730941e-20)
(1.006853285 0.06718958061 2.540650937e-20)
(1.007305053 0.06777614018 -2.28066905e-20)
(1.007824213 0.06856170055 6.371337994e-20)
(1.008404458 0.06956178216 7.623359475e-20)
(1.009030316 0.07077427414 -1.688966312e-20)
(1.009694468 0.07222088243 -4.488808183e-20)
(1.010367212 0.07388354528 5.623559065e-20)
(1.011045215 0.07579599851 -4.953017664e-20)
(1.011677235 0.0779117163 4.059480126e-20)
(1.01227346 0.08029144964 -2.804154148e-21)
(1.012746743 0.08283602267 -5.204644123e-20)
(1.013142572 0.08566012874 -7.009773557e-21)
(1.013311469 0.08856839646 0)
(1.013375538 0.09178100109 -3.663173063e-20)
(1.013075043 0.09493455216 0)
(1.012679286 0.09844322812 0)
(1.011736665 0.1016583319 8.637046644e-21)
(1.010781099 0.1053297782 -6.712139515e-20)
(1.009031774 0.1083386477 -5.831394049e-20)
(1.007467542 0.1120223286 -6.298579461e-20)
(1.004755148 0.1144642002 5.488269117e-21)
(1.002633262 0.1180100276 0)
(0.9988206639 0.1193970064 0)
(0.9963550415 0.1226979232 7.734987656e-21)
(0.9913380061 0.122396113 -3.129019787e-21)
(0.98899634 0.125513031 -3.781449966e-21)
(0.9826370552 0.1227415961 0)
(0.9812023706 0.1260599964 0)
(0.9731433621 0.119810234 0)
(0.9738708437 0.1241093451 0)
(0.9633743641 0.1131110394 0)
(0.96816039 0.1196131774 -7.23381972e-19)
(0.9540141781 0.1024088088 -1.046177197e-18)
(0.9653880432 0.1128099254 6.557098402e-19)
(0.9460587837 0.08785086763 0)
(0.9667576683 0.1045680119 -1.092098003e-18)
(0.9407689294 0.07004245179 -1.211274124e-21)
(0.9731262418 0.09674145218 -4.681009877e-20)
(0.9387990853 0.05057717942 2.330413228e-18)
(0.9836421802 0.09180256634 3.113979827e-19)
(0.9361295014 0.03270961734 0)
(0.5353654085 0.05370642572 1.005487227e-21)
(0.705876795 0.0704332545 0)
(0.8092877767 0.07888445662 -8.301590297e-21)
(0.8943970871 0.08561461556 -4.706228463e-21)
(0.958519924 0.08991873577 1.221631673e-20)
(0.9924567024 0.09193747438 -2.412411733e-21)
(1.004832777 0.09216100732 0)
(1.008670027 0.0917978401 0)
(1.009978004 0.09113323533 -3.216312592e-20)
(1.010541256 0.09044083824 3.032804223e-20)
(1.010812857 0.08964505858 3.938841532e-20)
(1.010930569 0.08884189633 -7.598573929e-20)
(1.010932791 0.08796560996 8.054539972e-20)
(1.010845707 0.08707402107 -4.024329034e-20)
(1.010679753 0.08612378082 1.853515263e-21)
(1.010450323 0.08515413656 -6.600764051e-21)
(1.010165958 0.08413724774 4.876758344e-20)
(1.009838217 0.08310105084 -8.546495939e-20)
(1.009474991 0.08202848842 1.113550061e-19)
(1.009084611 0.0809403623 -3.42916922e-20)
(1.008673369 0.07982758474 1.363697816e-20)
(1.008247471 0.07870658071 1.151381481e-20)
(1.007814176 0.07757469784 -1.344323422e-20)
(1.007387654 0.07644684004 2.411909819e-20)
(1.00698402 0.07532570317 2.507751345e-20)
(1.00661394 0.07422454209 -7.046317605e-20)
(1.006283318 0.07314923985 0)
(1.005993488 0.0721122328 0)
(1.005747024 0.07112225515 -4.532153777e-20)
(1.005549377 0.07019228949 0)
(1.005405723 0.06933329261 0)
(1.005320168 0.06855829789 -4.183345206e-20)
(1.005297475 0.06787961948 0)
(1.005341962 0.06731109723 -3.651503458e-20)
(1.005456768 0.06686553169 -3.582104933e-20)
(1.005644291 0.06655622779 -3.370856723e-20)
(1.005907207 0.06639661217 -3.10615061e-20)
(1.006245981 0.06639945422 2.943070691e-20)
(1.006659774 0.06657794204 -2.35104821e-22)
(1.00714667 0.06694274662 0)
(1.007702692 0.06750791061 0)
(1.008320526 0.06827970037 -4.204403714e-20)
(1.008993439 0.06927498684 -7.610633104e-20)
(1.009705037 0.07049104071 -1.630293625e-20)
(1.010448191 0.0719517642 1.347231688e-19)
(1.011191217 0.07363687666 0)
(1.011932341 0.07558366428 -4.414866834e-20)
(1.012616782 0.07774115252 -7.832586943e-20)
(1.013257913 0.0801758792 -3.46903579e-20)
(1.01376292 0.08278025494 1.131307567e-19)
(1.014182955 0.08567912526 -5.026791136e-20)
(1.014359789 0.08866140133 5.339301613e-21)
(1.014425494 0.0919657887 9.340603597e-21)
(1.014106334 0.09520119559 -3.178985531e-20)
(1.013689067 0.09881501439 2.432839035e-20)
(1.012698148 0.1021114694 5.43857959e-20)
(1.0116969 0.1058993351 5.361692425e-20)
(1.009869343 0.1089778526 5.874261084e-20)
(1.008238913 0.1127791864 1.193350912e-19)
(1.005418816 0.1152669472 8.257775053e-20)
(1.003212267 0.1189298241 -4.640723641e-21)
(0.9992635505 0.1203223572 1.98073246e-19)
(0.996700533 0.1237359008 -7.556653506e-21)
(0.9915268939 0.1233781302 2.771035839e-19)
(0.9890871923 0.1266085254 -2.596821503e-19)
(0.9825626297 0.1236985639 0)
(0.9810409699 0.1271541739 2.941741737e-19)
(0.9728103361 0.120653294 1.09858739e-20)
(0.9734797743 0.1251462779 0)
(0.9627980873 0.1137456021 1.341761345e-20)
(0.9675839775 0.1205358107 6.913218643e-19)
(0.9532274689 0.1027411377 1.074080726e-18)
(0.9646901266 0.1135573765 6.967856925e-19)
(0.9451336573 0.08779797326 -2.782484259e-20)
(0.9660196599 0.105076685 1.119421859e-18)
(0.9398202675 0.0695582696 2.335514999e-18)
(0.9724806382 0.09699116719 -7.611190379e-19)
(0.9379549903 0.04966939236 -2.308476625e-18)
(0.9833066105 0.09190307892 -3.113844809e-19)
(0.9351497677 0.03148760746 2.283363738e-18)
(0.5293442954 0.05447016382 0)
(0.698029364 0.07122136167 -2.218338355e-21)
(0.8004356191 0.07970467887 -7.864530977e-22)
(0.8851123015 0.08657471033 0)
(0.9507085886 0.09112631184 0)
(0.9872707686 0.09336224168 -1.825956681e-21)
(1.001287115 0.09369906354 0)
(1.005727119 0.09334023665 0)
(1.00723447 0.09265126337 4.080524431e-21)
(1.007880999 0.09191349195 0)
(1.008207229 0.09107309483 2.895772103e-20)
(1.008373134 0.09021632769 -5.691747366e-20)
(1.008424711 0.08928745809 2.796024556e-20)
(1.008389572 0.08833688224 -6.064215311e-20)
(1.00827946 0.08732755424 1.122513043e-19)
(1.008109895 0.08629391951 1.652745854e-21)
(1.007890001 0.08521226978 3.256855686e-21)
(1.007631579 0.08410760366 -4.196746435e-20)
(1.007342823 0.08296561065 4.776907014e-20)
(1.007032336 0.0818054349 -7.200128734e-20)
(1.006706568 0.08061983285 -2.966378009e-20)
(1.006371861 0.07942448589 -5.951204182e-20)
(1.006035387 0.07821798249 6.99661905e-20)
(1.005710905 0.07701502154 5.661110769e-20)
(1.00541409 0.07581925139 0)
(1.005155603 0.0746440846 0)
(1.004941107 0.07349611107 -5.284808415e-20)
(1.004771633 0.07238803138 5.01402872e-20)
(1.004649025 0.07132916584 -1.845486028e-21)
(1.004578009 0.07033281182 0)
(1.004562923 0.06941008783 -4.63432649e-20)
(1.004606976 0.06857467493 1.28788405e-19)
(1.004714211 0.06783937922 -3.972078746e-20)
(1.004888173 0.06721795175 3.859419547e-20)
(1.005131223 0.06672348035 -3.646500067e-22)
(1.0054451 0.06637006367 1.36294296e-19)
(1.005831736 0.06617128645 -1.277933875e-19)
(1.006291036 0.06614024551 6.852831521e-22)
(1.006821361 0.06629091312 1.087735923e-19)
(1.007420414 0.06663425297 -2.540196518e-20)
(1.008083446 0.06718519919 2.222322783e-20)
(1.0088027 0.06795003074 -2.10460196e-20)
(1.009570943 0.06894710261 0)
(1.010370832 0.07017278583 0)
(1.011195489 0.07165347583 -7.217858354e-20)
(1.012010965 0.07336649988 1.1330137e-21)
(1.012817399 0.07535273092 9.684064572e-20)
(1.013556022 0.07755667118 1.126247071e-20)
(1.014243732 0.08005076025 -6.637582948e-20)
(1.014781722 0.08271892732 -1.018964097e-19)
(1.015226928 0.08569619053 4.454804031e-20)
(1.015412377 0.0887557284 0)
(1.015479984 0.09215471415 3.129784366e-20)
(1.015142329 0.09547444498 7.956521392e-21)
(1.014703127 0.09919545225 -7.573564353e-21)
(1.013664254 0.1025743964 -4.038452331e-20)
(1.012616444 0.106479755 -4.687802884e-20)
(1.010710048 0.1096294578 -3.353971815e-21)
(1.009011815 0.1135492653 -1.029659605e-19)
(1.006084223 0.1160831467 -4.559701811e-21)
(1.003790675 0.1198631811 7.44852657e-20)
(0.999706575 0.1212613116 -7.625059669e-21)
(0.9970426988 0.1247862628 2.014579212e-19)
(0.9917147268 0.1243724556 -7.016333927e-21)
(0.9891723246 0.1277135323 0)
(0.9824877958 0.1246657286 1.034312147e-20)
(0.9808722131 0.1282548067 -6.200260895e-19)
(0.972478938 0.121504651 8.324380182e-19)
(0.9730799522 0.1261869414 -1.317714331e-20)
(0.9622262146 0.1143870835 2.613919431e-20)
(0.9669972931 0.1214596051 -7.170395161e-19)
(0.9524483023 0.1030797505 0)
(0.9639799224 0.1143036427 -6.68496952e-19)
(0.9442177918 0.08775182869 -2.336841715e-18)
(0.9652694015 0.1055740995 2.759354475e-20)
(0.9388840144 0.06908500861 -4.772224662e-18)
(0.9718216539 0.09722444131 8.088022041e-19)
(0.9371296228 0.04877093131 -2.488230302e-21)
(0.9829590294 0.09198798227 -3.123465172e-19)
(0.9341883728 0.03026856006 -2.305356796e-18)
(0.5231900006 0.05449394218 5.311416131e-21)
(0.6901150316 0.07180093997 5.036172751e-20)
(0.7916563076 0.0804466909 -3.987164686e-20)
(0.8758966881 0.08744278431 0)
(0.9426991914 0.09220609449 5.865641105e-21)
(0.9817791912 0.09465181564 3.929080592e-21)
(0.9975349718 0.09510451233 0)
(1.002651806 0.09475194407 0)
(1.004385012 0.0940345207 -4.096320748e-21)
(1.005122606 0.09324755766 4.521398276e-20)
(1.005505683 0.09235762898 -3.746543594e-20)
(1.005720675 0.09144344372 -1.088219534e-20)
(1.005822277 0.09045788522 0)
(1.00583997 0.08944505146 -4.944484876e-20)
(1.005786882 0.08837331677 3.684401505e-20)
(1.00567873 0.08727301564 5.681931591e-20)
(1.005525231 0.08612409329 -4.628569459e-20)
(1.005338432 0.08494903849 3.197118525e-21)
(1.005126844 0.0837360554 -3.642243611e-20)
(1.004899312 0.08250292127 5.356299511e-20)
(1.00466243 0.08124415186 1.603129219e-20)
(1.004422633 0.07997480866 0)
(1.004186959 0.07869477523 1.742083796e-20)
(1.003968692 0.07741862428 -3.006998382e-20)
(1.003782997 0.0761509177 0)
(1.003640438 0.07490528217 0)
(1.003546353 0.07368897752 0)
(1.003501373 0.0725150181 5.523826966e-20)
(1.003506644 0.07139306411 2.826766563e-22)
(1.003566069 0.07033664916 -5.185625171e-20)
(1.003682979 0.0693574773 4.487855165e-20)
(1.00385991 0.06846923858 -8.919909468e-20)
(1.004100014 0.06768474982 -4.167632978e-20)
(1.004406129 0.06701839776 4.083724343e-20)
(1.004779865 0.06648337268 0)
(1.005222492 0.06609367399 -3.449803687e-20)
(1.005734974 0.06586344932 1.29667856e-19)
(1.006316929 0.06580640762 -6.022530632e-20)
(1.006965825 0.06593678704 0)
(1.007679115 0.06626594271 4.999288922e-20)
(1.008451163 0.06680967845 0)
(1.009273879 0.06757420335 0)
(1.010139449 0.0685794268 -7.127061841e-20)
(1.011029555 0.069820732 4.724507832e-20)
(1.011937639 0.07132717309 1.440044715e-20)
(1.012827195 0.07307330628 -1.125001032e-20)
(1.013700642 0.07510394151 -4.027462743e-20)
(1.014494775 0.07735889996 3.719566445e-21)
(1.015230345 0.07991657876 5.91299975e-20)
(1.015802268 0.08265242492 4.900041262e-20)
(1.016273321 0.08571156327 -2.861193075e-20)
(1.016467861 0.08885151094 3.411875756e-21)
(1.016537407 0.09234772204 -3.231146151e-21)
(1.016181442 0.0957541808 4.889601333e-21)
(1.015719591 0.099584129 -1.955893086e-20)
(1.014633099 0.1030473286 4.25908583e-20)
(1.013538014 0.1070698084 2.855899138e-20)
(1.011552436 0.1102927763 -4.058688089e-20)
(1.009784681 0.1143315804 4.975769731e-20)
(1.006750119 0.1169118526 6.10815687e-20)
(1.004367269 0.120808891 -1.353071011e-19)
(1.000148866 0.1222128122 -1.902864854e-19)
(0.9973806942 0.1258476446 -6.667363206e-21)
(0.9919010428 0.1253779803 8.171879658e-21)
(0.989251329 0.1288265713 2.501470361e-19)
(0.9824125774 0.1256420459 -8.964016908e-21)
(0.9806961502 0.1293604511 3.045387701e-19)
(0.9721496116 0.1223634701 2.226148618e-21)
(0.9726718167 0.1272300436 -6.845724157e-19)
(0.9616594934 0.115034947 1.360436784e-20)
(0.9664010829 0.1223835112 1.556480196e-21)
(0.9516776195 0.1034244443 -2.817612418e-20)
(0.9632583811 0.1150483909 1.340229576e-20)
(0.9433122653 0.08771176795 4.668326412e-18)
(0.964507841 0.1060606042 -1.132887114e-18)
(0.9379605657 0.06862262317 4.788729511e-18)
(0.97115032 0.09744171024 2.454755817e-20)
(0.9363232492 0.04788188516 -2.418826404e-20)
(0.9825998861 0.09205766247 3.12942282e-19)
(0.933246303 0.02905304564 -1.721300379e-20)
(0.5171073751 0.05467442841 9.897121874e-20)
(0.6818153135 0.07226739652 7.409634362e-21)
(0.7828672349 0.08108961773 -1.218025335e-19)
(0.8667305143 0.08820163877 1.183120437e-19)
(0.9345076926 0.09314897178 -1.165172988e-19)
(0.975975313 0.09579822358 1.165607169e-19)
(0.9935577021 0.09637103723 -1.071884876e-19)
(0.9994317802 0.09602926765 5.14910943e-20)
(1.001423114 0.09528149555 0)
(1.002262843 0.0944427602 -1.266642597e-20)
(1.002707078 0.09349920416 3.665844482e-20)
(1.002973595 0.09252411702 -3.686327135e-20)
(1.003127164 0.09147790361 0)
(1.003199677 0.09039946179 1.064280948e-20)
(1.003205791 0.08926188308 0)
(1.003161526 0.08809204657 -1.032372894e-20)
(1.003077233 0.08687316315 -1.797987794e-21)
(1.002965219 0.08562563528 -1.989068521e-20)
(1.002834332 0.08434000898 0)
(1.00269363 0.08303293862 2.21389643e-20)
(1.002549827 0.08170066199 -1.800986504e-20)
(1.002409383 0.0803578159 0)
(1.002279143 0.07900552897 -5.459482066e-20)
(1.002171831 0.07765833325 -4.705516341e-22)
(1.002102014 0.07632174482 6.82121043e-20)
(1.002080026 0.07500956965 -3.253808622e-20)
(1.002110789 0.07372972835 3.129596539e-20)
(1.002194522 0.07249535671 1.220475577e-21)
(1.002331551 0.07131653046 9.360736155e-22)
(1.002524815 0.07020705721 1.069824746e-19)
(1.002776842 0.06917856663 -1.354777151e-21)
(1.003089292 0.06824510136 2.38391898e-20)
(1.003464551 0.0674196783 0)
(1.003904855 0.06671633417 -1.244429711e-19)
(1.004410949 0.06614836108 7.839943887e-20)
(1.004983816 0.06573047391 3.537838312e-20)
(1.005623484 0.06547671288 4.024567273e-22)
(1.006329488 0.06540108581 9.043818437e-20)
(1.007098175 0.06551846936 0)
(1.007927047 0.06584046534 -7.565068558e-20)
(1.008809359 0.06638374638 -2.307839927e-20)
(1.009736896 0.06715434296 0)
(1.010701121 0.06817390484 1.410193814e-19)
(1.011682755 0.06943649905 -4.766531329e-20)
(1.01267563 0.07097422862 5.06146291e-20)
(1.013640315 0.0727585796 -6.644270376e-20)
(1.014582044 0.07483838364 1.005215053e-20)
(1.015432569 0.07714875095 2.580079243e-21)
(1.01621693 0.07977405369 4.730809456e-20)
(1.016823399 0.08258131159 3.724169332e-20)
(1.017320709 0.08572560985 6.168054087e-20)
(1.017524627 0.0889489753 0)
(1.017595945 0.09254481275 -2.175626478e-21)
(1.017221797 0.09604029198 2.001148491e-20)
(1.016736525 0.09998063642 0)
(1.015602679 0.1035297888 1.737656061e-21)
(1.014459306 0.10766927 -3.231694512e-20)
(1.012395154 0.1109665786 4.054817957e-20)
(1.010555798 0.1151250566 3.669386269e-20)
(1.00741513 0.1177519922 -5.483356644e-21)
(1.004940733 0.1217656126 6.514156253e-20)
(1.000589475 0.1231756674 -5.818958184e-21)
(0.9977136338 0.1269185418 -1.817475383e-19)
(0.9920853522 0.1263934542 0)
(0.9893238168 0.1299460218 5.717503472e-21)
(0.9823370129 0.1266263335 1.375537769e-21)
(0.9805129013 0.1304695375 -9.725565774e-21)
(0.9718228499 0.123228797 2.040024125e-21)
(0.9722559183 0.1282741832 1.357916454e-18)
(0.9610987568 0.1156885652 1.275794308e-20)
(0.9657962365 0.1233063853 -7.327955473e-19)
(0.9509165229 0.1037749728 2.841700218e-20)
(0.9625267863 0.1157901202 6.749049687e-19)
(0.9424177648 0.08767819304 -2.35967867e-18)
(0.9637363776 0.1065365061 -1.293936479e-20)
(0.9370505749 0.06817114334 -2.405939669e-18)
(0.9704677286 0.0976433811 -8.121369517e-19)
(0.9355363568 0.04700252962 2.386851868e-18)
(0.9822296479 0.09211249911 3.344683749e-19)
(0.9323247595 0.02784180793 -2.021895497e-20)
(0.5108363778 0.05531353046 0)
(0.6736335308 0.07273468473 -5.284913033e-21)
(0.7741464725 0.08163086165 0)
(0.8576286195 0.08883787245 -4.178233231e-21)
(0.9261707817 0.09395005626 1.019953124e-20)
(0.9698750863 0.09679556629 -7.838086753e-21)
(0.9893526075 0.09749387423 0)
(0.9960657413 0.09716846839 -9.279160409e-21)
(0.9983501739 0.0963898511 0)
(0.9993041454 0.09549756137 7.106777057e-21)
(0.9998142622 0.0944969304 1.387536982e-20)
(1.000135087 0.09345780644 -6.024631899e-20)
(1.000343009 0.09234725786 5.706686184e-20)
(1.000472886 0.09119995592 1.527337062e-20)
(1.000541029 0.08999314516 0)
(1.00056385 0.08875087277 0)
(1.000552347 0.08745932003 1.19659255e-20)
(1.000519091 0.08613721633 -5.026343261e-20)
(1.000473259 0.08477731562 9.623828385e-20)
(1.00042408 0.08339544805 -2.13686564e-20)
(1.000378332 0.08198952804 -2.10800449e-20)
(1.000342415 0.08057390687 -2.045855686e-20)
(1.000322885 0.07915101015 4.094414221e-20)
(1.000331795 0.07773538438 0)
(1.000383004 0.0763334474 0)
(1.000486462 0.07495921041 1.527879473e-21)
(1.000646661 0.0736210959 -1.345190979e-21)
(1.000863161 0.0723323941 -6.287702956e-20)
(1.001135537 0.07110344855 3.142839544e-20)
(1.001465731 0.06994800737 3.194560866e-20)
(1.001855338 0.06887802591 0)
(1.002305332 0.06790732583 5.111093585e-20)
(1.002817298 0.0670485684 4.750572711e-20)
(1.003392915 0.06631632013 4.238591596e-20)
(1.004032229 0.0657236287 1.280892466e-21)
(1.004736075 0.06528507153 0)
(1.005503371 0.06501504883 -6.676417716e-20)
(1.006333983 0.06492824215 -6.103540358e-20)
(1.007222868 0.06503962276 8.320535624e-20)
(1.008167955 0.06536117222 2.429341404e-20)
(1.009161035 0.06591044628 0)
(1.010194123 0.0666931926 0)
(1.011257679 0.06773294595 -5.320497968e-20)
(1.01233159 0.06902228768 -2.988007742e-20)
(1.013410091 0.0705966622 -7.630602521e-20)
(1.014450418 0.07242395636 4.246369996e-20)
(1.015461247 0.07455743083 -9.469676192e-21)
(1.016368628 0.07692738533 5.687342539e-20)
(1.017202342 0.07962409831 -5.231565263e-20)
(1.017843679 0.08250631149 -3.236574693e-20)
(1.018367376 0.08573880739 -4.806269437e-20)
(1.018580788 0.08904842568 -2.70928916e-21)
(1.018653534 0.09274602524 0)
(1.018261253 0.09633265482 -8.277797112e-21)
(1.017751774 0.1003845609 0)
(1.016570762 0.1040212384 -1.341967444e-20)
(1.015378002 0.1082779601 -1.587988859e-20)
(1.013236465 0.1116494677 0)
(1.011323368 0.1159285009 -6.689352034e-20)
(1.008077751 0.1186023725 -5.552069822e-20)
(1.005509671 0.122731867 0)
(1.001027372 0.124148537 -1.728731866e-19)
(0.9980405999 0.1279973001 1.793375632e-19)
(0.9922671294 0.1274174724 0)
(0.989389423 0.1310701232 -3.543330362e-21)
(0.9822611494 0.1276172691 3.345289766e-19)
(0.9803226629 0.1315803717 3.012635825e-19)
(0.9714991913 0.1240995588 -1.040861632e-20)
(0.9718329288 0.1293178475 -1.36346155e-18)
(0.9605449215 0.1163472186 -9.945633832e-19)
(0.965183797 0.1242269834 -4.626054592e-21)
(0.9501661181 0.104130882 1.460109801e-20)
(0.9617860827 0.1165245946 -7.023457763e-19)
(0.9415356087 0.08765443032 0)
(0.9629566744 0.1070019116 1.172784299e-18)
(0.9361549646 0.0677307362 0)
(0.9697750965 0.0978298484 8.12401019e-19)
(0.934769641 0.04613332391 -2.388417658e-18)
(0.9818488206 0.09215286036 -2.940078046e-19)
(0.9314251569 0.02663573668 -4.751383746e-18)
(0.5045135579 0.05578967837 0)
(0.6655433391 0.07310849122 -1.245457489e-19)
(0.7654881275 0.08210244318 1.105780013e-19)
(0.8485824849 0.08937150429 9.671540062e-20)
(0.9177221224 0.09462830554 -1.00057453e-19)
(0.9635011703 0.09765622764 0)
(0.9849170592 0.09848212847 8.567317041e-20)
(0.9925515236 0.09817517477 -6.021970503e-20)
(0.9951675445 0.09736374978 7.952117567e-20)
(0.9962496524 0.09641460679 -1.514253541e-19)
(0.9968311333 0.09535251264 1.461632695e-19)
(0.9972095196 0.09424546821 -6.988083454e-20)
(0.9974746265 0.0930664259 6.892053537e-20)
(0.9976649079 0.09184663975 -1.471771325e-19)
(0.9977984881 0.09056698893 6.3096504e-20)
(0.9978922539 0.08924922148 0)
(0.9979578568 0.08788223103 0)
(0.9980081166 0.08648346186 0)
(0.9980525103 0.08504778445 0)
(0.9981003596 0.08359045736 -2.473674046e-20)
(0.9981584231 0.08211106929 5.019268374e-20)
(0.9982329116 0.08062387306 -2.249046821e-20)
(0.9983299607 0.07913253774 -4.541161068e-20)
(0.9984608277 0.0776516871 0)
(0.9986384919 0.07618862841 -4.090226306e-20)
(0.998872424 0.07475742017 8.045343991e-20)
(0.9991664533 0.0733670439 -1.410851699e-21)
(0.9995196517 0.07203069488 0)
(0.999930524 0.07075880816 7.724195003e-22)
(1.000400106 0.06956524786 -1.509797495e-19)
(1.000929119 0.0684615223 2.786303831e-20)
(1.00151785 0.06746156964 -7.751228803e-20)
(1.002167201 0.06657788592 -7.144435237e-20)
(1.002878514 0.06582454139 6.829809479e-20)
(1.003650969 0.06521443028 -6.086603237e-20)
(1.004485545 0.06476293126 9.577196143e-20)
(1.005380147 0.06448395787 -6.964430563e-20)
(1.00633518 0.06439272699 0)
(1.00734393 0.06450469538 -1.125641464e-19)
(1.008405146 0.06483210917 -1.218604803e-20)
(1.009508807 0.06539343801 7.870585423e-22)
(1.01064752 0.06619400719 -6.774211504e-20)
(1.011810486 0.06725950737 7.536634882e-20)
(1.012976855 0.06858060603 -7.184132652e-20)
(1.014141287 0.07019665992 1.043045541e-19)
(1.015257238 0.07207143166 0)
(1.016337543 0.07426276182 0)
(1.017301865 0.07669621871 -5.177859142e-20)
(1.018185126 0.07946783041 0)
(1.018861388 0.08242830691 -3.175872296e-21)
(1.019411319 0.08575174733 2.578334213e-20)
(1.019634197 0.08915023539 -1.2758957e-20)
(1.019707858 0.09295144448 4.381712006e-22)
(1.019297446 0.09663114812 9.122859033e-21)
(1.018762924 0.1007954731 -2.7430099e-21)
(1.01753501 0.1045210647 8.190293341e-21)
(1.016291857 0.1088949711 8.455735692e-21)
(1.014074056 0.1123404825 2.099765087e-20)
(1.012085494 0.1167405629 2.868439428e-20)
(1.008736336 0.1194616759 0)
(1.006072583 0.1237060348 -4.311505446e-21)
(1.001461443 0.1251299374 1.712852682e-19)
(0.9983606375 0.1290821182 -1.739547987e-19)
(0.9924458177 0.1284484787 0)
(0.9894478113 0.132196969 -4.788863179e-19)
(0.9821850457 0.1286133843 -3.344933858e-19)
(0.9801257155 0.1326911275 -3.012594978e-19)
(0.9711792203 0.1249745564 -8.392219703e-19)
(0.9714036517 0.1303594049 1.378978094e-18)
(0.9599989885 0.1170100921 9.949581517e-19)
(0.9645649694 0.1251439711 7.382570499e-19)
(0.9494274749 0.1044914747 -1.41557396e-20)
(0.9610394562 0.1172517346 -1.503673086e-20)
(0.9406657835 0.08764003104 -2.417275946e-18)
(0.962170355 0.1074566773 -1.170993462e-18)
(0.9352748853 0.0673016464 -2.480247528e-18)
(0.9690737754 0.0980015047 8.557350936e-19)
(0.9340240081 0.04527491395 -4.697487773e-20)
(0.9814579779 0.09217913383 4.0272423e-20)
(0.9305491249 0.02543592469 4.732178646e-18)
(0.4980795607 0.05636984395 -2.241945496e-19)
(0.6574903855 0.07342086355 -1.041795796e-20)
(0.7568686565 0.08249880692 1.418348453e-21)
(0.8395641265 0.08980511549 -1.0956063e-19)
(0.9091821007 0.09518429736 1.088430885e-19)
(0.9568753371 0.09838066126 1.203103996e-19)
(0.9802462292 0.09933383677 -1.001735266e-19)
(0.9888838892 0.09904762895 -1.121737277e-20)
(0.9918747391 0.0982025702 0)
(0.993101795 0.09719359953 -1.200396112e-20)
(0.9937616142 0.09606595496 -2.299911343e-20)
(0.9942017329 0.0948871042 0)
(0.9945275458 0.09363539016 2.115826955e-20)
(0.9947819043 0.09233937214 2.028704909e-20)
(0.994984978 0.09098317222 0)
(0.9951542499 0.08958675533 0)
(0.9953020357 0.08814155053 3.555290608e-20)
(0.9954413853 0.08666409947 3.392571567e-20)
(0.9955820133 0.08515133715 3.231518373e-20)
(0.9957332268 0.08361823966 3.072225522e-20)
(0.9959016296 0.08206605176 0)
(0.9960930751 0.08050906265 5.264948793e-20)
(0.9963131155 0.07895218204 -5.227972186e-20)
(0.996572016 0.0774101333 -9.426295994e-20)
(0.9968817375 0.07589096017 4.459529007e-20)
(0.997251099 0.07440880538 -8.363510191e-20)
(0.9976832375 0.07297278742 -7.948797449e-20)
(0.9981764369 0.07159611476 3.692958917e-20)
(0.9987283713 0.07028922887 0)
(0.9993391078 0.06906548806 9.355884416e-20)
(1.000008443 0.06793640604 -2.987821068e-20)
(1.000736307 0.06691542582 -5.590788431e-20)
(1.001522763 0.06601436007 0)
(1.002369133 0.0652478433 -4.560261289e-20)
(1.003273707 0.06462810253 4.315258764e-20)
(1.004238077 0.06417051757 -5.754393164e-20)
(1.005258665 0.06388907023 3.444852916e-20)
(1.006337173 0.06380003171 1.626900832e-20)
(1.007464704 0.06391874526 1.314677369e-20)
(1.0086413 0.06425790475 -8.521047481e-22)
(1.009854667 0.06483692436 -1.155422842e-20)
(1.011098503 0.06566056569 1.550763794e-19)
(1.012360395 0.06675692994 -1.083706351e-21)
(1.013618886 0.06811448927 5.724667543e-20)
(1.014869084 0.06977697069 -4.789383304e-20)
(1.016060107 0.07170329019 3.289235441e-20)
(1.017209867 0.07395629425 4.175824774e-21)
(1.018230827 0.07645687131 2.201123986e-20)
(1.019163495 0.07930653392 3.413311607e-20)
(1.019874467 0.08234831036 2.150876797e-20)
(1.020450238 0.08576511637 0)
(1.020682408 0.08925483488 1.132095211e-20)
(1.020756321 0.09316117508 0)
(1.020327759 0.09693563999 -7.145994335e-24)
(1.019767298 0.1012129075 8.896623633e-21)
(1.018492912 0.1050286019 6.243305477e-21)
(1.017198224 0.1095193131 7.676088977e-21)
(1.014905351 0.1130395863 -1.936650713e-20)
(1.012840427 0.1175589865 0)
(1.00938912 0.120328472 0)
(1.006627887 0.1246863548 0)
(1.001890485 0.1261182299 -5.134201483e-21)
(0.9986727642 0.1301710404 4.869153089e-21)
(0.9926208221 0.1294847563 2.394641276e-19)
(0.9894986799 0.1333245121 2.285609618e-19)
(0.9821087646 0.1296130668 8.656188121e-21)
(0.9799224296 0.1337998524 5.985747861e-19)
(0.9708635595 0.1258524673 -8.423773098e-19)
(0.9709690295 0.1313971075 1.89629556e-21)
(0.9594620347 0.117676276 1.39548599e-20)
(0.9639411216 0.1260559261 -1.313865724e-20)
(0.9487018186 0.1048560363 1.484731304e-20)
(0.9602884402 0.117971116 -1.386267564e-20)
(0.9398102323 0.08763476019 2.41846813e-18)
(0.9613791939 0.1079006352 1.199201397e-18)
(0.9344117233 0.06688421438 2.46782892e-18)
(0.9683652805 0.09815875101 -8.435330829e-19)
(0.9333005411 0.04442812056 3.480822322e-20)
(0.9810577715 0.09219172644 -3.361108869e-19)
(0.9296984878 0.02424364006 0)
(0.4915914743 0.05674705494 0)
(0.6496509337 0.07369129149 -1.740103581e-19)
(0.7483125565 0.0827859922 2.969768362e-19)
(0.8305824171 0.0901259954 -1.554105565e-20)
(0.9005771942 0.09560783989 -1.288999994e-19)
(0.9500243657 0.09896224966 1.100752659e-19)
(0.9753478531 0.1000420276 -2.525288359e-19)
(0.9850654841 0.09978140648 -1.699182968e-21)
(0.9884765922 0.09890386878 1.072408988e-19)
(0.9898667585 0.09783328507 1.205724752e-20)
(0.990612337 0.09663683335 -7.607245449e-20)
(0.9911185567 0.09538261372 -1.108723314e-21)
(0.9915088229 0.09405418941 6.854852885e-20)
(0.9918312882 0.09267813657 2.567537329e-21)
(0.9921084198 0.09124159915 0)
(0.9923584111 0.08976329447 -7.907130961e-20)
(0.9925942286 0.08823710967 3.934662059e-20)
(0.9928290949 0.08667909242 -1.056622514e-19)
(0.9930728469 0.08508824853 1.036205549e-19)
(0.9933346149 0.08347953212 -1.597790181e-19)
(0.9936206546 0.08185585806 6.11499924e-20)
(0.9939362378 0.08023167369 -5.749543932e-20)
(0.9942861104 0.07861305114 -3.950136394e-21)
(0.9946793429 0.07701478495 1.02164097e-19)
(0.9951267659 0.07544551201 -9.786883291e-20)
(0.9956362358 0.07391917753 4.15172563e-20)
(0.9962101934 0.07244521158 -4.31280429e-20)
(0.9968461633 0.07103629778 7.793133331e-20)
(0.9975408643 0.06970258262 -7.797505032e-22)
(0.9982935177 0.06845730191 3.478697247e-20)
(0.9991031721 0.0673109952 -3.056238423e-20)
(0.9999694904 0.06627711394 5.675489564e-20)
(1.000891771 0.06536687221 2.663673169e-20)
(1.001871728 0.06459451398 0)
(1.002906371 0.06397175755 1.271528214e-21)
(1.0039986 0.063515067 -1.942991263e-20)
(1.005143073 0.06323748826 1.839837193e-20)
(1.006343569 0.06315638257 -4.935384806e-20)
(1.007588017 0.06328746486 8.624801407e-20)
(1.008878653 0.06364374352 1.316468628e-20)
(1.010200155 0.06424558189 4.446830542e-20)
(1.011548079 0.06509703468 -7.716441545e-20)
(1.01290784 0.06622898006 -1.310942043e-19)
(1.014257629 0.06762717447 0)
(1.015592956 0.06934046351 -4.425356164e-20)
(1.016857961 0.07132211752 -3.725672363e-20)
(1.018076788 0.07364019731 0)
(1.019153725 0.07621117464 0)
(1.020135332 0.07914166023 -3.162369064e-20)
(1.020880561 0.0822674619 -2.147614754e-20)
(1.021481537 0.08577969079 6.975467377e-21)
(1.021722703 0.08936271042 -1.00479661e-21)
(1.021796065 0.09337534914 0)
(1.021349335 0.09724599404 0)
(1.020761999 0.101636368 -7.236794224e-21)
(1.019441734 0.1055431432 5.165987061e-22)
(1.018094286 0.1101498906 -7.805050888e-22)
(1.015728075 0.1137456723 5.783732888e-21)
(1.013585692 0.1183821734 1.140575249e-20)
(1.010034256 0.1212011868 0)
(1.007173897 0.1256709313 0)
(1.002313207 0.1271116307 0)
(0.998975969 0.131261966 0)
(0.992791516 0.1305244359 -2.393609429e-19)
(0.9895417678 0.1344505656 0)
(0.9820323752 0.1306145592 -3.297824551e-19)
(0.9797132729 0.1349044674 -1.195224702e-18)
(0.9705528684 0.1267318439 8.54758285e-19)
(0.9705301546 0.1324290904 -1.39866791e-18)
(0.9589352109 0.1183447662 0)
(0.9633138034 0.1269613256 0)
(0.947990687 0.1052243971 1.496308161e-20)
(0.9595346184 0.1186816615 -1.396834523e-20)
(0.9389710262 0.08763835468 -2.43866119e-18)
(0.9605852272 0.1083336154 -1.238247407e-18)
(0.9335670952 0.0664788426 2.518269837e-18)
(0.9676513217 0.09830201372 -8.609279119e-19)
(0.9326005 0.04359393615 -2.459127931e-18)
(0.9806489724 0.09219109397 3.161955279e-19)
(0.9288752527 0.0230603628 -4.842745136e-18)
(0.4851069129 0.05664481649 -3.04251276e-19)
(0.6417025592 0.07383114687 2.167813068e-19)
(0.7397851076 0.08297313775 1.925301732e-19)
(0.8216550366 0.09034432997 -1.515361503e-19)
(0.8919435701 0.09591045207 -1.516769875e-19)
(0.9429849367 0.09940984405 1.418551493e-19)
(0.9702374635 0.1006126959 3.412583156e-20)
(0.9811033819 0.1003812165 0)
(0.9849807023 0.09947155793 1.078761169e-19)
(0.9865527617 0.09833696441 -1.169499367e-19)
(0.9873915174 0.09706786748 -2.971285185e-20)
(0.9879680697 0.09573406525 -1.072375771e-19)
(0.9884265459 0.09432434213 1.014768879e-19)
(0.9888213961 0.09286391516 -2.300154389e-20)
(0.9891776413 0.09134284933 -6.82602929e-20)
(0.9895142695 0.089779143 1.758378968e-19)
(0.9898448322 0.0881691477 -1.273378398e-19)
(0.9901825971 0.08652882957 1.206205874e-19)
(0.9905373316 0.08485930553 -7.503018224e-20)
(0.9909177419 0.08317577108 0)
(0.9913294654 0.0814827791 0)
(0.9917769103 0.07979499966 0)
(0.9922637367 0.07811955877 1.17670502e-19)
(0.992797664 0.07647114927 0)
(0.9933880363 0.07485888567 -1.223395499e-21)
(0.9940418974 0.07329639585 1.440502389e-19)
(0.994760669 0.07179269406 4.399908614e-20)
(0.995541177 0.07036025457 6.189109564e-22)
(0.9963793297 0.06900867164 0)
(0.9972736418 0.06775035705 -1.034295794e-19)
(0.9982224915 0.06659535529 9.893148915e-20)
(0.9992255741 0.06555661789 0)
(1.000281308 0.06464426008 2.860442861e-20)
(1.001392256 0.0638734143 -2.506192181e-20)
(1.002554041 0.06325454513 -6.643962223e-20)
(1.003771455 0.06280455116 8.342593658e-20)
(1.005036791 0.06253610275 1.881546394e-20)
(1.006357131 0.06246843638 1.310417053e-19)
(1.007715931 0.06261700646 -1.334231741e-20)
(1.009118676 0.06299523453 7.683308524e-20)
(1.010546146 0.06362451358 -5.605136609e-20)
(1.011996634 0.06450798664 7.610391464e-20)
(1.013452738 0.0656797333 1.366006636e-19)
(1.014892577 0.0671223438 -1.339946091e-20)
(1.01631193 0.06889047055 5.009369692e-20)
(1.017649325 0.07093072036 0)
(1.018936479 0.07331681655 2.473939299e-20)
(1.0200684 0.07596111852 0)
(1.021098167 0.07897478841 0)
(1.021876977 0.08218699908 1.16569496e-20)
(1.022502311 0.08579631745 -7.407920892e-21)
(1.022752066 0.08947438516 -1.675959632e-21)
(1.022823961 0.09359410859 -2.197400487e-22)
(1.022359055 0.09756205449 5.666400948e-22)
(1.02174391 0.1020653245 2.384140126e-20)
(1.020378492 0.1060639212 -9.507165623e-23)
(1.018977176 0.1107855454 -6.956218682e-22)
(1.01653965 0.1144574839 -5.924504263e-21)
(1.014318672 0.1192084967 -1.172443795e-20)
(1.0106698 0.1220781096 0)
(1.007708848 0.1266577446 0)
(1.00272823 0.1281082053 1.373266549e-19)
(0.9992692236 0.1323526479 -1.486449842e-19)
(0.9929572364 0.1315654929 2.2342182e-19)
(0.9895768617 0.1355728149 -2.205370062e-19)
(0.9819559462 0.1316159667 3.297018861e-19)
(0.979498816 0.1360027792 5.966239784e-19)
(0.9702478345 0.1276111194 0)
(0.9700882741 0.1334533799 6.809342094e-19)
(0.9584197309 0.1190144678 1.304466765e-20)
(0.9626847935 0.1278585899 7.431572055e-19)
(0.9472956628 0.1055967885 -1.150991597e-18)
(0.958780263 0.1193817521 1.428226548e-18)
(0.9381499958 0.08765056781 2.469521961e-18)
(0.959790721 0.1087554272 -1.210086889e-20)
(0.9327428295 0.0660860139 3.034696514e-20)
(0.9669338306 0.09843175494 8.493529431e-19)
(0.9319252852 0.0427735045 2.459059995e-18)
(0.9802324898 0.09217774437 -1.009461291e-20)
(0.9280815761 0.02188775417 -1.264005141e-20)
(0.4784142469 0.05655231847 -2.387634098e-20)
(0.6336459883 0.07387957601 2.353063947e-19)
(0.7312916419 0.08309187354 -1.220692359e-20)
(0.81279681 0.09047840717 0)
(0.8833100265 0.09610972043 -2.294318081e-20)
(0.9357907555 0.09973702945 0)
(0.9649302049 0.1010559765 -1.825035065e-20)
(0.9770034606 0.100854922 0)
(0.9813933733 0.0999122378 1.384350594e-19)
(0.9831672211 0.09871024649 -1.320628975e-19)
(0.9841069963 0.09736366248 2.984748086e-20)
(0.984758258 0.09594503406 -1.515950541e-19)
(0.9852889356 0.09444849446 1.135516674e-19)
(0.9857609128 0.09289850127 0)
(0.9862020445 0.09128807855 2.482123481e-21)
(0.9866321675 0.08963505246 0)
(0.9870652786 0.08793833186 -4.786693995e-20)
(0.9875144707 0.08621421941 1.321465728e-19)
(0.9879891374 0.08446600167 -1.637818925e-19)
(0.9884972193 0.08270931747 7.737837802e-20)
(0.9890433806 0.08095028816 -7.185007516e-20)
(0.9896308071 0.07920379834 6.813548199e-20)
(0.9902618205 0.07747774387 -6.110738373e-20)
(0.9909424623 0.07578667316 0)
(0.9916806236 0.0741396529 0)
(0.9924821759 0.0725497345 -9.961775994e-20)
(0.99334775 0.07102575925 -6.364281793e-22)
(0.9942734934 0.06957904561 -4.236327549e-20)
(0.9952545503 0.06821848168 0)
(0.9962890135 0.06695602961 -3.618349956e-20)
(0.9973747113 0.06580030396 -3.183238112e-20)
(0.9985116579 0.06476447952 0)
(0.999697446 0.06385745207 -1.399628644e-19)
(1.00093602 0.06309448319 1.282592717e-19)
(1.002220917 0.0624850151 0)
(1.003559864 0.062047561 -8.243785537e-20)
(1.004942485 0.06179316088 7.550390505e-20)
(1.006380047 0.06174339081 -6.603221776e-20)
(1.007850057 0.06191397712 6.995244014e-22)
(1.009362402 0.06231837092 -5.125450637e-20)
(1.010893081 0.06297911938 0)
(1.01244413 0.06389823462 -3.938338414e-22)
(1.013994572 0.06511352843 -6.398362272e-20)
(1.015522767 0.06660378461 0)
(1.017024643 0.06843039483 4.085416767e-20)
(1.018432347 0.07053213651 0)
(1.019786756 0.07298868882 4.930438063e-22)
(1.020972367 0.07570884971 -3.127349386e-20)
(1.022049214 0.07880762492 -1.88476599e-20)
(1.022860723 0.08210824913 -1.164023776e-20)
(1.023509376 0.08581590759 -1.963358037e-21)
(1.023767217 0.08959041723 3.161868707e-21)
(1.023836633 0.09381760942 7.408273896e-22)
(1.023353564 0.09788365098 -2.946423324e-20)
(1.022709706 0.102499217 -2.380396242e-20)
(1.021299985 0.1065901013 0)
(1.019843931 0.1114250609 0)
(1.017337149 0.1151736371 8.091742371e-22)
(1.015036605 0.1200364871 -2.208520196e-23)
(1.011293818 0.1229572351 1.940291099e-21)
(1.00823089 0.1276446614 -6.577706357e-20)
(1.003134089 0.1291058835 -2.598229478e-21)
(0.9995514854 0.1334407092 1.442983067e-19)
(0.9931172898 0.1326057622 -1.140736126e-20)
(0.989603801 0.1366888257 2.255533919e-19)
(0.9818795456 0.1326152624 8.427553874e-21)
(0.9792797372 0.1370924865 5.8164152e-19)
(0.9699491681 0.1284886118 8.438741821e-19)
(0.9696447979 0.1344679006 -1.925099477e-21)
(0.9579168647 0.1196841936 -1.092926105e-21)
(0.9620561289 0.1287460943 1.799705714e-20)
(0.9466177971 0.1059722336 1.151308765e-18)
(0.9580284826 0.120070625 -1.443882888e-18)
(0.9373491323 0.08767122689 -2.486549984e-18)
(0.9589981791 0.1091658397 1.237462357e-18)
(0.9319409579 0.06570625313 -2.5241854e-18)
(0.9662149974 0.09854849174 -1.299376051e-20)
(0.9312764281 0.0419681108 1.282778863e-20)
(0.9798094152 0.09215226637 6.359874486e-19)
(0.9273197343 0.02072768006 4.880773359e-18)
(0.4716616882 0.05640416392 4.336968128e-19)
(0.6256060146 0.07389085155 3.085803671e-19)
(0.722854765 0.08314568837 -2.368981494e-19)
(0.8040199869 0.09053517079 0)
(0.8747035023 0.09621539294 2.19622878e-19)
(0.9284773782 0.09995387213 -3.671118878e-19)
(0.9594453724 0.1013810667 1.732811507e-19)
(0.9727736778 0.1012105799 0)
(0.9777214488 0.1002334045 3.921228062e-20)
(0.9797176013 0.0989599073 0)
(0.9807665003 0.09752997974 -1.406200075e-19)
(0.9814969859 0.09602009187 1.645144588e-19)
(0.982104212 0.09443002958 9.311212608e-20)
(0.9826587468 0.09278419171 -1.194453308e-19)
(0.9831915586 0.09107879001 8.584269582e-20)
(0.9837233059 0.08933208464 -1.069461163e-19)
(0.9842681677 0.08754572967 0)
(0.9848386927 0.08573677689 9.429994929e-20)
(0.9854434675 0.08391071949 -1.356051392e-19)
(0.9860891975 0.08208375685 0)
(0.9867791329 0.08026341159 0)
(0.9875148841 0.07846459906 3.750817267e-20)
(0.9882970507 0.07669573436 6.965025995e-20)
(0.9891298854 0.07497073612 -6.452272761e-20)
(0.9900196461 0.07329850094 5.735727458e-20)
(0.9909711388 0.07169112871 -5.437150266e-20)
(0.9919841869 0.07015644095 -4.694032436e-22)
(0.9930543927 0.06870514481 4.789407562e-20)
(0.9941764208 0.0673449178 4.247153924e-20)
(0.9953481988 0.06608675617 3.762064863e-20)
(0.9965670562 0.0649382981 -3.563450647e-20)
(0.9978340115 0.06391258189 0)
(0.999145316 0.06301684841 5.712798888e-20)
(1.000507136 0.06226808252 -5.183866945e-20)
(1.001910271 0.0616736292 0)
(1.00336654 0.06125302028 8.620381813e-20)
(1.004861958 0.06101632246 -7.54980943e-20)
(1.006413738 0.06098863432 0)
(1.007991215 0.06118523105 -5.913905862e-20)
(1.00961018 0.06161944265 6.436189327e-20)
(1.011240733 0.06231510345 -4.57458644e-20)
(1.012889989 0.0632728979 -1.031863801e-20)
(1.014532305 0.06453494362 0)
(1.016146841 0.06607562974 5.032422852e-20)
(1.017729285 0.06796396365 -4.081335366e-20)
(1.019204766 0.07012954649 3.289975882e-20)
(1.020625057 0.0726584693 -2.806617621e-20)
(1.021862783 0.07545662012 3.265680041e-20)
(1.022985341 0.07864196394 4.421911637e-21)
(1.023828495 0.08203260241 0)
(1.024499254 0.08583941665 -4.039996498e-21)
(1.024764595 0.08971138349 -4.404909538e-22)
(1.024830455 0.09404600846 0)
(1.024329268 0.09821058953 2.871804615e-20)
(1.023655858 0.1029374534 -3.986825332e-20)
(1.02220282 0.1071207852 -3.27348739e-20)
(1.020691401 0.1120671837 0)
(1.018117475 0.1158926465 1.331188323e-20)
(1.015736806 0.1208646118 0)
(1.011904053 0.1238364698 -3.697229817e-20)
(1.008738118 0.1286294274 9.26924304e-21)
(1.003529231 0.1301024617 -1.314530791e-19)
(0.9998217045 0.1345236483 2.911081992e-21)
(0.9932709507 0.1336429423 -2.292265429e-19)
(0.9896224834 0.1377960642 0)
(0.9818032341 0.1336103015 3.345276689e-19)
(0.9790568238 0.1381712001 -6.138936197e-19)
(0.9696575906 0.1293625354 2.386275324e-20)
(0.9692012959 0.1354704896 1.950337192e-21)
(0.9574279225 0.120352669 1.009446036e-18)
(0.9614300527 0.1296221176 -7.481109785e-19)
(0.9459589169 0.106349823 0)
(0.9572818231 0.1207473284 0)
(0.9365706762 0.08770017927 2.487401137e-18)
(0.9582103449 0.1095646135 -1.246083279e-18)
(0.9311636635 0.06534013301 2.541758534e-18)
(0.9654972605 0.09865279896 0)
(0.9306555339 0.04117915204 -2.50564636e-18)
(0.9793810305 0.09211533089 -6.360524337e-19)
(0.9265920727 0.01958217212 -8.946232623e-21)
(0.4650221019 0.0564812459 -9.798366152e-19)
(0.6175023633 0.0738498535 3.270210264e-19)
(0.7144771474 0.08312963154 2.696050971e-19)
(0.7953468047 0.09051908774 -2.380975051e-19)
(0.8661601966 0.09623640649 2.492283034e-19)
(0.9210890386 0.1000721848 -3.833641683e-19)
(0.9538109451 0.1016000266 2.18715647e-19)
(0.9684269729 0.1014593957 1.842928896e-19)
(0.9739737613 0.1004454903 -1.713055614e-19)
(0.9762119112 0.09909520772 -1.214289477e-19)
(0.9773776502 0.09757448192 1.549674319e-19)
(0.9781918114 0.09596508877 0)
(0.9788804035 0.09427306323 -1.05454717e-19)
(0.979523949 0.09252363255 1.31228784e-19)
(0.9801567046 0.09071664782 0)
(0.9807999371 0.08887149195 0)
(0.9814675332 0.08699282533 -5.686160415e-20)
(0.982170926 0.08509878824 0)
(0.982917286 0.08319703565 4.633721457e-20)
(0.9837114859 0.08130429262 -4.629645518e-20)
(0.9845549165 0.07942911505 0)
(0.9854470885 0.07758621101 -1.142010059e-19)
(0.986386733 0.07578396911 -1.418593761e-19)
(0.9873761927 0.07403536922 1.318622957e-19)
(0.9884200803 0.07234842528 2.333496913e-21)
(0.9895222303 0.07073405598 1.704171597e-19)
(0.9906818405 0.06919920886 -5.263560383e-20)
(0.9918942194 0.06775299777 -4.655647101e-20)
(0.9931537314 0.06640187491 0)
(0.9944584847 0.06515634957 0)
(0.9958055807 0.06402209055 0)
(0.997197577 0.06301312442 0)
(0.9986289716 0.06213472809 0)
(1.000109119 0.06140515125 -2.633829955e-20)
(1.001624539 0.0608297964 -9.703611383e-20)
(1.003193028 0.06043032999 -4.265186409e-20)
(1.004796319 0.06021443886 -2.002667e-20)
(1.006459248 0.0602118593 -6.916065801e-20)
(1.008139858 0.06043788442 1.44324295e-20)
(1.009861904 0.06090492266 -6.562581118e-20)
(1.011588503 0.06163829687 4.458227074e-20)
(1.013333161 0.06263718134 -1.502301515e-19)
(1.015064474 0.06394867406 0)
(1.016762974 0.06554202264 -5.028219198e-20)
(1.018423684 0.06749493697 3.780012433e-20)
(1.019963996 0.06972627951 -2.952542399e-20)
(1.021448489 0.07232893561 0)
(1.022736507 0.07520678439 -1.121140594e-21)
(1.023903122 0.07847967971 1.385706015e-20)
(1.024776719 0.08196150014 0)
(1.025468217 0.08586783825 6.628985516e-21)
(1.025740404 0.08983787488 1.088050848e-21)
(1.025801584 0.09427946538 -1.030265286e-21)
(1.025282366 0.09854265734 4.349122908e-20)
(1.024578654 0.1033794122 4.109053778e-20)
(1.02308343 0.1076550236 7.239993857e-20)
(1.021516254 0.1127106039 -3.598760232e-20)
(1.018877485 0.1166129281 -3.289473471e-20)
(1.016416729 0.1216910034 3.790503667e-22)
(1.012497792 0.1247138436 3.774551761e-20)
(1.009228585 0.1296096778 9.601654031e-21)
(1.003912027 0.1310956273 7.350551278e-22)
(1.000078832 0.1355988632 -1.332071445e-19)
(0.9934174688 0.1346746178 2.14797876e-19)
(0.9896328699 0.1388919134 2.215907981e-19)
(0.9817270643 0.1345988348 -6.471331762e-19)
(0.9788309743 0.1392364573 0)
(0.9693738288 0.1302310109 2.401032965e-22)
(0.9687595008 0.1364589116 7.020351738e-19)
(0.9569542436 0.121018543 -1.022582027e-18)
(0.960808988 0.1304848237 7.41877473e-19)
(0.9453211012 0.1067286958 1.469039235e-20)
(0.9565429075 0.1214108152 0)
(0.9358170012 0.08773724693 -2.515552144e-18)
(0.9574302227 0.1099514988 -1.09467525e-20)
(0.9304132774 0.06498823942 2.806941777e-20)
(0.9647833515 0.0987453287 -8.951524562e-19)
(0.9300642687 0.04040811949 2.495200035e-18)
(0.9789488573 0.09206771533 1.025438834e-20)
(0.9259009636 0.01845343535 -4.959550207e-18)
(0.4583110019 0.05658629885 -5.56671509e-19)
(0.6096622273 0.07375203781 3.697585029e-19)
(0.706238675 0.08305926124 1.978033232e-20)
(0.78682122 0.09044453188 2.677429265e-19)
(0.8577278569 0.09619176741 -2.730216327e-19)
(0.9136787037 0.1001128412 2.010219949e-19)
(0.9480627998 0.1017329245 -2.114172606e-19)
(0.9639801622 0.1016192978 2.033368804e-19)
(0.9701596382 0.1005641563 -2.39318851e-19)
(0.9726571245 0.0991291374 -4.32971874e-20)
(0.9739465898 0.09750718453 0)
(0.9748489914 0.09578708586 -4.198202808e-20)
(0.9756247849 0.0939820725 0)
(0.9763655498 0.09211936607 3.721505901e-20)
(0.977108747 0.09020312833 0)
(0.9778757146 0.08825457715 0)
(0.9786792688 0.0862816016 5.705909153e-20)
(0.9795288864 0.08430361207 0)
(0.9804295675 0.08233019378 5.314530948e-20)
(0.9813836716 0.08037826045 9.574060469e-20)
(0.9823901251 0.07845696093 0)
(0.9834461281 0.07658021894 0)
(0.9845483639 0.0747557195 7.393040866e-20)
(0.9856973305 0.0729950008 6.884474556e-20)
(0.9868961617 0.07130491061 -1.280670791e-19)
(0.9881479175 0.06969467832 -1.157167503e-19)
(0.9894513998 0.06816975106 5.494065816e-20)
(0.9908019021 0.06673823741 -5.020293432e-20)
(0.9921938333 0.0654048564 -9.153595452e-20)
(0.9936258285 0.064179318 -8.330405085e-20)
(0.9950950352 0.06306565309 3.911614322e-20)
(0.9966062509 0.06207900799 3.46147043e-20)
(0.9981514527 0.06122224855 0)
(0.9997441559 0.06051679994 0)
(1.001365308 0.05996464576 9.833470891e-20)
(1.003040277 0.05958879496 0)
(1.004745979 0.05939538665 0)
(1.0065167 0.05942068835 6.915846255e-20)
(1.008295653 0.05967917937 -1.457790138e-20)
(1.010116749 0.06018142851 1.379185002e-20)
(1.011935228 0.0609547166 1.056201788e-20)
(1.013772102 0.06199650185 6.496246122e-20)
(1.015589223 0.06335956909 -6.088162189e-20)
(1.017369045 0.06500733856 0)
(1.019105266 0.06702723873 -7.418955652e-20)
(1.0207071 0.06932573004 -2.913268768e-20)
(1.022253824 0.0720029307 2.723463614e-21)
(1.023590078 0.07496174768 -1.925183521e-20)
(1.024798837 0.07832269438 -3.879613782e-21)
(1.02570155 0.08189641182 -4.518753382e-22)
(1.026412282 0.08590218677 5.082627534e-22)
(1.026690612 0.0899704849 1.916091039e-20)
(1.026745969 0.09451813491 1.276036687e-21)
(1.026208859 0.09887961816 -9.865141113e-20)
(1.025474218 0.1038244478 1.511159774e-21)
(1.023938092 0.1081918264 -3.83374861e-20)
(1.022315011 0.1133539754 -7.467256225e-21)
(1.019613983 0.1173328483 1.917390629e-20)
(1.017073537 0.1225137389 3.275229797e-23)
(1.013072354 0.1255873456 -3.111657656e-23)
(1.009700306 0.1305829649 4.697870418e-20)
(1.004280773 0.132082971 0)
(1.000321831 0.1366636671 1.311638023e-19)
(0.9935560712 0.1356982737 -3.830014146e-21)
(0.9896349883 0.1399737017 -2.138076952e-19)
(0.9816510763 0.1355785296 3.184449958e-19)
(0.978603196 0.1402857487 5.717715249e-21)
(0.9690986033 0.1310920833 -8.509218792e-19)
(0.9683213013 0.1374308817 -1.405525815e-18)
(0.956497175 0.1216804006 1.028216218e-18)
(0.9601955847 0.1313322927 -7.571187008e-19)
(0.9447062603 0.1071079895 0)
(0.9558148121 0.1220600026 0)
(0.9350905383 0.08778222686 5.028870359e-18)
(0.9566610673 0.1103262544 2.584754951e-18)
(0.9296922279 0.0646511739 -2.587203617e-18)
(0.9640762878 0.09882681118 -7.469784191e-21)
(0.929504304 0.03965656216 1.152988795e-20)
(0.9785146685 0.0920103046 -1.030084735e-20)
(0.9252487468 0.01734380433 4.962356381e-18)
(0.4516444415 0.05639661289 -6.224995876e-19)
(0.6019640631 0.07360576008 -2.804947234e-20)
(0.69818562 0.08296706869 1.476870964e-19)
(0.7784954897 0.09034424712 0)
(0.8494584539 0.09611598621 0)
(0.9063020597 0.1001093868 -3.272735404e-20)
(0.942239832 0.1018103372 -2.825831211e-20)
(0.9594501582 0.1017163679 -8.244699913e-20)
(0.9662856823 0.1006106639 1.301133245e-19)
(0.9690565305 0.0990780109 0)
(0.9704760922 0.09733951822 0)
(0.9714723811 0.09549314347 1.754076807e-19)
(0.9723434975 0.09356074273 -1.650054096e-19)
(0.9731927551 0.09157294365 4.042787202e-20)
(0.9740602612 0.08953900229 1.100071231e-19)
(0.9749663933 0.08748257812 -8.863957911e-22)
(0.9759217848 0.08541482504 -6.397381633e-20)
(0.9769328412 0.08335622681 -6.097227188e-20)
(0.9780015056 0.08131773212 -1.09820405e-19)
(0.9791268809 0.07931596379 -5.147147944e-20)
(0.98030516 0.07735970048 -4.759150437e-20)
(0.981530999 0.07546139629 -4.433588736e-20)
(0.9827990882 0.07362732306 -3.923297906e-20)
(0.9841084575 0.07186705833 1.189960129e-21)
(0.985460923 0.07018565897 1.02381053e-19)
(0.9868591654 0.06859059193 0)
(0.9883019534 0.06708589486 2.749321573e-20)
(0.9897848375 0.06567790633 4.928383115e-20)
(0.9913024958 0.06436977264 2.078148887e-19)
(0.992854587 0.06317088124 4.021463209e-20)
(0.994438645 0.06208268712 -1.132951858e-19)
(0.9960624697 0.06112309954 3.554844713e-20)
(0.9977146994 0.06029206908 -6.34454381e-20)
(0.9994139074 0.05961412703 0)
(1.001133171 0.05908781845 -2.467188802e-20)
(1.00290814 0.0587380031 2.334703095e-20)
(1.0047107 0.05856804621 -8.110198217e-20)
(1.006585924 0.05862287725 1.69992256e-20)
(1.008457954 0.05891635454 -1.608202243e-20)
(1.010373589 0.05945554413 -5.327197117e-20)
(1.012279417 0.06027030526 7.960655117e-20)
(1.014204931 0.06135622027 1.869556627e-20)
(1.016104284 0.06277243644 -7.711811785e-22)
(1.017962538 0.06447590917 4.063322543e-20)
(1.019771175 0.06656479275 1.230737909e-21)
(1.021430892 0.06893135206 1.448369935e-21)
(1.023037564 0.07168335564 0)
(1.02441978 0.07472395843 1.836710223e-20)
(1.025668524 0.07817296306 4.758647758e-21)
(1.026598918 0.08183882184 6.376075577e-22)
(1.027327266 0.08594349072 -7.453184305e-22)
(1.027610991 0.090109804 -2.047811613e-20)
(1.027659391 0.09476216829 1.768303485e-21)
(1.027104585 0.09922121716 4.870120194e-20)
(1.026338542 0.1042718968 6.110669493e-20)
(1.024762945 0.108730173 1.630003292e-21)
(1.023084106 0.1139959174 4.324680886e-20)
(1.020323674 0.1180507381 -3.608533451e-22)
(1.017704184 0.1233308503 2.072803076e-20)
(1.013625113 0.1264549346 2.306010455e-22)
(1.01015124 0.1315467891 7.511357452e-22)
(1.004633711 0.1330620168 1.024392386e-19)
(1.000549683 0.1377153204 0)
(0.9936859704 0.1367113256 -4.245971785e-19)
(0.9896289367 0.1410387275 0)
(0.9815752973 0.1365469923 0)
(0.9783746034 0.1413165422 -5.918667662e-19)
(0.9688326228 0.1319437397 8.502445707e-19)
(0.9678887374 0.1383840881 6.965203191e-19)
(0.9560580528 0.1223367711 -2.058768153e-18)
(0.9595923591 0.132161686 1.447825512e-20)
(0.9441165193 0.107487701 -7.411172987e-21)
(0.9551009661 0.122693766 0)
(0.9343937811 0.08783490055 2.654268938e-20)
(0.9559063931 0.1106886466 -1.970137026e-20)
(0.9290030333 0.06432952113 2.905029973e-20)
(0.9633794105 0.09889806956 8.640969492e-19)
(0.9289772999 0.0389260638 1.315838073e-20)
(0.9780805357 0.09194410799 0)
(0.9246376787 0.01625573264 0)
(0.4451704439 0.05623600791 -4.490433107e-20)
(0.5944753672 0.07346777403 2.881403663e-19)
(0.6903768094 0.0828825617 -1.85747073e-19)
(0.7704208218 0.09025727995 0)
(0.8414032024 0.09605064071 -1.875018926e-19)
(0.8990129841 0.1001036153 3.433886735e-19)
(0.9363800643 0.101870495 3.400208405e-20)
(0.9548508409 0.1017825727 -2.405329523e-19)
(0.9623531091 0.1006096355 2.290138115e-19)
(0.9654077088 0.09895900991 -2.714870249e-19)
(0.9669644228 0.09708181249 2.505278424e-22)
(0.9680632351 0.09508808424 1.443762345e-19)
(0.9690421574 0.09301020811 4.566960093e-20)
(0.970016045 0.09088381278 -1.274618469e-19)
(0.9710264034 0.08872396588 2.597991051e-21)
(0.9720910126 0.08655693122 0)
(0.9732168499 0.0843966877 0)
(0.9744058544 0.08226414469 -3.541756459e-21)
(0.9756563885 0.08017065288 -7.941304471e-22)
(0.9769635573 0.07813139522 -1.169436418e-21)
(0.97832082 0.07615384969 1.007472716e-19)
(0.9797202686 0.0742481905 4.444543236e-20)
(0.9811550392 0.07241829493 4.093602447e-20)
(0.9826232094 0.07067143981 -3.878248688e-20)
(0.9841255919 0.06901073805 2.303602637e-21)
(0.985665078 0.0674414411 6.442563561e-20)
(0.9872406179 0.06596598554 2.836420514e-20)
(0.9888483837 0.06458964606 -2.68641155e-20)
(0.9904837604 0.06331348914 2.368165359e-21)
(0.99214755 0.06214641677 0)
(0.9938382421 0.06108750744 -9.871130974e-20)
(0.9955676971 0.06015819753 -5.360696562e-20)
(0.997319414 0.05935514178 1.439018781e-19)
(0.9991190607 0.05870825671 -2.886063122e-20)
(1.000928073 0.05821036648 1.329877421e-20)
(1.002795993 0.05788697562 0)
(1.004689396 0.05774000991 8.111935078e-20)
(1.006666393 0.0578259705 0)
(1.008625271 0.05815659412 0)
(1.010630516 0.05873382692 1.070330005e-19)
(1.012619006 0.05959105251 -8.48500658e-20)
(1.014629217 0.06072179219 -5.014540691e-21)
(1.016606954 0.06219214285 1.168116218e-19)
(1.018540623 0.06395213635 -4.13141299e-20)
(1.020418205 0.06611153559 3.265940353e-20)
(1.022131933 0.06854659663 2.475514651e-20)
(1.023795934 0.07137312543 -2.737435229e-20)
(1.025221649 0.07449586256 3.974742351e-22)
(1.026508004 0.07803244868 -2.87717319e-21)
(1.027464547 0.08179021411 0)
(1.028208797 0.08599277896 -2.221584871e-20)
(1.028497137 0.09025641414 1.818542007e-21)
(1.028537487 0.09501171043 -1.721723023e-21)
(1.027965246 0.0995671832 6.56813737e-20)
(1.027167513 0.1047210909 -6.100117395e-20)
(1.025554018 0.1092690251 0)
(1.023819916 0.1146350491 0)
(1.021003135 0.1187649269 3.590477063e-20)
(1.018305573 0.1241403577 3.982011361e-21)
(1.014153274 0.1273148144 -3.157855646e-21)
(1.010579422 0.1324984325 2.450463654e-20)
(1.004969033 0.13403024 -1.051468114e-19)
(1.000761396 0.138751056 1.664196178e-21)
(0.9938063675 0.1377111449 2.068818266e-19)
(0.9896148797 0.1420842957 -2.108680988e-19)
(0.9814997359 0.1375017977 -6.249008518e-19)
(0.9781464067 0.1423263153 1.171178094e-18)
(0.9685765702 0.1327839337 -8.497614426e-19)
(0.9674639826 0.1393162221 -7.060789907e-19)
(0.9556381575 0.1229861244 -1.741909255e-21)
(0.9590026196 0.1329707187 -7.712900314e-21)
(0.9435535082 0.1078673224 -2.352129515e-18)
(0.9544049289 0.1233109258 0)
(0.9337292546 0.08789503038 1.760223351e-20)
(0.9551699494 0.1110384672 1.721409398e-20)
(0.9283482136 0.06402384235 -2.920836784e-20)
(0.9626963337 0.0989600118 1.293850178e-20)
(0.9284848331 0.03821819846 0)
(0.9776488204 0.09187025381 1.071489819e-20)
(0.9240698638 0.01519174409 -5.039996303e-18)
(0.4390055918 0.05592234248 8.072533294e-19)
(0.5872976195 0.07342376738 -2.835244162e-19)
(0.6829044407 0.08281003658 0)
(0.7626702287 0.0902250492 4.644382264e-20)
(0.8336247726 0.09604163137 8.123723598e-20)
(0.8918683706 0.1001452369 7.503485976e-20)
(0.9305213564 0.101958531 -3.138534854e-19)
(0.9501921487 0.1018541462 9.995906751e-20)
(0.9583565971 0.1005862761 3.229824225e-20)
(0.9617018887 0.09878684693 5.642183163e-20)
(0.9634057137 0.09674001722 0)
(0.9646215853 0.09457177125 5.331523892e-20)
(0.965727867 0.09232735003 -4.65947317e-20)
(0.9668493721 0.09004874029 4.357656703e-20)
(0.9680269192 0.08775695462 -8.388443944e-20)
(0.9692731384 0.08548025407 0)
(0.9705901216 0.08323437745 0)
(0.9719739016 0.08103891154 1.990791614e-19)
(0.9734192402 0.07890426543 -1.227956155e-19)
(0.9749166437 0.07684313616 1.125121547e-19)
(0.976457409 0.07486026062 -1.543840725e-19)
(0.9780312822 0.07296275184 -4.821642914e-20)
(0.9796304312 0.07115125298 4.248925814e-20)
(0.9812529973 0.06943062972 -4.024600928e-20)
(0.9828990166 0.06780168901 -7.085222077e-20)
(0.984572273 0.06626767751 -6.45405005e-20)
(0.9862724295 0.06482974742 -6.015367896e-20)
(0.9879962767 0.06349150451 0)
(0.9897398721 0.06225240241 2.076288881e-21)
(0.9915058345 0.06112122658 0)
(0.9932943053 0.06009354278 9.920643062e-20)
(0.9951218682 0.05919680281 7.100561148e-20)
(0.9969660837 0.05842346023 -1.475454233e-19)
(0.9988596647 0.05780953463 0)
(1.000749225 0.05734167241 -1.190350537e-19)
(1.00270226 0.05704495829 2.346951011e-20)
(1.004681292 0.05691960546 -1.075114171e-20)
(1.006756901 0.05703736149 0)
(1.008796172 0.05740709638 5.606393684e-20)
(1.010885756 0.05802262576 -4.664068249e-20)
(1.012951989 0.05892273413 0)
(1.015042468 0.0600985103 -4.321065726e-21)
(1.017094335 0.06162338872 -1.154741219e-19)
(1.01910026 0.06344030785 0)
(1.02104294 0.06567131488 -1.808819317e-21)
(1.022806635 0.06817488131 2.280441883e-20)
(1.024524956 0.07107515058 2.843067932e-20)
(1.025991543 0.07427988775 9.706370826e-23)
(1.027312942 0.077903104 2.406024503e-21)
(1.028294007 0.08175205918 -6.158886296e-22)
(1.02905237 0.08605107567 2.191451116e-20)
(1.029344521 0.0904108849 3.15523187e-20)
(1.029375792 0.0952669039 0)
(1.028786445 0.09991723733 -6.557124062e-20)
(1.027956952 0.1051713663 0)
(1.026307269 0.1098073433 1.871775934e-21)
(1.024518783 0.115270004 -2.825384806e-22)
(1.02164886 0.1194737518 -7.485382572e-20)
(1.018874671 0.1249403023 3.17461145e-21)
(1.014654167 0.1281648533 -1.752705466e-21)
(1.01098263 0.1334354689 -2.539255765e-20)
(1.005284905 0.1349851038 2.548500952e-21)
(1.000956014 0.1397681215 -1.584206649e-21)
(0.9939164618 0.1386950986 0)
(0.9895930509 0.1431077512 2.096313497e-19)
(0.9814243843 0.1384405201 8.354649808e-21)
(0.9779199066 0.1433125885 -5.828151838e-19)
(0.968331099 0.1336106113 -8.539642364e-19)
(0.9670493331 0.1402250115 7.115618963e-19)
(0.9552387059 0.1236268942 2.05600646e-18)
(0.9584300071 0.1337577282 6.828405121e-21)
(0.9430188029 0.1082458022 2.358519972e-18)
(0.9537303441 0.1239102751 1.525166433e-18)
(0.9330994867 0.08796234989 -5.113842981e-18)
(0.9544557185 0.111375539 -2.619645699e-18)
(0.9277302936 0.0637346523 7.519840088e-21)
(0.9620309825 0.09901363934 6.72411333e-21)
(0.9280283834 0.03753450156 -6.641308156e-21)
(0.9772222142 0.0917899977 1.074785275e-20)
(0.9235472047 0.01415440375 5.037480831e-18)
(0.4333488693 0.05553094004 4.160512438e-19)
(0.5804399647 0.07345408145 -2.764445414e-19)
(0.6758594921 0.08282212767 0)
(0.7553374479 0.09032753328 1.483373844e-19)
(0.8261922432 0.0961669636 -3.954569514e-19)
(0.8849209525 0.1003071045 2.432410764e-19)
(0.9246935836 0.102133235 0)
(0.9454742324 0.1019724621 0)
(0.9542812479 0.1005638301 -3.253056175e-20)
(0.9579236123 0.0985698856 -1.261583534e-19)
(0.9597918318 0.09631207861 1.800075096e-19)
(0.9611494411 0.09393679776 -1.109491113e-19)
(0.9624129165 0.09150403559 0)
(0.9637134723 0.08906236916 0)
(0.9650882438 0.08663793402 4.343829379e-20)
(0.9665420988 0.08425868552 0)
(0.9680714796 0.08193985914 -2.912617458e-21)
(0.969665271 0.07969758939 -1.398002253e-19)
(0.9713158483 0.07753966396 0)
(0.9730085584 0.07547491743 -6.006148598e-20)
(0.9747336205 0.07350410593 1.076979071e-19)
(0.976478927 0.07163086221 4.514100523e-20)
(0.9782366133 0.06985148925 1.169602632e-21)
(0.9800062966 0.06816877473 4.154975193e-20)
(0.981787173 0.06658147455 0)
(0.9835850493 0.06509047339 6.7802766e-20)
(0.9854001074 0.06369611151 2.860318888e-20)
(0.9872298754 0.06240129356 -8.393409106e-20)
(0.9890714468 0.06120315257 -1.236122374e-19)
(0.9909291928 0.0601100323 2.317558226e-20)
(0.9928061219 0.05911425555 2.00071771e-20)
(0.9947244237 0.05825045235 -3.696916434e-20)
(0.9966538502 0.05750697336 6.685778107e-20)
(0.9986343985 0.05692832625 1.534764885e-20)
(1.000595037 0.05649191509 9.32824965e-20)
(1.002625268 0.05622004343 1.230435674e-20)
(1.004684884 0.05611392826 8.502740791e-20)
(1.006855247 0.0562641786 0)
(1.008968327 0.056674509 -5.59681548e-20)
(1.011136877 0.05732811787 -7.202210062e-21)
(1.013275854 0.05827107909 0)
(1.015441766 0.05949169112 -4.321353326e-21)
(1.017563188 0.06107086569 6.370638683e-20)
(1.019638157 0.06294467806 -2.505342778e-21)
(1.021641736 0.06524788618 4.111585964e-21)
(1.02345125 0.06781954528 -2.386752891e-20)
(1.025220457 0.07079230167 0)
(1.026725159 0.07407840436 -6.112121999e-21)
(1.028078876 0.07778685305 8.652243637e-21)
(1.029082739 0.08172580378 -3.713725895e-22)
(1.029853376 0.08611939084 -9.454238842e-22)
(1.030148515 0.09057377348 -2.980073024e-20)
(1.030169776 0.09552789223 0)
(1.029563724 0.1002711031 1.199424164e-21)
(1.028702649 0.1056220836 -7.899793984e-20)
(1.027018617 0.1103441099 6.832896198e-20)
(1.025177029 0.1158994637 -8.180111291e-22)
(1.022257298 0.1201755902 8.387342418e-20)
(1.019408528 0.1257287883 -2.950622309e-20)
(1.015125014 0.1290029499 4.317673261e-21)
(1.011358643 0.134355547 0)
(1.005579475 0.1359240934 0)
(1.00113262 0.140763817 2.479282231e-21)
(0.9940154558 0.1396605869 -2.362106512e-21)
(0.9895637458 0.1441065232 0)
(0.981349214 0.1393607725 6.339088538e-19)
(0.977696477 0.1442729641 1.070978841e-21)
(0.9680968213 0.1344217444 8.298967109e-19)
(0.9666471812 0.1411082571 5.883094881e-21)
(0.9548608601 0.1242575337 -1.03148224e-18)
(0.9578778263 0.1345210387 0)
(0.9425143775 0.108622146 2.359506546e-18)
(0.9530809879 0.1244906436 -1.501037327e-18)
(0.932506952 0.0880365611 2.548484609e-18)
(0.9537678815 0.1116997303 1.317470905e-18)
(0.9271517217 0.06346240905 -3.683464237e-22)
(0.9613875404 0.0990600353 -6.525350253e-21)
(0.9276092726 0.03687642472 0)
(0.9768037264 0.09170471063 -5.387227018e-21)
(0.9230713379 0.01314625812 5.442448201e-21)
(0.4283235542 0.05574272528 4.488694878e-19)
(0.5741382292 0.07356063039 -2.991774206e-19)
(0.6693543654 0.08306363252 0)
(0.7485063328 0.09067741379 -5.447732323e-20)
(0.8191526385 0.09653509137 4.926508192e-20)
(0.8781980662 0.1006783155 -4.25215403e-20)
(0.9189033022 0.1024581999 0)
(0.9406791415 0.1021737581 -1.54477143e-19)
(0.9501005064 0.1005538894 2.52720861e-19)
(0.9540531457 0.09830253982 -1.364147608e-19)
(0.9561172395 0.09578329223 6.510197954e-20)
(0.9576562404 0.09316676046 5.628836897e-20)
(0.9591192586 0.09052793893 -1.744709784e-21)
(0.9606386898 0.08792018717 -2.049971218e-19)
(0.962245393 0.08537127423 9.58715956e-20)
(0.963933098 0.08290466375 -1.755673019e-19)
(0.9656942883 0.08053268366 2.389184131e-19)
(0.967509283 0.07826453738 -2.440599338e-21)
(0.9693712554 0.0761040974 -1.367410452e-19)
(0.9712594435 0.07405580647 -1.976875831e-21)
(0.9731650193 0.0721148496 5.630412823e-20)
(0.9750746131 0.07028129364 -1.441522809e-21)
(0.9769813641 0.06854618873 4.918092893e-20)
(0.9788882887 0.06691114818 4.087126142e-20)
(0.9807931083 0.0653729733 -1.52077493e-19)
(0.9827047691 0.06393061107 -3.284951483e-20)
(0.9846246428 0.06258449759 6.156253073e-20)
(0.9865496744 0.0613360989 8.330286594e-20)
(0.9884775078 0.0601808663 -5.096171568e-20)
(0.9904161273 0.05912677995 4.609851087e-20)
(0.9923721526 0.05816168802 -2.131381109e-20)
(0.9943736205 0.05733034481 0)
(0.9963819665 0.05661652422 1.647067482e-20)
(0.9984426768 0.05607384044 -1.558048629e-20)
(1.00046347 0.05566921392 -1.321003591e-20)
(1.002562998 0.05542038504 9.833766026e-20)
(1.004699197 0.05533081905 -7.394739023e-20)
(1.006959804 0.05551341743 0)
(1.00913997 0.05596524883 -7.710482433e-21)
(1.011381937 0.05665607702 7.289410756e-21)
(1.013588384 0.05764146685 -9.288529625e-20)
(1.015824281 0.05890635663 4.331105495e-21)
(1.018010199 0.06053899987 -7.45040038e-21)
(1.020150812 0.06246928894 3.172595774e-21)
(1.022210867 0.06484482899 -3.147955522e-20)
(1.02406195 0.06748380849 2.034171431e-20)
(1.025878158 0.07052737844 4.193435924e-22)
(1.02741811 0.07389370735 9.655091607e-21)
(1.028801286 0.07768557323 -7.772874901e-21)
(1.029826112 0.08171286091 -4.48168797e-22)
(1.030607152 0.08619871798 -1.028389419e-21)
(1.030904445 0.09074562585 9.733050841e-22)
(1.030914887 0.09579482832 8.101334997e-20)
(1.030292606 0.1006285221 0)
(1.029400399 0.1060726441 1.599323925e-19)
(1.027683978 0.1108783559 4.289974957e-21)
(1.025790994 0.1165221808 0)
(1.022824915 0.1208688862 -4.289892235e-20)
(1.019904265 0.1265040217 -3.75143804e-20)
(1.015562949 0.1298270835 0)
(1.011705307 0.135256425 0)
(1.005850883 0.1368447699 0)
(1.001290353 0.1417355472 1.03202514e-19)
(0.9941025623 0.140605094 1.607289532e-21)
(0.989527319 0.1450781696 -3.581742402e-21)
(0.9812741782 0.1402602495 -4.471695401e-22)
(0.9774775551 0.1452051696 -3.364228152e-21)
(0.9678743059 0.1352153668 5.406448335e-21)
(0.966259999 0.1419638709 0)
(0.9545057434 0.1248765632 7.263500068e-21)
(0.9573492483 0.1352589955 -7.899224181e-19)
(0.9420423005 0.1089953977 -4.726299792e-18)
(0.9524608037 0.1250509413 -1.529026914e-18)
(0.9319540487 0.08811734167 0)
(0.9531108022 0.1120109617 1.322853001e-18)
(0.9266148637 0.0632074985 0)
(0.9607704645 0.09910036302 6.768227565e-21)
(0.9272286539 0.0362453005 -5.154688299e-18)
(0.9763967077 0.09161587732 -1.677529868e-22)
(0.9226435964 0.01216979129 5.453617777e-21)
(0.423947656 0.05620510088 0)
(0.5687837062 0.0739005028 0)
(0.6635394087 0.08366707506 0)
(0.7422419188 0.09140312122 5.534009732e-20)
(0.8125228053 0.09726387916 5.329498551e-20)
(0.8716923537 0.1013449655 -9.412484503e-20)
(0.913128571 0.1029831513 -4.572953715e-20)
(0.9357718488 0.1024722573 0)
(0.9457826873 0.1005437538 3.794032639e-20)
(0.9500755125 0.09795797034 0)
(0.9523882956 0.09512439256 0)
(0.9541669703 0.09223908839 -6.306325304e-20)
(0.9558850511 0.08938878438 1.147841062e-21)
(0.9576684969 0.08662400279 5.504696356e-20)
(0.959542388 0.08396998153 0)
(0.9614864251 0.08144079237 8.98707463e-20)
(0.9634932851 0.07904170623 0)
(0.9655335836 0.07677222749 3.756720951e-20)
(0.9676073552 0.07463151067 3.304665892e-20)
(0.9696854201 0.07261971331 3.139772782e-20)
(0.971762737 0.07072500385 7.551099146e-22)
(0.9738253475 0.06894468613 -2.660383282e-20)
(0.9758684085 0.06726329766 -9.326043583e-20)
(0.9779006338 0.06568288813 0)
(0.9799167211 0.064199005 7.647188809e-20)
(0.9819307152 0.06280789563 -7.015209352e-20)
(0.9839448429 0.06151186981 1.543102881e-20)
(0.9859536271 0.06031205492 -1.460594519e-20)
(0.987955616 0.0592003492 0)
(0.9899642551 0.05818409812 0)
(0.9919902072 0.05724747681 0)
(0.9940672798 0.05644617813 -9.28138981e-21)
(0.9961485323 0.05576042008 8.779676598e-21)
(0.9982813618 0.05525501459 0)
(1.000352032 0.05488222246 1.111121058e-19)
(1.002513516 0.0546526593 -9.75683389e-20)
(1.004722692 0.05457675924 8.746839458e-20)
(1.007066948 0.05479150283 0)
(1.009308431 0.05528510576 0)
(1.011618349 0.05601202339 4.962758979e-20)
(1.013886896 0.05703914912 1.928886082e-19)
(1.01618687 0.05834745932 0)
(1.018431962 0.06003217058 -3.35118299e-21)
(1.020634618 0.06201805927 3.167334496e-21)
(1.022746534 0.06446552496 3.307989378e-20)
(1.02463483 0.0671707384 -2.186474379e-20)
(1.026493711 0.07028307745 -3.583370952e-22)
(1.028065974 0.07372799178 -3.602951306e-21)
(1.029475638 0.07760108521 1.240309165e-20)
(1.030519476 0.08171460737 0)
(1.031309041 0.0862900343 0)
(1.031607644 0.09092698814 -3.785481097e-20)
(1.031606612 0.09606789067 -8.083962475e-20)
(1.030968651 0.1009892782 -1.342225408e-21)
(1.030046055 0.1065225218 -8.076991836e-20)
(1.028299315 0.1114091978 -7.345767943e-20)
(1.026357077 0.1171370215 2.020909258e-21)
(1.023348232 0.1215522019 -1.589382491e-21)
(1.02035905 0.1272643575 3.747913381e-20)
(1.01596509 0.1306353754 0)
(1.012020557 0.1361360139 -1.531237925e-21)
(1.006097279 0.1377448268 7.240273824e-22)
(1.001428407 0.1426808758 -1.036896147e-19)
(0.994177012 0.1415262438 1.584502203e-21)
(0.9894841726 0.1460204314 -1.50525849e-21)
(0.9811992072 0.1411367791 0)
(0.9772646142 0.1461071067 0)
(0.9676640633 0.1359896187 0)
(0.9658902991 0.1427899198 -7.064017499e-19)
(0.954174412 0.1254825996 1.029827846e-18)
(0.9568475364 0.1359700421 7.743703721e-19)
(0.9416044362 0.1093646286 2.365673622e-18)
(0.9518738454 0.1255901821 -5.08611237e-21)
(0.9314430375 0.08820435166 0)
(0.952488974 0.1123092184 -2.648835719e-18)
(0.9261219165 0.06297022197 0)
(0.9601844098 0.09913584736 0)
(0.926887447 0.0356422952 5.144351023e-18)
(0.976004808 0.0915250744 -6.548367072e-19)
(0.9222649455 0.01122735082 5.460275163e-21)
(0.4207170411 0.05626847776 0)
(0.5644498097 0.07466784073 0)
(0.658541056 0.084793408 0)
(0.7365786866 0.09267462141 -6.260961348e-20)
(0.8062769219 0.09847240763 1.678376894e-19)
(0.8653539102 0.1023777333 -2.033799086e-19)
(0.907319591 0.1037267092 1.901610684e-19)
(0.9307094135 0.1028461554 4.642238693e-20)
(0.9413050101 0.1004890933 0)
(0.9459960789 0.0974878984 8.142301095e-20)
(0.9486362532 0.09429808174 2.878762516e-21)
(0.9507289455 0.09113459467 6.84548777e-20)
(0.9527639331 0.08808370976 -1.261750796e-19)
(0.9548556863 0.08518631047 1.633630709e-21)
(0.9570274658 0.08246006477 -2.527990723e-22)
(0.9592423993 0.07990044003 0)
(0.9615016281 0.07750548962 8.869201274e-20)
(0.9637614535 0.07526087258 0)
(0.9660405529 0.07316088824 3.516152954e-20)
(0.9682970687 0.0712039119 -3.325216019e-20)
(0.9705325555 0.06936892564 0)
(0.9727334716 0.06765210727 2.596651962e-20)
(0.9748975708 0.06603031701 -9.766843409e-20)
(0.9770417483 0.06450826116 -2.218650022e-20)
(0.9791553778 0.06308056874 0)
(0.9812595382 0.06174064137 -6.896374718e-22)
(0.9833584907 0.0604950737 -6.408369943e-20)
(0.985439643 0.05934359563 1.159387975e-19)
(0.987502229 0.05827387311 0)
(0.9895707607 0.05729323896 -1.154735359e-20)
(0.9916579574 0.05638170137 1.092410363e-20)
(0.9938025046 0.05560741658 9.385494329e-21)
(0.9959524626 0.05494809409 -8.876781813e-21)
(0.9981497314 0.05447938429 0)
(1.000258432 0.05413695893 1.419064452e-21)
(1.002475233 0.05392358982 -6.02442959e-21)
(1.004754445 0.05385914543 -8.172951267e-20)
(1.007174598 0.0541047131 -4.606302856e-21)
(1.009471678 0.05463915037 3.986435189e-22)
(1.01184369 0.05540083631 7.848492301e-21)
(1.014168495 0.05646877969 -9.68924849e-20)
(1.016526106 0.05781940391 0)
(1.018824597 0.0595543146 0)
(1.021085295 0.06159456796 -4.467287978e-20)
(1.023244946 0.0641131189 -8.046478527e-22)
(1.025165907 0.06688319401 7.605634603e-22)
(1.027062746 0.07006194818 0)
(1.028664314 0.07358333193 -9.357957659e-23)
(1.030097395 0.07753513335 -1.25851163e-20)
(1.031158161 0.08173237326 2.813207059e-22)
(1.031954392 0.08639429991 -5.77232851e-22)
(1.032253456 0.09111841273 7.834414522e-20)
(1.032240472 0.09634729828 -6.218039981e-22)
(1.031587451 0.1013532219 0)
(1.030635525 0.1069712909 0)
(1.02886064 0.1119358757 1.191520881e-21)
(1.026871739 0.1177430053 -1.129536369e-21)
(1.02382382 0.1222242651 -7.429482954e-22)
(1.020770087 0.12800835 7.049360479e-22)
(1.016328598 0.1314261505 1.045696827e-22)
(1.012302419 0.1369924418 1.427976148e-21)
(1.006316827 0.138622164 0)
(1.001546037 0.1435975979 -9.631921192e-20)
(0.9942380579 0.1424218712 1.562542276e-21)
(0.9894347568 0.1469312974 -1.48458844e-21)
(0.9811242205 0.1419883873 0)
(0.9770591657 0.1469769125 2.802403526e-21)
(0.9674665646 0.1367428049 -8.342292243e-19)
(0.9655406391 0.1435846844 -3.313088651e-21)
(0.9538678646 0.1260743923 2.533935823e-21)
(0.9563761606 0.1366527995 0)
(0.9412024029 0.1097289694 0)
(0.9513242607 0.1261075101 1.530358607e-18)
(0.9309760626 0.0882972547 -3.946149992e-21)
(0.9519070309 0.1125945662 1.329088139e-18)
(0.9256749454 0.062750792 -3.612833595e-21)
(0.9596342634 0.09916776944 -9.150525254e-19)
(0.9265863808 0.03506837389 -6.703020243e-21)
(0.9756320119 0.09143396051 6.435277053e-19)
(0.9219360109 0.01032108149 0)
(0.4190271155 0.0569716816 -2.711762045e-19)
(0.5612744126 0.0761320565 4.124935973e-19)
(0.6543918998 0.0866804416 -3.741052833e-19)
(0.7314740084 0.09466811884 2.594284749e-19)
(0.8003456531 0.1002551146 -1.767703622e-19)
(0.8590968644 0.1037991117 5.482363035e-20)
(0.9014161756 0.1046525117 5.20513436e-20)
(0.9254672265 0.1032262179 -4.685100406e-20)
(0.9366806023 0.1003135416 4.68722967e-20)
(0.9418607389 0.09683217537 -8.206292603e-20)
(0.9449293645 0.09327151863 -2.343108096e-19)
(0.9474165775 0.08984406163 7.301324437e-20)
(0.9498269508 0.08662759056 6.738017812e-20)
(0.9522616125 0.0836401637 6.155690188e-20)
(0.9547503101 0.08088486159 1.101862033e-19)
(0.9572363385 0.07833220928 -1.50410225e-19)
(0.95974467 0.07597266984 -1.344203414e-19)
(0.9622095274 0.07377701427 0)
(0.964680649 0.07173473197 0)
(0.9670991262 0.06984695047 -3.244984031e-20)
(0.9694747985 0.06808066516 9.093087699e-20)
(0.9717968733 0.06643338972 0)
(0.974065225 0.0648730642 1.204005357e-19)
(0.9763072499 0.06340955218 -4.385059025e-20)
(0.9785041433 0.0620372686 9.943260951e-20)
(0.9806863884 0.06074490445 1.695973182e-20)
(0.9828624339 0.05954746266 4.763216916e-20)
(0.9850043103 0.05844378694 -1.159725302e-19)
(0.9871128527 0.05741286102 0)
(0.9892327043 0.05646366079 0)
(0.9913729013 0.05557375795 0)
(0.993576389 0.05482178721 7.784005961e-20)
(0.9957929817 0.05418610035 0)
(0.998046546 0.05375420864 -5.544634616e-20)
(1.000180608 0.05343999288 -1.19669141e-19)
(1.002447058 0.0532385218 -6.097046245e-21)
(1.004794465 0.05318402996 5.763310536e-21)
(1.007281447 0.05345890035 0)
(1.009629056 0.05403239526 -4.00814597e-21)
(1.012056986 0.05482741683 -5.643265835e-20)
(1.014431757 0.05593500882 9.934338206e-20)
(1.016840137 0.05732659643 0)
(1.019185862 0.05910944951 5.91881672e-20)
(1.021499905 0.06120227527 1.274411657e-21)
(1.023702546 0.06379042106 0)
(1.025651313 0.06662381936 4.40950693e-22)
(1.027581123 0.06986639097 -4.16722644e-22)
(1.029208907 0.07346169837 1.110595926e-22)
(1.030662246 0.07748941075 1.455088554e-20)
(1.031737723 0.08176747742 0)
(1.032538792 0.08651249978 -5.97655506e-22)
(1.03283746 0.09132051277 -7.911727056e-20)
(1.032812238 0.09663337125 9.077438692e-20)
(1.032144842 0.1017203402 -6.772070048e-22)
(1.031164957 0.1074187004 9.090533723e-20)
(1.029364184 0.1124578346 -6.149895957e-22)
(1.027331656 0.1183393902 1.094066275e-21)
(1.024248424 0.1228840622 -5.585321681e-20)
(1.021134718 0.1287348386 3.69282766e-22)
(1.016650771 0.1321980314 0)
(1.012549025 0.13782414 0)
(1.006507744 0.1394749807 0)
(1.001642559 0.1444838291 2.650840701e-21)
(0.9942849637 0.1432901107 0)
(0.989379518 0.1478090831 1.99836739e-21)
(0.9810490718 0.1428133751 -4.270603964e-21)
(0.9768626594 0.1478130271 2.243922588e-21)
(0.9672821456 0.1374734553 2.222067785e-21)
(0.9652134766 0.1443467129 6.998820425e-19)
(0.9535868941 0.1266508535 -1.021426624e-18)
(0.9559385678 0.1373061073 -3.87477038e-21)
(0.9408374638 0.1100876424 2.357833477e-18)
(0.9508160721 0.1266022134 -3.715821535e-22)
(0.9305549289 0.08839571001 3.924006054e-21)
(0.9513695288 0.1128671462 3.880538249e-21)
(0.9252756299 0.06254929701 -3.797787075e-21)
(0.9591249057 0.0991974237 1.849334777e-18)
(0.9263257819 0.03452422349 0)
(0.9752824733 0.0913442322 -6.418917712e-19)
(0.9216568661 0.009452803028 -2.254974849e-21)
(0.4194306277 0.05857506511 0)
(0.5593559743 0.07863862994 -4.707079966e-20)
(0.6510064722 0.0896087529 7.717611041e-20)
(0.7267644264 0.09748257812 -6.776916471e-20)
(0.7945694566 0.1026164668 6.522297587e-20)
(0.8528157182 0.1055375639 -5.563051382e-20)
(0.8953725978 0.1056526916 5.478707626e-20)
(0.9200638247 0.1034977123 0)
(0.9319761409 0.09992628384 -4.724781314e-20)
(0.9377665561 0.09594208299 -9.301387794e-20)
(0.9413677862 0.09203338614 4.015974285e-20)
(0.9443220118 0.0883885716 3.874571443e-20)
(0.947152103 0.08506532777 -3.410005167e-20)
(0.949945449 0.08204222228 -6.32831327e-20)
(0.9527530998 0.07930611183 -2.714694029e-20)
(0.9554949008 0.07679614391 1.271502996e-19)
(0.9582370688 0.07449858619 4.536317821e-20)
(0.9608842463 0.07236992136 2.137675272e-20)
(0.9635286899 0.07039521558 -7.544803241e-20)
(0.9660883577 0.0685862037 -6.778189383e-20)
(0.9685842142 0.06689243996 -7.50923223e-20)
(0.9710095357 0.06531571614 2.728816605e-20)
(0.9733650975 0.06381471292 -2.453659277e-20)
(0.9756905705 0.06240658316 1.131180906e-20)
(0.9779566019 0.06108582674 -6.947992552e-20)
(0.9802052532 0.0598346382 7.097445972e-20)
(0.9824485543 0.05868090351 -8.275368023e-21)
(0.9846385396 0.05762258382 7.158178457e-21)
(0.9867824031 0.05662580815 -1.324895499e-20)
(0.988947308 0.05570319476 6.126765547e-21)
(0.9911325898 0.05483143073 0)
(0.9933861904 0.05409657101 -7.297330852e-20)
(0.9956624835 0.05348049869 7.040902714e-20)
(0.9979631197 0.05308379864 5.895291526e-20)
(1.000116751 0.0527954249 -1.147974585e-19)
(1.002428441 0.05260259907 0)
(1.004835666 0.05255658667 0)
(1.007379545 0.05285820523 -7.470661696e-20)
(1.009773363 0.05346797783 -4.469066809e-21)
(1.012251276 0.05429506999 -5.84961045e-20)
(1.014670107 0.05544106638 1.581265441e-21)
(1.017122928 0.05687220849 -8.119049291e-20)
(1.019510218 0.05870069224 1.41792782e-21)
(1.021872583 0.06084413824 4.63722638e-20)
(1.024115278 0.06350006333 7.898199592e-22)
(1.02608664 0.06639489494 -1.180870989e-21)
(1.028044287 0.06969852811 -1.614203438e-20)
(1.029695072 0.07336485937 1.818275586e-22)
(1.031165422 0.07746546433 -1.471653381e-20)
(1.032253263 0.08182114843 -2.591174087e-20)
(1.033057404 0.08664558432 -6.098888863e-22)
(1.033354833 0.09153392043 4.084281521e-20)
(1.033317321 0.09692650624 -1.808722448e-19)
(1.032636319 0.1020907517 0)
(1.031630207 0.1078646845 1.583750517e-21)
(1.029805914 0.112974754 8.221440912e-20)
(1.027733286 0.1189257157 0)
(1.0246186 0.1235309013 5.475336508e-20)
(1.021450145 0.1294430251 -9.075918641e-20)
(1.016928838 0.1329500362 0)
(1.012758474 0.1386299566 9.003416918e-21)
(1.00666823 0.140301905 3.206814006e-22)
(1.001717342 0.1453381449 9.272132473e-20)
(0.9943170457 0.144129541 0)
(0.98931902 0.1486525737 9.890488351e-22)
(0.9809737317 0.1436104686 -6.039659476e-19)
(0.9766767336 0.1486143453 5.663698681e-19)
(0.9671113246 0.1381804806 1.646263162e-18)
(0.9649115446 0.1450749819 0)
(0.953332523 0.1272112053 0)
(0.9555385763 0.1379291717 0)
(0.9405111629 0.1104401159 -2.346806766e-18)
(0.9503537377 0.127073868 -7.689689433e-21)
(0.9301817585 0.08849949613 -2.551051899e-18)
(0.9508815386 0.1131272876 -1.32747075e-18)
(0.9249259936 0.06236579414 3.604262601e-21)
(0.9586618167 0.09922619025 -9.301536299e-19)
(0.926106262 0.03401028153 4.220342016e-22)
(0.9749609316 0.09125765897 6.457484629e-19)
(0.9214277577 0.008623975367 -2.722153122e-21)
(0.4226475872 0.06132615167 0)
(0.558829783 0.08247303399 -4.9389541e-20)
(0.648119874 0.0936923864 0)
(0.7221376257 0.101094135 7.46863173e-20)
(0.7888597961 0.1054071599 -2.022324745e-19)
(0.8465322311 0.1074204166 -6.151980458e-20)
(0.8892745844 0.1065657141 -5.974715947e-20)
(0.9146455846 0.1035335416 5.566381909e-20)
(0.9273619426 0.09926010636 -5.162522875e-20)
(0.93388048 0.09480619641 2.411078605e-19)
(0.9380932153 0.09061620584 0)
(0.9415560026 0.08683145253 3.945866253e-20)
(0.9448190185 0.08347283948 -3.710560661e-20)
(0.9479602794 0.08047002333 3.2115407e-20)
(0.95106795 0.07779654804 5.831010289e-20)
(0.9540352844 0.07535775642 -1.297889033e-21)
(0.9569858893 0.07314007328 -2.431667634e-20)
(0.9597856975 0.07108803418 0)
(0.9625825124 0.06918387097 7.54459476e-20)
(0.9652611346 0.06745591885 6.774987587e-20)
(0.9678534764 0.06583222916 1.488330165e-20)
(0.970364173 0.06432245716 -1.406752981e-20)
(0.9727904348 0.06287515744 -1.198517793e-20)
(0.97518479 0.06151620326 2.210447954e-20)
(0.9775064056 0.06024064369 -1.018754415e-20)
(0.9798094512 0.05902258243 0)
(0.9821168414 0.05790685103 0)
(0.9843438893 0.0568882748 0)
(0.9865074126 0.05591840789 -1.062818706e-19)
(0.9887127246 0.05501792326 1.018802726e-19)
(0.9909352313 0.05416144715 -9.236420782e-20)
(0.9932293198 0.05343903549 7.841362018e-20)
(0.9955673425 0.05283877878 4.764214977e-22)
(0.997907301 0.05247246298 1.318278346e-19)
(1.000067279 0.0522057432 2.297667696e-19)
(1.002419421 0.05202117017 -3.300869726e-21)
(1.004885273 0.05198390534 2.741446542e-21)
(1.007476721 0.0523080269 7.654822653e-20)
(1.00991208 0.05295045245 0)
(1.012432668 0.05380817462 5.826063303e-20)
(1.014888409 0.05499098053 -9.850419186e-20)
(1.017378321 0.05646002576 7.995830426e-20)
(1.01980042 0.05833173272 -1.232543762e-19)
(1.0222044 0.06052329429 -1.425137658e-21)
(1.024481054 0.06324423217 9.720370492e-22)
(1.026469463 0.06619864765 -1.965895777e-20)
(1.028449849 0.06956055068 1.66780101e-20)
(1.03012026 0.07329475571 -1.215254384e-22)
(1.031604293 0.07746508637 1.479416398e-20)
(1.032702011 0.08189493513 2.577856649e-20)
(1.033507492 0.08679489095 0)
(1.03380279 0.0917597211 0)
(1.033753094 0.09722761253 9.068115873e-20)
(1.033059241 0.1024651436 0)
(1.032028864 0.1083097904 -9.162367682e-20)
(1.030183385 0.1134869694 -8.176663757e-20)
(1.028074492 0.119502205 0)
(1.02493211 0.1241647983 -5.723043234e-20)
(1.021714569 0.1301328272 9.020442479e-20)
(1.017160821 0.1336819122 3.657425862e-20)
(1.01292936 0.1394094449 -2.000533393e-20)
(1.006796785 0.1411022638 6.456084746e-20)
(1.001769795 0.1461598031 -8.84673488e-20)
(0.9943334757 0.1449393814 1.811349865e-19)
(0.9892534122 0.1494611605 7.122999467e-22)
(0.9808975799 0.14437893 5.977249972e-19)
(0.9765021757 0.149380267 -1.120399236e-18)
(0.9669535988 0.1388631905 -8.192756487e-19)
(0.964636316 0.1457688573 0)
(0.9531043436 0.1277548986 0)
(0.955178365 0.1385214317 0)
(0.9402232622 0.1107859228 -2.334029722e-18)
(0.9499399276 0.1275221404 0)
(0.9298564875 0.08860821895 2.904191506e-21)
(0.9504462816 0.1133752383 1.324310365e-18)
(0.9246257043 0.06219992528 -3.682164167e-21)
(0.9582487307 0.09925520764 -9.190189722e-19)
(0.9259262511 0.03352629884 0)
(0.9746710739 0.09117582413 0)
(0.9212465117 0.007835153191 5.046079654e-18)
(0.4286531847 0.06556086575 1.410840723e-19)
(0.5590578105 0.08770617846 1.013423515e-19)
(0.6453587336 0.09864812063 -4.124922847e-20)
(0.7172714234 0.1051891943 1.189319044e-19)
(0.7829593742 0.1083039164 -3.956598906e-20)
(0.8402018605 0.1091771697 3.607117524e-20)
(0.8831819125 0.1072112464 3.159862269e-20)
(0.909339355 0.1032414788 6.174347183e-20)
(0.9229856725 0.09831086489 0)
(0.9303273936 0.09347914512 -9.95376141e-20)
(0.9352011671 0.08911114235 -2.273961023e-20)
(0.9391827921 0.08527504108 8.50924171e-22)
(0.942863301 0.08194901171 3.767880837e-20)
(0.9463221408 0.07901290492 -8.562075804e-20)
(0.9496961005 0.07643277983 -4.506824081e-20)
(0.9528527428 0.07408123761 -1.383707737e-20)
(0.9559815642 0.07195011088 9.634155769e-20)
(0.9589054474 0.0699747263 0)
(0.9618287655 0.06813589452 -9.280109564e-21)
(0.96460146 0.06648501838 8.761379498e-21)
(0.9672705322 0.06492428769 6.10659585e-20)
(0.9698509035 0.0634725813 0)
(0.9723328575 0.06207040897 5.967615759e-21)
(0.9747819273 0.06075189291 -5.642103848e-21)
(0.9771465136 0.05951299731 0)
(0.9794939566 0.05831723221 0)
(0.9818498096 0.05722966401 6.418535566e-20)
(0.9841003599 0.05624503719 1.202217158e-19)
(0.9862835076 0.05529604634 -3.574443041e-21)
(0.9885257016 0.05441223934 -9.255682305e-20)
(0.9907770967 0.05356849213 8.620490522e-20)
(0.9931033178 0.05285267215 -8.045896799e-20)
(0.9954858535 0.05226071392 4.298686804e-22)
(0.9978555403 0.05192031382 -1.271660304e-19)
(1.000029799 0.05167385047 -1.148319076e-19)
(1.002417343 0.05149641717 1.048558072e-19)
(1.004924031 0.05146615696 -1.474506936e-21)
(1.007555003 0.05180896959 0)
(1.010029059 0.05248036469 2.077764671e-21)
(1.012586927 0.05336770387 -1.962613421e-21)
(1.015074586 0.05458590156 1.000756528e-19)
(1.017596391 0.05609145836 -1.149990869e-21)
(1.020048303 0.05800440513 -1.258097808e-21)
(1.022487316 0.06024190717 8.266471277e-22)
(1.024791253 0.06302441212 -3.104885051e-20)
(1.026790597 0.06603597593 1.870540136e-20)
(1.028788532 0.06945346762 1.807126999e-20)
(1.030474819 0.07325227767 0)
(1.031969102 0.07748912804 -2.845670251e-20)
(1.033074121 0.08198958113 2.488153495e-20)
(1.033879379 0.08696109381 0)
(1.034171804 0.09199848776 4.020110834e-20)
(1.034110486 0.09753724137 -9.030407567e-20)
(1.033404874 0.1028440084 -2.196228659e-23)
(1.032352872 0.1087545281 3.475191618e-22)
(1.030488976 0.1139949433 -3.172606021e-22)
(1.028348543 0.1200693663 7.61799405e-20)
(1.025182702 0.1247862172 5.658007335e-20)
(1.021922913 0.130804766 0)
(1.017342122 0.1343941694 -3.600162789e-20)
(1.013058566 0.140163066 1.091905369e-20)
(1.00689087 0.14187642 -6.421863601e-20)
(1.001799169 0.1469492276 8.768187472e-20)
(0.9943337837 0.1457200708 -1.802860532e-19)
(0.9891841087 0.1502355511 0)
(0.9808217955 0.1451193592 -5.736384492e-22)
(0.9763424506 0.1501116226 1.111494546e-18)
(0.9668116678 0.139522297 -6.499885142e-22)
(0.9643933211 0.1464292147 0)
(0.9529064379 0.1282827723 0)
(0.9548653254 0.1390838263 7.619405461e-19)
(0.9399792677 0.1111259384 2.317653507e-18)
(0.9495833672 0.1279481128 -1.99080806e-21)
(0.9295858521 0.08872266656 2.527415686e-18)
(0.9500734384 0.1136124438 1.311851364e-18)
(0.9243817172 0.06205222007 1.781983373e-21)
(0.9578957384 0.09928650397 9.139320093e-19)
(0.9257910042 0.03307236288 0)
(0.9744211556 0.09110087322 1.33200518e-21)
(0.9211181417 0.007086870093 -5.019768436e-18)
(0.4379036195 0.07134191315 -6.634559537e-20)
(0.5598349361 0.09428881672 -4.947774712e-20)
(0.6429602324 0.1039044671 0)
(0.7129174886 0.1092309095 -7.877542938e-20)
(0.7776145137 0.1109587303 -4.106229376e-21)
(0.8346060196 0.1106044237 -3.3796776e-20)
(0.8778348736 0.1075056779 -3.369002568e-20)
(0.9047686691 0.1026448507 -6.187946508e-20)
(0.9193256278 0.09717041655 -2.877972886e-20)
(0.9274506124 0.09208990835 9.099503377e-22)
(0.9329232142 0.08765583868 2.456387685e-20)
(0.937354134 0.08384686757 0)
(0.9413794553 0.08060323401 7.791786836e-20)
(0.9450918556 0.07776134951 -1.101742202e-21)
(0.9486730434 0.07528598409 -1.486907903e-20)
(0.9519740604 0.07302345922 2.714841155e-20)
(0.9552399378 0.07097338033 -1.081100358e-19)
(0.9582594365 0.06906779821 -7.48289292e-20)
(0.961276496 0.06728445185 6.582733272e-20)
(0.9641137027 0.06569759136 8.237960902e-21)
(0.9668412112 0.06418732957 -7.878334544e-21)
(0.9694763775 0.06278222917 0)
(0.9720000471 0.06141428212 0)
(0.974489129 0.06012531795 0)
(0.976885092 0.05891264076 -7.754336269e-20)
(0.9792680423 0.0577307602 0)
(0.9816462406 0.05665855789 -6.347260248e-20)
(0.983904267 0.05569250209 -2.270638091e-19)
(0.9861178355 0.05475885068 1.013706151e-19)
(0.9883940513 0.05389013815 -2.894749324e-21)
(0.9906670758 0.0530567549 2.736957634e-21)
(0.9930188327 0.05234575919 0)
(0.9954145174 0.05175202158 -7.008877073e-20)
(0.9978029428 0.05142379562 -1.945281407e-21)
(1.000014439 0.05119818976 1.154125336e-19)
(1.00243317 0.05103456819 2.483588274e-21)
(1.004952589 0.05100807086 -9.217533897e-20)
(1.007616675 0.05136253343 -8.135443352e-20)
(1.010127551 0.05205904503 0)
(1.012719468 0.05297529114 -6.110826714e-20)
(1.015236614 0.0542278318 -9.805067558e-20)
(1.017787527 0.05576902785 8.200012327e-20)
(1.020266372 0.05772202048 6.294326975e-20)
(1.022734517 0.0600037141 3.121883586e-22)
(1.025059045 0.06284413459 -1.0860905e-21)
(1.027064269 0.06591072345 0)
(1.029075049 0.06938156009 -1.768279078e-20)
(1.030773428 0.07324186977 6.0901876e-23)
(1.032274529 0.07754220803 1.371360423e-20)
(1.033384082 0.0821098036 -2.464547378e-20)
(1.034187309 0.08714899336 -3.314066078e-20)
(1.034475624 0.09225504575 -3.970409177e-20)
(1.034402721 0.09786025367 8.882787783e-20)
(1.033685585 0.1032321771 0)
(1.032613748 0.1092036968 -8.947762596e-20)
(1.030732998 0.1145033718 8.019369617e-20)
(1.0285646 0.1206317869 -3.149795881e-22)
(1.025378012 0.1253995652 0)
(1.022081416 0.1314630331 0)
(1.0174772 0.135090789 -3.704600641e-20)
(1.013148908 0.140894345 1.272542623e-20)
(1.006951575 0.1426275527 -6.10241235e-20)
(1.001805153 0.1477091978 1.998058604e-22)
(0.9943159475 0.1464741118 -3.052705859e-22)
(0.9891077618 0.1509779766 1.721234441e-22)
(0.9807408584 0.1458335448 -5.642954933e-22)
(0.9761911786 0.1508098871 -5.471067223e-19)
(0.9666765716 0.1401587621 -7.941662565e-19)
(0.9641733808 0.147056661 8.291764047e-22)
(0.9527266279 0.1287949102 -7.95955394e-22)
(0.9545879959 0.1396161269 -7.528072639e-19)
(0.9397640194 0.1114592165 0)
(0.9492713555 0.1283509606 0)
(0.9293520281 0.08884067027 9.594316917e-22)
(0.949750093 0.1138377903 -1.298921966e-18)
(0.9241748144 0.06191933499 2.558757624e-18)
(0.9575911407 0.09931914919 0)
(0.9256815129 0.03264409996 5.008263065e-18)
(0.9742044474 0.09103271812 6.177232071e-19)
(0.9210218046 0.00637425401 -4.955517463e-18)
(0.4479691752 0.07770465847 9.729030949e-20)
(0.5585801103 0.1007955349 -2.322585029e-20)
(0.6387159036 0.1080929181 -6.834551871e-20)
(0.7073920827 0.1121874927 -1.964074904e-20)
(0.771482995 0.1127095876 1.575802878e-19)
(0.8284608456 0.1113282743 -7.783946337e-20)
(0.872195856 0.1073014498 -1.762776559e-20)
(0.900113674 0.1017648059 1.650075413e-20)
(0.9157186257 0.09595085529 0)
(0.9247013572 0.09077261932 0)
(0.9308048349 0.08637264414 1.201673913e-20)
(0.9356969649 0.08264858942 -5.614428267e-22)
(0.9400632649 0.07951449271 -7.77606932e-20)
(0.9440229899 0.07677616534 5.961446445e-20)
(0.9477958427 0.07440039465 0)
(0.9512277855 0.07221644881 0)
(0.9546122187 0.07023373494 -5.715986188e-21)
(0.9577170357 0.06838587403 8.862283162e-20)
(0.9608176424 0.06664601379 -7.387395399e-20)
(0.9637187078 0.06510603538 0)
(0.9665030528 0.06363086323 -5.892571416e-20)
(0.9691859761 0.06225833619 0)
(0.9717435527 0.0609118525 9.333232754e-20)
(0.9742647575 0.0596403969 0)
(0.9766861059 0.05844240018 7.793562258e-20)
(0.9790983141 0.05726643775 6.540211536e-20)
(0.9814813409 0.05619582928 0)
(0.98373967 0.05522990551 -1.400847505e-21)
(0.9859935925 0.05430578205 1.629230481e-21)
(0.9882994257 0.05345126388 0)
(0.9905867106 0.05262540164 1.279166493e-21)
(0.9929577054 0.05191878141 -1.209292264e-21)
(0.9953392441 0.051313088 0)
(0.9977330404 0.05097948647 1.264223564e-19)
(0.9999951286 0.05077414179 -1.126312127e-19)
(1.002440202 0.0506335868 8.856442184e-24)
(1.004947296 0.05060798025 9.067917859e-20)
(1.007634435 0.05096565815 7.878506961e-20)
(1.010174904 0.05168265251 0)
(1.01279249 0.05262631072 -1.022199972e-21)
(1.015331889 0.05391153978 0)
(1.017904112 0.05548703261 -8.035826444e-20)
(1.020402329 0.05747868459 4.951261866e-22)
(1.022889181 0.05980256922 -2.09184481e-22)
(1.025222516 0.06269631753 3.07249132e-20)
(1.027226529 0.06581574896 -2.106046364e-20)
(1.029244246 0.06933819438 5.634527849e-23)
(1.030949428 0.07325707896 -8.348763281e-24)
(1.032453406 0.07761817756 -2.611232738e-23)
(1.033564613 0.08224978756 -2.234061966e-23)
(1.034364945 0.0873532459 2.111112507e-21)
(1.034649358 0.09252457487 -6.597070073e-23)
(1.034567509 0.09819249504 0)
(1.033842002 0.1036261985 0)
(1.032756166 0.1096546528 8.735875321e-20)
(1.030864217 0.1150104314 -1.55006907e-19)
(1.028676972 0.1211885856 -7.280421517e-20)
(1.025477485 0.1260048789 0)
(1.022156724 0.1321087131 0)
(1.017538438 0.1357738424 3.621073175e-20)
(1.013181758 0.1416063681 -1.244459012e-20)
(1.006966523 0.1433596022 5.96263247e-20)
(1.001784736 0.1484446758 6.330321962e-23)
(0.9942817095 0.1472071006 2.770131905e-23)
(0.9890357862 0.1516951403 -1.796658642e-19)
(0.980670341 0.1465286182 -5.635802109e-19)
(0.9760737066 0.1514831736 -3.260380016e-22)
(0.966577427 0.1407810073 7.779405902e-19)
(0.9640156564 0.14766049 -6.5997704e-19)
(0.9526066305 0.1293006672 3.884279816e-22)
(0.9543974078 0.1401284143 0)
(0.9396314338 0.1117956824 2.225902521e-18)
(0.9490626893 0.1287410125 0)
(0.9292195393 0.08897208739 -2.42977983e-18)
(0.9495390316 0.1140613247 -1.263513898e-18)
(0.9240738705 0.06180991099 -2.511885674e-18)
(0.9573964147 0.09936239764 0)
(0.9256610664 0.03224713548 -4.917543298e-18)
(0.9740648053 0.09097813176 -1.208703124e-18)
(0.9210242736 0.005701899495 4.868336666e-18)
(0.459061057 0.08709250972 8.264899767e-21)
(0.5619849015 0.1067871764 3.924017481e-20)
(0.6401993499 0.1115544234 1.021862509e-19)
(0.7079561339 0.1146308434 -9.182214973e-20)
(0.7713477482 0.1143099025 -8.599587586e-20)
(0.8278991759 0.1121335361 1.696655768e-19)
(0.8714139474 0.1073577078 -4.844861499e-21)
(0.8994049752 0.1013151259 -7.131565224e-20)
(0.9151852128 0.09525466692 0)
(0.9242996111 0.09001642971 0)
(0.9304550992 0.08565266019 -1.071588943e-19)
(0.9353698522 0.08199500515 9.524015077e-20)
(0.939746904 0.07893836088 -2.47891101e-21)
(0.9437085342 0.07626848481 2.323754167e-21)
(0.9474817714 0.07395291143 0)
(0.9509023364 0.07181236133 1.115897479e-19)
(0.9542835059 0.0698638625 0)
(0.9573814602 0.06803526447 0)
(0.9605078279 0.06630704741 0)
(0.9634659557 0.06478672379 0)
(0.9662861767 0.06332428778 -6.108028449e-20)
(0.9689737837 0.06196019283 1.095500999e-19)
(0.9715368133 0.06061506384 -1.512634621e-21)
(0.9740703549 0.05934445697 0)
(0.9764990966 0.05814602954 -7.734878376e-20)
(0.9789110614 0.05696389268 -7.123997268e-20)
(0.9813061441 0.05588406839 6.365521423e-20)
(0.9836232298 0.05491080188 2.332060327e-19)
(0.9859318062 0.05399181292 8.303185383e-22)
(0.9882416601 0.05314521603 -3.840899653e-22)
(0.9905363109 0.05232224163 -8.688199638e-20)
(0.9929069576 0.05161682664 7.905128157e-20)
(0.9952803959 0.05099580771 -7.211152115e-20)
(0.9977235002 0.05065090676 2.465767276e-22)
(1.00004845 0.0504634118 -1.182289539e-19)
(1.0025013 0.05034799655 -1.053545063e-19)
(1.004993316 0.05032253016 -1.798889144e-22)
(1.007712988 0.0506792001 8.4530528e-20)
(1.010285818 0.05141188233 -1.493896999e-22)
(1.012929074 0.05237899684 1.247752616e-19)
(1.015491226 0.05369219463 1.052466785e-19)
(1.018085212 0.05529746663 7.7143301e-23)
(1.020601266 0.05732241093 6.806570996e-20)
(1.023098711 0.05968155089 5.054083114e-20)
(1.02544285 0.06261958924 0)
(1.027458052 0.06578579628 2.176460997e-20)
(1.029485353 0.06935320254 -8.66731661e-24)
(1.031198125 0.0733218479 -8.322713942e-24)
(1.032704412 0.07773430089 1.158844778e-24)
(1.033815648 0.08241968038 0)
(1.03461066 0.08757669325 3.140354131e-20)
(1.03488786 0.09280237438 -3.621672338e-20)
(1.034793387 0.09852157292 -8.28867194e-20)
(1.034054828 0.1040060535 0)
(1.032950618 0.1100800315 -4.127170086e-23)
(1.031041667 0.1154814596 1.266543454e-21)
(1.028830191 0.1216981265 7.240452065e-20)
(1.025610233 0.1265535991 -5.431019059e-20)
(1.022258707 0.1326867672 0)
(1.017616919 0.136382067 0)
(1.013221503 0.1422317796 1.201731123e-20)
(1.006979361 0.1440004154 -6.12766628e-20)
(1.001756378 0.1490803436 0)
(0.9942344851 0.1478417258 0)
(0.9889452268 0.1523082213 1.848874387e-19)
(0.9805715858 0.1471257357 5.802149679e-19)
(0.9759261688 0.1520519541 -6.68130855e-23)
(0.9664330912 0.1413119041 0)
(0.9638154271 0.1481630676 6.783497506e-19)
(0.952424969 0.129728973 9.866332177e-19)
(0.9541541923 0.1405476866 1.423776377e-23)
(0.9394205383 0.1120754465 -4.570718791e-18)
(0.9487953757 0.1290541787 1.227397324e-22)
(0.9289927722 0.08907188107 2.496836551e-18)
(0.9492668659 0.1142331884 4.387996188e-21)
(0.9238663385 0.06169952519 -2.56393745e-18)
(0.9571436031 0.09938424453 -2.002736252e-22)
(0.925526878 0.03188574821 5.020615641e-18)
(0.9738878796 0.09092276076 6.158310105e-19)
(0.9209066329 0.005096261007 -4.970810207e-18)
(0.4651252405 0.1297912847 -8.24221866e-22)
(0.5331715136 0.1208848117 -6.91149549e-20)
(0.5927999288 0.1253120665 4.097059568e-20)
(0.6440695705 0.132108208 -1.994058896e-18)
(0.6900519048 0.1374658074 4.727130377e-18)
(0.7320353844 0.1410389934 -2.509525289e-18)
(0.7689553067 0.1421861292 4.350444474e-18)
(0.7997147933 0.1410412452 -7.203435907e-18)
(0.8244368627 0.1381957239 1.52851813e-17)
(0.8442427498 0.1343133081 -1.044721548e-17)
(0.8604001487 0.1298685824 -8.44996389e-18)
(0.8739378026 0.1251440534 7.427093571e-18)
(0.8855791204 0.1203085743 -1.137898152e-20)
(0.8957997054 0.115483571 0)
(0.9049079376 0.1107659255 0)
(0.9131076051 0.1062244481 -1.213360192e-17)
(0.9205350243 0.1019184888 2.057610526e-17)
(0.9272865257 0.09788799822 -8.717949981e-18)
(0.933432039 0.09415853821 0)
(0.9390290535 0.09075532248 -4.526505751e-18)
(0.9440963605 0.08767550008 4.16416015e-18)
(0.9486538278 0.08492473505 -2.743172163e-18)
(0.9527425878 0.08250517506 6.841677039e-18)
(0.9564080166 0.08040482336 -7.528016275e-18)
(0.9596894026 0.07860016012 -2.715568001e-18)
(0.9626191763 0.07706467202 8.218300307e-18)
(0.9652498529 0.07577323194 -4.981968181e-18)
(0.9676422266 0.0746965488 2.310224761e-18)
(0.9698191211 0.0738010043 0)
(0.9717897141 0.0730532701 5.018677143e-18)
(0.9735960832 0.07242024162 -4.673376903e-18)
(0.9752732817 0.07187151094 -6.911256699e-21)
(0.9768604206 0.07138111248 6.227932418e-21)
(0.9784129368 0.07094523826 -1.121791033e-20)
(0.9799708222 0.07054927666 1.003214867e-20)
(0.9815278923 0.07016518989 4.876456077e-21)
(0.9830818832 0.06977300557 0)
(0.9846665875 0.06936900565 -1.073673395e-20)
(0.9863145031 0.06895814528 -2.127572069e-17)
(0.9880324105 0.06854651996 -5.32798489e-19)
(0.9898277361 0.0681466654 1.918955607e-17)
(0.9917038125 0.06775980465 -1.846981325e-17)
(0.9936597163 0.06739491877 1.732440341e-17)
(0.9956927275 0.06705299919 -4.013211283e-21)
(0.9978099449 0.06675248495 -2.973849334e-17)
(1.000028912 0.06649722923 5.51399277e-17)
(1.00233077 0.06629285108 -9.114536867e-19)
(1.004717977 0.06614142975 -2.316867444e-17)
(1.00717894 0.06605286274 0)
(1.009709746 0.06603326221 -3.436784084e-17)
(1.012289786 0.06610358365 3.233298432e-17)
(1.014910513 0.06626225884 2.763307748e-21)
(1.017541797 0.06653763055 2.094404948e-17)
(1.020172867 0.06691391777 -1.971674837e-17)
(1.022763786 0.06743184196 6.293911118e-21)
(1.025308141 0.06805356558 1.172622797e-20)
(1.027750856 0.06884207876 -5.381456138e-21)
(1.030095729 0.06972367121 7.800919112e-18)
(1.032263472 0.07080009935 -1.016756604e-17)
(1.034279878 0.07194055509 2.653749375e-18)
(1.036033053 0.07331148536 -9.989033065e-21)
(1.037590623 0.0746963311 1.694368647e-17)
(1.038781047 0.07635417619 -3.809350495e-17)
(1.039758698 0.0779422129 -5.189000816e-18)
(1.040256843 0.07986447129 2.467260763e-17)
(1.040575588 0.08157237235 3.089057783e-17)
(1.040304151 0.08372776172 -9.302442077e-17)
(1.039933412 0.08543970344 6.044095845e-17)
(1.038837826 0.0877955677 0)
(1.037777181 0.08936519412 -6.030354509e-17)
(1.035843887 0.0918754177 5.710222251e-17)
(1.034126158 0.09312257997 5.195184815e-17)
(1.031368012 0.09569816541 -1.419848436e-16)
(1.02912768 0.09643198643 1.687383654e-16)
(1.025563083 0.09894131088 -1.439040452e-16)
(1.023073737 0.0989348371 -4.368338845e-17)
(1.018816343 0.1012635754 6.175318821e-17)
(1.016448565 0.1003184814 6.56939064e-17)
(1.012055118 0.1022040965 -2.58474135e-17)
(1.01220819 0.1040940501 3.331004056e-19)
(0.2998487415 0.04115781806 0)
(0.313455398 0.0598376792 3.242917068e-21)
(0.3897893388 0.06687980768 -5.640993562e-21)
(0.4406050237 0.07049475927 0)
(0.4806820747 0.073555349 -5.180630363e-21)
(0.5174685205 0.07667430301 0)
(0.551446641 0.07944550702 0)
(0.5830251979 0.0813994088 -2.739487268e-21)
(0.6124246206 0.08229180173 -3.455360243e-21)
(0.6397995666 0.08205215938 0)
(0.6653286966 0.08085428696 1.550612198e-22)
(0.6890447508 0.07894368441 0)
(0.7110379031 0.07654844893 -2.774352676e-21)
(0.7314277493 0.07388312311 0)
(0.7502796936 0.07110793738 0)
(0.7677179486 0.06831901212 0)
(0.7838685348 0.06558350459 1.033589732e-20)
(0.7988005566 0.06294872727 0)
(0.8126476862 0.06044196073 0)
(0.8255219257 0.05808154443 1.0468794e-20)
(0.8374592017 0.05588333339 0)
(0.8485532961 0.05386033978 0)
(0.8589003861 0.05202247742 1.791068938e-20)
(0.8685335651 0.05037837779 -1.65113017e-20)
(0.8775092107 0.04893255404 1.50192059e-20)
(0.8859068229 0.0476858742 0)
(0.8937604881 0.04663723065 0)
(0.9011009287 0.04578233873 0)
(0.9079775887 0.04511434953 0)
(0.9144182658 0.04462509566 0)
(0.9204548243 0.04430545034 -1.286283102e-20)
(0.9261172625 0.04414291524 0)
(0.9314198602 0.04412605819 -1.854427715e-20)
(0.9363893021 0.04424309944 3.092432007e-20)
(0.9410454894 0.04448011772 -2.557676974e-20)
(0.9453988013 0.04482429269 7.662877674e-21)
(0.9494729772 0.04526217079 0)
(0.9532806325 0.04578126131 -3.44493219e-21)
(0.9568298682 0.04636898261 0)
(0.960138252 0.047013787 0)
(0.9632183999 0.04770524405 0)
(0.9660816548 0.04843350048 0)
(0.968741468 0.04918869464 1.160625996e-20)
(0.9712130948 0.04996195964 0)
(0.9735094615 0.05074796998 -4.8055146e-21)
(0.9756388673 0.05154170415 0)
(0.9776154983 0.05233902796 0)
(0.9794505783 0.05313555683 0)
(0.9811535051 0.05392709408 0)
(0.982739136 0.05471050545 0)
(0.984217039 0.05548418392 0)
(0.9855985005 0.05624705414 0)
(0.9868961657 0.05699896047 -1.539310395e-20)
(0.9881221751 0.05773931183 1.397460435e-20)
(0.9892901312 0.05846915733 -1.25661004e-20)
(0.9904117374 0.05918866045 -1.120005057e-20)
(0.9915004398 0.05990029793 0)
(0.9925690162 0.06060444477 0)
(0.993629465 0.06130465945 0)
(0.9946961706 0.06200028789 0)
(0.9957804037 0.06269741248 1.115040204e-20)
(0.9968907914 0.06339462341 0)
(0.9980365225 0.06410067884 0)
(0.999229297 0.06481313865 0)
(1.000475886 0.06554215013 0)
(1.001787048 0.06627849053 0)
(1.00316572 0.06703546497 0)
(1.004621858 0.06779356888 0)
(1.006153524 0.06857708176 0)
(1.007769393 0.06934908302 4.457950514e-21)
(1.009461513 0.07015529939 7.407848379e-21)
(1.011236016 0.0709317038 5.623531424e-21)
(1.013075939 0.07175246221 0)
(1.014989272 0.07251855325 0)
(1.016940993 0.07333855254 0)
(1.018949845 0.0740750964 0)
(1.020945848 0.07486935902 0)
(1.023002155 0.07555209022 7.382477759e-22)
(1.02485513 0.07627644013 -1.038907589e-22)
(1.027236362 0.07700641195 0)
)
;

boundaryField
{
    FARFIELD
    {
        type            freestreamVelocity;
        freestreamValue uniform (0.9961946981 0.08715574275 0);
        value           nonuniform List<vector> 
161
(
(1.006796305 0.04752690368 2.168090973e-19)
(0.9404986173 0.1314640388 -2.862585786e-18)
(0.940657696 0.1310543321 2.801300072e-18)
(0.940733378 0.1306071453 -2.84767596e-18)
(0.9409036307 0.1301328338 -2.8755604e-18)
(0.9411120339 0.129636202 2.886120607e-18)
(0.9413748191 0.1291133214 1.479674166e-21)
(0.9416865987 0.1285647829 1.027765958e-21)
(0.9420478016 0.1279911351 0)
(0.9424568608 0.1273936807 -2.928840936e-21)
(0.9429122817 0.126774038 -2.908756044e-21)
(0.9434121781 0.1261340925 -2.88483435e-21)
(0.9439543906 0.1254758899 2.777780209e-18)
(0.9445365534 0.1248015723 -2.765346044e-18)
(0.9451561072 0.1241133034 5.588509157e-21)
(0.9458104112 0.1234132184 2.679729685e-18)
(0.9464967449 0.1227033749 -2.669442317e-18)
(0.9472124049 0.1219857258 3.833175914e-21)
(0.9479547355 0.1212620651 2.556561044e-18)
(0.9487211883 0.1205340371 -3.973301848e-20)
(0.9495093515 0.1198030888 -2.50295104e-18)
(0.9503170006 0.1190704892 0)
(0.9511421037 0.1183372984 2.380587667e-18)
(0.9519828616 0.1176043971 -2.357536418e-18)
(0.9528376993 0.1168724645 9.510330112e-21)
(0.9537052877 0.1161420166 6.806193662e-21)
(0.9545845161 0.1154133893 -1.083404683e-18)
(0.9554745104 0.1146867845 1.087334281e-18)
(0.9563745872 0.1139622591 0)
(0.9572842706 0.1132397662 -1.023541978e-18)
(0.958203215 0.1125191603 1.997597118e-18)
(0.9591312302 0.1118002325 -9.865537735e-19)
(0.9600682094 0.111082712 -7.972069019e-21)
(0.96101413 0.1103663108 0)
(0.9619689746 0.1096507223 1.934261159e-21)
(0.9629327477 0.1089356607 7.371811751e-21)
(0.9639053998 0.1082208595 0)
(0.964886833 0.1075061091 0)
(0.9658768206 0.1067912581 -1.183848853e-20)
(0.9668750415 0.1060762333 -7.540856691e-19)
(0.9678809987 0.1053610509 7.489889171e-19)
(0.9688940577 0.1046458241 -4.645086963e-21)
(0.9699133738 0.103930774 -3.36765294e-19)
(0.9709379453 0.1032162291 3.298916131e-19)
(0.9719665636 0.1025026353 -1.31593427e-21)
(0.9729978679 0.1017905469 0)
(0.9740303094 0.1010806403 -3.920491223e-21)
(0.9750622257 0.1003736902 0)
(0.9760918018 0.09967059336 2.356726299e-21)
(0.9771171819 0.09897233051 3.077654386e-20)
(0.9781364168 0.0982799993 -3.04625043e-20)
(0.9791475995 0.097594768 1.031663484e-21)
(0.980148802 0.09691791788 -1.053841729e-19)
(0.9811382219 0.09625079149 1.043103167e-19)
(0.9821141066 0.09559485316 -1.28052201e-20)
(0.983074915 0.09495164511 5.420349001e-21)
(0.984019269 0.0943228491 -1.286951844e-20)
(0.9849457509 0.09371022577 3.047775071e-19)
(0.9858526157 0.09311586361 -3.552797368e-19)
(0.9867408605 0.09254260141 2.172053721e-20)
(0.98760252 0.09200527049 -3.377585534e-21)
(0.9884325358 0.09151349265 0)
(0.9892353597 0.09106102217 -6.430847425e-20)
(0.9900107792 0.0906420935 8.635643566e-20)
(0.9907586744 0.0902514073 2.886378449e-19)
(0.9914775228 0.08988418808 -2.790449385e-19)
(0.9921647529 0.0895364156 0)
(0.9928163711 0.08920502418 0)
(0.9934271257 0.08888839448 5.30794979e-19)
(0.9939905048 0.08858673982 -3.224563023e-19)
(0.994499174 0.08830272281 0)
(0.9949458041 0.08804144608 -3.001189775e-19)
(0.9953238416 0.08780990565 -4.597411735e-19)
(0.9956286165 0.08761521054 0)
(0.9958587283 0.08746189241 2.160070975e-19)
(0.9960177327 0.08734924678 -3.441232837e-19)
(0.9961155173 0.087270652 -2.813253531e-19)
(0.9961674542 0.08721699778 -2.34057325e-19)
(0.9961893373 0.08718167405 -9.605299103e-21)
(0.9961944887 0.08716174768 1.177733871e-20)
(0.9961946889 0.08715582621 -1.157123705e-22)
(0.9961890967 0.08716415601 8.158542847e-20)
(0.9961470714 0.0871706175 4.110153178e-19)
(0.9960283407 0.08713179096 3.375868808e-19)
(0.9958141777 0.08700249997 8.546118027e-19)
(0.9955086014 0.08676276241 -6.146019759e-19)
(0.9951254882 0.08641879303 0)
(0.9946801994 0.08599089149 1.306749632e-18)
(0.9941867972 0.08550258595 8.334978592e-19)
(0.9936572312 0.08497460709 0)
(0.9931010312 0.08442300566 -5.252776306e-19)
(0.9925251891 0.08385881993 5.097079523e-19)
(0.9919344211 0.0832892338 0)
(0.9913314996 0.08271847973 0)
(0.9907177125 0.0821487779 -7.879220928e-19)
(0.9900933612 0.0815810775 8.311039934e-19)
(0.9894581336 0.08101553988 -1.909799409e-19)
(0.9888114339 0.08045188329 1.38445539e-19)
(0.9881526193 0.07988957456 0)
(0.987481156 0.07932797103 5.365730411e-21)
(0.9867967433 0.07876638 -4.261638169e-20)
(0.9860993601 0.07820410948 -4.598902271e-19)
(0.9853893126 0.07764047579 5.786034329e-19)
(0.9846672241 0.07707482277 2.371565538e-20)
(0.9839340341 0.07650650989 -1.088975829e-20)
(0.9831909502 0.0759349197 2.387072855e-20)
(0.9824394239 0.07535944276 1.706543245e-19)
(0.9816810814 0.07477948476 -1.734069596e-19)
(0.9809176817 0.07419444866 -1.709806277e-21)
(0.9801510399 0.07360374707 -4.767387163e-20)
(0.9793829844 0.07300677923 4.825949317e-20)
(0.9786152874 0.07240295148 -3.674607962e-21)
(0.9778496236 0.07179164852 0)
(0.9770875115 0.07117225562 6.95865721e-21)
(0.9763302945 0.07054412902 0)
(0.9755790948 0.06990661628 7.582637898e-22)
(0.9748348126 0.06925902567 4.716183073e-19)
(0.9740980969 0.06860064649 -4.683491585e-19)
(0.9733693602 0.06793071518 7.630186376e-21)
(0.9726487963 0.0672484402 9.905560672e-19)
(0.9719362519 0.06655284037 -9.978371457e-19)
(0.9712322508 0.06584304198 1.689588509e-20)
(0.9705337169 0.065117907 0)
(0.9698452909 0.06439047187 0)
(0.9691638543 0.06366130371 -9.353423059e-21)
(0.9684901381 0.06293090404 8.347714609e-21)
(0.9678244932 0.06219953266 0)
(0.967166857 0.06146733968 9.759102585e-21)
(0.9665171824 0.06073439939 -1.142617064e-18)
(0.965875491 0.06000076925 2.314615988e-18)
(0.9652418522 0.0592664789 -1.154448214e-18)
(0.9646164134 0.05853159193 0)
(0.9639994221 0.05779620434 1.204252757e-18)
(0.9633912415 0.05706048686 -1.219612211e-18)
(0.9627923712 0.05632469009 -9.133741682e-21)
(0.9622034595 0.0555891849 -1.076041935e-20)
(0.961625305 0.05485445048 -2.535952077e-18)
(0.9610588703 0.05412111766 2.532829038e-18)
(0.9605052676 0.05338995212 0)
(0.9599657615 0.05266188372 -2.606193585e-18)
(0.9594417473 0.05193798879 -6.820406606e-21)
(0.9589347409 0.05121950941 2.640399301e-18)
(0.9584463464 0.0505078305 -4.851908004e-21)
(0.9579782359 0.04980448876 -2.696349314e-18)
(0.957532103 0.04911113754 2.704278003e-18)
(0.9571096416 0.04842955032 0)
(0.9567124978 0.04776158625 -2.758968468e-18)
(0.9563422219 0.04710915626 2.763427555e-18)
(0.9560002466 0.04647420635 2.991605139e-21)
(0.9556878375 0.04585866619 3.003475538e-21)
(0.9554060552 0.04526440727 3.012551865e-21)
(0.9551557508 0.04469318746 0)
(0.9549374535 0.04414658743 -1.248145358e-21)
(0.9547517324 0.04362595108 -1.508876754e-21)
(0.9545977746 0.04313209578 2.800619996e-18)
(0.9544786829 0.04266576523 -2.789216051e-18)
(0.9543830272 0.04222453335 -2.756292268e-18)
(0.9543482539 0.04181139723 2.710142715e-18)
(0.9542536744 0.04144253893 -2.76910913e-18)
(1.009233432 0.100947493 2.712217641e-19)
(1.027192924 0.0770206144 0)
)
;
    }
    WALL10
    {
        type            noSlip;
    }
    SYMP3
    {
        type            empty;
    }
}


// ************************************************************************* //
