
These predictions were generated by SubDyn on 01-Aug-2026 at 04:41:41.




    Time	   M2N1MKxe	   M2N1MKye	   M1N1MKxe	   M1N1MKye	 -ReactFXss	 -ReactFYss	 -ReactFZss	  ReactMXss	  ReactMYss	  ReactMZss	 Intf1TDXss
       s	      (N*m)	      (N*m)	      (N*m)	      (N*m)	        (N)	        (N)	        (N)	      (N*m)	      (N*m)	      (N*m)	        (m)
    0.0000	-0.00000000	-0.00000000	-0.00000000	-0.00000000	-0.00000000	-0.00000000	-1244418.50	0.00000000	0.00000000	0.00000000	0.00000000
    0.0100	-0.00000000	-0.00000000	-0.00000000	-0.00000000	-0.00000000	-0.00000000	-1244418.50	0.00000000	0.00000000	0.00000000	0.00000000
    0.0200	-0.00000000	-0.00000000	-0.00000000	-0.00000000	-0.00000000	-0.00000000	-1244418.50	0.00000000	0.00000000	0.00000000	0.00000000
    0.0300	-0.00000000	-0.00000000	-0.00000000	-0.00000000	-0.00000000	-0.00000000	-1244418.50	0.00000000	0.00000000	0.00000000	0.00000000
    0.0400	-0.00000000	-0.00000000	-0.00000000	-0.00000000	-0.00000000	-0.00000000	-1244418.50	0.00000000	0.00000000	0.00000000	0.00000000
    0.0500	-0.00000000	-0.00000000	-0.00000000	-0.00000000	-0.00000000	-0.00000000	-1244418.50	0.00000000	0.00000000	0.00000000	0.00000000
    0.0600	-0.00000000	-0.00000000	-0.00000000	-0.00000000	-0.00000000	-0.00000000	-1244418.50	0.00000000	0.00000000	0.00000000	0.00000000
    0.0700	-0.00000000	-0.00000000	-0.00000000	-0.00000000	-0.00000000	-0.00000000	-1244418.50	0.00000000	0.00000000	0.00000000	0.00000000
    0.0800	-0.00000000	-0.00000000	-0.00000000	-0.00000000	-0.00000000	-0.00000000	-1244418.50	0.00000000	0.00000000	0.00000000	0.00000000
    0.0900	-0.00000000	-0.00000000	-0.00000000	-0.00000000	-0.00000000	-0.00000000	-1244418.50	0.00000000	0.00000000	0.00000000	0.00000000
    0.1000	-0.00000000	-0.00000000	-0.00000000	-0.00000000	-0.00000000	-0.00000000	-1244418.50	0.00000000	0.00000000	0.00000000	0.00000000
    0.1100	-0.00000000	-0.00000000	-0.00000000	-0.00000000	-0.00000000	-0.00000000	-1244418.50	0.00000000	0.00000000	0.00000000	0.00000000
    0.1200	-0.00000000	-0.00000000	-0.00000000	-0.00000000	-0.00000000	-0.00000000	-1244418.50	0.00000000	0.00000000	0.00000000	0.00000000
    0.1300	-0.00000000	-0.00000000	-0.00000000	-0.00000000	-0.00000000	-0.00000000	-1244418.50	0.00000000	0.00000000	0.00000000	0.00000000
    0.1400	-0.00000000	-0.00000000	-0.00000000	-0.00000000	-0.00000000	-0.00000000	-1244418.50	0.00000000	0.00000000	0.00000000	0.00000000
    0.1500	-0.00000000	-0.00000000	-0.00000000	-0.00000000	-0.00000000	-0.00000000	-1244418.50	0.00000000	0.00000000	0.00000000	0.00000000
    0.1600	-0.00000000	-0.00000000	-0.00000000	-0.00000000	-0.00000000	-0.00000000	-1244418.50	0.00000000	0.00000000	0.00000000	0.00000000
    0.1700	-0.00000000	-0.00000000	-0.00000000	-0.00000000	-0.00000000	-0.00000000	-1244418.50	0.00000000	0.00000000	0.00000000	0.00000000
    0.1800	-0.00000000	-0.00000000	-0.00000000	-0.00000000	-0.00000000	-0.00000000	-1244418.50	0.00000000	0.00000000	0.00000000	0.00000000
    0.1900	-0.00000000	-0.00000000	-0.00000000	-0.00000000	-0.00000000	-0.00000000	-1244418.50	0.00000000	0.00000000	0.00000000	0.00000000
    0.2000	-0.00000000	-0.00000000	-0.00000000	-0.00000000	-0.00000000	-0.00000000	-1244418.50	0.00000000	0.00000000	0.00000000	0.00000000
    0.2100	-0.00000000	-0.00000000	-0.00000000	-0.00000000	-0.00000000	-0.00000000	-1244418.50	0.00000000	0.00000000	0.00000000	0.00000000
    0.2200	-0.00000000	-0.00000000	-0.00000000	-0.00000000	-0.00000000	-0.00000000	-1244418.50	0.00000000	0.00000000	0.00000000	0.00000000
    0.2300	-0.00000000	-0.00000000	-0.00000000	-0.00000000	-0.00000000	-0.00000000	-1244418.50	0.00000000	0.00000000	0.00000000	0.00000000
    0.2400	-0.00000000	-0.00000000	-0.00000000	-0.00000000	-0.00000000	-0.00000000	-1244418.50	0.00000000	0.00000000	0.00000000	0.00000000
    0.2500	-0.00000000	-0.00000000	-0.00000000	-0.00000000	-0.00000000	-0.00000000	-1244418.50	0.00000000	0.00000000	0.00000000	0.00000000
    0.2600	-0.00000000	-0.00000000	-0.00000000	-0.00000000	-0.00000000	-0.00000000	-1244418.50	0.00000000	0.00000000	0.00000000	0.00000000
    0.2700	-0.00000000	-0.00000000	-0.00000000	-0.00000000	-0.00000000	-0.00000000	-1244418.50	0.00000000	0.00000000	0.00000000	0.00000000
    0.2800	-0.00000000	-0.00000000	-0.00000000	-0.00000000	-0.00000000	-0.00000000	-1244418.50	0.00000000	0.00000000	0.00000000	0.00000000
    0.2900	-0.00000000	-0.00000000	-0.00000000	-0.00000000	-0.00000000	-0.00000000	-1244418.50	0.00000000	0.00000000	0.00000000	0.00000000
    0.3000	-0.00000000	-0.00000000	-0.00000000	-0.00000000	-0.00000000	-0.00000000	-1244418.50	0.00000000	0.00000000	0.00000000	0.00000000
    0.3100	-0.00000000	-0.00000000	-0.00000000	-0.00000000	-0.00000000	-0.00000000	-1244418.50	0.00000000	0.00000000	0.00000000	0.00000000
    0.3200	-0.00000000	-0.00000000	-0.00000000	-0.00000000	-0.00000000	-0.00000000	-1244418.50	0.00000000	0.00000000	0.00000000	0.00000000
    0.3300	-0.00000000	-0.00000000	-0.00000000	-0.00000000	-0.00000000	-0.00000000	-1244418.50	0.00000000	0.00000000	0.00000000	0.00000000
    0.3400	-0.00000000	-0.00000000	-0.00000000	-0.00000000	-0.00000000	-0.00000000	-1244418.50	0.00000000	0.00000000	0.00000000	0.00000000
    0.3500	-0.00000000	-0.00000000	-0.00000000	-0.00000000	-0.00000000	-0.00000000	-1244418.50	0.00000000	0.00000000	0.00000000	0.00000000
    0.3600	-0.00000000	-0.00000000	-0.00000000	-0.00000000	-0.00000000	-0.00000000	-1244418.50	0.00000000	0.00000000	0.00000000	0.00000000
    0.3700	-0.00000000	-0.00000000	-0.00000000	-0.00000000	-0.00000000	-0.00000000	-1244418.50	0.00000000	0.00000000	0.00000000	0.00000000
    0.3800	-0.00000000	-0.00000000	-0.00000000	-0.00000000	-0.00000000	-0.00000000	-1244418.50	0.00000000	0.00000000	0.00000000	0.00000000
    0.3900	-0.00000000	-0.00000000	-0.00000000	-0.00000000	-0.00000000	-0.00000000	-1244418.50	0.00000000	0.00000000	0.00000000	0.00000000
    0.4000	-0.00000000	-0.00000000	-0.00000000	-0.00000000	-0.00000000	-0.00000000	-1244418.50	0.00000000	0.00000000	0.00000000	0.00000000
    0.4100	-0.00000000	-0.00000000	-0.00000000	-0.00000000	-0.00000000	-0.00000000	-1244418.50	0.00000000	0.00000000	0.00000000	0.00000000
    0.4200	-0.00000000	-0.00000000	-0.00000000	-0.00000000	-0.00000000	-0.00000000	-1244418.50	0.00000000	0.00000000	0.00000000	0.00000000
    0.4300	-0.00000000	-0.00000000	-0.00000000	-0.00000000	-0.00000000	-0.00000000	-1244418.50	0.00000000	0.00000000	0.00000000	0.00000000
    0.4400	-0.00000000	-0.00000000	-0.00000000	-0.00000000	-0.00000000	-0.00000000	-1244418.50	0.00000000	0.00000000	0.00000000	0.00000000
    0.4500	-0.00000000	-0.00000000	-0.00000000	-0.00000000	-0.00000000	-0.00000000	-1244418.50	0.00000000	0.00000000	0.00000000	0.00000000
    0.4600	-0.00000000	-0.00000000	-0.00000000	-0.00000000	-0.00000000	-0.00000000	-1244418.50	0.00000000	0.00000000	0.00000000	0.00000000
    0.4700	-0.00000000	-0.00000000	-0.00000000	-0.00000000	-0.00000000	-0.00000000	-1244418.50	0.00000000	0.00000000	0.00000000	0.00000000
    0.4800	-0.00000000	-0.00000000	-0.00000000	-0.00000000	-0.00000000	-0.00000000	-1244418.50	0.00000000	0.00000000	0.00000000	0.00000000
    0.4900	-0.00000000	-0.00000000	-0.00000000	-0.00000000	-0.00000000	-0.00000000	-1244418.50	0.00000000	0.00000000	0.00000000	0.00000000
    0.5000	-0.00000000	-0.00000000	-0.00000000	-0.00000000	-0.00000000	-0.00000000	-1244418.50	0.00000000	0.00000000	0.00000000	0.00000000
    0.5100	-0.00000000	-0.00000000	-0.00000000	-0.00000000	-0.00000000	-0.00000000	-1244418.50	0.00000000	0.00000000	0.00000000	0.00000000
    0.5200	-0.00000000	-0.00000000	-0.00000000	-0.00000000	-0.00000000	-0.00000000	-1244418.50	0.00000000	0.00000000	0.00000000	0.00000000
    0.5300	-0.00000000	-0.00000000	-0.00000000	-0.00000000	-0.00000000	-0.00000000	-1244418.50	0.00000000	0.00000000	0.00000000	0.00000000
    0.5400	-0.00000000	-0.00000000	-0.00000000	-0.00000000	-0.00000000	-0.00000000	-1244418.50	0.00000000	0.00000000	0.00000000	0.00000000
    0.5500	-0.00000000	-0.00000000	-0.00000000	-0.00000000	-0.00000000	-0.00000000	-1244418.50	0.00000000	0.00000000	0.00000000	0.00000000
    0.5600	-0.00000000	-0.00000000	-0.00000000	-0.00000000	-0.00000000	-0.00000000	-1244418.50	0.00000000	0.00000000	0.00000000	0.00000000
    0.5700	-0.00000000	-0.00000000	-0.00000000	-0.00000000	-0.00000000	-0.00000000	-1244418.50	0.00000000	0.00000000	0.00000000	0.00000000
    0.5800	-0.00000000	-0.00000000	-0.00000000	-0.00000000	-0.00000000	-0.00000000	-1244418.50	0.00000000	0.00000000	0.00000000	0.00000000
    0.5900	-0.00000000	-0.00000000	-0.00000000	-0.00000000	-0.00000000	-0.00000000	-1244418.50	0.00000000	0.00000000	0.00000000	0.00000000
    0.6000	-0.00000000	-0.00000000	-0.00000000	-0.00000000	-0.00000000	-0.00000000	-1244418.50	0.00000000	0.00000000	0.00000000	0.00000000
    0.6100	-0.00000000	-0.00000000	-0.00000000	-0.00000000	-0.00000000	-0.00000000	-1244418.50	0.00000000	0.00000000	0.00000000	0.00000000
    0.6200	-0.00000000	-0.00000000	-0.00000000	-0.00000000	-0.00000000	-0.00000000	-1244418.50	0.00000000	0.00000000	0.00000000	0.00000000
    0.6300	-0.00000000	-0.00000000	-0.00000000	-0.00000000	-0.00000000	-0.00000000	-1244418.50	0.00000000	0.00000000	0.00000000	0.00000000
    0.6400	-0.00000000	-0.00000000	-0.00000000	-0.00000000	-0.00000000	-0.00000000	-1244418.50	0.00000000	0.00000000	0.00000000	0.00000000
    0.6500	-0.00000000	-0.00000000	-0.00000000	-0.00000000	-0.00000000	-0.00000000	-1244418.50	0.00000000	0.00000000	0.00000000	0.00000000
    0.6600	-0.00000000	-0.00000000	-0.00000000	-0.00000000	-0.00000000	-0.00000000	-1244418.50	0.00000000	0.00000000	0.00000000	0.00000000
    0.6700	-0.00000000	-0.00000000	-0.00000000	-0.00000000	-0.00000000	-0.00000000	-1244418.50	0.00000000	0.00000000	0.00000000	0.00000000
    0.6800	-0.00000000	-0.00000000	-0.00000000	-0.00000000	-0.00000000	-0.00000000	-1244418.50	0.00000000	0.00000000	0.00000000	0.00000000
    0.6900	-0.00000000	-0.00000000	-0.00000000	-0.00000000	-0.00000000	-0.00000000	-1244418.50	0.00000000	0.00000000	0.00000000	0.00000000
    0.7000	-0.00000000	-0.00000000	-0.00000000	-0.00000000	-0.00000000	-0.00000000	-1244418.50	0.00000000	0.00000000	0.00000000	0.00000000
    0.7100	-0.00000000	-0.00000000	-0.00000000	-0.00000000	-0.00000000	-0.00000000	-1244418.50	0.00000000	0.00000000	0.00000000	0.00000000
    0.7200	-0.00000000	-0.00000000	-0.00000000	-0.00000000	-0.00000000	-0.00000000	-1244418.50	0.00000000	0.00000000	0.00000000	0.00000000
    0.7300	-0.00000000	-0.00000000	-0.00000000	-0.00000000	-0.00000000	-0.00000000	-1244418.50	0.00000000	0.00000000	0.00000000	0.00000000
    0.7400	-0.00000000	-0.00000000	-0.00000000	-0.00000000	-0.00000000	-0.00000000	-1244418.50	0.00000000	0.00000000	0.00000000	0.00000000
    0.7500	-0.00000000	-0.00000000	-0.00000000	-0.00000000	-0.00000000	-0.00000000	-1244418.50	0.00000000	0.00000000	0.00000000	0.00000000
    0.7600	-0.00000000	-0.00000000	-0.00000000	-0.00000000	-0.00000000	-0.00000000	-1244418.50	0.00000000	0.00000000	0.00000000	0.00000000
    0.7700	-0.00000000	-0.00000000	-0.00000000	-0.00000000	-0.00000000	-0.00000000	-1244418.50	0.00000000	0.00000000	0.00000000	0.00000000
    0.7800	-0.00000000	-0.00000000	-0.00000000	-0.00000000	-0.00000000	-0.00000000	-1244418.50	0.00000000	0.00000000	0.00000000	0.00000000
    0.7900	-0.00000000	-0.00000000	-0.00000000	-0.00000000	-0.00000000	-0.00000000	-1244418.50	0.00000000	0.00000000	0.00000000	0.00000000
    0.8000	-0.00000000	-0.00000000	-0.00000000	-0.00000000	-0.00000000	-0.00000000	-1244418.50	0.00000000	0.00000000	0.00000000	0.00000000
    0.8100	-0.00000000	-0.00000000	-0.00000000	-0.00000000	-0.00000000	-0.00000000	-1244418.50	0.00000000	0.00000000	0.00000000	0.00000000
    0.8200	-0.00000000	-0.00000000	-0.00000000	-0.00000000	-0.00000000	-0.00000000	-1244418.50	0.00000000	0.00000000	0.00000000	0.00000000
    0.8300	-0.00000000	-0.00000000	-0.00000000	-0.00000000	-0.00000000	-0.00000000	-1244418.50	0.00000000	0.00000000	0.00000000	0.00000000
    0.8400	-0.00000000	-0.00000000	-0.00000000	-0.00000000	-0.00000000	-0.00000000	-1244418.50	0.00000000	0.00000000	0.00000000	0.00000000
    0.8500	-0.00000000	-0.00000000	-0.00000000	-0.00000000	-0.00000000	-0.00000000	-1244418.50	0.00000000	0.00000000	0.00000000	0.00000000
    0.8600	-0.00000000	-0.00000000	-0.00000000	-0.00000000	-0.00000000	-0.00000000	-1244418.50	0.00000000	0.00000000	0.00000000	0.00000000
    0.8700	-0.00000000	-0.00000000	-0.00000000	-0.00000000	-0.00000000	-0.00000000	-1244418.50	0.00000000	0.00000000	0.00000000	0.00000000
    0.8800	-0.00000000	-0.00000000	-0.00000000	-0.00000000	-0.00000000	-0.00000000	-1244418.50	0.00000000	0.00000000	0.00000000	0.00000000
    0.8900	-0.00000000	-0.00000000	-0.00000000	-0.00000000	-0.00000000	-0.00000000	-1244418.50	0.00000000	0.00000000	0.00000000	0.00000000
    0.9000	-0.00000000	-0.00000000	-0.00000000	-0.00000000	-0.00000000	-0.00000000	-1244418.50	0.00000000	0.00000000	0.00000000	0.00000000
    0.9100	-0.00000000	-0.00000000	-0.00000000	-0.00000000	-0.00000000	-0.00000000	-1244418.50	0.00000000	0.00000000	0.00000000	0.00000000
    0.9200	-0.00000000	-0.00000000	-0.00000000	-0.00000000	-0.00000000	-0.00000000	-1244418.50	0.00000000	0.00000000	0.00000000	0.00000000
    0.9300	-0.00000000	-0.00000000	-0.00000000	-0.00000000	-0.00000000	-0.00000000	-1244418.50	0.00000000	0.00000000	0.00000000	0.00000000
    0.9400	-0.00000000	-0.00000000	-0.00000000	-0.00000000	-0.00000000	-0.00000000	-1244418.50	0.00000000	0.00000000	0.00000000	0.00000000
    0.9500	-0.00000000	-0.00000000	-0.00000000	-0.00000000	-0.00000000	-0.00000000	-1244418.50	0.00000000	0.00000000	0.00000000	0.00000000
    0.9600	-0.00000000	-0.00000000	-0.00000000	-0.00000000	-0.00000000	-0.00000000	-1244418.50	0.00000000	0.00000000	0.00000000	0.00000000
    0.9700	-0.00000000	-0.00000000	-0.00000000	-0.00000000	-0.00000000	-0.00000000	-1244418.50	0.00000000	0.00000000	0.00000000	0.00000000
    0.9800	-0.00000000	-0.00000000	-0.00000000	-0.00000000	-0.00000000	-0.00000000	-1244418.50	0.00000000	0.00000000	0.00000000	0.00000000
    0.9900	-0.00000000	-0.00000000	-0.00000000	-0.00000000	-0.00000000	-0.00000000	-1244418.50	0.00000000	0.00000000	0.00000000	0.00000000
    1.0000	-0.00000000	-0.00000000	-0.00000000	-0.00000000	-0.00000000	-0.00000000	-1244418.50	0.00000000	0.00000000	0.00000000	0.00000000
    1.0100	-0.00000000	-0.00000000	-0.00000000	-0.00000000	-0.00000000	-0.00000000	-1244418.50	0.00000000	0.00000000	0.00000000	0.00000000
    1.0200	-0.00000000	-0.00000000	-0.00000000	-0.00000000	-0.00000000	-0.00000000	-1244418.50	0.00000000	0.00000000	0.00000000	0.00000000
    1.0300	-0.00000000	-0.00000000	-0.00000000	-0.00000000	-0.00000000	-0.00000000	-1244418.50	0.00000000	0.00000000	0.00000000	0.00000000
    1.0400	-0.00000000	-0.00000000	-0.00000000	-0.00000000	-0.00000000	-0.00000000	-1244418.50	0.00000000	0.00000000	0.00000000	0.00000000
    1.0500	-0.00000000	-0.00000000	-0.00000000	-0.00000000	-0.00000000	-0.00000000	-1244418.50	0.00000000	0.00000000	0.00000000	0.00000000
    1.0600	-0.00000000	-0.00000000	-0.00000000	-0.00000000	-0.00000000	-0.00000000	-1244418.50	0.00000000	0.00000000	0.00000000	0.00000000
    1.0700	-0.00000000	-0.00000000	-0.00000000	-0.00000000	-0.00000000	-0.00000000	-1244418.50	0.00000000	0.00000000	0.00000000	0.00000000
    1.0800	-0.00000000	-0.00000000	-0.00000000	-0.00000000	-0.00000000	-0.00000000	-1244418.50	0.00000000	0.00000000	0.00000000	0.00000000
    1.0900	-0.00000000	-0.00000000	-0.00000000	-0.00000000	-0.00000000	-0.00000000	-1244418.50	0.00000000	0.00000000	0.00000000	0.00000000
    1.1000	-0.00000000	-0.00000000	-0.00000000	-0.00000000	-0.00000000	-0.00000000	-1244418.50	0.00000000	0.00000000	0.00000000	0.00000000
    1.1100	-0.00000000	-0.00000000	-0.00000000	-0.00000000	-0.00000000	-0.00000000	-1244418.50	0.00000000	0.00000000	0.00000000	0.00000000
    1.1200	-0.00000000	-0.00000000	-0.00000000	-0.00000000	-0.00000000	-0.00000000	-1244418.50	0.00000000	0.00000000	0.00000000	0.00000000
    1.1300	-0.00000000	-0.00000000	-0.00000000	-0.00000000	-0.00000000	-0.00000000	-1244418.50	0.00000000	0.00000000	0.00000000	0.00000000
    1.1400	-0.00000000	-0.00000000	-0.00000000	-0.00000000	-0.00000000	-0.00000000	-1244418.50	0.00000000	0.00000000	0.00000000	0.00000000
    1.1500	-0.00000000	-0.00000000	-0.00000000	-0.00000000	-0.00000000	-0.00000000	-1244418.50	0.00000000	0.00000000	0.00000000	0.00000000
    1.1600	-0.00000000	-0.00000000	-0.00000000	-0.00000000	-0.00000000	-0.00000000	-1244418.50	0.00000000	0.00000000	0.00000000	0.00000000
    1.1700	-0.00000000	-0.00000000	-0.00000000	-0.00000000	-0.00000000	-0.00000000	-1244418.50	0.00000000	0.00000000	0.00000000	0.00000000
    1.1800	-0.00000000	-0.00000000	-0.00000000	-0.00000000	-0.00000000	-0.00000000	-1244418.50	0.00000000	0.00000000	0.00000000	0.00000000
    1.1900	-0.00000000	-0.00000000	-0.00000000	-0.00000000	-0.00000000	-0.00000000	-1244418.50	0.00000000	0.00000000	0.00000000	0.00000000
    1.2000	-0.00000000	-0.00000000	-0.00000000	-0.00000000	-0.00000000	-0.00000000	-1244418.50	0.00000000	0.00000000	0.00000000	0.00000000
    1.2100	-0.00000000	-0.00000000	-0.00000000	-0.00000000	-0.00000000	-0.00000000	-1244418.50	0.00000000	0.00000000	0.00000000	0.00000000
    1.2200	-0.00000000	-0.00000000	-0.00000000	-0.00000000	-0.00000000	-0.00000000	-1244418.50	0.00000000	0.00000000	0.00000000	0.00000000
    1.2300	-0.00000000	-0.00000000	-0.00000000	-0.00000000	-0.00000000	-0.00000000	-1244418.50	0.00000000	0.00000000	0.00000000	0.00000000
    1.2400	-0.00000000	-0.00000000	-0.00000000	-0.00000000	-0.00000000	-0.00000000	-1244418.50	0.00000000	0.00000000	0.00000000	0.00000000
    1.2500	-0.00000000	-0.00000000	-0.00000000	-0.00000000	-0.00000000	-0.00000000	-1244418.50	0.00000000	0.00000000	0.00000000	0.00000000
    1.2600	-0.00000000	-0.00000000	-0.00000000	-0.00000000	-0.00000000	-0.00000000	-1244418.50	0.00000000	0.00000000	0.00000000	0.00000000
    1.2700	-0.00000000	-0.00000000	-0.00000000	-0.00000000	-0.00000000	-0.00000000	-1244418.50	0.00000000	0.00000000	0.00000000	0.00000000
    1.2800	-0.00000000	-0.00000000	-0.00000000	-0.00000000	-0.00000000	-0.00000000	-1244418.50	0.00000000	0.00000000	0.00000000	0.00000000
    1.2900	-0.00000000	-0.00000000	-0.00000000	-0.00000000	-0.00000000	-0.00000000	-1244418.50	0.00000000	0.00000000	0.00000000	0.00000000
    1.3000	-0.00000000	-0.00000000	-0.00000000	-0.00000000	-0.00000000	-0.00000000	-1244418.50	0.00000000	0.00000000	0.00000000	0.00000000
    1.3100	-0.00000000	-0.00000000	-0.00000000	-0.00000000	-0.00000000	-0.00000000	-1244418.50	0.00000000	0.00000000	0.00000000	0.00000000
    1.3200	-0.00000000	-0.00000000	-0.00000000	-0.00000000	-0.00000000	-0.00000000	-1244418.50	0.00000000	0.00000000	0.00000000	0.00000000
    1.3300	-0.00000000	-0.00000000	-0.00000000	-0.00000000	-0.00000000	-0.00000000	-1244418.50	0.00000000	0.00000000	0.00000000	0.00000000
    1.3400	-0.00000000	-0.00000000	-0.00000000	-0.00000000	-0.00000000	-0.00000000	-1244418.50	0.00000000	0.00000000	0.00000000	0.00000000
    1.3500	-0.00000000	-0.00000000	-0.00000000	-0.00000000	-0.00000000	-0.00000000	-1244418.50	0.00000000	0.00000000	0.00000000	0.00000000
    1.3600	-0.00000000	-0.00000000	-0.00000000	-0.00000000	-0.00000000	-0.00000000	-1244418.50	0.00000000	0.00000000	0.00000000	0.00000000
    1.3700	-0.00000000	-0.00000000	-0.00000000	-0.00000000	-0.00000000	-0.00000000	-1244418.50	0.00000000	0.00000000	0.00000000	0.00000000
    1.3800	-0.00000000	-0.00000000	-0.00000000	-0.00000000	-0.00000000	-0.00000000	-1244418.50	0.00000000	0.00000000	0.00000000	0.00000000
    1.3900	-0.00000000	-0.00000000	-0.00000000	-0.00000000	-0.00000000	-0.00000000	-1244418.50	0.00000000	0.00000000	0.00000000	0.00000000
    1.4000	-0.00000000	-0.00000000	-0.00000000	-0.00000000	-0.00000000	-0.00000000	-1244418.50	0.00000000	0.00000000	0.00000000	0.00000000
    1.4100	-0.00000000	-0.00000000	-0.00000000	-0.00000000	-0.00000000	-0.00000000	-1244418.50	0.00000000	0.00000000	0.00000000	0.00000000
    1.4200	-0.00000000	-0.00000000	-0.00000000	-0.00000000	-0.00000000	-0.00000000	-1244418.50	0.00000000	0.00000000	0.00000000	0.00000000
    1.4300	-0.00000000	-0.00000000	-0.00000000	-0.00000000	-0.00000000	-0.00000000	-1244418.50	0.00000000	0.00000000	0.00000000	0.00000000
    1.4400	-0.00000000	-0.00000000	-0.00000000	-0.00000000	-0.00000000	-0.00000000	-1244418.50	0.00000000	0.00000000	0.00000000	0.00000000
    1.4500	-0.00000000	-0.00000000	-0.00000000	-0.00000000	-0.00000000	-0.00000000	-1244418.50	0.00000000	0.00000000	0.00000000	0.00000000
    1.4600	-0.00000000	-0.00000000	-0.00000000	-0.00000000	-0.00000000	-0.00000000	-1244418.50	0.00000000	0.00000000	0.00000000	0.00000000
    1.4700	-0.00000000	-0.00000000	-0.00000000	-0.00000000	-0.00000000	-0.00000000	-1244418.50	0.00000000	0.00000000	0.00000000	0.00000000
    1.4800	-0.00000000	-0.00000000	-0.00000000	-0.00000000	-0.00000000	-0.00000000	-1244418.50	0.00000000	0.00000000	0.00000000	0.00000000
    1.4900	-0.00000000	-0.00000000	-0.00000000	-0.00000000	-0.00000000	-0.00000000	-1244418.50	0.00000000	0.00000000	0.00000000	0.00000000
    1.5000	-0.00000000	-0.00000000	-0.00000000	-0.00000000	-0.00000000	-0.00000000	-1244418.50	0.00000000	0.00000000	0.00000000	0.00000000
    1.5100	-0.00000000	-0.00000000	-0.00000000	-0.00000000	-0.00000000	-0.00000000	-1244418.50	0.00000000	0.00000000	0.00000000	0.00000000
    1.5200	-0.00000000	-0.00000000	-0.00000000	-0.00000000	-0.00000000	-0.00000000	-1244418.50	0.00000000	0.00000000	0.00000000	0.00000000
    1.5300	-0.00000000	-0.00000000	-0.00000000	-0.00000000	-0.00000000	-0.00000000	-1244418.50	0.00000000	0.00000000	0.00000000	0.00000000
    1.5400	-0.00000000	-0.00000000	-0.00000000	-0.00000000	-0.00000000	-0.00000000	-1244418.50	0.00000000	0.00000000	0.00000000	0.00000000
    1.5500	-0.00000000	-0.00000000	-0.00000000	-0.00000000	-0.00000000	-0.00000000	-1244418.50	0.00000000	0.00000000	0.00000000	0.00000000
    1.5600	-0.00000000	-0.00000000	-0.00000000	-0.00000000	-0.00000000	-0.00000000	-1244418.50	0.00000000	0.00000000	0.00000000	0.00000000
    1.5700	-0.00000000	-0.00000000	-0.00000000	-0.00000000	-0.00000000	-0.00000000	-1244418.50	0.00000000	0.00000000	0.00000000	0.00000000
    1.5800	-0.00000000	-0.00000000	-0.00000000	-0.00000000	-0.00000000	-0.00000000	-1244418.50	0.00000000	0.00000000	0.00000000	0.00000000
    1.5900	-0.00000000	-0.00000000	-0.00000000	-0.00000000	-0.00000000	-0.00000000	-1244418.50	0.00000000	0.00000000	0.00000000	0.00000000
    1.6000	-0.00000000	-0.00000000	-0.00000000	-0.00000000	-0.00000000	-0.00000000	-1244418.50	0.00000000	0.00000000	0.00000000	0.00000000
    1.6100	-0.00000000	-0.00000000	-0.00000000	-0.00000000	-0.00000000	-0.00000000	-1244418.50	0.00000000	0.00000000	0.00000000	0.00000000
    1.6200	-0.00000000	-0.00000000	-0.00000000	-0.00000000	-0.00000000	-0.00000000	-1244418.50	0.00000000	0.00000000	0.00000000	0.00000000
    1.6300	-0.00000000	-0.00000000	-0.00000000	-0.00000000	-0.00000000	-0.00000000	-1244418.50	0.00000000	0.00000000	0.00000000	0.00000000
    1.6400	-0.00000000	-0.00000000	-0.00000000	-0.00000000	-0.00000000	-0.00000000	-1244418.50	0.00000000	0.00000000	0.00000000	0.00000000
    1.6500	-0.00000000	-0.00000000	-0.00000000	-0.00000000	-0.00000000	-0.00000000	-1244418.50	0.00000000	0.00000000	0.00000000	0.00000000
    1.6600	-0.00000000	-0.00000000	-0.00000000	-0.00000000	-0.00000000	-0.00000000	-1244418.50	0.00000000	0.00000000	0.00000000	0.00000000
    1.6700	-0.00000000	-0.00000000	-0.00000000	-0.00000000	-0.00000000	-0.00000000	-1244418.50	0.00000000	0.00000000	0.00000000	0.00000000
    1.6800	-0.00000000	-0.00000000	-0.00000000	-0.00000000	-0.00000000	-0.00000000	-1244418.50	0.00000000	0.00000000	0.00000000	0.00000000
    1.6900	-0.00000000	-0.00000000	-0.00000000	-0.00000000	-0.00000000	-0.00000000	-1244418.50	0.00000000	0.00000000	0.00000000	0.00000000
    1.7000	-0.00000000	-0.00000000	-0.00000000	-0.00000000	-0.00000000	-0.00000000	-1244418.50	0.00000000	0.00000000	0.00000000	0.00000000
    1.7100	-0.00000000	-0.00000000	-0.00000000	-0.00000000	-0.00000000	-0.00000000	-1244418.50	0.00000000	0.00000000	0.00000000	0.00000000
    1.7200	-0.00000000	-0.00000000	-0.00000000	-0.00000000	-0.00000000	-0.00000000	-1244418.50	0.00000000	0.00000000	0.00000000	0.00000000
    1.7300	-0.00000000	-0.00000000	-0.00000000	-0.00000000	-0.00000000	-0.00000000	-1244418.50	0.00000000	0.00000000	0.00000000	0.00000000
    1.7400	-0.00000000	-0.00000000	-0.00000000	-0.00000000	-0.00000000	-0.00000000	-1244418.50	0.00000000	0.00000000	0.00000000	0.00000000
    1.7500	-0.00000000	-0.00000000	-0.00000000	-0.00000000	-0.00000000	-0.00000000	-1244418.50	0.00000000	0.00000000	0.00000000	0.00000000
    1.7600	-0.00000000	-0.00000000	-0.00000000	-0.00000000	-0.00000000	-0.00000000	-1244418.50	0.00000000	0.00000000	0.00000000	0.00000000
    1.7700	-0.00000000	-0.00000000	-0.00000000	-0.00000000	-0.00000000	-0.00000000	-1244418.50	0.00000000	0.00000000	0.00000000	0.00000000
    1.7800	-0.00000000	-0.00000000	-0.00000000	-0.00000000	-0.00000000	-0.00000000	-1244418.50	0.00000000	0.00000000	0.00000000	0.00000000
    1.7900	-0.00000000	-0.00000000	-0.00000000	-0.00000000	-0.00000000	-0.00000000	-1244418.50	0.00000000	0.00000000	0.00000000	0.00000000
    1.8000	-0.00000000	-0.00000000	-0.00000000	-0.00000000	-0.00000000	-0.00000000	-1244418.50	0.00000000	0.00000000	0.00000000	0.00000000
    1.8100	-0.00000000	-0.00000000	-0.00000000	-0.00000000	-0.00000000	-0.00000000	-1244418.50	0.00000000	0.00000000	0.00000000	0.00000000
    1.8200	-0.00000000	-0.00000000	-0.00000000	-0.00000000	-0.00000000	-0.00000000	-1244418.50	0.00000000	0.00000000	0.00000000	0.00000000
    1.8300	-0.00000000	-0.00000000	-0.00000000	-0.00000000	-0.00000000	-0.00000000	-1244418.50	0.00000000	0.00000000	0.00000000	0.00000000
    1.8400	-0.00000000	-0.00000000	-0.00000000	-0.00000000	-0.00000000	-0.00000000	-1244418.50	0.00000000	0.00000000	0.00000000	0.00000000
    1.8500	-0.00000000	-0.00000000	-0.00000000	-0.00000000	-0.00000000	-0.00000000	-1244418.50	0.00000000	0.00000000	0.00000000	0.00000000
    1.8600	-0.00000000	-0.00000000	-0.00000000	-0.00000000	-0.00000000	-0.00000000	-1244418.50	0.00000000	0.00000000	0.00000000	0.00000000
    1.8700	-0.00000000	-0.00000000	-0.00000000	-0.00000000	-0.00000000	-0.00000000	-1244418.50	0.00000000	0.00000000	0.00000000	0.00000000
    1.8800	-0.00000000	-0.00000000	-0.00000000	-0.00000000	-0.00000000	-0.00000000	-1244418.50	0.00000000	0.00000000	0.00000000	0.00000000
    1.8900	-0.00000000	-0.00000000	-0.00000000	-0.00000000	-0.00000000	-0.00000000	-1244418.50	0.00000000	0.00000000	0.00000000	0.00000000
    1.9000	-0.00000000	-0.00000000	-0.00000000	-0.00000000	-0.00000000	-0.00000000	-1244418.50	0.00000000	0.00000000	0.00000000	0.00000000
    1.9100	-0.00000000	-0.00000000	-0.00000000	-0.00000000	-0.00000000	-0.00000000	-1244418.50	0.00000000	0.00000000	0.00000000	0.00000000
    1.9200	-0.00000000	-0.00000000	-0.00000000	-0.00000000	-0.00000000	-0.00000000	-1244418.50	0.00000000	0.00000000	0.00000000	0.00000000
    1.9300	-0.00000000	-0.00000000	-0.00000000	-0.00000000	-0.00000000	-0.00000000	-1244418.50	0.00000000	0.00000000	0.00000000	0.00000000
    1.9400	-0.00000000	-0.00000000	-0.00000000	-0.00000000	-0.00000000	-0.00000000	-1244418.50	0.00000000	0.00000000	0.00000000	0.00000000
    1.9500	-0.00000000	-0.00000000	-0.00000000	-0.00000000	-0.00000000	-0.00000000	-1244418.50	0.00000000	0.00000000	0.00000000	0.00000000
    1.9600	-0.00000000	-0.00000000	-0.00000000	-0.00000000	-0.00000000	-0.00000000	-1244418.50	0.00000000	0.00000000	0.00000000	0.00000000
    1.9700	-0.00000000	-0.00000000	-0.00000000	-0.00000000	-0.00000000	-0.00000000	-1244418.50	0.00000000	0.00000000	0.00000000	0.00000000
    1.9800	-0.00000000	-0.00000000	-0.00000000	-0.00000000	-0.00000000	-0.00000000	-1244418.50	0.00000000	0.00000000	0.00000000	0.00000000
    1.9900	-0.00000000	-0.00000000	-0.00000000	-0.00000000	-0.00000000	-0.00000000	-1244418.50	0.00000000	0.00000000	0.00000000	0.00000000
    2.0000	-0.00000000	-0.00000000	-0.00000000	-0.00000000	-0.00000000	-0.00000000	-1244418.50	0.00000000	0.00000000	0.00000000	0.00000000
    2.0100	-0.00000000	-0.00000000	-0.00000000	-0.00000000	-0.00000000	-0.00000000	-1244418.50	0.00000000	0.00000000	0.00000000	0.00000000
    2.0200	-0.00000000	-0.00000000	-0.00000000	-0.00000000	-0.00000000	-0.00000000	-1244418.50	0.00000000	0.00000000	0.00000000	0.00000000
    2.0300	-0.00000000	-0.00000000	-0.00000000	-0.00000000	-0.00000000	-0.00000000	-1244418.50	0.00000000	0.00000000	0.00000000	0.00000000
    2.0400	-0.00000000	-0.00000000	-0.00000000	-0.00000000	-0.00000000	-0.00000000	-1244418.50	0.00000000	0.00000000	0.00000000	0.00000000
    2.0500	-0.00000000	-0.00000000	-0.00000000	-0.00000000	-0.00000000	-0.00000000	-1244418.50	0.00000000	0.00000000	0.00000000	0.00000000
    2.0600	-0.00000000	-0.00000000	-0.00000000	-0.00000000	-0.00000000	-0.00000000	-1244418.50	0.00000000	0.00000000	0.00000000	0.00000000
    2.0700	-0.00000000	-0.00000000	-0.00000000	-0.00000000	-0.00000000	-0.00000000	-1244418.50	0.00000000	0.00000000	0.00000000	0.00000000
    2.0800	-0.00000000	-0.00000000	-0.00000000	-0.00000000	-0.00000000	-0.00000000	-1244418.50	0.00000000	0.00000000	0.00000000	0.00000000
    2.0900	-0.00000000	-0.00000000	-0.00000000	-0.00000000	-0.00000000	-0.00000000	-1244418.50	0.00000000	0.00000000	0.00000000	0.00000000
    2.1000	-0.00000000	-0.00000000	-0.00000000	-0.00000000	-0.00000000	-0.00000000	-1244418.50	0.00000000	0.00000000	0.00000000	0.00000000
    2.1100	-0.00000000	-0.00000000	-0.00000000	-0.00000000	-0.00000000	-0.00000000	-1244418.50	0.00000000	0.00000000	0.00000000	0.00000000
    2.1200	-0.00000000	-0.00000000	-0.00000000	-0.00000000	-0.00000000	-0.00000000	-1244418.50	0.00000000	0.00000000	0.00000000	0.00000000
    2.1300	-0.00000000	-0.00000000	-0.00000000	-0.00000000	-0.00000000	-0.00000000	-1244418.50	0.00000000	0.00000000	0.00000000	0.00000000
    2.1400	-0.00000000	-0.00000000	-0.00000000	-0.00000000	-0.00000000	-0.00000000	-1244418.50	0.00000000	0.00000000	0.00000000	0.00000000
    2.1500	-0.00000000	-0.00000000	-0.00000000	-0.00000000	-0.00000000	-0.00000000	-1244418.50	0.00000000	0.00000000	0.00000000	0.00000000
    2.1600	-0.00000000	-0.00000000	-0.00000000	-0.00000000	-0.00000000	-0.00000000	-1244418.50	0.00000000	0.00000000	0.00000000	0.00000000
    2.1700	-0.00000000	-0.00000000	-0.00000000	-0.00000000	-0.00000000	-0.00000000	-1244418.50	0.00000000	0.00000000	0.00000000	0.00000000
    2.1800	-0.00000000	-0.00000000	-0.00000000	-0.00000000	-0.00000000	-0.00000000	-1244418.50	0.00000000	0.00000000	0.00000000	0.00000000
    2.1900	-0.00000000	-0.00000000	-0.00000000	-0.00000000	-0.00000000	-0.00000000	-1244418.50	0.00000000	0.00000000	0.00000000	0.00000000
    2.2000	-0.00000000	-0.00000000	-0.00000000	-0.00000000	-0.00000000	-0.00000000	-1244418.50	0.00000000	0.00000000	0.00000000	0.00000000
    2.2100	-0.00000000	-0.00000000	-0.00000000	-0.00000000	-0.00000000	-0.00000000	-1244418.50	0.00000000	0.00000000	0.00000000	0.00000000
    2.2200	-0.00000000	-0.00000000	-0.00000000	-0.00000000	-0.00000000	-0.00000000	-1244418.50	0.00000000	0.00000000	0.00000000	0.00000000
    2.2300	-0.00000000	-0.00000000	-0.00000000	-0.00000000	-0.00000000	-0.00000000	-1244418.50	0.00000000	0.00000000	0.00000000	0.00000000
    2.2400	-0.00000000	-0.00000000	-0.00000000	-0.00000000	-0.00000000	-0.00000000	-1244418.50	0.00000000	0.00000000	0.00000000	0.00000000
    2.2500	-0.00000000	-0.00000000	-0.00000000	-0.00000000	-0.00000000	-0.00000000	-1244418.50	0.00000000	0.00000000	0.00000000	0.00000000
    2.2600	-0.00000000	-0.00000000	-0.00000000	-0.00000000	-0.00000000	-0.00000000	-1244418.50	0.00000000	0.00000000	0.00000000	0.00000000
    2.2700	-0.00000000	-0.00000000	-0.00000000	-0.00000000	-0.00000000	-0.00000000	-1244418.50	0.00000000	0.00000000	0.00000000	0.00000000
    2.2800	-0.00000000	-0.00000000	-0.00000000	-0.00000000	-0.00000000	-0.00000000	-1244418.50	0.00000000	0.00000000	0.00000000	0.00000000
    2.2900	-0.00000000	-0.00000000	-0.00000000	-0.00000000	-0.00000000	-0.00000000	-1244418.50	0.00000000	0.00000000	0.00000000	0.00000000
    2.3000	-0.00000000	-0.00000000	-0.00000000	-0.00000000	-0.00000000	-0.00000000	-1244418.50	0.00000000	0.00000000	0.00000000	0.00000000
    2.3100	-0.00000000	-0.00000000	-0.00000000	-0.00000000	-0.00000000	-0.00000000	-1244418.50	0.00000000	0.00000000	0.00000000	0.00000000
    2.3200	-0.00000000	-0.00000000	-0.00000000	-0.00000000	-0.00000000	-0.00000000	-1244418.50	0.00000000	0.00000000	0.00000000	0.00000000
    2.3300	-0.00000000	-0.00000000	-0.00000000	-0.00000000	-0.00000000	-0.00000000	-1244418.50	0.00000000	0.00000000	0.00000000	0.00000000
    2.3400	-0.00000000	-0.00000000	-0.00000000	-0.00000000	-0.00000000	-0.00000000	-1244418.50	0.00000000	0.00000000	0.00000000	0.00000000
    2.3500	-0.00000000	-0.00000000	-0.00000000	-0.00000000	-0.00000000	-0.00000000	-1244418.50	0.00000000	0.00000000	0.00000000	0.00000000
    2.3600	-0.00000000	-0.00000000	-0.00000000	-0.00000000	-0.00000000	-0.00000000	-1244418.50	0.00000000	0.00000000	0.00000000	0.00000000
    2.3700	-0.00000000	-0.00000000	-0.00000000	-0.00000000	-0.00000000	-0.00000000	-1244418.50	0.00000000	0.00000000	0.00000000	0.00000000
    2.3800	-0.00000000	-0.00000000	-0.00000000	-0.00000000	-0.00000000	-0.00000000	-1244418.50	0.00000000	0.00000000	0.00000000	0.00000000
    2.3900	-0.00000000	-0.00000000	-0.00000000	-0.00000000	-0.00000000	-0.00000000	-1244418.50	0.00000000	0.00000000	0.00000000	0.00000000
    2.4000	-0.00000000	-0.00000000	-0.00000000	-0.00000000	-0.00000000	-0.00000000	-1244418.50	0.00000000	0.00000000	0.00000000	0.00000000
    2.4100	-0.00000000	-0.00000000	-0.00000000	-0.00000000	-0.00000000	-0.00000000	-1244418.50	0.00000000	0.00000000	0.00000000	0.00000000
    2.4200	-0.00000000	-0.00000000	-0.00000000	-0.00000000	-0.00000000	-0.00000000	-1244418.50	0.00000000	0.00000000	0.00000000	0.00000000
    2.4300	-0.00000000	-0.00000000	-0.00000000	-0.00000000	-0.00000000	-0.00000000	-1244418.50	0.00000000	0.00000000	0.00000000	0.00000000
    2.4400	-0.00000000	-0.00000000	-0.00000000	-0.00000000	-0.00000000	-0.00000000	-1244418.50	0.00000000	0.00000000	0.00000000	0.00000000
    2.4500	-0.00000000	-0.00000000	-0.00000000	-0.00000000	-0.00000000	-0.00000000	-1244418.50	0.00000000	0.00000000	0.00000000	0.00000000
    2.4600	-0.00000000	-0.00000000	-0.00000000	-0.00000000	-0.00000000	-0.00000000	-1244418.50	0.00000000	0.00000000	0.00000000	0.00000000
    2.4700	-0.00000000	-0.00000000	-0.00000000	-0.00000000	-0.00000000	-0.00000000	-1244418.50	0.00000000	0.00000000	0.00000000	0.00000000
    2.4800	-0.00000000	-0.00000000	-0.00000000	-0.00000000	-0.00000000	-0.00000000	-1244418.50	0.00000000	0.00000000	0.00000000	0.00000000
    2.4900	-0.00000000	-0.00000000	-0.00000000	-0.00000000	-0.00000000	-0.00000000	-1244418.50	0.00000000	0.00000000	0.00000000	0.00000000
    2.5000	-0.00000000	-0.00000000	-0.00000000	-0.00000000	-0.00000000	-0.00000000	-1244418.50	0.00000000	0.00000000	0.00000000	0.00000000
    2.5100	-0.00000000	-0.00000000	-0.00000000	-0.00000000	-0.00000000	-0.00000000	-1244418.50	0.00000000	0.00000000	0.00000000	0.00000000
    2.5200	-0.00000000	-0.00000000	-0.00000000	-0.00000000	-0.00000000	-0.00000000	-1244418.50	0.00000000	0.00000000	0.00000000	0.00000000
    2.5300	-0.00000000	-0.00000000	-0.00000000	-0.00000000	-0.00000000	-0.00000000	-1244418.50	0.00000000	0.00000000	0.00000000	0.00000000
    2.5400	-0.00000000	-0.00000000	-0.00000000	-0.00000000	-0.00000000	-0.00000000	-1244418.50	0.00000000	0.00000000	0.00000000	0.00000000
    2.5500	-0.00000000	-0.00000000	-0.00000000	-0.00000000	-0.00000000	-0.00000000	-1244418.50	0.00000000	0.00000000	0.00000000	0.00000000
    2.5600	-0.00000000	-0.00000000	-0.00000000	-0.00000000	-0.00000000	-0.00000000	-1244418.50	0.00000000	0.00000000	0.00000000	0.00000000
    2.5700	-0.00000000	-0.00000000	-0.00000000	-0.00000000	-0.00000000	-0.00000000	-1244418.50	0.00000000	0.00000000	0.00000000	0.00000000
    2.5800	-0.00000000	-0.00000000	-0.00000000	-0.00000000	-0.00000000	-0.00000000	-1244418.50	0.00000000	0.00000000	0.00000000	0.00000000
    2.5900	-0.00000000	-0.00000000	-0.00000000	-0.00000000	-0.00000000	-0.00000000	-1244418.50	0.00000000	0.00000000	0.00000000	0.00000000
    2.6000	-0.00000000	-0.00000000	-0.00000000	-0.00000000	-0.00000000	-0.00000000	-1244418.50	0.00000000	0.00000000	0.00000000	0.00000000
    2.6100	-0.00000000	-0.00000000	-0.00000000	-0.00000000	-0.00000000	-0.00000000	-1244418.50	0.00000000	0.00000000	0.00000000	0.00000000
    2.6200	-0.00000000	-0.00000000	-0.00000000	-0.00000000	-0.00000000	-0.00000000	-1244418.50	0.00000000	0.00000000	0.00000000	0.00000000
    2.6300	-0.00000000	-0.00000000	-0.00000000	-0.00000000	-0.00000000	-0.00000000	-1244418.50	0.00000000	0.00000000	0.00000000	0.00000000
    2.6400	-0.00000000	-0.00000000	-0.00000000	-0.00000000	-0.00000000	-0.00000000	-1244418.50	0.00000000	0.00000000	0.00000000	0.00000000
    2.6500	-0.00000000	-0.00000000	-0.00000000	-0.00000000	-0.00000000	-0.00000000	-1244418.50	0.00000000	0.00000000	0.00000000	0.00000000
    2.6600	-0.00000000	-0.00000000	-0.00000000	-0.00000000	-0.00000000	-0.00000000	-1244418.50	0.00000000	0.00000000	0.00000000	0.00000000
    2.6700	-0.00000000	-0.00000000	-0.00000000	-0.00000000	-0.00000000	-0.00000000	-1244418.50	0.00000000	0.00000000	0.00000000	0.00000000
    2.6800	-0.00000000	-0.00000000	-0.00000000	-0.00000000	-0.00000000	-0.00000000	-1244418.50	0.00000000	0.00000000	0.00000000	0.00000000
    2.6900	-0.00000000	-0.00000000	-0.00000000	-0.00000000	-0.00000000	-0.00000000	-1244418.50	0.00000000	0.00000000	0.00000000	0.00000000
    2.7000	-0.00000000	-0.00000000	-0.00000000	-0.00000000	-0.00000000	-0.00000000	-1244418.50	0.00000000	0.00000000	0.00000000	0.00000000
    2.7100	-0.00000000	-0.00000000	-0.00000000	-0.00000000	-0.00000000	-0.00000000	-1244418.50	0.00000000	0.00000000	0.00000000	0.00000000
    2.7200	-0.00000000	-0.00000000	-0.00000000	-0.00000000	-0.00000000	-0.00000000	-1244418.50	0.00000000	0.00000000	0.00000000	0.00000000
    2.7300	-0.00000000	-0.00000000	-0.00000000	-0.00000000	-0.00000000	-0.00000000	-1244418.50	0.00000000	0.00000000	0.00000000	0.00000000
    2.7400	-0.00000000	-0.00000000	-0.00000000	-0.00000000	-0.00000000	-0.00000000	-1244418.50	0.00000000	0.00000000	0.00000000	0.00000000
    2.7500	-0.00000000	-0.00000000	-0.00000000	-0.00000000	-0.00000000	-0.00000000	-1244418.50	0.00000000	0.00000000	0.00000000	0.00000000
    2.7600	-0.00000000	-0.00000000	-0.00000000	-0.00000000	-0.00000000	-0.00000000	-1244418.50	0.00000000	0.00000000	0.00000000	0.00000000
    2.7700	-0.00000000	-0.00000000	-0.00000000	-0.00000000	-0.00000000	-0.00000000	-1244418.50	0.00000000	0.00000000	0.00000000	0.00000000
    2.7800	-0.00000000	-0.00000000	-0.00000000	-0.00000000	-0.00000000	-0.00000000	-1244418.50	0.00000000	0.00000000	0.00000000	0.00000000
    2.7900	-0.00000000	-0.00000000	-0.00000000	-0.00000000	-0.00000000	-0.00000000	-1244418.50	0.00000000	0.00000000	0.00000000	0.00000000
    2.8000	-0.00000000	-0.00000000	-0.00000000	-0.00000000	-0.00000000	-0.00000000	-1244418.50	0.00000000	0.00000000	0.00000000	0.00000000
    2.8100	-0.00000000	-0.00000000	-0.00000000	-0.00000000	-0.00000000	-0.00000000	-1244418.50	0.00000000	0.00000000	0.00000000	0.00000000
    2.8200	-0.00000000	-0.00000000	-0.00000000	-0.00000000	-0.00000000	-0.00000000	-1244418.50	0.00000000	0.00000000	0.00000000	0.00000000
    2.8300	-0.00000000	-0.00000000	-0.00000000	-0.00000000	-0.00000000	-0.00000000	-1244418.50	0.00000000	0.00000000	0.00000000	0.00000000
    2.8400	-0.00000000	-0.00000000	-0.00000000	-0.00000000	-0.00000000	-0.00000000	-1244418.50	0.00000000	0.00000000	0.00000000	0.00000000
    2.8500	-0.00000000	-0.00000000	-0.00000000	-0.00000000	-0.00000000	-0.00000000	-1244418.50	0.00000000	0.00000000	0.00000000	0.00000000
    2.8600	-0.00000000	-0.00000000	-0.00000000	-0.00000000	-0.00000000	-0.00000000	-1244418.50	0.00000000	0.00000000	0.00000000	0.00000000
    2.8700	-0.00000000	-0.00000000	-0.00000000	-0.00000000	-0.00000000	-0.00000000	-1244418.50	0.00000000	0.00000000	0.00000000	0.00000000
    2.8800	-0.00000000	-0.00000000	-0.00000000	-0.00000000	-0.00000000	-0.00000000	-1244418.50	0.00000000	0.00000000	0.00000000	0.00000000
    2.8900	-0.00000000	-0.00000000	-0.00000000	-0.00000000	-0.00000000	-0.00000000	-1244418.50	0.00000000	0.00000000	0.00000000	0.00000000
    2.9000	-0.00000000	-0.00000000	-0.00000000	-0.00000000	-0.00000000	-0.00000000	-1244418.50	0.00000000	0.00000000	0.00000000	0.00000000
    2.9100	-0.00000000	-0.00000000	-0.00000000	-0.00000000	-0.00000000	-0.00000000	-1244418.50	0.00000000	0.00000000	0.00000000	0.00000000
    2.9200	-0.00000000	-0.00000000	-0.00000000	-0.00000000	-0.00000000	-0.00000000	-1244418.50	0.00000000	0.00000000	0.00000000	0.00000000
    2.9300	-0.00000000	-0.00000000	-0.00000000	-0.00000000	-0.00000000	-0.00000000	-1244418.50	0.00000000	0.00000000	0.00000000	0.00000000
    2.9400	-0.00000000	-0.00000000	-0.00000000	-0.00000000	-0.00000000	-0.00000000	-1244418.50	0.00000000	0.00000000	0.00000000	0.00000000
    2.9500	-0.00000000	-0.00000000	-0.00000000	-0.00000000	-0.00000000	-0.00000000	-1244418.50	0.00000000	0.00000000	0.00000000	0.00000000
    2.9600	-0.00000000	-0.00000000	-0.00000000	-0.00000000	-0.00000000	-0.00000000	-1244418.50	0.00000000	0.00000000	0.00000000	0.00000000
    2.9700	-0.00000000	-0.00000000	-0.00000000	-0.00000000	-0.00000000	-0.00000000	-1244418.50	0.00000000	0.00000000	0.00000000	0.00000000
    2.9800	-0.00000000	-0.00000000	-0.00000000	-0.00000000	-0.00000000	-0.00000000	-1244418.50	0.00000000	0.00000000	0.00000000	0.00000000
    2.9900	-0.00000000	-0.00000000	-0.00000000	-0.00000000	-0.00000000	-0.00000000	-1244418.50	0.00000000	0.00000000	0.00000000	0.00000000
    3.0000	-0.00000000	-0.00000000	-0.00000000	-0.00000000	-0.00000000	-0.00000000	-1244418.50	0.00000000	0.00000000	0.00000000	0.00000000
    3.0100	-0.00000000	-0.00000000	-0.00000000	-0.00000000	-0.00000000	-0.00000000	-1244418.50	0.00000000	0.00000000	0.00000000	0.00000000
    3.0200	-0.00000000	-0.00000000	-0.00000000	-0.00000000	-0.00000000	-0.00000000	-1244418.50	0.00000000	0.00000000	0.00000000	0.00000000
    3.0300	-0.00000000	-0.00000000	-0.00000000	-0.00000000	-0.00000000	-0.00000000	-1244418.50	0.00000000	0.00000000	0.00000000	0.00000000
    3.0400	-0.00000000	-0.00000000	-0.00000000	-0.00000000	-0.00000000	-0.00000000	-1244418.50	0.00000000	0.00000000	0.00000000	0.00000000
    3.0500	-0.00000000	-0.00000000	-0.00000000	-0.00000000	-0.00000000	-0.00000000	-1244418.50	0.00000000	0.00000000	0.00000000	0.00000000
    3.0600	-0.00000000	-0.00000000	-0.00000000	-0.00000000	-0.00000000	-0.00000000	-1244418.50	0.00000000	0.00000000	0.00000000	0.00000000
    3.0700	-0.00000000	-0.00000000	-0.00000000	-0.00000000	-0.00000000	-0.00000000	-1244418.50	0.00000000	0.00000000	0.00000000	0.00000000
    3.0800	-0.00000000	-0.00000000	-0.00000000	-0.00000000	-0.00000000	-0.00000000	-1244418.50	0.00000000	0.00000000	0.00000000	0.00000000
    3.0900	-0.00000000	-0.00000000	-0.00000000	-0.00000000	-0.00000000	-0.00000000	-1244418.50	0.00000000	0.00000000	0.00000000	0.00000000
    3.1000	-0.00000000	-0.00000000	-0.00000000	-0.00000000	-0.00000000	-0.00000000	-1244418.50	0.00000000	0.00000000	0.00000000	0.00000000
    3.1100	-0.00000000	-0.00000000	-0.00000000	-0.00000000	-0.00000000	-0.00000000	-1244418.50	0.00000000	0.00000000	0.00000000	0.00000000
    3.1200	-0.00000000	-0.00000000	-0.00000000	-0.00000000	-0.00000000	-0.00000000	-1244418.50	0.00000000	0.00000000	0.00000000	0.00000000
    3.1300	-0.00000000	-0.00000000	-0.00000000	-0.00000000	-0.00000000	-0.00000000	-1244418.50	0.00000000	0.00000000	0.00000000	0.00000000
    3.1400	-0.00000000	-0.00000000	-0.00000000	-0.00000000	-0.00000000	-0.00000000	-1244418.50	0.00000000	0.00000000	0.00000000	0.00000000
    3.1500	-0.00000000	-0.00000000	-0.00000000	-0.00000000	-0.00000000	-0.00000000	-1244418.50	0.00000000	0.00000000	0.00000000	0.00000000
    3.1600	-0.00000000	-0.00000000	-0.00000000	-0.00000000	-0.00000000	-0.00000000	-1244418.50	0.00000000	0.00000000	0.00000000	0.00000000
    3.1700	-0.00000000	-0.00000000	-0.00000000	-0.00000000	-0.00000000	-0.00000000	-1244418.50	0.00000000	0.00000000	0.00000000	0.00000000
    3.1800	-0.00000000	-0.00000000	-0.00000000	-0.00000000	-0.00000000	-0.00000000	-1244418.50	0.00000000	0.00000000	0.00000000	0.00000000
    3.1900	-0.00000000	-0.00000000	-0.00000000	-0.00000000	-0.00000000	-0.00000000	-1244418.50	0.00000000	0.00000000	0.00000000	0.00000000
    3.2000	-0.00000000	-0.00000000	-0.00000000	-0.00000000	-0.00000000	-0.00000000	-1244418.50	0.00000000	0.00000000	0.00000000	0.00000000
    3.2100	-0.00000000	-0.00000000	-0.00000000	-0.00000000	-0.00000000	-0.00000000	-1244418.50	0.00000000	0.00000000	0.00000000	0.00000000
    3.2200	-0.00000000	-0.00000000	-0.00000000	-0.00000000	-0.00000000	-0.00000000	-1244418.50	0.00000000	0.00000000	0.00000000	0.00000000
    3.2300	-0.00000000	-0.00000000	-0.00000000	-0.00000000	-0.00000000	-0.00000000	-1244418.50	0.00000000	0.00000000	0.00000000	0.00000000
    3.2400	-0.00000000	-0.00000000	-0.00000000	-0.00000000	-0.00000000	-0.00000000	-1244418.50	0.00000000	0.00000000	0.00000000	0.00000000
    3.2500	-0.00000000	-0.00000000	-0.00000000	-0.00000000	-0.00000000	-0.00000000	-1244418.50	0.00000000	0.00000000	0.00000000	0.00000000
    3.2600	-0.00000000	-0.00000000	-0.00000000	-0.00000000	-0.00000000	-0.00000000	-1244418.50	0.00000000	0.00000000	0.00000000	0.00000000
    3.2700	-0.00000000	-0.00000000	-0.00000000	-0.00000000	-0.00000000	-0.00000000	-1244418.50	0.00000000	0.00000000	0.00000000	0.00000000
    3.2800	-0.00000000	-0.00000000	-0.00000000	-0.00000000	-0.00000000	-0.00000000	-1244418.50	0.00000000	0.00000000	0.00000000	0.00000000
    3.2900	-0.00000000	-0.00000000	-0.00000000	-0.00000000	-0.00000000	-0.00000000	-1244418.50	0.00000000	0.00000000	0.00000000	0.00000000
    3.3000	-0.00000000	-0.00000000	-0.00000000	-0.00000000	-0.00000000	-0.00000000	-1244418.50	0.00000000	0.00000000	0.00000000	0.00000000
    3.3100	-0.00000000	-0.00000000	-0.00000000	-0.00000000	-0.00000000	-0.00000000	-1244418.50	0.00000000	0.00000000	0.00000000	0.00000000
    3.3200	-0.00000000	-0.00000000	-0.00000000	-0.00000000	-0.00000000	-0.00000000	-1244418.50	0.00000000	0.00000000	0.00000000	0.00000000
    3.3300	-0.00000000	-0.00000000	-0.00000000	-0.00000000	-0.00000000	-0.00000000	-1244418.50	0.00000000	0.00000000	0.00000000	0.00000000
    3.3400	-0.00000000	-0.00000000	-0.00000000	-0.00000000	-0.00000000	-0.00000000	-1244418.50	0.00000000	0.00000000	0.00000000	0.00000000
    3.3500	-0.00000000	-0.00000000	-0.00000000	-0.00000000	-0.00000000	-0.00000000	-1244418.50	0.00000000	0.00000000	0.00000000	0.00000000
    3.3600	-0.00000000	-0.00000000	-0.00000000	-0.00000000	-0.00000000	-0.00000000	-1244418.50	0.00000000	0.00000000	0.00000000	0.00000000
    3.3700	-0.00000000	-0.00000000	-0.00000000	-0.00000000	-0.00000000	-0.00000000	-1244418.50	0.00000000	0.00000000	0.00000000	0.00000000
    3.3800	-0.00000000	-0.00000000	-0.00000000	-0.00000000	-0.00000000	-0.00000000	-1244418.50	0.00000000	0.00000000	0.00000000	0.00000000
    3.3900	-0.00000000	-0.00000000	-0.00000000	-0.00000000	-0.00000000	-0.00000000	-1244418.50	0.00000000	0.00000000	0.00000000	0.00000000
    3.4000	-0.00000000	-0.00000000	-0.00000000	-0.00000000	-0.00000000	-0.00000000	-1244418.50	0.00000000	0.00000000	0.00000000	0.00000000
    3.4100	-0.00000000	-0.00000000	-0.00000000	-0.00000000	-0.00000000	-0.00000000	-1244418.50	0.00000000	0.00000000	0.00000000	0.00000000
    3.4200	-0.00000000	-0.00000000	-0.00000000	-0.00000000	-0.00000000	-0.00000000	-1244418.50	0.00000000	0.00000000	0.00000000	0.00000000
    3.4300	-0.00000000	-0.00000000	-0.00000000	-0.00000000	-0.00000000	-0.00000000	-1244418.50	0.00000000	0.00000000	0.00000000	0.00000000
    3.4400	-0.00000000	-0.00000000	-0.00000000	-0.00000000	-0.00000000	-0.00000000	-1244418.50	0.00000000	0.00000000	0.00000000	0.00000000
    3.4500	-0.00000000	-0.00000000	-0.00000000	-0.00000000	-0.00000000	-0.00000000	-1244418.50	0.00000000	0.00000000	0.00000000	0.00000000
    3.4600	-0.00000000	-0.00000000	-0.00000000	-0.00000000	-0.00000000	-0.00000000	-1244418.50	0.00000000	0.00000000	0.00000000	0.00000000
    3.4700	-0.00000000	-0.00000000	-0.00000000	-0.00000000	-0.00000000	-0.00000000	-1244418.50	0.00000000	0.00000000	0.00000000	0.00000000
    3.4800	-0.00000000	-0.00000000	-0.00000000	-0.00000000	-0.00000000	-0.00000000	-1244418.50	0.00000000	0.00000000	0.00000000	0.00000000
    3.4900	-0.00000000	-0.00000000	-0.00000000	-0.00000000	-0.00000000	-0.00000000	-1244418.50	0.00000000	0.00000000	0.00000000	0.00000000
    3.5000	-0.00000000	-0.00000000	-0.00000000	-0.00000000	-0.00000000	-0.00000000	-1244418.50	0.00000000	0.00000000	0.00000000	0.00000000
    3.5100	-0.00000000	-0.00000000	-0.00000000	-0.00000000	-0.00000000	-0.00000000	-1244418.50	0.00000000	0.00000000	0.00000000	0.00000000
    3.5200	-0.00000000	-0.00000000	-0.00000000	-0.00000000	-0.00000000	-0.00000000	-1244418.50	0.00000000	0.00000000	0.00000000	0.00000000
    3.5300	-0.00000000	-0.00000000	-0.00000000	-0.00000000	-0.00000000	-0.00000000	-1244418.50	0.00000000	0.00000000	0.00000000	0.00000000
    3.5400	-0.00000000	-0.00000000	-0.00000000	-0.00000000	-0.00000000	-0.00000000	-1244418.50	0.00000000	0.00000000	0.00000000	0.00000000
    3.5500	-0.00000000	-0.00000000	-0.00000000	-0.00000000	-0.00000000	-0.00000000	-1244418.50	0.00000000	0.00000000	0.00000000	0.00000000
    3.5600	-0.00000000	-0.00000000	-0.00000000	-0.00000000	-0.00000000	-0.00000000	-1244418.50	0.00000000	0.00000000	0.00000000	0.00000000
    3.5700	-0.00000000	-0.00000000	-0.00000000	-0.00000000	-0.00000000	-0.00000000	-1244418.50	0.00000000	0.00000000	0.00000000	0.00000000
    3.5800	-0.00000000	-0.00000000	-0.00000000	-0.00000000	-0.00000000	-0.00000000	-1244418.50	0.00000000	0.00000000	0.00000000	0.00000000
    3.5900	-0.00000000	-0.00000000	-0.00000000	-0.00000000	-0.00000000	-0.00000000	-1244418.50	0.00000000	0.00000000	0.00000000	0.00000000
    3.6000	-0.00000000	-0.00000000	-0.00000000	-0.00000000	-0.00000000	-0.00000000	-1244418.50	0.00000000	0.00000000	0.00000000	0.00000000
    3.6100	-0.00000000	-0.00000000	-0.00000000	-0.00000000	-0.00000000	-0.00000000	-1244418.50	0.00000000	0.00000000	0.00000000	0.00000000
    3.6200	-0.00000000	-0.00000000	-0.00000000	-0.00000000	-0.00000000	-0.00000000	-1244418.50	0.00000000	0.00000000	0.00000000	0.00000000
    3.6300	-0.00000000	-0.00000000	-0.00000000	-0.00000000	-0.00000000	-0.00000000	-1244418.50	0.00000000	0.00000000	0.00000000	0.00000000
    3.6400	-0.00000000	-0.00000000	-0.00000000	-0.00000000	-0.00000000	-0.00000000	-1244418.50	0.00000000	0.00000000	0.00000000	0.00000000
    3.6500	-0.00000000	-0.00000000	-0.00000000	-0.00000000	-0.00000000	-0.00000000	-1244418.50	0.00000000	0.00000000	0.00000000	0.00000000
    3.6600	-0.00000000	-0.00000000	-0.00000000	-0.00000000	-0.00000000	-0.00000000	-1244418.50	0.00000000	0.00000000	0.00000000	0.00000000
    3.6700	-0.00000000	-0.00000000	-0.00000000	-0.00000000	-0.00000000	-0.00000000	-1244418.50	0.00000000	0.00000000	0.00000000	0.00000000
    3.6800	-0.00000000	-0.00000000	-0.00000000	-0.00000000	-0.00000000	-0.00000000	-1244418.50	0.00000000	0.00000000	0.00000000	0.00000000
    3.6900	-0.00000000	-0.00000000	-0.00000000	-0.00000000	-0.00000000	-0.00000000	-1244418.50	0.00000000	0.00000000	0.00000000	0.00000000
    3.7000	-0.00000000	-0.00000000	-0.00000000	-0.00000000	-0.00000000	-0.00000000	-1244418.50	0.00000000	0.00000000	0.00000000	0.00000000
    3.7100	-0.00000000	-0.00000000	-0.00000000	-0.00000000	-0.00000000	-0.00000000	-1244418.50	0.00000000	0.00000000	0.00000000	0.00000000
    3.7200	-0.00000000	-0.00000000	-0.00000000	-0.00000000	-0.00000000	-0.00000000	-1244418.50	0.00000000	0.00000000	0.00000000	0.00000000
    3.7300	-0.00000000	-0.00000000	-0.00000000	-0.00000000	-0.00000000	-0.00000000	-1244418.50	0.00000000	0.00000000	0.00000000	0.00000000
    3.7400	-0.00000000	-0.00000000	-0.00000000	-0.00000000	-0.00000000	-0.00000000	-1244418.50	0.00000000	0.00000000	0.00000000	0.00000000
    3.7500	-0.00000000	-0.00000000	-0.00000000	-0.00000000	-0.00000000	-0.00000000	-1244418.50	0.00000000	0.00000000	0.00000000	0.00000000
    3.7600	-0.00000000	-0.00000000	-0.00000000	-0.00000000	-0.00000000	-0.00000000	-1244418.50	0.00000000	0.00000000	0.00000000	0.00000000
    3.7700	-0.00000000	-0.00000000	-0.00000000	-0.00000000	-0.00000000	-0.00000000	-1244418.50	0.00000000	0.00000000	0.00000000	0.00000000
    3.7800	-0.00000000	-0.00000000	-0.00000000	-0.00000000	-0.00000000	-0.00000000	-1244418.50	0.00000000	0.00000000	0.00000000	0.00000000
    3.7900	-0.00000000	-0.00000000	-0.00000000	-0.00000000	-0.00000000	-0.00000000	-1244418.50	0.00000000	0.00000000	0.00000000	0.00000000
    3.8000	-0.00000000	-0.00000000	-0.00000000	-0.00000000	-0.00000000	-0.00000000	-1244418.50	0.00000000	0.00000000	0.00000000	0.00000000
    3.8100	-0.00000000	-0.00000000	-0.00000000	-0.00000000	-0.00000000	-0.00000000	-1244418.50	0.00000000	0.00000000	0.00000000	0.00000000
    3.8200	-0.00000000	-0.00000000	-0.00000000	-0.00000000	-0.00000000	-0.00000000	-1244418.50	0.00000000	0.00000000	0.00000000	0.00000000
    3.8300	-0.00000000	-0.00000000	-0.00000000	-0.00000000	-0.00000000	-0.00000000	-1244418.50	0.00000000	0.00000000	0.00000000	0.00000000
    3.8400	-0.00000000	-0.00000000	-0.00000000	-0.00000000	-0.00000000	-0.00000000	-1244418.50	0.00000000	0.00000000	0.00000000	0.00000000
    3.8500	-0.00000000	-0.00000000	-0.00000000	-0.00000000	-0.00000000	-0.00000000	-1244418.50	0.00000000	0.00000000	0.00000000	0.00000000
    3.8600	-0.00000000	-0.00000000	-0.00000000	-0.00000000	-0.00000000	-0.00000000	-1244418.50	0.00000000	0.00000000	0.00000000	0.00000000
    3.8700	-0.00000000	-0.00000000	-0.00000000	-0.00000000	-0.00000000	-0.00000000	-1244418.50	0.00000000	0.00000000	0.00000000	0.00000000
    3.8800	-0.00000000	-0.00000000	-0.00000000	-0.00000000	-0.00000000	-0.00000000	-1244418.50	0.00000000	0.00000000	0.00000000	0.00000000
    3.8900	-0.00000000	-0.00000000	-0.00000000	-0.00000000	-0.00000000	-0.00000000	-1244418.50	0.00000000	0.00000000	0.00000000	0.00000000
    3.9000	-0.00000000	-0.00000000	-0.00000000	-0.00000000	-0.00000000	-0.00000000	-1244418.50	0.00000000	0.00000000	0.00000000	0.00000000
    3.9100	-0.00000000	-0.00000000	-0.00000000	-0.00000000	-0.00000000	-0.00000000	-1244418.50	0.00000000	0.00000000	0.00000000	0.00000000
    3.9200	-0.00000000	-0.00000000	-0.00000000	-0.00000000	-0.00000000	-0.00000000	-1244418.50	0.00000000	0.00000000	0.00000000	0.00000000
    3.9300	-0.00000000	-0.00000000	-0.00000000	-0.00000000	-0.00000000	-0.00000000	-1244418.50	0.00000000	0.00000000	0.00000000	0.00000000
    3.9400	-0.00000000	-0.00000000	-0.00000000	-0.00000000	-0.00000000	-0.00000000	-1244418.50	0.00000000	0.00000000	0.00000000	0.00000000
    3.9500	-0.00000000	-0.00000000	-0.00000000	-0.00000000	-0.00000000	-0.00000000	-1244418.50	0.00000000	0.00000000	0.00000000	0.00000000
    3.9600	-0.00000000	-0.00000000	-0.00000000	-0.00000000	-0.00000000	-0.00000000	-1244418.50	0.00000000	0.00000000	0.00000000	0.00000000
    3.9700	-0.00000000	-0.00000000	-0.00000000	-0.00000000	-0.00000000	-0.00000000	-1244418.50	0.00000000	0.00000000	0.00000000	0.00000000
    3.9800	-0.00000000	-0.00000000	-0.00000000	-0.00000000	-0.00000000	-0.00000000	-1244418.50	0.00000000	0.00000000	0.00000000	0.00000000
    3.9900	-0.00000000	-0.00000000	-0.00000000	-0.00000000	-0.00000000	-0.00000000	-1244418.50	0.00000000	0.00000000	0.00000000	0.00000000
    4.0000	-0.00000000	-0.00000000	-0.00000000	-0.00000000	-0.00000000	-0.00000000	-1244418.50	0.00000000	0.00000000	0.00000000	0.00000000
    4.0100	-0.00000000	-0.00000000	-0.00000000	-0.00000000	-0.00000000	-0.00000000	-1244418.50	0.00000000	0.00000000	0.00000000	0.00000000
    4.0200	-0.00000000	-0.00000000	-0.00000000	-0.00000000	-0.00000000	-0.00000000	-1244418.50	0.00000000	0.00000000	0.00000000	0.00000000
    4.0300	-0.00000000	-0.00000000	-0.00000000	-0.00000000	-0.00000000	-0.00000000	-1244418.50	0.00000000	0.00000000	0.00000000	0.00000000
    4.0400	-0.00000000	-0.00000000	-0.00000000	-0.00000000	-0.00000000	-0.00000000	-1244418.50	0.00000000	0.00000000	0.00000000	0.00000000
    4.0500	-0.00000000	-0.00000000	-0.00000000	-0.00000000	-0.00000000	-0.00000000	-1244418.50	0.00000000	0.00000000	0.00000000	0.00000000
    4.0600	-0.00000000	-0.00000000	-0.00000000	-0.00000000	-0.00000000	-0.00000000	-1244418.50	0.00000000	0.00000000	0.00000000	0.00000000
    4.0700	-0.00000000	-0.00000000	-0.00000000	-0.00000000	-0.00000000	-0.00000000	-1244418.50	0.00000000	0.00000000	0.00000000	0.00000000
    4.0800	-0.00000000	-0.00000000	-0.00000000	-0.00000000	-0.00000000	-0.00000000	-1244418.50	0.00000000	0.00000000	0.00000000	0.00000000
    4.0900	-0.00000000	-0.00000000	-0.00000000	-0.00000000	-0.00000000	-0.00000000	-1244418.50	0.00000000	0.00000000	0.00000000	0.00000000
    4.1000	-0.00000000	-0.00000000	-0.00000000	-0.00000000	-0.00000000	-0.00000000	-1244418.50	0.00000000	0.00000000	0.00000000	0.00000000
    4.1100	-0.00000000	-0.00000000	-0.00000000	-0.00000000	-0.00000000	-0.00000000	-1244418.50	0.00000000	0.00000000	0.00000000	0.00000000
    4.1200	-0.00000000	-0.00000000	-0.00000000	-0.00000000	-0.00000000	-0.00000000	-1244418.50	0.00000000	0.00000000	0.00000000	0.00000000
    4.1300	-0.00000000	-0.00000000	-0.00000000	-0.00000000	-0.00000000	-0.00000000	-1244418.50	0.00000000	0.00000000	0.00000000	0.00000000
    4.1400	-0.00000000	-0.00000000	-0.00000000	-0.00000000	-0.00000000	-0.00000000	-1244418.50	0.00000000	0.00000000	0.00000000	0.00000000
    4.1500	-0.00000000	-0.00000000	-0.00000000	-0.00000000	-0.00000000	-0.00000000	-1244418.50	0.00000000	0.00000000	0.00000000	0.00000000
    4.1600	-0.00000000	-0.00000000	-0.00000000	-0.00000000	-0.00000000	-0.00000000	-1244418.50	0.00000000	0.00000000	0.00000000	0.00000000
    4.1700	-0.00000000	-0.00000000	-0.00000000	-0.00000000	-0.00000000	-0.00000000	-1244418.50	0.00000000	0.00000000	0.00000000	0.00000000
    4.1800	-0.00000000	-0.00000000	-0.00000000	-0.00000000	-0.00000000	-0.00000000	-1244418.50	0.00000000	0.00000000	0.00000000	0.00000000
    4.1900	-0.00000000	-0.00000000	-0.00000000	-0.00000000	-0.00000000	-0.00000000	-1244418.50	0.00000000	0.00000000	0.00000000	0.00000000
    4.2000	-0.00000000	-0.00000000	-0.00000000	-0.00000000	-0.00000000	-0.00000000	-1244418.50	0.00000000	0.00000000	0.00000000	0.00000000
    4.2100	-0.00000000	-0.00000000	-0.00000000	-0.00000000	-0.00000000	-0.00000000	-1244418.50	0.00000000	0.00000000	0.00000000	0.00000000
    4.2200	-0.00000000	-0.00000000	-0.00000000	-0.00000000	-0.00000000	-0.00000000	-1244418.50	0.00000000	0.00000000	0.00000000	0.00000000
    4.2300	-0.00000000	-0.00000000	-0.00000000	-0.00000000	-0.00000000	-0.00000000	-1244418.50	0.00000000	0.00000000	0.00000000	0.00000000
    4.2400	-0.00000000	-0.00000000	-0.00000000	-0.00000000	-0.00000000	-0.00000000	-1244418.50	0.00000000	0.00000000	0.00000000	0.00000000
    4.2500	-0.00000000	-0.00000000	-0.00000000	-0.00000000	-0.00000000	-0.00000000	-1244418.50	0.00000000	0.00000000	0.00000000	0.00000000
    4.2600	-0.00000000	-0.00000000	-0.00000000	-0.00000000	-0.00000000	-0.00000000	-1244418.50	0.00000000	0.00000000	0.00000000	0.00000000
    4.2700	-0.00000000	-0.00000000	-0.00000000	-0.00000000	-0.00000000	-0.00000000	-1244418.50	0.00000000	0.00000000	0.00000000	0.00000000
    4.2800	-0.00000000	-0.00000000	-0.00000000	-0.00000000	-0.00000000	-0.00000000	-1244418.50	0.00000000	0.00000000	0.00000000	0.00000000
    4.2900	-0.00000000	-0.00000000	-0.00000000	-0.00000000	-0.00000000	-0.00000000	-1244418.50	0.00000000	0.00000000	0.00000000	0.00000000
    4.3000	-0.00000000	-0.00000000	-0.00000000	-0.00000000	-0.00000000	-0.00000000	-1244418.50	0.00000000	0.00000000	0.00000000	0.00000000
    4.3100	-0.00000000	-0.00000000	-0.00000000	-0.00000000	-0.00000000	-0.00000000	-1244418.50	0.00000000	0.00000000	0.00000000	0.00000000
    4.3200	-0.00000000	-0.00000000	-0.00000000	-0.00000000	-0.00000000	-0.00000000	-1244418.50	0.00000000	0.00000000	0.00000000	0.00000000
    4.3300	-0.00000000	-0.00000000	-0.00000000	-0.00000000	-0.00000000	-0.00000000	-1244418.50	0.00000000	0.00000000	0.00000000	0.00000000
    4.3400	-0.00000000	-0.00000000	-0.00000000	-0.00000000	-0.00000000	-0.00000000	-1244418.50	0.00000000	0.00000000	0.00000000	0.00000000
    4.3500	-0.00000000	-0.00000000	-0.00000000	-0.00000000	-0.00000000	-0.00000000	-1244418.50	0.00000000	0.00000000	0.00000000	0.00000000
    4.3600	-0.00000000	-0.00000000	-0.00000000	-0.00000000	-0.00000000	-0.00000000	-1244418.50	0.00000000	0.00000000	0.00000000	0.00000000
    4.3700	-0.00000000	-0.00000000	-0.00000000	-0.00000000	-0.00000000	-0.00000000	-1244418.50	0.00000000	0.00000000	0.00000000	0.00000000
    4.3800	-0.00000000	-0.00000000	-0.00000000	-0.00000000	-0.00000000	-0.00000000	-1244418.50	0.00000000	0.00000000	0.00000000	0.00000000
    4.3900	-0.00000000	-0.00000000	-0.00000000	-0.00000000	-0.00000000	-0.00000000	-1244418.50	0.00000000	0.00000000	0.00000000	0.00000000
    4.4000	-0.00000000	-0.00000000	-0.00000000	-0.00000000	-0.00000000	-0.00000000	-1244418.50	0.00000000	0.00000000	0.00000000	0.00000000
    4.4100	-0.00000000	-0.00000000	-0.00000000	-0.00000000	-0.00000000	-0.00000000	-1244418.50	0.00000000	0.00000000	0.00000000	0.00000000
    4.4200	-0.00000000	-0.00000000	-0.00000000	-0.00000000	-0.00000000	-0.00000000	-1244418.50	0.00000000	0.00000000	0.00000000	0.00000000
    4.4300	-0.00000000	-0.00000000	-0.00000000	-0.00000000	-0.00000000	-0.00000000	-1244418.50	0.00000000	0.00000000	0.00000000	0.00000000
    4.4400	-0.00000000	-0.00000000	-0.00000000	-0.00000000	-0.00000000	-0.00000000	-1244418.50	0.00000000	0.00000000	0.00000000	0.00000000
    4.4500	-0.00000000	-0.00000000	-0.00000000	-0.00000000	-0.00000000	-0.00000000	-1244418.50	0.00000000	0.00000000	0.00000000	0.00000000
    4.4600	-0.00000000	-0.00000000	-0.00000000	-0.00000000	-0.00000000	-0.00000000	-1244418.50	0.00000000	0.00000000	0.00000000	0.00000000
    4.4700	-0.00000000	-0.00000000	-0.00000000	-0.00000000	-0.00000000	-0.00000000	-1244418.50	0.00000000	0.00000000	0.00000000	0.00000000
    4.4800	-0.00000000	-0.00000000	-0.00000000	-0.00000000	-0.00000000	-0.00000000	-1244418.50	0.00000000	0.00000000	0.00000000	0.00000000
    4.4900	-0.00000000	-0.00000000	-0.00000000	-0.00000000	-0.00000000	-0.00000000	-1244418.50	0.00000000	0.00000000	0.00000000	0.00000000
    4.5000	-0.00000000	-0.00000000	-0.00000000	-0.00000000	-0.00000000	-0.00000000	-1244418.50	0.00000000	0.00000000	0.00000000	0.00000000
    4.5100	-0.00000000	-0.00000000	-0.00000000	-0.00000000	-0.00000000	-0.00000000	-1244418.50	0.00000000	0.00000000	0.00000000	0.00000000
    4.5200	-0.00000000	-0.00000000	-0.00000000	-0.00000000	-0.00000000	-0.00000000	-1244418.50	0.00000000	0.00000000	0.00000000	0.00000000
    4.5300	-0.00000000	-0.00000000	-0.00000000	-0.00000000	-0.00000000	-0.00000000	-1244418.50	0.00000000	0.00000000	0.00000000	0.00000000
    4.5400	-0.00000000	-0.00000000	-0.00000000	-0.00000000	-0.00000000	-0.00000000	-1244418.50	0.00000000	0.00000000	0.00000000	0.00000000
    4.5500	-0.00000000	-0.00000000	-0.00000000	-0.00000000	-0.00000000	-0.00000000	-1244418.50	0.00000000	0.00000000	0.00000000	0.00000000
    4.5600	-0.00000000	-0.00000000	-0.00000000	-0.00000000	-0.00000000	-0.00000000	-1244418.50	0.00000000	0.00000000	0.00000000	0.00000000
    4.5700	-0.00000000	-0.00000000	-0.00000000	-0.00000000	-0.00000000	-0.00000000	-1244418.50	0.00000000	0.00000000	0.00000000	0.00000000
    4.5800	-0.00000000	-0.00000000	-0.00000000	-0.00000000	-0.00000000	-0.00000000	-1244418.50	0.00000000	0.00000000	0.00000000	0.00000000
    4.5900	-0.00000000	-0.00000000	-0.00000000	-0.00000000	-0.00000000	-0.00000000	-1244418.50	0.00000000	0.00000000	0.00000000	0.00000000
    4.6000	-0.00000000	-0.00000000	-0.00000000	-0.00000000	-0.00000000	-0.00000000	-1244418.50	0.00000000	0.00000000	0.00000000	0.00000000
    4.6100	-0.00000000	-0.00000000	-0.00000000	-0.00000000	-0.00000000	-0.00000000	-1244418.50	0.00000000	0.00000000	0.00000000	0.00000000
    4.6200	-0.00000000	-0.00000000	-0.00000000	-0.00000000	-0.00000000	-0.00000000	-1244418.50	0.00000000	0.00000000	0.00000000	0.00000000
    4.6300	-0.00000000	-0.00000000	-0.00000000	-0.00000000	-0.00000000	-0.00000000	-1244418.50	0.00000000	0.00000000	0.00000000	0.00000000
    4.6400	-0.00000000	-0.00000000	-0.00000000	-0.00000000	-0.00000000	-0.00000000	-1244418.50	0.00000000	0.00000000	0.00000000	0.00000000
    4.6500	-0.00000000	-0.00000000	-0.00000000	-0.00000000	-0.00000000	-0.00000000	-1244418.50	0.00000000	0.00000000	0.00000000	0.00000000
    4.6600	-0.00000000	-0.00000000	-0.00000000	-0.00000000	-0.00000000	-0.00000000	-1244418.50	0.00000000	0.00000000	0.00000000	0.00000000
    4.6700	-0.00000000	-0.00000000	-0.00000000	-0.00000000	-0.00000000	-0.00000000	-1244418.50	0.00000000	0.00000000	0.00000000	0.00000000
    4.6800	-0.00000000	-0.00000000	-0.00000000	-0.00000000	-0.00000000	-0.00000000	-1244418.50	0.00000000	0.00000000	0.00000000	0.00000000
    4.6900	-0.00000000	-0.00000000	-0.00000000	-0.00000000	-0.00000000	-0.00000000	-1244418.50	0.00000000	0.00000000	0.00000000	0.00000000
    4.7000	-0.00000000	-0.00000000	-0.00000000	-0.00000000	-0.00000000	-0.00000000	-1244418.50	0.00000000	0.00000000	0.00000000	0.00000000
    4.7100	-0.00000000	-0.00000000	-0.00000000	-0.00000000	-0.00000000	-0.00000000	-1244418.50	0.00000000	0.00000000	0.00000000	0.00000000
    4.7200	-0.00000000	-0.00000000	-0.00000000	-0.00000000	-0.00000000	-0.00000000	-1244418.50	0.00000000	0.00000000	0.00000000	0.00000000
    4.7300	-0.00000000	-0.00000000	-0.00000000	-0.00000000	-0.00000000	-0.00000000	-1244418.50	0.00000000	0.00000000	0.00000000	0.00000000
    4.7400	-0.00000000	-0.00000000	-0.00000000	-0.00000000	-0.00000000	-0.00000000	-1244418.50	0.00000000	0.00000000	0.00000000	0.00000000
    4.7500	-0.00000000	-0.00000000	-0.00000000	-0.00000000	-0.00000000	-0.00000000	-1244418.50	0.00000000	0.00000000	0.00000000	0.00000000
    4.7600	-0.00000000	-0.00000000	-0.00000000	-0.00000000	-0.00000000	-0.00000000	-1244418.50	0.00000000	0.00000000	0.00000000	0.00000000
    4.7700	-0.00000000	-0.00000000	-0.00000000	-0.00000000	-0.00000000	-0.00000000	-1244418.50	0.00000000	0.00000000	0.00000000	0.00000000
    4.7800	-0.00000000	-0.00000000	-0.00000000	-0.00000000	-0.00000000	-0.00000000	-1244418.50	0.00000000	0.00000000	0.00000000	0.00000000
    4.7900	-0.00000000	-0.00000000	-0.00000000	-0.00000000	-0.00000000	-0.00000000	-1244418.50	0.00000000	0.00000000	0.00000000	0.00000000
    4.8000	-0.00000000	-0.00000000	-0.00000000	-0.00000000	-0.00000000	-0.00000000	-1244418.50	0.00000000	0.00000000	0.00000000	0.00000000
    4.8100	-0.00000000	-0.00000000	-0.00000000	-0.00000000	-0.00000000	-0.00000000	-1244418.50	0.00000000	0.00000000	0.00000000	0.00000000
    4.8200	-0.00000000	-0.00000000	-0.00000000	-0.00000000	-0.00000000	-0.00000000	-1244418.50	0.00000000	0.00000000	0.00000000	0.00000000
    4.8300	-0.00000000	-0.00000000	-0.00000000	-0.00000000	-0.00000000	-0.00000000	-1244418.50	0.00000000	0.00000000	0.00000000	0.00000000
    4.8400	-0.00000000	-0.00000000	-0.00000000	-0.00000000	-0.00000000	-0.00000000	-1244418.50	0.00000000	0.00000000	0.00000000	0.00000000
    4.8500	-0.00000000	-0.00000000	-0.00000000	-0.00000000	-0.00000000	-0.00000000	-1244418.50	0.00000000	0.00000000	0.00000000	0.00000000
    4.8600	-0.00000000	-0.00000000	-0.00000000	-0.00000000	-0.00000000	-0.00000000	-1244418.50	0.00000000	0.00000000	0.00000000	0.00000000
    4.8700	-0.00000000	-0.00000000	-0.00000000	-0.00000000	-0.00000000	-0.00000000	-1244418.50	0.00000000	0.00000000	0.00000000	0.00000000
    4.8800	-0.00000000	-0.00000000	-0.00000000	-0.00000000	-0.00000000	-0.00000000	-1244418.50	0.00000000	0.00000000	0.00000000	0.00000000
    4.8900	-0.00000000	-0.00000000	-0.00000000	-0.00000000	-0.00000000	-0.00000000	-1244418.50	0.00000000	0.00000000	0.00000000	0.00000000
    4.9000	-0.00000000	-0.00000000	-0.00000000	-0.00000000	-0.00000000	-0.00000000	-1244418.50	0.00000000	0.00000000	0.00000000	0.00000000
    4.9100	-0.00000000	-0.00000000	-0.00000000	-0.00000000	-0.00000000	-0.00000000	-1244418.50	0.00000000	0.00000000	0.00000000	0.00000000
    4.9200	-0.00000000	-0.00000000	-0.00000000	-0.00000000	-0.00000000	-0.00000000	-1244418.50	0.00000000	0.00000000	0.00000000	0.00000000
    4.9300	-0.00000000	-0.00000000	-0.00000000	-0.00000000	-0.00000000	-0.00000000	-1244418.50	0.00000000	0.00000000	0.00000000	0.00000000
    4.9400	-0.00000000	-0.00000000	-0.00000000	-0.00000000	-0.00000000	-0.00000000	-1244418.50	0.00000000	0.00000000	0.00000000	0.00000000
    4.9500	-0.00000000	-0.00000000	-0.00000000	-0.00000000	-0.00000000	-0.00000000	-1244418.50	0.00000000	0.00000000	0.00000000	0.00000000
    4.9600	-0.00000000	-0.00000000	-0.00000000	-0.00000000	-0.00000000	-0.00000000	-1244418.50	0.00000000	0.00000000	0.00000000	0.00000000
    4.9700	-0.00000000	-0.00000000	-0.00000000	-0.00000000	-0.00000000	-0.00000000	-1244418.50	0.00000000	0.00000000	0.00000000	0.00000000
    4.9800	-0.00000000	-0.00000000	-0.00000000	-0.00000000	-0.00000000	-0.00000000	-1244418.50	0.00000000	0.00000000	0.00000000	0.00000000
    4.9900	-0.00000000	-0.00000000	-0.00000000	-0.00000000	-0.00000000	-0.00000000	-1244418.50	0.00000000	0.00000000	0.00000000	0.00000000
    5.0000	-0.00000000	-0.00000000	-0.00000000	-0.00000000	-0.00000000	-0.00000000	-1244418.50	0.00000000	0.00000000	0.00000000	0.00000000
    5.0100	-0.00000000	-0.00000000	-0.00000000	-0.00000000	-0.00000000	-0.00000000	-1244418.50	0.00000000	0.00000000	0.00000000	0.00000000
    5.0200	-0.00000000	-0.00000000	-0.00000000	-0.00000000	-0.00000000	-0.00000000	-1244418.50	0.00000000	0.00000000	0.00000000	0.00000000
    5.0300	-0.00000000	-0.00000000	-0.00000000	-0.00000000	-0.00000000	-0.00000000	-1244418.50	0.00000000	0.00000000	0.00000000	0.00000000
    5.0400	-0.00000000	-0.00000000	-0.00000000	-0.00000000	-0.00000000	-0.00000000	-1244418.50	0.00000000	0.00000000	0.00000000	0.00000000
    5.0500	-0.00000000	-0.00000000	-0.00000000	-0.00000000	-0.00000000	-0.00000000	-1244418.50	0.00000000	0.00000000	0.00000000	0.00000000
    5.0600	-0.00000000	-0.00000000	-0.00000000	-0.00000000	-0.00000000	-0.00000000	-1244418.50	0.00000000	0.00000000	0.00000000	0.00000000
    5.0700	-0.00000000	-0.00000000	-0.00000000	-0.00000000	-0.00000000	-0.00000000	-1244418.50	0.00000000	0.00000000	0.00000000	0.00000000
    5.0800	-0.00000000	-0.00000000	-0.00000000	-0.00000000	-0.00000000	-0.00000000	-1244418.50	0.00000000	0.00000000	0.00000000	0.00000000
    5.0900	-0.00000000	-0.00000000	-0.00000000	-0.00000000	-0.00000000	-0.00000000	-1244418.50	0.00000000	0.00000000	0.00000000	0.00000000
    5.1000	-0.00000000	-0.00000000	-0.00000000	-0.00000000	-0.00000000	-0.00000000	-1244418.50	0.00000000	0.00000000	0.00000000	0.00000000
    5.1100	-0.00000000	-0.00000000	-0.00000000	-0.00000000	-0.00000000	-0.00000000	-1244418.50	0.00000000	0.00000000	0.00000000	0.00000000
    5.1200	-0.00000000	-0.00000000	-0.00000000	-0.00000000	-0.00000000	-0.00000000	-1244418.50	0.00000000	0.00000000	0.00000000	0.00000000
    5.1300	-0.00000000	-0.00000000	-0.00000000	-0.00000000	-0.00000000	-0.00000000	-1244418.50	0.00000000	0.00000000	0.00000000	0.00000000
    5.1400	-0.00000000	-0.00000000	-0.00000000	-0.00000000	-0.00000000	-0.00000000	-1244418.50	0.00000000	0.00000000	0.00000000	0.00000000
    5.1500	-0.00000000	-0.00000000	-0.00000000	-0.00000000	-0.00000000	-0.00000000	-1244418.50	0.00000000	0.00000000	0.00000000	0.00000000
    5.1600	-0.00000000	-0.00000000	-0.00000000	-0.00000000	-0.00000000	-0.00000000	-1244418.50	0.00000000	0.00000000	0.00000000	0.00000000
    5.1700	-0.00000000	-0.00000000	-0.00000000	-0.00000000	-0.00000000	-0.00000000	-1244418.50	0.00000000	0.00000000	0.00000000	0.00000000
    5.1800	-0.00000000	-0.00000000	-0.00000000	-0.00000000	-0.00000000	-0.00000000	-1244418.50	0.00000000	0.00000000	0.00000000	0.00000000
    5.1900	-0.00000000	-0.00000000	-0.00000000	-0.00000000	-0.00000000	-0.00000000	-1244418.50	0.00000000	0.00000000	0.00000000	0.00000000
    5.2000	-0.00000000	-0.00000000	-0.00000000	-0.00000000	-0.00000000	-0.00000000	-1244418.50	0.00000000	0.00000000	0.00000000	0.00000000
    5.2100	-0.00000000	-0.00000000	-0.00000000	-0.00000000	-0.00000000	-0.00000000	-1244418.50	0.00000000	0.00000000	0.00000000	0.00000000
    5.2200	-0.00000000	-0.00000000	-0.00000000	-0.00000000	-0.00000000	-0.00000000	-1244418.50	0.00000000	0.00000000	0.00000000	0.00000000
    5.2300	-0.00000000	-0.00000000	-0.00000000	-0.00000000	-0.00000000	-0.00000000	-1244418.50	0.00000000	0.00000000	0.00000000	0.00000000
    5.2400	-0.00000000	-0.00000000	-0.00000000	-0.00000000	-0.00000000	-0.00000000	-1244418.50	0.00000000	0.00000000	0.00000000	0.00000000
    5.2500	-0.00000000	-0.00000000	-0.00000000	-0.00000000	-0.00000000	-0.00000000	-1244418.50	0.00000000	0.00000000	0.00000000	0.00000000
    5.2600	-0.00000000	-0.00000000	-0.00000000	-0.00000000	-0.00000000	-0.00000000	-1244418.50	0.00000000	0.00000000	0.00000000	0.00000000
    5.2700	-0.00000000	-0.00000000	-0.00000000	-0.00000000	-0.00000000	-0.00000000	-1244418.50	0.00000000	0.00000000	0.00000000	0.00000000
    5.2800	-0.00000000	-0.00000000	-0.00000000	-0.00000000	-0.00000000	-0.00000000	-1244418.50	0.00000000	0.00000000	0.00000000	0.00000000
    5.2900	-0.00000000	-0.00000000	-0.00000000	-0.00000000	-0.00000000	-0.00000000	-1244418.50	0.00000000	0.00000000	0.00000000	0.00000000
    5.3000	-0.00000000	-0.00000000	-0.00000000	-0.00000000	-0.00000000	-0.00000000	-1244418.50	0.00000000	0.00000000	0.00000000	0.00000000
    5.3100	-0.00000000	-0.00000000	-0.00000000	-0.00000000	-0.00000000	-0.00000000	-1244418.50	0.00000000	0.00000000	0.00000000	0.00000000
    5.3200	-0.00000000	-0.00000000	-0.00000000	-0.00000000	-0.00000000	-0.00000000	-1244418.50	0.00000000	0.00000000	0.00000000	0.00000000
    5.3300	-0.00000000	-0.00000000	-0.00000000	-0.00000000	-0.00000000	-0.00000000	-1244418.50	0.00000000	0.00000000	0.00000000	0.00000000
    5.3400	-0.00000000	-0.00000000	-0.00000000	-0.00000000	-0.00000000	-0.00000000	-1244418.50	0.00000000	0.00000000	0.00000000	0.00000000
    5.3500	-0.00000000	-0.00000000	-0.00000000	-0.00000000	-0.00000000	-0.00000000	-1244418.50	0.00000000	0.00000000	0.00000000	0.00000000
    5.3600	-0.00000000	-0.00000000	-0.00000000	-0.00000000	-0.00000000	-0.00000000	-1244418.50	0.00000000	0.00000000	0.00000000	0.00000000
    5.3700	-0.00000000	-0.00000000	-0.00000000	-0.00000000	-0.00000000	-0.00000000	-1244418.50	0.00000000	0.00000000	0.00000000	0.00000000
    5.3800	-0.00000000	-0.00000000	-0.00000000	-0.00000000	-0.00000000	-0.00000000	-1244418.50	0.00000000	0.00000000	0.00000000	0.00000000
    5.3900	-0.00000000	-0.00000000	-0.00000000	-0.00000000	-0.00000000	-0.00000000	-1244418.50	0.00000000	0.00000000	0.00000000	0.00000000
    5.4000	-0.00000000	-0.00000000	-0.00000000	-0.00000000	-0.00000000	-0.00000000	-1244418.50	0.00000000	0.00000000	0.00000000	0.00000000
    5.4100	-0.00000000	-0.00000000	-0.00000000	-0.00000000	-0.00000000	-0.00000000	-1244418.50	0.00000000	0.00000000	0.00000000	0.00000000
    5.4200	-0.00000000	-0.00000000	-0.00000000	-0.00000000	-0.00000000	-0.00000000	-1244418.50	0.00000000	0.00000000	0.00000000	0.00000000
    5.4300	-0.00000000	-0.00000000	-0.00000000	-0.00000000	-0.00000000	-0.00000000	-1244418.50	0.00000000	0.00000000	0.00000000	0.00000000
    5.4400	-0.00000000	-0.00000000	-0.00000000	-0.00000000	-0.00000000	-0.00000000	-1244418.50	0.00000000	0.00000000	0.00000000	0.00000000
    5.4500	-0.00000000	-0.00000000	-0.00000000	-0.00000000	-0.00000000	-0.00000000	-1244418.50	0.00000000	0.00000000	0.00000000	0.00000000
    5.4600	-0.00000000	-0.00000000	-0.00000000	-0.00000000	-0.00000000	-0.00000000	-1244418.50	0.00000000	0.00000000	0.00000000	0.00000000
    5.4700	-0.00000000	-0.00000000	-0.00000000	-0.00000000	-0.00000000	-0.00000000	-1244418.50	0.00000000	0.00000000	0.00000000	0.00000000
    5.4800	-0.00000000	-0.00000000	-0.00000000	-0.00000000	-0.00000000	-0.00000000	-1244418.50	0.00000000	0.00000000	0.00000000	0.00000000
    5.4900	-0.00000000	-0.00000000	-0.00000000	-0.00000000	-0.00000000	-0.00000000	-1244418.50	0.00000000	0.00000000	0.00000000	0.00000000
    5.5000	-0.00000000	-0.00000000	-0.00000000	-0.00000000	-0.00000000	-0.00000000	-1244418.50	0.00000000	0.00000000	0.00000000	0.00000000
    5.5100	-0.00000000	-0.00000000	-0.00000000	-0.00000000	-0.00000000	-0.00000000	-1244418.50	0.00000000	0.00000000	0.00000000	0.00000000
    5.5200	-0.00000000	-0.00000000	-0.00000000	-0.00000000	-0.00000000	-0.00000000	-1244418.50	0.00000000	0.00000000	0.00000000	0.00000000
    5.5300	-0.00000000	-0.00000000	-0.00000000	-0.00000000	-0.00000000	-0.00000000	-1244418.50	0.00000000	0.00000000	0.00000000	0.00000000
    5.5400	-0.00000000	-0.00000000	-0.00000000	-0.00000000	-0.00000000	-0.00000000	-1244418.50	0.00000000	0.00000000	0.00000000	0.00000000
    5.5500	-0.00000000	-0.00000000	-0.00000000	-0.00000000	-0.00000000	-0.00000000	-1244418.50	0.00000000	0.00000000	0.00000000	0.00000000
    5.5600	-0.00000000	-0.00000000	-0.00000000	-0.00000000	-0.00000000	-0.00000000	-1244418.50	0.00000000	0.00000000	0.00000000	0.00000000
    5.5700	-0.00000000	-0.00000000	-0.00000000	-0.00000000	-0.00000000	-0.00000000	-1244418.50	0.00000000	0.00000000	0.00000000	0.00000000
    5.5800	-0.00000000	-0.00000000	-0.00000000	-0.00000000	-0.00000000	-0.00000000	-1244418.50	0.00000000	0.00000000	0.00000000	0.00000000
    5.5900	-0.00000000	-0.00000000	-0.00000000	-0.00000000	-0.00000000	-0.00000000	-1244418.50	0.00000000	0.00000000	0.00000000	0.00000000
    5.6000	-0.00000000	-0.00000000	-0.00000000	-0.00000000	-0.00000000	-0.00000000	-1244418.50	0.00000000	0.00000000	0.00000000	0.00000000
    5.6100	-0.00000000	-0.00000000	-0.00000000	-0.00000000	-0.00000000	-0.00000000	-1244418.50	0.00000000	0.00000000	0.00000000	0.00000000
    5.6200	-0.00000000	-0.00000000	-0.00000000	-0.00000000	-0.00000000	-0.00000000	-1244418.50	0.00000000	0.00000000	0.00000000	0.00000000
    5.6300	-0.00000000	-0.00000000	-0.00000000	-0.00000000	-0.00000000	-0.00000000	-1244418.50	0.00000000	0.00000000	0.00000000	0.00000000
    5.6400	-0.00000000	-0.00000000	-0.00000000	-0.00000000	-0.00000000	-0.00000000	-1244418.50	0.00000000	0.00000000	0.00000000	0.00000000
    5.6500	-0.00000000	-0.00000000	-0.00000000	-0.00000000	-0.00000000	-0.00000000	-1244418.50	0.00000000	0.00000000	0.00000000	0.00000000
    5.6600	-0.00000000	-0.00000000	-0.00000000	-0.00000000	-0.00000000	-0.00000000	-1244418.50	0.00000000	0.00000000	0.00000000	0.00000000
    5.6700	-0.00000000	-0.00000000	-0.00000000	-0.00000000	-0.00000000	-0.00000000	-1244418.50	0.00000000	0.00000000	0.00000000	0.00000000
    5.6800	-0.00000000	-0.00000000	-0.00000000	-0.00000000	-0.00000000	-0.00000000	-1244418.50	0.00000000	0.00000000	0.00000000	0.00000000
    5.6900	-0.00000000	-0.00000000	-0.00000000	-0.00000000	-0.00000000	-0.00000000	-1244418.50	0.00000000	0.00000000	0.00000000	0.00000000
    5.7000	-0.00000000	-0.00000000	-0.00000000	-0.00000000	-0.00000000	-0.00000000	-1244418.50	0.00000000	0.00000000	0.00000000	0.00000000
    5.7100	-0.00000000	-0.00000000	-0.00000000	-0.00000000	-0.00000000	-0.00000000	-1244418.50	0.00000000	0.00000000	0.00000000	0.00000000
    5.7200	-0.00000000	-0.00000000	-0.00000000	-0.00000000	-0.00000000	-0.00000000	-1244418.50	0.00000000	0.00000000	0.00000000	0.00000000
    5.7300	-0.00000000	-0.00000000	-0.00000000	-0.00000000	-0.00000000	-0.00000000	-1244418.50	0.00000000	0.00000000	0.00000000	0.00000000
    5.7400	-0.00000000	-0.00000000	-0.00000000	-0.00000000	-0.00000000	-0.00000000	-1244418.50	0.00000000	0.00000000	0.00000000	0.00000000
    5.7500	-0.00000000	-0.00000000	-0.00000000	-0.00000000	-0.00000000	-0.00000000	-1244418.50	0.00000000	0.00000000	0.00000000	0.00000000
    5.7600	-0.00000000	-0.00000000	-0.00000000	-0.00000000	-0.00000000	-0.00000000	-1244418.50	0.00000000	0.00000000	0.00000000	0.00000000
    5.7700	-0.00000000	-0.00000000	-0.00000000	-0.00000000	-0.00000000	-0.00000000	-1244418.50	0.00000000	0.00000000	0.00000000	0.00000000
    5.7800	-0.00000000	-0.00000000	-0.00000000	-0.00000000	-0.00000000	-0.00000000	-1244418.50	0.00000000	0.00000000	0.00000000	0.00000000
    5.7900	-0.00000000	-0.00000000	-0.00000000	-0.00000000	-0.00000000	-0.00000000	-1244418.50	0.00000000	0.00000000	0.00000000	0.00000000
    5.8000	-0.00000000	-0.00000000	-0.00000000	-0.00000000	-0.00000000	-0.00000000	-1244418.50	0.00000000	0.00000000	0.00000000	0.00000000
    5.8100	-0.00000000	-0.00000000	-0.00000000	-0.00000000	-0.00000000	-0.00000000	-1244418.50	0.00000000	0.00000000	0.00000000	0.00000000
    5.8200	-0.00000000	-0.00000000	-0.00000000	-0.00000000	-0.00000000	-0.00000000	-1244418.50	0.00000000	0.00000000	0.00000000	0.00000000
    5.8300	-0.00000000	-0.00000000	-0.00000000	-0.00000000	-0.00000000	-0.00000000	-1244418.50	0.00000000	0.00000000	0.00000000	0.00000000
    5.8400	-0.00000000	-0.00000000	-0.00000000	-0.00000000	-0.00000000	-0.00000000	-1244418.50	0.00000000	0.00000000	0.00000000	0.00000000
    5.8500	-0.00000000	-0.00000000	-0.00000000	-0.00000000	-0.00000000	-0.00000000	-1244418.50	0.00000000	0.00000000	0.00000000	0.00000000
    5.8600	-0.00000000	-0.00000000	-0.00000000	-0.00000000	-0.00000000	-0.00000000	-1244418.50	0.00000000	0.00000000	0.00000000	0.00000000
    5.8700	-0.00000000	-0.00000000	-0.00000000	-0.00000000	-0.00000000	-0.00000000	-1244418.50	0.00000000	0.00000000	0.00000000	0.00000000
    5.8800	-0.00000000	-0.00000000	-0.00000000	-0.00000000	-0.00000000	-0.00000000	-1244418.50	0.00000000	0.00000000	0.00000000	0.00000000
    5.8900	-0.00000000	-0.00000000	-0.00000000	-0.00000000	-0.00000000	-0.00000000	-1244418.50	0.00000000	0.00000000	0.00000000	0.00000000
    5.9000	-0.00000000	-0.00000000	-0.00000000	-0.00000000	-0.00000000	-0.00000000	-1244418.50	0.00000000	0.00000000	0.00000000	0.00000000
    5.9100	-0.00000000	-0.00000000	-0.00000000	-0.00000000	-0.00000000	-0.00000000	-1244418.50	0.00000000	0.00000000	0.00000000	0.00000000
    5.9200	-0.00000000	-0.00000000	-0.00000000	-0.00000000	-0.00000000	-0.00000000	-1244418.50	0.00000000	0.00000000	0.00000000	0.00000000
    5.9300	-0.00000000	-0.00000000	-0.00000000	-0.00000000	-0.00000000	-0.00000000	-1244418.50	0.00000000	0.00000000	0.00000000	0.00000000
    5.9400	-0.00000000	-0.00000000	-0.00000000	-0.00000000	-0.00000000	-0.00000000	-1244418.50	0.00000000	0.00000000	0.00000000	0.00000000
    5.9500	-0.00000000	-0.00000000	-0.00000000	-0.00000000	-0.00000000	-0.00000000	-1244418.50	0.00000000	0.00000000	0.00000000	0.00000000
    5.9600	-0.00000000	-0.00000000	-0.00000000	-0.00000000	-0.00000000	-0.00000000	-1244418.50	0.00000000	0.00000000	0.00000000	0.00000000
    5.9700	-0.00000000	-0.00000000	-0.00000000	-0.00000000	-0.00000000	-0.00000000	-1244418.50	0.00000000	0.00000000	0.00000000	0.00000000
    5.9800	-0.00000000	-0.00000000	-0.00000000	-0.00000000	-0.00000000	-0.00000000	-1244418.50	0.00000000	0.00000000	0.00000000	0.00000000
    5.9900	-0.00000000	-0.00000000	-0.00000000	-0.00000000	-0.00000000	-0.00000000	-1244418.50	0.00000000	0.00000000	0.00000000	0.00000000
    6.0000	-0.00000000	-0.00000000	-0.00000000	-0.00000000	-0.00000000	-0.00000000	-1244418.50	0.00000000	0.00000000	0.00000000	0.00000000
    6.0100	-0.00000000	-0.00000000	-0.00000000	-0.00000000	-0.00000000	-0.00000000	-1244418.50	0.00000000	0.00000000	0.00000000	0.00000000
    6.0200	-0.00000000	-0.00000000	-0.00000000	-0.00000000	-0.00000000	-0.00000000	-1244418.50	0.00000000	0.00000000	0.00000000	0.00000000
    6.0300	-0.00000000	-0.00000000	-0.00000000	-0.00000000	-0.00000000	-0.00000000	-1244418.50	0.00000000	0.00000000	0.00000000	0.00000000
    6.0400	-0.00000000	-0.00000000	-0.00000000	-0.00000000	-0.00000000	-0.00000000	-1244418.50	0.00000000	0.00000000	0.00000000	0.00000000
    6.0500	-0.00000000	-0.00000000	-0.00000000	-0.00000000	-0.00000000	-0.00000000	-1244418.50	0.00000000	0.00000000	0.00000000	0.00000000
    6.0600	-0.00000000	-0.00000000	-0.00000000	-0.00000000	-0.00000000	-0.00000000	-1244418.50	0.00000000	0.00000000	0.00000000	0.00000000
    6.0700	-0.00000000	-0.00000000	-0.00000000	-0.00000000	-0.00000000	-0.00000000	-1244418.50	0.00000000	0.00000000	0.00000000	0.00000000
    6.0800	-0.00000000	-0.00000000	-0.00000000	-0.00000000	-0.00000000	-0.00000000	-1244418.50	0.00000000	0.00000000	0.00000000	0.00000000
    6.0900	-0.00000000	-0.00000000	-0.00000000	-0.00000000	-0.00000000	-0.00000000	-1244418.50	0.00000000	0.00000000	0.00000000	0.00000000
    6.1000	-0.00000000	-0.00000000	-0.00000000	-0.00000000	-0.00000000	-0.00000000	-1244418.50	0.00000000	0.00000000	0.00000000	0.00000000
    6.1100	-0.00000000	-0.00000000	-0.00000000	-0.00000000	-0.00000000	-0.00000000	-1244418.50	0.00000000	0.00000000	0.00000000	0.00000000
    6.1200	-0.00000000	-0.00000000	-0.00000000	-0.00000000	-0.00000000	-0.00000000	-1244418.50	0.00000000	0.00000000	0.00000000	0.00000000
    6.1300	-0.00000000	-0.00000000	-0.00000000	-0.00000000	-0.00000000	-0.00000000	-1244418.50	0.00000000	0.00000000	0.00000000	0.00000000
    6.1400	-0.00000000	-0.00000000	-0.00000000	-0.00000000	-0.00000000	-0.00000000	-1244418.50	0.00000000	0.00000000	0.00000000	0.00000000
    6.1500	-0.00000000	-0.00000000	-0.00000000	-0.00000000	-0.00000000	-0.00000000	-1244418.50	0.00000000	0.00000000	0.00000000	0.00000000
    6.1600	-0.00000000	-0.00000000	-0.00000000	-0.00000000	-0.00000000	-0.00000000	-1244418.50	0.00000000	0.00000000	0.00000000	0.00000000
    6.1700	-0.00000000	-0.00000000	-0.00000000	-0.00000000	-0.00000000	-0.00000000	-1244418.50	0.00000000	0.00000000	0.00000000	0.00000000
    6.1800	-0.00000000	-0.00000000	-0.00000000	-0.00000000	-0.00000000	-0.00000000	-1244418.50	0.00000000	0.00000000	0.00000000	0.00000000
    6.1900	-0.00000000	-0.00000000	-0.00000000	-0.00000000	-0.00000000	-0.00000000	-1244418.50	0.00000000	0.00000000	0.00000000	0.00000000
    6.2000	-0.00000000	-0.00000000	-0.00000000	-0.00000000	-0.00000000	-0.00000000	-1244418.50	0.00000000	0.00000000	0.00000000	0.00000000
    6.2100	-0.00000000	-0.00000000	-0.00000000	-0.00000000	-0.00000000	-0.00000000	-1244418.50	0.00000000	0.00000000	0.00000000	0.00000000
    6.2200	-0.00000000	-0.00000000	-0.00000000	-0.00000000	-0.00000000	-0.00000000	-1244418.50	0.00000000	0.00000000	0.00000000	0.00000000
    6.2300	-0.00000000	-0.00000000	-0.00000000	-0.00000000	-0.00000000	-0.00000000	-1244418.50	0.00000000	0.00000000	0.00000000	0.00000000
    6.2400	-0.00000000	-0.00000000	-0.00000000	-0.00000000	-0.00000000	-0.00000000	-1244418.50	0.00000000	0.00000000	0.00000000	0.00000000
    6.2500	-0.00000000	-0.00000000	-0.00000000	-0.00000000	-0.00000000	-0.00000000	-1244418.50	0.00000000	0.00000000	0.00000000	0.00000000
    6.2600	-0.00000000	-0.00000000	-0.00000000	-0.00000000	-0.00000000	-0.00000000	-1244418.50	0.00000000	0.00000000	0.00000000	0.00000000
    6.2700	-0.00000000	-0.00000000	-0.00000000	-0.00000000	-0.00000000	-0.00000000	-1244418.50	0.00000000	0.00000000	0.00000000	0.00000000
    6.2800	-0.00000000	-0.00000000	-0.00000000	-0.00000000	-0.00000000	-0.00000000	-1244418.50	0.00000000	0.00000000	0.00000000	0.00000000
    6.2900	-0.00000000	-0.00000000	-0.00000000	-0.00000000	-0.00000000	-0.00000000	-1244418.50	0.00000000	0.00000000	0.00000000	0.00000000
    6.3000	-0.00000000	-0.00000000	-0.00000000	-0.00000000	-0.00000000	-0.00000000	-1244418.50	0.00000000	0.00000000	0.00000000	0.00000000
    6.3100	-0.00000000	-0.00000000	-0.00000000	-0.00000000	-0.00000000	-0.00000000	-1244418.50	0.00000000	0.00000000	0.00000000	0.00000000
    6.3200	-0.00000000	-0.00000000	-0.00000000	-0.00000000	-0.00000000	-0.00000000	-1244418.50	0.00000000	0.00000000	0.00000000	0.00000000
    6.3300	-0.00000000	-0.00000000	-0.00000000	-0.00000000	-0.00000000	-0.00000000	-1244418.50	0.00000000	0.00000000	0.00000000	0.00000000
    6.3400	-0.00000000	-0.00000000	-0.00000000	-0.00000000	-0.00000000	-0.00000000	-1244418.50	0.00000000	0.00000000	0.00000000	0.00000000
    6.3500	-0.00000000	-0.00000000	-0.00000000	-0.00000000	-0.00000000	-0.00000000	-1244418.50	0.00000000	0.00000000	0.00000000	0.00000000
    6.3600	-0.00000000	-0.00000000	-0.00000000	-0.00000000	-0.00000000	-0.00000000	-1244418.50	0.00000000	0.00000000	0.00000000	0.00000000
    6.3700	-0.00000000	-0.00000000	-0.00000000	-0.00000000	-0.00000000	-0.00000000	-1244418.50	0.00000000	0.00000000	0.00000000	0.00000000
    6.3800	-0.00000000	-0.00000000	-0.00000000	-0.00000000	-0.00000000	-0.00000000	-1244418.50	0.00000000	0.00000000	0.00000000	0.00000000
    6.3900	-0.00000000	-0.00000000	-0.00000000	-0.00000000	-0.00000000	-0.00000000	-1244418.50	0.00000000	0.00000000	0.00000000	0.00000000
    6.4000	-0.00000000	-0.00000000	-0.00000000	-0.00000000	-0.00000000	-0.00000000	-1244418.50	0.00000000	0.00000000	0.00000000	0.00000000
    6.4100	-0.00000000	-0.00000000	-0.00000000	-0.00000000	-0.00000000	-0.00000000	-1244418.50	0.00000000	0.00000000	0.00000000	0.00000000
    6.4200	-0.00000000	-0.00000000	-0.00000000	-0.00000000	-0.00000000	-0.00000000	-1244418.50	0.00000000	0.00000000	0.00000000	0.00000000
    6.4300	-0.00000000	-0.00000000	-0.00000000	-0.00000000	-0.00000000	-0.00000000	-1244418.50	0.00000000	0.00000000	0.00000000	0.00000000
    6.4400	-0.00000000	-0.00000000	-0.00000000	-0.00000000	-0.00000000	-0.00000000	-1244418.50	0.00000000	0.00000000	0.00000000	0.00000000
    6.4500	-0.00000000	-0.00000000	-0.00000000	-0.00000000	-0.00000000	-0.00000000	-1244418.50	0.00000000	0.00000000	0.00000000	0.00000000
    6.4600	-0.00000000	-0.00000000	-0.00000000	-0.00000000	-0.00000000	-0.00000000	-1244418.50	0.00000000	0.00000000	0.00000000	0.00000000
    6.4700	-0.00000000	-0.00000000	-0.00000000	-0.00000000	-0.00000000	-0.00000000	-1244418.50	0.00000000	0.00000000	0.00000000	0.00000000
    6.4800	-0.00000000	-0.00000000	-0.00000000	-0.00000000	-0.00000000	-0.00000000	-1244418.50	0.00000000	0.00000000	0.00000000	0.00000000
    6.4900	-0.00000000	-0.00000000	-0.00000000	-0.00000000	-0.00000000	-0.00000000	-1244418.50	0.00000000	0.00000000	0.00000000	0.00000000
    6.5000	-0.00000000	-0.00000000	-0.00000000	-0.00000000	-0.00000000	-0.00000000	-1244418.50	0.00000000	0.00000000	0.00000000	0.00000000
    6.5100	-0.00000000	-0.00000000	-0.00000000	-0.00000000	-0.00000000	-0.00000000	-1244418.50	0.00000000	0.00000000	0.00000000	0.00000000
    6.5200	-0.00000000	-0.00000000	-0.00000000	-0.00000000	-0.00000000	-0.00000000	-1244418.50	0.00000000	0.00000000	0.00000000	0.00000000
    6.5300	-0.00000000	-0.00000000	-0.00000000	-0.00000000	-0.00000000	-0.00000000	-1244418.50	0.00000000	0.00000000	0.00000000	0.00000000
    6.5400	-0.00000000	-0.00000000	-0.00000000	-0.00000000	-0.00000000	-0.00000000	-1244418.50	0.00000000	0.00000000	0.00000000	0.00000000
    6.5500	-0.00000000	-0.00000000	-0.00000000	-0.00000000	-0.00000000	-0.00000000	-1244418.50	0.00000000	0.00000000	0.00000000	0.00000000
    6.5600	-0.00000000	-0.00000000	-0.00000000	-0.00000000	-0.00000000	-0.00000000	-1244418.50	0.00000000	0.00000000	0.00000000	0.00000000
    6.5700	-0.00000000	-0.00000000	-0.00000000	-0.00000000	-0.00000000	-0.00000000	-1244418.50	0.00000000	0.00000000	0.00000000	0.00000000
    6.5800	-0.00000000	-0.00000000	-0.00000000	-0.00000000	-0.00000000	-0.00000000	-1244418.50	0.00000000	0.00000000	0.00000000	0.00000000
    6.5900	-0.00000000	-0.00000000	-0.00000000	-0.00000000	-0.00000000	-0.00000000	-1244418.50	0.00000000	0.00000000	0.00000000	0.00000000
    6.6000	-0.00000000	-0.00000000	-0.00000000	-0.00000000	-0.00000000	-0.00000000	-1244418.50	0.00000000	0.00000000	0.00000000	0.00000000
    6.6100	-0.00000000	-0.00000000	-0.00000000	-0.00000000	-0.00000000	-0.00000000	-1244418.50	0.00000000	0.00000000	0.00000000	0.00000000
    6.6200	-0.00000000	-0.00000000	-0.00000000	-0.00000000	-0.00000000	-0.00000000	-1244418.50	0.00000000	0.00000000	0.00000000	0.00000000
    6.6300	-0.00000000	-0.00000000	-0.00000000	-0.00000000	-0.00000000	-0.00000000	-1244418.50	0.00000000	0.00000000	0.00000000	0.00000000
    6.6400	-0.00000000	-0.00000000	-0.00000000	-0.00000000	-0.00000000	-0.00000000	-1244418.50	0.00000000	0.00000000	0.00000000	0.00000000
    6.6500	-0.00000000	-0.00000000	-0.00000000	-0.00000000	-0.00000000	-0.00000000	-1244418.50	0.00000000	0.00000000	0.00000000	0.00000000
    6.6600	-0.00000000	-0.00000000	-0.00000000	-0.00000000	-0.00000000	-0.00000000	-1244418.50	0.00000000	0.00000000	0.00000000	0.00000000
    6.6700	-0.00000000	-0.00000000	-0.00000000	-0.00000000	-0.00000000	-0.00000000	-1244418.50	0.00000000	0.00000000	0.00000000	0.00000000
    6.6800	-0.00000000	-0.00000000	-0.00000000	-0.00000000	-0.00000000	-0.00000000	-1244418.50	0.00000000	0.00000000	0.00000000	0.00000000
    6.6900	-0.00000000	-0.00000000	-0.00000000	-0.00000000	-0.00000000	-0.00000000	-1244418.50	0.00000000	0.00000000	0.00000000	0.00000000
    6.7000	-0.00000000	-0.00000000	-0.00000000	-0.00000000	-0.00000000	-0.00000000	-1244418.50	0.00000000	0.00000000	0.00000000	0.00000000
    6.7100	-0.00000000	-0.00000000	-0.00000000	-0.00000000	-0.00000000	-0.00000000	-1244418.50	0.00000000	0.00000000	0.00000000	0.00000000
    6.7200	-0.00000000	-0.00000000	-0.00000000	-0.00000000	-0.00000000	-0.00000000	-1244418.50	0.00000000	0.00000000	0.00000000	0.00000000
    6.7300	-0.00000000	-0.00000000	-0.00000000	-0.00000000	-0.00000000	-0.00000000	-1244418.50	0.00000000	0.00000000	0.00000000	0.00000000
    6.7400	-0.00000000	-0.00000000	-0.00000000	-0.00000000	-0.00000000	-0.00000000	-1244418.50	0.00000000	0.00000000	0.00000000	0.00000000
    6.7500	-0.00000000	-0.00000000	-0.00000000	-0.00000000	-0.00000000	-0.00000000	-1244418.50	0.00000000	0.00000000	0.00000000	0.00000000
    6.7600	-0.00000000	-0.00000000	-0.00000000	-0.00000000	-0.00000000	-0.00000000	-1244418.50	0.00000000	0.00000000	0.00000000	0.00000000
    6.7700	-0.00000000	-0.00000000	-0.00000000	-0.00000000	-0.00000000	-0.00000000	-1244418.50	0.00000000	0.00000000	0.00000000	0.00000000
    6.7800	-0.00000000	-0.00000000	-0.00000000	-0.00000000	-0.00000000	-0.00000000	-1244418.50	0.00000000	0.00000000	0.00000000	0.00000000
    6.7900	-0.00000000	-0.00000000	-0.00000000	-0.00000000	-0.00000000	-0.00000000	-1244418.50	0.00000000	0.00000000	0.00000000	0.00000000
    6.8000	-0.00000000	-0.00000000	-0.00000000	-0.00000000	-0.00000000	-0.00000000	-1244418.50	0.00000000	0.00000000	0.00000000	0.00000000
    6.8100	-0.00000000	-0.00000000	-0.00000000	-0.00000000	-0.00000000	-0.00000000	-1244418.50	0.00000000	0.00000000	0.00000000	0.00000000
    6.8200	-0.00000000	-0.00000000	-0.00000000	-0.00000000	-0.00000000	-0.00000000	-1244418.50	0.00000000	0.00000000	0.00000000	0.00000000
    6.8300	-0.00000000	-0.00000000	-0.00000000	-0.00000000	-0.00000000	-0.00000000	-1244418.50	0.00000000	0.00000000	0.00000000	0.00000000
    6.8400	-0.00000000	-0.00000000	-0.00000000	-0.00000000	-0.00000000	-0.00000000	-1244418.50	0.00000000	0.00000000	0.00000000	0.00000000
    6.8500	-0.00000000	-0.00000000	-0.00000000	-0.00000000	-0.00000000	-0.00000000	-1244418.50	0.00000000	0.00000000	0.00000000	0.00000000
    6.8600	-0.00000000	-0.00000000	-0.00000000	-0.00000000	-0.00000000	-0.00000000	-1244418.50	0.00000000	0.00000000	0.00000000	0.00000000
    6.8700	-0.00000000	-0.00000000	-0.00000000	-0.00000000	-0.00000000	-0.00000000	-1244418.50	0.00000000	0.00000000	0.00000000	0.00000000
    6.8800	-0.00000000	-0.00000000	-0.00000000	-0.00000000	-0.00000000	-0.00000000	-1244418.50	0.00000000	0.00000000	0.00000000	0.00000000
    6.8900	-0.00000000	-0.00000000	-0.00000000	-0.00000000	-0.00000000	-0.00000000	-1244418.50	0.00000000	0.00000000	0.00000000	0.00000000
    6.9000	-0.00000000	-0.00000000	-0.00000000	-0.00000000	-0.00000000	-0.00000000	-1244418.50	0.00000000	0.00000000	0.00000000	0.00000000
    6.9100	-0.00000000	-0.00000000	-0.00000000	-0.00000000	-0.00000000	-0.00000000	-1244418.50	0.00000000	0.00000000	0.00000000	0.00000000
    6.9200	-0.00000000	-0.00000000	-0.00000000	-0.00000000	-0.00000000	-0.00000000	-1244418.50	0.00000000	0.00000000	0.00000000	0.00000000
    6.9300	-0.00000000	-0.00000000	-0.00000000	-0.00000000	-0.00000000	-0.00000000	-1244418.50	0.00000000	0.00000000	0.00000000	0.00000000
    6.9400	-0.00000000	-0.00000000	-0.00000000	-0.00000000	-0.00000000	-0.00000000	-1244418.50	0.00000000	0.00000000	0.00000000	0.00000000
    6.9500	-0.00000000	-0.00000000	-0.00000000	-0.00000000	-0.00000000	-0.00000000	-1244418.50	0.00000000	0.00000000	0.00000000	0.00000000
    6.9600	-0.00000000	-0.00000000	-0.00000000	-0.00000000	-0.00000000	-0.00000000	-1244418.50	0.00000000	0.00000000	0.00000000	0.00000000
    6.9700	-0.00000000	-0.00000000	-0.00000000	-0.00000000	-0.00000000	-0.00000000	-1244418.50	0.00000000	0.00000000	0.00000000	0.00000000
    6.9800	-0.00000000	-0.00000000	-0.00000000	-0.00000000	-0.00000000	-0.00000000	-1244418.50	0.00000000	0.00000000	0.00000000	0.00000000
    6.9900	-0.00000000	-0.00000000	-0.00000000	-0.00000000	-0.00000000	-0.00000000	-1244418.50	0.00000000	0.00000000	0.00000000	0.00000000
    7.0000	-0.00000000	-0.00000000	-0.00000000	-0.00000000	-0.00000000	-0.00000000	-1244418.50	0.00000000	0.00000000	0.00000000	0.00000000
    7.0100	-0.00000000	-0.00000000	-0.00000000	-0.00000000	-0.00000000	-0.00000000	-1244418.50	0.00000000	0.00000000	0.00000000	0.00000000
    7.0200	-0.00000000	-0.00000000	-0.00000000	-0.00000000	-0.00000000	-0.00000000	-1244418.50	0.00000000	0.00000000	0.00000000	0.00000000
    7.0300	-0.00000000	-0.00000000	-0.00000000	-0.00000000	-0.00000000	-0.00000000	-1244418.50	0.00000000	0.00000000	0.00000000	0.00000000
    7.0400	-0.00000000	-0.00000000	-0.00000000	-0.00000000	-0.00000000	-0.00000000	-1244418.50	0.00000000	0.00000000	0.00000000	0.00000000
    7.0500	-0.00000000	-0.00000000	-0.00000000	-0.00000000	-0.00000000	-0.00000000	-1244418.50	0.00000000	0.00000000	0.00000000	0.00000000
    7.0600	-0.00000000	-0.00000000	-0.00000000	-0.00000000	-0.00000000	-0.00000000	-1244418.50	0.00000000	0.00000000	0.00000000	0.00000000
    7.0700	-0.00000000	-0.00000000	-0.00000000	-0.00000000	-0.00000000	-0.00000000	-1244418.50	0.00000000	0.00000000	0.00000000	0.00000000
    7.0800	-0.00000000	-0.00000000	-0.00000000	-0.00000000	-0.00000000	-0.00000000	-1244418.50	0.00000000	0.00000000	0.00000000	0.00000000
    7.0900	-0.00000000	-0.00000000	-0.00000000	-0.00000000	-0.00000000	-0.00000000	-1244418.50	0.00000000	0.00000000	0.00000000	0.00000000
    7.1000	-0.00000000	-0.00000000	-0.00000000	-0.00000000	-0.00000000	-0.00000000	-1244418.50	0.00000000	0.00000000	0.00000000	0.00000000
    7.1100	-0.00000000	-0.00000000	-0.00000000	-0.00000000	-0.00000000	-0.00000000	-1244418.50	0.00000000	0.00000000	0.00000000	0.00000000
    7.1200	-0.00000000	-0.00000000	-0.00000000	-0.00000000	-0.00000000	-0.00000000	-1244418.50	0.00000000	0.00000000	0.00000000	0.00000000
    7.1300	-0.00000000	-0.00000000	-0.00000000	-0.00000000	-0.00000000	-0.00000000	-1244418.50	0.00000000	0.00000000	0.00000000	0.00000000
    7.1400	-0.00000000	-0.00000000	-0.00000000	-0.00000000	-0.00000000	-0.00000000	-1244418.50	0.00000000	0.00000000	0.00000000	0.00000000
    7.1500	-0.00000000	-0.00000000	-0.00000000	-0.00000000	-0.00000000	-0.00000000	-1244418.50	0.00000000	0.00000000	0.00000000	0.00000000
    7.1600	-0.00000000	-0.00000000	-0.00000000	-0.00000000	-0.00000000	-0.00000000	-1244418.50	0.00000000	0.00000000	0.00000000	0.00000000
    7.1700	-0.00000000	-0.00000000	-0.00000000	-0.00000000	-0.00000000	-0.00000000	-1244418.50	0.00000000	0.00000000	0.00000000	0.00000000
    7.1800	-0.00000000	-0.00000000	-0.00000000	-0.00000000	-0.00000000	-0.00000000	-1244418.50	0.00000000	0.00000000	0.00000000	0.00000000
    7.1900	-0.00000000	-0.00000000	-0.00000000	-0.00000000	-0.00000000	-0.00000000	-1244418.50	0.00000000	0.00000000	0.00000000	0.00000000
    7.2000	-0.00000000	-0.00000000	-0.00000000	-0.00000000	-0.00000000	-0.00000000	-1244418.50	0.00000000	0.00000000	0.00000000	0.00000000
    7.2100	-0.00000000	-0.00000000	-0.00000000	-0.00000000	-0.00000000	-0.00000000	-1244418.50	0.00000000	0.00000000	0.00000000	0.00000000
    7.2200	-0.00000000	-0.00000000	-0.00000000	-0.00000000	-0.00000000	-0.00000000	-1244418.50	0.00000000	0.00000000	0.00000000	0.00000000
    7.2300	-0.00000000	-0.00000000	-0.00000000	-0.00000000	-0.00000000	-0.00000000	-1244418.50	0.00000000	0.00000000	0.00000000	0.00000000
    7.2400	-0.00000000	-0.00000000	-0.00000000	-0.00000000	-0.00000000	-0.00000000	-1244418.50	0.00000000	0.00000000	0.00000000	0.00000000
    7.2500	-0.00000000	-0.00000000	-0.00000000	-0.00000000	-0.00000000	-0.00000000	-1244418.50	0.00000000	0.00000000	0.00000000	0.00000000
    7.2600	-0.00000000	-0.00000000	-0.00000000	-0.00000000	-0.00000000	-0.00000000	-1244418.50	0.00000000	0.00000000	0.00000000	0.00000000
    7.2700	-0.00000000	-0.00000000	-0.00000000	-0.00000000	-0.00000000	-0.00000000	-1244418.50	0.00000000	0.00000000	0.00000000	0.00000000
    7.2800	-0.00000000	-0.00000000	-0.00000000	-0.00000000	-0.00000000	-0.00000000	-1244418.50	0.00000000	0.00000000	0.00000000	0.00000000
    7.2900	-0.00000000	-0.00000000	-0.00000000	-0.00000000	-0.00000000	-0.00000000	-1244418.50	0.00000000	0.00000000	0.00000000	0.00000000
    7.3000	-0.00000000	-0.00000000	-0.00000000	-0.00000000	-0.00000000	-0.00000000	-1244418.50	0.00000000	0.00000000	0.00000000	0.00000000
    7.3100	-0.00000000	-0.00000000	-0.00000000	-0.00000000	-0.00000000	-0.00000000	-1244418.50	0.00000000	0.00000000	0.00000000	0.00000000
    7.3200	-0.00000000	-0.00000000	-0.00000000	-0.00000000	-0.00000000	-0.00000000	-1244418.50	0.00000000	0.00000000	0.00000000	0.00000000
    7.3300	-0.00000000	-0.00000000	-0.00000000	-0.00000000	-0.00000000	-0.00000000	-1244418.50	0.00000000	0.00000000	0.00000000	0.00000000
    7.3400	-0.00000000	-0.00000000	-0.00000000	-0.00000000	-0.00000000	-0.00000000	-1244418.50	0.00000000	0.00000000	0.00000000	0.00000000
    7.3500	-0.00000000	-0.00000000	-0.00000000	-0.00000000	-0.00000000	-0.00000000	-1244418.50	0.00000000	0.00000000	0.00000000	0.00000000
    7.3600	-0.00000000	-0.00000000	-0.00000000	-0.00000000	-0.00000000	-0.00000000	-1244418.50	0.00000000	0.00000000	0.00000000	0.00000000
    7.3700	-0.00000000	-0.00000000	-0.00000000	-0.00000000	-0.00000000	-0.00000000	-1244418.50	0.00000000	0.00000000	0.00000000	0.00000000
    7.3800	-0.00000000	-0.00000000	-0.00000000	-0.00000000	-0.00000000	-0.00000000	-1244418.50	0.00000000	0.00000000	0.00000000	0.00000000
    7.3900	-0.00000000	-0.00000000	-0.00000000	-0.00000000	-0.00000000	-0.00000000	-1244418.50	0.00000000	0.00000000	0.00000000	0.00000000
    7.4000	-0.00000000	-0.00000000	-0.00000000	-0.00000000	-0.00000000	-0.00000000	-1244418.50	0.00000000	0.00000000	0.00000000	0.00000000
    7.4100	-0.00000000	-0.00000000	-0.00000000	-0.00000000	-0.00000000	-0.00000000	-1244418.50	0.00000000	0.00000000	0.00000000	0.00000000
    7.4200	-0.00000000	-0.00000000	-0.00000000	-0.00000000	-0.00000000	-0.00000000	-1244418.50	0.00000000	0.00000000	0.00000000	0.00000000
    7.4300	-0.00000000	-0.00000000	-0.00000000	-0.00000000	-0.00000000	-0.00000000	-1244418.50	0.00000000	0.00000000	0.00000000	0.00000000
    7.4400	-0.00000000	-0.00000000	-0.00000000	-0.00000000	-0.00000000	-0.00000000	-1244418.50	0.00000000	0.00000000	0.00000000	0.00000000
    7.4500	-0.00000000	-0.00000000	-0.00000000	-0.00000000	-0.00000000	-0.00000000	-1244418.50	0.00000000	0.00000000	0.00000000	0.00000000
    7.4600	-0.00000000	-0.00000000	-0.00000000	-0.00000000	-0.00000000	-0.00000000	-1244418.50	0.00000000	0.00000000	0.00000000	0.00000000
    7.4700	-0.00000000	-0.00000000	-0.00000000	-0.00000000	-0.00000000	-0.00000000	-1244418.50	0.00000000	0.00000000	0.00000000	0.00000000
    7.4800	-0.00000000	-0.00000000	-0.00000000	-0.00000000	-0.00000000	-0.00000000	-1244418.50	0.00000000	0.00000000	0.00000000	0.00000000
    7.4900	-0.00000000	-0.00000000	-0.00000000	-0.00000000	-0.00000000	-0.00000000	-1244418.50	0.00000000	0.00000000	0.00000000	0.00000000
    7.5000	-0.00000000	-0.00000000	-0.00000000	-0.00000000	-0.00000000	-0.00000000	-1244418.50	0.00000000	0.00000000	0.00000000	0.00000000
    7.5100	-0.00000000	-0.00000000	-0.00000000	-0.00000000	-0.00000000	-0.00000000	-1244418.50	0.00000000	0.00000000	0.00000000	0.00000000
    7.5200	-0.00000000	-0.00000000	-0.00000000	-0.00000000	-0.00000000	-0.00000000	-1244418.50	0.00000000	0.00000000	0.00000000	0.00000000
    7.5300	-0.00000000	-0.00000000	-0.00000000	-0.00000000	-0.00000000	-0.00000000	-1244418.50	0.00000000	0.00000000	0.00000000	0.00000000
    7.5400	-0.00000000	-0.00000000	-0.00000000	-0.00000000	-0.00000000	-0.00000000	-1244418.50	0.00000000	0.00000000	0.00000000	0.00000000
    7.5500	-0.00000000	-0.00000000	-0.00000000	-0.00000000	-0.00000000	-0.00000000	-1244418.50	0.00000000	0.00000000	0.00000000	0.00000000
    7.5600	-0.00000000	-0.00000000	-0.00000000	-0.00000000	-0.00000000	-0.00000000	-1244418.50	0.00000000	0.00000000	0.00000000	0.00000000
    7.5700	-0.00000000	-0.00000000	-0.00000000	-0.00000000	-0.00000000	-0.00000000	-1244418.50	0.00000000	0.00000000	0.00000000	0.00000000
    7.5800	-0.00000000	-0.00000000	-0.00000000	-0.00000000	-0.00000000	-0.00000000	-1244418.50	0.00000000	0.00000000	0.00000000	0.00000000
    7.5900	-0.00000000	-0.00000000	-0.00000000	-0.00000000	-0.00000000	-0.00000000	-1244418.50	0.00000000	0.00000000	0.00000000	0.00000000
    7.6000	-0.00000000	-0.00000000	-0.00000000	-0.00000000	-0.00000000	-0.00000000	-1244418.50	0.00000000	0.00000000	0.00000000	0.00000000
    7.6100	-0.00000000	-0.00000000	-0.00000000	-0.00000000	-0.00000000	-0.00000000	-1244418.50	0.00000000	0.00000000	0.00000000	0.00000000
    7.6200	-0.00000000	-0.00000000	-0.00000000	-0.00000000	-0.00000000	-0.00000000	-1244418.50	0.00000000	0.00000000	0.00000000	0.00000000
    7.6300	-0.00000000	-0.00000000	-0.00000000	-0.00000000	-0.00000000	-0.00000000	-1244418.50	0.00000000	0.00000000	0.00000000	0.00000000
    7.6400	-0.00000000	-0.00000000	-0.00000000	-0.00000000	-0.00000000	-0.00000000	-1244418.50	0.00000000	0.00000000	0.00000000	0.00000000
    7.6500	-0.00000000	-0.00000000	-0.00000000	-0.00000000	-0.00000000	-0.00000000	-1244418.50	0.00000000	0.00000000	0.00000000	0.00000000
    7.6600	-0.00000000	-0.00000000	-0.00000000	-0.00000000	-0.00000000	-0.00000000	-1244418.50	0.00000000	0.00000000	0.00000000	0.00000000
    7.6700	-0.00000000	-0.00000000	-0.00000000	-0.00000000	-0.00000000	-0.00000000	-1244418.50	0.00000000	0.00000000	0.00000000	0.00000000
    7.6800	-0.00000000	-0.00000000	-0.00000000	-0.00000000	-0.00000000	-0.00000000	-1244418.50	0.00000000	0.00000000	0.00000000	0.00000000
    7.6900	-0.00000000	-0.00000000	-0.00000000	-0.00000000	-0.00000000	-0.00000000	-1244418.50	0.00000000	0.00000000	0.00000000	0.00000000
    7.7000	-0.00000000	-0.00000000	-0.00000000	-0.00000000	-0.00000000	-0.00000000	-1244418.50	0.00000000	0.00000000	0.00000000	0.00000000
    7.7100	-0.00000000	-0.00000000	-0.00000000	-0.00000000	-0.00000000	-0.00000000	-1244418.50	0.00000000	0.00000000	0.00000000	0.00000000
    7.7200	-0.00000000	-0.00000000	-0.00000000	-0.00000000	-0.00000000	-0.00000000	-1244418.50	0.00000000	0.00000000	0.00000000	0.00000000
    7.7300	-0.00000000	-0.00000000	-0.00000000	-0.00000000	-0.00000000	-0.00000000	-1244418.50	0.00000000	0.00000000	0.00000000	0.00000000
    7.7400	-0.00000000	-0.00000000	-0.00000000	-0.00000000	-0.00000000	-0.00000000	-1244418.50	0.00000000	0.00000000	0.00000000	0.00000000
    7.7500	-0.00000000	-0.00000000	-0.00000000	-0.00000000	-0.00000000	-0.00000000	-1244418.50	0.00000000	0.00000000	0.00000000	0.00000000
    7.7600	-0.00000000	-0.00000000	-0.00000000	-0.00000000	-0.00000000	-0.00000000	-1244418.50	0.00000000	0.00000000	0.00000000	0.00000000
    7.7700	-0.00000000	-0.00000000	-0.00000000	-0.00000000	-0.00000000	-0.00000000	-1244418.50	0.00000000	0.00000000	0.00000000	0.00000000
    7.7800	-0.00000000	-0.00000000	-0.00000000	-0.00000000	-0.00000000	-0.00000000	-1244418.50	0.00000000	0.00000000	0.00000000	0.00000000
    7.7900	-0.00000000	-0.00000000	-0.00000000	-0.00000000	-0.00000000	-0.00000000	-1244418.50	0.00000000	0.00000000	0.00000000	0.00000000
    7.8000	-0.00000000	-0.00000000	-0.00000000	-0.00000000	-0.00000000	-0.00000000	-1244418.50	0.00000000	0.00000000	0.00000000	0.00000000
    7.8100	-0.00000000	-0.00000000	-0.00000000	-0.00000000	-0.00000000	-0.00000000	-1244418.50	0.00000000	0.00000000	0.00000000	0.00000000
    7.8200	-0.00000000	-0.00000000	-0.00000000	-0.00000000	-0.00000000	-0.00000000	-1244418.50	0.00000000	0.00000000	0.00000000	0.00000000
    7.8300	-0.00000000	-0.00000000	-0.00000000	-0.00000000	-0.00000000	-0.00000000	-1244418.50	0.00000000	0.00000000	0.00000000	0.00000000
    7.8400	-0.00000000	-0.00000000	-0.00000000	-0.00000000	-0.00000000	-0.00000000	-1244418.50	0.00000000	0.00000000	0.00000000	0.00000000
    7.8500	-0.00000000	-0.00000000	-0.00000000	-0.00000000	-0.00000000	-0.00000000	-1244418.50	0.00000000	0.00000000	0.00000000	0.00000000
    7.8600	-0.00000000	-0.00000000	-0.00000000	-0.00000000	-0.00000000	-0.00000000	-1244418.50	0.00000000	0.00000000	0.00000000	0.00000000
    7.8700	-0.00000000	-0.00000000	-0.00000000	-0.00000000	-0.00000000	-0.00000000	-1244418.50	0.00000000	0.00000000	0.00000000	0.00000000
    7.8800	-0.00000000	-0.00000000	-0.00000000	-0.00000000	-0.00000000	-0.00000000	-1244418.50	0.00000000	0.00000000	0.00000000	0.00000000
    7.8900	-0.00000000	-0.00000000	-0.00000000	-0.00000000	-0.00000000	-0.00000000	-1244418.50	0.00000000	0.00000000	0.00000000	0.00000000
    7.9000	-0.00000000	-0.00000000	-0.00000000	-0.00000000	-0.00000000	-0.00000000	-1244418.50	0.00000000	0.00000000	0.00000000	0.00000000
    7.9100	-0.00000000	-0.00000000	-0.00000000	-0.00000000	-0.00000000	-0.00000000	-1244418.50	0.00000000	0.00000000	0.00000000	0.00000000
    7.9200	-0.00000000	-0.00000000	-0.00000000	-0.00000000	-0.00000000	-0.00000000	-1244418.50	0.00000000	0.00000000	0.00000000	0.00000000
    7.9300	-0.00000000	-0.00000000	-0.00000000	-0.00000000	-0.00000000	-0.00000000	-1244418.50	0.00000000	0.00000000	0.00000000	0.00000000
    7.9400	-0.00000000	-0.00000000	-0.00000000	-0.00000000	-0.00000000	-0.00000000	-1244418.50	0.00000000	0.00000000	0.00000000	0.00000000
    7.9500	-0.00000000	-0.00000000	-0.00000000	-0.00000000	-0.00000000	-0.00000000	-1244418.50	0.00000000	0.00000000	0.00000000	0.00000000
    7.9600	-0.00000000	-0.00000000	-0.00000000	-0.00000000	-0.00000000	-0.00000000	-1244418.50	0.00000000	0.00000000	0.00000000	0.00000000
    7.9700	-0.00000000	-0.00000000	-0.00000000	-0.00000000	-0.00000000	-0.00000000	-1244418.50	0.00000000	0.00000000	0.00000000	0.00000000
    7.9800	-0.00000000	-0.00000000	-0.00000000	-0.00000000	-0.00000000	-0.00000000	-1244418.50	0.00000000	0.00000000	0.00000000	0.00000000
    7.9900	-0.00000000	-0.00000000	-0.00000000	-0.00000000	-0.00000000	-0.00000000	-1244418.50	0.00000000	0.00000000	0.00000000	0.00000000
    8.0000	-0.00000000	-0.00000000	-0.00000000	-0.00000000	-0.00000000	-0.00000000	-1244418.50	0.00000000	0.00000000	0.00000000	0.00000000
    8.0100	-0.00000000	-0.00000000	-0.00000000	-0.00000000	-0.00000000	-0.00000000	-1244418.50	0.00000000	0.00000000	0.00000000	0.00000000
    8.0200	-0.00000000	-0.00000000	-0.00000000	-0.00000000	-0.00000000	-0.00000000	-1244418.50	0.00000000	0.00000000	0.00000000	0.00000000
    8.0300	-0.00000000	-0.00000000	-0.00000000	-0.00000000	-0.00000000	-0.00000000	-1244418.50	0.00000000	0.00000000	0.00000000	0.00000000
    8.0400	-0.00000000	-0.00000000	-0.00000000	-0.00000000	-0.00000000	-0.00000000	-1244418.50	0.00000000	0.00000000	0.00000000	0.00000000
    8.0500	-0.00000000	-0.00000000	-0.00000000	-0.00000000	-0.00000000	-0.00000000	-1244418.50	0.00000000	0.00000000	0.00000000	0.00000000
    8.0600	-0.00000000	-0.00000000	-0.00000000	-0.00000000	-0.00000000	-0.00000000	-1244418.50	0.00000000	0.00000000	0.00000000	0.00000000
    8.0700	-0.00000000	-0.00000000	-0.00000000	-0.00000000	-0.00000000	-0.00000000	-1244418.50	0.00000000	0.00000000	0.00000000	0.00000000
    8.0800	-0.00000000	-0.00000000	-0.00000000	-0.00000000	-0.00000000	-0.00000000	-1244418.50	0.00000000	0.00000000	0.00000000	0.00000000
    8.0900	-0.00000000	-0.00000000	-0.00000000	-0.00000000	-0.00000000	-0.00000000	-1244418.50	0.00000000	0.00000000	0.00000000	0.00000000
    8.1000	-0.00000000	-0.00000000	-0.00000000	-0.00000000	-0.00000000	-0.00000000	-1244418.50	0.00000000	0.00000000	0.00000000	0.00000000
    8.1100	-0.00000000	-0.00000000	-0.00000000	-0.00000000	-0.00000000	-0.00000000	-1244418.50	0.00000000	0.00000000	0.00000000	0.00000000
    8.1200	-0.00000000	-0.00000000	-0.00000000	-0.00000000	-0.00000000	-0.00000000	-1244418.50	0.00000000	0.00000000	0.00000000	0.00000000
    8.1300	-0.00000000	-0.00000000	-0.00000000	-0.00000000	-0.00000000	-0.00000000	-1244418.50	0.00000000	0.00000000	0.00000000	0.00000000
    8.1400	-0.00000000	-0.00000000	-0.00000000	-0.00000000	-0.00000000	-0.00000000	-1244418.50	0.00000000	0.00000000	0.00000000	0.00000000
    8.1500	-0.00000000	-0.00000000	-0.00000000	-0.00000000	-0.00000000	-0.00000000	-1244418.50	0.00000000	0.00000000	0.00000000	0.00000000
    8.1600	-0.00000000	-0.00000000	-0.00000000	-0.00000000	-0.00000000	-0.00000000	-1244418.50	0.00000000	0.00000000	0.00000000	0.00000000
    8.1700	-0.00000000	-0.00000000	-0.00000000	-0.00000000	-0.00000000	-0.00000000	-1244418.50	0.00000000	0.00000000	0.00000000	0.00000000
    8.1800	-0.00000000	-0.00000000	-0.00000000	-0.00000000	-0.00000000	-0.00000000	-1244418.50	0.00000000	0.00000000	0.00000000	0.00000000
    8.1900	-0.00000000	-0.00000000	-0.00000000	-0.00000000	-0.00000000	-0.00000000	-1244418.50	0.00000000	0.00000000	0.00000000	0.00000000
    8.2000	-0.00000000	-0.00000000	-0.00000000	-0.00000000	-0.00000000	-0.00000000	-1244418.50	0.00000000	0.00000000	0.00000000	0.00000000
    8.2100	-0.00000000	-0.00000000	-0.00000000	-0.00000000	-0.00000000	-0.00000000	-1244418.50	0.00000000	0.00000000	0.00000000	0.00000000
    8.2200	-0.00000000	-0.00000000	-0.00000000	-0.00000000	-0.00000000	-0.00000000	-1244418.50	0.00000000	0.00000000	0.00000000	0.00000000
    8.2300	-0.00000000	-0.00000000	-0.00000000	-0.00000000	-0.00000000	-0.00000000	-1244418.50	0.00000000	0.00000000	0.00000000	0.00000000
    8.2400	-0.00000000	-0.00000000	-0.00000000	-0.00000000	-0.00000000	-0.00000000	-1244418.50	0.00000000	0.00000000	0.00000000	0.00000000
    8.2500	-0.00000000	-0.00000000	-0.00000000	-0.00000000	-0.00000000	-0.00000000	-1244418.50	0.00000000	0.00000000	0.00000000	0.00000000
    8.2600	-0.00000000	-0.00000000	-0.00000000	-0.00000000	-0.00000000	-0.00000000	-1244418.50	0.00000000	0.00000000	0.00000000	0.00000000
    8.2700	-0.00000000	-0.00000000	-0.00000000	-0.00000000	-0.00000000	-0.00000000	-1244418.50	0.00000000	0.00000000	0.00000000	0.00000000
    8.2800	-0.00000000	-0.00000000	-0.00000000	-0.00000000	-0.00000000	-0.00000000	-1244418.50	0.00000000	0.00000000	0.00000000	0.00000000
    8.2900	-0.00000000	-0.00000000	-0.00000000	-0.00000000	-0.00000000	-0.00000000	-1244418.50	0.00000000	0.00000000	0.00000000	0.00000000
    8.3000	-0.00000000	-0.00000000	-0.00000000	-0.00000000	-0.00000000	-0.00000000	-1244418.50	0.00000000	0.00000000	0.00000000	0.00000000
    8.3100	-0.00000000	-0.00000000	-0.00000000	-0.00000000	-0.00000000	-0.00000000	-1244418.50	0.00000000	0.00000000	0.00000000	0.00000000
    8.3200	-0.00000000	-0.00000000	-0.00000000	-0.00000000	-0.00000000	-0.00000000	-1244418.50	0.00000000	0.00000000	0.00000000	0.00000000
    8.3300	-0.00000000	-0.00000000	-0.00000000	-0.00000000	-0.00000000	-0.00000000	-1244418.50	0.00000000	0.00000000	0.00000000	0.00000000
    8.3400	-0.00000000	-0.00000000	-0.00000000	-0.00000000	-0.00000000	-0.00000000	-1244418.50	0.00000000	0.00000000	0.00000000	0.00000000
    8.3500	-0.00000000	-0.00000000	-0.00000000	-0.00000000	-0.00000000	-0.00000000	-1244418.50	0.00000000	0.00000000	0.00000000	0.00000000
    8.3600	-0.00000000	-0.00000000	-0.00000000	-0.00000000	-0.00000000	-0.00000000	-1244418.50	0.00000000	0.00000000	0.00000000	0.00000000
    8.3700	-0.00000000	-0.00000000	-0.00000000	-0.00000000	-0.00000000	-0.00000000	-1244418.50	0.00000000	0.00000000	0.00000000	0.00000000
    8.3800	-0.00000000	-0.00000000	-0.00000000	-0.00000000	-0.00000000	-0.00000000	-1244418.50	0.00000000	0.00000000	0.00000000	0.00000000
    8.3900	-0.00000000	-0.00000000	-0.00000000	-0.00000000	-0.00000000	-0.00000000	-1244418.50	0.00000000	0.00000000	0.00000000	0.00000000
    8.4000	-0.00000000	-0.00000000	-0.00000000	-0.00000000	-0.00000000	-0.00000000	-1244418.50	0.00000000	0.00000000	0.00000000	0.00000000
    8.4100	-0.00000000	-0.00000000	-0.00000000	-0.00000000	-0.00000000	-0.00000000	-1244418.50	0.00000000	0.00000000	0.00000000	0.00000000
    8.4200	-0.00000000	-0.00000000	-0.00000000	-0.00000000	-0.00000000	-0.00000000	-1244418.50	0.00000000	0.00000000	0.00000000	0.00000000
    8.4300	-0.00000000	-0.00000000	-0.00000000	-0.00000000	-0.00000000	-0.00000000	-1244418.50	0.00000000	0.00000000	0.00000000	0.00000000
    8.4400	-0.00000000	-0.00000000	-0.00000000	-0.00000000	-0.00000000	-0.00000000	-1244418.50	0.00000000	0.00000000	0.00000000	0.00000000
    8.4500	-0.00000000	-0.00000000	-0.00000000	-0.00000000	-0.00000000	-0.00000000	-1244418.50	0.00000000	0.00000000	0.00000000	0.00000000
    8.4600	-0.00000000	-0.00000000	-0.00000000	-0.00000000	-0.00000000	-0.00000000	-1244418.50	0.00000000	0.00000000	0.00000000	0.00000000
    8.4700	-0.00000000	-0.00000000	-0.00000000	-0.00000000	-0.00000000	-0.00000000	-1244418.50	0.00000000	0.00000000	0.00000000	0.00000000
    8.4800	-0.00000000	-0.00000000	-0.00000000	-0.00000000	-0.00000000	-0.00000000	-1244418.50	0.00000000	0.00000000	0.00000000	0.00000000
    8.4900	-0.00000000	-0.00000000	-0.00000000	-0.00000000	-0.00000000	-0.00000000	-1244418.50	0.00000000	0.00000000	0.00000000	0.00000000
    8.5000	-0.00000000	-0.00000000	-0.00000000	-0.00000000	-0.00000000	-0.00000000	-1244418.50	0.00000000	0.00000000	0.00000000	0.00000000
    8.5100	-0.00000000	-0.00000000	-0.00000000	-0.00000000	-0.00000000	-0.00000000	-1244418.50	0.00000000	0.00000000	0.00000000	0.00000000
    8.5200	-0.00000000	-0.00000000	-0.00000000	-0.00000000	-0.00000000	-0.00000000	-1244418.50	0.00000000	0.00000000	0.00000000	0.00000000
    8.5300	-0.00000000	-0.00000000	-0.00000000	-0.00000000	-0.00000000	-0.00000000	-1244418.50	0.00000000	0.00000000	0.00000000	0.00000000
    8.5400	-0.00000000	-0.00000000	-0.00000000	-0.00000000	-0.00000000	-0.00000000	-1244418.50	0.00000000	0.00000000	0.00000000	0.00000000
    8.5500	-0.00000000	-0.00000000	-0.00000000	-0.00000000	-0.00000000	-0.00000000	-1244418.50	0.00000000	0.00000000	0.00000000	0.00000000
    8.5600	-0.00000000	-0.00000000	-0.00000000	-0.00000000	-0.00000000	-0.00000000	-1244418.50	0.00000000	0.00000000	0.00000000	0.00000000
    8.5700	-0.00000000	-0.00000000	-0.00000000	-0.00000000	-0.00000000	-0.00000000	-1244418.50	0.00000000	0.00000000	0.00000000	0.00000000
    8.5800	-0.00000000	-0.00000000	-0.00000000	-0.00000000	-0.00000000	-0.00000000	-1244418.50	0.00000000	0.00000000	0.00000000	0.00000000
    8.5900	-0.00000000	-0.00000000	-0.00000000	-0.00000000	-0.00000000	-0.00000000	-1244418.50	0.00000000	0.00000000	0.00000000	0.00000000
    8.6000	-0.00000000	-0.00000000	-0.00000000	-0.00000000	-0.00000000	-0.00000000	-1244418.50	0.00000000	0.00000000	0.00000000	0.00000000
    8.6100	-0.00000000	-0.00000000	-0.00000000	-0.00000000	-0.00000000	-0.00000000	-1244418.50	0.00000000	0.00000000	0.00000000	0.00000000
    8.6200	-0.00000000	-0.00000000	-0.00000000	-0.00000000	-0.00000000	-0.00000000	-1244418.50	0.00000000	0.00000000	0.00000000	0.00000000
    8.6300	-0.00000000	-0.00000000	-0.00000000	-0.00000000	-0.00000000	-0.00000000	-1244418.50	0.00000000	0.00000000	0.00000000	0.00000000
    8.6400	-0.00000000	-0.00000000	-0.00000000	-0.00000000	-0.00000000	-0.00000000	-1244418.50	0.00000000	0.00000000	0.00000000	0.00000000
    8.6500	-0.00000000	-0.00000000	-0.00000000	-0.00000000	-0.00000000	-0.00000000	-1244418.50	0.00000000	0.00000000	0.00000000	0.00000000
    8.6600	-0.00000000	-0.00000000	-0.00000000	-0.00000000	-0.00000000	-0.00000000	-1244418.50	0.00000000	0.00000000	0.00000000	0.00000000
    8.6700	-0.00000000	-0.00000000	-0.00000000	-0.00000000	-0.00000000	-0.00000000	-1244418.50	0.00000000	0.00000000	0.00000000	0.00000000
    8.6800	-0.00000000	-0.00000000	-0.00000000	-0.00000000	-0.00000000	-0.00000000	-1244418.50	0.00000000	0.00000000	0.00000000	0.00000000
    8.6900	-0.00000000	-0.00000000	-0.00000000	-0.00000000	-0.00000000	-0.00000000	-1244418.50	0.00000000	0.00000000	0.00000000	0.00000000
    8.7000	-0.00000000	-0.00000000	-0.00000000	-0.00000000	-0.00000000	-0.00000000	-1244418.50	0.00000000	0.00000000	0.00000000	0.00000000
    8.7100	-0.00000000	-0.00000000	-0.00000000	-0.00000000	-0.00000000	-0.00000000	-1244418.50	0.00000000	0.00000000	0.00000000	0.00000000
    8.7200	-0.00000000	-0.00000000	-0.00000000	-0.00000000	-0.00000000	-0.00000000	-1244418.50	0.00000000	0.00000000	0.00000000	0.00000000
    8.7300	-0.00000000	-0.00000000	-0.00000000	-0.00000000	-0.00000000	-0.00000000	-1244418.50	0.00000000	0.00000000	0.00000000	0.00000000
    8.7400	-0.00000000	-0.00000000	-0.00000000	-0.00000000	-0.00000000	-0.00000000	-1244418.50	0.00000000	0.00000000	0.00000000	0.00000000
    8.7500	-0.00000000	-0.00000000	-0.00000000	-0.00000000	-0.00000000	-0.00000000	-1244418.50	0.00000000	0.00000000	0.00000000	0.00000000
    8.7600	-0.00000000	-0.00000000	-0.00000000	-0.00000000	-0.00000000	-0.00000000	-1244418.50	0.00000000	0.00000000	0.00000000	0.00000000
    8.7700	-0.00000000	-0.00000000	-0.00000000	-0.00000000	-0.00000000	-0.00000000	-1244418.50	0.00000000	0.00000000	0.00000000	0.00000000
    8.7800	-0.00000000	-0.00000000	-0.00000000	-0.00000000	-0.00000000	-0.00000000	-1244418.50	0.00000000	0.00000000	0.00000000	0.00000000
    8.7900	-0.00000000	-0.00000000	-0.00000000	-0.00000000	-0.00000000	-0.00000000	-1244418.50	0.00000000	0.00000000	0.00000000	0.00000000
    8.8000	-0.00000000	-0.00000000	-0.00000000	-0.00000000	-0.00000000	-0.00000000	-1244418.50	0.00000000	0.00000000	0.00000000	0.00000000
    8.8100	-0.00000000	-0.00000000	-0.00000000	-0.00000000	-0.00000000	-0.00000000	-1244418.50	0.00000000	0.00000000	0.00000000	0.00000000
    8.8200	-0.00000000	-0.00000000	-0.00000000	-0.00000000	-0.00000000	-0.00000000	-1244418.50	0.00000000	0.00000000	0.00000000	0.00000000
    8.8300	-0.00000000	-0.00000000	-0.00000000	-0.00000000	-0.00000000	-0.00000000	-1244418.50	0.00000000	0.00000000	0.00000000	0.00000000
    8.8400	-0.00000000	-0.00000000	-0.00000000	-0.00000000	-0.00000000	-0.00000000	-1244418.50	0.00000000	0.00000000	0.00000000	0.00000000
    8.8500	-0.00000000	-0.00000000	-0.00000000	-0.00000000	-0.00000000	-0.00000000	-1244418.50	0.00000000	0.00000000	0.00000000	0.00000000
    8.8600	-0.00000000	-0.00000000	-0.00000000	-0.00000000	-0.00000000	-0.00000000	-1244418.50	0.00000000	0.00000000	0.00000000	0.00000000
    8.8700	-0.00000000	-0.00000000	-0.00000000	-0.00000000	-0.00000000	-0.00000000	-1244418.50	0.00000000	0.00000000	0.00000000	0.00000000
    8.8800	-0.00000000	-0.00000000	-0.00000000	-0.00000000	-0.00000000	-0.00000000	-1244418.50	0.00000000	0.00000000	0.00000000	0.00000000
    8.8900	-0.00000000	-0.00000000	-0.00000000	-0.00000000	-0.00000000	-0.00000000	-1244418.50	0.00000000	0.00000000	0.00000000	0.00000000
    8.9000	-0.00000000	-0.00000000	-0.00000000	-0.00000000	-0.00000000	-0.00000000	-1244418.50	0.00000000	0.00000000	0.00000000	0.00000000
    8.9100	-0.00000000	-0.00000000	-0.00000000	-0.00000000	-0.00000000	-0.00000000	-1244418.50	0.00000000	0.00000000	0.00000000	0.00000000
    8.9200	-0.00000000	-0.00000000	-0.00000000	-0.00000000	-0.00000000	-0.00000000	-1244418.50	0.00000000	0.00000000	0.00000000	0.00000000
    8.9300	-0.00000000	-0.00000000	-0.00000000	-0.00000000	-0.00000000	-0.00000000	-1244418.50	0.00000000	0.00000000	0.00000000	0.00000000
    8.9400	-0.00000000	-0.00000000	-0.00000000	-0.00000000	-0.00000000	-0.00000000	-1244418.50	0.00000000	0.00000000	0.00000000	0.00000000
    8.9500	-0.00000000	-0.00000000	-0.00000000	-0.00000000	-0.00000000	-0.00000000	-1244418.50	0.00000000	0.00000000	0.00000000	0.00000000
    8.9600	-0.00000000	-0.00000000	-0.00000000	-0.00000000	-0.00000000	-0.00000000	-1244418.50	0.00000000	0.00000000	0.00000000	0.00000000
    8.9700	-0.00000000	-0.00000000	-0.00000000	-0.00000000	-0.00000000	-0.00000000	-1244418.50	0.00000000	0.00000000	0.00000000	0.00000000
    8.9800	-0.00000000	-0.00000000	-0.00000000	-0.00000000	-0.00000000	-0.00000000	-1244418.50	0.00000000	0.00000000	0.00000000	0.00000000
    8.9900	-0.00000000	-0.00000000	-0.00000000	-0.00000000	-0.00000000	-0.00000000	-1244418.50	0.00000000	0.00000000	0.00000000	0.00000000
    9.0000	-0.00000000	-0.00000000	-0.00000000	-0.00000000	-0.00000000	-0.00000000	-1244418.50	0.00000000	0.00000000	0.00000000	0.00000000
    9.0100	-0.00000000	-0.00000000	-0.00000000	-0.00000000	-0.00000000	-0.00000000	-1244418.50	0.00000000	0.00000000	0.00000000	0.00000000
    9.0200	-0.00000000	-0.00000000	-0.00000000	-0.00000000	-0.00000000	-0.00000000	-1244418.50	0.00000000	0.00000000	0.00000000	0.00000000
    9.0300	-0.00000000	-0.00000000	-0.00000000	-0.00000000	-0.00000000	-0.00000000	-1244418.50	0.00000000	0.00000000	0.00000000	0.00000000
    9.0400	-0.00000000	-0.00000000	-0.00000000	-0.00000000	-0.00000000	-0.00000000	-1244418.50	0.00000000	0.00000000	0.00000000	0.00000000
    9.0500	-0.00000000	-0.00000000	-0.00000000	-0.00000000	-0.00000000	-0.00000000	-1244418.50	0.00000000	0.00000000	0.00000000	0.00000000
    9.0600	-0.00000000	-0.00000000	-0.00000000	-0.00000000	-0.00000000	-0.00000000	-1244418.50	0.00000000	0.00000000	0.00000000	0.00000000
    9.0700	-0.00000000	-0.00000000	-0.00000000	-0.00000000	-0.00000000	-0.00000000	-1244418.50	0.00000000	0.00000000	0.00000000	0.00000000
    9.0800	-0.00000000	-0.00000000	-0.00000000	-0.00000000	-0.00000000	-0.00000000	-1244418.50	0.00000000	0.00000000	0.00000000	0.00000000
    9.0900	-0.00000000	-0.00000000	-0.00000000	-0.00000000	-0.00000000	-0.00000000	-1244418.50	0.00000000	0.00000000	0.00000000	0.00000000
    9.1000	-0.00000000	-0.00000000	-0.00000000	-0.00000000	-0.00000000	-0.00000000	-1244418.50	0.00000000	0.00000000	0.00000000	0.00000000
    9.1100	-0.00000000	-0.00000000	-0.00000000	-0.00000000	-0.00000000	-0.00000000	-1244418.50	0.00000000	0.00000000	0.00000000	0.00000000
    9.1200	-0.00000000	-0.00000000	-0.00000000	-0.00000000	-0.00000000	-0.00000000	-1244418.50	0.00000000	0.00000000	0.00000000	0.00000000
    9.1300	-0.00000000	-0.00000000	-0.00000000	-0.00000000	-0.00000000	-0.00000000	-1244418.50	0.00000000	0.00000000	0.00000000	0.00000000
    9.1400	-0.00000000	-0.00000000	-0.00000000	-0.00000000	-0.00000000	-0.00000000	-1244418.50	0.00000000	0.00000000	0.00000000	0.00000000
    9.1500	-0.00000000	-0.00000000	-0.00000000	-0.00000000	-0.00000000	-0.00000000	-1244418.50	0.00000000	0.00000000	0.00000000	0.00000000
    9.1600	-0.00000000	-0.00000000	-0.00000000	-0.00000000	-0.00000000	-0.00000000	-1244418.50	0.00000000	0.00000000	0.00000000	0.00000000
    9.1700	-0.00000000	-0.00000000	-0.00000000	-0.00000000	-0.00000000	-0.00000000	-1244418.50	0.00000000	0.00000000	0.00000000	0.00000000
    9.1800	-0.00000000	-0.00000000	-0.00000000	-0.00000000	-0.00000000	-0.00000000	-1244418.50	0.00000000	0.00000000	0.00000000	0.00000000
    9.1900	-0.00000000	-0.00000000	-0.00000000	-0.00000000	-0.00000000	-0.00000000	-1244418.50	0.00000000	0.00000000	0.00000000	0.00000000
    9.2000	-0.00000000	-0.00000000	-0.00000000	-0.00000000	-0.00000000	-0.00000000	-1244418.50	0.00000000	0.00000000	0.00000000	0.00000000
    9.2100	-0.00000000	-0.00000000	-0.00000000	-0.00000000	-0.00000000	-0.00000000	-1244418.50	0.00000000	0.00000000	0.00000000	0.00000000
    9.2200	-0.00000000	-0.00000000	-0.00000000	-0.00000000	-0.00000000	-0.00000000	-1244418.50	0.00000000	0.00000000	0.00000000	0.00000000
    9.2300	-0.00000000	-0.00000000	-0.00000000	-0.00000000	-0.00000000	-0.00000000	-1244418.50	0.00000000	0.00000000	0.00000000	0.00000000
    9.2400	-0.00000000	-0.00000000	-0.00000000	-0.00000000	-0.00000000	-0.00000000	-1244418.50	0.00000000	0.00000000	0.00000000	0.00000000
    9.2500	-0.00000000	-0.00000000	-0.00000000	-0.00000000	-0.00000000	-0.00000000	-1244418.50	0.00000000	0.00000000	0.00000000	0.00000000
    9.2600	-0.00000000	-0.00000000	-0.00000000	-0.00000000	-0.00000000	-0.00000000	-1244418.50	0.00000000	0.00000000	0.00000000	0.00000000
    9.2700	-0.00000000	-0.00000000	-0.00000000	-0.00000000	-0.00000000	-0.00000000	-1244418.50	0.00000000	0.00000000	0.00000000	0.00000000
    9.2800	-0.00000000	-0.00000000	-0.00000000	-0.00000000	-0.00000000	-0.00000000	-1244418.50	0.00000000	0.00000000	0.00000000	0.00000000
    9.2900	-0.00000000	-0.00000000	-0.00000000	-0.00000000	-0.00000000	-0.00000000	-1244418.50	0.00000000	0.00000000	0.00000000	0.00000000
    9.3000	-0.00000000	-0.00000000	-0.00000000	-0.00000000	-0.00000000	-0.00000000	-1244418.50	0.00000000	0.00000000	0.00000000	0.00000000
    9.3100	-0.00000000	-0.00000000	-0.00000000	-0.00000000	-0.00000000	-0.00000000	-1244418.50	0.00000000	0.00000000	0.00000000	0.00000000
    9.3200	-0.00000000	-0.00000000	-0.00000000	-0.00000000	-0.00000000	-0.00000000	-1244418.50	0.00000000	0.00000000	0.00000000	0.00000000
    9.3300	-0.00000000	-0.00000000	-0.00000000	-0.00000000	-0.00000000	-0.00000000	-1244418.50	0.00000000	0.00000000	0.00000000	0.00000000
    9.3400	-0.00000000	-0.00000000	-0.00000000	-0.00000000	-0.00000000	-0.00000000	-1244418.50	0.00000000	0.00000000	0.00000000	0.00000000
    9.3500	-0.00000000	-0.00000000	-0.00000000	-0.00000000	-0.00000000	-0.00000000	-1244418.50	0.00000000	0.00000000	0.00000000	0.00000000
    9.3600	-0.00000000	-0.00000000	-0.00000000	-0.00000000	-0.00000000	-0.00000000	-1244418.50	0.00000000	0.00000000	0.00000000	0.00000000
    9.3700	-0.00000000	-0.00000000	-0.00000000	-0.00000000	-0.00000000	-0.00000000	-1244418.50	0.00000000	0.00000000	0.00000000	0.00000000
    9.3800	-0.00000000	-0.00000000	-0.00000000	-0.00000000	-0.00000000	-0.00000000	-1244418.50	0.00000000	0.00000000	0.00000000	0.00000000
    9.3900	-0.00000000	-0.00000000	-0.00000000	-0.00000000	-0.00000000	-0.00000000	-1244418.50	0.00000000	0.00000000	0.00000000	0.00000000
    9.4000	-0.00000000	-0.00000000	-0.00000000	-0.00000000	-0.00000000	-0.00000000	-1244418.50	0.00000000	0.00000000	0.00000000	0.00000000
    9.4100	-0.00000000	-0.00000000	-0.00000000	-0.00000000	-0.00000000	-0.00000000	-1244418.50	0.00000000	0.00000000	0.00000000	0.00000000
    9.4200	-0.00000000	-0.00000000	-0.00000000	-0.00000000	-0.00000000	-0.00000000	-1244418.50	0.00000000	0.00000000	0.00000000	0.00000000
    9.4300	-0.00000000	-0.00000000	-0.00000000	-0.00000000	-0.00000000	-0.00000000	-1244418.50	0.00000000	0.00000000	0.00000000	0.00000000
    9.4400	-0.00000000	-0.00000000	-0.00000000	-0.00000000	-0.00000000	-0.00000000	-1244418.50	0.00000000	0.00000000	0.00000000	0.00000000
    9.4500	-0.00000000	-0.00000000	-0.00000000	-0.00000000	-0.00000000	-0.00000000	-1244418.50	0.00000000	0.00000000	0.00000000	0.00000000
    9.4600	-0.00000000	-0.00000000	-0.00000000	-0.00000000	-0.00000000	-0.00000000	-1244418.50	0.00000000	0.00000000	0.00000000	0.00000000
    9.4700	-0.00000000	-0.00000000	-0.00000000	-0.00000000	-0.00000000	-0.00000000	-1244418.50	0.00000000	0.00000000	0.00000000	0.00000000
    9.4800	-0.00000000	-0.00000000	-0.00000000	-0.00000000	-0.00000000	-0.00000000	-1244418.50	0.00000000	0.00000000	0.00000000	0.00000000
    9.4900	-0.00000000	-0.00000000	-0.00000000	-0.00000000	-0.00000000	-0.00000000	-1244418.50	0.00000000	0.00000000	0.00000000	0.00000000
    9.5000	-0.00000000	-0.00000000	-0.00000000	-0.00000000	-0.00000000	-0.00000000	-1244418.50	0.00000000	0.00000000	0.00000000	0.00000000
    9.5100	-0.00000000	-0.00000000	-0.00000000	-0.00000000	-0.00000000	-0.00000000	-1244418.50	0.00000000	0.00000000	0.00000000	0.00000000
    9.5200	-0.00000000	-0.00000000	-0.00000000	-0.00000000	-0.00000000	-0.00000000	-1244418.50	0.00000000	0.00000000	0.00000000	0.00000000
    9.5300	-0.00000000	-0.00000000	-0.00000000	-0.00000000	-0.00000000	-0.00000000	-1244418.50	0.00000000	0.00000000	0.00000000	0.00000000
    9.5400	-0.00000000	-0.00000000	-0.00000000	-0.00000000	-0.00000000	-0.00000000	-1244418.50	0.00000000	0.00000000	0.00000000	0.00000000
    9.5500	-0.00000000	-0.00000000	-0.00000000	-0.00000000	-0.00000000	-0.00000000	-1244418.50	0.00000000	0.00000000	0.00000000	0.00000000
    9.5600	-0.00000000	-0.00000000	-0.00000000	-0.00000000	-0.00000000	-0.00000000	-1244418.50	0.00000000	0.00000000	0.00000000	0.00000000
    9.5700	-0.00000000	-0.00000000	-0.00000000	-0.00000000	-0.00000000	-0.00000000	-1244418.50	0.00000000	0.00000000	0.00000000	0.00000000
    9.5800	-0.00000000	-0.00000000	-0.00000000	-0.00000000	-0.00000000	-0.00000000	-1244418.50	0.00000000	0.00000000	0.00000000	0.00000000
    9.5900	-0.00000000	-0.00000000	-0.00000000	-0.00000000	-0.00000000	-0.00000000	-1244418.50	0.00000000	0.00000000	0.00000000	0.00000000
    9.6000	-0.00000000	-0.00000000	-0.00000000	-0.00000000	-0.00000000	-0.00000000	-1244418.50	0.00000000	0.00000000	0.00000000	0.00000000
    9.6100	-0.00000000	-0.00000000	-0.00000000	-0.00000000	-0.00000000	-0.00000000	-1244418.50	0.00000000	0.00000000	0.00000000	0.00000000
    9.6200	-0.00000000	-0.00000000	-0.00000000	-0.00000000	-0.00000000	-0.00000000	-1244418.50	0.00000000	0.00000000	0.00000000	0.00000000
    9.6300	-0.00000000	-0.00000000	-0.00000000	-0.00000000	-0.00000000	-0.00000000	-1244418.50	0.00000000	0.00000000	0.00000000	0.00000000
    9.6400	-0.00000000	-0.00000000	-0.00000000	-0.00000000	-0.00000000	-0.00000000	-1244418.50	0.00000000	0.00000000	0.00000000	0.00000000
    9.6500	-0.00000000	-0.00000000	-0.00000000	-0.00000000	-0.00000000	-0.00000000	-1244418.50	0.00000000	0.00000000	0.00000000	0.00000000
    9.6600	-0.00000000	-0.00000000	-0.00000000	-0.00000000	-0.00000000	-0.00000000	-1244418.50	0.00000000	0.00000000	0.00000000	0.00000000
    9.6700	-0.00000000	-0.00000000	-0.00000000	-0.00000000	-0.00000000	-0.00000000	-1244418.50	0.00000000	0.00000000	0.00000000	0.00000000
    9.6800	-0.00000000	-0.00000000	-0.00000000	-0.00000000	-0.00000000	-0.00000000	-1244418.50	0.00000000	0.00000000	0.00000000	0.00000000
    9.6900	-0.00000000	-0.00000000	-0.00000000	-0.00000000	-0.00000000	-0.00000000	-1244418.50	0.00000000	0.00000000	0.00000000	0.00000000
    9.7000	-0.00000000	-0.00000000	-0.00000000	-0.00000000	-0.00000000	-0.00000000	-1244418.50	0.00000000	0.00000000	0.00000000	0.00000000
    9.7100	-0.00000000	-0.00000000	-0.00000000	-0.00000000	-0.00000000	-0.00000000	-1244418.50	0.00000000	0.00000000	0.00000000	0.00000000
    9.7200	-0.00000000	-0.00000000	-0.00000000	-0.00000000	-0.00000000	-0.00000000	-1244418.50	0.00000000	0.00000000	0.00000000	0.00000000
    9.7300	-0.00000000	-0.00000000	-0.00000000	-0.00000000	-0.00000000	-0.00000000	-1244418.50	0.00000000	0.00000000	0.00000000	0.00000000
    9.7400	-0.00000000	-0.00000000	-0.00000000	-0.00000000	-0.00000000	-0.00000000	-1244418.50	0.00000000	0.00000000	0.00000000	0.00000000
    9.7500	-0.00000000	-0.00000000	-0.00000000	-0.00000000	-0.00000000	-0.00000000	-1244418.50	0.00000000	0.00000000	0.00000000	0.00000000
    9.7600	-0.00000000	-0.00000000	-0.00000000	-0.00000000	-0.00000000	-0.00000000	-1244418.50	0.00000000	0.00000000	0.00000000	0.00000000
    9.7700	-0.00000000	-0.00000000	-0.00000000	-0.00000000	-0.00000000	-0.00000000	-1244418.50	0.00000000	0.00000000	0.00000000	0.00000000
    9.7800	-0.00000000	-0.00000000	-0.00000000	-0.00000000	-0.00000000	-0.00000000	-1244418.50	0.00000000	0.00000000	0.00000000	0.00000000
    9.7900	-0.00000000	-0.00000000	-0.00000000	-0.00000000	-0.00000000	-0.00000000	-1244418.50	0.00000000	0.00000000	0.00000000	0.00000000
    9.8000	-0.00000000	-0.00000000	-0.00000000	-0.00000000	-0.00000000	-0.00000000	-1244418.50	0.00000000	0.00000000	0.00000000	0.00000000
    9.8100	-0.00000000	-0.00000000	-0.00000000	-0.00000000	-0.00000000	-0.00000000	-1244418.50	0.00000000	0.00000000	0.00000000	0.00000000
    9.8200	-0.00000000	-0.00000000	-0.00000000	-0.00000000	-0.00000000	-0.00000000	-1244418.50	0.00000000	0.00000000	0.00000000	0.00000000
    9.8300	-0.00000000	-0.00000000	-0.00000000	-0.00000000	-0.00000000	-0.00000000	-1244418.50	0.00000000	0.00000000	0.00000000	0.00000000
    9.8400	-0.00000000	-0.00000000	-0.00000000	-0.00000000	-0.00000000	-0.00000000	-1244418.50	0.00000000	0.00000000	0.00000000	0.00000000
    9.8500	-0.00000000	-0.00000000	-0.00000000	-0.00000000	-0.00000000	-0.00000000	-1244418.50	0.00000000	0.00000000	0.00000000	0.00000000
    9.8600	-0.00000000	-0.00000000	-0.00000000	-0.00000000	-0.00000000	-0.00000000	-1244418.50	0.00000000	0.00000000	0.00000000	0.00000000
    9.8700	-0.00000000	-0.00000000	-0.00000000	-0.00000000	-0.00000000	-0.00000000	-1244418.50	0.00000000	0.00000000	0.00000000	0.00000000
    9.8800	-0.00000000	-0.00000000	-0.00000000	-0.00000000	-0.00000000	-0.00000000	-1244418.50	0.00000000	0.00000000	0.00000000	0.00000000
    9.8900	-0.00000000	-0.00000000	-0.00000000	-0.00000000	-0.00000000	-0.00000000	-1244418.50	0.00000000	0.00000000	0.00000000	0.00000000
    9.9000	-0.00000000	-0.00000000	-0.00000000	-0.00000000	-0.00000000	-0.00000000	-1244418.50	0.00000000	0.00000000	0.00000000	0.00000000
    9.9100	-0.00000000	-0.00000000	-0.00000000	-0.00000000	-0.00000000	-0.00000000	-1244418.50	0.00000000	0.00000000	0.00000000	0.00000000
    9.9200	-0.00000000	-0.00000000	-0.00000000	-0.00000000	-0.00000000	-0.00000000	-1244418.50	0.00000000	0.00000000	0.00000000	0.00000000
    9.9300	-0.00000000	-0.00000000	-0.00000000	-0.00000000	-0.00000000	-0.00000000	-1244418.50	0.00000000	0.00000000	0.00000000	0.00000000
    9.9400	-0.00000000	-0.00000000	-0.00000000	-0.00000000	-0.00000000	-0.00000000	-1244418.50	0.00000000	0.00000000	0.00000000	0.00000000
    9.9500	-0.00000000	-0.00000000	-0.00000000	-0.00000000	-0.00000000	-0.00000000	-1244418.50	0.00000000	0.00000000	0.00000000	0.00000000
    9.9600	-0.00000000	-0.00000000	-0.00000000	-0.00000000	-0.00000000	-0.00000000	-1244418.50	0.00000000	0.00000000	0.00000000	0.00000000
    9.9700	-0.00000000	-0.00000000	-0.00000000	-0.00000000	-0.00000000	-0.00000000	-1244418.50	0.00000000	0.00000000	0.00000000	0.00000000
    9.9800	-0.00000000	-0.00000000	-0.00000000	-0.00000000	-0.00000000	-0.00000000	-1244418.50	0.00000000	0.00000000	0.00000000	0.00000000
    9.9900	-0.00000000	-0.00000000	-0.00000000	-0.00000000	-0.00000000	-0.00000000	-1244418.50	0.00000000	0.00000000	0.00000000	0.00000000
   10.0000	-0.00000000	-0.00000000	-0.00000000	-0.00000000	-0.00000000	-0.00000000	-1244418.50	0.00000000	0.00000000	0.00000000	0.00000000
   10.0100	-0.00000000	-0.00000000	-0.00000000	-0.00000000	-0.00000000	-0.00000000	-1244418.50	0.00000000	0.00000000	0.00000000	0.00000000
   10.0200	-0.00000000	-0.00000000	-0.00000000	-0.00000000	-0.00000000	-0.00000000	-1244418.50	0.00000000	0.00000000	0.00000000	0.00000000
   10.0300	-0.00000000	-0.00000000	-0.00000000	-0.00000000	-0.00000000	-0.00000000	-1244418.50	0.00000000	0.00000000	0.00000000	0.00000000
   10.0400	-0.00000000	-0.00000000	-0.00000000	-0.00000000	-0.00000000	-0.00000000	-1244418.50	0.00000000	0.00000000	0.00000000	0.00000000
   10.0500	-0.00000000	-0.00000000	-0.00000000	-0.00000000	-0.00000000	-0.00000000	-1244418.50	0.00000000	0.00000000	0.00000000	0.00000000
   10.0600	-0.00000000	-0.00000000	-0.00000000	-0.00000000	-0.00000000	-0.00000000	-1244418.50	0.00000000	0.00000000	0.00000000	0.00000000
   10.0700	-0.00000000	-0.00000000	-0.00000000	-0.00000000	-0.00000000	-0.00000000	-1244418.50	0.00000000	0.00000000	0.00000000	0.00000000
   10.0800	-0.00000000	-0.00000000	-0.00000000	-0.00000000	-0.00000000	-0.00000000	-1244418.50	0.00000000	0.00000000	0.00000000	0.00000000
   10.0900	-0.00000000	-0.00000000	-0.00000000	-0.00000000	-0.00000000	-0.00000000	-1244418.50	0.00000000	0.00000000	0.00000000	0.00000000
   10.1000	-0.00000000	-0.00000000	-0.00000000	-0.00000000	-0.00000000	-0.00000000	-1244418.50	0.00000000	0.00000000	0.00000000	0.00000000
   10.1100	-0.00000000	-0.00000000	-0.00000000	-0.00000000	-0.00000000	-0.00000000	-1244418.50	0.00000000	0.00000000	0.00000000	0.00000000
   10.1200	-0.00000000	-0.00000000	-0.00000000	-0.00000000	-0.00000000	-0.00000000	-1244418.50	0.00000000	0.00000000	0.00000000	0.00000000
   10.1300	-0.00000000	-0.00000000	-0.00000000	-0.00000000	-0.00000000	-0.00000000	-1244418.50	0.00000000	0.00000000	0.00000000	0.00000000
   10.1400	-0.00000000	-0.00000000	-0.00000000	-0.00000000	-0.00000000	-0.00000000	-1244418.50	0.00000000	0.00000000	0.00000000	0.00000000
   10.1500	-0.00000000	-0.00000000	-0.00000000	-0.00000000	-0.00000000	-0.00000000	-1244418.50	0.00000000	0.00000000	0.00000000	0.00000000
   10.1600	-0.00000000	-0.00000000	-0.00000000	-0.00000000	-0.00000000	-0.00000000	-1244418.50	0.00000000	0.00000000	0.00000000	0.00000000
   10.1700	-0.00000000	-0.00000000	-0.00000000	-0.00000000	-0.00000000	-0.00000000	-1244418.50	0.00000000	0.00000000	0.00000000	0.00000000
   10.1800	-0.00000000	-0.00000000	-0.00000000	-0.00000000	-0.00000000	-0.00000000	-1244418.50	0.00000000	0.00000000	0.00000000	0.00000000
   10.1900	-0.00000000	-0.00000000	-0.00000000	-0.00000000	-0.00000000	-0.00000000	-1244418.50	0.00000000	0.00000000	0.00000000	0.00000000
   10.2000	-0.00000000	-0.00000000	-0.00000000	-0.00000000	-0.00000000	-0.00000000	-1244418.50	0.00000000	0.00000000	0.00000000	0.00000000
   10.2100	-0.00000000	-0.00000000	-0.00000000	-0.00000000	-0.00000000	-0.00000000	-1244418.50	0.00000000	0.00000000	0.00000000	0.00000000
   10.2200	-0.00000000	-0.00000000	-0.00000000	-0.00000000	-0.00000000	-0.00000000	-1244418.50	0.00000000	0.00000000	0.00000000	0.00000000
   10.2300	-0.00000000	-0.00000000	-0.00000000	-0.00000000	-0.00000000	-0.00000000	-1244418.50	0.00000000	0.00000000	0.00000000	0.00000000
   10.2400	-0.00000000	-0.00000000	-0.00000000	-0.00000000	-0.00000000	-0.00000000	-1244418.50	0.00000000	0.00000000	0.00000000	0.00000000
   10.2500	-0.00000000	-0.00000000	-0.00000000	-0.00000000	-0.00000000	-0.00000000	-1244418.50	0.00000000	0.00000000	0.00000000	0.00000000
   10.2600	-0.00000000	-0.00000000	-0.00000000	-0.00000000	-0.00000000	-0.00000000	-1244418.50	0.00000000	0.00000000	0.00000000	0.00000000
   10.2700	-0.00000000	-0.00000000	-0.00000000	-0.00000000	-0.00000000	-0.00000000	-1244418.50	0.00000000	0.00000000	0.00000000	0.00000000
   10.2800	-0.00000000	-0.00000000	-0.00000000	-0.00000000	-0.00000000	-0.00000000	-1244418.50	0.00000000	0.00000000	0.00000000	0.00000000
   10.2900	-0.00000000	-0.00000000	-0.00000000	-0.00000000	-0.00000000	-0.00000000	-1244418.50	0.00000000	0.00000000	0.00000000	0.00000000
   10.3000	-0.00000000	-0.00000000	-0.00000000	-0.00000000	-0.00000000	-0.00000000	-1244418.50	0.00000000	0.00000000	0.00000000	0.00000000
   10.3100	-0.00000000	-0.00000000	-0.00000000	-0.00000000	-0.00000000	-0.00000000	-1244418.50	0.00000000	0.00000000	0.00000000	0.00000000
   10.3200	-0.00000000	-0.00000000	-0.00000000	-0.00000000	-0.00000000	-0.00000000	-1244418.50	0.00000000	0.00000000	0.00000000	0.00000000
   10.3300	-0.00000000	-0.00000000	-0.00000000	-0.00000000	-0.00000000	-0.00000000	-1244418.50	0.00000000	0.00000000	0.00000000	0.00000000
   10.3400	-0.00000000	-0.00000000	-0.00000000	-0.00000000	-0.00000000	-0.00000000	-1244418.50	0.00000000	0.00000000	0.00000000	0.00000000
   10.3500	-0.00000000	-0.00000000	-0.00000000	-0.00000000	-0.00000000	-0.00000000	-1244418.50	0.00000000	0.00000000	0.00000000	0.00000000
   10.3600	-0.00000000	-0.00000000	-0.00000000	-0.00000000	-0.00000000	-0.00000000	-1244418.50	0.00000000	0.00000000	0.00000000	0.00000000
   10.3700	-0.00000000	-0.00000000	-0.00000000	-0.00000000	-0.00000000	-0.00000000	-1244418.50	0.00000000	0.00000000	0.00000000	0.00000000
   10.3800	-0.00000000	-0.00000000	-0.00000000	-0.00000000	-0.00000000	-0.00000000	-1244418.50	0.00000000	0.00000000	0.00000000	0.00000000
   10.3900	-0.00000000	-0.00000000	-0.00000000	-0.00000000	-0.00000000	-0.00000000	-1244418.50	0.00000000	0.00000000	0.00000000	0.00000000
   10.4000	-0.00000000	-0.00000000	-0.00000000	-0.00000000	-0.00000000	-0.00000000	-1244418.50	0.00000000	0.00000000	0.00000000	0.00000000
   10.4100	-0.00000000	-0.00000000	-0.00000000	-0.00000000	-0.00000000	-0.00000000	-1244418.50	0.00000000	0.00000000	0.00000000	0.00000000
   10.4200	-0.00000000	-0.00000000	-0.00000000	-0.00000000	-0.00000000	-0.00000000	-1244418.50	0.00000000	0.00000000	0.00000000	0.00000000
   10.4300	-0.00000000	-0.00000000	-0.00000000	-0.00000000	-0.00000000	-0.00000000	-1244418.50	0.00000000	0.00000000	0.00000000	0.00000000
   10.4400	-0.00000000	-0.00000000	-0.00000000	-0.00000000	-0.00000000	-0.00000000	-1244418.50	0.00000000	0.00000000	0.00000000	0.00000000
   10.4500	-0.00000000	-0.00000000	-0.00000000	-0.00000000	-0.00000000	-0.00000000	-1244418.50	0.00000000	0.00000000	0.00000000	0.00000000
   10.4600	-0.00000000	-0.00000000	-0.00000000	-0.00000000	-0.00000000	-0.00000000	-1244418.50	0.00000000	0.00000000	0.00000000	0.00000000
   10.4700	-0.00000000	-0.00000000	-0.00000000	-0.00000000	-0.00000000	-0.00000000	-1244418.50	0.00000000	0.00000000	0.00000000	0.00000000
   10.4800	-0.00000000	-0.00000000	-0.00000000	-0.00000000	-0.00000000	-0.00000000	-1244418.50	0.00000000	0.00000000	0.00000000	0.00000000
   10.4900	-0.00000000	-0.00000000	-0.00000000	-0.00000000	-0.00000000	-0.00000000	-1244418.50	0.00000000	0.00000000	0.00000000	0.00000000
   10.5000	-0.00000000	-0.00000000	-0.00000000	-0.00000000	-0.00000000	-0.00000000	-1244418.50	0.00000000	0.00000000	0.00000000	0.00000000
   10.5100	-0.00000000	-0.00000000	-0.00000000	-0.00000000	-0.00000000	-0.00000000	-1244418.50	0.00000000	0.00000000	0.00000000	0.00000000
   10.5200	-0.00000000	-0.00000000	-0.00000000	-0.00000000	-0.00000000	-0.00000000	-1244418.50	0.00000000	0.00000000	0.00000000	0.00000000
   10.5300	-0.00000000	-0.00000000	-0.00000000	-0.00000000	-0.00000000	-0.00000000	-1244418.50	0.00000000	0.00000000	0.00000000	0.00000000
   10.5400	-0.00000000	-0.00000000	-0.00000000	-0.00000000	-0.00000000	-0.00000000	-1244418.50	0.00000000	0.00000000	0.00000000	0.00000000
   10.5500	-0.00000000	-0.00000000	-0.00000000	-0.00000000	-0.00000000	-0.00000000	-1244418.50	0.00000000	0.00000000	0.00000000	0.00000000
   10.5600	-0.00000000	-0.00000000	-0.00000000	-0.00000000	-0.00000000	-0.00000000	-1244418.50	0.00000000	0.00000000	0.00000000	0.00000000
   10.5700	-0.00000000	-0.00000000	-0.00000000	-0.00000000	-0.00000000	-0.00000000	-1244418.50	0.00000000	0.00000000	0.00000000	0.00000000
   10.5800	-0.00000000	-0.00000000	-0.00000000	-0.00000000	-0.00000000	-0.00000000	-1244418.50	0.00000000	0.00000000	0.00000000	0.00000000
   10.5900	-0.00000000	-0.00000000	-0.00000000	-0.00000000	-0.00000000	-0.00000000	-1244418.50	0.00000000	0.00000000	0.00000000	0.00000000
   10.6000	-0.00000000	-0.00000000	-0.00000000	-0.00000000	-0.00000000	-0.00000000	-1244418.50	0.00000000	0.00000000	0.00000000	0.00000000
   10.6100	-0.00000000	-0.00000000	-0.00000000	-0.00000000	-0.00000000	-0.00000000	-1244418.50	0.00000000	0.00000000	0.00000000	0.00000000
   10.6200	-0.00000000	-0.00000000	-0.00000000	-0.00000000	-0.00000000	-0.00000000	-1244418.50	0.00000000	0.00000000	0.00000000	0.00000000
   10.6300	-0.00000000	-0.00000000	-0.00000000	-0.00000000	-0.00000000	-0.00000000	-1244418.50	0.00000000	0.00000000	0.00000000	0.00000000
   10.6400	-0.00000000	-0.00000000	-0.00000000	-0.00000000	-0.00000000	-0.00000000	-1244418.50	0.00000000	0.00000000	0.00000000	0.00000000
   10.6500	-0.00000000	-0.00000000	-0.00000000	-0.00000000	-0.00000000	-0.00000000	-1244418.50	0.00000000	0.00000000	0.00000000	0.00000000
   10.6600	-0.00000000	-0.00000000	-0.00000000	-0.00000000	-0.00000000	-0.00000000	-1244418.50	0.00000000	0.00000000	0.00000000	0.00000000
   10.6700	-0.00000000	-0.00000000	-0.00000000	-0.00000000	-0.00000000	-0.00000000	-1244418.50	0.00000000	0.00000000	0.00000000	0.00000000
   10.6800	-0.00000000	-0.00000000	-0.00000000	-0.00000000	-0.00000000	-0.00000000	-1244418.50	0.00000000	0.00000000	0.00000000	0.00000000
   10.6900	-0.00000000	-0.00000000	-0.00000000	-0.00000000	-0.00000000	-0.00000000	-1244418.50	0.00000000	0.00000000	0.00000000	0.00000000
   10.7000	-0.00000000	-0.00000000	-0.00000000	-0.00000000	-0.00000000	-0.00000000	-1244418.50	0.00000000	0.00000000	0.00000000	0.00000000
   10.7100	-0.00000000	-0.00000000	-0.00000000	-0.00000000	-0.00000000	-0.00000000	-1244418.50	0.00000000	0.00000000	0.00000000	0.00000000
   10.7200	-0.00000000	-0.00000000	-0.00000000	-0.00000000	-0.00000000	-0.00000000	-1244418.50	0.00000000	0.00000000	0.00000000	0.00000000
   10.7300	-0.00000000	-0.00000000	-0.00000000	-0.00000000	-0.00000000	-0.00000000	-1244418.50	0.00000000	0.00000000	0.00000000	0.00000000
   10.7400	-0.00000000	-0.00000000	-0.00000000	-0.00000000	-0.00000000	-0.00000000	-1244418.50	0.00000000	0.00000000	0.00000000	0.00000000
   10.7500	-0.00000000	-0.00000000	-0.00000000	-0.00000000	-0.00000000	-0.00000000	-1244418.50	0.00000000	0.00000000	0.00000000	0.00000000
   10.7600	-0.00000000	-0.00000000	-0.00000000	-0.00000000	-0.00000000	-0.00000000	-1244418.50	0.00000000	0.00000000	0.00000000	0.00000000
   10.7700	-0.00000000	-0.00000000	-0.00000000	-0.00000000	-0.00000000	-0.00000000	-1244418.50	0.00000000	0.00000000	0.00000000	0.00000000
   10.7800	-0.00000000	-0.00000000	-0.00000000	-0.00000000	-0.00000000	-0.00000000	-1244418.50	0.00000000	0.00000000	0.00000000	0.00000000
   10.7900	-0.00000000	-0.00000000	-0.00000000	-0.00000000	-0.00000000	-0.00000000	-1244418.50	0.00000000	0.00000000	0.00000000	0.00000000
   10.8000	-0.00000000	-0.00000000	-0.00000000	-0.00000000	-0.00000000	-0.00000000	-1244418.50	0.00000000	0.00000000	0.00000000	0.00000000
   10.8100	-0.00000000	-0.00000000	-0.00000000	-0.00000000	-0.00000000	-0.00000000	-1244418.50	0.00000000	0.00000000	0.00000000	0.00000000
   10.8200	-0.00000000	-0.00000000	-0.00000000	-0.00000000	-0.00000000	-0.00000000	-1244418.50	0.00000000	0.00000000	0.00000000	0.00000000
   10.8300	-0.00000000	-0.00000000	-0.00000000	-0.00000000	-0.00000000	-0.00000000	-1244418.50	0.00000000	0.00000000	0.00000000	0.00000000
   10.8400	-0.00000000	-0.00000000	-0.00000000	-0.00000000	-0.00000000	-0.00000000	-1244418.50	0.00000000	0.00000000	0.00000000	0.00000000
   10.8500	-0.00000000	-0.00000000	-0.00000000	-0.00000000	-0.00000000	-0.00000000	-1244418.50	0.00000000	0.00000000	0.00000000	0.00000000
   10.8600	-0.00000000	-0.00000000	-0.00000000	-0.00000000	-0.00000000	-0.00000000	-1244418.50	0.00000000	0.00000000	0.00000000	0.00000000
   10.8700	-0.00000000	-0.00000000	-0.00000000	-0.00000000	-0.00000000	-0.00000000	-1244418.50	0.00000000	0.00000000	0.00000000	0.00000000
   10.8800	-0.00000000	-0.00000000	-0.00000000	-0.00000000	-0.00000000	-0.00000000	-1244418.50	0.00000000	0.00000000	0.00000000	0.00000000
   10.8900	-0.00000000	-0.00000000	-0.00000000	-0.00000000	-0.00000000	-0.00000000	-1244418.50	0.00000000	0.00000000	0.00000000	0.00000000
   10.9000	-0.00000000	-0.00000000	-0.00000000	-0.00000000	-0.00000000	-0.00000000	-1244418.50	0.00000000	0.00000000	0.00000000	0.00000000
   10.9100	-0.00000000	-0.00000000	-0.00000000	-0.00000000	-0.00000000	-0.00000000	-1244418.50	0.00000000	0.00000000	0.00000000	0.00000000
   10.9200	-0.00000000	-0.00000000	-0.00000000	-0.00000000	-0.00000000	-0.00000000	-1244418.50	0.00000000	0.00000000	0.00000000	0.00000000
   10.9300	-0.00000000	-0.00000000	-0.00000000	-0.00000000	-0.00000000	-0.00000000	-1244418.50	0.00000000	0.00000000	0.00000000	0.00000000
   10.9400	-0.00000000	-0.00000000	-0.00000000	-0.00000000	-0.00000000	-0.00000000	-1244418.50	0.00000000	0.00000000	0.00000000	0.00000000
   10.9500	-0.00000000	-0.00000000	-0.00000000	-0.00000000	-0.00000000	-0.00000000	-1244418.50	0.00000000	0.00000000	0.00000000	0.00000000
   10.9600	-0.00000000	-0.00000000	-0.00000000	-0.00000000	-0.00000000	-0.00000000	-1244418.50	0.00000000	0.00000000	0.00000000	0.00000000
   10.9700	-0.00000000	-0.00000000	-0.00000000	-0.00000000	-0.00000000	-0.00000000	-1244418.50	0.00000000	0.00000000	0.00000000	0.00000000
   10.9800	-0.00000000	-0.00000000	-0.00000000	-0.00000000	-0.00000000	-0.00000000	-1244418.50	0.00000000	0.00000000	0.00000000	0.00000000
   10.9900	-0.00000000	-0.00000000	-0.00000000	-0.00000000	-0.00000000	-0.00000000	-1244418.50	0.00000000	0.00000000	0.00000000	0.00000000
   11.0000	-0.00000000	-0.00000000	-0.00000000	-0.00000000	-0.00000000	-0.00000000	-1244418.50	0.00000000	0.00000000	0.00000000	0.00000000
   11.0100	-0.00000000	-0.00000000	-0.00000000	-0.00000000	-0.00000000	-0.00000000	-1244418.50	0.00000000	0.00000000	0.00000000	0.00000000
   11.0200	-0.00000000	-0.00000000	-0.00000000	-0.00000000	-0.00000000	-0.00000000	-1244418.50	0.00000000	0.00000000	0.00000000	0.00000000
   11.0300	-0.00000000	-0.00000000	-0.00000000	-0.00000000	-0.00000000	-0.00000000	-1244418.50	0.00000000	0.00000000	0.00000000	0.00000000
   11.0400	-0.00000000	-0.00000000	-0.00000000	-0.00000000	-0.00000000	-0.00000000	-1244418.50	0.00000000	0.00000000	0.00000000	0.00000000
   11.0500	-0.00000000	-0.00000000	-0.00000000	-0.00000000	-0.00000000	-0.00000000	-1244418.50	0.00000000	0.00000000	0.00000000	0.00000000
   11.0600	-0.00000000	-0.00000000	-0.00000000	-0.00000000	-0.00000000	-0.00000000	-1244418.50	0.00000000	0.00000000	0.00000000	0.00000000
   11.0700	-0.00000000	-0.00000000	-0.00000000	-0.00000000	-0.00000000	-0.00000000	-1244418.50	0.00000000	0.00000000	0.00000000	0.00000000
   11.0800	-0.00000000	-0.00000000	-0.00000000	-0.00000000	-0.00000000	-0.00000000	-1244418.50	0.00000000	0.00000000	0.00000000	0.00000000
   11.0900	-0.00000000	-0.00000000	-0.00000000	-0.00000000	-0.00000000	-0.00000000	-1244418.50	0.00000000	0.00000000	0.00000000	0.00000000
   11.1000	-0.00000000	-0.00000000	-0.00000000	-0.00000000	-0.00000000	-0.00000000	-1244418.50	0.00000000	0.00000000	0.00000000	0.00000000
   11.1100	-0.00000000	-0.00000000	-0.00000000	-0.00000000	-0.00000000	-0.00000000	-1244418.50	0.00000000	0.00000000	0.00000000	0.00000000
   11.1200	-0.00000000	-0.00000000	-0.00000000	-0.00000000	-0.00000000	-0.00000000	-1244418.50	0.00000000	0.00000000	0.00000000	0.00000000
   11.1300	-0.00000000	-0.00000000	-0.00000000	-0.00000000	-0.00000000	-0.00000000	-1244418.50	0.00000000	0.00000000	0.00000000	0.00000000
   11.1400	-0.00000000	-0.00000000	-0.00000000	-0.00000000	-0.00000000	-0.00000000	-1244418.50	0.00000000	0.00000000	0.00000000	0.00000000
   11.1500	-0.00000000	-0.00000000	-0.00000000	-0.00000000	-0.00000000	-0.00000000	-1244418.50	0.00000000	0.00000000	0.00000000	0.00000000
   11.1600	-0.00000000	-0.00000000	-0.00000000	-0.00000000	-0.00000000	-0.00000000	-1244418.50	0.00000000	0.00000000	0.00000000	0.00000000
   11.1700	-0.00000000	-0.00000000	-0.00000000	-0.00000000	-0.00000000	-0.00000000	-1244418.50	0.00000000	0.00000000	0.00000000	0.00000000
   11.1800	-0.00000000	-0.00000000	-0.00000000	-0.00000000	-0.00000000	-0.00000000	-1244418.50	0.00000000	0.00000000	0.00000000	0.00000000
   11.1900	-0.00000000	-0.00000000	-0.00000000	-0.00000000	-0.00000000	-0.00000000	-1244418.50	0.00000000	0.00000000	0.00000000	0.00000000
   11.2000	-0.00000000	-0.00000000	-0.00000000	-0.00000000	-0.00000000	-0.00000000	-1244418.50	0.00000000	0.00000000	0.00000000	0.00000000
   11.2100	-0.00000000	-0.00000000	-0.00000000	-0.00000000	-0.00000000	-0.00000000	-1244418.50	0.00000000	0.00000000	0.00000000	0.00000000
   11.2200	-0.00000000	-0.00000000	-0.00000000	-0.00000000	-0.00000000	-0.00000000	-1244418.50	0.00000000	0.00000000	0.00000000	0.00000000
   11.2300	-0.00000000	-0.00000000	-0.00000000	-0.00000000	-0.00000000	-0.00000000	-1244418.50	0.00000000	0.00000000	0.00000000	0.00000000
   11.2400	-0.00000000	-0.00000000	-0.00000000	-0.00000000	-0.00000000	-0.00000000	-1244418.50	0.00000000	0.00000000	0.00000000	0.00000000
   11.2500	-0.00000000	-0.00000000	-0.00000000	-0.00000000	-0.00000000	-0.00000000	-1244418.50	0.00000000	0.00000000	0.00000000	0.00000000
   11.2600	-0.00000000	-0.00000000	-0.00000000	-0.00000000	-0.00000000	-0.00000000	-1244418.50	0.00000000	0.00000000	0.00000000	0.00000000
   11.2700	-0.00000000	-0.00000000	-0.00000000	-0.00000000	-0.00000000	-0.00000000	-1244418.50	0.00000000	0.00000000	0.00000000	0.00000000
   11.2800	-0.00000000	-0.00000000	-0.00000000	-0.00000000	-0.00000000	-0.00000000	-1244418.50	0.00000000	0.00000000	0.00000000	0.00000000
   11.2900	-0.00000000	-0.00000000	-0.00000000	-0.00000000	-0.00000000	-0.00000000	-1244418.50	0.00000000	0.00000000	0.00000000	0.00000000
   11.3000	-0.00000000	-0.00000000	-0.00000000	-0.00000000	-0.00000000	-0.00000000	-1244418.50	0.00000000	0.00000000	0.00000000	0.00000000
   11.3100	-0.00000000	-0.00000000	-0.00000000	-0.00000000	-0.00000000	-0.00000000	-1244418.50	0.00000000	0.00000000	0.00000000	0.00000000
   11.3200	-0.00000000	-0.00000000	-0.00000000	-0.00000000	-0.00000000	-0.00000000	-1244418.50	0.00000000	0.00000000	0.00000000	0.00000000
   11.3300	-0.00000000	-0.00000000	-0.00000000	-0.00000000	-0.00000000	-0.00000000	-1244418.50	0.00000000	0.00000000	0.00000000	0.00000000
   11.3400	-0.00000000	-0.00000000	-0.00000000	-0.00000000	-0.00000000	-0.00000000	-1244418.50	0.00000000	0.00000000	0.00000000	0.00000000
   11.3500	-0.00000000	-0.00000000	-0.00000000	-0.00000000	-0.00000000	-0.00000000	-1244418.50	0.00000000	0.00000000	0.00000000	0.00000000
   11.3600	-0.00000000	-0.00000000	-0.00000000	-0.00000000	-0.00000000	-0.00000000	-1244418.50	0.00000000	0.00000000	0.00000000	0.00000000
   11.3700	-0.00000000	-0.00000000	-0.00000000	-0.00000000	-0.00000000	-0.00000000	-1244418.50	0.00000000	0.00000000	0.00000000	0.00000000
   11.3800	-0.00000000	-0.00000000	-0.00000000	-0.00000000	-0.00000000	-0.00000000	-1244418.50	0.00000000	0.00000000	0.00000000	0.00000000
   11.3900	-0.00000000	-0.00000000	-0.00000000	-0.00000000	-0.00000000	-0.00000000	-1244418.50	0.00000000	0.00000000	0.00000000	0.00000000
   11.4000	-0.00000000	-0.00000000	-0.00000000	-0.00000000	-0.00000000	-0.00000000	-1244418.50	0.00000000	0.00000000	0.00000000	0.00000000
   11.4100	-0.00000000	-0.00000000	-0.00000000	-0.00000000	-0.00000000	-0.00000000	-1244418.50	0.00000000	0.00000000	0.00000000	0.00000000
   11.4200	-0.00000000	-0.00000000	-0.00000000	-0.00000000	-0.00000000	-0.00000000	-1244418.50	0.00000000	0.00000000	0.00000000	0.00000000
   11.4300	-0.00000000	-0.00000000	-0.00000000	-0.00000000	-0.00000000	-0.00000000	-1244418.50	0.00000000	0.00000000	0.00000000	0.00000000
   11.4400	-0.00000000	-0.00000000	-0.00000000	-0.00000000	-0.00000000	-0.00000000	-1244418.50	0.00000000	0.00000000	0.00000000	0.00000000
   11.4500	-0.00000000	-0.00000000	-0.00000000	-0.00000000	-0.00000000	-0.00000000	-1244418.50	0.00000000	0.00000000	0.00000000	0.00000000
   11.4600	-0.00000000	-0.00000000	-0.00000000	-0.00000000	-0.00000000	-0.00000000	-1244418.50	0.00000000	0.00000000	0.00000000	0.00000000
   11.4700	-0.00000000	-0.00000000	-0.00000000	-0.00000000	-0.00000000	-0.00000000	-1244418.50	0.00000000	0.00000000	0.00000000	0.00000000
   11.4800	-0.00000000	-0.00000000	-0.00000000	-0.00000000	-0.00000000	-0.00000000	-1244418.50	0.00000000	0.00000000	0.00000000	0.00000000
   11.4900	-0.00000000	-0.00000000	-0.00000000	-0.00000000	-0.00000000	-0.00000000	-1244418.50	0.00000000	0.00000000	0.00000000	0.00000000
   11.5000	-0.00000000	-0.00000000	-0.00000000	-0.00000000	-0.00000000	-0.00000000	-1244418.50	0.00000000	0.00000000	0.00000000	0.00000000
   11.5100	-0.00000000	-0.00000000	-0.00000000	-0.00000000	-0.00000000	-0.00000000	-1244418.50	0.00000000	0.00000000	0.00000000	0.00000000
   11.5200	-0.00000000	-0.00000000	-0.00000000	-0.00000000	-0.00000000	-0.00000000	-1244418.50	0.00000000	0.00000000	0.00000000	0.00000000
   11.5300	-0.00000000	-0.00000000	-0.00000000	-0.00000000	-0.00000000	-0.00000000	-1244418.50	0.00000000	0.00000000	0.00000000	0.00000000
   11.5400	-0.00000000	-0.00000000	-0.00000000	-0.00000000	-0.00000000	-0.00000000	-1244418.50	0.00000000	0.00000000	0.00000000	0.00000000
   11.5500	-0.00000000	-0.00000000	-0.00000000	-0.00000000	-0.00000000	-0.00000000	-1244418.50	0.00000000	0.00000000	0.00000000	0.00000000
   11.5600	-0.00000000	-0.00000000	-0.00000000	-0.00000000	-0.00000000	-0.00000000	-1244418.50	0.00000000	0.00000000	0.00000000	0.00000000
   11.5700	-0.00000000	-0.00000000	-0.00000000	-0.00000000	-0.00000000	-0.00000000	-1244418.50	0.00000000	0.00000000	0.00000000	0.00000000
   11.5800	-0.00000000	-0.00000000	-0.00000000	-0.00000000	-0.00000000	-0.00000000	-1244418.50	0.00000000	0.00000000	0.00000000	0.00000000
   11.5900	-0.00000000	-0.00000000	-0.00000000	-0.00000000	-0.00000000	-0.00000000	-1244418.50	0.00000000	0.00000000	0.00000000	0.00000000
   11.6000	-0.00000000	-0.00000000	-0.00000000	-0.00000000	-0.00000000	-0.00000000	-1244418.50	0.00000000	0.00000000	0.00000000	0.00000000
   11.6100	-0.00000000	-0.00000000	-0.00000000	-0.00000000	-0.00000000	-0.00000000	-1244418.50	0.00000000	0.00000000	0.00000000	0.00000000
   11.6200	-0.00000000	-0.00000000	-0.00000000	-0.00000000	-0.00000000	-0.00000000	-1244418.50	0.00000000	0.00000000	0.00000000	0.00000000
   11.6300	-0.00000000	-0.00000000	-0.00000000	-0.00000000	-0.00000000	-0.00000000	-1244418.50	0.00000000	0.00000000	0.00000000	0.00000000
   11.6400	-0.00000000	-0.00000000	-0.00000000	-0.00000000	-0.00000000	-0.00000000	-1244418.50	0.00000000	0.00000000	0.00000000	0.00000000
   11.6500	-0.00000000	-0.00000000	-0.00000000	-0.00000000	-0.00000000	-0.00000000	-1244418.50	0.00000000	0.00000000	0.00000000	0.00000000
   11.6600	-0.00000000	-0.00000000	-0.00000000	-0.00000000	-0.00000000	-0.00000000	-1244418.50	0.00000000	0.00000000	0.00000000	0.00000000
   11.6700	-0.00000000	-0.00000000	-0.00000000	-0.00000000	-0.00000000	-0.00000000	-1244418.50	0.00000000	0.00000000	0.00000000	0.00000000
   11.6800	-0.00000000	-0.00000000	-0.00000000	-0.00000000	-0.00000000	-0.00000000	-1244418.50	0.00000000	0.00000000	0.00000000	0.00000000
   11.6900	-0.00000000	-0.00000000	-0.00000000	-0.00000000	-0.00000000	-0.00000000	-1244418.50	0.00000000	0.00000000	0.00000000	0.00000000
   11.7000	-0.00000000	-0.00000000	-0.00000000	-0.00000000	-0.00000000	-0.00000000	-1244418.50	0.00000000	0.00000000	0.00000000	0.00000000
   11.7100	-0.00000000	-0.00000000	-0.00000000	-0.00000000	-0.00000000	-0.00000000	-1244418.50	0.00000000	0.00000000	0.00000000	0.00000000
   11.7200	-0.00000000	-0.00000000	-0.00000000	-0.00000000	-0.00000000	-0.00000000	-1244418.50	0.00000000	0.00000000	0.00000000	0.00000000
   11.7300	-0.00000000	-0.00000000	-0.00000000	-0.00000000	-0.00000000	-0.00000000	-1244418.50	0.00000000	0.00000000	0.00000000	0.00000000
   11.7400	-0.00000000	-0.00000000	-0.00000000	-0.00000000	-0.00000000	-0.00000000	-1244418.50	0.00000000	0.00000000	0.00000000	0.00000000
   11.7500	-0.00000000	-0.00000000	-0.00000000	-0.00000000	-0.00000000	-0.00000000	-1244418.50	0.00000000	0.00000000	0.00000000	0.00000000
   11.7600	-0.00000000	-0.00000000	-0.00000000	-0.00000000	-0.00000000	-0.00000000	-1244418.50	0.00000000	0.00000000	0.00000000	0.00000000
   11.7700	-0.00000000	-0.00000000	-0.00000000	-0.00000000	-0.00000000	-0.00000000	-1244418.50	0.00000000	0.00000000	0.00000000	0.00000000
   11.7800	-0.00000000	-0.00000000	-0.00000000	-0.00000000	-0.00000000	-0.00000000	-1244418.50	0.00000000	0.00000000	0.00000000	0.00000000
   11.7900	-0.00000000	-0.00000000	-0.00000000	-0.00000000	-0.00000000	-0.00000000	-1244418.50	0.00000000	0.00000000	0.00000000	0.00000000
   11.8000	-0.00000000	-0.00000000	-0.00000000	-0.00000000	-0.00000000	-0.00000000	-1244418.50	0.00000000	0.00000000	0.00000000	0.00000000
   11.8100	-0.00000000	-0.00000000	-0.00000000	-0.00000000	-0.00000000	-0.00000000	-1244418.50	0.00000000	0.00000000	0.00000000	0.00000000
   11.8200	-0.00000000	-0.00000000	-0.00000000	-0.00000000	-0.00000000	-0.00000000	-1244418.50	0.00000000	0.00000000	0.00000000	0.00000000
   11.8300	-0.00000000	-0.00000000	-0.00000000	-0.00000000	-0.00000000	-0.00000000	-1244418.50	0.00000000	0.00000000	0.00000000	0.00000000
   11.8400	-0.00000000	-0.00000000	-0.00000000	-0.00000000	-0.00000000	-0.00000000	-1244418.50	0.00000000	0.00000000	0.00000000	0.00000000
   11.8500	-0.00000000	-0.00000000	-0.00000000	-0.00000000	-0.00000000	-0.00000000	-1244418.50	0.00000000	0.00000000	0.00000000	0.00000000
   11.8600	-0.00000000	-0.00000000	-0.00000000	-0.00000000	-0.00000000	-0.00000000	-1244418.50	0.00000000	0.00000000	0.00000000	0.00000000
   11.8700	-0.00000000	-0.00000000	-0.00000000	-0.00000000	-0.00000000	-0.00000000	-1244418.50	0.00000000	0.00000000	0.00000000	0.00000000
   11.8800	-0.00000000	-0.00000000	-0.00000000	-0.00000000	-0.00000000	-0.00000000	-1244418.50	0.00000000	0.00000000	0.00000000	0.00000000
   11.8900	-0.00000000	-0.00000000	-0.00000000	-0.00000000	-0.00000000	-0.00000000	-1244418.50	0.00000000	0.00000000	0.00000000	0.00000000
   11.9000	-0.00000000	-0.00000000	-0.00000000	-0.00000000	-0.00000000	-0.00000000	-1244418.50	0.00000000	0.00000000	0.00000000	0.00000000
   11.9100	-0.00000000	-0.00000000	-0.00000000	-0.00000000	-0.00000000	-0.00000000	-1244418.50	0.00000000	0.00000000	0.00000000	0.00000000
   11.9200	-0.00000000	-0.00000000	-0.00000000	-0.00000000	-0.00000000	-0.00000000	-1244418.50	0.00000000	0.00000000	0.00000000	0.00000000
   11.9300	-0.00000000	-0.00000000	-0.00000000	-0.00000000	-0.00000000	-0.00000000	-1244418.50	0.00000000	0.00000000	0.00000000	0.00000000
   11.9400	-0.00000000	-0.00000000	-0.00000000	-0.00000000	-0.00000000	-0.00000000	-1244418.50	0.00000000	0.00000000	0.00000000	0.00000000
   11.9500	-0.00000000	-0.00000000	-0.00000000	-0.00000000	-0.00000000	-0.00000000	-1244418.50	0.00000000	0.00000000	0.00000000	0.00000000
   11.9600	-0.00000000	-0.00000000	-0.00000000	-0.00000000	-0.00000000	-0.00000000	-1244418.50	0.00000000	0.00000000	0.00000000	0.00000000
   11.9700	-0.00000000	-0.00000000	-0.00000000	-0.00000000	-0.00000000	-0.00000000	-1244418.50	0.00000000	0.00000000	0.00000000	0.00000000
   11.9800	-0.00000000	-0.00000000	-0.00000000	-0.00000000	-0.00000000	-0.00000000	-1244418.50	0.00000000	0.00000000	0.00000000	0.00000000
   11.9900	-0.00000000	-0.00000000	-0.00000000	-0.00000000	-0.00000000	-0.00000000	-1244418.50	0.00000000	0.00000000	0.00000000	0.00000000
   12.0000	-0.00000000	-0.00000000	-0.00000000	-0.00000000	-0.00000000	-0.00000000	-1244418.50	0.00000000	0.00000000	0.00000000	0.00000000
   12.0100	-0.00000000	-0.00000000	-0.00000000	-0.00000000	-0.00000000	-0.00000000	-1244418.50	0.00000000	0.00000000	0.00000000	0.00000000
   12.0200	-0.00000000	-0.00000000	-0.00000000	-0.00000000	-0.00000000	-0.00000000	-1244418.50	0.00000000	0.00000000	0.00000000	0.00000000
   12.0300	-0.00000000	-0.00000000	-0.00000000	-0.00000000	-0.00000000	-0.00000000	-1244418.50	0.00000000	0.00000000	0.00000000	0.00000000
   12.0400	-0.00000000	-0.00000000	-0.00000000	-0.00000000	-0.00000000	-0.00000000	-1244418.50	0.00000000	0.00000000	0.00000000	0.00000000
   12.0500	-0.00000000	-0.00000000	-0.00000000	-0.00000000	-0.00000000	-0.00000000	-1244418.50	0.00000000	0.00000000	0.00000000	0.00000000
   12.0600	-0.00000000	-0.00000000	-0.00000000	-0.00000000	-0.00000000	-0.00000000	-1244418.50	0.00000000	0.00000000	0.00000000	0.00000000
   12.0700	-0.00000000	-0.00000000	-0.00000000	-0.00000000	-0.00000000	-0.00000000	-1244418.50	0.00000000	0.00000000	0.00000000	0.00000000
   12.0800	-0.00000000	-0.00000000	-0.00000000	-0.00000000	-0.00000000	-0.00000000	-1244418.50	0.00000000	0.00000000	0.00000000	0.00000000
   12.0900	-0.00000000	-0.00000000	-0.00000000	-0.00000000	-0.00000000	-0.00000000	-1244418.50	0.00000000	0.00000000	0.00000000	0.00000000
   12.1000	-0.00000000	-0.00000000	-0.00000000	-0.00000000	-0.00000000	-0.00000000	-1244418.50	0.00000000	0.00000000	0.00000000	0.00000000
   12.1100	-0.00000000	-0.00000000	-0.00000000	-0.00000000	-0.00000000	-0.00000000	-1244418.50	0.00000000	0.00000000	0.00000000	0.00000000
   12.1200	-0.00000000	-0.00000000	-0.00000000	-0.00000000	-0.00000000	-0.00000000	-1244418.50	0.00000000	0.00000000	0.00000000	0.00000000
   12.1300	-0.00000000	-0.00000000	-0.00000000	-0.00000000	-0.00000000	-0.00000000	-1244418.50	0.00000000	0.00000000	0.00000000	0.00000000
   12.1400	-0.00000000	-0.00000000	-0.00000000	-0.00000000	-0.00000000	-0.00000000	-1244418.50	0.00000000	0.00000000	0.00000000	0.00000000
   12.1500	-0.00000000	-0.00000000	-0.00000000	-0.00000000	-0.00000000	-0.00000000	-1244418.50	0.00000000	0.00000000	0.00000000	0.00000000
   12.1600	-0.00000000	-0.00000000	-0.00000000	-0.00000000	-0.00000000	-0.00000000	-1244418.50	0.00000000	0.00000000	0.00000000	0.00000000
   12.1700	-0.00000000	-0.00000000	-0.00000000	-0.00000000	-0.00000000	-0.00000000	-1244418.50	0.00000000	0.00000000	0.00000000	0.00000000
   12.1800	-0.00000000	-0.00000000	-0.00000000	-0.00000000	-0.00000000	-0.00000000	-1244418.50	0.00000000	0.00000000	0.00000000	0.00000000
   12.1900	-0.00000000	-0.00000000	-0.00000000	-0.00000000	-0.00000000	-0.00000000	-1244418.50	0.00000000	0.00000000	0.00000000	0.00000000
   12.2000	-0.00000000	-0.00000000	-0.00000000	-0.00000000	-0.00000000	-0.00000000	-1244418.50	0.00000000	0.00000000	0.00000000	0.00000000
   12.2100	-0.00000000	-0.00000000	-0.00000000	-0.00000000	-0.00000000	-0.00000000	-1244418.50	0.00000000	0.00000000	0.00000000	0.00000000
   12.2200	-0.00000000	-0.00000000	-0.00000000	-0.00000000	-0.00000000	-0.00000000	-1244418.50	0.00000000	0.00000000	0.00000000	0.00000000
   12.2300	-0.00000000	-0.00000000	-0.00000000	-0.00000000	-0.00000000	-0.00000000	-1244418.50	0.00000000	0.00000000	0.00000000	0.00000000
   12.2400	-0.00000000	-0.00000000	-0.00000000	-0.00000000	-0.00000000	-0.00000000	-1244418.50	0.00000000	0.00000000	0.00000000	0.00000000
   12.2500	-0.00000000	-0.00000000	-0.00000000	-0.00000000	-0.00000000	-0.00000000	-1244418.50	0.00000000	0.00000000	0.00000000	0.00000000
   12.2600	-0.00000000	-0.00000000	-0.00000000	-0.00000000	-0.00000000	-0.00000000	-1244418.50	0.00000000	0.00000000	0.00000000	0.00000000
   12.2700	-0.00000000	-0.00000000	-0.00000000	-0.00000000	-0.00000000	-0.00000000	-1244418.50	0.00000000	0.00000000	0.00000000	0.00000000
   12.2800	-0.00000000	-0.00000000	-0.00000000	-0.00000000	-0.00000000	-0.00000000	-1244418.50	0.00000000	0.00000000	0.00000000	0.00000000
   12.2900	-0.00000000	-0.00000000	-0.00000000	-0.00000000	-0.00000000	-0.00000000	-1244418.50	0.00000000	0.00000000	0.00000000	0.00000000
   12.3000	-0.00000000	-0.00000000	-0.00000000	-0.00000000	-0.00000000	-0.00000000	-1244418.50	0.00000000	0.00000000	0.00000000	0.00000000
   12.3100	-0.00000000	-0.00000000	-0.00000000	-0.00000000	-0.00000000	-0.00000000	-1244418.50	0.00000000	0.00000000	0.00000000	0.00000000
   12.3200	-0.00000000	-0.00000000	-0.00000000	-0.00000000	-0.00000000	-0.00000000	-1244418.50	0.00000000	0.00000000	0.00000000	0.00000000
   12.3300	-0.00000000	-0.00000000	-0.00000000	-0.00000000	-0.00000000	-0.00000000	-1244418.50	0.00000000	0.00000000	0.00000000	0.00000000
   12.3400	-0.00000000	-0.00000000	-0.00000000	-0.00000000	-0.00000000	-0.00000000	-1244418.50	0.00000000	0.00000000	0.00000000	0.00000000
   12.3500	-0.00000000	-0.00000000	-0.00000000	-0.00000000	-0.00000000	-0.00000000	-1244418.50	0.00000000	0.00000000	0.00000000	0.00000000
   12.3600	-0.00000000	-0.00000000	-0.00000000	-0.00000000	-0.00000000	-0.00000000	-1244418.50	0.00000000	0.00000000	0.00000000	0.00000000
   12.3700	-0.00000000	-0.00000000	-0.00000000	-0.00000000	-0.00000000	-0.00000000	-1244418.50	0.00000000	0.00000000	0.00000000	0.00000000
   12.3800	-0.00000000	-0.00000000	-0.00000000	-0.00000000	-0.00000000	-0.00000000	-1244418.50	0.00000000	0.00000000	0.00000000	0.00000000
   12.3900	-0.00000000	-0.00000000	-0.00000000	-0.00000000	-0.00000000	-0.00000000	-1244418.50	0.00000000	0.00000000	0.00000000	0.00000000
   12.4000	-0.00000000	-0.00000000	-0.00000000	-0.00000000	-0.00000000	-0.00000000	-1244418.50	0.00000000	0.00000000	0.00000000	0.00000000
   12.4100	-0.00000000	-0.00000000	-0.00000000	-0.00000000	-0.00000000	-0.00000000	-1244418.50	0.00000000	0.00000000	0.00000000	0.00000000
   12.4200	-0.00000000	-0.00000000	-0.00000000	-0.00000000	-0.00000000	-0.00000000	-1244418.50	0.00000000	0.00000000	0.00000000	0.00000000
   12.4300	-0.00000000	-0.00000000	-0.00000000	-0.00000000	-0.00000000	-0.00000000	-1244418.50	0.00000000	0.00000000	0.00000000	0.00000000
   12.4400	-0.00000000	-0.00000000	-0.00000000	-0.00000000	-0.00000000	-0.00000000	-1244418.50	0.00000000	0.00000000	0.00000000	0.00000000
   12.4500	-0.00000000	-0.00000000	-0.00000000	-0.00000000	-0.00000000	-0.00000000	-1244418.50	0.00000000	0.00000000	0.00000000	0.00000000
   12.4600	-0.00000000	-0.00000000	-0.00000000	-0.00000000	-0.00000000	-0.00000000	-1244418.50	0.00000000	0.00000000	0.00000000	0.00000000
   12.4700	-0.00000000	-0.00000000	-0.00000000	-0.00000000	-0.00000000	-0.00000000	-1244418.50	0.00000000	0.00000000	0.00000000	0.00000000
   12.4800	-0.00000000	-0.00000000	-0.00000000	-0.00000000	-0.00000000	-0.00000000	-1244418.50	0.00000000	0.00000000	0.00000000	0.00000000
   12.4900	-0.00000000	-0.00000000	-0.00000000	-0.00000000	-0.00000000	-0.00000000	-1244418.50	0.00000000	0.00000000	0.00000000	0.00000000
   12.5000	-0.00000000	-0.00000000	-0.00000000	-0.00000000	-0.00000000	-0.00000000	-1244418.50	0.00000000	0.00000000	0.00000000	0.00000000
   12.5100	-0.00000000	-0.00000000	-0.00000000	-0.00000000	-0.00000000	-0.00000000	-1244418.50	0.00000000	0.00000000	0.00000000	0.00000000
   12.5200	-0.00000000	-0.00000000	-0.00000000	-0.00000000	-0.00000000	-0.00000000	-1244418.50	0.00000000	0.00000000	0.00000000	0.00000000
   12.5300	-0.00000000	-0.00000000	-0.00000000	-0.00000000	-0.00000000	-0.00000000	-1244418.50	0.00000000	0.00000000	0.00000000	0.00000000
   12.5400	-0.00000000	-0.00000000	-0.00000000	-0.00000000	-0.00000000	-0.00000000	-1244418.50	0.00000000	0.00000000	0.00000000	0.00000000
   12.5500	-0.00000000	-0.00000000	-0.00000000	-0.00000000	-0.00000000	-0.00000000	-1244418.50	0.00000000	0.00000000	0.00000000	0.00000000
   12.5600	-0.00000000	-0.00000000	-0.00000000	-0.00000000	-0.00000000	-0.00000000	-1244418.50	0.00000000	0.00000000	0.00000000	0.00000000
   12.5700	-0.00000000	-0.00000000	-0.00000000	-0.00000000	-0.00000000	-0.00000000	-1244418.50	0.00000000	0.00000000	0.00000000	0.00000000
   12.5800	-0.00000000	-0.00000000	-0.00000000	-0.00000000	-0.00000000	-0.00000000	-1244418.50	0.00000000	0.00000000	0.00000000	0.00000000
   12.5900	-0.00000000	-0.00000000	-0.00000000	-0.00000000	-0.00000000	-0.00000000	-1244418.50	0.00000000	0.00000000	0.00000000	0.00000000
   12.6000	-0.00000000	-0.00000000	-0.00000000	-0.00000000	-0.00000000	-0.00000000	-1244418.50	0.00000000	0.00000000	0.00000000	0.00000000
   12.6100	-0.00000000	-0.00000000	-0.00000000	-0.00000000	-0.00000000	-0.00000000	-1244418.50	0.00000000	0.00000000	0.00000000	0.00000000
   12.6200	-0.00000000	-0.00000000	-0.00000000	-0.00000000	-0.00000000	-0.00000000	-1244418.50	0.00000000	0.00000000	0.00000000	0.00000000
   12.6300	-0.00000000	-0.00000000	-0.00000000	-0.00000000	-0.00000000	-0.00000000	-1244418.50	0.00000000	0.00000000	0.00000000	0.00000000
   12.6400	-0.00000000	-0.00000000	-0.00000000	-0.00000000	-0.00000000	-0.00000000	-1244418.50	0.00000000	0.00000000	0.00000000	0.00000000
   12.6500	-0.00000000	-0.00000000	-0.00000000	-0.00000000	-0.00000000	-0.00000000	-1244418.50	0.00000000	0.00000000	0.00000000	0.00000000
   12.6600	-0.00000000	-0.00000000	-0.00000000	-0.00000000	-0.00000000	-0.00000000	-1244418.50	0.00000000	0.00000000	0.00000000	0.00000000
   12.6700	-0.00000000	-0.00000000	-0.00000000	-0.00000000	-0.00000000	-0.00000000	-1244418.50	0.00000000	0.00000000	0.00000000	0.00000000
   12.6800	-0.00000000	-0.00000000	-0.00000000	-0.00000000	-0.00000000	-0.00000000	-1244418.50	0.00000000	0.00000000	0.00000000	0.00000000
   12.6900	-0.00000000	-0.00000000	-0.00000000	-0.00000000	-0.00000000	-0.00000000	-1244418.50	0.00000000	0.00000000	0.00000000	0.00000000
   12.7000	-0.00000000	-0.00000000	-0.00000000	-0.00000000	-0.00000000	-0.00000000	-1244418.50	0.00000000	0.00000000	0.00000000	0.00000000
   12.7100	-0.00000000	-0.00000000	-0.00000000	-0.00000000	-0.00000000	-0.00000000	-1244418.50	0.00000000	0.00000000	0.00000000	0.00000000
   12.7200	-0.00000000	-0.00000000	-0.00000000	-0.00000000	-0.00000000	-0.00000000	-1244418.50	0.00000000	0.00000000	0.00000000	0.00000000
   12.7300	-0.00000000	-0.00000000	-0.00000000	-0.00000000	-0.00000000	-0.00000000	-1244418.50	0.00000000	0.00000000	0.00000000	0.00000000
   12.7400	-0.00000000	-0.00000000	-0.00000000	-0.00000000	-0.00000000	-0.00000000	-1244418.50	0.00000000	0.00000000	0.00000000	0.00000000
   12.7500	-0.00000000	-0.00000000	-0.00000000	-0.00000000	-0.00000000	-0.00000000	-1244418.50	0.00000000	0.00000000	0.00000000	0.00000000
   12.7600	-0.00000000	-0.00000000	-0.00000000	-0.00000000	-0.00000000	-0.00000000	-1244418.50	0.00000000	0.00000000	0.00000000	0.00000000
   12.7700	-0.00000000	-0.00000000	-0.00000000	-0.00000000	-0.00000000	-0.00000000	-1244418.50	0.00000000	0.00000000	0.00000000	0.00000000
   12.7800	-0.00000000	-0.00000000	-0.00000000	-0.00000000	-0.00000000	-0.00000000	-1244418.50	0.00000000	0.00000000	0.00000000	0.00000000
   12.7900	-0.00000000	-0.00000000	-0.00000000	-0.00000000	-0.00000000	-0.00000000	-1244418.50	0.00000000	0.00000000	0.00000000	0.00000000
   12.8000	-0.00000000	-0.00000000	-0.00000000	-0.00000000	-0.00000000	-0.00000000	-1244418.50	0.00000000	0.00000000	0.00000000	0.00000000
   12.8100	-0.00000000	-0.00000000	-0.00000000	-0.00000000	-0.00000000	-0.00000000	-1244418.50	0.00000000	0.00000000	0.00000000	0.00000000
   12.8200	-0.00000000	-0.00000000	-0.00000000	-0.00000000	-0.00000000	-0.00000000	-1244418.50	0.00000000	0.00000000	0.00000000	0.00000000
   12.8300	-0.00000000	-0.00000000	-0.00000000	-0.00000000	-0.00000000	-0.00000000	-1244418.50	0.00000000	0.00000000	0.00000000	0.00000000
   12.8400	-0.00000000	-0.00000000	-0.00000000	-0.00000000	-0.00000000	-0.00000000	-1244418.50	0.00000000	0.00000000	0.00000000	0.00000000
   12.8500	-0.00000000	-0.00000000	-0.00000000	-0.00000000	-0.00000000	-0.00000000	-1244418.50	0.00000000	0.00000000	0.00000000	0.00000000
   12.8600	-0.00000000	-0.00000000	-0.00000000	-0.00000000	-0.00000000	-0.00000000	-1244418.50	0.00000000	0.00000000	0.00000000	0.00000000
   12.8700	-0.00000000	-0.00000000	-0.00000000	-0.00000000	-0.00000000	-0.00000000	-1244418.50	0.00000000	0.00000000	0.00000000	0.00000000
   12.8800	-0.00000000	-0.00000000	-0.00000000	-0.00000000	-0.00000000	-0.00000000	-1244418.50	0.00000000	0.00000000	0.00000000	0.00000000
   12.8900	-0.00000000	-0.00000000	-0.00000000	-0.00000000	-0.00000000	-0.00000000	-1244418.50	0.00000000	0.00000000	0.00000000	0.00000000
   12.9000	-0.00000000	-0.00000000	-0.00000000	-0.00000000	-0.00000000	-0.00000000	-1244418.50	0.00000000	0.00000000	0.00000000	0.00000000
   12.9100	-0.00000000	-0.00000000	-0.00000000	-0.00000000	-0.00000000	-0.00000000	-1244418.50	0.00000000	0.00000000	0.00000000	0.00000000
   12.9200	-0.00000000	-0.00000000	-0.00000000	-0.00000000	-0.00000000	-0.00000000	-1244418.50	0.00000000	0.00000000	0.00000000	0.00000000
   12.9300	-0.00000000	-0.00000000	-0.00000000	-0.00000000	-0.00000000	-0.00000000	-1244418.50	0.00000000	0.00000000	0.00000000	0.00000000
   12.9400	-0.00000000	-0.00000000	-0.00000000	-0.00000000	-0.00000000	-0.00000000	-1244418.50	0.00000000	0.00000000	0.00000000	0.00000000
   12.9500	-0.00000000	-0.00000000	-0.00000000	-0.00000000	-0.00000000	-0.00000000	-1244418.50	0.00000000	0.00000000	0.00000000	0.00000000
   12.9600	-0.00000000	-0.00000000	-0.00000000	-0.00000000	-0.00000000	-0.00000000	-1244418.50	0.00000000	0.00000000	0.00000000	0.00000000
   12.9700	-0.00000000	-0.00000000	-0.00000000	-0.00000000	-0.00000000	-0.00000000	-1244418.50	0.00000000	0.00000000	0.00000000	0.00000000
   12.9800	-0.00000000	-0.00000000	-0.00000000	-0.00000000	-0.00000000	-0.00000000	-1244418.50	0.00000000	0.00000000	0.00000000	0.00000000
   12.9900	-0.00000000	-0.00000000	-0.00000000	-0.00000000	-0.00000000	-0.00000000	-1244418.50	0.00000000	0.00000000	0.00000000	0.00000000
   13.0000	-0.00000000	-0.00000000	-0.00000000	-0.00000000	-0.00000000	-0.00000000	-1244418.50	0.00000000	0.00000000	0.00000000	0.00000000
   13.0100	-0.00000000	-0.00000000	-0.00000000	-0.00000000	-0.00000000	-0.00000000	-1244418.50	0.00000000	0.00000000	0.00000000	0.00000000
   13.0200	-0.00000000	-0.00000000	-0.00000000	-0.00000000	-0.00000000	-0.00000000	-1244418.50	0.00000000	0.00000000	0.00000000	0.00000000
   13.0300	-0.00000000	-0.00000000	-0.00000000	-0.00000000	-0.00000000	-0.00000000	-1244418.50	0.00000000	0.00000000	0.00000000	0.00000000
   13.0400	-0.00000000	-0.00000000	-0.00000000	-0.00000000	-0.00000000	-0.00000000	-1244418.50	0.00000000	0.00000000	0.00000000	0.00000000
   13.0500	-0.00000000	-0.00000000	-0.00000000	-0.00000000	-0.00000000	-0.00000000	-1244418.50	0.00000000	0.00000000	0.00000000	0.00000000
   13.0600	-0.00000000	-0.00000000	-0.00000000	-0.00000000	-0.00000000	-0.00000000	-1244418.50	0.00000000	0.00000000	0.00000000	0.00000000
   13.0700	-0.00000000	-0.00000000	-0.00000000	-0.00000000	-0.00000000	-0.00000000	-1244418.50	0.00000000	0.00000000	0.00000000	0.00000000
   13.0800	-0.00000000	-0.00000000	-0.00000000	-0.00000000	-0.00000000	-0.00000000	-1244418.50	0.00000000	0.00000000	0.00000000	0.00000000
   13.0900	-0.00000000	-0.00000000	-0.00000000	-0.00000000	-0.00000000	-0.00000000	-1244418.50	0.00000000	0.00000000	0.00000000	0.00000000
   13.1000	-0.00000000	-0.00000000	-0.00000000	-0.00000000	-0.00000000	-0.00000000	-1244418.50	0.00000000	0.00000000	0.00000000	0.00000000
   13.1100	-0.00000000	-0.00000000	-0.00000000	-0.00000000	-0.00000000	-0.00000000	-1244418.50	0.00000000	0.00000000	0.00000000	0.00000000
   13.1200	-0.00000000	-0.00000000	-0.00000000	-0.00000000	-0.00000000	-0.00000000	-1244418.50	0.00000000	0.00000000	0.00000000	0.00000000
   13.1300	-0.00000000	-0.00000000	-0.00000000	-0.00000000	-0.00000000	-0.00000000	-1244418.50	0.00000000	0.00000000	0.00000000	0.00000000
   13.1400	-0.00000000	-0.00000000	-0.00000000	-0.00000000	-0.00000000	-0.00000000	-1244418.50	0.00000000	0.00000000	0.00000000	0.00000000
   13.1500	-0.00000000	-0.00000000	-0.00000000	-0.00000000	-0.00000000	-0.00000000	-1244418.50	0.00000000	0.00000000	0.00000000	0.00000000
   13.1600	-0.00000000	-0.00000000	-0.00000000	-0.00000000	-0.00000000	-0.00000000	-1244418.50	0.00000000	0.00000000	0.00000000	0.00000000
   13.1700	-0.00000000	-0.00000000	-0.00000000	-0.00000000	-0.00000000	-0.00000000	-1244418.50	0.00000000	0.00000000	0.00000000	0.00000000
   13.1800	-0.00000000	-0.00000000	-0.00000000	-0.00000000	-0.00000000	-0.00000000	-1244418.50	0.00000000	0.00000000	0.00000000	0.00000000
   13.1900	-0.00000000	-0.00000000	-0.00000000	-0.00000000	-0.00000000	-0.00000000	-1244418.50	0.00000000	0.00000000	0.00000000	0.00000000
   13.2000	-0.00000000	-0.00000000	-0.00000000	-0.00000000	-0.00000000	-0.00000000	-1244418.50	0.00000000	0.00000000	0.00000000	0.00000000
   13.2100	-0.00000000	-0.00000000	-0.00000000	-0.00000000	-0.00000000	-0.00000000	-1244418.50	0.00000000	0.00000000	0.00000000	0.00000000
   13.2200	-0.00000000	-0.00000000	-0.00000000	-0.00000000	-0.00000000	-0.00000000	-1244418.50	0.00000000	0.00000000	0.00000000	0.00000000
   13.2300	-0.00000000	-0.00000000	-0.00000000	-0.00000000	-0.00000000	-0.00000000	-1244418.50	0.00000000	0.00000000	0.00000000	0.00000000
   13.2400	-0.00000000	-0.00000000	-0.00000000	-0.00000000	-0.00000000	-0.00000000	-1244418.50	0.00000000	0.00000000	0.00000000	0.00000000
   13.2500	-0.00000000	-0.00000000	-0.00000000	-0.00000000	-0.00000000	-0.00000000	-1244418.50	0.00000000	0.00000000	0.00000000	0.00000000
   13.2600	-0.00000000	-0.00000000	-0.00000000	-0.00000000	-0.00000000	-0.00000000	-1244418.50	0.00000000	0.00000000	0.00000000	0.00000000
   13.2700	-0.00000000	-0.00000000	-0.00000000	-0.00000000	-0.00000000	-0.00000000	-1244418.50	0.00000000	0.00000000	0.00000000	0.00000000
   13.2800	-0.00000000	-0.00000000	-0.00000000	-0.00000000	-0.00000000	-0.00000000	-1244418.50	0.00000000	0.00000000	0.00000000	0.00000000
   13.2900	-0.00000000	-0.00000000	-0.00000000	-0.00000000	-0.00000000	-0.00000000	-1244418.50	0.00000000	0.00000000	0.00000000	0.00000000
   13.3000	-0.00000000	-0.00000000	-0.00000000	-0.00000000	-0.00000000	-0.00000000	-1244418.50	0.00000000	0.00000000	0.00000000	0.00000000
   13.3100	-0.00000000	-0.00000000	-0.00000000	-0.00000000	-0.00000000	-0.00000000	-1244418.50	0.00000000	0.00000000	0.00000000	0.00000000
   13.3200	-0.00000000	-0.00000000	-0.00000000	-0.00000000	-0.00000000	-0.00000000	-1244418.50	0.00000000	0.00000000	0.00000000	0.00000000
   13.3300	-0.00000000	-0.00000000	-0.00000000	-0.00000000	-0.00000000	-0.00000000	-1244418.50	0.00000000	0.00000000	0.00000000	0.00000000
   13.3400	-0.00000000	-0.00000000	-0.00000000	-0.00000000	-0.00000000	-0.00000000	-1244418.50	0.00000000	0.00000000	0.00000000	0.00000000
   13.3500	-0.00000000	-0.00000000	-0.00000000	-0.00000000	-0.00000000	-0.00000000	-1244418.50	0.00000000	0.00000000	0.00000000	0.00000000
   13.3600	-0.00000000	-0.00000000	-0.00000000	-0.00000000	-0.00000000	-0.00000000	-1244418.50	0.00000000	0.00000000	0.00000000	0.00000000
   13.3700	-0.00000000	-0.00000000	-0.00000000	-0.00000000	-0.00000000	-0.00000000	-1244418.50	0.00000000	0.00000000	0.00000000	0.00000000
   13.3800	-0.00000000	-0.00000000	-0.00000000	-0.00000000	-0.00000000	-0.00000000	-1244418.50	0.00000000	0.00000000	0.00000000	0.00000000
   13.3900	-0.00000000	-0.00000000	-0.00000000	-0.00000000	-0.00000000	-0.00000000	-1244418.50	0.00000000	0.00000000	0.00000000	0.00000000
   13.4000	-0.00000000	-0.00000000	-0.00000000	-0.00000000	-0.00000000	-0.00000000	-1244418.50	0.00000000	0.00000000	0.00000000	0.00000000
   13.4100	-0.00000000	-0.00000000	-0.00000000	-0.00000000	-0.00000000	-0.00000000	-1244418.50	0.00000000	0.00000000	0.00000000	0.00000000
   13.4200	-0.00000000	-0.00000000	-0.00000000	-0.00000000	-0.00000000	-0.00000000	-1244418.50	0.00000000	0.00000000	0.00000000	0.00000000
   13.4300	-0.00000000	-0.00000000	-0.00000000	-0.00000000	-0.00000000	-0.00000000	-1244418.50	0.00000000	0.00000000	0.00000000	0.00000000
   13.4400	-0.00000000	-0.00000000	-0.00000000	-0.00000000	-0.00000000	-0.00000000	-1244418.50	0.00000000	0.00000000	0.00000000	0.00000000
   13.4500	-0.00000000	-0.00000000	-0.00000000	-0.00000000	-0.00000000	-0.00000000	-1244418.50	0.00000000	0.00000000	0.00000000	0.00000000
   13.4600	-0.00000000	-0.00000000	-0.00000000	-0.00000000	-0.00000000	-0.00000000	-1244418.50	0.00000000	0.00000000	0.00000000	0.00000000
   13.4700	-0.00000000	-0.00000000	-0.00000000	-0.00000000	-0.00000000	-0.00000000	-1244418.50	0.00000000	0.00000000	0.00000000	0.00000000
   13.4800	-0.00000000	-0.00000000	-0.00000000	-0.00000000	-0.00000000	-0.00000000	-1244418.50	0.00000000	0.00000000	0.00000000	0.00000000
   13.4900	-0.00000000	-0.00000000	-0.00000000	-0.00000000	-0.00000000	-0.00000000	-1244418.50	0.00000000	0.00000000	0.00000000	0.00000000
   13.5000	-0.00000000	-0.00000000	-0.00000000	-0.00000000	-0.00000000	-0.00000000	-1244418.50	0.00000000	0.00000000	0.00000000	0.00000000
   13.5100	-0.00000000	-0.00000000	-0.00000000	-0.00000000	-0.00000000	-0.00000000	-1244418.50	0.00000000	0.00000000	0.00000000	0.00000000
   13.5200	-0.00000000	-0.00000000	-0.00000000	-0.00000000	-0.00000000	-0.00000000	-1244418.50	0.00000000	0.00000000	0.00000000	0.00000000
   13.5300	-0.00000000	-0.00000000	-0.00000000	-0.00000000	-0.00000000	-0.00000000	-1244418.50	0.00000000	0.00000000	0.00000000	0.00000000
   13.5400	-0.00000000	-0.00000000	-0.00000000	-0.00000000	-0.00000000	-0.00000000	-1244418.50	0.00000000	0.00000000	0.00000000	0.00000000
   13.5500	-0.00000000	-0.00000000	-0.00000000	-0.00000000	-0.00000000	-0.00000000	-1244418.50	0.00000000	0.00000000	0.00000000	0.00000000
   13.5600	-0.00000000	-0.00000000	-0.00000000	-0.00000000	-0.00000000	-0.00000000	-1244418.50	0.00000000	0.00000000	0.00000000	0.00000000
   13.5700	-0.00000000	-0.00000000	-0.00000000	-0.00000000	-0.00000000	-0.00000000	-1244418.50	0.00000000	0.00000000	0.00000000	0.00000000
   13.5800	-0.00000000	-0.00000000	-0.00000000	-0.00000000	-0.00000000	-0.00000000	-1244418.50	0.00000000	0.00000000	0.00000000	0.00000000
   13.5900	-0.00000000	-0.00000000	-0.00000000	-0.00000000	-0.00000000	-0.00000000	-1244418.50	0.00000000	0.00000000	0.00000000	0.00000000
   13.6000	-0.00000000	-0.00000000	-0.00000000	-0.00000000	-0.00000000	-0.00000000	-1244418.50	0.00000000	0.00000000	0.00000000	0.00000000
   13.6100	-0.00000000	-0.00000000	-0.00000000	-0.00000000	-0.00000000	-0.00000000	-1244418.50	0.00000000	0.00000000	0.00000000	0.00000000
   13.6200	-0.00000000	-0.00000000	-0.00000000	-0.00000000	-0.00000000	-0.00000000	-1244418.50	0.00000000	0.00000000	0.00000000	0.00000000
   13.6300	-0.00000000	-0.00000000	-0.00000000	-0.00000000	-0.00000000	-0.00000000	-1244418.50	0.00000000	0.00000000	0.00000000	0.00000000
   13.6400	-0.00000000	-0.00000000	-0.00000000	-0.00000000	-0.00000000	-0.00000000	-1244418.50	0.00000000	0.00000000	0.00000000	0.00000000
   13.6500	-0.00000000	-0.00000000	-0.00000000	-0.00000000	-0.00000000	-0.00000000	-1244418.50	0.00000000	0.00000000	0.00000000	0.00000000
   13.6600	-0.00000000	-0.00000000	-0.00000000	-0.00000000	-0.00000000	-0.00000000	-1244418.50	0.00000000	0.00000000	0.00000000	0.00000000
   13.6700	-0.00000000	-0.00000000	-0.00000000	-0.00000000	-0.00000000	-0.00000000	-1244418.50	0.00000000	0.00000000	0.00000000	0.00000000
   13.6800	-0.00000000	-0.00000000	-0.00000000	-0.00000000	-0.00000000	-0.00000000	-1244418.50	0.00000000	0.00000000	0.00000000	0.00000000
   13.6900	-0.00000000	-0.00000000	-0.00000000	-0.00000000	-0.00000000	-0.00000000	-1244418.50	0.00000000	0.00000000	0.00000000	0.00000000
   13.7000	-0.00000000	-0.00000000	-0.00000000	-0.00000000	-0.00000000	-0.00000000	-1244418.50	0.00000000	0.00000000	0.00000000	0.00000000
   13.7100	-0.00000000	-0.00000000	-0.00000000	-0.00000000	-0.00000000	-0.00000000	-1244418.50	0.00000000	0.00000000	0.00000000	0.00000000
   13.7200	-0.00000000	-0.00000000	-0.00000000	-0.00000000	-0.00000000	-0.00000000	-1244418.50	0.00000000	0.00000000	0.00000000	0.00000000
   13.7300	-0.00000000	-0.00000000	-0.00000000	-0.00000000	-0.00000000	-0.00000000	-1244418.50	0.00000000	0.00000000	0.00000000	0.00000000
   13.7400	-0.00000000	-0.00000000	-0.00000000	-0.00000000	-0.00000000	-0.00000000	-1244418.50	0.00000000	0.00000000	0.00000000	0.00000000
   13.7500	-0.00000000	-0.00000000	-0.00000000	-0.00000000	-0.00000000	-0.00000000	-1244418.50	0.00000000	0.00000000	0.00000000	0.00000000
   13.7600	-0.00000000	-0.00000000	-0.00000000	-0.00000000	-0.00000000	-0.00000000	-1244418.50	0.00000000	0.00000000	0.00000000	0.00000000
   13.7700	-0.00000000	-0.00000000	-0.00000000	-0.00000000	-0.00000000	-0.00000000	-1244418.50	0.00000000	0.00000000	0.00000000	0.00000000
   13.7800	-0.00000000	-0.00000000	-0.00000000	-0.00000000	-0.00000000	-0.00000000	-1244418.50	0.00000000	0.00000000	0.00000000	0.00000000
   13.7900	-0.00000000	-0.00000000	-0.00000000	-0.00000000	-0.00000000	-0.00000000	-1244418.50	0.00000000	0.00000000	0.00000000	0.00000000
   13.8000	-0.00000000	-0.00000000	-0.00000000	-0.00000000	-0.00000000	-0.00000000	-1244418.50	0.00000000	0.00000000	0.00000000	0.00000000
   13.8100	-0.00000000	-0.00000000	-0.00000000	-0.00000000	-0.00000000	-0.00000000	-1244418.50	0.00000000	0.00000000	0.00000000	0.00000000
   13.8200	-0.00000000	-0.00000000	-0.00000000	-0.00000000	-0.00000000	-0.00000000	-1244418.50	0.00000000	0.00000000	0.00000000	0.00000000
   13.8300	-0.00000000	-0.00000000	-0.00000000	-0.00000000	-0.00000000	-0.00000000	-1244418.50	0.00000000	0.00000000	0.00000000	0.00000000
   13.8400	-0.00000000	-0.00000000	-0.00000000	-0.00000000	-0.00000000	-0.00000000	-1244418.50	0.00000000	0.00000000	0.00000000	0.00000000
   13.8500	-0.00000000	-0.00000000	-0.00000000	-0.00000000	-0.00000000	-0.00000000	-1244418.50	0.00000000	0.00000000	0.00000000	0.00000000
   13.8600	-0.00000000	-0.00000000	-0.00000000	-0.00000000	-0.00000000	-0.00000000	-1244418.50	0.00000000	0.00000000	0.00000000	0.00000000
   13.8700	-0.00000000	-0.00000000	-0.00000000	-0.00000000	-0.00000000	-0.00000000	-1244418.50	0.00000000	0.00000000	0.00000000	0.00000000
   13.8800	-0.00000000	-0.00000000	-0.00000000	-0.00000000	-0.00000000	-0.00000000	-1244418.50	0.00000000	0.00000000	0.00000000	0.00000000
   13.8900	-0.00000000	-0.00000000	-0.00000000	-0.00000000	-0.00000000	-0.00000000	-1244418.50	0.00000000	0.00000000	0.00000000	0.00000000
   13.9000	-0.00000000	-0.00000000	-0.00000000	-0.00000000	-0.00000000	-0.00000000	-1244418.50	0.00000000	0.00000000	0.00000000	0.00000000
   13.9100	-0.00000000	-0.00000000	-0.00000000	-0.00000000	-0.00000000	-0.00000000	-1244418.50	0.00000000	0.00000000	0.00000000	0.00000000
   13.9200	-0.00000000	-0.00000000	-0.00000000	-0.00000000	-0.00000000	-0.00000000	-1244418.50	0.00000000	0.00000000	0.00000000	0.00000000
   13.9300	-0.00000000	-0.00000000	-0.00000000	-0.00000000	-0.00000000	-0.00000000	-1244418.50	0.00000000	0.00000000	0.00000000	0.00000000
   13.9400	-0.00000000	-0.00000000	-0.00000000	-0.00000000	-0.00000000	-0.00000000	-1244418.50	0.00000000	0.00000000	0.00000000	0.00000000
   13.9500	-0.00000000	-0.00000000	-0.00000000	-0.00000000	-0.00000000	-0.00000000	-1244418.50	0.00000000	0.00000000	0.00000000	0.00000000
   13.9600	-0.00000000	-0.00000000	-0.00000000	-0.00000000	-0.00000000	-0.00000000	-1244418.50	0.00000000	0.00000000	0.00000000	0.00000000
   13.9700	-0.00000000	-0.00000000	-0.00000000	-0.00000000	-0.00000000	-0.00000000	-1244418.50	0.00000000	0.00000000	0.00000000	0.00000000
   13.9800	-0.00000000	-0.00000000	-0.00000000	-0.00000000	-0.00000000	-0.00000000	-1244418.50	0.00000000	0.00000000	0.00000000	0.00000000
   13.9900	-0.00000000	-0.00000000	-0.00000000	-0.00000000	-0.00000000	-0.00000000	-1244418.50	0.00000000	0.00000000	0.00000000	0.00000000
   14.0000	-0.00000000	-0.00000000	-0.00000000	-0.00000000	-0.00000000	-0.00000000	-1244418.50	0.00000000	0.00000000	0.00000000	0.00000000
   14.0100	-0.00000000	-0.00000000	-0.00000000	-0.00000000	-0.00000000	-0.00000000	-1244418.50	0.00000000	0.00000000	0.00000000	0.00000000
   14.0200	-0.00000000	-0.00000000	-0.00000000	-0.00000000	-0.00000000	-0.00000000	-1244418.50	0.00000000	0.00000000	0.00000000	0.00000000
   14.0300	-0.00000000	-0.00000000	-0.00000000	-0.00000000	-0.00000000	-0.00000000	-1244418.50	0.00000000	0.00000000	0.00000000	0.00000000
   14.0400	-0.00000000	-0.00000000	-0.00000000	-0.00000000	-0.00000000	-0.00000000	-1244418.50	0.00000000	0.00000000	0.00000000	0.00000000
   14.0500	-0.00000000	-0.00000000	-0.00000000	-0.00000000	-0.00000000	-0.00000000	-1244418.50	0.00000000	0.00000000	0.00000000	0.00000000
   14.0600	-0.00000000	-0.00000000	-0.00000000	-0.00000000	-0.00000000	-0.00000000	-1244418.50	0.00000000	0.00000000	0.00000000	0.00000000
   14.0700	-0.00000000	-0.00000000	-0.00000000	-0.00000000	-0.00000000	-0.00000000	-1244418.50	0.00000000	0.00000000	0.00000000	0.00000000
   14.0800	-0.00000000	-0.00000000	-0.00000000	-0.00000000	-0.00000000	-0.00000000	-1244418.50	0.00000000	0.00000000	0.00000000	0.00000000
   14.0900	-0.00000000	-0.00000000	-0.00000000	-0.00000000	-0.00000000	-0.00000000	-1244418.50	0.00000000	0.00000000	0.00000000	0.00000000
   14.1000	-0.00000000	-0.00000000	-0.00000000	-0.00000000	-0.00000000	-0.00000000	-1244418.50	0.00000000	0.00000000	0.00000000	0.00000000
   14.1100	-0.00000000	-0.00000000	-0.00000000	-0.00000000	-0.00000000	-0.00000000	-1244418.50	0.00000000	0.00000000	0.00000000	0.00000000
   14.1200	-0.00000000	-0.00000000	-0.00000000	-0.00000000	-0.00000000	-0.00000000	-1244418.50	0.00000000	0.00000000	0.00000000	0.00000000
   14.1300	-0.00000000	-0.00000000	-0.00000000	-0.00000000	-0.00000000	-0.00000000	-1244418.50	0.00000000	0.00000000	0.00000000	0.00000000
   14.1400	-0.00000000	-0.00000000	-0.00000000	-0.00000000	-0.00000000	-0.00000000	-1244418.50	0.00000000	0.00000000	0.00000000	0.00000000
   14.1500	-0.00000000	-0.00000000	-0.00000000	-0.00000000	-0.00000000	-0.00000000	-1244418.50	0.00000000	0.00000000	0.00000000	0.00000000
   14.1600	-0.00000000	-0.00000000	-0.00000000	-0.00000000	-0.00000000	-0.00000000	-1244418.50	0.00000000	0.00000000	0.00000000	0.00000000
   14.1700	-0.00000000	-0.00000000	-0.00000000	-0.00000000	-0.00000000	-0.00000000	-1244418.50	0.00000000	0.00000000	0.00000000	0.00000000
   14.1800	-0.00000000	-0.00000000	-0.00000000	-0.00000000	-0.00000000	-0.00000000	-1244418.50	0.00000000	0.00000000	0.00000000	0.00000000
   14.1900	-0.00000000	-0.00000000	-0.00000000	-0.00000000	-0.00000000	-0.00000000	-1244418.50	0.00000000	0.00000000	0.00000000	0.00000000
   14.2000	-0.00000000	-0.00000000	-0.00000000	-0.00000000	-0.00000000	-0.00000000	-1244418.50	0.00000000	0.00000000	0.00000000	0.00000000
   14.2100	-0.00000000	-0.00000000	-0.00000000	-0.00000000	-0.00000000	-0.00000000	-1244418.50	0.00000000	0.00000000	0.00000000	0.00000000
   14.2200	-0.00000000	-0.00000000	-0.00000000	-0.00000000	-0.00000000	-0.00000000	-1244418.50	0.00000000	0.00000000	0.00000000	0.00000000
   14.2300	-0.00000000	-0.00000000	-0.00000000	-0.00000000	-0.00000000	-0.00000000	-1244418.50	0.00000000	0.00000000	0.00000000	0.00000000
   14.2400	-0.00000000	-0.00000000	-0.00000000	-0.00000000	-0.00000000	-0.00000000	-1244418.50	0.00000000	0.00000000	0.00000000	0.00000000
   14.2500	-0.00000000	-0.00000000	-0.00000000	-0.00000000	-0.00000000	-0.00000000	-1244418.50	0.00000000	0.00000000	0.00000000	0.00000000
   14.2600	-0.00000000	-0.00000000	-0.00000000	-0.00000000	-0.00000000	-0.00000000	-1244418.50	0.00000000	0.00000000	0.00000000	0.00000000
   14.2700	-0.00000000	-0.00000000	-0.00000000	-0.00000000	-0.00000000	-0.00000000	-1244418.50	0.00000000	0.00000000	0.00000000	0.00000000
   14.2800	-0.00000000	-0.00000000	-0.00000000	-0.00000000	-0.00000000	-0.00000000	-1244418.50	0.00000000	0.00000000	0.00000000	0.00000000
   14.2900	-0.00000000	-0.00000000	-0.00000000	-0.00000000	-0.00000000	-0.00000000	-1244418.50	0.00000000	0.00000000	0.00000000	0.00000000
   14.3000	-0.00000000	-0.00000000	-0.00000000	-0.00000000	-0.00000000	-0.00000000	-1244418.50	0.00000000	0.00000000	0.00000000	0.00000000
   14.3100	-0.00000000	-0.00000000	-0.00000000	-0.00000000	-0.00000000	-0.00000000	-1244418.50	0.00000000	0.00000000	0.00000000	0.00000000
   14.3200	-0.00000000	-0.00000000	-0.00000000	-0.00000000	-0.00000000	-0.00000000	-1244418.50	0.00000000	0.00000000	0.00000000	0.00000000
   14.3300	-0.00000000	-0.00000000	-0.00000000	-0.00000000	-0.00000000	-0.00000000	-1244418.50	0.00000000	0.00000000	0.00000000	0.00000000
   14.3400	-0.00000000	-0.00000000	-0.00000000	-0.00000000	-0.00000000	-0.00000000	-1244418.50	0.00000000	0.00000000	0.00000000	0.00000000
   14.3500	-0.00000000	-0.00000000	-0.00000000	-0.00000000	-0.00000000	-0.00000000	-1244418.50	0.00000000	0.00000000	0.00000000	0.00000000
   14.3600	-0.00000000	-0.00000000	-0.00000000	-0.00000000	-0.00000000	-0.00000000	-1244418.50	0.00000000	0.00000000	0.00000000	0.00000000
   14.3700	-0.00000000	-0.00000000	-0.00000000	-0.00000000	-0.00000000	-0.00000000	-1244418.50	0.00000000	0.00000000	0.00000000	0.00000000
   14.3800	-0.00000000	-0.00000000	-0.00000000	-0.00000000	-0.00000000	-0.00000000	-1244418.50	0.00000000	0.00000000	0.00000000	0.00000000
   14.3900	-0.00000000	-0.00000000	-0.00000000	-0.00000000	-0.00000000	-0.00000000	-1244418.50	0.00000000	0.00000000	0.00000000	0.00000000
   14.4000	-0.00000000	-0.00000000	-0.00000000	-0.00000000	-0.00000000	-0.00000000	-1244418.50	0.00000000	0.00000000	0.00000000	0.00000000
   14.4100	-0.00000000	-0.00000000	-0.00000000	-0.00000000	-0.00000000	-0.00000000	-1244418.50	0.00000000	0.00000000	0.00000000	0.00000000
   14.4200	-0.00000000	-0.00000000	-0.00000000	-0.00000000	-0.00000000	-0.00000000	-1244418.50	0.00000000	0.00000000	0.00000000	0.00000000
   14.4300	-0.00000000	-0.00000000	-0.00000000	-0.00000000	-0.00000000	-0.00000000	-1244418.50	0.00000000	0.00000000	0.00000000	0.00000000
   14.4400	-0.00000000	-0.00000000	-0.00000000	-0.00000000	-0.00000000	-0.00000000	-1244418.50	0.00000000	0.00000000	0.00000000	0.00000000
   14.4500	-0.00000000	-0.00000000	-0.00000000	-0.00000000	-0.00000000	-0.00000000	-1244418.50	0.00000000	0.00000000	0.00000000	0.00000000
   14.4600	-0.00000000	-0.00000000	-0.00000000	-0.00000000	-0.00000000	-0.00000000	-1244418.50	0.00000000	0.00000000	0.00000000	0.00000000
   14.4700	-0.00000000	-0.00000000	-0.00000000	-0.00000000	-0.00000000	-0.00000000	-1244418.50	0.00000000	0.00000000	0.00000000	0.00000000
   14.4800	-0.00000000	-0.00000000	-0.00000000	-0.00000000	-0.00000000	-0.00000000	-1244418.50	0.00000000	0.00000000	0.00000000	0.00000000
   14.4900	-0.00000000	-0.00000000	-0.00000000	-0.00000000	-0.00000000	-0.00000000	-1244418.50	0.00000000	0.00000000	0.00000000	0.00000000
   14.5000	-0.00000000	-0.00000000	-0.00000000	-0.00000000	-0.00000000	-0.00000000	-1244418.50	0.00000000	0.00000000	0.00000000	0.00000000
   14.5100	-0.00000000	-0.00000000	-0.00000000	-0.00000000	-0.00000000	-0.00000000	-1244418.50	0.00000000	0.00000000	0.00000000	0.00000000
   14.5200	-0.00000000	-0.00000000	-0.00000000	-0.00000000	-0.00000000	-0.00000000	-1244418.50	0.00000000	0.00000000	0.00000000	0.00000000
   14.5300	-0.00000000	-0.00000000	-0.00000000	-0.00000000	-0.00000000	-0.00000000	-1244418.50	0.00000000	0.00000000	0.00000000	0.00000000
   14.5400	-0.00000000	-0.00000000	-0.00000000	-0.00000000	-0.00000000	-0.00000000	-1244418.50	0.00000000	0.00000000	0.00000000	0.00000000
   14.5500	-0.00000000	-0.00000000	-0.00000000	-0.00000000	-0.00000000	-0.00000000	-1244418.50	0.00000000	0.00000000	0.00000000	0.00000000
   14.5600	-0.00000000	-0.00000000	-0.00000000	-0.00000000	-0.00000000	-0.00000000	-1244418.50	0.00000000	0.00000000	0.00000000	0.00000000
   14.5700	-0.00000000	-0.00000000	-0.00000000	-0.00000000	-0.00000000	-0.00000000	-1244418.50	0.00000000	0.00000000	0.00000000	0.00000000
   14.5800	-0.00000000	-0.00000000	-0.00000000	-0.00000000	-0.00000000	-0.00000000	-1244418.50	0.00000000	0.00000000	0.00000000	0.00000000
   14.5900	-0.00000000	-0.00000000	-0.00000000	-0.00000000	-0.00000000	-0.00000000	-1244418.50	0.00000000	0.00000000	0.00000000	0.00000000
   14.6000	-0.00000000	-0.00000000	-0.00000000	-0.00000000	-0.00000000	-0.00000000	-1244418.50	0.00000000	0.00000000	0.00000000	0.00000000
   14.6100	-0.00000000	-0.00000000	-0.00000000	-0.00000000	-0.00000000	-0.00000000	-1244418.50	0.00000000	0.00000000	0.00000000	0.00000000
   14.6200	-0.00000000	-0.00000000	-0.00000000	-0.00000000	-0.00000000	-0.00000000	-1244418.50	0.00000000	0.00000000	0.00000000	0.00000000
   14.6300	-0.00000000	-0.00000000	-0.00000000	-0.00000000	-0.00000000	-0.00000000	-1244418.50	0.00000000	0.00000000	0.00000000	0.00000000
   14.6400	-0.00000000	-0.00000000	-0.00000000	-0.00000000	-0.00000000	-0.00000000	-1244418.50	0.00000000	0.00000000	0.00000000	0.00000000
   14.6500	-0.00000000	-0.00000000	-0.00000000	-0.00000000	-0.00000000	-0.00000000	-1244418.50	0.00000000	0.00000000	0.00000000	0.00000000
   14.6600	-0.00000000	-0.00000000	-0.00000000	-0.00000000	-0.00000000	-0.00000000	-1244418.50	0.00000000	0.00000000	0.00000000	0.00000000
   14.6700	-0.00000000	-0.00000000	-0.00000000	-0.00000000	-0.00000000	-0.00000000	-1244418.50	0.00000000	0.00000000	0.00000000	0.00000000
   14.6800	-0.00000000	-0.00000000	-0.00000000	-0.00000000	-0.00000000	-0.00000000	-1244418.50	0.00000000	0.00000000	0.00000000	0.00000000
   14.6900	-0.00000000	-0.00000000	-0.00000000	-0.00000000	-0.00000000	-0.00000000	-1244418.50	0.00000000	0.00000000	0.00000000	0.00000000
   14.7000	-0.00000000	-0.00000000	-0.00000000	-0.00000000	-0.00000000	-0.00000000	-1244418.50	0.00000000	0.00000000	0.00000000	0.00000000
   14.7100	-0.00000000	-0.00000000	-0.00000000	-0.00000000	-0.00000000	-0.00000000	-1244418.50	0.00000000	0.00000000	0.00000000	0.00000000
   14.7200	-0.00000000	-0.00000000	-0.00000000	-0.00000000	-0.00000000	-0.00000000	-1244418.50	0.00000000	0.00000000	0.00000000	0.00000000
   14.7300	-0.00000000	-0.00000000	-0.00000000	-0.00000000	-0.00000000	-0.00000000	-1244418.50	0.00000000	0.00000000	0.00000000	0.00000000
   14.7400	-0.00000000	-0.00000000	-0.00000000	-0.00000000	-0.00000000	-0.00000000	-1244418.50	0.00000000	0.00000000	0.00000000	0.00000000
   14.7500	-0.00000000	-0.00000000	-0.00000000	-0.00000000	-0.00000000	-0.00000000	-1244418.50	0.00000000	0.00000000	0.00000000	0.00000000
   14.7600	-0.00000000	-0.00000000	-0.00000000	-0.00000000	-0.00000000	-0.00000000	-1244418.50	0.00000000	0.00000000	0.00000000	0.00000000
   14.7700	-0.00000000	-0.00000000	-0.00000000	-0.00000000	-0.00000000	-0.00000000	-1244418.50	0.00000000	0.00000000	0.00000000	0.00000000
   14.7800	-0.00000000	-0.00000000	-0.00000000	-0.00000000	-0.00000000	-0.00000000	-1244418.50	0.00000000	0.00000000	0.00000000	0.00000000
   14.7900	-0.00000000	-0.00000000	-0.00000000	-0.00000000	-0.00000000	-0.00000000	-1244418.50	0.00000000	0.00000000	0.00000000	0.00000000
   14.8000	-0.00000000	-0.00000000	-0.00000000	-0.00000000	-0.00000000	-0.00000000	-1244418.50	0.00000000	0.00000000	0.00000000	0.00000000
   14.8100	-0.00000000	-0.00000000	-0.00000000	-0.00000000	-0.00000000	-0.00000000	-1244418.50	0.00000000	0.00000000	0.00000000	0.00000000
   14.8200	-0.00000000	-0.00000000	-0.00000000	-0.00000000	-0.00000000	-0.00000000	-1244418.50	0.00000000	0.00000000	0.00000000	0.00000000
   14.8300	-0.00000000	-0.00000000	-0.00000000	-0.00000000	-0.00000000	-0.00000000	-1244418.50	0.00000000	0.00000000	0.00000000	0.00000000
   14.8400	-0.00000000	-0.00000000	-0.00000000	-0.00000000	-0.00000000	-0.00000000	-1244418.50	0.00000000	0.00000000	0.00000000	0.00000000
   14.8500	-0.00000000	-0.00000000	-0.00000000	-0.00000000	-0.00000000	-0.00000000	-1244418.50	0.00000000	0.00000000	0.00000000	0.00000000
   14.8600	-0.00000000	-0.00000000	-0.00000000	-0.00000000	-0.00000000	-0.00000000	-1244418.50	0.00000000	0.00000000	0.00000000	0.00000000
   14.8700	-0.00000000	-0.00000000	-0.00000000	-0.00000000	-0.00000000	-0.00000000	-1244418.50	0.00000000	0.00000000	0.00000000	0.00000000
   14.8800	-0.00000000	-0.00000000	-0.00000000	-0.00000000	-0.00000000	-0.00000000	-1244418.50	0.00000000	0.00000000	0.00000000	0.00000000
   14.8900	-0.00000000	-0.00000000	-0.00000000	-0.00000000	-0.00000000	-0.00000000	-1244418.50	0.00000000	0.00000000	0.00000000	0.00000000
   14.9000	-0.00000000	-0.00000000	-0.00000000	-0.00000000	-0.00000000	-0.00000000	-1244418.50	0.00000000	0.00000000	0.00000000	0.00000000
   14.9100	-0.00000000	-0.00000000	-0.00000000	-0.00000000	-0.00000000	-0.00000000	-1244418.50	0.00000000	0.00000000	0.00000000	0.00000000
   14.9200	-0.00000000	-0.00000000	-0.00000000	-0.00000000	-0.00000000	-0.00000000	-1244418.50	0.00000000	0.00000000	0.00000000	0.00000000
   14.9300	-0.00000000	-0.00000000	-0.00000000	-0.00000000	-0.00000000	-0.00000000	-1244418.50	0.00000000	0.00000000	0.00000000	0.00000000
   14.9400	-0.00000000	-0.00000000	-0.00000000	-0.00000000	-0.00000000	-0.00000000	-1244418.50	0.00000000	0.00000000	0.00000000	0.00000000
   14.9500	-0.00000000	-0.00000000	-0.00000000	-0.00000000	-0.00000000	-0.00000000	-1244418.50	0.00000000	0.00000000	0.00000000	0.00000000
   14.9600	-0.00000000	-0.00000000	-0.00000000	-0.00000000	-0.00000000	-0.00000000	-1244418.50	0.00000000	0.00000000	0.00000000	0.00000000
   14.9700	-0.00000000	-0.00000000	-0.00000000	-0.00000000	-0.00000000	-0.00000000	-1244418.50	0.00000000	0.00000000	0.00000000	0.00000000
   14.9800	-0.00000000	-0.00000000	-0.00000000	-0.00000000	-0.00000000	-0.00000000	-1244418.50	0.00000000	0.00000000	0.00000000	0.00000000
   14.9900	-0.00000000	-0.00000000	-0.00000000	-0.00000000	-0.00000000	-0.00000000	-1244418.50	0.00000000	0.00000000	0.00000000	0.00000000
   15.0000	-0.00000000	-0.00000000	-0.00000000	-0.00000000	-0.00000000	-0.00000000	-1244418.50	0.00000000	0.00000000	0.00000000	0.00000000
   15.0100	-0.00000000	-0.00000000	-0.00000000	-0.00000000	-0.00000000	-0.00000000	-1244418.50	0.00000000	0.00000000	0.00000000	0.00000000
   15.0200	-0.00000000	-0.00000000	-0.00000000	-0.00000000	-0.00000000	-0.00000000	-1244418.50	0.00000000	0.00000000	0.00000000	0.00000000
   15.0300	-0.00000000	-0.00000000	-0.00000000	-0.00000000	-0.00000000	-0.00000000	-1244418.50	0.00000000	0.00000000	0.00000000	0.00000000
   15.0400	-0.00000000	-0.00000000	-0.00000000	-0.00000000	-0.00000000	-0.00000000	-1244418.50	0.00000000	0.00000000	0.00000000	0.00000000
   15.0500	-0.00000000	-0.00000000	-0.00000000	-0.00000000	-0.00000000	-0.00000000	-1244418.50	0.00000000	0.00000000	0.00000000	0.00000000
   15.0600	-0.00000000	-0.00000000	-0.00000000	-0.00000000	-0.00000000	-0.00000000	-1244418.50	0.00000000	0.00000000	0.00000000	0.00000000
   15.0700	-0.00000000	-0.00000000	-0.00000000	-0.00000000	-0.00000000	-0.00000000	-1244418.50	0.00000000	0.00000000	0.00000000	0.00000000
   15.0800	-0.00000000	-0.00000000	-0.00000000	-0.00000000	-0.00000000	-0.00000000	-1244418.50	0.00000000	0.00000000	0.00000000	0.00000000
   15.0900	-0.00000000	-0.00000000	-0.00000000	-0.00000000	-0.00000000	-0.00000000	-1244418.50	0.00000000	0.00000000	0.00000000	0.00000000
   15.1000	-0.00000000	-0.00000000	-0.00000000	-0.00000000	-0.00000000	-0.00000000	-1244418.50	0.00000000	0.00000000	0.00000000	0.00000000
   15.1100	-0.00000000	-0.00000000	-0.00000000	-0.00000000	-0.00000000	-0.00000000	-1244418.50	0.00000000	0.00000000	0.00000000	0.00000000
   15.1200	-0.00000000	-0.00000000	-0.00000000	-0.00000000	-0.00000000	-0.00000000	-1244418.50	0.00000000	0.00000000	0.00000000	0.00000000
   15.1300	-0.00000000	-0.00000000	-0.00000000	-0.00000000	-0.00000000	-0.00000000	-1244418.50	0.00000000	0.00000000	0.00000000	0.00000000
   15.1400	-0.00000000	-0.00000000	-0.00000000	-0.00000000	-0.00000000	-0.00000000	-1244418.50	0.00000000	0.00000000	0.00000000	0.00000000
   15.1500	-0.00000000	-0.00000000	-0.00000000	-0.00000000	-0.00000000	-0.00000000	-1244418.50	0.00000000	0.00000000	0.00000000	0.00000000
   15.1600	-0.00000000	-0.00000000	-0.00000000	-0.00000000	-0.00000000	-0.00000000	-1244418.50	0.00000000	0.00000000	0.00000000	0.00000000
   15.1700	-0.00000000	-0.00000000	-0.00000000	-0.00000000	-0.00000000	-0.00000000	-1244418.50	0.00000000	0.00000000	0.00000000	0.00000000
   15.1800	-0.00000000	-0.00000000	-0.00000000	-0.00000000	-0.00000000	-0.00000000	-1244418.50	0.00000000	0.00000000	0.00000000	0.00000000
   15.1900	-0.00000000	-0.00000000	-0.00000000	-0.00000000	-0.00000000	-0.00000000	-1244418.50	0.00000000	0.00000000	0.00000000	0.00000000
   15.2000	-0.00000000	-0.00000000	-0.00000000	-0.00000000	-0.00000000	-0.00000000	-1244418.50	0.00000000	0.00000000	0.00000000	0.00000000
   15.2100	-0.00000000	-0.00000000	-0.00000000	-0.00000000	-0.00000000	-0.00000000	-1244418.50	0.00000000	0.00000000	0.00000000	0.00000000
   15.2200	-0.00000000	-0.00000000	-0.00000000	-0.00000000	-0.00000000	-0.00000000	-1244418.50	0.00000000	0.00000000	0.00000000	0.00000000
   15.2300	-0.00000000	-0.00000000	-0.00000000	-0.00000000	-0.00000000	-0.00000000	-1244418.50	0.00000000	0.00000000	0.00000000	0.00000000
   15.2400	-0.00000000	-0.00000000	-0.00000000	-0.00000000	-0.00000000	-0.00000000	-1244418.50	0.00000000	0.00000000	0.00000000	0.00000000
   15.2500	-0.00000000	-0.00000000	-0.00000000	-0.00000000	-0.00000000	-0.00000000	-1244418.50	0.00000000	0.00000000	0.00000000	0.00000000
   15.2600	-0.00000000	-0.00000000	-0.00000000	-0.00000000	-0.00000000	-0.00000000	-1244418.50	0.00000000	0.00000000	0.00000000	0.00000000
   15.2700	-0.00000000	-0.00000000	-0.00000000	-0.00000000	-0.00000000	-0.00000000	-1244418.50	0.00000000	0.00000000	0.00000000	0.00000000
   15.2800	-0.00000000	-0.00000000	-0.00000000	-0.00000000	-0.00000000	-0.00000000	-1244418.50	0.00000000	0.00000000	0.00000000	0.00000000
   15.2900	-0.00000000	-0.00000000	-0.00000000	-0.00000000	-0.00000000	-0.00000000	-1244418.50	0.00000000	0.00000000	0.00000000	0.00000000
   15.3000	-0.00000000	-0.00000000	-0.00000000	-0.00000000	-0.00000000	-0.00000000	-1244418.50	0.00000000	0.00000000	0.00000000	0.00000000
   15.3100	-0.00000000	-0.00000000	-0.00000000	-0.00000000	-0.00000000	-0.00000000	-1244418.50	0.00000000	0.00000000	0.00000000	0.00000000
   15.3200	-0.00000000	-0.00000000	-0.00000000	-0.00000000	-0.00000000	-0.00000000	-1244418.50	0.00000000	0.00000000	0.00000000	0.00000000
   15.3300	-0.00000000	-0.00000000	-0.00000000	-0.00000000	-0.00000000	-0.00000000	-1244418.50	0.00000000	0.00000000	0.00000000	0.00000000
   15.3400	-0.00000000	-0.00000000	-0.00000000	-0.00000000	-0.00000000	-0.00000000	-1244418.50	0.00000000	0.00000000	0.00000000	0.00000000
   15.3500	-0.00000000	-0.00000000	-0.00000000	-0.00000000	-0.00000000	-0.00000000	-1244418.50	0.00000000	0.00000000	0.00000000	0.00000000
   15.3600	-0.00000000	-0.00000000	-0.00000000	-0.00000000	-0.00000000	-0.00000000	-1244418.50	0.00000000	0.00000000	0.00000000	0.00000000
   15.3700	-0.00000000	-0.00000000	-0.00000000	-0.00000000	-0.00000000	-0.00000000	-1244418.50	0.00000000	0.00000000	0.00000000	0.00000000
   15.3800	-0.00000000	-0.00000000	-0.00000000	-0.00000000	-0.00000000	-0.00000000	-1244418.50	0.00000000	0.00000000	0.00000000	0.00000000
   15.3900	-0.00000000	-0.00000000	-0.00000000	-0.00000000	-0.00000000	-0.00000000	-1244418.50	0.00000000	0.00000000	0.00000000	0.00000000
   15.4000	-0.00000000	-0.00000000	-0.00000000	-0.00000000	-0.00000000	-0.00000000	-1244418.50	0.00000000	0.00000000	0.00000000	0.00000000
   15.4100	-0.00000000	-0.00000000	-0.00000000	-0.00000000	-0.00000000	-0.00000000	-1244418.50	0.00000000	0.00000000	0.00000000	0.00000000
   15.4200	-0.00000000	-0.00000000	-0.00000000	-0.00000000	-0.00000000	-0.00000000	-1244418.50	0.00000000	0.00000000	0.00000000	0.00000000
   15.4300	-0.00000000	-0.00000000	-0.00000000	-0.00000000	-0.00000000	-0.00000000	-1244418.50	0.00000000	0.00000000	0.00000000	0.00000000
   15.4400	-0.00000000	-0.00000000	-0.00000000	-0.00000000	-0.00000000	-0.00000000	-1244418.50	0.00000000	0.00000000	0.00000000	0.00000000
   15.4500	-0.00000000	-0.00000000	-0.00000000	-0.00000000	-0.00000000	-0.00000000	-1244418.50	0.00000000	0.00000000	0.00000000	0.00000000
   15.4600	-0.00000000	-0.00000000	-0.00000000	-0.00000000	-0.00000000	-0.00000000	-1244418.50	0.00000000	0.00000000	0.00000000	0.00000000
   15.4700	-0.00000000	-0.00000000	-0.00000000	-0.00000000	-0.00000000	-0.00000000	-1244418.50	0.00000000	0.00000000	0.00000000	0.00000000
   15.4800	-0.00000000	-0.00000000	-0.00000000	-0.00000000	-0.00000000	-0.00000000	-1244418.50	0.00000000	0.00000000	0.00000000	0.00000000
   15.4900	-0.00000000	-0.00000000	-0.00000000	-0.00000000	-0.00000000	-0.00000000	-1244418.50	0.00000000	0.00000000	0.00000000	0.00000000
   15.5000	-0.00000000	-0.00000000	-0.00000000	-0.00000000	-0.00000000	-0.00000000	-1244418.50	0.00000000	0.00000000	0.00000000	0.00000000
   15.5100	-0.00000000	-0.00000000	-0.00000000	-0.00000000	-0.00000000	-0.00000000	-1244418.50	0.00000000	0.00000000	0.00000000	0.00000000
   15.5200	-0.00000000	-0.00000000	-0.00000000	-0.00000000	-0.00000000	-0.00000000	-1244418.50	0.00000000	0.00000000	0.00000000	0.00000000
   15.5300	-0.00000000	-0.00000000	-0.00000000	-0.00000000	-0.00000000	-0.00000000	-1244418.50	0.00000000	0.00000000	0.00000000	0.00000000
   15.5400	-0.00000000	-0.00000000	-0.00000000	-0.00000000	-0.00000000	-0.00000000	-1244418.50	0.00000000	0.00000000	0.00000000	0.00000000
   15.5500	-0.00000000	-0.00000000	-0.00000000	-0.00000000	-0.00000000	-0.00000000	-1244418.50	0.00000000	0.00000000	0.00000000	0.00000000
   15.5600	-0.00000000	-0.00000000	-0.00000000	-0.00000000	-0.00000000	-0.00000000	-1244418.50	0.00000000	0.00000000	0.00000000	0.00000000
   15.5700	-0.00000000	-0.00000000	-0.00000000	-0.00000000	-0.00000000	-0.00000000	-1244418.50	0.00000000	0.00000000	0.00000000	0.00000000
   15.5800	-0.00000000	-0.00000000	-0.00000000	-0.00000000	-0.00000000	-0.00000000	-1244418.50	0.00000000	0.00000000	0.00000000	0.00000000
   15.5900	-0.00000000	-0.00000000	-0.00000000	-0.00000000	-0.00000000	-0.00000000	-1244418.50	0.00000000	0.00000000	0.00000000	0.00000000
   15.6000	-0.00000000	-0.00000000	-0.00000000	-0.00000000	-0.00000000	-0.00000000	-1244418.50	0.00000000	0.00000000	0.00000000	0.00000000
   15.6100	-0.00000000	-0.00000000	-0.00000000	-0.00000000	-0.00000000	-0.00000000	-1244418.50	0.00000000	0.00000000	0.00000000	0.00000000
   15.6200	-0.00000000	-0.00000000	-0.00000000	-0.00000000	-0.00000000	-0.00000000	-1244418.50	0.00000000	0.00000000	0.00000000	0.00000000
   15.6300	-0.00000000	-0.00000000	-0.00000000	-0.00000000	-0.00000000	-0.00000000	-1244418.50	0.00000000	0.00000000	0.00000000	0.00000000
   15.6400	-0.00000000	-0.00000000	-0.00000000	-0.00000000	-0.00000000	-0.00000000	-1244418.50	0.00000000	0.00000000	0.00000000	0.00000000
   15.6500	-0.00000000	-0.00000000	-0.00000000	-0.00000000	-0.00000000	-0.00000000	-1244418.50	0.00000000	0.00000000	0.00000000	0.00000000
   15.6600	-0.00000000	-0.00000000	-0.00000000	-0.00000000	-0.00000000	-0.00000000	-1244418.50	0.00000000	0.00000000	0.00000000	0.00000000
   15.6700	-0.00000000	-0.00000000	-0.00000000	-0.00000000	-0.00000000	-0.00000000	-1244418.50	0.00000000	0.00000000	0.00000000	0.00000000
   15.6800	-0.00000000	-0.00000000	-0.00000000	-0.00000000	-0.00000000	-0.00000000	-1244418.50	0.00000000	0.00000000	0.00000000	0.00000000
   15.6900	-0.00000000	-0.00000000	-0.00000000	-0.00000000	-0.00000000	-0.00000000	-1244418.50	0.00000000	0.00000000	0.00000000	0.00000000
   15.7000	-0.00000000	-0.00000000	-0.00000000	-0.00000000	-0.00000000	-0.00000000	-1244418.50	0.00000000	0.00000000	0.00000000	0.00000000
   15.7100	-0.00000000	-0.00000000	-0.00000000	-0.00000000	-0.00000000	-0.00000000	-1244418.50	0.00000000	0.00000000	0.00000000	0.00000000
   15.7200	-0.00000000	-0.00000000	-0.00000000	-0.00000000	-0.00000000	-0.00000000	-1244418.50	0.00000000	0.00000000	0.00000000	0.00000000
   15.7300	-0.00000000	-0.00000000	-0.00000000	-0.00000000	-0.00000000	-0.00000000	-1244418.50	0.00000000	0.00000000	0.00000000	0.00000000
   15.7400	-0.00000000	-0.00000000	-0.00000000	-0.00000000	-0.00000000	-0.00000000	-1244418.50	0.00000000	0.00000000	0.00000000	0.00000000
   15.7500	-0.00000000	-0.00000000	-0.00000000	-0.00000000	-0.00000000	-0.00000000	-1244418.50	0.00000000	0.00000000	0.00000000	0.00000000
   15.7600	-0.00000000	-0.00000000	-0.00000000	-0.00000000	-0.00000000	-0.00000000	-1244418.50	0.00000000	0.00000000	0.00000000	0.00000000
   15.7700	-0.00000000	-0.00000000	-0.00000000	-0.00000000	-0.00000000	-0.00000000	-1244418.50	0.00000000	0.00000000	0.00000000	0.00000000
   15.7800	-0.00000000	-0.00000000	-0.00000000	-0.00000000	-0.00000000	-0.00000000	-1244418.50	0.00000000	0.00000000	0.00000000	0.00000000
   15.7900	-0.00000000	-0.00000000	-0.00000000	-0.00000000	-0.00000000	-0.00000000	-1244418.50	0.00000000	0.00000000	0.00000000	0.00000000
   15.8000	-0.00000000	-0.00000000	-0.00000000	-0.00000000	-0.00000000	-0.00000000	-1244418.50	0.00000000	0.00000000	0.00000000	0.00000000
   15.8100	-0.00000000	-0.00000000	-0.00000000	-0.00000000	-0.00000000	-0.00000000	-1244418.50	0.00000000	0.00000000	0.00000000	0.00000000
   15.8200	-0.00000000	-0.00000000	-0.00000000	-0.00000000	-0.00000000	-0.00000000	-1244418.50	0.00000000	0.00000000	0.00000000	0.00000000
   15.8300	-0.00000000	-0.00000000	-0.00000000	-0.00000000	-0.00000000	-0.00000000	-1244418.50	0.00000000	0.00000000	0.00000000	0.00000000
   15.8400	-0.00000000	-0.00000000	-0.00000000	-0.00000000	-0.00000000	-0.00000000	-1244418.50	0.00000000	0.00000000	0.00000000	0.00000000
   15.8500	-0.00000000	-0.00000000	-0.00000000	-0.00000000	-0.00000000	-0.00000000	-1244418.50	0.00000000	0.00000000	0.00000000	0.00000000
   15.8600	-0.00000000	-0.00000000	-0.00000000	-0.00000000	-0.00000000	-0.00000000	-1244418.50	0.00000000	0.00000000	0.00000000	0.00000000
   15.8700	-0.00000000	-0.00000000	-0.00000000	-0.00000000	-0.00000000	-0.00000000	-1244418.50	0.00000000	0.00000000	0.00000000	0.00000000
   15.8800	-0.00000000	-0.00000000	-0.00000000	-0.00000000	-0.00000000	-0.00000000	-1244418.50	0.00000000	0.00000000	0.00000000	0.00000000
   15.8900	-0.00000000	-0.00000000	-0.00000000	-0.00000000	-0.00000000	-0.00000000	-1244418.50	0.00000000	0.00000000	0.00000000	0.00000000
   15.9000	-0.00000000	-0.00000000	-0.00000000	-0.00000000	-0.00000000	-0.00000000	-1244418.50	0.00000000	0.00000000	0.00000000	0.00000000
   15.9100	-0.00000000	-0.00000000	-0.00000000	-0.00000000	-0.00000000	-0.00000000	-1244418.50	0.00000000	0.00000000	0.00000000	0.00000000
   15.9200	-0.00000000	-0.00000000	-0.00000000	-0.00000000	-0.00000000	-0.00000000	-1244418.50	0.00000000	0.00000000	0.00000000	0.00000000
   15.9300	-0.00000000	-0.00000000	-0.00000000	-0.00000000	-0.00000000	-0.00000000	-1244418.50	0.00000000	0.00000000	0.00000000	0.00000000
   15.9400	-0.00000000	-0.00000000	-0.00000000	-0.00000000	-0.00000000	-0.00000000	-1244418.50	0.00000000	0.00000000	0.00000000	0.00000000
   15.9500	-0.00000000	-0.00000000	-0.00000000	-0.00000000	-0.00000000	-0.00000000	-1244418.50	0.00000000	0.00000000	0.00000000	0.00000000
   15.9600	-0.00000000	-0.00000000	-0.00000000	-0.00000000	-0.00000000	-0.00000000	-1244418.50	0.00000000	0.00000000	0.00000000	0.00000000
   15.9700	-0.00000000	-0.00000000	-0.00000000	-0.00000000	-0.00000000	-0.00000000	-1244418.50	0.00000000	0.00000000	0.00000000	0.00000000
   15.9800	-0.00000000	-0.00000000	-0.00000000	-0.00000000	-0.00000000	-0.00000000	-1244418.50	0.00000000	0.00000000	0.00000000	0.00000000
   15.9900	-0.00000000	-0.00000000	-0.00000000	-0.00000000	-0.00000000	-0.00000000	-1244418.50	0.00000000	0.00000000	0.00000000	0.00000000
   16.0000	-0.00000000	-0.00000000	-0.00000000	-0.00000000	-0.00000000	-0.00000000	-1244418.50	0.00000000	0.00000000	0.00000000	0.00000000
   16.0100	-0.00000000	-0.00000000	-0.00000000	-0.00000000	-0.00000000	-0.00000000	-1244418.50	0.00000000	0.00000000	0.00000000	0.00000000
   16.0200	-0.00000000	-0.00000000	-0.00000000	-0.00000000	-0.00000000	-0.00000000	-1244418.50	0.00000000	0.00000000	0.00000000	0.00000000
   16.0300	-0.00000000	-0.00000000	-0.00000000	-0.00000000	-0.00000000	-0.00000000	-1244418.50	0.00000000	0.00000000	0.00000000	0.00000000
   16.0400	-0.00000000	-0.00000000	-0.00000000	-0.00000000	-0.00000000	-0.00000000	-1244418.50	0.00000000	0.00000000	0.00000000	0.00000000
   16.0500	-0.00000000	-0.00000000	-0.00000000	-0.00000000	-0.00000000	-0.00000000	-1244418.50	0.00000000	0.00000000	0.00000000	0.00000000
   16.0600	-0.00000000	-0.00000000	-0.00000000	-0.00000000	-0.00000000	-0.00000000	-1244418.50	0.00000000	0.00000000	0.00000000	0.00000000
   16.0700	-0.00000000	-0.00000000	-0.00000000	-0.00000000	-0.00000000	-0.00000000	-1244418.50	0.00000000	0.00000000	0.00000000	0.00000000
   16.0800	-0.00000000	-0.00000000	-0.00000000	-0.00000000	-0.00000000	-0.00000000	-1244418.50	0.00000000	0.00000000	0.00000000	0.00000000
   16.0900	-0.00000000	-0.00000000	-0.00000000	-0.00000000	-0.00000000	-0.00000000	-1244418.50	0.00000000	0.00000000	0.00000000	0.00000000
   16.1000	-0.00000000	-0.00000000	-0.00000000	-0.00000000	-0.00000000	-0.00000000	-1244418.50	0.00000000	0.00000000	0.00000000	0.00000000
   16.1100	-0.00000000	-0.00000000	-0.00000000	-0.00000000	-0.00000000	-0.00000000	-1244418.50	0.00000000	0.00000000	0.00000000	0.00000000
   16.1200	-0.00000000	-0.00000000	-0.00000000	-0.00000000	-0.00000000	-0.00000000	-1244418.50	0.00000000	0.00000000	0.00000000	0.00000000
   16.1300	-0.00000000	-0.00000000	-0.00000000	-0.00000000	-0.00000000	-0.00000000	-1244418.50	0.00000000	0.00000000	0.00000000	0.00000000
   16.1400	-0.00000000	-0.00000000	-0.00000000	-0.00000000	-0.00000000	-0.00000000	-1244418.50	0.00000000	0.00000000	0.00000000	0.00000000
   16.1500	-0.00000000	-0.00000000	-0.00000000	-0.00000000	-0.00000000	-0.00000000	-1244418.50	0.00000000	0.00000000	0.00000000	0.00000000
   16.1600	-0.00000000	-0.00000000	-0.00000000	-0.00000000	-0.00000000	-0.00000000	-1244418.50	0.00000000	0.00000000	0.00000000	0.00000000
   16.1700	-0.00000000	-0.00000000	-0.00000000	-0.00000000	-0.00000000	-0.00000000	-1244418.50	0.00000000	0.00000000	0.00000000	0.00000000
   16.1800	-0.00000000	-0.00000000	-0.00000000	-0.00000000	-0.00000000	-0.00000000	-1244418.50	0.00000000	0.00000000	0.00000000	0.00000000
   16.1900	-0.00000000	-0.00000000	-0.00000000	-0.00000000	-0.00000000	-0.00000000	-1244418.50	0.00000000	0.00000000	0.00000000	0.00000000
   16.2000	-0.00000000	-0.00000000	-0.00000000	-0.00000000	-0.00000000	-0.00000000	-1244418.50	0.00000000	0.00000000	0.00000000	0.00000000
   16.2100	-0.00000000	-0.00000000	-0.00000000	-0.00000000	-0.00000000	-0.00000000	-1244418.50	0.00000000	0.00000000	0.00000000	0.00000000
   16.2200	-0.00000000	-0.00000000	-0.00000000	-0.00000000	-0.00000000	-0.00000000	-1244418.50	0.00000000	0.00000000	0.00000000	0.00000000
   16.2300	-0.00000000	-0.00000000	-0.00000000	-0.00000000	-0.00000000	-0.00000000	-1244418.50	0.00000000	0.00000000	0.00000000	0.00000000
   16.2400	-0.00000000	-0.00000000	-0.00000000	-0.00000000	-0.00000000	-0.00000000	-1244418.50	0.00000000	0.00000000	0.00000000	0.00000000
   16.2500	-0.00000000	-0.00000000	-0.00000000	-0.00000000	-0.00000000	-0.00000000	-1244418.50	0.00000000	0.00000000	0.00000000	0.00000000
   16.2600	-0.00000000	-0.00000000	-0.00000000	-0.00000000	-0.00000000	-0.00000000	-1244418.50	0.00000000	0.00000000	0.00000000	0.00000000
   16.2700	-0.00000000	-0.00000000	-0.00000000	-0.00000000	-0.00000000	-0.00000000	-1244418.50	0.00000000	0.00000000	0.00000000	0.00000000
   16.2800	-0.00000000	-0.00000000	-0.00000000	-0.00000000	-0.00000000	-0.00000000	-1244418.50	0.00000000	0.00000000	0.00000000	0.00000000
   16.2900	-0.00000000	-0.00000000	-0.00000000	-0.00000000	-0.00000000	-0.00000000	-1244418.50	0.00000000	0.00000000	0.00000000	0.00000000
   16.3000	-0.00000000	-0.00000000	-0.00000000	-0.00000000	-0.00000000	-0.00000000	-1244418.50	0.00000000	0.00000000	0.00000000	0.00000000
   16.3100	-0.00000000	-0.00000000	-0.00000000	-0.00000000	-0.00000000	-0.00000000	-1244418.50	0.00000000	0.00000000	0.00000000	0.00000000
   16.3200	-0.00000000	-0.00000000	-0.00000000	-0.00000000	-0.00000000	-0.00000000	-1244418.50	0.00000000	0.00000000	0.00000000	0.00000000
   16.3300	-0.00000000	-0.00000000	-0.00000000	-0.00000000	-0.00000000	-0.00000000	-1244418.50	0.00000000	0.00000000	0.00000000	0.00000000
   16.3400	-0.00000000	-0.00000000	-0.00000000	-0.00000000	-0.00000000	-0.00000000	-1244418.50	0.00000000	0.00000000	0.00000000	0.00000000
   16.3500	-0.00000000	-0.00000000	-0.00000000	-0.00000000	-0.00000000	-0.00000000	-1244418.50	0.00000000	0.00000000	0.00000000	0.00000000
   16.3600	-0.00000000	-0.00000000	-0.00000000	-0.00000000	-0.00000000	-0.00000000	-1244418.50	0.00000000	0.00000000	0.00000000	0.00000000
   16.3700	-0.00000000	-0.00000000	-0.00000000	-0.00000000	-0.00000000	-0.00000000	-1244418.50	0.00000000	0.00000000	0.00000000	0.00000000
   16.3800	-0.00000000	-0.00000000	-0.00000000	-0.00000000	-0.00000000	-0.00000000	-1244418.50	0.00000000	0.00000000	0.00000000	0.00000000
   16.3900	-0.00000000	-0.00000000	-0.00000000	-0.00000000	-0.00000000	-0.00000000	-1244418.50	0.00000000	0.00000000	0.00000000	0.00000000
   16.4000	-0.00000000	-0.00000000	-0.00000000	-0.00000000	-0.00000000	-0.00000000	-1244418.50	0.00000000	0.00000000	0.00000000	0.00000000
   16.4100	-0.00000000	-0.00000000	-0.00000000	-0.00000000	-0.00000000	-0.00000000	-1244418.50	0.00000000	0.00000000	0.00000000	0.00000000
   16.4200	-0.00000000	-0.00000000	-0.00000000	-0.00000000	-0.00000000	-0.00000000	-1244418.50	0.00000000	0.00000000	0.00000000	0.00000000
   16.4300	-0.00000000	-0.00000000	-0.00000000	-0.00000000	-0.00000000	-0.00000000	-1244418.50	0.00000000	0.00000000	0.00000000	0.00000000
   16.4400	-0.00000000	-0.00000000	-0.00000000	-0.00000000	-0.00000000	-0.00000000	-1244418.50	0.00000000	0.00000000	0.00000000	0.00000000
   16.4500	-0.00000000	-0.00000000	-0.00000000	-0.00000000	-0.00000000	-0.00000000	-1244418.50	0.00000000	0.00000000	0.00000000	0.00000000
   16.4600	-0.00000000	-0.00000000	-0.00000000	-0.00000000	-0.00000000	-0.00000000	-1244418.50	0.00000000	0.00000000	0.00000000	0.00000000
   16.4700	-0.00000000	-0.00000000	-0.00000000	-0.00000000	-0.00000000	-0.00000000	-1244418.50	0.00000000	0.00000000	0.00000000	0.00000000
   16.4800	-0.00000000	-0.00000000	-0.00000000	-0.00000000	-0.00000000	-0.00000000	-1244418.50	0.00000000	0.00000000	0.00000000	0.00000000
   16.4900	-0.00000000	-0.00000000	-0.00000000	-0.00000000	-0.00000000	-0.00000000	-1244418.50	0.00000000	0.00000000	0.00000000	0.00000000
   16.5000	-0.00000000	-0.00000000	-0.00000000	-0.00000000	-0.00000000	-0.00000000	-1244418.50	0.00000000	0.00000000	0.00000000	0.00000000
   16.5100	-0.00000000	-0.00000000	-0.00000000	-0.00000000	-0.00000000	-0.00000000	-1244418.50	0.00000000	0.00000000	0.00000000	0.00000000
   16.5200	-0.00000000	-0.00000000	-0.00000000	-0.00000000	-0.00000000	-0.00000000	-1244418.50	0.00000000	0.00000000	0.00000000	0.00000000
   16.5300	-0.00000000	-0.00000000	-0.00000000	-0.00000000	-0.00000000	-0.00000000	-1244418.50	0.00000000	0.00000000	0.00000000	0.00000000
   16.5400	-0.00000000	-0.00000000	-0.00000000	-0.00000000	-0.00000000	-0.00000000	-1244418.50	0.00000000	0.00000000	0.00000000	0.00000000
   16.5500	-0.00000000	-0.00000000	-0.00000000	-0.00000000	-0.00000000	-0.00000000	-1244418.50	0.00000000	0.00000000	0.00000000	0.00000000
   16.5600	-0.00000000	-0.00000000	-0.00000000	-0.00000000	-0.00000000	-0.00000000	-1244418.50	0.00000000	0.00000000	0.00000000	0.00000000
   16.5700	-0.00000000	-0.00000000	-0.00000000	-0.00000000	-0.00000000	-0.00000000	-1244418.50	0.00000000	0.00000000	0.00000000	0.00000000
   16.5800	-0.00000000	-0.00000000	-0.00000000	-0.00000000	-0.00000000	-0.00000000	-1244418.50	0.00000000	0.00000000	0.00000000	0.00000000
   16.5900	-0.00000000	-0.00000000	-0.00000000	-0.00000000	-0.00000000	-0.00000000	-1244418.50	0.00000000	0.00000000	0.00000000	0.00000000
   16.6000	-0.00000000	-0.00000000	-0.00000000	-0.00000000	-0.00000000	-0.00000000	-1244418.50	0.00000000	0.00000000	0.00000000	0.00000000
   16.6100	-0.00000000	-0.00000000	-0.00000000	-0.00000000	-0.00000000	-0.00000000	-1244418.50	0.00000000	0.00000000	0.00000000	0.00000000
   16.6200	-0.00000000	-0.00000000	-0.00000000	-0.00000000	-0.00000000	-0.00000000	-1244418.50	0.00000000	0.00000000	0.00000000	0.00000000
   16.6300	-0.00000000	-0.00000000	-0.00000000	-0.00000000	-0.00000000	-0.00000000	-1244418.50	0.00000000	0.00000000	0.00000000	0.00000000
   16.6400	-0.00000000	-0.00000000	-0.00000000	-0.00000000	-0.00000000	-0.00000000	-1244418.50	0.00000000	0.00000000	0.00000000	0.00000000
   16.6500	-0.00000000	-0.00000000	-0.00000000	-0.00000000	-0.00000000	-0.00000000	-1244418.50	0.00000000	0.00000000	0.00000000	0.00000000
   16.6600	-0.00000000	-0.00000000	-0.00000000	-0.00000000	-0.00000000	-0.00000000	-1244418.50	0.00000000	0.00000000	0.00000000	0.00000000
   16.6700	-0.00000000	-0.00000000	-0.00000000	-0.00000000	-0.00000000	-0.00000000	-1244418.50	0.00000000	0.00000000	0.00000000	0.00000000
   16.6800	-0.00000000	-0.00000000	-0.00000000	-0.00000000	-0.00000000	-0.00000000	-1244418.50	0.00000000	0.00000000	0.00000000	0.00000000
   16.6900	-0.00000000	-0.00000000	-0.00000000	-0.00000000	-0.00000000	-0.00000000	-1244418.50	0.00000000	0.00000000	0.00000000	0.00000000
   16.7000	-0.00000000	-0.00000000	-0.00000000	-0.00000000	-0.00000000	-0.00000000	-1244418.50	0.00000000	0.00000000	0.00000000	0.00000000
   16.7100	-0.00000000	-0.00000000	-0.00000000	-0.00000000	-0.00000000	-0.00000000	-1244418.50	0.00000000	0.00000000	0.00000000	0.00000000
   16.7200	-0.00000000	-0.00000000	-0.00000000	-0.00000000	-0.00000000	-0.00000000	-1244418.50	0.00000000	0.00000000	0.00000000	0.00000000
   16.7300	-0.00000000	-0.00000000	-0.00000000	-0.00000000	-0.00000000	-0.00000000	-1244418.50	0.00000000	0.00000000	0.00000000	0.00000000
   16.7400	-0.00000000	-0.00000000	-0.00000000	-0.00000000	-0.00000000	-0.00000000	-1244418.50	0.00000000	0.00000000	0.00000000	0.00000000
   16.7500	-0.00000000	-0.00000000	-0.00000000	-0.00000000	-0.00000000	-0.00000000	-1244418.50	0.00000000	0.00000000	0.00000000	0.00000000
   16.7600	-0.00000000	-0.00000000	-0.00000000	-0.00000000	-0.00000000	-0.00000000	-1244418.50	0.00000000	0.00000000	0.00000000	0.00000000
   16.7700	-0.00000000	-0.00000000	-0.00000000	-0.00000000	-0.00000000	-0.00000000	-1244418.50	0.00000000	0.00000000	0.00000000	0.00000000
   16.7800	-0.00000000	-0.00000000	-0.00000000	-0.00000000	-0.00000000	-0.00000000	-1244418.50	0.00000000	0.00000000	0.00000000	0.00000000
   16.7900	-0.00000000	-0.00000000	-0.00000000	-0.00000000	-0.00000000	-0.00000000	-1244418.50	0.00000000	0.00000000	0.00000000	0.00000000
   16.8000	-0.00000000	-0.00000000	-0.00000000	-0.00000000	-0.00000000	-0.00000000	-1244418.50	0.00000000	0.00000000	0.00000000	0.00000000
   16.8100	-0.00000000	-0.00000000	-0.00000000	-0.00000000	-0.00000000	-0.00000000	-1244418.50	0.00000000	0.00000000	0.00000000	0.00000000
   16.8200	-0.00000000	-0.00000000	-0.00000000	-0.00000000	-0.00000000	-0.00000000	-1244418.50	0.00000000	0.00000000	0.00000000	0.00000000
   16.8300	-0.00000000	-0.00000000	-0.00000000	-0.00000000	-0.00000000	-0.00000000	-1244418.50	0.00000000	0.00000000	0.00000000	0.00000000
   16.8400	-0.00000000	-0.00000000	-0.00000000	-0.00000000	-0.00000000	-0.00000000	-1244418.50	0.00000000	0.00000000	0.00000000	0.00000000
   16.8500	-0.00000000	-0.00000000	-0.00000000	-0.00000000	-0.00000000	-0.00000000	-1244418.50	0.00000000	0.00000000	0.00000000	0.00000000
   16.8600	-0.00000000	-0.00000000	-0.00000000	-0.00000000	-0.00000000	-0.00000000	-1244418.50	0.00000000	0.00000000	0.00000000	0.00000000
   16.8700	-0.00000000	-0.00000000	-0.00000000	-0.00000000	-0.00000000	-0.00000000	-1244418.50	0.00000000	0.00000000	0.00000000	0.00000000
   16.8800	-0.00000000	-0.00000000	-0.00000000	-0.00000000	-0.00000000	-0.00000000	-1244418.50	0.00000000	0.00000000	0.00000000	0.00000000
   16.8900	-0.00000000	-0.00000000	-0.00000000	-0.00000000	-0.00000000	-0.00000000	-1244418.50	0.00000000	0.00000000	0.00000000	0.00000000
   16.9000	-0.00000000	-0.00000000	-0.00000000	-0.00000000	-0.00000000	-0.00000000	-1244418.50	0.00000000	0.00000000	0.00000000	0.00000000
   16.9100	-0.00000000	-0.00000000	-0.00000000	-0.00000000	-0.00000000	-0.00000000	-1244418.50	0.00000000	0.00000000	0.00000000	0.00000000
   16.9200	-0.00000000	-0.00000000	-0.00000000	-0.00000000	-0.00000000	-0.00000000	-1244418.50	0.00000000	0.00000000	0.00000000	0.00000000
   16.9300	-0.00000000	-0.00000000	-0.00000000	-0.00000000	-0.00000000	-0.00000000	-1244418.50	0.00000000	0.00000000	0.00000000	0.00000000
   16.9400	-0.00000000	-0.00000000	-0.00000000	-0.00000000	-0.00000000	-0.00000000	-1244418.50	0.00000000	0.00000000	0.00000000	0.00000000
   16.9500	-0.00000000	-0.00000000	-0.00000000	-0.00000000	-0.00000000	-0.00000000	-1244418.50	0.00000000	0.00000000	0.00000000	0.00000000
   16.9600	-0.00000000	-0.00000000	-0.00000000	-0.00000000	-0.00000000	-0.00000000	-1244418.50	0.00000000	0.00000000	0.00000000	0.00000000
   16.9700	-0.00000000	-0.00000000	-0.00000000	-0.00000000	-0.00000000	-0.00000000	-1244418.50	0.00000000	0.00000000	0.00000000	0.00000000
   16.9800	-0.00000000	-0.00000000	-0.00000000	-0.00000000	-0.00000000	-0.00000000	-1244418.50	0.00000000	0.00000000	0.00000000	0.00000000
   16.9900	-0.00000000	-0.00000000	-0.00000000	-0.00000000	-0.00000000	-0.00000000	-1244418.50	0.00000000	0.00000000	0.00000000	0.00000000
   17.0000	-0.00000000	-0.00000000	-0.00000000	-0.00000000	-0.00000000	-0.00000000	-1244418.50	0.00000000	0.00000000	0.00000000	0.00000000
   17.0100	-0.00000000	-0.00000000	-0.00000000	-0.00000000	-0.00000000	-0.00000000	-1244418.50	0.00000000	0.00000000	0.00000000	0.00000000
   17.0200	-0.00000000	-0.00000000	-0.00000000	-0.00000000	-0.00000000	-0.00000000	-1244418.50	0.00000000	0.00000000	0.00000000	0.00000000
   17.0300	-0.00000000	-0.00000000	-0.00000000	-0.00000000	-0.00000000	-0.00000000	-1244418.50	0.00000000	0.00000000	0.00000000	0.00000000
   17.0400	-0.00000000	-0.00000000	-0.00000000	-0.00000000	-0.00000000	-0.00000000	-1244418.50	0.00000000	0.00000000	0.00000000	0.00000000
   17.0500	-0.00000000	-0.00000000	-0.00000000	-0.00000000	-0.00000000	-0.00000000	-1244418.50	0.00000000	0.00000000	0.00000000	0.00000000
   17.0600	-0.00000000	-0.00000000	-0.00000000	-0.00000000	-0.00000000	-0.00000000	-1244418.50	0.00000000	0.00000000	0.00000000	0.00000000
   17.0700	-0.00000000	-0.00000000	-0.00000000	-0.00000000	-0.00000000	-0.00000000	-1244418.50	0.00000000	0.00000000	0.00000000	0.00000000
   17.0800	-0.00000000	-0.00000000	-0.00000000	-0.00000000	-0.00000000	-0.00000000	-1244418.50	0.00000000	0.00000000	0.00000000	0.00000000
   17.0900	-0.00000000	-0.00000000	-0.00000000	-0.00000000	-0.00000000	-0.00000000	-1244418.50	0.00000000	0.00000000	0.00000000	0.00000000
   17.1000	-0.00000000	-0.00000000	-0.00000000	-0.00000000	-0.00000000	-0.00000000	-1244418.50	0.00000000	0.00000000	0.00000000	0.00000000
   17.1100	-0.00000000	-0.00000000	-0.00000000	-0.00000000	-0.00000000	-0.00000000	-1244418.50	0.00000000	0.00000000	0.00000000	0.00000000
   17.1200	-0.00000000	-0.00000000	-0.00000000	-0.00000000	-0.00000000	-0.00000000	-1244418.50	0.00000000	0.00000000	0.00000000	0.00000000
   17.1300	-0.00000000	-0.00000000	-0.00000000	-0.00000000	-0.00000000	-0.00000000	-1244418.50	0.00000000	0.00000000	0.00000000	0.00000000
   17.1400	-0.00000000	-0.00000000	-0.00000000	-0.00000000	-0.00000000	-0.00000000	-1244418.50	0.00000000	0.00000000	0.00000000	0.00000000
   17.1500	-0.00000000	-0.00000000	-0.00000000	-0.00000000	-0.00000000	-0.00000000	-1244418.50	0.00000000	0.00000000	0.00000000	0.00000000
   17.1600	-0.00000000	-0.00000000	-0.00000000	-0.00000000	-0.00000000	-0.00000000	-1244418.50	0.00000000	0.00000000	0.00000000	0.00000000
   17.1700	-0.00000000	-0.00000000	-0.00000000	-0.00000000	-0.00000000	-0.00000000	-1244418.50	0.00000000	0.00000000	0.00000000	0.00000000
   17.1800	-0.00000000	-0.00000000	-0.00000000	-0.00000000	-0.00000000	-0.00000000	-1244418.50	0.00000000	0.00000000	0.00000000	0.00000000
   17.1900	-0.00000000	-0.00000000	-0.00000000	-0.00000000	-0.00000000	-0.00000000	-1244418.50	0.00000000	0.00000000	0.00000000	0.00000000
   17.2000	-0.00000000	-0.00000000	-0.00000000	-0.00000000	-0.00000000	-0.00000000	-1244418.50	0.00000000	0.00000000	0.00000000	0.00000000
   17.2100	-0.00000000	-0.00000000	-0.00000000	-0.00000000	-0.00000000	-0.00000000	-1244418.50	0.00000000	0.00000000	0.00000000	0.00000000
   17.2200	-0.00000000	-0.00000000	-0.00000000	-0.00000000	-0.00000000	-0.00000000	-1244418.50	0.00000000	0.00000000	0.00000000	0.00000000
   17.2300	-0.00000000	-0.00000000	-0.00000000	-0.00000000	-0.00000000	-0.00000000	-1244418.50	0.00000000	0.00000000	0.00000000	0.00000000
   17.2400	-0.00000000	-0.00000000	-0.00000000	-0.00000000	-0.00000000	-0.00000000	-1244418.50	0.00000000	0.00000000	0.00000000	0.00000000
   17.2500	-0.00000000	-0.00000000	-0.00000000	-0.00000000	-0.00000000	-0.00000000	-1244418.50	0.00000000	0.00000000	0.00000000	0.00000000
   17.2600	-0.00000000	-0.00000000	-0.00000000	-0.00000000	-0.00000000	-0.00000000	-1244418.50	0.00000000	0.00000000	0.00000000	0.00000000
   17.2700	-0.00000000	-0.00000000	-0.00000000	-0.00000000	-0.00000000	-0.00000000	-1244418.50	0.00000000	0.00000000	0.00000000	0.00000000
   17.2800	-0.00000000	-0.00000000	-0.00000000	-0.00000000	-0.00000000	-0.00000000	-1244418.50	0.00000000	0.00000000	0.00000000	0.00000000
   17.2900	-0.00000000	-0.00000000	-0.00000000	-0.00000000	-0.00000000	-0.00000000	-1244418.50	0.00000000	0.00000000	0.00000000	0.00000000
   17.3000	-0.00000000	-0.00000000	-0.00000000	-0.00000000	-0.00000000	-0.00000000	-1244418.50	0.00000000	0.00000000	0.00000000	0.00000000
   17.3100	-0.00000000	-0.00000000	-0.00000000	-0.00000000	-0.00000000	-0.00000000	-1244418.50	0.00000000	0.00000000	0.00000000	0.00000000
   17.3200	-0.00000000	-0.00000000	-0.00000000	-0.00000000	-0.00000000	-0.00000000	-1244418.50	0.00000000	0.00000000	0.00000000	0.00000000
   17.3300	-0.00000000	-0.00000000	-0.00000000	-0.00000000	-0.00000000	-0.00000000	-1244418.50	0.00000000	0.00000000	0.00000000	0.00000000
   17.3400	-0.00000000	-0.00000000	-0.00000000	-0.00000000	-0.00000000	-0.00000000	-1244418.50	0.00000000	0.00000000	0.00000000	0.00000000
   17.3500	-0.00000000	-0.00000000	-0.00000000	-0.00000000	-0.00000000	-0.00000000	-1244418.50	0.00000000	0.00000000	0.00000000	0.00000000
   17.3600	-0.00000000	-0.00000000	-0.00000000	-0.00000000	-0.00000000	-0.00000000	-1244418.50	0.00000000	0.00000000	0.00000000	0.00000000
   17.3700	-0.00000000	-0.00000000	-0.00000000	-0.00000000	-0.00000000	-0.00000000	-1244418.50	0.00000000	0.00000000	0.00000000	0.00000000
   17.3800	-0.00000000	-0.00000000	-0.00000000	-0.00000000	-0.00000000	-0.00000000	-1244418.50	0.00000000	0.00000000	0.00000000	0.00000000
   17.3900	-0.00000000	-0.00000000	-0.00000000	-0.00000000	-0.00000000	-0.00000000	-1244418.50	0.00000000	0.00000000	0.00000000	0.00000000
   17.4000	-0.00000000	-0.00000000	-0.00000000	-0.00000000	-0.00000000	-0.00000000	-1244418.50	0.00000000	0.00000000	0.00000000	0.00000000
   17.4100	-0.00000000	-0.00000000	-0.00000000	-0.00000000	-0.00000000	-0.00000000	-1244418.50	0.00000000	0.00000000	0.00000000	0.00000000
   17.4200	-0.00000000	-0.00000000	-0.00000000	-0.00000000	-0.00000000	-0.00000000	-1244418.50	0.00000000	0.00000000	0.00000000	0.00000000
   17.4300	-0.00000000	-0.00000000	-0.00000000	-0.00000000	-0.00000000	-0.00000000	-1244418.50	0.00000000	0.00000000	0.00000000	0.00000000
   17.4400	-0.00000000	-0.00000000	-0.00000000	-0.00000000	-0.00000000	-0.00000000	-1244418.50	0.00000000	0.00000000	0.00000000	0.00000000
   17.4500	-0.00000000	-0.00000000	-0.00000000	-0.00000000	-0.00000000	-0.00000000	-1244418.50	0.00000000	0.00000000	0.00000000	0.00000000
   17.4600	-0.00000000	-0.00000000	-0.00000000	-0.00000000	-0.00000000	-0.00000000	-1244418.50	0.00000000	0.00000000	0.00000000	0.00000000
   17.4700	-0.00000000	-0.00000000	-0.00000000	-0.00000000	-0.00000000	-0.00000000	-1244418.50	0.00000000	0.00000000	0.00000000	0.00000000
   17.4800	-0.00000000	-0.00000000	-0.00000000	-0.00000000	-0.00000000	-0.00000000	-1244418.50	0.00000000	0.00000000	0.00000000	0.00000000
   17.4900	-0.00000000	-0.00000000	-0.00000000	-0.00000000	-0.00000000	-0.00000000	-1244418.50	0.00000000	0.00000000	0.00000000	0.00000000
   17.5000	-0.00000000	-0.00000000	-0.00000000	-0.00000000	-0.00000000	-0.00000000	-1244418.50	0.00000000	0.00000000	0.00000000	0.00000000
   17.5100	-0.00000000	-0.00000000	-0.00000000	-0.00000000	-0.00000000	-0.00000000	-1244418.50	0.00000000	0.00000000	0.00000000	0.00000000
   17.5200	-0.00000000	-0.00000000	-0.00000000	-0.00000000	-0.00000000	-0.00000000	-1244418.50	0.00000000	0.00000000	0.00000000	0.00000000
   17.5300	-0.00000000	-0.00000000	-0.00000000	-0.00000000	-0.00000000	-0.00000000	-1244418.50	0.00000000	0.00000000	0.00000000	0.00000000
   17.5400	-0.00000000	-0.00000000	-0.00000000	-0.00000000	-0.00000000	-0.00000000	-1244418.50	0.00000000	0.00000000	0.00000000	0.00000000
   17.5500	-0.00000000	-0.00000000	-0.00000000	-0.00000000	-0.00000000	-0.00000000	-1244418.50	0.00000000	0.00000000	0.00000000	0.00000000
   17.5600	-0.00000000	-0.00000000	-0.00000000	-0.00000000	-0.00000000	-0.00000000	-1244418.50	0.00000000	0.00000000	0.00000000	0.00000000
   17.5700	-0.00000000	-0.00000000	-0.00000000	-0.00000000	-0.00000000	-0.00000000	-1244418.50	0.00000000	0.00000000	0.00000000	0.00000000
   17.5800	-0.00000000	-0.00000000	-0.00000000	-0.00000000	-0.00000000	-0.00000000	-1244418.50	0.00000000	0.00000000	0.00000000	0.00000000
   17.5900	-0.00000000	-0.00000000	-0.00000000	-0.00000000	-0.00000000	-0.00000000	-1244418.50	0.00000000	0.00000000	0.00000000	0.00000000
   17.6000	-0.00000000	-0.00000000	-0.00000000	-0.00000000	-0.00000000	-0.00000000	-1244418.50	0.00000000	0.00000000	0.00000000	0.00000000
   17.6100	-0.00000000	-0.00000000	-0.00000000	-0.00000000	-0.00000000	-0.00000000	-1244418.50	0.00000000	0.00000000	0.00000000	0.00000000
   17.6200	-0.00000000	-0.00000000	-0.00000000	-0.00000000	-0.00000000	-0.00000000	-1244418.50	0.00000000	0.00000000	0.00000000	0.00000000
   17.6300	-0.00000000	-0.00000000	-0.00000000	-0.00000000	-0.00000000	-0.00000000	-1244418.50	0.00000000	0.00000000	0.00000000	0.00000000
   17.6400	-0.00000000	-0.00000000	-0.00000000	-0.00000000	-0.00000000	-0.00000000	-1244418.50	0.00000000	0.00000000	0.00000000	0.00000000
   17.6500	-0.00000000	-0.00000000	-0.00000000	-0.00000000	-0.00000000	-0.00000000	-1244418.50	0.00000000	0.00000000	0.00000000	0.00000000
   17.6600	-0.00000000	-0.00000000	-0.00000000	-0.00000000	-0.00000000	-0.00000000	-1244418.50	0.00000000	0.00000000	0.00000000	0.00000000
   17.6700	-0.00000000	-0.00000000	-0.00000000	-0.00000000	-0.00000000	-0.00000000	-1244418.50	0.00000000	0.00000000	0.00000000	0.00000000
   17.6800	-0.00000000	-0.00000000	-0.00000000	-0.00000000	-0.00000000	-0.00000000	-1244418.50	0.00000000	0.00000000	0.00000000	0.00000000
   17.6900	-0.00000000	-0.00000000	-0.00000000	-0.00000000	-0.00000000	-0.00000000	-1244418.50	0.00000000	0.00000000	0.00000000	0.00000000
   17.7000	-0.00000000	-0.00000000	-0.00000000	-0.00000000	-0.00000000	-0.00000000	-1244418.50	0.00000000	0.00000000	0.00000000	0.00000000
   17.7100	-0.00000000	-0.00000000	-0.00000000	-0.00000000	-0.00000000	-0.00000000	-1244418.50	0.00000000	0.00000000	0.00000000	0.00000000
   17.7200	-0.00000000	-0.00000000	-0.00000000	-0.00000000	-0.00000000	-0.00000000	-1244418.50	0.00000000	0.00000000	0.00000000	0.00000000
   17.7300	-0.00000000	-0.00000000	-0.00000000	-0.00000000	-0.00000000	-0.00000000	-1244418.50	0.00000000	0.00000000	0.00000000	0.00000000
   17.7400	-0.00000000	-0.00000000	-0.00000000	-0.00000000	-0.00000000	-0.00000000	-1244418.50	0.00000000	0.00000000	0.00000000	0.00000000
   17.7500	-0.00000000	-0.00000000	-0.00000000	-0.00000000	-0.00000000	-0.00000000	-1244418.50	0.00000000	0.00000000	0.00000000	0.00000000
   17.7600	-0.00000000	-0.00000000	-0.00000000	-0.00000000	-0.00000000	-0.00000000	-1244418.50	0.00000000	0.00000000	0.00000000	0.00000000
   17.7700	-0.00000000	-0.00000000	-0.00000000	-0.00000000	-0.00000000	-0.00000000	-1244418.50	0.00000000	0.00000000	0.00000000	0.00000000
   17.7800	-0.00000000	-0.00000000	-0.00000000	-0.00000000	-0.00000000	-0.00000000	-1244418.50	0.00000000	0.00000000	0.00000000	0.00000000
   17.7900	-0.00000000	-0.00000000	-0.00000000	-0.00000000	-0.00000000	-0.00000000	-1244418.50	0.00000000	0.00000000	0.00000000	0.00000000
   17.8000	-0.00000000	-0.00000000	-0.00000000	-0.00000000	-0.00000000	-0.00000000	-1244418.50	0.00000000	0.00000000	0.00000000	0.00000000
   17.8100	-0.00000000	-0.00000000	-0.00000000	-0.00000000	-0.00000000	-0.00000000	-1244418.50	0.00000000	0.00000000	0.00000000	0.00000000
   17.8200	-0.00000000	-0.00000000	-0.00000000	-0.00000000	-0.00000000	-0.00000000	-1244418.50	0.00000000	0.00000000	0.00000000	0.00000000
   17.8300	-0.00000000	-0.00000000	-0.00000000	-0.00000000	-0.00000000	-0.00000000	-1244418.50	0.00000000	0.00000000	0.00000000	0.00000000
   17.8400	-0.00000000	-0.00000000	-0.00000000	-0.00000000	-0.00000000	-0.00000000	-1244418.50	0.00000000	0.00000000	0.00000000	0.00000000
   17.8500	-0.00000000	-0.00000000	-0.00000000	-0.00000000	-0.00000000	-0.00000000	-1244418.50	0.00000000	0.00000000	0.00000000	0.00000000
   17.8600	-0.00000000	-0.00000000	-0.00000000	-0.00000000	-0.00000000	-0.00000000	-1244418.50	0.00000000	0.00000000	0.00000000	0.00000000
   17.8700	-0.00000000	-0.00000000	-0.00000000	-0.00000000	-0.00000000	-0.00000000	-1244418.50	0.00000000	0.00000000	0.00000000	0.00000000
   17.8800	-0.00000000	-0.00000000	-0.00000000	-0.00000000	-0.00000000	-0.00000000	-1244418.50	0.00000000	0.00000000	0.00000000	0.00000000
   17.8900	-0.00000000	-0.00000000	-0.00000000	-0.00000000	-0.00000000	-0.00000000	-1244418.50	0.00000000	0.00000000	0.00000000	0.00000000
   17.9000	-0.00000000	-0.00000000	-0.00000000	-0.00000000	-0.00000000	-0.00000000	-1244418.50	0.00000000	0.00000000	0.00000000	0.00000000
   17.9100	-0.00000000	-0.00000000	-0.00000000	-0.00000000	-0.00000000	-0.00000000	-1244418.50	0.00000000	0.00000000	0.00000000	0.00000000
   17.9200	-0.00000000	-0.00000000	-0.00000000	-0.00000000	-0.00000000	-0.00000000	-1244418.50	0.00000000	0.00000000	0.00000000	0.00000000
   17.9300	-0.00000000	-0.00000000	-0.00000000	-0.00000000	-0.00000000	-0.00000000	-1244418.50	0.00000000	0.00000000	0.00000000	0.00000000
   17.9400	-0.00000000	-0.00000000	-0.00000000	-0.00000000	-0.00000000	-0.00000000	-1244418.50	0.00000000	0.00000000	0.00000000	0.00000000
   17.9500	-0.00000000	-0.00000000	-0.00000000	-0.00000000	-0.00000000	-0.00000000	-1244418.50	0.00000000	0.00000000	0.00000000	0.00000000
   17.9600	-0.00000000	-0.00000000	-0.00000000	-0.00000000	-0.00000000	-0.00000000	-1244418.50	0.00000000	0.00000000	0.00000000	0.00000000
   17.9700	-0.00000000	-0.00000000	-0.00000000	-0.00000000	-0.00000000	-0.00000000	-1244418.50	0.00000000	0.00000000	0.00000000	0.00000000
   17.9800	-0.00000000	-0.00000000	-0.00000000	-0.00000000	-0.00000000	-0.00000000	-1244418.50	0.00000000	0.00000000	0.00000000	0.00000000
   17.9900	-0.00000000	-0.00000000	-0.00000000	-0.00000000	-0.00000000	-0.00000000	-1244418.50	0.00000000	0.00000000	0.00000000	0.00000000
   18.0000	-0.00000000	-0.00000000	-0.00000000	-0.00000000	-0.00000000	-0.00000000	-1244418.50	0.00000000	0.00000000	0.00000000	0.00000000
   18.0100	-0.00000000	-0.00000000	-0.00000000	-0.00000000	-0.00000000	-0.00000000	-1244418.50	0.00000000	0.00000000	0.00000000	0.00000000
   18.0200	-0.00000000	-0.00000000	-0.00000000	-0.00000000	-0.00000000	-0.00000000	-1244418.50	0.00000000	0.00000000	0.00000000	0.00000000
   18.0300	-0.00000000	-0.00000000	-0.00000000	-0.00000000	-0.00000000	-0.00000000	-1244418.50	0.00000000	0.00000000	0.00000000	0.00000000
   18.0400	-0.00000000	-0.00000000	-0.00000000	-0.00000000	-0.00000000	-0.00000000	-1244418.50	0.00000000	0.00000000	0.00000000	0.00000000
   18.0500	-0.00000000	-0.00000000	-0.00000000	-0.00000000	-0.00000000	-0.00000000	-1244418.50	0.00000000	0.00000000	0.00000000	0.00000000
   18.0600	-0.00000000	-0.00000000	-0.00000000	-0.00000000	-0.00000000	-0.00000000	-1244418.50	0.00000000	0.00000000	0.00000000	0.00000000
   18.0700	-0.00000000	-0.00000000	-0.00000000	-0.00000000	-0.00000000	-0.00000000	-1244418.50	0.00000000	0.00000000	0.00000000	0.00000000
   18.0800	-0.00000000	-0.00000000	-0.00000000	-0.00000000	-0.00000000	-0.00000000	-1244418.50	0.00000000	0.00000000	0.00000000	0.00000000
   18.0900	-0.00000000	-0.00000000	-0.00000000	-0.00000000	-0.00000000	-0.00000000	-1244418.50	0.00000000	0.00000000	0.00000000	0.00000000
   18.1000	-0.00000000	-0.00000000	-0.00000000	-0.00000000	-0.00000000	-0.00000000	-1244418.50	0.00000000	0.00000000	0.00000000	0.00000000
   18.1100	-0.00000000	-0.00000000	-0.00000000	-0.00000000	-0.00000000	-0.00000000	-1244418.50	0.00000000	0.00000000	0.00000000	0.00000000
   18.1200	-0.00000000	-0.00000000	-0.00000000	-0.00000000	-0.00000000	-0.00000000	-1244418.50	0.00000000	0.00000000	0.00000000	0.00000000
   18.1300	-0.00000000	-0.00000000	-0.00000000	-0.00000000	-0.00000000	-0.00000000	-1244418.50	0.00000000	0.00000000	0.00000000	0.00000000
   18.1400	-0.00000000	-0.00000000	-0.00000000	-0.00000000	-0.00000000	-0.00000000	-1244418.50	0.00000000	0.00000000	0.00000000	0.00000000
   18.1500	-0.00000000	-0.00000000	-0.00000000	-0.00000000	-0.00000000	-0.00000000	-1244418.50	0.00000000	0.00000000	0.00000000	0.00000000
   18.1600	-0.00000000	-0.00000000	-0.00000000	-0.00000000	-0.00000000	-0.00000000	-1244418.50	0.00000000	0.00000000	0.00000000	0.00000000
   18.1700	-0.00000000	-0.00000000	-0.00000000	-0.00000000	-0.00000000	-0.00000000	-1244418.50	0.00000000	0.00000000	0.00000000	0.00000000
   18.1800	-0.00000000	-0.00000000	-0.00000000	-0.00000000	-0.00000000	-0.00000000	-1244418.50	0.00000000	0.00000000	0.00000000	0.00000000
   18.1900	-0.00000000	-0.00000000	-0.00000000	-0.00000000	-0.00000000	-0.00000000	-1244418.50	0.00000000	0.00000000	0.00000000	0.00000000
   18.2000	-0.00000000	-0.00000000	-0.00000000	-0.00000000	-0.00000000	-0.00000000	-1244418.50	0.00000000	0.00000000	0.00000000	0.00000000
   18.2100	-0.00000000	-0.00000000	-0.00000000	-0.00000000	-0.00000000	-0.00000000	-1244418.50	0.00000000	0.00000000	0.00000000	0.00000000
   18.2200	-0.00000000	-0.00000000	-0.00000000	-0.00000000	-0.00000000	-0.00000000	-1244418.50	0.00000000	0.00000000	0.00000000	0.00000000
   18.2300	-0.00000000	-0.00000000	-0.00000000	-0.00000000	-0.00000000	-0.00000000	-1244418.50	0.00000000	0.00000000	0.00000000	0.00000000
   18.2400	-0.00000000	-0.00000000	-0.00000000	-0.00000000	-0.00000000	-0.00000000	-1244418.50	0.00000000	0.00000000	0.00000000	0.00000000
   18.2500	-0.00000000	-0.00000000	-0.00000000	-0.00000000	-0.00000000	-0.00000000	-1244418.50	0.00000000	0.00000000	0.00000000	0.00000000
   18.2600	-0.00000000	-0.00000000	-0.00000000	-0.00000000	-0.00000000	-0.00000000	-1244418.50	0.00000000	0.00000000	0.00000000	0.00000000
   18.2700	-0.00000000	-0.00000000	-0.00000000	-0.00000000	-0.00000000	-0.00000000	-1244418.50	0.00000000	0.00000000	0.00000000	0.00000000
   18.2800	-0.00000000	-0.00000000	-0.00000000	-0.00000000	-0.00000000	-0.00000000	-1244418.50	0.00000000	0.00000000	0.00000000	0.00000000
   18.2900	-0.00000000	-0.00000000	-0.00000000	-0.00000000	-0.00000000	-0.00000000	-1244418.50	0.00000000	0.00000000	0.00000000	0.00000000
   18.3000	-0.00000000	-0.00000000	-0.00000000	-0.00000000	-0.00000000	-0.00000000	-1244418.50	0.00000000	0.00000000	0.00000000	0.00000000
   18.3100	-0.00000000	-0.00000000	-0.00000000	-0.00000000	-0.00000000	-0.00000000	-1244418.50	0.00000000	0.00000000	0.00000000	0.00000000
   18.3200	-0.00000000	-0.00000000	-0.00000000	-0.00000000	-0.00000000	-0.00000000	-1244418.50	0.00000000	0.00000000	0.00000000	0.00000000
   18.3300	-0.00000000	-0.00000000	-0.00000000	-0.00000000	-0.00000000	-0.00000000	-1244418.50	0.00000000	0.00000000	0.00000000	0.00000000
   18.3400	-0.00000000	-0.00000000	-0.00000000	-0.00000000	-0.00000000	-0.00000000	-1244418.50	0.00000000	0.00000000	0.00000000	0.00000000
   18.3500	-0.00000000	-0.00000000	-0.00000000	-0.00000000	-0.00000000	-0.00000000	-1244418.50	0.00000000	0.00000000	0.00000000	0.00000000
   18.3600	-0.00000000	-0.00000000	-0.00000000	-0.00000000	-0.00000000	-0.00000000	-1244418.50	0.00000000	0.00000000	0.00000000	0.00000000
   18.3700	-0.00000000	-0.00000000	-0.00000000	-0.00000000	-0.00000000	-0.00000000	-1244418.50	0.00000000	0.00000000	0.00000000	0.00000000
   18.3800	-0.00000000	-0.00000000	-0.00000000	-0.00000000	-0.00000000	-0.00000000	-1244418.50	0.00000000	0.00000000	0.00000000	0.00000000
   18.3900	-0.00000000	-0.00000000	-0.00000000	-0.00000000	-0.00000000	-0.00000000	-1244418.50	0.00000000	0.00000000	0.00000000	0.00000000
   18.4000	-0.00000000	-0.00000000	-0.00000000	-0.00000000	-0.00000000	-0.00000000	-1244418.50	0.00000000	0.00000000	0.00000000	0.00000000
   18.4100	-0.00000000	-0.00000000	-0.00000000	-0.00000000	-0.00000000	-0.00000000	-1244418.50	0.00000000	0.00000000	0.00000000	0.00000000
   18.4200	-0.00000000	-0.00000000	-0.00000000	-0.00000000	-0.00000000	-0.00000000	-1244418.50	0.00000000	0.00000000	0.00000000	0.00000000
   18.4300	-0.00000000	-0.00000000	-0.00000000	-0.00000000	-0.00000000	-0.00000000	-1244418.50	0.00000000	0.00000000	0.00000000	0.00000000
   18.4400	-0.00000000	-0.00000000	-0.00000000	-0.00000000	-0.00000000	-0.00000000	-1244418.50	0.00000000	0.00000000	0.00000000	0.00000000
   18.4500	-0.00000000	-0.00000000	-0.00000000	-0.00000000	-0.00000000	-0.00000000	-1244418.50	0.00000000	0.00000000	0.00000000	0.00000000
   18.4600	-0.00000000	-0.00000000	-0.00000000	-0.00000000	-0.00000000	-0.00000000	-1244418.50	0.00000000	0.00000000	0.00000000	0.00000000
   18.4700	-0.00000000	-0.00000000	-0.00000000	-0.00000000	-0.00000000	-0.00000000	-1244418.50	0.00000000	0.00000000	0.00000000	0.00000000
   18.4800	-0.00000000	-0.00000000	-0.00000000	-0.00000000	-0.00000000	-0.00000000	-1244418.50	0.00000000	0.00000000	0.00000000	0.00000000
   18.4900	-0.00000000	-0.00000000	-0.00000000	-0.00000000	-0.00000000	-0.00000000	-1244418.50	0.00000000	0.00000000	0.00000000	0.00000000
   18.5000	-0.00000000	-0.00000000	-0.00000000	-0.00000000	-0.00000000	-0.00000000	-1244418.50	0.00000000	0.00000000	0.00000000	0.00000000
   18.5100	-0.00000000	-0.00000000	-0.00000000	-0.00000000	-0.00000000	-0.00000000	-1244418.50	0.00000000	0.00000000	0.00000000	0.00000000
   18.5200	-0.00000000	-0.00000000	-0.00000000	-0.00000000	-0.00000000	-0.00000000	-1244418.50	0.00000000	0.00000000	0.00000000	0.00000000
   18.5300	-0.00000000	-0.00000000	-0.00000000	-0.00000000	-0.00000000	-0.00000000	-1244418.50	0.00000000	0.00000000	0.00000000	0.00000000
   18.5400	-0.00000000	-0.00000000	-0.00000000	-0.00000000	-0.00000000	-0.00000000	-1244418.50	0.00000000	0.00000000	0.00000000	0.00000000
   18.5500	-0.00000000	-0.00000000	-0.00000000	-0.00000000	-0.00000000	-0.00000000	-1244418.50	0.00000000	0.00000000	0.00000000	0.00000000
   18.5600	-0.00000000	-0.00000000	-0.00000000	-0.00000000	-0.00000000	-0.00000000	-1244418.50	0.00000000	0.00000000	0.00000000	0.00000000
   18.5700	-0.00000000	-0.00000000	-0.00000000	-0.00000000	-0.00000000	-0.00000000	-1244418.50	0.00000000	0.00000000	0.00000000	0.00000000
   18.5800	-0.00000000	-0.00000000	-0.00000000	-0.00000000	-0.00000000	-0.00000000	-1244418.50	0.00000000	0.00000000	0.00000000	0.00000000
   18.5900	-0.00000000	-0.00000000	-0.00000000	-0.00000000	-0.00000000	-0.00000000	-1244418.50	0.00000000	0.00000000	0.00000000	0.00000000
   18.6000	-0.00000000	-0.00000000	-0.00000000	-0.00000000	-0.00000000	-0.00000000	-1244418.50	0.00000000	0.00000000	0.00000000	0.00000000
   18.6100	-0.00000000	-0.00000000	-0.00000000	-0.00000000	-0.00000000	-0.00000000	-1244418.50	0.00000000	0.00000000	0.00000000	0.00000000
   18.6200	-0.00000000	-0.00000000	-0.00000000	-0.00000000	-0.00000000	-0.00000000	-1244418.50	0.00000000	0.00000000	0.00000000	0.00000000
   18.6300	-0.00000000	-0.00000000	-0.00000000	-0.00000000	-0.00000000	-0.00000000	-1244418.50	0.00000000	0.00000000	0.00000000	0.00000000
   18.6400	-0.00000000	-0.00000000	-0.00000000	-0.00000000	-0.00000000	-0.00000000	-1244418.50	0.00000000	0.00000000	0.00000000	0.00000000
   18.6500	-0.00000000	-0.00000000	-0.00000000	-0.00000000	-0.00000000	-0.00000000	-1244418.50	0.00000000	0.00000000	0.00000000	0.00000000
   18.6600	-0.00000000	-0.00000000	-0.00000000	-0.00000000	-0.00000000	-0.00000000	-1244418.50	0.00000000	0.00000000	0.00000000	0.00000000
   18.6700	-0.00000000	-0.00000000	-0.00000000	-0.00000000	-0.00000000	-0.00000000	-1244418.50	0.00000000	0.00000000	0.00000000	0.00000000
   18.6800	-0.00000000	-0.00000000	-0.00000000	-0.00000000	-0.00000000	-0.00000000	-1244418.50	0.00000000	0.00000000	0.00000000	0.00000000
   18.6900	-0.00000000	-0.00000000	-0.00000000	-0.00000000	-0.00000000	-0.00000000	-1244418.50	0.00000000	0.00000000	0.00000000	0.00000000
   18.7000	-0.00000000	-0.00000000	-0.00000000	-0.00000000	-0.00000000	-0.00000000	-1244418.50	0.00000000	0.00000000	0.00000000	0.00000000
   18.7100	-0.00000000	-0.00000000	-0.00000000	-0.00000000	-0.00000000	-0.00000000	-1244418.50	0.00000000	0.00000000	0.00000000	0.00000000
   18.7200	-0.00000000	-0.00000000	-0.00000000	-0.00000000	-0.00000000	-0.00000000	-1244418.50	0.00000000	0.00000000	0.00000000	0.00000000
   18.7300	-0.00000000	-0.00000000	-0.00000000	-0.00000000	-0.00000000	-0.00000000	-1244418.50	0.00000000	0.00000000	0.00000000	0.00000000
   18.7400	-0.00000000	-0.00000000	-0.00000000	-0.00000000	-0.00000000	-0.00000000	-1244418.50	0.00000000	0.00000000	0.00000000	0.00000000
   18.7500	-0.00000000	-0.00000000	-0.00000000	-0.00000000	-0.00000000	-0.00000000	-1244418.50	0.00000000	0.00000000	0.00000000	0.00000000
   18.7600	-0.00000000	-0.00000000	-0.00000000	-0.00000000	-0.00000000	-0.00000000	-1244418.50	0.00000000	0.00000000	0.00000000	0.00000000
   18.7700	-0.00000000	-0.00000000	-0.00000000	-0.00000000	-0.00000000	-0.00000000	-1244418.50	0.00000000	0.00000000	0.00000000	0.00000000
   18.7800	-0.00000000	-0.00000000	-0.00000000	-0.00000000	-0.00000000	-0.00000000	-1244418.50	0.00000000	0.00000000	0.00000000	0.00000000
   18.7900	-0.00000000	-0.00000000	-0.00000000	-0.00000000	-0.00000000	-0.00000000	-1244418.50	0.00000000	0.00000000	0.00000000	0.00000000
   18.8000	-0.00000000	-0.00000000	-0.00000000	-0.00000000	-0.00000000	-0.00000000	-1244418.50	0.00000000	0.00000000	0.00000000	0.00000000
   18.8100	-0.00000000	-0.00000000	-0.00000000	-0.00000000	-0.00000000	-0.00000000	-1244418.50	0.00000000	0.00000000	0.00000000	0.00000000
   18.8200	-0.00000000	-0.00000000	-0.00000000	-0.00000000	-0.00000000	-0.00000000	-1244418.50	0.00000000	0.00000000	0.00000000	0.00000000
   18.8300	-0.00000000	-0.00000000	-0.00000000	-0.00000000	-0.00000000	-0.00000000	-1244418.50	0.00000000	0.00000000	0.00000000	0.00000000
   18.8400	-0.00000000	-0.00000000	-0.00000000	-0.00000000	-0.00000000	-0.00000000	-1244418.50	0.00000000	0.00000000	0.00000000	0.00000000
   18.8500	-0.00000000	-0.00000000	-0.00000000	-0.00000000	-0.00000000	-0.00000000	-1244418.50	0.00000000	0.00000000	0.00000000	0.00000000
   18.8600	-0.00000000	-0.00000000	-0.00000000	-0.00000000	-0.00000000	-0.00000000	-1244418.50	0.00000000	0.00000000	0.00000000	0.00000000
   18.8700	-0.00000000	-0.00000000	-0.00000000	-0.00000000	-0.00000000	-0.00000000	-1244418.50	0.00000000	0.00000000	0.00000000	0.00000000
   18.8800	-0.00000000	-0.00000000	-0.00000000	-0.00000000	-0.00000000	-0.00000000	-1244418.50	0.00000000	0.00000000	0.00000000	0.00000000
   18.8900	-0.00000000	-0.00000000	-0.00000000	-0.00000000	-0.00000000	-0.00000000	-1244418.50	0.00000000	0.00000000	0.00000000	0.00000000
   18.9000	-0.00000000	-0.00000000	-0.00000000	-0.00000000	-0.00000000	-0.00000000	-1244418.50	0.00000000	0.00000000	0.00000000	0.00000000
   18.9100	-0.00000000	-0.00000000	-0.00000000	-0.00000000	-0.00000000	-0.00000000	-1244418.50	0.00000000	0.00000000	0.00000000	0.00000000
   18.9200	-0.00000000	-0.00000000	-0.00000000	-0.00000000	-0.00000000	-0.00000000	-1244418.50	0.00000000	0.00000000	0.00000000	0.00000000
   18.9300	-0.00000000	-0.00000000	-0.00000000	-0.00000000	-0.00000000	-0.00000000	-1244418.50	0.00000000	0.00000000	0.00000000	0.00000000
   18.9400	-0.00000000	-0.00000000	-0.00000000	-0.00000000	-0.00000000	-0.00000000	-1244418.50	0.00000000	0.00000000	0.00000000	0.00000000
   18.9500	-0.00000000	-0.00000000	-0.00000000	-0.00000000	-0.00000000	-0.00000000	-1244418.50	0.00000000	0.00000000	0.00000000	0.00000000
   18.9600	-0.00000000	-0.00000000	-0.00000000	-0.00000000	-0.00000000	-0.00000000	-1244418.50	0.00000000	0.00000000	0.00000000	0.00000000
   18.9700	-0.00000000	-0.00000000	-0.00000000	-0.00000000	-0.00000000	-0.00000000	-1244418.50	0.00000000	0.00000000	0.00000000	0.00000000
   18.9800	-0.00000000	-0.00000000	-0.00000000	-0.00000000	-0.00000000	-0.00000000	-1244418.50	0.00000000	0.00000000	0.00000000	0.00000000
   18.9900	-0.00000000	-0.00000000	-0.00000000	-0.00000000	-0.00000000	-0.00000000	-1244418.50	0.00000000	0.00000000	0.00000000	0.00000000
   19.0000	-0.00000000	-0.00000000	-0.00000000	-0.00000000	-0.00000000	-0.00000000	-1244418.50	0.00000000	0.00000000	0.00000000	0.00000000
   19.0100	-0.00000000	-0.00000000	-0.00000000	-0.00000000	-0.00000000	-0.00000000	-1244418.50	0.00000000	0.00000000	0.00000000	0.00000000
   19.0200	-0.00000000	-0.00000000	-0.00000000	-0.00000000	-0.00000000	-0.00000000	-1244418.50	0.00000000	0.00000000	0.00000000	0.00000000
   19.0300	-0.00000000	-0.00000000	-0.00000000	-0.00000000	-0.00000000	-0.00000000	-1244418.50	0.00000000	0.00000000	0.00000000	0.00000000
   19.0400	-0.00000000	-0.00000000	-0.00000000	-0.00000000	-0.00000000	-0.00000000	-1244418.50	0.00000000	0.00000000	0.00000000	0.00000000
   19.0500	-0.00000000	-0.00000000	-0.00000000	-0.00000000	-0.00000000	-0.00000000	-1244418.50	0.00000000	0.00000000	0.00000000	0.00000000
   19.0600	-0.00000000	-0.00000000	-0.00000000	-0.00000000	-0.00000000	-0.00000000	-1244418.50	0.00000000	0.00000000	0.00000000	0.00000000
   19.0700	-0.00000000	-0.00000000	-0.00000000	-0.00000000	-0.00000000	-0.00000000	-1244418.50	0.00000000	0.00000000	0.00000000	0.00000000
   19.0800	-0.00000000	-0.00000000	-0.00000000	-0.00000000	-0.00000000	-0.00000000	-1244418.50	0.00000000	0.00000000	0.00000000	0.00000000
   19.0900	-0.00000000	-0.00000000	-0.00000000	-0.00000000	-0.00000000	-0.00000000	-1244418.50	0.00000000	0.00000000	0.00000000	0.00000000
   19.1000	-0.00000000	-0.00000000	-0.00000000	-0.00000000	-0.00000000	-0.00000000	-1244418.50	0.00000000	0.00000000	0.00000000	0.00000000
   19.1100	-0.00000000	-0.00000000	-0.00000000	-0.00000000	-0.00000000	-0.00000000	-1244418.50	0.00000000	0.00000000	0.00000000	0.00000000
   19.1200	-0.00000000	-0.00000000	-0.00000000	-0.00000000	-0.00000000	-0.00000000	-1244418.50	0.00000000	0.00000000	0.00000000	0.00000000
   19.1300	-0.00000000	-0.00000000	-0.00000000	-0.00000000	-0.00000000	-0.00000000	-1244418.50	0.00000000	0.00000000	0.00000000	0.00000000
   19.1400	-0.00000000	-0.00000000	-0.00000000	-0.00000000	-0.00000000	-0.00000000	-1244418.50	0.00000000	0.00000000	0.00000000	0.00000000
   19.1500	-0.00000000	-0.00000000	-0.00000000	-0.00000000	-0.00000000	-0.00000000	-1244418.50	0.00000000	0.00000000	0.00000000	0.00000000
   19.1600	-0.00000000	-0.00000000	-0.00000000	-0.00000000	-0.00000000	-0.00000000	-1244418.50	0.00000000	0.00000000	0.00000000	0.00000000
   19.1700	-0.00000000	-0.00000000	-0.00000000	-0.00000000	-0.00000000	-0.00000000	-1244418.50	0.00000000	0.00000000	0.00000000	0.00000000
   19.1800	-0.00000000	-0.00000000	-0.00000000	-0.00000000	-0.00000000	-0.00000000	-1244418.50	0.00000000	0.00000000	0.00000000	0.00000000
   19.1900	-0.00000000	-0.00000000	-0.00000000	-0.00000000	-0.00000000	-0.00000000	-1244418.50	0.00000000	0.00000000	0.00000000	0.00000000
   19.2000	-0.00000000	-0.00000000	-0.00000000	-0.00000000	-0.00000000	-0.00000000	-1244418.50	0.00000000	0.00000000	0.00000000	0.00000000
   19.2100	-0.00000000	-0.00000000	-0.00000000	-0.00000000	-0.00000000	-0.00000000	-1244418.50	0.00000000	0.00000000	0.00000000	0.00000000
   19.2200	-0.00000000	-0.00000000	-0.00000000	-0.00000000	-0.00000000	-0.00000000	-1244418.50	0.00000000	0.00000000	0.00000000	0.00000000
   19.2300	-0.00000000	-0.00000000	-0.00000000	-0.00000000	-0.00000000	-0.00000000	-1244418.50	0.00000000	0.00000000	0.00000000	0.00000000
   19.2400	-0.00000000	-0.00000000	-0.00000000	-0.00000000	-0.00000000	-0.00000000	-1244418.50	0.00000000	0.00000000	0.00000000	0.00000000
   19.2500	-0.00000000	-0.00000000	-0.00000000	-0.00000000	-0.00000000	-0.00000000	-1244418.50	0.00000000	0.00000000	0.00000000	0.00000000
   19.2600	-0.00000000	-0.00000000	-0.00000000	-0.00000000	-0.00000000	-0.00000000	-1244418.50	0.00000000	0.00000000	0.00000000	0.00000000
   19.2700	-0.00000000	-0.00000000	-0.00000000	-0.00000000	-0.00000000	-0.00000000	-1244418.50	0.00000000	0.00000000	0.00000000	0.00000000
   19.2800	-0.00000000	-0.00000000	-0.00000000	-0.00000000	-0.00000000	-0.00000000	-1244418.50	0.00000000	0.00000000	0.00000000	0.00000000
   19.2900	-0.00000000	-0.00000000	-0.00000000	-0.00000000	-0.00000000	-0.00000000	-1244418.50	0.00000000	0.00000000	0.00000000	0.00000000
   19.3000	-0.00000000	-0.00000000	-0.00000000	-0.00000000	-0.00000000	-0.00000000	-1244418.50	0.00000000	0.00000000	0.00000000	0.00000000
   19.3100	-0.00000000	-0.00000000	-0.00000000	-0.00000000	-0.00000000	-0.00000000	-1244418.50	0.00000000	0.00000000	0.00000000	0.00000000
   19.3200	-0.00000000	-0.00000000	-0.00000000	-0.00000000	-0.00000000	-0.00000000	-1244418.50	0.00000000	0.00000000	0.00000000	0.00000000
   19.3300	-0.00000000	-0.00000000	-0.00000000	-0.00000000	-0.00000000	-0.00000000	-1244418.50	0.00000000	0.00000000	0.00000000	0.00000000
   19.3400	-0.00000000	-0.00000000	-0.00000000	-0.00000000	-0.00000000	-0.00000000	-1244418.50	0.00000000	0.00000000	0.00000000	0.00000000
   19.3500	-0.00000000	-0.00000000	-0.00000000	-0.00000000	-0.00000000	-0.00000000	-1244418.50	0.00000000	0.00000000	0.00000000	0.00000000
   19.3600	-0.00000000	-0.00000000	-0.00000000	-0.00000000	-0.00000000	-0.00000000	-1244418.50	0.00000000	0.00000000	0.00000000	0.00000000
   19.3700	-0.00000000	-0.00000000	-0.00000000	-0.00000000	-0.00000000	-0.00000000	-1244418.50	0.00000000	0.00000000	0.00000000	0.00000000
   19.3800	-0.00000000	-0.00000000	-0.00000000	-0.00000000	-0.00000000	-0.00000000	-1244418.50	0.00000000	0.00000000	0.00000000	0.00000000
   19.3900	-0.00000000	-0.00000000	-0.00000000	-0.00000000	-0.00000000	-0.00000000	-1244418.50	0.00000000	0.00000000	0.00000000	0.00000000
   19.4000	-0.00000000	-0.00000000	-0.00000000	-0.00000000	-0.00000000	-0.00000000	-1244418.50	0.00000000	0.00000000	0.00000000	0.00000000
   19.4100	-0.00000000	-0.00000000	-0.00000000	-0.00000000	-0.00000000	-0.00000000	-1244418.50	0.00000000	0.00000000	0.00000000	0.00000000
   19.4200	-0.00000000	-0.00000000	-0.00000000	-0.00000000	-0.00000000	-0.00000000	-1244418.50	0.00000000	0.00000000	0.00000000	0.00000000
   19.4300	-0.00000000	-0.00000000	-0.00000000	-0.00000000	-0.00000000	-0.00000000	-1244418.50	0.00000000	0.00000000	0.00000000	0.00000000
   19.4400	-0.00000000	-0.00000000	-0.00000000	-0.00000000	-0.00000000	-0.00000000	-1244418.50	0.00000000	0.00000000	0.00000000	0.00000000
   19.4500	-0.00000000	-0.00000000	-0.00000000	-0.00000000	-0.00000000	-0.00000000	-1244418.50	0.00000000	0.00000000	0.00000000	0.00000000
   19.4600	-0.00000000	-0.00000000	-0.00000000	-0.00000000	-0.00000000	-0.00000000	-1244418.50	0.00000000	0.00000000	0.00000000	0.00000000
   19.4700	-0.00000000	-0.00000000	-0.00000000	-0.00000000	-0.00000000	-0.00000000	-1244418.50	0.00000000	0.00000000	0.00000000	0.00000000
   19.4800	-0.00000000	-0.00000000	-0.00000000	-0.00000000	-0.00000000	-0.00000000	-1244418.50	0.00000000	0.00000000	0.00000000	0.00000000
   19.4900	-0.00000000	-0.00000000	-0.00000000	-0.00000000	-0.00000000	-0.00000000	-1244418.50	0.00000000	0.00000000	0.00000000	0.00000000
   19.5000	-0.00000000	-0.00000000	-0.00000000	-0.00000000	-0.00000000	-0.00000000	-1244418.50	0.00000000	0.00000000	0.00000000	0.00000000
   19.5100	-0.00000000	-0.00000000	-0.00000000	-0.00000000	-0.00000000	-0.00000000	-1244418.50	0.00000000	0.00000000	0.00000000	0.00000000
   19.5200	-0.00000000	-0.00000000	-0.00000000	-0.00000000	-0.00000000	-0.00000000	-1244418.50	0.00000000	0.00000000	0.00000000	0.00000000
   19.5300	-0.00000000	-0.00000000	-0.00000000	-0.00000000	-0.00000000	-0.00000000	-1244418.50	0.00000000	0.00000000	0.00000000	0.00000000
   19.5400	-0.00000000	-0.00000000	-0.00000000	-0.00000000	-0.00000000	-0.00000000	-1244418.50	0.00000000	0.00000000	0.00000000	0.00000000
   19.5500	-0.00000000	-0.00000000	-0.00000000	-0.00000000	-0.00000000	-0.00000000	-1244418.50	0.00000000	0.00000000	0.00000000	0.00000000
   19.5600	-0.00000000	-0.00000000	-0.00000000	-0.00000000	-0.00000000	-0.00000000	-1244418.50	0.00000000	0.00000000	0.00000000	0.00000000
   19.5700	-0.00000000	-0.00000000	-0.00000000	-0.00000000	-0.00000000	-0.00000000	-1244418.50	0.00000000	0.00000000	0.00000000	0.00000000
   19.5800	-0.00000000	-0.00000000	-0.00000000	-0.00000000	-0.00000000	-0.00000000	-1244418.50	0.00000000	0.00000000	0.00000000	0.00000000
   19.5900	-0.00000000	-0.00000000	-0.00000000	-0.00000000	-0.00000000	-0.00000000	-1244418.50	0.00000000	0.00000000	0.00000000	0.00000000
   19.6000	-0.00000000	-0.00000000	-0.00000000	-0.00000000	-0.00000000	-0.00000000	-1244418.50	0.00000000	0.00000000	0.00000000	0.00000000
   19.6100	-0.00000000	-0.00000000	-0.00000000	-0.00000000	-0.00000000	-0.00000000	-1244418.50	0.00000000	0.00000000	0.00000000	0.00000000
   19.6200	-0.00000000	-0.00000000	-0.00000000	-0.00000000	-0.00000000	-0.00000000	-1244418.50	0.00000000	0.00000000	0.00000000	0.00000000
   19.6300	-0.00000000	-0.00000000	-0.00000000	-0.00000000	-0.00000000	-0.00000000	-1244418.50	0.00000000	0.00000000	0.00000000	0.00000000
   19.6400	-0.00000000	-0.00000000	-0.00000000	-0.00000000	-0.00000000	-0.00000000	-1244418.50	0.00000000	0.00000000	0.00000000	0.00000000
   19.6500	-0.00000000	-0.00000000	-0.00000000	-0.00000000	-0.00000000	-0.00000000	-1244418.50	0.00000000	0.00000000	0.00000000	0.00000000
   19.6600	-0.00000000	-0.00000000	-0.00000000	-0.00000000	-0.00000000	-0.00000000	-1244418.50	0.00000000	0.00000000	0.00000000	0.00000000
   19.6700	-0.00000000	-0.00000000	-0.00000000	-0.00000000	-0.00000000	-0.00000000	-1244418.50	0.00000000	0.00000000	0.00000000	0.00000000
   19.6800	-0.00000000	-0.00000000	-0.00000000	-0.00000000	-0.00000000	-0.00000000	-1244418.50	0.00000000	0.00000000	0.00000000	0.00000000
   19.6900	-0.00000000	-0.00000000	-0.00000000	-0.00000000	-0.00000000	-0.00000000	-1244418.50	0.00000000	0.00000000	0.00000000	0.00000000
   19.7000	-0.00000000	-0.00000000	-0.00000000	-0.00000000	-0.00000000	-0.00000000	-1244418.50	0.00000000	0.00000000	0.00000000	0.00000000
   19.7100	-0.00000000	-0.00000000	-0.00000000	-0.00000000	-0.00000000	-0.00000000	-1244418.50	0.00000000	0.00000000	0.00000000	0.00000000
   19.7200	-0.00000000	-0.00000000	-0.00000000	-0.00000000	-0.00000000	-0.00000000	-1244418.50	0.00000000	0.00000000	0.00000000	0.00000000
   19.7300	-0.00000000	-0.00000000	-0.00000000	-0.00000000	-0.00000000	-0.00000000	-1244418.50	0.00000000	0.00000000	0.00000000	0.00000000
   19.7400	-0.00000000	-0.00000000	-0.00000000	-0.00000000	-0.00000000	-0.00000000	-1244418.50	0.00000000	0.00000000	0.00000000	0.00000000
   19.7500	-0.00000000	-0.00000000	-0.00000000	-0.00000000	-0.00000000	-0.00000000	-1244418.50	0.00000000	0.00000000	0.00000000	0.00000000
   19.7600	-0.00000000	-0.00000000	-0.00000000	-0.00000000	-0.00000000	-0.00000000	-1244418.50	0.00000000	0.00000000	0.00000000	0.00000000
   19.7700	-0.00000000	-0.00000000	-0.00000000	-0.00000000	-0.00000000	-0.00000000	-1244418.50	0.00000000	0.00000000	0.00000000	0.00000000
   19.7800	-0.00000000	-0.00000000	-0.00000000	-0.00000000	-0.00000000	-0.00000000	-1244418.50	0.00000000	0.00000000	0.00000000	0.00000000
   19.7900	-0.00000000	-0.00000000	-0.00000000	-0.00000000	-0.00000000	-0.00000000	-1244418.50	0.00000000	0.00000000	0.00000000	0.00000000
   19.8000	-0.00000000	-0.00000000	-0.00000000	-0.00000000	-0.00000000	-0.00000000	-1244418.50	0.00000000	0.00000000	0.00000000	0.00000000
   19.8100	-0.00000000	-0.00000000	-0.00000000	-0.00000000	-0.00000000	-0.00000000	-1244418.50	0.00000000	0.00000000	0.00000000	0.00000000
   19.8200	-0.00000000	-0.00000000	-0.00000000	-0.00000000	-0.00000000	-0.00000000	-1244418.50	0.00000000	0.00000000	0.00000000	0.00000000
   19.8300	-0.00000000	-0.00000000	-0.00000000	-0.00000000	-0.00000000	-0.00000000	-1244418.50	0.00000000	0.00000000	0.00000000	0.00000000
   19.8400	-0.00000000	-0.00000000	-0.00000000	-0.00000000	-0.00000000	-0.00000000	-1244418.50	0.00000000	0.00000000	0.00000000	0.00000000
   19.8500	-0.00000000	-0.00000000	-0.00000000	-0.00000000	-0.00000000	-0.00000000	-1244418.50	0.00000000	0.00000000	0.00000000	0.00000000
   19.8600	-0.00000000	-0.00000000	-0.00000000	-0.00000000	-0.00000000	-0.00000000	-1244418.50	0.00000000	0.00000000	0.00000000	0.00000000
   19.8700	-0.00000000	-0.00000000	-0.00000000	-0.00000000	-0.00000000	-0.00000000	-1244418.50	0.00000000	0.00000000	0.00000000	0.00000000
   19.8800	-0.00000000	-0.00000000	-0.00000000	-0.00000000	-0.00000000	-0.00000000	-1244418.50	0.00000000	0.00000000	0.00000000	0.00000000
   19.8900	-0.00000000	-0.00000000	-0.00000000	-0.00000000	-0.00000000	-0.00000000	-1244418.50	0.00000000	0.00000000	0.00000000	0.00000000
   19.9000	-0.00000000	-0.00000000	-0.00000000	-0.00000000	-0.00000000	-0.00000000	-1244418.50	0.00000000	0.00000000	0.00000000	0.00000000
   19.9100	-0.00000000	-0.00000000	-0.00000000	-0.00000000	-0.00000000	-0.00000000	-1244418.50	0.00000000	0.00000000	0.00000000	0.00000000
   19.9200	-0.00000000	-0.00000000	-0.00000000	-0.00000000	-0.00000000	-0.00000000	-1244418.50	0.00000000	0.00000000	0.00000000	0.00000000
   19.9300	-0.00000000	-0.00000000	-0.00000000	-0.00000000	-0.00000000	-0.00000000	-1244418.50	0.00000000	0.00000000	0.00000000	0.00000000
   19.9400	-0.00000000	-0.00000000	-0.00000000	-0.00000000	-0.00000000	-0.00000000	-1244418.50	0.00000000	0.00000000	0.00000000	0.00000000
   19.9500	-0.00000000	-0.00000000	-0.00000000	-0.00000000	-0.00000000	-0.00000000	-1244418.50	0.00000000	0.00000000	0.00000000	0.00000000
   19.9600	-0.00000000	-0.00000000	-0.00000000	-0.00000000	-0.00000000	-0.00000000	-1244418.50	0.00000000	0.00000000	0.00000000	0.00000000
   19.9700	-0.00000000	-0.00000000	-0.00000000	-0.00000000	-0.00000000	-0.00000000	-1244418.50	0.00000000	0.00000000	0.00000000	0.00000000
   19.9800	-0.00000000	-0.00000000	-0.00000000	-0.00000000	-0.00000000	-0.00000000	-1244418.50	0.00000000	0.00000000	0.00000000	0.00000000
   19.9900	-0.00000000	-0.00000000	-0.00000000	-0.00000000	-0.00000000	-0.00000000	-1244418.50	0.00000000	0.00000000	0.00000000	0.00000000
   20.0000	-0.00000000	-0.00000000	-0.00000000	-0.00000000	-0.00000000	-0.00000000	-1244418.50	0.00000000	0.00000000	0.00000000	0.00000000
   20.0100	-0.00000000	-0.00000000	-0.00000000	-0.00000000	-0.00000000	-0.00000000	-1244418.50	0.00000000	0.00000000	0.00000000	0.00000000
   20.0200	-0.00000000	-0.00000000	-0.00000000	-0.00000000	-0.00000000	-0.00000000	-1244418.50	0.00000000	0.00000000	0.00000000	0.00000000
   20.0300	-0.00000000	-0.00000000	-0.00000000	-0.00000000	-0.00000000	-0.00000000	-1244418.50	0.00000000	0.00000000	0.00000000	0.00000000
   20.0400	-0.00000000	-0.00000000	-0.00000000	-0.00000000	-0.00000000	-0.00000000	-1244418.50	0.00000000	0.00000000	0.00000000	0.00000000
   20.0500	-0.00000000	-0.00000000	-0.00000000	-0.00000000	-0.00000000	-0.00000000	-1244418.50	0.00000000	0.00000000	0.00000000	0.00000000
   20.0600	-0.00000000	-0.00000000	-0.00000000	-0.00000000	-0.00000000	-0.00000000	-1244418.50	0.00000000	0.00000000	0.00000000	0.00000000
   20.0700	-0.00000000	-0.00000000	-0.00000000	-0.00000000	-0.00000000	-0.00000000	-1244418.50	0.00000000	0.00000000	0.00000000	0.00000000
   20.0800	-0.00000000	-0.00000000	-0.00000000	-0.00000000	-0.00000000	-0.00000000	-1244418.50	0.00000000	0.00000000	0.00000000	0.00000000
   20.0900	-0.00000000	-0.00000000	-0.00000000	-0.00000000	-0.00000000	-0.00000000	-1244418.50	0.00000000	0.00000000	0.00000000	0.00000000
   20.1000	-0.00000000	-0.00000000	-0.00000000	-0.00000000	-0.00000000	-0.00000000	-1244418.50	0.00000000	0.00000000	0.00000000	0.00000000
   20.1100	-0.00000000	-0.00000000	-0.00000000	-0.00000000	-0.00000000	-0.00000000	-1244418.50	0.00000000	0.00000000	0.00000000	0.00000000
   20.1200	-0.00000000	-0.00000000	-0.00000000	-0.00000000	-0.00000000	-0.00000000	-1244418.50	0.00000000	0.00000000	0.00000000	0.00000000
   20.1300	-0.00000000	-0.00000000	-0.00000000	-0.00000000	-0.00000000	-0.00000000	-1244418.50	0.00000000	0.00000000	0.00000000	0.00000000
   20.1400	-0.00000000	-0.00000000	-0.00000000	-0.00000000	-0.00000000	-0.00000000	-1244418.50	0.00000000	0.00000000	0.00000000	0.00000000
   20.1500	-0.00000000	-0.00000000	-0.00000000	-0.00000000	-0.00000000	-0.00000000	-1244418.50	0.00000000	0.00000000	0.00000000	0.00000000
   20.1600	-0.00000000	-0.00000000	-0.00000000	-0.00000000	-0.00000000	-0.00000000	-1244418.50	0.00000000	0.00000000	0.00000000	0.00000000
   20.1700	-0.00000000	-0.00000000	-0.00000000	-0.00000000	-0.00000000	-0.00000000	-1244418.50	0.00000000	0.00000000	0.00000000	0.00000000
   20.1800	-0.00000000	-0.00000000	-0.00000000	-0.00000000	-0.00000000	-0.00000000	-1244418.50	0.00000000	0.00000000	0.00000000	0.00000000
   20.1900	-0.00000000	-0.00000000	-0.00000000	-0.00000000	-0.00000000	-0.00000000	-1244418.50	0.00000000	0.00000000	0.00000000	0.00000000
   20.2000	-0.00000000	-0.00000000	-0.00000000	-0.00000000	-0.00000000	-0.00000000	-1244418.50	0.00000000	0.00000000	0.00000000	0.00000000
   20.2100	-0.00000000	-0.00000000	-0.00000000	-0.00000000	-0.00000000	-0.00000000	-1244418.50	0.00000000	0.00000000	0.00000000	0.00000000
   20.2200	-0.00000000	-0.00000000	-0.00000000	-0.00000000	-0.00000000	-0.00000000	-1244418.50	0.00000000	0.00000000	0.00000000	0.00000000
   20.2300	-0.00000000	-0.00000000	-0.00000000	-0.00000000	-0.00000000	-0.00000000	-1244418.50	0.00000000	0.00000000	0.00000000	0.00000000
   20.2400	-0.00000000	-0.00000000	-0.00000000	-0.00000000	-0.00000000	-0.00000000	-1244418.50	0.00000000	0.00000000	0.00000000	0.00000000
   20.2500	-0.00000000	-0.00000000	-0.00000000	-0.00000000	-0.00000000	-0.00000000	-1244418.50	0.00000000	0.00000000	0.00000000	0.00000000
   20.2600	-0.00000000	-0.00000000	-0.00000000	-0.00000000	-0.00000000	-0.00000000	-1244418.50	0.00000000	0.00000000	0.00000000	0.00000000
   20.2700	-0.00000000	-0.00000000	-0.00000000	-0.00000000	-0.00000000	-0.00000000	-1244418.50	0.00000000	0.00000000	0.00000000	0.00000000
   20.2800	-0.00000000	-0.00000000	-0.00000000	-0.00000000	-0.00000000	-0.00000000	-1244418.50	0.00000000	0.00000000	0.00000000	0.00000000
   20.2900	-0.00000000	-0.00000000	-0.00000000	-0.00000000	-0.00000000	-0.00000000	-1244418.50	0.00000000	0.00000000	0.00000000	0.00000000
   20.3000	-0.00000000	-0.00000000	-0.00000000	-0.00000000	-0.00000000	-0.00000000	-1244418.50	0.00000000	0.00000000	0.00000000	0.00000000
   20.3100	-0.00000000	-0.00000000	-0.00000000	-0.00000000	-0.00000000	-0.00000000	-1244418.50	0.00000000	0.00000000	0.00000000	0.00000000
   20.3200	-0.00000000	-0.00000000	-0.00000000	-0.00000000	-0.00000000	-0.00000000	-1244418.50	0.00000000	0.00000000	0.00000000	0.00000000
   20.3300	-0.00000000	-0.00000000	-0.00000000	-0.00000000	-0.00000000	-0.00000000	-1244418.50	0.00000000	0.00000000	0.00000000	0.00000000
   20.3400	-0.00000000	-0.00000000	-0.00000000	-0.00000000	-0.00000000	-0.00000000	-1244418.50	0.00000000	0.00000000	0.00000000	0.00000000
   20.3500	-0.00000000	-0.00000000	-0.00000000	-0.00000000	-0.00000000	-0.00000000	-1244418.50	0.00000000	0.00000000	0.00000000	0.00000000
   20.3600	-0.00000000	-0.00000000	-0.00000000	-0.00000000	-0.00000000	-0.00000000	-1244418.50	0.00000000	0.00000000	0.00000000	0.00000000
   20.3700	-0.00000000	-0.00000000	-0.00000000	-0.00000000	-0.00000000	-0.00000000	-1244418.50	0.00000000	0.00000000	0.00000000	0.00000000
   20.3800	-0.00000000	-0.00000000	-0.00000000	-0.00000000	-0.00000000	-0.00000000	-1244418.50	0.00000000	0.00000000	0.00000000	0.00000000
   20.3900	-0.00000000	-0.00000000	-0.00000000	-0.00000000	-0.00000000	-0.00000000	-1244418.50	0.00000000	0.00000000	0.00000000	0.00000000
   20.4000	-0.00000000	-0.00000000	-0.00000000	-0.00000000	-0.00000000	-0.00000000	-1244418.50	0.00000000	0.00000000	0.00000000	0.00000000
   20.4100	-0.00000000	-0.00000000	-0.00000000	-0.00000000	-0.00000000	-0.00000000	-1244418.50	0.00000000	0.00000000	0.00000000	0.00000000
   20.4200	-0.00000000	-0.00000000	-0.00000000	-0.00000000	-0.00000000	-0.00000000	-1244418.50	0.00000000	0.00000000	0.00000000	0.00000000
   20.4300	-0.00000000	-0.00000000	-0.00000000	-0.00000000	-0.00000000	-0.00000000	-1244418.50	0.00000000	0.00000000	0.00000000	0.00000000
   20.4400	-0.00000000	-0.00000000	-0.00000000	-0.00000000	-0.00000000	-0.00000000	-1244418.50	0.00000000	0.00000000	0.00000000	0.00000000
   20.4500	-0.00000000	-0.00000000	-0.00000000	-0.00000000	-0.00000000	-0.00000000	-1244418.50	0.00000000	0.00000000	0.00000000	0.00000000
   20.4600	-0.00000000	-0.00000000	-0.00000000	-0.00000000	-0.00000000	-0.00000000	-1244418.50	0.00000000	0.00000000	0.00000000	0.00000000
   20.4700	-0.00000000	-0.00000000	-0.00000000	-0.00000000	-0.00000000	-0.00000000	-1244418.50	0.00000000	0.00000000	0.00000000	0.00000000
   20.4800	-0.00000000	-0.00000000	-0.00000000	-0.00000000	-0.00000000	-0.00000000	-1244418.50	0.00000000	0.00000000	0.00000000	0.00000000
   20.4900	-0.00000000	-0.00000000	-0.00000000	-0.00000000	-0.00000000	-0.00000000	-1244418.50	0.00000000	0.00000000	0.00000000	0.00000000
   20.5000	-0.00000000	-0.00000000	-0.00000000	-0.00000000	-0.00000000	-0.00000000	-1244418.50	0.00000000	0.00000000	0.00000000	0.00000000
   20.5100	-0.00000000	-0.00000000	-0.00000000	-0.00000000	-0.00000000	-0.00000000	-1244418.50	0.00000000	0.00000000	0.00000000	0.00000000
   20.5200	-0.00000000	-0.00000000	-0.00000000	-0.00000000	-0.00000000	-0.00000000	-1244418.50	0.00000000	0.00000000	0.00000000	0.00000000
   20.5300	-0.00000000	-0.00000000	-0.00000000	-0.00000000	-0.00000000	-0.00000000	-1244418.50	0.00000000	0.00000000	0.00000000	0.00000000
   20.5400	-0.00000000	-0.00000000	-0.00000000	-0.00000000	-0.00000000	-0.00000000	-1244418.50	0.00000000	0.00000000	0.00000000	0.00000000
   20.5500	-0.00000000	-0.00000000	-0.00000000	-0.00000000	-0.00000000	-0.00000000	-1244418.50	0.00000000	0.00000000	0.00000000	0.00000000
   20.5600	-0.00000000	-0.00000000	-0.00000000	-0.00000000	-0.00000000	-0.00000000	-1244418.50	0.00000000	0.00000000	0.00000000	0.00000000
   20.5700	-0.00000000	-0.00000000	-0.00000000	-0.00000000	-0.00000000	-0.00000000	-1244418.50	0.00000000	0.00000000	0.00000000	0.00000000
   20.5800	-0.00000000	-0.00000000	-0.00000000	-0.00000000	-0.00000000	-0.00000000	-1244418.50	0.00000000	0.00000000	0.00000000	0.00000000
   20.5900	-0.00000000	-0.00000000	-0.00000000	-0.00000000	-0.00000000	-0.00000000	-1244418.50	0.00000000	0.00000000	0.00000000	0.00000000
   20.6000	-0.00000000	-0.00000000	-0.00000000	-0.00000000	-0.00000000	-0.00000000	-1244418.50	0.00000000	0.00000000	0.00000000	0.00000000
   20.6100	-0.00000000	-0.00000000	-0.00000000	-0.00000000	-0.00000000	-0.00000000	-1244418.50	0.00000000	0.00000000	0.00000000	0.00000000
   20.6200	-0.00000000	-0.00000000	-0.00000000	-0.00000000	-0.00000000	-0.00000000	-1244418.50	0.00000000	0.00000000	0.00000000	0.00000000
   20.6300	-0.00000000	-0.00000000	-0.00000000	-0.00000000	-0.00000000	-0.00000000	-1244418.50	0.00000000	0.00000000	0.00000000	0.00000000
   20.6400	-0.00000000	-0.00000000	-0.00000000	-0.00000000	-0.00000000	-0.00000000	-1244418.50	0.00000000	0.00000000	0.00000000	0.00000000
   20.6500	-0.00000000	-0.00000000	-0.00000000	-0.00000000	-0.00000000	-0.00000000	-1244418.50	0.00000000	0.00000000	0.00000000	0.00000000
   20.6600	-0.00000000	-0.00000000	-0.00000000	-0.00000000	-0.00000000	-0.00000000	-1244418.50	0.00000000	0.00000000	0.00000000	0.00000000
   20.6700	-0.00000000	-0.00000000	-0.00000000	-0.00000000	-0.00000000	-0.00000000	-1244418.50	0.00000000	0.00000000	0.00000000	0.00000000
   20.6800	-0.00000000	-0.00000000	-0.00000000	-0.00000000	-0.00000000	-0.00000000	-1244418.50	0.00000000	0.00000000	0.00000000	0.00000000
   20.6900	-0.00000000	-0.00000000	-0.00000000	-0.00000000	-0.00000000	-0.00000000	-1244418.50	0.00000000	0.00000000	0.00000000	0.00000000
   20.7000	-0.00000000	-0.00000000	-0.00000000	-0.00000000	-0.00000000	-0.00000000	-1244418.50	0.00000000	0.00000000	0.00000000	0.00000000
   20.7100	-0.00000000	-0.00000000	-0.00000000	-0.00000000	-0.00000000	-0.00000000	-1244418.50	0.00000000	0.00000000	0.00000000	0.00000000
   20.7200	-0.00000000	-0.00000000	-0.00000000	-0.00000000	-0.00000000	-0.00000000	-1244418.50	0.00000000	0.00000000	0.00000000	0.00000000
   20.7300	-0.00000000	-0.00000000	-0.00000000	-0.00000000	-0.00000000	-0.00000000	-1244418.50	0.00000000	0.00000000	0.00000000	0.00000000
   20.7400	-0.00000000	-0.00000000	-0.00000000	-0.00000000	-0.00000000	-0.00000000	-1244418.50	0.00000000	0.00000000	0.00000000	0.00000000
   20.7500	-0.00000000	-0.00000000	-0.00000000	-0.00000000	-0.00000000	-0.00000000	-1244418.50	0.00000000	0.00000000	0.00000000	0.00000000
   20.7600	-0.00000000	-0.00000000	-0.00000000	-0.00000000	-0.00000000	-0.00000000	-1244418.50	0.00000000	0.00000000	0.00000000	0.00000000
   20.7700	-0.00000000	-0.00000000	-0.00000000	-0.00000000	-0.00000000	-0.00000000	-1244418.50	0.00000000	0.00000000	0.00000000	0.00000000
   20.7800	-0.00000000	-0.00000000	-0.00000000	-0.00000000	-0.00000000	-0.00000000	-1244418.50	0.00000000	0.00000000	0.00000000	0.00000000
   20.7900	-0.00000000	-0.00000000	-0.00000000	-0.00000000	-0.00000000	-0.00000000	-1244418.50	0.00000000	0.00000000	0.00000000	0.00000000
   20.8000	-0.00000000	-0.00000000	-0.00000000	-0.00000000	-0.00000000	-0.00000000	-1244418.50	0.00000000	0.00000000	0.00000000	0.00000000
   20.8100	-0.00000000	-0.00000000	-0.00000000	-0.00000000	-0.00000000	-0.00000000	-1244418.50	0.00000000	0.00000000	0.00000000	0.00000000
   20.8200	-0.00000000	-0.00000000	-0.00000000	-0.00000000	-0.00000000	-0.00000000	-1244418.50	0.00000000	0.00000000	0.00000000	0.00000000
   20.8300	-0.00000000	-0.00000000	-0.00000000	-0.00000000	-0.00000000	-0.00000000	-1244418.50	0.00000000	0.00000000	0.00000000	0.00000000
   20.8400	-0.00000000	-0.00000000	-0.00000000	-0.00000000	-0.00000000	-0.00000000	-1244418.50	0.00000000	0.00000000	0.00000000	0.00000000
   20.8500	-0.00000000	-0.00000000	-0.00000000	-0.00000000	-0.00000000	-0.00000000	-1244418.50	0.00000000	0.00000000	0.00000000	0.00000000
   20.8600	-0.00000000	-0.00000000	-0.00000000	-0.00000000	-0.00000000	-0.00000000	-1244418.50	0.00000000	0.00000000	0.00000000	0.00000000
   20.8700	-0.00000000	-0.00000000	-0.00000000	-0.00000000	-0.00000000	-0.00000000	-1244418.50	0.00000000	0.00000000	0.00000000	0.00000000
   20.8800	-0.00000000	-0.00000000	-0.00000000	-0.00000000	-0.00000000	-0.00000000	-1244418.50	0.00000000	0.00000000	0.00000000	0.00000000
   20.8900	-0.00000000	-0.00000000	-0.00000000	-0.00000000	-0.00000000	-0.00000000	-1244418.50	0.00000000	0.00000000	0.00000000	0.00000000
   20.9000	-0.00000000	-0.00000000	-0.00000000	-0.00000000	-0.00000000	-0.00000000	-1244418.50	0.00000000	0.00000000	0.00000000	0.00000000
   20.9100	-0.00000000	-0.00000000	-0.00000000	-0.00000000	-0.00000000	-0.00000000	-1244418.50	0.00000000	0.00000000	0.00000000	0.00000000
   20.9200	-0.00000000	-0.00000000	-0.00000000	-0.00000000	-0.00000000	-0.00000000	-1244418.50	0.00000000	0.00000000	0.00000000	0.00000000
   20.9300	-0.00000000	-0.00000000	-0.00000000	-0.00000000	-0.00000000	-0.00000000	-1244418.50	0.00000000	0.00000000	0.00000000	0.00000000
   20.9400	-0.00000000	-0.00000000	-0.00000000	-0.00000000	-0.00000000	-0.00000000	-1244418.50	0.00000000	0.00000000	0.00000000	0.00000000
   20.9500	-0.00000000	-0.00000000	-0.00000000	-0.00000000	-0.00000000	-0.00000000	-1244418.50	0.00000000	0.00000000	0.00000000	0.00000000
   20.9600	-0.00000000	-0.00000000	-0.00000000	-0.00000000	-0.00000000	-0.00000000	-1244418.50	0.00000000	0.00000000	0.00000000	0.00000000
   20.9700	-0.00000000	-0.00000000	-0.00000000	-0.00000000	-0.00000000	-0.00000000	-1244418.50	0.00000000	0.00000000	0.00000000	0.00000000
   20.9800	-0.00000000	-0.00000000	-0.00000000	-0.00000000	-0.00000000	-0.00000000	-1244418.50	0.00000000	0.00000000	0.00000000	0.00000000
   20.9900	-0.00000000	-0.00000000	-0.00000000	-0.00000000	-0.00000000	-0.00000000	-1244418.50	0.00000000	0.00000000	0.00000000	0.00000000
   21.0000	-0.00000000	-0.00000000	-0.00000000	-0.00000000	-0.00000000	-0.00000000	-1244418.50	0.00000000	0.00000000	0.00000000	0.00000000
   21.0100	-0.00000000	-0.00000000	-0.00000000	-0.00000000	-0.00000000	-0.00000000	-1244418.50	0.00000000	0.00000000	0.00000000	0.00000000
   21.0200	-0.00000000	-0.00000000	-0.00000000	-0.00000000	-0.00000000	-0.00000000	-1244418.50	0.00000000	0.00000000	0.00000000	0.00000000
   21.0300	-0.00000000	-0.00000000	-0.00000000	-0.00000000	-0.00000000	-0.00000000	-1244418.50	0.00000000	0.00000000	0.00000000	0.00000000
   21.0400	-0.00000000	-0.00000000	-0.00000000	-0.00000000	-0.00000000	-0.00000000	-1244418.50	0.00000000	0.00000000	0.00000000	0.00000000
   21.0500	-0.00000000	-0.00000000	-0.00000000	-0.00000000	-0.00000000	-0.00000000	-1244418.50	0.00000000	0.00000000	0.00000000	0.00000000
   21.0600	-0.00000000	-0.00000000	-0.00000000	-0.00000000	-0.00000000	-0.00000000	-1244418.50	0.00000000	0.00000000	0.00000000	0.00000000
   21.0700	-0.00000000	-0.00000000	-0.00000000	-0.00000000	-0.00000000	-0.00000000	-1244418.50	0.00000000	0.00000000	0.00000000	0.00000000
   21.0800	-0.00000000	-0.00000000	-0.00000000	-0.00000000	-0.00000000	-0.00000000	-1244418.50	0.00000000	0.00000000	0.00000000	0.00000000
   21.0900	-0.00000000	-0.00000000	-0.00000000	-0.00000000	-0.00000000	-0.00000000	-1244418.50	0.00000000	0.00000000	0.00000000	0.00000000
   21.1000	-0.00000000	-0.00000000	-0.00000000	-0.00000000	-0.00000000	-0.00000000	-1244418.50	0.00000000	0.00000000	0.00000000	0.00000000
   21.1100	-0.00000000	-0.00000000	-0.00000000	-0.00000000	-0.00000000	-0.00000000	-1244418.50	0.00000000	0.00000000	0.00000000	0.00000000
   21.1200	-0.00000000	-0.00000000	-0.00000000	-0.00000000	-0.00000000	-0.00000000	-1244418.50	0.00000000	0.00000000	0.00000000	0.00000000
   21.1300	-0.00000000	-0.00000000	-0.00000000	-0.00000000	-0.00000000	-0.00000000	-1244418.50	0.00000000	0.00000000	0.00000000	0.00000000
   21.1400	-0.00000000	-0.00000000	-0.00000000	-0.00000000	-0.00000000	-0.00000000	-1244418.50	0.00000000	0.00000000	0.00000000	0.00000000
   21.1500	-0.00000000	-0.00000000	-0.00000000	-0.00000000	-0.00000000	-0.00000000	-1244418.50	0.00000000	0.00000000	0.00000000	0.00000000
   21.1600	-0.00000000	-0.00000000	-0.00000000	-0.00000000	-0.00000000	-0.00000000	-1244418.50	0.00000000	0.00000000	0.00000000	0.00000000
   21.1700	-0.00000000	-0.00000000	-0.00000000	-0.00000000	-0.00000000	-0.00000000	-1244418.50	0.00000000	0.00000000	0.00000000	0.00000000
   21.1800	-0.00000000	-0.00000000	-0.00000000	-0.00000000	-0.00000000	-0.00000000	-1244418.50	0.00000000	0.00000000	0.00000000	0.00000000
   21.1900	-0.00000000	-0.00000000	-0.00000000	-0.00000000	-0.00000000	-0.00000000	-1244418.50	0.00000000	0.00000000	0.00000000	0.00000000
   21.2000	-0.00000000	-0.00000000	-0.00000000	-0.00000000	-0.00000000	-0.00000000	-1244418.50	0.00000000	0.00000000	0.00000000	0.00000000
   21.2100	-0.00000000	-0.00000000	-0.00000000	-0.00000000	-0.00000000	-0.00000000	-1244418.50	0.00000000	0.00000000	0.00000000	0.00000000
   21.2200	-0.00000000	-0.00000000	-0.00000000	-0.00000000	-0.00000000	-0.00000000	-1244418.50	0.00000000	0.00000000	0.00000000	0.00000000
   21.2300	-0.00000000	-0.00000000	-0.00000000	-0.00000000	-0.00000000	-0.00000000	-1244418.50	0.00000000	0.00000000	0.00000000	0.00000000
   21.2400	-0.00000000	-0.00000000	-0.00000000	-0.00000000	-0.00000000	-0.00000000	-1244418.50	0.00000000	0.00000000	0.00000000	0.00000000
   21.2500	-0.00000000	-0.00000000	-0.00000000	-0.00000000	-0.00000000	-0.00000000	-1244418.50	0.00000000	0.00000000	0.00000000	0.00000000
   21.2600	-0.00000000	-0.00000000	-0.00000000	-0.00000000	-0.00000000	-0.00000000	-1244418.50	0.00000000	0.00000000	0.00000000	0.00000000
   21.2700	-0.00000000	-0.00000000	-0.00000000	-0.00000000	-0.00000000	-0.00000000	-1244418.50	0.00000000	0.00000000	0.00000000	0.00000000
   21.2800	-0.00000000	-0.00000000	-0.00000000	-0.00000000	-0.00000000	-0.00000000	-1244418.50	0.00000000	0.00000000	0.00000000	0.00000000
   21.2900	-0.00000000	-0.00000000	-0.00000000	-0.00000000	-0.00000000	-0.00000000	-1244418.50	0.00000000	0.00000000	0.00000000	0.00000000
   21.3000	-0.00000000	-0.00000000	-0.00000000	-0.00000000	-0.00000000	-0.00000000	-1244418.50	0.00000000	0.00000000	0.00000000	0.00000000
   21.3100	-0.00000000	-0.00000000	-0.00000000	-0.00000000	-0.00000000	-0.00000000	-1244418.50	0.00000000	0.00000000	0.00000000	0.00000000
   21.3200	-0.00000000	-0.00000000	-0.00000000	-0.00000000	-0.00000000	-0.00000000	-1244418.50	0.00000000	0.00000000	0.00000000	0.00000000
   21.3300	-0.00000000	-0.00000000	-0.00000000	-0.00000000	-0.00000000	-0.00000000	-1244418.50	0.00000000	0.00000000	0.00000000	0.00000000
   21.3400	-0.00000000	-0.00000000	-0.00000000	-0.00000000	-0.00000000	-0.00000000	-1244418.50	0.00000000	0.00000000	0.00000000	0.00000000
   21.3500	-0.00000000	-0.00000000	-0.00000000	-0.00000000	-0.00000000	-0.00000000	-1244418.50	0.00000000	0.00000000	0.00000000	0.00000000
   21.3600	-0.00000000	-0.00000000	-0.00000000	-0.00000000	-0.00000000	-0.00000000	-1244418.50	0.00000000	0.00000000	0.00000000	0.00000000
   21.3700	-0.00000000	-0.00000000	-0.00000000	-0.00000000	-0.00000000	-0.00000000	-1244418.50	0.00000000	0.00000000	0.00000000	0.00000000
   21.3800	-0.00000000	-0.00000000	-0.00000000	-0.00000000	-0.00000000	-0.00000000	-1244418.50	0.00000000	0.00000000	0.00000000	0.00000000
   21.3900	-0.00000000	-0.00000000	-0.00000000	-0.00000000	-0.00000000	-0.00000000	-1244418.50	0.00000000	0.00000000	0.00000000	0.00000000
   21.4000	-0.00000000	-0.00000000	-0.00000000	-0.00000000	-0.00000000	-0.00000000	-1244418.50	0.00000000	0.00000000	0.00000000	0.00000000
   21.4100	-0.00000000	-0.00000000	-0.00000000	-0.00000000	-0.00000000	-0.00000000	-1244418.50	0.00000000	0.00000000	0.00000000	0.00000000
   21.4200	-0.00000000	-0.00000000	-0.00000000	-0.00000000	-0.00000000	-0.00000000	-1244418.50	0.00000000	0.00000000	0.00000000	0.00000000
   21.4300	-0.00000000	-0.00000000	-0.00000000	-0.00000000	-0.00000000	-0.00000000	-1244418.50	0.00000000	0.00000000	0.00000000	0.00000000
   21.4400	-0.00000000	-0.00000000	-0.00000000	-0.00000000	-0.00000000	-0.00000000	-1244418.50	0.00000000	0.00000000	0.00000000	0.00000000
   21.4500	-0.00000000	-0.00000000	-0.00000000	-0.00000000	-0.00000000	-0.00000000	-1244418.50	0.00000000	0.00000000	0.00000000	0.00000000
   21.4600	-0.00000000	-0.00000000	-0.00000000	-0.00000000	-0.00000000	-0.00000000	-1244418.50	0.00000000	0.00000000	0.00000000	0.00000000
   21.4700	-0.00000000	-0.00000000	-0.00000000	-0.00000000	-0.00000000	-0.00000000	-1244418.50	0.00000000	0.00000000	0.00000000	0.00000000
   21.4800	-0.00000000	-0.00000000	-0.00000000	-0.00000000	-0.00000000	-0.00000000	-1244418.50	0.00000000	0.00000000	0.00000000	0.00000000
   21.4900	-0.00000000	-0.00000000	-0.00000000	-0.00000000	-0.00000000	-0.00000000	-1244418.50	0.00000000	0.00000000	0.00000000	0.00000000
   21.5000	-0.00000000	-0.00000000	-0.00000000	-0.00000000	-0.00000000	-0.00000000	-1244418.50	0.00000000	0.00000000	0.00000000	0.00000000
   21.5100	-0.00000000	-0.00000000	-0.00000000	-0.00000000	-0.00000000	-0.00000000	-1244418.50	0.00000000	0.00000000	0.00000000	0.00000000
   21.5200	-0.00000000	-0.00000000	-0.00000000	-0.00000000	-0.00000000	-0.00000000	-1244418.50	0.00000000	0.00000000	0.00000000	0.00000000
   21.5300	-0.00000000	-0.00000000	-0.00000000	-0.00000000	-0.00000000	-0.00000000	-1244418.50	0.00000000	0.00000000	0.00000000	0.00000000
   21.5400	-0.00000000	-0.00000000	-0.00000000	-0.00000000	-0.00000000	-0.00000000	-1244418.50	0.00000000	0.00000000	0.00000000	0.00000000
   21.5500	-0.00000000	-0.00000000	-0.00000000	-0.00000000	-0.00000000	-0.00000000	-1244418.50	0.00000000	0.00000000	0.00000000	0.00000000
   21.5600	-0.00000000	-0.00000000	-0.00000000	-0.00000000	-0.00000000	-0.00000000	-1244418.50	0.00000000	0.00000000	0.00000000	0.00000000
   21.5700	-0.00000000	-0.00000000	-0.00000000	-0.00000000	-0.00000000	-0.00000000	-1244418.50	0.00000000	0.00000000	0.00000000	0.00000000
   21.5800	-0.00000000	-0.00000000	-0.00000000	-0.00000000	-0.00000000	-0.00000000	-1244418.50	0.00000000	0.00000000	0.00000000	0.00000000
   21.5900	-0.00000000	-0.00000000	-0.00000000	-0.00000000	-0.00000000	-0.00000000	-1244418.50	0.00000000	0.00000000	0.00000000	0.00000000
   21.6000	-0.00000000	-0.00000000	-0.00000000	-0.00000000	-0.00000000	-0.00000000	-1244418.50	0.00000000	0.00000000	0.00000000	0.00000000
   21.6100	-0.00000000	-0.00000000	-0.00000000	-0.00000000	-0.00000000	-0.00000000	-1244418.50	0.00000000	0.00000000	0.00000000	0.00000000
   21.6200	-0.00000000	-0.00000000	-0.00000000	-0.00000000	-0.00000000	-0.00000000	-1244418.50	0.00000000	0.00000000	0.00000000	0.00000000
   21.6300	-0.00000000	-0.00000000	-0.00000000	-0.00000000	-0.00000000	-0.00000000	-1244418.50	0.00000000	0.00000000	0.00000000	0.00000000
   21.6400	-0.00000000	-0.00000000	-0.00000000	-0.00000000	-0.00000000	-0.00000000	-1244418.50	0.00000000	0.00000000	0.00000000	0.00000000
   21.6500	-0.00000000	-0.00000000	-0.00000000	-0.00000000	-0.00000000	-0.00000000	-1244418.50	0.00000000	0.00000000	0.00000000	0.00000000
   21.6600	-0.00000000	-0.00000000	-0.00000000	-0.00000000	-0.00000000	-0.00000000	-1244418.50	0.00000000	0.00000000	0.00000000	0.00000000
   21.6700	-0.00000000	-0.00000000	-0.00000000	-0.00000000	-0.00000000	-0.00000000	-1244418.50	0.00000000	0.00000000	0.00000000	0.00000000
   21.6800	-0.00000000	-0.00000000	-0.00000000	-0.00000000	-0.00000000	-0.00000000	-1244418.50	0.00000000	0.00000000	0.00000000	0.00000000
   21.6900	-0.00000000	-0.00000000	-0.00000000	-0.00000000	-0.00000000	-0.00000000	-1244418.50	0.00000000	0.00000000	0.00000000	0.00000000
   21.7000	-0.00000000	-0.00000000	-0.00000000	-0.00000000	-0.00000000	-0.00000000	-1244418.50	0.00000000	0.00000000	0.00000000	0.00000000
   21.7100	-0.00000000	-0.00000000	-0.00000000	-0.00000000	-0.00000000	-0.00000000	-1244418.50	0.00000000	0.00000000	0.00000000	0.00000000
   21.7200	-0.00000000	-0.00000000	-0.00000000	-0.00000000	-0.00000000	-0.00000000	-1244418.50	0.00000000	0.00000000	0.00000000	0.00000000
   21.7300	-0.00000000	-0.00000000	-0.00000000	-0.00000000	-0.00000000	-0.00000000	-1244418.50	0.00000000	0.00000000	0.00000000	0.00000000
   21.7400	-0.00000000	-0.00000000	-0.00000000	-0.00000000	-0.00000000	-0.00000000	-1244418.50	0.00000000	0.00000000	0.00000000	0.00000000
   21.7500	-0.00000000	-0.00000000	-0.00000000	-0.00000000	-0.00000000	-0.00000000	-1244418.50	0.00000000	0.00000000	0.00000000	0.00000000
   21.7600	-0.00000000	-0.00000000	-0.00000000	-0.00000000	-0.00000000	-0.00000000	-1244418.50	0.00000000	0.00000000	0.00000000	0.00000000
   21.7700	-0.00000000	-0.00000000	-0.00000000	-0.00000000	-0.00000000	-0.00000000	-1244418.50	0.00000000	0.00000000	0.00000000	0.00000000
   21.7800	-0.00000000	-0.00000000	-0.00000000	-0.00000000	-0.00000000	-0.00000000	-1244418.50	0.00000000	0.00000000	0.00000000	0.00000000
   21.7900	-0.00000000	-0.00000000	-0.00000000	-0.00000000	-0.00000000	-0.00000000	-1244418.50	0.00000000	0.00000000	0.00000000	0.00000000
   21.8000	-0.00000000	-0.00000000	-0.00000000	-0.00000000	-0.00000000	-0.00000000	-1244418.50	0.00000000	0.00000000	0.00000000	0.00000000
   21.8100	-0.00000000	-0.00000000	-0.00000000	-0.00000000	-0.00000000	-0.00000000	-1244418.50	0.00000000	0.00000000	0.00000000	0.00000000
   21.8200	-0.00000000	-0.00000000	-0.00000000	-0.00000000	-0.00000000	-0.00000000	-1244418.50	0.00000000	0.00000000	0.00000000	0.00000000
   21.8300	-0.00000000	-0.00000000	-0.00000000	-0.00000000	-0.00000000	-0.00000000	-1244418.50	0.00000000	0.00000000	0.00000000	0.00000000
   21.8400	-0.00000000	-0.00000000	-0.00000000	-0.00000000	-0.00000000	-0.00000000	-1244418.50	0.00000000	0.00000000	0.00000000	0.00000000
   21.8500	-0.00000000	-0.00000000	-0.00000000	-0.00000000	-0.00000000	-0.00000000	-1244418.50	0.00000000	0.00000000	0.00000000	0.00000000
   21.8600	-0.00000000	-0.00000000	-0.00000000	-0.00000000	-0.00000000	-0.00000000	-1244418.50	0.00000000	0.00000000	0.00000000	0.00000000
   21.8700	-0.00000000	-0.00000000	-0.00000000	-0.00000000	-0.00000000	-0.00000000	-1244418.50	0.00000000	0.00000000	0.00000000	0.00000000
   21.8800	-0.00000000	-0.00000000	-0.00000000	-0.00000000	-0.00000000	-0.00000000	-1244418.50	0.00000000	0.00000000	0.00000000	0.00000000
   21.8900	-0.00000000	-0.00000000	-0.00000000	-0.00000000	-0.00000000	-0.00000000	-1244418.50	0.00000000	0.00000000	0.00000000	0.00000000
   21.9000	-0.00000000	-0.00000000	-0.00000000	-0.00000000	-0.00000000	-0.00000000	-1244418.50	0.00000000	0.00000000	0.00000000	0.00000000
   21.9100	-0.00000000	-0.00000000	-0.00000000	-0.00000000	-0.00000000	-0.00000000	-1244418.50	0.00000000	0.00000000	0.00000000	0.00000000
   21.9200	-0.00000000	-0.00000000	-0.00000000	-0.00000000	-0.00000000	-0.00000000	-1244418.50	0.00000000	0.00000000	0.00000000	0.00000000
   21.9300	-0.00000000	-0.00000000	-0.00000000	-0.00000000	-0.00000000	-0.00000000	-1244418.50	0.00000000	0.00000000	0.00000000	0.00000000
   21.9400	-0.00000000	-0.00000000	-0.00000000	-0.00000000	-0.00000000	-0.00000000	-1244418.50	0.00000000	0.00000000	0.00000000	0.00000000
   21.9500	-0.00000000	-0.00000000	-0.00000000	-0.00000000	-0.00000000	-0.00000000	-1244418.50	0.00000000	0.00000000	0.00000000	0.00000000
   21.9600	-0.00000000	-0.00000000	-0.00000000	-0.00000000	-0.00000000	-0.00000000	-1244418.50	0.00000000	0.00000000	0.00000000	0.00000000
   21.9700	-0.00000000	-0.00000000	-0.00000000	-0.00000000	-0.00000000	-0.00000000	-1244418.50	0.00000000	0.00000000	0.00000000	0.00000000
   21.9800	-0.00000000	-0.00000000	-0.00000000	-0.00000000	-0.00000000	-0.00000000	-1244418.50	0.00000000	0.00000000	0.00000000	0.00000000
   21.9900	-0.00000000	-0.00000000	-0.00000000	-0.00000000	-0.00000000	-0.00000000	-1244418.50	0.00000000	0.00000000	0.00000000	0.00000000
   22.0000	-0.00000000	-0.00000000	-0.00000000	-0.00000000	-0.00000000	-0.00000000	-1244418.50	0.00000000	0.00000000	0.00000000	0.00000000
   22.0100	-0.00000000	-0.00000000	-0.00000000	-0.00000000	-0.00000000	-0.00000000	-1244418.50	0.00000000	0.00000000	0.00000000	0.00000000
   22.0200	-0.00000000	-0.00000000	-0.00000000	-0.00000000	-0.00000000	-0.00000000	-1244418.50	0.00000000	0.00000000	0.00000000	0.00000000
   22.0300	-0.00000000	-0.00000000	-0.00000000	-0.00000000	-0.00000000	-0.00000000	-1244418.50	0.00000000	0.00000000	0.00000000	0.00000000
   22.0400	-0.00000000	-0.00000000	-0.00000000	-0.00000000	-0.00000000	-0.00000000	-1244418.50	0.00000000	0.00000000	0.00000000	0.00000000
   22.0500	-0.00000000	-0.00000000	-0.00000000	-0.00000000	-0.00000000	-0.00000000	-1244418.50	0.00000000	0.00000000	0.00000000	0.00000000
   22.0600	-0.00000000	-0.00000000	-0.00000000	-0.00000000	-0.00000000	-0.00000000	-1244418.50	0.00000000	0.00000000	0.00000000	0.00000000
   22.0700	-0.00000000	-0.00000000	-0.00000000	-0.00000000	-0.00000000	-0.00000000	-1244418.50	0.00000000	0.00000000	0.00000000	0.00000000
   22.0800	-0.00000000	-0.00000000	-0.00000000	-0.00000000	-0.00000000	-0.00000000	-1244418.50	0.00000000	0.00000000	0.00000000	0.00000000
   22.0900	-0.00000000	-0.00000000	-0.00000000	-0.00000000	-0.00000000	-0.00000000	-1244418.50	0.00000000	0.00000000	0.00000000	0.00000000
   22.1000	-0.00000000	-0.00000000	-0.00000000	-0.00000000	-0.00000000	-0.00000000	-1244418.50	0.00000000	0.00000000	0.00000000	0.00000000
   22.1100	-0.00000000	-0.00000000	-0.00000000	-0.00000000	-0.00000000	-0.00000000	-1244418.50	0.00000000	0.00000000	0.00000000	0.00000000
   22.1200	-0.00000000	-0.00000000	-0.00000000	-0.00000000	-0.00000000	-0.00000000	-1244418.50	0.00000000	0.00000000	0.00000000	0.00000000
   22.1300	-0.00000000	-0.00000000	-0.00000000	-0.00000000	-0.00000000	-0.00000000	-1244418.50	0.00000000	0.00000000	0.00000000	0.00000000
   22.1400	-0.00000000	-0.00000000	-0.00000000	-0.00000000	-0.00000000	-0.00000000	-1244418.50	0.00000000	0.00000000	0.00000000	0.00000000
   22.1500	-0.00000000	-0.00000000	-0.00000000	-0.00000000	-0.00000000	-0.00000000	-1244418.50	0.00000000	0.00000000	0.00000000	0.00000000
   22.1600	-0.00000000	-0.00000000	-0.00000000	-0.00000000	-0.00000000	-0.00000000	-1244418.50	0.00000000	0.00000000	0.00000000	0.00000000
   22.1700	-0.00000000	-0.00000000	-0.00000000	-0.00000000	-0.00000000	-0.00000000	-1244418.50	0.00000000	0.00000000	0.00000000	0.00000000
   22.1800	-0.00000000	-0.00000000	-0.00000000	-0.00000000	-0.00000000	-0.00000000	-1244418.50	0.00000000	0.00000000	0.00000000	0.00000000
   22.1900	-0.00000000	-0.00000000	-0.00000000	-0.00000000	-0.00000000	-0.00000000	-1244418.50	0.00000000	0.00000000	0.00000000	0.00000000
   22.2000	-0.00000000	-0.00000000	-0.00000000	-0.00000000	-0.00000000	-0.00000000	-1244418.50	0.00000000	0.00000000	0.00000000	0.00000000
   22.2100	-0.00000000	-0.00000000	-0.00000000	-0.00000000	-0.00000000	-0.00000000	-1244418.50	0.00000000	0.00000000	0.00000000	0.00000000
   22.2200	-0.00000000	-0.00000000	-0.00000000	-0.00000000	-0.00000000	-0.00000000	-1244418.50	0.00000000	0.00000000	0.00000000	0.00000000
   22.2300	-0.00000000	-0.00000000	-0.00000000	-0.00000000	-0.00000000	-0.00000000	-1244418.50	0.00000000	0.00000000	0.00000000	0.00000000
   22.2400	-0.00000000	-0.00000000	-0.00000000	-0.00000000	-0.00000000	-0.00000000	-1244418.50	0.00000000	0.00000000	0.00000000	0.00000000
   22.2500	-0.00000000	-0.00000000	-0.00000000	-0.00000000	-0.00000000	-0.00000000	-1244418.50	0.00000000	0.00000000	0.00000000	0.00000000
   22.2600	-0.00000000	-0.00000000	-0.00000000	-0.00000000	-0.00000000	-0.00000000	-1244418.50	0.00000000	0.00000000	0.00000000	0.00000000
   22.2700	-0.00000000	-0.00000000	-0.00000000	-0.00000000	-0.00000000	-0.00000000	-1244418.50	0.00000000	0.00000000	0.00000000	0.00000000
   22.2800	-0.00000000	-0.00000000	-0.00000000	-0.00000000	-0.00000000	-0.00000000	-1244418.50	0.00000000	0.00000000	0.00000000	0.00000000
   22.2900	-0.00000000	-0.00000000	-0.00000000	-0.00000000	-0.00000000	-0.00000000	-1244418.50	0.00000000	0.00000000	0.00000000	0.00000000
   22.3000	-0.00000000	-0.00000000	-0.00000000	-0.00000000	-0.00000000	-0.00000000	-1244418.50	0.00000000	0.00000000	0.00000000	0.00000000
   22.3100	-0.00000000	-0.00000000	-0.00000000	-0.00000000	-0.00000000	-0.00000000	-1244418.50	0.00000000	0.00000000	0.00000000	0.00000000
   22.3200	-0.00000000	-0.00000000	-0.00000000	-0.00000000	-0.00000000	-0.00000000	-1244418.50	0.00000000	0.00000000	0.00000000	0.00000000
   22.3300	-0.00000000	-0.00000000	-0.00000000	-0.00000000	-0.00000000	-0.00000000	-1244418.50	0.00000000	0.00000000	0.00000000	0.00000000
   22.3400	-0.00000000	-0.00000000	-0.00000000	-0.00000000	-0.00000000	-0.00000000	-1244418.50	0.00000000	0.00000000	0.00000000	0.00000000
   22.3500	-0.00000000	-0.00000000	-0.00000000	-0.00000000	-0.00000000	-0.00000000	-1244418.50	0.00000000	0.00000000	0.00000000	0.00000000
   22.3600	-0.00000000	-0.00000000	-0.00000000	-0.00000000	-0.00000000	-0.00000000	-1244418.50	0.00000000	0.00000000	0.00000000	0.00000000
   22.3700	-0.00000000	-0.00000000	-0.00000000	-0.00000000	-0.00000000	-0.00000000	-1244418.50	0.00000000	0.00000000	0.00000000	0.00000000
   22.3800	-0.00000000	-0.00000000	-0.00000000	-0.00000000	-0.00000000	-0.00000000	-1244418.50	0.00000000	0.00000000	0.00000000	0.00000000
   22.3900	-0.00000000	-0.00000000	-0.00000000	-0.00000000	-0.00000000	-0.00000000	-1244418.50	0.00000000	0.00000000	0.00000000	0.00000000
   22.4000	-0.00000000	-0.00000000	-0.00000000	-0.00000000	-0.00000000	-0.00000000	-1244418.50	0.00000000	0.00000000	0.00000000	0.00000000
   22.4100	-0.00000000	-0.00000000	-0.00000000	-0.00000000	-0.00000000	-0.00000000	-1244418.50	0.00000000	0.00000000	0.00000000	0.00000000
   22.4200	-0.00000000	-0.00000000	-0.00000000	-0.00000000	-0.00000000	-0.00000000	-1244418.50	0.00000000	0.00000000	0.00000000	0.00000000
   22.4300	-0.00000000	-0.00000000	-0.00000000	-0.00000000	-0.00000000	-0.00000000	-1244418.50	0.00000000	0.00000000	0.00000000	0.00000000
   22.4400	-0.00000000	-0.00000000	-0.00000000	-0.00000000	-0.00000000	-0.00000000	-1244418.50	0.00000000	0.00000000	0.00000000	0.00000000
   22.4500	-0.00000000	-0.00000000	-0.00000000	-0.00000000	-0.00000000	-0.00000000	-1244418.50	0.00000000	0.00000000	0.00000000	0.00000000
   22.4600	-0.00000000	-0.00000000	-0.00000000	-0.00000000	-0.00000000	-0.00000000	-1244418.50	0.00000000	0.00000000	0.00000000	0.00000000
   22.4700	-0.00000000	-0.00000000	-0.00000000	-0.00000000	-0.00000000	-0.00000000	-1244418.50	0.00000000	0.00000000	0.00000000	0.00000000
   22.4800	-0.00000000	-0.00000000	-0.00000000	-0.00000000	-0.00000000	-0.00000000	-1244418.50	0.00000000	0.00000000	0.00000000	0.00000000
   22.4900	-0.00000000	-0.00000000	-0.00000000	-0.00000000	-0.00000000	-0.00000000	-1244418.50	0.00000000	0.00000000	0.00000000	0.00000000
   22.5000	-0.00000000	-0.00000000	-0.00000000	-0.00000000	-0.00000000	-0.00000000	-1244418.50	0.00000000	0.00000000	0.00000000	0.00000000
   22.5100	-0.00000000	-0.00000000	-0.00000000	-0.00000000	-0.00000000	-0.00000000	-1244418.50	0.00000000	0.00000000	0.00000000	0.00000000
   22.5200	-0.00000000	-0.00000000	-0.00000000	-0.00000000	-0.00000000	-0.00000000	-1244418.50	0.00000000	0.00000000	0.00000000	0.00000000
   22.5300	-0.00000000	-0.00000000	-0.00000000	-0.00000000	-0.00000000	-0.00000000	-1244418.50	0.00000000	0.00000000	0.00000000	0.00000000
   22.5400	-0.00000000	-0.00000000	-0.00000000	-0.00000000	-0.00000000	-0.00000000	-1244418.50	0.00000000	0.00000000	0.00000000	0.00000000
   22.5500	-0.00000000	-0.00000000	-0.00000000	-0.00000000	-0.00000000	-0.00000000	-1244418.50	0.00000000	0.00000000	0.00000000	0.00000000
   22.5600	-0.00000000	-0.00000000	-0.00000000	-0.00000000	-0.00000000	-0.00000000	-1244418.50	0.00000000	0.00000000	0.00000000	0.00000000
   22.5700	-0.00000000	-0.00000000	-0.00000000	-0.00000000	-0.00000000	-0.00000000	-1244418.50	0.00000000	0.00000000	0.00000000	0.00000000
   22.5800	-0.00000000	-0.00000000	-0.00000000	-0.00000000	-0.00000000	-0.00000000	-1244418.50	0.00000000	0.00000000	0.00000000	0.00000000
   22.5900	-0.00000000	-0.00000000	-0.00000000	-0.00000000	-0.00000000	-0.00000000	-1244418.50	0.00000000	0.00000000	0.00000000	0.00000000
   22.6000	-0.00000000	-0.00000000	-0.00000000	-0.00000000	-0.00000000	-0.00000000	-1244418.50	0.00000000	0.00000000	0.00000000	0.00000000
   22.6100	-0.00000000	-0.00000000	-0.00000000	-0.00000000	-0.00000000	-0.00000000	-1244418.50	0.00000000	0.00000000	0.00000000	0.00000000
   22.6200	-0.00000000	-0.00000000	-0.00000000	-0.00000000	-0.00000000	-0.00000000	-1244418.50	0.00000000	0.00000000	0.00000000	0.00000000
   22.6300	-0.00000000	-0.00000000	-0.00000000	-0.00000000	-0.00000000	-0.00000000	-1244418.50	0.00000000	0.00000000	0.00000000	0.00000000
   22.6400	-0.00000000	-0.00000000	-0.00000000	-0.00000000	-0.00000000	-0.00000000	-1244418.50	0.00000000	0.00000000	0.00000000	0.00000000
   22.6500	-0.00000000	-0.00000000	-0.00000000	-0.00000000	-0.00000000	-0.00000000	-1244418.50	0.00000000	0.00000000	0.00000000	0.00000000
   22.6600	-0.00000000	-0.00000000	-0.00000000	-0.00000000	-0.00000000	-0.00000000	-1244418.50	0.00000000	0.00000000	0.00000000	0.00000000
   22.6700	-0.00000000	-0.00000000	-0.00000000	-0.00000000	-0.00000000	-0.00000000	-1244418.50	0.00000000	0.00000000	0.00000000	0.00000000
   22.6800	-0.00000000	-0.00000000	-0.00000000	-0.00000000	-0.00000000	-0.00000000	-1244418.50	0.00000000	0.00000000	0.00000000	0.00000000
   22.6900	-0.00000000	-0.00000000	-0.00000000	-0.00000000	-0.00000000	-0.00000000	-1244418.50	0.00000000	0.00000000	0.00000000	0.00000000
   22.7000	-0.00000000	-0.00000000	-0.00000000	-0.00000000	-0.00000000	-0.00000000	-1244418.50	0.00000000	0.00000000	0.00000000	0.00000000
   22.7100	-0.00000000	-0.00000000	-0.00000000	-0.00000000	-0.00000000	-0.00000000	-1244418.50	0.00000000	0.00000000	0.00000000	0.00000000
   22.7200	-0.00000000	-0.00000000	-0.00000000	-0.00000000	-0.00000000	-0.00000000	-1244418.50	0.00000000	0.00000000	0.00000000	0.00000000
   22.7300	-0.00000000	-0.00000000	-0.00000000	-0.00000000	-0.00000000	-0.00000000	-1244418.50	0.00000000	0.00000000	0.00000000	0.00000000
   22.7400	-0.00000000	-0.00000000	-0.00000000	-0.00000000	-0.00000000	-0.00000000	-1244418.50	0.00000000	0.00000000	0.00000000	0.00000000
   22.7500	-0.00000000	-0.00000000	-0.00000000	-0.00000000	-0.00000000	-0.00000000	-1244418.50	0.00000000	0.00000000	0.00000000	0.00000000
   22.7600	-0.00000000	-0.00000000	-0.00000000	-0.00000000	-0.00000000	-0.00000000	-1244418.50	0.00000000	0.00000000	0.00000000	0.00000000
   22.7700	-0.00000000	-0.00000000	-0.00000000	-0.00000000	-0.00000000	-0.00000000	-1244418.50	0.00000000	0.00000000	0.00000000	0.00000000
   22.7800	-0.00000000	-0.00000000	-0.00000000	-0.00000000	-0.00000000	-0.00000000	-1244418.50	0.00000000	0.00000000	0.00000000	0.00000000
   22.7900	-0.00000000	-0.00000000	-0.00000000	-0.00000000	-0.00000000	-0.00000000	-1244418.50	0.00000000	0.00000000	0.00000000	0.00000000
   22.8000	-0.00000000	-0.00000000	-0.00000000	-0.00000000	-0.00000000	-0.00000000	-1244418.50	0.00000000	0.00000000	0.00000000	0.00000000
   22.8100	-0.00000000	-0.00000000	-0.00000000	-0.00000000	-0.00000000	-0.00000000	-1244418.50	0.00000000	0.00000000	0.00000000	0.00000000
   22.8200	-0.00000000	-0.00000000	-0.00000000	-0.00000000	-0.00000000	-0.00000000	-1244418.50	0.00000000	0.00000000	0.00000000	0.00000000
   22.8300	-0.00000000	-0.00000000	-0.00000000	-0.00000000	-0.00000000	-0.00000000	-1244418.50	0.00000000	0.00000000	0.00000000	0.00000000
   22.8400	-0.00000000	-0.00000000	-0.00000000	-0.00000000	-0.00000000	-0.00000000	-1244418.50	0.00000000	0.00000000	0.00000000	0.00000000
   22.8500	-0.00000000	-0.00000000	-0.00000000	-0.00000000	-0.00000000	-0.00000000	-1244418.50	0.00000000	0.00000000	0.00000000	0.00000000
   22.8600	-0.00000000	-0.00000000	-0.00000000	-0.00000000	-0.00000000	-0.00000000	-1244418.50	0.00000000	0.00000000	0.00000000	0.00000000
   22.8700	-0.00000000	-0.00000000	-0.00000000	-0.00000000	-0.00000000	-0.00000000	-1244418.50	0.00000000	0.00000000	0.00000000	0.00000000
   22.8800	-0.00000000	-0.00000000	-0.00000000	-0.00000000	-0.00000000	-0.00000000	-1244418.50	0.00000000	0.00000000	0.00000000	0.00000000
   22.8900	-0.00000000	-0.00000000	-0.00000000	-0.00000000	-0.00000000	-0.00000000	-1244418.50	0.00000000	0.00000000	0.00000000	0.00000000
   22.9000	-0.00000000	-0.00000000	-0.00000000	-0.00000000	-0.00000000	-0.00000000	-1244418.50	0.00000000	0.00000000	0.00000000	0.00000000
   22.9100	-0.00000000	-0.00000000	-0.00000000	-0.00000000	-0.00000000	-0.00000000	-1244418.50	0.00000000	0.00000000	0.00000000	0.00000000
   22.9200	-0.00000000	-0.00000000	-0.00000000	-0.00000000	-0.00000000	-0.00000000	-1244418.50	0.00000000	0.00000000	0.00000000	0.00000000
   22.9300	-0.00000000	-0.00000000	-0.00000000	-0.00000000	-0.00000000	-0.00000000	-1244418.50	0.00000000	0.00000000	0.00000000	0.00000000
   22.9400	-0.00000000	-0.00000000	-0.00000000	-0.00000000	-0.00000000	-0.00000000	-1244418.50	0.00000000	0.00000000	0.00000000	0.00000000
   22.9500	-0.00000000	-0.00000000	-0.00000000	-0.00000000	-0.00000000	-0.00000000	-1244418.50	0.00000000	0.00000000	0.00000000	0.00000000
   22.9600	-0.00000000	-0.00000000	-0.00000000	-0.00000000	-0.00000000	-0.00000000	-1244418.50	0.00000000	0.00000000	0.00000000	0.00000000
   22.9700	-0.00000000	-0.00000000	-0.00000000	-0.00000000	-0.00000000	-0.00000000	-1244418.50	0.00000000	0.00000000	0.00000000	0.00000000
   22.9800	-0.00000000	-0.00000000	-0.00000000	-0.00000000	-0.00000000	-0.00000000	-1244418.50	0.00000000	0.00000000	0.00000000	0.00000000
   22.9900	-0.00000000	-0.00000000	-0.00000000	-0.00000000	-0.00000000	-0.00000000	-1244418.50	0.00000000	0.00000000	0.00000000	0.00000000
   23.0000	-0.00000000	-0.00000000	-0.00000000	-0.00000000	-0.00000000	-0.00000000	-1244418.50	0.00000000	0.00000000	0.00000000	0.00000000
   23.0100	-0.00000000	-0.00000000	-0.00000000	-0.00000000	-0.00000000	-0.00000000	-1244418.50	0.00000000	0.00000000	0.00000000	0.00000000
   23.0200	-0.00000000	-0.00000000	-0.00000000	-0.00000000	-0.00000000	-0.00000000	-1244418.50	0.00000000	0.00000000	0.00000000	0.00000000
   23.0300	-0.00000000	-0.00000000	-0.00000000	-0.00000000	-0.00000000	-0.00000000	-1244418.50	0.00000000	0.00000000	0.00000000	0.00000000
   23.0400	-0.00000000	-0.00000000	-0.00000000	-0.00000000	-0.00000000	-0.00000000	-1244418.50	0.00000000	0.00000000	0.00000000	0.00000000
   23.0500	-0.00000000	-0.00000000	-0.00000000	-0.00000000	-0.00000000	-0.00000000	-1244418.50	0.00000000	0.00000000	0.00000000	0.00000000
   23.0600	-0.00000000	-0.00000000	-0.00000000	-0.00000000	-0.00000000	-0.00000000	-1244418.50	0.00000000	0.00000000	0.00000000	0.00000000
   23.0700	-0.00000000	-0.00000000	-0.00000000	-0.00000000	-0.00000000	-0.00000000	-1244418.50	0.00000000	0.00000000	0.00000000	0.00000000
   23.0800	-0.00000000	-0.00000000	-0.00000000	-0.00000000	-0.00000000	-0.00000000	-1244418.50	0.00000000	0.00000000	0.00000000	0.00000000
   23.0900	-0.00000000	-0.00000000	-0.00000000	-0.00000000	-0.00000000	-0.00000000	-1244418.50	0.00000000	0.00000000	0.00000000	0.00000000
   23.1000	-0.00000000	-0.00000000	-0.00000000	-0.00000000	-0.00000000	-0.00000000	-1244418.50	0.00000000	0.00000000	0.00000000	0.00000000
   23.1100	-0.00000000	-0.00000000	-0.00000000	-0.00000000	-0.00000000	-0.00000000	-1244418.50	0.00000000	0.00000000	0.00000000	0.00000000
   23.1200	-0.00000000	-0.00000000	-0.00000000	-0.00000000	-0.00000000	-0.00000000	-1244418.50	0.00000000	0.00000000	0.00000000	0.00000000
   23.1300	-0.00000000	-0.00000000	-0.00000000	-0.00000000	-0.00000000	-0.00000000	-1244418.50	0.00000000	0.00000000	0.00000000	0.00000000
   23.1400	-0.00000000	-0.00000000	-0.00000000	-0.00000000	-0.00000000	-0.00000000	-1244418.50	0.00000000	0.00000000	0.00000000	0.00000000
   23.1500	-0.00000000	-0.00000000	-0.00000000	-0.00000000	-0.00000000	-0.00000000	-1244418.50	0.00000000	0.00000000	0.00000000	0.00000000
   23.1600	-0.00000000	-0.00000000	-0.00000000	-0.00000000	-0.00000000	-0.00000000	-1244418.50	0.00000000	0.00000000	0.00000000	0.00000000
   23.1700	-0.00000000	-0.00000000	-0.00000000	-0.00000000	-0.00000000	-0.00000000	-1244418.50	0.00000000	0.00000000	0.00000000	0.00000000
   23.1800	-0.00000000	-0.00000000	-0.00000000	-0.00000000	-0.00000000	-0.00000000	-1244418.50	0.00000000	0.00000000	0.00000000	0.00000000
   23.1900	-0.00000000	-0.00000000	-0.00000000	-0.00000000	-0.00000000	-0.00000000	-1244418.50	0.00000000	0.00000000	0.00000000	0.00000000
   23.2000	-0.00000000	-0.00000000	-0.00000000	-0.00000000	-0.00000000	-0.00000000	-1244418.50	0.00000000	0.00000000	0.00000000	0.00000000
   23.2100	-0.00000000	-0.00000000	-0.00000000	-0.00000000	-0.00000000	-0.00000000	-1244418.50	0.00000000	0.00000000	0.00000000	0.00000000
   23.2200	-0.00000000	-0.00000000	-0.00000000	-0.00000000	-0.00000000	-0.00000000	-1244418.50	0.00000000	0.00000000	0.00000000	0.00000000
   23.2300	-0.00000000	-0.00000000	-0.00000000	-0.00000000	-0.00000000	-0.00000000	-1244418.50	0.00000000	0.00000000	0.00000000	0.00000000
   23.2400	-0.00000000	-0.00000000	-0.00000000	-0.00000000	-0.00000000	-0.00000000	-1244418.50	0.00000000	0.00000000	0.00000000	0.00000000
   23.2500	-0.00000000	-0.00000000	-0.00000000	-0.00000000	-0.00000000	-0.00000000	-1244418.50	0.00000000	0.00000000	0.00000000	0.00000000
   23.2600	-0.00000000	-0.00000000	-0.00000000	-0.00000000	-0.00000000	-0.00000000	-1244418.50	0.00000000	0.00000000	0.00000000	0.00000000
   23.2700	-0.00000000	-0.00000000	-0.00000000	-0.00000000	-0.00000000	-0.00000000	-1244418.50	0.00000000	0.00000000	0.00000000	0.00000000
   23.2800	-0.00000000	-0.00000000	-0.00000000	-0.00000000	-0.00000000	-0.00000000	-1244418.50	0.00000000	0.00000000	0.00000000	0.00000000
   23.2900	-0.00000000	-0.00000000	-0.00000000	-0.00000000	-0.00000000	-0.00000000	-1244418.50	0.00000000	0.00000000	0.00000000	0.00000000
   23.3000	-0.00000000	-0.00000000	-0.00000000	-0.00000000	-0.00000000	-0.00000000	-1244418.50	0.00000000	0.00000000	0.00000000	0.00000000
   23.3100	-0.00000000	-0.00000000	-0.00000000	-0.00000000	-0.00000000	-0.00000000	-1244418.50	0.00000000	0.00000000	0.00000000	0.00000000
   23.3200	-0.00000000	-0.00000000	-0.00000000	-0.00000000	-0.00000000	-0.00000000	-1244418.50	0.00000000	0.00000000	0.00000000	0.00000000
   23.3300	-0.00000000	-0.00000000	-0.00000000	-0.00000000	-0.00000000	-0.00000000	-1244418.50	0.00000000	0.00000000	0.00000000	0.00000000
   23.3400	-0.00000000	-0.00000000	-0.00000000	-0.00000000	-0.00000000	-0.00000000	-1244418.50	0.00000000	0.00000000	0.00000000	0.00000000
   23.3500	-0.00000000	-0.00000000	-0.00000000	-0.00000000	-0.00000000	-0.00000000	-1244418.50	0.00000000	0.00000000	0.00000000	0.00000000
   23.3600	-0.00000000	-0.00000000	-0.00000000	-0.00000000	-0.00000000	-0.00000000	-1244418.50	0.00000000	0.00000000	0.00000000	0.00000000
   23.3700	-0.00000000	-0.00000000	-0.00000000	-0.00000000	-0.00000000	-0.00000000	-1244418.50	0.00000000	0.00000000	0.00000000	0.00000000
   23.3800	-0.00000000	-0.00000000	-0.00000000	-0.00000000	-0.00000000	-0.00000000	-1244418.50	0.00000000	0.00000000	0.00000000	0.00000000
   23.3900	-0.00000000	-0.00000000	-0.00000000	-0.00000000	-0.00000000	-0.00000000	-1244418.50	0.00000000	0.00000000	0.00000000	0.00000000
   23.4000	-0.00000000	-0.00000000	-0.00000000	-0.00000000	-0.00000000	-0.00000000	-1244418.50	0.00000000	0.00000000	0.00000000	0.00000000
   23.4100	-0.00000000	-0.00000000	-0.00000000	-0.00000000	-0.00000000	-0.00000000	-1244418.50	0.00000000	0.00000000	0.00000000	0.00000000
   23.4200	-0.00000000	-0.00000000	-0.00000000	-0.00000000	-0.00000000	-0.00000000	-1244418.50	0.00000000	0.00000000	0.00000000	0.00000000
   23.4300	-0.00000000	-0.00000000	-0.00000000	-0.00000000	-0.00000000	-0.00000000	-1244418.50	0.00000000	0.00000000	0.00000000	0.00000000
   23.4400	-0.00000000	-0.00000000	-0.00000000	-0.00000000	-0.00000000	-0.00000000	-1244418.50	0.00000000	0.00000000	0.00000000	0.00000000
   23.4500	-0.00000000	-0.00000000	-0.00000000	-0.00000000	-0.00000000	-0.00000000	-1244418.50	0.00000000	0.00000000	0.00000000	0.00000000
   23.4600	-0.00000000	-0.00000000	-0.00000000	-0.00000000	-0.00000000	-0.00000000	-1244418.50	0.00000000	0.00000000	0.00000000	0.00000000
   23.4700	-0.00000000	-0.00000000	-0.00000000	-0.00000000	-0.00000000	-0.00000000	-1244418.50	0.00000000	0.00000000	0.00000000	0.00000000
   23.4800	-0.00000000	-0.00000000	-0.00000000	-0.00000000	-0.00000000	-0.00000000	-1244418.50	0.00000000	0.00000000	0.00000000	0.00000000
   23.4900	-0.00000000	-0.00000000	-0.00000000	-0.00000000	-0.00000000	-0.00000000	-1244418.50	0.00000000	0.00000000	0.00000000	0.00000000
   23.5000	-0.00000000	-0.00000000	-0.00000000	-0.00000000	-0.00000000	-0.00000000	-1244418.50	0.00000000	0.00000000	0.00000000	0.00000000
   23.5100	-0.00000000	-0.00000000	-0.00000000	-0.00000000	-0.00000000	-0.00000000	-1244418.50	0.00000000	0.00000000	0.00000000	0.00000000
   23.5200	-0.00000000	-0.00000000	-0.00000000	-0.00000000	-0.00000000	-0.00000000	-1244418.50	0.00000000	0.00000000	0.00000000	0.00000000
   23.5300	-0.00000000	-0.00000000	-0.00000000	-0.00000000	-0.00000000	-0.00000000	-1244418.50	0.00000000	0.00000000	0.00000000	0.00000000
   23.5400	-0.00000000	-0.00000000	-0.00000000	-0.00000000	-0.00000000	-0.00000000	-1244418.50	0.00000000	0.00000000	0.00000000	0.00000000
   23.5500	-0.00000000	-0.00000000	-0.00000000	-0.00000000	-0.00000000	-0.00000000	-1244418.50	0.00000000	0.00000000	0.00000000	0.00000000
   23.5600	-0.00000000	-0.00000000	-0.00000000	-0.00000000	-0.00000000	-0.00000000	-1244418.50	0.00000000	0.00000000	0.00000000	0.00000000
   23.5700	-0.00000000	-0.00000000	-0.00000000	-0.00000000	-0.00000000	-0.00000000	-1244418.50	0.00000000	0.00000000	0.00000000	0.00000000
   23.5800	-0.00000000	-0.00000000	-0.00000000	-0.00000000	-0.00000000	-0.00000000	-1244418.50	0.00000000	0.00000000	0.00000000	0.00000000
   23.5900	-0.00000000	-0.00000000	-0.00000000	-0.00000000	-0.00000000	-0.00000000	-1244418.50	0.00000000	0.00000000	0.00000000	0.00000000
   23.6000	-0.00000000	-0.00000000	-0.00000000	-0.00000000	-0.00000000	-0.00000000	-1244418.50	0.00000000	0.00000000	0.00000000	0.00000000
   23.6100	-0.00000000	-0.00000000	-0.00000000	-0.00000000	-0.00000000	-0.00000000	-1244418.50	0.00000000	0.00000000	0.00000000	0.00000000
   23.6200	-0.00000000	-0.00000000	-0.00000000	-0.00000000	-0.00000000	-0.00000000	-1244418.50	0.00000000	0.00000000	0.00000000	0.00000000
   23.6300	-0.00000000	-0.00000000	-0.00000000	-0.00000000	-0.00000000	-0.00000000	-1244418.50	0.00000000	0.00000000	0.00000000	0.00000000
   23.6400	-0.00000000	-0.00000000	-0.00000000	-0.00000000	-0.00000000	-0.00000000	-1244418.50	0.00000000	0.00000000	0.00000000	0.00000000
   23.6500	-0.00000000	-0.00000000	-0.00000000	-0.00000000	-0.00000000	-0.00000000	-1244418.50	0.00000000	0.00000000	0.00000000	0.00000000
   23.6600	-0.00000000	-0.00000000	-0.00000000	-0.00000000	-0.00000000	-0.00000000	-1244418.50	0.00000000	0.00000000	0.00000000	0.00000000
   23.6700	-0.00000000	-0.00000000	-0.00000000	-0.00000000	-0.00000000	-0.00000000	-1244418.50	0.00000000	0.00000000	0.00000000	0.00000000
   23.6800	-0.00000000	-0.00000000	-0.00000000	-0.00000000	-0.00000000	-0.00000000	-1244418.50	0.00000000	0.00000000	0.00000000	0.00000000
   23.6900	-0.00000000	-0.00000000	-0.00000000	-0.00000000	-0.00000000	-0.00000000	-1244418.50	0.00000000	0.00000000	0.00000000	0.00000000
   23.7000	-0.00000000	-0.00000000	-0.00000000	-0.00000000	-0.00000000	-0.00000000	-1244418.50	0.00000000	0.00000000	0.00000000	0.00000000
   23.7100	-0.00000000	-0.00000000	-0.00000000	-0.00000000	-0.00000000	-0.00000000	-1244418.50	0.00000000	0.00000000	0.00000000	0.00000000
   23.7200	-0.00000000	-0.00000000	-0.00000000	-0.00000000	-0.00000000	-0.00000000	-1244418.50	0.00000000	0.00000000	0.00000000	0.00000000
   23.7300	-0.00000000	-0.00000000	-0.00000000	-0.00000000	-0.00000000	-0.00000000	-1244418.50	0.00000000	0.00000000	0.00000000	0.00000000
   23.7400	-0.00000000	-0.00000000	-0.00000000	-0.00000000	-0.00000000	-0.00000000	-1244418.50	0.00000000	0.00000000	0.00000000	0.00000000
   23.7500	-0.00000000	-0.00000000	-0.00000000	-0.00000000	-0.00000000	-0.00000000	-1244418.50	0.00000000	0.00000000	0.00000000	0.00000000
   23.7600	-0.00000000	-0.00000000	-0.00000000	-0.00000000	-0.00000000	-0.00000000	-1244418.50	0.00000000	0.00000000	0.00000000	0.00000000
   23.7700	-0.00000000	-0.00000000	-0.00000000	-0.00000000	-0.00000000	-0.00000000	-1244418.50	0.00000000	0.00000000	0.00000000	0.00000000
   23.7800	-0.00000000	-0.00000000	-0.00000000	-0.00000000	-0.00000000	-0.00000000	-1244418.50	0.00000000	0.00000000	0.00000000	0.00000000
   23.7900	-0.00000000	-0.00000000	-0.00000000	-0.00000000	-0.00000000	-0.00000000	-1244418.50	0.00000000	0.00000000	0.00000000	0.00000000
   23.8000	-0.00000000	-0.00000000	-0.00000000	-0.00000000	-0.00000000	-0.00000000	-1244418.50	0.00000000	0.00000000	0.00000000	0.00000000
   23.8100	-0.00000000	-0.00000000	-0.00000000	-0.00000000	-0.00000000	-0.00000000	-1244418.50	0.00000000	0.00000000	0.00000000	0.00000000
   23.8200	-0.00000000	-0.00000000	-0.00000000	-0.00000000	-0.00000000	-0.00000000	-1244418.50	0.00000000	0.00000000	0.00000000	0.00000000
   23.8300	-0.00000000	-0.00000000	-0.00000000	-0.00000000	-0.00000000	-0.00000000	-1244418.50	0.00000000	0.00000000	0.00000000	0.00000000
   23.8400	-0.00000000	-0.00000000	-0.00000000	-0.00000000	-0.00000000	-0.00000000	-1244418.50	0.00000000	0.00000000	0.00000000	0.00000000
   23.8500	-0.00000000	-0.00000000	-0.00000000	-0.00000000	-0.00000000	-0.00000000	-1244418.50	0.00000000	0.00000000	0.00000000	0.00000000
   23.8600	-0.00000000	-0.00000000	-0.00000000	-0.00000000	-0.00000000	-0.00000000	-1244418.50	0.00000000	0.00000000	0.00000000	0.00000000
   23.8700	-0.00000000	-0.00000000	-0.00000000	-0.00000000	-0.00000000	-0.00000000	-1244418.50	0.00000000	0.00000000	0.00000000	0.00000000
   23.8800	-0.00000000	-0.00000000	-0.00000000	-0.00000000	-0.00000000	-0.00000000	-1244418.50	0.00000000	0.00000000	0.00000000	0.00000000
   23.8900	-0.00000000	-0.00000000	-0.00000000	-0.00000000	-0.00000000	-0.00000000	-1244418.50	0.00000000	0.00000000	0.00000000	0.00000000
   23.9000	-0.00000000	-0.00000000	-0.00000000	-0.00000000	-0.00000000	-0.00000000	-1244418.50	0.00000000	0.00000000	0.00000000	0.00000000
   23.9100	-0.00000000	-0.00000000	-0.00000000	-0.00000000	-0.00000000	-0.00000000	-1244418.50	0.00000000	0.00000000	0.00000000	0.00000000
   23.9200	-0.00000000	-0.00000000	-0.00000000	-0.00000000	-0.00000000	-0.00000000	-1244418.50	0.00000000	0.00000000	0.00000000	0.00000000
   23.9300	-0.00000000	-0.00000000	-0.00000000	-0.00000000	-0.00000000	-0.00000000	-1244418.50	0.00000000	0.00000000	0.00000000	0.00000000
   23.9400	-0.00000000	-0.00000000	-0.00000000	-0.00000000	-0.00000000	-0.00000000	-1244418.50	0.00000000	0.00000000	0.00000000	0.00000000
   23.9500	-0.00000000	-0.00000000	-0.00000000	-0.00000000	-0.00000000	-0.00000000	-1244418.50	0.00000000	0.00000000	0.00000000	0.00000000
   23.9600	-0.00000000	-0.00000000	-0.00000000	-0.00000000	-0.00000000	-0.00000000	-1244418.50	0.00000000	0.00000000	0.00000000	0.00000000
   23.9700	-0.00000000	-0.00000000	-0.00000000	-0.00000000	-0.00000000	-0.00000000	-1244418.50	0.00000000	0.00000000	0.00000000	0.00000000
   23.9800	-0.00000000	-0.00000000	-0.00000000	-0.00000000	-0.00000000	-0.00000000	-1244418.50	0.00000000	0.00000000	0.00000000	0.00000000
   23.9900	-0.00000000	-0.00000000	-0.00000000	-0.00000000	-0.00000000	-0.00000000	-1244418.50	0.00000000	0.00000000	0.00000000	0.00000000
   24.0000	-0.00000000	-0.00000000	-0.00000000	-0.00000000	-0.00000000	-0.00000000	-1244418.50	0.00000000	0.00000000	0.00000000	0.00000000
   24.0100	-0.00000000	-0.00000000	-0.00000000	-0.00000000	-0.00000000	-0.00000000	-1244418.50	0.00000000	0.00000000	0.00000000	0.00000000
   24.0200	-0.00000000	-0.00000000	-0.00000000	-0.00000000	-0.00000000	-0.00000000	-1244418.50	0.00000000	0.00000000	0.00000000	0.00000000
   24.0300	-0.00000000	-0.00000000	-0.00000000	-0.00000000	-0.00000000	-0.00000000	-1244418.50	0.00000000	0.00000000	0.00000000	0.00000000
   24.0400	-0.00000000	-0.00000000	-0.00000000	-0.00000000	-0.00000000	-0.00000000	-1244418.50	0.00000000	0.00000000	0.00000000	0.00000000
   24.0500	-0.00000000	-0.00000000	-0.00000000	-0.00000000	-0.00000000	-0.00000000	-1244418.50	0.00000000	0.00000000	0.00000000	0.00000000
   24.0600	-0.00000000	-0.00000000	-0.00000000	-0.00000000	-0.00000000	-0.00000000	-1244418.50	0.00000000	0.00000000	0.00000000	0.00000000
   24.0700	-0.00000000	-0.00000000	-0.00000000	-0.00000000	-0.00000000	-0.00000000	-1244418.50	0.00000000	0.00000000	0.00000000	0.00000000
   24.0800	-0.00000000	-0.00000000	-0.00000000	-0.00000000	-0.00000000	-0.00000000	-1244418.50	0.00000000	0.00000000	0.00000000	0.00000000
   24.0900	-0.00000000	-0.00000000	-0.00000000	-0.00000000	-0.00000000	-0.00000000	-1244418.50	0.00000000	0.00000000	0.00000000	0.00000000
   24.1000	-0.00000000	-0.00000000	-0.00000000	-0.00000000	-0.00000000	-0.00000000	-1244418.50	0.00000000	0.00000000	0.00000000	0.00000000
   24.1100	-0.00000000	-0.00000000	-0.00000000	-0.00000000	-0.00000000	-0.00000000	-1244418.50	0.00000000	0.00000000	0.00000000	0.00000000
   24.1200	-0.00000000	-0.00000000	-0.00000000	-0.00000000	-0.00000000	-0.00000000	-1244418.50	0.00000000	0.00000000	0.00000000	0.00000000
   24.1300	-0.00000000	-0.00000000	-0.00000000	-0.00000000	-0.00000000	-0.00000000	-1244418.50	0.00000000	0.00000000	0.00000000	0.00000000
   24.1400	-0.00000000	-0.00000000	-0.00000000	-0.00000000	-0.00000000	-0.00000000	-1244418.50	0.00000000	0.00000000	0.00000000	0.00000000
   24.1500	-0.00000000	-0.00000000	-0.00000000	-0.00000000	-0.00000000	-0.00000000	-1244418.50	0.00000000	0.00000000	0.00000000	0.00000000
   24.1600	-0.00000000	-0.00000000	-0.00000000	-0.00000000	-0.00000000	-0.00000000	-1244418.50	0.00000000	0.00000000	0.00000000	0.00000000
   24.1700	-0.00000000	-0.00000000	-0.00000000	-0.00000000	-0.00000000	-0.00000000	-1244418.50	0.00000000	0.00000000	0.00000000	0.00000000
   24.1800	-0.00000000	-0.00000000	-0.00000000	-0.00000000	-0.00000000	-0.00000000	-1244418.50	0.00000000	0.00000000	0.00000000	0.00000000
   24.1900	-0.00000000	-0.00000000	-0.00000000	-0.00000000	-0.00000000	-0.00000000	-1244418.50	0.00000000	0.00000000	0.00000000	0.00000000
   24.2000	-0.00000000	-0.00000000	-0.00000000	-0.00000000	-0.00000000	-0.00000000	-1244418.50	0.00000000	0.00000000	0.00000000	0.00000000
   24.2100	-0.00000000	-0.00000000	-0.00000000	-0.00000000	-0.00000000	-0.00000000	-1244418.50	0.00000000	0.00000000	0.00000000	0.00000000
   24.2200	-0.00000000	-0.00000000	-0.00000000	-0.00000000	-0.00000000	-0.00000000	-1244418.50	0.00000000	0.00000000	0.00000000	0.00000000
   24.2300	-0.00000000	-0.00000000	-0.00000000	-0.00000000	-0.00000000	-0.00000000	-1244418.50	0.00000000	0.00000000	0.00000000	0.00000000
   24.2400	-0.00000000	-0.00000000	-0.00000000	-0.00000000	-0.00000000	-0.00000000	-1244418.50	0.00000000	0.00000000	0.00000000	0.00000000
   24.2500	-0.00000000	-0.00000000	-0.00000000	-0.00000000	-0.00000000	-0.00000000	-1244418.50	0.00000000	0.00000000	0.00000000	0.00000000
   24.2600	-0.00000000	-0.00000000	-0.00000000	-0.00000000	-0.00000000	-0.00000000	-1244418.50	0.00000000	0.00000000	0.00000000	0.00000000
   24.2700	-0.00000000	-0.00000000	-0.00000000	-0.00000000	-0.00000000	-0.00000000	-1244418.50	0.00000000	0.00000000	0.00000000	0.00000000
   24.2800	-0.00000000	-0.00000000	-0.00000000	-0.00000000	-0.00000000	-0.00000000	-1244418.50	0.00000000	0.00000000	0.00000000	0.00000000
   24.2900	-0.00000000	-0.00000000	-0.00000000	-0.00000000	-0.00000000	-0.00000000	-1244418.50	0.00000000	0.00000000	0.00000000	0.00000000
   24.3000	-0.00000000	-0.00000000	-0.00000000	-0.00000000	-0.00000000	-0.00000000	-1244418.50	0.00000000	0.00000000	0.00000000	0.00000000
   24.3100	-0.00000000	-0.00000000	-0.00000000	-0.00000000	-0.00000000	-0.00000000	-1244418.50	0.00000000	0.00000000	0.00000000	0.00000000
   24.3200	-0.00000000	-0.00000000	-0.00000000	-0.00000000	-0.00000000	-0.00000000	-1244418.50	0.00000000	0.00000000	0.00000000	0.00000000
   24.3300	-0.00000000	-0.00000000	-0.00000000	-0.00000000	-0.00000000	-0.00000000	-1244418.50	0.00000000	0.00000000	0.00000000	0.00000000
   24.3400	-0.00000000	-0.00000000	-0.00000000	-0.00000000	-0.00000000	-0.00000000	-1244418.50	0.00000000	0.00000000	0.00000000	0.00000000
   24.3500	-0.00000000	-0.00000000	-0.00000000	-0.00000000	-0.00000000	-0.00000000	-1244418.50	0.00000000	0.00000000	0.00000000	0.00000000
   24.3600	-0.00000000	-0.00000000	-0.00000000	-0.00000000	-0.00000000	-0.00000000	-1244418.50	0.00000000	0.00000000	0.00000000	0.00000000
   24.3700	-0.00000000	-0.00000000	-0.00000000	-0.00000000	-0.00000000	-0.00000000	-1244418.50	0.00000000	0.00000000	0.00000000	0.00000000
   24.3800	-0.00000000	-0.00000000	-0.00000000	-0.00000000	-0.00000000	-0.00000000	-1244418.50	0.00000000	0.00000000	0.00000000	0.00000000
   24.3900	-0.00000000	-0.00000000	-0.00000000	-0.00000000	-0.00000000	-0.00000000	-1244418.50	0.00000000	0.00000000	0.00000000	0.00000000
   24.4000	-0.00000000	-0.00000000	-0.00000000	-0.00000000	-0.00000000	-0.00000000	-1244418.50	0.00000000	0.00000000	0.00000000	0.00000000
   24.4100	-0.00000000	-0.00000000	-0.00000000	-0.00000000	-0.00000000	-0.00000000	-1244418.50	0.00000000	0.00000000	0.00000000	0.00000000
   24.4200	-0.00000000	-0.00000000	-0.00000000	-0.00000000	-0.00000000	-0.00000000	-1244418.50	0.00000000	0.00000000	0.00000000	0.00000000
   24.4300	-0.00000000	-0.00000000	-0.00000000	-0.00000000	-0.00000000	-0.00000000	-1244418.50	0.00000000	0.00000000	0.00000000	0.00000000
   24.4400	-0.00000000	-0.00000000	-0.00000000	-0.00000000	-0.00000000	-0.00000000	-1244418.50	0.00000000	0.00000000	0.00000000	0.00000000
   24.4500	-0.00000000	-0.00000000	-0.00000000	-0.00000000	-0.00000000	-0.00000000	-1244418.50	0.00000000	0.00000000	0.00000000	0.00000000
   24.4600	-0.00000000	-0.00000000	-0.00000000	-0.00000000	-0.00000000	-0.00000000	-1244418.50	0.00000000	0.00000000	0.00000000	0.00000000
   24.4700	-0.00000000	-0.00000000	-0.00000000	-0.00000000	-0.00000000	-0.00000000	-1244418.50	0.00000000	0.00000000	0.00000000	0.00000000
   24.4800	-0.00000000	-0.00000000	-0.00000000	-0.00000000	-0.00000000	-0.00000000	-1244418.50	0.00000000	0.00000000	0.00000000	0.00000000
   24.4900	-0.00000000	-0.00000000	-0.00000000	-0.00000000	-0.00000000	-0.00000000	-1244418.50	0.00000000	0.00000000	0.00000000	0.00000000
   24.5000	-0.00000000	-0.00000000	-0.00000000	-0.00000000	-0.00000000	-0.00000000	-1244418.50	0.00000000	0.00000000	0.00000000	0.00000000
   24.5100	-0.00000000	-0.00000000	-0.00000000	-0.00000000	-0.00000000	-0.00000000	-1244418.50	0.00000000	0.00000000	0.00000000	0.00000000
   24.5200	-0.00000000	-0.00000000	-0.00000000	-0.00000000	-0.00000000	-0.00000000	-1244418.50	0.00000000	0.00000000	0.00000000	0.00000000
   24.5300	-0.00000000	-0.00000000	-0.00000000	-0.00000000	-0.00000000	-0.00000000	-1244418.50	0.00000000	0.00000000	0.00000000	0.00000000
   24.5400	-0.00000000	-0.00000000	-0.00000000	-0.00000000	-0.00000000	-0.00000000	-1244418.50	0.00000000	0.00000000	0.00000000	0.00000000
   24.5500	-0.00000000	-0.00000000	-0.00000000	-0.00000000	-0.00000000	-0.00000000	-1244418.50	0.00000000	0.00000000	0.00000000	0.00000000
   24.5600	-0.00000000	-0.00000000	-0.00000000	-0.00000000	-0.00000000	-0.00000000	-1244418.50	0.00000000	0.00000000	0.00000000	0.00000000
   24.5700	-0.00000000	-0.00000000	-0.00000000	-0.00000000	-0.00000000	-0.00000000	-1244418.50	0.00000000	0.00000000	0.00000000	0.00000000
   24.5800	-0.00000000	-0.00000000	-0.00000000	-0.00000000	-0.00000000	-0.00000000	-1244418.50	0.00000000	0.00000000	0.00000000	0.00000000
   24.5900	-0.00000000	-0.00000000	-0.00000000	-0.00000000	-0.00000000	-0.00000000	-1244418.50	0.00000000	0.00000000	0.00000000	0.00000000
   24.6000	-0.00000000	-0.00000000	-0.00000000	-0.00000000	-0.00000000	-0.00000000	-1244418.50	0.00000000	0.00000000	0.00000000	0.00000000
   24.6100	-0.00000000	-0.00000000	-0.00000000	-0.00000000	-0.00000000	-0.00000000	-1244418.50	0.00000000	0.00000000	0.00000000	0.00000000
   24.6200	-0.00000000	-0.00000000	-0.00000000	-0.00000000	-0.00000000	-0.00000000	-1244418.50	0.00000000	0.00000000	0.00000000	0.00000000
   24.6300	-0.00000000	-0.00000000	-0.00000000	-0.00000000	-0.00000000	-0.00000000	-1244418.50	0.00000000	0.00000000	0.00000000	0.00000000
   24.6400	-0.00000000	-0.00000000	-0.00000000	-0.00000000	-0.00000000	-0.00000000	-1244418.50	0.00000000	0.00000000	0.00000000	0.00000000
   24.6500	-0.00000000	-0.00000000	-0.00000000	-0.00000000	-0.00000000	-0.00000000	-1244418.50	0.00000000	0.00000000	0.00000000	0.00000000
   24.6600	-0.00000000	-0.00000000	-0.00000000	-0.00000000	-0.00000000	-0.00000000	-1244418.50	0.00000000	0.00000000	0.00000000	0.00000000
   24.6700	-0.00000000	-0.00000000	-0.00000000	-0.00000000	-0.00000000	-0.00000000	-1244418.50	0.00000000	0.00000000	0.00000000	0.00000000
   24.6800	-0.00000000	-0.00000000	-0.00000000	-0.00000000	-0.00000000	-0.00000000	-1244418.50	0.00000000	0.00000000	0.00000000	0.00000000
   24.6900	-0.00000000	-0.00000000	-0.00000000	-0.00000000	-0.00000000	-0.00000000	-1244418.50	0.00000000	0.00000000	0.00000000	0.00000000
   24.7000	-0.00000000	-0.00000000	-0.00000000	-0.00000000	-0.00000000	-0.00000000	-1244418.50	0.00000000	0.00000000	0.00000000	0.00000000
   24.7100	-0.00000000	-0.00000000	-0.00000000	-0.00000000	-0.00000000	-0.00000000	-1244418.50	0.00000000	0.00000000	0.00000000	0.00000000
   24.7200	-0.00000000	-0.00000000	-0.00000000	-0.00000000	-0.00000000	-0.00000000	-1244418.50	0.00000000	0.00000000	0.00000000	0.00000000
   24.7300	-0.00000000	-0.00000000	-0.00000000	-0.00000000	-0.00000000	-0.00000000	-1244418.50	0.00000000	0.00000000	0.00000000	0.00000000
   24.7400	-0.00000000	-0.00000000	-0.00000000	-0.00000000	-0.00000000	-0.00000000	-1244418.50	0.00000000	0.00000000	0.00000000	0.00000000
   24.7500	-0.00000000	-0.00000000	-0.00000000	-0.00000000	-0.00000000	-0.00000000	-1244418.50	0.00000000	0.00000000	0.00000000	0.00000000
   24.7600	-0.00000000	-0.00000000	-0.00000000	-0.00000000	-0.00000000	-0.00000000	-1244418.50	0.00000000	0.00000000	0.00000000	0.00000000
   24.7700	-0.00000000	-0.00000000	-0.00000000	-0.00000000	-0.00000000	-0.00000000	-1244418.50	0.00000000	0.00000000	0.00000000	0.00000000
   24.7800	-0.00000000	-0.00000000	-0.00000000	-0.00000000	-0.00000000	-0.00000000	-1244418.50	0.00000000	0.00000000	0.00000000	0.00000000
   24.7900	-0.00000000	-0.00000000	-0.00000000	-0.00000000	-0.00000000	-0.00000000	-1244418.50	0.00000000	0.00000000	0.00000000	0.00000000
   24.8000	-0.00000000	-0.00000000	-0.00000000	-0.00000000	-0.00000000	-0.00000000	-1244418.50	0.00000000	0.00000000	0.00000000	0.00000000
   24.8100	-0.00000000	-0.00000000	-0.00000000	-0.00000000	-0.00000000	-0.00000000	-1244418.50	0.00000000	0.00000000	0.00000000	0.00000000
   24.8200	-0.00000000	-0.00000000	-0.00000000	-0.00000000	-0.00000000	-0.00000000	-1244418.50	0.00000000	0.00000000	0.00000000	0.00000000
   24.8300	-0.00000000	-0.00000000	-0.00000000	-0.00000000	-0.00000000	-0.00000000	-1244418.50	0.00000000	0.00000000	0.00000000	0.00000000
   24.8400	-0.00000000	-0.00000000	-0.00000000	-0.00000000	-0.00000000	-0.00000000	-1244418.50	0.00000000	0.00000000	0.00000000	0.00000000
   24.8500	-0.00000000	-0.00000000	-0.00000000	-0.00000000	-0.00000000	-0.00000000	-1244418.50	0.00000000	0.00000000	0.00000000	0.00000000
   24.8600	-0.00000000	-0.00000000	-0.00000000	-0.00000000	-0.00000000	-0.00000000	-1244418.50	0.00000000	0.00000000	0.00000000	0.00000000
   24.8700	-0.00000000	-0.00000000	-0.00000000	-0.00000000	-0.00000000	-0.00000000	-1244418.50	0.00000000	0.00000000	0.00000000	0.00000000
   24.8800	-0.00000000	-0.00000000	-0.00000000	-0.00000000	-0.00000000	-0.00000000	-1244418.50	0.00000000	0.00000000	0.00000000	0.00000000
   24.8900	-0.00000000	-0.00000000	-0.00000000	-0.00000000	-0.00000000	-0.00000000	-1244418.50	0.00000000	0.00000000	0.00000000	0.00000000
   24.9000	-0.00000000	-0.00000000	-0.00000000	-0.00000000	-0.00000000	-0.00000000	-1244418.50	0.00000000	0.00000000	0.00000000	0.00000000
   24.9100	-0.00000000	-0.00000000	-0.00000000	-0.00000000	-0.00000000	-0.00000000	-1244418.50	0.00000000	0.00000000	0.00000000	0.00000000
   24.9200	-0.00000000	-0.00000000	-0.00000000	-0.00000000	-0.00000000	-0.00000000	-1244418.50	0.00000000	0.00000000	0.00000000	0.00000000
   24.9300	-0.00000000	-0.00000000	-0.00000000	-0.00000000	-0.00000000	-0.00000000	-1244418.50	0.00000000	0.00000000	0.00000000	0.00000000
   24.9400	-0.00000000	-0.00000000	-0.00000000	-0.00000000	-0.00000000	-0.00000000	-1244418.50	0.00000000	0.00000000	0.00000000	0.00000000
   24.9500	-0.00000000	-0.00000000	-0.00000000	-0.00000000	-0.00000000	-0.00000000	-1244418.50	0.00000000	0.00000000	0.00000000	0.00000000
   24.9600	-0.00000000	-0.00000000	-0.00000000	-0.00000000	-0.00000000	-0.00000000	-1244418.50	0.00000000	0.00000000	0.00000000	0.00000000
   24.9700	-0.00000000	-0.00000000	-0.00000000	-0.00000000	-0.00000000	-0.00000000	-1244418.50	0.00000000	0.00000000	0.00000000	0.00000000
   24.9800	-0.00000000	-0.00000000	-0.00000000	-0.00000000	-0.00000000	-0.00000000	-1244418.50	0.00000000	0.00000000	0.00000000	0.00000000
   24.9900	-0.00000000	-0.00000000	-0.00000000	-0.00000000	-0.00000000	-0.00000000	-1244418.50	0.00000000	0.00000000	0.00000000	0.00000000
   25.0000	-0.00000000	-0.00000000	-0.00000000	-0.00000000	-0.00000000	-0.00000000	-1244418.50	0.00000000	0.00000000	0.00000000	0.00000000
   25.0100	-0.00000000	-0.00000000	-0.00000000	-0.00000000	-0.00000000	-0.00000000	-1244418.50	0.00000000	0.00000000	0.00000000	0.00000000
   25.0200	-0.00000000	-0.00000000	-0.00000000	-0.00000000	-0.00000000	-0.00000000	-1244418.50	0.00000000	0.00000000	0.00000000	0.00000000
   25.0300	-0.00000000	-0.00000000	-0.00000000	-0.00000000	-0.00000000	-0.00000000	-1244418.50	0.00000000	0.00000000	0.00000000	0.00000000
   25.0400	-0.00000000	-0.00000000	-0.00000000	-0.00000000	-0.00000000	-0.00000000	-1244418.50	0.00000000	0.00000000	0.00000000	0.00000000
   25.0500	-0.00000000	-0.00000000	-0.00000000	-0.00000000	-0.00000000	-0.00000000	-1244418.50	0.00000000	0.00000000	0.00000000	0.00000000
   25.0600	-0.00000000	-0.00000000	-0.00000000	-0.00000000	-0.00000000	-0.00000000	-1244418.50	0.00000000	0.00000000	0.00000000	0.00000000
   25.0700	-0.00000000	-0.00000000	-0.00000000	-0.00000000	-0.00000000	-0.00000000	-1244418.50	0.00000000	0.00000000	0.00000000	0.00000000
   25.0800	-0.00000000	-0.00000000	-0.00000000	-0.00000000	-0.00000000	-0.00000000	-1244418.50	0.00000000	0.00000000	0.00000000	0.00000000
   25.0900	-0.00000000	-0.00000000	-0.00000000	-0.00000000	-0.00000000	-0.00000000	-1244418.50	0.00000000	0.00000000	0.00000000	0.00000000
   25.1000	-0.00000000	-0.00000000	-0.00000000	-0.00000000	-0.00000000	-0.00000000	-1244418.50	0.00000000	0.00000000	0.00000000	0.00000000
   25.1100	-0.00000000	-0.00000000	-0.00000000	-0.00000000	-0.00000000	-0.00000000	-1244418.50	0.00000000	0.00000000	0.00000000	0.00000000
   25.1200	-0.00000000	-0.00000000	-0.00000000	-0.00000000	-0.00000000	-0.00000000	-1244418.50	0.00000000	0.00000000	0.00000000	0.00000000
   25.1300	-0.00000000	-0.00000000	-0.00000000	-0.00000000	-0.00000000	-0.00000000	-1244418.50	0.00000000	0.00000000	0.00000000	0.00000000
   25.1400	-0.00000000	-0.00000000	-0.00000000	-0.00000000	-0.00000000	-0.00000000	-1244418.50	0.00000000	0.00000000	0.00000000	0.00000000
   25.1500	-0.00000000	-0.00000000	-0.00000000	-0.00000000	-0.00000000	-0.00000000	-1244418.50	0.00000000	0.00000000	0.00000000	0.00000000
   25.1600	-0.00000000	-0.00000000	-0.00000000	-0.00000000	-0.00000000	-0.00000000	-1244418.50	0.00000000	0.00000000	0.00000000	0.00000000
   25.1700	-0.00000000	-0.00000000	-0.00000000	-0.00000000	-0.00000000	-0.00000000	-1244418.50	0.00000000	0.00000000	0.00000000	0.00000000
   25.1800	-0.00000000	-0.00000000	-0.00000000	-0.00000000	-0.00000000	-0.00000000	-1244418.50	0.00000000	0.00000000	0.00000000	0.00000000
   25.1900	-0.00000000	-0.00000000	-0.00000000	-0.00000000	-0.00000000	-0.00000000	-1244418.50	0.00000000	0.00000000	0.00000000	0.00000000
   25.2000	-0.00000000	-0.00000000	-0.00000000	-0.00000000	-0.00000000	-0.00000000	-1244418.50	0.00000000	0.00000000	0.00000000	0.00000000
   25.2100	-0.00000000	-0.00000000	-0.00000000	-0.00000000	-0.00000000	-0.00000000	-1244418.50	0.00000000	0.00000000	0.00000000	0.00000000
   25.2200	-0.00000000	-0.00000000	-0.00000000	-0.00000000	-0.00000000	-0.00000000	-1244418.50	0.00000000	0.00000000	0.00000000	0.00000000
   25.2300	-0.00000000	-0.00000000	-0.00000000	-0.00000000	-0.00000000	-0.00000000	-1244418.50	0.00000000	0.00000000	0.00000000	0.00000000
   25.2400	-0.00000000	-0.00000000	-0.00000000	-0.00000000	-0.00000000	-0.00000000	-1244418.50	0.00000000	0.00000000	0.00000000	0.00000000
   25.2500	-0.00000000	-0.00000000	-0.00000000	-0.00000000	-0.00000000	-0.00000000	-1244418.50	0.00000000	0.00000000	0.00000000	0.00000000
   25.2600	-0.00000000	-0.00000000	-0.00000000	-0.00000000	-0.00000000	-0.00000000	-1244418.50	0.00000000	0.00000000	0.00000000	0.00000000
   25.2700	-0.00000000	-0.00000000	-0.00000000	-0.00000000	-0.00000000	-0.00000000	-1244418.50	0.00000000	0.00000000	0.00000000	0.00000000
   25.2800	-0.00000000	-0.00000000	-0.00000000	-0.00000000	-0.00000000	-0.00000000	-1244418.50	0.00000000	0.00000000	0.00000000	0.00000000
   25.2900	-0.00000000	-0.00000000	-0.00000000	-0.00000000	-0.00000000	-0.00000000	-1244418.50	0.00000000	0.00000000	0.00000000	0.00000000
   25.3000	-0.00000000	-0.00000000	-0.00000000	-0.00000000	-0.00000000	-0.00000000	-1244418.50	0.00000000	0.00000000	0.00000000	0.00000000
   25.3100	-0.00000000	-0.00000000	-0.00000000	-0.00000000	-0.00000000	-0.00000000	-1244418.50	0.00000000	0.00000000	0.00000000	0.00000000
   25.3200	-0.00000000	-0.00000000	-0.00000000	-0.00000000	-0.00000000	-0.00000000	-1244418.50	0.00000000	0.00000000	0.00000000	0.00000000
   25.3300	-0.00000000	-0.00000000	-0.00000000	-0.00000000	-0.00000000	-0.00000000	-1244418.50	0.00000000	0.00000000	0.00000000	0.00000000
   25.3400	-0.00000000	-0.00000000	-0.00000000	-0.00000000	-0.00000000	-0.00000000	-1244418.50	0.00000000	0.00000000	0.00000000	0.00000000
   25.3500	-0.00000000	-0.00000000	-0.00000000	-0.00000000	-0.00000000	-0.00000000	-1244418.50	0.00000000	0.00000000	0.00000000	0.00000000
   25.3600	-0.00000000	-0.00000000	-0.00000000	-0.00000000	-0.00000000	-0.00000000	-1244418.50	0.00000000	0.00000000	0.00000000	0.00000000
   25.3700	-0.00000000	-0.00000000	-0.00000000	-0.00000000	-0.00000000	-0.00000000	-1244418.50	0.00000000	0.00000000	0.00000000	0.00000000
   25.3800	-0.00000000	-0.00000000	-0.00000000	-0.00000000	-0.00000000	-0.00000000	-1244418.50	0.00000000	0.00000000	0.00000000	0.00000000
   25.3900	-0.00000000	-0.00000000	-0.00000000	-0.00000000	-0.00000000	-0.00000000	-1244418.50	0.00000000	0.00000000	0.00000000	0.00000000
   25.4000	-0.00000000	-0.00000000	-0.00000000	-0.00000000	-0.00000000	-0.00000000	-1244418.50	0.00000000	0.00000000	0.00000000	0.00000000
   25.4100	-0.00000000	-0.00000000	-0.00000000	-0.00000000	-0.00000000	-0.00000000	-1244418.50	0.00000000	0.00000000	0.00000000	0.00000000
   25.4200	-0.00000000	-0.00000000	-0.00000000	-0.00000000	-0.00000000	-0.00000000	-1244418.50	0.00000000	0.00000000	0.00000000	0.00000000
   25.4300	-0.00000000	-0.00000000	-0.00000000	-0.00000000	-0.00000000	-0.00000000	-1244418.50	0.00000000	0.00000000	0.00000000	0.00000000
   25.4400	-0.00000000	-0.00000000	-0.00000000	-0.00000000	-0.00000000	-0.00000000	-1244418.50	0.00000000	0.00000000	0.00000000	0.00000000
   25.4500	-0.00000000	-0.00000000	-0.00000000	-0.00000000	-0.00000000	-0.00000000	-1244418.50	0.00000000	0.00000000	0.00000000	0.00000000
   25.4600	-0.00000000	-0.00000000	-0.00000000	-0.00000000	-0.00000000	-0.00000000	-1244418.50	0.00000000	0.00000000	0.00000000	0.00000000
   25.4700	-0.00000000	-0.00000000	-0.00000000	-0.00000000	-0.00000000	-0.00000000	-1244418.50	0.00000000	0.00000000	0.00000000	0.00000000
   25.4800	-0.00000000	-0.00000000	-0.00000000	-0.00000000	-0.00000000	-0.00000000	-1244418.50	0.00000000	0.00000000	0.00000000	0.00000000
   25.4900	-0.00000000	-0.00000000	-0.00000000	-0.00000000	-0.00000000	-0.00000000	-1244418.50	0.00000000	0.00000000	0.00000000	0.00000000
   25.5000	-0.00000000	-0.00000000	-0.00000000	-0.00000000	-0.00000000	-0.00000000	-1244418.50	0.00000000	0.00000000	0.00000000	0.00000000
   25.5100	-0.00000000	-0.00000000	-0.00000000	-0.00000000	-0.00000000	-0.00000000	-1244418.50	0.00000000	0.00000000	0.00000000	0.00000000
   25.5200	-0.00000000	-0.00000000	-0.00000000	-0.00000000	-0.00000000	-0.00000000	-1244418.50	0.00000000	0.00000000	0.00000000	0.00000000
   25.5300	-0.00000000	-0.00000000	-0.00000000	-0.00000000	-0.00000000	-0.00000000	-1244418.50	0.00000000	0.00000000	0.00000000	0.00000000
   25.5400	-0.00000000	-0.00000000	-0.00000000	-0.00000000	-0.00000000	-0.00000000	-1244418.50	0.00000000	0.00000000	0.00000000	0.00000000
   25.5500	-0.00000000	-0.00000000	-0.00000000	-0.00000000	-0.00000000	-0.00000000	-1244418.50	0.00000000	0.00000000	0.00000000	0.00000000
   25.5600	-0.00000000	-0.00000000	-0.00000000	-0.00000000	-0.00000000	-0.00000000	-1244418.50	0.00000000	0.00000000	0.00000000	0.00000000
   25.5700	-0.00000000	-0.00000000	-0.00000000	-0.00000000	-0.00000000	-0.00000000	-1244418.50	0.00000000	0.00000000	0.00000000	0.00000000
   25.5800	-0.00000000	-0.00000000	-0.00000000	-0.00000000	-0.00000000	-0.00000000	-1244418.50	0.00000000	0.00000000	0.00000000	0.00000000
   25.5900	-0.00000000	-0.00000000	-0.00000000	-0.00000000	-0.00000000	-0.00000000	-1244418.50	0.00000000	0.00000000	0.00000000	0.00000000
   25.6000	-0.00000000	-0.00000000	-0.00000000	-0.00000000	-0.00000000	-0.00000000	-1244418.50	0.00000000	0.00000000	0.00000000	0.00000000
   25.6100	-0.00000000	-0.00000000	-0.00000000	-0.00000000	-0.00000000	-0.00000000	-1244418.50	0.00000000	0.00000000	0.00000000	0.00000000
   25.6200	-0.00000000	-0.00000000	-0.00000000	-0.00000000	-0.00000000	-0.00000000	-1244418.50	0.00000000	0.00000000	0.00000000	0.00000000
   25.6300	-0.00000000	-0.00000000	-0.00000000	-0.00000000	-0.00000000	-0.00000000	-1244418.50	0.00000000	0.00000000	0.00000000	0.00000000
   25.6400	-0.00000000	-0.00000000	-0.00000000	-0.00000000	-0.00000000	-0.00000000	-1244418.50	0.00000000	0.00000000	0.00000000	0.00000000
   25.6500	-0.00000000	-0.00000000	-0.00000000	-0.00000000	-0.00000000	-0.00000000	-1244418.50	0.00000000	0.00000000	0.00000000	0.00000000
   25.6600	-0.00000000	-0.00000000	-0.00000000	-0.00000000	-0.00000000	-0.00000000	-1244418.50	0.00000000	0.00000000	0.00000000	0.00000000
   25.6700	-0.00000000	-0.00000000	-0.00000000	-0.00000000	-0.00000000	-0.00000000	-1244418.50	0.00000000	0.00000000	0.00000000	0.00000000
   25.6800	-0.00000000	-0.00000000	-0.00000000	-0.00000000	-0.00000000	-0.00000000	-1244418.50	0.00000000	0.00000000	0.00000000	0.00000000
   25.6900	-0.00000000	-0.00000000	-0.00000000	-0.00000000	-0.00000000	-0.00000000	-1244418.50	0.00000000	0.00000000	0.00000000	0.00000000
   25.7000	-0.00000000	-0.00000000	-0.00000000	-0.00000000	-0.00000000	-0.00000000	-1244418.50	0.00000000	0.00000000	0.00000000	0.00000000
   25.7100	-0.00000000	-0.00000000	-0.00000000	-0.00000000	-0.00000000	-0.00000000	-1244418.50	0.00000000	0.00000000	0.00000000	0.00000000
   25.7200	-0.00000000	-0.00000000	-0.00000000	-0.00000000	-0.00000000	-0.00000000	-1244418.50	0.00000000	0.00000000	0.00000000	0.00000000
   25.7300	-0.00000000	-0.00000000	-0.00000000	-0.00000000	-0.00000000	-0.00000000	-1244418.50	0.00000000	0.00000000	0.00000000	0.00000000
   25.7400	-0.00000000	-0.00000000	-0.00000000	-0.00000000	-0.00000000	-0.00000000	-1244418.50	0.00000000	0.00000000	0.00000000	0.00000000
   25.7500	-0.00000000	-0.00000000	-0.00000000	-0.00000000	-0.00000000	-0.00000000	-1244418.50	0.00000000	0.00000000	0.00000000	0.00000000
   25.7600	-0.00000000	-0.00000000	-0.00000000	-0.00000000	-0.00000000	-0.00000000	-1244418.50	0.00000000	0.00000000	0.00000000	0.00000000
   25.7700	-0.00000000	-0.00000000	-0.00000000	-0.00000000	-0.00000000	-0.00000000	-1244418.50	0.00000000	0.00000000	0.00000000	0.00000000
   25.7800	-0.00000000	-0.00000000	-0.00000000	-0.00000000	-0.00000000	-0.00000000	-1244418.50	0.00000000	0.00000000	0.00000000	0.00000000
   25.7900	-0.00000000	-0.00000000	-0.00000000	-0.00000000	-0.00000000	-0.00000000	-1244418.50	0.00000000	0.00000000	0.00000000	0.00000000
   25.8000	-0.00000000	-0.00000000	-0.00000000	-0.00000000	-0.00000000	-0.00000000	-1244418.50	0.00000000	0.00000000	0.00000000	0.00000000
   25.8100	-0.00000000	-0.00000000	-0.00000000	-0.00000000	-0.00000000	-0.00000000	-1244418.50	0.00000000	0.00000000	0.00000000	0.00000000
   25.8200	-0.00000000	-0.00000000	-0.00000000	-0.00000000	-0.00000000	-0.00000000	-1244418.50	0.00000000	0.00000000	0.00000000	0.00000000
   25.8300	-0.00000000	-0.00000000	-0.00000000	-0.00000000	-0.00000000	-0.00000000	-1244418.50	0.00000000	0.00000000	0.00000000	0.00000000
   25.8400	-0.00000000	-0.00000000	-0.00000000	-0.00000000	-0.00000000	-0.00000000	-1244418.50	0.00000000	0.00000000	0.00000000	0.00000000
   25.8500	-0.00000000	-0.00000000	-0.00000000	-0.00000000	-0.00000000	-0.00000000	-1244418.50	0.00000000	0.00000000	0.00000000	0.00000000
   25.8600	-0.00000000	-0.00000000	-0.00000000	-0.00000000	-0.00000000	-0.00000000	-1244418.50	0.00000000	0.00000000	0.00000000	0.00000000
   25.8700	-0.00000000	-0.00000000	-0.00000000	-0.00000000	-0.00000000	-0.00000000	-1244418.50	0.00000000	0.00000000	0.00000000	0.00000000
   25.8800	-0.00000000	-0.00000000	-0.00000000	-0.00000000	-0.00000000	-0.00000000	-1244418.50	0.00000000	0.00000000	0.00000000	0.00000000
   25.8900	-0.00000000	-0.00000000	-0.00000000	-0.00000000	-0.00000000	-0.00000000	-1244418.50	0.00000000	0.00000000	0.00000000	0.00000000
   25.9000	-0.00000000	-0.00000000	-0.00000000	-0.00000000	-0.00000000	-0.00000000	-1244418.50	0.00000000	0.00000000	0.00000000	0.00000000
   25.9100	-0.00000000	-0.00000000	-0.00000000	-0.00000000	-0.00000000	-0.00000000	-1244418.50	0.00000000	0.00000000	0.00000000	0.00000000
   25.9200	-0.00000000	-0.00000000	-0.00000000	-0.00000000	-0.00000000	-0.00000000	-1244418.50	0.00000000	0.00000000	0.00000000	0.00000000
   25.9300	-0.00000000	-0.00000000	-0.00000000	-0.00000000	-0.00000000	-0.00000000	-1244418.50	0.00000000	0.00000000	0.00000000	0.00000000
   25.9400	-0.00000000	-0.00000000	-0.00000000	-0.00000000	-0.00000000	-0.00000000	-1244418.50	0.00000000	0.00000000	0.00000000	0.00000000
   25.9500	-0.00000000	-0.00000000	-0.00000000	-0.00000000	-0.00000000	-0.00000000	-1244418.50	0.00000000	0.00000000	0.00000000	0.00000000
   25.9600	-0.00000000	-0.00000000	-0.00000000	-0.00000000	-0.00000000	-0.00000000	-1244418.50	0.00000000	0.00000000	0.00000000	0.00000000
   25.9700	-0.00000000	-0.00000000	-0.00000000	-0.00000000	-0.00000000	-0.00000000	-1244418.50	0.00000000	0.00000000	0.00000000	0.00000000
   25.9800	-0.00000000	-0.00000000	-0.00000000	-0.00000000	-0.00000000	-0.00000000	-1244418.50	0.00000000	0.00000000	0.00000000	0.00000000
   25.9900	-0.00000000	-0.00000000	-0.00000000	-0.00000000	-0.00000000	-0.00000000	-1244418.50	0.00000000	0.00000000	0.00000000	0.00000000
   26.0000	-0.00000000	-0.00000000	-0.00000000	-0.00000000	-0.00000000	-0.00000000	-1244418.50	0.00000000	0.00000000	0.00000000	0.00000000
   26.0100	-0.00000000	-0.00000000	-0.00000000	-0.00000000	-0.00000000	-0.00000000	-1244418.50	0.00000000	0.00000000	0.00000000	0.00000000
   26.0200	-0.00000000	-0.00000000	-0.00000000	-0.00000000	-0.00000000	-0.00000000	-1244418.50	0.00000000	0.00000000	0.00000000	0.00000000
   26.0300	-0.00000000	-0.00000000	-0.00000000	-0.00000000	-0.00000000	-0.00000000	-1244418.50	0.00000000	0.00000000	0.00000000	0.00000000
   26.0400	-0.00000000	-0.00000000	-0.00000000	-0.00000000	-0.00000000	-0.00000000	-1244418.50	0.00000000	0.00000000	0.00000000	0.00000000
   26.0500	-0.00000000	-0.00000000	-0.00000000	-0.00000000	-0.00000000	-0.00000000	-1244418.50	0.00000000	0.00000000	0.00000000	0.00000000
   26.0600	-0.00000000	-0.00000000	-0.00000000	-0.00000000	-0.00000000	-0.00000000	-1244418.50	0.00000000	0.00000000	0.00000000	0.00000000
   26.0700	-0.00000000	-0.00000000	-0.00000000	-0.00000000	-0.00000000	-0.00000000	-1244418.50	0.00000000	0.00000000	0.00000000	0.00000000
   26.0800	-0.00000000	-0.00000000	-0.00000000	-0.00000000	-0.00000000	-0.00000000	-1244418.50	0.00000000	0.00000000	0.00000000	0.00000000
   26.0900	-0.00000000	-0.00000000	-0.00000000	-0.00000000	-0.00000000	-0.00000000	-1244418.50	0.00000000	0.00000000	0.00000000	0.00000000
   26.1000	-0.00000000	-0.00000000	-0.00000000	-0.00000000	-0.00000000	-0.00000000	-1244418.50	0.00000000	0.00000000	0.00000000	0.00000000
   26.1100	-0.00000000	-0.00000000	-0.00000000	-0.00000000	-0.00000000	-0.00000000	-1244418.50	0.00000000	0.00000000	0.00000000	0.00000000
   26.1200	-0.00000000	-0.00000000	-0.00000000	-0.00000000	-0.00000000	-0.00000000	-1244418.50	0.00000000	0.00000000	0.00000000	0.00000000
   26.1300	-0.00000000	-0.00000000	-0.00000000	-0.00000000	-0.00000000	-0.00000000	-1244418.50	0.00000000	0.00000000	0.00000000	0.00000000
   26.1400	-0.00000000	-0.00000000	-0.00000000	-0.00000000	-0.00000000	-0.00000000	-1244418.50	0.00000000	0.00000000	0.00000000	0.00000000
   26.1500	-0.00000000	-0.00000000	-0.00000000	-0.00000000	-0.00000000	-0.00000000	-1244418.50	0.00000000	0.00000000	0.00000000	0.00000000
   26.1600	-0.00000000	-0.00000000	-0.00000000	-0.00000000	-0.00000000	-0.00000000	-1244418.50	0.00000000	0.00000000	0.00000000	0.00000000
   26.1700	-0.00000000	-0.00000000	-0.00000000	-0.00000000	-0.00000000	-0.00000000	-1244418.50	0.00000000	0.00000000	0.00000000	0.00000000
   26.1800	-0.00000000	-0.00000000	-0.00000000	-0.00000000	-0.00000000	-0.00000000	-1244418.50	0.00000000	0.00000000	0.00000000	0.00000000
   26.1900	-0.00000000	-0.00000000	-0.00000000	-0.00000000	-0.00000000	-0.00000000	-1244418.50	0.00000000	0.00000000	0.00000000	0.00000000
   26.2000	-0.00000000	-0.00000000	-0.00000000	-0.00000000	-0.00000000	-0.00000000	-1244418.50	0.00000000	0.00000000	0.00000000	0.00000000
   26.2100	-0.00000000	-0.00000000	-0.00000000	-0.00000000	-0.00000000	-0.00000000	-1244418.50	0.00000000	0.00000000	0.00000000	0.00000000
   26.2200	-0.00000000	-0.00000000	-0.00000000	-0.00000000	-0.00000000	-0.00000000	-1244418.50	0.00000000	0.00000000	0.00000000	0.00000000
   26.2300	-0.00000000	-0.00000000	-0.00000000	-0.00000000	-0.00000000	-0.00000000	-1244418.50	0.00000000	0.00000000	0.00000000	0.00000000
   26.2400	-0.00000000	-0.00000000	-0.00000000	-0.00000000	-0.00000000	-0.00000000	-1244418.50	0.00000000	0.00000000	0.00000000	0.00000000
   26.2500	-0.00000000	-0.00000000	-0.00000000	-0.00000000	-0.00000000	-0.00000000	-1244418.50	0.00000000	0.00000000	0.00000000	0.00000000
   26.2600	-0.00000000	-0.00000000	-0.00000000	-0.00000000	-0.00000000	-0.00000000	-1244418.50	0.00000000	0.00000000	0.00000000	0.00000000
   26.2700	-0.00000000	-0.00000000	-0.00000000	-0.00000000	-0.00000000	-0.00000000	-1244418.50	0.00000000	0.00000000	0.00000000	0.00000000
   26.2800	-0.00000000	-0.00000000	-0.00000000	-0.00000000	-0.00000000	-0.00000000	-1244418.50	0.00000000	0.00000000	0.00000000	0.00000000
   26.2900	-0.00000000	-0.00000000	-0.00000000	-0.00000000	-0.00000000	-0.00000000	-1244418.50	0.00000000	0.00000000	0.00000000	0.00000000
   26.3000	-0.00000000	-0.00000000	-0.00000000	-0.00000000	-0.00000000	-0.00000000	-1244418.50	0.00000000	0.00000000	0.00000000	0.00000000
   26.3100	-0.00000000	-0.00000000	-0.00000000	-0.00000000	-0.00000000	-0.00000000	-1244418.50	0.00000000	0.00000000	0.00000000	0.00000000
   26.3200	-0.00000000	-0.00000000	-0.00000000	-0.00000000	-0.00000000	-0.00000000	-1244418.50	0.00000000	0.00000000	0.00000000	0.00000000
   26.3300	-0.00000000	-0.00000000	-0.00000000	-0.00000000	-0.00000000	-0.00000000	-1244418.50	0.00000000	0.00000000	0.00000000	0.00000000
   26.3400	-0.00000000	-0.00000000	-0.00000000	-0.00000000	-0.00000000	-0.00000000	-1244418.50	0.00000000	0.00000000	0.00000000	0.00000000
   26.3500	-0.00000000	-0.00000000	-0.00000000	-0.00000000	-0.00000000	-0.00000000	-1244418.50	0.00000000	0.00000000	0.00000000	0.00000000
   26.3600	-0.00000000	-0.00000000	-0.00000000	-0.00000000	-0.00000000	-0.00000000	-1244418.50	0.00000000	0.00000000	0.00000000	0.00000000
   26.3700	-0.00000000	-0.00000000	-0.00000000	-0.00000000	-0.00000000	-0.00000000	-1244418.50	0.00000000	0.00000000	0.00000000	0.00000000
   26.3800	-0.00000000	-0.00000000	-0.00000000	-0.00000000	-0.00000000	-0.00000000	-1244418.50	0.00000000	0.00000000	0.00000000	0.00000000
   26.3900	-0.00000000	-0.00000000	-0.00000000	-0.00000000	-0.00000000	-0.00000000	-1244418.50	0.00000000	0.00000000	0.00000000	0.00000000
   26.4000	-0.00000000	-0.00000000	-0.00000000	-0.00000000	-0.00000000	-0.00000000	-1244418.50	0.00000000	0.00000000	0.00000000	0.00000000
   26.4100	-0.00000000	-0.00000000	-0.00000000	-0.00000000	-0.00000000	-0.00000000	-1244418.50	0.00000000	0.00000000	0.00000000	0.00000000
   26.4200	-0.00000000	-0.00000000	-0.00000000	-0.00000000	-0.00000000	-0.00000000	-1244418.50	0.00000000	0.00000000	0.00000000	0.00000000
   26.4300	-0.00000000	-0.00000000	-0.00000000	-0.00000000	-0.00000000	-0.00000000	-1244418.50	0.00000000	0.00000000	0.00000000	0.00000000
   26.4400	-0.00000000	-0.00000000	-0.00000000	-0.00000000	-0.00000000	-0.00000000	-1244418.50	0.00000000	0.00000000	0.00000000	0.00000000
   26.4500	-0.00000000	-0.00000000	-0.00000000	-0.00000000	-0.00000000	-0.00000000	-1244418.50	0.00000000	0.00000000	0.00000000	0.00000000
   26.4600	-0.00000000	-0.00000000	-0.00000000	-0.00000000	-0.00000000	-0.00000000	-1244418.50	0.00000000	0.00000000	0.00000000	0.00000000
   26.4700	-0.00000000	-0.00000000	-0.00000000	-0.00000000	-0.00000000	-0.00000000	-1244418.50	0.00000000	0.00000000	0.00000000	0.00000000
   26.4800	-0.00000000	-0.00000000	-0.00000000	-0.00000000	-0.00000000	-0.00000000	-1244418.50	0.00000000	0.00000000	0.00000000	0.00000000
   26.4900	-0.00000000	-0.00000000	-0.00000000	-0.00000000	-0.00000000	-0.00000000	-1244418.50	0.00000000	0.00000000	0.00000000	0.00000000
   26.5000	-0.00000000	-0.00000000	-0.00000000	-0.00000000	-0.00000000	-0.00000000	-1244418.50	0.00000000	0.00000000	0.00000000	0.00000000
   26.5100	-0.00000000	-0.00000000	-0.00000000	-0.00000000	-0.00000000	-0.00000000	-1244418.50	0.00000000	0.00000000	0.00000000	0.00000000
   26.5200	-0.00000000	-0.00000000	-0.00000000	-0.00000000	-0.00000000	-0.00000000	-1244418.50	0.00000000	0.00000000	0.00000000	0.00000000
   26.5300	-0.00000000	-0.00000000	-0.00000000	-0.00000000	-0.00000000	-0.00000000	-1244418.50	0.00000000	0.00000000	0.00000000	0.00000000
   26.5400	-0.00000000	-0.00000000	-0.00000000	-0.00000000	-0.00000000	-0.00000000	-1244418.50	0.00000000	0.00000000	0.00000000	0.00000000
   26.5500	-0.00000000	-0.00000000	-0.00000000	-0.00000000	-0.00000000	-0.00000000	-1244418.50	0.00000000	0.00000000	0.00000000	0.00000000
   26.5600	-0.00000000	-0.00000000	-0.00000000	-0.00000000	-0.00000000	-0.00000000	-1244418.50	0.00000000	0.00000000	0.00000000	0.00000000
   26.5700	-0.00000000	-0.00000000	-0.00000000	-0.00000000	-0.00000000	-0.00000000	-1244418.50	0.00000000	0.00000000	0.00000000	0.00000000
   26.5800	-0.00000000	-0.00000000	-0.00000000	-0.00000000	-0.00000000	-0.00000000	-1244418.50	0.00000000	0.00000000	0.00000000	0.00000000
   26.5900	-0.00000000	-0.00000000	-0.00000000	-0.00000000	-0.00000000	-0.00000000	-1244418.50	0.00000000	0.00000000	0.00000000	0.00000000
   26.6000	-0.00000000	-0.00000000	-0.00000000	-0.00000000	-0.00000000	-0.00000000	-1244418.50	0.00000000	0.00000000	0.00000000	0.00000000
   26.6100	-0.00000000	-0.00000000	-0.00000000	-0.00000000	-0.00000000	-0.00000000	-1244418.50	0.00000000	0.00000000	0.00000000	0.00000000
   26.6200	-0.00000000	-0.00000000	-0.00000000	-0.00000000	-0.00000000	-0.00000000	-1244418.50	0.00000000	0.00000000	0.00000000	0.00000000
   26.6300	-0.00000000	-0.00000000	-0.00000000	-0.00000000	-0.00000000	-0.00000000	-1244418.50	0.00000000	0.00000000	0.00000000	0.00000000
   26.6400	-0.00000000	-0.00000000	-0.00000000	-0.00000000	-0.00000000	-0.00000000	-1244418.50	0.00000000	0.00000000	0.00000000	0.00000000
   26.6500	-0.00000000	-0.00000000	-0.00000000	-0.00000000	-0.00000000	-0.00000000	-1244418.50	0.00000000	0.00000000	0.00000000	0.00000000
   26.6600	-0.00000000	-0.00000000	-0.00000000	-0.00000000	-0.00000000	-0.00000000	-1244418.50	0.00000000	0.00000000	0.00000000	0.00000000
   26.6700	-0.00000000	-0.00000000	-0.00000000	-0.00000000	-0.00000000	-0.00000000	-1244418.50	0.00000000	0.00000000	0.00000000	0.00000000
   26.6800	-0.00000000	-0.00000000	-0.00000000	-0.00000000	-0.00000000	-0.00000000	-1244418.50	0.00000000	0.00000000	0.00000000	0.00000000
   26.6900	-0.00000000	-0.00000000	-0.00000000	-0.00000000	-0.00000000	-0.00000000	-1244418.50	0.00000000	0.00000000	0.00000000	0.00000000
   26.7000	-0.00000000	-0.00000000	-0.00000000	-0.00000000	-0.00000000	-0.00000000	-1244418.50	0.00000000	0.00000000	0.00000000	0.00000000
   26.7100	-0.00000000	-0.00000000	-0.00000000	-0.00000000	-0.00000000	-0.00000000	-1244418.50	0.00000000	0.00000000	0.00000000	0.00000000
   26.7200	-0.00000000	-0.00000000	-0.00000000	-0.00000000	-0.00000000	-0.00000000	-1244418.50	0.00000000	0.00000000	0.00000000	0.00000000
   26.7300	-0.00000000	-0.00000000	-0.00000000	-0.00000000	-0.00000000	-0.00000000	-1244418.50	0.00000000	0.00000000	0.00000000	0.00000000
   26.7400	-0.00000000	-0.00000000	-0.00000000	-0.00000000	-0.00000000	-0.00000000	-1244418.50	0.00000000	0.00000000	0.00000000	0.00000000
   26.7500	-0.00000000	-0.00000000	-0.00000000	-0.00000000	-0.00000000	-0.00000000	-1244418.50	0.00000000	0.00000000	0.00000000	0.00000000
   26.7600	-0.00000000	-0.00000000	-0.00000000	-0.00000000	-0.00000000	-0.00000000	-1244418.50	0.00000000	0.00000000	0.00000000	0.00000000
   26.7700	-0.00000000	-0.00000000	-0.00000000	-0.00000000	-0.00000000	-0.00000000	-1244418.50	0.00000000	0.00000000	0.00000000	0.00000000
   26.7800	-0.00000000	-0.00000000	-0.00000000	-0.00000000	-0.00000000	-0.00000000	-1244418.50	0.00000000	0.00000000	0.00000000	0.00000000
   26.7900	-0.00000000	-0.00000000	-0.00000000	-0.00000000	-0.00000000	-0.00000000	-1244418.50	0.00000000	0.00000000	0.00000000	0.00000000
   26.8000	-0.00000000	-0.00000000	-0.00000000	-0.00000000	-0.00000000	-0.00000000	-1244418.50	0.00000000	0.00000000	0.00000000	0.00000000
   26.8100	-0.00000000	-0.00000000	-0.00000000	-0.00000000	-0.00000000	-0.00000000	-1244418.50	0.00000000	0.00000000	0.00000000	0.00000000
   26.8200	-0.00000000	-0.00000000	-0.00000000	-0.00000000	-0.00000000	-0.00000000	-1244418.50	0.00000000	0.00000000	0.00000000	0.00000000
   26.8300	-0.00000000	-0.00000000	-0.00000000	-0.00000000	-0.00000000	-0.00000000	-1244418.50	0.00000000	0.00000000	0.00000000	0.00000000
   26.8400	-0.00000000	-0.00000000	-0.00000000	-0.00000000	-0.00000000	-0.00000000	-1244418.50	0.00000000	0.00000000	0.00000000	0.00000000
   26.8500	-0.00000000	-0.00000000	-0.00000000	-0.00000000	-0.00000000	-0.00000000	-1244418.50	0.00000000	0.00000000	0.00000000	0.00000000
   26.8600	-0.00000000	-0.00000000	-0.00000000	-0.00000000	-0.00000000	-0.00000000	-1244418.50	0.00000000	0.00000000	0.00000000	0.00000000
   26.8700	-0.00000000	-0.00000000	-0.00000000	-0.00000000	-0.00000000	-0.00000000	-1244418.50	0.00000000	0.00000000	0.00000000	0.00000000
   26.8800	-0.00000000	-0.00000000	-0.00000000	-0.00000000	-0.00000000	-0.00000000	-1244418.50	0.00000000	0.00000000	0.00000000	0.00000000
   26.8900	-0.00000000	-0.00000000	-0.00000000	-0.00000000	-0.00000000	-0.00000000	-1244418.50	0.00000000	0.00000000	0.00000000	0.00000000
   26.9000	-0.00000000	-0.00000000	-0.00000000	-0.00000000	-0.00000000	-0.00000000	-1244418.50	0.00000000	0.00000000	0.00000000	0.00000000
   26.9100	-0.00000000	-0.00000000	-0.00000000	-0.00000000	-0.00000000	-0.00000000	-1244418.50	0.00000000	0.00000000	0.00000000	0.00000000
   26.9200	-0.00000000	-0.00000000	-0.00000000	-0.00000000	-0.00000000	-0.00000000	-1244418.50	0.00000000	0.00000000	0.00000000	0.00000000
   26.9300	-0.00000000	-0.00000000	-0.00000000	-0.00000000	-0.00000000	-0.00000000	-1244418.50	0.00000000	0.00000000	0.00000000	0.00000000
   26.9400	-0.00000000	-0.00000000	-0.00000000	-0.00000000	-0.00000000	-0.00000000	-1244418.50	0.00000000	0.00000000	0.00000000	0.00000000
   26.9500	-0.00000000	-0.00000000	-0.00000000	-0.00000000	-0.00000000	-0.00000000	-1244418.50	0.00000000	0.00000000	0.00000000	0.00000000
   26.9600	-0.00000000	-0.00000000	-0.00000000	-0.00000000	-0.00000000	-0.00000000	-1244418.50	0.00000000	0.00000000	0.00000000	0.00000000
   26.9700	-0.00000000	-0.00000000	-0.00000000	-0.00000000	-0.00000000	-0.00000000	-1244418.50	0.00000000	0.00000000	0.00000000	0.00000000
   26.9800	-0.00000000	-0.00000000	-0.00000000	-0.00000000	-0.00000000	-0.00000000	-1244418.50	0.00000000	0.00000000	0.00000000	0.00000000
   26.9900	-0.00000000	-0.00000000	-0.00000000	-0.00000000	-0.00000000	-0.00000000	-1244418.50	0.00000000	0.00000000	0.00000000	0.00000000
   27.0000	-0.00000000	-0.00000000	-0.00000000	-0.00000000	-0.00000000	-0.00000000	-1244418.50	0.00000000	0.00000000	0.00000000	0.00000000
   27.0100	-0.00000000	-0.00000000	-0.00000000	-0.00000000	-0.00000000	-0.00000000	-1244418.50	0.00000000	0.00000000	0.00000000	0.00000000
   27.0200	-0.00000000	-0.00000000	-0.00000000	-0.00000000	-0.00000000	-0.00000000	-1244418.50	0.00000000	0.00000000	0.00000000	0.00000000
   27.0300	-0.00000000	-0.00000000	-0.00000000	-0.00000000	-0.00000000	-0.00000000	-1244418.50	0.00000000	0.00000000	0.00000000	0.00000000
   27.0400	-0.00000000	-0.00000000	-0.00000000	-0.00000000	-0.00000000	-0.00000000	-1244418.50	0.00000000	0.00000000	0.00000000	0.00000000
   27.0500	-0.00000000	-0.00000000	-0.00000000	-0.00000000	-0.00000000	-0.00000000	-1244418.50	0.00000000	0.00000000	0.00000000	0.00000000
   27.0600	-0.00000000	-0.00000000	-0.00000000	-0.00000000	-0.00000000	-0.00000000	-1244418.50	0.00000000	0.00000000	0.00000000	0.00000000
   27.0700	-0.00000000	-0.00000000	-0.00000000	-0.00000000	-0.00000000	-0.00000000	-1244418.50	0.00000000	0.00000000	0.00000000	0.00000000
   27.0800	-0.00000000	-0.00000000	-0.00000000	-0.00000000	-0.00000000	-0.00000000	-1244418.50	0.00000000	0.00000000	0.00000000	0.00000000
   27.0900	-0.00000000	-0.00000000	-0.00000000	-0.00000000	-0.00000000	-0.00000000	-1244418.50	0.00000000	0.00000000	0.00000000	0.00000000
   27.1000	-0.00000000	-0.00000000	-0.00000000	-0.00000000	-0.00000000	-0.00000000	-1244418.50	0.00000000	0.00000000	0.00000000	0.00000000
   27.1100	-0.00000000	-0.00000000	-0.00000000	-0.00000000	-0.00000000	-0.00000000	-1244418.50	0.00000000	0.00000000	0.00000000	0.00000000
   27.1200	-0.00000000	-0.00000000	-0.00000000	-0.00000000	-0.00000000	-0.00000000	-1244418.50	0.00000000	0.00000000	0.00000000	0.00000000
   27.1300	-0.00000000	-0.00000000	-0.00000000	-0.00000000	-0.00000000	-0.00000000	-1244418.50	0.00000000	0.00000000	0.00000000	0.00000000
   27.1400	-0.00000000	-0.00000000	-0.00000000	-0.00000000	-0.00000000	-0.00000000	-1244418.50	0.00000000	0.00000000	0.00000000	0.00000000
   27.1500	-0.00000000	-0.00000000	-0.00000000	-0.00000000	-0.00000000	-0.00000000	-1244418.50	0.00000000	0.00000000	0.00000000	0.00000000
   27.1600	-0.00000000	-0.00000000	-0.00000000	-0.00000000	-0.00000000	-0.00000000	-1244418.50	0.00000000	0.00000000	0.00000000	0.00000000
   27.1700	-0.00000000	-0.00000000	-0.00000000	-0.00000000	-0.00000000	-0.00000000	-1244418.50	0.00000000	0.00000000	0.00000000	0.00000000
   27.1800	-0.00000000	-0.00000000	-0.00000000	-0.00000000	-0.00000000	-0.00000000	-1244418.50	0.00000000	0.00000000	0.00000000	0.00000000
   27.1900	-0.00000000	-0.00000000	-0.00000000	-0.00000000	-0.00000000	-0.00000000	-1244418.50	0.00000000	0.00000000	0.00000000	0.00000000
   27.2000	-0.00000000	-0.00000000	-0.00000000	-0.00000000	-0.00000000	-0.00000000	-1244418.50	0.00000000	0.00000000	0.00000000	0.00000000
   27.2100	-0.00000000	-0.00000000	-0.00000000	-0.00000000	-0.00000000	-0.00000000	-1244418.50	0.00000000	0.00000000	0.00000000	0.00000000
   27.2200	-0.00000000	-0.00000000	-0.00000000	-0.00000000	-0.00000000	-0.00000000	-1244418.50	0.00000000	0.00000000	0.00000000	0.00000000
   27.2300	-0.00000000	-0.00000000	-0.00000000	-0.00000000	-0.00000000	-0.00000000	-1244418.50	0.00000000	0.00000000	0.00000000	0.00000000
   27.2400	-0.00000000	-0.00000000	-0.00000000	-0.00000000	-0.00000000	-0.00000000	-1244418.50	0.00000000	0.00000000	0.00000000	0.00000000
   27.2500	-0.00000000	-0.00000000	-0.00000000	-0.00000000	-0.00000000	-0.00000000	-1244418.50	0.00000000	0.00000000	0.00000000	0.00000000
   27.2600	-0.00000000	-0.00000000	-0.00000000	-0.00000000	-0.00000000	-0.00000000	-1244418.50	0.00000000	0.00000000	0.00000000	0.00000000
   27.2700	-0.00000000	-0.00000000	-0.00000000	-0.00000000	-0.00000000	-0.00000000	-1244418.50	0.00000000	0.00000000	0.00000000	0.00000000
   27.2800	-0.00000000	-0.00000000	-0.00000000	-0.00000000	-0.00000000	-0.00000000	-1244418.50	0.00000000	0.00000000	0.00000000	0.00000000
   27.2900	-0.00000000	-0.00000000	-0.00000000	-0.00000000	-0.00000000	-0.00000000	-1244418.50	0.00000000	0.00000000	0.00000000	0.00000000
   27.3000	-0.00000000	-0.00000000	-0.00000000	-0.00000000	-0.00000000	-0.00000000	-1244418.50	0.00000000	0.00000000	0.00000000	0.00000000
   27.3100	-0.00000000	-0.00000000	-0.00000000	-0.00000000	-0.00000000	-0.00000000	-1244418.50	0.00000000	0.00000000	0.00000000	0.00000000
   27.3200	-0.00000000	-0.00000000	-0.00000000	-0.00000000	-0.00000000	-0.00000000	-1244418.50	0.00000000	0.00000000	0.00000000	0.00000000
   27.3300	-0.00000000	-0.00000000	-0.00000000	-0.00000000	-0.00000000	-0.00000000	-1244418.50	0.00000000	0.00000000	0.00000000	0.00000000
   27.3400	-0.00000000	-0.00000000	-0.00000000	-0.00000000	-0.00000000	-0.00000000	-1244418.50	0.00000000	0.00000000	0.00000000	0.00000000
   27.3500	-0.00000000	-0.00000000	-0.00000000	-0.00000000	-0.00000000	-0.00000000	-1244418.50	0.00000000	0.00000000	0.00000000	0.00000000
   27.3600	-0.00000000	-0.00000000	-0.00000000	-0.00000000	-0.00000000	-0.00000000	-1244418.50	0.00000000	0.00000000	0.00000000	0.00000000
   27.3700	-0.00000000	-0.00000000	-0.00000000	-0.00000000	-0.00000000	-0.00000000	-1244418.50	0.00000000	0.00000000	0.00000000	0.00000000
   27.3800	-0.00000000	-0.00000000	-0.00000000	-0.00000000	-0.00000000	-0.00000000	-1244418.50	0.00000000	0.00000000	0.00000000	0.00000000
   27.3900	-0.00000000	-0.00000000	-0.00000000	-0.00000000	-0.00000000	-0.00000000	-1244418.50	0.00000000	0.00000000	0.00000000	0.00000000
   27.4000	-0.00000000	-0.00000000	-0.00000000	-0.00000000	-0.00000000	-0.00000000	-1244418.50	0.00000000	0.00000000	0.00000000	0.00000000
   27.4100	-0.00000000	-0.00000000	-0.00000000	-0.00000000	-0.00000000	-0.00000000	-1244418.50	0.00000000	0.00000000	0.00000000	0.00000000
   27.4200	-0.00000000	-0.00000000	-0.00000000	-0.00000000	-0.00000000	-0.00000000	-1244418.50	0.00000000	0.00000000	0.00000000	0.00000000
   27.4300	-0.00000000	-0.00000000	-0.00000000	-0.00000000	-0.00000000	-0.00000000	-1244418.50	0.00000000	0.00000000	0.00000000	0.00000000
   27.4400	-0.00000000	-0.00000000	-0.00000000	-0.00000000	-0.00000000	-0.00000000	-1244418.50	0.00000000	0.00000000	0.00000000	0.00000000
   27.4500	-0.00000000	-0.00000000	-0.00000000	-0.00000000	-0.00000000	-0.00000000	-1244418.50	0.00000000	0.00000000	0.00000000	0.00000000
   27.4600	-0.00000000	-0.00000000	-0.00000000	-0.00000000	-0.00000000	-0.00000000	-1244418.50	0.00000000	0.00000000	0.00000000	0.00000000
   27.4700	-0.00000000	-0.00000000	-0.00000000	-0.00000000	-0.00000000	-0.00000000	-1244418.50	0.00000000	0.00000000	0.00000000	0.00000000
   27.4800	-0.00000000	-0.00000000	-0.00000000	-0.00000000	-0.00000000	-0.00000000	-1244418.50	0.00000000	0.00000000	0.00000000	0.00000000
   27.4900	-0.00000000	-0.00000000	-0.00000000	-0.00000000	-0.00000000	-0.00000000	-1244418.50	0.00000000	0.00000000	0.00000000	0.00000000
   27.5000	-0.00000000	-0.00000000	-0.00000000	-0.00000000	-0.00000000	-0.00000000	-1244418.50	0.00000000	0.00000000	0.00000000	0.00000000
   27.5100	-0.00000000	-0.00000000	-0.00000000	-0.00000000	-0.00000000	-0.00000000	-1244418.50	0.00000000	0.00000000	0.00000000	0.00000000
   27.5200	-0.00000000	-0.00000000	-0.00000000	-0.00000000	-0.00000000	-0.00000000	-1244418.50	0.00000000	0.00000000	0.00000000	0.00000000
   27.5300	-0.00000000	-0.00000000	-0.00000000	-0.00000000	-0.00000000	-0.00000000	-1244418.50	0.00000000	0.00000000	0.00000000	0.00000000
   27.5400	-0.00000000	-0.00000000	-0.00000000	-0.00000000	-0.00000000	-0.00000000	-1244418.50	0.00000000	0.00000000	0.00000000	0.00000000
   27.5500	-0.00000000	-0.00000000	-0.00000000	-0.00000000	-0.00000000	-0.00000000	-1244418.50	0.00000000	0.00000000	0.00000000	0.00000000
   27.5600	-0.00000000	-0.00000000	-0.00000000	-0.00000000	-0.00000000	-0.00000000	-1244418.50	0.00000000	0.00000000	0.00000000	0.00000000
   27.5700	-0.00000000	-0.00000000	-0.00000000	-0.00000000	-0.00000000	-0.00000000	-1244418.50	0.00000000	0.00000000	0.00000000	0.00000000
   27.5800	-0.00000000	-0.00000000	-0.00000000	-0.00000000	-0.00000000	-0.00000000	-1244418.50	0.00000000	0.00000000	0.00000000	0.00000000
   27.5900	-0.00000000	-0.00000000	-0.00000000	-0.00000000	-0.00000000	-0.00000000	-1244418.50	0.00000000	0.00000000	0.00000000	0.00000000
   27.6000	-0.00000000	-0.00000000	-0.00000000	-0.00000000	-0.00000000	-0.00000000	-1244418.50	0.00000000	0.00000000	0.00000000	0.00000000
   27.6100	-0.00000000	-0.00000000	-0.00000000	-0.00000000	-0.00000000	-0.00000000	-1244418.50	0.00000000	0.00000000	0.00000000	0.00000000
   27.6200	-0.00000000	-0.00000000	-0.00000000	-0.00000000	-0.00000000	-0.00000000	-1244418.50	0.00000000	0.00000000	0.00000000	0.00000000
   27.6300	-0.00000000	-0.00000000	-0.00000000	-0.00000000	-0.00000000	-0.00000000	-1244418.50	0.00000000	0.00000000	0.00000000	0.00000000
   27.6400	-0.00000000	-0.00000000	-0.00000000	-0.00000000	-0.00000000	-0.00000000	-1244418.50	0.00000000	0.00000000	0.00000000	0.00000000
   27.6500	-0.00000000	-0.00000000	-0.00000000	-0.00000000	-0.00000000	-0.00000000	-1244418.50	0.00000000	0.00000000	0.00000000	0.00000000
   27.6600	-0.00000000	-0.00000000	-0.00000000	-0.00000000	-0.00000000	-0.00000000	-1244418.50	0.00000000	0.00000000	0.00000000	0.00000000
   27.6700	-0.00000000	-0.00000000	-0.00000000	-0.00000000	-0.00000000	-0.00000000	-1244418.50	0.00000000	0.00000000	0.00000000	0.00000000
   27.6800	-0.00000000	-0.00000000	-0.00000000	-0.00000000	-0.00000000	-0.00000000	-1244418.50	0.00000000	0.00000000	0.00000000	0.00000000
   27.6900	-0.00000000	-0.00000000	-0.00000000	-0.00000000	-0.00000000	-0.00000000	-1244418.50	0.00000000	0.00000000	0.00000000	0.00000000
   27.7000	-0.00000000	-0.00000000	-0.00000000	-0.00000000	-0.00000000	-0.00000000	-1244418.50	0.00000000	0.00000000	0.00000000	0.00000000
   27.7100	-0.00000000	-0.00000000	-0.00000000	-0.00000000	-0.00000000	-0.00000000	-1244418.50	0.00000000	0.00000000	0.00000000	0.00000000
   27.7200	-0.00000000	-0.00000000	-0.00000000	-0.00000000	-0.00000000	-0.00000000	-1244418.50	0.00000000	0.00000000	0.00000000	0.00000000
   27.7300	-0.00000000	-0.00000000	-0.00000000	-0.00000000	-0.00000000	-0.00000000	-1244418.50	0.00000000	0.00000000	0.00000000	0.00000000
   27.7400	-0.00000000	-0.00000000	-0.00000000	-0.00000000	-0.00000000	-0.00000000	-1244418.50	0.00000000	0.00000000	0.00000000	0.00000000
   27.7500	-0.00000000	-0.00000000	-0.00000000	-0.00000000	-0.00000000	-0.00000000	-1244418.50	0.00000000	0.00000000	0.00000000	0.00000000
   27.7600	-0.00000000	-0.00000000	-0.00000000	-0.00000000	-0.00000000	-0.00000000	-1244418.50	0.00000000	0.00000000	0.00000000	0.00000000
   27.7700	-0.00000000	-0.00000000	-0.00000000	-0.00000000	-0.00000000	-0.00000000	-1244418.50	0.00000000	0.00000000	0.00000000	0.00000000
   27.7800	-0.00000000	-0.00000000	-0.00000000	-0.00000000	-0.00000000	-0.00000000	-1244418.50	0.00000000	0.00000000	0.00000000	0.00000000
   27.7900	-0.00000000	-0.00000000	-0.00000000	-0.00000000	-0.00000000	-0.00000000	-1244418.50	0.00000000	0.00000000	0.00000000	0.00000000
   27.8000	-0.00000000	-0.00000000	-0.00000000	-0.00000000	-0.00000000	-0.00000000	-1244418.50	0.00000000	0.00000000	0.00000000	0.00000000
   27.8100	-0.00000000	-0.00000000	-0.00000000	-0.00000000	-0.00000000	-0.00000000	-1244418.50	0.00000000	0.00000000	0.00000000	0.00000000
   27.8200	-0.00000000	-0.00000000	-0.00000000	-0.00000000	-0.00000000	-0.00000000	-1244418.50	0.00000000	0.00000000	0.00000000	0.00000000
   27.8300	-0.00000000	-0.00000000	-0.00000000	-0.00000000	-0.00000000	-0.00000000	-1244418.50	0.00000000	0.00000000	0.00000000	0.00000000
   27.8400	-0.00000000	-0.00000000	-0.00000000	-0.00000000	-0.00000000	-0.00000000	-1244418.50	0.00000000	0.00000000	0.00000000	0.00000000
   27.8500	-0.00000000	-0.00000000	-0.00000000	-0.00000000	-0.00000000	-0.00000000	-1244418.50	0.00000000	0.00000000	0.00000000	0.00000000
   27.8600	-0.00000000	-0.00000000	-0.00000000	-0.00000000	-0.00000000	-0.00000000	-1244418.50	0.00000000	0.00000000	0.00000000	0.00000000
   27.8700	-0.00000000	-0.00000000	-0.00000000	-0.00000000	-0.00000000	-0.00000000	-1244418.50	0.00000000	0.00000000	0.00000000	0.00000000
   27.8800	-0.00000000	-0.00000000	-0.00000000	-0.00000000	-0.00000000	-0.00000000	-1244418.50	0.00000000	0.00000000	0.00000000	0.00000000
   27.8900	-0.00000000	-0.00000000	-0.00000000	-0.00000000	-0.00000000	-0.00000000	-1244418.50	0.00000000	0.00000000	0.00000000	0.00000000
   27.9000	-0.00000000	-0.00000000	-0.00000000	-0.00000000	-0.00000000	-0.00000000	-1244418.50	0.00000000	0.00000000	0.00000000	0.00000000
   27.9100	-0.00000000	-0.00000000	-0.00000000	-0.00000000	-0.00000000	-0.00000000	-1244418.50	0.00000000	0.00000000	0.00000000	0.00000000
   27.9200	-0.00000000	-0.00000000	-0.00000000	-0.00000000	-0.00000000	-0.00000000	-1244418.50	0.00000000	0.00000000	0.00000000	0.00000000
   27.9300	-0.00000000	-0.00000000	-0.00000000	-0.00000000	-0.00000000	-0.00000000	-1244418.50	0.00000000	0.00000000	0.00000000	0.00000000
   27.9400	-0.00000000	-0.00000000	-0.00000000	-0.00000000	-0.00000000	-0.00000000	-1244418.50	0.00000000	0.00000000	0.00000000	0.00000000
   27.9500	-0.00000000	-0.00000000	-0.00000000	-0.00000000	-0.00000000	-0.00000000	-1244418.50	0.00000000	0.00000000	0.00000000	0.00000000
   27.9600	-0.00000000	-0.00000000	-0.00000000	-0.00000000	-0.00000000	-0.00000000	-1244418.50	0.00000000	0.00000000	0.00000000	0.00000000
   27.9700	-0.00000000	-0.00000000	-0.00000000	-0.00000000	-0.00000000	-0.00000000	-1244418.50	0.00000000	0.00000000	0.00000000	0.00000000
   27.9800	-0.00000000	-0.00000000	-0.00000000	-0.00000000	-0.00000000	-0.00000000	-1244418.50	0.00000000	0.00000000	0.00000000	0.00000000
   27.9900	-0.00000000	-0.00000000	-0.00000000	-0.00000000	-0.00000000	-0.00000000	-1244418.50	0.00000000	0.00000000	0.00000000	0.00000000
   28.0000	-0.00000000	-0.00000000	-0.00000000	-0.00000000	-0.00000000	-0.00000000	-1244418.50	0.00000000	0.00000000	0.00000000	0.00000000
   28.0100	-0.00000000	-0.00000000	-0.00000000	-0.00000000	-0.00000000	-0.00000000	-1244418.50	0.00000000	0.00000000	0.00000000	0.00000000
   28.0200	-0.00000000	-0.00000000	-0.00000000	-0.00000000	-0.00000000	-0.00000000	-1244418.50	0.00000000	0.00000000	0.00000000	0.00000000
   28.0300	-0.00000000	-0.00000000	-0.00000000	-0.00000000	-0.00000000	-0.00000000	-1244418.50	0.00000000	0.00000000	0.00000000	0.00000000
   28.0400	-0.00000000	-0.00000000	-0.00000000	-0.00000000	-0.00000000	-0.00000000	-1244418.50	0.00000000	0.00000000	0.00000000	0.00000000
   28.0500	-0.00000000	-0.00000000	-0.00000000	-0.00000000	-0.00000000	-0.00000000	-1244418.50	0.00000000	0.00000000	0.00000000	0.00000000
   28.0600	-0.00000000	-0.00000000	-0.00000000	-0.00000000	-0.00000000	-0.00000000	-1244418.50	0.00000000	0.00000000	0.00000000	0.00000000
   28.0700	-0.00000000	-0.00000000	-0.00000000	-0.00000000	-0.00000000	-0.00000000	-1244418.50	0.00000000	0.00000000	0.00000000	0.00000000
   28.0800	-0.00000000	-0.00000000	-0.00000000	-0.00000000	-0.00000000	-0.00000000	-1244418.50	0.00000000	0.00000000	0.00000000	0.00000000
   28.0900	-0.00000000	-0.00000000	-0.00000000	-0.00000000	-0.00000000	-0.00000000	-1244418.50	0.00000000	0.00000000	0.00000000	0.00000000
   28.1000	-0.00000000	-0.00000000	-0.00000000	-0.00000000	-0.00000000	-0.00000000	-1244418.50	0.00000000	0.00000000	0.00000000	0.00000000
   28.1100	-0.00000000	-0.00000000	-0.00000000	-0.00000000	-0.00000000	-0.00000000	-1244418.50	0.00000000	0.00000000	0.00000000	0.00000000
   28.1200	-0.00000000	-0.00000000	-0.00000000	-0.00000000	-0.00000000	-0.00000000	-1244418.50	0.00000000	0.00000000	0.00000000	0.00000000
   28.1300	-0.00000000	-0.00000000	-0.00000000	-0.00000000	-0.00000000	-0.00000000	-1244418.50	0.00000000	0.00000000	0.00000000	0.00000000
   28.1400	-0.00000000	-0.00000000	-0.00000000	-0.00000000	-0.00000000	-0.00000000	-1244418.50	0.00000000	0.00000000	0.00000000	0.00000000
   28.1500	-0.00000000	-0.00000000	-0.00000000	-0.00000000	-0.00000000	-0.00000000	-1244418.50	0.00000000	0.00000000	0.00000000	0.00000000
   28.1600	-0.00000000	-0.00000000	-0.00000000	-0.00000000	-0.00000000	-0.00000000	-1244418.50	0.00000000	0.00000000	0.00000000	0.00000000
   28.1700	-0.00000000	-0.00000000	-0.00000000	-0.00000000	-0.00000000	-0.00000000	-1244418.50	0.00000000	0.00000000	0.00000000	0.00000000
   28.1800	-0.00000000	-0.00000000	-0.00000000	-0.00000000	-0.00000000	-0.00000000	-1244418.50	0.00000000	0.00000000	0.00000000	0.00000000
   28.1900	-0.00000000	-0.00000000	-0.00000000	-0.00000000	-0.00000000	-0.00000000	-1244418.50	0.00000000	0.00000000	0.00000000	0.00000000
   28.2000	-0.00000000	-0.00000000	-0.00000000	-0.00000000	-0.00000000	-0.00000000	-1244418.50	0.00000000	0.00000000	0.00000000	0.00000000
   28.2100	-0.00000000	-0.00000000	-0.00000000	-0.00000000	-0.00000000	-0.00000000	-1244418.50	0.00000000	0.00000000	0.00000000	0.00000000
   28.2200	-0.00000000	-0.00000000	-0.00000000	-0.00000000	-0.00000000	-0.00000000	-1244418.50	0.00000000	0.00000000	0.00000000	0.00000000
   28.2300	-0.00000000	-0.00000000	-0.00000000	-0.00000000	-0.00000000	-0.00000000	-1244418.50	0.00000000	0.00000000	0.00000000	0.00000000
   28.2400	-0.00000000	-0.00000000	-0.00000000	-0.00000000	-0.00000000	-0.00000000	-1244418.50	0.00000000	0.00000000	0.00000000	0.00000000
   28.2500	-0.00000000	-0.00000000	-0.00000000	-0.00000000	-0.00000000	-0.00000000	-1244418.50	0.00000000	0.00000000	0.00000000	0.00000000
   28.2600	-0.00000000	-0.00000000	-0.00000000	-0.00000000	-0.00000000	-0.00000000	-1244418.50	0.00000000	0.00000000	0.00000000	0.00000000
   28.2700	-0.00000000	-0.00000000	-0.00000000	-0.00000000	-0.00000000	-0.00000000	-1244418.50	0.00000000	0.00000000	0.00000000	0.00000000
   28.2800	-0.00000000	-0.00000000	-0.00000000	-0.00000000	-0.00000000	-0.00000000	-1244418.50	0.00000000	0.00000000	0.00000000	0.00000000
   28.2900	-0.00000000	-0.00000000	-0.00000000	-0.00000000	-0.00000000	-0.00000000	-1244418.50	0.00000000	0.00000000	0.00000000	0.00000000
   28.3000	-0.00000000	-0.00000000	-0.00000000	-0.00000000	-0.00000000	-0.00000000	-1244418.50	0.00000000	0.00000000	0.00000000	0.00000000
   28.3100	-0.00000000	-0.00000000	-0.00000000	-0.00000000	-0.00000000	-0.00000000	-1244418.50	0.00000000	0.00000000	0.00000000	0.00000000
   28.3200	-0.00000000	-0.00000000	-0.00000000	-0.00000000	-0.00000000	-0.00000000	-1244418.50	0.00000000	0.00000000	0.00000000	0.00000000
   28.3300	-0.00000000	-0.00000000	-0.00000000	-0.00000000	-0.00000000	-0.00000000	-1244418.50	0.00000000	0.00000000	0.00000000	0.00000000
   28.3400	-0.00000000	-0.00000000	-0.00000000	-0.00000000	-0.00000000	-0.00000000	-1244418.50	0.00000000	0.00000000	0.00000000	0.00000000
   28.3500	-0.00000000	-0.00000000	-0.00000000	-0.00000000	-0.00000000	-0.00000000	-1244418.50	0.00000000	0.00000000	0.00000000	0.00000000
   28.3600	-0.00000000	-0.00000000	-0.00000000	-0.00000000	-0.00000000	-0.00000000	-1244418.50	0.00000000	0.00000000	0.00000000	0.00000000
   28.3700	-0.00000000	-0.00000000	-0.00000000	-0.00000000	-0.00000000	-0.00000000	-1244418.50	0.00000000	0.00000000	0.00000000	0.00000000
   28.3800	-0.00000000	-0.00000000	-0.00000000	-0.00000000	-0.00000000	-0.00000000	-1244418.50	0.00000000	0.00000000	0.00000000	0.00000000
   28.3900	-0.00000000	-0.00000000	-0.00000000	-0.00000000	-0.00000000	-0.00000000	-1244418.50	0.00000000	0.00000000	0.00000000	0.00000000
   28.4000	-0.00000000	-0.00000000	-0.00000000	-0.00000000	-0.00000000	-0.00000000	-1244418.50	0.00000000	0.00000000	0.00000000	0.00000000
   28.4100	-0.00000000	-0.00000000	-0.00000000	-0.00000000	-0.00000000	-0.00000000	-1244418.50	0.00000000	0.00000000	0.00000000	0.00000000
   28.4200	-0.00000000	-0.00000000	-0.00000000	-0.00000000	-0.00000000	-0.00000000	-1244418.50	0.00000000	0.00000000	0.00000000	0.00000000
   28.4300	-0.00000000	-0.00000000	-0.00000000	-0.00000000	-0.00000000	-0.00000000	-1244418.50	0.00000000	0.00000000	0.00000000	0.00000000
   28.4400	-0.00000000	-0.00000000	-0.00000000	-0.00000000	-0.00000000	-0.00000000	-1244418.50	0.00000000	0.00000000	0.00000000	0.00000000
   28.4500	-0.00000000	-0.00000000	-0.00000000	-0.00000000	-0.00000000	-0.00000000	-1244418.50	0.00000000	0.00000000	0.00000000	0.00000000
   28.4600	-0.00000000	-0.00000000	-0.00000000	-0.00000000	-0.00000000	-0.00000000	-1244418.50	0.00000000	0.00000000	0.00000000	0.00000000
   28.4700	-0.00000000	-0.00000000	-0.00000000	-0.00000000	-0.00000000	-0.00000000	-1244418.50	0.00000000	0.00000000	0.00000000	0.00000000
   28.4800	-0.00000000	-0.00000000	-0.00000000	-0.00000000	-0.00000000	-0.00000000	-1244418.50	0.00000000	0.00000000	0.00000000	0.00000000
   28.4900	-0.00000000	-0.00000000	-0.00000000	-0.00000000	-0.00000000	-0.00000000	-1244418.50	0.00000000	0.00000000	0.00000000	0.00000000
   28.5000	-0.00000000	-0.00000000	-0.00000000	-0.00000000	-0.00000000	-0.00000000	-1244418.50	0.00000000	0.00000000	0.00000000	0.00000000
   28.5100	-0.00000000	-0.00000000	-0.00000000	-0.00000000	-0.00000000	-0.00000000	-1244418.50	0.00000000	0.00000000	0.00000000	0.00000000
   28.5200	-0.00000000	-0.00000000	-0.00000000	-0.00000000	-0.00000000	-0.00000000	-1244418.50	0.00000000	0.00000000	0.00000000	0.00000000
   28.5300	-0.00000000	-0.00000000	-0.00000000	-0.00000000	-0.00000000	-0.00000000	-1244418.50	0.00000000	0.00000000	0.00000000	0.00000000
   28.5400	-0.00000000	-0.00000000	-0.00000000	-0.00000000	-0.00000000	-0.00000000	-1244418.50	0.00000000	0.00000000	0.00000000	0.00000000
   28.5500	-0.00000000	-0.00000000	-0.00000000	-0.00000000	-0.00000000	-0.00000000	-1244418.50	0.00000000	0.00000000	0.00000000	0.00000000
   28.5600	-0.00000000	-0.00000000	-0.00000000	-0.00000000	-0.00000000	-0.00000000	-1244418.50	0.00000000	0.00000000	0.00000000	0.00000000
   28.5700	-0.00000000	-0.00000000	-0.00000000	-0.00000000	-0.00000000	-0.00000000	-1244418.50	0.00000000	0.00000000	0.00000000	0.00000000
   28.5800	-0.00000000	-0.00000000	-0.00000000	-0.00000000	-0.00000000	-0.00000000	-1244418.50	0.00000000	0.00000000	0.00000000	0.00000000
   28.5900	-0.00000000	-0.00000000	-0.00000000	-0.00000000	-0.00000000	-0.00000000	-1244418.50	0.00000000	0.00000000	0.00000000	0.00000000
   28.6000	-0.00000000	-0.00000000	-0.00000000	-0.00000000	-0.00000000	-0.00000000	-1244418.50	0.00000000	0.00000000	0.00000000	0.00000000
   28.6100	-0.00000000	-0.00000000	-0.00000000	-0.00000000	-0.00000000	-0.00000000	-1244418.50	0.00000000	0.00000000	0.00000000	0.00000000
   28.6200	-0.00000000	-0.00000000	-0.00000000	-0.00000000	-0.00000000	-0.00000000	-1244418.50	0.00000000	0.00000000	0.00000000	0.00000000
   28.6300	-0.00000000	-0.00000000	-0.00000000	-0.00000000	-0.00000000	-0.00000000	-1244418.50	0.00000000	0.00000000	0.00000000	0.00000000
   28.6400	-0.00000000	-0.00000000	-0.00000000	-0.00000000	-0.00000000	-0.00000000	-1244418.50	0.00000000	0.00000000	0.00000000	0.00000000
   28.6500	-0.00000000	-0.00000000	-0.00000000	-0.00000000	-0.00000000	-0.00000000	-1244418.50	0.00000000	0.00000000	0.00000000	0.00000000
   28.6600	-0.00000000	-0.00000000	-0.00000000	-0.00000000	-0.00000000	-0.00000000	-1244418.50	0.00000000	0.00000000	0.00000000	0.00000000
   28.6700	-0.00000000	-0.00000000	-0.00000000	-0.00000000	-0.00000000	-0.00000000	-1244418.50	0.00000000	0.00000000	0.00000000	0.00000000
   28.6800	-0.00000000	-0.00000000	-0.00000000	-0.00000000	-0.00000000	-0.00000000	-1244418.50	0.00000000	0.00000000	0.00000000	0.00000000
   28.6900	-0.00000000	-0.00000000	-0.00000000	-0.00000000	-0.00000000	-0.00000000	-1244418.50	0.00000000	0.00000000	0.00000000	0.00000000
   28.7000	-0.00000000	-0.00000000	-0.00000000	-0.00000000	-0.00000000	-0.00000000	-1244418.50	0.00000000	0.00000000	0.00000000	0.00000000
   28.7100	-0.00000000	-0.00000000	-0.00000000	-0.00000000	-0.00000000	-0.00000000	-1244418.50	0.00000000	0.00000000	0.00000000	0.00000000
   28.7200	-0.00000000	-0.00000000	-0.00000000	-0.00000000	-0.00000000	-0.00000000	-1244418.50	0.00000000	0.00000000	0.00000000	0.00000000
   28.7300	-0.00000000	-0.00000000	-0.00000000	-0.00000000	-0.00000000	-0.00000000	-1244418.50	0.00000000	0.00000000	0.00000000	0.00000000
   28.7400	-0.00000000	-0.00000000	-0.00000000	-0.00000000	-0.00000000	-0.00000000	-1244418.50	0.00000000	0.00000000	0.00000000	0.00000000
   28.7500	-0.00000000	-0.00000000	-0.00000000	-0.00000000	-0.00000000	-0.00000000	-1244418.50	0.00000000	0.00000000	0.00000000	0.00000000
   28.7600	-0.00000000	-0.00000000	-0.00000000	-0.00000000	-0.00000000	-0.00000000	-1244418.50	0.00000000	0.00000000	0.00000000	0.00000000
   28.7700	-0.00000000	-0.00000000	-0.00000000	-0.00000000	-0.00000000	-0.00000000	-1244418.50	0.00000000	0.00000000	0.00000000	0.00000000
   28.7800	-0.00000000	-0.00000000	-0.00000000	-0.00000000	-0.00000000	-0.00000000	-1244418.50	0.00000000	0.00000000	0.00000000	0.00000000
   28.7900	-0.00000000	-0.00000000	-0.00000000	-0.00000000	-0.00000000	-0.00000000	-1244418.50	0.00000000	0.00000000	0.00000000	0.00000000
   28.8000	-0.00000000	-0.00000000	-0.00000000	-0.00000000	-0.00000000	-0.00000000	-1244418.50	0.00000000	0.00000000	0.00000000	0.00000000
   28.8100	-0.00000000	-0.00000000	-0.00000000	-0.00000000	-0.00000000	-0.00000000	-1244418.50	0.00000000	0.00000000	0.00000000	0.00000000
   28.8200	-0.00000000	-0.00000000	-0.00000000	-0.00000000	-0.00000000	-0.00000000	-1244418.50	0.00000000	0.00000000	0.00000000	0.00000000
   28.8300	-0.00000000	-0.00000000	-0.00000000	-0.00000000	-0.00000000	-0.00000000	-1244418.50	0.00000000	0.00000000	0.00000000	0.00000000
   28.8400	-0.00000000	-0.00000000	-0.00000000	-0.00000000	-0.00000000	-0.00000000	-1244418.50	0.00000000	0.00000000	0.00000000	0.00000000
   28.8500	-0.00000000	-0.00000000	-0.00000000	-0.00000000	-0.00000000	-0.00000000	-1244418.50	0.00000000	0.00000000	0.00000000	0.00000000
   28.8600	-0.00000000	-0.00000000	-0.00000000	-0.00000000	-0.00000000	-0.00000000	-1244418.50	0.00000000	0.00000000	0.00000000	0.00000000
   28.8700	-0.00000000	-0.00000000	-0.00000000	-0.00000000	-0.00000000	-0.00000000	-1244418.50	0.00000000	0.00000000	0.00000000	0.00000000
   28.8800	-0.00000000	-0.00000000	-0.00000000	-0.00000000	-0.00000000	-0.00000000	-1244418.50	0.00000000	0.00000000	0.00000000	0.00000000
   28.8900	-0.00000000	-0.00000000	-0.00000000	-0.00000000	-0.00000000	-0.00000000	-1244418.50	0.00000000	0.00000000	0.00000000	0.00000000
   28.9000	-0.00000000	-0.00000000	-0.00000000	-0.00000000	-0.00000000	-0.00000000	-1244418.50	0.00000000	0.00000000	0.00000000	0.00000000
   28.9100	-0.00000000	-0.00000000	-0.00000000	-0.00000000	-0.00000000	-0.00000000	-1244418.50	0.00000000	0.00000000	0.00000000	0.00000000
   28.9200	-0.00000000	-0.00000000	-0.00000000	-0.00000000	-0.00000000	-0.00000000	-1244418.50	0.00000000	0.00000000	0.00000000	0.00000000
   28.9300	-0.00000000	-0.00000000	-0.00000000	-0.00000000	-0.00000000	-0.00000000	-1244418.50	0.00000000	0.00000000	0.00000000	0.00000000
   28.9400	-0.00000000	-0.00000000	-0.00000000	-0.00000000	-0.00000000	-0.00000000	-1244418.50	0.00000000	0.00000000	0.00000000	0.00000000
   28.9500	-0.00000000	-0.00000000	-0.00000000	-0.00000000	-0.00000000	-0.00000000	-1244418.50	0.00000000	0.00000000	0.00000000	0.00000000
   28.9600	-0.00000000	-0.00000000	-0.00000000	-0.00000000	-0.00000000	-0.00000000	-1244418.50	0.00000000	0.00000000	0.00000000	0.00000000
   28.9700	-0.00000000	-0.00000000	-0.00000000	-0.00000000	-0.00000000	-0.00000000	-1244418.50	0.00000000	0.00000000	0.00000000	0.00000000
   28.9800	-0.00000000	-0.00000000	-0.00000000	-0.00000000	-0.00000000	-0.00000000	-1244418.50	0.00000000	0.00000000	0.00000000	0.00000000
   28.9900	-0.00000000	-0.00000000	-0.00000000	-0.00000000	-0.00000000	-0.00000000	-1244418.50	0.00000000	0.00000000	0.00000000	0.00000000
   29.0000	-0.00000000	-0.00000000	-0.00000000	-0.00000000	-0.00000000	-0.00000000	-1244418.50	0.00000000	0.00000000	0.00000000	0.00000000
   29.0100	-0.00000000	-0.00000000	-0.00000000	-0.00000000	-0.00000000	-0.00000000	-1244418.50	0.00000000	0.00000000	0.00000000	0.00000000
   29.0200	-0.00000000	-0.00000000	-0.00000000	-0.00000000	-0.00000000	-0.00000000	-1244418.50	0.00000000	0.00000000	0.00000000	0.00000000
   29.0300	-0.00000000	-0.00000000	-0.00000000	-0.00000000	-0.00000000	-0.00000000	-1244418.50	0.00000000	0.00000000	0.00000000	0.00000000
   29.0400	-0.00000000	-0.00000000	-0.00000000	-0.00000000	-0.00000000	-0.00000000	-1244418.50	0.00000000	0.00000000	0.00000000	0.00000000
   29.0500	-0.00000000	-0.00000000	-0.00000000	-0.00000000	-0.00000000	-0.00000000	-1244418.50	0.00000000	0.00000000	0.00000000	0.00000000
   29.0600	-0.00000000	-0.00000000	-0.00000000	-0.00000000	-0.00000000	-0.00000000	-1244418.50	0.00000000	0.00000000	0.00000000	0.00000000
   29.0700	-0.00000000	-0.00000000	-0.00000000	-0.00000000	-0.00000000	-0.00000000	-1244418.50	0.00000000	0.00000000	0.00000000	0.00000000
   29.0800	-0.00000000	-0.00000000	-0.00000000	-0.00000000	-0.00000000	-0.00000000	-1244418.50	0.00000000	0.00000000	0.00000000	0.00000000
   29.0900	-0.00000000	-0.00000000	-0.00000000	-0.00000000	-0.00000000	-0.00000000	-1244418.50	0.00000000	0.00000000	0.00000000	0.00000000
   29.1000	-0.00000000	-0.00000000	-0.00000000	-0.00000000	-0.00000000	-0.00000000	-1244418.50	0.00000000	0.00000000	0.00000000	0.00000000
   29.1100	-0.00000000	-0.00000000	-0.00000000	-0.00000000	-0.00000000	-0.00000000	-1244418.50	0.00000000	0.00000000	0.00000000	0.00000000
   29.1200	-0.00000000	-0.00000000	-0.00000000	-0.00000000	-0.00000000	-0.00000000	-1244418.50	0.00000000	0.00000000	0.00000000	0.00000000
   29.1300	-0.00000000	-0.00000000	-0.00000000	-0.00000000	-0.00000000	-0.00000000	-1244418.50	0.00000000	0.00000000	0.00000000	0.00000000
   29.1400	-0.00000000	-0.00000000	-0.00000000	-0.00000000	-0.00000000	-0.00000000	-1244418.50	0.00000000	0.00000000	0.00000000	0.00000000
   29.1500	-0.00000000	-0.00000000	-0.00000000	-0.00000000	-0.00000000	-0.00000000	-1244418.50	0.00000000	0.00000000	0.00000000	0.00000000
   29.1600	-0.00000000	-0.00000000	-0.00000000	-0.00000000	-0.00000000	-0.00000000	-1244418.50	0.00000000	0.00000000	0.00000000	0.00000000
   29.1700	-0.00000000	-0.00000000	-0.00000000	-0.00000000	-0.00000000	-0.00000000	-1244418.50	0.00000000	0.00000000	0.00000000	0.00000000
   29.1800	-0.00000000	-0.00000000	-0.00000000	-0.00000000	-0.00000000	-0.00000000	-1244418.50	0.00000000	0.00000000	0.00000000	0.00000000
   29.1900	-0.00000000	-0.00000000	-0.00000000	-0.00000000	-0.00000000	-0.00000000	-1244418.50	0.00000000	0.00000000	0.00000000	0.00000000
   29.2000	-0.00000000	-0.00000000	-0.00000000	-0.00000000	-0.00000000	-0.00000000	-1244418.50	0.00000000	0.00000000	0.00000000	0.00000000
   29.2100	-0.00000000	-0.00000000	-0.00000000	-0.00000000	-0.00000000	-0.00000000	-1244418.50	0.00000000	0.00000000	0.00000000	0.00000000
   29.2200	-0.00000000	-0.00000000	-0.00000000	-0.00000000	-0.00000000	-0.00000000	-1244418.50	0.00000000	0.00000000	0.00000000	0.00000000
   29.2300	-0.00000000	-0.00000000	-0.00000000	-0.00000000	-0.00000000	-0.00000000	-1244418.50	0.00000000	0.00000000	0.00000000	0.00000000
   29.2400	-0.00000000	-0.00000000	-0.00000000	-0.00000000	-0.00000000	-0.00000000	-1244418.50	0.00000000	0.00000000	0.00000000	0.00000000
   29.2500	-0.00000000	-0.00000000	-0.00000000	-0.00000000	-0.00000000	-0.00000000	-1244418.50	0.00000000	0.00000000	0.00000000	0.00000000
   29.2600	-0.00000000	-0.00000000	-0.00000000	-0.00000000	-0.00000000	-0.00000000	-1244418.50	0.00000000	0.00000000	0.00000000	0.00000000
   29.2700	-0.00000000	-0.00000000	-0.00000000	-0.00000000	-0.00000000	-0.00000000	-1244418.50	0.00000000	0.00000000	0.00000000	0.00000000
   29.2800	-0.00000000	-0.00000000	-0.00000000	-0.00000000	-0.00000000	-0.00000000	-1244418.50	0.00000000	0.00000000	0.00000000	0.00000000
   29.2900	-0.00000000	-0.00000000	-0.00000000	-0.00000000	-0.00000000	-0.00000000	-1244418.50	0.00000000	0.00000000	0.00000000	0.00000000
   29.3000	-0.00000000	-0.00000000	-0.00000000	-0.00000000	-0.00000000	-0.00000000	-1244418.50	0.00000000	0.00000000	0.00000000	0.00000000
   29.3100	-0.00000000	-0.00000000	-0.00000000	-0.00000000	-0.00000000	-0.00000000	-1244418.50	0.00000000	0.00000000	0.00000000	0.00000000
   29.3200	-0.00000000	-0.00000000	-0.00000000	-0.00000000	-0.00000000	-0.00000000	-1244418.50	0.00000000	0.00000000	0.00000000	0.00000000
   29.3300	-0.00000000	-0.00000000	-0.00000000	-0.00000000	-0.00000000	-0.00000000	-1244418.50	0.00000000	0.00000000	0.00000000	0.00000000
   29.3400	-0.00000000	-0.00000000	-0.00000000	-0.00000000	-0.00000000	-0.00000000	-1244418.50	0.00000000	0.00000000	0.00000000	0.00000000
   29.3500	-0.00000000	-0.00000000	-0.00000000	-0.00000000	-0.00000000	-0.00000000	-1244418.50	0.00000000	0.00000000	0.00000000	0.00000000
   29.3600	-0.00000000	-0.00000000	-0.00000000	-0.00000000	-0.00000000	-0.00000000	-1244418.50	0.00000000	0.00000000	0.00000000	0.00000000
   29.3700	-0.00000000	-0.00000000	-0.00000000	-0.00000000	-0.00000000	-0.00000000	-1244418.50	0.00000000	0.00000000	0.00000000	0.00000000
   29.3800	-0.00000000	-0.00000000	-0.00000000	-0.00000000	-0.00000000	-0.00000000	-1244418.50	0.00000000	0.00000000	0.00000000	0.00000000
   29.3900	-0.00000000	-0.00000000	-0.00000000	-0.00000000	-0.00000000	-0.00000000	-1244418.50	0.00000000	0.00000000	0.00000000	0.00000000
   29.4000	-0.00000000	-0.00000000	-0.00000000	-0.00000000	-0.00000000	-0.00000000	-1244418.50	0.00000000	0.00000000	0.00000000	0.00000000
   29.4100	-0.00000000	-0.00000000	-0.00000000	-0.00000000	-0.00000000	-0.00000000	-1244418.50	0.00000000	0.00000000	0.00000000	0.00000000
   29.4200	-0.00000000	-0.00000000	-0.00000000	-0.00000000	-0.00000000	-0.00000000	-1244418.50	0.00000000	0.00000000	0.00000000	0.00000000
   29.4300	-0.00000000	-0.00000000	-0.00000000	-0.00000000	-0.00000000	-0.00000000	-1244418.50	0.00000000	0.00000000	0.00000000	0.00000000
   29.4400	-0.00000000	-0.00000000	-0.00000000	-0.00000000	-0.00000000	-0.00000000	-1244418.50	0.00000000	0.00000000	0.00000000	0.00000000
   29.4500	-0.00000000	-0.00000000	-0.00000000	-0.00000000	-0.00000000	-0.00000000	-1244418.50	0.00000000	0.00000000	0.00000000	0.00000000
   29.4600	-0.00000000	-0.00000000	-0.00000000	-0.00000000	-0.00000000	-0.00000000	-1244418.50	0.00000000	0.00000000	0.00000000	0.00000000
   29.4700	-0.00000000	-0.00000000	-0.00000000	-0.00000000	-0.00000000	-0.00000000	-1244418.50	0.00000000	0.00000000	0.00000000	0.00000000
   29.4800	-0.00000000	-0.00000000	-0.00000000	-0.00000000	-0.00000000	-0.00000000	-1244418.50	0.00000000	0.00000000	0.00000000	0.00000000
   29.4900	-0.00000000	-0.00000000	-0.00000000	-0.00000000	-0.00000000	-0.00000000	-1244418.50	0.00000000	0.00000000	0.00000000	0.00000000
   29.5000	-0.00000000	-0.00000000	-0.00000000	-0.00000000	-0.00000000	-0.00000000	-1244418.50	0.00000000	0.00000000	0.00000000	0.00000000
   29.5100	-0.00000000	-0.00000000	-0.00000000	-0.00000000	-0.00000000	-0.00000000	-1244418.50	0.00000000	0.00000000	0.00000000	0.00000000
   29.5200	-0.00000000	-0.00000000	-0.00000000	-0.00000000	-0.00000000	-0.00000000	-1244418.50	0.00000000	0.00000000	0.00000000	0.00000000
   29.5300	-0.00000000	-0.00000000	-0.00000000	-0.00000000	-0.00000000	-0.00000000	-1244418.50	0.00000000	0.00000000	0.00000000	0.00000000
   29.5400	-0.00000000	-0.00000000	-0.00000000	-0.00000000	-0.00000000	-0.00000000	-1244418.50	0.00000000	0.00000000	0.00000000	0.00000000
   29.5500	-0.00000000	-0.00000000	-0.00000000	-0.00000000	-0.00000000	-0.00000000	-1244418.50	0.00000000	0.00000000	0.00000000	0.00000000
   29.5600	-0.00000000	-0.00000000	-0.00000000	-0.00000000	-0.00000000	-0.00000000	-1244418.50	0.00000000	0.00000000	0.00000000	0.00000000
   29.5700	-0.00000000	-0.00000000	-0.00000000	-0.00000000	-0.00000000	-0.00000000	-1244418.50	0.00000000	0.00000000	0.00000000	0.00000000
   29.5800	-0.00000000	-0.00000000	-0.00000000	-0.00000000	-0.00000000	-0.00000000	-1244418.50	0.00000000	0.00000000	0.00000000	0.00000000
   29.5900	-0.00000000	-0.00000000	-0.00000000	-0.00000000	-0.00000000	-0.00000000	-1244418.50	0.00000000	0.00000000	0.00000000	0.00000000
   29.6000	-0.00000000	-0.00000000	-0.00000000	-0.00000000	-0.00000000	-0.00000000	-1244418.50	0.00000000	0.00000000	0.00000000	0.00000000
   29.6100	-0.00000000	-0.00000000	-0.00000000	-0.00000000	-0.00000000	-0.00000000	-1244418.50	0.00000000	0.00000000	0.00000000	0.00000000
   29.6200	-0.00000000	-0.00000000	-0.00000000	-0.00000000	-0.00000000	-0.00000000	-1244418.50	0.00000000	0.00000000	0.00000000	0.00000000
   29.6300	-0.00000000	-0.00000000	-0.00000000	-0.00000000	-0.00000000	-0.00000000	-1244418.50	0.00000000	0.00000000	0.00000000	0.00000000
   29.6400	-0.00000000	-0.00000000	-0.00000000	-0.00000000	-0.00000000	-0.00000000	-1244418.50	0.00000000	0.00000000	0.00000000	0.00000000
   29.6500	-0.00000000	-0.00000000	-0.00000000	-0.00000000	-0.00000000	-0.00000000	-1244418.50	0.00000000	0.00000000	0.00000000	0.00000000
   29.6600	-0.00000000	-0.00000000	-0.00000000	-0.00000000	-0.00000000	-0.00000000	-1244418.50	0.00000000	0.00000000	0.00000000	0.00000000
   29.6700	-0.00000000	-0.00000000	-0.00000000	-0.00000000	-0.00000000	-0.00000000	-1244418.50	0.00000000	0.00000000	0.00000000	0.00000000
   29.6800	-0.00000000	-0.00000000	-0.00000000	-0.00000000	-0.00000000	-0.00000000	-1244418.50	0.00000000	0.00000000	0.00000000	0.00000000
   29.6900	-0.00000000	-0.00000000	-0.00000000	-0.00000000	-0.00000000	-0.00000000	-1244418.50	0.00000000	0.00000000	0.00000000	0.00000000
   29.7000	-0.00000000	-0.00000000	-0.00000000	-0.00000000	-0.00000000	-0.00000000	-1244418.50	0.00000000	0.00000000	0.00000000	0.00000000
   29.7100	-0.00000000	-0.00000000	-0.00000000	-0.00000000	-0.00000000	-0.00000000	-1244418.50	0.00000000	0.00000000	0.00000000	0.00000000
   29.7200	-0.00000000	-0.00000000	-0.00000000	-0.00000000	-0.00000000	-0.00000000	-1244418.50	0.00000000	0.00000000	0.00000000	0.00000000
   29.7300	-0.00000000	-0.00000000	-0.00000000	-0.00000000	-0.00000000	-0.00000000	-1244418.50	0.00000000	0.00000000	0.00000000	0.00000000
   29.7400	-0.00000000	-0.00000000	-0.00000000	-0.00000000	-0.00000000	-0.00000000	-1244418.50	0.00000000	0.00000000	0.00000000	0.00000000
   29.7500	-0.00000000	-0.00000000	-0.00000000	-0.00000000	-0.00000000	-0.00000000	-1244418.50	0.00000000	0.00000000	0.00000000	0.00000000
   29.7600	-0.00000000	-0.00000000	-0.00000000	-0.00000000	-0.00000000	-0.00000000	-1244418.50	0.00000000	0.00000000	0.00000000	0.00000000
   29.7700	-0.00000000	-0.00000000	-0.00000000	-0.00000000	-0.00000000	-0.00000000	-1244418.50	0.00000000	0.00000000	0.00000000	0.00000000
   29.7800	-0.00000000	-0.00000000	-0.00000000	-0.00000000	-0.00000000	-0.00000000	-1244418.50	0.00000000	0.00000000	0.00000000	0.00000000
   29.7900	-0.00000000	-0.00000000	-0.00000000	-0.00000000	-0.00000000	-0.00000000	-1244418.50	0.00000000	0.00000000	0.00000000	0.00000000
   29.8000	-0.00000000	-0.00000000	-0.00000000	-0.00000000	-0.00000000	-0.00000000	-1244418.50	0.00000000	0.00000000	0.00000000	0.00000000
   29.8100	-0.00000000	-0.00000000	-0.00000000	-0.00000000	-0.00000000	-0.00000000	-1244418.50	0.00000000	0.00000000	0.00000000	0.00000000
   29.8200	-0.00000000	-0.00000000	-0.00000000	-0.00000000	-0.00000000	-0.00000000	-1244418.50	0.00000000	0.00000000	0.00000000	0.00000000
   29.8300	-0.00000000	-0.00000000	-0.00000000	-0.00000000	-0.00000000	-0.00000000	-1244418.50	0.00000000	0.00000000	0.00000000	0.00000000
   29.8400	-0.00000000	-0.00000000	-0.00000000	-0.00000000	-0.00000000	-0.00000000	-1244418.50	0.00000000	0.00000000	0.00000000	0.00000000
   29.8500	-0.00000000	-0.00000000	-0.00000000	-0.00000000	-0.00000000	-0.00000000	-1244418.50	0.00000000	0.00000000	0.00000000	0.00000000
   29.8600	-0.00000000	-0.00000000	-0.00000000	-0.00000000	-0.00000000	-0.00000000	-1244418.50	0.00000000	0.00000000	0.00000000	0.00000000
   29.8700	-0.00000000	-0.00000000	-0.00000000	-0.00000000	-0.00000000	-0.00000000	-1244418.50	0.00000000	0.00000000	0.00000000	0.00000000
   29.8800	-0.00000000	-0.00000000	-0.00000000	-0.00000000	-0.00000000	-0.00000000	-1244418.50	0.00000000	0.00000000	0.00000000	0.00000000
   29.8900	-0.00000000	-0.00000000	-0.00000000	-0.00000000	-0.00000000	-0.00000000	-1244418.50	0.00000000	0.00000000	0.00000000	0.00000000
   29.9000	-0.00000000	-0.00000000	-0.00000000	-0.00000000	-0.00000000	-0.00000000	-1244418.50	0.00000000	0.00000000	0.00000000	0.00000000
   29.9100	-0.00000000	-0.00000000	-0.00000000	-0.00000000	-0.00000000	-0.00000000	-1244418.50	0.00000000	0.00000000	0.00000000	0.00000000
   29.9200	-0.00000000	-0.00000000	-0.00000000	-0.00000000	-0.00000000	-0.00000000	-1244418.50	0.00000000	0.00000000	0.00000000	0.00000000
   29.9300	-0.00000000	-0.00000000	-0.00000000	-0.00000000	-0.00000000	-0.00000000	-1244418.50	0.00000000	0.00000000	0.00000000	0.00000000
   29.9400	-0.00000000	-0.00000000	-0.00000000	-0.00000000	-0.00000000	-0.00000000	-1244418.50	0.00000000	0.00000000	0.00000000	0.00000000
   29.9500	-0.00000000	-0.00000000	-0.00000000	-0.00000000	-0.00000000	-0.00000000	-1244418.50	0.00000000	0.00000000	0.00000000	0.00000000
   29.9600	-0.00000000	-0.00000000	-0.00000000	-0.00000000	-0.00000000	-0.00000000	-1244418.50	0.00000000	0.00000000	0.00000000	0.00000000
   29.9700	-0.00000000	-0.00000000	-0.00000000	-0.00000000	-0.00000000	-0.00000000	-1244418.50	0.00000000	0.00000000	0.00000000	0.00000000
   29.9800	-0.00000000	-0.00000000	-0.00000000	-0.00000000	-0.00000000	-0.00000000	-1244418.50	0.00000000	0.00000000	0.00000000	0.00000000
   29.9900	-0.00000000	-0.00000000	-0.00000000	-0.00000000	-0.00000000	-0.00000000	-1244418.50	0.00000000	0.00000000	0.00000000	0.00000000
   30.0000	-0.00000000	-0.00000000	-0.00000000	-0.00000000	-0.00000000	-0.00000000	-1244418.50	0.00000000	0.00000000	0.00000000	0.00000000
   30.0100	-0.00000000	-0.662394223E-5	-0.00000000	0.662389084E-5	0.132458229E-5	-0.00000000	-1244418.50	0.00000000	-0.198702710E-4	0.00000000	0.375234960E-14
   30.0200	-0.00000000	-0.211542909E-3	-0.00000000	0.211541454E-3	0.423019956E-4	-0.00000000	-1244418.50	0.00000000	-0.634578930E-3	0.00000000	0.119835416E-12
   30.0300	-0.00000000	-0.160108868E-2	-0.00000000	0.160107657E-2	0.320167863E-3	-0.00000000	-1244418.50	0.00000000	-0.480288872E-2	0.00000000	0.906989111E-12
   30.0400	-0.00000000	-0.671576941E-2	-0.00000000	0.671570562E-2	0.134294375E-2	-0.00000000	-1244418.50	0.00000000	-0.201457143E-1	0.00000000	0.380436524E-11
   30.0500	-0.00000000	-0.203767978E-1	-0.00000000	0.203766450E-1	0.407472486E-2	-0.00000000	-1244418.50	0.00000000	-0.611256026E-1	0.00000000	0.115431059E-10
   30.0600	-0.00000000	-0.503323376E-1	-0.00000000	0.503320135E-1	0.100649130E-1	-0.00000000	-1244418.50	0.00000000	-0.150985360	0.00000000	0.285124389E-10
   30.0700	-0.00000000	-0.107846558	-0.00000000	0.107845575	0.215659477E-1	-0.00000000	-1244418.50	0.00000000	-0.323514283	0.00000000	0.610932138E-10
   30.0800	-0.00000000	-0.208161190	-0.00000000	0.208159626	0.416257791E-1	-0.00000000	-1244418.50	0.00000000	-0.624434948	0.00000000	0.117919799E-9
   30.0900	-0.00000000	-0.370850027	-0.00000000	0.370847523	0.741585121E-1	-0.00000000	-1244418.50	0.00000000	-1.11246359	0.00000000	0.210080314E-9
   30.1000	-0.00000000	-0.620030165	-0.00000000	0.620025992	0.123986781	-0.00000000	-1244418.50	0.00000000	-1.85994565	0.00000000	0.351236623E-9
   30.1100	-0.00000000	-0.984428227	-0.00000000	0.984419346	0.196854874	-0.00000000	-1244418.50	0.00000000	-2.95305037	0.00000000	0.557661195E-9
   30.1200	-0.00000000	-1.49728012	-0.00000000	1.49726856	0.299409300	-0.00000000	-1244418.50	0.00000000	-4.49148655	0.00000000	0.848183135E-9
   30.1300	-0.00000000	-2.19622445	-0.00000000	2.19620919	0.439176500	-0.00000000	-1244418.50	0.00000000	-6.58815718	0.00000000	0.124412347E-8
   30.1400	-0.00000000	-3.12228751	-0.00000000	3.12226510	0.624360383	-0.00000000	-1244418.50	0.00000000	-9.36612988	0.00000000	0.176872250E-8
   30.1500	-0.00000000	-4.32006264	-0.00000000	4.32002783	0.863877654	-0.00000000	-1244418.50	0.00000000	-12.9591665	0.00000000	0.244724019E-8
   30.1600	-0.00000000	-5.83638859	-0.00000000	5.83635187	1.16709745	-0.00000000	-1244418.50	0.00000000	-17.5078125	0.00000000	0.330621774E-8
   30.1700	-0.00000000	-7.71955204	-0.00000000	7.71949005	1.54366970	-0.00000000	-1244418.50	0.00000000	-23.1568356	0.00000000	0.437299263E-8
   30.1800	-0.00000000	-10.0180454	-0.00000000	10.0179567	2.00329471	-0.00000000	-1244418.50	0.00000000	-30.0517426	0.00000000	0.567504355E-8
   30.1900	-0.00000000	-12.7792711	-0.00000000	12.7791672	2.55545616	-0.00000000	-1244418.50	0.00000000	-38.3348083	0.00000000	0.723923721E-8
   30.2000	-0.00000000	-16.0481529	-0.00000000	16.0480309	3.20913267	-0.00000000	-1244418.50	0.00000000	-48.1407204	0.00000000	0.909100883E-8
   30.2100	-0.00000000	-19.8662186	-0.00000000	19.8660889	3.97262907	-0.00000000	-1244418.50	0.00000000	-59.5940475	0.00000000	0.112538832E-7
   30.2200	-0.00000000	-24.2668896	-0.00000000	24.2667408	4.85262585	-0.00000000	-1244418.50	0.00000000	-72.7950211	0.00000000	0.137467868E-7
   30.2300	-0.00000000	-29.2780094	-0.00000000	29.2777996	5.85469484	-0.00000000	-1244418.50	0.00000000	-87.8272171	0.00000000	0.165855027E-7
   30.2400	-0.00000000	-34.9171371	-0.00000000	34.9168930	6.98234272	-0.00000000	-1244418.50	0.00000000	-104.743248	0.00000000	0.197799661E-7
   30.2500	-0.00000000	-41.1902084	-0.00000000	41.1899147	8.23676682	-0.00000000	-1244418.50	0.00000000	-123.561043	0.00000000	0.233335644E-7
   30.2600	-0.00000000	-48.0896873	-0.00000000	48.0893326	9.61644840	-0.00000000	-1244418.50	0.00000000	-144.257858	0.00000000	0.272420024E-7
   30.2700	-0.00000000	-55.5924072	-0.00000000	55.5919647	11.1167536	-0.00000000	-1244418.50	0.00000000	-166.764175	0.00000000	0.314921493E-7
   30.2800	-0.00000000	-63.6577492	-0.00000000	63.6572037	12.7295504	-0.00000000	-1244418.50	0.00000000	-190.958038	0.00000000	0.360609747E-7
   30.2900	-0.00000000	-72.2253571	-0.00000000	72.2248383	14.4428320	-0.00000000	-1244418.50	0.00000000	-216.659195	0.00000000	0.409144469E-7
   30.3000	-0.00000000	-81.2161789	-0.00000000	81.2154922	16.2406902	-0.00000000	-1244418.50	0.00000000	-243.629196	0.00000000	0.460075249E-7
   30.3100	-0.00000000	-90.5221786	-0.00000000	90.5216293	18.1016350	-0.00000000	-1244418.50	0.00000000	-271.545502	0.00000000	0.512793079E-7
   30.3200	-0.00000000	-100.017090	-0.00000000	100.016350	20.0003109	-0.00000000	-1244418.50	0.00000000	-300.027863	0.00000000	0.566579850E-7
   30.3300	-0.00000000	-109.546730	-0.00000000	109.545784	21.9059181	-0.00000000	-1244418.50	0.00000000	-328.614197	0.00000000	0.620562943E-7
   30.3400	-0.00000000	-118.930107	-0.00000000	118.929260	23.7823296	-0.00000000	-1244418.50	0.00000000	-356.762482	0.00000000	0.673718858E-7
   30.3500	-0.00000000	-127.959488	-0.00000000	127.958504	25.5879078	-0.00000000	-1244418.50	0.00000000	-383.848358	0.00000000	0.724868485E-7
   30.3600	-0.00000000	-136.398621	-0.00000000	136.397461	27.2754650	-0.00000000	-1244418.50	0.00000000	-409.163513	0.00000000	0.772674298E-7
   30.3700	-0.00000000	-143.983231	-0.00000000	143.982132	28.7921562	-0.00000000	-1244418.50	0.00000000	-431.915833	0.00000000	0.815640249E-7
   30.3800	-0.00000000	-150.422562	-0.00000000	150.421417	30.0798435	-0.00000000	-1244418.50	0.00000000	-451.232544	0.00000000	0.852118447E-7
   30.3900	-0.00000000	-155.394806	-0.00000000	155.393814	31.0741711	-0.00000000	-1244418.50	0.00000000	-466.148621	0.00000000	0.880286279E-7
   30.4000	-0.00000000	-158.556244	-0.00000000	158.555069	31.7063217	-0.00000000	-1244418.50	0.00000000	-475.631592	0.00000000	0.898194159E-7
   30.4100	-0.00000000	-159.536041	-0.00000000	159.534744	31.9022388	-0.00000000	-1244418.50	0.00000000	-478.570587	0.00000000	0.903744208E-7
   30.4200	-0.00000000	-157.940781	-0.00000000	157.939713	31.5832806	-0.00000000	-1244418.50	0.00000000	-473.785828	0.00000000	0.894708592E-7
   30.4300	-0.00000000	-153.357330	-0.00000000	153.356155	30.6666813	-0.00000000	-1244418.50	0.00000000	-460.035767	0.00000000	0.868742660E-7
   30.4400	-0.00000000	-145.353241	-0.00000000	145.352127	29.0661240	-0.00000000	-1244418.50	0.00000000	-436.025635	0.00000000	0.823401294E-7
   30.4500	-0.00000000	-133.482742	-0.00000000	133.481750	26.6923923	-0.00000000	-1244418.50	0.00000000	-400.416840	0.00000000	0.756156808E-7
   30.4600	-0.00000000	-117.285126	-0.00000000	117.284325	23.4533882	-0.00000000	-1244418.50	0.00000000	-351.828064	0.00000000	0.664400517E-7
   30.4700	-0.00000000	-96.3032150	-0.00000000	96.3024979	19.2576504	-0.00000000	-1244418.50	0.00000000	-288.887085	0.00000000	0.545541354E-7
   30.4800	-0.00000000	-70.0685883	-0.00000000	70.0680389	14.0115347	-0.00000000	-1244418.50	0.00000000	-210.189270	0.00000000	0.396926474E-7
   30.4900	-0.00000000	-38.1187325	-0.00000000	38.1184921	7.62256622	-0.00000000	-1244418.50	0.00000000	-114.347343	0.00000000	0.215936264E-7
   30.5000	-0.00000000	-0.805990000E-13	-0.00000000	0.805983630E-13	0.161172955E-13	-0.00000000	-1244418.50	0.00000000	-0.241778114E-12	0.00000000	0.456579628E-22
   30.5100	-0.00000000	44.7272186	-0.00000000	-44.7268524	-8.94404697	-0.00000000	-1244418.50	0.00000000	134.171082	0.00000000	-0.253371901E-7
   30.5200	-0.00000000	96.4812317	-0.00000000	-96.4805145	-19.2932529	-0.00000000	-1244418.50	0.00000000	289.421173	0.00000000	-0.546549934E-7
   30.5300	-0.00000000	155.653442	-0.00000000	-155.652557	-31.1258812	-0.00000000	-1244418.50	0.00000000	466.924255	0.00000000	-0.881750992E-7
   30.5400	-0.00000000	222.601486	-0.00000000	-222.599731	-44.5133629	-0.00000000	-1244418.50	0.00000000	667.752075	0.00000000	-0.126099906E-6
   30.5500	-0.00000000	297.655945	-0.00000000	-297.653778	-59.5219269	-0.00000000	-1244418.50	0.00000000	892.897949	0.00000000	-0.168617007E-6
   30.5600	-0.00000000	381.056366	-0.00000000	-381.054016	-76.1994476	-0.00000000	-1244418.50	0.00000000	1143.08020	0.00000000	-0.215862002E-6
   30.5700	-0.00000000	473.029358	-0.00000000	-473.025238	-94.5910950	-0.00000000	-1244418.50	0.00000000	1418.97595	0.00000000	-0.267962832E-6
   30.5800	-0.00000000	573.722900	-0.00000000	-573.718384	-114.726707	-0.00000000	-1244418.50	0.00000000	1721.03381	0.00000000	-0.325004180E-6
   30.5900	-0.00000000	683.217590	-0.00000000	-683.212402	-136.622162	-0.00000000	-1244418.50	0.00000000	2049.49072	0.00000000	-0.387030781E-6
   30.6000	-0.00000000	801.513855	-0.00000000	-801.507874	-160.277756	-0.00000000	-1244418.50	0.00000000	2404.35205	0.00000000	-0.454043629E-6
   30.6100	-0.00000000	928.529114	-0.00000000	-928.522339	-185.676819	-0.00000000	-1244418.50	0.00000000	2785.36768	0.00000000	-0.525995517E-6
   30.6200	-0.00000000	1064.08789	-0.00000000	-1064.08057	-212.784531	-0.00000000	-1244418.50	0.00000000	3192.01416	0.00000000	-0.602787622E-6
   30.6300	-0.00000000	1207.94861	-0.00000000	-1207.93774	-241.551849	-0.00000000	-1244418.50	0.00000000	3623.55811	0.00000000	-0.684281417E-6
   30.6400	-0.00000000	1359.67480	-0.00000000	-1359.66565	-271.892731	-0.00000000	-1244418.50	0.00000000	4078.70605	0.00000000	-0.770232646E-6
   30.6500	-0.00000000	1518.81128	-0.00000000	-1518.79980	-303.715057	-0.00000000	-1244418.50	0.00000000	4556.07812	0.00000000	-0.860380794E-6
   30.6600	-0.00000000	1684.75598	-0.00000000	-1684.74268	-336.898804	-0.00000000	-1244418.50	0.00000000	5053.87256	0.00000000	-0.954385428E-6
   30.6700	-0.00000000	1856.78809	-0.00000000	-1856.77393	-371.299713	-0.00000000	-1244418.50	0.00000000	5569.92725	0.00000000	-0.105183835E-5
   30.6800	-0.00000000	2034.06384	-0.00000000	-2034.04785	-406.749329	-0.00000000	-1244418.50	0.00000000	6101.71094	0.00000000	-0.115226180E-5
   30.6900	-0.00000000	2215.61450	-0.00000000	-2215.59399	-443.053528	-0.00000000	-1244418.50	0.00000000	6646.31738	0.00000000	-0.125510655E-5
   30.7000	-0.00000000	2400.34009	-0.00000000	-2400.32129	-479.993164	-0.00000000	-1244418.50	0.00000000	7200.45361	0.00000000	-0.135975097E-5
   30.7100	-0.00000000	2587.05127	-0.00000000	-2587.03320	-517.329773	-0.00000000	-1244418.50	0.00000000	7760.54736	0.00000000	-0.146552043E-5
   30.7200	-0.00000000	2774.32349	-0.00000000	-2774.30127	-554.778137	-0.00000000	-1244418.50	0.00000000	8322.31738	0.00000000	-0.157160628E-5
   30.7300	-0.00000000	2960.70703	-0.00000000	-2960.68140	-592.048706	-0.00000000	-1244418.50	0.00000000	8881.41699	0.00000000	-0.167718804E-5
   30.7400	-0.00000000	3144.58496	-0.00000000	-3144.56177	-628.819153	-0.00000000	-1244418.50	0.00000000	9433.01562	0.00000000	-0.178135349E-5
   30.7500	-0.00000000	3324.23218	-0.00000000	-3324.20728	-664.743164	-0.00000000	-1244418.50	0.00000000	9971.91797	0.00000000	-0.188312106E-5
   30.7600	-0.00000000	3497.79663	-0.00000000	-3497.76929	-699.450562	-0.00000000	-1244418.50	0.00000000	10492.5674	0.00000000	-0.198144176E-5
   30.7700	-0.00000000	3663.31128	-0.00000000	-3663.28271	-732.548035	-0.00000000	-1244418.50	0.00000000	10989.0713	0.00000000	-0.207520247E-5
   30.7800	-0.00000000	3818.70532	-0.00000000	-3818.67700	-763.622559	-0.00000000	-1244418.50	0.00000000	11455.2227	0.00000000	-0.216323201E-5
   30.7900	-0.00000000	3961.81958	-0.00000000	-3961.78931	-792.240295	-0.00000000	-1244418.50	0.00000000	11884.5244	0.00000000	-0.224430210E-5
   30.8000	-0.00000000	4090.42212	-0.00000000	-4090.38501	-817.955811	-0.00000000	-1244418.50	0.00000000	12270.2852	0.00000000	-0.231715012E-5
   30.8100	-0.00000000	4202.11670	-0.00000000	-4202.08789	-840.292847	-0.00000000	-1244418.50	0.00000000	12605.3662	0.00000000	-0.238042776E-5
   30.8200	-0.00000000	4294.55713	-0.00000000	-4294.52588	-858.777832	-0.00000000	-1244418.50	0.00000000	12882.6660	0.00000000	-0.243279351E-5
   30.8300	-0.00000000	4365.29541	-0.00000000	-4365.26172	-872.922729	-0.00000000	-1244418.50	0.00000000	13094.8535	0.00000000	-0.247286380E-5
   30.8400	-0.00000000	4411.84570	-0.00000000	-4411.80859	-882.231323	-0.00000000	-1244418.50	0.00000000	13234.4922	0.00000000	-0.249923346E-5
   30.8500	-0.00000000	4431.71191	-0.00000000	-4431.67480	-886.204224	-0.00000000	-1244418.50	0.00000000	13294.0918	0.00000000	-0.251048823E-5
   30.8600	-0.00000000	4422.39893	-0.00000000	-4422.36670	-884.341858	-0.00000000	-1244418.50	0.00000000	13266.1553	0.00000000	-0.250521271E-5
   30.8700	-0.00000000	4381.42529	-0.00000000	-4381.38770	-876.148071	-0.00000000	-1244418.50	0.00000000	13143.2363	0.00000000	-0.248200035E-5
   30.8800	-0.00000000	4306.31787	-0.00000000	-4306.28760	-861.130310	-0.00000000	-1244418.50	0.00000000	12917.9502	0.00000000	-0.243945692E-5
   30.8900	-0.00000000	4194.73730	-0.00000000	-4194.70410	-838.816589	-0.00000000	-1244418.50	0.00000000	12583.2197	0.00000000	-0.237624545E-5
   30.9000	-0.00000000	4044.34375	-0.00000000	-4044.31421	-808.742859	-0.00000000	-1244418.50	0.00000000	12132.0820	0.00000000	-0.229105171E-5
   30.9100	-0.00000000	3852.94141	-0.00000000	-3852.91211	-770.468201	-0.00000000	-1244418.50	0.00000000	11557.9160	0.00000000	-0.218262471E-5
   30.9200	-0.00000000	3618.44116	-0.00000000	-3618.40942	-723.574829	-0.00000000	-1244418.50	0.00000000	10854.4629	0.00000000	-0.204978278E-5
   30.9300	-0.00000000	3338.89746	-0.00000000	-3338.87573	-667.675720	-0.00000000	-1244418.50	0.00000000	10015.9102	0.00000000	-0.189142861E-5
   30.9400	-0.00000000	3012.55469	-0.00000000	-3012.53198	-602.417236	-0.00000000	-1244418.50	0.00000000	9036.95801	0.00000000	-0.170656097E-5
   30.9500	-0.00000000	2637.83521	-0.00000000	-2637.81616	-527.485046	-0.00000000	-1244418.50	0.00000000	7912.88818	0.00000000	-0.149428888E-5
   30.9600	-0.00000000	2213.29883	-0.00000000	-2213.28369	-442.591034	-0.00000000	-1244418.50	0.00000000	6639.37793	0.00000000	-0.125379609E-5
   30.9700	-0.00000000	1737.99316	-0.00000000	-1737.98230	-347.544800	-0.00000000	-1244418.50	0.00000000	5213.57568	0.00000000	-0.984544158E-6
   30.9800	-0.00000000	1210.99878	-0.00000000	-1210.98840	-242.161911	-0.00000000	-1244418.50	0.00000000	3632.70923	0.00000000	-0.686009571E-6
   30.9900	-0.00000000	631.749329	-0.00000000	-631.743958	-126.330170	-0.00000000	-1244418.50	0.00000000	1895.09900	0.00000000	-0.357875081E-6
   31.0000	-0.00000000	0.256505754E-11	-0.00000000	-0.256503954E-11	-0.512932036E-12	-0.00000000	-1244418.50	0.00000000	0.769457501E-11	0.00000000	-0.145306200E-20
   31.0100	-0.00000000	-684.166870	-0.00000000	684.161926	136.812164	-0.00000000	-1244418.50	0.00000000	-2052.34082	0.00000000	0.387569031E-6
   31.0200	-0.00000000	-1420.31506	-0.00000000	1420.30334	284.018890	-0.00000000	-1244418.50	0.00000000	-4260.61230	0.00000000	0.804584317E-6
   31.0300	-0.00000000	-2207.63623	-0.00000000	2207.62036	441.458649	-0.00000000	-1244418.50	0.00000000	-6622.39062	0.00000000	0.125058830E-5
   31.0400	-0.00000000	-3044.93115	-0.00000000	3044.90869	608.891907	-0.00000000	-1244418.50	0.00000000	-9134.08496	0.00000000	0.172490252E-5
   31.0500	-0.00000000	-3930.77856	-0.00000000	3930.74707	786.032776	-0.00000000	-1244418.50	0.00000000	-11791.4033	0.00000000	0.222671702E-5
   31.0600	-0.00000000	-4862.80371	-0.00000000	4862.76465	972.409180	-0.00000000	-1244418.50	0.00000000	-14587.2666	0.00000000	0.275469461E-5
   31.0700	-0.00000000	-5838.72363	-0.00000000	5838.67920	1167.56335	-0.00000000	-1244418.50	0.00000000	-17514.8047	0.00000000	0.330753778E-5
   31.0800	-0.00000000	-6855.64404	-0.00000000	6855.58594	1370.91577	-0.00000000	-1244418.50	0.00000000	-20565.3242	0.00000000	0.388360559E-5
   31.0900	-0.00000000	-7910.20947	-0.00000000	7910.15918	1581.79712	-0.00000000	-1244418.50	0.00000000	-23728.7891	0.00000000	0.448100172E-5
   31.1000	-0.00000000	-8998.63867	-0.00000000	8998.56445	1799.44702	-0.00000000	-1244418.50	0.00000000	-26993.7910	0.00000000	0.509757228E-5
   31.1100	-0.00000000	-10116.6455	-0.00000000	10116.5703	2023.01355	-0.00000000	-1244418.50	0.00000000	-30347.5488	0.00000000	0.573090438E-5
   31.1200	-0.00000000	-11259.5244	-0.00000000	11259.4336	2251.55371	-0.00000000	-1244418.50	0.00000000	-33775.9141	0.00000000	0.637832500E-5
   31.1300	-0.00000000	-12422.3105	-0.00000000	12422.2217	2484.07739	-0.00000000	-1244418.50	0.00000000	-37264.0430	0.00000000	0.703703108E-5
   31.1400	-0.00000000	-13598.9746	-0.00000000	13598.8701	2719.37256	-0.00000000	-1244418.50	0.00000000	-40793.7422	0.00000000	0.770358838E-5
   31.1500	-0.00000000	-14783.6572	-0.00000000	14783.5420	2956.27222	-0.00000000	-1244418.50	0.00000000	-44347.5117	0.00000000	0.837469088E-5
   31.1600	-0.00000000	-15969.8975	-0.00000000	15969.7539	3193.48096	-0.00000000	-1244418.50	0.00000000	-47905.9141	0.00000000	0.904666831E-5
   31.1700	-0.00000000	-17150.7695	-0.00000000	17150.6309	3429.61963	-0.00000000	-1244418.50	0.00000000	-51448.2773	0.00000000	0.971561622E-5
   31.1800	-0.00000000	-18319.0312	-0.00000000	18318.8867	3663.23535	-0.00000000	-1244418.50	0.00000000	-54952.7656	0.00000000	0.103774128E-4
   31.1900	-0.00000000	-19467.0273	-0.00000000	19466.8613	3892.79590	-0.00000000	-1244418.50	0.00000000	-58396.4531	0.00000000	0.110277269E-4
   31.2000	-0.00000000	-20586.7500	-0.00000000	20586.5938	4116.70898	-0.00000000	-1244418.50	0.00000000	-61755.4102	0.00000000	0.116620404E-4
   31.2100	-0.00000000	-21670.1387	-0.00000000	21669.9805	4333.35645	-0.00000000	-1244418.50	0.00000000	-65005.3633	0.00000000	0.122757692E-4
   31.2200	-0.00000000	-22708.2344	-0.00000000	22708.0703	4540.94189	-0.00000000	-1244418.50	0.00000000	-68119.3906	0.00000000	0.128638303E-4
   31.2300	-0.00000000	-23692.4434	-0.00000000	23692.2637	4737.74902	-0.00000000	-1244418.50	0.00000000	-71071.7344	0.00000000	0.134213569E-4
   31.2400	-0.00000000	-24613.7402	-0.00000000	24613.5410	4921.97852	-0.00000000	-1244418.50	0.00000000	-73835.3828	0.00000000	0.139432514E-4
   31.2500	-0.00000000	-25463.0039	-0.00000000	25462.7734	5091.79980	-0.00000000	-1244418.50	0.00000000	-76382.9062	0.00000000	0.144243322E-4
   31.2600	-0.00000000	-26230.8926	-0.00000000	26230.6973	5245.36328	-0.00000000	-1244418.50	0.00000000	-78686.5312	0.00000000	0.148593545E-4
   31.2700	-0.00000000	-26908.2090	-0.00000000	26908.0156	5380.80615	-0.00000000	-1244418.50	0.00000000	-80718.3438	0.00000000	0.152430448E-4
   31.2800	-0.00000000	-27485.5918	-0.00000000	27485.4102	5496.26611	-0.00000000	-1244418.50	0.00000000	-82450.3594	0.00000000	0.155701255E-4
   31.2900	-0.00000000	-27953.7891	-0.00000000	27953.5996	5589.89258	-0.00000000	-1244418.50	0.00000000	-83854.8594	0.00000000	0.158353541E-4
   31.3000	-0.00000000	-28303.7402	-0.00000000	28303.5098	5659.86426	-0.00000000	-1244418.50	0.00000000	-84904.5156	0.00000000	0.160335749E-4
   31.3100	-0.00000000	-28526.2324	-0.00000000	28526.0195	5704.35986	-0.00000000	-1244418.50	0.00000000	-85572.0078	0.00000000	0.161596236E-4
   31.3200	-0.00000000	-28612.6875	-0.00000000	28612.4629	5721.64111	-0.00000000	-1244418.50	0.00000000	-85831.2578	0.00000000	0.162085817E-4
   31.3300	-0.00000000	-28554.5723	-0.00000000	28554.3223	5710.02246	-0.00000000	-1244418.50	0.00000000	-85656.9609	0.00000000	0.161756652E-4
   31.3400	-0.00000000	-28343.7988	-0.00000000	28343.5957	5667.88037	-0.00000000	-1244418.50	0.00000000	-85024.7734	0.00000000	0.160562831E-4
   31.3500	-0.00000000	-27972.7559	-0.00000000	27972.5762	5593.68213	-0.00000000	-1244418.50	0.00000000	-83911.7031	0.00000000	0.158460898E-4
   31.3600	-0.00000000	-27434.2129	-0.00000000	27433.9922	5485.98877	-0.00000000	-1244418.50	0.00000000	-82296.1875	0.00000000	0.155410107E-4
   31.3700	-0.00000000	-26721.5430	-0.00000000	26721.3379	5343.47607	-0.00000000	-1244418.50	0.00000000	-80158.3359	0.00000000	0.151372933E-4
   31.3800	-0.00000000	-25828.5625	-0.00000000	25828.3574	5164.90771	-0.00000000	-1244418.50	0.00000000	-77479.5938	0.00000000	0.146314342E-4
   31.3900	-0.00000000	-24750.2734	-0.00000000	24750.0859	4949.28564	-0.00000000	-1244418.50	0.00000000	-74245.0312	0.00000000	0.140206103E-4
   31.4000	-0.00000000	-23482.0176	-0.00000000	23481.8086	4695.66748	-0.00000000	-1244418.50	0.00000000	-70440.4609	0.00000000	0.133021467E-4
   31.4100	-0.00000000	-22019.9395	-0.00000000	22019.7832	4403.30371	-0.00000000	-1244418.50	0.00000000	-66054.6641	0.00000000	0.124739217E-4
   31.4200	-0.00000000	-20361.2305	-0.00000000	20361.1055	4071.61719	-0.00000000	-1244418.50	0.00000000	-61078.9844	0.00000000	0.115343018E-4
   31.4300	-0.00000000	-18503.9805	-0.00000000	18503.8398	3700.22070	-0.00000000	-1244418.50	0.00000000	-55507.6016	0.00000000	0.104821893E-4
   31.4400	-0.00000000	-16447.2070	-0.00000000	16447.0723	3288.92456	-0.00000000	-1244418.50	0.00000000	-49337.6953	0.00000000	0.931704926E-5
   31.4500	-0.00000000	-14190.9629	-0.00000000	14190.8545	2837.75024	-0.00000000	-1244418.50	0.00000000	-42569.5391	0.00000000	0.803893454E-5
   31.4600	-0.00000000	-11736.0068	-0.00000000	11735.9111	2346.83447	-0.00000000	-1244418.50	0.00000000	-35205.2422	0.00000000	0.664824256E-5
   31.4700	-0.00000000	-9085.57715	-0.00000000	9085.50391	1816.83325	-0.00000000	-1244418.50	0.00000000	-27254.6035	0.00000000	0.514682506E-5
   31.4800	-0.00000000	-6242.75586	-0.00000000	6242.70459	1248.35583	-0.00000000	-1244418.50	0.00000000	-18726.7852	0.00000000	0.353641121E-5
   31.4900	-0.00000000	-3212.23462	-0.00000000	3212.21069	642.347107	-0.00000000	-1244418.50	0.00000000	-9635.95020	0.00000000	0.181967607E-5
   31.5000	-0.00000000	-0.193010070E-10	-0.00000000	0.193008717E-10	0.385960231E-11	-0.00000000	-1244418.50	0.00000000	-0.578985089E-10	0.00000000	0.109336935E-19
   31.5100	-0.00000000	3386.72266	-0.00000000	-3386.69360	-677.238403	-0.00000000	-1244418.50	0.00000000	10159.3623	0.00000000	-0.191851836E-5
   31.5200	-0.00000000	6939.38281	-0.00000000	-6939.33594	-1387.66199	-0.00000000	-1244418.50	0.00000000	20816.5391	0.00000000	-0.393104528E-5
   31.5300	-0.00000000	10648.1875	-0.00000000	-10648.1016	-2129.30542	-0.00000000	-1244418.50	0.00000000	31942.0488	0.00000000	-0.603201352E-5
   31.5400	-0.00000000	14501.9668	-0.00000000	-14501.8467	-2899.94067	-0.00000000	-1244418.50	0.00000000	43502.4648	0.00000000	-0.821511094E-5
   31.5500	-0.00000000	18489.0488	-0.00000000	-18488.9102	-3697.23438	-0.00000000	-1244418.50	0.00000000	55462.7891	0.00000000	-0.104737273E-4
   31.5600	-0.00000000	22594.1875	-0.00000000	-22594.0000	-4518.13184	-0.00000000	-1244418.50	0.00000000	67777.2266	0.00000000	-0.127992143E-4
   31.5700	-0.00000000	26803.0977	-0.00000000	-26802.8789	-5359.78271	-0.00000000	-1244418.50	0.00000000	80402.9531	0.00000000	-0.151834874E-4
   31.5800	-0.00000000	31099.4961	-0.00000000	-31099.2285	-6218.92725	-0.00000000	-1244418.50	0.00000000	93291.1328	0.00000000	-0.176173216E-4
   31.5900	-0.00000000	35465.8789	-0.00000000	-35465.5859	-7092.06982	-0.00000000	-1244418.50	0.00000000	106389.273	0.00000000	-0.200908053E-4
   31.6000	-0.00000000	39883.5156	-0.00000000	-39883.2461	-7975.46777	-0.00000000	-1244418.50	0.00000000	119641.266	0.00000000	-0.225933454E-4
   31.6100	-0.00000000	44332.7344	-0.00000000	-44332.3555	-8865.15820	-0.00000000	-1244418.50	0.00000000	132987.656	0.00000000	-0.251137099E-4
   31.6200	-0.00000000	48792.3555	-0.00000000	-48792.0625	-9756.96191	-0.00000000	-1244418.50	0.00000000	146365.750	0.00000000	-0.276400606E-4
   31.6300	-0.00000000	53241.6172	-0.00000000	-53241.1797	-10646.6611	-0.00000000	-1244418.50	0.00000000	159712.250	0.00000000	-0.301604468E-4
   31.6400	-0.00000000	57655.6328	-0.00000000	-57655.2734	-11529.3447	-0.00000000	-1244418.50	0.00000000	172953.531	0.00000000	-0.326609625E-4
   31.6500	-0.00000000	62011.8984	-0.00000000	-62011.3789	-12400.4385	-0.00000000	-1244418.50	0.00000000	186020.953	0.00000000	-0.351286471E-4
   31.6600	-0.00000000	66285.4844	-0.00000000	-66285.0312	-13255.0410	-0.00000000	-1244418.50	0.00000000	198840.984	0.00000000	-0.375496093E-4
   31.6700	-0.00000000	70451.5625	-0.00000000	-70451.0234	-14088.1182	-0.00000000	-1244418.50	0.00000000	211338.125	0.00000000	-0.399095989E-4
   31.6800	-0.00000000	74484.1953	-0.00000000	-74483.6250	-14894.5234	-0.00000000	-1244418.50	0.00000000	223435.125	0.00000000	-0.421940276E-4
   31.6900	-0.00000000	78357.2344	-0.00000000	-78356.6250	-15669.0107	-0.00000000	-1244418.50	0.00000000	235053.328	0.00000000	-0.443880381E-4
   31.7000	-0.00000000	82044.2109	-0.00000000	-82043.4688	-16406.2773	-0.00000000	-1244418.50	0.00000000	246113.203	0.00000000	-0.464766090E-4
   31.7100	-0.00000000	85518.7500	-0.00000000	-85518.1016	-17101.0938	-0.00000000	-1244418.50	0.00000000	256536.234	0.00000000	-0.484449229E-4
   31.7200	-0.00000000	88753.0000	-0.00000000	-88752.2578	-17747.8262	-0.00000000	-1244418.50	0.00000000	266238.000	0.00000000	-0.502770235E-4
   31.7300	-0.00000000	91720.5312	-0.00000000	-91719.8828	-18341.2539	-0.00000000	-1244418.50	0.00000000	275140.094	0.00000000	-0.519581117E-4
   31.7400	-0.00000000	94394.9766	-0.00000000	-94394.1797	-18876.0508	-0.00000000	-1244418.50	0.00000000	283162.656	0.00000000	-0.534731189E-4
   31.7500	-0.00000000	96749.9766	-0.00000000	-96749.2031	-19346.9648	-0.00000000	-1244418.50	0.00000000	290226.938	0.00000000	-0.548071475E-4
   31.7600	-0.00000000	98759.5156	-0.00000000	-98758.7812	-19748.8398	-0.00000000	-1244418.50	0.00000000	296255.500	0.00000000	-0.559456021E-4
   31.7700	-0.00000000	100398.859	-0.00000000	-100397.992	-20076.6484	-0.00000000	-1244418.50	0.00000000	301173.031	0.00000000	-0.568742398E-4
   31.7800	-0.00000000	101643.555	-0.00000000	-101642.734	-20325.5254	-0.00000000	-1244418.50	0.00000000	304906.438	0.00000000	-0.575792692E-4
   31.7900	-0.00000000	102469.852	-0.00000000	-102469.141	-20490.7910	-0.00000000	-1244418.50	0.00000000	307385.625	0.00000000	-0.580474443E-4
   31.8000	-0.00000000	102856.094	-0.00000000	-102855.102	-20568.0020	-0.00000000	-1244418.50	0.00000000	308543.875	0.00000000	-0.582661669E-4
   31.8100	-0.00000000	102780.586	-0.00000000	-102779.812	-20552.9258	-0.00000000	-1244418.50	0.00000000	308317.688	0.00000000	-0.582234534E-4
   31.8200	-0.00000000	102224.297	-0.00000000	-102223.500	-20441.6680	-0.00000000	-1244418.50	0.00000000	306648.719	0.00000000	-0.579082844E-4
   31.8300	-0.00000000	101168.953	-0.00000000	-101168.148	-20230.6348	-0.00000000	-1244418.50	0.00000000	303483.062	0.00000000	-0.573104699E-4
   31.8400	-0.00000000	99598.3828	-0.00000000	-99597.6953	-19916.5859	-0.00000000	-1244418.50	0.00000000	298771.906	0.00000000	-0.564208021E-4
   31.8500	-0.00000000	97498.3125	-0.00000000	-97497.6328	-19496.6426	-0.00000000	-1244418.50	0.00000000	292472.250	0.00000000	-0.552311649E-4
   31.8600	-0.00000000	94856.4922	-0.00000000	-94855.7812	-18968.3457	-0.00000000	-1244418.50	0.00000000	284547.188	0.00000000	-0.537345732E-4
   31.8700	-0.00000000	91662.5547	-0.00000000	-91661.8828	-18329.6680	-0.00000000	-1244418.50	0.00000000	274966.312	0.00000000	-0.519252972E-4
   31.8800	-0.00000000	87908.1016	-0.00000000	-87907.5000	-17578.9004	-0.00000000	-1244418.50	0.00000000	263703.844	0.00000000	-0.497984729E-4
   31.8900	-0.00000000	83589.2500	-0.00000000	-83588.6328	-16715.2480	-0.00000000	-1244418.50	0.00000000	250748.094	0.00000000	-0.473518739E-4
   31.9000	-0.00000000	78702.3828	-0.00000000	-78701.7109	-15738.0186	-0.00000000	-1244418.50	0.00000000	236088.500	0.00000000	-0.445835212E-4
   31.9100	-0.00000000	73247.3594	-0.00000000	-73246.7812	-14647.1826	-0.00000000	-1244418.50	0.00000000	219724.734	0.00000000	-0.414933493E-4
   31.9200	-0.00000000	67226.8125	-0.00000000	-67226.3516	-13443.2764	-0.00000000	-1244418.50	0.00000000	201664.719	0.00000000	-0.380828496E-4
   31.9300	-0.00000000	60646.3438	-0.00000000	-60645.9609	-12127.3926	-0.00000000	-1244418.50	0.00000000	181924.953	0.00000000	-0.343551474E-4
   31.9400	-0.00000000	53514.5352	-0.00000000	-53514.0703	-10701.2344	-0.00000000	-1244418.50	0.00000000	160530.906	0.00000000	-0.303150446E-4
   31.9500	-0.00000000	45842.6094	-0.00000000	-45842.2383	-9167.09180	-0.00000000	-1244418.50	0.00000000	137517.000	0.00000000	-0.259690405E-4
   31.9600	-0.00000000	37643.5977	-0.00000000	-37643.3672	-7527.55420	-0.00000000	-1244418.50	0.00000000	112922.055	0.00000000	-0.213244730E-4
   31.9700	-0.00000000	28938.4141	-0.00000000	-28938.2031	-5786.78320	-0.00000000	-1244418.50	0.00000000	86808.4766	0.00000000	-0.163931199E-4
   31.9800	-0.00000000	19746.2617	-0.00000000	-19746.0938	-3948.63623	-0.00000000	-1244418.50	0.00000000	59234.1172	0.00000000	-0.111859135E-4
   31.9900	-0.00000000	10091.0693	-0.00000000	-10090.9951	-2017.90076	-0.00000000	-1244418.50	0.00000000	30270.8535	0.00000000	-0.571642067E-5
   32.0000	-0.00000000	0.802980113E-10	-0.00000000	-0.802974146E-10	-0.160571001E-10	-0.00000000	-1244418.50	0.00000000	0.240875181E-9	0.00000000	-0.454874438E-19
   32.0100	-0.00000000	-10498.8145	-0.00000000	10498.7295	2099.43481	-0.00000000	-1244418.50	0.00000000	-31493.9551	0.00000000	0.594739458E-5
   32.0200	-0.00000000	-21365.8281	-0.00000000	21365.6484	4272.49805	-0.00000000	-1244418.50	0.00000000	-64092.4297	0.00000000	0.121033690E-4
   32.0300	-0.00000000	-32573.0605	-0.00000000	32572.8066	6513.59180	-0.00000000	-1244418.50	0.00000000	-97711.4297	0.00000000	0.184520613E-4
   32.0400	-0.00000000	-44072.5078	-0.00000000	44072.1797	8813.12793	-0.00000000	-1244418.50	0.00000000	-132207.141	0.00000000	0.249663153E-4
   32.0500	-0.00000000	-55830.7930	-0.00000000	55830.3711	11164.4238	-0.00000000	-1244418.50	0.00000000	-167479.328	0.00000000	0.316271980E-4
   32.0600	-0.00000000	-67794.0312	-0.00000000	67793.4766	13556.6924	-0.00000000	-1244418.50	0.00000000	-203366.078	0.00000000	0.384041414E-4
   32.0700	-0.00000000	-79923.4688	-0.00000000	79922.8984	15982.2139	-0.00000000	-1244418.50	0.00000000	-239751.750	0.00000000	0.452752975E-4
   32.0800	-0.00000000	-92159.9922	-0.00000000	92159.2422	18429.1211	-0.00000000	-1244418.50	0.00000000	-276458.219	0.00000000	0.522070331E-4
   32.0900	-0.00000000	-104460.117	-0.00000000	104459.258	20888.7656	-0.00000000	-1244418.50	0.00000000	-313355.750	0.00000000	0.591748503E-4
   32.1000	-0.00000000	-116764.508	-0.00000000	116763.633	23349.2695	-0.00000000	-1244418.50	0.00000000	-350266.156	0.00000000	0.661451049E-4
   32.1100	-0.00000000	-129011.906	-0.00000000	129010.898	25798.3672	-0.00000000	-1244418.50	0.00000000	-387005.344	0.00000000	0.730830288E-4
   32.1200	-0.00000000	-141152.891	-0.00000000	141151.875	28226.1953	-0.00000000	-1244418.50	0.00000000	-423425.688	0.00000000	0.799607296E-4
   32.1300	-0.00000000	-153118.297	-0.00000000	153117.234	30618.9297	-0.00000000	-1244418.50	0.00000000	-459319.438	0.00000000	0.867389826E-4
   32.1400	-0.00000000	-164856.141	-0.00000000	164854.828	32966.0820	-0.00000000	-1244418.50	0.00000000	-494529.438	0.00000000	0.933881311E-4
   32.1500	-0.00000000	-176294.359	-0.00000000	176293.047	35253.3828	-0.00000000	-1244418.50	0.00000000	-528841.625	0.00000000	0.998677206E-4
   32.1600	-0.00000000	-187378.734	-0.00000000	187377.297	37469.9258	-0.00000000	-1244418.50	0.00000000	-562092.312	0.00000000	0.106146865E-3
   32.1700	-0.00000000	-198040.875	-0.00000000	198039.531	39602.0312	-0.00000000	-1244418.50	0.00000000	-594076.438	0.00000000	0.112186819E-3
   32.1800	-0.00000000	-208212.953	-0.00000000	208211.625	41636.1523	-0.00000000	-1244418.50	0.00000000	-624590.625	0.00000000	0.117949196E-3
   32.1900	-0.00000000	-217839.062	-0.00000000	217837.266	43561.0195	-0.00000000	-1244418.50	0.00000000	-653465.750	0.00000000	0.123402046E-3
   32.2000	-0.00000000	-226847.453	-0.00000000	226845.656	45362.4375	-0.00000000	-1244418.50	0.00000000	-680489.062	0.00000000	0.128505199E-3
   32.2100	-0.00000000	-235182.422	-0.00000000	235180.797	47029.1797	-0.00000000	-1244418.50	0.00000000	-705492.250	0.00000000	0.133226858E-3
   32.2200	-0.00000000	-242775.797	-0.00000000	242773.984	48547.5859	-0.00000000	-1244418.50	0.00000000	-728270.125	0.00000000	0.137528288E-3
   32.2300	-0.00000000	-249572.312	-0.00000000	249570.500	49906.7188	-0.00000000	-1244418.50	0.00000000	-748658.500	0.00000000	0.141378478E-3
   32.2400	-0.00000000	-255508.422	-0.00000000	255506.094	51093.6953	-0.00000000	-1244418.50	0.00000000	-766464.562	0.00000000	0.144741018E-3
   32.2500	-0.00000000	-260531.094	-0.00000000	260528.891	52098.0664	-0.00000000	-1244418.50	0.00000000	-781531.562	0.00000000	0.147586295E-3
   32.2600	-0.00000000	-264583.406	-0.00000000	264581.031	52908.4023	-0.00000000	-1244418.50	0.00000000	-793687.438	0.00000000	0.149881846E-3
   32.2700	-0.00000000	-267612.438	-0.00000000	267610.219	53514.1328	-0.00000000	-1244418.50	0.00000000	-802774.125	0.00000000	0.151597807E-3
   32.2800	-0.00000000	-269571.438	-0.00000000	269569.375	53905.9414	-0.00000000	-1244418.50	0.00000000	-808651.438	0.00000000	0.152707697E-3
   32.2900	-0.00000000	-270413.938	-0.00000000	270412.156	54074.3789	-0.00000000	-1244418.50	0.00000000	-811178.375	0.00000000	0.153184883E-3
   32.3000	-0.00000000	-270097.906	-0.00000000	270096.000	54011.2266	-0.00000000	-1244418.50	0.00000000	-810231.062	0.00000000	0.153005982E-3
   32.3100	-0.00000000	-268586.281	-0.00000000	268584.312	53708.9219	-0.00000000	-1244418.50	0.00000000	-805696.125	0.00000000	0.152149587E-3
   32.3200	-0.00000000	-265843.875	-0.00000000	265841.938	53160.5352	-0.00000000	-1244418.50	0.00000000	-797469.625	0.00000000	0.150596083E-3
   32.3300	-0.00000000	-261843.828	-0.00000000	261842.047	52360.6328	-0.00000000	-1244418.50	0.00000000	-785470.125	0.00000000	0.148330073E-3
   32.3400	-0.00000000	-256559.031	-0.00000000	256557.156	51303.8164	-0.00000000	-1244418.50	0.00000000	-769616.812	0.00000000	0.145336278E-3
   32.3500	-0.00000000	-249971.219	-0.00000000	249969.531	49986.4688	-0.00000000	-1244418.50	0.00000000	-749854.875	0.00000000	0.141604411E-3
   32.3600	-0.00000000	-242070.422	-0.00000000	242068.500	48406.5586	-0.00000000	-1244418.50	0.00000000	-726154.562	0.00000000	0.137128780E-3
   32.3700	-0.00000000	-232842.422	-0.00000000	232840.797	46561.2383	-0.00000000	-1244418.50	0.00000000	-698472.625	0.00000000	0.131901252E-3
   32.3800	-0.00000000	-222292.062	-0.00000000	222290.406	44451.4922	-0.00000000	-1244418.50	0.00000000	-666823.938	0.00000000	0.125924649E-3
   32.3900	-0.00000000	-210415.000	-0.00000000	210413.469	42076.4688	-0.00000000	-1244418.50	0.00000000	-631195.750	0.00000000	0.119196535E-3
   32.4000	-0.00000000	-197230.406	-0.00000000	197228.844	39439.9414	-0.00000000	-1244418.50	0.00000000	-591644.875	0.00000000	0.111727648E-3
   32.4100	-0.00000000	-182744.531	-0.00000000	182743.141	36543.2227	-0.00000000	-1244418.50	0.00000000	-548190.688	0.00000000	0.103521656E-3
   32.4200	-0.00000000	-166984.766	-0.00000000	166983.469	33391.7578	-0.00000000	-1244418.50	0.00000000	-500915.031	0.00000000	0.945940046E-4
   32.4300	-0.00000000	-149987.359	-0.00000000	149986.281	29992.8203	-0.00000000	-1244418.50	0.00000000	-449927.094	0.00000000	0.849653152E-4
   32.4400	-0.00000000	-131775.328	-0.00000000	131774.172	26350.9434	-0.00000000	-1244418.50	0.00000000	-395294.719	0.00000000	0.746484075E-4
   32.4500	-0.00000000	-112404.945	-0.00000000	112403.914	22477.4629	-0.00000000	-1244418.50	0.00000000	-337188.094	0.00000000	0.636754048E-4
   32.4600	-0.00000000	-91910.4531	-0.00000000	91909.8594	18379.2402	-0.00000000	-1244418.50	0.00000000	-275709.906	0.00000000	0.520657268E-4
   32.4700	-0.00000000	-70363.7812	-0.00000000	70363.1953	14070.5625	-0.00000000	-1244418.50	0.00000000	-211074.750	0.00000000	0.398598640E-4
   32.4800	-0.00000000	-47810.5508	-0.00000000	47810.2227	9560.62891	-0.00000000	-1244418.50	0.00000000	-143420.516	0.00000000	0.270838755E-4
   32.4900	-0.00000000	-24336.8340	-0.00000000	24336.6582	4866.60938	-0.00000000	-1244418.50	0.00000000	-73004.7891	0.00000000	0.137863999E-4
   32.5000	-0.00000000	-0.241037190E-9	-0.00000000	0.241035275E-9	0.481999232E-10	-0.00000000	-1244418.50	0.00000000	-0.723054894E-9	0.00000000	0.136543427E-18
   32.5100	-0.00000000	25110.0098	-0.00000000	-25109.8359	-5021.22363	-0.00000000	-1244418.50	0.00000000	75324.1797	0.00000000	-0.142243989E-4
   32.5200	-0.00000000	50895.7227	-0.00000000	-50895.3164	-10177.5596	-0.00000000	-1244418.50	0.00000000	152675.172	0.00000000	-0.288315496E-4
   32.5300	-0.00000000	77283.8984	-0.00000000	-77283.2188	-15454.3594	-0.00000000	-1244418.50	0.00000000	231833.312	0.00000000	-0.437799608E-4
   32.5400	-0.00000000	104155.570	-0.00000000	-104154.883	-20827.8867	-0.00000000	-1244418.50	0.00000000	312442.438	0.00000000	-0.590023810E-4
   32.5500	-0.00000000	131427.906	-0.00000000	-131426.859	-26281.4980	-0.00000000	-1244418.50	0.00000000	394252.938	0.00000000	-0.744516728E-4
   32.5600	-0.00000000	158971.484	-0.00000000	-158970.188	-31789.3301	-0.00000000	-1244418.50	0.00000000	476876.812	0.00000000	-0.900545638E-4
   32.5700	-0.00000000	186693.875	-0.00000000	-186692.328	-37332.9609	-0.00000000	-1244418.50	0.00000000	560037.625	0.00000000	-0.105758860E-3
   32.5800	-0.00000000	214457.125	-0.00000000	-214455.562	-42884.7305	-0.00000000	-1244418.50	0.00000000	643320.688	0.00000000	-0.121486228E-3
   32.5900	-0.00000000	242160.984	-0.00000000	-242159.281	-48424.6836	-0.00000000	-1244418.50	0.00000000	726426.438	0.00000000	-0.137180119E-3
   32.6000	-0.00000000	269671.312	-0.00000000	-269669.438	-53925.9023	-0.00000000	-1244418.50	0.00000000	808950.812	0.00000000	-0.152764231E-3
   32.6100	-0.00000000	296850.406	-0.00000000	-296848.375	-59360.8867	-0.00000000	-1244418.50	0.00000000	890482.000	0.00000000	-0.168160768E-3
   32.6200	-0.00000000	323590.156	-0.00000000	-323587.812	-64707.9453	-0.00000000	-1244418.50	0.00000000	970694.312	0.00000000	-0.183308250E-3
   32.6300	-0.00000000	349738.781	-0.00000000	-349736.438	-69936.8672	-0.00000000	-1244418.50	0.00000000	1049134.25	0.00000000	-0.198121023E-3
   32.6400	-0.00000000	375184.719	-0.00000000	-375181.500	-75025.2031	-0.00000000	-1244418.50	0.00000000	1125465.25	0.00000000	-0.212535568E-3
   32.6500	-0.00000000	399775.031	-0.00000000	-399772.094	-79942.5234	-0.00000000	-1244418.50	0.00000000	1199230.75	0.00000000	-0.226465621E-3
   32.6600	-0.00000000	423396.375	-0.00000000	-423393.281	-84666.0781	-0.00000000	-1244418.50	0.00000000	1270089.38	0.00000000	-0.239846733E-3
   32.6700	-0.00000000	445906.656	-0.00000000	-445903.031	-89167.4062	-0.00000000	-1244418.50	0.00000000	1337614.62	0.00000000	-0.252598373E-3
   32.6800	-0.00000000	467166.844	-0.00000000	-467163.750	-93418.8828	-0.00000000	-1244418.50	0.00000000	1401391.75	0.00000000	-0.264642178E-3
   32.6900	-0.00000000	487064.469	-0.00000000	-487061.031	-97397.7734	-0.00000000	-1244418.50	0.00000000	1461079.62	0.00000000	-0.275913771E-3
   32.7000	-0.00000000	505457.688	-0.00000000	-505454.062	-101075.805	-0.00000000	-1244418.50	0.00000000	1516254.12	0.00000000	-0.286333088E-3
   32.7100	-0.00000000	522236.750	-0.00000000	-522232.156	-104431.031	-0.00000000	-1244418.50	0.00000000	1566586.38	0.00000000	-0.295837963E-3
   32.7200	-0.00000000	537267.688	-0.00000000	-537264.438	-107436.922	-0.00000000	-1244418.50	0.00000000	1611678.62	0.00000000	-0.304353278E-3
   32.7300	-0.00000000	550449.438	-0.00000000	-550445.625	-110072.758	-0.00000000	-1244418.50	0.00000000	1651219.38	0.00000000	-0.311820215E-3
   32.7400	-0.00000000	561659.688	-0.00000000	-561654.812	-112314.375	-0.00000000	-1244418.50	0.00000000	1684846.12	0.00000000	-0.318170380E-3
   32.7500	-0.00000000	570801.938	-0.00000000	-570797.438	-114142.633	-0.00000000	-1244418.50	0.00000000	1712271.88	0.00000000	-0.323349552E-3
   32.7600	-0.00000000	577773.875	-0.00000000	-577769.312	-115536.773	-0.00000000	-1244418.50	0.00000000	1733185.75	0.00000000	-0.327298971E-3
   32.7700	-0.00000000	582482.750	-0.00000000	-582478.250	-116478.398	-0.00000000	-1244418.50	0.00000000	1747311.25	0.00000000	-0.329966453E-3
   32.7800	-0.00000000	584848.062	-0.00000000	-584842.625	-116951.305	-0.00000000	-1244418.50	0.00000000	1754405.12	0.00000000	-0.331306102E-3
   32.7900	-0.00000000	584791.125	-0.00000000	-584786.375	-116940.055	-0.00000000	-1244418.50	0.00000000	1754236.25	0.00000000	-0.331274205E-3
   32.8000	-0.00000000	582246.312	-0.00000000	-582242.125	-116431.148	-0.00000000	-1244418.50	0.00000000	1746602.25	0.00000000	-0.329832576E-3
   32.8100	-0.00000000	577156.375	-0.00000000	-577152.125	-115413.391	-0.00000000	-1244418.50	0.00000000	1731334.75	0.00000000	-0.326949434E-3
   32.8200	-0.00000000	569471.000	-0.00000000	-569466.750	-113876.430	-0.00000000	-1244418.50	0.00000000	1708278.50	0.00000000	-0.322595442E-3
   32.8300	-0.00000000	559155.875	-0.00000000	-559151.312	-111813.688	-0.00000000	-1244418.50	0.00000000	1677335.00	0.00000000	-0.316751975E-3
   32.8400	-0.00000000	546176.125	-0.00000000	-546172.125	-109218.250	-0.00000000	-1244418.50	0.00000000	1638400.25	0.00000000	-0.309399475E-3
   32.8500	-0.00000000	530519.125	-0.00000000	-530515.438	-106087.375	-0.00000000	-1244418.50	0.00000000	1591433.38	0.00000000	-0.300530111E-3
   32.8600	-0.00000000	512187.375	-0.00000000	-512183.906	-102421.625	-0.00000000	-1244418.50	0.00000000	1536443.00	0.00000000	-0.290145603E-3
   32.8700	-0.00000000	491174.000	-0.00000000	-491170.219	-98219.4609	-0.00000000	-1244418.50	0.00000000	1473405.88	0.00000000	-0.278241525E-3
   32.8800	-0.00000000	467511.906	-0.00000000	-467508.625	-93487.8750	-0.00000000	-1244418.50	0.00000000	1402426.75	0.00000000	-0.264837639E-3
   32.8900	-0.00000000	441215.688	-0.00000000	-441212.906	-88229.4219	-0.00000000	-1244418.50	0.00000000	1323543.62	0.00000000	-0.249941164E-3
   32.9000	-0.00000000	412347.438	-0.00000000	-412344.438	-82456.6562	-0.00000000	-1244418.50	0.00000000	1236945.62	0.00000000	-0.233587780E-3
   32.9100	-0.00000000	380941.750	-0.00000000	-380938.562	-76176.4219	-0.00000000	-1244418.50	0.00000000	1142734.88	0.00000000	-0.215796783E-3
   32.9200	-0.00000000	347075.500	-0.00000000	-347073.219	-69404.3516	-0.00000000	-1244418.50	0.00000000	1041145.75	0.00000000	-0.196612469E-3
   32.9300	-0.00000000	310846.531	-0.00000000	-310844.094	-62159.6016	-0.00000000	-1244418.50	0.00000000	932466.000	0.00000000	-0.176089132E-3
   32.9400	-0.00000000	272318.188	-0.00000000	-272316.219	-54455.1875	-0.00000000	-1244418.50	0.00000000	816891.000	0.00000000	-0.154263646E-3
   32.9500	-0.00000000	231627.281	-0.00000000	-231625.359	-46318.2422	-0.00000000	-1244418.50	0.00000000	694827.438	0.00000000	-0.131212888E-3
   32.9600	-0.00000000	188860.156	-0.00000000	-188858.781	-37766.1445	-0.00000000	-1244418.50	0.00000000	566535.875	0.00000000	-0.106986001E-3
   32.9700	-0.00000000	144179.516	-0.00000000	-144178.406	-28831.4180	-0.00000000	-1244418.50	0.00000000	432504.719	0.00000000	-0.816752363E-4
   32.9800	-0.00000000	97693.6484	-0.00000000	-97692.9219	-19535.6973	-0.00000000	-1244418.50	0.00000000	293058.062	0.00000000	-0.553417922E-4
   32.9900	-0.00000000	49591.1055	-0.00000000	-49590.6797	-9916.67480	-0.00000000	-1244418.50	0.00000000	148761.625	0.00000000	-0.280925051E-4
   33.0000	-0.00000000	0.587773052E-9	-0.00000000	-0.587768723E-9	-0.117536342E-9	-0.00000000	-1244418.50	0.00000000	0.176318160E-8	0.00000000	-0.332963461E-18
   33.0100	-0.00000000	-50886.8203	-0.00000000	50886.4141	10175.7754	-0.00000000	-1244418.50	0.00000000	-152648.422	0.00000000	0.288264982E-4
   33.0200	-0.00000000	-102863.578	-0.00000000	102862.883	20569.5254	-0.00000000	-1244418.50	0.00000000	-308566.750	0.00000000	0.582704852E-4
   33.0300	-0.00000000	-155775.797	-0.00000000	155774.500	31150.2793	-0.00000000	-1244418.50	0.00000000	-467290.312	0.00000000	0.882442255E-4
   33.0400	-0.00000000	-209378.719	-0.00000000	209377.125	41869.2461	-0.00000000	-1244418.50	0.00000000	-628087.250	0.00000000	0.118609503E-3
   33.0500	-0.00000000	-263502.000	-0.00000000	263500.406	52692.2461	-0.00000000	-1244418.50	0.00000000	-790444.750	0.00000000	0.149269501E-3
   33.0600	-0.00000000	-317885.594	-0.00000000	317883.062	63567.1953	-0.00000000	-1244418.50	0.00000000	-953581.750	0.00000000	0.180076677E-3
   33.0700	-0.00000000	-372344.156	-0.00000000	372341.469	74457.2344	-0.00000000	-1244418.50	0.00000000	-1116944.75	0.00000000	0.210926533E-3
   33.0800	-0.00000000	-426604.688	-0.00000000	426601.500	85307.6562	-0.00000000	-1244418.50	0.00000000	-1279713.75	0.00000000	0.241664224E-3
   33.0900	-0.00000000	-480472.188	-0.00000000	480468.344	96079.4609	-0.00000000	-1244418.50	0.00000000	-1441303.38	0.00000000	0.272179197E-3
   33.1000	-0.00000000	-533684.688	-0.00000000	533680.188	106720.305	-0.00000000	-1244418.50	0.00000000	-1600928.25	0.00000000	0.302323140E-3
   33.1100	-0.00000000	-585978.438	-0.00000000	585974.125	117177.461	-0.00000000	-1244418.50	0.00000000	-1757797.62	0.00000000	0.331946736E-3
   33.1200	-0.00000000	-637147.188	-0.00000000	637143.000	127409.719	-0.00000000	-1244418.50	0.00000000	-1911293.50	0.00000000	0.360933278E-3
   33.1300	-0.00000000	-686906.875	-0.00000000	686901.500	137359.938	-0.00000000	-1244418.50	0.00000000	-2060558.62	0.00000000	0.389120862E-3
   33.1400	-0.00000000	-735046.438	-0.00000000	735041.438	146986.406	-0.00000000	-1244418.50	0.00000000	-2204966.50	0.00000000	0.416391209E-3
   33.1500	-0.00000000	-781284.188	-0.00000000	781278.500	156232.578	-0.00000000	-1244418.50	0.00000000	-2343670.00	0.00000000	0.442584278E-3
   33.1600	-0.00000000	-825413.000	-0.00000000	825406.438	165056.906	-0.00000000	-1244418.50	0.00000000	-2476045.00	0.00000000	0.467582286E-3
   33.1700	-0.00000000	-867173.938	-0.00000000	867166.688	173407.594	-0.00000000	-1244418.50	0.00000000	-2601315.00	0.00000000	0.491238607E-3
   33.1800	-0.00000000	-906315.250	-0.00000000	906308.438	181234.891	-0.00000000	-1244418.50	0.00000000	-2718733.00	0.00000000	0.513412117E-3
   33.1900	-0.00000000	-942638.438	-0.00000000	942631.812	188498.484	-0.00000000	-1244418.50	0.00000000	-2827695.75	0.00000000	0.533988874E-3
   33.2000	-0.00000000	-975894.312	-0.00000000	975886.562	195148.484	-0.00000000	-1244418.50	0.00000000	-2927453.50	0.00000000	0.552827376E-3
   33.2100	-0.00000000	-1005890.56	-0.00000000	1005883.50	201146.781	-0.00000000	-1244418.50	0.00000000	-3017435.00	0.00000000	0.569819706E-3
   33.2200	-0.00000000	-1032399.50	-0.00000000	1032391.56	206447.656	-0.00000000	-1244418.50	0.00000000	-3096954.00	0.00000000	0.584836293E-3
   33.2300	-0.00000000	-1055243.50	-0.00000000	1055236.38	211015.922	-0.00000000	-1244418.50	0.00000000	-3165483.75	0.00000000	0.597777602E-3
   33.2400	-0.00000000	-1074222.75	-0.00000000	1074215.00	214811.156	-0.00000000	-1244418.50	0.00000000	-3222416.75	0.00000000	0.608528906E-3
   33.2500	-0.00000000	-1089178.88	-0.00000000	1089170.62	217801.891	-0.00000000	-1244418.50	0.00000000	-3267281.50	0.00000000	0.617001264E-3
   33.2600	-0.00000000	-1099942.62	-0.00000000	1099935.25	219954.547	-0.00000000	-1244418.50	0.00000000	-3299573.50	0.00000000	0.623099389E-3
   33.2700	-0.00000000	-1106371.25	-0.00000000	1106364.38	221240.062	-0.00000000	-1244418.50	0.00000000	-3318857.50	0.00000000	0.626741035E-3
   33.2800	-0.00000000	-1108339.75	-0.00000000	1108331.25	221633.344	-0.00000000	-1244418.50	0.00000000	-3324757.50	0.00000000	0.627855188E-3
   33.2900	-0.00000000	-1105730.38	-0.00000000	1105722.00	221111.672	-0.00000000	-1244418.50	0.00000000	-3316931.50	0.00000000	0.626377354E-3
   33.3000	-0.00000000	-1098448.00	-0.00000000	1098439.38	219655.391	-0.00000000	-1244418.50	0.00000000	-3295086.00	0.00000000	0.622251944E-3
   33.3100	-0.00000000	-1086418.25	-0.00000000	1086410.88	217250.000	-0.00000000	-1244418.50	0.00000000	-3259002.25	0.00000000	0.615437806E-3
   33.3200	-0.00000000	-1069576.12	-0.00000000	1069568.38	213881.906	-0.00000000	-1244418.50	0.00000000	-3208476.25	0.00000000	0.605896406E-3
   33.3300	-0.00000000	-1047890.19	-0.00000000	1047882.00	209545.453	-0.00000000	-1244418.50	0.00000000	-3143424.75	0.00000000	0.593611912E-3
   33.3400	-0.00000000	-1021328.06	-0.00000000	1021319.44	204233.641	-0.00000000	-1244418.50	0.00000000	-3063741.00	0.00000000	0.578564242E-3
   33.3500	-0.00000000	-989892.438	-0.00000000	989884.875	197947.641	-0.00000000	-1244418.50	0.00000000	-2969444.00	0.00000000	0.560757006E-3
   33.3600	-0.00000000	-953623.875	-0.00000000	953615.250	190694.969	-0.00000000	-1244418.50	0.00000000	-2860645.75	0.00000000	0.540211273E-3
   33.3700	-0.00000000	-912534.375	-0.00000000	912527.812	182478.469	-0.00000000	-1244418.50	0.00000000	-2737388.75	0.00000000	0.516935077E-3
   33.3800	-0.00000000	-866721.562	-0.00000000	866714.875	173317.328	-0.00000000	-1244418.50	0.00000000	-2599961.00	0.00000000	0.490982900E-3
   33.3900	-0.00000000	-816235.625	-0.00000000	816228.875	163221.766	-0.00000000	-1244418.50	0.00000000	-2448515.50	0.00000000	0.462383585E-3
   33.4000	-0.00000000	-761222.938	-0.00000000	761217.312	152220.969	-0.00000000	-1244418.50	0.00000000	-2283490.75	0.00000000	0.431219873E-3
   33.4100	-0.00000000	-701772.562	-0.00000000	701766.750	140332.594	-0.00000000	-1244418.50	0.00000000	-2105151.25	0.00000000	0.397541880E-3
   33.4200	-0.00000000	-638053.125	-0.00000000	638048.500	127590.836	-0.00000000	-1244418.50	0.00000000	-1914010.38	0.00000000	0.361446320E-3
   33.4300	-0.00000000	-570268.500	-0.00000000	570264.375	114035.898	-0.00000000	-1244418.50	0.00000000	-1710671.00	0.00000000	0.323047221E-3
   33.4400	-0.00000000	-498558.625	-0.00000000	498554.656	99696.1875	-0.00000000	-1244418.50	0.00000000	-1495558.50	0.00000000	0.282424851E-3
   33.4500	-0.00000000	-423194.812	-0.00000000	423191.750	84625.8359	-0.00000000	-1244418.50	0.00000000	-1269485.62	0.00000000	0.239732719E-3
   33.4600	-0.00000000	-344355.719	-0.00000000	344353.438	68860.4844	-0.00000000	-1244418.50	0.00000000	-1032987.19	0.00000000	0.195071771E-3
   33.4700	-0.00000000	-262357.281	-0.00000000	262355.469	52463.3164	-0.00000000	-1244418.50	0.00000000	-787010.500	0.00000000	0.148620966E-3
   33.4800	-0.00000000	-177412.141	-0.00000000	177410.781	35476.9102	-0.00000000	-1244418.50	0.00000000	-532194.812	0.00000000	0.100500947E-3
   33.4900	-0.00000000	-89878.0781	-0.00000000	89877.3359	17972.8066	-0.00000000	-1244418.50	0.00000000	-269612.906	0.00000000	0.509143538E-4
   33.5000	-0.00000000	-0.124034916E-8	-0.00000000	0.124033905E-8	0.248031123E-9	-0.00000000	-1244418.50	0.00000000	-0.372075459E-8	0.00000000	0.702636267E-18
   33.5100	-0.00000000	91861.7500	-0.00000000	-91861.1406	-18369.4980	-0.00000000	-1244418.50	0.00000000	275563.750	0.00000000	-0.520381218E-4
   33.5200	-0.00000000	185327.312	-0.00000000	-185326.156	-37059.7227	-0.00000000	-1244418.50	0.00000000	555938.750	0.00000000	-0.104984822E-3
   33.5300	-0.00000000	280111.250	-0.00000000	-280108.938	-56013.4844	-0.00000000	-1244418.50	0.00000000	840267.312	0.00000000	-0.158678100E-3
   33.5400	-0.00000000	375769.688	-0.00000000	-375766.531	-75142.1953	-0.00000000	-1244418.50	0.00000000	1127220.12	0.00000000	-0.212866958E-3
   33.5500	-0.00000000	471993.469	-0.00000000	-471989.688	-94383.9453	-0.00000000	-1244418.50	0.00000000	1415868.75	0.00000000	-0.267376075E-3
   33.5600	-0.00000000	568316.125	-0.00000000	-568311.688	-113645.562	-0.00000000	-1244418.50	0.00000000	1704815.00	0.00000000	-0.321941363E-3
   33.5700	-0.00000000	664409.250	-0.00000000	-664404.688	-132861.312	-0.00000000	-1244418.50	0.00000000	1993073.88	0.00000000	-0.376376847E-3
   33.5800	-0.00000000	759792.375	-0.00000000	-759786.500	-151934.797	-0.00000000	-1244418.50	0.00000000	2279198.25	0.00000000	-0.430409273E-3
   33.5900	-0.00000000	854121.812	-0.00000000	-854114.250	-170797.609	-0.00000000	-1244418.50	0.00000000	2562162.00	0.00000000	-0.483844866E-3
   33.6000	-0.00000000	946940.188	-0.00000000	-946932.438	-189358.531	-0.00000000	-1244418.50	0.00000000	2840597.50	0.00000000	-0.536425272E-3
   33.6100	-0.00000000	1037794.38	-0.00000000	-1037785.62	-207526.500	-0.00000000	-1244418.50	0.00000000	3113138.25	0.00000000	-0.587892544E-3
   33.6200	-0.00000000	1126329.88	-0.00000000	-1126321.00	-225230.938	-0.00000000	-1244418.50	0.00000000	3378725.00	0.00000000	-0.638046593E-3
   33.6300	-0.00000000	1212060.25	-0.00000000	-1212049.88	-242374.250	-0.00000000	-1244418.50	0.00000000	3635895.25	0.00000000	-0.686611224E-3
   33.6400	-0.00000000	1294632.25	-0.00000000	-1294622.25	-258886.078	-0.00000000	-1244418.50	0.00000000	3883591.00	0.00000000	-0.733386667E-3
   33.6500	-0.00000000	1373568.38	-0.00000000	-1373558.62	-274671.062	-0.00000000	-1244418.50	0.00000000	4120384.75	0.00000000	-0.778103364E-3
   33.6600	-0.00000000	1448528.12	-0.00000000	-1448516.25	-289660.344	-0.00000000	-1244418.50	0.00000000	4345241.50	0.00000000	-0.820565852E-3
   33.6700	-0.00000000	1519077.12	-0.00000000	-1519064.50	-303767.969	-0.00000000	-1244418.50	0.00000000	4556872.00	0.00000000	-0.860530708E-3
   33.6800	-0.00000000	1584804.38	-0.00000000	-1584794.88	-316912.031	-0.00000000	-1244418.50	0.00000000	4754048.50	0.00000000	-0.897765975E-3
   33.6900	-0.00000000	1645393.12	-0.00000000	-1645380.38	-329027.469	-0.00000000	-1244418.50	0.00000000	4935794.00	0.00000000	-0.932087190E-3
   33.7000	-0.00000000	1700432.12	-0.00000000	-1700417.00	-340033.125	-0.00000000	-1244418.50	0.00000000	5100891.50	0.00000000	-0.963264611E-3
   33.7100	-0.00000000	1749615.75	-0.00000000	-1749602.88	-349868.688	-0.00000000	-1244418.50	0.00000000	5248436.00	0.00000000	-0.991127221E-3
   33.7200	-0.00000000	1792584.62	-0.00000000	-1792570.62	-358461.156	-0.00000000	-1244418.50	0.00000000	5377333.00	0.00000000	-0.101546850E-2
   33.7300	-0.00000000	1829066.25	-0.00000000	-1829051.62	-365756.188	-0.00000000	-1244418.50	0.00000000	5486767.00	0.00000000	-0.103613432E-2
   33.7400	-0.00000000	1858745.62	-0.00000000	-1858729.88	-371690.969	-0.00000000	-1244418.50	0.00000000	5575794.50	0.00000000	-0.105294655E-2
   33.7500	-0.00000000	1881381.25	-0.00000000	-1881366.75	-376217.750	-0.00000000	-1244418.50	0.00000000	5643702.50	0.00000000	-0.106577040E-2
   33.7600	-0.00000000	1896725.88	-0.00000000	-1896711.38	-379286.281	-0.00000000	-1244418.50	0.00000000	5689734.50	0.00000000	-0.107446313E-2
   33.7700	-0.00000000	1904569.75	-0.00000000	-1904554.00	-380854.375	-0.00000000	-1244418.50	0.00000000	5713256.50	0.00000000	-0.107890519E-2
   33.7800	-0.00000000	1904727.88	-0.00000000	-1904712.75	-380886.031	-0.00000000	-1244418.50	0.00000000	5713730.50	0.00000000	-0.107899471E-2
   33.7900	-0.00000000	1897047.12	-0.00000000	-1897032.00	-379350.281	-0.00000000	-1244418.50	0.00000000	5690695.00	0.00000000	-0.107464450E-2
   33.8000	-0.00000000	1881397.62	-0.00000000	-1881383.88	-376221.250	-0.00000000	-1244418.50	0.00000000	5643754.50	0.00000000	-0.106578029E-2
   33.8100	-0.00000000	1857699.38	-0.00000000	-1857687.00	-371482.250	-0.00000000	-1244418.50	0.00000000	5572663.50	0.00000000	-0.105235528E-2
   33.8200	-0.00000000	1825871.12	-0.00000000	-1825858.00	-365117.469	-0.00000000	-1244418.50	0.00000000	5477185.50	0.00000000	-0.103432487E-2
   33.8300	-0.00000000	1785907.12	-0.00000000	-1785894.00	-357125.938	-0.00000000	-1244418.50	0.00000000	5357303.00	0.00000000	-0.101168605E-2
   33.8400	-0.00000000	1737785.25	-0.00000000	-1737773.25	-347502.969	-0.00000000	-1244418.50	0.00000000	5212946.50	0.00000000	-0.984425424E-3
   33.8500	-0.00000000	1681554.62	-0.00000000	-1681542.75	-336258.625	-0.00000000	-1244418.50	0.00000000	5044268.50	0.00000000	-0.952571863E-3
   33.8600	-0.00000000	1617318.75	-0.00000000	-1617306.62	-323413.562	-0.00000000	-1244418.50	0.00000000	4851578.50	0.00000000	-0.916183752E-3
   33.8700	-0.00000000	1545140.38	-0.00000000	-1545127.75	-308979.719	-0.00000000	-1244418.50	0.00000000	4635054.50	0.00000000	-0.875294791E-3
   33.8800	-0.00000000	1465214.38	-0.00000000	-1465203.12	-292997.344	-0.00000000	-1244418.50	0.00000000	4395300.00	0.00000000	-0.830018951E-3
   33.8900	-0.00000000	1377666.50	-0.00000000	-1377655.50	-275490.344	-0.00000000	-1244418.50	0.00000000	4132675.00	0.00000000	-0.780424278E-3
   33.9000	-0.00000000	1282777.12	-0.00000000	-1282766.62	-256515.312	-0.00000000	-1244418.50	0.00000000	3848027.00	0.00000000	-0.726670725E-3
   33.9100	-0.00000000	1180725.00	-0.00000000	-1180716.50	-236108.344	-0.00000000	-1244418.50	0.00000000	3541899.00	0.00000000	-0.668860739E-3
   33.9200	-0.00000000	1071834.00	-0.00000000	-1071825.00	-214333.438	-0.00000000	-1244418.50	0.00000000	3215249.50	0.00000000	-0.607175461E-3
   33.9300	-0.00000000	956469.938	-0.00000000	-956461.750	-191264.031	-0.00000000	-1244418.50	0.00000000	2869182.25	0.00000000	-0.541823276E-3
   33.9400	-0.00000000	834895.125	-0.00000000	-834889.688	-166953.219	-0.00000000	-1244418.50	0.00000000	2504491.75	0.00000000	-0.472954271E-3
   33.9500	-0.00000000	707596.750	-0.00000000	-707590.375	-141497.109	-0.00000000	-1244418.50	0.00000000	2122620.50	0.00000000	-0.400840770E-3
   33.9600	-0.00000000	574888.562	-0.00000000	-574884.125	-114959.828	-0.00000000	-1244418.50	0.00000000	1724530.75	0.00000000	-0.325664529E-3
   33.9700	-0.00000000	437325.438	-0.00000000	-437322.125	-87451.4609	-0.00000000	-1244418.50	0.00000000	1311873.12	0.00000000	-0.247737276E-3
   33.9800	-0.00000000	295279.250	-0.00000000	-295276.938	-59046.6680	-0.00000000	-1244418.50	0.00000000	885768.438	0.00000000	-0.167270642E-3
   33.9900	-0.00000000	149363.703	-0.00000000	-149362.516	-29868.0898	-0.00000000	-1244418.50	0.00000000	448056.000	0.00000000	-0.846119801E-4
   34.0000	-0.00000000	0.235219089E-8	-0.00000000	-0.235217157E-8	-0.470364747E-9	-0.00000000	-1244418.50	0.00000000	0.705601577E-8	0.00000000	-0.133247506E-17
   34.0100	-0.00000000	-152201.922	-0.00000000	152200.562	30435.6133	-0.00000000	-1244418.50	0.00000000	-456569.469	0.00000000	0.862196830E-4
   34.0200	-0.00000000	-306603.188	-0.00000000	306600.719	61311.0859	-0.00000000	-1244418.50	0.00000000	-919737.375	0.00000000	0.173685417E-3
   34.0300	-0.00000000	-462723.938	-0.00000000	462720.156	92530.3672	-0.00000000	-1244418.50	0.00000000	-1388063.12	0.00000000	0.262125162E-3
   34.0400	-0.00000000	-619828.312	-0.00000000	619823.812	123946.422	-0.00000000	-1244418.50	0.00000000	-1859340.00	0.00000000	0.351122260E-3
   34.0500	-0.00000000	-777404.750	-0.00000000	777399.375	155456.797	-0.00000000	-1244418.50	0.00000000	-2332032.25	0.00000000	0.440386590E-3
   34.0600	-0.00000000	-934686.812	-0.00000000	934679.938	186908.406	-0.00000000	-1244418.50	0.00000000	-2803842.75	0.00000000	0.529484416E-3
   34.0700	-0.00000000	-1091138.50	-0.00000000	1091130.88	218193.938	-0.00000000	-1244418.50	0.00000000	-3273161.50	0.00000000	0.618111750E-3
   34.0800	-0.00000000	-1245978.75	-0.00000000	1245967.50	249156.641	-0.00000000	-1244418.50	0.00000000	-3737638.25	0.00000000	0.705824641E-3
   34.0900	-0.00000000	-1398648.88	-0.00000000	1398638.00	279686.125	-0.00000000	-1244418.50	0.00000000	-4195616.50	0.00000000	0.792310282E-3
   34.1000	-0.00000000	-1548421.12	-0.00000000	1548407.88	309635.812	-0.00000000	-1244418.50	0.00000000	-4644895.50	0.00000000	0.877153245E-3
   34.1100	-0.00000000	-1694563.25	-0.00000000	1694551.00	338859.938	-0.00000000	-1244418.50	0.00000000	-5083291.50	0.00000000	0.959941011E-3
   34.1200	-0.00000000	-1836519.00	-0.00000000	1836505.62	367246.688	-0.00000000	-1244418.50	0.00000000	-5509126.00	0.00000000	0.104035658E-2
   34.1300	-0.00000000	-1973514.00	-0.00000000	1973500.50	394641.438	-0.00000000	-1244418.50	0.00000000	-5920079.50	0.00000000	0.111796206E-2
   34.1400	-0.00000000	-2104996.25	-0.00000000	2104982.00	420933.969	-0.00000000	-1244418.50	0.00000000	-6314499.00	0.00000000	0.119244517E-2
   34.1500	-0.00000000	-2230222.50	-0.00000000	2230205.00	445975.281	-0.00000000	-1244418.50	0.00000000	-6690146.00	0.00000000	0.126338331E-2
   34.1600	-0.00000000	-2348657.25	-0.00000000	2348637.25	469658.281	-0.00000000	-1244418.50	0.00000000	-7045419.00	0.00000000	0.133047393E-2
   34.1700	-0.00000000	-2459633.25	-0.00000000	2459615.50	491850.250	-0.00000000	-1244418.50	0.00000000	-7378324.00	0.00000000	0.139334064E-2
   34.1800	-0.00000000	-2562526.75	-0.00000000	2562509.00	512425.688	-0.00000000	-1244418.50	0.00000000	-7686979.50	0.00000000	0.145162770E-2
   34.1900	-0.00000000	-2656840.75	-0.00000000	2656822.00	531285.688	-0.00000000	-1244418.50	0.00000000	-7969901.50	0.00000000	0.150505535E-2
   34.2000	-0.00000000	-2741963.75	-0.00000000	2741942.00	548307.438	-0.00000000	-1244418.50	0.00000000	-8225246.50	0.00000000	0.155327539E-2
   34.2100	-0.00000000	-2817441.50	-0.00000000	2817421.75	563400.688	-0.00000000	-1244418.50	0.00000000	-8451663.00	0.00000000	0.159603241E-2
   34.2200	-0.00000000	-2882736.50	-0.00000000	2882712.50	576457.125	-0.00000000	-1244418.50	0.00000000	-8647526.00	0.00000000	0.163301954E-2
   34.2300	-0.00000000	-2937442.00	-0.00000000	2937418.25	587397.000	-0.00000000	-1244418.50	0.00000000	-8811636.00	0.00000000	0.166401058E-2
   34.2400	-0.00000000	-2981108.25	-0.00000000	2981084.50	596128.750	-0.00000000	-1244418.50	0.00000000	-8942623.00	0.00000000	0.168874639E-2
   34.2500	-0.00000000	-3013393.25	-0.00000000	3013370.25	602584.688	-0.00000000	-1244418.50	0.00000000	-9039468.00	0.00000000	0.170703500E-2
   34.2600	-0.00000000	-3033940.25	-0.00000000	3033916.00	606693.438	-0.00000000	-1244418.50	0.00000000	-9101105.00	0.00000000	0.171867455E-2
   34.2700	-0.00000000	-3042464.25	-0.00000000	3042436.25	608397.438	-0.00000000	-1244418.50	0.00000000	-9126666.00	0.00000000	0.172350160E-2
   34.2800	-0.00000000	-3038715.50	-0.00000000	3038690.50	607648.125	-0.00000000	-1244418.50	0.00000000	-9115426.00	0.00000000	0.172137900E-2
   34.2900	-0.00000000	-3022504.75	-0.00000000	3022481.00	604406.812	-0.00000000	-1244418.50	0.00000000	-9066801.00	0.00000000	0.171219662E-2
   34.3000	-0.00000000	-2993670.50	-0.00000000	2993646.00	598640.625	-0.00000000	-1244418.50	0.00000000	-8980305.00	0.00000000	0.169586227E-2
   34.3100	-0.00000000	-2952131.00	-0.00000000	2952108.25	590334.062	-0.00000000	-1244418.50	0.00000000	-8855695.00	0.00000000	0.167233089E-2
   34.3200	-0.00000000	-2897805.25	-0.00000000	2897785.00	579471.188	-0.00000000	-1244418.50	0.00000000	-8692739.00	0.00000000	0.164155778E-2
   34.3300	-0.00000000	-2830744.75	-0.00000000	2830721.50	566060.312	-0.00000000	-1244418.50	0.00000000	-8491561.00	0.00000000	0.160356681E-2
   34.3400	-0.00000000	-2750943.50	-0.00000000	2750923.25	550103.312	-0.00000000	-1244418.50	0.00000000	-8252187.50	0.00000000	0.155836286E-2
   34.3500	-0.00000000	-2658544.00	-0.00000000	2658523.00	531626.000	-0.00000000	-1244418.50	0.00000000	-7975007.00	0.00000000	0.150601950E-2
   34.3600	-0.00000000	-2553748.00	-0.00000000	2553730.50	510670.562	-0.00000000	-1244418.50	0.00000000	-7660651.50	0.00000000	0.144665584E-2
   34.3700	-0.00000000	-2436704.00	-0.00000000	2436682.75	487264.438	-0.00000000	-1244418.50	0.00000000	-7309531.00	0.00000000	0.138034951E-2
   34.3800	-0.00000000	-2307758.75	-0.00000000	2307743.00	461480.250	-0.00000000	-1244418.50	0.00000000	-6922739.50	0.00000000	0.130730681E-2
   34.3900	-0.00000000	-2167158.75	-0.00000000	2167142.25	433364.156	-0.00000000	-1244418.50	0.00000000	-6500965.00	0.00000000	0.122765789E-2
   34.4000	-0.00000000	-2015380.88	-0.00000000	2015366.25	403013.531	-0.00000000	-1244418.50	0.00000000	-6045671.00	0.00000000	0.114167901E-2
   34.4100	-0.00000000	-1852753.12	-0.00000000	1852737.12	370492.656	-0.00000000	-1244418.50	0.00000000	-5557820.50	0.00000000	0.104955211E-2
   34.4200	-0.00000000	-1679810.25	-0.00000000	1679796.88	335909.688	-0.00000000	-1244418.50	0.00000000	-5039034.00	0.00000000	0.951583381E-3
   34.4300	-0.00000000	-1497168.00	-0.00000000	1497157.12	299387.031	-0.00000000	-1244418.50	0.00000000	-4491153.00	0.00000000	0.848120078E-3
   34.4400	-0.00000000	-1305271.75	-0.00000000	1305263.00	261013.969	-0.00000000	-1244418.50	0.00000000	-3915511.50	0.00000000	0.739414652E-3
   34.4500	-0.00000000	-1104906.75	-0.00000000	1104898.62	220947.078	-0.00000000	-1244418.50	0.00000000	-3314461.50	0.00000000	0.625910936E-3
   34.4600	-0.00000000	-896599.062	-0.00000000	896592.750	179291.938	-0.00000000	-1244418.50	0.00000000	-2689586.50	0.00000000	0.507908000E-3
   34.4700	-0.00000000	-681232.438	-0.00000000	681227.562	136225.375	-0.00000000	-1244418.50	0.00000000	-2043538.62	0.00000000	0.385906751E-3
   34.4800	-0.00000000	-459412.438	-0.00000000	459408.719	91868.1484	-0.00000000	-1244418.50	0.00000000	-1378128.75	0.00000000	0.260249159E-3
   34.4900	-0.00000000	-232111.203	-0.00000000	232109.438	46414.9844	-0.00000000	-1244418.50	0.00000000	-696278.562	0.00000000	0.131486930E-3
   34.5000	-0.00000000	-0.410732204E-8	-0.00000000	0.410729006E-8	0.821336499E-9	-0.00000000	-1244418.50	0.00000000	-0.123209984E-7	0.00000000	0.232672713E-17
   34.5100	-0.00000000	235960.453	-0.00000000	-235958.547	-47184.7031	-0.00000000	-1244418.50	0.00000000	707825.375	0.00000000	-0.133667447E-3
   34.5200	-0.00000000	474770.625	-0.00000000	-474766.906	-94939.3281	-0.00000000	-1244418.50	0.00000000	1424200.12	0.00000000	-0.268949370E-3
   34.5300	-0.00000000	715680.250	-0.00000000	-715674.938	-143113.781	-0.00000000	-1244418.50	0.00000000	2146872.75	0.00000000	-0.405420637E-3
   34.5400	-0.00000000	957548.688	-0.00000000	-957542.812	-191480.062	-0.00000000	-1244418.50	0.00000000	2872423.00	0.00000000	-0.542435271E-3
   34.5500	-0.00000000	1199586.00	-0.00000000	-1199576.25	-239879.750	-0.00000000	-1244418.50	0.00000000	3598474.50	0.00000000	-0.679544581E-3
   34.5600	-0.00000000	1440611.75	-0.00000000	-1440600.12	-288077.562	-0.00000000	-1244418.50	0.00000000	4321497.50	0.00000000	-0.816082000E-3
   34.5700	-0.00000000	1679807.88	-0.00000000	-1679796.75	-335909.344	-0.00000000	-1244418.50	0.00000000	5039029.00	0.00000000	-0.951582449E-3
   34.5800	-0.00000000	1915978.50	-0.00000000	-1915964.25	-383135.938	-0.00000000	-1244418.50	0.00000000	5747483.50	0.00000000	-0.108536868E-2
   34.5900	-0.00000000	2148284.50	-0.00000000	-2148270.00	-429590.344	-0.00000000	-1244418.50	0.00000000	6444353.50	0.00000000	-0.121696712E-2
   34.6000	-0.00000000	2375622.25	-0.00000000	-2375604.25	-475050.656	-0.00000000	-1244418.50	0.00000000	7126310.00	0.00000000	-0.134574948E-2
   34.6100	-0.00000000	2596892.50	-0.00000000	-2596874.75	-519297.781	-0.00000000	-1244418.50	0.00000000	7790069.00	0.00000000	-0.147109537E-2
   34.6200	-0.00000000	2811260.00	-0.00000000	-2811241.25	-562164.625	-0.00000000	-1244418.50	0.00000000	8433121.00	0.00000000	-0.159253099E-2
   34.6300	-0.00000000	3017571.50	-0.00000000	-3017551.00	-603420.688	-0.00000000	-1244418.50	0.00000000	9052009.00	0.00000000	-0.170940312E-2
   34.6400	-0.00000000	3215013.00	-0.00000000	-3214988.25	-642902.375	-0.00000000	-1244418.50	0.00000000	9644281.00	0.00000000	-0.182124926E-2
   34.6500	-0.00000000	3402478.00	-0.00000000	-3402449.75	-680389.500	-0.00000000	-1244418.50	0.00000000	10206631.0	0.00000000	-0.192744471E-2
   34.6600	-0.00000000	3579182.25	-0.00000000	-3579156.25	-715725.500	-0.00000000	-1244418.50	0.00000000	10736711.0	0.00000000	-0.202754652E-2
   34.6700	-0.00000000	3744164.25	-0.00000000	-3744133.00	-748716.062	-0.00000000	-1244418.50	0.00000000	11231611.0	0.00000000	-0.212100428E-2
   34.6800	-0.00000000	3896497.75	-0.00000000	-3896469.00	-779178.562	-0.00000000	-1244418.50	0.00000000	11688584.0	0.00000000	-0.220730016E-2
   34.6900	-0.00000000	4035484.00	-0.00000000	-4035449.75	-806971.125	-0.00000000	-1244418.50	0.00000000	12105501.0	0.00000000	-0.228603208E-2
   34.7000	-0.00000000	4160234.00	-0.00000000	-4160201.50	-831916.812	-0.00000000	-1244418.50	0.00000000	12479716.0	0.00000000	-0.235669967E-2
   34.7100	-0.00000000	4270104.50	-0.00000000	-4270069.50	-853887.875	-0.00000000	-1244418.50	0.00000000	12809306.0	0.00000000	-0.241894042E-2
   34.7200	-0.00000000	4364330.00	-0.00000000	-4364299.00	-872731.062	-0.00000000	-1244418.50	0.00000000	13091975.0	0.00000000	-0.247232034E-2
   34.7300	-0.00000000	4442363.00	-0.00000000	-4442333.50	-888334.812	-0.00000000	-1244418.50	0.00000000	13326053.0	0.00000000	-0.251652393E-2
   34.7400	-0.00000000	4503567.50	-0.00000000	-4503529.50	-900572.812	-0.00000000	-1244418.50	0.00000000	13509636.0	0.00000000	-0.255119218E-2
   34.7500	-0.00000000	4547474.00	-0.00000000	-4547436.50	-909352.562	-0.00000000	-1244418.50	0.00000000	13641341.0	0.00000000	-0.257606385E-2
   34.7600	-0.00000000	4573605.00	-0.00000000	-4573566.50	-914578.250	-0.00000000	-1244418.50	0.00000000	13719735.0	0.00000000	-0.259086769E-2
   34.7700	-0.00000000	4581586.50	-0.00000000	-4581553.50	-916174.812	-0.00000000	-1244418.50	0.00000000	13743687.0	0.00000000	-0.259539089E-2
   34.7800	-0.00000000	4571109.50	-0.00000000	-4571077.00	-914080.438	-0.00000000	-1244418.50	0.00000000	13712266.0	0.00000000	-0.258945744E-2
   34.7900	-0.00000000	4541952.00	-0.00000000	-4541915.50	-908248.875	-0.00000000	-1244418.50	0.00000000	13624786.0	0.00000000	-0.257293717E-2
   34.8000	-0.00000000	4493915.00	-0.00000000	-4493876.50	-898641.875	-0.00000000	-1244418.50	0.00000000	13480672.0	0.00000000	-0.254572229E-2
   34.8100	-0.00000000	4426930.00	-0.00000000	-4426899.00	-885248.625	-0.00000000	-1244418.50	0.00000000	13279755.0	0.00000000	-0.250778091E-2
   34.8200	-0.00000000	4340955.00	-0.00000000	-4340923.00	-868056.250	-0.00000000	-1244418.50	0.00000000	13021849.0	0.00000000	-0.245907740E-2
   34.8300	-0.00000000	4236110.00	-0.00000000	-4236073.50	-847089.562	-0.00000000	-1244418.50	0.00000000	12707323.0	0.00000000	-0.239968160E-2
   34.8400	-0.00000000	4112452.25	-0.00000000	-4112419.50	-822362.000	-0.00000000	-1244418.50	0.00000000	12336384.0	0.00000000	-0.232963241E-2
   34.8500	-0.00000000	3970242.50	-0.00000000	-3970210.00	-793924.375	-0.00000000	-1244418.50	0.00000000	11909787.0	0.00000000	-0.224907277E-2
   34.8600	-0.00000000	3809848.50	-0.00000000	-3809815.25	-761850.438	-0.00000000	-1244418.50	0.00000000	11428638.0	0.00000000	-0.215821178E-2
   34.8700	-0.00000000	3631522.00	-0.00000000	-3631493.50	-726191.562	-0.00000000	-1244418.50	0.00000000	10893714.0	0.00000000	-0.205719541E-2
   34.8800	-0.00000000	3435869.00	-0.00000000	-3435844.00	-687067.188	-0.00000000	-1244418.50	0.00000000	10306804.0	0.00000000	-0.194636174E-2
   34.8900	-0.00000000	3223279.00	-0.00000000	-3223253.50	-644555.312	-0.00000000	-1244418.50	0.00000000	9669076.00	0.00000000	-0.182593160E-2
   34.9000	-0.00000000	2994521.50	-0.00000000	-2994499.50	-598811.125	-0.00000000	-1244418.50	0.00000000	8982861.00	0.00000000	-0.169634505E-2
   34.9100	-0.00000000	2750123.00	-0.00000000	-2750101.25	-549938.938	-0.00000000	-1244418.50	0.00000000	8249722.00	0.00000000	-0.155789731E-2
   34.9200	-0.00000000	2490929.25	-0.00000000	-2490908.75	-498108.125	-0.00000000	-1244418.50	0.00000000	7472199.50	0.00000000	-0.141106814E-2
   34.9300	-0.00000000	2217889.50	-0.00000000	-2217872.50	-443508.875	-0.00000000	-1244418.50	0.00000000	6653148.00	0.00000000	-0.125639641E-2
   34.9400	-0.00000000	1931704.38	-0.00000000	-1931688.25	-386280.469	-0.00000000	-1244418.50	0.00000000	5794655.00	0.00000000	-0.109427667E-2
   34.9500	-0.00000000	1633566.12	-0.00000000	-1633552.38	-326662.125	-0.00000000	-1244418.50	0.00000000	4900310.50	0.00000000	-0.925386499E-3
   34.9600	-0.00000000	1324286.38	-0.00000000	-1324276.62	-264816.094	-0.00000000	-1244418.50	0.00000000	3972548.75	0.00000000	-0.750185689E-3
   34.9700	-0.00000000	1005204.62	-0.00000000	-1005196.12	-201009.531	-0.00000000	-1244418.50	0.00000000	3015376.25	0.00000000	-0.569430937E-3
   34.9800	-0.00000000	677232.062	-0.00000000	-677226.875	-135425.359	-0.00000000	-1244418.50	0.00000000	2031537.75	0.00000000	-0.383640465E-3
   34.9900	-0.00000000	341829.438	-0.00000000	-341826.594	-68355.2109	-0.00000000	-1244418.50	0.00000000	1025407.38	0.00000000	-0.193640401E-3
   35.0000	-0.00000000	0.671443834E-8	-0.00000000	-0.671437972E-8	-0.134267697E-8	-0.00000000	-1244418.50	0.00000000	0.201417105E-7	0.00000000	-0.380360931E-17
   35.0100	-0.00000000	-346826.969	-0.00000000	346824.406	69354.6250	-0.00000000	-1244418.50	0.00000000	-1040400.00	0.00000000	0.196471636E-3
   35.0200	-0.00000000	-697173.625	-0.00000000	697168.812	139413.078	-0.00000000	-1244418.50	0.00000000	-2091357.88	0.00000000	0.394937058E-3
   35.0300	-0.00000000	-1049930.50	-0.00000000	1049923.75	209953.625	-0.00000000	-1244418.50	0.00000000	-3149547.50	0.00000000	0.594768149E-3
   35.0400	-0.00000000	-1403425.62	-0.00000000	1403415.00	280641.344	-0.00000000	-1244418.50	0.00000000	-4209946.00	0.00000000	0.795016356E-3
   35.0500	-0.00000000	-1756496.25	-0.00000000	1756481.50	351244.406	-0.00000000	-1244418.50	0.00000000	-5269073.50	0.00000000	0.995024573E-3
   35.0600	-0.00000000	-2107425.75	-0.00000000	2107410.75	421419.562	-0.00000000	-1244418.50	0.00000000	-6321783.00	0.00000000	0.119382073E-2
   35.0700	-0.00000000	-2455022.75	-0.00000000	2455006.75	490928.312	-0.00000000	-1244418.50	0.00000000	-7364495.50	0.00000000	0.139072898E-2
   35.0800	-0.00000000	-2797556.75	-0.00000000	2797537.75	559424.625	-0.00000000	-1244418.50	0.00000000	-8392019.00	0.00000000	0.158476899E-2
   35.0900	-0.00000000	-3133823.25	-0.00000000	3133800.75	626667.438	-0.00000000	-1244418.50	0.00000000	-9400739.00	0.00000000	0.177525810E-2
   35.1000	-0.00000000	-3462230.75	-0.00000000	3462199.50	692337.562	-0.00000000	-1244418.50	0.00000000	-10385866.0	0.00000000	0.196129200E-2
   35.1100	-0.00000000	-3781196.00	-0.00000000	3781169.75	756121.625	-0.00000000	-1244418.50	0.00000000	-11342701.0	0.00000000	0.214198302E-2
   35.1200	-0.00000000	-4089545.75	-0.00000000	4089513.00	817781.562	-0.00000000	-1244418.50	0.00000000	-12267671.0	0.00000000	0.231665652E-2
   35.1300	-0.00000000	-4385627.00	-0.00000000	4385593.50	876988.625	-0.00000000	-1244418.50	0.00000000	-13155849.0	0.00000000	0.248438213E-2
   35.1400	-0.00000000	-4668292.00	-0.00000000	4668259.00	933513.062	-0.00000000	-1244418.50	0.00000000	-14003780.0	0.00000000	0.264450745E-2
   35.1500	-0.00000000	-4935985.00	-0.00000000	4935945.00	987043.000	-0.00000000	-1244418.50	0.00000000	-14806789.0	0.00000000	0.279614981E-2
   35.1600	-0.00000000	-5187607.00	-0.00000000	5187565.50	1037359.81	-0.00000000	-1244418.50	0.00000000	-15561601.0	0.00000000	0.293869013E-2
   35.1700	-0.00000000	-5421801.50	-0.00000000	5421761.00	1084191.75	-0.00000000	-1244418.50	0.00000000	-16264133.0	0.00000000	0.307135819E-2
   35.1800	-0.00000000	-5637301.50	-0.00000000	5637258.00	1127284.25	-0.00000000	-1244418.50	0.00000000	-16910574.0	0.00000000	0.319343340E-2
   35.1900	-0.00000000	-5833120.50	-0.00000000	5833075.50	1166442.38	-0.00000000	-1244418.50	0.00000000	-17497988.0	0.00000000	0.330436206E-2
   35.2000	-0.00000000	-6008049.00	-0.00000000	6008002.00	1201422.25	-0.00000000	-1244418.50	0.00000000	-18022726.0	0.00000000	0.340345502E-2
   35.2100	-0.00000000	-6161207.00	-0.00000000	6161163.50	1232050.00	-0.00000000	-1244418.50	0.00000000	-18482176.0	0.00000000	0.349021889E-2
   35.2200	-0.00000000	-6291566.50	-0.00000000	6291514.00	1258117.00	-0.00000000	-1244418.50	0.00000000	-18873218.0	0.00000000	0.356406369E-2
   35.2300	-0.00000000	-6398369.50	-0.00000000	6398324.00	1279475.50	-0.00000000	-1244418.50	0.00000000	-19193618.0	0.00000000	0.362456893E-2
   35.2400	-0.00000000	-6480792.50	-0.00000000	6480739.50	1295955.88	-0.00000000	-1244418.50	0.00000000	-19440840.0	0.00000000	0.367125520E-2
   35.2500	-0.00000000	-6538203.00	-0.00000000	6538154.50	1307437.88	-0.00000000	-1244418.50	0.00000000	-19613084.0	0.00000000	0.370378210E-2
   35.2600	-0.00000000	-6570012.50	-0.00000000	6569962.00	1313797.62	-0.00000000	-1244418.50	0.00000000	-19708488.0	0.00000000	0.372179807E-2
   35.2700	-0.00000000	-6575724.00	-0.00000000	6575672.50	1314940.88	-0.00000000	-1244418.50	0.00000000	-19725640.0	0.00000000	0.372503721E-2
   35.2800	-0.00000000	-6554979.00	-0.00000000	6554929.50	1310791.88	-0.00000000	-1244418.50	0.00000000	-19663398.0	0.00000000	0.371328345E-2
   35.2900	-0.00000000	-6507511.00	-0.00000000	6507462.50	1301299.12	-0.00000000	-1244418.50	0.00000000	-19520996.0	0.00000000	0.368639198E-2
   35.3000	-0.00000000	-6433110.00	-0.00000000	6433066.00	1286421.25	-0.00000000	-1244418.50	0.00000000	-19297810.0	0.00000000	0.364424498E-2
   35.3100	-0.00000000	-6331766.50	-0.00000000	6331723.00	1266156.88	-0.00000000	-1244418.50	0.00000000	-18993820.0	0.00000000	0.358683872E-2
   35.3200	-0.00000000	-6203474.50	-0.00000000	6203422.00	1240500.62	-0.00000000	-1244418.50	0.00000000	-18608946.0	0.00000000	0.351415854E-2
   35.3300	-0.00000000	-6048458.00	-0.00000000	6048406.50	1209502.75	-0.00000000	-1244418.50	0.00000000	-18143944.0	0.00000000	0.342634600E-2
   35.3400	-0.00000000	-5866890.00	-0.00000000	5866843.50	1173195.00	-0.00000000	-1244418.50	0.00000000	-17599286.0	0.00000000	0.332349143E-2
   35.3500	-0.00000000	-5659196.50	-0.00000000	5659153.00	1131663.12	-0.00000000	-1244418.50	0.00000000	-16976260.0	0.00000000	0.320583768E-2
   35.3600	-0.00000000	-5425972.50	-0.00000000	5425933.00	1085025.88	-0.00000000	-1244418.50	0.00000000	-16276645.0	0.00000000	0.307372096E-2
   35.3700	-0.00000000	-5167642.00	-0.00000000	5167604.50	1033368.12	-0.00000000	-1244418.50	0.00000000	-15501721.0	0.00000000	0.292738224E-2
   35.3800	-0.00000000	-4885124.00	-0.00000000	4885088.00	976872.688	-0.00000000	-1244418.50	0.00000000	-14654224.0	0.00000000	0.276733888E-2
   35.3900	-0.00000000	-4579024.00	-0.00000000	4578986.00	915661.500	-0.00000000	-1244418.50	0.00000000	-13735985.0	0.00000000	0.259393663E-2
   35.4000	-0.00000000	-4250500.50	-0.00000000	4250471.50	849967.312	-0.00000000	-1244418.50	0.00000000	-12750496.0	0.00000000	0.240783440E-2
   35.4100	-0.00000000	-3900343.00	-0.00000000	3900314.25	779947.625	-0.00000000	-1244418.50	0.00000000	-11700119.0	0.00000000	0.220947852E-2
   35.4200	-0.00000000	-3529814.75	-0.00000000	3529790.50	705853.438	-0.00000000	-1244418.50	0.00000000	-10588620.0	0.00000000	0.199958053E-2
   35.4300	-0.00000000	-3140305.75	-0.00000000	3140281.25	627963.625	-0.00000000	-1244418.50	0.00000000	-9420182.00	0.00000000	0.177892984E-2
   35.4400	-0.00000000	-2732842.00	-0.00000000	2732825.00	546483.750	-0.00000000	-1244418.50	0.00000000	-8197890.00	0.00000000	0.154810934E-2
   35.4500	-0.00000000	-2309161.50	-0.00000000	2309146.00	461760.875	-0.00000000	-1244418.50	0.00000000	-6926947.50	0.00000000	0.130810146E-2
   35.4600	-0.00000000	-1870445.00	-0.00000000	1870433.38	374030.969	-0.00000000	-1244418.50	0.00000000	-5610898.50	0.00000000	0.105957559E-2
   35.4700	-0.00000000	-1418612.62	-0.00000000	1418602.12	283678.250	-0.00000000	-1244418.50	0.00000000	-4255503.50	0.00000000	0.803619449E-3
   35.4800	-0.00000000	-954980.312	-0.00000000	954972.000	190966.297	-0.00000000	-1244418.50	0.00000000	-2864715.75	0.00000000	0.540979847E-3
   35.4900	-0.00000000	-481631.188	-0.00000000	481627.469	96311.2500	-0.00000000	-1244418.50	0.00000000	-1444780.25	0.00000000	0.272835779E-3
   35.5000	-0.00000000	-0.378210849E-7	-0.00000000	0.378207901E-7	0.756303820E-8	-0.00000000	-1244418.50	0.00000000	-0.113454348E-6	0.00000000	0.214249920E-16
   35.5100	-0.00000000	487886.625	-0.00000000	-487882.969	-97562.1562	-0.00000000	-1244418.50	0.00000000	1463545.38	0.00000000	-0.276379433E-3
   35.5200	-0.00000000	979939.062	-0.00000000	-979932.062	-195957.406	-0.00000000	-1244418.50	0.00000000	2939588.25	0.00000000	-0.555118953E-3
   35.5300	-0.00000000	1474593.62	-0.00000000	-1474582.25	-294872.844	-0.00000000	-1244418.50	0.00000000	4423435.50	0.00000000	-0.835332146E-3
   35.5400	-0.00000000	1969495.88	-0.00000000	-1969481.50	-393838.156	-0.00000000	-1244418.50	0.00000000	5908029.50	0.00000000	-0.111568649E-2
   35.5500	-0.00000000	2463025.50	-0.00000000	-2463006.00	-492528.438	-0.00000000	-1244418.50	0.00000000	7388495.50	0.00000000	-0.139526138E-2
   35.5600	-0.00000000	2952780.00	-0.00000000	-2952757.25	-590463.938	-0.00000000	-1244418.50	0.00000000	8857644.00	0.00000000	-0.167269888E-2
   35.5700	-0.00000000	3437101.50	-0.00000000	-3437077.50	-687313.438	-0.00000000	-1244418.50	0.00000000	10310499.0	0.00000000	-0.194705941E-2
   35.5800	-0.00000000	3913590.00	-0.00000000	-3913558.00	-782595.812	-0.00000000	-1244418.50	0.00000000	11739845.0	0.00000000	-0.221698056E-2
   35.5900	-0.00000000	4380572.00	-0.00000000	-4380541.50	-875978.062	-0.00000000	-1244418.50	0.00000000	13140688.0	0.00000000	-0.248151924E-2
   35.6000	-0.00000000	4835854.50	-0.00000000	-4835815.50	-967020.062	-0.00000000	-1244418.50	0.00000000	14506422.0	0.00000000	-0.273942761E-2
   35.6100	-0.00000000	5277277.50	-0.00000000	-5277232.50	-1055290.00	-0.00000000	-1244418.50	0.00000000	15830577.0	0.00000000	-0.298948423E-2
   35.6200	-0.00000000	5703209.00	-0.00000000	-5703158.00	-1140462.75	-0.00000000	-1244418.50	0.00000000	17108264.0	0.00000000	-0.323076593E-2
   35.6300	-0.00000000	6111398.00	-0.00000000	-6111345.50	-1222089.00	-0.00000000	-1244418.50	0.00000000	18332750.0	0.00000000	-0.346200075E-2
   35.6400	-0.00000000	6500291.50	-0.00000000	-6500242.00	-1299855.62	-0.00000000	-1244418.50	0.00000000	19499342.0	0.00000000	-0.368230254E-2
   35.6500	-0.00000000	6867764.00	-0.00000000	-6867712.50	-1373339.38	-0.00000000	-1244418.50	0.00000000	20601684.0	0.00000000	-0.389047130E-2
   35.6600	-0.00000000	7212354.00	-0.00000000	-7212299.50	-1442245.88	-0.00000000	-1244418.50	0.00000000	21635362.0	0.00000000	-0.408567395E-2
   35.6700	-0.00000000	7532216.00	-0.00000000	-7532155.50	-1506209.00	-0.00000000	-1244418.50	0.00000000	22594878.0	0.00000000	-0.426687161E-2
   35.6800	-0.00000000	7825647.00	-0.00000000	-7825593.00	-1564887.12	-0.00000000	-1244418.50	0.00000000	23475118.0	0.00000000	-0.443309825E-2
   35.6900	-0.00000000	8091359.50	-0.00000000	-8091299.50	-1618020.88	-0.00000000	-1244418.50	0.00000000	24272186.0	0.00000000	-0.458361814E-2
   35.7000	-0.00000000	8327729.00	-0.00000000	-8327669.00	-1665287.12	-0.00000000	-1244418.50	0.00000000	24981232.0	0.00000000	-0.471751625E-2
   35.7100	-0.00000000	8533615.00	-0.00000000	-8533549.00	-1706456.50	-0.00000000	-1244418.50	0.00000000	25598824.0	0.00000000	-0.483414391E-2
   35.7200	-0.00000000	8707635.00	-0.00000000	-8707572.00	-1741256.25	-0.00000000	-1244418.50	0.00000000	26120866.0	0.00000000	-0.493272673E-2
   35.7300	-0.00000000	8848846.00	-0.00000000	-8848778.00	-1769494.38	-0.00000000	-1244418.50	0.00000000	26544468.0	0.00000000	-0.501272129E-2
   35.7400	-0.00000000	8956168.00	-0.00000000	-8956091.00	-1790953.12	-0.00000000	-1244418.50	0.00000000	26866372.0	0.00000000	-0.507351058E-2
   35.7500	-0.00000000	9028801.00	-0.00000000	-9028733.00	-1805480.25	-0.00000000	-1244418.50	0.00000000	27084300.0	0.00000000	-0.511466432E-2
   35.7600	-0.00000000	9066013.00	-0.00000000	-9065945.00	-1812921.38	-0.00000000	-1244418.50	0.00000000	27195918.0	0.00000000	-0.513574248E-2
   35.7700	-0.00000000	9067221.00	-0.00000000	-9067151.00	-1813162.00	-0.00000000	-1244418.50	0.00000000	27199536.0	0.00000000	-0.513642561E-2
   35.7800	-0.00000000	9031980.00	-0.00000000	-9031902.00	-1806113.25	-0.00000000	-1244418.50	0.00000000	27093792.0	0.00000000	-0.511645712E-2
   35.7900	-0.00000000	8960003.00	-0.00000000	-8959927.00	-1791720.75	-0.00000000	-1244418.50	0.00000000	26877888.0	0.00000000	-0.507568521E-2
   35.8000	-0.00000000	8851087.00	-0.00000000	-8851027.00	-1769943.25	-0.00000000	-1244418.50	0.00000000	26551196.0	0.00000000	-0.501399208E-2
   35.8100	-0.00000000	8705323.00	-0.00000000	-8705263.00	-1740794.25	-0.00000000	-1244418.50	0.00000000	26113938.0	0.00000000	-0.493141869E-2
   35.8200	-0.00000000	8522738.00	-0.00000000	-8522678.00	-1704283.75	-0.00000000	-1244418.50	0.00000000	25566232.0	0.00000000	-0.482798880E-2
   35.8300	-0.00000000	8303773.00	-0.00000000	-8303705.00	-1660495.75	-0.00000000	-1244418.50	0.00000000	24909364.0	0.00000000	-0.470394408E-2
   35.8400	-0.00000000	8048700.00	-0.00000000	-8048639.50	-1609488.75	-0.00000000	-1244418.50	0.00000000	24144200.0	0.00000000	-0.455944892E-2
   35.8500	-0.00000000	7758189.50	-0.00000000	-7758127.00	-1551396.25	-0.00000000	-1244418.50	0.00000000	23272744.0	0.00000000	-0.439488096E-2
   35.8600	-0.00000000	7433141.00	-0.00000000	-7433082.00	-1486396.62	-0.00000000	-1244418.50	0.00000000	22297672.0	0.00000000	-0.421074638E-2
   35.8700	-0.00000000	7074193.00	-0.00000000	-7074139.50	-1414619.12	-0.00000000	-1244418.50	0.00000000	21220926.0	0.00000000	-0.400741072E-2
   35.8800	-0.00000000	6682682.00	-0.00000000	-6682629.50	-1336329.00	-0.00000000	-1244418.50	0.00000000	20046484.0	0.00000000	-0.378562603E-2
   35.8900	-0.00000000	6259497.50	-0.00000000	-6259453.00	-1251705.50	-0.00000000	-1244418.50	0.00000000	18777032.0	0.00000000	-0.354590011E-2
   35.9000	-0.00000000	5806309.50	-0.00000000	-5806257.00	-1161080.00	-0.00000000	-1244418.50	0.00000000	17417548.0	0.00000000	-0.328917173E-2
   35.9100	-0.00000000	5324230.50	-0.00000000	-5324189.00	-1064679.88	-0.00000000	-1244418.50	0.00000000	15971435.0	0.00000000	-0.301608420E-2
   35.9200	-0.00000000	4815044.00	-0.00000000	-4815009.50	-962859.188	-0.00000000	-1244418.50	0.00000000	14444008.0	0.00000000	-0.272764103E-2
   35.9300	-0.00000000	4280710.00	-0.00000000	-4280679.50	-856009.125	-0.00000000	-1244418.50	0.00000000	12841132.0	0.00000000	-0.242495025E-2
   35.9400	-0.00000000	3722676.50	-0.00000000	-3722647.50	-744419.625	-0.00000000	-1244418.50	0.00000000	11167157.0	0.00000000	-0.210883305E-2
   35.9500	-0.00000000	3143351.75	-0.00000000	-3143327.50	-628572.375	-0.00000000	-1244418.50	0.00000000	9429315.00	0.00000000	-0.178065442E-2
   35.9600	-0.00000000	2544376.75	-0.00000000	-2544359.00	-508796.531	-0.00000000	-1244418.50	0.00000000	7632538.00	0.00000000	-0.144134683E-2
   35.9700	-0.00000000	1928411.75	-0.00000000	-1928397.50	-385622.312	-0.00000000	-1244418.50	0.00000000	5784781.00	0.00000000	-0.109241204E-2
   35.9800	-0.00000000	1297269.88	-0.00000000	-1297260.00	-259413.781	-0.00000000	-1244418.50	0.00000000	3891507.00	0.00000000	-0.734881556E-3
   35.9900	-0.00000000	653811.375	-0.00000000	-653806.125	-130741.844	-0.00000000	-1244418.50	0.00000000	1961279.38	0.00000000	-0.370372698E-3
   36.0000	-0.00000000	0.153881103E-7	-0.00000000	-0.153879895E-7	-0.307714187E-8	-0.00000000	-1244418.50	0.00000000	0.461606930E-7	0.00000000	-0.871709647E-17
   36.0100	-0.00000000	-661396.688	-0.00000000	661390.875	132258.641	-0.00000000	-1244418.50	0.00000000	-1984032.62	0.00000000	0.374669529E-3
   36.0200	-0.00000000	-1327534.75	-0.00000000	1327525.75	265465.750	-0.00000000	-1244418.50	0.00000000	-3982293.75	0.00000000	0.752025924E-3
   36.0300	-0.00000000	-1996291.50	-0.00000000	1996275.62	399196.125	-0.00000000	-1244418.50	0.00000000	-5988404.50	0.00000000	0.113086472E-2
   36.0400	-0.00000000	-2664480.75	-0.00000000	2664461.50	532813.375	-0.00000000	-1244418.50	0.00000000	-7992817.50	0.00000000	0.150938297E-2
   36.0500	-0.00000000	-3329910.75	-0.00000000	3329885.25	665878.625	-0.00000000	-1244418.50	0.00000000	-9988952.00	0.00000000	0.188633776E-2
   36.0600	-0.00000000	-3989351.50	-0.00000000	3989323.00	797746.438	-0.00000000	-1244418.50	0.00000000	-11967120.0	0.00000000	0.225989986E-2
   36.0700	-0.00000000	-4640579.00	-0.00000000	4640547.00	927971.562	-0.00000000	-1244418.50	0.00000000	-13920648.0	0.00000000	0.262880884E-2
   36.0800	-0.00000000	-5280371.00	-0.00000000	5280328.50	1055909.38	-0.00000000	-1244418.50	0.00000000	-15839865.0	0.00000000	0.299123838E-2
   36.0900	-0.00000000	-5906500.00	-0.00000000	5906458.00	1181116.00	-0.00000000	-1244418.50	0.00000000	-17718110.0	0.00000000	0.334593072E-2
   36.1000	-0.00000000	-6516038.00	-0.00000000	6515986.00	1303004.00	-0.00000000	-1244418.50	0.00000000	-19546570.0	0.00000000	0.369122135E-2
   36.1100	-0.00000000	-7106107.00	-0.00000000	7106055.50	1420999.88	-0.00000000	-1244418.50	0.00000000	-21316646.0	0.00000000	0.402548676E-2
   36.1200	-0.00000000	-7674562.00	-0.00000000	7674507.50	1534673.50	-0.00000000	-1244418.50	0.00000000	-23021884.0	0.00000000	0.434750784E-2
   36.1300	-0.00000000	-8218431.50	-0.00000000	8218371.50	1643430.12	-0.00000000	-1244418.50	0.00000000	-24653360.0	0.00000000	0.465559959E-2
   36.1400	-0.00000000	-8735655.00	-0.00000000	8735589.00	1746859.38	-0.00000000	-1244418.50	0.00000000	-26204914.0	0.00000000	0.494859973E-2
   36.1500	-0.00000000	-9223457.00	-0.00000000	9223388.00	1844404.38	-0.00000000	-1244418.50	0.00000000	-27668202.0	0.00000000	0.522492966E-2
   36.1600	-0.00000000	-9679911.00	-0.00000000	9679838.00	1935680.25	-0.00000000	-1244418.50	0.00000000	-29037450.0	0.00000000	0.548350206E-2
   36.1700	-0.00000000	-10102617.0	-0.00000000	10102546.0	2020209.25	-0.00000000	-1244418.50	0.00000000	-30305480.0	0.00000000	0.572295999E-2
   36.1800	-0.00000000	-10489388.0	-0.00000000	10489301.0	2097548.50	-0.00000000	-1244418.50	0.00000000	-31465662.0	0.00000000	0.594205130E-2
   36.1900	-0.00000000	-10838497.0	-0.00000000	10838412.0	2167363.25	-0.00000000	-1244418.50	0.00000000	-32512960.0	0.00000000	0.613982556E-2
   36.2000	-0.00000000	-11147915.0	-0.00000000	11147832.0	2229236.00	-0.00000000	-1244418.50	0.00000000	-33441128.0	0.00000000	0.631510327E-2
   36.2100	-0.00000000	-11416154.0	-0.00000000	11416074.0	2282876.75	-0.00000000	-1244418.50	0.00000000	-34245796.0	0.00000000	0.646705925E-2
   36.2200	-0.00000000	-11641481.0	-0.00000000	11641409.0	2327936.25	-0.00000000	-1244418.50	0.00000000	-34921744.0	0.00000000	0.659470633E-2
   36.2300	-0.00000000	-11822695.0	-0.00000000	11822618.0	2364174.00	-0.00000000	-1244418.50	0.00000000	-35465348.0	0.00000000	0.669736229E-2
   36.2400	-0.00000000	-11958442.0	-0.00000000	11958355.0	2391317.00	-0.00000000	-1244418.50	0.00000000	-35872532.0	0.00000000	0.677425507E-2
   36.2500	-0.00000000	-12047770.0	-0.00000000	12047688.0	2409179.50	-0.00000000	-1244418.50	0.00000000	-36140484.0	0.00000000	0.682485662E-2
   36.2600	-0.00000000	-12089746.0	-0.00000000	12089650.0	2417572.75	-0.00000000	-1244418.50	0.00000000	-36266392.0	0.00000000	0.684863282E-2
   36.2700	-0.00000000	-12083706.0	-0.00000000	12083610.0	2416364.00	-0.00000000	-1244418.50	0.00000000	-36248264.0	0.00000000	0.684520928E-2
   36.2800	-0.00000000	-12029126.0	-0.00000000	12029042.0	2405451.00	-0.00000000	-1244418.50	0.00000000	-36084556.0	0.00000000	0.681429449E-2
   36.2900	-0.00000000	-11925771.0	-0.00000000	11925674.0	2384781.50	-0.00000000	-1244418.50	0.00000000	-35774488.0	0.00000000	0.675574038E-2
   36.3000	-0.00000000	-11773414.0	-0.00000000	11773328.0	2354316.75	-0.00000000	-1244418.50	0.00000000	-35317484.0	0.00000000	0.666943844E-2
   36.3100	-0.00000000	-11572290.0	-0.00000000	11572196.0	2314096.25	-0.00000000	-1244418.50	0.00000000	-34714132.0	0.00000000	0.655549997E-2
   36.3200	-0.00000000	-11322507.0	-0.00000000	11322418.0	2264147.75	-0.00000000	-1244418.50	0.00000000	-33964844.0	0.00000000	0.641400274E-2
   36.3300	-0.00000000	-11024729.0	-0.00000000	11024647.0	2204603.50	-0.00000000	-1244418.50	0.00000000	-33071604.0	0.00000000	0.624532159E-2
   36.3400	-0.00000000	-10679448.0	-0.00000000	10679365.0	2135556.75	-0.00000000	-1244418.50	0.00000000	-32035830.0	0.00000000	0.604972336E-2
   36.3500	-0.00000000	-10287610.0	-0.00000000	10287536.0	2057203.25	-0.00000000	-1244418.50	0.00000000	-30860432.0	0.00000000	0.582775846E-2
   36.3600	-0.00000000	-9850512.00	-0.00000000	9850433.00	1969795.88	-0.00000000	-1244418.50	0.00000000	-29549222.0	0.00000000	0.558014633E-2
   36.3700	-0.00000000	-9369069.00	-0.00000000	9369001.00	1873521.75	-0.00000000	-1244418.50	0.00000000	-28104996.0	0.00000000	0.530741550E-2
   36.3800	-0.00000000	-8845115.00	-0.00000000	8845047.00	1768748.75	-0.00000000	-1244418.50	0.00000000	-26533282.0	0.00000000	0.501060905E-2
   36.3900	-0.00000000	-8279934.50	-0.00000000	8279872.00	1655729.00	-0.00000000	-1244418.50	0.00000000	-24837852.0	0.00000000	0.469043991E-2
   36.4000	-0.00000000	-7675768.00	-0.00000000	7675709.00	1534914.88	-0.00000000	-1244418.50	0.00000000	-23025506.0	0.00000000	0.434819190E-2
   36.4100	-0.00000000	-7034196.00	-0.00000000	7034145.00	1406620.50	-0.00000000	-1244418.50	0.00000000	-21100938.0	0.00000000	0.398475211E-2
   36.4200	-0.00000000	-6357625.00	-0.00000000	6357573.00	1271326.88	-0.00000000	-1244418.50	0.00000000	-19071376.0	0.00000000	0.360148447E-2
   36.4300	-0.00000000	-5648689.50	-0.00000000	5648647.50	1129562.00	-0.00000000	-1244418.50	0.00000000	-16944742.0	0.00000000	0.319988583E-2
   36.4400	-0.00000000	-4909363.50	-0.00000000	4909323.50	981719.562	-0.00000000	-1244418.50	0.00000000	-14726932.0	0.00000000	0.278106914E-2
   36.4500	-0.00000000	-4142866.00	-0.00000000	4142839.50	828444.688	-0.00000000	-1244418.50	0.00000000	-12427632.0	0.00000000	0.234686397E-2
   36.4600	-0.00000000	-3351424.50	-0.00000000	3351399.50	670180.500	-0.00000000	-1244418.50	0.00000000	-10053486.0	0.00000000	0.189852435E-2
   36.4700	-0.00000000	-2538562.50	-0.00000000	2538543.00	507633.062	-0.00000000	-1244418.50	0.00000000	-7615085.50	0.00000000	0.143805111E-2
   36.4800	-0.00000000	-1706708.12	-0.00000000	1706695.25	341288.531	-0.00000000	-1244418.50	0.00000000	-5119723.50	0.00000000	0.966820924E-3
   36.4900	-0.00000000	-859652.375	-0.00000000	859645.562	171903.562	-0.00000000	-1244418.50	0.00000000	-2578753.00	0.00000000	0.486977922E-3
   36.5000	-0.00000000	0.269780518E-7	-0.00000000	-0.269778440E-7	-0.539477130E-8	-0.00000000	-1244418.50	0.00000000	0.809278262E-7	0.00000000	-0.152826052E-16
   36.5100	-0.00000000	868594.000	-0.00000000	-868587.875	-173691.797	-0.00000000	-1244418.50	0.00000000	2605578.50	0.00000000	-0.492043735E-3
   36.5200	-0.00000000	1742390.12	-0.00000000	-1742374.75	-348423.562	-0.00000000	-1244418.50	0.00000000	5226757.50	0.00000000	-0.987033476E-3
   36.5300	-0.00000000	2618589.75	-0.00000000	-2618568.50	-523636.281	-0.00000000	-1244418.50	0.00000000	7855151.50	0.00000000	-0.148338580E-2
   36.5400	-0.00000000	3493019.50	-0.00000000	-3492995.25	-698495.562	-0.00000000	-1244418.50	0.00000000	10478243.0	0.00000000	-0.197873660E-2
   36.5500	-0.00000000	4362815.00	-0.00000000	-4362782.00	-872427.562	-0.00000000	-1244418.50	0.00000000	13087424.0	0.00000000	-0.247146073E-2
   36.5600	-0.00000000	5223753.50	-0.00000000	-5223721.00	-1044589.38	-0.00000000	-1244418.50	0.00000000	15670052.0	0.00000000	-0.295917038E-2
   36.5700	-0.00000000	6072955.00	-0.00000000	-6072910.50	-1214402.00	-0.00000000	-1244418.50	0.00000000	18217438.0	0.00000000	-0.344022503E-2
   36.5800	-0.00000000	6906214.50	-0.00000000	-6906156.00	-1381027.50	-0.00000000	-1244418.50	0.00000000	20717016.0	0.00000000	-0.391225098E-2
   36.5900	-0.00000000	7720653.50	-0.00000000	-7720603.50	-1543891.12	-0.00000000	-1244418.50	0.00000000	23160156.0	0.00000000	-0.437361980E-2
   36.6000	-0.00000000	8512498.00	-0.00000000	-8512423.00	-1702232.88	-0.00000000	-1244418.50	0.00000000	25535470.0	0.00000000	-0.482217921E-2
   36.6100	-0.00000000	9278008.00	-0.00000000	-9277941.00	-1855312.75	-0.00000000	-1244418.50	0.00000000	27831842.0	0.00000000	-0.525583234E-2
   36.6200	-0.00000000	10014454.0	-0.00000000	-10014375.0	-2002578.50	-0.00000000	-1244418.50	0.00000000	30040998.0	0.00000000	-0.567301456E-2
   36.6300	-0.00000000	10717999.0	-0.00000000	-10717921.0	-2143265.50	-0.00000000	-1244418.50	0.00000000	32151470.0	0.00000000	-0.607156102E-2
   36.6400	-0.00000000	11386030.0	-0.00000000	-11385938.0	-2276850.50	-0.00000000	-1244418.50	0.00000000	34155400.0	0.00000000	-0.644998718E-2
   36.6500	-0.00000000	12014978.0	-0.00000000	-12014887.0	-2402620.00	-0.00000000	-1244418.50	0.00000000	36042088.0	0.00000000	-0.680627488E-2
   36.6600	-0.00000000	12602406.0	-0.00000000	-12602314.0	-2520088.25	-0.00000000	-1244418.50	0.00000000	37804248.0	0.00000000	-0.713904481E-2
   36.6700	-0.00000000	13145278.0	-0.00000000	-13145178.0	-2628646.75	-0.00000000	-1244418.50	0.00000000	39432748.0	0.00000000	-0.744657498E-2
   36.6800	-0.00000000	13640804.0	-0.00000000	-13640696.0	-2727736.00	-0.00000000	-1244418.50	0.00000000	40919200.0	0.00000000	-0.772728072E-2
   36.6900	-0.00000000	14086870.0	-0.00000000	-14086761.0	-2816936.25	-0.00000000	-1244418.50	0.00000000	42257308.0	0.00000000	-0.797997229E-2
   36.7000	-0.00000000	14480882.0	-0.00000000	-14480774.0	-2895724.25	-0.00000000	-1244418.50	0.00000000	43439220.0	0.00000000	-0.820316747E-2
   36.7100	-0.00000000	14821009.0	-0.00000000	-14820884.0	-2963738.25	-0.00000000	-1244418.50	0.00000000	44459512.0	0.00000000	-0.839584135E-2
   36.7200	-0.00000000	15105094.0	-0.00000000	-15104973.0	-3020546.25	-0.00000000	-1244418.50	0.00000000	45311700.0	0.00000000	-0.855677016E-2
   36.7300	-0.00000000	15331652.0	-0.00000000	-15331540.0	-3065854.00	-0.00000000	-1244418.50	0.00000000	45991368.0	0.00000000	-0.868512038E-2
   36.7400	-0.00000000	15499048.0	-0.00000000	-15498926.0	-3099327.25	-0.00000000	-1244418.50	0.00000000	46493508.0	0.00000000	-0.877994578E-2
   36.7500	-0.00000000	15606144.0	-0.00000000	-15606033.0	-3120745.75	-0.00000000	-1244418.50	0.00000000	46814800.0	0.00000000	-0.884061959E-2
   36.7600	-0.00000000	15651848.0	-0.00000000	-15651732.0	-3129883.50	-0.00000000	-1244418.50	0.00000000	46951880.0	0.00000000	-0.886650663E-2
   36.7700	-0.00000000	15635391.0	-0.00000000	-15635275.0	-3126591.75	-0.00000000	-1244418.50	0.00000000	46902500.0	0.00000000	-0.885718130E-2
   36.7800	-0.00000000	15556196.0	-0.00000000	-15556093.0	-3110755.75	-0.00000000	-1244418.50	0.00000000	46664952.0	0.00000000	-0.881232135E-2
   36.7900	-0.00000000	15414055.0	-0.00000000	-15413953.0	-3082332.75	-0.00000000	-1244418.50	0.00000000	46238564.0	0.00000000	-0.873180199E-2
   36.8000	-0.00000000	15208824.0	-0.00000000	-15208704.0	-3041289.00	-0.00000000	-1244418.50	0.00000000	45622864.0	0.00000000	-0.861553103E-2
   36.8100	-0.00000000	14940822.0	-0.00000000	-14940700.0	-2987699.25	-0.00000000	-1244418.50	0.00000000	44818956.0	0.00000000	-0.846371893E-2
   36.8200	-0.00000000	14610359.0	-0.00000000	-14610247.0	-2921617.50	-0.00000000	-1244418.50	0.00000000	43827656.0	0.00000000	-0.827651937E-2
   36.8300	-0.00000000	14218382.0	-0.00000000	-14218291.0	-2843235.50	-0.00000000	-1244418.50	0.00000000	42651832.0	0.00000000	-0.805447437E-2
   36.8400	-0.00000000	13765624.0	-0.00000000	-13765502.0	-2752693.75	-0.00000000	-1244418.50	0.00000000	41293596.0	0.00000000	-0.779798208E-2
   36.8500	-0.00000000	13253380.0	-0.00000000	-13253275.0	-2650262.50	-0.00000000	-1244418.50	0.00000000	39757004.0	0.00000000	-0.750780897E-2
   36.8600	-0.00000000	12683417.0	-0.00000000	-12683320.0	-2536287.75	-0.00000000	-1244418.50	0.00000000	38047252.0	0.00000000	-0.718493527E-2
   36.8700	-0.00000000	12057021.0	-0.00000000	-12056919.0	-2411027.50	-0.00000000	-1244418.50	0.00000000	36168208.0	0.00000000	-0.683009159E-2
   36.8800	-0.00000000	11376645.0	-0.00000000	-11376563.0	-2274974.00	-0.00000000	-1244418.50	0.00000000	34127248.0	0.00000000	-0.644467166E-2
   36.8900	-0.00000000	10643987.0	-0.00000000	-10643905.0	-2128466.25	-0.00000000	-1244418.50	0.00000000	31929462.0	0.00000000	-0.602963660E-2
   36.9000	-0.00000000	9862058.00	-0.00000000	-9861982.00	-1972104.12	-0.00000000	-1244418.50	0.00000000	29583850.0	0.00000000	-0.558668561E-2
   36.9100	-0.00000000	9032937.00	-0.00000000	-9032858.00	-1806304.12	-0.00000000	-1244418.50	0.00000000	27096658.0	0.00000000	-0.511699868E-2
   36.9200	-0.00000000	8159777.50	-0.00000000	-8159712.50	-1631699.88	-0.00000000	-1244418.50	0.00000000	24477390.0	0.00000000	-0.462236907E-2
   36.9300	-0.00000000	7246036.50	-0.00000000	-7245983.50	-1448981.75	-0.00000000	-1244418.50	0.00000000	21736404.0	0.00000000	-0.410475535E-2
   36.9400	-0.00000000	6294309.50	-0.00000000	-6294257.50	-1258665.75	-0.00000000	-1244418.50	0.00000000	18881446.0	0.00000000	-0.356561760E-2
   36.9500	-0.00000000	5308785.50	-0.00000000	-5308742.50	-1061591.50	-0.00000000	-1244418.50	0.00000000	15925104.0	0.00000000	-0.300733489E-2
   36.9600	-0.00000000	4292343.00	-0.00000000	-4292314.00	-858335.375	-0.00000000	-1244418.50	0.00000000	12876026.0	0.00000000	-0.243153982E-2
   36.9700	-0.00000000	3249558.75	-0.00000000	-3249537.50	-649811.250	-0.00000000	-1244418.50	0.00000000	9747922.00	0.00000000	-0.184082089E-2
   36.9800	-0.00000000	2183577.00	-0.00000000	-2183563.00	-436647.969	-0.00000000	-1244418.50	0.00000000	6550224.00	0.00000000	-0.123696018E-2
   36.9900	-0.00000000	1099272.12	-0.00000000	-1099263.50	-219820.234	-0.00000000	-1244418.50	0.00000000	3297558.75	0.00000000	-0.622718944E-3
   37.0000	-0.00000000	0.301509324E-7	-0.00000000	-0.301507015E-7	-0.602924910E-8	-0.00000000	-1244418.50	0.00000000	0.904457096E-7	0.00000000	-0.170799859E-16
   37.0100	-0.00000000	-1109551.12	-0.00000000	1109542.62	221875.719	-0.00000000	-1244418.50	0.00000000	-3328393.50	0.00000000	0.628541864E-3
   37.0200	-0.00000000	-2224590.50	-0.00000000	2224575.25	444849.125	-0.00000000	-1244418.50	0.00000000	-6673254.00	0.00000000	0.126019330E-2
   37.0300	-0.00000000	-3341551.50	-0.00000000	3341521.00	668205.875	-0.00000000	-1244418.50	0.00000000	-10023862.0	0.00000000	0.189293025E-2
   37.0400	-0.00000000	-4455102.00	-0.00000000	4455067.50	890881.625	-0.00000000	-1244418.50	0.00000000	-13364259.0	0.00000000	0.252373889E-2
   37.0500	-0.00000000	-5561598.00	-0.00000000	5561555.00	1112146.88	-0.00000000	-1244418.50	0.00000000	-16683491.0	0.00000000	0.315055065E-2
   37.0600	-0.00000000	-6655690.00	-0.00000000	6655641.00	1330930.38	-0.00000000	-1244418.50	0.00000000	-19965500.0	0.00000000	0.377033302E-2
   37.0700	-0.00000000	-7733698.50	-0.00000000	7733636.50	1546498.88	-0.00000000	-1244418.50	0.00000000	-23199278.0	0.00000000	0.438100751E-2
   37.0800	-0.00000000	-8790320.00	-0.00000000	8790256.00	1757792.00	-0.00000000	-1244418.50	0.00000000	-26368924.0	0.00000000	0.497957086E-2
   37.0900	-0.00000000	-9821957.00	-0.00000000	9821884.00	1964085.38	-0.00000000	-1244418.50	0.00000000	-29463562.0	0.00000000	0.556396972E-2
   37.1000	-0.00000000	-10823795.0	-0.00000000	10823713.0	2164420.75	-0.00000000	-1244418.50	0.00000000	-32468822.0	0.00000000	0.613149023E-2
   37.1100	-0.00000000	-11791173.0	-0.00000000	11791083.0	2357868.25	-0.00000000	-1244418.50	0.00000000	-35370760.0	0.00000000	0.667949906E-2
   37.1200	-0.00000000	-12720645.0	-0.00000000	12720562.0	2543735.75	-0.00000000	-1244418.50	0.00000000	-38158984.0	0.00000000	0.720603438E-2
   37.1300	-0.00000000	-13607462.0	-0.00000000	13607343.0	2721066.75	-0.00000000	-1244418.50	0.00000000	-40819156.0	0.00000000	0.770838792E-2
   37.1400	-0.00000000	-14448293.0	-0.00000000	14448178.0	2889207.75	-0.00000000	-1244418.50	0.00000000	-43341472.0	0.00000000	0.818470772E-2
   37.1500	-0.00000000	-15238733.0	-0.00000000	15238607.0	3047271.75	-0.00000000	-1244418.50	0.00000000	-45712604.0	0.00000000	0.863247830E-2
   37.1600	-0.00000000	-15975767.0	-0.00000000	15975637.0	3194655.50	-0.00000000	-1244418.50	0.00000000	-47923536.0	0.00000000	0.904999580E-2
   37.1700	-0.00000000	-16655618.0	-0.00000000	16655485.0	3330605.00	-0.00000000	-1244418.50	0.00000000	-49962932.0	0.00000000	0.943512097E-2
   37.1800	-0.00000000	-17274846.0	-0.00000000	17274718.0	3454430.75	-0.00000000	-1244418.50	0.00000000	-51820472.0	0.00000000	0.978590269E-2
   37.1900	-0.00000000	-17830888.0	-0.00000000	17830740.0	3565619.00	-0.00000000	-1244418.50	0.00000000	-53488420.0	0.00000000	0.101008825E-1
   37.2000	-0.00000000	-18320482.0	-0.00000000	18320350.0	3663527.50	-0.00000000	-1244418.50	0.00000000	-54957160.0	0.00000000	0.103782425E-1
   37.2100	-0.00000000	-18741504.0	-0.00000000	18741374.0	3747717.50	-0.00000000	-1244418.50	0.00000000	-56220108.0	0.00000000	0.106167411E-1
   37.2200	-0.00000000	-19091300.0	-0.00000000	19091148.0	3817664.75	-0.00000000	-1244418.50	0.00000000	-57269404.0	0.00000000	0.108148921E-1
   37.2300	-0.00000000	-19368114.0	-0.00000000	19367970.0	3873017.75	-0.00000000	-1244418.50	0.00000000	-58099760.0	0.00000000	0.109716989E-1
   37.2400	-0.00000000	-19569948.0	-0.00000000	19569790.0	3913378.50	-0.00000000	-1244418.50	0.00000000	-58705220.0	0.00000000	0.110860355E-1
   37.2500	-0.00000000	-19695528.0	-0.00000000	19695356.0	3938488.25	-0.00000000	-1244418.50	0.00000000	-59081880.0	0.00000000	0.111571653E-1
   37.2600	-0.00000000	-19743520.0	-0.00000000	19743352.0	3948085.50	-0.00000000	-1244418.50	0.00000000	-59225864.0	0.00000000	0.111843543E-1
   37.2700	-0.00000000	-19713094.0	-0.00000000	19712948.0	3942006.50	-0.00000000	-1244418.50	0.00000000	-59134672.0	0.00000000	0.111671342E-1
   37.2800	-0.00000000	-19603698.0	-0.00000000	19603546.0	3920129.75	-0.00000000	-1244418.50	0.00000000	-58806492.0	0.00000000	0.111051593E-1
   37.2900	-0.00000000	-19415150.0	-0.00000000	19414974.0	3882421.50	-0.00000000	-1244418.50	0.00000000	-58240832.0	0.00000000	0.109983385E-1
   37.3000	-0.00000000	-19147286.0	-0.00000000	19147156.0	3828865.50	-0.00000000	-1244418.50	0.00000000	-57437424.0	0.00000000	0.108466214E-1
   37.3100	-0.00000000	-18800816.0	-0.00000000	18800668.0	3759577.75	-0.00000000	-1244418.50	0.00000000	-56398036.0	0.00000000	0.106503405E-1
   37.3200	-0.00000000	-18376096.0	-0.00000000	18375956.0	3674648.50	-0.00000000	-1244418.50	0.00000000	-55123980.0	0.00000000	0.104097454E-1
   37.3300	-0.00000000	-17874490.0	-0.00000000	17874344.0	3574340.75	-0.00000000	-1244418.50	0.00000000	-53619256.0	0.00000000	0.101255896E-1
   37.3400	-0.00000000	-17296966.0	-0.00000000	17296830.0	3458853.00	-0.00000000	-1244418.50	0.00000000	-51886804.0	0.00000000	0.979842991E-2
   37.3500	-0.00000000	-16645335.0	-0.00000000	16645205.0	3328547.25	-0.00000000	-1244418.50	0.00000000	-49932068.0	0.00000000	0.942929182E-2
   37.3600	-0.00000000	-15921898.0	-0.00000000	15921753.0	3183878.50	-0.00000000	-1244418.50	0.00000000	-47761880.0	0.00000000	0.901946798E-2
   37.3700	-0.00000000	-15128306.0	-0.00000000	15128188.0	3025191.00	-0.00000000	-1244418.50	0.00000000	-45381368.0	0.00000000	0.856992695E-2
   37.3800	-0.00000000	-14267820.0	-0.00000000	14267724.0	2853120.50	-0.00000000	-1244418.50	0.00000000	-42800120.0	0.00000000	0.808247738E-2
   37.3900	-0.00000000	-13342628.0	-0.00000000	13342542.0	2668111.50	-0.00000000	-1244418.50	0.00000000	-40024764.0	0.00000000	0.755837280E-2
   37.4000	-0.00000000	-12356594.0	-0.00000000	12356500.0	2470933.50	-0.00000000	-1244418.50	0.00000000	-37066876.0	0.00000000	0.699979765E-2
   37.4100	-0.00000000	-11312390.0	-0.00000000	11312299.0	2262125.25	-0.00000000	-1244418.50	0.00000000	-33934504.0	0.00000000	0.640827324E-2
   37.4200	-0.00000000	-10214057.0	-0.00000000	10213983.0	2042494.38	-0.00000000	-1244418.50	0.00000000	-30639782.0	0.00000000	0.578609016E-2
   37.4300	-0.00000000	-9066013.00	-0.00000000	9065945.00	1812921.38	-0.00000000	-1244418.50	0.00000000	-27195918.0	0.00000000	0.513574248E-2
   37.4400	-0.00000000	-7871541.00	-0.00000000	7871488.50	1574063.50	-0.00000000	-1244418.50	0.00000000	-23612778.0	0.00000000	0.445909379E-2
   37.4500	-0.00000000	-6635943.00	-0.00000000	6635899.50	1326983.75	-0.00000000	-1244418.50	0.00000000	-19906294.0	0.00000000	0.375915249E-2
   37.4600	-0.00000000	-5362903.00	-0.00000000	5362857.50	1072412.62	-0.00000000	-1244418.50	0.00000000	-16087433.0	0.00000000	0.303798937E-2
   37.4700	-0.00000000	-4058135.00	-0.00000000	4058110.50	811501.438	-0.00000000	-1244418.50	0.00000000	-12173463.0	0.00000000	0.229886593E-2
   37.4800	-0.00000000	-2725642.50	-0.00000000	2725620.00	545043.438	-0.00000000	-1244418.50	0.00000000	-8176283.00	0.00000000	0.154402887E-2
   37.4900	-0.00000000	-1371524.50	-0.00000000	1371513.12	274262.062	-0.00000000	-1244418.50	0.00000000	-4114248.50	0.00000000	0.776944566E-3
   37.5000	-0.00000000	-0.118201200E-6	-0.00000000	0.118200226E-6	0.236365434E-7	-0.00000000	-1244418.50	0.00000000	-0.354575576E-6	0.00000000	0.669589008E-16
   37.5100	-0.00000000	1383064.25	-0.00000000	-1383054.88	-276570.062	-0.00000000	-1244418.50	0.00000000	4148871.75	0.00000000	-0.783482974E-3
   37.5200	-0.00000000	2771695.00	-0.00000000	-2771674.25	-554252.625	-0.00000000	-1244418.50	0.00000000	8314431.00	0.00000000	-0.157011719E-2
   37.5300	-0.00000000	4161428.00	-0.00000000	-4161399.50	-832156.500	-0.00000000	-1244418.50	0.00000000	12483311.0	0.00000000	-0.235737860E-2
   37.5400	-0.00000000	5545653.50	-0.00000000	-5545610.50	-1108958.25	-0.00000000	-1244418.50	0.00000000	16635658.0	0.00000000	-0.314151775E-2
   37.5500	-0.00000000	6919843.00	-0.00000000	-6919778.00	-1383751.00	-0.00000000	-1244418.50	0.00000000	20757868.0	0.00000000	-0.391996605E-2
   37.5600	-0.00000000	8277333.50	-0.00000000	-8277261.00	-1655207.38	-0.00000000	-1244418.50	0.00000000	24830028.0	0.00000000	-0.468896236E-2
   37.5700	-0.00000000	9613599.00	-0.00000000	-9613521.00	-1922420.12	-0.00000000	-1244418.50	0.00000000	28838532.0	0.00000000	-0.544593763E-2
   37.5800	-0.00000000	10922092.0	-0.00000000	-10922009.0	-2184078.75	-0.00000000	-1244418.50	0.00000000	32763714.0	0.00000000	-0.618717866E-2
   37.5900	-0.00000000	12198364.0	-0.00000000	-12198262.0	-2439290.75	-0.00000000	-1244418.50	0.00000000	36592196.0	0.00000000	-0.691015786E-2
   37.6000	-0.00000000	13436477.0	-0.00000000	-13436378.0	-2686877.00	-0.00000000	-1244418.50	0.00000000	40306268.0	0.00000000	-0.761153270E-2
   37.6100	-0.00000000	14630758.0	-0.00000000	-14630636.0	-2925694.75	-0.00000000	-1244418.50	0.00000000	43888812.0	0.00000000	-0.828806963E-2
   37.6200	-0.00000000	15776941.0	-0.00000000	-15776823.0	-3154897.50	-0.00000000	-1244418.50	0.00000000	47327112.0	0.00000000	-0.893736631E-2
   37.6300	-0.00000000	16869188.0	-0.00000000	-16869058.0	-3373313.00	-0.00000000	-1244418.50	0.00000000	50603608.0	0.00000000	-0.955610722E-2
   37.6400	-0.00000000	17903536.0	-0.00000000	-17903370.0	-3580146.50	-0.00000000	-1244418.50	0.00000000	53706344.0	0.00000000	-0.101420358E-1
   37.6500	-0.00000000	18874506.0	-0.00000000	-18874370.0	-3774315.75	-0.00000000	-1244418.50	0.00000000	56619112.0	0.00000000	-0.106920898E-1
   37.6600	-0.00000000	19778548.0	-0.00000000	-19778382.0	-3955090.25	-0.00000000	-1244418.50	0.00000000	59330948.0	0.00000000	-0.112041989E-1
   37.6700	-0.00000000	20610982.0	-0.00000000	-20610856.0	-4121558.50	-0.00000000	-1244418.50	0.00000000	61828148.0	0.00000000	-0.116757769E-1
   37.6800	-0.00000000	21367764.0	-0.00000000	-21367586.0	-4272885.00	-0.00000000	-1244418.50	0.00000000	64098228.0	0.00000000	-0.121044638E-1
   37.6900	-0.00000000	22045698.0	-0.00000000	-22045522.0	-4408454.00	-0.00000000	-1244418.50	0.00000000	66131916.0	0.00000000	-0.124885105E-1
   37.7000	-0.00000000	22641018.0	-0.00000000	-22640814.0	-4527494.50	-0.00000000	-1244418.50	0.00000000	67917664.0	0.00000000	-0.128257349E-1
   37.7100	-0.00000000	23151036.0	-0.00000000	-23150842.0	-4629486.50	-0.00000000	-1244418.50	0.00000000	69447664.0	0.00000000	-0.131146638E-1
   37.7200	-0.00000000	23572704.0	-0.00000000	-23572522.0	-4713807.00	-0.00000000	-1244418.50	0.00000000	70712568.0	0.00000000	-0.133535312E-1
   37.7300	-0.00000000	23903918.0	-0.00000000	-23903730.0	-4780041.50	-0.00000000	-1244418.50	0.00000000	71706168.0	0.00000000	-0.135411648E-1
   37.7400	-0.00000000	24142382.0	-0.00000000	-24142220.0	-4827729.00	-0.00000000	-1244418.50	0.00000000	72421520.0	0.00000000	-0.136762550E-1
   37.7500	-0.00000000	24286624.0	-0.00000000	-24286448.0	-4856569.00	-0.00000000	-1244418.50	0.00000000	72854160.0	0.00000000	-0.137579544E-1
   37.7600	-0.00000000	24335140.0	-0.00000000	-24334938.0	-4866268.50	-0.00000000	-1244418.50	0.00000000	72999672.0	0.00000000	-0.137854330E-1
   37.7700	-0.00000000	24287028.0	-0.00000000	-24286838.0	-4856650.50	-0.00000000	-1244418.50	0.00000000	72855384.0	0.00000000	-0.137581863E-1
   37.7800	-0.00000000	24141702.0	-0.00000000	-24141532.0	-4827588.00	-0.00000000	-1244418.50	0.00000000	72419416.0	0.00000000	-0.136758573E-1
   37.7900	-0.00000000	23899062.0	-0.00000000	-23898862.0	-4779068.50	-0.00000000	-1244418.50	0.00000000	71691560.0	0.00000000	-0.135384072E-1
   37.8000	-0.00000000	23559120.0	-0.00000000	-23558948.0	-4711093.50	-0.00000000	-1244418.50	0.00000000	70671872.0	0.00000000	-0.133458460E-1
   37.8100	-0.00000000	23122784.0	-0.00000000	-23122596.0	-4623834.50	-0.00000000	-1244418.50	0.00000000	69362880.0	0.00000000	-0.130986525E-1
   37.8200	-0.00000000	22590642.0	-0.00000000	-22590468.0	-4517422.50	-0.00000000	-1244418.50	0.00000000	67766576.0	0.00000000	-0.127972038E-1
   37.8300	-0.00000000	21964468.0	-0.00000000	-21964312.0	-4392211.50	-0.00000000	-1244418.50	0.00000000	65888272.0	0.00000000	-0.124424994E-1
   37.8400	-0.00000000	21245640.0	-0.00000000	-21245466.0	-4248465.50	-0.00000000	-1244418.50	0.00000000	63731904.0	0.00000000	-0.120352861E-1
   37.8500	-0.00000000	20436420.0	-0.00000000	-20436284.0	-4086652.75	-0.00000000	-1244418.50	0.00000000	61304524.0	0.00000000	-0.115768937E-1
   37.8600	-0.00000000	19539822.0	-0.00000000	-19539684.0	-3907355.50	-0.00000000	-1244418.50	0.00000000	58614868.0	0.00000000	-0.110689728E-1
   37.8700	-0.00000000	18557968.0	-0.00000000	-18557826.0	-3711017.00	-0.00000000	-1244418.50	0.00000000	55669556.0	0.00000000	-0.105127739E-1
   37.8800	-0.00000000	17494920.0	-0.00000000	-17494794.0	-3498441.00	-0.00000000	-1244418.50	0.00000000	52480672.0	0.00000000	-0.991057605E-2
   37.8900	-0.00000000	16353499.0	-0.00000000	-16353360.0	-3270189.75	-0.00000000	-1244418.50	0.00000000	49056640.0	0.00000000	-0.926397368E-2
   37.9000	-0.00000000	15138497.0	-0.00000000	-15138370.0	-3027227.75	-0.00000000	-1244418.50	0.00000000	45411924.0	0.00000000	-0.857569743E-2
   37.9100	-0.00000000	13853318.0	-0.00000000	-13853203.0	-2770230.25	-0.00000000	-1244418.50	0.00000000	41556668.0	0.00000000	-0.784766115E-2
   37.9200	-0.00000000	12502972.0	-0.00000000	-12502879.0	-2500205.75	-0.00000000	-1244418.50	0.00000000	37505984.0	0.00000000	-0.708272029E-2
   37.9300	-0.00000000	11092954.0	-0.00000000	-11092873.0	-2218247.25	-0.00000000	-1244418.50	0.00000000	33276278.0	0.00000000	-0.628397241E-2
   37.9400	-0.00000000	9627357.00	-0.00000000	-9627288.00	-1925172.62	-0.00000000	-1244418.50	0.00000000	28879822.0	0.00000000	-0.545373512E-2
   37.9500	-0.00000000	8112734.00	-0.00000000	-8112678.00	-1622294.88	-0.00000000	-1244418.50	0.00000000	24336308.0	0.00000000	-0.459572673E-2
   37.9600	-0.00000000	6553612.50	-0.00000000	-6553567.00	-1310518.88	-0.00000000	-1244418.50	0.00000000	19659306.0	0.00000000	-0.371251046E-2
   37.9700	-0.00000000	4957080.00	-0.00000000	-4957040.00	-991261.688	-0.00000000	-1244418.50	0.00000000	14870076.0	0.00000000	-0.280810078E-2
   37.9800	-0.00000000	3328014.00	-0.00000000	-3327991.75	-665499.875	-0.00000000	-1244418.50	0.00000000	9983270.00	0.00000000	-0.188526476E-2
   37.9900	-0.00000000	1673934.62	-0.00000000	-1673922.12	-334734.812	-0.00000000	-1244418.50	0.00000000	5021411.00	0.00000000	-0.948255300E-3
   38.0000	-0.00000000	0.524255448E-7	-0.00000000	-0.524251647E-7	-0.104834763E-7	-0.00000000	-1244418.50	0.00000000	0.157264296E-6	0.00000000	-0.296981696E-16
   38.0100	-0.00000000	-1686611.38	-0.00000000	1686601.75	337270.188	-0.00000000	-1244418.50	0.00000000	-5059444.00	0.00000000	0.955437601E-3
   38.0200	-0.00000000	-3378604.50	-0.00000000	3378580.00	675615.938	-0.00000000	-1244418.50	0.00000000	-10135022.0	0.00000000	0.191392202E-2
   38.0300	-0.00000000	-5070544.50	-0.00000000	5070506.00	1013950.69	-0.00000000	-1244418.50	0.00000000	-15210436.0	0.00000000	0.287237554E-2
   38.0400	-0.00000000	-6754358.00	-0.00000000	6754313.50	1350663.12	-0.00000000	-1244418.50	0.00000000	-20261516.0	0.00000000	0.382623356E-2
   38.0500	-0.00000000	-8424572.00	-0.00000000	8424507.00	1684652.12	-0.00000000	-1244418.50	0.00000000	-25271740.0	0.00000000	0.477237627E-2
   38.0600	-0.00000000	-10073095.0	-0.00000000	10073026.0	2014306.38	-0.00000000	-1244418.50	0.00000000	-30216934.0	0.00000000	0.570623856E-2
   38.0700	-0.00000000	-11694463.0	-0.00000000	11694373.0	2338528.00	-0.00000000	-1244418.50	0.00000000	-35080632.0	0.00000000	0.662471121E-2
   38.0800	-0.00000000	-13280717.0	-0.00000000	13280616.0	2655731.50	-0.00000000	-1244418.50	0.00000000	-39839048.0	0.00000000	0.752330152E-2
   38.0900	-0.00000000	-14826497.0	-0.00000000	14826382.0	2964839.25	-0.00000000	-1244418.50	0.00000000	-44476028.0	0.00000000	0.839896034E-2
   38.1000	-0.00000000	-16324707.0	-0.00000000	16324570.0	3264430.25	-0.00000000	-1244418.50	0.00000000	-48970252.0	0.00000000	0.924765971E-2
   38.1100	-0.00000000	-17768438.0	-0.00000000	17768284.0	3553131.75	-0.00000000	-1244418.50	0.00000000	-53301100.0	0.00000000	0.100655081E-1
   38.1200	-0.00000000	-19152602.0	-0.00000000	19152460.0	3829925.75	-0.00000000	-1244418.50	0.00000000	-57453328.0	0.00000000	0.108496249E-1
   38.1300	-0.00000000	-20470208.0	-0.00000000	20470062.0	4093408.25	-0.00000000	-1244418.50	0.00000000	-61405868.0	0.00000000	0.115960315E-1
   38.1400	-0.00000000	-21716510.0	-0.00000000	21716356.0	4342629.50	-0.00000000	-1244418.50	0.00000000	-65144472.0	0.00000000	0.123020392E-1
   38.1500	-0.00000000	-22885046.0	-0.00000000	22884884.0	4576296.50	-0.00000000	-1244418.50	0.00000000	-68649752.0	0.00000000	0.129639842E-1
   38.1600	-0.00000000	-23971444.0	-0.00000000	23971256.0	4793543.00	-0.00000000	-1244418.50	0.00000000	-71908696.0	0.00000000	0.135794114E-1
   38.1700	-0.00000000	-24970292.0	-0.00000000	24970110.0	4993281.50	-0.00000000	-1244418.50	0.00000000	-74905016.0	0.00000000	0.141452439E-1
   38.1800	-0.00000000	-25876670.0	-0.00000000	25876464.0	5174528.00	-0.00000000	-1244418.50	0.00000000	-77623928.0	0.00000000	0.146586886E-1
   38.1900	-0.00000000	-26686920.0	-0.00000000	26686748.0	5336556.00	-0.00000000	-1244418.50	0.00000000	-80054528.0	0.00000000	0.151176890E-1
   38.2000	-0.00000000	-27396562.0	-0.00000000	27396336.0	5478458.50	-0.00000000	-1244418.50	0.00000000	-82183216.0	0.00000000	0.155196767E-1
   38.2100	-0.00000000	-28002506.0	-0.00000000	28002262.0	5599626.00	-0.00000000	-1244418.50	0.00000000	-84000888.0	0.00000000	0.158629306E-1
   38.2200	-0.00000000	-28501122.0	-0.00000000	28500874.0	5699335.50	-0.00000000	-1244418.50	0.00000000	-85496648.0	0.00000000	0.161453933E-1
   38.2300	-0.00000000	-28890060.0	-0.00000000	28889854.0	5777111.50	-0.00000000	-1244418.50	0.00000000	-86663384.0	0.00000000	0.163657218E-1
   38.2400	-0.00000000	-29166646.0	-0.00000000	29166408.0	5832421.00	-0.00000000	-1244418.50	0.00000000	-87493080.0	0.00000000	0.165224038E-1
   38.2500	-0.00000000	-29329218.0	-0.00000000	29328972.0	5864928.00	-0.00000000	-1244418.50	0.00000000	-87980736.0	0.00000000	0.166144930E-1
   38.2600	-0.00000000	-29376116.0	-0.00000000	29375890.0	5874309.00	-0.00000000	-1244418.50	0.00000000	-88121440.0	0.00000000	0.166410655E-1
   38.2700	-0.00000000	-29306464.0	-0.00000000	29306218.0	5860376.50	-0.00000000	-1244418.50	0.00000000	-87912440.0	0.00000000	0.166015979E-1
   38.2800	-0.00000000	-29119552.0	-0.00000000	29119332.0	5823003.50	-0.00000000	-1244418.50	0.00000000	-87351808.0	0.00000000	0.164957251E-1
   38.2900	-0.00000000	-28815512.0	-0.00000000	28815286.0	5762203.50	-0.00000000	-1244418.50	0.00000000	-86439752.0	0.00000000	0.163234901E-1
   38.3000	-0.00000000	-28394468.0	-0.00000000	28394236.0	5678006.50	-0.00000000	-1244418.50	0.00000000	-85176688.0	0.00000000	0.160849709E-1
   38.3100	-0.00000000	-27857560.0	-0.00000000	27857338.0	5570647.00	-0.00000000	-1244418.50	0.00000000	-83566168.0	0.00000000	0.157808363E-1
   38.3200	-0.00000000	-27205816.0	-0.00000000	27205576.0	5440308.50	-0.00000000	-1244418.50	0.00000000	-81610944.0	0.00000000	0.154116070E-1
   38.3300	-0.00000000	-26441346.0	-0.00000000	26441152.0	5287446.50	-0.00000000	-1244418.50	0.00000000	-79317824.0	0.00000000	0.149785690E-1
   38.3400	-0.00000000	-25565976.0	-0.00000000	25565792.0	5112400.50	-0.00000000	-1244418.50	0.00000000	-76691928.0	0.00000000	0.144826891E-1
   38.3500	-0.00000000	-24582646.0	-0.00000000	24582460.0	4915762.00	-0.00000000	-1244418.50	0.00000000	-73742136.0	0.00000000	0.139256418E-1
   38.3600	-0.00000000	-23494952.0	-0.00000000	23494778.0	4698258.00	-0.00000000	-1244418.50	0.00000000	-70479328.0	0.00000000	0.133094853E-1
   38.3700	-0.00000000	-22305662.0	-0.00000000	22305516.0	4460442.50	-0.00000000	-1244418.50	0.00000000	-66911812.0	0.00000000	0.126357879E-1
   38.3800	-0.00000000	-21019822.0	-0.00000000	21019630.0	4203305.50	-0.00000000	-1244418.50	0.00000000	-63054452.0	0.00000000	0.119073549E-1
   38.3900	-0.00000000	-19640802.0	-0.00000000	19640618.0	3927543.25	-0.00000000	-1244418.50	0.00000000	-58917708.0	0.00000000	0.111261616E-1
   38.4000	-0.00000000	-18174518.0	-0.00000000	18174368.0	3634336.50	-0.00000000	-1244418.50	0.00000000	-54519264.0	0.00000000	0.102955494E-1
   38.4100	-0.00000000	-16625168.0	-0.00000000	16625027.0	3324515.00	-0.00000000	-1244418.50	0.00000000	-49871576.0	0.00000000	0.941786822E-2
   38.4200	-0.00000000	-14998861.0	-0.00000000	14998744.0	2999304.75	-0.00000000	-1244418.50	0.00000000	-44993056.0	0.00000000	0.849659648E-2
   38.4300	-0.00000000	-13302257.0	-0.00000000	13302160.0	2660037.50	-0.00000000	-1244418.50	0.00000000	-39903648.0	0.00000000	0.753550092E-2
   38.4400	-0.00000000	-11540328.0	-0.00000000	11540244.0	2307706.75	-0.00000000	-1244418.50	0.00000000	-34618280.0	0.00000000	0.653739925E-2
   38.4500	-0.00000000	-9721033.00	-0.00000000	9720950.00	1943902.00	-0.00000000	-1244418.50	0.00000000	-29160790.0	0.00000000	0.550679350E-2
   38.4600	-0.00000000	-7849811.50	-0.00000000	7849750.50	1569718.25	-0.00000000	-1244418.50	0.00000000	-23547592.0	0.00000000	0.444678403E-2
   38.4700	-0.00000000	-5935241.50	-0.00000000	5935197.50	1186863.62	-0.00000000	-1244418.50	0.00000000	-17804330.0	0.00000000	0.336221256E-2
   38.4800	-0.00000000	-3983205.75	-0.00000000	3983174.00	796516.625	-0.00000000	-1244418.50	0.00000000	-11948672.0	0.00000000	0.225641602E-2
   38.4900	-0.00000000	-2002718.75	-0.00000000	2002703.50	400481.531	-0.00000000	-1244418.50	0.00000000	-6007688.00	0.00000000	0.113450619E-2
   38.5000	-0.00000000	0.470637573E-7	-0.00000000	-0.470633843E-7	-0.941128331E-8	-0.00000000	-1244418.50	0.00000000	0.141180152E-6	0.00000000	-0.266608021E-16
   38.5100	-0.00000000	2016358.75	-0.00000000	-2016340.75	-403208.562	-0.00000000	-1244418.50	0.00000000	6048596.50	0.00000000	-0.114223151E-2
   38.5200	-0.00000000	4037613.25	-0.00000000	-4037583.25	-807397.250	-0.00000000	-1244418.50	0.00000000	12111895.0	0.00000000	-0.228723953E-2
   38.5300	-0.00000000	6057282.50	-0.00000000	-6057232.00	-1211267.62	-0.00000000	-1244418.50	0.00000000	18170422.0	0.00000000	-0.343134603E-2
   38.5400	-0.00000000	8065746.50	-0.00000000	-8065679.00	-1612897.00	-0.00000000	-1244418.50	0.00000000	24195326.0	0.00000000	-0.456910348E-2
   38.5500	-0.00000000	10056423.0	-0.00000000	-10056354.0	-2010973.00	-0.00000000	-1244418.50	0.00000000	30166928.0	0.00000000	-0.569679542E-2
   38.5600	-0.00000000	12019772.0	-0.00000000	-12019679.0	-2403578.75	-0.00000000	-1244418.50	0.00000000	36056464.0	0.00000000	-0.680898968E-2
   38.5700	-0.00000000	13949217.0	-0.00000000	-13949113.0	-2789410.00	-0.00000000	-1244418.50	0.00000000	41844384.0	0.00000000	-0.790199451E-2
   38.5800	-0.00000000	15835392.0	-0.00000000	-15835272.0	-3166585.00	-0.00000000	-1244418.50	0.00000000	47502452.0	0.00000000	-0.897047762E-2
   38.5900	-0.00000000	17671900.0	-0.00000000	-17671782.0	-3533832.50	-0.00000000	-1244418.50	0.00000000	53011576.0	0.00000000	-0.100108339E-1
   38.6000	-0.00000000	19450362.0	-0.00000000	-19450212.0	-3889467.00	-0.00000000	-1244418.50	0.00000000	58346508.0	0.00000000	-0.110182948E-1
   38.6100	-0.00000000	21162654.0	-0.00000000	-21162470.0	-4231868.00	-0.00000000	-1244418.50	0.00000000	63482928.0	0.00000000	-0.119882692E-1
   38.6200	-0.00000000	22802756.0	-0.00000000	-22802558.0	-4559840.00	-0.00000000	-1244418.50	0.00000000	68402880.0	0.00000000	-0.129173659E-1
   38.6300	-0.00000000	24362450.0	-0.00000000	-24362260.0	-4871727.50	-0.00000000	-1244418.50	0.00000000	73081568.0	0.00000000	-0.138008995E-1
   38.6400	-0.00000000	25836144.0	-0.00000000	-25835912.0	-5166420.00	-0.00000000	-1244418.50	0.00000000	77502296.0	0.00000000	-0.146357203E-1
   38.6500	-0.00000000	27216266.0	-0.00000000	-27216020.0	-5442400.50	-0.00000000	-1244418.50	0.00000000	81642312.0	0.00000000	-0.154175302E-1
   38.6600	-0.00000000	28497702.0	-0.00000000	-28497496.0	-5698656.00	-0.00000000	-1244418.50	0.00000000	85486456.0	0.00000000	-0.161434691E-1
   38.6700	-0.00000000	29674208.0	-0.00000000	-29673992.0	-5933922.00	-0.00000000	-1244418.50	0.00000000	89015704.0	0.00000000	-0.168099403E-1
   38.6800	-0.00000000	30740024.0	-0.00000000	-30739818.0	-6147049.50	-0.00000000	-1244418.50	0.00000000	92212864.0	0.00000000	-0.174137000E-1
   38.6900	-0.00000000	31690914.0	-0.00000000	-31690696.0	-6337198.50	-0.00000000	-1244418.50	0.00000000	95065320.0	0.00000000	-0.179523658E-1
   38.7000	-0.00000000	32521696.0	-0.00000000	-32521426.0	-6503322.00	-0.00000000	-1244418.50	0.00000000	97557376.0	0.00000000	-0.184229705E-1
   38.7100	-0.00000000	33228808.0	-0.00000000	-33228516.0	-6644725.50	-0.00000000	-1244418.50	0.00000000	99678584.0	0.00000000	-0.188235436E-1
   38.7200	-0.00000000	33808168.0	-0.00000000	-33807868.0	-6760574.50	-0.00000000	-1244418.50	0.00000000	101416440.	0.00000000	-0.191517249E-1
   38.7300	-0.00000000	34256992.0	-0.00000000	-34256680.0	-6850329.50	-0.00000000	-1244418.50	0.00000000	102762896.	0.00000000	-0.194059927E-1
   38.7400	-0.00000000	34572348.0	-0.00000000	-34572096.0	-6913396.00	-0.00000000	-1244418.50	0.00000000	103708944.	0.00000000	-0.195846464E-1
   38.7500	-0.00000000	34752352.0	-0.00000000	-34752136.0	-6949400.00	-0.00000000	-1244418.50	0.00000000	104249056.	0.00000000	-0.196866430E-1
   38.7600	-0.00000000	34795316.0	-0.00000000	-34795092.0	-6957988.00	-0.00000000	-1244418.50	0.00000000	104377888.	0.00000000	-0.197109710E-1
   38.7700	-0.00000000	34700256.0	-0.00000000	-34699972.0	-6938969.50	-0.00000000	-1244418.50	0.00000000	104092584.	0.00000000	-0.196570940E-1
   38.7800	-0.00000000	34466452.0	-0.00000000	-34466220.0	-6892223.00	-0.00000000	-1244418.50	0.00000000	103391344.	0.00000000	-0.195246693E-1
   38.7900	-0.00000000	34094260.0	-0.00000000	-34094016.0	-6817796.50	-0.00000000	-1244418.50	0.00000000	102274864.	0.00000000	-0.193138309E-1
   38.8000	-0.00000000	33583984.0	-0.00000000	-33583752.0	-6715752.50	-0.00000000	-1244418.50	0.00000000	100744088.	0.00000000	-0.190247558E-1
   38.8100	-0.00000000	32937142.0	-0.00000000	-32936868.0	-6586398.50	-0.00000000	-1244418.50	0.00000000	98803624.0	0.00000000	-0.186583139E-1
   38.8200	-0.00000000	32154934.0	-0.00000000	-32154676.0	-6429984.50	-0.00000000	-1244418.50	0.00000000	96457224.0	0.00000000	-0.182152148E-1
   38.8300	-0.00000000	31240206.0	-0.00000000	-31239982.0	-6247072.00	-0.00000000	-1244418.50	0.00000000	93713320.0	0.00000000	-0.176970493E-1
   38.8400	-0.00000000	30195166.0	-0.00000000	-30194930.0	-6038093.50	-0.00000000	-1244418.50	0.00000000	90578384.0	0.00000000	-0.171050411E-1
   38.8500	-0.00000000	29023382.0	-0.00000000	-29023156.0	-5803773.00	-0.00000000	-1244418.50	0.00000000	87063320.0	0.00000000	-0.164412484E-1
   38.8600	-0.00000000	27729322.0	-0.00000000	-27729112.0	-5544998.00	-0.00000000	-1244418.50	0.00000000	83181416.0	0.00000000	-0.157081783E-1
   38.8700	-0.00000000	26316338.0	-0.00000000	-26316136.0	-5262447.00	-0.00000000	-1244418.50	0.00000000	78942792.0	0.00000000	-0.149077475E-1
   38.8800	-0.00000000	24790408.0	-0.00000000	-24790222.0	-4957310.00	-0.00000000	-1244418.50	0.00000000	74365408.0	0.00000000	-0.140433423E-1
   38.8900	-0.00000000	23155792.0	-0.00000000	-23155612.0	-4630436.00	-0.00000000	-1244418.50	0.00000000	69461904.0	0.00000000	-0.131173525E-1
   38.9000	-0.00000000	21419518.0	-0.00000000	-21419364.0	-4283236.50	-0.00000000	-1244418.50	0.00000000	64253508.0	0.00000000	-0.121337874E-1
   38.9100	-0.00000000	19586586.0	-0.00000000	-19586446.0	-3916708.75	-0.00000000	-1244418.50	0.00000000	58755172.0	0.00000000	-0.110954680E-1
   38.9200	-0.00000000	17664340.0	-0.00000000	-17664218.0	-3532321.00	-0.00000000	-1244418.50	0.00000000	52988904.0	0.00000000	-0.100065526E-1
   38.9300	-0.00000000	15660716.0	-0.00000000	-15660600.0	-3131655.50	-0.00000000	-1244418.50	0.00000000	46978464.0	0.00000000	-0.887152646E-2
   38.9400	-0.00000000	13581626.0	-0.00000000	-13581513.0	-2715900.25	-0.00000000	-1244418.50	0.00000000	40741660.0	0.00000000	-0.769375265E-2
   38.9500	-0.00000000	11436477.0	-0.00000000	-11436390.0	-2286940.00	-0.00000000	-1244418.50	0.00000000	34306756.0	0.00000000	-0.647857040E-2
   38.9600	-0.00000000	9231812.00	-0.00000000	-9231745.00	-1846075.50	-0.00000000	-1244418.50	0.00000000	27693276.0	0.00000000	-0.522966497E-2
   38.9700	-0.00000000	6977725.50	-0.00000000	-6977675.50	-1395328.38	-0.00000000	-1244418.50	0.00000000	20931546.0	0.00000000	-0.395276351E-2
   38.9800	-0.00000000	4681185.50	-0.00000000	-4681153.00	-936091.812	-0.00000000	-1244418.50	0.00000000	14042460.0	0.00000000	-0.265181204E-2
   38.9900	-0.00000000	2352834.25	-0.00000000	-2352819.25	-470494.250	-0.00000000	-1244418.50	0.00000000	7057959.50	0.00000000	-0.133284205E-2
   39.0000	-0.00000000	0.828385112E-7	-0.00000000	-0.828378930E-7	-0.165651191E-7	-0.00000000	-1244418.50	0.00000000	0.248496036E-6	0.00000000	-0.469265881E-16
   39.0100	-0.00000000	-2367206.00	-0.00000000	2367190.25	473367.719	-0.00000000	-1244418.50	0.00000000	-7101064.00	0.00000000	0.134098204E-2
   39.0200	-0.00000000	-4738522.50	-0.00000000	4738487.00	947556.625	-0.00000000	-1244418.50	0.00000000	-14214447.0	0.00000000	0.268429052E-2
   39.0300	-0.00000000	-7106317.50	-0.00000000	7106267.00	1421042.75	-0.00000000	-1244418.50	0.00000000	-21317290.0	0.00000000	0.402560830E-2
   39.0400	-0.00000000	-9459330.00	-0.00000000	9459261.00	1891572.62	-0.00000000	-1244418.50	0.00000000	-28375782.0	0.00000000	0.535855116E-2
   39.0500	-0.00000000	-11789893.0	-0.00000000	11789805.0	2357612.25	-0.00000000	-1244418.50	0.00000000	-35366912.0	0.00000000	0.667877262E-2
   39.0600	-0.00000000	-14086779.0	-0.00000000	14086681.0	2816918.25	-0.00000000	-1244418.50	0.00000000	-42257040.0	0.00000000	0.797992200E-2
   39.0700	-0.00000000	-16342442.0	-0.00000000	16342277.0	3267972.75	-0.00000000	-1244418.50	0.00000000	-49023384.0	0.00000000	0.925769377E-2
   39.0800	-0.00000000	-18545788.0	-0.00000000	18545646.0	3708580.50	-0.00000000	-1244418.50	0.00000000	-55633004.0	0.00000000	0.105058709E-1
   39.0900	-0.00000000	-20689524.0	-0.00000000	20689376.0	4137261.00	-0.00000000	-1244418.50	0.00000000	-62063720.0	0.00000000	0.117202625E-1
   39.1000	-0.00000000	-22763856.0	-0.00000000	22763682.0	4552059.50	-0.00000000	-1244418.50	0.00000000	-68286184.0	0.00000000	0.128953261E-1
   39.1100	-0.00000000	-24759344.0	-0.00000000	24759130.0	4951093.50	-0.00000000	-1244418.50	0.00000000	-74272152.0	0.00000000	0.140257310E-1
   39.1200	-0.00000000	-26669034.0	-0.00000000	26668840.0	5332978.50	-0.00000000	-1244418.50	0.00000000	-80000872.0	0.00000000	0.151075572E-1
   39.1300	-0.00000000	-28483432.0	-0.00000000	28483216.0	5695802.50	-0.00000000	-1244418.50	0.00000000	-85443640.0	0.00000000	0.161353834E-1
   39.1400	-0.00000000	-30196108.0	-0.00000000	30195874.0	6038282.00	-0.00000000	-1244418.50	0.00000000	-90581216.0	0.00000000	0.171055757E-1
   39.1500	-0.00000000	-31798308.0	-0.00000000	31798076.0	6358668.50	-0.00000000	-1244418.50	0.00000000	-95387392.0	0.00000000	0.180131849E-1
   39.1600	-0.00000000	-33284208.0	-0.00000000	33283940.0	6655801.00	-0.00000000	-1244418.50	0.00000000	-99844736.0	0.00000000	0.188549217E-1
   39.1700	-0.00000000	-34646536.0	-0.00000000	34646256.0	6928228.50	-0.00000000	-1244418.50	0.00000000	-103931440.	0.00000000	0.196266640E-1
   39.1800	-0.00000000	-35878780.0	-0.00000000	35878484.0	7174633.00	-0.00000000	-1244418.50	0.00000000	-107627824.	0.00000000	0.203246977E-1
   39.1900	-0.00000000	-36976108.0	-0.00000000	36975796.0	7394066.00	-0.00000000	-1244418.50	0.00000000	-110919568.	0.00000000	0.209463183E-1
   39.2000	-0.00000000	-37932560.0	-0.00000000	37932264.0	7585330.50	-0.00000000	-1244418.50	0.00000000	-113788744.	0.00000000	0.214881413E-1
   39.2100	-0.00000000	-38744268.0	-0.00000000	38743952.0	7747641.50	-0.00000000	-1244418.50	0.00000000	-116223600.	0.00000000	0.219479445E-1
   39.2200	-0.00000000	-39406452.0	-0.00000000	39406140.0	7880064.00	-0.00000000	-1244418.50	0.00000000	-118210072.	0.00000000	0.223230757E-1
   39.2300	-0.00000000	-39916164.0	-0.00000000	39915876.0	7981994.50	-0.00000000	-1244418.50	0.00000000	-119739176.	0.00000000	0.226118341E-1
   39.2400	-0.00000000	-40270096.0	-0.00000000	40269812.0	8052771.50	-0.00000000	-1244418.50	0.00000000	-120800912.	0.00000000	0.228123348E-1
   39.2500	-0.00000000	-40466240.0	-0.00000000	40465940.0	8091992.50	-0.00000000	-1244418.50	0.00000000	-121389280.	0.00000000	0.229234453E-1
   39.2600	-0.00000000	-40502724.0	-0.00000000	40502400.0	8099278.50	-0.00000000	-1244418.50	0.00000000	-121498576.	0.00000000	0.229440834E-1
   39.2700	-0.00000000	-40378520.0	-0.00000000	40378180.0	8074440.50	-0.00000000	-1244418.50	0.00000000	-121125976.	0.00000000	0.228737202E-1
   39.2800	-0.00000000	-40093016.0	-0.00000000	40092768.0	8017365.50	-0.00000000	-1244418.50	0.00000000	-120269784.	0.00000000	0.227120351E-1
   39.2900	-0.00000000	-39646940.0	-0.00000000	39646600.0	7928144.00	-0.00000000	-1244418.50	0.00000000	-118931384.	0.00000000	0.224592872E-1
   39.3000	-0.00000000	-39040512.0	-0.00000000	39040200.0	7806882.50	-0.00000000	-1244418.50	0.00000000	-117112280.	0.00000000	0.221157651E-1
   39.3100	-0.00000000	-38275748.0	-0.00000000	38275492.0	7653967.50	-0.00000000	-1244418.50	0.00000000	-114818376.	0.00000000	0.216825791E-1
   39.3200	-0.00000000	-37354376.0	-0.00000000	37354112.0	7469718.00	-0.00000000	-1244418.50	0.00000000	-112054432.	0.00000000	0.211606286E-1
   39.3300	-0.00000000	-36279788.0	-0.00000000	36279488.0	7254823.50	-0.00000000	-1244418.50	0.00000000	-108830768.	0.00000000	0.205518641E-1
   39.3400	-0.00000000	-35054540.0	-0.00000000	35054244.0	7009812.00	-0.00000000	-1244418.50	0.00000000	-105155296.	0.00000000	0.198577791E-1
   39.3500	-0.00000000	-33683028.0	-0.00000000	33682768.0	6735553.50	-0.00000000	-1244418.50	0.00000000	-101041136.	0.00000000	0.190808512E-1
   39.3600	-0.00000000	-32170570.0	-0.00000000	32170304.0	6433112.00	-0.00000000	-1244418.50	0.00000000	-96504144.0	0.00000000	0.182240754E-1
   39.3700	-0.00000000	-30521208.0	-0.00000000	30520980.0	6103293.50	-0.00000000	-1244418.50	0.00000000	-91556472.0	0.00000000	0.172897466E-1
   39.3800	-0.00000000	-28742020.0	-0.00000000	28741816.0	5747511.00	-0.00000000	-1244418.50	0.00000000	-86219328.0	0.00000000	0.162818655E-1
   39.3900	-0.00000000	-26838010.0	-0.00000000	26837806.0	5366768.00	-0.00000000	-1244418.50	0.00000000	-80507736.0	0.00000000	0.152032757E-1
   39.4000	-0.00000000	-24817504.0	-0.00000000	24817318.0	4962728.50	-0.00000000	-1244418.50	0.00000000	-74446672.0	0.00000000	0.140586905E-1
   39.4100	-0.00000000	-22686384.0	-0.00000000	22686204.0	4536568.00	-0.00000000	-1244418.50	0.00000000	-68053792.0	0.00000000	0.128514413E-1
   39.4200	-0.00000000	-20453206.0	-0.00000000	20453064.0	4090009.00	-0.00000000	-1244418.50	0.00000000	-61354876.0	0.00000000	0.115864025E-1
   39.4300	-0.00000000	-18127326.0	-0.00000000	18127198.0	3624902.50	-0.00000000	-1244418.50	0.00000000	-54377740.0	0.00000000	0.102688232E-1
   39.4400	-0.00000000	-15715650.0	-0.00000000	15715519.0	3142638.50	-0.00000000	-1244418.50	0.00000000	-47143224.0	0.00000000	0.890264008E-2
   39.4500	-0.00000000	-13229149.0	-0.00000000	13229041.0	2645416.00	-0.00000000	-1244418.50	0.00000000	-39684308.0	0.00000000	0.749408081E-2
   39.4600	-0.00000000	-10675431.0	-0.00000000	10675343.0	2134752.50	-0.00000000	-1244418.50	0.00000000	-32023756.0	0.00000000	0.604744349E-2
   39.4700	-0.00000000	-8066243.50	-0.00000000	8066171.50	1612996.00	-0.00000000	-1244418.50	0.00000000	-24196814.0	0.00000000	0.456938427E-2
   39.4800	-0.00000000	-5409686.50	-0.00000000	5409645.50	1081768.75	-0.00000000	-1244418.50	0.00000000	-16227786.0	0.00000000	0.306449411E-2
   39.4900	-0.00000000	-2718111.50	-0.00000000	2718092.00	543537.875	-0.00000000	-1244418.50	0.00000000	-8153698.50	0.00000000	0.153976411E-2
   39.5000	-0.00000000	-0.255168828E-6	-0.00000000	0.255166640E-6	0.510258040E-7	-0.00000000	-1244418.50	0.00000000	-0.765446202E-6	0.00000000	0.144548700E-15
   39.5100	-0.00000000	2732943.75	-0.00000000	-2732925.50	-546504.062	-0.00000000	-1244418.50	0.00000000	8198193.50	0.00000000	-0.154816662E-2
   39.5200	-0.00000000	5468871.50	-0.00000000	-5468826.00	-1093603.88	-0.00000000	-1244418.50	0.00000000	16405322.0	0.00000000	-0.309802056E-2
   39.5300	-0.00000000	8198983.50	-0.00000000	-8198916.00	-1639540.25	-0.00000000	-1244418.50	0.00000000	24595006.0	0.00000000	-0.464458019E-2
   39.5400	-0.00000000	10910286.0	-0.00000000	-10910200.0	-2181717.00	-0.00000000	-1244418.50	0.00000000	32728286.0	0.00000000	-0.618048804E-2
   39.5500	-0.00000000	13593943.0	-0.00000000	-13593851.0	-2718367.75	-0.00000000	-1244418.50	0.00000000	40778668.0	0.00000000	-0.770074176E-2
   39.5600	-0.00000000	16237098.0	-0.00000000	-16236979.0	-3246915.50	-0.00000000	-1244418.50	0.00000000	48707496.0	0.00000000	-0.919804163E-2
   39.5700	-0.00000000	18830996.0	-0.00000000	-18830880.0	-3765617.50	-0.00000000	-1244418.50	0.00000000	56488620.0	0.00000000	-0.106674470E-1
   39.5800	-0.00000000	21363110.0	-0.00000000	-21362932.0	-4271954.00	-0.00000000	-1244418.50	0.00000000	64084264.0	0.00000000	-0.121018272E-1
   39.5900	-0.00000000	23824870.0	-0.00000000	-23824722.0	-4764235.50	-0.00000000	-1244418.50	0.00000000	71469056.0	0.00000000	-0.134963887E-1
   39.6000	-0.00000000	26205206.0	-0.00000000	-26205006.0	-5240223.50	-0.00000000	-1244418.50	0.00000000	78609424.0	0.00000000	-0.148447929E-1
   39.6100	-0.00000000	28493250.0	-0.00000000	-28493020.0	-5697767.00	-0.00000000	-1244418.50	0.00000000	85473112.0	0.00000000	-0.161409490E-1
   39.6200	-0.00000000	30681228.0	-0.00000000	-30681022.0	-6135294.00	-0.00000000	-1244418.50	0.00000000	92036520.0	0.00000000	-0.173803978E-1
   39.6300	-0.00000000	32758214.0	-0.00000000	-32757966.0	-6550623.00	-0.00000000	-1244418.50	0.00000000	98266936.0	0.00000000	-0.185569655E-1
   39.6400	-0.00000000	34716908.0	-0.00000000	-34716620.0	-6942300.50	-0.00000000	-1244418.50	0.00000000	104142552.	0.00000000	-0.196665302E-1
   39.6500	-0.00000000	36547384.0	-0.00000000	-36547092.0	-7308340.50	-0.00000000	-1244418.50	0.00000000	109633568.	0.00000000	-0.207034666E-1
   39.6600	-0.00000000	38243052.0	-0.00000000	-38242824.0	-7647431.50	-0.00000000	-1244418.50	0.00000000	114720352.	0.00000000	-0.216640681E-1
   39.6700	-0.00000000	39795872.0	-0.00000000	-39795548.0	-7957933.50	-0.00000000	-1244418.50	0.00000000	119378224.	0.00000000	-0.225436725E-1
   39.6800	-0.00000000	41198248.0	-0.00000000	-41197920.0	-8238365.00	-0.00000000	-1244418.50	0.00000000	123585024.	0.00000000	-0.233380944E-1
   39.6900	-0.00000000	42444864.0	-0.00000000	-42444576.0	-8487657.00	-0.00000000	-1244418.50	0.00000000	127324712.	0.00000000	-0.240443051E-1
   39.7000	-0.00000000	43529112.0	-0.00000000	-43528836.0	-8704475.00	-0.00000000	-1244418.50	0.00000000	130577216.	0.00000000	-0.246585160E-1
   39.7100	-0.00000000	44446628.0	-0.00000000	-44446260.0	-8887943.00	-0.00000000	-1244418.50	0.00000000	133329440.	0.00000000	-0.251782518E-1
   39.7200	-0.00000000	45192172.0	-0.00000000	-45191792.0	-9037020.00	-0.00000000	-1244418.50	0.00000000	135565792.	0.00000000	-0.256005693E-1
   39.7300	-0.00000000	45762372.0	-0.00000000	-45762068.0	-9151053.00	-0.00000000	-1244418.50	0.00000000	137276400.	0.00000000	-0.259236079E-1
   39.7400	-0.00000000	46153752.0	-0.00000000	-46153384.0	-9229310.00	-0.00000000	-1244418.50	0.00000000	138450368.	0.00000000	-0.261453018E-1
   39.7500	-0.00000000	46364080.0	-0.00000000	-46363696.0	-9271367.00	-0.00000000	-1244418.50	0.00000000	139081280.	0.00000000	-0.262644421E-1
   39.7600	-0.00000000	46391360.0	-0.00000000	-46391032.0	-9276822.00	-0.00000000	-1244418.50	0.00000000	139163072.	0.00000000	-0.262798928E-1
   39.7700	-0.00000000	46234680.0	-0.00000000	-46234312.0	-9245493.00	-0.00000000	-1244418.50	0.00000000	138693136.	0.00000000	-0.261911433E-1
   39.7800	-0.00000000	45893556.0	-0.00000000	-45893224.0	-9177286.00	-0.00000000	-1244418.50	0.00000000	137669936.	0.00000000	-0.259979237E-1
   39.7900	-0.00000000	45368800.0	-0.00000000	-45368412.0	-9072342.00	-0.00000000	-1244418.50	0.00000000	136095648.	0.00000000	-0.257006306E-1
   39.8000	-0.00000000	44660980.0	-0.00000000	-44660660.0	-8930809.00	-0.00000000	-1244418.50	0.00000000	133972472.	0.00000000	-0.252996851E-1
   39.8100	-0.00000000	43772668.0	-0.00000000	-43772304.0	-8753167.00	-0.00000000	-1244418.50	0.00000000	131307664.	0.00000000	-0.247964561E-1
   39.8200	-0.00000000	42705724.0	-0.00000000	-42705396.0	-8539816.00	-0.00000000	-1244418.50	0.00000000	128107144.	0.00000000	-0.241920631E-1
   39.8300	-0.00000000	41464336.0	-0.00000000	-41464036.0	-8291575.00	-0.00000000	-1244418.50	0.00000000	124383256.	0.00000000	-0.234888326E-1
   39.8400	-0.00000000	40051620.0	-0.00000000	-40051316.0	-8009078.00	-0.00000000	-1244418.50	0.00000000	120145464.	0.00000000	-0.226885583E-1
   39.8500	-0.00000000	38472724.0	-0.00000000	-38472456.0	-7693356.50	-0.00000000	-1244418.50	0.00000000	115409272.	0.00000000	-0.217941646E-1
   39.8600	-0.00000000	36733952.0	-0.00000000	-36733684.0	-7345648.00	-0.00000000	-1244418.50	0.00000000	110193216.	0.00000000	-0.208091531E-1
   39.8700	-0.00000000	34839908.0	-0.00000000	-34839676.0	-6966900.50	-0.00000000	-1244418.50	0.00000000	104511600.	0.00000000	-0.197362211E-1
   39.8800	-0.00000000	32798970.0	-0.00000000	-32798674.0	-6558765.00	-0.00000000	-1244418.50	0.00000000	98389088.0	0.00000000	-0.185800325E-1
   39.8900	-0.00000000	30616804.0	-0.00000000	-30616544.0	-6122404.00	-0.00000000	-1244418.50	0.00000000	91843152.0	0.00000000	-0.173438825E-1
   39.9000	-0.00000000	28303138.0	-0.00000000	-28302884.0	-5659744.50	-0.00000000	-1244418.50	0.00000000	84902736.0	0.00000000	-0.160332359E-1
   39.9100	-0.00000000	25864786.0	-0.00000000	-25864582.0	-5172149.50	-0.00000000	-1244418.50	0.00000000	77588240.0	0.00000000	-0.146519495E-1
   39.9200	-0.00000000	23311628.0	-0.00000000	-23311476.0	-4661602.00	-0.00000000	-1244418.50	0.00000000	69929448.0	0.00000000	-0.132056447E-1
   39.9300	-0.00000000	20654392.0	-0.00000000	-20654252.0	-4130236.75	-0.00000000	-1244418.50	0.00000000	61958344.0	0.00000000	-0.117003629E-1
   39.9400	-0.00000000	17901070.0	-0.00000000	-17900912.0	-3579652.50	-0.00000000	-1244418.50	0.00000000	53698944.0	0.00000000	-0.101406379E-1
   39.9500	-0.00000000	15064196.0	-0.00000000	-15064088.0	-3012372.00	-0.00000000	-1244418.50	0.00000000	45189064.0	0.00000000	-0.853361189E-2
   39.9600	-0.00000000	12152557.0	-0.00000000	-12152464.0	-2430132.75	-0.00000000	-1244418.50	0.00000000	36454812.0	0.00000000	-0.688421447E-2
   39.9700	-0.00000000	9179567.00	-0.00000000	-9179487.00	-1835626.50	-0.00000000	-1244418.50	0.00000000	27536524.0	0.00000000	-0.520006381E-2
   39.9800	-0.00000000	6154478.00	-0.00000000	-6154435.50	-1230704.75	-0.00000000	-1244418.50	0.00000000	18461998.0	0.00000000	-0.348640815E-2
   39.9900	-0.00000000	3091403.25	-0.00000000	-3091379.25	-618184.312	-0.00000000	-1244418.50	0.00000000	9273481.00	0.00000000	-0.175122649E-2
   40.0000	-0.00000000	0.120859653E-6	-0.00000000	-0.120858914E-6	-0.241681839E-7	-0.00000000	-1244418.50	0.00000000	0.362550821E-6	0.00000000	-0.684649651E-16
   40.0100	-0.00000000	-3106396.25	-0.00000000	3106372.25	621182.438	-0.00000000	-1244418.50	0.00000000	-9318457.00	0.00000000	0.175972003E-2
   40.0200	-0.00000000	-6214303.00	-0.00000000	6214260.50	1242667.75	-0.00000000	-1244418.50	0.00000000	-18641456.0	0.00000000	0.352029759E-2
   40.0300	-0.00000000	-9313739.00	-0.00000000	9313676.00	1862457.88	-0.00000000	-1244418.50	0.00000000	-27939030.0	0.00000000	0.527607370E-2
   40.0400	-0.00000000	-12389965.0	-0.00000000	12389868.0	2477606.25	-0.00000000	-1244418.50	0.00000000	-37166972.0	0.00000000	0.701870024E-2
   40.0500	-0.00000000	-15432960.0	-0.00000000	15432857.0	3086112.75	-0.00000000	-1244418.50	0.00000000	-46295268.0	0.00000000	0.874251034E-2
   40.0600	-0.00000000	-18428172.0	-0.00000000	18428030.0	3685059.00	-0.00000000	-1244418.50	0.00000000	-55280160.0	0.00000000	0.104392385E-1
   40.0700	-0.00000000	-21365702.0	-0.00000000	21365532.0	4272475.00	-0.00000000	-1244418.50	0.00000000	-64092076.0	0.00000000	0.121033024E-1
   40.0800	-0.00000000	-24231360.0	-0.00000000	24231174.0	4845517.50	-0.00000000	-1244418.50	0.00000000	-72688384.0	0.00000000	0.137266498E-1
   40.0900	-0.00000000	-27015576.0	-0.00000000	27015406.0	5402280.50	-0.00000000	-1244418.50	0.00000000	-81040472.0	0.00000000	0.153038772E-1
   40.1000	-0.00000000	-29705844.0	-0.00000000	29705618.0	5940242.50	-0.00000000	-1244418.50	0.00000000	-89110504.0	0.00000000	0.168278441E-1
   40.1100	-0.00000000	-32289926.0	-0.00000000	32289698.0	6456986.00	-0.00000000	-1244418.50	0.00000000	-96862256.0	0.00000000	0.182917025E-1
   40.1200	-0.00000000	-34759108.0	-0.00000000	34758872.0	6950743.00	-0.00000000	-1244418.50	0.00000000	-104269200.	0.00000000	0.196904466E-1
   40.1300	-0.00000000	-37101144.0	-0.00000000	37100844.0	7419071.50	-0.00000000	-1244418.50	0.00000000	-111294640.	0.00000000	0.210171491E-1
   40.1400	-0.00000000	-39307812.0	-0.00000000	39307512.0	7860339.50	-0.00000000	-1244418.50	0.00000000	-117914216.	0.00000000	0.222672038E-1
   40.1500	-0.00000000	-41368132.0	-0.00000000	41367772.0	8272332.50	-0.00000000	-1244418.50	0.00000000	-124094576.	0.00000000	0.234343186E-1
   40.1600	-0.00000000	-43274656.0	-0.00000000	43274348.0	8653589.00	-0.00000000	-1244418.50	0.00000000	-129813888.	0.00000000	0.245143659E-1
   40.1700	-0.00000000	-45018412.0	-0.00000000	45018056.0	9002282.00	-0.00000000	-1244418.50	0.00000000	-135044656.	0.00000000	0.255021602E-1
   40.1800	-0.00000000	-46591092.0	-0.00000000	46590708.0	9316765.00	-0.00000000	-1244418.50	0.00000000	-139762288.	0.00000000	0.263930466E-1
   40.1900	-0.00000000	-47986748.0	-0.00000000	47986396.0	9595860.00	-0.00000000	-1244418.50	0.00000000	-143949040.	0.00000000	0.271836817E-1
   40.2000	-0.00000000	-49198080.0	-0.00000000	49197728.0	9838087.00	-0.00000000	-1244418.50	0.00000000	-147582720.	0.00000000	0.278698746E-1
   40.2100	-0.00000000	-50220308.0	-0.00000000	50219924.0	10042494.0	-0.00000000	-1244418.50	0.00000000	-150649056.	0.00000000	0.284489300E-1
   40.2200	-0.00000000	-51047616.0	-0.00000000	51047228.0	10207937.0	-0.00000000	-1244418.50	0.00000000	-153130928.	0.00000000	0.289176106E-1
   40.2300	-0.00000000	-51676632.0	-0.00000000	51676168.0	10333711.0	-0.00000000	-1244418.50	0.00000000	-155017664.	0.00000000	0.292739086E-1
   40.2400	-0.00000000	-52103280.0	-0.00000000	52102824.0	10419030.0	-0.00000000	-1244418.50	0.00000000	-156297536.	0.00000000	0.295156036E-1
   40.2500	-0.00000000	-52325368.0	-0.00000000	52324964.0	10463445.0	-0.00000000	-1244418.50	0.00000000	-156963792.	0.00000000	0.296414234E-1
   40.2600	-0.00000000	-52340812.0	-0.00000000	52340456.0	10466539.0	-0.00000000	-1244418.50	0.00000000	-157010208.	0.00000000	0.296501871E-1
   40.2700	-0.00000000	-52148880.0	-0.00000000	52148464.0	10428148.0	-0.00000000	-1244418.50	0.00000000	-156434320.	0.00000000	0.295414329E-1
   40.2800	-0.00000000	-51749064.0	-0.00000000	51748632.0	10348197.0	-0.00000000	-1244418.50	0.00000000	-155234960.	0.00000000	0.293149427E-1
   40.2900	-0.00000000	-51142380.0	-0.00000000	51141976.0	10226883.0	-0.00000000	-1244418.50	0.00000000	-153415104.	0.00000000	0.289712772E-1
   40.3000	-0.00000000	-50329860.0	-0.00000000	50329468.0	10064406.0	-0.00000000	-1244418.50	0.00000000	-150977792.	0.00000000	0.285110082E-1
   40.3100	-0.00000000	-49314428.0	-0.00000000	49314076.0	9861354.00	-0.00000000	-1244418.50	0.00000000	-147931744.	0.00000000	0.279357862E-1
   40.3200	-0.00000000	-48098500.0	-0.00000000	48098108.0	9618197.00	-0.00000000	-1244418.50	0.00000000	-144284112.	0.00000000	0.272469614E-1
   40.3300	-0.00000000	-46686804.0	-0.00000000	46686404.0	9335905.00	-0.00000000	-1244418.50	0.00000000	-140049376.	0.00000000	0.264472626E-1
   40.3400	-0.00000000	-45083068.0	-0.00000000	45082764.0	9015214.00	-0.00000000	-1244418.50	0.00000000	-135238688.	0.00000000	0.255387984E-1
   40.3500	-0.00000000	-43293364.0	-0.00000000	43293044.0	8657326.00	-0.00000000	-1244418.50	0.00000000	-129869928.	0.00000000	0.245249495E-1
   40.3600	-0.00000000	-41324672.0	-0.00000000	41324440.0	8263660.00	-0.00000000	-1244418.50	0.00000000	-123964480.	0.00000000	0.234097503E-1
   40.3700	-0.00000000	-39182708.0	-0.00000000	39182400.0	7835319.50	-0.00000000	-1244418.50	0.00000000	-117538888.	0.00000000	0.221963264E-1
   40.3800	-0.00000000	-36876628.0	-0.00000000	36876384.0	7374185.00	-0.00000000	-1244418.50	0.00000000	-110621320.	0.00000000	0.208899956E-1
   40.3900	-0.00000000	-34413296.0	-0.00000000	34413056.0	6881590.00	-0.00000000	-1244418.50	0.00000000	-103231824.	0.00000000	0.194945466E-1
   40.4000	-0.00000000	-31803628.0	-0.00000000	31803380.0	6359732.50	-0.00000000	-1244418.50	0.00000000	-95403360.0	0.00000000	0.180162005E-1
   40.4100	-0.00000000	-29055352.0	-0.00000000	29055104.0	5810162.50	-0.00000000	-1244418.50	0.00000000	-87159168.0	0.00000000	0.164593477E-1
   40.4200	-0.00000000	-26179738.0	-0.00000000	26179564.0	5235134.00	-0.00000000	-1244418.50	0.00000000	-78533088.0	0.00000000	0.148303779E-1
   40.4300	-0.00000000	-23188942.0	-0.00000000	23188754.0	4637064.50	-0.00000000	-1244418.50	0.00000000	-69561344.0	0.00000000	0.131361317E-1
   40.4400	-0.00000000	-20091966.0	-0.00000000	20091814.0	4017767.50	-0.00000000	-1244418.50	0.00000000	-60271164.0	0.00000000	0.113817528E-1
   40.4500	-0.00000000	-16903076.0	-0.00000000	16902954.0	3380090.00	-0.00000000	-1244418.50	0.00000000	-50705260.0	0.00000000	0.957530364E-2
   40.4600	-0.00000000	-13632134.0	-0.00000000	13632012.0	2725998.75	-0.00000000	-1244418.50	0.00000000	-40893148.0	0.00000000	0.772236055E-2
   40.4700	-0.00000000	-10294228.0	-0.00000000	10294146.0	2058524.62	-0.00000000	-1244418.50	0.00000000	-30880258.0	0.00000000	0.583150238E-2
   40.4800	-0.00000000	-6899849.00	-0.00000000	6899797.50	1379755.00	-0.00000000	-1244418.50	0.00000000	-20697924.0	0.00000000	0.390864583E-2
   40.4900	-0.00000000	-3464815.25	-0.00000000	3464789.75	692855.188	-0.00000000	-1244418.50	0.00000000	-10393631.0	0.00000000	0.196275837E-2
   40.5000	-0.00000000	0.542364909E-7	-0.00000000	-0.542359828E-7	-0.108455982E-7	-0.00000000	-1244418.50	0.00000000	0.162696523E-6	0.00000000	-0.307240059E-16
   40.5100	-0.00000000	3479640.75	-0.00000000	-3479614.25	-695820.000	-0.00000000	-1244418.50	0.00000000	10438107.0	0.00000000	-0.197115727E-2
   40.5200	-0.00000000	6959005.00	-0.00000000	-6958952.50	-1391584.25	-0.00000000	-1244418.50	0.00000000	20875378.0	0.00000000	-0.394215668E-2
   40.5300	-0.00000000	10426893.0	-0.00000000	-10426824.0	-2085057.12	-0.00000000	-1244418.50	0.00000000	31278272.0	0.00000000	-0.590666430E-2
   40.5400	-0.00000000	13866873.0	-0.00000000	-13866769.0	-2772943.25	-0.00000000	-1244418.50	0.00000000	41597364.0	0.00000000	-0.785534643E-2
   40.5500	-0.00000000	17267738.0	-0.00000000	-17267594.0	-3453008.50	-0.00000000	-1244418.50	0.00000000	51799128.0	0.00000000	-0.978187285E-2
   40.5600	-0.00000000	20613190.0	-0.00000000	-20613044.0	-4121997.50	-0.00000000	-1244418.50	0.00000000	61834736.0	0.00000000	-0.116770202E-1
   40.5700	-0.00000000	23892302.0	-0.00000000	-23892118.0	-4777716.00	-0.00000000	-1244418.50	0.00000000	71671272.0	0.00000000	-0.135345757E-1
   40.5800	-0.00000000	27089194.0	-0.00000000	-27089014.0	-5416997.00	-0.00000000	-1244418.50	0.00000000	81261240.0	0.00000000	-0.153455678E-1
   40.5900	-0.00000000	30193332.0	-0.00000000	-30193080.0	-6037725.50	-0.00000000	-1244418.50	0.00000000	90572872.0	0.00000000	-0.171039999E-1
   40.6000	-0.00000000	33190666.0	-0.00000000	-33190400.0	-6637096.00	-0.00000000	-1244418.50	0.00000000	99564160.0	0.00000000	-0.188019350E-1
   40.6100	-0.00000000	36067784.0	-0.00000000	-36067520.0	-7212433.50	-0.00000000	-1244418.50	0.00000000	108194888.	0.00000000	-0.204317831E-1
   40.6200	-0.00000000	38814980.0	-0.00000000	-38814656.0	-7761785.00	-0.00000000	-1244418.50	0.00000000	116435768.	0.00000000	-0.219880100E-1
   40.6300	-0.00000000	41418664.0	-0.00000000	-41418320.0	-8282437.00	-0.00000000	-1244418.50	0.00000000	124246168.	0.00000000	-0.234629456E-1
   40.6400	-0.00000000	43869872.0	-0.00000000	-43869508.0	-8772603.00	-0.00000000	-1244418.50	0.00000000	131599216.	0.00000000	-0.248515140E-1
   40.6500	-0.00000000	46156344.0	-0.00000000	-46155972.0	-9229830.00	-0.00000000	-1244418.50	0.00000000	138458160.	0.00000000	-0.261467732E-1
   40.6600	-0.00000000	48270120.0	-0.00000000	-48269764.0	-9652523.00	-0.00000000	-1244418.50	0.00000000	144799024.	0.00000000	-0.273441970E-1
   40.6700	-0.00000000	50201128.0	-0.00000000	-50200784.0	-10038663.0	-0.00000000	-1244418.50	0.00000000	150591600.	0.00000000	-0.284380801E-1
   40.6800	-0.00000000	51940420.0	-0.00000000	-51940000.0	-10386458.0	-0.00000000	-1244418.50	0.00000000	155808928.	0.00000000	-0.294233318E-1
   40.6900	-0.00000000	53481396.0	-0.00000000	-53480988.0	-10694618.0	-0.00000000	-1244418.50	0.00000000	160431696.	0.00000000	-0.302963071E-1
   40.7000	-0.00000000	54816224.0	-0.00000000	-54815780.0	-10961536.0	-0.00000000	-1244418.50	0.00000000	164435744.	0.00000000	-0.310524423E-1
   40.7100	-0.00000000	55939596.0	-0.00000000	-55939140.0	-11186175.0	-0.00000000	-1244418.50	0.00000000	167805616.	0.00000000	-0.316888168E-1
   40.7200	-0.00000000	56845400.0	-0.00000000	-56844956.0	-11367309.0	-0.00000000	-1244418.50	0.00000000	170522848.	0.00000000	-0.322019421E-1
   40.7300	-0.00000000	57529856.0	-0.00000000	-57529392.0	-11504181.0	-0.00000000	-1244418.50	0.00000000	172576048.	0.00000000	-0.325896740E-1
   40.7400	-0.00000000	57988780.0	-0.00000000	-57988352.0	-11595953.0	-0.00000000	-1244418.50	0.00000000	173952704.	0.00000000	-0.328496508E-1
   40.7500	-0.00000000	58219888.0	-0.00000000	-58219452.0	-11642163.0	-0.00000000	-1244418.50	0.00000000	174645952.	0.00000000	-0.329805613E-1
   40.7600	-0.00000000	58221012.0	-0.00000000	-58220588.0	-11642391.0	-0.00000000	-1244418.50	0.00000000	174649344.	0.00000000	-0.329812020E-1
   40.7700	-0.00000000	57991428.0	-0.00000000	-57991012.0	-11596485.0	-0.00000000	-1244418.50	0.00000000	173960688.	0.00000000	-0.328511596E-1
   40.7800	-0.00000000	57530988.0	-0.00000000	-57530528.0	-11504403.0	-0.00000000	-1244418.50	0.00000000	172579408.	0.00000000	-0.325903073E-1
   40.7900	-0.00000000	56840908.0	-0.00000000	-56840452.0	-11366406.0	-0.00000000	-1244418.50	0.00000000	170509280.	0.00000000	-0.321993828E-1
   40.8000	-0.00000000	55922468.0	-0.00000000	-55922044.0	-11182752.0	-0.00000000	-1244418.50	0.00000000	167754224.	0.00000000	-0.316791125E-1
   40.8100	-0.00000000	54779148.0	-0.00000000	-54778744.0	-10954123.0	-0.00000000	-1244418.50	0.00000000	164324560.	0.00000000	-0.310314447E-1
   40.8200	-0.00000000	53413768.0	-0.00000000	-53413372.0	-10681090.0	-0.00000000	-1244418.50	0.00000000	160228752.	0.00000000	-0.302579813E-1
   40.8300	-0.00000000	51831888.0	-0.00000000	-51831452.0	-10364758.0	-0.00000000	-1244418.50	0.00000000	155483408.	0.00000000	-0.293618590E-1
   40.8400	-0.00000000	50037740.0	-0.00000000	-50037336.0	-10005988.0	-0.00000000	-1244418.50	0.00000000	150101408.	0.00000000	-0.283455122E-1
   40.8500	-0.00000000	48038184.0	-0.00000000	-48037788.0	-9606136.00	-0.00000000	-1244418.50	0.00000000	144103168.	0.00000000	-0.272127911E-1
   40.8600	-0.00000000	45841256.0	-0.00000000	-45840884.0	-9166822.00	-0.00000000	-1244418.50	0.00000000	137512960.	0.00000000	-0.259682778E-1
   40.8700	-0.00000000	43453208.0	-0.00000000	-43452868.0	-8689293.00	-0.00000000	-1244418.50	0.00000000	130349464.	0.00000000	-0.246155076E-1
   40.8800	-0.00000000	40884708.0	-0.00000000	-40884376.0	-8175667.00	-0.00000000	-1244418.50	0.00000000	122644496.	0.00000000	-0.231604818E-1
   40.8900	-0.00000000	38143204.0	-0.00000000	-38142944.0	-7627457.00	-0.00000000	-1244418.50	0.00000000	114420688.	0.00000000	-0.216074791E-1
   40.9000	-0.00000000	35241040.0	-0.00000000	-35240832.0	-7047118.00	-0.00000000	-1244418.50	0.00000000	105714936.	0.00000000	-0.199634638E-1
   40.9100	-0.00000000	32186986.0	-0.00000000	-32186750.0	-6436398.00	-0.00000000	-1244418.50	0.00000000	96553432.0	0.00000000	-0.182333831E-1
   40.9200	-0.00000000	28993584.0	-0.00000000	-28993372.0	-5797816.00	-0.00000000	-1244418.50	0.00000000	86973960.0	0.00000000	-0.164243728E-1
   40.9300	-0.00000000	25674382.0	-0.00000000	-25674138.0	-5134071.50	-0.00000000	-1244418.50	0.00000000	77017024.0	0.00000000	-0.145440800E-1
   40.9400	-0.00000000	22239414.0	-0.00000000	-22239244.0	-4447191.00	-0.00000000	-1244418.50	0.00000000	66713016.0	0.00000000	-0.125982473E-1
   40.9500	-0.00000000	18704622.0	-0.00000000	-18704492.0	-3740344.25	-0.00000000	-1244418.50	0.00000000	56109512.0	0.00000000	-0.105958553E-1
   40.9600	-0.00000000	15080967.0	-0.00000000	-15080844.0	-3015724.25	-0.00000000	-1244418.50	0.00000000	45239356.0	0.00000000	-0.854310952E-2
   40.9700	-0.00000000	11385243.0	-0.00000000	-11385155.0	-2276694.00	-0.00000000	-1244418.50	0.00000000	34153052.0	0.00000000	-0.644954434E-2
   40.9800	-0.00000000	7629060.50	-0.00000000	-7628999.00	-1525573.75	-0.00000000	-1244418.50	0.00000000	22885372.0	0.00000000	-0.432172930E-2
   40.9900	-0.00000000	3829960.00	-0.00000000	-3829932.00	-765872.875	-0.00000000	-1244418.50	0.00000000	11488980.0	0.00000000	-0.216960674E-2
   41.0000	-0.00000000	0.598756060E-6	-0.00000000	-0.598750546E-6	-0.119732462E-6	-0.00000000	-1244418.50	0.00000000	0.179612584E-5	0.00000000	-0.339184709E-15
   41.0100	-0.00000000	-3844274.50	-0.00000000	3844245.25	768735.812	-0.00000000	-1244418.50	0.00000000	-11531928.0	0.00000000	0.217771693E-2
   41.0200	-0.00000000	-7686181.00	-0.00000000	7686122.00	1536996.75	-0.00000000	-1244418.50	0.00000000	-23056734.0	0.00000000	0.435408903E-2
   41.0300	-0.00000000	-11513361.0	-0.00000000	11513277.0	2302314.50	-0.00000000	-1244418.50	0.00000000	-34537388.0	0.00000000	0.652212324E-2
   41.0400	-0.00000000	-15307657.0	-0.00000000	15307544.0	3061055.25	-0.00000000	-1244418.50	0.00000000	-45919380.0	0.00000000	0.867152587E-2
   41.0500	-0.00000000	-19056750.0	-0.00000000	19056616.0	3810757.75	-0.00000000	-1244418.50	0.00000000	-57165784.0	0.00000000	0.107953241E-1
   41.0600	-0.00000000	-22742750.0	-0.00000000	22742550.0	4547839.00	-0.00000000	-1244418.50	0.00000000	-68222864.0	0.00000000	0.128833689E-1
   41.0700	-0.00000000	-26353546.0	-0.00000000	26353336.0	5269888.50	-0.00000000	-1244418.50	0.00000000	-79054448.0	0.00000000	0.149288317E-1
   41.0800	-0.00000000	-29871768.0	-0.00000000	29871568.0	5973428.00	-0.00000000	-1244418.50	0.00000000	-89608360.0	0.00000000	0.169218574E-1
   41.0900	-0.00000000	-33285898.0	-0.00000000	33285638.0	6656139.00	-0.00000000	-1244418.50	0.00000000	-99849808.0	0.00000000	0.188558791E-1
   41.1000	-0.00000000	-36580460.0	-0.00000000	36580156.0	7314951.50	-0.00000000	-1244418.50	0.00000000	-109732752.	0.00000000	0.207221974E-1
   41.1100	-0.00000000	-39740852.0	-0.00000000	39740544.0	7946929.50	-0.00000000	-1244418.50	0.00000000	-119213160.	0.00000000	0.225125011E-1
   41.1200	-0.00000000	-42756388.0	-0.00000000	42756052.0	8549947.00	-0.00000000	-1244418.50	0.00000000	-128259104.	0.00000000	0.242207590E-1
   41.1300	-0.00000000	-45612328.0	-0.00000000	45611964.0	9121041.00	-0.00000000	-1244418.50	0.00000000	-136826192.	0.00000000	0.258385893E-1
   41.1400	-0.00000000	-48298824.0	-0.00000000	48298504.0	9658268.00	-0.00000000	-1244418.50	0.00000000	-144885232.	0.00000000	0.273604766E-1
   41.1500	-0.00000000	-50802640.0	-0.00000000	50802304.0	10158962.0	-0.00000000	-1244418.50	0.00000000	-152396192.	0.00000000	0.287788641E-1
   41.1600	-0.00000000	-53115164.0	-0.00000000	53114768.0	10621386.0	-0.00000000	-1244418.50	0.00000000	-159333088.	0.00000000	0.300888438E-1
   41.1700	-0.00000000	-55225360.0	-0.00000000	55224988.0	11043357.0	-0.00000000	-1244418.50	0.00000000	-165663168.	0.00000000	0.312842317E-1
   41.1800	-0.00000000	-57123556.0	-0.00000000	57123136.0	11422934.0	-0.00000000	-1244418.50	0.00000000	-171357280.	0.00000000	0.323595218E-1
   41.1900	-0.00000000	-58802816.0	-0.00000000	58802400.0	11758736.0	-0.00000000	-1244418.50	0.00000000	-176394672.	0.00000000	0.333107971E-1
   41.2000	-0.00000000	-60254544.0	-0.00000000	60254072.0	12049029.0	-0.00000000	-1244418.50	0.00000000	-180749392.	0.00000000	0.341331512E-1
   41.2100	-0.00000000	-61473092.0	-0.00000000	61472656.0	12292708.0	-0.00000000	-1244418.50	0.00000000	-184404896.	0.00000000	0.348234624E-1
   41.2200	-0.00000000	-62452040.0	-0.00000000	62451564.0	12488467.0	-0.00000000	-1244418.50	0.00000000	-187341488.	0.00000000	0.353780165E-1
   41.2300	-0.00000000	-63187328.0	-0.00000000	63186872.0	12635506.0	-0.00000000	-1244418.50	0.00000000	-189547216.	0.00000000	0.357945524E-1
   41.2400	-0.00000000	-63674660.0	-0.00000000	63674140.0	12732949.0	-0.00000000	-1244418.50	0.00000000	-191009008.	0.00000000	0.360706002E-1
   41.2500	-0.00000000	-63911584.0	-0.00000000	63911116.0	12780330.0	-0.00000000	-1244418.50	0.00000000	-191719760.	0.00000000	0.362048224E-1
   41.2600	-0.00000000	-63896020.0	-0.00000000	63895528.0	12777220.0	-0.00000000	-1244418.50	0.00000000	-191673088.	0.00000000	0.361960083E-1
   41.2700	-0.00000000	-63627488.0	-0.00000000	63626896.0	12723499.0	-0.00000000	-1244418.50	0.00000000	-190867264.	0.00000000	0.360438339E-1
   41.2800	-0.00000000	-63105568.0	-0.00000000	63105148.0	12619161.0	-0.00000000	-1244418.50	0.00000000	-189302048.	0.00000000	0.357482545E-1
   41.2900	-0.00000000	-62332272.0	-0.00000000	62331872.0	12464524.0	-0.00000000	-1244418.50	0.00000000	-186982320.	0.00000000	0.353101902E-1
   41.3000	-0.00000000	-61309136.0	-0.00000000	61308676.0	12259915.0	-0.00000000	-1244418.50	0.00000000	-183912960.	0.00000000	0.347305648E-1
   41.3100	-0.00000000	-60039984.0	-0.00000000	60039548.0	12006125.0	-0.00000000	-1244418.50	0.00000000	-180105824.	0.00000000	0.340116136E-1
   41.3200	-0.00000000	-58528180.0	-0.00000000	58527712.0	11703810.0	-0.00000000	-1244418.50	0.00000000	-175570720.	0.00000000	0.331551991E-1
   41.3300	-0.00000000	-56779976.0	-0.00000000	56779520.0	11354227.0	-0.00000000	-1244418.50	0.00000000	-170326576.	0.00000000	0.321648791E-1
   41.3400	-0.00000000	-54800280.0	-0.00000000	54799836.0	10958348.0	-0.00000000	-1244418.50	0.00000000	-164387904.	0.00000000	0.310434084E-1
   41.3500	-0.00000000	-52596652.0	-0.00000000	52596256.0	10517697.0	-0.00000000	-1244418.50	0.00000000	-157777648.	0.00000000	0.297951102E-1
   41.3600	-0.00000000	-50178208.0	-0.00000000	50177856.0	10034081.0	-0.00000000	-1244418.50	0.00000000	-150522848.	0.00000000	0.284250975E-1
   41.3700	-0.00000000	-47551904.0	-0.00000000	47551540.0	9508900.00	-0.00000000	-1244418.50	0.00000000	-142644512.	0.00000000	0.269373357E-1
   41.3800	-0.00000000	-44729484.0	-0.00000000	44729148.0	8944504.00	-0.00000000	-1244418.50	0.00000000	-134177920.	0.00000000	0.253384821E-1
   41.3900	-0.00000000	-41719312.0	-0.00000000	41719028.0	8342572.00	-0.00000000	-1244418.50	0.00000000	-125148248.	0.00000000	0.236332957E-1
   41.4000	-0.00000000	-38535056.0	-0.00000000	38534844.0	7705824.00	-0.00000000	-1244418.50	0.00000000	-115596288.	0.00000000	0.218294822E-1
   41.4100	-0.00000000	-35186400.0	-0.00000000	35186192.0	7036194.50	-0.00000000	-1244418.50	0.00000000	-105551080.	0.00000000	0.199325196E-1
   41.4200	-0.00000000	-31687230.0	-0.00000000	31687022.0	6336463.50	-0.00000000	-1244418.50	0.00000000	-95054304.0	0.00000000	0.179502834E-1
   41.4300	-0.00000000	-28052372.0	-0.00000000	28052152.0	5609601.50	-0.00000000	-1244418.50	0.00000000	-84150528.0	0.00000000	0.158911888E-1
   41.4400	-0.00000000	-24292994.0	-0.00000000	24292822.0	4857844.50	-0.00000000	-1244418.50	0.00000000	-72873304.0	0.00000000	0.137615697E-1
   41.4500	-0.00000000	-20426524.0	-0.00000000	20426382.0	4084673.75	-0.00000000	-1244418.50	0.00000000	-61274832.0	0.00000000	0.115712872E-1
   41.4600	-0.00000000	-16465048.0	-0.00000000	16464920.0	3292496.00	-0.00000000	-1244418.50	0.00000000	-49391256.0	0.00000000	0.932716392E-2
   41.4700	-0.00000000	-12426937.0	-0.00000000	12426838.0	2484999.75	-0.00000000	-1244418.50	0.00000000	-37277876.0	0.00000000	0.703964429E-2
   41.4800	-0.00000000	-8324934.00	-0.00000000	8324872.00	1664726.75	-0.00000000	-1244418.50	0.00000000	-24972832.0	0.00000000	0.471592974E-2
   41.4900	-0.00000000	-4178228.50	-0.00000000	4178193.50	835515.812	-0.00000000	-1244418.50	0.00000000	-12533706.0	0.00000000	0.236689532E-2
   41.5000	-0.00000000	-0.424447279E-6	-0.00000000	0.424443868E-6	0.848762625E-7	-0.00000000	-1244418.50	0.00000000	-0.127324245E-5	0.00000000	0.240442161E-15
   41.5100	-0.00000000	4191689.00	-0.00000000	-4191661.25	-838207.938	-0.00000000	-1244418.50	0.00000000	12574089.0	0.00000000	-0.237452122E-2
   41.5200	-0.00000000	8378647.50	-0.00000000	-8378583.50	-1675468.00	-0.00000000	-1244418.50	0.00000000	25133964.0	0.00000000	-0.474635838E-2
   41.5300	-0.00000000	12547399.0	-0.00000000	-12547320.0	-2509091.25	-0.00000000	-1244418.50	0.00000000	37639284.0	0.00000000	-0.710789254E-2
   41.5400	-0.00000000	16678210.0	-0.00000000	-16678078.0	-3335121.75	-0.00000000	-1244418.50	0.00000000	50030692.0	0.00000000	-0.944791641E-2
   41.5500	-0.00000000	20757662.0	-0.00000000	-20757488.0	-4150884.25	-0.00000000	-1244418.50	0.00000000	62268076.0	0.00000000	-0.117588546E-1
   41.5600	-0.00000000	24766286.0	-0.00000000	-24766122.0	-4952487.00	-0.00000000	-1244418.50	0.00000000	74293048.0	0.00000000	-0.140296780E-1
   41.5700	-0.00000000	28691040.0	-0.00000000	-28690826.0	-5737315.50	-0.00000000	-1244418.50	0.00000000	86066368.0	0.00000000	-0.162529815E-1
   41.5800	-0.00000000	32513062.0	-0.00000000	-32512786.0	-6501596.50	-0.00000000	-1244418.50	0.00000000	97531480.0	0.00000000	-0.184180811E-1
   41.5900	-0.00000000	36219768.0	-0.00000000	-36219492.0	-7242823.50	-0.00000000	-1244418.50	0.00000000	108650744.	0.00000000	-0.205178689E-1
   41.6000	-0.00000000	39794608.0	-0.00000000	-39794240.0	-7957675.00	-0.00000000	-1244418.50	0.00000000	119374344.	0.00000000	-0.225429386E-1
   41.6100	-0.00000000	43221612.0	-0.00000000	-43221292.0	-8642980.00	-0.00000000	-1244418.50	0.00000000	129654736.	0.00000000	-0.244843122E-1
   41.6200	-0.00000000	46489444.0	-0.00000000	-46489116.0	-9296446.00	-0.00000000	-1244418.50	0.00000000	139457472.	0.00000000	-0.263354853E-1
   41.6300	-0.00000000	49582136.0	-0.00000000	-49581752.0	-9914882.00	-0.00000000	-1244418.50	0.00000000	148734752.	0.00000000	-0.280874260E-1
   41.6400	-0.00000000	52489140.0	-0.00000000	-52488804.0	-10496201.0	-0.00000000	-1244418.50	0.00000000	157455168.	0.00000000	-0.297342129E-1
   41.6500	-0.00000000	55196244.0	-0.00000000	-55195776.0	-11037528.0	-0.00000000	-1244418.50	0.00000000	165575728.	0.00000000	-0.312677175E-1
   41.6600	-0.00000000	57694084.0	-0.00000000	-57693648.0	-11537014.0	-0.00000000	-1244418.50	0.00000000	173068592.	0.00000000	-0.326826908E-1
   41.6700	-0.00000000	59970904.0	-0.00000000	-59970508.0	-11992325.0	-0.00000000	-1244418.50	0.00000000	179898784.	0.00000000	-0.339725167E-1
   41.6800	-0.00000000	62016548.0	-0.00000000	-62016084.0	-12401378.0	-0.00000000	-1244418.50	0.00000000	186035056.	0.00000000	-0.351313092E-1
   41.6900	-0.00000000	63823520.0	-0.00000000	-63823004.0	-12762713.0	-0.00000000	-1244418.50	0.00000000	191455520.	0.00000000	-0.361549184E-1
   41.7000	-0.00000000	65382696.0	-0.00000000	-65382132.0	-13074484.0	-0.00000000	-1244418.50	0.00000000	196132400.	0.00000000	-0.370381176E-1
   41.7100	-0.00000000	66688044.0	-0.00000000	-66687576.0	-13335535.0	-0.00000000	-1244418.50	0.00000000	200048496.	0.00000000	-0.377776399E-1
   41.7200	-0.00000000	67733000.0	-0.00000000	-67732384.0	-13544479.0	-0.00000000	-1244418.50	0.00000000	203182880.	0.00000000	-0.383695476E-1
   41.7300	-0.00000000	68513128.0	-0.00000000	-68512608.0	-13700493.0	-0.00000000	-1244418.50	0.00000000	205523280.	0.00000000	-0.388115123E-1
   41.7400	-0.00000000	69024024.0	-0.00000000	-69023536.0	-13802674.0	-0.00000000	-1244418.50	0.00000000	207056096.	0.00000000	-0.391009748E-1
   41.7500	-0.00000000	69263448.0	-0.00000000	-69263000.0	-13850547.0	-0.00000000	-1244418.50	0.00000000	207774240.	0.00000000	-0.392365903E-1
   41.7600	-0.00000000	69229280.0	-0.00000000	-69228736.0	-13843690.0	-0.00000000	-1244418.50	0.00000000	207671392.	0.00000000	-0.392171666E-1
   41.7700	-0.00000000	68920768.0	-0.00000000	-68920280.0	-13782022.0	-0.00000000	-1244418.50	0.00000000	206746320.	0.00000000	-0.390424728E-1
   41.7800	-0.00000000	68338496.0	-0.00000000	-68337968.0	-13665569.0	-0.00000000	-1244418.50	0.00000000	204999344.	0.00000000	-0.387125723E-1
   41.7900	-0.00000000	67484152.0	-0.00000000	-67483568.0	-13494720.0	-0.00000000	-1244418.50	0.00000000	202436480.	0.00000000	-0.382285900E-1
   41.8000	-0.00000000	66359664.0	-0.00000000	-66359208.0	-13269873.0	-0.00000000	-1244418.50	0.00000000	199063472.	0.00000000	-0.375916250E-1
   41.8100	-0.00000000	64969648.0	-0.00000000	-64969240.0	-12991921.0	-0.00000000	-1244418.50	0.00000000	194893856.	0.00000000	-0.368042290E-1
   41.8200	-0.00000000	63317852.0	-0.00000000	-63317416.0	-12661613.0	-0.00000000	-1244418.50	0.00000000	189938880.	0.00000000	-0.358685143E-1
   41.8300	-0.00000000	61411256.0	-0.00000000	-61410796.0	-12280348.0	-0.00000000	-1244418.50	0.00000000	184219456.	0.00000000	-0.347884446E-1
   41.8400	-0.00000000	59255284.0	-0.00000000	-59254840.0	-11849214.0	-0.00000000	-1244418.50	0.00000000	177751952.	0.00000000	-0.335671045E-1
   41.8500	-0.00000000	56858360.0	-0.00000000	-56857932.0	-11369896.0	-0.00000000	-1244418.50	0.00000000	170561648.	0.00000000	-0.322092697E-1
   41.8600	-0.00000000	54230388.0	-0.00000000	-54229968.0	-10844390.0	-0.00000000	-1244418.50	0.00000000	162678432.	0.00000000	-0.307205841E-1
   41.8700	-0.00000000	51379208.0	-0.00000000	-51378756.0	-10274233.0	-0.00000000	-1244418.50	0.00000000	154125424.	0.00000000	-0.291054174E-1
   41.8800	-0.00000000	48317564.0	-0.00000000	-48317180.0	-9662002.00	-0.00000000	-1244418.50	0.00000000	144941248.	0.00000000	-0.273710545E-1
   41.8900	-0.00000000	45054700.0	-0.00000000	-45054364.0	-9009542.00	-0.00000000	-1244418.50	0.00000000	135153568.	0.00000000	-0.255227257E-1
   41.9000	-0.00000000	41605544.0	-0.00000000	-41605232.0	-8319817.00	-0.00000000	-1244418.50	0.00000000	124806896.	0.00000000	-0.235688351E-1
   41.9100	-0.00000000	37980600.0	-0.00000000	-37980340.0	-7594943.00	-0.00000000	-1244418.50	0.00000000	113932952.	0.00000000	-0.215153731E-1
   41.9200	-0.00000000	34195032.0	-0.00000000	-34194808.0	-6837946.00	-0.00000000	-1244418.50	0.00000000	102577112.	0.00000000	-0.193709098E-1
   41.9300	-0.00000000	30264988.0	-0.00000000	-30264744.0	-6052056.00	-0.00000000	-1244418.50	0.00000000	90787856.0	0.00000000	-0.171445981E-1
   41.9400	-0.00000000	26202596.0	-0.00000000	-26202406.0	-5239704.50	-0.00000000	-1244418.50	0.00000000	78601640.0	0.00000000	-0.148433233E-1
   41.9500	-0.00000000	22026734.0	-0.00000000	-22026588.0	-4404664.50	-0.00000000	-1244418.50	0.00000000	66075080.0	0.00000000	-0.124777770E-1
   41.9600	-0.00000000	17750506.0	-0.00000000	-17750360.0	-3549548.00	-0.00000000	-1244418.50	0.00000000	53247344.0	0.00000000	-0.100553567E-1
   41.9700	-0.00000000	13393831.0	-0.00000000	-13393720.0	-2678346.25	-0.00000000	-1244418.50	0.00000000	40178304.0	0.00000000	-0.758736720E-2
   41.9800	-0.00000000	8970440.00	-0.00000000	-8970371.00	-1793807.62	-0.00000000	-1244418.50	0.00000000	26909198.0	0.00000000	-0.508159772E-2
   41.9900	-0.00000000	4501093.50	-0.00000000	-4501059.50	-900078.438	-0.00000000	-1244418.50	0.00000000	13502220.0	0.00000000	-0.254979171E-2
   42.0000	-0.00000000	0.210943170E-6	-0.00000000	-0.210941650E-6	-0.421820836E-7	-0.00000000	-1244418.50	0.00000000	0.632780257E-6	0.00000000	-0.119495742E-15
   42.0100	-0.00000000	-4513369.50	-0.00000000	4513327.50	902532.562	-0.00000000	-1244418.50	0.00000000	-13539034.0	0.00000000	0.255674380E-2
   42.0200	-0.00000000	-9019413.00	-0.00000000	9019340.00	1803600.12	-0.00000000	-1244418.50	0.00000000	-27056094.0	0.00000000	0.510933762E-2
   42.0300	-0.00000000	-13503635.0	-0.00000000	13503544.0	2700309.50	-0.00000000	-1244418.50	0.00000000	-40507768.0	0.00000000	0.764958467E-2
   42.0400	-0.00000000	-17944852.0	-0.00000000	17944690.0	3588407.50	-0.00000000	-1244418.50	0.00000000	-53830276.0	0.00000000	0.101654390E-1
   42.0500	-0.00000000	-22328582.0	-0.00000000	22328434.0	4465025.00	-0.00000000	-1244418.50	0.00000000	-66980548.0	0.00000000	0.126487678E-1
   42.0600	-0.00000000	-26634036.0	-0.00000000	26633860.0	5325982.00	-0.00000000	-1244418.50	0.00000000	-79895920.0	0.00000000	0.150877377E-1
   42.0700	-0.00000000	-30847230.0	-0.00000000	30846976.0	6168482.00	-0.00000000	-1244418.50	0.00000000	-92534392.0	0.00000000	0.174744166E-1
   42.0800	-0.00000000	-34947832.0	-0.00000000	34947592.0	6988485.50	-0.00000000	-1244418.50	0.00000000	-104835376.	0.00000000	0.197973661E-1
   42.0900	-0.00000000	-38922632.0	-0.00000000	38922308.0	7783311.50	-0.00000000	-1244418.50	0.00000000	-116758672.	0.00000000	0.220489893E-1
   42.1000	-0.00000000	-42753720.0	-0.00000000	42753348.0	8549410.00	-0.00000000	-1244418.50	0.00000000	-128251056.	0.00000000	0.242192391E-1
   42.1100	-0.00000000	-46424252.0	-0.00000000	46423904.0	9283399.00	-0.00000000	-1244418.50	0.00000000	-139261760.	0.00000000	0.262985267E-1
   42.1200	-0.00000000	-49921968.0	-0.00000000	49921588.0	9982840.00	-0.00000000	-1244418.50	0.00000000	-149754192.	0.00000000	0.282799415E-1
   42.1300	-0.00000000	-53229916.0	-0.00000000	53229552.0	10644334.0	-0.00000000	-1244418.50	0.00000000	-159677376.	0.00000000	0.301538594E-1
   42.1400	-0.00000000	-56337112.0	-0.00000000	56336668.0	11265667.0	-0.00000000	-1244418.50	0.00000000	-168998048.	0.00000000	0.319139995E-1
   42.1500	-0.00000000	-59228140.0	-0.00000000	59227688.0	11843784.0	-0.00000000	-1244418.50	0.00000000	-177670512.	0.00000000	0.335517265E-1
   42.1600	-0.00000000	-61893288.0	-0.00000000	61892836.0	12376734.0	-0.00000000	-1244418.50	0.00000000	-185665344.	0.00000000	0.350614935E-1
   42.1700	-0.00000000	-64320244.0	-0.00000000	64319744.0	12862045.0	-0.00000000	-1244418.50	0.00000000	-192945600.	0.00000000	0.364363119E-1
   42.1800	-0.00000000	-66497980.0	-0.00000000	66497420.0	13297526.0	-0.00000000	-1244418.50	0.00000000	-199478272.	0.00000000	0.376699567E-1
   42.1900	-0.00000000	-68418824.0	-0.00000000	68418352.0	13681636.0	-0.00000000	-1244418.50	0.00000000	-205240368.	0.00000000	0.387580879E-1
   42.2000	-0.00000000	-70073080.0	-0.00000000	70072656.0	14012443.0	-0.00000000	-1244418.50	0.00000000	-210202880.	0.00000000	0.396952182E-1
   42.2100	-0.00000000	-71454864.0	-0.00000000	71454288.0	14288740.0	-0.00000000	-1244418.50	0.00000000	-214347680.	0.00000000	0.404779352E-1
   42.2200	-0.00000000	-72556824.0	-0.00000000	72556208.0	14509091.0	-0.00000000	-1244418.50	0.00000000	-217653232.	0.00000000	0.411021598E-1
   42.2300	-0.00000000	-73374720.0	-0.00000000	73374064.0	14672653.0	-0.00000000	-1244418.50	0.00000000	-220106832.	0.00000000	0.415655002E-1
   42.2400	-0.00000000	-73904032.0	-0.00000000	73903416.0	14778498.0	-0.00000000	-1244418.50	0.00000000	-221694592.	0.00000000	0.418653414E-1
   42.2500	-0.00000000	-74142336.0	-0.00000000	74141784.0	14826154.0	-0.00000000	-1244418.50	0.00000000	-222409536.	0.00000000	0.420003496E-1
   42.2600	-0.00000000	-74087712.0	-0.00000000	74087128.0	14815220.0	-0.00000000	-1244418.50	0.00000000	-222245520.	0.00000000	0.419693775E-1
   42.2700	-0.00000000	-73739760.0	-0.00000000	73739232.0	14745658.0	-0.00000000	-1244418.50	0.00000000	-221201952.	0.00000000	0.417723097E-1
   42.2800	-0.00000000	-73099000.0	-0.00000000	73098440.0	14617515.0	-0.00000000	-1244418.50	0.00000000	-219279712.	0.00000000	0.414093100E-1
   42.2900	-0.00000000	-72167664.0	-0.00000000	72167120.0	14431277.0	-0.00000000	-1244418.50	0.00000000	-216485904.	0.00000000	0.408817194E-1
   42.3000	-0.00000000	-70948000.0	-0.00000000	70947456.0	14187395.0	-0.00000000	-1244418.50	0.00000000	-212827360.	0.00000000	0.401908308E-1
   42.3100	-0.00000000	-69445104.0	-0.00000000	69444576.0	13886869.0	-0.00000000	-1244418.50	0.00000000	-208319120.	0.00000000	0.393394828E-1
   42.3200	-0.00000000	-67663192.0	-0.00000000	67662688.0	13530536.0	-0.00000000	-1244418.50	0.00000000	-202973728.	0.00000000	0.383300483E-1
   42.3300	-0.00000000	-65609956.0	-0.00000000	65609348.0	13119940.0	-0.00000000	-1244418.50	0.00000000	-196814320.	0.00000000	0.371668898E-1
   42.3400	-0.00000000	-63291204.0	-0.00000000	63290732.0	12656275.0	-0.00000000	-1244418.50	0.00000000	-189858816.	0.00000000	0.358533934E-1
   42.3500	-0.00000000	-60716432.0	-0.00000000	60715908.0	12141387.0	-0.00000000	-1244418.50	0.00000000	-182134912.	0.00000000	0.343947932E-1
   42.3600	-0.00000000	-57896224.0	-0.00000000	57895716.0	11577434.0	-0.00000000	-1244418.50	0.00000000	-173674944.	0.00000000	0.327971950E-1
   42.3700	-0.00000000	-54838996.0	-0.00000000	54838616.0	10966099.0	-0.00000000	-1244418.50	0.00000000	-164504192.	0.00000000	0.310653672E-1
   42.3800	-0.00000000	-51558836.0	-0.00000000	51558456.0	10310159.0	-0.00000000	-1244418.50	0.00000000	-154664336.	0.00000000	0.292071868E-1
   42.3900	-0.00000000	-48065596.0	-0.00000000	48065208.0	9611617.00	-0.00000000	-1244418.50	0.00000000	-144185408.	0.00000000	0.272283200E-1
   42.4000	-0.00000000	-44375252.0	-0.00000000	44374912.0	8873670.00	-0.00000000	-1244418.50	0.00000000	-133115336.	0.00000000	0.251378212E-1
   42.4100	-0.00000000	-40499284.0	-0.00000000	40498952.0	8098595.50	-0.00000000	-1244418.50	0.00000000	-121488328.	0.00000000	0.229421481E-1
   42.4200	-0.00000000	-36453912.0	-0.00000000	36453656.0	7289651.00	-0.00000000	-1244418.50	0.00000000	-109353208.	0.00000000	0.206505228E-1
   42.4300	-0.00000000	-32256532.0	-0.00000000	32256266.0	6450299.00	-0.00000000	-1244418.50	0.00000000	-96761968.0	0.00000000	0.182727631E-1
   42.4400	-0.00000000	-27920114.0	-0.00000000	27919914.0	5583154.00	-0.00000000	-1244418.50	0.00000000	-83753784.0	0.00000000	0.158162657E-1
   42.4500	-0.00000000	-23464926.0	-0.00000000	23464740.0	4692255.00	-0.00000000	-1244418.50	0.00000000	-70389272.0	0.00000000	0.132924793E-1
   42.4600	-0.00000000	-18904944.0	-0.00000000	18904800.0	3780401.75	-0.00000000	-1244418.50	0.00000000	-56710416.0	0.00000000	0.107093314E-1
   42.4700	-0.00000000	-14261517.0	-0.00000000	14261386.0	2851856.75	-0.00000000	-1244418.50	0.00000000	-42781168.0	0.00000000	0.807889830E-2
   42.4800	-0.00000000	-9549274.00	-0.00000000	9549211.00	1909559.38	-0.00000000	-1244418.50	0.00000000	-28645602.0	0.00000000	0.540950475E-2
   42.4900	-0.00000000	-4790395.00	-0.00000000	4790359.00	957930.062	-0.00000000	-1244418.50	0.00000000	-14370063.0	0.00000000	0.271367724E-2
   42.5000	-0.00000000	0.375025628E-7	-0.00000000	-0.375022431E-7	-0.749933449E-8	-0.00000000	-1244418.50	0.00000000	0.112498732E-6	0.00000000	-0.212445310E-16
   42.5100	-0.00000000	4801164.00	-0.00000000	-4801128.00	-960083.562	-0.00000000	-1244418.50	0.00000000	14402366.0	0.00000000	-0.271977740E-2
   42.5200	-0.00000000	9592243.00	-0.00000000	-9592173.00	-1918151.38	-0.00000000	-1244418.50	0.00000000	28774496.0	0.00000000	-0.543384533E-2
   42.5300	-0.00000000	14357886.0	-0.00000000	-14357752.0	-2871128.25	-0.00000000	-1244418.50	0.00000000	43070256.0	0.00000000	-0.813349057E-2
   42.5400	-0.00000000	19075470.0	-0.00000000	-19075328.0	-3814499.25	-0.00000000	-1244418.50	0.00000000	57221912.0	0.00000000	-0.108059235E-1
   42.5500	-0.00000000	23729768.0	-0.00000000	-23729620.0	-4745218.50	-0.00000000	-1244418.50	0.00000000	71183784.0	0.00000000	-0.134425173E-1
   42.5600	-0.00000000	28298670.0	-0.00000000	-28298452.0	-5658859.50	-0.00000000	-1244418.50	0.00000000	84889456.0	0.00000000	-0.160307288E-1
   42.5700	-0.00000000	32767362.0	-0.00000000	-32767132.0	-6552458.00	-0.00000000	-1244418.50	0.00000000	98294456.0	0.00000000	-0.185621623E-1
   42.5800	-0.00000000	37114472.0	-0.00000000	-37114220.0	-7421742.00	-0.00000000	-1244418.50	0.00000000	111334728.	0.00000000	-0.210247189E-1
   42.5900	-0.00000000	41325804.0	-0.00000000	-41325508.0	-8263879.00	-0.00000000	-1244418.50	0.00000000	123967776.	0.00000000	-0.234103724E-1
   42.6000	-0.00000000	45382708.0	-0.00000000	-45382356.0	-9075126.00	-0.00000000	-1244418.50	0.00000000	136137424.	0.00000000	-0.257085171E-1
   42.6100	-0.00000000	49267256.0	-0.00000000	-49266856.0	-9851916.00	-0.00000000	-1244418.50	0.00000000	147790160.	0.00000000	-0.279090498E-1
   42.6200	-0.00000000	52966616.0	-0.00000000	-52966280.0	-10591679.0	-0.00000000	-1244418.50	0.00000000	158887472.	0.00000000	-0.300046932E-1
   42.6300	-0.00000000	56462976.0	-0.00000000	-56462596.0	-11290844.0	-0.00000000	-1244418.50	0.00000000	169375744.	0.00000000	-0.319853239E-1
   42.6400	-0.00000000	59744660.0	-0.00000000	-59744236.0	-11947084.0	-0.00000000	-1244418.50	0.00000000	179220096.	0.00000000	-0.338443555E-1
   42.6500	-0.00000000	62795756.0	-0.00000000	-62795276.0	-12557198.0	-0.00000000	-1244418.50	0.00000000	188372560.	0.00000000	-0.355727263E-1
   42.6600	-0.00000000	65606000.0	-0.00000000	-65605432.0	-13119150.0	-0.00000000	-1244418.50	0.00000000	196802496.	0.00000000	-0.371646546E-1
   42.6700	-0.00000000	68162344.0	-0.00000000	-68161816.0	-13630350.0	-0.00000000	-1244418.50	0.00000000	204471072.	0.00000000	-0.386128090E-1
   42.6800	-0.00000000	70453512.0	-0.00000000	-70453008.0	-14088512.0	-0.00000000	-1244418.50	0.00000000	211344080.	0.00000000	-0.399107225E-1
   42.6900	-0.00000000	72471552.0	-0.00000000	-72471000.0	-14492057.0	-0.00000000	-1244418.50	0.00000000	217397648.	0.00000000	-0.410538949E-1
   42.7000	-0.00000000	74206320.0	-0.00000000	-74205776.0	-14838959.0	-0.00000000	-1244418.50	0.00000000	222601568.	0.00000000	-0.420366153E-1
   42.7100	-0.00000000	75651672.0	-0.00000000	-75651096.0	-15127986.0	-0.00000000	-1244418.50	0.00000000	226937344.	0.00000000	-0.428553969E-1
   42.7200	-0.00000000	76800152.0	-0.00000000	-76799664.0	-15357661.0	-0.00000000	-1244418.50	0.00000000	230382752.	0.00000000	-0.435060337E-1
   42.7300	-0.00000000	77647824.0	-0.00000000	-77647168.0	-15527130.0	-0.00000000	-1244418.50	0.00000000	232924960.	0.00000000	-0.439861119E-1
   42.7400	-0.00000000	78189448.0	-0.00000000	-78188888.0	-15635458.0	-0.00000000	-1244418.50	0.00000000	234550016.	0.00000000	-0.442929901E-1
   42.7500	-0.00000000	78423136.0	-0.00000000	-78422544.0	-15682188.0	-0.00000000	-1244418.50	0.00000000	235251056.	0.00000000	-0.444253758E-1
   42.7600	-0.00000000	78346896.0	-0.00000000	-78346272.0	-15666943.0	-0.00000000	-1244418.50	0.00000000	235022320.	0.00000000	-0.443821810E-1
   42.7700	-0.00000000	77960800.0	-0.00000000	-77960112.0	-15589716.0	-0.00000000	-1244418.50	0.00000000	233863776.	0.00000000	-0.441634022E-1
   42.7800	-0.00000000	77265104.0	-0.00000000	-77264520.0	-15450616.0	-0.00000000	-1244418.50	0.00000000	231777136.	0.00000000	-0.437693521E-1
   42.7900	-0.00000000	76262728.0	-0.00000000	-76262192.0	-15250180.0	-0.00000000	-1244418.50	0.00000000	228770416.	0.00000000	-0.432015546E-1
   42.8000	-0.00000000	74956344.0	-0.00000000	-74955824.0	-14988940.0	-0.00000000	-1244418.50	0.00000000	224851456.	0.00000000	-0.424614921E-1
   42.8100	-0.00000000	73351400.0	-0.00000000	-73350832.0	-14667995.0	-0.00000000	-1244418.50	0.00000000	220036960.	0.00000000	-0.415523089E-1
   42.8200	-0.00000000	71452576.0	-0.00000000	-71451968.0	-14288274.0	-0.00000000	-1244418.50	0.00000000	214340656.	0.00000000	-0.404766090E-1
   42.8300	-0.00000000	69267976.0	-0.00000000	-69267512.0	-13851442.0	-0.00000000	-1244418.50	0.00000000	207787680.	0.00000000	-0.392391235E-1
   42.8400	-0.00000000	66804400.0	-0.00000000	-66803848.0	-13358796.0	-0.00000000	-1244418.50	0.00000000	200397424.	0.00000000	-0.378435366E-1
   42.8500	-0.00000000	64071628.0	-0.00000000	-64071096.0	-12812331.0	-0.00000000	-1244418.50	0.00000000	192199824.	0.00000000	-0.362954773E-1
   42.8600	-0.00000000	61081352.0	-0.00000000	-61080816.0	-12214358.0	-0.00000000	-1244418.50	0.00000000	183229536.	0.00000000	-0.346015058E-1
   42.8700	-0.00000000	57842424.0	-0.00000000	-57841972.0	-11566685.0	-0.00000000	-1244418.50	0.00000000	173513696.	0.00000000	-0.327667445E-1
   42.8800	-0.00000000	54369880.0	-0.00000000	-54369480.0	-10872284.0	-0.00000000	-1244418.50	0.00000000	163096880.	0.00000000	-0.307996068E-1
   42.8900	-0.00000000	50674308.0	-0.00000000	-50673952.0	-10133291.0	-0.00000000	-1244418.50	0.00000000	152011120.	0.00000000	-0.287061445E-1
   42.9000	-0.00000000	46772832.0	-0.00000000	-46772444.0	-9353109.00	-0.00000000	-1244418.50	0.00000000	140307472.	0.00000000	-0.264960025E-1
   42.9100	-0.00000000	42677488.0	-0.00000000	-42677152.0	-8534168.00	-0.00000000	-1244418.50	0.00000000	128022408.	0.00000000	-0.241760612E-1
   42.9200	-0.00000000	38405572.0	-0.00000000	-38405300.0	-7679924.00	-0.00000000	-1244418.50	0.00000000	115207760.	0.00000000	-0.217561107E-1
   42.9300	-0.00000000	33975532.0	-0.00000000	-33975304.0	-6794053.00	-0.00000000	-1244418.50	0.00000000	101918680.	0.00000000	-0.192465689E-1
   42.9400	-0.00000000	29401194.0	-0.00000000	-29400984.0	-5879327.00	-0.00000000	-1244418.50	0.00000000	88196712.0	0.00000000	-0.166552812E-1
   42.9500	-0.00000000	24703940.0	-0.00000000	-24703750.0	-4940019.50	-0.00000000	-1244418.50	0.00000000	74106016.0	0.00000000	-0.139943585E-1
   42.9600	-0.00000000	19898556.0	-0.00000000	-19898400.0	-3979092.25	-0.00000000	-1244418.50	0.00000000	59690992.0	0.00000000	-0.112721911E-1
   42.9700	-0.00000000	15007582.0	-0.00000000	-15007459.0	-3001046.75	-0.00000000	-1244418.50	0.00000000	45019192.0	0.00000000	-0.850153156E-2
   42.9800	-0.00000000	10046506.0	-0.00000000	-10046430.0	-2008987.62	-0.00000000	-1244418.50	0.00000000	30137144.0	0.00000000	-0.569117116E-2
   42.9900	-0.00000000	5038654.50	-0.00000000	-5038616.00	-1007574.31	-0.00000000	-1244418.50	0.00000000	15114783.0	0.00000000	-0.285431207E-2
   43.0000	-0.00000000	-0.314898671E-6	-0.00000000	0.314896482E-6	0.629699457E-7	-0.00000000	-1244418.50	0.00000000	-0.944622343E-6	0.00000000	0.178384755E-15
   43.0100	-0.00000000	-5047643.50	-0.00000000	5047602.50	1009370.69	-0.00000000	-1244418.50	0.00000000	-15141733.0	0.00000000	0.285940105E-2
   43.0200	-0.00000000	-10082359.0	-0.00000000	10082265.0	2016155.00	-0.00000000	-1244418.50	0.00000000	-30244666.0	0.00000000	0.571147539E-2
   43.0300	-0.00000000	-15087968.0	-0.00000000	15087848.0	3017122.75	-0.00000000	-1244418.50	0.00000000	-45260340.0	0.00000000	0.854707230E-2
   43.0400	-0.00000000	-20040796.0	-0.00000000	20040634.0	4007534.75	-0.00000000	-1244418.50	0.00000000	-60117676.0	0.00000000	0.113527663E-1
   43.0500	-0.00000000	-24924880.0	-0.00000000	24924688.0	4984200.00	-0.00000000	-1244418.50	0.00000000	-74768784.0	0.00000000	0.141195171E-1
   43.0600	-0.00000000	-29717002.0	-0.00000000	29716806.0	5942479.50	-0.00000000	-1244418.50	0.00000000	-89144072.0	0.00000000	0.168341827E-1
   43.0700	-0.00000000	-34401704.0	-0.00000000	34401472.0	6879273.00	-0.00000000	-1244418.50	0.00000000	-103197080.	0.00000000	0.194879845E-1
   43.0800	-0.00000000	-38956620.0	-0.00000000	38956336.0	7790112.00	-0.00000000	-1244418.50	0.00000000	-116860720.	0.00000000	0.220682602E-1
   43.0900	-0.00000000	-43366944.0	-0.00000000	43366628.0	8672047.00	-0.00000000	-1244418.50	0.00000000	-130090744.	0.00000000	0.245666504E-1
   43.1000	-0.00000000	-47613180.0	-0.00000000	47612836.0	9521161.00	-0.00000000	-1244418.50	0.00000000	-142828464.	0.00000000	0.269720703E-1
   43.1100	-0.00000000	-51676792.0	-0.00000000	51676412.0	10333745.0	-0.00000000	-1244418.50	0.00000000	-155018160.	0.00000000	0.292740036E-1
   43.1200	-0.00000000	-55544260.0	-0.00000000	55543832.0	11107125.0	-0.00000000	-1244418.50	0.00000000	-166619744.	0.00000000	0.314648747E-1
   43.1300	-0.00000000	-59197116.0	-0.00000000	59196656.0	11837585.0	-0.00000000	-1244418.50	0.00000000	-177577504.	0.00000000	0.335341617E-1
   43.1400	-0.00000000	-62623324.0	-0.00000000	62622836.0	12522715.0	-0.00000000	-1244418.50	0.00000000	-187855216.	0.00000000	0.354750343E-1
   43.1500	-0.00000000	-65806208.0	-0.00000000	65805756.0	13159195.0	-0.00000000	-1244418.50	0.00000000	-197403200.	0.00000000	0.372780971E-1
   43.1600	-0.00000000	-68735272.0	-0.00000000	68734800.0	13744922.0	-0.00000000	-1244418.50	0.00000000	-206189744.	0.00000000	0.389373675E-1
   43.1700	-0.00000000	-71397168.0	-0.00000000	71396592.0	14277219.0	-0.00000000	-1244418.50	0.00000000	-214174800.	0.00000000	0.404452868E-1
   43.1800	-0.00000000	-73780072.0	-0.00000000	73779616.0	14753734.0	-0.00000000	-1244418.50	0.00000000	-221323088.	0.00000000	0.417951830E-1
   43.1900	-0.00000000	-75875928.0	-0.00000000	75875424.0	15172833.0	-0.00000000	-1244418.50	0.00000000	-227610080.	0.00000000	0.429824367E-1
   43.2000	-0.00000000	-77674432.0	-0.00000000	77673832.0	15532459.0	-0.00000000	-1244418.50	0.00000000	-233004928.	0.00000000	0.440012105E-1
   43.2100	-0.00000000	-79169160.0	-0.00000000	79168472.0	15831360.0	-0.00000000	-1244418.50	0.00000000	-237488800.	0.00000000	0.448479541E-1
   43.2200	-0.00000000	-80352568.0	-0.00000000	80352048.0	16068026.0	-0.00000000	-1244418.50	0.00000000	-241039008.	0.00000000	0.455183871E-1
   43.2300	-0.00000000	-81220720.0	-0.00000000	81220064.0	16241603.0	-0.00000000	-1244418.50	0.00000000	-243642880.	0.00000000	0.460101105E-1
   43.2400	-0.00000000	-81768544.0	-0.00000000	81767944.0	16351164.0	-0.00000000	-1244418.50	0.00000000	-245286448.	0.00000000	0.463204831E-1
   43.2500	-0.00000000	-81994112.0	-0.00000000	81993512.0	16396273.0	-0.00000000	-1244418.50	0.00000000	-245963104.	0.00000000	0.464482680E-1
   43.2600	-0.00000000	-81895680.0	-0.00000000	81894984.0	16376577.0	-0.00000000	-1244418.50	0.00000000	-245667648.	0.00000000	0.463924706E-1
   43.2700	-0.00000000	-81473304.0	-0.00000000	81472664.0	16292119.0	-0.00000000	-1244418.50	0.00000000	-244400672.	0.00000000	0.461532101E-1
   43.2800	-0.00000000	-80727840.0	-0.00000000	80727208.0	16143049.0	-0.00000000	-1244418.50	0.00000000	-242164480.	0.00000000	0.457309224E-1
   43.2900	-0.00000000	-79662408.0	-0.00000000	79661720.0	15929991.0	-0.00000000	-1244418.50	0.00000000	-238968320.	0.00000000	0.451273546E-1
   43.3000	-0.00000000	-78279776.0	-0.00000000	78279232.0	15653519.0	-0.00000000	-1244418.50	0.00000000	-234820944.	0.00000000	0.443441533E-1
   43.3100	-0.00000000	-76586032.0	-0.00000000	76585520.0	15314845.0	-0.00000000	-1244418.50	0.00000000	-229740416.	0.00000000	0.433847308E-1
   43.3200	-0.00000000	-74586408.0	-0.00000000	74585896.0	14914965.0	-0.00000000	-1244418.50	0.00000000	-223741776.	0.00000000	0.422519334E-1
   43.3300	-0.00000000	-72289600.0	-0.00000000	72289024.0	14455666.0	-0.00000000	-1244418.50	0.00000000	-216851744.	0.00000000	0.409508087E-1
   43.3400	-0.00000000	-69702608.0	-0.00000000	69702064.0	13938350.0	-0.00000000	-1244418.50	0.00000000	-209091392.	0.00000000	0.394853204E-1
   43.3500	-0.00000000	-66836088.0	-0.00000000	66835500.0	13365123.0	-0.00000000	-1244418.50	0.00000000	-200492336.	0.00000000	0.378614590E-1
   43.3600	-0.00000000	-63702168.0	-0.00000000	63701636.0	12738441.0	-0.00000000	-1244418.50	0.00000000	-191091408.	0.00000000	0.360861607E-1
   43.3700	-0.00000000	-60310500.0	-0.00000000	60310092.0	12060228.0	-0.00000000	-1244418.50	0.00000000	-180917392.	0.00000000	0.341648757E-1
   43.3800	-0.00000000	-56676872.0	-0.00000000	56676480.0	11333612.0	-0.00000000	-1244418.50	0.00000000	-170017312.	0.00000000	0.321064778E-1
   43.3900	-0.00000000	-52812468.0	-0.00000000	52812088.0	10560855.0	-0.00000000	-1244418.50	0.00000000	-158425072.	0.00000000	0.299173705E-1
   43.4000	-0.00000000	-48735296.0	-0.00000000	48734892.0	9745532.00	-0.00000000	-1244418.50	0.00000000	-146194304.	0.00000000	0.276076812E-1
   43.4100	-0.00000000	-44457936.0	-0.00000000	44457600.0	8890207.00	-0.00000000	-1244418.50	0.00000000	-133363408.	0.00000000	0.251846667E-1
   43.4200	-0.00000000	-39998748.0	-0.00000000	39998444.0	7998500.50	-0.00000000	-1244418.50	0.00000000	-119986808.	0.00000000	0.226585958E-1
   43.4300	-0.00000000	-35376832.0	-0.00000000	35376588.0	7074273.00	-0.00000000	-1244418.50	0.00000000	-106122312.	0.00000000	0.200403929E-1
   43.4400	-0.00000000	-30606928.0	-0.00000000	30606656.0	6120426.50	-0.00000000	-1244418.50	0.00000000	-91813496.0	0.00000000	0.173382815E-1
   43.4500	-0.00000000	-25711140.0	-0.00000000	25710952.0	5141430.50	-0.00000000	-1244418.50	0.00000000	-77127424.0	0.00000000	0.145649286E-1
   43.4600	-0.00000000	-20705136.0	-0.00000000	20704972.0	4140383.50	-0.00000000	-1244418.50	0.00000000	-62110552.0	0.00000000	0.117291063E-1
   43.4700	-0.00000000	-15612351.0	-0.00000000	15612226.0	3121984.75	-0.00000000	-1244418.50	0.00000000	-46833396.0	0.00000000	0.884413067E-2
   43.4800	-0.00000000	-10448987.0	-0.00000000	10448900.0	2089471.88	-0.00000000	-1244418.50	0.00000000	-31344504.0	0.00000000	0.591917150E-2
   43.4900	-0.00000000	-5239323.00	-0.00000000	5239285.00	1047702.19	-0.00000000	-1244418.50	0.00000000	-15716748.0	0.00000000	0.296798861E-2
   43.5000	-0.00000000	-0.572631336E-6	-0.00000000	0.572626959E-6	0.114508481E-6	-0.00000000	-1244418.50	0.00000000	-0.171775991E-5	0.00000000	0.324385931E-15
   43.5100	-0.00000000	5246287.50	-0.00000000	-5246246.50	-1049093.75	-0.00000000	-1244418.50	0.00000000	15737621.0	0.00000000	-0.297193043E-2
   43.5200	-0.00000000	10476750.0	-0.00000000	-10476672.0	-2095024.50	-0.00000000	-1244418.50	0.00000000	31427792.0	0.00000000	-0.593490014E-2
   43.5300	-0.00000000	15674632.0	-0.00000000	-15674512.0	-3134438.00	-0.00000000	-1244418.50	0.00000000	47020200.0	0.00000000	-0.887940824E-2
   43.5400	-0.00000000	20815308.0	-0.00000000	-20815168.0	-4162416.75	-0.00000000	-1244418.50	0.00000000	62441084.0	0.00000000	-0.117915245E-1
   43.5500	-0.00000000	25882300.0	-0.00000000	-25882108.0	-5175655.00	-0.00000000	-1244418.50	0.00000000	77640840.0	0.00000000	-0.146618821E-1
   43.5600	-0.00000000	30851546.0	-0.00000000	-30851320.0	-6169347.00	-0.00000000	-1244418.50	0.00000000	92547360.0	0.00000000	-0.174768660E-1
   43.5700	-0.00000000	35706988.0	-0.00000000	-35706716.0	-7140289.00	-0.00000000	-1244418.50	0.00000000	107112600.	0.00000000	-0.202274024E-1
   43.5800	-0.00000000	40425628.0	-0.00000000	-40425284.0	-8083859.00	-0.00000000	-1244418.50	0.00000000	121267256.	0.00000000	-0.229004007E-1
   43.5900	-0.00000000	44992068.0	-0.00000000	-44991736.0	-8997012.00	-0.00000000	-1244418.50	0.00000000	134965616.	0.00000000	-0.254872311E-1
   43.6000	-0.00000000	49386252.0	-0.00000000	-49385872.0	-9875712.00	-0.00000000	-1244418.50	0.00000000	148147136.	0.00000000	-0.279764626E-1
   43.6100	-0.00000000	53589040.0	-0.00000000	-53588588.0	-10716133.0	-0.00000000	-1244418.50	0.00000000	160754432.	0.00000000	-0.303572528E-1
   43.6200	-0.00000000	57586616.0	-0.00000000	-57586212.0	-11515530.0	-0.00000000	-1244418.50	0.00000000	172746304.	0.00000000	-0.326218270E-1
   43.6300	-0.00000000	61359896.0	-0.00000000	-61359508.0	-12270074.0	-0.00000000	-1244418.50	0.00000000	184065344.	0.00000000	-0.347593427E-1
   43.6400	-0.00000000	64896584.0	-0.00000000	-64896180.0	-12977308.0	-0.00000000	-1244418.50	0.00000000	194674656.	0.00000000	-0.367628299E-1
   43.6500	-0.00000000	68179680.0	-0.00000000	-68179168.0	-13633816.0	-0.00000000	-1244418.50	0.00000000	204523040.	0.00000000	-0.386226252E-1
   43.6600	-0.00000000	71198328.0	-0.00000000	-71197792.0	-14237454.0	-0.00000000	-1244418.50	0.00000000	213578336.	0.00000000	-0.403326452E-1
   43.6700	-0.00000000	73938992.0	-0.00000000	-73938376.0	-14785486.0	-0.00000000	-1244418.50	0.00000000	221799440.	0.00000000	-0.418851413E-1
   43.6800	-0.00000000	76389512.0	-0.00000000	-76388968.0	-15275523.0	-0.00000000	-1244418.50	0.00000000	229150560.	0.00000000	-0.432733446E-1
   43.6900	-0.00000000	78541752.0	-0.00000000	-78541176.0	-15705909.0	-0.00000000	-1244418.50	0.00000000	235606816.	0.00000000	-0.444925576E-1
   43.7000	-0.00000000	80385272.0	-0.00000000	-80384656.0	-16074548.0	-0.00000000	-1244418.50	0.00000000	241136832.	0.00000000	-0.455368645E-1
   43.7100	-0.00000000	81913664.0	-0.00000000	-81913040.0	-16380187.0	-0.00000000	-1244418.50	0.00000000	245721840.	0.00000000	-0.464027040E-1
   43.7200	-0.00000000	83119456.0	-0.00000000	-83118888.0	-16621319.0	-0.00000000	-1244418.50	0.00000000	249339024.	0.00000000	-0.470857844E-1
   43.7300	-0.00000000	83998536.0	-0.00000000	-83997952.0	-16797090.0	-0.00000000	-1244418.50	0.00000000	251975856.	0.00000000	-0.475837253E-1
   43.7400	-0.00000000	84546232.0	-0.00000000	-84545512.0	-16906598.0	-0.00000000	-1244418.50	0.00000000	253618544.	0.00000000	-0.478939377E-1
   43.7500	-0.00000000	84760280.0	-0.00000000	-84759680.0	-16949424.0	-0.00000000	-1244418.50	0.00000000	254261024.	0.00000000	-0.480152629E-1
   43.7600	-0.00000000	84639488.0	-0.00000000	-84638776.0	-16925256.0	-0.00000000	-1244418.50	0.00000000	253898448.	0.00000000	-0.479467958E-1
   43.7700	-0.00000000	84184104.0	-0.00000000	-84183344.0	-16834182.0	-0.00000000	-1244418.50	0.00000000	252532272.	0.00000000	-0.476888008E-1
   43.7800	-0.00000000	83394928.0	-0.00000000	-83394376.0	-16676407.0	-0.00000000	-1244418.50	0.00000000	250165456.	0.00000000	-0.472418480E-1
   43.7900	-0.00000000	82275880.0	-0.00000000	-82275232.0	-16452616.0	-0.00000000	-1244418.50	0.00000000	246808272.	0.00000000	-0.466078706E-1
   43.8000	-0.00000000	80829752.0	-0.00000000	-80829216.0	-16163440.0	-0.00000000	-1244418.50	0.00000000	242470320.	0.00000000	-0.457886830E-1
   43.8100	-0.00000000	79063272.0	-0.00000000	-79062696.0	-15810184.0	-0.00000000	-1244418.50	0.00000000	237171104.	0.00000000	-0.447879620E-1
   43.8200	-0.00000000	76981456.0	-0.00000000	-76980976.0	-15393918.0	-0.00000000	-1244418.50	0.00000000	230926608.	0.00000000	-0.436087362E-1
   43.8300	-0.00000000	74594216.0	-0.00000000	-74593672.0	-14916525.0	-0.00000000	-1244418.50	0.00000000	223765168.	0.00000000	-0.422563516E-1
   43.8400	-0.00000000	71908672.0	-0.00000000	-71908048.0	-14379486.0	-0.00000000	-1244418.50	0.00000000	215708976.	0.00000000	-0.407350026E-1
   43.8500	-0.00000000	68935816.0	-0.00000000	-68935280.0	-13785025.0	-0.00000000	-1244418.50	0.00000000	206791408.	0.00000000	-0.390509851E-1
   43.8600	-0.00000000	65688768.0	-0.00000000	-65688324.0	-13135714.0	-0.00000000	-1244418.50	0.00000000	197050960.	0.00000000	-0.372115746E-1
   43.8700	-0.00000000	62177456.0	-0.00000000	-62177012.0	-12433561.0	-0.00000000	-1244418.50	0.00000000	186517840.	0.00000000	-0.352224782E-1
   43.8800	-0.00000000	58418284.0	-0.00000000	-58417864.0	-11681837.0	-0.00000000	-1244418.50	0.00000000	175241120.	0.00000000	-0.330929533E-1
   43.8900	-0.00000000	54423028.0	-0.00000000	-54422536.0	-10882899.0	-0.00000000	-1244418.50	0.00000000	163256096.	0.00000000	-0.308296736E-1
   43.9000	-0.00000000	50210144.0	-0.00000000	-50209772.0	-10040467.0	-0.00000000	-1244418.50	0.00000000	150618656.	0.00000000	-0.284431893E-1
   43.9100	-0.00000000	45793116.0	-0.00000000	-45792812.0	-9157204.00	-0.00000000	-1244418.50	0.00000000	137368688.	0.00000000	-0.259410348E-1
   43.9200	-0.00000000	41190832.0	-0.00000000	-41190488.0	-8236877.50	-0.00000000	-1244418.50	0.00000000	123562720.	0.00000000	-0.233338811E-1
   43.9300	-0.00000000	36423064.0	-0.00000000	-36422804.0	-7283476.50	-0.00000000	-1244418.50	0.00000000	109260584.	0.00000000	-0.206330325E-1
   43.9400	-0.00000000	31504962.0	-0.00000000	-31504720.0	-6300012.00	-0.00000000	-1244418.50	0.00000000	94507496.0	0.00000000	-0.178470220E-1
   43.9500	-0.00000000	26459676.0	-0.00000000	-26459460.0	-5291108.00	-0.00000000	-1244418.50	0.00000000	79372760.0	0.00000000	-0.149889430E-1
   43.9600	-0.00000000	21303136.0	-0.00000000	-21302988.0	-4259966.00	-0.00000000	-1244418.50	0.00000000	63904432.0	0.00000000	-0.120678674E-1
   43.9700	-0.00000000	16059687.0	-0.00000000	-16059567.0	-3211437.00	-0.00000000	-1244418.50	0.00000000	48175272.0	0.00000000	-0.909753516E-2
   43.9800	-0.00000000	10745976.0	-0.00000000	-10745889.0	-2148860.00	-0.00000000	-1244418.50	0.00000000	32235392.0	0.00000000	-0.608740933E-2
   43.9900	-0.00000000	5387043.50	-0.00000000	-5387003.00	-1077240.12	-0.00000000	-1244418.50	0.00000000	16159850.0	0.00000000	-0.305166515E-2
   44.0000	-0.00000000	0.294269057E-6	-0.00000000	-0.294266840E-6	-0.588446518E-7	-0.00000000	-1244418.50	0.00000000	0.882737936E-6	0.00000000	-0.166698360E-15
   44.0100	-0.00000000	-5391788.50	-0.00000000	5391744.00	1078189.25	-0.00000000	-1244418.50	0.00000000	-16174089.0	0.00000000	0.305435411E-2
   44.0200	-0.00000000	-10764916.0	-0.00000000	10764834.0	2152647.75	-0.00000000	-1244418.50	0.00000000	-32292210.0	0.00000000	0.609813910E-2
   44.0300	-0.00000000	-16102183.0	-0.00000000	16102056.0	3219931.25	-0.00000000	-1244418.50	0.00000000	-48302708.0	0.00000000	0.912159961E-2
   44.0400	-0.00000000	-21378300.0	-0.00000000	21378140.0	4274997.00	-0.00000000	-1244418.50	0.00000000	-64129900.0	0.00000000	0.121104447E-1
   44.0500	-0.00000000	-26576394.0	-0.00000000	26576218.0	5314455.00	-0.00000000	-1244418.50	0.00000000	-79722984.0	0.00000000	0.150550809E-1
   44.0600	-0.00000000	-31671848.0	-0.00000000	31671612.0	6333383.50	-0.00000000	-1244418.50	0.00000000	-95008096.0	0.00000000	0.179415587E-1
   44.0700	-0.00000000	-36648244.0	-0.00000000	36647992.0	7328508.00	-0.00000000	-1244418.50	0.00000000	-109936128.	0.00000000	0.207606032E-1
   44.0800	-0.00000000	-41481984.0	-0.00000000	41481648.0	8295104.50	-0.00000000	-1244418.50	0.00000000	-124436192.	0.00000000	0.234988295E-1
   44.0900	-0.00000000	-46157488.0	-0.00000000	46157164.0	9230064.00	-0.00000000	-1244418.50	0.00000000	-138461664.	0.00000000	0.261474345E-1
   44.1000	-0.00000000	-50654216.0	-0.00000000	50653900.0	10129271.0	-0.00000000	-1244418.50	0.00000000	-151950800.	0.00000000	0.286947545E-1
   44.1100	-0.00000000	-54952680.0	-0.00000000	54952220.0	10988822.0	-0.00000000	-1244418.50	0.00000000	-164845088.	0.00000000	0.311297439E-1
   44.1200	-0.00000000	-59038804.0	-0.00000000	59038404.0	11805932.0	-0.00000000	-1244418.50	0.00000000	-177102688.	0.00000000	0.334444977E-1
   44.1300	-0.00000000	-62893324.0	-0.00000000	62892832.0	12576710.0	-0.00000000	-1244418.50	0.00000000	-188665248.	0.00000000	0.356279984E-1
   44.1400	-0.00000000	-66503640.0	-0.00000000	66503112.0	13298659.0	-0.00000000	-1244418.50	0.00000000	-199495280.	0.00000000	0.376731679E-1
   44.1500	-0.00000000	-69852448.0	-0.00000000	69851912.0	13968321.0	-0.00000000	-1244418.50	0.00000000	-209540976.	0.00000000	0.395702235E-1
   44.1600	-0.00000000	-72928992.0	-0.00000000	72928376.0	14583524.0	-0.00000000	-1244418.50	0.00000000	-218769776.	0.00000000	0.413130112E-1
   44.1700	-0.00000000	-75719296.0	-0.00000000	75718776.0	15141514.0	-0.00000000	-1244418.50	0.00000000	-227140240.	0.00000000	0.428937115E-1
   44.1800	-0.00000000	-78211568.0	-0.00000000	78210944.0	15639871.0	-0.00000000	-1244418.50	0.00000000	-234616224.	0.00000000	0.443054922E-1
   44.1900	-0.00000000	-80397216.0	-0.00000000	80396712.0	16076950.0	-0.00000000	-1244418.50	0.00000000	-241172880.	0.00000000	0.455436707E-1
   44.2000	-0.00000000	-82266024.0	-0.00000000	82265408.0	16450649.0	-0.00000000	-1244418.50	0.00000000	-246778816.	0.00000000	0.466023050E-1
   44.2100	-0.00000000	-83811712.0	-0.00000000	83810968.0	16759720.0	-0.00000000	-1244418.50	0.00000000	-251415216.	0.00000000	0.474778563E-1
   44.2200	-0.00000000	-85026568.0	-0.00000000	85025880.0	17002658.0	-0.00000000	-1244418.50	0.00000000	-255059616.	0.00000000	0.481660701E-1
   44.2300	-0.00000000	-85906656.0	-0.00000000	85905952.0	17178654.0	-0.00000000	-1244418.50	0.00000000	-257699728.	0.00000000	0.486646332E-1
   44.2400	-0.00000000	-86447464.0	-0.00000000	86446824.0	17286810.0	-0.00000000	-1244418.50	0.00000000	-259322208.	0.00000000	0.489710271E-1
   44.2500	-0.00000000	-86647256.0	-0.00000000	86646656.0	17326758.0	-0.00000000	-1244418.50	0.00000000	-259921456.	0.00000000	0.490841903E-1
   44.2600	-0.00000000	-86504400.0	-0.00000000	86503920.0	17298214.0	-0.00000000	-1244418.50	0.00000000	-259493264.	0.00000000	0.490033329E-1
   44.2700	-0.00000000	-86019992.0	-0.00000000	86019328.0	17201318.0	-0.00000000	-1244418.50	0.00000000	-258039728.	0.00000000	0.487288460E-1
   44.2800	-0.00000000	-85194888.0	-0.00000000	85194216.0	17036324.0	-0.00000000	-1244418.50	0.00000000	-255564656.	0.00000000	0.482614450E-1
   44.2900	-0.00000000	-84033024.0	-0.00000000	84032312.0	16803976.0	-0.00000000	-1244418.50	0.00000000	-252079136.	0.00000000	0.476032309E-1
   44.3000	-0.00000000	-82537688.0	-0.00000000	82537040.0	16504969.0	-0.00000000	-1244418.50	0.00000000	-247593696.	0.00000000	0.467561893E-1
   44.3100	-0.00000000	-80715960.0	-0.00000000	80715312.0	16140674.0	-0.00000000	-1244418.50	0.00000000	-242128832.	0.00000000	0.457241908E-1
   44.3200	-0.00000000	-78573320.0	-0.00000000	78572760.0	15712222.0	-0.00000000	-1244418.50	0.00000000	-235701600.	0.00000000	0.445104539E-1
   44.3300	-0.00000000	-76119712.0	-0.00000000	76119176.0	15221589.0	-0.00000000	-1244418.50	0.00000000	-228341488.	0.00000000	0.431205556E-1
   44.3400	-0.00000000	-73363032.0	-0.00000000	73362496.0	14670321.0	-0.00000000	-1244418.50	0.00000000	-220071840.	0.00000000	0.415588953E-1
   44.3500	-0.00000000	-70314536.0	-0.00000000	70314008.0	14060723.0	-0.00000000	-1244418.50	0.00000000	-210927184.	0.00000000	0.398319960E-1
   44.3600	-0.00000000	-66987716.0	-0.00000000	66987244.0	13395460.0	-0.00000000	-1244418.50	0.00000000	-200947440.	0.00000000	0.379473977E-1
   44.3700	-0.00000000	-63392920.0	-0.00000000	63392468.0	12676617.0	-0.00000000	-1244418.50	0.00000000	-190163952.	0.00000000	0.359110199E-1
   44.3800	-0.00000000	-59547092.0	-0.00000000	59546632.0	11907567.0	-0.00000000	-1244418.50	0.00000000	-178627280.	0.00000000	0.337324068E-1
   44.3900	-0.00000000	-55462320.0	-0.00000000	55461884.0	11090733.0	-0.00000000	-1244418.50	0.00000000	-166373872.	0.00000000	0.314184427E-1
   44.4000	-0.00000000	-51157756.0	-0.00000000	51157356.0	10229953.0	-0.00000000	-1244418.50	0.00000000	-153461168.	0.00000000	0.289799739E-1
   44.4100	-0.00000000	-46647060.0	-0.00000000	46646692.0	9327958.00	-0.00000000	-1244418.50	0.00000000	-139930208.	0.00000000	0.264247563E-1
   44.4200	-0.00000000	-41949656.0	-0.00000000	41949296.0	8388616.00	-0.00000000	-1244418.50	0.00000000	-125838960.	0.00000000	0.237637330E-1
   44.4300	-0.00000000	-37085828.0	-0.00000000	37085544.0	7416011.50	-0.00000000	-1244418.50	0.00000000	-111248768.	0.00000000	0.210084859E-1
   44.4400	-0.00000000	-32071156.0	-0.00000000	32070914.0	6413233.50	-0.00000000	-1244418.50	0.00000000	-96205944.0	0.00000000	0.181677621E-1
   44.4500	-0.00000000	-26929216.0	-0.00000000	26929054.0	5385008.50	-0.00000000	-1244418.50	0.00000000	-80781376.0	0.00000000	0.152549492E-1
   44.4600	-0.00000000	-21676404.0	-0.00000000	21676248.0	4334610.00	-0.00000000	-1244418.50	0.00000000	-65024172.0	0.00000000	0.122793214E-1
   44.4700	-0.00000000	-16337494.0	-0.00000000	16337351.0	3266986.25	-0.00000000	-1244418.50	0.00000000	-49008576.0	0.00000000	0.925489794E-2
   44.4800	-0.00000000	-10929439.0	-0.00000000	10929358.0	2185546.75	-0.00000000	-1244418.50	0.00000000	-32785738.0	0.00000000	0.619133748E-2
   44.4900	-0.00000000	-5477796.50	-0.00000000	5477757.00	1095389.50	-0.00000000	-1244418.50	0.00000000	-16432113.0	0.00000000	0.310307997E-2
   44.5000	-0.00000000	0.108004765E-9	-0.00000000	-0.108003995E-9	-0.215975918E-10	-0.00000000	-1244418.50	0.00000000	0.323988975E-9	0.00000000	-0.611828534E-19
   44.5100	-0.00000000	5480207.50	-0.00000000	-5480165.50	-1095870.88	-0.00000000	-1244418.50	0.00000000	16439332.0	0.00000000	-0.310444320E-2
   44.5200	-0.00000000	10939030.0	-0.00000000	-10938949.0	-2187466.50	-0.00000000	-1244418.50	0.00000000	32814538.0	0.00000000	-0.619677640E-2
   44.5300	-0.00000000	16359013.0	-0.00000000	-16358873.0	-3271292.00	-0.00000000	-1244418.50	0.00000000	49073172.0	0.00000000	-0.926709641E-2
   44.5400	-0.00000000	21714518.0	-0.00000000	-21714364.0	-4342229.00	-0.00000000	-1244418.50	0.00000000	65138460.0	0.00000000	-0.123009048E-1
   44.5500	-0.00000000	26988412.0	-0.00000000	-26988190.0	-5396843.50	-0.00000000	-1244418.50	0.00000000	80958912.0	0.00000000	-0.152884759E-1
   44.5600	-0.00000000	32155782.0	-0.00000000	-32155516.0	-6430150.50	-0.00000000	-1244418.50	0.00000000	96459712.0	0.00000000	-0.182156842E-1
   44.5700	-0.00000000	37199996.0	-0.00000000	-37199696.0	-7438839.50	-0.00000000	-1244418.50	0.00000000	111591216.	0.00000000	-0.210731532E-1
   44.5800	-0.00000000	42097224.0	-0.00000000	-42096860.0	-8418130.00	-0.00000000	-1244418.50	0.00000000	126281728.	0.00000000	-0.238473453E-1
   44.5900	-0.00000000	46831776.0	-0.00000000	-46831424.0	-9364891.00	-0.00000000	-1244418.50	0.00000000	140484240.	0.00000000	-0.265293811E-1
   44.6000	-0.00000000	51382880.0	-0.00000000	-51382432.0	-10274968.0	-0.00000000	-1244418.50	0.00000000	154136432.	0.00000000	-0.291074961E-1
   44.6100	-0.00000000	55730808.0	-0.00000000	-55730424.0	-11144430.0	-0.00000000	-1244418.50	0.00000000	167179360.	0.00000000	-0.315705538E-1
   44.6200	-0.00000000	59861648.0	-0.00000000	-59861220.0	-11970472.0	-0.00000000	-1244418.50	0.00000000	179570976.	0.00000000	-0.339106135E-1
   44.6300	-0.00000000	63755820.0	-0.00000000	-63755352.0	-12749181.0	-0.00000000	-1244418.50	0.00000000	191252528.	0.00000000	-0.361165851E-1
   44.6400	-0.00000000	67400800.0	-0.00000000	-67400272.0	-13478057.0	-0.00000000	-1244418.50	0.00000000	202186512.	0.00000000	-0.381813869E-1
   44.6500	-0.00000000	70779208.0	-0.00000000	-70778696.0	-14153637.0	-0.00000000	-1244418.50	0.00000000	212320976.	0.00000000	-0.400952064E-1
   44.6600	-0.00000000	73880224.0	-0.00000000	-73879712.0	-14773751.0	-0.00000000	-1244418.50	0.00000000	221623376.	0.00000000	-0.418518931E-1
   44.6700	-0.00000000	76690056.0	-0.00000000	-76689552.0	-15335640.0	-0.00000000	-1244418.50	0.00000000	230052352.	0.00000000	-0.434436426E-1
   44.6800	-0.00000000	79196920.0	-0.00000000	-79196256.0	-15836903.0	-0.00000000	-1244418.50	0.00000000	237571920.	0.00000000	-0.448636524E-1
   44.6900	-0.00000000	81392168.0	-0.00000000	-81391504.0	-16275903.0	-0.00000000	-1244418.50	0.00000000	244157408.	0.00000000	-0.461072735E-1
   44.7000	-0.00000000	83265664.0	-0.00000000	-83265152.0	-16650559.0	-0.00000000	-1244418.50	0.00000000	249777696.	0.00000000	-0.471686237E-1
   44.7100	-0.00000000	84811520.0	-0.00000000	-84810872.0	-16959654.0	-0.00000000	-1244418.50	0.00000000	254414480.	0.00000000	-0.480442420E-1
   44.7200	-0.00000000	86021920.0	-0.00000000	-86021288.0	-17201706.0	-0.00000000	-1244418.50	0.00000000	258045520.	0.00000000	-0.487299412E-1
   44.7300	-0.00000000	86893208.0	-0.00000000	-86892544.0	-17375938.0	-0.00000000	-1244418.50	0.00000000	260659184.	0.00000000	-0.492235087E-1
   44.7400	-0.00000000	87421112.0	-0.00000000	-87420416.0	-17481490.0	-0.00000000	-1244418.50	0.00000000	262242640.	0.00000000	-0.495225266E-1
   44.7500	-0.00000000	87603840.0	-0.00000000	-87603096.0	-17518032.0	-0.00000000	-1244418.50	0.00000000	262790752.	0.00000000	-0.496260412E-1
   44.7600	-0.00000000	87440216.0	-0.00000000	-87439632.0	-17485328.0	-0.00000000	-1244418.50	0.00000000	262300160.	0.00000000	-0.495333932E-1
   44.7700	-0.00000000	86931336.0	-0.00000000	-86930712.0	-17383562.0	-0.00000000	-1244418.50	0.00000000	260773584.	0.00000000	-0.492451116E-1
   44.7800	-0.00000000	86078672.0	-0.00000000	-86077936.0	-17213032.0	-0.00000000	-1244418.50	0.00000000	258215440.	0.00000000	-0.487620272E-1
   44.7900	-0.00000000	84885928.0	-0.00000000	-84885288.0	-16974542.0	-0.00000000	-1244418.50	0.00000000	254637792.	0.00000000	-0.480864160E-1
   44.8000	-0.00000000	83357032.0	-0.00000000	-83356512.0	-16668833.0	-0.00000000	-1244418.50	0.00000000	250051856.	0.00000000	-0.472203940E-1
   44.8100	-0.00000000	81499280.0	-0.00000000	-81498752.0	-16297336.0	-0.00000000	-1244418.50	0.00000000	244478992.	0.00000000	-0.461679995E-1
   44.8200	-0.00000000	79318608.0	-0.00000000	-79317960.0	-15861242.0	-0.00000000	-1244418.50	0.00000000	237937056.	0.00000000	-0.449326038E-1
   44.8300	-0.00000000	76824720.0	-0.00000000	-76824264.0	-15362579.0	-0.00000000	-1244418.50	0.00000000	230456496.	0.00000000	-0.435199589E-1
   44.8400	-0.00000000	74026272.0	-0.00000000	-74025712.0	-14802948.0	-0.00000000	-1244418.50	0.00000000	222061376.	0.00000000	-0.419346057E-1
   44.8500	-0.00000000	70934608.0	-0.00000000	-70934128.0	-14184724.0	-0.00000000	-1244418.50	0.00000000	212787296.	0.00000000	-0.401832648E-1
   44.8600	-0.00000000	67563624.0	-0.00000000	-67563152.0	-13510623.0	-0.00000000	-1244418.50	0.00000000	202675024.	0.00000000	-0.382736400E-1
   44.8700	-0.00000000	63923928.0	-0.00000000	-63923400.0	-12782791.0	-0.00000000	-1244418.50	0.00000000	191756688.	0.00000000	-0.362117961E-1
   44.8800	-0.00000000	60032620.0	-0.00000000	-60032208.0	-12004659.0	-0.00000000	-1244418.50	0.00000000	180083824.	0.00000000	-0.340074599E-1
   44.8900	-0.00000000	55902236.0	-0.00000000	-55901840.0	-11178712.0	-0.00000000	-1244418.50	0.00000000	167693632.	0.00000000	-0.316676684E-1
   44.9000	-0.00000000	51552256.0	-0.00000000	-51551832.0	-10308838.0	-0.00000000	-1244418.50	0.00000000	154644528.	0.00000000	-0.292034447E-1
   44.9100	-0.00000000	46996428.0	-0.00000000	-46996060.0	-9397822.00	-0.00000000	-1244418.50	0.00000000	140978256.	0.00000000	-0.266226716E-1
   44.9200	-0.00000000	42254524.0	-0.00000000	-42254204.0	-8449588.00	-0.00000000	-1244418.50	0.00000000	126753608.	0.00000000	-0.239364579E-1
   44.9300	-0.00000000	37347172.0	-0.00000000	-37346916.0	-7468274.00	-0.00000000	-1244418.50	0.00000000	112032768.	0.00000000	-0.211565383E-1
   44.9400	-0.00000000	32290074.0	-0.00000000	-32289832.0	-6457012.00	-0.00000000	-1244418.50	0.00000000	96862664.0	0.00000000	-0.182917789E-1
   44.9500	-0.00000000	27107118.0	-0.00000000	-27106908.0	-5420577.00	-0.00000000	-1244418.50	0.00000000	81314944.0	0.00000000	-0.153557099E-1
   44.9600	-0.00000000	21814800.0	-0.00000000	-21814636.0	-4362281.50	-0.00000000	-1244418.50	0.00000000	65439288.0	0.00000000	-0.123577127E-1
   44.9700	-0.00000000	16438166.0	-0.00000000	-16438035.0	-3287120.75	-0.00000000	-1244418.50	0.00000000	49310628.0	0.00000000	-0.931193773E-2
   44.9800	-0.00000000	10994389.0	-0.00000000	-10994296.0	-2198534.00	-0.00000000	-1244418.50	0.00000000	32980562.0	0.00000000	-0.622812845E-2
   44.9900	-0.00000000	5509138.00	-0.00000000	-5509097.00	-1101656.88	-0.00000000	-1244418.50	0.00000000	16526132.0	0.00000000	-0.312083447E-2
   45.0000	-0.00000000	0.945609600E-6	-0.00000000	-0.945601812E-6	-0.189092347E-6	-0.00000000	-1244418.50	0.00000000	0.283660461E-5	0.00000000	-0.535671206E-15
   45.0100	-0.00000000	-5509140.50	-0.00000000	5509099.00	1101657.00	-0.00000000	-1244418.50	0.00000000	-16526131.0	0.00000000	0.312083424E-2
   45.0200	-0.00000000	-10994389.0	-0.00000000	10994296.0	2198534.00	-0.00000000	-1244418.50	0.00000000	-32980562.0	0.00000000	0.622812845E-2
   45.0300	-0.00000000	-16438166.0	-0.00000000	16438041.0	3287121.25	-0.00000000	-1244418.50	0.00000000	-49310632.0	0.00000000	0.931193866E-2
   45.0400	-0.00000000	-21814800.0	-0.00000000	21814636.0	4362281.50	-0.00000000	-1244418.50	0.00000000	-65439288.0	0.00000000	0.123577127E-1
   45.0500	-0.00000000	-27107118.0	-0.00000000	27106908.0	5420577.00	-0.00000000	-1244418.50	0.00000000	-81314944.0	0.00000000	0.153557099E-1
   45.0600	-0.00000000	-32290074.0	-0.00000000	32289832.0	6457012.00	-0.00000000	-1244418.50	0.00000000	-96862664.0	0.00000000	0.182917789E-1
   45.0700	-0.00000000	-37347172.0	-0.00000000	37346916.0	7468274.00	-0.00000000	-1244418.50	0.00000000	-112032768.	0.00000000	0.211565383E-1
   45.0800	-0.00000000	-42254524.0	-0.00000000	42254204.0	8449588.00	-0.00000000	-1244418.50	0.00000000	-126753608.	0.00000000	0.239364579E-1
   45.0900	-0.00000000	-46996428.0	-0.00000000	46996060.0	9397822.00	-0.00000000	-1244418.50	0.00000000	-140978256.	0.00000000	0.266226716E-1
   45.1000	-0.00000000	-51552232.0	-0.00000000	51551840.0	10308837.0	-0.00000000	-1244418.50	0.00000000	-154644512.	0.00000000	0.292034429E-1
   45.1100	-0.00000000	-55902236.0	-0.00000000	55901840.0	11178712.0	-0.00000000	-1244418.50	0.00000000	-167693632.	0.00000000	0.316676684E-1
   45.1200	-0.00000000	-60032620.0	-0.00000000	60032208.0	12004659.0	-0.00000000	-1244418.50	0.00000000	-180083824.	0.00000000	0.340074599E-1
   45.1300	-0.00000000	-63923928.0	-0.00000000	63923400.0	12782791.0	-0.00000000	-1244418.50	0.00000000	-191756688.	0.00000000	0.362117961E-1
   45.1400	-0.00000000	-67563624.0	-0.00000000	67563152.0	13510623.0	-0.00000000	-1244418.50	0.00000000	-202675024.	0.00000000	0.382736400E-1
   45.1500	-0.00000000	-70934608.0	-0.00000000	70934128.0	14184724.0	-0.00000000	-1244418.50	0.00000000	-212787296.	0.00000000	0.401832648E-1
   45.1600	-0.00000000	-74026272.0	-0.00000000	74025712.0	14802948.0	-0.00000000	-1244418.50	0.00000000	-222061376.	0.00000000	0.419346057E-1
   45.1700	-0.00000000	-76824720.0	-0.00000000	76824264.0	15362579.0	-0.00000000	-1244418.50	0.00000000	-230456496.	0.00000000	0.435199589E-1
   45.1800	-0.00000000	-79318480.0	-0.00000000	79317944.0	15861243.0	-0.00000000	-1244418.50	0.00000000	-237937040.	0.00000000	0.449326001E-1
   45.1900	-0.00000000	-81499328.0	-0.00000000	81498744.0	16297337.0	-0.00000000	-1244418.50	0.00000000	-244479008.	0.00000000	0.461680032E-1
   45.2000	-0.00000000	-83357104.0	-0.00000000	83356504.0	16668835.0	-0.00000000	-1244418.50	0.00000000	-250051840.	0.00000000	0.472203903E-1
   45.2100	-0.00000000	-84885928.0	-0.00000000	84885288.0	16974542.0	-0.00000000	-1244418.50	0.00000000	-254637792.	0.00000000	0.480864160E-1
   45.2200	-0.00000000	-86078624.0	-0.00000000	86077928.0	17213032.0	-0.00000000	-1244418.50	0.00000000	-258215424.	0.00000000	0.487620234E-1
   45.2300	-0.00000000	-86931336.0	-0.00000000	86930712.0	17383562.0	-0.00000000	-1244418.50	0.00000000	-260773584.	0.00000000	0.492451116E-1
   45.2400	-0.00000000	-87440216.0	-0.00000000	87439632.0	17485328.0	-0.00000000	-1244418.50	0.00000000	-262300160.	0.00000000	0.495333932E-1
   45.2500	-0.00000000	-87603840.0	-0.00000000	87603096.0	17518032.0	-0.00000000	-1244418.50	0.00000000	-262790752.	0.00000000	0.496260412E-1
   45.2600	-0.00000000	-87421112.0	-0.00000000	87420416.0	17481490.0	-0.00000000	-1244418.50	0.00000000	-262242640.	0.00000000	0.495225266E-1
   45.2700	-0.00000000	-86893168.0	-0.00000000	86892496.0	17375936.0	-0.00000000	-1244418.50	0.00000000	-260659168.	0.00000000	0.492235050E-1
   45.2800	-0.00000000	-86021920.0	-0.00000000	86021288.0	17201706.0	-0.00000000	-1244418.50	0.00000000	-258045520.	0.00000000	0.487299412E-1
   45.2900	-0.00000000	-84811432.0	-0.00000000	84810864.0	16959652.0	-0.00000000	-1244418.50	0.00000000	-254414448.	0.00000000	0.480442382E-1
   45.3000	-0.00000000	-83265664.0	-0.00000000	83265152.0	16650559.0	-0.00000000	-1244418.50	0.00000000	-249777696.	0.00000000	0.471686237E-1
   45.3100	-0.00000000	-81392216.0	-0.00000000	81391536.0	16275901.0	-0.00000000	-1244418.50	0.00000000	-244157392.	0.00000000	0.461072698E-1
   45.3200	-0.00000000	-79196920.0	-0.00000000	79196256.0	15836903.0	-0.00000000	-1244418.50	0.00000000	-237571920.	0.00000000	0.448636524E-1
   45.3300	-0.00000000	-76690064.0	-0.00000000	76689560.0	15335642.0	-0.00000000	-1244418.50	0.00000000	-230052384.	0.00000000	0.434436463E-1
   45.3400	-0.00000000	-73880224.0	-0.00000000	73879712.0	14773751.0	-0.00000000	-1244418.50	0.00000000	-221623376.	0.00000000	0.418518931E-1
   45.3500	-0.00000000	-70779160.0	-0.00000000	70778688.0	14153636.0	-0.00000000	-1244418.50	0.00000000	-212320960.	0.00000000	0.400952026E-1
   45.3600	-0.00000000	-67400800.0	-0.00000000	67400272.0	13478057.0	-0.00000000	-1244418.50	0.00000000	-202186512.	0.00000000	0.381813869E-1
   45.3700	-0.00000000	-63755820.0	-0.00000000	63755352.0	12749181.0	-0.00000000	-1244418.50	0.00000000	-191252528.	0.00000000	0.361165851E-1
   45.3800	-0.00000000	-59861640.0	-0.00000000	59861208.0	11970470.0	-0.00000000	-1244418.50	0.00000000	-179570960.	0.00000000	0.339106098E-1
   45.3900	-0.00000000	-55730808.0	-0.00000000	55730424.0	11144430.0	-0.00000000	-1244418.50	0.00000000	-167179360.	0.00000000	0.315705538E-1
   45.4000	-0.00000000	-51382864.0	-0.00000000	51382444.0	10274969.0	-0.00000000	-1244418.50	0.00000000	-154136448.	0.00000000	0.291074980E-1
   45.4100	-0.00000000	-46831776.0	-0.00000000	46831424.0	9364891.00	-0.00000000	-1244418.50	0.00000000	-140484240.	0.00000000	0.265293811E-1
   45.4200	-0.00000000	-42097224.0	-0.00000000	42096860.0	8418130.00	-0.00000000	-1244418.50	0.00000000	-126281728.	0.00000000	0.238473453E-1
   45.4300	-0.00000000	-37199996.0	-0.00000000	37199696.0	7438839.50	-0.00000000	-1244418.50	0.00000000	-111591216.	0.00000000	0.210731532E-1
   45.4400	-0.00000000	-32155782.0	-0.00000000	32155516.0	6430150.50	-0.00000000	-1244418.50	0.00000000	-96459712.0	0.00000000	0.182156842E-1
   45.4500	-0.00000000	-26988412.0	-0.00000000	26988190.0	5396843.50	-0.00000000	-1244418.50	0.00000000	-80958912.0	0.00000000	0.152884759E-1
   45.4600	-0.00000000	-21714518.0	-0.00000000	21714364.0	4342229.00	-0.00000000	-1244418.50	0.00000000	-65138460.0	0.00000000	0.123009048E-1
   45.4700	-0.00000000	-16359013.0	-0.00000000	16358873.0	3271292.00	-0.00000000	-1244418.50	0.00000000	-49073172.0	0.00000000	0.926709641E-2
   45.4800	-0.00000000	-10939030.0	-0.00000000	10938949.0	2187466.50	-0.00000000	-1244418.50	0.00000000	-32814538.0	0.00000000	0.619677640E-2
   45.4900	-0.00000000	-5480207.50	-0.00000000	5480165.50	1095870.88	-0.00000000	-1244418.50	0.00000000	-16439332.0	0.00000000	0.310444320E-2
   45.5000	-0.00000000	-0.641166935E-6	-0.00000000	0.641161932E-6	0.128213429E-6	-0.00000000	-1244418.50	0.00000000	-0.192335028E-5	0.00000000	0.363210110E-15
   45.5100	-0.00000000	5477796.50	-0.00000000	-5477757.00	-1095389.50	-0.00000000	-1244418.50	0.00000000	16432113.0	0.00000000	-0.310307997E-2
   45.5200	-0.00000000	10929439.0	-0.00000000	-10929358.0	-2185546.75	-0.00000000	-1244418.50	0.00000000	32785738.0	0.00000000	-0.619133748E-2
   45.5300	-0.00000000	16337486.0	-0.00000000	-16337354.0	-3266986.75	-0.00000000	-1244418.50	0.00000000	49008580.0	0.00000000	-0.925489888E-2
   45.5400	-0.00000000	21676404.0	-0.00000000	-21676248.0	-4334610.00	-0.00000000	-1244418.50	0.00000000	65024172.0	0.00000000	-0.122793214E-1
   45.5500	-0.00000000	26929216.0	-0.00000000	-26929054.0	-5385008.50	-0.00000000	-1244418.50	0.00000000	80781376.0	0.00000000	-0.152549492E-1
   45.5600	-0.00000000	32071152.0	-0.00000000	-32070918.0	-6413233.50	-0.00000000	-1244418.50	0.00000000	96205928.0	0.00000000	-0.181677602E-1
   45.5700	-0.00000000	37085828.0	-0.00000000	-37085544.0	-7416011.50	-0.00000000	-1244418.50	0.00000000	111248768.	0.00000000	-0.210084859E-1
   45.5800	-0.00000000	41949656.0	-0.00000000	-41949296.0	-8388616.00	-0.00000000	-1244418.50	0.00000000	125838960.	0.00000000	-0.237637330E-1
   45.5900	-0.00000000	46647060.0	-0.00000000	-46646692.0	-9327958.00	-0.00000000	-1244418.50	0.00000000	139930208.	0.00000000	-0.264247563E-1
   45.6000	-0.00000000	51157756.0	-0.00000000	-51157356.0	-10229953.0	-0.00000000	-1244418.50	0.00000000	153461168.	0.00000000	-0.289799739E-1
   45.6100	-0.00000000	55462320.0	-0.00000000	-55461884.0	-11090733.0	-0.00000000	-1244418.50	0.00000000	166373872.	0.00000000	-0.314184427E-1
   45.6200	-0.00000000	59547116.0	-0.00000000	-59546624.0	-11907567.0	-0.00000000	-1244418.50	0.00000000	178627296.	0.00000000	-0.337324105E-1
   45.6300	-0.00000000	63392920.0	-0.00000000	-63392468.0	-12676617.0	-0.00000000	-1244418.50	0.00000000	190163952.	0.00000000	-0.359110199E-1
   45.6400	-0.00000000	66987764.0	-0.00000000	-66987236.0	-13395462.0	-0.00000000	-1244418.50	0.00000000	200947456.	0.00000000	-0.379474014E-1
   45.6500	-0.00000000	70314536.0	-0.00000000	-70314008.0	-14060723.0	-0.00000000	-1244418.50	0.00000000	210927184.	0.00000000	-0.398319960E-1
   45.6600	-0.00000000	73363032.0	-0.00000000	-73362496.0	-14670321.0	-0.00000000	-1244418.50	0.00000000	220071840.	0.00000000	-0.415588953E-1
   45.6700	-0.00000000	76119712.0	-0.00000000	-76119176.0	-15221589.0	-0.00000000	-1244418.50	0.00000000	228341488.	0.00000000	-0.431205556E-1
   45.6800	-0.00000000	78573320.0	-0.00000000	-78572760.0	-15712222.0	-0.00000000	-1244418.50	0.00000000	235701600.	0.00000000	-0.445104539E-1
   45.6900	-0.00000000	80715968.0	-0.00000000	-80715320.0	-16140676.0	-0.00000000	-1244418.50	0.00000000	242128848.	0.00000000	-0.457241945E-1
   45.7000	-0.00000000	82537688.0	-0.00000000	-82537040.0	-16504969.0	-0.00000000	-1244418.50	0.00000000	247593696.	0.00000000	-0.467561893E-1
   45.7100	-0.00000000	84033024.0	-0.00000000	-84032312.0	-16803976.0	-0.00000000	-1244418.50	0.00000000	252079136.	0.00000000	-0.476032309E-1
   45.7200	-0.00000000	85194888.0	-0.00000000	-85194216.0	-17036324.0	-0.00000000	-1244418.50	0.00000000	255564656.	0.00000000	-0.482614450E-1
   45.7300	-0.00000000	86019992.0	-0.00000000	-86019328.0	-17201318.0	-0.00000000	-1244418.50	0.00000000	258039728.	0.00000000	-0.487288460E-1
   45.7400	-0.00000000	86504400.0	-0.00000000	-86503920.0	-17298214.0	-0.00000000	-1244418.50	0.00000000	259493264.	0.00000000	-0.490033329E-1
   45.7500	-0.00000000	86647256.0	-0.00000000	-86646656.0	-17326758.0	-0.00000000	-1244418.50	0.00000000	259921456.	0.00000000	-0.490841903E-1
   45.7600	-0.00000000	86447464.0	-0.00000000	-86446824.0	-17286810.0	-0.00000000	-1244418.50	0.00000000	259322208.	0.00000000	-0.489710271E-1
   45.7700	-0.00000000	85906656.0	-0.00000000	-85905952.0	-17178654.0	-0.00000000	-1244418.50	0.00000000	257699728.	0.00000000	-0.486646332E-1
   45.7800	-0.00000000	85026576.0	-0.00000000	-85025896.0	-17002660.0	-0.00000000	-1244418.50	0.00000000	255059632.	0.00000000	-0.481660739E-1
   45.7900	-0.00000000	83811672.0	-0.00000000	-83811000.0	-16759718.0	-0.00000000	-1244418.50	0.00000000	251415200.	0.00000000	-0.474778526E-1
   45.8000	-0.00000000	82266024.0	-0.00000000	-82265408.0	-16450649.0	-0.00000000	-1244418.50	0.00000000	246778816.	0.00000000	-0.466023050E-1
   45.8100	-0.00000000	80397216.0	-0.00000000	-80396712.0	-16076950.0	-0.00000000	-1244418.50	0.00000000	241172880.	0.00000000	-0.455436707E-1
   45.8200	-0.00000000	78211568.0	-0.00000000	-78210944.0	-15639871.0	-0.00000000	-1244418.50	0.00000000	234616224.	0.00000000	-0.443054922E-1
   45.8300	-0.00000000	75719296.0	-0.00000000	-75718776.0	-15141514.0	-0.00000000	-1244418.50	0.00000000	227140240.	0.00000000	-0.428937115E-1
   45.8400	-0.00000000	72928992.0	-0.00000000	-72928376.0	-14583524.0	-0.00000000	-1244418.50	0.00000000	218769776.	0.00000000	-0.413130112E-1
   45.8500	-0.00000000	69852440.0	-0.00000000	-69851920.0	-13968319.0	-0.00000000	-1244418.50	0.00000000	209540960.	0.00000000	-0.395702198E-1
   45.8600	-0.00000000	66503640.0	-0.00000000	-66503112.0	-13298659.0	-0.00000000	-1244418.50	0.00000000	199495280.	0.00000000	-0.376731679E-1
   45.8700	-0.00000000	62893324.0	-0.00000000	-62892832.0	-12576710.0	-0.00000000	-1244418.50	0.00000000	188665248.	0.00000000	-0.356279984E-1
   45.8800	-0.00000000	59038836.0	-0.00000000	-59038392.0	-11805932.0	-0.00000000	-1244418.50	0.00000000	177102672.	0.00000000	-0.334444940E-1
   45.8900	-0.00000000	54952680.0	-0.00000000	-54952220.0	-10988822.0	-0.00000000	-1244418.50	0.00000000	164845088.	0.00000000	-0.311297439E-1
   45.9000	-0.00000000	50654200.0	-0.00000000	-50653836.0	-10129270.0	-0.00000000	-1244418.50	0.00000000	151950800.	0.00000000	-0.286947563E-1
   45.9100	-0.00000000	46157488.0	-0.00000000	-46157164.0	-9230064.00	-0.00000000	-1244418.50	0.00000000	138461664.	0.00000000	-0.261474345E-1
   45.9200	-0.00000000	41481984.0	-0.00000000	-41481648.0	-8295104.50	-0.00000000	-1244418.50	0.00000000	124436192.	0.00000000	-0.234988295E-1
   45.9300	-0.00000000	36648244.0	-0.00000000	-36647992.0	-7328508.00	-0.00000000	-1244418.50	0.00000000	109936128.	0.00000000	-0.207606032E-1
   45.9400	-0.00000000	31671848.0	-0.00000000	-31671612.0	-6333383.50	-0.00000000	-1244418.50	0.00000000	95008096.0	0.00000000	-0.179415587E-1
   45.9500	-0.00000000	26576422.0	-0.00000000	-26576208.0	-5314454.50	-0.00000000	-1244418.50	0.00000000	79722984.0	0.00000000	-0.150550799E-1
   45.9600	-0.00000000	21378322.0	-0.00000000	-21378134.0	-4274996.50	-0.00000000	-1244418.50	0.00000000	64129904.0	0.00000000	-0.121104456E-1
   45.9700	-0.00000000	16102183.0	-0.00000000	-16102056.0	-3219931.25	-0.00000000	-1244418.50	0.00000000	48302708.0	0.00000000	-0.912159961E-2
   45.9800	-0.00000000	10764916.0	-0.00000000	-10764834.0	-2152647.75	-0.00000000	-1244418.50	0.00000000	32292210.0	0.00000000	-0.609813910E-2
   45.9900	-0.00000000	5391788.50	-0.00000000	-5391744.00	-1078189.25	-0.00000000	-1244418.50	0.00000000	16174089.0	0.00000000	-0.305435411E-2
   46.0000	-0.00000000	0.336307352E-6	-0.00000000	-0.336304879E-6	-0.672510225E-7	-0.00000000	-1244418.50	0.00000000	0.100884336E-5	0.00000000	-0.190512401E-15
   46.0100	-0.00000000	-5387043.00	-0.00000000	5387002.50	1077240.00	-0.00000000	-1244418.50	0.00000000	-16159849.0	0.00000000	0.305166491E-2
   46.0200	-0.00000000	-10745976.0	-0.00000000	10745889.0	2148860.00	-0.00000000	-1244418.50	0.00000000	-32235392.0	0.00000000	0.608740933E-2
   46.0300	-0.00000000	-16059679.0	-0.00000000	16059570.0	3211437.50	-0.00000000	-1244418.50	0.00000000	-48175280.0	0.00000000	0.909753609E-2
   46.0400	-0.00000000	-21303136.0	-0.00000000	21302988.0	4259966.00	-0.00000000	-1244418.50	0.00000000	-63904432.0	0.00000000	0.120678674E-1
   46.0500	-0.00000000	-26459676.0	-0.00000000	26459460.0	5291108.00	-0.00000000	-1244418.50	0.00000000	-79372760.0	0.00000000	0.149889430E-1
   46.0600	-0.00000000	-31504962.0	-0.00000000	31504720.0	6300012.00	-0.00000000	-1244418.50	0.00000000	-94507496.0	0.00000000	0.178470220E-1
   46.0700	-0.00000000	-36423064.0	-0.00000000	36422804.0	7283476.50	-0.00000000	-1244418.50	0.00000000	-109260584.	0.00000000	0.206330325E-1
   46.0800	-0.00000000	-41190832.0	-0.00000000	41190488.0	8236877.50	-0.00000000	-1244418.50	0.00000000	-123562720.	0.00000000	0.233338811E-1
   46.0900	-0.00000000	-45793116.0	-0.00000000	45792812.0	9157204.00	-0.00000000	-1244418.50	0.00000000	-137368688.	0.00000000	0.259410348E-1
   46.1000	-0.00000000	-50210144.0	-0.00000000	50209772.0	10040467.0	-0.00000000	-1244418.50	0.00000000	-150618656.	0.00000000	0.284431893E-1
   46.1100	-0.00000000	-54423028.0	-0.00000000	54422536.0	10882899.0	-0.00000000	-1244418.50	0.00000000	-163256096.	0.00000000	0.308296736E-1
   46.1200	-0.00000000	-58418284.0	-0.00000000	58417864.0	11681837.0	-0.00000000	-1244418.50	0.00000000	-175241120.	0.00000000	0.330929533E-1
   46.1300	-0.00000000	-62177456.0	-0.00000000	62177012.0	12433561.0	-0.00000000	-1244418.50	0.00000000	-186517840.	0.00000000	0.352224782E-1
   46.1400	-0.00000000	-65688768.0	-0.00000000	65688324.0	13135714.0	-0.00000000	-1244418.50	0.00000000	-197050960.	0.00000000	0.372115746E-1
   46.1500	-0.00000000	-68935816.0	-0.00000000	68935280.0	13785025.0	-0.00000000	-1244418.50	0.00000000	-206791408.	0.00000000	0.390509851E-1
   46.1600	-0.00000000	-71908672.0	-0.00000000	71908048.0	14379486.0	-0.00000000	-1244418.50	0.00000000	-215708976.	0.00000000	0.407350026E-1
   46.1700	-0.00000000	-74594216.0	-0.00000000	74593672.0	14916525.0	-0.00000000	-1244418.50	0.00000000	-223765168.	0.00000000	0.422563516E-1
   46.1800	-0.00000000	-76981456.0	-0.00000000	76980976.0	15393918.0	-0.00000000	-1244418.50	0.00000000	-230926608.	0.00000000	0.436087362E-1
   46.1900	-0.00000000	-79063272.0	-0.00000000	79062696.0	15810184.0	-0.00000000	-1244418.50	0.00000000	-237171104.	0.00000000	0.447879620E-1
   46.2000	-0.00000000	-80829752.0	-0.00000000	80829216.0	16163440.0	-0.00000000	-1244418.50	0.00000000	-242470320.	0.00000000	0.457886830E-1
   46.2100	-0.00000000	-82275880.0	-0.00000000	82275232.0	16452616.0	-0.00000000	-1244418.50	0.00000000	-246808272.	0.00000000	0.466078706E-1
   46.2200	-0.00000000	-83394928.0	-0.00000000	83394376.0	16676407.0	-0.00000000	-1244418.50	0.00000000	-250165456.	0.00000000	0.472418480E-1
   46.2300	-0.00000000	-84184104.0	-0.00000000	84183344.0	16834182.0	-0.00000000	-1244418.50	0.00000000	-252532272.	0.00000000	0.476888008E-1
   46.2400	-0.00000000	-84639488.0	-0.00000000	84638776.0	16925256.0	-0.00000000	-1244418.50	0.00000000	-253898448.	0.00000000	0.479467958E-1
   46.2500	-0.00000000	-84760280.0	-0.00000000	84759680.0	16949424.0	-0.00000000	-1244418.50	0.00000000	-254261024.	0.00000000	0.480152629E-1
   46.2600	-0.00000000	-84546232.0	-0.00000000	84545512.0	16906598.0	-0.00000000	-1244418.50	0.00000000	-253618544.	0.00000000	0.478939377E-1
   46.2700	-0.00000000	-83998584.0	-0.00000000	83997904.0	16797092.0	-0.00000000	-1244418.50	0.00000000	-251975840.	0.00000000	0.475837216E-1
   46.2800	-0.00000000	-83119496.0	-0.00000000	83118880.0	16621321.0	-0.00000000	-1244418.50	0.00000000	-249339056.	0.00000000	0.470857881E-1
   46.2900	-0.00000000	-81913664.0	-0.00000000	81913040.0	16380187.0	-0.00000000	-1244418.50	0.00000000	-245721840.	0.00000000	0.464027040E-1
   46.3000	-0.00000000	-80385272.0	-0.00000000	80384656.0	16074548.0	-0.00000000	-1244418.50	0.00000000	-241136832.	0.00000000	0.455368645E-1
   46.3100	-0.00000000	-78541744.0	-0.00000000	78541136.0	15705907.0	-0.00000000	-1244418.50	0.00000000	-235606800.	0.00000000	0.444925539E-1
   46.3200	-0.00000000	-76389512.0	-0.00000000	76388968.0	15275523.0	-0.00000000	-1244418.50	0.00000000	-229150560.	0.00000000	0.432733446E-1
   46.3300	-0.00000000	-73938960.0	-0.00000000	73938392.0	14785488.0	-0.00000000	-1244418.50	0.00000000	-221799456.	0.00000000	0.418851450E-1
   46.3400	-0.00000000	-71198328.0	-0.00000000	71197792.0	14237454.0	-0.00000000	-1244418.50	0.00000000	-213578336.	0.00000000	0.403326452E-1
   46.3500	-0.00000000	-68179680.0	-0.00000000	68179168.0	13633816.0	-0.00000000	-1244418.50	0.00000000	-204523040.	0.00000000	0.386226252E-1
   46.3600	-0.00000000	-64896584.0	-0.00000000	64896180.0	12977308.0	-0.00000000	-1244418.50	0.00000000	-194674656.	0.00000000	0.367628299E-1
   46.3700	-0.00000000	-61359896.0	-0.00000000	61359508.0	12270074.0	-0.00000000	-1244418.50	0.00000000	-184065344.	0.00000000	0.347593427E-1
   46.3800	-0.00000000	-57586568.0	-0.00000000	57586168.0	11515529.0	-0.00000000	-1244418.50	0.00000000	-172746288.	0.00000000	0.326218233E-1
   46.3900	-0.00000000	-53589040.0	-0.00000000	53588588.0	10716133.0	-0.00000000	-1244418.50	0.00000000	-160754432.	0.00000000	0.303572528E-1
   46.4000	-0.00000000	-49386252.0	-0.00000000	49385872.0	9875712.00	-0.00000000	-1244418.50	0.00000000	-148147136.	0.00000000	0.279764626E-1
   46.4100	-0.00000000	-44992068.0	-0.00000000	44991736.0	8997012.00	-0.00000000	-1244418.50	0.00000000	-134965616.	0.00000000	0.254872311E-1
   46.4200	-0.00000000	-40425628.0	-0.00000000	40425284.0	8083859.00	-0.00000000	-1244418.50	0.00000000	-121267256.	0.00000000	0.229004007E-1
   46.4300	-0.00000000	-35706988.0	-0.00000000	35706716.0	7140289.00	-0.00000000	-1244418.50	0.00000000	-107112600.	0.00000000	0.202274024E-1
   46.4400	-0.00000000	-30851546.0	-0.00000000	30851320.0	6169347.00	-0.00000000	-1244418.50	0.00000000	-92547360.0	0.00000000	0.174768660E-1
   46.4500	-0.00000000	-25882308.0	-0.00000000	25882102.0	5175655.00	-0.00000000	-1244418.50	0.00000000	-77640832.0	0.00000000	0.146618811E-1
   46.4600	-0.00000000	-20815308.0	-0.00000000	20815168.0	4162416.75	-0.00000000	-1244418.50	0.00000000	-62441084.0	0.00000000	0.117915245E-1
   46.4700	-0.00000000	-15674619.0	-0.00000000	15674506.0	3134437.75	-0.00000000	-1244418.50	0.00000000	-47020196.0	0.00000000	0.887940731E-2
   46.4800	-0.00000000	-10476750.0	-0.00000000	10476672.0	2095024.50	-0.00000000	-1244418.50	0.00000000	-31427792.0	0.00000000	0.593490014E-2
   46.4900	-0.00000000	-5246288.00	-0.00000000	5246247.50	1049093.75	-0.00000000	-1244418.50	0.00000000	-15737623.0	0.00000000	0.297193066E-2
   46.5000	-0.00000000	-0.407915195E-7	-0.00000000	0.407912069E-7	0.815703238E-8	-0.00000000	-1244418.50	0.00000000	-0.122364966E-6	0.00000000	0.231076957E-16
   46.5100	-0.00000000	5239323.00	-0.00000000	-5239285.00	-1047702.19	-0.00000000	-1244418.50	0.00000000	15716748.0	0.00000000	-0.296798861E-2
   46.5200	-0.00000000	10448987.0	-0.00000000	-10448900.0	-2089471.88	-0.00000000	-1244418.50	0.00000000	31344504.0	0.00000000	-0.591917150E-2
   46.5300	-0.00000000	15612351.0	-0.00000000	-15612226.0	-3121984.75	-0.00000000	-1244418.50	0.00000000	46833396.0	0.00000000	-0.884413067E-2
   46.5400	-0.00000000	20705136.0	-0.00000000	-20704972.0	-4140383.50	-0.00000000	-1244418.50	0.00000000	62110552.0	0.00000000	-0.117291063E-1
   46.5500	-0.00000000	25711140.0	-0.00000000	-25710952.0	-5141430.50	-0.00000000	-1244418.50	0.00000000	77127424.0	0.00000000	-0.145649286E-1
   46.5600	-0.00000000	30606928.0	-0.00000000	-30606656.0	-6120426.50	-0.00000000	-1244418.50	0.00000000	91813496.0	0.00000000	-0.173382815E-1
   46.5700	-0.00000000	35376832.0	-0.00000000	-35376588.0	-7074273.00	-0.00000000	-1244418.50	0.00000000	106122312.	0.00000000	-0.200403929E-1
   46.5800	-0.00000000	39998752.0	-0.00000000	-39998452.0	-7998501.50	-0.00000000	-1244418.50	0.00000000	119986816.	0.00000000	-0.226585977E-1
   46.5900	-0.00000000	44457936.0	-0.00000000	-44457600.0	-8890207.00	-0.00000000	-1244418.50	0.00000000	133363408.	0.00000000	-0.251846667E-1
   46.6000	-0.00000000	48735296.0	-0.00000000	-48734892.0	-9745532.00	-0.00000000	-1244418.50	0.00000000	146194304.	0.00000000	-0.276076812E-1
   46.6100	-0.00000000	52812484.0	-0.00000000	-52812128.0	-10560854.0	-0.00000000	-1244418.50	0.00000000	158425056.	0.00000000	-0.299173687E-1
   46.6200	-0.00000000	56676840.0	-0.00000000	-56676428.0	-11333612.0	-0.00000000	-1244418.50	0.00000000	170017328.	0.00000000	-0.321064815E-1
   46.6300	-0.00000000	60310492.0	-0.00000000	-60310048.0	-12060226.0	-0.00000000	-1244418.50	0.00000000	180917376.	0.00000000	-0.341648720E-1
   46.6400	-0.00000000	63702168.0	-0.00000000	-63701636.0	-12738441.0	-0.00000000	-1244418.50	0.00000000	191091408.	0.00000000	-0.360861607E-1
   46.6500	-0.00000000	66836088.0	-0.00000000	-66835500.0	-13365123.0	-0.00000000	-1244418.50	0.00000000	200492336.	0.00000000	-0.378614590E-1
   46.6600	-0.00000000	69702608.0	-0.00000000	-69702064.0	-13938350.0	-0.00000000	-1244418.50	0.00000000	209091392.	0.00000000	-0.394853204E-1
   46.6700	-0.00000000	72289600.0	-0.00000000	-72289024.0	-14455666.0	-0.00000000	-1244418.50	0.00000000	216851744.	0.00000000	-0.409508087E-1
   46.6800	-0.00000000	74586408.0	-0.00000000	-74585896.0	-14914965.0	-0.00000000	-1244418.50	0.00000000	223741776.	0.00000000	-0.422519334E-1
   46.6900	-0.00000000	76586040.0	-0.00000000	-76585536.0	-15314845.0	-0.00000000	-1244418.50	0.00000000	229740416.	0.00000000	-0.433847345E-1
   46.7000	-0.00000000	78279728.0	-0.00000000	-78279184.0	-15653517.0	-0.00000000	-1244418.50	0.00000000	234820928.	0.00000000	-0.443441495E-1
   46.7100	-0.00000000	79662408.0	-0.00000000	-79661720.0	-15929991.0	-0.00000000	-1244418.50	0.00000000	238968320.	0.00000000	-0.451273546E-1
   46.7200	-0.00000000	80727832.0	-0.00000000	-80727256.0	-16143047.0	-0.00000000	-1244418.50	0.00000000	242164464.	0.00000000	-0.457309186E-1
   46.7300	-0.00000000	81473304.0	-0.00000000	-81472664.0	-16292119.0	-0.00000000	-1244418.50	0.00000000	244400672.	0.00000000	-0.461532101E-1
   46.7400	-0.00000000	81895680.0	-0.00000000	-81894984.0	-16376577.0	-0.00000000	-1244418.50	0.00000000	245667648.	0.00000000	-0.463924706E-1
   46.7500	-0.00000000	81994112.0	-0.00000000	-81993512.0	-16396273.0	-0.00000000	-1244418.50	0.00000000	245963104.	0.00000000	-0.464482680E-1
   46.7600	-0.00000000	81768536.0	-0.00000000	-81767928.0	-16351162.0	-0.00000000	-1244418.50	0.00000000	245286416.	0.00000000	-0.463204794E-1
   46.7700	-0.00000000	81220720.0	-0.00000000	-81220064.0	-16241603.0	-0.00000000	-1244418.50	0.00000000	243642880.	0.00000000	-0.460101105E-1
   46.7800	-0.00000000	80352688.0	-0.00000000	-80352064.0	-16068028.0	-0.00000000	-1244418.50	0.00000000	241039024.	0.00000000	-0.455183908E-1
   46.7900	-0.00000000	79169232.0	-0.00000000	-79168536.0	-15831358.0	-0.00000000	-1244418.50	0.00000000	237488768.	0.00000000	-0.448479503E-1
   46.8000	-0.00000000	77674432.0	-0.00000000	-77673832.0	-15532459.0	-0.00000000	-1244418.50	0.00000000	233004928.	0.00000000	-0.440012105E-1
   46.8100	-0.00000000	75875928.0	-0.00000000	-75875424.0	-15172833.0	-0.00000000	-1244418.50	0.00000000	227610080.	0.00000000	-0.429824367E-1
   46.8200	-0.00000000	73780072.0	-0.00000000	-73779616.0	-14753734.0	-0.00000000	-1244418.50	0.00000000	221323088.	0.00000000	-0.417951830E-1
   46.8300	-0.00000000	71397168.0	-0.00000000	-71396592.0	-14277219.0	-0.00000000	-1244418.50	0.00000000	214174800.	0.00000000	-0.404452868E-1
   46.8400	-0.00000000	68735272.0	-0.00000000	-68734800.0	-13744922.0	-0.00000000	-1244418.50	0.00000000	206189744.	0.00000000	-0.389373675E-1
   46.8500	-0.00000000	65806200.0	-0.00000000	-65805712.0	-13159195.0	-0.00000000	-1244418.50	0.00000000	197403184.	0.00000000	-0.372780934E-1
   46.8600	-0.00000000	62623324.0	-0.00000000	-62622836.0	-12522715.0	-0.00000000	-1244418.50	0.00000000	187855216.	0.00000000	-0.354750343E-1
   46.8700	-0.00000000	59197116.0	-0.00000000	-59196656.0	-11837585.0	-0.00000000	-1244418.50	0.00000000	177577504.	0.00000000	-0.335341617E-1
   46.8800	-0.00000000	55544260.0	-0.00000000	-55543832.0	-11107125.0	-0.00000000	-1244418.50	0.00000000	166619744.	0.00000000	-0.314648747E-1
   46.8900	-0.00000000	51676792.0	-0.00000000	-51676412.0	-10333745.0	-0.00000000	-1244418.50	0.00000000	155018160.	0.00000000	-0.292740036E-1
   46.9000	-0.00000000	47613224.0	-0.00000000	-47612860.0	-9521162.00	-0.00000000	-1244418.50	0.00000000	142828464.	0.00000000	-0.269720722E-1
   46.9100	-0.00000000	43366944.0	-0.00000000	-43366628.0	-8672047.00	-0.00000000	-1244418.50	0.00000000	130090744.	0.00000000	-0.245666504E-1
   46.9200	-0.00000000	38956620.0	-0.00000000	-38956336.0	-7790112.00	-0.00000000	-1244418.50	0.00000000	116860720.	0.00000000	-0.220682602E-1
   46.9300	-0.00000000	34401700.0	-0.00000000	-34401468.0	-6879272.00	-0.00000000	-1244418.50	0.00000000	103197072.	0.00000000	-0.194879826E-1
   46.9400	-0.00000000	29717002.0	-0.00000000	-29716806.0	-5942479.50	-0.00000000	-1244418.50	0.00000000	89144072.0	0.00000000	-0.168341827E-1
   46.9500	-0.00000000	24924880.0	-0.00000000	-24924688.0	-4984200.00	-0.00000000	-1244418.50	0.00000000	74768784.0	0.00000000	-0.141195171E-1
   46.9600	-0.00000000	20040796.0	-0.00000000	-20040634.0	-4007534.75	-0.00000000	-1244418.50	0.00000000	60117676.0	0.00000000	-0.113527663E-1
   46.9700	-0.00000000	15087968.0	-0.00000000	-15087848.0	-3017122.75	-0.00000000	-1244418.50	0.00000000	45260340.0	0.00000000	-0.854707230E-2
   46.9800	-0.00000000	10082359.0	-0.00000000	-10082265.0	-2016155.00	-0.00000000	-1244418.50	0.00000000	30244666.0	0.00000000	-0.571147539E-2
   46.9900	-0.00000000	5047638.50	-0.00000000	-5047604.00	-1009370.88	-0.00000000	-1244418.50	0.00000000	15141733.0	0.00000000	-0.285940128E-2
   47.0000	-0.00000000	-0.236223897E-6	-0.00000000	0.236222107E-6	0.472374104E-7	-0.00000000	-1244418.50	0.00000000	-0.708615914E-6	0.00000000	0.133816727E-15
   47.0100	-0.00000000	-5038654.00	-0.00000000	5038614.50	1007574.38	-0.00000000	-1244418.50	0.00000000	-15114782.0	0.00000000	0.285431184E-2
   47.0200	-0.00000000	-10046505.0	-0.00000000	10046433.0	2008987.38	-0.00000000	-1244418.50	0.00000000	-30137142.0	0.00000000	0.569117069E-2
   47.0300	-0.00000000	-15007574.0	-0.00000000	15007465.0	3001047.25	-0.00000000	-1244418.50	0.00000000	-45019196.0	0.00000000	0.850153249E-2
   47.0400	-0.00000000	-19898556.0	-0.00000000	19898400.0	3979092.25	-0.00000000	-1244418.50	0.00000000	-59690992.0	0.00000000	0.112721911E-1
   47.0500	-0.00000000	-24703940.0	-0.00000000	24703750.0	4940019.50	-0.00000000	-1244418.50	0.00000000	-74106016.0	0.00000000	0.139943585E-1
   47.0600	-0.00000000	-29401194.0	-0.00000000	29400984.0	5879327.00	-0.00000000	-1244418.50	0.00000000	-88196712.0	0.00000000	0.166552812E-1
   47.0700	-0.00000000	-33975532.0	-0.00000000	33975304.0	6794053.00	-0.00000000	-1244418.50	0.00000000	-101918680.	0.00000000	0.192465689E-1
   47.0800	-0.00000000	-38405576.0	-0.00000000	38405320.0	7679925.00	-0.00000000	-1244418.50	0.00000000	-115207776.	0.00000000	0.217561126E-1
   47.0900	-0.00000000	-42677488.0	-0.00000000	42677152.0	8534168.00	-0.00000000	-1244418.50	0.00000000	-128022408.	0.00000000	0.241760612E-1
   47.1000	-0.00000000	-46772832.0	-0.00000000	46772444.0	9353109.00	-0.00000000	-1244418.50	0.00000000	-140307472.	0.00000000	0.264960025E-1
   47.1100	-0.00000000	-50674308.0	-0.00000000	50673952.0	10133291.0	-0.00000000	-1244418.50	0.00000000	-152011120.	0.00000000	0.287061445E-1
   47.1200	-0.00000000	-54369880.0	-0.00000000	54369480.0	10872284.0	-0.00000000	-1244418.50	0.00000000	-163096880.	0.00000000	0.307996068E-1
   47.1300	-0.00000000	-57842424.0	-0.00000000	57841972.0	11566685.0	-0.00000000	-1244418.50	0.00000000	-173513696.	0.00000000	0.327667445E-1
   47.1400	-0.00000000	-61081352.0	-0.00000000	61080816.0	12214358.0	-0.00000000	-1244418.50	0.00000000	-183229536.	0.00000000	0.346015058E-1
   47.1500	-0.00000000	-64071628.0	-0.00000000	64071096.0	12812331.0	-0.00000000	-1244418.50	0.00000000	-192199824.	0.00000000	0.362954773E-1
   47.1600	-0.00000000	-66804400.0	-0.00000000	66803848.0	13358796.0	-0.00000000	-1244418.50	0.00000000	-200397424.	0.00000000	0.378435366E-1
   47.1700	-0.00000000	-69267976.0	-0.00000000	69267512.0	13851442.0	-0.00000000	-1244418.50	0.00000000	-207787680.	0.00000000	0.392391235E-1
   47.1800	-0.00000000	-71452576.0	-0.00000000	71451968.0	14288274.0	-0.00000000	-1244418.50	0.00000000	-214340656.	0.00000000	0.404766090E-1
   47.1900	-0.00000000	-73351400.0	-0.00000000	73350832.0	14667995.0	-0.00000000	-1244418.50	0.00000000	-220036960.	0.00000000	0.415523089E-1
   47.2000	-0.00000000	-74956344.0	-0.00000000	74955824.0	14988940.0	-0.00000000	-1244418.50	0.00000000	-224851456.	0.00000000	0.424614921E-1
   47.2100	-0.00000000	-76262808.0	-0.00000000	76262208.0	15250182.0	-0.00000000	-1244418.50	0.00000000	-228770432.	0.00000000	0.432015583E-1
   47.2200	-0.00000000	-77265056.0	-0.00000000	77264480.0	15450614.0	-0.00000000	-1244418.50	0.00000000	-231777104.	0.00000000	0.437693484E-1
   47.2300	-0.00000000	-77960800.0	-0.00000000	77960112.0	15589716.0	-0.00000000	-1244418.50	0.00000000	-233863776.	0.00000000	0.441634022E-1
   47.2400	-0.00000000	-78346896.0	-0.00000000	78346272.0	15666943.0	-0.00000000	-1244418.50	0.00000000	-235022320.	0.00000000	0.443821810E-1
   47.2500	-0.00000000	-78423136.0	-0.00000000	78422544.0	15682188.0	-0.00000000	-1244418.50	0.00000000	-235251056.	0.00000000	0.444253758E-1
   47.2600	-0.00000000	-78189448.0	-0.00000000	78188888.0	15635458.0	-0.00000000	-1244418.50	0.00000000	-234550016.	0.00000000	0.442929901E-1
   47.2700	-0.00000000	-77647824.0	-0.00000000	77647168.0	15527130.0	-0.00000000	-1244418.50	0.00000000	-232924960.	0.00000000	0.439861119E-1
   47.2800	-0.00000000	-76800152.0	-0.00000000	76799664.0	15357661.0	-0.00000000	-1244418.50	0.00000000	-230382752.	0.00000000	0.435060337E-1
   47.2900	-0.00000000	-75651672.0	-0.00000000	75651096.0	15127986.0	-0.00000000	-1244418.50	0.00000000	-226937344.	0.00000000	0.428553969E-1
   47.3000	-0.00000000	-74206320.0	-0.00000000	74205776.0	14838959.0	-0.00000000	-1244418.50	0.00000000	-222601568.	0.00000000	0.420366153E-1
   47.3100	-0.00000000	-72471544.0	-0.00000000	72471032.0	14492055.0	-0.00000000	-1244418.50	0.00000000	-217397632.	0.00000000	0.410538912E-1
   47.3200	-0.00000000	-70453512.0	-0.00000000	70453008.0	14088512.0	-0.00000000	-1244418.50	0.00000000	-211344080.	0.00000000	0.399107225E-1
   47.3300	-0.00000000	-68162344.0	-0.00000000	68161816.0	13630350.0	-0.00000000	-1244418.50	0.00000000	-204471072.	0.00000000	0.386128090E-1
   47.3400	-0.00000000	-65606000.0	-0.00000000	65605432.0	13119150.0	-0.00000000	-1244418.50	0.00000000	-196802496.	0.00000000	0.371646546E-1
   47.3500	-0.00000000	-62795756.0	-0.00000000	62795276.0	12557198.0	-0.00000000	-1244418.50	0.00000000	-188372560.	0.00000000	0.355727263E-1
   47.3600	-0.00000000	-59744660.0	-0.00000000	59744236.0	11947084.0	-0.00000000	-1244418.50	0.00000000	-179220096.	0.00000000	0.338443555E-1
   47.3700	-0.00000000	-56462976.0	-0.00000000	56462596.0	11290844.0	-0.00000000	-1244418.50	0.00000000	-169375744.	0.00000000	0.319853239E-1
   47.3800	-0.00000000	-52966616.0	-0.00000000	52966280.0	10591679.0	-0.00000000	-1244418.50	0.00000000	-158887472.	0.00000000	0.300046932E-1
   47.3900	-0.00000000	-49267256.0	-0.00000000	49266856.0	9851916.00	-0.00000000	-1244418.50	0.00000000	-147790160.	0.00000000	0.279090498E-1
   47.4000	-0.00000000	-45382672.0	-0.00000000	45382340.0	9075126.00	-0.00000000	-1244418.50	0.00000000	-136137424.	0.00000000	0.257085189E-1
   47.4100	-0.00000000	-41325804.0	-0.00000000	41325508.0	8263879.00	-0.00000000	-1244418.50	0.00000000	-123967776.	0.00000000	0.234103724E-1
   47.4200	-0.00000000	-37114472.0	-0.00000000	37114220.0	7421742.00	-0.00000000	-1244418.50	0.00000000	-111334728.	0.00000000	0.210247189E-1
   47.4300	-0.00000000	-32767362.0	-0.00000000	32767132.0	6552458.00	-0.00000000	-1244418.50	0.00000000	-98294456.0	0.00000000	0.185621623E-1
   47.4400	-0.00000000	-28298670.0	-0.00000000	28298452.0	5658859.50	-0.00000000	-1244418.50	0.00000000	-84889456.0	0.00000000	0.160307288E-1
   47.4500	-0.00000000	-23729768.0	-0.00000000	23729620.0	4745218.50	-0.00000000	-1244418.50	0.00000000	-71183784.0	0.00000000	0.134425173E-1
   47.4600	-0.00000000	-19075480.0	-0.00000000	19075330.0	3814499.50	-0.00000000	-1244418.50	0.00000000	-57221916.0	0.00000000	0.108059244E-1
   47.4700	-0.00000000	-14357886.0	-0.00000000	14357752.0	2871128.25	-0.00000000	-1244418.50	0.00000000	-43070256.0	0.00000000	0.813349057E-2
   47.4800	-0.00000000	-9592243.00	-0.00000000	9592173.00	1918151.38	-0.00000000	-1244418.50	0.00000000	-28774496.0	0.00000000	0.543384533E-2
   47.4900	-0.00000000	-4801164.00	-0.00000000	4801128.00	960083.562	-0.00000000	-1244418.50	0.00000000	-14402366.0	0.00000000	0.271977740E-2
   47.5000	-0.00000000	-0.598622307E-6	-0.00000000	0.598617419E-6	0.119705803E-6	-0.00000000	-1244418.50	0.00000000	-0.179572589E-5	0.00000000	0.339109190E-15
   47.5100	-0.00000000	4790392.00	-0.00000000	-4790361.00	-957930.000	-0.00000000	-1244418.50	0.00000000	14370061.0	0.00000000	-0.271367701E-2
   47.5200	-0.00000000	9549274.00	-0.00000000	-9549211.00	-1909559.38	-0.00000000	-1244418.50	0.00000000	28645602.0	0.00000000	-0.540950475E-2
   47.5300	-0.00000000	14261509.0	-0.00000000	-14261397.0	-2851857.25	-0.00000000	-1244418.50	0.00000000	42781172.0	0.00000000	-0.807889923E-2
   47.5400	-0.00000000	18904944.0	-0.00000000	-18904800.0	-3780401.75	-0.00000000	-1244418.50	0.00000000	56710416.0	0.00000000	-0.107093314E-1
   47.5500	-0.00000000	23464928.0	-0.00000000	-23464750.0	-4692255.50	-0.00000000	-1244418.50	0.00000000	70389272.0	0.00000000	-0.132924803E-1
   47.5600	-0.00000000	27920114.0	-0.00000000	-27919914.0	-5583154.00	-0.00000000	-1244418.50	0.00000000	83753784.0	0.00000000	-0.158162657E-1
   47.5700	-0.00000000	32256532.0	-0.00000000	-32256266.0	-6450299.00	-0.00000000	-1244418.50	0.00000000	96761968.0	0.00000000	-0.182727631E-1
   47.5800	-0.00000000	36453912.0	-0.00000000	-36453656.0	-7289651.00	-0.00000000	-1244418.50	0.00000000	109353208.	0.00000000	-0.206505228E-1
   47.5900	-0.00000000	40499284.0	-0.00000000	-40498952.0	-8098595.50	-0.00000000	-1244418.50	0.00000000	121488328.	0.00000000	-0.229421481E-1
   47.6000	-0.00000000	44375252.0	-0.00000000	-44374912.0	-8873670.00	-0.00000000	-1244418.50	0.00000000	133115336.	0.00000000	-0.251378212E-1
   47.6100	-0.00000000	48065596.0	-0.00000000	-48065208.0	-9611617.00	-0.00000000	-1244418.50	0.00000000	144185408.	0.00000000	-0.272283200E-1
   47.6200	-0.00000000	51558836.0	-0.00000000	-51558456.0	-10310159.0	-0.00000000	-1244418.50	0.00000000	154664336.	0.00000000	-0.292071868E-1
   47.6300	-0.00000000	54839012.0	-0.00000000	-54838564.0	-10966098.0	-0.00000000	-1244418.50	0.00000000	164504176.	0.00000000	-0.310653653E-1
   47.6400	-0.00000000	57896232.0	-0.00000000	-57895708.0	-11577436.0	-0.00000000	-1244418.50	0.00000000	173674960.	0.00000000	-0.327971987E-1
   47.6500	-0.00000000	60716432.0	-0.00000000	-60715908.0	-12141387.0	-0.00000000	-1244418.50	0.00000000	182134912.	0.00000000	-0.343947932E-1
   47.6600	-0.00000000	63291204.0	-0.00000000	-63290732.0	-12656275.0	-0.00000000	-1244418.50	0.00000000	189858816.	0.00000000	-0.358533934E-1
   47.6700	-0.00000000	65609948.0	-0.00000000	-65609336.0	-13119938.0	-0.00000000	-1244418.50	0.00000000	196814304.	0.00000000	-0.371668860E-1
   47.6800	-0.00000000	67663192.0	-0.00000000	-67662688.0	-13530536.0	-0.00000000	-1244418.50	0.00000000	202973728.	0.00000000	-0.383300483E-1
   47.6900	-0.00000000	69445112.0	-0.00000000	-69444592.0	-13886870.0	-0.00000000	-1244418.50	0.00000000	208319136.	0.00000000	-0.393394865E-1
   47.7000	-0.00000000	70947992.0	-0.00000000	-70947448.0	-14187394.0	-0.00000000	-1244418.50	0.00000000	212827344.	0.00000000	-0.401908271E-1
   47.7100	-0.00000000	72167664.0	-0.00000000	-72167096.0	-14431278.0	-0.00000000	-1244418.50	0.00000000	216485920.	0.00000000	-0.408817232E-1
   47.7200	-0.00000000	73098960.0	-0.00000000	-73098424.0	-14617513.0	-0.00000000	-1244418.50	0.00000000	219279696.	0.00000000	-0.414093062E-1
   47.7300	-0.00000000	73739760.0	-0.00000000	-73739232.0	-14745658.0	-0.00000000	-1244418.50	0.00000000	221201952.	0.00000000	-0.417723097E-1
   47.7400	-0.00000000	74087680.0	-0.00000000	-74087096.0	-14815221.0	-0.00000000	-1244418.50	0.00000000	222245536.	0.00000000	-0.419693813E-1
   47.7500	-0.00000000	74142336.0	-0.00000000	-74141784.0	-14826154.0	-0.00000000	-1244418.50	0.00000000	222409536.	0.00000000	-0.420003496E-1
   47.7600	-0.00000000	73904032.0	-0.00000000	-73903416.0	-14778498.0	-0.00000000	-1244418.50	0.00000000	221694592.	0.00000000	-0.418653414E-1
   47.7700	-0.00000000	73374720.0	-0.00000000	-73374064.0	-14672653.0	-0.00000000	-1244418.50	0.00000000	220106832.	0.00000000	-0.415655002E-1
   47.7800	-0.00000000	72556824.0	-0.00000000	-72556208.0	-14509091.0	-0.00000000	-1244418.50	0.00000000	217653232.	0.00000000	-0.411021598E-1
   47.7900	-0.00000000	71454864.0	-0.00000000	-71454288.0	-14288740.0	-0.00000000	-1244418.50	0.00000000	214347680.	0.00000000	-0.404779352E-1
   47.8000	-0.00000000	70073080.0	-0.00000000	-70072656.0	-14012443.0	-0.00000000	-1244418.50	0.00000000	210202880.	0.00000000	-0.396952182E-1
   47.8100	-0.00000000	68418824.0	-0.00000000	-68418352.0	-13681636.0	-0.00000000	-1244418.50	0.00000000	205240368.	0.00000000	-0.387580879E-1
   47.8200	-0.00000000	66497980.0	-0.00000000	-66497420.0	-13297526.0	-0.00000000	-1244418.50	0.00000000	199478272.	0.00000000	-0.376699567E-1
   47.8300	-0.00000000	64320244.0	-0.00000000	-64319744.0	-12862045.0	-0.00000000	-1244418.50	0.00000000	192945600.	0.00000000	-0.364363119E-1
   47.8400	-0.00000000	61893288.0	-0.00000000	-61892836.0	-12376734.0	-0.00000000	-1244418.50	0.00000000	185665344.	0.00000000	-0.350614935E-1
   47.8500	-0.00000000	59228140.0	-0.00000000	-59227688.0	-11843784.0	-0.00000000	-1244418.50	0.00000000	177670512.	0.00000000	-0.335517265E-1
   47.8600	-0.00000000	56337112.0	-0.00000000	-56336668.0	-11265667.0	-0.00000000	-1244418.50	0.00000000	168998048.	0.00000000	-0.319139995E-1
   47.8700	-0.00000000	53229956.0	-0.00000000	-53229584.0	-10644335.0	-0.00000000	-1244418.50	0.00000000	159677376.	0.00000000	-0.301538613E-1
   47.8800	-0.00000000	49921968.0	-0.00000000	-49921588.0	-9982840.00	-0.00000000	-1244418.50	0.00000000	149754192.	0.00000000	-0.282799415E-1
   47.8900	-0.00000000	46424256.0	-0.00000000	-46423892.0	-9283400.00	-0.00000000	-1244418.50	0.00000000	139261760.	0.00000000	-0.262985285E-1
   47.9000	-0.00000000	42753720.0	-0.00000000	-42753348.0	-8549410.00	-0.00000000	-1244418.50	0.00000000	128251056.	0.00000000	-0.242192391E-1
   47.9100	-0.00000000	38922632.0	-0.00000000	-38922308.0	-7783311.50	-0.00000000	-1244418.50	0.00000000	116758672.	0.00000000	-0.220489893E-1
   47.9200	-0.00000000	34947832.0	-0.00000000	-34947592.0	-6988485.50	-0.00000000	-1244418.50	0.00000000	104835376.	0.00000000	-0.197973661E-1
   47.9300	-0.00000000	30847230.0	-0.00000000	-30846976.0	-6168482.00	-0.00000000	-1244418.50	0.00000000	92534392.0	0.00000000	-0.174744166E-1
   47.9400	-0.00000000	26634036.0	-0.00000000	-26633860.0	-5325982.00	-0.00000000	-1244418.50	0.00000000	79895920.0	0.00000000	-0.150877377E-1
   47.9500	-0.00000000	22328582.0	-0.00000000	-22328434.0	-4465025.00	-0.00000000	-1244418.50	0.00000000	66980548.0	0.00000000	-0.126487678E-1
   47.9600	-0.00000000	17944852.0	-0.00000000	-17944690.0	-3588407.50	-0.00000000	-1244418.50	0.00000000	53830276.0	0.00000000	-0.101654390E-1
   47.9700	-0.00000000	13503650.0	-0.00000000	-13503536.0	-2700309.25	-0.00000000	-1244418.50	0.00000000	40507768.0	0.00000000	-0.764958421E-2
   47.9800	-0.00000000	9019413.00	-0.00000000	-9019340.00	-1803600.12	-0.00000000	-1244418.50	0.00000000	27056094.0	0.00000000	-0.510933762E-2
   47.9900	-0.00000000	4513367.50	-0.00000000	-4513328.00	-902532.688	-0.00000000	-1244418.50	0.00000000	13539035.0	0.00000000	-0.255674403E-2
   48.0000	-0.00000000	0.316414940E-6	-0.00000000	-0.316412553E-6	-0.632731272E-7	-0.00000000	-1244418.50	0.00000000	0.949170271E-6	0.00000000	-0.179243607E-15
   48.0100	-0.00000000	-4501093.00	-0.00000000	4501059.00	900078.312	-0.00000000	-1244418.50	0.00000000	-13502219.0	0.00000000	0.254979148E-2
   48.0200	-0.00000000	-8970440.00	-0.00000000	8970371.00	1793807.62	-0.00000000	-1244418.50	0.00000000	-26909198.0	0.00000000	0.508159772E-2
   48.0300	-0.00000000	-13393827.0	-0.00000000	13393710.0	2678346.50	-0.00000000	-1244418.50	0.00000000	-40178304.0	0.00000000	0.758736767E-2
   48.0400	-0.00000000	-17750506.0	-0.00000000	17750360.0	3549548.00	-0.00000000	-1244418.50	0.00000000	-53247344.0	0.00000000	0.100553567E-1
   48.0500	-0.00000000	-22026734.0	-0.00000000	22026588.0	4404664.50	-0.00000000	-1244418.50	0.00000000	-66075080.0	0.00000000	0.124777770E-1
   48.0600	-0.00000000	-26202596.0	-0.00000000	26202406.0	5239704.50	-0.00000000	-1244418.50	0.00000000	-78601640.0	0.00000000	0.148433233E-1
   48.0700	-0.00000000	-30264988.0	-0.00000000	30264744.0	6052056.00	-0.00000000	-1244418.50	0.00000000	-90787856.0	0.00000000	0.171445981E-1
   48.0800	-0.00000000	-34195032.0	-0.00000000	34194808.0	6837946.00	-0.00000000	-1244418.50	0.00000000	-102577112.	0.00000000	0.193709098E-1
   48.0900	-0.00000000	-37980600.0	-0.00000000	37980340.0	7594943.00	-0.00000000	-1244418.50	0.00000000	-113932952.	0.00000000	0.215153731E-1
   48.1000	-0.00000000	-41605544.0	-0.00000000	41605232.0	8319817.00	-0.00000000	-1244418.50	0.00000000	-124806896.	0.00000000	0.235688351E-1
   48.1100	-0.00000000	-45054700.0	-0.00000000	45054364.0	9009542.00	-0.00000000	-1244418.50	0.00000000	-135153568.	0.00000000	0.255227257E-1
   48.1200	-0.00000000	-48317564.0	-0.00000000	48317180.0	9662002.00	-0.00000000	-1244418.50	0.00000000	-144941248.	0.00000000	0.273710545E-1
   48.1300	-0.00000000	-51379184.0	-0.00000000	51378744.0	10274233.0	-0.00000000	-1244418.50	0.00000000	-154125408.	0.00000000	0.291054156E-1
   48.1400	-0.00000000	-54230388.0	-0.00000000	54229968.0	10844390.0	-0.00000000	-1244418.50	0.00000000	-162678432.	0.00000000	0.307205841E-1
   48.1500	-0.00000000	-56858360.0	-0.00000000	56857932.0	11369896.0	-0.00000000	-1244418.50	0.00000000	-170561648.	0.00000000	0.322092697E-1
   48.1600	-0.00000000	-59255276.0	-0.00000000	59254848.0	11849212.0	-0.00000000	-1244418.50	0.00000000	-177751936.	0.00000000	0.335671008E-1
   48.1700	-0.00000000	-61411288.0	-0.00000000	61410804.0	12280346.0	-0.00000000	-1244418.50	0.00000000	-184219424.	0.00000000	0.347884409E-1
   48.1800	-0.00000000	-63317852.0	-0.00000000	63317416.0	12661613.0	-0.00000000	-1244418.50	0.00000000	-189938880.	0.00000000	0.358685143E-1
   48.1900	-0.00000000	-64969672.0	-0.00000000	64969168.0	12991923.0	-0.00000000	-1244418.50	0.00000000	-194893888.	0.00000000	0.368042327E-1
   48.2000	-0.00000000	-66359664.0	-0.00000000	66359208.0	13269873.0	-0.00000000	-1244418.50	0.00000000	-199063472.	0.00000000	0.375916250E-1
   48.2100	-0.00000000	-67484152.0	-0.00000000	67483568.0	13494720.0	-0.00000000	-1244418.50	0.00000000	-202436480.	0.00000000	0.382285900E-1
   48.2200	-0.00000000	-68338496.0	-0.00000000	68337952.0	13665567.0	-0.00000000	-1244418.50	0.00000000	-204999328.	0.00000000	0.387125686E-1
   48.2300	-0.00000000	-68920768.0	-0.00000000	68920280.0	13782022.0	-0.00000000	-1244418.50	0.00000000	-206746320.	0.00000000	0.390424728E-1
   48.2400	-0.00000000	-69229248.0	-0.00000000	69228744.0	13843689.0	-0.00000000	-1244418.50	0.00000000	-207671408.	0.00000000	0.392171703E-1
   48.2500	-0.00000000	-69263448.0	-0.00000000	69263000.0	13850547.0	-0.00000000	-1244418.50	0.00000000	-207774240.	0.00000000	0.392365903E-1
   48.2600	-0.00000000	-69024024.0	-0.00000000	69023536.0	13802674.0	-0.00000000	-1244418.50	0.00000000	-207056096.	0.00000000	0.391009748E-1
   48.2700	-0.00000000	-68513128.0	-0.00000000	68512608.0	13700493.0	-0.00000000	-1244418.50	0.00000000	-205523280.	0.00000000	0.388115123E-1
   48.2800	-0.00000000	-67733000.0	-0.00000000	67732384.0	13544479.0	-0.00000000	-1244418.50	0.00000000	-203182880.	0.00000000	0.383695476E-1
   48.2900	-0.00000000	-66688044.0	-0.00000000	66687576.0	13335535.0	-0.00000000	-1244418.50	0.00000000	-200048496.	0.00000000	0.377776399E-1
   48.3000	-0.00000000	-65382696.0	-0.00000000	65382132.0	13074484.0	-0.00000000	-1244418.50	0.00000000	-196132400.	0.00000000	0.370381176E-1
   48.3100	-0.00000000	-63823520.0	-0.00000000	63823004.0	12762713.0	-0.00000000	-1244418.50	0.00000000	-191455520.	0.00000000	0.361549184E-1
   48.3200	-0.00000000	-62016548.0	-0.00000000	62016084.0	12401378.0	-0.00000000	-1244418.50	0.00000000	-186035056.	0.00000000	0.351313092E-1
   48.3300	-0.00000000	-59970904.0	-0.00000000	59970508.0	11992325.0	-0.00000000	-1244418.50	0.00000000	-179898784.	0.00000000	0.339725167E-1
   48.3400	-0.00000000	-57694084.0	-0.00000000	57693648.0	11537014.0	-0.00000000	-1244418.50	0.00000000	-173068592.	0.00000000	0.326826908E-1
   48.3500	-0.00000000	-55196276.0	-0.00000000	55195784.0	11037526.0	-0.00000000	-1244418.50	0.00000000	-165575696.	0.00000000	0.312677138E-1
   48.3600	-0.00000000	-52489116.0	-0.00000000	52488784.0	10496200.0	-0.00000000	-1244418.50	0.00000000	-157455168.	0.00000000	0.297342110E-1
   48.3700	-0.00000000	-49582136.0	-0.00000000	49581752.0	9914882.00	-0.00000000	-1244418.50	0.00000000	-148734752.	0.00000000	0.280874260E-1
   48.3800	-0.00000000	-46489440.0	-0.00000000	46489096.0	9296445.00	-0.00000000	-1244418.50	0.00000000	-139457456.	0.00000000	0.263354834E-1
   48.3900	-0.00000000	-43221612.0	-0.00000000	43221292.0	8642980.00	-0.00000000	-1244418.50	0.00000000	-129654736.	0.00000000	0.244843122E-1
   48.4000	-0.00000000	-39794608.0	-0.00000000	39794240.0	7957675.00	-0.00000000	-1244418.50	0.00000000	-119374344.	0.00000000	0.225429386E-1
   48.4100	-0.00000000	-36219768.0	-0.00000000	36219492.0	7242823.50	-0.00000000	-1244418.50	0.00000000	-108650744.	0.00000000	0.205178689E-1
   48.4200	-0.00000000	-32513062.0	-0.00000000	32512786.0	6501596.50	-0.00000000	-1244418.50	0.00000000	-97531480.0	0.00000000	0.184180811E-1
   48.4300	-0.00000000	-28691040.0	-0.00000000	28690826.0	5737315.50	-0.00000000	-1244418.50	0.00000000	-86066368.0	0.00000000	0.162529815E-1
   48.4400	-0.00000000	-24766286.0	-0.00000000	24766122.0	4952487.00	-0.00000000	-1244418.50	0.00000000	-74293048.0	0.00000000	0.140296780E-1
   48.4500	-0.00000000	-20757662.0	-0.00000000	20757488.0	4150884.25	-0.00000000	-1244418.50	0.00000000	-62268076.0	0.00000000	0.117588546E-1
   48.4600	-0.00000000	-16678210.0	-0.00000000	16678078.0	3335121.75	-0.00000000	-1244418.50	0.00000000	-50030692.0	0.00000000	0.944791641E-2
   48.4700	-0.00000000	-12547408.0	-0.00000000	12547317.0	2509091.00	-0.00000000	-1244418.50	0.00000000	-37639280.0	0.00000000	0.710789207E-2
   48.4800	-0.00000000	-8378647.50	-0.00000000	8378583.50	1675468.00	-0.00000000	-1244418.50	0.00000000	-25133964.0	0.00000000	0.474635838E-2
   48.4900	-0.00000000	-4191689.00	-0.00000000	4191659.50	838207.875	-0.00000000	-1244418.50	0.00000000	-12574090.0	0.00000000	0.237452146E-2
   48.5000	-0.00000000	-0.652043823E-7	-0.00000000	0.652039063E-7	0.130388500E-7	-0.00000000	-1244418.50	0.00000000	-0.195597892E-6	0.00000000	0.369371778E-16
   48.5100	-0.00000000	4178228.50	-0.00000000	-4178193.50	-835515.812	-0.00000000	-1244418.50	0.00000000	12533706.0	0.00000000	-0.236689532E-2
   48.5200	-0.00000000	8324934.00	-0.00000000	-8324872.00	-1664726.75	-0.00000000	-1244418.50	0.00000000	24972832.0	0.00000000	-0.471592974E-2
   48.5300	-0.00000000	12426937.0	-0.00000000	-12426838.0	-2484999.75	-0.00000000	-1244418.50	0.00000000	37277876.0	0.00000000	-0.703964429E-2
   48.5400	-0.00000000	16465048.0	-0.00000000	-16464920.0	-3292496.00	-0.00000000	-1244418.50	0.00000000	49391256.0	0.00000000	-0.932716392E-2
   48.5500	-0.00000000	20426524.0	-0.00000000	-20426382.0	-4084673.75	-0.00000000	-1244418.50	0.00000000	61274832.0	0.00000000	-0.115712872E-1
   48.5600	-0.00000000	24292994.0	-0.00000000	-24292822.0	-4857844.50	-0.00000000	-1244418.50	0.00000000	72873304.0	0.00000000	-0.137615697E-1
   48.5700	-0.00000000	28052372.0	-0.00000000	-28052152.0	-5609601.50	-0.00000000	-1244418.50	0.00000000	84150528.0	0.00000000	-0.158911888E-1
   48.5800	-0.00000000	31687230.0	-0.00000000	-31687022.0	-6336463.50	-0.00000000	-1244418.50	0.00000000	95054304.0	0.00000000	-0.179502834E-1
   48.5900	-0.00000000	35186400.0	-0.00000000	-35186192.0	-7036194.50	-0.00000000	-1244418.50	0.00000000	105551080.	0.00000000	-0.199325196E-1
   48.6000	-0.00000000	38535092.0	-0.00000000	-38534820.0	-7705823.50	-0.00000000	-1244418.50	0.00000000	115596280.	0.00000000	-0.218294803E-1
   48.6100	-0.00000000	41719312.0	-0.00000000	-41719028.0	-8342572.00	-0.00000000	-1244418.50	0.00000000	125148248.	0.00000000	-0.236332957E-1
   48.6200	-0.00000000	44729512.0	-0.00000000	-44729136.0	-8944505.00	-0.00000000	-1244418.50	0.00000000	134177936.	0.00000000	-0.253384840E-1
   48.6300	-0.00000000	47551904.0	-0.00000000	-47551540.0	-9508900.00	-0.00000000	-1244418.50	0.00000000	142644512.	0.00000000	-0.269373357E-1
   48.6400	-0.00000000	50178208.0	-0.00000000	-50177856.0	-10034081.0	-0.00000000	-1244418.50	0.00000000	150522848.	0.00000000	-0.284250975E-1
   48.6500	-0.00000000	52596652.0	-0.00000000	-52596256.0	-10517697.0	-0.00000000	-1244418.50	0.00000000	157777648.	0.00000000	-0.297951102E-1
   48.6600	-0.00000000	54800296.0	-0.00000000	-54799816.0	-10958347.0	-0.00000000	-1244418.50	0.00000000	164387888.	0.00000000	-0.310434066E-1
   48.6700	-0.00000000	56779976.0	-0.00000000	-56779520.0	-11354227.0	-0.00000000	-1244418.50	0.00000000	170326576.	0.00000000	-0.321648791E-1
   48.6800	-0.00000000	58528180.0	-0.00000000	-58527712.0	-11703810.0	-0.00000000	-1244418.50	0.00000000	175570720.	0.00000000	-0.331551991E-1
   48.6900	-0.00000000	60039984.0	-0.00000000	-60039548.0	-12006125.0	-0.00000000	-1244418.50	0.00000000	180105824.	0.00000000	-0.340116136E-1
   48.7000	-0.00000000	61309152.0	-0.00000000	-61308664.0	-12259913.0	-0.00000000	-1244418.50	0.00000000	183912944.	0.00000000	-0.347305611E-1
   48.7100	-0.00000000	62332296.0	-0.00000000	-62331864.0	-12464525.0	-0.00000000	-1244418.50	0.00000000	186982352.	0.00000000	-0.353101939E-1
   48.7200	-0.00000000	63105568.0	-0.00000000	-63105148.0	-12619161.0	-0.00000000	-1244418.50	0.00000000	189302048.	0.00000000	-0.357482545E-1
   48.7300	-0.00000000	63627488.0	-0.00000000	-63626896.0	-12723499.0	-0.00000000	-1244418.50	0.00000000	190867264.	0.00000000	-0.360438339E-1
   48.7400	-0.00000000	63896028.0	-0.00000000	-63895540.0	-12777221.0	-0.00000000	-1244418.50	0.00000000	191673120.	0.00000000	-0.361960120E-1
   48.7500	-0.00000000	63911584.0	-0.00000000	-63911116.0	-12780330.0	-0.00000000	-1244418.50	0.00000000	191719760.	0.00000000	-0.362048224E-1
   48.7600	-0.00000000	63674660.0	-0.00000000	-63674140.0	-12732949.0	-0.00000000	-1244418.50	0.00000000	191009008.	0.00000000	-0.360706002E-1
   48.7700	-0.00000000	63187328.0	-0.00000000	-63186872.0	-12635506.0	-0.00000000	-1244418.50	0.00000000	189547216.	0.00000000	-0.357945524E-1
   48.7800	-0.00000000	62452040.0	-0.00000000	-62451564.0	-12488467.0	-0.00000000	-1244418.50	0.00000000	187341488.	0.00000000	-0.353780165E-1
   48.7900	-0.00000000	61473092.0	-0.00000000	-61472656.0	-12292708.0	-0.00000000	-1244418.50	0.00000000	184404896.	0.00000000	-0.348234624E-1
   48.8000	-0.00000000	60254544.0	-0.00000000	-60254072.0	-12049029.0	-0.00000000	-1244418.50	0.00000000	180749392.	0.00000000	-0.341331512E-1
   48.8100	-0.00000000	58802816.0	-0.00000000	-58802400.0	-11758736.0	-0.00000000	-1244418.50	0.00000000	176394672.	0.00000000	-0.333107971E-1
   48.8200	-0.00000000	57123556.0	-0.00000000	-57123136.0	-11422934.0	-0.00000000	-1244418.50	0.00000000	171357280.	0.00000000	-0.323595218E-1
   48.8300	-0.00000000	55225360.0	-0.00000000	-55224988.0	-11043357.0	-0.00000000	-1244418.50	0.00000000	165663168.	0.00000000	-0.312842317E-1
   48.8400	-0.00000000	53115164.0	-0.00000000	-53114768.0	-10621386.0	-0.00000000	-1244418.50	0.00000000	159333088.	0.00000000	-0.300888438E-1
   48.8500	-0.00000000	50802656.0	-0.00000000	-50802312.0	-10158962.0	-0.00000000	-1244418.50	0.00000000	152396176.	0.00000000	-0.287788622E-1
   48.8600	-0.00000000	48298824.0	-0.00000000	-48298504.0	-9658268.00	-0.00000000	-1244418.50	0.00000000	144885232.	0.00000000	-0.273604766E-1
   48.8700	-0.00000000	45612328.0	-0.00000000	-45611964.0	-9121041.00	-0.00000000	-1244418.50	0.00000000	136826192.	0.00000000	-0.258385893E-1
   48.8800	-0.00000000	42756408.0	-0.00000000	-42756068.0	-8549946.00	-0.00000000	-1244418.50	0.00000000	128259096.	0.00000000	-0.242207572E-1
   48.8900	-0.00000000	39740852.0	-0.00000000	-39740544.0	-7946929.50	-0.00000000	-1244418.50	0.00000000	119213160.	0.00000000	-0.225125011E-1
   48.9000	-0.00000000	36580460.0	-0.00000000	-36580156.0	-7314951.50	-0.00000000	-1244418.50	0.00000000	109732752.	0.00000000	-0.207221974E-1
   48.9100	-0.00000000	33285898.0	-0.00000000	-33285638.0	-6656139.00	-0.00000000	-1244418.50	0.00000000	99849808.0	0.00000000	-0.188558791E-1
   48.9200	-0.00000000	29871768.0	-0.00000000	-29871568.0	-5973428.00	-0.00000000	-1244418.50	0.00000000	89608360.0	0.00000000	-0.169218574E-1
   48.9300	-0.00000000	26353534.0	-0.00000000	-26353330.0	-5269888.00	-0.00000000	-1244418.50	0.00000000	79054440.0	0.00000000	-0.149288308E-1
   48.9400	-0.00000000	22742762.0	-0.00000000	-22742562.0	-4547839.50	-0.00000000	-1244418.50	0.00000000	68222872.0	0.00000000	-0.128833698E-1
   48.9500	-0.00000000	19056750.0	-0.00000000	-19056616.0	-3810757.75	-0.00000000	-1244418.50	0.00000000	57165784.0	0.00000000	-0.107953241E-1
   48.9600	-0.00000000	15307657.0	-0.00000000	-15307544.0	-3061055.25	-0.00000000	-1244418.50	0.00000000	45919380.0	0.00000000	-0.867152587E-2
   48.9700	-0.00000000	11513361.0	-0.00000000	-11513277.0	-2302314.50	-0.00000000	-1244418.50	0.00000000	34537388.0	0.00000000	-0.652212324E-2
   48.9800	-0.00000000	7686181.00	-0.00000000	-7686122.00	-1536996.75	-0.00000000	-1244418.50	0.00000000	23056734.0	0.00000000	-0.435408903E-2
   48.9900	-0.00000000	3844274.50	-0.00000000	-3844245.25	-768735.812	-0.00000000	-1244418.50	0.00000000	11531928.0	0.00000000	-0.217771693E-2
   49.0000	-0.00000000	0.718476315E-6	-0.00000000	-0.718470403E-6	-0.143672906E-6	-0.00000000	-1244418.50	0.00000000	0.215526006E-5	0.00000000	-0.407004519E-15
   49.0100	-0.00000000	-3829959.50	-0.00000000	3829930.50	765872.750	-0.00000000	-1244418.50	0.00000000	-11488979.0	0.00000000	0.216960651E-2
   49.0200	-0.00000000	-7629060.50	-0.00000000	7628999.00	1525573.75	-0.00000000	-1244418.50	0.00000000	-22885372.0	0.00000000	0.432172930E-2
   49.0300	-0.00000000	-11385244.0	-0.00000000	11385157.0	2276694.25	-0.00000000	-1244418.50	0.00000000	-34153056.0	0.00000000	0.644954480E-2
   49.0400	-0.00000000	-15080967.0	-0.00000000	15080844.0	3015724.25	-0.00000000	-1244418.50	0.00000000	-45239356.0	0.00000000	0.854310952E-2
   49.0500	-0.00000000	-18704622.0	-0.00000000	18704492.0	3740344.25	-0.00000000	-1244418.50	0.00000000	-56109512.0	0.00000000	0.105958553E-1
   49.0600	-0.00000000	-22239414.0	-0.00000000	22239244.0	4447191.00	-0.00000000	-1244418.50	0.00000000	-66713016.0	0.00000000	0.125982473E-1
   49.0700	-0.00000000	-25674382.0	-0.00000000	25674138.0	5134071.50	-0.00000000	-1244418.50	0.00000000	-77017024.0	0.00000000	0.145440800E-1
   49.0800	-0.00000000	-28993584.0	-0.00000000	28993372.0	5797816.00	-0.00000000	-1244418.50	0.00000000	-86973960.0	0.00000000	0.164243728E-1
   49.0900	-0.00000000	-32186986.0	-0.00000000	32186750.0	6436398.00	-0.00000000	-1244418.50	0.00000000	-96553432.0	0.00000000	0.182333831E-1
   49.1000	-0.00000000	-35241056.0	-0.00000000	35240828.0	7047117.00	-0.00000000	-1244418.50	0.00000000	-105714928.	0.00000000	0.199634619E-1
   49.1100	-0.00000000	-38143204.0	-0.00000000	38142944.0	7627457.00	-0.00000000	-1244418.50	0.00000000	-114420688.	0.00000000	0.216074791E-1
   49.1200	-0.00000000	-40884712.0	-0.00000000	40884380.0	8175668.00	-0.00000000	-1244418.50	0.00000000	-122644504.	0.00000000	0.231604837E-1
   49.1300	-0.00000000	-43453208.0	-0.00000000	43452868.0	8689293.00	-0.00000000	-1244418.50	0.00000000	-130349464.	0.00000000	0.246155076E-1
   49.1400	-0.00000000	-45841256.0	-0.00000000	45840884.0	9166822.00	-0.00000000	-1244418.50	0.00000000	-137512960.	0.00000000	0.259682778E-1
   49.1500	-0.00000000	-48038188.0	-0.00000000	48037776.0	9606137.00	-0.00000000	-1244418.50	0.00000000	-144103184.	0.00000000	0.272127930E-1
   49.1600	-0.00000000	-50037740.0	-0.00000000	50037336.0	10005988.0	-0.00000000	-1244418.50	0.00000000	-150101408.	0.00000000	0.283455122E-1
   49.1700	-0.00000000	-51831888.0	-0.00000000	51831452.0	10364758.0	-0.00000000	-1244418.50	0.00000000	-155483408.	0.00000000	0.293618590E-1
   49.1800	-0.00000000	-53413768.0	-0.00000000	53413372.0	10681090.0	-0.00000000	-1244418.50	0.00000000	-160228752.	0.00000000	0.302579813E-1
   49.1900	-0.00000000	-54779172.0	-0.00000000	54778704.0	10954124.0	-0.00000000	-1244418.50	0.00000000	-164324560.	0.00000000	0.310314465E-1
   49.2000	-0.00000000	-55922404.0	-0.00000000	55922032.0	11182751.0	-0.00000000	-1244418.50	0.00000000	-167754208.	0.00000000	0.316791087E-1
   49.2100	-0.00000000	-56840908.0	-0.00000000	56840452.0	11366406.0	-0.00000000	-1244418.50	0.00000000	-170509280.	0.00000000	0.321993828E-1
   49.2200	-0.00000000	-57530988.0	-0.00000000	57530528.0	11504403.0	-0.00000000	-1244418.50	0.00000000	-172579408.	0.00000000	0.325903073E-1
   49.2300	-0.00000000	-57991428.0	-0.00000000	57991012.0	11596485.0	-0.00000000	-1244418.50	0.00000000	-173960688.	0.00000000	0.328511596E-1
   49.2400	-0.00000000	-58221012.0	-0.00000000	58220588.0	11642391.0	-0.00000000	-1244418.50	0.00000000	-174649344.	0.00000000	0.329812020E-1
   49.2500	-0.00000000	-58219888.0	-0.00000000	58219452.0	11642163.0	-0.00000000	-1244418.50	0.00000000	-174645952.	0.00000000	0.329805613E-1
   49.2600	-0.00000000	-57988780.0	-0.00000000	57988352.0	11595953.0	-0.00000000	-1244418.50	0.00000000	-173952704.	0.00000000	0.328496508E-1
   49.2700	-0.00000000	-57529856.0	-0.00000000	57529392.0	11504181.0	-0.00000000	-1244418.50	0.00000000	-172576048.	0.00000000	0.325896740E-1
   49.2800	-0.00000000	-56845400.0	-0.00000000	56844956.0	11367309.0	-0.00000000	-1244418.50	0.00000000	-170522848.	0.00000000	0.322019421E-1
   49.2900	-0.00000000	-55939596.0	-0.00000000	55939140.0	11186175.0	-0.00000000	-1244418.50	0.00000000	-167805616.	0.00000000	0.316888168E-1
   49.3000	-0.00000000	-54816224.0	-0.00000000	54815780.0	10961536.0	-0.00000000	-1244418.50	0.00000000	-164435744.	0.00000000	0.310524423E-1
   49.3100	-0.00000000	-53481396.0	-0.00000000	53480988.0	10694618.0	-0.00000000	-1244418.50	0.00000000	-160431696.	0.00000000	0.302963071E-1
   49.3200	-0.00000000	-51940420.0	-0.00000000	51940000.0	10386458.0	-0.00000000	-1244418.50	0.00000000	-155808928.	0.00000000	0.294233318E-1
   49.3300	-0.00000000	-50201092.0	-0.00000000	50200764.0	10038664.0	-0.00000000	-1244418.50	0.00000000	-150591616.	0.00000000	0.284380820E-1
   49.3400	-0.00000000	-48270120.0	-0.00000000	48269764.0	9652523.00	-0.00000000	-1244418.50	0.00000000	-144799024.	0.00000000	0.273441970E-1
   49.3500	-0.00000000	-46156344.0	-0.00000000	46155972.0	9229830.00	-0.00000000	-1244418.50	0.00000000	-138458160.	0.00000000	0.261467732E-1
   49.3600	-0.00000000	-43869872.0	-0.00000000	43869508.0	8772603.00	-0.00000000	-1244418.50	0.00000000	-131599216.	0.00000000	0.248515140E-1
   49.3700	-0.00000000	-41418664.0	-0.00000000	41418320.0	8282437.00	-0.00000000	-1244418.50	0.00000000	-124246168.	0.00000000	0.234629456E-1
   49.3800	-0.00000000	-38814980.0	-0.00000000	38814656.0	7761785.00	-0.00000000	-1244418.50	0.00000000	-116435768.	0.00000000	0.219880100E-1
   49.3900	-0.00000000	-36067784.0	-0.00000000	36067520.0	7212433.50	-0.00000000	-1244418.50	0.00000000	-108194888.	0.00000000	0.204317831E-1
   49.4000	-0.00000000	-33190666.0	-0.00000000	33190400.0	6637096.00	-0.00000000	-1244418.50	0.00000000	-99564160.0	0.00000000	0.188019350E-1
   49.4100	-0.00000000	-30193332.0	-0.00000000	30193080.0	6037725.50	-0.00000000	-1244418.50	0.00000000	-90572872.0	0.00000000	0.171039999E-1
   49.4200	-0.00000000	-27089194.0	-0.00000000	27089014.0	5416997.00	-0.00000000	-1244418.50	0.00000000	-81261240.0	0.00000000	0.153455678E-1
   49.4300	-0.00000000	-23892302.0	-0.00000000	23892118.0	4777716.00	-0.00000000	-1244418.50	0.00000000	-71671272.0	0.00000000	0.135345757E-1
   49.4400	-0.00000000	-20613190.0	-0.00000000	20613044.0	4121997.50	-0.00000000	-1244418.50	0.00000000	-61834736.0	0.00000000	0.116770202E-1
   49.4500	-0.00000000	-17267724.0	-0.00000000	17267600.0	3453008.00	-0.00000000	-1244418.50	0.00000000	-51799124.0	0.00000000	0.978187192E-2
   49.4600	-0.00000000	-13866873.0	-0.00000000	13866769.0	2772943.25	-0.00000000	-1244418.50	0.00000000	-41597364.0	0.00000000	0.785534643E-2
   49.4700	-0.00000000	-10426893.0	-0.00000000	10426824.0	2085057.12	-0.00000000	-1244418.50	0.00000000	-31278272.0	0.00000000	0.590666430E-2
   49.4800	-0.00000000	-6959005.00	-0.00000000	6958952.50	1391584.25	-0.00000000	-1244418.50	0.00000000	-20875378.0	0.00000000	0.394215668E-2
   49.4900	-0.00000000	-3479640.75	-0.00000000	3479614.25	695820.000	-0.00000000	-1244418.50	0.00000000	-10438107.0	0.00000000	0.197115727E-2
   49.5000	-0.00000000	-0.460496182E-6	-0.00000000	0.460492856E-6	0.920849175E-7	-0.00000000	-1244418.50	0.00000000	-0.138138068E-5	0.00000000	0.260863251E-15
   49.5100	-0.00000000	3464815.25	-0.00000000	-3464789.75	-692855.188	-0.00000000	-1244418.50	0.00000000	10393631.0	0.00000000	-0.196275837E-2
   49.5200	-0.00000000	6899849.00	-0.00000000	-6899797.50	-1379755.00	-0.00000000	-1244418.50	0.00000000	20697924.0	0.00000000	-0.390864583E-2
   49.5300	-0.00000000	10294228.0	-0.00000000	-10294146.0	-2058524.62	-0.00000000	-1244418.50	0.00000000	30880258.0	0.00000000	-0.583150238E-2
   49.5400	-0.00000000	13632134.0	-0.00000000	-13632012.0	-2725998.75	-0.00000000	-1244418.50	0.00000000	40893148.0	0.00000000	-0.772236055E-2
   49.5500	-0.00000000	16903076.0	-0.00000000	-16902954.0	-3380090.00	-0.00000000	-1244418.50	0.00000000	50705260.0	0.00000000	-0.957530364E-2
   49.5600	-0.00000000	20091966.0	-0.00000000	-20091814.0	-4017767.50	-0.00000000	-1244418.50	0.00000000	60271164.0	0.00000000	-0.113817528E-1
   49.5700	-0.00000000	23188942.0	-0.00000000	-23188754.0	-4637064.50	-0.00000000	-1244418.50	0.00000000	69561344.0	0.00000000	-0.131361317E-1
   49.5800	-0.00000000	26179738.0	-0.00000000	-26179564.0	-5235134.00	-0.00000000	-1244418.50	0.00000000	78533088.0	0.00000000	-0.148303779E-1
   49.5900	-0.00000000	29055344.0	-0.00000000	-29055110.0	-5810162.50	-0.00000000	-1244418.50	0.00000000	87159176.0	0.00000000	-0.164593495E-1
   49.6000	-0.00000000	31803644.0	-0.00000000	-31803358.0	-6359731.50	-0.00000000	-1244418.50	0.00000000	95403352.0	0.00000000	-0.180161987E-1
   49.6100	-0.00000000	34413296.0	-0.00000000	-34413056.0	-6881590.00	-0.00000000	-1244418.50	0.00000000	103231824.	0.00000000	-0.194945466E-1
   49.6200	-0.00000000	36876628.0	-0.00000000	-36876384.0	-7374185.00	-0.00000000	-1244418.50	0.00000000	110621320.	0.00000000	-0.208899956E-1
   49.6300	-0.00000000	39182708.0	-0.00000000	-39182400.0	-7835319.50	-0.00000000	-1244418.50	0.00000000	117538888.	0.00000000	-0.221963264E-1
   49.6400	-0.00000000	41324736.0	-0.00000000	-41324424.0	-8263659.50	-0.00000000	-1244418.50	0.00000000	123964488.	0.00000000	-0.234097522E-1
   49.6500	-0.00000000	43293364.0	-0.00000000	-43293044.0	-8657326.00	-0.00000000	-1244418.50	0.00000000	129869928.	0.00000000	-0.245249495E-1
   49.6600	-0.00000000	45083068.0	-0.00000000	-45082764.0	-9015214.00	-0.00000000	-1244418.50	0.00000000	135238688.	0.00000000	-0.255387984E-1
   49.6700	-0.00000000	46686804.0	-0.00000000	-46686404.0	-9335905.00	-0.00000000	-1244418.50	0.00000000	140049376.	0.00000000	-0.264472626E-1
   49.6800	-0.00000000	48098500.0	-0.00000000	-48098108.0	-9618197.00	-0.00000000	-1244418.50	0.00000000	144284112.	0.00000000	-0.272469614E-1
   49.6900	-0.00000000	49314428.0	-0.00000000	-49314076.0	-9861354.00	-0.00000000	-1244418.50	0.00000000	147931744.	0.00000000	-0.279357862E-1
   49.7000	-0.00000000	50329860.0	-0.00000000	-50329468.0	-10064406.0	-0.00000000	-1244418.50	0.00000000	150977792.	0.00000000	-0.285110082E-1
   49.7100	-0.00000000	51142380.0	-0.00000000	-51141976.0	-10226883.0	-0.00000000	-1244418.50	0.00000000	153415104.	0.00000000	-0.289712772E-1
   49.7200	-0.00000000	51749040.0	-0.00000000	-51748612.0	-10348196.0	-0.00000000	-1244418.50	0.00000000	155234944.	0.00000000	-0.293149408E-1
   49.7300	-0.00000000	52148880.0	-0.00000000	-52148464.0	-10428148.0	-0.00000000	-1244418.50	0.00000000	156434320.	0.00000000	-0.295414329E-1
   49.7400	-0.00000000	52340812.0	-0.00000000	-52340456.0	-10466539.0	-0.00000000	-1244418.50	0.00000000	157010208.	0.00000000	-0.296501871E-1
   49.7500	-0.00000000	52325368.0	-0.00000000	-52324964.0	-10463445.0	-0.00000000	-1244418.50	0.00000000	156963792.	0.00000000	-0.296414234E-1
   49.7600	-0.00000000	52103280.0	-0.00000000	-52102824.0	-10419030.0	-0.00000000	-1244418.50	0.00000000	156297536.	0.00000000	-0.295156036E-1
   49.7700	-0.00000000	51676632.0	-0.00000000	-51676168.0	-10333711.0	-0.00000000	-1244418.50	0.00000000	155017664.	0.00000000	-0.292739086E-1
   49.7800	-0.00000000	51047616.0	-0.00000000	-51047228.0	-10207937.0	-0.00000000	-1244418.50	0.00000000	153130928.	0.00000000	-0.289176106E-1
   49.7900	-0.00000000	50220308.0	-0.00000000	-50219924.0	-10042494.0	-0.00000000	-1244418.50	0.00000000	150649056.	0.00000000	-0.284489300E-1
   49.8000	-0.00000000	49198080.0	-0.00000000	-49197728.0	-9838087.00	-0.00000000	-1244418.50	0.00000000	147582720.	0.00000000	-0.278698746E-1
   49.8100	-0.00000000	47986744.0	-0.00000000	-47986408.0	-9595859.00	-0.00000000	-1244418.50	0.00000000	143949024.	0.00000000	-0.271836799E-1
   49.8200	-0.00000000	46591092.0	-0.00000000	-46590708.0	-9316765.00	-0.00000000	-1244418.50	0.00000000	139762288.	0.00000000	-0.263930466E-1
   49.8300	-0.00000000	45018412.0	-0.00000000	-45018056.0	-9002282.00	-0.00000000	-1244418.50	0.00000000	135044656.	0.00000000	-0.255021602E-1
   49.8400	-0.00000000	43274656.0	-0.00000000	-43274348.0	-8653589.00	-0.00000000	-1244418.50	0.00000000	129813888.	0.00000000	-0.245143659E-1
   49.8500	-0.00000000	41368072.0	-0.00000000	-41367784.0	-8272331.50	-0.00000000	-1244418.50	0.00000000	124094568.	0.00000000	-0.234343167E-1
   49.8600	-0.00000000	39307812.0	-0.00000000	-39307512.0	-7860339.50	-0.00000000	-1244418.50	0.00000000	117914216.	0.00000000	-0.222672038E-1
   49.8700	-0.00000000	37101144.0	-0.00000000	-37100844.0	-7419071.50	-0.00000000	-1244418.50	0.00000000	111294640.	0.00000000	-0.210171491E-1
   49.8800	-0.00000000	34759108.0	-0.00000000	-34758872.0	-6950743.00	-0.00000000	-1244418.50	0.00000000	104269200.	0.00000000	-0.196904466E-1
   49.8900	-0.00000000	32289926.0	-0.00000000	-32289698.0	-6456986.00	-0.00000000	-1244418.50	0.00000000	96862256.0	0.00000000	-0.182917025E-1
   49.9000	-0.00000000	29705844.0	-0.00000000	-29705618.0	-5940242.50	-0.00000000	-1244418.50	0.00000000	89110504.0	0.00000000	-0.168278441E-1
   49.9100	-0.00000000	27015576.0	-0.00000000	-27015406.0	-5402280.50	-0.00000000	-1244418.50	0.00000000	81040472.0	0.00000000	-0.153038772E-1
   49.9200	-0.00000000	24231360.0	-0.00000000	-24231174.0	-4845517.50	-0.00000000	-1244418.50	0.00000000	72688384.0	0.00000000	-0.137266498E-1
   49.9300	-0.00000000	21365702.0	-0.00000000	-21365532.0	-4272475.00	-0.00000000	-1244418.50	0.00000000	64092076.0	0.00000000	-0.121033024E-1
   49.9400	-0.00000000	18428172.0	-0.00000000	-18428030.0	-3685059.00	-0.00000000	-1244418.50	0.00000000	55280160.0	0.00000000	-0.104392385E-1
   49.9500	-0.00000000	15432960.0	-0.00000000	-15432857.0	-3086112.75	-0.00000000	-1244418.50	0.00000000	46295268.0	0.00000000	-0.874251034E-2
   49.9600	-0.00000000	12389965.0	-0.00000000	-12389868.0	-2477606.25	-0.00000000	-1244418.50	0.00000000	37166972.0	0.00000000	-0.701870024E-2
   49.9700	-0.00000000	9313739.00	-0.00000000	-9313676.00	-1862457.88	-0.00000000	-1244418.50	0.00000000	27939030.0	0.00000000	-0.527607370E-2
   49.9800	-0.00000000	6214303.00	-0.00000000	-6214260.50	-1242667.75	-0.00000000	-1244418.50	0.00000000	18641456.0	0.00000000	-0.352029759E-2
   49.9900	-0.00000000	3106398.75	-0.00000000	-3106373.50	-621182.500	-0.00000000	-1244418.50	0.00000000	9318458.00	0.00000000	-0.175972015E-2
   50.0000	-0.00000000	0.241719306E-6	-0.00000000	-0.241717828E-6	-0.483363678E-7	-0.00000000	-1244418.50	0.00000000	0.725101643E-6	0.00000000	-0.136929930E-15
   50.0100	-0.00000000	-3091403.00	-0.00000000	3091378.00	618184.250	-0.00000000	-1244418.50	0.00000000	-9273481.00	0.00000000	0.175122637E-2
   50.0200	-0.00000000	-6154478.00	-0.00000000	6154435.50	1230704.75	-0.00000000	-1244418.50	0.00000000	-18461998.0	0.00000000	0.348640815E-2
   50.0300	-0.00000000	-9179567.00	-0.00000000	9179489.00	1835626.75	-0.00000000	-1244418.50	0.00000000	-27536526.0	0.00000000	0.520006428E-2
   50.0400	-0.00000000	-12152557.0	-0.00000000	12152464.0	2430132.75	-0.00000000	-1244418.50	0.00000000	-36454812.0	0.00000000	0.688421447E-2
   50.0500	-0.00000000	-15064196.0	-0.00000000	15064088.0	3012372.00	-0.00000000	-1244418.50	0.00000000	-45189064.0	0.00000000	0.853361189E-2
   50.0600	-0.00000000	-17901070.0	-0.00000000	17900912.0	3579652.50	-0.00000000	-1244418.50	0.00000000	-53698944.0	0.00000000	0.101406379E-1
   50.0700	-0.00000000	-20654392.0	-0.00000000	20654252.0	4130236.75	-0.00000000	-1244418.50	0.00000000	-61958344.0	0.00000000	0.117003629E-1
   50.0800	-0.00000000	-23311628.0	-0.00000000	23311476.0	4661602.00	-0.00000000	-1244418.50	0.00000000	-69929448.0	0.00000000	0.132056447E-1
   50.0900	-0.00000000	-25864786.0	-0.00000000	25864582.0	5172149.50	-0.00000000	-1244418.50	0.00000000	-77588240.0	0.00000000	0.146519495E-1
   50.1000	-0.00000000	-28303092.0	-0.00000000	28302878.0	5659744.00	-0.00000000	-1244418.50	0.00000000	-84902728.0	0.00000000	0.160332341E-1
   50.1100	-0.00000000	-30616804.0	-0.00000000	30616544.0	6122404.00	-0.00000000	-1244418.50	0.00000000	-91843152.0	0.00000000	0.173438825E-1
   50.1200	-0.00000000	-32798970.0	-0.00000000	32798674.0	6558765.00	-0.00000000	-1244418.50	0.00000000	-98389088.0	0.00000000	0.185800325E-1
   50.1300	-0.00000000	-34839908.0	-0.00000000	34839676.0	6966900.50	-0.00000000	-1244418.50	0.00000000	-104511600.	0.00000000	0.197362211E-1
   50.1400	-0.00000000	-36733952.0	-0.00000000	36733684.0	7345648.00	-0.00000000	-1244418.50	0.00000000	-110193216.	0.00000000	0.208091531E-1
   50.1500	-0.00000000	-38472724.0	-0.00000000	38472456.0	7693356.50	-0.00000000	-1244418.50	0.00000000	-115409272.	0.00000000	0.217941646E-1
   50.1600	-0.00000000	-40051620.0	-0.00000000	40051316.0	8009078.00	-0.00000000	-1244418.50	0.00000000	-120145464.	0.00000000	0.226885583E-1
   50.1700	-0.00000000	-41464332.0	-0.00000000	41464032.0	8291574.00	-0.00000000	-1244418.50	0.00000000	-124383248.	0.00000000	0.234888308E-1
   50.1800	-0.00000000	-42705724.0	-0.00000000	42705396.0	8539816.00	-0.00000000	-1244418.50	0.00000000	-128107144.	0.00000000	0.241920631E-1
   50.1900	-0.00000000	-43772668.0	-0.00000000	43772304.0	8753167.00	-0.00000000	-1244418.50	0.00000000	-131307664.	0.00000000	0.247964561E-1
   50.2000	-0.00000000	-44661016.0	-0.00000000	44660656.0	8930808.00	-0.00000000	-1244418.50	0.00000000	-133972464.	0.00000000	0.252996832E-1
   50.2100	-0.00000000	-45368800.0	-0.00000000	45368412.0	9072342.00	-0.00000000	-1244418.50	0.00000000	-136095648.	0.00000000	0.257006306E-1
   50.2200	-0.00000000	-45893556.0	-0.00000000	45893224.0	9177286.00	-0.00000000	-1244418.50	0.00000000	-137669936.	0.00000000	0.259979237E-1
   50.2300	-0.00000000	-46234680.0	-0.00000000	46234312.0	9245493.00	-0.00000000	-1244418.50	0.00000000	-138693136.	0.00000000	0.261911433E-1
   50.2400	-0.00000000	-46391324.0	-0.00000000	46391024.0	9276823.00	-0.00000000	-1244418.50	0.00000000	-139163088.	0.00000000	0.262798946E-1
   50.2500	-0.00000000	-46364080.0	-0.00000000	46363696.0	9271367.00	-0.00000000	-1244418.50	0.00000000	-139081280.	0.00000000	0.262644421E-1
   50.2600	-0.00000000	-46153748.0	-0.00000000	46153396.0	9229311.00	-0.00000000	-1244418.50	0.00000000	-138450368.	0.00000000	0.261452999E-1
   50.2700	-0.00000000	-45762368.0	-0.00000000	45762080.0	9151053.00	-0.00000000	-1244418.50	0.00000000	-137276400.	0.00000000	0.259236060E-1
   50.2800	-0.00000000	-45192172.0	-0.00000000	45191792.0	9037020.00	-0.00000000	-1244418.50	0.00000000	-135565792.	0.00000000	0.256005693E-1
   50.2900	-0.00000000	-44446628.0	-0.00000000	44446260.0	8887943.00	-0.00000000	-1244418.50	0.00000000	-133329440.	0.00000000	0.251782518E-1
   50.3000	-0.00000000	-43529112.0	-0.00000000	43528836.0	8704475.00	-0.00000000	-1244418.50	0.00000000	-130577216.	0.00000000	0.246585160E-1
   50.3100	-0.00000000	-42444864.0	-0.00000000	42444576.0	8487657.00	-0.00000000	-1244418.50	0.00000000	-127324712.	0.00000000	0.240443051E-1
   50.3200	-0.00000000	-41198248.0	-0.00000000	41197920.0	8238365.00	-0.00000000	-1244418.50	0.00000000	-123585024.	0.00000000	0.233380944E-1
   50.3300	-0.00000000	-39795876.0	-0.00000000	39795552.0	7957934.50	-0.00000000	-1244418.50	0.00000000	-119378232.	0.00000000	0.225436743E-1
   50.3400	-0.00000000	-38243052.0	-0.00000000	38242824.0	7647431.50	-0.00000000	-1244418.50	0.00000000	-114720352.	0.00000000	0.216640681E-1
   50.3500	-0.00000000	-36547400.0	-0.00000000	36547088.0	7308340.00	-0.00000000	-1244418.50	0.00000000	-109633552.	0.00000000	0.207034647E-1
   50.3600	-0.00000000	-34716908.0	-0.00000000	34716620.0	6942300.50	-0.00000000	-1244418.50	0.00000000	-104142552.	0.00000000	0.196665302E-1
   50.3700	-0.00000000	-32758238.0	-0.00000000	32757972.0	6550623.00	-0.00000000	-1244418.50	0.00000000	-98266952.0	0.00000000	0.185569674E-1
   50.3800	-0.00000000	-30681228.0	-0.00000000	30681022.0	6135294.00	-0.00000000	-1244418.50	0.00000000	-92036520.0	0.00000000	0.173803978E-1
   50.3900	-0.00000000	-28493250.0	-0.00000000	28493020.0	5697767.00	-0.00000000	-1244418.50	0.00000000	-85473112.0	0.00000000	0.161409490E-1
   50.4000	-0.00000000	-26205206.0	-0.00000000	26205006.0	5240223.50	-0.00000000	-1244418.50	0.00000000	-78609424.0	0.00000000	0.148447929E-1
   50.4100	-0.00000000	-23824870.0	-0.00000000	23824722.0	4764235.50	-0.00000000	-1244418.50	0.00000000	-71469056.0	0.00000000	0.134963887E-1
   50.4200	-0.00000000	-21363110.0	-0.00000000	21362932.0	4271954.00	-0.00000000	-1244418.50	0.00000000	-64084264.0	0.00000000	0.121018272E-1
   50.4300	-0.00000000	-18831004.0	-0.00000000	18830878.0	3765617.00	-0.00000000	-1244418.50	0.00000000	-56488616.0	0.00000000	0.106674461E-1
   50.4400	-0.00000000	-16237090.0	-0.00000000	16236982.0	3246915.75	-0.00000000	-1244418.50	0.00000000	-48707504.0	0.00000000	0.919804256E-2
   50.4500	-0.00000000	-13593943.0	-0.00000000	13593851.0	2718367.75	-0.00000000	-1244418.50	0.00000000	-40778668.0	0.00000000	0.770074176E-2
   50.4600	-0.00000000	-10910286.0	-0.00000000	10910200.0	2181717.00	-0.00000000	-1244418.50	0.00000000	-32728286.0	0.00000000	0.618048804E-2
   50.4700	-0.00000000	-8198983.50	-0.00000000	8198916.00	1639540.25	-0.00000000	-1244418.50	0.00000000	-24595006.0	0.00000000	0.464458019E-2
   50.4800	-0.00000000	-5468871.50	-0.00000000	5468826.00	1093603.88	-0.00000000	-1244418.50	0.00000000	-16405322.0	0.00000000	0.309802056E-2
   50.4900	-0.00000000	-2732944.25	-0.00000000	2732925.75	546504.125	-0.00000000	-1244418.50	0.00000000	-8198194.00	0.00000000	0.154816674E-2
   50.5000	-0.00000000	-0.680467167E-6	-0.00000000	0.680463074E-6	0.136072373E-6	-0.00000000	-1244418.50	0.00000000	-0.204124353E-5	0.00000000	0.385473339E-15
   50.5100	-0.00000000	2718113.75	-0.00000000	-2718090.75	-543537.812	-0.00000000	-1244418.50	0.00000000	8153698.00	0.00000000	-0.153976399E-2
   50.5200	-0.00000000	5409686.50	-0.00000000	-5409645.50	-1081768.75	-0.00000000	-1244418.50	0.00000000	16227786.0	0.00000000	-0.306449411E-2
   50.5300	-0.00000000	8066243.50	-0.00000000	-8066171.50	-1612996.00	-0.00000000	-1244418.50	0.00000000	24196814.0	0.00000000	-0.456938427E-2
   50.5400	-0.00000000	10675431.0	-0.00000000	-10675343.0	-2134752.50	-0.00000000	-1244418.50	0.00000000	32023756.0	0.00000000	-0.604744349E-2
   50.5500	-0.00000000	13229145.0	-0.00000000	-13229049.0	-2645416.25	-0.00000000	-1244418.50	0.00000000	39684312.0	0.00000000	-0.749408128E-2
   50.5600	-0.00000000	15715650.0	-0.00000000	-15715519.0	-3142638.50	-0.00000000	-1244418.50	0.00000000	47143224.0	0.00000000	-0.890264008E-2
   50.5700	-0.00000000	18127326.0	-0.00000000	-18127198.0	-3624902.50	-0.00000000	-1244418.50	0.00000000	54377740.0	0.00000000	-0.102688232E-1
   50.5800	-0.00000000	20453206.0	-0.00000000	-20453064.0	-4090009.00	-0.00000000	-1244418.50	0.00000000	61354876.0	0.00000000	-0.115864025E-1
   50.5900	-0.00000000	22686384.0	-0.00000000	-22686204.0	-4536568.00	-0.00000000	-1244418.50	0.00000000	68053792.0	0.00000000	-0.128514413E-1
   50.6000	-0.00000000	24817504.0	-0.00000000	-24817318.0	-4962728.50	-0.00000000	-1244418.50	0.00000000	74446672.0	0.00000000	-0.140586905E-1
   50.6100	-0.00000000	26838010.0	-0.00000000	-26837806.0	-5366768.00	-0.00000000	-1244418.50	0.00000000	80507736.0	0.00000000	-0.152032757E-1
   50.6200	-0.00000000	28742020.0	-0.00000000	-28741816.0	-5747511.00	-0.00000000	-1244418.50	0.00000000	86219328.0	0.00000000	-0.162818655E-1
   50.6300	-0.00000000	30521204.0	-0.00000000	-30520968.0	-6103293.00	-0.00000000	-1244418.50	0.00000000	91556464.0	0.00000000	-0.172897447E-1
   50.6400	-0.00000000	32170570.0	-0.00000000	-32170304.0	-6433112.00	-0.00000000	-1244418.50	0.00000000	96504144.0	0.00000000	-0.182240754E-1
   50.6500	-0.00000000	33683052.0	-0.00000000	-33682772.0	-6735554.00	-0.00000000	-1244418.50	0.00000000	101041144.	0.00000000	-0.190808531E-1
   50.6600	-0.00000000	35054540.0	-0.00000000	-35054244.0	-7009812.00	-0.00000000	-1244418.50	0.00000000	105155296.	0.00000000	-0.198577791E-1
   50.6700	-0.00000000	36279784.0	-0.00000000	-36279480.0	-7254822.50	-0.00000000	-1244418.50	0.00000000	108830760.	0.00000000	-0.205518622E-1
   50.6800	-0.00000000	37354376.0	-0.00000000	-37354112.0	-7469718.00	-0.00000000	-1244418.50	0.00000000	112054432.	0.00000000	-0.211606286E-1
   50.6900	-0.00000000	38275768.0	-0.00000000	-38275496.0	-7653968.50	-0.00000000	-1244418.50	0.00000000	114818384.	0.00000000	-0.216825809E-1
   50.7000	-0.00000000	39040512.0	-0.00000000	-39040200.0	-7806882.50	-0.00000000	-1244418.50	0.00000000	117112280.	0.00000000	-0.221157651E-1
   50.7100	-0.00000000	39646940.0	-0.00000000	-39646600.0	-7928144.00	-0.00000000	-1244418.50	0.00000000	118931384.	0.00000000	-0.224592872E-1
   50.7200	-0.00000000	40093016.0	-0.00000000	-40092768.0	-8017365.50	-0.00000000	-1244418.50	0.00000000	120269784.	0.00000000	-0.227120351E-1
   50.7300	-0.00000000	40378520.0	-0.00000000	-40378180.0	-8074440.50	-0.00000000	-1244418.50	0.00000000	121125976.	0.00000000	-0.228737202E-1
   50.7400	-0.00000000	40502688.0	-0.00000000	-40502384.0	-8099279.50	-0.00000000	-1244418.50	0.00000000	121498592.	0.00000000	-0.229440853E-1
   50.7500	-0.00000000	40466240.0	-0.00000000	-40465940.0	-8091992.50	-0.00000000	-1244418.50	0.00000000	121389280.	0.00000000	-0.229234453E-1
   50.7600	-0.00000000	40270096.0	-0.00000000	-40269812.0	-8052771.50	-0.00000000	-1244418.50	0.00000000	120800912.	0.00000000	-0.228123348E-1
   50.7700	-0.00000000	39916164.0	-0.00000000	-39915876.0	-7981994.50	-0.00000000	-1244418.50	0.00000000	119739176.	0.00000000	-0.226118341E-1
   50.7800	-0.00000000	39406452.0	-0.00000000	-39406140.0	-7880064.00	-0.00000000	-1244418.50	0.00000000	118210072.	0.00000000	-0.223230757E-1
   50.7900	-0.00000000	38744268.0	-0.00000000	-38743952.0	-7747641.50	-0.00000000	-1244418.50	0.00000000	116223600.	0.00000000	-0.219479445E-1
   50.8000	-0.00000000	37932560.0	-0.00000000	-37932264.0	-7585330.50	-0.00000000	-1244418.50	0.00000000	113788744.	0.00000000	-0.214881413E-1
   50.8100	-0.00000000	36976108.0	-0.00000000	-36975796.0	-7394066.00	-0.00000000	-1244418.50	0.00000000	110919568.	0.00000000	-0.209463183E-1
   50.8200	-0.00000000	35878784.0	-0.00000000	-35878488.0	-7174634.00	-0.00000000	-1244418.50	0.00000000	107627840.	0.00000000	-0.203246996E-1
   50.8300	-0.00000000	34646520.0	-0.00000000	-34646264.0	-6928229.00	-0.00000000	-1244418.50	0.00000000	103931448.	0.00000000	-0.196266659E-1
   50.8400	-0.00000000	33284208.0	-0.00000000	-33283940.0	-6655801.00	-0.00000000	-1244418.50	0.00000000	99844736.0	0.00000000	-0.188549217E-1
   50.8500	-0.00000000	31798308.0	-0.00000000	-31798076.0	-6358668.50	-0.00000000	-1244418.50	0.00000000	95387392.0	0.00000000	-0.180131849E-1
   50.8600	-0.00000000	30196108.0	-0.00000000	-30195874.0	-6038282.00	-0.00000000	-1244418.50	0.00000000	90581216.0	0.00000000	-0.171055757E-1
   50.8700	-0.00000000	28483432.0	-0.00000000	-28483216.0	-5695802.50	-0.00000000	-1244418.50	0.00000000	85443640.0	0.00000000	-0.161353834E-1
   50.8800	-0.00000000	26669042.0	-0.00000000	-26668860.0	-5332979.00	-0.00000000	-1244418.50	0.00000000	80000864.0	0.00000000	-0.151075562E-1
   50.8900	-0.00000000	24759344.0	-0.00000000	-24759130.0	-4951093.50	-0.00000000	-1244418.50	0.00000000	74272152.0	0.00000000	-0.140257310E-1
   50.9000	-0.00000000	22763856.0	-0.00000000	-22763682.0	-4552059.50	-0.00000000	-1244418.50	0.00000000	68286184.0	0.00000000	-0.128953261E-1
   50.9100	-0.00000000	20689524.0	-0.00000000	-20689376.0	-4137261.00	-0.00000000	-1244418.50	0.00000000	62063720.0	0.00000000	-0.117202625E-1
   50.9200	-0.00000000	18545788.0	-0.00000000	-18545646.0	-3708580.50	-0.00000000	-1244418.50	0.00000000	55633004.0	0.00000000	-0.105058709E-1
   50.9300	-0.00000000	16342442.0	-0.00000000	-16342277.0	-3267972.75	-0.00000000	-1244418.50	0.00000000	49023384.0	0.00000000	-0.925769377E-2
   50.9400	-0.00000000	14086779.0	-0.00000000	-14086681.0	-2816918.25	-0.00000000	-1244418.50	0.00000000	42257040.0	0.00000000	-0.797992200E-2
   50.9500	-0.00000000	11789893.0	-0.00000000	-11789805.0	-2357612.25	-0.00000000	-1244418.50	0.00000000	35366912.0	0.00000000	-0.667877262E-2
   50.9600	-0.00000000	9459330.00	-0.00000000	-9459261.00	-1891572.62	-0.00000000	-1244418.50	0.00000000	28375782.0	0.00000000	-0.535855116E-2
   50.9700	-0.00000000	7106316.50	-0.00000000	-7106265.50	-1421042.62	-0.00000000	-1244418.50	0.00000000	21317288.0	0.00000000	-0.402560784E-2
   50.9800	-0.00000000	4738522.50	-0.00000000	-4738487.00	-947556.625	-0.00000000	-1244418.50	0.00000000	14214447.0	0.00000000	-0.268429052E-2
   50.9900	-0.00000000	2367206.00	-0.00000000	-2367190.25	-473367.719	-0.00000000	-1244418.50	0.00000000	7101064.00	0.00000000	-0.134098204E-2
   51.0000	-0.00000000	-0.737272785E-7	-0.00000000	0.737266959E-7	0.147431587E-7	-0.00000000	-1244418.50	0.00000000	-0.221164470E-6	0.00000000	0.417652292E-16
   51.0100	-0.00000000	-2352835.25	-0.00000000	2352818.00	470494.188	-0.00000000	-1244418.50	0.00000000	-7057959.00	0.00000000	0.133284193E-2
   51.0200	-0.00000000	-4681185.50	-0.00000000	4681153.00	936091.812	-0.00000000	-1244418.50	0.00000000	-14042460.0	0.00000000	0.265181204E-2
   51.0300	-0.00000000	-6977725.50	-0.00000000	6977675.50	1395328.38	-0.00000000	-1244418.50	0.00000000	-20931546.0	0.00000000	0.395276351E-2
   51.0400	-0.00000000	-9231812.00	-0.00000000	9231745.00	1846075.50	-0.00000000	-1244418.50	0.00000000	-27693276.0	0.00000000	0.522966497E-2
   51.0500	-0.00000000	-11436483.0	-0.00000000	11436396.0	2286940.25	-0.00000000	-1244418.50	0.00000000	-34306756.0	0.00000000	0.647857087E-2
   51.0600	-0.00000000	-13581619.0	-0.00000000	13581500.0	2715900.00	-0.00000000	-1244418.50	0.00000000	-40741656.0	0.00000000	0.769375218E-2
   51.0700	-0.00000000	-15660716.0	-0.00000000	15660600.0	3131655.50	-0.00000000	-1244418.50	0.00000000	-46978464.0	0.00000000	0.887152646E-2
   51.0800	-0.00000000	-17664340.0	-0.00000000	17664218.0	3532321.00	-0.00000000	-1244418.50	0.00000000	-52988904.0	0.00000000	0.100065526E-1
   51.0900	-0.00000000	-19586586.0	-0.00000000	19586446.0	3916708.75	-0.00000000	-1244418.50	0.00000000	-58755172.0	0.00000000	0.110954680E-1
   51.1000	-0.00000000	-21419536.0	-0.00000000	21419362.0	4283236.00	-0.00000000	-1244418.50	0.00000000	-64253504.0	0.00000000	0.121337865E-1
   51.1100	-0.00000000	-23155792.0	-0.00000000	23155612.0	4630436.00	-0.00000000	-1244418.50	0.00000000	-69461904.0	0.00000000	0.131173525E-1
   51.1200	-0.00000000	-24790410.0	-0.00000000	24790232.0	4957310.50	-0.00000000	-1244418.50	0.00000000	-74365416.0	0.00000000	0.140433433E-1
   51.1300	-0.00000000	-26316326.0	-0.00000000	26316110.0	5262446.00	-0.00000000	-1244418.50	0.00000000	-78942792.0	0.00000000	0.149077466E-1
   51.1400	-0.00000000	-27729322.0	-0.00000000	27729112.0	5544998.00	-0.00000000	-1244418.50	0.00000000	-83181416.0	0.00000000	0.157081783E-1
   51.1500	-0.00000000	-29023366.0	-0.00000000	29023162.0	5803774.00	-0.00000000	-1244418.50	0.00000000	-87063328.0	0.00000000	0.164412502E-1
   51.1600	-0.00000000	-30195166.0	-0.00000000	30194930.0	6038093.50	-0.00000000	-1244418.50	0.00000000	-90578384.0	0.00000000	0.171050411E-1
   51.1700	-0.00000000	-31240206.0	-0.00000000	31239982.0	6247072.00	-0.00000000	-1244418.50	0.00000000	-93713320.0	0.00000000	0.176970493E-1
   51.1800	-0.00000000	-32154934.0	-0.00000000	32154676.0	6429984.50	-0.00000000	-1244418.50	0.00000000	-96457224.0	0.00000000	0.182152148E-1
   51.1900	-0.00000000	-32937126.0	-0.00000000	32936874.0	6586398.50	-0.00000000	-1244418.50	0.00000000	-98803632.0	0.00000000	0.186583158E-1
   51.2000	-0.00000000	-33583984.0	-0.00000000	33583752.0	6715752.50	-0.00000000	-1244418.50	0.00000000	-100744088.	0.00000000	0.190247558E-1
   51.2100	-0.00000000	-34094264.0	-0.00000000	34094036.0	6817797.50	-0.00000000	-1244418.50	0.00000000	-102274872.	0.00000000	0.193138327E-1
   51.2200	-0.00000000	-34466448.0	-0.00000000	34466216.0	6892222.00	-0.00000000	-1244418.50	0.00000000	-103391336.	0.00000000	0.195246674E-1
   51.2300	-0.00000000	-34700256.0	-0.00000000	34699972.0	6938969.50	-0.00000000	-1244418.50	0.00000000	-104092584.	0.00000000	0.196570940E-1
   51.2400	-0.00000000	-34795316.0	-0.00000000	34795092.0	6957988.00	-0.00000000	-1244418.50	0.00000000	-104377888.	0.00000000	0.197109710E-1
   51.2500	-0.00000000	-34752352.0	-0.00000000	34752136.0	6949400.00	-0.00000000	-1244418.50	0.00000000	-104249056.	0.00000000	0.196866430E-1
   51.2600	-0.00000000	-34572348.0	-0.00000000	34572096.0	6913396.00	-0.00000000	-1244418.50	0.00000000	-103708944.	0.00000000	0.195846464E-1
   51.2700	-0.00000000	-34256992.0	-0.00000000	34256680.0	6850329.50	-0.00000000	-1244418.50	0.00000000	-102762896.	0.00000000	0.194059927E-1
   51.2800	-0.00000000	-33808152.0	-0.00000000	33807872.0	6760574.00	-0.00000000	-1244418.50	0.00000000	-101416448.	0.00000000	0.191517267E-1
   51.2900	-0.00000000	-33228808.0	-0.00000000	33228516.0	6644725.50	-0.00000000	-1244418.50	0.00000000	-99678584.0	0.00000000	0.188235436E-1
   51.3000	-0.00000000	-32521696.0	-0.00000000	32521426.0	6503322.00	-0.00000000	-1244418.50	0.00000000	-97557376.0	0.00000000	0.184229705E-1
   51.3100	-0.00000000	-31690914.0	-0.00000000	31690696.0	6337198.50	-0.00000000	-1244418.50	0.00000000	-95065320.0	0.00000000	0.179523658E-1
   51.3200	-0.00000000	-30740024.0	-0.00000000	30739818.0	6147049.50	-0.00000000	-1244418.50	0.00000000	-92212864.0	0.00000000	0.174137000E-1
   51.3300	-0.00000000	-29674208.0	-0.00000000	29673992.0	5933922.00	-0.00000000	-1244418.50	0.00000000	-89015704.0	0.00000000	0.168099403E-1
   51.3400	-0.00000000	-28497702.0	-0.00000000	28497496.0	5698656.00	-0.00000000	-1244418.50	0.00000000	-85486456.0	0.00000000	0.161434691E-1
   51.3500	-0.00000000	-27216266.0	-0.00000000	27216020.0	5442400.50	-0.00000000	-1244418.50	0.00000000	-81642312.0	0.00000000	0.154175302E-1
   51.3600	-0.00000000	-25836144.0	-0.00000000	25835912.0	5166420.00	-0.00000000	-1244418.50	0.00000000	-77502296.0	0.00000000	0.146357203E-1
   51.3700	-0.00000000	-24362450.0	-0.00000000	24362260.0	4871727.50	-0.00000000	-1244418.50	0.00000000	-73081568.0	0.00000000	0.138008995E-1
   51.3800	-0.00000000	-22802754.0	-0.00000000	22802564.0	4559839.50	-0.00000000	-1244418.50	0.00000000	-68402880.0	0.00000000	0.129173649E-1
   51.3900	-0.00000000	-21162654.0	-0.00000000	21162470.0	4231868.00	-0.00000000	-1244418.50	0.00000000	-63482928.0	0.00000000	0.119882692E-1
   51.4000	-0.00000000	-19450384.0	-0.00000000	19450214.0	3889466.50	-0.00000000	-1244418.50	0.00000000	-58346512.0	0.00000000	0.110182958E-1
   51.4100	-0.00000000	-17671900.0	-0.00000000	17671782.0	3533832.50	-0.00000000	-1244418.50	0.00000000	-53011576.0	0.00000000	0.100108339E-1
   51.4200	-0.00000000	-15835392.0	-0.00000000	15835272.0	3166585.00	-0.00000000	-1244418.50	0.00000000	-47502452.0	0.00000000	0.897047762E-2
   51.4300	-0.00000000	-13949217.0	-0.00000000	13949113.0	2789410.00	-0.00000000	-1244418.50	0.00000000	-41844384.0	0.00000000	0.790199451E-2
   51.4400	-0.00000000	-12019772.0	-0.00000000	12019679.0	2403578.75	-0.00000000	-1244418.50	0.00000000	-36056464.0	0.00000000	0.680898968E-2
   51.4500	-0.00000000	-10056432.0	-0.00000000	10056355.0	2010973.12	-0.00000000	-1244418.50	0.00000000	-30166926.0	0.00000000	0.569679495E-2
   51.4600	-0.00000000	-8065747.50	-0.00000000	8065678.00	1612897.00	-0.00000000	-1244418.50	0.00000000	-24195328.0	0.00000000	0.456910394E-2
   51.4700	-0.00000000	-6057282.00	-0.00000000	6057236.00	1211267.62	-0.00000000	-1244418.50	0.00000000	-18170420.0	0.00000000	0.343134580E-2
   51.4800	-0.00000000	-4037612.25	-0.00000000	4037584.00	807397.375	-0.00000000	-1244418.50	0.00000000	-12111896.0	0.00000000	0.228723977E-2
   51.4900	-0.00000000	-2016358.75	-0.00000000	2016340.75	403208.562	-0.00000000	-1244418.50	0.00000000	-6048596.50	0.00000000	0.114223151E-2
   51.5000	-0.00000000	-0.282184430E-6	-0.00000000	0.282182242E-6	0.564280889E-7	-0.00000000	-1244418.50	0.00000000	-0.846486842E-6	0.00000000	0.159852614E-15
   51.5100	-0.00000000	2002719.75	-0.00000000	-2002703.12	-400481.531	-0.00000000	-1244418.50	0.00000000	6007687.50	0.00000000	-0.113450608E-2
   51.5200	-0.00000000	3983205.75	-0.00000000	-3983174.00	-796516.625	-0.00000000	-1244418.50	0.00000000	11948672.0	0.00000000	-0.225641602E-2
   51.5300	-0.00000000	5935241.50	-0.00000000	-5935197.50	-1186863.62	-0.00000000	-1244418.50	0.00000000	17804330.0	0.00000000	-0.336221256E-2
   51.5400	-0.00000000	7849811.50	-0.00000000	-7849750.50	-1569718.25	-0.00000000	-1244418.50	0.00000000	23547592.0	0.00000000	-0.444678403E-2
   51.5500	-0.00000000	9721033.00	-0.00000000	-9720950.00	-1943902.00	-0.00000000	-1244418.50	0.00000000	29160790.0	0.00000000	-0.550679350E-2
   51.5600	-0.00000000	11540328.0	-0.00000000	-11540244.0	-2307706.75	-0.00000000	-1244418.50	0.00000000	34618280.0	0.00000000	-0.653739925E-2
   51.5700	-0.00000000	13302257.0	-0.00000000	-13302160.0	-2660037.50	-0.00000000	-1244418.50	0.00000000	39903648.0	0.00000000	-0.753550092E-2
   51.5800	-0.00000000	14998861.0	-0.00000000	-14998744.0	-2999304.75	-0.00000000	-1244418.50	0.00000000	44993056.0	0.00000000	-0.849659648E-2
   51.5900	-0.00000000	16625168.0	-0.00000000	-16625027.0	-3324515.00	-0.00000000	-1244418.50	0.00000000	49871576.0	0.00000000	-0.941786822E-2
   51.6000	-0.00000000	18174526.0	-0.00000000	-18174366.0	-3634336.25	-0.00000000	-1244418.50	0.00000000	54519256.0	0.00000000	-0.102955485E-1
   51.6100	-0.00000000	19640802.0	-0.00000000	-19640618.0	-3927543.25	-0.00000000	-1244418.50	0.00000000	58917708.0	0.00000000	-0.111261616E-1
   51.6200	-0.00000000	21019822.0	-0.00000000	-21019630.0	-4203305.50	-0.00000000	-1244418.50	0.00000000	63054452.0	0.00000000	-0.119073549E-1
   51.6300	-0.00000000	22305680.0	-0.00000000	-22305512.0	-4460442.50	-0.00000000	-1244418.50	0.00000000	66911808.0	0.00000000	-0.126357870E-1
   51.6400	-0.00000000	23494954.0	-0.00000000	-23494766.0	-4698258.50	-0.00000000	-1244418.50	0.00000000	70479336.0	0.00000000	-0.133094862E-1
   51.6500	-0.00000000	24582646.0	-0.00000000	-24582460.0	-4915762.00	-0.00000000	-1244418.50	0.00000000	73742136.0	0.00000000	-0.139256418E-1
   51.6600	-0.00000000	25565976.0	-0.00000000	-25565792.0	-5112400.50	-0.00000000	-1244418.50	0.00000000	76691928.0	0.00000000	-0.144826891E-1
   51.6700	-0.00000000	26441346.0	-0.00000000	-26441152.0	-5287446.50	-0.00000000	-1244418.50	0.00000000	79317824.0	0.00000000	-0.149785690E-1
   51.6800	-0.00000000	27205816.0	-0.00000000	-27205576.0	-5440308.50	-0.00000000	-1244418.50	0.00000000	81610944.0	0.00000000	-0.154116070E-1
   51.6900	-0.00000000	27857560.0	-0.00000000	-27857338.0	-5570647.00	-0.00000000	-1244418.50	0.00000000	83566168.0	0.00000000	-0.157808363E-1
   51.7000	-0.00000000	28394468.0	-0.00000000	-28394236.0	-5678006.50	-0.00000000	-1244418.50	0.00000000	85176688.0	0.00000000	-0.160849709E-1
   51.7100	-0.00000000	28815512.0	-0.00000000	-28815286.0	-5762203.50	-0.00000000	-1244418.50	0.00000000	86439752.0	0.00000000	-0.163234901E-1
   51.7200	-0.00000000	29119552.0	-0.00000000	-29119332.0	-5823003.50	-0.00000000	-1244418.50	0.00000000	87351808.0	0.00000000	-0.164957251E-1
   51.7300	-0.00000000	29306464.0	-0.00000000	-29306218.0	-5860376.50	-0.00000000	-1244418.50	0.00000000	87912440.0	0.00000000	-0.166015979E-1
   51.7400	-0.00000000	29376142.0	-0.00000000	-29375896.0	-5874309.00	-0.00000000	-1244418.50	0.00000000	88121448.0	0.00000000	-0.166410673E-1
   51.7500	-0.00000000	29329218.0	-0.00000000	-29328972.0	-5864928.00	-0.00000000	-1244418.50	0.00000000	87980736.0	0.00000000	-0.166144930E-1
   51.7600	-0.00000000	29166646.0	-0.00000000	-29166408.0	-5832421.00	-0.00000000	-1244418.50	0.00000000	87493080.0	0.00000000	-0.165224038E-1
   51.7700	-0.00000000	28890060.0	-0.00000000	-28889854.0	-5777111.50	-0.00000000	-1244418.50	0.00000000	86663384.0	0.00000000	-0.163657218E-1
   51.7800	-0.00000000	28501106.0	-0.00000000	-28500870.0	-5699336.50	-0.00000000	-1244418.50	0.00000000	85496656.0	0.00000000	-0.161453951E-1
   51.7900	-0.00000000	28002482.0	-0.00000000	-28002276.0	-5599626.00	-0.00000000	-1244418.50	0.00000000	84000880.0	0.00000000	-0.158629287E-1
   51.8000	-0.00000000	27396562.0	-0.00000000	-27396336.0	-5478458.50	-0.00000000	-1244418.50	0.00000000	82183216.0	0.00000000	-0.155196767E-1
   51.8100	-0.00000000	26686920.0	-0.00000000	-26686748.0	-5336556.00	-0.00000000	-1244418.50	0.00000000	80054528.0	0.00000000	-0.151176890E-1
   51.8200	-0.00000000	25876662.0	-0.00000000	-25876460.0	-5174528.50	-0.00000000	-1244418.50	0.00000000	77623928.0	0.00000000	-0.146586895E-1
   51.8300	-0.00000000	24970292.0	-0.00000000	-24970110.0	-4993281.50	-0.00000000	-1244418.50	0.00000000	74905016.0	0.00000000	-0.141452439E-1
   51.8400	-0.00000000	23971444.0	-0.00000000	-23971256.0	-4793543.00	-0.00000000	-1244418.50	0.00000000	71908696.0	0.00000000	-0.135794114E-1
   51.8500	-0.00000000	22885046.0	-0.00000000	-22884884.0	-4576296.50	-0.00000000	-1244418.50	0.00000000	68649752.0	0.00000000	-0.129639842E-1
   51.8600	-0.00000000	21716528.0	-0.00000000	-21716354.0	-4342629.00	-0.00000000	-1244418.50	0.00000000	65144468.0	0.00000000	-0.123020383E-1
   51.8700	-0.00000000	20470208.0	-0.00000000	-20470062.0	-4093408.25	-0.00000000	-1244418.50	0.00000000	61405868.0	0.00000000	-0.115960315E-1
   51.8800	-0.00000000	19152602.0	-0.00000000	-19152460.0	-3829925.75	-0.00000000	-1244418.50	0.00000000	57453328.0	0.00000000	-0.108496249E-1
   51.8900	-0.00000000	17768438.0	-0.00000000	-17768284.0	-3553131.75	-0.00000000	-1244418.50	0.00000000	53301100.0	0.00000000	-0.100655081E-1
   51.9000	-0.00000000	16324717.0	-0.00000000	-16324581.0	-3264430.75	-0.00000000	-1244418.50	0.00000000	48970256.0	0.00000000	-0.924766064E-2
   51.9100	-0.00000000	14826497.0	-0.00000000	-14826382.0	-2964839.25	-0.00000000	-1244418.50	0.00000000	44476028.0	0.00000000	-0.839896034E-2
   51.9200	-0.00000000	13280717.0	-0.00000000	-13280616.0	-2655731.50	-0.00000000	-1244418.50	0.00000000	39839048.0	0.00000000	-0.752330152E-2
   51.9300	-0.00000000	11694463.0	-0.00000000	-11694373.0	-2338528.00	-0.00000000	-1244418.50	0.00000000	35080632.0	0.00000000	-0.662471121E-2
   51.9400	-0.00000000	10073095.0	-0.00000000	-10073026.0	-2014306.38	-0.00000000	-1244418.50	0.00000000	30216934.0	0.00000000	-0.570623856E-2
   51.9500	-0.00000000	8424572.00	-0.00000000	-8424507.00	-1684652.12	-0.00000000	-1244418.50	0.00000000	25271740.0	0.00000000	-0.477237627E-2
   51.9600	-0.00000000	6754358.00	-0.00000000	-6754313.50	-1350663.12	-0.00000000	-1244418.50	0.00000000	20261516.0	0.00000000	-0.382623356E-2
   51.9700	-0.00000000	5070544.50	-0.00000000	-5070506.00	-1013950.69	-0.00000000	-1244418.50	0.00000000	15210436.0	0.00000000	-0.287237554E-2
   51.9800	-0.00000000	3378604.50	-0.00000000	-3378580.00	-675615.938	-0.00000000	-1244418.50	0.00000000	10135022.0	0.00000000	-0.191392202E-2
   51.9900	-0.00000000	1686612.12	-0.00000000	-1686600.50	-337270.188	-0.00000000	-1244418.50	0.00000000	5059444.50	0.00000000	-0.955437659E-3
   52.0000	-0.00000000	0.524387985E-6	-0.00000000	-0.524383836E-6	-0.104861257E-6	-0.00000000	-1244418.50	0.00000000	0.157304055E-5	0.00000000	-0.297056757E-15
   52.0100	-0.00000000	-1673934.62	-0.00000000	1673922.12	334734.812	-0.00000000	-1244418.50	0.00000000	-5021411.00	0.00000000	0.948255300E-3
   52.0200	-0.00000000	-3328014.00	-0.00000000	3327991.75	665499.875	-0.00000000	-1244418.50	0.00000000	-9983270.00	0.00000000	0.188526476E-2
   52.0300	-0.00000000	-4957080.00	-0.00000000	4957040.00	991261.688	-0.00000000	-1244418.50	0.00000000	-14870076.0	0.00000000	0.280810078E-2
   52.0400	-0.00000000	-6553612.50	-0.00000000	6553567.00	1310518.88	-0.00000000	-1244418.50	0.00000000	-19659306.0	0.00000000	0.371251046E-2
   52.0500	-0.00000000	-8112737.00	-0.00000000	8112677.00	1622295.12	-0.00000000	-1244418.50	0.00000000	-24336310.0	0.00000000	0.459572719E-2
   52.0600	-0.00000000	-9627357.00	-0.00000000	9627288.00	1925172.62	-0.00000000	-1244418.50	0.00000000	-28879822.0	0.00000000	0.545373512E-2
   52.0700	-0.00000000	-11092954.0	-0.00000000	11092873.0	2218247.25	-0.00000000	-1244418.50	0.00000000	-33276278.0	0.00000000	0.628397241E-2
   52.0800	-0.00000000	-12502972.0	-0.00000000	12502879.0	2500205.75	-0.00000000	-1244418.50	0.00000000	-37505984.0	0.00000000	0.708272029E-2
   52.0900	-0.00000000	-13853318.0	-0.00000000	13853203.0	2770230.25	-0.00000000	-1244418.50	0.00000000	-41556668.0	0.00000000	0.784766115E-2
   52.1000	-0.00000000	-15138497.0	-0.00000000	15138370.0	3027227.75	-0.00000000	-1244418.50	0.00000000	-45411924.0	0.00000000	0.857569743E-2
   52.1100	-0.00000000	-16353499.0	-0.00000000	16353360.0	3270189.75	-0.00000000	-1244418.50	0.00000000	-49056640.0	0.00000000	0.926397368E-2
   52.1200	-0.00000000	-17494912.0	-0.00000000	17494794.0	3498441.75	-0.00000000	-1244418.50	0.00000000	-52480672.0	0.00000000	0.991057698E-2
   52.1300	-0.00000000	-18557966.0	-0.00000000	18557834.0	3711016.50	-0.00000000	-1244418.50	0.00000000	-55669552.0	0.00000000	0.105127729E-1
   52.1400	-0.00000000	-19539822.0	-0.00000000	19539684.0	3907355.50	-0.00000000	-1244418.50	0.00000000	-58614868.0	0.00000000	0.110689728E-1
   52.1500	-0.00000000	-20436420.0	-0.00000000	20436284.0	4086652.75	-0.00000000	-1244418.50	0.00000000	-61304524.0	0.00000000	0.115768937E-1
   52.1600	-0.00000000	-21245640.0	-0.00000000	21245466.0	4248465.50	-0.00000000	-1244418.50	0.00000000	-63731904.0	0.00000000	0.120352861E-1
   52.1700	-0.00000000	-21964468.0	-0.00000000	21964312.0	4392211.50	-0.00000000	-1244418.50	0.00000000	-65888272.0	0.00000000	0.124424994E-1
   52.1800	-0.00000000	-22590642.0	-0.00000000	22590468.0	4517422.50	-0.00000000	-1244418.50	0.00000000	-67766576.0	0.00000000	0.127972038E-1
   52.1900	-0.00000000	-23122784.0	-0.00000000	23122596.0	4623834.50	-0.00000000	-1244418.50	0.00000000	-69362880.0	0.00000000	0.130986525E-1
   52.2000	-0.00000000	-23559120.0	-0.00000000	23558948.0	4711093.50	-0.00000000	-1244418.50	0.00000000	-70671872.0	0.00000000	0.133458460E-1
   52.2100	-0.00000000	-23899062.0	-0.00000000	23898862.0	4779068.50	-0.00000000	-1244418.50	0.00000000	-71691560.0	0.00000000	0.135384072E-1
   52.2200	-0.00000000	-24141700.0	-0.00000000	24141522.0	4827588.00	-0.00000000	-1244418.50	0.00000000	-72419416.0	0.00000000	0.136758564E-1
   52.2300	-0.00000000	-24287048.0	-0.00000000	24286848.0	4856651.00	-0.00000000	-1244418.50	0.00000000	-72855392.0	0.00000000	0.137581872E-1
   52.2400	-0.00000000	-24335140.0	-0.00000000	24334938.0	4866268.50	-0.00000000	-1244418.50	0.00000000	-72999672.0	0.00000000	0.137854330E-1
   52.2500	-0.00000000	-24286624.0	-0.00000000	24286448.0	4856569.00	-0.00000000	-1244418.50	0.00000000	-72854160.0	0.00000000	0.137579544E-1
   52.2600	-0.00000000	-24142382.0	-0.00000000	24142220.0	4827729.00	-0.00000000	-1244418.50	0.00000000	-72421520.0	0.00000000	0.136762550E-1
   52.2700	-0.00000000	-23903918.0	-0.00000000	23903730.0	4780041.50	-0.00000000	-1244418.50	0.00000000	-71706168.0	0.00000000	0.135411648E-1
   52.2800	-0.00000000	-23572704.0	-0.00000000	23572522.0	4713807.00	-0.00000000	-1244418.50	0.00000000	-70712568.0	0.00000000	0.133535312E-1
   52.2900	-0.00000000	-23151048.0	-0.00000000	23150852.0	4629486.00	-0.00000000	-1244418.50	0.00000000	-69447656.0	0.00000000	0.131146628E-1
   52.3000	-0.00000000	-22641018.0	-0.00000000	22640814.0	4527494.50	-0.00000000	-1244418.50	0.00000000	-67917664.0	0.00000000	0.128257349E-1
   52.3100	-0.00000000	-22045698.0	-0.00000000	22045522.0	4408454.00	-0.00000000	-1244418.50	0.00000000	-66131916.0	0.00000000	0.124885105E-1
   52.3200	-0.00000000	-21367764.0	-0.00000000	21367586.0	4272885.00	-0.00000000	-1244418.50	0.00000000	-64098228.0	0.00000000	0.121044638E-1
   52.3300	-0.00000000	-20610982.0	-0.00000000	20610856.0	4121558.50	-0.00000000	-1244418.50	0.00000000	-61828148.0	0.00000000	0.116757769E-1
   52.3400	-0.00000000	-19778548.0	-0.00000000	19778382.0	3955090.25	-0.00000000	-1244418.50	0.00000000	-59330948.0	0.00000000	0.112041989E-1
   52.3500	-0.00000000	-18874506.0	-0.00000000	18874370.0	3774315.75	-0.00000000	-1244418.50	0.00000000	-56619112.0	0.00000000	0.106920898E-1
   52.3600	-0.00000000	-17903536.0	-0.00000000	17903370.0	3580146.50	-0.00000000	-1244418.50	0.00000000	-53706344.0	0.00000000	0.101420358E-1
   52.3700	-0.00000000	-16869188.0	-0.00000000	16869058.0	3373313.00	-0.00000000	-1244418.50	0.00000000	-50603608.0	0.00000000	0.955610722E-2
   52.3800	-0.00000000	-15776941.0	-0.00000000	15776823.0	3154897.50	-0.00000000	-1244418.50	0.00000000	-47327112.0	0.00000000	0.893736631E-2
   52.3900	-0.00000000	-14630758.0	-0.00000000	14630636.0	2925694.75	-0.00000000	-1244418.50	0.00000000	-43888812.0	0.00000000	0.828806963E-2
   52.4000	-0.00000000	-13436477.0	-0.00000000	13436378.0	2686877.00	-0.00000000	-1244418.50	0.00000000	-40306268.0	0.00000000	0.761153270E-2
   52.4100	-0.00000000	-12198364.0	-0.00000000	12198262.0	2439290.75	-0.00000000	-1244418.50	0.00000000	-36592196.0	0.00000000	0.691015786E-2
   52.4200	-0.00000000	-10922092.0	-0.00000000	10922009.0	2184078.75	-0.00000000	-1244418.50	0.00000000	-32763714.0	0.00000000	0.618717866E-2
   52.4300	-0.00000000	-9613599.00	-0.00000000	9613521.00	1922420.12	-0.00000000	-1244418.50	0.00000000	-28838532.0	0.00000000	0.544593763E-2
   52.4400	-0.00000000	-8277333.50	-0.00000000	8277261.00	1655207.38	-0.00000000	-1244418.50	0.00000000	-24830028.0	0.00000000	0.468896236E-2
   52.4500	-0.00000000	-6919843.00	-0.00000000	6919778.00	1383751.00	-0.00000000	-1244418.50	0.00000000	-20757868.0	0.00000000	0.391996605E-2
   52.4600	-0.00000000	-5545653.50	-0.00000000	5545610.50	1108958.25	-0.00000000	-1244418.50	0.00000000	-16635658.0	0.00000000	0.314151775E-2
   52.4700	-0.00000000	-4161428.00	-0.00000000	4161399.50	832156.500	-0.00000000	-1244418.50	0.00000000	-12483311.0	0.00000000	0.235737860E-2
   52.4800	-0.00000000	-2771695.00	-0.00000000	2771674.25	554252.625	-0.00000000	-1244418.50	0.00000000	-8314431.00	0.00000000	0.157011719E-2
   52.4900	-0.00000000	-1383065.62	-0.00000000	1383055.12	276570.094	-0.00000000	-1244418.50	0.00000000	-4148872.00	0.00000000	0.783483032E-3
   52.5000	-0.00000000	-0.429452172E-7	-0.00000000	0.429448939E-7	0.858770388E-8	-0.00000000	-1244418.50	0.00000000	-0.128825505E-6	0.00000000	0.243277193E-16
   52.5100	-0.00000000	1371524.50	-0.00000000	-1371513.12	-274262.062	-0.00000000	-1244418.50	0.00000000	4114248.50	0.00000000	-0.776944566E-3
   52.5200	-0.00000000	2725642.50	-0.00000000	-2725620.00	-545043.438	-0.00000000	-1244418.50	0.00000000	8176283.00	0.00000000	-0.154402887E-2
   52.5300	-0.00000000	4058135.50	-0.00000000	-4058111.25	-811501.500	-0.00000000	-1244418.50	0.00000000	12173464.0	0.00000000	-0.229886617E-2
   52.5400	-0.00000000	5362903.00	-0.00000000	-5362857.50	-1072412.62	-0.00000000	-1244418.50	0.00000000	16087433.0	0.00000000	-0.303798937E-2
   52.5500	-0.00000000	6635943.00	-0.00000000	-6635899.50	-1326983.75	-0.00000000	-1244418.50	0.00000000	19906294.0	0.00000000	-0.375915249E-2
   52.5600	-0.00000000	7871540.00	-0.00000000	-7871487.00	-1574063.38	-0.00000000	-1244418.50	0.00000000	23612776.0	0.00000000	-0.445909332E-2
   52.5700	-0.00000000	9066013.00	-0.00000000	-9065945.00	-1812921.38	-0.00000000	-1244418.50	0.00000000	27195918.0	0.00000000	-0.513574248E-2
   52.5800	-0.00000000	10214057.0	-0.00000000	-10213983.0	-2042494.38	-0.00000000	-1244418.50	0.00000000	30639782.0	0.00000000	-0.578609016E-2
   52.5900	-0.00000000	11312390.0	-0.00000000	-11312299.0	-2262125.25	-0.00000000	-1244418.50	0.00000000	33934504.0	0.00000000	-0.640827324E-2
   52.6000	-0.00000000	12356594.0	-0.00000000	-12356500.0	-2470933.50	-0.00000000	-1244418.50	0.00000000	37066876.0	0.00000000	-0.699979765E-2
   52.6100	-0.00000000	13342628.0	-0.00000000	-13342542.0	-2668111.50	-0.00000000	-1244418.50	0.00000000	40024764.0	0.00000000	-0.755837280E-2
   52.6200	-0.00000000	14267820.0	-0.00000000	-14267724.0	-2853120.50	-0.00000000	-1244418.50	0.00000000	42800120.0	0.00000000	-0.808247738E-2
   52.6300	-0.00000000	15128306.0	-0.00000000	-15128188.0	-3025191.00	-0.00000000	-1244418.50	0.00000000	45381368.0	0.00000000	-0.856992695E-2
   52.6400	-0.00000000	15921898.0	-0.00000000	-15921753.0	-3183878.50	-0.00000000	-1244418.50	0.00000000	47761880.0	0.00000000	-0.901946798E-2
   52.6500	-0.00000000	16645335.0	-0.00000000	-16645205.0	-3328547.25	-0.00000000	-1244418.50	0.00000000	49932068.0	0.00000000	-0.942929182E-2
   52.6600	-0.00000000	17296966.0	-0.00000000	-17296830.0	-3458853.00	-0.00000000	-1244418.50	0.00000000	51886804.0	0.00000000	-0.979842991E-2
   52.6700	-0.00000000	17874490.0	-0.00000000	-17874344.0	-3574340.75	-0.00000000	-1244418.50	0.00000000	53619256.0	0.00000000	-0.101255896E-1
   52.6800	-0.00000000	18376096.0	-0.00000000	-18375956.0	-3674648.50	-0.00000000	-1244418.50	0.00000000	55123980.0	0.00000000	-0.104097454E-1
   52.6900	-0.00000000	18800816.0	-0.00000000	-18800668.0	-3759577.75	-0.00000000	-1244418.50	0.00000000	56398036.0	0.00000000	-0.106503405E-1
   52.7000	-0.00000000	19147286.0	-0.00000000	-19147156.0	-3828865.50	-0.00000000	-1244418.50	0.00000000	57437424.0	0.00000000	-0.108466214E-1
   52.7100	-0.00000000	19415152.0	-0.00000000	-19414984.0	-3882421.75	-0.00000000	-1244418.50	0.00000000	58240836.0	0.00000000	-0.109983394E-1
   52.7200	-0.00000000	19603696.0	-0.00000000	-19603542.0	-3920129.25	-0.00000000	-1244418.50	0.00000000	58806484.0	0.00000000	-0.111051584E-1
   52.7300	-0.00000000	19713094.0	-0.00000000	-19712948.0	-3942006.50	-0.00000000	-1244418.50	0.00000000	59134672.0	0.00000000	-0.111671342E-1
   52.7400	-0.00000000	19743520.0	-0.00000000	-19743352.0	-3948085.50	-0.00000000	-1244418.50	0.00000000	59225864.0	0.00000000	-0.111843543E-1
   52.7500	-0.00000000	19695528.0	-0.00000000	-19695356.0	-3938488.25	-0.00000000	-1244418.50	0.00000000	59081880.0	0.00000000	-0.111571653E-1
   52.7600	-0.00000000	19569948.0	-0.00000000	-19569790.0	-3913378.50	-0.00000000	-1244418.50	0.00000000	58705220.0	0.00000000	-0.110860355E-1
   52.7700	-0.00000000	19368114.0	-0.00000000	-19367970.0	-3873017.75	-0.00000000	-1244418.50	0.00000000	58099760.0	0.00000000	-0.109716989E-1
   52.7800	-0.00000000	19091302.0	-0.00000000	-19091150.0	-3817665.25	-0.00000000	-1244418.50	0.00000000	57269408.0	0.00000000	-0.108148931E-1
   52.7900	-0.00000000	18741504.0	-0.00000000	-18741374.0	-3747717.50	-0.00000000	-1244418.50	0.00000000	56220108.0	0.00000000	-0.106167411E-1
   52.8000	-0.00000000	18320482.0	-0.00000000	-18320350.0	-3663527.50	-0.00000000	-1244418.50	0.00000000	54957160.0	0.00000000	-0.103782425E-1
   52.8100	-0.00000000	17830888.0	-0.00000000	-17830740.0	-3565619.00	-0.00000000	-1244418.50	0.00000000	53488420.0	0.00000000	-0.101008825E-1
   52.8200	-0.00000000	17274846.0	-0.00000000	-17274718.0	-3454430.75	-0.00000000	-1244418.50	0.00000000	51820472.0	0.00000000	-0.978590269E-2
   52.8300	-0.00000000	16655630.0	-0.00000000	-16655496.0	-3330605.50	-0.00000000	-1244418.50	0.00000000	49962940.0	0.00000000	-0.943512190E-2
   52.8400	-0.00000000	15975767.0	-0.00000000	-15975637.0	-3194655.50	-0.00000000	-1244418.50	0.00000000	47923536.0	0.00000000	-0.904999580E-2
   52.8500	-0.00000000	15238741.0	-0.00000000	-15238601.0	-3047271.25	-0.00000000	-1244418.50	0.00000000	45712596.0	0.00000000	-0.863247737E-2
   52.8600	-0.00000000	14448293.0	-0.00000000	-14448178.0	-2889207.75	-0.00000000	-1244418.50	0.00000000	43341472.0	0.00000000	-0.818470772E-2
   52.8700	-0.00000000	13607462.0	-0.00000000	-13607343.0	-2721066.75	-0.00000000	-1244418.50	0.00000000	40819156.0	0.00000000	-0.770838792E-2
   52.8800	-0.00000000	12720645.0	-0.00000000	-12720562.0	-2543735.75	-0.00000000	-1244418.50	0.00000000	38158984.0	0.00000000	-0.720603438E-2
   52.8900	-0.00000000	11791174.0	-0.00000000	-11791088.0	-2357868.50	-0.00000000	-1244418.50	0.00000000	35370760.0	0.00000000	-0.667949952E-2
   52.9000	-0.00000000	10823795.0	-0.00000000	-10823713.0	-2164420.75	-0.00000000	-1244418.50	0.00000000	32468822.0	0.00000000	-0.613149023E-2
   52.9100	-0.00000000	9821957.00	-0.00000000	-9821884.00	-1964085.38	-0.00000000	-1244418.50	0.00000000	29463562.0	0.00000000	-0.556396972E-2
   52.9200	-0.00000000	8790320.00	-0.00000000	-8790256.00	-1757792.00	-0.00000000	-1244418.50	0.00000000	26368924.0	0.00000000	-0.497957086E-2
   52.9300	-0.00000000	7733698.50	-0.00000000	-7733636.50	-1546498.88	-0.00000000	-1244418.50	0.00000000	23199278.0	0.00000000	-0.438100751E-2
   52.9400	-0.00000000	6655690.00	-0.00000000	-6655641.00	-1330930.38	-0.00000000	-1244418.50	0.00000000	19965500.0	0.00000000	-0.377033302E-2
   52.9500	-0.00000000	5561598.00	-0.00000000	-5561555.00	-1112146.88	-0.00000000	-1244418.50	0.00000000	16683491.0	0.00000000	-0.315055065E-2
   52.9600	-0.00000000	4455102.00	-0.00000000	-4455067.50	-890881.625	-0.00000000	-1244418.50	0.00000000	13364259.0	0.00000000	-0.252373889E-2
   52.9700	-0.00000000	3341551.50	-0.00000000	-3341521.00	-668205.875	-0.00000000	-1244418.50	0.00000000	10023862.0	0.00000000	-0.189293025E-2
   52.9800	-0.00000000	2224590.50	-0.00000000	-2224575.25	-444849.125	-0.00000000	-1244418.50	0.00000000	6673254.00	0.00000000	-0.126019330E-2
   52.9900	-0.00000000	1109551.12	-0.00000000	-1109542.62	-221875.719	-0.00000000	-1244418.50	0.00000000	3328393.50	0.00000000	-0.628541864E-3
   53.0000	-0.00000000	0.224021619E-6	-0.00000000	-0.224020113E-6	-0.447973996E-7	-0.00000000	-1244418.50	0.00000000	0.672013073E-6	0.00000000	-0.126904554E-15
   53.0100	-0.00000000	-1099272.12	-0.00000000	1099263.50	219820.234	-0.00000000	-1244418.50	0.00000000	-3297558.75	0.00000000	0.622718944E-3
   53.0200	-0.00000000	-2183577.00	-0.00000000	2183563.00	436647.969	-0.00000000	-1244418.50	0.00000000	-6550224.00	0.00000000	0.123696018E-2
   53.0300	-0.00000000	-3249563.00	-0.00000000	3249537.50	649811.188	-0.00000000	-1244418.50	0.00000000	-9747922.00	0.00000000	0.184082100E-2
   53.0400	-0.00000000	-4292343.00	-0.00000000	4292314.00	858335.375	-0.00000000	-1244418.50	0.00000000	-12876026.0	0.00000000	0.243153982E-2
   53.0500	-0.00000000	-5308785.50	-0.00000000	5308742.50	1061591.50	-0.00000000	-1244418.50	0.00000000	-15925104.0	0.00000000	0.300733489E-2
   53.0600	-0.00000000	-6294306.50	-0.00000000	6294256.00	1258665.62	-0.00000000	-1244418.50	0.00000000	-18881444.0	0.00000000	0.356561737E-2
   53.0700	-0.00000000	-7246036.50	-0.00000000	7245983.50	1448981.75	-0.00000000	-1244418.50	0.00000000	-21736404.0	0.00000000	0.410475535E-2
   53.0800	-0.00000000	-8159777.50	-0.00000000	8159712.50	1631699.88	-0.00000000	-1244418.50	0.00000000	-24477390.0	0.00000000	0.462236907E-2
   53.0900	-0.00000000	-9032937.00	-0.00000000	9032858.00	1806304.12	-0.00000000	-1244418.50	0.00000000	-27096658.0	0.00000000	0.511699868E-2
   53.1000	-0.00000000	-9862058.00	-0.00000000	9861982.00	1972104.12	-0.00000000	-1244418.50	0.00000000	-29583850.0	0.00000000	0.558668561E-2
   53.1100	-0.00000000	-10643987.0	-0.00000000	10643905.0	2128466.25	-0.00000000	-1244418.50	0.00000000	-31929462.0	0.00000000	0.602963660E-2
   53.1200	-0.00000000	-11376636.0	-0.00000000	11376559.0	2274974.00	-0.00000000	-1244418.50	0.00000000	-34127252.0	0.00000000	0.644467212E-2
   53.1300	-0.00000000	-12057021.0	-0.00000000	12056919.0	2411027.50	-0.00000000	-1244418.50	0.00000000	-36168208.0	0.00000000	0.683009159E-2
   53.1400	-0.00000000	-12683417.0	-0.00000000	12683320.0	2536287.75	-0.00000000	-1244418.50	0.00000000	-38047252.0	0.00000000	0.718493527E-2
   53.1500	-0.00000000	-13253376.0	-0.00000000	13253273.0	2650262.25	-0.00000000	-1244418.50	0.00000000	-39757008.0	0.00000000	0.750780944E-2
   53.1600	-0.00000000	-13765624.0	-0.00000000	13765502.0	2752693.75	-0.00000000	-1244418.50	0.00000000	-41293596.0	0.00000000	0.779798208E-2
   53.1700	-0.00000000	-14218382.0	-0.00000000	14218291.0	2843235.50	-0.00000000	-1244418.50	0.00000000	-42651832.0	0.00000000	0.805447437E-2
   53.1800	-0.00000000	-14610359.0	-0.00000000	14610247.0	2921617.50	-0.00000000	-1244418.50	0.00000000	-43827656.0	0.00000000	0.827651937E-2
   53.1900	-0.00000000	-14940822.0	-0.00000000	14940700.0	2987699.25	-0.00000000	-1244418.50	0.00000000	-44818956.0	0.00000000	0.846371893E-2
   53.2000	-0.00000000	-15208824.0	-0.00000000	15208704.0	3041289.00	-0.00000000	-1244418.50	0.00000000	-45622864.0	0.00000000	0.861553103E-2
   53.2100	-0.00000000	-15414055.0	-0.00000000	15413953.0	3082332.75	-0.00000000	-1244418.50	0.00000000	-46238564.0	0.00000000	0.873180199E-2
   53.2200	-0.00000000	-15556196.0	-0.00000000	15556093.0	3110755.75	-0.00000000	-1244418.50	0.00000000	-46664952.0	0.00000000	0.881232135E-2
   53.2300	-0.00000000	-15635391.0	-0.00000000	15635275.0	3126591.75	-0.00000000	-1244418.50	0.00000000	-46902500.0	0.00000000	0.885718130E-2
   53.2400	-0.00000000	-15651848.0	-0.00000000	15651732.0	3129883.50	-0.00000000	-1244418.50	0.00000000	-46951880.0	0.00000000	0.886650663E-2
   53.2500	-0.00000000	-15606144.0	-0.00000000	15606033.0	3120745.75	-0.00000000	-1244418.50	0.00000000	-46814800.0	0.00000000	0.884061959E-2
   53.2600	-0.00000000	-15499048.0	-0.00000000	15498926.0	3099327.25	-0.00000000	-1244418.50	0.00000000	-46493508.0	0.00000000	0.877994578E-2
   53.2700	-0.00000000	-15331650.0	-0.00000000	15331542.0	3065853.75	-0.00000000	-1244418.50	0.00000000	-45991360.0	0.00000000	0.868511945E-2
   53.2800	-0.00000000	-15105094.0	-0.00000000	15104973.0	3020546.25	-0.00000000	-1244418.50	0.00000000	-45311700.0	0.00000000	0.855677016E-2
   53.2900	-0.00000000	-14821009.0	-0.00000000	14820884.0	2963738.25	-0.00000000	-1244418.50	0.00000000	-44459512.0	0.00000000	0.839584135E-2
   53.3000	-0.00000000	-14480882.0	-0.00000000	14480774.0	2895724.25	-0.00000000	-1244418.50	0.00000000	-43439220.0	0.00000000	0.820316747E-2
   53.3100	-0.00000000	-14086874.0	-0.00000000	14086763.0	2816935.75	-0.00000000	-1244418.50	0.00000000	-42257304.0	0.00000000	0.797997136E-2
   53.3200	-0.00000000	-13640804.0	-0.00000000	13640696.0	2727736.00	-0.00000000	-1244418.50	0.00000000	-40919200.0	0.00000000	0.772728072E-2
   53.3300	-0.00000000	-13145278.0	-0.00000000	13145178.0	2628646.75	-0.00000000	-1244418.50	0.00000000	-39432748.0	0.00000000	0.744657498E-2
   53.3400	-0.00000000	-12602406.0	-0.00000000	12602314.0	2520088.25	-0.00000000	-1244418.50	0.00000000	-37804248.0	0.00000000	0.713904481E-2
   53.3500	-0.00000000	-12014978.0	-0.00000000	12014887.0	2402620.00	-0.00000000	-1244418.50	0.00000000	-36042088.0	0.00000000	0.680627488E-2
   53.3600	-0.00000000	-11386030.0	-0.00000000	11385938.0	2276850.50	-0.00000000	-1244418.50	0.00000000	-34155400.0	0.00000000	0.644998718E-2
   53.3700	-0.00000000	-10717999.0	-0.00000000	10717921.0	2143265.50	-0.00000000	-1244418.50	0.00000000	-32151470.0	0.00000000	0.607156102E-2
   53.3800	-0.00000000	-10014443.0	-0.00000000	10014373.0	2002578.38	-0.00000000	-1244418.50	0.00000000	-30040996.0	0.00000000	0.567301409E-2
   53.3900	-0.00000000	-9278008.00	-0.00000000	9277941.00	1855312.75	-0.00000000	-1244418.50	0.00000000	-27831842.0	0.00000000	0.525583234E-2
   53.4000	-0.00000000	-8512498.00	-0.00000000	8512423.00	1702232.88	-0.00000000	-1244418.50	0.00000000	-25535470.0	0.00000000	0.482217921E-2
   53.4100	-0.00000000	-7720653.50	-0.00000000	7720603.50	1543891.12	-0.00000000	-1244418.50	0.00000000	-23160156.0	0.00000000	0.437361980E-2
   53.4200	-0.00000000	-6906214.50	-0.00000000	6906156.00	1381027.50	-0.00000000	-1244418.50	0.00000000	-20717016.0	0.00000000	0.391225098E-2
   53.4300	-0.00000000	-6072955.00	-0.00000000	6072910.50	1214402.00	-0.00000000	-1244418.50	0.00000000	-18217438.0	0.00000000	0.344022503E-2
   53.4400	-0.00000000	-5223754.00	-0.00000000	5223717.00	1044589.50	-0.00000000	-1244418.50	0.00000000	-15670053.0	0.00000000	0.295917061E-2
   53.4500	-0.00000000	-4362812.00	-0.00000000	4362782.50	872427.438	-0.00000000	-1244418.50	0.00000000	-13087423.0	0.00000000	0.247146050E-2
   53.4600	-0.00000000	-3493019.50	-0.00000000	3492995.25	698495.562	-0.00000000	-1244418.50	0.00000000	-10478243.0	0.00000000	0.197873660E-2
   53.4700	-0.00000000	-2618591.00	-0.00000000	2618568.00	523636.312	-0.00000000	-1244418.50	0.00000000	-7855151.00	0.00000000	0.148338568E-2
   53.4800	-0.00000000	-1742390.12	-0.00000000	1742374.75	348423.562	-0.00000000	-1244418.50	0.00000000	-5226757.50	0.00000000	0.987033476E-3
   53.4900	-0.00000000	-868593.500	-0.00000000	868587.688	173691.828	-0.00000000	-1244418.50	0.00000000	-2605578.75	0.00000000	0.492043793E-3
   53.5000	-0.00000000	0.674536835E-7	-0.00000000	-0.674531293E-7	-0.134886307E-7	-0.00000000	-1244418.50	0.00000000	0.202345106E-6	0.00000000	-0.382113371E-16
   53.5100	-0.00000000	859652.000	-0.00000000	-859645.375	-171903.547	-0.00000000	-1244418.50	0.00000000	2578753.00	0.00000000	-0.486977893E-3
   53.5200	-0.00000000	1706708.12	-0.00000000	-1706695.25	-341288.531	-0.00000000	-1244418.50	0.00000000	5119723.50	0.00000000	-0.966820924E-3
   53.5300	-0.00000000	2538562.75	-0.00000000	-2538543.50	-507633.125	-0.00000000	-1244418.50	0.00000000	7615086.00	0.00000000	-0.143805123E-2
   53.5400	-0.00000000	3351424.50	-0.00000000	-3351399.50	-670180.500	-0.00000000	-1244418.50	0.00000000	10053486.0	0.00000000	-0.189852435E-2
   53.5500	-0.00000000	4142866.00	-0.00000000	-4142839.50	-828444.688	-0.00000000	-1244418.50	0.00000000	12427632.0	0.00000000	-0.234686397E-2
   53.5600	-0.00000000	4909363.50	-0.00000000	-4909323.50	-981719.562	-0.00000000	-1244418.50	0.00000000	14726932.0	0.00000000	-0.278106914E-2
   53.5700	-0.00000000	5648689.50	-0.00000000	-5648647.50	-1129562.00	-0.00000000	-1244418.50	0.00000000	16944742.0	0.00000000	-0.319988583E-2
   53.5800	-0.00000000	6357625.00	-0.00000000	-6357573.00	-1271326.88	-0.00000000	-1244418.50	0.00000000	19071376.0	0.00000000	-0.360148447E-2
   53.5900	-0.00000000	7034196.00	-0.00000000	-7034145.00	-1406620.50	-0.00000000	-1244418.50	0.00000000	21100938.0	0.00000000	-0.398475211E-2
   53.6000	-0.00000000	7675770.00	-0.00000000	-7675706.00	-1534914.88	-0.00000000	-1244418.50	0.00000000	23025504.0	0.00000000	-0.434819143E-2
   53.6100	-0.00000000	8279934.50	-0.00000000	-8279872.00	-1655729.00	-0.00000000	-1244418.50	0.00000000	24837852.0	0.00000000	-0.469043991E-2
   53.6200	-0.00000000	8845115.00	-0.00000000	-8845047.00	-1768748.75	-0.00000000	-1244418.50	0.00000000	26533282.0	0.00000000	-0.501060905E-2
   53.6300	-0.00000000	9369069.00	-0.00000000	-9369001.00	-1873521.75	-0.00000000	-1244418.50	0.00000000	28104996.0	0.00000000	-0.530741550E-2
   53.6400	-0.00000000	9850512.00	-0.00000000	-9850433.00	-1969795.88	-0.00000000	-1244418.50	0.00000000	29549222.0	0.00000000	-0.558014633E-2
   53.6500	-0.00000000	10287610.0	-0.00000000	-10287536.0	-2057203.25	-0.00000000	-1244418.50	0.00000000	30860432.0	0.00000000	-0.582775846E-2
   53.6600	-0.00000000	10679448.0	-0.00000000	-10679365.0	-2135556.75	-0.00000000	-1244418.50	0.00000000	32035830.0	0.00000000	-0.604972336E-2
   53.6700	-0.00000000	11024728.0	-0.00000000	-11024646.0	-2204603.25	-0.00000000	-1244418.50	0.00000000	33071602.0	0.00000000	-0.624532113E-2
   53.6800	-0.00000000	11322507.0	-0.00000000	-11322418.0	-2264147.75	-0.00000000	-1244418.50	0.00000000	33964844.0	0.00000000	-0.641400274E-2
   53.6900	-0.00000000	11572285.0	-0.00000000	-11572188.0	-2314096.50	-0.00000000	-1244418.50	0.00000000	34714136.0	0.00000000	-0.655550044E-2
   53.7000	-0.00000000	11773414.0	-0.00000000	-11773328.0	-2354316.75	-0.00000000	-1244418.50	0.00000000	35317484.0	0.00000000	-0.666943844E-2
   53.7100	-0.00000000	11925762.0	-0.00000000	-11925680.0	-2384781.75	-0.00000000	-1244418.50	0.00000000	35774492.0	0.00000000	-0.675574085E-2
   53.7200	-0.00000000	12029126.0	-0.00000000	-12029042.0	-2405451.00	-0.00000000	-1244418.50	0.00000000	36084556.0	0.00000000	-0.681429449E-2
   53.7300	-0.00000000	12083706.0	-0.00000000	-12083610.0	-2416364.00	-0.00000000	-1244418.50	0.00000000	36248264.0	0.00000000	-0.684520928E-2
   53.7400	-0.00000000	12089747.0	-0.00000000	-12089655.0	-2417572.75	-0.00000000	-1244418.50	0.00000000	36266396.0	0.00000000	-0.684863329E-2
   53.7500	-0.00000000	12047770.0	-0.00000000	-12047688.0	-2409179.50	-0.00000000	-1244418.50	0.00000000	36140484.0	0.00000000	-0.682485662E-2
   53.7600	-0.00000000	11958441.0	-0.00000000	-11958349.0	-2391317.00	-0.00000000	-1244418.50	0.00000000	35872528.0	0.00000000	-0.677425461E-2
   53.7700	-0.00000000	11822695.0	-0.00000000	-11822618.0	-2364174.00	-0.00000000	-1244418.50	0.00000000	35465348.0	0.00000000	-0.669736229E-2
   53.7800	-0.00000000	11641481.0	-0.00000000	-11641409.0	-2327936.25	-0.00000000	-1244418.50	0.00000000	34921744.0	0.00000000	-0.659470633E-2
   53.7900	-0.00000000	11416153.0	-0.00000000	-11416068.0	-2282876.50	-0.00000000	-1244418.50	0.00000000	34245796.0	0.00000000	-0.646705879E-2
   53.8000	-0.00000000	11147915.0	-0.00000000	-11147832.0	-2229236.00	-0.00000000	-1244418.50	0.00000000	33441128.0	0.00000000	-0.631510327E-2
   53.8100	-0.00000000	10838497.0	-0.00000000	-10838412.0	-2167363.25	-0.00000000	-1244418.50	0.00000000	32512960.0	0.00000000	-0.613982556E-2
   53.8200	-0.00000000	10489388.0	-0.00000000	-10489301.0	-2097548.50	-0.00000000	-1244418.50	0.00000000	31465662.0	0.00000000	-0.594205130E-2
   53.8300	-0.00000000	10102617.0	-0.00000000	-10102546.0	-2020209.25	-0.00000000	-1244418.50	0.00000000	30305480.0	0.00000000	-0.572295999E-2
   53.8400	-0.00000000	9679911.00	-0.00000000	-9679838.00	-1935680.25	-0.00000000	-1244418.50	0.00000000	29037450.0	0.00000000	-0.548350206E-2
   53.8500	-0.00000000	9223457.00	-0.00000000	-9223388.00	-1844404.38	-0.00000000	-1244418.50	0.00000000	27668202.0	0.00000000	-0.522492966E-2
   53.8600	-0.00000000	8735655.00	-0.00000000	-8735589.00	-1746859.38	-0.00000000	-1244418.50	0.00000000	26204914.0	0.00000000	-0.494859973E-2
   53.8700	-0.00000000	8218431.50	-0.00000000	-8218371.50	-1643430.12	-0.00000000	-1244418.50	0.00000000	24653360.0	0.00000000	-0.465559959E-2
   53.8800	-0.00000000	7674562.00	-0.00000000	-7674507.50	-1534673.50	-0.00000000	-1244418.50	0.00000000	23021884.0	0.00000000	-0.434750784E-2
   53.8900	-0.00000000	7106107.00	-0.00000000	-7106055.50	-1420999.88	-0.00000000	-1244418.50	0.00000000	21316646.0	0.00000000	-0.402548676E-2
   53.9000	-0.00000000	6516036.00	-0.00000000	-6515982.50	-1303004.12	-0.00000000	-1244418.50	0.00000000	19546570.0	0.00000000	-0.369122159E-2
   53.9100	-0.00000000	5906500.00	-0.00000000	-5906458.00	-1181116.00	-0.00000000	-1244418.50	0.00000000	17718110.0	0.00000000	-0.334593072E-2
   53.9200	-0.00000000	5280371.00	-0.00000000	-5280328.50	-1055909.38	-0.00000000	-1244418.50	0.00000000	15839865.0	0.00000000	-0.299123838E-2
   53.9300	-0.00000000	4640579.00	-0.00000000	-4640547.00	-927971.562	-0.00000000	-1244418.50	0.00000000	13920648.0	0.00000000	-0.262880884E-2
   53.9400	-0.00000000	3989352.00	-0.00000000	-3989323.75	-797746.438	-0.00000000	-1244418.50	0.00000000	11967121.0	0.00000000	-0.225990009E-2
   53.9500	-0.00000000	3329910.75	-0.00000000	-3329885.25	-665878.625	-0.00000000	-1244418.50	0.00000000	9988952.00	0.00000000	-0.188633776E-2
   53.9600	-0.00000000	2664480.75	-0.00000000	-2664461.50	-532813.375	-0.00000000	-1244418.50	0.00000000	7992817.50	0.00000000	-0.150938297E-2
   53.9700	-0.00000000	1996292.50	-0.00000000	-1996275.25	-399196.062	-0.00000000	-1244418.50	0.00000000	5988404.00	0.00000000	-0.113086461E-2
   53.9800	-0.00000000	1327534.75	-0.00000000	-1327525.75	-265465.750	-0.00000000	-1244418.50	0.00000000	3982293.75	0.00000000	-0.752025924E-3
   53.9900	-0.00000000	661396.688	-0.00000000	-661390.875	-132258.641	-0.00000000	-1244418.50	0.00000000	1984032.62	0.00000000	-0.374669529E-3
   54.0000	-0.00000000	0.615524414E-7	-0.00000000	-0.615519582E-7	-0.123085675E-7	-0.00000000	-1244418.50	0.00000000	0.184642772E-6	0.00000000	-0.348683859E-16
   54.0100	-0.00000000	-653811.375	-0.00000000	653806.125	130741.844	-0.00000000	-1244418.50	0.00000000	-1961279.38	0.00000000	0.370372698E-3
   54.0200	-0.00000000	-1297269.88	-0.00000000	1297260.00	259413.781	-0.00000000	-1244418.50	0.00000000	-3891507.00	0.00000000	0.734881556E-3
   54.0300	-0.00000000	-1928411.75	-0.00000000	1928397.50	385622.312	-0.00000000	-1244418.50	0.00000000	-5784781.00	0.00000000	0.109241204E-2
   54.0400	-0.00000000	-2544376.75	-0.00000000	2544359.00	508796.531	-0.00000000	-1244418.50	0.00000000	-7632538.00	0.00000000	0.144134683E-2
   54.0500	-0.00000000	-3143351.75	-0.00000000	3143327.50	628572.375	-0.00000000	-1244418.50	0.00000000	-9429315.00	0.00000000	0.178065442E-2
   54.0600	-0.00000000	-3722676.50	-0.00000000	3722647.50	744419.625	-0.00000000	-1244418.50	0.00000000	-11167157.0	0.00000000	0.210883305E-2
   54.0700	-0.00000000	-4280718.00	-0.00000000	4280680.00	856009.250	-0.00000000	-1244418.50	0.00000000	-12841133.0	0.00000000	0.242495048E-2
   54.0800	-0.00000000	-4815044.50	-0.00000000	4815010.00	962859.312	-0.00000000	-1244418.50	0.00000000	-14444009.0	0.00000000	0.272764126E-2
   54.0900	-0.00000000	-5324230.50	-0.00000000	5324189.00	1064679.88	-0.00000000	-1244418.50	0.00000000	-15971435.0	0.00000000	0.301608420E-2
   54.1000	-0.00000000	-5806309.50	-0.00000000	5806257.00	1161080.00	-0.00000000	-1244418.50	0.00000000	-17417548.0	0.00000000	0.328917173E-2
   54.1100	-0.00000000	-6259497.50	-0.00000000	6259453.00	1251705.50	-0.00000000	-1244418.50	0.00000000	-18777032.0	0.00000000	0.354590011E-2
   54.1200	-0.00000000	-6682682.00	-0.00000000	6682629.50	1336329.00	-0.00000000	-1244418.50	0.00000000	-20046484.0	0.00000000	0.378562603E-2
   54.1300	-0.00000000	-7074193.00	-0.00000000	7074139.50	1414619.12	-0.00000000	-1244418.50	0.00000000	-21220926.0	0.00000000	0.400741072E-2
   54.1400	-0.00000000	-7433141.00	-0.00000000	7433082.00	1486396.62	-0.00000000	-1244418.50	0.00000000	-22297672.0	0.00000000	0.421074638E-2
   54.1500	-0.00000000	-7758189.50	-0.00000000	7758127.00	1551396.25	-0.00000000	-1244418.50	0.00000000	-23272744.0	0.00000000	0.439488096E-2
   54.1600	-0.00000000	-8048700.00	-0.00000000	8048639.50	1609488.75	-0.00000000	-1244418.50	0.00000000	-24144200.0	0.00000000	0.455944892E-2
   54.1700	-0.00000000	-8303773.00	-0.00000000	8303705.00	1660495.75	-0.00000000	-1244418.50	0.00000000	-24909364.0	0.00000000	0.470394408E-2
   54.1800	-0.00000000	-8522738.00	-0.00000000	8522678.00	1704283.75	-0.00000000	-1244418.50	0.00000000	-25566232.0	0.00000000	0.482798880E-2
   54.1900	-0.00000000	-8705324.00	-0.00000000	8705265.00	1740794.50	-0.00000000	-1244418.50	0.00000000	-26113940.0	0.00000000	0.493141916E-2
   54.2000	-0.00000000	-8851087.00	-0.00000000	8851027.00	1769943.25	-0.00000000	-1244418.50	0.00000000	-26551196.0	0.00000000	0.501399208E-2
   54.2100	-0.00000000	-8960003.00	-0.00000000	8959927.00	1791720.75	-0.00000000	-1244418.50	0.00000000	-26877888.0	0.00000000	0.507568521E-2
   54.2200	-0.00000000	-9031975.00	-0.00000000	9031900.00	1806113.00	-0.00000000	-1244418.50	0.00000000	-27093788.0	0.00000000	0.511645665E-2
   54.2300	-0.00000000	-9067221.00	-0.00000000	9067151.00	1813162.00	-0.00000000	-1244418.50	0.00000000	-27199536.0	0.00000000	0.513642561E-2
   54.2400	-0.00000000	-9066013.00	-0.00000000	9065945.00	1812921.38	-0.00000000	-1244418.50	0.00000000	-27195918.0	0.00000000	0.513574248E-2
   54.2500	-0.00000000	-9028801.00	-0.00000000	9028733.00	1805480.25	-0.00000000	-1244418.50	0.00000000	-27084300.0	0.00000000	0.511466432E-2
   54.2600	-0.00000000	-8956168.00	-0.00000000	8956091.00	1790953.12	-0.00000000	-1244418.50	0.00000000	-26866372.0	0.00000000	0.507351058E-2
   54.2700	-0.00000000	-8848846.00	-0.00000000	8848778.00	1769494.38	-0.00000000	-1244418.50	0.00000000	-26544468.0	0.00000000	0.501272129E-2
   54.2800	-0.00000000	-8707635.00	-0.00000000	8707572.00	1741256.25	-0.00000000	-1244418.50	0.00000000	-26120866.0	0.00000000	0.493272673E-2
   54.2900	-0.00000000	-8533615.00	-0.00000000	8533549.00	1706456.50	-0.00000000	-1244418.50	0.00000000	-25598824.0	0.00000000	0.483414391E-2
   54.3000	-0.00000000	-8327729.00	-0.00000000	8327669.00	1665287.12	-0.00000000	-1244418.50	0.00000000	-24981232.0	0.00000000	0.471751625E-2
   54.3100	-0.00000000	-8091359.50	-0.00000000	8091299.50	1618020.88	-0.00000000	-1244418.50	0.00000000	-24272186.0	0.00000000	0.458361814E-2
   54.3200	-0.00000000	-7825647.00	-0.00000000	7825593.00	1564887.12	-0.00000000	-1244418.50	0.00000000	-23475118.0	0.00000000	0.443309825E-2
   54.3300	-0.00000000	-7532216.00	-0.00000000	7532155.50	1506209.00	-0.00000000	-1244418.50	0.00000000	-22594878.0	0.00000000	0.426687161E-2
   54.3400	-0.00000000	-7212354.00	-0.00000000	7212299.50	1442245.88	-0.00000000	-1244418.50	0.00000000	-21635362.0	0.00000000	0.408567395E-2
   54.3500	-0.00000000	-6867766.00	-0.00000000	6867712.50	1373339.25	-0.00000000	-1244418.50	0.00000000	-20601682.0	0.00000000	0.389047107E-2
   54.3600	-0.00000000	-6500291.50	-0.00000000	6500242.00	1299855.62	-0.00000000	-1244418.50	0.00000000	-19499342.0	0.00000000	0.368230254E-2
   54.3700	-0.00000000	-6111398.00	-0.00000000	6111345.50	1222089.00	-0.00000000	-1244418.50	0.00000000	-18332750.0	0.00000000	0.346200075E-2
   54.3800	-0.00000000	-5703209.00	-0.00000000	5703158.00	1140462.75	-0.00000000	-1244418.50	0.00000000	-17108264.0	0.00000000	0.323076593E-2
   54.3900	-0.00000000	-5277277.50	-0.00000000	5277232.50	1055290.00	-0.00000000	-1244418.50	0.00000000	-15830577.0	0.00000000	0.298948423E-2
   54.4000	-0.00000000	-4835855.00	-0.00000000	4835813.50	967020.125	-0.00000000	-1244418.50	0.00000000	-14506423.0	0.00000000	0.273942784E-2
   54.4100	-0.00000000	-4380572.00	-0.00000000	4380541.50	875978.062	-0.00000000	-1244418.50	0.00000000	-13140688.0	0.00000000	0.248151924E-2
   54.4200	-0.00000000	-3913590.00	-0.00000000	3913558.00	782595.812	-0.00000000	-1244418.50	0.00000000	-11739845.0	0.00000000	0.221698056E-2
   54.4300	-0.00000000	-3437101.50	-0.00000000	3437077.50	687313.438	-0.00000000	-1244418.50	0.00000000	-10310499.0	0.00000000	0.194705941E-2
   54.4400	-0.00000000	-2952780.00	-0.00000000	2952757.25	590463.938	-0.00000000	-1244418.50	0.00000000	-8857644.00	0.00000000	0.167269888E-2
   54.4500	-0.00000000	-2463025.50	-0.00000000	2463006.00	492528.438	-0.00000000	-1244418.50	0.00000000	-7388495.50	0.00000000	0.139526138E-2
   54.4600	-0.00000000	-1969495.88	-0.00000000	1969481.50	393838.156	-0.00000000	-1244418.50	0.00000000	-5908029.50	0.00000000	0.111568649E-2
   54.4700	-0.00000000	-1474594.25	-0.00000000	1474581.62	294872.812	-0.00000000	-1244418.50	0.00000000	-4423435.00	0.00000000	0.835332088E-3
   54.4800	-0.00000000	-979939.062	-0.00000000	979932.062	195957.406	-0.00000000	-1244418.50	0.00000000	-2939588.25	0.00000000	0.555118953E-3
   54.4900	-0.00000000	-487886.688	-0.00000000	487882.906	97562.1641	-0.00000000	-1244418.50	0.00000000	-1463545.50	0.00000000	0.276379462E-3
   54.5000	-0.00000000	-0.128587899E-6	-0.00000000	0.128586933E-6	0.257135699E-7	-0.00000000	-1244418.50	0.00000000	-0.385733301E-6	0.00000000	0.728428085E-16
   54.5100	-0.00000000	481631.188	-0.00000000	-481627.469	-96311.2500	-0.00000000	-1244418.50	0.00000000	1444780.25	0.00000000	-0.272835779E-3
   54.5200	-0.00000000	954980.812	-0.00000000	-954972.438	-190966.266	-0.00000000	-1244418.50	0.00000000	2864715.50	0.00000000	-0.540979789E-3
   54.5300	-0.00000000	1418612.62	-0.00000000	-1418602.12	-283678.250	-0.00000000	-1244418.50	0.00000000	4255503.50	0.00000000	-0.803619449E-3
   54.5400	-0.00000000	1870445.00	-0.00000000	-1870433.38	-374030.969	-0.00000000	-1244418.50	0.00000000	5610898.50	0.00000000	-0.105957559E-2
   54.5500	-0.00000000	2309161.75	-0.00000000	-2309145.00	-461760.812	-0.00000000	-1244418.50	0.00000000	6926948.00	0.00000000	-0.130810158E-2
   54.5600	-0.00000000	2732842.00	-0.00000000	-2732825.00	-546483.750	-0.00000000	-1244418.50	0.00000000	8197890.00	0.00000000	-0.154810934E-2
   54.5700	-0.00000000	3140305.75	-0.00000000	-3140281.25	-627963.625	-0.00000000	-1244418.50	0.00000000	9420182.00	0.00000000	-0.177892984E-2
   54.5800	-0.00000000	3529814.75	-0.00000000	-3529790.50	-705853.438	-0.00000000	-1244418.50	0.00000000	10588620.0	0.00000000	-0.199958053E-2
   54.5900	-0.00000000	3900343.00	-0.00000000	-3900314.25	-779947.625	-0.00000000	-1244418.50	0.00000000	11700119.0	0.00000000	-0.220947852E-2
   54.6000	-0.00000000	4250502.50	-0.00000000	-4250468.50	-849967.312	-0.00000000	-1244418.50	0.00000000	12750496.0	0.00000000	-0.240783417E-2
   54.6100	-0.00000000	4579024.00	-0.00000000	-4578986.00	-915661.500	-0.00000000	-1244418.50	0.00000000	13735985.0	0.00000000	-0.259393663E-2
   54.6200	-0.00000000	4885124.00	-0.00000000	-4885088.00	-976872.688	-0.00000000	-1244418.50	0.00000000	14654224.0	0.00000000	-0.276733888E-2
   54.6300	-0.00000000	5167639.00	-0.00000000	-5167606.00	-1033368.00	-0.00000000	-1244418.50	0.00000000	15501720.0	0.00000000	-0.292738201E-2
   54.6400	-0.00000000	5425972.50	-0.00000000	-5425933.00	-1085025.88	-0.00000000	-1244418.50	0.00000000	16276645.0	0.00000000	-0.307372096E-2
   54.6500	-0.00000000	5659196.50	-0.00000000	-5659153.00	-1131663.12	-0.00000000	-1244418.50	0.00000000	16976260.0	0.00000000	-0.320583768E-2
   54.6600	-0.00000000	5866890.00	-0.00000000	-5866843.50	-1173195.00	-0.00000000	-1244418.50	0.00000000	17599286.0	0.00000000	-0.332349143E-2
   54.6700	-0.00000000	6048458.00	-0.00000000	-6048406.50	-1209502.75	-0.00000000	-1244418.50	0.00000000	18143944.0	0.00000000	-0.342634600E-2
   54.6800	-0.00000000	6203474.50	-0.00000000	-6203422.00	-1240500.62	-0.00000000	-1244418.50	0.00000000	18608946.0	0.00000000	-0.351415854E-2
   54.6900	-0.00000000	6331766.50	-0.00000000	-6331723.00	-1266156.88	-0.00000000	-1244418.50	0.00000000	18993820.0	0.00000000	-0.358683872E-2
   54.7000	-0.00000000	6433110.00	-0.00000000	-6433066.00	-1286421.25	-0.00000000	-1244418.50	0.00000000	19297810.0	0.00000000	-0.364424498E-2
   54.7100	-0.00000000	6507511.00	-0.00000000	-6507462.50	-1301299.12	-0.00000000	-1244418.50	0.00000000	19520996.0	0.00000000	-0.368639198E-2
   54.7200	-0.00000000	6554981.00	-0.00000000	-6554925.50	-1310791.75	-0.00000000	-1244418.50	0.00000000	19663396.0	0.00000000	-0.371328322E-2
   54.7300	-0.00000000	6575724.00	-0.00000000	-6575672.50	-1314940.88	-0.00000000	-1244418.50	0.00000000	19725640.0	0.00000000	-0.372503721E-2
   54.7400	-0.00000000	6570005.50	-0.00000000	-6569959.50	-1313797.75	-0.00000000	-1244418.50	0.00000000	19708488.0	0.00000000	-0.372179830E-2
   54.7500	-0.00000000	6538203.00	-0.00000000	-6538154.50	-1307437.88	-0.00000000	-1244418.50	0.00000000	19613084.0	0.00000000	-0.370378210E-2
   54.7600	-0.00000000	6480792.50	-0.00000000	-6480739.50	-1295955.88	-0.00000000	-1244418.50	0.00000000	19440840.0	0.00000000	-0.367125520E-2
   54.7700	-0.00000000	6398369.50	-0.00000000	-6398324.00	-1279475.50	-0.00000000	-1244418.50	0.00000000	19193618.0	0.00000000	-0.362456893E-2
   54.7800	-0.00000000	6291567.00	-0.00000000	-6291518.00	-1258117.12	-0.00000000	-1244418.50	0.00000000	18873218.0	0.00000000	-0.356406393E-2
   54.7900	-0.00000000	6161207.00	-0.00000000	-6161163.50	-1232050.00	-0.00000000	-1244418.50	0.00000000	18482176.0	0.00000000	-0.349021889E-2
   54.8000	-0.00000000	6008049.00	-0.00000000	-6008002.00	-1201422.25	-0.00000000	-1244418.50	0.00000000	18022726.0	0.00000000	-0.340345502E-2
   54.8100	-0.00000000	5833120.50	-0.00000000	-5833075.50	-1166442.38	-0.00000000	-1244418.50	0.00000000	17497988.0	0.00000000	-0.330436206E-2
   54.8200	-0.00000000	5637302.00	-0.00000000	-5637259.00	-1127284.38	-0.00000000	-1244418.50	0.00000000	16910574.0	0.00000000	-0.319343363E-2
   54.8300	-0.00000000	5421801.50	-0.00000000	-5421761.00	-1084191.75	-0.00000000	-1244418.50	0.00000000	16264133.0	0.00000000	-0.307135819E-2
   54.8400	-0.00000000	5187607.00	-0.00000000	-5187565.50	-1037359.81	-0.00000000	-1244418.50	0.00000000	15561601.0	0.00000000	-0.293869013E-2
   54.8500	-0.00000000	4935979.00	-0.00000000	-4935944.00	-987042.938	-0.00000000	-1244418.50	0.00000000	14806788.0	0.00000000	-0.279614958E-2
   54.8600	-0.00000000	4668292.00	-0.00000000	-4668259.00	-933513.062	-0.00000000	-1244418.50	0.00000000	14003780.0	0.00000000	-0.264450745E-2
   54.8700	-0.00000000	4385627.00	-0.00000000	-4385593.50	-876988.625	-0.00000000	-1244418.50	0.00000000	13155849.0	0.00000000	-0.248438213E-2
   54.8800	-0.00000000	4089542.75	-0.00000000	-4089512.25	-817781.562	-0.00000000	-1244418.50	0.00000000	12267669.0	0.00000000	-0.231665629E-2
   54.8900	-0.00000000	3781196.00	-0.00000000	-3781169.75	-756121.625	-0.00000000	-1244418.50	0.00000000	11342701.0	0.00000000	-0.214198302E-2
   54.9000	-0.00000000	3462230.75	-0.00000000	-3462199.50	-692337.562	-0.00000000	-1244418.50	0.00000000	10385866.0	0.00000000	-0.196129200E-2
   54.9100	-0.00000000	3133823.25	-0.00000000	-3133800.75	-626667.438	-0.00000000	-1244418.50	0.00000000	9400739.00	0.00000000	-0.177525810E-2
   54.9200	-0.00000000	2797556.75	-0.00000000	-2797537.75	-559424.625	-0.00000000	-1244418.50	0.00000000	8392019.00	0.00000000	-0.158476899E-2
   54.9300	-0.00000000	2455022.75	-0.00000000	-2455006.75	-490928.312	-0.00000000	-1244418.50	0.00000000	7364495.50	0.00000000	-0.139072898E-2
   54.9400	-0.00000000	2107425.75	-0.00000000	-2107410.75	-421419.562	-0.00000000	-1244418.50	0.00000000	6321783.00	0.00000000	-0.119382073E-2
   54.9500	-0.00000000	1756496.25	-0.00000000	-1756481.50	-351244.406	-0.00000000	-1244418.50	0.00000000	5269073.50	0.00000000	-0.995024573E-3
   54.9600	-0.00000000	1403425.62	-0.00000000	-1403415.00	-280641.344	-0.00000000	-1244418.50	0.00000000	4209946.00	0.00000000	-0.795016356E-3
   54.9700	-0.00000000	1049930.50	-0.00000000	-1049923.75	-209953.625	-0.00000000	-1244418.50	0.00000000	3149547.50	0.00000000	-0.594768149E-3
   54.9800	-0.00000000	697173.625	-0.00000000	-697168.812	-139413.078	-0.00000000	-1244418.50	0.00000000	2091357.88	0.00000000	-0.394937058E-3
   54.9900	-0.00000000	346826.969	-0.00000000	-346824.406	-69354.6250	-0.00000000	-1244418.50	0.00000000	1040400.00	0.00000000	-0.196471636E-3
   55.0000	-0.00000000	-0.538511991E-8	-0.00000000	0.538507727E-8	0.107685627E-8	-0.00000000	-1244418.50	0.00000000	-0.161540914E-7	0.00000000	0.305057737E-17
   55.0100	-0.00000000	-341829.438	-0.00000000	341826.594	68355.2109	-0.00000000	-1244418.50	0.00000000	-1025407.38	0.00000000	0.193640401E-3
   55.0200	-0.00000000	-677232.000	-0.00000000	677226.500	135425.344	-0.00000000	-1244418.50	0.00000000	-2031537.62	0.00000000	0.383640436E-3
   55.0300	-0.00000000	-1005204.62	-0.00000000	1005196.12	201009.531	-0.00000000	-1244418.50	0.00000000	-3015376.25	0.00000000	0.569430937E-3
   55.0400	-0.00000000	-1324286.25	-0.00000000	1324276.38	264816.062	-0.00000000	-1244418.50	0.00000000	-3972548.50	0.00000000	0.750185631E-3
   55.0500	-0.00000000	-1633566.12	-0.00000000	1633552.38	326662.125	-0.00000000	-1244418.50	0.00000000	-4900310.50	0.00000000	0.925386499E-3
   55.0600	-0.00000000	-1931702.88	-0.00000000	1931688.50	386280.469	-0.00000000	-1244418.50	0.00000000	-5794654.50	0.00000000	0.109427655E-2
   55.0700	-0.00000000	-2217889.50	-0.00000000	2217872.50	443508.875	-0.00000000	-1244418.50	0.00000000	-6653148.00	0.00000000	0.125639641E-2
   55.0800	-0.00000000	-2490929.50	-0.00000000	2490909.25	498108.094	-0.00000000	-1244418.50	0.00000000	-7472200.00	0.00000000	0.141106825E-2
   55.0900	-0.00000000	-2750123.00	-0.00000000	2750101.25	549938.938	-0.00000000	-1244418.50	0.00000000	-8249722.00	0.00000000	0.155789731E-2
   55.1000	-0.00000000	-2994520.25	-0.00000000	2994498.00	598811.062	-0.00000000	-1244418.50	0.00000000	-8982860.00	0.00000000	0.169634493E-2
   55.1100	-0.00000000	-3223279.00	-0.00000000	3223253.50	644555.312	-0.00000000	-1244418.50	0.00000000	-9669076.00	0.00000000	0.182593160E-2
   55.1200	-0.00000000	-3435869.00	-0.00000000	3435844.00	687067.188	-0.00000000	-1244418.50	0.00000000	-10306804.0	0.00000000	0.194636174E-2
   55.1300	-0.00000000	-3631522.00	-0.00000000	3631493.50	726191.562	-0.00000000	-1244418.50	0.00000000	-10893714.0	0.00000000	0.205719541E-2
   55.1400	-0.00000000	-3809849.00	-0.00000000	3809816.00	761850.562	-0.00000000	-1244418.50	0.00000000	-11428640.0	0.00000000	0.215821201E-2
   55.1500	-0.00000000	-3970242.50	-0.00000000	3970210.00	793924.375	-0.00000000	-1244418.50	0.00000000	-11909787.0	0.00000000	0.224907277E-2
   55.1600	-0.00000000	-4112452.25	-0.00000000	4112419.50	822362.000	-0.00000000	-1244418.50	0.00000000	-12336384.0	0.00000000	0.232963241E-2
   55.1700	-0.00000000	-4236110.00	-0.00000000	4236073.50	847089.562	-0.00000000	-1244418.50	0.00000000	-12707323.0	0.00000000	0.239968160E-2
   55.1800	-0.00000000	-4340957.00	-0.00000000	4340922.50	868056.125	-0.00000000	-1244418.50	0.00000000	-13021848.0	0.00000000	0.245907716E-2
   55.1900	-0.00000000	-4426933.00	-0.00000000	4426897.50	885248.688	-0.00000000	-1244418.50	0.00000000	-13279756.0	0.00000000	0.250778114E-2
   55.2000	-0.00000000	-4493915.00	-0.00000000	4493876.50	898641.875	-0.00000000	-1244418.50	0.00000000	-13480672.0	0.00000000	0.254572229E-2
   55.2100	-0.00000000	-4541952.00	-0.00000000	4541915.50	908248.875	-0.00000000	-1244418.50	0.00000000	-13624786.0	0.00000000	0.257293717E-2
   55.2200	-0.00000000	-4571109.50	-0.00000000	4571077.00	914080.438	-0.00000000	-1244418.50	0.00000000	-13712266.0	0.00000000	0.258945744E-2
   55.2300	-0.00000000	-4581586.50	-0.00000000	4581553.50	916174.812	-0.00000000	-1244418.50	0.00000000	-13743687.0	0.00000000	0.259539089E-2
   55.2400	-0.00000000	-4573602.50	-0.00000000	4573567.50	914578.312	-0.00000000	-1244418.50	0.00000000	-13719736.0	0.00000000	0.259086792E-2
   55.2500	-0.00000000	-4547474.00	-0.00000000	4547436.50	909352.562	-0.00000000	-1244418.50	0.00000000	-13641341.0	0.00000000	0.257606385E-2
   55.2600	-0.00000000	-4503567.50	-0.00000000	4503529.50	900572.812	-0.00000000	-1244418.50	0.00000000	-13509636.0	0.00000000	0.255119218E-2
   55.2700	-0.00000000	-4442362.50	-0.00000000	4442330.50	888334.750	-0.00000000	-1244418.50	0.00000000	-13326052.0	0.00000000	0.251652370E-2
   55.2800	-0.00000000	-4364330.00	-0.00000000	4364299.00	872731.062	-0.00000000	-1244418.50	0.00000000	-13091975.0	0.00000000	0.247232034E-2
   55.2900	-0.00000000	-4270104.50	-0.00000000	4270069.50	853887.875	-0.00000000	-1244418.50	0.00000000	-12809306.0	0.00000000	0.241894042E-2
   55.3000	-0.00000000	-4160234.00	-0.00000000	4160201.50	831916.812	-0.00000000	-1244418.50	0.00000000	-12479716.0	0.00000000	0.235669967E-2
   55.3100	-0.00000000	-4035484.00	-0.00000000	4035449.75	806971.125	-0.00000000	-1244418.50	0.00000000	-12105501.0	0.00000000	0.228603208E-2
   55.3200	-0.00000000	-3896497.75	-0.00000000	3896469.00	779178.562	-0.00000000	-1244418.50	0.00000000	-11688584.0	0.00000000	0.220730016E-2
   55.3300	-0.00000000	-3744162.25	-0.00000000	3744135.75	748716.188	-0.00000000	-1244418.50	0.00000000	-11231612.0	0.00000000	0.212100451E-2
   55.3400	-0.00000000	-3579182.25	-0.00000000	3579156.25	715725.500	-0.00000000	-1244418.50	0.00000000	-10736711.0	0.00000000	0.202754652E-2
   55.3500	-0.00000000	-3402480.50	-0.00000000	3402450.25	680389.438	-0.00000000	-1244418.50	0.00000000	-10206630.0	0.00000000	0.192744459E-2
   55.3600	-0.00000000	-3215014.00	-0.00000000	3214986.25	642902.375	-0.00000000	-1244418.50	0.00000000	-9644280.00	0.00000000	0.182124914E-2
   55.3700	-0.00000000	-3017571.50	-0.00000000	3017551.00	603420.688	-0.00000000	-1244418.50	0.00000000	-9052009.00	0.00000000	0.170940312E-2
   55.3800	-0.00000000	-2811260.00	-0.00000000	2811241.25	562164.625	-0.00000000	-1244418.50	0.00000000	-8433121.00	0.00000000	0.159253099E-2
   55.3900	-0.00000000	-2596892.75	-0.00000000	2596874.00	519297.844	-0.00000000	-1244418.50	0.00000000	-7790069.50	0.00000000	0.147109549E-2
   55.4000	-0.00000000	-2375622.50	-0.00000000	2375605.75	475050.719	-0.00000000	-1244418.50	0.00000000	-7126310.50	0.00000000	0.134574960E-2
   55.4100	-0.00000000	-2148284.50	-0.00000000	2148270.00	429590.344	-0.00000000	-1244418.50	0.00000000	-6444353.50	0.00000000	0.121696712E-2
   55.4200	-0.00000000	-1915978.50	-0.00000000	1915964.25	383135.938	-0.00000000	-1244418.50	0.00000000	-5747483.50	0.00000000	0.108536868E-2
   55.4300	-0.00000000	-1679807.88	-0.00000000	1679796.75	335909.344	-0.00000000	-1244418.50	0.00000000	-5039029.00	0.00000000	0.951582449E-3
   55.4400	-0.00000000	-1440611.75	-0.00000000	1440600.12	288077.562	-0.00000000	-1244418.50	0.00000000	-4321497.50	0.00000000	0.816082000E-3
   55.4500	-0.00000000	-1199584.12	-0.00000000	1199576.12	239879.719	-0.00000000	-1244418.50	0.00000000	-3598474.00	0.00000000	0.679544522E-3
   55.4600	-0.00000000	-957548.688	-0.00000000	957542.812	191480.062	-0.00000000	-1244418.50	0.00000000	-2872423.00	0.00000000	0.542435271E-3
   55.4700	-0.00000000	-715680.250	-0.00000000	715674.938	143113.781	-0.00000000	-1244418.50	0.00000000	-2146872.75	0.00000000	0.405420637E-3
   55.4800	-0.00000000	-474770.625	-0.00000000	474766.906	94939.3281	-0.00000000	-1244418.50	0.00000000	-1424200.12	0.00000000	0.268949370E-3
   55.4900	-0.00000000	-235960.484	-0.00000000	235958.594	47184.7148	-0.00000000	-1244418.50	0.00000000	-707825.375	0.00000000	0.133667461E-3
   55.5000	-0.00000000	-0.365141055E-7	-0.00000000	0.365138604E-7	0.730169081E-8	-0.00000000	-1244418.50	0.00000000	-0.109533836E-6	0.00000000	0.206846323E-16
   55.5100	-0.00000000	232111.203	-0.00000000	-232109.438	-46414.9844	-0.00000000	-1244418.50	0.00000000	696278.562	0.00000000	-0.131486930E-3
   55.5200	-0.00000000	459412.438	-0.00000000	-459408.719	-91868.1484	-0.00000000	-1244418.50	0.00000000	1378128.75	0.00000000	-0.260249159E-3
   55.5300	-0.00000000	681232.438	-0.00000000	-681227.562	-136225.375	-0.00000000	-1244418.50	0.00000000	2043538.62	0.00000000	-0.385906751E-3
   55.5400	-0.00000000	896599.062	-0.00000000	-896592.750	-179291.938	-0.00000000	-1244418.50	0.00000000	2689586.50	0.00000000	-0.507908000E-3
   55.5500	-0.00000000	1104906.75	-0.00000000	-1104898.62	-220947.078	-0.00000000	-1244418.50	0.00000000	3314461.50	0.00000000	-0.625910936E-3
   55.5600	-0.00000000	1305272.88	-0.00000000	-1305262.75	-261013.938	-0.00000000	-1244418.50	0.00000000	3915511.25	0.00000000	-0.739414594E-3
   55.5700	-0.00000000	1497168.00	-0.00000000	-1497157.12	-299387.031	-0.00000000	-1244418.50	0.00000000	4491153.00	0.00000000	-0.848120078E-3
   55.5800	-0.00000000	1679810.25	-0.00000000	-1679796.88	-335909.688	-0.00000000	-1244418.50	0.00000000	5039034.00	0.00000000	-0.951583381E-3
   55.5900	-0.00000000	1852753.12	-0.00000000	-1852737.12	-370492.656	-0.00000000	-1244418.50	0.00000000	5557820.50	0.00000000	-0.104955211E-2
   55.6000	-0.00000000	2015381.88	-0.00000000	-2015364.88	-403013.469	-0.00000000	-1244418.50	0.00000000	6045670.50	0.00000000	-0.114167889E-2
   55.6100	-0.00000000	2167159.75	-0.00000000	-2167142.00	-433364.094	-0.00000000	-1244418.50	0.00000000	6500964.00	0.00000000	-0.122765778E-2
   55.6200	-0.00000000	2307758.75	-0.00000000	-2307743.00	-461480.250	-0.00000000	-1244418.50	0.00000000	6922739.50	0.00000000	-0.130730681E-2
   55.6300	-0.00000000	2436704.00	-0.00000000	-2436682.75	-487264.438	-0.00000000	-1244418.50	0.00000000	7309531.00	0.00000000	-0.138034951E-2
   55.6400	-0.00000000	2553748.25	-0.00000000	-2553731.00	-510670.625	-0.00000000	-1244418.50	0.00000000	7660652.00	0.00000000	-0.144665595E-2
   55.6500	-0.00000000	2658544.25	-0.00000000	-2658523.50	-531626.062	-0.00000000	-1244418.50	0.00000000	7975007.50	0.00000000	-0.150601962E-2
   55.6600	-0.00000000	2750943.50	-0.00000000	-2750923.25	-550103.312	-0.00000000	-1244418.50	0.00000000	8252187.50	0.00000000	-0.155836286E-2
   55.6700	-0.00000000	2830744.75	-0.00000000	-2830721.50	-566060.312	-0.00000000	-1244418.50	0.00000000	8491561.00	0.00000000	-0.160356681E-2
   55.6800	-0.00000000	2897805.25	-0.00000000	-2897785.00	-579471.188	-0.00000000	-1244418.50	0.00000000	8692739.00	0.00000000	-0.164155778E-2
   55.6900	-0.00000000	2952128.75	-0.00000000	-2952109.75	-590334.125	-0.00000000	-1244418.50	0.00000000	8855696.00	0.00000000	-0.167233101E-2
   55.7000	-0.00000000	2993670.50	-0.00000000	-2993646.00	-598640.625	-0.00000000	-1244418.50	0.00000000	8980305.00	0.00000000	-0.169586227E-2
   55.7100	-0.00000000	3022505.00	-0.00000000	-3022481.75	-604406.750	-0.00000000	-1244418.50	0.00000000	9066802.00	0.00000000	-0.171219674E-2
   55.7200	-0.00000000	3038715.50	-0.00000000	-3038690.50	-607648.125	-0.00000000	-1244418.50	0.00000000	9115426.00	0.00000000	-0.172137900E-2
   55.7300	-0.00000000	3042464.25	-0.00000000	-3042436.25	-608397.438	-0.00000000	-1244418.50	0.00000000	9126666.00	0.00000000	-0.172350160E-2
   55.7400	-0.00000000	3033940.25	-0.00000000	-3033916.00	-606693.438	-0.00000000	-1244418.50	0.00000000	9101105.00	0.00000000	-0.171867455E-2
   55.7500	-0.00000000	3013393.25	-0.00000000	-3013370.25	-602584.688	-0.00000000	-1244418.50	0.00000000	9039468.00	0.00000000	-0.170703500E-2
   55.7600	-0.00000000	2981105.25	-0.00000000	-2981086.25	-596128.688	-0.00000000	-1244418.50	0.00000000	8942622.00	0.00000000	-0.168874627E-2
   55.7700	-0.00000000	2937442.00	-0.00000000	-2937418.25	-587397.000	-0.00000000	-1244418.50	0.00000000	8811636.00	0.00000000	-0.166401058E-2
   55.7800	-0.00000000	2882736.75	-0.00000000	-2882710.50	-576457.188	-0.00000000	-1244418.50	0.00000000	8647526.00	0.00000000	-0.163301965E-2
   55.7900	-0.00000000	2817441.50	-0.00000000	-2817421.75	-563400.688	-0.00000000	-1244418.50	0.00000000	8451663.00	0.00000000	-0.159603241E-2
   55.8000	-0.00000000	2741963.75	-0.00000000	-2741942.00	-548307.438	-0.00000000	-1244418.50	0.00000000	8225246.50	0.00000000	-0.155327539E-2
   55.8100	-0.00000000	2656840.75	-0.00000000	-2656822.00	-531285.688	-0.00000000	-1244418.50	0.00000000	7969901.50	0.00000000	-0.150505535E-2
   55.8200	-0.00000000	2562526.75	-0.00000000	-2562509.00	-512425.688	-0.00000000	-1244418.50	0.00000000	7686979.50	0.00000000	-0.145162770E-2
   55.8300	-0.00000000	2459633.50	-0.00000000	-2459616.00	-491850.312	-0.00000000	-1244418.50	0.00000000	7378325.00	0.00000000	-0.139334076E-2
   55.8400	-0.00000000	2348657.25	-0.00000000	-2348637.25	-469658.281	-0.00000000	-1244418.50	0.00000000	7045419.00	0.00000000	-0.133047393E-2
   55.8500	-0.00000000	2230223.50	-0.00000000	-2230204.75	-445975.312	-0.00000000	-1244418.50	0.00000000	6690145.50	0.00000000	-0.126338319E-2
   55.8600	-0.00000000	2104996.25	-0.00000000	-2104982.00	-420933.969	-0.00000000	-1244418.50	0.00000000	6314499.00	0.00000000	-0.119244517E-2
   55.8700	-0.00000000	1973513.00	-0.00000000	-1973500.25	-394641.469	-0.00000000	-1244418.50	0.00000000	5920080.00	0.00000000	-0.111796218E-2
   55.8800	-0.00000000	1836519.00	-0.00000000	-1836505.62	-367246.688	-0.00000000	-1244418.50	0.00000000	5509126.00	0.00000000	-0.104035658E-2
   55.8900	-0.00000000	1694563.25	-0.00000000	-1694551.00	-338859.938	-0.00000000	-1244418.50	0.00000000	5083291.50	0.00000000	-0.959941011E-3
   55.9000	-0.00000000	1548420.00	-0.00000000	-1548407.62	-309635.781	-0.00000000	-1244418.50	0.00000000	4644896.00	0.00000000	-0.877153303E-3
   55.9100	-0.00000000	1398648.88	-0.00000000	-1398638.00	-279686.125	-0.00000000	-1244418.50	0.00000000	4195616.50	0.00000000	-0.792310282E-3
   55.9200	-0.00000000	1245978.75	-0.00000000	-1245967.50	-249156.641	-0.00000000	-1244418.50	0.00000000	3737638.25	0.00000000	-0.705824641E-3
   55.9300	-0.00000000	1091138.50	-0.00000000	-1091130.88	-218193.938	-0.00000000	-1244418.50	0.00000000	3273161.50	0.00000000	-0.618111750E-3
   55.9400	-0.00000000	934686.812	-0.00000000	-934679.938	-186908.406	-0.00000000	-1244418.50	0.00000000	2803842.75	0.00000000	-0.529484416E-3
   55.9500	-0.00000000	777404.750	-0.00000000	-777399.375	-155456.797	-0.00000000	-1244418.50	0.00000000	2332032.25	0.00000000	-0.440386590E-3
   55.9600	-0.00000000	619828.625	-0.00000000	-619823.938	-123946.438	-0.00000000	-1244418.50	0.00000000	1859340.25	0.00000000	-0.351122289E-3
   55.9700	-0.00000000	462723.875	-0.00000000	-462720.562	-92530.3672	-0.00000000	-1244418.50	0.00000000	1388063.00	0.00000000	-0.262125133E-3
   55.9800	-0.00000000	306603.188	-0.00000000	-306600.719	-61311.0859	-0.00000000	-1244418.50	0.00000000	919737.375	0.00000000	-0.173685417E-3
   55.9900	-0.00000000	152201.781	-0.00000000	-152200.594	-30435.6172	-0.00000000	-1244418.50	0.00000000	456569.531	0.00000000	-0.862196903E-4
   56.0000	-0.00000000	-0.188293985E-7	-0.00000000	0.188292599E-7	0.376529474E-8	-0.00000000	-1244418.50	0.00000000	-0.564837883E-7	0.00000000	0.106665345E-16
   56.0100	-0.00000000	-149363.688	-0.00000000	149362.500	29868.0879	-0.00000000	-1244418.50	0.00000000	-448055.969	0.00000000	0.846119729E-4
   56.0200	-0.00000000	-295279.250	-0.00000000	295276.938	59046.6680	-0.00000000	-1244418.50	0.00000000	-885768.438	0.00000000	0.167270642E-3
   56.0300	-0.00000000	-437325.438	-0.00000000	437322.125	87451.4609	-0.00000000	-1244418.50	0.00000000	-1311873.12	0.00000000	0.247737276E-3
   56.0400	-0.00000000	-574888.562	-0.00000000	574884.125	114959.828	-0.00000000	-1244418.50	0.00000000	-1724530.75	0.00000000	0.325664529E-3
   56.0500	-0.00000000	-707596.750	-0.00000000	707590.375	141497.109	-0.00000000	-1244418.50	0.00000000	-2122620.50	0.00000000	0.400840770E-3
   56.0600	-0.00000000	-834895.125	-0.00000000	834889.688	166953.219	-0.00000000	-1244418.50	0.00000000	-2504491.75	0.00000000	0.472954271E-3
   56.0700	-0.00000000	-956469.938	-0.00000000	956461.750	191264.031	-0.00000000	-1244418.50	0.00000000	-2869182.25	0.00000000	0.541823276E-3
   56.0800	-0.00000000	-1071834.00	-0.00000000	1071825.00	214333.438	-0.00000000	-1244418.50	0.00000000	-3215249.50	0.00000000	0.607175461E-3
   56.0900	-0.00000000	-1180725.00	-0.00000000	1180716.50	236108.344	-0.00000000	-1244418.50	0.00000000	-3541899.00	0.00000000	0.668860739E-3
   56.1000	-0.00000000	-1282777.12	-0.00000000	1282766.62	256515.312	-0.00000000	-1244418.50	0.00000000	-3848027.00	0.00000000	0.726670725E-3
   56.1100	-0.00000000	-1377666.50	-0.00000000	1377655.50	275490.344	-0.00000000	-1244418.50	0.00000000	-4132675.00	0.00000000	0.780424278E-3
   56.1200	-0.00000000	-1465214.38	-0.00000000	1465203.12	292997.344	-0.00000000	-1244418.50	0.00000000	-4395300.00	0.00000000	0.830018951E-3
   56.1300	-0.00000000	-1545140.38	-0.00000000	1545127.75	308979.719	-0.00000000	-1244418.50	0.00000000	-4635054.50	0.00000000	0.875294791E-3
   56.1400	-0.00000000	-1617318.75	-0.00000000	1617306.62	323413.562	-0.00000000	-1244418.50	0.00000000	-4851578.50	0.00000000	0.916183752E-3
   56.1500	-0.00000000	-1681554.62	-0.00000000	1681542.75	336258.625	-0.00000000	-1244418.50	0.00000000	-5044268.50	0.00000000	0.952571863E-3
   56.1600	-0.00000000	-1737785.25	-0.00000000	1737773.25	347502.969	-0.00000000	-1244418.50	0.00000000	-5212946.50	0.00000000	0.984425424E-3
   56.1700	-0.00000000	-1785908.12	-0.00000000	1785893.62	357125.875	-0.00000000	-1244418.50	0.00000000	-5357302.50	0.00000000	0.101168593E-2
   56.1800	-0.00000000	-1825871.12	-0.00000000	1825858.00	365117.469	-0.00000000	-1244418.50	0.00000000	-5477185.50	0.00000000	0.103432487E-2
   56.1900	-0.00000000	-1857699.38	-0.00000000	1857687.00	371482.250	-0.00000000	-1244418.50	0.00000000	-5572663.50	0.00000000	0.105235528E-2
   56.2000	-0.00000000	-1881397.62	-0.00000000	1881383.88	376221.250	-0.00000000	-1244418.50	0.00000000	-5643754.50	0.00000000	0.106578029E-2
   56.2100	-0.00000000	-1897047.38	-0.00000000	1897032.38	379350.344	-0.00000000	-1244418.50	0.00000000	-5690695.50	0.00000000	0.107464462E-2
   56.2200	-0.00000000	-1904727.88	-0.00000000	1904712.75	380886.031	-0.00000000	-1244418.50	0.00000000	-5713730.50	0.00000000	0.107899471E-2
   56.2300	-0.00000000	-1904569.75	-0.00000000	1904554.00	380854.375	-0.00000000	-1244418.50	0.00000000	-5713256.50	0.00000000	0.107890519E-2
   56.2400	-0.00000000	-1896725.88	-0.00000000	1896711.38	379286.281	-0.00000000	-1244418.50	0.00000000	-5689734.50	0.00000000	0.107446313E-2
   56.2500	-0.00000000	-1881381.25	-0.00000000	1881366.75	376217.750	-0.00000000	-1244418.50	0.00000000	-5643702.50	0.00000000	0.106577040E-2
   56.2600	-0.00000000	-1858743.62	-0.00000000	1858730.12	371690.906	-0.00000000	-1244418.50	0.00000000	-5575794.00	0.00000000	0.105294643E-2
   56.2700	-0.00000000	-1829066.25	-0.00000000	1829051.62	365756.188	-0.00000000	-1244418.50	0.00000000	-5486767.00	0.00000000	0.103613432E-2
   56.2800	-0.00000000	-1792584.62	-0.00000000	1792570.62	358461.156	-0.00000000	-1244418.50	0.00000000	-5377333.00	0.00000000	0.101546850E-2
   56.2900	-0.00000000	-1749615.50	-0.00000000	1749602.50	349868.625	-0.00000000	-1244418.50	0.00000000	-5248435.00	0.00000000	0.991127104E-3
   56.3000	-0.00000000	-1700431.62	-0.00000000	1700417.62	340033.156	-0.00000000	-1244418.50	0.00000000	-5100892.00	0.00000000	0.963264669E-3
   56.3100	-0.00000000	-1645394.88	-0.00000000	1645379.38	329027.438	-0.00000000	-1244418.50	0.00000000	-4935793.50	0.00000000	0.932087132E-3
   56.3200	-0.00000000	-1584804.38	-0.00000000	1584794.88	316912.031	-0.00000000	-1244418.50	0.00000000	-4754048.50	0.00000000	0.897765975E-3
   56.3300	-0.00000000	-1519076.00	-0.00000000	1519064.88	303768.000	-0.00000000	-1244418.50	0.00000000	-4556872.50	0.00000000	0.860530767E-3
   56.3400	-0.00000000	-1448528.12	-0.00000000	1448516.25	289660.344	-0.00000000	-1244418.50	0.00000000	-4345241.50	0.00000000	0.820565852E-3
   56.3500	-0.00000000	-1373568.38	-0.00000000	1373558.62	274671.062	-0.00000000	-1244418.50	0.00000000	-4120384.75	0.00000000	0.778103364E-3
   56.3600	-0.00000000	-1294632.25	-0.00000000	1294622.25	258886.078	-0.00000000	-1244418.50	0.00000000	-3883591.00	0.00000000	0.733386667E-3
   56.3700	-0.00000000	-1212060.25	-0.00000000	1212049.88	242374.250	-0.00000000	-1244418.50	0.00000000	-3635895.25	0.00000000	0.686611224E-3
   56.3800	-0.00000000	-1126329.88	-0.00000000	1126321.00	225230.938	-0.00000000	-1244418.50	0.00000000	-3378725.00	0.00000000	0.638046593E-3
   56.3900	-0.00000000	-1037794.38	-0.00000000	1037785.62	207526.500	-0.00000000	-1244418.50	0.00000000	-3113138.25	0.00000000	0.587892544E-3
   56.4000	-0.00000000	-946940.188	-0.00000000	946932.438	189358.531	-0.00000000	-1244418.50	0.00000000	-2840597.50	0.00000000	0.536425272E-3
   56.4100	-0.00000000	-854121.812	-0.00000000	854114.250	170797.609	-0.00000000	-1244418.50	0.00000000	-2562162.00	0.00000000	0.483844866E-3
   56.4200	-0.00000000	-759792.375	-0.00000000	759786.500	151934.797	-0.00000000	-1244418.50	0.00000000	-2279198.25	0.00000000	0.430409273E-3
   56.4300	-0.00000000	-664409.250	-0.00000000	664404.688	132861.312	-0.00000000	-1244418.50	0.00000000	-1993073.88	0.00000000	0.376376847E-3
   56.4400	-0.00000000	-568316.812	-0.00000000	568311.812	113645.555	-0.00000000	-1244418.50	0.00000000	-1704815.12	0.00000000	0.321941392E-3
   56.4500	-0.00000000	-471993.469	-0.00000000	471989.688	94383.9453	-0.00000000	-1244418.50	0.00000000	-1415868.75	0.00000000	0.267376075E-3
   56.4600	-0.00000000	-375769.688	-0.00000000	375766.531	75142.1953	-0.00000000	-1244418.50	0.00000000	-1127220.12	0.00000000	0.212866958E-3
   56.4700	-0.00000000	-280111.219	-0.00000000	280108.750	56013.4766	-0.00000000	-1244418.50	0.00000000	-840267.250	0.00000000	0.158678085E-3
   56.4800	-0.00000000	-185327.312	-0.00000000	185326.156	37059.7227	-0.00000000	-1244418.50	0.00000000	-555938.750	0.00000000	0.104984822E-3
   56.4900	-0.00000000	-91861.7578	-0.00000000	91861.1250	18369.4980	-0.00000000	-1244418.50	0.00000000	-275563.781	0.00000000	0.520381254E-4
   56.5000	-0.00000000	-0.425083035E-8	-0.00000000	0.425080104E-8	0.850034543E-9	-0.00000000	-1244418.50	0.00000000	-0.127515003E-7	0.00000000	0.240802409E-17
   56.5100	-0.00000000	89877.9609	-0.00000000	-89877.3750	-17972.8047	-0.00000000	-1244418.50	0.00000000	269612.906	0.00000000	-0.509143501E-4
   56.5200	-0.00000000	177412.141	-0.00000000	-177410.781	-35476.9102	-0.00000000	-1244418.50	0.00000000	532194.812	0.00000000	-0.100500947E-3
   56.5300	-0.00000000	262357.281	-0.00000000	-262355.469	-52463.3164	-0.00000000	-1244418.50	0.00000000	787010.500	0.00000000	-0.148620966E-3
   56.5400	-0.00000000	344355.719	-0.00000000	-344353.438	-68860.4844	-0.00000000	-1244418.50	0.00000000	1032987.19	0.00000000	-0.195071771E-3
   56.5500	-0.00000000	423195.000	-0.00000000	-423192.000	-84625.8438	-0.00000000	-1244418.50	0.00000000	1269485.75	0.00000000	-0.239732733E-3
   56.5600	-0.00000000	498558.625	-0.00000000	-498554.656	-99696.1875	-0.00000000	-1244418.50	0.00000000	1495558.50	0.00000000	-0.282424851E-3
   56.5700	-0.00000000	570268.500	-0.00000000	-570264.375	-114035.898	-0.00000000	-1244418.50	0.00000000	1710671.00	0.00000000	-0.323047221E-3
   56.5800	-0.00000000	638053.125	-0.00000000	-638048.500	-127590.836	-0.00000000	-1244418.50	0.00000000	1914010.38	0.00000000	-0.361446320E-3
   56.5900	-0.00000000	701772.562	-0.00000000	-701766.750	-140332.594	-0.00000000	-1244418.50	0.00000000	2105151.25	0.00000000	-0.397541880E-3
   56.6000	-0.00000000	761222.875	-0.00000000	-761217.312	-152220.953	-0.00000000	-1244418.50	0.00000000	2283490.50	0.00000000	-0.431219843E-3
   56.6100	-0.00000000	816235.625	-0.00000000	-816228.875	-163221.766	-0.00000000	-1244418.50	0.00000000	2448515.50	0.00000000	-0.462383585E-3
   56.6200	-0.00000000	866721.688	-0.00000000	-866715.000	-173317.359	-0.00000000	-1244418.50	0.00000000	2599961.25	0.00000000	-0.490982959E-3
   56.6300	-0.00000000	912534.375	-0.00000000	-912527.812	-182478.469	-0.00000000	-1244418.50	0.00000000	2737388.75	0.00000000	-0.516935077E-3
   56.6400	-0.00000000	953623.875	-0.00000000	-953615.250	-190694.969	-0.00000000	-1244418.50	0.00000000	2860645.75	0.00000000	-0.540211273E-3
   56.6500	-0.00000000	989892.438	-0.00000000	-989884.875	-197947.641	-0.00000000	-1244418.50	0.00000000	2969444.00	0.00000000	-0.560757006E-3
   56.6600	-0.00000000	1021328.06	-0.00000000	-1021319.44	-204233.641	-0.00000000	-1244418.50	0.00000000	3063741.00	0.00000000	-0.578564242E-3
   56.6700	-0.00000000	1047890.06	-0.00000000	-1047882.12	-209545.438	-0.00000000	-1244418.50	0.00000000	3143424.50	0.00000000	-0.593611854E-3
   56.6800	-0.00000000	1069576.12	-0.00000000	-1069568.38	-213881.906	-0.00000000	-1244418.50	0.00000000	3208476.25	0.00000000	-0.605896406E-3
   56.6900	-0.00000000	1086418.25	-0.00000000	-1086410.88	-217250.000	-0.00000000	-1244418.50	0.00000000	3259002.25	0.00000000	-0.615437806E-3
   56.7000	-0.00000000	1098447.25	-0.00000000	-1098439.25	-219655.375	-0.00000000	-1244418.50	0.00000000	3295085.50	0.00000000	-0.622251886E-3
   56.7100	-0.00000000	1105729.88	-0.00000000	-1105722.62	-221111.703	-0.00000000	-1244418.50	0.00000000	3316931.75	0.00000000	-0.626377412E-3
   56.7200	-0.00000000	1108339.12	-0.00000000	-1108331.38	-221633.328	-0.00000000	-1244418.50	0.00000000	3324757.00	0.00000000	-0.627855130E-3
   56.7300	-0.00000000	1106371.25	-0.00000000	-1106364.38	-221240.062	-0.00000000	-1244418.50	0.00000000	3318857.50	0.00000000	-0.626741035E-3
   56.7400	-0.00000000	1099942.62	-0.00000000	-1099935.25	-219954.547	-0.00000000	-1244418.50	0.00000000	3299573.50	0.00000000	-0.623099389E-3
   56.7500	-0.00000000	1089178.88	-0.00000000	-1089170.62	-217801.891	-0.00000000	-1244418.50	0.00000000	3267281.50	0.00000000	-0.617001264E-3
   56.7600	-0.00000000	1074222.75	-0.00000000	-1074215.00	-214811.156	-0.00000000	-1244418.50	0.00000000	3222416.75	0.00000000	-0.608528906E-3
   56.7700	-0.00000000	1055243.38	-0.00000000	-1055236.25	-211015.938	-0.00000000	-1244418.50	0.00000000	3165483.50	0.00000000	-0.597777544E-3
   56.7800	-0.00000000	1032399.50	-0.00000000	-1032391.56	-206447.656	-0.00000000	-1244418.50	0.00000000	3096954.00	0.00000000	-0.584836293E-3
   56.7900	-0.00000000	1005890.56	-0.00000000	-1005883.50	-201146.781	-0.00000000	-1244418.50	0.00000000	3017435.00	0.00000000	-0.569819706E-3
   56.8000	-0.00000000	975894.312	-0.00000000	-975886.562	-195148.484	-0.00000000	-1244418.50	0.00000000	2927453.50	0.00000000	-0.552827376E-3
   56.8100	-0.00000000	942638.438	-0.00000000	-942631.812	-188498.484	-0.00000000	-1244418.50	0.00000000	2827695.75	0.00000000	-0.533988874E-3
   56.8200	-0.00000000	906314.750	-0.00000000	-906308.625	-181234.891	-0.00000000	-1244418.50	0.00000000	2718733.25	0.00000000	-0.513412175E-3
   56.8300	-0.00000000	867173.938	-0.00000000	-867166.688	-173407.594	-0.00000000	-1244418.50	0.00000000	2601315.00	0.00000000	-0.491238607E-3
   56.8400	-0.00000000	825413.000	-0.00000000	-825406.438	-165056.906	-0.00000000	-1244418.50	0.00000000	2476045.00	0.00000000	-0.467582286E-3
   56.8500	-0.00000000	781284.500	-0.00000000	-781278.500	-156232.562	-0.00000000	-1244418.50	0.00000000	2343669.75	0.00000000	-0.442584249E-3
   56.8600	-0.00000000	735046.438	-0.00000000	-735041.438	-146986.406	-0.00000000	-1244418.50	0.00000000	2204966.50	0.00000000	-0.416391209E-3
   56.8700	-0.00000000	686906.938	-0.00000000	-686901.625	-137359.953	-0.00000000	-1244418.50	0.00000000	2060558.75	0.00000000	-0.389120891E-3
   56.8800	-0.00000000	637147.188	-0.00000000	-637143.000	-127409.719	-0.00000000	-1244418.50	0.00000000	1911293.50	0.00000000	-0.360933278E-3
   56.8900	-0.00000000	585978.438	-0.00000000	-585974.125	-117177.461	-0.00000000	-1244418.50	0.00000000	1757797.62	0.00000000	-0.331946736E-3
   56.9000	-0.00000000	533684.688	-0.00000000	-533680.188	-106720.305	-0.00000000	-1244418.50	0.00000000	1600928.25	0.00000000	-0.302323140E-3
   56.9100	-0.00000000	480472.188	-0.00000000	-480468.344	-96079.4609	-0.00000000	-1244418.50	0.00000000	1441303.38	0.00000000	-0.272179197E-3
   56.9200	-0.00000000	426604.688	-0.00000000	-426601.500	-85307.6562	-0.00000000	-1244418.50	0.00000000	1279713.75	0.00000000	-0.241664224E-3
   56.9300	-0.00000000	372344.156	-0.00000000	-372341.469	-74457.2344	-0.00000000	-1244418.50	0.00000000	1116944.75	0.00000000	-0.210926533E-3
   56.9400	-0.00000000	317885.625	-0.00000000	-317883.031	-63567.2031	-0.00000000	-1244418.50	0.00000000	953581.812	0.00000000	-0.180076691E-3
   56.9500	-0.00000000	263502.000	-0.00000000	-263500.406	-52692.2461	-0.00000000	-1244418.50	0.00000000	790444.750	0.00000000	-0.149269501E-3
   56.9600	-0.00000000	209378.719	-0.00000000	-209377.125	-41869.2461	-0.00000000	-1244418.50	0.00000000	628087.250	0.00000000	-0.118609503E-3
   56.9700	-0.00000000	155775.797	-0.00000000	-155774.500	-31150.2793	-0.00000000	-1244418.50	0.00000000	467290.312	0.00000000	-0.882442255E-4
   56.9800	-0.00000000	102863.578	-0.00000000	-102862.883	-20569.5254	-0.00000000	-1244418.50	0.00000000	308566.750	0.00000000	-0.582704852E-4
   56.9900	-0.00000000	50886.8203	-0.00000000	-50886.4062	-10175.7764	-0.00000000	-1244418.50	0.00000000	152648.438	0.00000000	-0.288265001E-4
   57.0000	-0.00000000	0.109737543E-7	-0.00000000	-0.109736709E-7	-0.219440777E-8	-0.00000000	-1244418.50	0.00000000	0.329186669E-7	0.00000000	-0.621644015E-17
   57.0100	-0.00000000	-49591.0664	-0.00000000	49590.6797	9916.67578	-0.00000000	-1244418.50	0.00000000	-148761.625	0.00000000	0.280925033E-4
   57.0200	-0.00000000	-97693.6484	-0.00000000	97692.9219	19535.6973	-0.00000000	-1244418.50	0.00000000	-293058.062	0.00000000	0.553417922E-4
   57.0300	-0.00000000	-144179.516	-0.00000000	144178.406	28831.4180	-0.00000000	-1244418.50	0.00000000	-432504.719	0.00000000	0.816752363E-4
   57.0400	-0.00000000	-188860.000	-0.00000000	188858.688	37766.1406	-0.00000000	-1244418.50	0.00000000	-566535.875	0.00000000	0.106985994E-3
   57.0500	-0.00000000	-231627.281	-0.00000000	231625.359	46318.2422	-0.00000000	-1244418.50	0.00000000	-694827.438	0.00000000	0.131212888E-3
   57.0600	-0.00000000	-272318.188	-0.00000000	272316.219	54455.1875	-0.00000000	-1244418.50	0.00000000	-816891.000	0.00000000	0.154263646E-3
   57.0700	-0.00000000	-310846.531	-0.00000000	310844.094	62159.6016	-0.00000000	-1244418.50	0.00000000	-932466.000	0.00000000	0.176089132E-3
   57.0800	-0.00000000	-347075.500	-0.00000000	347073.219	69404.3516	-0.00000000	-1244418.50	0.00000000	-1041145.75	0.00000000	0.196612469E-3
   57.0900	-0.00000000	-380941.750	-0.00000000	380938.562	76176.4219	-0.00000000	-1244418.50	0.00000000	-1142734.88	0.00000000	0.215796783E-3
   57.1000	-0.00000000	-412347.438	-0.00000000	412344.438	82456.6562	-0.00000000	-1244418.50	0.00000000	-1236945.62	0.00000000	0.233587780E-3
   57.1100	-0.00000000	-441215.688	-0.00000000	441212.906	88229.4219	-0.00000000	-1244418.50	0.00000000	-1323543.62	0.00000000	0.249941164E-3
   57.1200	-0.00000000	-467511.906	-0.00000000	467508.625	93487.8750	-0.00000000	-1244418.50	0.00000000	-1402426.75	0.00000000	0.264837639E-3
   57.1300	-0.00000000	-491174.000	-0.00000000	491170.219	98219.4609	-0.00000000	-1244418.50	0.00000000	-1473405.88	0.00000000	0.278241525E-3
   57.1400	-0.00000000	-512187.375	-0.00000000	512183.906	102421.625	-0.00000000	-1244418.50	0.00000000	-1536443.00	0.00000000	0.290145603E-3
   57.1500	-0.00000000	-530519.125	-0.00000000	530515.438	106087.375	-0.00000000	-1244418.50	0.00000000	-1591433.38	0.00000000	0.300530111E-3
   57.1600	-0.00000000	-546176.125	-0.00000000	546172.125	109218.250	-0.00000000	-1244418.50	0.00000000	-1638400.25	0.00000000	0.309399475E-3
   57.1700	-0.00000000	-559155.875	-0.00000000	559151.312	111813.688	-0.00000000	-1244418.50	0.00000000	-1677335.00	0.00000000	0.316751975E-3
   57.1800	-0.00000000	-569471.000	-0.00000000	569466.750	113876.430	-0.00000000	-1244418.50	0.00000000	-1708278.50	0.00000000	0.322595442E-3
   57.1900	-0.00000000	-577156.375	-0.00000000	577152.125	115413.391	-0.00000000	-1244418.50	0.00000000	-1731334.75	0.00000000	0.326949434E-3
   57.2000	-0.00000000	-582246.312	-0.00000000	582242.125	116431.148	-0.00000000	-1244418.50	0.00000000	-1746602.25	0.00000000	0.329832576E-3
   57.2100	-0.00000000	-584791.125	-0.00000000	584786.375	116940.055	-0.00000000	-1244418.50	0.00000000	-1754236.25	0.00000000	0.331274205E-3
   57.2200	-0.00000000	-584848.062	-0.00000000	584842.625	116951.305	-0.00000000	-1244418.50	0.00000000	-1754405.12	0.00000000	0.331306102E-3
   57.2300	-0.00000000	-582482.750	-0.00000000	582478.250	116478.398	-0.00000000	-1244418.50	0.00000000	-1747311.25	0.00000000	0.329966453E-3
   57.2400	-0.00000000	-577774.188	-0.00000000	577769.375	115536.789	-0.00000000	-1244418.50	0.00000000	-1733185.88	0.00000000	0.327299000E-3
   57.2500	-0.00000000	-570801.938	-0.00000000	570797.438	114142.633	-0.00000000	-1244418.50	0.00000000	-1712271.88	0.00000000	0.323349552E-3
   57.2600	-0.00000000	-561659.688	-0.00000000	561654.812	112314.375	-0.00000000	-1244418.50	0.00000000	-1684846.12	0.00000000	0.318170380E-3
   57.2700	-0.00000000	-550449.438	-0.00000000	550445.625	110072.758	-0.00000000	-1244418.50	0.00000000	-1651219.38	0.00000000	0.311820215E-3
   57.2800	-0.00000000	-537267.688	-0.00000000	537264.438	107436.922	-0.00000000	-1244418.50	0.00000000	-1611678.62	0.00000000	0.304353278E-3
   57.2900	-0.00000000	-522236.750	-0.00000000	522232.156	104431.031	-0.00000000	-1244418.50	0.00000000	-1566586.38	0.00000000	0.295837963E-3
   57.3000	-0.00000000	-505457.688	-0.00000000	505454.062	101075.805	-0.00000000	-1244418.50	0.00000000	-1516254.12	0.00000000	0.286333088E-3
   57.3100	-0.00000000	-487064.469	-0.00000000	487061.031	97397.7734	-0.00000000	-1244418.50	0.00000000	-1461079.62	0.00000000	0.275913771E-3
   57.3200	-0.00000000	-467166.844	-0.00000000	467163.750	93418.8828	-0.00000000	-1244418.50	0.00000000	-1401391.75	0.00000000	0.264642178E-3
   57.3300	-0.00000000	-445906.531	-0.00000000	445902.969	89167.4219	-0.00000000	-1244418.50	0.00000000	-1337614.88	0.00000000	0.252598402E-3
   57.3400	-0.00000000	-423396.375	-0.00000000	423393.281	84666.0781	-0.00000000	-1244418.50	0.00000000	-1270089.38	0.00000000	0.239846733E-3
   57.3500	-0.00000000	-399775.031	-0.00000000	399772.094	79942.5234	-0.00000000	-1244418.50	0.00000000	-1199230.75	0.00000000	0.226465621E-3
   57.3600	-0.00000000	-375184.719	-0.00000000	375181.500	75025.2031	-0.00000000	-1244418.50	0.00000000	-1125465.25	0.00000000	0.212535568E-3
   57.3700	-0.00000000	-349738.781	-0.00000000	349736.438	69936.8672	-0.00000000	-1244418.50	0.00000000	-1049134.25	0.00000000	0.198121023E-3
   57.3800	-0.00000000	-323590.156	-0.00000000	323587.812	64707.9453	-0.00000000	-1244418.50	0.00000000	-970694.312	0.00000000	0.183308250E-3
   57.3900	-0.00000000	-296850.406	-0.00000000	296848.375	59360.8867	-0.00000000	-1244418.50	0.00000000	-890482.000	0.00000000	0.168160768E-3
   57.4000	-0.00000000	-269671.312	-0.00000000	269669.438	53925.9023	-0.00000000	-1244418.50	0.00000000	-808950.812	0.00000000	0.152764231E-3
   57.4100	-0.00000000	-242160.984	-0.00000000	242159.281	48424.6836	-0.00000000	-1244418.50	0.00000000	-726426.438	0.00000000	0.137180119E-3
   57.4200	-0.00000000	-214457.125	-0.00000000	214455.562	42884.7305	-0.00000000	-1244418.50	0.00000000	-643320.688	0.00000000	0.121486228E-3
   57.4300	-0.00000000	-186693.859	-0.00000000	186692.250	37332.9609	-0.00000000	-1244418.50	0.00000000	-560037.625	0.00000000	0.105758852E-3
   57.4400	-0.00000000	-158971.484	-0.00000000	158970.188	31789.3301	-0.00000000	-1244418.50	0.00000000	-476876.812	0.00000000	0.900545638E-4
   57.4500	-0.00000000	-131427.906	-0.00000000	131426.859	26281.4980	-0.00000000	-1244418.50	0.00000000	-394252.938	0.00000000	0.744516728E-4
   57.4600	-0.00000000	-104155.539	-0.00000000	104154.805	20827.8887	-0.00000000	-1244418.50	0.00000000	-312442.469	0.00000000	0.590023847E-4
   57.4700	-0.00000000	-77283.8906	-0.00000000	77283.2422	15454.3574	-0.00000000	-1244418.50	0.00000000	-231833.297	0.00000000	0.437799572E-4
   57.4800	-0.00000000	-50895.7227	-0.00000000	50895.3164	10177.5596	-0.00000000	-1244418.50	0.00000000	-152675.172	0.00000000	0.288315496E-4
   57.4900	-0.00000000	-25110.0293	-0.00000000	25109.8320	5021.22412	-0.00000000	-1244418.50	0.00000000	-75324.1797	0.00000000	0.142243998E-4
   57.5000	-0.00000000	0.154410029E-8	-0.00000000	-0.154408875E-8	-0.308771952E-9	-0.00000000	-1244418.50	0.00000000	0.463193706E-8	0.00000000	-0.874706171E-18
   57.5100	-0.00000000	24336.8340	-0.00000000	-24336.6582	-4866.60938	-0.00000000	-1244418.50	0.00000000	73004.7891	0.00000000	-0.137863999E-4
   57.5200	-0.00000000	47810.5508	-0.00000000	-47810.2227	-9560.62891	-0.00000000	-1244418.50	0.00000000	143420.516	0.00000000	-0.270838755E-4
   57.5300	-0.00000000	70363.7812	-0.00000000	-70363.1953	-14070.5625	-0.00000000	-1244418.50	0.00000000	211074.750	0.00000000	-0.398598640E-4
   57.5400	-0.00000000	91910.4531	-0.00000000	-91909.8594	-18379.2402	-0.00000000	-1244418.50	0.00000000	275709.906	0.00000000	-0.520657268E-4
   57.5500	-0.00000000	112404.945	-0.00000000	-112403.914	-22477.4629	-0.00000000	-1244418.50	0.00000000	337188.094	0.00000000	-0.636754048E-4
   57.5600	-0.00000000	131775.328	-0.00000000	-131774.172	-26350.9434	-0.00000000	-1244418.50	0.00000000	395294.719	0.00000000	-0.746484075E-4
   57.5700	-0.00000000	149987.359	-0.00000000	-149986.281	-29992.8203	-0.00000000	-1244418.50	0.00000000	449927.094	0.00000000	-0.849653152E-4
   57.5800	-0.00000000	166984.766	-0.00000000	-166983.469	-33391.7578	-0.00000000	-1244418.50	0.00000000	500915.031	0.00000000	-0.945940046E-4
   57.5900	-0.00000000	182744.531	-0.00000000	-182743.141	-36543.2227	-0.00000000	-1244418.50	0.00000000	548190.688	0.00000000	-0.103521656E-3
   57.6000	-0.00000000	197230.406	-0.00000000	-197228.844	-39439.9414	-0.00000000	-1244418.50	0.00000000	591644.875	0.00000000	-0.111727648E-3
   57.6100	-0.00000000	210415.000	-0.00000000	-210413.469	-42076.4688	-0.00000000	-1244418.50	0.00000000	631195.750	0.00000000	-0.119196535E-3
   57.6200	-0.00000000	222292.062	-0.00000000	-222290.406	-44451.4922	-0.00000000	-1244418.50	0.00000000	666823.938	0.00000000	-0.125924649E-3
   57.6300	-0.00000000	232842.422	-0.00000000	-232840.797	-46561.2383	-0.00000000	-1244418.50	0.00000000	698472.625	0.00000000	-0.131901252E-3
   57.6400	-0.00000000	242070.422	-0.00000000	-242068.500	-48406.5586	-0.00000000	-1244418.50	0.00000000	726154.562	0.00000000	-0.137128780E-3
   57.6500	-0.00000000	249971.250	-0.00000000	-249969.484	-49986.4688	-0.00000000	-1244418.50	0.00000000	749855.000	0.00000000	-0.141604425E-3
   57.6600	-0.00000000	256559.031	-0.00000000	-256557.156	-51303.8164	-0.00000000	-1244418.50	0.00000000	769616.812	0.00000000	-0.145336278E-3
   57.6700	-0.00000000	261843.953	-0.00000000	-261841.875	-52360.6250	-0.00000000	-1244418.50	0.00000000	785470.062	0.00000000	-0.148330058E-3
   57.6800	-0.00000000	265843.875	-0.00000000	-265841.938	-53160.5352	-0.00000000	-1244418.50	0.00000000	797469.625	0.00000000	-0.150596083E-3
   57.6900	-0.00000000	268586.281	-0.00000000	-268584.312	-53708.9219	-0.00000000	-1244418.50	0.00000000	805696.125	0.00000000	-0.152149587E-3
   57.7000	-0.00000000	270097.906	-0.00000000	-270096.000	-54011.2266	-0.00000000	-1244418.50	0.00000000	810231.062	0.00000000	-0.153005982E-3
   57.7100	-0.00000000	270413.938	-0.00000000	-270412.156	-54074.3789	-0.00000000	-1244418.50	0.00000000	811178.375	0.00000000	-0.153184883E-3
   57.7200	-0.00000000	269571.438	-0.00000000	-269569.375	-53905.9414	-0.00000000	-1244418.50	0.00000000	808651.438	0.00000000	-0.152707697E-3
   57.7300	-0.00000000	267612.438	-0.00000000	-267610.219	-53514.1328	-0.00000000	-1244418.50	0.00000000	802774.125	0.00000000	-0.151597807E-3
   57.7400	-0.00000000	264583.406	-0.00000000	-264581.031	-52908.4023	-0.00000000	-1244418.50	0.00000000	793687.438	0.00000000	-0.149881846E-3
   57.7500	-0.00000000	260531.094	-0.00000000	-260528.891	-52098.0664	-0.00000000	-1244418.50	0.00000000	781531.562	0.00000000	-0.147586295E-3
   57.7600	-0.00000000	255508.422	-0.00000000	-255506.094	-51093.6953	-0.00000000	-1244418.50	0.00000000	766464.562	0.00000000	-0.144741018E-3
   57.7700	-0.00000000	249572.312	-0.00000000	-249570.500	-49906.7188	-0.00000000	-1244418.50	0.00000000	748658.500	0.00000000	-0.141378478E-3
   57.7800	-0.00000000	242775.672	-0.00000000	-242773.953	-48547.5938	-0.00000000	-1244418.50	0.00000000	728270.188	0.00000000	-0.137528303E-3
   57.7900	-0.00000000	235182.422	-0.00000000	-235180.797	-47029.1797	-0.00000000	-1244418.50	0.00000000	705492.250	0.00000000	-0.133226858E-3
   57.8000	-0.00000000	226847.453	-0.00000000	-226845.656	-45362.4375	-0.00000000	-1244418.50	0.00000000	680489.062	0.00000000	-0.128505199E-3
   57.8100	-0.00000000	217838.969	-0.00000000	-217837.094	-43561.0117	-0.00000000	-1244418.50	0.00000000	653465.688	0.00000000	-0.123402031E-3
   57.8200	-0.00000000	208213.281	-0.00000000	-208211.672	-41636.1562	-0.00000000	-1244418.50	0.00000000	624590.688	0.00000000	-0.117949203E-3
   57.8300	-0.00000000	198040.812	-0.00000000	-198039.500	-39602.0312	-0.00000000	-1244418.50	0.00000000	594076.438	0.00000000	-0.112186826E-3
   57.8400	-0.00000000	187378.734	-0.00000000	-187377.297	-37469.9258	-0.00000000	-1244418.50	0.00000000	562092.312	0.00000000	-0.106146865E-3
   57.8500	-0.00000000	176294.359	-0.00000000	-176293.047	-35253.3828	-0.00000000	-1244418.50	0.00000000	528841.625	0.00000000	-0.998677206E-4
   57.8600	-0.00000000	164856.141	-0.00000000	-164854.828	-32966.0820	-0.00000000	-1244418.50	0.00000000	494529.438	0.00000000	-0.933881311E-4
   57.8700	-0.00000000	153118.297	-0.00000000	-153117.234	-30618.9297	-0.00000000	-1244418.50	0.00000000	459319.438	0.00000000	-0.867389826E-4
   57.8800	-0.00000000	141152.891	-0.00000000	-141151.875	-28226.1953	-0.00000000	-1244418.50	0.00000000	423425.688	0.00000000	-0.799607296E-4
   57.8900	-0.00000000	129011.906	-0.00000000	-129010.898	-25798.3672	-0.00000000	-1244418.50	0.00000000	387005.344	0.00000000	-0.730830288E-4
   57.9000	-0.00000000	116764.508	-0.00000000	-116763.633	-23349.2695	-0.00000000	-1244418.50	0.00000000	350266.156	0.00000000	-0.661451049E-4
   57.9100	-0.00000000	104460.117	-0.00000000	-104459.258	-20888.7656	-0.00000000	-1244418.50	0.00000000	313355.750	0.00000000	-0.591748503E-4
   57.9200	-0.00000000	92159.9922	-0.00000000	-92159.2422	-18429.1211	-0.00000000	-1244418.50	0.00000000	276458.219	0.00000000	-0.522070331E-4
   57.9300	-0.00000000	79923.4688	-0.00000000	-79922.8984	-15982.2139	-0.00000000	-1244418.50	0.00000000	239751.750	0.00000000	-0.452752975E-4
   57.9400	-0.00000000	67794.0312	-0.00000000	-67793.4766	-13556.6924	-0.00000000	-1244418.50	0.00000000	203366.078	0.00000000	-0.384041414E-4
   57.9500	-0.00000000	55830.7930	-0.00000000	-55830.3711	-11164.4238	-0.00000000	-1244418.50	0.00000000	167479.328	0.00000000	-0.316271980E-4
   57.9600	-0.00000000	44072.5117	-0.00000000	-44072.1641	-8813.12891	-0.00000000	-1244418.50	0.00000000	132207.156	0.00000000	-0.249663171E-4
   57.9700	-0.00000000	32573.0215	-0.00000000	-32572.7852	-6513.59082	-0.00000000	-1244418.50	0.00000000	97711.4219	0.00000000	-0.184520595E-4
   57.9800	-0.00000000	21365.8281	-0.00000000	-21365.6484	-4272.49805	-0.00000000	-1244418.50	0.00000000	64092.4297	0.00000000	-0.121033690E-4
   57.9900	-0.00000000	10498.8145	-0.00000000	-10498.7295	-2099.43481	-0.00000000	-1244418.50	0.00000000	31493.9551	0.00000000	-0.594739458E-5
   58.0000	-0.00000000	0.112417309E-8	-0.00000000	-0.112416354E-8	-0.224799429E-9	-0.00000000	-1244418.50	0.00000000	0.337225203E-8	0.00000000	-0.636824175E-18
   58.0100	-0.00000000	-10092.9189	-0.00000000	10092.8447	2018.27100	-0.00000000	-1244418.50	0.00000000	-30276.4062	0.00000000	0.571746932E-5
   58.0200	-0.00000000	-19746.2617	-0.00000000	19746.0938	3948.63623	-0.00000000	-1244418.50	0.00000000	-59234.1172	0.00000000	0.111859135E-4
   58.0300	-0.00000000	-28940.1055	-0.00000000	28939.8906	5787.12305	-0.00000000	-1244418.50	0.00000000	-86813.5625	0.00000000	0.163940804E-4
   58.0400	-0.00000000	-37643.5977	-0.00000000	37643.3672	7527.55420	-0.00000000	-1244418.50	0.00000000	-112922.055	0.00000000	0.213244730E-4
   58.0500	-0.00000000	-45842.6094	-0.00000000	45842.2383	9167.09180	-0.00000000	-1244418.50	0.00000000	-137517.000	0.00000000	0.259690405E-4
   58.0600	-0.00000000	-53513.0898	-0.00000000	53512.6445	10700.9473	-0.00000000	-1244418.50	0.00000000	-160526.594	0.00000000	0.303142297E-4
   58.0700	-0.00000000	-60646.3438	-0.00000000	60645.9609	12127.3926	-0.00000000	-1244418.50	0.00000000	-181924.953	0.00000000	0.343551474E-4
   58.0800	-0.00000000	-67225.5312	-0.00000000	67225.0859	13443.0254	-0.00000000	-1244418.50	0.00000000	-201660.969	0.00000000	0.380821439E-4
   58.0900	-0.00000000	-73247.3594	-0.00000000	73246.7812	14647.1826	-0.00000000	-1244418.50	0.00000000	-219724.734	0.00000000	0.414933493E-4
   58.1000	-0.00000000	-78703.2969	-0.00000000	78702.6797	15738.2051	-0.00000000	-1244418.50	0.00000000	-236091.359	0.00000000	0.445840597E-4
   58.1100	-0.00000000	-83589.2500	-0.00000000	83588.6328	16715.2480	-0.00000000	-1244418.50	0.00000000	-250748.094	0.00000000	0.473518739E-4
   58.1200	-0.00000000	-87908.9375	-0.00000000	87908.2266	17579.0527	-0.00000000	-1244418.50	0.00000000	-263706.188	0.00000000	0.497989095E-4
   58.1300	-0.00000000	-91661.8672	-0.00000000	91661.2422	18329.5352	-0.00000000	-1244418.50	0.00000000	-274964.281	0.00000000	0.519249152E-4
   58.1400	-0.00000000	-94856.4922	-0.00000000	94855.7812	18968.3457	-0.00000000	-1244418.50	0.00000000	-284547.188	0.00000000	0.537345732E-4
   58.1500	-0.00000000	-97497.8516	-0.00000000	97497.1250	19496.5430	-0.00000000	-1244418.50	0.00000000	-292470.781	0.00000000	0.552308884E-4
   58.1600	-0.00000000	-99598.3828	-0.00000000	99597.6953	19916.5859	-0.00000000	-1244418.50	0.00000000	-298771.906	0.00000000	0.564208021E-4
   58.1700	-0.00000000	-101169.219	-0.00000000	101168.406	20230.6777	-0.00000000	-1244418.50	0.00000000	-303483.688	0.00000000	0.573105863E-4
   58.1800	-0.00000000	-102224.297	-0.00000000	102223.500	20441.6680	-0.00000000	-1244418.50	0.00000000	-306648.719	0.00000000	0.579082844E-4
   58.1900	-0.00000000	-102780.586	-0.00000000	102779.867	20552.9336	-0.00000000	-1244418.50	0.00000000	-308317.812	0.00000000	0.582234752E-4
   58.2000	-0.00000000	-102856.094	-0.00000000	102855.102	20568.0020	-0.00000000	-1244418.50	0.00000000	-308543.875	0.00000000	0.582661669E-4
   58.2100	-0.00000000	-102469.852	-0.00000000	102469.141	20490.7910	-0.00000000	-1244418.50	0.00000000	-307385.625	0.00000000	0.580474443E-4
   58.2200	-0.00000000	-101643.719	-0.00000000	101642.945	20325.5625	-0.00000000	-1244418.50	0.00000000	-304907.000	0.00000000	0.575793747E-4
   58.2300	-0.00000000	-100398.859	-0.00000000	100397.992	20076.6484	-0.00000000	-1244418.50	0.00000000	-301173.031	0.00000000	0.568742398E-4
   58.2400	-0.00000000	-98759.9062	-0.00000000	98759.0781	19748.9023	-0.00000000	-1244418.50	0.00000000	-296256.438	0.00000000	0.559457840E-4
   58.2500	-0.00000000	-96749.9766	-0.00000000	96749.2031	19346.9648	-0.00000000	-1244418.50	0.00000000	-290226.938	0.00000000	0.548071475E-4
   58.2600	-0.00000000	-94394.4609	-0.00000000	94393.7891	18875.9492	-0.00000000	-1244418.50	0.00000000	-283161.125	0.00000000	0.534728315E-4
   58.2700	-0.00000000	-91720.5312	-0.00000000	91719.8828	18341.2539	-0.00000000	-1244418.50	0.00000000	-275140.094	0.00000000	0.519581117E-4
   58.2800	-0.00000000	-88752.4297	-0.00000000	88751.6641	17747.7070	-0.00000000	-1244418.50	0.00000000	-266236.219	0.00000000	0.502766852E-4
   58.2900	-0.00000000	-85518.7500	-0.00000000	85518.1016	17101.0938	-0.00000000	-1244418.50	0.00000000	-256536.234	0.00000000	0.484449229E-4
   58.3000	-0.00000000	-82044.2109	-0.00000000	82043.4688	16406.2773	-0.00000000	-1244418.50	0.00000000	-246113.203	0.00000000	0.464766090E-4
   58.3100	-0.00000000	-78357.9688	-0.00000000	78357.3594	15669.1533	-0.00000000	-1244418.50	0.00000000	-235055.484	0.00000000	0.443884419E-4
   58.3200	-0.00000000	-74484.1953	-0.00000000	74483.6250	14894.5234	-0.00000000	-1244418.50	0.00000000	-223435.125	0.00000000	0.421940276E-4
   58.3300	-0.00000000	-70452.3516	-0.00000000	70451.8438	14088.2715	-0.00000000	-1244418.50	0.00000000	-211340.438	0.00000000	0.399100354E-4
   58.3400	-0.00000000	-66285.4844	-0.00000000	66285.0312	13255.0410	-0.00000000	-1244418.50	0.00000000	-198840.984	0.00000000	0.375496093E-4
   58.3500	-0.00000000	-62011.0312	-0.00000000	62010.5469	12400.2725	-0.00000000	-1244418.50	0.00000000	-186018.453	0.00000000	0.351281742E-4
   58.3600	-0.00000000	-57655.6328	-0.00000000	57655.2734	11529.3447	-0.00000000	-1244418.50	0.00000000	-172953.531	0.00000000	0.326609625E-4
   58.3700	-0.00000000	-53240.7578	-0.00000000	53240.3164	10646.4922	-0.00000000	-1244418.50	0.00000000	-159709.719	0.00000000	0.301599684E-4
   58.3800	-0.00000000	-48793.2148	-0.00000000	48792.8867	9757.13184	-0.00000000	-1244418.50	0.00000000	-146368.297	0.00000000	0.276405408E-4
   58.3900	-0.00000000	-44332.7344	-0.00000000	44332.3555	8865.15820	-0.00000000	-1244418.50	0.00000000	-132987.656	0.00000000	0.251137099E-4
   58.4000	-0.00000000	-39884.3750	-0.00000000	39884.1133	7975.63770	-0.00000000	-1244418.50	0.00000000	-119643.812	0.00000000	0.225938256E-4
   58.4100	-0.00000000	-35465.8789	-0.00000000	35465.5859	7092.06982	-0.00000000	-1244418.50	0.00000000	-106389.273	0.00000000	0.200908053E-4
   58.4200	-0.00000000	-31098.6680	-0.00000000	31098.4219	6218.76318	-0.00000000	-1244418.50	0.00000000	-93288.6719	0.00000000	0.176168578E-4
   58.4300	-0.00000000	-26803.0977	-0.00000000	26802.8789	5359.78271	-0.00000000	-1244418.50	0.00000000	-80402.9531	0.00000000	0.151834874E-4
   58.4400	-0.00000000	-22593.3984	-0.00000000	22593.2168	4517.97363	-0.00000000	-1244418.50	0.00000000	-67774.8594	0.00000000	0.127987669E-4
   58.4500	-0.00000000	-18489.0488	-0.00000000	18488.8984	3697.23389	-0.00000000	-1244418.50	0.00000000	-55462.7852	0.00000000	0.104737264E-4
   58.4600	-0.00000000	-14501.9668	-0.00000000	14501.8467	2899.94067	-0.00000000	-1244418.50	0.00000000	-43502.4648	0.00000000	0.821511094E-5
   58.4700	-0.00000000	-10648.9150	-0.00000000	10648.8262	2129.45020	-0.00000000	-1244418.50	0.00000000	-31944.2246	0.00000000	0.603242415E-5
   58.4800	-0.00000000	-6939.38281	-0.00000000	6939.33594	1387.66199	-0.00000000	-1244418.50	0.00000000	-20816.5391	0.00000000	0.393104528E-5
   58.4900	-0.00000000	-3387.39502	-0.00000000	3387.36621	677.373169	-0.00000000	-1244418.50	0.00000000	-10161.3818	0.00000000	0.191889990E-5
   58.5000	-0.00000000	-0.926644872E-9	-0.00000000	0.926637433E-9	0.185299900E-9	-0.00000000	-1244418.50	0.00000000	-0.277971379E-8	0.00000000	0.524927834E-18
   58.5100	-0.00000000	3212.81641	-0.00000000	-3212.79199	-642.463379	-0.00000000	-1244418.50	0.00000000	9637.69531	0.00000000	-0.182000565E-5
   58.5200	-0.00000000	6242.75586	-0.00000000	-6242.70459	-1248.35583	-0.00000000	-1244418.50	0.00000000	18726.7852	0.00000000	-0.353641121E-5
   58.5300	-0.00000000	9086.09473	-0.00000000	-9086.02539	-1816.93677	-0.00000000	-1244418.50	0.00000000	27256.1602	0.00000000	-0.514711883E-5
   58.5400	-0.00000000	11736.0068	-0.00000000	-11735.9111	-2346.83447	-0.00000000	-1244418.50	0.00000000	35205.2422	0.00000000	-0.664824256E-5
   58.5500	-0.00000000	14190.9629	-0.00000000	-14190.8545	-2837.75024	-0.00000000	-1244418.50	0.00000000	42569.5391	0.00000000	-0.803893454E-5
   58.5600	-0.00000000	16446.7891	-0.00000000	-16446.6406	-3288.84058	-0.00000000	-1244418.50	0.00000000	49336.4336	0.00000000	-0.931681097E-5
   58.5700	-0.00000000	18503.9805	-0.00000000	-18503.8398	-3700.22070	-0.00000000	-1244418.50	0.00000000	55507.6016	0.00000000	-0.104821893E-4
   58.5800	-0.00000000	20360.8789	-0.00000000	-20360.7422	-4071.54736	-0.00000000	-1244418.50	0.00000000	61077.9258	0.00000000	-0.115341027E-4
   58.5900	-0.00000000	22019.9395	-0.00000000	-22019.7832	-4403.30371	-0.00000000	-1244418.50	0.00000000	66054.6641	0.00000000	-0.124739217E-4
   58.6000	-0.00000000	23482.2676	-0.00000000	-23482.0684	-4695.71729	-0.00000000	-1244418.50	0.00000000	70441.2109	0.00000000	-0.133022877E-4
   58.6100	-0.00000000	24750.2734	-0.00000000	-24750.0859	-4949.28564	-0.00000000	-1244418.50	0.00000000	74245.0312	0.00000000	-0.140206103E-4
   58.6200	-0.00000000	25828.7441	-0.00000000	-25828.5430	-5164.94482	-0.00000000	-1244418.50	0.00000000	77480.1562	0.00000000	-0.146315397E-4
   58.6300	-0.00000000	26721.3730	-0.00000000	-26721.1758	-5343.44482	-0.00000000	-1244418.50	0.00000000	80157.8672	0.00000000	-0.151372051E-4
   58.6400	-0.00000000	27434.2129	-0.00000000	-27433.9922	-5485.98877	-0.00000000	-1244418.50	0.00000000	82296.1875	0.00000000	-0.155410107E-4
   58.6500	-0.00000000	27972.6504	-0.00000000	-27972.4453	-5593.66211	-0.00000000	-1244418.50	0.00000000	83911.4062	0.00000000	-0.158460334E-4
   58.6600	-0.00000000	28343.7988	-0.00000000	-28343.5957	-5667.88037	-0.00000000	-1244418.50	0.00000000	85024.7734	0.00000000	-0.160562831E-4
   58.6700	-0.00000000	28554.5664	-0.00000000	-28554.3398	-5710.02441	-0.00000000	-1244418.50	0.00000000	85656.9922	0.00000000	-0.161756725E-4
   58.6800	-0.00000000	28612.6875	-0.00000000	-28612.4629	-5721.64111	-0.00000000	-1244418.50	0.00000000	85831.2578	0.00000000	-0.162085817E-4
   58.6900	-0.00000000	28526.2109	-0.00000000	-28525.9883	-5704.35107	-0.00000000	-1244418.50	0.00000000	85571.8984	0.00000000	-0.161596017E-4
   58.7000	-0.00000000	28303.7402	-0.00000000	-28303.5098	-5659.86426	-0.00000000	-1244418.50	0.00000000	84904.5156	0.00000000	-0.160335749E-4
   58.7100	-0.00000000	27953.7891	-0.00000000	-27953.5996	-5589.89258	-0.00000000	-1244418.50	0.00000000	83854.8594	0.00000000	-0.158353541E-4
   58.7200	-0.00000000	27485.7070	-0.00000000	-27485.5039	-5496.28564	-0.00000000	-1244418.50	0.00000000	82450.6484	0.00000000	-0.155701800E-4
   58.7300	-0.00000000	26908.2090	-0.00000000	-26908.0156	-5380.80615	-0.00000000	-1244418.50	0.00000000	80718.3438	0.00000000	-0.152430448E-4
   58.7400	-0.00000000	26231.0371	-0.00000000	-26230.8359	-5245.38965	-0.00000000	-1244418.50	0.00000000	78686.9219	0.00000000	-0.148594290E-4
   58.7500	-0.00000000	25463.0039	-0.00000000	-25462.7734	-5091.79980	-0.00000000	-1244418.50	0.00000000	76382.9062	0.00000000	-0.144243322E-4
   58.7600	-0.00000000	24613.5703	-0.00000000	-24613.3750	-4921.94336	-0.00000000	-1244418.50	0.00000000	73834.8594	0.00000000	-0.139431531E-4
   58.7700	-0.00000000	23692.4434	-0.00000000	-23692.2637	-4737.74902	-0.00000000	-1244418.50	0.00000000	71071.7344	0.00000000	-0.134213569E-4
   58.7800	-0.00000000	22708.0254	-0.00000000	-22707.8711	-4540.90283	-0.00000000	-1244418.50	0.00000000	68118.8047	0.00000000	-0.128637203E-4
   58.7900	-0.00000000	21670.1387	-0.00000000	-21669.9805	-4333.35645	-0.00000000	-1244418.50	0.00000000	65005.3633	0.00000000	-0.122757692E-4
   58.8000	-0.00000000	20586.7500	-0.00000000	-20586.5938	-4116.70898	-0.00000000	-1244418.50	0.00000000	61755.4102	0.00000000	-0.116620404E-4
   58.8100	-0.00000000	19467.2324	-0.00000000	-19467.0840	-3892.83960	-0.00000000	-1244418.50	0.00000000	58397.1016	0.00000000	-0.110278497E-4
   58.8200	-0.00000000	18319.0312	-0.00000000	-18318.8867	-3663.23535	-0.00000000	-1244418.50	0.00000000	54952.7656	0.00000000	-0.103774128E-4
   58.8300	-0.00000000	17151.0020	-0.00000000	-17150.8691	-3429.66479	-0.00000000	-1244418.50	0.00000000	51448.9492	0.00000000	-0.971574354E-5
   58.8400	-0.00000000	15969.8975	-0.00000000	-15969.7539	-3193.48096	-0.00000000	-1244418.50	0.00000000	47905.9141	0.00000000	-0.904666831E-5
   58.8500	-0.00000000	14783.4287	-0.00000000	-14783.3164	-2956.22705	-0.00000000	-1244418.50	0.00000000	44346.8359	0.00000000	-0.837456355E-5
   58.8600	-0.00000000	13598.9746	-0.00000000	-13598.8701	-2719.37256	-0.00000000	-1244418.50	0.00000000	40793.7422	0.00000000	-0.770358838E-5
   58.8700	-0.00000000	12422.0879	-0.00000000	-12421.9990	-2484.03296	-0.00000000	-1244418.50	0.00000000	37263.3711	0.00000000	-0.703690466E-5
   58.8800	-0.00000000	11259.7334	-0.00000000	-11259.6514	-2251.59741	-0.00000000	-1244418.50	0.00000000	33776.5703	0.00000000	-0.637844914E-5
   58.8900	-0.00000000	10116.6455	-0.00000000	-10116.5703	-2023.01355	-0.00000000	-1244418.50	0.00000000	30347.5488	0.00000000	-0.573090438E-5
   58.9000	-0.00000000	8998.83984	-0.00000000	-8998.78516	-1799.48938	-0.00000000	-1244418.50	0.00000000	26994.4277	0.00000000	-0.509769279E-5
   58.9100	-0.00000000	7910.20947	-0.00000000	-7910.15918	-1581.79712	-0.00000000	-1244418.50	0.00000000	23728.7891	0.00000000	-0.448100172E-5
   58.9200	-0.00000000	6855.44824	-0.00000000	-6855.39355	-1370.87683	-0.00000000	-1244418.50	0.00000000	20564.7422	0.00000000	-0.388349554E-5
   58.9300	-0.00000000	5838.72363	-0.00000000	-5838.67920	-1167.56335	-0.00000000	-1244418.50	0.00000000	17514.8047	0.00000000	-0.330753778E-5
   58.9400	-0.00000000	4862.62256	-0.00000000	-4862.58398	-972.373413	-0.00000000	-1244418.50	0.00000000	14586.7256	0.00000000	-0.275459251E-5
   58.9500	-0.00000000	3930.77856	-0.00000000	-3930.74707	-786.032776	-0.00000000	-1244418.50	0.00000000	11791.4033	0.00000000	-0.222671702E-5
   58.9600	-0.00000000	3044.93115	-0.00000000	-3044.90869	-608.891907	-0.00000000	-1244418.50	0.00000000	9134.08496	0.00000000	-0.172490252E-5
   58.9700	-0.00000000	2207.79346	-0.00000000	-2207.77539	-441.489868	-0.00000000	-1244418.50	0.00000000	6622.85938	0.00000000	-0.125067675E-5
   58.9800	-0.00000000	1420.31506	-0.00000000	-1420.30334	-284.018890	-0.00000000	-1244418.50	0.00000000	4260.61230	0.00000000	-0.804584317E-6
   58.9900	-0.00000000	684.305847	-0.00000000	-684.301208	-136.839996	-0.00000000	-1244418.50	0.00000000	2052.75854	0.00000000	-0.387647901E-6
   59.0000	-0.00000000	-0.259294810E-13	-0.00000000	0.259292608E-13	0.518508635E-14	-0.00000000	-1244418.50	0.00000000	-0.777823105E-13	0.00000000	0.146885979E-22
   59.0100	-0.00000000	-631.860840	-0.00000000	631.855957	126.352493	-0.00000000	-1244418.50	0.00000000	-1895.43396	0.00000000	0.357938319E-6
   59.0200	-0.00000000	-1210.99878	-0.00000000	1210.98840	242.161911	-0.00000000	-1244418.50	0.00000000	-3632.70923	0.00000000	0.686009571E-6
   59.0300	-0.00000000	-1738.08801	-0.00000000	1738.07666	347.563721	-0.00000000	-1244418.50	0.00000000	-5213.85840	0.00000000	0.984597591E-6
   59.0400	-0.00000000	-2213.29883	-0.00000000	2213.28369	442.591034	-0.00000000	-1244418.50	0.00000000	-6639.37793	0.00000000	0.125379609E-5
   59.0500	-0.00000000	-2637.83521	-0.00000000	2637.81616	527.485046	-0.00000000	-1244418.50	0.00000000	-7912.88818	0.00000000	0.149428888E-5
   59.0600	-0.00000000	-3012.48755	-0.00000000	3012.46387	602.403564	-0.00000000	-1244418.50	0.00000000	-9036.75195	0.00000000	0.170652208E-5
   59.0700	-0.00000000	-3338.89746	-0.00000000	3338.87573	667.675720	-0.00000000	-1244418.50	0.00000000	-10015.9102	0.00000000	0.189142861E-5
   59.0800	-0.00000000	-3618.38672	-0.00000000	3618.35620	723.564270	-0.00000000	-1244418.50	0.00000000	-10854.3047	0.00000000	0.204975299E-5
   59.0900	-0.00000000	-3852.94141	-0.00000000	3852.91211	770.468201	-0.00000000	-1244418.50	0.00000000	-11557.9160	0.00000000	0.218262471E-5
   59.1000	-0.00000000	-4044.37402	-0.00000000	4044.34521	808.748901	-0.00000000	-1244418.50	0.00000000	-12132.1729	0.00000000	0.229106877E-5
   59.1100	-0.00000000	-4194.73730	-0.00000000	4194.70410	838.816589	-0.00000000	-1244418.50	0.00000000	-12583.2197	0.00000000	0.237624545E-5
   59.1200	-0.00000000	-4306.33887	-0.00000000	4306.30371	861.133728	-0.00000000	-1244418.50	0.00000000	-12918.0029	0.00000000	0.243946670E-5
   59.1300	-0.00000000	-4381.41309	-0.00000000	4381.37598	876.145752	-0.00000000	-1244418.50	0.00000000	-13143.2012	0.00000000	0.248199376E-5
   59.1400	-0.00000000	-4422.39893	-0.00000000	4422.36670	884.341858	-0.00000000	-1244418.50	0.00000000	-13266.1553	0.00000000	0.250521271E-5
   59.1500	-0.00000000	-4431.71191	-0.00000000	4431.67627	886.204102	-0.00000000	-1244418.50	0.00000000	-13294.0898	0.00000000	0.251048800E-5
   59.1600	-0.00000000	-4411.84570	-0.00000000	4411.80859	882.231323	-0.00000000	-1244418.50	0.00000000	-13234.4922	0.00000000	0.249923346E-5
   59.1700	-0.00000000	-4365.28076	-0.00000000	4365.24756	872.920227	-0.00000000	-1244418.50	0.00000000	-13094.8145	0.00000000	0.247285629E-5
   59.1800	-0.00000000	-4294.55713	-0.00000000	4294.52588	858.777832	-0.00000000	-1244418.50	0.00000000	-12882.6660	0.00000000	0.243279351E-5
   59.1900	-0.00000000	-4202.09521	-0.00000000	4202.06641	840.288757	-0.00000000	-1244418.50	0.00000000	-12605.3066	0.00000000	0.238041639E-5
   59.2000	-0.00000000	-4090.42212	-0.00000000	4090.38501	817.955811	-0.00000000	-1244418.50	0.00000000	-12270.2852	0.00000000	0.231715012E-5
   59.2100	-0.00000000	-3961.81958	-0.00000000	3961.78931	792.240295	-0.00000000	-1244418.50	0.00000000	-11884.5244	0.00000000	0.224430210E-5
   59.2200	-0.00000000	-3818.73486	-0.00000000	3818.70605	763.628235	-0.00000000	-1244418.50	0.00000000	-11455.3076	0.00000000	0.216324793E-5
   59.2300	-0.00000000	-3663.31128	-0.00000000	3663.28271	732.548035	-0.00000000	-1244418.50	0.00000000	-10989.0713	0.00000000	0.207520247E-5
   59.2400	-0.00000000	-3497.83203	-0.00000000	3497.80273	699.456848	-0.00000000	-1244418.50	0.00000000	-10492.6621	0.00000000	0.198145972E-5
   59.2500	-0.00000000	-3324.23218	-0.00000000	3324.20728	664.743164	-0.00000000	-1244418.50	0.00000000	-9971.91797	0.00000000	0.188312106E-5
   59.2600	-0.00000000	-3144.54932	-0.00000000	3144.52686	628.812073	-0.00000000	-1244418.50	0.00000000	-9432.91113	0.00000000	0.178133371E-5
   59.2700	-0.00000000	-2960.70703	-0.00000000	2960.68140	592.048706	-0.00000000	-1244418.50	0.00000000	-8881.41699	0.00000000	0.167718804E-5
   59.2800	-0.00000000	-2774.28882	-0.00000000	2774.26611	554.771057	-0.00000000	-1244418.50	0.00000000	-8322.20996	0.00000000	0.157158615E-5
   59.2900	-0.00000000	-2587.05103	-0.00000000	2587.03296	517.329712	-0.00000000	-1244418.50	0.00000000	-7760.54639	0.00000000	0.146552031E-5
   59.3000	-0.00000000	-2400.34009	-0.00000000	2400.32129	479.993164	-0.00000000	-1244418.50	0.00000000	-7200.45361	0.00000000	0.135975097E-5
   59.3100	-0.00000000	-2215.64893	-0.00000000	2215.63159	443.060608	-0.00000000	-1244418.50	0.00000000	-6646.42285	0.00000000	0.125512645E-5
   59.3200	-0.00000000	-2034.06384	-0.00000000	2034.04785	406.749329	-0.00000000	-1244418.50	0.00000000	-6101.71094	0.00000000	0.115226180E-5
   59.3300	-0.00000000	-1856.82166	-0.00000000	1856.80908	371.306427	-0.00000000	-1244418.50	0.00000000	-5570.02832	0.00000000	0.105185745E-5
   59.3400	-0.00000000	-1684.75598	-0.00000000	1684.74268	336.898804	-0.00000000	-1244418.50	0.00000000	-5053.87256	0.00000000	0.954385428E-6
   59.3500	-0.00000000	-1518.78101	-0.00000000	1518.76892	303.708984	-0.00000000	-1244418.50	0.00000000	-4555.98633	0.00000000	0.860363457E-6
   59.3600	-0.00000000	-1359.67480	-0.00000000	1359.66565	271.892731	-0.00000000	-1244418.50	0.00000000	-4078.70605	0.00000000	0.770232646E-6
   59.3700	-0.00000000	-1207.91992	-0.00000000	1207.90979	241.546249	-0.00000000	-1244418.50	0.00000000	-3623.47388	0.00000000	0.684265501E-6
   59.3800	-0.00000000	-1064.11377	-0.00000000	1064.10669	212.789810	-0.00000000	-1244418.50	0.00000000	-3192.09399	0.00000000	0.602802743E-6
   59.3900	-0.00000000	-928.529114	-0.00000000	928.522339	185.676819	-0.00000000	-1244418.50	0.00000000	-2785.36768	0.00000000	0.525995517E-6
   59.4000	-0.00000000	-801.537537	-0.00000000	801.531311	160.282516	-0.00000000	-1244418.50	0.00000000	-2404.42383	0.00000000	0.454057158E-6
   59.4100	-0.00000000	-683.217590	-0.00000000	683.212402	136.622162	-0.00000000	-1244418.50	0.00000000	-2049.49072	0.00000000	0.387030781E-6
   59.4200	-0.00000000	-573.703552	-0.00000000	573.698914	114.722862	-0.00000000	-1244418.50	0.00000000	-1720.97607	0.00000000	0.324993266E-6
   59.4300	-0.00000000	-473.029358	-0.00000000	473.025238	94.5910950	-0.00000000	-1244418.50	0.00000000	-1418.97595	0.00000000	0.267962832E-6
   59.4400	-0.00000000	-381.039825	-0.00000000	381.037109	76.1961746	-0.00000000	-1244418.50	0.00000000	-1143.03101	0.00000000	0.215852722E-6
   59.4500	-0.00000000	-297.655945	-0.00000000	297.653778	59.5219269	-0.00000000	-1244418.50	0.00000000	-892.897949	0.00000000	0.168617007E-6
   59.4600	-0.00000000	-222.601486	-0.00000000	222.599731	44.5133629	-0.00000000	-1244418.50	0.00000000	-667.752075	0.00000000	0.126099906E-6
   59.4700	-0.00000000	-155.665787	-0.00000000	155.664734	31.1283245	-0.00000000	-1244418.50	0.00000000	-466.960938	0.00000000	0.881820270E-7
   59.4800	-0.00000000	-96.4812317	-0.00000000	96.4805145	19.2932529	-0.00000000	-1244418.50	0.00000000	-289.421173	0.00000000	0.546549934E-7
   59.4900	-0.00000000	-44.7369041	-0.00000000	44.7365570	8.94598866	-0.00000000	-1244418.50	0.00000000	-134.200211	0.00000000	0.253426897E-7
   59.5000	-0.00000000	-0.709352976E-11	-0.00000000	0.709346904E-11	0.141848501E-11	-0.00000000	-1244418.50	0.00000000	-0.212789179E-10	0.00000000	0.401836223E-20
   59.5100	-0.00000000	38.1249886	-0.00000000	-38.1247139	-7.62381077	-0.00000000	-1244418.50	0.00000000	114.366028	0.00000000	-0.215971561E-7
   59.5200	-0.00000000	70.0685883	-0.00000000	-70.0680389	-14.0115347	-0.00000000	-1244418.50	0.00000000	210.189270	0.00000000	-0.396926474E-7
   59.5300	-0.00000000	96.3076401	-0.00000000	-96.3068771	-19.2585220	-0.00000000	-1244418.50	0.00000000	288.900177	0.00000000	-0.545566046E-7
   59.5400	-0.00000000	117.285126	-0.00000000	-117.284325	-23.4533882	-0.00000000	-1244418.50	0.00000000	351.828064	0.00000000	-0.664400517E-7
   59.5500	-0.00000000	133.482742	-0.00000000	-133.481750	-26.6923923	-0.00000000	-1244418.50	0.00000000	400.416840	0.00000000	-0.756156808E-7
   59.5600	-0.00000000	145.351013	-0.00000000	-145.350220	-29.0657139	-0.00000000	-1244418.50	0.00000000	436.019470	0.00000000	-0.823389641E-7
   59.5700	-0.00000000	153.357330	-0.00000000	-153.356155	-30.6666813	-0.00000000	-1244418.50	0.00000000	460.035767	0.00000000	-0.868742660E-7
   59.5800	-0.00000000	157.940002	-0.00000000	-157.938904	-31.5831089	-0.00000000	-1244418.50	0.00000000	473.783264	0.00000000	-0.894703760E-7
   59.5900	-0.00000000	159.536041	-0.00000000	-159.534744	-31.9022388	-0.00000000	-1244418.50	0.00000000	478.570587	0.00000000	-0.903744208E-7
   59.6000	-0.00000000	158.555679	-0.00000000	-158.554520	-31.7062225	-0.00000000	-1244418.50	0.00000000	475.630035	0.00000000	-0.898191246E-7
   59.6100	-0.00000000	155.394791	-0.00000000	-155.393784	-31.0741692	-0.00000000	-1244418.50	0.00000000	466.148590	0.00000000	-0.880286208E-7
   59.6200	-0.00000000	150.421509	-0.00000000	-150.420364	-30.0796223	-0.00000000	-1244418.50	0.00000000	451.229218	0.00000000	-0.852112123E-7
   59.6300	-0.00000000	143.984589	-0.00000000	-143.983398	-28.7924232	-0.00000000	-1244418.50	0.00000000	431.919739	0.00000000	-0.815647709E-7
   59.6400	-0.00000000	136.398621	-0.00000000	-136.397461	-27.2754650	-0.00000000	-1244418.50	0.00000000	409.163513	0.00000000	-0.772674298E-7
   59.6500	-0.00000000	127.961098	-0.00000000	-127.960129	-25.5882339	-0.00000000	-1244418.50	0.00000000	383.853271	0.00000000	-0.724877722E-7
   59.6600	-0.00000000	118.930107	-0.00000000	-118.929260	-23.7823296	-0.00000000	-1244418.50	0.00000000	356.762482	0.00000000	-0.673718858E-7
   59.6700	-0.00000000	109.544930	-0.00000000	-109.543907	-21.9055576	-0.00000000	-1244418.50	0.00000000	328.608765	0.00000000	-0.620552711E-7
   59.6800	-0.00000000	100.017090	-0.00000000	-100.016350	-20.0003109	-0.00000000	-1244418.50	0.00000000	300.027863	0.00000000	-0.566579850E-7
   59.6900	-0.00000000	90.5204620	-0.00000000	-90.5198212	-18.1012802	-0.00000000	-1244418.50	0.00000000	271.540131	0.00000000	-0.512782954E-7
   59.7000	-0.00000000	81.2161789	-0.00000000	-81.2154922	-16.2406902	-0.00000000	-1244418.50	0.00000000	243.629196	0.00000000	-0.460075249E-7
   59.7100	-0.00000000	72.2253571	-0.00000000	-72.2248383	-14.4428320	-0.00000000	-1244418.50	0.00000000	216.659195	0.00000000	-0.409144469E-7
   59.7200	-0.00000000	63.6592522	-0.00000000	-63.6587791	-12.7298717	-0.00000000	-1244418.50	0.00000000	190.962830	0.00000000	-0.360618806E-7
   59.7300	-0.00000000	55.5924072	-0.00000000	-55.5919647	-11.1167536	-0.00000000	-1244418.50	0.00000000	166.764175	0.00000000	-0.314921493E-7
   59.7400	-0.00000000	48.0911484	-0.00000000	-48.0907784	-9.61673164	-0.00000000	-1244418.50	0.00000000	144.262100	0.00000000	-0.272428053E-7
   59.7500	-0.00000000	41.1902084	-0.00000000	-41.1899147	-8.23676682	-0.00000000	-1244418.50	0.00000000	123.561043	0.00000000	-0.233335644E-7
   59.7600	-0.00000000	34.9160347	-0.00000000	-34.9158058	-6.98212576	-0.00000000	-1244418.50	0.00000000	104.739983	0.00000000	-0.197793497E-7
   59.7700	-0.00000000	29.2780094	-0.00000000	-29.2777996	-5.85469484	-0.00000000	-1244418.50	0.00000000	87.8272171	0.00000000	-0.165855027E-7
   59.7800	-0.00000000	24.2660046	-0.00000000	-24.2658405	-4.85245037	-0.00000000	-1244418.50	0.00000000	72.7923813	0.00000000	-0.137462886E-7
   59.7900	-0.00000000	19.8662186	-0.00000000	-19.8660889	-3.97262907	-0.00000000	-1244418.50	0.00000000	59.5940475	0.00000000	-0.112538832E-7
   59.8000	-0.00000000	16.0481529	-0.00000000	-16.0480309	-3.20913267	-0.00000000	-1244418.50	0.00000000	48.1407204	0.00000000	-0.909100883E-8
   59.8100	-0.00000000	12.7798758	-0.00000000	-12.7797747	-2.55557561	-0.00000000	-1244418.50	0.00000000	38.3365974	0.00000000	-0.723957516E-8
   59.8200	-0.00000000	10.0180454	-0.00000000	-10.0179567	-2.00329471	-0.00000000	-1244418.50	0.00000000	30.0517426	0.00000000	-0.567504355E-8
   59.8300	-0.00000000	7.71998119	-0.00000000	-7.71992874	-1.54375672	-0.00000000	-1244418.50	0.00000000	23.1581402	0.00000000	-0.437323910E-8
   59.8400	-0.00000000	5.83638859	-0.00000000	-5.83635187	-1.16709745	-0.00000000	-1244418.50	0.00000000	17.5078125	0.00000000	-0.330621774E-8
   59.8500	-0.00000000	4.31982040	-0.00000000	-4.31978846	-0.863829494	-0.00000000	-1244418.50	0.00000000	12.9584446	0.00000000	-0.244710385E-8
   59.8600	-0.00000000	3.12228751	-0.00000000	-3.12226510	-0.624360383	-0.00000000	-1244418.50	0.00000000	9.36612988	0.00000000	-0.176872250E-8
   59.8700	-0.00000000	2.19607329	-0.00000000	-2.19605613	-0.439146072	-0.00000000	-1244418.50	0.00000000	6.58769989	0.00000000	-0.124403710E-8
   59.8800	-0.00000000	1.49739754	-0.00000000	-1.49738526	-0.299432844	-0.00000000	-1244418.50	0.00000000	4.49183941	0.00000000	-0.848249748E-9
   59.8900	-0.00000000	0.984428227	-0.00000000	-0.984419346	-0.196854874	-0.00000000	-1244418.50	0.00000000	2.95305037	0.00000000	-0.557661195E-9
   59.9000	-0.00000000	0.620095015	-0.00000000	-0.620090604	-0.123999819	-0.00000000	-1244418.50	0.00000000	1.86014092	0.00000000	-0.351273510E-9
   59.9100	-0.00000000	0.370850027	-0.00000000	-0.370847523	-0.741585121E-1	-0.00000000	-1244418.50	0.00000000	1.11246359	0.00000000	-0.210080314E-9
   59.9200	-0.00000000	0.208141759	-0.00000000	-0.208140031	-0.416218638E-1	-0.00000000	-1244418.50	0.00000000	0.624376237	0.00000000	-0.117908711E-9
   59.9300	-0.00000000	0.107846558	-0.00000000	-0.107845575	-0.215659477E-1	-0.00000000	-1244418.50	0.00000000	0.323514283	0.00000000	-0.610932138E-10
   59.9400	-0.00000000	0.503251851E-1	-0.00000000	-0.503248200E-1	-0.100634741E-1	-0.00000000	-1244418.50	0.00000000	0.150963813	0.00000000	-0.285083693E-10
   59.9500	-0.00000000	0.203767959E-1	-0.00000000	-0.203766357E-1	-0.407472439E-2	-0.00000000	-1244418.50	0.00000000	0.611255951E-1	0.00000000	-0.115431050E-10
   59.9600	-0.00000000	0.671576941E-2	-0.00000000	-0.671570562E-2	-0.134294375E-2	-0.00000000	-1244418.50	0.00000000	0.201457143E-1	0.00000000	-0.380436524E-11
   59.9700	-0.00000000	0.160180812E-2	-0.00000000	-0.160179695E-2	-0.320311723E-3	-0.00000000	-1244418.50	0.00000000	0.480504800E-2	0.00000000	-0.907396771E-12
   59.9800	-0.00000000	0.211542909E-3	-0.00000000	-0.211541454E-3	-0.423019956E-4	-0.00000000	-1244418.50	0.00000000	0.634578930E-3	0.00000000	-0.119835416E-12
   59.9900	-0.00000000	0.665848438E-5	-0.00000000	-0.665843390E-5	-0.133148944E-5	-0.00000000	-1244418.50	0.00000000	0.199738843E-4	0.00000000	-0.377191649E-14
