id,rel,app,path,feas,ban_inst,ban_eval,ban_check,note
c-abaqus-task-01-windows,task-c/abaqus/task-01/task-01.json,abaqus,✅,✅,未禁止,—,⚪,
c-abaqus-task-02-windows,task-c/abaqus/task-02/task-02.json,abaqus,✅,✅,未禁止,—,⚪,
c-abaqus-task-03-windows,task-c/abaqus/task-03/task-03.json,abaqus,✅,✅,未禁止,—,⚪,
c-abaqus-task-04-windows,task-c/abaqus/task-04/task-04.json,abaqus,✅,✅,未禁止,—,⚪,
c-abaqus-task-05-windows,task-c/abaqus/task-05/task-05.json,abaqus,✅,✅,未禁止,—,⚪,
c-abaqus-task-06-windows,task-c/abaqus/task-06/task-06.json,abaqus,✅,✅,未禁止,—,⚪,
c-abaqus-task-07-windows,task-c/abaqus/task-07/task-07.json,abaqus,✅,✅,未禁止,—,⚪,
c-abaqus-task-08-windows,task-c/abaqus/task-08/task-08.json,abaqus,✅,✅,未禁止,—,⚪,
c-abaqus-task-09-windows,task-c/abaqus/task-09/task-09.json,abaqus,✅,✅,未禁止,—,⚪,
c-abaqus-task-10-windows,task-c/abaqus/task-10/task-10.json,abaqus,✅,✅,未禁止,—,⚪,
c-abaqus-task-11-windows,task-c/abaqus/task-11/task-11.json,abaqus,✅,✅,未禁止,—,⚪,
c-abaqus-task-12-windows,task-c/abaqus/task-12/task-12.json,abaqus,✅,✅,未禁止,—,⚪,
c-abaqus-task-13-windows,task-c/abaqus/task-13/task-13.json,abaqus,✅,✅,未禁止,—,⚪,
c-abaqus-task-14-windows,task-c/abaqus/task-14/task-14.json,abaqus,✅,✅,未禁止,—,⚪,
c-abaqus-task-15-windows,task-c/abaqus/task-15/task-15.json,abaqus,✅,✅,未禁止,—,⚪,
c-abaqus-task-16-windows,task-c/abaqus/task-16/task-16.json,abaqus,✅,✅,未禁止,—,⚪,
c-abaqus-task-17-windows,task-c/abaqus/task-17/task-17.json,abaqus,✅,✅,未禁止,—,⚪,
c-abaqus-task-18-windows,task-c/abaqus/task-18/task-18.json,abaqus,✅,✅,未禁止,—,⚪,
c-abaqus-task-19-windows,task-c/abaqus/task-19/task-19.json,abaqus,✅,✅,未禁止,—,⚪,
c-abaqus-task-20-windows,task-c/abaqus/task-20/task-20.json,abaqus,✅,✅,未禁止,—,⚪,
c-altium-designer-task-01-windows,task-c/altium-designer/task-01/task-01.json,altium-designer,✅,✅,未禁止,—,⚪,
c-altium-designer-task-02-windows,task-c/altium-designer/task-02/task-02.json,altium-designer,✅,✅,未禁止,—,⚪,
c-altium-designer-task-03-windows,task-c/altium-designer/task-03/task-03.json,altium-designer,✅,✅,未禁止,—,⚪,
c-altium-designer-task-04-windows,task-c/altium-designer/task-04/task-04.json,altium-designer,✅,✅,未禁止,—,⚪,
c-altium-designer-task-05-windows,task-c/altium-designer/task-05/task-05.json,altium-designer,✅,✅,未禁止,—,⚪,
c-altium-designer-task-06-windows,task-c/altium-designer/task-06/task-06.json,altium-designer,✅,✅,未禁止,—,⚪,
c-altium-designer-task-07-windows,task-c/altium-designer/task-07/task-07.json,altium-designer,✅,✅,未禁止,—,⚪,
c-altium-designer-task-08-windows,task-c/altium-designer/task-08/task-08.json,altium-designer,✅,✅,未禁止,—,⚪,
c-altium-designer-task-09-windows,task-c/altium-designer/task-09/task-09.json,altium-designer,✅,✅,未禁止,—,⚪,
c-altium-designer-task-10-windows,task-c/altium-designer/task-10/task-10.json,altium-designer,✅,✅,未禁止,—,⚪,
c-altium-designer-task-11-windows,task-c/altium-designer/task-11/task-11.json,altium-designer,✅,✅,未禁止,—,⚪,
c-altium-designer-task-12-windows,task-c/altium-designer/task-12/task-12.json,altium-designer,✅,✅,未禁止,—,⚪,
c-altium-designer-task-13-windows,task-c/altium-designer/task-13/task-13.json,altium-designer,✅,✅,未禁止,—,⚪,
c-altium-designer-task-14-windows,task-c/altium-designer/task-14/task-14.json,altium-designer,✅,✅,未禁止,—,⚪,
c-altium-designer-task-15-windows,task-c/altium-designer/task-15/task-15.json,altium-designer,✅,✅,未禁止,—,⚪,
c-altium-designer-task-16-windows,task-c/altium-designer/task-16/task-16.json,altium-designer,✅,✅,未禁止,—,⚪,
c-altium-designer-task-17-windows,task-c/altium-designer/task-17/task-17.json,altium-designer,✅,✅,未禁止,—,⚪,
c-altium-designer-task-18-windows,task-c/altium-designer/task-18/task-18.json,altium-designer,✅,✅,未禁止,—,⚪,
c-altium-designer-task-19-windows,task-c/altium-designer/task-19/task-19.json,altium-designer,✅,✅,未禁止,—,⚪,
c-altium-designer-task-20-windows,task-c/altium-designer/task-20/task-20.json,altium-designer,✅,✅,未禁止,—,⚪,
c-altium-designer-task-21-windows,task-c/altium-designer/task-21/task-21.json,altium-designer,✅,✅,未禁止,—,⚪,
c-altium-designer-task-22-windows,task-c/altium-designer/task-22/task-22.json,altium-designer,✅,✅,未禁止,—,⚪,
c-altium-designer-task-23-windows,task-c/altium-designer/task-23/task-23.json,altium-designer,✅,✅,未禁止,—,⚪,
c-altium-designer-task-24-windows,task-c/altium-designer/task-24/task-24.json,altium-designer,✅,✅,未禁止,—,⚪,
c-altium-designer-task-25-windows,task-c/altium-designer/task-25/task-25.json,altium-designer,✅,✅,未禁止,—,⚪,
c-ansys-task-01-windows,task-c/ansys/task-01/task-01.json,ansys,✅,✅,未禁止,—,⚪,
c-ansys-task-02-windows,task-c/ansys/task-02/task-02.json,ansys,✅,✅,未禁止,—,⚪,
c-ansys-task-03-windows,task-c/ansys/task-03/task-03.json,ansys,✅,✅,未禁止,—,⚪,
c-ansys-task-04-windows,task-c/ansys/task-04/task-04.json,ansys,✅,✅,未禁止,—,⚪,
c-ansys-task-05-windows,task-c/ansys/task-05/task-05.json,ansys,✅,✅,未禁止,—,⚪,
c-ansys-task-06-windows,task-c/ansys/task-06/task-06.json,ansys,✅,✅,未禁止,—,⚪,
c-ansys-task-07-windows,task-c/ansys/task-07/task-07.json,ansys,✅,✅,未禁止,—,⚪,
c-ansys-task-08-windows,task-c/ansys/task-08/task-08.json,ansys,✅,✅,未禁止,—,⚪,
c-ansys-task-09-windows,task-c/ansys/task-09/task-09.json,ansys,✅,✅,未禁止,—,⚪,
c-ansys-task-10-windows,task-c/ansys/task-10/task-10.json,ansys,✅,✅,未禁止,—,⚪,
c-ansys-task-11-windows,task-c/ansys/task-11/task-11.json,ansys,✅,✅,未禁止,—,⚪,
c-ansys-task-12-windows,task-c/ansys/task-12/task-12.json,ansys,✅,✅,未禁止,—,⚪,
c-ansys-task-13-windows,task-c/ansys/task-13/task-13.json,ansys,✅,✅,未禁止,—,⚪,
c-ansys-task-14-windows,task-c/ansys/task-14/task-14.json,ansys,✅,✅,未禁止,—,⚪,
c-ansys-task-15-windows,task-c/ansys/task-15/task-15.json,ansys,✅,✅,未禁止,—,⚪,
c-ansys-task-16-windows,task-c/ansys/task-16/task-16.json,ansys,✅,✅,未禁止,—,⚪,
c-ansys-task-17-windows,task-c/ansys/task-17/task-17.json,ansys,✅,✅,未禁止,—,⚪,
c-ansys-task-18-windows,task-c/ansys/task-18/task-18.json,ansys,✅,✅,未禁止,—,⚪,
c-ansys-task-19-windows,task-c/ansys/task-19/task-19.json,ansys,✅,✅,未禁止,—,⚪,
c-ansys-task-20-windows,task-c/ansys/task-20/task-20.json,ansys,✅,✅,未禁止,—,⚪,
c-archicad-task-01-windows,task-c/archicad/task-01/task-01.json,archicad,✅,✅,未禁止,—,⚪,
c-archicad-task-02-windows,task-c/archicad/task-02/task-02.json,archicad,✅,✅,未禁止,—,⚪,
c-archicad-task-03-windows,task-c/archicad/task-03/task-03.json,archicad,✅,✅,未禁止,—,⚪,
c-archicad-task-04-windows,task-c/archicad/task-04/task-04.json,archicad,✅,✅,未禁止,—,⚪,
c-archicad-task-05-windows,task-c/archicad/task-05/task-05.json,archicad,✅,✅,未禁止,—,⚪,
c-archicad-task-06-windows,task-c/archicad/task-06/task-06.json,archicad,✅,✅,未禁止,—,⚪,
c-archicad-task-07-windows,task-c/archicad/task-07/task-07.json,archicad,✅,✅,未禁止,—,⚪,
c-archicad-task-08-windows,task-c/archicad/task-08/task-08.json,archicad,✅,✅,未禁止,—,⚪,
c-archicad-task-09-windows,task-c/archicad/task-09/task-09.json,archicad,✅,✅,未禁止,—,⚪,
c-archicad-task-10-windows,task-c/archicad/task-10/task-10.json,archicad,✅,✅,未禁止,—,⚪,
c-archicad-task-11-windows,task-c/archicad/task-11/task-11.json,archicad,✅,✅,未禁止,—,⚪,
c-archicad-task-12-windows,task-c/archicad/task-12/task-12.json,archicad,✅,✅,未禁止,—,⚪,
c-archicad-task-13-windows,task-c/archicad/task-13/task-13.json,archicad,✅,✅,未禁止,—,⚪,
c-archicad-task-14-windows,task-c/archicad/task-14/task-14.json,archicad,✅,✅,未禁止,—,⚪,
c-archicad-task-15-windows,task-c/archicad/task-15/task-15.json,archicad,✅,✅,未禁止,—,⚪,
c-archicad-task-16-windows,task-c/archicad/task-16/task-16.json,archicad,✅,✅,未禁止,—,⚪,
c-archicad-task-17-windows,task-c/archicad/task-17/task-17.json,archicad,✅,✅,未禁止,—,⚪,
c-archicad-task-18-windows,task-c/archicad/task-18/task-18.json,archicad,✅,✅,未禁止,—,⚪,
c-archicad-task-19-windows,task-c/archicad/task-19/task-19.json,archicad,✅,✅,未禁止,—,⚪,
c-archicad-task-20-windows,task-c/archicad/task-20/task-20.json,archicad,✅,✅,未禁止,—,⚪,
c-autocad-task-01-windows,task-c/autocad/task-01/task-01.json,autocad,✅,✅,未禁止,—,⚪,
c-autocad-task-02-windows,task-c/autocad/task-02/task-02.json,autocad,✅,✅,未禁止,—,⚪,
c-autocad-task-03-windows,task-c/autocad/task-03/task-03.json,autocad,✅,✅,未禁止,—,⚪,
c-autocad-task-04-windows,task-c/autocad/task-04/task-04.json,autocad,✅,✅,未禁止,—,⚪,
c-autocad-task-05-windows,task-c/autocad/task-05/task-05.json,autocad,✅,✅,未禁止,—,⚪,
c-autocad-task-06-windows,task-c/autocad/task-06/task-06.json,autocad,✅,✅,未禁止,—,⚪,
c-autocad-task-07-windows,task-c/autocad/task-07/task-07.json,autocad,✅,✅,未禁止,—,⚪,
c-autocad-task-08-windows,task-c/autocad/task-08/task-08.json,autocad,✅,✅,未禁止,—,⚪,
c-autocad-task-09-windows,task-c/autocad/task-09/task-09.json,autocad,✅,✅,未禁止,—,⚪,
c-autocad-task-10-windows,task-c/autocad/task-10/task-10.json,autocad,✅,✅,未禁止,—,⚪,
c-autocad-task-11-windows,task-c/autocad/task-11/task-11.json,autocad,✅,✅,未禁止,—,⚪,
c-autocad-task-12-windows,task-c/autocad/task-12/task-12.json,autocad,✅,✅,未禁止,—,⚪,
c-autocad-task-13-windows,task-c/autocad/task-13/task-13.json,autocad,✅,✅,未禁止,—,⚪,
c-autocad-task-14-windows,task-c/autocad/task-14/task-14.json,autocad,✅,✅,未禁止,—,⚪,
c-autocad-task-15-windows,task-c/autocad/task-15/task-15.json,autocad,✅,✅,未禁止,—,⚪,
c-autocad-task-16-windows,task-c/autocad/task-16/task-16.json,autocad,✅,✅,未禁止,—,⚪,
c-autocad-task-17-windows,task-c/autocad/task-17/task-17.json,autocad,✅,✅,未禁止,—,⚪,
c-autocad-task-18-windows,task-c/autocad/task-18/task-18.json,autocad,✅,✅,未禁止,—,⚪,
c-autocad-task-19-windows,task-c/autocad/task-19/task-19.json,autocad,✅,✅,未禁止,—,⚪,
c-autocad-task-20-windows,task-c/autocad/task-20/task-20.json,autocad,✅,✅,未禁止,—,⚪,
c-blender-task-01-ubuntu,task-c/blender/task-01/task-01.json,blender,⚠️,✅,未禁止,—,⚪,有 Launch 表述但未给出可比对路径: GN Cable Sag. `/home/user/Desktop/scene.blend` contains two Empties and one empty mesh: - Empty `A` at world location (-
c-blender-task-02-ubuntu,task-c/blender/task-02/task-02.json,blender,⚠️,✅,未禁止,—,⚪,"有 Launch 表述但未给出可比对路径: Simulation Zone Confetti. `/home/user/Desktop/scene.blend` contains: - A mesh plane `Emitter` centered at world (0, 0, 5"
c-blender-task-03-ubuntu,task-c/blender/task-03/task-03.json,blender,⚠️,✅,未禁止,—,⚪,有 Launch 表述但未给出可比对路径: Menger Sponge via Geometry Nodes (Repeat Zone) `/home/user/Desktop/scene.blend` contains a single mesh object `Sponge` a
c-blender-task-04-ubuntu,task-c/blender/task-04/task-04.json,blender,⚠️,✅,未禁止,—,⚪,有 Launch 表述但未给出可比对路径: Procedural Tree with LOD. `/home/user/Desktop/scene.blend` contains a single mesh object named `Tree` sitting at the wor
c-blender-task-05-ubuntu,task-c/blender/task-05/task-05.json,blender,⚠️,✅,未禁止,—,⚪,有 Launch 表述但未给出可比对路径: Proximity Vertex Group. `/home/user/Desktop/scene.blend` contains two mesh objects: - `Skin`: a 4x4 BU plane in XY cente
c-blender-task-06-ubuntu,task-c/blender/task-06/task-06.json,blender,⚠️,✅,未禁止,—,⚪,有 Launch 表述但未给出可比对路径: Field-Driven Instance Rotation. `/home/user/Desktop/scene.blend` contains two mesh objects: - `Globe`: a UV sphere at th
c-blender-task-07-ubuntu,task-c/blender/task-07/task-07.json,blender,⚠️,✅,未禁止,—,⚪,有 Launch 表述但未给出可比对路径: Heightmap to Terrain Mesh `/home/user/Desktop/height.png` is a 64×64 8-bit grayscale PNG. `/home/user/Desktop/template.b
c-blender-task-08-ubuntu,task-c/blender/task-08/task-08.json,blender,⚠️,✅,未禁止,—,⚪,有 Launch 表述但未给出可比对路径: CSV-Driven Brick Wall `/home/user/Desktop/bricks.csv` holds 100 rows describing 100 bricks; `/home/user/Desktop/template
c-blender-task-09-ubuntu,task-c/blender/task-09/task-09.json,blender,⚠️,✅,未禁止,—,⚪,"有 Launch 表述但未给出可比对路径: bmesh Boolean Welder `/home/user/Desktop/parts.blend` contains 12 disjoint mesh objects `Part01..Part12`, each a differe"
c-blender-task-10-ubuntu,task-c/blender/task-10/task-10.json,blender,⚠️,✅,未禁止,—,⚪,有 Launch 表述但未给出可比对路径: Geometry Nodes Tree Built From Python `/home/user/Desktop/scene.blend` contains a single mesh object named `Array` at th
c-blender-task-11-ubuntu,task-c/blender/task-11/task-11.json,blender,⚠️,✅,未禁止,—,⚪,有 Launch 表述但未给出可比对路径: IK Chain + Driver Rigger `/home/user/Desktop/scene.blend` is an empty Blender scene (just the default camera + light) — 
c-blender-task-12-ubuntu,task-c/blender/task-12/task-12.json,blender,⚠️,✅,未禁止,—,⚪,有 Launch 表述但未给出可比对路径: Three-Point Studio Lighting `/home/user/Desktop/character.blend` contains a simple humanoid stand-in at the origin built
c-blender-task-13-ubuntu,task-c/blender/task-13/task-13.json,blender,⚠️,✅,未禁止,—,⚪,"有 Launch 表述但未给出可比对路径: Compositor multi-output: beauty + depth. `/home/user/Desktop/scene.blend` contains: - Three cubes named `Cube_Y1`, `Cube"
c-blender-task-14-ubuntu,task-c/blender/task-14/task-14.json,blender,⚠️,✅,未禁止,—,⚪,"有 Launch 表述但未给出可比对路径: AOV output -> MultiLayer EXR. `/home/user/Desktop/scene.blend` contains: - Three UV spheres named `Sphere_R`, `Sphere_G`"
c-blender-task-15-ubuntu,task-c/blender/task-15/task-15.json,blender,⚠️,✅,未禁止,—,⚪,有 Launch 表述但未给出可比对路径: Compositor Glare (Fog Glow) vs raw. `/home/user/Desktop/scene.blend` contains: - A tiny bright emissive sphere (radius 0
c-blender-task-16-ubuntu,task-c/blender/task-16/task-16.json,blender,⚠️,✅,未禁止,—,⚪,"有 Launch 表述但未给出可比对路径: Normal Bake High → Low `/home/user/Desktop/hi_low.blend` contains two mesh objects: • `HighPoly` — a subdivided, noise-d"
c-blender-task-17-ubuntu,task-c/blender/task-17/task-17.json,blender,⚠️,✅,未禁止,—,⚪,有 Launch 表述但未给出可比对路径: PBR Texture Set -> Shader Graph Wiring `/home/user/Desktop/sphere.blend` contains a UV sphere `Sphere` at the origin wit
c-blender-task-18-ubuntu,task-c/blender/task-18/task-18.json,blender,⚠️,✅,未禁止,—,⚪,有 Launch 表述但未给出可比对路径: UV Pack + Bake Ambient Occlusion `/home/user/Desktop/scene.blend` contains a single mesh object `BumpyMesh`: a 2x2x2 sub
c-blender-task-19-ubuntu,task-c/blender/task-19/task-19.json,blender,⚠️,✅,未禁止,—,⚪,有 Launch 表述但未给出可比对路径: Spine IK Bend `/home/user/Desktop/scene.blend` is an empty Blender scene (just the default camera + light) - no armature
c-blender-task-20-ubuntu,task-c/blender/task-20/task-20.json,blender,⚠️,✅,未禁止,—,⚪,有 Launch 表述但未给出可比对路径: FK/IK Switch via Driver `/home/user/Desktop/scene.blend` contains an armature object `Rig` at the origin with 3 connecte
c-blender-task-21-ubuntu,task-c/blender/task-21/task-21.json,blender,⚠️,✅,未禁止,—,⚪,有 Launch 表述但未给出可比对路径: BVH Retarget + Bake to Action `/home/user/Desktop/character.blend` contains an armature object named `Character` with bo
c-blender-task-22-ubuntu,task-c/blender/task-22/task-22.json,blender,⚠️,✅,未禁止,—,⚪,有 Launch 表述但未给出可比对路径: Shape-key Smile Morph + Bone Driver `/home/user/Desktop/scene.blend` contains: - A mesh object `Face` (a subdivided plan
c-blender-task-23-ubuntu,task-c/blender/task-23/task-23.json,blender,⚠️,✅,未禁止,—,⚪,"有 Launch 表述但未给出可比对路径: Cloth Drape Alembic `/home/user/Desktop/scene.blend` contains: - A `Sphere` UV-sphere mesh at the origin (radius 1.0, 32"
c-blender-task-24-ubuntu,task-c/blender/task-24/task-24.json,blender,⚠️,✅,未禁止,—,⚪,"有 Launch 表述但未给出可比对路径: Rigid Body Bake to Keyframes `/home/user/Desktop/scene.blend` contains: - A `Ground` box (20x20x0.2 BU, top face at z=0)"
c-blender-task-25-ubuntu,task-c/blender/task-25/task-25.json,blender,⚠️,✅,未禁止,—,⚪,有 Launch 表述但未给出可比对路径: Procedural Wood Material `/home/user/Desktop/scene.blend` contains a 2x2 BU UV-unwrapped plane named `Board` at the orig
c-blender-task-26-ubuntu,task-c/blender/task-26/task-26.json,blender,⚠️,✅,未禁止,—,⚪,有 Launch 表述但未给出可比对路径: Car Paint Shader (two-lobe BSDF) `/home/user/Desktop/scene.blend` contains a UV sphere `PaintBall` at the origin (radius
c-blender-task-27-ubuntu,task-c/blender/task-27/task-27.json,blender,⚠️,✅,未禁止,—,⚪,有 Launch 表述但未给出可比对路径: Triplanar Projection `/home/user/Desktop/scene.blend` contains a torus mesh object `TorusTri` at the origin (major_radiu
c-blender-task-28-ubuntu,task-c/blender/task-28/task-28.json,blender,⚠️,✅,未禁止,—,⚪,"有 Launch 表述但未给出可比对路径: Rotate Middle Arm, Preserve End-Effector World Position `/home/user/Desktop/scene.blend` contains three mesh objects `Ar"
c-blender-task-29-ubuntu,task-c/blender/task-29/task-29.json,blender,⚠️,✅,未禁止,—,⚪,有 Launch 表述但未给出可比对路径: Weight-Selective Bevel `/home/user/Desktop/scene.blend` contains a single mesh object `Block` (a cube of dimensions 2x2x
c-blender-task-30-ubuntu,task-c/blender/task-30/task-30.json,blender,⚠️,✅,未禁止,—,⚪,有 Launch 表述但未给出可比对路径: Parametric Row of Through-Holes `/home/user/Desktop/scene.blend` holds a single mesh object named `Plate`: a rectangular
c-blender-task-31-ubuntu,task-c/blender/task-31/task-31.json,blender,⚠️,✅,未禁止,—,⚪,有 Launch 表述但未给出可比对路径: Retopology Target-Count Decimation `/home/user/Desktop/scene.blend` contains a single dense mesh object `HighPoly` — a c
c-blender-task-32-ubuntu,task-c/blender/task-32/task-32.json,blender,⚠️,✅,未禁止,—,⚪,有 Launch 表述但未给出可比对路径: Boolean Multi-Hole Plate `/home/user/Desktop/scene.blend` contains a single mesh object `Plate`: a rectangular slab of d
c-blender-task-33-ubuntu,task-c/blender/task-33/task-33.json,blender,⚠️,✅,未禁止,—,⚪,有 Launch 表述但未给出可比对路径: OBJ scale-and-axis cleanup `/home/user/Desktop/scan.obj` is a scanned mesh that was produced by a 3D scanner and saved w
c-blender-task-34-ubuntu,task-c/blender/task-34/task-34.json,blender,⚠️,✅,未禁止,—,⚪,有 Launch 表述但未给出可比对路径: glTF 2.0 roundtrip with PBR materials `/home/user/Desktop/ch.blend` contains a simple character scene: three mesh object
c-blender-task-35-ubuntu,task-c/blender/task-35/task-35.json,blender,⚠️,✅,未禁止,—,⚪,有 Launch 表述但未给出可比对路径: USD preview surface export `/home/user/Desktop/scene.blend` contains two unit cubes with Principled BSDF materials. Unit
c-blender-task-36-ubuntu,task-c/blender/task-36/task-36.json,blender,⚠️,✅,未禁止,—,⚪,"有 Launch 表述但未给出可比对路径: Texture-Link Repair `/home/user/Desktop/scene.blend` contains three mesh planes `Plane_R`, `Plane_G`, `Plane_B` at x=-2,"
c-blender-task-37-ubuntu,task-c/blender/task-37/task-37.json,blender,⚠️,✅,未禁止,—,⚪,有 Launch 表述但未给出可比对路径: Library Link + Override `/home/user/Desktop/scene.blend` is an empty scene. `/home/user/Desktop/lib/characters.blend` is
c-blender-task-38-ubuntu,task-c/blender/task-38/task-38.json,blender,⚠️,✅,未禁止,—,⚪,有 Launch 表述但未给出可比对路径: Append asset-library material `/home/user/Desktop/scene.blend` is a scene containing a single mesh object `Target` (a cu
c-blender-task-39-ubuntu,task-c/blender/task-39/task-39.json,blender,⚠️,✅,未禁止,—,⚪,有 Launch 表述但未给出可比对路径: Scan → Retopo → Unwrap → Bake → Render (the flagship chain) `/home/user/Desktop/scene.blend` contains a single high-poly
c-blender-task-40-ubuntu,task-c/blender/task-40/task-40.json,blender,⚠️,✅,未禁止,—,⚪,有 Launch 表述但未给出可比对路径: CSV -> Geometry Nodes -> Shader -> Animation -> Render `/home/user/Desktop/scene.blend` contains an almost-empty scene: 
c-blender-task-41-ubuntu,task-c/blender/task-41/task-41.json,blender,⚠️,✅,未禁止,—,⚪,有 Launch 表述但未给出可比对路径: BVH retarget -> FK/IK switch -> bake -> Alembic export This is a long-chain task combining four real Blender stages. You
c-blender-task-42-ubuntu,task-c/blender/task-42/task-42.json,blender,⚠️,✅,未禁止,—,⚪,"有 Launch 表述但未给出可比对路径: Broken Scene Repair `/home/user/Desktop/scene.blend` is the initial Blender scene. It suffers from five concrete, common"
c-blender-task-43-ubuntu,task-c/blender/task-43/task-43.json,blender,⚠️,✅,未禁止,—,⚪,有 Launch 表述但未给出可比对路径: Camera Silhouette Optimization. `/home/user/Desktop/scene.blend` contains: - A single asymmetric mesh object named `Targ
c-blender-task-44-ubuntu,task-c/blender/task-44/task-44.json,blender,⚠️,✅,未禁止,—,⚪,有 Launch 表述但未给出可比对路径: Procedural city USD export. `/home/user/Desktop/scene.blend` contains an empty 20 x 20 BU ground plane at Z=0 (with a gr
c-blender-task-45-ubuntu,task-c/blender/task-45/task-45.json,blender,⚠️,✅,未禁止,—,⚪,有 Launch 表述但未给出可比对路径: Non-Manifold Repair `/home/user/Desktop/scene.blend` contains a single mesh object `Part` with geometric defects — missi
c-blender-task-46-ubuntu,task-c/blender/task-46/task-46.json,blender,⚠️,✅,未禁止,—,⚪,有 Launch 表述但未给出可比对路径: Modifier-Order Bug `/home/user/Desktop/scene.blend` contains a mesh object `Body` with two unapplied modifiers (a Boolea
c-blender-task-47-ubuntu,task-c/blender/task-47/task-47.json,blender,⚠️,✅,未禁止,—,⚪,"有 Launch 表述但未给出可比对路径: Broken Driver Expression `/home/user/Desktop/scene.blend` contains two mesh objects, `Source` and `Driven`. `Driven.loca"
c-blender-task-48-ubuntu,task-c/blender/task-48/task-48.json,blender,⚠️,✅,未禁止,—,⚪,有 Launch 表述但未给出可比对路径: Purge Orphan Datablocks `/home/user/Desktop/scene.blend` contains one mesh object `Cube` whose sole material `Mat_InUse`
c-blender-task-49-ubuntu,task-c/blender/task-49/task-49.json,blender,⚠️,✅,未禁止,—,⚪,有 Launch 表述但未给出可比对路径: Rename Armature Bones to Restore Skinning `/home/user/Desktop/scene.blend` contains an armature object `Rig` (a 4-bone c
c-blender-task-50-ubuntu,task-c/blender/task-50/task-50.json,blender,⚠️,✅,未禁止,—,⚪,有 Launch 表述但未给出可比对路径: Shader Colorspace Corruption `/home/user/Desktop/scene.blend` contains a UV-mapped plate `Plate` with a Principled BSDF 
c-bonsai-task-01-ubuntu,task-c/bonsai/task-01/task-01.json,bonsai,⚠️,✅,未禁止,—,⚪,instruction 中未声明启动路径
c-bonsai-task-02-ubuntu,task-c/bonsai/task-02/task-02.json,bonsai,⚠️,✅,未禁止,—,⚪,instruction 中未声明启动路径
c-bonsai-task-03-ubuntu,task-c/bonsai/task-03/task-03.json,bonsai,⚠️,✅,未禁止,—,⚪,instruction 中未声明启动路径
c-bonsai-task-04-ubuntu,task-c/bonsai/task-04/task-04.json,bonsai,⚠️,✅,未禁止,—,⚪,instruction 中未声明启动路径
c-bonsai-task-05-ubuntu,task-c/bonsai/task-05/task-05.json,bonsai,⚠️,✅,未禁止,—,⚪,instruction 中未声明启动路径
c-bonsai-task-06-ubuntu,task-c/bonsai/task-06/task-06.json,bonsai,⚠️,✅,未禁止,—,⚪,instruction 中未声明启动路径
c-bonsai-task-07-ubuntu,task-c/bonsai/task-07/task-07.json,bonsai,⚠️,✅,未禁止,—,⚪,instruction 中未声明启动路径
c-bonsai-task-08-ubuntu,task-c/bonsai/task-08/task-08.json,bonsai,⚠️,✅,未禁止,—,⚪,instruction 中未声明启动路径
c-bonsai-task-09-ubuntu,task-c/bonsai/task-09/task-09.json,bonsai,⚠️,✅,未禁止,—,⚪,instruction 中未声明启动路径
c-bonsai-task-10-ubuntu,task-c/bonsai/task-10/task-10.json,bonsai,⚠️,✅,未禁止,—,⚪,instruction 中未声明启动路径
c-bonsai-task-11-ubuntu,task-c/bonsai/task-11/task-11.json,bonsai,⚠️,✅,未禁止,—,⚪,instruction 中未声明启动路径
c-bonsai-task-12-ubuntu,task-c/bonsai/task-12/task-12.json,bonsai,⚠️,✅,未禁止,—,⚪,instruction 中未声明启动路径
c-bonsai-task-13-ubuntu,task-c/bonsai/task-13/task-13.json,bonsai,⚠️,✅,未禁止,—,⚪,instruction 中未声明启动路径
c-bonsai-task-14-ubuntu,task-c/bonsai/task-14/task-14.json,bonsai,⚠️,✅,未禁止,—,⚪,instruction 中未声明启动路径
c-bonsai-task-15-ubuntu,task-c/bonsai/task-15/task-15.json,bonsai,⚠️,✅,未禁止,—,⚪,instruction 中未声明启动路径
c-bonsai-task-16-ubuntu,task-c/bonsai/task-16/task-16.json,bonsai,⚠️,✅,未禁止,—,⚪,instruction 中未声明启动路径
c-bonsai-task-17-ubuntu,task-c/bonsai/task-17/task-17.json,bonsai,⚠️,✅,未禁止,—,⚪,instruction 中未声明启动路径
c-bonsai-task-18-ubuntu,task-c/bonsai/task-18/task-18.json,bonsai,⚠️,✅,未禁止,—,⚪,instruction 中未声明启动路径
c-bonsai-task-19-ubuntu,task-c/bonsai/task-19/task-19.json,bonsai,⚠️,✅,未禁止,—,⚪,instruction 中未声明启动路径
c-bonsai-task-20-ubuntu,task-c/bonsai/task-20/task-20.json,bonsai,⚠️,✅,未禁止,—,⚪,instruction 中未声明启动路径
c-brl-cad-task-01-ubuntu,task-c/brl-cad/task-01/task-01.json,brl-cad,✅,✅,未禁止,—,⚪,
c-brl-cad-task-02-ubuntu,task-c/brl-cad/task-02/task-02.json,brl-cad,✅,✅,未禁止,—,⚪,
c-brl-cad-task-03-ubuntu,task-c/brl-cad/task-03/task-03.json,brl-cad,✅,✅,未禁止,—,⚪,
c-brl-cad-task-04-ubuntu,task-c/brl-cad/task-04/task-04.json,brl-cad,✅,✅,未禁止,—,⚪,
c-brl-cad-task-05-ubuntu,task-c/brl-cad/task-05/task-05.json,brl-cad,✅,✅,未禁止,—,⚪,
c-brl-cad-task-06-ubuntu,task-c/brl-cad/task-06/task-06.json,brl-cad,✅,✅,未禁止,—,⚪,
c-brl-cad-task-07-ubuntu,task-c/brl-cad/task-07/task-07.json,brl-cad,✅,✅,未禁止,—,⚪,
c-brl-cad-task-08-ubuntu,task-c/brl-cad/task-08/task-08.json,brl-cad,✅,✅,未禁止,—,⚪,
c-brl-cad-task-09-ubuntu,task-c/brl-cad/task-09/task-09.json,brl-cad,✅,✅,未禁止,—,⚪,
c-brl-cad-task-10-ubuntu,task-c/brl-cad/task-10/task-10.json,brl-cad,✅,✅,未禁止,—,⚪,
c-brl-cad-task-11-ubuntu,task-c/brl-cad/task-11/task-11.json,brl-cad,✅,✅,未禁止,—,⚪,
c-brl-cad-task-12-ubuntu,task-c/brl-cad/task-12/task-12.json,brl-cad,✅,✅,未禁止,—,⚪,
c-brl-cad-task-13-ubuntu,task-c/brl-cad/task-13/task-13.json,brl-cad,✅,✅,未禁止,—,⚪,
c-brl-cad-task-14-ubuntu,task-c/brl-cad/task-14/task-14.json,brl-cad,✅,✅,未禁止,—,⚪,
c-brl-cad-task-15-ubuntu,task-c/brl-cad/task-15/task-15.json,brl-cad,✅,✅,未禁止,—,⚪,
c-brl-cad-task-16-ubuntu,task-c/brl-cad/task-16/task-16.json,brl-cad,✅,✅,未禁止,—,⚪,
c-brl-cad-task-17-ubuntu,task-c/brl-cad/task-17/task-17.json,brl-cad,✅,✅,未禁止,—,⚪,
c-brl-cad-task-18-ubuntu,task-c/brl-cad/task-18/task-18.json,brl-cad,✅,✅,未禁止,—,⚪,
c-brl-cad-task-19-ubuntu,task-c/brl-cad/task-19/task-19.json,brl-cad,✅,✅,未禁止,—,⚪,
c-brl-cad-task-20-ubuntu,task-c/brl-cad/task-20/task-20.json,brl-cad,✅,✅,未禁止,—,⚪,
c-cadence-orcad-task-01-windows,task-c/cadence-orcad/task-01/task-01.json,cadence-orcad,✅,✅,未禁止,—,⚪,
c-cadence-orcad-task-02-windows,task-c/cadence-orcad/task-02/task-02.json,cadence-orcad,✅,✅,未禁止,—,⚪,
c-cadence-orcad-task-03-windows,task-c/cadence-orcad/task-03/task-03.json,cadence-orcad,✅,✅,未禁止,—,⚪,
c-cadence-orcad-task-04-windows,task-c/cadence-orcad/task-04/task-04.json,cadence-orcad,✅,✅,未禁止,—,⚪,
c-cadence-orcad-task-05-windows,task-c/cadence-orcad/task-05/task-05.json,cadence-orcad,✅,✅,未禁止,—,⚪,
c-cadence-orcad-task-06-windows,task-c/cadence-orcad/task-06/task-06.json,cadence-orcad,✅,✅,未禁止,—,⚪,
c-cadence-orcad-task-07-windows,task-c/cadence-orcad/task-07/task-07.json,cadence-orcad,✅,✅,未禁止,—,⚪,
c-cadence-orcad-task-08-windows,task-c/cadence-orcad/task-08/task-08.json,cadence-orcad,✅,✅,未禁止,—,⚪,
c-cadence-orcad-task-09-windows,task-c/cadence-orcad/task-09/task-09.json,cadence-orcad,✅,✅,未禁止,—,⚪,
c-cadence-orcad-task-10-windows,task-c/cadence-orcad/task-10/task-10.json,cadence-orcad,✅,✅,未禁止,—,⚪,
c-cadence-orcad-task-11-windows,task-c/cadence-orcad/task-11/task-11.json,cadence-orcad,✅,✅,未禁止,—,⚪,
c-cadence-orcad-task-12-windows,task-c/cadence-orcad/task-12/task-12.json,cadence-orcad,✅,✅,未禁止,—,⚪,
c-cadence-orcad-task-13-windows,task-c/cadence-orcad/task-13/task-13.json,cadence-orcad,✅,✅,未禁止,—,⚪,
c-cadence-orcad-task-14-windows,task-c/cadence-orcad/task-14/task-14.json,cadence-orcad,✅,✅,未禁止,—,⚪,
c-cadence-orcad-task-15-windows,task-c/cadence-orcad/task-15/task-15.json,cadence-orcad,✅,✅,未禁止,—,⚪,
c-cadence-orcad-task-16-windows,task-c/cadence-orcad/task-16/task-16.json,cadence-orcad,✅,✅,未禁止,—,⚪,
c-cadence-orcad-task-17-windows,task-c/cadence-orcad/task-17/task-17.json,cadence-orcad,✅,✅,未禁止,—,⚪,
c-cadence-orcad-task-18-windows,task-c/cadence-orcad/task-18/task-18.json,cadence-orcad,✅,✅,未禁止,—,⚪,
c-cadence-orcad-task-19-windows,task-c/cadence-orcad/task-19/task-19.json,cadence-orcad,✅,✅,未禁止,—,⚪,
c-cadence-orcad-task-20-windows,task-c/cadence-orcad/task-20/task-20.json,cadence-orcad,✅,✅,未禁止,—,⚪,
c-cadence-orcad-task-21-windows,task-c/cadence-orcad/task-21/task-21.json,cadence-orcad,✅,✅,未禁止,—,⚪,
c-cadence-orcad-task-22-windows,task-c/cadence-orcad/task-22/task-22.json,cadence-orcad,✅,✅,未禁止,—,⚪,
c-cadence-orcad-task-23-windows,task-c/cadence-orcad/task-23/task-23.json,cadence-orcad,✅,✅,未禁止,—,⚪,
c-cadence-orcad-task-24-windows,task-c/cadence-orcad/task-24/task-24.json,cadence-orcad,✅,✅,未禁止,—,⚪,
c-cadence-orcad-task-25-windows,task-c/cadence-orcad/task-25/task-25.json,cadence-orcad,✅,✅,未禁止,—,⚪,
c-cadence-orcad-task-26-windows,task-c/cadence-orcad/task-26/task-26.json,cadence-orcad,✅,✅,未禁止,—,⚪,
c-cadence-orcad-task-27-windows,task-c/cadence-orcad/task-27/task-27.json,cadence-orcad,✅,✅,未禁止,—,⚪,
c-cadence-orcad-task-28-windows,task-c/cadence-orcad/task-28/task-28.json,cadence-orcad,✅,✅,未禁止,—,⚪,
c-cadence-orcad-task-29-windows,task-c/cadence-orcad/task-29/task-29.json,cadence-orcad,✅,✅,未禁止,—,⚪,
c-cadence-orcad-task-30-windows,task-c/cadence-orcad/task-30/task-30.json,cadence-orcad,✅,✅,未禁止,—,⚪,
c-calculix-task-01-ubuntu,task-c/calculix/task-01/task-01.json,calculix,✅,✅,未禁止,—,⚪,
c-calculix-task-02-ubuntu,task-c/calculix/task-02/task-02.json,calculix,✅,✅,未禁止,—,⚪,
c-calculix-task-03-ubuntu,task-c/calculix/task-03/task-03.json,calculix,✅,✅,未禁止,—,⚪,
c-calculix-task-04-ubuntu,task-c/calculix/task-04/task-04.json,calculix,✅,✅,未禁止,—,⚪,
c-calculix-task-05-ubuntu,task-c/calculix/task-05/task-05.json,calculix,✅,✅,未禁止,—,⚪,
c-calculix-task-06-ubuntu,task-c/calculix/task-06/task-06.json,calculix,✅,✅,未禁止,—,⚪,
c-calculix-task-07-ubuntu,task-c/calculix/task-07/task-07.json,calculix,✅,✅,未禁止,—,⚪,
c-calculix-task-08-ubuntu,task-c/calculix/task-08/task-08.json,calculix,✅,✅,未禁止,—,⚪,
c-calculix-task-09-ubuntu,task-c/calculix/task-09/task-09.json,calculix,✅,✅,未禁止,—,⚪,
c-calculix-task-10-ubuntu,task-c/calculix/task-10/task-10.json,calculix,✅,✅,未禁止,—,⚪,
c-calculix-task-11-ubuntu,task-c/calculix/task-11/task-11.json,calculix,✅,✅,未禁止,—,⚪,
c-calculix-task-12-ubuntu,task-c/calculix/task-12/task-12.json,calculix,✅,✅,未禁止,—,⚪,
c-calculix-task-13-ubuntu,task-c/calculix/task-13/task-13.json,calculix,✅,✅,未禁止,—,⚪,
c-calculix-task-14-ubuntu,task-c/calculix/task-14/task-14.json,calculix,✅,✅,未禁止,—,⚪,
c-calculix-task-15-ubuntu,task-c/calculix/task-15/task-15.json,calculix,✅,✅,未禁止,—,⚪,
c-calculix-task-16-ubuntu,task-c/calculix/task-16/task-16.json,calculix,✅,✅,未禁止,—,⚪,
c-calculix-task-17-ubuntu,task-c/calculix/task-17/task-17.json,calculix,✅,✅,未禁止,—,⚪,
c-calculix-task-18-ubuntu,task-c/calculix/task-18/task-18.json,calculix,✅,✅,未禁止,—,⚪,
c-calculix-task-19-ubuntu,task-c/calculix/task-19/task-19.json,calculix,✅,✅,未禁止,—,⚪,
c-calculix-task-20-ubuntu,task-c/calculix/task-20/task-20.json,calculix,✅,✅,未禁止,—,⚪,
c-eagle-task-01-ubuntu,task-c/eagle/task-01/task-01.json,eagle,✅,✅,未禁止,—,⚪,
c-eagle-task-02-ubuntu,task-c/eagle/task-02/task-02.json,eagle,✅,✅,未禁止,—,⚪,
c-eagle-task-03-ubuntu,task-c/eagle/task-03/task-03.json,eagle,✅,✅,未禁止,—,⚪,
c-eagle-task-04-ubuntu,task-c/eagle/task-04/task-04.json,eagle,✅,✅,未禁止,—,⚪,
c-eagle-task-05-ubuntu,task-c/eagle/task-05/task-05.json,eagle,✅,✅,未禁止,—,⚪,
c-eagle-task-06-ubuntu,task-c/eagle/task-06/task-06.json,eagle,✅,✅,未禁止,—,⚪,
c-eagle-task-07-ubuntu,task-c/eagle/task-07/task-07.json,eagle,✅,✅,未禁止,—,⚪,
c-eagle-task-08-ubuntu,task-c/eagle/task-08/task-08.json,eagle,✅,✅,未禁止,—,⚪,
c-eagle-task-09-ubuntu,task-c/eagle/task-09/task-09.json,eagle,✅,✅,未禁止,—,⚪,
c-eagle-task-10-ubuntu,task-c/eagle/task-10/task-10.json,eagle,✅,✅,未禁止,—,⚪,
c-eagle-task-11-ubuntu,task-c/eagle/task-11/task-11.json,eagle,✅,✅,未禁止,—,⚪,
c-eagle-task-12-ubuntu,task-c/eagle/task-12/task-12.json,eagle,✅,✅,未禁止,—,⚪,
c-eagle-task-13-ubuntu,task-c/eagle/task-13/task-13.json,eagle,✅,✅,未禁止,—,⚪,
c-eagle-task-14-ubuntu,task-c/eagle/task-14/task-14.json,eagle,✅,✅,未禁止,—,⚪,
c-eagle-task-15-ubuntu,task-c/eagle/task-15/task-15.json,eagle,✅,✅,未禁止,—,⚪,
c-eagle-task-16-ubuntu,task-c/eagle/task-16/task-16.json,eagle,✅,✅,未禁止,—,⚪,
c-eagle-task-17-ubuntu,task-c/eagle/task-17/task-17.json,eagle,✅,✅,未禁止,—,⚪,
c-eagle-task-18-ubuntu,task-c/eagle/task-18/task-18.json,eagle,✅,✅,未禁止,—,⚪,
c-eagle-task-19-ubuntu,task-c/eagle/task-19/task-19.json,eagle,✅,✅,未禁止,—,⚪,
c-eagle-task-20-ubuntu,task-c/eagle/task-20/task-20.json,eagle,✅,✅,未禁止,—,⚪,
c-eagle-task-21-ubuntu,task-c/eagle/task-21/task-21.json,eagle,✅,✅,未禁止,—,⚪,
c-eagle-task-22-ubuntu,task-c/eagle/task-22/task-22.json,eagle,✅,✅,未禁止,—,⚪,
c-eagle-task-23-ubuntu,task-c/eagle/task-23/task-23.json,eagle,✅,✅,未禁止,—,⚪,
c-fenics-task-01-ubuntu,task-c/fenics/task-01/task-01.json,fenics,⚠️,✅,未禁止,—,⚪,instruction 中未声明启动路径
c-fenics-task-02-ubuntu,task-c/fenics/task-02/task-02.json,fenics,⚠️,✅,未禁止,—,⚪,instruction 中未声明启动路径
c-fenics-task-03-ubuntu,task-c/fenics/task-03/task-03.json,fenics,⚠️,✅,未禁止,—,⚪,instruction 中未声明启动路径
c-fenics-task-04-ubuntu,task-c/fenics/task-04/task-04.json,fenics,⚠️,✅,未禁止,—,⚪,instruction 中未声明启动路径
c-fenics-task-05-ubuntu,task-c/fenics/task-05/task-05.json,fenics,⚠️,✅,未禁止,—,⚪,instruction 中未声明启动路径
c-fenics-task-06-ubuntu,task-c/fenics/task-06/task-06.json,fenics,⚠️,✅,未禁止,—,⚪,instruction 中未声明启动路径
c-fenics-task-07-ubuntu,task-c/fenics/task-07/task-07.json,fenics,⚠️,✅,未禁止,—,⚪,instruction 中未声明启动路径
c-fenics-task-08-ubuntu,task-c/fenics/task-08/task-08.json,fenics,⚠️,✅,未禁止,—,⚪,instruction 中未声明启动路径
c-fenics-task-09-ubuntu,task-c/fenics/task-09/task-09.json,fenics,⚠️,✅,未禁止,—,⚪,instruction 中未声明启动路径
c-fenics-task-10-ubuntu,task-c/fenics/task-10/task-10.json,fenics,⚠️,✅,未禁止,—,⚪,instruction 中未声明启动路径
c-fenics-task-11-ubuntu,task-c/fenics/task-11/task-11.json,fenics,⚠️,✅,未禁止,—,⚪,instruction 中未声明启动路径
c-fenics-task-12-ubuntu,task-c/fenics/task-12/task-12.json,fenics,⚠️,✅,未禁止,—,⚪,instruction 中未声明启动路径
c-fenics-task-13-ubuntu,task-c/fenics/task-13/task-13.json,fenics,⚠️,✅,未禁止,—,⚪,instruction 中未声明启动路径
c-fenics-task-14-ubuntu,task-c/fenics/task-14/task-14.json,fenics,⚠️,✅,未禁止,—,⚪,instruction 中未声明启动路径
c-fenics-task-15-ubuntu,task-c/fenics/task-15/task-15.json,fenics,⚠️,✅,未禁止,—,⚪,instruction 中未声明启动路径
c-fenics-task-16-ubuntu,task-c/fenics/task-16/task-16.json,fenics,⚠️,✅,未禁止,—,⚪,instruction 中未声明启动路径
c-fenics-task-17-ubuntu,task-c/fenics/task-17/task-17.json,fenics,⚠️,✅,未禁止,—,⚪,instruction 中未声明启动路径
c-fenics-task-18-ubuntu,task-c/fenics/task-18/task-18.json,fenics,⚠️,✅,未禁止,—,⚪,instruction 中未声明启动路径
c-fenics-task-19-ubuntu,task-c/fenics/task-19/task-19.json,fenics,⚠️,✅,未禁止,—,⚪,instruction 中未声明启动路径
c-fenics-task-20-ubuntu,task-c/fenics/task-20/task-20.json,fenics,⚠️,✅,未禁止,—,⚪,instruction 中未声明启动路径
c-floris-task-01-ubuntu,task-c/floris/task-01/task-01.json,floris,⚠️,✅,未禁止,—,⚪,instruction 中未声明启动路径
c-floris-task-02-ubuntu,task-c/floris/task-02/task-02.json,floris,⚠️,✅,未禁止,—,⚪,instruction 中未声明启动路径
c-floris-task-03-ubuntu,task-c/floris/task-03/task-03.json,floris,⚠️,✅,未禁止,—,⚪,instruction 中未声明启动路径
c-floris-task-04-ubuntu,task-c/floris/task-04/task-04.json,floris,⚠️,✅,未禁止,—,⚪,instruction 中未声明启动路径
c-floris-task-05-ubuntu,task-c/floris/task-05/task-05.json,floris,⚠️,✅,未禁止,—,⚪,instruction 中未声明启动路径
c-floris-task-06-ubuntu,task-c/floris/task-06/task-06.json,floris,⚠️,✅,未禁止,—,⚪,instruction 中未声明启动路径
c-floris-task-07-ubuntu,task-c/floris/task-07/task-07.json,floris,⚠️,✅,未禁止,—,⚪,instruction 中未声明启动路径
c-floris-task-08-ubuntu,task-c/floris/task-08/task-08.json,floris,⚠️,✅,未禁止,—,⚪,instruction 中未声明启动路径
c-floris-task-09-ubuntu,task-c/floris/task-09/task-09.json,floris,⚠️,✅,未禁止,—,⚪,instruction 中未声明启动路径
c-floris-task-10-ubuntu,task-c/floris/task-10/task-10.json,floris,⚠️,✅,未禁止,—,⚪,instruction 中未声明启动路径
c-floris-task-11-ubuntu,task-c/floris/task-11/task-11.json,floris,⚠️,✅,未禁止,—,⚪,instruction 中未声明启动路径
c-floris-task-12-ubuntu,task-c/floris/task-12/task-12.json,floris,⚠️,✅,未禁止,—,⚪,instruction 中未声明启动路径
c-floris-task-13-ubuntu,task-c/floris/task-13/task-13.json,floris,⚠️,✅,未禁止,—,⚪,instruction 中未声明启动路径
c-floris-task-14-ubuntu,task-c/floris/task-14/task-14.json,floris,⚠️,✅,未禁止,—,⚪,instruction 中未声明启动路径
c-floris-task-15-ubuntu,task-c/floris/task-15/task-15.json,floris,⚠️,✅,未禁止,—,⚪,instruction 中未声明启动路径
c-floris-task-16-ubuntu,task-c/floris/task-16/task-16.json,floris,⚠️,✅,未禁止,—,⚪,instruction 中未声明启动路径
c-floris-task-17-ubuntu,task-c/floris/task-17/task-17.json,floris,⚠️,✅,未禁止,—,⚪,instruction 中未声明启动路径
c-floris-task-18-ubuntu,task-c/floris/task-18/task-18.json,floris,⚠️,✅,未禁止,—,⚪,instruction 中未声明启动路径
c-floris-task-19-ubuntu,task-c/floris/task-19/task-19.json,floris,⚠️,✅,未禁止,—,⚪,instruction 中未声明启动路径
c-floris-task-20-ubuntu,task-c/floris/task-20/task-20.json,floris,⚠️,✅,未禁止,—,⚪,instruction 中未声明启动路径
c-freecad-task-01-ubuntu,task-c/freecad/task-01/task-01.json,freecad,✅,✅,未禁止,—,⚪,
c-freecad-task-02-ubuntu,task-c/freecad/task-02/task-02.json,freecad,✅,✅,未禁止,—,⚪,
c-freecad-task-03-ubuntu,task-c/freecad/task-03/task-03.json,freecad,✅,✅,未禁止,—,⚪,
c-freecad-task-04-ubuntu,task-c/freecad/task-04/task-04.json,freecad,✅,✅,未禁止,—,⚪,
c-freecad-task-05-ubuntu,task-c/freecad/task-05/task-05.json,freecad,✅,✅,未禁止,—,⚪,
c-freecad-task-06-ubuntu,task-c/freecad/task-06/task-06.json,freecad,✅,✅,未禁止,—,⚪,
c-freecad-task-07-ubuntu,task-c/freecad/task-07/task-07.json,freecad,✅,✅,未禁止,—,⚪,
c-freecad-task-08-ubuntu,task-c/freecad/task-08/task-08.json,freecad,✅,✅,未禁止,—,⚪,
c-freecad-task-09-ubuntu,task-c/freecad/task-09/task-09.json,freecad,✅,✅,未禁止,—,⚪,
c-freecad-task-10-ubuntu,task-c/freecad/task-10/task-10.json,freecad,✅,✅,未禁止,—,⚪,
c-freecad-task-11-ubuntu,task-c/freecad/task-11/task-11.json,freecad,✅,✅,未禁止,—,⚪,
c-freecad-task-12-ubuntu,task-c/freecad/task-12/task-12.json,freecad,✅,✅,未禁止,—,⚪,
c-freecad-task-13-ubuntu,task-c/freecad/task-13/task-13.json,freecad,✅,✅,未禁止,—,⚪,
c-freecad-task-14-ubuntu,task-c/freecad/task-14/task-14.json,freecad,✅,✅,未禁止,—,⚪,
c-freecad-task-15-ubuntu,task-c/freecad/task-15/task-15.json,freecad,✅,✅,未禁止,—,⚪,
c-freecad-task-16-ubuntu,task-c/freecad/task-16/task-16.json,freecad,✅,✅,未禁止,—,⚪,
c-freecad-task-17-ubuntu,task-c/freecad/task-17/task-17.json,freecad,✅,✅,未禁止,—,⚪,
c-freecad-task-18-ubuntu,task-c/freecad/task-18/task-18.json,freecad,✅,✅,未禁止,—,⚪,
c-freecad-task-19-ubuntu,task-c/freecad/task-19/task-19.json,freecad,✅,✅,未禁止,—,⚪,
c-freecad-task-20-ubuntu,task-c/freecad/task-20/task-20.json,freecad,✅,✅,未禁止,—,⚪,
c-freecad-path-task-01-ubuntu,task-c/freecad-path/task-01/task-01.json,freecad-path,✅,✅,未禁止,—,⚪,
c-freecad-path-task-02-ubuntu,task-c/freecad-path/task-02/task-02.json,freecad-path,✅,✅,未禁止,—,⚪,
c-freecad-path-task-03-ubuntu,task-c/freecad-path/task-03/task-03.json,freecad-path,✅,✅,未禁止,—,⚪,
c-freecad-path-task-04-ubuntu,task-c/freecad-path/task-04/task-04.json,freecad-path,✅,✅,未禁止,—,⚪,
c-freecad-path-task-05-ubuntu,task-c/freecad-path/task-05/task-05.json,freecad-path,✅,✅,未禁止,—,⚪,
c-freecad-path-task-06-ubuntu,task-c/freecad-path/task-06/task-06.json,freecad-path,✅,✅,未禁止,—,⚪,
c-freecad-path-task-07-ubuntu,task-c/freecad-path/task-07/task-07.json,freecad-path,✅,✅,未禁止,—,⚪,
c-freecad-path-task-08-ubuntu,task-c/freecad-path/task-08/task-08.json,freecad-path,✅,✅,未禁止,—,⚪,
c-freecad-path-task-09-ubuntu,task-c/freecad-path/task-09/task-09.json,freecad-path,✅,✅,未禁止,—,⚪,
c-freecad-path-task-10-ubuntu,task-c/freecad-path/task-10/task-10.json,freecad-path,✅,✅,未禁止,—,⚪,
c-freecad-path-task-11-ubuntu,task-c/freecad-path/task-11/task-11.json,freecad-path,✅,✅,未禁止,—,⚪,
c-freecad-path-task-12-ubuntu,task-c/freecad-path/task-12/task-12.json,freecad-path,✅,✅,未禁止,—,⚪,
c-freecad-path-task-13-ubuntu,task-c/freecad-path/task-13/task-13.json,freecad-path,✅,✅,未禁止,—,⚪,
c-freecad-path-task-14-ubuntu,task-c/freecad-path/task-14/task-14.json,freecad-path,✅,✅,未禁止,—,⚪,
c-freecad-path-task-15-ubuntu,task-c/freecad-path/task-15/task-15.json,freecad-path,✅,✅,未禁止,—,⚪,
c-freecad-path-task-16-ubuntu,task-c/freecad-path/task-16/task-16.json,freecad-path,✅,✅,未禁止,—,⚪,
c-freecad-path-task-17-ubuntu,task-c/freecad-path/task-17/task-17.json,freecad-path,✅,✅,未禁止,—,⚪,
c-freecad-path-task-18-ubuntu,task-c/freecad-path/task-18/task-18.json,freecad-path,✅,✅,未禁止,—,⚪,
c-freecad-path-task-19-ubuntu,task-c/freecad-path/task-19/task-19.json,freecad-path,✅,✅,未禁止,—,⚪,
c-freecad-path-task-20-ubuntu,task-c/freecad-path/task-20/task-20.json,freecad-path,✅,✅,未禁止,—,⚪,
c-kicad-task-01-ubuntu,task-c/kicad/task-01/task-01.json,kicad,✅,✅,未禁止,—,⚪,
c-kicad-task-02-ubuntu,task-c/kicad/task-02/task-02.json,kicad,✅,✅,未禁止,—,⚪,
c-kicad-task-03-ubuntu,task-c/kicad/task-03/task-03.json,kicad,✅,✅,未禁止,—,⚪,
c-kicad-task-04-ubuntu,task-c/kicad/task-04/task-04.json,kicad,✅,✅,未禁止,—,⚪,
c-kicad-task-05-ubuntu,task-c/kicad/task-05/task-05.json,kicad,✅,✅,未禁止,—,⚪,
c-kicad-task-06-ubuntu,task-c/kicad/task-06/task-06.json,kicad,✅,✅,未禁止,—,⚪,
c-kicad-task-07-ubuntu,task-c/kicad/task-07/task-07.json,kicad,✅,✅,未禁止,—,⚪,
c-kicad-task-08-ubuntu,task-c/kicad/task-08/task-08.json,kicad,✅,✅,未禁止,—,⚪,
c-kicad-task-09-ubuntu,task-c/kicad/task-09/task-09.json,kicad,✅,✅,未禁止,—,⚪,
c-kicad-task-10-ubuntu,task-c/kicad/task-10/task-10.json,kicad,✅,✅,未禁止,—,⚪,
c-kicad-task-11-ubuntu,task-c/kicad/task-11/task-11.json,kicad,✅,✅,未禁止,—,⚪,
c-kicad-task-12-ubuntu,task-c/kicad/task-12/task-12.json,kicad,✅,✅,未禁止,—,⚪,
c-kicad-task-13-ubuntu,task-c/kicad/task-13/task-13.json,kicad,✅,✅,未禁止,—,⚪,
c-kicad-task-14-ubuntu,task-c/kicad/task-14/task-14.json,kicad,✅,✅,未禁止,—,⚪,
c-kicad-task-15-ubuntu,task-c/kicad/task-15/task-15.json,kicad,✅,✅,未禁止,—,⚪,
c-kicad-task-16-ubuntu,task-c/kicad/task-16/task-16.json,kicad,✅,✅,未禁止,—,⚪,
c-kicad-task-17-ubuntu,task-c/kicad/task-17/task-17.json,kicad,✅,✅,未禁止,—,⚪,
c-kicad-task-18-ubuntu,task-c/kicad/task-18/task-18.json,kicad,✅,✅,未禁止,—,⚪,
c-kicad-task-19-ubuntu,task-c/kicad/task-19/task-19.json,kicad,✅,✅,未禁止,—,⚪,
c-kicad-task-20-ubuntu,task-c/kicad/task-20/task-20.json,kicad,✅,✅,未禁止,—,⚪,
c-kicad-task-21-ubuntu,task-c/kicad/task-21/task-21.json,kicad,✅,✅,未禁止,—,⚪,
c-kicad-task-22-ubuntu,task-c/kicad/task-22/task-22.json,kicad,✅,✅,未禁止,—,⚪,
c-kicad-task-23-ubuntu,task-c/kicad/task-23/task-23.json,kicad,✅,✅,未禁止,—,⚪,
c-openfast-task-01-ubuntu,task-c/openfast/task-01/task-01.json,openfast,✅,✅,未禁止,—,⚪,
c-openfast-task-02-ubuntu,task-c/openfast/task-02/task-02.json,openfast,✅,✅,未禁止,—,⚪,
c-openfast-task-03-ubuntu,task-c/openfast/task-03/task-03.json,openfast,✅,✅,未禁止,—,⚪,
c-openfast-task-04-ubuntu,task-c/openfast/task-04/task-04.json,openfast,✅,✅,未禁止,—,⚪,
c-openfast-task-05-ubuntu,task-c/openfast/task-05/task-05.json,openfast,✅,✅,未禁止,—,⚪,
c-openfast-task-06-ubuntu,task-c/openfast/task-06/task-06.json,openfast,✅,✅,未禁止,—,⚪,
c-openfast-task-07-ubuntu,task-c/openfast/task-07/task-07.json,openfast,✅,✅,未禁止,—,⚪,
c-openfast-task-08-ubuntu,task-c/openfast/task-08/task-08.json,openfast,✅,✅,未禁止,—,⚪,
c-openfast-task-09-ubuntu,task-c/openfast/task-09/task-09.json,openfast,✅,✅,未禁止,—,⚪,
c-openfast-task-10-ubuntu,task-c/openfast/task-10/task-10.json,openfast,✅,✅,未禁止,—,⚪,
c-openfast-task-11-ubuntu,task-c/openfast/task-11/task-11.json,openfast,✅,✅,未禁止,—,⚪,
c-openfast-task-12-ubuntu,task-c/openfast/task-12/task-12.json,openfast,✅,✅,未禁止,—,⚪,
c-openfast-task-13-ubuntu,task-c/openfast/task-13/task-13.json,openfast,✅,✅,未禁止,—,⚪,
c-openfast-task-14-ubuntu,task-c/openfast/task-14/task-14.json,openfast,✅,✅,未禁止,—,⚪,
c-openfast-task-15-ubuntu,task-c/openfast/task-15/task-15.json,openfast,✅,✅,未禁止,—,⚪,
c-openfast-task-16-ubuntu,task-c/openfast/task-16/task-16.json,openfast,✅,✅,未禁止,—,⚪,
c-openfast-task-17-ubuntu,task-c/openfast/task-17/task-17.json,openfast,✅,✅,未禁止,—,⚪,
c-openfast-task-18-ubuntu,task-c/openfast/task-18/task-18.json,openfast,✅,✅,未禁止,—,⚪,
c-openfast-task-19-ubuntu,task-c/openfast/task-19/task-19.json,openfast,✅,✅,未禁止,—,⚪,
c-openfast-task-20-ubuntu,task-c/openfast/task-20/task-20.json,openfast,✅,✅,未禁止,—,⚪,
c-openfoam-task-01-ubuntu,task-c/openfoam/task-01/task-01.json,openfoam,⚠️,✅,未禁止,—,⚪,instruction 中未声明启动路径
c-openfoam-task-02-ubuntu,task-c/openfoam/task-02/task-02.json,openfoam,⚠️,✅,未禁止,—,⚪,instruction 中未声明启动路径
c-openfoam-task-03-ubuntu,task-c/openfoam/task-03/task-03.json,openfoam,⚠️,✅,未禁止,—,⚪,instruction 中未声明启动路径
c-openfoam-task-04-ubuntu,task-c/openfoam/task-04/task-04.json,openfoam,⚠️,✅,未禁止,—,⚪,instruction 中未声明启动路径
c-openfoam-task-05-ubuntu,task-c/openfoam/task-05/task-05.json,openfoam,⚠️,✅,未禁止,—,⚪,instruction 中未声明启动路径
c-openfoam-task-06-ubuntu,task-c/openfoam/task-06/task-06.json,openfoam,⚠️,✅,未禁止,—,⚪,instruction 中未声明启动路径
c-openfoam-task-07-ubuntu,task-c/openfoam/task-07/task-07.json,openfoam,⚠️,✅,未禁止,—,⚪,instruction 中未声明启动路径
c-openfoam-task-08-ubuntu,task-c/openfoam/task-08/task-08.json,openfoam,⚠️,✅,未禁止,—,⚪,instruction 中未声明启动路径
c-openfoam-task-09-ubuntu,task-c/openfoam/task-09/task-09.json,openfoam,⚠️,✅,未禁止,—,⚪,instruction 中未声明启动路径
c-openfoam-task-10-ubuntu,task-c/openfoam/task-10/task-10.json,openfoam,⚠️,✅,未禁止,—,⚪,instruction 中未声明启动路径
c-openfoam-task-11-ubuntu,task-c/openfoam/task-11/task-11.json,openfoam,⚠️,✅,未禁止,—,⚪,instruction 中未声明启动路径
c-openfoam-task-12-ubuntu,task-c/openfoam/task-12/task-12.json,openfoam,⚠️,✅,未禁止,—,⚪,instruction 中未声明启动路径
c-openfoam-task-13-ubuntu,task-c/openfoam/task-13/task-13.json,openfoam,⚠️,✅,未禁止,—,⚪,instruction 中未声明启动路径
c-openfoam-task-14-ubuntu,task-c/openfoam/task-14/task-14.json,openfoam,⚠️,✅,未禁止,—,⚪,instruction 中未声明启动路径
c-openfoam-task-15-ubuntu,task-c/openfoam/task-15/task-15.json,openfoam,⚠️,✅,未禁止,—,⚪,instruction 中未声明启动路径
c-openfoam-task-16-ubuntu,task-c/openfoam/task-16/task-16.json,openfoam,⚠️,✅,未禁止,—,⚪,instruction 中未声明启动路径
c-openfoam-task-17-ubuntu,task-c/openfoam/task-17/task-17.json,openfoam,⚠️,✅,未禁止,—,⚪,instruction 中未声明启动路径
c-openfoam-task-18-ubuntu,task-c/openfoam/task-18/task-18.json,openfoam,⚠️,✅,未禁止,—,⚪,instruction 中未声明启动路径
c-openfoam-task-19-ubuntu,task-c/openfoam/task-19/task-19.json,openfoam,⚠️,✅,未禁止,—,⚪,instruction 中未声明启动路径
c-openfoam-task-20-ubuntu,task-c/openfoam/task-20/task-20.json,openfoam,⚠️,✅,未禁止,—,⚪,instruction 中未声明启动路径
c-openscad-task-01-ubuntu,task-c/openscad/task-01/task-01.json,openscad,✅,✅,未禁止,—,⚪,
c-openscad-task-02-ubuntu,task-c/openscad/task-02/task-02.json,openscad,✅,✅,未禁止,—,⚪,
c-openscad-task-03-ubuntu,task-c/openscad/task-03/task-03.json,openscad,✅,✅,未禁止,—,⚪,
c-openscad-task-04-ubuntu,task-c/openscad/task-04/task-04.json,openscad,✅,✅,未禁止,—,⚪,
c-openscad-task-05-ubuntu,task-c/openscad/task-05/task-05.json,openscad,✅,✅,未禁止,—,⚪,
c-openscad-task-06-ubuntu,task-c/openscad/task-06/task-06.json,openscad,✅,✅,未禁止,—,⚪,
c-openscad-task-07-ubuntu,task-c/openscad/task-07/task-07.json,openscad,✅,✅,未禁止,—,⚪,
c-openscad-task-08-ubuntu,task-c/openscad/task-08/task-08.json,openscad,✅,✅,未禁止,—,⚪,
c-openscad-task-09-ubuntu,task-c/openscad/task-09/task-09.json,openscad,✅,✅,未禁止,—,⚪,
c-openscad-task-10-ubuntu,task-c/openscad/task-10/task-10.json,openscad,✅,✅,未禁止,—,⚪,
c-openscad-task-11-ubuntu,task-c/openscad/task-11/task-11.json,openscad,✅,✅,未禁止,—,⚪,
c-openscad-task-12-ubuntu,task-c/openscad/task-12/task-12.json,openscad,✅,✅,未禁止,—,⚪,
c-openscad-task-13-ubuntu,task-c/openscad/task-13/task-13.json,openscad,✅,✅,未禁止,—,⚪,
c-openscad-task-14-ubuntu,task-c/openscad/task-14/task-14.json,openscad,✅,✅,未禁止,—,⚪,
c-openscad-task-15-ubuntu,task-c/openscad/task-15/task-15.json,openscad,✅,✅,未禁止,—,⚪,
c-openscad-task-16-ubuntu,task-c/openscad/task-16/task-16.json,openscad,✅,✅,未禁止,—,⚪,
c-openscad-task-17-ubuntu,task-c/openscad/task-17/task-17.json,openscad,✅,✅,未禁止,—,⚪,
c-openscad-task-18-ubuntu,task-c/openscad/task-18/task-18.json,openscad,✅,✅,未禁止,—,⚪,
c-openscad-task-19-ubuntu,task-c/openscad/task-19/task-19.json,openscad,✅,✅,未禁止,—,⚪,
c-openscad-task-20-ubuntu,task-c/openscad/task-20/task-20.json,openscad,✅,✅,未禁止,—,⚪,
c-openstudio-task-01-ubuntu,task-c/openstudio/task-01/task-01.json,openstudio,✅,✅,未禁止,—,⚪,
c-openstudio-task-02-ubuntu,task-c/openstudio/task-02/task-02.json,openstudio,✅,✅,未禁止,—,⚪,
c-openstudio-task-03-ubuntu,task-c/openstudio/task-03/task-03.json,openstudio,✅,✅,未禁止,—,⚪,
c-openstudio-task-04-ubuntu,task-c/openstudio/task-04/task-04.json,openstudio,✅,✅,未禁止,—,⚪,
c-openstudio-task-05-ubuntu,task-c/openstudio/task-05/task-05.json,openstudio,✅,✅,未禁止,—,⚪,
c-openstudio-task-06-ubuntu,task-c/openstudio/task-06/task-06.json,openstudio,✅,✅,未禁止,—,⚪,
c-openstudio-task-07-ubuntu,task-c/openstudio/task-07/task-07.json,openstudio,✅,✅,未禁止,—,⚪,
c-openstudio-task-08-ubuntu,task-c/openstudio/task-08/task-08.json,openstudio,✅,✅,未禁止,—,⚪,
c-openstudio-task-09-ubuntu,task-c/openstudio/task-09/task-09.json,openstudio,✅,✅,未禁止,—,⚪,
c-openstudio-task-10-ubuntu,task-c/openstudio/task-10/task-10.json,openstudio,✅,✅,未禁止,—,⚪,
c-openstudio-task-11-ubuntu,task-c/openstudio/task-11/task-11.json,openstudio,✅,✅,未禁止,—,⚪,
c-openstudio-task-12-ubuntu,task-c/openstudio/task-12/task-12.json,openstudio,✅,✅,未禁止,—,⚪,
c-openstudio-task-13-ubuntu,task-c/openstudio/task-13/task-13.json,openstudio,✅,✅,未禁止,—,⚪,
c-openstudio-task-14-ubuntu,task-c/openstudio/task-14/task-14.json,openstudio,✅,✅,未禁止,—,⚪,
c-openstudio-task-15-ubuntu,task-c/openstudio/task-15/task-15.json,openstudio,✅,✅,未禁止,—,⚪,
c-openstudio-task-16-ubuntu,task-c/openstudio/task-16/task-16.json,openstudio,✅,✅,未禁止,—,⚪,
c-openstudio-task-17-ubuntu,task-c/openstudio/task-17/task-17.json,openstudio,✅,✅,未禁止,—,⚪,
c-openstudio-task-18-ubuntu,task-c/openstudio/task-18/task-18.json,openstudio,✅,✅,未禁止,—,⚪,
c-openstudio-task-19-ubuntu,task-c/openstudio/task-19/task-19.json,openstudio,✅,✅,未禁止,—,⚪,
c-openstudio-task-20-ubuntu,task-c/openstudio/task-20/task-20.json,openstudio,✅,✅,未禁止,—,⚪,
c-revit-task-01-windows,task-c/revit/task-01/task-01.json,revit,✅,✅,未禁止,—,⚪,
c-revit-task-02-windows,task-c/revit/task-02/task-02.json,revit,✅,✅,未禁止,—,⚪,
c-revit-task-03-windows,task-c/revit/task-03/task-03.json,revit,✅,✅,未禁止,—,⚪,
c-revit-task-04-windows,task-c/revit/task-04/task-04.json,revit,✅,✅,未禁止,—,⚪,
c-revit-task-05-windows,task-c/revit/task-05/task-05.json,revit,✅,✅,未禁止,—,⚪,
c-revit-task-06-windows,task-c/revit/task-06/task-06.json,revit,✅,✅,未禁止,—,⚪,
c-revit-task-07-windows,task-c/revit/task-07/task-07.json,revit,✅,✅,未禁止,—,⚪,
c-revit-task-08-windows,task-c/revit/task-08/task-08.json,revit,✅,✅,未禁止,—,⚪,
c-revit-task-09-windows,task-c/revit/task-09/task-09.json,revit,✅,✅,未禁止,—,⚪,
c-revit-task-10-windows,task-c/revit/task-10/task-10.json,revit,✅,✅,未禁止,—,⚪,
c-revit-task-11-windows,task-c/revit/task-11/task-11.json,revit,✅,✅,未禁止,—,⚪,
c-revit-task-12-windows,task-c/revit/task-12/task-12.json,revit,✅,✅,未禁止,—,⚪,
c-revit-task-13-windows,task-c/revit/task-13/task-13.json,revit,✅,✅,未禁止,—,⚪,
c-revit-task-14-windows,task-c/revit/task-14/task-14.json,revit,✅,✅,未禁止,—,⚪,
c-revit-task-15-windows,task-c/revit/task-15/task-15.json,revit,✅,✅,未禁止,—,⚪,
c-revit-task-16-windows,task-c/revit/task-16/task-16.json,revit,✅,✅,未禁止,—,⚪,
c-revit-task-17-windows,task-c/revit/task-17/task-17.json,revit,✅,✅,未禁止,—,⚪,
c-revit-task-18-windows,task-c/revit/task-18/task-18.json,revit,✅,✅,未禁止,—,⚪,
c-revit-task-19-windows,task-c/revit/task-19/task-19.json,revit,✅,✅,未禁止,—,⚪,
c-revit-task-20-windows,task-c/revit/task-20/task-20.json,revit,✅,✅,未禁止,—,⚪,
c-solidcam-task-01-windows,task-c/solidcam/task-01/task-01.json,solidcam,⚠️,✅,未禁止,—,⚪,instruction 中未声明启动路径
c-solidcam-task-02-windows,task-c/solidcam/task-02/task-02.json,solidcam,⚠️,✅,未禁止,—,⚪,instruction 中未声明启动路径
c-solidcam-task-03-windows,task-c/solidcam/task-03/task-03.json,solidcam,⚠️,✅,未禁止,—,⚪,instruction 中未声明启动路径
c-solidcam-task-04-windows,task-c/solidcam/task-04/task-04.json,solidcam,⚠️,✅,未禁止,—,⚪,instruction 中未声明启动路径
c-solidcam-task-05-windows,task-c/solidcam/task-05/task-05.json,solidcam,⚠️,✅,未禁止,—,⚪,instruction 中未声明启动路径
c-solidcam-task-06-windows,task-c/solidcam/task-06/task-06.json,solidcam,⚠️,✅,未禁止,—,⚪,instruction 中未声明启动路径
c-solidcam-task-07-windows,task-c/solidcam/task-07/task-07.json,solidcam,⚠️,✅,未禁止,—,⚪,instruction 中未声明启动路径
c-solidcam-task-08-windows,task-c/solidcam/task-08/task-08.json,solidcam,⚠️,✅,未禁止,—,⚪,instruction 中未声明启动路径
c-solidcam-task-09-windows,task-c/solidcam/task-09/task-09.json,solidcam,⚠️,✅,未禁止,—,⚪,instruction 中未声明启动路径
c-solidcam-task-10-windows,task-c/solidcam/task-10/task-10.json,solidcam,⚠️,✅,未禁止,—,⚪,instruction 中未声明启动路径
c-solidcam-task-11-windows,task-c/solidcam/task-11/task-11.json,solidcam,⚠️,✅,未禁止,—,⚪,instruction 中未声明启动路径
c-solidcam-task-12-windows,task-c/solidcam/task-12/task-12.json,solidcam,⚠️,✅,未禁止,—,⚪,instruction 中未声明启动路径
c-solidcam-task-13-windows,task-c/solidcam/task-13/task-13.json,solidcam,⚠️,✅,未禁止,—,⚪,instruction 中未声明启动路径
c-solidcam-task-14-windows,task-c/solidcam/task-14/task-14.json,solidcam,⚠️,✅,未禁止,—,⚪,instruction 中未声明启动路径
c-solidcam-task-15-windows,task-c/solidcam/task-15/task-15.json,solidcam,⚠️,✅,未禁止,—,⚪,instruction 中未声明启动路径
c-solidcam-task-16-windows,task-c/solidcam/task-16/task-16.json,solidcam,⚠️,✅,未禁止,—,⚪,instruction 中未声明启动路径
c-solidcam-task-17-windows,task-c/solidcam/task-17/task-17.json,solidcam,⚠️,✅,未禁止,—,⚪,instruction 中未声明启动路径
c-solidcam-task-18-windows,task-c/solidcam/task-18/task-18.json,solidcam,⚠️,✅,未禁止,—,⚪,instruction 中未声明启动路径
c-solidcam-task-19-windows,task-c/solidcam/task-19/task-19.json,solidcam,⚠️,✅,未禁止,—,⚪,instruction 中未声明启动路径
c-solidcam-task-20-windows,task-c/solidcam/task-20/task-20.json,solidcam,⚠️,✅,未禁止,—,⚪,instruction 中未声明启动路径
c-solidworks-task-01-windows,task-c/solidworks/task-01/task-01.json,solidworks,⚠️,✅,未禁止,—,⚪,"有 Launch 表述但未给出可比对路径: Open C:\Users\User\Desktop\cli_021_three_plate_assembly.step in SolidWorks. Using SolidWorks command-line automation, us"
c-solidworks-task-02-windows,task-c/solidworks/task-02/task-02.json,solidworks,⚠️,✅,未禁止,—,⚪,"有 Launch 表述但未给出可比对路径: Open C:\Users\User\Desktop\cli_022_hole_transfer.step in SolidWorks. Using SolidWorks command-line automation, use that "
c-solidworks-task-03-windows,task-c/solidworks/task-03/task-03.json,solidworks,⚠️,✅,未禁止,—,⚪,"有 Launch 表述但未给出可比对路径: Open C:\Users\User\Desktop\cli_023_cutter_boolean_plate.step in SolidWorks. Using SolidWorks command-line automation, us"
c-solidworks-task-04-windows,task-c/solidworks/task-04/task-04.json,solidworks,⚠️,✅,未禁止,—,⚪,"有 Launch 表述但未给出可比对路径: Open C:\Users\User\Desktop\cli_024_batch_scale_parts.step in SolidWorks. Using SolidWorks command-line automation, use t"
c-solidworks-task-05-windows,task-c/solidworks/task-05/task-05.json,solidworks,⚠️,✅,未禁止,—,⚪,"有 Launch 表述但未给出可比对路径: Open C:\Users\User\Desktop\cli_025_import_repair_shell.step in SolidWorks. Using SolidWorks command-line automation, use"
c-solidworks-task-06-windows,task-c/solidworks/task-06/task-06.json,solidworks,⚠️,✅,未禁止,—,⚪,"有 Launch 表述但未给出可比对路径: Open C:\Users\User\Desktop\cli_026_interference_assembly.step in SolidWorks. Using SolidWorks command-line automation, u"
c-solidworks-task-07-windows,task-c/solidworks/task-07/task-07.json,solidworks,⚠️,✅,未禁止,—,⚪,"有 Launch 表述但未给出可比对路径: Open C:\Users\User\Desktop\cli_027_mass_target_bracket.step in SolidWorks. Using SolidWorks command-line automation, use"
c-solidworks-task-08-windows,task-c/solidworks/task-08/task-08.json,solidworks,⚠️,✅,未禁止,—,⚪,"有 Launch 表述但未给出可比对路径: Open C:\Users\User\Desktop\cli_028_small_hole_cleanup.step in SolidWorks. Using SolidWorks command-line automation, use "
c-solidworks-task-09-windows,task-c/solidworks/task-09/task-09.json,solidworks,⚠️,✅,未禁止,—,⚪,"有 Launch 表述但未给出可比对路径: Open C:\Users\User\Desktop\cli_029_variant_base_plate.step in SolidWorks. Using SolidWorks command-line automation, use "
c-solidworks-task-10-windows,task-c/solidworks/task-10/task-10.json,solidworks,⚠️,✅,未禁止,—,⚪,"有 Launch 表述但未给出可比对路径: Open C:\Users\User\Desktop\cli_030_split_multibody.step in SolidWorks. Using SolidWorks command-line automation, use tha"
c-solidworks-task-11-windows,task-c/solidworks/task-11/task-11.json,solidworks,⚠️,✅,未禁止,—,⚪,"有 Launch 表述但未给出可比对路径: Open C:\Users\User\Desktop\cli_031_ribbed_enclosure.step in SolidWorks. Using SolidWorks command-line automation, use th"
c-solidworks-task-12-windows,task-c/solidworks/task-12/task-12.json,solidworks,⚠️,✅,未禁止,—,⚪,"有 Launch 表述但未给出可比对路径: Open C:\Users\User\Desktop\cli_032_draft_wall_part.step in SolidWorks. Using SolidWorks command-line automation, use tha"
c-solidworks-task-13-windows,task-c/solidworks/task-13/task-13.json,solidworks,⚠️,✅,未禁止,—,⚪,"有 Launch 表述但未给出可比对路径: Open C:\Users\User\Desktop\cli_033_mirror_pair_right.step in SolidWorks. Using SolidWorks command-line automation, use t"
c-solidworks-task-14-windows,task-c/solidworks/task-14/task-14.json,solidworks,⚠️,✅,未禁止,—,⚪,"有 Launch 表述但未给出可比对路径: Open C:\Users\User\Desktop\cli_034_pin_array_fixture.step in SolidWorks. Using SolidWorks command-line automation, use t"
c-solidworks-task-15-windows,task-c/solidworks/task-15/task-15.json,solidworks,⚠️,✅,未禁止,—,⚪,"有 Launch 表述但未给出可比对路径: Open C:\Users\User\Desktop\cli_035_flat_pattern_bracket.step in SolidWorks. Using SolidWorks command-line automation, us"
c-solidworks-task-16-windows,task-c/solidworks/task-16/task-16.json,solidworks,⚠️,✅,未禁止,—,⚪,"有 Launch 表述但未给出可比对路径: Open C:\Users\User\Desktop\cli_036_mold_split_simple.step in SolidWorks. Using SolidWorks command-line automation, use t"
c-solidworks-task-17-windows,task-c/solidworks/task-17/task-17.json,solidworks,⚠️,✅,未禁止,—,⚪,"有 Launch 表述但未给出可比对路径: Open C:\Users\User\Desktop\cli_037_replace_component_assembly.step, C:\Users\User\Desktop\cli_037_new_motor.step in Soli"
c-solidworks-task-18-windows,task-c/solidworks/task-18/task-18.json,solidworks,⚠️,✅,未禁止,—,⚪,"有 Launch 表述但未给出可比对路径: Open C:\Users\User\Desktop\cli_038_bounding_box_normalize.step in SolidWorks. Using SolidWorks command-line automation, "
c-solidworks-task-19-windows,task-c/solidworks/task-19/task-19.json,solidworks,⚠️,✅,未禁止,—,⚪,有 Launch 表述但未给出可比对路径: Open C:\Users\User\Desktop\cli_039_threaded_insert_geometry.step in SolidWorks. Using SolidWorks command-line automation
c-solidworks-task-20-windows,task-c/solidworks/task-20/task-20.json,solidworks,⚠️,✅,未禁止,—,⚪,"有 Launch 表述但未给出可比对路径: Open C:\Users\User\Desktop\cli_040_step_quality_export.step in SolidWorks. Using SolidWorks command-line automation, use"
c-abaqus-windows,task-false/abaqus/task-false.json,abaqus,⚠️,⚠️,未禁止,—,⚪,instruction 中未声明启动路径; 缺少 eval.py
v-altium-designer-windows,task-false/altium-designer/task-false.json,altium-designer,⚠️,⚠️,未禁止,—,⚪,instruction 中未声明启动路径; 缺少 eval.py
v-ansys-windows,task-false/ansys/task-false.json,ansys,⚠️,⚠️,未禁止,—,⚪,instruction 中未声明启动路径; 缺少 eval.py
v-archicad-windows,task-false/archicad/task-false.json,archicad,⚠️,⚠️,未禁止,—,⚪,instruction 中未声明启动路径; 缺少 eval.py
v-autocad-windows,task-false/autocad/task-false.json,autocad,⚠️,⚠️,未禁止,—,⚪,instruction 中未声明启动路径; 缺少 eval.py
c-blender-ubuntu,task-false/blender/task-false.json,blender,⚠️,⚠️,未禁止,—,⚪,instruction 中未声明启动路径; 缺少 eval.py
c-bonsai-ubuntu,task-false/bonsai/task-false.json,bonsai,⚠️,⚠️,未禁止,—,⚪,instruction 中未声明启动路径; 缺少 eval.py
c-brl-cad-ubuntu,task-false/brl-cad/task-false.json,brl-cad,⚠️,⚠️,未禁止,—,⚪,instruction 中未声明启动路径; 缺少 eval.py
v-cadence-orcad-windows,task-false/cadence-orcad/task-false.json,cadence-orcad,⚠️,⚠️,未禁止,—,⚪,instruction 中未声明启动路径; 缺少 eval.py
c-calculix-ubuntu,task-false/calculix/task-false.json,calculix,⚠️,⚠️,未禁止,—,⚪,instruction 中未声明启动路径; 缺少 eval.py
c-eagle-ubuntu,task-false/eagle/task-false.json,eagle,⚠️,⚠️,未禁止,—,⚪,instruction 中未声明启动路径; 缺少 eval.py
c-fenics-ubuntu,task-false/fenics/task-false.json,fenics,⚠️,⚠️,未禁止,—,⚪,instruction 中未声明启动路径; 缺少 eval.py
c-floris-ubuntu,task-false/floris/task-false.json,floris,⚠️,⚠️,未禁止,—,⚪,instruction 中未声明启动路径; 缺少 eval.py
c-freecad-ubuntu,task-false/freecad/task-false.json,freecad,⚠️,⚠️,未禁止,—,⚪,instruction 中未声明启动路径; 缺少 eval.py
c-freecad-path-ubuntu,task-false/freecad-path/task-false.json,freecad-path,⚠️,⚠️,未禁止,—,⚪,instruction 中未声明启动路径; 缺少 eval.py
c-kicad-ubuntu,task-false/kicad/task-false.json,kicad,⚠️,⚠️,未禁止,—,⚪,instruction 中未声明启动路径; 缺少 eval.py
v-librecad-ubuntu,task-false/librecad/task-false.json,librecad,⚠️,⚠️,未禁止,—,⚪,instruction 中未声明启动路径; 缺少 eval.py
c-nx-cam-windows,task-false/nx-cam/task-false.json,nx-cam,⚠️,⚠️,未禁止,—,⚪,instruction 中未声明启动路径; 缺少 eval.py
c-openfast-ubuntu,task-false/openfast/task-false.json,openfast,⚠️,⚠️,未禁止,—,⚪,instruction 中未声明启动路径; 缺少 eval.py
c-openfoam-ubuntu,task-false/openfoam/task-false.json,openfoam,⚠️,⚠️,未禁止,—,⚪,instruction 中未声明启动路径; 缺少 eval.py
c-openscad-ubuntu,task-false/openscad/task-false.json,openscad,⚠️,⚠️,未禁止,—,⚪,instruction 中未声明启动路径; 缺少 eval.py
c-openstudio-ubuntu,task-false/openstudio/task-false.json,openstudio,⚠️,⚠️,未禁止,—,⚪,instruction 中未声明启动路径; 缺少 eval.py
v-revit-windows,task-false/revit/task-false.json,revit,⚠️,⚠️,未禁止,—,⚪,instruction 中未声明启动路径; 缺少 eval.py
v-sketchup-windows,task-false/sketchup/task-false.json,sketchup,⚠️,⚠️,未禁止,—,⚪,instruction 中未声明启动路径; 缺少 eval.py
v-solidcam-windows,task-false/solidcam/task-false.json,solidcam,⚠️,⚠️,未禁止,—,⚪,instruction 中未声明启动路径; 缺少 eval.py
v-solidworks-windows,task-false/solidworks/task-false.json,solidworks,⚠️,⚠️,未禁止,—,⚪,instruction 中未声明启动路径; 缺少 eval.py
v-solvespace-ubuntu,task-false/solvespace/task-false.json,solvespace,⚠️,⚠️,未禁止,—,⚪,instruction 中未声明启动路径; 缺少 eval.py
v-zbrush-windows,task-false/zbrush/task-false.json,zbrush,⚠️,⚠️,未禁止,—,⚪,instruction 中未声明启动路径; 缺少 eval.py
v-abaqus-task-01-windows,task-v/abaqus/task-01/task-01.json,abaqus,⚠️,✅,已禁止,无,❌,instruction 中未声明启动路径
v-abaqus-task-02-windows,task-v/abaqus/task-02/task-02.json,abaqus,⚠️,✅,已禁止,无,❌,instruction 中未声明启动路径
v-abaqus-task-03-windows,task-v/abaqus/task-03/task-03.json,abaqus,⚠️,✅,已禁止,无,❌,instruction 中未声明启动路径
v-abaqus-task-04-windows,task-v/abaqus/task-04/task-04.json,abaqus,⚠️,✅,已禁止,无,❌,instruction 中未声明启动路径
v-abaqus-task-05-windows,task-v/abaqus/task-05/task-05.json,abaqus,⚠️,✅,已禁止,无,❌,instruction 中未声明启动路径
v-abaqus-task-06-windows,task-v/abaqus/task-06/task-06.json,abaqus,⚠️,✅,已禁止,无,❌,instruction 中未声明启动路径
v-abaqus-task-07-windows,task-v/abaqus/task-07/task-07.json,abaqus,⚠️,✅,已禁止,无,❌,instruction 中未声明启动路径
v-abaqus-task-08-windows,task-v/abaqus/task-08/task-08.json,abaqus,⚠️,✅,已禁止,无,❌,instruction 中未声明启动路径
v-abaqus-task-09-windows,task-v/abaqus/task-09/task-09.json,abaqus,⚠️,✅,已禁止,无,❌,instruction 中未声明启动路径
v-abaqus-task-10-windows,task-v/abaqus/task-10/task-10.json,abaqus,⚠️,✅,已禁止,无,❌,instruction 中未声明启动路径
v-abaqus-task-11-windows,task-v/abaqus/task-11/task-11.json,abaqus,⚠️,✅,已禁止,无,❌,instruction 中未声明启动路径
v-abaqus-task-12-windows,task-v/abaqus/task-12/task-12.json,abaqus,⚠️,✅,已禁止,无,❌,instruction 中未声明启动路径
v-abaqus-task-13-windows,task-v/abaqus/task-13/task-13.json,abaqus,⚠️,✅,已禁止,无,❌,instruction 中未声明启动路径
v-abaqus-task-14-windows,task-v/abaqus/task-14/task-14.json,abaqus,⚠️,✅,已禁止,无,❌,instruction 中未声明启动路径
v-abaqus-task-15-windows,task-v/abaqus/task-15/task-15.json,abaqus,⚠️,✅,已禁止,无,❌,instruction 中未声明启动路径
v-abaqus-task-16-windows,task-v/abaqus/task-16/task-16.json,abaqus,⚠️,✅,已禁止,无,❌,instruction 中未声明启动路径
v-abaqus-task-17-windows,task-v/abaqus/task-17/task-17.json,abaqus,⚠️,✅,已禁止,无,❌,instruction 中未声明启动路径
v-abaqus-task-18-windows,task-v/abaqus/task-18/task-18.json,abaqus,⚠️,✅,已禁止,无,❌,instruction 中未声明启动路径
v-abaqus-task-19-windows,task-v/abaqus/task-19/task-19.json,abaqus,⚠️,✅,已禁止,无,❌,instruction 中未声明启动路径
v-abaqus-task-20-windows,task-v/abaqus/task-20/task-20.json,abaqus,⚠️,✅,已禁止,无,❌,instruction 中未声明启动路径
v-altium-designer-task-01-windows,task-v/altium-designer/task-01/task-01.json,altium-designer,⚠️,✅,未禁止,—,⚪,instruction 中未声明启动路径
v-altium-designer-task-02-windows,task-v/altium-designer/task-02/task-02.json,altium-designer,⚠️,✅,未禁止,—,⚪,instruction 中未声明启动路径
v-altium-designer-task-03-windows,task-v/altium-designer/task-03/task-03.json,altium-designer,⚠️,✅,未禁止,—,⚪,instruction 中未声明启动路径
v-altium-designer-task-04-windows,task-v/altium-designer/task-04/task-04.json,altium-designer,⚠️,✅,未禁止,—,⚪,instruction 中未声明启动路径
v-altium-designer-task-05-windows,task-v/altium-designer/task-05/task-05.json,altium-designer,⚠️,✅,未禁止,—,⚪,instruction 中未声明启动路径
v-altium-designer-task-06-windows,task-v/altium-designer/task-06/task-06.json,altium-designer,⚠️,✅,未禁止,—,⚪,instruction 中未声明启动路径
v-altium-designer-task-07-windows,task-v/altium-designer/task-07/task-07.json,altium-designer,⚠️,✅,未禁止,—,⚪,instruction 中未声明启动路径
v-altium-designer-task-08-windows,task-v/altium-designer/task-08/task-08.json,altium-designer,⚠️,✅,未禁止,—,⚪,instruction 中未声明启动路径
v-altium-designer-task-09-windows,task-v/altium-designer/task-09/task-09.json,altium-designer,⚠️,✅,未禁止,—,⚪,instruction 中未声明启动路径
v-altium-designer-task-10-windows,task-v/altium-designer/task-10/task-10.json,altium-designer,⚠️,✅,未禁止,—,⚪,instruction 中未声明启动路径
v-altium-designer-task-11-windows,task-v/altium-designer/task-11/task-11.json,altium-designer,⚠️,✅,未禁止,—,⚪,instruction 中未声明启动路径
v-altium-designer-task-12-windows,task-v/altium-designer/task-12/task-12.json,altium-designer,⚠️,✅,未禁止,—,⚪,instruction 中未声明启动路径
v-altium-designer-task-13-windows,task-v/altium-designer/task-13/task-13.json,altium-designer,⚠️,✅,未禁止,—,⚪,instruction 中未声明启动路径
v-altium-designer-task-14-windows,task-v/altium-designer/task-14/task-14.json,altium-designer,⚠️,✅,未禁止,—,⚪,instruction 中未声明启动路径
v-altium-designer-task-15-windows,task-v/altium-designer/task-15/task-15.json,altium-designer,⚠️,✅,未禁止,—,⚪,instruction 中未声明启动路径
v-altium-designer-task-16-windows,task-v/altium-designer/task-16/task-16.json,altium-designer,⚠️,✅,未禁止,—,⚪,instruction 中未声明启动路径
v-altium-designer-task-17-windows,task-v/altium-designer/task-17/task-17.json,altium-designer,⚠️,✅,未禁止,—,⚪,instruction 中未声明启动路径
v-altium-designer-task-18-windows,task-v/altium-designer/task-18/task-18.json,altium-designer,⚠️,✅,未禁止,—,⚪,instruction 中未声明启动路径
v-altium-designer-task-19-windows,task-v/altium-designer/task-19/task-19.json,altium-designer,⚠️,✅,未禁止,—,⚪,instruction 中未声明启动路径
v-altium-designer-task-20-windows,task-v/altium-designer/task-20/task-20.json,altium-designer,⚠️,✅,未禁止,—,⚪,instruction 中未声明启动路径
v-altium-designer-task-21-windows,task-v/altium-designer/task-21/task-21.json,altium-designer,⚠️,✅,未禁止,—,⚪,instruction 中未声明启动路径
v-altium-designer-task-22-windows,task-v/altium-designer/task-22/task-22.json,altium-designer,⚠️,✅,未禁止,—,⚪,instruction 中未声明启动路径
v-altium-designer-task-23-windows,task-v/altium-designer/task-23/task-23.json,altium-designer,⚠️,✅,未禁止,—,⚪,instruction 中未声明启动路径
v-altium-designer-task-24-windows,task-v/altium-designer/task-24/task-24.json,altium-designer,⚠️,✅,未禁止,—,⚪,instruction 中未声明启动路径
v-ansys-task-01-windows,task-v/ansys/task-01/task-01.json,ansys,⚠️,✅,已禁止,无,❌,instruction 中未声明启动路径
v-ansys-task-02-windows,task-v/ansys/task-02/task-02.json,ansys,⚠️,✅,已禁止,无,❌,instruction 中未声明启动路径
v-ansys-task-03-windows,task-v/ansys/task-03/task-03.json,ansys,⚠️,✅,已禁止,无,❌,instruction 中未声明启动路径
v-ansys-task-04-windows,task-v/ansys/task-04/task-04.json,ansys,⚠️,✅,已禁止,无,❌,instruction 中未声明启动路径
v-ansys-task-05-windows,task-v/ansys/task-05/task-05.json,ansys,⚠️,✅,已禁止,无,❌,instruction 中未声明启动路径
v-ansys-task-06-windows,task-v/ansys/task-06/task-06.json,ansys,⚠️,✅,已禁止,无,❌,instruction 中未声明启动路径
v-ansys-task-07-windows,task-v/ansys/task-07/task-07.json,ansys,⚠️,✅,已禁止,无,❌,instruction 中未声明启动路径
v-ansys-task-08-windows,task-v/ansys/task-08/task-08.json,ansys,⚠️,✅,已禁止,无,❌,instruction 中未声明启动路径
v-ansys-task-09-windows,task-v/ansys/task-09/task-09.json,ansys,⚠️,✅,已禁止,无,❌,instruction 中未声明启动路径
v-ansys-task-10-windows,task-v/ansys/task-10/task-10.json,ansys,⚠️,✅,已禁止,无,❌,instruction 中未声明启动路径
v-ansys-task-11-windows,task-v/ansys/task-11/task-11.json,ansys,⚠️,✅,已禁止,无,❌,instruction 中未声明启动路径
v-ansys-task-12-windows,task-v/ansys/task-12/task-12.json,ansys,⚠️,✅,已禁止,无,❌,instruction 中未声明启动路径
v-ansys-task-13-windows,task-v/ansys/task-13/task-13.json,ansys,⚠️,✅,已禁止,无,❌,instruction 中未声明启动路径
v-ansys-task-14-windows,task-v/ansys/task-14/task-14.json,ansys,⚠️,✅,已禁止,无,❌,instruction 中未声明启动路径
v-ansys-task-15-windows,task-v/ansys/task-15/task-15.json,ansys,⚠️,✅,已禁止,无,❌,instruction 中未声明启动路径
v-ansys-task-16-windows,task-v/ansys/task-16/task-16.json,ansys,⚠️,✅,已禁止,无,❌,instruction 中未声明启动路径
v-ansys-task-17-windows,task-v/ansys/task-17/task-17.json,ansys,⚠️,✅,已禁止,无,❌,instruction 中未声明启动路径
v-ansys-task-18-windows,task-v/ansys/task-18/task-18.json,ansys,⚠️,✅,已禁止,无,❌,instruction 中未声明启动路径
v-ansys-task-19-windows,task-v/ansys/task-19/task-19.json,ansys,⚠️,✅,已禁止,无,❌,instruction 中未声明启动路径
v-ansys-task-20-windows,task-v/ansys/task-20/task-20.json,ansys,⚠️,✅,已禁止,无,❌,instruction 中未声明启动路径
v-archicad-task-01-windows,task-v/archicad/task-01/task-01.json,archicad,⚠️,✅,已禁止,有,✅,instruction 中未声明启动路径
v-archicad-task-02-windows,task-v/archicad/task-02/task-02.json,archicad,⚠️,✅,已禁止,有,✅,instruction 中未声明启动路径
v-archicad-task-03-windows,task-v/archicad/task-03/task-03.json,archicad,⚠️,✅,已禁止,有,✅,instruction 中未声明启动路径
v-archicad-task-04-windows,task-v/archicad/task-04/task-04.json,archicad,⚠️,✅,已禁止,有,✅,instruction 中未声明启动路径
v-archicad-task-05-windows,task-v/archicad/task-05/task-05.json,archicad,⚠️,✅,已禁止,有,✅,instruction 中未声明启动路径
v-archicad-task-06-windows,task-v/archicad/task-06/task-06.json,archicad,⚠️,✅,已禁止,有,✅,instruction 中未声明启动路径
v-archicad-task-07-windows,task-v/archicad/task-07/task-07.json,archicad,⚠️,✅,已禁止,有,✅,instruction 中未声明启动路径
v-archicad-task-08-windows,task-v/archicad/task-08/task-08.json,archicad,⚠️,✅,已禁止,有,✅,instruction 中未声明启动路径
v-archicad-task-09-windows,task-v/archicad/task-09/task-09.json,archicad,⚠️,✅,已禁止,有,✅,instruction 中未声明启动路径
v-archicad-task-10-windows,task-v/archicad/task-10/task-10.json,archicad,⚠️,✅,已禁止,有,✅,instruction 中未声明启动路径
v-archicad-task-11-windows,task-v/archicad/task-11/task-11.json,archicad,⚠️,✅,已禁止,有,✅,instruction 中未声明启动路径
v-archicad-task-12-windows,task-v/archicad/task-12/task-12.json,archicad,⚠️,✅,已禁止,有,✅,instruction 中未声明启动路径
v-archicad-task-13-windows,task-v/archicad/task-13/task-13.json,archicad,⚠️,✅,已禁止,有,✅,instruction 中未声明启动路径
v-archicad-task-14-windows,task-v/archicad/task-14/task-14.json,archicad,⚠️,✅,已禁止,有,✅,instruction 中未声明启动路径
v-archicad-task-15-windows,task-v/archicad/task-15/task-15.json,archicad,⚠️,✅,已禁止,有,✅,instruction 中未声明启动路径
v-archicad-task-16-windows,task-v/archicad/task-16/task-16.json,archicad,⚠️,✅,已禁止,有,✅,instruction 中未声明启动路径
v-archicad-task-17-windows,task-v/archicad/task-17/task-17.json,archicad,⚠️,✅,已禁止,有,✅,instruction 中未声明启动路径
v-archicad-task-18-windows,task-v/archicad/task-18/task-18.json,archicad,⚠️,✅,已禁止,有,✅,instruction 中未声明启动路径
v-archicad-task-19-windows,task-v/archicad/task-19/task-19.json,archicad,⚠️,✅,已禁止,有,✅,instruction 中未声明启动路径
v-archicad-task-20-windows,task-v/archicad/task-20/task-20.json,archicad,⚠️,✅,已禁止,有,✅,instruction 中未声明启动路径
v-autocad-task-01-windows,task-v/autocad/task-01/task-01.json,autocad,⚠️,✅,已禁止,无,❌,instruction 中未声明启动路径
v-autocad-task-02-windows,task-v/autocad/task-02/task-02.json,autocad,⚠️,✅,已禁止,无,❌,instruction 中未声明启动路径
v-autocad-task-03-windows,task-v/autocad/task-03/task-03.json,autocad,⚠️,✅,已禁止,无,❌,instruction 中未声明启动路径
v-autocad-task-04-windows,task-v/autocad/task-04/task-04.json,autocad,⚠️,✅,已禁止,无,❌,instruction 中未声明启动路径
v-autocad-task-05-windows,task-v/autocad/task-05/task-05.json,autocad,⚠️,✅,已禁止,无,❌,instruction 中未声明启动路径
v-autocad-task-06-windows,task-v/autocad/task-06/task-06.json,autocad,⚠️,✅,已禁止,无,❌,instruction 中未声明启动路径
v-autocad-task-07-windows,task-v/autocad/task-07/task-07.json,autocad,⚠️,✅,已禁止,无,❌,instruction 中未声明启动路径
v-autocad-task-08-windows,task-v/autocad/task-08/task-08.json,autocad,⚠️,✅,已禁止,无,❌,instruction 中未声明启动路径
v-autocad-task-09-windows,task-v/autocad/task-09/task-09.json,autocad,⚠️,✅,已禁止,无,❌,instruction 中未声明启动路径
v-autocad-task-10-windows,task-v/autocad/task-10/task-10.json,autocad,⚠️,✅,已禁止,无,❌,instruction 中未声明启动路径
v-autocad-task-11-windows,task-v/autocad/task-11/task-11.json,autocad,⚠️,✅,已禁止,无,❌,instruction 中未声明启动路径
v-autocad-task-12-windows,task-v/autocad/task-12/task-12.json,autocad,⚠️,✅,已禁止,无,❌,instruction 中未声明启动路径
v-autocad-task-13-windows,task-v/autocad/task-13/task-13.json,autocad,⚠️,✅,已禁止,无,❌,instruction 中未声明启动路径
v-autocad-task-14-windows,task-v/autocad/task-14/task-14.json,autocad,⚠️,✅,已禁止,无,❌,instruction 中未声明启动路径
v-autocad-task-15-windows,task-v/autocad/task-15/task-15.json,autocad,⚠️,✅,已禁止,无,❌,instruction 中未声明启动路径
v-autocad-task-16-windows,task-v/autocad/task-16/task-16.json,autocad,⚠️,✅,已禁止,无,❌,instruction 中未声明启动路径
v-autocad-task-17-windows,task-v/autocad/task-17/task-17.json,autocad,⚠️,✅,已禁止,无,❌,instruction 中未声明启动路径
v-autocad-task-18-windows,task-v/autocad/task-18/task-18.json,autocad,⚠️,✅,已禁止,无,❌,instruction 中未声明启动路径
v-autocad-task-19-windows,task-v/autocad/task-19/task-19.json,autocad,⚠️,✅,已禁止,无,❌,instruction 中未声明启动路径
v-autocad-task-20-windows,task-v/autocad/task-20/task-20.json,autocad,⚠️,✅,已禁止,无,❌,instruction 中未声明启动路径
v-blender-task-01-ubuntu,task-v/blender/task-01/task-01.json,blender,⚠️,✅,未禁止,—,⚪,instruction 中未声明启动路径
v-blender-task-02-ubuntu,task-v/blender/task-02/task-02.json,blender,⚠️,✅,未禁止,—,⚪,instruction 中未声明启动路径
v-blender-task-03-ubuntu,task-v/blender/task-03/task-03.json,blender,⚠️,✅,未禁止,—,⚪,instruction 中未声明启动路径
v-blender-task-04-ubuntu,task-v/blender/task-04/task-04.json,blender,⚠️,✅,未禁止,—,⚪,instruction 中未声明启动路径
v-blender-task-05-ubuntu,task-v/blender/task-05/task-05.json,blender,⚠️,✅,未禁止,—,⚪,instruction 中未声明启动路径
v-blender-task-06-ubuntu,task-v/blender/task-06/task-06.json,blender,⚠️,✅,未禁止,—,⚪,instruction 中未声明启动路径
v-blender-task-07-ubuntu,task-v/blender/task-07/task-07.json,blender,⚠️,✅,未禁止,—,⚪,instruction 中未声明启动路径
v-blender-task-08-ubuntu,task-v/blender/task-08/task-08.json,blender,⚠️,✅,未禁止,—,⚪,instruction 中未声明启动路径
v-blender-task-09-ubuntu,task-v/blender/task-09/task-09.json,blender,⚠️,✅,未禁止,—,⚪,instruction 中未声明启动路径
v-blender-task-10-ubuntu,task-v/blender/task-10/task-10.json,blender,⚠️,✅,未禁止,—,⚪,instruction 中未声明启动路径
v-blender-task-11-ubuntu,task-v/blender/task-11/task-11.json,blender,⚠️,✅,未禁止,—,⚪,instruction 中未声明启动路径
v-blender-task-12-ubuntu,task-v/blender/task-12/task-12.json,blender,⚠️,✅,未禁止,—,⚪,instruction 中未声明启动路径
v-blender-task-13-ubuntu,task-v/blender/task-13/task-13.json,blender,⚠️,✅,未禁止,—,⚪,instruction 中未声明启动路径
v-blender-task-14-ubuntu,task-v/blender/task-14/task-14.json,blender,⚠️,✅,未禁止,—,⚪,instruction 中未声明启动路径
v-blender-task-15-ubuntu,task-v/blender/task-15/task-15.json,blender,⚠️,✅,未禁止,—,⚪,instruction 中未声明启动路径
v-blender-task-16-ubuntu,task-v/blender/task-16/task-16.json,blender,⚠️,✅,未禁止,—,⚪,instruction 中未声明启动路径
v-blender-task-17-ubuntu,task-v/blender/task-17/task-17.json,blender,⚠️,✅,未禁止,—,⚪,instruction 中未声明启动路径
v-blender-task-18-ubuntu,task-v/blender/task-18/task-18.json,blender,⚠️,✅,未禁止,—,⚪,instruction 中未声明启动路径
v-blender-task-19-ubuntu,task-v/blender/task-19/task-19.json,blender,⚠️,✅,未禁止,—,⚪,instruction 中未声明启动路径
v-blender-task-20-ubuntu,task-v/blender/task-20/task-20.json,blender,⚠️,✅,未禁止,—,⚪,instruction 中未声明启动路径
v-blender-task-21-ubuntu,task-v/blender/task-21/task-21.json,blender,⚠️,✅,未禁止,—,⚪,instruction 中未声明启动路径
v-blender-task-22-ubuntu,task-v/blender/task-22/task-22.json,blender,⚠️,✅,未禁止,—,⚪,instruction 中未声明启动路径
v-blender-task-23-ubuntu,task-v/blender/task-23/task-23.json,blender,⚠️,✅,未禁止,—,⚪,instruction 中未声明启动路径
v-blender-task-24-ubuntu,task-v/blender/task-24/task-24.json,blender,⚠️,✅,未禁止,—,⚪,instruction 中未声明启动路径
v-blender-task-25-ubuntu,task-v/blender/task-25/task-25.json,blender,⚠️,✅,未禁止,—,⚪,instruction 中未声明启动路径
v-blender-task-26-ubuntu,task-v/blender/task-26/task-26.json,blender,⚠️,✅,未禁止,—,⚪,instruction 中未声明启动路径
v-blender-task-27-ubuntu,task-v/blender/task-27/task-27.json,blender,⚠️,✅,未禁止,—,⚪,instruction 中未声明启动路径
v-blender-task-28-ubuntu,task-v/blender/task-28/task-28.json,blender,⚠️,✅,未禁止,—,⚪,instruction 中未声明启动路径
v-blender-task-29-ubuntu,task-v/blender/task-29/task-29.json,blender,⚠️,✅,未禁止,—,⚪,instruction 中未声明启动路径
v-blender-task-30-ubuntu,task-v/blender/task-30/task-30.json,blender,⚠️,✅,未禁止,—,⚪,instruction 中未声明启动路径
v-blender-task-31-ubuntu,task-v/blender/task-31/task-31.json,blender,⚠️,✅,未禁止,—,⚪,instruction 中未声明启动路径
v-blender-task-32-ubuntu,task-v/blender/task-32/task-32.json,blender,⚠️,✅,未禁止,—,⚪,instruction 中未声明启动路径
v-blender-task-33-ubuntu,task-v/blender/task-33/task-33.json,blender,⚠️,✅,未禁止,—,⚪,instruction 中未声明启动路径
v-blender-task-34-ubuntu,task-v/blender/task-34/task-34.json,blender,⚠️,✅,未禁止,—,⚪,instruction 中未声明启动路径
v-blender-task-35-ubuntu,task-v/blender/task-35/task-35.json,blender,⚠️,✅,未禁止,—,⚪,instruction 中未声明启动路径
v-blender-task-36-ubuntu,task-v/blender/task-36/task-36.json,blender,⚠️,✅,未禁止,—,⚪,instruction 中未声明启动路径
v-blender-task-37-ubuntu,task-v/blender/task-37/task-37.json,blender,⚠️,✅,未禁止,—,⚪,instruction 中未声明启动路径
v-blender-task-38-ubuntu,task-v/blender/task-38/task-38.json,blender,⚠️,✅,未禁止,—,⚪,instruction 中未声明启动路径
v-blender-task-39-ubuntu,task-v/blender/task-39/task-39.json,blender,⚠️,✅,未禁止,—,⚪,instruction 中未声明启动路径
v-blender-task-40-ubuntu,task-v/blender/task-40/task-40.json,blender,⚠️,✅,未禁止,—,⚪,instruction 中未声明启动路径
v-bonsai-task-01-ubuntu,task-v/bonsai/task-01/task-01.json,bonsai,⚠️,✅,已禁止,有,✅,instruction 中未声明启动路径
v-bonsai-task-02-ubuntu,task-v/bonsai/task-02/task-02.json,bonsai,⚠️,✅,已禁止,有,✅,instruction 中未声明启动路径
v-bonsai-task-03-ubuntu,task-v/bonsai/task-03/task-03.json,bonsai,⚠️,✅,已禁止,有,✅,instruction 中未声明启动路径
v-bonsai-task-04-ubuntu,task-v/bonsai/task-04/task-04.json,bonsai,⚠️,✅,已禁止,有,✅,instruction 中未声明启动路径
v-bonsai-task-05-ubuntu,task-v/bonsai/task-05/task-05.json,bonsai,⚠️,✅,已禁止,有,✅,instruction 中未声明启动路径
v-bonsai-task-06-ubuntu,task-v/bonsai/task-06/task-06.json,bonsai,⚠️,✅,已禁止,有,✅,instruction 中未声明启动路径
v-bonsai-task-07-ubuntu,task-v/bonsai/task-07/task-07.json,bonsai,⚠️,✅,已禁止,有,✅,instruction 中未声明启动路径
v-bonsai-task-08-ubuntu,task-v/bonsai/task-08/task-08.json,bonsai,⚠️,✅,已禁止,有,✅,instruction 中未声明启动路径
v-bonsai-task-09-ubuntu,task-v/bonsai/task-09/task-09.json,bonsai,⚠️,✅,已禁止,有,✅,instruction 中未声明启动路径
v-bonsai-task-10-ubuntu,task-v/bonsai/task-10/task-10.json,bonsai,⚠️,✅,已禁止,有,✅,instruction 中未声明启动路径
v-bonsai-task-11-ubuntu,task-v/bonsai/task-11/task-11.json,bonsai,⚠️,✅,已禁止,有,✅,instruction 中未声明启动路径
v-bonsai-task-12-ubuntu,task-v/bonsai/task-12/task-12.json,bonsai,⚠️,✅,已禁止,有,✅,instruction 中未声明启动路径
v-bonsai-task-13-ubuntu,task-v/bonsai/task-13/task-13.json,bonsai,⚠️,✅,已禁止,有,✅,instruction 中未声明启动路径
v-bonsai-task-14-ubuntu,task-v/bonsai/task-14/task-14.json,bonsai,⚠️,✅,已禁止,有,✅,instruction 中未声明启动路径
v-bonsai-task-15-ubuntu,task-v/bonsai/task-15/task-15.json,bonsai,⚠️,✅,已禁止,有,✅,instruction 中未声明启动路径
v-bonsai-task-16-ubuntu,task-v/bonsai/task-16/task-16.json,bonsai,⚠️,✅,已禁止,有,✅,instruction 中未声明启动路径
v-bonsai-task-17-ubuntu,task-v/bonsai/task-17/task-17.json,bonsai,⚠️,✅,已禁止,有,✅,instruction 中未声明启动路径
v-bonsai-task-18-ubuntu,task-v/bonsai/task-18/task-18.json,bonsai,⚠️,✅,已禁止,有,✅,instruction 中未声明启动路径
v-bonsai-task-19-ubuntu,task-v/bonsai/task-19/task-19.json,bonsai,⚠️,✅,已禁止,有,✅,instruction 中未声明启动路径
v-bonsai-task-20-ubuntu,task-v/bonsai/task-20/task-20.json,bonsai,⚠️,✅,已禁止,有,✅,instruction 中未声明启动路径
v-cadence-orcad-task-01-windows,task-v/cadence-orcad/task-01/task-01.json,cadence-orcad,⚠️,✅,未禁止,—,⚪,instruction 中未声明启动路径
v-cadence-orcad-task-02-windows,task-v/cadence-orcad/task-02/task-02.json,cadence-orcad,⚠️,✅,未禁止,—,⚪,instruction 中未声明启动路径
v-cadence-orcad-task-03-windows,task-v/cadence-orcad/task-03/task-03.json,cadence-orcad,⚠️,✅,未禁止,—,⚪,instruction 中未声明启动路径
v-cadence-orcad-task-04-windows,task-v/cadence-orcad/task-04/task-04.json,cadence-orcad,⚠️,✅,未禁止,—,⚪,instruction 中未声明启动路径
v-cadence-orcad-task-05-windows,task-v/cadence-orcad/task-05/task-05.json,cadence-orcad,⚠️,✅,未禁止,—,⚪,instruction 中未声明启动路径
v-cadence-orcad-task-06-windows,task-v/cadence-orcad/task-06/task-06.json,cadence-orcad,⚠️,✅,未禁止,—,⚪,instruction 中未声明启动路径
v-cadence-orcad-task-07-windows,task-v/cadence-orcad/task-07/task-07.json,cadence-orcad,⚠️,✅,未禁止,—,⚪,instruction 中未声明启动路径
v-cadence-orcad-task-08-windows,task-v/cadence-orcad/task-08/task-08.json,cadence-orcad,⚠️,✅,未禁止,—,⚪,instruction 中未声明启动路径
v-cadence-orcad-task-09-windows,task-v/cadence-orcad/task-09/task-09.json,cadence-orcad,⚠️,✅,未禁止,—,⚪,instruction 中未声明启动路径
v-cadence-orcad-task-10-windows,task-v/cadence-orcad/task-10/task-10.json,cadence-orcad,⚠️,✅,未禁止,—,⚪,instruction 中未声明启动路径
v-cadence-orcad-task-11-windows,task-v/cadence-orcad/task-11/task-11.json,cadence-orcad,⚠️,✅,未禁止,—,⚪,instruction 中未声明启动路径
v-cadence-orcad-task-12-windows,task-v/cadence-orcad/task-12/task-12.json,cadence-orcad,⚠️,✅,未禁止,—,⚪,instruction 中未声明启动路径
v-cadence-orcad-task-13-windows,task-v/cadence-orcad/task-13/task-13.json,cadence-orcad,⚠️,✅,未禁止,—,⚪,instruction 中未声明启动路径
v-cadence-orcad-task-14-windows,task-v/cadence-orcad/task-14/task-14.json,cadence-orcad,⚠️,✅,未禁止,—,⚪,instruction 中未声明启动路径
v-cadence-orcad-task-15-windows,task-v/cadence-orcad/task-15/task-15.json,cadence-orcad,⚠️,✅,未禁止,—,⚪,instruction 中未声明启动路径
v-cadence-orcad-task-16-windows,task-v/cadence-orcad/task-16/task-16.json,cadence-orcad,⚠️,✅,未禁止,—,⚪,instruction 中未声明启动路径
v-cadence-orcad-task-17-windows,task-v/cadence-orcad/task-17/task-17.json,cadence-orcad,⚠️,✅,未禁止,—,⚪,instruction 中未声明启动路径
v-cadence-orcad-task-18-windows,task-v/cadence-orcad/task-18/task-18.json,cadence-orcad,⚠️,✅,未禁止,—,⚪,instruction 中未声明启动路径
v-cadence-orcad-task-19-windows,task-v/cadence-orcad/task-19/task-19.json,cadence-orcad,⚠️,✅,未禁止,—,⚪,instruction 中未声明启动路径
v-cadence-orcad-task-20-windows,task-v/cadence-orcad/task-20/task-20.json,cadence-orcad,⚠️,✅,未禁止,—,⚪,instruction 中未声明启动路径
v-cadence-orcad-task-21-windows,task-v/cadence-orcad/task-21/task-21.json,cadence-orcad,⚠️,✅,未禁止,—,⚪,instruction 中未声明启动路径
v-cadence-orcad-task-22-windows,task-v/cadence-orcad/task-22/task-22.json,cadence-orcad,⚠️,✅,未禁止,—,⚪,instruction 中未声明启动路径
v-cadence-orcad-task-23-windows,task-v/cadence-orcad/task-23/task-23.json,cadence-orcad,⚠️,✅,未禁止,—,⚪,instruction 中未声明启动路径
v-cadence-orcad-task-24-windows,task-v/cadence-orcad/task-24/task-24.json,cadence-orcad,⚠️,✅,未禁止,—,⚪,instruction 中未声明启动路径
v-cadence-orcad-task-25-windows,task-v/cadence-orcad/task-25/task-25.json,cadence-orcad,⚠️,✅,未禁止,—,⚪,instruction 中未声明启动路径
v-cadence-orcad-task-26-windows,task-v/cadence-orcad/task-26/task-26.json,cadence-orcad,⚠️,✅,未禁止,—,⚪,instruction 中未声明启动路径
v-cadence-orcad-task-27-windows,task-v/cadence-orcad/task-27/task-27.json,cadence-orcad,⚠️,✅,未禁止,—,⚪,instruction 中未声明启动路径
v-cadence-orcad-task-28-windows,task-v/cadence-orcad/task-28/task-28.json,cadence-orcad,⚠️,✅,未禁止,—,⚪,instruction 中未声明启动路径
v-cadence-orcad-task-29-windows,task-v/cadence-orcad/task-29/task-29.json,cadence-orcad,⚠️,✅,未禁止,—,⚪,instruction 中未声明启动路径
v-cadence-orcad-task-30-windows,task-v/cadence-orcad/task-30/task-30.json,cadence-orcad,⚠️,✅,未禁止,—,⚪,instruction 中未声明启动路径
v-eagle-task-01-ubuntu,task-v/eagle/task-01/task-01.json,eagle,⚠️,✅,未禁止,—,⚪,instruction 中未声明启动路径
v-eagle-task-02-ubuntu,task-v/eagle/task-02/task-02.json,eagle,⚠️,✅,未禁止,—,⚪,instruction 中未声明启动路径
v-eagle-task-03-ubuntu,task-v/eagle/task-03/task-03.json,eagle,⚠️,✅,未禁止,—,⚪,instruction 中未声明启动路径
v-eagle-task-04-ubuntu,task-v/eagle/task-04/task-04.json,eagle,⚠️,✅,未禁止,—,⚪,instruction 中未声明启动路径
v-eagle-task-05-ubuntu,task-v/eagle/task-05/task-05.json,eagle,⚠️,✅,未禁止,—,⚪,instruction 中未声明启动路径
v-eagle-task-06-ubuntu,task-v/eagle/task-06/task-06.json,eagle,⚠️,✅,未禁止,—,⚪,instruction 中未声明启动路径
v-eagle-task-07-ubuntu,task-v/eagle/task-07/task-07.json,eagle,⚠️,✅,未禁止,—,⚪,instruction 中未声明启动路径
v-eagle-task-08-ubuntu,task-v/eagle/task-08/task-08.json,eagle,⚠️,✅,未禁止,—,⚪,instruction 中未声明启动路径
v-eagle-task-09-ubuntu,task-v/eagle/task-09/task-09.json,eagle,⚠️,✅,未禁止,—,⚪,instruction 中未声明启动路径
v-eagle-task-10-ubuntu,task-v/eagle/task-10/task-10.json,eagle,⚠️,✅,未禁止,—,⚪,instruction 中未声明启动路径
v-eagle-task-11-ubuntu,task-v/eagle/task-11/task-11.json,eagle,⚠️,✅,未禁止,—,⚪,instruction 中未声明启动路径
v-eagle-task-12-ubuntu,task-v/eagle/task-12/task-12.json,eagle,⚠️,✅,未禁止,—,⚪,instruction 中未声明启动路径
v-eagle-task-13-ubuntu,task-v/eagle/task-13/task-13.json,eagle,⚠️,✅,未禁止,—,⚪,instruction 中未声明启动路径
v-eagle-task-14-ubuntu,task-v/eagle/task-14/task-14.json,eagle,⚠️,✅,未禁止,—,⚪,instruction 中未声明启动路径
v-eagle-task-15-ubuntu,task-v/eagle/task-15/task-15.json,eagle,⚠️,✅,未禁止,—,⚪,instruction 中未声明启动路径
v-eagle-task-16-ubuntu,task-v/eagle/task-16/task-16.json,eagle,⚠️,✅,未禁止,—,⚪,instruction 中未声明启动路径
v-eagle-task-17-ubuntu,task-v/eagle/task-17/task-17.json,eagle,⚠️,✅,未禁止,—,⚪,instruction 中未声明启动路径
v-eagle-task-18-ubuntu,task-v/eagle/task-18/task-18.json,eagle,⚠️,✅,未禁止,—,⚪,instruction 中未声明启动路径
v-eagle-task-19-ubuntu,task-v/eagle/task-19/task-19.json,eagle,⚠️,✅,未禁止,—,⚪,instruction 中未声明启动路径
v-eagle-task-20-ubuntu,task-v/eagle/task-20/task-20.json,eagle,⚠️,✅,未禁止,—,⚪,instruction 中未声明启动路径
v-eagle-task-21-ubuntu,task-v/eagle/task-21/task-21.json,eagle,⚠️,✅,未禁止,—,⚪,instruction 中未声明启动路径
v-eagle-task-22-ubuntu,task-v/eagle/task-22/task-22.json,eagle,⚠️,✅,未禁止,—,⚪,instruction 中未声明启动路径
v-eagle-task-23-ubuntu,task-v/eagle/task-23/task-23.json,eagle,⚠️,✅,未禁止,—,⚪,instruction 中未声明启动路径
v-freecad-task-01-ubuntu,task-v/freecad/task-01/task-01.json,freecad,⚠️,✅,已禁止,无,❌,instruction 中未声明启动路径
v-freecad-task-02-ubuntu,task-v/freecad/task-02/task-02.json,freecad,⚠️,✅,已禁止,无,❌,instruction 中未声明启动路径
v-freecad-task-03-ubuntu,task-v/freecad/task-03/task-03.json,freecad,⚠️,✅,已禁止,无,❌,instruction 中未声明启动路径
v-freecad-task-04-ubuntu,task-v/freecad/task-04/task-04.json,freecad,⚠️,✅,已禁止,无,❌,instruction 中未声明启动路径
v-freecad-task-05-ubuntu,task-v/freecad/task-05/task-05.json,freecad,⚠️,✅,已禁止,无,❌,instruction 中未声明启动路径
v-freecad-task-06-ubuntu,task-v/freecad/task-06/task-06.json,freecad,⚠️,✅,已禁止,无,❌,instruction 中未声明启动路径
v-freecad-task-07-ubuntu,task-v/freecad/task-07/task-07.json,freecad,⚠️,✅,已禁止,无,❌,instruction 中未声明启动路径
v-freecad-task-08-ubuntu,task-v/freecad/task-08/task-08.json,freecad,⚠️,✅,已禁止,无,❌,instruction 中未声明启动路径
v-freecad-task-09-ubuntu,task-v/freecad/task-09/task-09.json,freecad,⚠️,✅,已禁止,无,❌,instruction 中未声明启动路径
v-freecad-task-10-ubuntu,task-v/freecad/task-10/task-10.json,freecad,⚠️,✅,已禁止,无,❌,instruction 中未声明启动路径
v-freecad-task-11-ubuntu,task-v/freecad/task-11/task-11.json,freecad,⚠️,✅,已禁止,无,❌,instruction 中未声明启动路径
v-freecad-task-12-ubuntu,task-v/freecad/task-12/task-12.json,freecad,⚠️,✅,已禁止,无,❌,instruction 中未声明启动路径
v-freecad-task-13-ubuntu,task-v/freecad/task-13/task-13.json,freecad,⚠️,✅,已禁止,无,❌,instruction 中未声明启动路径
v-freecad-task-14-ubuntu,task-v/freecad/task-14/task-14.json,freecad,⚠️,✅,已禁止,无,❌,instruction 中未声明启动路径
v-freecad-task-15-ubuntu,task-v/freecad/task-15/task-15.json,freecad,⚠️,✅,已禁止,无,❌,instruction 中未声明启动路径
v-freecad-task-16-ubuntu,task-v/freecad/task-16/task-16.json,freecad,⚠️,✅,已禁止,无,❌,instruction 中未声明启动路径
v-freecad-task-17-ubuntu,task-v/freecad/task-17/task-17.json,freecad,⚠️,✅,已禁止,无,❌,instruction 中未声明启动路径
v-freecad-task-18-ubuntu,task-v/freecad/task-18/task-18.json,freecad,⚠️,✅,已禁止,无,❌,instruction 中未声明启动路径
v-freecad-task-19-ubuntu,task-v/freecad/task-19/task-19.json,freecad,⚠️,✅,已禁止,无,❌,instruction 中未声明启动路径
v-freecad-task-20-ubuntu,task-v/freecad/task-20/task-20.json,freecad,⚠️,✅,已禁止,无,❌,instruction 中未声明启动路径
v-freecad-path-task-01-ubuntu,task-v/freecad-path/task-01/task-01.json,freecad-path,⚠️,✅,已禁止,无,❌,instruction 中未声明启动路径
v-freecad-path-task-02-ubuntu,task-v/freecad-path/task-02/task-02.json,freecad-path,⚠️,✅,已禁止,无,❌,instruction 中未声明启动路径
v-freecad-path-task-03-ubuntu,task-v/freecad-path/task-03/task-03.json,freecad-path,⚠️,✅,已禁止,无,❌,instruction 中未声明启动路径
v-freecad-path-task-04-ubuntu,task-v/freecad-path/task-04/task-04.json,freecad-path,⚠️,✅,已禁止,无,❌,instruction 中未声明启动路径
v-freecad-path-task-05-ubuntu,task-v/freecad-path/task-05/task-05.json,freecad-path,⚠️,✅,已禁止,无,❌,instruction 中未声明启动路径
v-freecad-path-task-06-ubuntu,task-v/freecad-path/task-06/task-06.json,freecad-path,⚠️,✅,已禁止,无,❌,instruction 中未声明启动路径
v-freecad-path-task-07-ubuntu,task-v/freecad-path/task-07/task-07.json,freecad-path,⚠️,✅,已禁止,无,❌,instruction 中未声明启动路径
v-freecad-path-task-08-ubuntu,task-v/freecad-path/task-08/task-08.json,freecad-path,⚠️,✅,已禁止,无,❌,instruction 中未声明启动路径
v-freecad-path-task-09-ubuntu,task-v/freecad-path/task-09/task-09.json,freecad-path,⚠️,✅,已禁止,无,❌,instruction 中未声明启动路径
v-freecad-path-task-10-ubuntu,task-v/freecad-path/task-10/task-10.json,freecad-path,⚠️,✅,已禁止,无,❌,instruction 中未声明启动路径
v-freecad-path-task-11-ubuntu,task-v/freecad-path/task-11/task-11.json,freecad-path,⚠️,✅,已禁止,无,❌,instruction 中未声明启动路径
v-freecad-path-task-12-ubuntu,task-v/freecad-path/task-12/task-12.json,freecad-path,⚠️,✅,已禁止,无,❌,instruction 中未声明启动路径
v-freecad-path-task-13-ubuntu,task-v/freecad-path/task-13/task-13.json,freecad-path,⚠️,✅,已禁止,无,❌,instruction 中未声明启动路径
v-freecad-path-task-14-ubuntu,task-v/freecad-path/task-14/task-14.json,freecad-path,⚠️,✅,已禁止,无,❌,instruction 中未声明启动路径
v-freecad-path-task-15-ubuntu,task-v/freecad-path/task-15/task-15.json,freecad-path,⚠️,✅,已禁止,无,❌,instruction 中未声明启动路径
v-freecad-path-task-16-ubuntu,task-v/freecad-path/task-16/task-16.json,freecad-path,⚠️,✅,已禁止,无,❌,instruction 中未声明启动路径
v-freecad-path-task-17-ubuntu,task-v/freecad-path/task-17/task-17.json,freecad-path,⚠️,✅,已禁止,无,❌,instruction 中未声明启动路径
v-freecad-path-task-18-ubuntu,task-v/freecad-path/task-18/task-18.json,freecad-path,⚠️,✅,已禁止,无,❌,instruction 中未声明启动路径
v-freecad-path-task-19-ubuntu,task-v/freecad-path/task-19/task-19.json,freecad-path,⚠️,✅,已禁止,无,❌,instruction 中未声明启动路径
v-freecad-path-task-20-ubuntu,task-v/freecad-path/task-20/task-20.json,freecad-path,⚠️,✅,已禁止,无,❌,instruction 中未声明启动路径
v-kicad-task-01-ubuntu,task-v/kicad/task-01/task-01.json,kicad,⚠️,✅,未禁止,—,⚪,instruction 中未声明启动路径
v-kicad-task-02-ubuntu,task-v/kicad/task-02/task-02.json,kicad,⚠️,✅,未禁止,—,⚪,instruction 中未声明启动路径
v-kicad-task-03-ubuntu,task-v/kicad/task-03/task-03.json,kicad,⚠️,✅,未禁止,—,⚪,instruction 中未声明启动路径
v-kicad-task-04-ubuntu,task-v/kicad/task-04/task-04.json,kicad,⚠️,✅,未禁止,—,⚪,instruction 中未声明启动路径
v-kicad-task-05-ubuntu,task-v/kicad/task-05/task-05.json,kicad,⚠️,✅,未禁止,—,⚪,instruction 中未声明启动路径
v-kicad-task-06-ubuntu,task-v/kicad/task-06/task-06.json,kicad,⚠️,✅,未禁止,—,⚪,instruction 中未声明启动路径
v-kicad-task-07-ubuntu,task-v/kicad/task-07/task-07.json,kicad,⚠️,✅,未禁止,—,⚪,instruction 中未声明启动路径
v-kicad-task-08-ubuntu,task-v/kicad/task-08/task-08.json,kicad,⚠️,✅,未禁止,—,⚪,instruction 中未声明启动路径
v-kicad-task-09-ubuntu,task-v/kicad/task-09/task-09.json,kicad,⚠️,✅,未禁止,—,⚪,instruction 中未声明启动路径
v-kicad-task-10-ubuntu,task-v/kicad/task-10/task-10.json,kicad,⚠️,✅,未禁止,—,⚪,instruction 中未声明启动路径
v-kicad-task-11-ubuntu,task-v/kicad/task-11/task-11.json,kicad,⚠️,✅,未禁止,—,⚪,instruction 中未声明启动路径
v-kicad-task-12-ubuntu,task-v/kicad/task-12/task-12.json,kicad,⚠️,✅,未禁止,—,⚪,instruction 中未声明启动路径
v-kicad-task-13-ubuntu,task-v/kicad/task-13/task-13.json,kicad,⚠️,✅,未禁止,—,⚪,instruction 中未声明启动路径
v-kicad-task-14-ubuntu,task-v/kicad/task-14/task-14.json,kicad,⚠️,✅,未禁止,—,⚪,instruction 中未声明启动路径
v-kicad-task-15-ubuntu,task-v/kicad/task-15/task-15.json,kicad,⚠️,✅,未禁止,—,⚪,instruction 中未声明启动路径
v-kicad-task-16-ubuntu,task-v/kicad/task-16/task-16.json,kicad,⚠️,✅,未禁止,—,⚪,instruction 中未声明启动路径
v-kicad-task-17-ubuntu,task-v/kicad/task-17/task-17.json,kicad,⚠️,✅,未禁止,—,⚪,instruction 中未声明启动路径
v-kicad-task-18-ubuntu,task-v/kicad/task-18/task-18.json,kicad,⚠️,✅,未禁止,—,⚪,instruction 中未声明启动路径
v-kicad-task-19-ubuntu,task-v/kicad/task-19/task-19.json,kicad,⚠️,✅,未禁止,—,⚪,instruction 中未声明启动路径
v-kicad-task-20-ubuntu,task-v/kicad/task-20/task-20.json,kicad,⚠️,✅,未禁止,—,⚪,instruction 中未声明启动路径
v-kicad-task-21-ubuntu,task-v/kicad/task-21/task-21.json,kicad,⚠️,✅,未禁止,—,⚪,instruction 中未声明启动路径
v-kicad-task-22-ubuntu,task-v/kicad/task-22/task-22.json,kicad,⚠️,✅,未禁止,—,⚪,instruction 中未声明启动路径
v-kicad-task-23-ubuntu,task-v/kicad/task-23/task-23.json,kicad,⚠️,✅,未禁止,—,⚪,instruction 中未声明启动路径
v-kicad-task-24-ubuntu,task-v/kicad/task-24/task-24.json,kicad,⚠️,✅,未禁止,—,⚪,instruction 中未声明启动路径
v-librecad-task-01-ubuntu,task-v/librecad/task-01/task-01.json,librecad,⚠️,✅,已禁止,无,❌,instruction 中未声明启动路径
v-librecad-task-02-ubuntu,task-v/librecad/task-02/task-02.json,librecad,⚠️,✅,已禁止,无,❌,instruction 中未声明启动路径
v-librecad-task-03-ubuntu,task-v/librecad/task-03/task-03.json,librecad,⚠️,✅,已禁止,无,❌,instruction 中未声明启动路径
v-librecad-task-04-ubuntu,task-v/librecad/task-04/task-04.json,librecad,⚠️,✅,已禁止,无,❌,instruction 中未声明启动路径
v-librecad-task-05-ubuntu,task-v/librecad/task-05/task-05.json,librecad,⚠️,✅,已禁止,无,❌,instruction 中未声明启动路径
v-librecad-task-06-ubuntu,task-v/librecad/task-06/task-06.json,librecad,⚠️,✅,已禁止,无,❌,instruction 中未声明启动路径
v-librecad-task-07-ubuntu,task-v/librecad/task-07/task-07.json,librecad,⚠️,✅,已禁止,无,❌,instruction 中未声明启动路径
v-librecad-task-08-ubuntu,task-v/librecad/task-08/task-08.json,librecad,⚠️,✅,已禁止,无,❌,instruction 中未声明启动路径
v-librecad-task-09-ubuntu,task-v/librecad/task-09/task-09.json,librecad,⚠️,✅,已禁止,无,❌,instruction 中未声明启动路径
v-librecad-task-10-ubuntu,task-v/librecad/task-10/task-10.json,librecad,⚠️,✅,已禁止,无,❌,instruction 中未声明启动路径
v-librecad-task-11-ubuntu,task-v/librecad/task-11/task-11.json,librecad,⚠️,✅,已禁止,无,❌,instruction 中未声明启动路径
v-librecad-task-12-ubuntu,task-v/librecad/task-12/task-12.json,librecad,⚠️,✅,已禁止,无,❌,instruction 中未声明启动路径
v-librecad-task-13-ubuntu,task-v/librecad/task-13/task-13.json,librecad,⚠️,✅,已禁止,无,❌,instruction 中未声明启动路径
v-librecad-task-14-ubuntu,task-v/librecad/task-14/task-14.json,librecad,⚠️,✅,已禁止,无,❌,instruction 中未声明启动路径
v-librecad-task-15-ubuntu,task-v/librecad/task-15/task-15.json,librecad,⚠️,✅,已禁止,无,❌,instruction 中未声明启动路径
v-librecad-task-16-ubuntu,task-v/librecad/task-16/task-16.json,librecad,⚠️,✅,已禁止,无,❌,instruction 中未声明启动路径
v-librecad-task-17-ubuntu,task-v/librecad/task-17/task-17.json,librecad,⚠️,✅,已禁止,无,❌,instruction 中未声明启动路径
v-librecad-task-18-ubuntu,task-v/librecad/task-18/task-18.json,librecad,⚠️,✅,已禁止,无,❌,instruction 中未声明启动路径
v-librecad-task-19-ubuntu,task-v/librecad/task-19/task-19.json,librecad,⚠️,✅,已禁止,无,❌,instruction 中未声明启动路径
v-librecad-task-20-ubuntu,task-v/librecad/task-20/task-20.json,librecad,⚠️,✅,已禁止,无,❌,instruction 中未声明启动路径
v-openscad-task-01-ubuntu,task-v/openscad/task-01/task-01.json,openscad,⚠️,✅,已禁止,无,❌,instruction 中未声明启动路径
v-openscad-task-02-ubuntu,task-v/openscad/task-02/task-02.json,openscad,⚠️,✅,已禁止,无,❌,instruction 中未声明启动路径
v-openscad-task-03-ubuntu,task-v/openscad/task-03/task-03.json,openscad,⚠️,✅,已禁止,无,❌,instruction 中未声明启动路径
v-openscad-task-04-ubuntu,task-v/openscad/task-04/task-04.json,openscad,⚠️,✅,已禁止,无,❌,instruction 中未声明启动路径
v-openscad-task-05-ubuntu,task-v/openscad/task-05/task-05.json,openscad,⚠️,✅,已禁止,无,❌,instruction 中未声明启动路径
v-openscad-task-06-ubuntu,task-v/openscad/task-06/task-06.json,openscad,⚠️,✅,已禁止,无,❌,instruction 中未声明启动路径
v-openscad-task-07-ubuntu,task-v/openscad/task-07/task-07.json,openscad,⚠️,✅,已禁止,无,❌,instruction 中未声明启动路径
v-openscad-task-08-ubuntu,task-v/openscad/task-08/task-08.json,openscad,⚠️,✅,已禁止,无,❌,instruction 中未声明启动路径
v-openscad-task-09-ubuntu,task-v/openscad/task-09/task-09.json,openscad,⚠️,✅,已禁止,无,❌,instruction 中未声明启动路径
v-openscad-task-10-ubuntu,task-v/openscad/task-10/task-10.json,openscad,⚠️,✅,已禁止,无,❌,instruction 中未声明启动路径
v-openscad-task-11-ubuntu,task-v/openscad/task-11/task-11.json,openscad,⚠️,✅,已禁止,无,❌,instruction 中未声明启动路径
v-openscad-task-12-ubuntu,task-v/openscad/task-12/task-12.json,openscad,⚠️,✅,已禁止,无,❌,instruction 中未声明启动路径
v-openscad-task-13-ubuntu,task-v/openscad/task-13/task-13.json,openscad,⚠️,✅,已禁止,无,❌,instruction 中未声明启动路径
v-openscad-task-14-ubuntu,task-v/openscad/task-14/task-14.json,openscad,⚠️,✅,已禁止,无,❌,instruction 中未声明启动路径
v-openscad-task-15-ubuntu,task-v/openscad/task-15/task-15.json,openscad,⚠️,✅,已禁止,无,❌,instruction 中未声明启动路径
v-openscad-task-16-ubuntu,task-v/openscad/task-16/task-16.json,openscad,⚠️,✅,已禁止,无,❌,instruction 中未声明启动路径
v-openscad-task-17-ubuntu,task-v/openscad/task-17/task-17.json,openscad,⚠️,✅,已禁止,无,❌,instruction 中未声明启动路径
v-openscad-task-18-ubuntu,task-v/openscad/task-18/task-18.json,openscad,⚠️,✅,已禁止,无,❌,instruction 中未声明启动路径
v-openscad-task-19-ubuntu,task-v/openscad/task-19/task-19.json,openscad,⚠️,✅,已禁止,无,❌,instruction 中未声明启动路径
v-openscad-task-20-ubuntu,task-v/openscad/task-20/task-20.json,openscad,⚠️,✅,已禁止,无,❌,instruction 中未声明启动路径
v-openstudio-task-01-ubuntu,task-v/openstudio/task-01/task-01.json,openstudio,⚠️,✅,已禁止,有,✅,instruction 中未声明启动路径
v-openstudio-task-02-ubuntu,task-v/openstudio/task-02/task-02.json,openstudio,⚠️,✅,已禁止,有,✅,instruction 中未声明启动路径
v-openstudio-task-03-ubuntu,task-v/openstudio/task-03/task-03.json,openstudio,⚠️,✅,已禁止,有,✅,instruction 中未声明启动路径
v-openstudio-task-04-ubuntu,task-v/openstudio/task-04/task-04.json,openstudio,⚠️,✅,已禁止,有,✅,instruction 中未声明启动路径
v-openstudio-task-05-ubuntu,task-v/openstudio/task-05/task-05.json,openstudio,⚠️,✅,已禁止,有,✅,instruction 中未声明启动路径
v-openstudio-task-06-ubuntu,task-v/openstudio/task-06/task-06.json,openstudio,⚠️,✅,已禁止,有,✅,instruction 中未声明启动路径
v-openstudio-task-07-ubuntu,task-v/openstudio/task-07/task-07.json,openstudio,⚠️,✅,已禁止,有,✅,instruction 中未声明启动路径
v-openstudio-task-08-ubuntu,task-v/openstudio/task-08/task-08.json,openstudio,⚠️,✅,已禁止,有,✅,instruction 中未声明启动路径
v-openstudio-task-09-ubuntu,task-v/openstudio/task-09/task-09.json,openstudio,⚠️,✅,已禁止,有,✅,instruction 中未声明启动路径
v-openstudio-task-10-ubuntu,task-v/openstudio/task-10/task-10.json,openstudio,⚠️,✅,已禁止,有,✅,instruction 中未声明启动路径
v-openstudio-task-11-ubuntu,task-v/openstudio/task-11/task-11.json,openstudio,⚠️,✅,已禁止,有,✅,instruction 中未声明启动路径
v-openstudio-task-12-ubuntu,task-v/openstudio/task-12/task-12.json,openstudio,⚠️,✅,已禁止,有,✅,instruction 中未声明启动路径
v-openstudio-task-13-ubuntu,task-v/openstudio/task-13/task-13.json,openstudio,⚠️,✅,已禁止,有,✅,instruction 中未声明启动路径
v-openstudio-task-14-ubuntu,task-v/openstudio/task-14/task-14.json,openstudio,⚠️,✅,已禁止,有,✅,instruction 中未声明启动路径
v-openstudio-task-15-ubuntu,task-v/openstudio/task-15/task-15.json,openstudio,⚠️,✅,已禁止,有,✅,instruction 中未声明启动路径
v-openstudio-task-16-ubuntu,task-v/openstudio/task-16/task-16.json,openstudio,⚠️,✅,已禁止,有,✅,instruction 中未声明启动路径
v-openstudio-task-17-ubuntu,task-v/openstudio/task-17/task-17.json,openstudio,⚠️,✅,已禁止,有,✅,instruction 中未声明启动路径
v-openstudio-task-18-ubuntu,task-v/openstudio/task-18/task-18.json,openstudio,⚠️,✅,已禁止,有,✅,instruction 中未声明启动路径
v-openstudio-task-19-ubuntu,task-v/openstudio/task-19/task-19.json,openstudio,⚠️,✅,已禁止,有,✅,instruction 中未声明启动路径
v-openstudio-task-20-ubuntu,task-v/openstudio/task-20/task-20.json,openstudio,⚠️,✅,已禁止,有,✅,instruction 中未声明启动路径
v-revit-task-01-windows,task-v/revit/task-01/task-01.json,revit,⚠️,✅,已禁止,有,✅,instruction 中未声明启动路径
v-revit-task-02-windows,task-v/revit/task-02/task-02.json,revit,⚠️,✅,已禁止,有,✅,instruction 中未声明启动路径
v-revit-task-03-windows,task-v/revit/task-03/task-03.json,revit,⚠️,✅,已禁止,有,✅,instruction 中未声明启动路径
v-revit-task-04-windows,task-v/revit/task-04/task-04.json,revit,⚠️,✅,已禁止,有,✅,instruction 中未声明启动路径
v-revit-task-05-windows,task-v/revit/task-05/task-05.json,revit,⚠️,✅,已禁止,有,✅,instruction 中未声明启动路径
v-revit-task-06-windows,task-v/revit/task-06/task-06.json,revit,⚠️,✅,已禁止,有,✅,instruction 中未声明启动路径
v-revit-task-07-windows,task-v/revit/task-07/task-07.json,revit,⚠️,✅,已禁止,有,✅,instruction 中未声明启动路径
v-revit-task-08-windows,task-v/revit/task-08/task-08.json,revit,⚠️,✅,已禁止,有,✅,instruction 中未声明启动路径
v-revit-task-09-windows,task-v/revit/task-09/task-09.json,revit,⚠️,✅,已禁止,有,✅,instruction 中未声明启动路径
v-revit-task-10-windows,task-v/revit/task-10/task-10.json,revit,⚠️,✅,已禁止,有,✅,instruction 中未声明启动路径
v-revit-task-11-windows,task-v/revit/task-11/task-11.json,revit,❌,✅,已禁止,有,✅,Desktop 快捷方式 vs 标准 `C:\Program Files\Autodesk\Revit 2025\Revit.exe`
v-revit-task-12-windows,task-v/revit/task-12/task-12.json,revit,❌,✅,已禁止,有,✅,Desktop 快捷方式 vs 标准 `C:\Program Files\Autodesk\Revit 2025\Revit.exe`
v-revit-task-13-windows,task-v/revit/task-13/task-13.json,revit,❌,✅,已禁止,有,✅,Desktop 快捷方式 vs 标准 `C:\Program Files\Autodesk\Revit 2025\Revit.exe`
v-revit-task-14-windows,task-v/revit/task-14/task-14.json,revit,❌,✅,已禁止,有,✅,Desktop 快捷方式 vs 标准 `C:\Program Files\Autodesk\Revit 2025\Revit.exe`
v-revit-task-15-windows,task-v/revit/task-15/task-15.json,revit,❌,✅,已禁止,有,✅,Desktop 快捷方式 vs 标准 `C:\Program Files\Autodesk\Revit 2025\Revit.exe`
v-revit-task-16-windows,task-v/revit/task-16/task-16.json,revit,❌,✅,已禁止,有,✅,Desktop 快捷方式 vs 标准 `C:\Program Files\Autodesk\Revit 2025\Revit.exe`
v-solidcam-task-01-windows,task-v/solidcam/task-01/task-01.json,solidcam,⚠️,✅,已禁止,无,❌,instruction 中未声明启动路径
v-solidcam-task-02-windows,task-v/solidcam/task-02/task-02.json,solidcam,⚠️,✅,已禁止,无,❌,instruction 中未声明启动路径
v-solidcam-task-03-windows,task-v/solidcam/task-03/task-03.json,solidcam,⚠️,✅,已禁止,无,❌,instruction 中未声明启动路径
v-solidcam-task-04-windows,task-v/solidcam/task-04/task-04.json,solidcam,⚠️,✅,已禁止,无,❌,instruction 中未声明启动路径
v-solidcam-task-05-windows,task-v/solidcam/task-05/task-05.json,solidcam,⚠️,✅,已禁止,无,❌,instruction 中未声明启动路径
v-solidcam-task-06-windows,task-v/solidcam/task-06/task-06.json,solidcam,⚠️,✅,已禁止,无,❌,instruction 中未声明启动路径
v-solidcam-task-07-windows,task-v/solidcam/task-07/task-07.json,solidcam,⚠️,✅,已禁止,无,❌,instruction 中未声明启动路径
v-solidcam-task-08-windows,task-v/solidcam/task-08/task-08.json,solidcam,⚠️,✅,已禁止,无,❌,instruction 中未声明启动路径
v-solidcam-task-09-windows,task-v/solidcam/task-09/task-09.json,solidcam,⚠️,✅,已禁止,无,❌,instruction 中未声明启动路径
v-solidcam-task-10-windows,task-v/solidcam/task-10/task-10.json,solidcam,⚠️,✅,已禁止,无,❌,instruction 中未声明启动路径
v-solidcam-task-11-windows,task-v/solidcam/task-11/task-11.json,solidcam,⚠️,✅,已禁止,无,❌,instruction 中未声明启动路径
v-solidcam-task-12-windows,task-v/solidcam/task-12/task-12.json,solidcam,⚠️,✅,已禁止,无,❌,instruction 中未声明启动路径
v-solidcam-task-13-windows,task-v/solidcam/task-13/task-13.json,solidcam,⚠️,✅,已禁止,无,❌,instruction 中未声明启动路径
v-solidcam-task-14-windows,task-v/solidcam/task-14/task-14.json,solidcam,⚠️,✅,已禁止,无,❌,instruction 中未声明启动路径
v-solidcam-task-15-windows,task-v/solidcam/task-15/task-15.json,solidcam,⚠️,✅,已禁止,无,❌,instruction 中未声明启动路径
v-solidcam-task-16-windows,task-v/solidcam/task-16/task-16.json,solidcam,⚠️,✅,已禁止,无,❌,instruction 中未声明启动路径
v-solidcam-task-17-windows,task-v/solidcam/task-17/task-17.json,solidcam,⚠️,✅,已禁止,无,❌,instruction 中未声明启动路径
v-solidcam-task-18-windows,task-v/solidcam/task-18/task-18.json,solidcam,⚠️,✅,已禁止,无,❌,instruction 中未声明启动路径
v-solidcam-task-19-windows,task-v/solidcam/task-19/task-19.json,solidcam,⚠️,✅,已禁止,无,❌,instruction 中未声明启动路径
v-solidcam-task-20-windows,task-v/solidcam/task-20/task-20.json,solidcam,⚠️,✅,已禁止,无,❌,instruction 中未声明启动路径
v-solidworks-task-01-windows,task-v/solidworks/task-01/task-01.json,solidworks,⚠️,✅,已禁止,无,❌,instruction 中未声明启动路径
v-solidworks-task-02-windows,task-v/solidworks/task-02/task-02.json,solidworks,⚠️,✅,已禁止,无,❌,instruction 中未声明启动路径
v-solidworks-task-03-windows,task-v/solidworks/task-03/task-03.json,solidworks,⚠️,✅,已禁止,无,❌,instruction 中未声明启动路径
v-solidworks-task-04-windows,task-v/solidworks/task-04/task-04.json,solidworks,⚠️,✅,已禁止,无,❌,instruction 中未声明启动路径
v-solidworks-task-05-windows,task-v/solidworks/task-05/task-05.json,solidworks,⚠️,✅,已禁止,无,❌,instruction 中未声明启动路径
v-solidworks-task-06-windows,task-v/solidworks/task-06/task-06.json,solidworks,⚠️,✅,已禁止,无,❌,instruction 中未声明启动路径
v-solidworks-task-07-windows,task-v/solidworks/task-07/task-07.json,solidworks,⚠️,✅,已禁止,无,❌,instruction 中未声明启动路径
v-solidworks-task-08-windows,task-v/solidworks/task-08/task-08.json,solidworks,⚠️,✅,已禁止,无,❌,instruction 中未声明启动路径
v-solidworks-task-09-windows,task-v/solidworks/task-09/task-09.json,solidworks,⚠️,✅,已禁止,无,❌,instruction 中未声明启动路径
v-solidworks-task-10-windows,task-v/solidworks/task-10/task-10.json,solidworks,⚠️,✅,已禁止,无,❌,instruction 中未声明启动路径
v-solidworks-task-11-windows,task-v/solidworks/task-11/task-11.json,solidworks,⚠️,✅,已禁止,无,❌,instruction 中未声明启动路径
v-solidworks-task-12-windows,task-v/solidworks/task-12/task-12.json,solidworks,⚠️,✅,已禁止,无,❌,instruction 中未声明启动路径
v-solidworks-task-13-windows,task-v/solidworks/task-13/task-13.json,solidworks,⚠️,✅,已禁止,无,❌,instruction 中未声明启动路径
v-solidworks-task-14-windows,task-v/solidworks/task-14/task-14.json,solidworks,⚠️,✅,已禁止,无,❌,instruction 中未声明启动路径
v-solidworks-task-15-windows,task-v/solidworks/task-15/task-15.json,solidworks,⚠️,✅,已禁止,无,❌,instruction 中未声明启动路径
v-solidworks-task-16-windows,task-v/solidworks/task-16/task-16.json,solidworks,⚠️,✅,已禁止,无,❌,instruction 中未声明启动路径
v-solidworks-task-17-windows,task-v/solidworks/task-17/task-17.json,solidworks,⚠️,✅,已禁止,无,❌,instruction 中未声明启动路径
v-solidworks-task-18-windows,task-v/solidworks/task-18/task-18.json,solidworks,⚠️,✅,已禁止,无,❌,instruction 中未声明启动路径
v-solidworks-task-19-windows,task-v/solidworks/task-19/task-19.json,solidworks,⚠️,✅,已禁止,无,❌,instruction 中未声明启动路径
v-solidworks-task-20-windows,task-v/solidworks/task-20/task-20.json,solidworks,⚠️,✅,已禁止,无,❌,instruction 中未声明启动路径
v-solvespace-task-01-ubuntu,task-v/solvespace/task-01/task-01.json,solvespace,⚠️,✅,已禁止,无,❌,instruction 中未声明启动路径
v-solvespace-task-02-ubuntu,task-v/solvespace/task-02/task-02.json,solvespace,⚠️,✅,已禁止,无,❌,instruction 中未声明启动路径
v-solvespace-task-03-ubuntu,task-v/solvespace/task-03/task-03.json,solvespace,⚠️,✅,已禁止,无,❌,instruction 中未声明启动路径
v-solvespace-task-04-ubuntu,task-v/solvespace/task-04/task-04.json,solvespace,⚠️,✅,已禁止,无,❌,instruction 中未声明启动路径
v-solvespace-task-05-ubuntu,task-v/solvespace/task-05/task-05.json,solvespace,⚠️,✅,已禁止,无,❌,instruction 中未声明启动路径
v-solvespace-task-06-ubuntu,task-v/solvespace/task-06/task-06.json,solvespace,⚠️,✅,已禁止,无,❌,instruction 中未声明启动路径
v-solvespace-task-07-ubuntu,task-v/solvespace/task-07/task-07.json,solvespace,⚠️,✅,已禁止,无,❌,instruction 中未声明启动路径
v-solvespace-task-08-ubuntu,task-v/solvespace/task-08/task-08.json,solvespace,⚠️,✅,已禁止,无,❌,instruction 中未声明启动路径
v-solvespace-task-09-ubuntu,task-v/solvespace/task-09/task-09.json,solvespace,⚠️,✅,已禁止,无,❌,instruction 中未声明启动路径
v-solvespace-task-10-ubuntu,task-v/solvespace/task-10/task-10.json,solvespace,⚠️,✅,已禁止,无,❌,instruction 中未声明启动路径
v-solvespace-task-11-ubuntu,task-v/solvespace/task-11/task-11.json,solvespace,⚠️,✅,已禁止,无,❌,instruction 中未声明启动路径
v-solvespace-task-12-ubuntu,task-v/solvespace/task-12/task-12.json,solvespace,⚠️,✅,已禁止,无,❌,instruction 中未声明启动路径
v-solvespace-task-13-ubuntu,task-v/solvespace/task-13/task-13.json,solvespace,⚠️,✅,已禁止,无,❌,instruction 中未声明启动路径
v-solvespace-task-14-ubuntu,task-v/solvespace/task-14/task-14.json,solvespace,⚠️,✅,已禁止,无,❌,instruction 中未声明启动路径
v-solvespace-task-15-ubuntu,task-v/solvespace/task-15/task-15.json,solvespace,⚠️,✅,已禁止,无,❌,instruction 中未声明启动路径
v-solvespace-task-16-ubuntu,task-v/solvespace/task-16/task-16.json,solvespace,⚠️,✅,已禁止,无,❌,instruction 中未声明启动路径
v-solvespace-task-17-ubuntu,task-v/solvespace/task-17/task-17.json,solvespace,⚠️,✅,已禁止,无,❌,instruction 中未声明启动路径
v-solvespace-task-18-ubuntu,task-v/solvespace/task-18/task-18.json,solvespace,⚠️,✅,已禁止,无,❌,instruction 中未声明启动路径
v-solvespace-task-19-ubuntu,task-v/solvespace/task-19/task-19.json,solvespace,⚠️,✅,已禁止,无,❌,instruction 中未声明启动路径
v-solvespace-task-20-ubuntu,task-v/solvespace/task-20/task-20.json,solvespace,⚠️,✅,已禁止,无,❌,instruction 中未声明启动路径
v-zbrush-task-01-windows,task-v/zbrush/task-01/task-01.json,zbrush,⚠️,✅,未禁止,—,⚪,instruction 中未声明启动路径
v-zbrush-task-02-windows,task-v/zbrush/task-02/task-02.json,zbrush,⚠️,✅,未禁止,—,⚪,instruction 中未声明启动路径
v-zbrush-task-03-windows,task-v/zbrush/task-03/task-03.json,zbrush,⚠️,✅,未禁止,—,⚪,instruction 中未声明启动路径
v-zbrush-task-04-windows,task-v/zbrush/task-04/task-04.json,zbrush,⚠️,✅,未禁止,—,⚪,instruction 中未声明启动路径
v-zbrush-task-05-windows,task-v/zbrush/task-05/task-05.json,zbrush,⚠️,✅,未禁止,—,⚪,instruction 中未声明启动路径
v-zbrush-task-06-windows,task-v/zbrush/task-06/task-06.json,zbrush,⚠️,✅,未禁止,—,⚪,instruction 中未声明启动路径
v-zbrush-task-07-windows,task-v/zbrush/task-07/task-07.json,zbrush,⚠️,✅,未禁止,—,⚪,instruction 中未声明启动路径
v-zbrush-task-08-windows,task-v/zbrush/task-08/task-08.json,zbrush,⚠️,✅,未禁止,—,⚪,instruction 中未声明启动路径
v-zbrush-task-09-windows,task-v/zbrush/task-09/task-09.json,zbrush,⚠️,✅,未禁止,—,⚪,instruction 中未声明启动路径
v-zbrush-task-10-windows,task-v/zbrush/task-10/task-10.json,zbrush,⚠️,✅,未禁止,—,⚪,instruction 中未声明启动路径
v-zbrush-task-11-windows,task-v/zbrush/task-11/task-11.json,zbrush,⚠️,✅,未禁止,—,⚪,instruction 中未声明启动路径
v-zbrush-task-12-windows,task-v/zbrush/task-12/task-12.json,zbrush,⚠️,✅,未禁止,—,⚪,instruction 中未声明启动路径
v-zbrush-task-13-windows,task-v/zbrush/task-13/task-13.json,zbrush,⚠️,✅,未禁止,—,⚪,instruction 中未声明启动路径
v-zbrush-task-14-windows,task-v/zbrush/task-14/task-14.json,zbrush,⚠️,✅,未禁止,—,⚪,instruction 中未声明启动路径
v-zbrush-task-15-windows,task-v/zbrush/task-15/task-15.json,zbrush,⚠️,✅,未禁止,—,⚪,instruction 中未声明启动路径
v-zbrush-task-16-windows,task-v/zbrush/task-16/task-16.json,zbrush,⚠️,✅,未禁止,—,⚪,instruction 中未声明启动路径
v-zbrush-task-17-windows,task-v/zbrush/task-17/task-17.json,zbrush,⚠️,✅,未禁止,—,⚪,instruction 中未声明启动路径
v-zbrush-task-18-windows,task-v/zbrush/task-18/task-18.json,zbrush,⚠️,✅,未禁止,—,⚪,instruction 中未声明启动路径
v-zbrush-task-19-windows,task-v/zbrush/task-19/task-19.json,zbrush,⚠️,✅,未禁止,—,⚪,instruction 中未声明启动路径
v-zbrush-task-20-windows,task-v/zbrush/task-20/task-20.json,zbrush,⚠️,✅,未禁止,—,⚪,instruction 中未声明启动路径
v-zbrush-task-21-windows,task-v/zbrush/task-21/task-21.json,zbrush,⚠️,✅,未禁止,—,⚪,instruction 中未声明启动路径
v-zbrush-task-22-windows,task-v/zbrush/task-22/task-22.json,zbrush,⚠️,✅,未禁止,—,⚪,instruction 中未声明启动路径
v-zbrush-task-23-windows,task-v/zbrush/task-23/task-23.json,zbrush,⚠️,✅,未禁止,—,⚪,instruction 中未声明启动路径
v-zbrush-task-24-windows,task-v/zbrush/task-24/task-24.json,zbrush,⚠️,✅,未禁止,—,⚪,instruction 中未声明启动路径
v-zbrush-task-25-windows,task-v/zbrush/task-25/task-25.json,zbrush,⚠️,✅,未禁止,—,⚪,instruction 中未声明启动路径
v-zbrush-task-26-windows,task-v/zbrush/task-26/task-26.json,zbrush,⚠️,✅,未禁止,—,⚪,instruction 中未声明启动路径
v-zbrush-task-27-windows,task-v/zbrush/task-27/task-27.json,zbrush,⚠️,✅,未禁止,—,⚪,instruction 中未声明启动路径
v-zbrush-task-28-windows,task-v/zbrush/task-28/task-28.json,zbrush,⚠️,✅,未禁止,—,⚪,instruction 中未声明启动路径
v-zbrush-task-29-windows,task-v/zbrush/task-29/task-29.json,zbrush,⚠️,✅,未禁止,—,⚪,instruction 中未声明启动路径
v-zbrush-task-30-windows,task-v/zbrush/task-30/task-30.json,zbrush,⚠️,✅,未禁止,—,⚪,instruction 中未声明启动路径
