# Force coefficients
# liftDir         : (-8.7155742749e-02 9.9619469809e-01 0.0000000000e+00)
# dragDir         : (9.9619469809e-01 8.7155742749e-02 0.0000000000e+00)
# pitchAxis       : (0.0000000000e+00 0.0000000000e+00 1.0000000000e+00)
# magUInf         : 1.0000000000e+00
# lRef            : 1.0000000000e+00
# Aref            : 1.0000000000e-02
# CofR            : (2.5000000000e-01 0.0000000000e+00 0.0000000000e+00)
# Time            	Cm                	Cd                	Cl                	Cl(f)             	Cl(r)             
0                 	1.2663689280e-06	5.9892364563e-04	-3.5773937879e-05	-1.6620600011e-05	-1.9153337867e-05
1                 	1.1732819023e-03	3.9250284941e-03	4.8060957355e-03	3.5763297701e-03	1.2297659654e-03
2                 	1.3915659764e-02	3.3783836894e-02	4.9981605593e-02	3.8906462560e-02	1.1075143033e-02
3                 	2.6170442227e-02	6.7132546259e-02	9.4216459638e-02	7.3278672046e-02	2.0937787592e-02
4                 	3.3107655702e-02	9.2051080310e-02	1.1913667840e-01	9.2675994900e-02	2.6460683496e-02
5                 	3.1225578295e-02	1.1342766212e-01	1.1670266233e-01	8.9576909458e-02	2.7125752868e-02
6                 	2.4623996016e-02	1.3156600501e-01	9.9711997392e-02	7.4479994712e-02	2.5232002679e-02
7                 	1.1713400103e-02	1.4852177006e-01	6.6290993133e-02	4.4858896669e-02	2.1432096463e-02
8                 	-2.5665070956e-03	1.6210876721e-01	2.9118204814e-02	1.1992595311e-02	1.7125609502e-02
9                 	-1.4610536969e-02	1.7246321047e-01	-3.0893900408e-03	-1.6155231989e-02	1.3065841948e-02
10                	-1.8066386860e-02	1.8065182064e-01	-1.3041641329e-02	-2.4587207525e-02	1.1545566196e-02
11                	-1.0310941022e-02	1.8753902978e-01	6.7072353345e-03	-6.9573233545e-03	1.3664558689e-02
12                	9.5828705766e-03	1.9345217370e-01	5.8384829990e-02	3.8775285572e-02	1.9609544418e-02
13                	4.0062180060e-02	1.9834706349e-01	1.3801859183e-01	1.0907147597e-01	2.8947115853e-02
14                	7.5903543469e-02	2.0186165538e-01	2.3172892898e-01	1.9176800796e-01	3.9960921022e-02
15                	1.0768918461e-01	2.0259643079e-01	3.1340936564e-01	2.6439386743e-01	4.9015498213e-02
16                	1.3310474667e-01	2.0123364765e-01	3.7745509070e-01	3.2183229202e-01	5.5622798673e-02
17                	1.5423760621e-01	1.9874979451e-01	4.3113372323e-01	3.6980446783e-01	6.1329255405e-02
18                	1.6990734716e-01	1.9586367655e-01	4.7144141437e-01	4.0562805435e-01	6.5813360020e-02
19                	1.7700771509e-01	1.9354372296e-01	4.9038474198e-01	4.2220008608e-01	6.8184655904e-02
20                	1.6988712850e-01	1.9259296645e-01	4.7305725880e-01	4.0641575790e-01	6.6641500901e-02
21                	1.5077419393e-01	1.9292885300e-01	4.2464815867e-01	3.6309827327e-01	6.1549885406e-02
22                	1.1864043532e-01	1.9396668663e-01	3.4230507352e-01	2.8979297208e-01	5.2512101440e-02
23                	7.9346516721e-02	1.9556262929e-01	2.4180289439e-01	2.0024796391e-01	4.1554930472e-02
24                	3.9251822749e-02	1.9801130597e-01	1.3983737696e-01	1.0917051123e-01	3.0666865733e-02
25                	3.3652768370e-03	2.0149818534e-01	4.9473696241e-02	2.8102124958e-02	2.1371571284e-02
26                	-2.5801288571e-02	2.0619498750e-01	-2.3076792156e-02	-3.7339684650e-02	1.4262892493e-02
27                	-4.7225897421e-02	2.1213397769e-01	-7.5321898794e-02	-8.4886846818e-02	9.5649480241e-03
28                	-6.2172164733e-02	2.1844421156e-01	-1.1049912828e-01	-1.1742172887e-01	6.9226005913e-03
29                	-7.0773964277e-02	2.2412859231e-01	-1.2953475563e-01	-1.3554134209e-01	6.0065864601e-03
30                	-7.1947200746e-02	2.2909750803e-01	-1.2944498397e-01	-1.3666969273e-01	7.2247087624e-03
31                	-6.1837033939e-02	2.3308106090e-01	-9.9800981170e-02	-1.1173752452e-01	1.1936543354e-02
32                	-3.5227067732e-02	2.3635523059e-01	-2.5922797102e-02	-4.8188466283e-02	2.2265669181e-02
33                	-1.2778960037e-03	2.3926349910e-01	6.7391689685e-02	3.2417948839e-02	3.4973740846e-02
34                	3.5334736719e-02	2.4198875582e-01	1.6765601080e-01	1.1916274212e-01	4.8493268680e-02
35                	6.9168053791e-02	2.4435212739e-01	2.6069929767e-01	1.9951770263e-01	6.1181595045e-02
36                	9.7191015966e-02	2.4556279424e-01	3.3894306978e-01	2.6666255086e-01	7.2280518924e-02
37                	1.1731190294e-01	2.4484563756e-01	3.9633487607e-01	3.1547934098e-01	8.0855535097e-02
38                	1.2878059236e-01	2.4205405728e-01	4.2896324651e-01	3.4326221562e-01	8.5701030895e-02
39                	1.3499500317e-01	2.3873933495e-01	4.4809515680e-01	3.5904258156e-01	8.9052575232e-02
40                	1.3551026872e-01	2.3531961777e-01	4.5305793904e-01	3.6203923824e-01	9.1018700801e-02
41                	1.2765399128e-01	2.3221793055e-01	4.3684729779e-01	3.4607764018e-01	9.0769657617e-02
42                	1.1024905364e-01	2.2974882963e-01	3.9575984853e-01	3.0812897791e-01	8.7630870621e-02
43                	8.6416128882e-02	2.2773135638e-01	3.3713274438e-01	2.5498250107e-01	8.2150243306e-02
44                	5.7117246169e-02	2.2585449938e-01	2.6326909318e-01	1.8875179276e-01	7.4517300419e-02
45                	2.8430536213e-02	2.2449813524e-01	1.8958743006e-01	1.2322425124e-01	6.6363178815e-02
46                	3.4495410003e-03	2.2410355033e-01	1.2422910518e-01	6.5564093590e-02	5.8665011589e-02
47                	-1.5786681675e-02	2.2417358288e-01	7.2714053611e-02	2.0570345131e-02	5.2143708480e-02
48                	-2.7434297003e-02	2.2531786153e-01	4.0351839072e-02	-7.2583774667e-03	4.7610216538e-02
49                	-3.2281589036e-02	2.2806131484e-01	2.6363434079e-02	-1.9099871997e-02	4.5463306075e-02
50                	-3.1118792490e-02	2.3162496858e-01	2.8076046543e-02	-1.7080769218e-02	4.5156815761e-02
51                	-2.5185026984e-02	2.3573240573e-01	4.2874804471e-02	-3.7476247481e-03	4.6622429219e-02
52                	-1.4335162025e-02	2.4041570781e-01	7.1399805137e-02	2.1364740543e-02	5.0035064594e-02
53                	1.1009664676e-03	2.4565309371e-01	1.1315316644e-01	5.7677549688e-02	5.5475616753e-02
54                	2.1102005057e-02	2.5107420201e-01	1.6844792591e-01	1.0532596801e-01	6.3121957897e-02
55                	4.2675317083e-02	2.5643234732e-01	2.2952414800e-01	1.5743739108e-01	7.2086756916e-02
56                	6.3280436823e-02	2.6139634736e-01	2.8942911596e-01	2.0799499481e-01	8.1434121159e-02
57                	8.0448366806e-02	2.6529132948e-01	3.4130586155e-01	2.5110129758e-01	9.0204563970e-02
58                	9.2873245305e-02	2.6758715201e-01	3.8094646823e-01	2.8334647942e-01	9.7599988811e-02
59                	9.9841729852e-02	2.6806532904e-01	4.0512956409e-01	3.0240651190e-01	1.0272305219e-01
60                	1.0413867240e-01	2.6778703274e-01	4.2357542768e-01	3.1592638624e-01	1.0764904144e-01
61                	1.0505962113e-01	2.6651633888e-01	4.3346922788e-01	3.2179423507e-01	1.1167499281e-01
62                	1.0404648381e-01	2.6447665163e-01	4.3680554303e-01	3.2244925532e-01	1.1435628771e-01
63                	9.9702278162e-02	2.6193466146e-01	4.3146446789e-01	3.1543451211e-01	1.1602995578e-01
64                	9.2123651116e-02	2.5881714935e-01	4.1745813091e-01	3.0085271657e-01	1.1660541434e-01
65                	8.1845239428e-02	2.5545841369e-01	3.9603207755e-01	2.7986127820e-01	1.1617079935e-01
66                	6.9779816478e-02	2.5241570268e-01	3.6931384908e-01	2.5443674102e-01	1.1487710806e-01
67                	5.7048892312e-02	2.4994044808e-01	3.4011920772e-01	2.2710849617e-01	1.1301071155e-01
68                	4.4870612923e-02	2.4805725437e-01	3.1161695599e-01	2.0067909092e-01	1.1093786507e-01
69                	3.4751143134e-02	2.4650229640e-01	2.8782122709e-01	1.7866175668e-01	1.0915947041e-01
70                	2.6177654434e-02	2.4579024987e-01	2.6749979380e-01	1.5992755134e-01	1.0757224247e-01
71                	2.0368311328e-02	2.4622953574e-01	2.5411666907e-01	1.4742664586e-01	1.0669002321e-01
72                	1.5574597700e-02	2.4833596616e-01	2.4327232499e-01	1.3721076019e-01	1.0606156479e-01
73                	1.1637952217e-02	2.5256980043e-01	2.3421483302e-01	1.2874536873e-01	1.0546946429e-01
74                	9.8469233138e-03	2.5738086897e-01	2.3064450088e-01	1.2516917375e-01	1.0547532713e-01
75                	1.0703477011e-02	2.6215156226e-01	2.3378407683e-01	1.2759551542e-01	1.0618856140e-01
76                	1.6301445000e-02	2.6931021675e-01	2.5033418656e-01	1.4146853828e-01	1.0886564828e-01
77                	2.1648116891e-02	2.7329606569e-01	2.6635759764e-01	1.5482691571e-01	1.1153068193e-01
78                	2.8265340293e-02	2.7604992582e-01	2.8589553634e-01	1.7121310846e-01	1.1468242788e-01
79                	3.5323961376e-02	2.7737717286e-01	3.0695035537e-01	1.8879913906e-01	1.1815121631e-01
80                	4.2638683738e-02	2.7784539614e-01	3.2907805997e-01	2.0717771372e-01	1.2190034625e-01
81                	5.0461921100e-02	2.7677221514e-01	3.5311777379e-01	2.2702080800e-01	1.2609696580e-01
82                	5.9441314441e-02	2.7512960119e-01	3.8144313891e-01	2.5016288390e-01	1.3128025501e-01
83                	6.7494558588e-02	2.7421392145e-01	4.0856746861e-01	2.7177829289e-01	1.3678917572e-01
84                	7.3748566410e-02	2.7475256823e-01	4.3223666447e-01	2.8986689864e-01	1.4236976582e-01
85                	7.7412165120e-02	2.7666858630e-01	4.4969458513e-01	3.0225945769e-01	1.4743512745e-01
86                	7.7892993035e-02	2.7869819893e-01	4.5829194945e-01	3.0703896776e-01	1.5125298169e-01
87                	7.6118736792e-02	2.8104077430e-01	4.6073809113e-01	3.0648778236e-01	1.5425030877e-01
88                	7.2581212858e-02	2.8356354722e-01	4.5779852532e-01	3.0148047552e-01	1.5631804980e-01
89                	6.8466605735e-02	2.8536319317e-01	4.5175382695e-01	2.9434351921e-01	1.5741030774e-01
90                	6.3531754244e-02	2.8784894525e-01	4.4338856512e-01	2.8522603681e-01	1.5816252832e-01
91                	5.8097476221e-02	2.9080250912e-01	4.3327904611e-01	2.7473699927e-01	1.5854204683e-01
92                	5.1162795240e-02	2.9312733970e-01	4.1853505213e-01	2.6043032130e-01	1.5810473082e-01
93                	4.4813228161e-02	2.9499095563e-01	4.0416400692e-01	2.4689523162e-01	1.5726877530e-01
94                	3.9561521856e-02	2.9559975014e-01	3.9173444153e-01	2.3542874262e-01	1.5630569891e-01
95                	3.5707622928e-02	2.9544813449e-01	3.8208803343e-01	2.2675163964e-01	1.5533639378e-01
96                	3.3437240376e-02	2.9439426170e-01	3.7603857545e-01	2.2145652810e-01	1.5458204735e-01
97                	3.3326466336e-02	2.9280778340e-01	3.7587989680e-01	2.2126641473e-01	1.5461348206e-01
98                	3.4301538872e-02	2.9087954242e-01	3.7888171265e-01	2.2374239520e-01	1.5513931745e-01
99                	3.5873539919e-02	2.8895149969e-01	3.8383245463e-01	2.2778976724e-01	1.5604268740e-01
100               	3.7840899684e-02	2.8705927322e-01	3.9038097434e-01	2.3303138685e-01	1.5734958749e-01
101               	4.0335871654e-02	2.8540256564e-01	3.9897204924e-01	2.3982189627e-01	1.5915015297e-01
102               	4.3321962230e-02	2.8399313749e-01	4.1001493693e-01	2.4832943070e-01	1.6168550624e-01
103               	4.6483303406e-02	2.8372078275e-01	4.2280104673e-01	2.5788382677e-01	1.6491721996e-01
104               	4.9567715719e-02	2.8454335743e-01	4.3650965454e-01	2.6782254299e-01	1.6868711155e-01
105               	5.2351431925e-02	2.8604637054e-01	4.5047665929e-01	2.7758976157e-01	1.7288689772e-01
106               	5.4689745206e-02	2.8869159800e-01	4.6384005724e-01	2.8660977383e-01	1.7723028342e-01
107               	5.6504772752e-02	2.9113206314e-01	4.7605771134e-01	2.9453362842e-01	1.8152408292e-01
108               	5.7736599261e-02	2.9350080225e-01	4.8653249561e-01	3.0100284707e-01	1.8552964854e-01
109               	5.8319025156e-02	2.9502699862e-01	4.9332575200e-01	3.0498190115e-01	1.8834385084e-01
110               	5.8684506082e-02	2.9621208469e-01	4.9933968290e-01	3.0835434753e-01	1.9098533537e-01
111               	5.8780557282e-02	2.9733959879e-01	5.0463323542e-01	3.1109717499e-01	1.9353606043e-01
112               	5.8528600000e-02	2.9778218351e-01	5.0924415010e-01	3.1315067505e-01	1.9609347505e-01
113               	5.7810861557e-02	2.9805881544e-01	5.1279300008e-01	3.1420736160e-01	1.9858563849e-01
114               	5.5109050018e-02	2.9675240984e-01	5.1195551552e-01	3.1108680778e-01	2.0086870774e-01
115               	5.1630048771e-02	2.9445253934e-01	5.0770717196e-01	3.0548363475e-01	2.0222353721e-01
116               	4.7895666743e-02	2.9144838768e-01	5.0102843710e-01	2.9840988529e-01	2.0261855181e-01
117               	4.4462726339e-02	2.8791887688e-01	4.9354352100e-01	2.9123448684e-01	2.0230903416e-01
118               	4.1700607621e-02	2.8421489819e-01	4.8650311517e-01	2.8495216521e-01	2.0155094996e-01
119               	3.9742574388e-02	2.8126831335e-01	4.8054998215e-01	2.8001756546e-01	2.0053241669e-01
120               	3.9018134462e-02	2.7882731589e-01	4.7803631806e-01	2.7803629349e-01	2.0000002457e-01
121               	3.8301748616e-02	2.7612254984e-01	4.7452685040e-01	2.7556517382e-01	1.9896167658e-01
122               	3.8073469445e-02	2.7419371335e-01	4.7223578545e-01	2.7419136217e-01	1.9804442328e-01
123               	3.8213924900e-02	2.7281410272e-01	4.7125922965e-01	2.7384353972e-01	1.9741568992e-01
124               	3.8673330246e-02	2.7227955295e-01	4.7187114191e-01	2.7460890120e-01	1.9726224071e-01
125               	3.9470460315e-02	2.7278092714e-01	4.7446145099e-01	2.7670118581e-01	1.9776026518e-01
126               	4.0435632368e-02	2.7410352472e-01	4.7914259940e-01	2.8000693207e-01	1.9913566733e-01
127               	4.1537865100e-02	2.7606408368e-01	4.8590135341e-01	2.8448854180e-01	2.0141281160e-01
128               	4.2643549666e-02	2.7899729908e-01	4.9432438691e-01	2.8980574312e-01	2.0451864379e-01
129               	4.3615295560e-02	2.8194380615e-01	5.0360109219e-01	2.9541584166e-01	2.0818525054e-01
130               	4.4276496617e-02	2.8488591758e-01	5.1258236040e-01	3.0056767682e-01	2.1201468359e-01
131               	4.4333003852e-02	2.8672937789e-01	5.1869638058e-01	3.0368119414e-01	2.1501518644e-01
132               	4.4274488399e-02	2.8907584594e-01	5.2569405510e-01	3.0712151595e-01	2.1857253915e-01
133               	4.4011092085e-02	2.9062626440e-01	5.3191856402e-01	3.0997037409e-01	2.2194818992e-01
134               	4.3628365725e-02	2.9165932746e-01	5.3734771781e-01	3.1230222463e-01	2.2504549318e-01
135               	4.3195028140e-02	2.9259306479e-01	5.4181621422e-01	3.1410313525e-01	2.2771307897e-01
136               	4.2720283729e-02	2.9278502082e-01	5.4519857932e-01	3.1531957339e-01	2.2987900593e-01
137               	4.2245926410e-02	2.9261143341e-01	5.4732810586e-01	3.1590997934e-01	2.3141812652e-01
138               	4.1771872989e-02	2.9191597374e-01	5.4806323381e-01	3.1580348990e-01	2.3225974392e-01
139               	4.1250990432e-02	2.9110172584e-01	5.4725066529e-01	3.1487632308e-01	2.3237434221e-01
140               	4.0884341306e-02	2.9017118239e-01	5.4649476415e-01	3.1413172338e-01	2.3236304077e-01
141               	4.0624848812e-02	2.8960917511e-01	5.4550084905e-01	3.1337527334e-01	2.3212557571e-01
142               	4.0335266362e-02	2.8833530492e-01	5.4378165427e-01	3.1222609350e-01	2.3155556077e-01
143               	3.9904549034e-02	2.8702430118e-01	5.4070666343e-01	3.1025788075e-01	2.3044878268e-01
144               	3.9047908641e-02	2.8484516092e-01	5.3509626228e-01	3.0659603978e-01	2.2850022250e-01
145               	3.8238071722e-02	2.8267851514e-01	5.2998203901e-01	3.0322909123e-01	2.2675294778e-01
146               	3.7417645643e-02	2.8025151217e-01	5.2546640149e-01	3.0015084639e-01	2.2531555510e-01
147               	3.7206609700e-02	2.7856743127e-01	5.2468723918e-01	2.9955022929e-01	2.2513700989e-01
148               	3.7684991426e-02	2.7749182677e-01	5.2835100292e-01	3.0186049289e-01	2.2649051003e-01
149               	3.8916483143e-02	2.7693237530e-01	5.3627731439e-01	3.0705514034e-01	2.2922217405e-01
150               	4.0768984623e-02	2.7680661859e-01	5.4763181548e-01	3.1458489236e-01	2.3304692312e-01
151               	4.2972858534e-02	2.7714848517e-01	5.6121082012e-01	3.2357826859e-01	2.3763255152e-01
152               	4.5127422612e-02	2.7678752980e-01	5.7479680730e-01	3.3252582626e-01	2.4227098104e-01
153               	4.7052584278e-02	2.7613184336e-01	5.8697786666e-01	3.4054151761e-01	2.4643634905e-01
154               	4.8784094322e-02	2.7542659219e-01	5.9679259480e-01	3.4718039172e-01	2.4961220308e-01
155               	5.0121437150e-02	2.7482806015e-01	6.0393778380e-01	3.5209032905e-01	2.5184745475e-01
156               	5.0913834387e-02	2.7389012303e-01	6.0950209531e-01	3.5566488204e-01	2.5383721327e-01
157               	5.0380764374e-02	2.7287460395e-01	6.1192882313e-01	3.5634517594e-01	2.5558364719e-01
158               	4.8553992153e-02	2.7145820407e-01	6.1028299209e-01	3.5369548820e-01	2.5658750389e-01
159               	4.2774337771e-02	2.6961352305e-01	5.9640920037e-01	3.4097893795e-01	2.5543026241e-01
160               	3.6326565507e-02	2.6806950792e-01	5.7931074063e-01	3.2598193582e-01	2.5332880481e-01
161               	3.0089565468e-02	2.6669688056e-01	5.6181581736e-01	3.1099747415e-01	2.5081834321e-01
162               	2.4953216077e-02	2.6598401718e-01	5.4688095650e-01	2.9839369433e-01	2.4848726217e-01
163               	2.1842741437e-02	2.6617372226e-01	5.3815175721e-01	2.9091862004e-01	2.4723313717e-01
164               	1.9949143520e-02	2.6649012376e-01	5.3295889496e-01	2.8642859100e-01	2.4653030396e-01
165               	1.8672076039e-02	2.6728961799e-01	5.2923232978e-01	2.8328824093e-01	2.4594408885e-01
166               	1.8043147333e-02	2.6819947536e-01	5.2712556633e-01	2.8160593050e-01	2.4551963583e-01
167               	1.8973652774e-02	2.6932890337e-01	5.2896100912e-01	2.8345415734e-01	2.4550685179e-01
168               	2.0936178844e-02	2.7033911103e-01	5.3416525918e-01	2.8801880843e-01	2.4614645075e-01
169               	2.6924757497e-02	2.7138621036e-01	5.5159568325e-01	3.0272259912e-01	2.4887308413e-01
170               	3.3685303745e-02	2.7248527060e-01	5.7225415932e-01	3.1981238340e-01	2.5244177591e-01
171               	4.0636838446e-02	2.7270098756e-01	5.9448214804e-01	3.3787791246e-01	2.5660423557e-01
172               	4.7069492335e-02	2.7230592920e-01	6.1622762011e-01	3.5518330239e-01	2.6104431772e-01
173               	5.2330274088e-02	2.7136638859e-01	6.3537333697e-01	3.7001694257e-01	2.6535639440e-01
174               	5.5866521641e-02	2.6983964337e-01	6.5010627047e-01	3.8091965688e-01	2.6918661359e-01
175               	5.7644715541e-02	2.6780322164e-01	6.5963127017e-01	3.8746035063e-01	2.7217091955e-01
176               	5.8174662037e-02	2.6596588468e-01	6.6484482301e-01	3.9059707354e-01	2.7424774947e-01
177               	5.7514051230e-02	2.6405534742e-01	6.6658332912e-01	3.9080571579e-01	2.7577761333e-01
178               	5.5591169372e-02	2.6214447281e-01	6.6470766301e-01	3.8794500087e-01	2.7676266213e-01
179               	5.2268637522e-02	2.6014520336e-01	6.5876922670e-01	3.8165325087e-01	2.7711597583e-01
180               	4.7543634862e-02	2.5826855266e-01	6.4855732927e-01	3.7182229950e-01	2.7673502977e-01
181               	4.1622940527e-02	2.5685258451e-01	6.3454754594e-01	3.5889671350e-01	2.7565083245e-01
182               	3.5057793163e-02	2.5597635255e-01	6.1822138898e-01	3.4416848765e-01	2.7405290133e-01
183               	2.8676466734e-02	2.5557572367e-01	6.0179585348e-01	3.2957439348e-01	2.7222146001e-01
184               	2.3212041375e-02	2.5583971271e-01	5.8743404230e-01	3.1692906253e-01	2.7050497977e-01
185               	2.0234492041e-02	2.5653073347e-01	5.7967617750e-01	3.1007258079e-01	2.6960359671e-01
186               	1.8206653857e-02	2.5733229804e-01	5.7431981450e-01	3.0536656111e-01	2.6895325339e-01
187               	1.7000456683e-02	2.5819504197e-01	5.7107393174e-01	3.0253742255e-01	2.6853650919e-01
188               	1.6531511229e-02	2.5939281942e-01	5.6977247033e-01	3.0141774639e-01	2.6835472394e-01
189               	1.6917263807e-02	2.6040297052e-01	5.7085774838e-01	3.0234613800e-01	2.6851161038e-01
190               	1.9293125610e-02	2.6137226864e-01	5.7760860521e-01	3.0809742821e-01	2.6951117699e-01
191               	2.3277156482e-02	2.6180571493e-01	5.8906425351e-01	3.1780928324e-01	2.7125497027e-01
192               	2.7937695228e-02	2.6166232775e-01	6.0290139885e-01	3.2938839465e-01	2.7351300420e-01
193               	3.2683917843e-02	2.6114528654e-01	6.1755989017e-01	3.4146386293e-01	2.7609602724e-01
194               	3.6927791582e-02	2.6006676416e-01	6.3136634995e-01	3.5261096656e-01	2.7875538340e-01
195               	4.0177327808e-02	2.5880941456e-01	6.4289543493e-01	3.6162504527e-01	2.8127038965e-01
196               	4.1882851873e-02	2.5758393872e-01	6.5026713791e-01	3.6701642083e-01	2.8325071708e-01
197               	4.2614893560e-02	2.5624900370e-01	6.5503555884e-01	3.7013267298e-01	2.8490288586e-01
198               	4.2568411287e-02	2.5502526483e-01	6.5777714059e-01	3.7145698158e-01	2.8632015901e-01
199               	4.1935888618e-02	2.5401597242e-01	6.5880945003e-01	3.7134061363e-01	2.8746883640e-01
200               	4.0682962771e-02	2.5321221729e-01	6.5819807835e-01	3.6978200195e-01	2.8841607640e-01
201               	3.8863822696e-02	2.5273969705e-01	6.5600805050e-01	3.6686784795e-01	2.8914020255e-01
202               	3.6005635689e-02	2.5279060990e-01	6.5156783986e-01	3.6178955562e-01	2.8977828424e-01
203               	3.3320231837e-02	2.5301384948e-01	6.4689953279e-01	3.5676999823e-01	2.9012953456e-01
204               	3.0886461060e-02	2.5355892265e-01	6.4258574833e-01	3.5217933522e-01	2.9040641310e-01
205               	2.9593547392e-02	2.5390802798e-01	6.4055923030e-01	3.4987316254e-01	2.9068606776e-01
206               	2.8609471762e-02	2.5444560492e-01	6.3914484751e-01	3.4818189552e-01	2.9096295199e-01
207               	2.7778245324e-02	2.5499110344e-01	6.3804524846e-01	3.4680086955e-01	2.9124437890e-01
208               	2.6854522778e-02	2.5554620716e-01	6.3689402662e-01	3.4530153609e-01	2.9159249053e-01
209               	2.5963873172e-02	2.5576685840e-01	6.3598678481e-01	3.4395726558e-01	2.9202951924e-01
210               	2.4689072935e-02	2.5510450173e-01	6.3413696935e-01	3.4175755761e-01	2.9237941174e-01
211               	2.3728693046e-02	2.5420270266e-01	6.3286325725e-01	3.4016032167e-01	2.9270293558e-01
212               	2.3153625916e-02	2.5274416626e-01	6.3232614095e-01	3.3931669639e-01	2.9300944456e-01
213               	2.2999718879e-02	2.5096080159e-01	6.3267158581e-01	3.3933551178e-01	2.9333607402e-01
214               	2.3283933906e-02	2.4897564252e-01	6.3408457257e-01	3.4032622019e-01	2.9375835238e-01
215               	2.3880253803e-02	2.4725993640e-01	6.3637881489e-01	3.4206966125e-01	2.9430915364e-01
216               	2.4611222135e-02	2.4616219200e-01	6.3927079935e-01	3.4424662181e-01	2.9502417754e-01
217               	2.5416048887e-02	2.4500545867e-01	6.4240843454e-01	3.4662026616e-01	2.9578816838e-01
218               	2.6316002334e-02	2.4401590034e-01	6.4587879288e-01	3.4925539877e-01	2.9662339411e-01
219               	2.7235917551e-02	2.4334572953e-01	6.4952871690e-01	3.5200027600e-01	2.9752844090e-01
220               	2.8246222547e-02	2.4300478764e-01	6.5369142924e-01	3.5509193716e-01	2.9859949207e-01
221               	2.9278345417e-02	2.4315501409e-01	6.5852081237e-01	3.5853875160e-01	2.9998206077e-01
222               	3.0101757672e-02	2.4365773108e-01	6.6321150741e-01	3.6170751138e-01	3.0150399603e-01
223               	3.0507694665e-02	2.4405546915e-01	6.6668182487e-01	3.6384860710e-01	3.0283321777e-01
224               	3.0730471638e-02	2.4435965064e-01	6.6897582698e-01	3.6521838513e-01	3.0375744185e-01
225               	3.0640080219e-02	2.4470229123e-01	6.7040745363e-01	3.6584380703e-01	3.0456364660e-01
226               	3.0256100975e-02	2.4484369165e-01	6.7106757838e-01	3.6578989017e-01	3.0527768822e-01
227               	2.9176784930e-02	2.4498941940e-01	6.7066693773e-01	3.6451025380e-01	3.0615668394e-01
228               	2.7555628559e-02	2.4491220067e-01	6.6914721627e-01	3.6212923669e-01	3.0701797958e-01
229               	2.5347873032e-02	2.4428733797e-01	6.6618067037e-01	3.5843820822e-01	3.0774246215e-01
230               	2.3130335017e-02	2.4331992985e-01	6.6255795480e-01	3.5440931242e-01	3.0814864239e-01
231               	2.1059072058e-02	2.4182109871e-01	6.5860403392e-01	3.5036108902e-01	3.0824294490e-01
232               	1.9422744055e-02	2.4025699294e-01	6.5509318045e-01	3.4696933428e-01	3.0812384617e-01
233               	1.8486277899e-02	2.3859006079e-01	6.5291406680e-01	3.4494331130e-01	3.0797075550e-01
234               	1.8276499898e-02	2.3700239717e-01	6.5236931429e-01	3.4446115704e-01	3.0790815724e-01
235               	1.8704815530e-02	2.3576155006e-01	6.5345425386e-01	3.4543194246e-01	3.0802231140e-01
236               	1.9501576187e-02	2.3498530863e-01	6.5575364992e-01	3.4737840114e-01	3.0837524877e-01
237               	2.0664089036e-02	2.3427672136e-01	6.5908841577e-01	3.5020829692e-01	3.0888011885e-01
238               	2.2145533237e-02	2.3372116721e-01	6.6338174196e-01	3.5383640422e-01	3.0954533774e-01
239               	2.3872381466e-02	2.3331665824e-01	6.6848327177e-01	3.5811401735e-01	3.1036925442e-01
240               	2.5830021610e-02	2.3299114465e-01	6.7450437255e-01	3.6308220789e-01	3.1142216466e-01
241               	2.7650989442e-02	2.3290530895e-01	6.8053796945e-01	3.6791997416e-01	3.1261799528e-01
242               	2.9142525707e-02	2.3284212794e-01	6.8612217887e-01	3.7220361514e-01	3.1391856373e-01
243               	3.0090949476e-02	2.3287142737e-01	6.9035886105e-01	3.7527038000e-01	3.1508848105e-01
244               	3.0414519922e-02	2.3291792938e-01	6.9360782327e-01	3.7721843156e-01	3.1638939171e-01
245               	3.0070575974e-02	2.3276055288e-01	6.9517913849e-01	3.7766014522e-01	3.1751899327e-01
246               	2.9070620166e-02	2.3238318335e-01	6.9490382878e-01	3.7652253456e-01	3.1838129423e-01
247               	2.7545053119e-02	2.3174736733e-01	6.9293166135e-01	3.7401088379e-01	3.1892077755e-01
248               	2.5675804772e-02	2.3082083328e-01	6.8960190787e-01	3.7047675871e-01	3.1912514916e-01
249               	2.3632734981e-02	2.2962032228e-01	6.8532186580e-01	3.6629366788e-01	3.1902819792e-01
250               	2.1529978008e-02	2.2815597512e-01	6.8035655361e-01	3.6170825481e-01	3.1864829880e-01
251               	1.9817644827e-02	2.2659341282e-01	6.7617125620e-01	3.5790327293e-01	3.1826798328e-01
252               	1.8553741931e-02	2.2498603071e-01	6.7299870294e-01	3.5505309340e-01	3.1794560954e-01
253               	1.7824670124e-02	2.2342991864e-01	6.7121856480e-01	3.5343395253e-01	3.1778461228e-01
254               	1.7622635052e-02	2.2207936642e-01	6.7095421735e-01	3.5309974373e-01	3.1785447362e-01
255               	1.7899407339e-02	2.2101840610e-01	6.7220204794e-01	3.5400043131e-01	3.1820161663e-01
256               	1.8578168117e-02	2.2009106288e-01	6.7463409676e-01	3.5589521650e-01	3.1873888026e-01
257               	1.9582610359e-02	2.1928848836e-01	6.7805329099e-01	3.5860925585e-01	3.1944403513e-01
258               	2.0861352852e-02	2.1854378731e-01	6.8231892640e-01	3.6202081605e-01	3.2029811035e-01
259               	2.2231436410e-02	2.1794972495e-01	6.8692603540e-01	3.6569445411e-01	3.2123158129e-01
260               	2.3530056718e-02	2.1751082020e-01	6.9150659647e-01	3.6928335495e-01	3.2222324152e-01
261               	2.4680506338e-02	2.1717069833e-01	6.9568620154e-01	3.7252360711e-01	3.2316259443e-01
262               	2.5563761146e-02	2.1686900681e-01	6.9923682143e-01	3.7518217186e-01	3.2405464957e-01
263               	2.6109162103e-02	2.1659188569e-01	7.0180639392e-01	3.7701235906e-01	3.2479403486e-01
264               	2.6292128774e-02	2.1626881180e-01	7.0333603832e-01	3.7796014793e-01	3.2537589038e-01
265               	2.6015699965e-02	2.1573092058e-01	7.0326787721e-01	3.7764963857e-01	3.2561823864e-01
266               	2.5367803116e-02	2.1497598632e-01	7.0199507906e-01	3.7636534265e-01	3.2562973642e-01
267               	2.4466171172e-02	2.1403884301e-01	6.9995610433e-01	3.7444422334e-01	3.2551188099e-01
268               	2.3351654031e-02	2.1287722600e-01	6.9725921931e-01	3.7198126369e-01	3.2527795563e-01
269               	2.2146942788e-02	2.1154843769e-01	6.9437538987e-01	3.6933463772e-01	3.2504075215e-01
270               	2.0955070512e-02	2.1007297104e-01	6.9166992476e-01	3.6679003289e-01	3.2487989187e-01
271               	1.9860215966e-02	2.0851720587e-01	6.8939677279e-01	3.6455860236e-01	3.2483817043e-01
272               	1.8976457220e-02	2.0695199124e-01	6.8788798710e-01	3.6292045077e-01	3.2496753633e-01
273               	1.8379650910e-02	2.0549238627e-01	6.8733457101e-01	3.6204693642e-01	3.2528763460e-01
274               	1.8083149618e-02	2.0417850825e-01	6.8773980622e-01	3.6195305273e-01	3.2578675349e-01
275               	1.8052781324e-02	2.0303673502e-01	6.8889441841e-01	3.6249999053e-01	3.2639442788e-01
276               	1.8183646009e-02	2.0201875793e-01	6.9042729053e-01	3.6339729128e-01	3.2702999926e-01
277               	1.8390036095e-02	2.0116737725e-01	6.9200847128e-01	3.6439427174e-01	3.2761419954e-01
278               	1.8752317587e-02	2.0049074460e-01	6.9381494079e-01	3.6565978798e-01	3.2815515281e-01
279               	1.9220924742e-02	1.9998748054e-01	6.9565535375e-01	3.6704860162e-01	3.2860675213e-01
280               	1.9772522703e-02	1.9960325370e-01	6.9747687602e-01	3.6851096071e-01	3.2896591530e-01
281               	2.0398268796e-02	1.9930814687e-01	6.9926978056e-01	3.7003315908e-01	3.2923662148e-01
282               	2.1075020627e-02	1.9901014627e-01	7.0095013753e-01	3.7155008939e-01	3.2940004814e-01
283               	2.1749630237e-02	1.9859298152e-01	7.0236364782e-01	3.7293145414e-01	3.2943219367e-01
284               	2.2320344132e-02	1.9803111520e-01	7.0335806658e-01	3.7399937742e-01	3.2935868916e-01
285               	2.2615539475e-02	1.9722338567e-01	7.0352504991e-01	3.7437806443e-01	3.2914698548e-01
286               	2.2668893172e-02	1.9623720100e-01	7.0318370215e-01	3.7426074425e-01	3.2892295791e-01
287               	2.2423831853e-02	1.9506269958e-01	7.0225228619e-01	3.7354997495e-01	3.2870231124e-01
288               	2.1986011275e-02	1.9376252266e-01	7.0116482043e-01	3.7256842149e-01	3.2859639894e-01
289               	2.1364986274e-02	1.9237416141e-01	6.9999926806e-01	3.7136462031e-01	3.2863464776e-01
290               	2.0577699437e-02	1.9091310716e-01	6.9880600563e-01	3.6998070225e-01	3.2882530338e-01
291               	1.9714202806e-02	1.8946895449e-01	6.9774693191e-01	3.6858766876e-01	3.2915926315e-01
292               	1.8807688033e-02	1.8808048012e-01	6.9685977238e-01	3.6723757422e-01	3.2962219816e-01
293               	1.7897472577e-02	1.8678026981e-01	6.9607845874e-01	3.6593670195e-01	3.3014175679e-01
294               	1.6974407569e-02	1.8559506435e-01	6.9518266270e-01	3.6456573892e-01	3.3061692378e-01
295               	1.6134419879e-02	1.8455938595e-01	6.9431064040e-01	3.6328974008e-01	3.3102090032e-01
296               	1.5438061770e-02	1.8370304261e-01	6.9348920372e-01	3.6218266363e-01	3.3130654009e-01
297               	1.4892722044e-02	1.8298721902e-01	6.9268624580e-01	3.6123584495e-01	3.3145040086e-01
298               	1.4632455217e-02	1.8242569087e-01	6.9221005806e-01	3.6073748424e-01	3.3147257381e-01
299               	1.4701404650e-02	1.8200812953e-01	6.9217023383e-01	3.6078652157e-01	3.3138371226e-01
300               	1.5238648401e-02	1.8166814409e-01	6.9300516019e-01	3.6174122850e-01	3.3126393169e-01
301               	1.6196677462e-02	1.8134603729e-01	6.9465809757e-01	3.6352572625e-01	3.3113237133e-01
302               	1.7397839107e-02	1.8091329594e-01	6.9673891445e-01	3.6576729633e-01	3.3097161812e-01
303               	1.8604395324e-02	1.8031382352e-01	6.9872239995e-01	3.6796559530e-01	3.3075680465e-01
304               	1.9884807578e-02	1.7962656346e-01	7.0110252787e-01	3.7043607151e-01	3.3066645636e-01
305               	2.0810668071e-02	1.7869984916e-01	7.0267932680e-01	3.7215033147e-01	3.3052899533e-01
306               	2.1364569184e-02	1.7759976838e-01	7.0360784771e-01	3.7316849304e-01	3.3043935467e-01
307               	2.1366212125e-02	1.7634034133e-01	7.0348221089e-01	3.7310731757e-01	3.3037489332e-01
308               	2.0962340627e-02	1.7496885542e-01	7.0280670008e-01	3.7236569067e-01	3.3044100941e-01
309               	2.0136377546e-02	1.7355236836e-01	7.0150209285e-01	3.7088742397e-01	3.3061466888e-01
310               	1.8998381239e-02	1.7212997544e-01	6.9978683774e-01	3.6889180011e-01	3.3089503763e-01
311               	1.7697154993e-02	1.7071311715e-01	6.9785749959e-01	3.6662590479e-01	3.3123159480e-01
312               	1.6320887294e-02	1.6940542757e-01	6.9579576525e-01	3.6421876992e-01	3.3157699533e-01
313               	1.4566340249e-02	1.6813444948e-01	6.9258017751e-01	3.6085642900e-01	3.3172374851e-01
314               	1.2848439851e-02	1.6702351730e-01	6.8929717271e-01	3.5749702621e-01	3.3180014651e-01
315               	1.1694433078e-02	1.6618918882e-01	6.8726149361e-01	3.5532517988e-01	3.3193631373e-01
316               	1.0783888980e-02	1.6551338610e-01	6.8541146376e-01	3.5348962086e-01	3.3192184290e-01
317               	1.0224730129e-02	1.6495955707e-01	6.8399905474e-01	3.5222425750e-01	3.3177479724e-01
318               	1.0123861659e-02	1.6453150040e-01	6.8332879799e-01	3.5178826066e-01	3.3154053734e-01
319               	1.0681895976e-02	1.6424505769e-01	6.8395838101e-01	3.5266108648e-01	3.3129729453e-01
320               	1.1888692201e-02	1.6399320757e-01	6.8596077145e-01	3.5486907793e-01	3.3109169352e-01
321               	1.3528148673e-02	1.6370998329e-01	6.8892521396e-01	3.5799075565e-01	3.3093445831e-01
322               	1.5436476250e-02	1.6334991137e-01	6.9259986725e-01	3.6173640988e-01	3.3086345738e-01
323               	1.7293313705e-02	1.6278534175e-01	6.9617240687e-01	3.6537951714e-01	3.3079288973e-01
324               	1.8883452395e-02	1.6201294139e-01	6.9925415209e-01	3.6851052844e-01	3.3074362365e-01
325               	1.9834165330e-02	1.6097693699e-01	7.0092456927e-01	3.7029644996e-01	3.3062811930e-01
326               	2.0133021127e-02	1.5973611734e-01	7.0130304419e-01	3.7078454322e-01	3.3051850097e-01
327               	1.9833373893e-02	1.5837395424e-01	7.0064227499e-01	3.7015451139e-01	3.3048776360e-01
328               	1.9000415400e-02	1.5693746272e-01	6.9912465822e-01	3.6856274451e-01	3.3056191371e-01
329               	1.7730158518e-02	1.5544274335e-01	6.9690022559e-01	3.6618027131e-01	3.3071995428e-01
330               	1.6080435766e-02	1.5394625253e-01	6.9394985040e-01	3.6305536097e-01	3.3089448943e-01
331               	1.4237377666e-02	1.5254315435e-01	6.9055643162e-01	3.5951559347e-01	3.3104083814e-01
332               	1.2259635378e-02	1.5123862301e-01	6.8670101481e-01	3.5561014278e-01	3.3109087203e-01
333               	1.0179810083e-02	1.5009336095e-01	6.8242416271e-01	3.5139189144e-01	3.3103227127e-01
334               	8.2987981861e-03	1.4917350440e-01	6.7841910600e-01	3.4750835119e-01	3.3091075481e-01
335               	6.8858580287e-03	1.4846207649e-01	6.7524242904e-01	3.4450707255e-01	3.3073535649e-01
336               	6.1225495964e-03	1.4796721167e-01	6.7330776759e-01	3.4277643339e-01	3.3053133420e-01
337               	5.9836452399e-03	1.4765420062e-01	6.7254721248e-01	3.4225725148e-01	3.3028996100e-01
338               	6.6917848272e-03	1.4746136730e-01	6.7360416319e-01	3.4349386642e-01	3.3011029677e-01
339               	8.1690031794e-03	1.4735938107e-01	6.7629558429e-01	3.4631679533e-01	3.2997878897e-01
340               	1.0288396858e-02	1.4731314814e-01	6.8047498631e-01	3.5052589001e-01	3.2994909630e-01
341               	1.2837814577e-02	1.4718203863e-01	6.8565296877e-01	3.5566429896e-01	3.2998866981e-01
342               	1.5547067373e-02	1.4691719515e-01	6.9129885371e-01	3.6119649423e-01	3.3010235948e-01
343               	1.7721061368e-02	1.4632297943e-01	6.9555567930e-01	3.6549890102e-01	3.3005677828e-01
344               	1.9170773585e-02	1.4541184540e-01	6.9826315586e-01	3.6830235152e-01	3.2996080435e-01
345               	1.9672705689e-02	1.4421402683e-01	6.9894391436e-01	3.6914466287e-01	3.2979925149e-01
346               	1.9323051345e-02	1.4283768310e-01	6.9793207329e-01	3.6828908799e-01	3.2964298530e-01
347               	1.8278874425e-02	1.4132861936e-01	6.9572806571e-01	3.6614290728e-01	3.2958515843e-01
348               	1.6656707408e-02	1.3974355654e-01	6.9251327785e-01	3.6291334633e-01	3.2959993152e-01
349               	1.4603040511e-02	1.3815115635e-01	6.8846612122e-01	3.5883610112e-01	3.2963002010e-01
350               	1.2263924715e-02	1.3661940747e-01	6.8380237550e-01	3.5416511247e-01	3.2963726304e-01
351               	9.6959872435e-03	1.3518923278e-01	6.7846500389e-01	3.4892848919e-01	3.2953651470e-01
352               	7.1165356993e-03	1.3394514417e-01	6.7292776129e-01	3.4358041634e-01	3.2934734495e-01
353               	4.8732968357e-03	1.3295206586e-01	6.6803668302e-01	3.3889163835e-01	3.2914504468e-01
354               	3.4029599956e-03	1.3228481887e-01	6.6479512433e-01	3.3580052216e-01	3.2899460217e-01
355               	2.6129867351e-03	1.3186968012e-01	6.6280204501e-01	3.3401400924e-01	3.2878803577e-01
356               	2.5298656159e-03	1.3165004520e-01	6.6213723236e-01	3.3359848179e-01	3.2853875056e-01
357               	3.3230652595e-03	1.3161361205e-01	6.6334166724e-01	3.3499389888e-01	3.2834776836e-01
358               	5.1195264637e-03	1.3175302627e-01	6.6677743892e-01	3.3850824592e-01	3.2826919300e-01
359               	7.8465381126e-03	1.3195034946e-01	6.7231430049e-01	3.4400368836e-01	3.2831061213e-01
360               	1.1003301788e-02	1.3207794430e-01	6.7886144545e-01	3.5043402451e-01	3.2842742094e-01
361               	1.3947242881e-02	1.3195906318e-01	6.8496885246e-01	3.5643166911e-01	3.2853718335e-01
362               	1.6361197805e-02	1.3149839558e-01	6.8989093379e-01	3.6130666470e-01	3.2858426909e-01
363               	1.7926864392e-02	1.3066998016e-01	6.9283864704e-01	3.6434618791e-01	3.2849245913e-01
364               	1.8499503041e-02	1.2952128484e-01	6.9356279785e-01	3.6528090197e-01	3.2828189588e-01
365               	1.8190780001e-02	1.2816109260e-01	6.9250342268e-01	3.6444249134e-01	3.2806093134e-01
366               	1.7165069327e-02	1.2665879667e-01	6.9017585982e-01	3.6225299923e-01	3.2792286058e-01
367               	1.5525582465e-02	1.2509996867e-01	6.8676445922e-01	3.5890781208e-01	3.2785664715e-01
368               	1.3302578977e-02	1.2344994781e-01	6.8221822049e-01	3.5441168922e-01	3.2780653127e-01
369               	1.0595196021e-02	1.2183613150e-01	6.7663576430e-01	3.4891307817e-01	3.2772268613e-01
370               	7.7864069042e-03	1.2034063500e-01	6.7070026215e-01	3.4313653798e-01	3.2756372417e-01
371               	5.1649916366e-03	1.1906304283e-01	6.6502015295e-01	3.3767506811e-01	3.2734508484e-01
372               	2.8923392691e-03	1.1804640034e-01	6.6000375992e-01	3.3289421923e-01	3.2710954069e-01
373               	1.2476510708e-03	1.1739672198e-01	6.5634458182e-01	3.2941994198e-01	3.2692463984e-01
374               	3.4846335675e-04	1.1701065049e-01	6.5420130812e-01	3.2744911742e-01	3.2675219070e-01
375               	2.4579242663e-04	1.1689846185e-01	6.5358654183e-01	3.2703906334e-01	3.2654747849e-01
376               	1.1631714695e-03	1.1702772546e-01	6.5509465499e-01	3.2871049896e-01	3.2638415602e-01
377               	2.9866966703e-03	1.1729158132e-01	6.5862625877e-01	3.3229982605e-01	3.2632643271e-01
378               	5.6136344276e-03	1.1764975824e-01	6.6402341433e-01	3.3762534159e-01	3.2639807274e-01
379               	8.5750230113e-03	1.1789160998e-01	6.7017490218e-01	3.4366247410e-01	3.2651242808e-01
380               	1.1571712087e-02	1.1791557826e-01	6.7636648526e-01	3.4975495472e-01	3.2661153054e-01
381               	1.4231468914e-02	1.1760914820e-01	6.8177074802e-01	3.5511684292e-01	3.2665390509e-01
382               	1.6098500919e-02	1.1694824558e-01	6.8528495999e-01	3.5874098091e-01	3.2654397908e-01
383               	1.7256069666e-02	1.1595799361e-01	6.8743813081e-01	3.6097513507e-01	3.2646299574e-01
384               	1.7277440967e-02	1.1467764811e-01	6.8703585942e-01	3.6079537068e-01	3.2624048874e-01
385               	1.6410516626e-02	1.1321745811e-01	6.8487673362e-01	3.5884888344e-01	3.2602785018e-01
386               	1.4735945312e-02	1.1161784360e-01	6.8123794136e-01	3.5535491599e-01	3.2588302537e-01
387               	1.2450620844e-02	1.0994662961e-01	6.7641274007e-01	3.5065699088e-01	3.2575574919e-01
388               	9.7667957984e-03	1.0825755259e-01	6.7071120315e-01	3.4512239737e-01	3.2558880578e-01
389               	6.8654458135e-03	1.0673506771e-01	6.6449344301e-01	3.3911216732e-01	3.2538127569e-01
390               	4.0061795442e-03	1.0536500879e-01	6.5824476535e-01	3.3312856222e-01	3.2511620313e-01
391               	1.4901027118e-03	1.0430845117e-01	6.5266346690e-01	3.2782183616e-01	3.2484163074e-01
392               	-4.4631011927e-04	1.0360938362e-01	6.4836317187e-01	3.2373527582e-01	3.2462789606e-01
393               	-1.5376873232e-03	1.0326948761e-01	6.4588793781e-01	3.2140628158e-01	3.2448165623e-01
394               	-1.5686773469e-03	1.0322090787e-01	6.4559210728e-01	3.2122737630e-01	3.2436473099e-01
395               	-8.2004492450e-04	1.0341382754e-01	6.4679839096e-01	3.2257915055e-01	3.2421924040e-01
396               	7.8405473856e-04	1.0378703665e-01	6.4986287816e-01	3.2571549382e-01	3.2414738434e-01
397               	3.1998659698e-03	1.0421903814e-01	6.5477652392e-01	3.3058812793e-01	3.2418839599e-01
398               	6.2507861624e-03	1.0463538822e-01	6.6111242809e-01	3.3680700021e-01	3.2430542788e-01
399               	9.4496469177e-03	1.0482825093e-01	6.6774210592e-01	3.4332069988e-01	3.2442140604e-01
400               	1.2400114364e-02	1.0480178841e-01	6.7378259812e-01	3.4929141343e-01	3.2449118470e-01
401               	1.4740130506e-02	1.0433614274e-01	6.7847432580e-01	3.5397729341e-01	3.2449703239e-01
402               	1.6180798262e-02	1.0347449833e-01	6.8120009522e-01	3.5678084587e-01	3.2441924935e-01
403               	1.6465058461e-02	1.0236483312e-01	6.8132846750e-01	3.5712929221e-01	3.2419917529e-01
404               	1.5705229691e-02	1.0093336830e-01	6.7931191967e-01	3.5536118952e-01	3.2395073014e-01
405               	1.4195032469e-02	9.9324480742e-02	6.7591175361e-01	3.5215090927e-01	3.2376084433e-01
406               	1.2054204316e-02	9.7715219350e-02	6.7131921358e-01	3.4771381111e-01	3.2360540247e-01
407               	9.3370374656e-03	9.5957258426e-02	6.6547832593e-01	3.4207620043e-01	3.2340212550e-01
408               	6.3125314674e-03	9.4304051304e-02	6.5893448159e-01	3.3577977226e-01	3.2315470933e-01
409               	3.2338584796e-03	9.2913239156e-02	6.5217162070e-01	3.2931966883e-01	3.2285195187e-01
410               	4.7781318015e-04	9.1732014575e-02	6.4605853573e-01	3.2350708104e-01	3.2255145468e-01
411               	-1.8055583823e-03	9.0992470679e-02	6.4090546677e-01	3.1864717500e-01	3.2225829177e-01
412               	-3.2765292689e-03	9.0544353198e-02	6.3743867367e-01	3.1544280756e-01	3.2199586610e-01
413               	-3.7204445029e-03	9.0409887326e-02	6.3618683007e-01	3.1437297053e-01	3.2181385954e-01
414               	-3.2159181636e-03	9.0760258363e-02	6.3694140326e-01	3.1525478347e-01	3.2168661979e-01
415               	-1.5880523896e-03	9.1169721530e-02	6.4016445577e-01	3.1849417549e-01	3.2167028027e-01
416               	9.3274299786e-04	9.1733773813e-02	6.4538526185e-01	3.2362537392e-01	3.2175988793e-01
417               	4.1659482612e-03	9.2335539226e-02	6.5215787145e-01	3.3024488399e-01	3.2191298746e-01
418               	7.7145495785e-03	9.2844039203e-02	6.5966488974e-01	3.3754699445e-01	3.2211789529e-01
419               	1.0989736428e-02	9.3028674504e-02	6.6652498197e-01	3.4425222742e-01	3.2227275456e-01
420               	1.3792005712e-02	9.2827120313e-02	6.7243052123e-01	3.5000726633e-01	3.2242325491e-01
421               	1.5562239787e-02	9.2189304781e-02	6.7592992682e-01	3.5352720320e-01	3.2240272362e-01
422               	1.5930185110e-02	9.1251392642e-02	6.7617082411e-01	3.5401559716e-01	3.2215522694e-01
423               	1.5368709374e-02	8.9870677071e-02	6.7450293238e-01	3.5262017557e-01	3.2188275682e-01
424               	1.3967307591e-02	8.8418047091e-02	6.7122431046e-01	3.4957946282e-01	3.2164484764e-01
425               	1.1846262046e-02	8.6711753823e-02	6.6656593614e-01	3.4512923011e-01	3.2143670602e-01
426               	9.0758132360e-03	8.4931759701e-02	6.6049049311e-01	3.3932105979e-01	3.2116943332e-01
427               	5.8616764904e-03	8.3270038002e-02	6.5337522765e-01	3.3254929031e-01	3.2082593733e-01
428               	2.5585690339e-03	8.1757459009e-02	6.4605141882e-01	3.2558427844e-01	3.2046714038e-01
429               	-4.2067864148e-04	8.0504090502e-02	6.3939540601e-01	3.1927702436e-01	3.2011838165e-01
430               	-3.0004426141e-03	7.9652324677e-02	6.3344568011e-01	3.1372239744e-01	3.1972328267e-01
431               	-4.7046980117e-03	7.9137223715e-02	6.2946757502e-01	3.1002908950e-01	3.1943848552e-01
432               	-5.3603133548e-03	7.9030760698e-02	6.2781460366e-01	3.0854698848e-01	3.1926761519e-01
433               	-4.9762514201e-03	7.9472194201e-02	6.2836389727e-01	3.0920569721e-01	3.1915820005e-01
434               	-3.5191767996e-03	7.9910950196e-02	6.3125023928e-01	3.1210594284e-01	3.1914429644e-01
435               	-1.0123019011e-03	8.0506703985e-02	6.3645626473e-01	3.1721583046e-01	3.1924043427e-01
436               	2.3059032658e-03	8.1307146877e-02	6.4343982663e-01	3.2402581658e-01	3.1941401005e-01
437               	6.0102791518e-03	8.1928200240e-02	6.5131563694e-01	3.3166809762e-01	3.1964753932e-01
438               	9.4795810229e-03	8.2373440115e-02	6.5862568937e-01	3.3879242571e-01	3.1983326366e-01
439               	1.2504366104e-02	8.2529752993e-02	6.6500982580e-01	3.4500927901e-01	3.2000054680e-01
440               	1.4440661954e-02	8.2090231126e-02	6.6880478552e-01	3.4884305471e-01	3.1996173081e-01
441               	1.5208771220e-02	8.1135865495e-02	6.6994246661e-01	3.5018000452e-01	3.1976246208e-01
442               	1.4852482252e-02	7.9996070465e-02	6.6865061727e-01	3.4917779089e-01	3.1947282638e-01
443               	1.3596350094e-02	7.8586178182e-02	6.6563123255e-01	3.4641196637e-01	3.1921926618e-01
444               	1.1556475542e-02	7.6984973559e-02	6.6112170785e-01	3.4211732947e-01	3.1900437838e-01
445               	8.8267456012e-03	7.5311736678e-02	6.5511747525e-01	3.3638548323e-01	3.1873199202e-01
446               	5.5693602169e-03	7.3650597458e-02	6.4787221163e-01	3.2950546603e-01	3.1836674560e-01
447               	2.1447585824e-03	7.2004877387e-02	6.4025348079e-01	3.2227149898e-01	3.1798198181e-01
448               	-1.0042205743e-03	7.0774184385e-02	6.3317808858e-01	3.1558482372e-01	3.1759326487e-01
449               	-3.7186109884e-03	6.9801208384e-02	6.2693652687e-01	3.0974965245e-01	3.1718687442e-01
450               	-5.6567182591e-03	6.9235832489e-02	6.2246420496e-01	3.0557538422e-01	3.1688882074e-01
451               	-6.6184498561e-03	6.9139373396e-02	6.2007048078e-01	3.0341679053e-01	3.1665369025e-01
452               	-6.4368095459e-03	6.9375093594e-02	6.2016392035e-01	3.0364515063e-01	3.1651876972e-01
453               	-5.1942241361e-03	6.9931740358e-02	6.2254016086e-01	3.0607585629e-01	3.1646430457e-01
454               	-2.8399373005e-03	7.0775282078e-02	6.2733766067e-01	3.1082889303e-01	3.1650876763e-01
455               	4.4909350853e-04	7.1648691519e-02	6.3422854206e-01	3.1756336454e-01	3.1666517752e-01
456               	4.1868456831e-03	7.2372035654e-02	6.4216430904e-01	3.2526900020e-01	3.1689530884e-01
457               	7.8097737547e-03	7.2969140664e-02	6.4978607485e-01	3.3270281118e-01	3.1708326367e-01
458               	1.0982635809e-02	7.3241582514e-02	6.5646307990e-01	3.3921417576e-01	3.1724890414e-01
459               	1.3168596542e-02	7.3080483417e-02	6.6082970122e-01	3.4358344715e-01	3.1724625407e-01
460               	1.4269766696e-02	7.2452990508e-02	6.6277239898e-01	3.4565596619e-01	3.1711643280e-01
461               	1.4122737574e-02	7.1462823513e-02	6.6192932041e-01	3.4508739778e-01	3.1684192263e-01
462               	1.3051725111e-02	7.0114302875e-02	6.5927183064e-01	3.4268764043e-01	3.1658419021e-01
463               	1.1129637648e-02	6.8596062433e-02	6.5497384940e-01	3.3861656235e-01	3.1635728705e-01
464               	8.4594206214e-03	6.6927770609e-02	6.4908504928e-01	3.3300194526e-01	3.1608310402e-01
465               	5.2536897745e-03	6.5151465883e-02	6.4198509472e-01	3.2624623714e-01	3.1573885759e-01
466               	1.7664273060e-03	6.3607284572e-02	6.3420030702e-01	3.1886658081e-01	3.1533372620e-01
467               	-1.4471376120e-03	6.2283687692e-02	6.2701159899e-01	3.1205866188e-01	3.1495293710e-01
468               	-4.3736066073e-03	6.1296338268e-02	6.2031936377e-01	3.0578607528e-01	3.1453328849e-01
469               	-6.5695603431e-03	6.0687695249e-02	6.1524788470e-01	3.0105438201e-01	3.1419350269e-01
470               	-7.8218614265e-03	6.0527561570e-02	6.1215635447e-01	2.9825631581e-01	3.1390003866e-01
471               	-7.7843267200e-03	6.0793627253e-02	6.1190495260e-01	2.9816814958e-01	3.1373680302e-01
472               	-6.7235807917e-03	6.1279375157e-02	6.1380088838e-01	3.0017686340e-01	3.1362402498e-01
473               	-4.5320319564e-03	6.2115330432e-02	6.1810916791e-01	3.0452255200e-01	3.1358661591e-01
474               	-1.3290355268e-03	6.3160390088e-02	6.2473137457e-01	3.1103665176e-01	3.1369472281e-01
475               	2.3882104828e-03	6.4027929110e-02	6.3258432141e-01	3.1868037119e-01	3.1390395022e-01
476               	6.0844404330e-03	6.4810122830e-02	6.4033900394e-01	3.2625394240e-01	3.1408506153e-01
477               	9.3552876953e-03	6.5247502170e-02	6.4719494241e-01	3.3295275890e-01	3.1424218351e-01
478               	1.1899623572e-02	6.5294968371e-02	6.5244342979e-01	3.3812133847e-01	3.1432209132e-01
479               	1.3309069904e-02	6.4815934939e-02	6.5512843636e-01	3.4087328809e-01	3.1425514828e-01
480               	1.3350173302e-02	6.3956359811e-02	6.5466751332e-01	3.4068392996e-01	3.1398358336e-01
481               	1.2406172924e-02	6.2690621471e-02	6.5226506319e-01	3.3853870452e-01	3.1372635867e-01
482               	1.0589066586e-02	6.1265116303e-02	6.4813581144e-01	3.3465697231e-01	3.1347883913e-01
483               	8.0214007794e-03	5.9575793042e-02	6.4249310278e-01	3.2926795217e-01	3.1322515061e-01
484               	4.8542519563e-03	5.7972281779e-02	6.3550936900e-01	3.2260893645e-01	3.1290043254e-01
485               	1.3160763007e-03	5.6354141525e-02	6.2760239416e-01	3.1511727338e-01	3.1248512078e-01
486               	-2.0427747823e-03	5.4916624537e-02	6.2005223700e-01	3.0798334372e-01	3.1206889328e-01
487               	-5.1698405556e-03	5.3903090212e-02	6.1287239749e-01	3.0126635819e-01	3.1160603930e-01
488               	-7.5397291150e-03	5.3307956949e-02	6.0734378268e-01	2.9613216223e-01	3.1121162046e-01
489               	-8.9820397926e-03	5.3100507365e-02	6.0377977861e-01	2.9290784951e-01	3.1087192910e-01
490               	-9.1579906472e-03	5.3328330524e-02	6.0304030016e-01	2.9236215943e-01	3.1067814073e-01
491               	-8.1915628178e-03	5.3825094030e-02	6.0471002650e-01	2.9416345043e-01	3.1054657607e-01
492               	-6.0840441528e-03	5.4785333697e-02	6.0878174385e-01	2.9830682777e-01	3.1047491608e-01
493               	-2.9127777322e-03	5.5916956140e-02	6.1528002916e-01	3.0472723685e-01	3.1055279231e-01
494               	8.0361193114e-04	5.6930537314e-02	6.2306790939e-01	3.1233756663e-01	3.1073034276e-01
495               	4.6007221836e-03	5.7875339107e-02	6.3110187024e-01	3.2015165731e-01	3.1095021294e-01
496               	8.0258389169e-03	5.8550607116e-02	6.3833227208e-01	3.2719197496e-01	3.1114029713e-01
497               	1.0768852958e-02	5.8712281749e-02	6.4407792665e-01	3.3280781628e-01	3.1127011037e-01
498               	1.2336672044e-02	5.8273619928e-02	6.4708863673e-01	3.3588099041e-01	3.1120764632e-01
499               	1.2507222520e-02	5.7600099876e-02	6.4685301111e-01	3.3593372807e-01	3.1091928303e-01
500               	1.1671517512e-02	5.6463097552e-02	6.4462248612e-01	3.3398276057e-01	3.1063972555e-01
501               	9.9428549364e-03	5.5162362079e-02	6.4064696440e-01	3.3026633714e-01	3.1038062727e-01
502               	7.3993303964e-03	5.3543366856e-02	6.3505908138e-01	3.2492887109e-01	3.1013021029e-01
503               	4.2197537407e-03	5.1922644579e-02	6.2806496101e-01	3.1825223424e-01	3.0981272676e-01
504               	6.9485933273e-04	5.0239854651e-02	6.2018908532e-01	3.1078940199e-01	3.0939968333e-01
505               	-2.7888241076e-03	4.8759074546e-02	6.1234291341e-01	3.0338263260e-01	3.0896028081e-01
506               	-6.0891348866e-03	4.7654939854e-02	6.0469438956e-01	2.9625805989e-01	3.0843632967e-01
507               	-8.5715921458e-03	4.7205973363e-02	5.9889837692e-01	2.9087759631e-01	3.0802078061e-01
508               	-1.0054589816e-02	4.6930534220e-02	5.9528076330e-01	2.8758579184e-01	3.0769497147e-01
509               	-1.0346473990e-02	4.7215715812e-02	5.9426347729e-01	2.8678526465e-01	3.0747821263e-01
510               	-9.4457177649e-03	4.7725963364e-02	5.9578948558e-01	2.8844902503e-01	3.0734046056e-01
511               	-7.3793756776e-03	4.8773482633e-02	5.9977245221e-01	2.9250685043e-01	3.0726560178e-01
512               	-4.3306178226e-03	4.9758804752e-02	6.0590760745e-01	2.9862318590e-01	3.0728442155e-01
513               	-6.7423475957e-04	5.0867482141e-02	6.1351610872e-01	3.0608381960e-01	3.0743228912e-01
514               	3.1447139534e-03	5.1988347622e-02	6.2152176889e-01	3.1390559840e-01	3.0761617049e-01
515               	6.7558944130e-03	5.2760744240e-02	6.2923477429e-01	3.2137328156e-01	3.0786149273e-01
516               	9.6164416075e-03	5.3129411492e-02	6.3523046819e-01	3.2723167570e-01	3.0799879249e-01
517               	1.1292901917e-02	5.2984084862e-02	6.3848952283e-01	3.3053766333e-01	3.0795185950e-01
518               	1.1609002008e-02	5.2255568608e-02	6.3864237884e-01	3.3093019143e-01	3.0771218741e-01
519               	1.0834635560e-02	5.1158210681e-02	6.3655476114e-01	3.2911201613e-01	3.0744274501e-01
520               	9.1489315757e-03	4.9860436780e-02	6.3269080409e-01	3.2549433362e-01	3.0719647047e-01
521               	6.6685356642e-03	4.8368816788e-02	6.2721719974e-01	3.2027713554e-01	3.0694006421e-01
522               	3.4966540367e-03	4.6779910444e-02	6.2019213898e-01	3.1359272353e-01	3.0659941545e-01
523               	-1.0439391450e-04	4.5187967058e-02	6.1211524084e-01	3.0595322650e-01	3.0616201433e-01
524               	-3.6406401284e-03	4.3710771153e-02	6.0409643428e-01	2.9840757701e-01	3.0568885727e-01
525               	-7.0362097534e-03	4.2537769065e-02	5.9622445669e-01	2.9107601859e-01	3.0514843810e-01
526               	-9.6023119725e-03	4.1984253458e-02	5.9022484730e-01	2.8551011168e-01	3.0471473562e-01
527               	-1.1171734543e-02	4.1733937372e-02	5.8638377351e-01	2.8202015221e-01	3.0436362130e-01
528               	-1.1470472719e-02	4.2066626190e-02	5.8537757334e-01	2.8121831395e-01	3.0415925939e-01
529               	-1.0547684134e-02	4.2602499320e-02	5.8695744942e-01	2.8293104058e-01	3.0402640884e-01
530               	-8.5257719179e-03	4.3584224605e-02	5.9082892219e-01	2.8688868918e-01	3.0394023301e-01
531               	-5.5254224402e-03	4.4681294786e-02	5.9682051831e-01	2.9288483671e-01	3.0393568159e-01
532               	-1.9698177842e-03	4.5973647646e-02	6.0410321290e-01	3.0008178866e-01	3.0402142423e-01
533               	1.8663811088e-03	4.7214134147e-02	6.1218872610e-01	3.0796074416e-01	3.0422798194e-01
534               	5.3691261874e-03	4.7996541847e-02	6.1957368009e-01	3.1515596623e-01	3.0441771386e-01
535               	8.2962373814e-03	4.8359101726e-02	6.2577211507e-01	3.2118229491e-01	3.0458982015e-01
536               	1.0138598160e-02	4.8376647047e-02	6.2946276369e-01	3.2486998001e-01	3.0459278369e-01
537               	1.0546399242e-02	4.7764839644e-02	6.2983670761e-01	3.2546475305e-01	3.0437195456e-01
538               	9.8597425942e-03	4.6807167304e-02	6.2792846203e-01	3.2382397361e-01	3.0410448842e-01
539               	8.2435360309e-03	4.5647485503e-02	6.2422982396e-01	3.2035844801e-01	3.0387137595e-01
540               	5.8070176731e-03	4.4296414401e-02	6.1886589465e-01	3.1523996500e-01	3.0362592965e-01
541               	2.6956289128e-03	4.2597235654e-02	6.1197655688e-01	3.0868390735e-01	3.0329264953e-01
542               	-8.8490811639e-04	4.0919503988e-02	6.0392465185e-01	3.0107741781e-01	3.0284723404e-01
543               	-4.4573301266e-03	3.9601939157e-02	5.9582283912e-01	2.9345408943e-01	3.0236874968e-01
544               	-7.8829053684e-03	3.8442527559e-02	5.8785545632e-01	2.8604482279e-01	3.0181063353e-01
545               	-1.0501934568e-02	3.7900105849e-02	5.8171925301e-01	2.8035769194e-01	3.0136156107e-01
546               	-1.2193503427e-02	3.7630743052e-02	5.7751361650e-01	2.7656330482e-01	3.0095031168e-01
547               	-1.2480576852e-02	3.7830259749e-02	5.7657295855e-01	2.7580590242e-01	3.0076705613e-01
548               	-1.1568387380e-02	3.8449610752e-02	5.7814569715e-01	2.7750446120e-01	3.0064123596e-01
549               	-9.5752935199e-03	3.9351609814e-02	5.8193970240e-01	2.8139455768e-01	3.0054514472e-01
550               	-6.6648067857e-03	4.0765889584e-02	5.8769228099e-01	2.8718133371e-01	3.0051094728e-01
551               	-3.1672130691e-03	4.2086769590e-02	5.9485298660e-01	2.9425928023e-01	3.0059370637e-01
552               	6.8031674245e-04	4.3202279861e-02	6.0298602010e-01	3.0217332679e-01	3.0081269331e-01
553               	4.2031416190e-03	4.4012986942e-02	6.1042749221e-01	3.0941688772e-01	3.0101060448e-01
554               	7.1571659816e-03	4.4595031739e-02	6.1668617470e-01	3.1550025333e-01	3.0118592137e-01
555               	9.0300481869e-03	4.4668742716e-02	6.2048854667e-01	3.1927432152e-01	3.0121422515e-01
556               	9.4998906242e-03	4.4151111582e-02	6.2101263514e-01	3.2000620819e-01	3.0100642694e-01
557               	8.8677166342e-03	4.3550160131e-02	6.1920342334e-01	3.1846942831e-01	3.0073399504e-01
558               	7.3271113167e-03	4.2233911925e-02	6.1567192526e-01	3.1516307395e-01	3.0050885131e-01
559               	4.9723448025e-03	4.0884593643e-02	6.1051051428e-01	3.1022760194e-01	3.0028291234e-01
560               	1.8729165728e-03	3.9276927675e-02	6.0363406385e-01	3.0368994850e-01	2.9994411535e-01
561               	-1.7018045581e-03	3.7589602337e-02	5.9558936864e-01	2.9609287976e-01	2.9949648888e-01
562               	-5.2606926838e-03	3.6351998811e-02	5.8747539963e-01	2.8847700713e-01	2.9899839250e-01
563               	-8.6992588784e-03	3.5215754533e-02	5.7947354889e-01	2.8103751557e-01	2.9843603332e-01
564               	-1.1308090237e-02	3.4503734682e-02	5.7332506539e-01	2.7535444246e-01	2.9797062293e-01
565               	-1.2976537736e-02	3.4310291626e-02	5.6921826516e-01	2.7163259485e-01	2.9758567032e-01
566               	-1.3287510288e-02	3.4475787666e-02	5.6821696136e-01	2.7082097039e-01	2.9739599097e-01
567               	-1.2389918665e-02	3.5270067419e-02	5.6972933043e-01	2.7247474655e-01	2.9725458388e-01
568               	-1.0438786735e-02	3.6206423252e-02	5.7341728498e-01	2.7626985576e-01	2.9714742923e-01
569               	-7.6247161734e-03	3.7415329872e-02	5.7893796552e-01	2.8184426658e-01	2.9709369893e-01
570               	-4.1266276181e-03	3.8769634303e-02	5.8612689333e-01	2.8893681905e-01	2.9719007428e-01
571               	-3.8279981478e-04	4.0094553376e-02	5.9389512352e-01	2.9656476194e-01	2.9733036157e-01
572               	3.1459206002e-03	4.1055431172e-02	6.0138045280e-01	3.0383614700e-01	2.9754430580e-01
573               	6.1768758549e-03	4.1681170349e-02	6.0791827937e-01	3.1013601554e-01	2.9778226383e-01
574               	8.1025769600e-03	4.1747637701e-02	6.1186871462e-01	3.1403693427e-01	2.9783178035e-01
575               	8.6264578212e-03	4.1434624908e-02	6.1252379339e-01	3.1488835451e-01	2.9763543887e-01
576               	8.0457580399e-03	4.0600884023e-02	6.1087326422e-01	3.1348239015e-01	2.9739087407e-01
577               	6.5563655751e-03	3.9572275130e-02	6.0743216991e-01	3.1027245053e-01	2.9715971938e-01
578               	4.2487910120e-03	3.8171315005e-02	6.0238184598e-01	3.0543971400e-01	2.9694213198e-01
579               	1.1788609539e-03	3.6711481612e-02	5.9554769752e-01	2.9895270971e-01	2.9659498781e-01
580               	-2.3614035234e-03	3.5128674763e-02	5.8755073434e-01	2.9141396365e-01	2.9613677069e-01
581               	-5.9127506990e-03	3.3695017163e-02	5.7945606029e-01	2.8381527945e-01	2.9564078085e-01
582               	-9.3350458288e-03	3.2602713189e-02	5.7148265428e-01	2.7640628131e-01	2.9507637297e-01
583               	-1.1963850684e-02	3.1961677455e-02	5.6527841198e-01	2.7067535530e-01	2.9460305667e-01
584               	-1.3639108404e-02	3.1615704232e-02	5.6116546329e-01	2.6694362324e-01	2.9422184005e-01
585               	-1.3935307981e-02	3.2001078693e-02	5.6016586982e-01	2.6614762693e-01	2.9401824289e-01
586               	-1.3021439795e-02	3.2682302662e-02	5.6173386848e-01	2.6784549445e-01	2.9388837404e-01
587               	-1.1082705196e-02	3.3723356099e-02	5.6535082411e-01	2.7159270686e-01	2.9375811725e-01
588               	-8.3300540116e-03	3.5028404823e-02	5.7076573976e-01	2.7705281587e-01	2.9371292389e-01
589               	-4.8503548038e-03	3.6376523965e-02	5.7792829583e-01	2.8411379311e-01	2.9381450272e-01
590               	-1.1451731285e-03	3.7683640898e-02	5.8562588414e-01	2.9166776894e-01	2.9395811520e-01
591               	2.3780302264e-03	3.8719784301e-02	5.9308485817e-01	2.9892045931e-01	2.9416439886e-01
592               	5.4070134016e-03	3.9538478884e-02	5.9959773288e-01	3.0520587984e-01	2.9439185304e-01
593               	7.3345065645e-03	3.9643770628e-02	6.0358229278e-01	3.0912565296e-01	2.9445663983e-01
594               	7.8754485478e-03	3.9244763921e-02	6.0430982824e-01	3.1003036267e-01	2.9427946557e-01
595               	7.3265167513e-03	3.8587974617e-02	6.0273815440e-01	3.0869559395e-01	2.9404256045e-01
596               	5.8692099131e-03	3.7507229574e-02	5.9939868301e-01	3.0556855142e-01	2.9383013159e-01
597               	3.6021183005e-03	3.6163468909e-02	5.9442871896e-01	3.0081647778e-01	2.9361224118e-01
598               	5.8996871948e-04	3.4869373063e-02	5.8769837603e-01	2.9443915674e-01	2.9325921930e-01
599               	-2.9016982957e-03	3.3172198432e-02	5.7983378152e-01	2.8701519246e-01	2.9281858905e-01
600               	-6.4511891783e-03	3.1884227973e-02	5.7178281138e-01	2.7944021651e-01	2.9234259487e-01
601               	-9.8233261072e-03	3.0624187689e-02	5.6391278262e-01	2.7213306520e-01	2.9177971742e-01
602               	-1.2442616250e-02	3.0009080965e-02	5.5772783155e-01	2.6642129953e-01	2.9130653203e-01
603               	-1.4103144825e-02	2.9882353118e-02	5.5362514641e-01	2.6270942838e-01	2.9091571803e-01
604               	-1.4381682276e-02	3.0132114551e-02	5.5266627172e-01	2.6195145358e-01	2.9071481814e-01
605               	-1.3460649530e-02	3.0855258306e-02	5.5423530303e-01	2.6365700199e-01	2.9057830105e-01
606               	-1.1589899849e-02	3.1938189773e-02	5.5770655022e-01	2.6726337526e-01	2.9044317496e-01
607               	-8.8895237609e-03	3.3146487709e-02	5.6298111676e-01	2.7260103462e-01	2.9038008214e-01
608               	-5.4893299692e-03	3.4514657835e-02	5.6988360153e-01	2.7945247080e-01	2.9043113074e-01
609               	-1.8108075027e-03	3.5873342829e-02	5.7758915521e-01	2.8698377010e-01	2.9060538511e-01
610               	1.7295280034e-03	3.7207826807e-02	5.8509818447e-01	2.9427862024e-01	2.9081956423e-01
611               	4.7725915188e-03	3.7719066215e-02	5.9174542283e-01	3.0064530293e-01	2.9110011989e-01
612               	6.7936455681e-03	3.8056230982e-02	5.9601165463e-01	3.0479947288e-01	2.9121218175e-01
613               	7.3641201328e-03	3.7649041766e-02	5.9684677081e-01	3.0578750554e-01	2.9105926527e-01
614               	6.8538124064e-03	3.7291749288e-02	5.9535567630e-01	3.0453165056e-01	2.9082402575e-01
615               	5.4253601333e-03	3.6054815194e-02	5.9211068369e-01	3.0148070198e-01	2.9062998171e-01
616               	3.1753584841e-03	3.4716263884e-02	5.8716519086e-01	2.9675795391e-01	2.9040723694e-01
617               	1.6160971365e-04	3.3337021701e-02	5.8043642479e-01	2.9037982211e-01	2.9005660268e-01
618               	-3.3135736940e-03	3.1930219535e-02	5.7256234798e-01	2.8296760030e-01	2.8959474768e-01
619               	-6.8504385057e-03	3.0485359830e-02	5.6451979158e-01	2.7540945729e-01	2.8911033430e-01
620               	-1.0215493723e-02	2.9340415129e-02	5.5663556025e-01	2.6810228640e-01	2.8853327385e-01
621               	-1.2833233076e-02	2.8604791685e-02	5.5042550599e-01	2.6237951992e-01	2.8804598607e-01
622               	-1.4462991131e-02	2.8499965814e-02	5.4636001418e-01	2.5871701596e-01	2.8764299822e-01
623               	-1.4737639408e-02	2.8723492672e-02	5.4543498818e-01	2.5797985468e-01	2.8745513350e-01
624               	-1.3834375319e-02	2.9578762871e-02	5.4697922621e-01	2.5965523778e-01	2.8732398842e-01
625               	-1.1982984008e-02	3.0554387382e-02	5.5042824859e-01	2.6323114029e-01	2.8719710830e-01
626               	-9.2613854701e-03	3.1946686113e-02	5.5574274343e-01	2.6860998624e-01	2.8713275718e-01
627               	-5.8998976384e-03	3.3238868648e-02	5.6264640297e-01	2.7542330385e-01	2.8722309912e-01
628               	-2.2339218155e-03	3.4700521064e-02	5.7033315080e-01	2.8293265359e-01	2.8740049722e-01
629               	1.2819697830e-03	3.5760912090e-02	5.7785125803e-01	2.9020759880e-01	2.8764365923e-01
630               	4.3140461315e-03	3.6729483856e-02	5.8445107407e-01	2.9653958317e-01	2.8791149090e-01
631               	6.3369978271e-03	3.6853308814e-02	5.8877350738e-01	3.0072375152e-01	2.8804975586e-01
632               	6.9211223872e-03	3.6706956971e-02	5.8964072361e-01	3.0174148419e-01	2.8789923942e-01
633               	6.4337905759e-03	3.6009697444e-02	5.8825860346e-01	3.0056309231e-01	2.8769551115e-01
634               	5.0317257989e-03	3.5137716522e-02	5.8504368446e-01	2.9755356803e-01	2.8749011643e-01
635               	2.7687103498e-03	3.3762189275e-02	5.8001506044e-01	2.9277624057e-01	2.8723881987e-01
636               	-2.1725915347e-04	3.2353368914e-02	5.7336269320e-01	2.8646408745e-01	2.8689860575e-01
637               	-3.6424042094e-03	3.0796624506e-02	5.6563540776e-01	2.7917529967e-01	2.8646010809e-01
638               	-7.1240141155e-03	2.9567719040e-02	5.5767713675e-01	2.7171455426e-01	2.8596258249e-01
639               	-1.0451960064e-02	2.8445348909e-02	5.4989146294e-01	2.6449377141e-01	2.8539769153e-01
640               	-1.3103135344e-02	2.7894971953e-02	5.4354165337e-01	2.5866769134e-01	2.8487396203e-01
641               	-1.4674152911e-02	2.7531166959e-02	5.3966343463e-01	2.5515756440e-01	2.8450587023e-01
642               	-1.4906210641e-02	2.7838506743e-02	5.3884866526e-01	2.5451812199e-01	2.8433054327e-01
643               	-1.3986569819e-02	2.8696922133e-02	5.4044442068e-01	2.5623564052e-01	2.8420878016e-01
644               	-1.2147061885e-02	2.9820869027e-02	5.4389990365e-01	2.5980288994e-01	2.8409701371e-01
645               	-9.4405575586e-03	3.0990337310e-02	5.4922382808e-01	2.6517135648e-01	2.8405247160e-01
646               	-6.0900050296e-03	3.2596855218e-02	5.5606961473e-01	2.7194480233e-01	2.8412481239e-01
647               	-2.4251221379e-03	3.3916055219e-02	5.6385940456e-01	2.7950458014e-01	2.8435482442e-01
648               	1.0217300110e-03	3.4933869194e-02	5.7126116435e-01	2.8665231219e-01	2.8460885216e-01
649               	3.9912582296e-03	3.5861561338e-02	5.7774089393e-01	2.9286170520e-01	2.8487918874e-01
650               	5.9308568774e-03	3.6207950735e-02	5.8180808737e-01	2.9683490056e-01	2.8497318681e-01
651               	6.5108818538e-03	3.5884550931e-02	5.8267373812e-01	2.9784775091e-01	2.8482598721e-01
652               	6.0402993374e-03	3.5404880687e-02	5.8131050349e-01	2.9669555108e-01	2.8461495241e-01
653               	4.6491110527e-03	3.4352457960e-02	5.7814424923e-01	2.9372123567e-01	2.8442301356e-01
654               	2.4047330597e-03	3.3162789759e-02	5.7317955223e-01	2.8899450917e-01	2.8418504305e-01
655               	-5.4057157507e-04	3.1721927432e-02	5.6663356470e-01	2.8277621077e-01	2.8385735393e-01
656               	-3.9062117208e-03	3.0248004963e-02	5.5902181808e-01	2.7560469732e-01	2.8341712076e-01
657               	-7.3398939984e-03	2.8878219956e-02	5.5121335519e-01	2.6826678360e-01	2.8294657160e-01
658               	-1.0624003650e-02	2.8015579148e-02	5.4351349406e-01	2.6113274338e-01	2.8238075068e-01
659               	-1.3228701343e-02	2.7284003239e-02	5.3727396677e-01	2.5540828204e-01	2.8186568473e-01
660               	-1.4742130575e-02	2.7137239820e-02	5.3354601025e-01	2.5203087455e-01	2.8151513570e-01
661               	-1.4951851492e-02	2.7368665668e-02	5.3280946957e-01	2.5145288329e-01	2.8135658628e-01
662               	-1.4032832483e-02	2.8181974444e-02	5.3442238517e-01	2.5317836010e-01	2.8124402507e-01
663               	-1.2194587507e-02	2.9254497382e-02	5.3789879979e-01	2.5675481239e-01	2.8114398740e-01
664               	-9.5487878864e-03	3.0674859750e-02	5.4308537798e-01	2.6199390110e-01	2.8109147688e-01
665               	-6.2389994024e-03	3.2056586046e-02	5.4989225570e-01	2.6870712845e-01	2.8118512725e-01
666               	-2.6737456495e-03	3.3437059987e-02	5.5741279770e-01	2.7603265320e-01	2.8138014450e-01
667               	7.1760233666e-04	3.4495443880e-02	5.6473940391e-01	2.8308730429e-01	2.8165209962e-01
668               	3.6826766507e-03	3.5384697910e-02	5.7121601451e-01	2.8929068391e-01	2.8192533061e-01
669               	5.6170072158e-03	3.5743976604e-02	5.7530534852e-01	2.9326968148e-01	2.8203566705e-01
670               	6.1982912947e-03	3.5589478884e-02	5.7621151318e-01	2.9430404789e-01	2.8190746530e-01
671               	5.7456240902e-03	3.4840006619e-02	5.7493741166e-01	2.9321432992e-01	2.8172308174e-01
672               	4.3818590002e-03	3.4072800056e-02	5.7181948388e-01	2.9029160094e-01	2.8152788294e-01
673               	2.1716124700e-03	3.2801445499e-02	5.6694241300e-01	2.8564281897e-01	2.8129959403e-01
674               	-7.2909689081e-04	3.1329862769e-02	5.6048605383e-01	2.7951393003e-01	2.8097212381e-01
675               	-4.0661773645e-03	2.9984195158e-02	5.5293106642e-01	2.7239935585e-01	2.8053171058e-01
676               	-7.4922174772e-03	2.8640432498e-02	5.4516568255e-01	2.6509062380e-01	2.8007505875e-01
677               	-1.0732526808e-02	2.7634978438e-02	5.3754336956e-01	2.5803915797e-01	2.7950421159e-01
678               	-1.3310260727e-02	2.7073988334e-02	5.3132959816e-01	2.5235453835e-01	2.7897505981e-01
679               	-1.4790307245e-02	2.6808559467e-02	5.2773044398e-01	2.4907491475e-01	2.7865552924e-01
680               	-1.4974174967e-02	2.7179179598e-02	5.2702020124e-01	2.4853592565e-01	2.7848427559e-01
681               	-1.4051208335e-02	2.7977701075e-02	5.2865556029e-01	2.5027657181e-01	2.7837898848e-01
682               	-1.2231621567e-02	2.9120117799e-02	5.3210746551e-01	2.5382211119e-01	2.7828535432e-01
683               	-9.6157224220e-03	3.0402014506e-02	5.3726221228e-01	2.5901538372e-01	2.7824682856e-01
684               	-6.3297850607e-03	3.1834923724e-02	5.4403243399e-01	2.6568643194e-01	2.7834600206e-01
685               	-2.8246221846e-03	3.3234239630e-02	5.5148243111e-01	2.7291659337e-01	2.7856583774e-01
686               	5.5254539417e-04	3.4324625752e-02	5.5877204331e-01	2.7993856705e-01	2.7883347626e-01
687               	3.4740596316e-03	3.5233394554e-02	5.6519725524e-01	2.8607268725e-01	2.7912456799e-01
688               	5.3923806069e-03	3.5688593793e-02	5.6926226210e-01	2.9002351166e-01	2.7923875044e-01
689               	5.9786174719e-03	3.5335830257e-02	5.7021761550e-01	2.9108742522e-01	2.7913019028e-01
690               	5.5238899347e-03	3.4837558560e-02	5.6894868371e-01	2.8999823179e-01	2.7895045192e-01
691               	4.1555467903e-03	3.3762069648e-02	5.6588625336e-01	2.8709867347e-01	2.7878757989e-01
692               	1.9792246411e-03	3.2709984737e-02	5.6105577629e-01	2.8250711279e-01	2.7854866350e-01
693               	-8.8000647967e-04	3.1338056648e-02	5.5466972536e-01	2.7645485620e-01	2.7821486916e-01
694               	-4.1912070866e-03	2.9932970709e-02	5.4717381587e-01	2.6939570085e-01	2.7777811502e-01
695               	-7.5696126088e-03	2.8614087999e-02	5.3948914077e-01	2.6217495778e-01	2.7731418299e-01
696               	-1.0789378635e-02	2.7645058754e-02	5.3191429177e-01	2.5516776725e-01	2.7674652452e-01
697               	-1.3338567759e-02	2.7016543113e-02	5.2580558356e-01	2.4956422402e-01	2.7624135954e-01
698               	-1.4689795188e-02	2.6764535145e-02	5.2253756534e-01	2.4657898748e-01	2.7595857786e-01
699               	-1.4882476570e-02	2.7193000072e-02	5.2180214246e-01	2.4601859466e-01	2.7578354780e-01
700               	-1.3954645495e-02	2.8070903159e-02	5.2341390846e-01	2.4775230873e-01	2.7566159972e-01
701               	-1.2169927966e-02	2.9056681598e-02	5.2680856378e-01	2.5123435392e-01	2.7557420985e-01
702               	-9.6166669515e-03	3.0475106604e-02	5.3186787719e-01	2.5631727164e-01	2.7555060555e-01
703               	-6.4121427944e-03	3.1744012674e-02	5.3850412934e-01	2.6283992187e-01	2.7566420746e-01
704               	-2.9477335814e-03	3.3183660099e-02	5.4584857170e-01	2.6997655227e-01	2.7587201943e-01
705               	3.6346444534e-04	3.4335781138e-02	5.5301230980e-01	2.7686961935e-01	2.7614269046e-01
706               	3.2028830933e-03	3.5157240427e-02	5.5922085258e-01	2.8281330938e-01	2.7640754320e-01
707               	5.1025669016e-03	3.5513026605e-02	5.6330030432e-01	2.8675271906e-01	2.7654758526e-01
708               	5.6969766471e-03	3.5358127320e-02	5.6429600093e-01	2.8784497711e-01	2.7645102382e-01
709               	5.2609630217e-03	3.4786917104e-02	5.6312240187e-01	2.8682216396e-01	2.7630023791e-01
710               	3.9439804841e-03	3.3833088606e-02	5.6016667574e-01	2.8402731835e-01	2.7613935739e-01
711               	1.8226146873e-03	3.2768507719e-02	5.5548945377e-01	2.7956734157e-01	2.7592211220e-01
712               	-9.6922317675e-04	3.1449013812e-02	5.4927467874e-01	2.7366811619e-01	2.7560656255e-01
713               	-4.2261113528e-03	2.9952300200e-02	5.4191597977e-01	2.6673187853e-01	2.7518410124e-01
714               	-7.5421987138e-03	2.8828969252e-02	5.3436183685e-01	2.5963871971e-01	2.7472311714e-01
715               	-1.0708705583e-02	2.7714232943e-02	5.2690491502e-01	2.5274375193e-01	2.7416116310e-01
716               	-1.3211420974e-02	2.7089769300e-02	5.2091036318e-01	2.4724376062e-01	2.7366660256e-01
717               	-1.4519929787e-02	2.7011408282e-02	5.1771379219e-01	2.4433696631e-01	2.7337682588e-01
718               	-1.4678623741e-02	2.7463194399e-02	5.1708549295e-01	2.4386412274e-01	2.7322137022e-01
719               	-1.3792861700e-02	2.8157374232e-02	5.1866170981e-01	2.4553799320e-01	2.7312371660e-01
720               	-1.2064001581e-02	2.9248171914e-02	5.2192825803e-01	2.4890012743e-01	2.7302813060e-01
721               	-9.6281000540e-03	3.0552528451e-02	5.2669530706e-01	2.5371955348e-01	2.7297575359e-01
722               	-6.4902883917e-03	3.1916231264e-02	5.3317776991e-01	2.6009859656e-01	2.7307917335e-01
723               	-3.1025853310e-03	3.3379227501e-02	5.4037348713e-01	2.6708415823e-01	2.7328932890e-01
724               	1.6148959572e-04	3.4424880734e-02	5.4746621776e-01	2.7389459848e-01	2.7357161929e-01
725               	2.9649008482e-03	3.5302391845e-02	5.5363357611e-01	2.7978168890e-01	2.7385188721e-01
726               	4.8537926465e-03	3.5640158406e-02	5.5773431138e-01	2.8372094834e-01	2.7401336305e-01
727               	5.4908576210e-03	3.5500146705e-02	5.5882445468e-01	2.8490308496e-01	2.7392136972e-01
728               	5.0979190531e-03	3.4991741651e-02	5.5774812343e-01	2.8397198077e-01	2.7377614266e-01
729               	3.8166826647e-03	3.4122704080e-02	5.5489802108e-01	2.8126569321e-01	2.7363232788e-01
730               	1.7574185952e-03	3.2860744740e-02	5.5037797770e-01	2.7694640744e-01	2.7343157025e-01
731               	-9.6961804421e-04	3.1619672710e-02	5.4430240342e-01	2.7118158367e-01	2.7312081976e-01
732               	-4.1769877189e-03	3.0227401213e-02	5.3705591420e-01	2.6435096938e-01	2.7270494482e-01
733               	-7.4441651399e-03	2.9007304235e-02	5.2960914742e-01	2.5736040857e-01	2.7224873885e-01
734               	-1.0587571336e-02	2.8065747178e-02	5.2218844345e-01	2.5050665039e-01	2.7168179306e-01
735               	-1.3092493437e-02	2.7374430452e-02	5.1615510502e-01	2.4498505907e-01	2.7117004595e-01
736               	-1.4381658700e-02	2.7239585727e-02	5.1300870627e-01	2.4212269444e-01	2.7088601184e-01
737               	-1.4546084911e-02	2.7616511274e-02	5.1239932051e-01	2.4165357534e-01	2.7074574517e-01
738               	-1.3684058230e-02	2.8501682331e-02	5.1393364078e-01	2.4328276216e-01	2.7065087862e-01
739               	-1.1973635370e-02	2.9472916702e-02	5.1718701189e-01	2.4661987058e-01	2.7056714132e-01
740               	-9.5365638579e-03	3.0876349568e-02	5.2200857623e-01	2.5146772426e-01	2.7054085197e-01
741               	-6.4713832886e-03	3.2182298874e-02	5.2840168708e-01	2.5772946025e-01	2.7067222683e-01
742               	-3.1305617071e-03	3.3535398391e-02	5.3552638541e-01	2.6463263100e-01	2.7089375441e-01
743               	3.6973943127e-05	3.4696173498e-02	5.4235941003e-01	2.7121667896e-01	2.7114273107e-01
744               	2.7939941919e-03	3.5519119337e-02	5.4848722443e-01	2.7703760641e-01	2.7144961802e-01
745               	4.6911630706e-03	3.5860400781e-02	5.5260865786e-01	2.8099549200e-01	2.7161316586e-01
746               	5.3363861869e-03	3.5849207473e-02	5.5373839950e-01	2.8220558594e-01	2.7153281356e-01
747               	4.9601992760e-03	3.5184739089e-02	5.5272422237e-01	2.8132231046e-01	2.7140191191e-01
748               	3.7319341452e-03	3.4362472476e-02	5.4998494020e-01	2.7872440425e-01	2.7126053596e-01
749               	1.7072909108e-03	3.3249234509e-02	5.4555676290e-01	2.7448567236e-01	2.7107109054e-01
750               	-9.5949594212e-04	3.1948620210e-02	5.3962271933e-01	2.6885186372e-01	2.7077085561e-01
751               	-4.0967567103e-03	3.0549943777e-02	5.3250457851e-01	2.6215553254e-01	2.7034904596e-01
752               	-7.3214298041e-03	2.9431085472e-02	5.2514443712e-01	2.5525078876e-01	2.6989364836e-01
753               	-1.0440462002e-02	2.8328715611e-02	5.1779561722e-01	2.4845734661e-01	2.6933827061e-01
754               	-1.2886835151e-02	2.7804403143e-02	5.1188978749e-01	2.4305805859e-01	2.6883172890e-01
755               	-1.4232787528e-02	2.7558758514e-02	5.0858966202e-01	2.4006204348e-01	2.6852761854e-01
756               	-1.4398374960e-02	2.8000345870e-02	5.0799287773e-01	2.3959806391e-01	2.6839481383e-01
757               	-1.3547522552e-02	2.8727358014e-02	5.0951590987e-01	2.4121043238e-01	2.6830547749e-01
758               	-1.1876190498e-02	2.9930161216e-02	5.1270224431e-01	2.4447493166e-01	2.6822731266e-01
759               	-9.5126307799e-03	3.1132645287e-02	5.1745675902e-01	2.4921574873e-01	2.6824101029e-01
760               	-6.4775405496e-03	3.2460265825e-02	5.2377479727e-01	2.5540985809e-01	2.6836493919e-01
761               	-3.1892342116e-03	3.3763049610e-02	5.3083464939e-01	2.6222809048e-01	2.6860655891e-01
762               	-5.7184212735e-05	3.5047770631e-02	5.3759841502e-01	2.6874202330e-01	2.6885639172e-01
763               	2.6947188483e-03	3.5761466575e-02	5.4370646661e-01	2.7454795215e-01	2.6915851446e-01
764               	4.5749346145e-03	3.6304636314e-02	5.4780792694e-01	2.7847889809e-01	2.6932902886e-01
765               	5.2133214947e-03	3.6045217317e-02	5.4899701183e-01	2.7971182741e-01	2.6928518442e-01
766               	4.8638189360e-03	3.5562030973e-02	5.4801742724e-01	2.7887253255e-01	2.6914489468e-01
767               	3.6645218892e-03	3.4628709740e-02	5.4535253166e-01	2.7634078772e-01	2.6901174394e-01
768               	1.6888152644e-03	3.3691371476e-02	5.4100537968e-01	2.7219150510e-01	2.6881387457e-01
769               	-9.3649956220e-04	3.2272858502e-02	5.3519121825e-01	2.6665910956e-01	2.6853210869e-01
770               	-4.0338102206e-03	3.0950286365e-02	5.2816836257e-01	2.6005037106e-01	2.6811799150e-01
771               	-7.2152503479e-03	2.9770474420e-02	5.2089969820e-01	2.5323459875e-01	2.6766509945e-01
772               	-1.0289326351e-02	2.8742838970e-02	5.1361738032e-01	2.4651936381e-01	2.6709801651e-01
773               	-1.2648770314e-02	2.8188329320e-02	5.0795247984e-01	2.4132746960e-01	2.6662501023e-01
774               	-1.3989807446e-02	2.8087061826e-02	5.0465122381e-01	2.3833580446e-01	2.6631541935e-01
775               	-1.4160705063e-02	2.8385808560e-02	5.0404908296e-01	2.3786383642e-01	2.6618524654e-01
776               	-1.3364371058e-02	2.9208366392e-02	5.0548172519e-01	2.3937649154e-01	2.6610523365e-01
777               	-1.1765143574e-02	3.0179894808e-02	5.0855498436e-01	2.4251234861e-01	2.6604263576e-01
778               	-9.4377923657e-03	3.1493251861e-02	5.1316907820e-01	2.4714674673e-01	2.6602233147e-01
779               	-6.5044343823e-03	3.2732110216e-02	5.1930419314e-01	2.5314766219e-01	2.6615653095e-01
780               	-3.2772867461e-03	3.4205306746e-02	5.2623930929e-01	2.5984236790e-01	2.6639694139e-01
781               	-2.0306461252e-04	3.5319652241e-02	5.3293149589e-01	2.6626268333e-01	2.6666881256e-01
782               	2.5199800980e-03	3.6088992102e-02	5.3899311040e-01	2.7201653530e-01	2.6697657510e-01
783               	4.3882614936e-03	3.6472093964e-02	5.4311267563e-01	2.7594459931e-01	2.6716807632e-01
784               	5.0648412597e-03	3.6445903848e-02	5.4435248003e-01	2.7724108128e-01	2.6711139876e-01
785               	4.7483436770e-03	3.5861293349e-02	5.4347307752e-01	2.7648488244e-01	2.6698819508e-01
786               	3.5917592015e-03	3.5178147093e-02	5.4091015029e-01	2.7404683435e-01	2.6686331595e-01
787               	1.6790411939e-03	3.3950317702e-02	5.3672500143e-01	2.7004154191e-01	2.6668345952e-01
788               	-8.7365858400e-04	3.2724710009e-02	5.3105416251e-01	2.6465342267e-01	2.6640073984e-01
789               	-3.9181229913e-03	3.1289697795e-02	5.2417350787e-01	2.5816863094e-01	2.6600487693e-01
790               	-7.0459161044e-03	3.0312776005e-02	5.1700816533e-01	2.5145816656e-01	2.6554999877e-01
791               	-1.0095031350e-02	2.9229757793e-02	5.0978912921e-01	2.4479953325e-01	2.6498959595e-01
792               	-1.2428186703e-02	2.8565868360e-02	5.0422238677e-01	2.3968300668e-01	2.6453938009e-01
793               	-1.3765165696e-02	2.8516900605e-02	5.0092643125e-01	2.3669804993e-01	2.6422838132e-01
794               	-1.3954288985e-02	2.8841593598e-02	5.0027655658e-01	2.3618398931e-01	2.6409256728e-01
795               	-1.3213668978e-02	2.9536178044e-02	5.0162272919e-01	2.3759769562e-01	2.6402503357e-01
796               	-1.1664206812e-02	3.0611641333e-02	5.0457672281e-01	2.4062415459e-01	2.6395256821e-01
797               	-9.4214845180e-03	3.1821159446e-02	5.0905092984e-01	2.4510398040e-01	2.6394694944e-01
798               	-6.5529898932e-03	3.3162319426e-02	5.1504654005e-01	2.5097028013e-01	2.6407625992e-01
799               	-3.3778073952e-03	3.4442063259e-02	5.2189416587e-01	2.5756927554e-01	2.6432489033e-01
800               	-3.3697278004e-04	3.5603578106e-02	5.2852201147e-01	2.6392403295e-01	2.6459797851e-01
801               	2.3630847785e-03	3.6437401093e-02	5.3454620107e-01	2.6963618531e-01	2.6491001576e-01
802               	4.2378492062e-03	3.6856236884e-02	5.3867905404e-01	2.7357737623e-01	2.6510167781e-01
803               	4.9275590624e-03	3.6776635091e-02	5.3998863586e-01	2.7492187699e-01	2.6506675887e-01
804               	4.6419389198e-03	3.6237852592e-02	5.3918820615e-01	2.7423604199e-01	2.6495216415e-01
805               	3.5488765526e-03	3.5472174037e-02	5.3675302748e-01	2.7192539029e-01	2.6482763719e-01
806               	1.6892379460e-03	3.4461700509e-02	5.3268113098e-01	2.6802980344e-01	2.6465132754e-01
807               	-7.9567807964e-04	3.3149197860e-02	5.2718242654e-01	2.6279553519e-01	2.6438689135e-01
808               	-3.7681503523e-03	3.1921123287e-02	5.2043105652e-01	2.5644737791e-01	2.6398367861e-01
809               	-6.8461572362e-03	3.0675454737e-02	5.1339397233e-01	2.4985082893e-01	2.6354314340e-01
810               	-9.8601541020e-03	2.9720309948e-02	5.0626592353e-01	2.4327280766e-01	2.6299311587e-01
811               	-1.2144691316e-02	2.9149008032e-02	5.0077666588e-01	2.3824364162e-01	2.6253302425e-01
812               	-1.3503451417e-02	2.8889586104e-02	4.9748223362e-01	2.3523766539e-01	2.6224456823e-01
813               	-1.3732617092e-02	2.9330085390e-02	4.9677616319e-01	2.3465546450e-01	2.6212069869e-01
814               	-1.3009637092e-02	3.0045053021e-02	4.9805035122e-01	2.3601553852e-01	2.6203481270e-01
815               	-1.1533351897e-02	3.0945143201e-02	5.0087613624e-01	2.3890471622e-01	2.6197142002e-01
816               	-9.3677898809e-03	3.2209490406e-02	5.0520752198e-01	2.4323597111e-01	2.6197155087e-01
817               	-6.5573933187e-03	3.3508220511e-02	5.1106938480e-01	2.4897729908e-01	2.6209208572e-01
818               	-3.4526207592e-03	3.4743568003e-02	5.1779124429e-01	2.5544300139e-01	2.6234824290e-01
819               	-4.5596941491e-04	3.5974809226e-02	5.2432585933e-01	2.6170696025e-01	2.6261889908e-01
820               	2.2234701501e-03	3.6755948000e-02	5.3032034230e-01	2.6738364130e-01	2.6293670100e-01
821               	4.0888708553e-03	3.7162919237e-02	5.3444361488e-01	2.7131067829e-01	2.6313293658e-01
822               	4.7961502692e-03	3.7044319176e-02	5.3582601713e-01	2.7270915883e-01	2.6311685829e-01
823               	4.5544731753e-03	3.6665562427e-02	5.3508326485e-01	2.7209610560e-01	2.6298715925e-01
824               	3.5159626544e-03	3.5977656181e-02	5.3276087439e-01	2.6989639985e-01	2.6286447454e-01
825               	1.7094596606e-03	3.4840334074e-02	5.2884631631e-01	2.6613261782e-01	2.6271369849e-01
826               	-6.8088387367e-04	3.3690760006e-02	5.2352342018e-01	2.6108082622e-01	2.6244259396e-01
827               	-3.6054195494e-03	3.2278164764e-02	5.1693421365e-01	2.5486168727e-01	2.6207252637e-01
828               	-6.6346925799e-03	3.1153759347e-02	5.1000707043e-01	2.4836884264e-01	2.6163822780e-01
829               	-9.5872745675e-03	3.0242366232e-02	5.0301949583e-01	2.4192247335e-01	2.6109702248e-01
830               	-1.1862742739e-02	2.9658111799e-02	4.9760115619e-01	2.3693783536e-01	2.6066332083e-01
831               	-1.3218231472e-02	2.9401932897e-02	4.9430461629e-01	2.3393407668e-01	2.6037053962e-01
832               	-1.3449204543e-02	2.9736252333e-02	4.9356375854e-01	2.3333267473e-01	2.6023108381e-01
833               	-1.2811503274e-02	3.0384097771e-02	4.9472045030e-01	2.3454872188e-01	2.6017172842e-01
834               	-1.1400512855e-02	3.1434049953e-02	4.9739985248e-01	2.3729941339e-01	2.6010043909e-01
835               	-9.3446570629e-03	3.2512122525e-02	5.0146289977e-01	2.4138679282e-01	2.6007610695e-01
836               	-6.6092093920e-03	3.3837156661e-02	5.0717534683e-01	2.4697846402e-01	2.6019688281e-01
837               	-3.5553940724e-03	3.5102156188e-02	5.1379590840e-01	2.5334256013e-01	2.6045334827e-01
838               	-5.9266184148e-04	3.6239544648e-02	5.2028388662e-01	2.5954928147e-01	2.6073460515e-01
839               	2.0715565436e-03	3.7131897784e-02	5.2626588372e-01	2.6520449840e-01	2.6106138532e-01
840               	3.9384560871e-03	3.7503933802e-02	5.3042818972e-01	2.6915255095e-01	2.6127563877e-01
841               	4.6921158702e-03	3.7428396386e-02	5.3189187387e-01	2.7063805281e-01	2.6125382106e-01
842               	4.4884532298e-03	3.7088903719e-02	5.3124882822e-01	2.7011286734e-01	2.6113596088e-01
843               	3.4909067618e-03	3.6288856917e-02	5.2906922434e-01	2.6802551893e-01	2.6104370541e-01
844               	1.7773615671e-03	3.5321116115e-02	5.2531388100e-01	2.6443430207e-01	2.6087957894e-01
845               	-5.1434926201e-04	3.4062392761e-02	5.2033894634e-01	2.5965512391e-01	2.6068382243e-01
846               	-3.3565403544e-03	3.2847946464e-02	5.1386390368e-01	2.5357541149e-01	2.6028849220e-01
847               	-6.3509315708e-03	3.1625818000e-02	5.0699656084e-01	2.4714734885e-01	2.5984921199e-01
848               	-9.2895037039e-03	3.0668618547e-02	5.0003052638e-01	2.4072575949e-01	2.5930476689e-01
849               	-1.1616269554e-02	3.0088520972e-02	4.9446356128e-01	2.3561551109e-01	2.5884805020e-01
850               	-1.3038563682e-02	2.9805957100e-02	4.9096605085e-01	2.3244446175e-01	2.5852158911e-01
851               	-1.3311336259e-02	3.0087153483e-02	4.9015999274e-01	2.3176866011e-01	2.5839133263e-01
852               	-1.2707782520e-02	3.0683907018e-02	4.9125835680e-01	2.3292139588e-01	2.5833696092e-01
853               	-1.1349130781e-02	3.1698272071e-02	4.9385692497e-01	2.3557933171e-01	2.5827759327e-01
854               	-9.3388173792e-03	3.2881731596e-02	4.9785848203e-01	2.3959042364e-01	2.5826805840e-01
855               	-6.6548708056e-03	3.4138759134e-02	5.0351846319e-01	2.4510436079e-01	2.5841410240e-01
856               	-3.6161809739e-03	3.5430413287e-02	5.1012409700e-01	2.5144586753e-01	2.5867822947e-01
857               	-6.7668307949e-04	3.6453988921e-02	5.1661230742e-01	2.5762947063e-01	2.5898283679e-01
858               	1.9891889614e-03	3.7368719059e-02	5.2260916766e-01	2.6329377279e-01	2.5931539487e-01
859               	3.8784836316e-03	3.7913749819e-02	5.2678855592e-01	2.6727276159e-01	2.5951579433e-01
860               	4.6882637025e-03	3.7910799644e-02	5.2844760415e-01	2.6891206578e-01	2.5953553837e-01
861               	4.5076409035e-03	3.7372442650e-02	5.2787258499e-01	2.6844393340e-01	2.5942865159e-01
862               	3.5563509937e-03	3.6658769066e-02	5.2575315427e-01	2.6643292813e-01	2.5932022614e-01
863               	1.8595911412e-03	3.5646773128e-02	5.2204952395e-01	2.6288435311e-01	2.5916517083e-01
864               	-3.8271051754e-04	3.4579473896e-02	5.1712639339e-01	2.5818048618e-01	2.5894590721e-01
865               	-3.2007089558e-03	3.3269980183e-02	5.1070373147e-01	2.5215115678e-01	2.5855257469e-01
866               	-6.1773787486e-03	3.2050193967e-02	5.0387998270e-01	2.4576261260e-01	2.5811737010e-01
867               	-9.1020010492e-03	3.1022980498e-02	4.9697580288e-01	2.3938590039e-01	2.5758990249e-01
868               	-1.1403512469e-02	3.0467344441e-02	4.9142774936e-01	2.3431036221e-01	2.5711738715e-01
869               	-1.2846023294e-02	3.0207508901e-02	4.8791126540e-01	2.3110960940e-01	2.5680165599e-01
870               	-1.3180435726e-02	3.0499500784e-02	4.8694491542e-01	2.3029202198e-01	2.5665289343e-01
871               	-1.2592657545e-02	3.1172731905e-02	4.8799542228e-01	2.3140505359e-01	2.5659036868e-01
872               	-1.1293049845e-02	3.1998352565e-02	4.9053627355e-01	2.3397508693e-01	2.5656118662e-01
873               	-9.2390849391e-03	3.3173424974e-02	4.9475371021e-01	2.3813777017e-01	2.5661594004e-01
874               	-6.6061560437e-03	3.4470416264e-02	5.0031257990e-01	2.4355013391e-01	2.5676244600e-01
875               	-3.6369278466e-03	3.5716887563e-02	5.0678658916e-01	2.4975636673e-01	2.5703022243e-01
876               	-7.3993450408e-04	3.6832837493e-02	5.1315254772e-01	2.5583633935e-01	2.5731620836e-01
877               	1.8880103911e-03	3.7600646591e-02	5.1906065997e-01	2.6141834038e-01	2.5764231960e-01
878               	3.7452208749e-03	3.8190803172e-02	5.2316764170e-01	2.6532904173e-01	2.5783859998e-01
879               	4.5525138090e-03	3.8142704574e-02	5.2482535886e-01	2.6696519324e-01	2.5786016562e-01
880               	4.3993034596e-03	3.7708910699e-02	5.2428594086e-01	2.6654227389e-01	2.5774366697e-01
881               	3.4913168815e-03	3.6971982147e-02	5.2225750786e-01	2.6462007081e-01	2.5763743705e-01
882               	1.8668299902e-03	3.5982763506e-02	5.1871764777e-01	2.6122565388e-01	2.5749199390e-01
883               	-2.9927444885e-04	3.4965905128e-02	5.1393280846e-01	2.5666712978e-01	2.5726567868e-01
884               	-3.0704125508e-03	3.3697712939e-02	5.0766411663e-01	2.5076164576e-01	2.5690247086e-01
885               	-5.9949794605e-03	3.2454773668e-02	5.0096318133e-01	2.4448661121e-01	2.5647657013e-01
886               	-8.8456970781e-03	3.1578639246e-02	4.9419035517e-01	2.3824948051e-01	2.5594087466e-01
887               	-1.1142508860e-02	3.0784367967e-02	4.8872832023e-01	2.3322165125e-01	2.5550666897e-01
888               	-1.2580639541e-02	3.0683827295e-02	4.8520920054e-01	2.3002396073e-01	2.5518523981e-01
889               	-1.2947893191e-02	3.0895599853e-02	4.8420317237e-01	2.2915369300e-01	2.5504947938e-01
890               	-1.2418204965e-02	3.1522563990e-02	4.8516553574e-01	2.3016456291e-01	2.5500097284e-01
891               	-1.1166051250e-02	3.2307969757e-02	4.8758653151e-01	2.3262721450e-01	2.5495931701e-01
892               	-9.2054123498e-03	3.3481123954e-02	4.9157485422e-01	2.3658201476e-01	2.5499283946e-01
893               	-6.6411714485e-03	3.4805036143e-02	4.9699493947e-01	2.4185629829e-01	2.5513864119e-01
894               	-3.7297906970e-03	3.5947665267e-02	5.0335777512e-01	2.4794909686e-01	2.5540867826e-01
895               	-8.6401635804e-04	3.7069823336e-02	5.0966046987e-01	2.5396621858e-01	2.5569425130e-01
896               	1.7356944633e-03	3.7925598621e-02	5.1552435373e-01	2.5949787133e-01	2.5602648240e-01
897               	3.5831615597e-03	3.8342830287e-02	5.1965261053e-01	2.6340946682e-01	2.5624314370e-01
898               	4.4304328448e-03	3.8445335396e-02	5.2137300281e-01	2.6511693425e-01	2.5625606856e-01
899               	4.3200828202e-03	3.8062287045e-02	5.2091846774e-01	2.6477931669e-01	2.5613915105e-01
900               	3.4631454594e-03	3.7270819584e-02	5.1902043443e-01	2.6297336268e-01	2.5604707176e-01
901               	1.9089904699e-03	3.6373228042e-02	5.1562301952e-01	2.5972050023e-01	2.5590251929e-01
902               	-2.1774140427e-04	3.5313670724e-02	5.1098767163e-01	2.5527609441e-01	2.5571157722e-01
903               	-2.8928691069e-03	3.4067337254e-02	5.0488403074e-01	2.4954914626e-01	2.5533488448e-01
904               	-5.7622134940e-03	3.2942322625e-02	4.9830600425e-01	2.4339078863e-01	2.5491521562e-01
905               	-8.5890930003e-03	3.1846879234e-02	4.9164424288e-01	2.3723302844e-01	2.5441121444e-01
906               	-1.0872837547e-02	3.1286020598e-02	4.8618903359e-01	2.3222167925e-01	2.5396735434e-01
907               	-1.2327975084e-02	3.1056272821e-02	4.8265822738e-01	2.2900113861e-01	2.5365708877e-01
908               	-1.2727903252e-02	3.1258444179e-02	4.8158539958e-01	2.2806479654e-01	2.5352060304e-01
909               	-1.2253359272e-02	3.1748563999e-02	4.8245277947e-01	2.2897303046e-01	2.5347974901e-01
910               	-1.1067285209e-02	3.2709044105e-02	4.8473182190e-01	2.3129862574e-01	2.5343319616e-01
911               	-9.1772041799e-03	3.3683546965e-02	4.8859996216e-01	2.3512277690e-01	2.5347718526e-01
912               	-6.6751965220e-03	3.5118183235e-02	4.9383995869e-01	2.4024478282e-01	2.5359517587e-01
913               	-3.8177897096e-03	3.6230876327e-02	5.0009010701e-01	2.4622726380e-01	2.5386284321e-01
914               	-1.0067980767e-03	3.7247110275e-02	5.0630083278e-01	2.5214361831e-01	2.5415721447e-01
915               	1.5742546813e-03	3.8117913024e-02	5.1212266510e-01	2.5763558723e-01	2.5448707787e-01
916               	3.4372003263e-03	3.8721341512e-02	5.1624230091e-01	2.6155835078e-01	2.5468395013e-01
917               	4.3052857916e-03	3.8558960574e-02	5.1804530966e-01	2.6332794062e-01	2.5471736904e-01
918               	4.2322444414e-03	3.8321158416e-02	5.1767161453e-01	2.6306805171e-01	2.5460356282e-01
919               	3.4422066492e-03	3.7693224870e-02	5.1589480165e-01	2.6138960747e-01	2.5450519417e-01
920               	1.9505131199e-03	3.6769233653e-02	5.1266237124e-01	2.5828169874e-01	2.5438067250e-01
921               	-1.0177164463e-04	3.5489636025e-02	5.0821052817e-01	2.5400349244e-01	2.5420703573e-01
922               	-2.6352516861e-03	3.4532362647e-02	5.0252725785e-01	2.4862837724e-01	2.5389888061e-01
923               	-5.4606655256e-03	3.3312060122e-02	4.9605486436e-01	2.4256676666e-01	2.5348809771e-01
924               	-8.2781125966e-03	3.2335844793e-02	4.8939040877e-01	2.3641709179e-01	2.5297331698e-01
925               	-1.0569688152e-02	3.1692570598e-02	4.8389769026e-01	2.3137915698e-01	2.5251853328e-01
926               	-1.2077273142e-02	3.1394835919e-02	4.8025621025e-01	2.2805083198e-01	2.5220537826e-01
927               	-1.2554715367e-02	3.1558399564e-02	4.7903782463e-01	2.2696419695e-01	2.5207362768e-01
928               	-1.2133090312e-02	3.2117510027e-02	4.7976812124e-01	2.2775097031e-01	2.5201715093e-01
929               	-1.1028606444e-02	3.2874081102e-02	4.8188858133e-01	2.2991568422e-01	2.5197289711e-01
930               	-9.1991995444e-03	3.4025326535e-02	4.8557596268e-01	2.3358878180e-01	2.5198718088e-01
931               	-6.7803227394e-03	3.5214677034e-02	4.9069583238e-01	2.3856759345e-01	2.5212823893e-01
932               	-3.9723159452e-03	3.6404952776e-02	4.9682804914e-01	2.4444170862e-01	2.5238634051e-01
933               	-1.1784889050e-03	3.7440625796e-02	5.0298661238e-01	2.5031481728e-01	2.5267179509e-01
934               	1.4058526256e-03	3.8293221444e-02	5.0880364264e-01	2.5580767394e-01	2.5299596869e-01
935               	3.2880834147e-03	3.8901869316e-02	5.1298278656e-01	2.5977947670e-01	2.5320330987e-01
936               	4.2468543984e-03	3.8895114756e-02	5.1501267494e-01	2.6175319187e-01	2.5325948307e-01
937               	4.2094781340e-03	3.8613268660e-02	5.1474794483e-01	2.6158345055e-01	2.5316449428e-01
938               	3.4822431787e-03	3.7966246307e-02	5.1309860963e-01	2.6003154800e-01	2.5306706164e-01
939               	2.0317455436e-03	3.6912760790e-02	5.0998848077e-01	2.5702598593e-01	2.5296249484e-01
940               	4.4289154149e-05	3.5982442689e-02	5.0564296751e-01	2.5286577291e-01	2.5277719460e-01
941               	-2.4342269139e-03	3.4788749143e-02	5.0012101139e-01	2.4762627878e-01	2.5249473261e-01
942               	-5.2200243165e-03	3.3704908937e-02	4.9371068040e-01	2.4163531588e-01	2.5207536452e-01
943               	-8.1058304850e-03	3.2721960381e-02	4.8686567414e-01	2.3532700658e-01	2.5153866755e-01
944               	-1.0395171756e-02	3.1933653189e-02	4.8142548735e-01	2.3031757192e-01	2.5110791543e-01
945               	-1.1904656440e-02	3.1607971748e-02	4.7779846067e-01	2.2699457390e-01	2.5080388678e-01
946               	-1.2381216801e-02	3.1860935843e-02	4.7656284495e-01	2.2590020567e-01	2.5066263927e-01
947               	-1.1998759424e-02	3.2373828713e-02	4.7724899023e-01	2.2662573569e-01	2.5062325454e-01
948               	-1.0930693623e-02	3.3271202369e-02	4.7928289301e-01	2.2871075288e-01	2.5057214013e-01
949               	-9.1556853105e-03	3.4111139602e-02	4.8292071517e-01	2.3230467227e-01	2.5061604289e-01
950               	-6.7882842421e-03	3.5390109081e-02	4.8793661034e-01	2.3718002093e-01	2.5075658941e-01
951               	-4.0205710015e-03	3.6570284857e-02	4.9397272486e-01	2.4296579143e-01	2.5100693343e-01
952               	-1.2664726858e-03	3.7588660144e-02	5.0004347633e-01	2.4875526548e-01	2.5128821085e-01
953               	1.2925155340e-03	3.8557892443e-02	5.0579868676e-01	2.5419185892e-01	2.5160682785e-01
954               	3.1643205696e-03	3.9061422928e-02	5.0995946285e-01	2.5814405200e-01	2.5181541086e-01
955               	4.1489691798e-03	3.9088275476e-02	5.1204228399e-01	2.6017011117e-01	2.5187217281e-01
956               	4.1500526611e-03	3.8744987835e-02	5.1185229846e-01	2.6007620189e-01	2.5177609657e-01
957               	3.4424916535e-03	3.8106888487e-02	5.1028828393e-01	2.5858663362e-01	2.5170165031e-01
958               	2.1024723450e-03	3.7350172890e-02	5.0735952993e-01	2.5578223731e-01	2.5157729262e-01
959               	1.0851419722e-04	3.6239238987e-02	5.0296295105e-01	2.5158998972e-01	2.5137296133e-01
960               	-2.2904113990e-03	3.5145806021e-02	4.9760476271e-01	2.4651196996e-01	2.5109279276e-01
961               	-5.0181812437e-03	3.4021436590e-02	4.9138333543e-01	2.4067348647e-01	2.5070984896e-01
962               	-7.8587042500e-03	3.2980583644e-02	4.8467772549e-01	2.3448015850e-01	2.5019756700e-01
963               	-1.0125099369e-02	3.2244670778e-02	4.7931279051e-01	2.2953129589e-01	2.4978149462e-01
964               	-1.1639910739e-02	3.1972030527e-02	4.7570690096e-01	2.2621353974e-01	2.4949336122e-01
965               	-1.2197594390e-02	3.2104361810e-02	4.7429651415e-01	2.2495066268e-01	2.4934585146e-01
966               	-1.1840245060e-02	3.2629423295e-02	4.7492608046e-01	2.2562279517e-01	2.4930328529e-01
967               	-1.0840618633e-02	3.3316699111e-02	4.7685386516e-01	2.2758631395e-01	2.4926755121e-01
968               	-9.1144882865e-03	3.4469432953e-02	4.8037093939e-01	2.3107098141e-01	2.4929995798e-01
969               	-6.8072632320e-03	3.5433025941e-02	4.8528916345e-01	2.3583731849e-01	2.4945184496e-01
970               	-4.0794095112e-03	3.6702858400e-02	4.9121886133e-01	2.4153002116e-01	2.4968884018e-01
971               	-1.3645353998e-03	3.7886722348e-02	4.9719459685e-01	2.4723276303e-01	2.4996183383e-01
972               	1.1599505451e-03	3.8612615723e-02	5.0289788522e-01	2.5260889316e-01	2.5028899207e-01
973               	3.0436391319e-03	3.9133599684e-02	5.0706785528e-01	2.5657756677e-01	2.5049028851e-01
974               	4.0293133566e-03	3.9327314236e-02	5.0915977064e-01	2.5860919868e-01	2.5055057196e-01
975               	4.0699647492e-03	3.8993665179e-02	5.0904428110e-01	2.5859210530e-01	2.5045217580e-01
976               	3.4288152427e-03	3.8347925515e-02	5.0758915824e-01	2.5722339436e-01	2.5036576388e-01
977               	2.1260141299e-03	3.7598817988e-02	5.0477351731e-01	2.5451277278e-01	2.5026074452e-01
978               	1.9422997906e-04	3.6508401603e-02	5.0052172922e-01	2.5045509459e-01	2.5006663463e-01
979               	-2.1441971382e-03	3.5397899184e-02	4.9532452216e-01	2.4551806394e-01	2.4980645822e-01
980               	-4.8198253107e-03	3.4275756680e-02	4.8923710378e-01	2.3979872658e-01	2.4943837720e-01
981               	-7.6066673087e-03	3.3219767614e-02	4.8263516019e-01	2.3371091278e-01	2.4892424740e-01
982               	-9.8621354786e-03	3.2595568323e-02	4.7730858602e-01	2.2879215753e-01	2.4851642849e-01
983               	-1.1374465871e-02	3.2294467819e-02	4.7370364639e-01	2.2547735732e-01	2.4822628906e-01
984               	-1.1980006442e-02	3.2371445724e-02	4.7222495259e-01	2.2413246986e-01	2.4809248274e-01
985               	-1.1666310412e-02	3.2845075745e-02	4.7277926463e-01	2.2472332190e-01	2.4805594273e-01
986               	-1.0741038348e-02	3.3580950775e-02	4.7459317867e-01	2.2655555099e-01	2.4803762768e-01
987               	-9.0749405032e-03	3.4497235965e-02	4.7798655245e-01	2.2991833572e-01	2.4806821673e-01
988               	-6.8256304617e-03	3.5673501971e-02	4.8273681354e-01	2.3454277631e-01	2.4819403723e-01
989               	-4.1711526121e-03	3.6927699809e-02	4.8852035255e-01	2.4008902366e-01	2.4843132889e-01
990               	-1.5019683636e-03	3.7890746261e-02	4.9440924212e-01	2.4570265270e-01	2.4870658942e-01
991               	9.9933482783e-04	3.8791430277e-02	5.0003703808e-01	2.5101785387e-01	2.4901918421e-01
992               	2.8763777639e-03	3.9277095000e-02	5.0419798602e-01	2.5497537078e-01	2.4922261525e-01
993               	3.9023356839e-03	3.9413264437e-02	5.0634737436e-01	2.5707602286e-01	2.4927135150e-01
994               	3.9877467322e-03	3.9192601396e-02	5.0636765662e-01	2.5717157504e-01	2.4919608158e-01
995               	3.3932487938e-03	3.8583068926e-02	5.0502083215e-01	2.5590366487e-01	2.4911716728e-01
996               	2.1473949499e-03	3.7707427709e-02	5.0235288723e-01	2.5332383856e-01	2.4902904866e-01
997               	2.9507216621e-04	3.6779780210e-02	4.9824793582e-01	2.4941904008e-01	2.4882889574e-01
998               	-1.9819021931e-03	3.5734384600e-02	4.9319626896e-01	2.4461623229e-01	2.4858003668e-01
999               	-4.5990363599e-03	3.4496412430e-02	4.8725214690e-01	2.3902703709e-01	2.4822510981e-01
1000              	-7.3516974191e-03	3.3570778835e-02	4.8075499936e-01	2.3302580226e-01	2.4772919710e-01
