# Created by FreeCAD <https://www.freecad.org>
v -11.000000 41.799999 7.400000
v -53.799999 41.799999 0.000000
v -53.799999 41.799999 17.500000
v -11.000000 41.799999 13.400000
v 53.799999 41.799999 17.500000
v 11.000000 41.799999 7.400000
v 11.000000 41.799999 13.400000
v 53.799999 41.799999 0.000000
v -51.000000 39.000000 17.500000
v -53.799999 -41.799999 17.500000
v -51.000000 -39.000000 17.500000
v 51.000000 -39.000000 17.500000
v 53.799999 -41.799999 17.500000
v 51.000000 39.000000 17.500000
v -11.000000 39.000000 7.400000
v -51.000000 39.000000 2.800000
v -11.000000 39.000000 13.400000
v 11.000000 39.000000 13.400000
v 11.000000 39.000000 7.400000
v 51.000000 39.000000 2.800000
v -42.593800 -30.274700 2.800000
v -51.000000 -39.000000 2.800000
v -42.439499 -30.439501 2.800000
v -42.274700 -30.593800 2.800000
v -42.100201 -30.737101 2.800000
v -42.737099 -30.100201 2.800000
v -42.868599 -29.916700 2.800000
v -41.916698 -30.868601 2.800000
v -42.987801 -29.725000 2.800000
v -41.724998 -30.987801 2.800000
v -41.525902 -31.094200 2.800000
v -43.094200 -29.525900 2.800000
v -41.320301 -31.187401 2.800000
v -43.187401 -29.320299 2.800000
v -41.109001 -31.266899 2.800000
v -43.266899 -29.108999 2.800000
v -43.332401 -28.892900 2.800000
v -40.892899 -31.332399 2.800000
v -43.383701 -28.673100 2.800000
v -40.673100 -31.383699 2.800000
v -43.420502 -28.450300 2.800000
v -40.450298 -31.420500 2.800000
v -40.225601 -31.442600 2.800000
v -43.442600 -28.225599 2.800000
v -40.000000 -31.450001 2.800000
v -43.450001 -28.000000 2.800000
v -43.442600 -27.774401 2.800000
v -39.774399 -31.442600 2.800000
v -43.420502 -27.549700 2.800000
v -39.549702 -31.420500 2.800000
v -43.383701 -27.326900 2.800000
v -39.326900 -31.383699 2.800000
v -43.332401 -27.107100 2.800000
v -39.107101 -31.332399 2.800000
v -43.266899 -26.891001 2.800000
v -38.890999 -31.266899 2.800000
v -43.187401 -26.679701 2.800000
v -38.679699 -31.187401 2.800000
v -43.094200 -26.474100 2.800000
v -38.474098 -31.094200 2.800000
v -42.593800 25.725300 2.800000
v -42.593800 -25.725300 2.800000
v -42.439499 -25.560499 2.800000
v -42.439499 25.560499 2.800000
v -42.274700 25.406200 2.800000
v -42.274700 -25.406200 2.800000
v -42.100201 25.262899 2.800000
v -42.100201 -25.262899 2.800000
v -42.737099 25.899799 2.800000
v -42.868599 -26.083300 2.800000
v -42.737099 -25.899799 2.800000
v -42.868599 26.083300 2.800000
v -41.916698 25.131399 2.800000
v -41.916698 -25.131399 2.800000
v -42.987801 26.275000 2.800000
v -42.987801 -26.275000 2.800000
v -41.724998 25.012199 2.800000
v -41.724998 -25.012199 2.800000
v -41.525902 -24.905800 2.800000
v -41.525902 24.905800 2.800000
v -41.320301 -24.812599 2.800000
v -43.094200 26.474100 2.800000
v -41.320301 24.812599 2.800000
v -41.109001 24.733101 2.800000
v -41.109001 -24.733101 2.800000
v -40.892899 -24.667601 2.800000
v -40.892899 24.667601 2.800000
v -40.673100 24.616301 2.800000
v -40.673100 -24.616301 2.800000
v -40.450298 24.579500 2.800000
v -40.450298 -24.579500 2.800000
v -40.225601 24.557400 2.800000
v -40.225601 -24.557400 2.800000
v -40.000000 24.549999 2.800000
v -40.000000 -24.549999 2.800000
v -39.774399 24.557400 2.800000
v -39.774399 -24.557400 2.800000
v -39.549702 24.579500 2.800000
v -39.549702 -24.579500 2.800000
v -39.326900 24.616301 2.800000
v -39.326900 -24.616301 2.800000
v -39.107101 24.667601 2.800000
v -39.107101 -24.667601 2.800000
v -38.890999 24.733101 2.800000
v -38.890999 -24.733101 2.800000
v -38.679699 24.812599 2.800000
v -38.679699 -24.812599 2.800000
v -38.474098 24.905800 2.800000
v -38.474098 -24.905800 2.800000
v -38.275002 -25.012199 2.800000
v -38.275002 25.012199 2.800000
v -38.083302 25.131399 2.800000
v -38.083302 -25.131399 2.800000
v -37.899799 25.262899 2.800000
v -37.899799 -25.262899 2.800000
v -37.725300 25.406200 2.800000
v -37.725300 -25.406200 2.800000
v -37.560501 25.560499 2.800000
v -37.560501 -25.560499 2.800000
v -43.187401 26.679701 2.800000
v -43.266899 26.891001 2.800000
v -43.332401 27.107100 2.800000
v -43.383701 27.326900 2.800000
v -43.420502 27.549700 2.800000
v -43.442600 27.774401 2.800000
v -43.450001 28.000000 2.800000
v -43.442600 28.225599 2.800000
v -43.420502 28.450300 2.800000
v -43.383701 28.673100 2.800000
v -43.332401 28.892900 2.800000
v -43.266899 29.108999 2.800000
v -43.187401 29.320299 2.800000
v -43.094200 29.525900 2.800000
v -42.987801 29.725000 2.800000
v -42.868599 29.916700 2.800000
v -42.737099 30.100201 2.800000
v -42.593800 30.274700 2.800000
v -42.439499 30.439501 2.800000
v -37.406200 25.725300 2.800000
v -37.406200 -25.725300 2.800000
v -42.274700 30.593800 2.800000
v -37.262901 25.899799 2.800000
v -37.262901 -25.899799 2.800000
v -42.100201 30.737101 2.800000
v -37.131401 26.083300 2.800000
v -37.131401 -26.083300 2.800000
v -41.916698 30.868601 2.800000
v -41.724998 30.987801 2.800000
v -41.525902 31.094200 2.800000
v -41.320301 31.187401 2.800000
v -41.109001 31.266899 2.800000
v -40.892899 31.332399 2.800000
v -40.673100 31.383699 2.800000
v -40.450298 31.420500 2.800000
v -40.225601 31.442600 2.800000
v -40.000000 31.450001 2.800000
v -39.774399 31.442600 2.800000
v -39.549702 31.420500 2.800000
v -39.326900 31.383699 2.800000
v -39.107101 31.332399 2.800000
v -38.890999 31.266899 2.800000
v -38.679699 31.187401 2.800000
v -38.474098 31.094200 2.800000
v 37.725300 -30.593800 2.800000
v 37.560501 -30.439501 2.800000
v -37.560501 -30.439501 2.800000
v -37.725300 -30.593800 2.800000
v 37.406200 -30.274700 2.800000
v -37.406200 -30.274700 2.800000
v 37.899799 -30.737101 2.800000
v -37.899799 -30.737101 2.800000
v 37.262901 -30.100201 2.800000
v -37.262901 -30.100201 2.800000
v 38.083302 -30.868601 2.800000
v -38.083302 -30.868601 2.800000
v -38.275002 -30.987801 2.800000
v 37.131401 -29.916700 2.800000
v -37.131401 -29.916700 2.800000
v 37.012199 -29.725000 2.800000
v -37.012199 -29.725000 2.800000
v 38.275002 -30.987801 2.800000
v 38.474098 -31.094200 2.800000
v 36.905800 -29.525900 2.800000
v -36.905800 -29.525900 2.800000
v 36.812599 -29.320299 2.800000
v -36.733101 -29.108999 2.800000
v -36.812599 -29.320299 2.800000
v 36.733101 -29.108999 2.800000
v -36.667599 -28.892900 2.800000
v 36.667599 -28.892900 2.800000
v 36.616299 -28.673100 2.800000
v -36.616299 -28.673100 2.800000
v 36.579498 -28.450300 2.800000
v -36.579498 -28.450300 2.800000
v 36.557400 -28.225599 2.800000
v -36.557400 -28.225599 2.800000
v 36.549999 -28.000000 2.800000
v -36.549999 -28.000000 2.800000
v 36.557400 -27.774401 2.800000
v -36.579498 -27.549700 2.800000
v -36.557400 -27.774401 2.800000
v 36.579498 -27.549700 2.800000
v 36.616299 -27.326900 2.800000
v -36.616299 -27.326900 2.800000
v 36.667599 -27.107100 2.800000
v -36.733101 -26.891001 2.800000
v -36.667599 -27.107100 2.800000
v 36.733101 -26.891001 2.800000
v 36.812599 -26.679701 2.800000
v -36.905800 -26.474100 2.800000
v -36.812599 -26.679701 2.800000
v 36.905800 -26.474100 2.800000
v 37.012199 -26.275000 2.800000
v -37.012199 -26.275000 2.800000
v 37.131401 -26.083300 2.800000
v 51.000000 -39.000000 2.800000
v 42.439499 -30.439501 2.800000
v 42.274700 -30.593800 2.800000
v 42.100201 -30.737101 2.800000
v 41.916698 -30.868601 2.800000
v 41.724998 -30.987801 2.800000
v 41.525902 -31.094200 2.800000
v 41.320301 -31.187401 2.800000
v 41.109001 -31.266899 2.800000
v 40.892899 -31.332399 2.800000
v 40.673100 -31.383699 2.800000
v 40.450298 -31.420500 2.800000
v 40.225601 -31.442600 2.800000
v 40.000000 -31.450001 2.800000
v 39.774399 -31.442600 2.800000
v 39.549702 -31.420500 2.800000
v 39.326900 -31.383699 2.800000
v 39.107101 -31.332399 2.800000
v 38.890999 -31.266899 2.800000
v 38.679699 -31.187401 2.800000
v 42.593800 -30.274700 2.800000
v 42.737099 -30.100201 2.800000
v 42.868599 -29.916700 2.800000
v 42.987801 -29.725000 2.800000
v 43.094200 -29.525900 2.800000
v 43.187401 -29.320299 2.800000
v 43.266899 -29.108999 2.800000
v 43.332401 -28.892900 2.800000
v 43.383701 -28.673100 2.800000
v 43.420502 -28.450300 2.800000
v 43.442600 -28.225599 2.800000
v 43.450001 -28.000000 2.800000
v 43.442600 -27.774401 2.800000
v 43.420502 -27.549700 2.800000
v 43.383701 -27.326900 2.800000
v 43.332401 -27.107100 2.800000
v 43.266899 -26.891001 2.800000
v 43.187401 -26.679701 2.800000
v 43.094200 -26.474100 2.800000
v 37.560501 25.560499 2.800000
v 37.406200 -25.725300 2.800000
v 37.560501 -25.560499 2.800000
v 37.725300 -25.406200 2.800000
v 37.725300 25.406200 2.800000
v 37.899799 -25.262899 2.800000
v 37.406200 25.725300 2.800000
v 37.262901 -25.899799 2.800000
v 37.899799 25.262899 2.800000
v 38.083302 -25.131399 2.800000
v 37.262901 25.899799 2.800000
v 37.131401 26.083300 2.800000
v 38.083302 25.131399 2.800000
v 37.012199 26.275000 2.800000
v -37.012199 26.275000 2.800000
v 38.275002 25.012199 2.800000
v 38.275002 -25.012199 2.800000
v 38.474098 24.905800 2.800000
v 38.474098 -24.905800 2.800000
v 36.905800 26.474100 2.800000
v -36.905800 26.474100 2.800000
v 38.679699 24.812599 2.800000
v 38.679699 -24.812599 2.800000
v 36.812599 26.679701 2.800000
v -36.812599 26.679701 2.800000
v 38.890999 24.733101 2.800000
v 38.890999 -24.733101 2.800000
v 36.733101 26.891001 2.800000
v -36.733101 26.891001 2.800000
v 36.667599 27.107100 2.800000
v -36.616299 27.326900 2.800000
v -36.667599 27.107100 2.800000
v 39.107101 24.667601 2.800000
v 39.107101 -24.667601 2.800000
v 36.616299 27.326900 2.800000
v -36.579498 27.549700 2.800000
v 39.326900 24.616301 2.800000
v 39.326900 -24.616301 2.800000
v 36.579498 27.549700 2.800000
v 39.549702 24.579500 2.800000
v 39.549702 -24.579500 2.800000
v 39.774399 -24.557400 2.800000
v 39.774399 24.557400 2.800000
v 40.000000 -24.549999 2.800000
v 36.557400 27.774401 2.800000
v -36.557400 27.774401 2.800000
v 36.549999 28.000000 2.800000
v -36.549999 28.000000 2.800000
v 40.000000 24.549999 2.800000
v 36.557400 28.225599 2.800000
v -36.557400 28.225599 2.800000
v 40.225601 24.557400 2.800000
v 40.225601 -24.557400 2.800000
v 40.450298 -24.579500 2.800000
v 36.579498 28.450300 2.800000
v -36.579498 28.450300 2.800000
v 40.450298 24.579500 2.800000
v 36.616299 28.673100 2.800000
v -36.616299 28.673100 2.800000
v 40.673100 24.616301 2.800000
v 40.673100 -24.616301 2.800000
v 36.667599 28.892900 2.800000
v -36.733101 29.108999 2.800000
v -36.667599 28.892900 2.800000
v 40.892899 24.667601 2.800000
v 40.892899 -24.667601 2.800000
v 36.733101 29.108999 2.800000
v 41.109001 24.733101 2.800000
v 41.109001 -24.733101 2.800000
v 36.812599 29.320299 2.800000
v -36.905800 29.525900 2.800000
v -36.812599 29.320299 2.800000
v 41.320301 24.812599 2.800000
v 41.320301 -24.812599 2.800000
v 41.525902 -24.905800 2.800000
v 36.905800 29.525900 2.800000
v 41.525902 24.905800 2.800000
v 41.724998 -25.012199 2.800000
v 41.724998 25.012199 2.800000
v 41.916698 -25.131399 2.800000
v 37.012199 29.725000 2.800000
v -37.012199 29.725000 2.800000
v 41.916698 25.131399 2.800000
v 42.100201 -25.262899 2.800000
v 37.131401 29.916700 2.800000
v -37.131401 29.916700 2.800000
v 42.100201 25.262899 2.800000
v 42.274700 -25.406200 2.800000
v 37.262901 30.100201 2.800000
v -37.262901 30.100201 2.800000
v 37.406200 30.274700 2.800000
v -37.406200 30.274700 2.800000
v 42.274700 25.406200 2.800000
v 42.439499 25.560499 2.800000
v 42.439499 -25.560499 2.800000
v 42.593800 -25.725300 2.800000
v 37.560501 30.439501 2.800000
v -37.560501 30.439501 2.800000
v 37.725300 30.593800 2.800000
v -37.725300 30.593800 2.800000
v 42.593800 25.725300 2.800000
v 42.737099 -25.899799 2.800000
v 42.737099 25.899799 2.800000
v 37.899799 30.737101 2.800000
v -37.899799 30.737101 2.800000
v 42.868599 26.083300 2.800000
v 42.868599 -26.083300 2.800000
v 42.987801 26.275000 2.800000
v 42.987801 -26.275000 2.800000
v 43.094200 26.474100 2.800000
v 38.474098 31.094200 2.800000
v 38.679699 31.187401 2.800000
v 38.890999 31.266899 2.800000
v 39.107101 31.332399 2.800000
v 39.326900 31.383699 2.800000
v 39.549702 31.420500 2.800000
v 39.774399 31.442600 2.800000
v 40.000000 31.450001 2.800000
v 40.225601 31.442600 2.800000
v 40.450298 31.420500 2.800000
v 40.673100 31.383699 2.800000
v 40.892899 31.332399 2.800000
v 41.109001 31.266899 2.800000
v 41.320301 31.187401 2.800000
v 41.525902 31.094200 2.800000
v 41.724998 30.987801 2.800000
v 41.916698 30.868601 2.800000
v 42.100201 30.737101 2.800000
v 42.274700 30.593800 2.800000
v 42.439499 30.439501 2.800000
v 42.593800 30.274700 2.800000
v 42.737099 30.100201 2.800000
v 42.868599 29.916700 2.800000
v 42.987801 29.725000 2.800000
v 43.094200 29.525900 2.800000
v 43.187401 29.320299 2.800000
v 43.266899 29.108999 2.800000
v 43.332401 28.892900 2.800000
v 43.383701 28.673100 2.800000
v 43.420502 28.450300 2.800000
v 43.442600 28.225599 2.800000
v 43.450001 28.000000 2.800000
v 43.442600 27.774401 2.800000
v 43.420502 27.549700 2.800000
v 43.383701 27.326900 2.800000
v 43.332401 27.107100 2.800000
v 43.266899 26.891001 2.800000
v 43.187401 26.679701 2.800000
v -38.275002 30.987801 2.800000
v -38.083302 30.868601 2.800000
v 38.275002 30.987801 2.800000
v 38.083302 30.868601 2.800000
v -38.730598 -27.025999 6.600000
v -38.797100 -26.945000 6.600000
v -38.797100 -26.945000 2.300000
v -38.730598 -27.025999 2.300000
v -38.669601 -27.111099 6.600000
v -38.669601 -27.111099 2.300000
v -41.131401 -29.131399 6.600000
v -42.593800 -30.274700 6.600000
v -42.439499 -30.439501 6.600000
v -42.274700 -30.593800 6.600000
v -41.202900 -29.055000 6.600000
v -41.055000 -29.202900 6.600000
v -41.269402 -28.974001 6.600000
v -42.737099 -30.100201 6.600000
v -40.973999 -29.269400 6.600000
v -42.100201 -30.737101 6.600000
v -40.888901 -29.330400 6.600000
v -41.916698 -30.868601 6.600000
v -41.724998 -30.987801 6.600000
v -41.330399 -28.888901 6.600000
v -42.987801 -29.725000 6.600000
v -42.868599 -29.916700 6.600000
v -41.385601 -28.799999 6.600000
v -40.799999 -29.385599 6.600000
v -41.435001 -28.707701 6.600000
v -43.187401 -29.320299 6.600000
v -43.094200 -29.525900 6.600000
v -40.707699 -29.434999 6.600000
v -41.525902 -31.094200 6.600000
v -41.320301 -31.187401 6.600000
v -40.612301 -29.478201 6.600000
v -41.109001 -31.266899 6.600000
v -41.478199 -28.612301 6.600000
v -43.266899 -29.108999 6.600000
v -40.514301 -29.515100 6.600000
v -40.892899 -31.332399 6.600000
v -41.515099 -28.514299 6.600000
v -43.332401 -28.892900 6.600000
v -41.545502 -28.414101 6.600000
v -40.414101 -29.545500 6.600000
v -41.569302 -28.312099 6.600000
v -43.420502 -28.450300 6.600000
v -43.383701 -28.673100 6.600000
v -40.312099 -29.569300 6.600000
v -40.673100 -31.383699 6.600000
v -40.450298 -31.420500 6.600000
v -40.208801 -29.586300 6.600000
v -41.586300 -28.208799 6.600000
v -41.596600 -28.104601 6.600000
v -43.442600 -28.225599 6.600000
v -43.450001 -28.000000 6.600000
v -40.104599 -29.596600 6.600000
v -40.225601 -31.442600 6.600000
v -40.000000 -31.450001 6.600000
v -40.000000 -29.600000 6.600000
v -41.599998 -28.000000 6.600000
v -39.895401 -29.596600 6.600000
v -39.774399 -31.442600 6.600000
v -39.549702 -31.420500 6.600000
v -41.596600 -27.895399 6.600000
v -43.420502 -27.549700 6.600000
v -43.442600 -27.774401 6.600000
v -41.586300 -27.791201 6.600000
v -39.791199 -29.586300 6.600000
v -41.569302 -27.687901 6.600000
v -43.332401 -27.107100 6.600000
v -43.383701 -27.326900 6.600000
v -39.687901 -29.569300 6.600000
v -39.326900 -31.383699 6.600000
v -39.107101 -31.332399 6.600000
v -41.545502 -27.585899 6.600000
v -39.585899 -29.545500 6.600000
v -39.485699 -29.515100 6.600000
v -38.890999 -31.266899 6.600000
v -41.515099 -27.485701 6.600000
v -43.266899 -26.891001 6.600000
v -39.387699 -29.478201 6.600000
v -38.679699 -31.187401 6.600000
v -41.478199 -27.387699 6.600000
v -43.187401 -26.679701 6.600000
v -39.292301 -29.434999 6.600000
v -38.474098 -31.094200 6.600000
v -38.275002 -30.987801 6.600000
v -41.435001 -27.292299 6.600000
v -42.987801 -26.275000 6.600000
v -43.094200 -26.474100 6.600000
v -41.385601 -27.200001 6.600000
v -39.200001 -29.385599 6.600000
v -39.111099 -29.330400 6.600000
v -38.083302 -30.868601 6.600000
v -37.899799 -30.737101 6.600000
v -41.330399 -27.111099 6.600000
v -42.737099 -25.899799 6.600000
v -42.868599 -26.083300 6.600000
v -39.026001 -29.269400 6.600000
v -37.725300 -30.593800 6.600000
v -41.269402 -27.025999 6.600000
v -42.593800 -25.725300 6.600000
v -38.945000 -29.202900 6.600000
v -41.202900 -26.945000 6.600000
v -41.131401 -26.868601 6.600000
v -38.868599 -29.131399 6.600000
v -37.560501 -30.439501 6.600000
v -42.439499 -25.560499 6.600000
v -37.406200 -30.274700 6.600000
v -38.730598 -28.974001 6.600000
v -38.797100 -29.055000 6.600000
v -42.274700 -25.406200 6.600000
v -41.055000 -26.797100 6.600000
v -40.973999 -26.730600 6.600000
v -37.262901 -30.100201 6.600000
v -38.669601 -28.888901 6.600000
v -42.100201 -25.262899 6.600000
v -40.888901 -26.669600 6.600000
v -37.131401 -29.916700 6.600000
v -41.916698 -25.131399 6.600000
v -37.012199 -29.725000 6.600000
v -38.564999 -28.707701 6.600000
v -38.614399 -28.799999 6.600000
v -41.724998 -25.012199 6.600000
v -40.799999 -26.614401 6.600000
v -40.707699 -26.565001 6.600000
v -41.525902 -24.905800 6.600000
v -36.905800 -29.525900 6.600000
v -41.320301 -24.812599 6.600000
v -40.612301 -26.521799 6.600000
v -36.812599 -29.320299 6.600000
v -38.521801 -28.612301 6.600000
v -41.109001 -24.733101 6.600000
v -40.514301 -26.484900 6.600000
v -36.733101 -29.108999 6.600000
v -38.484901 -28.514299 6.600000
v -40.892899 -24.667601 6.600000
v -40.414101 -26.454500 6.600000
v -40.312099 -26.430700 6.600000
v -36.667599 -28.892900 6.600000
v -38.430698 -28.312099 6.600000
v -38.454498 -28.414101 6.600000
v -40.673100 -24.616301 6.600000
v -36.616299 -28.673100 6.600000
v -40.450298 -24.579500 6.600000
v -40.208801 -26.413700 6.600000
v -40.104599 -26.403400 6.600000
v -36.579498 -28.450300 6.600000
v -38.403400 -28.104601 6.600000
v -38.413700 -28.208799 6.600000
v -40.225601 -24.557400 6.600000
v -36.557400 -28.225599 6.600000
v -40.000000 -24.549999 6.600000
v -40.000000 -26.400000 6.600000
v -39.895401 -26.403400 6.600000
v -36.549999 -28.000000 6.600000
v -38.403400 -27.895399 6.600000
v -38.400002 -28.000000 6.600000
v -36.557400 -27.774401 6.600000
v -39.774399 -24.557400 6.600000
v -39.549702 -24.579500 6.600000
v -39.791199 -26.413700 6.600000
v -39.687901 -26.430700 6.600000
v -36.579498 -27.549700 6.600000
v -38.430698 -27.687901 6.600000
v -38.413700 -27.791201 6.600000
v -39.326900 -24.616301 6.600000
v -36.616299 -27.326900 6.600000
v -39.107101 -24.667601 6.600000
v -39.585899 -26.454500 6.600000
v -39.485699 -26.484900 6.600000
v -36.667599 -27.107100 6.600000
v -38.484901 -27.485701 6.600000
v -38.454498 -27.585899 6.600000
v -36.733101 -26.891001 6.600000
v -38.521801 -27.387699 6.600000
v -38.890999 -24.733101 6.600000
v -39.387699 -26.521799 6.600000
v -36.812599 -26.679701 6.600000
v -38.564999 -27.292299 6.600000
v -38.679699 -24.812599 6.600000
v -39.292301 -26.565001 6.600000
v -36.905800 -26.474100 6.600000
v -38.474098 -24.905800 6.600000
v -38.275002 -25.012199 6.600000
v -39.200001 -26.614401 6.600000
v -39.111099 -26.669600 6.600000
v -37.012199 -26.275000 6.600000
v -38.614399 -27.200001 6.600000
v -37.131401 -26.083300 6.600000
v -38.083302 -25.131399 6.600000
v -37.262901 -25.899799 6.600000
v -37.899799 -25.262899 6.600000
v -39.026001 -26.730600 6.600000
v -37.406200 -25.725300 6.600000
v -38.868599 -26.868601 6.600000
v -37.725300 -25.406200 6.600000
v -38.945000 -26.797100 6.600000
v -37.560501 -25.560499 6.600000
v -38.564999 -27.292299 2.300000
v -38.521801 -27.387699 2.300000
v -38.484901 -27.485701 2.300000
v -38.454498 -27.585899 2.300000
v -38.413700 -27.791201 2.300000
v -38.403400 -27.895399 2.300000
v -38.403400 -28.104601 2.300000
v -38.413700 -28.208799 2.300000
v -38.430698 -28.312099 2.300000
v -38.454498 -28.414101 2.300000
v -38.521801 -28.612301 2.300000
v -38.564999 -28.707701 2.300000
v -38.669601 -28.888901 2.300000
v -38.730598 -28.974001 2.300000
v -38.797100 -29.055000 2.300000
v -38.868599 -29.131399 2.300000
v 41.269402 -27.025999 6.600000
v 41.202900 -26.945000 6.600000
v 41.202900 -26.945000 2.300000
v 41.269402 -27.025999 2.300000
v 41.330399 -27.111099 6.600000
v 41.330399 -27.111099 2.300000
v 38.868599 -29.131399 6.600000
v 37.406200 -30.274700 6.600000
v 37.560501 -30.439501 6.600000
v 37.725300 -30.593800 6.600000
v 38.797100 -29.055000 6.600000
v 38.945000 -29.202900 6.600000
v 38.730598 -28.974001 6.600000
v 37.262901 -30.100201 6.600000
v 39.026001 -29.269400 6.600000
v 37.899799 -30.737101 6.600000
v 39.111099 -29.330400 6.600000
v 38.083302 -30.868601 6.600000
v 38.275002 -30.987801 6.600000
v 38.669601 -28.888901 6.600000
v 37.012199 -29.725000 6.600000
v 37.131401 -29.916700 6.600000
v 38.614399 -28.799999 6.600000
v 39.200001 -29.385599 6.600000
v 38.564999 -28.707701 6.600000
v 36.812599 -29.320299 6.600000
v 36.905800 -29.525900 6.600000
v 39.292301 -29.434999 6.600000
v 38.474098 -31.094200 6.600000
v 38.679699 -31.187401 6.600000
v 39.387699 -29.478201 6.600000
v 38.890999 -31.266899 6.600000
v 38.521801 -28.612301 6.600000
v 36.733101 -29.108999 6.600000
v 39.485699 -29.515100 6.600000
v 39.107101 -31.332399 6.600000
v 38.484901 -28.514299 6.600000
v 36.667599 -28.892900 6.600000
v 38.454498 -28.414101 6.600000
v 39.585899 -29.545500 6.600000
v 38.430698 -28.312099 6.600000
v 36.579498 -28.450300 6.600000
v 36.616299 -28.673100 6.600000
v 39.687901 -29.569300 6.600000
v 39.326900 -31.383699 6.600000
v 39.549702 -31.420500 6.600000
v 39.791199 -29.586300 6.600000
v 38.413700 -28.208799 6.600000
v 38.403400 -28.104601 6.600000
v 36.557400 -28.225599 6.600000
v 36.549999 -28.000000 6.600000
v 39.895401 -29.596600 6.600000
v 39.774399 -31.442600 6.600000
v 40.000000 -31.450001 6.600000
v 40.000000 -29.600000 6.600000
v 38.400002 -28.000000 6.600000
v 40.104599 -29.596600 6.600000
v 40.225601 -31.442600 6.600000
v 40.450298 -31.420500 6.600000
v 38.403400 -27.895399 6.600000
v 36.579498 -27.549700 6.600000
v 36.557400 -27.774401 6.600000
v 38.413700 -27.791201 6.600000
v 40.208801 -29.586300 6.600000
v 38.430698 -27.687901 6.600000
v 36.667599 -27.107100 6.600000
v 36.616299 -27.326900 6.600000
v 40.312099 -29.569300 6.600000
v 40.673100 -31.383699 6.600000
v 40.892899 -31.332399 6.600000
v 38.454498 -27.585899 6.600000
v 40.414101 -29.545500 6.600000
v 40.514301 -29.515100 6.600000
v 41.109001 -31.266899 6.600000
v 38.484901 -27.485701 6.600000
v 36.733101 -26.891001 6.600000
v 40.612301 -29.478201 6.600000
v 41.320301 -31.187401 6.600000
v 38.521801 -27.387699 6.600000
v 36.812599 -26.679701 6.600000
v 40.707699 -29.434999 6.600000
v 41.525902 -31.094200 6.600000
v 41.724998 -30.987801 6.600000
v 38.564999 -27.292299 6.600000
v 37.012199 -26.275000 6.600000
v 36.905800 -26.474100 6.600000
v 38.614399 -27.200001 6.600000
v 40.799999 -29.385599 6.600000
v 40.888901 -29.330400 6.600000
v 41.916698 -30.868601 6.600000
v 42.100201 -30.737101 6.600000
v 38.669601 -27.111099 6.600000
v 37.262901 -25.899799 6.600000
v 37.131401 -26.083300 6.600000
v 40.973999 -29.269400 6.600000
v 42.274700 -30.593800 6.600000
v 38.730598 -27.025999 6.600000
v 37.406200 -25.725300 6.600000
v 41.055000 -29.202900 6.600000
v 38.797100 -26.945000 6.600000
v 38.868599 -26.868601 6.600000
v 41.131401 -29.131399 6.600000
v 42.439499 -30.439501 6.600000
v 37.560501 -25.560499 6.600000
v 42.593800 -30.274700 6.600000
v 41.269402 -28.974001 6.600000
v 41.202900 -29.055000 6.600000
v 37.725300 -25.406200 6.600000
v 38.945000 -26.797100 6.600000
v 39.026001 -26.730600 6.600000
v 42.737099 -30.100201 6.600000
v 41.330399 -28.888901 6.600000
v 37.899799 -25.262899 6.600000
v 39.111099 -26.669600 6.600000
v 42.868599 -29.916700 6.600000
v 38.083302 -25.131399 6.600000
v 42.987801 -29.725000 6.600000
v 41.435001 -28.707701 6.600000
v 41.385601 -28.799999 6.600000
v 38.275002 -25.012199 6.600000
v 39.200001 -26.614401 6.600000
v 39.292301 -26.565001 6.600000
v 38.474098 -24.905800 6.600000
v 43.094200 -29.525900 6.600000
v 38.679699 -24.812599 6.600000
v 39.387699 -26.521799 6.600000
v 43.187401 -29.320299 6.600000
v 41.478199 -28.612301 6.600000
v 38.890999 -24.733101 6.600000
v 39.485699 -26.484900 6.600000
v 43.266899 -29.108999 6.600000
v 41.515099 -28.514299 6.600000
v 39.107101 -24.667601 6.600000
v 39.585899 -26.454500 6.600000
v 39.687901 -26.430700 6.600000
v 43.332401 -28.892900 6.600000
v 41.569302 -28.312099 6.600000
v 41.545502 -28.414101 6.600000
v 39.326900 -24.616301 6.600000
v 43.383701 -28.673100 6.600000
v 39.549702 -24.579500 6.600000
v 39.791199 -26.413700 6.600000
v 39.895401 -26.403400 6.600000
v 43.420502 -28.450300 6.600000
v 41.596600 -28.104601 6.600000
v 41.586300 -28.208799 6.600000
v 39.774399 -24.557400 6.600000
v 43.442600 -28.225599 6.600000
v 40.000000 -24.549999 6.600000
v 40.000000 -26.400000 6.600000
v 40.104599 -26.403400 6.600000
v 43.450001 -28.000000 6.600000
v 41.596600 -27.895399 6.600000
v 41.599998 -28.000000 6.600000
v 43.442600 -27.774401 6.600000
v 40.225601 -24.557400 6.600000
v 40.450298 -24.579500 6.600000
v 40.208801 -26.413700 6.600000
v 40.312099 -26.430700 6.600000
v 43.420502 -27.549700 6.600000
v 41.569302 -27.687901 6.600000
v 41.586300 -27.791201 6.600000
v 40.673100 -24.616301 6.600000
v 43.383701 -27.326900 6.600000
v 40.892899 -24.667601 6.600000
v 40.414101 -26.454500 6.600000
v 40.514301 -26.484900 6.600000
v 43.332401 -27.107100 6.600000
v 41.515099 -27.485701 6.600000
v 41.545502 -27.585899 6.600000
v 43.266899 -26.891001 6.600000
v 41.478199 -27.387699 6.600000
v 41.109001 -24.733101 6.600000
v 40.612301 -26.521799 6.600000
v 43.187401 -26.679701 6.600000
v 41.435001 -27.292299 6.600000
v 41.320301 -24.812599 6.600000
v 40.707699 -26.565001 6.600000
v 43.094200 -26.474100 6.600000
v 41.525902 -24.905800 6.600000
v 41.724998 -25.012199 6.600000
v 40.799999 -26.614401 6.600000
v 40.888901 -26.669600 6.600000
v 42.987801 -26.275000 6.600000
v 41.385601 -27.200001 6.600000
v 42.868599 -26.083300 6.600000
v 41.916698 -25.131399 6.600000
v 42.737099 -25.899799 6.600000
v 42.100201 -25.262899 6.600000
v 40.973999 -26.730600 6.600000
v 42.593800 -25.725300 6.600000
v 41.131401 -26.868601 6.600000
v 42.274700 -25.406200 6.600000
v 41.055000 -26.797100 6.600000
v 42.439499 -25.560499 6.600000
v 41.515099 -27.485701 2.300000
v 41.545502 -27.585899 2.300000
v 41.586300 -27.791201 2.300000
v 41.596600 -27.895399 2.300000
v 41.596600 -28.104601 2.300000
v 41.586300 -28.208799 2.300000
v 41.569302 -28.312099 2.300000
v 41.545502 -28.414101 2.300000
v 41.478199 -28.612301 2.300000
v 41.435001 -28.707701 2.300000
v 41.330399 -28.888901 2.300000
v 41.269402 -28.974001 2.300000
v 41.202900 -29.055000 2.300000
v 41.131401 -29.131399 2.300000
v -38.669601 28.888901 6.600000
v -38.730598 28.974001 6.600000
v -38.730598 28.974001 2.300000
v -38.669601 28.888901 2.300000
v -41.131401 26.868601 6.600000
v -42.593800 25.725300 6.600000
v -42.439499 25.560499 6.600000
v -42.274700 25.406200 6.600000
v -41.202900 26.945000 6.600000
v -41.055000 26.797100 6.600000
v -41.269402 27.025999 6.600000
v -42.737099 25.899799 6.600000
v -40.973999 26.730600 6.600000
v -42.100201 25.262899 6.600000
v -40.888901 26.669600 6.600000
v -41.916698 25.131399 6.600000
v -41.724998 25.012199 6.600000
v -41.330399 27.111099 6.600000
v -42.987801 26.275000 6.600000
v -42.868599 26.083300 6.600000
v -41.385601 27.200001 6.600000
v -40.799999 26.614401 6.600000
v -41.435001 27.292299 6.600000
v -43.187401 26.679701 6.600000
v -43.094200 26.474100 6.600000
v -40.707699 26.565001 6.600000
v -41.525902 24.905800 6.600000
v -41.320301 24.812599 6.600000
v -40.612301 26.521799 6.600000
v -41.109001 24.733101 6.600000
v -41.478199 27.387699 6.600000
v -43.266899 26.891001 6.600000
v -40.514301 26.484900 6.600000
v -40.892899 24.667601 6.600000
v -41.515099 27.485701 6.600000
v -43.332401 27.107100 6.600000
v -41.545502 27.585899 6.600000
v -40.414101 26.454500 6.600000
v -41.569302 27.687901 6.600000
v -43.420502 27.549700 6.600000
v -43.383701 27.326900 6.600000
v -40.312099 26.430700 6.600000
v -40.673100 24.616301 6.600000
v -40.450298 24.579500 6.600000
v -40.208801 26.413700 6.600000
v -41.586300 27.791201 6.600000
v -41.596600 27.895399 6.600000
v -43.442600 27.774401 6.600000
v -43.450001 28.000000 6.600000
v -40.104599 26.403400 6.600000
v -40.225601 24.557400 6.600000
v -40.000000 24.549999 6.600000
v -40.000000 26.400000 6.600000
v -41.599998 28.000000 6.600000
v -39.895401 26.403400 6.600000
v -39.774399 24.557400 6.600000
v -39.549702 24.579500 6.600000
v -41.596600 28.104601 6.600000
v -43.420502 28.450300 6.600000
v -43.442600 28.225599 6.600000
v -41.586300 28.208799 6.600000
v -39.791199 26.413700 6.600000
v -41.569302 28.312099 6.600000
v -43.332401 28.892900 6.600000
v -43.383701 28.673100 6.600000
v -39.687901 26.430700 6.600000
v -39.326900 24.616301 6.600000
v -39.107101 24.667601 6.600000
v -41.545502 28.414101 6.600000
v -39.585899 26.454500 6.600000
v -39.485699 26.484900 6.600000
v -38.890999 24.733101 6.600000
v -41.515099 28.514299 6.600000
v -43.266899 29.108999 6.600000
v -39.387699 26.521799 6.600000
v -38.679699 24.812599 6.600000
v -41.478199 28.612301 6.600000
v -43.187401 29.320299 6.600000
v -39.292301 26.565001 6.600000
v -38.474098 24.905800 6.600000
v -38.275002 25.012199 6.600000
v -41.435001 28.707701 6.600000
v -42.987801 29.725000 6.600000
v -43.094200 29.525900 6.600000
v -41.385601 28.799999 6.600000
v -39.200001 26.614401 6.600000
v -39.111099 26.669600 6.600000
v -38.083302 25.131399 6.600000
v -37.899799 25.262899 6.600000
v -41.330399 28.888901 6.600000
v -42.737099 30.100201 6.600000
v -42.868599 29.916700 6.600000
v -39.026001 26.730600 6.600000
v -37.725300 25.406200 6.600000
v -41.269402 28.974001 6.600000
v -42.593800 30.274700 6.600000
v -38.945000 26.797100 6.600000
v -41.202900 29.055000 6.600000
v -41.131401 29.131399 6.600000
v -38.868599 26.868601 6.600000
v -37.560501 25.560499 6.600000
v -42.439499 30.439501 6.600000
v -37.406200 25.725300 6.600000
v -38.730598 27.025999 6.600000
v -38.797100 26.945000 6.600000
v -42.274700 30.593800 6.600000
v -41.055000 29.202900 6.600000
v -40.973999 29.269400 6.600000
v -37.262901 25.899799 6.600000
v -38.669601 27.111099 6.600000
v -42.100201 30.737101 6.600000
v -40.888901 29.330400 6.600000
v -37.131401 26.083300 6.600000
v -41.916698 30.868601 6.600000
v -37.012199 26.275000 6.600000
v -38.564999 27.292299 6.600000
v -38.614399 27.200001 6.600000
v -41.724998 30.987801 6.600000
v -40.799999 29.385599 6.600000
v -40.707699 29.434999 6.600000
v -41.525902 31.094200 6.600000
v -36.905800 26.474100 6.600000
v -41.320301 31.187401 6.600000
v -40.612301 29.478201 6.600000
v -36.812599 26.679701 6.600000
v -38.521801 27.387699 6.600000
v -41.109001 31.266899 6.600000
v -40.514301 29.515100 6.600000
v -36.733101 26.891001 6.600000
v -38.484901 27.485701 6.600000
v -40.892899 31.332399 6.600000
v -40.414101 29.545500 6.600000
v -40.312099 29.569300 6.600000
v -36.667599 27.107100 6.600000
v -38.430698 27.687901 6.600000
v -38.454498 27.585899 6.600000
v -40.673100 31.383699 6.600000
v -36.616299 27.326900 6.600000
v -40.450298 31.420500 6.600000
v -40.208801 29.586300 6.600000
v -40.104599 29.596600 6.600000
v -36.579498 27.549700 6.600000
v -38.403400 27.895399 6.600000
v -38.413700 27.791201 6.600000
v -40.225601 31.442600 6.600000
v -36.557400 27.774401 6.600000
v -40.000000 31.450001 6.600000
v -40.000000 29.600000 6.600000
v -39.895401 29.596600 6.600000
v -36.549999 28.000000 6.600000
v -38.403400 28.104601 6.600000
v -38.400002 28.000000 6.600000
v -36.557400 28.225599 6.600000
v -39.774399 31.442600 6.600000
v -39.549702 31.420500 6.600000
v -39.791199 29.586300 6.600000
v -39.687901 29.569300 6.600000
v -36.579498 28.450300 6.600000
v -38.430698 28.312099 6.600000
v -38.413700 28.208799 6.600000
v -39.326900 31.383699 6.600000
v -36.616299 28.673100 6.600000
v -39.107101 31.332399 6.600000
v -39.585899 29.545500 6.600000
v -39.485699 29.515100 6.600000
v -36.667599 28.892900 6.600000
v -38.484901 28.514299 6.600000
v -38.454498 28.414101 6.600000
v -36.733101 29.108999 6.600000
v -38.521801 28.612301 6.600000
v -38.890999 31.266899 6.600000
v -39.387699 29.478201 6.600000
v -36.812599 29.320299 6.600000
v -38.564999 28.707701 6.600000
v -38.679699 31.187401 6.600000
v -39.292301 29.434999 6.600000
v -36.905800 29.525900 6.600000
v -38.474098 31.094200 6.600000
v -38.275002 30.987801 6.600000
v -39.200001 29.385599 6.600000
v -39.111099 29.330400 6.600000
v -37.012199 29.725000 6.600000
v -38.614399 28.799999 6.600000
v -37.131401 29.916700 6.600000
v -38.083302 30.868601 6.600000
v -37.262901 30.100201 6.600000
v -37.899799 30.737101 6.600000
v -39.026001 29.269400 6.600000
v -37.406200 30.274700 6.600000
v -38.868599 29.131399 6.600000
v -38.797100 29.055000 6.600000
v -37.725300 30.593800 6.600000
v -38.945000 29.202900 6.600000
v -37.560501 30.439501 6.600000
v -38.564999 28.707701 2.300000
v -38.521801 28.612301 2.300000
v -38.484901 28.514299 2.300000
v -38.413700 28.208799 2.300000
v -38.403400 28.104601 2.300000
v -38.413700 27.791201 2.300000
v -38.430698 27.687901 2.300000
v -38.454498 27.585899 2.300000
v -38.484901 27.485701 2.300000
v -38.521801 27.387699 2.300000
v -38.564999 27.292299 2.300000
v -38.614399 27.200001 2.300000
v -38.730598 27.025999 2.300000
v -38.797100 26.945000 2.300000
v 41.330399 28.888901 6.600000
v 41.269402 28.974001 6.600000
v 41.269402 28.974001 2.300000
v 41.330399 28.888901 2.300000
v 38.868599 26.868601 6.600000
v 37.406200 25.725300 6.600000
v 37.560501 25.560499 6.600000
v 37.725300 25.406200 6.600000
v 38.797100 26.945000 6.600000
v 38.945000 26.797100 6.600000
v 38.730598 27.025999 6.600000
v 37.262901 25.899799 6.600000
v 39.026001 26.730600 6.600000
v 37.899799 25.262899 6.600000
v 39.111099 26.669600 6.600000
v 38.083302 25.131399 6.600000
v 38.275002 25.012199 6.600000
v 38.669601 27.111099 6.600000
v 37.012199 26.275000 6.600000
v 37.131401 26.083300 6.600000
v 38.614399 27.200001 6.600000
v 39.200001 26.614401 6.600000
v 38.564999 27.292299 6.600000
v 36.812599 26.679701 6.600000
v 36.905800 26.474100 6.600000
v 39.292301 26.565001 6.600000
v 38.474098 24.905800 6.600000
v 38.679699 24.812599 6.600000
v 39.387699 26.521799 6.600000
v 38.890999 24.733101 6.600000
v 38.521801 27.387699 6.600000
v 36.733101 26.891001 6.600000
v 39.485699 26.484900 6.600000
v 39.107101 24.667601 6.600000
v 38.484901 27.485701 6.600000
v 36.667599 27.107100 6.600000
v 38.454498 27.585899 6.600000
v 39.585899 26.454500 6.600000
v 38.430698 27.687901 6.600000
v 36.579498 27.549700 6.600000
v 36.616299 27.326900 6.600000
v 39.687901 26.430700 6.600000
v 39.326900 24.616301 6.600000
v 39.549702 24.579500 6.600000
v 39.791199 26.413700 6.600000
v 38.413700 27.791201 6.600000
v 38.403400 27.895399 6.600000
v 36.557400 27.774401 6.600000
v 36.549999 28.000000 6.600000
v 39.895401 26.403400 6.600000
v 39.774399 24.557400 6.600000
v 40.000000 24.549999 6.600000
v 40.000000 26.400000 6.600000
v 38.400002 28.000000 6.600000
v 40.104599 26.403400 6.600000
v 40.225601 24.557400 6.600000
v 40.450298 24.579500 6.600000
v 38.403400 28.104601 6.600000
v 36.579498 28.450300 6.600000
v 36.557400 28.225599 6.600000
v 38.413700 28.208799 6.600000
v 40.208801 26.413700 6.600000
v 38.430698 28.312099 6.600000
v 36.667599 28.892900 6.600000
v 36.616299 28.673100 6.600000
v 40.312099 26.430700 6.600000
v 40.673100 24.616301 6.600000
v 40.892899 24.667601 6.600000
v 38.454498 28.414101 6.600000
v 40.414101 26.454500 6.600000
v 40.514301 26.484900 6.600000
v 41.109001 24.733101 6.600000
v 38.484901 28.514299 6.600000
v 36.733101 29.108999 6.600000
v 40.612301 26.521799 6.600000
v 41.320301 24.812599 6.600000
v 38.521801 28.612301 6.600000
v 36.812599 29.320299 6.600000
v 40.707699 26.565001 6.600000
v 41.525902 24.905800 6.600000
v 41.724998 25.012199 6.600000
v 38.564999 28.707701 6.600000
v 37.012199 29.725000 6.600000
v 36.905800 29.525900 6.600000
v 38.614399 28.799999 6.600000
v 40.799999 26.614401 6.600000
v 40.888901 26.669600 6.600000
v 41.916698 25.131399 6.600000
v 42.100201 25.262899 6.600000
v 38.669601 28.888901 6.600000
v 37.262901 30.100201 6.600000
v 37.131401 29.916700 6.600000
v 40.973999 26.730600 6.600000
v 42.274700 25.406200 6.600000
v 38.730598 28.974001 6.600000
v 37.406200 30.274700 6.600000
v 41.055000 26.797100 6.600000
v 38.797100 29.055000 6.600000
v 38.868599 29.131399 6.600000
v 41.131401 26.868601 6.600000
v 42.439499 25.560499 6.600000
v 37.560501 30.439501 6.600000
v 42.593800 25.725300 6.600000
v 41.269402 27.025999 6.600000
v 41.202900 26.945000 6.600000
v 37.725300 30.593800 6.600000
v 38.945000 29.202900 6.600000
v 39.026001 29.269400 6.600000
v 42.737099 25.899799 6.600000
v 41.330399 27.111099 6.600000
v 37.899799 30.737101 6.600000
v 39.111099 29.330400 6.600000
v 42.868599 26.083300 6.600000
v 38.083302 30.868601 6.600000
v 42.987801 26.275000 6.600000
v 41.435001 27.292299 6.600000
v 41.385601 27.200001 6.600000
v 38.275002 30.987801 6.600000
v 39.200001 29.385599 6.600000
v 39.292301 29.434999 6.600000
v 38.474098 31.094200 6.600000
v 43.094200 26.474100 6.600000
v 38.679699 31.187401 6.600000
v 39.387699 29.478201 6.600000
v 43.187401 26.679701 6.600000
v 41.478199 27.387699 6.600000
v 38.890999 31.266899 6.600000
v 39.485699 29.515100 6.600000
v 43.266899 26.891001 6.600000
v 41.515099 27.485701 6.600000
v 39.107101 31.332399 6.600000
v 39.585899 29.545500 6.600000
v 39.687901 29.569300 6.600000
v 43.332401 27.107100 6.600000
v 41.569302 27.687901 6.600000
v 41.545502 27.585899 6.600000
v 39.326900 31.383699 6.600000
v 43.383701 27.326900 6.600000
v 39.549702 31.420500 6.600000
v 39.791199 29.586300 6.600000
v 39.895401 29.596600 6.600000
v 43.420502 27.549700 6.600000
v 41.596600 27.895399 6.600000
v 41.586300 27.791201 6.600000
v 39.774399 31.442600 6.600000
v 43.442600 27.774401 6.600000
v 40.000000 31.450001 6.600000
v 40.000000 29.600000 6.600000
v 40.104599 29.596600 6.600000
v 43.450001 28.000000 6.600000
v 41.596600 28.104601 6.600000
v 41.599998 28.000000 6.600000
v 43.442600 28.225599 6.600000
v 40.225601 31.442600 6.600000
v 40.450298 31.420500 6.600000
v 40.208801 29.586300 6.600000
v 40.312099 29.569300 6.600000
v 43.420502 28.450300 6.600000
v 41.569302 28.312099 6.600000
v 41.586300 28.208799 6.600000
v 40.673100 31.383699 6.600000
v 43.383701 28.673100 6.600000
v 40.892899 31.332399 6.600000
v 40.414101 29.545500 6.600000
v 40.514301 29.515100 6.600000
v 43.332401 28.892900 6.600000
v 41.515099 28.514299 6.600000
v 41.545502 28.414101 6.600000
v 43.266899 29.108999 6.600000
v 41.478199 28.612301 6.600000
v 41.109001 31.266899 6.600000
v 40.612301 29.478201 6.600000
v 43.187401 29.320299 6.600000
v 41.435001 28.707701 6.600000
v 41.320301 31.187401 6.600000
v 40.707699 29.434999 6.600000
v 43.094200 29.525900 6.600000
v 41.525902 31.094200 6.600000
v 41.724998 30.987801 6.600000
v 40.799999 29.385599 6.600000
v 40.888901 29.330400 6.600000
v 42.987801 29.725000 6.600000
v 41.385601 28.799999 6.600000
v 42.868599 29.916700 6.600000
v 41.916698 30.868601 6.600000
v 42.737099 30.100201 6.600000
v 42.100201 30.737101 6.600000
v 40.973999 29.269400 6.600000
v 42.593800 30.274700 6.600000
v 41.131401 29.131399 6.600000
v 41.202900 29.055000 6.600000
v 42.274700 30.593800 6.600000
v 41.055000 29.202900 6.600000
v 42.439499 30.439501 6.600000
v 41.435001 28.707701 2.300000
v 41.478199 28.612301 2.300000
v 41.515099 28.514299 2.300000
v 41.586300 28.208799 2.300000
v 41.596600 28.104601 2.300000
v 41.586300 27.791201 2.300000
v 41.569302 27.687901 2.300000
v 41.545502 27.585899 2.300000
v 41.515099 27.485701 2.300000
v 41.478199 27.387699 2.300000
v 41.435001 27.292299 2.300000
v 41.385601 27.200001 2.300000
v 41.269402 27.025999 2.300000
v 41.202900 26.945000 2.300000
v 53.799999 -41.799999 0.000000
v -53.799999 -41.799999 0.000000
v -40.888901 -29.330400 2.300000
v -40.973999 -29.269400 2.300000
v -38.400002 -28.000000 2.300000
v -40.208801 -29.586300 2.300000
v -40.312099 -29.569300 2.300000
v -39.585899 -29.545500 2.300000
v -39.687901 -29.569300 2.300000
v -41.131401 -29.131399 2.300000
v -41.202900 -29.055000 2.300000
v -39.387699 -29.478201 2.300000
v -39.485699 -29.515100 2.300000
v -40.208801 -26.413700 2.300000
v -40.104599 -26.403400 2.300000
v -40.312099 -26.430700 2.300000
v -41.515099 -28.514299 2.300000
v -41.545502 -28.414101 2.300000
v -41.435001 -27.292299 2.300000
v -41.385601 -27.200001 2.300000
v -39.111099 -26.669600 2.300000
v -39.026001 -26.730600 2.300000
v -40.104599 -29.596600 2.300000
v -40.799999 -29.385599 2.300000
v -39.895401 -29.596600 2.300000
v -40.000000 -29.600000 2.300000
v -40.707699 -29.434999 2.300000
v -39.895401 -26.403400 2.300000
v -39.791199 -26.413700 2.300000
v -40.612301 -26.521799 2.300000
v -40.514301 -26.484900 2.300000
v -40.000000 -26.400000 2.300000
v -38.614399 -27.200001 2.300000
v -41.596600 -28.104601 2.300000
v -41.599998 -28.000000 2.300000
v -38.430698 -27.687901 2.300000
v -39.111099 -29.330400 2.300000
v -39.200001 -29.385599 2.300000
v -41.330399 -27.111099 2.300000
v -41.269402 -27.025999 2.300000
v -41.515099 -27.485701 2.300000
v -41.478199 -27.387699 2.300000
v -40.973999 -26.730600 2.300000
v -40.888901 -26.669600 2.300000
v -41.055000 -29.202900 2.300000
v -40.707699 -26.565001 2.300000
v -41.131401 -26.868601 2.300000
v -41.055000 -26.797100 2.300000
v -39.791199 -29.586300 2.300000
v -41.586300 -27.791201 2.300000
v -41.569302 -27.687901 2.300000
v -38.945000 -26.797100 2.300000
v -38.868599 -26.868601 2.300000
v -39.200001 -26.614401 2.300000
v -39.687901 -26.430700 2.300000
v -38.484901 -28.514299 2.300000
v -40.414101 -29.545500 2.300000
v -40.514301 -29.515100 2.300000
v -38.945000 -29.202900 2.300000
v -39.026001 -29.269400 2.300000
v -40.414101 -26.454500 2.300000
v -39.485699 -26.484900 2.300000
v -39.387699 -26.521799 2.300000
v -39.292301 -26.565001 2.300000
v -41.330399 -28.888901 2.300000
v -41.385601 -28.799999 2.300000
v -41.269402 -28.974001 2.300000
v -39.585899 -26.454500 2.300000
v -41.545502 -27.585899 2.300000
v -40.612301 -29.478201 2.300000
v -41.478199 -28.612301 2.300000
v -41.435001 -28.707701 2.300000
v -41.586300 -28.208799 2.300000
v -41.569302 -28.312099 2.300000
v -41.596600 -27.895399 2.300000
v -39.292301 -29.434999 2.300000
v -41.202900 -26.945000 2.300000
v -40.799999 -26.614401 2.300000
v -38.614399 -28.799999 2.300000
v 38.797100 -29.055000 2.300000
v 38.868599 -29.131399 2.300000
v 38.945000 -29.202900 2.300000
v 38.614399 -28.799999 2.300000
v 38.669601 -28.888901 2.300000
v 38.730598 -28.974001 2.300000
v 39.200001 -29.385599 2.300000
v 39.026001 -29.269400 2.300000
v 39.111099 -29.330400 2.300000
v 39.387699 -29.478201 2.300000
v 39.292301 -29.434999 2.300000
v 38.521801 -28.612301 2.300000
v 38.564999 -28.707701 2.300000
v 39.791199 -29.586300 2.300000
v 39.485699 -29.515100 2.300000
v 39.585899 -29.545500 2.300000
v 39.687901 -29.569300 2.300000
v 38.413700 -28.208799 2.300000
v 38.430698 -28.312099 2.300000
v 38.454498 -28.414101 2.300000
v 38.484901 -28.514299 2.300000
v 40.000000 -29.600000 2.300000
v 39.895401 -29.596600 2.300000
v 38.400002 -28.000000 2.300000
v 38.403400 -28.104601 2.300000
v 38.413700 -27.791201 2.300000
v 38.403400 -27.895399 2.300000
v 40.208801 -29.586300 2.300000
v 40.104599 -29.596600 2.300000
v 38.454498 -27.585899 2.300000
v 38.430698 -27.687901 2.300000
v 40.414101 -29.545500 2.300000
v 40.312099 -29.569300 2.300000
v 38.484901 -27.485701 2.300000
v 40.514301 -29.515100 2.300000
v 40.612301 -29.478201 2.300000
v 38.521801 -27.387699 2.300000
v 38.614399 -27.200001 2.300000
v 38.564999 -27.292299 2.300000
v 40.799999 -29.385599 2.300000
v 40.707699 -29.434999 2.300000
v 38.730598 -27.025999 2.300000
v 38.669601 -27.111099 2.300000
v 40.973999 -29.269400 2.300000
v 40.888901 -29.330400 2.300000
v 38.797100 -26.945000 2.300000
v 41.055000 -29.202900 2.300000
v 38.945000 -26.797100 2.300000
v 38.868599 -26.868601 2.300000
v 39.200001 -26.614401 2.300000
v 39.111099 -26.669600 2.300000
v 39.026001 -26.730600 2.300000
v 41.385601 -28.799999 2.300000
v 39.387699 -26.521799 2.300000
v 39.292301 -26.565001 2.300000
v 39.791199 -26.413700 2.300000
v 39.687901 -26.430700 2.300000
v 39.585899 -26.454500 2.300000
v 39.485699 -26.484900 2.300000
v 41.515099 -28.514299 2.300000
v 41.599998 -28.000000 2.300000
v 40.000000 -26.400000 2.300000
v 39.895401 -26.403400 2.300000
v 40.208801 -26.413700 2.300000
v 40.104599 -26.403400 2.300000
v 40.414101 -26.454500 2.300000
v 40.312099 -26.430700 2.300000
v 41.569302 -27.687901 2.300000
v 40.514301 -26.484900 2.300000
v 41.478199 -27.387699 2.300000
v 40.612301 -26.521799 2.300000
v 40.799999 -26.614401 2.300000
v 40.707699 -26.565001 2.300000
v 41.385601 -27.200001 2.300000
v 41.435001 -27.292299 2.300000
v 40.973999 -26.730600 2.300000
v 40.888901 -26.669600 2.300000
v 41.055000 -26.797100 2.300000
v 41.131401 -26.868601 2.300000
v -41.055000 26.797100 2.300000
v -41.202900 26.945000 2.300000
v -41.131401 26.868601 2.300000
v -41.385601 27.200001 2.300000
v -41.330399 27.111099 2.300000
v -41.269402 27.025999 2.300000
v -40.799999 26.614401 2.300000
v -40.973999 26.730600 2.300000
v -40.888901 26.669600 2.300000
v -40.612301 26.521799 2.300000
v -40.707699 26.565001 2.300000
v -41.478199 27.387699 2.300000
v -41.435001 27.292299 2.300000
v -40.208801 26.413700 2.300000
v -40.514301 26.484900 2.300000
v -40.414101 26.454500 2.300000
v -40.312099 26.430700 2.300000
v -41.586300 27.791201 2.300000
v -41.569302 27.687901 2.300000
v -41.545502 27.585899 2.300000
v -41.515099 27.485701 2.300000
v -40.000000 26.400000 2.300000
v -40.104599 26.403400 2.300000
v -41.599998 28.000000 2.300000
v -41.596600 27.895399 2.300000
v -41.586300 28.208799 2.300000
v -41.596600 28.104601 2.300000
v -39.791199 26.413700 2.300000
v -39.895401 26.403400 2.300000
v -41.545502 28.414101 2.300000
v -41.569302 28.312099 2.300000
v -39.585899 26.454500 2.300000
v -39.687901 26.430700 2.300000
v -41.515099 28.514299 2.300000
v -39.485699 26.484900 2.300000
v -39.387699 26.521799 2.300000
v -41.478199 28.612301 2.300000
v -41.385601 28.799999 2.300000
v -41.435001 28.707701 2.300000
v -39.200001 26.614401 2.300000
v -39.292301 26.565001 2.300000
v -41.269402 28.974001 2.300000
v -41.330399 28.888901 2.300000
v -39.026001 26.730600 2.300000
v -39.111099 26.669600 2.300000
v -41.202900 29.055000 2.300000
v -38.945000 26.797100 2.300000
v -41.055000 29.202900 2.300000
v -41.131401 29.131399 2.300000
v -38.868599 26.868601 2.300000
v -40.799999 29.385599 2.300000
v -40.888901 29.330400 2.300000
v -40.973999 29.269400 2.300000
v -38.669601 27.111099 2.300000
v -40.612301 29.478201 2.300000
v -40.707699 29.434999 2.300000
v -40.208801 29.586300 2.300000
v -40.312099 29.569300 2.300000
v -40.414101 29.545500 2.300000
v -40.514301 29.515100 2.300000
v -38.400002 28.000000 2.300000
v -38.403400 27.895399 2.300000
v -40.000000 29.600000 2.300000
v -40.104599 29.596600 2.300000
v -39.791199 29.586300 2.300000
v -39.895401 29.596600 2.300000
v -39.585899 29.545500 2.300000
v -39.687901 29.569300 2.300000
v -38.454498 28.414101 2.300000
v -38.430698 28.312099 2.300000
v -39.485699 29.515100 2.300000
v -39.387699 29.478201 2.300000
v -39.200001 29.385599 2.300000
v -39.292301 29.434999 2.300000
v -38.614399 28.799999 2.300000
v -39.026001 29.269400 2.300000
v -39.111099 29.330400 2.300000
v -38.797100 29.055000 2.300000
v -38.945000 29.202900 2.300000
v -38.868599 29.131399 2.300000
v 38.945000 26.797100 2.300000
v 38.797100 26.945000 2.300000
v 38.868599 26.868601 2.300000
v 38.614399 27.200001 2.300000
v 38.669601 27.111099 2.300000
v 38.730598 27.025999 2.300000
v 39.200001 26.614401 2.300000
v 39.026001 26.730600 2.300000
v 39.111099 26.669600 2.300000
v 39.387699 26.521799 2.300000
v 39.292301 26.565001 2.300000
v 38.521801 27.387699 2.300000
v 38.564999 27.292299 2.300000
v 39.791199 26.413700 2.300000
v 39.485699 26.484900 2.300000
v 39.585899 26.454500 2.300000
v 39.687901 26.430700 2.300000
v 38.413700 27.791201 2.300000
v 38.430698 27.687901 2.300000
v 38.454498 27.585899 2.300000
v 38.484901 27.485701 2.300000
v 40.000000 26.400000 2.300000
v 39.895401 26.403400 2.300000
v 38.400002 28.000000 2.300000
v 38.403400 27.895399 2.300000
v 38.413700 28.208799 2.300000
v 38.403400 28.104601 2.300000
v 40.208801 26.413700 2.300000
v 40.104599 26.403400 2.300000
v 38.454498 28.414101 2.300000
v 38.430698 28.312099 2.300000
v 40.414101 26.454500 2.300000
v 40.312099 26.430700 2.300000
v 38.484901 28.514299 2.300000
v 40.514301 26.484900 2.300000
v 40.612301 26.521799 2.300000
v 38.521801 28.612301 2.300000
v 38.614399 28.799999 2.300000
v 38.564999 28.707701 2.300000
v 40.799999 26.614401 2.300000
v 40.707699 26.565001 2.300000
v 38.730598 28.974001 2.300000
v 38.669601 28.888901 2.300000
v 40.973999 26.730600 2.300000
v 40.888901 26.669600 2.300000
v 38.797100 29.055000 2.300000
v 41.055000 26.797100 2.300000
v 38.945000 29.202900 2.300000
v 38.868599 29.131399 2.300000
v 41.131401 26.868601 2.300000
v 39.200001 29.385599 2.300000
v 39.111099 29.330400 2.300000
v 39.026001 29.269400 2.300000
v 41.330399 27.111099 2.300000
v 39.387699 29.478201 2.300000
v 39.292301 29.434999 2.300000
v 39.791199 29.586300 2.300000
v 39.687901 29.569300 2.300000
v 39.585899 29.545500 2.300000
v 39.485699 29.515100 2.300000
v 41.599998 28.000000 2.300000
v 41.596600 27.895399 2.300000
v 40.000000 29.600000 2.300000
v 39.895401 29.596600 2.300000
v 40.208801 29.586300 2.300000
v 40.104599 29.596600 2.300000
v 40.414101 29.545500 2.300000
v 40.312099 29.569300 2.300000
v 41.545502 28.414101 2.300000
v 41.569302 28.312099 2.300000
v 40.514301 29.515100 2.300000
v 40.612301 29.478201 2.300000
v 40.799999 29.385599 2.300000
v 40.707699 29.434999 2.300000
v 41.385601 28.799999 2.300000
v 40.973999 29.269400 2.300000
v 40.888901 29.330400 2.300000
v 41.202900 29.055000 2.300000
v 41.055000 29.202900 2.300000
v 41.131401 29.131399 2.300000
v 53.799999 -41.799999 20.400000
v 53.799999 41.799999 17.600000
v 53.799999 41.799999 20.400000
v 53.799999 -41.799999 17.600000
v -23.879601 -13.648400 20.400000
v -53.799999 -41.799999 20.400000
v -23.767799 -13.767800 20.400000
v -23.648399 -13.879600 20.400000
v -23.983400 -13.521900 20.400000
v -23.521900 -13.983400 20.400000
v -23.388901 -14.078700 20.400000
v -24.078699 -13.388900 20.400000
v -23.250000 -14.165100 20.400000
v -24.165100 -13.250000 20.400000
v -24.242201 -13.105700 20.400000
v -23.105700 -14.242200 20.400000
v -24.309700 -12.956700 20.400000
v -22.956699 -14.309700 20.400000
v -22.803600 -14.367300 20.400000
v -24.367300 -12.803600 20.400000
v -24.414801 -12.647000 20.400000
v -22.646999 -14.414800 20.400000
v -24.452000 -12.487700 20.400000
v -22.487700 -14.452000 20.400000
v -22.326300 -14.478600 20.400000
v -24.478600 -12.326300 20.400000
v -22.163500 -14.494600 20.400000
v -24.494600 -12.163500 20.400000
v -22.000000 -14.500000 20.400000
v -24.500000 -12.000000 20.400000
v -21.836500 -14.494600 20.400000
v -24.494600 -11.836500 20.400000
v -21.673700 -14.478600 20.400000
v -24.478600 -11.673700 20.400000
v -21.512300 -14.452000 20.400000
v -24.452000 -11.512300 20.400000
v -24.414801 -11.353000 20.400000
v -7.767770 -13.767800 20.400000
v -20.232201 -13.767800 20.400000
v -20.351601 -13.879600 20.400000
v -7.879600 -13.648400 20.400000
v -20.016600 -13.521900 20.400000
v -20.120399 -13.648400 20.400000
v -7.648360 -13.879600 20.400000
v -7.521900 -13.983400 20.400000
v -20.478100 -13.983400 20.400000
v -7.983380 -13.521900 20.400000
v -19.921301 -13.388900 20.400000
v -7.388930 -14.078700 20.400000
v -20.611099 -14.078700 20.400000
v -20.750000 -14.165100 20.400000
v -8.078670 -13.388900 20.400000
v -19.834900 -13.250000 20.400000
v -7.250000 -14.165100 20.400000
v -8.165060 -13.250000 20.400000
v -7.105720 -14.242200 20.400000
v -20.894300 -14.242200 20.400000
v -21.043301 -14.309700 20.400000
v -8.242180 -13.105700 20.400000
v -19.757799 -13.105700 20.400000
v -6.956710 -14.309700 20.400000
v -21.196400 -14.367300 20.400000
v -8.309700 -12.956700 20.400000
v -19.690300 -12.956700 20.400000
v -8.367320 -12.803600 20.400000
v -19.585199 -12.647000 20.400000
v -19.632700 -12.803600 20.400000
v -6.803600 -14.367300 20.400000
v -6.647050 -14.414800 20.400000
v -21.353001 -14.414800 20.400000
v -8.414810 -12.647000 20.400000
v -19.548000 -12.487700 20.400000
v -6.487730 -14.452000 20.400000
v -8.451960 -12.487700 20.400000
v -6.326310 -14.478600 20.400000
v -8.478610 -12.326300 20.400000
v -19.521400 -12.326300 20.400000
v -8.494650 -12.163500 20.400000
v -19.500000 -12.000000 20.400000
v -19.505400 -12.163500 20.400000
v -6.163510 -14.494600 20.400000
v -6.000000 -14.500000 20.400000
v -8.500000 -12.000000 20.400000
v -8.494650 -11.836500 20.400000
v -19.521400 -11.673700 20.400000
v -19.505400 -11.836500 20.400000
v -5.836490 -14.494600 20.400000
v -8.478610 -11.673700 20.400000
v -19.548000 -11.512300 20.400000
v -8.451960 -11.512300 20.400000
v -8.414810 -11.353000 20.400000
v -19.585199 -11.353000 20.400000
v -8.367320 -11.196400 20.400000
v -19.690300 -11.043300 20.400000
v -19.632700 -11.196400 20.400000
v -8.309700 -11.043300 20.400000
v -19.757799 -10.894300 20.400000
v -8.242180 -10.894300 20.400000
v -19.834900 -10.750000 20.400000
v -8.165060 -10.750000 20.400000
v -8.078670 -10.611100 20.400000
v -19.921301 -10.611100 20.400000
v -7.983380 -10.478100 20.400000
v -20.016600 -10.478100 20.400000
v -7.879600 -10.351600 20.400000
v -20.232201 -10.232200 20.400000
v -20.120399 -10.351600 20.400000
v -7.767770 -10.232200 20.400000
v -20.351601 -10.120400 20.400000
v -7.648360 -10.120400 20.400000
v -7.521900 -10.016600 20.400000
v -20.478100 -10.016600 20.400000
v -7.388930 -9.921330 20.400000
v -20.750000 -9.834940 20.400000
v -20.611099 -9.921330 20.400000
v -7.250000 -9.834940 20.400000
v -7.105720 -9.757820 20.400000
v -21.043301 -9.690300 20.400000
v -20.894300 -9.757820 20.400000
v -6.956710 -9.690300 20.400000
v -21.196400 -9.632670 20.400000
v -6.803600 -9.632670 20.400000
v -6.647050 -9.585190 20.400000
v -21.512300 -9.548040 20.400000
v -21.353001 -9.585190 20.400000
v -6.487730 -9.548040 20.400000
v -53.799999 41.799999 20.400000
v -24.367300 -11.196400 20.400000
v -24.309700 -11.043300 20.400000
v -24.242201 -10.894300 20.400000
v -24.165100 -10.750000 20.400000
v -24.078699 -10.611100 20.400000
v -23.983400 -10.478100 20.400000
v -23.879601 -10.351600 20.400000
v -23.767799 -10.232200 20.400000
v -23.648399 -10.120400 20.400000
v -23.521900 -10.016600 20.400000
v -23.388901 -9.921330 20.400000
v -23.250000 -9.834940 20.400000
v -23.105700 -9.757820 20.400000
v -22.956699 -9.690300 20.400000
v -22.803600 -9.632670 20.400000
v -22.646999 -9.585190 20.400000
v -22.487700 -9.548040 20.400000
v -22.326300 -9.521390 20.400000
v -22.163500 -9.505350 20.400000
v -22.000000 -9.500000 20.400000
v -21.836500 -9.505350 20.400000
v -21.673700 -9.521390 20.400000
v -6.326310 -9.521390 20.400000
v -6.163510 -9.505350 20.400000
v -6.000000 -9.500000 20.400000
v -5.836490 -9.505350 20.400000
v -5.673680 -9.521390 20.400000
v 8.232230 -13.767800 20.400000
v -4.120400 -13.648400 20.400000
v -4.232230 -13.767800 20.400000
v -4.351630 -13.879600 20.400000
v 8.120400 -13.648400 20.400000
v 8.351630 -13.879600 20.400000
v 8.478100 -13.983400 20.400000
v -4.478100 -13.983400 20.400000
v 8.016620 -13.521900 20.400000
v -3.921330 -13.388900 20.400000
v -4.016620 -13.521900 20.400000
v 8.611070 -14.078700 20.400000
v -4.611070 -14.078700 20.400000
v -4.750000 -14.165100 20.400000
v 7.921330 -13.388900 20.400000
v 8.750000 -14.165100 20.400000
v -4.894280 -14.242200 20.400000
v 7.834940 -13.250000 20.400000
v -3.757820 -13.105700 20.400000
v -3.834940 -13.250000 20.400000
v 8.894280 -14.242200 20.400000
v 7.757820 -13.105700 20.400000
v 9.043290 -14.309700 20.400000
v -5.043290 -14.309700 20.400000
v 7.690300 -12.956700 20.400000
v -3.632670 -12.803600 20.400000
v -3.690300 -12.956700 20.400000
v 7.632670 -12.803600 20.400000
v 9.196400 -14.367300 20.400000
v -5.196400 -14.367300 20.400000
v -5.352950 -14.414800 20.400000
v 9.352950 -14.414800 20.400000
v 7.585190 -12.647000 20.400000
v -3.548040 -12.487700 20.400000
v -3.585190 -12.647000 20.400000
v 9.512270 -14.452000 20.400000
v -5.512270 -14.452000 20.400000
v -5.673680 -14.478600 20.400000
v 7.548040 -12.487700 20.400000
v 9.673680 -14.478600 20.400000
v 7.521390 -12.326300 20.400000
v -3.521390 -12.326300 20.400000
v 7.505350 -12.163500 20.400000
v -3.505350 -12.163500 20.400000
v 7.500000 -12.000000 20.400000
v -3.505350 -11.836500 20.400000
v -3.500000 -12.000000 20.400000
v 7.505350 -11.836500 20.400000
v 7.521390 -11.673700 20.400000
v -3.548040 -11.512300 20.400000
v -3.521390 -11.673700 20.400000
v 7.548040 -11.512300 20.400000
v 7.585190 -11.353000 20.400000
v -3.632670 -11.196400 20.400000
v -3.585190 -11.353000 20.400000
v 7.632670 -11.196400 20.400000
v 7.690300 -11.043300 20.400000
v -3.757820 -10.894300 20.400000
v -3.690300 -11.043300 20.400000
v 7.757820 -10.894300 20.400000
v 7.834940 -10.750000 20.400000
v -3.921330 -10.611100 20.400000
v -3.834940 -10.750000 20.400000
v 7.921330 -10.611100 20.400000
v 8.016620 -10.478100 20.400000
v -4.120400 -10.351600 20.400000
v -4.016620 -10.478100 20.400000
v 8.120400 -10.351600 20.400000
v 8.232230 -10.232200 20.400000
v -4.232230 -10.232200 20.400000
v 8.351630 -10.120400 20.400000
v -4.478100 -10.016600 20.400000
v -4.351630 -10.120400 20.400000
v 8.478100 -10.016600 20.400000
v 8.611070 -9.921330 20.400000
v -4.750000 -9.834940 20.400000
v -4.611070 -9.921330 20.400000
v 8.750000 -9.834940 20.400000
v -4.894280 -9.757820 20.400000
v 8.894280 -9.757820 20.400000
v 9.043290 -9.690300 20.400000
v -5.043290 -9.690300 20.400000
v 9.196400 -9.632670 20.400000
v -5.352950 -9.585190 20.400000
v -5.196400 -9.632670 20.400000
v 9.352950 -9.585190 20.400000
v 9.512270 -9.548040 20.400000
v -5.512270 -9.548040 20.400000
v 9.673680 -9.521390 20.400000
v 24.120399 -13.648400 20.400000
v 11.767800 -13.767800 20.400000
v 24.232201 -13.767800 20.400000
v 11.983400 -13.521900 20.400000
v 11.879600 -13.648400 20.400000
v 24.351601 -13.879600 20.400000
v 11.648400 -13.879600 20.400000
v 24.478100 -13.983400 20.400000
v 11.521900 -13.983400 20.400000
v 24.016600 -13.521900 20.400000
v 12.078700 -13.388900 20.400000
v 24.611099 -14.078700 20.400000
v 11.388900 -14.078700 20.400000
v 11.250000 -14.165100 20.400000
v 23.921301 -13.388900 20.400000
v 24.750000 -14.165100 20.400000
v 23.834900 -13.250000 20.400000
v 12.165100 -13.250000 20.400000
v 23.757799 -13.105700 20.400000
v 12.309700 -12.956700 20.400000
v 12.242200 -13.105700 20.400000
v 24.894300 -14.242200 20.400000
v 11.105700 -14.242200 20.400000
v 10.956700 -14.309700 20.400000
v 23.690300 -12.956700 20.400000
v 25.043301 -14.309700 20.400000
v 25.196400 -14.367300 20.400000
v 10.803600 -14.367300 20.400000
v 10.647000 -14.414800 20.400000
v 23.632700 -12.803600 20.400000
v 12.367300 -12.803600 20.400000
v 23.585199 -12.647000 20.400000
v 12.452000 -12.487700 20.400000
v 12.414800 -12.647000 20.400000
v 25.353001 -14.414800 20.400000
v 23.548000 -12.487700 20.400000
v 12.478600 -12.326300 20.400000
v 25.512300 -14.452000 20.400000
v 10.487700 -14.452000 20.400000
v 23.521400 -12.326300 20.400000
v 23.505400 -12.163500 20.400000
v 12.494600 -12.163500 20.400000
v 23.500000 -12.000000 20.400000
v 12.500000 -12.000000 20.400000
v 23.505400 -11.836500 20.400000
v 12.494600 -11.836500 20.400000
v 23.521400 -11.673700 20.400000
v 12.478600 -11.673700 20.400000
v 10.326300 -14.478600 20.400000
v 10.163500 -14.494600 20.400000
v 10.000000 -14.500000 20.400000
v 9.836490 -14.494600 20.400000
v 26.326300 -14.478600 20.400000
v 26.163500 -14.494600 20.400000
v 26.000000 -14.500000 20.400000
v 25.836500 -14.494600 20.400000
v 25.673700 -14.478600 20.400000
v 26.487700 -14.452000 20.400000
v 23.548000 -11.512300 20.400000
v 12.452000 -11.512300 20.400000
v 26.646999 -14.414800 20.400000
v 23.585199 -11.353000 20.400000
v 12.367300 -11.196400 20.400000
v 12.414800 -11.353000 20.400000
v 26.803600 -14.367300 20.400000
v 23.632700 -11.196400 20.400000
v 26.956699 -14.309700 20.400000
v 23.690300 -11.043300 20.400000
v 12.309700 -11.043300 20.400000
v 23.757799 -10.894300 20.400000
v 12.165100 -10.750000 20.400000
v 12.242200 -10.894300 20.400000
v 27.105700 -14.242200 20.400000
v 23.834900 -10.750000 20.400000
v 12.078700 -10.611100 20.400000
v 27.250000 -14.165100 20.400000
v 23.921301 -10.611100 20.400000
v 27.388901 -14.078700 20.400000
v 24.016600 -10.478100 20.400000
v 11.983400 -10.478100 20.400000
v 27.521900 -13.983400 20.400000
v 24.120399 -10.351600 20.400000
v 11.767800 -10.232200 20.400000
v 11.879600 -10.351600 20.400000
v 27.648399 -13.879600 20.400000
v 27.767799 -13.767800 20.400000
v 24.232201 -10.232200 20.400000
v 24.351601 -10.120400 20.400000
v 11.648400 -10.120400 20.400000
v 27.879601 -13.648400 20.400000
v 24.478100 -10.016600 20.400000
v 11.521900 -10.016600 20.400000
v 27.983400 -13.521900 20.400000
v 24.611099 -9.921330 20.400000
v 11.250000 -9.834940 20.400000
v 11.388900 -9.921330 20.400000
v 28.078699 -13.388900 20.400000
v 24.750000 -9.834940 20.400000
v 28.165100 -13.250000 20.400000
v 24.894300 -9.757820 20.400000
v 10.956700 -9.690300 20.400000
v 11.105700 -9.757820 20.400000
v 28.242201 -13.105700 20.400000
v 28.309700 -12.956700 20.400000
v 25.043301 -9.690300 20.400000
v 28.367300 -12.803600 20.400000
v 25.196400 -9.632670 20.400000
v 10.647000 -9.585190 20.400000
v 10.803600 -9.632670 20.400000
v 28.414801 -12.647000 20.400000
v 25.353001 -9.585190 20.400000
v 25.512300 -9.548040 20.400000
v 10.487700 -9.548040 20.400000
v 28.452000 -12.487700 20.400000
v 28.478600 -12.326300 20.400000
v 28.494600 -12.163500 20.400000
v 28.500000 -12.000000 20.400000
v 28.494600 -11.836500 20.400000
v 28.478600 -11.673700 20.400000
v 28.452000 -11.512300 20.400000
v 28.414801 -11.353000 20.400000
v 9.836490 -9.505350 20.400000
v 10.000000 -9.500000 20.400000
v 10.163500 -9.505350 20.400000
v 10.326300 -9.521390 20.400000
v 25.673700 -9.521390 20.400000
v 25.836500 -9.505350 20.400000
v 26.000000 -9.500000 20.400000
v 26.163500 -9.505350 20.400000
v 26.326300 -9.521390 20.400000
v 26.487700 -9.548040 20.400000
v 26.646999 -9.585190 20.400000
v 26.803600 -9.632670 20.400000
v 26.956699 -9.690300 20.400000
v 27.105700 -9.757820 20.400000
v 27.250000 -9.834940 20.400000
v 27.388901 -9.921330 20.400000
v 27.521900 -10.016600 20.400000
v 27.648399 -10.120400 20.400000
v 27.767799 -10.232200 20.400000
v 27.879601 -10.351600 20.400000
v 27.983400 -10.478100 20.400000
v 28.078699 -10.611100 20.400000
v 28.165100 -10.750000 20.400000
v 28.242201 -10.894300 20.400000
v 28.309700 -11.043300 20.400000
v 28.367300 -11.196400 20.400000
v 24.750000 -14.165100 17.600000
v 24.611099 -14.078700 17.600000
v 24.478100 -13.983400 17.600000
v 24.120399 -10.351600 17.600000
v 24.232201 -10.232200 17.600000
v 24.016600 -10.478100 17.600000
v 24.351601 -10.120400 17.600000
v 24.478100 -10.016600 17.600000
v 24.611099 -9.921330 17.600000
v 23.921301 -10.611100 17.600000
v 23.834900 -10.750000 17.600000
v 23.757799 -10.894300 17.600000
v 23.690300 -11.043300 17.600000
v 23.632700 -11.196400 17.600000
v 23.585199 -11.353000 17.600000
v 23.548000 -11.512300 17.600000
v 23.521400 -11.673700 17.600000
v 23.505400 -11.836500 17.600000
v 23.500000 -12.000000 17.600000
v 23.505400 -12.163500 17.600000
v 23.521400 -12.326300 17.600000
v 23.548000 -12.487700 17.600000
v 23.585199 -12.647000 17.600000
v 23.632700 -12.803600 17.600000
v 23.690300 -12.956700 17.600000
v 23.757799 -13.105700 17.600000
v 23.834900 -13.250000 17.600000
v 24.351601 -13.879600 17.600000
v 24.232201 -13.767800 17.600000
v 23.921301 -13.388900 17.600000
v 24.016600 -13.521900 17.600000
v 24.120399 -13.648400 17.600000
v 24.750000 -9.834940 17.600000
v 24.894300 -9.757820 17.600000
v 25.043301 -9.690300 17.600000
v 25.196400 -9.632670 17.600000
v 25.353001 -9.585190 17.600000
v 25.512300 -9.548040 17.600000
v 25.673700 -9.521390 17.600000
v 25.836500 -9.505350 17.600000
v 26.000000 -9.500000 17.600000
v 26.163500 -9.505350 17.600000
v 26.326300 -9.521390 17.600000
v 26.487700 -9.548040 17.600000
v 26.646999 -9.585190 17.600000
v 26.803600 -9.632670 17.600000
v 26.956699 -9.690300 17.600000
v 27.105700 -9.757820 17.600000
v 27.250000 -9.834940 17.600000
v 27.388901 -9.921330 17.600000
v 27.521900 -10.016600 17.600000
v 27.648399 -10.120400 17.600000
v 27.767799 -10.232200 17.600000
v 27.879601 -10.351600 17.600000
v 27.983400 -10.478100 17.600000
v 28.078699 -10.611100 17.600000
v 28.165100 -10.750000 17.600000
v 28.242201 -10.894300 17.600000
v 28.309700 -11.043300 17.600000
v 28.367300 -11.196400 17.600000
v 28.414801 -11.353000 17.600000
v 28.452000 -11.512300 17.600000
v 28.478600 -11.673700 17.600000
v 28.494600 -11.836500 17.600000
v 28.500000 -12.000000 17.600000
v 28.494600 -12.163500 17.600000
v 28.478600 -12.326300 17.600000
v 28.452000 -12.487700 17.600000
v 28.414801 -12.647000 17.600000
v 28.367300 -12.803600 17.600000
v 28.309700 -12.956700 17.600000
v 28.242201 -13.105700 17.600000
v 28.165100 -13.250000 17.600000
v 28.078699 -13.388900 17.600000
v 27.983400 -13.521900 17.600000
v 27.879601 -13.648400 17.600000
v 27.767799 -13.767800 17.600000
v 27.648399 -13.879600 17.600000
v 27.521900 -13.983400 17.600000
v 27.388901 -14.078700 17.600000
v 27.250000 -14.165100 17.600000
v 27.105700 -14.242200 17.600000
v 26.956699 -14.309700 17.600000
v 26.803600 -14.367300 17.600000
v 26.646999 -14.414800 17.600000
v 26.487700 -14.452000 17.600000
v 26.326300 -14.478600 17.600000
v 26.163500 -14.494600 17.600000
v 26.000000 -14.500000 17.600000
v 25.836500 -14.494600 17.600000
v 25.673700 -14.478600 17.600000
v 25.512300 -14.452000 17.600000
v 25.353001 -14.414800 17.600000
v 25.196400 -14.367300 17.600000
v 25.043301 -14.309700 17.600000
v 24.894300 -14.242200 17.600000
v 8.750000 -14.165100 17.600000
v 8.611070 -14.078700 17.600000
v 8.478100 -13.983400 17.600000
v 8.120400 -10.351600 17.600000
v 8.232230 -10.232200 17.600000
v 8.016620 -10.478100 17.600000
v 8.351630 -10.120400 17.600000
v 8.478100 -10.016600 17.600000
v 8.611070 -9.921330 17.600000
v 7.921330 -10.611100 17.600000
v 7.834940 -10.750000 17.600000
v 7.757820 -10.894300 17.600000
v 7.690300 -11.043300 17.600000
v 7.632670 -11.196400 17.600000
v 7.585190 -11.353000 17.600000
v 7.548040 -11.512300 17.600000
v 7.521390 -11.673700 17.600000
v 7.505350 -11.836500 17.600000
v 7.500000 -12.000000 17.600000
v 7.505350 -12.163500 17.600000
v 7.521390 -12.326300 17.600000
v 7.548040 -12.487700 17.600000
v 7.585190 -12.647000 17.600000
v 7.632670 -12.803600 17.600000
v 7.690300 -12.956700 17.600000
v 7.757820 -13.105700 17.600000
v 7.834940 -13.250000 17.600000
v 8.351630 -13.879600 17.600000
v 8.232230 -13.767800 17.600000
v 7.921330 -13.388900 17.600000
v 8.016620 -13.521900 17.600000
v 8.120400 -13.648400 17.600000
v 8.750000 -9.834940 17.600000
v 8.894280 -9.757820 17.600000
v 9.043290 -9.690300 17.600000
v 9.196400 -9.632670 17.600000
v 9.352950 -9.585190 17.600000
v 9.512270 -9.548040 17.600000
v 9.673680 -9.521390 17.600000
v 9.836490 -9.505350 17.600000
v 10.000000 -9.500000 17.600000
v 10.163500 -9.505350 17.600000
v 10.326300 -9.521390 17.600000
v 10.487700 -9.548040 17.600000
v 10.647000 -9.585190 17.600000
v 10.803600 -9.632670 17.600000
v 10.956700 -9.690300 17.600000
v 11.105700 -9.757820 17.600000
v 11.250000 -9.834940 17.600000
v 11.388900 -9.921330 17.600000
v 11.521900 -10.016600 17.600000
v 11.648400 -10.120400 17.600000
v 11.767800 -10.232200 17.600000
v 11.879600 -10.351600 17.600000
v 11.983400 -10.478100 17.600000
v 12.078700 -10.611100 17.600000
v 12.165100 -10.750000 17.600000
v 12.242200 -10.894300 17.600000
v 12.309700 -11.043300 17.600000
v 12.367300 -11.196400 17.600000
v 12.414800 -11.353000 17.600000
v 12.452000 -11.512300 17.600000
v 12.478600 -11.673700 17.600000
v 12.494600 -11.836500 17.600000
v 12.500000 -12.000000 17.600000
v 12.494600 -12.163500 17.600000
v 12.478600 -12.326300 17.600000
v 12.452000 -12.487700 17.600000
v 12.414800 -12.647000 17.600000
v 12.367300 -12.803600 17.600000
v 12.309700 -12.956700 17.600000
v 12.242200 -13.105700 17.600000
v 12.165100 -13.250000 17.600000
v 12.078700 -13.388900 17.600000
v 11.983400 -13.521900 17.600000
v 11.879600 -13.648400 17.600000
v 11.767800 -13.767800 17.600000
v 11.648400 -13.879600 17.600000
v 11.521900 -13.983400 17.600000
v 11.388900 -14.078700 17.600000
v 11.250000 -14.165100 17.600000
v 11.105700 -14.242200 17.600000
v 10.956700 -14.309700 17.600000
v 10.803600 -14.367300 17.600000
v 10.647000 -14.414800 17.600000
v 10.487700 -14.452000 17.600000
v 10.326300 -14.478600 17.600000
v 10.163500 -14.494600 17.600000
v 10.000000 -14.500000 17.600000
v 9.836490 -14.494600 17.600000
v 9.673680 -14.478600 17.600000
v 9.512270 -14.452000 17.600000
v 9.352950 -14.414800 17.600000
v 9.196400 -14.367300 17.600000
v 9.043290 -14.309700 17.600000
v 8.894280 -14.242200 17.600000
v -7.767770 -10.232200 17.600000
v -7.648360 -10.120400 17.600000
v -7.521900 -10.016600 17.600000
v -7.879600 -10.351600 17.600000
v -7.388930 -9.921330 17.600000
v -7.250000 -9.834940 17.600000
v -7.105720 -9.757820 17.600000
v -6.956710 -9.690300 17.600000
v -7.983380 -10.478100 17.600000
v -8.078670 -10.611100 17.600000
v -8.165060 -10.750000 17.600000
v -6.803600 -9.632670 17.600000
v -6.647050 -9.585190 17.600000
v -6.487730 -9.548040 17.600000
v -6.326310 -9.521390 17.600000
v -6.163510 -9.505350 17.600000
v -8.242180 -10.894300 17.600000
v -8.309700 -11.043300 17.600000
v -8.367320 -11.196400 17.600000
v -8.414810 -11.353000 17.600000
v -8.451960 -11.512300 17.600000
v -8.478610 -11.673700 17.600000
v -8.494650 -11.836500 17.600000
v -6.000000 -9.500000 17.600000
v -5.836490 -9.505350 17.600000
v -5.673680 -9.521390 17.600000
v -8.500000 -12.000000 17.600000
v -8.494650 -12.163500 17.600000
v -8.478610 -12.326300 17.600000
v -8.451960 -12.487700 17.600000
v -8.414810 -12.647000 17.600000
v -8.367320 -12.803600 17.600000
v -8.309700 -12.956700 17.600000
v -8.242180 -13.105700 17.600000
v -8.165060 -13.250000 17.600000
v -8.078670 -13.388900 17.600000
v -7.983380 -13.521900 17.600000
v -7.879600 -13.648400 17.600000
v -7.767770 -13.767800 17.600000
v -7.105720 -14.242200 17.600000
v -7.250000 -14.165100 17.600000
v -7.388930 -14.078700 17.600000
v -7.521900 -13.983400 17.600000
v -7.648360 -13.879600 17.600000
v -5.512270 -9.548040 17.600000
v -5.352950 -9.585190 17.600000
v -5.196400 -9.632670 17.600000
v -5.043290 -9.690300 17.600000
v -4.894280 -9.757820 17.600000
v -4.750000 -9.834940 17.600000
v -4.611070 -9.921330 17.600000
v -4.478100 -10.016600 17.600000
v -4.351630 -10.120400 17.600000
v -4.232230 -10.232200 17.600000
v -4.120400 -10.351600 17.600000
v -4.016620 -10.478100 17.600000
v -3.921330 -10.611100 17.600000
v -3.834940 -10.750000 17.600000
v -3.757820 -10.894300 17.600000
v -3.690300 -11.043300 17.600000
v -3.632670 -11.196400 17.600000
v -3.585190 -11.353000 17.600000
v -3.548040 -11.512300 17.600000
v -3.521390 -11.673700 17.600000
v -3.505350 -11.836500 17.600000
v -3.500000 -12.000000 17.600000
v -3.505350 -12.163500 17.600000
v -3.521390 -12.326300 17.600000
v -3.548040 -12.487700 17.600000
v -3.585190 -12.647000 17.600000
v -3.632670 -12.803600 17.600000
v -3.690300 -12.956700 17.600000
v -3.757820 -13.105700 17.600000
v -3.834940 -13.250000 17.600000
v -3.921330 -13.388900 17.600000
v -4.016620 -13.521900 17.600000
v -4.120400 -13.648400 17.600000
v -4.232230 -13.767800 17.600000
v -4.351630 -13.879600 17.600000
v -4.478100 -13.983400 17.600000
v -4.611070 -14.078700 17.600000
v -4.750000 -14.165100 17.600000
v -4.894280 -14.242200 17.600000
v -5.043290 -14.309700 17.600000
v -5.196400 -14.367300 17.600000
v -5.352950 -14.414800 17.600000
v -5.512270 -14.452000 17.600000
v -5.673680 -14.478600 17.600000
v -5.836490 -14.494600 17.600000
v -6.000000 -14.500000 17.600000
v -6.163510 -14.494600 17.600000
v -6.326310 -14.478600 17.600000
v -6.487730 -14.452000 17.600000
v -6.647050 -14.414800 17.600000
v -6.803600 -14.367300 17.600000
v -6.956710 -14.309700 17.600000
v -23.767799 -10.232200 17.600000
v -23.648399 -10.120400 17.600000
v -23.521900 -10.016600 17.600000
v -23.879601 -10.351600 17.600000
v -23.983400 -10.478100 17.600000
v -24.078699 -10.611100 17.600000
v -24.165100 -10.750000 17.600000
v -24.242201 -10.894300 17.600000
v -24.309700 -11.043300 17.600000
v -24.367300 -11.196400 17.600000
v -24.414801 -11.353000 17.600000
v -24.452000 -11.512300 17.600000
v -24.478600 -11.673700 17.600000
v -24.494600 -11.836500 17.600000
v -23.388901 -9.921330 17.600000
v -23.250000 -9.834940 17.600000
v -23.105700 -9.757820 17.600000
v -22.956699 -9.690300 17.600000
v -22.803600 -9.632670 17.600000
v -22.646999 -9.585190 17.600000
v -22.487700 -9.548040 17.600000
v -22.326300 -9.521390 17.600000
v -22.163500 -9.505350 17.600000
v -22.000000 -9.500000 17.600000
v -21.836500 -9.505350 17.600000
v -21.673700 -9.521390 17.600000
v -24.500000 -12.000000 17.600000
v -24.494600 -12.163500 17.600000
v -24.478600 -12.326300 17.600000
v -24.452000 -12.487700 17.600000
v -24.414801 -12.647000 17.600000
v -24.367300 -12.803600 17.600000
v -24.309700 -12.956700 17.600000
v -24.242201 -13.105700 17.600000
v -24.165100 -13.250000 17.600000
v -24.078699 -13.388900 17.600000
v -23.983400 -13.521900 17.600000
v -23.879601 -13.648400 17.600000
v -23.767799 -13.767800 17.600000
v -23.105700 -14.242200 17.600000
v -23.250000 -14.165100 17.600000
v -23.388901 -14.078700 17.600000
v -23.521900 -13.983400 17.600000
v -23.648399 -13.879600 17.600000
v -21.512300 -9.548040 17.600000
v -21.353001 -9.585190 17.600000
v -21.196400 -9.632670 17.600000
v -21.043301 -9.690300 17.600000
v -20.894300 -9.757820 17.600000
v -20.750000 -9.834940 17.600000
v -20.611099 -9.921330 17.600000
v -20.478100 -10.016600 17.600000
v -20.351601 -10.120400 17.600000
v -20.232201 -10.232200 17.600000
v -20.120399 -10.351600 17.600000
v -20.016600 -10.478100 17.600000
v -19.921301 -10.611100 17.600000
v -19.834900 -10.750000 17.600000
v -19.757799 -10.894300 17.600000
v -19.690300 -11.043300 17.600000
v -19.632700 -11.196400 17.600000
v -19.585199 -11.353000 17.600000
v -19.548000 -11.512300 17.600000
v -19.521400 -11.673700 17.600000
v -19.505400 -11.836500 17.600000
v -19.500000 -12.000000 17.600000
v -19.505400 -12.163500 17.600000
v -19.521400 -12.326300 17.600000
v -19.548000 -12.487700 17.600000
v -19.585199 -12.647000 17.600000
v -19.632700 -12.803600 17.600000
v -19.690300 -12.956700 17.600000
v -19.757799 -13.105700 17.600000
v -19.834900 -13.250000 17.600000
v -19.921301 -13.388900 17.600000
v -20.016600 -13.521900 17.600000
v -20.120399 -13.648400 17.600000
v -20.232201 -13.767800 17.600000
v -20.351601 -13.879600 17.600000
v -20.478100 -13.983400 17.600000
v -20.611099 -14.078700 17.600000
v -20.750000 -14.165100 17.600000
v -20.894300 -14.242200 17.600000
v -21.043301 -14.309700 17.600000
v -21.196400 -14.367300 17.600000
v -21.353001 -14.414800 17.600000
v -21.512300 -14.452000 17.600000
v -21.673700 -14.478600 17.600000
v -21.836500 -14.494600 17.600000
v -22.000000 -14.500000 17.600000
v -22.163500 -14.494600 17.600000
v -22.326300 -14.478600 17.600000
v -22.487700 -14.452000 17.600000
v -22.646999 -14.414800 17.600000
v -22.803600 -14.367300 17.600000
v -22.956699 -14.309700 17.600000
v -53.799999 -41.799999 17.600000
v -53.799999 41.799999 17.600000
v -47.000000 -35.000000 6.600000
v 47.000000 -35.000000 6.600000
v 47.000000 -35.000000 8.110000
v -47.000000 -35.000000 8.110000
v 47.000000 35.000000 6.600000
v 47.000000 35.000000 8.110000
v -47.000000 35.000000 8.110000
v -47.000000 35.000000 6.600000
v -41.172749 -28.935234 6.600000
v -41.020260 -29.099577 6.600000
v -40.844978 -29.239359 6.600000
v -41.299038 -28.750000 6.600000
v -40.650826 -29.351454 6.600000
v -41.396309 -28.548012 6.600000
v -40.442131 -29.433359 6.600000
v -41.462391 -28.333782 6.600000
v -40.223564 -29.483246 6.600000
v -41.495804 -28.112095 6.600000
v -40.000000 -29.500000 6.600000
v -41.495804 -27.887905 6.600000
v -39.776436 -29.483246 6.600000
v -41.462391 -27.666218 6.600000
v -39.557869 -29.433359 6.600000
v -41.396309 -27.451988 6.600000
v -39.349174 -29.351454 6.600000
v -41.299038 -27.250000 6.600000
v -39.155022 -29.239359 6.600000
v -41.020260 -26.900423 6.600000
v -41.020260 26.900423 6.600000
v -40.844978 -26.760641 6.600000
v -41.172749 27.064766 6.600000
v -41.172749 -27.064766 6.600000
v -40.844978 26.760641 6.600000
v -41.299038 27.250000 6.600000
v -40.650826 26.648546 6.600000
v -40.650826 -26.648546 6.600000
v -40.442131 26.566641 6.600000
v -40.442131 -26.566641 6.600000
v -40.223564 -26.516754 6.600000
v -40.223564 26.516754 6.600000
v -40.000000 26.500000 6.600000
v -40.000000 -26.500000 6.600000
v -39.776436 -26.516754 6.600000
v -39.776436 26.516754 6.600000
v -39.557869 26.566641 6.600000
v -39.557869 -26.566641 6.600000
v -39.349174 26.648546 6.600000
v -39.349174 -26.648546 6.600000
v -39.155022 -26.760641 6.600000
v -39.155022 26.760641 6.600000
v -38.979740 26.900423 6.600000
v -38.979740 -26.900423 6.600000
v -41.462391 28.333782 6.600000
v -41.396309 28.548012 6.600000
v -41.299038 28.750000 6.600000
v -41.172749 28.935234 6.600000
v -41.396309 27.451988 6.600000
v -41.462391 27.666218 6.600000
v -41.495804 27.887905 6.600000
v -41.495804 28.112095 6.600000
v -41.020260 29.099577 6.600000
v -38.827251 27.064766 6.600000
v -38.827251 -27.064766 6.600000
v -40.844978 29.239359 6.600000
v -40.650826 29.351454 6.600000
v -40.442131 29.433359 6.600000
v -40.223564 29.483246 6.600000
v -40.000000 29.500000 6.600000
v -39.776436 29.483246 6.600000
v -39.557869 29.433359 6.600000
v -39.349174 29.351454 6.600000
v -39.155022 29.239359 6.600000
v -38.827251 -28.935234 6.600000
v 38.979740 -29.099577 6.600000
v -38.979740 -29.099577 6.600000
v 38.827251 -28.935234 6.600000
v 39.155022 -29.239359 6.600000
v -38.603691 -28.548012 6.600000
v 38.700962 -28.750000 6.600000
v -38.700962 -28.750000 6.600000
v 38.603691 -28.548012 6.600000
v -38.537609 -28.333782 6.600000
v 38.537609 -28.333782 6.600000
v -38.504196 -28.112095 6.600000
v 38.504196 -28.112095 6.600000
v -38.504196 -27.887905 6.600000
v 38.504196 -27.887905 6.600000
v -38.537609 -27.666218 6.600000
v 38.537609 -27.666218 6.600000
v -38.603691 -27.451988 6.600000
v 38.603691 -27.451988 6.600000
v -38.700962 -27.250000 6.600000
v 38.700962 -27.250000 6.600000
v 38.827251 -27.064766 6.600000
v 40.000000 -29.500000 6.600000
v 39.776436 -29.483246 6.600000
v 39.557869 -29.433359 6.600000
v 39.349174 -29.351454 6.600000
v 41.020260 -29.099577 6.600000
v 40.844978 -29.239359 6.600000
v 40.650826 -29.351454 6.600000
v 40.442131 -29.433359 6.600000
v 40.223564 -29.483246 6.600000
v 41.172749 -28.935234 6.600000
v 41.299038 -28.750000 6.600000
v 41.396309 -28.548012 6.600000
v 41.462391 -28.333782 6.600000
v 41.495804 -28.112095 6.600000
v 41.495804 -27.887905 6.600000
v 41.462391 -27.666218 6.600000
v 41.396309 -27.451988 6.600000
v 41.299038 -27.250000 6.600000
v 38.979740 -26.900423 6.600000
v 38.979740 26.900423 6.600000
v 39.155022 -26.760641 6.600000
v 38.827251 27.064766 6.600000
v 39.155022 26.760641 6.600000
v 39.349174 -26.648546 6.600000
v -38.700962 27.250000 6.600000
v 38.700962 27.250000 6.600000
v 39.349174 26.648546 6.600000
v 38.603691 27.451988 6.600000
v -38.603691 27.451988 6.600000
v 39.557869 26.566641 6.600000
v 39.557869 -26.566641 6.600000
v -38.537609 27.666218 6.600000
v 38.537609 27.666218 6.600000
v 39.776436 26.516754 6.600000
v 39.776436 -26.516754 6.600000
v -38.504196 28.112095 6.600000
v 38.504196 27.887905 6.600000
v -38.504196 27.887905 6.600000
v 40.000000 26.500000 6.600000
v 40.000000 -26.500000 6.600000
v 40.223564 -26.516754 6.600000
v 38.504196 28.112095 6.600000
v 40.223564 26.516754 6.600000
v -38.603691 28.548012 6.600000
v 38.537609 28.333782 6.600000
v -38.537609 28.333782 6.600000
v 40.442131 26.566641 6.600000
v 40.442131 -26.566641 6.600000
v 38.603691 28.548012 6.600000
v 40.650826 26.648546 6.600000
v 40.650826 -26.648546 6.600000
v -38.700962 28.750000 6.600000
v 38.700962 28.750000 6.600000
v 40.844978 26.760641 6.600000
v 40.844978 -26.760641 6.600000
v 41.020260 -26.900423 6.600000
v -38.827251 28.935234 6.600000
v 38.827251 28.935234 6.600000
v 41.020260 26.900423 6.600000
v 41.172749 -27.064766 6.600000
v -38.979740 29.099577 6.600000
v 38.979740 29.099577 6.600000
v 41.172749 27.064766 6.600000
v 41.299038 27.250000 6.600000
v 39.155022 29.239359 6.600000
v 39.349174 29.351454 6.600000
v 39.557869 29.433359 6.600000
v 39.776436 29.483246 6.600000
v 40.000000 29.500000 6.600000
v 40.223564 29.483246 6.600000
v 40.442131 29.433359 6.600000
v 40.650826 29.351454 6.600000
v 40.844978 29.239359 6.600000
v 41.020260 29.099577 6.600000
v 41.172749 28.935234 6.600000
v 41.299038 28.750000 6.600000
v 41.396309 28.548012 6.600000
v 41.462391 28.333782 6.600000
v 41.495804 28.112095 6.600000
v 41.495804 27.887905 6.600000
v 41.462391 27.666218 6.600000
v 41.396309 27.451988 6.600000
v -41.172749 -28.935234 8.110000
v -41.020260 -29.099577 8.110000
v -40.844978 -29.239359 8.110000
v -41.299038 -28.750000 8.110000
v -40.650826 -29.351454 8.110000
v -41.396309 -28.548012 8.110000
v -40.442131 -29.433359 8.110000
v -41.462391 -28.333782 8.110000
v -40.223564 -29.483246 8.110000
v -41.495804 -28.112095 8.110000
v -40.000000 -29.500000 8.110000
v -41.495804 -27.887905 8.110000
v -39.776436 -29.483246 8.110000
v -41.462391 -27.666218 8.110000
v -39.557869 -29.433359 8.110000
v -41.396309 -27.451988 8.110000
v -39.349174 -29.351454 8.110000
v -41.299038 -27.250000 8.110000
v -39.155022 -29.239359 8.110000
v -41.020260 26.900423 8.110000
v -41.020260 -26.900423 8.110000
v -40.844978 -26.760641 8.110000
v -41.172749 27.064766 8.110000
v -41.172749 -27.064766 8.110000
v -40.844978 26.760641 8.110000
v -41.299038 27.250000 8.110000
v -40.650826 26.648546 8.110000
v -40.650826 -26.648546 8.110000
v -40.442131 26.566641 8.110000
v -40.442131 -26.566641 8.110000
v -40.223564 -26.516754 8.110000
v -40.223564 26.516754 8.110000
v -40.000000 26.500000 8.110000
v -40.000000 -26.500000 8.110000
v -39.776436 -26.516754 8.110000
v -39.776436 26.516754 8.110000
v -39.557869 26.566641 8.110000
v -39.557869 -26.566641 8.110000
v -39.349174 26.648546 8.110000
v -39.349174 -26.648546 8.110000
v -39.155022 -26.760641 8.110000
v -39.155022 26.760641 8.110000
v -38.979740 26.900423 8.110000
v -38.979740 -26.900423 8.110000
v -41.462391 28.333782 8.110000
v -41.396309 28.548012 8.110000
v -41.299038 28.750000 8.110000
v -41.172749 28.935234 8.110000
v -41.396309 27.451988 8.110000
v -41.462391 27.666218 8.110000
v -41.495804 27.887905 8.110000
v -41.495804 28.112095 8.110000
v -41.020260 29.099577 8.110000
v -38.827251 27.064766 8.110000
v -38.827251 -27.064766 8.110000
v -40.844978 29.239359 8.110000
v -40.650826 29.351454 8.110000
v -40.442131 29.433359 8.110000
v -40.223564 29.483246 8.110000
v -40.000000 29.500000 8.110000
v -39.776436 29.483246 8.110000
v -39.557869 29.433359 8.110000
v -39.349174 29.351454 8.110000
v -39.155022 29.239359 8.110000
v 38.979740 -29.099577 8.110000
v -38.827251 -28.935234 8.110000
v -38.979740 -29.099577 8.110000
v 38.827251 -28.935234 8.110000
v 39.155022 -29.239359 8.110000
v 38.700962 -28.750000 8.110000
v -38.603691 -28.548012 8.110000
v -38.700962 -28.750000 8.110000
v 38.603691 -28.548012 8.110000
v 38.537609 -28.333782 8.110000
v -38.537609 -28.333782 8.110000
v 38.504196 -28.112095 8.110000
v -38.504196 -28.112095 8.110000
v 38.504196 -27.887905 8.110000
v -38.504196 -27.887905 8.110000
v 38.537609 -27.666218 8.110000
v -38.537609 -27.666218 8.110000
v 38.603691 -27.451988 8.110000
v -38.603691 -27.451988 8.110000
v 38.700962 -27.250000 8.110000
v -38.700962 -27.250000 8.110000
v 38.827251 -27.064766 8.110000
v 40.000000 -29.500000 8.110000
v 39.776436 -29.483246 8.110000
v 39.557869 -29.433359 8.110000
v 39.349174 -29.351454 8.110000
v 41.020260 -29.099577 8.110000
v 40.844978 -29.239359 8.110000
v 40.650826 -29.351454 8.110000
v 40.442131 -29.433359 8.110000
v 40.223564 -29.483246 8.110000
v 41.172749 -28.935234 8.110000
v 41.299038 -28.750000 8.110000
v 41.396309 -28.548012 8.110000
v 41.462391 -28.333782 8.110000
v 41.495804 -28.112095 8.110000
v 41.495804 -27.887905 8.110000
v 41.462391 -27.666218 8.110000
v 41.396309 -27.451988 8.110000
v 41.299038 -27.250000 8.110000
v 38.979740 26.900423 8.110000
v 38.979740 -26.900423 8.110000
v 39.155022 -26.760641 8.110000
v 38.827251 27.064766 8.110000
v 39.155022 26.760641 8.110000
v 39.349174 -26.648546 8.110000
v 38.700962 27.250000 8.110000
v -38.700962 27.250000 8.110000
v 39.349174 26.648546 8.110000
v 38.603691 27.451988 8.110000
v -38.603691 27.451988 8.110000
v 39.557869 26.566641 8.110000
v 39.557869 -26.566641 8.110000
v 38.537609 27.666218 8.110000
v -38.537609 27.666218 8.110000
v 39.776436 26.516754 8.110000
v 39.776436 -26.516754 8.110000
v 38.504196 27.887905 8.110000
v -38.504196 28.112095 8.110000
v -38.504196 27.887905 8.110000
v 40.000000 26.500000 8.110000
v 40.000000 -26.500000 8.110000
v 40.223564 -26.516754 8.110000
v 38.504196 28.112095 8.110000
v 40.223564 26.516754 8.110000
v 38.537609 28.333782 8.110000
v -38.603691 28.548012 8.110000
v -38.537609 28.333782 8.110000
v 40.442131 26.566641 8.110000
v 40.442131 -26.566641 8.110000
v 38.603691 28.548012 8.110000
v 40.650826 26.648546 8.110000
v 40.650826 -26.648546 8.110000
v 38.700962 28.750000 8.110000
v -38.700962 28.750000 8.110000
v 40.844978 26.760641 8.110000
v 40.844978 -26.760641 8.110000
v 41.020260 -26.900423 8.110000
v 38.827251 28.935234 8.110000
v -38.827251 28.935234 8.110000
v 41.020260 26.900423 8.110000
v 41.172749 -27.064766 8.110000
v 38.979740 29.099577 8.110000
v -38.979740 29.099577 8.110000
v 41.172749 27.064766 8.110000
v 41.299038 27.250000 8.110000
v 39.155022 29.239359 8.110000
v 39.349174 29.351454 8.110000
v 39.557869 29.433359 8.110000
v 39.776436 29.483246 8.110000
v 40.000000 29.500000 8.110000
v 40.223564 29.483246 8.110000
v 40.442131 29.433359 8.110000
v 40.650826 29.351454 8.110000
v 40.844978 29.239359 8.110000
v 41.020260 29.099577 8.110000
v 41.172749 28.935234 8.110000
v 41.299038 28.750000 8.110000
v 41.396309 28.548012 8.110000
v 41.462391 28.333782 8.110000
v 41.495804 28.112095 8.110000
v 41.495804 27.887905 8.110000
v 41.462391 27.666218 8.110000
v 41.396309 27.451988 8.110000
v -21.011169 -11.850958 8.400000
v -21.000000 -12.000000 8.400000
v -21.000000 -12.000000 8.200000
v -21.011169 -11.850958 8.200000
v -21.044428 -11.705245 8.400000
v -21.044428 -11.705245 8.200000
v -21.099031 -11.566116 8.400000
v -21.099031 -11.566116 8.200000
v -21.173761 -11.436680 8.400000
v -21.173761 -11.436680 8.200000
v -21.266949 -11.319827 8.400000
v -21.266949 -11.319827 8.200000
v -21.376511 -11.218168 8.400000
v -21.376511 -11.218168 8.200000
v -21.500000 -11.133975 8.400000
v -21.500000 -11.133975 8.200000
v -21.634659 -11.069126 8.400000
v -21.634659 -11.069126 8.200000
v -21.777479 -11.025072 8.400000
v -21.777479 -11.025072 8.200000
v -21.925270 -11.002796 8.400000
v -21.925270 -11.002796 8.200000
v -22.074730 -11.002796 8.400000
v -22.074730 -11.002796 8.200000
v -22.222521 -11.025072 8.400000
v -22.222521 -11.025072 8.200000
v -22.365341 -11.069126 8.400000
v -22.365341 -11.069126 8.200000
v -22.500000 -11.133975 8.400000
v -22.500000 -11.133975 8.200000
v -22.623489 -11.218168 8.400000
v -22.623489 -11.218168 8.200000
v -22.733051 -11.319827 8.400000
v -22.733051 -11.319827 8.200000
v -22.826239 -11.436680 8.400000
v -22.826239 -11.436680 8.200000
v -22.900969 -11.566116 8.400000
v -22.900969 -11.566116 8.200000
v -22.955572 -11.705245 8.400000
v -22.955572 -11.705245 8.200000
v -22.988831 -11.850958 8.400000
v -22.988831 -11.850958 8.200000
v -23.000000 -12.000000 8.400000
v -23.000000 -12.000000 8.200000
v -22.988831 -12.149042 8.200000
v -22.988831 -12.149042 8.400000
v -22.955572 -12.294755 8.400000
v -22.955572 -12.294755 8.200000
v -22.900969 -12.433884 8.200000
v -22.900969 -12.433884 8.400000
v -22.826239 -12.563320 8.400000
v -22.826239 -12.563320 8.200000
v -22.733051 -12.680173 8.200000
v -22.733051 -12.680173 8.400000
v -22.623489 -12.781832 8.400000
v -22.623489 -12.781832 8.200000
v -22.500000 -12.866025 8.200000
v -22.500000 -12.866025 8.400000
v -22.365341 -12.930874 8.400000
v -22.365341 -12.930874 8.200000
v -22.222521 -12.974928 8.200000
v -22.222521 -12.974928 8.400000
v -22.074730 -12.997204 8.400000
v -22.074730 -12.997204 8.200000
v -21.925270 -12.997204 8.200000
v -21.925270 -12.997204 8.400000
v -21.777479 -12.974928 8.400000
v -21.777479 -12.974928 8.200000
v -21.634659 -12.930874 8.400000
v -21.634659 -12.930874 8.200000
v -21.500000 -12.866025 8.400000
v -21.500000 -12.866025 8.200000
v -21.376511 -12.781832 8.400000
v -21.376511 -12.781832 8.200000
v -21.266949 -12.680173 8.200000
v -21.266949 -12.680173 8.400000
v -21.173761 -12.563320 8.200000
v -21.173761 -12.563320 8.400000
v -21.099031 -12.433884 8.400000
v -21.099031 -12.433884 8.200000
v -21.044428 -12.294755 8.400000
v -21.044428 -12.294755 8.200000
v -21.011169 -12.149042 8.200000
v -21.011169 -12.149042 8.400000
v -5.011169 -11.850958 8.400000
v -5.000000 -12.000000 8.400000
v -5.000000 -12.000000 8.200000
v -5.011169 -11.850958 8.200000
v -5.044427 -11.705245 8.400000
v -5.044427 -11.705245 8.200000
v -5.099031 -11.566116 8.400000
v -5.099031 -11.566116 8.200000
v -5.173761 -11.436680 8.400000
v -5.173761 -11.436680 8.200000
v -5.266948 -11.319827 8.400000
v -5.266948 -11.319827 8.200000
v -5.376510 -11.218168 8.400000
v -5.376510 -11.218168 8.200000
v -5.500000 -11.133975 8.400000
v -5.500000 -11.133975 8.200000
v -5.634659 -11.069126 8.400000
v -5.634659 -11.069126 8.200000
v -5.777479 -11.025072 8.400000
v -5.777479 -11.025072 8.200000
v -5.925270 -11.002796 8.400000
v -5.925270 -11.002796 8.200000
v -6.074730 -11.002796 8.400000
v -6.074730 -11.002796 8.200000
v -6.222521 -11.025072 8.400000
v -6.222521 -11.025072 8.200000
v -6.365341 -11.069126 8.400000
v -6.365341 -11.069126 8.200000
v -6.500000 -11.133975 8.400000
v -6.500000 -11.133975 8.200000
v -6.623490 -11.218168 8.400000
v -6.623490 -11.218168 8.200000
v -6.733052 -11.319827 8.400000
v -6.733052 -11.319827 8.200000
v -6.826239 -11.436680 8.400000
v -6.826239 -11.436680 8.200000
v -6.900969 -11.566116 8.400000
v -6.900969 -11.566116 8.200000
v -6.955573 -11.705245 8.400000
v -6.955573 -11.705245 8.200000
v -6.988831 -11.850958 8.400000
v -6.988831 -11.850958 8.200000
v -7.000000 -12.000000 8.400000
v -7.000000 -12.000000 8.200000
v -6.988831 -12.149042 8.200000
v -6.988831 -12.149042 8.400000
v -6.955573 -12.294755 8.400000
v -6.955573 -12.294755 8.200000
v -6.900969 -12.433884 8.200000
v -6.900969 -12.433884 8.400000
v -6.826239 -12.563320 8.400000
v -6.826239 -12.563320 8.200000
v -6.733052 -12.680173 8.200000
v -6.733052 -12.680173 8.400000
v -6.623490 -12.781832 8.400000
v -6.623490 -12.781832 8.200000
v -6.500000 -12.866025 8.200000
v -6.500000 -12.866025 8.400000
v -6.365341 -12.930874 8.400000
v -6.365341 -12.930874 8.200000
v -6.222521 -12.974928 8.200000
v -6.222521 -12.974928 8.400000
v -6.074730 -12.997204 8.400000
v -6.074730 -12.997204 8.200000
v -5.925270 -12.997204 8.200000
v -5.925270 -12.997204 8.400000
v -5.777479 -12.974928 8.400000
v -5.777479 -12.974928 8.200000
v -5.634659 -12.930874 8.400000
v -5.634659 -12.930874 8.200000
v -5.500000 -12.866025 8.400000
v -5.500000 -12.866025 8.200000
v -5.376510 -12.781832 8.400000
v -5.376510 -12.781832 8.200000
v -5.266948 -12.680173 8.200000
v -5.266948 -12.680173 8.400000
v -5.173761 -12.563320 8.200000
v -5.173761 -12.563320 8.400000
v -5.099031 -12.433884 8.400000
v -5.099031 -12.433884 8.200000
v -5.044427 -12.294755 8.400000
v -5.044427 -12.294755 8.200000
v -5.011169 -12.149042 8.200000
v -5.011169 -12.149042 8.400000
v 10.988831 -11.850958 8.400000
v 11.000000 -12.000000 8.400000
v 11.000000 -12.000000 8.200000
v 10.988831 -11.850958 8.200000
v 10.955573 -11.705245 8.400000
v 10.955573 -11.705245 8.200000
v 10.900969 -11.566116 8.400000
v 10.900969 -11.566116 8.200000
v 10.826239 -11.436680 8.400000
v 10.826239 -11.436680 8.200000
v 10.733052 -11.319827 8.400000
v 10.733052 -11.319827 8.200000
v 10.623489 -11.218168 8.400000
v 10.623489 -11.218168 8.200000
v 10.500000 -11.133975 8.400000
v 10.500000 -11.133975 8.200000
v 10.365341 -11.069126 8.400000
v 10.365341 -11.069126 8.200000
v 10.222521 -11.025072 8.400000
v 10.222521 -11.025072 8.200000
v 10.074730 -11.002796 8.400000
v 10.074730 -11.002796 8.200000
v 9.925270 -11.002796 8.400000
v 9.925270 -11.002796 8.200000
v 9.777479 -11.025072 8.400000
v 9.777479 -11.025072 8.200000
v 9.634659 -11.069126 8.400000
v 9.634659 -11.069126 8.200000
v 9.500000 -11.133975 8.400000
v 9.500000 -11.133975 8.200000
v 9.376511 -11.218168 8.400000
v 9.376511 -11.218168 8.200000
v 9.266948 -11.319827 8.400000
v 9.266948 -11.319827 8.200000
v 9.173761 -11.436680 8.400000
v 9.173761 -11.436680 8.200000
v 9.099031 -11.566116 8.400000
v 9.099031 -11.566116 8.200000
v 9.044427 -11.705245 8.400000
v 9.044427 -11.705245 8.200000
v 9.011169 -11.850958 8.400000
v 9.011169 -11.850958 8.200000
v 9.000000 -12.000000 8.400000
v 9.000000 -12.000000 8.200000
v 9.011169 -12.149042 8.200000
v 9.011169 -12.149042 8.400000
v 9.044427 -12.294755 8.400000
v 9.044427 -12.294755 8.200000
v 9.099031 -12.433884 8.200000
v 9.099031 -12.433884 8.400000
v 9.173761 -12.563320 8.400000
v 9.173761 -12.563320 8.200000
v 9.266948 -12.680173 8.200000
v 9.266948 -12.680173 8.400000
v 9.376511 -12.781832 8.400000
v 9.376511 -12.781832 8.200000
v 9.500000 -12.866025 8.200000
v 9.500000 -12.866025 8.400000
v 9.634659 -12.930874 8.400000
v 9.634659 -12.930874 8.200000
v 9.777479 -12.974928 8.200000
v 9.777479 -12.974928 8.400000
v 9.925270 -12.997204 8.400000
v 9.925270 -12.997204 8.200000
v 10.074730 -12.997204 8.200000
v 10.074730 -12.997204 8.400000
v 10.222521 -12.974928 8.400000
v 10.222521 -12.974928 8.200000
v 10.365341 -12.930874 8.400000
v 10.365341 -12.930874 8.200000
v 10.500000 -12.866025 8.400000
v 10.500000 -12.866025 8.200000
v 10.623489 -12.781832 8.400000
v 10.623489 -12.781832 8.200000
v 10.733052 -12.680173 8.200000
v 10.733052 -12.680173 8.400000
v 10.826239 -12.563320 8.200000
v 10.826239 -12.563320 8.400000
v 10.900969 -12.433884 8.400000
v 10.900969 -12.433884 8.200000
v 10.955573 -12.294755 8.400000
v 10.955573 -12.294755 8.200000
v 10.988831 -12.149042 8.200000
v 10.988831 -12.149042 8.400000
v 26.988831 -11.850958 8.400000
v 27.000000 -12.000000 8.400000
v 27.000000 -12.000000 8.200000
v 26.988831 -11.850958 8.200000
v 26.955572 -11.705245 8.400000
v 26.955572 -11.705245 8.200000
v 26.900969 -11.566116 8.400000
v 26.900969 -11.566116 8.200000
v 26.826239 -11.436680 8.400000
v 26.826239 -11.436680 8.200000
v 26.733051 -11.319827 8.400000
v 26.733051 -11.319827 8.200000
v 26.623489 -11.218168 8.400000
v 26.623489 -11.218168 8.200000
v 26.500000 -11.133975 8.400000
v 26.500000 -11.133975 8.200000
v 26.365341 -11.069126 8.400000
v 26.365341 -11.069126 8.200000
v 26.222521 -11.025072 8.400000
v 26.222521 -11.025072 8.200000
v 26.074730 -11.002796 8.400000
v 26.074730 -11.002796 8.200000
v 25.925270 -11.002796 8.400000
v 25.925270 -11.002796 8.200000
v 25.777479 -11.025072 8.400000
v 25.777479 -11.025072 8.200000
v 25.634659 -11.069126 8.400000
v 25.634659 -11.069126 8.200000
v 25.500000 -11.133975 8.400000
v 25.500000 -11.133975 8.200000
v 25.376511 -11.218168 8.400000
v 25.376511 -11.218168 8.200000
v 25.266949 -11.319827 8.400000
v 25.266949 -11.319827 8.200000
v 25.173761 -11.436680 8.400000
v 25.173761 -11.436680 8.200000
v 25.099031 -11.566116 8.400000
v 25.099031 -11.566116 8.200000
v 25.044428 -11.705245 8.400000
v 25.044428 -11.705245 8.200000
v 25.011169 -11.850958 8.400000
v 25.011169 -11.850958 8.200000
v 25.000000 -12.000000 8.400000
v 25.000000 -12.000000 8.200000
v 25.011169 -12.149042 8.200000
v 25.011169 -12.149042 8.400000
v 25.044428 -12.294755 8.400000
v 25.044428 -12.294755 8.200000
v 25.099031 -12.433884 8.200000
v 25.099031 -12.433884 8.400000
v 25.173761 -12.563320 8.400000
v 25.173761 -12.563320 8.200000
v 25.266949 -12.680173 8.200000
v 25.266949 -12.680173 8.400000
v 25.376511 -12.781832 8.400000
v 25.376511 -12.781832 8.200000
v 25.500000 -12.866025 8.200000
v 25.500000 -12.866025 8.400000
v 25.634659 -12.930874 8.400000
v 25.634659 -12.930874 8.200000
v 25.777479 -12.974928 8.200000
v 25.777479 -12.974928 8.400000
v 25.925270 -12.997204 8.400000
v 25.925270 -12.997204 8.200000
v 26.074730 -12.997204 8.200000
v 26.074730 -12.997204 8.400000
v 26.222521 -12.974928 8.400000
v 26.222521 -12.974928 8.200000
v 26.365341 -12.930874 8.400000
v 26.365341 -12.930874 8.200000
v 26.500000 -12.866025 8.400000
v 26.500000 -12.866025 8.200000
v 26.623489 -12.781832 8.400000
v 26.623489 -12.781832 8.200000
v 26.733051 -12.680173 8.200000
v 26.733051 -12.680173 8.400000
v 26.826239 -12.563320 8.200000
v 26.826239 -12.563320 8.400000
v 26.900969 -12.433884 8.400000
v 26.900969 -12.433884 8.200000
v 26.955572 -12.294755 8.400000
v 26.955572 -12.294755 8.200000
v 26.988831 -12.149042 8.200000
v 26.988831 -12.149042 8.400000
v -11.000000 27.000000 8.200000
v -11.000000 27.000000 12.600000
v -11.000000 39.000000 8.200000
v -11.000000 39.000000 12.600000
v 11.000000 27.000000 12.600000
v 11.000000 27.000000 8.200000
v 11.000000 39.000000 8.200000
v 11.000000 39.000000 12.600000
v -19.527924 -11.627395 20.400000
v -19.500000 -12.000000 20.400000
v -19.500000 -12.000000 8.400000
v -19.527924 -11.627395 8.400000
v -19.611069 -11.263112 20.400000
v -19.611069 -11.263112 8.400000
v -19.747578 -10.915291 20.400000
v -19.747578 -10.915291 8.400000
v -19.934402 -10.591700 20.400000
v -19.934402 -10.591700 8.400000
v -20.167370 -10.299568 20.400000
v -20.167370 -10.299568 8.400000
v -20.441275 -10.045422 20.400000
v -20.441275 -10.045422 8.400000
v -20.750000 -9.834936 8.400000
v -20.750000 -9.834936 20.400000
v -21.086647 -9.672815 20.400000
v -21.086647 -9.672815 8.400000
v -21.443697 -9.562680 20.400000
v -21.443697 -9.562680 8.400000
v -21.813175 -9.506990 20.400000
v -21.813175 -9.506990 8.400000
v -22.186825 -9.506990 20.400000
v -22.186825 -9.506990 8.400000
v -22.556303 -9.562680 8.400000
v -22.556303 -9.562680 20.400000
v -22.913353 -9.672815 20.400000
v -22.913353 -9.672815 8.400000
v -23.250000 -9.834936 20.400000
v -23.250000 -9.834936 8.400000
v -23.558725 -10.045422 8.400000
v -23.558725 -10.045422 20.400000
v -23.832630 -10.299568 20.400000
v -23.832630 -10.299568 8.400000
v -24.065598 -10.591700 20.400000
v -24.065598 -10.591700 8.400000
v -24.252422 -10.915291 20.400000
v -24.252422 -10.915291 8.400000
v -24.388931 -11.263112 20.400000
v -24.388931 -11.263112 8.400000
v -24.472076 -11.627395 20.400000
v -24.472076 -11.627395 8.400000
v -24.500000 -12.000000 20.400000
v -24.500000 -12.000000 8.400000
v -24.472076 -12.372605 20.400000
v -24.472076 -12.372605 8.400000
v -24.388931 -12.736888 8.400000
v -24.388931 -12.736888 20.400000
v -24.252422 -13.084709 8.400000
v -24.252422 -13.084709 20.400000
v -24.065598 -13.408300 8.400000
v -24.065598 -13.408300 20.400000
v -23.832630 -13.700432 20.400000
v -23.832630 -13.700432 8.400000
v -23.558725 -13.954578 8.400000
v -23.558725 -13.954578 20.400000
v -23.250000 -14.165064 20.400000
v -23.250000 -14.165064 8.400000
v -22.913353 -14.327185 8.400000
v -22.913353 -14.327185 20.400000
v -22.556303 -14.437320 20.400000
v -22.556303 -14.437320 8.400000
v -22.186825 -14.493010 8.400000
v -22.186825 -14.493010 20.400000
v -21.813175 -14.493010 8.400000
v -21.813175 -14.493010 20.400000
v -21.443697 -14.437320 20.400000
v -21.443697 -14.437320 8.400000
v -21.086647 -14.327185 8.400000
v -21.086647 -14.327185 20.400000
v -20.750000 -14.165064 8.400000
v -20.750000 -14.165064 20.400000
v -20.441275 -13.954578 20.400000
v -20.441275 -13.954578 8.400000
v -20.167370 -13.700432 20.400000
v -20.167370 -13.700432 8.400000
v -19.934402 -13.408300 20.400000
v -19.934402 -13.408300 8.400000
v -19.747578 -13.084709 20.400000
v -19.747578 -13.084709 8.400000
v -19.611069 -12.736888 8.400000
v -19.611069 -12.736888 20.400000
v -19.527924 -12.372605 8.400000
v -19.527924 -12.372605 20.400000
v -3.527923 -11.627395 20.400000
v -3.500000 -12.000000 20.400000
v -3.500000 -12.000000 8.400000
v -3.527923 -11.627395 8.400000
v -3.611068 -11.263112 20.400000
v -3.611068 -11.263112 8.400000
v -3.747578 -10.915291 20.400000
v -3.747578 -10.915291 8.400000
v -3.934403 -10.591700 20.400000
v -3.934403 -10.591700 8.400000
v -4.167370 -10.299568 20.400000
v -4.167370 -10.299568 8.400000
v -4.441276 -10.045422 20.400000
v -4.441276 -10.045422 8.400000
v -4.750000 -9.834936 8.400000
v -4.750000 -9.834936 20.400000
v -5.086648 -9.672815 20.400000
v -5.086648 -9.672815 8.400000
v -5.443697 -9.562680 20.400000
v -5.443697 -9.562680 8.400000
v -5.813175 -9.506990 20.400000
v -5.813175 -9.506990 8.400000
v -6.186825 -9.506990 20.400000
v -6.186825 -9.506990 8.400000
v -6.556303 -9.562680 8.400000
v -6.556303 -9.562680 20.400000
v -6.913352 -9.672815 20.400000
v -6.913352 -9.672815 8.400000
v -7.250000 -9.834936 20.400000
v -7.250000 -9.834936 8.400000
v -7.558724 -10.045422 8.400000
v -7.558724 -10.045422 20.400000
v -7.832630 -10.299568 20.400000
v -7.832630 -10.299568 8.400000
v -8.065597 -10.591700 20.400000
v -8.065597 -10.591700 8.400000
v -8.252422 -10.915291 20.400000
v -8.252422 -10.915291 8.400000
v -8.388932 -11.263112 20.400000
v -8.388932 -11.263112 8.400000
v -8.472077 -11.627395 20.400000
v -8.472077 -11.627395 8.400000
v -8.500000 -12.000000 20.400000
v -8.500000 -12.000000 8.400000
v -8.472077 -12.372605 20.400000
v -8.472077 -12.372605 8.400000
v -8.388932 -12.736888 8.400000
v -8.388932 -12.736888 20.400000
v -8.252422 -13.084709 8.400000
v -8.252422 -13.084709 20.400000
v -8.065597 -13.408300 8.400000
v -8.065597 -13.408300 20.400000
v -7.832630 -13.700432 20.400000
v -7.832630 -13.700432 8.400000
v -7.558724 -13.954578 8.400000
v -7.558724 -13.954578 20.400000
v -7.250000 -14.165064 20.400000
v -7.250000 -14.165064 8.400000
v -6.913352 -14.327185 8.400000
v -6.913352 -14.327185 20.400000
v -6.556303 -14.437320 20.400000
v -6.556303 -14.437320 8.400000
v -6.186825 -14.493010 8.400000
v -6.186825 -14.493010 20.400000
v -5.813175 -14.493010 8.400000
v -5.813175 -14.493010 20.400000
v -5.443697 -14.437320 20.400000
v -5.443697 -14.437320 8.400000
v -5.086648 -14.327185 8.400000
v -5.086648 -14.327185 20.400000
v -4.750000 -14.165064 8.400000
v -4.750000 -14.165064 20.400000
v -4.441276 -13.954578 20.400000
v -4.441276 -13.954578 8.400000
v -4.167370 -13.700432 20.400000
v -4.167370 -13.700432 8.400000
v -3.934403 -13.408300 20.400000
v -3.934403 -13.408300 8.400000
v -3.747578 -13.084709 20.400000
v -3.747578 -13.084709 8.400000
v -3.611068 -12.736888 8.400000
v -3.611068 -12.736888 20.400000
v -3.527923 -12.372605 8.400000
v -3.527923 -12.372605 20.400000
v 12.472077 -11.627395 20.400000
v 12.500000 -12.000000 20.400000
v 12.500000 -12.000000 8.400000
v 12.472077 -11.627395 8.400000
v 12.388932 -11.263112 20.400000
v 12.388932 -11.263112 8.400000
v 12.252422 -10.915291 20.400000
v 12.252422 -10.915291 8.400000
v 12.065597 -10.591700 20.400000
v 12.065597 -10.591700 8.400000
v 11.832629 -10.299568 20.400000
v 11.832629 -10.299568 8.400000
v 11.558724 -10.045422 20.400000
v 11.558724 -10.045422 8.400000
v 11.250000 -9.834936 8.400000
v 11.250000 -9.834936 20.400000
v 10.913353 -9.672815 20.400000
v 10.913353 -9.672815 8.400000
v 10.556302 -9.562680 20.400000
v 10.556302 -9.562680 8.400000
v 10.186825 -9.506990 20.400000
v 10.186825 -9.506990 8.400000
v 9.813175 -9.506990 20.400000
v 9.813175 -9.506990 8.400000
v 9.443698 -9.562680 8.400000
v 9.443698 -9.562680 20.400000
v 9.086647 -9.672815 20.400000
v 9.086647 -9.672815 8.400000
v 8.750000 -9.834936 20.400000
v 8.750000 -9.834936 8.400000
v 8.441276 -10.045422 8.400000
v 8.441276 -10.045422 20.400000
v 8.167371 -10.299568 20.400000
v 8.167371 -10.299568 8.400000
v 7.934403 -10.591700 20.400000
v 7.934403 -10.591700 8.400000
v 7.747578 -10.915291 20.400000
v 7.747578 -10.915291 8.400000
v 7.611068 -11.263112 20.400000
v 7.611068 -11.263112 8.400000
v 7.527923 -11.627395 20.400000
v 7.527923 -11.627395 8.400000
v 7.500000 -12.000000 20.400000
v 7.500000 -12.000000 8.400000
v 7.527923 -12.372605 20.400000
v 7.527923 -12.372605 8.400000
v 7.611068 -12.736888 8.400000
v 7.611068 -12.736888 20.400000
v 7.747578 -13.084709 8.400000
v 7.747578 -13.084709 20.400000
v 7.934403 -13.408300 8.400000
v 7.934403 -13.408300 20.400000
v 8.167371 -13.700432 20.400000
v 8.167371 -13.700432 8.400000
v 8.441276 -13.954578 8.400000
v 8.441276 -13.954578 20.400000
v 8.750000 -14.165064 20.400000
v 8.750000 -14.165064 8.400000
v 9.086647 -14.327185 8.400000
v 9.086647 -14.327185 20.400000
v 9.443698 -14.437320 20.400000
v 9.443698 -14.437320 8.400000
v 9.813175 -14.493010 8.400000
v 9.813175 -14.493010 20.400000
v 10.186825 -14.493010 8.400000
v 10.186825 -14.493010 20.400000
v 10.556302 -14.437320 20.400000
v 10.556302 -14.437320 8.400000
v 10.913353 -14.327185 8.400000
v 10.913353 -14.327185 20.400000
v 11.250000 -14.165064 8.400000
v 11.250000 -14.165064 20.400000
v 11.558724 -13.954578 20.400000
v 11.558724 -13.954578 8.400000
v 11.832629 -13.700432 20.400000
v 11.832629 -13.700432 8.400000
v 12.065597 -13.408300 20.400000
v 12.065597 -13.408300 8.400000
v 12.252422 -13.084709 20.400000
v 12.252422 -13.084709 8.400000
v 12.388932 -12.736888 8.400000
v 12.388932 -12.736888 20.400000
v 12.472077 -12.372605 8.400000
v 12.472077 -12.372605 20.400000
v 28.472076 -11.627395 20.400000
v 28.500000 -12.000000 20.400000
v 28.500000 -12.000000 8.400000
v 28.472076 -11.627395 8.400000
v 28.388931 -11.263112 20.400000
v 28.388931 -11.263112 8.400000
v 28.252422 -10.915291 20.400000
v 28.252422 -10.915291 8.400000
v 28.065598 -10.591700 20.400000
v 28.065598 -10.591700 8.400000
v 27.832630 -10.299568 20.400000
v 27.832630 -10.299568 8.400000
v 27.558725 -10.045422 20.400000
v 27.558725 -10.045422 8.400000
v 27.250000 -9.834936 8.400000
v 27.250000 -9.834936 20.400000
v 26.913353 -9.672815 20.400000
v 26.913353 -9.672815 8.400000
v 26.556303 -9.562680 20.400000
v 26.556303 -9.562680 8.400000
v 26.186825 -9.506990 20.400000
v 26.186825 -9.506990 8.400000
v 25.813175 -9.506990 20.400000
v 25.813175 -9.506990 8.400000
v 25.443697 -9.562680 8.400000
v 25.443697 -9.562680 20.400000
v 25.086647 -9.672815 20.400000
v 25.086647 -9.672815 8.400000
v 24.750000 -9.834936 20.400000
v 24.750000 -9.834936 8.400000
v 24.441275 -10.045422 8.400000
v 24.441275 -10.045422 20.400000
v 24.167370 -10.299568 20.400000
v 24.167370 -10.299568 8.400000
v 23.934402 -10.591700 20.400000
v 23.934402 -10.591700 8.400000
v 23.747578 -10.915291 20.400000
v 23.747578 -10.915291 8.400000
v 23.611069 -11.263112 20.400000
v 23.611069 -11.263112 8.400000
v 23.527924 -11.627395 20.400000
v 23.527924 -11.627395 8.400000
v 23.500000 -12.000000 20.400000
v 23.500000 -12.000000 8.400000
v 23.527924 -12.372605 20.400000
v 23.527924 -12.372605 8.400000
v 23.611069 -12.736888 8.400000
v 23.611069 -12.736888 20.400000
v 23.747578 -13.084709 8.400000
v 23.747578 -13.084709 20.400000
v 23.934402 -13.408300 8.400000
v 23.934402 -13.408300 20.400000
v 24.167370 -13.700432 20.400000
v 24.167370 -13.700432 8.400000
v 24.441275 -13.954578 8.400000
v 24.441275 -13.954578 20.400000
v 24.750000 -14.165064 20.400000
v 24.750000 -14.165064 8.400000
v 25.086647 -14.327185 8.400000
v 25.086647 -14.327185 20.400000
v 25.443697 -14.437320 20.400000
v 25.443697 -14.437320 8.400000
v 25.813175 -14.493010 8.400000
v 25.813175 -14.493010 20.400000
v 26.186825 -14.493010 8.400000
v 26.186825 -14.493010 20.400000
v 26.556303 -14.437320 20.400000
v 26.556303 -14.437320 8.400000
v 26.913353 -14.327185 8.400000
v 26.913353 -14.327185 20.400000
v 27.250000 -14.165064 8.400000
v 27.250000 -14.165064 20.400000
v 27.558725 -13.954578 20.400000
v 27.558725 -13.954578 8.400000
v 27.832630 -13.700432 20.400000
v 27.832630 -13.700432 8.400000
v 28.065598 -13.408300 20.400000
v 28.065598 -13.408300 8.400000
v 28.252422 -13.084709 20.400000
v 28.252422 -13.084709 8.400000
v 28.388931 -12.736888 8.400000
v 28.388931 -12.736888 20.400000
v 28.472076 -12.372605 8.400000
v 28.472076 -12.372605 20.400000
v -11.000000 38.500000 7.400000
v -11.000000 41.799999 13.400000
v -11.000000 41.799999 7.400000
v -11.000000 38.500000 13.400000
v 11.000000 41.799999 13.400000
v 11.000000 38.500000 13.400000
v 11.000000 41.799999 7.400000
v 11.000000 38.500000 7.400000
vn 0.000000 1.000000 0.000000
vn 0.000000 1.000000 0.000000
vn 0.000000 1.000000 0.000000
vn 0.000000 1.000000 0.000000
vn 0.000000 1.000000 0.000000
vn 0.000000 1.000000 0.000000
vn -0.000000 1.000000 0.000000
vn 0.000000 1.000000 0.000000
vn 0.000000 0.000000 1.000000
vn 0.000000 0.000000 1.000000
vn 0.000000 0.000000 1.000000
vn 0.000000 0.000000 1.000000
vn 0.000000 0.000000 1.000000
vn 0.000000 0.000000 1.000000
vn 0.000000 0.000000 1.000000
vn 0.000000 0.000000 1.000000
vn -0.000000 -1.000000 0.000000
vn 0.000000 -1.000000 0.000000
vn 0.000000 -1.000000 0.000000
vn 0.000000 -1.000000 0.000000
vn 0.000000 -1.000000 0.000000
vn 0.000000 -1.000000 0.000000
vn -0.000000 -1.000000 0.000000
vn 0.000000 -1.000000 0.000000
vn 0.000000 0.000000 1.000000
vn 0.000000 0.000000 1.000000
vn 0.000000 0.000000 1.000000
vn 0.000000 0.000000 1.000000
vn 0.000000 0.000000 1.000000
vn 0.000000 0.000000 1.000000
vn 0.000000 0.000000 1.000000
vn 0.000000 0.000000 1.000000
vn 0.000000 0.000000 1.000000
vn 0.000000 0.000000 1.000000
vn 0.000000 0.000000 1.000000
vn 0.000000 0.000000 1.000000
vn 0.000000 0.000000 1.000000
vn 0.000000 0.000000 1.000000
vn 0.000000 0.000000 1.000000
vn 0.000000 0.000000 1.000000
vn 0.000000 0.000000 1.000000
vn 0.000000 0.000000 1.000000
vn 0.000000 0.000000 1.000000
vn 0.000000 0.000000 1.000000
vn 0.000000 0.000000 1.000000
vn 0.000000 0.000000 1.000000
vn 0.000000 0.000000 1.000000
vn 0.000000 0.000000 1.000000
vn 0.000000 0.000000 1.000000
vn 0.000000 0.000000 1.000000
vn 0.000000 0.000000 1.000000
vn 0.000000 0.000000 1.000000
vn 0.000000 0.000000 1.000000
vn 0.000000 0.000000 1.000000
vn 0.000000 0.000000 1.000000
vn 0.000000 0.000000 1.000000
vn 0.000000 0.000000 1.000000
vn 0.000000 0.000000 1.000000
vn 0.000000 0.000000 1.000000
vn 0.000000 0.000000 1.000000
vn 0.000000 0.000000 1.000000
vn 0.000000 0.000000 1.000000
vn 0.000000 0.000000 1.000000
vn 0.000000 0.000000 1.000000
vn 0.000000 0.000000 1.000000
vn 0.000000 0.000000 1.000000
vn 0.000000 0.000000 1.000000
vn 0.000000 0.000000 1.000000
vn 0.000000 0.000000 1.000000
vn 0.000000 0.000000 1.000000
vn 0.000000 0.000000 1.000000
vn 0.000000 0.000000 1.000000
vn 0.000000 0.000000 1.000000
vn 0.000000 0.000000 1.000000
vn 0.000000 0.000000 1.000000
vn 0.000000 0.000000 1.000000
vn 0.000000 0.000000 1.000000
vn 0.000000 0.000000 1.000000
vn 0.000000 0.000000 1.000000
vn 0.000000 0.000000 1.000000
vn 0.000000 0.000000 1.000000
vn 0.000000 0.000000 1.000000
vn 0.000000 0.000000 1.000000
vn 0.000000 0.000000 1.000000
vn 0.000000 0.000000 1.000000
vn 0.000000 0.000000 1.000000
vn 0.000000 0.000000 1.000000
vn 0.000000 0.000000 1.000000
vn 0.000000 0.000000 1.000000
vn 0.000000 0.000000 1.000000
vn 0.000000 0.000000 1.000000
vn 0.000000 0.000000 1.000000
vn 0.000000 0.000000 1.000000
vn 0.000000 0.000000 1.000000
vn 0.000000 0.000000 1.000000
vn 0.000000 0.000000 1.000000
vn 0.000000 0.000000 1.000000
vn 0.000000 0.000000 1.000000
vn 0.000000 0.000000 1.000000
vn 0.000000 0.000000 1.000000
vn 0.000000 0.000000 1.000000
vn 0.000000 0.000000 1.000000
vn 0.000000 0.000000 1.000000
vn 0.000000 0.000000 1.000000
vn 0.000000 0.000000 1.000000
vn 0.000000 0.000000 1.000000
vn 0.000000 0.000000 1.000000
vn 0.000000 0.000000 1.000000
vn 0.000000 0.000000 1.000000
vn 0.000000 0.000000 1.000000
vn 0.000000 0.000000 1.000000
vn 0.000000 0.000000 1.000000
vn 0.000000 0.000000 1.000000
vn 0.000000 0.000000 1.000000
vn 0.000000 0.000000 1.000000
vn 0.000000 0.000000 1.000000
vn 0.000000 0.000000 1.000000
vn 0.000000 0.000000 1.000000
vn 0.000000 0.000000 1.000000
vn 0.000000 0.000000 1.000000
vn 0.000000 0.000000 1.000000
vn 0.000000 0.000000 1.000000
vn 0.000000 0.000000 1.000000
vn 0.000000 0.000000 1.000000
vn 0.000000 0.000000 1.000000
vn 0.000000 0.000000 1.000000
vn 0.000000 0.000000 1.000000
vn 0.000000 0.000000 1.000000
vn 0.000000 0.000000 1.000000
vn 0.000000 0.000000 1.000000
vn 0.000000 0.000000 1.000000
vn 0.000000 0.000000 1.000000
vn 0.000000 0.000000 1.000000
vn 0.000000 0.000000 1.000000
vn 0.000000 0.000000 1.000000
vn 0.000000 0.000000 1.000000
vn 0.000000 0.000000 1.000000
vn 0.000000 0.000000 1.000000
vn 0.000000 0.000000 1.000000
vn 0.000000 0.000000 1.000000
vn 0.000000 0.000000 1.000000
vn 0.000000 0.000000 1.000000
vn 0.000000 0.000000 1.000000
vn 0.000000 0.000000 1.000000
vn 0.000000 0.000000 1.000000
vn 0.000000 0.000000 1.000000
vn 0.000000 0.000000 1.000000
vn 0.000000 0.000000 1.000000
vn 0.000000 0.000000 1.000000
vn 0.000000 0.000000 1.000000
vn 0.000000 0.000000 1.000000
vn 0.000000 0.000000 1.000000
vn 0.000000 0.000000 1.000000
vn 0.000000 0.000000 1.000000
vn 0.000000 0.000000 1.000000
vn 0.000000 0.000000 1.000000
vn 0.000000 0.000000 1.000000
vn 0.000000 0.000000 1.000000
vn 0.000000 0.000000 1.000000
vn 0.000000 0.000000 1.000000
vn 0.000000 0.000000 1.000000
vn 0.000000 0.000000 1.000000
vn 0.000000 0.000000 1.000000
vn 0.000000 0.000000 1.000000
vn 0.000000 0.000000 1.000000
vn 0.000000 0.000000 1.000000
vn 0.000000 0.000000 1.000000
vn 0.000000 0.000000 1.000000
vn 0.000000 0.000000 1.000000
vn 0.000000 0.000000 1.000000
vn 0.000000 0.000000 1.000000
vn 0.000000 0.000000 1.000000
vn 0.000000 0.000000 1.000000
vn 0.000000 0.000000 1.000000
vn 0.000000 0.000000 1.000000
vn 0.000000 0.000000 1.000000
vn 0.000000 0.000000 1.000000
vn 0.000000 0.000000 1.000000
vn 0.000000 0.000000 1.000000
vn 0.000000 0.000000 1.000000
vn 0.000000 0.000000 1.000000
vn 0.000000 0.000000 1.000000
vn 0.000000 0.000000 1.000000
vn 0.000000 0.000000 1.000000
vn 0.000000 0.000000 1.000000
vn 0.000000 0.000000 1.000000
vn 0.000000 0.000000 1.000000
vn 0.000000 0.000000 1.000000
vn 0.000000 0.000000 1.000000
vn 0.000000 0.000000 1.000000
vn 0.000000 0.000000 1.000000
vn 0.000000 0.000000 1.000000
vn 0.000000 0.000000 1.000000
vn 0.000000 0.000000 1.000000
vn 0.000000 0.000000 1.000000
vn 0.000000 0.000000 1.000000
vn 0.000000 0.000000 1.000000
vn 0.000000 0.000000 1.000000
vn 0.000000 0.000000 1.000000
vn 0.000000 0.000000 1.000000
vn 0.000000 0.000000 1.000000
vn 0.000000 0.000000 1.000000
vn 0.000000 0.000000 1.000000
vn 0.000000 0.000000 1.000000
vn 0.000000 0.000000 1.000000
vn 0.000000 0.000000 1.000000
vn 0.000000 0.000000 1.000000
vn 0.000000 0.000000 1.000000
vn 0.000000 0.000000 1.000000
vn 0.000000 0.000000 1.000000
vn 0.000000 0.000000 1.000000
vn 0.000000 0.000000 1.000000
vn 0.000000 0.000000 1.000000
vn 0.000000 0.000000 1.000000
vn 0.000000 0.000000 1.000000
vn 0.000000 0.000000 1.000000
vn 0.000000 0.000000 1.000000
vn 0.000000 0.000000 1.000000
vn 0.000000 0.000000 1.000000
vn 0.000000 0.000000 1.000000
vn 0.000000 0.000000 1.000000
vn 0.000000 0.000000 1.000000
vn 0.000000 0.000000 1.000000
vn 0.000000 0.000000 1.000000
vn 0.000000 0.000000 1.000000
vn 0.000000 0.000000 1.000000
vn 0.000000 0.000000 1.000000
vn 0.000000 0.000000 1.000000
vn 0.000000 0.000000 1.000000
vn 0.000000 0.000000 1.000000
vn 0.000000 0.000000 1.000000
vn 0.000000 0.000000 1.000000
vn 0.000000 0.000000 1.000000
vn 0.000000 0.000000 1.000000
vn 0.000000 0.000000 1.000000
vn 0.000000 0.000000 1.000000
vn 0.000000 0.000000 1.000000
vn 0.000000 0.000000 1.000000
vn 0.000000 0.000000 1.000000
vn 0.000000 0.000000 1.000000
vn 0.000000 0.000000 1.000000
vn 0.000000 0.000000 1.000000
vn 0.000000 0.000000 1.000000
vn 0.000000 0.000000 1.000000
vn 0.000000 0.000000 1.000000
vn 0.000000 0.000000 1.000000
vn 0.000000 0.000000 1.000000
vn 0.000000 0.000000 1.000000
vn 0.000000 0.000000 1.000000
vn 0.000000 0.000000 1.000000
vn 0.000000 0.000000 1.000000
vn 0.000000 0.000000 1.000000
vn 0.000000 0.000000 1.000000
vn 0.000000 0.000000 1.000000
vn 0.000000 0.000000 1.000000
vn 0.000000 0.000000 1.000000
vn 0.000000 0.000000 1.000000
vn 0.000000 0.000000 1.000000
vn 0.000000 0.000000 1.000000
vn 0.000000 0.000000 1.000000
vn 0.000000 0.000000 1.000000
vn 0.000000 0.000000 1.000000
vn 0.000000 0.000000 1.000000
vn 0.000000 0.000000 1.000000
vn 0.000000 0.000000 1.000000
vn 0.000000 0.000000 1.000000
vn 0.000000 0.000000 1.000000
vn 0.000000 0.000000 1.000000
vn 0.000000 0.000000 1.000000
vn 0.000000 0.000000 1.000000
vn 0.000000 0.000000 1.000000
vn 0.000000 0.000000 1.000000
vn 0.000000 0.000000 1.000000
vn 0.000000 0.000000 1.000000
vn 0.000000 0.000000 1.000000
vn 0.000000 0.000000 1.000000
vn 0.000000 0.000000 1.000000
vn 0.000000 0.000000 1.000000
vn 0.000000 0.000000 1.000000
vn 0.000000 0.000000 1.000000
vn 0.000000 0.000000 1.000000
vn 0.000000 0.000000 1.000000
vn 0.000000 0.000000 1.000000
vn 0.000000 0.000000 1.000000
vn 0.000000 0.000000 1.000000
vn 0.000000 0.000000 1.000000
vn 0.000000 0.000000 1.000000
vn 0.000000 0.000000 1.000000
vn 0.000000 0.000000 1.000000
vn 0.000000 0.000000 1.000000
vn 0.000000 0.000000 1.000000
vn 0.000000 0.000000 1.000000
vn 0.000000 0.000000 1.000000
vn 0.000000 0.000000 1.000000
vn 0.000000 0.000000 1.000000
vn 0.000000 0.000000 1.000000
vn 0.000000 0.000000 1.000000
vn 0.000000 0.000000 1.000000
vn 0.000000 0.000000 1.000000
vn 0.000000 0.000000 1.000000
vn 0.000000 0.000000 1.000000
vn 0.000000 0.000000 1.000000
vn 0.000000 0.000000 1.000000
vn 0.000000 0.000000 1.000000
vn 0.000000 0.000000 1.000000
vn 0.000000 0.000000 1.000000
vn 0.000000 0.000000 1.000000
vn 0.000000 0.000000 1.000000
vn 0.000000 0.000000 1.000000
vn 0.000000 0.000000 1.000000
vn 0.000000 0.000000 1.000000
vn 0.000000 0.000000 1.000000
vn 0.000000 0.000000 1.000000
vn 0.000000 0.000000 1.000000
vn 0.000000 0.000000 1.000000
vn 0.000000 0.000000 1.000000
vn 0.000000 0.000000 1.000000
vn 0.000000 0.000000 1.000000
vn 0.000000 0.000000 1.000000
vn 0.000000 0.000000 1.000000
vn 0.000000 0.000000 1.000000
vn 0.000000 0.000000 1.000000
vn 0.000000 0.000000 1.000000
vn 0.000000 0.000000 1.000000
vn 0.000000 0.000000 1.000000
vn 0.000000 0.000000 1.000000
vn 0.000000 0.000000 1.000000
vn 0.000000 0.000000 1.000000
vn 0.000000 0.000000 1.000000
vn 0.000000 0.000000 1.000000
vn 0.000000 0.000000 1.000000
vn 0.000000 0.000000 1.000000
vn 0.000000 0.000000 1.000000
vn 0.000000 0.000000 1.000000
vn 0.000000 0.000000 1.000000
vn 0.000000 0.000000 1.000000
vn 0.000000 0.000000 1.000000
vn 0.000000 0.000000 1.000000
vn 0.000000 0.000000 1.000000
vn 0.000000 0.000000 1.000000
vn 0.000000 0.000000 1.000000
vn 0.000000 0.000000 1.000000
vn 0.000000 0.000000 1.000000
vn 0.000000 0.000000 1.000000
vn 0.000000 0.000000 1.000000
vn 0.000000 0.000000 1.000000
vn 0.000000 0.000000 1.000000
vn 0.000000 0.000000 1.000000
vn 0.000000 0.000000 1.000000
vn 0.000000 0.000000 1.000000
vn 0.000000 0.000000 1.000000
vn 0.000000 0.000000 1.000000
vn 0.000000 0.000000 1.000000
vn 0.000000 0.000000 1.000000
vn 0.000000 0.000000 1.000000
vn 0.000000 0.000000 1.000000
vn 0.000000 0.000000 1.000000
vn 0.000000 0.000000 1.000000
vn 0.000000 0.000000 1.000000
vn 0.000000 0.000000 1.000000
vn 0.000000 0.000000 1.000000
vn 0.000000 0.000000 1.000000
vn 0.000000 0.000000 1.000000
vn 0.000000 0.000000 1.000000
vn 0.000000 0.000000 1.000000
vn 0.000000 0.000000 1.000000
vn 0.000000 0.000000 1.000000
vn 0.000000 0.000000 1.000000
vn 0.000000 0.000000 1.000000
vn 0.000000 0.000000 1.000000
vn 0.000000 0.000000 1.000000
vn 0.000000 0.000000 1.000000
vn 0.000000 0.000000 1.000000
vn 0.000000 0.000000 1.000000
vn 0.000000 0.000000 1.000000
vn 0.000000 0.000000 1.000000
vn 0.000000 0.000000 1.000000
vn 0.000000 0.000000 1.000000
vn 0.000000 0.000000 1.000000
vn 0.000000 0.000000 1.000000
vn 0.000000 0.000000 1.000000
vn 0.000000 0.000000 1.000000
vn 0.000000 0.000000 1.000000
vn 0.000000 0.000000 1.000000
vn 0.000000 0.000000 1.000000
vn 0.000000 0.000000 1.000000
vn 0.000000 0.000000 1.000000
vn 0.000000 0.000000 1.000000
vn 0.000000 0.000000 1.000000
vn 0.000000 0.000000 1.000000
vn 0.000000 0.000000 1.000000
vn 0.000000 0.000000 1.000000
vn 0.000000 0.000000 1.000000
vn 0.000000 0.000000 1.000000
vn 0.000000 0.000000 1.000000
vn 0.000000 0.000000 1.000000
vn 0.000000 0.000000 1.000000
vn 0.000000 0.000000 1.000000
vn 0.000000 0.000000 1.000000
vn 0.000000 0.000000 1.000000
vn 0.000000 0.000000 1.000000
vn 0.000000 0.000000 1.000000
vn 0.000000 0.000000 1.000000
vn 0.000000 0.000000 1.000000
vn 0.000000 0.000000 1.000000
vn 0.000000 0.000000 1.000000
vn 0.000000 0.000000 1.000000
vn 0.000000 0.000000 1.000000
vn 0.000000 0.000000 1.000000
vn 0.000000 0.000000 1.000000
vn 0.000000 0.000000 1.000000
vn 0.000000 0.000000 1.000000
vn 0.000000 0.000000 1.000000
vn 0.000000 0.000000 1.000000
vn 0.000000 0.000000 1.000000
vn 0.000000 0.000000 1.000000
vn 0.000000 0.000000 1.000000
vn 0.000000 0.000000 1.000000
vn -0.772883 -0.634548 0.000000
vn -0.772883 -0.634548 -0.000000
vn -0.812778 -0.582573 0.000000
vn -0.812778 -0.582573 -0.000000
vn 0.000000 0.000000 1.000000
vn 0.000000 0.000000 1.000000
vn 0.000000 0.000000 1.000000
vn 0.000000 0.000000 1.000000
vn 0.000000 0.000000 1.000000
vn 0.000000 0.000000 1.000000
vn 0.000000 0.000000 1.000000
vn 0.000000 0.000000 1.000000
vn 0.000000 0.000000 1.000000
vn 0.000000 0.000000 1.000000
vn 0.000000 0.000000 1.000000
vn 0.000000 0.000000 1.000000
vn 0.000000 0.000000 1.000000
vn 0.000000 0.000000 1.000000
vn 0.000000 0.000000 1.000000
vn 0.000000 0.000000 1.000000
vn 0.000000 0.000000 1.000000
vn 0.000000 0.000000 1.000000
vn 0.000000 0.000000 1.000000
vn 0.000000 0.000000 1.000000
vn 0.000000 0.000000 1.000000
vn 0.000000 0.000000 1.000000
vn 0.000000 0.000000 1.000000
vn 0.000000 0.000000 1.000000
vn 0.000000 0.000000 1.000000
vn 0.000000 0.000000 1.000000
vn 0.000000 0.000000 1.000000
vn 0.000000 0.000000 1.000000
vn 0.000000 0.000000 1.000000
vn 0.000000 0.000000 1.000000
vn 0.000000 0.000000 1.000000
vn 0.000000 0.000000 1.000000
vn 0.000000 0.000000 1.000000
vn 0.000000 0.000000 1.000000
vn 0.000000 0.000000 1.000000
vn 0.000000 0.000000 1.000000
vn 0.000000 0.000000 1.000000
vn 0.000000 0.000000 1.000000
vn 0.000000 0.000000 1.000000
vn 0.000000 0.000000 1.000000
vn 0.000000 0.000000 1.000000
vn 0.000000 0.000000 1.000000
vn 0.000000 0.000000 1.000000
vn 0.000000 0.000000 1.000000
vn 0.000000 0.000000 1.000000
vn 0.000000 0.000000 1.000000
vn 0.000000 0.000000 1.000000
vn 0.000000 0.000000 1.000000
vn 0.000000 0.000000 1.000000
vn 0.000000 0.000000 1.000000
vn 0.000000 0.000000 1.000000
vn 0.000000 0.000000 1.000000
vn 0.000000 0.000000 1.000000
vn 0.000000 0.000000 1.000000
vn 0.000000 0.000000 1.000000
vn 0.000000 0.000000 1.000000
vn 0.000000 0.000000 1.000000
vn 0.000000 0.000000 1.000000
vn 0.000000 0.000000 1.000000
vn 0.000000 0.000000 1.000000
vn 0.000000 0.000000 1.000000
vn 0.000000 0.000000 1.000000
vn 0.000000 0.000000 1.000000
vn 0.000000 0.000000 1.000000
vn 0.000000 0.000000 1.000000
vn 0.000000 0.000000 1.000000
vn 0.000000 0.000000 1.000000
vn 0.000000 0.000000 1.000000
vn 0.000000 0.000000 1.000000
vn 0.000000 0.000000 1.000000
vn 0.000000 0.000000 1.000000
vn 0.000000 0.000000 1.000000
vn 0.000000 0.000000 1.000000
vn 0.000000 0.000000 1.000000
vn 0.000000 0.000000 1.000000
vn 0.000000 0.000000 1.000000
vn 0.000000 0.000000 1.000000
vn 0.000000 0.000000 1.000000
vn 0.000000 0.000000 1.000000
vn 0.000000 0.000000 1.000000
vn 0.000000 0.000000 1.000000
vn 0.000000 0.000000 1.000000
vn 0.000000 0.000000 1.000000
vn 0.000000 0.000000 1.000000
vn 0.000000 0.000000 1.000000
vn 0.000000 0.000000 1.000000
vn 0.000000 0.000000 1.000000
vn 0.000000 0.000000 1.000000
vn 0.000000 0.000000 1.000000
vn 0.000000 0.000000 1.000000
vn 0.000000 0.000000 1.000000
vn 0.000000 0.000000 1.000000
vn 0.000000 0.000000 1.000000
vn 0.000000 0.000000 1.000000
vn 0.000000 0.000000 1.000000
vn 0.000000 0.000000 1.000000
vn 0.000000 0.000000 1.000000
vn 0.000000 0.000000 1.000000
vn 0.000000 0.000000 1.000000
vn 0.000000 0.000000 1.000000
vn 0.000000 0.000000 1.000000
vn 0.000000 0.000000 1.000000
vn 0.000000 0.000000 1.000000
vn 0.000000 0.000000 1.000000
vn 0.000000 0.000000 1.000000
vn 0.000000 0.000000 1.000000
vn 0.000000 0.000000 1.000000
vn 0.000000 0.000000 1.000000
vn 0.000000 0.000000 1.000000
vn 0.000000 0.000000 1.000000
vn 0.000000 0.000000 1.000000
vn 0.000000 0.000000 1.000000
vn 0.000000 0.000000 1.000000
vn 0.000000 0.000000 1.000000
vn 0.000000 0.000000 1.000000
vn 0.000000 0.000000 1.000000
vn 0.000000 0.000000 1.000000
vn 0.000000 0.000000 1.000000
vn 0.000000 0.000000 1.000000
vn 0.000000 0.000000 1.000000
vn 0.000000 0.000000 1.000000
vn 0.000000 0.000000 1.000000
vn 0.000000 0.000000 1.000000
vn 0.000000 0.000000 1.000000
vn 0.000000 0.000000 1.000000
vn 0.000000 0.000000 1.000000
vn 0.000000 0.000000 1.000000
vn 0.000000 0.000000 1.000000
vn 0.000000 0.000000 1.000000
vn 0.000000 0.000000 1.000000
vn 0.000000 0.000000 1.000000
vn 0.000000 0.000000 1.000000
vn 0.000000 0.000000 1.000000
vn 0.000000 0.000000 1.000000
vn 0.000000 0.000000 1.000000
vn 0.000000 0.000000 1.000000
vn 0.000000 0.000000 1.000000
vn 0.000000 0.000000 1.000000
vn 0.000000 0.000000 1.000000
vn 0.000000 0.000000 1.000000
vn 0.000000 0.000000 1.000000
vn 0.000000 0.000000 1.000000
vn 0.000000 0.000000 1.000000
vn 0.000000 0.000000 1.000000
vn 0.000000 0.000000 1.000000
vn 0.000000 0.000000 1.000000
vn 0.000000 0.000000 1.000000
vn 0.000000 0.000000 1.000000
vn 0.000000 0.000000 1.000000
vn 0.000000 0.000000 1.000000
vn 0.000000 0.000000 1.000000
vn 0.000000 0.000000 1.000000
vn 0.000000 0.000000 1.000000
vn 0.000000 0.000000 1.000000
vn 0.000000 0.000000 1.000000
vn 0.000000 0.000000 1.000000
vn 0.000000 0.000000 1.000000
vn 0.000000 0.000000 1.000000
vn 0.000000 0.000000 1.000000
vn 0.000000 0.000000 1.000000
vn 0.000000 0.000000 1.000000
vn 0.000000 0.000000 1.000000
vn 0.000000 0.000000 1.000000
vn 0.000000 0.000000 1.000000
vn 0.000000 0.000000 1.000000
vn 0.000000 0.000000 1.000000
vn 0.000000 0.000000 1.000000
vn 0.000000 0.000000 1.000000
vn 0.000000 0.000000 1.000000
vn 0.000000 0.000000 1.000000
vn 0.000000 0.000000 1.000000
vn 0.000000 0.000000 1.000000
vn 0.000000 0.000000 1.000000
vn 0.000000 0.000000 1.000000
vn 0.000000 0.000000 1.000000
vn 0.000000 0.000000 1.000000
vn 0.000000 0.000000 1.000000
vn 0.000000 0.000000 1.000000
vn 0.000000 0.000000 1.000000
vn 0.000000 0.000000 1.000000
vn 0.000000 0.000000 1.000000
vn 0.000000 0.000000 1.000000
vn 0.000000 0.000000 1.000000
vn 0.000000 0.000000 1.000000
vn 0.000000 0.000000 1.000000
vn 0.000000 0.000000 1.000000
vn 0.000000 0.000000 1.000000
vn 0.000000 0.000000 1.000000
vn 0.000000 0.000000 1.000000
vn 0.000000 0.000000 1.000000
vn 0.000000 0.000000 1.000000
vn 0.000000 0.000000 1.000000
vn -0.910962 -0.412489 0.000000
vn -0.910962 -0.412489 -0.000000
vn -0.956919 -0.290356 0.000000
vn -0.956919 -0.290356 -0.000000
vn -0.995150 -0.098367 0.000000
vn -0.995150 -0.098367 -0.000000
vn -0.995150 0.098367 0.000000
vn -0.995150 0.098367 0.000000
vn -0.986730 0.162369 0.000000
vn -0.986730 0.162369 0.000000
vn -0.973842 0.227226 0.000000
vn -0.973842 0.227226 0.000000
vn -0.910962 0.412489 0.000000
vn -0.910962 0.412489 0.000000
vn -0.812778 0.582573 0.000000
vn -0.812778 0.582573 0.000000
vn -0.730133 0.683305 0.000000
vn -0.730133 0.683305 0.000000
vn -0.290067 -0.957006 0.000000
vn -0.290067 -0.957006 0.000000
vn 0.935949 -0.352136 0.000000
vn 0.935949 -0.352136 0.000000
vn 0.995199 -0.097874 0.000000
vn 0.995199 -0.097874 0.000000
vn 0.812835 -0.582495 0.000000
vn 0.812835 -0.582495 0.000000
vn 0.910790 -0.412870 0.000000
vn 0.910790 -0.412870 0.000000
vn 0.162963 0.986632 -0.000000
vn 0.162963 0.986632 0.000000
vn 0.032786 0.999462 -0.000000
vn 0.032786 0.999462 0.000000
vn 0.032786 -0.999462 0.000000
vn 0.032786 -0.999462 0.000000
vn -0.352136 0.935949 0.000000
vn -0.352136 0.935949 0.000000
vn -0.528046 0.849216 0.000000
vn -0.528046 0.849216 0.000000
vn 0.772813 0.634634 0.000000
vn 0.772813 0.634634 0.000000
vn 0.683469 0.729979 -0.000000
vn 0.683469 0.729979 0.000000
vn -0.227287 0.973828 0.000000
vn -0.227287 0.973828 0.000000
vn 0.162963 -0.986632 0.000000
vn 0.162963 -0.986632 0.000000
vn -0.097884 0.995198 0.000000
vn -0.097884 0.995198 0.000000
vn 0.528046 -0.849216 0.000000
vn 0.528046 -0.849216 0.000000
vn 0.352136 -0.935949 0.000000
vn 0.352136 -0.935949 0.000000
vn 0.634639 0.772808 -0.000000
vn 0.634639 0.772808 0.000000
vn -0.412870 0.910790 0.000000
vn -0.412870 0.910790 0.000000
vn 0.528046 0.849216 -0.000000
vn 0.528046 0.849216 0.000000
vn 0.634639 -0.772808 0.000000
vn 0.634639 -0.772808 0.000000
vn -0.683469 0.729979 0.000000
vn -0.683469 0.729979 0.000000
vn 0.812835 0.582495 0.000000
vn 0.812835 0.582495 0.000000
vn -0.528046 -0.849216 0.000000
vn -0.528046 -0.849216 0.000000
vn 0.227287 -0.973828 0.000000
vn 0.227287 -0.973828 0.000000
vn 0.729979 -0.683470 0.000000
vn 0.729979 -0.683470 0.000000
vn -0.097884 -0.995198 0.000000
vn -0.097884 -0.995198 0.000000
vn 0.986632 -0.162965 0.000000
vn 0.986632 -0.162965 0.000000
vn 0.352136 0.935949 -0.000000
vn 0.352136 0.935949 0.000000
vn 0.973828 0.227285 0.000000
vn 0.973828 0.227285 0.000000
vn 0.935949 0.352136 0.000000
vn 0.935949 0.352136 0.000000
vn 0.986632 0.162965 0.000000
vn 0.986632 0.162965 0.000000
vn 0.995199 0.097874 0.000000
vn 0.995199 0.097874 0.000000
vn -0.772883 -0.634548 0.000000
vn -0.772883 -0.634548 -0.000000
vn -0.812778 -0.582573 0.000000
vn -0.812778 -0.582573 -0.000000
vn 0.000000 0.000000 1.000000
vn 0.000000 0.000000 1.000000
vn 0.000000 0.000000 1.000000
vn 0.000000 0.000000 1.000000
vn 0.000000 0.000000 1.000000
vn 0.000000 0.000000 1.000000
vn 0.000000 0.000000 1.000000
vn 0.000000 0.000000 1.000000
vn 0.000000 0.000000 1.000000
vn 0.000000 0.000000 1.000000
vn 0.000000 0.000000 1.000000
vn 0.000000 0.000000 1.000000
vn 0.000000 0.000000 1.000000
vn 0.000000 0.000000 1.000000
vn 0.000000 0.000000 1.000000
vn 0.000000 0.000000 1.000000
vn 0.000000 0.000000 1.000000
vn 0.000000 0.000000 1.000000
vn 0.000000 0.000000 1.000000
vn 0.000000 0.000000 1.000000
vn 0.000000 0.000000 1.000000
vn 0.000000 0.000000 1.000000
vn 0.000000 0.000000 1.000000
vn 0.000000 0.000000 1.000000
vn 0.000000 0.000000 1.000000
vn 0.000000 0.000000 1.000000
vn 0.000000 0.000000 1.000000
vn 0.000000 0.000000 1.000000
vn 0.000000 0.000000 1.000000
vn 0.000000 0.000000 1.000000
vn 0.000000 0.000000 1.000000
vn 0.000000 0.000000 1.000000
vn 0.000000 0.000000 1.000000
vn 0.000000 0.000000 1.000000
vn 0.000000 0.000000 1.000000
vn 0.000000 0.000000 1.000000
vn 0.000000 0.000000 1.000000
vn 0.000000 0.000000 1.000000
vn 0.000000 0.000000 1.000000
vn 0.000000 0.000000 1.000000
vn 0.000000 0.000000 1.000000
vn 0.000000 0.000000 1.000000
vn 0.000000 0.000000 1.000000
vn 0.000000 0.000000 1.000000
vn 0.000000 0.000000 1.000000
vn 0.000000 0.000000 1.000000
vn 0.000000 0.000000 1.000000
vn 0.000000 0.000000 1.000000
vn 0.000000 0.000000 1.000000
vn 0.000000 0.000000 1.000000
vn 0.000000 0.000000 1.000000
vn 0.000000 0.000000 1.000000
vn 0.000000 0.000000 1.000000
vn 0.000000 0.000000 1.000000
vn 0.000000 0.000000 1.000000
vn 0.000000 0.000000 1.000000
vn 0.000000 0.000000 1.000000
vn 0.000000 0.000000 1.000000
vn 0.000000 0.000000 1.000000
vn 0.000000 0.000000 1.000000
vn 0.000000 0.000000 1.000000
vn 0.000000 0.000000 1.000000
vn 0.000000 0.000000 1.000000
vn 0.000000 0.000000 1.000000
vn 0.000000 0.000000 1.000000
vn 0.000000 0.000000 1.000000
vn 0.000000 0.000000 1.000000
vn 0.000000 0.000000 1.000000
vn 0.000000 0.000000 1.000000
vn 0.000000 0.000000 1.000000
vn 0.000000 0.000000 1.000000
vn 0.000000 0.000000 1.000000
vn 0.000000 0.000000 1.000000
vn 0.000000 0.000000 1.000000
vn 0.000000 0.000000 1.000000
vn 0.000000 0.000000 1.000000
vn 0.000000 0.000000 1.000000
vn 0.000000 0.000000 1.000000
vn 0.000000 0.000000 1.000000
vn 0.000000 0.000000 1.000000
vn 0.000000 0.000000 1.000000
vn 0.000000 0.000000 1.000000
vn 0.000000 0.000000 1.000000
vn 0.000000 0.000000 1.000000
vn 0.000000 0.000000 1.000000
vn 0.000000 0.000000 1.000000
vn 0.000000 0.000000 1.000000
vn 0.000000 0.000000 1.000000
vn 0.000000 0.000000 1.000000
vn 0.000000 0.000000 1.000000
vn 0.000000 0.000000 1.000000
vn 0.000000 0.000000 1.000000
vn 0.000000 0.000000 1.000000
vn 0.000000 0.000000 1.000000
vn 0.000000 0.000000 1.000000
vn 0.000000 0.000000 1.000000
vn 0.000000 0.000000 1.000000
vn 0.000000 0.000000 1.000000
vn 0.000000 0.000000 1.000000
vn 0.000000 0.000000 1.000000
vn 0.000000 0.000000 1.000000
vn 0.000000 0.000000 1.000000
vn 0.000000 0.000000 1.000000
vn 0.000000 0.000000 1.000000
vn 0.000000 0.000000 1.000000
vn 0.000000 0.000000 1.000000
vn 0.000000 0.000000 1.000000
vn 0.000000 0.000000 1.000000
vn 0.000000 0.000000 1.000000
vn 0.000000 0.000000 1.000000
vn 0.000000 0.000000 1.000000
vn 0.000000 0.000000 1.000000
vn 0.000000 0.000000 1.000000
vn 0.000000 0.000000 1.000000
vn 0.000000 0.000000 1.000000
vn 0.000000 0.000000 1.000000
vn 0.000000 0.000000 1.000000
vn 0.000000 0.000000 1.000000
vn 0.000000 0.000000 1.000000
vn 0.000000 0.000000 1.000000
vn 0.000000 0.000000 1.000000
vn 0.000000 0.000000 1.000000
vn 0.000000 0.000000 1.000000
vn 0.000000 0.000000 1.000000
vn 0.000000 0.000000 1.000000
vn 0.000000 0.000000 1.000000
vn 0.000000 0.000000 1.000000
vn 0.000000 0.000000 1.000000
vn 0.000000 0.000000 1.000000
vn 0.000000 0.000000 1.000000
vn 0.000000 0.000000 1.000000
vn 0.000000 0.000000 1.000000
vn 0.000000 0.000000 1.000000
vn 0.000000 0.000000 1.000000
vn 0.000000 0.000000 1.000000
vn 0.000000 0.000000 1.000000
vn 0.000000 0.000000 1.000000
vn 0.000000 0.000000 1.000000
vn 0.000000 0.000000 1.000000
vn 0.000000 0.000000 1.000000
vn 0.000000 0.000000 1.000000
vn 0.000000 0.000000 1.000000
vn 0.000000 0.000000 1.000000
vn 0.000000 0.000000 1.000000
vn 0.000000 0.000000 1.000000
vn 0.000000 0.000000 1.000000
vn 0.000000 0.000000 1.000000
vn 0.000000 0.000000 1.000000
vn 0.000000 0.000000 1.000000
vn 0.000000 0.000000 1.000000
vn 0.000000 0.000000 1.000000
vn 0.000000 0.000000 1.000000
vn 0.000000 0.000000 1.000000
vn 0.000000 0.000000 1.000000
vn 0.000000 0.000000 1.000000
vn 0.000000 0.000000 1.000000
vn 0.000000 0.000000 1.000000
vn 0.000000 0.000000 1.000000
vn 0.000000 0.000000 1.000000
vn 0.000000 0.000000 1.000000
vn 0.000000 0.000000 1.000000
vn 0.000000 0.000000 1.000000
vn 0.000000 0.000000 1.000000
vn 0.000000 0.000000 1.000000
vn 0.000000 0.000000 1.000000
vn 0.000000 0.000000 1.000000
vn 0.000000 0.000000 1.000000
vn 0.000000 0.000000 1.000000
vn 0.000000 0.000000 1.000000
vn 0.000000 0.000000 1.000000
vn 0.000000 0.000000 1.000000
vn 0.000000 0.000000 1.000000
vn 0.000000 0.000000 1.000000
vn 0.000000 0.000000 1.000000
vn 0.000000 0.000000 1.000000
vn 0.000000 0.000000 1.000000
vn 0.000000 0.000000 1.000000
vn 0.000000 0.000000 1.000000
vn 0.000000 0.000000 1.000000
vn 0.000000 0.000000 1.000000
vn 0.000000 0.000000 1.000000
vn 0.000000 0.000000 1.000000
vn 0.000000 0.000000 1.000000
vn 0.000000 0.000000 1.000000
vn 0.000000 0.000000 1.000000
vn 0.000000 0.000000 1.000000
vn 0.000000 0.000000 1.000000
vn 0.000000 0.000000 1.000000
vn 0.000000 0.000000 1.000000
vn 0.000000 0.000000 1.000000
vn 0.000000 0.000000 1.000000
vn 0.000000 0.000000 1.000000
vn -0.956919 -0.290356 0.000000
vn -0.956919 -0.290356 -0.000000
vn -0.995150 -0.098367 0.000000
vn -0.995150 -0.098367 -0.000000
vn -0.995150 0.098367 0.000000
vn -0.995150 0.098367 0.000000
vn -0.986730 0.162369 0.000000
vn -0.986730 0.162369 0.000000
vn -0.973842 0.227226 0.000000
vn -0.973842 0.227226 0.000000
vn -0.910962 0.412489 0.000000
vn -0.910962 0.412489 0.000000
vn -0.812778 0.582573 0.000000
vn -0.812778 0.582573 0.000000
vn -0.730133 0.683305 0.000000
vn -0.730133 0.683305 0.000000
vn -0.290067 -0.957006 0.000000
vn -0.290067 -0.957006 0.000000
vn 0.935949 -0.352136 0.000000
vn 0.935949 -0.352136 0.000000
vn 0.995199 -0.097874 0.000000
vn 0.995199 -0.097874 0.000000
vn 0.812835 -0.582495 0.000000
vn 0.812835 -0.582495 0.000000
vn 0.910790 -0.412870 0.000000
vn 0.910790 -0.412870 0.000000
vn 0.162963 0.986632 -0.000000
vn 0.162963 0.986632 0.000000
vn 0.032786 0.999462 -0.000000
vn 0.032786 0.999462 0.000000
vn -0.162963 -0.986632 0.000000
vn -0.162963 -0.986632 0.000000
vn 0.032786 -0.999462 0.000000
vn 0.032786 -0.999462 0.000000
vn -0.352136 0.935949 0.000000
vn -0.352136 0.935949 0.000000
vn -0.528046 0.849216 0.000000
vn -0.528046 0.849216 0.000000
vn 0.772813 0.634634 0.000000
vn 0.772813 0.634634 0.000000
vn 0.683469 0.729979 -0.000000
vn 0.683469 0.729979 0.000000
vn -0.227287 0.973828 0.000000
vn -0.227287 0.973828 0.000000
vn 0.162963 -0.986632 0.000000
vn 0.162963 -0.986632 0.000000
vn -0.097884 0.995198 0.000000
vn -0.097884 0.995198 0.000000
vn 0.528046 -0.849216 0.000000
vn 0.528046 -0.849216 0.000000
vn 0.352136 -0.935949 0.000000
vn 0.352136 -0.935949 0.000000
vn 0.634639 0.772808 -0.000000
vn 0.634639 0.772808 0.000000
vn -0.412870 0.910790 0.000000
vn -0.412870 0.910790 0.000000
vn 0.528046 0.849216 -0.000000
vn 0.528046 0.849216 0.000000
vn 0.634639 -0.772808 0.000000
vn 0.634639 -0.772808 0.000000
vn 0.812835 0.582495 0.000000
vn 0.812835 0.582495 0.000000
vn -0.528046 -0.849216 0.000000
vn -0.528046 -0.849216 0.000000
vn 0.227287 -0.973828 0.000000
vn 0.227287 -0.973828 0.000000
vn -0.634639 0.772808 0.000000
vn -0.634639 0.772808 0.000000
vn 0.729979 -0.683470 0.000000
vn 0.729979 -0.683470 0.000000
vn 0.986632 -0.162965 0.000000
vn 0.986632 -0.162965 0.000000
vn 0.352136 0.935949 -0.000000
vn 0.352136 0.935949 0.000000
vn 0.973828 0.227285 0.000000
vn 0.973828 0.227285 0.000000
vn 0.935949 0.352136 0.000000
vn 0.935949 0.352136 0.000000
vn 0.986632 0.162965 0.000000
vn 0.986632 0.162965 0.000000
vn 0.995199 0.097874 0.000000
vn 0.995199 0.097874 0.000000
vn -0.812778 -0.582573 0.000000
vn -0.812778 -0.582573 -0.000000
vn 0.000000 0.000000 1.000000
vn 0.000000 0.000000 1.000000
vn 0.000000 0.000000 1.000000
vn 0.000000 0.000000 1.000000
vn 0.000000 0.000000 1.000000
vn 0.000000 0.000000 1.000000
vn 0.000000 0.000000 1.000000
vn 0.000000 0.000000 1.000000
vn 0.000000 0.000000 1.000000
vn 0.000000 0.000000 1.000000
vn 0.000000 0.000000 1.000000
vn 0.000000 0.000000 1.000000
vn 0.000000 0.000000 1.000000
vn 0.000000 0.000000 1.000000
vn 0.000000 0.000000 1.000000
vn 0.000000 0.000000 1.000000
vn 0.000000 0.000000 1.000000
vn 0.000000 0.000000 1.000000
vn 0.000000 0.000000 1.000000
vn 0.000000 0.000000 1.000000
vn 0.000000 0.000000 1.000000
vn 0.000000 0.000000 1.000000
vn 0.000000 0.000000 1.000000
vn 0.000000 0.000000 1.000000
vn 0.000000 0.000000 1.000000
vn 0.000000 0.000000 1.000000
vn 0.000000 0.000000 1.000000
vn 0.000000 0.000000 1.000000
vn 0.000000 0.000000 1.000000
vn 0.000000 0.000000 1.000000
vn 0.000000 0.000000 1.000000
vn 0.000000 0.000000 1.000000
vn 0.000000 0.000000 1.000000
vn 0.000000 0.000000 1.000000
vn 0.000000 0.000000 1.000000
vn 0.000000 0.000000 1.000000
vn 0.000000 0.000000 1.000000
vn 0.000000 0.000000 1.000000
vn 0.000000 0.000000 1.000000
vn 0.000000 0.000000 1.000000
vn 0.000000 0.000000 1.000000
vn 0.000000 0.000000 1.000000
vn 0.000000 0.000000 1.000000
vn 0.000000 0.000000 1.000000
vn 0.000000 0.000000 1.000000
vn 0.000000 0.000000 1.000000
vn 0.000000 0.000000 1.000000
vn 0.000000 0.000000 1.000000
vn 0.000000 0.000000 1.000000
vn 0.000000 0.000000 1.000000
vn 0.000000 0.000000 1.000000
vn 0.000000 0.000000 1.000000
vn 0.000000 0.000000 1.000000
vn 0.000000 0.000000 1.000000
vn 0.000000 0.000000 1.000000
vn 0.000000 0.000000 1.000000
vn 0.000000 0.000000 1.000000
vn 0.000000 0.000000 1.000000
vn 0.000000 0.000000 1.000000
vn 0.000000 0.000000 1.000000
vn 0.000000 0.000000 1.000000
vn 0.000000 0.000000 1.000000
vn 0.000000 0.000000 1.000000
vn 0.000000 0.000000 1.000000
vn 0.000000 0.000000 1.000000
vn 0.000000 0.000000 1.000000
vn 0.000000 0.000000 1.000000
vn 0.000000 0.000000 1.000000
vn 0.000000 0.000000 1.000000
vn 0.000000 0.000000 1.000000
vn 0.000000 0.000000 1.000000
vn 0.000000 0.000000 1.000000
vn 0.000000 0.000000 1.000000
vn 0.000000 0.000000 1.000000
vn 0.000000 0.000000 1.000000
vn 0.000000 0.000000 1.000000
vn 0.000000 0.000000 1.000000
vn 0.000000 0.000000 1.000000
vn 0.000000 0.000000 1.000000
vn 0.000000 0.000000 1.000000
vn 0.000000 0.000000 1.000000
vn 0.000000 0.000000 1.000000
vn 0.000000 0.000000 1.000000
vn 0.000000 0.000000 1.000000
vn 0.000000 0.000000 1.000000
vn 0.000000 0.000000 1.000000
vn 0.000000 0.000000 1.000000
vn 0.000000 0.000000 1.000000
vn 0.000000 0.000000 1.000000
vn 0.000000 0.000000 1.000000
vn 0.000000 0.000000 1.000000
vn 0.000000 0.000000 1.000000
vn 0.000000 0.000000 1.000000
vn 0.000000 0.000000 1.000000
vn 0.000000 0.000000 1.000000
vn 0.000000 0.000000 1.000000
vn 0.000000 0.000000 1.000000
vn 0.000000 0.000000 1.000000
vn 0.000000 0.000000 1.000000
vn 0.000000 0.000000 1.000000
vn 0.000000 0.000000 1.000000
vn 0.000000 0.000000 1.000000
vn 0.000000 0.000000 1.000000
vn 0.000000 0.000000 1.000000
vn 0.000000 0.000000 1.000000
vn 0.000000 0.000000 1.000000
vn 0.000000 0.000000 1.000000
vn 0.000000 0.000000 1.000000
vn 0.000000 0.000000 1.000000
vn 0.000000 0.000000 1.000000
vn 0.000000 0.000000 1.000000
vn 0.000000 0.000000 1.000000
vn 0.000000 0.000000 1.000000
vn 0.000000 0.000000 1.000000
vn 0.000000 0.000000 1.000000
vn 0.000000 0.000000 1.000000
vn 0.000000 0.000000 1.000000
vn 0.000000 0.000000 1.000000
vn 0.000000 0.000000 1.000000
vn 0.000000 0.000000 1.000000
vn 0.000000 0.000000 1.000000
vn 0.000000 0.000000 1.000000
vn 0.000000 0.000000 1.000000
vn 0.000000 0.000000 1.000000
vn 0.000000 0.000000 1.000000
vn 0.000000 0.000000 1.000000
vn 0.000000 0.000000 1.000000
vn 0.000000 0.000000 1.000000
vn 0.000000 0.000000 1.000000
vn 0.000000 0.000000 1.000000
vn 0.000000 0.000000 1.000000
vn 0.000000 0.000000 1.000000
vn 0.000000 0.000000 1.000000
vn 0.000000 0.000000 1.000000
vn 0.000000 0.000000 1.000000
vn 0.000000 0.000000 1.000000
vn 0.000000 0.000000 1.000000
vn 0.000000 0.000000 1.000000
vn 0.000000 0.000000 1.000000
vn 0.000000 0.000000 1.000000
vn 0.000000 0.000000 1.000000
vn 0.000000 0.000000 1.000000
vn 0.000000 0.000000 1.000000
vn 0.000000 0.000000 1.000000
vn 0.000000 0.000000 1.000000
vn 0.000000 0.000000 1.000000
vn 0.000000 0.000000 1.000000
vn 0.000000 0.000000 1.000000
vn 0.000000 0.000000 1.000000
vn 0.000000 0.000000 1.000000
vn 0.000000 0.000000 1.000000
vn 0.000000 0.000000 1.000000
vn 0.000000 0.000000 1.000000
vn 0.000000 0.000000 1.000000
vn 0.000000 0.000000 1.000000
vn 0.000000 0.000000 1.000000
vn 0.000000 0.000000 1.000000
vn 0.000000 0.000000 1.000000
vn 0.000000 0.000000 1.000000
vn 0.000000 0.000000 1.000000
vn 0.000000 0.000000 1.000000
vn 0.000000 0.000000 1.000000
vn 0.000000 0.000000 1.000000
vn 0.000000 0.000000 1.000000
vn 0.000000 0.000000 1.000000
vn 0.000000 0.000000 1.000000
vn 0.000000 0.000000 1.000000
vn 0.000000 0.000000 1.000000
vn 0.000000 0.000000 1.000000
vn 0.000000 0.000000 1.000000
vn 0.000000 0.000000 1.000000
vn 0.000000 0.000000 1.000000
vn 0.000000 0.000000 1.000000
vn 0.000000 0.000000 1.000000
vn 0.000000 0.000000 1.000000
vn 0.000000 0.000000 1.000000
vn 0.000000 0.000000 1.000000
vn 0.000000 0.000000 1.000000
vn 0.000000 0.000000 1.000000
vn 0.000000 0.000000 1.000000
vn 0.000000 0.000000 1.000000
vn 0.000000 0.000000 1.000000
vn 0.000000 0.000000 1.000000
vn 0.000000 0.000000 1.000000
vn 0.000000 0.000000 1.000000
vn 0.000000 0.000000 1.000000
vn 0.000000 0.000000 1.000000
vn 0.000000 0.000000 1.000000
vn 0.000000 0.000000 1.000000
vn 0.000000 0.000000 1.000000
vn 0.000000 0.000000 1.000000
vn 0.000000 0.000000 1.000000
vn -0.910962 -0.412489 0.000000
vn -0.910962 -0.412489 -0.000000
vn -0.935861 -0.352371 0.000000
vn -0.935861 -0.352371 -0.000000
vn -0.995150 -0.098367 0.000000
vn -0.995150 -0.098367 -0.000000
vn -0.986730 0.162369 0.000000
vn -0.986730 0.162369 0.000000
vn -0.956919 0.290356 0.000000
vn -0.956919 0.290356 0.000000
vn -0.910962 0.412489 0.000000
vn -0.910962 0.412489 0.000000
vn -0.881660 0.471885 0.000000
vn -0.881660 0.471885 0.000000
vn -0.772883 0.634548 0.000000
vn -0.772883 0.634548 0.000000
vn 0.634639 -0.772808 0.000000
vn 0.634639 -0.772808 0.000000
vn 0.812835 -0.582495 0.000000
vn 0.812835 -0.582495 0.000000
vn -0.582491 -0.812837 0.000000
vn -0.582491 -0.812837 0.000000
vn 0.683469 0.729979 -0.000000
vn 0.683469 0.729979 0.000000
vn -0.162963 -0.986632 0.000000
vn -0.162963 -0.986632 0.000000
vn 0.097884 0.995198 -0.000000
vn 0.097884 0.995198 0.000000
vn 0.957003 0.290079 0.000000
vn 0.957003 0.290079 0.000000
vn -0.412870 0.910790 0.000000
vn -0.412870 0.910790 0.000000
vn -0.032786 0.999462 0.000000
vn -0.032786 0.999462 0.000000
vn -0.290067 -0.957006 0.000000
vn -0.290067 -0.957006 0.000000
vn 0.772813 -0.634634 0.000000
vn 0.772813 -0.634634 0.000000
vn -0.471328 -0.881958 0.000000
vn -0.471328 -0.881958 0.000000
vn 0.849212 0.528052 0.000000
vn 0.849212 0.528052 0.000000
vn -0.683469 0.729979 0.000000
vn -0.683469 0.729979 0.000000
vn 0.772813 0.634634 0.000000
vn 0.772813 0.634634 0.000000
vn -0.582491 0.812837 0.000000
vn -0.582491 0.812837 0.000000
vn -0.032786 -0.999462 0.000000
vn -0.032786 -0.999462 0.000000
vn 0.634639 0.772808 -0.000000
vn 0.634639 0.772808 0.000000
vn 0.097884 -0.995198 0.000000
vn 0.097884 -0.995198 0.000000
vn 0.471328 0.881958 -0.000000
vn 0.471328 0.881958 0.000000
vn -0.471328 0.881958 0.000000
vn -0.471328 0.881958 0.000000
vn 0.935949 -0.352136 0.000000
vn 0.935949 -0.352136 0.000000
vn 0.227287 0.973828 -0.000000
vn 0.227287 0.973828 0.000000
vn 0.528046 -0.849216 0.000000
vn 0.528046 -0.849216 0.000000
vn 0.162963 -0.986632 0.000000
vn 0.162963 -0.986632 0.000000
vn 0.290067 -0.957006 0.000000
vn 0.290067 -0.957006 0.000000
vn 0.412870 -0.910790 0.000000
vn 0.412870 -0.910790 0.000000
vn 0.881962 -0.471321 0.000000
vn 0.881962 -0.471321 0.000000
vn -0.097884 0.995198 0.000000
vn -0.097884 0.995198 0.000000
vn 0.986632 -0.162965 0.000000
vn 0.986632 -0.162965 0.000000
vn 0.973828 0.227285 0.000000
vn 0.973828 0.227285 0.000000
vn 0.986632 0.162965 0.000000
vn 0.986632 0.162965 0.000000
vn 0.995199 0.097874 0.000000
vn 0.995199 0.097874 0.000000
vn -0.812778 -0.582573 0.000000
vn -0.812778 -0.582573 -0.000000
vn 0.000000 0.000000 1.000000
vn 0.000000 0.000000 1.000000
vn 0.000000 0.000000 1.000000
vn 0.000000 0.000000 1.000000
vn 0.000000 0.000000 1.000000
vn 0.000000 0.000000 1.000000
vn 0.000000 0.000000 1.000000
vn 0.000000 0.000000 1.000000
vn 0.000000 0.000000 1.000000
vn 0.000000 0.000000 1.000000
vn 0.000000 0.000000 1.000000
vn 0.000000 0.000000 1.000000
vn 0.000000 0.000000 1.000000
vn 0.000000 0.000000 1.000000
vn 0.000000 0.000000 1.000000
vn 0.000000 0.000000 1.000000
vn 0.000000 0.000000 1.000000
vn 0.000000 0.000000 1.000000
vn 0.000000 0.000000 1.000000
vn 0.000000 0.000000 1.000000
vn 0.000000 0.000000 1.000000
vn 0.000000 0.000000 1.000000
vn 0.000000 0.000000 1.000000
vn 0.000000 0.000000 1.000000
vn 0.000000 0.000000 1.000000
vn 0.000000 0.000000 1.000000
vn 0.000000 0.000000 1.000000
vn 0.000000 0.000000 1.000000
vn 0.000000 0.000000 1.000000
vn 0.000000 0.000000 1.000000
vn 0.000000 0.000000 1.000000
vn 0.000000 0.000000 1.000000
vn 0.000000 0.000000 1.000000
vn 0.000000 0.000000 1.000000
vn 0.000000 0.000000 1.000000
vn 0.000000 0.000000 1.000000
vn 0.000000 0.000000 1.000000
vn 0.000000 0.000000 1.000000
vn 0.000000 0.000000 1.000000
vn 0.000000 0.000000 1.000000
vn 0.000000 0.000000 1.000000
vn 0.000000 0.000000 1.000000
vn 0.000000 0.000000 1.000000
vn 0.000000 0.000000 1.000000
vn 0.000000 0.000000 1.000000
vn 0.000000 0.000000 1.000000
vn 0.000000 0.000000 1.000000
vn 0.000000 0.000000 1.000000
vn 0.000000 0.000000 1.000000
vn 0.000000 0.000000 1.000000
vn 0.000000 0.000000 1.000000
vn 0.000000 0.000000 1.000000
vn 0.000000 0.000000 1.000000
vn 0.000000 0.000000 1.000000
vn 0.000000 0.000000 1.000000
vn 0.000000 0.000000 1.000000
vn 0.000000 0.000000 1.000000
vn 0.000000 0.000000 1.000000
vn 0.000000 0.000000 1.000000
vn 0.000000 0.000000 1.000000
vn 0.000000 0.000000 1.000000
vn 0.000000 0.000000 1.000000
vn 0.000000 0.000000 1.000000
vn 0.000000 0.000000 1.000000
vn 0.000000 0.000000 1.000000
vn 0.000000 0.000000 1.000000
vn 0.000000 0.000000 1.000000
vn 0.000000 0.000000 1.000000
vn 0.000000 0.000000 1.000000
vn 0.000000 0.000000 1.000000
vn 0.000000 0.000000 1.000000
vn 0.000000 0.000000 1.000000
vn 0.000000 0.000000 1.000000
vn 0.000000 0.000000 1.000000
vn 0.000000 0.000000 1.000000
vn 0.000000 0.000000 1.000000
vn 0.000000 0.000000 1.000000
vn 0.000000 0.000000 1.000000
vn 0.000000 0.000000 1.000000
vn 0.000000 0.000000 1.000000
vn 0.000000 0.000000 1.000000
vn 0.000000 0.000000 1.000000
vn 0.000000 0.000000 1.000000
vn 0.000000 0.000000 1.000000
vn 0.000000 0.000000 1.000000
vn 0.000000 0.000000 1.000000
vn 0.000000 0.000000 1.000000
vn 0.000000 0.000000 1.000000
vn 0.000000 0.000000 1.000000
vn 0.000000 0.000000 1.000000
vn 0.000000 0.000000 1.000000
vn 0.000000 0.000000 1.000000
vn 0.000000 0.000000 1.000000
vn 0.000000 0.000000 1.000000
vn 0.000000 0.000000 1.000000
vn 0.000000 0.000000 1.000000
vn 0.000000 0.000000 1.000000
vn 0.000000 0.000000 1.000000
vn 0.000000 0.000000 1.000000
vn 0.000000 0.000000 1.000000
vn 0.000000 0.000000 1.000000
vn 0.000000 0.000000 1.000000
vn 0.000000 0.000000 1.000000
vn 0.000000 0.000000 1.000000
vn 0.000000 0.000000 1.000000
vn 0.000000 0.000000 1.000000
vn 0.000000 0.000000 1.000000
vn 0.000000 0.000000 1.000000
vn 0.000000 0.000000 1.000000
vn 0.000000 0.000000 1.000000
vn 0.000000 0.000000 1.000000
vn 0.000000 0.000000 1.000000
vn 0.000000 0.000000 1.000000
vn 0.000000 0.000000 1.000000
vn 0.000000 0.000000 1.000000
vn 0.000000 0.000000 1.000000
vn 0.000000 0.000000 1.000000
vn 0.000000 0.000000 1.000000
vn 0.000000 0.000000 1.000000
vn 0.000000 0.000000 1.000000
vn 0.000000 0.000000 1.000000
vn 0.000000 0.000000 1.000000
vn 0.000000 0.000000 1.000000
vn 0.000000 0.000000 1.000000
vn 0.000000 0.000000 1.000000
vn 0.000000 0.000000 1.000000
vn 0.000000 0.000000 1.000000
vn 0.000000 0.000000 1.000000
vn 0.000000 0.000000 1.000000
vn 0.000000 0.000000 1.000000
vn 0.000000 0.000000 1.000000
vn 0.000000 0.000000 1.000000
vn 0.000000 0.000000 1.000000
vn 0.000000 0.000000 1.000000
vn 0.000000 0.000000 1.000000
vn 0.000000 0.000000 1.000000
vn 0.000000 0.000000 1.000000
vn 0.000000 0.000000 1.000000
vn 0.000000 0.000000 1.000000
vn 0.000000 0.000000 1.000000
vn 0.000000 0.000000 1.000000
vn 0.000000 0.000000 1.000000
vn 0.000000 0.000000 1.000000
vn 0.000000 0.000000 1.000000
vn 0.000000 0.000000 1.000000
vn 0.000000 0.000000 1.000000
vn 0.000000 0.000000 1.000000
vn 0.000000 0.000000 1.000000
vn 0.000000 0.000000 1.000000
vn 0.000000 0.000000 1.000000
vn 0.000000 0.000000 1.000000
vn 0.000000 0.000000 1.000000
vn 0.000000 0.000000 1.000000
vn 0.000000 0.000000 1.000000
vn 0.000000 0.000000 1.000000
vn 0.000000 0.000000 1.000000
vn 0.000000 0.000000 1.000000
vn 0.000000 0.000000 1.000000
vn 0.000000 0.000000 1.000000
vn 0.000000 0.000000 1.000000
vn 0.000000 0.000000 1.000000
vn 0.000000 0.000000 1.000000
vn 0.000000 0.000000 1.000000
vn 0.000000 0.000000 1.000000
vn 0.000000 0.000000 1.000000
vn 0.000000 0.000000 1.000000
vn 0.000000 0.000000 1.000000
vn 0.000000 0.000000 1.000000
vn 0.000000 0.000000 1.000000
vn 0.000000 0.000000 1.000000
vn 0.000000 0.000000 1.000000
vn 0.000000 0.000000 1.000000
vn 0.000000 0.000000 1.000000
vn 0.000000 0.000000 1.000000
vn 0.000000 0.000000 1.000000
vn 0.000000 0.000000 1.000000
vn 0.000000 0.000000 1.000000
vn 0.000000 0.000000 1.000000
vn 0.000000 0.000000 1.000000
vn 0.000000 0.000000 1.000000
vn 0.000000 0.000000 1.000000
vn 0.000000 0.000000 1.000000
vn 0.000000 0.000000 1.000000
vn 0.000000 0.000000 1.000000
vn 0.000000 0.000000 1.000000
vn 0.000000 0.000000 1.000000
vn 0.000000 0.000000 1.000000
vn 0.000000 0.000000 1.000000
vn 0.000000 0.000000 1.000000
vn 0.000000 0.000000 1.000000
vn 0.000000 0.000000 1.000000
vn 0.000000 0.000000 1.000000
vn -0.910962 -0.412489 0.000000
vn -0.910962 -0.412489 -0.000000
vn -0.935861 -0.352371 0.000000
vn -0.935861 -0.352371 -0.000000
vn -0.995150 -0.098367 0.000000
vn -0.995150 -0.098367 -0.000000
vn -0.986730 0.162369 0.000000
vn -0.986730 0.162369 0.000000
vn -0.956919 0.290356 0.000000
vn -0.956919 0.290356 0.000000
vn -0.910962 0.412489 0.000000
vn -0.910962 0.412489 0.000000
vn -0.881660 0.471885 0.000000
vn -0.881660 0.471885 0.000000
vn -0.772883 0.634548 0.000000
vn -0.772883 0.634548 0.000000
vn 0.634639 -0.772808 0.000000
vn 0.634639 -0.772808 0.000000
vn 0.812835 -0.582495 0.000000
vn 0.812835 -0.582495 0.000000
vn -0.582491 -0.812837 0.000000
vn -0.582491 -0.812837 0.000000
vn 0.683469 0.729979 -0.000000
vn 0.683469 0.729979 0.000000
vn -0.162963 -0.986632 0.000000
vn -0.162963 -0.986632 0.000000
vn 0.097884 0.995198 -0.000000
vn 0.097884 0.995198 0.000000
vn 0.957003 0.290079 0.000000
vn 0.957003 0.290079 0.000000
vn -0.412870 0.910790 0.000000
vn -0.412870 0.910790 0.000000
vn -0.032786 0.999462 0.000000
vn -0.032786 0.999462 0.000000
vn -0.290067 -0.957006 0.000000
vn -0.290067 -0.957006 0.000000
vn 0.772813 -0.634634 0.000000
vn 0.772813 -0.634634 0.000000
vn -0.471328 -0.881958 0.000000
vn -0.471328 -0.881958 0.000000
vn 0.849212 0.528052 0.000000
vn 0.849212 0.528052 0.000000
vn -0.683469 0.729979 0.000000
vn -0.683469 0.729979 0.000000
vn 0.772813 0.634634 0.000000
vn 0.772813 0.634634 0.000000
vn -0.582491 0.812837 0.000000
vn -0.582491 0.812837 0.000000
vn -0.032786 -0.999462 0.000000
vn -0.032786 -0.999462 0.000000
vn 0.634639 0.772808 -0.000000
vn 0.634639 0.772808 0.000000
vn 0.097884 -0.995198 0.000000
vn 0.097884 -0.995198 0.000000
vn 0.471328 0.881958 -0.000000
vn 0.471328 0.881958 0.000000
vn -0.471328 0.881958 0.000000
vn -0.471328 0.881958 0.000000
vn 0.935949 -0.352136 0.000000
vn 0.935949 -0.352136 0.000000
vn 0.227287 0.973828 -0.000000
vn 0.227287 0.973828 0.000000
vn 0.528046 -0.849216 0.000000
vn 0.528046 -0.849216 0.000000
vn 0.162963 -0.986632 0.000000
vn 0.162963 -0.986632 0.000000
vn 0.290067 -0.957006 0.000000
vn 0.290067 -0.957006 0.000000
vn 0.412870 -0.910790 0.000000
vn 0.412870 -0.910790 0.000000
vn 0.881962 -0.471321 0.000000
vn 0.881962 -0.471321 0.000000
vn -0.097884 0.995198 0.000000
vn -0.097884 0.995198 0.000000
vn 0.986632 -0.162965 0.000000
vn 0.986632 -0.162965 0.000000
vn 0.973828 0.227285 0.000000
vn 0.973828 0.227285 0.000000
vn 0.986632 0.162965 0.000000
vn 0.986632 0.162965 0.000000
vn 0.995199 0.097874 0.000000
vn 0.995199 0.097874 0.000000
vn -1.000000 0.000000 0.000000
vn -1.000000 0.000000 0.000000
vn 1.000000 -0.000000 0.000000
vn 1.000000 0.000000 0.000000
vn 0.000000 0.000000 -1.000000
vn 0.000000 0.000000 -1.000000
vn -1.000000 0.000000 0.000000
vn -1.000000 0.000000 0.000000
vn 0.000000 -1.000000 0.000000
vn 0.000000 -1.000000 0.000000
vn 1.000000 -0.000000 0.000000
vn 1.000000 0.000000 0.000000
vn 0.000000 1.000000 0.000000
vn 0.000000 1.000000 0.000000
vn 0.999462 0.032786 0.000000
vn 0.999462 0.032786 0.000000
vn -0.881962 -0.471321 0.000000
vn -0.881962 -0.471321 -0.000000
vn -0.812835 0.582495 0.000000
vn -0.812835 0.582495 0.000000
vn -0.881962 0.471321 0.000000
vn -0.881962 0.471321 0.000000
vn 0.290067 0.957006 -0.000000
vn 0.290067 0.957006 0.000000
vn -0.935949 -0.352136 0.000000
vn -0.935949 -0.352136 -0.000000
vn -0.999462 0.032786 0.000000
vn -0.999462 0.032786 0.000000
vn -0.957003 -0.290079 0.000000
vn -0.957003 -0.290079 -0.000000
vn 0.849212 0.528052 0.000000
vn 0.849212 0.528052 0.000000
vn -0.910790 -0.412870 0.000000
vn -0.910790 -0.412870 -0.000000
vn -0.995199 -0.097874 0.000000
vn -0.995199 -0.097874 -0.000000
vn -0.910790 0.412870 0.000000
vn -0.910790 0.412870 0.000000
vn 0.471328 0.881958 -0.000000
vn 0.471328 0.881958 0.000000
vn 0.729979 0.683470 0.000000
vn 0.729979 0.683470 0.000000
vn -0.973828 0.227285 0.000000
vn -0.973828 0.227285 0.000000
vn 0.881962 0.471321 0.000000
vn 0.881962 0.471321 0.000000
vn 0.097884 -0.995198 0.000000
vn 0.097884 -0.995198 0.000000
vn 0.957003 0.290079 0.000000
vn 0.957003 0.290079 0.000000
vn 0.412870 -0.910790 0.000000
vn 0.412870 -0.910790 0.000000
vn -0.935949 0.352136 0.000000
vn -0.935949 0.352136 0.000000
vn 0.471328 -0.881958 0.000000
vn 0.471328 -0.881958 0.000000
vn -0.729979 -0.683470 0.000000
vn -0.729979 -0.683470 -0.000000
vn -0.729979 0.683470 0.000000
vn -0.729979 0.683470 0.000000
vn 0.910790 0.412870 0.000000
vn 0.910790 0.412870 0.000000
vn -0.162963 0.986632 0.000000
vn -0.162963 0.986632 0.000000
vn -0.986632 -0.162965 0.000000
vn -0.986632 -0.162965 -0.000000
vn -0.772813 -0.634634 0.000000
vn -0.772813 -0.634634 -0.000000
vn 0.582491 0.812837 -0.000000
vn 0.582491 0.812837 0.000000
vn 0.412870 0.910790 -0.000000
vn 0.412870 0.910790 0.000000
vn 0.772813 -0.634634 0.000000
vn 0.772813 -0.634634 0.000000
vn 0.881962 -0.471321 0.000000
vn 0.881962 -0.471321 0.000000
vn -0.032786 -0.999462 0.000000
vn -0.032786 -0.999462 0.000000
vn 0.957003 -0.290079 0.000000
vn 0.957003 -0.290079 0.000000
vn -0.227287 -0.973828 0.000000
vn -0.227287 -0.973828 0.000000
vn 0.290067 -0.957006 0.000000
vn 0.290067 -0.957006 0.000000
vn -0.352136 -0.935949 0.000000
vn -0.352136 -0.935949 0.000000
vn -0.995199 0.097874 0.000000
vn -0.995199 0.097874 0.000000
vn -0.634639 -0.772808 0.000000
vn -0.634639 -0.772808 0.000000
vn -0.812835 -0.582495 0.000000
vn -0.812835 -0.582495 -0.000000
vn -0.772813 0.634634 0.000000
vn -0.772813 0.634634 0.000000
vn -0.986632 0.162965 0.000000
vn -0.986632 0.162965 0.000000
vn -0.973828 -0.227285 0.000000
vn -0.973828 -0.227285 -0.000000
vn -0.849212 -0.528052 0.000000
vn -0.849212 -0.528052 -0.000000
vn 0.973828 -0.227285 0.000000
vn 0.973828 -0.227285 0.000000
vn -0.032786 0.999462 0.000000
vn -0.032786 0.999462 0.000000
vn -0.582491 0.812837 0.000000
vn -0.582491 0.812837 0.000000
vn -0.999462 -0.032786 0.000000
vn -0.999462 -0.032786 -0.000000
vn 0.683469 -0.729979 0.000000
vn 0.683469 -0.729979 0.000000
vn -0.162963 -0.986632 0.000000
vn -0.162963 -0.986632 0.000000
vn 0.999462 -0.032786 0.000000
vn 0.999462 -0.032786 0.000000
vn -0.290067 0.957006 0.000000
vn -0.290067 0.957006 0.000000
vn -0.849212 0.528052 0.000000
vn -0.849212 0.528052 0.000000
vn 0.849212 -0.528052 0.000000
vn 0.849212 -0.528052 0.000000
vn -0.957003 0.290079 0.000000
vn -0.957003 0.290079 0.000000
vn -0.683469 -0.729979 0.000000
vn -0.683469 -0.729979 0.000000
vn 0.097884 0.995198 -0.000000
vn 0.097884 0.995198 0.000000
vn -0.634639 0.772808 0.000000
vn -0.634639 0.772808 0.000000
vn -0.412870 -0.910790 0.000000
vn -0.412870 -0.910790 0.000000
vn 0.227287 0.973828 -0.000000
vn 0.227287 0.973828 0.000000
vn -0.471328 0.881958 0.000000
vn -0.471328 0.881958 0.000000
vn -0.582491 -0.812837 0.000000
vn -0.582491 -0.812837 0.000000
vn 0.582491 -0.812837 0.000000
vn 0.582491 -0.812837 0.000000
vn -0.471328 -0.881958 0.000000
vn -0.471328 -0.881958 0.000000
vn 0.999462 0.032786 0.000000
vn 0.999462 0.032786 0.000000
vn -0.881962 -0.471321 0.000000
vn -0.881962 -0.471321 -0.000000
vn -0.812835 0.582495 0.000000
vn -0.812835 0.582495 0.000000
vn -0.881962 0.471321 0.000000
vn -0.881962 0.471321 0.000000
vn 0.290067 0.957006 -0.000000
vn 0.290067 0.957006 0.000000
vn -0.935949 -0.352136 0.000000
vn -0.935949 -0.352136 -0.000000
vn -0.683469 0.729979 0.000000
vn -0.683469 0.729979 0.000000
vn -0.999462 0.032786 0.000000
vn -0.999462 0.032786 0.000000
vn -0.957003 -0.290079 0.000000
vn -0.957003 -0.290079 -0.000000
vn 0.849212 0.528052 0.000000
vn 0.849212 0.528052 0.000000
vn -0.910790 -0.412870 0.000000
vn -0.910790 -0.412870 -0.000000
vn -0.995199 -0.097874 0.000000
vn -0.995199 -0.097874 -0.000000
vn -0.910790 0.412870 0.000000
vn -0.910790 0.412870 0.000000
vn 0.471328 0.881958 -0.000000
vn 0.471328 0.881958 0.000000
vn 0.729979 0.683470 0.000000
vn 0.729979 0.683470 0.000000
vn -0.973828 0.227285 0.000000
vn -0.973828 0.227285 0.000000
vn 0.881962 0.471321 0.000000
vn 0.881962 0.471321 0.000000
vn 0.097884 -0.995198 0.000000
vn 0.097884 -0.995198 0.000000
vn 0.957003 0.290079 0.000000
vn 0.957003 0.290079 0.000000
vn 0.412870 -0.910790 0.000000
vn 0.412870 -0.910790 0.000000
vn -0.935949 0.352136 0.000000
vn -0.935949 0.352136 0.000000
vn 0.471328 -0.881958 0.000000
vn 0.471328 -0.881958 0.000000
vn -0.729979 -0.683470 0.000000
vn -0.729979 -0.683470 -0.000000
vn -0.729979 0.683470 0.000000
vn -0.729979 0.683470 0.000000
vn 0.910790 0.412870 0.000000
vn 0.910790 0.412870 0.000000
vn -0.162963 0.986632 0.000000
vn -0.162963 0.986632 0.000000
vn -0.986632 -0.162965 0.000000
vn -0.986632 -0.162965 -0.000000
vn -0.772813 -0.634634 0.000000
vn -0.772813 -0.634634 -0.000000
vn 0.582491 0.812837 -0.000000
vn 0.582491 0.812837 0.000000
vn 0.412870 0.910790 -0.000000
vn 0.412870 0.910790 0.000000
vn 0.772813 -0.634634 0.000000
vn 0.772813 -0.634634 0.000000
vn 0.881962 -0.471321 0.000000
vn 0.881962 -0.471321 0.000000
vn -0.032786 -0.999462 0.000000
vn -0.032786 -0.999462 0.000000
vn 0.957003 -0.290079 0.000000
vn 0.957003 -0.290079 0.000000
vn -0.227287 -0.973828 0.000000
vn -0.227287 -0.973828 0.000000
vn 0.290067 -0.957006 0.000000
vn 0.290067 -0.957006 0.000000
vn -0.352136 -0.935949 0.000000
vn -0.352136 -0.935949 0.000000
vn -0.995199 0.097874 0.000000
vn -0.995199 0.097874 0.000000
vn -0.634639 -0.772808 0.000000
vn -0.634639 -0.772808 0.000000
vn -0.812835 -0.582495 0.000000
vn -0.812835 -0.582495 -0.000000
vn -0.772813 0.634634 0.000000
vn -0.772813 0.634634 0.000000
vn -0.986632 0.162965 0.000000
vn -0.986632 0.162965 0.000000
vn -0.973828 -0.227285 0.000000
vn -0.973828 -0.227285 -0.000000
vn -0.849212 -0.528052 0.000000
vn -0.849212 -0.528052 -0.000000
vn 0.973828 -0.227285 0.000000
vn 0.973828 -0.227285 0.000000
vn -0.032786 0.999462 0.000000
vn -0.032786 0.999462 0.000000
vn -0.582491 0.812837 0.000000
vn -0.582491 0.812837 0.000000
vn -0.999462 -0.032786 0.000000
vn -0.999462 -0.032786 -0.000000
vn 0.683469 -0.729979 0.000000
vn 0.683469 -0.729979 0.000000
vn 0.999462 -0.032786 0.000000
vn 0.999462 -0.032786 0.000000
vn -0.290067 0.957006 0.000000
vn -0.290067 0.957006 0.000000
vn -0.849212 0.528052 0.000000
vn -0.849212 0.528052 0.000000
vn 0.849212 -0.528052 0.000000
vn 0.849212 -0.528052 0.000000
vn -0.957003 0.290079 0.000000
vn -0.957003 0.290079 0.000000
vn -0.683469 -0.729979 0.000000
vn -0.683469 -0.729979 0.000000
vn 0.097884 0.995198 -0.000000
vn 0.097884 0.995198 0.000000
vn -0.097884 -0.995198 0.000000
vn -0.097884 -0.995198 0.000000
vn -0.412870 -0.910790 0.000000
vn -0.412870 -0.910790 0.000000
vn 0.227287 0.973828 -0.000000
vn 0.227287 0.973828 0.000000
vn -0.471328 0.881958 0.000000
vn -0.471328 0.881958 0.000000
vn -0.582491 -0.812837 0.000000
vn -0.582491 -0.812837 0.000000
vn 0.582491 -0.812837 0.000000
vn 0.582491 -0.812837 0.000000
vn -0.471328 -0.881958 0.000000
vn -0.471328 -0.881958 0.000000
vn 0.999462 0.032786 0.000000
vn 0.999462 0.032786 0.000000
vn -0.986632 0.162965 0.000000
vn -0.986632 0.162965 0.000000
vn -0.935949 -0.352136 0.000000
vn -0.935949 -0.352136 -0.000000
vn -0.729979 0.683470 0.000000
vn -0.729979 0.683470 0.000000
vn -0.849212 0.528052 0.000000
vn -0.849212 0.528052 0.000000
vn -0.812835 -0.582495 0.000000
vn -0.812835 -0.582495 -0.000000
vn -0.999462 -0.032786 0.000000
vn -0.999462 -0.032786 -0.000000
vn -0.849212 -0.528052 0.000000
vn -0.849212 -0.528052 -0.000000
vn 0.412870 0.910790 -0.000000
vn 0.412870 0.910790 0.000000
vn -0.162963 0.986632 0.000000
vn -0.162963 0.986632 0.000000
vn -0.772813 0.634634 0.000000
vn -0.772813 0.634634 0.000000
vn -0.881962 -0.471321 0.000000
vn -0.881962 -0.471321 -0.000000
vn 0.999462 -0.032786 0.000000
vn 0.999462 -0.032786 0.000000
vn 0.881962 0.471321 0.000000
vn 0.881962 0.471321 0.000000
vn 0.995199 -0.097874 0.000000
vn 0.995199 -0.097874 0.000000
vn -0.227287 0.973828 0.000000
vn -0.227287 0.973828 0.000000
vn 0.973828 -0.227285 0.000000
vn 0.973828 -0.227285 0.000000
vn -0.910790 -0.412870 0.000000
vn -0.910790 -0.412870 -0.000000
vn -0.935949 0.352136 0.000000
vn -0.935949 0.352136 0.000000
vn -0.097884 -0.995198 0.000000
vn -0.097884 -0.995198 0.000000
vn -0.995199 -0.097874 0.000000
vn -0.995199 -0.097874 -0.000000
vn 0.812835 0.582495 0.000000
vn 0.812835 0.582495 0.000000
vn -0.881962 0.471321 0.000000
vn -0.881962 0.471321 0.000000
vn -0.290067 0.957006 0.000000
vn -0.290067 0.957006 0.000000
vn -0.729979 -0.683470 0.000000
vn -0.729979 -0.683470 -0.000000
vn -0.957003 0.290079 0.000000
vn -0.957003 0.290079 0.000000
vn -0.999462 0.032786 0.000000
vn -0.999462 0.032786 0.000000
vn 0.582491 0.812837 -0.000000
vn 0.582491 0.812837 0.000000
vn 0.910790 0.412870 0.000000
vn 0.910790 0.412870 0.000000
vn 0.032786 -0.999462 0.000000
vn 0.032786 -0.999462 0.000000
vn -0.772813 -0.634634 0.000000
vn -0.772813 -0.634634 -0.000000
vn 0.352136 0.935949 -0.000000
vn 0.352136 0.935949 0.000000
vn 0.849212 -0.528052 0.000000
vn 0.849212 -0.528052 0.000000
vn -0.957003 -0.290079 0.000000
vn -0.957003 -0.290079 -0.000000
vn -0.352136 0.935949 0.000000
vn -0.352136 0.935949 0.000000
vn 0.352136 -0.935949 0.000000
vn 0.352136 -0.935949 0.000000
vn 0.528046 0.849216 -0.000000
vn 0.528046 0.849216 0.000000
vn -0.683469 -0.729979 0.000000
vn -0.683469 -0.729979 0.000000
vn 0.471328 -0.881958 0.000000
vn 0.471328 -0.881958 0.000000
vn 0.290067 0.957006 -0.000000
vn 0.290067 0.957006 0.000000
vn -0.812835 0.582495 0.000000
vn -0.812835 0.582495 0.000000
vn 0.957003 -0.290079 0.000000
vn 0.957003 -0.290079 0.000000
vn -0.528046 0.849216 0.000000
vn -0.528046 0.849216 0.000000
vn 0.729979 -0.683470 0.000000
vn 0.729979 -0.683470 0.000000
vn -0.973828 -0.227285 0.000000
vn -0.973828 -0.227285 -0.000000
vn 0.032786 0.999462 -0.000000
vn 0.032786 0.999462 0.000000
vn -0.973828 0.227285 0.000000
vn -0.973828 0.227285 0.000000
vn 0.227287 -0.973828 0.000000
vn 0.227287 -0.973828 0.000000
vn -0.986632 -0.162965 0.000000
vn -0.986632 -0.162965 -0.000000
vn -0.634639 -0.772808 0.000000
vn -0.634639 -0.772808 0.000000
vn 0.935949 0.352136 0.000000
vn 0.935949 0.352136 0.000000
vn 0.162963 0.986632 -0.000000
vn 0.162963 0.986632 0.000000
vn -0.634639 0.772808 0.000000
vn -0.634639 0.772808 0.000000
vn 0.582491 -0.812837 0.000000
vn 0.582491 -0.812837 0.000000
vn -0.528046 -0.849216 0.000000
vn -0.528046 -0.849216 0.000000
vn 0.683469 -0.729979 0.000000
vn 0.683469 -0.729979 0.000000
vn -0.910790 0.412870 0.000000
vn -0.910790 0.412870 0.000000
vn 0.729979 0.683470 0.000000
vn 0.729979 0.683470 0.000000
vn -0.995199 0.097874 0.000000
vn -0.995199 0.097874 0.000000
vn -0.412870 -0.910790 0.000000
vn -0.412870 -0.910790 0.000000
vn 0.910790 -0.412870 0.000000
vn 0.910790 -0.412870 0.000000
vn -0.352136 -0.935949 0.000000
vn -0.352136 -0.935949 0.000000
vn -0.227287 -0.973828 0.000000
vn -0.227287 -0.973828 0.000000
vn 0.999462 0.032786 0.000000
vn 0.999462 0.032786 0.000000
vn -0.986632 0.162965 0.000000
vn -0.986632 0.162965 0.000000
vn -0.935949 -0.352136 0.000000
vn -0.935949 -0.352136 -0.000000
vn -0.729979 0.683470 0.000000
vn -0.729979 0.683470 0.000000
vn -0.849212 0.528052 0.000000
vn -0.849212 0.528052 0.000000
vn -0.812835 -0.582495 0.000000
vn -0.812835 -0.582495 -0.000000
vn -0.999462 -0.032786 0.000000
vn -0.999462 -0.032786 -0.000000
vn -0.849212 -0.528052 0.000000
vn -0.849212 -0.528052 -0.000000
vn 0.412870 0.910790 -0.000000
vn 0.412870 0.910790 0.000000
vn -0.162963 0.986632 0.000000
vn -0.162963 0.986632 0.000000
vn -0.772813 0.634634 0.000000
vn -0.772813 0.634634 0.000000
vn -0.881962 -0.471321 0.000000
vn -0.881962 -0.471321 -0.000000
vn 0.999462 -0.032786 0.000000
vn 0.999462 -0.032786 0.000000
vn 0.881962 0.471321 0.000000
vn 0.881962 0.471321 0.000000
vn 0.995199 -0.097874 0.000000
vn 0.995199 -0.097874 0.000000
vn -0.227287 0.973828 0.000000
vn -0.227287 0.973828 0.000000
vn 0.973828 -0.227285 0.000000
vn 0.973828 -0.227285 0.000000
vn -0.910790 -0.412870 0.000000
vn -0.910790 -0.412870 -0.000000
vn -0.935949 0.352136 0.000000
vn -0.935949 0.352136 0.000000
vn -0.097884 -0.995198 0.000000
vn -0.097884 -0.995198 0.000000
vn -0.995199 -0.097874 0.000000
vn -0.995199 -0.097874 -0.000000
vn 0.812835 0.582495 0.000000
vn 0.812835 0.582495 0.000000
vn -0.881962 0.471321 0.000000
vn -0.881962 0.471321 0.000000
vn -0.290067 0.957006 0.000000
vn -0.290067 0.957006 0.000000
vn -0.729979 -0.683470 0.000000
vn -0.729979 -0.683470 -0.000000
vn -0.957003 0.290079 0.000000
vn -0.957003 0.290079 0.000000
vn -0.999462 0.032786 0.000000
vn -0.999462 0.032786 0.000000
vn 0.582491 0.812837 -0.000000
vn 0.582491 0.812837 0.000000
vn 0.910790 0.412870 0.000000
vn 0.910790 0.412870 0.000000
vn 0.032786 -0.999462 0.000000
vn 0.032786 -0.999462 0.000000
vn -0.772813 -0.634634 0.000000
vn -0.772813 -0.634634 -0.000000
vn 0.352136 0.935949 -0.000000
vn 0.352136 0.935949 0.000000
vn 0.849212 -0.528052 0.000000
vn 0.849212 -0.528052 0.000000
vn -0.957003 -0.290079 0.000000
vn -0.957003 -0.290079 -0.000000
vn -0.352136 0.935949 0.000000
vn -0.352136 0.935949 0.000000
vn 0.352136 -0.935949 0.000000
vn 0.352136 -0.935949 0.000000
vn 0.528046 0.849216 -0.000000
vn 0.528046 0.849216 0.000000
vn -0.683469 -0.729979 0.000000
vn -0.683469 -0.729979 0.000000
vn 0.471328 -0.881958 0.000000
vn 0.471328 -0.881958 0.000000
vn 0.290067 0.957006 -0.000000
vn 0.290067 0.957006 0.000000
vn -0.812835 0.582495 0.000000
vn -0.812835 0.582495 0.000000
vn 0.957003 -0.290079 0.000000
vn 0.957003 -0.290079 0.000000
vn -0.528046 0.849216 0.000000
vn -0.528046 0.849216 0.000000
vn 0.729979 -0.683470 0.000000
vn 0.729979 -0.683470 0.000000
vn -0.973828 -0.227285 0.000000
vn -0.973828 -0.227285 -0.000000
vn 0.032786 0.999462 -0.000000
vn 0.032786 0.999462 0.000000
vn -0.973828 0.227285 0.000000
vn -0.973828 0.227285 0.000000
vn 0.227287 -0.973828 0.000000
vn 0.227287 -0.973828 0.000000
vn -0.986632 -0.162965 0.000000
vn -0.986632 -0.162965 -0.000000
vn -0.634639 -0.772808 0.000000
vn -0.634639 -0.772808 0.000000
vn 0.935949 0.352136 0.000000
vn 0.935949 0.352136 0.000000
vn 0.162963 0.986632 -0.000000
vn 0.162963 0.986632 0.000000
vn -0.634639 0.772808 0.000000
vn -0.634639 0.772808 0.000000
vn 0.582491 -0.812837 0.000000
vn 0.582491 -0.812837 0.000000
vn -0.528046 -0.849216 0.000000
vn -0.528046 -0.849216 0.000000
vn 0.683469 -0.729979 0.000000
vn 0.683469 -0.729979 0.000000
vn -0.910790 0.412870 0.000000
vn -0.910790 0.412870 0.000000
vn 0.729979 0.683470 0.000000
vn 0.729979 0.683470 0.000000
vn -0.995199 0.097874 0.000000
vn -0.995199 0.097874 0.000000
vn -0.412870 -0.910790 0.000000
vn -0.412870 -0.910790 0.000000
vn 0.910790 -0.412870 0.000000
vn 0.910790 -0.412870 0.000000
vn -0.352136 -0.935949 0.000000
vn -0.352136 -0.935949 0.000000
vn -0.227287 -0.973828 0.000000
vn -0.227287 -0.973828 0.000000
vn 0.582606 0.812755 -0.000000
vn 0.582606 0.812755 0.000000
vn -0.999472 -0.032477 0.000000
vn -0.999472 -0.032477 -0.000000
vn 0.162390 0.986727 -0.000000
vn 0.162390 0.986727 0.000000
vn -0.227226 0.973842 0.000000
vn -0.227226 0.973842 0.000000
vn 0.730133 0.683305 0.000000
vn 0.730133 0.683305 0.000000
vn -0.352377 0.935858 0.000000
vn -0.352377 0.935858 0.000000
vn 0.098364 -0.995151 0.000000
vn 0.098364 -0.995151 0.000000
vn 0.162390 -0.986727 0.000000
vn 0.162390 -0.986727 0.000000
vn 0.956919 0.290356 0.000000
vn 0.956919 0.290356 0.000000
vn 0.881660 -0.471885 0.000000
vn 0.881660 -0.471885 0.000000
vn -0.582606 -0.812755 0.000000
vn -0.582606 -0.812755 0.000000
vn 0.098364 0.995151 -0.000000
vn 0.098364 0.995151 0.000000
vn 0.527490 0.849561 -0.000000
vn 0.527490 0.849561 0.000000
vn -0.032496 0.999472 0.000000
vn -0.032496 0.999472 0.000000
vn 0.471878 0.881664 -0.000000
vn 0.471878 0.881664 0.000000
vn -0.098364 -0.995151 0.000000
vn -0.098364 -0.995151 0.000000
vn 0.352377 -0.935858 0.000000
vn 0.352377 -0.935858 0.000000
vn 0.032496 -0.999472 0.000000
vn 0.032496 -0.999472 0.000000
vn -0.849545 -0.527516 0.000000
vn -0.849545 -0.527516 -0.000000
vn 0.999472 0.032477 0.000000
vn 0.999472 0.032477 0.000000
vn -0.973842 -0.227226 0.000000
vn -0.973842 -0.227226 -0.000000
vn -0.527490 0.849561 0.000000
vn -0.527490 0.849561 0.000000
vn 0.812778 -0.582573 0.000000
vn 0.812778 -0.582573 0.000000
vn 0.935861 -0.352371 0.000000
vn 0.935861 -0.352371 0.000000
vn 0.582606 -0.812755 0.000000
vn 0.582606 -0.812755 0.000000
vn 0.683305 0.730133 -0.000000
vn 0.683305 0.730133 0.000000
vn 0.412526 -0.910946 0.000000
vn 0.412526 -0.910946 0.000000
vn 0.683305 -0.730133 0.000000
vn 0.683305 -0.730133 0.000000
vn -0.162390 0.986727 0.000000
vn -0.162390 0.986727 0.000000
vn -0.098364 0.995151 0.000000
vn -0.098364 0.995151 0.000000
vn -0.881660 -0.471885 0.000000
vn -0.881660 -0.471885 -0.000000
vn 0.986730 -0.162369 0.000000
vn 0.986730 -0.162369 0.000000
vn 0.634528 0.772900 -0.000000
vn 0.634528 0.772900 0.000000
vn -0.683305 -0.730133 0.000000
vn -0.683305 -0.730133 0.000000
vn -0.527490 -0.849561 0.000000
vn -0.527490 -0.849561 0.000000
vn -0.772883 0.634548 0.000000
vn -0.772883 0.634548 0.000000
vn -0.162390 -0.986727 0.000000
vn -0.162390 -0.986727 0.000000
vn -0.956919 0.290356 0.000000
vn -0.956919 0.290356 0.000000
vn -0.634528 -0.772900 0.000000
vn -0.634528 -0.772900 0.000000
vn 0.290318 0.956930 -0.000000
vn 0.290318 0.956930 0.000000
vn -0.634528 0.772900 0.000000
vn -0.634528 0.772900 0.000000
vn 0.290318 -0.956930 0.000000
vn 0.290318 -0.956930 0.000000
vn -0.352377 -0.935858 0.000000
vn -0.352377 -0.935858 0.000000
vn -0.412526 -0.910946 0.000000
vn -0.412526 -0.910946 0.000000
vn 0.849545 0.527516 0.000000
vn 0.849545 0.527516 0.000000
vn 0.227226 0.973842 -0.000000
vn 0.227226 0.973842 0.000000
vn 0.812778 0.582573 0.000000
vn 0.812778 0.582573 0.000000
vn -0.290318 -0.956930 0.000000
vn -0.290318 -0.956930 0.000000
vn 0.973842 -0.227226 0.000000
vn 0.973842 -0.227226 0.000000
vn 0.000000 0.000000 1.000000
vn 0.000000 0.000000 1.000000
vn 0.000000 0.000000 1.000000
vn 0.000000 0.000000 1.000000
vn 0.000000 0.000000 1.000000
vn 0.000000 0.000000 1.000000
vn 0.000000 0.000000 1.000000
vn 0.000000 0.000000 1.000000
vn 0.000000 0.000000 1.000000
vn 0.000000 0.000000 1.000000
vn 0.000000 0.000000 1.000000
vn 0.000000 0.000000 1.000000
vn 0.000000 0.000000 1.000000
vn 0.000000 0.000000 1.000000
vn 0.000000 0.000000 1.000000
vn 0.000000 0.000000 1.000000
vn 0.000000 0.000000 1.000000
vn 0.000000 0.000000 1.000000
vn 0.000000 0.000000 1.000000
vn 0.000000 0.000000 1.000000
vn 0.000000 0.000000 1.000000
vn 0.000000 0.000000 1.000000
vn 0.000000 0.000000 1.000000
vn 0.000000 0.000000 1.000000
vn 0.000000 0.000000 1.000000
vn 0.000000 0.000000 1.000000
vn 0.000000 0.000000 1.000000
vn 0.000000 0.000000 1.000000
vn 0.000000 0.000000 1.000000
vn 0.000000 0.000000 1.000000
vn 0.000000 0.000000 1.000000
vn 0.000000 0.000000 1.000000
vn 0.000000 0.000000 1.000000
vn 0.000000 0.000000 1.000000
vn 0.000000 0.000000 1.000000
vn 0.000000 0.000000 1.000000
vn 0.000000 0.000000 1.000000
vn 0.000000 0.000000 1.000000
vn 0.000000 0.000000 1.000000
vn 0.000000 0.000000 1.000000
vn 0.000000 0.000000 1.000000
vn 0.000000 0.000000 1.000000
vn 0.000000 0.000000 1.000000
vn 0.000000 0.000000 1.000000
vn 0.000000 0.000000 1.000000
vn 0.000000 0.000000 1.000000
vn 0.000000 0.000000 1.000000
vn 0.000000 0.000000 1.000000
vn 0.000000 0.000000 1.000000
vn 0.000000 0.000000 1.000000
vn 0.000000 0.000000 1.000000
vn 0.000000 0.000000 1.000000
vn 0.000000 0.000000 1.000000
vn 0.000000 0.000000 1.000000
vn 0.000000 0.000000 1.000000
vn 0.000000 0.000000 1.000000
vn 0.000000 0.000000 1.000000
vn 0.000000 0.000000 1.000000
vn 0.000000 0.000000 1.000000
vn 0.000000 0.000000 1.000000
vn 0.000000 0.000000 1.000000
vn 0.000000 0.000000 1.000000
vn 0.000000 0.000000 1.000000
vn 0.000000 0.000000 1.000000
vn 0.000000 0.000000 1.000000
vn 0.000000 0.000000 1.000000
vn 0.000000 0.000000 1.000000
vn 0.000000 0.000000 1.000000
vn 0.000000 0.000000 1.000000
vn 0.000000 0.000000 1.000000
vn 0.000000 0.000000 1.000000
vn 0.000000 0.000000 1.000000
vn 0.000000 0.000000 1.000000
vn 0.000000 0.000000 1.000000
vn 0.000000 0.000000 1.000000
vn 0.000000 0.000000 1.000000
vn 0.000000 0.000000 1.000000
vn 0.000000 0.000000 1.000000
vn 0.000000 0.000000 1.000000
vn 0.000000 0.000000 1.000000
vn 0.000000 0.000000 1.000000
vn 0.000000 0.000000 1.000000
vn 0.000000 0.000000 1.000000
vn 0.000000 0.000000 1.000000
vn 0.000000 0.000000 1.000000
vn 0.000000 0.000000 1.000000
vn 0.000000 0.000000 1.000000
vn 0.000000 0.000000 1.000000
vn 0.000000 0.000000 1.000000
vn 0.000000 0.000000 1.000000
vn 0.000000 0.000000 1.000000
vn 0.000000 0.000000 1.000000
vn 0.000000 0.000000 1.000000
vn 0.000000 0.000000 1.000000
vn 0.000000 0.000000 1.000000
vn 0.000000 0.000000 1.000000
vn 0.000000 0.000000 1.000000
vn 0.000000 0.000000 1.000000
vn 0.000000 0.000000 1.000000
vn 0.000000 0.000000 1.000000
vn 0.000000 0.000000 1.000000
vn 0.000000 0.000000 1.000000
vn 0.000000 0.000000 1.000000
vn 0.000000 0.000000 1.000000
vn 0.000000 0.000000 1.000000
vn 0.000000 0.000000 1.000000
vn 0.000000 0.000000 1.000000
vn 0.000000 0.000000 1.000000
vn 0.000000 0.000000 1.000000
vn 0.000000 0.000000 1.000000
vn 0.000000 0.000000 1.000000
vn 0.000000 0.000000 1.000000
vn 0.000000 0.000000 1.000000
vn 0.000000 0.000000 1.000000
vn 0.000000 0.000000 1.000000
vn 0.000000 0.000000 1.000000
vn 0.000000 0.000000 1.000000
vn 0.000000 0.000000 1.000000
vn 0.000000 0.000000 1.000000
vn 0.000000 0.000000 1.000000
vn 0.000000 0.000000 1.000000
vn 0.000000 0.000000 1.000000
vn 0.000000 0.000000 1.000000
vn 0.000000 0.000000 1.000000
vn 0.000000 0.000000 1.000000
vn 0.000000 0.000000 1.000000
vn 0.000000 0.000000 1.000000
vn 0.000000 0.000000 1.000000
vn 0.000000 0.000000 1.000000
vn 0.000000 0.000000 1.000000
vn 0.000000 0.000000 1.000000
vn 0.000000 0.000000 1.000000
vn 0.000000 0.000000 1.000000
vn 0.000000 0.000000 1.000000
vn 0.000000 0.000000 1.000000
vn 0.000000 0.000000 1.000000
vn 0.000000 0.000000 1.000000
vn 0.000000 0.000000 1.000000
vn 0.000000 0.000000 1.000000
vn 0.000000 0.000000 1.000000
vn 0.000000 0.000000 1.000000
vn 0.000000 0.000000 1.000000
vn 0.000000 0.000000 1.000000
vn 0.000000 0.000000 1.000000
vn 0.000000 0.000000 1.000000
vn 0.000000 0.000000 1.000000
vn 0.000000 0.000000 1.000000
vn 0.000000 0.000000 1.000000
vn 0.000000 0.000000 1.000000
vn 0.000000 0.000000 1.000000
vn 0.000000 0.000000 1.000000
vn 0.000000 0.000000 1.000000
vn 0.000000 0.000000 1.000000
vn 0.000000 0.000000 1.000000
vn 0.000000 0.000000 1.000000
vn 0.000000 0.000000 1.000000
vn 0.000000 0.000000 1.000000
vn 0.000000 0.000000 1.000000
vn 0.000000 0.000000 1.000000
vn 0.000000 0.000000 1.000000
vn 0.000000 0.000000 1.000000
vn 0.000000 0.000000 1.000000
vn 0.000000 0.000000 1.000000
vn 0.000000 0.000000 1.000000
vn 0.000000 0.000000 1.000000
vn 0.000000 0.000000 1.000000
vn 0.000000 0.000000 1.000000
vn 0.000000 0.000000 1.000000
vn 0.000000 0.000000 1.000000
vn 0.000000 0.000000 1.000000
vn 0.000000 0.000000 1.000000
vn 0.000000 0.000000 1.000000
vn 0.000000 0.000000 1.000000
vn 0.000000 0.000000 1.000000
vn 0.000000 0.000000 1.000000
vn 0.000000 0.000000 1.000000
vn 0.000000 0.000000 1.000000
vn 0.000000 0.000000 1.000000
vn 0.000000 0.000000 1.000000
vn 0.000000 0.000000 1.000000
vn 0.000000 0.000000 1.000000
vn 0.000000 0.000000 1.000000
vn 0.000000 0.000000 1.000000
vn 0.000000 0.000000 1.000000
vn 0.000000 0.000000 1.000000
vn 0.000000 0.000000 1.000000
vn 0.000000 0.000000 1.000000
vn 0.000000 0.000000 1.000000
vn 0.000000 0.000000 1.000000
vn 0.000000 0.000000 1.000000
vn 0.000000 0.000000 1.000000
vn 0.000000 0.000000 1.000000
vn 0.000000 0.000000 1.000000
vn 0.000000 0.000000 1.000000
vn 0.000000 0.000000 1.000000
vn 0.000000 0.000000 1.000000
vn 0.000000 0.000000 1.000000
vn 0.000000 0.000000 1.000000
vn 0.000000 0.000000 1.000000
vn 0.000000 0.000000 1.000000
vn 0.000000 0.000000 1.000000
vn 0.000000 0.000000 1.000000
vn 0.000000 0.000000 1.000000
vn 0.000000 0.000000 1.000000
vn 0.000000 0.000000 1.000000
vn 0.000000 0.000000 1.000000
vn 0.000000 0.000000 1.000000
vn 0.000000 0.000000 1.000000
vn 0.000000 0.000000 1.000000
vn 0.000000 0.000000 1.000000
vn 0.000000 0.000000 1.000000
vn 0.000000 0.000000 1.000000
vn 0.000000 0.000000 1.000000
vn 0.000000 0.000000 1.000000
vn 0.000000 0.000000 1.000000
vn 0.000000 0.000000 1.000000
vn 0.000000 0.000000 1.000000
vn 0.000000 0.000000 1.000000
vn 0.000000 0.000000 1.000000
vn 0.000000 0.000000 1.000000
vn 0.000000 0.000000 1.000000
vn 0.000000 0.000000 1.000000
vn 0.000000 0.000000 1.000000
vn 0.000000 0.000000 1.000000
vn 0.000000 0.000000 1.000000
vn 0.000000 0.000000 1.000000
vn 0.000000 0.000000 1.000000
vn 0.000000 0.000000 1.000000
vn 0.000000 0.000000 1.000000
vn 0.000000 0.000000 1.000000
vn 0.000000 0.000000 1.000000
vn 0.000000 0.000000 1.000000
vn 0.000000 0.000000 1.000000
vn 0.000000 0.000000 1.000000
vn 0.000000 0.000000 1.000000
vn 0.000000 0.000000 1.000000
vn 0.000000 0.000000 1.000000
vn 0.000000 0.000000 1.000000
vn 0.000000 0.000000 1.000000
vn 0.000000 0.000000 1.000000
vn 0.000000 0.000000 1.000000
vn 0.000000 0.000000 1.000000
vn 0.000000 0.000000 1.000000
vn 0.000000 0.000000 1.000000
vn 0.000000 0.000000 1.000000
vn 0.000000 0.000000 1.000000
vn 0.000000 0.000000 1.000000
vn 0.000000 0.000000 1.000000
vn 0.000000 0.000000 1.000000
vn 0.000000 0.000000 1.000000
vn 0.000000 0.000000 1.000000
vn 0.000000 0.000000 1.000000
vn 0.000000 0.000000 1.000000
vn 0.000000 0.000000 1.000000
vn 0.000000 0.000000 1.000000
vn 0.000000 0.000000 1.000000
vn 0.000000 0.000000 1.000000
vn 0.000000 0.000000 1.000000
vn 0.000000 0.000000 1.000000
vn 0.000000 0.000000 1.000000
vn 0.000000 0.000000 1.000000
vn 0.000000 0.000000 1.000000
vn 0.000000 0.000000 1.000000
vn 0.000000 0.000000 1.000000
vn 0.000000 0.000000 1.000000
vn 0.000000 0.000000 1.000000
vn 0.000000 0.000000 1.000000
vn 0.000000 0.000000 1.000000
vn 0.000000 0.000000 1.000000
vn 0.000000 0.000000 1.000000
vn 0.000000 0.000000 1.000000
vn 0.000000 0.000000 1.000000
vn 0.000000 0.000000 1.000000
vn 0.000000 0.000000 1.000000
vn 0.000000 0.000000 1.000000
vn 0.000000 0.000000 1.000000
vn 0.000000 0.000000 1.000000
vn 0.000000 0.000000 1.000000
vn 0.000000 0.000000 1.000000
vn 0.000000 0.000000 1.000000
vn 0.000000 0.000000 1.000000
vn 0.000000 0.000000 1.000000
vn 0.000000 0.000000 1.000000
vn 0.000000 0.000000 1.000000
vn 0.000000 0.000000 1.000000
vn 0.000000 0.000000 1.000000
vn 0.000000 0.000000 1.000000
vn 0.000000 0.000000 1.000000
vn 0.000000 0.000000 1.000000
vn 0.000000 0.000000 1.000000
vn 0.000000 0.000000 1.000000
vn 0.000000 0.000000 1.000000
vn 0.000000 0.000000 1.000000
vn 0.000000 0.000000 1.000000
vn 0.000000 0.000000 1.000000
vn 0.000000 0.000000 1.000000
vn 0.000000 0.000000 1.000000
vn 0.000000 0.000000 1.000000
vn 0.000000 0.000000 1.000000
vn 0.000000 0.000000 1.000000
vn 0.000000 0.000000 1.000000
vn 0.000000 0.000000 1.000000
vn 0.000000 0.000000 1.000000
vn 0.000000 0.000000 1.000000
vn 0.000000 0.000000 1.000000
vn 0.000000 0.000000 1.000000
vn 0.000000 0.000000 1.000000
vn 0.000000 0.000000 1.000000
vn 0.000000 0.000000 1.000000
vn 0.000000 0.000000 1.000000
vn 0.000000 0.000000 1.000000
vn 0.000000 0.000000 1.000000
vn 0.000000 0.000000 1.000000
vn 0.000000 0.000000 1.000000
vn 0.000000 0.000000 1.000000
vn 0.000000 0.000000 1.000000
vn 0.000000 0.000000 1.000000
vn 0.000000 0.000000 1.000000
vn 0.000000 0.000000 1.000000
vn 0.000000 0.000000 1.000000
vn 0.000000 0.000000 1.000000
vn 0.000000 0.000000 1.000000
vn 0.000000 0.000000 1.000000
vn 0.000000 0.000000 1.000000
vn 0.000000 0.000000 1.000000
vn 0.000000 0.000000 1.000000
vn 0.000000 0.000000 1.000000
vn 0.000000 0.000000 1.000000
vn 0.000000 0.000000 1.000000
vn 0.000000 0.000000 1.000000
vn 0.000000 0.000000 1.000000
vn 0.000000 0.000000 1.000000
vn 0.000000 0.000000 1.000000
vn 0.000000 0.000000 1.000000
vn 0.000000 0.000000 1.000000
vn 0.000000 0.000000 1.000000
vn 0.000000 0.000000 1.000000
vn 0.000000 0.000000 1.000000
vn 0.000000 0.000000 1.000000
vn 0.000000 0.000000 1.000000
vn 0.000000 0.000000 1.000000
vn 0.000000 0.000000 1.000000
vn 0.000000 0.000000 1.000000
vn 0.000000 0.000000 1.000000
vn 0.000000 0.000000 1.000000
vn 0.000000 0.000000 1.000000
vn 0.000000 0.000000 1.000000
vn 0.000000 0.000000 1.000000
vn 0.000000 0.000000 1.000000
vn 0.000000 0.000000 1.000000
vn 0.000000 0.000000 1.000000
vn 0.000000 0.000000 1.000000
vn 0.000000 0.000000 1.000000
vn 0.000000 0.000000 1.000000
vn 0.000000 0.000000 1.000000
vn 0.000000 0.000000 1.000000
vn 0.000000 0.000000 1.000000
vn 0.000000 0.000000 1.000000
vn 0.000000 0.000000 1.000000
vn 0.000000 0.000000 1.000000
vn 0.000000 0.000000 1.000000
vn 0.000000 0.000000 1.000000
vn 0.000000 0.000000 1.000000
vn 0.000000 0.000000 1.000000
vn 0.000000 0.000000 1.000000
vn 0.000000 0.000000 1.000000
vn 0.000000 0.000000 1.000000
vn 0.000000 0.000000 1.000000
vn 0.000000 0.000000 1.000000
vn 0.000000 0.000000 1.000000
vn 0.000000 0.000000 1.000000
vn 0.000000 0.000000 1.000000
vn 0.000000 0.000000 1.000000
vn 0.000000 0.000000 1.000000
vn 0.000000 0.000000 1.000000
vn 0.000000 0.000000 1.000000
vn 0.730133 -0.683305 0.000000
vn 0.730133 -0.683305 0.000000
vn -0.999472 0.032477 0.000000
vn -0.999472 0.032477 0.000000
vn 0.935861 0.352371 0.000000
vn 0.935861 0.352371 0.000000
vn 0.849545 -0.527516 0.000000
vn 0.849545 -0.527516 0.000000
vn -0.471878 -0.881664 0.000000
vn -0.471878 -0.881664 0.000000
vn 0.910962 -0.412489 0.000000
vn 0.910962 -0.412489 0.000000
vn -0.935861 0.352371 0.000000
vn -0.935861 0.352371 0.000000
vn -0.412526 0.910946 0.000000
vn -0.412526 0.910946 0.000000
vn -0.935861 -0.352371 0.000000
vn -0.935861 -0.352371 -0.000000
vn 0.995150 0.098367 0.000000
vn 0.995150 0.098367 0.000000
vn -0.290318 0.956930 0.000000
vn -0.290318 0.956930 0.000000
vn 0.634528 -0.772900 0.000000
vn 0.634528 -0.772900 0.000000
vn 0.986730 0.162369 0.000000
vn 0.986730 0.162369 0.000000
vn -0.582606 0.812755 0.000000
vn -0.582606 0.812755 0.000000
vn -0.032496 -0.999472 0.000000
vn -0.032496 -0.999472 0.000000
vn -0.471878 0.881664 0.000000
vn -0.471878 0.881664 0.000000
vn -0.986730 -0.162369 0.000000
vn -0.986730 -0.162369 -0.000000
vn 0.227226 -0.973842 0.000000
vn 0.227226 -0.973842 0.000000
vn -0.849545 0.527516 0.000000
vn -0.849545 0.527516 0.000000
vn 0.910962 0.412489 0.000000
vn 0.910962 0.412489 0.000000
vn 0.527490 -0.849561 0.000000
vn 0.527490 -0.849561 0.000000
vn 0.772883 0.634548 0.000000
vn 0.772883 0.634548 0.000000
vn 0.999472 -0.032477 0.000000
vn 0.999472 -0.032477 0.000000
vn 0.471878 -0.881664 0.000000
vn 0.471878 -0.881664 0.000000
vn 0.032496 0.999472 -0.000000
vn 0.032496 0.999472 0.000000
vn -0.683305 0.730133 0.000000
vn -0.683305 0.730133 0.000000
vn 0.956919 -0.290356 0.000000
vn 0.956919 -0.290356 0.000000
vn -0.730133 -0.683305 0.000000
vn -0.730133 -0.683305 -0.000000
vn 0.352377 0.935858 -0.000000
vn 0.352377 0.935858 0.000000
vn -0.881660 0.471885 0.000000
vn -0.881660 0.471885 0.000000
vn 0.412526 0.910946 -0.000000
vn 0.412526 0.910946 0.000000
vn 0.772883 -0.634548 0.000000
vn 0.772883 -0.634548 0.000000
vn 0.973842 0.227226 0.000000
vn 0.973842 0.227226 0.000000
vn 0.995150 -0.098367 0.000000
vn 0.995150 -0.098367 0.000000
vn 0.881660 0.471885 0.000000
vn 0.881660 0.471885 0.000000
vn -0.227226 -0.973842 0.000000
vn -0.227226 -0.973842 0.000000
vn 0.582606 0.812755 -0.000000
vn 0.582606 0.812755 0.000000
vn -0.999472 -0.032477 0.000000
vn -0.999472 -0.032477 -0.000000
vn 0.162390 0.986727 -0.000000
vn 0.162390 0.986727 0.000000
vn -0.227226 0.973842 0.000000
vn -0.227226 0.973842 0.000000
vn 0.730133 0.683305 0.000000
vn 0.730133 0.683305 0.000000
vn -0.352377 0.935858 0.000000
vn -0.352377 0.935858 0.000000
vn 0.098364 -0.995151 0.000000
vn 0.098364 -0.995151 0.000000
vn 0.162390 -0.986727 0.000000
vn 0.162390 -0.986727 0.000000
vn 0.956919 0.290356 0.000000
vn 0.956919 0.290356 0.000000
vn 0.881660 -0.471885 0.000000
vn 0.881660 -0.471885 0.000000
vn -0.582606 -0.812755 0.000000
vn -0.582606 -0.812755 0.000000
vn 0.098364 0.995151 -0.000000
vn 0.098364 0.995151 0.000000
vn 0.527490 0.849561 -0.000000
vn 0.527490 0.849561 0.000000
vn -0.032496 0.999472 0.000000
vn -0.032496 0.999472 0.000000
vn 0.471878 0.881664 -0.000000
vn 0.471878 0.881664 0.000000
vn -0.098364 -0.995151 0.000000
vn -0.098364 -0.995151 0.000000
vn 0.352377 -0.935858 0.000000
vn 0.352377 -0.935858 0.000000
vn -0.849545 -0.527516 0.000000
vn -0.849545 -0.527516 -0.000000
vn 0.999472 0.032477 0.000000
vn 0.999472 0.032477 0.000000
vn -0.973842 -0.227226 0.000000
vn -0.973842 -0.227226 -0.000000
vn -0.527490 0.849561 0.000000
vn -0.527490 0.849561 0.000000
vn 0.812778 -0.582573 0.000000
vn 0.812778 -0.582573 0.000000
vn 0.935861 -0.352371 0.000000
vn 0.935861 -0.352371 0.000000
vn 0.582606 -0.812755 0.000000
vn 0.582606 -0.812755 0.000000
vn 0.683305 0.730133 -0.000000
vn 0.683305 0.730133 0.000000
vn 0.412526 -0.910946 0.000000
vn 0.412526 -0.910946 0.000000
vn 0.683305 -0.730133 0.000000
vn 0.683305 -0.730133 0.000000
vn -0.098364 0.995151 0.000000
vn -0.098364 0.995151 0.000000
vn -0.881660 -0.471885 0.000000
vn -0.881660 -0.471885 -0.000000
vn 0.986730 -0.162369 0.000000
vn 0.986730 -0.162369 0.000000
vn 0.634528 0.772900 -0.000000
vn 0.634528 0.772900 0.000000
vn -0.683305 -0.730133 0.000000
vn -0.683305 -0.730133 0.000000
vn -0.527490 -0.849561 0.000000
vn -0.527490 -0.849561 0.000000
vn -0.772883 0.634548 0.000000
vn -0.772883 0.634548 0.000000
vn -0.162390 -0.986727 0.000000
vn -0.162390 -0.986727 0.000000
vn -0.956919 0.290356 0.000000
vn -0.956919 0.290356 0.000000
vn -0.634528 -0.772900 0.000000
vn -0.634528 -0.772900 0.000000
vn 0.290318 0.956930 -0.000000
vn 0.290318 0.956930 0.000000
vn -0.634528 0.772900 0.000000
vn -0.634528 0.772900 0.000000
vn 0.290318 -0.956930 0.000000
vn 0.290318 -0.956930 0.000000
vn -0.352377 -0.935858 0.000000
vn -0.352377 -0.935858 0.000000
vn -0.412526 -0.910946 0.000000
vn -0.412526 -0.910946 0.000000
vn 0.849545 0.527516 0.000000
vn 0.849545 0.527516 0.000000
vn 0.227226 0.973842 -0.000000
vn 0.227226 0.973842 0.000000
vn 0.812778 0.582573 0.000000
vn 0.812778 0.582573 0.000000
vn 0.973842 -0.227226 0.000000
vn 0.973842 -0.227226 0.000000
vn -0.999472 0.032477 0.000000
vn -0.999472 0.032477 0.000000
vn 0.032496 -0.999472 0.000000
vn 0.032496 -0.999472 0.000000
vn 0.935861 0.352371 0.000000
vn 0.935861 0.352371 0.000000
vn 0.849545 -0.527516 0.000000
vn 0.849545 -0.527516 0.000000
vn -0.471878 -0.881664 0.000000
vn -0.471878 -0.881664 0.000000
vn 0.910962 -0.412489 0.000000
vn 0.910962 -0.412489 0.000000
vn -0.935861 0.352371 0.000000
vn -0.935861 0.352371 0.000000
vn -0.412526 0.910946 0.000000
vn -0.412526 0.910946 0.000000
vn -0.935861 -0.352371 0.000000
vn -0.935861 -0.352371 -0.000000
vn 0.995150 0.098367 0.000000
vn 0.995150 0.098367 0.000000
vn -0.290318 0.956930 0.000000
vn -0.290318 0.956930 0.000000
vn 0.634528 -0.772900 0.000000
vn 0.634528 -0.772900 0.000000
vn 0.986730 0.162369 0.000000
vn 0.986730 0.162369 0.000000
vn -0.162390 0.986727 0.000000
vn -0.162390 0.986727 0.000000
vn -0.582606 0.812755 0.000000
vn -0.582606 0.812755 0.000000
vn -0.032496 -0.999472 0.000000
vn -0.032496 -0.999472 0.000000
vn -0.471878 0.881664 0.000000
vn -0.471878 0.881664 0.000000
vn -0.986730 -0.162369 0.000000
vn -0.986730 -0.162369 -0.000000
vn 0.227226 -0.973842 0.000000
vn 0.227226 -0.973842 0.000000
vn -0.849545 0.527516 0.000000
vn -0.849545 0.527516 0.000000
vn 0.910962 0.412489 0.000000
vn 0.910962 0.412489 0.000000
vn 0.527490 -0.849561 0.000000
vn 0.527490 -0.849561 0.000000
vn 0.772883 0.634548 0.000000
vn 0.772883 0.634548 0.000000
vn 0.999472 -0.032477 0.000000
vn 0.999472 -0.032477 0.000000
vn 0.471878 -0.881664 0.000000
vn 0.471878 -0.881664 0.000000
vn -0.910962 -0.412489 0.000000
vn -0.910962 -0.412489 -0.000000
vn 0.032496 0.999472 -0.000000
vn 0.032496 0.999472 0.000000
vn -0.683305 0.730133 0.000000
vn -0.683305 0.730133 0.000000
vn 0.956919 -0.290356 0.000000
vn 0.956919 -0.290356 0.000000
vn -0.730133 -0.683305 0.000000
vn -0.730133 -0.683305 -0.000000
vn 0.352377 0.935858 -0.000000
vn 0.352377 0.935858 0.000000
vn -0.881660 0.471885 0.000000
vn -0.881660 0.471885 0.000000
vn 0.412526 0.910946 -0.000000
vn 0.412526 0.910946 0.000000
vn 0.772883 -0.634548 0.000000
vn 0.772883 -0.634548 0.000000
vn 0.730133 -0.683305 0.000000
vn 0.730133 -0.683305 0.000000
vn 0.973842 0.227226 0.000000
vn 0.973842 0.227226 0.000000
vn 0.995150 -0.098367 0.000000
vn 0.995150 -0.098367 0.000000
vn 0.881660 0.471885 0.000000
vn 0.881660 0.471885 0.000000
vn -0.227226 -0.973842 0.000000
vn -0.227226 -0.973842 0.000000
vn -0.290318 -0.956930 0.000000
vn -0.290318 -0.956930 0.000000
vn 0.812778 -0.582573 0.000000
vn 0.812778 -0.582573 0.000000
vn -0.999472 -0.032477 0.000000
vn -0.999472 -0.032477 -0.000000
vn 0.956919 0.290356 0.000000
vn 0.956919 0.290356 0.000000
vn 0.730133 0.683305 0.000000
vn 0.730133 0.683305 0.000000
vn -0.290318 0.956930 0.000000
vn -0.290318 0.956930 0.000000
vn 0.956919 -0.290356 0.000000
vn 0.956919 -0.290356 0.000000
vn 0.730133 -0.683305 0.000000
vn 0.730133 -0.683305 0.000000
vn -0.412526 0.910946 0.000000
vn -0.412526 0.910946 0.000000
vn 0.032496 -0.999472 0.000000
vn 0.032496 -0.999472 0.000000
vn 0.162390 -0.986727 0.000000
vn 0.162390 -0.986727 0.000000
vn 0.634528 -0.772900 0.000000
vn 0.634528 -0.772900 0.000000
vn 0.290318 -0.956930 0.000000
vn 0.290318 -0.956930 0.000000
vn -0.999472 0.032477 0.000000
vn -0.999472 0.032477 0.000000
vn 0.352377 -0.935858 0.000000
vn 0.352377 -0.935858 0.000000
vn -0.634528 -0.772900 0.000000
vn -0.634528 -0.772900 0.000000
vn 0.812778 0.582573 0.000000
vn 0.812778 0.582573 0.000000
vn 0.910962 0.412489 0.000000
vn 0.910962 0.412489 0.000000
vn -0.032496 0.999472 0.000000
vn -0.032496 0.999472 0.000000
vn -0.956919 -0.290356 0.000000
vn -0.956919 -0.290356 -0.000000
vn -0.683305 -0.730133 0.000000
vn -0.683305 -0.730133 0.000000
vn 0.352377 0.935858 -0.000000
vn 0.352377 0.935858 0.000000
vn -0.973842 -0.227226 0.000000
vn -0.973842 -0.227226 -0.000000
vn -0.527490 -0.849561 0.000000
vn -0.527490 -0.849561 0.000000
vn 0.935861 -0.352371 0.000000
vn 0.935861 -0.352371 0.000000
vn -0.098364 -0.995151 0.000000
vn -0.098364 -0.995151 0.000000
vn 0.412526 -0.910946 0.000000
vn 0.412526 -0.910946 0.000000
vn 0.683305 0.730133 -0.000000
vn 0.683305 0.730133 0.000000
vn -0.352377 -0.935858 0.000000
vn -0.352377 -0.935858 0.000000
vn 0.881660 0.471885 0.000000
vn 0.881660 0.471885 0.000000
vn -0.098364 0.995151 0.000000
vn -0.098364 0.995151 0.000000
vn -0.849545 -0.527516 0.000000
vn -0.849545 -0.527516 -0.000000
vn 0.683305 -0.730133 0.000000
vn 0.683305 -0.730133 0.000000
vn -0.986730 -0.162369 0.000000
vn -0.986730 -0.162369 -0.000000
vn 0.986730 -0.162369 0.000000
vn 0.986730 -0.162369 0.000000
vn -0.227226 -0.973842 0.000000
vn -0.227226 -0.973842 0.000000
vn -0.995150 0.098367 0.000000
vn -0.995150 0.098367 0.000000
vn -0.582606 0.812755 0.000000
vn -0.582606 0.812755 0.000000
vn -0.881660 -0.471885 0.000000
vn -0.881660 -0.471885 -0.000000
vn 0.935861 0.352371 0.000000
vn 0.935861 0.352371 0.000000
vn 0.986730 0.162369 0.000000
vn 0.986730 0.162369 0.000000
vn -0.227226 0.973842 0.000000
vn -0.227226 0.973842 0.000000
vn -0.973842 0.227226 0.000000
vn -0.973842 0.227226 0.000000
vn -0.730133 0.683305 0.000000
vn -0.730133 0.683305 0.000000
vn -0.849545 0.527516 0.000000
vn -0.849545 0.527516 0.000000
vn 0.098364 -0.995151 0.000000
vn 0.098364 -0.995151 0.000000
vn 0.995150 0.098367 0.000000
vn 0.995150 0.098367 0.000000
vn -0.412526 -0.910946 0.000000
vn -0.412526 -0.910946 0.000000
vn 0.849545 -0.527516 0.000000
vn 0.849545 -0.527516 0.000000
vn -0.162390 -0.986727 0.000000
vn -0.162390 -0.986727 0.000000
vn -0.683305 0.730133 0.000000
vn -0.683305 0.730133 0.000000
vn 0.032496 0.999472 -0.000000
vn 0.032496 0.999472 0.000000
vn 0.772883 -0.634548 0.000000
vn 0.772883 -0.634548 0.000000
vn 0.471878 0.881664 -0.000000
vn 0.471878 0.881664 0.000000
vn -0.471878 0.881664 0.000000
vn -0.471878 0.881664 0.000000
vn -0.352377 0.935858 0.000000
vn -0.352377 0.935858 0.000000
vn 0.634528 0.772900 -0.000000
vn 0.634528 0.772900 0.000000
vn -0.032496 -0.999472 0.000000
vn -0.032496 -0.999472 0.000000
vn -0.935861 0.352371 0.000000
vn -0.935861 0.352371 0.000000
vn -0.582606 -0.812755 0.000000
vn -0.582606 -0.812755 0.000000
vn 0.973842 -0.227226 0.000000
vn 0.973842 -0.227226 0.000000
vn 0.995150 -0.098367 0.000000
vn 0.995150 -0.098367 0.000000
vn -0.290318 -0.956930 0.000000
vn -0.290318 -0.956930 0.000000
vn 0.471878 -0.881664 0.000000
vn 0.471878 -0.881664 0.000000
vn 0.881660 -0.471885 0.000000
vn 0.881660 -0.471885 0.000000
vn 0.227226 -0.973842 0.000000
vn 0.227226 -0.973842 0.000000
vn -0.162390 0.986727 0.000000
vn -0.162390 0.986727 0.000000
vn 0.973842 0.227226 0.000000
vn 0.973842 0.227226 0.000000
vn 0.582606 -0.812755 0.000000
vn 0.582606 -0.812755 0.000000
vn 0.162390 0.986727 -0.000000
vn 0.162390 0.986727 0.000000
vn -0.527490 0.849561 0.000000
vn -0.527490 0.849561 0.000000
vn 0.849545 0.527516 0.000000
vn 0.849545 0.527516 0.000000
vn 0.098364 0.995151 -0.000000
vn 0.098364 0.995151 0.000000
vn -0.634528 0.772900 0.000000
vn -0.634528 0.772900 0.000000
vn -0.471878 -0.881664 0.000000
vn -0.471878 -0.881664 0.000000
vn -0.812778 0.582573 0.000000
vn -0.812778 0.582573 0.000000
vn 0.582606 0.812755 -0.000000
vn 0.582606 0.812755 0.000000
vn 0.910962 -0.412489 0.000000
vn 0.910962 -0.412489 0.000000
vn -0.772883 -0.634548 0.000000
vn -0.772883 -0.634548 -0.000000
vn -0.730133 -0.683305 0.000000
vn -0.730133 -0.683305 -0.000000
vn 0.527490 0.849561 -0.000000
vn 0.527490 0.849561 0.000000
vn 0.412526 0.910946 -0.000000
vn 0.412526 0.910946 0.000000
vn 0.772883 0.634548 0.000000
vn 0.772883 0.634548 0.000000
vn 0.999472 -0.032477 0.000000
vn 0.999472 -0.032477 0.000000
vn 0.999472 0.032477 0.000000
vn 0.999472 0.032477 0.000000
vn 0.290318 0.956930 -0.000000
vn 0.290318 0.956930 0.000000
vn 0.227226 0.973842 -0.000000
vn 0.227226 0.973842 0.000000
vn 0.527490 -0.849561 0.000000
vn 0.527490 -0.849561 0.000000
vn 0.812778 -0.582573 0.000000
vn 0.812778 -0.582573 0.000000
vn -0.999472 -0.032477 0.000000
vn -0.999472 -0.032477 -0.000000
vn 0.956919 0.290356 0.000000
vn 0.956919 0.290356 0.000000
vn 0.730133 0.683305 0.000000
vn 0.730133 0.683305 0.000000
vn -0.290318 0.956930 0.000000
vn -0.290318 0.956930 0.000000
vn 0.956919 -0.290356 0.000000
vn 0.956919 -0.290356 0.000000
vn 0.730133 -0.683305 0.000000
vn 0.730133 -0.683305 0.000000
vn -0.412526 0.910946 0.000000
vn -0.412526 0.910946 0.000000
vn 0.032496 -0.999472 0.000000
vn 0.032496 -0.999472 0.000000
vn 0.162390 -0.986727 0.000000
vn 0.162390 -0.986727 0.000000
vn 0.634528 -0.772900 0.000000
vn 0.634528 -0.772900 0.000000
vn 0.290318 -0.956930 0.000000
vn 0.290318 -0.956930 0.000000
vn -0.999472 0.032477 0.000000
vn -0.999472 0.032477 0.000000
vn 0.352377 -0.935858 0.000000
vn 0.352377 -0.935858 0.000000
vn -0.634528 -0.772900 0.000000
vn -0.634528 -0.772900 0.000000
vn 0.812778 0.582573 0.000000
vn 0.812778 0.582573 0.000000
vn 0.910962 0.412489 0.000000
vn 0.910962 0.412489 0.000000
vn -0.032496 0.999472 0.000000
vn -0.032496 0.999472 0.000000
vn -0.956919 -0.290356 0.000000
vn -0.956919 -0.290356 -0.000000
vn 0.527490 0.849561 -0.000000
vn 0.527490 0.849561 0.000000
vn -0.683305 -0.730133 0.000000
vn -0.683305 -0.730133 0.000000
vn 0.352377 0.935858 -0.000000
vn 0.352377 0.935858 0.000000
vn -0.973842 -0.227226 0.000000
vn -0.973842 -0.227226 -0.000000
vn -0.527490 -0.849561 0.000000
vn -0.527490 -0.849561 0.000000
vn 0.935861 -0.352371 0.000000
vn 0.935861 -0.352371 0.000000
vn -0.098364 -0.995151 0.000000
vn -0.098364 -0.995151 0.000000
vn 0.412526 -0.910946 0.000000
vn 0.412526 -0.910946 0.000000
vn 0.683305 0.730133 -0.000000
vn 0.683305 0.730133 0.000000
vn -0.352377 -0.935858 0.000000
vn -0.352377 -0.935858 0.000000
vn 0.881660 0.471885 0.000000
vn 0.881660 0.471885 0.000000
vn -0.098364 0.995151 0.000000
vn -0.098364 0.995151 0.000000
vn -0.849545 -0.527516 0.000000
vn -0.849545 -0.527516 -0.000000
vn 0.683305 -0.730133 0.000000
vn 0.683305 -0.730133 0.000000
vn -0.986730 -0.162369 0.000000
vn -0.986730 -0.162369 -0.000000
vn 0.986730 -0.162369 0.000000
vn 0.986730 -0.162369 0.000000
vn -0.227226 -0.973842 0.000000
vn -0.227226 -0.973842 0.000000
vn -0.995150 0.098367 0.000000
vn -0.995150 0.098367 0.000000
vn -0.582606 0.812755 0.000000
vn -0.582606 0.812755 0.000000
vn -0.881660 -0.471885 0.000000
vn -0.881660 -0.471885 -0.000000
vn 0.935861 0.352371 0.000000
vn 0.935861 0.352371 0.000000
vn 0.986730 0.162369 0.000000
vn 0.986730 0.162369 0.000000
vn -0.227226 0.973842 0.000000
vn -0.227226 0.973842 0.000000
vn -0.973842 0.227226 0.000000
vn -0.973842 0.227226 0.000000
vn -0.730133 0.683305 0.000000
vn -0.730133 0.683305 0.000000
vn -0.849545 0.527516 0.000000
vn -0.849545 0.527516 0.000000
vn 0.098364 -0.995151 0.000000
vn 0.098364 -0.995151 0.000000
vn 0.772883 0.634548 0.000000
vn 0.772883 0.634548 0.000000
vn 0.995150 0.098367 0.000000
vn 0.995150 0.098367 0.000000
vn -0.412526 -0.910946 0.000000
vn -0.412526 -0.910946 0.000000
vn 0.849545 -0.527516 0.000000
vn 0.849545 -0.527516 0.000000
vn -0.162390 -0.986727 0.000000
vn -0.162390 -0.986727 0.000000
vn -0.683305 0.730133 0.000000
vn -0.683305 0.730133 0.000000
vn 0.032496 0.999472 -0.000000
vn 0.032496 0.999472 0.000000
vn 0.772883 -0.634548 0.000000
vn 0.772883 -0.634548 0.000000
vn 0.471878 0.881664 -0.000000
vn 0.471878 0.881664 0.000000
vn -0.471878 0.881664 0.000000
vn -0.471878 0.881664 0.000000
vn -0.352377 0.935858 0.000000
vn -0.352377 0.935858 0.000000
vn 0.634528 0.772900 -0.000000
vn 0.634528 0.772900 0.000000
vn -0.032496 -0.999472 0.000000
vn -0.032496 -0.999472 0.000000
vn -0.935861 0.352371 0.000000
vn -0.935861 0.352371 0.000000
vn -0.582606 -0.812755 0.000000
vn -0.582606 -0.812755 0.000000
vn 0.973842 -0.227226 0.000000
vn 0.973842 -0.227226 0.000000
vn 0.995150 -0.098367 0.000000
vn 0.995150 -0.098367 0.000000
vn -0.290318 -0.956930 0.000000
vn -0.290318 -0.956930 0.000000
vn 0.471878 -0.881664 0.000000
vn 0.471878 -0.881664 0.000000
vn 0.881660 -0.471885 0.000000
vn 0.881660 -0.471885 0.000000
vn 0.227226 -0.973842 0.000000
vn 0.227226 -0.973842 0.000000
vn -0.162390 0.986727 0.000000
vn -0.162390 0.986727 0.000000
vn 0.973842 0.227226 0.000000
vn 0.973842 0.227226 0.000000
vn 0.582606 -0.812755 0.000000
vn 0.582606 -0.812755 0.000000
vn 0.162390 0.986727 -0.000000
vn 0.162390 0.986727 0.000000
vn -0.527490 0.849561 0.000000
vn -0.527490 0.849561 0.000000
vn 0.849545 0.527516 0.000000
vn 0.849545 0.527516 0.000000
vn 0.098364 0.995151 -0.000000
vn 0.098364 0.995151 0.000000
vn -0.634528 0.772900 0.000000
vn -0.634528 0.772900 0.000000
vn -0.471878 -0.881664 0.000000
vn -0.471878 -0.881664 0.000000
vn -0.812778 0.582573 0.000000
vn -0.812778 0.582573 0.000000
vn 0.582606 0.812755 -0.000000
vn 0.582606 0.812755 0.000000
vn 0.910962 -0.412489 0.000000
vn 0.910962 -0.412489 0.000000
vn -0.772883 -0.634548 0.000000
vn -0.772883 -0.634548 -0.000000
vn -0.730133 -0.683305 0.000000
vn -0.730133 -0.683305 -0.000000
vn 0.412526 0.910946 -0.000000
vn 0.412526 0.910946 0.000000
vn 0.999472 -0.032477 0.000000
vn 0.999472 -0.032477 0.000000
vn 0.999472 0.032477 0.000000
vn 0.999472 0.032477 0.000000
vn 0.290318 0.956930 -0.000000
vn 0.290318 0.956930 0.000000
vn 0.227226 0.973842 -0.000000
vn 0.227226 0.973842 0.000000
vn 0.527490 -0.849561 0.000000
vn 0.527490 -0.849561 0.000000
vn -1.000000 0.000000 0.000000
vn -1.000000 0.000000 0.000000
vn 0.000000 0.000000 -1.000000
vn 0.000000 0.000000 -1.000000
vn 0.000000 0.000000 1.000000
vn 0.000000 0.000000 1.000000
vn 1.000000 -0.000000 0.000000
vn 1.000000 0.000000 0.000000
vn 1.000000 -0.000000 0.000000
vn 1.000000 0.000000 0.000000
vn 0.000000 0.000000 1.000000
vn 0.000000 0.000000 1.000000
vn 0.000000 0.000000 1.000000
vn 0.000000 0.000000 1.000000
vn 0.000000 0.000000 1.000000
vn 0.000000 0.000000 1.000000
vn 0.000000 0.000000 1.000000
vn 0.000000 0.000000 1.000000
vn 0.000000 0.000000 1.000000
vn 0.000000 0.000000 1.000000
vn 0.000000 0.000000 1.000000
vn 0.000000 0.000000 1.000000
vn 0.000000 0.000000 1.000000
vn 0.000000 0.000000 1.000000
vn 0.000000 0.000000 1.000000
vn 0.000000 0.000000 1.000000
vn 0.000000 0.000000 1.000000
vn 0.000000 0.000000 1.000000
vn 0.000000 0.000000 1.000000
vn 0.000000 0.000000 1.000000
vn 0.000000 0.000000 1.000000
vn 0.000000 0.000000 1.000000
vn 0.000000 0.000000 1.000000
vn 0.000000 0.000000 1.000000
vn 0.000000 0.000000 1.000000
vn 0.000000 0.000000 1.000000
vn 0.000000 0.000000 1.000000
vn 0.000000 0.000000 1.000000
vn 0.000000 0.000000 1.000000
vn 0.000000 0.000000 1.000000
vn 0.000000 0.000000 1.000000
vn 0.000000 0.000000 1.000000
vn 0.000000 0.000000 1.000000
vn 0.000000 0.000000 1.000000
vn 0.000000 0.000000 1.000000
vn 0.000000 0.000000 1.000000
vn 0.000000 0.000000 1.000000
vn 0.000000 0.000000 1.000000
vn 0.000000 0.000000 1.000000
vn 0.000000 0.000000 1.000000
vn 0.000000 0.000000 1.000000
vn 0.000000 0.000000 1.000000
vn 0.000000 0.000000 1.000000
vn 0.000000 0.000000 1.000000
vn 0.000000 0.000000 1.000000
vn 0.000000 0.000000 1.000000
vn 0.000000 0.000000 1.000000
vn 0.000000 0.000000 1.000000
vn 0.000000 0.000000 1.000000
vn 0.000000 0.000000 1.000000
vn 0.000000 0.000000 1.000000
vn 0.000000 0.000000 1.000000
vn 0.000000 0.000000 1.000000
vn 0.000000 0.000000 1.000000
vn 0.000000 0.000000 1.000000
vn 0.000000 0.000000 1.000000
vn 0.000000 0.000000 1.000000
vn 0.000000 0.000000 1.000000
vn 0.000000 0.000000 1.000000
vn 0.000000 0.000000 1.000000
vn 0.000000 0.000000 1.000000
vn 0.000000 0.000000 1.000000
vn 0.000000 0.000000 1.000000
vn 0.000000 0.000000 1.000000
vn 0.000000 0.000000 1.000000
vn 0.000000 0.000000 1.000000
vn 0.000000 0.000000 1.000000
vn 0.000000 0.000000 1.000000
vn 0.000000 0.000000 1.000000
vn 0.000000 0.000000 1.000000
vn 0.000000 0.000000 1.000000
vn 0.000000 0.000000 1.000000
vn 0.000000 0.000000 1.000000
vn 0.000000 0.000000 1.000000
vn 0.000000 0.000000 1.000000
vn 0.000000 0.000000 1.000000
vn 0.000000 0.000000 1.000000
vn 0.000000 0.000000 1.000000
vn 0.000000 0.000000 1.000000
vn 0.000000 0.000000 1.000000
vn 0.000000 0.000000 1.000000
vn 0.000000 0.000000 1.000000
vn 0.000000 0.000000 1.000000
vn 0.000000 0.000000 1.000000
vn 0.000000 0.000000 1.000000
vn 0.000000 0.000000 1.000000
vn 0.000000 0.000000 1.000000
vn 0.000000 0.000000 1.000000
vn 0.000000 0.000000 1.000000
vn 0.000000 0.000000 1.000000
vn 0.000000 0.000000 1.000000
vn 0.000000 0.000000 1.000000
vn 0.000000 0.000000 1.000000
vn 0.000000 0.000000 1.000000
vn 0.000000 0.000000 1.000000
vn 0.000000 0.000000 1.000000
vn 0.000000 0.000000 1.000000
vn 0.000000 0.000000 1.000000
vn 0.000000 0.000000 1.000000
vn 0.000000 0.000000 1.000000
vn 0.000000 0.000000 1.000000
vn 0.000000 0.000000 1.000000
vn 0.000000 0.000000 1.000000
vn 0.000000 0.000000 1.000000
vn 0.000000 0.000000 1.000000
vn 0.000000 0.000000 1.000000
vn 0.000000 0.000000 1.000000
vn 0.000000 0.000000 1.000000
vn 0.000000 0.000000 1.000000
vn 0.000000 0.000000 1.000000
vn 0.000000 0.000000 1.000000
vn 0.000000 0.000000 1.000000
vn 0.000000 0.000000 1.000000
vn 0.000000 0.000000 1.000000
vn 0.000000 0.000000 1.000000
vn 0.000000 0.000000 1.000000
vn 0.000000 0.000000 1.000000
vn 0.000000 0.000000 1.000000
vn 0.000000 0.000000 1.000000
vn 0.000000 0.000000 1.000000
vn 0.000000 0.000000 1.000000
vn 0.000000 0.000000 1.000000
vn 0.000000 0.000000 1.000000
vn 0.000000 0.000000 1.000000
vn 0.000000 0.000000 1.000000
vn 0.000000 0.000000 1.000000
vn 0.000000 0.000000 1.000000
vn 0.000000 0.000000 1.000000
vn 0.000000 0.000000 1.000000
vn 0.000000 0.000000 1.000000
vn 0.000000 0.000000 1.000000
vn 0.000000 0.000000 1.000000
vn 0.000000 0.000000 1.000000
vn 0.000000 0.000000 1.000000
vn 0.000000 0.000000 1.000000
vn 0.000000 0.000000 1.000000
vn 0.000000 0.000000 1.000000
vn 0.000000 0.000000 1.000000
vn 0.000000 0.000000 1.000000
vn 0.000000 0.000000 1.000000
vn 0.000000 0.000000 1.000000
vn 0.000000 0.000000 1.000000
vn 0.000000 0.000000 1.000000
vn 0.000000 0.000000 1.000000
vn 0.000000 0.000000 1.000000
vn 0.000000 0.000000 1.000000
vn 0.000000 0.000000 1.000000
vn 0.000000 0.000000 1.000000
vn 0.000000 0.000000 1.000000
vn 0.000000 0.000000 1.000000
vn 0.000000 0.000000 1.000000
vn 0.000000 0.000000 1.000000
vn 0.000000 0.000000 1.000000
vn 0.000000 0.000000 1.000000
vn 0.000000 0.000000 1.000000
vn 0.000000 0.000000 1.000000
vn 0.000000 0.000000 1.000000
vn 0.000000 0.000000 1.000000
vn 0.000000 0.000000 1.000000
vn 0.000000 0.000000 1.000000
vn 0.000000 0.000000 1.000000
vn 0.000000 0.000000 1.000000
vn 0.000000 0.000000 1.000000
vn 0.000000 0.000000 1.000000
vn 0.000000 0.000000 1.000000
vn 0.000000 0.000000 1.000000
vn 0.000000 0.000000 1.000000
vn 0.000000 0.000000 1.000000
vn 0.000000 0.000000 1.000000
vn 0.000000 0.000000 1.000000
vn 0.000000 0.000000 1.000000
vn 0.000000 0.000000 1.000000
vn 0.000000 0.000000 1.000000
vn 0.000000 0.000000 1.000000
vn 0.000000 0.000000 1.000000
vn 0.000000 0.000000 1.000000
vn 0.000000 0.000000 1.000000
vn 0.000000 0.000000 1.000000
vn 0.000000 0.000000 1.000000
vn 0.000000 0.000000 1.000000
vn 0.000000 0.000000 1.000000
vn 0.000000 0.000000 1.000000
vn 0.000000 0.000000 1.000000
vn 0.000000 0.000000 1.000000
vn 0.000000 0.000000 1.000000
vn 0.000000 0.000000 1.000000
vn 0.000000 0.000000 1.000000
vn 0.000000 0.000000 1.000000
vn 0.000000 0.000000 1.000000
vn 0.000000 0.000000 1.000000
vn 0.000000 0.000000 1.000000
vn 0.000000 0.000000 1.000000
vn 0.000000 0.000000 1.000000
vn 0.000000 0.000000 1.000000
vn 0.000000 0.000000 1.000000
vn 0.000000 0.000000 1.000000
vn 0.000000 0.000000 1.000000
vn 0.000000 0.000000 1.000000
vn 0.000000 0.000000 1.000000
vn 0.000000 0.000000 1.000000
vn 0.000000 0.000000 1.000000
vn 0.000000 0.000000 1.000000
vn 0.000000 0.000000 1.000000
vn 0.000000 0.000000 1.000000
vn 0.000000 0.000000 1.000000
vn 0.000000 0.000000 1.000000
vn 0.000000 0.000000 1.000000
vn 0.000000 0.000000 1.000000
vn 0.000000 0.000000 1.000000
vn 0.000000 0.000000 1.000000
vn 0.000000 0.000000 1.000000
vn 0.000000 0.000000 1.000000
vn 0.000000 0.000000 1.000000
vn 0.000000 0.000000 1.000000
vn 0.000000 0.000000 1.000000
vn 0.000000 0.000000 1.000000
vn 0.000000 0.000000 1.000000
vn 0.000000 0.000000 1.000000
vn 0.000000 0.000000 1.000000
vn 0.000000 0.000000 1.000000
vn 0.000000 0.000000 1.000000
vn 0.000000 0.000000 1.000000
vn 0.000000 0.000000 1.000000
vn 0.000000 0.000000 1.000000
vn 0.000000 0.000000 1.000000
vn 0.000000 0.000000 1.000000
vn 0.000000 0.000000 1.000000
vn 0.000000 0.000000 1.000000
vn 0.000000 0.000000 1.000000
vn 0.000000 0.000000 1.000000
vn 0.000000 0.000000 1.000000
vn 0.000000 0.000000 1.000000
vn 0.000000 0.000000 1.000000
vn 0.000000 0.000000 1.000000
vn 0.000000 0.000000 1.000000
vn 0.000000 0.000000 1.000000
vn 0.000000 0.000000 1.000000
vn 0.000000 0.000000 1.000000
vn 0.000000 0.000000 1.000000
vn 0.000000 0.000000 1.000000
vn 0.000000 0.000000 1.000000
vn 0.000000 0.000000 1.000000
vn 0.000000 0.000000 1.000000
vn 0.000000 0.000000 1.000000
vn 0.000000 0.000000 1.000000
vn 0.000000 0.000000 1.000000
vn 0.000000 0.000000 1.000000
vn 0.000000 0.000000 1.000000
vn 0.000000 0.000000 1.000000
vn 0.000000 0.000000 1.000000
vn 0.000000 0.000000 1.000000
vn 0.000000 0.000000 1.000000
vn 0.000000 0.000000 1.000000
vn 0.000000 0.000000 1.000000
vn 0.000000 0.000000 1.000000
vn 0.000000 0.000000 1.000000
vn 0.000000 0.000000 1.000000
vn 0.000000 0.000000 1.000000
vn 0.000000 0.000000 1.000000
vn 0.000000 0.000000 1.000000
vn 0.000000 0.000000 1.000000
vn 0.000000 0.000000 1.000000
vn 0.000000 0.000000 1.000000
vn 0.000000 0.000000 1.000000
vn 0.000000 0.000000 1.000000
vn 0.000000 0.000000 1.000000
vn 0.000000 0.000000 1.000000
vn 0.000000 0.000000 1.000000
vn 0.000000 0.000000 1.000000
vn 0.000000 0.000000 1.000000
vn 0.000000 0.000000 1.000000
vn 0.000000 0.000000 1.000000
vn 0.000000 0.000000 1.000000
vn 0.000000 0.000000 1.000000
vn 0.000000 0.000000 1.000000
vn 0.000000 0.000000 1.000000
vn 0.000000 0.000000 1.000000
vn 0.000000 0.000000 1.000000
vn 0.000000 0.000000 1.000000
vn 0.000000 0.000000 1.000000
vn 0.000000 0.000000 1.000000
vn 0.000000 0.000000 1.000000
vn 0.000000 0.000000 1.000000
vn 0.000000 0.000000 1.000000
vn 0.000000 0.000000 1.000000
vn 0.000000 0.000000 1.000000
vn 0.000000 0.000000 1.000000
vn 0.000000 0.000000 1.000000
vn 0.000000 0.000000 1.000000
vn 0.000000 0.000000 1.000000
vn 0.000000 0.000000 1.000000
vn 0.000000 0.000000 1.000000
vn 0.000000 0.000000 1.000000
vn 0.000000 0.000000 1.000000
vn 0.000000 0.000000 1.000000
vn 0.000000 0.000000 1.000000
vn 0.000000 0.000000 1.000000
vn 0.000000 0.000000 1.000000
vn 0.000000 0.000000 1.000000
vn 0.000000 0.000000 1.000000
vn 0.000000 0.000000 1.000000
vn 0.000000 0.000000 1.000000
vn 0.000000 0.000000 1.000000
vn 0.000000 0.000000 1.000000
vn 0.000000 0.000000 1.000000
vn 0.000000 0.000000 1.000000
vn 0.000000 0.000000 1.000000
vn 0.000000 0.000000 1.000000
vn 0.000000 0.000000 1.000000
vn 0.000000 0.000000 1.000000
vn 0.000000 0.000000 1.000000
vn 0.000000 0.000000 1.000000
vn 0.000000 0.000000 1.000000
vn 0.000000 0.000000 1.000000
vn 0.000000 0.000000 1.000000
vn 0.000000 0.000000 1.000000
vn 0.000000 0.000000 1.000000
vn 0.000000 0.000000 1.000000
vn 0.000000 0.000000 1.000000
vn 0.000000 0.000000 1.000000
vn 0.000000 0.000000 1.000000
vn 0.000000 0.000000 1.000000
vn 0.000000 0.000000 1.000000
vn 0.000000 0.000000 1.000000
vn 0.000000 0.000000 1.000000
vn 0.000000 0.000000 1.000000
vn 0.000000 0.000000 1.000000
vn 0.000000 0.000000 1.000000
vn 0.000000 0.000000 1.000000
vn 0.000000 0.000000 1.000000
vn 0.000000 0.000000 1.000000
vn 0.000000 0.000000 1.000000
vn 0.000000 0.000000 1.000000
vn 0.000000 0.000000 1.000000
vn 0.000000 0.000000 1.000000
vn 0.000000 0.000000 1.000000
vn 0.000000 0.000000 1.000000
vn 0.000000 0.000000 1.000000
vn 0.000000 0.000000 1.000000
vn 0.000000 0.000000 1.000000
vn 0.000000 0.000000 1.000000
vn 0.000000 0.000000 1.000000
vn 0.000000 0.000000 1.000000
vn 0.000000 0.000000 1.000000
vn 0.000000 0.000000 1.000000
vn 0.000000 0.000000 1.000000
vn 0.000000 0.000000 1.000000
vn 0.000000 0.000000 1.000000
vn 0.000000 0.000000 1.000000
vn 0.000000 0.000000 1.000000
vn 0.000000 0.000000 1.000000
vn 0.000000 0.000000 1.000000
vn 0.000000 0.000000 1.000000
vn 0.000000 0.000000 1.000000
vn 0.000000 0.000000 1.000000
vn 0.000000 0.000000 1.000000
vn 0.000000 0.000000 1.000000
vn 0.000000 0.000000 1.000000
vn 0.000000 0.000000 1.000000
vn 0.000000 0.000000 1.000000
vn 0.000000 0.000000 1.000000
vn 0.000000 0.000000 1.000000
vn 0.000000 0.000000 1.000000
vn 0.000000 0.000000 1.000000
vn 0.000000 0.000000 1.000000
vn 0.000000 0.000000 1.000000
vn 0.000000 0.000000 1.000000
vn 0.000000 0.000000 1.000000
vn 0.000000 0.000000 1.000000
vn 0.000000 0.000000 1.000000
vn 0.000000 0.000000 1.000000
vn 0.000000 0.000000 1.000000
vn 0.000000 0.000000 1.000000
vn 0.000000 0.000000 1.000000
vn 0.000000 0.000000 1.000000
vn 0.000000 0.000000 1.000000
vn 0.000000 0.000000 1.000000
vn 0.000000 0.000000 1.000000
vn 0.000000 0.000000 1.000000
vn 0.000000 0.000000 1.000000
vn 0.000000 0.000000 1.000000
vn 0.000000 0.000000 1.000000
vn 0.000000 0.000000 1.000000
vn 0.000000 0.000000 1.000000
vn 0.000000 0.000000 1.000000
vn 0.000000 0.000000 1.000000
vn 0.000000 0.000000 1.000000
vn 0.000000 0.000000 1.000000
vn 0.000000 0.000000 1.000000
vn 0.000000 0.000000 1.000000
vn 0.000000 0.000000 1.000000
vn 0.000000 0.000000 1.000000
vn 0.000000 0.000000 1.000000
vn 0.000000 0.000000 1.000000
vn 0.528182 0.849131 -0.000000
vn 0.528182 0.849131 0.000000
vn 0.582452 0.812865 -0.000000
vn 0.582452 0.812865 0.000000
vn 0.729953 -0.683497 0.000000
vn 0.729953 -0.683497 0.000000
vn 0.773059 -0.634334 0.000000
vn 0.773059 -0.634334 0.000000
vn 0.683491 -0.729959 0.000000
vn 0.683491 -0.729959 0.000000
vn 0.634341 -0.773054 0.000000
vn 0.634341 -0.773054 0.000000
vn 0.582329 -0.812953 0.000000
vn 0.582329 -0.812953 0.000000
vn 0.812870 -0.582446 0.000000
vn 0.812870 -0.582446 0.000000
vn 0.849127 -0.528189 0.000000
vn 0.849127 -0.528189 0.000000
vn 0.881996 -0.471257 0.000000
vn 0.881996 -0.471257 0.000000
vn 0.910890 -0.412649 0.000000
vn 0.910890 -0.412649 0.000000
vn 0.935952 -0.352128 0.000000
vn 0.935952 -0.352128 0.000000
vn 0.956946 -0.290265 0.000000
vn 0.956946 -0.290265 0.000000
vn 0.973802 -0.227398 0.000000
vn 0.973802 -0.227398 0.000000
vn 0.986690 -0.162613 0.000000
vn 0.986690 -0.162613 0.000000
vn 0.995205 -0.097813 0.000000
vn 0.995205 -0.097813 0.000000
vn 0.999455 -0.033008 0.000000
vn 0.999455 -0.033008 0.000000
vn 0.999455 0.033008 0.000000
vn 0.999455 0.033008 0.000000
vn 0.995205 0.097813 0.000000
vn 0.995205 0.097813 0.000000
vn 0.986690 0.162613 0.000000
vn 0.986690 0.162613 0.000000
vn 0.973802 0.227398 0.000000
vn 0.973802 0.227398 0.000000
vn 0.956946 0.290265 0.000000
vn 0.956946 0.290265 0.000000
vn 0.935952 0.352128 0.000000
vn 0.935952 0.352128 0.000000
vn 0.910890 0.412649 0.000000
vn 0.910890 0.412649 0.000000
vn 0.881996 0.471257 0.000000
vn 0.881996 0.471257 0.000000
vn 0.634341 0.773054 -0.000000
vn 0.634341 0.773054 0.000000
vn 0.683491 0.729959 -0.000000
vn 0.683491 0.729959 0.000000
vn 0.849127 0.528189 0.000000
vn 0.849127 0.528189 0.000000
vn 0.812870 0.582446 0.000000
vn 0.812870 0.582446 0.000000
vn 0.773059 0.634334 0.000000
vn 0.773059 0.634334 0.000000
vn 0.729953 0.683497 0.000000
vn 0.729953 0.683497 0.000000
vn 0.528140 -0.849157 0.000000
vn 0.528140 -0.849157 0.000000
vn 0.471347 -0.881948 0.000000
vn 0.471347 -0.881948 0.000000
vn 0.412753 -0.910843 0.000000
vn 0.412753 -0.910843 0.000000
vn 0.352288 -0.935891 0.000000
vn 0.352288 -0.935891 0.000000
vn 0.290152 -0.956981 0.000000
vn 0.290152 -0.956981 0.000000
vn 0.227111 -0.973869 0.000000
vn 0.227111 -0.973869 0.000000
vn 0.162915 -0.986640 0.000000
vn 0.162915 -0.986640 0.000000
vn 0.098050 -0.995181 0.000000
vn 0.098050 -0.995181 0.000000
vn 0.032705 -0.999465 0.000000
vn 0.032705 -0.999465 0.000000
vn -0.032705 -0.999465 0.000000
vn -0.032705 -0.999465 0.000000
vn -0.098050 -0.995181 0.000000
vn -0.098050 -0.995181 0.000000
vn -0.162915 -0.986640 0.000000
vn -0.162915 -0.986640 0.000000
vn -0.227111 -0.973869 0.000000
vn -0.227111 -0.973869 0.000000
vn -0.290152 -0.956981 0.000000
vn -0.290152 -0.956981 0.000000
vn -0.352288 -0.935891 0.000000
vn -0.352288 -0.935891 0.000000
vn -0.412753 -0.910843 0.000000
vn -0.412753 -0.910843 0.000000
vn -0.471347 -0.881948 0.000000
vn -0.471347 -0.881948 0.000000
vn -0.528140 -0.849157 0.000000
vn -0.528140 -0.849157 0.000000
vn -0.582329 -0.812953 0.000000
vn -0.582329 -0.812953 0.000000
vn -0.634341 -0.773054 0.000000
vn -0.634341 -0.773054 0.000000
vn -0.683491 -0.729959 0.000000
vn -0.683491 -0.729959 0.000000
vn -0.729953 -0.683497 0.000000
vn -0.729953 -0.683497 -0.000000
vn -0.773059 -0.634334 0.000000
vn -0.773059 -0.634334 -0.000000
vn -0.812870 -0.582446 0.000000
vn -0.812870 -0.582446 -0.000000
vn -0.849127 -0.528189 0.000000
vn -0.849127 -0.528189 -0.000000
vn -0.881996 -0.471257 0.000000
vn -0.881996 -0.471257 -0.000000
vn -0.910890 -0.412649 0.000000
vn -0.910890 -0.412649 -0.000000
vn -0.935952 -0.352128 0.000000
vn -0.935952 -0.352128 -0.000000
vn -0.956946 -0.290265 0.000000
vn -0.956946 -0.290265 -0.000000
vn -0.973802 -0.227398 0.000000
vn -0.973802 -0.227398 -0.000000
vn -0.986690 -0.162613 0.000000
vn -0.986690 -0.162613 -0.000000
vn -0.995205 -0.097813 0.000000
vn -0.995205 -0.097813 -0.000000
vn -0.999455 -0.033008 0.000000
vn -0.999455 -0.033008 -0.000000
vn -0.999455 0.033008 0.000000
vn -0.999455 0.033008 0.000000
vn -0.995205 0.097813 0.000000
vn -0.995205 0.097813 0.000000
vn -0.986690 0.162613 0.000000
vn -0.986690 0.162613 0.000000
vn -0.973802 0.227398 0.000000
vn -0.973802 0.227398 0.000000
vn -0.956946 0.290265 0.000000
vn -0.956946 0.290265 0.000000
vn -0.935952 0.352128 0.000000
vn -0.935952 0.352128 0.000000
vn -0.910890 0.412649 0.000000
vn -0.910890 0.412649 0.000000
vn -0.881996 0.471257 0.000000
vn -0.881996 0.471257 0.000000
vn -0.849127 0.528189 0.000000
vn -0.849127 0.528189 0.000000
vn -0.812870 0.582446 0.000000
vn -0.812870 0.582446 0.000000
vn -0.773059 0.634334 0.000000
vn -0.773059 0.634334 0.000000
vn -0.729953 0.683497 0.000000
vn -0.729953 0.683497 0.000000
vn -0.683491 0.729959 0.000000
vn -0.683491 0.729959 0.000000
vn -0.634341 0.773054 0.000000
vn -0.634341 0.773054 0.000000
vn -0.582452 0.812865 0.000000
vn -0.582452 0.812865 0.000000
vn -0.528182 0.849131 0.000000
vn -0.528182 0.849131 0.000000
vn -0.471252 0.881999 0.000000
vn -0.471252 0.881999 0.000000
vn -0.412651 0.910889 0.000000
vn -0.412651 0.910889 0.000000
vn -0.352130 0.935951 0.000000
vn -0.352130 0.935951 0.000000
vn -0.290258 0.956948 0.000000
vn -0.290258 0.956948 0.000000
vn -0.227404 0.973801 0.000000
vn -0.227404 0.973801 0.000000
vn -0.162614 0.986690 0.000000
vn -0.162614 0.986690 0.000000
vn -0.097813 0.995205 0.000000
vn -0.097813 0.995205 0.000000
vn -0.033008 0.999455 0.000000
vn -0.033008 0.999455 0.000000
vn 0.033008 0.999455 -0.000000
vn 0.033008 0.999455 0.000000
vn 0.097813 0.995205 -0.000000
vn 0.097813 0.995205 0.000000
vn 0.162614 0.986690 -0.000000
vn 0.162614 0.986690 0.000000
vn 0.227404 0.973801 -0.000000
vn 0.227404 0.973801 0.000000
vn 0.290258 0.956948 -0.000000
vn 0.290258 0.956948 0.000000
vn 0.352130 0.935951 -0.000000
vn 0.352130 0.935951 0.000000
vn 0.412651 0.910889 -0.000000
vn 0.412651 0.910889 0.000000
vn 0.471252 0.881999 -0.000000
vn 0.471252 0.881999 0.000000
vn 0.528101 0.849181 -0.000000
vn 0.528101 0.849181 0.000000
vn 0.582538 0.812804 -0.000000
vn 0.582538 0.812804 0.000000
vn 0.729866 -0.683590 0.000000
vn 0.729866 -0.683590 0.000000
vn 0.773116 -0.634265 0.000000
vn 0.773116 -0.634265 0.000000
vn 0.683491 -0.729959 0.000000
vn 0.683491 -0.729959 0.000000
vn 0.634429 -0.772981 0.000000
vn 0.634429 -0.772981 0.000000
vn 0.582415 -0.812892 0.000000
vn 0.582415 -0.812892 0.000000
vn 0.812896 -0.582409 0.000000
vn 0.812896 -0.582409 0.000000
vn 0.849157 -0.528141 0.000000
vn 0.849157 -0.528141 0.000000
vn 0.881948 -0.471347 0.000000
vn 0.881948 -0.471347 0.000000
vn 0.910842 -0.412755 0.000000
vn 0.910842 -0.412755 0.000000
vn 0.935891 -0.352289 0.000000
vn 0.935891 -0.352289 0.000000
vn 0.956981 -0.290150 0.000000
vn 0.956981 -0.290150 0.000000
vn 0.973868 -0.227113 0.000000
vn 0.973868 -0.227113 0.000000
vn 0.986641 -0.162911 0.000000
vn 0.986641 -0.162911 0.000000
vn 0.995181 -0.098050 0.000000
vn 0.995181 -0.098050 0.000000
vn 0.999465 -0.032705 0.000000
vn 0.999465 -0.032705 0.000000
vn 0.999465 0.032705 0.000000
vn 0.999465 0.032705 0.000000
vn 0.995181 0.098050 0.000000
vn 0.995181 0.098050 0.000000
vn 0.986641 0.162911 0.000000
vn 0.986641 0.162911 0.000000
vn 0.973868 0.227113 0.000000
vn 0.973868 0.227113 0.000000
vn 0.956981 0.290150 0.000000
vn 0.956981 0.290150 0.000000
vn 0.935891 0.352289 0.000000
vn 0.935891 0.352289 0.000000
vn 0.910842 0.412755 0.000000
vn 0.910842 0.412755 0.000000
vn 0.881948 0.471347 0.000000
vn 0.881948 0.471347 0.000000
vn 0.634429 0.772981 -0.000000
vn 0.634429 0.772981 0.000000
vn 0.683491 0.729959 -0.000000
vn 0.683491 0.729959 0.000000
vn 0.849157 0.528141 0.000000
vn 0.849157 0.528141 0.000000
vn 0.812896 0.582409 0.000000
vn 0.812896 0.582409 0.000000
vn 0.773116 0.634265 0.000000
vn 0.773116 0.634265 0.000000
vn 0.729866 0.683590 0.000000
vn 0.729866 0.683590 0.000000
vn 0.528059 -0.849207 0.000000
vn 0.528059 -0.849207 0.000000
vn 0.471398 -0.881920 0.000000
vn 0.471398 -0.881920 0.000000
vn 0.412731 -0.910853 0.000000
vn 0.412731 -0.910853 0.000000
vn 0.352267 -0.935899 0.000000
vn 0.352267 -0.935899 0.000000
vn 0.290237 -0.956955 0.000000
vn 0.290237 -0.956955 0.000000
vn 0.227083 -0.973875 0.000000
vn 0.227083 -0.973875 0.000000
vn 0.162904 -0.986642 0.000000
vn 0.162904 -0.986642 0.000000
vn 0.098045 -0.995182 0.000000
vn 0.098045 -0.995182 0.000000
vn 0.032703 -0.999465 0.000000
vn 0.032703 -0.999465 0.000000
vn -0.032705 -0.999465 0.000000
vn -0.032705 -0.999465 0.000000
vn -0.098050 -0.995181 0.000000
vn -0.098050 -0.995181 0.000000
vn -0.162914 -0.986640 0.000000
vn -0.162914 -0.986640 0.000000
vn -0.227111 -0.973869 0.000000
vn -0.227111 -0.973869 0.000000
vn -0.290153 -0.956980 0.000000
vn -0.290153 -0.956980 0.000000
vn -0.352287 -0.935892 0.000000
vn -0.352287 -0.935892 0.000000
vn -0.412755 -0.910842 0.000000
vn -0.412755 -0.910842 0.000000
vn -0.471347 -0.881948 0.000000
vn -0.471347 -0.881948 0.000000
vn -0.528143 -0.849155 0.000000
vn -0.528143 -0.849155 0.000000
vn -0.582326 -0.812955 0.000000
vn -0.582326 -0.812955 0.000000
vn -0.634338 -0.773056 0.000000
vn -0.634338 -0.773056 0.000000
vn -0.683491 -0.729959 0.000000
vn -0.683491 -0.729959 0.000000
vn -0.729959 -0.683491 0.000000
vn -0.729959 -0.683491 -0.000000
vn -0.773056 -0.634338 0.000000
vn -0.773056 -0.634338 -0.000000
vn -0.812867 -0.582449 0.000000
vn -0.812867 -0.582449 -0.000000
vn -0.849129 -0.528185 0.000000
vn -0.849129 -0.528185 -0.000000
vn -0.881999 -0.471252 0.000000
vn -0.881999 -0.471252 -0.000000
vn -0.910888 -0.412654 0.000000
vn -0.910888 -0.412654 -0.000000
vn -0.935952 -0.352128 0.000000
vn -0.935952 -0.352128 -0.000000
vn -0.956948 -0.290260 0.000000
vn -0.956948 -0.290260 -0.000000
vn -0.973801 -0.227404 0.000000
vn -0.973801 -0.227404 -0.000000
vn -0.986690 -0.162613 0.000000
vn -0.986690 -0.162613 -0.000000
vn -0.995205 -0.097813 0.000000
vn -0.995205 -0.097813 -0.000000
vn -0.999455 -0.033008 0.000000
vn -0.999455 -0.033008 -0.000000
vn -0.999455 0.033008 0.000000
vn -0.999455 0.033008 0.000000
vn -0.995205 0.097813 0.000000
vn -0.995205 0.097813 0.000000
vn -0.986690 0.162613 0.000000
vn -0.986690 0.162613 0.000000
vn -0.973801 0.227404 0.000000
vn -0.973801 0.227404 0.000000
vn -0.956948 0.290260 0.000000
vn -0.956948 0.290260 0.000000
vn -0.935952 0.352128 0.000000
vn -0.935952 0.352128 0.000000
vn -0.910888 0.412654 0.000000
vn -0.910888 0.412654 0.000000
vn -0.881999 0.471252 0.000000
vn -0.881999 0.471252 0.000000
vn -0.849129 0.528185 0.000000
vn -0.849129 0.528185 0.000000
vn -0.812867 0.582449 0.000000
vn -0.812867 0.582449 0.000000
vn -0.773056 0.634338 0.000000
vn -0.773056 0.634338 0.000000
vn -0.729959 0.683491 0.000000
vn -0.729959 0.683491 0.000000
vn -0.683491 0.729959 0.000000
vn -0.683491 0.729959 0.000000
vn -0.634338 0.773056 0.000000
vn -0.634338 0.773056 0.000000
vn -0.582449 0.812867 0.000000
vn -0.582449 0.812867 0.000000
vn -0.528185 0.849129 0.000000
vn -0.528185 0.849129 0.000000
vn -0.471252 0.881999 0.000000
vn -0.471252 0.881999 0.000000
vn -0.412654 0.910888 0.000000
vn -0.412654 0.910888 0.000000
vn -0.352128 0.935952 0.000000
vn -0.352128 0.935952 0.000000
vn -0.290260 0.956948 0.000000
vn -0.290260 0.956948 0.000000
vn -0.227404 0.973801 0.000000
vn -0.227404 0.973801 0.000000
vn -0.162613 0.986690 0.000000
vn -0.162613 0.986690 0.000000
vn -0.097813 0.995205 0.000000
vn -0.097813 0.995205 0.000000
vn -0.033008 0.999455 0.000000
vn -0.033008 0.999455 0.000000
vn 0.033006 0.999455 -0.000000
vn 0.033006 0.999455 0.000000
vn 0.097808 0.995205 -0.000000
vn 0.097808 0.995205 0.000000
vn 0.162603 0.986691 -0.000000
vn 0.162603 0.986691 0.000000
vn 0.227376 0.973807 -0.000000
vn 0.227376 0.973807 0.000000
vn 0.290344 0.956922 -0.000000
vn 0.290344 0.956922 0.000000
vn 0.352109 0.935959 -0.000000
vn 0.352109 0.935959 0.000000
vn 0.412629 0.910899 -0.000000
vn 0.412629 0.910899 0.000000
vn 0.471303 0.881971 -0.000000
vn 0.471303 0.881971 0.000000
vn 0.683460 -0.729988 0.000000
vn 0.683460 -0.729988 0.000000
vn 0.634459 -0.772956 0.000000
vn 0.634459 -0.772956 0.000000
vn 0.729864 -0.683592 0.000000
vn 0.729864 -0.683592 0.000000
vn 0.582413 -0.812893 0.000000
vn 0.582413 -0.812893 0.000000
vn 0.528061 -0.849207 0.000000
vn 0.528061 -0.849207 0.000000
vn 0.471400 -0.881920 0.000000
vn 0.471400 -0.881920 0.000000
vn 0.412730 -0.910853 0.000000
vn 0.412730 -0.910853 0.000000
vn 0.773119 -0.634261 0.000000
vn 0.773119 -0.634261 0.000000
vn 0.812896 -0.582409 0.000000
vn 0.812896 -0.582409 0.000000
vn 0.849155 -0.528143 0.000000
vn 0.849155 -0.528143 0.000000
vn 0.352266 -0.935900 0.000000
vn 0.352266 -0.935900 0.000000
vn 0.290238 -0.956954 0.000000
vn 0.290238 -0.956954 0.000000
vn 0.227083 -0.973875 0.000000
vn 0.227083 -0.973875 0.000000
vn 0.162895 -0.986643 0.000000
vn 0.162895 -0.986643 0.000000
vn 0.098050 -0.995182 0.000000
vn 0.098050 -0.995182 0.000000
vn 0.881948 -0.471347 0.000000
vn 0.881948 -0.471347 0.000000
vn 0.910842 -0.412755 0.000000
vn 0.910842 -0.412755 0.000000
vn 0.935911 -0.352235 0.000000
vn 0.935911 -0.352235 0.000000
vn 0.956964 -0.290206 0.000000
vn 0.956964 -0.290206 0.000000
vn 0.973869 -0.227111 0.000000
vn 0.973869 -0.227111 0.000000
vn 0.986640 -0.162914 0.000000
vn 0.986640 -0.162914 0.000000
vn 0.995181 -0.098050 0.000000
vn 0.995181 -0.098050 0.000000
vn 0.032703 -0.999465 0.000000
vn 0.032703 -0.999465 0.000000
vn -0.032703 -0.999465 0.000000
vn -0.032703 -0.999465 0.000000
vn -0.098044 -0.995182 0.000000
vn -0.098044 -0.995182 0.000000
vn 0.999465 -0.032705 0.000000
vn 0.999465 -0.032705 0.000000
vn 0.999465 0.032705 0.000000
vn 0.999465 0.032705 0.000000
vn 0.995181 0.098050 0.000000
vn 0.995181 0.098050 0.000000
vn 0.986640 0.162914 0.000000
vn 0.986640 0.162914 0.000000
vn 0.973869 0.227111 0.000000
vn 0.973869 0.227111 0.000000
vn 0.956964 0.290206 0.000000
vn 0.956964 0.290206 0.000000
vn 0.935911 0.352235 0.000000
vn 0.935911 0.352235 0.000000
vn 0.910842 0.412755 0.000000
vn 0.910842 0.412755 0.000000
vn 0.881948 0.471347 0.000000
vn 0.881948 0.471347 0.000000
vn 0.849155 0.528143 0.000000
vn 0.849155 0.528143 0.000000
vn 0.812896 0.582409 0.000000
vn 0.812896 0.582409 0.000000
vn 0.773119 0.634261 0.000000
vn 0.773119 0.634261 0.000000
vn 0.729864 0.683592 0.000000
vn 0.729864 0.683592 0.000000
vn 0.471304 0.881971 -0.000000
vn 0.471304 0.881971 0.000000
vn 0.528103 0.849181 -0.000000
vn 0.528103 0.849181 0.000000
vn 0.582536 0.812805 -0.000000
vn 0.582536 0.812805 0.000000
vn 0.634459 0.772956 -0.000000
vn 0.634459 0.772956 0.000000
vn 0.683460 0.729988 -0.000000
vn 0.683460 0.729988 0.000000
vn -0.162905 -0.986642 0.000000
vn -0.162905 -0.986642 0.000000
vn -0.227083 -0.973875 0.000000
vn -0.227083 -0.973875 0.000000
vn -0.290238 -0.956954 0.000000
vn -0.290238 -0.956954 0.000000
vn -0.352266 -0.935900 0.000000
vn -0.352266 -0.935900 0.000000
vn -0.412730 -0.910853 0.000000
vn -0.412730 -0.910853 0.000000
vn -0.471400 -0.881920 0.000000
vn -0.471400 -0.881920 0.000000
vn -0.528061 -0.849207 0.000000
vn -0.528061 -0.849207 0.000000
vn -0.582413 -0.812893 0.000000
vn -0.582413 -0.812893 0.000000
vn -0.634429 -0.772981 0.000000
vn -0.634429 -0.772981 0.000000
vn -0.683491 -0.729959 0.000000
vn -0.683491 -0.729959 0.000000
vn -0.729864 -0.683592 0.000000
vn -0.729864 -0.683592 -0.000000
vn -0.773119 -0.634261 0.000000
vn -0.773119 -0.634261 -0.000000
vn -0.812895 -0.582411 0.000000
vn -0.812895 -0.582411 -0.000000
vn -0.849157 -0.528141 0.000000
vn -0.849157 -0.528141 -0.000000
vn -0.881947 -0.471349 0.000000
vn -0.881947 -0.471349 -0.000000
vn -0.910843 -0.412754 0.000000
vn -0.910843 -0.412754 -0.000000
vn -0.935891 -0.352289 0.000000
vn -0.935891 -0.352289 -0.000000
vn -0.956981 -0.290149 0.000000
vn -0.956981 -0.290149 -0.000000
vn -0.973868 -0.227115 0.000000
vn -0.973868 -0.227115 -0.000000
vn -0.986641 -0.162911 0.000000
vn -0.986641 -0.162911 -0.000000
vn -0.995181 -0.098050 0.000000
vn -0.995181 -0.098050 -0.000000
vn -0.999465 -0.032705 0.000000
vn -0.999465 -0.032705 -0.000000
vn -0.999465 0.032705 0.000000
vn -0.999465 0.032705 0.000000
vn -0.995181 0.098050 0.000000
vn -0.995181 0.098050 0.000000
vn -0.986641 0.162911 0.000000
vn -0.986641 0.162911 0.000000
vn -0.973868 0.227115 0.000000
vn -0.973868 0.227115 0.000000
vn -0.956981 0.290149 0.000000
vn -0.956981 0.290149 0.000000
vn -0.935891 0.352289 0.000000
vn -0.935891 0.352289 0.000000
vn -0.910843 0.412754 0.000000
vn -0.910843 0.412754 0.000000
vn -0.881947 0.471349 0.000000
vn -0.881947 0.471349 0.000000
vn -0.849157 0.528141 0.000000
vn -0.849157 0.528141 0.000000
vn -0.812895 0.582411 0.000000
vn -0.812895 0.582411 0.000000
vn -0.773119 0.634261 0.000000
vn -0.773119 0.634261 0.000000
vn -0.729864 0.683592 0.000000
vn -0.729864 0.683592 0.000000
vn -0.683491 0.729959 0.000000
vn -0.683491 0.729959 0.000000
vn -0.634429 0.772981 0.000000
vn -0.634429 0.772981 0.000000
vn -0.582536 0.812805 0.000000
vn -0.582536 0.812805 0.000000
vn -0.528103 0.849181 0.000000
vn -0.528103 0.849181 0.000000
vn -0.471304 0.881971 0.000000
vn -0.471304 0.881971 0.000000
vn -0.412628 0.910899 0.000000
vn -0.412628 0.910899 0.000000
vn -0.352108 0.935959 0.000000
vn -0.352108 0.935959 0.000000
vn -0.290345 0.956922 0.000000
vn -0.290345 0.956922 0.000000
vn -0.227376 0.973807 0.000000
vn -0.227376 0.973807 0.000000
vn -0.162604 0.986691 0.000000
vn -0.162604 0.986691 0.000000
vn -0.097807 0.995205 0.000000
vn -0.097807 0.995205 0.000000
vn -0.033006 0.999455 0.000000
vn -0.033006 0.999455 0.000000
vn 0.033006 0.999455 -0.000000
vn 0.033006 0.999455 0.000000
vn 0.097813 0.995205 -0.000000
vn 0.097813 0.995205 0.000000
vn 0.162594 0.986693 -0.000000
vn 0.162594 0.986693 0.000000
vn 0.227376 0.973807 -0.000000
vn 0.227376 0.973807 0.000000
vn 0.290345 0.956922 -0.000000
vn 0.290345 0.956922 0.000000
vn 0.352108 0.935959 -0.000000
vn 0.352108 0.935959 0.000000
vn 0.412628 0.910899 -0.000000
vn 0.412628 0.910899 0.000000
vn 0.683491 -0.729959 0.000000
vn 0.683491 -0.729959 0.000000
vn 0.634341 -0.773054 0.000000
vn 0.634341 -0.773054 0.000000
vn 0.729953 -0.683497 0.000000
vn 0.729953 -0.683497 0.000000
vn 0.773059 -0.634334 0.000000
vn 0.773059 -0.634334 0.000000
vn 0.812870 -0.582446 0.000000
vn 0.812870 -0.582446 0.000000
vn 0.849127 -0.528189 0.000000
vn 0.849127 -0.528189 0.000000
vn 0.881996 -0.471257 0.000000
vn 0.881996 -0.471257 0.000000
vn 0.910890 -0.412649 0.000000
vn 0.910890 -0.412649 0.000000
vn 0.935952 -0.352128 0.000000
vn 0.935952 -0.352128 0.000000
vn 0.956946 -0.290265 0.000000
vn 0.956946 -0.290265 0.000000
vn 0.973802 -0.227398 0.000000
vn 0.973802 -0.227398 0.000000
vn 0.986690 -0.162613 0.000000
vn 0.986690 -0.162613 0.000000
vn 0.995205 -0.097813 0.000000
vn 0.995205 -0.097813 0.000000
vn 0.582329 -0.812953 0.000000
vn 0.582329 -0.812953 0.000000
vn 0.528140 -0.849157 0.000000
vn 0.528140 -0.849157 0.000000
vn 0.471347 -0.881948 0.000000
vn 0.471347 -0.881948 0.000000
vn 0.412753 -0.910843 0.000000
vn 0.412753 -0.910843 0.000000
vn 0.352288 -0.935891 0.000000
vn 0.352288 -0.935891 0.000000
vn 0.290152 -0.956981 0.000000
vn 0.290152 -0.956981 0.000000
vn 0.227111 -0.973869 0.000000
vn 0.227111 -0.973869 0.000000
vn 0.162915 -0.986640 0.000000
vn 0.162915 -0.986640 0.000000
vn 0.098050 -0.995181 0.000000
vn 0.098050 -0.995181 0.000000
vn 0.032705 -0.999465 0.000000
vn 0.032705 -0.999465 0.000000
vn -0.032705 -0.999465 0.000000
vn -0.032705 -0.999465 0.000000
vn -0.098050 -0.995181 0.000000
vn -0.098050 -0.995181 0.000000
vn 0.999455 -0.033008 0.000000
vn 0.999455 -0.033008 0.000000
vn 0.999455 0.033008 0.000000
vn 0.999455 0.033008 0.000000
vn 0.995205 0.097813 0.000000
vn 0.995205 0.097813 0.000000
vn 0.986690 0.162613 0.000000
vn 0.986690 0.162613 0.000000
vn 0.973802 0.227398 0.000000
vn 0.973802 0.227398 0.000000
vn 0.956946 0.290265 0.000000
vn 0.956946 0.290265 0.000000
vn 0.935952 0.352128 0.000000
vn 0.935952 0.352128 0.000000
vn 0.910890 0.412649 0.000000
vn 0.910890 0.412649 0.000000
vn 0.881996 0.471257 0.000000
vn 0.881996 0.471257 0.000000
vn 0.849127 0.528189 0.000000
vn 0.849127 0.528189 0.000000
vn 0.812870 0.582446 0.000000
vn 0.812870 0.582446 0.000000
vn 0.773059 0.634334 0.000000
vn 0.773059 0.634334 0.000000
vn 0.729953 0.683497 0.000000
vn 0.729953 0.683497 0.000000
vn 0.471252 0.881999 -0.000000
vn 0.471252 0.881999 0.000000
vn 0.528182 0.849131 -0.000000
vn 0.528182 0.849131 0.000000
vn 0.582452 0.812865 -0.000000
vn 0.582452 0.812865 0.000000
vn 0.634341 0.773054 -0.000000
vn 0.634341 0.773054 0.000000
vn 0.683491 0.729959 -0.000000
vn 0.683491 0.729959 0.000000
vn -0.162915 -0.986640 0.000000
vn -0.162915 -0.986640 0.000000
vn -0.227111 -0.973869 0.000000
vn -0.227111 -0.973869 0.000000
vn -0.290152 -0.956981 0.000000
vn -0.290152 -0.956981 0.000000
vn -0.352288 -0.935891 0.000000
vn -0.352288 -0.935891 0.000000
vn -0.412753 -0.910843 0.000000
vn -0.412753 -0.910843 0.000000
vn -0.471347 -0.881948 0.000000
vn -0.471347 -0.881948 0.000000
vn -0.528140 -0.849157 0.000000
vn -0.528140 -0.849157 0.000000
vn -0.582329 -0.812953 0.000000
vn -0.582329 -0.812953 0.000000
vn -0.634341 -0.773054 0.000000
vn -0.634341 -0.773054 0.000000
vn -0.683491 -0.729959 0.000000
vn -0.683491 -0.729959 0.000000
vn -0.729953 -0.683497 0.000000
vn -0.729953 -0.683497 -0.000000
vn -0.773059 -0.634334 0.000000
vn -0.773059 -0.634334 -0.000000
vn -0.812870 -0.582446 0.000000
vn -0.812870 -0.582446 -0.000000
vn -0.849127 -0.528189 0.000000
vn -0.849127 -0.528189 -0.000000
vn -0.881996 -0.471257 0.000000
vn -0.881996 -0.471257 -0.000000
vn -0.910890 -0.412649 0.000000
vn -0.910890 -0.412649 -0.000000
vn -0.935952 -0.352128 0.000000
vn -0.935952 -0.352128 -0.000000
vn -0.956946 -0.290265 0.000000
vn -0.956946 -0.290265 -0.000000
vn -0.973802 -0.227398 0.000000
vn -0.973802 -0.227398 -0.000000
vn -0.986690 -0.162613 0.000000
vn -0.986690 -0.162613 -0.000000
vn -0.995205 -0.097813 0.000000
vn -0.995205 -0.097813 -0.000000
vn -0.999455 -0.033008 0.000000
vn -0.999455 -0.033008 -0.000000
vn -0.999455 0.033008 0.000000
vn -0.999455 0.033008 0.000000
vn -0.995205 0.097813 0.000000
vn -0.995205 0.097813 0.000000
vn -0.986690 0.162613 0.000000
vn -0.986690 0.162613 0.000000
vn -0.973802 0.227398 0.000000
vn -0.973802 0.227398 0.000000
vn -0.956946 0.290265 0.000000
vn -0.956946 0.290265 0.000000
vn -0.935952 0.352128 0.000000
vn -0.935952 0.352128 0.000000
vn -0.910890 0.412649 0.000000
vn -0.910890 0.412649 0.000000
vn -0.881996 0.471257 0.000000
vn -0.881996 0.471257 0.000000
vn -0.849127 0.528189 0.000000
vn -0.849127 0.528189 0.000000
vn -0.812870 0.582446 0.000000
vn -0.812870 0.582446 0.000000
vn -0.773059 0.634334 0.000000
vn -0.773059 0.634334 0.000000
vn -0.729953 0.683497 0.000000
vn -0.729953 0.683497 0.000000
vn -0.683491 0.729959 0.000000
vn -0.683491 0.729959 0.000000
vn -0.634341 0.773054 0.000000
vn -0.634341 0.773054 0.000000
vn -0.582452 0.812865 0.000000
vn -0.582452 0.812865 0.000000
vn -0.528182 0.849131 0.000000
vn -0.528182 0.849131 0.000000
vn -0.471252 0.881999 0.000000
vn -0.471252 0.881999 0.000000
vn -0.412651 0.910889 0.000000
vn -0.412651 0.910889 0.000000
vn -0.352130 0.935951 0.000000
vn -0.352130 0.935951 0.000000
vn -0.290258 0.956948 0.000000
vn -0.290258 0.956948 0.000000
vn -0.227404 0.973801 0.000000
vn -0.227404 0.973801 0.000000
vn -0.162614 0.986690 0.000000
vn -0.162614 0.986690 0.000000
vn -0.097813 0.995205 0.000000
vn -0.097813 0.995205 0.000000
vn -0.033008 0.999455 0.000000
vn -0.033008 0.999455 0.000000
vn 0.033008 0.999455 -0.000000
vn 0.033008 0.999455 0.000000
vn 0.097813 0.995205 -0.000000
vn 0.097813 0.995205 0.000000
vn 0.162614 0.986690 -0.000000
vn 0.162614 0.986690 0.000000
vn 0.227404 0.973801 -0.000000
vn 0.227404 0.973801 0.000000
vn 0.290258 0.956948 -0.000000
vn 0.290258 0.956948 0.000000
vn 0.352130 0.935951 -0.000000
vn 0.352130 0.935951 0.000000
vn 0.412651 0.910889 -0.000000
vn 0.412651 0.910889 0.000000
vn 0.000000 -0.000000 -1.000000
vn 0.000000 0.000000 -1.000000
vn 0.000000 -0.000000 -1.000000
vn 0.000000 0.000000 -1.000000
vn 0.000000 0.000000 -1.000000
vn 0.000000 -0.000000 -1.000000
vn 0.000000 0.000000 -1.000000
vn 0.000000 -0.000000 -1.000000
vn 0.000000 -0.000000 -1.000000
vn 0.000000 0.000000 -1.000000
vn 0.000000 -0.000000 -1.000000
vn 0.000000 0.000000 -1.000000
vn 0.000000 0.000000 -1.000000
vn 0.000000 -0.000000 -1.000000
vn 0.000000 -0.000000 -1.000000
vn 0.000000 0.000000 -1.000000
vn 0.000000 -0.000000 -1.000000
vn 0.000000 0.000000 -1.000000
vn 0.000000 0.000000 -1.000000
vn 0.000000 -0.000000 -1.000000
vn 0.000000 0.000000 -1.000000
vn 0.000000 -0.000000 -1.000000
vn 0.000000 0.000000 -1.000000
vn 0.000000 -0.000000 -1.000000
vn 0.000000 0.000000 -1.000000
vn 0.000000 0.000000 -1.000000
vn 0.000000 0.000000 -1.000000
vn 0.000000 0.000000 -1.000000
vn 0.000000 0.000000 -1.000000
vn 0.000000 0.000000 -1.000000
vn 0.000000 0.000000 -1.000000
vn 0.000000 0.000000 -1.000000
vn 0.000000 -0.000000 -1.000000
vn 0.000000 0.000000 -1.000000
vn 0.000000 0.000000 -1.000000
vn 0.000000 0.000000 -1.000000
vn 0.000000 0.000000 -1.000000
vn 0.000000 0.000000 -1.000000
vn 0.000000 0.000000 -1.000000
vn 0.000000 -0.000000 -1.000000
vn 0.000000 0.000000 -1.000000
vn 0.000000 0.000000 -1.000000
vn 0.000000 0.000000 -1.000000
vn 0.000000 -0.000000 -1.000000
vn 0.000000 0.000000 -1.000000
vn 0.000000 0.000000 -1.000000
vn 0.000000 0.000000 -1.000000
vn 0.000000 -0.000000 -1.000000
vn 0.000000 0.000000 -1.000000
vn 0.000000 0.000000 -1.000000
vn 0.000000 -0.000000 -1.000000
vn 0.000000 0.000000 -1.000000
vn 0.000000 0.000000 -1.000000
vn 0.000000 0.000000 -1.000000
vn 0.000000 -0.000000 -1.000000
vn 0.000000 0.000000 -1.000000
vn 0.000000 0.000000 -1.000000
vn 0.000000 -0.000000 -1.000000
vn 0.000000 0.000000 -1.000000
vn 0.000000 0.000000 -1.000000
vn 0.000000 0.000000 -1.000000
vn 0.000000 0.000000 -1.000000
vn 0.000000 -0.000000 -1.000000
vn 0.000000 0.000000 -1.000000
vn 0.000000 0.000000 -1.000000
vn 0.000000 0.000000 -1.000000
vn 0.000000 -0.000000 -1.000000
vn 0.000000 0.000000 -1.000000
vn 0.000000 0.000000 -1.000000
vn 0.000000 -0.000000 -1.000000
vn 0.000000 0.000000 -1.000000
vn 0.000000 0.000000 -1.000000
vn 0.000000 0.000000 -1.000000
vn 0.000000 -0.000000 -1.000000
vn 0.000000 0.000000 -1.000000
vn 0.000000 -0.000000 -1.000000
vn 0.000000 0.000000 -1.000000
vn 0.000000 0.000000 -1.000000
vn 0.000000 0.000000 -1.000000
vn 0.000000 0.000000 -1.000000
vn 0.000000 0.000000 -1.000000
vn 0.000000 0.000000 -1.000000
vn 0.000000 0.000000 -1.000000
vn 0.000000 0.000000 -1.000000
vn 0.000000 0.000000 -1.000000
vn 0.000000 0.000000 -1.000000
vn 0.000000 0.000000 -1.000000
vn 0.000000 0.000000 -1.000000
vn 0.000000 0.000000 -1.000000
vn 0.000000 0.000000 -1.000000
vn 0.000000 0.000000 -1.000000
vn 0.000000 0.000000 -1.000000
vn 0.000000 0.000000 -1.000000
vn 0.000000 0.000000 -1.000000
vn 0.000000 0.000000 -1.000000
vn 0.000000 0.000000 -1.000000
vn 0.000000 0.000000 -1.000000
vn 0.000000 0.000000 -1.000000
vn 0.000000 0.000000 -1.000000
vn 0.000000 0.000000 -1.000000
vn 0.000000 0.000000 -1.000000
vn 0.000000 0.000000 -1.000000
vn 0.000000 0.000000 -1.000000
vn 0.000000 0.000000 -1.000000
vn 0.000000 0.000000 -1.000000
vn 0.000000 0.000000 -1.000000
vn 0.000000 0.000000 -1.000000
vn 0.000000 0.000000 -1.000000
vn 0.000000 0.000000 -1.000000
vn 0.000000 0.000000 -1.000000
vn 0.000000 0.000000 -1.000000
vn 0.000000 0.000000 -1.000000
vn 0.000000 0.000000 -1.000000
vn 0.000000 0.000000 -1.000000
vn 0.000000 0.000000 -1.000000
vn 0.000000 0.000000 -1.000000
vn 0.000000 0.000000 -1.000000
vn 0.000000 0.000000 -1.000000
vn 0.000000 0.000000 -1.000000
vn 0.000000 0.000000 -1.000000
vn 0.000000 0.000000 -1.000000
vn 0.000000 0.000000 -1.000000
vn 0.000000 0.000000 -1.000000
vn 0.000000 0.000000 -1.000000
vn 0.000000 0.000000 -1.000000
vn 0.000000 0.000000 -1.000000
vn 0.000000 0.000000 -1.000000
vn 0.000000 0.000000 -1.000000
vn 0.000000 0.000000 -1.000000
vn 0.000000 0.000000 -1.000000
vn 0.000000 0.000000 -1.000000
vn 0.000000 0.000000 -1.000000
vn 0.000000 0.000000 -1.000000
vn 0.000000 0.000000 -1.000000
vn 0.000000 0.000000 -1.000000
vn 0.000000 0.000000 -1.000000
vn 0.000000 0.000000 -1.000000
vn 0.000000 0.000000 -1.000000
vn 0.000000 0.000000 -1.000000
vn 0.000000 0.000000 -1.000000
vn 0.000000 0.000000 -1.000000
vn 0.000000 0.000000 -1.000000
vn 0.000000 0.000000 -1.000000
vn 0.000000 0.000000 -1.000000
vn 0.000000 0.000000 -1.000000
vn 0.000000 0.000000 -1.000000
vn 0.000000 0.000000 -1.000000
vn 0.000000 0.000000 -1.000000
vn 0.000000 0.000000 -1.000000
vn 0.000000 0.000000 -1.000000
vn 0.000000 -0.000000 -1.000000
vn 0.000000 0.000000 -1.000000
vn 0.000000 0.000000 -1.000000
vn 0.000000 0.000000 -1.000000
vn 0.000000 -0.000000 -1.000000
vn 0.000000 0.000000 -1.000000
vn 0.000000 0.000000 -1.000000
vn 0.000000 0.000000 -1.000000
vn 0.000000 0.000000 -1.000000
vn 0.000000 -0.000000 -1.000000
vn 0.000000 0.000000 -1.000000
vn 0.000000 0.000000 -1.000000
vn 0.000000 -0.000000 -1.000000
vn 0.000000 0.000000 -1.000000
vn 0.000000 0.000000 -1.000000
vn 0.000000 0.000000 -1.000000
vn 0.000000 -0.000000 -1.000000
vn 0.000000 0.000000 -1.000000
vn 0.000000 0.000000 -1.000000
vn 0.000000 0.000000 -1.000000
vn 0.000000 0.000000 -1.000000
vn 0.000000 0.000000 -1.000000
vn 0.000000 -0.000000 -1.000000
vn 0.000000 0.000000 -1.000000
vn 0.000000 0.000000 -1.000000
vn 0.000000 0.000000 -1.000000
vn 0.000000 -0.000000 -1.000000
vn 0.000000 0.000000 -1.000000
vn 0.000000 -0.000000 -1.000000
vn 0.000000 0.000000 -1.000000
vn 0.000000 0.000000 -1.000000
vn 0.000000 0.000000 -1.000000
vn 0.000000 0.000000 -1.000000
vn 0.000000 -0.000000 -1.000000
vn 0.000000 0.000000 -1.000000
vn 0.000000 -0.000000 -1.000000
vn 0.000000 0.000000 -1.000000
vn 0.000000 0.000000 -1.000000
vn 0.000000 0.000000 -1.000000
vn 0.000000 0.000000 -1.000000
vn 0.000000 0.000000 -1.000000
vn 0.000000 0.000000 -1.000000
vn 0.000000 -0.000000 -1.000000
vn 0.000000 -0.000000 -1.000000
vn 0.000000 0.000000 -1.000000
vn 0.000000 0.000000 -1.000000
vn 0.000000 -0.000000 -1.000000
vn 0.000000 0.000000 -1.000000
vn 0.000000 0.000000 -1.000000
vn 0.000000 0.000000 -1.000000
vn 0.000000 0.000000 -1.000000
vn 0.000000 0.000000 -1.000000
vn 0.000000 0.000000 -1.000000
vn 0.000000 0.000000 -1.000000
vn 0.000000 0.000000 -1.000000
vn 0.000000 0.000000 -1.000000
vn 0.000000 0.000000 -1.000000
vn 0.000000 0.000000 -1.000000
vn 0.000000 0.000000 -1.000000
vn 0.000000 0.000000 -1.000000
vn 0.000000 0.000000 -1.000000
vn 0.000000 0.000000 -1.000000
vn 0.000000 0.000000 -1.000000
vn 0.000000 0.000000 -1.000000
vn 0.000000 0.000000 -1.000000
vn 0.000000 0.000000 -1.000000
vn 0.000000 0.000000 -1.000000
vn 0.000000 0.000000 -1.000000
vn 0.000000 0.000000 -1.000000
vn 0.000000 0.000000 -1.000000
vn 0.000000 0.000000 -1.000000
vn 0.000000 0.000000 -1.000000
vn 0.000000 0.000000 -1.000000
vn 0.000000 0.000000 -1.000000
vn 0.000000 0.000000 -1.000000
vn 0.000000 0.000000 -1.000000
vn 0.000000 0.000000 -1.000000
vn 0.000000 0.000000 -1.000000
vn 0.000000 0.000000 -1.000000
vn 0.000000 0.000000 -1.000000
vn 0.000000 0.000000 -1.000000
vn 0.000000 0.000000 -1.000000
vn 0.000000 0.000000 -1.000000
vn 0.000000 0.000000 -1.000000
vn 0.000000 0.000000 -1.000000
vn 0.000000 0.000000 -1.000000
vn 0.000000 0.000000 -1.000000
vn 0.000000 0.000000 -1.000000
vn 0.000000 0.000000 -1.000000
vn 0.000000 0.000000 -1.000000
vn 0.000000 0.000000 -1.000000
vn 0.000000 0.000000 -1.000000
vn 0.000000 0.000000 -1.000000
vn 0.000000 -0.000000 -1.000000
vn 0.000000 0.000000 -1.000000
vn 0.000000 0.000000 -1.000000
vn 0.000000 0.000000 -1.000000
vn 0.000000 0.000000 -1.000000
vn 0.000000 0.000000 -1.000000
vn 0.000000 -0.000000 -1.000000
vn 0.000000 0.000000 -1.000000
vn 0.000000 0.000000 -1.000000
vn 0.000000 -0.000000 -1.000000
vn 0.000000 0.000000 -1.000000
vn 0.000000 0.000000 -1.000000
vn 0.000000 0.000000 -1.000000
vn 0.000000 0.000000 -1.000000
vn 0.000000 0.000000 -1.000000
vn 0.000000 0.000000 -1.000000
vn 0.000000 -0.000000 -1.000000
vn 0.000000 -0.000000 -1.000000
vn 0.000000 0.000000 -1.000000
vn 0.000000 0.000000 -1.000000
vn 0.000000 0.000000 -1.000000
vn 0.000000 -0.000000 -1.000000
vn 0.000000 0.000000 -1.000000
vn 0.000000 0.000000 -1.000000
vn 0.000000 0.000000 -1.000000
vn 0.000000 0.000000 -1.000000
vn 0.000000 0.000000 -1.000000
vn 0.000000 -0.000000 -1.000000
vn 0.000000 0.000000 -1.000000
vn 0.000000 -0.000000 -1.000000
vn 0.000000 0.000000 -1.000000
vn 0.000000 0.000000 -1.000000
vn 0.000000 0.000000 -1.000000
vn 0.000000 -0.000000 -1.000000
vn 0.000000 0.000000 -1.000000
vn 0.000000 0.000000 -1.000000
vn 0.000000 0.000000 -1.000000
vn 0.000000 -0.000000 -1.000000
vn 0.000000 -0.000000 -1.000000
vn 0.000000 0.000000 -1.000000
vn 0.000000 -0.000000 -1.000000
vn 0.000000 0.000000 -1.000000
vn 0.000000 0.000000 -1.000000
vn 0.000000 0.000000 -1.000000
vn 0.000000 0.000000 -1.000000
vn 0.000000 0.000000 -1.000000
vn 0.000000 0.000000 -1.000000
vn 0.000000 0.000000 -1.000000
vn 0.000000 0.000000 -1.000000
vn 0.000000 0.000000 -1.000000
vn 0.000000 0.000000 -1.000000
vn 0.000000 0.000000 -1.000000
vn 0.000000 0.000000 -1.000000
vn 0.000000 0.000000 -1.000000
vn 0.000000 0.000000 -1.000000
vn 0.000000 0.000000 -1.000000
vn 0.000000 0.000000 -1.000000
vn 0.000000 0.000000 -1.000000
vn 0.000000 0.000000 -1.000000
vn 0.000000 0.000000 -1.000000
vn 0.000000 0.000000 -1.000000
vn 0.000000 0.000000 -1.000000
vn 0.000000 0.000000 -1.000000
vn 0.000000 0.000000 -1.000000
vn 0.000000 0.000000 -1.000000
vn 0.000000 0.000000 -1.000000
vn 0.000000 0.000000 -1.000000
vn 0.000000 0.000000 -1.000000
vn 0.000000 0.000000 -1.000000
vn 0.000000 0.000000 -1.000000
vn 0.000000 0.000000 -1.000000
vn 0.000000 0.000000 -1.000000
vn 0.000000 0.000000 -1.000000
vn 0.000000 0.000000 -1.000000
vn 0.000000 0.000000 -1.000000
vn 0.000000 0.000000 -1.000000
vn 0.000000 0.000000 -1.000000
vn 0.000000 0.000000 -1.000000
vn 0.000000 0.000000 -1.000000
vn 0.000000 0.000000 -1.000000
vn 0.000000 0.000000 -1.000000
vn 0.000000 0.000000 -1.000000
vn 0.000000 0.000000 -1.000000
vn 0.000000 0.000000 -1.000000
vn 0.000000 0.000000 -1.000000
vn 0.000000 0.000000 -1.000000
vn 0.000000 0.000000 -1.000000
vn 0.000000 0.000000 -1.000000
vn 0.000000 0.000000 -1.000000
vn 0.000000 0.000000 -1.000000
vn 0.000000 0.000000 -1.000000
vn 0.000000 0.000000 -1.000000
vn 0.000000 0.000000 -1.000000
vn 0.000000 0.000000 -1.000000
vn 0.000000 0.000000 -1.000000
vn 0.000000 0.000000 -1.000000
vn 0.000000 0.000000 -1.000000
vn 0.000000 0.000000 -1.000000
vn 0.000000 0.000000 -1.000000
vn 0.000000 0.000000 -1.000000
vn 0.000000 0.000000 -1.000000
vn 0.000000 0.000000 -1.000000
vn 0.000000 0.000000 -1.000000
vn 0.000000 0.000000 -1.000000
vn 0.000000 0.000000 -1.000000
vn 0.000000 0.000000 -1.000000
vn 0.000000 0.000000 -1.000000
vn 0.000000 0.000000 -1.000000
vn 0.000000 0.000000 -1.000000
vn 0.000000 0.000000 -1.000000
vn 0.000000 0.000000 -1.000000
vn 0.000000 0.000000 -1.000000
vn 0.000000 0.000000 -1.000000
vn 0.000000 -0.000000 -1.000000
vn 0.000000 -0.000000 -1.000000
vn 0.000000 -0.000000 -1.000000
vn 0.000000 0.000000 -1.000000
vn 0.000000 0.000000 -1.000000
vn 0.000000 0.000000 -1.000000
vn 0.000000 0.000000 -1.000000
vn 0.000000 0.000000 -1.000000
vn 0.000000 0.000000 -1.000000
vn 0.000000 0.000000 -1.000000
vn 0.000000 0.000000 -1.000000
vn 0.000000 0.000000 -1.000000
vn 0.000000 0.000000 -1.000000
vn 0.000000 0.000000 -1.000000
vn 0.000000 0.000000 -1.000000
vn 0.000000 0.000000 -1.000000
vn 0.000000 0.000000 -1.000000
vn 0.000000 0.000000 -1.000000
vn 0.000000 0.000000 -1.000000
vn 0.000000 0.000000 -1.000000
vn 0.000000 0.000000 -1.000000
vn 0.000000 0.000000 -1.000000
vn 0.000000 0.000000 -1.000000
vn 0.000000 0.000000 -1.000000
vn 0.000000 0.000000 -1.000000
vn 0.000000 0.000000 -1.000000
vn 0.000000 0.000000 -1.000000
vn 0.000000 0.000000 -1.000000
vn 0.000000 0.000000 -1.000000
vn 0.000000 0.000000 -1.000000
vn 0.000000 0.000000 -1.000000
vn 0.000000 0.000000 -1.000000
vn 0.000000 0.000000 -1.000000
vn 0.000000 0.000000 -1.000000
vn 0.000000 0.000000 -1.000000
vn 0.000000 0.000000 -1.000000
vn 0.000000 0.000000 -1.000000
vn 0.000000 0.000000 -1.000000
vn -1.000000 0.000000 0.000000
vn -1.000000 0.000000 0.000000
vn 0.000000 1.000000 0.000000
vn 0.000000 1.000000 0.000000
vn 0.000000 -1.000000 0.000000
vn 0.000000 -1.000000 0.000000
vn 0.000000 -1.000000 0.000000
vn 0.000000 -1.000000 0.000000
vn 1.000000 -0.000000 0.000000
vn 1.000000 0.000000 0.000000
vn -1.000000 -0.000000 0.000000
vn -1.000000 0.000000 0.000000
vn 0.000000 0.000000 -1.000000
vn 0.000000 -0.000000 -1.000000
vn 0.000000 0.000000 -1.000000
vn 0.000000 -0.000000 -1.000000
vn 0.000000 0.000000 -1.000000
vn 0.000000 -0.000000 -1.000000
vn 0.000000 0.000000 -1.000000
vn 0.000000 -0.000000 -1.000000
vn 0.000000 0.000000 -1.000000
vn 0.000000 -0.000000 -1.000000
vn 0.000000 0.000000 -1.000000
vn 0.000000 -0.000000 -1.000000
vn 0.000000 0.000000 -1.000000
vn 0.000000 -0.000000 -1.000000
vn 0.000000 0.000000 -1.000000
vn 0.000000 -0.000000 -1.000000
vn 0.000000 0.000000 -1.000000
vn 0.000000 -0.000000 -1.000000
vn 0.000000 0.000000 -1.000000
vn 0.000000 0.000000 -1.000000
vn 0.000000 0.000000 -1.000000
vn 0.000000 0.000000 -1.000000
vn 0.000000 0.000000 -1.000000
vn 0.000000 0.000000 -1.000000
vn 0.000000 0.000000 -1.000000
vn 0.000000 0.000000 -1.000000
vn 0.000000 0.000000 -1.000000
vn 0.000000 0.000000 -1.000000
vn 0.000000 0.000000 -1.000000
vn 0.000000 0.000000 -1.000000
vn 0.000000 0.000000 -1.000000
vn 0.000000 0.000000 -1.000000
vn 0.000000 0.000000 -1.000000
vn 0.000000 0.000000 -1.000000
vn 0.000000 0.000000 -1.000000
vn 0.000000 0.000000 -1.000000
vn 0.000000 0.000000 -1.000000
vn 0.000000 0.000000 -1.000000
vn 0.000000 0.000000 -1.000000
vn 0.000000 0.000000 -1.000000
vn 0.000000 0.000000 -1.000000
vn 0.000000 0.000000 -1.000000
vn 0.000000 0.000000 -1.000000
vn 0.000000 0.000000 -1.000000
vn 0.000000 0.000000 -1.000000
vn 0.000000 0.000000 -1.000000
vn 0.000000 0.000000 -1.000000
vn 0.000000 0.000000 -1.000000
vn 0.000000 0.000000 -1.000000
vn 0.000000 0.000000 -1.000000
vn 0.000000 0.000000 -1.000000
vn 0.000000 0.000000 -1.000000
vn 0.000000 0.000000 -1.000000
vn 0.000000 0.000000 -1.000000
vn 0.000000 0.000000 -1.000000
vn 0.000000 0.000000 -1.000000
vn 0.000000 0.000000 -1.000000
vn 0.000000 0.000000 -1.000000
vn 0.000000 0.000000 -1.000000
vn 0.000000 0.000000 -1.000000
vn 0.000000 0.000000 -1.000000
vn 0.000000 0.000000 -1.000000
vn 0.000000 0.000000 -1.000000
vn 0.000000 0.000000 -1.000000
vn 0.000000 -0.000000 -1.000000
vn 0.000000 0.000000 -1.000000
vn 0.000000 -0.000000 -1.000000
vn 0.000000 -0.000000 -1.000000
vn -0.000000 -0.000000 -1.000000
vn 0.000000 -0.000000 -1.000000
vn 0.000000 -0.000000 -1.000000
vn 0.000000 0.000000 -1.000000
vn 0.000000 0.000000 -1.000000
vn 0.000000 -0.000000 -1.000000
vn 0.000000 0.000000 -1.000000
vn 0.000000 -0.000000 -1.000000
vn 0.000000 0.000000 -1.000000
vn 0.000000 0.000000 -1.000000
vn 0.000000 0.000000 -1.000000
vn 0.000000 0.000000 -1.000000
vn 0.000000 0.000000 -1.000000
vn 0.000000 0.000000 -1.000000
vn 0.000000 0.000000 -1.000000
vn 0.000000 0.000000 -1.000000
vn 0.000000 0.000000 -1.000000
vn 0.000000 0.000000 -1.000000
vn 0.000000 0.000000 -1.000000
vn 0.000000 -0.000000 -1.000000
vn -0.000000 -0.000000 -1.000000
vn -0.000000 -0.000000 -1.000000
vn -0.000000 -0.000000 -1.000000
vn -0.000000 -0.000000 -1.000000
vn 0.000000 -0.000000 -1.000000
vn 0.000000 -0.000000 -1.000000
vn 0.000000 -0.000000 -1.000000
vn 0.000000 -0.000000 -1.000000
vn 0.000000 -0.000000 -1.000000
vn 0.000000 0.000000 -1.000000
vn 0.000000 0.000000 -1.000000
vn 0.000000 0.000000 -1.000000
vn 0.000000 0.000000 -1.000000
vn 0.000000 0.000000 -1.000000
vn 0.000000 0.000000 -1.000000
vn 0.000000 0.000000 -1.000000
vn 0.000000 0.000000 -1.000000
vn 0.000000 0.000000 -1.000000
vn 0.000000 0.000000 -1.000000
vn 0.000000 0.000000 -1.000000
vn 0.000000 0.000000 -1.000000
vn 0.000000 0.000000 -1.000000
vn 0.000000 0.000000 -1.000000
vn 0.000000 0.000000 -1.000000
vn 0.000000 0.000000 -1.000000
vn 0.000000 -0.000000 -1.000000
vn 0.000000 0.000000 -1.000000
vn 0.000000 0.000000 -1.000000
vn 0.000000 0.000000 -1.000000
vn 0.000000 -0.000000 -1.000000
vn 0.000000 0.000000 -1.000000
vn 0.000000 0.000000 -1.000000
vn 0.000000 -0.000000 -1.000000
vn 0.000000 0.000000 -1.000000
vn 0.000000 0.000000 -1.000000
vn 0.000000 0.000000 -1.000000
vn 0.000000 0.000000 -1.000000
vn 0.000000 -0.000000 -1.000000
vn 0.000000 0.000000 -1.000000
vn 0.000000 0.000000 -1.000000
vn 0.000000 0.000000 -1.000000
vn 0.000000 0.000000 -1.000000
vn 0.000000 0.000000 -1.000000
vn 0.000000 0.000000 -1.000000
vn 0.000000 0.000000 -1.000000
vn 0.000000 0.000000 -1.000000
vn 0.000000 0.000000 -1.000000
vn 0.000000 0.000000 -1.000000
vn 0.000000 0.000000 -1.000000
vn 0.000000 0.000000 -1.000000
vn 0.000000 0.000000 -1.000000
vn 0.000000 0.000000 -1.000000
vn 0.000000 0.000000 -1.000000
vn 0.000000 0.000000 -1.000000
vn 0.000000 0.000000 -1.000000
vn 0.000000 0.000000 -1.000000
vn 0.000000 0.000000 -1.000000
vn 0.000000 0.000000 -1.000000
vn 0.000000 0.000000 -1.000000
vn 0.000000 0.000000 -1.000000
vn 0.000000 0.000000 -1.000000
vn 0.000000 0.000000 -1.000000
vn 0.000000 0.000000 -1.000000
vn 0.000000 0.000000 -1.000000
vn 0.000000 0.000000 -1.000000
vn 0.000000 0.000000 -1.000000
vn 0.000000 0.000000 -1.000000
vn 0.000000 0.000000 -1.000000
vn 0.000000 0.000000 -1.000000
vn 0.000000 0.000000 -1.000000
vn 0.000000 0.000000 -1.000000
vn 0.000000 0.000000 -1.000000
vn 0.000000 0.000000 -1.000000
vn 0.000000 0.000000 -1.000000
vn 0.000000 0.000000 -1.000000
vn 0.000000 0.000000 -1.000000
vn 0.000000 0.000000 -1.000000
vn 0.000000 0.000000 -1.000000
vn 0.000000 0.000000 -1.000000
vn 0.000000 0.000000 -1.000000
vn 0.000000 0.000000 -1.000000
vn 0.000000 0.000000 -1.000000
vn 0.000000 0.000000 -1.000000
vn 0.000000 -0.000000 -1.000000
vn 0.000000 -0.000000 -1.000000
vn 0.000000 -0.000000 -1.000000
vn 0.000000 0.000000 -1.000000
vn 0.000000 0.000000 -1.000000
vn 0.000000 0.000000 -1.000000
vn 0.000000 0.000000 -1.000000
vn 0.000000 0.000000 1.000000
vn 0.000000 0.000000 1.000000
vn 0.000000 0.000000 1.000000
vn 0.000000 0.000000 1.000000
vn 0.000000 0.000000 1.000000
vn 0.000000 0.000000 1.000000
vn 0.000000 0.000000 1.000000
vn 0.000000 0.000000 1.000000
vn 0.000000 0.000000 1.000000
vn 0.000000 0.000000 1.000000
vn 0.000000 0.000000 1.000000
vn 0.000000 0.000000 1.000000
vn 0.000000 0.000000 1.000000
vn 0.000000 0.000000 1.000000
vn 0.000000 0.000000 1.000000
vn 0.000000 0.000000 1.000000
vn 0.000000 0.000000 1.000000
vn 0.000000 0.000000 1.000000
vn 0.000000 0.000000 1.000000
vn 0.000000 0.000000 1.000000
vn 0.000000 0.000000 1.000000
vn 0.000000 0.000000 1.000000
vn 0.000000 0.000000 1.000000
vn 0.000000 0.000000 1.000000
vn 0.000000 0.000000 1.000000
vn 0.000000 0.000000 1.000000
vn 0.000000 0.000000 1.000000
vn 0.000000 0.000000 1.000000
vn 0.000000 0.000000 1.000000
vn 0.000000 0.000000 1.000000
vn 0.000000 0.000000 1.000000
vn 0.000000 0.000000 1.000000
vn 0.000000 0.000000 1.000000
vn 0.000000 0.000000 1.000000
vn 0.000000 0.000000 1.000000
vn 0.000000 0.000000 1.000000
vn 0.000000 0.000000 1.000000
vn 0.000000 0.000000 1.000000
vn 0.000000 0.000000 1.000000
vn 0.000000 0.000000 1.000000
vn 0.000000 0.000000 1.000000
vn 0.000000 0.000000 1.000000
vn 0.000000 0.000000 1.000000
vn 0.000000 0.000000 1.000000
vn 0.000000 0.000000 1.000000
vn 0.000000 0.000000 1.000000
vn 0.000000 0.000000 1.000000
vn 0.000000 0.000000 1.000000
vn 0.000000 0.000000 1.000000
vn 0.000000 0.000000 1.000000
vn 0.000000 0.000000 1.000000
vn 0.000000 0.000000 1.000000
vn 0.000000 0.000000 1.000000
vn 0.000000 0.000000 1.000000
vn 0.000000 0.000000 1.000000
vn 0.000000 0.000000 1.000000
vn 0.000000 0.000000 1.000000
vn 0.000000 0.000000 1.000000
vn 0.000000 0.000000 1.000000
vn 0.000000 0.000000 1.000000
vn 0.000000 0.000000 1.000000
vn 0.000000 0.000000 1.000000
vn 0.000000 0.000000 1.000000
vn 0.000000 0.000000 1.000000
vn 0.000000 0.000000 1.000000
vn 0.000000 0.000000 1.000000
vn 0.000000 0.000000 1.000000
vn 0.000000 0.000000 1.000000
vn 0.000000 0.000000 1.000000
vn 0.000000 0.000000 1.000000
vn 0.000000 0.000000 1.000000
vn 0.000000 0.000000 1.000000
vn 0.000000 0.000000 1.000000
vn 0.000000 0.000000 1.000000
vn 0.000000 0.000000 1.000000
vn 0.000000 0.000000 1.000000
vn 0.000000 0.000000 1.000000
vn 0.000000 0.000000 1.000000
vn 0.000000 0.000000 1.000000
vn 0.000000 0.000000 1.000000
vn 0.000000 0.000000 1.000000
vn 0.000000 0.000000 1.000000
vn 0.000000 0.000000 1.000000
vn 0.000000 0.000000 1.000000
vn 0.000000 0.000000 1.000000
vn 0.000000 0.000000 1.000000
vn 0.000000 0.000000 1.000000
vn 0.000000 0.000000 1.000000
vn 0.000000 0.000000 1.000000
vn 0.000000 0.000000 1.000000
vn 0.000000 0.000000 1.000000
vn 0.000000 0.000000 1.000000
vn 0.000000 0.000000 1.000000
vn 0.000000 0.000000 1.000000
vn 0.000000 0.000000 1.000000
vn 0.000000 0.000000 1.000000
vn 0.000000 0.000000 1.000000
vn 0.000000 0.000000 1.000000
vn 0.000000 0.000000 1.000000
vn 0.000000 0.000000 1.000000
vn 0.000000 0.000000 1.000000
vn 0.000000 0.000000 1.000000
vn 0.000000 0.000000 1.000000
vn 0.000000 0.000000 1.000000
vn 0.000000 0.000000 1.000000
vn 0.000000 0.000000 1.000000
vn 0.000000 0.000000 1.000000
vn 0.000000 0.000000 1.000000
vn 0.000000 0.000000 1.000000
vn 0.000000 0.000000 1.000000
vn 0.000000 0.000000 1.000000
vn 0.000000 0.000000 1.000000
vn 0.000000 0.000000 1.000000
vn 0.000000 0.000000 1.000000
vn 0.000000 0.000000 1.000000
vn 0.000000 0.000000 1.000000
vn 0.000000 0.000000 1.000000
vn 0.000000 0.000000 1.000000
vn 0.000000 0.000000 1.000000
vn 0.000000 0.000000 1.000000
vn 0.000000 0.000000 1.000000
vn 0.000000 0.000000 1.000000
vn 0.000000 0.000000 1.000000
vn 0.000000 0.000000 1.000000
vn 0.000000 0.000000 1.000000
vn 0.000000 0.000000 1.000000
vn 0.000000 0.000000 1.000000
vn 0.000000 0.000000 1.000000
vn 0.000000 0.000000 1.000000
vn 0.000000 0.000000 1.000000
vn 0.000000 0.000000 1.000000
vn 0.000000 0.000000 1.000000
vn 0.000000 0.000000 1.000000
vn 0.000000 0.000000 1.000000
vn 0.000000 0.000000 1.000000
vn 0.000000 0.000000 1.000000
vn 0.000000 0.000000 1.000000
vn 0.000000 0.000000 1.000000
vn 0.000000 0.000000 1.000000
vn 0.000000 0.000000 1.000000
vn 0.000000 0.000000 1.000000
vn 0.000000 0.000000 1.000000
vn 0.000000 0.000000 1.000000
vn 0.000000 0.000000 1.000000
vn 0.000000 0.000000 1.000000
vn 0.000000 0.000000 1.000000
vn 0.000000 0.000000 1.000000
vn 0.000000 0.000000 1.000000
vn 0.000000 0.000000 1.000000
vn 0.000000 0.000000 1.000000
vn 0.000000 0.000000 1.000000
vn 0.000000 0.000000 1.000000
vn 0.000000 0.000000 1.000000
vn 0.000000 0.000000 1.000000
vn 0.000000 0.000000 1.000000
vn 0.000000 0.000000 1.000000
vn 0.000000 0.000000 1.000000
vn 0.000000 0.000000 1.000000
vn 0.000000 0.000000 1.000000
vn 0.000000 0.000000 1.000000
vn 0.000000 0.000000 1.000000
vn 0.000000 0.000000 1.000000
vn 0.000000 0.000000 1.000000
vn 0.000000 0.000000 1.000000
vn 0.000000 0.000000 1.000000
vn 0.000000 0.000000 1.000000
vn 0.000000 0.000000 1.000000
vn 0.000000 0.000000 1.000000
vn 0.000000 0.000000 1.000000
vn 0.000000 0.000000 1.000000
vn 0.000000 0.000000 1.000000
vn 0.000000 0.000000 1.000000
vn 0.000000 0.000000 1.000000
vn 0.000000 0.000000 1.000000
vn 0.000000 0.000000 1.000000
vn 0.000000 0.000000 1.000000
vn 0.000000 0.000000 1.000000
vn 0.000000 0.000000 1.000000
vn 0.000000 1.000000 0.000000
vn 0.000000 1.000000 -0.000000
vn 0.074732 0.997204 -0.000000
vn 0.074732 0.997204 0.000000
vn 0.222522 0.974928 0.000000
vn 0.222522 0.974928 -0.000000
vn 0.365336 0.930875 0.000000
vn 0.365336 0.930875 -0.000000
vn 0.500002 0.866024 0.000000
vn 0.500002 0.866024 -0.000000
vn 0.623489 0.781832 0.000000
vn 0.623489 0.781832 -0.000000
vn 0.733050 0.680175 0.000000
vn 0.733050 0.680175 -0.000000
vn 0.826241 0.563317 0.000000
vn 0.826241 0.563317 -0.000000
vn 0.900971 0.433879 0.000000
vn 0.900971 0.433879 -0.000000
vn 0.955572 0.294759 0.000000
vn 0.955572 0.294759 -0.000000
vn 0.988832 0.149038 0.000000
vn 0.988832 0.149038 -0.000000
vn 1.000000 -0.000000 0.000000
vn 1.000000 0.000000 0.000000
vn 0.988832 -0.149038 0.000000
vn 0.988832 -0.149038 0.000000
vn 0.955572 -0.294759 0.000000
vn 0.955572 -0.294759 0.000000
vn 0.900971 -0.433879 0.000000
vn 0.900971 -0.433879 0.000000
vn 0.826241 -0.563317 0.000000
vn 0.733050 -0.680175 0.000000
vn 0.826241 -0.563317 0.000000
vn 0.733050 -0.680175 0.000000
vn 0.623489 -0.781832 0.000000
vn 0.623489 -0.781832 0.000000
vn 0.500002 -0.866024 0.000000
vn 0.500002 -0.866024 0.000000
vn 0.365336 -0.930875 0.000000
vn 0.365336 -0.930875 0.000000
vn 0.222522 -0.974928 0.000000
vn 0.222522 -0.974928 0.000000
vn 0.074732 -0.997204 0.000000
vn 0.074732 -0.997204 0.000000
vn -0.074732 -0.997204 0.000000
vn -0.074732 -0.997204 0.000000
vn -0.222522 -0.974928 0.000000
vn -0.222522 -0.974928 0.000000
vn -0.365336 -0.930875 0.000000
vn -0.365336 -0.930875 0.000000
vn -0.500002 -0.866024 0.000000
vn -0.500002 -0.866024 0.000000
vn -0.623489 -0.781832 0.000000
vn -0.623489 -0.781832 0.000000
vn -0.733050 -0.680175 0.000000
vn -0.733050 -0.680175 0.000000
vn -0.826241 -0.563317 0.000000
vn -0.826241 -0.563317 0.000000
vn -0.900971 -0.433879 0.000000
vn -0.900971 -0.433879 0.000000
vn -0.955572 -0.294759 0.000000
vn -0.955572 -0.294759 0.000000
vn -0.988832 -0.149038 -0.000000
vn -0.988832 -0.149038 0.000000
vn -1.000000 -0.000000 -0.000000
vn -1.000000 0.000000 0.000000
vn -0.988832 0.149038 0.000000
vn -0.988832 0.149038 0.000000
vn -0.955572 0.294759 0.000000
vn -0.955572 0.294759 0.000000
vn -0.900971 0.433879 0.000000
vn -0.900971 0.433879 0.000000
vn -0.826241 0.563317 0.000000
vn -0.826241 0.563317 0.000000
vn -0.733050 0.680175 0.000000
vn -0.733050 0.680175 0.000000
vn -0.623489 0.781832 0.000000
vn -0.623489 0.781832 0.000000
vn -0.500002 0.866024 0.000000
vn -0.500002 0.866024 0.000000
vn -0.365336 0.930875 0.000000
vn -0.222522 0.974928 0.000000
vn -0.365336 0.930875 0.000000
vn -0.222522 0.974928 0.000000
vn -0.074732 0.997204 0.000000
vn -0.074732 0.997204 0.000000
vn 0.074732 0.997204 -0.000000
vn 0.074732 0.997204 0.000000
vn 0.222522 0.974928 0.000000
vn 0.222522 0.974928 -0.000000
vn 0.365336 0.930875 0.000000
vn 0.365336 0.930875 -0.000000
vn 0.500002 0.866024 0.000000
vn 0.500002 0.866024 -0.000000
vn 0.623489 0.781832 0.000000
vn 0.623489 0.781832 -0.000000
vn 0.733050 0.680175 0.000000
vn 0.733050 0.680175 -0.000000
vn 0.826241 0.563317 0.000000
vn 0.826241 0.563317 -0.000000
vn 0.900971 0.433879 0.000000
vn 0.900971 0.433879 -0.000000
vn 0.955572 0.294759 0.000000
vn 0.955572 0.294759 -0.000000
vn 0.988832 0.149038 0.000000
vn 0.988832 0.149038 -0.000000
vn 1.000000 -0.000000 0.000000
vn 1.000000 0.000000 0.000000
vn 0.988832 -0.149038 0.000000
vn 0.988832 -0.149038 0.000000
vn 0.955572 -0.294759 0.000000
vn 0.955572 -0.294759 0.000000
vn 0.900971 -0.433879 0.000000
vn 0.900971 -0.433879 0.000000
vn 0.826241 -0.563317 0.000000
vn 0.733050 -0.680175 0.000000
vn 0.826241 -0.563317 0.000000
vn 0.733050 -0.680175 0.000000
vn 0.623489 -0.781832 0.000000
vn 0.623489 -0.781832 0.000000
vn 0.500002 -0.866024 0.000000
vn 0.500002 -0.866024 0.000000
vn 0.365336 -0.930875 0.000000
vn 0.365336 -0.930875 0.000000
vn 0.222522 -0.974928 0.000000
vn 0.222522 -0.974928 0.000000
vn 0.074732 -0.997204 0.000000
vn 0.074732 -0.997204 0.000000
vn -0.074732 -0.997204 0.000000
vn -0.074732 -0.997204 0.000000
vn -0.222522 -0.974928 0.000000
vn -0.222522 -0.974928 0.000000
vn -0.365336 -0.930875 0.000000
vn -0.365336 -0.930875 0.000000
vn -0.500002 -0.866024 0.000000
vn -0.500002 -0.866024 0.000000
vn -0.623489 -0.781832 0.000000
vn -0.623489 -0.781832 0.000000
vn -0.733050 -0.680175 0.000000
vn -0.733050 -0.680175 0.000000
vn -0.826241 -0.563317 0.000000
vn -0.826241 -0.563317 0.000000
vn -0.900971 -0.433879 0.000000
vn -0.900971 -0.433879 0.000000
vn -0.955572 -0.294759 0.000000
vn -0.955572 -0.294759 0.000000
vn -0.988832 -0.149038 -0.000000
vn -0.988832 -0.149038 0.000000
vn -1.000000 -0.000000 -0.000000
vn -1.000000 0.000000 0.000000
vn -0.988832 0.149038 0.000000
vn -0.988832 0.149038 0.000000
vn -0.955572 0.294759 0.000000
vn -0.955572 0.294759 0.000000
vn -0.900971 0.433879 0.000000
vn -0.900971 0.433879 0.000000
vn -0.826241 0.563317 0.000000
vn -0.826241 0.563317 0.000000
vn -0.733050 0.680175 0.000000
vn -0.733050 0.680175 0.000000
vn -0.623489 0.781832 0.000000
vn -0.623489 0.781832 0.000000
vn -0.500002 0.866024 0.000000
vn -0.500002 0.866024 0.000000
vn -0.365336 0.930875 0.000000
vn -0.222522 0.974928 0.000000
vn -0.365336 0.930875 0.000000
vn -0.222522 0.974928 0.000000
vn -0.074732 0.997204 0.000000
vn -0.074732 0.997204 0.000000
vn 0.074732 0.997204 -0.000000
vn 0.074732 0.997204 0.000000
vn 0.222522 0.974928 0.000000
vn 0.222522 0.974928 -0.000000
vn 0.365336 0.930875 0.000000
vn 0.365336 0.930875 -0.000000
vn 0.500002 0.866024 0.000000
vn 0.500002 0.866024 -0.000000
vn 0.623489 0.781832 0.000000
vn 0.623489 0.781832 -0.000000
vn 0.733050 0.680175 0.000000
vn 0.733050 0.680175 -0.000000
vn 0.826241 0.563317 0.000000
vn 0.826241 0.563317 -0.000000
vn 0.900971 0.433879 0.000000
vn 0.900971 0.433879 -0.000000
vn 0.955572 0.294759 0.000000
vn 0.955572 0.294759 -0.000000
vn 0.988832 0.149038 0.000000
vn 0.988832 0.149038 -0.000000
vn 1.000000 -0.000000 0.000000
vn 1.000000 0.000000 0.000000
vn 0.988832 -0.149038 0.000000
vn 0.988832 -0.149038 0.000000
vn 0.955572 -0.294759 0.000000
vn 0.955572 -0.294759 0.000000
vn 0.900971 -0.433879 0.000000
vn 0.900971 -0.433879 0.000000
vn 0.826241 -0.563317 0.000000
vn 0.733050 -0.680175 0.000000
vn 0.826241 -0.563317 0.000000
vn 0.733050 -0.680175 0.000000
vn 0.623489 -0.781832 0.000000
vn 0.623489 -0.781832 0.000000
vn 0.500002 -0.866024 0.000000
vn 0.500002 -0.866024 0.000000
vn 0.365336 -0.930875 0.000000
vn 0.365336 -0.930875 0.000000
vn 0.222522 -0.974928 0.000000
vn 0.222522 -0.974928 0.000000
vn 0.074732 -0.997204 0.000000
vn 0.074732 -0.997204 0.000000
vn -0.074732 -0.997204 0.000000
vn -0.074732 -0.997204 0.000000
vn -0.222522 -0.974928 0.000000
vn -0.222522 -0.974928 0.000000
vn -0.365336 -0.930875 0.000000
vn -0.365336 -0.930875 0.000000
vn -0.500002 -0.866024 0.000000
vn -0.500002 -0.866024 0.000000
vn -0.623489 -0.781832 0.000000
vn -0.623489 -0.781832 0.000000
vn -0.733050 -0.680175 0.000000
vn -0.733050 -0.680175 0.000000
vn -0.826241 -0.563317 0.000000
vn -0.826241 -0.563317 0.000000
vn -0.900971 -0.433879 0.000000
vn -0.900971 -0.433879 0.000000
vn -0.955572 -0.294759 0.000000
vn -0.955572 -0.294759 0.000000
vn -0.988832 -0.149038 -0.000000
vn -0.988832 -0.149038 0.000000
vn -1.000000 -0.000000 -0.000000
vn -1.000000 0.000000 0.000000
vn -0.988832 0.149038 0.000000
vn -0.988832 0.149038 0.000000
vn -0.955572 0.294759 0.000000
vn -0.955572 0.294759 0.000000
vn -0.900971 0.433879 0.000000
vn -0.900971 0.433879 0.000000
vn -0.826241 0.563317 0.000000
vn -0.826241 0.563317 0.000000
vn -0.733050 0.680175 0.000000
vn -0.733050 0.680175 0.000000
vn -0.623489 0.781832 0.000000
vn -0.623489 0.781832 0.000000
vn -0.500002 0.866024 0.000000
vn -0.500002 0.866024 0.000000
vn -0.365336 0.930875 0.000000
vn -0.222522 0.974928 0.000000
vn -0.365336 0.930875 0.000000
vn -0.222522 0.974928 0.000000
vn -0.074732 0.997204 0.000000
vn -0.074732 0.997204 0.000000
vn 0.074732 0.997204 -0.000000
vn 0.074732 0.997204 0.000000
vn 0.222522 0.974928 0.000000
vn 0.222522 0.974928 -0.000000
vn 0.365336 0.930875 0.000000
vn 0.365336 0.930875 -0.000000
vn 0.500002 0.866024 0.000000
vn 0.500002 0.866024 -0.000000
vn 0.623489 0.781832 0.000000
vn 0.623489 0.781832 -0.000000
vn 0.733050 0.680175 0.000000
vn 0.733050 0.680175 -0.000000
vn 0.826241 0.563317 0.000000
vn 0.826241 0.563317 -0.000000
vn 0.900971 0.433879 0.000000
vn 0.900971 0.433879 -0.000000
vn 0.955572 0.294759 0.000000
vn 0.955572 0.294759 -0.000000
vn 0.988832 0.149038 0.000000
vn 0.988832 0.149038 -0.000000
vn 1.000000 -0.000000 0.000000
vn 1.000000 0.000000 0.000000
vn 0.988832 -0.149038 0.000000
vn 0.988832 -0.149038 0.000000
vn 0.955572 -0.294759 0.000000
vn 0.955572 -0.294759 0.000000
vn 0.900971 -0.433879 0.000000
vn 0.900971 -0.433879 0.000000
vn 0.826241 -0.563317 0.000000
vn 0.733050 -0.680175 0.000000
vn 0.826241 -0.563317 0.000000
vn 0.733050 -0.680175 0.000000
vn 0.623489 -0.781832 0.000000
vn 0.623489 -0.781832 0.000000
vn 0.500002 -0.866024 0.000000
vn 0.500002 -0.866024 0.000000
vn 0.365336 -0.930875 0.000000
vn 0.365336 -0.930875 0.000000
vn 0.222522 -0.974928 0.000000
vn 0.222522 -0.974928 0.000000
vn 0.074732 -0.997204 0.000000
vn 0.074732 -0.997204 0.000000
vn -0.074732 -0.997204 0.000000
vn -0.074732 -0.997204 0.000000
vn -0.222522 -0.974928 0.000000
vn -0.222522 -0.974928 0.000000
vn -0.365336 -0.930875 0.000000
vn -0.365336 -0.930875 0.000000
vn -0.500002 -0.866024 0.000000
vn -0.500002 -0.866024 0.000000
vn -0.623489 -0.781832 0.000000
vn -0.623489 -0.781832 0.000000
vn -0.733050 -0.680175 0.000000
vn -0.733050 -0.680175 0.000000
vn -0.826241 -0.563317 0.000000
vn -0.826241 -0.563317 0.000000
vn -0.900971 -0.433879 0.000000
vn -0.900971 -0.433879 0.000000
vn -0.955572 -0.294759 0.000000
vn -0.955572 -0.294759 0.000000
vn -0.988832 -0.149038 -0.000000
vn -0.988832 -0.149038 0.000000
vn -1.000000 -0.000000 -0.000000
vn -1.000000 0.000000 0.000000
vn -0.988832 0.149038 0.000000
vn -0.988832 0.149038 0.000000
vn -0.955572 0.294759 0.000000
vn -0.955572 0.294759 0.000000
vn -0.900971 0.433879 0.000000
vn -0.900971 0.433879 0.000000
vn -0.826241 0.563317 0.000000
vn -0.826241 0.563317 0.000000
vn -0.733050 0.680175 0.000000
vn -0.733050 0.680175 0.000000
vn -0.623489 0.781832 0.000000
vn -0.623489 0.781832 0.000000
vn -0.500002 0.866024 0.000000
vn -0.500002 0.866024 0.000000
vn -0.365336 0.930875 0.000000
vn -0.222522 0.974928 0.000000
vn -0.365336 0.930875 0.000000
vn -0.222522 0.974928 0.000000
vn -0.074732 0.997204 0.000000
vn -0.074732 0.997204 0.000000
vn 0.997204 0.074732 0.000000
vn 0.997204 0.074732 0.000000
vn 0.974927 0.222524 0.000000
vn 0.974927 0.222524 0.000000
vn 0.930875 0.365339 0.000000
vn 0.930875 0.365339 0.000000
vn 0.866026 0.499999 0.000000
vn 0.866026 0.499999 0.000000
vn 0.781830 0.623491 0.000000
vn 0.781830 0.623491 0.000000
vn 0.680174 0.733051 0.000000
vn 0.680174 0.733051 0.000000
vn 0.563318 0.826240 0.000000
vn 0.563318 0.826240 0.000000
vn 0.433887 0.900967 0.000000
vn 0.433887 0.900967 0.000000
vn 0.294754 0.955573 0.000000
vn 0.294754 0.955573 0.000000
vn 0.149042 0.988831 0.000000
vn 0.149042 0.988831 0.000000
vn -0.000000 1.000000 0.000000
vn 0.000000 1.000000 0.000000
vn -0.149042 0.988831 0.000000
vn -0.149042 0.988831 0.000000
vn -0.294754 0.955573 0.000000
vn -0.294754 0.955573 0.000000
vn -0.433887 0.900967 0.000000
vn -0.433887 0.900967 0.000000
vn -0.563318 0.826240 0.000000
vn -0.563318 0.826240 0.000000
vn -0.680174 0.733051 0.000000
vn -0.680174 0.733051 0.000000
vn -0.781830 0.623491 0.000000
vn -0.781830 0.623491 0.000000
vn -0.866026 0.499999 0.000000
vn -0.866026 0.499999 0.000000
vn -0.930875 0.365339 0.000000
vn -0.930875 0.365339 0.000000
vn -0.974927 0.222524 0.000000
vn -0.974927 0.222524 0.000000
vn -0.997204 0.074732 0.000000
vn -0.997204 -0.074732 -0.000000
vn -0.997204 0.074732 0.000000
vn -0.997204 -0.074732 -0.000000
vn -0.974927 -0.222524 -0.000000
vn -0.930875 -0.365339 -0.000000
vn -0.974927 -0.222524 0.000000
vn -0.930875 -0.365339 -0.000000
vn -0.866026 -0.499999 -0.000000
vn -0.781830 -0.623491 -0.000000
vn -0.866026 -0.499999 0.000000
vn -0.781830 -0.623491 -0.000000
vn -0.680174 -0.733051 -0.000000
vn -0.563318 -0.826240 -0.000000
vn -0.680174 -0.733051 0.000000
vn -0.563318 -0.826240 -0.000000
vn -0.433887 -0.900967 0.000000
vn -0.433887 -0.900967 -0.000000
vn -0.294754 -0.955573 -0.000000
vn -0.294754 -0.955573 -0.000000
vn -0.149042 -0.988831 0.000000
vn -0.149042 -0.988831 -0.000000
vn 0.000000 -1.000000 0.000000
vn -0.000000 -1.000000 -0.000000
vn 0.149042 -0.988831 0.000000
vn 0.149042 -0.988831 0.000000
vn 0.294754 -0.955573 0.000000
vn 0.294754 -0.955573 0.000000
vn 0.433887 -0.900967 0.000000
vn 0.433887 -0.900967 0.000000
vn 0.563318 -0.826240 0.000000
vn 0.563318 -0.826240 0.000000
vn 0.680174 -0.733051 0.000000
vn 0.680174 -0.733051 0.000000
vn 0.781830 -0.623491 0.000000
vn 0.781830 -0.623491 0.000000
vn 0.866026 -0.499999 0.000000
vn 0.866026 -0.499999 0.000000
vn 0.930875 -0.365339 0.000000
vn 0.930875 -0.365339 0.000000
vn 0.974927 -0.222524 0.000000
vn 0.974927 -0.222524 0.000000
vn 0.997204 -0.074732 0.000000
vn 0.997204 -0.074732 0.000000
vn 0.000000 0.000000 1.000000
vn 0.000000 0.000000 1.000000
vn 0.000000 0.000000 1.000000
vn 0.000000 0.000000 1.000000
vn 0.000000 0.000000 1.000000
vn 0.000000 0.000000 1.000000
vn 0.000000 0.000000 1.000000
vn 0.000000 0.000000 1.000000
vn 0.000000 0.000000 1.000000
vn 0.000000 0.000000 1.000000
vn 0.000000 0.000000 1.000000
vn 0.000000 0.000000 1.000000
vn 0.000000 0.000000 1.000000
vn 0.000000 0.000000 1.000000
vn 0.000000 0.000000 1.000000
vn 0.000000 0.000000 1.000000
vn 0.000000 0.000000 1.000000
vn 0.000000 0.000000 1.000000
vn 0.000000 0.000000 1.000000
vn 0.000000 0.000000 1.000000
vn 0.000000 0.000000 1.000000
vn 0.000000 0.000000 1.000000
vn 0.000000 0.000000 1.000000
vn 0.000000 0.000000 1.000000
vn 0.000000 0.000000 1.000000
vn 0.000000 0.000000 1.000000
vn 0.000000 0.000000 1.000000
vn 0.000000 0.000000 1.000000
vn 0.000000 0.000000 1.000000
vn 0.000000 0.000000 1.000000
vn 0.000000 0.000000 1.000000
vn 0.000000 0.000000 1.000000
vn 0.000000 0.000000 1.000000
vn 0.000000 0.000000 1.000000
vn 0.000000 0.000000 1.000000
vn 0.000000 0.000000 1.000000
vn 0.000000 0.000000 1.000000
vn 0.000000 0.000000 1.000000
vn 0.000000 0.000000 1.000000
vn 0.000000 0.000000 1.000000
vn 0.000000 -0.000000 -1.000000
vn 0.000000 -0.000000 -1.000000
vn 0.000000 0.000000 -1.000000
vn 0.000000 0.000000 -1.000000
vn 0.000000 0.000000 -1.000000
vn 0.000000 -0.000000 -1.000000
vn 0.000000 -0.000000 -1.000000
vn 0.000000 0.000000 -1.000000
vn 0.000000 0.000000 -1.000000
vn 0.000000 -0.000000 -1.000000
vn 0.000000 0.000000 -1.000000
vn 0.000000 0.000000 -1.000000
vn 0.000000 0.000000 -1.000000
vn -0.000000 -0.000000 -1.000000
vn -0.000000 -0.000000 -1.000000
vn 0.000000 -0.000000 -1.000000
vn 0.000000 0.000000 -1.000000
vn 0.000000 0.000000 -1.000000
vn -0.000000 -0.000000 -1.000000
vn -0.000000 -0.000000 -1.000000
vn 0.000000 0.000000 -1.000000
vn -0.000000 -0.000000 -1.000000
vn 0.000000 -0.000000 -1.000000
vn 0.000000 -0.000000 -1.000000
vn 0.000000 0.000000 -1.000000
vn 0.000000 0.000000 -1.000000
vn 0.000000 0.000000 -1.000000
vn 0.000000 0.000000 -1.000000
vn 0.000000 0.000000 -1.000000
vn 0.000000 0.000000 -1.000000
vn 0.000000 0.000000 -1.000000
vn 0.000000 0.000000 -1.000000
vn 0.000000 0.000000 -1.000000
vn 0.000000 0.000000 -1.000000
vn 0.000000 0.000000 -1.000000
vn 0.000000 0.000000 -1.000000
vn 0.000000 0.000000 -1.000000
vn 0.000000 0.000000 -1.000000
vn 0.000000 -0.000000 -1.000000
vn 0.000000 -0.000000 -1.000000
vn 0.997204 0.074729 0.000000
vn 0.997204 0.074729 0.000000
vn 0.974927 0.222524 0.000000
vn 0.974927 0.222524 0.000000
vn 0.930875 0.365339 0.000000
vn 0.930875 0.365339 0.000000
vn 0.866025 0.500001 0.000000
vn 0.866025 0.500001 0.000000
vn 0.781832 0.623489 0.000000
vn 0.781832 0.623489 0.000000
vn 0.680174 0.733051 0.000000
vn 0.680174 0.733051 0.000000
vn 0.563317 0.826241 0.000000
vn 0.563317 0.826241 0.000000
vn 0.433887 0.900967 0.000000
vn 0.433887 0.900967 0.000000
vn 0.294754 0.955573 0.000000
vn 0.294754 0.955573 0.000000
vn 0.149042 0.988831 0.000000
vn 0.149042 0.988831 0.000000
vn -0.000000 1.000000 0.000000
vn 0.000000 1.000000 0.000000
vn -0.149042 0.988831 0.000000
vn -0.149042 0.988831 0.000000
vn -0.294754 0.955573 0.000000
vn -0.294754 0.955573 0.000000
vn -0.433887 0.900967 0.000000
vn -0.433887 0.900967 0.000000
vn -0.563317 0.826241 0.000000
vn -0.563317 0.826241 0.000000
vn -0.680174 0.733051 0.000000
vn -0.680174 0.733051 0.000000
vn -0.781832 0.623489 0.000000
vn -0.781832 0.623489 0.000000
vn -0.866025 0.500001 0.000000
vn -0.866025 0.500001 0.000000
vn -0.930875 0.365339 0.000000
vn -0.930875 0.365339 0.000000
vn -0.974927 0.222524 0.000000
vn -0.974927 0.222524 0.000000
vn -0.997204 0.074729 0.000000
vn -0.997204 -0.074729 -0.000000
vn -0.997204 0.074729 0.000000
vn -0.997204 -0.074729 -0.000000
vn -0.974927 -0.222524 -0.000000
vn -0.930875 -0.365339 -0.000000
vn -0.974927 -0.222524 0.000000
vn -0.930875 -0.365339 -0.000000
vn -0.866025 -0.500001 -0.000000
vn -0.781832 -0.623489 -0.000000
vn -0.866025 -0.500001 0.000000
vn -0.781832 -0.623489 -0.000000
vn -0.680174 -0.733051 -0.000000
vn -0.563317 -0.826241 -0.000000
vn -0.680174 -0.733051 0.000000
vn -0.563317 -0.826241 -0.000000
vn -0.433887 -0.900967 0.000000
vn -0.433887 -0.900967 -0.000000
vn -0.294754 -0.955573 -0.000000
vn -0.294754 -0.955573 -0.000000
vn -0.149042 -0.988831 0.000000
vn -0.149042 -0.988831 -0.000000
vn 0.000000 -1.000000 0.000000
vn -0.000000 -1.000000 -0.000000
vn 0.149042 -0.988831 0.000000
vn 0.149042 -0.988831 0.000000
vn 0.294754 -0.955573 0.000000
vn 0.294754 -0.955573 0.000000
vn 0.433887 -0.900967 0.000000
vn 0.433887 -0.900967 0.000000
vn 0.563317 -0.826241 0.000000
vn 0.563317 -0.826241 0.000000
vn 0.680174 -0.733051 0.000000
vn 0.680174 -0.733051 0.000000
vn 0.781832 -0.623489 0.000000
vn 0.781832 -0.623489 0.000000
vn 0.866025 -0.500001 0.000000
vn 0.866025 -0.500001 0.000000
vn 0.930875 -0.365339 0.000000
vn 0.930875 -0.365339 0.000000
vn 0.974927 -0.222524 0.000000
vn 0.974927 -0.222524 0.000000
vn 0.997204 -0.074729 0.000000
vn 0.997204 -0.074729 0.000000
vn 0.000000 0.000000 1.000000
vn 0.000000 0.000000 1.000000
vn 0.000000 0.000000 1.000000
vn 0.000000 0.000000 1.000000
vn 0.000000 0.000000 1.000000
vn 0.000000 0.000000 1.000000
vn 0.000000 0.000000 1.000000
vn 0.000000 0.000000 1.000000
vn 0.000000 0.000000 1.000000
vn 0.000000 0.000000 1.000000
vn 0.000000 0.000000 1.000000
vn 0.000000 0.000000 1.000000
vn 0.000000 0.000000 1.000000
vn 0.000000 0.000000 1.000000
vn 0.000000 0.000000 1.000000
vn 0.000000 0.000000 1.000000
vn 0.000000 0.000000 1.000000
vn 0.000000 0.000000 1.000000
vn 0.000000 0.000000 1.000000
vn 0.000000 0.000000 1.000000
vn 0.000000 0.000000 1.000000
vn 0.000000 0.000000 1.000000
vn 0.000000 0.000000 1.000000
vn 0.000000 0.000000 1.000000
vn 0.000000 0.000000 1.000000
vn 0.000000 0.000000 1.000000
vn 0.000000 0.000000 1.000000
vn 0.000000 0.000000 1.000000
vn 0.000000 0.000000 1.000000
vn 0.000000 0.000000 1.000000
vn 0.000000 0.000000 1.000000
vn 0.000000 0.000000 1.000000
vn 0.000000 0.000000 1.000000
vn 0.000000 0.000000 1.000000
vn 0.000000 0.000000 1.000000
vn 0.000000 0.000000 1.000000
vn 0.000000 0.000000 1.000000
vn 0.000000 0.000000 1.000000
vn 0.000000 0.000000 1.000000
vn 0.000000 0.000000 1.000000
vn 0.000000 -0.000000 -1.000000
vn 0.000000 -0.000000 -1.000000
vn 0.000000 0.000000 -1.000000
vn 0.000000 0.000000 -1.000000
vn 0.000000 0.000000 -1.000000
vn 0.000000 -0.000000 -1.000000
vn 0.000000 -0.000000 -1.000000
vn 0.000000 0.000000 -1.000000
vn 0.000000 0.000000 -1.000000
vn 0.000000 -0.000000 -1.000000
vn 0.000000 0.000000 -1.000000
vn 0.000000 0.000000 -1.000000
vn 0.000000 0.000000 -1.000000
vn -0.000000 -0.000000 -1.000000
vn -0.000000 -0.000000 -1.000000
vn 0.000000 -0.000000 -1.000000
vn 0.000000 0.000000 -1.000000
vn 0.000000 0.000000 -1.000000
vn -0.000000 -0.000000 -1.000000
vn -0.000000 -0.000000 -1.000000
vn 0.000000 0.000000 -1.000000
vn -0.000000 -0.000000 -1.000000
vn 0.000000 -0.000000 -1.000000
vn 0.000000 -0.000000 -1.000000
vn 0.000000 0.000000 -1.000000
vn 0.000000 0.000000 -1.000000
vn 0.000000 0.000000 -1.000000
vn 0.000000 0.000000 -1.000000
vn 0.000000 0.000000 -1.000000
vn 0.000000 0.000000 -1.000000
vn 0.000000 0.000000 -1.000000
vn 0.000000 0.000000 -1.000000
vn 0.000000 0.000000 -1.000000
vn 0.000000 0.000000 -1.000000
vn 0.000000 0.000000 -1.000000
vn 0.000000 0.000000 -1.000000
vn 0.000000 0.000000 -1.000000
vn 0.000000 0.000000 -1.000000
vn 0.000000 -0.000000 -1.000000
vn 0.000000 -0.000000 -1.000000
vn 0.997204 0.074732 0.000000
vn 0.997204 0.074732 0.000000
vn 0.974929 0.222518 0.000000
vn 0.974929 0.222518 0.000000
vn 0.930873 0.365344 0.000000
vn 0.930873 0.365344 0.000000
vn 0.866026 0.499999 0.000000
vn 0.866026 0.499999 0.000000
vn 0.781833 0.623487 0.000000
vn 0.781833 0.623487 0.000000
vn 0.680170 0.733054 0.000000
vn 0.680170 0.733054 0.000000
vn 0.563318 0.826240 0.000000
vn 0.563318 0.826240 0.000000
vn 0.433887 0.900967 0.000000
vn 0.433887 0.900967 0.000000
vn 0.294754 0.955573 0.000000
vn 0.294754 0.955573 0.000000
vn 0.149042 0.988831 0.000000
vn 0.149042 0.988831 0.000000
vn -0.000000 1.000000 0.000000
vn 0.000000 1.000000 0.000000
vn -0.149042 0.988831 0.000000
vn -0.149042 0.988831 0.000000
vn -0.294754 0.955573 0.000000
vn -0.294754 0.955573 0.000000
vn -0.433887 0.900967 0.000000
vn -0.433887 0.900967 0.000000
vn -0.563318 0.826240 0.000000
vn -0.563318 0.826240 0.000000
vn -0.680170 0.733054 0.000000
vn -0.680170 0.733054 0.000000
vn -0.781833 0.623487 0.000000
vn -0.781833 0.623487 0.000000
vn -0.866026 0.499999 0.000000
vn -0.866026 0.499999 0.000000
vn -0.930873 0.365344 0.000000
vn -0.930873 0.365344 0.000000
vn -0.974929 0.222518 0.000000
vn -0.974929 0.222518 0.000000
vn -0.997204 0.074732 0.000000
vn -0.997204 -0.074732 -0.000000
vn -0.997204 0.074732 0.000000
vn -0.997204 -0.074732 -0.000000
vn -0.974929 -0.222518 -0.000000
vn -0.930873 -0.365344 -0.000000
vn -0.974929 -0.222518 0.000000
vn -0.930873 -0.365344 -0.000000
vn -0.866026 -0.499999 -0.000000
vn -0.781833 -0.623487 -0.000000
vn -0.866026 -0.499999 0.000000
vn -0.781833 -0.623487 -0.000000
vn -0.680170 -0.733054 -0.000000
vn -0.563318 -0.826240 -0.000000
vn -0.680170 -0.733054 0.000000
vn -0.563318 -0.826240 -0.000000
vn -0.433887 -0.900967 0.000000
vn -0.433887 -0.900967 -0.000000
vn -0.294754 -0.955573 -0.000000
vn -0.294754 -0.955573 -0.000000
vn -0.149042 -0.988831 0.000000
vn -0.149042 -0.988831 -0.000000
vn 0.000000 -1.000000 0.000000
vn -0.000000 -1.000000 -0.000000
vn 0.149042 -0.988831 0.000000
vn 0.149042 -0.988831 0.000000
vn 0.294754 -0.955573 0.000000
vn 0.294754 -0.955573 0.000000
vn 0.433887 -0.900967 0.000000
vn 0.433887 -0.900967 0.000000
vn 0.563318 -0.826240 0.000000
vn 0.563318 -0.826240 0.000000
vn 0.680170 -0.733054 0.000000
vn 0.680170 -0.733054 0.000000
vn 0.781833 -0.623487 0.000000
vn 0.781833 -0.623487 0.000000
vn 0.866026 -0.499999 0.000000
vn 0.866026 -0.499999 0.000000
vn 0.930873 -0.365344 0.000000
vn 0.930873 -0.365344 0.000000
vn 0.974929 -0.222518 0.000000
vn 0.974929 -0.222518 0.000000
vn 0.997204 -0.074732 0.000000
vn 0.997204 -0.074732 0.000000
vn 0.000000 0.000000 1.000000
vn 0.000000 0.000000 1.000000
vn 0.000000 0.000000 1.000000
vn 0.000000 0.000000 1.000000
vn 0.000000 0.000000 1.000000
vn 0.000000 0.000000 1.000000
vn 0.000000 0.000000 1.000000
vn 0.000000 0.000000 1.000000
vn 0.000000 0.000000 1.000000
vn 0.000000 0.000000 1.000000
vn 0.000000 0.000000 1.000000
vn 0.000000 0.000000 1.000000
vn 0.000000 0.000000 1.000000
vn 0.000000 0.000000 1.000000
vn 0.000000 0.000000 1.000000
vn 0.000000 0.000000 1.000000
vn 0.000000 0.000000 1.000000
vn 0.000000 0.000000 1.000000
vn 0.000000 0.000000 1.000000
vn 0.000000 0.000000 1.000000
vn 0.000000 0.000000 1.000000
vn 0.000000 0.000000 1.000000
vn 0.000000 0.000000 1.000000
vn 0.000000 0.000000 1.000000
vn 0.000000 0.000000 1.000000
vn 0.000000 0.000000 1.000000
vn 0.000000 0.000000 1.000000
vn 0.000000 0.000000 1.000000
vn 0.000000 0.000000 1.000000
vn 0.000000 0.000000 1.000000
vn 0.000000 0.000000 1.000000
vn 0.000000 0.000000 1.000000
vn 0.000000 0.000000 1.000000
vn 0.000000 0.000000 1.000000
vn 0.000000 0.000000 1.000000
vn 0.000000 0.000000 1.000000
vn 0.000000 0.000000 1.000000
vn 0.000000 0.000000 1.000000
vn 0.000000 0.000000 1.000000
vn 0.000000 0.000000 1.000000
vn 0.000000 -0.000000 -1.000000
vn 0.000000 -0.000000 -1.000000
vn 0.000000 0.000000 -1.000000
vn 0.000000 0.000000 -1.000000
vn 0.000000 0.000000 -1.000000
vn 0.000000 -0.000000 -1.000000
vn 0.000000 -0.000000 -1.000000
vn 0.000000 0.000000 -1.000000
vn 0.000000 0.000000 -1.000000
vn 0.000000 -0.000000 -1.000000
vn 0.000000 0.000000 -1.000000
vn 0.000000 0.000000 -1.000000
vn 0.000000 0.000000 -1.000000
vn -0.000000 -0.000000 -1.000000
vn -0.000000 -0.000000 -1.000000
vn 0.000000 -0.000000 -1.000000
vn 0.000000 0.000000 -1.000000
vn 0.000000 0.000000 -1.000000
vn -0.000000 -0.000000 -1.000000
vn -0.000000 -0.000000 -1.000000
vn 0.000000 0.000000 -1.000000
vn -0.000000 -0.000000 -1.000000
vn 0.000000 -0.000000 -1.000000
vn 0.000000 -0.000000 -1.000000
vn 0.000000 0.000000 -1.000000
vn 0.000000 0.000000 -1.000000
vn 0.000000 0.000000 -1.000000
vn 0.000000 0.000000 -1.000000
vn 0.000000 0.000000 -1.000000
vn 0.000000 0.000000 -1.000000
vn 0.000000 0.000000 -1.000000
vn 0.000000 0.000000 -1.000000
vn 0.000000 0.000000 -1.000000
vn 0.000000 0.000000 -1.000000
vn 0.000000 0.000000 -1.000000
vn 0.000000 0.000000 -1.000000
vn 0.000000 0.000000 -1.000000
vn 0.000000 0.000000 -1.000000
vn 0.000000 -0.000000 -1.000000
vn 0.000000 -0.000000 -1.000000
vn 0.997204 0.074732 0.000000
vn 0.997204 0.074732 0.000000
vn 0.974927 0.222524 0.000000
vn 0.974927 0.222524 0.000000
vn 0.930875 0.365339 0.000000
vn 0.930875 0.365339 0.000000
vn 0.866026 0.499999 0.000000
vn 0.866026 0.499999 0.000000
vn 0.781830 0.623491 0.000000
vn 0.781830 0.623491 0.000000
vn 0.680174 0.733051 0.000000
vn 0.680174 0.733051 0.000000
vn 0.563318 0.826240 0.000000
vn 0.563318 0.826240 0.000000
vn 0.433887 0.900967 0.000000
vn 0.433887 0.900967 0.000000
vn 0.294754 0.955573 0.000000
vn 0.294754 0.955573 0.000000
vn 0.149042 0.988831 0.000000
vn 0.149042 0.988831 0.000000
vn -0.000000 1.000000 0.000000
vn 0.000000 1.000000 0.000000
vn -0.149042 0.988831 0.000000
vn -0.149042 0.988831 0.000000
vn -0.294754 0.955573 0.000000
vn -0.294754 0.955573 0.000000
vn -0.433887 0.900967 0.000000
vn -0.433887 0.900967 0.000000
vn -0.563318 0.826240 0.000000
vn -0.563318 0.826240 0.000000
vn -0.680174 0.733051 0.000000
vn -0.680174 0.733051 0.000000
vn -0.781830 0.623491 0.000000
vn -0.781830 0.623491 0.000000
vn -0.866026 0.499999 0.000000
vn -0.866026 0.499999 0.000000
vn -0.930875 0.365339 0.000000
vn -0.930875 0.365339 0.000000
vn -0.974927 0.222524 0.000000
vn -0.974927 0.222524 0.000000
vn -0.997204 0.074732 0.000000
vn -0.997204 -0.074732 -0.000000
vn -0.997204 0.074732 0.000000
vn -0.997204 -0.074732 -0.000000
vn -0.974927 -0.222524 -0.000000
vn -0.930875 -0.365339 -0.000000
vn -0.974927 -0.222524 0.000000
vn -0.930875 -0.365339 -0.000000
vn -0.866026 -0.499999 -0.000000
vn -0.781830 -0.623491 -0.000000
vn -0.866026 -0.499999 0.000000
vn -0.781830 -0.623491 -0.000000
vn -0.680174 -0.733051 -0.000000
vn -0.563318 -0.826240 -0.000000
vn -0.680174 -0.733051 0.000000
vn -0.563318 -0.826240 -0.000000
vn -0.433887 -0.900967 0.000000
vn -0.433887 -0.900967 -0.000000
vn -0.294754 -0.955573 -0.000000
vn -0.294754 -0.955573 -0.000000
vn -0.149042 -0.988831 0.000000
vn -0.149042 -0.988831 -0.000000
vn 0.000000 -1.000000 0.000000
vn -0.000000 -1.000000 -0.000000
vn 0.149042 -0.988831 0.000000
vn 0.149042 -0.988831 0.000000
vn 0.294754 -0.955573 0.000000
vn 0.294754 -0.955573 0.000000
vn 0.433887 -0.900967 0.000000
vn 0.433887 -0.900967 0.000000
vn 0.563318 -0.826240 0.000000
vn 0.563318 -0.826240 0.000000
vn 0.680174 -0.733051 0.000000
vn 0.680174 -0.733051 0.000000
vn 0.781830 -0.623491 0.000000
vn 0.781830 -0.623491 0.000000
vn 0.866026 -0.499999 0.000000
vn 0.866026 -0.499999 0.000000
vn 0.930875 -0.365339 0.000000
vn 0.930875 -0.365339 0.000000
vn 0.974927 -0.222524 0.000000
vn 0.974927 -0.222524 0.000000
vn 0.997204 -0.074732 0.000000
vn 0.997204 -0.074732 0.000000
vn 0.000000 0.000000 1.000000
vn 0.000000 0.000000 1.000000
vn 0.000000 0.000000 1.000000
vn 0.000000 0.000000 1.000000
vn 0.000000 0.000000 1.000000
vn 0.000000 0.000000 1.000000
vn 0.000000 0.000000 1.000000
vn 0.000000 0.000000 1.000000
vn 0.000000 0.000000 1.000000
vn 0.000000 0.000000 1.000000
vn 0.000000 0.000000 1.000000
vn 0.000000 0.000000 1.000000
vn 0.000000 0.000000 1.000000
vn 0.000000 0.000000 1.000000
vn 0.000000 0.000000 1.000000
vn 0.000000 0.000000 1.000000
vn 0.000000 0.000000 1.000000
vn 0.000000 0.000000 1.000000
vn 0.000000 0.000000 1.000000
vn 0.000000 0.000000 1.000000
vn 0.000000 0.000000 1.000000
vn 0.000000 0.000000 1.000000
vn 0.000000 0.000000 1.000000
vn 0.000000 0.000000 1.000000
vn 0.000000 0.000000 1.000000
vn 0.000000 0.000000 1.000000
vn 0.000000 0.000000 1.000000
vn 0.000000 0.000000 1.000000
vn 0.000000 0.000000 1.000000
vn 0.000000 0.000000 1.000000
vn 0.000000 0.000000 1.000000
vn 0.000000 0.000000 1.000000
vn 0.000000 0.000000 1.000000
vn 0.000000 0.000000 1.000000
vn 0.000000 0.000000 1.000000
vn 0.000000 0.000000 1.000000
vn 0.000000 0.000000 1.000000
vn 0.000000 0.000000 1.000000
vn 0.000000 0.000000 1.000000
vn 0.000000 0.000000 1.000000
vn 0.000000 -0.000000 -1.000000
vn 0.000000 -0.000000 -1.000000
vn 0.000000 0.000000 -1.000000
vn 0.000000 0.000000 -1.000000
vn 0.000000 0.000000 -1.000000
vn 0.000000 -0.000000 -1.000000
vn 0.000000 -0.000000 -1.000000
vn 0.000000 0.000000 -1.000000
vn 0.000000 0.000000 -1.000000
vn 0.000000 -0.000000 -1.000000
vn 0.000000 0.000000 -1.000000
vn 0.000000 0.000000 -1.000000
vn 0.000000 0.000000 -1.000000
vn -0.000000 -0.000000 -1.000000
vn -0.000000 -0.000000 -1.000000
vn 0.000000 -0.000000 -1.000000
vn 0.000000 0.000000 -1.000000
vn 0.000000 0.000000 -1.000000
vn -0.000000 -0.000000 -1.000000
vn -0.000000 -0.000000 -1.000000
vn 0.000000 0.000000 -1.000000
vn -0.000000 -0.000000 -1.000000
vn 0.000000 -0.000000 -1.000000
vn 0.000000 -0.000000 -1.000000
vn 0.000000 0.000000 -1.000000
vn 0.000000 0.000000 -1.000000
vn 0.000000 0.000000 -1.000000
vn 0.000000 0.000000 -1.000000
vn 0.000000 0.000000 -1.000000
vn 0.000000 0.000000 -1.000000
vn 0.000000 0.000000 -1.000000
vn 0.000000 0.000000 -1.000000
vn 0.000000 0.000000 -1.000000
vn 0.000000 0.000000 -1.000000
vn 0.000000 0.000000 -1.000000
vn 0.000000 0.000000 -1.000000
vn 0.000000 0.000000 -1.000000
vn 0.000000 0.000000 -1.000000
vn 0.000000 -0.000000 -1.000000
vn 0.000000 -0.000000 -1.000000
vn -1.000000 0.000000 0.000000
vn -1.000000 0.000000 0.000000
vn 1.000000 0.000000 0.000000
vn 1.000000 -0.000000 0.000000
vn 0.000000 -1.000000 0.000000
vn 0.000000 -1.000000 0.000000
vn 0.000000 1.000000 0.000000
vn 0.000000 1.000000 0.000000
vn 0.000000 0.000000 -1.000000
vn 0.000000 0.000000 -1.000000
vn 0.000000 0.000000 1.000000
vn 0.000000 0.000000 1.000000
vn 0.997204 0.074732 0.000000
vn 0.997204 0.074732 0.000000
vn 0.974928 0.222521 0.000000
vn 0.974928 0.222521 0.000000
vn 0.930874 0.365339 0.000000
vn 0.930874 0.365339 0.000000
vn 0.866026 0.499999 0.000000
vn 0.866026 0.499999 0.000000
vn 0.781831 0.623490 0.000000
vn 0.781831 0.623490 0.000000
vn 0.680173 0.733052 0.000000
vn 0.680173 0.733052 0.000000
vn 0.563320 0.826239 0.000000
vn 0.563320 0.826239 0.000000
vn 0.433884 0.900969 0.000000
vn 0.433884 0.900969 0.000000
vn 0.294755 0.955573 0.000000
vn 0.294755 0.955573 0.000000
vn 0.149042 0.988831 0.000000
vn 0.149042 0.988831 0.000000
vn -0.000000 1.000000 0.000000
vn 0.000000 1.000000 0.000000
vn -0.149042 0.988831 0.000000
vn -0.149042 0.988831 0.000000
vn -0.294755 0.955573 0.000000
vn -0.294755 0.955573 0.000000
vn -0.433884 0.900969 0.000000
vn -0.433884 0.900969 0.000000
vn -0.563320 0.826239 0.000000
vn -0.563320 0.826239 0.000000
vn -0.680173 0.733052 0.000000
vn -0.680173 0.733052 0.000000
vn -0.781831 0.623490 0.000000
vn -0.781831 0.623490 0.000000
vn -0.866026 0.499999 0.000000
vn -0.866026 0.499999 0.000000
vn -0.930874 0.365339 0.000000
vn -0.930874 0.365339 0.000000
vn -0.974928 0.222521 0.000000
vn -0.974928 0.222521 0.000000
vn -0.997204 0.074732 0.000000
vn -0.997204 0.074732 0.000000
vn -0.997204 -0.074732 -0.000000
vn -0.974928 -0.222521 -0.000000
vn -0.997204 -0.074732 0.000000
vn -0.930874 -0.365339 -0.000000
vn -0.974928 -0.222521 -0.000000
vn -0.866026 -0.499999 -0.000000
vn -0.930874 -0.365339 -0.000000
vn -0.866026 -0.499999 -0.000000
vn -0.781831 -0.623490 -0.000000
vn -0.680173 -0.733052 -0.000000
vn -0.781831 -0.623490 0.000000
vn -0.680173 -0.733052 -0.000000
vn -0.563320 -0.826239 -0.000000
vn -0.433884 -0.900969 -0.000000
vn -0.563320 -0.826239 0.000000
vn -0.433884 -0.900969 -0.000000
vn -0.294755 -0.955573 0.000000
vn -0.294755 -0.955573 -0.000000
vn -0.149042 -0.988831 -0.000000
vn -0.149042 -0.988831 -0.000000
vn 0.000000 -1.000000 0.000000
vn -0.000000 -1.000000 -0.000000
vn 0.149042 -0.988831 0.000000
vn 0.149042 -0.988831 0.000000
vn 0.294755 -0.955573 0.000000
vn 0.294755 -0.955573 0.000000
vn 0.433884 -0.900969 0.000000
vn 0.433884 -0.900969 0.000000
vn 0.563320 -0.826239 0.000000
vn 0.563320 -0.826239 0.000000
vn 0.680173 -0.733052 0.000000
vn 0.680173 -0.733052 0.000000
vn 0.781831 -0.623490 0.000000
vn 0.781831 -0.623490 0.000000
vn 0.866026 -0.499999 0.000000
vn 0.866026 -0.499999 0.000000
vn 0.930874 -0.365339 0.000000
vn 0.930874 -0.365339 0.000000
vn 0.974928 -0.222521 0.000000
vn 0.974928 -0.222521 0.000000
vn 0.997204 -0.074732 0.000000
vn 0.997204 -0.074732 0.000000
vn 0.000000 0.000000 1.000000
vn 0.000000 0.000000 1.000000
vn 0.000000 0.000000 1.000000
vn 0.000000 0.000000 1.000000
vn 0.000000 0.000000 1.000000
vn 0.000000 0.000000 1.000000
vn 0.000000 0.000000 1.000000
vn 0.000000 0.000000 1.000000
vn 0.000000 0.000000 1.000000
vn 0.000000 0.000000 1.000000
vn 0.000000 0.000000 1.000000
vn 0.000000 0.000000 1.000000
vn 0.000000 0.000000 1.000000
vn 0.000000 0.000000 1.000000
vn 0.000000 0.000000 1.000000
vn 0.000000 0.000000 1.000000
vn 0.000000 0.000000 1.000000
vn 0.000000 0.000000 1.000000
vn 0.000000 0.000000 1.000000
vn 0.000000 0.000000 1.000000
vn 0.000000 0.000000 1.000000
vn 0.000000 0.000000 1.000000
vn 0.000000 0.000000 1.000000
vn 0.000000 0.000000 1.000000
vn 0.000000 0.000000 1.000000
vn 0.000000 0.000000 1.000000
vn 0.000000 0.000000 1.000000
vn 0.000000 0.000000 1.000000
vn 0.000000 0.000000 1.000000
vn 0.000000 0.000000 1.000000
vn 0.000000 0.000000 1.000000
vn 0.000000 0.000000 1.000000
vn 0.000000 0.000000 1.000000
vn 0.000000 0.000000 1.000000
vn 0.000000 0.000000 1.000000
vn 0.000000 0.000000 1.000000
vn 0.000000 0.000000 1.000000
vn 0.000000 0.000000 1.000000
vn 0.000000 0.000000 1.000000
vn 0.000000 0.000000 1.000000
vn 0.000000 0.000000 -1.000000
vn 0.000000 0.000000 -1.000000
vn 0.000000 0.000000 -1.000000
vn 0.000000 0.000000 -1.000000
vn 0.000000 -0.000000 -1.000000
vn 0.000000 0.000000 -1.000000
vn 0.000000 0.000000 -1.000000
vn 0.000000 0.000000 -1.000000
vn 0.000000 0.000000 -1.000000
vn 0.000000 0.000000 -1.000000
vn 0.000000 0.000000 -1.000000
vn 0.000000 -0.000000 -1.000000
vn 0.000000 0.000000 -1.000000
vn 0.000000 0.000000 -1.000000
vn 0.000000 0.000000 -1.000000
vn 0.000000 0.000000 -1.000000
vn 0.000000 -0.000000 -1.000000
vn 0.000000 0.000000 -1.000000
vn 0.000000 0.000000 -1.000000
vn 0.000000 -0.000000 -1.000000
vn 0.000000 -0.000000 -1.000000
vn 0.000000 -0.000000 -1.000000
vn 0.000000 0.000000 -1.000000
vn 0.000000 0.000000 -1.000000
vn 0.000000 0.000000 -1.000000
vn 0.000000 -0.000000 -1.000000
vn -0.000000 -0.000000 -1.000000
vn 0.000000 -0.000000 -1.000000
vn 0.000000 0.000000 -1.000000
vn -0.000000 -0.000000 -1.000000
vn 0.000000 0.000000 -1.000000
vn -0.000000 -0.000000 -1.000000
vn 0.000000 -0.000000 -1.000000
vn -0.000000 -0.000000 -1.000000
vn 0.000000 0.000000 -1.000000
vn 0.000000 0.000000 -1.000000
vn 0.000000 0.000000 -1.000000
vn 0.000000 0.000000 -1.000000
vn 0.000000 0.000000 -1.000000
vn 0.000000 0.000000 -1.000000
vn 0.997204 0.074730 0.000000
vn 0.997204 0.074730 0.000000
vn 0.974928 0.222521 0.000000
vn 0.974928 0.222521 0.000000
vn 0.930874 0.365341 0.000000
vn 0.930874 0.365341 0.000000
vn 0.866026 0.500000 0.000000
vn 0.866026 0.500000 0.000000
vn 0.781831 0.623490 0.000000
vn 0.781831 0.623490 0.000000
vn 0.680172 0.733052 0.000000
vn 0.680172 0.733052 0.000000
vn 0.563321 0.826238 0.000000
vn 0.563321 0.826238 0.000000
vn 0.433884 0.900969 0.000000
vn 0.433884 0.900969 0.000000
vn 0.294755 0.955573 0.000000
vn 0.294755 0.955573 0.000000
vn 0.149042 0.988831 0.000000
vn 0.149042 0.988831 0.000000
vn -0.000000 1.000000 0.000000
vn 0.000000 1.000000 0.000000
vn -0.149042 0.988831 0.000000
vn -0.149042 0.988831 0.000000
vn -0.294755 0.955573 0.000000
vn -0.294755 0.955573 0.000000
vn -0.433884 0.900969 0.000000
vn -0.433884 0.900969 0.000000
vn -0.563321 0.826238 0.000000
vn -0.563321 0.826238 0.000000
vn -0.680172 0.733052 0.000000
vn -0.680172 0.733052 0.000000
vn -0.781832 0.623490 0.000000
vn -0.781832 0.623490 0.000000
vn -0.866025 0.500001 0.000000
vn -0.866025 0.500001 0.000000
vn -0.930874 0.365341 0.000000
vn -0.930874 0.365341 0.000000
vn -0.974928 0.222521 0.000000
vn -0.974928 0.222521 0.000000
vn -0.997204 0.074729 0.000000
vn -0.997204 0.074729 0.000000
vn -0.997204 -0.074729 -0.000000
vn -0.974928 -0.222521 -0.000000
vn -0.997204 -0.074729 0.000000
vn -0.930874 -0.365341 -0.000000
vn -0.974928 -0.222521 -0.000000
vn -0.866025 -0.500001 -0.000000
vn -0.930874 -0.365341 -0.000000
vn -0.866025 -0.500001 -0.000000
vn -0.781832 -0.623490 -0.000000
vn -0.680172 -0.733052 -0.000000
vn -0.781832 -0.623490 0.000000
vn -0.680172 -0.733052 -0.000000
vn -0.563321 -0.826238 -0.000000
vn -0.433884 -0.900969 -0.000000
vn -0.563321 -0.826238 0.000000
vn -0.433884 -0.900969 -0.000000
vn -0.294755 -0.955573 0.000000
vn -0.294755 -0.955573 -0.000000
vn -0.149042 -0.988831 -0.000000
vn -0.149042 -0.988831 -0.000000
vn 0.000000 -1.000000 0.000000
vn -0.000000 -1.000000 -0.000000
vn 0.149042 -0.988831 0.000000
vn 0.149042 -0.988831 0.000000
vn 0.294755 -0.955573 0.000000
vn 0.294755 -0.955573 0.000000
vn 0.433884 -0.900969 0.000000
vn 0.433884 -0.900969 0.000000
vn 0.563321 -0.826238 0.000000
vn 0.563321 -0.826238 0.000000
vn 0.680172 -0.733052 0.000000
vn 0.680172 -0.733052 0.000000
vn 0.781831 -0.623490 0.000000
vn 0.781831 -0.623490 0.000000
vn 0.866026 -0.500000 0.000000
vn 0.866026 -0.500000 0.000000
vn 0.930874 -0.365341 0.000000
vn 0.930874 -0.365341 0.000000
vn 0.974928 -0.222521 0.000000
vn 0.974928 -0.222521 0.000000
vn 0.997204 -0.074730 0.000000
vn 0.997204 -0.074730 0.000000
vn 0.000000 0.000000 1.000000
vn 0.000000 0.000000 1.000000
vn 0.000000 0.000000 1.000000
vn 0.000000 0.000000 1.000000
vn 0.000000 0.000000 1.000000
vn 0.000000 0.000000 1.000000
vn 0.000000 0.000000 1.000000
vn 0.000000 0.000000 1.000000
vn 0.000000 0.000000 1.000000
vn 0.000000 0.000000 1.000000
vn 0.000000 0.000000 1.000000
vn 0.000000 0.000000 1.000000
vn 0.000000 0.000000 1.000000
vn 0.000000 0.000000 1.000000
vn 0.000000 0.000000 1.000000
vn 0.000000 0.000000 1.000000
vn 0.000000 0.000000 1.000000
vn 0.000000 0.000000 1.000000
vn 0.000000 0.000000 1.000000
vn 0.000000 0.000000 1.000000
vn 0.000000 0.000000 1.000000
vn 0.000000 0.000000 1.000000
vn 0.000000 0.000000 1.000000
vn 0.000000 0.000000 1.000000
vn 0.000000 0.000000 1.000000
vn 0.000000 0.000000 1.000000
vn 0.000000 0.000000 1.000000
vn 0.000000 0.000000 1.000000
vn 0.000000 0.000000 1.000000
vn 0.000000 0.000000 1.000000
vn 0.000000 0.000000 1.000000
vn 0.000000 0.000000 1.000000
vn 0.000000 0.000000 1.000000
vn 0.000000 0.000000 1.000000
vn 0.000000 0.000000 1.000000
vn 0.000000 0.000000 1.000000
vn 0.000000 0.000000 1.000000
vn 0.000000 0.000000 1.000000
vn 0.000000 0.000000 1.000000
vn 0.000000 0.000000 1.000000
vn 0.000000 0.000000 -1.000000
vn 0.000000 0.000000 -1.000000
vn 0.000000 0.000000 -1.000000
vn 0.000000 0.000000 -1.000000
vn 0.000000 -0.000000 -1.000000
vn 0.000000 0.000000 -1.000000
vn 0.000000 0.000000 -1.000000
vn 0.000000 0.000000 -1.000000
vn 0.000000 0.000000 -1.000000
vn 0.000000 0.000000 -1.000000
vn 0.000000 0.000000 -1.000000
vn 0.000000 -0.000000 -1.000000
vn 0.000000 0.000000 -1.000000
vn 0.000000 0.000000 -1.000000
vn 0.000000 0.000000 -1.000000
vn 0.000000 0.000000 -1.000000
vn 0.000000 -0.000000 -1.000000
vn 0.000000 0.000000 -1.000000
vn 0.000000 0.000000 -1.000000
vn 0.000000 -0.000000 -1.000000
vn 0.000000 -0.000000 -1.000000
vn 0.000000 -0.000000 -1.000000
vn 0.000000 0.000000 -1.000000
vn 0.000000 0.000000 -1.000000
vn 0.000000 0.000000 -1.000000
vn 0.000000 -0.000000 -1.000000
vn -0.000000 -0.000000 -1.000000
vn 0.000000 -0.000000 -1.000000
vn 0.000000 0.000000 -1.000000
vn -0.000000 -0.000000 -1.000000
vn 0.000000 0.000000 -1.000000
vn -0.000000 -0.000000 -1.000000
vn 0.000000 -0.000000 -1.000000
vn -0.000000 -0.000000 -1.000000
vn 0.000000 0.000000 -1.000000
vn 0.000000 0.000000 -1.000000
vn 0.000000 0.000000 -1.000000
vn 0.000000 0.000000 -1.000000
vn 0.000000 0.000000 -1.000000
vn 0.000000 0.000000 -1.000000
vn 0.997204 0.074729 0.000000
vn 0.997204 0.074729 0.000000
vn 0.974928 0.222521 0.000000
vn 0.974928 0.222521 0.000000
vn 0.930874 0.365341 0.000000
vn 0.930874 0.365341 0.000000
vn 0.866025 0.500001 0.000000
vn 0.866025 0.500001 0.000000
vn 0.781831 0.623490 0.000000
vn 0.781831 0.623490 0.000000
vn 0.680173 0.733052 0.000000
vn 0.680173 0.733052 0.000000
vn 0.563321 0.826238 0.000000
vn 0.563321 0.826238 0.000000
vn 0.433884 0.900969 0.000000
vn 0.433884 0.900969 0.000000
vn 0.294754 0.955573 0.000000
vn 0.294754 0.955573 0.000000
vn 0.149042 0.988831 0.000000
vn 0.149042 0.988831 0.000000
vn -0.000000 1.000000 0.000000
vn 0.000000 1.000000 0.000000
vn -0.149042 0.988831 0.000000
vn -0.149042 0.988831 0.000000
vn -0.294754 0.955573 0.000000
vn -0.294754 0.955573 0.000000
vn -0.433884 0.900969 0.000000
vn -0.433884 0.900969 0.000000
vn -0.563321 0.826238 0.000000
vn -0.563321 0.826238 0.000000
vn -0.680173 0.733052 0.000000
vn -0.680173 0.733052 0.000000
vn -0.781830 0.623491 0.000000
vn -0.781830 0.623491 0.000000
vn -0.866026 0.500000 0.000000
vn -0.866026 0.500000 0.000000
vn -0.930874 0.365341 0.000000
vn -0.930874 0.365341 0.000000
vn -0.974928 0.222520 0.000000
vn -0.974928 0.222520 0.000000
vn -0.997204 0.074731 0.000000
vn -0.997204 0.074731 0.000000
vn -0.997204 -0.074731 -0.000000
vn -0.974928 -0.222520 -0.000000
vn -0.997204 -0.074731 0.000000
vn -0.930874 -0.365341 -0.000000
vn -0.974928 -0.222520 -0.000000
vn -0.866026 -0.500000 -0.000000
vn -0.930874 -0.365341 -0.000000
vn -0.866026 -0.500000 -0.000000
vn -0.781830 -0.623491 -0.000000
vn -0.680173 -0.733052 -0.000000
vn -0.781830 -0.623491 0.000000
vn -0.680173 -0.733052 -0.000000
vn -0.563321 -0.826238 -0.000000
vn -0.433884 -0.900969 -0.000000
vn -0.563321 -0.826238 0.000000
vn -0.433884 -0.900969 -0.000000
vn -0.294754 -0.955573 0.000000
vn -0.294754 -0.955573 -0.000000
vn -0.149042 -0.988831 -0.000000
vn -0.149042 -0.988831 -0.000000
vn 0.000000 -1.000000 0.000000
vn -0.000000 -1.000000 -0.000000
vn 0.149042 -0.988831 0.000000
vn 0.149042 -0.988831 0.000000
vn 0.294754 -0.955573 0.000000
vn 0.294754 -0.955573 0.000000
vn 0.433884 -0.900969 0.000000
vn 0.433884 -0.900969 0.000000
vn 0.563321 -0.826238 0.000000
vn 0.563321 -0.826238 0.000000
vn 0.680173 -0.733052 0.000000
vn 0.680173 -0.733052 0.000000
vn 0.781831 -0.623490 0.000000
vn 0.781831 -0.623490 0.000000
vn 0.866025 -0.500001 0.000000
vn 0.866025 -0.500001 0.000000
vn 0.930874 -0.365341 0.000000
vn 0.930874 -0.365341 0.000000
vn 0.974928 -0.222521 0.000000
vn 0.974928 -0.222521 0.000000
vn 0.997204 -0.074729 0.000000
vn 0.997204 -0.074729 0.000000
vn 0.000000 0.000000 1.000000
vn 0.000000 0.000000 1.000000
vn 0.000000 0.000000 1.000000
vn 0.000000 0.000000 1.000000
vn 0.000000 0.000000 1.000000
vn 0.000000 0.000000 1.000000
vn 0.000000 0.000000 1.000000
vn 0.000000 0.000000 1.000000
vn 0.000000 0.000000 1.000000
vn 0.000000 0.000000 1.000000
vn 0.000000 0.000000 1.000000
vn 0.000000 0.000000 1.000000
vn 0.000000 0.000000 1.000000
vn 0.000000 0.000000 1.000000
vn 0.000000 0.000000 1.000000
vn 0.000000 0.000000 1.000000
vn 0.000000 0.000000 1.000000
vn 0.000000 0.000000 1.000000
vn 0.000000 0.000000 1.000000
vn 0.000000 0.000000 1.000000
vn 0.000000 0.000000 1.000000
vn 0.000000 0.000000 1.000000
vn 0.000000 0.000000 1.000000
vn 0.000000 0.000000 1.000000
vn 0.000000 0.000000 1.000000
vn 0.000000 0.000000 1.000000
vn 0.000000 0.000000 1.000000
vn 0.000000 0.000000 1.000000
vn 0.000000 0.000000 1.000000
vn 0.000000 0.000000 1.000000
vn 0.000000 0.000000 1.000000
vn 0.000000 0.000000 1.000000
vn 0.000000 0.000000 1.000000
vn 0.000000 0.000000 1.000000
vn 0.000000 0.000000 1.000000
vn 0.000000 0.000000 1.000000
vn 0.000000 0.000000 1.000000
vn 0.000000 0.000000 1.000000
vn 0.000000 0.000000 1.000000
vn 0.000000 0.000000 1.000000
vn 0.000000 0.000000 -1.000000
vn 0.000000 0.000000 -1.000000
vn 0.000000 0.000000 -1.000000
vn 0.000000 0.000000 -1.000000
vn 0.000000 -0.000000 -1.000000
vn 0.000000 0.000000 -1.000000
vn 0.000000 0.000000 -1.000000
vn 0.000000 0.000000 -1.000000
vn 0.000000 0.000000 -1.000000
vn 0.000000 0.000000 -1.000000
vn 0.000000 0.000000 -1.000000
vn 0.000000 -0.000000 -1.000000
vn 0.000000 0.000000 -1.000000
vn 0.000000 0.000000 -1.000000
vn 0.000000 0.000000 -1.000000
vn 0.000000 0.000000 -1.000000
vn 0.000000 -0.000000 -1.000000
vn 0.000000 0.000000 -1.000000
vn 0.000000 0.000000 -1.000000
vn 0.000000 -0.000000 -1.000000
vn 0.000000 -0.000000 -1.000000
vn 0.000000 -0.000000 -1.000000
vn 0.000000 0.000000 -1.000000
vn 0.000000 0.000000 -1.000000
vn 0.000000 0.000000 -1.000000
vn 0.000000 -0.000000 -1.000000
vn -0.000000 -0.000000 -1.000000
vn 0.000000 -0.000000 -1.000000
vn 0.000000 0.000000 -1.000000
vn -0.000000 -0.000000 -1.000000
vn 0.000000 0.000000 -1.000000
vn -0.000000 -0.000000 -1.000000
vn 0.000000 -0.000000 -1.000000
vn -0.000000 -0.000000 -1.000000
vn 0.000000 0.000000 -1.000000
vn 0.000000 0.000000 -1.000000
vn 0.000000 0.000000 -1.000000
vn 0.000000 0.000000 -1.000000
vn 0.000000 0.000000 -1.000000
vn 0.000000 0.000000 -1.000000
vn 0.997204 0.074732 0.000000
vn 0.997204 0.074732 0.000000
vn 0.974928 0.222521 0.000000
vn 0.974928 0.222521 0.000000
vn 0.930874 0.365339 0.000000
vn 0.930874 0.365339 0.000000
vn 0.866026 0.499999 0.000000
vn 0.866026 0.499999 0.000000
vn 0.781831 0.623490 0.000000
vn 0.781831 0.623490 0.000000
vn 0.680173 0.733052 0.000000
vn 0.680173 0.733052 0.000000
vn 0.563320 0.826239 0.000000
vn 0.563320 0.826239 0.000000
vn 0.433884 0.900969 0.000000
vn 0.433884 0.900969 0.000000
vn 0.294755 0.955573 0.000000
vn 0.294755 0.955573 0.000000
vn 0.149042 0.988831 0.000000
vn 0.149042 0.988831 0.000000
vn -0.000000 1.000000 0.000000
vn 0.000000 1.000000 0.000000
vn -0.149042 0.988831 0.000000
vn -0.149042 0.988831 0.000000
vn -0.294755 0.955573 0.000000
vn -0.294755 0.955573 0.000000
vn -0.433884 0.900969 0.000000
vn -0.433884 0.900969 0.000000
vn -0.563320 0.826239 0.000000
vn -0.563320 0.826239 0.000000
vn -0.680173 0.733052 0.000000
vn -0.680173 0.733052 0.000000
vn -0.781831 0.623490 0.000000
vn -0.781831 0.623490 0.000000
vn -0.866026 0.499999 0.000000
vn -0.866026 0.499999 0.000000
vn -0.930874 0.365339 0.000000
vn -0.930874 0.365339 0.000000
vn -0.974928 0.222521 0.000000
vn -0.974928 0.222521 0.000000
vn -0.997204 0.074732 0.000000
vn -0.997204 0.074732 0.000000
vn -0.997204 -0.074732 -0.000000
vn -0.974928 -0.222521 -0.000000
vn -0.997204 -0.074732 0.000000
vn -0.930874 -0.365339 -0.000000
vn -0.974928 -0.222521 -0.000000
vn -0.866026 -0.499999 -0.000000
vn -0.930874 -0.365339 -0.000000
vn -0.866026 -0.499999 -0.000000
vn -0.781831 -0.623490 -0.000000
vn -0.680173 -0.733052 -0.000000
vn -0.781831 -0.623490 0.000000
vn -0.680173 -0.733052 -0.000000
vn -0.563320 -0.826239 -0.000000
vn -0.433884 -0.900969 -0.000000
vn -0.563320 -0.826239 0.000000
vn -0.433884 -0.900969 -0.000000
vn -0.294755 -0.955573 0.000000
vn -0.294755 -0.955573 -0.000000
vn -0.149042 -0.988831 -0.000000
vn -0.149042 -0.988831 -0.000000
vn 0.000000 -1.000000 0.000000
vn -0.000000 -1.000000 -0.000000
vn 0.149042 -0.988831 0.000000
vn 0.149042 -0.988831 0.000000
vn 0.294755 -0.955573 0.000000
vn 0.294755 -0.955573 0.000000
vn 0.433884 -0.900969 0.000000
vn 0.433884 -0.900969 0.000000
vn 0.563320 -0.826239 0.000000
vn 0.563320 -0.826239 0.000000
vn 0.680173 -0.733052 0.000000
vn 0.680173 -0.733052 0.000000
vn 0.781831 -0.623490 0.000000
vn 0.781831 -0.623490 0.000000
vn 0.866026 -0.499999 0.000000
vn 0.866026 -0.499999 0.000000
vn 0.930874 -0.365339 0.000000
vn 0.930874 -0.365339 0.000000
vn 0.974928 -0.222521 0.000000
vn 0.974928 -0.222521 0.000000
vn 0.997204 -0.074732 0.000000
vn 0.997204 -0.074732 0.000000
vn 0.000000 0.000000 1.000000
vn 0.000000 0.000000 1.000000
vn 0.000000 0.000000 1.000000
vn 0.000000 0.000000 1.000000
vn 0.000000 0.000000 1.000000
vn 0.000000 0.000000 1.000000
vn 0.000000 0.000000 1.000000
vn 0.000000 0.000000 1.000000
vn 0.000000 0.000000 1.000000
vn 0.000000 0.000000 1.000000
vn 0.000000 0.000000 1.000000
vn 0.000000 0.000000 1.000000
vn 0.000000 0.000000 1.000000
vn 0.000000 0.000000 1.000000
vn 0.000000 0.000000 1.000000
vn 0.000000 0.000000 1.000000
vn 0.000000 0.000000 1.000000
vn 0.000000 0.000000 1.000000
vn 0.000000 0.000000 1.000000
vn 0.000000 0.000000 1.000000
vn 0.000000 0.000000 1.000000
vn 0.000000 0.000000 1.000000
vn 0.000000 0.000000 1.000000
vn 0.000000 0.000000 1.000000
vn 0.000000 0.000000 1.000000
vn 0.000000 0.000000 1.000000
vn 0.000000 0.000000 1.000000
vn 0.000000 0.000000 1.000000
vn 0.000000 0.000000 1.000000
vn 0.000000 0.000000 1.000000
vn 0.000000 0.000000 1.000000
vn 0.000000 0.000000 1.000000
vn 0.000000 0.000000 1.000000
vn 0.000000 0.000000 1.000000
vn 0.000000 0.000000 1.000000
vn 0.000000 0.000000 1.000000
vn 0.000000 0.000000 1.000000
vn 0.000000 0.000000 1.000000
vn 0.000000 0.000000 1.000000
vn 0.000000 0.000000 1.000000
vn 0.000000 0.000000 -1.000000
vn 0.000000 0.000000 -1.000000
vn 0.000000 0.000000 -1.000000
vn 0.000000 0.000000 -1.000000
vn 0.000000 -0.000000 -1.000000
vn 0.000000 0.000000 -1.000000
vn 0.000000 0.000000 -1.000000
vn 0.000000 0.000000 -1.000000
vn 0.000000 0.000000 -1.000000
vn 0.000000 0.000000 -1.000000
vn 0.000000 0.000000 -1.000000
vn 0.000000 -0.000000 -1.000000
vn 0.000000 0.000000 -1.000000
vn 0.000000 0.000000 -1.000000
vn 0.000000 0.000000 -1.000000
vn 0.000000 0.000000 -1.000000
vn 0.000000 -0.000000 -1.000000
vn 0.000000 0.000000 -1.000000
vn 0.000000 0.000000 -1.000000
vn 0.000000 -0.000000 -1.000000
vn 0.000000 -0.000000 -1.000000
vn 0.000000 -0.000000 -1.000000
vn 0.000000 0.000000 -1.000000
vn 0.000000 0.000000 -1.000000
vn 0.000000 0.000000 -1.000000
vn 0.000000 -0.000000 -1.000000
vn -0.000000 -0.000000 -1.000000
vn 0.000000 -0.000000 -1.000000
vn 0.000000 0.000000 -1.000000
vn -0.000000 -0.000000 -1.000000
vn 0.000000 0.000000 -1.000000
vn -0.000000 -0.000000 -1.000000
vn 0.000000 -0.000000 -1.000000
vn -0.000000 -0.000000 -1.000000
vn 0.000000 0.000000 -1.000000
vn 0.000000 0.000000 -1.000000
vn 0.000000 0.000000 -1.000000
vn 0.000000 0.000000 -1.000000
vn 0.000000 0.000000 -1.000000
vn 0.000000 0.000000 -1.000000
vn -1.000000 0.000000 0.000000
vn -1.000000 0.000000 0.000000
vn 0.000000 0.000000 1.000000
vn 0.000000 0.000000 1.000000
vn 0.000000 1.000000 0.000000
vn 0.000000 1.000000 0.000000
vn 0.000000 0.000000 -1.000000
vn 0.000000 0.000000 -1.000000
vn 0.000000 -1.000000 0.000000
vn 0.000000 -1.000000 0.000000
vn 1.000000 0.000000 0.000000
vn 1.000000 -0.000000 0.000000
g OpenSCAD_Tray_mesh
f 1//1 2//1 3//1
f 4//2 1//2 3//2
f 5//3 6//3 7//3
f 5//4 8//4 6//4
f 8//5 2//5 1//5
f 8//6 1//6 6//6
f 3//7 5//7 7//7
f 3//8 7//8 4//8
f 9//9 3//9 10//9
f 9//10 10//10 11//10
f 12//11 10//11 13//11
f 12//12 11//12 10//12
f 5//13 14//13 12//13
f 5//14 12//14 13//14
f 5//15 3//15 9//15
f 5//16 9//16 14//16
f 15//17 9//17 16//17
f 15//18 17//18 9//18
f 14//19 18//19 19//19
f 20//20 14//20 19//20
f 16//21 20//21 19//21
f 16//22 19//22 15//22
f 14//23 9//23 17//23
f 14//24 17//24 18//24
f 21//25 22//25 23//25
f 24//26 23//26 22//26
f 25//27 24//27 22//27
f 26//28 22//28 21//28
f 27//29 22//29 26//29
f 28//30 25//30 22//30
f 29//31 22//31 27//31
f 30//32 28//32 22//32
f 31//33 30//33 22//33
f 32//34 22//34 29//34
f 33//35 31//35 22//35
f 34//36 22//36 32//36
f 35//37 33//37 22//37
f 36//38 22//38 34//38
f 37//39 22//39 36//39
f 38//40 35//40 22//40
f 39//41 22//41 37//41
f 40//42 38//42 22//42
f 41//43 22//43 39//43
f 42//44 40//44 22//44
f 43//45 42//45 22//45
f 44//46 22//46 41//46
f 45//47 43//47 22//47
f 46//48 22//48 44//48
f 47//49 22//49 46//49
f 48//50 45//50 22//50
f 49//51 22//51 47//51
f 50//52 48//52 22//52
f 51//53 22//53 49//53
f 52//54 50//54 22//54
f 53//55 22//55 51//55
f 54//56 52//56 22//56
f 55//57 22//57 53//57
f 56//58 54//58 22//58
f 57//59 22//59 55//59
f 58//60 56//60 22//60
f 59//61 22//61 57//61
f 60//62 58//62 22//62
f 61//63 62//63 63//63
f 61//64 63//64 64//64
f 65//65 63//65 66//65
f 65//66 64//66 63//66
f 67//67 65//67 66//67
f 67//68 66//68 68//68
f 69//69 70//69 71//69
f 69//70 71//70 62//70
f 69//71 62//71 61//71
f 72//72 70//72 69//72
f 73//73 68//73 74//73
f 73//74 67//74 68//74
f 75//75 76//75 70//75
f 75//76 70//76 72//76
f 77//77 74//77 78//77
f 77//78 78//78 79//78
f 77//79 73//79 74//79
f 80//80 79//80 81//80
f 80//81 77//81 79//81
f 82//82 59//82 76//82
f 82//83 22//83 59//83
f 82//84 76//84 75//84
f 83//85 80//85 81//85
f 84//86 83//86 81//86
f 84//87 81//87 85//87
f 84//88 85//88 86//88
f 87//89 84//89 86//89
f 88//90 87//90 86//90
f 88//91 86//91 89//91
f 90//92 89//92 91//92
f 90//93 88//93 89//93
f 92//94 90//94 91//94
f 92//95 91//95 93//95
f 94//96 93//96 95//96
f 94//97 92//97 93//97
f 96//98 94//98 95//98
f 96//99 95//99 97//99
f 98//100 97//100 99//100
f 98//101 96//101 97//101
f 100//102 98//102 99//102
f 100//103 99//103 101//103
f 102//104 100//104 101//104
f 102//105 101//105 103//105
f 104//106 102//106 103//106
f 104//107 103//107 105//107
f 106//108 104//108 105//108
f 106//109 105//109 107//109
f 108//110 107//110 109//110
f 108//111 109//111 110//111
f 108//112 106//112 107//112
f 111//113 108//113 110//113
f 112//114 111//114 110//114
f 112//115 110//115 113//115
f 114//116 112//116 113//116
f 114//117 113//117 115//117
f 116//118 114//118 115//118
f 116//119 115//119 117//119
f 118//120 116//120 117//120
f 118//121 117//121 119//121
f 16//122 22//122 82//122
f 16//123 82//123 120//123
f 16//124 120//124 121//124
f 16//125 121//125 122//125
f 16//126 122//126 123//126
f 16//127 123//127 124//127
f 16//128 124//128 125//128
f 16//129 125//129 126//129
f 16//130 126//130 127//130
f 16//131 127//131 128//131
f 16//132 128//132 129//132
f 16//133 129//133 130//133
f 16//134 130//134 131//134
f 16//135 131//135 132//135
f 16//136 132//136 133//136
f 16//137 133//137 134//137
f 16//138 134//138 135//138
f 16//139 135//139 136//139
f 16//140 136//140 137//140
f 138//141 16//141 137//141
f 139//142 119//142 140//142
f 139//143 118//143 119//143
f 141//144 16//144 138//144
f 142//145 139//145 140//145
f 142//146 140//146 143//146
f 144//147 16//147 141//147
f 145//148 142//148 143//148
f 145//149 143//149 146//149
f 147//150 16//150 144//150
f 148//151 16//151 147//151
f 149//152 16//152 148//152
f 150//153 16//153 149//153
f 151//154 16//154 150//154
f 152//155 16//155 151//155
f 153//156 16//156 152//156
f 154//157 16//157 153//157
f 155//158 16//158 154//158
f 156//159 16//159 155//159
f 157//160 16//160 156//160
f 158//161 16//161 157//161
f 159//162 16//162 158//162
f 160//163 16//163 159//163
f 161//164 16//164 160//164
f 162//165 16//165 161//165
f 163//166 16//166 162//166
f 164//167 165//167 166//167
f 164//168 166//168 167//168
f 168//169 166//169 165//169
f 168//170 169//170 166//170
f 170//171 164//171 167//171
f 170//172 167//172 171//172
f 172//173 169//173 168//173
f 172//174 173//174 169//174
f 174//175 170//175 171//175
f 174//176 171//176 175//176
f 174//177 175//177 176//177
f 177//178 173//178 172//178
f 177//179 178//179 173//179
f 179//180 178//180 177//180
f 179//181 180//181 178//181
f 181//182 174//182 176//182
f 182//183 181//183 176//183
f 182//184 176//184 60//184
f 183//185 180//185 179//185
f 183//186 184//186 180//186
f 185//187 186//187 187//187
f 185//188 187//188 184//188
f 185//189 184//189 183//189
f 188//190 186//190 185//190
f 188//191 189//191 186//191
f 190//192 189//192 188//192
f 191//193 189//193 190//193
f 191//194 192//194 189//194
f 193//195 194//195 192//195
f 193//196 192//196 191//196
f 195//197 194//197 193//197
f 195//198 196//198 194//198
f 197//199 196//199 195//199
f 197//200 198//200 196//200
f 199//201 198//201 197//201
f 199//202 200//202 201//202
f 199//203 201//203 198//203
f 202//204 200//204 199//204
f 203//205 200//205 202//205
f 203//206 204//206 200//206
f 205//207 206//207 207//207
f 205//208 207//208 204//208
f 205//209 204//209 203//209
f 208//210 206//210 205//210
f 209//211 206//211 208//211
f 209//212 210//212 211//212
f 209//213 211//213 206//213
f 212//214 210//214 209//214
f 213//215 210//215 212//215
f 213//216 214//216 210//216
f 215//217 214//217 213//217
f 215//218 146//218 214//218
f 216//219 60//219 22//219
f 216//220 217//220 218//220
f 216//221 218//221 219//221
f 216//222 219//222 220//222
f 216//223 220//223 221//223
f 216//224 221//224 222//224
f 216//225 222//225 223//225
f 216//226 223//226 224//226
f 216//227 224//227 225//227
f 216//228 225//228 226//228
f 216//229 226//229 227//229
f 216//230 227//230 228//230
f 216//231 228//231 229//231
f 216//232 229//232 230//232
f 216//233 230//233 231//233
f 216//234 231//234 232//234
f 216//235 182//235 60//235
f 216//236 232//236 233//236
f 216//237 233//237 234//237
f 216//238 234//238 235//238
f 216//239 235//239 182//239
f 236//240 217//240 216//240
f 237//241 236//241 216//241
f 238//242 237//242 216//242
f 239//243 238//243 216//243
f 240//244 239//244 216//244
f 241//245 240//245 216//245
f 242//246 241//246 216//246
f 243//247 242//247 216//247
f 244//248 243//248 216//248
f 245//249 244//249 216//249
f 246//250 245//250 216//250
f 247//251 246//251 216//251
f 248//252 247//252 216//252
f 249//253 248//253 216//253
f 250//254 249//254 216//254
f 251//255 250//255 216//255
f 252//256 251//256 216//256
f 253//257 252//257 216//257
f 254//258 253//258 216//258
f 255//259 256//259 257//259
f 255//260 257//260 258//260
f 259//261 258//261 260//261
f 259//262 255//262 258//262
f 261//263 262//263 256//263
f 261//264 256//264 255//264
f 263//265 260//265 264//265
f 263//266 259//266 260//266
f 265//267 262//267 261//267
f 266//268 215//268 262//268
f 266//269 145//269 146//269
f 266//270 146//270 215//270
f 266//271 262//271 265//271
f 267//272 263//272 264//272
f 268//273 145//273 266//273
f 268//274 269//274 145//274
f 270//275 267//275 264//275
f 270//276 264//276 271//276
f 272//277 271//277 273//277
f 272//278 270//278 271//278
f 274//279 269//279 268//279
f 274//280 275//280 269//280
f 276//281 272//281 273//281
f 276//282 273//282 277//282
f 278//283 275//283 274//283
f 278//284 279//284 275//284
f 280//285 276//285 277//285
f 280//286 277//286 281//286
f 282//287 283//287 279//287
f 282//288 279//288 278//288
f 284//289 285//289 286//289
f 284//290 286//290 283//290
f 284//291 283//291 282//291
f 287//292 281//292 288//292
f 287//293 280//293 281//293
f 289//294 285//294 284//294
f 289//295 290//295 285//295
f 291//296 288//296 292//296
f 291//297 287//297 288//297
f 293//298 290//298 289//298
f 294//299 292//299 295//299
f 294//300 295//300 296//300
f 294//301 291//301 292//301
f 297//302 294//302 296//302
f 297//303 296//303 298//303
f 299//304 300//304 290//304
f 299//305 290//305 293//305
f 301//306 300//306 299//306
f 301//307 302//307 300//307
f 303//308 297//308 298//308
f 304//309 302//309 301//309
f 304//310 305//310 302//310
f 306//311 298//311 307//311
f 306//312 307//312 308//312
f 306//313 303//313 298//313
f 309//314 305//314 304//314
f 309//315 310//315 305//315
f 311//316 306//316 308//316
f 312//317 310//317 309//317
f 312//318 313//318 310//318
f 314//319 311//319 308//319
f 314//320 308//320 315//320
f 316//321 313//321 312//321
f 316//322 317//322 318//322
f 316//323 318//323 313//323
f 319//324 315//324 320//324
f 319//325 314//325 315//325
f 321//326 317//326 316//326
f 322//327 320//327 323//327
f 322//328 319//328 320//328
f 324//329 317//329 321//329
f 324//330 325//330 326//330
f 324//331 326//331 317//331
f 327//332 322//332 323//332
f 327//333 323//333 328//333
f 327//334 328//334 329//334
f 330//335 325//335 324//335
f 331//336 327//336 329//336
f 331//337 329//337 332//337
f 333//338 331//338 332//338
f 333//339 332//339 334//339
f 335//340 325//340 330//340
f 335//341 336//341 325//341
f 337//342 334//342 338//342
f 337//343 333//343 334//343
f 339//344 336//344 335//344
f 339//345 340//345 336//345
f 341//346 337//346 338//346
f 341//347 338//347 342//347
f 343//348 340//348 339//348
f 343//349 344//349 340//349
f 345//350 344//350 343//350
f 345//351 346//351 344//351
f 347//352 341//352 342//352
f 348//353 347//353 342//353
f 348//354 342//354 349//354
f 348//355 349//355 350//355
f 351//356 346//356 345//356
f 351//357 352//357 346//357
f 353//358 352//358 351//358
f 353//359 354//359 352//359
f 355//360 348//360 350//360
f 355//361 350//361 356//361
f 357//362 355//362 356//362
f 358//363 354//363 353//363
f 358//364 359//364 354//364
f 360//365 356//365 361//365
f 360//366 357//366 356//366
f 362//367 361//367 363//367
f 362//368 360//368 361//368
f 364//369 254//369 216//369
f 364//370 363//370 254//370
f 364//371 362//371 363//371
f 20//372 365//372 366//372
f 20//373 366//373 367//373
f 20//374 367//374 368//374
f 20//375 368//375 369//375
f 20//376 369//376 370//376
f 20//377 370//377 371//377
f 20//378 371//378 372//378
f 20//379 372//379 373//379
f 20//380 373//380 374//380
f 20//381 374//381 375//381
f 20//382 375//382 376//382
f 20//383 376//383 377//383
f 20//384 377//384 378//384
f 20//385 378//385 379//385
f 20//386 379//386 380//386
f 20//387 380//387 381//387
f 20//388 381//388 382//388
f 20//389 382//389 383//389
f 20//390 383//390 384//390
f 20//391 384//391 385//391
f 20//392 385//392 386//392
f 20//393 386//393 387//393
f 20//394 387//394 388//394
f 20//395 388//395 389//395
f 20//396 389//396 390//396
f 20//397 390//397 391//397
f 20//398 391//398 392//398
f 20//399 392//399 393//399
f 20//400 393//400 394//400
f 20//401 394//401 395//401
f 20//402 395//402 396//402
f 20//403 396//403 397//403
f 20//404 397//404 398//404
f 20//405 398//405 399//405
f 20//406 399//406 400//406
f 20//407 400//407 401//407
f 20//408 401//408 402//408
f 20//409 402//409 364//409
f 20//410 364//410 216//410
f 20//411 16//411 163//411
f 20//412 163//412 403//412
f 20//413 403//413 404//413
f 20//414 404//414 359//414
f 20//415 359//415 365//415
f 365//416 359//416 405//416
f 405//417 359//417 406//417
f 406//418 359//418 358//418
f 407//419 408//419 409//419
f 407//420 409//420 410//420
f 411//421 407//421 410//421
f 411//422 410//422 412//422
f 413//423 414//423 415//423
f 413//424 415//424 416//424
f 417//425 414//425 413//425
f 418//426 413//426 416//426
f 419//427 420//427 414//427
f 419//428 414//428 417//428
f 421//429 418//429 416//429
f 421//430 416//430 422//430
f 423//431 421//431 422//431
f 423//432 422//432 424//432
f 423//433 424//433 425//433
f 426//434 427//434 428//434
f 426//435 428//435 420//435
f 426//436 420//436 419//436
f 429//437 427//437 426//437
f 430//438 423//438 425//438
f 431//439 427//439 429//439
f 431//440 432//440 433//440
f 431//441 433//441 427//441
f 434//442 425//442 435//442
f 434//443 435//443 436//443
f 434//444 430//444 425//444
f 437//445 434//445 436//445
f 437//446 436//446 438//446
f 439//447 440//447 432//447
f 439//448 432//448 431//448
f 441//449 438//449 442//449
f 441//450 437//450 438//450
f 443//451 444//451 440//451
f 443//452 440//452 439//452
f 445//453 444//453 443//453
f 446//454 441//454 442//454
f 447//455 448//455 449//455
f 447//456 449//456 444//456
f 447//457 444//457 445//457
f 450//458 442//458 451//458
f 450//459 451//459 452//459
f 450//460 446//460 442//460
f 453//461 450//461 452//461
f 454//462 448//462 447//462
f 455//463 456//463 448//463
f 455//464 448//464 454//464
f 455//465 457//465 456//465
f 458//466 453//466 452//466
f 458//467 452//467 459//467
f 458//468 459//468 460//468
f 461//469 458//469 460//469
f 462//470 457//470 455//470
f 463//471 460//471 464//471
f 463//472 464//472 465//472
f 463//473 461//473 460//473
f 466//474 467//474 468//474
f 466//475 457//475 462//475
f 466//476 468//476 457//476
f 469//477 467//477 466//477
f 470//478 463//478 465//478
f 471//479 467//479 469//479
f 471//480 472//480 473//480
f 471//481 473//481 467//481
f 474//482 470//482 465//482
f 474//483 465//483 475//483
f 474//484 475//484 476//484
f 477//485 472//485 471//485
f 478//486 474//486 476//486
f 479//487 476//487 480//487
f 479//488 478//488 476//488
f 481//489 472//489 477//489
f 481//490 482//490 472//490
f 483//491 479//491 480//491
f 483//492 480//492 484//492
f 485//493 482//493 481//493
f 485//494 486//494 482//494
f 487//495 484//495 488//495
f 487//496 488//496 489//496
f 487//497 483//497 484//497
f 490//498 486//498 485//498
f 490//499 491//499 492//499
f 490//500 492//500 486//500
f 493//501 491//501 490//501
f 494//502 487//502 489//502
f 495//503 494//503 489//503
f 495//504 489//504 496//504
f 495//505 496//505 497//505
f 498//506 499//506 500//506
f 498//507 500//507 491//507
f 498//508 491//508 493//508
f 501//509 497//509 502//509
f 501//510 495//510 497//510
f 503//511 499//511 498//511
f 503//512 504//512 499//512
f 505//513 501//513 502//513
f 506//514 504//514 503//514
f 507//515 504//515 506//515
f 508//516 502//516 509//516
f 508//517 505//517 502//517
f 510//518 504//518 507//518
f 511//519 512//519 513//519
f 511//520 513//520 508//520
f 511//521 508//521 509//521
f 514//522 507//522 515//522
f 514//523 515//523 516//523
f 514//524 510//524 507//524
f 517//525 518//525 512//525
f 517//526 512//526 511//526
f 519//527 514//527 516//527
f 519//528 516//528 520//528
f 521//529 518//529 517//529
f 522//530 519//530 520//530
f 523//531 518//531 521//531
f 523//532 524//532 525//532
f 523//533 525//533 518//533
f 526//534 522//534 520//534
f 526//535 520//535 527//535
f 526//536 527//536 528//536
f 529//537 526//537 528//537
f 530//538 524//538 523//538
f 531//539 528//539 532//539
f 531//540 529//540 528//540
f 533//541 524//541 530//541
f 533//542 534//542 524//542
f 535//543 532//543 536//543
f 535//544 531//544 532//544
f 537//545 538//545 534//545
f 537//546 534//546 533//546
f 539//547 536//547 540//547
f 539//548 540//548 541//548
f 539//549 535//549 536//549
f 542//550 543//550 544//550
f 542//551 544//551 538//551
f 542//552 538//552 537//552
f 545//553 539//553 541//553
f 546//554 543//554 542//554
f 547//555 541//555 548//555
f 547//556 548//556 549//556
f 547//557 545//557 541//557
f 550//558 543//558 546//558
f 550//559 551//559 552//559
f 550//560 552//560 543//560
f 553//561 547//561 549//561
f 554//562 551//562 550//562
f 555//563 553//563 549//563
f 555//564 549//564 556//564
f 555//565 556//565 557//565
f 558//566 551//566 554//566
f 558//567 559//567 560//567
f 558//568 560//568 551//568
f 561//569 559//569 558//569
f 562//570 555//570 557//570
f 563//571 557//571 564//571
f 563//572 564//572 565//572
f 563//573 562//573 557//573
f 566//574 567//574 568//574
f 566//575 568//575 559//575
f 566//576 559//576 561//576
f 569//577 563//577 565//577
f 570//578 567//578 566//578
f 571//579 565//579 572//579
f 571//580 572//580 573//580
f 571//581 569//581 565//581
f 574//582 567//582 570//582
f 574//583 575//583 576//583
f 574//584 576//584 567//584
f 577//585 578//585 575//585
f 577//586 575//586 574//586
f 579//587 571//587 573//587
f 579//588 573//588 580//588
f 581//589 578//589 577//589
f 581//590 582//590 578//590
f 583//591 580//591 584//591
f 583//592 579//592 580//592
f 585//593 582//593 581//593
f 586//594 583//594 584//594
f 587//595 586//595 584//595
f 587//596 584//596 588//596
f 587//597 588//597 589//597
f 590//598 582//598 585//598
f 590//599 411//599 591//599
f 590//600 591//600 582//600
f 592//601 411//601 590//601
f 593//602 587//602 589//602
f 594//603 407//603 411//603
f 594//604 411//604 592//604
f 595//605 589//605 596//605
f 595//606 593//606 589//606
f 597//607 598//607 408//607
f 597//608 408//608 407//608
f 597//609 407//609 594//609
f 599//610 596//610 600//610
f 599//611 600//611 598//611
f 599//612 595//612 596//612
f 601//613 599//613 598//613
f 601//614 598//614 597//614
f 578//615 582//615 602//615
f 578//616 602//616 603//616
f 576//617 575//617 604//617
f 576//618 604//618 605//618
f 559//619 568//619 606//619
f 559//620 606//620 607//620
f 552//621 551//621 608//621
f 552//622 608//622 609//622
f 543//623 552//623 609//623
f 543//624 609//624 610//624
f 544//625 543//625 610//625
f 544//626 610//626 611//626
f 524//627 534//627 612//627
f 524//628 612//628 613//628
f 512//629 518//629 614//629
f 512//630 614//630 615//630
f 508//631 513//631 616//631
f 508//632 616//632 617//632
f 35//633 442//633 438//633
f 35//634 38//634 442//634
f 537//635 533//635 187//635
f 537//636 187//636 186//636
f 554//637 550//637 194//637
f 554//638 194//638 196//638
f 521//639 517//639 173//639
f 521//640 173//640 178//640
f 533//641 530//641 184//641
f 533//642 184//642 187//642
f 101//643 563//643 569//643
f 101//644 99//644 563//644
f 97//645 555//645 562//645
f 97//646 95//646 555//646
f 45//647 464//647 460//647
f 45//648 48//648 464//648
f 85//649 531//649 535//649
f 85//650 81//650 531//650
f 78//651 522//651 526//651
f 78//652 74//652 522//652
f 597//653 594//653 143//653
f 597//654 143//654 140//654
f 119//655 599//655 601//655
f 119//656 117//656 599//656
f 89//657 539//657 545//657
f 89//658 86//658 539//658
f 50//659 475//659 465//659
f 50//660 52//660 475//660
f 93//661 547//661 553//661
f 93//662 91//662 547//662
f 176//663 496//663 489//663
f 176//664 175//664 496//664
f 56//665 484//665 480//665
f 56//666 58//666 484//666
f 117//667 595//667 599//667
f 117//668 115//668 595//668
f 81//669 529//669 531//669
f 81//670 79//670 529//670
f 113//671 587//671 593//671
f 113//672 110//672 587//672
f 171//673 502//673 497//673
f 171//674 167//674 502//674
f 66//675 510//675 514//675
f 66//676 63//676 510//676
f 594//677 592//677 146//677
f 594//678 146//678 143//678
f 28//679 425//679 424//679
f 28//680 30//680 425//680
f 52//681 476//681 475//681
f 52//682 54//682 476//682
f 511//683 509//683 166//683
f 511//684 166//684 169//684
f 42//685 459//685 452//685
f 42//686 43//686 459//686
f 550//687 546//687 192//687
f 550//688 192//688 194//688
f 107//689 579//689 583//689
f 107//690 105//690 579//690
f 574//691 570//691 204//691
f 574//692 204//692 207//692
f 581//693 577//693 206//693
f 581//694 206//694 211//694
f 570//695 566//695 200//695
f 570//696 200//696 204//696
f 566//697 561//697 201//697
f 566//698 201//698 200//698
f 618//699 619//699 620//699
f 618//700 620//700 621//700
f 622//701 618//701 621//701
f 622//702 621//702 623//702
f 624//703 625//703 626//703
f 624//704 626//704 627//704
f 628//705 625//705 624//705
f 629//706 624//706 627//706
f 630//707 631//707 625//707
f 630//708 625//708 628//708
f 632//709 629//709 627//709
f 632//710 627//710 633//710
f 634//711 632//711 633//711
f 634//712 633//712 635//712
f 634//713 635//713 636//713
f 637//714 638//714 639//714
f 637//715 639//715 631//715
f 637//716 631//716 630//716
f 640//717 638//717 637//717
f 641//718 634//718 636//718
f 642//719 638//719 640//719
f 642//720 643//720 644//720
f 642//721 644//721 638//721
f 645//722 636//722 646//722
f 645//723 646//723 647//723
f 645//724 641//724 636//724
f 648//725 645//725 647//725
f 648//726 647//726 649//726
f 650//727 651//727 643//727
f 650//728 643//728 642//728
f 652//729 649//729 653//729
f 652//730 648//730 649//730
f 654//731 655//731 651//731
f 654//732 651//732 650//732
f 656//733 655//733 654//733
f 657//734 652//734 653//734
f 658//735 659//735 660//735
f 658//736 660//736 655//736
f 658//737 655//737 656//737
f 661//738 653//738 662//738
f 661//739 662//739 663//739
f 661//740 657//740 653//740
f 664//741 661//741 663//741
f 665//742 659//742 658//742
f 666//743 667//743 659//743
f 666//744 659//744 665//744
f 666//745 668//745 667//745
f 669//746 664//746 663//746
f 669//747 663//747 670//747
f 669//748 670//748 671//748
f 672//749 669//749 671//749
f 673//750 668//750 666//750
f 674//751 671//751 675//751
f 674//752 675//752 676//752
f 674//753 672//753 671//753
f 677//754 678//754 679//754
f 677//755 668//755 673//755
f 677//756 679//756 668//756
f 680//757 678//757 677//757
f 681//758 674//758 676//758
f 682//759 678//759 680//759
f 682//760 683//760 684//760
f 682//761 684//761 678//761
f 685//762 681//762 676//762
f 685//763 676//763 686//763
f 685//764 686//764 687//764
f 688//765 683//765 682//765
f 689//766 685//766 687//766
f 690//767 687//767 691//767
f 690//768 689//768 687//768
f 692//769 683//769 688//769
f 692//770 693//770 683//770
f 694//771 690//771 691//771
f 694//772 691//772 695//772
f 696//773 693//773 692//773
f 696//774 697//774 693//774
f 698//775 695//775 699//775
f 698//776 699//776 700//776
f 698//777 694//777 695//777
f 701//778 697//778 696//778
f 701//779 702//779 703//779
f 701//780 703//780 697//780
f 704//781 702//781 701//781
f 705//782 698//782 700//782
f 706//783 705//783 700//783
f 706//784 700//784 707//784
f 706//785 707//785 708//785
f 709//786 710//786 711//786
f 709//787 711//787 702//787
f 709//788 702//788 704//788
f 712//789 708//789 713//789
f 712//790 706//790 708//790
f 714//791 710//791 709//791
f 714//792 715//792 710//792
f 716//793 712//793 713//793
f 717//794 715//794 714//794
f 718//795 715//795 717//795
f 719//796 713//796 720//796
f 719//797 716//797 713//797
f 721//798 715//798 718//798
f 722//799 723//799 724//799
f 722//800 724//800 719//800
f 722//801 719//801 720//801
f 725//802 718//802 726//802
f 725//803 726//803 727//803
f 725//804 721//804 718//804
f 728//805 729//805 723//805
f 728//806 723//806 722//806
f 730//807 725//807 727//807
f 730//808 727//808 731//808
f 732//809 729//809 728//809
f 733//810 730//810 731//810
f 734//811 729//811 732//811
f 734//812 735//812 736//812
f 734//813 736//813 729//813
f 737//814 733//814 731//814
f 737//815 731//815 738//815
f 737//816 738//816 739//816
f 740//817 737//817 739//817
f 741//818 735//818 734//818
f 742//819 739//819 743//819
f 742//820 740//820 739//820
f 744//821 735//821 741//821
f 744//822 745//822 735//822
f 746//823 743//823 747//823
f 746//824 742//824 743//824
f 748//825 749//825 745//825
f 748//826 745//826 744//826
f 750//827 747//827 751//827
f 750//828 751//828 752//828
f 750//829 746//829 747//829
f 753//830 754//830 755//830
f 753//831 755//831 749//831
f 753//832 749//832 748//832
f 756//833 750//833 752//833
f 757//834 754//834 753//834
f 758//835 752//835 759//835
f 758//836 759//836 760//836
f 758//837 756//837 752//837
f 761//838 754//838 757//838
f 761//839 762//839 763//839
f 761//840 763//840 754//840
f 764//841 758//841 760//841
f 765//842 762//842 761//842
f 766//843 764//843 760//843
f 766//844 760//844 767//844
f 766//845 767//845 768//845
f 769//846 762//846 765//846
f 769//847 770//847 771//847
f 769//848 771//848 762//848
f 772//849 770//849 769//849
f 773//850 766//850 768//850
f 774//851 768//851 775//851
f 774//852 775//852 776//852
f 774//853 773//853 768//853
f 777//854 778//854 779//854
f 777//855 779//855 770//855
f 777//856 770//856 772//856
f 780//857 774//857 776//857
f 781//858 778//858 777//858
f 782//859 776//859 783//859
f 782//860 783//860 784//860
f 782//861 780//861 776//861
f 785//862 778//862 781//862
f 785//863 786//863 787//863
f 785//864 787//864 778//864
f 788//865 789//865 786//865
f 788//866 786//866 785//866
f 790//867 782//867 784//867
f 790//868 784//868 791//868
f 792//869 789//869 788//869
f 792//870 793//870 789//870
f 794//871 791//871 795//871
f 794//872 790//872 791//872
f 796//873 793//873 792//873
f 797//874 794//874 795//874
f 798//875 797//875 795//875
f 798//876 795//876 799//876
f 798//877 799//877 800//877
f 801//878 793//878 796//878
f 801//879 622//879 802//879
f 801//880 802//880 793//880
f 803//881 622//881 801//881
f 804//882 798//882 800//882
f 805//883 618//883 622//883
f 805//884 622//884 803//884
f 806//885 800//885 807//885
f 806//886 804//886 800//886
f 808//887 809//887 619//887
f 808//888 619//888 618//888
f 808//889 618//889 805//889
f 810//890 807//890 811//890
f 810//891 811//891 809//891
f 810//892 806//892 807//892
f 812//893 810//893 809//893
f 812//894 809//894 808//894
f 787//895 786//895 813//895
f 787//896 813//896 814//896
f 770//897 779//897 815//897
f 770//898 815//898 816//898
f 763//899 762//899 817//899
f 763//900 817//900 818//900
f 754//901 763//901 818//901
f 754//902 818//902 819//902
f 755//903 754//903 819//903
f 755//904 819//904 820//904
f 735//905 745//905 821//905
f 735//906 821//906 822//906
f 723//907 729//907 823//907
f 723//908 823//908 824//908
f 719//909 724//909 825//909
f 719//910 825//910 826//910
f 234//911 653//911 649//911
f 234//912 233//912 653//912
f 748//913 744//913 241//913
f 748//914 241//914 242//914
f 765//915 761//915 245//915
f 765//916 245//916 246//916
f 732//917 728//917 237//917
f 732//918 237//918 238//918
f 744//919 741//919 240//919
f 744//920 240//920 241//920
f 315//921 774//921 780//921
f 315//922 308//922 774//922
f 307//923 766//923 773//923
f 307//924 298//924 766//924
f 232//925 663//925 662//925
f 232//926 231//926 663//926
f 229//927 675//927 671//927
f 229//928 228//928 675//928
f 281//929 742//929 746//929
f 281//930 277//930 742//930
f 271//931 733//931 737//931
f 271//932 264//932 733//932
f 808//933 805//933 356//933
f 808//934 356//934 350//934
f 349//935 810//935 812//935
f 349//936 342//936 810//936
f 292//937 750//937 756//937
f 292//938 288//938 750//938
f 227//939 686//939 676//939
f 227//940 226//940 686//940
f 296//941 758//941 764//941
f 296//942 295//942 758//942
f 221//943 707//943 700//943
f 221//944 220//944 707//944
f 224//945 695//945 691//945
f 224//946 223//946 695//946
f 342//947 806//947 810//947
f 342//948 338//948 806//948
f 277//949 740//949 742//949
f 277//950 273//950 740//950
f 334//951 798//951 804//951
f 334//952 332//952 798//952
f 219//953 713//953 708//953
f 219//954 218//954 713//954
f 805//955 803//955 361//955
f 805//956 361//956 356//956
f 174//957 636//957 635//957
f 174//958 181//958 636//958
f 226//959 687//959 686//959
f 226//960 225//960 687//960
f 260//961 725//961 730//961
f 260//962 258//962 725//962
f 722//963 720//963 217//963
f 722//964 217//964 236//964
f 761//965 757//965 244//965
f 761//966 244//966 245//966
f 328//967 790//967 794//967
f 328//968 323//968 790//968
f 785//969 781//969 250//969
f 785//970 250//970 251//970
f 792//971 788//971 252//971
f 792//972 252//972 253//972
f 781//973 777//973 249//973
f 781//974 249//974 250//974
f 777//975 772//975 248//975
f 777//976 248//976 249//976
f 827//977 828//977 829//977
f 827//978 829//978 830//978
f 831//979 832//979 833//979
f 831//980 833//980 834//980
f 835//981 832//981 831//981
f 836//982 831//982 834//982
f 837//983 838//983 832//983
f 837//984 832//984 835//984
f 839//985 836//985 834//985
f 839//986 834//986 840//986
f 841//987 839//987 840//987
f 841//988 840//988 842//988
f 841//989 842//989 843//989
f 844//990 845//990 846//990
f 844//991 846//991 838//991
f 844//992 838//992 837//992
f 847//993 845//993 844//993
f 848//994 841//994 843//994
f 849//995 845//995 847//995
f 849//996 850//996 851//996
f 849//997 851//997 845//997
f 852//998 843//998 853//998
f 852//999 853//999 854//999
f 852//1000 848//1000 843//1000
f 855//1001 852//1001 854//1001
f 855//1002 854//1002 856//1002
f 857//1003 858//1003 850//1003
f 857//1004 850//1004 849//1004
f 859//1005 856//1005 860//1005
f 859//1006 855//1006 856//1006
f 861//1007 862//1007 858//1007
f 861//1008 858//1008 857//1008
f 863//1009 862//1009 861//1009
f 864//1010 859//1010 860//1010
f 865//1011 866//1011 867//1011
f 865//1012 867//1012 862//1012
f 865//1013 862//1013 863//1013
f 868//1014 860//1014 869//1014
f 868//1015 869//1015 870//1015
f 868//1016 864//1016 860//1016
f 871//1017 868//1017 870//1017
f 872//1018 866//1018 865//1018
f 873//1019 874//1019 866//1019
f 873//1020 866//1020 872//1020
f 873//1021 875//1021 874//1021
f 876//1022 871//1022 870//1022
f 876//1023 870//1023 877//1023
f 876//1024 877//1024 878//1024
f 879//1025 876//1025 878//1025
f 880//1026 875//1026 873//1026
f 881//1027 878//1027 882//1027
f 881//1028 882//1028 883//1028
f 881//1029 879//1029 878//1029
f 884//1030 885//1030 886//1030
f 884//1031 875//1031 880//1031
f 884//1032 886//1032 875//1032
f 887//1033 885//1033 884//1033
f 888//1034 881//1034 883//1034
f 889//1035 885//1035 887//1035
f 889//1036 890//1036 891//1036
f 889//1037 891//1037 885//1037
f 892//1038 888//1038 883//1038
f 892//1039 883//1039 893//1039
f 892//1040 893//1040 894//1040
f 895//1041 890//1041 889//1041
f 896//1042 892//1042 894//1042
f 897//1043 894//1043 898//1043
f 897//1044 896//1044 894//1044
f 899//1045 890//1045 895//1045
f 899//1046 900//1046 890//1046
f 901//1047 897//1047 898//1047
f 901//1048 898//1048 902//1048
f 903//1049 900//1049 899//1049
f 903//1050 904//1050 900//1050
f 905//1051 902//1051 906//1051
f 905//1052 906//1052 907//1052
f 905//1053 901//1053 902//1053
f 908//1054 904//1054 903//1054
f 908//1055 909//1055 910//1055
f 908//1056 910//1056 904//1056
f 911//1057 909//1057 908//1057
f 912//1058 905//1058 907//1058
f 913//1059 912//1059 907//1059
f 913//1060 907//1060 914//1060
f 913//1061 914//1061 915//1061
f 916//1062 917//1062 918//1062
f 916//1063 918//1063 909//1063
f 916//1064 909//1064 911//1064
f 919//1065 915//1065 920//1065
f 919//1066 913//1066 915//1066
f 921//1067 917//1067 916//1067
f 921//1068 922//1068 917//1068
f 923//1069 919//1069 920//1069
f 924//1070 922//1070 921//1070
f 925//1071 922//1071 924//1071
f 926//1072 920//1072 927//1072
f 926//1073 923//1073 920//1073
f 928//1074 922//1074 925//1074
f 929//1075 930//1075 931//1075
f 929//1076 931//1076 926//1076
f 929//1077 926//1077 927//1077
f 932//1078 925//1078 933//1078
f 932//1079 933//1079 934//1079
f 932//1080 928//1080 925//1080
f 935//1081 936//1081 930//1081
f 935//1082 930//1082 929//1082
f 937//1083 932//1083 934//1083
f 937//1084 934//1084 938//1084
f 939//1085 936//1085 935//1085
f 940//1086 937//1086 938//1086
f 941//1087 936//1087 939//1087
f 941//1088 942//1088 943//1088
f 941//1089 943//1089 936//1089
f 944//1090 940//1090 938//1090
f 944//1091 938//1091 945//1091
f 944//1092 945//1092 946//1092
f 947//1093 944//1093 946//1093
f 948//1094 942//1094 941//1094
f 949//1095 946//1095 950//1095
f 949//1096 947//1096 946//1096
f 951//1097 942//1097 948//1097
f 951//1098 952//1098 942//1098
f 953//1099 950//1099 954//1099
f 953//1100 949//1100 950//1100
f 955//1101 956//1101 952//1101
f 955//1102 952//1102 951//1102
f 957//1103 954//1103 958//1103
f 957//1104 958//1104 959//1104
f 957//1105 953//1105 954//1105
f 960//1106 961//1106 962//1106
f 960//1107 962//1107 956//1107
f 960//1108 956//1108 955//1108
f 963//1109 957//1109 959//1109
f 964//1110 961//1110 960//1110
f 965//1111 959//1111 966//1111
f 965//1112 966//1112 967//1112
f 965//1113 963//1113 959//1113
f 968//1114 961//1114 964//1114
f 968//1115 969//1115 970//1115
f 968//1116 970//1116 961//1116
f 971//1117 965//1117 967//1117
f 972//1118 969//1118 968//1118
f 973//1119 971//1119 967//1119
f 973//1120 967//1120 974//1120
f 973//1121 974//1121 975//1121
f 976//1122 969//1122 972//1122
f 976//1123 977//1123 978//1123
f 976//1124 978//1124 969//1124
f 979//1125 977//1125 976//1125
f 980//1126 973//1126 975//1126
f 981//1127 975//1127 982//1127
f 981//1128 982//1128 983//1128
f 981//1129 980//1129 975//1129
f 984//1130 985//1130 986//1130
f 984//1131 986//1131 977//1131
f 984//1132 977//1132 979//1132
f 987//1133 981//1133 983//1133
f 988//1134 985//1134 984//1134
f 989//1135 983//1135 990//1135
f 989//1136 990//1136 991//1136
f 989//1137 987//1137 983//1137
f 992//1138 985//1138 988//1138
f 992//1139 993//1139 994//1139
f 992//1140 994//1140 985//1140
f 995//1141 996//1141 993//1141
f 995//1142 993//1142 992//1142
f 997//1143 989//1143 991//1143
f 997//1144 991//1144 998//1144
f 999//1145 996//1145 995//1145
f 999//1146 1000//1146 996//1146
f 1001//1147 998//1147 1002//1147
f 1001//1148 997//1148 998//1148
f 1003//1149 1000//1149 999//1149
f 1004//1150 1001//1150 1002//1150
f 1005//1151 1004//1151 1002//1151
f 1005//1152 1002//1152 1006//1152
f 1005//1153 1006//1153 1007//1153
f 1008//1154 1000//1154 1003//1154
f 1008//1155 827//1155 1009//1155
f 1008//1156 1009//1156 1000//1156
f 1010//1157 827//1157 1008//1157
f 1011//1158 1005//1158 1007//1158
f 1012//1159 828//1159 827//1159
f 1012//1160 827//1160 1010//1160
f 1013//1161 1007//1161 1014//1161
f 1013//1162 1011//1162 1007//1162
f 1015//1163 1016//1163 1017//1163
f 1015//1164 1017//1164 828//1164
f 1015//1165 828//1165 1012//1165
f 1018//1166 1014//1166 1019//1166
f 1018//1167 1019//1167 1016//1167
f 1018//1168 1013//1168 1014//1168
f 1020//1169 1018//1169 1016//1169
f 1020//1170 1016//1170 1015//1170
f 996//1171 1000//1171 1021//1171
f 996//1172 1021//1172 1022//1172
f 993//1173 996//1173 1022//1173
f 993//1174 1022//1174 1023//1174
f 977//1175 986//1175 1024//1175
f 977//1176 1024//1176 1025//1176
f 961//1177 970//1177 1026//1177
f 961//1178 1026//1178 1027//1178
f 956//1179 962//1179 1028//1179
f 956//1180 1028//1180 1029//1180
f 942//1181 952//1181 1030//1181
f 942//1182 1030//1182 1031//1182
f 943//1183 942//1183 1031//1183
f 943//1184 1031//1184 1032//1184
f 931//1185 930//1185 1033//1185
f 931//1186 1033//1186 1034//1186
f 114//1187 920//1187 915//1187
f 114//1188 116//1188 920//1188
f 939//1189 935//1189 142//1189
f 939//1190 142//1190 145//1190
f 67//1191 842//1191 840//1191
f 67//1192 73//1192 842//1192
f 352//1193 1018//1193 1020//1193
f 352//1194 354//1194 1018//1194
f 88//1195 870//1195 869//1195
f 88//1196 90//1196 870//1196
f 158//1197 980//1197 981//1197
f 158//1198 157//1198 980//1198
f 995//1199 992//1199 318//1199
f 995//1200 318//1200 317//1200
f 150//1201 947//1201 949//1201
f 150//1202 149//1202 947//1202
f 156//1203 971//1203 973//1203
f 156//1204 155//1204 971//1204
f 84//1205 860//1205 856//1205
f 84//1206 87//1206 860//1206
f 935//1207 929//1207 139//1207
f 935//1208 139//1208 142//1208
f 77//1209 853//1209 843//1209
f 77//1210 80//1210 853//1210
f 1010//1211 1008//1211 336//1211
f 1010//1212 336//1212 340//1212
f 141//1213 928//1213 932//1213
f 141//1214 138//1214 928//1214
f 1015//1215 1012//1215 344//1215
f 1015//1216 344//1216 346//1216
f 147//1217 937//1217 940//1217
f 147//1218 144//1218 937//1218
f 92//1219 878//1219 877//1219
f 92//1220 94//1220 878//1220
f 354//1221 1013//1221 1018//1221
f 354//1222 359//1222 1013//1222
f 96//1223 883//1223 882//1223
f 96//1224 98//1224 883//1224
f 403//1225 1004//1225 1005//1225
f 403//1226 163//1226 1004//1226
f 149//1227 944//1227 947//1227
f 149//1228 148//1228 944//1228
f 955//1229 951//1229 279//1229
f 955//1230 279//1230 283//1230
f 160//1231 987//1231 989//1231
f 160//1232 159//1232 987//1232
f 111//1233 914//1233 907//1233
f 111//1234 112//1234 914//1234
f 98//1235 893//1235 883//1235
f 98//1236 100//1236 893//1236
f 102//1237 898//1237 894//1237
f 102//1238 104//1238 898//1238
f 106//1239 906//1239 902//1239
f 106//1240 108//1240 906//1240
f 948//1241 941//1241 269//1241
f 948//1242 269//1242 275//1242
f 155//1243 965//1243 971//1243
f 155//1244 154//1244 965//1244
f 968//1245 964//1245 285//1245
f 968//1246 285//1246 290//1246
f 992//1247 988//1247 313//1247
f 992//1248 313//1248 318//1248
f 988//1249 984//1249 310//1249
f 988//1250 310//1250 313//1250
f 984//1251 979//1251 305//1251
f 984//1252 305//1252 310//1252
f 1035//1253 1036//1253 1037//1253
f 1035//1254 1037//1254 1038//1254
f 1039//1255 1040//1255 1041//1255
f 1039//1256 1041//1256 1042//1256
f 1043//1257 1040//1257 1039//1257
f 1044//1258 1039//1258 1042//1258
f 1045//1259 1046//1259 1040//1259
f 1045//1260 1040//1260 1043//1260
f 1047//1261 1044//1261 1042//1261
f 1047//1262 1042//1262 1048//1262
f 1049//1263 1047//1263 1048//1263
f 1049//1264 1048//1264 1050//1264
f 1049//1265 1050//1265 1051//1265
f 1052//1266 1053//1266 1054//1266
f 1052//1267 1054//1267 1046//1267
f 1052//1268 1046//1268 1045//1268
f 1055//1269 1053//1269 1052//1269
f 1056//1270 1049//1270 1051//1270
f 1057//1271 1053//1271 1055//1271
f 1057//1272 1058//1272 1059//1272
f 1057//1273 1059//1273 1053//1273
f 1060//1274 1051//1274 1061//1274
f 1060//1275 1061//1275 1062//1275
f 1060//1276 1056//1276 1051//1276
f 1063//1277 1060//1277 1062//1277
f 1063//1278 1062//1278 1064//1278
f 1065//1279 1066//1279 1058//1279
f 1065//1280 1058//1280 1057//1280
f 1067//1281 1064//1281 1068//1281
f 1067//1282 1063//1282 1064//1282
f 1069//1283 1070//1283 1066//1283
f 1069//1284 1066//1284 1065//1284
f 1071//1285 1070//1285 1069//1285
f 1072//1286 1067//1286 1068//1286
f 1073//1287 1074//1287 1075//1287
f 1073//1288 1075//1288 1070//1288
f 1073//1289 1070//1289 1071//1289
f 1076//1290 1068//1290 1077//1290
f 1076//1291 1077//1291 1078//1291
f 1076//1292 1072//1292 1068//1292
f 1079//1293 1076//1293 1078//1293
f 1080//1294 1074//1294 1073//1294
f 1081//1295 1082//1295 1074//1295
f 1081//1296 1074//1296 1080//1296
f 1081//1297 1083//1297 1082//1297
f 1084//1298 1079//1298 1078//1298
f 1084//1299 1078//1299 1085//1299
f 1084//1300 1085//1300 1086//1300
f 1087//1301 1084//1301 1086//1301
f 1088//1302 1083//1302 1081//1302
f 1089//1303 1086//1303 1090//1303
f 1089//1304 1090//1304 1091//1304
f 1089//1305 1087//1305 1086//1305
f 1092//1306 1093//1306 1094//1306
f 1092//1307 1083//1307 1088//1307
f 1092//1308 1094//1308 1083//1308
f 1095//1309 1093//1309 1092//1309
f 1096//1310 1089//1310 1091//1310
f 1097//1311 1093//1311 1095//1311
f 1097//1312 1098//1312 1099//1312
f 1097//1313 1099//1313 1093//1313
f 1100//1314 1096//1314 1091//1314
f 1100//1315 1091//1315 1101//1315
f 1100//1316 1101//1316 1102//1316
f 1103//1317 1098//1317 1097//1317
f 1104//1318 1100//1318 1102//1318
f 1105//1319 1102//1319 1106//1319
f 1105//1320 1104//1320 1102//1320
f 1107//1321 1098//1321 1103//1321
f 1107//1322 1108//1322 1098//1322
f 1109//1323 1105//1323 1106//1323
f 1109//1324 1106//1324 1110//1324
f 1111//1325 1108//1325 1107//1325
f 1111//1326 1112//1326 1108//1326
f 1113//1327 1110//1327 1114//1327
f 1113//1328 1114//1328 1115//1328
f 1113//1329 1109//1329 1110//1329
f 1116//1330 1112//1330 1111//1330
f 1116//1331 1117//1331 1118//1331
f 1116//1332 1118//1332 1112//1332
f 1119//1333 1117//1333 1116//1333
f 1120//1334 1113//1334 1115//1334
f 1121//1335 1120//1335 1115//1335
f 1121//1336 1115//1336 1122//1336
f 1121//1337 1122//1337 1123//1337
f 1124//1338 1125//1338 1126//1338
f 1124//1339 1126//1339 1117//1339
f 1124//1340 1117//1340 1119//1340
f 1127//1341 1123//1341 1128//1341
f 1127//1342 1121//1342 1123//1342
f 1129//1343 1125//1343 1124//1343
f 1129//1344 1130//1344 1125//1344
f 1131//1345 1127//1345 1128//1345
f 1132//1346 1130//1346 1129//1346
f 1133//1347 1130//1347 1132//1347
f 1134//1348 1128//1348 1135//1348
f 1134//1349 1131//1349 1128//1349
f 1136//1350 1130//1350 1133//1350
f 1137//1351 1138//1351 1139//1351
f 1137//1352 1139//1352 1134//1352
f 1137//1353 1134//1353 1135//1353
f 1140//1354 1133//1354 1141//1354
f 1140//1355 1141//1355 1142//1355
f 1140//1356 1136//1356 1133//1356
f 1143//1357 1144//1357 1138//1357
f 1143//1358 1138//1358 1137//1358
f 1145//1359 1140//1359 1142//1359
f 1145//1360 1142//1360 1146//1360
f 1147//1361 1144//1361 1143//1361
f 1148//1362 1145//1362 1146//1362
f 1149//1363 1144//1363 1147//1363
f 1149//1364 1150//1364 1151//1364
f 1149//1365 1151//1365 1144//1365
f 1152//1366 1148//1366 1146//1366
f 1152//1367 1146//1367 1153//1367
f 1152//1368 1153//1368 1154//1368
f 1155//1369 1152//1369 1154//1369
f 1156//1370 1150//1370 1149//1370
f 1157//1371 1154//1371 1158//1371
f 1157//1372 1155//1372 1154//1372
f 1159//1373 1150//1373 1156//1373
f 1159//1374 1160//1374 1150//1374
f 1161//1375 1158//1375 1162//1375
f 1161//1376 1157//1376 1158//1376
f 1163//1377 1164//1377 1160//1377
f 1163//1378 1160//1378 1159//1378
f 1165//1379 1162//1379 1166//1379
f 1165//1380 1166//1380 1167//1380
f 1165//1381 1161//1381 1162//1381
f 1168//1382 1169//1382 1170//1382
f 1168//1383 1170//1383 1164//1383
f 1168//1384 1164//1384 1163//1384
f 1171//1385 1165//1385 1167//1385
f 1172//1386 1169//1386 1168//1386
f 1173//1387 1167//1387 1174//1387
f 1173//1388 1174//1388 1175//1388
f 1173//1389 1171//1389 1167//1389
f 1176//1390 1169//1390 1172//1390
f 1176//1391 1177//1391 1178//1391
f 1176//1392 1178//1392 1169//1392
f 1179//1393 1173//1393 1175//1393
f 1180//1394 1177//1394 1176//1394
f 1181//1395 1179//1395 1175//1395
f 1181//1396 1175//1396 1182//1396
f 1181//1397 1182//1397 1183//1397
f 1184//1398 1177//1398 1180//1398
f 1184//1399 1185//1399 1186//1399
f 1184//1400 1186//1400 1177//1400
f 1187//1401 1185//1401 1184//1401
f 1188//1402 1181//1402 1183//1402
f 1189//1403 1183//1403 1190//1403
f 1189//1404 1190//1404 1191//1404
f 1189//1405 1188//1405 1183//1405
f 1192//1406 1193//1406 1194//1406
f 1192//1407 1194//1407 1185//1407
f 1192//1408 1185//1408 1187//1408
f 1195//1409 1189//1409 1191//1409
f 1196//1410 1193//1410 1192//1410
f 1197//1411 1191//1411 1198//1411
f 1197//1412 1198//1412 1199//1412
f 1197//1413 1195//1413 1191//1413
f 1200//1414 1193//1414 1196//1414
f 1200//1415 1201//1415 1202//1415
f 1200//1416 1202//1416 1193//1416
f 1203//1417 1204//1417 1201//1417
f 1203//1418 1201//1418 1200//1418
f 1205//1419 1197//1419 1199//1419
f 1205//1420 1199//1420 1206//1420
f 1207//1421 1204//1421 1203//1421
f 1207//1422 1208//1422 1204//1422
f 1209//1423 1206//1423 1210//1423
f 1209//1424 1205//1424 1206//1424
f 1211//1425 1208//1425 1207//1425
f 1212//1426 1209//1426 1210//1426
f 1213//1427 1212//1427 1210//1427
f 1213//1428 1210//1428 1214//1428
f 1213//1429 1214//1429 1215//1429
f 1216//1430 1208//1430 1211//1430
f 1216//1431 1035//1431 1217//1431
f 1216//1432 1217//1432 1208//1432
f 1218//1433 1035//1433 1216//1433
f 1219//1434 1213//1434 1215//1434
f 1220//1435 1036//1435 1035//1435
f 1220//1436 1035//1436 1218//1436
f 1221//1437 1215//1437 1222//1437
f 1221//1438 1219//1438 1215//1438
f 1223//1439 1224//1439 1225//1439
f 1223//1440 1225//1440 1036//1440
f 1223//1441 1036//1441 1220//1441
f 1226//1442 1222//1442 1227//1442
f 1226//1443 1227//1443 1224//1443
f 1226//1444 1221//1444 1222//1444
f 1228//1445 1226//1445 1224//1445
f 1228//1446 1224//1446 1223//1446
f 1204//1447 1208//1447 1229//1447
f 1204//1448 1229//1448 1230//1448
f 1201//1449 1204//1449 1230//1449
f 1201//1450 1230//1450 1231//1450
f 1185//1451 1194//1451 1232//1451
f 1185//1452 1232//1452 1233//1452
f 1169//1453 1178//1453 1234//1453
f 1169//1454 1234//1454 1235//1454
f 1164//1455 1170//1455 1236//1455
f 1164//1456 1236//1456 1237//1456
f 1150//1457 1160//1457 1238//1457
f 1150//1458 1238//1458 1239//1458
f 1151//1459 1150//1459 1239//1459
f 1151//1460 1239//1460 1240//1460
f 1139//1461 1138//1461 1241//1461
f 1139//1462 1241//1462 1242//1462
f 341//1463 1128//1463 1123//1463
f 341//1464 347//1464 1128//1464
f 1147//1465 1143//1465 357//1465
f 1147//1466 357//1466 360//1466
f 263//1467 1050//1467 1048//1467
f 263//1468 267//1468 1050//1468
f 384//1469 1226//1469 1228//1469
f 384//1470 383//1470 1226//1470
f 291//1471 1078//1471 1077//1471
f 291//1472 294//1472 1078//1472
f 374//1473 1188//1473 1189//1473
f 374//1474 373//1474 1188//1474
f 1203//1475 1200//1475 392//1475
f 1203//1476 392//1476 391//1476
f 366//1477 1155//1477 1157//1477
f 366//1478 365//1478 1155//1478
f 372//1479 1179//1479 1181//1479
f 372//1480 371//1480 1179//1480
f 280//1481 1068//1481 1064//1481
f 280//1482 287//1482 1068//1482
f 1143//1483 1137//1483 355//1483
f 1143//1484 355//1484 357//1484
f 270//1485 1061//1485 1051//1485
f 270//1486 272//1486 1061//1486
f 1218//1487 1216//1487 388//1487
f 1218//1488 388//1488 387//1488
f 353//1489 1136//1489 1140//1489
f 353//1490 351//1490 1136//1490
f 1223//1491 1220//1491 386//1491
f 1223//1492 386//1492 385//1492
f 406//1493 1145//1493 1148//1493
f 406//1494 358//1494 1145//1494
f 297//1495 1086//1495 1085//1495
f 297//1496 303//1496 1086//1496
f 383//1497 1221//1497 1226//1497
f 383//1498 382//1498 1221//1498
f 306//1499 1091//1499 1090//1499
f 306//1500 311//1500 1091//1500
f 380//1501 1212//1501 1213//1501
f 380//1502 379//1502 1212//1502
f 365//1503 1152//1503 1155//1503
f 365//1504 405//1504 1152//1504
f 1163//1505 1159//1505 402//1505
f 1163//1506 402//1506 401//1506
f 376//1507 1195//1507 1197//1507
f 376//1508 375//1508 1195//1508
f 333//1509 1122//1509 1115//1509
f 333//1510 337//1510 1122//1510
f 311//1511 1101//1511 1091//1511
f 311//1512 314//1512 1101//1512
f 319//1513 1106//1513 1102//1513
f 319//1514 322//1514 1106//1514
f 327//1515 1114//1515 1110//1515
f 327//1516 331//1516 1114//1516
f 1156//1517 1149//1517 362//1517
f 1156//1518 362//1518 364//1518
f 371//1519 1173//1519 1179//1519
f 371//1520 370//1520 1173//1520
f 1176//1521 1172//1521 399//1521
f 1176//1522 399//1522 398//1522
f 1200//1523 1196//1523 393//1523
f 1200//1524 393//1524 392//1524
f 1196//1525 1192//1525 394//1525
f 1196//1526 394//1526 393//1526
f 1192//1527 1187//1527 395//1527
f 1192//1528 395//1528 394//1528
f 216//1529 14//1529 20//1529
f 216//1530 12//1530 14//1530
f 13//1531 8//1531 5//1531
f 13//1532 1243//1532 8//1532
f 2//1533 8//1533 1243//1533
f 2//1534 1243//1534 1244//1534
f 1244//1535 3//1535 2//1535
f 1244//1536 10//1536 3//1536
f 1243//1537 13//1537 10//1537
f 1243//1538 10//1538 1244//1538
f 11//1539 16//1539 9//1539
f 11//1540 22//1540 16//1540
f 216//1541 22//1541 11//1541
f 12//1542 216//1542 11//1542
f 561//1543 558//1543 198//1543
f 561//1544 198//1544 201//1544
f 427//1545 433//1545 32//1545
f 427//1546 32//1546 29//1546
f 500//1547 499//1547 71//1547
f 500//1548 71//1548 70//1548
f 492//1549 491//1549 76//1549
f 492//1550 76//1550 59//1550
f 105//1551 571//1551 579//1551
f 105//1552 103//1552 571//1552
f 432//1553 440//1553 36//1553
f 432//1554 36//1554 34//1554
f 457//1555 468//1555 47//1555
f 457//1556 47//1556 46//1556
f 440//1557 444//1557 37//1557
f 440//1558 37//1558 36//1558
f 592//1559 590//1559 214//1559
f 592//1560 214//1560 146//1560
f 433//1561 432//1561 34//1561
f 433//1562 34//1562 32//1562
f 448//1563 456//1563 44//1563
f 448//1564 44//1564 41//1564
f 486//1565 492//1565 59//1565
f 486//1566 59//1566 57//1566
f 110//1567 586//1567 587//1567
f 110//1568 109//1568 586//1568
f 601//1569 597//1569 140//1569
f 601//1570 140//1570 119//1570
f 473//1571 472//1571 53//1571
f 473//1572 53//1572 51//1572
f 590//1573 585//1573 210//1573
f 590//1574 210//1574 214//1574
f 48//1575 465//1575 464//1575
f 48//1576 50//1576 465//1576
f 577//1577 574//1577 207//1577
f 577//1578 207//1578 206//1578
f 58//1579 488//1579 484//1579
f 58//1580 60//1580 488//1580
f 482//1581 486//1581 57//1581
f 482//1582 57//1582 55//1582
f 60//1583 489//1583 488//1583
f 60//1584 176//1584 489//1584
f 415//1585 414//1585 21//1585
f 415//1586 21//1586 23//1586
f 504//1587 510//1587 63//1587
f 504//1588 63//1588 62//1588
f 585//1589 581//1589 211//1589
f 585//1590 211//1590 210//1590
f 91//1591 545//1591 547//1591
f 91//1592 89//1592 545//1592
f 449//1593 448//1593 41//1593
f 449//1594 41//1594 39//1594
f 414//1595 420//1595 26//1595
f 414//1596 26//1596 21//1596
f 115//1597 593//1597 595//1597
f 115//1598 113//1598 593//1598
f 109//1599 583//1599 586//1599
f 109//1600 107//1600 583//1600
f 517//1601 511//1601 169//1601
f 517//1602 169//1602 173//1602
f 530//1603 523//1603 180//1603
f 530//1604 180//1604 184//1604
f 43//1605 460//1605 459//1605
f 43//1606 45//1606 460//1606
f 542//1607 537//1607 186//1607
f 542//1608 186//1608 189//1608
f 38//1609 451//1609 442//1609
f 38//1610 40//1610 451//1610
f 54//1611 480//1611 476//1611
f 54//1612 56//1612 480//1612
f 33//1613 438//1613 436//1613
f 33//1614 35//1614 438//1614
f 468//1615 467//1615 49//1615
f 468//1616 49//1616 47//1616
f 24//1617 422//1617 416//1617
f 24//1618 25//1618 422//1618
f 420//1619 428//1619 27//1619
f 420//1620 27//1620 26//1620
f 499//1621 504//1621 62//1621
f 499//1622 62//1622 71//1622
f 467//1623 473//1623 51//1623
f 467//1624 51//1624 49//1624
f 444//1625 449//1625 39//1625
f 444//1626 39//1626 37//1626
f 428//1627 427//1627 29//1627
f 428//1628 29//1628 27//1628
f 546//1629 542//1629 189//1629
f 546//1630 189//1630 192//1630
f 95//1631 553//1631 555//1631
f 95//1632 93//1632 553//1632
f 74//1633 519//1633 522//1633
f 74//1634 68//1634 519//1634
f 456//1635 457//1635 46//1635
f 456//1636 46//1636 44//1636
f 167//1637 509//1637 502//1637
f 167//1638 166//1638 509//1638
f 40//1639 452//1639 451//1639
f 40//1640 42//1640 452//1640
f 558//1641 554//1641 196//1641
f 558//1642 196//1642 198//1642
f 86//1643 535//1643 539//1643
f 86//1644 85//1644 535//1644
f 491//1645 500//1645 70//1645
f 491//1646 70//1646 76//1646
f 523//1647 521//1647 178//1647
f 523//1648 178//1648 180//1648
f 472//1649 482//1649 55//1649
f 472//1650 55//1650 53//1650
f 23//1651 416//1651 415//1651
f 23//1652 24//1652 416//1652
f 99//1653 562//1653 563//1653
f 99//1654 97//1654 562//1654
f 68//1655 514//1655 519//1655
f 68//1656 66//1656 514//1656
f 31//1657 436//1657 435//1657
f 31//1658 33//1658 436//1658
f 103//1659 569//1659 571//1659
f 103//1660 101//1660 569//1660
f 79//1661 526//1661 529//1661
f 79//1662 78//1662 526//1662
f 25//1663 424//1663 422//1663
f 25//1664 28//1664 424//1664
f 175//1665 497//1665 496//1665
f 175//1666 171//1666 497//1666
f 30//1667 435//1667 425//1667
f 30//1668 31//1668 435//1668
f 772//1669 769//1669 247//1669
f 772//1670 247//1670 248//1670
f 638//1671 644//1671 183//1671
f 638//1672 183//1672 179//1672
f 711//1673 710//1673 262//1673
f 711//1674 262//1674 215//1674
f 703//1675 702//1675 213//1675
f 703//1676 213//1676 212//1676
f 323//1677 782//1677 790//1677
f 323//1678 320//1678 782//1678
f 643//1679 651//1679 188//1679
f 643//1680 188//1680 185//1680
f 258//1681 721//1681 725//1681
f 258//1682 257//1682 721//1682
f 668//1683 679//1683 199//1683
f 668//1684 199//1684 197//1684
f 651//1685 655//1685 190//1685
f 651//1686 190//1686 188//1686
f 803//1687 801//1687 363//1687
f 803//1688 363//1688 361//1688
f 644//1689 643//1689 185//1689
f 644//1690 185//1690 183//1690
f 659//1691 667//1691 195//1691
f 659//1692 195//1692 193//1692
f 697//1693 703//1693 212//1693
f 697//1694 212//1694 209//1694
f 332//1695 797//1695 798//1695
f 332//1696 329//1696 797//1696
f 812//1697 808//1697 350//1697
f 812//1698 350//1698 349//1698
f 684//1699 683//1699 205//1699
f 684//1700 205//1700 203//1700
f 801//1701 796//1701 254//1701
f 801//1702 254//1702 363//1702
f 228//1703 676//1703 675//1703
f 228//1704 227//1704 676//1704
f 788//1705 785//1705 251//1705
f 788//1706 251//1706 252//1706
f 223//1707 699//1707 695//1707
f 223//1708 222//1708 699//1708
f 693//1709 697//1709 209//1709
f 693//1710 209//1710 208//1710
f 222//1711 700//1711 699//1711
f 222//1712 221//1712 700//1712
f 626//1713 625//1713 168//1713
f 626//1714 168//1714 165//1714
f 715//1715 721//1715 257//1715
f 715//1716 257//1716 256//1716
f 796//1717 792//1717 253//1717
f 796//1718 253//1718 254//1718
f 295//1719 756//1719 758//1719
f 295//1720 292//1720 756//1720
f 660//1721 659//1721 193//1721
f 660//1722 193//1722 191//1722
f 625//1723 631//1723 172//1723
f 625//1724 172//1724 168//1724
f 338//1725 804//1725 806//1725
f 338//1726 334//1726 804//1726
f 329//1727 794//1727 797//1727
f 329//1728 328//1728 794//1728
f 728//1729 722//1729 236//1729
f 728//1730 236//1730 237//1730
f 741//1731 734//1731 239//1731
f 741//1732 239//1732 240//1732
f 230//1733 671//1733 670//1733
f 230//1734 229//1734 671//1734
f 753//1735 748//1735 242//1735
f 753//1736 242//1736 243//1736
f 233//1737 662//1737 653//1737
f 233//1738 232//1738 662//1738
f 225//1739 691//1739 687//1739
f 225//1740 224//1740 691//1740
f 235//1741 649//1741 647//1741
f 235//1742 234//1742 649//1742
f 679//1743 678//1743 202//1743
f 679//1744 202//1744 199//1744
f 164//1745 633//1745 627//1745
f 164//1746 170//1746 633//1746
f 631//1747 639//1747 177//1747
f 631//1748 177//1748 172//1748
f 710//1749 715//1749 256//1749
f 710//1750 256//1750 262//1750
f 678//1751 684//1751 203//1751
f 678//1752 203//1752 202//1752
f 655//1753 660//1753 191//1753
f 655//1754 191//1754 190//1754
f 639//1755 638//1755 179//1755
f 639//1756 179//1756 177//1756
f 757//1757 753//1757 243//1757
f 757//1758 243//1758 244//1758
f 298//1759 764//1759 766//1759
f 298//1760 296//1760 764//1760
f 264//1761 730//1761 733//1761
f 264//1762 260//1762 730//1762
f 667//1763 668//1763 197//1763
f 667//1764 197//1764 195//1764
f 218//1765 720//1765 713//1765
f 218//1766 217//1766 720//1766
f 769//1767 765//1767 246//1767
f 769//1768 246//1768 247//1768
f 288//1769 746//1769 750//1769
f 288//1770 281//1770 746//1770
f 702//1771 711//1771 215//1771
f 702//1772 215//1772 213//1772
f 734//1773 732//1773 238//1773
f 734//1774 238//1774 239//1774
f 683//1775 693//1775 208//1775
f 683//1776 208//1776 205//1776
f 165//1777 627//1777 626//1777
f 165//1778 164//1778 627//1778
f 308//1779 773//1779 774//1779
f 308//1780 307//1780 773//1780
f 231//1781 670//1781 663//1781
f 231//1782 230//1782 670//1782
f 182//1783 647//1783 646//1783
f 182//1784 235//1784 647//1784
f 320//1785 780//1785 782//1785
f 320//1786 315//1786 780//1786
f 273//1787 737//1787 740//1787
f 273//1788 271//1788 737//1788
f 170//1789 635//1789 633//1789
f 170//1790 174//1790 635//1790
f 220//1791 708//1791 707//1791
f 220//1792 219//1792 708//1792
f 181//1793 646//1793 636//1793
f 181//1794 182//1794 646//1794
f 979//1795 976//1795 302//1795
f 979//1796 302//1796 305//1796
f 885//1797 891//1797 129//1797
f 885//1798 129//1798 128//1798
f 850//1799 858//1799 121//1799
f 850//1800 121//1800 120//1800
f 922//1801 928//1801 138//1801
f 922//1802 138//1802 137//1802
f 909//1803 918//1803 135//1803
f 909//1804 135//1804 134//1804
f 838//1805 846//1805 72//1805
f 838//1806 72//1806 69//1806
f 874//1807 875//1807 126//1807
f 874//1808 126//1808 125//1808
f 846//1809 845//1809 75//1809
f 846//1810 75//1810 72//1810
f 163//1811 1001//1811 1004//1811
f 163//1812 162//1812 1001//1812
f 154//1813 963//1813 965//1813
f 154//1814 153//1814 963//1814
f 917//1815 922//1815 137//1815
f 917//1816 137//1816 136//1816
f 845//1817 851//1817 82//1817
f 845//1818 82//1818 75//1818
f 976//1819 972//1819 300//1819
f 976//1820 300//1820 302//1820
f 1008//1821 1003//1821 325//1821
f 1008//1822 325//1822 336//1822
f 972//1823 968//1823 290//1823
f 972//1824 290//1824 300//1824
f 153//1825 957//1825 963//1825
f 153//1826 152//1826 957//1826
f 964//1827 960//1827 286//1827
f 964//1828 286//1828 285//1828
f 851//1829 850//1829 120//1829
f 851//1830 120//1830 82//1830
f 900//1831 904//1831 132//1831
f 900//1832 132//1832 131//1832
f 90//1833 877//1833 870//1833
f 90//1834 92//1834 877//1834
f 866//1835 874//1835 125//1835
f 866//1836 125//1836 124//1836
f 1012//1837 1010//1837 340//1837
f 1012//1838 340//1838 344//1838
f 910//1839 909//1839 134//1839
f 910//1840 134//1840 133//1840
f 152//1841 953//1841 957//1841
f 152//1842 151//1842 953//1842
f 833//1843 832//1843 61//1843
f 833//1844 61//1844 64//1844
f 890//1845 900//1845 131//1845
f 890//1846 131//1846 130//1846
f 875//1847 886//1847 127//1847
f 875//1848 127//1848 126//1848
f 359//1849 1011//1849 1013//1849
f 359//1850 404//1850 1011//1850
f 1003//1851 999//1851 326//1851
f 1003//1852 326//1852 325//1852
f 94//1853 882//1853 878//1853
f 94//1854 96//1854 882//1854
f 832//1855 838//1855 69//1855
f 832//1856 69//1856 61//1856
f 162//1857 997//1857 1001//1857
f 162//1858 161//1858 997//1858
f 941//1859 939//1859 145//1859
f 941//1860 145//1860 269//1860
f 858//1861 862//1861 122//1861
f 858//1862 122//1862 121//1862
f 151//1863 949//1863 953//1863
f 151//1864 150//1864 949//1864
f 104//1865 902//1865 898//1865
f 104//1866 106//1866 902//1866
f 404//1867 1005//1867 1011//1867
f 404//1868 403//1868 1005//1868
f 64//1869 834//1869 833//1869
f 64//1870 65//1870 834//1870
f 108//1871 907//1871 906//1871
f 108//1872 111//1872 907//1872
f 161//1873 989//1873 997//1873
f 161//1874 160//1874 989//1874
f 918//1875 917//1875 136//1875
f 918//1876 136//1876 135//1876
f 960//1877 955//1877 283//1877
f 960//1878 283//1878 286//1878
f 148//1879 940//1879 944//1879
f 148//1880 147//1880 940//1880
f 929//1881 927//1881 118//1881
f 929//1882 118//1882 139//1882
f 862//1883 867//1883 123//1883
f 862//1884 123//1884 122//1884
f 157//1885 973//1885 980//1885
f 157//1886 156//1886 973//1886
f 891//1887 890//1887 130//1887
f 891//1888 130//1888 129//1888
f 100//1889 894//1889 893//1889
f 100//1890 102//1890 894//1890
f 867//1891 866//1891 124//1891
f 867//1892 124//1892 123//1892
f 65//1893 840//1893 834//1893
f 65//1894 67//1894 840//1894
f 999//1895 995//1895 317//1895
f 999//1896 317//1896 326//1896
f 159//1897 981//1897 987//1897
f 159//1898 158//1898 981//1898
f 144//1899 932//1899 937//1899
f 144//1900 141//1900 932//1900
f 112//1901 915//1901 914//1901
f 112//1902 114//1902 915//1902
f 73//1903 843//1903 842//1903
f 73//1904 77//1904 843//1904
f 116//1905 927//1905 920//1905
f 116//1906 118//1906 927//1906
f 904//1907 910//1907 133//1907
f 904//1908 133//1908 132//1908
f 1020//1909 1015//1909 346//1909
f 1020//1910 346//1910 352//1910
f 886//1911 885//1911 128//1911
f 886//1912 128//1912 127//1912
f 80//1913 854//1913 853//1913
f 80//1914 83//1914 854//1914
f 951//1915 948//1915 275//1915
f 951//1916 275//1916 279//1916
f 83//1917 856//1917 854//1917
f 83//1918 84//1918 856//1918
f 87//1919 869//1919 860//1919
f 87//1920 88//1920 869//1920
f 1187//1921 1184//1921 396//1921
f 1187//1922 396//1922 395//1922
f 1093//1923 1099//1923 312//1923
f 1093//1924 312//1924 309//1924
f 1058//1925 1066//1925 282//1925
f 1058//1926 282//1926 278//1926
f 1130//1927 1136//1927 351//1927
f 1130//1928 351//1928 345//1928
f 1117//1929 1126//1929 339//1929
f 1117//1930 339//1930 335//1930
f 1046//1931 1054//1931 266//1931
f 1046//1932 266//1932 265//1932
f 1082//1933 1083//1933 301//1933
f 1082//1934 301//1934 299//1934
f 1054//1935 1053//1935 268//1935
f 1054//1936 268//1936 266//1936
f 379//1937 1209//1937 1212//1937
f 379//1938 378//1938 1209//1938
f 370//1939 1171//1939 1173//1939
f 370//1940 369//1940 1171//1940
f 1125//1941 1130//1941 345//1941
f 1125//1942 345//1942 343//1942
f 1053//1943 1059//1943 274//1943
f 1053//1944 274//1944 268//1944
f 1184//1945 1180//1945 397//1945
f 1184//1946 397//1946 396//1946
f 1216//1947 1211//1947 389//1947
f 1216//1948 389//1948 388//1948
f 1180//1949 1176//1949 398//1949
f 1180//1950 398//1950 397//1950
f 369//1951 1165//1951 1171//1951
f 369//1952 368//1952 1165//1952
f 1172//1953 1168//1953 400//1953
f 1172//1954 400//1954 399//1954
f 1059//1955 1058//1955 278//1955
f 1059//1956 278//1956 274//1956
f 1108//1957 1112//1957 324//1957
f 1108//1958 324//1958 321//1958
f 294//1959 1085//1959 1078//1959
f 294//1960 297//1960 1085//1960
f 1074//1961 1082//1961 299//1961
f 1074//1962 299//1962 293//1962
f 1220//1963 1218//1963 387//1963
f 1220//1964 387//1964 386//1964
f 1118//1965 1117//1965 335//1965
f 1118//1966 335//1966 330//1966
f 368//1967 1161//1967 1165//1967
f 368//1968 367//1968 1161//1968
f 1041//1969 1040//1969 261//1969
f 1041//1970 261//1970 255//1970
f 1098//1971 1108//1971 321//1971
f 1098//1972 321//1972 316//1972
f 1083//1973 1094//1973 304//1973
f 1083//1974 304//1974 301//1974
f 382//1975 1219//1975 1221//1975
f 382//1976 381//1976 1219//1976
f 1211//1977 1207//1977 390//1977
f 1211//1978 390//1978 389//1978
f 303//1979 1090//1979 1086//1979
f 303//1980 306//1980 1090//1980
f 1040//1981 1046//1981 265//1981
f 1040//1982 265//1982 261//1982
f 378//1983 1205//1983 1209//1983
f 378//1984 377//1984 1205//1984
f 1149//1985 1147//1985 360//1985
f 1149//1986 360//1986 362//1986
f 1066//1987 1070//1987 284//1987
f 1066//1988 284//1988 282//1988
f 367//1989 1157//1989 1161//1989
f 367//1990 366//1990 1157//1990
f 322//1991 1110//1991 1106//1991
f 322//1992 327//1992 1110//1992
f 381//1993 1213//1993 1219//1993
f 381//1994 380//1994 1213//1994
f 255//1995 1042//1995 1041//1995
f 255//1996 259//1996 1042//1996
f 331//1997 1115//1997 1114//1997
f 331//1998 333//1998 1115//1998
f 377//1999 1197//1999 1205//1999
f 377//2000 376//2000 1197//2000
f 1126//2001 1125//2001 343//2001
f 1126//2002 343//2002 339//2002
f 1168//2003 1163//2003 401//2003
f 1168//2004 401//2004 400//2004
f 405//2005 1148//2005 1152//2005
f 405//2006 406//2006 1148//2006
f 1137//2007 1135//2007 348//2007
f 1137//2008 348//2008 355//2008
f 1070//2009 1075//2009 289//2009
f 1070//2010 289//2010 284//2010
f 373//2011 1181//2011 1188//2011
f 373//2012 372//2012 1181//2012
f 1099//2013 1098//2013 316//2013
f 1099//2014 316//2014 312//2014
f 314//2015 1102//2015 1101//2015
f 314//2016 319//2016 1102//2016
f 1075//2017 1074//2017 293//2017
f 1075//2018 293//2018 289//2018
f 259//2019 1048//2019 1042//2019
f 259//2020 263//2020 1048//2020
f 1207//2021 1203//2021 391//2021
f 1207//2022 391//2022 390//2022
f 375//2023 1189//2023 1195//2023
f 375//2024 374//2024 1189//2024
f 358//2025 1140//2025 1145//2025
f 358//2026 353//2026 1140//2026
f 337//2027 1123//2027 1122//2027
f 337//2028 341//2028 1123//2028
f 267//2029 1051//2029 1050//2029
f 267//2030 270//2030 1051//2030
f 347//2031 1135//2031 1128//2031
f 347//2032 348//2032 1135//2032
f 1112//2033 1118//2033 330//2033
f 1112//2034 330//2034 324//2034
f 1228//2035 1223//2035 385//2035
f 1228//2036 385//2036 384//2036
f 1094//2037 1093//2037 309//2037
f 1094//2038 309//2038 304//2038
f 272//2039 1062//2039 1061//2039
f 272//2040 276//2040 1062//2040
f 1159//2041 1156//2041 364//2041
f 1159//2042 364//2042 402//2042
f 276//2043 1064//2043 1062//2043
f 276//2044 280//2044 1064//2044
f 287//2045 1077//2045 1068//2045
f 287//2046 291//2046 1077//2046
f 1245//2047 421//2047 423//2047
f 1245//2048 1246//2048 421//2048
f 560//2049 559//2049 607//2049
f 560//2050 607//2050 1247//2050
f 1248//2051 450//2051 453//2051
f 1248//2052 1249//2052 450//2052
f 1250//2053 474//2053 478//2053
f 1250//2054 1251//2054 474//2054
f 417//2055 413//2055 1252//2055
f 417//2056 1252//2056 1253//2056
f 1254//2057 479//2057 483//2057
f 1254//2058 1255//2058 479//2058
f 1256//2059 549//2059 548//2059
f 1256//2060 1257//2060 549//2060
f 1258//2061 548//2061 541//2061
f 1258//2062 1256//2062 548//2062
f 445//2063 443//2063 1259//2063
f 445//2064 1259//2064 1260//2064
f 493//2065 490//2065 1261//2065
f 493//2066 1261//2066 1262//2066
f 1263//2067 596//2067 589//2067
f 1263//2068 1264//2068 596//2068
f 1265//2069 453//2069 458//2069
f 1265//2070 1248//2070 453//2070
f 1266//2071 423//2071 430//2071
f 1266//2072 1245//2072 423//2072
f 1267//2073 461//2073 463//2073
f 1267//2074 1268//2074 461//2074
f 1269//2075 430//2075 434//2075
f 1269//2076 1266//2076 430//2076
f 1270//2077 564//2077 557//2077
f 1270//2078 1271//2078 564//2078
f 1272//2079 536//2079 532//2079
f 1272//2080 1273//2080 536//2080
f 1257//2081 556//2081 549//2081
f 1257//2082 1274//2082 556//2082
f 591//2083 411//2083 412//2083
f 591//2084 412//2084 1275//2084
f 462//2085 455//2085 1276//2085
f 462//2086 1276//2086 1277//2086
f 567//2087 576//2087 605//2087
f 567//2088 605//2088 1278//2088
f 1279//2089 494//2089 495//2089
f 1279//2090 1280//2090 494//2090
f 503//2091 498//2091 1281//2091
f 503//2092 1281//2092 1282//2092
f 485//2093 481//2093 1283//2093
f 485//2094 1283//2094 1284//2094
f 1285//2095 520//2095 516//2095
f 1285//2096 1286//2096 520//2096
f 1287//2097 413//2097 418//2097
f 1287//2098 1252//2098 413//2098
f 1288//2099 532//2099 528//2099
f 1288//2100 1272//2100 532//2100
f 1289//2101 515//2101 507//2101
f 1289//2102 1290//2102 515//2102
f 1251//2103 470//2103 474//2103
f 1251//2104 1291//2104 470//2104
f 1291//2105 463//2105 470//2105
f 1291//2106 1267//2106 463//2106
f 582//2107 591//2107 1275//2107
f 582//2108 1275//2108 602//2108
f 471//2109 469//2109 1292//2109
f 471//2110 1292//2110 1293//2110
f 1246//2111 418//2111 421//2111
f 1246//2112 1287//2112 418//2112
f 1294//2113 598//2113 600//2113
f 1294//2114 1295//2114 598//2114
f 1296//2115 589//2115 588//2115
f 1296//2116 1263//2116 589//2116
f 513//2117 512//2117 615//2117
f 513//2118 615//2118 616//2118
f 1271//2119 565//2119 564//2119
f 1271//2120 1297//2120 565//2120
f 538//2121 544//2121 611//2121
f 538//2122 611//2122 1298//2122
f 1264//2123 600//2123 596//2123
f 1264//2124 1294//2124 600//2124
f 1299//2125 441//2125 446//2125
f 1299//2126 1300//2126 441//2126
f 1301//2127 501//2127 505//2127
f 1301//2128 1302//2128 501//2128
f 1273//2129 540//2129 536//2129
f 1273//2130 1303//2130 540//2130
f 1304//2131 580//2131 573//2131
f 1304//2132 1305//2132 580//2132
f 1305//2133 584//2133 580//2133
f 1305//2134 1306//2134 584//2134
f 429//2135 426//2135 1307//2135
f 429//2136 1307//2136 1308//2136
f 1249//2137 446//2137 450//2137
f 1249//2138 1299//2138 446//2138
f 426//2139 419//2139 1309//2139
f 426//2140 1309//2140 1307//2140
f 1310//2141 573//2141 572//2141
f 1310//2142 1304//2142 573//2142
f 477//2143 471//2143 1293//2143
f 477//2144 1293//2144 1311//2144
f 1253//2145 1252//2145 1287//2145
f 1308//2146 1307//2146 1309//2146
f 1308//2147 1309//2147 1253//2147
f 1266//2148 1253//2148 1287//2148
f 1266//2149 1308//2149 1253//2149
f 1266//2150 1287//2150 1246//2150
f 1266//2151 1246//2151 1245//2151
f 1312//2152 1266//2152 1269//2152
f 1313//2153 1314//2153 1308//2153
f 1248//2154 1266//2154 1312//2154
f 1248//2155 1312//2155 1300//2155
f 1248//2156 1300//2156 1299//2156
f 1248//2157 1299//2157 1249//2157
f 1315//2158 1313//2158 1308//2158
f 1315//2159 1316//2159 1260//2159
f 1315//2160 1260//2160 1259//2160
f 1315//2161 1259//2161 1313//2161
f 1268//2162 1248//2162 1265//2162
f 1277//2163 1276//2163 1315//2163
f 1292//2164 1277//2164 1315//2164
f 1292//2165 1317//2165 1277//2165
f 1291//2166 1248//2166 1268//2166
f 1291//2167 1268//2167 1267//2167
f 1311//2168 1293//2168 1292//2168
f 1250//2169 1291//2169 1251//2169
f 1283//2170 1311//2170 1292//2170
f 1255//2171 1291//2171 1250//2171
f 1254//2172 1291//2172 1255//2172
f 1284//2173 1283//2173 1292//2173
f 1262//2174 1315//2174 1308//2174
f 1262//2175 1261//2175 1284//2175
f 1262//2176 1292//2176 1315//2176
f 1262//2177 1284//2177 1292//2177
f 1280//2178 1266//2178 1248//2178
f 1280//2179 1248//2179 1291//2179
f 1280//2180 1291//2180 1254//2180
f 1280//2181 1254//2181 1318//2181
f 1282//2182 1281//2182 1262//2182
f 1302//2183 1280//2183 1279//2183
f 1319//2184 1282//2184 1262//2184
f 1301//2185 1280//2185 1302//2185
f 1290//2186 1289//2186 1319//2186
f 616//2187 1301//2187 617//2187
f 616//2188 1280//2188 1301//2188
f 1320//2189 1308//2189 1266//2189
f 1320//2190 1286//2190 1285//2190
f 1320//2191 1285//2191 1290//2191
f 1320//2192 1262//2192 1308//2192
f 1320//2193 1319//2193 1262//2193
f 1320//2194 1290//2194 1319//2194
f 1321//2195 1280//2195 616//2195
f 1321//2196 616//2196 615//2196
f 1321//2197 615//2197 614//2197
f 612//2198 1321//2198 613//2198
f 1272//2199 1288//2199 1320//2199
f 1256//2200 1272//2200 1320//2200
f 1256//2201 1258//2201 1303//2201
f 1256//2202 1303//2202 1273//2202
f 1256//2203 1273//2203 1272//2203
f 609//2204 1321//2204 612//2204
f 609//2205 612//2205 1298//2205
f 609//2206 1298//2206 611//2206
f 609//2207 611//2207 610//2207
f 1247//2208 609//2208 608//2208
f 1274//2209 1257//2209 1256//2209
f 606//2210 1247//2210 607//2210
f 606//2211 609//2211 1247//2211
f 1271//2212 1270//2212 1274//2212
f 1271//2213 1274//2213 1256//2213
f 1310//2214 1297//2214 1271//2214
f 605//2215 606//2215 1278//2215
f 604//2216 606//2216 605//2216
f 1304//2217 1310//2217 1271//2217
f 603//2218 606//2218 604//2218
f 1305//2219 1304//2219 1271//2219
f 1296//2220 1306//2220 1305//2220
f 1296//2221 1256//2221 1320//2221
f 1296//2222 1271//2222 1256//2222
f 1296//2223 1305//2223 1271//2223
f 1296//2224 1266//2224 1280//2224
f 1296//2225 1320//2225 1266//2225
f 1275//2226 1280//2226 1321//2226
f 1275//2227 603//2227 602//2227
f 1275//2228 609//2228 606//2228
f 1275//2229 1321//2229 609//2229
f 1275//2230 606//2230 603//2230
f 1275//2231 1296//2231 1280//2231
f 1264//2232 1263//2232 1296//2232
f 410//2233 1275//2233 412//2233
f 409//2234 1296//2234 1275//2234
f 409//2235 1275//2235 410//2235
f 1294//2236 1264//2236 1296//2236
f 1294//2237 1296//2237 409//2237
f 1295//2238 1294//2238 409//2238
f 1322//2239 1323//2239 1324//2239
f 1325//2240 1326//2240 1327//2240
f 1325//2241 1327//2241 1322//2241
f 1328//2242 1322//2242 1324//2242
f 1328//2243 1325//2243 1322//2243
f 1328//2244 1324//2244 1329//2244
f 1328//2245 1329//2245 1330//2245
f 1331//2246 1328//2246 1332//2246
f 1333//2247 1334//2247 1325//2247
f 1335//2248 1328//2248 1331//2248
f 1335//2249 1331//2249 1336//2249
f 1335//2250 1336//2250 1337//2250
f 1335//2251 1337//2251 1338//2251
f 1339//2252 1333//2252 1325//2252
f 1339//2253 1340//2253 1341//2253
f 1339//2254 1341//2254 1342//2254
f 1339//2255 1342//2255 1333//2255
f 1343//2256 1335//2256 1344//2256
f 1345//2257 1346//2257 1339//2257
f 1347//2258 1345//2258 1339//2258
f 1347//2259 1348//2259 1345//2259
f 1349//2260 1335//2260 1343//2260
f 1349//2261 1343//2261 1350//2261
f 1351//2262 1352//2262 1347//2262
f 1353//2263 1349//2263 1354//2263
f 1355//2264 1351//2264 1347//2264
f 1356//2265 1349//2265 1353//2265
f 1357//2266 1349//2266 1356//2266
f 1358//2267 1355//2267 1347//2267
f 1359//2268 1339//2268 1325//2268
f 1359//2269 1360//2269 1358//2269
f 1359//2270 1347//2270 1339//2270
f 1359//2271 1358//2271 1347//2271
f 1361//2272 1328//2272 1335//2272
f 1361//2273 1335//2273 1349//2273
f 1361//2274 1349//2274 1357//2274
f 1361//2275 1357//2275 1362//2275
f 1363//2276 1364//2276 1359//2276
f 1365//2277 1361//2277 1366//2277
f 1367//2278 1363//2278 1359//2278
f 1368//2279 1361//2279 1365//2279
f 1369//2280 1370//2280 1367//2280
f 825//2281 1368//2281 826//2281
f 825//2282 1361//2282 1368//2282
f 1371//2283 1325//2283 1328//2283
f 1371//2284 1372//2284 1373//2284
f 1371//2285 1373//2285 1369//2285
f 1371//2286 1359//2286 1325//2286
f 1371//2287 1367//2287 1359//2287
f 1371//2288 1369//2288 1367//2288
f 1374//2289 1361//2289 825//2289
f 1374//2290 825//2290 824//2290
f 1374//2291 824//2291 823//2291
f 821//2292 1374//2292 822//2292
f 1375//2293 1376//2293 1371//2293
f 1377//2294 1375//2294 1371//2294
f 1377//2295 1378//2295 1379//2295
f 1377//2296 1379//2296 1380//2296
f 1377//2297 1380//2297 1375//2297
f 818//2298 1374//2298 821//2298
f 818//2299 821//2299 1381//2299
f 818//2300 1381//2300 820//2300
f 818//2301 820//2301 819//2301
f 1382//2302 818//2302 817//2302
f 1383//2303 1384//2303 1377//2303
f 815//2304 1382//2304 816//2304
f 815//2305 818//2305 1382//2305
f 1385//2306 1386//2306 1383//2306
f 1385//2307 1383//2307 1377//2307
f 1387//2308 1388//2308 1385//2308
f 814//2309 815//2309 1389//2309
f 813//2310 815//2310 814//2310
f 1390//2311 1387//2311 1385//2311
f 1391//2312 815//2312 813//2312
f 1392//2313 1390//2313 1385//2313
f 1393//2314 1394//2314 1392//2314
f 1393//2315 1377//2315 1371//2315
f 1393//2316 1385//2316 1377//2316
f 1393//2317 1392//2317 1385//2317
f 1393//2318 1328//2318 1361//2318
f 1393//2319 1371//2319 1328//2319
f 1395//2320 1361//2320 1374//2320
f 1395//2321 1391//2321 1396//2321
f 1395//2322 818//2322 815//2322
f 1395//2323 1374//2323 818//2323
f 1395//2324 815//2324 1391//2324
f 1395//2325 1393//2325 1361//2325
f 1397//2326 1398//2326 1393//2326
f 621//2327 1395//2327 623//2327
f 620//2328 1393//2328 1395//2328
f 620//2329 1395//2329 621//2329
f 1399//2330 1397//2330 1393//2330
f 1399//2331 1393//2331 620//2331
f 1400//2332 1399//2332 620//2332
f 1401//2333 1402//2333 1403//2333
f 1404//2334 1405//2334 1406//2334
f 1404//2335 1406//2335 1402//2335
f 1407//2336 1402//2336 1401//2336
f 1407//2337 1404//2337 1402//2337
f 1407//2338 1401//2338 1408//2338
f 1407//2339 1408//2339 1409//2339
f 1410//2340 1407//2340 1411//2340
f 1412//2341 1413//2341 1404//2341
f 1414//2342 1407//2342 1410//2342
f 1414//2343 1410//2343 1415//2343
f 1414//2344 1415//2344 1416//2344
f 1414//2345 1416//2345 1417//2345
f 1418//2346 1412//2346 1404//2346
f 1418//2347 1419//2347 1420//2347
f 1418//2348 1420//2348 1421//2348
f 1418//2349 1421//2349 1412//2349
f 1422//2350 1414//2350 1423//2350
f 1424//2351 1425//2351 1418//2351
f 1426//2352 1424//2352 1418//2352
f 1426//2353 1427//2353 1424//2353
f 1428//2354 1414//2354 1422//2354
f 1428//2355 1422//2355 1429//2355
f 1430//2356 1431//2356 1426//2356
f 1432//2357 1428//2357 1433//2357
f 1434//2358 1430//2358 1426//2358
f 1435//2359 1428//2359 1432//2359
f 1436//2360 1428//2360 1435//2360
f 1437//2361 1434//2361 1426//2361
f 1438//2362 1418//2362 1404//2362
f 1438//2363 1439//2363 1437//2363
f 1438//2364 1426//2364 1418//2364
f 1438//2365 1437//2365 1426//2365
f 1440//2366 1407//2366 1414//2366
f 1440//2367 1414//2367 1428//2367
f 1440//2368 1428//2368 1436//2368
f 1440//2369 1436//2369 1441//2369
f 1442//2370 1443//2370 1438//2370
f 1444//2371 1440//2371 1445//2371
f 1446//2372 1442//2372 1438//2372
f 1447//2373 1440//2373 1444//2373
f 1448//2374 1449//2374 1446//2374
f 1034//2375 1447//2375 1450//2375
f 1034//2376 1440//2376 1447//2376
f 1451//2377 1404//2377 1407//2377
f 1451//2378 1452//2378 1453//2378
f 1451//2379 1453//2379 1448//2379
f 1451//2380 1438//2380 1404//2380
f 1451//2381 1446//2381 1438//2381
f 1451//2382 1448//2382 1446//2382
f 1032//2383 1440//2383 1034//2383
f 1032//2384 1034//2384 1033//2384
f 1032//2385 1033//2385 1454//2385
f 1030//2386 1032//2386 1031//2386
f 1455//2387 1456//2387 1451//2387
f 1457//2388 1455//2388 1451//2388
f 1457//2389 1458//2389 1459//2389
f 1457//2390 1459//2390 1460//2390
f 1457//2391 1460//2391 1455//2391
f 1026//2392 1032//2392 1030//2392
f 1026//2393 1030//2393 1029//2393
f 1026//2394 1029//2394 1028//2394
f 1026//2395 1028//2395 1027//2395
f 1461//2396 1026//2396 1462//2396
f 1463//2397 1464//2397 1457//2397
f 1024//2398 1461//2398 1025//2398
f 1024//2399 1026//2399 1461//2399
f 1465//2400 1466//2400 1463//2400
f 1465//2401 1463//2401 1457//2401
f 1467//2402 1468//2402 1465//2402
f 1469//2403 1024//2403 1470//2403
f 1023//2404 1024//2404 1469//2404
f 1471//2405 1467//2405 1465//2405
f 1022//2406 1024//2406 1023//2406
f 1472//2407 1471//2407 1465//2407
f 1473//2408 1474//2408 1472//2408
f 1473//2409 1465//2409 1457//2409
f 1473//2410 1457//2410 1451//2410
f 1473//2411 1472//2411 1465//2411
f 1473//2412 1407//2412 1440//2412
f 1473//2413 1451//2413 1407//2413
f 1475//2414 1440//2414 1032//2414
f 1475//2415 1022//2415 1021//2415
f 1475//2416 1026//2416 1024//2416
f 1475//2417 1032//2417 1026//2417
f 1475//2418 1024//2418 1022//2418
f 1475//2419 1473//2419 1440//2419
f 1476//2420 1477//2420 1473//2420
f 829//2421 1475//2421 830//2421
f 1478//2422 1473//2422 1475//2422
f 1478//2423 1475//2423 829//2423
f 1479//2424 1476//2424 1473//2424
f 1479//2425 1473//2425 1478//2425
f 1480//2426 1479//2426 1478//2426
f 1481//2427 1482//2427 1483//2427
f 1484//2428 1485//2428 1486//2428
f 1484//2429 1486//2429 1482//2429
f 1487//2430 1482//2430 1481//2430
f 1487//2431 1484//2431 1482//2431
f 1487//2432 1481//2432 1488//2432
f 1487//2433 1488//2433 1489//2433
f 1490//2434 1487//2434 1491//2434
f 1492//2435 1493//2435 1484//2435
f 1494//2436 1487//2436 1490//2436
f 1494//2437 1490//2437 1495//2437
f 1494//2438 1495//2438 1496//2438
f 1494//2439 1496//2439 1497//2439
f 1498//2440 1492//2440 1484//2440
f 1498//2441 1499//2441 1500//2441
f 1498//2442 1500//2442 1501//2442
f 1498//2443 1501//2443 1492//2443
f 1502//2444 1494//2444 1503//2444
f 1504//2445 1505//2445 1498//2445
f 1506//2446 1504//2446 1498//2446
f 1506//2447 1507//2447 1504//2447
f 1508//2448 1494//2448 1502//2448
f 1508//2449 1502//2449 1509//2449
f 1510//2450 1511//2450 1506//2450
f 1512//2451 1508//2451 1513//2451
f 1514//2452 1510//2452 1506//2452
f 1515//2453 1508//2453 1512//2453
f 1516//2454 1508//2454 1515//2454
f 1517//2455 1514//2455 1506//2455
f 1518//2456 1498//2456 1484//2456
f 1518//2457 1519//2457 1517//2457
f 1518//2458 1506//2458 1498//2458
f 1518//2459 1517//2459 1506//2459
f 1520//2460 1487//2460 1494//2460
f 1520//2461 1494//2461 1508//2461
f 1520//2462 1508//2462 1516//2462
f 1520//2463 1516//2463 1521//2463
f 1522//2464 1523//2464 1518//2464
f 1524//2465 1520//2465 1525//2465
f 1526//2466 1522//2466 1518//2466
f 1527//2467 1520//2467 1524//2467
f 1528//2468 1529//2468 1526//2468
f 1242//2469 1527//2469 1530//2469
f 1242//2470 1520//2470 1527//2470
f 1531//2471 1484//2471 1487//2471
f 1531//2472 1532//2472 1533//2472
f 1531//2473 1533//2473 1528//2473
f 1531//2474 1518//2474 1484//2474
f 1531//2475 1526//2475 1518//2475
f 1531//2476 1528//2476 1526//2476
f 1240//2477 1520//2477 1242//2477
f 1240//2478 1242//2478 1241//2478
f 1240//2479 1241//2479 1534//2479
f 1238//2480 1240//2480 1239//2480
f 1535//2481 1536//2481 1531//2481
f 1537//2482 1535//2482 1531//2482
f 1537//2483 1538//2483 1539//2483
f 1537//2484 1539//2484 1540//2484
f 1537//2485 1540//2485 1535//2485
f 1234//2486 1240//2486 1238//2486
f 1234//2487 1238//2487 1237//2487
f 1234//2488 1237//2488 1236//2488
f 1234//2489 1236//2489 1235//2489
f 1541//2490 1234//2490 1542//2490
f 1543//2491 1544//2491 1537//2491
f 1232//2492 1541//2492 1233//2492
f 1232//2493 1234//2493 1541//2493
f 1545//2494 1546//2494 1543//2494
f 1545//2495 1543//2495 1537//2495
f 1547//2496 1548//2496 1545//2496
f 1549//2497 1232//2497 1550//2497
f 1231//2498 1232//2498 1549//2498
f 1551//2499 1547//2499 1545//2499
f 1230//2500 1232//2500 1231//2500
f 1552//2501 1551//2501 1545//2501
f 1553//2502 1554//2502 1552//2502
f 1553//2503 1545//2503 1537//2503
f 1553//2504 1537//2504 1531//2504
f 1553//2505 1552//2505 1545//2505
f 1553//2506 1487//2506 1520//2506
f 1553//2507 1531//2507 1487//2507
f 1555//2508 1520//2508 1240//2508
f 1555//2509 1230//2509 1229//2509
f 1555//2510 1234//2510 1232//2510
f 1555//2511 1240//2511 1234//2511
f 1555//2512 1232//2512 1230//2512
f 1555//2513 1553//2513 1520//2513
f 1556//2514 1557//2514 1553//2514
f 1037//2515 1555//2515 1038//2515
f 1558//2516 1553//2516 1555//2516
f 1558//2517 1555//2517 1037//2517
f 1559//2518 1556//2518 1553//2518
f 1559//2519 1553//2519 1558//2519
f 1560//2520 1559//2520 1558//2520
f 507//2521 506//2521 1319//2521
f 507//2522 1319//2522 1289//2522
f 551//2523 560//2523 1247//2523
f 551//2524 1247//2524 608//2524
f 443//2525 439//2525 1313//2525
f 443//2526 1313//2526 1259//2526
f 498//2527 493//2527 1262//2527
f 498//2528 1262//2528 1281//2528
f 1306//2529 588//2529 584//2529
f 1306//2530 1296//2530 588//2530
f 490//2531 485//2531 1284//2531
f 490//2532 1284//2532 1261//2532
f 534//2533 538//2533 1298//2533
f 534//2534 1298//2534 612//2534
f 1318//2535 483//2535 487//2535
f 1318//2536 1254//2536 483//2536
f 575//2537 578//2537 603//2537
f 575//2538 603//2538 604//2538
f 455//2539 454//2539 1315//2539
f 455//2540 1315//2540 1276//2540
f 1255//2541 478//2541 479//2541
f 1255//2542 1250//2542 478//2542
f 1290//2543 516//2543 515//2543
f 1290//2544 1285//2544 516//2544
f 454//2545 447//2545 1316//2545
f 454//2546 1316//2546 1315//2546
f 1302//2547 495//2547 501//2547
f 1302//2548 1279//2548 495//2548
f 1274//2549 557//2549 556//2549
f 1274//2550 1270//2550 557//2550
f 1280//2551 487//2551 494//2551
f 1280//2552 1318//2552 487//2552
f 568//2553 567//2553 1278//2553
f 568//2554 1278//2554 606//2554
f 1303//2555 541//2555 540//2555
f 1303//2556 1258//2556 541//2556
f 518//2557 525//2557 1321//2557
f 518//2558 1321//2558 614//2558
f 439//2559 431//2559 1314//2559
f 439//2560 1314//2560 1313//2560
f 1286//2561 527//2561 520//2561
f 1286//2562 1320//2562 527//2562
f 419//2563 417//2563 1253//2563
f 419//2564 1253//2564 1309//2564
f 466//2565 462//2565 1277//2565
f 466//2566 1277//2566 1317//2566
f 1320//2567 528//2567 527//2567
f 1320//2568 1288//2568 528//2568
f 1268//2569 458//2569 461//2569
f 1268//2570 1265//2570 458//2570
f 617//2571 505//2571 508//2571
f 617//2572 1301//2572 505//2572
f 481//2573 477//2573 1311//2573
f 481//2574 1311//2574 1283//2574
f 408//2575 598//2575 1295//2575
f 408//2576 1295//2576 409//2576
f 1300//2577 437//2577 441//2577
f 1300//2578 1312//2578 437//2578
f 525//2579 524//2579 613//2579
f 525//2580 613//2580 1321//2580
f 1312//2581 434//2581 437//2581
f 1312//2582 1269//2582 434//2582
f 506//2583 503//2583 1282//2583
f 506//2584 1282//2584 1319//2584
f 447//2585 445//2585 1260//2585
f 447//2586 1260//2586 1316//2586
f 469//2587 466//2587 1317//2587
f 469//2588 1317//2588 1292//2588
f 431//2589 429//2589 1308//2589
f 431//2590 1308//2590 1314//2590
f 1297//2591 572//2591 565//2591
f 1297//2592 1310//2592 572//2592
f 1330//2593 632//2593 634//2593
f 1330//2594 1329//2594 632//2594
f 771//2595 770//2595 816//2595
f 771//2596 816//2596 1382//2596
f 1335//2597 661//2597 664//2597
f 1335//2598 1338//2598 661//2598
f 1353//2599 685//2599 689//2599
f 1353//2600 1354//2600 685//2600
f 628//2601 624//2601 1323//2601
f 628//2602 1323//2602 1322//2602
f 1357//2603 690//2603 694//2603
f 1357//2604 1356//2604 690//2604
f 1377//2605 760//2605 759//2605
f 1377//2606 1384//2606 760//2606
f 1378//2607 759//2607 752//2607
f 1378//2608 1377//2608 759//2608
f 656//2609 654//2609 1342//2609
f 656//2610 1342//2610 1341//2610
f 704//2611 701//2611 1360//2611
f 704//2612 1360//2612 1359//2612
f 1398//2613 807//2613 800//2613
f 1398//2614 1397//2614 807//2614
f 1344//2615 664//2615 669//2615
f 1344//2616 1335//2616 664//2616
f 1328//2617 634//2617 641//2617
f 1328//2618 1330//2618 634//2618
f 1350//2619 672//2619 674//2619
f 1350//2620 1343//2620 672//2620
f 1332//2621 641//2621 645//2621
f 1332//2622 1328//2622 641//2622
f 1386//2623 775//2623 768//2623
f 1386//2624 1385//2624 775//2624
f 1375//2625 747//2625 743//2625
f 1375//2626 1380//2626 747//2626
f 802//2627 622//2627 623//2627
f 802//2628 623//2628 1395//2628
f 673//2629 666//2629 1346//2629
f 673//2630 1346//2630 1345//2630
f 778//2631 787//2631 814//2631
f 778//2632 814//2632 1389//2632
f 1366//2633 705//2633 706//2633
f 1366//2634 1361//2634 705//2634
f 714//2635 709//2635 1364//2635
f 714//2636 1364//2636 1363//2636
f 696//2637 692//2637 1355//2637
f 696//2638 1355//2638 1358//2638
f 1373//2639 731//2639 727//2639
f 1373//2640 1372//2640 731//2640
f 1324//2641 624//2641 629//2641
f 1324//2642 1323//2642 624//2642
f 1376//2643 743//2643 739//2643
f 1376//2644 1375//2644 743//2644
f 1370//2645 726//2645 718//2645
f 1370//2646 1369//2646 726//2646
f 1349//2647 674//2647 681//2647
f 1349//2648 1350//2648 674//2648
f 793//2649 802//2649 1395//2649
f 793//2650 1395//2650 1396//2650
f 682//2651 680//2651 1347//2651
f 682//2652 1347//2652 1352//2652
f 1329//2653 629//2653 632//2653
f 1329//2654 1324//2654 629//2654
f 1399//2655 809//2655 811//2655
f 1399//2656 1400//2656 809//2656
f 1393//2657 800//2657 799//2657
f 1393//2658 1398//2658 800//2658
f 724//2659 723//2659 824//2659
f 724//2660 824//2660 825//2660
f 1385//2661 776//2661 775//2661
f 1385//2662 1388//2662 776//2662
f 749//2663 755//2663 820//2663
f 749//2664 820//2664 1381//2664
f 1397//2665 811//2665 807//2665
f 1397//2666 1399//2666 811//2666
f 1337//2667 652//2667 657//2667
f 1337//2668 1336//2668 652//2668
f 1368//2669 712//2669 716//2669
f 1368//2670 1365//2670 712//2670
f 1380//2671 751//2671 747//2671
f 1380//2672 1379//2672 751//2672
f 1390//2673 791//2673 784//2673
f 1390//2674 1392//2674 791//2674
f 1392//2675 795//2675 791//2675
f 1392//2676 1394//2676 795//2676
f 640//2677 637//2677 1326//2677
f 640//2678 1326//2678 1325//2678
f 1338//2679 657//2679 661//2679
f 1338//2680 1337//2680 657//2680
f 637//2681 630//2681 1327//2681
f 637//2682 1327//2682 1326//2682
f 688//2683 682//2683 1352//2683
f 688//2684 1352//2684 1351//2684
f 762//2685 771//2685 1382//2685
f 762//2686 1382//2686 817//2686
f 1384//2687 767//2687 760//2687
f 1384//2688 1383//2688 767//2688
f 654//2689 650//2689 1333//2689
f 654//2690 1333//2690 1342//2690
f 709//2691 704//2691 1359//2691
f 709//2692 1359//2692 1364//2692
f 1394//2693 799//2693 795//2693
f 1394//2694 1393//2694 799//2694
f 701//2695 696//2695 1358//2695
f 701//2696 1358//2696 1360//2696
f 745//2697 749//2697 1381//2697
f 745//2698 1381//2698 821//2698
f 1362//2699 694//2699 698//2699
f 1362//2700 1357//2700 694//2700
f 786//2701 789//2701 1391//2701
f 786//2702 1391//2702 813//2702
f 666//2703 665//2703 1339//2703
f 666//2704 1339//2704 1346//2704
f 1356//2705 689//2705 690//2705
f 1356//2706 1353//2706 689//2706
f 1369//2707 727//2707 726//2707
f 1369//2708 1373//2708 727//2708
f 665//2709 658//2709 1340//2709
f 665//2710 1340//2710 1339//2710
f 1354//2711 681//2711 685//2711
f 1354//2712 1349//2712 681//2712
f 1365//2713 706//2713 712//2713
f 1365//2714 1366//2714 706//2714
f 1383//2715 768//2715 767//2715
f 1383//2716 1386//2716 768//2716
f 1361//2717 698//2717 705//2717
f 1361//2718 1362//2718 698//2718
f 779//2719 778//2719 1389//2719
f 779//2720 1389//2720 815//2720
f 1379//2721 752//2721 751//2721
f 1379//2722 1378//2722 752//2722
f 729//2723 736//2723 1374//2723
f 729//2724 1374//2724 823//2724
f 650//2725 642//2725 1334//2725
f 650//2726 1334//2726 1333//2726
f 1372//2727 738//2727 731//2727
f 1372//2728 1371//2728 738//2728
f 630//2729 628//2729 1322//2729
f 630//2730 1322//2730 1327//2730
f 677//2731 673//2731 1345//2731
f 677//2732 1345//2732 1348//2732
f 1371//2733 739//2733 738//2733
f 1371//2734 1376//2734 739//2734
f 789//2735 793//2735 1396//2735
f 789//2736 1396//2736 1391//2736
f 1343//2737 669//2737 672//2737
f 1343//2738 1344//2738 669//2738
f 826//2739 716//2739 719//2739
f 826//2740 1368//2740 716//2740
f 692//2741 688//2741 1351//2741
f 692//2742 1351//2742 1355//2742
f 619//2743 809//2743 1400//2743
f 619//2744 1400//2744 620//2744
f 1336//2745 648//2745 652//2745
f 1336//2746 1331//2746 648//2746
f 736//2747 735//2747 822//2747
f 736//2748 822//2748 1374//2748
f 1331//2749 645//2749 648//2749
f 1331//2750 1332//2750 645//2750
f 717//2751 714//2751 1363//2751
f 717//2752 1363//2752 1367//2752
f 718//2753 717//2753 1367//2753
f 718//2754 1367//2754 1370//2754
f 658//2755 656//2755 1341//2755
f 658//2756 1341//2756 1340//2756
f 680//2757 677//2757 1348//2757
f 680//2758 1348//2758 1347//2758
f 642//2759 640//2759 1325//2759
f 642//2760 1325//2760 1334//2760
f 1388//2761 783//2761 776//2761
f 1388//2762 1387//2762 783//2762
f 1387//2763 784//2763 783//2763
f 1387//2764 1390//2764 784//2764
f 921//2765 916//2765 1443//2765
f 921//2766 1443//2766 1442//2766
f 978//2767 977//2767 1025//2767
f 978//2768 1025//2768 1461//2768
f 863//2769 861//2769 1421//2769
f 863//2770 1421//2770 1420//2770
f 835//2771 831//2771 1403//2771
f 835//2772 1403//2772 1402//2772
f 1435//2773 896//2773 897//2773
f 1435//2774 1432//2774 896//2774
f 899//2775 895//2775 1430//2775
f 899//2776 1430//2776 1434//2776
f 925//2777 924//2777 1446//2777
f 925//2778 1446//2778 1449//2778
f 1441//2779 901//2779 905//2779
f 1441//2780 1436//2780 901//2780
f 1464//2781 974//2781 967//2781
f 1464//2782 1463//2782 974//2782
f 1458//2783 966//2783 959//2783
f 1458//2784 1457//2784 966//2784
f 1448//2785 934//2785 933//2785
f 1448//2786 1453//2786 934//2786
f 1460//2787 958//2787 954//2787
f 1460//2788 1459//2788 958//2788
f 969//2789 978//2789 1461//2789
f 969//2790 1461//2790 1462//2790
f 1455//2791 954//2791 950//2791
f 1455//2792 1460//2792 954//2792
f 1476//2793 1019//2793 1014//2793
f 1476//2794 1479//2794 1019//2794
f 844//2795 837//2795 1406//2795
f 844//2796 1406//2796 1405//2796
f 857//2797 849//2797 1413//2797
f 857//2798 1413//2798 1412//2798
f 1429//2799 879//2799 881//2799
f 1429//2800 1422//2800 879//2800
f 994//2801 993//2801 1023//2801
f 994//2802 1023//2802 1469//2802
f 1479//2803 1016//2803 1019//2803
f 1479//2804 1480//2804 1016//2804
f 1415//2805 855//2805 859//2805
f 1415//2806 1410//2806 855//2806
f 985//2807 994//2807 1469//2807
f 985//2808 1469//2808 1470//2808
f 1473//2809 1007//2809 1006//2809
f 1473//2810 1477//2810 1007//2810
f 903//2811 899//2811 1434//2811
f 903//2812 1434//2812 1437//2812
f 1466//2813 982//2813 975//2813
f 1466//2814 1465//2814 982//2814
f 1456//2815 950//2815 946//2815
f 1456//2816 1455//2816 950//2816
f 1401//2817 831//2817 836//2817
f 1401//2818 1403//2818 831//2818
f 1471//2819 998//2819 991//2819
f 1471//2820 1472//2820 998//2820
f 849//2821 847//2821 1404//2821
f 849//2822 1404//2822 1413//2822
f 1428//2823 881//2823 888//2823
f 1428//2824 1429//2824 881//2824
f 1009//2825 827//2825 830//2825
f 1009//2826 830//2826 1475//2826
f 1449//2827 933//2827 925//2827
f 1449//2828 1448//2828 933//2828
f 986//2829 985//2829 1470//2829
f 986//2830 1470//2830 1024//2830
f 889//2831 887//2831 1426//2831
f 889//2832 1426//2832 1431//2832
f 1468//2833 990//2833 983//2833
f 1468//2834 1467//2834 990//2834
f 970//2835 969//2835 1462//2835
f 970//2836 1462//2836 1026//2836
f 1444//2837 913//2837 919//2837
f 1444//2838 1445//2838 913//2838
f 1000//2839 1009//2839 1475//2839
f 1000//2840 1475//2840 1021//2840
f 861//2841 857//2841 1412//2841
f 861//2842 1412//2842 1421//2842
f 872//2843 865//2843 1419//2843
f 872//2844 1419//2844 1418//2844
f 1432//2845 892//2845 896//2845
f 1432//2846 1433//2846 892//2846
f 962//2847 961//2847 1027//2847
f 962//2848 1027//2848 1028//2848
f 926//2849 931//2849 1034//2849
f 926//2850 1034//2850 1450//2850
f 936//2851 943//2851 1032//2851
f 936//2852 1032//2852 1454//2852
f 1457//2853 967//2853 966//2853
f 1457//2854 1464//2854 967//2854
f 873//2855 872//2855 1418//2855
f 873//2856 1418//2856 1425//2856
f 1472//2857 1002//2857 998//2857
f 1472//2858 1474//2858 1002//2858
f 916//2859 911//2859 1438//2859
f 916//2860 1438//2860 1443//2860
f 1465//2861 983//2861 982//2861
f 1465//2862 1468//2862 983//2862
f 1450//2863 923//2863 926//2863
f 1450//2864 1447//2864 923//2864
f 1422//2865 876//2865 879//2865
f 1422//2866 1423//2866 876//2866
f 924//2867 921//2867 1442//2867
f 924//2868 1442//2868 1446//2868
f 1411//2869 848//2869 852//2869
f 1411//2870 1407//2870 848//2870
f 1440//2871 905//2871 912//2871
f 1440//2872 1441//2872 905//2872
f 1436//2873 897//2873 901//2873
f 1436//2874 1435//2874 897//2874
f 1408//2875 836//2875 839//2875
f 1408//2876 1401//2876 836//2876
f 1463//2877 975//2877 974//2877
f 1463//2878 1466//2878 975//2878
f 952//2879 956//2879 1029//2879
f 952//2880 1029//2880 1030//2880
f 1477//2881 1014//2881 1007//2881
f 1477//2882 1476//2882 1014//2882
f 895//2883 889//2883 1431//2883
f 895//2884 1431//2884 1430//2884
f 887//2885 884//2885 1427//2885
f 887//2886 1427//2886 1426//2886
f 1467//2887 991//2887 990//2887
f 1467//2888 1471//2888 991//2888
f 1451//2889 946//2889 945//2889
f 1451//2890 1456//2890 946//2890
f 911//2891 908//2891 1439//2891
f 911//2892 1439//2892 1438//2892
f 1459//2893 959//2893 958//2893
f 1459//2894 1458//2894 959//2894
f 1433//2895 888//2895 892//2895
f 1433//2896 1428//2896 888//2896
f 865//2897 863//2897 1420//2897
f 865//2898 1420//2898 1419//2898
f 1453//2899 938//2899 934//2899
f 1453//2900 1452//2900 938//2900
f 1414//2901 868//2901 871//2901
f 1414//2902 1417//2902 868//2902
f 1445//2903 912//2903 913//2903
f 1445//2904 1440//2904 912//2904
f 847//2905 844//2905 1405//2905
f 847//2906 1405//2906 1404//2906
f 1423//2907 871//2907 876//2907
f 1423//2908 1414//2908 871//2908
f 1447//2909 919//2909 923//2909
f 1447//2910 1444//2910 919//2910
f 1474//2911 1006//2911 1002//2911
f 1474//2912 1473//2912 1006//2912
f 930//2913 936//2913 1454//2913
f 930//2914 1454//2914 1033//2914
f 1409//2915 839//2915 841//2915
f 1409//2916 1408//2916 839//2916
f 908//2917 903//2917 1437//2917
f 908//2918 1437//2918 1439//2918
f 828//2919 1017//2919 1478//2919
f 828//2920 1478//2920 829//2920
f 1017//2921 1016//2921 1480//2921
f 1017//2922 1480//2922 1478//2922
f 1407//2923 841//2923 848//2923
f 1407//2924 1409//2924 841//2924
f 1410//2925 852//2925 855//2925
f 1410//2926 1411//2926 852//2926
f 837//2927 835//2927 1402//2927
f 837//2928 1402//2928 1406//2928
f 884//2929 880//2929 1424//2929
f 884//2930 1424//2930 1427//2930
f 880//2931 873//2931 1425//2931
f 880//2932 1425//2932 1424//2932
f 1416//2933 859//2933 864//2933
f 1416//2934 1415//2934 859//2934
f 1417//2935 864//2935 868//2935
f 1417//2936 1416//2936 864//2936
f 1452//2937 945//2937 938//2937
f 1452//2938 1451//2938 945//2938
f 1129//2939 1124//2939 1523//2939
f 1129//2940 1523//2940 1522//2940
f 1186//2941 1185//2941 1233//2941
f 1186//2942 1233//2942 1541//2942
f 1071//2943 1069//2943 1501//2943
f 1071//2944 1501//2944 1500//2944
f 1043//2945 1039//2945 1483//2945
f 1043//2946 1483//2946 1482//2946
f 1515//2947 1104//2947 1105//2947
f 1515//2948 1512//2948 1104//2948
f 1107//2949 1103//2949 1510//2949
f 1107//2950 1510//2950 1514//2950
f 1133//2951 1132//2951 1526//2951
f 1133//2952 1526//2952 1529//2952
f 1521//2953 1109//2953 1113//2953
f 1521//2954 1516//2954 1109//2954
f 1544//2955 1182//2955 1175//2955
f 1544//2956 1543//2956 1182//2956
f 1538//2957 1174//2957 1167//2957
f 1538//2958 1537//2958 1174//2958
f 1528//2959 1142//2959 1141//2959
f 1528//2960 1533//2960 1142//2960
f 1540//2961 1166//2961 1162//2961
f 1540//2962 1539//2962 1166//2962
f 1177//2963 1186//2963 1541//2963
f 1177//2964 1541//2964 1542//2964
f 1535//2965 1162//2965 1158//2965
f 1535//2966 1540//2966 1162//2966
f 1556//2967 1227//2967 1222//2967
f 1556//2968 1559//2968 1227//2968
f 1052//2969 1045//2969 1486//2969
f 1052//2970 1486//2970 1485//2970
f 1065//2971 1057//2971 1493//2971
f 1065//2972 1493//2972 1492//2972
f 1509//2973 1087//2973 1089//2973
f 1509//2974 1502//2974 1087//2974
f 1202//2975 1201//2975 1231//2975
f 1202//2976 1231//2976 1549//2976
f 1487//2977 1049//2977 1056//2977
f 1487//2978 1489//2978 1049//2978
f 1559//2979 1224//2979 1227//2979
f 1559//2980 1560//2980 1224//2980
f 1495//2981 1063//2981 1067//2981
f 1495//2982 1490//2982 1063//2982
f 1193//2983 1202//2983 1549//2983
f 1193//2984 1549//2984 1550//2984
f 1553//2985 1215//2985 1214//2985
f 1553//2986 1557//2986 1215//2986
f 1111//2987 1107//2987 1514//2987
f 1111//2988 1514//2988 1517//2988
f 1546//2989 1190//2989 1183//2989
f 1546//2990 1545//2990 1190//2990
f 1536//2991 1158//2991 1154//2991
f 1536//2992 1535//2992 1158//2992
f 1481//2993 1039//2993 1044//2993
f 1481//2994 1483//2994 1039//2994
f 1551//2995 1206//2995 1199//2995
f 1551//2996 1552//2996 1206//2996
f 1057//2997 1055//2997 1484//2997
f 1057//2998 1484//2998 1493//2998
f 1508//2999 1089//2999 1096//2999
f 1508//3000 1509//3000 1089//3000
f 1217//3001 1035//3001 1038//3001
f 1217//3002 1038//3002 1555//3002
f 1529//3003 1141//3003 1133//3003
f 1529//3004 1528//3004 1141//3004
f 1194//3005 1193//3005 1550//3005
f 1194//3006 1550//3006 1232//3006
f 1097//3007 1095//3007 1506//3007
f 1097//3008 1506//3008 1511//3008
f 1548//3009 1198//3009 1191//3009
f 1548//3010 1547//3010 1198//3010
f 1178//3011 1177//3011 1542//3011
f 1178//3012 1542//3012 1234//3012
f 1524//3013 1121//3013 1127//3013
f 1524//3014 1525//3014 1121//3014
f 1208//3015 1217//3015 1555//3015
f 1208//3016 1555//3016 1229//3016
f 1069//3017 1065//3017 1492//3017
f 1069//3018 1492//3018 1501//3018
f 1080//3019 1073//3019 1499//3019
f 1080//3020 1499//3020 1498//3020
f 1512//3021 1100//3021 1104//3021
f 1512//3022 1513//3022 1100//3022
f 1170//3023 1169//3023 1235//3023
f 1170//3024 1235//3024 1236//3024
f 1134//3025 1139//3025 1242//3025
f 1134//3026 1242//3026 1530//3026
f 1144//3027 1151//3027 1240//3027
f 1144//3028 1240//3028 1534//3028
f 1537//3029 1175//3029 1174//3029
f 1537//3030 1544//3030 1175//3030
f 1045//3031 1043//3031 1482//3031
f 1045//3032 1482//3032 1486//3032
f 1081//3033 1080//3033 1498//3033
f 1081//3034 1498//3034 1505//3034
f 1552//3035 1210//3035 1206//3035
f 1552//3036 1554//3036 1210//3036
f 1124//3037 1119//3037 1518//3037
f 1124//3038 1518//3038 1523//3038
f 1545//3039 1191//3039 1190//3039
f 1545//3040 1548//3040 1191//3040
f 1530//3041 1131//3041 1134//3041
f 1530//3042 1527//3042 1131//3042
f 1502//3043 1084//3043 1087//3043
f 1502//3044 1503//3044 1084//3044
f 1132//3045 1129//3045 1522//3045
f 1132//3046 1522//3046 1526//3046
f 1491//3047 1056//3047 1060//3047
f 1491//3048 1487//3048 1056//3048
f 1520//3049 1113//3049 1120//3049
f 1520//3050 1521//3050 1113//3050
f 1516//3051 1105//3051 1109//3051
f 1516//3052 1515//3052 1105//3052
f 1488//3053 1044//3053 1047//3053
f 1488//3054 1481//3054 1044//3054
f 1543//3055 1183//3055 1182//3055
f 1543//3056 1546//3056 1183//3056
f 1160//3057 1164//3057 1237//3057
f 1160//3058 1237//3058 1238//3058
f 1557//3059 1222//3059 1215//3059
f 1557//3060 1556//3060 1222//3060
f 1103//3061 1097//3061 1511//3061
f 1103//3062 1511//3062 1510//3062
f 1095//3063 1092//3063 1507//3063
f 1095//3064 1507//3064 1506//3064
f 1547//3065 1199//3065 1198//3065
f 1547//3066 1551//3066 1199//3066
f 1531//3067 1154//3067 1153//3067
f 1531//3068 1536//3068 1154//3068
f 1119//3069 1116//3069 1519//3069
f 1119//3070 1519//3070 1518//3070
f 1539//3071 1167//3071 1166//3071
f 1539//3072 1538//3072 1167//3072
f 1513//3073 1096//3073 1100//3073
f 1513//3074 1508//3074 1096//3074
f 1073//3075 1071//3075 1500//3075
f 1073//3076 1500//3076 1499//3076
f 1533//3077 1146//3077 1142//3077
f 1533//3078 1532//3078 1146//3078
f 1494//3079 1076//3079 1079//3079
f 1494//3080 1497//3080 1076//3080
f 1525//3081 1120//3081 1121//3081
f 1525//3082 1520//3082 1120//3082
f 1055//3083 1052//3083 1485//3083
f 1055//3084 1485//3084 1484//3084
f 1503//3085 1079//3085 1084//3085
f 1503//3086 1494//3086 1079//3086
f 1527//3087 1127//3087 1131//3087
f 1527//3088 1524//3088 1127//3088
f 1554//3089 1214//3089 1210//3089
f 1554//3090 1553//3090 1214//3090
f 1138//3091 1144//3091 1534//3091
f 1138//3092 1534//3092 1241//3092
f 1489//3093 1047//3093 1049//3093
f 1489//3094 1488//3094 1047//3094
f 1116//3095 1111//3095 1517//3095
f 1116//3096 1517//3096 1519//3096
f 1036//3097 1225//3097 1558//3097
f 1036//3098 1558//3098 1037//3098
f 1225//3099 1224//3099 1560//3099
f 1225//3100 1560//3100 1558//3100
f 1490//3101 1060//3101 1063//3101
f 1490//3102 1491//3102 1060//3102
f 1092//3103 1088//3103 1504//3103
f 1092//3104 1504//3104 1507//3104
f 1088//3105 1081//3105 1505//3105
f 1088//3106 1505//3106 1504//3106
f 1496//3107 1067//3107 1072//3107
f 1496//3108 1495//3108 1067//3108
f 1497//3109 1072//3109 1076//3109
f 1497//3110 1496//3110 1072//3110
f 1532//3111 1153//3111 1146//3111
f 1532//3112 1531//3112 1153//3112
f 19//3113 7//3113 6//3113
f 19//3114 18//3114 7//3114
f 4//3115 7//3115 18//3115
f 4//3116 18//3116 17//3116
f 6//3117 1//3117 15//3117
f 6//3118 15//3118 19//3118
f 17//3119 1//3119 4//3119
f 17//3120 15//3120 1//3120
g OpenSCAD_Lid_mesh
f 1561//3121 1562//3121 1563//3121
f 1561//3122 1564//3122 1562//3122
f 1565//3123 1566//3123 1567//3123
f 1568//3124 1567//3124 1566//3124
f 1569//3125 1566//3125 1565//3125
f 1570//3126 1568//3126 1566//3126
f 1571//3127 1570//3127 1566//3127
f 1572//3128 1566//3128 1569//3128
f 1573//3129 1571//3129 1566//3129
f 1574//3130 1566//3130 1572//3130
f 1575//3131 1566//3131 1574//3131
f 1576//3132 1573//3132 1566//3132
f 1577//3133 1566//3133 1575//3133
f 1578//3134 1576//3134 1566//3134
f 1579//3135 1578//3135 1566//3135
f 1580//3136 1566//3136 1577//3136
f 1581//3137 1566//3137 1580//3137
f 1582//3138 1579//3138 1566//3138
f 1583//3139 1566//3139 1581//3139
f 1584//3140 1582//3140 1566//3140
f 1585//3141 1584//3141 1566//3141
f 1586//3142 1566//3142 1583//3142
f 1587//3143 1585//3143 1566//3143
f 1588//3144 1566//3144 1586//3144
f 1589//3145 1587//3145 1566//3145
f 1590//3146 1566//3146 1588//3146
f 1591//3147 1589//3147 1566//3147
f 1592//3148 1566//3148 1590//3148
f 1593//3149 1591//3149 1566//3149
f 1594//3150 1566//3150 1592//3150
f 1595//3151 1593//3151 1566//3151
f 1596//3152 1566//3152 1594//3152
f 1597//3153 1566//3153 1596//3153
f 1598//3154 1599//3154 1600//3154
f 1601//3155 1599//3155 1598//3155
f 1601//3156 1602//3156 1603//3156
f 1601//3157 1603//3157 1599//3157
f 1604//3158 1598//3158 1600//3158
f 1605//3159 1604//3159 1600//3159
f 1605//3160 1600//3160 1606//3160
f 1607//3161 1608//3161 1602//3161
f 1607//3162 1602//3162 1601//3162
f 1609//3163 1605//3163 1606//3163
f 1609//3164 1606//3164 1610//3164
f 1609//3165 1610//3165 1611//3165
f 1612//3166 1613//3166 1608//3166
f 1612//3167 1608//3167 1607//3167
f 1614//3168 1609//3168 1611//3168
f 1615//3169 1613//3169 1612//3169
f 1616//3170 1611//3170 1617//3170
f 1616//3171 1614//3171 1611//3171
f 1616//3172 1617//3172 1618//3172
f 1619//3173 1620//3173 1613//3173
f 1619//3174 1613//3174 1615//3174
f 1621//3175 1616//3175 1618//3175
f 1621//3176 1618//3176 1622//3176
f 1623//3177 1620//3177 1619//3177
f 1623//3178 1624//3178 1620//3178
f 1625//3179 1624//3179 1623//3179
f 1625//3180 1626//3180 1627//3180
f 1625//3181 1627//3181 1624//3181
f 1628//3182 1621//3182 1622//3182
f 1629//3183 1628//3183 1622//3183
f 1629//3184 1622//3184 1630//3184
f 1629//3185 1630//3185 1595//3185
f 1631//3186 1626//3186 1625//3186
f 1631//3187 1632//3187 1626//3187
f 1633//3188 1629//3188 1595//3188
f 1633//3189 1595//3189 1566//3189
f 1634//3190 1632//3190 1631//3190
f 1635//3191 1633//3191 1566//3191
f 1636//3192 1637//3192 1632//3192
f 1636//3193 1632//3193 1634//3193
f 1638//3194 1637//3194 1636//3194
f 1638//3195 1639//3195 1640//3195
f 1638//3196 1640//3196 1637//3196
f 1641//3197 1635//3197 1566//3197
f 1642//3198 1641//3198 1566//3198
f 1643//3199 1639//3199 1638//3199
f 1644//3200 1639//3200 1643//3200
f 1644//3201 1645//3201 1646//3201
f 1644//3202 1646//3202 1639//3202
f 1647//3203 1642//3203 1566//3203
f 1648//3204 1645//3204 1644//3204
f 1648//3205 1649//3205 1645//3205
f 1650//3206 1649//3206 1648//3206
f 1651//3207 1649//3207 1650//3207
f 1651//3208 1652//3208 1649//3208
f 1653//3209 1652//3209 1651//3209
f 1653//3210 1654//3210 1655//3210
f 1653//3211 1655//3211 1652//3211
f 1656//3212 1654//3212 1653//3212
f 1656//3213 1657//3213 1654//3213
f 1658//3214 1657//3214 1656//3214
f 1658//3215 1659//3215 1657//3215
f 1660//3216 1659//3216 1658//3216
f 1661//3217 1662//3217 1659//3217
f 1661//3218 1659//3218 1660//3218
f 1663//3219 1662//3219 1661//3219
f 1663//3220 1664//3220 1662//3220
f 1665//3221 1666//3221 1667//3221
f 1665//3222 1667//3222 1664//3222
f 1665//3223 1664//3223 1663//3223
f 1668//3224 1669//3224 1666//3224
f 1668//3225 1666//3225 1665//3225
f 1670//3226 1669//3226 1668//3226
f 1671//3227 1669//3227 1670//3227
f 1671//3228 1672//3228 1669//3228
f 1673//3229 1674//3229 1675//3229
f 1673//3230 1675//3230 1672//3230
f 1673//3231 1672//3231 1671//3231
f 1676//3232 1674//3232 1673//3232
f 1677//3233 1678//3233 1679//3233
f 1677//3234 1679//3234 1674//3234
f 1677//3235 1674//3235 1676//3235
f 1680//3236 1678//3236 1677//3236
f 1680//3237 1681//3237 1678//3237
f 1682//3238 1681//3238 1680//3238
f 1683//3239 1684//3239 1685//3239
f 1683//3240 1685//3240 1681//3240
f 1683//3241 1681//3241 1682//3241
f 1686//3242 1684//3242 1683//3242
f 1687//3243 1597//3243 1688//3243
f 1687//3244 1688//3244 1689//3244
f 1687//3245 1689//3245 1690//3245
f 1687//3246 1690//3246 1691//3246
f 1687//3247 1691//3247 1692//3247
f 1687//3248 1692//3248 1693//3248
f 1687//3249 1693//3249 1694//3249
f 1687//3250 1694//3250 1695//3250
f 1687//3251 1695//3251 1696//3251
f 1687//3252 1696//3252 1697//3252
f 1687//3253 1697//3253 1698//3253
f 1687//3254 1698//3254 1699//3254
f 1687//3255 1699//3255 1700//3255
f 1687//3256 1700//3256 1701//3256
f 1687//3257 1701//3257 1702//3257
f 1687//3258 1702//3258 1703//3258
f 1687//3259 1703//3259 1704//3259
f 1687//3260 1704//3260 1705//3260
f 1687//3261 1705//3261 1706//3261
f 1687//3262 1706//3262 1707//3262
f 1687//3263 1707//3263 1708//3263
f 1687//3264 1708//3264 1709//3264
f 1687//3265 1709//3265 1684//3265
f 1687//3266 1566//3266 1597//3266
f 1687//3267 1686//3267 1710//3267
f 1687//3268 1710//3268 1711//3268
f 1687//3269 1711//3269 1712//3269
f 1687//3270 1712//3270 1713//3270
f 1687//3271 1713//3271 1714//3271
f 1687//3272 1684//3272 1686//3272
f 1715//3273 1716//3273 1717//3273
f 1715//3274 1717//3274 1718//3274
f 1719//3275 1716//3275 1715//3275
f 1720//3276 1715//3276 1718//3276
f 1721//3277 1720//3277 1718//3277
f 1721//3278 1718//3278 1722//3278
f 1723//3279 1724//3279 1725//3279
f 1723//3280 1725//3280 1716//3280
f 1723//3281 1716//3281 1719//3281
f 1726//3282 1722//3282 1727//3282
f 1726//3283 1727//3283 1728//3283
f 1726//3284 1721//3284 1722//3284
f 1729//3285 1724//3285 1723//3285
f 1730//3286 1728//3286 1731//3286
f 1730//3287 1726//3287 1728//3287
f 1732//3288 1733//3288 1734//3288
f 1732//3289 1734//3289 1724//3289
f 1732//3290 1724//3290 1729//3290
f 1735//3291 1730//3291 1731//3291
f 1736//3292 1733//3292 1732//3292
f 1737//3293 1735//3293 1731//3293
f 1737//3294 1731//3294 1738//3294
f 1739//3295 1740//3295 1741//3295
f 1739//3296 1741//3296 1733//3296
f 1739//3297 1733//3297 1736//3297
f 1742//3298 1740//3298 1739//3298
f 1743//3299 1738//3299 1744//3299
f 1743//3300 1744//3300 1745//3300
f 1743//3301 1737//3301 1738//3301
f 1746//3302 1743//3302 1745//3302
f 1747//3303 1740//3303 1742//3303
f 1747//3304 1748//3304 1749//3304
f 1747//3305 1749//3305 1740//3305
f 1750//3306 1746//3306 1745//3306
f 1750//3307 1745//3307 1751//3307
f 1750//3308 1751//3308 1752//3308
f 1753//3309 1748//3309 1747//3309
f 1754//3310 1750//3310 1752//3310
f 1755//3311 1756//3311 1748//3311
f 1755//3312 1748//3312 1753//3312
f 1757//3313 1758//3313 1756//3313
f 1757//3314 1756//3314 1755//3314
f 1759//3315 1760//3315 1761//3315
f 1759//3316 1761//3316 1758//3316
f 1759//3317 1758//3317 1757//3317
f 1762//3318 1760//3318 1759//3318
f 1763//3319 1764//3319 1765//3319
f 1763//3320 1765//3320 1760//3320
f 1763//3321 1760//3321 1762//3321
f 1766//3322 1764//3322 1763//3322
f 1767//3323 1764//3323 1766//3323
f 1767//3324 1768//3324 1769//3324
f 1767//3325 1769//3325 1764//3325
f 1770//3326 1768//3326 1767//3326
f 1771//3327 1772//3327 1773//3327
f 1771//3328 1773//3328 1768//3328
f 1771//3329 1768//3329 1770//3329
f 1774//3330 1772//3330 1771//3330
f 1775//3331 1776//3331 1777//3331
f 1775//3332 1777//3332 1772//3332
f 1775//3333 1772//3333 1774//3333
f 1778//3334 1776//3334 1775//3334
f 1779//3335 1780//3335 1781//3335
f 1779//3336 1781//3336 1776//3336
f 1779//3337 1776//3337 1778//3337
f 1782//3338 1780//3338 1779//3338
f 1783//3339 1784//3339 1780//3339
f 1783//3340 1780//3340 1782//3340
f 1785//3341 1786//3341 1787//3341
f 1785//3342 1787//3342 1784//3342
f 1785//3343 1784//3343 1783//3343
f 1788//3344 1786//3344 1785//3344
f 1789//3345 1790//3345 1791//3345
f 1789//3346 1791//3346 1786//3346
f 1789//3347 1786//3347 1788//3347
f 1792//3348 1793//3348 1790//3348
f 1792//3349 1790//3349 1789//3349
f 1794//3350 1793//3350 1792//3350
f 1795//3351 1793//3351 1794//3351
f 1795//3352 1796//3352 1793//3352
f 1797//3353 1796//3353 1795//3353
f 1797//3354 1798//3354 1799//3354
f 1797//3355 1799//3355 1796//3355
f 1800//3356 1798//3356 1797//3356
f 1801//3357 1798//3357 1800//3357
f 1801//3358 1714//3358 1802//3358
f 1801//3359 1802//3359 1798//3359
f 1803//3360 1714//3360 1801//3360
f 1804//3361 1805//3361 1806//3361
f 1804//3362 1807//3362 1808//3362
f 1804//3363 1808//3363 1805//3363
f 1809//3364 1806//3364 1805//3364
f 1809//3365 1805//3365 1810//3365
f 1811//3366 1809//3366 1810//3366
f 1811//3367 1810//3367 1812//3367
f 1813//3368 1807//3368 1804//3368
f 1813//3369 1814//3369 1807//3369
f 1815//3370 1811//3370 1812//3370
f 1815//3371 1812//3371 1816//3371
f 1815//3372 1816//3372 1817//3372
f 1818//3373 1814//3373 1813//3373
f 1819//3374 1815//3374 1817//3374
f 1820//3375 1814//3375 1818//3375
f 1820//3376 1821//3376 1814//3376
f 1822//3377 1821//3377 1820//3377
f 1822//3378 1823//3378 1824//3378
f 1822//3379 1824//3379 1821//3379
f 1825//3380 1819//3380 1817//3380
f 1825//3381 1817//3381 1826//3381
f 1825//3382 1826//3382 1827//3382
f 1828//3383 1823//3383 1822//3383
f 1829//3384 1825//3384 1827//3384
f 1830//3385 1829//3385 1827//3385
f 1830//3386 1827//3386 1831//3386
f 1830//3387 1831//3387 1832//3387
f 1833//3388 1823//3388 1828//3388
f 1833//3389 1834//3389 1823//3389
f 1835//3390 1836//3390 1837//3390
f 1835//3391 1837//3391 1834//3391
f 1835//3392 1834//3392 1833//3392
f 1838//3393 1830//3393 1832//3393
f 1839//3394 1836//3394 1835//3394
f 1839//3395 1840//3395 1836//3395
f 1841//3396 1832//3396 1842//3396
f 1841//3397 1838//3397 1832//3397
f 1843//3398 1840//3398 1839//3398
f 1844//3399 1840//3399 1843//3399
f 1844//3400 1845//3400 1840//3400
f 1846//3401 1845//3401 1844//3401
f 1846//3402 1847//3402 1845//3402
f 1848//3403 1847//3403 1846//3403
f 1848//3404 1849//3404 1847//3404
f 1850//3405 1849//3405 1848//3405
f 1850//3406 1851//3406 1849//3406
f 1561//3407 1842//3407 1852//3407
f 1561//3408 1852//3408 1853//3408
f 1561//3409 1853//3409 1854//3409
f 1561//3410 1854//3410 1855//3410
f 1561//3411 1855//3411 1754//3411
f 1561//3412 1856//3412 1857//3412
f 1561//3413 1857//3413 1858//3413
f 1561//3414 1858//3414 1859//3414
f 1561//3415 1647//3415 1566//3415
f 1561//3416 1859//3416 1860//3416
f 1561//3417 1860//3417 1841//3417
f 1561//3418 1752//3418 1647//3418
f 1561//3419 1754//3419 1752//3419
f 1561//3420 1841//3420 1842//3420
f 1861//3421 1856//3421 1561//3421
f 1862//3422 1851//3422 1850//3422
f 1862//3423 1863//3423 1851//3423
f 1864//3424 1861//3424 1561//3424
f 1865//3425 1863//3425 1862//3425
f 1865//3426 1866//3426 1867//3426
f 1865//3427 1867//3427 1863//3427
f 1868//3428 1864//3428 1561//3428
f 1869//3429 1866//3429 1865//3429
f 1870//3430 1868//3430 1561//3430
f 1871//3431 1872//3431 1866//3431
f 1871//3432 1866//3432 1869//3432
f 1873//3433 1872//3433 1871//3433
f 1873//3434 1874//3434 1875//3434
f 1873//3435 1875//3435 1872//3435
f 1876//3436 1870//3436 1561//3436
f 1877//3437 1874//3437 1873//3437
f 1877//3438 1878//3438 1874//3438
f 1879//3439 1876//3439 1561//3439
f 1880//3440 1878//3440 1877//3440
f 1881//3441 1879//3441 1561//3441
f 1882//3442 1878//3442 1880//3442
f 1882//3443 1883//3443 1878//3443
f 1884//3444 1881//3444 1561//3444
f 1885//3445 1883//3445 1882//3445
f 1885//3446 1886//3446 1887//3446
f 1885//3447 1887//3447 1883//3447
f 1888//3448 1884//3448 1561//3448
f 1889//3449 1888//3449 1561//3449
f 1890//3450 1886//3450 1885//3450
f 1891//3451 1886//3451 1890//3451
f 1891//3452 1892//3452 1886//3452
f 1893//3453 1889//3453 1561//3453
f 1894//3454 1895//3454 1892//3454
f 1894//3455 1892//3455 1891//3455
f 1896//3456 1893//3456 1561//3456
f 1897//3457 1898//3457 1899//3457
f 1897//3458 1899//3458 1895//3458
f 1897//3459 1895//3459 1894//3459
f 1900//3460 1896//3460 1561//3460
f 1901//3461 1898//3461 1897//3461
f 1902//3462 1900//3462 1561//3462
f 1903//3463 1898//3463 1901//3463
f 1903//3464 1904//3464 1905//3464
f 1903//3465 1905//3465 1898//3465
f 1906//3466 1902//3466 1561//3466
f 1907//3467 1906//3467 1561//3467
f 1908//3468 1904//3468 1903//3468
f 1909//3469 1907//3469 1561//3469
f 1910//3470 1911//3470 1912//3470
f 1910//3471 1912//3471 1904//3471
f 1910//3472 1904//3472 1908//3472
f 1913//3473 1909//3473 1561//3473
f 1914//3474 1911//3474 1910//3474
f 1915//3475 1916//3475 1911//3475
f 1915//3476 1911//3476 1914//3476
f 1917//3477 1913//3477 1561//3477
f 1918//3478 1917//3478 1561//3478
f 1919//3479 1918//3479 1561//3479
f 1920//3480 1919//3480 1561//3480
f 1921//3481 1920//3481 1561//3481
f 1922//3482 1921//3482 1561//3482
f 1923//3483 1922//3483 1561//3483
f 1924//3484 1923//3484 1561//3484
f 1563//3485 1714//3485 1803//3485
f 1563//3486 1924//3486 1561//3486
f 1563//3487 1803//3487 1925//3487
f 1563//3488 1925//3488 1926//3488
f 1563//3489 1926//3489 1927//3489
f 1563//3490 1927//3490 1928//3490
f 1563//3491 1928//3491 1916//3491
f 1563//3492 1916//3492 1915//3492
f 1563//3493 1687//3493 1714//3493
f 1563//3494 1915//3494 1929//3494
f 1563//3495 1929//3495 1930//3495
f 1563//3496 1930//3496 1931//3496
f 1563//3497 1931//3497 1932//3497
f 1563//3498 1932//3498 1933//3498
f 1563//3499 1933//3499 1934//3499
f 1563//3500 1934//3500 1935//3500
f 1563//3501 1935//3501 1936//3501
f 1563//3502 1936//3502 1937//3502
f 1563//3503 1937//3503 1938//3503
f 1563//3504 1938//3504 1939//3504
f 1563//3505 1939//3505 1940//3505
f 1563//3506 1940//3506 1941//3506
f 1563//3507 1941//3507 1942//3507
f 1563//3508 1942//3508 1943//3508
f 1563//3509 1943//3509 1944//3509
f 1563//3510 1944//3510 1945//3510
f 1563//3511 1945//3511 1946//3511
f 1563//3512 1946//3512 1947//3512
f 1563//3513 1947//3513 1948//3513
f 1563//3514 1948//3514 1949//3514
f 1563//3515 1949//3515 1950//3515
f 1563//3516 1950//3516 1924//3516
f 1951//3517 1815//3517 1819//3517
f 1951//3518 1952//3518 1815//3518
f 1952//3519 1811//3519 1815//3519
f 1952//3520 1953//3520 1811//3520
f 1890//3521 1885//3521 1954//3521
f 1890//3522 1954//3522 1955//3522
f 1885//3523 1882//3523 1956//3523
f 1885//3524 1956//3524 1954//3524
f 1955//3525 1891//3525 1890//3525
f 1955//3526 1957//3526 1891//3526
f 1957//3527 1894//3527 1891//3527
f 1957//3528 1958//3528 1894//3528
f 1958//3529 1897//3529 1894//3529
f 1958//3530 1959//3530 1897//3530
f 1882//3531 1880//3531 1960//3531
f 1882//3532 1960//3532 1956//3532
f 1880//3533 1877//3533 1961//3533
f 1880//3534 1961//3534 1960//3534
f 1877//3535 1873//3535 1962//3535
f 1877//3536 1962//3536 1961//3536
f 1873//3537 1871//3537 1963//3537
f 1873//3538 1963//3538 1962//3538
f 1871//3539 1869//3539 1964//3539
f 1871//3540 1964//3540 1963//3540
f 1869//3541 1865//3541 1965//3541
f 1869//3542 1965//3542 1964//3542
f 1865//3543 1862//3543 1966//3543
f 1865//3544 1966//3544 1965//3544
f 1862//3545 1850//3545 1967//3545
f 1862//3546 1967//3546 1966//3546
f 1850//3547 1848//3547 1968//3547
f 1850//3548 1968//3548 1967//3548
f 1848//3549 1846//3549 1969//3549
f 1848//3550 1969//3550 1968//3550
f 1846//3551 1844//3551 1970//3551
f 1846//3552 1970//3552 1969//3552
f 1844//3553 1843//3553 1971//3553
f 1844//3554 1971//3554 1970//3554
f 1843//3555 1839//3555 1972//3555
f 1843//3556 1972//3556 1971//3556
f 1839//3557 1835//3557 1973//3557
f 1839//3558 1973//3558 1972//3558
f 1835//3559 1833//3559 1974//3559
f 1835//3560 1974//3560 1973//3560
f 1833//3561 1828//3561 1975//3561
f 1833//3562 1975//3562 1974//3562
f 1828//3563 1822//3563 1976//3563
f 1828//3564 1976//3564 1975//3564
f 1822//3565 1820//3565 1977//3565
f 1822//3566 1977//3566 1976//3566
f 1953//3567 1809//3567 1811//3567
f 1953//3568 1978//3568 1809//3568
f 1978//3569 1806//3569 1809//3569
f 1978//3570 1979//3570 1806//3570
f 1820//3571 1818//3571 1980//3571
f 1820//3572 1980//3572 1977//3572
f 1818//3573 1813//3573 1981//3573
f 1818//3574 1981//3574 1980//3574
f 1813//3575 1804//3575 1982//3575
f 1813//3576 1982//3576 1981//3576
f 1804//3577 1806//3577 1979//3577
f 1804//3578 1979//3578 1982//3578
f 1959//3579 1901//3579 1897//3579
f 1959//3580 1983//3580 1901//3580
f 1983//3581 1903//3581 1901//3581
f 1983//3582 1984//3582 1903//3582
f 1984//3583 1908//3583 1903//3583
f 1984//3584 1985//3584 1908//3584
f 1985//3585 1910//3585 1908//3585
f 1985//3586 1986//3586 1910//3586
f 1986//3587 1914//3587 1910//3587
f 1986//3588 1987//3588 1914//3588
f 1987//3589 1915//3589 1914//3589
f 1987//3590 1988//3590 1915//3590
f 1988//3591 1929//3591 1915//3591
f 1988//3592 1989//3592 1929//3592
f 1989//3593 1930//3593 1929//3593
f 1989//3594 1990//3594 1930//3594
f 1990//3595 1931//3595 1930//3595
f 1990//3596 1991//3596 1931//3596
f 1991//3597 1932//3597 1931//3597
f 1991//3598 1992//3598 1932//3598
f 1992//3599 1933//3599 1932//3599
f 1992//3600 1993//3600 1933//3600
f 1993//3601 1934//3601 1933//3601
f 1993//3602 1994//3602 1934//3602
f 1994//3603 1935//3603 1934//3603
f 1994//3604 1995//3604 1935//3604
f 1995//3605 1936//3605 1935//3605
f 1995//3606 1996//3606 1936//3606
f 1996//3607 1937//3607 1936//3607
f 1996//3608 1997//3608 1937//3608
f 1997//3609 1938//3609 1937//3609
f 1997//3610 1998//3610 1938//3610
f 1998//3611 1939//3611 1938//3611
f 1998//3612 1999//3612 1939//3612
f 1999//3613 1940//3613 1939//3613
f 1999//3614 2000//3614 1940//3614
f 2000//3615 1941//3615 1940//3615
f 2000//3616 2001//3616 1941//3616
f 2001//3617 1942//3617 1941//3617
f 2001//3618 2002//3618 1942//3618
f 2002//3619 1943//3619 1942//3619
f 2002//3620 2003//3620 1943//3620
f 1944//3621 1943//3621 2003//3621
f 1944//3622 2003//3622 2004//3622
f 1945//3623 1944//3623 2004//3623
f 1945//3624 2004//3624 2005//3624
f 1946//3625 1945//3625 2005//3625
f 1946//3626 2005//3626 2006//3626
f 1947//3627 1946//3627 2006//3627
f 1947//3628 2006//3628 2007//3628
f 1948//3629 1947//3629 2007//3629
f 1948//3630 2007//3630 2008//3630
f 1949//3631 1948//3631 2008//3631
f 1949//3632 2008//3632 2009//3632
f 1950//3633 1949//3633 2009//3633
f 1950//3634 2009//3634 2010//3634
f 1924//3635 1950//3635 2010//3635
f 1924//3636 2010//3636 2011//3636
f 1923//3637 1924//3637 2011//3637
f 1923//3638 2011//3638 2012//3638
f 1922//3639 1923//3639 2012//3639
f 1922//3640 2012//3640 2013//3640
f 1921//3641 1922//3641 2013//3641
f 1921//3642 2013//3642 2014//3642
f 1920//3643 1921//3643 2014//3643
f 1920//3644 2014//3644 2015//3644
f 1919//3645 1920//3645 2015//3645
f 1919//3646 2015//3646 2016//3646
f 1918//3647 1919//3647 2016//3647
f 1918//3648 2016//3648 2017//3648
f 1917//3649 1918//3649 2017//3649
f 1917//3650 2017//3650 2018//3650
f 1913//3651 1917//3651 2018//3651
f 1913//3652 2018//3652 2019//3652
f 1909//3653 1913//3653 2019//3653
f 1909//3654 2019//3654 2020//3654
f 1907//3655 1909//3655 2020//3655
f 1907//3656 2020//3656 2021//3656
f 1906//3657 1907//3657 2021//3657
f 1906//3658 2021//3658 2022//3658
f 1902//3659 1906//3659 2022//3659
f 1902//3660 2022//3660 2023//3660
f 1900//3661 1902//3661 2023//3661
f 1900//3662 2023//3662 2024//3662
f 1896//3663 1900//3663 2024//3663
f 1896//3664 2024//3664 2025//3664
f 1893//3665 1896//3665 2025//3665
f 1893//3666 2025//3666 2026//3666
f 1889//3667 1893//3667 2026//3667
f 1889//3668 2026//3668 2027//3668
f 2027//3669 1888//3669 1889//3669
f 2027//3670 2028//3670 1888//3670
f 2028//3671 1884//3671 1888//3671
f 2028//3672 2029//3672 1884//3672
f 2029//3673 1881//3673 1884//3673
f 2029//3674 2030//3674 1881//3674
f 2030//3675 1879//3675 1881//3675
f 2030//3676 2031//3676 1879//3676
f 2031//3677 1876//3677 1879//3677
f 2031//3678 2032//3678 1876//3678
f 2032//3679 1870//3679 1876//3679
f 2032//3680 2033//3680 1870//3680
f 2033//3681 1868//3681 1870//3681
f 2033//3682 2034//3682 1868//3682
f 2034//3683 1864//3683 1868//3683
f 2034//3684 2035//3684 1864//3684
f 2035//3685 1861//3685 1864//3685
f 2035//3686 2036//3686 1861//3686
f 2036//3687 1856//3687 1861//3687
f 2036//3688 2037//3688 1856//3688
f 2037//3689 1857//3689 1856//3689
f 2037//3690 2038//3690 1857//3690
f 2038//3691 1858//3691 1857//3691
f 2038//3692 2039//3692 1858//3692
f 2039//3693 1859//3693 1858//3693
f 2039//3694 2040//3694 1859//3694
f 2040//3695 1860//3695 1859//3695
f 2040//3696 2041//3696 1860//3696
f 2041//3697 1841//3697 1860//3697
f 2041//3698 2042//3698 1841//3698
f 2042//3699 1838//3699 1841//3699
f 2042//3700 2043//3700 1838//3700
f 2043//3701 1830//3701 1838//3701
f 2043//3702 2044//3702 1830//3702
f 2044//3703 1829//3703 1830//3703
f 2044//3704 2045//3704 1829//3704
f 2045//3705 1825//3705 1829//3705
f 2045//3706 2046//3706 1825//3706
f 2046//3707 1819//3707 1825//3707
f 2046//3708 1951//3708 1819//3708
f 2047//3709 1726//3709 1730//3709
f 2047//3710 2048//3710 1726//3710
f 2048//3711 1721//3711 1726//3711
f 2048//3712 2049//3712 1721//3712
f 1783//3713 1782//3713 2050//3713
f 1783//3714 2050//3714 2051//3714
f 1782//3715 1779//3715 2052//3715
f 1782//3716 2052//3716 2050//3716
f 2051//3717 1785//3717 1783//3717
f 2051//3718 2053//3718 1785//3718
f 2053//3719 1788//3719 1785//3719
f 2053//3720 2054//3720 1788//3720
f 2054//3721 1789//3721 1788//3721
f 2054//3722 2055//3722 1789//3722
f 1779//3723 1778//3723 2056//3723
f 1779//3724 2056//3724 2052//3724
f 1778//3725 1775//3725 2057//3725
f 1778//3726 2057//3726 2056//3726
f 1775//3727 1774//3727 2058//3727
f 1775//3728 2058//3728 2057//3728
f 1774//3729 1771//3729 2059//3729
f 1774//3730 2059//3730 2058//3730
f 1771//3731 1770//3731 2060//3731
f 1771//3732 2060//3732 2059//3732
f 1770//3733 1767//3733 2061//3733
f 1770//3734 2061//3734 2060//3734
f 1767//3735 1766//3735 2062//3735
f 1767//3736 2062//3736 2061//3736
f 1766//3737 1763//3737 2063//3737
f 1766//3738 2063//3738 2062//3738
f 1763//3739 1762//3739 2064//3739
f 1763//3740 2064//3740 2063//3740
f 1762//3741 1759//3741 2065//3741
f 1762//3742 2065//3742 2064//3742
f 1759//3743 1757//3743 2066//3743
f 1759//3744 2066//3744 2065//3744
f 1757//3745 1755//3745 2067//3745
f 1757//3746 2067//3746 2066//3746
f 1755//3747 1753//3747 2068//3747
f 1755//3748 2068//3748 2067//3748
f 1753//3749 1747//3749 2069//3749
f 1753//3750 2069//3750 2068//3750
f 1747//3751 1742//3751 2070//3751
f 1747//3752 2070//3752 2069//3752
f 1742//3753 1739//3753 2071//3753
f 1742//3754 2071//3754 2070//3754
f 1739//3755 1736//3755 2072//3755
f 1739//3756 2072//3756 2071//3756
f 1736//3757 1732//3757 2073//3757
f 1736//3758 2073//3758 2072//3758
f 2049//3759 1720//3759 1721//3759
f 2049//3760 2074//3760 1720//3760
f 2074//3761 1715//3761 1720//3761
f 2074//3762 2075//3762 1715//3762
f 1732//3763 1729//3763 2076//3763
f 1732//3764 2076//3764 2073//3764
f 1729//3765 1723//3765 2077//3765
f 1729//3766 2077//3766 2076//3766
f 1723//3767 1719//3767 2078//3767
f 1723//3768 2078//3768 2077//3768
f 1719//3769 1715//3769 2075//3769
f 1719//3770 2075//3770 2078//3770
f 2055//3771 1792//3771 1789//3771
f 2055//3772 2079//3772 1792//3772
f 2079//3773 1794//3773 1792//3773
f 2079//3774 2080//3774 1794//3774
f 2080//3775 1795//3775 1794//3775
f 2080//3776 2081//3776 1795//3776
f 2081//3777 1797//3777 1795//3777
f 2081//3778 2082//3778 1797//3778
f 2082//3779 1800//3779 1797//3779
f 2082//3780 2083//3780 1800//3780
f 2083//3781 1801//3781 1800//3781
f 2083//3782 2084//3782 1801//3782
f 2084//3783 1803//3783 1801//3783
f 2084//3784 2085//3784 1803//3784
f 2085//3785 1925//3785 1803//3785
f 2085//3786 2086//3786 1925//3786
f 2086//3787 1926//3787 1925//3787
f 2086//3788 2087//3788 1926//3788
f 2087//3789 1927//3789 1926//3789
f 2087//3790 2088//3790 1927//3790
f 2088//3791 1928//3791 1927//3791
f 2088//3792 2089//3792 1928//3792
f 2089//3793 1916//3793 1928//3793
f 2089//3794 2090//3794 1916//3794
f 2090//3795 1911//3795 1916//3795
f 2090//3796 2091//3796 1911//3796
f 2091//3797 1912//3797 1911//3797
f 2091//3798 2092//3798 1912//3798
f 2092//3799 1904//3799 1912//3799
f 2092//3800 2093//3800 1904//3800
f 2093//3801 1905//3801 1904//3801
f 2093//3802 2094//3802 1905//3802
f 2094//3803 1898//3803 1905//3803
f 2094//3804 2095//3804 1898//3804
f 2095//3805 1899//3805 1898//3805
f 2095//3806 2096//3806 1899//3806
f 2096//3807 1895//3807 1899//3807
f 2096//3808 2097//3808 1895//3808
f 2097//3809 1892//3809 1895//3809
f 2097//3810 2098//3810 1892//3810
f 2098//3811 1886//3811 1892//3811
f 2098//3812 2099//3812 1886//3812
f 1887//3813 1886//3813 2099//3813
f 1887//3814 2099//3814 2100//3814
f 1883//3815 1887//3815 2100//3815
f 1883//3816 2100//3816 2101//3816
f 1878//3817 1883//3817 2101//3817
f 1878//3818 2101//3818 2102//3818
f 1874//3819 1878//3819 2102//3819
f 1874//3820 2102//3820 2103//3820
f 1875//3821 1874//3821 2103//3821
f 1875//3822 2103//3822 2104//3822
f 1872//3823 1875//3823 2104//3823
f 1872//3824 2104//3824 2105//3824
f 1866//3825 1872//3825 2105//3825
f 1866//3826 2105//3826 2106//3826
f 1867//3827 1866//3827 2106//3827
f 1867//3828 2106//3828 2107//3828
f 1863//3829 1867//3829 2107//3829
f 1863//3830 2107//3830 2108//3830
f 1851//3831 1863//3831 2108//3831
f 1851//3832 2108//3832 2109//3832
f 1849//3833 1851//3833 2109//3833
f 1849//3834 2109//3834 2110//3834
f 1847//3835 1849//3835 2110//3835
f 1847//3836 2110//3836 2111//3836
f 1845//3837 1847//3837 2111//3837
f 1845//3838 2111//3838 2112//3838
f 1840//3839 1845//3839 2112//3839
f 1840//3840 2112//3840 2113//3840
f 1836//3841 1840//3841 2113//3841
f 1836//3842 2113//3842 2114//3842
f 1837//3843 1836//3843 2114//3843
f 1837//3844 2114//3844 2115//3844
f 1834//3845 1837//3845 2115//3845
f 1834//3846 2115//3846 2116//3846
f 1823//3847 1834//3847 2116//3847
f 1823//3848 2116//3848 2117//3848
f 1824//3849 1823//3849 2117//3849
f 1824//3850 2117//3850 2118//3850
f 1821//3851 1824//3851 2118//3851
f 1821//3852 2118//3852 2119//3852
f 1814//3853 1821//3853 2119//3853
f 1814//3854 2119//3854 2120//3854
f 1807//3855 1814//3855 2120//3855
f 1807//3856 2120//3856 2121//3856
f 1808//3857 1807//3857 2121//3857
f 1808//3858 2121//3858 2122//3858
f 1805//3859 1808//3859 2122//3859
f 1805//3860 2122//3860 2123//3860
f 2123//3861 1810//3861 1805//3861
f 2123//3862 2124//3862 1810//3862
f 2124//3863 1812//3863 1810//3863
f 2124//3864 2125//3864 1812//3864
f 2125//3865 1816//3865 1812//3865
f 2125//3866 2126//3866 1816//3866
f 2126//3867 1817//3867 1816//3867
f 2126//3868 2127//3868 1817//3868
f 2127//3869 1826//3869 1817//3869
f 2127//3870 2128//3870 1826//3870
f 2128//3871 1827//3871 1826//3871
f 2128//3872 2129//3872 1827//3872
f 2129//3873 1831//3873 1827//3873
f 2129//3874 2130//3874 1831//3874
f 2130//3875 1832//3875 1831//3875
f 2130//3876 2131//3876 1832//3876
f 2131//3877 1842//3877 1832//3877
f 2131//3878 2132//3878 1842//3878
f 2132//3879 1852//3879 1842//3879
f 2132//3880 2133//3880 1852//3880
f 2133//3881 1853//3881 1852//3881
f 2133//3882 2134//3882 1853//3882
f 2134//3883 1854//3883 1853//3883
f 2134//3884 2135//3884 1854//3884
f 2135//3885 1855//3885 1854//3885
f 2135//3886 2136//3886 1855//3886
f 2136//3887 1754//3887 1855//3887
f 2136//3888 2137//3888 1754//3888
f 2137//3889 1750//3889 1754//3889
f 2137//3890 2138//3890 1750//3890
f 2138//3891 1746//3891 1750//3891
f 2138//3892 2139//3892 1746//3892
f 2139//3893 1743//3893 1746//3893
f 2139//3894 2140//3894 1743//3894
f 2140//3895 1737//3895 1743//3895
f 2140//3896 2141//3896 1737//3896
f 2141//3897 1735//3897 1737//3897
f 2141//3898 2142//3898 1735//3898
f 2142//3899 1730//3899 1735//3899
f 2142//3900 2047//3900 1730//3900
f 2143//3901 1670//3901 1668//3901
f 2143//3902 2144//3902 1670//3902
f 2144//3903 1671//3903 1670//3903
f 2144//3904 2145//3904 1671//3904
f 1668//3905 1665//3905 2146//3905
f 1668//3906 2146//3906 2143//3906
f 2145//3907 1673//3907 1671//3907
f 2145//3908 2147//3908 1673//3908
f 2147//3909 1676//3909 1673//3909
f 2147//3910 2148//3910 1676//3910
f 2148//3911 1677//3911 1676//3911
f 2148//3912 2149//3912 1677//3912
f 2149//3913 1680//3913 1677//3913
f 2149//3914 2150//3914 1680//3914
f 1665//3915 1663//3915 2151//3915
f 1665//3916 2151//3916 2146//3916
f 1663//3917 1661//3917 2152//3917
f 1663//3918 2152//3918 2151//3918
f 1661//3919 1660//3919 2153//3919
f 1661//3920 2153//3920 2152//3920
f 2150//3921 1682//3921 1680//3921
f 2150//3922 2154//3922 1682//3922
f 2154//3923 1683//3923 1682//3923
f 2154//3924 2155//3924 1683//3924
f 2155//3925 1686//3925 1683//3925
f 2155//3926 2156//3926 1686//3926
f 2156//3927 1710//3927 1686//3927
f 2156//3928 2157//3928 1710//3928
f 2157//3929 1711//3929 1710//3929
f 2157//3930 2158//3930 1711//3930
f 1660//3931 1658//3931 2159//3931
f 1660//3932 2159//3932 2153//3932
f 1658//3933 1656//3933 2160//3933
f 1658//3934 2160//3934 2159//3934
f 1656//3935 1653//3935 2161//3935
f 1656//3936 2161//3936 2160//3936
f 1653//3937 1651//3937 2162//3937
f 1653//3938 2162//3938 2161//3938
f 1651//3939 1650//3939 2163//3939
f 1651//3940 2163//3940 2162//3940
f 1650//3941 1648//3941 2164//3941
f 1650//3942 2164//3942 2163//3942
f 1648//3943 1644//3943 2165//3943
f 1648//3944 2165//3944 2164//3944
f 2158//3945 1712//3945 1711//3945
f 2158//3946 2166//3946 1712//3946
f 2166//3947 1713//3947 1712//3947
f 2166//3948 2167//3948 1713//3948
f 2167//3949 1714//3949 1713//3949
f 2167//3950 2168//3950 1714//3950
f 1644//3951 1643//3951 2169//3951
f 1644//3952 2169//3952 2165//3952
f 1643//3953 1638//3953 2170//3953
f 1643//3954 2170//3954 2169//3954
f 1638//3955 1636//3955 2171//3955
f 1638//3956 2171//3956 2170//3956
f 1636//3957 1634//3957 2172//3957
f 1636//3958 2172//3958 2171//3958
f 1634//3959 1631//3959 2173//3959
f 1634//3960 2173//3960 2172//3960
f 1631//3961 1625//3961 2174//3961
f 1631//3962 2174//3962 2173//3962
f 1625//3963 1623//3963 2175//3963
f 1625//3964 2175//3964 2174//3964
f 1623//3965 1619//3965 2176//3965
f 1623//3966 2176//3966 2175//3966
f 1619//3967 1615//3967 2177//3967
f 1619//3968 2177//3968 2176//3968
f 1615//3969 1612//3969 2178//3969
f 1615//3970 2178//3970 2177//3970
f 1612//3971 1607//3971 2179//3971
f 1612//3972 2179//3972 2178//3972
f 1607//3973 1601//3973 2180//3973
f 1607//3974 2180//3974 2179//3974
f 1601//3975 1598//3975 2181//3975
f 1601//3976 2181//3976 2180//3976
f 2182//3977 1614//3977 1616//3977
f 2182//3978 2183//3978 1614//3978
f 2183//3979 1609//3979 1614//3979
f 2183//3980 2184//3980 1609//3980
f 2184//3981 1605//3981 1609//3981
f 2184//3982 2185//3982 1605//3982
f 2185//3983 1604//3983 1605//3983
f 2185//3984 2186//3984 1604//3984
f 2186//3985 1598//3985 1604//3985
f 2186//3986 2181//3986 1598//3986
f 2168//3987 1802//3987 1714//3987
f 2168//3988 2187//3988 1802//3988
f 2187//3989 1798//3989 1802//3989
f 2187//3990 2188//3990 1798//3990
f 2188//3991 1799//3991 1798//3991
f 2188//3992 2189//3992 1799//3992
f 2189//3993 1796//3993 1799//3993
f 2189//3994 2190//3994 1796//3994
f 2190//3995 1793//3995 1796//3995
f 2190//3996 2191//3996 1793//3996
f 2191//3997 1790//3997 1793//3997
f 2191//3998 2192//3998 1790//3998
f 2192//3999 1791//3999 1790//3999
f 2192//4000 2193//4000 1791//4000
f 2193//4001 1786//4001 1791//4001
f 2193//4002 2194//4002 1786//4002
f 2194//4003 1787//4003 1786//4003
f 2194//4004 2195//4004 1787//4004
f 2195//4005 1784//4005 1787//4005
f 2195//4006 2196//4006 1784//4006
f 1780//4007 1784//4007 2196//4007
f 1780//4008 2196//4008 2197//4008
f 1781//4009 1780//4009 2197//4009
f 1781//4010 2197//4010 2198//4010
f 1776//4011 1781//4011 2198//4011
f 1776//4012 2198//4012 2199//4012
f 1777//4013 1776//4013 2199//4013
f 1777//4014 2199//4014 2200//4014
f 1772//4015 1777//4015 2200//4015
f 1772//4016 2200//4016 2201//4016
f 1773//4017 1772//4017 2201//4017
f 1773//4018 2201//4018 2202//4018
f 1768//4019 1773//4019 2202//4019
f 1768//4020 2202//4020 2203//4020
f 1769//4021 1768//4021 2203//4021
f 1769//4022 2203//4022 2204//4022
f 1764//4023 1769//4023 2204//4023
f 1764//4024 2204//4024 2205//4024
f 1765//4025 1764//4025 2205//4025
f 1765//4026 2205//4026 2206//4026
f 1760//4027 1765//4027 2206//4027
f 1760//4028 2206//4028 2207//4028
f 1761//4029 1760//4029 2207//4029
f 1761//4030 2207//4030 2208//4030
f 1758//4031 1761//4031 2208//4031
f 1758//4032 2208//4032 2209//4032
f 1756//4033 1758//4033 2209//4033
f 1756//4034 2209//4034 2210//4034
f 1748//4035 1756//4035 2210//4035
f 1748//4036 2210//4036 2211//4036
f 1749//4037 1748//4037 2211//4037
f 1749//4038 2211//4038 2212//4038
f 1740//4039 1749//4039 2212//4039
f 1740//4040 2212//4040 2213//4040
f 1741//4041 1740//4041 2213//4041
f 1741//4042 2213//4042 2214//4042
f 1733//4043 1741//4043 2214//4043
f 1733//4044 2214//4044 2215//4044
f 1734//4045 1733//4045 2215//4045
f 1734//4046 2215//4046 2216//4046
f 1724//4047 1734//4047 2216//4047
f 1724//4048 2216//4048 2217//4048
f 1725//4049 1724//4049 2217//4049
f 1725//4050 2217//4050 2218//4050
f 1716//4051 1725//4051 2218//4051
f 1716//4052 2218//4052 2219//4052
f 1717//4053 1716//4053 2219//4053
f 1717//4054 2219//4054 2220//4054
f 2220//4055 1718//4055 1717//4055
f 2220//4056 2221//4056 1718//4056
f 2221//4057 1722//4057 1718//4057
f 2221//4058 2222//4058 1722//4058
f 2222//4059 1727//4059 1722//4059
f 2222//4060 2223//4060 1727//4060
f 2223//4061 1728//4061 1727//4061
f 2223//4062 2224//4062 1728//4062
f 2224//4063 1731//4063 1728//4063
f 2224//4064 2225//4064 1731//4064
f 2225//4065 1738//4065 1731//4065
f 2225//4066 2226//4066 1738//4066
f 2226//4067 1744//4067 1738//4067
f 2226//4068 2227//4068 1744//4068
f 2227//4069 1745//4069 1744//4069
f 2227//4070 2228//4070 1745//4070
f 2228//4071 1751//4071 1745//4071
f 2228//4072 2229//4072 1751//4072
f 2229//4073 1752//4073 1751//4073
f 2229//4074 2230//4074 1752//4074
f 2230//4075 1647//4075 1752//4075
f 2230//4076 2231//4076 1647//4076
f 2231//4077 1642//4077 1647//4077
f 2231//4078 2232//4078 1642//4078
f 2232//4079 1641//4079 1642//4079
f 2232//4080 2233//4080 1641//4080
f 2233//4081 1635//4081 1641//4081
f 2233//4082 2234//4082 1635//4082
f 2234//4083 1633//4083 1635//4083
f 2234//4084 2235//4084 1633//4084
f 2235//4085 1629//4085 1633//4085
f 2235//4086 2236//4086 1629//4086
f 2236//4087 1628//4087 1629//4087
f 2236//4088 2237//4088 1628//4088
f 2237//4089 1621//4089 1628//4089
f 2237//4090 2238//4090 1621//4090
f 2238//4091 1616//4091 1621//4091
f 2238//4092 2182//4092 1616//4092
f 2239//4093 1696//4093 1695//4093
f 2239//4094 2240//4094 1696//4094
f 2240//4095 1697//4095 1696//4095
f 2240//4096 2241//4096 1697//4096
f 1695//4097 1694//4097 2242//4097
f 1695//4098 2242//4098 2239//4098
f 1694//4099 1693//4099 2243//4099
f 1694//4100 2243//4100 2242//4100
f 1693//4101 1692//4101 2244//4101
f 1693//4102 2244//4102 2243//4102
f 1692//4103 1691//4103 2245//4103
f 1692//4104 2245//4104 2244//4104
f 1691//4105 1690//4105 2246//4105
f 1691//4106 2246//4106 2245//4106
f 1690//4107 1689//4107 2247//4107
f 1690//4108 2247//4108 2246//4108
f 1689//4109 1688//4109 2248//4109
f 1689//4110 2248//4110 2247//4110
f 1688//4111 1597//4111 2249//4111
f 1688//4112 2249//4112 2248//4112
f 1597//4113 1596//4113 2250//4113
f 1597//4114 2250//4114 2249//4114
f 1596//4115 1594//4115 2251//4115
f 1596//4116 2251//4116 2250//4116
f 1594//4117 1592//4117 2252//4117
f 1594//4118 2252//4118 2251//4118
f 2241//4119 1698//4119 1697//4119
f 2241//4120 2253//4120 1698//4120
f 2253//4121 1699//4121 1698//4121
f 2253//4122 2254//4122 1699//4122
f 2254//4123 1700//4123 1699//4123
f 2254//4124 2255//4124 1700//4124
f 2255//4125 1701//4125 1700//4125
f 2255//4126 2256//4126 1701//4126
f 2256//4127 1702//4127 1701//4127
f 2256//4128 2257//4128 1702//4128
f 2257//4129 1703//4129 1702//4129
f 2257//4130 2258//4130 1703//4130
f 2258//4131 1704//4131 1703//4131
f 2258//4132 2259//4132 1704//4132
f 2259//4133 1705//4133 1704//4133
f 2259//4134 2260//4134 1705//4134
f 2260//4135 1706//4135 1705//4135
f 2260//4136 2261//4136 1706//4136
f 2261//4137 1707//4137 1706//4137
f 2261//4138 2262//4138 1707//4138
f 2262//4139 1708//4139 1707//4139
f 2262//4140 2263//4140 1708//4140
f 2263//4141 1709//4141 1708//4141
f 2263//4142 2264//4142 1709//4142
f 1592//4143 1590//4143 2265//4143
f 1592//4144 2265//4144 2252//4144
f 1590//4145 1588//4145 2266//4145
f 1590//4146 2266//4146 2265//4146
f 1588//4147 1586//4147 2267//4147
f 1588//4148 2267//4148 2266//4148
f 1586//4149 1583//4149 2268//4149
f 1586//4150 2268//4150 2267//4150
f 1583//4151 1581//4151 2269//4151
f 1583//4152 2269//4152 2268//4152
f 1581//4153 1580//4153 2270//4153
f 1581//4154 2270//4154 2269//4154
f 1580//4155 1577//4155 2271//4155
f 1580//4156 2271//4156 2270//4156
f 1577//4157 1575//4157 2272//4157
f 1577//4158 2272//4158 2271//4158
f 1575//4159 1574//4159 2273//4159
f 1575//4160 2273//4160 2272//4160
f 1574//4161 1572//4161 2274//4161
f 1574//4162 2274//4162 2273//4162
f 1572//4163 1569//4163 2275//4163
f 1572//4164 2275//4164 2274//4164
f 1569//4165 1565//4165 2276//4165
f 1569//4166 2276//4166 2275//4166
f 1565//4167 1567//4167 2277//4167
f 1565//4168 2277//4168 2276//4168
f 2278//4169 1573//4169 1576//4169
f 2278//4170 2279//4170 1573//4170
f 2279//4171 1571//4171 1573//4171
f 2279//4172 2280//4172 1571//4172
f 2280//4173 1570//4173 1571//4173
f 2280//4174 2281//4174 1570//4174
f 2281//4175 1568//4175 1570//4175
f 2281//4176 2282//4176 1568//4176
f 2282//4177 1567//4177 1568//4177
f 2282//4178 2277//4178 1567//4178
f 2264//4179 1684//4179 1709//4179
f 2264//4180 2283//4180 1684//4180
f 2283//4181 1685//4181 1684//4181
f 2283//4182 2284//4182 1685//4182
f 2284//4183 1681//4183 1685//4183
f 2284//4184 2285//4184 1681//4184
f 2285//4185 1678//4185 1681//4185
f 2285//4186 2286//4186 1678//4186
f 2286//4187 1679//4187 1678//4187
f 2286//4188 2287//4188 1679//4188
f 2287//4189 1674//4189 1679//4189
f 2287//4190 2288//4190 1674//4190
f 2288//4191 1675//4191 1674//4191
f 2288//4192 2289//4192 1675//4192
f 2289//4193 1672//4193 1675//4193
f 2289//4194 2290//4194 1672//4194
f 2290//4195 1669//4195 1672//4195
f 2290//4196 2291//4196 1669//4196
f 2291//4197 1666//4197 1669//4197
f 2291//4198 2292//4198 1666//4198
f 1667//4199 1666//4199 2292//4199
f 1667//4200 2292//4200 2293//4200
f 1664//4201 1667//4201 2293//4201
f 1664//4202 2293//4202 2294//4202
f 1662//4203 1664//4203 2294//4203
f 1662//4204 2294//4204 2295//4204
f 1659//4205 1662//4205 2295//4205
f 1659//4206 2295//4206 2296//4206
f 1657//4207 1659//4207 2296//4207
f 1657//4208 2296//4208 2297//4208
f 1654//4209 1657//4209 2297//4209
f 1654//4210 2297//4210 2298//4210
f 1655//4211 1654//4211 2298//4211
f 1655//4212 2298//4212 2299//4212
f 1652//4213 1655//4213 2299//4213
f 1652//4214 2299//4214 2300//4214
f 1649//4215 1652//4215 2300//4215
f 1649//4216 2300//4216 2301//4216
f 1645//4217 1649//4217 2301//4217
f 1645//4218 2301//4218 2302//4218
f 1646//4219 1645//4219 2302//4219
f 1646//4220 2302//4220 2303//4220
f 1639//4221 1646//4221 2303//4221
f 1639//4222 2303//4222 2304//4222
f 1640//4223 1639//4223 2304//4223
f 1640//4224 2304//4224 2305//4224
f 1637//4225 1640//4225 2305//4225
f 1637//4226 2305//4226 2306//4226
f 1632//4227 1637//4227 2306//4227
f 1632//4228 2306//4228 2307//4228
f 1626//4229 1632//4229 2307//4229
f 1626//4230 2307//4230 2308//4230
f 1627//4231 1626//4231 2308//4231
f 1627//4232 2308//4232 2309//4232
f 1624//4233 1627//4233 2309//4233
f 1624//4234 2309//4234 2310//4234
f 1620//4235 1624//4235 2310//4235
f 1620//4236 2310//4236 2311//4236
f 1613//4237 1620//4237 2311//4237
f 1613//4238 2311//4238 2312//4238
f 1608//4239 1613//4239 2312//4239
f 1608//4240 2312//4240 2313//4240
f 1602//4241 1608//4241 2313//4241
f 1602//4242 2313//4242 2314//4242
f 1603//4243 1602//4243 2314//4243
f 1603//4244 2314//4244 2315//4244
f 1599//4245 1603//4245 2315//4245
f 1599//4246 2315//4246 2316//4246
f 2316//4247 1600//4247 1599//4247
f 2316//4248 2317//4248 1600//4248
f 2317//4249 1606//4249 1600//4249
f 2317//4250 2318//4250 1606//4250
f 2318//4251 1610//4251 1606//4251
f 2318//4252 2319//4252 1610//4252
f 2319//4253 1611//4253 1610//4253
f 2319//4254 2320//4254 1611//4254
f 2320//4255 1617//4255 1611//4255
f 2320//4256 2321//4256 1617//4256
f 2321//4257 1618//4257 1617//4257
f 2321//4258 2322//4258 1618//4258
f 2322//4259 1622//4259 1618//4259
f 2322//4260 2323//4260 1622//4260
f 2323//4261 1630//4261 1622//4261
f 2323//4262 2324//4262 1630//4262
f 2324//4263 1595//4263 1630//4263
f 2324//4264 2325//4264 1595//4264
f 2325//4265 1593//4265 1595//4265
f 2325//4266 2326//4266 1593//4266
f 2326//4267 1591//4267 1593//4267
f 2326//4268 2327//4268 1591//4268
f 2327//4269 1589//4269 1591//4269
f 2327//4270 2328//4270 1589//4270
f 2328//4271 1587//4271 1589//4271
f 2328//4272 2329//4272 1587//4272
f 2329//4273 1585//4273 1587//4273
f 2329//4274 2330//4274 1585//4274
f 2330//4275 1584//4275 1585//4275
f 2330//4276 2331//4276 1584//4276
f 2331//4277 1582//4277 1584//4277
f 2331//4278 2332//4278 1582//4278
f 2332//4279 1579//4279 1582//4279
f 2332//4280 2333//4280 1579//4280
f 2333//4281 1578//4281 1579//4281
f 2333//4282 2334//4282 1578//4282
f 2334//4283 1576//4283 1578//4283
f 2334//4284 2278//4284 1576//4284
f 2026//4285 1564//4285 2027//4285
f 2028//4286 2027//4286 1564//4286
f 2025//4287 1564//4287 2026//4287
f 2029//4288 2028//4288 1564//4288
f 2030//4289 2029//4289 1564//4289
f 2024//4290 1564//4290 2025//4290
f 2031//4291 2030//4291 1564//4291
f 2023//4292 1564//4292 2024//4292
f 2022//4293 1564//4293 2023//4293
f 2032//4294 2031//4294 1564//4294
f 2021//4295 1564//4295 2022//4295
f 2033//4296 2032//4296 1564//4296
f 2034//4297 2033//4297 1564//4297
f 2020//4298 1564//4298 2021//4298
f 2019//4299 1564//4299 2020//4299
f 2035//4300 2034//4300 1564//4300
f 2018//4301 1564//4301 2019//4301
f 2036//4302 2035//4302 1564//4302
f 2037//4303 2036//4303 1564//4303
f 2017//4304 1564//4304 2018//4304
f 2038//4305 2037//4305 1564//4305
f 2016//4306 1564//4306 2017//4306
f 2039//4307 2038//4307 1564//4307
f 2015//4308 1564//4308 2016//4308
f 2040//4309 2039//4309 1564//4309
f 2014//4310 1564//4310 2015//4310
f 2041//4311 2040//4311 1564//4311
f 2013//4312 1564//4312 2014//4312
f 2042//4313 2041//4313 1564//4313
f 2012//4314 1564//4314 2013//4314
f 2011//4315 1564//4315 2012//4315
f 2123//4316 1982//4316 1979//4316
f 2122//4317 1982//4317 2123//4317
f 2124//4318 1979//4318 1978//4318
f 2124//4319 1978//4319 1953//4319
f 2124//4320 2123//4320 1979//4320
f 2125//4321 1953//4321 1952//4321
f 2125//4322 2124//4322 1953//4322
f 2121//4323 1981//4323 1982//4323
f 2121//4324 1982//4324 2122//4324
f 2126//4325 2125//4325 1952//4325
f 2120//4326 1977//4326 1980//4326
f 2120//4327 1980//4327 1981//4327
f 2120//4328 1981//4328 2121//4328
f 2127//4329 2126//4329 1952//4329
f 2127//4330 1952//4330 1951//4330
f 2119//4331 1976//4331 1977//4331
f 2119//4332 1977//4332 2120//4332
f 2128//4333 1951//4333 2046//4333
f 2128//4334 2127//4334 1951//4334
f 2118//4335 1976//4335 2119//4335
f 2129//4336 2128//4336 2046//4336
f 2129//4337 2046//4337 2045//4337
f 2129//4338 2045//4338 2044//4338
f 2117//4339 1976//4339 2118//4339
f 2117//4340 1975//4340 1976//4340
f 2130//4341 2129//4341 2044//4341
f 2116//4342 1975//4342 2117//4342
f 2116//4343 1973//4343 1974//4343
f 2116//4344 1974//4344 1975//4344
f 2131//4345 2130//4345 2044//4345
f 2131//4346 2044//4346 2043//4346
f 2115//4347 1973//4347 2116//4347
f 2132//4348 2131//4348 2043//4348
f 2132//4349 2042//4349 1564//4349
f 2132//4350 2043//4350 2042//4350
f 2114//4351 1973//4351 2115//4351
f 2114//4352 1972//4352 1973//4352
f 2133//4353 2132//4353 1564//4353
f 2113//4354 1972//4354 2114//4354
f 2113//4355 1970//4355 1971//4355
f 2113//4356 1971//4356 1972//4356
f 2134//4357 2133//4357 1564//4357
f 2112//4358 1970//4358 2113//4358
f 2135//4359 2134//4359 1564//4359
f 2111//4360 1970//4360 2112//4360
f 2111//4361 1969//4361 1970//4361
f 2110//4362 1969//4362 2111//4362
f 2110//4363 1968//4363 1969//4363
f 2136//4364 2135//4364 1564//4364
f 2109//4365 1968//4365 2110//4365
f 2109//4366 1967//4366 1968//4366
f 2137//4367 2136//4367 1564//4367
f 2108//4368 1967//4368 2109//4368
f 2108//4369 1965//4369 1966//4369
f 2108//4370 1966//4370 1967//4370
f 2107//4371 1965//4371 2108//4371
f 2106//4372 1964//4372 1965//4372
f 2106//4373 1965//4373 2107//4373
f 2105//4374 1962//4374 1963//4374
f 2105//4375 1963//4375 1964//4375
f 2105//4376 1964//4376 2106//4376
f 2104//4377 1962//4377 2105//4377
f 2103//4378 1961//4378 1962//4378
f 2103//4379 1962//4379 2104//4379
f 2102//4380 1961//4380 2103//4380
f 2102//4381 1956//4381 1960//4381
f 2102//4382 1960//4382 1961//4382
f 2101//4383 1956//4383 2102//4383
f 2101//4384 1954//4384 1956//4384
f 2100//4385 1954//4385 2101//4385
f 2099//4386 1955//4386 1954//4386
f 2099//4387 1954//4387 2100//4387
f 2098//4388 1955//4388 2099//4388
f 2098//4389 1958//4389 1957//4389
f 2098//4390 1957//4390 1955//4390
f 2097//4391 1958//4391 2098//4391
f 2097//4392 1959//4392 1958//4392
f 2096//4393 1959//4393 2097//4393
f 2095//4394 1983//4394 1959//4394
f 2095//4395 1959//4395 2096//4395
f 2094//4396 1984//4396 1983//4396
f 2094//4397 1983//4397 2095//4397
f 2093//4398 1986//4398 1985//4398
f 2093//4399 1985//4399 1984//4399
f 2093//4400 1984//4400 2094//4400
f 2092//4401 1986//4401 2093//4401
f 2091//4402 1987//4402 1986//4402
f 2091//4403 1986//4403 2092//4403
f 2090//4404 1987//4404 2091//4404
f 2090//4405 1988//4405 1987//4405
f 1562//4406 2090//4406 2089//4406
f 1562//4407 2089//4407 2088//4407
f 1562//4408 2088//4408 2087//4408
f 1562//4409 2087//4409 2086//4409
f 1562//4410 2086//4410 2085//4410
f 1562//4411 2011//4411 2010//4411
f 1562//4412 2010//4412 2009//4412
f 1562//4413 2009//4413 2008//4413
f 1562//4414 2008//4414 2007//4414
f 1562//4415 2007//4415 2006//4415
f 1562//4416 2006//4416 2005//4416
f 1562//4417 2005//4417 2004//4417
f 1562//4418 2004//4418 2003//4418
f 1562//4419 2003//4419 2002//4419
f 1562//4420 2002//4420 2001//4420
f 1562//4421 2001//4421 2000//4421
f 1562//4422 2000//4422 1999//4422
f 1562//4423 1999//4423 1998//4423
f 1562//4424 1998//4424 1997//4424
f 1562//4425 1997//4425 1996//4425
f 1562//4426 1996//4426 1995//4426
f 1562//4427 1995//4427 1994//4427
f 1562//4428 1994//4428 1993//4428
f 1562//4429 1993//4429 1992//4429
f 1562//4430 1992//4430 1991//4430
f 1562//4431 1991//4431 1990//4431
f 1562//4432 1990//4432 1989//4432
f 1562//4433 1989//4433 1988//4433
f 1562//4434 1988//4434 2090//4434
f 1562//4435 1564//4435 2011//4435
f 2220//4436 2075//4436 2074//4436
f 2219//4437 2077//4437 2078//4437
f 2219//4438 2078//4438 2075//4438
f 2219//4439 2075//4439 2220//4439
f 2221//4440 2220//4440 2074//4440
f 2222//4441 2221//4441 2074//4441
f 2222//4442 2074//4442 2049//4442
f 2222//4443 2049//4443 2048//4443
f 2218//4444 2077//4444 2219//4444
f 2223//4445 2222//4445 2048//4445
f 2217//4446 2076//4446 2077//4446
f 2217//4447 2077//4447 2218//4447
f 2224//4448 2223//4448 2048//4448
f 2224//4449 2048//4449 2047//4449
f 2216//4450 2073//4450 2076//4450
f 2216//4451 2076//4451 2217//4451
f 2225//4452 2047//4452 2142//4452
f 2225//4453 2142//4453 2141//4453
f 2225//4454 2224//4454 2047//4454
f 2215//4455 2071//4455 2072//4455
f 2215//4456 2072//4456 2073//4456
f 2215//4457 2073//4457 2216//4457
f 2226//4458 2141//4458 2140//4458
f 2226//4459 2225//4459 2141//4459
f 2214//4460 2070//4460 2071//4460
f 2214//4461 2071//4461 2215//4461
f 2213//4462 2069//4462 2070//4462
f 2213//4463 2070//4463 2214//4463
f 2227//4464 2226//4464 2140//4464
f 2228//4465 2140//4465 2139//4465
f 2228//4466 2139//4466 2138//4466
f 2228//4467 2227//4467 2140//4467
f 2212//4468 2069//4468 2213//4468
f 2229//4469 2228//4469 2138//4469
f 2211//4470 2069//4470 2212//4470
f 2211//4471 2067//4471 2068//4471
f 2211//4472 2068//4472 2069//4472
f 2230//4473 2137//4473 1564//4473
f 2230//4474 2138//4474 2137//4474
f 2230//4475 2229//4475 2138//4475
f 2210//4476 2066//4476 2067//4476
f 2210//4477 2067//4477 2211//4477
f 2209//4478 2066//4478 2210//4478
f 2231//4479 2230//4479 1564//4479
f 2208//4480 2065//4480 2066//4480
f 2208//4481 2066//4481 2209//4481
f 2207//4482 2065//4482 2208//4482
f 2207//4483 2064//4483 2065//4483
f 2206//4484 2064//4484 2207//4484
f 2206//4485 2062//4485 2063//4485
f 2206//4486 2063//4486 2064//4486
f 2205//4487 2061//4487 2062//4487
f 2205//4488 2062//4488 2206//4488
f 2204//4489 2061//4489 2205//4489
f 2203//4490 2060//4490 2061//4490
f 2203//4491 2061//4491 2204//4491
f 2202//4492 2060//4492 2203//4492
f 2202//4493 2059//4493 2060//4493
f 2201//4494 2057//4494 2058//4494
f 2201//4495 2058//4495 2059//4495
f 2201//4496 2059//4496 2202//4496
f 2200//4497 2056//4497 2057//4497
f 2200//4498 2057//4498 2201//4498
f 2199//4499 2052//4499 2056//4499
f 2199//4500 2056//4500 2200//4500
f 2198//4501 2052//4501 2199//4501
f 2197//4502 2051//4502 2050//4502
f 2197//4503 2050//4503 2052//4503
f 2197//4504 2052//4504 2198//4504
f 2196//4505 2051//4505 2197//4505
f 2195//4506 2054//4506 2053//4506
f 2195//4507 2053//4507 2051//4507
f 2195//4508 2051//4508 2196//4508
f 2194//4509 2055//4509 2054//4509
f 2194//4510 2054//4510 2195//4510
f 2193//4511 2055//4511 2194//4511
f 2192//4512 2079//4512 2055//4512
f 2192//4513 2055//4513 2193//4513
f 2191//4514 2081//4514 2080//4514
f 2191//4515 2080//4515 2079//4515
f 2191//4516 2079//4516 2192//4516
f 2190//4517 2082//4517 2081//4517
f 2190//4518 2081//4518 2191//4518
f 2189//4519 2082//4519 2190//4519
f 2188//4520 2083//4520 2082//4520
f 2188//4521 2082//4521 2189//4521
f 2187//4522 2084//4522 2083//4522
f 2187//4523 2083//4523 2188//4523
f 2168//4524 2085//4524 2084//4524
f 2168//4525 2084//4525 2187//4525
f 2168//4526 1562//4526 2085//4526
f 2316//4527 2180//4527 2181//4527
f 2315//4528 2180//4528 2316//4528
f 2317//4529 2316//4529 2181//4529
f 2317//4530 2181//4530 2186//4530
f 2317//4531 2186//4531 2185//4531
f 2318//4532 2317//4532 2185//4532
f 2318//4533 2185//4533 2184//4533
f 2314//4534 2180//4534 2315//4534
f 2314//4535 2179//4535 2180//4535
f 2319//4536 2318//4536 2184//4536
f 2313//4537 2179//4537 2314//4537
f 2313//4538 2178//4538 2179//4538
f 2320//4539 2319//4539 2184//4539
f 2320//4540 2184//4540 2183//4540
f 2320//4541 2183//4541 2182//4541
f 2312//4542 2176//4542 2177//4542
f 2312//4543 2177//4543 2178//4543
f 2312//4544 2178//4544 2313//4544
f 2311//4545 2176//4545 2312//4545
f 2311//4546 2175//4546 2176//4546
f 2321//4547 2320//4547 2182//4547
f 2310//4548 2174//4548 2175//4548
f 2310//4549 2175//4549 2311//4549
f 2322//4550 2321//4550 2182//4550
f 2322//4551 2182//4551 2238//4551
f 2323//4552 2322//4552 2238//4552
f 2323//4553 2238//4553 2237//4553
f 2323//4554 2237//4554 2236//4554
f 2309//4555 2174//4555 2310//4555
f 2308//4556 2173//4556 2174//4556
f 2308//4557 2174//4557 2309//4557
f 2324//4558 2323//4558 2236//4558
f 2307//4559 2171//4559 2172//4559
f 2307//4560 2172//4560 2173//4560
f 2307//4561 2173//4561 2308//4561
f 2325//4562 2236//4562 2235//4562
f 2325//4563 2324//4563 2236//4563
f 2306//4564 2170//4564 2171//4564
f 2306//4565 2171//4565 2307//4565
f 2305//4566 2170//4566 2306//4566
f 2304//4567 2165//4567 2169//4567
f 2304//4568 2170//4568 2305//4568
f 2304//4569 2169//4569 2170//4569
f 2303//4570 2165//4570 2304//4570
f 2302//4571 2165//4571 2303//4571
f 2302//4572 2164//4572 2165//4572
f 2301//4573 2164//4573 2302//4573
f 2301//4574 2162//4574 2163//4574
f 2301//4575 2163//4575 2164//4575
f 2300//4576 2162//4576 2301//4576
f 2300//4577 2161//4577 2162//4577
f 2299//4578 2161//4578 2300//4578
f 2298//4579 2161//4579 2299//4579
f 2298//4580 2160//4580 2161//4580
f 2297//4581 2160//4581 2298//4581
f 2297//4582 2159//4582 2160//4582
f 2296//4583 2159//4583 2297//4583
f 2296//4584 2152//4584 2153//4584
f 2296//4585 2153//4585 2159//4585
f 2295//4586 2152//4586 2296//4586
f 2295//4587 2151//4587 2152//4587
f 2294//4588 2151//4588 2295//4588
f 2294//4589 2146//4589 2151//4589
f 2293//4590 2146//4590 2294//4590
f 2292//4591 2143//4591 2146//4591
f 2292//4592 2146//4592 2293//4592
f 2291//4593 2145//4593 2144//4593
f 2291//4594 2144//4594 2143//4594
f 2291//4595 2143//4595 2292//4595
f 2290//4596 2145//4596 2291//4596
f 2290//4597 2147//4597 2145//4597
f 2289//4598 2147//4598 2290//4598
f 2288//4599 2149//4599 2148//4599
f 2288//4600 2148//4600 2147//4600
f 2288//4601 2147//4601 2289//4601
f 2287//4602 2149//4602 2288//4602
f 2286//4603 2150//4603 2149//4603
f 2286//4604 2149//4604 2287//4604
f 2285//4605 2155//4605 2154//4605
f 2285//4606 2154//4606 2150//4606
f 2285//4607 2150//4607 2286//4607
f 2284//4608 2155//4608 2285//4608
f 2283//4609 2156//4609 2155//4609
f 2283//4610 2155//4610 2284//4610
f 2335//4611 2231//4611 1564//4611
f 2335//4612 2268//4612 2269//4612
f 2335//4613 2269//4613 2270//4613
f 2335//4614 2270//4614 2271//4614
f 2335//4615 2271//4615 2272//4615
f 2335//4616 2272//4616 2273//4616
f 2335//4617 2273//4617 2274//4617
f 2335//4618 2274//4618 2275//4618
f 2335//4619 2275//4619 2276//4619
f 2335//4620 2276//4620 2277//4620
f 2335//4621 2277//4621 2282//4621
f 2335//4622 2325//4622 2235//4622
f 2335//4623 2282//4623 2281//4623
f 2335//4624 2281//4624 2280//4624
f 2335//4625 2280//4625 2279//4625
f 2335//4626 2279//4626 2278//4626
f 2335//4627 2278//4627 2334//4627
f 2335//4628 2334//4628 2333//4628
f 2335//4629 2333//4629 2332//4629
f 2335//4630 2332//4630 2331//4630
f 2335//4631 2331//4631 2330//4631
f 2335//4632 2330//4632 2329//4632
f 2335//4633 2329//4633 2328//4633
f 2335//4634 2328//4634 2327//4634
f 2335//4635 2327//4635 2326//4635
f 2335//4636 2326//4636 2325//4636
f 2335//4637 2235//4637 2234//4637
f 2335//4638 2234//4638 2233//4638
f 2335//4639 2233//4639 2232//4639
f 2335//4640 2232//4640 2231//4640
f 2267//4641 2268//4641 2335//4641
f 2266//4642 2267//4642 2335//4642
f 2265//4643 2266//4643 2335//4643
f 2252//4644 2265//4644 2335//4644
f 2251//4645 2252//4645 2335//4645
f 2250//4646 2251//4646 2335//4646
f 2249//4647 2250//4647 2335//4647
f 2336//4648 2256//4648 2255//4648
f 2336//4649 2255//4649 2254//4649
f 2336//4650 2254//4650 2253//4650
f 2336//4651 2253//4651 2241//4651
f 2336//4652 2241//4652 2240//4652
f 2336//4653 2240//4653 2239//4653
f 2336//4654 2239//4654 2242//4654
f 2336//4655 2242//4655 2243//4655
f 2336//4656 1562//4656 2168//4656
f 2336//4657 2243//4657 2244//4657
f 2336//4658 2244//4658 2245//4658
f 2336//4659 2245//4659 2246//4659
f 2336//4660 2246//4660 2247//4660
f 2336//4661 2247//4661 2248//4661
f 2336//4662 2248//4662 2249//4662
f 2336//4663 2249//4663 2335//4663
f 2336//4664 2168//4664 2167//4664
f 2336//4665 2167//4665 2166//4665
f 2336//4666 2166//4666 2158//4666
f 2336//4667 2158//4667 2157//4667
f 2336//4668 2157//4668 2156//4668
f 2336//4669 2156//4669 2283//4669
f 2336//4670 2283//4670 2264//4670
f 2336//4671 2264//4671 2263//4671
f 2336//4672 2263//4672 2262//4672
f 2336//4673 2262//4673 2261//4673
f 2336//4674 2261//4674 2260//4674
f 2336//4675 2260//4675 2259//4675
f 2336//4676 2259//4676 2258//4676
f 2336//4677 2258//4677 2257//4677
f 2336//4678 2257//4678 2256//4678
f 2335//4679 1687//4679 2336//4679
f 2335//4680 1566//4680 1687//4680
f 1563//4681 1562//4681 2336//4681
f 1563//4682 2336//4682 1687//4682
f 1564//4683 1561//4683 1566//4683
f 1564//4684 1566//4684 2335//4684
g KiCad_PCB_mesh
f 2337//4685 2338//4685 2339//4685
f 2337//4686 2339//4686 2340//4686
f 2339//4687 2341//4687 2342//4687
f 2338//4688 2341//4688 2339//4688
f 2343//4689 2337//4689 2340//4689
f 2344//4690 2337//4690 2343//4690
f 2337//4691 2345//4691 2346//4691
f 2346//4692 2347//4692 2337//4692
f 2337//4693 2348//4693 2345//4693
f 2347//4694 2349//4694 2337//4694
f 2337//4695 2350//4695 2348//4695
f 2349//4696 2351//4696 2337//4696
f 2337//4697 2352//4697 2350//4697
f 2351//4698 2353//4698 2337//4698
f 2337//4699 2354//4699 2352//4699
f 2353//4700 2355//4700 2337//4700
f 2337//4701 2356//4701 2354//4701
f 2355//4702 2357//4702 2337//4702
f 2337//4703 2358//4703 2356//4703
f 2357//4704 2359//4704 2337//4704
f 2337//4705 2360//4705 2358//4705
f 2359//4706 2361//4706 2337//4706
f 2337//4707 2362//4707 2360//4707
f 2361//4708 2363//4708 2337//4708
f 2364//4709 2365//4709 2366//4709
f 2364//4710 2367//4710 2365//4710
f 2368//4711 2367//4711 2364//4711
f 2365//4712 2369//4712 2366//4712
f 2362//4713 2370//4713 2368//4713
f 2368//4714 2370//4714 2367//4714
f 2369//4715 2371//4715 2366//4715
f 2366//4716 2371//4716 2372//4716
f 2371//4717 2373//4717 2372//4717
f 2372//4718 2373//4718 2374//4718
f 2374//4719 2373//4719 2375//4719
f 2373//4720 2376//4720 2375//4720
f 2376//4721 2377//4721 2375//4721
f 2375//4722 2377//4722 2378//4722
f 2378//4723 2377//4723 2379//4723
f 2377//4724 2380//4724 2379//4724
f 2379//4725 2381//4725 2382//4725
f 2380//4726 2381//4726 2379//4726
f 2382//4727 2383//4727 2384//4727
f 2384//4728 2383//4728 2385//4728
f 2381//4729 2383//4729 2382//4729
f 2383//4730 2386//4730 2385//4730
f 2385//4731 2387//4731 2388//4731
f 2386//4732 2387//4732 2385//4732
f 2389//4733 2344//4733 2390//4733
f 2390//4734 2344//4734 2391//4734
f 2391//4735 2344//4735 2392//4735
f 2362//4736 2344//4736 2370//4736
f 2337//4737 2344//4737 2362//4737
f 2370//4738 2344//4738 2393//4738
f 2393//4739 2344//4739 2394//4739
f 2394//4740 2344//4740 2395//4740
f 2395//4741 2344//4741 2396//4741
f 2396//4742 2344//4742 2389//4742
f 2344//4743 2397//4743 2392//4743
f 2387//4744 2398//4744 2388//4744
f 2388//4745 2398//4745 2399//4745
f 2344//4746 2400//4746 2397//4746
f 2344//4747 2401//4747 2400//4747
f 2344//4748 2402//4748 2401//4748
f 2344//4749 2403//4749 2402//4749
f 2344//4750 2404//4750 2403//4750
f 2344//4751 2405//4751 2404//4751
f 2344//4752 2406//4752 2405//4752
f 2344//4753 2407//4753 2406//4753
f 2344//4754 2408//4754 2407//4754
f 2409//4755 2410//4755 2411//4755
f 2409//4756 2412//4756 2410//4756
f 2363//4757 2413//4757 2337//4757
f 2411//4758 2413//4758 2363//4758
f 2410//4759 2413//4759 2411//4759
f 2414//4760 2415//4760 2416//4760
f 2416//4761 2415//4761 2409//4761
f 2409//4762 2415//4762 2412//4762
f 2414//4763 2417//4763 2415//4763
f 2418//4764 2419//4764 2414//4764
f 2414//4765 2419//4765 2417//4765
f 2420//4766 2421//4766 2418//4766
f 2418//4767 2421//4767 2419//4767
f 2422//4768 2423//4768 2420//4768
f 2420//4769 2423//4769 2421//4769
f 2424//4770 2425//4770 2422//4770
f 2422//4771 2425//4771 2423//4771
f 2426//4772 2427//4772 2424//4772
f 2424//4773 2427//4773 2425//4773
f 2428//4774 2429//4774 2426//4774
f 2426//4775 2429//4775 2427//4775
f 2399//4776 2430//4776 2428//4776
f 2428//4777 2430//4777 2429//4777
f 2413//4778 2338//4778 2337//4778
f 2431//4779 2338//4779 2432//4779
f 2432//4780 2338//4780 2433//4780
f 2433//4781 2338//4781 2434//4781
f 2434//4782 2338//4782 2413//4782
f 2435//4783 2338//4783 2436//4783
f 2436//4784 2338//4784 2437//4784
f 2437//4785 2338//4785 2438//4785
f 2438//4786 2338//4786 2439//4786
f 2439//4787 2338//4787 2431//4787
f 2435//4788 2440//4788 2338//4788
f 2440//4789 2441//4789 2338//4789
f 2441//4790 2442//4790 2338//4790
f 2442//4791 2443//4791 2338//4791
f 2443//4792 2444//4792 2338//4792
f 2444//4793 2445//4793 2338//4793
f 2445//4794 2446//4794 2338//4794
f 2446//4795 2447//4795 2338//4795
f 2447//4796 2448//4796 2338//4796
f 2449//4797 2450//4797 2451//4797
f 2398//4798 2452//4798 2399//4798
f 2430//4799 2452//4799 2449//4799
f 2399//4800 2452//4800 2430//4800
f 2449//4801 2452//4801 2450//4801
f 2450//4802 2453//4802 2451//4802
f 2451//4803 2453//4803 2454//4803
f 2455//4804 2456//4804 2398//4804
f 2398//4805 2456//4805 2452//4805
f 2453//4806 2457//4806 2454//4806
f 2455//4807 2458//4807 2456//4807
f 2459//4808 2458//4808 2455//4808
f 2454//4809 2460//4809 2461//4809
f 2457//4810 2460//4810 2454//4810
f 2462//4811 2463//4811 2459//4811
f 2459//4812 2463//4812 2458//4812
f 2460//4813 2464//4813 2461//4813
f 2461//4814 2464//4814 2465//4814
f 2466//4815 2467//4815 2468//4815
f 2468//4816 2467//4816 2462//4816
f 2462//4817 2467//4817 2463//4817
f 2465//4818 2469//4818 2470//4818
f 2470//4819 2469//4819 2471//4819
f 2464//4820 2469//4820 2465//4820
f 2466//4821 2472//4821 2467//4821
f 2469//4822 2473//4822 2471//4822
f 2474//4823 2475//4823 2476//4823
f 2476//4824 2475//4824 2466//4824
f 2466//4825 2475//4825 2472//4825
f 2473//4826 2477//4826 2471//4826
f 2471//4827 2477//4827 2478//4827
f 2474//4828 2479//4828 2475//4828
f 2477//4829 2480//4829 2478//4829
f 2478//4830 2480//4830 2481//4830
f 2482//4831 2483//4831 2474//4831
f 2474//4832 2483//4832 2479//4832
f 2480//4833 2484//4833 2481//4833
f 2481//4834 2484//4834 2485//4834
f 2485//4835 2484//4835 2486//4835
f 2487//4836 2488//4836 2482//4836
f 2482//4837 2488//4837 2483//4837
f 2484//4838 2489//4838 2486//4838
f 2486//4839 2489//4839 2490//4839
f 2491//4840 2492//4840 2487//4840
f 2487//4841 2492//4841 2488//4841
f 2489//4842 2493//4842 2490//4842
f 2490//4843 2493//4843 2448//4843
f 2493//4844 2494//4844 2448//4844
f 2448//4845 2341//4845 2338//4845
f 2495//4846 2341//4846 2496//4846
f 2496//4847 2341//4847 2497//4847
f 2497//4848 2341//4848 2498//4848
f 2498//4849 2341//4849 2499//4849
f 2499//4850 2341//4850 2500//4850
f 2500//4851 2341//4851 2501//4851
f 2501//4852 2341//4852 2502//4852
f 2502//4853 2341//4853 2503//4853
f 2494//4854 2341//4854 2448//4854
f 2503//4855 2341//4855 2504//4855
f 2504//4856 2341//4856 2505//4856
f 2505//4857 2341//4857 2506//4857
f 2506//4858 2341//4858 2507//4858
f 2507//4859 2341//4859 2508//4859
f 2508//4860 2341//4860 2509//4860
f 2509//4861 2341//4861 2510//4861
f 2510//4862 2341//4862 2511//4862
f 2511//4863 2341//4863 2512//4863
f 2512//4864 2341//4864 2494//4864
f 2344//4865 2341//4865 2495//4865
f 2344//4866 2495//4866 2492//4866
f 2344//4867 2492//4867 2408//4867
f 2408//4868 2492//4868 2491//4868
f 2513//4869 2340//4869 2514//4869
f 2515//4870 2514//4870 2340//4870
f 2516//4871 2340//4871 2513//4871
f 2517//4872 2515//4872 2340//4872
f 2518//4873 2340//4873 2516//4873
f 2519//4874 2517//4874 2340//4874
f 2520//4875 2340//4875 2518//4875
f 2521//4876 2519//4876 2340//4876
f 2522//4877 2340//4877 2520//4877
f 2523//4878 2521//4878 2340//4878
f 2524//4879 2340//4879 2522//4879
f 2525//4880 2523//4880 2340//4880
f 2526//4881 2340//4881 2524//4881
f 2527//4882 2525//4882 2340//4882
f 2528//4883 2340//4883 2526//4883
f 2529//4884 2527//4884 2340//4884
f 2530//4885 2340//4885 2528//4885
f 2531//4886 2529//4886 2340//4886
f 2532//4887 2533//4887 2534//4887
f 2535//4888 2533//4888 2532//4888
f 2535//4889 2536//4889 2533//4889
f 2537//4890 2532//4890 2534//4890
f 2538//4891 2530//4891 2536//4891
f 2538//4892 2536//4892 2535//4892
f 2539//4893 2537//4893 2534//4893
f 2539//4894 2534//4894 2540//4894
f 2541//4895 2539//4895 2540//4895
f 2541//4896 2540//4896 2542//4896
f 2541//4897 2542//4897 2543//4897
f 2544//4898 2541//4898 2543//4898
f 2545//4899 2544//4899 2543//4899
f 2545//4900 2543//4900 2546//4900
f 2545//4901 2546//4901 2547//4901
f 2548//4902 2545//4902 2547//4902
f 2549//4903 2547//4903 2550//4903
f 2549//4904 2548//4904 2547//4904
f 2551//4905 2550//4905 2552//4905
f 2551//4906 2552//4906 2553//4906
f 2551//4907 2549//4907 2550//4907
f 2554//4908 2551//4908 2553//4908
f 2555//4909 2553//4909 2556//4909
f 2555//4910 2554//4910 2553//4910
f 2343//4911 2557//4911 2558//4911
f 2343//4912 2558//4912 2559//4912
f 2343//4913 2559//4913 2560//4913
f 2343//4914 2530//4914 2538//4914
f 2343//4915 2340//4915 2530//4915
f 2343//4916 2538//4916 2561//4916
f 2343//4917 2561//4917 2562//4917
f 2343//4918 2562//4918 2563//4918
f 2343//4919 2563//4919 2564//4919
f 2343//4920 2564//4920 2557//4920
f 2565//4921 2343//4921 2560//4921
f 2566//4922 2555//4922 2556//4922
f 2566//4923 2556//4923 2567//4923
f 2568//4924 2343//4924 2565//4924
f 2569//4925 2343//4925 2568//4925
f 2570//4926 2343//4926 2569//4926
f 2571//4927 2343//4927 2570//4927
f 2572//4928 2343//4928 2571//4928
f 2573//4929 2343//4929 2572//4929
f 2574//4930 2343//4930 2573//4930
f 2575//4931 2343//4931 2574//4931
f 2576//4932 2343//4932 2575//4932
f 2577//4933 2578//4933 2579//4933
f 2580//4934 2578//4934 2577//4934
f 2581//4935 2531//4935 2340//4935
f 2581//4936 2579//4936 2531//4936
f 2581//4937 2577//4937 2579//4937
f 2582//4938 2583//4938 2584//4938
f 2582//4939 2584//4939 2578//4939
f 2582//4940 2578//4940 2580//4940
f 2585//4941 2583//4941 2582//4941
f 2586//4942 2587//4942 2583//4942
f 2586//4943 2583//4943 2585//4943
f 2588//4944 2589//4944 2587//4944
f 2588//4945 2587//4945 2586//4945
f 2590//4946 2591//4946 2589//4946
f 2590//4947 2589//4947 2588//4947
f 2592//4948 2593//4948 2591//4948
f 2592//4949 2591//4949 2590//4949
f 2594//4950 2595//4950 2593//4950
f 2594//4951 2593//4951 2592//4951
f 2596//4952 2597//4952 2595//4952
f 2596//4953 2595//4953 2594//4953
f 2598//4954 2567//4954 2597//4954
f 2598//4955 2597//4955 2596//4955
f 2339//4956 2581//4956 2340//4956
f 2339//4957 2599//4957 2600//4957
f 2339//4958 2600//4958 2601//4958
f 2339//4959 2601//4959 2602//4959
f 2339//4960 2602//4960 2581//4960
f 2339//4961 2603//4961 2604//4961
f 2339//4962 2604//4962 2605//4962
f 2339//4963 2605//4963 2606//4963
f 2339//4964 2606//4964 2607//4964
f 2339//4965 2607//4965 2599//4965
f 2608//4966 2603//4966 2339//4966
f 2609//4967 2608//4967 2339//4967
f 2610//4968 2609//4968 2339//4968
f 2611//4969 2610//4969 2339//4969
f 2612//4970 2611//4970 2339//4970
f 2613//4971 2612//4971 2339//4971
f 2614//4972 2613//4972 2339//4972
f 2615//4973 2614//4973 2339//4973
f 2616//4974 2615//4974 2339//4974
f 2617//4975 2618//4975 2619//4975
f 2620//4976 2566//4976 2567//4976
f 2620//4977 2598//4977 2618//4977
f 2620//4978 2567//4978 2598//4978
f 2620//4979 2618//4979 2617//4979
f 2621//4980 2617//4980 2619//4980
f 2621//4981 2619//4981 2622//4981
f 2623//4982 2624//4982 2566//4982
f 2623//4983 2566//4983 2620//4983
f 2625//4984 2621//4984 2622//4984
f 2626//4985 2624//4985 2623//4985
f 2626//4986 2627//4986 2624//4986
f 2628//4987 2622//4987 2629//4987
f 2628//4988 2625//4988 2622//4988
f 2630//4989 2631//4989 2627//4989
f 2630//4990 2627//4990 2626//4990
f 2632//4991 2628//4991 2629//4991
f 2632//4992 2629//4992 2633//4992
f 2634//4993 2635//4993 2636//4993
f 2634//4994 2636//4994 2631//4994
f 2634//4995 2631//4995 2630//4995
f 2637//4996 2633//4996 2638//4996
f 2637//4997 2638//4997 2639//4997
f 2637//4998 2632//4998 2633//4998
f 2640//4999 2635//4999 2634//4999
f 2641//5000 2637//5000 2639//5000
f 2642//5001 2643//5001 2644//5001
f 2642//5002 2644//5002 2635//5002
f 2642//5003 2635//5003 2640//5003
f 2645//5004 2641//5004 2639//5004
f 2645//5005 2639//5005 2646//5005
f 2647//5006 2643//5006 2642//5006
f 2648//5007 2645//5007 2646//5007
f 2648//5008 2646//5008 2649//5008
f 2650//5009 2651//5009 2643//5009
f 2650//5010 2643//5010 2647//5010
f 2652//5011 2648//5011 2649//5011
f 2652//5012 2649//5012 2653//5012
f 2652//5013 2653//5013 2654//5013
f 2655//5014 2656//5014 2651//5014
f 2655//5015 2651//5015 2650//5015
f 2657//5016 2652//5016 2654//5016
f 2657//5017 2654//5017 2658//5017
f 2659//5018 2660//5018 2656//5018
f 2659//5019 2656//5019 2655//5019
f 2661//5020 2657//5020 2658//5020
f 2661//5021 2658//5021 2616//5021
f 2662//5022 2661//5022 2616//5022
f 2342//5023 2616//5023 2339//5023
f 2342//5024 2663//5024 2664//5024
f 2342//5025 2664//5025 2665//5025
f 2342//5026 2665//5026 2666//5026
f 2342//5027 2666//5027 2667//5027
f 2342//5028 2667//5028 2668//5028
f 2342//5029 2668//5029 2669//5029
f 2342//5030 2669//5030 2670//5030
f 2342//5031 2670//5031 2671//5031
f 2342//5032 2662//5032 2616//5032
f 2342//5033 2671//5033 2672//5033
f 2342//5034 2672//5034 2673//5034
f 2342//5035 2673//5035 2674//5035
f 2342//5036 2674//5036 2675//5036
f 2342//5037 2675//5037 2676//5037
f 2342//5038 2676//5038 2677//5038
f 2342//5039 2677//5039 2678//5039
f 2342//5040 2678//5040 2679//5040
f 2342//5041 2679//5041 2680//5041
f 2342//5042 2680//5042 2662//5042
f 2342//5043 2343//5043 2663//5043
f 2663//5044 2343//5044 2659//5044
f 2659//5045 2343//5045 2576//5045
f 2659//5046 2576//5046 2660//5046
f 2341//5047 2344//5047 2343//5047
f 2341//5048 2343//5048 2342//5048
f 2355//5049 2353//5049 2523//5049
f 2523//5050 2353//5050 2521//5050
f 2521//5051 2351//5051 2519//5051
f 2353//5052 2351//5052 2521//5052
f 2519//5053 2349//5053 2517//5053
f 2351//5054 2349//5054 2519//5054
f 2517//5055 2347//5055 2515//5055
f 2349//5056 2347//5056 2517//5056
f 2515//5057 2346//5057 2514//5057
f 2347//5058 2346//5058 2515//5058
f 2514//5059 2345//5059 2513//5059
f 2346//5060 2345//5060 2514//5060
f 2513//5061 2348//5061 2516//5061
f 2345//5062 2348//5062 2513//5062
f 2516//5063 2350//5063 2518//5063
f 2348//5064 2350//5064 2516//5064
f 2518//5065 2352//5065 2520//5065
f 2350//5066 2352//5066 2518//5066
f 2520//5067 2354//5067 2522//5067
f 2352//5068 2354//5068 2520//5068
f 2522//5069 2356//5069 2524//5069
f 2354//5070 2356//5070 2522//5070
f 2524//5071 2358//5071 2526//5071
f 2356//5072 2358//5072 2524//5072
f 2526//5073 2360//5073 2528//5073
f 2358//5074 2360//5074 2526//5074
f 2528//5075 2362//5075 2530//5075
f 2360//5076 2362//5076 2528//5076
f 2530//5077 2368//5077 2536//5077
f 2536//5078 2368//5078 2533//5078
f 2362//5079 2368//5079 2530//5079
f 2368//5080 2364//5080 2533//5080
f 2533//5081 2366//5081 2534//5081
f 2364//5082 2366//5082 2533//5082
f 2534//5083 2372//5083 2540//5083
f 2366//5084 2372//5084 2534//5084
f 2540//5085 2374//5085 2542//5085
f 2372//5086 2374//5086 2540//5086
f 2542//5087 2375//5087 2543//5087
f 2374//5088 2375//5088 2542//5088
f 2543//5089 2378//5089 2546//5089
f 2375//5090 2378//5090 2543//5090
f 2546//5091 2379//5091 2547//5091
f 2378//5092 2379//5092 2546//5092
f 2547//5093 2382//5093 2550//5093
f 2379//5094 2382//5094 2547//5094
f 2550//5095 2384//5095 2552//5095
f 2382//5096 2384//5096 2550//5096
f 2552//5097 2385//5097 2553//5097
f 2384//5098 2385//5098 2552//5098
f 2553//5099 2388//5099 2556//5099
f 2385//5100 2388//5100 2553//5100
f 2556//5101 2399//5101 2567//5101
f 2388//5102 2399//5102 2556//5102
f 2567//5103 2428//5103 2597//5103
f 2399//5104 2428//5104 2567//5104
f 2428//5105 2426//5105 2597//5105
f 2597//5106 2426//5106 2595//5106
f 2426//5107 2424//5107 2595//5107
f 2595//5108 2424//5108 2593//5108
f 2593//5109 2424//5109 2591//5109
f 2424//5110 2422//5110 2591//5110
f 2591//5111 2422//5111 2589//5111
f 2422//5112 2420//5112 2589//5112
f 2420//5113 2418//5113 2589//5113
f 2589//5114 2418//5114 2587//5114
f 2587//5115 2418//5115 2583//5115
f 2418//5116 2414//5116 2583//5116
f 2414//5117 2416//5117 2583//5117
f 2583//5118 2416//5118 2584//5118
f 2416//5119 2409//5119 2584//5119
f 2584//5120 2409//5120 2578//5120
f 2409//5121 2411//5121 2578//5121
f 2578//5122 2411//5122 2579//5122
f 2579//5123 2363//5123 2531//5123
f 2411//5124 2363//5124 2579//5124
f 2531//5125 2361//5125 2529//5125
f 2363//5126 2361//5126 2531//5126
f 2529//5127 2359//5127 2527//5127
f 2527//5128 2359//5128 2525//5128
f 2361//5129 2359//5129 2529//5129
f 2359//5130 2357//5130 2525//5130
f 2525//5131 2355//5131 2523//5131
f 2357//5132 2355//5132 2525//5132
f 2431//5133 2432//5133 2599//5133
f 2599//5134 2432//5134 2600//5134
f 2600//5135 2433//5135 2601//5135
f 2432//5136 2433//5136 2600//5136
f 2601//5137 2434//5137 2602//5137
f 2433//5138 2434//5138 2601//5138
f 2602//5139 2413//5139 2581//5139
f 2434//5140 2413//5140 2602//5140
f 2581//5141 2410//5141 2577//5141
f 2413//5142 2410//5142 2581//5142
f 2577//5143 2412//5143 2580//5143
f 2410//5144 2412//5144 2577//5144
f 2580//5145 2415//5145 2582//5145
f 2412//5146 2415//5146 2580//5146
f 2582//5147 2417//5147 2585//5147
f 2415//5148 2417//5148 2582//5148
f 2585//5149 2419//5149 2586//5149
f 2417//5150 2419//5150 2585//5150
f 2586//5151 2421//5151 2588//5151
f 2419//5152 2421//5152 2586//5152
f 2588//5153 2423//5153 2590//5153
f 2421//5154 2423//5154 2588//5154
f 2590//5155 2425//5155 2592//5155
f 2423//5156 2425//5156 2590//5156
f 2592//5157 2427//5157 2594//5157
f 2425//5158 2427//5158 2592//5158
f 2594//5159 2429//5159 2596//5159
f 2427//5160 2429//5160 2594//5160
f 2596//5161 2430//5161 2598//5161
f 2598//5162 2430//5162 2618//5162
f 2429//5163 2430//5163 2596//5163
f 2430//5164 2449//5164 2618//5164
f 2618//5165 2451//5165 2619//5165
f 2449//5166 2451//5166 2618//5166
f 2619//5167 2454//5167 2622//5167
f 2451//5168 2454//5168 2619//5168
f 2622//5169 2461//5169 2629//5169
f 2454//5170 2461//5170 2622//5170
f 2629//5171 2465//5171 2633//5171
f 2461//5172 2465//5172 2629//5172
f 2633//5173 2470//5173 2638//5173
f 2465//5174 2470//5174 2633//5174
f 2638//5175 2471//5175 2639//5175
f 2470//5176 2471//5176 2638//5176
f 2639//5177 2478//5177 2646//5177
f 2471//5178 2478//5178 2639//5178
f 2646//5179 2481//5179 2649//5179
f 2478//5180 2481//5180 2646//5180
f 2649//5181 2485//5181 2653//5181
f 2481//5182 2485//5182 2649//5182
f 2653//5183 2486//5183 2654//5183
f 2485//5184 2486//5184 2653//5184
f 2654//5185 2490//5185 2658//5185
f 2486//5186 2490//5186 2654//5186
f 2658//5187 2448//5187 2616//5187
f 2490//5188 2448//5188 2658//5188
f 2448//5189 2447//5189 2616//5189
f 2616//5190 2447//5190 2615//5190
f 2447//5191 2446//5191 2615//5191
f 2615//5192 2446//5192 2614//5192
f 2614//5193 2446//5193 2613//5193
f 2446//5194 2445//5194 2613//5194
f 2613//5195 2445//5195 2612//5195
f 2445//5196 2444//5196 2612//5196
f 2444//5197 2443//5197 2612//5197
f 2612//5198 2443//5198 2611//5198
f 2611//5199 2443//5199 2610//5199
f 2443//5200 2442//5200 2610//5200
f 2442//5201 2441//5201 2610//5201
f 2610//5202 2441//5202 2609//5202
f 2441//5203 2440//5203 2609//5203
f 2609//5204 2440//5204 2608//5204
f 2440//5205 2435//5205 2608//5205
f 2608//5206 2435//5206 2603//5206
f 2603//5207 2436//5207 2604//5207
f 2435//5208 2436//5208 2603//5208
f 2604//5209 2437//5209 2605//5209
f 2436//5210 2437//5210 2604//5210
f 2605//5211 2438//5211 2606//5211
f 2606//5212 2438//5212 2607//5212
f 2437//5213 2438//5213 2605//5213
f 2438//5214 2439//5214 2607//5214
f 2607//5215 2431//5215 2599//5215
f 2439//5216 2431//5216 2607//5216
f 2377//5217 2376//5217 2545//5217
f 2545//5218 2376//5218 2544//5218
f 2544//5219 2373//5219 2541//5219
f 2376//5220 2373//5220 2544//5220
f 2541//5221 2371//5221 2539//5221
f 2373//5222 2371//5222 2541//5222
f 2539//5223 2369//5223 2537//5223
f 2371//5224 2369//5224 2539//5224
f 2537//5225 2365//5225 2532//5225
f 2369//5226 2365//5226 2537//5226
f 2532//5227 2367//5227 2535//5227
f 2365//5228 2367//5228 2532//5228
f 2535//5229 2370//5229 2538//5229
f 2367//5230 2370//5230 2535//5230
f 2538//5231 2393//5231 2561//5231
f 2370//5232 2393//5232 2538//5232
f 2561//5233 2394//5233 2562//5233
f 2393//5234 2394//5234 2561//5234
f 2562//5235 2395//5235 2563//5235
f 2394//5236 2395//5236 2562//5236
f 2563//5237 2396//5237 2564//5237
f 2395//5238 2396//5238 2563//5238
f 2564//5239 2389//5239 2557//5239
f 2396//5240 2389//5240 2564//5240
f 2557//5241 2390//5241 2558//5241
f 2389//5242 2390//5242 2557//5242
f 2558//5243 2391//5243 2559//5243
f 2390//5244 2391//5244 2558//5244
f 2559//5245 2392//5245 2560//5245
f 2560//5246 2392//5246 2565//5246
f 2391//5247 2392//5247 2559//5247
f 2392//5248 2397//5248 2565//5248
f 2565//5249 2400//5249 2568//5249
f 2397//5250 2400//5250 2565//5250
f 2568//5251 2401//5251 2569//5251
f 2400//5252 2401//5252 2568//5252
f 2569//5253 2402//5253 2570//5253
f 2401//5254 2402//5254 2569//5254
f 2570//5255 2403//5255 2571//5255
f 2402//5256 2403//5256 2570//5256
f 2571//5257 2404//5257 2572//5257
f 2403//5258 2404//5258 2571//5258
f 2572//5259 2405//5259 2573//5259
f 2404//5260 2405//5260 2572//5260
f 2573//5261 2406//5261 2574//5261
f 2405//5262 2406//5262 2573//5262
f 2574//5263 2407//5263 2575//5263
f 2406//5264 2407//5264 2574//5264
f 2575//5265 2408//5265 2576//5265
f 2407//5266 2408//5266 2575//5266
f 2576//5267 2491//5267 2660//5267
f 2408//5268 2491//5268 2576//5268
f 2660//5269 2487//5269 2656//5269
f 2491//5270 2487//5270 2660//5270
f 2656//5271 2482//5271 2651//5271
f 2487//5272 2482//5272 2656//5272
f 2482//5273 2474//5273 2651//5273
f 2651//5274 2474//5274 2643//5274
f 2474//5275 2476//5275 2643//5275
f 2643//5276 2476//5276 2644//5276
f 2644//5277 2476//5277 2635//5277
f 2476//5278 2466//5278 2635//5278
f 2635//5279 2466//5279 2636//5279
f 2466//5280 2468//5280 2636//5280
f 2468//5281 2462//5281 2636//5281
f 2636//5282 2462//5282 2631//5282
f 2631//5283 2462//5283 2627//5283
f 2462//5284 2459//5284 2627//5284
f 2459//5285 2455//5285 2627//5285
f 2627//5286 2455//5286 2624//5286
f 2455//5287 2398//5287 2624//5287
f 2624//5288 2398//5288 2566//5288
f 2398//5289 2387//5289 2566//5289
f 2566//5290 2387//5290 2555//5290
f 2555//5291 2386//5291 2554//5291
f 2387//5292 2386//5292 2555//5292
f 2554//5293 2383//5293 2551//5293
f 2386//5294 2383//5294 2554//5294
f 2551//5295 2381//5295 2549//5295
f 2549//5296 2381//5296 2548//5296
f 2383//5297 2381//5297 2551//5297
f 2381//5298 2380//5298 2548//5298
f 2548//5299 2377//5299 2545//5299
f 2380//5300 2377//5300 2548//5300
f 2469//5301 2464//5301 2637//5301
f 2637//5302 2464//5302 2632//5302
f 2632//5303 2460//5303 2628//5303
f 2464//5304 2460//5304 2632//5304
f 2628//5305 2457//5305 2625//5305
f 2460//5306 2457//5306 2628//5306
f 2625//5307 2453//5307 2621//5307
f 2457//5308 2453//5308 2625//5308
f 2621//5309 2450//5309 2617//5309
f 2453//5310 2450//5310 2621//5310
f 2617//5311 2452//5311 2620//5311
f 2450//5312 2452//5312 2617//5312
f 2620//5313 2456//5313 2623//5313
f 2452//5314 2456//5314 2620//5314
f 2623//5315 2458//5315 2626//5315
f 2456//5316 2458//5316 2623//5316
f 2626//5317 2463//5317 2630//5317
f 2458//5318 2463//5318 2626//5318
f 2630//5319 2467//5319 2634//5319
f 2463//5320 2467//5320 2630//5320
f 2634//5321 2472//5321 2640//5321
f 2467//5322 2472//5322 2634//5322
f 2640//5323 2475//5323 2642//5323
f 2472//5324 2475//5324 2640//5324
f 2642//5325 2479//5325 2647//5325
f 2475//5326 2479//5326 2642//5326
f 2647//5327 2483//5327 2650//5327
f 2479//5328 2483//5328 2647//5328
f 2650//5329 2488//5329 2655//5329
f 2655//5330 2488//5330 2659//5330
f 2483//5331 2488//5331 2650//5331
f 2488//5332 2492//5332 2659//5332
f 2659//5333 2495//5333 2663//5333
f 2492//5334 2495//5334 2659//5334
f 2663//5335 2496//5335 2664//5335
f 2495//5336 2496//5336 2663//5336
f 2664//5337 2497//5337 2665//5337
f 2496//5338 2497//5338 2664//5338
f 2665//5339 2498//5339 2666//5339
f 2497//5340 2498//5340 2665//5340
f 2666//5341 2499//5341 2667//5341
f 2498//5342 2499//5342 2666//5342
f 2667//5343 2500//5343 2668//5343
f 2499//5344 2500//5344 2667//5344
f 2668//5345 2501//5345 2669//5345
f 2500//5346 2501//5346 2668//5346
f 2669//5347 2502//5347 2670//5347
f 2501//5348 2502//5348 2669//5348
f 2670//5349 2503//5349 2671//5349
f 2502//5350 2503//5350 2670//5350
f 2671//5351 2504//5351 2672//5351
f 2503//5352 2504//5352 2671//5352
f 2672//5353 2505//5353 2673//5353
f 2504//5354 2505//5354 2672//5354
f 2673//5355 2506//5355 2674//5355
f 2505//5356 2506//5356 2673//5356
f 2506//5357 2507//5357 2674//5357
f 2674//5358 2507//5358 2675//5358
f 2507//5359 2508//5359 2675//5359
f 2675//5360 2508//5360 2676//5360
f 2676//5361 2508//5361 2677//5361
f 2508//5362 2509//5362 2677//5362
f 2677//5363 2509//5363 2678//5363
f 2509//5364 2510//5364 2678//5364
f 2510//5365 2511//5365 2678//5365
f 2678//5366 2511//5366 2679//5366
f 2679//5367 2511//5367 2680//5367
f 2511//5368 2512//5368 2680//5368
f 2512//5369 2494//5369 2680//5369
f 2680//5370 2494//5370 2662//5370
f 2494//5371 2493//5371 2662//5371
f 2662//5372 2493//5372 2661//5372
f 2493//5373 2489//5373 2661//5373
f 2661//5374 2489//5374 2657//5374
f 2657//5375 2484//5375 2652//5375
f 2489//5376 2484//5376 2657//5376
f 2652//5377 2480//5377 2648//5377
f 2484//5378 2480//5378 2652//5378
f 2648//5379 2477//5379 2645//5379
f 2645//5380 2477//5380 2641//5380
f 2480//5381 2477//5381 2648//5381
f 2477//5382 2473//5382 2641//5382
f 2641//5383 2469//5383 2637//5383
f 2473//5384 2469//5384 2641//5384
g Component_TP1_mesh
f 2681//5385 2682//5385 2683//5385
f 2681//5386 2683//5386 2684//5386
f 2685//5387 2684//5387 2686//5387
f 2685//5388 2681//5388 2684//5388
f 2687//5389 2686//5389 2688//5389
f 2687//5390 2685//5390 2686//5390
f 2689//5391 2687//5391 2688//5391
f 2689//5392 2688//5392 2690//5392
f 2691//5393 2689//5393 2690//5393
f 2691//5394 2690//5394 2692//5394
f 2693//5395 2691//5395 2692//5395
f 2693//5396 2692//5396 2694//5396
f 2695//5397 2693//5397 2694//5397
f 2695//5398 2694//5398 2696//5398
f 2697//5399 2695//5399 2696//5399
f 2697//5400 2696//5400 2698//5400
f 2699//5401 2697//5401 2698//5401
f 2699//5402 2698//5402 2700//5402
f 2701//5403 2699//5403 2700//5403
f 2701//5404 2700//5404 2702//5404
f 2703//5405 2701//5405 2702//5405
f 2703//5406 2702//5406 2704//5406
f 2705//5407 2703//5407 2704//5407
f 2705//5408 2704//5408 2706//5408
f 2707//5409 2705//5409 2706//5409
f 2707//5410 2706//5410 2708//5410
f 2709//5411 2707//5411 2708//5411
f 2709//5412 2708//5412 2710//5412
f 2711//5413 2709//5413 2710//5413
f 2711//5414 2710//5414 2712//5414
f 2713//5415 2711//5415 2712//5415
f 2713//5416 2712//5416 2714//5416
f 2715//5417 2714//5417 2716//5417
f 2715//5418 2713//5418 2714//5418
f 2717//5419 2716//5419 2718//5419
f 2717//5420 2715//5420 2716//5420
f 2719//5421 2718//5421 2720//5421
f 2719//5422 2717//5422 2718//5422
f 2721//5423 2720//5423 2722//5423
f 2721//5424 2719//5424 2720//5424
f 2723//5425 2722//5425 2724//5425
f 2723//5426 2724//5426 2725//5426
f 2723//5427 2721//5427 2722//5427
f 2726//5428 2723//5428 2725//5428
f 2727//5429 2725//5429 2728//5429
f 2727//5430 2728//5430 2729//5430
f 2727//5431 2726//5431 2725//5431
f 2730//5432 2727//5432 2729//5432
f 2731//5433 2729//5433 2732//5433
f 2731//5434 2732//5434 2733//5434
f 2731//5435 2730//5435 2729//5435
f 2734//5436 2731//5436 2733//5436
f 2735//5437 2733//5437 2736//5437
f 2735//5438 2736//5438 2737//5438
f 2735//5439 2734//5439 2733//5439
f 2738//5440 2735//5440 2737//5440
f 2739//5441 2738//5441 2737//5441
f 2739//5442 2737//5442 2740//5442
f 2739//5443 2740//5443 2741//5443
f 2742//5444 2739//5444 2741//5444
f 2743//5445 2742//5445 2741//5445
f 2743//5446 2741//5446 2744//5446
f 2743//5447 2744//5447 2745//5447
f 2746//5448 2743//5448 2745//5448
f 2747//5449 2746//5449 2745//5449
f 2747//5450 2745//5450 2748//5450
f 2749//5451 2747//5451 2748//5451
f 2749//5452 2748//5452 2750//5452
f 2751//5453 2749//5453 2750//5453
f 2751//5454 2750//5454 2752//5454
f 2753//5455 2751//5455 2752//5455
f 2753//5456 2752//5456 2754//5456
f 2753//5457 2754//5457 2755//5457
f 2756//5458 2753//5458 2755//5458
f 2756//5459 2755//5459 2757//5459
f 2758//5460 2756//5460 2757//5460
f 2759//5461 2758//5461 2757//5461
f 2759//5462 2757//5462 2760//5462
f 2761//5463 2759//5463 2760//5463
f 2761//5464 2760//5464 2762//5464
f 2761//5465 2762//5465 2763//5465
f 2764//5466 2761//5466 2763//5466
f 2682//5467 2764//5467 2763//5467
f 2682//5468 2763//5468 2683//5468
f 2715//5469 2717//5469 2719//5469
f 2715//5470 2719//5470 2721//5470
f 2758//5471 2749//5471 2751//5471
f 2758//5472 2751//5472 2753//5472
f 2758//5473 2753//5473 2756//5473
f 2709//5474 2711//5474 2713//5474
f 2709//5475 2713//5475 2715//5475
f 2759//5476 2749//5476 2758//5476
f 2764//5477 2759//5477 2761//5477
f 2703//5478 2705//5478 2707//5478
f 2681//5479 2764//5479 2682//5479
f 2685//5480 2759//5480 2764//5480
f 2685//5481 2764//5481 2681//5481
f 2695//5482 2697//5482 2699//5482
f 2695//5483 2699//5483 2701//5483
f 2691//5484 2703//5484 2707//5484
f 2691//5485 2685//5485 2687//5485
f 2691//5486 2687//5486 2689//5486
f 2691//5487 2695//5487 2701//5487
f 2691//5488 2693//5488 2695//5488
f 2691//5489 2759//5489 2685//5489
f 2691//5490 2701//5490 2703//5490
f 2691//5491 2707//5491 2709//5491
f 2691//5492 2721//5492 2723//5492
f 2691//5493 2723//5493 2726//5493
f 2691//5494 2726//5494 2727//5494
f 2691//5495 2727//5495 2730//5495
f 2691//5496 2730//5496 2731//5496
f 2691//5497 2731//5497 2734//5497
f 2691//5498 2734//5498 2735//5498
f 2691//5499 2735//5499 2738//5499
f 2691//5500 2738//5500 2739//5500
f 2691//5501 2739//5501 2742//5501
f 2691//5502 2742//5502 2743//5502
f 2691//5503 2743//5503 2746//5503
f 2691//5504 2746//5504 2747//5504
f 2691//5505 2747//5505 2749//5505
f 2691//5506 2749//5506 2759//5506
f 2691//5507 2715//5507 2721//5507
f 2691//5508 2709//5508 2715//5508
f 2718//5509 2716//5509 2720//5509
f 2720//5510 2716//5510 2722//5510
f 2750//5511 2757//5511 2752//5511
f 2752//5512 2757//5512 2754//5512
f 2754//5513 2757//5513 2755//5513
f 2712//5514 2710//5514 2714//5514
f 2714//5515 2710//5515 2716//5515
f 2750//5516 2760//5516 2757//5516
f 2760//5517 2763//5517 2762//5517
f 2706//5518 2704//5518 2708//5518
f 2763//5519 2684//5519 2683//5519
f 2760//5520 2686//5520 2763//5520
f 2763//5521 2686//5521 2684//5521
f 2698//5522 2696//5522 2700//5522
f 2700//5523 2696//5523 2702//5523
f 2704//5524 2692//5524 2708//5524
f 2686//5525 2692//5525 2688//5525
f 2688//5526 2692//5526 2690//5526
f 2696//5527 2692//5527 2702//5527
f 2694//5528 2692//5528 2696//5528
f 2760//5529 2692//5529 2686//5529
f 2702//5530 2692//5530 2704//5530
f 2708//5531 2692//5531 2710//5531
f 2722//5532 2692//5532 2724//5532
f 2724//5533 2692//5533 2725//5533
f 2725//5534 2692//5534 2728//5534
f 2728//5535 2692//5535 2729//5535
f 2729//5536 2692//5536 2732//5536
f 2732//5537 2692//5537 2733//5537
f 2733//5538 2692//5538 2736//5538
f 2736//5539 2692//5539 2737//5539
f 2737//5540 2692//5540 2740//5540
f 2740//5541 2692//5541 2741//5541
f 2741//5542 2692//5542 2744//5542
f 2744//5543 2692//5543 2745//5543
f 2745//5544 2692//5544 2748//5544
f 2748//5545 2692//5545 2750//5545
f 2750//5546 2692//5546 2760//5546
f 2716//5547 2692//5547 2722//5547
f 2710//5548 2692//5548 2716//5548
g Component_TP2_mesh
f 2765//5549 2766//5549 2767//5549
f 2765//5550 2767//5550 2768//5550
f 2769//5551 2768//5551 2770//5551
f 2769//5552 2765//5552 2768//5552
f 2771//5553 2770//5553 2772//5553
f 2771//5554 2769//5554 2770//5554
f 2773//5555 2771//5555 2772//5555
f 2773//5556 2772//5556 2774//5556
f 2775//5557 2773//5557 2774//5557
f 2775//5558 2774//5558 2776//5558
f 2777//5559 2775//5559 2776//5559
f 2777//5560 2776//5560 2778//5560
f 2779//5561 2777//5561 2778//5561
f 2779//5562 2778//5562 2780//5562
f 2781//5563 2779//5563 2780//5563
f 2781//5564 2780//5564 2782//5564
f 2783//5565 2781//5565 2782//5565
f 2783//5566 2782//5566 2784//5566
f 2785//5567 2783//5567 2784//5567
f 2785//5568 2784//5568 2786//5568
f 2787//5569 2785//5569 2786//5569
f 2787//5570 2786//5570 2788//5570
f 2789//5571 2787//5571 2788//5571
f 2789//5572 2788//5572 2790//5572
f 2791//5573 2789//5573 2790//5573
f 2791//5574 2790//5574 2792//5574
f 2793//5575 2791//5575 2792//5575
f 2793//5576 2792//5576 2794//5576
f 2795//5577 2793//5577 2794//5577
f 2795//5578 2794//5578 2796//5578
f 2797//5579 2795//5579 2796//5579
f 2797//5580 2796//5580 2798//5580
f 2799//5581 2798//5581 2800//5581
f 2799//5582 2797//5582 2798//5582
f 2801//5583 2800//5583 2802//5583
f 2801//5584 2799//5584 2800//5584
f 2803//5585 2802//5585 2804//5585
f 2803//5586 2801//5586 2802//5586
f 2805//5587 2804//5587 2806//5587
f 2805//5588 2803//5588 2804//5588
f 2807//5589 2806//5589 2808//5589
f 2807//5590 2808//5590 2809//5590
f 2807//5591 2805//5591 2806//5591
f 2810//5592 2807//5592 2809//5592
f 2811//5593 2809//5593 2812//5593
f 2811//5594 2812//5594 2813//5594
f 2811//5595 2810//5595 2809//5595
f 2814//5596 2811//5596 2813//5596
f 2815//5597 2813//5597 2816//5597
f 2815//5598 2816//5598 2817//5598
f 2815//5599 2814//5599 2813//5599
f 2818//5600 2815//5600 2817//5600
f 2819//5601 2817//5601 2820//5601
f 2819//5602 2820//5602 2821//5602
f 2819//5603 2818//5603 2817//5603
f 2822//5604 2819//5604 2821//5604
f 2823//5605 2822//5605 2821//5605
f 2823//5606 2821//5606 2824//5606
f 2823//5607 2824//5607 2825//5607
f 2826//5608 2823//5608 2825//5608
f 2827//5609 2826//5609 2825//5609
f 2827//5610 2825//5610 2828//5610
f 2827//5611 2828//5611 2829//5611
f 2830//5612 2827//5612 2829//5612
f 2831//5613 2830//5613 2829//5613
f 2831//5614 2829//5614 2832//5614
f 2833//5615 2831//5615 2832//5615
f 2833//5616 2832//5616 2834//5616
f 2835//5617 2833//5617 2834//5617
f 2835//5618 2834//5618 2836//5618
f 2837//5619 2835//5619 2836//5619
f 2837//5620 2836//5620 2838//5620
f 2837//5621 2838//5621 2839//5621
f 2840//5622 2837//5622 2839//5622
f 2840//5623 2839//5623 2841//5623
f 2842//5624 2840//5624 2841//5624
f 2843//5625 2842//5625 2841//5625
f 2843//5626 2841//5626 2844//5626
f 2845//5627 2843//5627 2844//5627
f 2845//5628 2844//5628 2846//5628
f 2845//5629 2846//5629 2847//5629
f 2848//5630 2845//5630 2847//5630
f 2766//5631 2848//5631 2847//5631
f 2766//5632 2847//5632 2767//5632
f 2799//5633 2801//5633 2803//5633
f 2799//5634 2803//5634 2805//5634
f 2842//5635 2833//5635 2835//5635
f 2842//5636 2835//5636 2837//5636
f 2842//5637 2837//5637 2840//5637
f 2793//5638 2795//5638 2797//5638
f 2793//5639 2797//5639 2799//5639
f 2843//5640 2833//5640 2842//5640
f 2848//5641 2843//5641 2845//5641
f 2787//5642 2789//5642 2791//5642
f 2765//5643 2848//5643 2766//5643
f 2769//5644 2843//5644 2848//5644
f 2769//5645 2848//5645 2765//5645
f 2779//5646 2781//5646 2783//5646
f 2779//5647 2783//5647 2785//5647
f 2775//5648 2787//5648 2791//5648
f 2775//5649 2769//5649 2771//5649
f 2775//5650 2771//5650 2773//5650
f 2775//5651 2779//5651 2785//5651
f 2775//5652 2777//5652 2779//5652
f 2775//5653 2843//5653 2769//5653
f 2775//5654 2785//5654 2787//5654
f 2775//5655 2791//5655 2793//5655
f 2775//5656 2805//5656 2807//5656
f 2775//5657 2807//5657 2810//5657
f 2775//5658 2810//5658 2811//5658
f 2775//5659 2811//5659 2814//5659
f 2775//5660 2814//5660 2815//5660
f 2775//5661 2815//5661 2818//5661
f 2775//5662 2818//5662 2819//5662
f 2775//5663 2819//5663 2822//5663
f 2775//5664 2822//5664 2823//5664
f 2775//5665 2823//5665 2826//5665
f 2775//5666 2826//5666 2827//5666
f 2775//5667 2827//5667 2830//5667
f 2775//5668 2830//5668 2831//5668
f 2775//5669 2831//5669 2833//5669
f 2775//5670 2833//5670 2843//5670
f 2775//5671 2799//5671 2805//5671
f 2775//5672 2793//5672 2799//5672
f 2802//5673 2800//5673 2804//5673
f 2804//5674 2800//5674 2806//5674
f 2834//5675 2841//5675 2836//5675
f 2836//5676 2841//5676 2838//5676
f 2838//5677 2841//5677 2839//5677
f 2796//5678 2794//5678 2798//5678
f 2798//5679 2794//5679 2800//5679
f 2834//5680 2844//5680 2841//5680
f 2844//5681 2847//5681 2846//5681
f 2790//5682 2788//5682 2792//5682
f 2847//5683 2768//5683 2767//5683
f 2844//5684 2770//5684 2847//5684
f 2847//5685 2770//5685 2768//5685
f 2782//5686 2780//5686 2784//5686
f 2784//5687 2780//5687 2786//5687
f 2788//5688 2776//5688 2792//5688
f 2770//5689 2776//5689 2772//5689
f 2772//5690 2776//5690 2774//5690
f 2780//5691 2776//5691 2786//5691
f 2778//5692 2776//5692 2780//5692
f 2844//5693 2776//5693 2770//5693
f 2786//5694 2776//5694 2788//5694
f 2792//5695 2776//5695 2794//5695
f 2806//5696 2776//5696 2808//5696
f 2808//5697 2776//5697 2809//5697
f 2809//5698 2776//5698 2812//5698
f 2812//5699 2776//5699 2813//5699
f 2813//5700 2776//5700 2816//5700
f 2816//5701 2776//5701 2817//5701
f 2817//5702 2776//5702 2820//5702
f 2820//5703 2776//5703 2821//5703
f 2821//5704 2776//5704 2824//5704
f 2824//5705 2776//5705 2825//5705
f 2825//5706 2776//5706 2828//5706
f 2828//5707 2776//5707 2829//5707
f 2829//5708 2776//5708 2832//5708
f 2832//5709 2776//5709 2834//5709
f 2834//5710 2776//5710 2844//5710
f 2800//5711 2776//5711 2806//5711
f 2794//5712 2776//5712 2800//5712
g Component_TP3_mesh
f 2849//5713 2850//5713 2851//5713
f 2849//5714 2851//5714 2852//5714
f 2853//5715 2852//5715 2854//5715
f 2853//5716 2849//5716 2852//5716
f 2855//5717 2854//5717 2856//5717
f 2855//5718 2853//5718 2854//5718
f 2857//5719 2855//5719 2856//5719
f 2857//5720 2856//5720 2858//5720
f 2859//5721 2857//5721 2858//5721
f 2859//5722 2858//5722 2860//5722
f 2861//5723 2859//5723 2860//5723
f 2861//5724 2860//5724 2862//5724
f 2863//5725 2861//5725 2862//5725
f 2863//5726 2862//5726 2864//5726
f 2865//5727 2863//5727 2864//5727
f 2865//5728 2864//5728 2866//5728
f 2867//5729 2865//5729 2866//5729
f 2867//5730 2866//5730 2868//5730
f 2869//5731 2867//5731 2868//5731
f 2869//5732 2868//5732 2870//5732
f 2871//5733 2869//5733 2870//5733
f 2871//5734 2870//5734 2872//5734
f 2873//5735 2871//5735 2872//5735
f 2873//5736 2872//5736 2874//5736
f 2875//5737 2873//5737 2874//5737
f 2875//5738 2874//5738 2876//5738
f 2877//5739 2875//5739 2876//5739
f 2877//5740 2876//5740 2878//5740
f 2879//5741 2877//5741 2878//5741
f 2879//5742 2878//5742 2880//5742
f 2881//5743 2879//5743 2880//5743
f 2881//5744 2880//5744 2882//5744
f 2883//5745 2882//5745 2884//5745
f 2883//5746 2881//5746 2882//5746
f 2885//5747 2884//5747 2886//5747
f 2885//5748 2883//5748 2884//5748
f 2887//5749 2886//5749 2888//5749
f 2887//5750 2885//5750 2886//5750
f 2889//5751 2888//5751 2890//5751
f 2889//5752 2887//5752 2888//5752
f 2891//5753 2890//5753 2892//5753
f 2891//5754 2892//5754 2893//5754
f 2891//5755 2889//5755 2890//5755
f 2894//5756 2891//5756 2893//5756
f 2895//5757 2893//5757 2896//5757
f 2895//5758 2896//5758 2897//5758
f 2895//5759 2894//5759 2893//5759
f 2898//5760 2895//5760 2897//5760
f 2899//5761 2897//5761 2900//5761
f 2899//5762 2900//5762 2901//5762
f 2899//5763 2898//5763 2897//5763
f 2902//5764 2899//5764 2901//5764
f 2903//5765 2901//5765 2904//5765
f 2903//5766 2904//5766 2905//5766
f 2903//5767 2902//5767 2901//5767
f 2906//5768 2903//5768 2905//5768
f 2907//5769 2906//5769 2905//5769
f 2907//5770 2905//5770 2908//5770
f 2907//5771 2908//5771 2909//5771
f 2910//5772 2907//5772 2909//5772
f 2911//5773 2910//5773 2909//5773
f 2911//5774 2909//5774 2912//5774
f 2911//5775 2912//5775 2913//5775
f 2914//5776 2911//5776 2913//5776
f 2915//5777 2914//5777 2913//5777
f 2915//5778 2913//5778 2916//5778
f 2917//5779 2915//5779 2916//5779
f 2917//5780 2916//5780 2918//5780
f 2919//5781 2917//5781 2918//5781
f 2919//5782 2918//5782 2920//5782
f 2921//5783 2919//5783 2920//5783
f 2921//5784 2920//5784 2922//5784
f 2921//5785 2922//5785 2923//5785
f 2924//5786 2921//5786 2923//5786
f 2924//5787 2923//5787 2925//5787
f 2926//5788 2924//5788 2925//5788
f 2927//5789 2926//5789 2925//5789
f 2927//5790 2925//5790 2928//5790
f 2929//5791 2927//5791 2928//5791
f 2929//5792 2928//5792 2930//5792
f 2929//5793 2930//5793 2931//5793
f 2932//5794 2929//5794 2931//5794
f 2850//5795 2932//5795 2931//5795
f 2850//5796 2931//5796 2851//5796
f 2883//5797 2885//5797 2887//5797
f 2883//5798 2887//5798 2889//5798
f 2926//5799 2917//5799 2919//5799
f 2926//5800 2919//5800 2921//5800
f 2926//5801 2921//5801 2924//5801
f 2877//5802 2879//5802 2881//5802
f 2877//5803 2881//5803 2883//5803
f 2927//5804 2917//5804 2926//5804
f 2932//5805 2927//5805 2929//5805
f 2871//5806 2873//5806 2875//5806
f 2849//5807 2932//5807 2850//5807
f 2853//5808 2927//5808 2932//5808
f 2853//5809 2932//5809 2849//5809
f 2863//5810 2865//5810 2867//5810
f 2863//5811 2867//5811 2869//5811
f 2859//5812 2871//5812 2875//5812
f 2859//5813 2853//5813 2855//5813
f 2859//5814 2855//5814 2857//5814
f 2859//5815 2863//5815 2869//5815
f 2859//5816 2861//5816 2863//5816
f 2859//5817 2927//5817 2853//5817
f 2859//5818 2869//5818 2871//5818
f 2859//5819 2875//5819 2877//5819
f 2859//5820 2889//5820 2891//5820
f 2859//5821 2891//5821 2894//5821
f 2859//5822 2894//5822 2895//5822
f 2859//5823 2895//5823 2898//5823
f 2859//5824 2898//5824 2899//5824
f 2859//5825 2899//5825 2902//5825
f 2859//5826 2902//5826 2903//5826
f 2859//5827 2903//5827 2906//5827
f 2859//5828 2906//5828 2907//5828
f 2859//5829 2907//5829 2910//5829
f 2859//5830 2910//5830 2911//5830
f 2859//5831 2911//5831 2914//5831
f 2859//5832 2914//5832 2915//5832
f 2859//5833 2915//5833 2917//5833
f 2859//5834 2917//5834 2927//5834
f 2859//5835 2883//5835 2889//5835
f 2859//5836 2877//5836 2883//5836
f 2886//5837 2884//5837 2888//5837
f 2888//5838 2884//5838 2890//5838
f 2918//5839 2925//5839 2920//5839
f 2920//5840 2925//5840 2922//5840
f 2922//5841 2925//5841 2923//5841
f 2880//5842 2878//5842 2882//5842
f 2882//5843 2878//5843 2884//5843
f 2918//5844 2928//5844 2925//5844
f 2928//5845 2931//5845 2930//5845
f 2874//5846 2872//5846 2876//5846
f 2931//5847 2852//5847 2851//5847
f 2928//5848 2854//5848 2931//5848
f 2931//5849 2854//5849 2852//5849
f 2866//5850 2864//5850 2868//5850
f 2868//5851 2864//5851 2870//5851
f 2872//5852 2860//5852 2876//5852
f 2854//5853 2860//5853 2856//5853
f 2856//5854 2860//5854 2858//5854
f 2864//5855 2860//5855 2870//5855
f 2862//5856 2860//5856 2864//5856
f 2928//5857 2860//5857 2854//5857
f 2870//5858 2860//5858 2872//5858
f 2876//5859 2860//5859 2878//5859
f 2890//5860 2860//5860 2892//5860
f 2892//5861 2860//5861 2893//5861
f 2893//5862 2860//5862 2896//5862
f 2896//5863 2860//5863 2897//5863
f 2897//5864 2860//5864 2900//5864
f 2900//5865 2860//5865 2901//5865
f 2901//5866 2860//5866 2904//5866
f 2904//5867 2860//5867 2905//5867
f 2905//5868 2860//5868 2908//5868
f 2908//5869 2860//5869 2909//5869
f 2909//5870 2860//5870 2912//5870
f 2912//5871 2860//5871 2913//5871
f 2913//5872 2860//5872 2916//5872
f 2916//5873 2860//5873 2918//5873
f 2918//5874 2860//5874 2928//5874
f 2884//5875 2860//5875 2890//5875
f 2878//5876 2860//5876 2884//5876
g Component_TP4_mesh
f 2933//5877 2934//5877 2935//5877
f 2933//5878 2935//5878 2936//5878
f 2937//5879 2936//5879 2938//5879
f 2937//5880 2933//5880 2936//5880
f 2939//5881 2938//5881 2940//5881
f 2939//5882 2937//5882 2938//5882
f 2941//5883 2939//5883 2940//5883
f 2941//5884 2940//5884 2942//5884
f 2943//5885 2941//5885 2942//5885
f 2943//5886 2942//5886 2944//5886
f 2945//5887 2943//5887 2944//5887
f 2945//5888 2944//5888 2946//5888
f 2947//5889 2945//5889 2946//5889
f 2947//5890 2946//5890 2948//5890
f 2949//5891 2947//5891 2948//5891
f 2949//5892 2948//5892 2950//5892
f 2951//5893 2949//5893 2950//5893
f 2951//5894 2950//5894 2952//5894
f 2953//5895 2951//5895 2952//5895
f 2953//5896 2952//5896 2954//5896
f 2955//5897 2953//5897 2954//5897
f 2955//5898 2954//5898 2956//5898
f 2957//5899 2955//5899 2956//5899
f 2957//5900 2956//5900 2958//5900
f 2959//5901 2957//5901 2958//5901
f 2959//5902 2958//5902 2960//5902
f 2961//5903 2959//5903 2960//5903
f 2961//5904 2960//5904 2962//5904
f 2963//5905 2961//5905 2962//5905
f 2963//5906 2962//5906 2964//5906
f 2965//5907 2963//5907 2964//5907
f 2965//5908 2964//5908 2966//5908
f 2967//5909 2966//5909 2968//5909
f 2967//5910 2965//5910 2966//5910
f 2969//5911 2968//5911 2970//5911
f 2969//5912 2967//5912 2968//5912
f 2971//5913 2970//5913 2972//5913
f 2971//5914 2969//5914 2970//5914
f 2973//5915 2972//5915 2974//5915
f 2973//5916 2971//5916 2972//5916
f 2975//5917 2974//5917 2976//5917
f 2975//5918 2976//5918 2977//5918
f 2975//5919 2973//5919 2974//5919
f 2978//5920 2975//5920 2977//5920
f 2979//5921 2977//5921 2980//5921
f 2979//5922 2980//5922 2981//5922
f 2979//5923 2978//5923 2977//5923
f 2982//5924 2979//5924 2981//5924
f 2983//5925 2981//5925 2984//5925
f 2983//5926 2984//5926 2985//5926
f 2983//5927 2982//5927 2981//5927
f 2986//5928 2983//5928 2985//5928
f 2987//5929 2985//5929 2988//5929
f 2987//5930 2988//5930 2989//5930
f 2987//5931 2986//5931 2985//5931
f 2990//5932 2987//5932 2989//5932
f 2991//5933 2990//5933 2989//5933
f 2991//5934 2989//5934 2992//5934
f 2991//5935 2992//5935 2993//5935
f 2994//5936 2991//5936 2993//5936
f 2995//5937 2994//5937 2993//5937
f 2995//5938 2993//5938 2996//5938
f 2995//5939 2996//5939 2997//5939
f 2998//5940 2995//5940 2997//5940
f 2999//5941 2998//5941 2997//5941
f 2999//5942 2997//5942 3000//5942
f 3001//5943 2999//5943 3000//5943
f 3001//5944 3000//5944 3002//5944
f 3003//5945 3001//5945 3002//5945
f 3003//5946 3002//5946 3004//5946
f 3005//5947 3003//5947 3004//5947
f 3005//5948 3004//5948 3006//5948
f 3005//5949 3006//5949 3007//5949
f 3008//5950 3005//5950 3007//5950
f 3008//5951 3007//5951 3009//5951
f 3010//5952 3008//5952 3009//5952
f 3011//5953 3010//5953 3009//5953
f 3011//5954 3009//5954 3012//5954
f 3013//5955 3011//5955 3012//5955
f 3013//5956 3012//5956 3014//5956
f 3013//5957 3014//5957 3015//5957
f 3016//5958 3013//5958 3015//5958
f 2934//5959 3016//5959 3015//5959
f 2934//5960 3015//5960 2935//5960
f 2967//5961 2969//5961 2971//5961
f 2967//5962 2971//5962 2973//5962
f 3010//5963 3001//5963 3003//5963
f 3010//5964 3003//5964 3005//5964
f 3010//5965 3005//5965 3008//5965
f 2961//5966 2963//5966 2965//5966
f 2961//5967 2965//5967 2967//5967
f 3011//5968 3001//5968 3010//5968
f 3016//5969 3011//5969 3013//5969
f 2955//5970 2957//5970 2959//5970
f 2933//5971 3016//5971 2934//5971
f 2937//5972 3011//5972 3016//5972
f 2937//5973 3016//5973 2933//5973
f 2947//5974 2949//5974 2951//5974
f 2947//5975 2951//5975 2953//5975
f 2943//5976 2955//5976 2959//5976
f 2943//5977 2937//5977 2939//5977
f 2943//5978 2939//5978 2941//5978
f 2943//5979 2947//5979 2953//5979
f 2943//5980 2945//5980 2947//5980
f 2943//5981 3011//5981 2937//5981
f 2943//5982 2953//5982 2955//5982
f 2943//5983 2959//5983 2961//5983
f 2943//5984 2973//5984 2975//5984
f 2943//5985 2975//5985 2978//5985
f 2943//5986 2978//5986 2979//5986
f 2943//5987 2979//5987 2982//5987
f 2943//5988 2982//5988 2983//5988
f 2943//5989 2983//5989 2986//5989
f 2943//5990 2986//5990 2987//5990
f 2943//5991 2987//5991 2990//5991
f 2943//5992 2990//5992 2991//5992
f 2943//5993 2991//5993 2994//5993
f 2943//5994 2994//5994 2995//5994
f 2943//5995 2995//5995 2998//5995
f 2943//5996 2998//5996 2999//5996
f 2943//5997 2999//5997 3001//5997
f 2943//5998 3001//5998 3011//5998
f 2943//5999 2967//5999 2973//5999
f 2943//6000 2961//6000 2967//6000
f 2970//6001 2968//6001 2972//6001
f 2972//6002 2968//6002 2974//6002
f 3002//6003 3009//6003 3004//6003
f 3004//6004 3009//6004 3006//6004
f 3006//6005 3009//6005 3007//6005
f 2964//6006 2962//6006 2966//6006
f 2966//6007 2962//6007 2968//6007
f 3002//6008 3012//6008 3009//6008
f 3012//6009 3015//6009 3014//6009
f 2958//6010 2956//6010 2960//6010
f 3015//6011 2936//6011 2935//6011
f 3012//6012 2938//6012 3015//6012
f 3015//6013 2938//6013 2936//6013
f 2950//6014 2948//6014 2952//6014
f 2952//6015 2948//6015 2954//6015
f 2956//6016 2944//6016 2960//6016
f 2938//6017 2944//6017 2940//6017
f 2940//6018 2944//6018 2942//6018
f 2948//6019 2944//6019 2954//6019
f 2946//6020 2944//6020 2948//6020
f 3012//6021 2944//6021 2938//6021
f 2954//6022 2944//6022 2956//6022
f 2960//6023 2944//6023 2962//6023
f 2974//6024 2944//6024 2976//6024
f 2976//6025 2944//6025 2977//6025
f 2977//6026 2944//6026 2980//6026
f 2980//6027 2944//6027 2981//6027
f 2981//6028 2944//6028 2984//6028
f 2984//6029 2944//6029 2985//6029
f 2985//6030 2944//6030 2988//6030
f 2988//6031 2944//6031 2989//6031
f 2989//6032 2944//6032 2992//6032
f 2992//6033 2944//6033 2993//6033
f 2993//6034 2944//6034 2996//6034
f 2996//6035 2944//6035 2997//6035
f 2997//6036 2944//6036 3000//6036
f 3000//6037 2944//6037 3002//6037
f 3002//6038 2944//6038 3012//6038
f 2968//6039 2944//6039 2974//6039
f 2962//6040 2944//6040 2968//6040
g Component_J1_mesh
f 3017//6041 3018//6041 3019//6041
f 3019//6042 3018//6042 3020//6042
f 3021//6043 3022//6043 3023//6043
f 3021//6044 3023//6044 3024//6044
f 3017//6045 3022//6045 3018//6045
f 3022//6046 3021//6046 3018//6046
f 3023//6047 3019//6047 3020//6047
f 3024//6048 3023//6048 3020//6048
f 3019//6049 3023//6049 3017//6049
f 3017//6050 3023//6050 3022//6050
f 3024//6051 3020//6051 3018//6051
f 3024//6052 3018//6052 3021//6052
g Access_TP1_mesh
f 3025//6053 3026//6053 3027//6053
f 3025//6054 3027//6054 3028//6054
f 3029//6055 3028//6055 3030//6055
f 3029//6056 3025//6056 3028//6056
f 3031//6057 3030//6057 3032//6057
f 3031//6058 3029//6058 3030//6058
f 3033//6059 3031//6059 3032//6059
f 3033//6060 3032//6060 3034//6060
f 3035//6061 3033//6061 3034//6061
f 3035//6062 3034//6062 3036//6062
f 3037//6063 3035//6063 3036//6063
f 3037//6064 3036//6064 3038//6064
f 3037//6065 3038//6065 3039//6065
f 3040//6066 3037//6066 3039//6066
f 3041//6067 3040//6067 3039//6067
f 3041//6068 3039//6068 3042//6068
f 3043//6069 3041//6069 3042//6069
f 3043//6070 3042//6070 3044//6070
f 3045//6071 3043//6071 3044//6071
f 3045//6072 3044//6072 3046//6072
f 3047//6073 3045//6073 3046//6073
f 3047//6074 3046//6074 3048//6074
f 3047//6075 3048//6075 3049//6075
f 3050//6076 3047//6076 3049//6076
f 3051//6077 3050//6077 3049//6077
f 3051//6078 3049//6078 3052//6078
f 3053//6079 3051//6079 3052//6079
f 3053//6080 3052//6080 3054//6080
f 3053//6081 3054//6081 3055//6081
f 3056//6082 3053//6082 3055//6082
f 3057//6083 3056//6083 3055//6083
f 3057//6084 3055//6084 3058//6084
f 3059//6085 3058//6085 3060//6085
f 3059//6086 3057//6086 3058//6086
f 3061//6087 3060//6087 3062//6087
f 3061//6088 3059//6088 3060//6088
f 3063//6089 3062//6089 3064//6089
f 3063//6090 3061//6090 3062//6090
f 3065//6091 3064//6091 3066//6091
f 3065//6092 3063//6092 3064//6092
f 3067//6093 3066//6093 3068//6093
f 3067//6094 3065//6094 3066//6094
f 3069//6095 3068//6095 3070//6095
f 3069//6096 3070//6096 3071//6096
f 3069//6097 3067//6097 3068//6097
f 3072//6098 3071//6098 3073//6098
f 3072//6099 3069//6099 3071//6099
f 3074//6100 3073//6100 3075//6100
f 3074//6101 3072//6101 3073//6101
f 3076//6102 3074//6102 3075//6102
f 3077//6103 3075//6103 3078//6103
f 3077//6104 3078//6104 3079//6104
f 3077//6105 3076//6105 3075//6105
f 3080//6106 3077//6106 3079//6106
f 3081//6107 3079//6107 3082//6107
f 3081//6108 3082//6108 3083//6108
f 3081//6109 3080//6109 3079//6109
f 3084//6110 3081//6110 3083//6110
f 3085//6111 3084//6111 3083//6111
f 3085//6112 3083//6112 3086//6112
f 3085//6113 3086//6113 3087//6113
f 3088//6114 3085//6114 3087//6114
f 3088//6115 3087//6115 3089//6115
f 3090//6116 3088//6116 3089//6116
f 3091//6117 3090//6117 3089//6117
f 3091//6118 3089//6118 3092//6118
f 3091//6119 3092//6119 3093//6119
f 3094//6120 3091//6120 3093//6120
f 3094//6121 3093//6121 3095//6121
f 3096//6122 3094//6122 3095//6122
f 3097//6123 3096//6123 3095//6123
f 3097//6124 3095//6124 3098//6124
f 3099//6125 3097//6125 3098//6125
f 3099//6126 3098//6126 3100//6126
f 3101//6127 3099//6127 3100//6127
f 3101//6128 3100//6128 3102//6128
f 3103//6129 3101//6129 3102//6129
f 3103//6130 3102//6130 3104//6130
f 3103//6131 3104//6131 3105//6131
f 3106//6132 3103//6132 3105//6132
f 3106//6133 3105//6133 3107//6133
f 3108//6134 3106//6134 3107//6134
f 3026//6135 3108//6135 3107//6135
f 3026//6136 3107//6136 3027//6136
f 3081//6137 3077//6137 3080//6137
f 3084//6138 3077//6138 3081//6138
f 3067//6139 3069//6139 3072//6139
f 3091//6140 3085//6140 3088//6140
f 3091//6141 3088//6141 3090//6141
f 3059//6142 3061//6142 3063//6142
f 3059//6143 3063//6143 3065//6143
f 3097//6144 3091//6144 3094//6144
f 3097//6145 3094//6145 3096//6145
f 3097//6146 3085//6146 3091//6146
f 3101//6147 3076//6147 3077//6147
f 3101//6148 3084//6148 3085//6148
f 3101//6149 3097//6149 3099//6149
f 3101//6150 3077//6150 3084//6150
f 3101//6151 3085//6151 3097//6151
f 3053//6152 3056//6152 3057//6152
f 3053//6153 3057//6153 3059//6153
f 3106//6154 3072//6154 3074//6154
f 3106//6155 3074//6155 3076//6155
f 3106//6156 3101//6156 3103//6156
f 3106//6157 3067//6157 3072//6157
f 3106//6158 3076//6158 3101//6158
f 3050//6159 3051//6159 3053//6159
f 3050//6160 3053//6160 3059//6160
f 3045//6161 3047//6161 3050//6161
f 3025//6162 3108//6162 3026//6162
f 3043//6163 3045//6163 3050//6163
f 3031//6164 3025//6164 3029//6164
f 3031//6165 3108//6165 3025//6165
f 3031//6166 3106//6166 3108//6166
f 3040//6167 3041//6167 3043//6167
f 3033//6168 3050//6168 3059//6168
f 3033//6169 3106//6169 3031//6169
f 3033//6170 3065//6170 3067//6170
f 3033//6171 3059//6171 3065//6171
f 3033//6172 3067//6172 3106//6172
f 3037//6173 3050//6173 3033//6173
f 3037//6174 3040//6174 3043//6174
f 3037//6175 3043//6175 3050//6175
f 3035//6176 3037//6176 3033//6176
f 3068//6177 3066//6177 3070//6177
f 3070//6178 3066//6178 3071//6178
f 3071//6179 3066//6179 3073//6179
f 3089//6180 3093//6180 3092//6180
f 3062//6181 3060//6181 3064//6181
f 3082//6182 3098//6182 3083//6182
f 3083//6183 3098//6183 3086//6183
f 3086//6184 3098//6184 3087//6184
f 3087//6185 3098//6185 3089//6185
f 3093//6186 3098//6186 3095//6186
f 3089//6187 3098//6187 3093//6187
f 3064//6188 3058//6188 3066//6188
f 3073//6189 3058//6189 3075//6189
f 3075//6190 3058//6190 3078//6190
f 3078//6191 3058//6191 3079//6191
f 3066//6192 3058//6192 3073//6192
f 3060//6193 3058//6193 3064//6193
f 3098//6194 3104//6194 3100//6194
f 3100//6195 3104//6195 3102//6195
f 3049//6196 3048//6196 3052//6196
f 3052//6197 3048//6197 3054//6197
f 3054//6198 3048//6198 3055//6198
f 3104//6199 3027//6199 3105//6199
f 3105//6200 3027//6200 3107//6200
f 3104//6201 3028//6201 3027//6201
f 3048//6202 3044//6202 3055//6202
f 3046//6203 3044//6203 3048//6203
f 3055//6204 3044//6204 3058//6204
f 3104//6205 3030//6205 3028//6205
f 3042//6206 3039//6206 3044//6206
f 3030//6207 3034//6207 3032//6207
f 3038//6208 3036//6208 3039//6208
f 3044//6209 3036//6209 3058//6209
f 3039//6210 3036//6210 3044//6210
f 3104//6211 3036//6211 3030//6211
f 3030//6212 3036//6212 3034//6212
f 3079//6213 3036//6213 3082//6213
f 3058//6214 3036//6214 3079//6214
f 3082//6215 3036//6215 3098//6215
f 3098//6216 3036//6216 3104//6216
g Access_TP2_mesh
f 3109//6217 3110//6217 3111//6217
f 3109//6218 3111//6218 3112//6218
f 3113//6219 3112//6219 3114//6219
f 3113//6220 3109//6220 3112//6220
f 3115//6221 3114//6221 3116//6221
f 3115//6222 3113//6222 3114//6222
f 3117//6223 3115//6223 3116//6223
f 3117//6224 3116//6224 3118//6224
f 3119//6225 3117//6225 3118//6225
f 3119//6226 3118//6226 3120//6226
f 3121//6227 3119//6227 3120//6227
f 3121//6228 3120//6228 3122//6228
f 3121//6229 3122//6229 3123//6229
f 3124//6230 3121//6230 3123//6230
f 3125//6231 3124//6231 3123//6231
f 3125//6232 3123//6232 3126//6232
f 3127//6233 3125//6233 3126//6233
f 3127//6234 3126//6234 3128//6234
f 3129//6235 3127//6235 3128//6235
f 3129//6236 3128//6236 3130//6236
f 3131//6237 3129//6237 3130//6237
f 3131//6238 3130//6238 3132//6238
f 3131//6239 3132//6239 3133//6239
f 3134//6240 3131//6240 3133//6240
f 3135//6241 3134//6241 3133//6241
f 3135//6242 3133//6242 3136//6242
f 3137//6243 3135//6243 3136//6243
f 3137//6244 3136//6244 3138//6244
f 3137//6245 3138//6245 3139//6245
f 3140//6246 3137//6246 3139//6246
f 3141//6247 3140//6247 3139//6247
f 3141//6248 3139//6248 3142//6248
f 3143//6249 3142//6249 3144//6249
f 3143//6250 3141//6250 3142//6250
f 3145//6251 3144//6251 3146//6251
f 3145//6252 3143//6252 3144//6252
f 3147//6253 3146//6253 3148//6253
f 3147//6254 3145//6254 3146//6254
f 3149//6255 3148//6255 3150//6255
f 3149//6256 3147//6256 3148//6256
f 3151//6257 3150//6257 3152//6257
f 3151//6258 3149//6258 3150//6258
f 3153//6259 3152//6259 3154//6259
f 3153//6260 3154//6260 3155//6260
f 3153//6261 3151//6261 3152//6261
f 3156//6262 3155//6262 3157//6262
f 3156//6263 3153//6263 3155//6263
f 3158//6264 3157//6264 3159//6264
f 3158//6265 3156//6265 3157//6265
f 3160//6266 3158//6266 3159//6266
f 3161//6267 3159//6267 3162//6267
f 3161//6268 3162//6268 3163//6268
f 3161//6269 3160//6269 3159//6269
f 3164//6270 3161//6270 3163//6270
f 3165//6271 3163//6271 3166//6271
f 3165//6272 3166//6272 3167//6272
f 3165//6273 3164//6273 3163//6273
f 3168//6274 3165//6274 3167//6274
f 3169//6275 3168//6275 3167//6275
f 3169//6276 3167//6276 3170//6276
f 3169//6277 3170//6277 3171//6277
f 3172//6278 3169//6278 3171//6278
f 3172//6279 3171//6279 3173//6279
f 3174//6280 3172//6280 3173//6280
f 3175//6281 3174//6281 3173//6281
f 3175//6282 3173//6282 3176//6282
f 3175//6283 3176//6283 3177//6283
f 3178//6284 3175//6284 3177//6284
f 3178//6285 3177//6285 3179//6285
f 3180//6286 3178//6286 3179//6286
f 3181//6287 3180//6287 3179//6287
f 3181//6288 3179//6288 3182//6288
f 3183//6289 3181//6289 3182//6289
f 3183//6290 3182//6290 3184//6290
f 3185//6291 3183//6291 3184//6291
f 3185//6292 3184//6292 3186//6292
f 3187//6293 3185//6293 3186//6293
f 3187//6294 3186//6294 3188//6294
f 3187//6295 3188//6295 3189//6295
f 3190//6296 3187//6296 3189//6296
f 3190//6297 3189//6297 3191//6297
f 3192//6298 3190//6298 3191//6298
f 3110//6299 3192//6299 3191//6299
f 3110//6300 3191//6300 3111//6300
f 3168//6301 3160//6301 3161//6301
f 3168//6302 3161//6302 3164//6302
f 3168//6303 3164//6303 3165//6303
f 3153//6304 3156//6304 3158//6304
f 3172//6305 3168//6305 3169//6305
f 3151//6306 3153//6306 3158//6306
f 3175//6307 3172//6307 3174//6307
f 3175//6308 3168//6308 3172//6308
f 3145//6309 3147//6309 3149//6309
f 3145//6310 3149//6310 3151//6310
f 3181//6311 3175//6311 3178//6311
f 3181//6312 3178//6312 3180//6312
f 3181//6313 3168//6313 3175//6313
f 3141//6314 3143//6314 3145//6314
f 3140//6315 3141//6315 3145//6315
f 3185//6316 3181//6316 3183//6316
f 3185//6317 3168//6317 3181//6317
f 3190//6318 3158//6318 3160//6318
f 3190//6319 3185//6319 3187//6319
f 3190//6320 3160//6320 3168//6320
f 3190//6321 3151//6321 3158//6321
f 3190//6322 3145//6322 3151//6322
f 3190//6323 3168//6323 3185//6323
f 3134//6324 3135//6324 3137//6324
f 3109//6325 3192//6325 3110//6325
f 3127//6326 3129//6326 3131//6326
f 3127//6327 3131//6327 3134//6327
f 3115//6328 3109//6328 3113//6328
f 3115//6329 3192//6329 3109//6329
f 3115//6330 3190//6330 3192//6330
f 3124//6331 3125//6331 3127//6331
f 3117//6332 3145//6332 3190//6332
f 3117//6333 3127//6333 3134//6333
f 3117//6334 3137//6334 3140//6334
f 3117//6335 3190//6335 3115//6335
f 3117//6336 3140//6336 3145//6336
f 3117//6337 3134//6337 3137//6337
f 3121//6338 3124//6338 3127//6338
f 3119//6339 3121//6339 3127//6339
f 3119//6340 3127//6340 3117//6340
f 3152//6341 3150//6341 3154//6341
f 3154//6342 3150//6342 3155//6342
f 3155//6343 3150//6343 3157//6343
f 3173//6344 3177//6344 3176//6344
f 3146//6345 3144//6345 3148//6345
f 3166//6346 3182//6346 3167//6346
f 3167//6347 3182//6347 3170//6347
f 3170//6348 3182//6348 3171//6348
f 3171//6349 3182//6349 3173//6349
f 3177//6350 3182//6350 3179//6350
f 3173//6351 3182//6351 3177//6351
f 3148//6352 3142//6352 3150//6352
f 3157//6353 3142//6353 3159//6353
f 3159//6354 3142//6354 3162//6354
f 3162//6355 3142//6355 3163//6355
f 3150//6356 3142//6356 3157//6356
f 3144//6357 3142//6357 3148//6357
f 3182//6358 3188//6358 3184//6358
f 3184//6359 3188//6359 3186//6359
f 3133//6360 3132//6360 3136//6360
f 3136//6361 3132//6361 3138//6361
f 3138//6362 3132//6362 3139//6362
f 3188//6363 3111//6363 3189//6363
f 3189//6364 3111//6364 3191//6364
f 3188//6365 3112//6365 3111//6365
f 3132//6366 3128//6366 3139//6366
f 3130//6367 3128//6367 3132//6367
f 3139//6368 3128//6368 3142//6368
f 3188//6369 3114//6369 3112//6369
f 3126//6370 3123//6370 3128//6370
f 3114//6371 3118//6371 3116//6371
f 3122//6372 3120//6372 3123//6372
f 3128//6373 3120//6373 3142//6373
f 3123//6374 3120//6374 3128//6374
f 3188//6375 3120//6375 3114//6375
f 3114//6376 3120//6376 3118//6376
f 3163//6377 3120//6377 3166//6377
f 3142//6378 3120//6378 3163//6378
f 3166//6379 3120//6379 3182//6379
f 3182//6380 3120//6380 3188//6380
g Access_TP3_mesh
f 3193//6381 3194//6381 3195//6381
f 3193//6382 3195//6382 3196//6382
f 3197//6383 3196//6383 3198//6383
f 3197//6384 3193//6384 3196//6384
f 3199//6385 3198//6385 3200//6385
f 3199//6386 3197//6386 3198//6386
f 3201//6387 3199//6387 3200//6387
f 3201//6388 3200//6388 3202//6388
f 3203//6389 3201//6389 3202//6389
f 3203//6390 3202//6390 3204//6390
f 3205//6391 3203//6391 3204//6391
f 3205//6392 3204//6392 3206//6392
f 3205//6393 3206//6393 3207//6393
f 3208//6394 3205//6394 3207//6394
f 3209//6395 3208//6395 3207//6395
f 3209//6396 3207//6396 3210//6396
f 3211//6397 3209//6397 3210//6397
f 3211//6398 3210//6398 3212//6398
f 3213//6399 3211//6399 3212//6399
f 3213//6400 3212//6400 3214//6400
f 3215//6401 3213//6401 3214//6401
f 3215//6402 3214//6402 3216//6402
f 3215//6403 3216//6403 3217//6403
f 3218//6404 3215//6404 3217//6404
f 3219//6405 3218//6405 3217//6405
f 3219//6406 3217//6406 3220//6406
f 3221//6407 3219//6407 3220//6407
f 3221//6408 3220//6408 3222//6408
f 3221//6409 3222//6409 3223//6409
f 3224//6410 3221//6410 3223//6410
f 3225//6411 3224//6411 3223//6411
f 3225//6412 3223//6412 3226//6412
f 3227//6413 3226//6413 3228//6413
f 3227//6414 3225//6414 3226//6414
f 3229//6415 3228//6415 3230//6415
f 3229//6416 3227//6416 3228//6416
f 3231//6417 3230//6417 3232//6417
f 3231//6418 3229//6418 3230//6418
f 3233//6419 3232//6419 3234//6419
f 3233//6420 3231//6420 3232//6420
f 3235//6421 3234//6421 3236//6421
f 3235//6422 3233//6422 3234//6422
f 3237//6423 3236//6423 3238//6423
f 3237//6424 3238//6424 3239//6424
f 3237//6425 3235//6425 3236//6425
f 3240//6426 3239//6426 3241//6426
f 3240//6427 3237//6427 3239//6427
f 3242//6428 3241//6428 3243//6428
f 3242//6429 3240//6429 3241//6429
f 3244//6430 3242//6430 3243//6430
f 3245//6431 3243//6431 3246//6431
f 3245//6432 3246//6432 3247//6432
f 3245//6433 3244//6433 3243//6433
f 3248//6434 3245//6434 3247//6434
f 3249//6435 3247//6435 3250//6435
f 3249//6436 3250//6436 3251//6436
f 3249//6437 3248//6437 3247//6437
f 3252//6438 3249//6438 3251//6438
f 3253//6439 3252//6439 3251//6439
f 3253//6440 3251//6440 3254//6440
f 3253//6441 3254//6441 3255//6441
f 3256//6442 3253//6442 3255//6442
f 3256//6443 3255//6443 3257//6443
f 3258//6444 3256//6444 3257//6444
f 3259//6445 3258//6445 3257//6445
f 3259//6446 3257//6446 3260//6446
f 3259//6447 3260//6447 3261//6447
f 3262//6448 3259//6448 3261//6448
f 3262//6449 3261//6449 3263//6449
f 3264//6450 3262//6450 3263//6450
f 3265//6451 3264//6451 3263//6451
f 3265//6452 3263//6452 3266//6452
f 3267//6453 3265//6453 3266//6453
f 3267//6454 3266//6454 3268//6454
f 3269//6455 3267//6455 3268//6455
f 3269//6456 3268//6456 3270//6456
f 3271//6457 3269//6457 3270//6457
f 3271//6458 3270//6458 3272//6458
f 3271//6459 3272//6459 3273//6459
f 3274//6460 3271//6460 3273//6460
f 3274//6461 3273//6461 3275//6461
f 3276//6462 3274//6462 3275//6462
f 3194//6463 3276//6463 3275//6463
f 3194//6464 3275//6464 3195//6464
f 3252//6465 3244//6465 3245//6465
f 3252//6466 3245//6466 3248//6466
f 3252//6467 3248//6467 3249//6467
f 3237//6468 3240//6468 3242//6468
f 3256//6469 3252//6469 3253//6469
f 3235//6470 3237//6470 3242//6470
f 3262//6471 3256//6471 3258//6471
f 3262//6472 3258//6472 3259//6472
f 3262//6473 3252//6473 3256//6473
f 3229//6474 3231//6474 3233//6474
f 3229//6475 3233//6475 3235//6475
f 3265//6476 3262//6476 3264//6476
f 3225//6477 3227//6477 3229//6477
f 3224//6478 3225//6478 3229//6478
f 3269//6479 3265//6479 3267//6479
f 3269//6480 3262//6480 3265//6480
f 3221//6481 3224//6481 3229//6481
f 3218//6482 3219//6482 3221//6482
f 3218//6483 3221//6483 3229//6483
f 3276//6484 3242//6484 3244//6484
f 3276//6485 3269//6485 3271//6485
f 3276//6486 3271//6486 3274//6486
f 3276//6487 3244//6487 3252//6487
f 3276//6488 3235//6488 3242//6488
f 3276//6489 3262//6489 3269//6489
f 3276//6490 3229//6490 3235//6490
f 3276//6491 3252//6491 3262//6491
f 3211//6492 3213//6492 3215//6492
f 3211//6493 3215//6493 3218//6493
f 3197//6494 3194//6494 3193//6494
f 3197//6495 3276//6495 3194//6495
f 3201//6496 3197//6496 3199//6496
f 3201//6497 3218//6497 3229//6497
f 3201//6498 3211//6498 3218//6498
f 3201//6499 3276//6499 3197//6499
f 3201//6500 3229//6500 3276//6500
f 3205//6501 3208//6501 3209//6501
f 3203//6502 3209//6502 3211//6502
f 3203//6503 3211//6503 3201//6503
f 3203//6504 3205//6504 3209//6504
f 3236//6505 3234//6505 3238//6505
f 3238//6506 3234//6506 3239//6506
f 3239//6507 3234//6507 3241//6507
f 3257//6508 3261//6508 3260//6508
f 3230//6509 3228//6509 3232//6509
f 3250//6510 3266//6510 3251//6510
f 3251//6511 3266//6511 3254//6511
f 3254//6512 3266//6512 3255//6512
f 3255//6513 3266//6513 3257//6513
f 3261//6514 3266//6514 3263//6514
f 3257//6515 3266//6515 3261//6515
f 3232//6516 3226//6516 3234//6516
f 3241//6517 3226//6517 3243//6517
f 3243//6518 3226//6518 3246//6518
f 3246//6519 3226//6519 3247//6519
f 3234//6520 3226//6520 3241//6520
f 3228//6521 3226//6521 3232//6521
f 3266//6522 3272//6522 3268//6522
f 3268//6523 3272//6523 3270//6523
f 3217//6524 3216//6524 3220//6524
f 3220//6525 3216//6525 3222//6525
f 3222//6526 3216//6526 3223//6526
f 3272//6527 3195//6527 3273//6527
f 3273//6528 3195//6528 3275//6528
f 3272//6529 3196//6529 3195//6529
f 3216//6530 3212//6530 3223//6530
f 3214//6531 3212//6531 3216//6531
f 3223//6532 3212//6532 3226//6532
f 3272//6533 3198//6533 3196//6533
f 3210//6534 3207//6534 3212//6534
f 3198//6535 3202//6535 3200//6535
f 3206//6536 3204//6536 3207//6536
f 3212//6537 3204//6537 3226//6537
f 3207//6538 3204//6538 3212//6538
f 3272//6539 3204//6539 3198//6539
f 3198//6540 3204//6540 3202//6540
f 3247//6541 3204//6541 3250//6541
f 3226//6542 3204//6542 3247//6542
f 3250//6543 3204//6543 3266//6543
f 3266//6544 3204//6544 3272//6544
g Access_TP4_mesh
f 3277//6545 3278//6545 3279//6545
f 3277//6546 3279//6546 3280//6546
f 3281//6547 3280//6547 3282//6547
f 3281//6548 3277//6548 3280//6548
f 3283//6549 3282//6549 3284//6549
f 3283//6550 3281//6550 3282//6550
f 3285//6551 3283//6551 3284//6551
f 3285//6552 3284//6552 3286//6552
f 3287//6553 3285//6553 3286//6553
f 3287//6554 3286//6554 3288//6554
f 3289//6555 3287//6555 3288//6555
f 3289//6556 3288//6556 3290//6556
f 3289//6557 3290//6557 3291//6557
f 3292//6558 3289//6558 3291//6558
f 3293//6559 3292//6559 3291//6559
f 3293//6560 3291//6560 3294//6560
f 3295//6561 3293//6561 3294//6561
f 3295//6562 3294//6562 3296//6562
f 3297//6563 3295//6563 3296//6563
f 3297//6564 3296//6564 3298//6564
f 3299//6565 3297//6565 3298//6565
f 3299//6566 3298//6566 3300//6566
f 3299//6567 3300//6567 3301//6567
f 3302//6568 3299//6568 3301//6568
f 3303//6569 3302//6569 3301//6569
f 3303//6570 3301//6570 3304//6570
f 3305//6571 3303//6571 3304//6571
f 3305//6572 3304//6572 3306//6572
f 3305//6573 3306//6573 3307//6573
f 3308//6574 3305//6574 3307//6574
f 3309//6575 3308//6575 3307//6575
f 3309//6576 3307//6576 3310//6576
f 3311//6577 3310//6577 3312//6577
f 3311//6578 3309//6578 3310//6578
f 3313//6579 3312//6579 3314//6579
f 3313//6580 3311//6580 3312//6580
f 3315//6581 3314//6581 3316//6581
f 3315//6582 3313//6582 3314//6582
f 3317//6583 3316//6583 3318//6583
f 3317//6584 3315//6584 3316//6584
f 3319//6585 3318//6585 3320//6585
f 3319//6586 3317//6586 3318//6586
f 3321//6587 3320//6587 3322//6587
f 3321//6588 3322//6588 3323//6588
f 3321//6589 3319//6589 3320//6589
f 3324//6590 3323//6590 3325//6590
f 3324//6591 3321//6591 3323//6591
f 3326//6592 3325//6592 3327//6592
f 3326//6593 3324//6593 3325//6593
f 3328//6594 3326//6594 3327//6594
f 3329//6595 3327//6595 3330//6595
f 3329//6596 3330//6596 3331//6596
f 3329//6597 3328//6597 3327//6597
f 3332//6598 3329//6598 3331//6598
f 3333//6599 3331//6599 3334//6599
f 3333//6600 3334//6600 3335//6600
f 3333//6601 3332//6601 3331//6601
f 3336//6602 3333//6602 3335//6602
f 3337//6603 3336//6603 3335//6603
f 3337//6604 3335//6604 3338//6604
f 3337//6605 3338//6605 3339//6605
f 3340//6606 3337//6606 3339//6606
f 3340//6607 3339//6607 3341//6607
f 3342//6608 3340//6608 3341//6608
f 3343//6609 3342//6609 3341//6609
f 3343//6610 3341//6610 3344//6610
f 3343//6611 3344//6611 3345//6611
f 3346//6612 3343//6612 3345//6612
f 3346//6613 3345//6613 3347//6613
f 3348//6614 3346//6614 3347//6614
f 3349//6615 3348//6615 3347//6615
f 3349//6616 3347//6616 3350//6616
f 3351//6617 3349//6617 3350//6617
f 3351//6618 3350//6618 3352//6618
f 3353//6619 3351//6619 3352//6619
f 3353//6620 3352//6620 3354//6620
f 3355//6621 3353//6621 3354//6621
f 3355//6622 3354//6622 3356//6622
f 3355//6623 3356//6623 3357//6623
f 3358//6624 3355//6624 3357//6624
f 3358//6625 3357//6625 3359//6625
f 3360//6626 3358//6626 3359//6626
f 3278//6627 3360//6627 3359//6627
f 3278//6628 3359//6628 3279//6628
f 3336//6629 3328//6629 3329//6629
f 3336//6630 3329//6630 3332//6630
f 3336//6631 3332//6631 3333//6631
f 3321//6632 3324//6632 3326//6632
f 3321//6633 3326//6633 3328//6633
f 3340//6634 3336//6634 3337//6634
f 3315//6635 3317//6635 3319//6635
f 3315//6636 3319//6636 3321//6636
f 3346//6637 3340//6637 3342//6637
f 3346//6638 3342//6638 3343//6638
f 3346//6639 3336//6639 3340//6639
f 3313//6640 3315//6640 3321//6640
f 3311//6641 3313//6641 3321//6641
f 3349//6642 3346//6642 3348//6642
f 3308//6643 3309//6643 3311//6643
f 3353//6644 3349//6644 3351//6644
f 3353//6645 3346//6645 3349//6645
f 3302//6646 3303//6646 3305//6646
f 3302//6647 3305//6647 3308//6647
f 3302//6648 3308//6648 3311//6648
f 3360//6649 3353//6649 3355//6649
f 3360//6650 3355//6650 3358//6650
f 3360//6651 3328//6651 3336//6651
f 3360//6652 3321//6652 3328//6652
f 3360//6653 3336//6653 3346//6653
f 3360//6654 3346//6654 3353//6654
f 3295//6655 3297//6655 3299//6655
f 3295//6656 3299//6656 3302//6656
f 3281//6657 3278//6657 3277//6657
f 3281//6658 3360//6658 3278//6658
f 3285//6659 3281//6659 3283//6659
f 3285//6660 3302//6660 3311//6660
f 3285//6661 3321//6661 3360//6661
f 3285//6662 3295//6662 3302//6662
f 3285//6663 3360//6663 3281//6663
f 3285//6664 3311//6664 3321//6664
f 3289//6665 3292//6665 3293//6665
f 3287//6666 3293//6666 3295//6666
f 3287//6667 3295//6667 3285//6667
f 3287//6668 3289//6668 3293//6668
f 3320//6669 3318//6669 3322//6669
f 3322//6670 3318//6670 3323//6670
f 3323//6671 3318//6671 3325//6671
f 3341//6672 3345//6672 3344//6672
f 3314//6673 3312//6673 3316//6673
f 3334//6674 3350//6674 3335//6674
f 3335//6675 3350//6675 3338//6675
f 3338//6676 3350//6676 3339//6676
f 3339//6677 3350//6677 3341//6677
f 3345//6678 3350//6678 3347//6678
f 3341//6679 3350//6679 3345//6679
f 3316//6680 3310//6680 3318//6680
f 3325//6681 3310//6681 3327//6681
f 3327//6682 3310//6682 3330//6682
f 3330//6683 3310//6683 3331//6683
f 3318//6684 3310//6684 3325//6684
f 3312//6685 3310//6685 3316//6685
f 3350//6686 3356//6686 3352//6686
f 3352//6687 3356//6687 3354//6687
f 3301//6688 3300//6688 3304//6688
f 3304//6689 3300//6689 3306//6689
f 3306//6690 3300//6690 3307//6690
f 3356//6691 3279//6691 3357//6691
f 3357//6692 3279//6692 3359//6692
f 3356//6693 3280//6693 3279//6693
f 3300//6694 3296//6694 3307//6694
f 3298//6695 3296//6695 3300//6695
f 3307//6696 3296//6696 3310//6696
f 3356//6697 3282//6697 3280//6697
f 3294//6698 3291//6698 3296//6698
f 3282//6699 3286//6699 3284//6699
f 3290//6700 3288//6700 3291//6700
f 3296//6701 3288//6701 3310//6701
f 3291//6702 3288//6702 3296//6702
f 3356//6703 3288//6703 3282//6703
f 3282//6704 3288//6704 3286//6704
f 3331//6705 3288//6705 3334//6705
f 3310//6706 3288//6706 3331//6706
f 3334//6707 3288//6707 3350//6707
f 3350//6708 3288//6708 3356//6708
g Access_J1_mesh
f 3361//6709 3362//6709 3363//6709
f 3361//6710 3364//6710 3362//6710
f 3365//6711 3362//6711 3364//6711
f 3365//6712 3364//6712 3366//6712
f 3365//6713 3367//6713 3363//6713
f 3365//6714 3363//6714 3362//6714
f 3363//6715 3367//6715 3361//6715
f 3361//6716 3367//6716 3368//6716
f 3368//6717 3366//6717 3361//6717
f 3361//6718 3366//6718 3364//6718
f 3365//6719 3368//6719 3367//6719
f 3366//6720 3368//6720 3365//6720
