# Blender 4.2.3 LTS
# www.blender.org
mtllib 04_blender_review.mtl
o OpenSCAD_Tray_Physical
v -11.000000 41.799999 7.400000
v -53.799999 41.799999 0.000000
v -53.799999 41.799999 17.500000
v -11.000000 41.799999 13.400000
v 53.799999 41.799999 17.500000
v 11.000000 41.799999 7.400000
v 11.000000 41.799999 13.400000
v 53.799999 41.799999 0.000000
v -51.000000 39.000000 17.500000
v -53.799999 -41.799999 17.500000
v -51.000000 -39.000000 17.500000
v 51.000000 -39.000000 17.500000
v 53.799999 -41.799999 17.500000
v 51.000000 39.000000 17.500000
v -11.000000 39.000000 7.400000
v -51.000000 39.000000 2.800000
v -11.000000 39.000000 13.400000
v 11.000000 39.000000 13.400000
v 11.000000 39.000000 7.400000
v 51.000000 39.000000 2.800000
v -42.593800 -30.274700 2.800000
v -51.000000 -39.000000 2.800000
v -42.439499 -30.439501 2.800000
v -42.274700 -30.593800 2.800000
v -42.100201 -30.737101 2.800000
v -42.737099 -30.100201 2.800000
v -42.868599 -29.916700 2.800000
v -41.916698 -30.868601 2.800000
v -42.987801 -29.725000 2.800000
v -41.724998 -30.987801 2.800000
v -41.525902 -31.094200 2.800000
v -43.094200 -29.525900 2.800000
v -41.320301 -31.187401 2.800000
v -43.187401 -29.320299 2.800000
v -41.109001 -31.266899 2.800000
v -43.266899 -29.108999 2.800000
v -43.332401 -28.892900 2.800000
v -40.892899 -31.332399 2.800000
v -43.383701 -28.673100 2.800000
v -40.673100 -31.383699 2.800000
v -43.420502 -28.450300 2.800000
v -40.450298 -31.420500 2.800000
v -40.225601 -31.442600 2.800000
v -43.442600 -28.225599 2.800000
v -40.000000 -31.450001 2.800000
v -43.450001 -28.000000 2.800000
v -43.442600 -27.774401 2.800000
v -39.774399 -31.442600 2.800000
v -43.420502 -27.549700 2.800000
v -39.549702 -31.420500 2.800000
v -43.383701 -27.326900 2.800000
v -39.326900 -31.383699 2.800000
v -43.332401 -27.107100 2.800000
v -39.107101 -31.332399 2.800000
v -43.266899 -26.891001 2.800000
v -38.890999 -31.266899 2.800000
v -43.187401 -26.679701 2.800000
v -38.679699 -31.187401 2.800000
v -43.094200 -26.474100 2.800000
v -38.474098 -31.094200 2.800000
v -42.593800 25.725300 2.800000
v -42.593800 -25.725300 2.800000
v -42.439499 -25.560499 2.800000
v -42.439499 25.560499 2.800000
v -42.274700 25.406200 2.800000
v -42.274700 -25.406200 2.800000
v -42.100201 25.262899 2.800000
v -42.100201 -25.262899 2.800000
v -42.737099 25.899799 2.800000
v -42.868599 -26.083300 2.800000
v -42.737099 -25.899799 2.800000
v -42.868599 26.083300 2.800000
v -41.916698 25.131399 2.800000
v -41.916698 -25.131399 2.800000
v -42.987801 26.275000 2.800000
v -42.987801 -26.275000 2.800000
v -41.724998 25.012199 2.800000
v -41.724998 -25.012199 2.800000
v -41.525902 -24.905800 2.800000
v -41.525902 24.905800 2.800000
v -41.320301 -24.812599 2.800000
v -43.094200 26.474100 2.800000
v -41.320301 24.812599 2.800000
v -41.109001 24.733101 2.800000
v -41.109001 -24.733101 2.800000
v -40.892899 -24.667601 2.800000
v -40.892899 24.667601 2.800000
v -40.673100 24.616301 2.800000
v -40.673100 -24.616301 2.800000
v -40.450298 24.579500 2.800000
v -40.450298 -24.579500 2.800000
v -40.225601 24.557400 2.800000
v -40.225601 -24.557400 2.800000
v -40.000000 24.549999 2.800000
v -40.000000 -24.549999 2.800000
v -39.774399 24.557400 2.800000
v -39.774399 -24.557400 2.800000
v -39.549702 24.579500 2.800000
v -39.549702 -24.579500 2.800000
v -39.326900 24.616301 2.800000
v -39.326900 -24.616301 2.800000
v -39.107101 24.667601 2.800000
v -39.107101 -24.667601 2.800000
v -38.890999 24.733101 2.800000
v -38.890999 -24.733101 2.800000
v -38.679699 24.812599 2.800000
v -38.679699 -24.812599 2.800000
v -38.474098 24.905800 2.800000
v -38.474098 -24.905800 2.800000
v -38.275002 -25.012199 2.800000
v -38.275002 25.012199 2.800000
v -38.083302 25.131399 2.800000
v -38.083302 -25.131399 2.800000
v -37.899799 25.262899 2.800000
v -37.899799 -25.262899 2.800000
v -37.725300 25.406200 2.800000
v -37.725300 -25.406200 2.800000
v -37.560501 25.560499 2.800000
v -37.560501 -25.560499 2.800000
v -43.187401 26.679701 2.800000
v -43.266899 26.891001 2.800000
v -43.332401 27.107100 2.800000
v -43.383701 27.326900 2.800000
v -43.420502 27.549700 2.800000
v -43.442600 27.774401 2.800000
v -43.450001 28.000000 2.800000
v -43.442600 28.225599 2.800000
v -43.420502 28.450300 2.800000
v -43.383701 28.673100 2.800000
v -43.332401 28.892900 2.800000
v -43.266899 29.108999 2.800000
v -43.187401 29.320299 2.800000
v -43.094200 29.525900 2.800000
v -42.987801 29.725000 2.800000
v -42.868599 29.916700 2.800000
v -42.737099 30.100201 2.800000
v -42.593800 30.274700 2.800000
v -42.439499 30.439501 2.800000
v -37.406200 25.725300 2.800000
v -37.406200 -25.725300 2.800000
v -42.274700 30.593800 2.800000
v -37.262901 25.899799 2.800000
v -37.262901 -25.899799 2.800000
v -42.100201 30.737101 2.800000
v -37.131401 26.083300 2.800000
v -37.131401 -26.083300 2.800000
v -41.916698 30.868601 2.800000
v -41.724998 30.987801 2.800000
v -41.525902 31.094200 2.800000
v -41.320301 31.187401 2.800000
v -41.109001 31.266899 2.800000
v -40.892899 31.332399 2.800000
v -40.673100 31.383699 2.800000
v -40.450298 31.420500 2.800000
v -40.225601 31.442600 2.800000
v -40.000000 31.450001 2.800000
v -39.774399 31.442600 2.800000
v -39.549702 31.420500 2.800000
v -39.326900 31.383699 2.800000
v -39.107101 31.332399 2.800000
v -38.890999 31.266899 2.800000
v -38.679699 31.187401 2.800000
v -38.474098 31.094200 2.800000
v 37.725300 -30.593800 2.800000
v 37.560501 -30.439501 2.800000
v -37.560501 -30.439501 2.800000
v -37.725300 -30.593800 2.800000
v 37.406200 -30.274700 2.800000
v -37.406200 -30.274700 2.800000
v 37.899799 -30.737101 2.800000
v -37.899799 -30.737101 2.800000
v 37.262901 -30.100201 2.800000
v -37.262901 -30.100201 2.800000
v 38.083302 -30.868601 2.800000
v -38.083302 -30.868601 2.800000
v -38.275002 -30.987801 2.800000
v 37.131401 -29.916700 2.800000
v -37.131401 -29.916700 2.800000
v 37.012199 -29.725000 2.800000
v -37.012199 -29.725000 2.800000
v 38.275002 -30.987801 2.800000
v 38.474098 -31.094200 2.800000
v 36.905800 -29.525900 2.800000
v -36.905800 -29.525900 2.800000
v 36.812599 -29.320299 2.800000
v -36.733101 -29.108999 2.800000
v -36.812599 -29.320299 2.800000
v 36.733101 -29.108999 2.800000
v -36.667599 -28.892900 2.800000
v 36.667599 -28.892900 2.800000
v 36.616299 -28.673100 2.800000
v -36.616299 -28.673100 2.800000
v 36.579498 -28.450300 2.800000
v -36.579498 -28.450300 2.800000
v 36.557400 -28.225599 2.800000
v -36.557400 -28.225599 2.800000
v 36.549999 -28.000000 2.800000
v -36.549999 -28.000000 2.800000
v 36.557400 -27.774401 2.800000
v -36.579498 -27.549700 2.800000
v -36.557400 -27.774401 2.800000
v 36.579498 -27.549700 2.800000
v 36.616299 -27.326900 2.800000
v -36.616299 -27.326900 2.800000
v 36.667599 -27.107100 2.800000
v -36.733101 -26.891001 2.800000
v -36.667599 -27.107100 2.800000
v 36.733101 -26.891001 2.800000
v 36.812599 -26.679701 2.800000
v -36.905800 -26.474100 2.800000
v -36.812599 -26.679701 2.800000
v 36.905800 -26.474100 2.800000
v 37.012199 -26.275000 2.800000
v -37.012199 -26.275000 2.800000
v 37.131401 -26.083300 2.800000
v 51.000000 -39.000000 2.800000
v 42.439499 -30.439501 2.800000
v 42.274700 -30.593800 2.800000
v 42.100201 -30.737101 2.800000
v 41.916698 -30.868601 2.800000
v 41.724998 -30.987801 2.800000
v 41.525902 -31.094200 2.800000
v 41.320301 -31.187401 2.800000
v 41.109001 -31.266899 2.800000
v 40.892899 -31.332399 2.800000
v 40.673100 -31.383699 2.800000
v 40.450298 -31.420500 2.800000
v 40.225601 -31.442600 2.800000
v 40.000000 -31.450001 2.800000
v 39.774399 -31.442600 2.800000
v 39.549702 -31.420500 2.800000
v 39.326900 -31.383699 2.800000
v 39.107101 -31.332399 2.800000
v 38.890999 -31.266899 2.800000
v 38.679699 -31.187401 2.800000
v 42.593800 -30.274700 2.800000
v 42.737099 -30.100201 2.800000
v 42.868599 -29.916700 2.800000
v 42.987801 -29.725000 2.800000
v 43.094200 -29.525900 2.800000
v 43.187401 -29.320299 2.800000
v 43.266899 -29.108999 2.800000
v 43.332401 -28.892900 2.800000
v 43.383701 -28.673100 2.800000
v 43.420502 -28.450300 2.800000
v 43.442600 -28.225599 2.800000
v 43.450001 -28.000000 2.800000
v 43.442600 -27.774401 2.800000
v 43.420502 -27.549700 2.800000
v 43.383701 -27.326900 2.800000
v 43.332401 -27.107100 2.800000
v 43.266899 -26.891001 2.800000
v 43.187401 -26.679701 2.800000
v 43.094200 -26.474100 2.800000
v 37.560501 25.560499 2.800000
v 37.406200 -25.725300 2.800000
v 37.560501 -25.560499 2.800000
v 37.725300 -25.406200 2.800000
v 37.725300 25.406200 2.800000
v 37.899799 -25.262899 2.800000
v 37.406200 25.725300 2.800000
v 37.262901 -25.899799 2.800000
v 37.899799 25.262899 2.800000
v 38.083302 -25.131399 2.800000
v 37.262901 25.899799 2.800000
v 37.131401 26.083300 2.800000
v 38.083302 25.131399 2.800000
v 37.012199 26.275000 2.800000
v -37.012199 26.275000 2.800000
v 38.275002 25.012199 2.800000
v 38.275002 -25.012199 2.800000
v 38.474098 24.905800 2.800000
v 38.474098 -24.905800 2.800000
v 36.905800 26.474100 2.800000
v -36.905800 26.474100 2.800000
v 38.679699 24.812599 2.800000
v 38.679699 -24.812599 2.800000
v 36.812599 26.679701 2.800000
v -36.812599 26.679701 2.800000
v 38.890999 24.733101 2.800000
v 38.890999 -24.733101 2.800000
v 36.733101 26.891001 2.800000
v -36.733101 26.891001 2.800000
v 36.667599 27.107100 2.800000
v -36.616299 27.326900 2.800000
v -36.667599 27.107100 2.800000
v 39.107101 24.667601 2.800000
v 39.107101 -24.667601 2.800000
v 36.616299 27.326900 2.800000
v -36.579498 27.549700 2.800000
v 39.326900 24.616301 2.800000
v 39.326900 -24.616301 2.800000
v 36.579498 27.549700 2.800000
v 39.549702 24.579500 2.800000
v 39.549702 -24.579500 2.800000
v 39.774399 -24.557400 2.800000
v 39.774399 24.557400 2.800000
v 40.000000 -24.549999 2.800000
v 36.557400 27.774401 2.800000
v -36.557400 27.774401 2.800000
v 36.549999 28.000000 2.800000
v -36.549999 28.000000 2.800000
v 40.000000 24.549999 2.800000
v 36.557400 28.225599 2.800000
v -36.557400 28.225599 2.800000
v 40.225601 24.557400 2.800000
v 40.225601 -24.557400 2.800000
v 40.450298 -24.579500 2.800000
v 36.579498 28.450300 2.800000
v -36.579498 28.450300 2.800000
v 40.450298 24.579500 2.800000
v 36.616299 28.673100 2.800000
v -36.616299 28.673100 2.800000
v 40.673100 24.616301 2.800000
v 40.673100 -24.616301 2.800000
v 36.667599 28.892900 2.800000
v -36.733101 29.108999 2.800000
v -36.667599 28.892900 2.800000
v 40.892899 24.667601 2.800000
v 40.892899 -24.667601 2.800000
v 36.733101 29.108999 2.800000
v 41.109001 24.733101 2.800000
v 41.109001 -24.733101 2.800000
v 36.812599 29.320299 2.800000
v -36.905800 29.525900 2.800000
v -36.812599 29.320299 2.800000
v 41.320301 24.812599 2.800000
v 41.320301 -24.812599 2.800000
v 41.525902 -24.905800 2.800000
v 36.905800 29.525900 2.800000
v 41.525902 24.905800 2.800000
v 41.724998 -25.012199 2.800000
v 41.724998 25.012199 2.800000
v 41.916698 -25.131399 2.800000
v 37.012199 29.725000 2.800000
v -37.012199 29.725000 2.800000
v 41.916698 25.131399 2.800000
v 42.100201 -25.262899 2.800000
v 37.131401 29.916700 2.800000
v -37.131401 29.916700 2.800000
v 42.100201 25.262899 2.800000
v 42.274700 -25.406200 2.800000
v 37.262901 30.100201 2.800000
v -37.262901 30.100201 2.800000
v 37.406200 30.274700 2.800000
v -37.406200 30.274700 2.800000
v 42.274700 25.406200 2.800000
v 42.439499 25.560499 2.800000
v 42.439499 -25.560499 2.800000
v 42.593800 -25.725300 2.800000
v 37.560501 30.439501 2.800000
v -37.560501 30.439501 2.800000
v 37.725300 30.593800 2.800000
v -37.725300 30.593800 2.800000
v 42.593800 25.725300 2.800000
v 42.737099 -25.899799 2.800000
v 42.737099 25.899799 2.800000
v 37.899799 30.737101 2.800000
v -37.899799 30.737101 2.800000
v 42.868599 26.083300 2.800000
v 42.868599 -26.083300 2.800000
v 42.987801 26.275000 2.800000
v 42.987801 -26.275000 2.800000
v 43.094200 26.474100 2.800000
v 38.474098 31.094200 2.800000
v 38.679699 31.187401 2.800000
v 38.890999 31.266899 2.800000
v 39.107101 31.332399 2.800000
v 39.326900 31.383699 2.800000
v 39.549702 31.420500 2.800000
v 39.774399 31.442600 2.800000
v 40.000000 31.450001 2.800000
v 40.225601 31.442600 2.800000
v 40.450298 31.420500 2.800000
v 40.673100 31.383699 2.800000
v 40.892899 31.332399 2.800000
v 41.109001 31.266899 2.800000
v 41.320301 31.187401 2.800000
v 41.525902 31.094200 2.800000
v 41.724998 30.987801 2.800000
v 41.916698 30.868601 2.800000
v 42.100201 30.737101 2.800000
v 42.274700 30.593800 2.800000
v 42.439499 30.439501 2.800000
v 42.593800 30.274700 2.800000
v 42.737099 30.100201 2.800000
v 42.868599 29.916700 2.800000
v 42.987801 29.725000 2.800000
v 43.094200 29.525900 2.800000
v 43.187401 29.320299 2.800000
v 43.266899 29.108999 2.800000
v 43.332401 28.892900 2.800000
v 43.383701 28.673100 2.800000
v 43.420502 28.450300 2.800000
v 43.442600 28.225599 2.800000
v 43.450001 28.000000 2.800000
v 43.442600 27.774401 2.800000
v 43.420502 27.549700 2.800000
v 43.383701 27.326900 2.800000
v 43.332401 27.107100 2.800000
v 43.266899 26.891001 2.800000
v 43.187401 26.679701 2.800000
v -38.275002 30.987801 2.800000
v -38.083302 30.868601 2.800000
v 38.275002 30.987801 2.800000
v 38.083302 30.868601 2.800000
v -38.730598 -27.025999 6.600000
v -38.797100 -26.945000 6.600000
v -38.797100 -26.945000 2.300000
v -38.730598 -27.025999 2.300000
v -38.669601 -27.111099 6.600000
v -38.669601 -27.111099 2.300000
v -38.868599 -29.131399 6.600000
v -37.725300 -30.593800 6.600000
v -37.560501 -30.439501 6.600000
v -37.406200 -30.274700 6.600000
v -38.797100 -29.055000 6.600000
v -38.945000 -29.202900 6.600000
v -38.730598 -28.974001 6.600000
v -37.262901 -30.100201 6.600000
v -39.026001 -29.269400 6.600000
v -37.899799 -30.737101 6.600000
v -39.111099 -29.330400 6.600000
v -38.275002 -30.987801 6.600000
v -38.083302 -30.868601 6.600000
v -38.669601 -28.888901 6.600000
v -37.131401 -29.916700 6.600000
v -37.012199 -29.725000 6.600000
v -38.614399 -28.799999 6.600000
v -39.200001 -29.385599 6.600000
v -38.564999 -28.707701 6.600000
v -36.905800 -29.525900 6.600000
v -36.812599 -29.320299 6.600000
v -39.292301 -29.434999 6.600000
v -38.679699 -31.187401 6.600000
v -38.474098 -31.094200 6.600000
v -39.387699 -29.478201 6.600000
v -38.890999 -31.266899 6.600000
v -38.521801 -28.612301 6.600000
v -36.733101 -29.108999 6.600000
v -39.485699 -29.515100 6.600000
v -39.107101 -31.332399 6.600000
v -38.484901 -28.514299 6.600000
v -36.667599 -28.892900 6.600000
v -38.454498 -28.414101 6.600000
v -39.585899 -29.545500 6.600000
v -38.430698 -28.312099 6.600000
v -36.616299 -28.673100 6.600000
v -36.579498 -28.450300 6.600000
v -39.687901 -29.569300 6.600000
v -39.549702 -31.420500 6.600000
v -39.326900 -31.383699 6.600000
v -39.791199 -29.586300 6.600000
v -38.413700 -28.208799 6.600000
v -38.403400 -28.104601 6.600000
v -36.557400 -28.225599 6.600000
v -36.549999 -28.000000 6.600000
v -39.895401 -29.596600 6.600000
v -40.000000 -31.450001 6.600000
v -39.774399 -31.442600 6.600000
v -40.000000 -29.600000 6.600000
v -38.400002 -28.000000 6.600000
v -40.104599 -29.596600 6.600000
v -40.450298 -31.420500 6.600000
v -40.225601 -31.442600 6.600000
v -38.403400 -27.895399 6.600000
v -36.557400 -27.774401 6.600000
v -36.579498 -27.549700 6.600000
v -38.413700 -27.791201 6.600000
v -40.208801 -29.586300 6.600000
v -38.430698 -27.687901 6.600000
v -36.616299 -27.326900 6.600000
v -36.667599 -27.107100 6.600000
v -40.312099 -29.569300 6.600000
v -40.892899 -31.332399 6.600000
v -40.673100 -31.383699 6.600000
v -38.454498 -27.585899 6.600000
v -40.414101 -29.545500 6.600000
v -38.484901 -27.485701 6.600000
v -36.733101 -26.891001 6.600000
v -40.514301 -29.515100 6.600000
v -41.109001 -31.266899 6.600000
v -40.612301 -29.478201 6.600000
v -41.320301 -31.187401 6.600000
v -38.521801 -27.387699 6.600000
v -36.812599 -26.679701 6.600000
v -40.707699 -29.434999 6.600000
v -41.724998 -30.987801 6.600000
v -41.525902 -31.094200 6.600000
v -38.564999 -27.292299 6.600000
v -36.905800 -26.474100 6.600000
v -37.012199 -26.275000 6.600000
v -38.614399 -27.200001 6.600000
v -40.799999 -29.385599 6.600000
v -40.888901 -29.330400 6.600000
v -42.100201 -30.737101 6.600000
v -41.916698 -30.868601 6.600000
v -37.131401 -26.083300 6.600000
v -37.262901 -25.899799 6.600000
v -37.406200 -25.725300 6.600000
v -40.973999 -29.269400 6.600000
v -42.274700 -30.593800 6.600000
v -41.055000 -29.202900 6.600000
v -38.868599 -26.868601 6.600000
v -41.131401 -29.131399 6.600000
v -42.439499 -30.439501 6.600000
v -37.560501 -25.560499 6.600000
v -42.593800 -30.274700 6.600000
v -41.202900 -29.055000 6.600000
v -41.269402 -28.974001 6.600000
v -37.725300 -25.406200 6.600000
v -39.026001 -26.730600 6.600000
v -38.945000 -26.797100 6.600000
v -42.737099 -30.100201 6.600000
v -41.330399 -28.888901 6.600000
v -37.899799 -25.262899 6.600000
v -39.111099 -26.669600 6.600000
v -42.868599 -29.916700 6.600000
v -38.083302 -25.131399 6.600000
v -42.987801 -29.725000 6.600000
v -41.385601 -28.799999 6.600000
v -41.435001 -28.707701 6.600000
v -38.275002 -25.012199 6.600000
v -39.292301 -26.565001 6.600000
v -39.200001 -26.614401 6.600000
v -38.474098 -24.905800 6.600000
v -43.094200 -29.525900 6.600000
v -38.679699 -24.812599 6.600000
v -39.387699 -26.521799 6.600000
v -43.187401 -29.320299 6.600000
v -41.478199 -28.612301 6.600000
v -38.890999 -24.733101 6.600000
v -39.485699 -26.484900 6.600000
v -43.266899 -29.108999 6.600000
v -41.515099 -28.514299 6.600000
v -39.107101 -24.667601 6.600000
v -39.687901 -26.430700 6.600000
v -39.585899 -26.454500 6.600000
v -43.332401 -28.892900 6.600000
v -41.545502 -28.414101 6.600000
v -41.569302 -28.312099 6.600000
v -39.326900 -24.616301 6.600000
v -43.383701 -28.673100 6.600000
v -39.549702 -24.579500 6.600000
v -39.895401 -26.403400 6.600000
v -39.791199 -26.413700 6.600000
v -43.420502 -28.450300 6.600000
v -41.586300 -28.208799 6.600000
v -41.596600 -28.104601 6.600000
v -39.774399 -24.557400 6.600000
v -43.442600 -28.225599 6.600000
v -40.000000 -24.549999 6.600000
v -40.104599 -26.403400 6.600000
v -40.000000 -26.400000 6.600000
v -43.450001 -28.000000 6.600000
v -41.599998 -28.000000 6.600000
v -41.596600 -27.895399 6.600000
v -43.442600 -27.774401 6.600000
v -40.225601 -24.557400 6.600000
v -40.450298 -24.579500 6.600000
v -40.312099 -26.430700 6.600000
v -40.208801 -26.413700 6.600000
v -43.420502 -27.549700 6.600000
v -41.586300 -27.791201 6.600000
v -41.569302 -27.687901 6.600000
v -40.673100 -24.616301 6.600000
v -43.383701 -27.326900 6.600000
v -40.892899 -24.667601 6.600000
v -40.514301 -26.484900 6.600000
v -40.414101 -26.454500 6.600000
v -43.332401 -27.107100 6.600000
v -41.545502 -27.585899 6.600000
v -41.515099 -27.485701 6.600000
v -43.266899 -26.891001 6.600000
v -41.478199 -27.387699 6.600000
v -41.109001 -24.733101 6.600000
v -40.612301 -26.521799 6.600000
v -43.187401 -26.679701 6.600000
v -41.435001 -27.292299 6.600000
v -41.320301 -24.812599 6.600000
v -40.707699 -26.565001 6.600000
v -43.094200 -26.474100 6.600000
v -41.525902 -24.905800 6.600000
v -41.724998 -25.012199 6.600000
v -40.888901 -26.669600 6.600000
v -40.799999 -26.614401 6.600000
v -42.987801 -26.275000 6.600000
v -41.385601 -27.200001 6.600000
v -41.330399 -27.111099 6.600000
v -41.916698 -25.131399 6.600000
v -42.868599 -26.083300 6.600000
v -42.737099 -25.899799 6.600000
v -41.269402 -27.025999 6.600000
v -42.100201 -25.262899 6.600000
v -40.973999 -26.730600 6.600000
v -42.274700 -25.406200 6.600000
v -41.131401 -26.868601 6.600000
v -41.055000 -26.797100 6.600000
v -42.593800 -25.725300 6.600000
v -41.202900 -26.945000 6.600000
v -42.439499 -25.560499 6.600000
v -38.564999 -27.292299 2.300000
v -38.521801 -27.387699 2.300000
v -38.484901 -27.485701 2.300000
v -38.454498 -27.585899 2.300000
v -38.413700 -27.791201 2.300000
v -38.403400 -27.895399 2.300000
v -38.403400 -28.104601 2.300000
v -38.413700 -28.208799 2.300000
v -38.430698 -28.312099 2.300000
v -38.454498 -28.414101 2.300000
v -38.521801 -28.612301 2.300000
v -38.564999 -28.707701 2.300000
v -38.669601 -28.888901 2.300000
v -38.730598 -28.974001 2.300000
v -38.797100 -29.055000 2.300000
v -38.868599 -29.131399 2.300000
v 41.269402 -27.025999 6.600000
v 41.202900 -26.945000 6.600000
v 41.202900 -26.945000 2.300000
v 41.269402 -27.025999 2.300000
v 41.330399 -27.111099 6.600000
v 41.330399 -27.111099 2.300000
v 41.131401 -29.131399 6.600000
v 42.274700 -30.593800 6.600000
v 42.439499 -30.439501 6.600000
v 42.593800 -30.274700 6.600000
v 41.202900 -29.055000 6.600000
v 41.055000 -29.202900 6.600000
v 41.269402 -28.974001 6.600000
v 42.737099 -30.100201 6.600000
v 40.973999 -29.269400 6.600000
v 42.100201 -30.737101 6.600000
v 40.888901 -29.330400 6.600000
v 41.724998 -30.987801 6.600000
v 41.916698 -30.868601 6.600000
v 41.330399 -28.888901 6.600000
v 42.868599 -29.916700 6.600000
v 42.987801 -29.725000 6.600000
v 41.385601 -28.799999 6.600000
v 40.799999 -29.385599 6.600000
v 41.435001 -28.707701 6.600000
v 43.094200 -29.525900 6.600000
v 43.187401 -29.320299 6.600000
v 40.707699 -29.434999 6.600000
v 41.320301 -31.187401 6.600000
v 41.525902 -31.094200 6.600000
v 40.612301 -29.478201 6.600000
v 41.109001 -31.266899 6.600000
v 41.478199 -28.612301 6.600000
v 43.266899 -29.108999 6.600000
v 40.514301 -29.515100 6.600000
v 40.892899 -31.332399 6.600000
v 41.515099 -28.514299 6.600000
v 43.332401 -28.892900 6.600000
v 41.545502 -28.414101 6.600000
v 40.414101 -29.545500 6.600000
v 41.569302 -28.312099 6.600000
v 43.383701 -28.673100 6.600000
v 43.420502 -28.450300 6.600000
v 40.312099 -29.569300 6.600000
v 40.450298 -31.420500 6.600000
v 40.673100 -31.383699 6.600000
v 40.208801 -29.586300 6.600000
v 41.586300 -28.208799 6.600000
v 41.596600 -28.104601 6.600000
v 43.442600 -28.225599 6.600000
v 43.450001 -28.000000 6.600000
v 40.104599 -29.596600 6.600000
v 40.000000 -31.450001 6.600000
v 40.225601 -31.442600 6.600000
v 40.000000 -29.600000 6.600000
v 41.599998 -28.000000 6.600000
v 39.895401 -29.596600 6.600000
v 39.549702 -31.420500 6.600000
v 39.774399 -31.442600 6.600000
v 41.596600 -27.895399 6.600000
v 43.442600 -27.774401 6.600000
v 43.420502 -27.549700 6.600000
v 41.586300 -27.791201 6.600000
v 39.791199 -29.586300 6.600000
v 41.569302 -27.687901 6.600000
v 43.383701 -27.326900 6.600000
v 43.332401 -27.107100 6.600000
v 39.687901 -29.569300 6.600000
v 39.107101 -31.332399 6.600000
v 39.326900 -31.383699 6.600000
v 41.545502 -27.585899 6.600000
v 39.585899 -29.545500 6.600000
v 41.515099 -27.485701 6.600000
v 43.266899 -26.891001 6.600000
v 39.485699 -29.515100 6.600000
v 38.890999 -31.266899 6.600000
v 39.387699 -29.478201 6.600000
v 38.679699 -31.187401 6.600000
v 41.478199 -27.387699 6.600000
v 43.187401 -26.679701 6.600000
v 39.292301 -29.434999 6.600000
v 38.275002 -30.987801 6.600000
v 38.474098 -31.094200 6.600000
v 41.435001 -27.292299 6.600000
v 43.094200 -26.474100 6.600000
v 42.987801 -26.275000 6.600000
v 41.385601 -27.200001 6.600000
v 39.200001 -29.385599 6.600000
v 39.111099 -29.330400 6.600000
v 37.899799 -30.737101 6.600000
v 38.083302 -30.868601 6.600000
v 42.868599 -26.083300 6.600000
v 42.737099 -25.899799 6.600000
v 42.593800 -25.725300 6.600000
v 39.026001 -29.269400 6.600000
v 37.725300 -30.593800 6.600000
v 38.945000 -29.202900 6.600000
v 41.131401 -26.868601 6.600000
v 38.868599 -29.131399 6.600000
v 37.560501 -30.439501 6.600000
v 42.439499 -25.560499 6.600000
v 37.406200 -30.274700 6.600000
v 38.797100 -29.055000 6.600000
v 38.730598 -28.974001 6.600000
v 42.274700 -25.406200 6.600000
v 40.973999 -26.730600 6.600000
v 41.055000 -26.797100 6.600000
v 37.262901 -30.100201 6.600000
v 38.669601 -28.888901 6.600000
v 42.100201 -25.262899 6.600000
v 40.888901 -26.669600 6.600000
v 37.131401 -29.916700 6.600000
v 41.916698 -25.131399 6.600000
v 37.012199 -29.725000 6.600000
v 38.614399 -28.799999 6.600000
v 38.564999 -28.707701 6.600000
v 41.724998 -25.012199 6.600000
v 40.707699 -26.565001 6.600000
v 40.799999 -26.614401 6.600000
v 41.525902 -24.905800 6.600000
v 36.905800 -29.525900 6.600000
v 41.320301 -24.812599 6.600000
v 40.612301 -26.521799 6.600000
v 36.812599 -29.320299 6.600000
v 38.521801 -28.612301 6.600000
v 41.109001 -24.733101 6.600000
v 40.514301 -26.484900 6.600000
v 36.733101 -29.108999 6.600000
v 38.484901 -28.514299 6.600000
v 40.892899 -24.667601 6.600000
v 40.312099 -26.430700 6.600000
v 40.414101 -26.454500 6.600000
v 36.667599 -28.892900 6.600000
v 38.454498 -28.414101 6.600000
v 38.430698 -28.312099 6.600000
v 40.673100 -24.616301 6.600000
v 36.616299 -28.673100 6.600000
v 40.450298 -24.579500 6.600000
v 40.104599 -26.403400 6.600000
v 40.208801 -26.413700 6.600000
v 36.579498 -28.450300 6.600000
v 38.413700 -28.208799 6.600000
v 38.403400 -28.104601 6.600000
v 40.225601 -24.557400 6.600000
v 36.557400 -28.225599 6.600000
v 40.000000 -24.549999 6.600000
v 39.895401 -26.403400 6.600000
v 40.000000 -26.400000 6.600000
v 36.549999 -28.000000 6.600000
v 38.400002 -28.000000 6.600000
v 38.403400 -27.895399 6.600000
v 36.557400 -27.774401 6.600000
v 39.774399 -24.557400 6.600000
v 39.549702 -24.579500 6.600000
v 39.687901 -26.430700 6.600000
v 39.791199 -26.413700 6.600000
v 36.579498 -27.549700 6.600000
v 38.413700 -27.791201 6.600000
v 38.430698 -27.687901 6.600000
v 39.326900 -24.616301 6.600000
v 36.616299 -27.326900 6.600000
v 39.107101 -24.667601 6.600000
v 39.485699 -26.484900 6.600000
v 39.585899 -26.454500 6.600000
v 36.667599 -27.107100 6.600000
v 38.454498 -27.585899 6.600000
v 38.484901 -27.485701 6.600000
v 36.733101 -26.891001 6.600000
v 38.521801 -27.387699 6.600000
v 38.890999 -24.733101 6.600000
v 39.387699 -26.521799 6.600000
v 36.812599 -26.679701 6.600000
v 38.564999 -27.292299 6.600000
v 38.679699 -24.812599 6.600000
v 39.292301 -26.565001 6.600000
v 36.905800 -26.474100 6.600000
v 38.474098 -24.905800 6.600000
v 38.275002 -25.012199 6.600000
v 39.111099 -26.669600 6.600000
v 39.200001 -26.614401 6.600000
v 37.012199 -26.275000 6.600000
v 38.614399 -27.200001 6.600000
v 38.669601 -27.111099 6.600000
v 38.083302 -25.131399 6.600000
v 37.131401 -26.083300 6.600000
v 37.262901 -25.899799 6.600000
v 38.730598 -27.025999 6.600000
v 37.899799 -25.262899 6.600000
v 39.026001 -26.730600 6.600000
v 37.725300 -25.406200 6.600000
v 38.868599 -26.868601 6.600000
v 38.945000 -26.797100 6.600000
v 37.406200 -25.725300 6.600000
v 38.797100 -26.945000 6.600000
v 37.560501 -25.560499 6.600000
v 41.515099 -27.485701 2.300000
v 41.545502 -27.585899 2.300000
v 41.586300 -27.791201 2.300000
v 41.596600 -27.895399 2.300000
v 41.596600 -28.104601 2.300000
v 41.586300 -28.208799 2.300000
v 41.569302 -28.312099 2.300000
v 41.545502 -28.414101 2.300000
v 41.478199 -28.612301 2.300000
v 41.435001 -28.707701 2.300000
v 41.330399 -28.888901 2.300000
v 41.269402 -28.974001 2.300000
v 41.202900 -29.055000 2.300000
v 41.131401 -29.131399 2.300000
v -38.669601 28.888901 6.600000
v -38.730598 28.974001 6.600000
v -38.730598 28.974001 2.300000
v -38.669601 28.888901 2.300000
v -38.868599 26.868601 6.600000
v -37.725300 25.406200 6.600000
v -37.560501 25.560499 6.600000
v -37.406200 25.725300 6.600000
v -38.797100 26.945000 6.600000
v -38.945000 26.797100 6.600000
v -38.730598 27.025999 6.600000
v -37.262901 25.899799 6.600000
v -39.026001 26.730600 6.600000
v -37.899799 25.262899 6.600000
v -39.111099 26.669600 6.600000
v -38.275002 25.012199 6.600000
v -38.083302 25.131399 6.600000
v -38.669601 27.111099 6.600000
v -37.131401 26.083300 6.600000
v -37.012199 26.275000 6.600000
v -38.614399 27.200001 6.600000
v -39.200001 26.614401 6.600000
v -38.564999 27.292299 6.600000
v -36.905800 26.474100 6.600000
v -36.812599 26.679701 6.600000
v -39.292301 26.565001 6.600000
v -38.679699 24.812599 6.600000
v -38.474098 24.905800 6.600000
v -39.387699 26.521799 6.600000
v -38.890999 24.733101 6.600000
v -38.521801 27.387699 6.600000
v -36.733101 26.891001 6.600000
v -39.485699 26.484900 6.600000
v -39.107101 24.667601 6.600000
v -38.484901 27.485701 6.600000
v -36.667599 27.107100 6.600000
v -38.454498 27.585899 6.600000
v -39.585899 26.454500 6.600000
v -38.430698 27.687901 6.600000
v -36.616299 27.326900 6.600000
v -36.579498 27.549700 6.600000
v -39.687901 26.430700 6.600000
v -39.549702 24.579500 6.600000
v -39.326900 24.616301 6.600000
v -39.791199 26.413700 6.600000
v -38.413700 27.791201 6.600000
v -38.403400 27.895399 6.600000
v -36.557400 27.774401 6.600000
v -36.549999 28.000000 6.600000
v -39.895401 26.403400 6.600000
v -40.000000 24.549999 6.600000
v -39.774399 24.557400 6.600000
v -40.000000 26.400000 6.600000
v -38.400002 28.000000 6.600000
v -40.104599 26.403400 6.600000
v -40.450298 24.579500 6.600000
v -40.225601 24.557400 6.600000
v -38.403400 28.104601 6.600000
v -36.557400 28.225599 6.600000
v -36.579498 28.450300 6.600000
v -38.413700 28.208799 6.600000
v -40.208801 26.413700 6.600000
v -38.430698 28.312099 6.600000
v -36.616299 28.673100 6.600000
v -36.667599 28.892900 6.600000
v -40.312099 26.430700 6.600000
v -40.892899 24.667601 6.600000
v -40.673100 24.616301 6.600000
v -38.454498 28.414101 6.600000
v -40.414101 26.454500 6.600000
v -38.484901 28.514299 6.600000
v -36.733101 29.108999 6.600000
v -40.514301 26.484900 6.600000
v -41.109001 24.733101 6.600000
v -40.612301 26.521799 6.600000
v -41.320301 24.812599 6.600000
v -38.521801 28.612301 6.600000
v -36.812599 29.320299 6.600000
v -40.707699 26.565001 6.600000
v -41.724998 25.012199 6.600000
v -41.525902 24.905800 6.600000
v -38.564999 28.707701 6.600000
v -36.905800 29.525900 6.600000
v -37.012199 29.725000 6.600000
v -38.614399 28.799999 6.600000
v -40.799999 26.614401 6.600000
v -40.888901 26.669600 6.600000
v -42.100201 25.262899 6.600000
v -41.916698 25.131399 6.600000
v -37.131401 29.916700 6.600000
v -37.262901 30.100201 6.600000
v -37.406200 30.274700 6.600000
v -40.973999 26.730600 6.600000
v -42.274700 25.406200 6.600000
v -41.055000 26.797100 6.600000
v -38.797100 29.055000 6.600000
v -38.868599 29.131399 6.600000
v -41.131401 26.868601 6.600000
v -42.439499 25.560499 6.600000
v -37.560501 30.439501 6.600000
v -42.593800 25.725300 6.600000
v -41.202900 26.945000 6.600000
v -41.269402 27.025999 6.600000
v -37.725300 30.593800 6.600000
v -39.026001 29.269400 6.600000
v -38.945000 29.202900 6.600000
v -42.737099 25.899799 6.600000
v -41.330399 27.111099 6.600000
v -37.899799 30.737101 6.600000
v -39.111099 29.330400 6.600000
v -42.868599 26.083300 6.600000
v -38.083302 30.868601 6.600000
v -42.987801 26.275000 6.600000
v -41.385601 27.200001 6.600000
v -41.435001 27.292299 6.600000
v -38.275002 30.987801 6.600000
v -39.292301 29.434999 6.600000
v -39.200001 29.385599 6.600000
v -38.474098 31.094200 6.600000
v -43.094200 26.474100 6.600000
v -38.679699 31.187401 6.600000
v -39.387699 29.478201 6.600000
v -43.187401 26.679701 6.600000
v -41.478199 27.387699 6.600000
v -38.890999 31.266899 6.600000
v -39.485699 29.515100 6.600000
v -43.266899 26.891001 6.600000
v -41.515099 27.485701 6.600000
v -39.107101 31.332399 6.600000
v -39.687901 29.569300 6.600000
v -39.585899 29.545500 6.600000
v -43.332401 27.107100 6.600000
v -41.545502 27.585899 6.600000
v -41.569302 27.687901 6.600000
v -39.326900 31.383699 6.600000
v -43.383701 27.326900 6.600000
v -39.549702 31.420500 6.600000
v -39.895401 29.596600 6.600000
v -39.791199 29.586300 6.600000
v -43.420502 27.549700 6.600000
v -41.586300 27.791201 6.600000
v -41.596600 27.895399 6.600000
v -39.774399 31.442600 6.600000
v -43.442600 27.774401 6.600000
v -40.000000 31.450001 6.600000
v -40.104599 29.596600 6.600000
v -40.000000 29.600000 6.600000
v -43.450001 28.000000 6.600000
v -41.599998 28.000000 6.600000
v -41.596600 28.104601 6.600000
v -43.442600 28.225599 6.600000
v -40.225601 31.442600 6.600000
v -40.450298 31.420500 6.600000
v -40.312099 29.569300 6.600000
v -40.208801 29.586300 6.600000
v -43.420502 28.450300 6.600000
v -41.586300 28.208799 6.600000
v -41.569302 28.312099 6.600000
v -40.673100 31.383699 6.600000
v -43.383701 28.673100 6.600000
v -40.892899 31.332399 6.600000
v -40.514301 29.515100 6.600000
v -40.414101 29.545500 6.600000
v -43.332401 28.892900 6.600000
v -41.545502 28.414101 6.600000
v -41.515099 28.514299 6.600000
v -43.266899 29.108999 6.600000
v -41.478199 28.612301 6.600000
v -41.109001 31.266899 6.600000
v -40.612301 29.478201 6.600000
v -43.187401 29.320299 6.600000
v -41.435001 28.707701 6.600000
v -41.320301 31.187401 6.600000
v -40.707699 29.434999 6.600000
v -43.094200 29.525900 6.600000
v -41.525902 31.094200 6.600000
v -41.724998 30.987801 6.600000
v -40.888901 29.330400 6.600000
v -40.799999 29.385599 6.600000
v -42.987801 29.725000 6.600000
v -41.385601 28.799999 6.600000
v -41.330399 28.888901 6.600000
v -41.916698 30.868601 6.600000
v -42.868599 29.916700 6.600000
v -42.737099 30.100201 6.600000
v -41.269402 28.974001 6.600000
v -42.100201 30.737101 6.600000
v -40.973999 29.269400 6.600000
v -42.274700 30.593800 6.600000
v -41.131401 29.131399 6.600000
v -41.055000 29.202900 6.600000
v -42.593800 30.274700 6.600000
v -41.202900 29.055000 6.600000
v -42.439499 30.439501 6.600000
v -38.564999 28.707701 2.300000
v -38.521801 28.612301 2.300000
v -38.484901 28.514299 2.300000
v -38.413700 28.208799 2.300000
v -38.403400 28.104601 2.300000
v -38.413700 27.791201 2.300000
v -38.430698 27.687901 2.300000
v -38.454498 27.585899 2.300000
v -38.484901 27.485701 2.300000
v -38.521801 27.387699 2.300000
v -38.564999 27.292299 2.300000
v -38.614399 27.200001 2.300000
v -38.730598 27.025999 2.300000
v -38.797100 26.945000 2.300000
v 41.330399 28.888901 6.600000
v 41.269402 28.974001 6.600000
v 41.269402 28.974001 2.300000
v 41.330399 28.888901 2.300000
v 38.868599 26.868601 6.600000
v 37.406200 25.725300 6.600000
v 37.560501 25.560499 6.600000
v 37.725300 25.406200 6.600000
v 38.797100 26.945000 6.600000
v 38.945000 26.797100 6.600000
v 38.730598 27.025999 6.600000
v 37.262901 25.899799 6.600000
v 39.026001 26.730600 6.600000
v 37.899799 25.262899 6.600000
v 39.111099 26.669600 6.600000
v 38.083302 25.131399 6.600000
v 38.275002 25.012199 6.600000
v 38.669601 27.111099 6.600000
v 37.012199 26.275000 6.600000
v 37.131401 26.083300 6.600000
v 38.614399 27.200001 6.600000
v 39.200001 26.614401 6.600000
v 38.564999 27.292299 6.600000
v 36.812599 26.679701 6.600000
v 36.905800 26.474100 6.600000
v 39.292301 26.565001 6.600000
v 38.474098 24.905800 6.600000
v 38.679699 24.812599 6.600000
v 39.387699 26.521799 6.600000
v 38.890999 24.733101 6.600000
v 38.521801 27.387699 6.600000
v 36.733101 26.891001 6.600000
v 39.485699 26.484900 6.600000
v 39.107101 24.667601 6.600000
v 38.484901 27.485701 6.600000
v 36.667599 27.107100 6.600000
v 38.454498 27.585899 6.600000
v 39.585899 26.454500 6.600000
v 38.430698 27.687901 6.600000
v 36.579498 27.549700 6.600000
v 36.616299 27.326900 6.600000
v 39.687901 26.430700 6.600000
v 39.326900 24.616301 6.600000
v 39.549702 24.579500 6.600000
v 39.791199 26.413700 6.600000
v 38.413700 27.791201 6.600000
v 38.403400 27.895399 6.600000
v 36.557400 27.774401 6.600000
v 36.549999 28.000000 6.600000
v 39.895401 26.403400 6.600000
v 39.774399 24.557400 6.600000
v 40.000000 24.549999 6.600000
v 40.000000 26.400000 6.600000
v 38.400002 28.000000 6.600000
v 40.104599 26.403400 6.600000
v 40.225601 24.557400 6.600000
v 40.450298 24.579500 6.600000
v 38.403400 28.104601 6.600000
v 36.579498 28.450300 6.600000
v 36.557400 28.225599 6.600000
v 38.413700 28.208799 6.600000
v 40.208801 26.413700 6.600000
v 38.430698 28.312099 6.600000
v 36.667599 28.892900 6.600000
v 36.616299 28.673100 6.600000
v 40.312099 26.430700 6.600000
v 40.673100 24.616301 6.600000
v 40.892899 24.667601 6.600000
v 38.454498 28.414101 6.600000
v 40.414101 26.454500 6.600000
v 40.514301 26.484900 6.600000
v 41.109001 24.733101 6.600000
v 38.484901 28.514299 6.600000
v 36.733101 29.108999 6.600000
v 40.612301 26.521799 6.600000
v 41.320301 24.812599 6.600000
v 38.521801 28.612301 6.600000
v 36.812599 29.320299 6.600000
v 40.707699 26.565001 6.600000
v 41.525902 24.905800 6.600000
v 41.724998 25.012199 6.600000
v 38.564999 28.707701 6.600000
v 37.012199 29.725000 6.600000
v 36.905800 29.525900 6.600000
v 38.614399 28.799999 6.600000
v 40.799999 26.614401 6.600000
v 40.888901 26.669600 6.600000
v 41.916698 25.131399 6.600000
v 42.100201 25.262899 6.600000
v 38.669601 28.888901 6.600000
v 37.262901 30.100201 6.600000
v 37.131401 29.916700 6.600000
v 40.973999 26.730600 6.600000
v 42.274700 25.406200 6.600000
v 38.730598 28.974001 6.600000
v 37.406200 30.274700 6.600000
v 41.055000 26.797100 6.600000
v 38.797100 29.055000 6.600000
v 38.868599 29.131399 6.600000
v 41.131401 26.868601 6.600000
v 42.439499 25.560499 6.600000
v 37.560501 30.439501 6.600000
v 42.593800 25.725300 6.600000
v 41.269402 27.025999 6.600000
v 41.202900 26.945000 6.600000
v 37.725300 30.593800 6.600000
v 38.945000 29.202900 6.600000
v 39.026001 29.269400 6.600000
v 42.737099 25.899799 6.600000
v 41.330399 27.111099 6.600000
v 37.899799 30.737101 6.600000
v 39.111099 29.330400 6.600000
v 42.868599 26.083300 6.600000
v 38.083302 30.868601 6.600000
v 42.987801 26.275000 6.600000
v 41.435001 27.292299 6.600000
v 41.385601 27.200001 6.600000
v 38.275002 30.987801 6.600000
v 39.200001 29.385599 6.600000
v 39.292301 29.434999 6.600000
v 38.474098 31.094200 6.600000
v 43.094200 26.474100 6.600000
v 38.679699 31.187401 6.600000
v 39.387699 29.478201 6.600000
v 43.187401 26.679701 6.600000
v 41.478199 27.387699 6.600000
v 38.890999 31.266899 6.600000
v 39.485699 29.515100 6.600000
v 43.266899 26.891001 6.600000
v 41.515099 27.485701 6.600000
v 39.107101 31.332399 6.600000
v 39.585899 29.545500 6.600000
v 39.687901 29.569300 6.600000
v 43.332401 27.107100 6.600000
v 41.569302 27.687901 6.600000
v 41.545502 27.585899 6.600000
v 39.326900 31.383699 6.600000
v 43.383701 27.326900 6.600000
v 39.549702 31.420500 6.600000
v 39.791199 29.586300 6.600000
v 39.895401 29.596600 6.600000
v 43.420502 27.549700 6.600000
v 41.596600 27.895399 6.600000
v 41.586300 27.791201 6.600000
v 39.774399 31.442600 6.600000
v 43.442600 27.774401 6.600000
v 40.000000 31.450001 6.600000
v 40.000000 29.600000 6.600000
v 40.104599 29.596600 6.600000
v 43.450001 28.000000 6.600000
v 41.596600 28.104601 6.600000
v 41.599998 28.000000 6.600000
v 43.442600 28.225599 6.600000
v 40.225601 31.442600 6.600000
v 40.450298 31.420500 6.600000
v 40.208801 29.586300 6.600000
v 40.312099 29.569300 6.600000
v 43.420502 28.450300 6.600000
v 41.569302 28.312099 6.600000
v 41.586300 28.208799 6.600000
v 40.673100 31.383699 6.600000
v 43.383701 28.673100 6.600000
v 40.892899 31.332399 6.600000
v 40.414101 29.545500 6.600000
v 40.514301 29.515100 6.600000
v 43.332401 28.892900 6.600000
v 41.515099 28.514299 6.600000
v 41.545502 28.414101 6.600000
v 43.266899 29.108999 6.600000
v 41.478199 28.612301 6.600000
v 41.109001 31.266899 6.600000
v 40.612301 29.478201 6.600000
v 43.187401 29.320299 6.600000
v 41.435001 28.707701 6.600000
v 41.320301 31.187401 6.600000
v 40.707699 29.434999 6.600000
v 43.094200 29.525900 6.600000
v 41.525902 31.094200 6.600000
v 41.724998 30.987801 6.600000
v 40.799999 29.385599 6.600000
v 40.888901 29.330400 6.600000
v 42.987801 29.725000 6.600000
v 41.385601 28.799999 6.600000
v 42.868599 29.916700 6.600000
v 41.916698 30.868601 6.600000
v 42.737099 30.100201 6.600000
v 42.100201 30.737101 6.600000
v 40.973999 29.269400 6.600000
v 42.593800 30.274700 6.600000
v 41.131401 29.131399 6.600000
v 41.202900 29.055000 6.600000
v 42.274700 30.593800 6.600000
v 41.055000 29.202900 6.600000
v 42.439499 30.439501 6.600000
v 41.435001 28.707701 2.300000
v 41.478199 28.612301 2.300000
v 41.515099 28.514299 2.300000
v 41.586300 28.208799 2.300000
v 41.596600 28.104601 2.300000
v 41.586300 27.791201 2.300000
v 41.569302 27.687901 2.300000
v 41.545502 27.585899 2.300000
v 41.515099 27.485701 2.300000
v 41.478199 27.387699 2.300000
v 41.435001 27.292299 2.300000
v 41.385601 27.200001 2.300000
v 41.269402 27.025999 2.300000
v 41.202900 26.945000 2.300000
v 53.799999 -41.799999 0.000000
v -53.799999 -41.799999 0.000000
v -40.888901 -29.330400 2.300000
v -40.973999 -29.269400 2.300000
v -38.400002 -28.000000 2.300000
v -40.208801 -29.586300 2.300000
v -40.312099 -29.569300 2.300000
v -39.585899 -29.545500 2.300000
v -39.687901 -29.569300 2.300000
v -41.131401 -29.131399 2.300000
v -41.202900 -29.055000 2.300000
v -39.387699 -29.478201 2.300000
v -39.485699 -29.515100 2.300000
v -40.208801 -26.413700 2.300000
v -40.104599 -26.403400 2.300000
v -40.312099 -26.430700 2.300000
v -41.515099 -28.514299 2.300000
v -41.545502 -28.414101 2.300000
v -41.435001 -27.292299 2.300000
v -41.385601 -27.200001 2.300000
v -39.111099 -26.669600 2.300000
v -39.026001 -26.730600 2.300000
v -40.104599 -29.596600 2.300000
v -40.799999 -29.385599 2.300000
v -39.895401 -29.596600 2.300000
v -40.000000 -29.600000 2.300000
v -40.707699 -29.434999 2.300000
v -39.895401 -26.403400 2.300000
v -39.791199 -26.413700 2.300000
v -40.612301 -26.521799 2.300000
v -40.514301 -26.484900 2.300000
v -40.000000 -26.400000 2.300000
v -38.614399 -27.200001 2.300000
v -41.596600 -28.104601 2.300000
v -41.599998 -28.000000 2.300000
v -38.430698 -27.687901 2.300000
v -39.111099 -29.330400 2.300000
v -39.200001 -29.385599 2.300000
v -41.330399 -27.111099 2.300000
v -41.269402 -27.025999 2.300000
v -41.515099 -27.485701 2.300000
v -41.478199 -27.387699 2.300000
v -40.973999 -26.730600 2.300000
v -40.888901 -26.669600 2.300000
v -41.055000 -29.202900 2.300000
v -40.707699 -26.565001 2.300000
v -41.131401 -26.868601 2.300000
v -41.055000 -26.797100 2.300000
v -39.791199 -29.586300 2.300000
v -41.586300 -27.791201 2.300000
v -41.569302 -27.687901 2.300000
v -38.945000 -26.797100 2.300000
v -38.868599 -26.868601 2.300000
v -39.200001 -26.614401 2.300000
v -39.687901 -26.430700 2.300000
v -38.484901 -28.514299 2.300000
v -40.414101 -29.545500 2.300000
v -40.514301 -29.515100 2.300000
v -38.945000 -29.202900 2.300000
v -39.026001 -29.269400 2.300000
v -40.414101 -26.454500 2.300000
v -39.485699 -26.484900 2.300000
v -39.387699 -26.521799 2.300000
v -39.292301 -26.565001 2.300000
v -41.330399 -28.888901 2.300000
v -41.385601 -28.799999 2.300000
v -41.269402 -28.974001 2.300000
v -39.585899 -26.454500 2.300000
v -41.545502 -27.585899 2.300000
v -40.612301 -29.478201 2.300000
v -41.478199 -28.612301 2.300000
v -41.435001 -28.707701 2.300000
v -41.586300 -28.208799 2.300000
v -41.569302 -28.312099 2.300000
v -41.596600 -27.895399 2.300000
v -39.292301 -29.434999 2.300000
v -41.202900 -26.945000 2.300000
v -40.799999 -26.614401 2.300000
v -38.614399 -28.799999 2.300000
v 38.797100 -29.055000 2.300000
v 38.868599 -29.131399 2.300000
v 38.945000 -29.202900 2.300000
v 38.614399 -28.799999 2.300000
v 38.669601 -28.888901 2.300000
v 38.730598 -28.974001 2.300000
v 39.200001 -29.385599 2.300000
v 39.026001 -29.269400 2.300000
v 39.111099 -29.330400 2.300000
v 39.387699 -29.478201 2.300000
v 39.292301 -29.434999 2.300000
v 38.521801 -28.612301 2.300000
v 38.564999 -28.707701 2.300000
v 39.791199 -29.586300 2.300000
v 39.485699 -29.515100 2.300000
v 39.585899 -29.545500 2.300000
v 39.687901 -29.569300 2.300000
v 38.413700 -28.208799 2.300000
v 38.430698 -28.312099 2.300000
v 38.454498 -28.414101 2.300000
v 38.484901 -28.514299 2.300000
v 40.000000 -29.600000 2.300000
v 39.895401 -29.596600 2.300000
v 38.400002 -28.000000 2.300000
v 38.403400 -28.104601 2.300000
v 38.413700 -27.791201 2.300000
v 38.403400 -27.895399 2.300000
v 40.208801 -29.586300 2.300000
v 40.104599 -29.596600 2.300000
v 38.454498 -27.585899 2.300000
v 38.430698 -27.687901 2.300000
v 40.414101 -29.545500 2.300000
v 40.312099 -29.569300 2.300000
v 38.484901 -27.485701 2.300000
v 40.514301 -29.515100 2.300000
v 40.612301 -29.478201 2.300000
v 38.521801 -27.387699 2.300000
v 38.614399 -27.200001 2.300000
v 38.564999 -27.292299 2.300000
v 40.799999 -29.385599 2.300000
v 40.707699 -29.434999 2.300000
v 38.730598 -27.025999 2.300000
v 38.669601 -27.111099 2.300000
v 40.973999 -29.269400 2.300000
v 40.888901 -29.330400 2.300000
v 38.797100 -26.945000 2.300000
v 41.055000 -29.202900 2.300000
v 38.945000 -26.797100 2.300000
v 38.868599 -26.868601 2.300000
v 39.200001 -26.614401 2.300000
v 39.111099 -26.669600 2.300000
v 39.026001 -26.730600 2.300000
v 41.385601 -28.799999 2.300000
v 39.387699 -26.521799 2.300000
v 39.292301 -26.565001 2.300000
v 39.791199 -26.413700 2.300000
v 39.687901 -26.430700 2.300000
v 39.585899 -26.454500 2.300000
v 39.485699 -26.484900 2.300000
v 41.515099 -28.514299 2.300000
v 41.599998 -28.000000 2.300000
v 40.000000 -26.400000 2.300000
v 39.895401 -26.403400 2.300000
v 40.208801 -26.413700 2.300000
v 40.104599 -26.403400 2.300000
v 40.414101 -26.454500 2.300000
v 40.312099 -26.430700 2.300000
v 41.569302 -27.687901 2.300000
v 40.514301 -26.484900 2.300000
v 41.478199 -27.387699 2.300000
v 40.612301 -26.521799 2.300000
v 40.799999 -26.614401 2.300000
v 40.707699 -26.565001 2.300000
v 41.385601 -27.200001 2.300000
v 41.435001 -27.292299 2.300000
v 40.973999 -26.730600 2.300000
v 40.888901 -26.669600 2.300000
v 41.055000 -26.797100 2.300000
v 41.131401 -26.868601 2.300000
v -41.055000 26.797100 2.300000
v -41.202900 26.945000 2.300000
v -41.131401 26.868601 2.300000
v -41.385601 27.200001 2.300000
v -41.330399 27.111099 2.300000
v -41.269402 27.025999 2.300000
v -40.799999 26.614401 2.300000
v -40.973999 26.730600 2.300000
v -40.888901 26.669600 2.300000
v -40.612301 26.521799 2.300000
v -40.707699 26.565001 2.300000
v -41.478199 27.387699 2.300000
v -41.435001 27.292299 2.300000
v -40.208801 26.413700 2.300000
v -40.514301 26.484900 2.300000
v -40.414101 26.454500 2.300000
v -40.312099 26.430700 2.300000
v -41.586300 27.791201 2.300000
v -41.569302 27.687901 2.300000
v -41.545502 27.585899 2.300000
v -41.515099 27.485701 2.300000
v -40.000000 26.400000 2.300000
v -40.104599 26.403400 2.300000
v -41.599998 28.000000 2.300000
v -41.596600 27.895399 2.300000
v -41.586300 28.208799 2.300000
v -41.596600 28.104601 2.300000
v -39.791199 26.413700 2.300000
v -39.895401 26.403400 2.300000
v -41.545502 28.414101 2.300000
v -41.569302 28.312099 2.300000
v -39.585899 26.454500 2.300000
v -39.687901 26.430700 2.300000
v -41.515099 28.514299 2.300000
v -39.485699 26.484900 2.300000
v -39.387699 26.521799 2.300000
v -41.478199 28.612301 2.300000
v -41.385601 28.799999 2.300000
v -41.435001 28.707701 2.300000
v -39.200001 26.614401 2.300000
v -39.292301 26.565001 2.300000
v -41.269402 28.974001 2.300000
v -41.330399 28.888901 2.300000
v -39.026001 26.730600 2.300000
v -39.111099 26.669600 2.300000
v -41.202900 29.055000 2.300000
v -38.945000 26.797100 2.300000
v -41.055000 29.202900 2.300000
v -41.131401 29.131399 2.300000
v -38.868599 26.868601 2.300000
v -40.799999 29.385599 2.300000
v -40.888901 29.330400 2.300000
v -40.973999 29.269400 2.300000
v -38.669601 27.111099 2.300000
v -40.612301 29.478201 2.300000
v -40.707699 29.434999 2.300000
v -40.208801 29.586300 2.300000
v -40.312099 29.569300 2.300000
v -40.414101 29.545500 2.300000
v -40.514301 29.515100 2.300000
v -38.400002 28.000000 2.300000
v -38.403400 27.895399 2.300000
v -40.000000 29.600000 2.300000
v -40.104599 29.596600 2.300000
v -39.791199 29.586300 2.300000
v -39.895401 29.596600 2.300000
v -39.585899 29.545500 2.300000
v -39.687901 29.569300 2.300000
v -38.454498 28.414101 2.300000
v -38.430698 28.312099 2.300000
v -39.485699 29.515100 2.300000
v -39.387699 29.478201 2.300000
v -39.200001 29.385599 2.300000
v -39.292301 29.434999 2.300000
v -38.614399 28.799999 2.300000
v -39.026001 29.269400 2.300000
v -39.111099 29.330400 2.300000
v -38.797100 29.055000 2.300000
v -38.945000 29.202900 2.300000
v -38.868599 29.131399 2.300000
v 38.945000 26.797100 2.300000
v 38.797100 26.945000 2.300000
v 38.868599 26.868601 2.300000
v 38.614399 27.200001 2.300000
v 38.669601 27.111099 2.300000
v 38.730598 27.025999 2.300000
v 39.200001 26.614401 2.300000
v 39.026001 26.730600 2.300000
v 39.111099 26.669600 2.300000
v 39.387699 26.521799 2.300000
v 39.292301 26.565001 2.300000
v 38.521801 27.387699 2.300000
v 38.564999 27.292299 2.300000
v 39.791199 26.413700 2.300000
v 39.485699 26.484900 2.300000
v 39.585899 26.454500 2.300000
v 39.687901 26.430700 2.300000
v 38.413700 27.791201 2.300000
v 38.430698 27.687901 2.300000
v 38.454498 27.585899 2.300000
v 38.484901 27.485701 2.300000
v 40.000000 26.400000 2.300000
v 39.895401 26.403400 2.300000
v 38.400002 28.000000 2.300000
v 38.403400 27.895399 2.300000
v 38.413700 28.208799 2.300000
v 38.403400 28.104601 2.300000
v 40.208801 26.413700 2.300000
v 40.104599 26.403400 2.300000
v 38.454498 28.414101 2.300000
v 38.430698 28.312099 2.300000
v 40.414101 26.454500 2.300000
v 40.312099 26.430700 2.300000
v 38.484901 28.514299 2.300000
v 40.514301 26.484900 2.300000
v 40.612301 26.521799 2.300000
v 38.521801 28.612301 2.300000
v 38.614399 28.799999 2.300000
v 38.564999 28.707701 2.300000
v 40.799999 26.614401 2.300000
v 40.707699 26.565001 2.300000
v 38.730598 28.974001 2.300000
v 38.669601 28.888901 2.300000
v 40.973999 26.730600 2.300000
v 40.888901 26.669600 2.300000
v 38.797100 29.055000 2.300000
v 41.055000 26.797100 2.300000
v 38.945000 29.202900 2.300000
v 38.868599 29.131399 2.300000
v 41.131401 26.868601 2.300000
v 39.200001 29.385599 2.300000
v 39.111099 29.330400 2.300000
v 39.026001 29.269400 2.300000
v 41.330399 27.111099 2.300000
v 39.387699 29.478201 2.300000
v 39.292301 29.434999 2.300000
v 39.791199 29.586300 2.300000
v 39.687901 29.569300 2.300000
v 39.585899 29.545500 2.300000
v 39.485699 29.515100 2.300000
v 41.599998 28.000000 2.300000
v 41.596600 27.895399 2.300000
v 40.000000 29.600000 2.300000
v 39.895401 29.596600 2.300000
v 40.208801 29.586300 2.300000
v 40.104599 29.596600 2.300000
v 40.414101 29.545500 2.300000
v 40.312099 29.569300 2.300000
v 41.545502 28.414101 2.300000
v 41.569302 28.312099 2.300000
v 40.514301 29.515100 2.300000
v 40.612301 29.478201 2.300000
v 40.799999 29.385599 2.300000
v 40.707699 29.434999 2.300000
v 41.385601 28.799999 2.300000
v 40.973999 29.269400 2.300000
v 40.888901 29.330400 2.300000
v 41.202900 29.055000 2.300000
v 41.055000 29.202900 2.300000
v 41.131401 29.131399 2.300000
vn -0.0000 1.0000 -0.0000
vn -0.0000 -0.0000 1.0000
vn -0.0000 -1.0000 -0.0000
vn -0.7729 -0.6346 -0.0000
vn -0.7729 -0.6345 -0.0000
vn -0.8128 -0.5826 -0.0000
vn -0.8128 -0.5825 -0.0000
vn -0.9110 -0.4125 -0.0000
vn -0.9569 -0.2903 -0.0000
vn -0.9569 -0.2904 -0.0000
vn -0.9951 -0.0984 -0.0000
vn -0.9952 -0.0984 -0.0000
vn -0.9952 0.0984 -0.0000
vn -0.9951 0.0984 -0.0000
vn -0.9867 0.1624 -0.0000
vn -0.9738 0.2272 -0.0000
vn -0.9738 0.2273 -0.0000
vn -0.9110 0.4125 -0.0000
vn -0.8128 0.5825 -0.0000
vn -0.8128 0.5826 -0.0000
vn -0.7302 0.6833 -0.0000
vn -0.7301 0.6833 -0.0000
vn -0.2901 -0.9570 -0.0000
vn 0.9359 -0.3521 -0.0000
vn 0.9952 -0.0979 -0.0000
vn 0.8128 -0.5825 -0.0000
vn 0.9108 -0.4129 -0.0000
vn 0.1630 0.9866 -0.0000
vn 0.0328 0.9995 -0.0000
vn 0.0328 -0.9995 -0.0000
vn -0.3521 0.9359 -0.0000
vn -0.5280 0.8492 -0.0000
vn 0.7728 0.6346 -0.0000
vn 0.6835 0.7300 -0.0000
vn -0.2273 0.9738 -0.0000
vn 0.1630 -0.9866 -0.0000
vn -0.0979 0.9952 -0.0000
vn 0.5280 -0.8492 -0.0000
vn 0.3521 -0.9360 -0.0000
vn 0.6346 0.7728 -0.0000
vn -0.4129 0.9108 -0.0000
vn 0.5280 0.8492 -0.0000
vn 0.6346 -0.7728 -0.0000
vn -0.6835 0.7300 -0.0000
vn 0.8128 0.5825 -0.0000
vn -0.5280 -0.8492 -0.0000
vn 0.2273 -0.9738 -0.0000
vn 0.7300 -0.6835 -0.0000
vn -0.0979 -0.9952 -0.0000
vn 0.9866 -0.1630 -0.0000
vn 0.3521 0.9359 -0.0000
vn 0.9738 0.2273 -0.0000
vn 0.9359 0.3521 -0.0000
vn 0.9866 0.1630 -0.0000
vn 0.9952 0.0979 -0.0000
vn 0.3521 -0.9359 -0.0000
vn -0.9358 -0.3524 -0.0000
vn -0.9359 -0.3524 -0.0000
vn -0.9569 0.2904 -0.0000
vn -0.9569 0.2903 -0.0000
vn -0.8816 0.4719 -0.0000
vn -0.8817 0.4719 -0.0000
vn -0.7729 0.6345 -0.0000
vn -0.7729 0.6346 -0.0000
vn -0.5825 -0.8128 -0.0000
vn -0.1630 -0.9866 -0.0000
vn 0.0979 0.9952 -0.0000
vn 0.9570 0.2901 -0.0000
vn -0.0328 0.9995 -0.0000
vn 0.7728 -0.6346 -0.0000
vn -0.4713 -0.8820 -0.0000
vn 0.8492 0.5280 -0.0000
vn 0.8492 0.5281 -0.0000
vn -0.3521 -0.9359 -0.0000
vn -0.3521 -0.9360 -0.0000
vn -0.5825 0.8128 -0.0000
vn -0.0328 -0.9995 -0.0000
vn 0.0979 -0.9952 -0.0000
vn 0.4713 0.8820 -0.0000
vn -0.4713 0.8820 -0.0000
vn 0.2273 0.9738 -0.0000
vn 0.2901 -0.9570 -0.0000
vn 0.4129 -0.9108 -0.0000
vn 0.8820 -0.4713 -0.0000
vn 0.9570 0.2900 -0.0000
vn -1.0000 -0.0000 -0.0000
vn 1.0000 -0.0000 -0.0000
vn -0.0000 -0.0000 -1.0000
vn 0.9995 0.0328 -0.0000
vn -0.8820 -0.4713 -0.0000
vn -0.8820 0.4713 -0.0000
vn 0.2901 0.9570 -0.0000
vn -0.9359 -0.3521 -0.0000
vn -0.9995 0.0328 -0.0000
vn -0.9570 -0.2900 -0.0000
vn -0.9570 -0.2901 -0.0000
vn -0.9108 -0.4129 -0.0000
vn -0.9952 -0.0979 -0.0000
vn -0.9108 0.4129 -0.0000
vn 0.7300 0.6835 -0.0000
vn 0.8820 0.4713 -0.0000
vn -0.9359 0.3521 -0.0000
vn 0.4713 -0.8820 -0.0000
vn -0.7300 -0.6835 -0.0000
vn -0.7300 0.6835 -0.0000
vn 0.9108 0.4129 -0.0000
vn -0.1630 0.9866 -0.0000
vn -0.9866 -0.1630 -0.0000
vn -0.7728 -0.6346 -0.0000
vn 0.5825 0.8128 -0.0000
vn 0.4129 0.9108 -0.0000
vn 0.9570 -0.2901 -0.0000
vn -0.2273 -0.9738 -0.0000
vn -0.9952 0.0979 -0.0000
vn -0.6346 -0.7728 -0.0000
vn -0.7728 0.6346 -0.0000
vn -0.9866 0.1630 -0.0000
vn -0.9738 -0.2273 -0.0000
vn -0.8492 -0.5281 -0.0000
vn -0.8492 -0.5280 -0.0000
vn 0.9738 -0.2273 -0.0000
vn -0.9995 -0.0328 -0.0000
vn 0.6835 -0.7300 -0.0000
vn 0.9995 -0.0328 -0.0000
vn -0.2901 0.9570 -0.0000
vn -0.8492 0.5280 -0.0000
vn -0.8492 0.5281 -0.0000
vn 0.8492 -0.5281 -0.0000
vn 0.8492 -0.5280 -0.0000
vn -0.9570 0.2901 -0.0000
vn -0.9570 0.2900 -0.0000
vn -0.6835 -0.7300 -0.0000
vn -0.6346 0.7728 -0.0000
vn -0.4129 -0.9108 -0.0000
vn 0.5825 -0.8128 -0.0000
vn 0.9570 -0.2900 -0.0000
vn 0.5826 0.8128 -0.0000
vn 0.5826 0.8127 -0.0000
vn -0.9995 -0.0324 -0.0000
vn -0.9995 -0.0326 -0.0000
vn 0.1624 0.9867 -0.0000
vn -0.2272 0.9738 -0.0000
vn 0.7301 0.6833 -0.0000
vn 0.7302 0.6833 -0.0000
vn -0.3524 0.9359 -0.0000
vn 0.0984 -0.9952 -0.0000
vn 0.1624 -0.9867 -0.0000
vn 0.9569 0.2903 -0.0000
vn 0.9569 0.2904 -0.0000
vn 0.8816 -0.4719 -0.0000
vn 0.8817 -0.4719 -0.0000
vn -0.5826 -0.8128 -0.0000
vn -0.5826 -0.8127 -0.0000
vn 0.0984 0.9952 -0.0000
vn 0.5275 0.8496 -0.0000
vn -0.0325 0.9995 -0.0000
vn 0.4719 0.8817 -0.0000
vn -0.0984 -0.9952 -0.0000
vn 0.3524 -0.9359 -0.0000
vn 0.0325 -0.9995 -0.0000
vn -0.8495 -0.5276 -0.0000
vn -0.8495 -0.5275 -0.0000
vn 0.9995 0.0324 -0.0000
vn 0.9995 0.0326 -0.0000
vn -0.9738 -0.2272 -0.0000
vn -0.5275 0.8496 -0.0000
vn 0.8128 -0.5826 -0.0000
vn 0.9359 -0.3524 -0.0000
vn 0.9358 -0.3524 -0.0000
vn 0.5826 -0.8127 -0.0000
vn 0.5826 -0.8128 -0.0000
vn 0.6833 0.7301 -0.0000
vn 0.4125 -0.9109 -0.0000
vn 0.6833 -0.7301 -0.0000
vn -0.1624 0.9867 -0.0000
vn -0.0984 0.9952 -0.0000
vn -0.8817 -0.4719 -0.0000
vn -0.8816 -0.4719 -0.0000
vn 0.9867 -0.1624 -0.0000
vn 0.6345 0.7729 -0.0000
vn -0.6833 -0.7301 -0.0000
vn -0.5275 -0.8496 -0.0000
vn -0.1624 -0.9867 -0.0000
vn -0.6345 -0.7729 -0.0000
vn 0.2903 0.9569 -0.0000
vn -0.6345 0.7729 -0.0000
vn 0.2903 -0.9569 -0.0000
vn -0.3524 -0.9359 -0.0000
vn -0.4125 -0.9109 -0.0000
vn 0.8495 0.5276 -0.0000
vn 0.8495 0.5275 -0.0000
vn 0.2272 0.9738 -0.0000
vn 0.8128 0.5826 -0.0000
vn -0.2903 -0.9569 -0.0000
vn 0.9738 -0.2272 -0.0000
vn 0.7302 -0.6833 -0.0000
vn 0.7301 -0.6833 -0.0000
vn -0.9995 0.0326 -0.0000
vn -0.9995 0.0324 -0.0000
vn 0.9358 0.3524 -0.0000
vn 0.9359 0.3524 -0.0000
vn 0.8495 -0.5275 -0.0000
vn 0.8495 -0.5276 -0.0000
vn -0.4719 -0.8817 -0.0000
vn 0.9110 -0.4125 -0.0000
vn -0.9359 0.3524 -0.0000
vn -0.9358 0.3524 -0.0000
vn -0.4125 0.9109 -0.0000
vn 0.9951 0.0984 -0.0000
vn 0.9952 0.0984 -0.0000
vn -0.2903 0.9569 -0.0000
vn 0.6345 -0.7729 -0.0000
vn 0.9867 0.1624 -0.0000
vn -0.5826 0.8127 -0.0000
vn -0.5826 0.8128 -0.0000
vn -0.0325 -0.9995 -0.0000
vn -0.4719 0.8817 -0.0000
vn -0.9867 -0.1624 -0.0000
vn 0.2272 -0.9738 -0.0000
vn -0.8495 0.5275 -0.0000
vn -0.8495 0.5276 -0.0000
vn 0.9110 0.4125 -0.0000
vn 0.5275 -0.8496 -0.0000
vn 0.7729 0.6346 -0.0000
vn 0.7729 0.6345 -0.0000
vn 0.9995 -0.0326 -0.0000
vn 0.9995 -0.0324 -0.0000
vn 0.4719 -0.8817 -0.0000
vn 0.0325 0.9995 -0.0000
vn -0.6833 0.7301 -0.0000
vn 0.9569 -0.2904 -0.0000
vn 0.9569 -0.2903 -0.0000
vn -0.7301 -0.6833 -0.0000
vn -0.7302 -0.6833 -0.0000
vn 0.3524 0.9359 -0.0000
vn 0.4125 0.9109 -0.0000
vn 0.7729 -0.6345 -0.0000
vn 0.7729 -0.6346 -0.0000
vn 0.9738 0.2272 -0.0000
vn 0.9952 -0.0984 -0.0000
vn 0.9951 -0.0984 -0.0000
vn 0.8817 0.4719 -0.0000
vn 0.8816 0.4719 -0.0000
vn -0.2272 -0.9738 -0.0000
s 0
usemtl tray_pc
f 1//1 2//1 3//1
f 4//1 1//1 3//1
f 5//1 6//1 7//1
f 5//1 8//1 6//1
f 8//1 2//1 1//1
f 8//1 1//1 6//1
f 3//1 5//1 7//1
f 3//1 7//1 4//1
f 9//2 3//2 10//2
f 9//2 10//2 11//2
f 12//2 10//2 13//2
f 12//2 11//2 10//2
f 5//2 14//2 12//2
f 5//2 12//2 13//2
f 5//2 3//2 9//2
f 5//2 9//2 14//2
f 15//3 9//3 16//3
f 15//3 17//3 9//3
f 14//3 18//3 19//3
f 20//3 14//3 19//3
f 16//3 20//3 19//3
f 16//3 19//3 15//3
f 14//3 9//3 17//3
f 14//3 17//3 18//3
f 21//2 22//2 23//2
f 24//2 23//2 22//2
f 25//2 24//2 22//2
f 26//2 22//2 21//2
f 27//2 22//2 26//2
f 28//2 25//2 22//2
f 29//2 22//2 27//2
f 30//2 28//2 22//2
f 31//2 30//2 22//2
f 32//2 22//2 29//2
f 33//2 31//2 22//2
f 34//2 22//2 32//2
f 35//2 33//2 22//2
f 36//2 22//2 34//2
f 37//2 22//2 36//2
f 38//2 35//2 22//2
f 39//2 22//2 37//2
f 40//2 38//2 22//2
f 41//2 22//2 39//2
f 42//2 40//2 22//2
f 43//2 42//2 22//2
f 44//2 22//2 41//2
f 45//2 43//2 22//2
f 46//2 22//2 44//2
f 47//2 22//2 46//2
f 48//2 45//2 22//2
f 49//2 22//2 47//2
f 50//2 48//2 22//2
f 51//2 22//2 49//2
f 52//2 50//2 22//2
f 53//2 22//2 51//2
f 54//2 52//2 22//2
f 55//2 22//2 53//2
f 56//2 54//2 22//2
f 57//2 22//2 55//2
f 58//2 56//2 22//2
f 59//2 22//2 57//2
f 60//2 58//2 22//2
f 61//2 62//2 63//2
f 61//2 63//2 64//2
f 65//2 63//2 66//2
f 65//2 64//2 63//2
f 67//2 65//2 66//2
f 67//2 66//2 68//2
f 69//2 70//2 71//2
f 69//2 71//2 62//2
f 69//2 62//2 61//2
f 72//2 70//2 69//2
f 73//2 68//2 74//2
f 73//2 67//2 68//2
f 75//2 76//2 70//2
f 75//2 70//2 72//2
f 77//2 74//2 78//2
f 77//2 78//2 79//2
f 77//2 73//2 74//2
f 80//2 79//2 81//2
f 80//2 77//2 79//2
f 82//2 59//2 76//2
f 82//2 22//2 59//2
f 82//2 76//2 75//2
f 83//2 80//2 81//2
f 84//2 83//2 81//2
f 84//2 81//2 85//2
f 84//2 85//2 86//2
f 87//2 84//2 86//2
f 88//2 87//2 86//2
f 88//2 86//2 89//2
f 90//2 89//2 91//2
f 90//2 88//2 89//2
f 92//2 90//2 91//2
f 92//2 91//2 93//2
f 94//2 93//2 95//2
f 94//2 92//2 93//2
f 96//2 94//2 95//2
f 96//2 95//2 97//2
f 98//2 97//2 99//2
f 98//2 96//2 97//2
f 100//2 98//2 99//2
f 100//2 99//2 101//2
f 102//2 100//2 101//2
f 102//2 101//2 103//2
f 104//2 102//2 103//2
f 104//2 103//2 105//2
f 106//2 104//2 105//2
f 106//2 105//2 107//2
f 108//2 107//2 109//2
f 108//2 109//2 110//2
f 108//2 106//2 107//2
f 111//2 108//2 110//2
f 112//2 111//2 110//2
f 112//2 110//2 113//2
f 114//2 112//2 113//2
f 114//2 113//2 115//2
f 116//2 114//2 115//2
f 116//2 115//2 117//2
f 118//2 116//2 117//2
f 118//2 117//2 119//2
f 16//2 22//2 82//2
f 16//2 82//2 120//2
f 16//2 120//2 121//2
f 16//2 121//2 122//2
f 16//2 122//2 123//2
f 16//2 123//2 124//2
f 16//2 124//2 125//2
f 16//2 125//2 126//2
f 16//2 126//2 127//2
f 16//2 127//2 128//2
f 16//2 128//2 129//2
f 16//2 129//2 130//2
f 16//2 130//2 131//2
f 16//2 131//2 132//2
f 16//2 132//2 133//2
f 16//2 133//2 134//2
f 16//2 134//2 135//2
f 16//2 135//2 136//2
f 16//2 136//2 137//2
f 138//2 16//2 137//2
f 139//2 119//2 140//2
f 139//2 118//2 119//2
f 141//2 16//2 138//2
f 142//2 139//2 140//2
f 142//2 140//2 143//2
f 144//2 16//2 141//2
f 145//2 142//2 143//2
f 145//2 143//2 146//2
f 147//2 16//2 144//2
f 148//2 16//2 147//2
f 149//2 16//2 148//2
f 150//2 16//2 149//2
f 151//2 16//2 150//2
f 152//2 16//2 151//2
f 153//2 16//2 152//2
f 154//2 16//2 153//2
f 155//2 16//2 154//2
f 156//2 16//2 155//2
f 157//2 16//2 156//2
f 158//2 16//2 157//2
f 159//2 16//2 158//2
f 160//2 16//2 159//2
f 161//2 16//2 160//2
f 162//2 16//2 161//2
f 163//2 16//2 162//2
f 164//2 165//2 166//2
f 164//2 166//2 167//2
f 168//2 166//2 165//2
f 168//2 169//2 166//2
f 170//2 164//2 167//2
f 170//2 167//2 171//2
f 172//2 169//2 168//2
f 172//2 173//2 169//2
f 174//2 170//2 171//2
f 174//2 171//2 175//2
f 174//2 175//2 176//2
f 177//2 173//2 172//2
f 177//2 178//2 173//2
f 179//2 178//2 177//2
f 179//2 180//2 178//2
f 181//2 174//2 176//2
f 182//2 181//2 176//2
f 182//2 176//2 60//2
f 183//2 180//2 179//2
f 183//2 184//2 180//2
f 185//2 186//2 187//2
f 185//2 187//2 184//2
f 185//2 184//2 183//2
f 188//2 186//2 185//2
f 188//2 189//2 186//2
f 190//2 189//2 188//2
f 191//2 189//2 190//2
f 191//2 192//2 189//2
f 193//2 194//2 192//2
f 193//2 192//2 191//2
f 195//2 194//2 193//2
f 195//2 196//2 194//2
f 197//2 196//2 195//2
f 197//2 198//2 196//2
f 199//2 198//2 197//2
f 199//2 200//2 201//2
f 199//2 201//2 198//2
f 202//2 200//2 199//2
f 203//2 200//2 202//2
f 203//2 204//2 200//2
f 205//2 206//2 207//2
f 205//2 207//2 204//2
f 205//2 204//2 203//2
f 208//2 206//2 205//2
f 209//2 206//2 208//2
f 209//2 210//2 211//2
f 209//2 211//2 206//2
f 212//2 210//2 209//2
f 213//2 210//2 212//2
f 213//2 214//2 210//2
f 215//2 214//2 213//2
f 215//2 146//2 214//2
f 216//2 60//2 22//2
f 216//2 217//2 218//2
f 216//2 218//2 219//2
f 216//2 219//2 220//2
f 216//2 220//2 221//2
f 216//2 221//2 222//2
f 216//2 222//2 223//2
f 216//2 223//2 224//2
f 216//2 224//2 225//2
f 216//2 225//2 226//2
f 216//2 226//2 227//2
f 216//2 227//2 228//2
f 216//2 228//2 229//2
f 216//2 229//2 230//2
f 216//2 230//2 231//2
f 216//2 231//2 232//2
f 216//2 182//2 60//2
f 216//2 232//2 233//2
f 216//2 233//2 234//2
f 216//2 234//2 235//2
f 216//2 235//2 182//2
f 236//2 217//2 216//2
f 237//2 236//2 216//2
f 238//2 237//2 216//2
f 239//2 238//2 216//2
f 240//2 239//2 216//2
f 241//2 240//2 216//2
f 242//2 241//2 216//2
f 243//2 242//2 216//2
f 244//2 243//2 216//2
f 245//2 244//2 216//2
f 246//2 245//2 216//2
f 247//2 246//2 216//2
f 248//2 247//2 216//2
f 249//2 248//2 216//2
f 250//2 249//2 216//2
f 251//2 250//2 216//2
f 252//2 251//2 216//2
f 253//2 252//2 216//2
f 254//2 253//2 216//2
f 255//2 256//2 257//2
f 255//2 257//2 258//2
f 259//2 258//2 260//2
f 259//2 255//2 258//2
f 261//2 262//2 256//2
f 261//2 256//2 255//2
f 263//2 260//2 264//2
f 263//2 259//2 260//2
f 265//2 262//2 261//2
f 266//2 215//2 262//2
f 266//2 145//2 146//2
f 266//2 146//2 215//2
f 266//2 262//2 265//2
f 267//2 263//2 264//2
f 268//2 145//2 266//2
f 268//2 269//2 145//2
f 270//2 267//2 264//2
f 270//2 264//2 271//2
f 272//2 271//2 273//2
f 272//2 270//2 271//2
f 274//2 269//2 268//2
f 274//2 275//2 269//2
f 276//2 272//2 273//2
f 276//2 273//2 277//2
f 278//2 275//2 274//2
f 278//2 279//2 275//2
f 280//2 276//2 277//2
f 280//2 277//2 281//2
f 282//2 283//2 279//2
f 282//2 279//2 278//2
f 284//2 285//2 286//2
f 284//2 286//2 283//2
f 284//2 283//2 282//2
f 287//2 281//2 288//2
f 287//2 280//2 281//2
f 289//2 285//2 284//2
f 289//2 290//2 285//2
f 291//2 288//2 292//2
f 291//2 287//2 288//2
f 293//2 290//2 289//2
f 294//2 292//2 295//2
f 294//2 295//2 296//2
f 294//2 291//2 292//2
f 297//2 294//2 296//2
f 297//2 296//2 298//2
f 299//2 300//2 290//2
f 299//2 290//2 293//2
f 301//2 300//2 299//2
f 301//2 302//2 300//2
f 303//2 297//2 298//2
f 304//2 302//2 301//2
f 304//2 305//2 302//2
f 306//2 298//2 307//2
f 306//2 307//2 308//2
f 306//2 303//2 298//2
f 309//2 305//2 304//2
f 309//2 310//2 305//2
f 311//2 306//2 308//2
f 312//2 310//2 309//2
f 312//2 313//2 310//2
f 314//2 311//2 308//2
f 314//2 308//2 315//2
f 316//2 313//2 312//2
f 316//2 317//2 318//2
f 316//2 318//2 313//2
f 319//2 315//2 320//2
f 319//2 314//2 315//2
f 321//2 317//2 316//2
f 322//2 320//2 323//2
f 322//2 319//2 320//2
f 324//2 317//2 321//2
f 324//2 325//2 326//2
f 324//2 326//2 317//2
f 327//2 322//2 323//2
f 327//2 323//2 328//2
f 327//2 328//2 329//2
f 330//2 325//2 324//2
f 331//2 327//2 329//2
f 331//2 329//2 332//2
f 333//2 331//2 332//2
f 333//2 332//2 334//2
f 335//2 325//2 330//2
f 335//2 336//2 325//2
f 337//2 334//2 338//2
f 337//2 333//2 334//2
f 339//2 336//2 335//2
f 339//2 340//2 336//2
f 341//2 337//2 338//2
f 341//2 338//2 342//2
f 343//2 340//2 339//2
f 343//2 344//2 340//2
f 345//2 344//2 343//2
f 345//2 346//2 344//2
f 347//2 341//2 342//2
f 348//2 347//2 342//2
f 348//2 342//2 349//2
f 348//2 349//2 350//2
f 351//2 346//2 345//2
f 351//2 352//2 346//2
f 353//2 352//2 351//2
f 353//2 354//2 352//2
f 355//2 348//2 350//2
f 355//2 350//2 356//2
f 357//2 355//2 356//2
f 358//2 354//2 353//2
f 358//2 359//2 354//2
f 360//2 356//2 361//2
f 360//2 357//2 356//2
f 362//2 361//2 363//2
f 362//2 360//2 361//2
f 364//2 254//2 216//2
f 364//2 363//2 254//2
f 364//2 362//2 363//2
f 20//2 365//2 366//2
f 20//2 366//2 367//2
f 20//2 367//2 368//2
f 20//2 368//2 369//2
f 20//2 369//2 370//2
f 20//2 370//2 371//2
f 20//2 371//2 372//2
f 20//2 372//2 373//2
f 20//2 373//2 374//2
f 20//2 374//2 375//2
f 20//2 375//2 376//2
f 20//2 376//2 377//2
f 20//2 377//2 378//2
f 20//2 378//2 379//2
f 20//2 379//2 380//2
f 20//2 380//2 381//2
f 20//2 381//2 382//2
f 20//2 382//2 383//2
f 20//2 383//2 384//2
f 20//2 384//2 385//2
f 20//2 385//2 386//2
f 20//2 386//2 387//2
f 20//2 387//2 388//2
f 20//2 388//2 389//2
f 20//2 389//2 390//2
f 20//2 390//2 391//2
f 20//2 391//2 392//2
f 20//2 392//2 393//2
f 20//2 393//2 394//2
f 20//2 394//2 395//2
f 20//2 395//2 396//2
f 20//2 396//2 397//2
f 20//2 397//2 398//2
f 20//2 398//2 399//2
f 20//2 399//2 400//2
f 20//2 400//2 401//2
f 20//2 401//2 402//2
f 20//2 402//2 364//2
f 20//2 364//2 216//2
f 20//2 16//2 163//2
f 20//2 163//2 403//2
f 20//2 403//2 404//2
f 20//2 404//2 359//2
f 20//2 359//2 365//2
f 365//2 359//2 405//2
f 405//2 359//2 406//2
f 406//2 359//2 358//2
f 407//4 408//4 409//4
f 407//5 409//5 410//5
f 411//6 407//6 410//6
f 411//7 410//7 412//7
f 413//2 414//2 415//2
f 413//2 415//2 416//2
f 417//2 413//2 416//2
f 418//2 414//2 413//2
f 419//2 416//2 420//2
f 419//2 417//2 416//2
f 421//2 414//2 418//2
f 421//2 422//2 414//2
f 423//2 424//2 425//2
f 423//2 425//2 422//2
f 423//2 422//2 421//2
f 426//2 420//2 427//2
f 426//2 427//2 428//2
f 426//2 419//2 420//2
f 429//2 426//2 428//2
f 430//2 424//2 423//2
f 431//2 429//2 428//2
f 431//2 428//2 432//2
f 431//2 432//2 433//2
f 434//2 424//2 430//2
f 434//2 435//2 436//2
f 434//2 436//2 424//2
f 437//2 438//2 435//2
f 437//2 435//2 434//2
f 439//2 431//2 433//2
f 439//2 433//2 440//2
f 441//2 442//2 438//2
f 441//2 438//2 437//2
f 443//2 440//2 444//2
f 443//2 439//2 440//2
f 445//2 443//2 444//2
f 446//2 442//2 441//2
f 447//2 444//2 448//2
f 447//2 448//2 449//2
f 447//2 445//2 444//2
f 450//2 451//2 452//2
f 450//2 452//2 442//2
f 450//2 442//2 446//2
f 453//2 451//2 450//2
f 454//2 447//2 449//2
f 455//2 449//2 456//2
f 455//2 456//2 457//2
f 455//2 454//2 449//2
f 458//2 459//2 460//2
f 458//2 460//2 451//2
f 458//2 451//2 453//2
f 461//2 459//2 458//2
f 462//2 455//2 457//2
f 463//2 459//2 461//2
f 463//2 464//2 465//2
f 463//2 465//2 459//2
f 466//2 462//2 457//2
f 466//2 457//2 467//2
f 466//2 467//2 468//2
f 469//2 466//2 468//2
f 470//2 464//2 463//2
f 471//2 469//2 468//2
f 471//2 468//2 472//2
f 471//2 472//2 473//2
f 474//2 475//2 476//2
f 474//2 476//2 464//2
f 474//2 464//2 470//2
f 477//2 471//2 473//2
f 478//2 475//2 474//2
f 479//2 477//2 473//2
f 479//2 473//2 480//2
f 481//2 482//2 475//2
f 481//2 475//2 478//2
f 483//2 484//2 482//2
f 483//2 482//2 481//2
f 485//2 479//2 480//2
f 485//2 480//2 486//2
f 487//2 488//2 489//2
f 487//2 489//2 484//2
f 487//2 484//2 483//2
f 490//2 485//2 486//2
f 490//2 486//2 491//2
f 490//2 491//2 492//2
f 493//2 490//2 492//2
f 494//2 488//2 487//2
f 495//2 496//2 497//2
f 495//2 497//2 488//2
f 495//2 488//2 494//2
f 411//2 493//2 492//2
f 411//2 492//2 498//2
f 411//2 498//2 499//2
f 407//2 499//2 500//2
f 407//2 411//2 499//2
f 501//2 502//2 496//2
f 501//2 496//2 495//2
f 503//2 502//2 501//2
f 408//2 407//2 500//2
f 504//2 408//2 500//2
f 505//2 506//2 502//2
f 505//2 502//2 503//2
f 507//2 504//2 500//2
f 508//2 506//2 505//2
f 508//2 505//2 509//2
f 508//2 509//2 510//2
f 511//2 512//2 513//2
f 511//2 513//2 504//2
f 511//2 504//2 507//2
f 514//2 510//2 515//2
f 514//2 508//2 510//2
f 516//2 517//2 512//2
f 516//2 512//2 511//2
f 518//2 514//2 515//2
f 519//2 517//2 516//2
f 520//2 518//2 515//2
f 520//2 515//2 521//2
f 520//2 521//2 522//2
f 523//2 517//2 519//2
f 523//2 524//2 525//2
f 523//2 525//2 517//2
f 526//2 524//2 523//2
f 527//2 520//2 522//2
f 528//2 529//2 524//2
f 528//2 524//2 526//2
f 530//2 527//2 522//2
f 530//2 522//2 531//2
f 532//2 529//2 528//2
f 532//2 533//2 529//2
f 534//2 530//2 531//2
f 534//2 531//2 535//2
f 536//2 533//2 532//2
f 536//2 537//2 538//2
f 536//2 538//2 533//2
f 539//2 534//2 535//2
f 539//2 535//2 540//2
f 539//2 540//2 541//2
f 542//2 537//2 536//2
f 543//2 539//2 541//2
f 544//2 537//2 542//2
f 544//2 545//2 546//2
f 544//2 546//2 537//2
f 547//2 543//2 541//2
f 547//2 541//2 548//2
f 547//2 548//2 549//2
f 550//2 545//2 544//2
f 551//2 547//2 549//2
f 552//2 553//2 554//2
f 552//2 554//2 545//2
f 552//2 545//2 550//2
f 555//2 551//2 549//2
f 555//2 549//2 556//2
f 555//2 556//2 557//2
f 558//2 555//2 557//2
f 559//2 553//2 552//2
f 560//2 561//2 562//2
f 560//2 562//2 553//2
f 560//2 553//2 559//2
f 563//2 558//2 557//2
f 563//2 557//2 564//2
f 563//2 564//2 565//2
f 566//2 561//2 560//2
f 567//2 563//2 565//2
f 568//2 569//2 570//2
f 568//2 570//2 561//2
f 568//2 561//2 566//2
f 571//2 565//2 572//2
f 571//2 572//2 573//2
f 571//2 567//2 565//2
f 574//2 573//2 575//2
f 574//2 571//2 573//2
f 576//2 569//2 568//2
f 576//2 577//2 569//2
f 578//2 575//2 579//2
f 578//2 574//2 575//2
f 580//2 581//2 577//2
f 580//2 577//2 576//2
f 582//2 578//2 579//2
f 583//2 581//2 580//2
f 584//2 585//2 586//2
f 584//2 586//2 581//2
f 584//2 581//2 583//2
f 587//2 579//2 588//2
f 587//2 588//2 589//2
f 587//2 582//2 579//2
f 590//2 585//2 584//2
f 591//2 587//2 589//2
f 592//2 589//2 593//2
f 592//2 591//2 589//2
f 594//2 595//2 585//2
f 594//2 585//2 590//2
f 596//2 597//2 598//2
f 596//2 598//2 595//2
f 596//2 595//2 594//2
f 599//2 593//2 600//2
f 599//2 600//2 597//2
f 599//2 592//2 593//2
f 601//2 597//2 596//2
f 601//2 599//2 597//2
f 485//8 490//8 602//8
f 485//8 602//8 603//8
f 477//9 479//9 604//9
f 477//10 604//10 605//10
f 466//11 469//11 606//11
f 466//12 606//12 607//12
f 454//13 455//13 608//13
f 454//14 608//14 609//14
f 447//15 454//15 609//15
f 447//15 609//15 610//15
f 445//16 447//16 610//16
f 445//17 610//17 611//17
f 431//18 439//18 612//18
f 431//18 612//18 613//18
f 419//19 426//19 614//19
f 419//20 614//20 615//20
f 413//21 417//21 616//21
f 413//22 616//22 617//22
f 35//23 475//23 482//23
f 35//23 38//23 475//23
f 440//24 433//24 187//24
f 440//24 187//24 186//24
f 456//25 449//25 194//25
f 456//25 194//25 196//25
f 427//26 420//26 173//26
f 427//26 173//26 178//26
f 433//27 432//27 184//27
f 433//27 184//27 187//27
f 101//28 544//28 542//28
f 101//28 99//28 544//28
f 97//29 552//29 550//29
f 97//29 95//29 552//29
f 45//30 460//30 459//30
f 45//30 48//30 460//30
f 85//31 580//31 576//31
f 85//31 81//31 580//31
f 78//32 590//32 584//32
f 78//32 74//32 590//32
f 500//33 499//33 143//33
f 500//33 143//33 140//33
f 119//34 511//34 507//34
f 119//34 117//34 511//34
f 89//35 568//35 566//35
f 89//35 86//35 568//35
f 50//36 452//36 451//36
f 50//36 52//36 452//36
f 93//37 560//37 559//37
f 93//37 91//37 560//37
f 176//38 425//38 424//38
f 176//38 175//38 425//38
f 56//39 435//39 438//39
f 56//39 58//39 435//39
f 117//40 516//40 511//40
f 117//40 115//40 516//40
f 81//41 583//41 580//41
f 81//41 79//41 583//41
f 113//42 523//42 519//42
f 113//42 110//42 523//42
f 171//43 414//43 422//43
f 171//43 167//43 414//43
f 66//44 601//44 596//44
f 66//44 63//44 601//44
f 499//45 498//45 146//45
f 499//45 146//45 143//45
f 28//46 488//46 497//46
f 28//46 30//46 488//46
f 52//47 442//47 452//47
f 52//47 54//47 442//47
f 416//48 415//48 166//48
f 416//48 166//48 169//48
f 42//49 465//49 464//49
f 42//49 43//49 465//49
f 449//50 448//50 192//50
f 449//50 192//50 194//50
f 107//51 532//51 528//51
f 107//51 105//51 532//51
f 473//52 472//52 204//52
f 473//52 204//52 207//52
f 486//53 480//53 206//53
f 486//53 206//53 211//53
f 472//54 468//54 200//54
f 472//54 200//54 204//54
f 468//55 467//55 201//55
f 468//55 201//55 200//55
f 618//4 619//4 620//4
f 618//5 620//5 621//5
f 622//6 618//6 621//6
f 622//7 621//7 623//7
f 624//2 625//2 626//2
f 624//2 626//2 627//2
f 628//2 624//2 627//2
f 629//2 625//2 624//2
f 630//2 627//2 631//2
f 630//2 628//2 627//2
f 632//2 625//2 629//2
f 632//2 633//2 625//2
f 634//2 635//2 636//2
f 634//2 636//2 633//2
f 634//2 633//2 632//2
f 637//2 631//2 638//2
f 637//2 638//2 639//2
f 637//2 630//2 631//2
f 640//2 637//2 639//2
f 641//2 635//2 634//2
f 642//2 640//2 639//2
f 642//2 639//2 643//2
f 642//2 643//2 644//2
f 645//2 635//2 641//2
f 645//2 646//2 647//2
f 645//2 647//2 635//2
f 648//2 649//2 646//2
f 648//2 646//2 645//2
f 650//2 642//2 644//2
f 650//2 644//2 651//2
f 652//2 653//2 649//2
f 652//2 649//2 648//2
f 654//2 651//2 655//2
f 654//2 650//2 651//2
f 656//2 654//2 655//2
f 657//2 653//2 652//2
f 658//2 655//2 659//2
f 658//2 659//2 660//2
f 658//2 656//2 655//2
f 661//2 662//2 663//2
f 661//2 663//2 653//2
f 661//2 653//2 657//2
f 664//2 662//2 661//2
f 665//2 658//2 660//2
f 666//2 660//2 667//2
f 666//2 667//2 668//2
f 666//2 665//2 660//2
f 669//2 670//2 671//2
f 669//2 671//2 662//2
f 669//2 662//2 664//2
f 672//2 670//2 669//2
f 673//2 666//2 668//2
f 674//2 670//2 672//2
f 674//2 675//2 676//2
f 674//2 676//2 670//2
f 677//2 673//2 668//2
f 677//2 668//2 678//2
f 677//2 678//2 679//2
f 680//2 677//2 679//2
f 681//2 675//2 674//2
f 682//2 680//2 679//2
f 682//2 679//2 683//2
f 682//2 683//2 684//2
f 685//2 686//2 687//2
f 685//2 687//2 675//2
f 685//2 675//2 681//2
f 688//2 682//2 684//2
f 689//2 686//2 685//2
f 690//2 688//2 684//2
f 690//2 684//2 691//2
f 692//2 693//2 686//2
f 692//2 686//2 689//2
f 694//2 695//2 693//2
f 694//2 693//2 692//2
f 696//2 690//2 691//2
f 696//2 691//2 697//2
f 698//2 699//2 700//2
f 698//2 700//2 695//2
f 698//2 695//2 694//2
f 701//2 696//2 697//2
f 701//2 697//2 702//2
f 701//2 702//2 703//2
f 704//2 701//2 703//2
f 705//2 699//2 698//2
f 706//2 707//2 708//2
f 706//2 708//2 699//2
f 706//2 699//2 705//2
f 622//2 704//2 703//2
f 622//2 703//2 709//2
f 622//2 709//2 710//2
f 618//2 710//2 711//2
f 618//2 622//2 710//2
f 712//2 713//2 707//2
f 712//2 707//2 706//2
f 714//2 713//2 712//2
f 619//2 618//2 711//2
f 715//2 619//2 711//2
f 716//2 717//2 713//2
f 716//2 713//2 714//2
f 718//2 715//2 711//2
f 719//2 717//2 716//2
f 719//2 716//2 720//2
f 719//2 720//2 721//2
f 722//2 723//2 724//2
f 722//2 724//2 715//2
f 722//2 715//2 718//2
f 725//2 721//2 726//2
f 725//2 719//2 721//2
f 727//2 728//2 723//2
f 727//2 723//2 722//2
f 729//2 725//2 726//2
f 730//2 728//2 727//2
f 731//2 729//2 726//2
f 731//2 726//2 732//2
f 731//2 732//2 733//2
f 734//2 728//2 730//2
f 734//2 735//2 736//2
f 734//2 736//2 728//2
f 737//2 735//2 734//2
f 738//2 731//2 733//2
f 739//2 740//2 735//2
f 739//2 735//2 737//2
f 741//2 738//2 733//2
f 741//2 733//2 742//2
f 743//2 740//2 739//2
f 743//2 744//2 740//2
f 745//2 741//2 742//2
f 745//2 742//2 746//2
f 747//2 744//2 743//2
f 747//2 748//2 749//2
f 747//2 749//2 744//2
f 750//2 745//2 746//2
f 750//2 746//2 751//2
f 750//2 751//2 752//2
f 753//2 748//2 747//2
f 754//2 750//2 752//2
f 755//2 748//2 753//2
f 755//2 756//2 757//2
f 755//2 757//2 748//2
f 758//2 754//2 752//2
f 758//2 752//2 759//2
f 758//2 759//2 760//2
f 761//2 756//2 755//2
f 762//2 758//2 760//2
f 763//2 764//2 765//2
f 763//2 765//2 756//2
f 763//2 756//2 761//2
f 766//2 762//2 760//2
f 766//2 760//2 767//2
f 766//2 767//2 768//2
f 769//2 766//2 768//2
f 770//2 764//2 763//2
f 771//2 772//2 773//2
f 771//2 773//2 764//2
f 771//2 764//2 770//2
f 774//2 769//2 768//2
f 774//2 768//2 775//2
f 774//2 775//2 776//2
f 777//2 772//2 771//2
f 778//2 774//2 776//2
f 779//2 780//2 781//2
f 779//2 781//2 772//2
f 779//2 772//2 777//2
f 782//2 776//2 783//2
f 782//2 783//2 784//2
f 782//2 778//2 776//2
f 785//2 784//2 786//2
f 785//2 782//2 784//2
f 787//2 780//2 779//2
f 787//2 788//2 780//2
f 789//2 786//2 790//2
f 789//2 785//2 786//2
f 791//2 792//2 788//2
f 791//2 788//2 787//2
f 793//2 789//2 790//2
f 794//2 792//2 791//2
f 795//2 796//2 797//2
f 795//2 797//2 792//2
f 795//2 792//2 794//2
f 798//2 790//2 799//2
f 798//2 799//2 800//2
f 798//2 793//2 790//2
f 801//2 796//2 795//2
f 802//2 798//2 800//2
f 803//2 800//2 804//2
f 803//2 802//2 800//2
f 805//2 806//2 796//2
f 805//2 796//2 801//2
f 807//2 808//2 809//2
f 807//2 809//2 806//2
f 807//2 806//2 805//2
f 810//2 804//2 811//2
f 810//2 811//2 808//2
f 810//2 803//2 804//2
f 812//2 808//2 807//2
f 812//2 810//2 808//2
f 688//9 690//9 813//9
f 688//10 813//10 814//10
f 677//11 680//11 815//11
f 677//12 815//12 816//12
f 665//13 666//13 817//13
f 665//14 817//14 818//14
f 658//15 665//15 818//15
f 658//15 818//15 819//15
f 656//16 658//16 819//16
f 656//17 819//17 820//17
f 642//18 650//18 821//18
f 642//18 821//18 822//18
f 630//19 637//19 823//19
f 630//20 823//20 824//20
f 624//21 628//21 825//21
f 624//22 825//22 826//22
f 234//23 686//23 693//23
f 234//23 233//23 686//23
f 651//24 644//24 241//24
f 651//24 241//24 242//24
f 667//25 660//25 245//25
f 667//25 245//25 246//25
f 638//26 631//26 237//26
f 638//26 237//26 238//26
f 644//27 643//27 240//27
f 644//27 240//27 241//27
f 307//29 763//29 761//29
f 307//29 298//29 763//29
f 229//30 671//30 670//30
f 229//30 228//30 671//30
f 281//31 791//31 787//31
f 281//31 277//31 791//31
f 271//32 801//32 795//32
f 271//32 264//32 801//32
f 711//33 710//33 356//33
f 711//33 356//33 350//33
f 349//34 722//34 718//34
f 349//34 342//34 722//34
f 292//35 779//35 777//35
f 292//35 288//35 779//35
f 227//36 663//36 662//36
f 227//36 226//36 663//36
f 296//37 771//37 770//37
f 296//37 295//37 771//37
f 221//38 636//38 635//38
f 221//38 220//38 636//38
f 224//39 646//39 649//39
f 224//56 223//56 646//56
f 342//40 727//40 722//40
f 342//40 338//40 727//40
f 277//41 794//41 791//41
f 277//41 273//41 794//41
f 334//42 734//42 730//42
f 334//42 332//42 734//42
f 219//43 625//43 633//43
f 219//43 218//43 625//43
f 258//44 812//44 807//44
f 258//44 257//44 812//44
f 710//45 709//45 361//45
f 710//45 361//45 356//45
f 174//46 699//46 708//46
f 174//46 181//46 699//46
f 226//47 653//47 663//47
f 226//47 225//47 653//47
f 627//48 626//48 217//48
f 627//48 217//48 236//48
f 660//50 659//50 244//50
f 660//50 244//50 245//50
f 328//51 743//51 739//51
f 328//51 323//51 743//51
f 684//52 683//52 250//52
f 684//52 250//52 251//52
f 697//53 691//53 252//53
f 697//53 252//53 253//53
f 683//54 679//54 249//54
f 683//54 249//54 250//54
f 679//55 678//55 248//55
f 679//55 248//55 249//55
f 827//6 828//6 829//6
f 827//7 829//7 830//7
f 831//2 832//2 833//2
f 831//2 833//2 834//2
f 835//2 831//2 834//2
f 836//2 832//2 831//2
f 837//2 834//2 838//2
f 837//2 835//2 834//2
f 839//2 832//2 836//2
f 839//2 840//2 832//2
f 841//2 842//2 843//2
f 841//2 843//2 840//2
f 841//2 840//2 839//2
f 844//2 838//2 845//2
f 844//2 845//2 846//2
f 844//2 837//2 838//2
f 847//2 844//2 846//2
f 848//2 842//2 841//2
f 849//2 847//2 846//2
f 849//2 846//2 850//2
f 849//2 850//2 851//2
f 852//2 842//2 848//2
f 852//2 853//2 854//2
f 852//2 854//2 842//2
f 855//2 856//2 853//2
f 855//2 853//2 852//2
f 857//2 849//2 851//2
f 857//2 851//2 858//2
f 859//2 860//2 856//2
f 859//2 856//2 855//2
f 861//2 858//2 862//2
f 861//2 857//2 858//2
f 863//2 861//2 862//2
f 864//2 860//2 859//2
f 865//2 862//2 866//2
f 865//2 866//2 867//2
f 865//2 863//2 862//2
f 868//2 869//2 870//2
f 868//2 870//2 860//2
f 868//2 860//2 864//2
f 871//2 869//2 868//2
f 872//2 865//2 867//2
f 873//2 867//2 874//2
f 873//2 874//2 875//2
f 873//2 872//2 867//2
f 876//2 877//2 878//2
f 876//2 878//2 869//2
f 876//2 869//2 871//2
f 879//2 877//2 876//2
f 880//2 873//2 875//2
f 881//2 877//2 879//2
f 881//2 882//2 883//2
f 881//2 883//2 877//2
f 884//2 880//2 875//2
f 884//2 875//2 885//2
f 884//2 885//2 886//2
f 887//2 884//2 886//2
f 888//2 882//2 881//2
f 889//2 887//2 886//2
f 889//2 886//2 890//2
f 889//2 890//2 891//2
f 892//2 893//2 894//2
f 892//2 894//2 882//2
f 892//2 882//2 888//2
f 895//2 889//2 891//2
f 896//2 893//2 892//2
f 897//2 895//2 891//2
f 897//2 891//2 898//2
f 899//2 900//2 893//2
f 899//2 893//2 896//2
f 901//2 902//2 900//2
f 901//2 900//2 899//2
f 903//2 897//2 898//2
f 903//2 898//2 904//2
f 905//2 906//2 907//2
f 905//2 907//2 902//2
f 905//2 902//2 901//2
f 908//2 903//2 904//2
f 908//2 904//2 909//2
f 908//2 909//2 910//2
f 911//2 908//2 910//2
f 912//2 906//2 905//2
f 913//2 914//2 915//2
f 913//2 915//2 906//2
f 913//2 906//2 912//2
f 827//2 911//2 910//2
f 827//2 910//2 916//2
f 827//2 916//2 917//2
f 828//2 917//2 918//2
f 828//2 827//2 917//2
f 919//2 920//2 914//2
f 919//2 914//2 913//2
f 921//2 920//2 919//2
f 922//2 828//2 918//2
f 923//2 922//2 918//2
f 924//2 925//2 920//2
f 924//2 920//2 921//2
f 926//2 923//2 918//2
f 927//2 925//2 924//2
f 927//2 924//2 928//2
f 927//2 928//2 929//2
f 930//2 931//2 932//2
f 930//2 932//2 923//2
f 930//2 923//2 926//2
f 933//2 929//2 934//2
f 933//2 927//2 929//2
f 935//2 936//2 931//2
f 935//2 931//2 930//2
f 937//2 933//2 934//2
f 938//2 936//2 935//2
f 939//2 937//2 934//2
f 939//2 934//2 940//2
f 939//2 940//2 941//2
f 942//2 936//2 938//2
f 942//2 943//2 944//2
f 942//2 944//2 936//2
f 945//2 943//2 942//2
f 946//2 939//2 941//2
f 947//2 948//2 943//2
f 947//2 943//2 945//2
f 949//2 946//2 941//2
f 949//2 941//2 950//2
f 951//2 948//2 947//2
f 951//2 952//2 948//2
f 953//2 949//2 950//2
f 953//2 950//2 954//2
f 955//2 952//2 951//2
f 955//2 956//2 957//2
f 955//2 957//2 952//2
f 958//2 953//2 954//2
f 958//2 954//2 959//2
f 958//2 959//2 960//2
f 961//2 956//2 955//2
f 962//2 958//2 960//2
f 963//2 956//2 961//2
f 963//2 964//2 965//2
f 963//2 965//2 956//2
f 966//2 962//2 960//2
f 966//2 960//2 967//2
f 966//2 967//2 968//2
f 969//2 964//2 963//2
f 970//2 966//2 968//2
f 971//2 972//2 973//2
f 971//2 973//2 964//2
f 971//2 964//2 969//2
f 974//2 970//2 968//2
f 974//2 968//2 975//2
f 974//2 975//2 976//2
f 977//2 974//2 976//2
f 978//2 972//2 971//2
f 979//2 980//2 981//2
f 979//2 981//2 972//2
f 979//2 972//2 978//2
f 982//2 977//2 976//2
f 982//2 976//2 983//2
f 982//2 983//2 984//2
f 985//2 980//2 979//2
f 986//2 982//2 984//2
f 987//2 988//2 989//2
f 987//2 989//2 980//2
f 987//2 980//2 985//2
f 990//2 984//2 991//2
f 990//2 991//2 992//2
f 990//2 986//2 984//2
f 993//2 992//2 994//2
f 993//2 990//2 992//2
f 995//2 988//2 987//2
f 995//2 996//2 988//2
f 997//2 994//2 998//2
f 997//2 993//2 994//2
f 999//2 1000//2 996//2
f 999//2 996//2 995//2
f 1001//2 997//2 998//2
f 1002//2 1000//2 999//2
f 1003//2 1004//2 1005//2
f 1003//2 1005//2 1000//2
f 1003//2 1000//2 1002//2
f 1006//2 998//2 1007//2
f 1006//2 1007//2 1008//2
f 1006//2 1001//2 998//2
f 1009//2 1004//2 1003//2
f 1010//2 1006//2 1008//2
f 1011//2 1008//2 1012//2
f 1011//2 1010//2 1008//2
f 1013//2 1014//2 1004//2
f 1013//2 1004//2 1009//2
f 1015//2 1016//2 1017//2
f 1015//2 1017//2 1014//2
f 1015//2 1014//2 1013//2
f 1018//2 1012//2 1019//2
f 1018//2 1019//2 1016//2
f 1018//2 1011//2 1012//2
f 1020//2 1016//2 1015//2
f 1020//2 1018//2 1016//2
f 903//8 908//8 1021//8
f 903//8 1021//8 1022//8
f 897//57 903//57 1022//57
f 897//58 1022//58 1023//58
f 884//11 887//11 1024//11
f 884//12 1024//12 1025//12
f 865//15 872//15 1026//15
f 865//15 1026//15 1027//15
f 861//59 863//59 1028//59
f 861//60 1028//60 1029//60
f 849//18 857//18 1030//18
f 849//18 1030//18 1031//18
f 847//61 849//61 1031//61
f 847//62 1031//62 1032//62
f 835//63 837//63 1033//63
f 835//64 1033//64 1034//64
f 141//44 1020//44 1015//44
f 141//44 138//44 1020//44
f 845//26 838//26 142//26
f 845//26 142//26 145//26
f 67//65 915//65 914//65
f 67//65 73//65 915//65
f 352//34 930//34 926//34
f 352//34 354//34 930//34
f 88//66 882//66 894//66
f 88//66 90//66 882//66
f 158//67 969//67 963//67
f 158//67 157//67 969//67
f 898//68 891//68 318//68
f 898//68 318//68 317//68
f 150//41 1002//41 999//41
f 150//41 149//41 1002//41
f 156//69 978//69 971//69
f 156//69 155//69 978//69
f 838//70 834//70 139//70
f 838//70 139//70 142//70
f 77//71 907//71 906//71
f 77//71 80//71 907//71
f 916//72 910//72 336//72
f 916//73 336//73 340//73
f 83//74 900//74 902//74
f 83//75 84//75 900//75
f 918//33 917//33 344//33
f 918//33 344//33 346//33
f 147//76 1013//76 1009//76
f 147//76 144//76 1013//76
f 92//77 877//77 883//77
f 92//77 94//77 877//77
f 354//40 935//40 930//40
f 354//40 359//40 935//40
f 96//78 869//78 878//78
f 96//78 98//78 869//78
f 403//79 945//79 942//79
f 403//79 163//79 945//79
f 149//80 1003//80 1002//80
f 149//80 148//80 1003//80
f 858//24 851//24 279//24
f 858//24 279//24 283//24
f 160//81 961//81 955//81
f 160//81 159//81 961//81
f 111//38 843//38 842//38
f 111//38 112//38 843//38
f 98//36 870//36 869//36
f 98//36 100//36 870//36
f 102//82 856//82 860//82
f 102//82 104//82 856//82
f 106//83 854//83 853//83
f 106//83 108//83 854//83
f 850//84 846//84 269//84
f 850//84 269//84 275//84
f 155//37 979//37 978//37
f 155//37 154//37 979//37
f 867//50 866//50 285//50
f 867//50 285//50 290//50
f 891//52 890//52 313//52
f 891//52 313//52 318//52
f 890//54 886//54 310//54
f 890//54 310//54 313//54
f 886//55 885//55 305//55
f 886//55 305//55 310//55
f 1035//6 1036//6 1037//6
f 1035//7 1037//7 1038//7
f 1039//2 1040//2 1041//2
f 1039//2 1041//2 1042//2
f 1043//2 1040//2 1039//2
f 1044//2 1039//2 1042//2
f 1045//2 1046//2 1040//2
f 1045//2 1040//2 1043//2
f 1047//2 1044//2 1042//2
f 1047//2 1042//2 1048//2
f 1049//2 1047//2 1048//2
f 1049//2 1048//2 1050//2
f 1049//2 1050//2 1051//2
f 1052//2 1053//2 1054//2
f 1052//2 1054//2 1046//2
f 1052//2 1046//2 1045//2
f 1055//2 1053//2 1052//2
f 1056//2 1049//2 1051//2
f 1057//2 1053//2 1055//2
f 1057//2 1058//2 1059//2
f 1057//2 1059//2 1053//2
f 1060//2 1051//2 1061//2
f 1060//2 1061//2 1062//2
f 1060//2 1056//2 1051//2
f 1063//2 1060//2 1062//2
f 1063//2 1062//2 1064//2
f 1065//2 1066//2 1058//2
f 1065//2 1058//2 1057//2
f 1067//2 1064//2 1068//2
f 1067//2 1063//2 1064//2
f 1069//2 1070//2 1066//2
f 1069//2 1066//2 1065//2
f 1071//2 1070//2 1069//2
f 1072//2 1067//2 1068//2
f 1073//2 1074//2 1075//2
f 1073//2 1075//2 1070//2
f 1073//2 1070//2 1071//2
f 1076//2 1068//2 1077//2
f 1076//2 1077//2 1078//2
f 1076//2 1072//2 1068//2
f 1079//2 1076//2 1078//2
f 1080//2 1074//2 1073//2
f 1081//2 1082//2 1074//2
f 1081//2 1074//2 1080//2
f 1081//2 1083//2 1082//2
f 1084//2 1079//2 1078//2
f 1084//2 1078//2 1085//2
f 1084//2 1085//2 1086//2
f 1087//2 1084//2 1086//2
f 1088//2 1083//2 1081//2
f 1089//2 1086//2 1090//2
f 1089//2 1090//2 1091//2
f 1089//2 1087//2 1086//2
f 1092//2 1093//2 1094//2
f 1092//2 1083//2 1088//2
f 1092//2 1094//2 1083//2
f 1095//2 1093//2 1092//2
f 1096//2 1089//2 1091//2
f 1097//2 1093//2 1095//2
f 1097//2 1098//2 1099//2
f 1097//2 1099//2 1093//2
f 1100//2 1096//2 1091//2
f 1100//2 1091//2 1101//2
f 1100//2 1101//2 1102//2
f 1103//2 1098//2 1097//2
f 1104//2 1100//2 1102//2
f 1105//2 1102//2 1106//2
f 1105//2 1104//2 1102//2
f 1107//2 1098//2 1103//2
f 1107//2 1108//2 1098//2
f 1109//2 1105//2 1106//2
f 1109//2 1106//2 1110//2
f 1111//2 1108//2 1107//2
f 1111//2 1112//2 1108//2
f 1113//2 1110//2 1114//2
f 1113//2 1114//2 1115//2
f 1113//2 1109//2 1110//2
f 1116//2 1112//2 1111//2
f 1116//2 1117//2 1118//2
f 1116//2 1118//2 1112//2
f 1119//2 1117//2 1116//2
f 1120//2 1113//2 1115//2
f 1121//2 1120//2 1115//2
f 1121//2 1115//2 1122//2
f 1121//2 1122//2 1123//2
f 1124//2 1125//2 1126//2
f 1124//2 1126//2 1117//2
f 1124//2 1117//2 1119//2
f 1127//2 1123//2 1128//2
f 1127//2 1121//2 1123//2
f 1129//2 1125//2 1124//2
f 1129//2 1130//2 1125//2
f 1131//2 1127//2 1128//2
f 1132//2 1130//2 1129//2
f 1133//2 1130//2 1132//2
f 1134//2 1128//2 1135//2
f 1134//2 1131//2 1128//2
f 1136//2 1130//2 1133//2
f 1137//2 1138//2 1139//2
f 1137//2 1139//2 1134//2
f 1137//2 1134//2 1135//2
f 1140//2 1133//2 1141//2
f 1140//2 1141//2 1142//2
f 1140//2 1136//2 1133//2
f 1143//2 1144//2 1138//2
f 1143//2 1138//2 1137//2
f 1145//2 1140//2 1142//2
f 1145//2 1142//2 1146//2
f 1147//2 1144//2 1143//2
f 1148//2 1145//2 1146//2
f 1149//2 1144//2 1147//2
f 1149//2 1150//2 1151//2
f 1149//2 1151//2 1144//2
f 1152//2 1148//2 1146//2
f 1152//2 1146//2 1153//2
f 1152//2 1153//2 1154//2
f 1155//2 1152//2 1154//2
f 1156//2 1150//2 1149//2
f 1157//2 1154//2 1158//2
f 1157//2 1155//2 1154//2
f 1159//2 1150//2 1156//2
f 1159//2 1160//2 1150//2
f 1161//2 1158//2 1162//2
f 1161//2 1157//2 1158//2
f 1163//2 1164//2 1160//2
f 1163//2 1160//2 1159//2
f 1165//2 1162//2 1166//2
f 1165//2 1166//2 1167//2
f 1165//2 1161//2 1162//2
f 1168//2 1169//2 1170//2
f 1168//2 1170//2 1164//2
f 1168//2 1164//2 1163//2
f 1171//2 1165//2 1167//2
f 1172//2 1169//2 1168//2
f 1173//2 1167//2 1174//2
f 1173//2 1174//2 1175//2
f 1173//2 1171//2 1167//2
f 1176//2 1169//2 1172//2
f 1176//2 1177//2 1178//2
f 1176//2 1178//2 1169//2
f 1179//2 1173//2 1175//2
f 1180//2 1177//2 1176//2
f 1181//2 1179//2 1175//2
f 1181//2 1175//2 1182//2
f 1181//2 1182//2 1183//2
f 1184//2 1177//2 1180//2
f 1184//2 1185//2 1186//2
f 1184//2 1186//2 1177//2
f 1187//2 1185//2 1184//2
f 1188//2 1181//2 1183//2
f 1189//2 1183//2 1190//2
f 1189//2 1190//2 1191//2
f 1189//2 1188//2 1183//2
f 1192//2 1193//2 1194//2
f 1192//2 1194//2 1185//2
f 1192//2 1185//2 1187//2
f 1195//2 1189//2 1191//2
f 1196//2 1193//2 1192//2
f 1197//2 1191//2 1198//2
f 1197//2 1198//2 1199//2
f 1197//2 1195//2 1191//2
f 1200//2 1193//2 1196//2
f 1200//2 1201//2 1202//2
f 1200//2 1202//2 1193//2
f 1203//2 1204//2 1201//2
f 1203//2 1201//2 1200//2
f 1205//2 1197//2 1199//2
f 1205//2 1199//2 1206//2
f 1207//2 1204//2 1203//2
f 1207//2 1208//2 1204//2
f 1209//2 1206//2 1210//2
f 1209//2 1205//2 1206//2
f 1211//2 1208//2 1207//2
f 1212//2 1209//2 1210//2
f 1213//2 1212//2 1210//2
f 1213//2 1210//2 1214//2
f 1213//2 1214//2 1215//2
f 1216//2 1208//2 1211//2
f 1216//2 1035//2 1217//2
f 1216//2 1217//2 1208//2
f 1218//2 1035//2 1216//2
f 1219//2 1213//2 1215//2
f 1220//2 1036//2 1035//2
f 1220//2 1035//2 1218//2
f 1221//2 1215//2 1222//2
f 1221//2 1219//2 1215//2
f 1223//2 1224//2 1225//2
f 1223//2 1225//2 1036//2
f 1223//2 1036//2 1220//2
f 1226//2 1222//2 1227//2
f 1226//2 1227//2 1224//2
f 1226//2 1221//2 1222//2
f 1228//2 1226//2 1224//2
f 1228//2 1224//2 1223//2
f 1204//8 1208//8 1229//8
f 1204//8 1229//8 1230//8
f 1201//57 1204//57 1230//57
f 1201//58 1230//58 1231//58
f 1185//11 1194//11 1232//11
f 1185//12 1232//12 1233//12
f 1169//15 1178//15 1234//15
f 1169//15 1234//15 1235//15
f 1164//59 1170//59 1236//59
f 1164//60 1236//60 1237//60
f 1150//18 1160//18 1238//18
f 1150//18 1238//18 1239//18
f 1151//61 1150//61 1239//61
f 1151//62 1239//62 1240//62
f 1139//63 1138//63 1241//63
f 1139//64 1241//64 1242//64
f 353//44 1136//44 1140//44
f 353//44 351//44 1136//44
f 1147//26 1143//26 357//26
f 1147//26 357//26 360//26
f 263//65 1050//65 1048//65
f 263//65 267//65 1050//65
f 384//34 1226//34 1228//34
f 384//34 383//34 1226//34
f 291//66 1078//66 1077//66
f 291//66 294//66 1078//66
f 374//67 1188//67 1189//67
f 374//67 373//67 1188//67
f 1203//85 1200//85 392//85
f 1203//68 392//68 391//68
f 366//41 1155//41 1157//41
f 366//41 365//41 1155//41
f 372//69 1179//69 1181//69
f 372//69 371//69 1179//69
f 280//23 1068//23 1064//23
f 280//23 287//23 1068//23
f 1143//70 1137//70 355//70
f 1143//70 355//70 357//70
f 270//71 1061//71 1051//71
f 270//71 272//71 1061//71
f 1218//73 1216//73 388//73
f 1218//72 388//72 387//72
f 1223//33 1220//33 386//33
f 1223//33 386//33 385//33
f 406//76 1145//76 1148//76
f 406//76 358//76 1145//76
f 297//77 1086//77 1085//77
f 297//77 303//77 1086//77
f 383//40 1221//40 1226//40
f 383//40 382//40 1221//40
f 306//78 1091//78 1090//78
f 306//78 311//78 1091//78
f 380//79 1212//79 1213//79
f 380//79 379//79 1212//79
f 365//80 1152//80 1155//80
f 365//80 405//80 1152//80
f 1163//24 1159//24 402//24
f 1163//24 402//24 401//24
f 376//81 1195//81 1197//81
f 376//81 375//81 1195//81
f 333//38 1122//38 1115//38
f 333//38 337//38 1122//38
f 311//36 1101//36 1091//36
f 311//36 314//36 1101//36
f 319//82 1106//82 1102//82
f 319//82 322//82 1106//82
f 327//83 1114//83 1110//83
f 327//83 331//83 1114//83
f 1156//84 1149//84 362//84
f 1156//84 362//84 364//84
f 371//37 1173//37 1179//37
f 371//37 370//37 1173//37
f 1176//50 1172//50 399//50
f 1176//50 399//50 398//50
f 1200//52 1196//52 393//52
f 1200//52 393//52 392//52
f 1196//54 1192//54 394//54
f 1196//54 394//54 393//54
f 1192//55 1187//55 395//55
f 1192//55 395//55 394//55
f 216//86 14//86 20//86
f 216//86 12//86 14//86
f 13//87 8//87 5//87
f 13//87 1243//87 8//87
f 2//88 8//88 1243//88
f 2//88 1243//88 1244//88
f 1244//86 3//86 2//86
f 1244//86 10//86 3//86
f 1243//3 13//3 10//3
f 1243//3 10//3 1244//3
f 11//87 16//87 9//87
f 11//87 22//87 16//87
f 216//1 22//1 11//1
f 12//1 216//1 11//1
f 467//89 457//89 198//89
f 467//89 198//89 201//89
f 520//90 527//90 32//90
f 520//90 32//90 29//90
f 591//19 592//19 71//19
f 591//19 71//19 70//19
f 582//91 587//91 76//91
f 582//91 76//91 59//91
f 105//92 536//92 532//92
f 105//92 103//92 536//92
f 530//93 534//93 36//93
f 530//93 36//93 34//93
f 555//94 558//94 47//94
f 555//94 47//94 46//94
f 534//95 539//95 37//95
f 534//96 37//96 36//96
f 498//72 492//72 214//72
f 498//73 214//73 146//73
f 527//97 530//97 34//97
f 527//97 34//97 32//97
f 547//98 551//98 44//98
f 547//98 44//98 41//98
f 578//99 582//99 59//99
f 578//99 59//99 57//99
f 110//79 526//79 523//79
f 110//79 109//79 526//79
f 507//100 500//100 140//100
f 507//100 140//100 119//100
f 567//17 571//17 53//17
f 567//17 53//17 51//17
f 492//101 491//101 210//101
f 492//101 210//101 214//101
f 48//78 451//78 460//78
f 48//78 50//78 451//78
f 480//68 473//68 207//68
f 480//68 207//68 206//68
f 58//83 436//83 435//83
f 58//83 60//83 436//83
f 574//102 578//102 57//102
f 574//102 57//102 55//102
f 60//103 424//103 436//103
f 60//103 176//103 424//103
f 506//104 508//104 21//104
f 506//104 21//104 23//104
f 599//105 601//105 63//105
f 599//105 63//105 62//105
f 491//106 486//106 211//106
f 491//106 211//106 210//106
f 91//107 566//107 560//107
f 91//107 89//107 566//107
f 543//108 547//108 41//108
f 543//108 41//108 39//108
f 508//109 514//109 26//109
f 508//109 26//109 21//109
f 115//110 519//110 516//110
f 115//110 113//110 519//110
f 109//111 528//111 526//111
f 109//111 107//111 528//111
f 420//70 416//70 169//70
f 420//70 169//70 173//70
f 432//84 428//84 180//84
f 432//84 180//84 184//84
f 43//77 459//77 465//77
f 43//77 45//77 459//77
f 444//112 440//112 186//112
f 444//112 186//112 189//112
f 38//113 476//113 475//113
f 38//113 40//113 476//113
f 54//82 438//82 442//82
f 54//82 56//82 438//82
f 33//74 482//74 484//74
f 33//75 35//75 482//75
f 558//114 563//114 49//114
f 558//114 49//114 47//114
f 24//115 496//115 502//115
f 24//115 25//115 496//115
f 514//7 518//7 27//7
f 514//7 27//7 26//7
f 592//116 599//116 62//116
f 592//116 62//116 71//116
f 563//117 567//117 51//117
f 563//117 51//117 49//117
f 539//118 543//118 39//118
f 539//118 39//118 37//118
f 518//119 520//119 29//119
f 518//120 29//120 27//120
f 448//121 444//121 189//121
f 448//121 189//121 192//121
f 95//69 559//69 552//69
f 95//69 93//69 559//69
f 74//76 594//76 590//76
f 74//76 68//76 594//76
f 551//122 555//122 46//122
f 551//122 46//122 44//122
f 167//123 415//123 414//123
f 167//123 166//123 415//123
f 40//66 464//66 476//66
f 40//66 42//66 464//66
f 457//124 456//124 196//124
f 457//124 196//124 198//124
f 86//125 576//125 568//125
f 86//125 85//125 576//125
f 587//126 591//126 70//126
f 587//127 70//127 76//127
f 428//128 427//128 178//128
f 428//129 178//129 180//129
f 571//130 574//130 55//130
f 571//131 55//131 53//131
f 23//132 502//132 506//132
f 23//132 24//132 502//132
f 99//67 550//67 544//67
f 99//67 97//67 550//67
f 68//133 596//133 594//133
f 68//133 66//133 596//133
f 31//134 484//134 489//134
f 31//134 33//134 484//134
f 103//81 542//81 536//81
f 103//81 101//81 542//81
f 79//80 584//80 583//80
f 79//80 78//80 584//80
f 25//65 497//65 496//65
f 25//65 28//65 497//65
f 175//135 422//135 425//135
f 175//135 171//135 422//135
f 30//71 489//71 488//71
f 30//71 31//71 489//71
f 678//89 668//89 247//89
f 678//89 247//89 248//89
f 731//90 738//90 183//90
f 731//90 183//90 179//90
f 802//19 803//19 262//19
f 802//19 262//19 215//19
f 793//91 798//91 213//91
f 793//91 213//91 212//91
f 323//92 747//92 743//92
f 323//92 320//92 747//92
f 741//93 745//93 188//93
f 741//93 188//93 185//93
f 766//94 769//94 199//94
f 766//94 199//94 197//94
f 745//96 750//96 190//96
f 745//96 190//96 188//96
f 709//73 703//73 363//73
f 709//72 363//72 361//72
f 738//97 741//97 185//97
f 738//97 185//97 183//97
f 758//98 762//98 195//98
f 758//98 195//98 193//98
f 789//99 793//99 212//99
f 789//99 212//99 209//99
f 320//81 753//81 747//81
f 320//81 315//81 753//81
f 332//79 737//79 734//79
f 332//79 329//79 737//79
f 718//100 711//100 350//100
f 718//100 350//100 349//100
f 778//17 782//17 205//17
f 778//17 205//17 203//17
f 703//101 702//101 254//101
f 703//101 254//101 363//101
f 228//78 662//78 671//78
f 228//78 227//78 662//78
f 691//85 684//85 251//85
f 691//68 251//68 252//68
f 223//83 647//83 646//83
f 223//83 222//83 647//83
f 785//102 789//102 209//102
f 785//102 209//102 208//102
f 222//103 635//103 647//103
f 222//103 221//103 635//103
f 717//104 719//104 168//104
f 717//104 168//104 165//104
f 315//28 755//28 753//28
f 315//28 308//28 755//28
f 702//106 697//106 253//106
f 702//106 253//106 254//106
f 295//107 777//107 771//107
f 295//107 292//107 777//107
f 754//108 758//108 193//108
f 754//108 193//108 191//108
f 719//109 725//109 172//109
f 719//109 172//109 168//109
f 338//110 730//110 727//110
f 338//110 334//110 730//110
f 329//111 739//111 737//111
f 329//111 328//111 739//111
f 631//70 627//70 236//70
f 631//70 236//70 237//70
f 643//84 639//84 239//84
f 643//84 239//84 240//84
f 230//77 670//77 676//77
f 230//77 229//77 670//77
f 655//112 651//112 242//112
f 655//136 242//136 243//136
f 233//113 687//113 686//113
f 233//113 232//113 687//113
f 225//82 649//82 653//82
f 225//82 224//82 649//82
f 235//75 693//75 695//75
f 235//75 234//75 693//75
f 769//114 774//114 202//114
f 769//114 202//114 199//114
f 164//115 707//115 713//115
f 164//115 170//115 707//115
f 725//7 729//7 177//7
f 725//7 177//7 172//7
f 803//116 810//116 256//116
f 803//116 256//116 262//116
f 774//117 778//117 203//117
f 774//117 203//117 202//117
f 750//118 754//118 191//118
f 750//118 191//118 190//118
f 729//120 731//120 179//120
f 729//119 179//119 177//119
f 659//121 655//121 243//121
f 659//121 243//121 244//121
f 298//69 770//69 763//69
f 298//69 296//69 770//69
f 264//76 805//76 801//76
f 264//76 260//76 805//76
f 762//122 766//122 197//122
f 762//122 197//122 195//122
f 218//123 626//123 625//123
f 218//123 217//123 626//123
f 232//66 675//66 687//66
f 232//66 231//66 675//66
f 668//124 667//124 246//124
f 668//124 246//124 247//124
f 288//125 787//125 779//125
f 288//125 281//125 787//125
f 798//127 802//127 215//127
f 798//126 215//126 213//126
f 639//129 638//129 238//129
f 639//128 238//128 239//128
f 810//105 812//105 257//105
f 810//105 257//105 256//105
f 782//130 785//130 208//130
f 782//130 208//130 205//130
f 165//132 713//132 717//132
f 165//132 164//132 713//132
f 308//67 761//67 755//67
f 308//67 307//67 761//67
f 231//49 676//49 675//49
f 231//49 230//49 676//49
f 260//133 807//133 805//133
f 260//133 258//133 807//133
f 182//134 695//134 700//134
f 182//134 235//134 695//134
f 273//80 795//80 794//80
f 273//80 271//80 795//80
f 220//135 633//135 636//135
f 220//135 219//135 633//135
f 170//65 708//65 707//65
f 170//65 174//65 708//65
f 181//71 700//71 699//71
f 181//71 182//71 700//71
f 885//89 875//89 302//89
f 885//89 302//89 305//89
f 982//117 986//117 129//117
f 982//117 129//117 128//117
f 949//93 953//93 121//93
f 949//93 121//93 120//93
f 1018//105 1020//105 138//105
f 1018//105 138//105 137//105
f 1006//126 1010//126 135//126
f 1006//127 135//127 134//127
f 112//135 840//135 843//135
f 112//135 114//135 840//135
f 933//7 937//7 72//7
f 933//7 72//7 69//7
f 970//122 974//122 126//122
f 970//122 126//122 125//122
f 937//119 939//119 75//119
f 937//120 75//120 72//120
f 163//111 947//111 945//111
f 163//111 162//111 947//111
f 154//107 985//107 979//107
f 154//107 153//107 985//107
f 1011//116 1018//116 137//116
f 1011//116 137//116 136//116
f 84//23 893//23 900//23
f 84//23 87//23 893//23
f 939//90 946//90 82//90
f 939//90 82//90 75//90
f 875//124 874//124 300//124
f 875//124 300//124 302//124
f 910//101 909//101 325//101
f 910//101 325//101 336//101
f 874//25 867//25 290//25
f 874//25 290//25 300//25
f 153//35 987//35 985//35
f 153//35 152//35 987//35
f 866//121 862//121 286//121
f 866//121 286//121 285//121
f 946//97 949//97 120//97
f 946//97 120//97 82//97
f 993//102 997//102 132//102
f 993//102 132//102 131//102
f 90//49 883//49 882//49
f 90//49 92//49 883//49
f 966//98 970//98 125//98
f 966//98 125//98 124//98
f 917//45 916//45 340//45
f 917//45 340//45 344//45
f 1001//91 1006//91 134//91
f 1001//91 134//91 133//91
f 152//125 995//125 987//125
f 152//125 151//125 995//125
f 925//104 927//104 61//104
f 925//104 61//104 64//104
f 990//130 993//130 131//130
f 990//131 131//131 130//131
f 974//94 977//94 127//94
f 974//94 127//94 126//94
f 359//110 938//110 935//110
f 359//110 404//110 938//110
f 909//106 904//106 326//106
f 909//106 326//106 325//106
f 94//30 878//30 877//30
f 94//30 96//30 878//30
f 927//109 933//109 69//109
f 927//109 69//109 61//109
f 162//51 951//51 947//51
f 162//51 161//51 951//51
f 846//128 845//128 145//128
f 846//129 145//129 269//129
f 953//95 958//95 122//95
f 953//96 122//96 121//96
f 151//31 999//31 995//31
f 151//31 150//31 999//31
f 104//39 853//39 856//39
f 104//39 106//39 853//39
f 404//42 942//42 938//42
f 404//42 403//42 942//42
f 64//132 920//132 925//132
f 64//132 65//132 920//132
f 108//103 842//103 854//103
f 108//103 111//103 842//103
f 114//43 832//43 840//43
f 114//43 116//43 832//43
f 161//92 955//92 951//92
f 161//92 160//92 955//92
f 1010//19 1011//19 136//19
f 1010//19 136//19 135//19
f 862//112 858//112 283//112
f 862//112 283//112 286//112
f 148//32 1009//32 1003//32
f 148//32 147//32 1009//32
f 834//48 833//48 118//48
f 834//48 118//48 139//48
f 958//118 962//118 123//118
f 958//118 123//118 122//118
f 157//29 971//29 969//29
f 157//29 156//29 971//29
f 986//17 990//17 130//17
f 986//17 130//17 129//17
f 100//47 860//47 870//47
f 100//47 102//47 860//47
f 962//108 966//108 124//108
f 962//108 124//108 123//108
f 65//115 914//115 920//115
f 65//115 67//115 914//115
f 904//53 898//53 317//53
f 904//53 317//53 326//53
f 159//28 963//28 961//28
f 159//28 158//28 963//28
f 144//133 1015//133 1013//133
f 144//133 141//133 1015//133
f 73//46 906//46 915//46
f 73//46 77//46 906//46
f 116//123 833//123 832//123
f 116//123 118//123 833//123
f 997//99 1001//99 133//99
f 997//99 133//99 132//99
f 926//100 918//100 346//100
f 926//100 346//100 352//100
f 977//114 982//114 128//114
f 977//114 128//114 127//114
f 80//134 902//134 907//134
f 80//134 83//134 902//134
f 851//27 850//27 275//27
f 851//27 275//27 279//27
f 87//113 894//113 893//113
f 87//113 88//113 894//113
f 1187//89 1184//89 396//89
f 1187//89 396//89 395//89
f 1093//117 1099//117 312//117
f 1093//117 312//117 309//117
f 1058//93 1066//93 282//93
f 1058//93 282//93 278//93
f 1130//105 1136//105 351//105
f 1130//105 351//105 345//105
f 1117//127 1126//127 339//127
f 1117//126 339//126 335//126
f 337//135 1123//135 1122//135
f 337//135 341//135 1123//135
f 1046//7 1054//7 266//7
f 1046//7 266//7 265//7
f 1082//122 1083//122 301//122
f 1082//122 301//122 299//122
f 1054//120 1053//120 268//120
f 1054//119 268//119 266//119
f 379//111 1209//111 1212//111
f 379//111 378//111 1209//111
f 370//107 1171//107 1173//107
f 370//107 369//107 1171//107
f 1125//116 1130//116 345//116
f 1125//116 345//116 343//116
f 1053//90 1059//90 274//90
f 1053//90 274//90 268//90
f 1184//124 1180//124 397//124
f 1184//124 397//124 396//124
f 1216//101 1211//101 389//101
f 1216//101 389//101 388//101
f 1180//25 1176//25 398//25
f 1180//25 398//25 397//25
f 369//35 1165//35 1171//35
f 369//35 368//35 1165//35
f 1172//121 1168//121 400//121
f 1172//121 400//121 399//121
f 1059//97 1058//97 278//97
f 1059//97 278//97 274//97
f 1108//102 1112//102 324//102
f 1108//102 324//102 321//102
f 294//49 1085//49 1078//49
f 294//49 297//49 1085//49
f 1074//98 1082//98 299//98
f 1074//98 299//98 293//98
f 1220//45 1218//45 387//45
f 1220//45 387//45 386//45
f 1118//91 1117//91 335//91
f 1118//91 335//91 330//91
f 368//125 1161//125 1165//125
f 368//125 367//125 1161//125
f 1041//104 1040//104 261//104
f 1041//104 261//104 255//104
f 1098//130 1108//130 321//130
f 1098//130 321//130 316//130
f 1083//94 1094//94 304//94
f 1083//94 304//94 301//94
f 382//110 1219//110 1221//110
f 382//110 381//110 1219//110
f 1211//106 1207//106 390//106
f 1211//106 390//106 389//106
f 303//30 1090//30 1086//30
f 303//30 306//30 1090//30
f 1040//109 1046//109 265//109
f 1040//109 265//109 261//109
f 378//51 1205//51 1209//51
f 378//51 377//51 1205//51
f 1149//129 1147//129 360//129
f 1149//128 360//128 362//128
f 1066//96 1070//96 284//96
f 1066//96 284//96 282//96
f 367//31 1157//31 1161//31
f 367//31 366//31 1157//31
f 322//39 1110//39 1106//39
f 322//56 327//56 1110//56
f 381//42 1213//42 1219//42
f 381//42 380//42 1213//42
f 255//132 1042//132 1041//132
f 255//132 259//132 1042//132
f 331//103 1115//103 1114//103
f 331//103 333//103 1115//103
f 341//43 1128//43 1123//43
f 341//43 347//43 1128//43
f 377//92 1197//92 1205//92
f 377//92 376//92 1197//92
f 1126//19 1125//19 343//19
f 1126//19 343//19 339//19
f 1168//112 1163//112 401//112
f 1168//136 401//136 400//136
f 405//32 1148//32 1152//32
f 405//32 406//32 1148//32
f 1137//48 1135//48 348//48
f 1137//48 348//48 355//48
f 1070//118 1075//118 289//118
f 1070//118 289//118 284//118
f 373//29 1181//29 1188//29
f 373//29 372//29 1181//29
f 1099//17 1098//17 316//17
f 1099//17 316//17 312//17
f 314//47 1102//47 1101//47
f 314//47 319//47 1102//47
f 1075//108 1074//108 293//108
f 1075//108 293//108 289//108
f 259//115 1048//115 1042//115
f 259//115 263//115 1048//115
f 1207//53 1203//53 391//53
f 1207//53 391//53 390//53
f 375//28 1189//28 1195//28
f 375//28 374//28 1189//28
f 358//133 1140//133 1145//133
f 358//133 353//133 1140//133
f 267//46 1051//46 1050//46
f 267//46 270//46 1051//46
f 347//123 1135//123 1128//123
f 347//123 348//123 1135//123
f 1112//99 1118//99 330//99
f 1112//99 330//99 324//99
f 1228//100 1223//100 385//100
f 1228//100 385//100 384//100
f 1094//114 1093//114 309//114
f 1094//114 309//114 304//114
f 272//134 1062//134 1061//134
f 272//134 276//134 1062//134
f 1159//27 1156//27 364//27
f 1159//27 364//27 402//27
f 276//75 1064//75 1062//75
f 276//75 280//75 1064//75
f 287//113 1077//113 1068//113
f 287//113 291//113 1077//113
f 1245//137 501//137 495//137
f 1245//138 1246//138 501//138
f 462//139 466//139 607//139
f 462//140 607//140 1247//140
f 1248//141 474//141 470//141
f 1248//141 1249//141 474//141
f 1250//142 450//142 446//142
f 1250//142 1251//142 450//142
f 509//143 505//143 1252//143
f 509//144 1252//144 1253//144
f 1254//145 441//145 437//145
f 1254//145 1255//145 441//145
f 1256//146 553//146 562//146
f 1256//146 1257//146 553//146
f 1258//147 562//147 561//147
f 1258//147 1256//147 562//147
f 540//148 535//148 1259//148
f 540//149 1259//149 1260//149
f 588//150 579//150 1261//150
f 588//151 1261//151 1262//151
f 1263//152 512//152 517//152
f 1263//153 1264//153 512//153
f 1265//154 470//154 463//154
f 1265//154 1248//154 470//154
f 1266//155 495//155 494//155
f 1266//155 1245//155 495//155
f 1267//156 461//156 458//156
f 1267//156 1268//156 461//156
f 1269//157 494//157 487//157
f 1269//157 1266//157 494//157
f 1270//158 546//158 545//158
f 1270//158 1271//158 546//158
f 1272//159 569//159 577//159
f 1272//159 1273//159 569//159
f 1257//160 554//160 553//160
f 1257//160 1274//160 554//160
f 493//161 411//161 412//161
f 493//162 412//162 1275//162
f 556//163 549//163 1276//163
f 556//164 1276//164 1277//164
f 471//118 477//118 605//118
f 471//165 605//165 1278//165
f 1279//166 430//166 423//166
f 1279//166 1280//166 430//166
f 593//26 589//26 1281//26
f 593//167 1281//167 1282//167
f 575//168 573//168 1283//168
f 575//169 1283//169 1284//169
f 1285//170 585//170 595//170
f 1285//171 1286//171 585//171
f 1287//172 505//172 503//172
f 1287//172 1252//172 505//172
f 1288//173 577//173 581//173
f 1288//173 1272//173 577//173
f 1289//174 598//174 597//174
f 1289//174 1290//174 598//174
f 1251//175 453//175 450//175
f 1251//175 1291//175 453//175
f 1291//176 458//176 453//176
f 1291//176 1267//176 458//176
f 490//177 493//177 1275//177
f 490//178 1275//178 602//178
f 565//179 564//179 1292//179
f 565//179 1292//179 1293//179
f 1246//180 503//180 501//180
f 1246//180 1287//180 503//180
f 1294//181 504//181 513//181
f 1294//181 1295//181 504//181
f 1296//182 517//182 525//182
f 1296//182 1263//182 517//182
f 417//63 419//63 615//63
f 417//64 615//64 616//64
f 1271//183 537//183 546//183
f 1271//183 1297//183 537//183
f 443//59 445//59 611//59
f 443//60 611//60 1298//60
f 1264//184 513//184 512//184
f 1264//184 1294//184 513//184
f 1299//185 481//185 478//185
f 1299//185 1300//185 481//185
f 1301//186 421//186 418//186
f 1301//186 1302//186 421//186
f 1273//187 570//187 569//187
f 1273//187 1303//187 570//187
f 1304//188 529//188 533//188
f 1304//188 1305//188 529//188
f 1305//189 524//189 529//189
f 1305//189 1306//189 524//189
f 521//190 515//190 1307//190
f 521//191 1307//191 1308//191
f 1249//192 478//192 474//192
f 1249//192 1299//192 478//192
f 515//193 510//193 1309//193
f 515//45 1309//45 1307//45
f 1310//194 533//194 538//194
f 1310//194 1304//194 533//194
f 572//195 565//195 1293//195
f 572//121 1293//121 1311//121
f 1253//2 1252//2 1287//2
f 1308//2 1307//2 1309//2
f 1308//2 1309//2 1253//2
f 1266//2 1253//2 1287//2
f 1266//2 1308//2 1253//2
f 1266//2 1287//2 1246//2
f 1266//2 1246//2 1245//2
f 1312//2 1266//2 1269//2
f 1313//2 1314//2 1308//2
f 1248//2 1266//2 1312//2
f 1248//2 1312//2 1300//2
f 1248//2 1300//2 1299//2
f 1248//2 1299//2 1249//2
f 1315//2 1313//2 1308//2
f 1315//2 1316//2 1260//2
f 1315//2 1260//2 1259//2
f 1315//2 1259//2 1313//2
f 1268//2 1248//2 1265//2
f 1277//2 1276//2 1315//2
f 1292//2 1277//2 1315//2
f 1292//2 1317//2 1277//2
f 1291//2 1248//2 1268//2
f 1291//2 1268//2 1267//2
f 1311//2 1293//2 1292//2
f 1250//2 1291//2 1251//2
f 1283//2 1311//2 1292//2
f 1255//2 1291//2 1250//2
f 1254//2 1291//2 1255//2
f 1284//2 1283//2 1292//2
f 1262//2 1315//2 1308//2
f 1262//2 1261//2 1284//2
f 1262//2 1292//2 1315//2
f 1262//2 1284//2 1292//2
f 1280//2 1266//2 1248//2
f 1280//2 1248//2 1291//2
f 1280//2 1291//2 1254//2
f 1280//2 1254//2 1318//2
f 1282//2 1281//2 1262//2
f 1302//2 1280//2 1279//2
f 1319//2 1282//2 1262//2
f 1301//2 1280//2 1302//2
f 1290//2 1289//2 1319//2
f 616//2 1301//2 617//2
f 616//2 1280//2 1301//2
f 1320//2 1308//2 1266//2
f 1320//2 1286//2 1285//2
f 1320//2 1285//2 1290//2
f 1320//2 1262//2 1308//2
f 1320//2 1319//2 1262//2
f 1320//2 1290//2 1319//2
f 1321//2 1280//2 616//2
f 1321//2 616//2 615//2
f 1321//2 615//2 614//2
f 612//2 1321//2 613//2
f 1272//2 1288//2 1320//2
f 1256//2 1272//2 1320//2
f 1256//2 1258//2 1303//2
f 1256//2 1303//2 1273//2
f 1256//2 1273//2 1272//2
f 609//2 1321//2 612//2
f 609//2 612//2 1298//2
f 609//2 1298//2 611//2
f 609//2 611//2 610//2
f 1247//2 609//2 608//2
f 1274//2 1257//2 1256//2
f 606//2 1247//2 607//2
f 606//2 609//2 1247//2
f 1271//2 1270//2 1274//2
f 1271//2 1274//2 1256//2
f 1310//2 1297//2 1271//2
f 605//2 606//2 1278//2
f 604//2 606//2 605//2
f 1304//2 1310//2 1271//2
f 603//2 606//2 604//2
f 1305//2 1304//2 1271//2
f 1296//2 1306//2 1305//2
f 1296//2 1256//2 1320//2
f 1296//2 1271//2 1256//2
f 1296//2 1305//2 1271//2
f 1296//2 1266//2 1280//2
f 1296//2 1320//2 1266//2
f 1275//2 1280//2 1321//2
f 1275//2 603//2 602//2
f 1275//2 609//2 606//2
f 1275//2 1321//2 609//2
f 1275//2 606//2 603//2
f 1275//2 1296//2 1280//2
f 1264//2 1263//2 1296//2
f 410//2 1275//2 412//2
f 409//2 1296//2 1275//2
f 409//2 1275//2 410//2
f 1294//2 1264//2 1296//2
f 1294//2 1296//2 409//2
f 1295//2 1294//2 409//2
f 1322//2 1323//2 1324//2
f 1325//2 1326//2 1327//2
f 1325//2 1327//2 1322//2
f 1328//2 1322//2 1324//2
f 1328//2 1325//2 1322//2
f 1328//2 1324//2 1329//2
f 1328//2 1329//2 1330//2
f 1331//2 1328//2 1332//2
f 1333//2 1334//2 1325//2
f 1335//2 1328//2 1331//2
f 1335//2 1331//2 1336//2
f 1335//2 1336//2 1337//2
f 1335//2 1337//2 1338//2
f 1339//2 1333//2 1325//2
f 1339//2 1340//2 1341//2
f 1339//2 1341//2 1342//2
f 1339//2 1342//2 1333//2
f 1343//2 1335//2 1344//2
f 1345//2 1346//2 1339//2
f 1347//2 1345//2 1339//2
f 1347//2 1348//2 1345//2
f 1349//2 1335//2 1343//2
f 1349//2 1343//2 1350//2
f 1351//2 1352//2 1347//2
f 1353//2 1349//2 1354//2
f 1355//2 1351//2 1347//2
f 1356//2 1349//2 1353//2
f 1357//2 1349//2 1356//2
f 1358//2 1355//2 1347//2
f 1359//2 1339//2 1325//2
f 1359//2 1360//2 1358//2
f 1359//2 1347//2 1339//2
f 1359//2 1358//2 1347//2
f 1361//2 1328//2 1335//2
f 1361//2 1335//2 1349//2
f 1361//2 1349//2 1357//2
f 1361//2 1357//2 1362//2
f 1363//2 1364//2 1359//2
f 1365//2 1361//2 1366//2
f 1367//2 1363//2 1359//2
f 1368//2 1361//2 1365//2
f 1369//2 1370//2 1367//2
f 825//2 1368//2 826//2
f 825//2 1361//2 1368//2
f 1371//2 1325//2 1328//2
f 1371//2 1372//2 1373//2
f 1371//2 1373//2 1369//2
f 1371//2 1359//2 1325//2
f 1371//2 1367//2 1359//2
f 1371//2 1369//2 1367//2
f 1374//2 1361//2 825//2
f 1374//2 825//2 824//2
f 1374//2 824//2 823//2
f 821//2 1374//2 822//2
f 1375//2 1376//2 1371//2
f 1377//2 1375//2 1371//2
f 1377//2 1378//2 1379//2
f 1377//2 1379//2 1380//2
f 1377//2 1380//2 1375//2
f 818//2 1374//2 821//2
f 818//2 821//2 1381//2
f 818//2 1381//2 820//2
f 818//2 820//2 819//2
f 1382//2 818//2 817//2
f 1383//2 1384//2 1377//2
f 815//2 1382//2 816//2
f 815//2 818//2 1382//2
f 1385//2 1386//2 1383//2
f 1385//2 1383//2 1377//2
f 1387//2 1388//2 1385//2
f 814//2 815//2 1389//2
f 813//2 815//2 814//2
f 1390//2 1387//2 1385//2
f 1391//2 815//2 813//2
f 1392//2 1390//2 1385//2
f 1393//2 1394//2 1392//2
f 1393//2 1377//2 1371//2
f 1393//2 1385//2 1377//2
f 1393//2 1392//2 1385//2
f 1393//2 1328//2 1361//2
f 1393//2 1371//2 1328//2
f 1395//2 1361//2 1374//2
f 1395//2 1391//2 1396//2
f 1395//2 818//2 815//2
f 1395//2 1374//2 818//2
f 1395//2 815//2 1391//2
f 1395//2 1393//2 1361//2
f 1397//2 1398//2 1393//2
f 621//2 1395//2 623//2
f 620//2 1393//2 1395//2
f 620//2 1395//2 621//2
f 1399//2 1397//2 1393//2
f 1399//2 1393//2 620//2
f 1400//2 1399//2 620//2
f 1401//2 1402//2 1403//2
f 1404//2 1405//2 1406//2
f 1404//2 1406//2 1402//2
f 1407//2 1402//2 1401//2
f 1407//2 1404//2 1402//2
f 1407//2 1401//2 1408//2
f 1407//2 1408//2 1409//2
f 1410//2 1407//2 1411//2
f 1412//2 1413//2 1404//2
f 1414//2 1407//2 1410//2
f 1414//2 1410//2 1415//2
f 1414//2 1415//2 1416//2
f 1414//2 1416//2 1417//2
f 1418//2 1412//2 1404//2
f 1418//2 1419//2 1420//2
f 1418//2 1420//2 1421//2
f 1418//2 1421//2 1412//2
f 1422//2 1414//2 1423//2
f 1424//2 1425//2 1418//2
f 1426//2 1424//2 1418//2
f 1426//2 1427//2 1424//2
f 1428//2 1414//2 1422//2
f 1428//2 1422//2 1429//2
f 1430//2 1431//2 1426//2
f 1432//2 1428//2 1433//2
f 1434//2 1430//2 1426//2
f 1435//2 1428//2 1432//2
f 1436//2 1428//2 1435//2
f 1437//2 1434//2 1426//2
f 1438//2 1418//2 1404//2
f 1438//2 1439//2 1437//2
f 1438//2 1426//2 1418//2
f 1438//2 1437//2 1426//2
f 1440//2 1407//2 1414//2
f 1440//2 1414//2 1428//2
f 1440//2 1428//2 1436//2
f 1440//2 1436//2 1441//2
f 1442//2 1443//2 1438//2
f 1444//2 1440//2 1445//2
f 1446//2 1442//2 1438//2
f 1447//2 1440//2 1444//2
f 1448//2 1449//2 1446//2
f 1034//2 1447//2 1450//2
f 1034//2 1440//2 1447//2
f 1451//2 1404//2 1407//2
f 1451//2 1452//2 1453//2
f 1451//2 1453//2 1448//2
f 1451//2 1438//2 1404//2
f 1451//2 1446//2 1438//2
f 1451//2 1448//2 1446//2
f 1032//2 1440//2 1034//2
f 1032//2 1034//2 1033//2
f 1032//2 1033//2 1454//2
f 1030//2 1032//2 1031//2
f 1455//2 1456//2 1451//2
f 1457//2 1455//2 1451//2
f 1457//2 1458//2 1459//2
f 1457//2 1459//2 1460//2
f 1457//2 1460//2 1455//2
f 1026//2 1032//2 1030//2
f 1026//2 1030//2 1029//2
f 1026//2 1029//2 1028//2
f 1026//2 1028//2 1027//2
f 1461//2 1026//2 1462//2
f 1463//2 1464//2 1457//2
f 1024//2 1461//2 1025//2
f 1024//2 1026//2 1461//2
f 1465//2 1466//2 1463//2
f 1465//2 1463//2 1457//2
f 1467//2 1468//2 1465//2
f 1469//2 1024//2 1470//2
f 1023//2 1024//2 1469//2
f 1471//2 1467//2 1465//2
f 1022//2 1024//2 1023//2
f 1472//2 1471//2 1465//2
f 1473//2 1474//2 1472//2
f 1473//2 1465//2 1457//2
f 1473//2 1457//2 1451//2
f 1473//2 1472//2 1465//2
f 1473//2 1407//2 1440//2
f 1473//2 1451//2 1407//2
f 1475//2 1440//2 1032//2
f 1475//2 1022//2 1021//2
f 1475//2 1026//2 1024//2
f 1475//2 1032//2 1026//2
f 1475//2 1024//2 1022//2
f 1475//2 1473//2 1440//2
f 1476//2 1477//2 1473//2
f 829//2 1475//2 830//2
f 1478//2 1473//2 1475//2
f 1478//2 1475//2 829//2
f 1479//2 1476//2 1473//2
f 1479//2 1473//2 1478//2
f 1480//2 1479//2 1478//2
f 1481//2 1482//2 1483//2
f 1484//2 1485//2 1486//2
f 1484//2 1486//2 1482//2
f 1487//2 1482//2 1481//2
f 1487//2 1484//2 1482//2
f 1487//2 1481//2 1488//2
f 1487//2 1488//2 1489//2
f 1490//2 1487//2 1491//2
f 1492//2 1493//2 1484//2
f 1494//2 1487//2 1490//2
f 1494//2 1490//2 1495//2
f 1494//2 1495//2 1496//2
f 1494//2 1496//2 1497//2
f 1498//2 1492//2 1484//2
f 1498//2 1499//2 1500//2
f 1498//2 1500//2 1501//2
f 1498//2 1501//2 1492//2
f 1502//2 1494//2 1503//2
f 1504//2 1505//2 1498//2
f 1506//2 1504//2 1498//2
f 1506//2 1507//2 1504//2
f 1508//2 1494//2 1502//2
f 1508//2 1502//2 1509//2
f 1510//2 1511//2 1506//2
f 1512//2 1508//2 1513//2
f 1514//2 1510//2 1506//2
f 1515//2 1508//2 1512//2
f 1516//2 1508//2 1515//2
f 1517//2 1514//2 1506//2
f 1518//2 1498//2 1484//2
f 1518//2 1519//2 1517//2
f 1518//2 1506//2 1498//2
f 1518//2 1517//2 1506//2
f 1520//2 1487//2 1494//2
f 1520//2 1494//2 1508//2
f 1520//2 1508//2 1516//2
f 1520//2 1516//2 1521//2
f 1522//2 1523//2 1518//2
f 1524//2 1520//2 1525//2
f 1526//2 1522//2 1518//2
f 1527//2 1520//2 1524//2
f 1528//2 1529//2 1526//2
f 1242//2 1527//2 1530//2
f 1242//2 1520//2 1527//2
f 1531//2 1484//2 1487//2
f 1531//2 1532//2 1533//2
f 1531//2 1533//2 1528//2
f 1531//2 1518//2 1484//2
f 1531//2 1526//2 1518//2
f 1531//2 1528//2 1526//2
f 1240//2 1520//2 1242//2
f 1240//2 1242//2 1241//2
f 1240//2 1241//2 1534//2
f 1238//2 1240//2 1239//2
f 1535//2 1536//2 1531//2
f 1537//2 1535//2 1531//2
f 1537//2 1538//2 1539//2
f 1537//2 1539//2 1540//2
f 1537//2 1540//2 1535//2
f 1234//2 1240//2 1238//2
f 1234//2 1238//2 1237//2
f 1234//2 1237//2 1236//2
f 1234//2 1236//2 1235//2
f 1541//2 1234//2 1542//2
f 1543//2 1544//2 1537//2
f 1232//2 1541//2 1233//2
f 1232//2 1234//2 1541//2
f 1545//2 1546//2 1543//2
f 1545//2 1543//2 1537//2
f 1547//2 1548//2 1545//2
f 1549//2 1232//2 1550//2
f 1231//2 1232//2 1549//2
f 1551//2 1547//2 1545//2
f 1230//2 1232//2 1231//2
f 1552//2 1551//2 1545//2
f 1553//2 1554//2 1552//2
f 1553//2 1545//2 1537//2
f 1553//2 1537//2 1531//2
f 1553//2 1552//2 1545//2
f 1553//2 1487//2 1520//2
f 1553//2 1531//2 1487//2
f 1555//2 1520//2 1240//2
f 1555//2 1230//2 1229//2
f 1555//2 1234//2 1232//2
f 1555//2 1240//2 1234//2
f 1555//2 1232//2 1230//2
f 1555//2 1553//2 1520//2
f 1556//2 1557//2 1553//2
f 1037//2 1555//2 1038//2
f 1558//2 1553//2 1555//2
f 1558//2 1555//2 1037//2
f 1559//2 1556//2 1553//2
f 1559//2 1553//2 1558//2
f 1560//2 1559//2 1558//2
f 597//196 600//196 1319//196
f 597//197 1319//197 1289//197
f 455//198 462//198 1247//198
f 455//199 1247//199 608//199
f 535//200 531//200 1313//200
f 535//201 1313//201 1259//201
f 589//202 588//202 1262//202
f 589//203 1262//203 1281//203
f 1306//204 525//204 524//204
f 1306//204 1296//204 525//204
f 579//205 575//205 1284//205
f 579//205 1284//205 1261//205
f 439//206 443//206 1298//206
f 439//207 1298//207 612//207
f 1318//208 437//208 434//208
f 1318//208 1254//208 437//208
f 479//57 485//57 603//57
f 479//58 603//58 604//58
f 549//209 548//209 1315//209
f 549//210 1315//210 1276//210
f 1255//211 446//211 441//211
f 1255//211 1250//211 446//211
f 1290//212 595//212 598//212
f 1290//212 1285//212 595//212
f 548//213 541//213 1316//213
f 548//213 1316//213 1315//213
f 1302//214 423//214 421//214
f 1302//215 1279//215 423//215
f 1274//216 545//216 554//216
f 1274//216 1270//216 545//216
f 1280//217 434//217 430//217
f 1280//217 1318//217 434//217
f 469//218 471//218 1278//218
f 469//218 1278//218 606//218
f 1303//219 561//219 570//219
f 1303//219 1258//219 561//219
f 426//220 429//220 1321//220
f 426//221 1321//221 614//221
f 531//222 522//222 1314//222
f 531//222 1314//222 1313//222
f 1286//223 586//223 585//223
f 1286//223 1320//223 586//223
f 510//224 509//224 1253//224
f 510//225 1253//225 1309//225
f 557//226 556//226 1277//226
f 557//227 1277//227 1317//227
f 1320//228 581//228 586//228
f 1320//228 1288//228 581//228
f 1268//229 463//229 461//229
f 1268//229 1265//229 463//229
f 617//230 418//230 413//230
f 617//230 1301//230 418//230
f 573//231 572//231 1311//231
f 573//232 1311//232 1283//232
f 408//233 504//233 1295//233
f 408//234 1295//234 409//234
f 1300//235 483//235 481//235
f 1300//235 1312//235 483//235
f 429//61 431//61 613//61
f 429//62 613//62 1321//62
f 1312//236 487//236 483//236
f 1312//236 1269//236 487//236
f 600//237 593//237 1282//237
f 600//238 1282//238 1319//238
f 541//52 540//52 1260//52
f 541//239 1260//239 1316//239
f 564//240 557//240 1317//240
f 564//241 1317//241 1292//241
f 522//242 521//242 1308//242
f 522//243 1308//243 1314//243
f 1297//244 538//244 537//244
f 1297//244 1310//244 538//244
f 1330//137 712//137 706//137
f 1330//138 1329//138 712//138
f 673//139 677//139 816//139
f 673//140 816//140 1382//140
f 1353//142 661//142 657//142
f 1353//142 1354//142 661//142
f 720//143 716//143 1323//143
f 720//144 1323//144 1322//144
f 1357//145 652//145 648//145
f 1357//145 1356//145 652//145
f 1377//146 764//146 773//146
f 1377//146 1384//146 764//146
f 1378//147 773//147 772//147
f 1378//147 1377//147 773//147
f 751//148 746//148 1342//148
f 751//149 1342//149 1341//149
f 799//150 790//150 1360//150
f 799//151 1360//151 1359//151
f 1398//152 723//152 728//152
f 1398//153 1397//153 723//153
f 1344//154 681//154 674//154
f 1344//154 1335//154 681//154
f 1328//155 706//155 705//155
f 1328//155 1330//155 706//155
f 1350//156 672//156 669//156
f 1350//156 1343//156 672//156
f 1332//157 705//157 698//157
f 1332//157 1328//157 705//157
f 1386//158 757//158 756//158
f 1386//158 1385//158 757//158
f 1375//159 780//159 788//159
f 1375//159 1380//159 780//159
f 704//161 622//161 623//161
f 704//162 623//162 1395//162
f 767//163 760//163 1346//163
f 767//164 1346//164 1345//164
f 682//118 688//118 814//118
f 682//165 814//165 1389//165
f 1366//166 641//166 634//166
f 1366//166 1361//166 641//166
f 804//26 800//26 1364//26
f 804//167 1364//167 1363//167
f 786//168 784//168 1355//168
f 786//169 1355//169 1358//169
f 1373//170 796//170 806//170
f 1373//171 1372//171 796//171
f 1324//172 716//172 714//172
f 1324//172 1323//172 716//172
f 1376//173 788//173 792//173
f 1376//173 1375//173 788//173
f 1370//174 809//174 808//174
f 1370//174 1369//174 809//174
f 1354//175 664//175 661//175
f 1354//175 1349//175 664//175
f 1349//176 669//176 664//176
f 1349//176 1350//176 669//176
f 701//177 704//177 1395//177
f 701//178 1395//178 1396//178
f 776//179 775//179 1347//179
f 776//179 1347//179 1352//179
f 1329//180 714//180 712//180
f 1329//180 1324//180 714//180
f 1399//181 715//181 724//181
f 1399//181 1400//181 715//181
f 1393//182 728//182 736//182
f 1393//182 1398//182 728//182
f 628//63 630//63 824//63
f 628//64 824//64 825//64
f 1385//183 748//183 757//183
f 1385//183 1388//183 748//183
f 654//59 656//59 820//59
f 654//60 820//60 1381//60
f 1397//184 724//184 723//184
f 1397//184 1399//184 724//184
f 1337//185 692//185 689//185
f 1337//185 1336//185 692//185
f 1368//186 632//186 629//186
f 1368//186 1365//186 632//186
f 1380//187 781//187 780//187
f 1380//187 1379//187 781//187
f 1390//188 740//188 744//188
f 1390//188 1392//188 740//188
f 1392//189 735//189 740//189
f 1392//189 1394//189 735//189
f 732//190 726//190 1326//190
f 732//191 1326//191 1325//191
f 1338//192 689//192 685//192
f 1338//192 1337//192 689//192
f 726//193 721//193 1327//193
f 726//45 1327//45 1326//45
f 1387//194 744//194 749//194
f 1387//194 1390//194 744//194
f 783//195 776//195 1352//195
f 783//121 1352//121 1351//121
f 808//196 811//196 1367//196
f 808//197 1367//197 1370//197
f 666//198 673//198 1382//198
f 666//199 1382//199 817//199
f 1384//160 765//160 764//160
f 1384//160 1383//160 765//160
f 746//200 742//200 1333//200
f 746//201 1333//201 1342//201
f 800//202 799//202 1359//202
f 800//203 1359//203 1364//203
f 1394//204 736//204 735//204
f 1394//204 1393//204 736//204
f 790//205 786//205 1358//205
f 790//205 1358//205 1360//205
f 650//206 654//206 1381//206
f 650//207 1381//207 821//207
f 1362//208 648//208 645//208
f 1362//208 1357//208 648//208
f 690//57 696//57 1391//57
f 690//58 1391//58 813//58
f 760//209 759//209 1339//209
f 760//210 1339//210 1346//210
f 1356//211 657//211 652//211
f 1356//211 1353//211 657//211
f 1369//212 806//212 809//212
f 1369//212 1373//212 806//212
f 759//213 752//213 1340//213
f 759//213 1340//213 1339//213
f 1365//214 634//214 632//214
f 1365//215 1366//215 634//215
f 1383//216 756//216 765//216
f 1383//216 1386//216 756//216
f 1361//217 645//217 641//217
f 1361//217 1362//217 645//217
f 680//218 682//218 1389//218
f 680//218 1389//218 815//218
f 1379//219 772//219 781//219
f 1379//219 1378//219 772//219
f 637//220 640//220 1374//220
f 637//221 1374//221 823//221
f 742//222 733//222 1334//222
f 742//222 1334//222 1333//222
f 1372//223 797//223 796//223
f 1372//223 1371//223 797//223
f 721//224 720//224 1322//224
f 721//225 1322//225 1327//225
f 768//226 767//226 1345//226
f 768//227 1345//227 1348//227
f 1371//228 792//228 797//228
f 1371//228 1376//228 792//228
f 1335//141 685//141 681//141
f 1335//141 1338//141 685//141
f 696//8 701//8 1396//8
f 696//8 1396//8 1391//8
f 1343//229 674//229 672//229
f 1343//229 1344//229 674//229
f 826//230 629//230 624//230
f 826//230 1368//230 629//230
f 784//231 783//231 1351//231
f 784//232 1351//232 1355//232
f 619//233 715//233 1400//233
f 619//234 1400//234 620//234
f 1336//235 694//235 692//235
f 1336//235 1331//235 694//235
f 640//61 642//61 822//61
f 640//62 822//62 1374//62
f 1331//236 698//236 694//236
f 1331//236 1332//236 698//236
f 811//237 804//237 1363//237
f 811//238 1363//238 1367//238
f 752//52 751//52 1341//52
f 752//239 1341//239 1340//239
f 775//240 768//240 1348//240
f 775//241 1348//241 1347//241
f 733//242 732//242 1325//242
f 733//243 1325//243 1334//243
f 1388//244 749//244 748//244
f 1388//244 1387//244 749//244
f 1012//26 1008//26 1443//26
f 1012//167 1443//167 1442//167
f 880//139 884//139 1025//139
f 880//140 1025//140 1461//140
f 959//148 954//148 1421//148
f 959//149 1421//149 1420//149
f 928//143 924//143 1403//143
f 928//144 1403//144 1402//144
f 1435//211 864//211 859//211
f 1435//211 1432//211 864//211
f 992//231 991//231 1430//231
f 992//232 1430//232 1434//232
f 1016//196 1019//196 1446//196
f 1016//197 1446//197 1449//197
f 1441//208 855//208 852//208
f 1441//208 1436//208 855//208
f 1464//160 973//160 972//160
f 1464//160 1463//160 973//160
f 1458//147 981//147 980//147
f 1458//147 1457//147 981//147
f 1448//212 1014//212 1017//212
f 1448//212 1453//212 1014//212
f 1460//187 989//187 988//187
f 1460//187 1459//187 989//187
f 873//198 880//198 1461//198
f 873//199 1461//199 1462//199
f 1476//184 932//184 931//184
f 1476//184 1479//184 932//184
f 934//193 929//193 1406//193
f 934//45 1406//45 1405//45
f 950//222 941//222 1413//222
f 950//222 1413//222 1412//222
f 1429//156 879//156 876//156
f 1429//156 1422//156 879//156
f 895//9 897//9 1023//9
f 895//10 1023//10 1469//10
f 1479//181 923//181 932//181
f 1479//181 1480//181 923//181
f 1415//235 901//235 899//235
f 1415//235 1410//235 901//235
f 889//118 895//118 1469//118
f 889//165 1469//165 1470//165
f 1473//182 936//182 944//182
f 1473//182 1477//182 936//182
f 994//168 992//168 1434//168
f 994//169 1434//169 1437//169
f 1466//158 965//158 964//158
f 1466//158 1465//158 965//158
f 1456//173 996//173 1000//173
f 1456//173 1455//173 996//173
f 1401//172 924//172 921//172
f 1401//172 1403//172 924//172
f 1471//188 948//188 952//188
f 1471//188 1472//188 948//188
f 941//242 940//242 1404//242
f 941//243 1404//243 1413//243
f 1428//176 876//176 871//176
f 1428//176 1429//176 876//176
f 911//161 827//161 830//161
f 911//162 830//162 1475//162
f 1449//174 1017//174 1016//174
f 1449//174 1448//174 1017//174
f 887//218 889//218 1470//218
f 887//218 1470//218 1024//218
f 984//179 983//179 1426//179
f 984//179 1426//179 1431//179
f 1468//244 957//244 956//244
f 1468//244 1467//244 957//244
f 872//13 873//13 1462//13
f 872//14 1462//14 1026//14
f 1444//214 841//214 839//214
f 1444//215 1445//215 841//215
f 908//177 911//177 1475//177
f 908//178 1475//178 1021//178
f 954//200 950//200 1412//200
f 954//201 1412//201 1421//201
f 967//213 960//213 1419//213
f 967//213 1419//213 1418//213
f 1432//142 868//142 864//142
f 1432//142 1433//142 868//142
f 863//16 865//16 1027//16
f 863//17 1027//17 1028//17
f 831//21 835//21 1034//21
f 831//22 1034//22 1450//22
f 844//220 847//220 1032//220
f 844//221 1032//221 1454//221
f 1457//146 972//146 981//146
f 1457//146 1464//146 972//146
f 968//209 967//209 1418//209
f 968//210 1418//210 1425//210
f 1472//189 943//189 948//189
f 1472//189 1474//189 943//189
f 1008//202 1007//202 1438//202
f 1008//203 1438//203 1443//203
f 1465//183 956//183 965//183
f 1465//183 1468//183 956//183
f 1450//230 836//230 831//230
f 1450//230 1447//230 836//230
f 1422//229 881//229 879//229
f 1422//229 1423//229 881//229
f 1019//237 1012//237 1442//237
f 1019//238 1442//238 1446//238
f 1411//157 912//157 905//157
f 1411//157 1407//157 912//157
f 1440//217 852//217 848//217
f 1440//217 1441//217 852//217
f 1408//180 921//180 919//180
f 1408//180 1401//180 921//180
f 1463//216 964//216 973//216
f 1463//216 1466//216 964//216
f 857//206 861//206 1029//206
f 857//207 1029//207 1030//207
f 1455//159 988//159 996//159
f 1455//159 1460//159 988//159
f 1477//152 931//152 936//152
f 1477//153 1476//153 931//153
f 991//195 984//195 1431//195
f 991//121 1431//121 1430//121
f 983//240 976//240 1427//240
f 983//241 1427//241 1426//241
f 1445//166 848//166 841//166
f 1445//166 1440//166 848//166
f 1436//145 859//145 855//145
f 1436//145 1435//145 859//145
f 1467//194 952//194 957//194
f 1467//194 1471//194 952//194
f 1451//228 1000//228 1005//228
f 1451//228 1456//228 1000//228
f 1007//150 998//150 1439//150
f 1007//151 1439//151 1438//151
f 1459//219 980//219 989//219
f 1459//219 1458//219 980//219
f 1433//175 871//175 868//175
f 1433//175 1428//175 871//175
f 1453//170 1004//170 1014//170
f 1453//171 1452//171 1004//171
f 960//52 959//52 1420//52
f 960//239 1420//239 1419//239
f 1414//141 892//141 888//141
f 1414//141 1417//141 892//141
f 940//190 934//190 1405//190
f 940//191 1405//191 1404//191
f 1423//154 888//154 881//154
f 1423//154 1414//154 888//154
f 1447//186 839//186 836//186
f 1447//186 1444//186 839//186
f 1474//204 944//204 943//204
f 1474//204 1473//204 944//204
f 837//19 844//19 1454//19
f 837//20 1454//20 1033//20
f 1409//137 919//137 913//137
f 1409//138 1408//138 919//138
f 998//205 994//205 1437//205
f 998//205 1437//205 1439//205
f 828//4 922//4 1478//4
f 828//5 1478//5 829//5
f 922//233 923//233 1480//233
f 922//234 1480//234 1478//234
f 1407//155 913//155 912//155
f 1407//155 1409//155 913//155
f 1410//236 905//236 901//236
f 1410//236 1411//236 905//236
f 929//224 928//224 1402//224
f 929//225 1402//225 1406//225
f 976//226 975//226 1424//226
f 976//227 1424//227 1427//227
f 975//163 968//163 1425//163
f 975//164 1425//164 1424//164
f 1416//185 899//185 896//185
f 1416//185 1415//185 899//185
f 1417//192 896//192 892//192
f 1417//192 1416//192 896//192
f 1452//223 1005//223 1004//223
f 1452//223 1451//223 1005//223
f 1129//26 1124//26 1523//26
f 1129//167 1523//167 1522//167
f 1186//139 1185//139 1233//139
f 1186//140 1233//140 1541//140
f 1071//148 1069//148 1501//148
f 1071//149 1501//149 1500//149
f 1043//143 1039//143 1483//143
f 1043//144 1483//144 1482//144
f 1515//211 1104//211 1105//211
f 1515//211 1512//211 1104//211
f 1107//231 1103//231 1510//231
f 1107//232 1510//232 1514//232
f 1133//196 1132//196 1526//196
f 1133//197 1526//197 1529//197
f 1521//208 1109//208 1113//208
f 1521//208 1516//208 1109//208
f 1544//160 1182//160 1175//160
f 1544//160 1543//160 1182//160
f 1538//147 1174//147 1167//147
f 1538//147 1537//147 1174//147
f 1528//212 1142//212 1141//212
f 1528//212 1533//212 1142//212
f 1540//187 1166//187 1162//187
f 1540//187 1539//187 1166//187
f 1177//198 1186//198 1541//198
f 1177//199 1541//199 1542//199
f 1535//159 1162//159 1158//159
f 1535//159 1540//159 1162//159
f 1556//184 1227//184 1222//184
f 1556//184 1559//184 1227//184
f 1052//193 1045//193 1486//193
f 1052//45 1486//45 1485//45
f 1065//222 1057//222 1493//222
f 1065//222 1493//222 1492//222
f 1509//156 1087//156 1089//156
f 1509//156 1502//156 1087//156
f 1202//9 1201//9 1231//9
f 1202//10 1231//10 1549//10
f 1559//181 1224//181 1227//181
f 1559//181 1560//181 1224//181
f 1495//235 1063//235 1067//235
f 1495//235 1490//235 1063//235
f 1193//118 1202//118 1549//118
f 1193//165 1549//165 1550//165
f 1553//182 1215//182 1214//182
f 1553//182 1557//182 1215//182
f 1111//168 1107//168 1514//168
f 1111//169 1514//169 1517//169
f 1546//158 1190//158 1183//158
f 1546//158 1545//158 1190//158
f 1536//173 1158//173 1154//173
f 1536//173 1535//173 1158//173
f 1481//172 1039//172 1044//172
f 1481//172 1483//172 1039//172
f 1551//188 1206//188 1199//188
f 1551//188 1552//188 1206//188
f 1057//242 1055//242 1484//242
f 1057//243 1484//243 1493//243
f 1508//176 1089//176 1096//176
f 1508//176 1509//176 1089//176
f 1217//161 1035//161 1038//161
f 1217//162 1038//162 1555//162
f 1529//174 1141//174 1133//174
f 1529//174 1528//174 1141//174
f 1194//218 1193//218 1550//218
f 1194//218 1550//218 1232//218
f 1097//179 1095//179 1506//179
f 1097//179 1506//179 1511//179
f 1548//244 1198//244 1191//244
f 1548//244 1547//244 1198//244
f 1178//13 1177//13 1542//13
f 1178//14 1542//14 1234//14
f 1524//214 1121//214 1127//214
f 1524//215 1525//215 1121//215
f 1208//177 1217//177 1555//177
f 1208//178 1555//178 1229//178
f 1069//200 1065//200 1492//200
f 1069//201 1492//201 1501//201
f 1080//213 1073//213 1499//213
f 1080//213 1499//213 1498//213
f 1512//142 1100//142 1104//142
f 1512//142 1513//142 1100//142
f 1170//16 1169//16 1235//16
f 1170//17 1235//17 1236//17
f 1134//21 1139//21 1242//21
f 1134//22 1242//22 1530//22
f 1144//220 1151//220 1240//220
f 1144//221 1240//221 1534//221
f 1537//146 1175//146 1174//146
f 1537//146 1544//146 1175//146
f 1045//224 1043//224 1482//224
f 1045//225 1482//225 1486//225
f 1081//209 1080//209 1498//209
f 1081//210 1498//210 1505//210
f 1552//189 1210//189 1206//189
f 1552//189 1554//189 1210//189
f 1124//202 1119//202 1518//202
f 1124//203 1518//203 1523//203
f 1545//183 1191//183 1190//183
f 1545//183 1548//183 1191//183
f 1530//230 1131//230 1134//230
f 1530//230 1527//230 1131//230
f 1502//229 1084//229 1087//229
f 1502//229 1503//229 1084//229
f 1132//237 1129//237 1522//237
f 1132//238 1522//238 1526//238
f 1491//157 1056//157 1060//157
f 1491//157 1487//157 1056//157
f 1520//217 1113//217 1120//217
f 1520//217 1521//217 1113//217
f 1516//145 1105//145 1109//145
f 1516//145 1515//145 1105//145
f 1488//180 1044//180 1047//180
f 1488//180 1481//180 1044//180
f 1543//216 1183//216 1182//216
f 1543//216 1546//216 1183//216
f 1160//206 1164//206 1237//206
f 1160//207 1237//207 1238//207
f 1557//152 1222//152 1215//152
f 1557//153 1556//153 1222//153
f 1103//195 1097//195 1511//195
f 1103//121 1511//121 1510//121
f 1095//240 1092//240 1507//240
f 1095//241 1507//241 1506//241
f 1525//166 1120//166 1121//166
f 1525//166 1520//166 1120//166
f 1547//194 1199//194 1198//194
f 1547//194 1551//194 1199//194
f 1531//228 1154//228 1153//228
f 1531//228 1536//228 1154//228
f 1119//150 1116//150 1519//150
f 1119//151 1519//151 1518//151
f 1539//219 1167//219 1166//219
f 1539//219 1538//219 1167//219
f 1513//175 1096//175 1100//175
f 1513//175 1508//175 1096//175
f 1073//52 1071//52 1500//52
f 1073//239 1500//239 1499//239
f 1533//170 1146//170 1142//170
f 1533//171 1532//171 1146//171
f 1494//141 1076//141 1079//141
f 1494//141 1497//141 1076//141
f 1055//190 1052//190 1485//190
f 1055//191 1485//191 1484//191
f 1503//154 1079//154 1084//154
f 1503//154 1494//154 1079//154
f 1527//186 1127//186 1131//186
f 1527//186 1524//186 1127//186
f 1554//204 1214//204 1210//204
f 1554//204 1553//204 1214//204
f 1138//19 1144//19 1534//19
f 1138//20 1534//20 1241//20
f 1489//137 1047//137 1049//137
f 1489//138 1488//138 1047//138
f 1116//205 1111//205 1517//205
f 1116//205 1517//205 1519//205
f 1036//4 1225//4 1558//4
f 1036//5 1558//5 1037//5
f 1225//233 1224//233 1560//233
f 1225//234 1560//234 1558//234
f 1487//155 1049//155 1056//155
f 1487//155 1489//155 1049//155
f 1490//236 1060//236 1063//236
f 1490//236 1491//236 1060//236
f 1092//226 1088//226 1504//226
f 1092//227 1504//227 1507//227
f 1088//163 1081//163 1505//163
f 1088//164 1505//164 1504//164
f 1496//185 1067//185 1072//185
f 1496//185 1495//185 1067//185
f 1497//192 1072//192 1076//192
f 1497//192 1496//192 1072//192
f 1532//223 1153//223 1146//223
f 1532//223 1531//223 1153//223
f 19//86 7//86 6//86
f 19//86 18//86 7//86
f 4//88 7//88 18//88
f 4//88 18//88 17//88
f 6//2 1//2 15//2
f 6//2 15//2 19//2
f 17//87 1//87 4//87
f 17//87 15//87 1//87
o OpenSCAD_Lid_Physical
v 53.799999 -41.799999 20.400000
v 53.799999 41.799999 17.600000
v 53.799999 41.799999 20.400000
v 53.799999 -41.799999 17.600000
v -23.879601 -13.648400 20.400000
v -53.799999 -41.799999 20.400000
v -23.767799 -13.767800 20.400000
v -23.648399 -13.879600 20.400000
v -23.983400 -13.521900 20.400000
v -23.521900 -13.983400 20.400000
v -23.388901 -14.078700 20.400000
v -24.078699 -13.388900 20.400000
v -23.250000 -14.165100 20.400000
v -24.165100 -13.250000 20.400000
v -24.242201 -13.105700 20.400000
v -23.105700 -14.242200 20.400000
v -24.309700 -12.956700 20.400000
v -22.956699 -14.309700 20.400000
v -22.803600 -14.367300 20.400000
v -24.367300 -12.803600 20.400000
v -24.414801 -12.647000 20.400000
v -22.646999 -14.414800 20.400000
v -24.452000 -12.487700 20.400000
v -22.487700 -14.452000 20.400000
v -22.326300 -14.478600 20.400000
v -24.478600 -12.326300 20.400000
v -22.163500 -14.494600 20.400000
v -24.494600 -12.163500 20.400000
v -22.000000 -14.500000 20.400000
v -24.500000 -12.000000 20.400000
v -21.836500 -14.494600 20.400000
v -24.494600 -11.836500 20.400000
v -21.673700 -14.478600 20.400000
v -24.478600 -11.673700 20.400000
v -21.512300 -14.452000 20.400000
v -24.452000 -11.512300 20.400000
v -24.414801 -11.353000 20.400000
v -7.767770 -13.767800 20.400000
v -20.232201 -13.767800 20.400000
v -20.351601 -13.879600 20.400000
v -7.879600 -13.648400 20.400000
v -20.016600 -13.521900 20.400000
v -20.120399 -13.648400 20.400000
v -7.648360 -13.879600 20.400000
v -7.521900 -13.983400 20.400000
v -20.478100 -13.983400 20.400000
v -7.983380 -13.521900 20.400000
v -19.921301 -13.388900 20.400000
v -7.388930 -14.078700 20.400000
v -20.611099 -14.078700 20.400000
v -20.750000 -14.165100 20.400000
v -8.078670 -13.388900 20.400000
v -19.834900 -13.250000 20.400000
v -7.250000 -14.165100 20.400000
v -8.165060 -13.250000 20.400000
v -7.105720 -14.242200 20.400000
v -20.894300 -14.242200 20.400000
v -21.043301 -14.309700 20.400000
v -8.242180 -13.105700 20.400000
v -19.757799 -13.105700 20.400000
v -6.956710 -14.309700 20.400000
v -21.196400 -14.367300 20.400000
v -8.309700 -12.956700 20.400000
v -19.690300 -12.956700 20.400000
v -8.367320 -12.803600 20.400000
v -19.585199 -12.647000 20.400000
v -19.632700 -12.803600 20.400000
v -6.803600 -14.367300 20.400000
v -6.647050 -14.414800 20.400000
v -21.353001 -14.414800 20.400000
v -8.414810 -12.647000 20.400000
v -19.548000 -12.487700 20.400000
v -6.487730 -14.452000 20.400000
v -8.451960 -12.487700 20.400000
v -6.326310 -14.478600 20.400000
v -8.478610 -12.326300 20.400000
v -19.521400 -12.326300 20.400000
v -8.494650 -12.163500 20.400000
v -19.500000 -12.000000 20.400000
v -19.505400 -12.163500 20.400000
v -6.163510 -14.494600 20.400000
v -6.000000 -14.500000 20.400000
v -8.500000 -12.000000 20.400000
v -8.494650 -11.836500 20.400000
v -19.521400 -11.673700 20.400000
v -19.505400 -11.836500 20.400000
v -5.836490 -14.494600 20.400000
v -8.478610 -11.673700 20.400000
v -19.548000 -11.512300 20.400000
v -8.451960 -11.512300 20.400000
v -8.414810 -11.353000 20.400000
v -19.585199 -11.353000 20.400000
v -8.367320 -11.196400 20.400000
v -19.690300 -11.043300 20.400000
v -19.632700 -11.196400 20.400000
v -8.309700 -11.043300 20.400000
v -19.757799 -10.894300 20.400000
v -8.242180 -10.894300 20.400000
v -19.834900 -10.750000 20.400000
v -8.165060 -10.750000 20.400000
v -8.078670 -10.611100 20.400000
v -19.921301 -10.611100 20.400000
v -7.983380 -10.478100 20.400000
v -20.016600 -10.478100 20.400000
v -7.879600 -10.351600 20.400000
v -20.232201 -10.232200 20.400000
v -20.120399 -10.351600 20.400000
v -7.767770 -10.232200 20.400000
v -20.351601 -10.120400 20.400000
v -7.648360 -10.120400 20.400000
v -7.521900 -10.016600 20.400000
v -20.478100 -10.016600 20.400000
v -7.388930 -9.921330 20.400000
v -20.750000 -9.834940 20.400000
v -20.611099 -9.921330 20.400000
v -7.250000 -9.834940 20.400000
v -7.105720 -9.757820 20.400000
v -21.043301 -9.690300 20.400000
v -20.894300 -9.757820 20.400000
v -6.956710 -9.690300 20.400000
v -21.196400 -9.632670 20.400000
v -6.803600 -9.632670 20.400000
v -6.647050 -9.585190 20.400000
v -21.512300 -9.548040 20.400000
v -21.353001 -9.585190 20.400000
v -6.487730 -9.548040 20.400000
v -53.799999 41.799999 20.400000
v -24.367300 -11.196400 20.400000
v -24.309700 -11.043300 20.400000
v -24.242201 -10.894300 20.400000
v -24.165100 -10.750000 20.400000
v -24.078699 -10.611100 20.400000
v -23.983400 -10.478100 20.400000
v -23.879601 -10.351600 20.400000
v -23.767799 -10.232200 20.400000
v -23.648399 -10.120400 20.400000
v -23.521900 -10.016600 20.400000
v -23.388901 -9.921330 20.400000
v -23.250000 -9.834940 20.400000
v -23.105700 -9.757820 20.400000
v -22.956699 -9.690300 20.400000
v -22.803600 -9.632670 20.400000
v -22.646999 -9.585190 20.400000
v -22.487700 -9.548040 20.400000
v -22.326300 -9.521390 20.400000
v -22.163500 -9.505350 20.400000
v -22.000000 -9.500000 20.400000
v -21.836500 -9.505350 20.400000
v -21.673700 -9.521390 20.400000
v -6.326310 -9.521390 20.400000
v -6.163510 -9.505350 20.400000
v -6.000000 -9.500000 20.400000
v -5.836490 -9.505350 20.400000
v -5.673680 -9.521390 20.400000
v 8.232230 -13.767800 20.400000
v -4.120400 -13.648400 20.400000
v -4.232230 -13.767800 20.400000
v -4.351630 -13.879600 20.400000
v 8.120400 -13.648400 20.400000
v 8.351630 -13.879600 20.400000
v 8.478100 -13.983400 20.400000
v -4.478100 -13.983400 20.400000
v 8.016620 -13.521900 20.400000
v -3.921330 -13.388900 20.400000
v -4.016620 -13.521900 20.400000
v 8.611070 -14.078700 20.400000
v -4.611070 -14.078700 20.400000
v -4.750000 -14.165100 20.400000
v 7.921330 -13.388900 20.400000
v 8.750000 -14.165100 20.400000
v -4.894280 -14.242200 20.400000
v 7.834940 -13.250000 20.400000
v -3.757820 -13.105700 20.400000
v -3.834940 -13.250000 20.400000
v 8.894280 -14.242200 20.400000
v 7.757820 -13.105700 20.400000
v 9.043290 -14.309700 20.400000
v -5.043290 -14.309700 20.400000
v 7.690300 -12.956700 20.400000
v -3.632670 -12.803600 20.400000
v -3.690300 -12.956700 20.400000
v 7.632670 -12.803600 20.400000
v 9.196400 -14.367300 20.400000
v -5.196400 -14.367300 20.400000
v -5.352950 -14.414800 20.400000
v 9.352950 -14.414800 20.400000
v 7.585190 -12.647000 20.400000
v -3.548040 -12.487700 20.400000
v -3.585190 -12.647000 20.400000
v 9.512270 -14.452000 20.400000
v -5.512270 -14.452000 20.400000
v -5.673680 -14.478600 20.400000
v 7.548040 -12.487700 20.400000
v 9.673680 -14.478600 20.400000
v 7.521390 -12.326300 20.400000
v -3.521390 -12.326300 20.400000
v 7.505350 -12.163500 20.400000
v -3.505350 -12.163500 20.400000
v 7.500000 -12.000000 20.400000
v -3.505350 -11.836500 20.400000
v -3.500000 -12.000000 20.400000
v 7.505350 -11.836500 20.400000
v 7.521390 -11.673700 20.400000
v -3.548040 -11.512300 20.400000
v -3.521390 -11.673700 20.400000
v 7.548040 -11.512300 20.400000
v 7.585190 -11.353000 20.400000
v -3.632670 -11.196400 20.400000
v -3.585190 -11.353000 20.400000
v 7.632670 -11.196400 20.400000
v 7.690300 -11.043300 20.400000
v -3.757820 -10.894300 20.400000
v -3.690300 -11.043300 20.400000
v 7.757820 -10.894300 20.400000
v 7.834940 -10.750000 20.400000
v -3.921330 -10.611100 20.400000
v -3.834940 -10.750000 20.400000
v 7.921330 -10.611100 20.400000
v 8.016620 -10.478100 20.400000
v -4.120400 -10.351600 20.400000
v -4.016620 -10.478100 20.400000
v 8.120400 -10.351600 20.400000
v 8.232230 -10.232200 20.400000
v -4.232230 -10.232200 20.400000
v 8.351630 -10.120400 20.400000
v -4.478100 -10.016600 20.400000
v -4.351630 -10.120400 20.400000
v 8.478100 -10.016600 20.400000
v 8.611070 -9.921330 20.400000
v -4.750000 -9.834940 20.400000
v -4.611070 -9.921330 20.400000
v 8.750000 -9.834940 20.400000
v -4.894280 -9.757820 20.400000
v 8.894280 -9.757820 20.400000
v 9.043290 -9.690300 20.400000
v -5.043290 -9.690300 20.400000
v 9.196400 -9.632670 20.400000
v -5.352950 -9.585190 20.400000
v -5.196400 -9.632670 20.400000
v 9.352950 -9.585190 20.400000
v 9.512270 -9.548040 20.400000
v -5.512270 -9.548040 20.400000
v 9.673680 -9.521390 20.400000
v 24.120399 -13.648400 20.400000
v 11.767800 -13.767800 20.400000
v 24.232201 -13.767800 20.400000
v 11.983400 -13.521900 20.400000
v 11.879600 -13.648400 20.400000
v 24.351601 -13.879600 20.400000
v 11.648400 -13.879600 20.400000
v 24.478100 -13.983400 20.400000
v 11.521900 -13.983400 20.400000
v 24.016600 -13.521900 20.400000
v 12.078700 -13.388900 20.400000
v 24.611099 -14.078700 20.400000
v 11.388900 -14.078700 20.400000
v 11.250000 -14.165100 20.400000
v 23.921301 -13.388900 20.400000
v 24.750000 -14.165100 20.400000
v 23.834900 -13.250000 20.400000
v 12.165100 -13.250000 20.400000
v 23.757799 -13.105700 20.400000
v 12.309700 -12.956700 20.400000
v 12.242200 -13.105700 20.400000
v 24.894300 -14.242200 20.400000
v 11.105700 -14.242200 20.400000
v 10.956700 -14.309700 20.400000
v 23.690300 -12.956700 20.400000
v 25.043301 -14.309700 20.400000
v 25.196400 -14.367300 20.400000
v 10.803600 -14.367300 20.400000
v 10.647000 -14.414800 20.400000
v 23.632700 -12.803600 20.400000
v 12.367300 -12.803600 20.400000
v 23.585199 -12.647000 20.400000
v 12.452000 -12.487700 20.400000
v 12.414800 -12.647000 20.400000
v 25.353001 -14.414800 20.400000
v 23.548000 -12.487700 20.400000
v 12.478600 -12.326300 20.400000
v 25.512300 -14.452000 20.400000
v 10.487700 -14.452000 20.400000
v 23.521400 -12.326300 20.400000
v 23.505400 -12.163500 20.400000
v 12.494600 -12.163500 20.400000
v 23.500000 -12.000000 20.400000
v 12.500000 -12.000000 20.400000
v 23.505400 -11.836500 20.400000
v 12.494600 -11.836500 20.400000
v 23.521400 -11.673700 20.400000
v 12.478600 -11.673700 20.400000
v 10.326300 -14.478600 20.400000
v 10.163500 -14.494600 20.400000
v 10.000000 -14.500000 20.400000
v 9.836490 -14.494600 20.400000
v 26.326300 -14.478600 20.400000
v 26.163500 -14.494600 20.400000
v 26.000000 -14.500000 20.400000
v 25.836500 -14.494600 20.400000
v 25.673700 -14.478600 20.400000
v 26.487700 -14.452000 20.400000
v 23.548000 -11.512300 20.400000
v 12.452000 -11.512300 20.400000
v 26.646999 -14.414800 20.400000
v 23.585199 -11.353000 20.400000
v 12.367300 -11.196400 20.400000
v 12.414800 -11.353000 20.400000
v 26.803600 -14.367300 20.400000
v 23.632700 -11.196400 20.400000
v 26.956699 -14.309700 20.400000
v 23.690300 -11.043300 20.400000
v 12.309700 -11.043300 20.400000
v 23.757799 -10.894300 20.400000
v 12.165100 -10.750000 20.400000
v 12.242200 -10.894300 20.400000
v 27.105700 -14.242200 20.400000
v 23.834900 -10.750000 20.400000
v 12.078700 -10.611100 20.400000
v 27.250000 -14.165100 20.400000
v 23.921301 -10.611100 20.400000
v 27.388901 -14.078700 20.400000
v 24.016600 -10.478100 20.400000
v 11.983400 -10.478100 20.400000
v 27.521900 -13.983400 20.400000
v 24.120399 -10.351600 20.400000
v 11.767800 -10.232200 20.400000
v 11.879600 -10.351600 20.400000
v 27.648399 -13.879600 20.400000
v 27.767799 -13.767800 20.400000
v 24.232201 -10.232200 20.400000
v 24.351601 -10.120400 20.400000
v 11.648400 -10.120400 20.400000
v 27.879601 -13.648400 20.400000
v 24.478100 -10.016600 20.400000
v 11.521900 -10.016600 20.400000
v 27.983400 -13.521900 20.400000
v 24.611099 -9.921330 20.400000
v 11.250000 -9.834940 20.400000
v 11.388900 -9.921330 20.400000
v 28.078699 -13.388900 20.400000
v 24.750000 -9.834940 20.400000
v 28.165100 -13.250000 20.400000
v 24.894300 -9.757820 20.400000
v 10.956700 -9.690300 20.400000
v 11.105700 -9.757820 20.400000
v 28.242201 -13.105700 20.400000
v 28.309700 -12.956700 20.400000
v 25.043301 -9.690300 20.400000
v 28.367300 -12.803600 20.400000
v 25.196400 -9.632670 20.400000
v 10.647000 -9.585190 20.400000
v 10.803600 -9.632670 20.400000
v 28.414801 -12.647000 20.400000
v 25.353001 -9.585190 20.400000
v 25.512300 -9.548040 20.400000
v 10.487700 -9.548040 20.400000
v 28.452000 -12.487700 20.400000
v 28.478600 -12.326300 20.400000
v 28.494600 -12.163500 20.400000
v 28.500000 -12.000000 20.400000
v 28.494600 -11.836500 20.400000
v 28.478600 -11.673700 20.400000
v 28.452000 -11.512300 20.400000
v 28.414801 -11.353000 20.400000
v 9.836490 -9.505350 20.400000
v 10.000000 -9.500000 20.400000
v 10.163500 -9.505350 20.400000
v 10.326300 -9.521390 20.400000
v 25.673700 -9.521390 20.400000
v 25.836500 -9.505350 20.400000
v 26.000000 -9.500000 20.400000
v 26.163500 -9.505350 20.400000
v 26.326300 -9.521390 20.400000
v 26.487700 -9.548040 20.400000
v 26.646999 -9.585190 20.400000
v 26.803600 -9.632670 20.400000
v 26.956699 -9.690300 20.400000
v 27.105700 -9.757820 20.400000
v 27.250000 -9.834940 20.400000
v 27.388901 -9.921330 20.400000
v 27.521900 -10.016600 20.400000
v 27.648399 -10.120400 20.400000
v 27.767799 -10.232200 20.400000
v 27.879601 -10.351600 20.400000
v 27.983400 -10.478100 20.400000
v 28.078699 -10.611100 20.400000
v 28.165100 -10.750000 20.400000
v 28.242201 -10.894300 20.400000
v 28.309700 -11.043300 20.400000
v 28.367300 -11.196400 20.400000
v 24.750000 -14.165100 17.600000
v 24.611099 -14.078700 17.600000
v 24.478100 -13.983400 17.600000
v 24.120399 -10.351600 17.600000
v 24.232201 -10.232200 17.600000
v 24.016600 -10.478100 17.600000
v 24.351601 -10.120400 17.600000
v 24.478100 -10.016600 17.600000
v 24.611099 -9.921330 17.600000
v 23.921301 -10.611100 17.600000
v 23.834900 -10.750000 17.600000
v 23.757799 -10.894300 17.600000
v 23.690300 -11.043300 17.600000
v 23.632700 -11.196400 17.600000
v 23.585199 -11.353000 17.600000
v 23.548000 -11.512300 17.600000
v 23.521400 -11.673700 17.600000
v 23.505400 -11.836500 17.600000
v 23.500000 -12.000000 17.600000
v 23.505400 -12.163500 17.600000
v 23.521400 -12.326300 17.600000
v 23.548000 -12.487700 17.600000
v 23.585199 -12.647000 17.600000
v 23.632700 -12.803600 17.600000
v 23.690300 -12.956700 17.600000
v 23.757799 -13.105700 17.600000
v 23.834900 -13.250000 17.600000
v 24.351601 -13.879600 17.600000
v 24.232201 -13.767800 17.600000
v 23.921301 -13.388900 17.600000
v 24.016600 -13.521900 17.600000
v 24.120399 -13.648400 17.600000
v 24.750000 -9.834940 17.600000
v 24.894300 -9.757820 17.600000
v 25.043301 -9.690300 17.600000
v 25.196400 -9.632670 17.600000
v 25.353001 -9.585190 17.600000
v 25.512300 -9.548040 17.600000
v 25.673700 -9.521390 17.600000
v 25.836500 -9.505350 17.600000
v 26.000000 -9.500000 17.600000
v 26.163500 -9.505350 17.600000
v 26.326300 -9.521390 17.600000
v 26.487700 -9.548040 17.600000
v 26.646999 -9.585190 17.600000
v 26.803600 -9.632670 17.600000
v 26.956699 -9.690300 17.600000
v 27.105700 -9.757820 17.600000
v 27.250000 -9.834940 17.600000
v 27.388901 -9.921330 17.600000
v 27.521900 -10.016600 17.600000
v 27.648399 -10.120400 17.600000
v 27.767799 -10.232200 17.600000
v 27.879601 -10.351600 17.600000
v 27.983400 -10.478100 17.600000
v 28.078699 -10.611100 17.600000
v 28.165100 -10.750000 17.600000
v 28.242201 -10.894300 17.600000
v 28.309700 -11.043300 17.600000
v 28.367300 -11.196400 17.600000
v 28.414801 -11.353000 17.600000
v 28.452000 -11.512300 17.600000
v 28.478600 -11.673700 17.600000
v 28.494600 -11.836500 17.600000
v 28.500000 -12.000000 17.600000
v 28.494600 -12.163500 17.600000
v 28.478600 -12.326300 17.600000
v 28.452000 -12.487700 17.600000
v 28.414801 -12.647000 17.600000
v 28.367300 -12.803600 17.600000
v 28.309700 -12.956700 17.600000
v 28.242201 -13.105700 17.600000
v 28.165100 -13.250000 17.600000
v 28.078699 -13.388900 17.600000
v 27.983400 -13.521900 17.600000
v 27.879601 -13.648400 17.600000
v 27.767799 -13.767800 17.600000
v 27.648399 -13.879600 17.600000
v 27.521900 -13.983400 17.600000
v 27.388901 -14.078700 17.600000
v 27.250000 -14.165100 17.600000
v 27.105700 -14.242200 17.600000
v 26.956699 -14.309700 17.600000
v 26.803600 -14.367300 17.600000
v 26.646999 -14.414800 17.600000
v 26.487700 -14.452000 17.600000
v 26.326300 -14.478600 17.600000
v 26.163500 -14.494600 17.600000
v 26.000000 -14.500000 17.600000
v 25.836500 -14.494600 17.600000
v 25.673700 -14.478600 17.600000
v 25.512300 -14.452000 17.600000
v 25.353001 -14.414800 17.600000
v 25.196400 -14.367300 17.600000
v 25.043301 -14.309700 17.600000
v 24.894300 -14.242200 17.600000
v 8.750000 -14.165100 17.600000
v 8.611070 -14.078700 17.600000
v 8.478100 -13.983400 17.600000
v 8.120400 -10.351600 17.600000
v 8.232230 -10.232200 17.600000
v 8.016620 -10.478100 17.600000
v 8.351630 -10.120400 17.600000
v 8.478100 -10.016600 17.600000
v 8.611070 -9.921330 17.600000
v 7.921330 -10.611100 17.600000
v 7.834940 -10.750000 17.600000
v 7.757820 -10.894300 17.600000
v 7.690300 -11.043300 17.600000
v 7.632670 -11.196400 17.600000
v 7.585190 -11.353000 17.600000
v 7.548040 -11.512300 17.600000
v 7.521390 -11.673700 17.600000
v 7.505350 -11.836500 17.600000
v 7.500000 -12.000000 17.600000
v 7.505350 -12.163500 17.600000
v 7.521390 -12.326300 17.600000
v 7.548040 -12.487700 17.600000
v 7.585190 -12.647000 17.600000
v 7.632670 -12.803600 17.600000
v 7.690300 -12.956700 17.600000
v 7.757820 -13.105700 17.600000
v 7.834940 -13.250000 17.600000
v 8.351630 -13.879600 17.600000
v 8.232230 -13.767800 17.600000
v 7.921330 -13.388900 17.600000
v 8.016620 -13.521900 17.600000
v 8.120400 -13.648400 17.600000
v 8.750000 -9.834940 17.600000
v 8.894280 -9.757820 17.600000
v 9.043290 -9.690300 17.600000
v 9.196400 -9.632670 17.600000
v 9.352950 -9.585190 17.600000
v 9.512270 -9.548040 17.600000
v 9.673680 -9.521390 17.600000
v 9.836490 -9.505350 17.600000
v 10.000000 -9.500000 17.600000
v 10.163500 -9.505350 17.600000
v 10.326300 -9.521390 17.600000
v 10.487700 -9.548040 17.600000
v 10.647000 -9.585190 17.600000
v 10.803600 -9.632670 17.600000
v 10.956700 -9.690300 17.600000
v 11.105700 -9.757820 17.600000
v 11.250000 -9.834940 17.600000
v 11.388900 -9.921330 17.600000
v 11.521900 -10.016600 17.600000
v 11.648400 -10.120400 17.600000
v 11.767800 -10.232200 17.600000
v 11.879600 -10.351600 17.600000
v 11.983400 -10.478100 17.600000
v 12.078700 -10.611100 17.600000
v 12.165100 -10.750000 17.600000
v 12.242200 -10.894300 17.600000
v 12.309700 -11.043300 17.600000
v 12.367300 -11.196400 17.600000
v 12.414800 -11.353000 17.600000
v 12.452000 -11.512300 17.600000
v 12.478600 -11.673700 17.600000
v 12.494600 -11.836500 17.600000
v 12.500000 -12.000000 17.600000
v 12.494600 -12.163500 17.600000
v 12.478600 -12.326300 17.600000
v 12.452000 -12.487700 17.600000
v 12.414800 -12.647000 17.600000
v 12.367300 -12.803600 17.600000
v 12.309700 -12.956700 17.600000
v 12.242200 -13.105700 17.600000
v 12.165100 -13.250000 17.600000
v 12.078700 -13.388900 17.600000
v 11.983400 -13.521900 17.600000
v 11.879600 -13.648400 17.600000
v 11.767800 -13.767800 17.600000
v 11.648400 -13.879600 17.600000
v 11.521900 -13.983400 17.600000
v 11.388900 -14.078700 17.600000
v 11.250000 -14.165100 17.600000
v 11.105700 -14.242200 17.600000
v 10.956700 -14.309700 17.600000
v 10.803600 -14.367300 17.600000
v 10.647000 -14.414800 17.600000
v 10.487700 -14.452000 17.600000
v 10.326300 -14.478600 17.600000
v 10.163500 -14.494600 17.600000
v 10.000000 -14.500000 17.600000
v 9.836490 -14.494600 17.600000
v 9.673680 -14.478600 17.600000
v 9.512270 -14.452000 17.600000
v 9.352950 -14.414800 17.600000
v 9.196400 -14.367300 17.600000
v 9.043290 -14.309700 17.600000
v 8.894280 -14.242200 17.600000
v -7.767770 -10.232200 17.600000
v -7.648360 -10.120400 17.600000
v -7.521900 -10.016600 17.600000
v -7.879600 -10.351600 17.600000
v -7.388930 -9.921330 17.600000
v -7.250000 -9.834940 17.600000
v -7.105720 -9.757820 17.600000
v -6.956710 -9.690300 17.600000
v -7.983380 -10.478100 17.600000
v -8.078670 -10.611100 17.600000
v -6.803600 -9.632670 17.600000
v -6.647050 -9.585190 17.600000
v -6.487730 -9.548040 17.600000
v -6.326310 -9.521390 17.600000
v -6.163510 -9.505350 17.600000
v -6.000000 -9.500000 17.600000
v -5.836490 -9.505350 17.600000
v -5.673680 -9.521390 17.600000
v -5.512270 -9.548040 17.600000
v -5.352950 -9.585190 17.600000
v -5.196400 -9.632670 17.600000
v -5.043290 -9.690300 17.600000
v -4.894280 -9.757820 17.600000
v -4.750000 -9.834940 17.600000
v -4.611070 -9.921330 17.600000
v -4.478100 -10.016600 17.600000
v -4.351630 -10.120400 17.600000
v -4.232230 -10.232200 17.600000
v -4.120400 -10.351600 17.600000
v -4.016620 -10.478100 17.600000
v -3.921330 -10.611100 17.600000
v -3.834940 -10.750000 17.600000
v -3.757820 -10.894300 17.600000
v -3.690300 -11.043300 17.600000
v -3.632670 -11.196400 17.600000
v -3.585190 -11.353000 17.600000
v -3.548040 -11.512300 17.600000
v -3.521390 -11.673700 17.600000
v -3.505350 -11.836500 17.600000
v -3.500000 -12.000000 17.600000
v -3.505350 -12.163500 17.600000
v -3.521390 -12.326300 17.600000
v -3.548040 -12.487700 17.600000
v -3.585190 -12.647000 17.600000
v -3.632670 -12.803600 17.600000
v -3.690300 -12.956700 17.600000
v -3.757820 -13.105700 17.600000
v -3.834940 -13.250000 17.600000
v -3.921330 -13.388900 17.600000
v -4.016620 -13.521900 17.600000
v -4.120400 -13.648400 17.600000
v -4.232230 -13.767800 17.600000
v -4.351630 -13.879600 17.600000
v -4.478100 -13.983400 17.600000
v -4.611070 -14.078700 17.600000
v -4.750000 -14.165100 17.600000
v -4.894280 -14.242200 17.600000
v -5.043290 -14.309700 17.600000
v -5.196400 -14.367300 17.600000
v -5.352950 -14.414800 17.600000
v -5.512270 -14.452000 17.600000
v -5.673680 -14.478600 17.600000
v -5.836490 -14.494600 17.600000
v -6.000000 -14.500000 17.600000
v -6.163510 -14.494600 17.600000
v -6.326310 -14.478600 17.600000
v -6.487730 -14.452000 17.600000
v -6.647050 -14.414800 17.600000
v -6.803600 -14.367300 17.600000
v -6.956710 -14.309700 17.600000
v -7.105720 -14.242200 17.600000
v -8.242180 -10.894300 17.600000
v -8.165060 -10.750000 17.600000
v -8.309700 -11.043300 17.600000
v -8.367320 -11.196400 17.600000
v -8.414810 -11.353000 17.600000
v -8.451960 -11.512300 17.600000
v -8.478610 -11.673700 17.600000
v -8.494650 -11.836500 17.600000
v -8.500000 -12.000000 17.600000
v -8.494650 -12.163500 17.600000
v -8.478610 -12.326300 17.600000
v -8.451960 -12.487700 17.600000
v -8.414810 -12.647000 17.600000
v -8.367320 -12.803600 17.600000
v -8.309700 -12.956700 17.600000
v -8.242180 -13.105700 17.600000
v -8.165060 -13.250000 17.600000
v -8.078670 -13.388900 17.600000
v -7.983380 -13.521900 17.600000
v -7.879600 -13.648400 17.600000
v -7.767770 -13.767800 17.600000
v -7.250000 -14.165100 17.600000
v -7.388930 -14.078700 17.600000
v -7.521900 -13.983400 17.600000
v -7.648360 -13.879600 17.600000
v -21.512300 -9.548040 17.600000
v -21.353001 -9.585190 17.600000
v -21.196400 -9.632670 17.600000
v -21.043301 -9.690300 17.600000
v -20.894300 -9.757820 17.600000
v -20.750000 -9.834940 17.600000
v -20.611099 -9.921330 17.600000
v -20.478100 -10.016600 17.600000
v -20.351601 -10.120400 17.600000
v -20.232201 -10.232200 17.600000
v -20.120399 -10.351600 17.600000
v -20.016600 -10.478100 17.600000
v -19.921301 -10.611100 17.600000
v -19.834900 -10.750000 17.600000
v -19.757799 -10.894300 17.600000
v -19.690300 -11.043300 17.600000
v -19.632700 -11.196400 17.600000
v -19.585199 -11.353000 17.600000
v -19.548000 -11.512300 17.600000
v -19.521400 -11.673700 17.600000
v -19.505400 -11.836500 17.600000
v -19.500000 -12.000000 17.600000
v -19.505400 -12.163500 17.600000
v -19.521400 -12.326300 17.600000
v -19.548000 -12.487700 17.600000
v -19.585199 -12.647000 17.600000
v -19.632700 -12.803600 17.600000
v -19.690300 -12.956700 17.600000
v -19.757799 -13.105700 17.600000
v -19.834900 -13.250000 17.600000
v -19.921301 -13.388900 17.600000
v -20.016600 -13.521900 17.600000
v -20.120399 -13.648400 17.600000
v -20.232201 -13.767800 17.600000
v -20.351601 -13.879600 17.600000
v -20.478100 -13.983400 17.600000
v -20.611099 -14.078700 17.600000
v -20.750000 -14.165100 17.600000
v -20.894300 -14.242200 17.600000
v -21.043301 -14.309700 17.600000
v -21.196400 -14.367300 17.600000
v -21.353001 -14.414800 17.600000
v -21.512300 -14.452000 17.600000
v -21.673700 -14.478600 17.600000
v -21.836500 -14.494600 17.600000
v -22.000000 -14.500000 17.600000
v -22.163500 -14.494600 17.600000
v -22.326300 -14.478600 17.600000
v -22.487700 -14.452000 17.600000
v -22.646999 -14.414800 17.600000
v -22.803600 -14.367300 17.600000
v -22.956699 -14.309700 17.600000
v -23.105700 -14.242200 17.600000
v -23.767799 -10.232200 17.600000
v -23.648399 -10.120400 17.600000
v -23.521900 -10.016600 17.600000
v -23.879601 -10.351600 17.600000
v -23.388901 -9.921330 17.600000
v -23.250000 -9.834940 17.600000
v -23.105700 -9.757820 17.600000
v -22.956699 -9.690300 17.600000
v -23.983400 -10.478100 17.600000
v -24.078699 -10.611100 17.600000
v -24.165100 -10.750000 17.600000
v -22.803600 -9.632670 17.600000
v -22.646999 -9.585190 17.600000
v -22.487700 -9.548040 17.600000
v -22.326300 -9.521390 17.600000
v -22.163500 -9.505350 17.600000
v -24.242201 -10.894300 17.600000
v -24.309700 -11.043300 17.600000
v -24.367300 -11.196400 17.600000
v -24.414801 -11.353000 17.600000
v -24.452000 -11.512300 17.600000
v -24.478600 -11.673700 17.600000
v -24.494600 -11.836500 17.600000
v -22.000000 -9.500000 17.600000
v -21.836500 -9.505350 17.600000
v -21.673700 -9.521390 17.600000
v -24.500000 -12.000000 17.600000
v -24.494600 -12.163500 17.600000
v -24.478600 -12.326300 17.600000
v -24.452000 -12.487700 17.600000
v -24.414801 -12.647000 17.600000
v -24.367300 -12.803600 17.600000
v -24.309700 -12.956700 17.600000
v -24.242201 -13.105700 17.600000
v -24.165100 -13.250000 17.600000
v -24.078699 -13.388900 17.600000
v -23.983400 -13.521900 17.600000
v -23.879601 -13.648400 17.600000
v -23.767799 -13.767800 17.600000
v -23.250000 -14.165100 17.600000
v -23.388901 -14.078700 17.600000
v -23.521900 -13.983400 17.600000
v -23.648399 -13.879600 17.600000
v -53.799999 -41.799999 17.600000
v -53.799999 41.799999 17.600000
vn 1.0000 -0.0000 -0.0000
vn -0.0000 -0.0000 1.0000
vn 0.5282 0.8491 -0.0000
vn 0.5825 0.8129 -0.0000
vn 0.5824 0.8129 -0.0000
vn 0.7300 -0.6835 -0.0000
vn 0.7299 -0.6835 -0.0000
vn 0.7730 -0.6343 -0.0000
vn 0.7731 -0.6343 -0.0000
vn 0.6835 -0.7300 -0.0000
vn 0.6343 -0.7731 -0.0000
vn 0.6344 -0.7730 -0.0000
vn 0.5823 -0.8130 -0.0000
vn 0.5823 -0.8129 -0.0000
vn 0.8129 -0.5825 -0.0000
vn 0.8129 -0.5824 -0.0000
vn 0.8491 -0.5282 -0.0000
vn 0.8820 -0.4713 -0.0000
vn 0.9109 -0.4126 -0.0000
vn 0.9109 -0.4127 -0.0000
vn 0.9359 -0.3521 -0.0000
vn 0.9569 -0.2903 -0.0000
vn 0.9738 -0.2274 -0.0000
vn 0.9867 -0.1626 -0.0000
vn 0.9952 -0.0978 -0.0000
vn 0.9995 -0.0330 -0.0000
vn 0.9995 0.0330 -0.0000
vn 0.9952 0.0978 -0.0000
vn 0.9867 0.1626 -0.0000
vn 0.9738 0.2274 -0.0000
vn 0.9569 0.2903 -0.0000
vn 0.9359 0.3521 -0.0000
vn 0.9109 0.4127 -0.0000
vn 0.9109 0.4126 -0.0000
vn 0.8820 0.4713 -0.0000
vn 0.6344 0.7730 -0.0000
vn 0.6343 0.7731 -0.0000
vn 0.6835 0.7300 -0.0000
vn 0.8491 0.5282 -0.0000
vn 0.8129 0.5824 -0.0000
vn 0.8129 0.5825 -0.0000
vn 0.7731 0.6343 -0.0000
vn 0.7730 0.6343 -0.0000
vn 0.7299 0.6835 -0.0000
vn 0.7300 0.6835 -0.0000
vn 0.5281 -0.8492 -0.0000
vn 0.4713 -0.8820 -0.0000
vn 0.4714 -0.8819 -0.0000
vn 0.4128 -0.9108 -0.0000
vn 0.4127 -0.9108 -0.0000
vn 0.3523 -0.9359 -0.0000
vn 0.2901 -0.9570 -0.0000
vn 0.2902 -0.9570 -0.0000
vn 0.2271 -0.9739 -0.0000
vn 0.1629 -0.9866 -0.0000
vn 0.0981 -0.9952 -0.0000
vn 0.0980 -0.9952 -0.0000
vn 0.0327 -0.9995 -0.0000
vn -0.0327 -0.9995 -0.0000
vn -0.0980 -0.9952 -0.0000
vn -0.0981 -0.9952 -0.0000
vn -0.1629 -0.9866 -0.0000
vn -0.2271 -0.9739 -0.0000
vn -0.2902 -0.9570 -0.0000
vn -0.2901 -0.9570 -0.0000
vn -0.3523 -0.9359 -0.0000
vn -0.4127 -0.9108 -0.0000
vn -0.4128 -0.9108 -0.0000
vn -0.4714 -0.8819 -0.0000
vn -0.4713 -0.8820 -0.0000
vn -0.5281 -0.8492 -0.0000
vn -0.5823 -0.8129 -0.0000
vn -0.5823 -0.8130 -0.0000
vn -0.6344 -0.7730 -0.0000
vn -0.6343 -0.7731 -0.0000
vn -0.6835 -0.7300 -0.0000
vn -0.7299 -0.6835 -0.0000
vn -0.7300 -0.6835 -0.0000
vn -0.7731 -0.6343 -0.0000
vn -0.7730 -0.6343 -0.0000
vn -0.8129 -0.5824 -0.0000
vn -0.8129 -0.5825 -0.0000
vn -0.8491 -0.5282 -0.0000
vn -0.8820 -0.4713 -0.0000
vn -0.9109 -0.4127 -0.0000
vn -0.9109 -0.4126 -0.0000
vn -0.9359 -0.3521 -0.0000
vn -0.9569 -0.2903 -0.0000
vn -0.9738 -0.2274 -0.0000
vn -0.9867 -0.1626 -0.0000
vn -0.9952 -0.0978 -0.0000
vn -0.9995 -0.0330 -0.0000
vn -0.9995 0.0330 -0.0000
vn -0.9952 0.0978 -0.0000
vn -0.9867 0.1626 -0.0000
vn -0.9738 0.2274 -0.0000
vn -0.9569 0.2903 -0.0000
vn -0.9359 0.3521 -0.0000
vn -0.9109 0.4126 -0.0000
vn -0.9109 0.4127 -0.0000
vn -0.8820 0.4713 -0.0000
vn -0.8491 0.5282 -0.0000
vn -0.8129 0.5825 -0.0000
vn -0.8129 0.5824 -0.0000
vn -0.7730 0.6343 -0.0000
vn -0.7731 0.6343 -0.0000
vn -0.7300 0.6835 -0.0000
vn -0.7299 0.6835 -0.0000
vn -0.6835 0.7300 -0.0000
vn -0.6343 0.7731 -0.0000
vn -0.6344 0.7730 -0.0000
vn -0.5824 0.8129 -0.0000
vn -0.5825 0.8129 -0.0000
vn -0.5282 0.8491 -0.0000
vn -0.4712 0.8820 -0.0000
vn -0.4713 0.8820 -0.0000
vn -0.4127 0.9109 -0.0000
vn -0.4126 0.9109 -0.0000
vn -0.3521 0.9360 -0.0000
vn -0.3521 0.9359 -0.0000
vn -0.2903 0.9570 -0.0000
vn -0.2903 0.9569 -0.0000
vn -0.2274 0.9738 -0.0000
vn -0.1626 0.9867 -0.0000
vn -0.0978 0.9952 -0.0000
vn -0.0330 0.9995 -0.0000
vn 0.0330 0.9995 -0.0000
vn 0.0978 0.9952 -0.0000
vn 0.1626 0.9867 -0.0000
vn 0.2274 0.9738 -0.0000
vn 0.2903 0.9569 -0.0000
vn 0.2903 0.9570 -0.0000
vn 0.3521 0.9359 -0.0000
vn 0.3521 0.9360 -0.0000
vn 0.4126 0.9109 -0.0000
vn 0.4127 0.9109 -0.0000
vn 0.4713 0.8820 -0.0000
vn 0.4712 0.8820 -0.0000
vn 0.5281 0.8492 -0.0000
vn 0.5825 0.8128 -0.0000
vn 0.7299 -0.6836 -0.0000
vn 0.5824 -0.8129 -0.0000
vn 0.8492 -0.5281 -0.0000
vn 0.8819 -0.4714 -0.0000
vn 0.8819 -0.4713 -0.0000
vn 0.9108 -0.4128 -0.0000
vn 0.9108 -0.4127 -0.0000
vn 0.9359 -0.3523 -0.0000
vn 0.9570 -0.2901 -0.0000
vn 0.9570 -0.2902 -0.0000
vn 0.9739 -0.2271 -0.0000
vn 0.9866 -0.1629 -0.0000
vn 0.9952 -0.0980 -0.0000
vn 0.9952 -0.0981 -0.0000
vn 0.9995 -0.0327 -0.0000
vn 0.9995 0.0327 -0.0000
vn 0.9952 0.0981 -0.0000
vn 0.9952 0.0980 -0.0000
vn 0.9866 0.1629 -0.0000
vn 0.9739 0.2271 -0.0000
vn 0.9570 0.2902 -0.0000
vn 0.9570 0.2901 -0.0000
vn 0.9359 0.3523 -0.0000
vn 0.9108 0.4127 -0.0000
vn 0.9108 0.4128 -0.0000
vn 0.8819 0.4713 -0.0000
vn 0.8819 0.4714 -0.0000
vn 0.8492 0.5281 -0.0000
vn 0.7299 0.6836 -0.0000
vn 0.4127 -0.9109 -0.0000
vn -0.4713 -0.8819 -0.0000
vn -0.8820 -0.4712 -0.0000
vn -0.9360 -0.3521 -0.0000
vn -0.9360 0.3521 -0.0000
vn -0.8820 0.4712 -0.0000
vn 0.6345 -0.7730 -0.0000
vn -0.4127 -0.9109 -0.0000
vn -0.5824 -0.8129 -0.0000
vn -0.7299 -0.6836 -0.0000
vn -0.8492 -0.5281 -0.0000
vn -0.8819 -0.4713 -0.0000
vn -0.9108 -0.4128 -0.0000
vn -0.9359 -0.3523 -0.0000
vn -0.9570 -0.2901 -0.0000
vn -0.9570 -0.2902 -0.0000
vn -0.9739 -0.2271 -0.0000
vn -0.9866 -0.1629 -0.0000
vn -0.9952 -0.0980 -0.0000
vn -0.9952 -0.0981 -0.0000
vn -0.9995 -0.0327 -0.0000
vn -0.9995 0.0327 -0.0000
vn -0.9952 0.0981 -0.0000
vn -0.9952 0.0980 -0.0000
vn -0.9866 0.1629 -0.0000
vn -0.9739 0.2271 -0.0000
vn -0.9570 0.2902 -0.0000
vn -0.9570 0.2901 -0.0000
vn -0.9359 0.3523 -0.0000
vn -0.9108 0.4128 -0.0000
vn -0.8819 0.4713 -0.0000
vn -0.8492 0.5281 -0.0000
vn -0.7299 0.6836 -0.0000
vn -0.5825 0.8128 -0.0000
vn -0.5281 0.8492 -0.0000
vn 0.9359 -0.3522 -0.0000
vn 0.9359 0.3522 -0.0000
vn 0.6345 0.7730 -0.0000
vn -0.0000 -0.0000 -1.0000
vn -1.0000 -0.0000 -0.0000
vn -0.0000 1.0000 -0.0000
vn -0.0000 -1.0000 -0.0000
s 0
usemtl lid_translucent
f 1561//245 1562//245 1563//245
f 1561//245 1564//245 1562//245
f 1565//246 1566//246 1567//246
f 1568//246 1567//246 1566//246
f 1569//246 1566//246 1565//246
f 1570//246 1568//246 1566//246
f 1571//246 1570//246 1566//246
f 1572//246 1566//246 1569//246
f 1573//246 1571//246 1566//246
f 1574//246 1566//246 1572//246
f 1575//246 1566//246 1574//246
f 1576//246 1573//246 1566//246
f 1577//246 1566//246 1575//246
f 1578//246 1576//246 1566//246
f 1579//246 1578//246 1566//246
f 1580//246 1566//246 1577//246
f 1581//246 1566//246 1580//246
f 1582//246 1579//246 1566//246
f 1583//246 1566//246 1581//246
f 1584//246 1582//246 1566//246
f 1585//246 1584//246 1566//246
f 1586//246 1566//246 1583//246
f 1587//246 1585//246 1566//246
f 1588//246 1566//246 1586//246
f 1589//246 1587//246 1566//246
f 1590//246 1566//246 1588//246
f 1591//246 1589//246 1566//246
f 1592//246 1566//246 1590//246
f 1593//246 1591//246 1566//246
f 1594//246 1566//246 1592//246
f 1595//246 1593//246 1566//246
f 1596//246 1566//246 1594//246
f 1597//246 1566//246 1596//246
f 1598//246 1599//246 1600//246
f 1601//246 1599//246 1598//246
f 1601//246 1602//246 1603//246
f 1601//246 1603//246 1599//246
f 1604//246 1598//246 1600//246
f 1605//246 1604//246 1600//246
f 1605//246 1600//246 1606//246
f 1607//246 1608//246 1602//246
f 1607//246 1602//246 1601//246
f 1609//246 1605//246 1606//246
f 1609//246 1606//246 1610//246
f 1609//246 1610//246 1611//246
f 1612//246 1613//246 1608//246
f 1612//246 1608//246 1607//246
f 1614//246 1609//246 1611//246
f 1615//246 1613//246 1612//246
f 1616//246 1611//246 1617//246
f 1616//246 1614//246 1611//246
f 1616//246 1617//246 1618//246
f 1619//246 1620//246 1613//246
f 1619//246 1613//246 1615//246
f 1621//246 1616//246 1618//246
f 1621//246 1618//246 1622//246
f 1623//246 1620//246 1619//246
f 1623//246 1624//246 1620//246
f 1625//246 1624//246 1623//246
f 1625//246 1626//246 1627//246
f 1625//246 1627//246 1624//246
f 1628//246 1621//246 1622//246
f 1629//246 1628//246 1622//246
f 1629//246 1622//246 1630//246
f 1629//246 1630//246 1595//246
f 1631//246 1626//246 1625//246
f 1631//246 1632//246 1626//246
f 1633//246 1629//246 1595//246
f 1633//246 1595//246 1566//246
f 1634//246 1632//246 1631//246
f 1635//246 1633//246 1566//246
f 1636//246 1637//246 1632//246
f 1636//246 1632//246 1634//246
f 1638//246 1637//246 1636//246
f 1638//246 1639//246 1640//246
f 1638//246 1640//246 1637//246
f 1641//246 1635//246 1566//246
f 1642//246 1641//246 1566//246
f 1643//246 1639//246 1638//246
f 1644//246 1639//246 1643//246
f 1644//246 1645//246 1646//246
f 1644//246 1646//246 1639//246
f 1647//246 1642//246 1566//246
f 1648//246 1645//246 1644//246
f 1648//246 1649//246 1645//246
f 1650//246 1649//246 1648//246
f 1651//246 1649//246 1650//246
f 1651//246 1652//246 1649//246
f 1653//246 1652//246 1651//246
f 1653//246 1654//246 1655//246
f 1653//246 1655//246 1652//246
f 1656//246 1654//246 1653//246
f 1656//246 1657//246 1654//246
f 1658//246 1657//246 1656//246
f 1658//246 1659//246 1657//246
f 1660//246 1659//246 1658//246
f 1661//246 1662//246 1659//246
f 1661//246 1659//246 1660//246
f 1663//246 1662//246 1661//246
f 1663//246 1664//246 1662//246
f 1665//246 1666//246 1667//246
f 1665//246 1667//246 1664//246
f 1665//246 1664//246 1663//246
f 1668//246 1669//246 1666//246
f 1668//246 1666//246 1665//246
f 1670//246 1669//246 1668//246
f 1671//246 1669//246 1670//246
f 1671//246 1672//246 1669//246
f 1673//246 1674//246 1675//246
f 1673//246 1675//246 1672//246
f 1673//246 1672//246 1671//246
f 1676//246 1674//246 1673//246
f 1677//246 1678//246 1679//246
f 1677//246 1679//246 1674//246
f 1677//246 1674//246 1676//246
f 1680//246 1678//246 1677//246
f 1680//246 1681//246 1678//246
f 1682//246 1681//246 1680//246
f 1683//246 1684//246 1685//246
f 1683//246 1685//246 1681//246
f 1683//246 1681//246 1682//246
f 1686//246 1684//246 1683//246
f 1687//246 1597//246 1688//246
f 1687//246 1688//246 1689//246
f 1687//246 1689//246 1690//246
f 1687//246 1690//246 1691//246
f 1687//246 1691//246 1692//246
f 1687//246 1692//246 1693//246
f 1687//246 1693//246 1694//246
f 1687//246 1694//246 1695//246
f 1687//246 1695//246 1696//246
f 1687//246 1696//246 1697//246
f 1687//246 1697//246 1698//246
f 1687//246 1698//246 1699//246
f 1687//246 1699//246 1700//246
f 1687//246 1700//246 1701//246
f 1687//246 1701//246 1702//246
f 1687//246 1702//246 1703//246
f 1687//246 1703//246 1704//246
f 1687//246 1704//246 1705//246
f 1687//246 1705//246 1706//246
f 1687//246 1706//246 1707//246
f 1687//246 1707//246 1708//246
f 1687//246 1708//246 1709//246
f 1687//246 1709//246 1684//246
f 1687//246 1566//246 1597//246
f 1687//246 1686//246 1710//246
f 1687//246 1710//246 1711//246
f 1687//246 1711//246 1712//246
f 1687//246 1712//246 1713//246
f 1687//246 1713//246 1714//246
f 1687//246 1684//246 1686//246
f 1715//246 1716//246 1717//246
f 1715//246 1717//246 1718//246
f 1719//246 1716//246 1715//246
f 1720//246 1715//246 1718//246
f 1721//246 1720//246 1718//246
f 1721//246 1718//246 1722//246
f 1723//246 1724//246 1725//246
f 1723//246 1725//246 1716//246
f 1723//246 1716//246 1719//246
f 1726//246 1722//246 1727//246
f 1726//246 1727//246 1728//246
f 1726//246 1721//246 1722//246
f 1729//246 1724//246 1723//246
f 1730//246 1728//246 1731//246
f 1730//246 1726//246 1728//246
f 1732//246 1733//246 1734//246
f 1732//246 1734//246 1724//246
f 1732//246 1724//246 1729//246
f 1735//246 1730//246 1731//246
f 1736//246 1733//246 1732//246
f 1737//246 1735//246 1731//246
f 1737//246 1731//246 1738//246
f 1739//246 1740//246 1741//246
f 1739//246 1741//246 1733//246
f 1739//246 1733//246 1736//246
f 1742//246 1740//246 1739//246
f 1743//246 1738//246 1744//246
f 1743//246 1744//246 1745//246
f 1743//246 1737//246 1738//246
f 1746//246 1743//246 1745//246
f 1747//246 1740//246 1742//246
f 1747//246 1748//246 1749//246
f 1747//246 1749//246 1740//246
f 1750//246 1746//246 1745//246
f 1750//246 1745//246 1751//246
f 1750//246 1751//246 1752//246
f 1753//246 1748//246 1747//246
f 1754//246 1750//246 1752//246
f 1755//246 1756//246 1748//246
f 1755//246 1748//246 1753//246
f 1757//246 1758//246 1756//246
f 1757//246 1756//246 1755//246
f 1759//246 1760//246 1761//246
f 1759//246 1761//246 1758//246
f 1759//246 1758//246 1757//246
f 1762//246 1760//246 1759//246
f 1763//246 1764//246 1765//246
f 1763//246 1765//246 1760//246
f 1763//246 1760//246 1762//246
f 1766//246 1764//246 1763//246
f 1767//246 1764//246 1766//246
f 1767//246 1768//246 1769//246
f 1767//246 1769//246 1764//246
f 1770//246 1768//246 1767//246
f 1771//246 1772//246 1773//246
f 1771//246 1773//246 1768//246
f 1771//246 1768//246 1770//246
f 1774//246 1772//246 1771//246
f 1775//246 1776//246 1777//246
f 1775//246 1777//246 1772//246
f 1775//246 1772//246 1774//246
f 1778//246 1776//246 1775//246
f 1779//246 1780//246 1781//246
f 1779//246 1781//246 1776//246
f 1779//246 1776//246 1778//246
f 1782//246 1780//246 1779//246
f 1783//246 1784//246 1780//246
f 1783//246 1780//246 1782//246
f 1785//246 1786//246 1787//246
f 1785//246 1787//246 1784//246
f 1785//246 1784//246 1783//246
f 1788//246 1786//246 1785//246
f 1789//246 1790//246 1791//246
f 1789//246 1791//246 1786//246
f 1789//246 1786//246 1788//246
f 1792//246 1793//246 1790//246
f 1792//246 1790//246 1789//246
f 1794//246 1793//246 1792//246
f 1795//246 1793//246 1794//246
f 1795//246 1796//246 1793//246
f 1797//246 1796//246 1795//246
f 1797//246 1798//246 1799//246
f 1797//246 1799//246 1796//246
f 1800//246 1798//246 1797//246
f 1801//246 1798//246 1800//246
f 1801//246 1714//246 1802//246
f 1801//246 1802//246 1798//246
f 1803//246 1714//246 1801//246
f 1804//246 1805//246 1806//246
f 1804//246 1807//246 1808//246
f 1804//246 1808//246 1805//246
f 1809//246 1806//246 1805//246
f 1809//246 1805//246 1810//246
f 1811//246 1809//246 1810//246
f 1811//246 1810//246 1812//246
f 1813//246 1807//246 1804//246
f 1813//246 1814//246 1807//246
f 1815//246 1811//246 1812//246
f 1815//246 1812//246 1816//246
f 1815//246 1816//246 1817//246
f 1818//246 1814//246 1813//246
f 1819//246 1815//246 1817//246
f 1820//246 1814//246 1818//246
f 1820//246 1821//246 1814//246
f 1822//246 1821//246 1820//246
f 1822//246 1823//246 1824//246
f 1822//246 1824//246 1821//246
f 1825//246 1819//246 1817//246
f 1825//246 1817//246 1826//246
f 1825//246 1826//246 1827//246
f 1828//246 1823//246 1822//246
f 1829//246 1825//246 1827//246
f 1830//246 1829//246 1827//246
f 1830//246 1827//246 1831//246
f 1830//246 1831//246 1832//246
f 1833//246 1823//246 1828//246
f 1833//246 1834//246 1823//246
f 1835//246 1836//246 1837//246
f 1835//246 1837//246 1834//246
f 1835//246 1834//246 1833//246
f 1838//246 1830//246 1832//246
f 1839//246 1836//246 1835//246
f 1839//246 1840//246 1836//246
f 1841//246 1832//246 1842//246
f 1841//246 1838//246 1832//246
f 1843//246 1840//246 1839//246
f 1844//246 1840//246 1843//246
f 1844//246 1845//246 1840//246
f 1846//246 1845//246 1844//246
f 1846//246 1847//246 1845//246
f 1848//246 1847//246 1846//246
f 1848//246 1849//246 1847//246
f 1850//246 1849//246 1848//246
f 1850//246 1851//246 1849//246
f 1561//246 1842//246 1852//246
f 1561//246 1852//246 1853//246
f 1561//246 1853//246 1854//246
f 1561//246 1854//246 1855//246
f 1561//246 1855//246 1754//246
f 1561//246 1856//246 1857//246
f 1561//246 1857//246 1858//246
f 1561//246 1858//246 1859//246
f 1561//246 1647//246 1566//246
f 1561//246 1859//246 1860//246
f 1561//246 1860//246 1841//246
f 1561//246 1752//246 1647//246
f 1561//246 1754//246 1752//246
f 1561//246 1841//246 1842//246
f 1861//246 1856//246 1561//246
f 1862//246 1851//246 1850//246
f 1862//246 1863//246 1851//246
f 1864//246 1861//246 1561//246
f 1865//246 1863//246 1862//246
f 1865//246 1866//246 1867//246
f 1865//246 1867//246 1863//246
f 1868//246 1864//246 1561//246
f 1869//246 1866//246 1865//246
f 1870//246 1868//246 1561//246
f 1871//246 1872//246 1866//246
f 1871//246 1866//246 1869//246
f 1873//246 1872//246 1871//246
f 1873//246 1874//246 1875//246
f 1873//246 1875//246 1872//246
f 1876//246 1870//246 1561//246
f 1877//246 1874//246 1873//246
f 1877//246 1878//246 1874//246
f 1879//246 1876//246 1561//246
f 1880//246 1878//246 1877//246
f 1881//246 1879//246 1561//246
f 1882//246 1878//246 1880//246
f 1882//246 1883//246 1878//246
f 1884//246 1881//246 1561//246
f 1885//246 1883//246 1882//246
f 1885//246 1886//246 1887//246
f 1885//246 1887//246 1883//246
f 1888//246 1884//246 1561//246
f 1889//246 1888//246 1561//246
f 1890//246 1886//246 1885//246
f 1891//246 1886//246 1890//246
f 1891//246 1892//246 1886//246
f 1893//246 1889//246 1561//246
f 1894//246 1895//246 1892//246
f 1894//246 1892//246 1891//246
f 1896//246 1893//246 1561//246
f 1897//246 1898//246 1899//246
f 1897//246 1899//246 1895//246
f 1897//246 1895//246 1894//246
f 1900//246 1896//246 1561//246
f 1901//246 1898//246 1897//246
f 1902//246 1900//246 1561//246
f 1903//246 1898//246 1901//246
f 1903//246 1904//246 1905//246
f 1903//246 1905//246 1898//246
f 1906//246 1902//246 1561//246
f 1907//246 1906//246 1561//246
f 1908//246 1904//246 1903//246
f 1909//246 1907//246 1561//246
f 1910//246 1911//246 1912//246
f 1910//246 1912//246 1904//246
f 1910//246 1904//246 1908//246
f 1913//246 1909//246 1561//246
f 1914//246 1911//246 1910//246
f 1915//246 1916//246 1911//246
f 1915//246 1911//246 1914//246
f 1917//246 1913//246 1561//246
f 1918//246 1917//246 1561//246
f 1919//246 1918//246 1561//246
f 1920//246 1919//246 1561//246
f 1921//246 1920//246 1561//246
f 1922//246 1921//246 1561//246
f 1923//246 1922//246 1561//246
f 1924//246 1923//246 1561//246
f 1563//246 1714//246 1803//246
f 1563//246 1924//246 1561//246
f 1563//246 1803//246 1925//246
f 1563//246 1925//246 1926//246
f 1563//246 1926//246 1927//246
f 1563//246 1927//246 1928//246
f 1563//246 1928//246 1916//246
f 1563//246 1916//246 1915//246
f 1563//246 1687//246 1714//246
f 1563//246 1915//246 1929//246
f 1563//246 1929//246 1930//246
f 1563//246 1930//246 1931//246
f 1563//246 1931//246 1932//246
f 1563//246 1932//246 1933//246
f 1563//246 1933//246 1934//246
f 1563//246 1934//246 1935//246
f 1563//246 1935//246 1936//246
f 1563//246 1936//246 1937//246
f 1563//246 1937//246 1938//246
f 1563//246 1938//246 1939//246
f 1563//246 1939//246 1940//246
f 1563//246 1940//246 1941//246
f 1563//246 1941//246 1942//246
f 1563//246 1942//246 1943//246
f 1563//246 1943//246 1944//246
f 1563//246 1944//246 1945//246
f 1563//246 1945//246 1946//246
f 1563//246 1946//246 1947//246
f 1563//246 1947//246 1948//246
f 1563//246 1948//246 1949//246
f 1563//246 1949//246 1950//246
f 1563//246 1950//246 1924//246
f 1951//247 1815//247 1819//247
f 1951//247 1952//247 1815//247
f 1952//248 1811//248 1815//248
f 1952//249 1953//249 1811//249
f 1890//250 1885//250 1954//250
f 1890//251 1954//251 1955//251
f 1885//252 1882//252 1956//252
f 1885//253 1956//253 1954//253
f 1955//254 1891//254 1890//254
f 1955//254 1957//254 1891//254
f 1957//255 1894//255 1891//255
f 1957//256 1958//256 1894//256
f 1958//257 1897//257 1894//257
f 1958//258 1959//258 1897//258
f 1882//259 1880//259 1960//259
f 1882//260 1960//260 1956//260
f 1880//261 1877//261 1961//261
f 1880//261 1961//261 1960//261
f 1877//262 1873//262 1962//262
f 1877//262 1962//262 1961//262
f 1873//263 1871//263 1963//263
f 1873//264 1963//264 1962//264
f 1871//265 1869//265 1964//265
f 1871//265 1964//265 1963//265
f 1869//266 1865//266 1965//266
f 1869//266 1965//266 1964//266
f 1865//267 1862//267 1966//267
f 1865//267 1966//267 1965//267
f 1862//268 1850//268 1967//268
f 1862//268 1967//268 1966//268
f 1850//269 1848//269 1968//269
f 1850//269 1968//269 1967//269
f 1848//270 1846//270 1969//270
f 1848//270 1969//270 1968//270
f 1846//271 1844//271 1970//271
f 1846//271 1970//271 1969//271
f 1844//272 1843//272 1971//272
f 1844//272 1971//272 1970//272
f 1843//273 1839//273 1972//273
f 1843//273 1972//273 1971//273
f 1839//274 1835//274 1973//274
f 1839//274 1973//274 1972//274
f 1835//275 1833//275 1974//275
f 1835//275 1974//275 1973//275
f 1833//276 1828//276 1975//276
f 1833//276 1975//276 1974//276
f 1828//277 1822//277 1976//277
f 1828//278 1976//278 1975//278
f 1822//279 1820//279 1977//279
f 1822//279 1977//279 1976//279
f 1953//280 1809//280 1811//280
f 1953//281 1978//281 1809//281
f 1978//282 1806//282 1809//282
f 1978//282 1979//282 1806//282
f 1820//283 1818//283 1980//283
f 1820//283 1980//283 1977//283
f 1818//284 1813//284 1981//284
f 1818//285 1981//285 1980//285
f 1813//286 1804//286 1982//286
f 1813//287 1982//287 1981//287
f 1804//288 1806//288 1979//288
f 1804//289 1979//289 1982//289
f 1959//290 1901//290 1897//290
f 1959//290 1983//290 1901//290
f 1983//291 1903//291 1901//291
f 1983//292 1984//292 1903//292
f 1984//293 1908//293 1903//293
f 1984//294 1985//294 1908//294
f 1985//295 1910//295 1908//295
f 1985//295 1986//295 1910//295
f 1986//296 1914//296 1910//296
f 1986//297 1987//297 1914//297
f 1987//298 1915//298 1914//298
f 1987//298 1988//298 1915//298
f 1988//299 1929//299 1915//299
f 1988//299 1989//299 1929//299
f 1989//300 1930//300 1929//300
f 1989//301 1990//301 1930//301
f 1990//302 1931//302 1930//302
f 1990//302 1991//302 1931//302
f 1991//303 1932//303 1931//303
f 1991//303 1992//303 1932//303
f 1992//304 1933//304 1932//304
f 1992//305 1993//305 1933//305
f 1993//306 1934//306 1933//306
f 1993//306 1994//306 1934//306
f 1994//307 1935//307 1934//307
f 1994//307 1995//307 1935//307
f 1995//308 1936//308 1935//308
f 1995//309 1996//309 1936//309
f 1996//310 1937//310 1936//310
f 1996//310 1997//310 1937//310
f 1997//311 1938//311 1937//311
f 1997//312 1998//312 1938//312
f 1998//313 1939//313 1938//313
f 1998//314 1999//314 1939//314
f 1999//315 1940//315 1939//315
f 1999//315 2000//315 1940//315
f 2000//316 1941//316 1940//316
f 2000//317 2001//317 1941//317
f 2001//318 1942//318 1941//318
f 2001//319 2002//319 1942//319
f 2002//320 1943//320 1942//320
f 2002//320 2003//320 1943//320
f 1944//321 1943//321 2003//321
f 1944//322 2003//322 2004//322
f 1945//323 1944//323 2004//323
f 1945//324 2004//324 2005//324
f 1946//325 1945//325 2005//325
f 1946//326 2005//326 2006//326
f 1947//327 1946//327 2006//327
f 1947//327 2006//327 2007//327
f 1948//328 1947//328 2007//328
f 1948//328 2007//328 2008//328
f 1949//329 1948//329 2008//329
f 1949//330 2008//330 2009//330
f 1950//331 1949//331 2009//331
f 1950//331 2009//331 2010//331
f 1924//332 1950//332 2010//332
f 1924//332 2010//332 2011//332
f 1923//333 1924//333 2011//333
f 1923//333 2011//333 2012//333
f 1922//334 1923//334 2012//334
f 1922//334 2012//334 2013//334
f 1921//335 1922//335 2013//335
f 1921//335 2013//335 2014//335
f 1920//336 1921//336 2014//336
f 1920//336 2014//336 2015//336
f 1919//337 1920//337 2015//337
f 1919//337 2015//337 2016//337
f 1918//338 1919//338 2016//338
f 1918//338 2016//338 2017//338
f 1917//339 1918//339 2017//339
f 1917//339 2017//339 2018//339
f 1913//340 1917//340 2018//340
f 1913//340 2018//340 2019//340
f 1909//341 1913//341 2019//341
f 1909//341 2019//341 2020//341
f 1907//342 1909//342 2020//342
f 1907//342 2020//342 2021//342
f 1906//343 1907//343 2021//343
f 1906//344 2021//344 2022//344
f 1902//345 1906//345 2022//345
f 1902//345 2022//345 2023//345
f 1900//346 1902//346 2023//346
f 1900//346 2023//346 2024//346
f 1896//347 1900//347 2024//347
f 1896//348 2024//348 2025//348
f 1893//349 1896//349 2025//349
f 1893//350 2025//350 2026//350
f 1889//351 1893//351 2026//351
f 1889//352 2026//352 2027//352
f 2027//353 1888//353 1889//353
f 2027//353 2028//353 1888//353
f 2028//354 1884//354 1888//354
f 2028//355 2029//355 1884//355
f 2029//356 1881//356 1884//356
f 2029//357 2030//357 1881//357
f 2030//358 1879//358 1881//358
f 2030//358 2031//358 1879//358
f 2031//359 1876//359 1879//359
f 2031//360 2032//360 1876//360
f 2032//361 1870//361 1876//361
f 2032//362 2033//362 1870//362
f 2033//363 1868//363 1870//363
f 2033//364 2034//364 1868//364
f 2034//365 1864//365 1868//365
f 2034//366 2035//366 1864//366
f 2035//367 1861//367 1864//367
f 2035//367 2036//367 1861//367
f 2036//368 1856//368 1861//368
f 2036//368 2037//368 1856//368
f 2037//369 1857//369 1856//369
f 2037//369 2038//369 1857//369
f 2038//370 1858//370 1857//370
f 2038//370 2039//370 1858//370
f 2039//371 1859//371 1858//371
f 2039//371 2040//371 1859//371
f 2040//372 1860//372 1859//372
f 2040//372 2041//372 1860//372
f 2041//373 1841//373 1860//373
f 2041//373 2042//373 1841//373
f 2042//374 1838//374 1841//374
f 2042//374 2043//374 1838//374
f 2043//375 1830//375 1838//375
f 2043//376 2044//376 1830//376
f 2044//377 1829//377 1830//377
f 2044//378 2045//378 1829//378
f 2045//379 1825//379 1829//379
f 2045//380 2046//380 1825//380
f 2046//381 1819//381 1825//381
f 2046//382 1951//382 1819//382
f 2047//383 1726//383 1730//383
f 2047//383 2048//383 1726//383
f 2048//384 1721//384 1726//384
f 2048//384 2049//384 1721//384
f 1783//385 1782//385 2050//385
f 1783//385 2050//385 2051//385
f 1782//253 1779//253 2052//253
f 1782//253 2052//253 2050//253
f 2051//254 1785//254 1783//254
f 2051//254 2053//254 1785//254
f 2053//256 1788//256 1785//256
f 2053//256 2054//256 1788//256
f 2054//386 1789//386 1788//386
f 2054//386 2055//386 1789//386
f 1779//260 1778//260 2056//260
f 1779//260 2056//260 2052//260
f 1778//387 1775//387 2057//387
f 1778//387 2057//387 2056//387
f 1775//388 1774//388 2058//388
f 1775//389 2058//389 2057//389
f 1774//390 1771//390 2059//390
f 1774//391 2059//391 2058//391
f 1771//392 1770//392 2060//392
f 1771//392 2060//392 2059//392
f 1770//393 1767//393 2061//393
f 1770//394 2061//394 2060//394
f 1767//395 1766//395 2062//395
f 1767//395 2062//395 2061//395
f 1766//396 1763//396 2063//396
f 1766//396 2063//396 2062//396
f 1763//397 1762//397 2064//397
f 1763//398 2064//398 2063//398
f 1762//399 1759//399 2065//399
f 1762//399 2065//399 2064//399
f 1759//400 1757//400 2066//400
f 1759//400 2066//400 2065//400
f 1757//401 1755//401 2067//401
f 1757//402 2067//402 2066//402
f 1755//403 1753//403 2068//403
f 1755//403 2068//403 2067//403
f 1753//404 1747//404 2069//404
f 1753//404 2069//404 2068//404
f 1747//405 1742//405 2070//405
f 1747//406 2070//406 2069//406
f 1742//407 1739//407 2071//407
f 1742//407 2071//407 2070//407
f 1739//408 1736//408 2072//408
f 1739//409 2072//409 2071//409
f 1736//410 1732//410 2073//410
f 1736//411 2073//411 2072//411
f 2049//280 1720//280 1721//280
f 2049//280 2074//280 1720//280
f 2074//282 1715//282 1720//282
f 2074//282 2075//282 1715//282
f 1732//412 1729//412 2076//412
f 1732//412 2076//412 2073//412
f 1729//284 1723//284 2077//284
f 1729//284 2077//284 2076//284
f 1723//286 1719//286 2078//286
f 1723//286 2078//286 2077//286
f 1719//413 1715//413 2075//413
f 1719//413 2075//413 2078//413
f 2055//290 1792//290 1789//290
f 2055//290 2079//290 1792//290
f 2079//292 1794//292 1792//292
f 2079//292 2080//292 1794//292
f 2080//414 1795//414 1794//414
f 2080//414 2081//414 1795//414
f 2081//295 1797//295 1795//295
f 2081//295 2082//295 1797//295
f 2082//297 1800//297 1797//297
f 2082//297 2083//297 1800//297
f 2083//298 1801//298 1800//298
f 2083//298 2084//298 1801//298
f 2084//299 1803//299 1801//299
f 2084//299 2085//299 1803//299
f 2085//301 1925//301 1803//301
f 2085//301 2086//301 1925//301
f 2086//302 1926//302 1925//302
f 2086//302 2087//302 1926//302
f 2087//303 1927//303 1926//303
f 2087//303 2088//303 1927//303
f 2088//305 1928//305 1927//305
f 2088//304 2089//304 1928//304
f 2089//306 1916//306 1928//306
f 2089//306 2090//306 1916//306
f 2090//307 1911//307 1916//307
f 2090//307 2091//307 1911//307
f 2091//308 1912//308 1911//308
f 2091//308 2092//308 1912//308
f 2092//310 1904//310 1912//310
f 2092//310 2093//310 1904//310
f 2093//312 1905//312 1904//312
f 2093//312 2094//312 1905//312
f 2094//415 1898//415 1905//415
f 2094//415 2095//415 1898//415
f 2095//315 1899//315 1898//315
f 2095//315 2096//315 1899//315
f 2096//317 1895//317 1899//317
f 2096//317 2097//317 1895//317
f 2097//319 1892//319 1895//319
f 2097//319 2098//319 1892//319
f 2098//320 1886//320 1892//320
f 2098//320 2099//320 1886//320
f 1887//322 1886//322 2099//322
f 1887//322 2099//322 2100//322
f 1883//323 1887//323 2100//323
f 1883//324 2100//324 2101//324
f 1878//325 1883//325 2101//325
f 1878//325 2101//325 2102//325
f 1874//327 1878//327 2102//327
f 1874//327 2102//327 2103//327
f 1875//416 1874//416 2103//416
f 1875//328 2103//328 2104//328
f 1872//329 1875//329 2104//329
f 1872//329 2104//329 2105//329
f 1866//417 1872//417 2105//417
f 1866//417 2105//417 2106//417
f 1867//332 1866//332 2106//332
f 1867//332 2106//332 2107//332
f 1863//333 1867//333 2107//333
f 1863//333 2107//333 2108//333
f 1851//334 1863//334 2108//334
f 1851//334 2108//334 2109//334
f 1849//335 1851//335 2109//335
f 1849//335 2109//335 2110//335
f 1847//336 1849//336 2110//336
f 1847//336 2110//336 2111//336
f 1845//337 1847//337 2111//337
f 1845//337 2111//337 2112//337
f 1840//338 1845//338 2112//338
f 1840//338 2112//338 2113//338
f 1836//339 1840//339 2113//339
f 1836//339 2113//339 2114//339
f 1837//340 1836//340 2114//340
f 1837//340 2114//340 2115//340
f 1834//341 1837//341 2115//341
f 1834//341 2115//341 2116//341
f 1823//418 1834//418 2116//418
f 1823//418 2116//418 2117//418
f 1824//344 1823//344 2117//344
f 1824//344 2117//344 2118//344
f 1821//345 1824//345 2118//345
f 1821//419 2118//419 2119//419
f 1814//346 1821//346 2119//346
f 1814//346 2119//346 2120//346
f 1807//348 1814//348 2120//348
f 1807//348 2120//348 2121//348
f 1808//349 1807//349 2121//349
f 1808//350 2121//350 2122//350
f 1805//351 1808//351 2122//351
f 1805//351 2122//351 2123//351
f 2123//353 1810//353 1805//353
f 2123//353 2124//353 1810//353
f 2124//354 1812//354 1810//354
f 2124//354 2125//354 1812//354
f 2125//357 1816//357 1812//357
f 2125//356 2126//356 1816//356
f 2126//358 1817//358 1816//358
f 2126//358 2127//358 1817//358
f 2127//360 1826//360 1817//360
f 2127//360 2128//360 1826//360
f 2128//361 1827//361 1826//361
f 2128//361 2129//361 1827//361
f 2129//363 1831//363 1827//363
f 2129//363 2130//363 1831//363
f 2130//366 1832//366 1831//366
f 2130//366 2131//366 1832//366
f 2131//367 1842//367 1832//367
f 2131//367 2132//367 1842//367
f 2132//368 1852//368 1842//368
f 2132//368 2133//368 1852//368
f 2133//369 1853//369 1852//369
f 2133//369 2134//369 1853//369
f 2134//370 1854//370 1853//370
f 2134//370 2135//370 1854//370
f 2135//371 1855//371 1854//371
f 2135//371 2136//371 1855//371
f 2136//372 1754//372 1855//372
f 2136//372 2137//372 1754//372
f 2137//373 1750//373 1754//373
f 2137//373 2138//373 1750//373
f 2138//374 1746//374 1750//374
f 2138//374 2139//374 1746//374
f 2139//375 1743//375 1746//375
f 2139//375 2140//375 1743//375
f 2140//378 1737//378 1743//378
f 2140//378 2141//378 1737//378
f 2141//379 1735//379 1737//379
f 2141//379 2142//379 1735//379
f 2142//381 1730//381 1735//381
f 2142//381 2047//381 1730//381
f 2143//254 1670//254 1668//254
f 2143//254 2144//254 1670//254
f 2144//420 1671//420 1670//420
f 2144//420 2145//420 1671//420
f 1668//385 1665//385 2146//385
f 1668//385 2146//385 2143//385
f 2145//386 1673//386 1671//386
f 2145//386 2147//386 1673//386
f 2147//290 1676//290 1673//290
f 2147//290 2148//290 1676//290
f 2148//292 1677//292 1676//292
f 2148//292 2149//292 1677//292
f 2149//414 1680//414 1677//414
f 2149//414 2150//414 1680//414
f 1665//253 1663//253 2151//253
f 1665//253 2151//253 2146//253
f 1663//260 1661//260 2152//260
f 1663//260 2152//260 2151//260
f 2150//295 1682//295 1680//295
f 2150//295 2153//295 1682//295
f 2153//297 1683//297 1682//297
f 2153//297 2154//297 1683//297
f 2154//298 1686//298 1683//298
f 2154//298 2155//298 1686//298
f 2155//299 1710//299 1686//299
f 2155//299 2156//299 1710//299
f 2156//300 1711//300 1710//300
f 2156//301 2157//301 1711//301
f 2157//302 1712//302 1711//302
f 2157//302 2158//302 1712//302
f 2158//303 1713//303 1712//303
f 2158//303 2159//303 1713//303
f 2159//304 1714//304 1713//304
f 2159//304 2160//304 1714//304
f 2160//306 1802//306 1714//306
f 2160//306 2161//306 1802//306
f 2161//307 1798//307 1802//307
f 2161//307 2162//307 1798//307
f 2162//308 1799//308 1798//308
f 2162//308 2163//308 1799//308
f 2163//310 1796//310 1799//310
f 2163//310 2164//310 1796//310
f 2164//421 1793//421 1796//421
f 2164//421 2165//421 1793//421
f 2165//313 1790//313 1793//313
f 2165//313 2166//313 1790//313
f 2166//315 1791//315 1790//315
f 2166//315 2167//315 1791//315
f 2167//422 1786//422 1791//422
f 2167//422 2168//422 1786//422
f 2168//318 1787//318 1786//318
f 2168//318 2169//318 1787//318
f 2169//320 1784//320 1787//320
f 2169//320 2170//320 1784//320
f 1780//423 1784//423 2170//423
f 1780//423 2170//423 2171//423
f 1781//323 1780//323 2171//323
f 1781//323 2171//323 2172//323
f 1776//325 1781//325 2172//325
f 1776//325 2172//325 2173//325
f 1777//424 1776//424 2173//424
f 1777//424 2173//424 2174//424
f 1772//425 1777//425 2174//425
f 1772//425 2174//425 2175//425
f 1773//426 1772//426 2175//426
f 1773//426 2175//426 2176//426
f 1768//427 1773//427 2176//427
f 1768//427 2176//427 2177//427
f 1769//428 1768//428 2177//428
f 1769//429 2177//429 2178//429
f 1764//430 1769//430 2178//430
f 1764//430 2178//430 2179//430
f 1765//431 1764//431 2179//431
f 1765//431 2179//431 2180//431
f 1760//432 1765//432 2180//432
f 1760//433 2180//433 2181//433
f 1761//434 1760//434 2181//434
f 1761//434 2181//434 2182//434
f 1758//435 1761//435 2182//435
f 1758//435 2182//435 2183//435
f 1756//436 1758//436 2183//436
f 1756//437 2183//437 2184//437
f 1748//438 1756//438 2184//438
f 1748//438 2184//438 2185//438
f 1749//439 1748//439 2185//439
f 1749//439 2185//439 2186//439
f 1740//440 1749//440 2186//440
f 1740//441 2186//441 2187//441
f 1741//442 1740//442 2187//442
f 1741//442 2187//442 2188//442
f 1733//443 1741//443 2188//443
f 1733//443 2188//443 2189//443
f 1734//444 1733//444 2189//444
f 1734//444 2189//444 2190//444
f 1724//445 1734//445 2190//445
f 1724//445 2190//445 2191//445
f 1725//348 1724//348 2191//348
f 1725//348 2191//348 2192//348
f 1716//350 1725//350 2192//350
f 1716//350 2192//350 2193//350
f 1717//446 1716//446 2193//446
f 1717//446 2193//446 2194//446
f 2194//353 1718//353 1717//353
f 2194//353 2195//353 1718//353
f 2195//355 1722//355 1718//355
f 2195//355 2196//355 1722//355
f 2196//447 1727//447 1722//447
f 2196//447 2197//447 1727//447
f 2197//448 1728//448 1727//448
f 2197//448 2198//448 1728//448
f 2198//360 1731//360 1728//360
f 2198//360 2199//360 1731//360
f 2199//362 1738//362 1731//362
f 2199//362 2200//362 1738//362
f 2200//363 1744//363 1738//363
f 2200//363 2201//363 1744//363
f 2201//366 1745//366 1744//366
f 2201//366 2202//366 1745//366
f 2202//367 1751//367 1745//367
f 2202//367 2203//367 1751//367
f 2203//368 1752//368 1751//368
f 2203//368 2204//368 1752//368
f 2204//369 1647//369 1752//369
f 2204//369 2205//369 1647//369
f 2205//370 1642//370 1647//370
f 2205//370 2206//370 1642//370
f 2206//371 1641//371 1642//371
f 2206//371 2207//371 1641//371
f 2207//372 1635//372 1641//372
f 2207//372 2208//372 1635//372
f 2208//373 1633//373 1635//373
f 2208//373 2209//373 1633//373
f 2209//374 1629//374 1633//374
f 2209//374 2210//374 1629//374
f 2210//375 1628//375 1629//375
f 2210//375 2211//375 1628//375
f 2211//378 1621//378 1628//378
f 2211//378 2212//378 1621//378
f 2212//379 1616//379 1621//379
f 2212//379 2213//379 1616//379
f 1660//388 1658//388 2214//388
f 1660//389 2214//389 2215//389
f 1658//390 1656//390 2216//390
f 1658//391 2216//391 2214//391
f 1656//449 1653//449 2217//449
f 1656//449 2217//449 2216//449
f 1653//394 1651//394 2218//394
f 1653//394 2218//394 2217//394
f 1651//395 1650//395 2219//395
f 1651//395 2219//395 2218//395
f 1650//396 1648//396 2220//396
f 1650//396 2220//396 2219//396
f 1648//398 1644//398 2221//398
f 1648//397 2221//397 2220//397
f 1644//399 1643//399 2222//399
f 1644//399 2222//399 2221//399
f 1643//400 1638//400 2223//400
f 1643//400 2223//400 2222//400
f 1638//402 1636//402 2224//402
f 1638//401 2224//401 2223//401
f 1636//403 1634//403 2225//403
f 1636//403 2225//403 2224//403
f 1634//404 1631//404 2226//404
f 1634//404 2226//404 2225//404
f 1631//405 1625//405 2227//405
f 1631//405 2227//405 2226//405
f 1625//450 1623//450 2228//450
f 1625//450 2228//450 2227//450
f 1623//408 1619//408 2229//408
f 1623//409 2229//409 2228//409
f 1619//410 1615//410 2230//410
f 1619//411 2230//411 2229//411
f 1615//412 1612//412 2231//412
f 1615//412 2231//412 2230//412
f 1612//284 1607//284 2232//284
f 1612//284 2232//284 2231//284
f 1607//286 1601//286 2233//286
f 1607//286 2233//286 2232//286
f 1601//413 1598//413 2234//413
f 1601//413 2234//413 2233//413
f 2213//381 1614//381 1616//381
f 2213//381 2235//381 1614//381
f 2235//383 1609//383 1614//383
f 2235//383 2236//383 1609//383
f 2236//384 1605//384 1609//384
f 2236//384 2237//384 1605//384
f 2237//451 1604//451 1605//451
f 2237//451 2238//451 1604//451
f 2238//282 1598//282 1604//282
f 2238//282 2234//282 1598//282
f 1661//387 1660//387 2215//387
f 1661//387 2215//387 2152//387
f 2239//307 1685//307 1684//307
f 2239//307 2240//307 1685//307
f 2240//308 1681//308 1685//308
f 2240//308 2241//308 1681//308
f 2241//310 1678//310 1681//310
f 2241//310 2242//310 1678//310
f 2242//311 1679//311 1678//311
f 2242//312 2243//312 1679//312
f 2243//313 1674//313 1679//313
f 2243//415 2244//415 1674//415
f 2244//315 1675//315 1674//315
f 2244//315 2245//315 1675//315
f 2245//317 1672//317 1675//317
f 2245//317 2246//317 1672//317
f 2246//319 1669//319 1672//319
f 2246//319 2247//319 1669//319
f 2247//320 1666//320 1669//320
f 2247//320 2248//320 1666//320
f 1667//322 1666//322 2248//322
f 1667//322 2248//322 2249//322
f 1664//323 1667//323 2249//323
f 1664//324 2249//324 2250//324
f 1662//325 1664//325 2250//325
f 1662//325 2250//325 2251//325
f 1659//327 1662//327 2251//327
f 1659//327 2251//327 2252//327
f 1657//328 1659//328 2252//328
f 1657//416 2252//416 2253//416
f 1654//329 1657//329 2253//329
f 1654//330 2253//330 2254//330
f 1655//331 1654//331 2254//331
f 1655//417 2254//417 2255//417
f 1652//332 1655//332 2255//332
f 1652//332 2255//332 2256//332
f 1649//333 1652//333 2256//333
f 1649//333 2256//333 2257//333
f 1645//334 1649//334 2257//334
f 1645//334 2257//334 2258//334
f 1646//335 1645//335 2258//335
f 1646//335 2258//335 2259//335
f 1639//336 1646//336 2259//336
f 1639//336 2259//336 2260//336
f 1640//337 1639//337 2260//337
f 1640//337 2260//337 2261//337
f 1637//338 1640//338 2261//338
f 1637//338 2261//338 2262//338
f 1632//339 1637//339 2262//339
f 1632//339 2262//339 2263//339
f 1626//340 1632//340 2263//340
f 1626//340 2263//340 2264//340
f 1627//341 1626//341 2264//341
f 1627//341 2264//341 2265//341
f 1624//418 1627//418 2265//418
f 1624//342 2265//342 2266//342
f 1620//343 1624//343 2266//343
f 1620//344 2266//344 2267//344
f 1613//419 1620//419 2267//419
f 1613//345 2267//345 2268//345
f 1608//346 1613//346 2268//346
f 1608//346 2268//346 2269//346
f 1602//348 1608//348 2269//348
f 1602//348 2269//348 2270//348
f 1603//349 1602//349 2270//349
f 1603//350 2270//350 2271//350
f 1599//351 1603//351 2271//351
f 1599//351 2271//351 2272//351
f 2272//353 1600//353 1599//353
f 2272//353 2273//353 1600//353
f 2273//354 1606//354 1600//354
f 2273//354 2274//354 1606//354
f 2274//357 1610//357 1606//357
f 2274//357 2275//357 1610//357
f 2275//358 1611//358 1610//358
f 2275//358 2276//358 1611//358
f 2276//359 1617//359 1611//359
f 2276//360 2277//360 1617//360
f 2277//361 1618//361 1617//361
f 2277//362 2278//362 1618//362
f 2278//364 1622//364 1618//364
f 2278//363 2279//363 1622//363
f 2279//366 1630//366 1622//366
f 2279//366 2280//366 1630//366
f 2280//367 1595//367 1630//367
f 2280//367 2281//367 1595//367
f 2281//368 1593//368 1595//368
f 2281//368 2282//368 1593//368
f 2282//369 1591//369 1593//369
f 2282//369 2283//369 1591//369
f 2283//370 1589//370 1591//370
f 2283//370 2284//370 1589//370
f 2284//371 1587//371 1589//371
f 2284//371 2285//371 1587//371
f 2285//372 1585//372 1587//372
f 2285//372 2286//372 1585//372
f 2286//373 1584//373 1585//373
f 2286//373 2287//373 1584//373
f 2287//374 1582//374 1584//374
f 2287//374 2288//374 1582//374
f 2288//375 1579//375 1582//375
f 2288//375 2289//375 1579//375
f 2289//377 1578//377 1579//377
f 2289//378 2290//378 1578//378
f 2290//379 1576//379 1578//379
f 2290//380 2291//380 1576//380
f 2292//254 1696//254 1695//254
f 2292//254 2293//254 1696//254
f 2293//255 1697//255 1696//255
f 2293//256 2294//256 1697//256
f 1695//250 1694//250 2295//250
f 1695//251 2295//251 2292//251
f 2294//257 1698//257 1697//257
f 2294//258 2296//258 1698//258
f 2296//290 1699//290 1698//290
f 2296//290 2297//290 1699//290
f 2297//291 1700//291 1699//291
f 2297//292 2298//292 1700//292
f 2298//293 1701//293 1700//293
f 2298//294 2299//294 1701//294
f 1694//252 1693//252 2300//252
f 1694//253 2300//253 2295//253
f 1693//259 1692//259 2301//259
f 1693//260 2301//260 2300//260
f 1692//261 1691//261 2302//261
f 1692//261 2302//261 2301//261
f 2299//295 1702//295 1701//295
f 2299//295 2303//295 1702//295
f 2303//297 1703//297 1702//297
f 2303//297 2304//297 1703//297
f 2304//298 1704//298 1703//298
f 2304//298 2305//298 1704//298
f 2305//299 1705//299 1704//299
f 2305//299 2306//299 1705//299
f 2306//301 1706//301 1705//301
f 2306//301 2307//301 1706//301
f 1691//262 1690//262 2308//262
f 1691//262 2308//262 2302//262
f 1690//263 1689//263 2309//263
f 1690//264 2309//264 2308//264
f 1689//265 1688//265 2310//265
f 1689//265 2310//265 2309//265
f 1688//266 1597//266 2311//266
f 1688//266 2311//266 2310//266
f 1597//267 1596//267 2312//267
f 1597//267 2312//267 2311//267
f 1596//268 1594//268 2313//268
f 1596//268 2313//268 2312//268
f 1594//269 1592//269 2314//269
f 1594//269 2314//269 2313//269
f 2307//302 1707//302 1706//302
f 2307//302 2315//302 1707//302
f 2315//303 1708//303 1707//303
f 2315//303 2316//303 1708//303
f 2316//304 1709//304 1708//304
f 2316//304 2317//304 1709//304
f 1592//270 1590//270 2318//270
f 1592//270 2318//270 2314//270
f 1590//271 1588//271 2319//271
f 1590//271 2319//271 2318//271
f 1588//272 1586//272 2320//272
f 1588//272 2320//272 2319//272
f 1586//273 1583//273 2321//273
f 1586//273 2321//273 2320//273
f 1583//274 1581//274 2322//274
f 1583//274 2322//274 2321//274
f 1581//275 1580//275 2323//275
f 1581//275 2323//275 2322//275
f 1580//276 1577//276 2324//276
f 1580//276 2324//276 2323//276
f 1577//277 1575//277 2325//277
f 1577//278 2325//278 2324//278
f 1575//279 1574//279 2326//279
f 1575//279 2326//279 2325//279
f 1574//283 1572//283 2327//283
f 1574//283 2327//283 2326//283
f 1572//284 1569//284 2328//284
f 1572//285 2328//285 2327//285
f 1569//286 1565//286 2329//286
f 1569//287 2329//287 2328//287
f 1565//288 1567//288 2330//288
f 1565//289 2330//289 2329//289
f 2291//381 1573//381 1576//381
f 2291//382 2331//382 1573//382
f 2331//247 1571//247 1573//247
f 2331//247 2332//247 1571//247
f 2332//248 1570//248 1571//248
f 2332//249 2333//249 1570//249
f 2333//280 1568//280 1570//280
f 2333//281 2334//281 1568//281
f 2334//282 1567//282 1568//282
f 2334//282 2330//282 1567//282
f 2317//306 1684//306 1709//306
f 2317//306 2239//306 1684//306
f 2026//452 1564//452 2027//452
f 2028//452 2027//452 1564//452
f 2025//452 1564//452 2026//452
f 2029//452 2028//452 1564//452
f 2030//452 2029//452 1564//452
f 2024//452 1564//452 2025//452
f 2031//452 2030//452 1564//452
f 2023//452 1564//452 2024//452
f 2022//452 1564//452 2023//452
f 2032//452 2031//452 1564//452
f 2021//452 1564//452 2022//452
f 2033//452 2032//452 1564//452
f 2034//452 2033//452 1564//452
f 2020//452 1564//452 2021//452
f 2019//452 1564//452 2020//452
f 2035//452 2034//452 1564//452
f 2018//452 1564//452 2019//452
f 2036//452 2035//452 1564//452
f 2037//452 2036//452 1564//452
f 2017//452 1564//452 2018//452
f 2038//452 2037//452 1564//452
f 2016//452 1564//452 2017//452
f 2039//452 2038//452 1564//452
f 2015//452 1564//452 2016//452
f 2040//452 2039//452 1564//452
f 2014//452 1564//452 2015//452
f 2041//452 2040//452 1564//452
f 2013//452 1564//452 2014//452
f 2042//452 2041//452 1564//452
f 2012//452 1564//452 2013//452
f 2011//452 1564//452 2012//452
f 2123//452 1982//452 1979//452
f 2122//452 1982//452 2123//452
f 2124//452 1979//452 1978//452
f 2124//452 1978//452 1953//452
f 2124//452 2123//452 1979//452
f 2125//452 1953//452 1952//452
f 2125//452 2124//452 1953//452
f 2121//452 1981//452 1982//452
f 2121//452 1982//452 2122//452
f 2126//452 2125//452 1952//452
f 2120//452 1977//452 1980//452
f 2120//452 1980//452 1981//452
f 2120//452 1981//452 2121//452
f 2127//452 2126//452 1952//452
f 2127//452 1952//452 1951//452
f 2119//452 1976//452 1977//452
f 2119//452 1977//452 2120//452
f 2128//452 1951//452 2046//452
f 2128//452 2127//452 1951//452
f 2118//452 1976//452 2119//452
f 2129//452 2128//452 2046//452
f 2129//452 2046//452 2045//452
f 2129//452 2045//452 2044//452
f 2117//452 1976//452 2118//452
f 2117//452 1975//452 1976//452
f 2130//452 2129//452 2044//452
f 2116//452 1975//452 2117//452
f 2116//452 1973//452 1974//452
f 2116//452 1974//452 1975//452
f 2131//452 2130//452 2044//452
f 2131//452 2044//452 2043//452
f 2115//452 1973//452 2116//452
f 2132//452 2131//452 2043//452
f 2132//452 2042//452 1564//452
f 2132//452 2043//452 2042//452
f 2114//452 1973//452 2115//452
f 2114//452 1972//452 1973//452
f 2133//452 2132//452 1564//452
f 2113//452 1972//452 2114//452
f 2113//452 1970//452 1971//452
f 2113//452 1971//452 1972//452
f 2134//452 2133//452 1564//452
f 2112//452 1970//452 2113//452
f 2135//452 2134//452 1564//452
f 2111//452 1970//452 2112//452
f 2111//452 1969//452 1970//452
f 2110//452 1969//452 2111//452
f 2110//452 1968//452 1969//452
f 2136//452 2135//452 1564//452
f 2109//452 1968//452 2110//452
f 2109//452 1967//452 1968//452
f 2137//452 2136//452 1564//452
f 2108//452 1967//452 2109//452
f 2108//452 1965//452 1966//452
f 2108//452 1966//452 1967//452
f 2107//452 1965//452 2108//452
f 2106//452 1964//452 1965//452
f 2106//452 1965//452 2107//452
f 2105//452 1962//452 1963//452
f 2105//452 1963//452 1964//452
f 2105//452 1964//452 2106//452
f 2104//452 1962//452 2105//452
f 2103//452 1961//452 1962//452
f 2103//452 1962//452 2104//452
f 2102//452 1961//452 2103//452
f 2102//452 1956//452 1960//452
f 2102//452 1960//452 1961//452
f 2101//452 1956//452 2102//452
f 2101//452 1954//452 1956//452
f 2100//452 1954//452 2101//452
f 2099//452 1955//452 1954//452
f 2099//452 1954//452 2100//452
f 2098//452 1955//452 2099//452
f 2098//452 1958//452 1957//452
f 2098//452 1957//452 1955//452
f 2097//452 1958//452 2098//452
f 2097//452 1959//452 1958//452
f 2096//452 1959//452 2097//452
f 2095//452 1983//452 1959//452
f 2095//452 1959//452 2096//452
f 2094//452 1984//452 1983//452
f 2094//452 1983//452 2095//452
f 2093//452 1986//452 1985//452
f 2093//452 1985//452 1984//452
f 2093//452 1984//452 2094//452
f 2092//452 1986//452 2093//452
f 2091//452 1987//452 1986//452
f 2091//452 1986//452 2092//452
f 2090//452 1987//452 2091//452
f 2090//452 1988//452 1987//452
f 1562//452 2090//452 2089//452
f 1562//452 2089//452 2088//452
f 1562//452 2088//452 2087//452
f 1562//452 2087//452 2086//452
f 1562//452 2086//452 2085//452
f 1562//452 2011//452 2010//452
f 1562//452 2010//452 2009//452
f 1562//452 2009//452 2008//452
f 1562//452 2008//452 2007//452
f 1562//452 2007//452 2006//452
f 1562//452 2006//452 2005//452
f 1562//452 2005//452 2004//452
f 1562//452 2004//452 2003//452
f 1562//452 2003//452 2002//452
f 1562//452 2002//452 2001//452
f 1562//452 2001//452 2000//452
f 1562//452 2000//452 1999//452
f 1562//452 1999//452 1998//452
f 1562//452 1998//452 1997//452
f 1562//452 1997//452 1996//452
f 1562//452 1996//452 1995//452
f 1562//452 1995//452 1994//452
f 1562//452 1994//452 1993//452
f 1562//452 1993//452 1992//452
f 1562//452 1992//452 1991//452
f 1562//452 1991//452 1990//452
f 1562//452 1990//452 1989//452
f 1562//452 1989//452 1988//452
f 1562//452 1988//452 2090//452
f 1562//452 1564//452 2011//452
f 2194//452 2075//452 2074//452
f 2193//452 2077//452 2078//452
f 2193//452 2078//452 2075//452
f 2193//452 2075//452 2194//452
f 2195//452 2194//452 2074//452
f 2196//452 2195//452 2074//452
f 2196//452 2074//452 2049//452
f 2196//452 2049//452 2048//452
f 2192//452 2077//452 2193//452
f 2197//452 2196//452 2048//452
f 2191//452 2076//452 2077//452
f 2191//452 2077//452 2192//452
f 2198//452 2197//452 2048//452
f 2198//452 2048//452 2047//452
f 2190//452 2073//452 2076//452
f 2190//452 2076//452 2191//452
f 2199//452 2047//452 2142//452
f 2199//452 2142//452 2141//452
f 2199//452 2198//452 2047//452
f 2189//452 2071//452 2072//452
f 2189//452 2072//452 2073//452
f 2189//452 2073//452 2190//452
f 2200//452 2141//452 2140//452
f 2200//452 2199//452 2141//452
f 2188//452 2070//452 2071//452
f 2188//452 2071//452 2189//452
f 2187//452 2069//452 2070//452
f 2187//452 2070//452 2188//452
f 2201//452 2200//452 2140//452
f 2202//452 2140//452 2139//452
f 2202//452 2139//452 2138//452
f 2202//452 2201//452 2140//452
f 2186//452 2069//452 2187//452
f 2203//452 2202//452 2138//452
f 2185//452 2069//452 2186//452
f 2185//452 2067//452 2068//452
f 2185//452 2068//452 2069//452
f 2204//452 2137//452 1564//452
f 2204//452 2138//452 2137//452
f 2204//452 2203//452 2138//452
f 2184//452 2066//452 2067//452
f 2184//452 2067//452 2185//452
f 2183//452 2066//452 2184//452
f 2205//452 2204//452 1564//452
f 2182//452 2065//452 2066//452
f 2182//452 2066//452 2183//452
f 2181//452 2065//452 2182//452
f 2181//452 2064//452 2065//452
f 2180//452 2064//452 2181//452
f 2180//452 2062//452 2063//452
f 2180//452 2063//452 2064//452
f 2179//452 2061//452 2062//452
f 2179//452 2062//452 2180//452
f 2178//452 2061//452 2179//452
f 2177//452 2060//452 2061//452
f 2177//452 2061//452 2178//452
f 2176//452 2060//452 2177//452
f 2176//452 2059//452 2060//452
f 2175//452 2057//452 2058//452
f 2175//452 2058//452 2059//452
f 2175//452 2059//452 2176//452
f 2174//452 2056//452 2057//452
f 2174//452 2057//452 2175//452
f 2173//452 2052//452 2056//452
f 2173//452 2056//452 2174//452
f 2172//452 2052//452 2173//452
f 2171//452 2051//452 2050//452
f 2171//452 2050//452 2052//452
f 2171//452 2052//452 2172//452
f 2170//452 2051//452 2171//452
f 2169//452 2054//452 2053//452
f 2169//452 2053//452 2051//452
f 2169//452 2051//452 2170//452
f 2168//452 2055//452 2054//452
f 2168//452 2054//452 2169//452
f 2167//452 2055//452 2168//452
f 2166//452 2079//452 2055//452
f 2166//452 2055//452 2167//452
f 2165//452 2081//452 2080//452
f 2165//452 2080//452 2079//452
f 2165//452 2079//452 2166//452
f 2164//452 2082//452 2081//452
f 2164//452 2081//452 2165//452
f 2163//452 2082//452 2164//452
f 2162//452 2083//452 2082//452
f 2162//452 2082//452 2163//452
f 2161//452 2084//452 2083//452
f 2161//452 2083//452 2162//452
f 2160//452 2085//452 2084//452
f 2160//452 2084//452 2161//452
f 2160//452 1562//452 2085//452
f 2272//452 2233//452 2234//452
f 2271//452 2233//452 2272//452
f 2273//452 2272//452 2234//452
f 2273//452 2234//452 2238//452
f 2273//452 2238//452 2237//452
f 2274//452 2273//452 2237//452
f 2274//452 2237//452 2236//452
f 2270//452 2233//452 2271//452
f 2270//452 2232//452 2233//452
f 2275//452 2274//452 2236//452
f 2269//452 2232//452 2270//452
f 2269//452 2231//452 2232//452
f 2276//452 2275//452 2236//452
f 2276//452 2236//452 2235//452
f 2276//452 2235//452 2213//452
f 2268//452 2229//452 2230//452
f 2268//452 2230//452 2231//452
f 2268//452 2231//452 2269//452
f 2267//452 2229//452 2268//452
f 2267//452 2228//452 2229//452
f 2277//452 2276//452 2213//452
f 2266//452 2227//452 2228//452
f 2266//452 2228//452 2267//452
f 2278//452 2277//452 2213//452
f 2278//452 2213//452 2212//452
f 2279//452 2278//452 2212//452
f 2279//452 2212//452 2211//452
f 2279//452 2211//452 2210//452
f 2265//452 2227//452 2266//452
f 2264//452 2226//452 2227//452
f 2264//452 2227//452 2265//452
f 2280//452 2279//452 2210//452
f 2263//452 2224//452 2225//452
f 2263//452 2225//452 2226//452
f 2263//452 2226//452 2264//452
f 2281//452 2210//452 2209//452
f 2281//452 2280//452 2210//452
f 2262//452 2223//452 2224//452
f 2262//452 2224//452 2263//452
f 2261//452 2223//452 2262//452
f 2260//452 2221//452 2222//452
f 2260//452 2223//452 2261//452
f 2260//452 2222//452 2223//452
f 2259//452 2221//452 2260//452
f 2258//452 2221//452 2259//452
f 2258//452 2220//452 2221//452
f 2257//452 2220//452 2258//452
f 2257//452 2218//452 2219//452
f 2257//452 2219//452 2220//452
f 2256//452 2218//452 2257//452
f 2256//452 2217//452 2218//452
f 2255//452 2217//452 2256//452
f 2254//452 2217//452 2255//452
f 2254//452 2216//452 2217//452
f 2253//452 2216//452 2254//452
f 2253//452 2214//452 2216//452
f 2252//452 2214//452 2253//452
f 2252//452 2152//452 2215//452
f 2252//452 2215//452 2214//452
f 2251//452 2152//452 2252//452
f 2251//452 2151//452 2152//452
f 2250//452 2151//452 2251//452
f 2250//452 2146//452 2151//452
f 2249//452 2146//452 2250//452
f 2248//452 2143//452 2146//452
f 2248//452 2146//452 2249//452
f 2247//452 2145//452 2144//452
f 2247//452 2144//452 2143//452
f 2247//452 2143//452 2248//452
f 2246//452 2145//452 2247//452
f 2246//452 2147//452 2145//452
f 2245//452 2147//452 2246//452
f 2244//452 2149//452 2148//452
f 2244//452 2148//452 2147//452
f 2244//452 2147//452 2245//452
f 2243//452 2149//452 2244//452
f 2242//452 2150//452 2149//452
f 2242//452 2149//452 2243//452
f 2241//452 2154//452 2153//452
f 2241//452 2153//452 2150//452
f 2241//452 2150//452 2242//452
f 2240//452 2154//452 2241//452
f 2239//452 2155//452 2154//452
f 2239//452 2154//452 2240//452
f 2335//452 2205//452 1564//452
f 2335//452 2321//452 2322//452
f 2335//452 2322//452 2323//452
f 2335//452 2323//452 2324//452
f 2335//452 2324//452 2325//452
f 2335//452 2325//452 2326//452
f 2335//452 2326//452 2327//452
f 2335//452 2327//452 2328//452
f 2335//452 2328//452 2329//452
f 2335//452 2329//452 2330//452
f 2335//452 2330//452 2334//452
f 2335//452 2281//452 2209//452
f 2335//452 2334//452 2333//452
f 2335//452 2333//452 2332//452
f 2335//452 2332//452 2331//452
f 2335//452 2331//452 2291//452
f 2335//452 2291//452 2290//452
f 2335//452 2290//452 2289//452
f 2335//452 2289//452 2288//452
f 2335//452 2288//452 2287//452
f 2335//452 2287//452 2286//452
f 2335//452 2286//452 2285//452
f 2335//452 2285//452 2284//452
f 2335//452 2284//452 2283//452
f 2335//452 2283//452 2282//452
f 2335//452 2282//452 2281//452
f 2335//452 2209//452 2208//452
f 2335//452 2208//452 2207//452
f 2335//452 2207//452 2206//452
f 2335//452 2206//452 2205//452
f 2320//452 2321//452 2335//452
f 2319//452 2320//452 2335//452
f 2318//452 2319//452 2335//452
f 2314//452 2318//452 2335//452
f 2313//452 2314//452 2335//452
f 2312//452 2313//452 2335//452
f 2311//452 2312//452 2335//452
f 2336//452 2299//452 2298//452
f 2336//452 2298//452 2297//452
f 2336//452 2297//452 2296//452
f 2336//452 2296//452 2294//452
f 2336//452 2294//452 2293//452
f 2336//452 2293//452 2292//452
f 2336//452 2292//452 2295//452
f 2336//452 2295//452 2300//452
f 2336//452 1562//452 2160//452
f 2336//452 2300//452 2301//452
f 2336//452 2301//452 2302//452
f 2336//452 2302//452 2308//452
f 2336//452 2308//452 2309//452
f 2336//452 2309//452 2310//452
f 2336//452 2310//452 2311//452
f 2336//452 2311//452 2335//452
f 2336//452 2160//452 2159//452
f 2336//452 2159//452 2158//452
f 2336//452 2158//452 2157//452
f 2336//452 2157//452 2156//452
f 2336//452 2156//452 2155//452
f 2336//452 2155//452 2239//452
f 2336//452 2239//452 2317//452
f 2336//452 2317//452 2316//452
f 2336//452 2316//452 2315//452
f 2336//452 2315//452 2307//452
f 2336//452 2307//452 2306//452
f 2336//452 2306//452 2305//452
f 2336//452 2305//452 2304//452
f 2336//452 2304//452 2303//452
f 2336//452 2303//452 2299//452
f 2335//453 1687//453 2336//453
f 2335//453 1566//453 1687//453
f 1563//454 1562//454 2336//454
f 1563//454 2336//454 1687//454
f 1564//455 1561//455 1566//455
f 1564//455 1566//455 2335//455
o KiCad_PCB_Physical
v -47.000000 -35.000000 6.600000
v 47.000000 -35.000000 6.600000
v 47.000000 -35.000000 8.110000
v -47.000000 -35.000000 8.110000
v 47.000000 35.000000 6.600000
v 47.000000 35.000000 8.110000
v -47.000000 35.000000 8.110000
v -47.000000 35.000000 6.600000
v -41.172749 -28.935234 6.600000
v -41.020260 -29.099577 6.600000
v -40.844978 -29.239359 6.600000
v -41.299038 -28.750000 6.600000
v -40.650826 -29.351454 6.600000
v -41.396309 -28.548012 6.600000
v -40.442131 -29.433359 6.600000
v -41.462391 -28.333782 6.600000
v -40.223564 -29.483246 6.600000
v -41.495804 -28.112095 6.600000
v -40.000000 -29.500000 6.600000
v -41.495804 -27.887905 6.600000
v -39.776436 -29.483246 6.600000
v -41.462391 -27.666218 6.600000
v -39.557869 -29.433359 6.600000
v -41.396309 -27.451988 6.600000
v -39.349174 -29.351454 6.600000
v -41.299038 -27.250000 6.600000
v -39.155022 -29.239359 6.600000
v -41.020260 -26.900423 6.600000
v -41.020260 26.900423 6.600000
v -40.844978 -26.760641 6.600000
v -41.172749 27.064766 6.600000
v -41.172749 -27.064766 6.600000
v -40.844978 26.760641 6.600000
v -41.299038 27.250000 6.600000
v -40.650826 26.648546 6.600000
v -40.650826 -26.648546 6.600000
v -40.442131 26.566641 6.600000
v -40.442131 -26.566641 6.600000
v -40.223564 -26.516754 6.600000
v -40.223564 26.516754 6.600000
v -40.000000 26.500000 6.600000
v -40.000000 -26.500000 6.600000
v -39.776436 -26.516754 6.600000
v -39.776436 26.516754 6.600000
v -39.557869 26.566641 6.600000
v -39.557869 -26.566641 6.600000
v -39.349174 26.648546 6.600000
v -39.349174 -26.648546 6.600000
v -39.155022 -26.760641 6.600000
v -39.155022 26.760641 6.600000
v -38.979740 26.900423 6.600000
v -38.979740 -26.900423 6.600000
v -41.462391 28.333782 6.600000
v -41.396309 28.548012 6.600000
v -41.299038 28.750000 6.600000
v -41.172749 28.935234 6.600000
v -41.396309 27.451988 6.600000
v -41.462391 27.666218 6.600000
v -41.495804 27.887905 6.600000
v -41.495804 28.112095 6.600000
v -41.020260 29.099577 6.600000
v -38.827251 27.064766 6.600000
v -38.827251 -27.064766 6.600000
v -40.844978 29.239359 6.600000
v -40.650826 29.351454 6.600000
v -40.442131 29.433359 6.600000
v -40.223564 29.483246 6.600000
v -40.000000 29.500000 6.600000
v -39.776436 29.483246 6.600000
v -39.557869 29.433359 6.600000
v -39.349174 29.351454 6.600000
v -39.155022 29.239359 6.600000
v -38.827251 -28.935234 6.600000
v 38.979740 -29.099577 6.600000
v -38.979740 -29.099577 6.600000
v 38.827251 -28.935234 6.600000
v 39.155022 -29.239359 6.600000
v -38.603691 -28.548012 6.600000
v 38.700962 -28.750000 6.600000
v -38.700962 -28.750000 6.600000
v 38.603691 -28.548012 6.600000
v -38.537609 -28.333782 6.600000
v 38.537609 -28.333782 6.600000
v -38.504196 -28.112095 6.600000
v 38.504196 -28.112095 6.600000
v -38.504196 -27.887905 6.600000
v 38.504196 -27.887905 6.600000
v -38.537609 -27.666218 6.600000
v 38.537609 -27.666218 6.600000
v -38.603691 -27.451988 6.600000
v 38.603691 -27.451988 6.600000
v -38.700962 -27.250000 6.600000
v 38.700962 -27.250000 6.600000
v 38.827251 -27.064766 6.600000
v 40.000000 -29.500000 6.600000
v 39.776436 -29.483246 6.600000
v 39.557869 -29.433359 6.600000
v 39.349174 -29.351454 6.600000
v 41.020260 -29.099577 6.600000
v 40.844978 -29.239359 6.600000
v 40.650826 -29.351454 6.600000
v 40.442131 -29.433359 6.600000
v 40.223564 -29.483246 6.600000
v 41.172749 -28.935234 6.600000
v 41.299038 -28.750000 6.600000
v 41.396309 -28.548012 6.600000
v 41.462391 -28.333782 6.600000
v 41.495804 -28.112095 6.600000
v 41.495804 -27.887905 6.600000
v 41.462391 -27.666218 6.600000
v 41.396309 -27.451988 6.600000
v 41.299038 -27.250000 6.600000
v 38.979740 -26.900423 6.600000
v 38.979740 26.900423 6.600000
v 39.155022 -26.760641 6.600000
v 38.827251 27.064766 6.600000
v 39.155022 26.760641 6.600000
v 39.349174 -26.648546 6.600000
v -38.700962 27.250000 6.600000
v 38.700962 27.250000 6.600000
v 39.349174 26.648546 6.600000
v 38.603691 27.451988 6.600000
v -38.603691 27.451988 6.600000
v 39.557869 26.566641 6.600000
v 39.557869 -26.566641 6.600000
v -38.537609 27.666218 6.600000
v 38.537609 27.666218 6.600000
v 39.776436 26.516754 6.600000
v 39.776436 -26.516754 6.600000
v -38.504196 28.112095 6.600000
v 38.504196 27.887905 6.600000
v -38.504196 27.887905 6.600000
v 40.000000 26.500000 6.600000
v 40.000000 -26.500000 6.600000
v 40.223564 -26.516754 6.600000
v 38.504196 28.112095 6.600000
v 40.223564 26.516754 6.600000
v -38.603691 28.548012 6.600000
v 38.537609 28.333782 6.600000
v -38.537609 28.333782 6.600000
v 40.442131 26.566641 6.600000
v 40.442131 -26.566641 6.600000
v 38.603691 28.548012 6.600000
v 40.650826 26.648546 6.600000
v 40.650826 -26.648546 6.600000
v -38.700962 28.750000 6.600000
v 38.700962 28.750000 6.600000
v 40.844978 26.760641 6.600000
v 40.844978 -26.760641 6.600000
v 41.020260 -26.900423 6.600000
v -38.827251 28.935234 6.600000
v 38.827251 28.935234 6.600000
v 41.020260 26.900423 6.600000
v 41.172749 -27.064766 6.600000
v -38.979740 29.099577 6.600000
v 38.979740 29.099577 6.600000
v 41.172749 27.064766 6.600000
v 41.299038 27.250000 6.600000
v 39.155022 29.239359 6.600000
v 39.349174 29.351454 6.600000
v 39.557869 29.433359 6.600000
v 39.776436 29.483246 6.600000
v 40.000000 29.500000 6.600000
v 40.223564 29.483246 6.600000
v 40.442131 29.433359 6.600000
v 40.650826 29.351454 6.600000
v 40.844978 29.239359 6.600000
v 41.020260 29.099577 6.600000
v 41.172749 28.935234 6.600000
v 41.299038 28.750000 6.600000
v 41.396309 28.548012 6.600000
v 41.462391 28.333782 6.600000
v 41.495804 28.112095 6.600000
v 41.495804 27.887905 6.600000
v 41.462391 27.666218 6.600000
v 41.396309 27.451988 6.600000
v -41.172749 -28.935234 8.110000
v -41.020260 -29.099577 8.110000
v -40.844978 -29.239359 8.110000
v -41.299038 -28.750000 8.110000
v -40.650826 -29.351454 8.110000
v -41.396309 -28.548012 8.110000
v -40.442131 -29.433359 8.110000
v -41.462391 -28.333782 8.110000
v -40.223564 -29.483246 8.110000
v -41.495804 -28.112095 8.110000
v -40.000000 -29.500000 8.110000
v -41.495804 -27.887905 8.110000
v -39.776436 -29.483246 8.110000
v -41.462391 -27.666218 8.110000
v -39.557869 -29.433359 8.110000
v -41.396309 -27.451988 8.110000
v -39.349174 -29.351454 8.110000
v -41.299038 -27.250000 8.110000
v -39.155022 -29.239359 8.110000
v -41.020260 26.900423 8.110000
v -41.020260 -26.900423 8.110000
v -40.844978 -26.760641 8.110000
v -41.172749 27.064766 8.110000
v -41.172749 -27.064766 8.110000
v -40.844978 26.760641 8.110000
v -41.299038 27.250000 8.110000
v -40.650826 26.648546 8.110000
v -40.650826 -26.648546 8.110000
v -40.442131 26.566641 8.110000
v -40.442131 -26.566641 8.110000
v -40.223564 -26.516754 8.110000
v -40.223564 26.516754 8.110000
v -40.000000 26.500000 8.110000
v -40.000000 -26.500000 8.110000
v -39.776436 -26.516754 8.110000
v -39.776436 26.516754 8.110000
v -39.557869 26.566641 8.110000
v -39.557869 -26.566641 8.110000
v -39.349174 26.648546 8.110000
v -39.349174 -26.648546 8.110000
v -39.155022 -26.760641 8.110000
v -39.155022 26.760641 8.110000
v -38.979740 26.900423 8.110000
v -38.979740 -26.900423 8.110000
v -41.462391 28.333782 8.110000
v -41.396309 28.548012 8.110000
v -41.299038 28.750000 8.110000
v -41.172749 28.935234 8.110000
v -41.396309 27.451988 8.110000
v -41.462391 27.666218 8.110000
v -41.495804 27.887905 8.110000
v -41.495804 28.112095 8.110000
v -41.020260 29.099577 8.110000
v -38.827251 27.064766 8.110000
v -38.827251 -27.064766 8.110000
v -40.844978 29.239359 8.110000
v -40.650826 29.351454 8.110000
v -40.442131 29.433359 8.110000
v -40.223564 29.483246 8.110000
v -40.000000 29.500000 8.110000
v -39.776436 29.483246 8.110000
v -39.557869 29.433359 8.110000
v -39.349174 29.351454 8.110000
v -39.155022 29.239359 8.110000
v 38.979740 -29.099577 8.110000
v -38.827251 -28.935234 8.110000
v -38.979740 -29.099577 8.110000
v 38.827251 -28.935234 8.110000
v 39.155022 -29.239359 8.110000
v 38.700962 -28.750000 8.110000
v -38.603691 -28.548012 8.110000
v -38.700962 -28.750000 8.110000
v 38.603691 -28.548012 8.110000
v 38.537609 -28.333782 8.110000
v -38.537609 -28.333782 8.110000
v 38.504196 -28.112095 8.110000
v -38.504196 -28.112095 8.110000
v 38.504196 -27.887905 8.110000
v -38.504196 -27.887905 8.110000
v 38.537609 -27.666218 8.110000
v -38.537609 -27.666218 8.110000
v 38.603691 -27.451988 8.110000
v -38.603691 -27.451988 8.110000
v 38.700962 -27.250000 8.110000
v -38.700962 -27.250000 8.110000
v 38.827251 -27.064766 8.110000
v 40.000000 -29.500000 8.110000
v 39.776436 -29.483246 8.110000
v 39.557869 -29.433359 8.110000
v 39.349174 -29.351454 8.110000
v 41.020260 -29.099577 8.110000
v 40.844978 -29.239359 8.110000
v 40.650826 -29.351454 8.110000
v 40.442131 -29.433359 8.110000
v 40.223564 -29.483246 8.110000
v 41.172749 -28.935234 8.110000
v 41.299038 -28.750000 8.110000
v 41.396309 -28.548012 8.110000
v 41.462391 -28.333782 8.110000
v 41.495804 -28.112095 8.110000
v 41.495804 -27.887905 8.110000
v 41.462391 -27.666218 8.110000
v 41.396309 -27.451988 8.110000
v 41.299038 -27.250000 8.110000
v 38.979740 26.900423 8.110000
v 38.979740 -26.900423 8.110000
v 39.155022 -26.760641 8.110000
v 38.827251 27.064766 8.110000
v 39.155022 26.760641 8.110000
v 39.349174 -26.648546 8.110000
v 38.700962 27.250000 8.110000
v -38.700962 27.250000 8.110000
v 39.349174 26.648546 8.110000
v 38.603691 27.451988 8.110000
v -38.603691 27.451988 8.110000
v 39.557869 26.566641 8.110000
v 39.557869 -26.566641 8.110000
v 38.537609 27.666218 8.110000
v -38.537609 27.666218 8.110000
v 39.776436 26.516754 8.110000
v 39.776436 -26.516754 8.110000
v 38.504196 27.887905 8.110000
v -38.504196 28.112095 8.110000
v -38.504196 27.887905 8.110000
v 40.000000 26.500000 8.110000
v 40.000000 -26.500000 8.110000
v 40.223564 -26.516754 8.110000
v 38.504196 28.112095 8.110000
v 40.223564 26.516754 8.110000
v 38.537609 28.333782 8.110000
v -38.603691 28.548012 8.110000
v -38.537609 28.333782 8.110000
v 40.442131 26.566641 8.110000
v 40.442131 -26.566641 8.110000
v 38.603691 28.548012 8.110000
v 40.650826 26.648546 8.110000
v 40.650826 -26.648546 8.110000
v 38.700962 28.750000 8.110000
v -38.700962 28.750000 8.110000
v 40.844978 26.760641 8.110000
v 40.844978 -26.760641 8.110000
v 41.020260 -26.900423 8.110000
v 38.827251 28.935234 8.110000
v -38.827251 28.935234 8.110000
v 41.020260 26.900423 8.110000
v 41.172749 -27.064766 8.110000
v 38.979740 29.099577 8.110000
v -38.979740 29.099577 8.110000
v 41.172749 27.064766 8.110000
v 41.299038 27.250000 8.110000
v 39.155022 29.239359 8.110000
v 39.349174 29.351454 8.110000
v 39.557869 29.433359 8.110000
v 39.776436 29.483246 8.110000
v 40.000000 29.500000 8.110000
v 40.223564 29.483246 8.110000
v 40.442131 29.433359 8.110000
v 40.650826 29.351454 8.110000
v 40.844978 29.239359 8.110000
v 41.020260 29.099577 8.110000
v 41.172749 28.935234 8.110000
v 41.299038 28.750000 8.110000
v 41.396309 28.548012 8.110000
v 41.462391 28.333782 8.110000
v 41.495804 28.112095 8.110000
v 41.495804 27.887905 8.110000
v 41.462391 27.666218 8.110000
v 41.396309 27.451988 8.110000
vn -0.0000 -1.0000 -0.0000
vn 1.0000 -0.0000 -0.0000
vn -1.0000 -0.0000 -0.0000
vn -0.0000 -0.0000 -1.0000
vn -0.0000 -0.0000 1.0000
vn -0.0000 1.0000 -0.0000
vn 0.0747 0.9972 -0.0000
vn 0.2225 0.9749 -0.0000
vn 0.3653 0.9309 -0.0000
vn 0.5000 0.8660 -0.0000
vn 0.6235 0.7818 -0.0000
vn 0.7330 0.6802 -0.0000
vn 0.7331 0.6802 -0.0000
vn 0.8262 0.5633 -0.0000
vn 0.9010 0.4339 -0.0000
vn 0.9556 0.2947 -0.0000
vn 0.9556 0.2948 -0.0000
vn 0.9888 0.1491 -0.0000
vn 0.9888 0.1490 -0.0000
vn 0.9888 -0.1490 -0.0000
vn 0.9888 -0.1491 -0.0000
vn 0.9556 -0.2948 -0.0000
vn 0.9556 -0.2947 -0.0000
vn 0.9010 -0.4339 -0.0000
vn 0.8262 -0.5633 -0.0000
vn 0.7330 -0.6802 -0.0000
vn 0.7331 -0.6802 -0.0000
vn 0.6235 -0.7818 -0.0000
vn 0.5000 -0.8660 -0.0000
vn 0.3653 -0.9309 -0.0000
vn 0.2225 -0.9749 -0.0000
vn 0.0747 -0.9972 -0.0000
vn -0.0747 -0.9972 -0.0000
vn -0.2225 -0.9749 -0.0000
vn -0.3653 -0.9309 -0.0000
vn -0.5000 -0.8660 -0.0000
vn -0.6235 -0.7818 -0.0000
vn -0.7330 -0.6802 -0.0000
vn -0.7331 -0.6802 -0.0000
vn -0.8262 -0.5633 -0.0000
vn -0.9010 -0.4339 -0.0000
vn -0.9556 -0.2948 -0.0000
vn -0.9556 -0.2947 -0.0000
vn -0.9888 -0.1490 -0.0000
vn -0.9888 -0.1491 -0.0000
vn -0.9888 0.1491 -0.0000
vn -0.9888 0.1490 -0.0000
vn -0.9556 0.2947 -0.0000
vn -0.9556 0.2948 -0.0000
vn -0.9010 0.4339 -0.0000
vn -0.8262 0.5633 -0.0000
vn -0.7330 0.6802 -0.0000
vn -0.7331 0.6802 -0.0000
vn -0.6235 0.7818 -0.0000
vn -0.5000 0.8660 -0.0000
vn -0.3653 0.9309 -0.0000
vn -0.2225 0.9749 -0.0000
vn -0.0747 0.9972 -0.0000
s 0
usemtl pcb_green
f 2337//456 2338//456 2339//456
f 2337//456 2339//456 2340//456
f 2339//457 2341//457 2342//457
f 2338//457 2341//457 2339//457
f 2343//458 2337//458 2340//458
f 2344//458 2337//458 2343//458
f 2337//459 2345//459 2346//459
f 2346//459 2347//459 2337//459
f 2337//459 2348//459 2345//459
f 2347//459 2349//459 2337//459
f 2337//459 2350//459 2348//459
f 2349//459 2351//459 2337//459
f 2337//459 2352//459 2350//459
f 2351//459 2353//459 2337//459
f 2337//459 2354//459 2352//459
f 2353//459 2355//459 2337//459
f 2337//459 2356//459 2354//459
f 2355//459 2357//459 2337//459
f 2337//459 2358//459 2356//459
f 2357//459 2359//459 2337//459
f 2337//459 2360//459 2358//459
f 2359//459 2361//459 2337//459
f 2337//459 2362//459 2360//459
f 2361//459 2363//459 2337//459
f 2364//459 2365//459 2366//459
f 2364//459 2367//459 2365//459
f 2368//459 2367//459 2364//459
f 2365//459 2369//459 2366//459
f 2362//459 2370//459 2368//459
f 2368//459 2370//459 2367//459
f 2369//459 2371//459 2366//459
f 2366//459 2371//459 2372//459
f 2371//459 2373//459 2372//459
f 2372//459 2373//459 2374//459
f 2374//459 2373//459 2375//459
f 2373//459 2376//459 2375//459
f 2376//459 2377//459 2375//459
f 2375//459 2377//459 2378//459
f 2378//459 2377//459 2379//459
f 2377//459 2380//459 2379//459
f 2379//459 2381//459 2382//459
f 2380//459 2381//459 2379//459
f 2382//459 2383//459 2384//459
f 2384//459 2383//459 2385//459
f 2381//459 2383//459 2382//459
f 2383//459 2386//459 2385//459
f 2385//459 2387//459 2388//459
f 2386//459 2387//459 2385//459
f 2389//459 2344//459 2390//459
f 2390//459 2344//459 2391//459
f 2391//459 2344//459 2392//459
f 2362//459 2344//459 2370//459
f 2337//459 2344//459 2362//459
f 2370//459 2344//459 2393//459
f 2393//459 2344//459 2394//459
f 2394//459 2344//459 2395//459
f 2395//459 2344//459 2396//459
f 2396//459 2344//459 2389//459
f 2344//459 2397//459 2392//459
f 2387//459 2398//459 2388//459
f 2388//459 2398//459 2399//459
f 2344//459 2400//459 2397//459
f 2344//459 2401//459 2400//459
f 2344//459 2402//459 2401//459
f 2344//459 2403//459 2402//459
f 2344//459 2404//459 2403//459
f 2344//459 2405//459 2404//459
f 2344//459 2406//459 2405//459
f 2344//459 2407//459 2406//459
f 2344//459 2408//459 2407//459
f 2409//459 2410//459 2411//459
f 2409//459 2412//459 2410//459
f 2363//459 2413//459 2337//459
f 2411//459 2413//459 2363//459
f 2410//459 2413//459 2411//459
f 2414//459 2415//459 2416//459
f 2416//459 2415//459 2409//459
f 2409//459 2415//459 2412//459
f 2414//459 2417//459 2415//459
f 2418//459 2419//459 2414//459
f 2414//459 2419//459 2417//459
f 2420//459 2421//459 2418//459
f 2418//459 2421//459 2419//459
f 2422//459 2423//459 2420//459
f 2420//459 2423//459 2421//459
f 2424//459 2425//459 2422//459
f 2422//459 2425//459 2423//459
f 2426//459 2427//459 2424//459
f 2424//459 2427//459 2425//459
f 2428//459 2429//459 2426//459
f 2426//459 2429//459 2427//459
f 2399//459 2430//459 2428//459
f 2428//459 2430//459 2429//459
f 2413//459 2338//459 2337//459
f 2431//459 2338//459 2432//459
f 2432//459 2338//459 2433//459
f 2433//459 2338//459 2434//459
f 2434//459 2338//459 2413//459
f 2435//459 2338//459 2436//459
f 2436//459 2338//459 2437//459
f 2437//459 2338//459 2438//459
f 2438//459 2338//459 2439//459
f 2439//459 2338//459 2431//459
f 2435//459 2440//459 2338//459
f 2440//459 2441//459 2338//459
f 2441//459 2442//459 2338//459
f 2442//459 2443//459 2338//459
f 2443//459 2444//459 2338//459
f 2444//459 2445//459 2338//459
f 2445//459 2446//459 2338//459
f 2446//459 2447//459 2338//459
f 2447//459 2448//459 2338//459
f 2449//459 2450//459 2451//459
f 2398//459 2452//459 2399//459
f 2430//459 2452//459 2449//459
f 2399//459 2452//459 2430//459
f 2449//459 2452//459 2450//459
f 2450//459 2453//459 2451//459
f 2451//459 2453//459 2454//459
f 2455//459 2456//459 2398//459
f 2398//459 2456//459 2452//459
f 2453//459 2457//459 2454//459
f 2455//459 2458//459 2456//459
f 2459//459 2458//459 2455//459
f 2454//459 2460//459 2461//459
f 2457//459 2460//459 2454//459
f 2462//459 2463//459 2459//459
f 2459//459 2463//459 2458//459
f 2460//459 2464//459 2461//459
f 2461//459 2464//459 2465//459
f 2466//459 2467//459 2468//459
f 2468//459 2467//459 2462//459
f 2462//459 2467//459 2463//459
f 2465//459 2469//459 2470//459
f 2470//459 2469//459 2471//459
f 2464//459 2469//459 2465//459
f 2466//459 2472//459 2467//459
f 2469//459 2473//459 2471//459
f 2474//459 2475//459 2476//459
f 2476//459 2475//459 2466//459
f 2466//459 2475//459 2472//459
f 2473//459 2477//459 2471//459
f 2471//459 2477//459 2478//459
f 2474//459 2479//459 2475//459
f 2477//459 2480//459 2478//459
f 2478//459 2480//459 2481//459
f 2482//459 2483//459 2474//459
f 2474//459 2483//459 2479//459
f 2480//459 2484//459 2481//459
f 2481//459 2484//459 2485//459
f 2485//459 2484//459 2486//459
f 2487//459 2488//459 2482//459
f 2482//459 2488//459 2483//459
f 2484//459 2489//459 2486//459
f 2486//459 2489//459 2490//459
f 2491//459 2492//459 2487//459
f 2487//459 2492//459 2488//459
f 2489//459 2493//459 2490//459
f 2490//459 2493//459 2448//459
f 2493//459 2494//459 2448//459
f 2448//459 2341//459 2338//459
f 2495//459 2341//459 2496//459
f 2496//459 2341//459 2497//459
f 2497//459 2341//459 2498//459
f 2498//459 2341//459 2499//459
f 2499//459 2341//459 2500//459
f 2500//459 2341//459 2501//459
f 2501//459 2341//459 2502//459
f 2502//459 2341//459 2503//459
f 2494//459 2341//459 2448//459
f 2503//459 2341//459 2504//459
f 2504//459 2341//459 2505//459
f 2505//459 2341//459 2506//459
f 2506//459 2341//459 2507//459
f 2507//459 2341//459 2508//459
f 2508//459 2341//459 2509//459
f 2509//459 2341//459 2510//459
f 2510//459 2341//459 2511//459
f 2511//459 2341//459 2512//459
f 2512//459 2341//459 2494//459
f 2344//459 2341//459 2495//459
f 2344//459 2495//459 2492//459
f 2344//459 2492//459 2408//459
f 2408//459 2492//459 2491//459
f 2513//460 2340//460 2514//460
f 2515//460 2514//460 2340//460
f 2516//460 2340//460 2513//460
f 2517//460 2515//460 2340//460
f 2518//460 2340//460 2516//460
f 2519//460 2517//460 2340//460
f 2520//460 2340//460 2518//460
f 2521//460 2519//460 2340//460
f 2522//460 2340//460 2520//460
f 2523//460 2521//460 2340//460
f 2524//460 2340//460 2522//460
f 2525//460 2523//460 2340//460
f 2526//460 2340//460 2524//460
f 2527//460 2525//460 2340//460
f 2528//460 2340//460 2526//460
f 2529//460 2527//460 2340//460
f 2530//460 2340//460 2528//460
f 2531//460 2529//460 2340//460
f 2532//460 2533//460 2534//460
f 2535//460 2533//460 2532//460
f 2535//460 2536//460 2533//460
f 2537//460 2532//460 2534//460
f 2538//460 2530//460 2536//460
f 2538//460 2536//460 2535//460
f 2539//460 2537//460 2534//460
f 2539//460 2534//460 2540//460
f 2541//460 2539//460 2540//460
f 2541//460 2540//460 2542//460
f 2541//460 2542//460 2543//460
f 2544//460 2541//460 2543//460
f 2545//460 2544//460 2543//460
f 2545//460 2543//460 2546//460
f 2545//460 2546//460 2547//460
f 2548//460 2545//460 2547//460
f 2549//460 2547//460 2550//460
f 2549//460 2548//460 2547//460
f 2551//460 2550//460 2552//460
f 2551//460 2552//460 2553//460
f 2551//460 2549//460 2550//460
f 2554//460 2551//460 2553//460
f 2555//460 2553//460 2556//460
f 2555//460 2554//460 2553//460
f 2343//460 2557//460 2558//460
f 2343//460 2558//460 2559//460
f 2343//460 2559//460 2560//460
f 2343//460 2530//460 2538//460
f 2343//460 2340//460 2530//460
f 2343//460 2538//460 2561//460
f 2343//460 2561//460 2562//460
f 2343//460 2562//460 2563//460
f 2343//460 2563//460 2564//460
f 2343//460 2564//460 2557//460
f 2565//460 2343//460 2560//460
f 2566//460 2555//460 2556//460
f 2566//460 2556//460 2567//460
f 2568//460 2343//460 2565//460
f 2569//460 2343//460 2568//460
f 2570//460 2343//460 2569//460
f 2571//460 2343//460 2570//460
f 2572//460 2343//460 2571//460
f 2573//460 2343//460 2572//460
f 2574//460 2343//460 2573//460
f 2575//460 2343//460 2574//460
f 2576//460 2343//460 2575//460
f 2577//460 2578//460 2579//460
f 2580//460 2578//460 2577//460
f 2581//460 2531//460 2340//460
f 2581//460 2579//460 2531//460
f 2581//460 2577//460 2579//460
f 2582//460 2583//460 2584//460
f 2582//460 2584//460 2578//460
f 2582//460 2578//460 2580//460
f 2585//460 2583//460 2582//460
f 2586//460 2587//460 2583//460
f 2586//460 2583//460 2585//460
f 2588//460 2589//460 2587//460
f 2588//460 2587//460 2586//460
f 2590//460 2591//460 2589//460
f 2590//460 2589//460 2588//460
f 2592//460 2593//460 2591//460
f 2592//460 2591//460 2590//460
f 2594//460 2595//460 2593//460
f 2594//460 2593//460 2592//460
f 2596//460 2597//460 2595//460
f 2596//460 2595//460 2594//460
f 2598//460 2567//460 2597//460
f 2598//460 2597//460 2596//460
f 2339//460 2581//460 2340//460
f 2339//460 2599//460 2600//460
f 2339//460 2600//460 2601//460
f 2339//460 2601//460 2602//460
f 2339//460 2602//460 2581//460
f 2339//460 2603//460 2604//460
f 2339//460 2604//460 2605//460
f 2339//460 2605//460 2606//460
f 2339//460 2606//460 2607//460
f 2339//460 2607//460 2599//460
f 2608//460 2603//460 2339//460
f 2609//460 2608//460 2339//460
f 2610//460 2609//460 2339//460
f 2611//460 2610//460 2339//460
f 2612//460 2611//460 2339//460
f 2613//460 2612//460 2339//460
f 2614//460 2613//460 2339//460
f 2615//460 2614//460 2339//460
f 2616//460 2615//460 2339//460
f 2617//460 2618//460 2619//460
f 2620//460 2566//460 2567//460
f 2620//460 2598//460 2618//460
f 2620//460 2567//460 2598//460
f 2620//460 2618//460 2617//460
f 2621//460 2617//460 2619//460
f 2621//460 2619//460 2622//460
f 2623//460 2624//460 2566//460
f 2623//460 2566//460 2620//460
f 2625//460 2621//460 2622//460
f 2626//460 2624//460 2623//460
f 2626//460 2627//460 2624//460
f 2628//460 2622//460 2629//460
f 2628//460 2625//460 2622//460
f 2630//460 2631//460 2627//460
f 2630//460 2627//460 2626//460
f 2632//460 2628//460 2629//460
f 2632//460 2629//460 2633//460
f 2634//460 2635//460 2636//460
f 2634//460 2636//460 2631//460
f 2634//460 2631//460 2630//460
f 2637//460 2633//460 2638//460
f 2637//460 2638//460 2639//460
f 2637//460 2632//460 2633//460
f 2640//460 2635//460 2634//460
f 2641//460 2637//460 2639//460
f 2642//460 2643//460 2644//460
f 2642//460 2644//460 2635//460
f 2642//460 2635//460 2640//460
f 2645//460 2641//460 2639//460
f 2645//460 2639//460 2646//460
f 2647//460 2643//460 2642//460
f 2648//460 2645//460 2646//460
f 2648//460 2646//460 2649//460
f 2650//460 2651//460 2643//460
f 2650//460 2643//460 2647//460
f 2652//460 2648//460 2649//460
f 2652//460 2649//460 2653//460
f 2652//460 2653//460 2654//460
f 2655//460 2656//460 2651//460
f 2655//460 2651//460 2650//460
f 2657//460 2652//460 2654//460
f 2657//460 2654//460 2658//460
f 2659//460 2660//460 2656//460
f 2659//460 2656//460 2655//460
f 2661//460 2657//460 2658//460
f 2661//460 2658//460 2616//460
f 2662//460 2661//460 2616//460
f 2342//460 2616//460 2339//460
f 2342//460 2663//460 2664//460
f 2342//460 2664//460 2665//460
f 2342//460 2665//460 2666//460
f 2342//460 2666//460 2667//460
f 2342//460 2667//460 2668//460
f 2342//460 2668//460 2669//460
f 2342//460 2669//460 2670//460
f 2342//460 2670//460 2671//460
f 2342//460 2662//460 2616//460
f 2342//460 2671//460 2672//460
f 2342//460 2672//460 2673//460
f 2342//460 2673//460 2674//460
f 2342//460 2674//460 2675//460
f 2342//460 2675//460 2676//460
f 2342//460 2676//460 2677//460
f 2342//460 2677//460 2678//460
f 2342//460 2678//460 2679//460
f 2342//460 2679//460 2680//460
f 2342//460 2680//460 2662//460
f 2342//460 2343//460 2663//460
f 2663//460 2343//460 2659//460
f 2659//460 2343//460 2576//460
f 2659//460 2576//460 2660//460
f 2341//461 2344//461 2343//461
f 2341//461 2343//461 2342//461
f 2355//462 2353//462 2523//462
f 2523//462 2353//462 2521//462
f 2521//463 2351//463 2519//463
f 2353//463 2351//463 2521//463
f 2519//464 2349//464 2517//464
f 2351//464 2349//464 2519//464
f 2517//465 2347//465 2515//465
f 2349//465 2347//465 2517//465
f 2515//466 2346//466 2514//466
f 2347//466 2346//466 2515//466
f 2514//467 2345//467 2513//467
f 2346//468 2345//468 2514//468
f 2513//469 2348//469 2516//469
f 2345//469 2348//469 2513//469
f 2516//470 2350//470 2518//470
f 2348//470 2350//470 2516//470
f 2518//471 2352//471 2520//471
f 2350//472 2352//472 2518//472
f 2520//473 2354//473 2522//473
f 2352//474 2354//474 2520//474
f 2522//457 2356//457 2524//457
f 2354//457 2356//457 2522//457
f 2524//475 2358//475 2526//475
f 2356//476 2358//476 2524//476
f 2526//477 2360//477 2528//477
f 2358//478 2360//478 2526//478
f 2528//479 2362//479 2530//479
f 2360//479 2362//479 2528//479
f 2530//480 2368//480 2536//480
f 2536//481 2368//481 2533//481
f 2362//480 2368//480 2530//480
f 2368//482 2364//482 2533//482
f 2533//483 2366//483 2534//483
f 2364//483 2366//483 2533//483
f 2534//484 2372//484 2540//484
f 2366//484 2372//484 2534//484
f 2540//485 2374//485 2542//485
f 2372//485 2374//485 2540//485
f 2542//486 2375//486 2543//486
f 2374//486 2375//486 2542//486
f 2543//487 2378//487 2546//487
f 2375//487 2378//487 2543//487
f 2546//488 2379//488 2547//488
f 2378//488 2379//488 2546//488
f 2547//489 2382//489 2550//489
f 2379//489 2382//489 2547//489
f 2550//490 2384//490 2552//490
f 2382//490 2384//490 2550//490
f 2552//491 2385//491 2553//491
f 2384//491 2385//491 2552//491
f 2553//492 2388//492 2556//492
f 2385//492 2388//492 2553//492
f 2556//493 2399//493 2567//493
f 2388//494 2399//494 2556//494
f 2567//495 2428//495 2597//495
f 2399//495 2428//495 2567//495
f 2428//496 2426//496 2597//496
f 2597//496 2426//496 2595//496
f 2426//497 2424//497 2595//497
f 2595//498 2424//498 2593//498
f 2593//499 2424//499 2591//499
f 2424//500 2422//500 2591//500
f 2591//458 2422//458 2589//458
f 2422//458 2420//458 2589//458
f 2420//501 2418//501 2589//501
f 2589//502 2418//502 2587//502
f 2587//503 2418//503 2583//503
f 2418//504 2414//504 2583//504
f 2414//505 2416//505 2583//505
f 2583//505 2416//505 2584//505
f 2416//506 2409//506 2584//506
f 2584//506 2409//506 2578//506
f 2409//507 2411//507 2578//507
f 2578//508 2411//508 2579//508
f 2579//509 2363//509 2531//509
f 2411//509 2363//509 2579//509
f 2531//510 2361//510 2529//510
f 2363//510 2361//510 2531//510
f 2529//511 2359//511 2527//511
f 2527//512 2359//512 2525//512
f 2361//511 2359//511 2529//511
f 2359//512 2357//512 2525//512
f 2525//513 2355//513 2523//513
f 2357//513 2355//513 2525//513
f 2431//462 2432//462 2599//462
f 2599//462 2432//462 2600//462
f 2600//463 2433//463 2601//463
f 2432//463 2433//463 2600//463
f 2601//464 2434//464 2602//464
f 2433//464 2434//464 2601//464
f 2602//465 2413//465 2581//465
f 2434//465 2413//465 2602//465
f 2581//466 2410//466 2577//466
f 2413//466 2410//466 2581//466
f 2577//467 2412//467 2580//467
f 2410//468 2412//468 2577//468
f 2580//469 2415//469 2582//469
f 2412//469 2415//469 2580//469
f 2582//470 2417//470 2585//470
f 2415//470 2417//470 2582//470
f 2585//471 2419//471 2586//471
f 2417//472 2419//472 2585//472
f 2586//473 2421//473 2588//473
f 2419//474 2421//474 2586//474
f 2588//457 2423//457 2590//457
f 2421//457 2423//457 2588//457
f 2590//475 2425//475 2592//475
f 2423//476 2425//476 2590//476
f 2592//477 2427//477 2594//477
f 2425//478 2427//478 2592//478
f 2594//479 2429//479 2596//479
f 2427//479 2429//479 2594//479
f 2596//480 2430//480 2598//480
f 2598//481 2430//481 2618//481
f 2429//480 2430//480 2596//480
f 2430//482 2449//482 2618//482
f 2618//483 2451//483 2619//483
f 2449//483 2451//483 2618//483
f 2619//484 2454//484 2622//484
f 2451//484 2454//484 2619//484
f 2622//485 2461//485 2629//485
f 2454//485 2461//485 2622//485
f 2629//486 2465//486 2633//486
f 2461//486 2465//486 2629//486
f 2633//487 2470//487 2638//487
f 2465//487 2470//487 2633//487
f 2638//488 2471//488 2639//488
f 2470//488 2471//488 2638//488
f 2639//489 2478//489 2646//489
f 2471//489 2478//489 2639//489
f 2646//490 2481//490 2649//490
f 2478//490 2481//490 2646//490
f 2649//491 2485//491 2653//491
f 2481//491 2485//491 2649//491
f 2653//492 2486//492 2654//492
f 2485//492 2486//492 2653//492
f 2654//493 2490//493 2658//493
f 2486//494 2490//494 2654//494
f 2658//495 2448//495 2616//495
f 2490//495 2448//495 2658//495
f 2448//496 2447//496 2616//496
f 2616//496 2447//496 2615//496
f 2447//497 2446//497 2615//497
f 2615//498 2446//498 2614//498
f 2614//499 2446//499 2613//499
f 2446//500 2445//500 2613//500
f 2613//458 2445//458 2612//458
f 2445//458 2444//458 2612//458
f 2444//501 2443//501 2612//501
f 2612//502 2443//502 2611//502
f 2611//503 2443//503 2610//503
f 2443//504 2442//504 2610//504
f 2442//505 2441//505 2610//505
f 2610//505 2441//505 2609//505
f 2441//506 2440//506 2609//506
f 2609//506 2440//506 2608//506
f 2440//507 2435//507 2608//507
f 2608//508 2435//508 2603//508
f 2603//509 2436//509 2604//509
f 2435//509 2436//509 2603//509
f 2604//510 2437//510 2605//510
f 2436//510 2437//510 2604//510
f 2605//511 2438//511 2606//511
f 2606//512 2438//512 2607//512
f 2437//511 2438//511 2605//511
f 2438//512 2439//512 2607//512
f 2607//513 2431//513 2599//513
f 2439//513 2431//513 2607//513
f 2377//462 2376//462 2545//462
f 2545//462 2376//462 2544//462
f 2544//463 2373//463 2541//463
f 2376//463 2373//463 2544//463
f 2541//464 2371//464 2539//464
f 2373//464 2371//464 2541//464
f 2539//465 2369//465 2537//465
f 2371//465 2369//465 2539//465
f 2537//466 2365//466 2532//466
f 2369//466 2365//466 2537//466
f 2532//467 2367//467 2535//467
f 2365//468 2367//468 2532//468
f 2535//469 2370//469 2538//469
f 2367//469 2370//469 2535//469
f 2538//470 2393//470 2561//470
f 2370//470 2393//470 2538//470
f 2561//471 2394//471 2562//471
f 2393//472 2394//472 2561//472
f 2562//473 2395//473 2563//473
f 2394//474 2395//474 2562//474
f 2563//457 2396//457 2564//457
f 2395//457 2396//457 2563//457
f 2564//475 2389//475 2557//475
f 2396//476 2389//476 2564//476
f 2557//477 2390//477 2558//477
f 2389//478 2390//478 2557//478
f 2558//479 2391//479 2559//479
f 2390//479 2391//479 2558//479
f 2559//480 2392//480 2560//480
f 2560//481 2392//481 2565//481
f 2391//480 2392//480 2559//480
f 2392//482 2397//482 2565//482
f 2565//483 2400//483 2568//483
f 2397//483 2400//483 2565//483
f 2568//484 2401//484 2569//484
f 2400//484 2401//484 2568//484
f 2569//485 2402//485 2570//485
f 2401//485 2402//485 2569//485
f 2570//486 2403//486 2571//486
f 2402//486 2403//486 2570//486
f 2571//487 2404//487 2572//487
f 2403//487 2404//487 2571//487
f 2572//488 2405//488 2573//488
f 2404//488 2405//488 2572//488
f 2573//489 2406//489 2574//489
f 2405//489 2406//489 2573//489
f 2574//490 2407//490 2575//490
f 2406//490 2407//490 2574//490
f 2575//491 2408//491 2576//491
f 2407//491 2408//491 2575//491
f 2576//492 2491//492 2660//492
f 2408//492 2491//492 2576//492
f 2660//493 2487//493 2656//493
f 2491//494 2487//494 2660//494
f 2656//495 2482//495 2651//495
f 2487//495 2482//495 2656//495
f 2482//496 2474//496 2651//496
f 2651//496 2474//496 2643//496
f 2474//497 2476//497 2643//497
f 2643//498 2476//498 2644//498
f 2644//499 2476//499 2635//499
f 2476//500 2466//500 2635//500
f 2635//458 2466//458 2636//458
f 2466//458 2468//458 2636//458
f 2468//501 2462//501 2636//501
f 2636//502 2462//502 2631//502
f 2631//503 2462//503 2627//503
f 2462//504 2459//504 2627//504
f 2459//505 2455//505 2627//505
f 2627//505 2455//505 2624//505
f 2455//506 2398//506 2624//506
f 2624//506 2398//506 2566//506
f 2398//507 2387//507 2566//507
f 2566//508 2387//508 2555//508
f 2555//509 2386//509 2554//509
f 2387//509 2386//509 2555//509
f 2554//510 2383//510 2551//510
f 2386//510 2383//510 2554//510
f 2551//511 2381//511 2549//511
f 2549//512 2381//512 2548//512
f 2383//511 2381//511 2551//511
f 2381//512 2380//512 2548//512
f 2548//513 2377//513 2545//513
f 2380//513 2377//513 2548//513
f 2469//462 2464//462 2637//462
f 2637//462 2464//462 2632//462
f 2632//463 2460//463 2628//463
f 2464//463 2460//463 2632//463
f 2628//464 2457//464 2625//464
f 2460//464 2457//464 2628//464
f 2625//465 2453//465 2621//465
f 2457//465 2453//465 2625//465
f 2621//466 2450//466 2617//466
f 2453//466 2450//466 2621//466
f 2617//467 2452//467 2620//467
f 2450//468 2452//468 2617//468
f 2620//469 2456//469 2623//469
f 2452//469 2456//469 2620//469
f 2623//470 2458//470 2626//470
f 2456//470 2458//470 2623//470
f 2626//471 2463//471 2630//471
f 2458//472 2463//472 2626//472
f 2630//473 2467//473 2634//473
f 2463//474 2467//474 2630//474
f 2634//457 2472//457 2640//457
f 2467//457 2472//457 2634//457
f 2640//475 2475//475 2642//475
f 2472//476 2475//476 2640//476
f 2642//477 2479//477 2647//477
f 2475//478 2479//478 2642//478
f 2647//479 2483//479 2650//479
f 2479//479 2483//479 2647//479
f 2650//480 2488//480 2655//480
f 2655//481 2488//481 2659//481
f 2483//480 2488//480 2650//480
f 2488//482 2492//482 2659//482
f 2659//483 2495//483 2663//483
f 2492//483 2495//483 2659//483
f 2663//484 2496//484 2664//484
f 2495//484 2496//484 2663//484
f 2664//485 2497//485 2665//485
f 2496//485 2497//485 2664//485
f 2665//486 2498//486 2666//486
f 2497//486 2498//486 2665//486
f 2666//487 2499//487 2667//487
f 2498//487 2499//487 2666//487
f 2667//488 2500//488 2668//488
f 2499//488 2500//488 2667//488
f 2668//489 2501//489 2669//489
f 2500//489 2501//489 2668//489
f 2669//490 2502//490 2670//490
f 2501//490 2502//490 2669//490
f 2670//491 2503//491 2671//491
f 2502//491 2503//491 2670//491
f 2671//492 2504//492 2672//492
f 2503//492 2504//492 2671//492
f 2672//493 2505//493 2673//493
f 2504//494 2505//494 2672//494
f 2673//495 2506//495 2674//495
f 2505//495 2506//495 2673//495
f 2506//496 2507//496 2674//496
f 2674//496 2507//496 2675//496
f 2507//497 2508//497 2675//497
f 2675//498 2508//498 2676//498
f 2676//499 2508//499 2677//499
f 2508//500 2509//500 2677//500
f 2677//458 2509//458 2678//458
f 2509//458 2510//458 2678//458
f 2510//501 2511//501 2678//501
f 2678//502 2511//502 2679//502
f 2679//503 2511//503 2680//503
f 2511//504 2512//504 2680//504
f 2512//505 2494//505 2680//505
f 2680//505 2494//505 2662//505
f 2494//506 2493//506 2662//506
f 2662//506 2493//506 2661//506
f 2493//507 2489//507 2661//507
f 2661//508 2489//508 2657//508
f 2657//509 2484//509 2652//509
f 2489//509 2484//509 2657//509
f 2652//510 2480//510 2648//510
f 2484//510 2480//510 2652//510
f 2648//511 2477//511 2645//511
f 2645//512 2477//512 2641//512
f 2480//511 2477//511 2648//511
f 2477//512 2473//512 2641//512
f 2641//513 2469//513 2637//513
f 2473//513 2469//513 2641//513
o Component_TP1_Physical
v -21.011169 -11.850958 8.400000
v -21.000000 -12.000000 8.400000
v -21.000000 -12.000000 8.200000
v -21.011169 -11.850958 8.200000
v -21.044428 -11.705245 8.400000
v -21.044428 -11.705245 8.200000
v -21.099031 -11.566116 8.400000
v -21.099031 -11.566116 8.200000
v -21.173761 -11.436680 8.400000
v -21.173761 -11.436680 8.200000
v -21.266949 -11.319827 8.400000
v -21.266949 -11.319827 8.200000
v -21.376511 -11.218168 8.400000
v -21.376511 -11.218168 8.200000
v -21.500000 -11.133975 8.400000
v -21.500000 -11.133975 8.200000
v -21.634659 -11.069126 8.400000
v -21.634659 -11.069126 8.200000
v -21.777479 -11.025072 8.400000
v -21.777479 -11.025072 8.200000
v -21.925270 -11.002796 8.400000
v -21.925270 -11.002796 8.200000
v -22.074730 -11.002796 8.400000
v -22.074730 -11.002796 8.200000
v -22.222521 -11.025072 8.400000
v -22.222521 -11.025072 8.200000
v -22.365341 -11.069126 8.400000
v -22.365341 -11.069126 8.200000
v -22.500000 -11.133975 8.400000
v -22.500000 -11.133975 8.200000
v -22.623489 -11.218168 8.400000
v -22.623489 -11.218168 8.200000
v -22.733051 -11.319827 8.400000
v -22.733051 -11.319827 8.200000
v -22.826239 -11.436680 8.400000
v -22.826239 -11.436680 8.200000
v -22.900969 -11.566116 8.400000
v -22.900969 -11.566116 8.200000
v -22.955572 -11.705245 8.400000
v -22.955572 -11.705245 8.200000
v -22.988831 -11.850958 8.400000
v -22.988831 -11.850958 8.200000
v -23.000000 -12.000000 8.400000
v -23.000000 -12.000000 8.200000
v -22.988831 -12.149042 8.200000
v -22.988831 -12.149042 8.400000
v -22.955572 -12.294755 8.400000
v -22.955572 -12.294755 8.200000
v -22.900969 -12.433884 8.200000
v -22.900969 -12.433884 8.400000
v -22.826239 -12.563320 8.400000
v -22.826239 -12.563320 8.200000
v -22.733051 -12.680173 8.200000
v -22.733051 -12.680173 8.400000
v -22.623489 -12.781832 8.400000
v -22.623489 -12.781832 8.200000
v -22.500000 -12.866025 8.200000
v -22.500000 -12.866025 8.400000
v -22.365341 -12.930874 8.400000
v -22.365341 -12.930874 8.200000
v -22.222521 -12.974928 8.200000
v -22.222521 -12.974928 8.400000
v -22.074730 -12.997204 8.400000
v -22.074730 -12.997204 8.200000
v -21.925270 -12.997204 8.200000
v -21.925270 -12.997204 8.400000
v -21.777479 -12.974928 8.400000
v -21.777479 -12.974928 8.200000
v -21.634659 -12.930874 8.400000
v -21.634659 -12.930874 8.200000
v -21.500000 -12.866025 8.400000
v -21.500000 -12.866025 8.200000
v -21.376511 -12.781832 8.400000
v -21.376511 -12.781832 8.200000
v -21.266949 -12.680173 8.200000
v -21.266949 -12.680173 8.400000
v -21.173761 -12.563320 8.200000
v -21.173761 -12.563320 8.400000
v -21.099031 -12.433884 8.400000
v -21.099031 -12.433884 8.200000
v -21.044428 -12.294755 8.400000
v -21.044428 -12.294755 8.200000
v -21.011169 -12.149042 8.200000
v -21.011169 -12.149042 8.400000
vn 0.9972 0.0747 -0.0000
vn 0.9972 0.0748 -0.0000
vn 0.9749 0.2225 -0.0000
vn 0.9309 0.3653 -0.0000
vn 0.9309 0.3654 -0.0000
vn 0.8660 0.5000 -0.0000
vn 0.7818 0.6235 -0.0000
vn 0.6802 0.7331 -0.0000
vn 0.5633 0.8262 -0.0000
vn 0.4339 0.9010 -0.0000
vn 0.2948 0.9556 -0.0000
vn 0.1490 0.9888 -0.0000
vn -0.0000 1.0000 -0.0000
vn -0.1490 0.9888 -0.0000
vn -0.2948 0.9556 -0.0000
vn -0.2947 0.9556 -0.0000
vn -0.4339 0.9010 -0.0000
vn -0.5633 0.8262 -0.0000
vn -0.6802 0.7331 -0.0000
vn -0.7818 0.6235 -0.0000
vn -0.8660 0.5000 -0.0000
vn -0.9309 0.3654 -0.0000
vn -0.9309 0.3653 -0.0000
vn -0.9749 0.2225 -0.0000
vn -0.9972 0.0747 -0.0000
vn -0.9972 -0.0747 -0.0000
vn -0.9972 0.0748 -0.0000
vn -0.9972 -0.0748 -0.0000
vn -0.9749 -0.2225 -0.0000
vn -0.9309 -0.3654 -0.0000
vn -0.9309 -0.3653 -0.0000
vn -0.8660 -0.5000 -0.0000
vn -0.7818 -0.6235 -0.0000
vn -0.6802 -0.7331 -0.0000
vn -0.5633 -0.8262 -0.0000
vn -0.4339 -0.9010 -0.0000
vn -0.2947 -0.9556 -0.0000
vn -0.2948 -0.9556 -0.0000
vn -0.1490 -0.9888 -0.0000
vn -0.0000 -1.0000 -0.0000
vn 0.1490 -0.9888 -0.0000
vn 0.2948 -0.9556 -0.0000
vn 0.2947 -0.9556 -0.0000
vn 0.4339 -0.9010 -0.0000
vn 0.5633 -0.8262 -0.0000
vn 0.6802 -0.7331 -0.0000
vn 0.7818 -0.6235 -0.0000
vn 0.8660 -0.5000 -0.0000
vn 0.9309 -0.3653 -0.0000
vn 0.9309 -0.3654 -0.0000
vn 0.9749 -0.2225 -0.0000
vn 0.9972 -0.0748 -0.0000
vn 0.9972 -0.0747 -0.0000
vn -0.0000 -0.0000 1.0000
vn -0.0001 -0.0000 1.0000
vn 0.0001 -0.0000 -1.0000
vn -0.0000 -0.0000 -1.0000
s 0
usemtl component_neutral
f 2681//514 2682//514 2683//514
f 2681//515 2683//515 2684//515
f 2685//516 2684//516 2686//516
f 2685//516 2681//516 2684//516
f 2687//517 2686//517 2688//517
f 2687//518 2685//518 2686//518
f 2689//519 2687//519 2688//519
f 2689//519 2688//519 2690//519
f 2691//520 2689//520 2690//520
f 2691//520 2690//520 2692//520
f 2693//521 2691//521 2692//521
f 2693//521 2692//521 2694//521
f 2695//522 2693//522 2694//522
f 2695//522 2694//522 2696//522
f 2697//523 2695//523 2696//523
f 2697//523 2696//523 2698//523
f 2699//524 2697//524 2698//524
f 2699//524 2698//524 2700//524
f 2701//525 2699//525 2700//525
f 2701//525 2700//525 2702//525
f 2703//526 2701//526 2702//526
f 2703//526 2702//526 2704//526
f 2705//527 2703//527 2704//527
f 2705//527 2704//527 2706//527
f 2707//528 2705//528 2706//528
f 2707//529 2706//529 2708//529
f 2709//530 2707//530 2708//530
f 2709//530 2708//530 2710//530
f 2711//531 2709//531 2710//531
f 2711//531 2710//531 2712//531
f 2713//532 2711//532 2712//532
f 2713//532 2712//532 2714//532
f 2715//533 2714//533 2716//533
f 2715//533 2713//533 2714//533
f 2717//534 2716//534 2718//534
f 2717//534 2715//534 2716//534
f 2719//535 2718//535 2720//535
f 2719//536 2717//536 2718//536
f 2721//537 2720//537 2722//537
f 2721//537 2719//537 2720//537
f 2723//538 2722//538 2724//538
f 2723//539 2724//539 2725//539
f 2723//540 2721//540 2722//540
f 2726//541 2723//541 2725//541
f 2727//542 2725//542 2728//542
f 2727//543 2728//543 2729//543
f 2727//542 2726//542 2725//542
f 2730//544 2727//544 2729//544
f 2731//545 2729//545 2732//545
f 2731//546 2732//546 2733//546
f 2731//545 2730//545 2729//545
f 2734//546 2731//546 2733//546
f 2735//547 2733//547 2736//547
f 2735//548 2736//548 2737//548
f 2735//547 2734//547 2733//547
f 2738//548 2735//548 2737//548
f 2739//549 2738//549 2737//549
f 2739//549 2737//549 2740//549
f 2739//550 2740//550 2741//550
f 2742//551 2739//551 2741//551
f 2743//552 2742//552 2741//552
f 2743//552 2741//552 2744//552
f 2743//553 2744//553 2745//553
f 2746//553 2743//553 2745//553
f 2747//554 2746//554 2745//554
f 2747//554 2745//554 2748//554
f 2749//555 2747//555 2748//555
f 2749//556 2748//556 2750//556
f 2751//557 2749//557 2750//557
f 2751//557 2750//557 2752//557
f 2753//558 2751//558 2752//558
f 2753//558 2752//558 2754//558
f 2753//559 2754//559 2755//559
f 2756//559 2753//559 2755//559
f 2756//560 2755//560 2757//560
f 2758//560 2756//560 2757//560
f 2759//561 2758//561 2757//561
f 2759//561 2757//561 2760//561
f 2761//562 2759//562 2760//562
f 2761//563 2760//563 2762//563
f 2761//564 2762//564 2763//564
f 2764//564 2761//564 2763//564
f 2682//565 2764//565 2763//565
f 2682//566 2763//566 2683//566
f 2715//567 2717//567 2719//567
f 2715//567 2719//567 2721//567
f 2758//567 2749//567 2751//567
f 2758//567 2751//567 2753//567
f 2758//567 2753//567 2756//567
f 2709//567 2711//567 2713//567
f 2709//567 2713//567 2715//567
f 2759//567 2749//567 2758//567
f 2764//568 2759//568 2761//568
f 2703//567 2705//567 2707//567
f 2681//567 2764//567 2682//567
f 2685//567 2759//567 2764//567
f 2685//567 2764//567 2681//567
f 2695//567 2697//567 2699//567
f 2695//567 2699//567 2701//567
f 2691//567 2703//567 2707//567
f 2691//567 2685//567 2687//567
f 2691//567 2687//567 2689//567
f 2691//567 2695//567 2701//567
f 2691//567 2693//567 2695//567
f 2691//567 2759//567 2685//567
f 2691//567 2701//567 2703//567
f 2691//567 2707//567 2709//567
f 2691//567 2721//567 2723//567
f 2691//567 2723//567 2726//567
f 2691//567 2726//567 2727//567
f 2691//567 2727//567 2730//567
f 2691//567 2730//567 2731//567
f 2691//567 2731//567 2734//567
f 2691//567 2734//567 2735//567
f 2691//567 2735//567 2738//567
f 2691//567 2738//567 2739//567
f 2691//567 2739//567 2742//567
f 2691//567 2742//567 2743//567
f 2691//567 2743//567 2746//567
f 2691//567 2746//567 2747//567
f 2691//567 2747//567 2749//567
f 2691//567 2749//567 2759//567
f 2691//567 2715//567 2721//567
f 2691//567 2709//567 2715//567
f 2718//569 2716//569 2720//569
f 2720//570 2716//570 2722//570
f 2750//570 2757//570 2752//570
f 2752//570 2757//570 2754//570
f 2754//570 2757//570 2755//570
f 2712//570 2710//570 2714//570
f 2714//570 2710//570 2716//570
f 2750//570 2760//570 2757//570
f 2760//570 2763//570 2762//570
f 2706//570 2704//570 2708//570
f 2763//570 2684//570 2683//570
f 2760//570 2686//570 2763//570
f 2763//570 2686//570 2684//570
f 2698//570 2696//570 2700//570
f 2700//570 2696//570 2702//570
f 2704//570 2692//570 2708//570
f 2686//570 2692//570 2688//570
f 2688//570 2692//570 2690//570
f 2696//570 2692//570 2702//570
f 2694//570 2692//570 2696//570
f 2760//570 2692//570 2686//570
f 2702//570 2692//570 2704//570
f 2708//570 2692//570 2710//570
f 2722//570 2692//570 2724//570
f 2724//570 2692//570 2725//570
f 2725//570 2692//570 2728//570
f 2728//570 2692//570 2729//570
f 2729//570 2692//570 2732//570
f 2732//570 2692//570 2733//570
f 2733//570 2692//570 2736//570
f 2736//570 2692//570 2737//570
f 2737//570 2692//570 2740//570
f 2740//570 2692//570 2741//570
f 2741//570 2692//570 2744//570
f 2744//570 2692//570 2745//570
f 2745//570 2692//570 2748//570
f 2748//570 2692//570 2750//570
f 2750//570 2692//570 2760//570
f 2716//570 2692//570 2722//570
f 2710//570 2692//570 2716//570
o Component_TP2_Physical
v -5.011169 -11.850958 8.400000
v -5.000000 -12.000000 8.400000
v -5.000000 -12.000000 8.200000
v -5.011169 -11.850958 8.200000
v -5.044427 -11.705245 8.400000
v -5.044427 -11.705245 8.200000
v -5.099031 -11.566116 8.400000
v -5.099031 -11.566116 8.200000
v -5.173761 -11.436680 8.400000
v -5.173761 -11.436680 8.200000
v -5.266948 -11.319827 8.400000
v -5.266948 -11.319827 8.200000
v -5.376510 -11.218168 8.400000
v -5.376510 -11.218168 8.200000
v -5.500000 -11.133975 8.400000
v -5.500000 -11.133975 8.200000
v -5.634659 -11.069126 8.400000
v -5.634659 -11.069126 8.200000
v -5.777479 -11.025072 8.400000
v -5.777479 -11.025072 8.200000
v -5.925270 -11.002796 8.400000
v -5.925270 -11.002796 8.200000
v -6.074730 -11.002796 8.400000
v -6.074730 -11.002796 8.200000
v -6.222521 -11.025072 8.400000
v -6.222521 -11.025072 8.200000
v -6.365341 -11.069126 8.400000
v -6.365341 -11.069126 8.200000
v -6.500000 -11.133975 8.400000
v -6.500000 -11.133975 8.200000
v -6.623490 -11.218168 8.400000
v -6.623490 -11.218168 8.200000
v -6.733052 -11.319827 8.400000
v -6.733052 -11.319827 8.200000
v -6.826239 -11.436680 8.400000
v -6.826239 -11.436680 8.200000
v -6.900969 -11.566116 8.400000
v -6.900969 -11.566116 8.200000
v -6.955573 -11.705245 8.400000
v -6.955573 -11.705245 8.200000
v -6.988831 -11.850958 8.400000
v -6.988831 -11.850958 8.200000
v -7.000000 -12.000000 8.400000
v -7.000000 -12.000000 8.200000
v -6.988831 -12.149042 8.200000
v -6.988831 -12.149042 8.400000
v -6.955573 -12.294755 8.400000
v -6.955573 -12.294755 8.200000
v -6.900969 -12.433884 8.200000
v -6.900969 -12.433884 8.400000
v -6.826239 -12.563320 8.400000
v -6.826239 -12.563320 8.200000
v -6.733052 -12.680173 8.200000
v -6.733052 -12.680173 8.400000
v -6.623490 -12.781832 8.400000
v -6.623490 -12.781832 8.200000
v -6.500000 -12.866025 8.200000
v -6.500000 -12.866025 8.400000
v -6.365341 -12.930874 8.400000
v -6.365341 -12.930874 8.200000
v -6.222521 -12.974928 8.200000
v -6.222521 -12.974928 8.400000
v -6.074730 -12.997204 8.400000
v -6.074730 -12.997204 8.200000
v -5.925270 -12.997204 8.200000
v -5.925270 -12.997204 8.400000
v -5.777479 -12.974928 8.400000
v -5.777479 -12.974928 8.200000
v -5.634659 -12.930874 8.400000
v -5.634659 -12.930874 8.200000
v -5.500000 -12.866025 8.400000
v -5.500000 -12.866025 8.200000
v -5.376510 -12.781832 8.400000
v -5.376510 -12.781832 8.200000
v -5.266948 -12.680173 8.200000
v -5.266948 -12.680173 8.400000
v -5.173761 -12.563320 8.200000
v -5.173761 -12.563320 8.400000
v -5.099031 -12.433884 8.400000
v -5.099031 -12.433884 8.200000
v -5.044427 -12.294755 8.400000
v -5.044427 -12.294755 8.200000
v -5.011169 -12.149042 8.200000
v -5.011169 -12.149042 8.400000
vn 0.9972 0.0747 -0.0000
vn 0.9749 0.2225 -0.0000
vn 0.9309 0.3653 -0.0000
vn 0.8660 0.5000 -0.0000
vn 0.7818 0.6235 -0.0000
vn 0.6802 0.7330 -0.0000
vn 0.6802 0.7331 -0.0000
vn 0.5633 0.8262 -0.0000
vn 0.4339 0.9010 -0.0000
vn 0.2948 0.9556 -0.0000
vn 0.1490 0.9888 -0.0000
vn -0.0000 1.0000 -0.0000
vn -0.1490 0.9888 -0.0000
vn -0.2948 0.9556 -0.0000
vn -0.4339 0.9010 -0.0000
vn -0.5633 0.8262 -0.0000
vn -0.6802 0.7331 -0.0000
vn -0.7818 0.6235 -0.0000
vn -0.8660 0.5000 -0.0000
vn -0.9309 0.3653 -0.0000
vn -0.9749 0.2225 -0.0000
vn -0.9972 0.0747 -0.0000
vn -0.9972 -0.0747 -0.0000
vn -0.9749 -0.2225 -0.0000
vn -0.9309 -0.3653 -0.0000
vn -0.8660 -0.5000 -0.0000
vn -0.7818 -0.6235 -0.0000
vn -0.6802 -0.7331 -0.0000
vn -0.5633 -0.8262 -0.0000
vn -0.6802 -0.7330 -0.0000
vn -0.4339 -0.9010 -0.0000
vn -0.2948 -0.9556 -0.0000
vn -0.1490 -0.9888 -0.0000
vn -0.0000 -1.0000 -0.0000
vn 0.1490 -0.9888 -0.0000
vn 0.2948 -0.9556 -0.0000
vn 0.4339 -0.9010 -0.0000
vn 0.5633 -0.8262 -0.0000
vn 0.6802 -0.7331 -0.0000
vn 0.6802 -0.7330 -0.0000
vn 0.7818 -0.6235 -0.0000
vn 0.8660 -0.5000 -0.0000
vn 0.9309 -0.3653 -0.0000
vn 0.9749 -0.2225 -0.0000
vn 0.9972 -0.0747 -0.0000
vn -0.0000 -0.0000 1.0000
vn -0.0001 -0.0000 1.0000
vn 0.0001 -0.0000 -1.0000
vn -0.0000 -0.0000 -1.0000
s 0
usemtl component_neutral
f 2765//571 2766//571 2767//571
f 2765//571 2767//571 2768//571
f 2769//572 2768//572 2770//572
f 2769//572 2765//572 2768//572
f 2771//573 2770//573 2772//573
f 2771//573 2769//573 2770//573
f 2773//574 2771//574 2772//574
f 2773//574 2772//574 2774//574
f 2775//575 2773//575 2774//575
f 2775//575 2774//575 2776//575
f 2777//576 2775//576 2776//576
f 2777//577 2776//577 2778//577
f 2779//578 2777//578 2778//578
f 2779//578 2778//578 2780//578
f 2781//579 2779//579 2780//579
f 2781//579 2780//579 2782//579
f 2783//580 2781//580 2782//580
f 2783//580 2782//580 2784//580
f 2785//581 2783//581 2784//581
f 2785//581 2784//581 2786//581
f 2787//582 2785//582 2786//582
f 2787//582 2786//582 2788//582
f 2789//583 2787//583 2788//583
f 2789//583 2788//583 2790//583
f 2791//584 2789//584 2790//584
f 2791//584 2790//584 2792//584
f 2793//585 2791//585 2792//585
f 2793//585 2792//585 2794//585
f 2795//586 2793//586 2794//586
f 2795//586 2794//586 2796//586
f 2797//587 2795//587 2796//587
f 2797//587 2796//587 2798//587
f 2799//588 2798//588 2800//588
f 2799//588 2797//588 2798//588
f 2801//589 2800//589 2802//589
f 2801//589 2799//589 2800//589
f 2803//590 2802//590 2804//590
f 2803//590 2801//590 2802//590
f 2805//591 2804//591 2806//591
f 2805//591 2803//591 2804//591
f 2807//592 2806//592 2808//592
f 2807//593 2808//593 2809//593
f 2807//592 2805//592 2806//592
f 2810//593 2807//593 2809//593
f 2811//594 2809//594 2812//594
f 2811//595 2812//595 2813//595
f 2811//594 2810//594 2809//594
f 2814//595 2811//595 2813//595
f 2815//596 2813//596 2816//596
f 2815//597 2816//597 2817//597
f 2815//596 2814//596 2813//596
f 2818//597 2815//597 2817//597
f 2819//598 2817//598 2820//598
f 2819//599 2820//599 2821//599
f 2819//600 2818//600 2817//600
f 2822//599 2819//599 2821//599
f 2823//601 2822//601 2821//601
f 2823//601 2821//601 2824//601
f 2823//602 2824//602 2825//602
f 2826//602 2823//602 2825//602
f 2827//603 2826//603 2825//603
f 2827//603 2825//603 2828//603
f 2827//604 2828//604 2829//604
f 2830//604 2827//604 2829//604
f 2831//605 2830//605 2829//605
f 2831//605 2829//605 2832//605
f 2833//606 2831//606 2832//606
f 2833//606 2832//606 2834//606
f 2835//607 2833//607 2834//607
f 2835//607 2834//607 2836//607
f 2837//608 2835//608 2836//608
f 2837//608 2836//608 2838//608
f 2837//609 2838//609 2839//609
f 2840//610 2837//610 2839//610
f 2840//611 2839//611 2841//611
f 2842//611 2840//611 2841//611
f 2843//612 2842//612 2841//612
f 2843//612 2841//612 2844//612
f 2845//613 2843//613 2844//613
f 2845//613 2844//613 2846//613
f 2845//614 2846//614 2847//614
f 2848//614 2845//614 2847//614
f 2766//615 2848//615 2847//615
f 2766//615 2847//615 2767//615
f 2799//616 2801//616 2803//616
f 2799//616 2803//616 2805//616
f 2842//616 2833//616 2835//616
f 2842//616 2835//616 2837//616
f 2842//616 2837//616 2840//616
f 2793//616 2795//616 2797//616
f 2793//616 2797//616 2799//616
f 2843//616 2833//616 2842//616
f 2848//617 2843//617 2845//617
f 2787//616 2789//616 2791//616
f 2765//616 2848//616 2766//616
f 2769//616 2843//616 2848//616
f 2769//616 2848//616 2765//616
f 2779//616 2781//616 2783//616
f 2779//616 2783//616 2785//616
f 2775//616 2787//616 2791//616
f 2775//616 2769//616 2771//616
f 2775//616 2771//616 2773//616
f 2775//616 2779//616 2785//616
f 2775//616 2777//616 2779//616
f 2775//616 2843//616 2769//616
f 2775//616 2785//616 2787//616
f 2775//616 2791//616 2793//616
f 2775//616 2805//616 2807//616
f 2775//616 2807//616 2810//616
f 2775//616 2810//616 2811//616
f 2775//616 2811//616 2814//616
f 2775//616 2814//616 2815//616
f 2775//616 2815//616 2818//616
f 2775//616 2818//616 2819//616
f 2775//616 2819//616 2822//616
f 2775//616 2822//616 2823//616
f 2775//616 2823//616 2826//616
f 2775//616 2826//616 2827//616
f 2775//616 2827//616 2830//616
f 2775//616 2830//616 2831//616
f 2775//616 2831//616 2833//616
f 2775//616 2833//616 2843//616
f 2775//616 2799//616 2805//616
f 2775//616 2793//616 2799//616
f 2802//618 2800//618 2804//618
f 2804//619 2800//619 2806//619
f 2834//619 2841//619 2836//619
f 2836//619 2841//619 2838//619
f 2838//619 2841//619 2839//619
f 2796//619 2794//619 2798//619
f 2798//619 2794//619 2800//619
f 2834//619 2844//619 2841//619
f 2844//619 2847//619 2846//619
f 2790//619 2788//619 2792//619
f 2847//619 2768//619 2767//619
f 2844//619 2770//619 2847//619
f 2847//619 2770//619 2768//619
f 2782//619 2780//619 2784//619
f 2784//619 2780//619 2786//619
f 2788//619 2776//619 2792//619
f 2770//619 2776//619 2772//619
f 2772//619 2776//619 2774//619
f 2780//619 2776//619 2786//619
f 2778//619 2776//619 2780//619
f 2844//619 2776//619 2770//619
f 2786//619 2776//619 2788//619
f 2792//619 2776//619 2794//619
f 2806//619 2776//619 2808//619
f 2808//619 2776//619 2809//619
f 2809//619 2776//619 2812//619
f 2812//619 2776//619 2813//619
f 2813//619 2776//619 2816//619
f 2816//619 2776//619 2817//619
f 2817//619 2776//619 2820//619
f 2820//619 2776//619 2821//619
f 2821//619 2776//619 2824//619
f 2824//619 2776//619 2825//619
f 2825//619 2776//619 2828//619
f 2828//619 2776//619 2829//619
f 2829//619 2776//619 2832//619
f 2832//619 2776//619 2834//619
f 2834//619 2776//619 2844//619
f 2800//619 2776//619 2806//619
f 2794//619 2776//619 2800//619
o Component_TP3_Physical
v 10.988831 -11.850958 8.400000
v 11.000000 -12.000000 8.400000
v 11.000000 -12.000000 8.200000
v 10.988831 -11.850958 8.200000
v 10.955573 -11.705245 8.400000
v 10.955573 -11.705245 8.200000
v 10.900969 -11.566116 8.400000
v 10.900969 -11.566116 8.200000
v 10.826239 -11.436680 8.400000
v 10.826239 -11.436680 8.200000
v 10.733052 -11.319827 8.400000
v 10.733052 -11.319827 8.200000
v 10.623489 -11.218168 8.400000
v 10.623489 -11.218168 8.200000
v 10.500000 -11.133975 8.400000
v 10.500000 -11.133975 8.200000
v 10.365341 -11.069126 8.400000
v 10.365341 -11.069126 8.200000
v 10.222521 -11.025072 8.400000
v 10.222521 -11.025072 8.200000
v 10.074730 -11.002796 8.400000
v 10.074730 -11.002796 8.200000
v 9.925270 -11.002796 8.400000
v 9.925270 -11.002796 8.200000
v 9.777479 -11.025072 8.400000
v 9.777479 -11.025072 8.200000
v 9.634659 -11.069126 8.400000
v 9.634659 -11.069126 8.200000
v 9.500000 -11.133975 8.400000
v 9.500000 -11.133975 8.200000
v 9.376511 -11.218168 8.400000
v 9.376511 -11.218168 8.200000
v 9.266948 -11.319827 8.400000
v 9.266948 -11.319827 8.200000
v 9.173761 -11.436680 8.400000
v 9.173761 -11.436680 8.200000
v 9.099031 -11.566116 8.400000
v 9.099031 -11.566116 8.200000
v 9.044427 -11.705245 8.400000
v 9.044427 -11.705245 8.200000
v 9.011169 -11.850958 8.400000
v 9.011169 -11.850958 8.200000
v 9.000000 -12.000000 8.400000
v 9.000000 -12.000000 8.200000
v 9.011169 -12.149042 8.200000
v 9.011169 -12.149042 8.400000
v 9.044427 -12.294755 8.400000
v 9.044427 -12.294755 8.200000
v 9.099031 -12.433884 8.200000
v 9.099031 -12.433884 8.400000
v 9.173761 -12.563320 8.400000
v 9.173761 -12.563320 8.200000
v 9.266948 -12.680173 8.200000
v 9.266948 -12.680173 8.400000
v 9.376511 -12.781832 8.400000
v 9.376511 -12.781832 8.200000
v 9.500000 -12.866025 8.200000
v 9.500000 -12.866025 8.400000
v 9.634659 -12.930874 8.400000
v 9.634659 -12.930874 8.200000
v 9.777479 -12.974928 8.200000
v 9.777479 -12.974928 8.400000
v 9.925270 -12.997204 8.400000
v 9.925270 -12.997204 8.200000
v 10.074730 -12.997204 8.200000
v 10.074730 -12.997204 8.400000
v 10.222521 -12.974928 8.400000
v 10.222521 -12.974928 8.200000
v 10.365341 -12.930874 8.400000
v 10.365341 -12.930874 8.200000
v 10.500000 -12.866025 8.400000
v 10.500000 -12.866025 8.200000
v 10.623489 -12.781832 8.400000
v 10.623489 -12.781832 8.200000
v 10.733052 -12.680173 8.200000
v 10.733052 -12.680173 8.400000
v 10.826239 -12.563320 8.200000
v 10.826239 -12.563320 8.400000
v 10.900969 -12.433884 8.400000
v 10.900969 -12.433884 8.200000
v 10.955573 -12.294755 8.400000
v 10.955573 -12.294755 8.200000
v 10.988831 -12.149042 8.200000
v 10.988831 -12.149042 8.400000
vn 0.9972 0.0747 -0.0000
vn 0.9749 0.2225 -0.0000
vn 0.9309 0.3653 -0.0000
vn 0.8660 0.5000 -0.0000
vn 0.7818 0.6235 -0.0000
vn 0.6802 0.7331 -0.0000
vn 0.5633 0.8262 -0.0000
vn 0.4339 0.9010 -0.0000
vn 0.2948 0.9556 -0.0000
vn 0.1490 0.9888 -0.0000
vn -0.0000 1.0000 -0.0000
vn -0.1490 0.9888 -0.0000
vn -0.2948 0.9556 -0.0000
vn -0.4339 0.9010 -0.0000
vn -0.5633 0.8262 -0.0000
vn -0.6802 0.7330 -0.0000
vn -0.6802 0.7331 -0.0000
vn -0.7818 0.6235 -0.0000
vn -0.8660 0.5000 -0.0000
vn -0.9309 0.3653 -0.0000
vn -0.9749 0.2225 -0.0000
vn -0.9972 0.0747 -0.0000
vn -0.9972 -0.0747 -0.0000
vn -0.9749 -0.2225 -0.0000
vn -0.9309 -0.3653 -0.0000
vn -0.8660 -0.5000 -0.0000
vn -0.7818 -0.6235 -0.0000
vn -0.6802 -0.7331 -0.0000
vn -0.5633 -0.8262 -0.0000
vn -0.4339 -0.9010 -0.0000
vn -0.2948 -0.9556 -0.0000
vn -0.1490 -0.9888 -0.0000
vn -0.0000 -1.0000 -0.0000
vn 0.1490 -0.9888 -0.0000
vn 0.2948 -0.9556 -0.0000
vn 0.4339 -0.9010 -0.0000
vn 0.5633 -0.8262 -0.0000
vn 0.6802 -0.7331 -0.0000
vn 0.7818 -0.6235 -0.0000
vn 0.8660 -0.5000 -0.0000
vn 0.9309 -0.3653 -0.0000
vn 0.9749 -0.2225 -0.0000
vn 0.9972 -0.0747 -0.0000
vn -0.0000 -0.0000 1.0000
vn -0.0001 -0.0000 1.0000
vn 0.0001 -0.0000 -1.0000
vn -0.0000 -0.0000 -1.0000
s 0
usemtl component_neutral
f 2849//620 2850//620 2851//620
f 2849//620 2851//620 2852//620
f 2853//621 2852//621 2854//621
f 2853//621 2849//621 2852//621
f 2855//622 2854//622 2856//622
f 2855//622 2853//622 2854//622
f 2857//623 2855//623 2856//623
f 2857//623 2856//623 2858//623
f 2859//624 2857//624 2858//624
f 2859//624 2858//624 2860//624
f 2861//625 2859//625 2860//625
f 2861//625 2860//625 2862//625
f 2863//626 2861//626 2862//626
f 2863//626 2862//626 2864//626
f 2865//627 2863//627 2864//627
f 2865//627 2864//627 2866//627
f 2867//628 2865//628 2866//628
f 2867//628 2866//628 2868//628
f 2869//629 2867//629 2868//629
f 2869//629 2868//629 2870//629
f 2871//630 2869//630 2870//630
f 2871//630 2870//630 2872//630
f 2873//631 2871//631 2872//631
f 2873//631 2872//631 2874//631
f 2875//632 2873//632 2874//632
f 2875//632 2874//632 2876//632
f 2877//633 2875//633 2876//633
f 2877//633 2876//633 2878//633
f 2879//634 2877//634 2878//634
f 2879//634 2878//634 2880//634
f 2881//635 2879//635 2880//635
f 2881//636 2880//636 2882//636
f 2883//637 2882//637 2884//637
f 2883//637 2881//637 2882//637
f 2885//638 2884//638 2886//638
f 2885//638 2883//638 2884//638
f 2887//639 2886//639 2888//639
f 2887//639 2885//639 2886//639
f 2889//640 2888//640 2890//640
f 2889//640 2887//640 2888//640
f 2891//641 2890//641 2892//641
f 2891//642 2892//642 2893//642
f 2891//641 2889//641 2890//641
f 2894//642 2891//642 2893//642
f 2895//643 2893//643 2896//643
f 2895//644 2896//644 2897//644
f 2895//643 2894//643 2893//643
f 2898//644 2895//644 2897//644
f 2899//645 2897//645 2900//645
f 2899//646 2900//646 2901//646
f 2899//645 2898//645 2897//645
f 2902//646 2899//646 2901//646
f 2903//647 2901//647 2904//647
f 2903//648 2904//648 2905//648
f 2903//647 2902//647 2901//647
f 2906//648 2903//648 2905//648
f 2907//649 2906//649 2905//649
f 2907//649 2905//649 2908//649
f 2907//650 2908//650 2909//650
f 2910//650 2907//650 2909//650
f 2911//651 2910//651 2909//651
f 2911//651 2909//651 2912//651
f 2911//652 2912//652 2913//652
f 2914//652 2911//652 2913//652
f 2915//653 2914//653 2913//653
f 2915//653 2913//653 2916//653
f 2917//654 2915//654 2916//654
f 2917//654 2916//654 2918//654
f 2919//655 2917//655 2918//655
f 2919//655 2918//655 2920//655
f 2921//656 2919//656 2920//656
f 2921//656 2920//656 2922//656
f 2921//657 2922//657 2923//657
f 2924//657 2921//657 2923//657
f 2924//658 2923//658 2925//658
f 2926//658 2924//658 2925//658
f 2927//659 2926//659 2925//659
f 2927//659 2925//659 2928//659
f 2929//660 2927//660 2928//660
f 2929//660 2928//660 2930//660
f 2929//661 2930//661 2931//661
f 2932//661 2929//661 2931//661
f 2850//662 2932//662 2931//662
f 2850//662 2931//662 2851//662
f 2883//663 2885//663 2887//663
f 2883//663 2887//663 2889//663
f 2926//663 2917//663 2919//663
f 2926//663 2919//663 2921//663
f 2926//663 2921//663 2924//663
f 2877//663 2879//663 2881//663
f 2877//663 2881//663 2883//663
f 2927//663 2917//663 2926//663
f 2932//664 2927//664 2929//664
f 2871//663 2873//663 2875//663
f 2849//663 2932//663 2850//663
f 2853//663 2927//663 2932//663
f 2853//663 2932//663 2849//663
f 2863//663 2865//663 2867//663
f 2863//663 2867//663 2869//663
f 2859//663 2871//663 2875//663
f 2859//663 2853//663 2855//663
f 2859//663 2855//663 2857//663
f 2859//663 2863//663 2869//663
f 2859//663 2861//663 2863//663
f 2859//663 2927//663 2853//663
f 2859//663 2869//663 2871//663
f 2859//663 2875//663 2877//663
f 2859//663 2889//663 2891//663
f 2859//663 2891//663 2894//663
f 2859//663 2894//663 2895//663
f 2859//663 2895//663 2898//663
f 2859//663 2898//663 2899//663
f 2859//663 2899//663 2902//663
f 2859//663 2902//663 2903//663
f 2859//663 2903//663 2906//663
f 2859//663 2906//663 2907//663
f 2859//663 2907//663 2910//663
f 2859//663 2910//663 2911//663
f 2859//663 2911//663 2914//663
f 2859//663 2914//663 2915//663
f 2859//663 2915//663 2917//663
f 2859//663 2917//663 2927//663
f 2859//663 2883//663 2889//663
f 2859//663 2877//663 2883//663
f 2886//665 2884//665 2888//665
f 2888//666 2884//666 2890//666
f 2918//666 2925//666 2920//666
f 2920//666 2925//666 2922//666
f 2922//666 2925//666 2923//666
f 2880//666 2878//666 2882//666
f 2882//666 2878//666 2884//666
f 2918//666 2928//666 2925//666
f 2928//666 2931//666 2930//666
f 2874//666 2872//666 2876//666
f 2931//666 2852//666 2851//666
f 2928//666 2854//666 2931//666
f 2931//666 2854//666 2852//666
f 2866//666 2864//666 2868//666
f 2868//666 2864//666 2870//666
f 2872//666 2860//666 2876//666
f 2854//666 2860//666 2856//666
f 2856//666 2860//666 2858//666
f 2864//666 2860//666 2870//666
f 2862//666 2860//666 2864//666
f 2928//666 2860//666 2854//666
f 2870//666 2860//666 2872//666
f 2876//666 2860//666 2878//666
f 2890//666 2860//666 2892//666
f 2892//666 2860//666 2893//666
f 2893//666 2860//666 2896//666
f 2896//666 2860//666 2897//666
f 2897//666 2860//666 2900//666
f 2900//666 2860//666 2901//666
f 2901//666 2860//666 2904//666
f 2904//666 2860//666 2905//666
f 2905//666 2860//666 2908//666
f 2908//666 2860//666 2909//666
f 2909//666 2860//666 2912//666
f 2912//666 2860//666 2913//666
f 2913//666 2860//666 2916//666
f 2916//666 2860//666 2918//666
f 2918//666 2860//666 2928//666
f 2884//666 2860//666 2890//666
f 2878//666 2860//666 2884//666
o Component_TP4_Physical
v 26.988831 -11.850958 8.400000
v 27.000000 -12.000000 8.400000
v 27.000000 -12.000000 8.200000
v 26.988831 -11.850958 8.200000
v 26.955572 -11.705245 8.400000
v 26.955572 -11.705245 8.200000
v 26.900969 -11.566116 8.400000
v 26.900969 -11.566116 8.200000
v 26.826239 -11.436680 8.400000
v 26.826239 -11.436680 8.200000
v 26.733051 -11.319827 8.400000
v 26.733051 -11.319827 8.200000
v 26.623489 -11.218168 8.400000
v 26.623489 -11.218168 8.200000
v 26.500000 -11.133975 8.400000
v 26.500000 -11.133975 8.200000
v 26.365341 -11.069126 8.400000
v 26.365341 -11.069126 8.200000
v 26.222521 -11.025072 8.400000
v 26.222521 -11.025072 8.200000
v 26.074730 -11.002796 8.400000
v 26.074730 -11.002796 8.200000
v 25.925270 -11.002796 8.400000
v 25.925270 -11.002796 8.200000
v 25.777479 -11.025072 8.400000
v 25.777479 -11.025072 8.200000
v 25.634659 -11.069126 8.400000
v 25.634659 -11.069126 8.200000
v 25.500000 -11.133975 8.400000
v 25.500000 -11.133975 8.200000
v 25.376511 -11.218168 8.400000
v 25.376511 -11.218168 8.200000
v 25.266949 -11.319827 8.400000
v 25.266949 -11.319827 8.200000
v 25.173761 -11.436680 8.400000
v 25.173761 -11.436680 8.200000
v 25.099031 -11.566116 8.400000
v 25.099031 -11.566116 8.200000
v 25.044428 -11.705245 8.400000
v 25.044428 -11.705245 8.200000
v 25.011169 -11.850958 8.400000
v 25.011169 -11.850958 8.200000
v 25.000000 -12.000000 8.400000
v 25.000000 -12.000000 8.200000
v 25.011169 -12.149042 8.200000
v 25.011169 -12.149042 8.400000
v 25.044428 -12.294755 8.400000
v 25.044428 -12.294755 8.200000
v 25.099031 -12.433884 8.200000
v 25.099031 -12.433884 8.400000
v 25.173761 -12.563320 8.400000
v 25.173761 -12.563320 8.200000
v 25.266949 -12.680173 8.200000
v 25.266949 -12.680173 8.400000
v 25.376511 -12.781832 8.400000
v 25.376511 -12.781832 8.200000
v 25.500000 -12.866025 8.200000
v 25.500000 -12.866025 8.400000
v 25.634659 -12.930874 8.400000
v 25.634659 -12.930874 8.200000
v 25.777479 -12.974928 8.200000
v 25.777479 -12.974928 8.400000
v 25.925270 -12.997204 8.400000
v 25.925270 -12.997204 8.200000
v 26.074730 -12.997204 8.200000
v 26.074730 -12.997204 8.400000
v 26.222521 -12.974928 8.400000
v 26.222521 -12.974928 8.200000
v 26.365341 -12.930874 8.400000
v 26.365341 -12.930874 8.200000
v 26.500000 -12.866025 8.400000
v 26.500000 -12.866025 8.200000
v 26.623489 -12.781832 8.400000
v 26.623489 -12.781832 8.200000
v 26.733051 -12.680173 8.200000
v 26.733051 -12.680173 8.400000
v 26.826239 -12.563320 8.200000
v 26.826239 -12.563320 8.400000
v 26.900969 -12.433884 8.400000
v 26.900969 -12.433884 8.200000
v 26.955572 -12.294755 8.400000
v 26.955572 -12.294755 8.200000
v 26.988831 -12.149042 8.200000
v 26.988831 -12.149042 8.400000
vn 0.9972 0.0747 -0.0000
vn 0.9972 0.0748 -0.0000
vn 0.9749 0.2225 -0.0000
vn 0.9309 0.3653 -0.0000
vn 0.9309 0.3654 -0.0000
vn 0.8660 0.5000 -0.0000
vn 0.7818 0.6235 -0.0000
vn 0.6802 0.7331 -0.0000
vn 0.5633 0.8262 -0.0000
vn 0.4339 0.9010 -0.0000
vn 0.2948 0.9556 -0.0000
vn 0.1490 0.9888 -0.0000
vn -0.0000 1.0000 -0.0000
vn -0.1490 0.9888 -0.0000
vn -0.2948 0.9556 -0.0000
vn -0.2947 0.9556 -0.0000
vn -0.4339 0.9010 -0.0000
vn -0.5633 0.8262 -0.0000
vn -0.6802 0.7331 -0.0000
vn -0.7818 0.6235 -0.0000
vn -0.8660 0.5000 -0.0000
vn -0.9309 0.3654 -0.0000
vn -0.9309 0.3653 -0.0000
vn -0.9749 0.2225 -0.0000
vn -0.9972 0.0747 -0.0000
vn -0.9972 -0.0747 -0.0000
vn -0.9972 0.0748 -0.0000
vn -0.9972 -0.0748 -0.0000
vn -0.9749 -0.2225 -0.0000
vn -0.9309 -0.3654 -0.0000
vn -0.9309 -0.3653 -0.0000
vn -0.8660 -0.5000 -0.0000
vn -0.7818 -0.6235 -0.0000
vn -0.6802 -0.7331 -0.0000
vn -0.5633 -0.8262 -0.0000
vn -0.4339 -0.9010 -0.0000
vn -0.2947 -0.9556 -0.0000
vn -0.2948 -0.9556 -0.0000
vn -0.1490 -0.9888 -0.0000
vn -0.0000 -1.0000 -0.0000
vn 0.1490 -0.9888 -0.0000
vn 0.2948 -0.9556 -0.0000
vn 0.2947 -0.9556 -0.0000
vn 0.4339 -0.9010 -0.0000
vn 0.5633 -0.8262 -0.0000
vn 0.6802 -0.7331 -0.0000
vn 0.7818 -0.6235 -0.0000
vn 0.8660 -0.5000 -0.0000
vn 0.9309 -0.3653 -0.0000
vn 0.9309 -0.3654 -0.0000
vn 0.9749 -0.2225 -0.0000
vn 0.9972 -0.0748 -0.0000
vn 0.9972 -0.0747 -0.0000
vn -0.0000 -0.0000 1.0000
vn -0.0001 -0.0000 1.0000
vn 0.0001 -0.0000 -1.0000
vn -0.0000 -0.0000 -1.0000
s 0
usemtl component_neutral
f 2933//667 2934//667 2935//667
f 2933//668 2935//668 2936//668
f 2937//669 2936//669 2938//669
f 2937//669 2933//669 2936//669
f 2939//670 2938//670 2940//670
f 2939//671 2937//671 2938//671
f 2941//672 2939//672 2940//672
f 2941//672 2940//672 2942//672
f 2943//673 2941//673 2942//673
f 2943//673 2942//673 2944//673
f 2945//674 2943//674 2944//674
f 2945//674 2944//674 2946//674
f 2947//675 2945//675 2946//675
f 2947//675 2946//675 2948//675
f 2949//676 2947//676 2948//676
f 2949//676 2948//676 2950//676
f 2951//677 2949//677 2950//677
f 2951//677 2950//677 2952//677
f 2953//678 2951//678 2952//678
f 2953//678 2952//678 2954//678
f 2955//679 2953//679 2954//679
f 2955//679 2954//679 2956//679
f 2957//680 2955//680 2956//680
f 2957//680 2956//680 2958//680
f 2959//681 2957//681 2958//681
f 2959//682 2958//682 2960//682
f 2961//683 2959//683 2960//683
f 2961//683 2960//683 2962//683
f 2963//684 2961//684 2962//684
f 2963//684 2962//684 2964//684
f 2965//685 2963//685 2964//685
f 2965//685 2964//685 2966//685
f 2967//686 2966//686 2968//686
f 2967//686 2965//686 2966//686
f 2969//687 2968//687 2970//687
f 2969//687 2967//687 2968//687
f 2971//688 2970//688 2972//688
f 2971//689 2969//689 2970//689
f 2973//690 2972//690 2974//690
f 2973//690 2971//690 2972//690
f 2975//691 2974//691 2976//691
f 2975//692 2976//692 2977//692
f 2975//693 2973//693 2974//693
f 2978//694 2975//694 2977//694
f 2979//695 2977//695 2980//695
f 2979//696 2980//696 2981//696
f 2979//695 2978//695 2977//695
f 2982//697 2979//697 2981//697
f 2983//698 2981//698 2984//698
f 2983//699 2984//699 2985//699
f 2983//698 2982//698 2981//698
f 2986//699 2983//699 2985//699
f 2987//700 2985//700 2988//700
f 2987//701 2988//701 2989//701
f 2987//700 2986//700 2985//700
f 2990//701 2987//701 2989//701
f 2991//702 2990//702 2989//702
f 2991//702 2989//702 2992//702
f 2991//703 2992//703 2993//703
f 2994//704 2991//704 2993//704
f 2995//705 2994//705 2993//705
f 2995//705 2993//705 2996//705
f 2995//706 2996//706 2997//706
f 2998//706 2995//706 2997//706
f 2999//707 2998//707 2997//707
f 2999//707 2997//707 3000//707
f 3001//708 2999//708 3000//708
f 3001//709 3000//709 3002//709
f 3003//710 3001//710 3002//710
f 3003//710 3002//710 3004//710
f 3005//711 3003//711 3004//711
f 3005//711 3004//711 3006//711
f 3005//712 3006//712 3007//712
f 3008//712 3005//712 3007//712
f 3008//713 3007//713 3009//713
f 3010//713 3008//713 3009//713
f 3011//714 3010//714 3009//714
f 3011//714 3009//714 3012//714
f 3013//715 3011//715 3012//715
f 3013//716 3012//716 3014//716
f 3013//717 3014//717 3015//717
f 3016//717 3013//717 3015//717
f 2934//718 3016//718 3015//718
f 2934//719 3015//719 2935//719
f 2967//720 2969//720 2971//720
f 2967//720 2971//720 2973//720
f 3010//720 3001//720 3003//720
f 3010//720 3003//720 3005//720
f 3010//720 3005//720 3008//720
f 2961//720 2963//720 2965//720
f 2961//720 2965//720 2967//720
f 3011//720 3001//720 3010//720
f 3016//721 3011//721 3013//721
f 2955//720 2957//720 2959//720
f 2933//720 3016//720 2934//720
f 2937//720 3011//720 3016//720
f 2937//720 3016//720 2933//720
f 2947//720 2949//720 2951//720
f 2947//720 2951//720 2953//720
f 2943//720 2955//720 2959//720
f 2943//720 2937//720 2939//720
f 2943//720 2939//720 2941//720
f 2943//720 2947//720 2953//720
f 2943//720 2945//720 2947//720
f 2943//720 3011//720 2937//720
f 2943//720 2953//720 2955//720
f 2943//720 2959//720 2961//720
f 2943//720 2973//720 2975//720
f 2943//720 2975//720 2978//720
f 2943//720 2978//720 2979//720
f 2943//720 2979//720 2982//720
f 2943//720 2982//720 2983//720
f 2943//720 2983//720 2986//720
f 2943//720 2986//720 2987//720
f 2943//720 2987//720 2990//720
f 2943//720 2990//720 2991//720
f 2943//720 2991//720 2994//720
f 2943//720 2994//720 2995//720
f 2943//720 2995//720 2998//720
f 2943//720 2998//720 2999//720
f 2943//720 2999//720 3001//720
f 2943//720 3001//720 3011//720
f 2943//720 2967//720 2973//720
f 2943//720 2961//720 2967//720
f 2970//722 2968//722 2972//722
f 2972//723 2968//723 2974//723
f 3002//723 3009//723 3004//723
f 3004//723 3009//723 3006//723
f 3006//723 3009//723 3007//723
f 2964//723 2962//723 2966//723
f 2966//723 2962//723 2968//723
f 3002//723 3012//723 3009//723
f 3012//723 3015//723 3014//723
f 2958//723 2956//723 2960//723
f 3015//723 2936//723 2935//723
f 3012//723 2938//723 3015//723
f 3015//723 2938//723 2936//723
f 2950//723 2948//723 2952//723
f 2952//723 2948//723 2954//723
f 2956//723 2944//723 2960//723
f 2938//723 2944//723 2940//723
f 2940//723 2944//723 2942//723
f 2948//723 2944//723 2954//723
f 2946//723 2944//723 2948//723
f 3012//723 2944//723 2938//723
f 2954//723 2944//723 2956//723
f 2960//723 2944//723 2962//723
f 2974//723 2944//723 2976//723
f 2976//723 2944//723 2977//723
f 2977//723 2944//723 2980//723
f 2980//723 2944//723 2981//723
f 2981//723 2944//723 2984//723
f 2984//723 2944//723 2985//723
f 2985//723 2944//723 2988//723
f 2988//723 2944//723 2989//723
f 2989//723 2944//723 2992//723
f 2992//723 2944//723 2993//723
f 2993//723 2944//723 2996//723
f 2996//723 2944//723 2997//723
f 2997//723 2944//723 3000//723
f 3000//723 2944//723 3002//723
f 3002//723 2944//723 3012//723
f 2968//723 2944//723 2974//723
f 2962//723 2944//723 2968//723
o Component_J1_Physical
v -11.000000 27.000000 8.200000
v -11.000000 27.000000 12.600000
v -11.000000 39.000000 8.200000
v -11.000000 39.000000 12.600000
v 11.000000 27.000000 12.600000
v 11.000000 27.000000 8.200000
v 11.000000 39.000000 8.200000
v 11.000000 39.000000 12.600000
vn -1.0000 -0.0000 -0.0000
vn 1.0000 -0.0000 -0.0000
vn -0.0000 -1.0000 -0.0000
vn -0.0000 1.0000 -0.0000
vn -0.0000 -0.0000 -1.0000
vn -0.0000 -0.0000 1.0000
s 0
usemtl component_neutral
f 3017//724 3018//724 3019//724
f 3019//724 3018//724 3020//724
f 3021//725 3022//725 3023//725
f 3021//725 3023//725 3024//725
f 3017//726 3022//726 3018//726
f 3022//726 3021//726 3018//726
f 3023//727 3019//727 3020//727
f 3024//727 3023//727 3020//727
f 3019//728 3023//728 3017//728
f 3017//728 3023//728 3022//728
f 3024//729 3020//729 3018//729
f 3024//729 3018//729 3021//729
o TP1_Z_PLUS_Access_Overlay
v -19.527924 -11.627395 20.400000
v -19.500000 -12.000000 20.400000
v -19.500000 -12.000000 8.400000
v -19.527924 -11.627395 8.400000
v -19.611069 -11.263112 20.400000
v -19.611069 -11.263112 8.400000
v -19.747578 -10.915291 20.400000
v -19.747578 -10.915291 8.400000
v -19.934402 -10.591700 20.400000
v -19.934402 -10.591700 8.400000
v -20.167370 -10.299568 20.400000
v -20.167370 -10.299568 8.400000
v -20.441275 -10.045422 20.400000
v -20.441275 -10.045422 8.400000
v -20.750000 -9.834936 8.400000
v -20.750000 -9.834936 20.400000
v -21.086647 -9.672815 20.400000
v -21.086647 -9.672815 8.400000
v -21.443697 -9.562680 20.400000
v -21.443697 -9.562680 8.400000
v -21.813175 -9.506990 20.400000
v -21.813175 -9.506990 8.400000
v -22.186825 -9.506990 20.400000
v -22.186825 -9.506990 8.400000
v -22.556303 -9.562680 8.400000
v -22.556303 -9.562680 20.400000
v -22.913353 -9.672815 20.400000
v -22.913353 -9.672815 8.400000
v -23.250000 -9.834936 20.400000
v -23.250000 -9.834936 8.400000
v -23.558725 -10.045422 8.400000
v -23.558725 -10.045422 20.400000
v -23.832630 -10.299568 20.400000
v -23.832630 -10.299568 8.400000
v -24.065598 -10.591700 20.400000
v -24.065598 -10.591700 8.400000
v -24.252422 -10.915291 20.400000
v -24.252422 -10.915291 8.400000
v -24.388931 -11.263112 20.400000
v -24.388931 -11.263112 8.400000
v -24.472076 -11.627395 20.400000
v -24.472076 -11.627395 8.400000
v -24.500000 -12.000000 20.400000
v -24.500000 -12.000000 8.400000
v -24.472076 -12.372605 20.400000
v -24.472076 -12.372605 8.400000
v -24.388931 -12.736888 8.400000
v -24.388931 -12.736888 20.400000
v -24.252422 -13.084709 8.400000
v -24.252422 -13.084709 20.400000
v -24.065598 -13.408300 8.400000
v -24.065598 -13.408300 20.400000
v -23.832630 -13.700432 20.400000
v -23.832630 -13.700432 8.400000
v -23.558725 -13.954578 8.400000
v -23.558725 -13.954578 20.400000
v -23.250000 -14.165064 20.400000
v -23.250000 -14.165064 8.400000
v -22.913353 -14.327185 8.400000
v -22.913353 -14.327185 20.400000
v -22.556303 -14.437320 20.400000
v -22.556303 -14.437320 8.400000
v -22.186825 -14.493010 8.400000
v -22.186825 -14.493010 20.400000
v -21.813175 -14.493010 8.400000
v -21.813175 -14.493010 20.400000
v -21.443697 -14.437320 20.400000
v -21.443697 -14.437320 8.400000
v -21.086647 -14.327185 8.400000
v -21.086647 -14.327185 20.400000
v -20.750000 -14.165064 8.400000
v -20.750000 -14.165064 20.400000
v -20.441275 -13.954578 20.400000
v -20.441275 -13.954578 8.400000
v -20.167370 -13.700432 20.400000
v -20.167370 -13.700432 8.400000
v -19.934402 -13.408300 20.400000
v -19.934402 -13.408300 8.400000
v -19.747578 -13.084709 20.400000
v -19.747578 -13.084709 8.400000
v -19.611069 -12.736888 8.400000
v -19.611069 -12.736888 20.400000
v -19.527924 -12.372605 8.400000
v -19.527924 -12.372605 20.400000
vn 0.9972 0.0747 -0.0000
vn 0.9749 0.2225 -0.0000
vn 0.9309 0.3653 -0.0000
vn 0.8660 0.5000 -0.0000
vn 0.7818 0.6235 -0.0000
vn 0.6802 0.7330 -0.0000
vn 0.6802 0.7331 -0.0000
vn 0.5633 0.8262 -0.0000
vn 0.4339 0.9010 -0.0000
vn 0.2948 0.9556 -0.0000
vn 0.1490 0.9888 -0.0000
vn -0.0000 1.0000 -0.0000
vn -0.1490 0.9888 -0.0000
vn -0.2948 0.9556 -0.0000
vn -0.4339 0.9010 -0.0000
vn -0.5633 0.8262 -0.0000
vn -0.6802 0.7331 -0.0000
vn -0.7818 0.6235 -0.0000
vn -0.8660 0.5000 -0.0000
vn -0.9309 0.3653 -0.0000
vn -0.9749 0.2225 -0.0000
vn -0.9972 0.0747 -0.0000
vn -0.9972 -0.0747 -0.0000
vn -0.9749 -0.2225 -0.0000
vn -0.9309 -0.3653 -0.0000
vn -0.8660 -0.5000 -0.0000
vn -0.7818 -0.6235 -0.0000
vn -0.6802 -0.7331 -0.0000
vn -0.5633 -0.8262 -0.0000
vn -0.4339 -0.9010 -0.0000
vn -0.2948 -0.9556 -0.0000
vn -0.1490 -0.9888 -0.0000
vn -0.0000 -1.0000 -0.0000
vn 0.1490 -0.9888 -0.0000
vn 0.2948 -0.9556 -0.0000
vn 0.4339 -0.9010 -0.0000
vn 0.5633 -0.8262 -0.0000
vn 0.6802 -0.7331 -0.0000
vn 0.6802 -0.7330 -0.0000
vn 0.7818 -0.6235 -0.0000
vn 0.8660 -0.5000 -0.0000
vn 0.9309 -0.3653 -0.0000
vn 0.9749 -0.2225 -0.0000
vn 0.9972 -0.0747 -0.0000
vn -0.0000 -0.0000 1.0000
vn -0.0000 -0.0000 -1.0000
s 0
usemtl tp1_access_red
f 3025//730 3026//730 3027//730
f 3025//730 3027//730 3028//730
f 3029//731 3028//731 3030//731
f 3029//731 3025//731 3028//731
f 3031//732 3030//732 3032//732
f 3031//732 3029//732 3030//732
f 3033//733 3031//733 3032//733
f 3033//733 3032//733 3034//733
f 3035//734 3033//734 3034//734
f 3035//734 3034//734 3036//734
f 3037//735 3035//735 3036//735
f 3037//736 3036//736 3038//736
f 3037//737 3038//737 3039//737
f 3040//737 3037//737 3039//737
f 3041//738 3040//738 3039//738
f 3041//738 3039//738 3042//738
f 3043//739 3041//739 3042//739
f 3043//739 3042//739 3044//739
f 3045//740 3043//740 3044//740
f 3045//740 3044//740 3046//740
f 3047//741 3045//741 3046//741
f 3047//741 3046//741 3048//741
f 3047//742 3048//742 3049//742
f 3050//742 3047//742 3049//742
f 3051//743 3050//743 3049//743
f 3051//743 3049//743 3052//743
f 3053//744 3051//744 3052//744
f 3053//744 3052//744 3054//744
f 3053//745 3054//745 3055//745
f 3056//745 3053//745 3055//745
f 3057//746 3056//746 3055//746
f 3057//746 3055//746 3058//746
f 3059//747 3058//747 3060//747
f 3059//747 3057//747 3058//747
f 3061//748 3060//748 3062//748
f 3061//748 3059//748 3060//748
f 3063//749 3062//749 3064//749
f 3063//749 3061//749 3062//749
f 3065//750 3064//750 3066//750
f 3065//750 3063//750 3064//750
f 3067//751 3066//751 3068//751
f 3067//751 3065//751 3066//751
f 3069//752 3068//752 3070//752
f 3069//753 3070//753 3071//753
f 3069//752 3067//752 3068//752
f 3072//754 3071//754 3073//754
f 3072//753 3069//753 3071//753
f 3074//755 3073//755 3075//755
f 3074//754 3072//754 3073//754
f 3076//755 3074//755 3075//755
f 3077//756 3075//756 3078//756
f 3077//757 3078//757 3079//757
f 3077//756 3076//756 3075//756
f 3080//757 3077//757 3079//757
f 3081//758 3079//758 3082//758
f 3081//759 3082//759 3083//759
f 3081//758 3080//758 3079//758
f 3084//759 3081//759 3083//759
f 3085//760 3084//760 3083//760
f 3085//760 3083//760 3086//760
f 3085//761 3086//761 3087//761
f 3088//761 3085//761 3087//761
f 3088//762 3087//762 3089//762
f 3090//762 3088//762 3089//762
f 3091//763 3090//763 3089//763
f 3091//763 3089//763 3092//763
f 3091//764 3092//764 3093//764
f 3094//764 3091//764 3093//764
f 3094//765 3093//765 3095//765
f 3096//765 3094//765 3095//765
f 3097//766 3096//766 3095//766
f 3097//766 3095//766 3098//766
f 3099//767 3097//767 3098//767
f 3099//768 3098//768 3100//768
f 3101//769 3099//769 3100//769
f 3101//769 3100//769 3102//769
f 3103//770 3101//770 3102//770
f 3103//770 3102//770 3104//770
f 3103//771 3104//771 3105//771
f 3106//771 3103//771 3105//771
f 3106//772 3105//772 3107//772
f 3108//772 3106//772 3107//772
f 3026//773 3108//773 3107//773
f 3026//773 3107//773 3027//773
f 3081//774 3077//774 3080//774
f 3084//774 3077//774 3081//774
f 3067//774 3069//774 3072//774
f 3091//774 3085//774 3088//774
f 3091//774 3088//774 3090//774
f 3059//774 3061//774 3063//774
f 3059//774 3063//774 3065//774
f 3097//774 3091//774 3094//774
f 3097//774 3094//774 3096//774
f 3097//774 3085//774 3091//774
f 3101//774 3076//774 3077//774
f 3101//774 3084//774 3085//774
f 3101//774 3097//774 3099//774
f 3101//774 3077//774 3084//774
f 3101//774 3085//774 3097//774
f 3053//774 3056//774 3057//774
f 3053//774 3057//774 3059//774
f 3106//774 3072//774 3074//774
f 3106//774 3074//774 3076//774
f 3106//774 3101//774 3103//774
f 3106//774 3067//774 3072//774
f 3106//774 3076//774 3101//774
f 3050//774 3051//774 3053//774
f 3050//774 3053//774 3059//774
f 3045//774 3047//774 3050//774
f 3025//774 3108//774 3026//774
f 3043//774 3045//774 3050//774
f 3031//774 3025//774 3029//774
f 3031//774 3108//774 3025//774
f 3031//774 3106//774 3108//774
f 3040//774 3041//774 3043//774
f 3033//774 3050//774 3059//774
f 3033//774 3106//774 3031//774
f 3033//774 3065//774 3067//774
f 3033//774 3059//774 3065//774
f 3033//774 3067//774 3106//774
f 3037//774 3050//774 3033//774
f 3037//774 3040//774 3043//774
f 3037//774 3043//774 3050//774
f 3035//774 3037//774 3033//774
f 3068//775 3066//775 3070//775
f 3070//775 3066//775 3071//775
f 3071//775 3066//775 3073//775
f 3089//775 3093//775 3092//775
f 3062//775 3060//775 3064//775
f 3082//775 3098//775 3083//775
f 3083//775 3098//775 3086//775
f 3086//775 3098//775 3087//775
f 3087//775 3098//775 3089//775
f 3093//775 3098//775 3095//775
f 3089//775 3098//775 3093//775
f 3064//775 3058//775 3066//775
f 3073//775 3058//775 3075//775
f 3075//775 3058//775 3078//775
f 3078//775 3058//775 3079//775
f 3066//775 3058//775 3073//775
f 3060//775 3058//775 3064//775
f 3098//775 3104//775 3100//775
f 3100//775 3104//775 3102//775
f 3049//775 3048//775 3052//775
f 3052//775 3048//775 3054//775
f 3054//775 3048//775 3055//775
f 3104//775 3027//775 3105//775
f 3105//775 3027//775 3107//775
f 3104//775 3028//775 3027//775
f 3048//775 3044//775 3055//775
f 3046//775 3044//775 3048//775
f 3055//775 3044//775 3058//775
f 3104//775 3030//775 3028//775
f 3042//775 3039//775 3044//775
f 3030//775 3034//775 3032//775
f 3038//775 3036//775 3039//775
f 3044//775 3036//775 3058//775
f 3039//775 3036//775 3044//775
f 3104//775 3036//775 3030//775
f 3030//775 3036//775 3034//775
f 3079//775 3036//775 3082//775
f 3058//775 3036//775 3079//775
f 3082//775 3036//775 3098//775
f 3098//775 3036//775 3104//775
o TP2_Z_PLUS_Access_Overlay
v -3.527923 -11.627395 20.400000
v -3.500000 -12.000000 20.400000
v -3.500000 -12.000000 8.400000
v -3.527923 -11.627395 8.400000
v -3.611068 -11.263112 20.400000
v -3.611068 -11.263112 8.400000
v -3.747578 -10.915291 20.400000
v -3.747578 -10.915291 8.400000
v -3.934403 -10.591700 20.400000
v -3.934403 -10.591700 8.400000
v -4.167370 -10.299568 20.400000
v -4.167370 -10.299568 8.400000
v -4.441276 -10.045422 20.400000
v -4.441276 -10.045422 8.400000
v -4.750000 -9.834936 8.400000
v -4.750000 -9.834936 20.400000
v -5.086648 -9.672815 20.400000
v -5.086648 -9.672815 8.400000
v -5.443697 -9.562680 20.400000
v -5.443697 -9.562680 8.400000
v -5.813175 -9.506990 20.400000
v -5.813175 -9.506990 8.400000
v -6.186825 -9.506990 20.400000
v -6.186825 -9.506990 8.400000
v -6.556303 -9.562680 8.400000
v -6.556303 -9.562680 20.400000
v -6.913352 -9.672815 20.400000
v -6.913352 -9.672815 8.400000
v -7.250000 -9.834936 20.400000
v -7.250000 -9.834936 8.400000
v -7.558724 -10.045422 8.400000
v -7.558724 -10.045422 20.400000
v -7.832630 -10.299568 20.400000
v -7.832630 -10.299568 8.400000
v -8.065597 -10.591700 20.400000
v -8.065597 -10.591700 8.400000
v -8.252422 -10.915291 20.400000
v -8.252422 -10.915291 8.400000
v -8.388932 -11.263112 20.400000
v -8.388932 -11.263112 8.400000
v -8.472077 -11.627395 20.400000
v -8.472077 -11.627395 8.400000
v -8.500000 -12.000000 20.400000
v -8.500000 -12.000000 8.400000
v -8.472077 -12.372605 20.400000
v -8.472077 -12.372605 8.400000
v -8.388932 -12.736888 8.400000
v -8.388932 -12.736888 20.400000
v -8.252422 -13.084709 8.400000
v -8.252422 -13.084709 20.400000
v -8.065597 -13.408300 8.400000
v -8.065597 -13.408300 20.400000
v -7.832630 -13.700432 20.400000
v -7.832630 -13.700432 8.400000
v -7.558724 -13.954578 8.400000
v -7.558724 -13.954578 20.400000
v -7.250000 -14.165064 20.400000
v -7.250000 -14.165064 8.400000
v -6.913352 -14.327185 8.400000
v -6.913352 -14.327185 20.400000
v -6.556303 -14.437320 20.400000
v -6.556303 -14.437320 8.400000
v -6.186825 -14.493010 8.400000
v -6.186825 -14.493010 20.400000
v -5.813175 -14.493010 8.400000
v -5.813175 -14.493010 20.400000
v -5.443697 -14.437320 20.400000
v -5.443697 -14.437320 8.400000
v -5.086648 -14.327185 8.400000
v -5.086648 -14.327185 20.400000
v -4.750000 -14.165064 8.400000
v -4.750000 -14.165064 20.400000
v -4.441276 -13.954578 20.400000
v -4.441276 -13.954578 8.400000
v -4.167370 -13.700432 20.400000
v -4.167370 -13.700432 8.400000
v -3.934403 -13.408300 20.400000
v -3.934403 -13.408300 8.400000
v -3.747578 -13.084709 20.400000
v -3.747578 -13.084709 8.400000
v -3.611068 -12.736888 8.400000
v -3.611068 -12.736888 20.400000
v -3.527923 -12.372605 8.400000
v -3.527923 -12.372605 20.400000
vn 0.9972 0.0747 -0.0000
vn 0.9749 0.2225 -0.0000
vn 0.9309 0.3653 -0.0000
vn 0.8660 0.5000 -0.0000
vn 0.7818 0.6235 -0.0000
vn 0.6802 0.7331 -0.0000
vn 0.5633 0.8262 -0.0000
vn 0.4339 0.9010 -0.0000
vn 0.2948 0.9556 -0.0000
vn 0.1490 0.9888 -0.0000
vn -0.0000 1.0000 -0.0000
vn -0.1490 0.9888 -0.0000
vn -0.2948 0.9556 -0.0000
vn -0.4339 0.9010 -0.0000
vn -0.5633 0.8262 -0.0000
vn -0.6802 0.7331 -0.0000
vn -0.7818 0.6235 -0.0000
vn -0.8660 0.5000 -0.0000
vn -0.9309 0.3653 -0.0000
vn -0.9749 0.2225 -0.0000
vn -0.9972 0.0747 -0.0000
vn -0.9972 -0.0747 -0.0000
vn -0.9749 -0.2225 -0.0000
vn -0.9309 -0.3653 -0.0000
vn -0.8660 -0.5000 -0.0000
vn -0.7818 -0.6235 -0.0000
vn -0.6802 -0.7331 -0.0000
vn -0.5633 -0.8262 -0.0000
vn -0.4339 -0.9010 -0.0000
vn -0.2948 -0.9556 -0.0000
vn -0.1490 -0.9888 -0.0000
vn -0.0000 -1.0000 -0.0000
vn 0.1490 -0.9888 -0.0000
vn 0.2948 -0.9556 -0.0000
vn 0.4339 -0.9010 -0.0000
vn 0.5633 -0.8262 -0.0000
vn 0.6802 -0.7331 -0.0000
vn 0.7818 -0.6235 -0.0000
vn 0.8660 -0.5000 -0.0000
vn 0.9309 -0.3653 -0.0000
vn 0.9749 -0.2225 -0.0000
vn 0.9972 -0.0747 -0.0000
vn -0.0000 -0.0000 1.0000
vn -0.0000 -0.0000 -1.0000
s 0
usemtl tp2_access_amber
f 3109//776 3110//776 3111//776
f 3109//776 3111//776 3112//776
f 3113//777 3112//777 3114//777
f 3113//777 3109//777 3112//777
f 3115//778 3114//778 3116//778
f 3115//778 3113//778 3114//778
f 3117//779 3115//779 3116//779
f 3117//779 3116//779 3118//779
f 3119//780 3117//780 3118//780
f 3119//780 3118//780 3120//780
f 3121//781 3119//781 3120//781
f 3121//781 3120//781 3122//781
f 3121//782 3122//782 3123//782
f 3124//782 3121//782 3123//782
f 3125//783 3124//783 3123//783
f 3125//783 3123//783 3126//783
f 3127//784 3125//784 3126//784
f 3127//784 3126//784 3128//784
f 3129//785 3127//785 3128//785
f 3129//785 3128//785 3130//785
f 3131//786 3129//786 3130//786
f 3131//786 3130//786 3132//786
f 3131//787 3132//787 3133//787
f 3134//787 3131//787 3133//787
f 3135//788 3134//788 3133//788
f 3135//788 3133//788 3136//788
f 3137//789 3135//789 3136//789
f 3137//789 3136//789 3138//789
f 3137//790 3138//790 3139//790
f 3140//790 3137//790 3139//790
f 3141//791 3140//791 3139//791
f 3141//791 3139//791 3142//791
f 3143//792 3142//792 3144//792
f 3143//792 3141//792 3142//792
f 3145//793 3144//793 3146//793
f 3145//793 3143//793 3144//793
f 3147//794 3146//794 3148//794
f 3147//794 3145//794 3146//794
f 3149//795 3148//795 3150//795
f 3149//795 3147//795 3148//795
f 3151//796 3150//796 3152//796
f 3151//796 3149//796 3150//796
f 3153//797 3152//797 3154//797
f 3153//798 3154//798 3155//798
f 3153//797 3151//797 3152//797
f 3156//799 3155//799 3157//799
f 3156//798 3153//798 3155//798
f 3158//800 3157//800 3159//800
f 3158//799 3156//799 3157//799
f 3160//800 3158//800 3159//800
f 3161//801 3159//801 3162//801
f 3161//802 3162//802 3163//802
f 3161//801 3160//801 3159//801
f 3164//802 3161//802 3163//802
f 3165//803 3163//803 3166//803
f 3165//804 3166//804 3167//804
f 3165//803 3164//803 3163//803
f 3168//804 3165//804 3167//804
f 3169//805 3168//805 3167//805
f 3169//805 3167//805 3170//805
f 3169//806 3170//806 3171//806
f 3172//806 3169//806 3171//806
f 3172//807 3171//807 3173//807
f 3174//807 3172//807 3173//807
f 3175//808 3174//808 3173//808
f 3175//808 3173//808 3176//808
f 3175//809 3176//809 3177//809
f 3178//809 3175//809 3177//809
f 3178//810 3177//810 3179//810
f 3180//810 3178//810 3179//810
f 3181//811 3180//811 3179//811
f 3181//811 3179//811 3182//811
f 3183//812 3181//812 3182//812
f 3183//812 3182//812 3184//812
f 3185//813 3183//813 3184//813
f 3185//813 3184//813 3186//813
f 3187//814 3185//814 3186//814
f 3187//814 3186//814 3188//814
f 3187//815 3188//815 3189//815
f 3190//815 3187//815 3189//815
f 3190//816 3189//816 3191//816
f 3192//816 3190//816 3191//816
f 3110//817 3192//817 3191//817
f 3110//817 3191//817 3111//817
f 3168//818 3160//818 3161//818
f 3168//818 3161//818 3164//818
f 3168//818 3164//818 3165//818
f 3153//818 3156//818 3158//818
f 3172//818 3168//818 3169//818
f 3151//818 3153//818 3158//818
f 3175//818 3172//818 3174//818
f 3175//818 3168//818 3172//818
f 3145//818 3147//818 3149//818
f 3145//818 3149//818 3151//818
f 3181//818 3175//818 3178//818
f 3181//818 3178//818 3180//818
f 3181//818 3168//818 3175//818
f 3141//818 3143//818 3145//818
f 3140//818 3141//818 3145//818
f 3185//818 3181//818 3183//818
f 3185//818 3168//818 3181//818
f 3190//818 3158//818 3160//818
f 3190//818 3185//818 3187//818
f 3190//818 3160//818 3168//818
f 3190//818 3151//818 3158//818
f 3190//818 3145//818 3151//818
f 3190//818 3168//818 3185//818
f 3134//818 3135//818 3137//818
f 3109//818 3192//818 3110//818
f 3127//818 3129//818 3131//818
f 3127//818 3131//818 3134//818
f 3115//818 3109//818 3113//818
f 3115//818 3192//818 3109//818
f 3115//818 3190//818 3192//818
f 3124//818 3125//818 3127//818
f 3117//818 3145//818 3190//818
f 3117//818 3127//818 3134//818
f 3117//818 3137//818 3140//818
f 3117//818 3190//818 3115//818
f 3117//818 3140//818 3145//818
f 3117//818 3134//818 3137//818
f 3121//818 3124//818 3127//818
f 3119//818 3121//818 3127//818
f 3119//818 3127//818 3117//818
f 3152//819 3150//819 3154//819
f 3154//819 3150//819 3155//819
f 3155//819 3150//819 3157//819
f 3173//819 3177//819 3176//819
f 3146//819 3144//819 3148//819
f 3166//819 3182//819 3167//819
f 3167//819 3182//819 3170//819
f 3170//819 3182//819 3171//819
f 3171//819 3182//819 3173//819
f 3177//819 3182//819 3179//819
f 3173//819 3182//819 3177//819
f 3148//819 3142//819 3150//819
f 3157//819 3142//819 3159//819
f 3159//819 3142//819 3162//819
f 3162//819 3142//819 3163//819
f 3150//819 3142//819 3157//819
f 3144//819 3142//819 3148//819
f 3182//819 3188//819 3184//819
f 3184//819 3188//819 3186//819
f 3133//819 3132//819 3136//819
f 3136//819 3132//819 3138//819
f 3138//819 3132//819 3139//819
f 3188//819 3111//819 3189//819
f 3189//819 3111//819 3191//819
f 3188//819 3112//819 3111//819
f 3132//819 3128//819 3139//819
f 3130//819 3128//819 3132//819
f 3139//819 3128//819 3142//819
f 3188//819 3114//819 3112//819
f 3126//819 3123//819 3128//819
f 3114//819 3118//819 3116//819
f 3122//819 3120//819 3123//819
f 3128//819 3120//819 3142//819
f 3123//819 3120//819 3128//819
f 3188//819 3120//819 3114//819
f 3114//819 3120//819 3118//819
f 3163//819 3120//819 3166//819
f 3142//819 3120//819 3163//819
f 3166//819 3120//819 3182//819
f 3182//819 3120//819 3188//819
o TP3_Z_PLUS_Access_Overlay
v 12.472077 -11.627395 20.400000
v 12.500000 -12.000000 20.400000
v 12.500000 -12.000000 8.400000
v 12.472077 -11.627395 8.400000
v 12.388932 -11.263112 20.400000
v 12.388932 -11.263112 8.400000
v 12.252422 -10.915291 20.400000
v 12.252422 -10.915291 8.400000
v 12.065597 -10.591700 20.400000
v 12.065597 -10.591700 8.400000
v 11.832629 -10.299568 20.400000
v 11.832629 -10.299568 8.400000
v 11.558724 -10.045422 20.400000
v 11.558724 -10.045422 8.400000
v 11.250000 -9.834936 8.400000
v 11.250000 -9.834936 20.400000
v 10.913353 -9.672815 20.400000
v 10.913353 -9.672815 8.400000
v 10.556302 -9.562680 20.400000
v 10.556302 -9.562680 8.400000
v 10.186825 -9.506990 20.400000
v 10.186825 -9.506990 8.400000
v 9.813175 -9.506990 20.400000
v 9.813175 -9.506990 8.400000
v 9.443698 -9.562680 8.400000
v 9.443698 -9.562680 20.400000
v 9.086647 -9.672815 20.400000
v 9.086647 -9.672815 8.400000
v 8.750000 -9.834936 20.400000
v 8.750000 -9.834936 8.400000
v 8.441276 -10.045422 8.400000
v 8.441276 -10.045422 20.400000
v 8.167371 -10.299568 20.400000
v 8.167371 -10.299568 8.400000
v 7.934403 -10.591700 20.400000
v 7.934403 -10.591700 8.400000
v 7.747578 -10.915291 20.400000
v 7.747578 -10.915291 8.400000
v 7.611068 -11.263112 20.400000
v 7.611068 -11.263112 8.400000
v 7.527923 -11.627395 20.400000
v 7.527923 -11.627395 8.400000
v 7.500000 -12.000000 20.400000
v 7.500000 -12.000000 8.400000
v 7.527923 -12.372605 20.400000
v 7.527923 -12.372605 8.400000
v 7.611068 -12.736888 8.400000
v 7.611068 -12.736888 20.400000
v 7.747578 -13.084709 8.400000
v 7.747578 -13.084709 20.400000
v 7.934403 -13.408300 8.400000
v 7.934403 -13.408300 20.400000
v 8.167371 -13.700432 20.400000
v 8.167371 -13.700432 8.400000
v 8.441276 -13.954578 8.400000
v 8.441276 -13.954578 20.400000
v 8.750000 -14.165064 20.400000
v 8.750000 -14.165064 8.400000
v 9.086647 -14.327185 8.400000
v 9.086647 -14.327185 20.400000
v 9.443698 -14.437320 20.400000
v 9.443698 -14.437320 8.400000
v 9.813175 -14.493010 8.400000
v 9.813175 -14.493010 20.400000
v 10.186825 -14.493010 8.400000
v 10.186825 -14.493010 20.400000
v 10.556302 -14.437320 20.400000
v 10.556302 -14.437320 8.400000
v 10.913353 -14.327185 8.400000
v 10.913353 -14.327185 20.400000
v 11.250000 -14.165064 8.400000
v 11.250000 -14.165064 20.400000
v 11.558724 -13.954578 20.400000
v 11.558724 -13.954578 8.400000
v 11.832629 -13.700432 20.400000
v 11.832629 -13.700432 8.400000
v 12.065597 -13.408300 20.400000
v 12.065597 -13.408300 8.400000
v 12.252422 -13.084709 20.400000
v 12.252422 -13.084709 8.400000
v 12.388932 -12.736888 8.400000
v 12.388932 -12.736888 20.400000
v 12.472077 -12.372605 8.400000
v 12.472077 -12.372605 20.400000
vn 0.9972 0.0747 -0.0000
vn 0.9749 0.2225 -0.0000
vn 0.9309 0.3653 -0.0000
vn 0.8660 0.5000 -0.0000
vn 0.7818 0.6235 -0.0000
vn 0.6802 0.7331 -0.0000
vn 0.6802 0.7330 -0.0000
vn 0.5633 0.8262 -0.0000
vn 0.4339 0.9010 -0.0000
vn 0.2948 0.9556 -0.0000
vn 0.1490 0.9888 -0.0000
vn -0.0000 1.0000 -0.0000
vn -0.1490 0.9888 -0.0000
vn -0.2948 0.9556 -0.0000
vn -0.4339 0.9010 -0.0000
vn -0.5633 0.8262 -0.0000
vn -0.6802 0.7331 -0.0000
vn -0.7818 0.6235 -0.0000
vn -0.8660 0.5000 -0.0000
vn -0.9309 0.3653 -0.0000
vn -0.9749 0.2225 -0.0000
vn -0.9972 0.0747 -0.0000
vn -0.9972 -0.0747 -0.0000
vn -0.9749 -0.2225 -0.0000
vn -0.9309 -0.3653 -0.0000
vn -0.8660 -0.5000 -0.0000
vn -0.7818 -0.6235 -0.0000
vn -0.6802 -0.7331 -0.0000
vn -0.5633 -0.8262 -0.0000
vn -0.4339 -0.9010 -0.0000
vn -0.2948 -0.9556 -0.0000
vn -0.1490 -0.9888 -0.0000
vn -0.0000 -1.0000 -0.0000
vn 0.1490 -0.9888 -0.0000
vn 0.2948 -0.9556 -0.0000
vn 0.4339 -0.9010 -0.0000
vn 0.5633 -0.8262 -0.0000
vn 0.6802 -0.7330 -0.0000
vn 0.6802 -0.7331 -0.0000
vn 0.7818 -0.6235 -0.0000
vn 0.8660 -0.5000 -0.0000
vn 0.9309 -0.3653 -0.0000
vn 0.9749 -0.2225 -0.0000
vn 0.9972 -0.0747 -0.0000
vn -0.0000 -0.0000 1.0000
vn -0.0000 -0.0000 -1.0000
s 0
usemtl tp3_access_cyan
f 3193//820 3194//820 3195//820
f 3193//820 3195//820 3196//820
f 3197//821 3196//821 3198//821
f 3197//821 3193//821 3196//821
f 3199//822 3198//822 3200//822
f 3199//822 3197//822 3198//822
f 3201//823 3199//823 3200//823
f 3201//823 3200//823 3202//823
f 3203//824 3201//824 3202//824
f 3203//824 3202//824 3204//824
f 3205//825 3203//825 3204//825
f 3205//826 3204//826 3206//826
f 3205//827 3206//827 3207//827
f 3208//827 3205//827 3207//827
f 3209//828 3208//828 3207//828
f 3209//828 3207//828 3210//828
f 3211//829 3209//829 3210//829
f 3211//829 3210//829 3212//829
f 3213//830 3211//830 3212//830
f 3213//830 3212//830 3214//830
f 3215//831 3213//831 3214//831
f 3215//831 3214//831 3216//831
f 3215//832 3216//832 3217//832
f 3218//832 3215//832 3217//832
f 3219//833 3218//833 3217//833
f 3219//833 3217//833 3220//833
f 3221//834 3219//834 3220//834
f 3221//834 3220//834 3222//834
f 3221//835 3222//835 3223//835
f 3224//835 3221//835 3223//835
f 3225//836 3224//836 3223//836
f 3225//836 3223//836 3226//836
f 3227//837 3226//837 3228//837
f 3227//837 3225//837 3226//837
f 3229//838 3228//838 3230//838
f 3229//838 3227//838 3228//838
f 3231//839 3230//839 3232//839
f 3231//839 3229//839 3230//839
f 3233//840 3232//840 3234//840
f 3233//840 3231//840 3232//840
f 3235//841 3234//841 3236//841
f 3235//841 3233//841 3234//841
f 3237//842 3236//842 3238//842
f 3237//843 3238//843 3239//843
f 3237//842 3235//842 3236//842
f 3240//844 3239//844 3241//844
f 3240//843 3237//843 3239//843
f 3242//845 3241//845 3243//845
f 3242//844 3240//844 3241//844
f 3244//845 3242//845 3243//845
f 3245//846 3243//846 3246//846
f 3245//847 3246//847 3247//847
f 3245//846 3244//846 3243//846
f 3248//847 3245//847 3247//847
f 3249//848 3247//848 3250//848
f 3249//849 3250//849 3251//849
f 3249//848 3248//848 3247//848
f 3252//849 3249//849 3251//849
f 3253//850 3252//850 3251//850
f 3253//850 3251//850 3254//850
f 3253//851 3254//851 3255//851
f 3256//851 3253//851 3255//851
f 3256//852 3255//852 3257//852
f 3258//852 3256//852 3257//852
f 3259//853 3258//853 3257//853
f 3259//853 3257//853 3260//853
f 3259//854 3260//854 3261//854
f 3262//854 3259//854 3261//854
f 3262//855 3261//855 3263//855
f 3264//855 3262//855 3263//855
f 3265//856 3264//856 3263//856
f 3265//856 3263//856 3266//856
f 3267//857 3265//857 3266//857
f 3267//858 3266//858 3268//858
f 3269//859 3267//859 3268//859
f 3269//859 3268//859 3270//859
f 3271//860 3269//860 3270//860
f 3271//860 3270//860 3272//860
f 3271//861 3272//861 3273//861
f 3274//861 3271//861 3273//861
f 3274//862 3273//862 3275//862
f 3276//862 3274//862 3275//862
f 3194//863 3276//863 3275//863
f 3194//863 3275//863 3195//863
f 3252//864 3244//864 3245//864
f 3252//864 3245//864 3248//864
f 3252//864 3248//864 3249//864
f 3237//864 3240//864 3242//864
f 3256//864 3252//864 3253//864
f 3235//864 3237//864 3242//864
f 3262//864 3256//864 3258//864
f 3262//864 3258//864 3259//864
f 3262//864 3252//864 3256//864
f 3229//864 3231//864 3233//864
f 3229//864 3233//864 3235//864
f 3265//864 3262//864 3264//864
f 3225//864 3227//864 3229//864
f 3224//864 3225//864 3229//864
f 3269//864 3265//864 3267//864
f 3269//864 3262//864 3265//864
f 3221//864 3224//864 3229//864
f 3218//864 3219//864 3221//864
f 3218//864 3221//864 3229//864
f 3276//864 3242//864 3244//864
f 3276//864 3269//864 3271//864
f 3276//864 3271//864 3274//864
f 3276//864 3244//864 3252//864
f 3276//864 3235//864 3242//864
f 3276//864 3262//864 3269//864
f 3276//864 3229//864 3235//864
f 3276//864 3252//864 3262//864
f 3211//864 3213//864 3215//864
f 3211//864 3215//864 3218//864
f 3197//864 3194//864 3193//864
f 3197//864 3276//864 3194//864
f 3201//864 3197//864 3199//864
f 3201//864 3218//864 3229//864
f 3201//864 3211//864 3218//864
f 3201//864 3276//864 3197//864
f 3201//864 3229//864 3276//864
f 3205//864 3208//864 3209//864
f 3203//864 3209//864 3211//864
f 3203//864 3211//864 3201//864
f 3203//864 3205//864 3209//864
f 3236//865 3234//865 3238//865
f 3238//865 3234//865 3239//865
f 3239//865 3234//865 3241//865
f 3257//865 3261//865 3260//865
f 3230//865 3228//865 3232//865
f 3250//865 3266//865 3251//865
f 3251//865 3266//865 3254//865
f 3254//865 3266//865 3255//865
f 3255//865 3266//865 3257//865
f 3261//865 3266//865 3263//865
f 3257//865 3266//865 3261//865
f 3232//865 3226//865 3234//865
f 3241//865 3226//865 3243//865
f 3243//865 3226//865 3246//865
f 3246//865 3226//865 3247//865
f 3234//865 3226//865 3241//865
f 3228//865 3226//865 3232//865
f 3266//865 3272//865 3268//865
f 3268//865 3272//865 3270//865
f 3217//865 3216//865 3220//865
f 3220//865 3216//865 3222//865
f 3222//865 3216//865 3223//865
f 3272//865 3195//865 3273//865
f 3273//865 3195//865 3275//865
f 3272//865 3196//865 3195//865
f 3216//865 3212//865 3223//865
f 3214//865 3212//865 3216//865
f 3223//865 3212//865 3226//865
f 3272//865 3198//865 3196//865
f 3210//865 3207//865 3212//865
f 3198//865 3202//865 3200//865
f 3206//865 3204//865 3207//865
f 3212//865 3204//865 3226//865
f 3207//865 3204//865 3212//865
f 3272//865 3204//865 3198//865
f 3198//865 3204//865 3202//865
f 3247//865 3204//865 3250//865
f 3226//865 3204//865 3247//865
f 3250//865 3204//865 3266//865
f 3266//865 3204//865 3272//865
o TP4_Z_PLUS_Access_Overlay
v 28.472076 -11.627395 20.400000
v 28.500000 -12.000000 20.400000
v 28.500000 -12.000000 8.400000
v 28.472076 -11.627395 8.400000
v 28.388931 -11.263112 20.400000
v 28.388931 -11.263112 8.400000
v 28.252422 -10.915291 20.400000
v 28.252422 -10.915291 8.400000
v 28.065598 -10.591700 20.400000
v 28.065598 -10.591700 8.400000
v 27.832630 -10.299568 20.400000
v 27.832630 -10.299568 8.400000
v 27.558725 -10.045422 20.400000
v 27.558725 -10.045422 8.400000
v 27.250000 -9.834936 8.400000
v 27.250000 -9.834936 20.400000
v 26.913353 -9.672815 20.400000
v 26.913353 -9.672815 8.400000
v 26.556303 -9.562680 20.400000
v 26.556303 -9.562680 8.400000
v 26.186825 -9.506990 20.400000
v 26.186825 -9.506990 8.400000
v 25.813175 -9.506990 20.400000
v 25.813175 -9.506990 8.400000
v 25.443697 -9.562680 8.400000
v 25.443697 -9.562680 20.400000
v 25.086647 -9.672815 20.400000
v 25.086647 -9.672815 8.400000
v 24.750000 -9.834936 20.400000
v 24.750000 -9.834936 8.400000
v 24.441275 -10.045422 8.400000
v 24.441275 -10.045422 20.400000
v 24.167370 -10.299568 20.400000
v 24.167370 -10.299568 8.400000
v 23.934402 -10.591700 20.400000
v 23.934402 -10.591700 8.400000
v 23.747578 -10.915291 20.400000
v 23.747578 -10.915291 8.400000
v 23.611069 -11.263112 20.400000
v 23.611069 -11.263112 8.400000
v 23.527924 -11.627395 20.400000
v 23.527924 -11.627395 8.400000
v 23.500000 -12.000000 20.400000
v 23.500000 -12.000000 8.400000
v 23.527924 -12.372605 20.400000
v 23.527924 -12.372605 8.400000
v 23.611069 -12.736888 8.400000
v 23.611069 -12.736888 20.400000
v 23.747578 -13.084709 8.400000
v 23.747578 -13.084709 20.400000
v 23.934402 -13.408300 8.400000
v 23.934402 -13.408300 20.400000
v 24.167370 -13.700432 20.400000
v 24.167370 -13.700432 8.400000
v 24.441275 -13.954578 8.400000
v 24.441275 -13.954578 20.400000
v 24.750000 -14.165064 20.400000
v 24.750000 -14.165064 8.400000
v 25.086647 -14.327185 8.400000
v 25.086647 -14.327185 20.400000
v 25.443697 -14.437320 20.400000
v 25.443697 -14.437320 8.400000
v 25.813175 -14.493010 8.400000
v 25.813175 -14.493010 20.400000
v 26.186825 -14.493010 8.400000
v 26.186825 -14.493010 20.400000
v 26.556303 -14.437320 20.400000
v 26.556303 -14.437320 8.400000
v 26.913353 -14.327185 8.400000
v 26.913353 -14.327185 20.400000
v 27.250000 -14.165064 8.400000
v 27.250000 -14.165064 20.400000
v 27.558725 -13.954578 20.400000
v 27.558725 -13.954578 8.400000
v 27.832630 -13.700432 20.400000
v 27.832630 -13.700432 8.400000
v 28.065598 -13.408300 20.400000
v 28.065598 -13.408300 8.400000
v 28.252422 -13.084709 20.400000
v 28.252422 -13.084709 8.400000
v 28.388931 -12.736888 8.400000
v 28.388931 -12.736888 20.400000
v 28.472076 -12.372605 8.400000
v 28.472076 -12.372605 20.400000
vn 0.9972 0.0747 -0.0000
vn 0.9749 0.2225 -0.0000
vn 0.9309 0.3653 -0.0000
vn 0.8660 0.5000 -0.0000
vn 0.7818 0.6235 -0.0000
vn 0.6802 0.7331 -0.0000
vn 0.5633 0.8262 -0.0000
vn 0.4339 0.9010 -0.0000
vn 0.2948 0.9556 -0.0000
vn 0.1490 0.9888 -0.0000
vn -0.0000 1.0000 -0.0000
vn -0.1490 0.9888 -0.0000
vn -0.2948 0.9556 -0.0000
vn -0.4339 0.9010 -0.0000
vn -0.5633 0.8262 -0.0000
vn -0.6802 0.7331 -0.0000
vn -0.7818 0.6235 -0.0000
vn -0.8660 0.5000 -0.0000
vn -0.9309 0.3653 -0.0000
vn -0.9749 0.2225 -0.0000
vn -0.9972 0.0747 -0.0000
vn -0.9972 -0.0747 -0.0000
vn -0.9749 -0.2225 -0.0000
vn -0.9309 -0.3653 -0.0000
vn -0.8660 -0.5000 -0.0000
vn -0.7818 -0.6235 -0.0000
vn -0.6802 -0.7331 -0.0000
vn -0.5633 -0.8262 -0.0000
vn -0.4339 -0.9010 -0.0000
vn -0.2948 -0.9556 -0.0000
vn -0.1490 -0.9888 -0.0000
vn -0.0000 -1.0000 -0.0000
vn 0.1490 -0.9888 -0.0000
vn 0.2948 -0.9556 -0.0000
vn 0.4339 -0.9010 -0.0000
vn 0.5633 -0.8262 -0.0000
vn 0.6802 -0.7331 -0.0000
vn 0.7818 -0.6235 -0.0000
vn 0.8660 -0.5000 -0.0000
vn 0.9309 -0.3653 -0.0000
vn 0.9749 -0.2225 -0.0000
vn 0.9972 -0.0747 -0.0000
vn -0.0000 -0.0000 1.0000
vn -0.0000 -0.0000 -1.0000
s 0
usemtl tp4_access_magenta
f 3277//866 3278//866 3279//866
f 3277//866 3279//866 3280//866
f 3281//867 3280//867 3282//867
f 3281//867 3277//867 3280//867
f 3283//868 3282//868 3284//868
f 3283//868 3281//868 3282//868
f 3285//869 3283//869 3284//869
f 3285//869 3284//869 3286//869
f 3287//870 3285//870 3286//870
f 3287//870 3286//870 3288//870
f 3289//871 3287//871 3288//871
f 3289//871 3288//871 3290//871
f 3289//872 3290//872 3291//872
f 3292//872 3289//872 3291//872
f 3293//873 3292//873 3291//873
f 3293//873 3291//873 3294//873
f 3295//874 3293//874 3294//874
f 3295//874 3294//874 3296//874
f 3297//875 3295//875 3296//875
f 3297//875 3296//875 3298//875
f 3299//876 3297//876 3298//876
f 3299//876 3298//876 3300//876
f 3299//877 3300//877 3301//877
f 3302//877 3299//877 3301//877
f 3303//878 3302//878 3301//878
f 3303//878 3301//878 3304//878
f 3305//879 3303//879 3304//879
f 3305//879 3304//879 3306//879
f 3305//880 3306//880 3307//880
f 3308//880 3305//880 3307//880
f 3309//881 3308//881 3307//881
f 3309//881 3307//881 3310//881
f 3311//882 3310//882 3312//882
f 3311//882 3309//882 3310//882
f 3313//883 3312//883 3314//883
f 3313//883 3311//883 3312//883
f 3315//884 3314//884 3316//884
f 3315//884 3313//884 3314//884
f 3317//885 3316//885 3318//885
f 3317//885 3315//885 3316//885
f 3319//886 3318//886 3320//886
f 3319//886 3317//886 3318//886
f 3321//887 3320//887 3322//887
f 3321//888 3322//888 3323//888
f 3321//887 3319//887 3320//887
f 3324//889 3323//889 3325//889
f 3324//888 3321//888 3323//888
f 3326//890 3325//890 3327//890
f 3326//889 3324//889 3325//889
f 3328//890 3326//890 3327//890
f 3329//891 3327//891 3330//891
f 3329//892 3330//892 3331//892
f 3329//891 3328//891 3327//891
f 3332//892 3329//892 3331//892
f 3333//893 3331//893 3334//893
f 3333//894 3334//894 3335//894
f 3333//893 3332//893 3331//893
f 3336//894 3333//894 3335//894
f 3337//895 3336//895 3335//895
f 3337//895 3335//895 3338//895
f 3337//896 3338//896 3339//896
f 3340//896 3337//896 3339//896
f 3340//897 3339//897 3341//897
f 3342//897 3340//897 3341//897
f 3343//898 3342//898 3341//898
f 3343//898 3341//898 3344//898
f 3343//899 3344//899 3345//899
f 3346//899 3343//899 3345//899
f 3346//900 3345//900 3347//900
f 3348//900 3346//900 3347//900
f 3349//901 3348//901 3347//901
f 3349//901 3347//901 3350//901
f 3351//902 3349//902 3350//902
f 3351//902 3350//902 3352//902
f 3353//903 3351//903 3352//903
f 3353//903 3352//903 3354//903
f 3355//904 3353//904 3354//904
f 3355//904 3354//904 3356//904
f 3355//905 3356//905 3357//905
f 3358//905 3355//905 3357//905
f 3358//906 3357//906 3359//906
f 3360//906 3358//906 3359//906
f 3278//907 3360//907 3359//907
f 3278//907 3359//907 3279//907
f 3336//908 3328//908 3329//908
f 3336//908 3329//908 3332//908
f 3336//908 3332//908 3333//908
f 3321//908 3324//908 3326//908
f 3321//908 3326//908 3328//908
f 3340//908 3336//908 3337//908
f 3315//908 3317//908 3319//908
f 3315//908 3319//908 3321//908
f 3346//908 3340//908 3342//908
f 3346//908 3342//908 3343//908
f 3346//908 3336//908 3340//908
f 3313//908 3315//908 3321//908
f 3311//908 3313//908 3321//908
f 3349//908 3346//908 3348//908
f 3308//908 3309//908 3311//908
f 3353//908 3349//908 3351//908
f 3353//908 3346//908 3349//908
f 3302//908 3303//908 3305//908
f 3302//908 3305//908 3308//908
f 3302//908 3308//908 3311//908
f 3360//908 3353//908 3355//908
f 3360//908 3355//908 3358//908
f 3360//908 3328//908 3336//908
f 3360//908 3321//908 3328//908
f 3360//908 3336//908 3346//908
f 3360//908 3346//908 3353//908
f 3295//908 3297//908 3299//908
f 3295//908 3299//908 3302//908
f 3281//908 3278//908 3277//908
f 3281//908 3360//908 3278//908
f 3285//908 3281//908 3283//908
f 3285//908 3302//908 3311//908
f 3285//908 3321//908 3360//908
f 3285//908 3295//908 3302//908
f 3285//908 3360//908 3281//908
f 3285//908 3311//908 3321//908
f 3289//908 3292//908 3293//908
f 3287//908 3293//908 3295//908
f 3287//908 3295//908 3285//908
f 3287//908 3289//908 3293//908
f 3320//909 3318//909 3322//909
f 3322//909 3318//909 3323//909
f 3323//909 3318//909 3325//909
f 3341//909 3345//909 3344//909
f 3314//909 3312//909 3316//909
f 3334//909 3350//909 3335//909
f 3335//909 3350//909 3338//909
f 3338//909 3350//909 3339//909
f 3339//909 3350//909 3341//909
f 3345//909 3350//909 3347//909
f 3341//909 3350//909 3345//909
f 3316//909 3310//909 3318//909
f 3325//909 3310//909 3327//909
f 3327//909 3310//909 3330//909
f 3330//909 3310//909 3331//909
f 3318//909 3310//909 3325//909
f 3312//909 3310//909 3316//909
f 3350//909 3356//909 3352//909
f 3352//909 3356//909 3354//909
f 3301//909 3300//909 3304//909
f 3304//909 3300//909 3306//909
f 3306//909 3300//909 3307//909
f 3356//909 3279//909 3357//909
f 3357//909 3279//909 3359//909
f 3356//909 3280//909 3279//909
f 3300//909 3296//909 3307//909
f 3298//909 3296//909 3300//909
f 3307//909 3296//909 3310//909
f 3356//909 3282//909 3280//909
f 3294//909 3291//909 3296//909
f 3282//909 3286//909 3284//909
f 3290//909 3288//909 3291//909
f 3296//909 3288//909 3310//909
f 3291//909 3288//909 3296//909
f 3356//909 3288//909 3282//909
f 3282//909 3288//909 3286//909
f 3331//909 3288//909 3334//909
f 3310//909 3288//909 3331//909
f 3334//909 3288//909 3350//909
f 3350//909 3288//909 3356//909
o J1_Y_PLUS_Access_Overlay
v -11.000000 38.500000 7.400000
v -11.000000 41.799999 13.400000
v -11.000000 41.799999 7.400000
v -11.000000 38.500000 13.400000
v 11.000000 41.799999 13.400000
v 11.000000 38.500000 13.400000
v 11.000000 41.799999 7.400000
v 11.000000 38.500000 7.400000
vn -1.0000 -0.0000 -0.0000
vn -0.0000 -0.0000 1.0000
vn -0.0000 1.0000 -0.0000
vn -0.0000 -0.0000 -1.0000
vn -0.0000 -1.0000 -0.0000
vn 1.0000 -0.0000 -0.0000
s 0
usemtl j1_access_lime
f 3361//910 3362//910 3363//910
f 3361//910 3364//910 3362//910
f 3365//911 3362//911 3364//911
f 3365//911 3364//911 3366//911
f 3365//912 3367//912 3363//912
f 3365//912 3363//912 3362//912
f 3363//913 3367//913 3361//913
f 3361//913 3367//913 3368//913
f 3368//914 3366//914 3361//914
f 3361//914 3366//914 3364//914
f 3365//915 3368//915 3367//915
f 3366//915 3368//915 3365//915
