ISO-10303-21;
HEADER;
FILE_DESCRIPTION(('Open CASCADE Model'),'2;1');
FILE_NAME('Open CASCADE Shape Model','2026-08-28T10:28:25',('Author'),(
    'Open CASCADE'),'Open CASCADE STEP processor 7.7','Open CASCADE 7.7'
  ,'Unknown');
FILE_SCHEMA(('AUTOMOTIVE_DESIGN { 1 0 10303 214 1 1 1 1 }'));
ENDSEC;
DATA;
#1 = APPLICATION_PROTOCOL_DEFINITION('international standard',
  'automotive_design',2000,#2);
#2 = APPLICATION_CONTEXT(
  'core data for automotive mechanical design processes');
#3 = SHAPE_DEFINITION_REPRESENTATION(#4,#10);
#4 = PRODUCT_DEFINITION_SHAPE('','',#5);
#5 = PRODUCT_DEFINITION('design','',#6,#9);
#6 = PRODUCT_DEFINITION_FORMATION('','',#7);
#7 = PRODUCT('Open CASCADE STEP translator 7.7 1',
  'Open CASCADE STEP translator 7.7 1','',(#8));
#8 = PRODUCT_CONTEXT('',#2,'mechanical');
#9 = PRODUCT_DEFINITION_CONTEXT('part definition',#2,'design');
#10 = ADVANCED_BREP_SHAPE_REPRESENTATION('',(#11,#15),#1853);
#11 = AXIS2_PLACEMENT_3D('',#12,#13,#14);
#12 = CARTESIAN_POINT('',(0.,0.,0.));
#13 = DIRECTION('',(0.,0.,1.));
#14 = DIRECTION('',(1.,0.,-0.));
#15 = MANIFOLD_SOLID_BREP('',#16);
#16 = CLOSED_SHELL('',(#17,#105,#454,#799,#827,#854,#1083,#1111,#1139,
    #1357,#1532,#1563,#1568,#1718,#1745,#1772,#1799,#1826));
#17 = ADVANCED_FACE('',(#18),#32,.T.);
#18 = FACE_BOUND('',#19,.F.);
#19 = EDGE_LOOP('',(#20,#50,#77,#78));
#20 = ORIENTED_EDGE('',*,*,#21,.T.);
#21 = EDGE_CURVE('',#22,#24,#26,.T.);
#22 = VERTEX_POINT('',#23);
#23 = CARTESIAN_POINT('',(85.,50.,50.));
#24 = VERTEX_POINT('',#25);
#25 = CARTESIAN_POINT('',(85.,50.,58.));
#26 = SEAM_CURVE('',#27,(#31,#43),.PCURVE_S1.);
#27 = LINE('',#28,#29);
#28 = CARTESIAN_POINT('',(85.,50.,50.));
#29 = VECTOR('',#30,1.);
#30 = DIRECTION('',(0.,0.,1.));
#31 = PCURVE('',#32,#37);
#32 = CYLINDRICAL_SURFACE('',#33,27.);
#33 = AXIS2_PLACEMENT_3D('',#34,#35,#36);
#34 = CARTESIAN_POINT('',(58.,50.,50.));
#35 = DIRECTION('',(-0.,-0.,-1.));
#36 = DIRECTION('',(1.,0.,0.));
#37 = DEFINITIONAL_REPRESENTATION('',(#38),#42);
#38 = LINE('',#39,#40);
#39 = CARTESIAN_POINT('',(-0.,0.));
#40 = VECTOR('',#41,1.);
#41 = DIRECTION('',(-0.,-1.));
#42 = ( GEOMETRIC_REPRESENTATION_CONTEXT(2) 
PARAMETRIC_REPRESENTATION_CONTEXT() REPRESENTATION_CONTEXT('2D SPACE',''
  ) );
#43 = PCURVE('',#32,#44);
#44 = DEFINITIONAL_REPRESENTATION('',(#45),#49);
#45 = LINE('',#46,#47);
#46 = CARTESIAN_POINT('',(-6.28318530718,0.));
#47 = VECTOR('',#48,1.);
#48 = DIRECTION('',(-0.,-1.));
#49 = ( GEOMETRIC_REPRESENTATION_CONTEXT(2) 
PARAMETRIC_REPRESENTATION_CONTEXT() REPRESENTATION_CONTEXT('2D SPACE',''
  ) );
#50 = ORIENTED_EDGE('',*,*,#51,.T.);
#51 = EDGE_CURVE('',#24,#24,#52,.T.);
#52 = SURFACE_CURVE('',#53,(#58,#65),.PCURVE_S1.);
#53 = CIRCLE('',#54,27.);
#54 = AXIS2_PLACEMENT_3D('',#55,#56,#57);
#55 = CARTESIAN_POINT('',(58.,50.,58.));
#56 = DIRECTION('',(0.,0.,1.));
#57 = DIRECTION('',(1.,0.,0.));
#58 = PCURVE('',#32,#59);
#59 = DEFINITIONAL_REPRESENTATION('',(#60),#64);
#60 = LINE('',#61,#62);
#61 = CARTESIAN_POINT('',(-0.,-8.));
#62 = VECTOR('',#63,1.);
#63 = DIRECTION('',(-1.,0.));
#64 = ( GEOMETRIC_REPRESENTATION_CONTEXT(2) 
PARAMETRIC_REPRESENTATION_CONTEXT() REPRESENTATION_CONTEXT('2D SPACE',''
  ) );
#65 = PCURVE('',#66,#71);
#66 = PLANE('',#67);
#67 = AXIS2_PLACEMENT_3D('',#68,#69,#70);
#68 = CARTESIAN_POINT('',(58.,50.,58.));
#69 = DIRECTION('',(0.,0.,1.));
#70 = DIRECTION('',(1.,0.,-0.));
#71 = DEFINITIONAL_REPRESENTATION('',(#72),#76);
#72 = CIRCLE('',#73,27.);
#73 = AXIS2_PLACEMENT_2D('',#74,#75);
#74 = CARTESIAN_POINT('',(-7.105427357601E-15,-7.105427357601E-15));
#75 = DIRECTION('',(1.,0.));
#76 = ( GEOMETRIC_REPRESENTATION_CONTEXT(2) 
PARAMETRIC_REPRESENTATION_CONTEXT() REPRESENTATION_CONTEXT('2D SPACE',''
  ) );
#77 = ORIENTED_EDGE('',*,*,#21,.F.);
#78 = ORIENTED_EDGE('',*,*,#79,.F.);
#79 = EDGE_CURVE('',#22,#22,#80,.T.);
#80 = SURFACE_CURVE('',#81,(#86,#93),.PCURVE_S1.);
#81 = CIRCLE('',#82,27.);
#82 = AXIS2_PLACEMENT_3D('',#83,#84,#85);
#83 = CARTESIAN_POINT('',(58.,50.,50.));
#84 = DIRECTION('',(0.,0.,1.));
#85 = DIRECTION('',(1.,0.,0.));
#86 = PCURVE('',#32,#87);
#87 = DEFINITIONAL_REPRESENTATION('',(#88),#92);
#88 = LINE('',#89,#90);
#89 = CARTESIAN_POINT('',(-0.,0.));
#90 = VECTOR('',#91,1.);
#91 = DIRECTION('',(-1.,0.));
#92 = ( GEOMETRIC_REPRESENTATION_CONTEXT(2) 
PARAMETRIC_REPRESENTATION_CONTEXT() REPRESENTATION_CONTEXT('2D SPACE',''
  ) );
#93 = PCURVE('',#94,#99);
#94 = PLANE('',#95);
#95 = AXIS2_PLACEMENT_3D('',#96,#97,#98);
#96 = CARTESIAN_POINT('',(58.,50.,50.));
#97 = DIRECTION('',(0.,0.,1.));
#98 = DIRECTION('',(1.,0.,-0.));
#99 = DEFINITIONAL_REPRESENTATION('',(#100),#104);
#100 = CIRCLE('',#101,27.);
#101 = AXIS2_PLACEMENT_2D('',#102,#103);
#102 = CARTESIAN_POINT('',(-7.105427357601E-15,-7.105427357601E-15));
#103 = DIRECTION('',(1.,0.));
#104 = ( GEOMETRIC_REPRESENTATION_CONTEXT(2) 
PARAMETRIC_REPRESENTATION_CONTEXT() REPRESENTATION_CONTEXT('2D SPACE',''
  ) );
#105 = ADVANCED_FACE('',(#106,#109,#172,#207,#332,#393),#94,.F.);
#106 = FACE_BOUND('',#107,.F.);
#107 = EDGE_LOOP('',(#108));
#108 = ORIENTED_EDGE('',*,*,#79,.T.);
#109 = FACE_BOUND('',#110,.F.);
#110 = EDGE_LOOP('',(#111,#146));
#111 = ORIENTED_EDGE('',*,*,#112,.T.);
#112 = EDGE_CURVE('',#113,#115,#117,.T.);
#113 = VERTEX_POINT('',#114);
#114 = CARTESIAN_POINT('',(61.,30.,50.));
#115 = VERTEX_POINT('',#116);
#116 = CARTESIAN_POINT('',(58.,33.,50.));
#117 = SURFACE_CURVE('',#118,(#123,#134),.PCURVE_S1.);
#118 = CIRCLE('',#119,3.);
#119 = AXIS2_PLACEMENT_3D('',#120,#121,#122);
#120 = CARTESIAN_POINT('',(58.,30.,50.));
#121 = DIRECTION('',(0.,0.,-1.));
#122 = DIRECTION('',(1.,0.,0.));
#123 = PCURVE('',#94,#124);
#124 = DEFINITIONAL_REPRESENTATION('',(#125),#133);
#125 = ( BOUNDED_CURVE() B_SPLINE_CURVE(2,(#126,#127,#128,#129,#130,#131
,#132),.UNSPECIFIED.,.T.,.F.) B_SPLINE_CURVE_WITH_KNOTS((1,2,2,2,2,1),(
    -2.094395102393,0.,2.094395102393,4.188790204786,6.28318530718,
8.377580409573),.UNSPECIFIED.) CURVE() GEOMETRIC_REPRESENTATION_ITEM() 
RATIONAL_B_SPLINE_CURVE((1.,0.5,1.,0.5,1.,0.5,1.)) REPRESENTATION_ITEM(
  '') );
#126 = CARTESIAN_POINT('',(3.,-20.));
#127 = CARTESIAN_POINT('',(3.,-25.1961524227));
#128 = CARTESIAN_POINT('',(-1.5,-22.59807621135));
#129 = CARTESIAN_POINT('',(-6.,-20.));
#130 = CARTESIAN_POINT('',(-1.5,-17.40192378864));
#131 = CARTESIAN_POINT('',(3.,-14.80384757729));
#132 = CARTESIAN_POINT('',(3.,-20.));
#133 = ( GEOMETRIC_REPRESENTATION_CONTEXT(2) 
PARAMETRIC_REPRESENTATION_CONTEXT() REPRESENTATION_CONTEXT('2D SPACE',''
  ) );
#134 = PCURVE('',#135,#140);
#135 = CYLINDRICAL_SURFACE('',#136,3.);
#136 = AXIS2_PLACEMENT_3D('',#137,#138,#139);
#137 = CARTESIAN_POINT('',(58.,30.,49.));
#138 = DIRECTION('',(-0.,-0.,-1.));
#139 = DIRECTION('',(1.,0.,0.));
#140 = DEFINITIONAL_REPRESENTATION('',(#141),#145);
#141 = LINE('',#142,#143);
#142 = CARTESIAN_POINT('',(-6.28318530718,-1.));
#143 = VECTOR('',#144,1.);
#144 = DIRECTION('',(1.,-0.));
#145 = ( GEOMETRIC_REPRESENTATION_CONTEXT(2) 
PARAMETRIC_REPRESENTATION_CONTEXT() REPRESENTATION_CONTEXT('2D SPACE',''
  ) );
#146 = ORIENTED_EDGE('',*,*,#147,.T.);
#147 = EDGE_CURVE('',#115,#113,#148,.T.);
#148 = SURFACE_CURVE('',#149,(#154,#165),.PCURVE_S1.);
#149 = CIRCLE('',#150,3.);
#150 = AXIS2_PLACEMENT_3D('',#151,#152,#153);
#151 = CARTESIAN_POINT('',(58.,30.,50.));
#152 = DIRECTION('',(0.,0.,-1.));
#153 = DIRECTION('',(1.,0.,0.));
#154 = PCURVE('',#94,#155);
#155 = DEFINITIONAL_REPRESENTATION('',(#156),#164);
#156 = ( BOUNDED_CURVE() B_SPLINE_CURVE(2,(#157,#158,#159,#160,#161,#162
,#163),.UNSPECIFIED.,.T.,.F.) B_SPLINE_CURVE_WITH_KNOTS((1,2,2,2,2,1),(
    -2.094395102393,0.,2.094395102393,4.188790204786,6.28318530718,
8.377580409573),.UNSPECIFIED.) CURVE() GEOMETRIC_REPRESENTATION_ITEM() 
RATIONAL_B_SPLINE_CURVE((1.,0.5,1.,0.5,1.,0.5,1.)) REPRESENTATION_ITEM(
  '') );
#157 = CARTESIAN_POINT('',(3.,-20.));
#158 = CARTESIAN_POINT('',(3.,-25.1961524227));
#159 = CARTESIAN_POINT('',(-1.5,-22.59807621135));
#160 = CARTESIAN_POINT('',(-6.,-20.));
#161 = CARTESIAN_POINT('',(-1.5,-17.40192378864));
#162 = CARTESIAN_POINT('',(3.,-14.80384757729));
#163 = CARTESIAN_POINT('',(3.,-20.));
#164 = ( GEOMETRIC_REPRESENTATION_CONTEXT(2) 
PARAMETRIC_REPRESENTATION_CONTEXT() REPRESENTATION_CONTEXT('2D SPACE',''
  ) );
#165 = PCURVE('',#135,#166);
#166 = DEFINITIONAL_REPRESENTATION('',(#167),#171);
#167 = LINE('',#168,#169);
#168 = CARTESIAN_POINT('',(-6.28318530718,-1.));
#169 = VECTOR('',#170,1.);
#170 = DIRECTION('',(1.,-0.));
#171 = ( GEOMETRIC_REPRESENTATION_CONTEXT(2) 
PARAMETRIC_REPRESENTATION_CONTEXT() REPRESENTATION_CONTEXT('2D SPACE',''
  ) );
#172 = FACE_BOUND('',#173,.F.);
#173 = EDGE_LOOP('',(#174));
#174 = ORIENTED_EDGE('',*,*,#175,.T.);
#175 = EDGE_CURVE('',#176,#176,#178,.T.);
#176 = VERTEX_POINT('',#177);
#177 = CARTESIAN_POINT('',(41.,50.,50.));
#178 = SURFACE_CURVE('',#179,(#184,#195),.PCURVE_S1.);
#179 = CIRCLE('',#180,3.);
#180 = AXIS2_PLACEMENT_3D('',#181,#182,#183);
#181 = CARTESIAN_POINT('',(38.,50.,50.));
#182 = DIRECTION('',(0.,0.,-1.));
#183 = DIRECTION('',(1.,0.,0.));
#184 = PCURVE('',#94,#185);
#185 = DEFINITIONAL_REPRESENTATION('',(#186),#194);
#186 = ( BOUNDED_CURVE() B_SPLINE_CURVE(2,(#187,#188,#189,#190,#191,#192
,#193),.UNSPECIFIED.,.T.,.F.) B_SPLINE_CURVE_WITH_KNOTS((1,2,2,2,2,1),(
    -2.094395102393,0.,2.094395102393,4.188790204786,6.28318530718,
8.377580409573),.UNSPECIFIED.) CURVE() GEOMETRIC_REPRESENTATION_ITEM() 
RATIONAL_B_SPLINE_CURVE((1.,0.5,1.,0.5,1.,0.5,1.)) REPRESENTATION_ITEM(
  '') );
#187 = CARTESIAN_POINT('',(-17.,-7.105427357601E-15));
#188 = CARTESIAN_POINT('',(-17.,-5.196152422707));
#189 = CARTESIAN_POINT('',(-21.5,-2.598076211353));
#190 = CARTESIAN_POINT('',(-26.,-7.840215437089E-15));
#191 = CARTESIAN_POINT('',(-21.5,2.598076211353));
#192 = CARTESIAN_POINT('',(-17.,5.196152422707));
#193 = CARTESIAN_POINT('',(-17.,-7.105427357601E-15));
#194 = ( GEOMETRIC_REPRESENTATION_CONTEXT(2) 
PARAMETRIC_REPRESENTATION_CONTEXT() REPRESENTATION_CONTEXT('2D SPACE',''
  ) );
#195 = PCURVE('',#196,#201);
#196 = CYLINDRICAL_SURFACE('',#197,3.);
#197 = AXIS2_PLACEMENT_3D('',#198,#199,#200);
#198 = CARTESIAN_POINT('',(38.,50.,49.));
#199 = DIRECTION('',(-0.,-0.,-1.));
#200 = DIRECTION('',(1.,0.,0.));
#201 = DEFINITIONAL_REPRESENTATION('',(#202),#206);
#202 = LINE('',#203,#204);
#203 = CARTESIAN_POINT('',(-6.28318530718,-1.));
#204 = VECTOR('',#205,1.);
#205 = DIRECTION('',(1.,-0.));
#206 = ( GEOMETRIC_REPRESENTATION_CONTEXT(2) 
PARAMETRIC_REPRESENTATION_CONTEXT() REPRESENTATION_CONTEXT('2D SPACE',''
  ) );
#207 = FACE_BOUND('',#208,.F.);
#208 = EDGE_LOOP('',(#209,#262,#286,#310));
#209 = ORIENTED_EDGE('',*,*,#210,.F.);
#210 = EDGE_CURVE('',#176,#115,#211,.T.);
#211 = SURFACE_CURVE('',#212,(#217,#224),.PCURVE_S1.);
#212 = CIRCLE('',#213,17.);
#213 = AXIS2_PLACEMENT_3D('',#214,#215,#216);
#214 = CARTESIAN_POINT('',(58.,50.,50.));
#215 = DIRECTION('',(0.,0.,1.));
#216 = DIRECTION('',(1.,0.,0.));
#217 = PCURVE('',#94,#218);
#218 = DEFINITIONAL_REPRESENTATION('',(#219),#223);
#219 = CIRCLE('',#220,17.);
#220 = AXIS2_PLACEMENT_2D('',#221,#222);
#221 = CARTESIAN_POINT('',(-7.105427357601E-15,-7.105427357601E-15));
#222 = DIRECTION('',(1.,0.));
#223 = ( GEOMETRIC_REPRESENTATION_CONTEXT(2) 
PARAMETRIC_REPRESENTATION_CONTEXT() REPRESENTATION_CONTEXT('2D SPACE',''
  ) );
#224 = PCURVE('',#225,#256);
#225 = B_SPLINE_SURFACE_WITH_KNOTS('',14,1,(
    (#226,#227)
    ,(#228,#229)
    ,(#230,#231)
    ,(#232,#233)
    ,(#234,#235)
    ,(#236,#237)
    ,(#238,#239)
    ,(#240,#241)
    ,(#242,#243)
    ,(#244,#245)
    ,(#246,#247)
    ,(#248,#249)
    ,(#250,#251)
    ,(#252,#253)
    ,(#254,#255
    )),.UNSPECIFIED.,.T.,.F.,.F.,(15,15),(2,2),(0.,6.28318530718),(0.,1.
    ),.PIECEWISE_BEZIER_KNOTS.);
#226 = CARTESIAN_POINT('',(67.,50.,8.));
#227 = CARTESIAN_POINT('',(75.,50.,50.));
#228 = CARTESIAN_POINT('',(67.000000000005,57.629582158731,
    8.000000000001));
#229 = CARTESIAN_POINT('',(75.000000000005,57.629582158731,50.));
#230 = CARTESIAN_POINT('',(63.312455859592,65.259167133656,
    7.999999999994));
#231 = CARTESIAN_POINT('',(71.312455859592,65.259167133656,
    50.000000000006));
#232 = CARTESIAN_POINT('',(55.937362864681,70.957928891825,
    8.000000000015));
#233 = CARTESIAN_POINT('',(63.937362864678,70.957928891825,
    49.99999999997));
#234 = CARTESIAN_POINT('',(45.97761954944,72.795259128898,7.999999999975
    ));
#235 = CARTESIAN_POINT('',(53.977619549458,72.795259128898,
    50.000000000095));
#236 = CARTESIAN_POINT('',(35.638813773104,69.532606637368,
    8.000000000032));
#237 = CARTESIAN_POINT('',(43.638813773052,69.532606637368,
    49.999999999794));
#238 = CARTESIAN_POINT('',(27.746291071909,61.320049169282,7.99999999997
    ));
#239 = CARTESIAN_POINT('',(35.746291072009,61.320049169282,
    50.000000000332));
#240 = CARTESIAN_POINT('',(24.774913765017,50.000000000416,8.00000000002
    ));
#241 = CARTESIAN_POINT('',(32.774913764874,50.000000000416,
    49.999999999588));
#242 = CARTESIAN_POINT('',(27.74629107197,38.679950829947,7.999999999991
    ));
#243 = CARTESIAN_POINT('',(35.746291072128,38.679950829947,
    50.000000000404));
#244 = CARTESIAN_POINT('',(35.63881377301,30.46739336324,8.000000000002)
  );
#245 = CARTESIAN_POINT('',(43.638813772873,30.46739336324,
    49.999999999683));
#246 = CARTESIAN_POINT('',(45.977619549527,27.204740870706,
    8.000000000001));
#247 = CARTESIAN_POINT('',(53.977619549619,27.204740870706,50.0000000002
    ));
#248 = CARTESIAN_POINT('',(55.937362864625,29.042071108379,
    7.999999999998));
#249 = CARTESIAN_POINT('',(63.937362864578,29.042071108379,
    49.999999999902));
#250 = CARTESIAN_POINT('',(63.312455859617,34.740832866267,
    8.000000000001));
#251 = CARTESIAN_POINT('',(71.312455859633,34.740832866267,
    50.000000000035));
#252 = CARTESIAN_POINT('',(66.999999999999,42.370417841287,8.));
#253 = CARTESIAN_POINT('',(74.999999999995,42.370417841287,
    49.999999999992));
#254 = CARTESIAN_POINT('',(67.,50.,8.));
#255 = CARTESIAN_POINT('',(75.,50.,50.));
#256 = DEFINITIONAL_REPRESENTATION('',(#257),#261);
#257 = LINE('',#258,#259);
#258 = CARTESIAN_POINT('',(0.,1.));
#259 = VECTOR('',#260,1.);
#260 = DIRECTION('',(1.,0.));
#261 = ( GEOMETRIC_REPRESENTATION_CONTEXT(2) 
PARAMETRIC_REPRESENTATION_CONTEXT() REPRESENTATION_CONTEXT('2D SPACE',''
  ) );
#262 = ORIENTED_EDGE('',*,*,#263,.F.);
#263 = EDGE_CURVE('',#264,#176,#266,.T.);
#264 = VERTEX_POINT('',#265);
#265 = CARTESIAN_POINT('',(58.,67.,50.));
#266 = SURFACE_CURVE('',#267,(#272,#279),.PCURVE_S1.);
#267 = CIRCLE('',#268,17.);
#268 = AXIS2_PLACEMENT_3D('',#269,#270,#271);
#269 = CARTESIAN_POINT('',(58.,50.,50.));
#270 = DIRECTION('',(0.,0.,1.));
#271 = DIRECTION('',(1.,0.,0.));
#272 = PCURVE('',#94,#273);
#273 = DEFINITIONAL_REPRESENTATION('',(#274),#278);
#274 = CIRCLE('',#275,17.);
#275 = AXIS2_PLACEMENT_2D('',#276,#277);
#276 = CARTESIAN_POINT('',(-7.105427357601E-15,-7.105427357601E-15));
#277 = DIRECTION('',(1.,0.));
#278 = ( GEOMETRIC_REPRESENTATION_CONTEXT(2) 
PARAMETRIC_REPRESENTATION_CONTEXT() REPRESENTATION_CONTEXT('2D SPACE',''
  ) );
#279 = PCURVE('',#225,#280);
#280 = DEFINITIONAL_REPRESENTATION('',(#281),#285);
#281 = LINE('',#282,#283);
#282 = CARTESIAN_POINT('',(0.,1.));
#283 = VECTOR('',#284,1.);
#284 = DIRECTION('',(1.,0.));
#285 = ( GEOMETRIC_REPRESENTATION_CONTEXT(2) 
PARAMETRIC_REPRESENTATION_CONTEXT() REPRESENTATION_CONTEXT('2D SPACE',''
  ) );
#286 = ORIENTED_EDGE('',*,*,#287,.F.);
#287 = EDGE_CURVE('',#288,#264,#290,.T.);
#288 = VERTEX_POINT('',#289);
#289 = CARTESIAN_POINT('',(75.,50.,50.));
#290 = SURFACE_CURVE('',#291,(#296,#303),.PCURVE_S1.);
#291 = CIRCLE('',#292,17.);
#292 = AXIS2_PLACEMENT_3D('',#293,#294,#295);
#293 = CARTESIAN_POINT('',(58.,50.,50.));
#294 = DIRECTION('',(0.,0.,1.));
#295 = DIRECTION('',(1.,0.,0.));
#296 = PCURVE('',#94,#297);
#297 = DEFINITIONAL_REPRESENTATION('',(#298),#302);
#298 = CIRCLE('',#299,17.);
#299 = AXIS2_PLACEMENT_2D('',#300,#301);
#300 = CARTESIAN_POINT('',(-7.105427357601E-15,-7.105427357601E-15));
#301 = DIRECTION('',(1.,0.));
#302 = ( GEOMETRIC_REPRESENTATION_CONTEXT(2) 
PARAMETRIC_REPRESENTATION_CONTEXT() REPRESENTATION_CONTEXT('2D SPACE',''
  ) );
#303 = PCURVE('',#225,#304);
#304 = DEFINITIONAL_REPRESENTATION('',(#305),#309);
#305 = LINE('',#306,#307);
#306 = CARTESIAN_POINT('',(0.,1.));
#307 = VECTOR('',#308,1.);
#308 = DIRECTION('',(1.,0.));
#309 = ( GEOMETRIC_REPRESENTATION_CONTEXT(2) 
PARAMETRIC_REPRESENTATION_CONTEXT() REPRESENTATION_CONTEXT('2D SPACE',''
  ) );
#310 = ORIENTED_EDGE('',*,*,#311,.F.);
#311 = EDGE_CURVE('',#115,#288,#312,.T.);
#312 = SURFACE_CURVE('',#313,(#318,#325),.PCURVE_S1.);
#313 = CIRCLE('',#314,17.);
#314 = AXIS2_PLACEMENT_3D('',#315,#316,#317);
#315 = CARTESIAN_POINT('',(58.,50.,50.));
#316 = DIRECTION('',(0.,0.,1.));
#317 = DIRECTION('',(1.,0.,0.));
#318 = PCURVE('',#94,#319);
#319 = DEFINITIONAL_REPRESENTATION('',(#320),#324);
#320 = CIRCLE('',#321,17.);
#321 = AXIS2_PLACEMENT_2D('',#322,#323);
#322 = CARTESIAN_POINT('',(-7.105427357601E-15,-7.105427357601E-15));
#323 = DIRECTION('',(1.,0.));
#324 = ( GEOMETRIC_REPRESENTATION_CONTEXT(2) 
PARAMETRIC_REPRESENTATION_CONTEXT() REPRESENTATION_CONTEXT('2D SPACE',''
  ) );
#325 = PCURVE('',#225,#326);
#326 = DEFINITIONAL_REPRESENTATION('',(#327),#331);
#327 = LINE('',#328,#329);
#328 = CARTESIAN_POINT('',(0.,1.));
#329 = VECTOR('',#330,1.);
#330 = DIRECTION('',(1.,0.));
#331 = ( GEOMETRIC_REPRESENTATION_CONTEXT(2) 
PARAMETRIC_REPRESENTATION_CONTEXT() REPRESENTATION_CONTEXT('2D SPACE',''
  ) );
#332 = FACE_BOUND('',#333,.F.);
#333 = EDGE_LOOP('',(#334,#367));
#334 = ORIENTED_EDGE('',*,*,#335,.T.);
#335 = EDGE_CURVE('',#336,#288,#338,.T.);
#336 = VERTEX_POINT('',#337);
#337 = CARTESIAN_POINT('',(81.,50.,50.));
#338 = SURFACE_CURVE('',#339,(#344,#355),.PCURVE_S1.);
#339 = CIRCLE('',#340,3.);
#340 = AXIS2_PLACEMENT_3D('',#341,#342,#343);
#341 = CARTESIAN_POINT('',(78.,50.,50.));
#342 = DIRECTION('',(0.,0.,-1.));
#343 = DIRECTION('',(1.,0.,0.));
#344 = PCURVE('',#94,#345);
#345 = DEFINITIONAL_REPRESENTATION('',(#346),#354);
#346 = ( BOUNDED_CURVE() B_SPLINE_CURVE(2,(#347,#348,#349,#350,#351,#352
,#353),.UNSPECIFIED.,.T.,.F.) B_SPLINE_CURVE_WITH_KNOTS((1,2,2,2,2,1),(
    -2.094395102393,0.,2.094395102393,4.188790204786,6.28318530718,
8.377580409573),.UNSPECIFIED.) CURVE() GEOMETRIC_REPRESENTATION_ITEM() 
RATIONAL_B_SPLINE_CURVE((1.,0.5,1.,0.5,1.,0.5,1.)) REPRESENTATION_ITEM(
  '') );
#347 = CARTESIAN_POINT('',(23.,-7.105427357601E-15));
#348 = CARTESIAN_POINT('',(23.,-5.196152422707));
#349 = CARTESIAN_POINT('',(18.5,-2.598076211353));
#350 = CARTESIAN_POINT('',(14.,-7.840215437089E-15));
#351 = CARTESIAN_POINT('',(18.5,2.598076211353));
#352 = CARTESIAN_POINT('',(23.,5.196152422707));
#353 = CARTESIAN_POINT('',(23.,-7.105427357601E-15));
#354 = ( GEOMETRIC_REPRESENTATION_CONTEXT(2) 
PARAMETRIC_REPRESENTATION_CONTEXT() REPRESENTATION_CONTEXT('2D SPACE',''
  ) );
#355 = PCURVE('',#356,#361);
#356 = CYLINDRICAL_SURFACE('',#357,3.);
#357 = AXIS2_PLACEMENT_3D('',#358,#359,#360);
#358 = CARTESIAN_POINT('',(78.,50.,49.));
#359 = DIRECTION('',(-0.,-0.,-1.));
#360 = DIRECTION('',(1.,0.,0.));
#361 = DEFINITIONAL_REPRESENTATION('',(#362),#366);
#362 = LINE('',#363,#364);
#363 = CARTESIAN_POINT('',(-6.28318530718,-1.));
#364 = VECTOR('',#365,1.);
#365 = DIRECTION('',(1.,-0.));
#366 = ( GEOMETRIC_REPRESENTATION_CONTEXT(2) 
PARAMETRIC_REPRESENTATION_CONTEXT() REPRESENTATION_CONTEXT('2D SPACE',''
  ) );
#367 = ORIENTED_EDGE('',*,*,#368,.T.);
#368 = EDGE_CURVE('',#288,#336,#369,.T.);
#369 = SURFACE_CURVE('',#370,(#375,#386),.PCURVE_S1.);
#370 = CIRCLE('',#371,3.);
#371 = AXIS2_PLACEMENT_3D('',#372,#373,#374);
#372 = CARTESIAN_POINT('',(78.,50.,50.));
#373 = DIRECTION('',(0.,0.,-1.));
#374 = DIRECTION('',(1.,0.,0.));
#375 = PCURVE('',#94,#376);
#376 = DEFINITIONAL_REPRESENTATION('',(#377),#385);
#377 = ( BOUNDED_CURVE() B_SPLINE_CURVE(2,(#378,#379,#380,#381,#382,#383
,#384),.UNSPECIFIED.,.T.,.F.) B_SPLINE_CURVE_WITH_KNOTS((1,2,2,2,2,1),(
    -2.094395102393,0.,2.094395102393,4.188790204786,6.28318530718,
8.377580409573),.UNSPECIFIED.) CURVE() GEOMETRIC_REPRESENTATION_ITEM() 
RATIONAL_B_SPLINE_CURVE((1.,0.5,1.,0.5,1.,0.5,1.)) REPRESENTATION_ITEM(
  '') );
#378 = CARTESIAN_POINT('',(23.,-7.105427357601E-15));
#379 = CARTESIAN_POINT('',(23.,-5.196152422707));
#380 = CARTESIAN_POINT('',(18.5,-2.598076211353));
#381 = CARTESIAN_POINT('',(14.,-7.840215437089E-15));
#382 = CARTESIAN_POINT('',(18.5,2.598076211353));
#383 = CARTESIAN_POINT('',(23.,5.196152422707));
#384 = CARTESIAN_POINT('',(23.,-7.105427357601E-15));
#385 = ( GEOMETRIC_REPRESENTATION_CONTEXT(2) 
PARAMETRIC_REPRESENTATION_CONTEXT() REPRESENTATION_CONTEXT('2D SPACE',''
  ) );
#386 = PCURVE('',#356,#387);
#387 = DEFINITIONAL_REPRESENTATION('',(#388),#392);
#388 = LINE('',#389,#390);
#389 = CARTESIAN_POINT('',(-6.28318530718,-1.));
#390 = VECTOR('',#391,1.);
#391 = DIRECTION('',(1.,-0.));
#392 = ( GEOMETRIC_REPRESENTATION_CONTEXT(2) 
PARAMETRIC_REPRESENTATION_CONTEXT() REPRESENTATION_CONTEXT('2D SPACE',''
  ) );
#393 = FACE_BOUND('',#394,.F.);
#394 = EDGE_LOOP('',(#395,#428));
#395 = ORIENTED_EDGE('',*,*,#396,.T.);
#396 = EDGE_CURVE('',#397,#264,#399,.T.);
#397 = VERTEX_POINT('',#398);
#398 = CARTESIAN_POINT('',(61.,70.,50.));
#399 = SURFACE_CURVE('',#400,(#405,#416),.PCURVE_S1.);
#400 = CIRCLE('',#401,3.);
#401 = AXIS2_PLACEMENT_3D('',#402,#403,#404);
#402 = CARTESIAN_POINT('',(58.,70.,50.));
#403 = DIRECTION('',(0.,0.,-1.));
#404 = DIRECTION('',(1.,0.,0.));
#405 = PCURVE('',#94,#406);
#406 = DEFINITIONAL_REPRESENTATION('',(#407),#415);
#407 = ( BOUNDED_CURVE() B_SPLINE_CURVE(2,(#408,#409,#410,#411,#412,#413
,#414),.UNSPECIFIED.,.T.,.F.) B_SPLINE_CURVE_WITH_KNOTS((1,2,2,2,2,1),(
    -2.094395102393,0.,2.094395102393,4.188790204786,6.28318530718,
8.377580409573),.UNSPECIFIED.) CURVE() GEOMETRIC_REPRESENTATION_ITEM() 
RATIONAL_B_SPLINE_CURVE((1.,0.5,1.,0.5,1.,0.5,1.)) REPRESENTATION_ITEM(
  '') );
#408 = CARTESIAN_POINT('',(3.,20.));
#409 = CARTESIAN_POINT('',(3.,14.803847577293));
#410 = CARTESIAN_POINT('',(-1.5,17.401923788647));
#411 = CARTESIAN_POINT('',(-6.,20.));
#412 = CARTESIAN_POINT('',(-1.5,22.598076211353));
#413 = CARTESIAN_POINT('',(3.,25.196152422707));
#414 = CARTESIAN_POINT('',(3.,20.));
#415 = ( GEOMETRIC_REPRESENTATION_CONTEXT(2) 
PARAMETRIC_REPRESENTATION_CONTEXT() REPRESENTATION_CONTEXT('2D SPACE',''
  ) );
#416 = PCURVE('',#417,#422);
#417 = CYLINDRICAL_SURFACE('',#418,3.);
#418 = AXIS2_PLACEMENT_3D('',#419,#420,#421);
#419 = CARTESIAN_POINT('',(58.,70.,49.));
#420 = DIRECTION('',(-0.,-0.,-1.));
#421 = DIRECTION('',(1.,0.,0.));
#422 = DEFINITIONAL_REPRESENTATION('',(#423),#427);
#423 = LINE('',#424,#425);
#424 = CARTESIAN_POINT('',(-6.28318530718,-1.));
#425 = VECTOR('',#426,1.);
#426 = DIRECTION('',(1.,-0.));
#427 = ( GEOMETRIC_REPRESENTATION_CONTEXT(2) 
PARAMETRIC_REPRESENTATION_CONTEXT() REPRESENTATION_CONTEXT('2D SPACE',''
  ) );
#428 = ORIENTED_EDGE('',*,*,#429,.T.);
#429 = EDGE_CURVE('',#264,#397,#430,.T.);
#430 = SURFACE_CURVE('',#431,(#436,#447),.PCURVE_S1.);
#431 = CIRCLE('',#432,3.);
#432 = AXIS2_PLACEMENT_3D('',#433,#434,#435);
#433 = CARTESIAN_POINT('',(58.,70.,50.));
#434 = DIRECTION('',(0.,0.,-1.));
#435 = DIRECTION('',(1.,0.,0.));
#436 = PCURVE('',#94,#437);
#437 = DEFINITIONAL_REPRESENTATION('',(#438),#446);
#438 = ( BOUNDED_CURVE() B_SPLINE_CURVE(2,(#439,#440,#441,#442,#443,#444
,#445),.UNSPECIFIED.,.T.,.F.) B_SPLINE_CURVE_WITH_KNOTS((1,2,2,2,2,1),(
    -2.094395102393,0.,2.094395102393,4.188790204786,6.28318530718,
8.377580409573),.UNSPECIFIED.) CURVE() GEOMETRIC_REPRESENTATION_ITEM() 
RATIONAL_B_SPLINE_CURVE((1.,0.5,1.,0.5,1.,0.5,1.)) REPRESENTATION_ITEM(
  '') );
#439 = CARTESIAN_POINT('',(3.,20.));
#440 = CARTESIAN_POINT('',(3.,14.803847577293));
#441 = CARTESIAN_POINT('',(-1.5,17.401923788647));
#442 = CARTESIAN_POINT('',(-6.,20.));
#443 = CARTESIAN_POINT('',(-1.5,22.598076211353));
#444 = CARTESIAN_POINT('',(3.,25.196152422707));
#445 = CARTESIAN_POINT('',(3.,20.));
#446 = ( GEOMETRIC_REPRESENTATION_CONTEXT(2) 
PARAMETRIC_REPRESENTATION_CONTEXT() REPRESENTATION_CONTEXT('2D SPACE',''
  ) );
#447 = PCURVE('',#417,#448);
#448 = DEFINITIONAL_REPRESENTATION('',(#449),#453);
#449 = LINE('',#450,#451);
#450 = CARTESIAN_POINT('',(-6.28318530718,-1.));
#451 = VECTOR('',#452,1.);
#452 = DIRECTION('',(1.,-0.));
#453 = ( GEOMETRIC_REPRESENTATION_CONTEXT(2) 
PARAMETRIC_REPRESENTATION_CONTEXT() REPRESENTATION_CONTEXT('2D SPACE',''
  ) );
#454 = ADVANCED_FACE('',(#455,#458,#488,#709,#739,#769),#66,.T.);
#455 = FACE_BOUND('',#456,.T.);
#456 = EDGE_LOOP('',(#457));
#457 = ORIENTED_EDGE('',*,*,#51,.T.);
#458 = FACE_BOUND('',#459,.T.);
#459 = EDGE_LOOP('',(#460));
#460 = ORIENTED_EDGE('',*,*,#461,.T.);
#461 = EDGE_CURVE('',#462,#462,#464,.T.);
#462 = VERTEX_POINT('',#463);
#463 = CARTESIAN_POINT('',(61.,30.,58.));
#464 = SURFACE_CURVE('',#465,(#470,#481),.PCURVE_S1.);
#465 = CIRCLE('',#466,3.);
#466 = AXIS2_PLACEMENT_3D('',#467,#468,#469);
#467 = CARTESIAN_POINT('',(58.,30.,58.));
#468 = DIRECTION('',(0.,0.,-1.));
#469 = DIRECTION('',(1.,0.,0.));
#470 = PCURVE('',#66,#471);
#471 = DEFINITIONAL_REPRESENTATION('',(#472),#480);
#472 = ( BOUNDED_CURVE() B_SPLINE_CURVE(2,(#473,#474,#475,#476,#477,#478
,#479),.UNSPECIFIED.,.T.,.F.) B_SPLINE_CURVE_WITH_KNOTS((1,2,2,2,2,1),(
    -2.094395102393,0.,2.094395102393,4.188790204786,6.28318530718,
8.377580409573),.UNSPECIFIED.) CURVE() GEOMETRIC_REPRESENTATION_ITEM() 
RATIONAL_B_SPLINE_CURVE((1.,0.5,1.,0.5,1.,0.5,1.)) REPRESENTATION_ITEM(
  '') );
#473 = CARTESIAN_POINT('',(3.,-20.));
#474 = CARTESIAN_POINT('',(3.,-25.1961524227));
#475 = CARTESIAN_POINT('',(-1.5,-22.59807621135));
#476 = CARTESIAN_POINT('',(-6.,-20.));
#477 = CARTESIAN_POINT('',(-1.5,-17.40192378864));
#478 = CARTESIAN_POINT('',(3.,-14.80384757729));
#479 = CARTESIAN_POINT('',(3.,-20.));
#480 = ( GEOMETRIC_REPRESENTATION_CONTEXT(2) 
PARAMETRIC_REPRESENTATION_CONTEXT() REPRESENTATION_CONTEXT('2D SPACE',''
  ) );
#481 = PCURVE('',#135,#482);
#482 = DEFINITIONAL_REPRESENTATION('',(#483),#487);
#483 = LINE('',#484,#485);
#484 = CARTESIAN_POINT('',(-6.28318530718,-9.));
#485 = VECTOR('',#486,1.);
#486 = DIRECTION('',(1.,-0.));
#487 = ( GEOMETRIC_REPRESENTATION_CONTEXT(2) 
PARAMETRIC_REPRESENTATION_CONTEXT() REPRESENTATION_CONTEXT('2D SPACE',''
  ) );
#488 = FACE_BOUND('',#489,.T.);
#489 = EDGE_LOOP('',(#490));
#490 = ORIENTED_EDGE('',*,*,#491,.T.);
#491 = EDGE_CURVE('',#492,#492,#494,.T.);
#492 = VERTEX_POINT('',#493);
#493 = CARTESIAN_POINT('',(65.866666666667,50.,58.));
#494 = SURFACE_CURVE('',#495,(#554,#616),.PCURVE_S1.);
#495 = B_SPLINE_CURVE_WITH_KNOTS('',8,(#496,#497,#498,#499,#500,#501,
    #502,#503,#504,#505,#506,#507,#508,#509,#510,#511,#512,#513,#514,
    #515,#516,#517,#518,#519,#520,#521,#522,#523,#524,#525,#526,#527,
    #528,#529,#530,#531,#532,#533,#534,#535,#536,#537,#538,#539,#540,
    #541,#542,#543,#544,#545,#546,#547,#548,#549,#550,#551,#552,#553),
  .UNSPECIFIED.,.T.,.F.,(9,7,7,7,7,7,7,7,9),(0.,0.125000004861,
    0.250999003413,0.374999975799,0.499999980736,0.624999985672,
    0.749999990341,0.874999995142,1.),.UNSPECIFIED.);
#496 = CARTESIAN_POINT('',(65.866666666667,50.,58.));
#497 = CARTESIAN_POINT('',(65.866666694369,49.214799441775,58.));
#498 = CARTESIAN_POINT('',(65.778589325033,48.429072332935,58.));
#499 = CARTESIAN_POINT('',(65.602229566148,47.655164162889,58.));
#500 = CARTESIAN_POINT('',(65.339697975934,46.904569082238,58.));
#501 = CARTESIAN_POINT('',(64.99458494366,46.188180356541,58.));
#502 = CARTESIAN_POINT('',(64.57205441555,45.516239454928,58.));
#503 = CARTESIAN_POINT('',(64.078741572188,44.898366376199,58.));
#504 = CARTESIAN_POINT('',(62.963863015394,43.783487796227,58.));
#505 = CARTESIAN_POINT('',(62.340538073286,43.286722001282,58.));
#506 = CARTESIAN_POINT('',(61.662344809773,42.86195108321,58.));
#507 = CARTESIAN_POINT('',(60.939150266482,42.51595314758,58.));
#508 = CARTESIAN_POINT('',(60.18145610243,42.253990415552,58.));
#509 = CARTESIAN_POINT('',(59.400432126257,42.079697608434,58.));
#510 = CARTESIAN_POINT('',(58.607861723468,41.99518493885,58.));
#511 = CARTESIAN_POINT('',(57.037491846255,42.005051996931,58.));
#512 = CARTESIAN_POINT('',(56.258620941072,42.09662267696,58.));
#513 = CARTESIAN_POINT('',(55.491828048663,42.274989718808,58.));
#514 = CARTESIAN_POINT('',(54.748322771787,42.538043686865,58.));
#515 = CARTESIAN_POINT('',(54.038726523255,42.882239345345,58.));
#516 = CARTESIAN_POINT('',(53.373025002289,43.30251024285,58.));
#517 = CARTESIAN_POINT('',(52.760595576483,43.792362543428,58.));
#518 = CARTESIAN_POINT('',(51.654591757923,44.898366366853,58.));
#519 = CARTESIAN_POINT('',(51.161278909811,45.516239444581,58.));
#520 = CARTESIAN_POINT('',(50.738748384837,46.188180348335,58.));
#521 = CARTESIAN_POINT('',(50.393635355445,46.904569076388,58.));
#522 = CARTESIAN_POINT('',(50.131103789832,47.655164166703,58.));
#523 = CARTESIAN_POINT('',(49.954744020324,48.429072335932,58.));
#524 = CARTESIAN_POINT('',(49.866666639868,49.214799439813,58.));
#525 = CARTESIAN_POINT('',(49.866666639868,50.785200560185,58.));
#526 = CARTESIAN_POINT('',(49.954744020319,51.570927664064,58.));
#527 = CARTESIAN_POINT('',(50.131103789846,52.344835833305,58.));
#528 = CARTESIAN_POINT('',(50.393635355421,53.095430923593,58.));
#529 = CARTESIAN_POINT('',(50.738748384858,53.811819651681,58.));
#530 = CARTESIAN_POINT('',(51.161278909798,54.483760555407,58.));
#531 = CARTESIAN_POINT('',(51.654591757925,55.101633633148,58.));
#532 = CARTESIAN_POINT('',(52.76503303451,56.212074917589,58.));
#533 = CARTESIAN_POINT('',(53.382906108883,56.705387770772,58.));
#534 = CARTESIAN_POINT('',(54.054847011502,57.127918297792,58.));
#535 = CARTESIAN_POINT('',(54.771235740371,57.473031323664,58.));
#536 = CARTESIAN_POINT('',(55.521830832921,57.73556288056,58.));
#537 = CARTESIAN_POINT('',(56.295739003649,57.911922641044,58.));
#538 = CARTESIAN_POINT('',(57.08146610735,58.000000016264,58.));
#539 = CARTESIAN_POINT('',(58.651867225687,58.000000015645,58.));
#540 = CARTESIAN_POINT('',(59.437594329649,57.911922639618,58.));
#541 = CARTESIAN_POINT('',(60.211502501325,57.735562879573,58.));
#542 = CARTESIAN_POINT('',(60.962097595738,57.473031325036,58.));
#543 = CARTESIAN_POINT('',(61.678486326804,57.127918301787,58.));
#544 = CARTESIAN_POINT('',(62.350427229195,56.705387772472,58.));
#545 = CARTESIAN_POINT('',(62.968300301643,56.212074914272,58.));
#546 = CARTESIAN_POINT('',(64.078741572189,55.101633623801,58.));
#547 = CARTESIAN_POINT('',(64.572054415543,54.483760545081,58.));
#548 = CARTESIAN_POINT('',(64.994584943675,53.811819643433,58.));
#549 = CARTESIAN_POINT('',(65.339697975913,53.095430917807,58.));
#550 = CARTESIAN_POINT('',(65.602229566165,52.344835837069,58.));
#551 = CARTESIAN_POINT('',(65.778589325027,51.570927667088,58.));
#552 = CARTESIAN_POINT('',(65.866666694372,50.785200558219,58.));
#553 = CARTESIAN_POINT('',(65.866666666667,50.,58.));
#554 = PCURVE('',#66,#555);
#555 = DEFINITIONAL_REPRESENTATION('',(#556),#615);
#556 = B_SPLINE_CURVE_WITH_KNOTS('',8,(#557,#558,#559,#560,#561,#562,
    #563,#564,#565,#566,#567,#568,#569,#570,#571,#572,#573,#574,#575,
    #576,#577,#578,#579,#580,#581,#582,#583,#584,#585,#586,#587,#588,
    #589,#590,#591,#592,#593,#594,#595,#596,#597,#598,#599,#600,#601,
    #602,#603,#604,#605,#606,#607,#608,#609,#610,#611,#612,#613,#614),
  .UNSPECIFIED.,.F.,.F.,(9,7,7,7,7,7,7,7,9),(0.,0.125000004861,
    0.250999003413,0.374999975799,0.499999980736,0.624999985672,
    0.749999990341,0.874999995142,1.),.UNSPECIFIED.);
#557 = CARTESIAN_POINT('',(7.866666666667,-7.815970093361E-14));
#558 = CARTESIAN_POINT('',(7.866666694369,-0.785200558225));
#559 = CARTESIAN_POINT('',(7.778589325033,-1.570927667065));
#560 = CARTESIAN_POINT('',(7.602229566148,-2.344835837111));
#561 = CARTESIAN_POINT('',(7.339697975934,-3.095430917762));
#562 = CARTESIAN_POINT('',(6.99458494366,-3.811819643459));
#563 = CARTESIAN_POINT('',(6.57205441555,-4.483760545072));
#564 = CARTESIAN_POINT('',(6.078741572188,-5.101633623801));
#565 = CARTESIAN_POINT('',(4.963863015394,-6.216512203773));
#566 = CARTESIAN_POINT('',(4.340538073286,-6.713277998718));
#567 = CARTESIAN_POINT('',(3.662344809773,-7.13804891679));
#568 = CARTESIAN_POINT('',(2.939150266482,-7.48404685242));
#569 = CARTESIAN_POINT('',(2.18145610243,-7.746009584448));
#570 = CARTESIAN_POINT('',(1.400432126257,-7.920302391566));
#571 = CARTESIAN_POINT('',(0.607861723468,-8.00481506115));
#572 = CARTESIAN_POINT('',(-0.962508153745,-7.994948003069));
#573 = CARTESIAN_POINT('',(-1.741379058928,-7.90337732304));
#574 = CARTESIAN_POINT('',(-2.508171951337,-7.725010281192));
#575 = CARTESIAN_POINT('',(-3.251677228213,-7.461956313135));
#576 = CARTESIAN_POINT('',(-3.961273476745,-7.117760654655));
#577 = CARTESIAN_POINT('',(-4.626974997711,-6.69748975715));
#578 = CARTESIAN_POINT('',(-5.239404423517,-6.207637456572));
#579 = CARTESIAN_POINT('',(-6.345408242077,-5.101633633147));
#580 = CARTESIAN_POINT('',(-6.838721090189,-4.483760555419));
#581 = CARTESIAN_POINT('',(-7.261251615163,-3.811819651665));
#582 = CARTESIAN_POINT('',(-7.606364644555,-3.095430923612));
#583 = CARTESIAN_POINT('',(-7.868896210168,-2.344835833297));
#584 = CARTESIAN_POINT('',(-8.045255979676,-1.570927664068));
#585 = CARTESIAN_POINT('',(-8.133333360132,-0.785200560187));
#586 = CARTESIAN_POINT('',(-8.133333360132,0.785200560185));
#587 = CARTESIAN_POINT('',(-8.045255979681,1.570927664064));
#588 = CARTESIAN_POINT('',(-7.868896210154,2.344835833304));
#589 = CARTESIAN_POINT('',(-7.606364644579,3.095430923593));
#590 = CARTESIAN_POINT('',(-7.261251615142,3.811819651681));
#591 = CARTESIAN_POINT('',(-6.838721090202,4.483760555407));
#592 = CARTESIAN_POINT('',(-6.345408242075,5.101633633148));
#593 = CARTESIAN_POINT('',(-5.23496696549,6.212074917589));
#594 = CARTESIAN_POINT('',(-4.617093891117,6.705387770772));
#595 = CARTESIAN_POINT('',(-3.945152988498,7.127918297792));
#596 = CARTESIAN_POINT('',(-3.228764259629,7.473031323664));
#597 = CARTESIAN_POINT('',(-2.478169167079,7.73556288056));
#598 = CARTESIAN_POINT('',(-1.704260996351,7.911922641044));
#599 = CARTESIAN_POINT('',(-0.91853389265,8.000000016264));
#600 = CARTESIAN_POINT('',(0.651867225687,8.000000015645));
#601 = CARTESIAN_POINT('',(1.437594329649,7.911922639618));
#602 = CARTESIAN_POINT('',(2.211502501325,7.735562879573));
#603 = CARTESIAN_POINT('',(2.962097595738,7.473031325036));
#604 = CARTESIAN_POINT('',(3.678486326804,7.127918301787));
#605 = CARTESIAN_POINT('',(4.350427229195,6.705387772472));
#606 = CARTESIAN_POINT('',(4.968300301643,6.212074914272));
#607 = CARTESIAN_POINT('',(6.078741572189,5.101633623801));
#608 = CARTESIAN_POINT('',(6.572054415543,4.483760545081));
#609 = CARTESIAN_POINT('',(6.994584943675,3.811819643433));
#610 = CARTESIAN_POINT('',(7.339697975913,3.095430917807));
#611 = CARTESIAN_POINT('',(7.602229566165,2.344835837069));
#612 = CARTESIAN_POINT('',(7.778589325027,1.570927667088));
#613 = CARTESIAN_POINT('',(7.866666694372,0.785200558219));
#614 = CARTESIAN_POINT('',(7.866666666667,-2.13162820728E-14));
#615 = ( GEOMETRIC_REPRESENTATION_CONTEXT(2) 
PARAMETRIC_REPRESENTATION_CONTEXT() REPRESENTATION_CONTEXT('2D SPACE',''
  ) );
#616 = PCURVE('',#617,#648);
#617 = B_SPLINE_SURFACE_WITH_KNOTS('',14,1,(
    (#618,#619)
    ,(#620,#621)
    ,(#622,#623)
    ,(#624,#625)
    ,(#626,#627)
    ,(#628,#629)
    ,(#630,#631)
    ,(#632,#633)
    ,(#634,#635)
    ,(#636,#637)
    ,(#638,#639)
    ,(#640,#641)
    ,(#642,#643)
    ,(#644,#645)
    ,(#646,#647
    )),.UNSPECIFIED.,.T.,.F.,.F.,(15,15),(2,2),(0.,6.28318530718),(0.,1.
    ),.PIECEWISE_BEZIER_KNOTS.);
#618 = CARTESIAN_POINT('',(58.,50.,-1.));
#619 = CARTESIAN_POINT('',(66.,50.,59.));
#620 = CARTESIAN_POINT('',(58.000000000009,53.59039160411,-1.));
#621 = CARTESIAN_POINT('',(66.000000000012,53.59039160411,
    59.000000000006));
#622 = CARTESIAN_POINT('',(56.26468511037,57.18078453348,-0.999999999999
    ));
#623 = CARTESIAN_POINT('',(64.264685110353,57.18078453348,
    58.999999999976));
#624 = CARTESIAN_POINT('',(52.794053112855,59.862554772628,
    -1.000000000002));
#625 = CARTESIAN_POINT('',(60.794053112903,59.862554772628,
    59.000000000051));
#626 = CARTESIAN_POINT('',(48.107115081982,60.727180766557,
    -0.999999999997));
#627 = CARTESIAN_POINT('',(56.107115081879,60.727180766557,
    58.999999999932));
#628 = CARTESIAN_POINT('',(43.241794716885,59.191814888106,
    -1.000000000004));
#629 = CARTESIAN_POINT('',(51.241794717062,59.191814888106,
    59.000000000045));
#630 = CARTESIAN_POINT('',(39.527666386664,55.327081962152,
    -0.999999999996));
#631 = CARTESIAN_POINT('',(47.527666386415,55.327081962152,
    59.000000000026));
#632 = CARTESIAN_POINT('',(38.129371183611,50.000000000004,
    -1.000000000003));
#633 = CARTESIAN_POINT('',(46.129371183899,50.000000000004,
    58.99999999989));
#634 = CARTESIAN_POINT('',(39.52766638678,44.672918037823,
    -0.999999999999));
#635 = CARTESIAN_POINT('',(47.527666386509,44.672918037823,
    59.000000000161));
#636 = CARTESIAN_POINT('',(43.241794716715,40.808185111947,-1.));
#637 = CARTESIAN_POINT('',(51.241794716921,40.808185111947,
    58.999999999843));
#638 = CARTESIAN_POINT('',(48.107115082134,39.272819233381,-1.));
#639 = CARTESIAN_POINT('',(56.107115082009,39.272819233381,
    59.000000000113));
#640 = CARTESIAN_POINT('',(52.794053112762,40.137445227418,-1.));
#641 = CARTESIAN_POINT('',(60.794053112821,40.137445227418,
    58.999999999939));
#642 = CARTESIAN_POINT('',(56.264685110408,42.819215466499,-1.));
#643 = CARTESIAN_POINT('',(64.264685110388,42.819215466499,
    59.000000000023));
#644 = CARTESIAN_POINT('',(57.999999999999,46.409608395895,-1.));
#645 = CARTESIAN_POINT('',(66.000000000004,46.409608395895,
    58.999999999995));
#646 = CARTESIAN_POINT('',(58.,50.,-1.));
#647 = CARTESIAN_POINT('',(66.,50.,59.));
#648 = DEFINITIONAL_REPRESENTATION('',(#649),#708);
#649 = B_SPLINE_CURVE_WITH_KNOTS('',8,(#650,#651,#652,#653,#654,#655,
    #656,#657,#658,#659,#660,#661,#662,#663,#664,#665,#666,#667,#668,
    #669,#670,#671,#672,#673,#674,#675,#676,#677,#678,#679,#680,#681,
    #682,#683,#684,#685,#686,#687,#688,#689,#690,#691,#692,#693,#694,
    #695,#696,#697,#698,#699,#700,#701,#702,#703,#704,#705,#706,#707),
  .UNSPECIFIED.,.F.,.F.,(9,7,7,7,7,7,7,7,9),(0.,0.125000004861,
    0.250999003413,0.374999975799,0.499999980736,0.624999985672,
    0.749999990341,0.874999995142,1.),.UNSPECIFIED.);
#650 = CARTESIAN_POINT('',(6.28318530718,0.983333333333));
#651 = CARTESIAN_POINT('',(6.185035216274,0.983333333333));
#652 = CARTESIAN_POINT('',(6.086819489653,0.983333333333));
#653 = CARTESIAN_POINT('',(5.988639586584,0.983333333333));
#654 = CARTESIAN_POINT('',(5.89048622484,0.983333333333));
#655 = CARTESIAN_POINT('',(5.792332862777,0.983333333333));
#656 = CARTESIAN_POINT('',(5.694152967332,0.983333333333));
#657 = CARTESIAN_POINT('',(5.595937234127,0.983333333333));
#658 = CARTESIAN_POINT('',(5.3988526429,0.983333333333));
#659 = CARTESIAN_POINT('',(5.299849838792,0.983333333333));
#660 = CARTESIAN_POINT('',(5.200884420108,0.983333333333));
#661 = CARTESIAN_POINT('',(5.101946470213,0.983333333333));
#662 = CARTESIAN_POINT('',(5.00300852029,0.983333333333));
#663 = CARTESIAN_POINT('',(4.904043101353,0.983333333333));
#664 = CARTESIAN_POINT('',(4.805040296838,0.983333333333));
#665 = CARTESIAN_POINT('',(4.608740144859,0.983333333333));
#666 = CARTESIAN_POINT('',(4.511311427854,0.983333333333));
#667 = CARTESIAN_POINT('',(4.413917053832,0.983333333333));
#668 = CARTESIAN_POINT('',(4.316548305486,0.983333333333));
#669 = CARTESIAN_POINT('',(4.219179557184,0.983333333333));
#670 = CARTESIAN_POINT('',(4.121785183436,0.983333333333));
#671 = CARTESIAN_POINT('',(4.024356466706,0.983333333333));
#672 = CARTESIAN_POINT('',(3.828840726215,0.983333333333));
#673 = CARTESIAN_POINT('',(3.730624992568,0.983333333333));
#674 = CARTESIAN_POINT('',(3.632445096866,0.983333333333));
#675 = CARTESIAN_POINT('',(3.534291737163,0.983333333333));
#676 = CARTESIAN_POINT('',(3.436138377073,0.983333333333));
#677 = CARTESIAN_POINT('',(3.337958480329,0.983333333333));
#678 = CARTESIAN_POINT('',(3.239742745408,0.983333333333));
#679 = CARTESIAN_POINT('',(3.043442561773,0.983333333333));
#680 = CARTESIAN_POINT('',(2.945226826848,0.983333333333));
#681 = CARTESIAN_POINT('',(2.847046930112,0.983333333333));
#682 = CARTESIAN_POINT('',(2.748893570012,0.983333333333));
#683 = CARTESIAN_POINT('',(2.650740210317,0.983333333333));
#684 = CARTESIAN_POINT('',(2.55256031461,0.983333333333));
#685 = CARTESIAN_POINT('',(2.454344580965,0.983333333333));
#686 = CARTESIAN_POINT('',(2.25804439963,0.983333333333));
#687 = CARTESIAN_POINT('',(2.159828665569,0.983333333333));
#688 = CARTESIAN_POINT('',(2.061648769249,0.983333333333));
#689 = CARTESIAN_POINT('',(1.963495409056,0.983333333333));
#690 = CARTESIAN_POINT('',(1.865342048742,0.983333333333));
#691 = CARTESIAN_POINT('',(1.767162152204,0.983333333333));
#692 = CARTESIAN_POINT('',(1.668946417857,0.983333333333));
#693 = CARTESIAN_POINT('',(1.472646235629,0.983333333333));
#694 = CARTESIAN_POINT('',(1.374430501298,0.983333333333));
#695 = CARTESIAN_POINT('',(1.276250604721,0.983333333333));
#696 = CARTESIAN_POINT('',(1.178097244306,0.983333333333));
#697 = CARTESIAN_POINT('',(1.079943883924,0.983333333333));
#698 = CARTESIAN_POINT('',(0.981763987611,0.983333333333));
#699 = CARTESIAN_POINT('',(0.883548253695,0.983333333333));
#700 = CARTESIAN_POINT('',(0.687248073055,0.983333333333));
#701 = CARTESIAN_POINT('',(0.589032339837,0.983333333333));
#702 = CARTESIAN_POINT('',(0.490852444426,0.983333333333));
#703 = CARTESIAN_POINT('',(0.39269908231,0.983333333333));
#704 = CARTESIAN_POINT('',(0.294545720618,0.983333333333));
#705 = CARTESIAN_POINT('',(0.196365817518,0.983333333333));
#706 = CARTESIAN_POINT('',(9.815009090727E-02,0.983333333333));
#707 = CARTESIAN_POINT('',(0.,0.983333333333));
#708 = ( GEOMETRIC_REPRESENTATION_CONTEXT(2) 
PARAMETRIC_REPRESENTATION_CONTEXT() REPRESENTATION_CONTEXT('2D SPACE',''
  ) );
#709 = FACE_BOUND('',#710,.T.);
#710 = EDGE_LOOP('',(#711));
#711 = ORIENTED_EDGE('',*,*,#712,.T.);
#712 = EDGE_CURVE('',#713,#713,#715,.T.);
#713 = VERTEX_POINT('',#714);
#714 = CARTESIAN_POINT('',(41.,50.,58.));
#715 = SURFACE_CURVE('',#716,(#721,#732),.PCURVE_S1.);
#716 = CIRCLE('',#717,3.);
#717 = AXIS2_PLACEMENT_3D('',#718,#719,#720);
#718 = CARTESIAN_POINT('',(38.,50.,58.));
#719 = DIRECTION('',(0.,0.,-1.));
#720 = DIRECTION('',(1.,0.,0.));
#721 = PCURVE('',#66,#722);
#722 = DEFINITIONAL_REPRESENTATION('',(#723),#731);
#723 = ( BOUNDED_CURVE() B_SPLINE_CURVE(2,(#724,#725,#726,#727,#728,#729
,#730),.UNSPECIFIED.,.T.,.F.) B_SPLINE_CURVE_WITH_KNOTS((1,2,2,2,2,1),(
    -2.094395102393,0.,2.094395102393,4.188790204786,6.28318530718,
8.377580409573),.UNSPECIFIED.) CURVE() GEOMETRIC_REPRESENTATION_ITEM() 
RATIONAL_B_SPLINE_CURVE((1.,0.5,1.,0.5,1.,0.5,1.)) REPRESENTATION_ITEM(
  '') );
#724 = CARTESIAN_POINT('',(-17.,-7.105427357601E-15));
#725 = CARTESIAN_POINT('',(-17.,-5.196152422707));
#726 = CARTESIAN_POINT('',(-21.5,-2.598076211353));
#727 = CARTESIAN_POINT('',(-26.,-7.840215437089E-15));
#728 = CARTESIAN_POINT('',(-21.5,2.598076211353));
#729 = CARTESIAN_POINT('',(-17.,5.196152422707));
#730 = CARTESIAN_POINT('',(-17.,-7.105427357601E-15));
#731 = ( GEOMETRIC_REPRESENTATION_CONTEXT(2) 
PARAMETRIC_REPRESENTATION_CONTEXT() REPRESENTATION_CONTEXT('2D SPACE',''
  ) );
#732 = PCURVE('',#196,#733);
#733 = DEFINITIONAL_REPRESENTATION('',(#734),#738);
#734 = LINE('',#735,#736);
#735 = CARTESIAN_POINT('',(-6.28318530718,-9.));
#736 = VECTOR('',#737,1.);
#737 = DIRECTION('',(1.,-0.));
#738 = ( GEOMETRIC_REPRESENTATION_CONTEXT(2) 
PARAMETRIC_REPRESENTATION_CONTEXT() REPRESENTATION_CONTEXT('2D SPACE',''
  ) );
#739 = FACE_BOUND('',#740,.T.);
#740 = EDGE_LOOP('',(#741));
#741 = ORIENTED_EDGE('',*,*,#742,.T.);
#742 = EDGE_CURVE('',#743,#743,#745,.T.);
#743 = VERTEX_POINT('',#744);
#744 = CARTESIAN_POINT('',(81.,50.,58.));
#745 = SURFACE_CURVE('',#746,(#751,#762),.PCURVE_S1.);
#746 = CIRCLE('',#747,3.);
#747 = AXIS2_PLACEMENT_3D('',#748,#749,#750);
#748 = CARTESIAN_POINT('',(78.,50.,58.));
#749 = DIRECTION('',(0.,0.,-1.));
#750 = DIRECTION('',(1.,0.,0.));
#751 = PCURVE('',#66,#752);
#752 = DEFINITIONAL_REPRESENTATION('',(#753),#761);
#753 = ( BOUNDED_CURVE() B_SPLINE_CURVE(2,(#754,#755,#756,#757,#758,#759
,#760),.UNSPECIFIED.,.T.,.F.) B_SPLINE_CURVE_WITH_KNOTS((1,2,2,2,2,1),(
    -2.094395102393,0.,2.094395102393,4.188790204786,6.28318530718,
8.377580409573),.UNSPECIFIED.) CURVE() GEOMETRIC_REPRESENTATION_ITEM() 
RATIONAL_B_SPLINE_CURVE((1.,0.5,1.,0.5,1.,0.5,1.)) REPRESENTATION_ITEM(
  '') );
#754 = CARTESIAN_POINT('',(23.,-7.105427357601E-15));
#755 = CARTESIAN_POINT('',(23.,-5.196152422707));
#756 = CARTESIAN_POINT('',(18.5,-2.598076211353));
#757 = CARTESIAN_POINT('',(14.,-7.840215437089E-15));
#758 = CARTESIAN_POINT('',(18.5,2.598076211353));
#759 = CARTESIAN_POINT('',(23.,5.196152422707));
#760 = CARTESIAN_POINT('',(23.,-7.105427357601E-15));
#761 = ( GEOMETRIC_REPRESENTATION_CONTEXT(2) 
PARAMETRIC_REPRESENTATION_CONTEXT() REPRESENTATION_CONTEXT('2D SPACE',''
  ) );
#762 = PCURVE('',#356,#763);
#763 = DEFINITIONAL_REPRESENTATION('',(#764),#768);
#764 = LINE('',#765,#766);
#765 = CARTESIAN_POINT('',(-6.28318530718,-9.));
#766 = VECTOR('',#767,1.);
#767 = DIRECTION('',(1.,-0.));
#768 = ( GEOMETRIC_REPRESENTATION_CONTEXT(2) 
PARAMETRIC_REPRESENTATION_CONTEXT() REPRESENTATION_CONTEXT('2D SPACE',''
  ) );
#769 = FACE_BOUND('',#770,.T.);
#770 = EDGE_LOOP('',(#771));
#771 = ORIENTED_EDGE('',*,*,#772,.T.);
#772 = EDGE_CURVE('',#773,#773,#775,.T.);
#773 = VERTEX_POINT('',#774);
#774 = CARTESIAN_POINT('',(61.,70.,58.));
#775 = SURFACE_CURVE('',#776,(#781,#792),.PCURVE_S1.);
#776 = CIRCLE('',#777,3.);
#777 = AXIS2_PLACEMENT_3D('',#778,#779,#780);
#778 = CARTESIAN_POINT('',(58.,70.,58.));
#779 = DIRECTION('',(0.,0.,-1.));
#780 = DIRECTION('',(1.,0.,0.));
#781 = PCURVE('',#66,#782);
#782 = DEFINITIONAL_REPRESENTATION('',(#783),#791);
#783 = ( BOUNDED_CURVE() B_SPLINE_CURVE(2,(#784,#785,#786,#787,#788,#789
,#790),.UNSPECIFIED.,.T.,.F.) B_SPLINE_CURVE_WITH_KNOTS((1,2,2,2,2,1),(
    -2.094395102393,0.,2.094395102393,4.188790204786,6.28318530718,
8.377580409573),.UNSPECIFIED.) CURVE() GEOMETRIC_REPRESENTATION_ITEM() 
RATIONAL_B_SPLINE_CURVE((1.,0.5,1.,0.5,1.,0.5,1.)) REPRESENTATION_ITEM(
  '') );
#784 = CARTESIAN_POINT('',(3.,20.));
#785 = CARTESIAN_POINT('',(3.,14.803847577293));
#786 = CARTESIAN_POINT('',(-1.5,17.401923788647));
#787 = CARTESIAN_POINT('',(-6.,20.));
#788 = CARTESIAN_POINT('',(-1.5,22.598076211353));
#789 = CARTESIAN_POINT('',(3.,25.196152422707));
#790 = CARTESIAN_POINT('',(3.,20.));
#791 = ( GEOMETRIC_REPRESENTATION_CONTEXT(2) 
PARAMETRIC_REPRESENTATION_CONTEXT() REPRESENTATION_CONTEXT('2D SPACE',''
  ) );
#792 = PCURVE('',#417,#793);
#793 = DEFINITIONAL_REPRESENTATION('',(#794),#798);
#794 = LINE('',#795,#796);
#795 = CARTESIAN_POINT('',(-6.28318530718,-9.));
#796 = VECTOR('',#797,1.);
#797 = DIRECTION('',(1.,-0.));
#798 = ( GEOMETRIC_REPRESENTATION_CONTEXT(2) 
PARAMETRIC_REPRESENTATION_CONTEXT() REPRESENTATION_CONTEXT('2D SPACE',''
  ) );
#799 = ADVANCED_FACE('',(#800),#135,.F.);
#800 = FACE_BOUND('',#801,.T.);
#801 = EDGE_LOOP('',(#802,#803,#824,#825,#826));
#802 = ORIENTED_EDGE('',*,*,#147,.T.);
#803 = ORIENTED_EDGE('',*,*,#804,.T.);
#804 = EDGE_CURVE('',#113,#462,#805,.T.);
#805 = SEAM_CURVE('',#806,(#810,#817),.PCURVE_S1.);
#806 = LINE('',#807,#808);
#807 = CARTESIAN_POINT('',(61.,30.,49.));
#808 = VECTOR('',#809,1.);
#809 = DIRECTION('',(0.,0.,1.));
#810 = PCURVE('',#135,#811);
#811 = DEFINITIONAL_REPRESENTATION('',(#812),#816);
#812 = LINE('',#813,#814);
#813 = CARTESIAN_POINT('',(-6.28318530718,0.));
#814 = VECTOR('',#815,1.);
#815 = DIRECTION('',(-0.,-1.));
#816 = ( GEOMETRIC_REPRESENTATION_CONTEXT(2) 
PARAMETRIC_REPRESENTATION_CONTEXT() REPRESENTATION_CONTEXT('2D SPACE',''
  ) );
#817 = PCURVE('',#135,#818);
#818 = DEFINITIONAL_REPRESENTATION('',(#819),#823);
#819 = LINE('',#820,#821);
#820 = CARTESIAN_POINT('',(-0.,0.));
#821 = VECTOR('',#822,1.);
#822 = DIRECTION('',(-0.,-1.));
#823 = ( GEOMETRIC_REPRESENTATION_CONTEXT(2) 
PARAMETRIC_REPRESENTATION_CONTEXT() REPRESENTATION_CONTEXT('2D SPACE',''
  ) );
#824 = ORIENTED_EDGE('',*,*,#461,.F.);
#825 = ORIENTED_EDGE('',*,*,#804,.F.);
#826 = ORIENTED_EDGE('',*,*,#112,.T.);
#827 = ADVANCED_FACE('',(#828),#196,.F.);
#828 = FACE_BOUND('',#829,.T.);
#829 = EDGE_LOOP('',(#830,#831,#852,#853));
#830 = ORIENTED_EDGE('',*,*,#175,.T.);
#831 = ORIENTED_EDGE('',*,*,#832,.T.);
#832 = EDGE_CURVE('',#176,#713,#833,.T.);
#833 = SEAM_CURVE('',#834,(#838,#845),.PCURVE_S1.);
#834 = LINE('',#835,#836);
#835 = CARTESIAN_POINT('',(41.,50.,49.));
#836 = VECTOR('',#837,1.);
#837 = DIRECTION('',(0.,0.,1.));
#838 = PCURVE('',#196,#839);
#839 = DEFINITIONAL_REPRESENTATION('',(#840),#844);
#840 = LINE('',#841,#842);
#841 = CARTESIAN_POINT('',(-6.28318530718,0.));
#842 = VECTOR('',#843,1.);
#843 = DIRECTION('',(-0.,-1.));
#844 = ( GEOMETRIC_REPRESENTATION_CONTEXT(2) 
PARAMETRIC_REPRESENTATION_CONTEXT() REPRESENTATION_CONTEXT('2D SPACE',''
  ) );
#845 = PCURVE('',#196,#846);
#846 = DEFINITIONAL_REPRESENTATION('',(#847),#851);
#847 = LINE('',#848,#849);
#848 = CARTESIAN_POINT('',(-0.,0.));
#849 = VECTOR('',#850,1.);
#850 = DIRECTION('',(-0.,-1.));
#851 = ( GEOMETRIC_REPRESENTATION_CONTEXT(2) 
PARAMETRIC_REPRESENTATION_CONTEXT() REPRESENTATION_CONTEXT('2D SPACE',''
  ) );
#852 = ORIENTED_EDGE('',*,*,#712,.F.);
#853 = ORIENTED_EDGE('',*,*,#832,.F.);
#854 = ADVANCED_FACE('',(#855,#911),#225,.T.);
#855 = FACE_BOUND('',#856,.T.);
#856 = EDGE_LOOP('',(#857,#879,#906,#907,#908,#909,#910));
#857 = ORIENTED_EDGE('',*,*,#858,.F.);
#858 = EDGE_CURVE('',#859,#288,#861,.T.);
#859 = VERTEX_POINT('',#860);
#860 = CARTESIAN_POINT('',(67.,50.,8.));
#861 = SEAM_CURVE('',#862,(#865,#872),.PCURVE_S1.);
#862 = B_SPLINE_CURVE_WITH_KNOTS('',1,(#863,#864),.UNSPECIFIED.,.F.,.F.,
  (2,2),(0.,1.),.PIECEWISE_BEZIER_KNOTS.);
#863 = CARTESIAN_POINT('',(67.,50.,8.));
#864 = CARTESIAN_POINT('',(75.,50.,50.));
#865 = PCURVE('',#225,#866);
#866 = DEFINITIONAL_REPRESENTATION('',(#867),#871);
#867 = LINE('',#868,#869);
#868 = CARTESIAN_POINT('',(0.,0.));
#869 = VECTOR('',#870,1.);
#870 = DIRECTION('',(0.,1.));
#871 = ( GEOMETRIC_REPRESENTATION_CONTEXT(2) 
PARAMETRIC_REPRESENTATION_CONTEXT() REPRESENTATION_CONTEXT('2D SPACE',''
  ) );
#872 = PCURVE('',#225,#873);
#873 = DEFINITIONAL_REPRESENTATION('',(#874),#878);
#874 = LINE('',#875,#876);
#875 = CARTESIAN_POINT('',(6.28318530718,0.));
#876 = VECTOR('',#877,1.);
#877 = DIRECTION('',(0.,1.));
#878 = ( GEOMETRIC_REPRESENTATION_CONTEXT(2) 
PARAMETRIC_REPRESENTATION_CONTEXT() REPRESENTATION_CONTEXT('2D SPACE',''
  ) );
#879 = ORIENTED_EDGE('',*,*,#880,.T.);
#880 = EDGE_CURVE('',#859,#859,#881,.T.);
#881 = SURFACE_CURVE('',#882,(#887,#894),.PCURVE_S1.);
#882 = CIRCLE('',#883,17.);
#883 = AXIS2_PLACEMENT_3D('',#884,#885,#886);
#884 = CARTESIAN_POINT('',(50.,50.,8.));
#885 = DIRECTION('',(0.,0.,1.));
#886 = DIRECTION('',(1.,0.,0.));
#887 = PCURVE('',#225,#888);
#888 = DEFINITIONAL_REPRESENTATION('',(#889),#893);
#889 = LINE('',#890,#891);
#890 = CARTESIAN_POINT('',(0.,0.));
#891 = VECTOR('',#892,1.);
#892 = DIRECTION('',(1.,0.));
#893 = ( GEOMETRIC_REPRESENTATION_CONTEXT(2) 
PARAMETRIC_REPRESENTATION_CONTEXT() REPRESENTATION_CONTEXT('2D SPACE',''
  ) );
#894 = PCURVE('',#895,#900);
#895 = PLANE('',#896);
#896 = AXIS2_PLACEMENT_3D('',#897,#898,#899);
#897 = CARTESIAN_POINT('',(50.,50.,8.));
#898 = DIRECTION('',(0.,0.,1.));
#899 = DIRECTION('',(1.,0.,-0.));
#900 = DEFINITIONAL_REPRESENTATION('',(#901),#905);
#901 = CIRCLE('',#902,17.);
#902 = AXIS2_PLACEMENT_2D('',#903,#904);
#903 = CARTESIAN_POINT('',(0.,-7.105427357601E-15));
#904 = DIRECTION('',(1.,0.));
#905 = ( GEOMETRIC_REPRESENTATION_CONTEXT(2) 
PARAMETRIC_REPRESENTATION_CONTEXT() REPRESENTATION_CONTEXT('2D SPACE',''
  ) );
#906 = ORIENTED_EDGE('',*,*,#858,.T.);
#907 = ORIENTED_EDGE('',*,*,#311,.F.);
#908 = ORIENTED_EDGE('',*,*,#210,.F.);
#909 = ORIENTED_EDGE('',*,*,#263,.F.);
#910 = ORIENTED_EDGE('',*,*,#287,.F.);
#911 = FACE_BOUND('',#912,.T.);
#912 = EDGE_LOOP('',(#913,#983,#1045));
#913 = ORIENTED_EDGE('',*,*,#914,.F.);
#914 = EDGE_CURVE('',#176,#915,#917,.T.);
#915 = VERTEX_POINT('',#916);
#916 = CARTESIAN_POINT('',(40.837454214615,50.97409115588,49.));
#917 = SURFACE_CURVE('',#918,(#936,#957),.PCURVE_S1.);
#918 = B_SPLINE_CURVE_WITH_KNOTS('',6,(#919,#920,#921,#922,#923,#924,
    #925,#926,#927,#928,#929,#930,#931,#932,#933,#934,#935),
  .UNSPECIFIED.,.F.,.F.,(7,5,5,7),(0.,0.251432437153,0.629063399255,1.),
  .UNSPECIFIED.);
#919 = CARTESIAN_POINT('',(41.000000002253,50.,50.));
#920 = CARTESIAN_POINT('',(41.000000002253,50.074771956591,50.));
#921 = CARTESIAN_POINT('',(40.997682006795,50.146731194513,
    49.98568116277));
#922 = CARTESIAN_POINT('',(40.993627017473,50.213594216294,
    49.960638277697));
#923 = CARTESIAN_POINT('',(40.988356932328,50.274292786502,
    49.928100319562));
#924 = CARTESIAN_POINT('',(40.982334545855,50.328973931749,
    49.890930448529));
#925 = CARTESIAN_POINT('',(40.966394832644,50.454134915713,
    49.792593957463));
#926 = CARTESIAN_POINT('',(40.955773122658,50.519426208316,
    49.727098614853));
#927 = CARTESIAN_POINT('',(40.944648781377,50.578835187113,
    49.658548791179));
#928 = CARTESIAN_POINT('',(40.933190342507,50.633046213598,
    49.587987973466));
#929 = CARTESIAN_POINT('',(40.921523404468,50.683439002005,
    49.516192434939));
#930 = CARTESIAN_POINT('',(40.897925922343,50.777386204197,
    49.371082305992));
#931 = CARTESIAN_POINT('',(40.886050247876,50.820883990993,
    49.298103378952));
#932 = CARTESIAN_POINT('',(40.874041733989,50.861984805844,
    49.224359698019));
#933 = CARTESIAN_POINT('',(40.861928433435,50.901038261207,
    49.150025398005));
#934 = CARTESIAN_POINT('',(40.849729460329,50.938334300811,
    49.075219203094));
#935 = CARTESIAN_POINT('',(40.837454116699,50.974091441101,48.9999994));
#936 = PCURVE('',#225,#937);
#937 = DEFINITIONAL_REPRESENTATION('',(#938),#956);
#938 = B_SPLINE_CURVE_WITH_KNOTS('',6,(#939,#940,#941,#942,#943,#944,
    #945,#946,#947,#948,#949,#950,#951,#952,#953,#954,#955),
  .UNSPECIFIED.,.F.,.F.,(7,5,5,7),(0.,0.251432437153,0.629063399255,1.),
  .UNSPECIFIED.);
#939 = CARTESIAN_POINT('',(3.14159265359,1.));
#940 = CARTESIAN_POINT('',(3.137194303173,1.));
#941 = CARTESIAN_POINT('',(3.132961399343,0.999659075304));
#942 = CARTESIAN_POINT('',(3.129028126692,0.999062816136));
#943 = CARTESIAN_POINT('',(3.125457253169,0.998288102847));
#944 = CARTESIAN_POINT('',(3.122240130077,0.997403105917));
#945 = CARTESIAN_POINT('',(3.114875888864,0.995061760892));
#946 = CARTESIAN_POINT('',(3.111033747128,0.993502347973));
#947 = CARTESIAN_POINT('',(3.10753728653,0.991870209314));
#948 = CARTESIAN_POINT('',(3.104346307549,0.990190189844));
#949 = CARTESIAN_POINT('',(3.101379685772,0.98848077226));
#950 = CARTESIAN_POINT('',(3.095848265904,0.98502576919));
#951 = CARTESIAN_POINT('',(3.093286816942,0.983288175689));
#952 = CARTESIAN_POINT('',(3.090866166818,0.981532373762));
#953 = CARTESIAN_POINT('',(3.08856576766,0.979762509476));
#954 = CARTESIAN_POINT('',(3.086368578316,0.977981409597));
#955 = CARTESIAN_POINT('',(3.084261755671,0.976190461905));
#956 = ( GEOMETRIC_REPRESENTATION_CONTEXT(2) 
PARAMETRIC_REPRESENTATION_CONTEXT() REPRESENTATION_CONTEXT('2D SPACE',''
  ) );
#957 = PCURVE('',#958,#963);
#958 = CYLINDRICAL_SURFACE('',#959,3.);
#959 = AXIS2_PLACEMENT_3D('',#960,#961,#962);
#960 = CARTESIAN_POINT('',(38.,50.,49.));
#961 = DIRECTION('',(-0.,-0.,-1.));
#962 = DIRECTION('',(1.,0.,0.));
#963 = DEFINITIONAL_REPRESENTATION('',(#964),#982);
#964 = B_SPLINE_CURVE_WITH_KNOTS('',6,(#965,#966,#967,#968,#969,#970,
    #971,#972,#973,#974,#975,#976,#977,#978,#979,#980,#981),
  .UNSPECIFIED.,.F.,.F.,(7,5,5,7),(0.,0.251432437153,0.629063399255,
    0.999999506863),.UNSPECIFIED.);
#965 = CARTESIAN_POINT('',(-6.28318530718,-1.));
#966 = CARTESIAN_POINT('',(-6.30810929271,-1.));
#967 = CARTESIAN_POINT('',(-6.332097031453,-0.98568116277));
#968 = CARTESIAN_POINT('',(-6.354412660217,-0.960638277697));
#969 = CARTESIAN_POINT('',(-6.374712905915,-0.928100319562));
#970 = CARTESIAN_POINT('',(-6.393047085564,-0.890930448529));
#971 = CARTESIAN_POINT('',(-6.435104382941,-0.792593957463));
#972 = CARTESIAN_POINT('',(-6.457141278653,-0.727098614853));
#973 = CARTESIAN_POINT('',(-6.47728179069,-0.658548791179));
#974 = CARTESIAN_POINT('',(-6.495744628264,-0.587987973466));
#975 = CARTESIAN_POINT('',(-6.512983866239,-0.516192434939));
#976 = CARTESIAN_POINT('',(-6.545272332704,-0.371082401587));
#977 = CARTESIAN_POINT('',(-6.560299115669,-0.298103572994));
#978 = CARTESIAN_POINT('',(-6.574569076619,-0.224359992131));
#979 = CARTESIAN_POINT('',(-6.588196145204,-0.150025793296));
#980 = CARTESIAN_POINT('',(-6.601274889458,-7.521970034504E-02));
#981 = CARTESIAN_POINT('',(-6.613876714996,1.717307688523E-15));
#982 = ( GEOMETRIC_REPRESENTATION_CONTEXT(2) 
PARAMETRIC_REPRESENTATION_CONTEXT() REPRESENTATION_CONTEXT('2D SPACE',''
  ) );
#983 = ORIENTED_EDGE('',*,*,#984,.F.);
#984 = EDGE_CURVE('',#985,#176,#987,.T.);
#985 = VERTEX_POINT('',#986);
#986 = CARTESIAN_POINT('',(40.837454214615,49.02590884412,49.));
#987 = SURFACE_CURVE('',#988,(#1005,#1025),.PCURVE_S1.);
#988 = B_SPLINE_CURVE_WITH_KNOTS('',8,(#989,#990,#991,#992,#993,#994,
    #995,#996,#997,#998,#999,#1000,#1001,#1002,#1003,#1004),
  .UNSPECIFIED.,.F.,.F.,(9,7,9),(0.,0.449367858168,1.),.UNSPECIFIED.);
#989 = CARTESIAN_POINT('',(40.837454116699,49.025908558899,48.9999994));
#990 = CARTESIAN_POINT('',(40.848756972212,49.058832915434,
    49.069260073406));
#991 = CARTESIAN_POINT('',(40.859995765153,49.092991966218,
    49.13817209248));
#992 = CARTESIAN_POINT('',(40.871166380736,49.128540144045,
    49.206709345531));
#993 = CARTESIAN_POINT('',(40.882259775541,49.165650490218,
    49.274815464129));
#994 = CARTESIAN_POINT('',(40.893260156153,49.204545268329,
    49.342392420418));
#995 = CARTESIAN_POINT('',(40.904145132809,49.245495014741,
    49.409301326789));
#996 = CARTESIAN_POINT('',(40.914883546819,49.288861534966,
    49.47534884625));
#997 = CARTESIAN_POINT('',(40.938345669198,49.392115070511,
    49.61973784597));
#998 = CARTESIAN_POINT('',(40.950301352199,49.450574004099,
    49.693371903864));
#999 = CARTESIAN_POINT('',(40.962044485006,49.514420695864,
    49.765740122399));
#1000 = CARTESIAN_POINT('',(40.973700942927,49.586856977157,
    49.837622490164));
#1001 = CARTESIAN_POINT('',(40.984769566482,49.670187938607,
    49.905929604732));
#1002 = CARTESIAN_POINT('',(40.994132822613,49.766119028488,
    49.963761557251));
#1003 = CARTESIAN_POINT('',(41.000000002253,49.875900390991,50.));
#1004 = CARTESIAN_POINT('',(41.000000002253,50.,50.));
#1005 = PCURVE('',#225,#1006);
#1006 = DEFINITIONAL_REPRESENTATION('',(#1007),#1024);
#1007 = B_SPLINE_CURVE_WITH_KNOTS('',8,(#1008,#1009,#1010,#1011,#1012,
    #1013,#1014,#1015,#1016,#1017,#1018,#1019,#1020,#1021,#1022,#1023),
  .UNSPECIFIED.,.F.,.F.,(9,7,9),(0.,0.449367858168,1.),.UNSPECIFIED.);
#1008 = CARTESIAN_POINT('',(3.198923551509,0.976190461905));
#1009 = CARTESIAN_POINT('',(3.196983637429,0.977839525557));
#1010 = CARTESIAN_POINT('',(3.194971221559,0.979480287916));
#1011 = CARTESIAN_POINT('',(3.192877226053,0.981112127275));
#1012 = CARTESIAN_POINT('',(3.19069148048,0.982733701527));
#1013 = CARTESIAN_POINT('',(3.18840092109,0.984342676677));
#1014 = CARTESIAN_POINT('',(3.185989646515,0.985935745876));
#1015 = CARTESIAN_POINT('',(3.183436388636,0.987508305863));
#1016 = CARTESIAN_POINT('',(3.177358002531,0.99094613919));
#1017 = CARTESIAN_POINT('',(3.173917110823,0.992699331044));
#1018 = CARTESIAN_POINT('',(3.17015954222,0.994422383867));
#1019 = CARTESIAN_POINT('',(3.165896978711,0.996133868813));
#1020 = CARTESIAN_POINT('',(3.16099395675,0.997760228684));
#1021 = CARTESIAN_POINT('',(3.155350357749,0.999137179935));
#1022 = CARTESIAN_POINT('',(3.148892630639,1.));
#1023 = CARTESIAN_POINT('',(3.14159265359,1.));
#1024 = ( GEOMETRIC_REPRESENTATION_CONTEXT(2) 
PARAMETRIC_REPRESENTATION_CONTEXT() REPRESENTATION_CONTEXT('2D SPACE',''
  ) );
#1025 = PCURVE('',#958,#1026);
#1026 = DEFINITIONAL_REPRESENTATION('',(#1027),#1044);
#1027 = B_SPLINE_CURVE_WITH_KNOTS('',8,(#1028,#1029,#1030,#1031,#1032,
    #1033,#1034,#1035,#1036,#1037,#1038,#1039,#1040,#1041,#1042,#1043),
  .UNSPECIFIED.,.F.,.F.,(9,7,9),(4.866050126819E-07,0.449367858168,1.),
  .UNSPECIFIED.);
#1028 = CARTESIAN_POINT('',(-5.952493899364,-1.528728531429E-14));
#1029 = CARTESIAN_POINT('',(-5.964097374786,-6.926059576319E-02));
#1030 = CARTESIAN_POINT('',(-5.976083173217,-0.13817253778));
#1031 = CARTESIAN_POINT('',(-5.988501966815,-0.20670971428));
#1032 = CARTESIAN_POINT('',(-6.001410249554,-0.274815756836));
#1033 = CARTESIAN_POINT('',(-6.014880550405,-0.342392637778));
#1034 = CARTESIAN_POINT('',(-6.029001160271,-0.40930146983));
#1035 = CARTESIAN_POINT('',(-6.043890465269,-0.475348916511));
#1036 = CARTESIAN_POINT('',(-6.079185653606,-0.61973784597));
#1037 = CARTESIAN_POINT('',(-6.099070615943,-0.693371903864));
#1038 = CARTESIAN_POINT('',(-6.120702397586,-0.765740122399));
#1039 = CARTESIAN_POINT('',(-6.145144189502,-0.837622490164));
#1040 = CARTESIAN_POINT('',(-6.173140057334,-0.905929604732));
#1041 = CARTESIAN_POINT('',(-6.205224987758,-0.963761557251));
#1042 = CARTESIAN_POINT('',(-6.241818770843,-1.));
#1043 = CARTESIAN_POINT('',(-6.28318530718,-1.));
#1044 = ( GEOMETRIC_REPRESENTATION_CONTEXT(2) 
PARAMETRIC_REPRESENTATION_CONTEXT() REPRESENTATION_CONTEXT('2D SPACE',''
  ) );
#1045 = ORIENTED_EDGE('',*,*,#1046,.T.);
#1046 = EDGE_CURVE('',#985,#915,#1047,.T.);
#1047 = SURFACE_CURVE('',#1048,(#1056,#1067),.PCURVE_S1.);
#1048 = B_SPLINE_CURVE_WITH_KNOTS('',6,(#1049,#1050,#1051,#1052,#1053,
    #1054,#1055),.UNSPECIFIED.,.F.,.F.,(7,7),(0.,1.),
  .PIECEWISE_BEZIER_KNOTS.);
#1049 = CARTESIAN_POINT('',(41.,47.462302389171,49.));
#1050 = CARTESIAN_POINT('',(40.873254243197,48.301857027516,49.));
#1051 = CARTESIAN_POINT('',(40.796824009916,49.14902483025,49.));
#1052 = CARTESIAN_POINT('',(40.77128763743,50.,49.));
#1053 = CARTESIAN_POINT('',(40.796824009916,50.850975169749,49.));
#1054 = CARTESIAN_POINT('',(40.873254243197,51.698142972484,49.));
#1055 = CARTESIAN_POINT('',(41.,52.537697610829,49.));
#1056 = PCURVE('',#225,#1057);
#1057 = DEFINITIONAL_REPRESENTATION('',(#1058),#1066);
#1058 = B_SPLINE_CURVE_WITH_KNOTS('',6,(#1059,#1060,#1061,#1062,#1063,
    #1064,#1065),.UNSPECIFIED.,.F.,.F.,(7,7),(0.,1.),
  .PIECEWISE_BEZIER_KNOTS.);
#1059 = CARTESIAN_POINT('',(3.291429016606,0.97619047619));
#1060 = CARTESIAN_POINT('',(3.241483839573,0.97619047619));
#1061 = CARTESIAN_POINT('',(3.191537671039,0.97619047619));
#1062 = CARTESIAN_POINT('',(3.14159265359,0.97619047619));
#1063 = CARTESIAN_POINT('',(3.09164763614,0.97619047619));
#1064 = CARTESIAN_POINT('',(3.041701467606,0.97619047619));
#1065 = CARTESIAN_POINT('',(2.991756290573,0.97619047619));
#1066 = ( GEOMETRIC_REPRESENTATION_CONTEXT(2) 
PARAMETRIC_REPRESENTATION_CONTEXT() REPRESENTATION_CONTEXT('2D SPACE',''
  ) );
#1067 = PCURVE('',#1068,#1073);
#1068 = PLANE('',#1069);
#1069 = AXIS2_PLACEMENT_3D('',#1070,#1071,#1072);
#1070 = CARTESIAN_POINT('',(38.,50.,49.));
#1071 = DIRECTION('',(0.,0.,1.));
#1072 = DIRECTION('',(1.,0.,-0.));
#1073 = DEFINITIONAL_REPRESENTATION('',(#1074),#1082);
#1074 = B_SPLINE_CURVE_WITH_KNOTS('',6,(#1075,#1076,#1077,#1078,#1079,
    #1080,#1081),.UNSPECIFIED.,.F.,.F.,(7,7),(0.,1.),
  .PIECEWISE_BEZIER_KNOTS.);
#1075 = CARTESIAN_POINT('',(3.,-2.537697610829));
#1076 = CARTESIAN_POINT('',(2.873254243197,-1.698142972484));
#1077 = CARTESIAN_POINT('',(2.796824009916,-0.85097516975));
#1078 = CARTESIAN_POINT('',(2.77128763743,2.651212582805E-13));
#1079 = CARTESIAN_POINT('',(2.796824009916,0.850975169749));
#1080 = CARTESIAN_POINT('',(2.873254243197,1.698142972484));
#1081 = CARTESIAN_POINT('',(3.,2.537697610829));
#1082 = ( GEOMETRIC_REPRESENTATION_CONTEXT(2) 
PARAMETRIC_REPRESENTATION_CONTEXT() REPRESENTATION_CONTEXT('2D SPACE',''
  ) );
#1083 = ADVANCED_FACE('',(#1084),#356,.F.);
#1084 = FACE_BOUND('',#1085,.T.);
#1085 = EDGE_LOOP('',(#1086,#1087,#1108,#1109,#1110));
#1086 = ORIENTED_EDGE('',*,*,#368,.T.);
#1087 = ORIENTED_EDGE('',*,*,#1088,.T.);
#1088 = EDGE_CURVE('',#336,#743,#1089,.T.);
#1089 = SEAM_CURVE('',#1090,(#1094,#1101),.PCURVE_S1.);
#1090 = LINE('',#1091,#1092);
#1091 = CARTESIAN_POINT('',(81.,50.,49.));
#1092 = VECTOR('',#1093,1.);
#1093 = DIRECTION('',(0.,0.,1.));
#1094 = PCURVE('',#356,#1095);
#1095 = DEFINITIONAL_REPRESENTATION('',(#1096),#1100);
#1096 = LINE('',#1097,#1098);
#1097 = CARTESIAN_POINT('',(-6.28318530718,0.));
#1098 = VECTOR('',#1099,1.);
#1099 = DIRECTION('',(-0.,-1.));
#1100 = ( GEOMETRIC_REPRESENTATION_CONTEXT(2) 
PARAMETRIC_REPRESENTATION_CONTEXT() REPRESENTATION_CONTEXT('2D SPACE',''
  ) );
#1101 = PCURVE('',#356,#1102);
#1102 = DEFINITIONAL_REPRESENTATION('',(#1103),#1107);
#1103 = LINE('',#1104,#1105);
#1104 = CARTESIAN_POINT('',(-0.,0.));
#1105 = VECTOR('',#1106,1.);
#1106 = DIRECTION('',(-0.,-1.));
#1107 = ( GEOMETRIC_REPRESENTATION_CONTEXT(2) 
PARAMETRIC_REPRESENTATION_CONTEXT() REPRESENTATION_CONTEXT('2D SPACE',''
  ) );
#1108 = ORIENTED_EDGE('',*,*,#742,.F.);
#1109 = ORIENTED_EDGE('',*,*,#1088,.F.);
#1110 = ORIENTED_EDGE('',*,*,#335,.T.);
#1111 = ADVANCED_FACE('',(#1112),#417,.F.);
#1112 = FACE_BOUND('',#1113,.T.);
#1113 = EDGE_LOOP('',(#1114,#1115,#1136,#1137,#1138));
#1114 = ORIENTED_EDGE('',*,*,#429,.T.);
#1115 = ORIENTED_EDGE('',*,*,#1116,.T.);
#1116 = EDGE_CURVE('',#397,#773,#1117,.T.);
#1117 = SEAM_CURVE('',#1118,(#1122,#1129),.PCURVE_S1.);
#1118 = LINE('',#1119,#1120);
#1119 = CARTESIAN_POINT('',(61.,70.,49.));
#1120 = VECTOR('',#1121,1.);
#1121 = DIRECTION('',(0.,0.,1.));
#1122 = PCURVE('',#417,#1123);
#1123 = DEFINITIONAL_REPRESENTATION('',(#1124),#1128);
#1124 = LINE('',#1125,#1126);
#1125 = CARTESIAN_POINT('',(-6.28318530718,0.));
#1126 = VECTOR('',#1127,1.);
#1127 = DIRECTION('',(-0.,-1.));
#1128 = ( GEOMETRIC_REPRESENTATION_CONTEXT(2) 
PARAMETRIC_REPRESENTATION_CONTEXT() REPRESENTATION_CONTEXT('2D SPACE',''
  ) );
#1129 = PCURVE('',#417,#1130);
#1130 = DEFINITIONAL_REPRESENTATION('',(#1131),#1135);
#1131 = LINE('',#1132,#1133);
#1132 = CARTESIAN_POINT('',(-0.,0.));
#1133 = VECTOR('',#1134,1.);
#1134 = DIRECTION('',(-0.,-1.));
#1135 = ( GEOMETRIC_REPRESENTATION_CONTEXT(2) 
PARAMETRIC_REPRESENTATION_CONTEXT() REPRESENTATION_CONTEXT('2D SPACE',''
  ) );
#1136 = ORIENTED_EDGE('',*,*,#772,.F.);
#1137 = ORIENTED_EDGE('',*,*,#1116,.F.);
#1138 = ORIENTED_EDGE('',*,*,#396,.T.);
#1139 = ADVANCED_FACE('',(#1140),#617,.F.);
#1140 = FACE_BOUND('',#1141,.F.);
#1141 = EDGE_LOOP('',(#1142,#1335,#1355,#1356));
#1142 = ORIENTED_EDGE('',*,*,#1143,.F.);
#1143 = EDGE_CURVE('',#1144,#1144,#1146,.T.);
#1144 = VERTEX_POINT('',#1145);
#1145 = CARTESIAN_POINT('',(58.133333333333,50.,3.10862446895E-15));
#1146 = SURFACE_CURVE('',#1147,(#1206,#1268),.PCURVE_S1.);
#1147 = B_SPLINE_CURVE_WITH_KNOTS('',8,(#1148,#1149,#1150,#1151,#1152,
    #1153,#1154,#1155,#1156,#1157,#1158,#1159,#1160,#1161,#1162,#1163,
    #1164,#1165,#1166,#1167,#1168,#1169,#1170,#1171,#1172,#1173,#1174,
    #1175,#1176,#1177,#1178,#1179,#1180,#1181,#1182,#1183,#1184,#1185,
    #1186,#1187,#1188,#1189,#1190,#1191,#1192,#1193,#1194,#1195,#1196,
    #1197,#1198,#1199,#1200,#1201,#1202,#1203,#1204,#1205),
  .UNSPECIFIED.,.T.,.F.,(9,7,7,7,7,7,7,7,9),(0.,0.125999003486,
    0.25199800689,0.375998984054,0.500998993792,0.624999971225,
    0.74999998071,0.874999990327,1.),.UNSPECIFIED.);
#1148 = CARTESIAN_POINT('',(58.133333333333,50.,0.));
#1149 = CARTESIAN_POINT('',(58.133333363274,49.208524169013,0.));
#1150 = CARTESIAN_POINT('',(58.043842535018,48.416500411033,0.));
#1151 = CARTESIAN_POINT('',(57.864645883315,47.63658696015,0.));
#1152 = CARTESIAN_POINT('',(57.597927583981,46.880553715958,0.));
#1153 = CARTESIAN_POINT('',(57.247392533836,46.15954740805,0.));
#1154 = CARTESIAN_POINT('',(56.818368815784,45.484036428947,0.));
#1155 = CARTESIAN_POINT('',(56.317696401403,44.863845035206,0.));
#1156 = CARTESIAN_POINT('',(55.191369826655,43.751584085823,0.));
#1157 = CARTESIAN_POINT('',(54.564935937341,43.258744537227,0.));
#1158 = CARTESIAN_POINT('',(53.88408716373,42.838243190118,0.));
#1159 = CARTESIAN_POINT('',(53.158732940815,42.49679601997,0.));
#1160 = CARTESIAN_POINT('',(52.399407783402,42.239599160427,0.));
#1161 = CARTESIAN_POINT('',(51.617304117365,42.07021707965,0.));
#1162 = CARTESIAN_POINT('',(50.824218354084,41.990685911966,0.));
#1163 = CARTESIAN_POINT('',(49.253941470767,42.010419634878,0.));
#1164 = CARTESIAN_POINT('',(48.475661291494,42.106882265239,0.));
#1165 = CARTESIAN_POINT('',(47.710004240696,42.290063656394,0.));
#1166 = CARTESIAN_POINT('',(46.968166445884,42.557783982827,0.));
#1167 = CARTESIAN_POINT('',(46.26074683517,42.906431342782,0.));
#1168 = CARTESIAN_POINT('',(45.597699077167,43.330876643183,0.));
#1169 = CARTESIAN_POINT('',(44.988359552795,43.824567256857,0.));
#1170 = CARTESIAN_POINT('',(43.889326747159,44.937498429971,0.));
#1171 = CARTESIAN_POINT('',(43.39990582214,45.55845886699,0.));
#1172 = CARTESIAN_POINT('',(42.981605538943,46.2330413272,0.));
#1173 = CARTESIAN_POINT('',(42.641000495214,46.95158430909,0.));
#1174 = CARTESIAN_POINT('',(42.383190208719,47.703814106824,0.));
#1175 = CARTESIAN_POINT('',(42.211696496847,48.478815093531,0.));
#1176 = CARTESIAN_POINT('',(42.128557691509,49.265080090646,0.));
#1177 = CARTESIAN_POINT('',(42.138385319991,50.829174821,0.));
#1178 = CARTESIAN_POINT('',(42.229956005365,51.608045726389,0.));
#1179 = CARTESIAN_POINT('',(42.40832305617,52.374838617174,0.));
#1180 = CARTESIAN_POINT('',(42.671377032641,53.11834389211,0.));
#1181 = CARTESIAN_POINT('',(43.015572694537,53.827940139731,0.));
#1182 = CARTESIAN_POINT('',(43.435843589946,54.493641662032,0.));
#1183 = CARTESIAN_POINT('',(43.925695885568,55.106071091188,0.));
#1184 = CARTESIAN_POINT('',(45.031699701179,56.212074917588,0.));
#1185 = CARTESIAN_POINT('',(45.649572775546,56.705387770777,0.));
#1186 = CARTESIAN_POINT('',(46.321513678167,57.127918297776,0.));
#1187 = CARTESIAN_POINT('',(47.037902407048,57.473031323689,0.));
#1188 = CARTESIAN_POINT('',(47.788497499575,57.735562880538,0.));
#1189 = CARTESIAN_POINT('',(48.562405670323,57.911922641055,0.));
#1190 = CARTESIAN_POINT('',(49.348132774015,58.000000016262,0.));
#1191 = CARTESIAN_POINT('',(50.918533892351,58.000000015649,0.));
#1192 = CARTESIAN_POINT('',(51.704260996327,57.911922639599,0.));
#1193 = CARTESIAN_POINT('',(52.47816916797,57.735562879613,0.));
#1194 = CARTESIAN_POINT('',(53.228764262428,57.473031324986,0.));
#1195 = CARTESIAN_POINT('',(53.945152993455,57.127918301825,0.));
#1196 = CARTESIAN_POINT('',(54.617093895868,56.705387772455,0.));
#1197 = CARTESIAN_POINT('',(55.234966968309,56.212074914276,0.));
#1198 = CARTESIAN_POINT('',(56.34540823886,55.101633623796,0.));
#1199 = CARTESIAN_POINT('',(56.838721082188,54.483760545097,0.));
#1200 = CARTESIAN_POINT('',(57.261251610385,53.811819643403,0.));
#1201 = CARTESIAN_POINT('',(57.606364642523,53.09543091784,0.));
#1202 = CARTESIAN_POINT('',(57.868896232878,52.344835837047,0.));
#1203 = CARTESIAN_POINT('',(58.045255991671,51.570927667097,0.));
#1204 = CARTESIAN_POINT('',(58.133333361044,50.785200558217,0.));
#1205 = CARTESIAN_POINT('',(58.133333333333,50.,0.));
#1206 = PCURVE('',#617,#1207);
#1207 = DEFINITIONAL_REPRESENTATION('',(#1208),#1267);
#1208 = B_SPLINE_CURVE_WITH_KNOTS('',8,(#1209,#1210,#1211,#1212,#1213,
    #1214,#1215,#1216,#1217,#1218,#1219,#1220,#1221,#1222,#1223,#1224,
    #1225,#1226,#1227,#1228,#1229,#1230,#1231,#1232,#1233,#1234,#1235,
    #1236,#1237,#1238,#1239,#1240,#1241,#1242,#1243,#1244,#1245,#1246,
    #1247,#1248,#1249,#1250,#1251,#1252,#1253,#1254,#1255,#1256,#1257,
    #1258,#1259,#1260,#1261,#1262,#1263,#1264,#1265,#1266),
  .UNSPECIFIED.,.F.,.F.,(9,7,7,7,7,7,7,7,9),(0.,0.125999003486,
    0.25199800689,0.375998984054,0.500998993792,0.624999971225,
    0.74999998071,0.874999990327,1.),.UNSPECIFIED.);
#1209 = CARTESIAN_POINT('',(6.28318530718,1.666666666667E-02));
#1210 = CARTESIAN_POINT('',(6.184250805676,1.666666666667E-02));
#1211 = CARTESIAN_POINT('',(6.085248008968,1.666666666667E-02));
#1212 = CARTESIAN_POINT('',(5.986282583269,1.666666666667E-02));
#1213 = CARTESIAN_POINT('',(5.887344632093,1.666666666667E-02));
#1214 = CARTESIAN_POINT('',(5.78840668053,1.666666666667E-02));
#1215 = CARTESIAN_POINT('',(5.6894412628,1.666666666667E-02));
#1216 = CARTESIAN_POINT('',(5.590438459427,1.666666666667E-02));
#1217 = CARTESIAN_POINT('',(5.392569457587,1.666666666667E-02));
#1218 = CARTESIAN_POINT('',(5.293566653456,1.666666666667E-02));
#1219 = CARTESIAN_POINT('',(5.194601234762,1.666666666667E-02));
#1220 = CARTESIAN_POINT('',(5.095663284858,1.666666666667E-02));
#1221 = CARTESIAN_POINT('',(4.996725334948,1.666666666667E-02));
#1222 = CARTESIAN_POINT('',(4.89775991603,1.666666666667E-02));
#1223 = CARTESIAN_POINT('',(4.798757111531,1.666666666667E-02));
#1224 = CARTESIAN_POINT('',(4.60245695955,1.666666666667E-02));
#1225 = CARTESIAN_POINT('',(4.505028242522,1.666666666667E-02));
#1226 = CARTESIAN_POINT('',(4.407633868511,1.666666666667E-02));
#1227 = CARTESIAN_POINT('',(4.310265120129,1.666666666667E-02));
#1228 = CARTESIAN_POINT('',(4.212896371864,1.666666666667E-02));
#1229 = CARTESIAN_POINT('',(4.115501998105,1.666666666667E-02));
#1230 = CARTESIAN_POINT('',(4.018073281394,1.666666666667E-02));
#1231 = CARTESIAN_POINT('',(3.822557540926,1.666666666667E-02));
#1232 = CARTESIAN_POINT('',(3.724341807297,1.666666666667E-02));
#1233 = CARTESIAN_POINT('',(3.626161911578,1.666666666667E-02));
#1234 = CARTESIAN_POINT('',(3.52800855189,1.666666666667E-02));
#1235 = CARTESIAN_POINT('',(3.42985519176,1.666666666667E-02));
#1236 = CARTESIAN_POINT('',(3.331675295021,1.666666666667E-02));
#1237 = CARTESIAN_POINT('',(3.233459560089,1.666666666667E-02));
#1238 = CARTESIAN_POINT('',(3.037943817314,1.666666666667E-02));
#1239 = CARTESIAN_POINT('',(2.940515099738,1.666666666667E-02));
#1240 = CARTESIAN_POINT('',(2.843120725556,1.666666666667E-02));
#1241 = CARTESIAN_POINT('',(2.745751977395,1.666666666667E-02));
#1242 = CARTESIAN_POINT('',(2.648383229617,1.666666666667E-02));
#1243 = CARTESIAN_POINT('',(2.550988856448,1.666666666667E-02));
#1244 = CARTESIAN_POINT('',(2.453560140124,1.666666666667E-02));
#1245 = CARTESIAN_POINT('',(2.25804439963,1.666666666667E-02));
#1246 = CARTESIAN_POINT('',(2.15982866557,1.666666666667E-02));
#1247 = CARTESIAN_POINT('',(2.061648769248,1.666666666667E-02));
#1248 = CARTESIAN_POINT('',(1.963495409056,1.666666666667E-02));
#1249 = CARTESIAN_POINT('',(1.865342048743,1.666666666667E-02));
#1250 = CARTESIAN_POINT('',(1.767162152204,1.666666666667E-02));
#1251 = CARTESIAN_POINT('',(1.668946417857,1.666666666667E-02));
#1252 = CARTESIAN_POINT('',(1.47264623563,1.666666666667E-02));
#1253 = CARTESIAN_POINT('',(1.374430501295,1.666666666667E-02));
#1254 = CARTESIAN_POINT('',(1.276250604727,1.666666666667E-02));
#1255 = CARTESIAN_POINT('',(1.178097244299,1.666666666667E-02));
#1256 = CARTESIAN_POINT('',(1.079943883929,1.666666666667E-02));
#1257 = CARTESIAN_POINT('',(0.981763987609,1.666666666667E-02));
#1258 = CARTESIAN_POINT('',(0.883548253695,1.666666666667E-02));
#1259 = CARTESIAN_POINT('',(0.687248073055,1.666666666667E-02));
#1260 = CARTESIAN_POINT('',(0.589032339839,1.666666666667E-02));
#1261 = CARTESIAN_POINT('',(0.490852444423,1.666666666667E-02));
#1262 = CARTESIAN_POINT('',(0.392699082313,1.666666666667E-02));
#1263 = CARTESIAN_POINT('',(0.294545720616,1.666666666667E-02));
#1264 = CARTESIAN_POINT('',(0.196365817518,1.666666666667E-02));
#1265 = CARTESIAN_POINT('',(9.81500909071E-02,1.666666666667E-02));
#1266 = CARTESIAN_POINT('',(0.,1.666666666667E-02));
#1267 = ( GEOMETRIC_REPRESENTATION_CONTEXT(2) 
PARAMETRIC_REPRESENTATION_CONTEXT() REPRESENTATION_CONTEXT('2D SPACE',''
  ) );
#1268 = PCURVE('',#1269,#1274);
#1269 = PLANE('',#1270);
#1270 = AXIS2_PLACEMENT_3D('',#1271,#1272,#1273);
#1271 = CARTESIAN_POINT('',(50.,50.,0.));
#1272 = DIRECTION('',(0.,0.,1.));
#1273 = DIRECTION('',(1.,0.,-0.));
#1274 = DEFINITIONAL_REPRESENTATION('',(#1275),#1334);
#1275 = B_SPLINE_CURVE_WITH_KNOTS('',8,(#1276,#1277,#1278,#1279,#1280,
    #1281,#1282,#1283,#1284,#1285,#1286,#1287,#1288,#1289,#1290,#1291,
    #1292,#1293,#1294,#1295,#1296,#1297,#1298,#1299,#1300,#1301,#1302,
    #1303,#1304,#1305,#1306,#1307,#1308,#1309,#1310,#1311,#1312,#1313,
    #1314,#1315,#1316,#1317,#1318,#1319,#1320,#1321,#1322,#1323,#1324,
    #1325,#1326,#1327,#1328,#1329,#1330,#1331,#1332,#1333),
  .UNSPECIFIED.,.F.,.F.,(9,7,7,7,7,7,7,7,9),(0.,0.125999003486,
    0.25199800689,0.375998984054,0.500998993792,0.624999971225,
    0.74999998071,0.874999990327,1.),.UNSPECIFIED.);
#1276 = CARTESIAN_POINT('',(8.133333333333,-7.815970093361E-14));
#1277 = CARTESIAN_POINT('',(8.133333363274,-0.791475830987));
#1278 = CARTESIAN_POINT('',(8.043842535018,-1.583499588967));
#1279 = CARTESIAN_POINT('',(7.864645883315,-2.36341303985));
#1280 = CARTESIAN_POINT('',(7.597927583981,-3.119446284042));
#1281 = CARTESIAN_POINT('',(7.247392533836,-3.84045259195));
#1282 = CARTESIAN_POINT('',(6.818368815784,-4.515963571053));
#1283 = CARTESIAN_POINT('',(6.317696401403,-5.136154964794));
#1284 = CARTESIAN_POINT('',(5.191369826655,-6.248415914177));
#1285 = CARTESIAN_POINT('',(4.564935937341,-6.741255462773));
#1286 = CARTESIAN_POINT('',(3.88408716373,-7.161756809882));
#1287 = CARTESIAN_POINT('',(3.158732940815,-7.50320398003));
#1288 = CARTESIAN_POINT('',(2.399407783402,-7.760400839573));
#1289 = CARTESIAN_POINT('',(1.617304117365,-7.92978292035));
#1290 = CARTESIAN_POINT('',(0.824218354084,-8.009314088034));
#1291 = CARTESIAN_POINT('',(-0.746058529233,-7.989580365122));
#1292 = CARTESIAN_POINT('',(-1.524338708506,-7.893117734761));
#1293 = CARTESIAN_POINT('',(-2.289995759304,-7.709936343606));
#1294 = CARTESIAN_POINT('',(-3.031833554116,-7.442216017173));
#1295 = CARTESIAN_POINT('',(-3.73925316483,-7.093568657218));
#1296 = CARTESIAN_POINT('',(-4.402300922833,-6.669123356817));
#1297 = CARTESIAN_POINT('',(-5.011640447205,-6.175432743143));
#1298 = CARTESIAN_POINT('',(-6.110673252841,-5.062501570029));
#1299 = CARTESIAN_POINT('',(-6.60009417786,-4.44154113301));
#1300 = CARTESIAN_POINT('',(-7.018394461057,-3.7669586728));
#1301 = CARTESIAN_POINT('',(-7.358999504786,-3.04841569091));
#1302 = CARTESIAN_POINT('',(-7.616809791281,-2.296185893176));
#1303 = CARTESIAN_POINT('',(-7.788303503153,-1.521184906469));
#1304 = CARTESIAN_POINT('',(-7.871442308491,-0.734919909354));
#1305 = CARTESIAN_POINT('',(-7.861614680009,0.829174821));
#1306 = CARTESIAN_POINT('',(-7.770043994635,1.608045726389));
#1307 = CARTESIAN_POINT('',(-7.59167694383,2.374838617174));
#1308 = CARTESIAN_POINT('',(-7.328622967359,3.11834389211));
#1309 = CARTESIAN_POINT('',(-6.984427305463,3.827940139731));
#1310 = CARTESIAN_POINT('',(-6.564156410054,4.493641662032));
#1311 = CARTESIAN_POINT('',(-6.074304114432,5.106071091188));
#1312 = CARTESIAN_POINT('',(-4.968300298821,6.212074917588));
#1313 = CARTESIAN_POINT('',(-4.350427224454,6.705387770777));
#1314 = CARTESIAN_POINT('',(-3.678486321833,7.127918297776));
#1315 = CARTESIAN_POINT('',(-2.962097592952,7.473031323689));
#1316 = CARTESIAN_POINT('',(-2.211502500425,7.735562880538));
#1317 = CARTESIAN_POINT('',(-1.437594329677,7.911922641055));
#1318 = CARTESIAN_POINT('',(-0.651867225985,8.000000016262));
#1319 = CARTESIAN_POINT('',(0.918533892351,8.000000015649));
#1320 = CARTESIAN_POINT('',(1.704260996327,7.911922639599));
#1321 = CARTESIAN_POINT('',(2.47816916797,7.735562879613));
#1322 = CARTESIAN_POINT('',(3.228764262428,7.473031324986));
#1323 = CARTESIAN_POINT('',(3.945152993455,7.127918301825));
#1324 = CARTESIAN_POINT('',(4.617093895868,6.705387772455));
#1325 = CARTESIAN_POINT('',(5.234966968309,6.212074914276));
#1326 = CARTESIAN_POINT('',(6.34540823886,5.101633623796));
#1327 = CARTESIAN_POINT('',(6.838721082188,4.483760545097));
#1328 = CARTESIAN_POINT('',(7.261251610385,3.811819643403));
#1329 = CARTESIAN_POINT('',(7.606364642523,3.09543091784));
#1330 = CARTESIAN_POINT('',(7.868896232878,2.344835837047));
#1331 = CARTESIAN_POINT('',(8.045255991671,1.570927667097));
#1332 = CARTESIAN_POINT('',(8.133333361044,0.785200558217));
#1333 = CARTESIAN_POINT('',(8.133333333333,-2.13162820728E-14));
#1334 = ( GEOMETRIC_REPRESENTATION_CONTEXT(2) 
PARAMETRIC_REPRESENTATION_CONTEXT() REPRESENTATION_CONTEXT('2D SPACE',''
  ) );
#1335 = ORIENTED_EDGE('',*,*,#1336,.T.);
#1336 = EDGE_CURVE('',#1144,#492,#1337,.T.);
#1337 = SEAM_CURVE('',#1338,(#1341,#1348),.PCURVE_S1.);
#1338 = B_SPLINE_CURVE_WITH_KNOTS('',1,(#1339,#1340),.UNSPECIFIED.,.F.,
  .F.,(2,2),(0.,1.),.PIECEWISE_BEZIER_KNOTS.);
#1339 = CARTESIAN_POINT('',(58.,50.,-1.));
#1340 = CARTESIAN_POINT('',(66.,50.,59.));
#1341 = PCURVE('',#617,#1342);
#1342 = DEFINITIONAL_REPRESENTATION('',(#1343),#1347);
#1343 = LINE('',#1344,#1345);
#1344 = CARTESIAN_POINT('',(0.,0.));
#1345 = VECTOR('',#1346,1.);
#1346 = DIRECTION('',(0.,1.));
#1347 = ( GEOMETRIC_REPRESENTATION_CONTEXT(2) 
PARAMETRIC_REPRESENTATION_CONTEXT() REPRESENTATION_CONTEXT('2D SPACE',''
  ) );
#1348 = PCURVE('',#617,#1349);
#1349 = DEFINITIONAL_REPRESENTATION('',(#1350),#1354);
#1350 = LINE('',#1351,#1352);
#1351 = CARTESIAN_POINT('',(6.28318530718,0.));
#1352 = VECTOR('',#1353,1.);
#1353 = DIRECTION('',(0.,1.));
#1354 = ( GEOMETRIC_REPRESENTATION_CONTEXT(2) 
PARAMETRIC_REPRESENTATION_CONTEXT() REPRESENTATION_CONTEXT('2D SPACE',''
  ) );
#1355 = ORIENTED_EDGE('',*,*,#491,.T.);
#1356 = ORIENTED_EDGE('',*,*,#1336,.F.);
#1357 = ADVANCED_FACE('',(#1358,#1389,#1424,#1459,#1494,#1497),#895,.T.
  );
#1358 = FACE_BOUND('',#1359,.T.);
#1359 = EDGE_LOOP('',(#1360));
#1360 = ORIENTED_EDGE('',*,*,#1361,.T.);
#1361 = EDGE_CURVE('',#1362,#1362,#1364,.T.);
#1362 = VERTEX_POINT('',#1363);
#1363 = CARTESIAN_POINT('',(92.,50.,8.));
#1364 = SURFACE_CURVE('',#1365,(#1370,#1377),.PCURVE_S1.);
#1365 = CIRCLE('',#1366,42.);
#1366 = AXIS2_PLACEMENT_3D('',#1367,#1368,#1369);
#1367 = CARTESIAN_POINT('',(50.,50.,8.));
#1368 = DIRECTION('',(0.,0.,1.));
#1369 = DIRECTION('',(1.,0.,0.));
#1370 = PCURVE('',#895,#1371);
#1371 = DEFINITIONAL_REPRESENTATION('',(#1372),#1376);
#1372 = CIRCLE('',#1373,42.);
#1373 = AXIS2_PLACEMENT_2D('',#1374,#1375);
#1374 = CARTESIAN_POINT('',(0.,-7.105427357601E-15));
#1375 = DIRECTION('',(1.,0.));
#1376 = ( GEOMETRIC_REPRESENTATION_CONTEXT(2) 
PARAMETRIC_REPRESENTATION_CONTEXT() REPRESENTATION_CONTEXT('2D SPACE',''
  ) );
#1377 = PCURVE('',#1378,#1383);
#1378 = CYLINDRICAL_SURFACE('',#1379,42.);
#1379 = AXIS2_PLACEMENT_3D('',#1380,#1381,#1382);
#1380 = CARTESIAN_POINT('',(50.,50.,0.));
#1381 = DIRECTION('',(-0.,-0.,-1.));
#1382 = DIRECTION('',(1.,0.,0.));
#1383 = DEFINITIONAL_REPRESENTATION('',(#1384),#1388);
#1384 = LINE('',#1385,#1386);
#1385 = CARTESIAN_POINT('',(-0.,-8.));
#1386 = VECTOR('',#1387,1.);
#1387 = DIRECTION('',(-1.,0.));
#1388 = ( GEOMETRIC_REPRESENTATION_CONTEXT(2) 
PARAMETRIC_REPRESENTATION_CONTEXT() REPRESENTATION_CONTEXT('2D SPACE',''
  ) );
#1389 = FACE_BOUND('',#1390,.T.);
#1390 = EDGE_LOOP('',(#1391));
#1391 = ORIENTED_EDGE('',*,*,#1392,.T.);
#1392 = EDGE_CURVE('',#1393,#1393,#1395,.T.);
#1393 = VERTEX_POINT('',#1394);
#1394 = CARTESIAN_POINT('',(30.87258300203,27.37258300203,8.));
#1395 = SURFACE_CURVE('',#1396,(#1401,#1412),.PCURVE_S1.);
#1396 = CIRCLE('',#1397,3.5);
#1397 = AXIS2_PLACEMENT_3D('',#1398,#1399,#1400);
#1398 = CARTESIAN_POINT('',(27.37258300203,27.37258300203,8.));
#1399 = DIRECTION('',(0.,0.,-1.));
#1400 = DIRECTION('',(1.,0.,0.));
#1401 = PCURVE('',#895,#1402);
#1402 = DEFINITIONAL_REPRESENTATION('',(#1403),#1411);
#1403 = ( BOUNDED_CURVE() B_SPLINE_CURVE(2,(#1404,#1405,#1406,#1407,
#1408,#1409,#1410),.UNSPECIFIED.,.T.,.F.) B_SPLINE_CURVE_WITH_KNOTS((1,2
    ,2,2,2,1),(-2.094395102393,0.,2.094395102393,4.188790204786,
6.28318530718,8.377580409573),.UNSPECIFIED.) CURVE() 
GEOMETRIC_REPRESENTATION_ITEM() RATIONAL_B_SPLINE_CURVE((1.,0.5,1.,0.5,
1.,0.5,1.)) REPRESENTATION_ITEM('') );
#1404 = CARTESIAN_POINT('',(-19.12741699797,-22.62741699797));
#1405 = CARTESIAN_POINT('',(-19.12741699797,-28.68959482446));
#1406 = CARTESIAN_POINT('',(-24.37741699797,-25.65850591121));
#1407 = CARTESIAN_POINT('',(-29.62741699797,-22.62741699797));
#1408 = CARTESIAN_POINT('',(-24.37741699797,-19.59632808472));
#1409 = CARTESIAN_POINT('',(-19.12741699797,-16.56523917147));
#1410 = CARTESIAN_POINT('',(-19.12741699797,-22.62741699797));
#1411 = ( GEOMETRIC_REPRESENTATION_CONTEXT(2) 
PARAMETRIC_REPRESENTATION_CONTEXT() REPRESENTATION_CONTEXT('2D SPACE',''
  ) );
#1412 = PCURVE('',#1413,#1418);
#1413 = CYLINDRICAL_SURFACE('',#1414,3.5);
#1414 = AXIS2_PLACEMENT_3D('',#1415,#1416,#1417);
#1415 = CARTESIAN_POINT('',(27.37258300203,27.37258300203,-1.));
#1416 = DIRECTION('',(-0.,-0.,-1.));
#1417 = DIRECTION('',(1.,0.,0.));
#1418 = DEFINITIONAL_REPRESENTATION('',(#1419),#1423);
#1419 = LINE('',#1420,#1421);
#1420 = CARTESIAN_POINT('',(-6.28318530718,-9.));
#1421 = VECTOR('',#1422,1.);
#1422 = DIRECTION('',(1.,-0.));
#1423 = ( GEOMETRIC_REPRESENTATION_CONTEXT(2) 
PARAMETRIC_REPRESENTATION_CONTEXT() REPRESENTATION_CONTEXT('2D SPACE',''
  ) );
#1424 = FACE_BOUND('',#1425,.T.);
#1425 = EDGE_LOOP('',(#1426));
#1426 = ORIENTED_EDGE('',*,*,#1427,.T.);
#1427 = EDGE_CURVE('',#1428,#1428,#1430,.T.);
#1428 = VERTEX_POINT('',#1429);
#1429 = CARTESIAN_POINT('',(76.12741699797,27.37258300203,8.));
#1430 = SURFACE_CURVE('',#1431,(#1436,#1447),.PCURVE_S1.);
#1431 = CIRCLE('',#1432,3.5);
#1432 = AXIS2_PLACEMENT_3D('',#1433,#1434,#1435);
#1433 = CARTESIAN_POINT('',(72.62741699797,27.37258300203,8.));
#1434 = DIRECTION('',(0.,0.,-1.));
#1435 = DIRECTION('',(1.,0.,0.));
#1436 = PCURVE('',#895,#1437);
#1437 = DEFINITIONAL_REPRESENTATION('',(#1438),#1446);
#1438 = ( BOUNDED_CURVE() B_SPLINE_CURVE(2,(#1439,#1440,#1441,#1442,
#1443,#1444,#1445),.UNSPECIFIED.,.T.,.F.) B_SPLINE_CURVE_WITH_KNOTS((1,2
    ,2,2,2,1),(-2.094395102393,0.,2.094395102393,4.188790204786,
6.28318530718,8.377580409573),.UNSPECIFIED.) CURVE() 
GEOMETRIC_REPRESENTATION_ITEM() RATIONAL_B_SPLINE_CURVE((1.,0.5,1.,0.5,
1.,0.5,1.)) REPRESENTATION_ITEM('') );
#1439 = CARTESIAN_POINT('',(26.12741699797,-22.62741699797));
#1440 = CARTESIAN_POINT('',(26.12741699797,-28.68959482446));
#1441 = CARTESIAN_POINT('',(20.87741699797,-25.65850591121));
#1442 = CARTESIAN_POINT('',(15.62741699797,-22.62741699797));
#1443 = CARTESIAN_POINT('',(20.87741699797,-19.59632808472));
#1444 = CARTESIAN_POINT('',(26.12741699797,-16.56523917147));
#1445 = CARTESIAN_POINT('',(26.12741699797,-22.62741699797));
#1446 = ( GEOMETRIC_REPRESENTATION_CONTEXT(2) 
PARAMETRIC_REPRESENTATION_CONTEXT() REPRESENTATION_CONTEXT('2D SPACE',''
  ) );
#1447 = PCURVE('',#1448,#1453);
#1448 = CYLINDRICAL_SURFACE('',#1449,3.5);
#1449 = AXIS2_PLACEMENT_3D('',#1450,#1451,#1452);
#1450 = CARTESIAN_POINT('',(72.62741699797,27.37258300203,-1.));
#1451 = DIRECTION('',(-0.,-0.,-1.));
#1452 = DIRECTION('',(1.,0.,0.));
#1453 = DEFINITIONAL_REPRESENTATION('',(#1454),#1458);
#1454 = LINE('',#1455,#1456);
#1455 = CARTESIAN_POINT('',(-6.28318530718,-9.));
#1456 = VECTOR('',#1457,1.);
#1457 = DIRECTION('',(1.,-0.));
#1458 = ( GEOMETRIC_REPRESENTATION_CONTEXT(2) 
PARAMETRIC_REPRESENTATION_CONTEXT() REPRESENTATION_CONTEXT('2D SPACE',''
  ) );
#1459 = FACE_BOUND('',#1460,.T.);
#1460 = EDGE_LOOP('',(#1461));
#1461 = ORIENTED_EDGE('',*,*,#1462,.T.);
#1462 = EDGE_CURVE('',#1463,#1463,#1465,.T.);
#1463 = VERTEX_POINT('',#1464);
#1464 = CARTESIAN_POINT('',(30.87258300203,72.62741699797,8.));
#1465 = SURFACE_CURVE('',#1466,(#1471,#1482),.PCURVE_S1.);
#1466 = CIRCLE('',#1467,3.5);
#1467 = AXIS2_PLACEMENT_3D('',#1468,#1469,#1470);
#1468 = CARTESIAN_POINT('',(27.37258300203,72.62741699797,8.));
#1469 = DIRECTION('',(0.,0.,-1.));
#1470 = DIRECTION('',(1.,0.,0.));
#1471 = PCURVE('',#895,#1472);
#1472 = DEFINITIONAL_REPRESENTATION('',(#1473),#1481);
#1473 = ( BOUNDED_CURVE() B_SPLINE_CURVE(2,(#1474,#1475,#1476,#1477,
#1478,#1479,#1480),.UNSPECIFIED.,.T.,.F.) B_SPLINE_CURVE_WITH_KNOTS((1,2
    ,2,2,2,1),(-2.094395102393,0.,2.094395102393,4.188790204786,
6.28318530718,8.377580409573),.UNSPECIFIED.) CURVE() 
GEOMETRIC_REPRESENTATION_ITEM() RATIONAL_B_SPLINE_CURVE((1.,0.5,1.,0.5,
1.,0.5,1.)) REPRESENTATION_ITEM('') );
#1474 = CARTESIAN_POINT('',(-19.12741699797,22.62741699797));
#1475 = CARTESIAN_POINT('',(-19.12741699797,16.565239171478));
#1476 = CARTESIAN_POINT('',(-24.37741699797,19.596328084724));
#1477 = CARTESIAN_POINT('',(-29.62741699797,22.62741699797));
#1478 = CARTESIAN_POINT('',(-24.37741699797,25.658505911215));
#1479 = CARTESIAN_POINT('',(-19.12741699797,28.689594824461));
#1480 = CARTESIAN_POINT('',(-19.12741699797,22.62741699797));
#1481 = ( GEOMETRIC_REPRESENTATION_CONTEXT(2) 
PARAMETRIC_REPRESENTATION_CONTEXT() REPRESENTATION_CONTEXT('2D SPACE',''
  ) );
#1482 = PCURVE('',#1483,#1488);
#1483 = CYLINDRICAL_SURFACE('',#1484,3.5);
#1484 = AXIS2_PLACEMENT_3D('',#1485,#1486,#1487);
#1485 = CARTESIAN_POINT('',(27.37258300203,72.62741699797,-1.));
#1486 = DIRECTION('',(-0.,-0.,-1.));
#1487 = DIRECTION('',(1.,0.,0.));
#1488 = DEFINITIONAL_REPRESENTATION('',(#1489),#1493);
#1489 = LINE('',#1490,#1491);
#1490 = CARTESIAN_POINT('',(-6.28318530718,-9.));
#1491 = VECTOR('',#1492,1.);
#1492 = DIRECTION('',(1.,-0.));
#1493 = ( GEOMETRIC_REPRESENTATION_CONTEXT(2) 
PARAMETRIC_REPRESENTATION_CONTEXT() REPRESENTATION_CONTEXT('2D SPACE',''
  ) );
#1494 = FACE_BOUND('',#1495,.T.);
#1495 = EDGE_LOOP('',(#1496));
#1496 = ORIENTED_EDGE('',*,*,#880,.F.);
#1497 = FACE_BOUND('',#1498,.T.);
#1498 = EDGE_LOOP('',(#1499));
#1499 = ORIENTED_EDGE('',*,*,#1500,.T.);
#1500 = EDGE_CURVE('',#1501,#1501,#1503,.T.);
#1501 = VERTEX_POINT('',#1502);
#1502 = CARTESIAN_POINT('',(76.12741699797,72.62741699797,8.));
#1503 = SURFACE_CURVE('',#1504,(#1509,#1520),.PCURVE_S1.);
#1504 = CIRCLE('',#1505,3.5);
#1505 = AXIS2_PLACEMENT_3D('',#1506,#1507,#1508);
#1506 = CARTESIAN_POINT('',(72.62741699797,72.62741699797,8.));
#1507 = DIRECTION('',(0.,0.,-1.));
#1508 = DIRECTION('',(1.,0.,0.));
#1509 = PCURVE('',#895,#1510);
#1510 = DEFINITIONAL_REPRESENTATION('',(#1511),#1519);
#1511 = ( BOUNDED_CURVE() B_SPLINE_CURVE(2,(#1512,#1513,#1514,#1515,
#1516,#1517,#1518),.UNSPECIFIED.,.T.,.F.) B_SPLINE_CURVE_WITH_KNOTS((1,2
    ,2,2,2,1),(-2.094395102393,0.,2.094395102393,4.188790204786,
6.28318530718,8.377580409573),.UNSPECIFIED.) CURVE() 
GEOMETRIC_REPRESENTATION_ITEM() RATIONAL_B_SPLINE_CURVE((1.,0.5,1.,0.5,
1.,0.5,1.)) REPRESENTATION_ITEM('') );
#1512 = CARTESIAN_POINT('',(26.12741699797,22.62741699797));
#1513 = CARTESIAN_POINT('',(26.12741699797,16.565239171478));
#1514 = CARTESIAN_POINT('',(20.87741699797,19.596328084724));
#1515 = CARTESIAN_POINT('',(15.62741699797,22.62741699797));
#1516 = CARTESIAN_POINT('',(20.87741699797,25.658505911215));
#1517 = CARTESIAN_POINT('',(26.12741699797,28.689594824461));
#1518 = CARTESIAN_POINT('',(26.12741699797,22.62741699797));
#1519 = ( GEOMETRIC_REPRESENTATION_CONTEXT(2) 
PARAMETRIC_REPRESENTATION_CONTEXT() REPRESENTATION_CONTEXT('2D SPACE',''
  ) );
#1520 = PCURVE('',#1521,#1526);
#1521 = CYLINDRICAL_SURFACE('',#1522,3.5);
#1522 = AXIS2_PLACEMENT_3D('',#1523,#1524,#1525);
#1523 = CARTESIAN_POINT('',(72.62741699797,72.62741699797,-1.));
#1524 = DIRECTION('',(-0.,-0.,-1.));
#1525 = DIRECTION('',(1.,0.,0.));
#1526 = DEFINITIONAL_REPRESENTATION('',(#1527),#1531);
#1527 = LINE('',#1528,#1529);
#1528 = CARTESIAN_POINT('',(-6.28318530718,-9.));
#1529 = VECTOR('',#1530,1.);
#1530 = DIRECTION('',(1.,-0.));
#1531 = ( GEOMETRIC_REPRESENTATION_CONTEXT(2) 
PARAMETRIC_REPRESENTATION_CONTEXT() REPRESENTATION_CONTEXT('2D SPACE',''
  ) );
#1532 = ADVANCED_FACE('',(#1533),#958,.F.);
#1533 = FACE_BOUND('',#1534,.T.);
#1534 = EDGE_LOOP('',(#1535,#1561,#1562));
#1535 = ORIENTED_EDGE('',*,*,#1536,.T.);
#1536 = EDGE_CURVE('',#915,#985,#1537,.T.);
#1537 = SURFACE_CURVE('',#1538,(#1543,#1550),.PCURVE_S1.);
#1538 = CIRCLE('',#1539,3.);
#1539 = AXIS2_PLACEMENT_3D('',#1540,#1541,#1542);
#1540 = CARTESIAN_POINT('',(38.,50.,49.));
#1541 = DIRECTION('',(0.,0.,-1.));
#1542 = DIRECTION('',(0.945818071538,0.32469705196,0.));
#1543 = PCURVE('',#958,#1544);
#1544 = DEFINITIONAL_REPRESENTATION('',(#1545),#1549);
#1545 = LINE('',#1546,#1547);
#1546 = CARTESIAN_POINT('',(-6.613876714996,0.));
#1547 = VECTOR('',#1548,1.);
#1548 = DIRECTION('',(1.,-0.));
#1549 = ( GEOMETRIC_REPRESENTATION_CONTEXT(2) 
PARAMETRIC_REPRESENTATION_CONTEXT() REPRESENTATION_CONTEXT('2D SPACE',''
  ) );
#1550 = PCURVE('',#1068,#1551);
#1551 = DEFINITIONAL_REPRESENTATION('',(#1552),#1560);
#1552 = ( BOUNDED_CURVE() B_SPLINE_CURVE(2,(#1553,#1554,#1555,#1556,
#1557,#1558,#1559),.UNSPECIFIED.,.T.,.F.) B_SPLINE_CURVE_WITH_KNOTS((1,2
    ,2,2,2,1),(-2.094395102393,0.,2.094395102393,4.188790204786,
6.28318530718,8.377580409573),.UNSPECIFIED.) CURVE() 
GEOMETRIC_REPRESENTATION_ITEM() RATIONAL_B_SPLINE_CURVE((1.,0.5,1.,0.5,
1.,0.5,1.)) REPRESENTATION_ITEM('') );
#1553 = CARTESIAN_POINT('',(2.837454214615,0.97409115588));
#1554 = CARTESIAN_POINT('',(4.524629587802,-3.940523707984));
#1555 = CARTESIAN_POINT('',(-0.575139420714,-2.944353009872));
#1556 = CARTESIAN_POINT('',(-5.67490842923,-1.948182311759));
#1557 = CARTESIAN_POINT('',(-2.262314793901,1.970261853992));
#1558 = CARTESIAN_POINT('',(1.150278841428,5.888706019743));
#1559 = CARTESIAN_POINT('',(2.837454214615,0.97409115588));
#1560 = ( GEOMETRIC_REPRESENTATION_CONTEXT(2) 
PARAMETRIC_REPRESENTATION_CONTEXT() REPRESENTATION_CONTEXT('2D SPACE',''
  ) );
#1561 = ORIENTED_EDGE('',*,*,#984,.T.);
#1562 = ORIENTED_EDGE('',*,*,#914,.T.);
#1563 = ADVANCED_FACE('',(#1564),#1068,.T.);
#1564 = FACE_BOUND('',#1565,.T.);
#1565 = EDGE_LOOP('',(#1566,#1567));
#1566 = ORIENTED_EDGE('',*,*,#1046,.F.);
#1567 = ORIENTED_EDGE('',*,*,#1536,.F.);
#1568 = ADVANCED_FACE('',(#1569,#1595,#1625,#1655,#1658,#1688),#1269,.F.
  );
#1569 = FACE_BOUND('',#1570,.F.);
#1570 = EDGE_LOOP('',(#1571));
#1571 = ORIENTED_EDGE('',*,*,#1572,.T.);
#1572 = EDGE_CURVE('',#1573,#1573,#1575,.T.);
#1573 = VERTEX_POINT('',#1574);
#1574 = CARTESIAN_POINT('',(92.,50.,0.));
#1575 = SURFACE_CURVE('',#1576,(#1581,#1588),.PCURVE_S1.);
#1576 = CIRCLE('',#1577,42.);
#1577 = AXIS2_PLACEMENT_3D('',#1578,#1579,#1580);
#1578 = CARTESIAN_POINT('',(50.,50.,0.));
#1579 = DIRECTION('',(0.,0.,1.));
#1580 = DIRECTION('',(1.,0.,0.));
#1581 = PCURVE('',#1269,#1582);
#1582 = DEFINITIONAL_REPRESENTATION('',(#1583),#1587);
#1583 = CIRCLE('',#1584,42.);
#1584 = AXIS2_PLACEMENT_2D('',#1585,#1586);
#1585 = CARTESIAN_POINT('',(0.,-7.105427357601E-15));
#1586 = DIRECTION('',(1.,0.));
#1587 = ( GEOMETRIC_REPRESENTATION_CONTEXT(2) 
PARAMETRIC_REPRESENTATION_CONTEXT() REPRESENTATION_CONTEXT('2D SPACE',''
  ) );
#1588 = PCURVE('',#1378,#1589);
#1589 = DEFINITIONAL_REPRESENTATION('',(#1590),#1594);
#1590 = LINE('',#1591,#1592);
#1591 = CARTESIAN_POINT('',(-0.,0.));
#1592 = VECTOR('',#1593,1.);
#1593 = DIRECTION('',(-1.,0.));
#1594 = ( GEOMETRIC_REPRESENTATION_CONTEXT(2) 
PARAMETRIC_REPRESENTATION_CONTEXT() REPRESENTATION_CONTEXT('2D SPACE',''
  ) );
#1595 = FACE_BOUND('',#1596,.F.);
#1596 = EDGE_LOOP('',(#1597));
#1597 = ORIENTED_EDGE('',*,*,#1598,.T.);
#1598 = EDGE_CURVE('',#1599,#1599,#1601,.T.);
#1599 = VERTEX_POINT('',#1600);
#1600 = CARTESIAN_POINT('',(30.87258300203,27.37258300203,0.));
#1601 = SURFACE_CURVE('',#1602,(#1607,#1618),.PCURVE_S1.);
#1602 = CIRCLE('',#1603,3.5);
#1603 = AXIS2_PLACEMENT_3D('',#1604,#1605,#1606);
#1604 = CARTESIAN_POINT('',(27.37258300203,27.37258300203,0.));
#1605 = DIRECTION('',(0.,0.,-1.));
#1606 = DIRECTION('',(1.,0.,0.));
#1607 = PCURVE('',#1269,#1608);
#1608 = DEFINITIONAL_REPRESENTATION('',(#1609),#1617);
#1609 = ( BOUNDED_CURVE() B_SPLINE_CURVE(2,(#1610,#1611,#1612,#1613,
#1614,#1615,#1616),.UNSPECIFIED.,.T.,.F.) B_SPLINE_CURVE_WITH_KNOTS((1,2
    ,2,2,2,1),(-2.094395102393,0.,2.094395102393,4.188790204786,
6.28318530718,8.377580409573),.UNSPECIFIED.) CURVE() 
GEOMETRIC_REPRESENTATION_ITEM() RATIONAL_B_SPLINE_CURVE((1.,0.5,1.,0.5,
1.,0.5,1.)) REPRESENTATION_ITEM('') );
#1610 = CARTESIAN_POINT('',(-19.12741699797,-22.62741699797));
#1611 = CARTESIAN_POINT('',(-19.12741699797,-28.68959482446));
#1612 = CARTESIAN_POINT('',(-24.37741699797,-25.65850591121));
#1613 = CARTESIAN_POINT('',(-29.62741699797,-22.62741699797));
#1614 = CARTESIAN_POINT('',(-24.37741699797,-19.59632808472));
#1615 = CARTESIAN_POINT('',(-19.12741699797,-16.56523917147));
#1616 = CARTESIAN_POINT('',(-19.12741699797,-22.62741699797));
#1617 = ( GEOMETRIC_REPRESENTATION_CONTEXT(2) 
PARAMETRIC_REPRESENTATION_CONTEXT() REPRESENTATION_CONTEXT('2D SPACE',''
  ) );
#1618 = PCURVE('',#1413,#1619);
#1619 = DEFINITIONAL_REPRESENTATION('',(#1620),#1624);
#1620 = LINE('',#1621,#1622);
#1621 = CARTESIAN_POINT('',(-6.28318530718,-1.));
#1622 = VECTOR('',#1623,1.);
#1623 = DIRECTION('',(1.,-0.));
#1624 = ( GEOMETRIC_REPRESENTATION_CONTEXT(2) 
PARAMETRIC_REPRESENTATION_CONTEXT() REPRESENTATION_CONTEXT('2D SPACE',''
  ) );
#1625 = FACE_BOUND('',#1626,.F.);
#1626 = EDGE_LOOP('',(#1627));
#1627 = ORIENTED_EDGE('',*,*,#1628,.T.);
#1628 = EDGE_CURVE('',#1629,#1629,#1631,.T.);
#1629 = VERTEX_POINT('',#1630);
#1630 = CARTESIAN_POINT('',(76.12741699797,27.37258300203,0.));
#1631 = SURFACE_CURVE('',#1632,(#1637,#1648),.PCURVE_S1.);
#1632 = CIRCLE('',#1633,3.5);
#1633 = AXIS2_PLACEMENT_3D('',#1634,#1635,#1636);
#1634 = CARTESIAN_POINT('',(72.62741699797,27.37258300203,0.));
#1635 = DIRECTION('',(0.,0.,-1.));
#1636 = DIRECTION('',(1.,0.,0.));
#1637 = PCURVE('',#1269,#1638);
#1638 = DEFINITIONAL_REPRESENTATION('',(#1639),#1647);
#1639 = ( BOUNDED_CURVE() B_SPLINE_CURVE(2,(#1640,#1641,#1642,#1643,
#1644,#1645,#1646),.UNSPECIFIED.,.T.,.F.) B_SPLINE_CURVE_WITH_KNOTS((1,2
    ,2,2,2,1),(-2.094395102393,0.,2.094395102393,4.188790204786,
6.28318530718,8.377580409573),.UNSPECIFIED.) CURVE() 
GEOMETRIC_REPRESENTATION_ITEM() RATIONAL_B_SPLINE_CURVE((1.,0.5,1.,0.5,
1.,0.5,1.)) REPRESENTATION_ITEM('') );
#1640 = CARTESIAN_POINT('',(26.12741699797,-22.62741699797));
#1641 = CARTESIAN_POINT('',(26.12741699797,-28.68959482446));
#1642 = CARTESIAN_POINT('',(20.87741699797,-25.65850591121));
#1643 = CARTESIAN_POINT('',(15.62741699797,-22.62741699797));
#1644 = CARTESIAN_POINT('',(20.87741699797,-19.59632808472));
#1645 = CARTESIAN_POINT('',(26.12741699797,-16.56523917147));
#1646 = CARTESIAN_POINT('',(26.12741699797,-22.62741699797));
#1647 = ( GEOMETRIC_REPRESENTATION_CONTEXT(2) 
PARAMETRIC_REPRESENTATION_CONTEXT() REPRESENTATION_CONTEXT('2D SPACE',''
  ) );
#1648 = PCURVE('',#1448,#1649);
#1649 = DEFINITIONAL_REPRESENTATION('',(#1650),#1654);
#1650 = LINE('',#1651,#1652);
#1651 = CARTESIAN_POINT('',(-6.28318530718,-1.));
#1652 = VECTOR('',#1653,1.);
#1653 = DIRECTION('',(1.,-0.));
#1654 = ( GEOMETRIC_REPRESENTATION_CONTEXT(2) 
PARAMETRIC_REPRESENTATION_CONTEXT() REPRESENTATION_CONTEXT('2D SPACE',''
  ) );
#1655 = FACE_BOUND('',#1656,.F.);
#1656 = EDGE_LOOP('',(#1657));
#1657 = ORIENTED_EDGE('',*,*,#1143,.T.);
#1658 = FACE_BOUND('',#1659,.F.);
#1659 = EDGE_LOOP('',(#1660));
#1660 = ORIENTED_EDGE('',*,*,#1661,.T.);
#1661 = EDGE_CURVE('',#1662,#1662,#1664,.T.);
#1662 = VERTEX_POINT('',#1663);
#1663 = CARTESIAN_POINT('',(30.87258300203,72.62741699797,0.));
#1664 = SURFACE_CURVE('',#1665,(#1670,#1681),.PCURVE_S1.);
#1665 = CIRCLE('',#1666,3.5);
#1666 = AXIS2_PLACEMENT_3D('',#1667,#1668,#1669);
#1667 = CARTESIAN_POINT('',(27.37258300203,72.62741699797,0.));
#1668 = DIRECTION('',(0.,0.,-1.));
#1669 = DIRECTION('',(1.,0.,0.));
#1670 = PCURVE('',#1269,#1671);
#1671 = DEFINITIONAL_REPRESENTATION('',(#1672),#1680);
#1672 = ( BOUNDED_CURVE() B_SPLINE_CURVE(2,(#1673,#1674,#1675,#1676,
#1677,#1678,#1679),.UNSPECIFIED.,.T.,.F.) B_SPLINE_CURVE_WITH_KNOTS((1,2
    ,2,2,2,1),(-2.094395102393,0.,2.094395102393,4.188790204786,
6.28318530718,8.377580409573),.UNSPECIFIED.) CURVE() 
GEOMETRIC_REPRESENTATION_ITEM() RATIONAL_B_SPLINE_CURVE((1.,0.5,1.,0.5,
1.,0.5,1.)) REPRESENTATION_ITEM('') );
#1673 = CARTESIAN_POINT('',(-19.12741699797,22.62741699797));
#1674 = CARTESIAN_POINT('',(-19.12741699797,16.565239171478));
#1675 = CARTESIAN_POINT('',(-24.37741699797,19.596328084724));
#1676 = CARTESIAN_POINT('',(-29.62741699797,22.62741699797));
#1677 = CARTESIAN_POINT('',(-24.37741699797,25.658505911215));
#1678 = CARTESIAN_POINT('',(-19.12741699797,28.689594824461));
#1679 = CARTESIAN_POINT('',(-19.12741699797,22.62741699797));
#1680 = ( GEOMETRIC_REPRESENTATION_CONTEXT(2) 
PARAMETRIC_REPRESENTATION_CONTEXT() REPRESENTATION_CONTEXT('2D SPACE',''
  ) );
#1681 = PCURVE('',#1483,#1682);
#1682 = DEFINITIONAL_REPRESENTATION('',(#1683),#1687);
#1683 = LINE('',#1684,#1685);
#1684 = CARTESIAN_POINT('',(-6.28318530718,-1.));
#1685 = VECTOR('',#1686,1.);
#1686 = DIRECTION('',(1.,-0.));
#1687 = ( GEOMETRIC_REPRESENTATION_CONTEXT(2) 
PARAMETRIC_REPRESENTATION_CONTEXT() REPRESENTATION_CONTEXT('2D SPACE',''
  ) );
#1688 = FACE_BOUND('',#1689,.F.);
#1689 = EDGE_LOOP('',(#1690));
#1690 = ORIENTED_EDGE('',*,*,#1691,.T.);
#1691 = EDGE_CURVE('',#1692,#1692,#1694,.T.);
#1692 = VERTEX_POINT('',#1693);
#1693 = CARTESIAN_POINT('',(76.12741699797,72.62741699797,0.));
#1694 = SURFACE_CURVE('',#1695,(#1700,#1711),.PCURVE_S1.);
#1695 = CIRCLE('',#1696,3.5);
#1696 = AXIS2_PLACEMENT_3D('',#1697,#1698,#1699);
#1697 = CARTESIAN_POINT('',(72.62741699797,72.62741699797,0.));
#1698 = DIRECTION('',(0.,0.,-1.));
#1699 = DIRECTION('',(1.,0.,0.));
#1700 = PCURVE('',#1269,#1701);
#1701 = DEFINITIONAL_REPRESENTATION('',(#1702),#1710);
#1702 = ( BOUNDED_CURVE() B_SPLINE_CURVE(2,(#1703,#1704,#1705,#1706,
#1707,#1708,#1709),.UNSPECIFIED.,.T.,.F.) B_SPLINE_CURVE_WITH_KNOTS((1,2
    ,2,2,2,1),(-2.094395102393,0.,2.094395102393,4.188790204786,
6.28318530718,8.377580409573),.UNSPECIFIED.) CURVE() 
GEOMETRIC_REPRESENTATION_ITEM() RATIONAL_B_SPLINE_CURVE((1.,0.5,1.,0.5,
1.,0.5,1.)) REPRESENTATION_ITEM('') );
#1703 = CARTESIAN_POINT('',(26.12741699797,22.62741699797));
#1704 = CARTESIAN_POINT('',(26.12741699797,16.565239171478));
#1705 = CARTESIAN_POINT('',(20.87741699797,19.596328084724));
#1706 = CARTESIAN_POINT('',(15.62741699797,22.62741699797));
#1707 = CARTESIAN_POINT('',(20.87741699797,25.658505911215));
#1708 = CARTESIAN_POINT('',(26.12741699797,28.689594824461));
#1709 = CARTESIAN_POINT('',(26.12741699797,22.62741699797));
#1710 = ( GEOMETRIC_REPRESENTATION_CONTEXT(2) 
PARAMETRIC_REPRESENTATION_CONTEXT() REPRESENTATION_CONTEXT('2D SPACE',''
  ) );
#1711 = PCURVE('',#1521,#1712);
#1712 = DEFINITIONAL_REPRESENTATION('',(#1713),#1717);
#1713 = LINE('',#1714,#1715);
#1714 = CARTESIAN_POINT('',(-6.28318530718,-1.));
#1715 = VECTOR('',#1716,1.);
#1716 = DIRECTION('',(1.,-0.));
#1717 = ( GEOMETRIC_REPRESENTATION_CONTEXT(2) 
PARAMETRIC_REPRESENTATION_CONTEXT() REPRESENTATION_CONTEXT('2D SPACE',''
  ) );
#1718 = ADVANCED_FACE('',(#1719),#1378,.T.);
#1719 = FACE_BOUND('',#1720,.F.);
#1720 = EDGE_LOOP('',(#1721,#1742,#1743,#1744));
#1721 = ORIENTED_EDGE('',*,*,#1722,.T.);
#1722 = EDGE_CURVE('',#1573,#1362,#1723,.T.);
#1723 = SEAM_CURVE('',#1724,(#1728,#1735),.PCURVE_S1.);
#1724 = LINE('',#1725,#1726);
#1725 = CARTESIAN_POINT('',(92.,50.,0.));
#1726 = VECTOR('',#1727,1.);
#1727 = DIRECTION('',(0.,0.,1.));
#1728 = PCURVE('',#1378,#1729);
#1729 = DEFINITIONAL_REPRESENTATION('',(#1730),#1734);
#1730 = LINE('',#1731,#1732);
#1731 = CARTESIAN_POINT('',(-0.,0.));
#1732 = VECTOR('',#1733,1.);
#1733 = DIRECTION('',(-0.,-1.));
#1734 = ( GEOMETRIC_REPRESENTATION_CONTEXT(2) 
PARAMETRIC_REPRESENTATION_CONTEXT() REPRESENTATION_CONTEXT('2D SPACE',''
  ) );
#1735 = PCURVE('',#1378,#1736);
#1736 = DEFINITIONAL_REPRESENTATION('',(#1737),#1741);
#1737 = LINE('',#1738,#1739);
#1738 = CARTESIAN_POINT('',(-6.28318530718,0.));
#1739 = VECTOR('',#1740,1.);
#1740 = DIRECTION('',(-0.,-1.));
#1741 = ( GEOMETRIC_REPRESENTATION_CONTEXT(2) 
PARAMETRIC_REPRESENTATION_CONTEXT() REPRESENTATION_CONTEXT('2D SPACE',''
  ) );
#1742 = ORIENTED_EDGE('',*,*,#1361,.T.);
#1743 = ORIENTED_EDGE('',*,*,#1722,.F.);
#1744 = ORIENTED_EDGE('',*,*,#1572,.F.);
#1745 = ADVANCED_FACE('',(#1746),#1413,.F.);
#1746 = FACE_BOUND('',#1747,.T.);
#1747 = EDGE_LOOP('',(#1748,#1749,#1770,#1771));
#1748 = ORIENTED_EDGE('',*,*,#1598,.T.);
#1749 = ORIENTED_EDGE('',*,*,#1750,.T.);
#1750 = EDGE_CURVE('',#1599,#1393,#1751,.T.);
#1751 = SEAM_CURVE('',#1752,(#1756,#1763),.PCURVE_S1.);
#1752 = LINE('',#1753,#1754);
#1753 = CARTESIAN_POINT('',(30.87258300203,27.37258300203,-1.));
#1754 = VECTOR('',#1755,1.);
#1755 = DIRECTION('',(0.,0.,1.));
#1756 = PCURVE('',#1413,#1757);
#1757 = DEFINITIONAL_REPRESENTATION('',(#1758),#1762);
#1758 = LINE('',#1759,#1760);
#1759 = CARTESIAN_POINT('',(-6.28318530718,0.));
#1760 = VECTOR('',#1761,1.);
#1761 = DIRECTION('',(-0.,-1.));
#1762 = ( GEOMETRIC_REPRESENTATION_CONTEXT(2) 
PARAMETRIC_REPRESENTATION_CONTEXT() REPRESENTATION_CONTEXT('2D SPACE',''
  ) );
#1763 = PCURVE('',#1413,#1764);
#1764 = DEFINITIONAL_REPRESENTATION('',(#1765),#1769);
#1765 = LINE('',#1766,#1767);
#1766 = CARTESIAN_POINT('',(-0.,0.));
#1767 = VECTOR('',#1768,1.);
#1768 = DIRECTION('',(-0.,-1.));
#1769 = ( GEOMETRIC_REPRESENTATION_CONTEXT(2) 
PARAMETRIC_REPRESENTATION_CONTEXT() REPRESENTATION_CONTEXT('2D SPACE',''
  ) );
#1770 = ORIENTED_EDGE('',*,*,#1392,.F.);
#1771 = ORIENTED_EDGE('',*,*,#1750,.F.);
#1772 = ADVANCED_FACE('',(#1773),#1448,.F.);
#1773 = FACE_BOUND('',#1774,.T.);
#1774 = EDGE_LOOP('',(#1775,#1776,#1797,#1798));
#1775 = ORIENTED_EDGE('',*,*,#1628,.T.);
#1776 = ORIENTED_EDGE('',*,*,#1777,.T.);
#1777 = EDGE_CURVE('',#1629,#1428,#1778,.T.);
#1778 = SEAM_CURVE('',#1779,(#1783,#1790),.PCURVE_S1.);
#1779 = LINE('',#1780,#1781);
#1780 = CARTESIAN_POINT('',(76.12741699797,27.37258300203,-1.));
#1781 = VECTOR('',#1782,1.);
#1782 = DIRECTION('',(0.,0.,1.));
#1783 = PCURVE('',#1448,#1784);
#1784 = DEFINITIONAL_REPRESENTATION('',(#1785),#1789);
#1785 = LINE('',#1786,#1787);
#1786 = CARTESIAN_POINT('',(-6.28318530718,0.));
#1787 = VECTOR('',#1788,1.);
#1788 = DIRECTION('',(-0.,-1.));
#1789 = ( GEOMETRIC_REPRESENTATION_CONTEXT(2) 
PARAMETRIC_REPRESENTATION_CONTEXT() REPRESENTATION_CONTEXT('2D SPACE',''
  ) );
#1790 = PCURVE('',#1448,#1791);
#1791 = DEFINITIONAL_REPRESENTATION('',(#1792),#1796);
#1792 = LINE('',#1793,#1794);
#1793 = CARTESIAN_POINT('',(-0.,0.));
#1794 = VECTOR('',#1795,1.);
#1795 = DIRECTION('',(-0.,-1.));
#1796 = ( GEOMETRIC_REPRESENTATION_CONTEXT(2) 
PARAMETRIC_REPRESENTATION_CONTEXT() REPRESENTATION_CONTEXT('2D SPACE',''
  ) );
#1797 = ORIENTED_EDGE('',*,*,#1427,.F.);
#1798 = ORIENTED_EDGE('',*,*,#1777,.F.);
#1799 = ADVANCED_FACE('',(#1800),#1483,.F.);
#1800 = FACE_BOUND('',#1801,.T.);
#1801 = EDGE_LOOP('',(#1802,#1803,#1824,#1825));
#1802 = ORIENTED_EDGE('',*,*,#1661,.T.);
#1803 = ORIENTED_EDGE('',*,*,#1804,.T.);
#1804 = EDGE_CURVE('',#1662,#1463,#1805,.T.);
#1805 = SEAM_CURVE('',#1806,(#1810,#1817),.PCURVE_S1.);
#1806 = LINE('',#1807,#1808);
#1807 = CARTESIAN_POINT('',(30.87258300203,72.62741699797,-1.));
#1808 = VECTOR('',#1809,1.);
#1809 = DIRECTION('',(0.,0.,1.));
#1810 = PCURVE('',#1483,#1811);
#1811 = DEFINITIONAL_REPRESENTATION('',(#1812),#1816);
#1812 = LINE('',#1813,#1814);
#1813 = CARTESIAN_POINT('',(-6.28318530718,0.));
#1814 = VECTOR('',#1815,1.);
#1815 = DIRECTION('',(-0.,-1.));
#1816 = ( GEOMETRIC_REPRESENTATION_CONTEXT(2) 
PARAMETRIC_REPRESENTATION_CONTEXT() REPRESENTATION_CONTEXT('2D SPACE',''
  ) );
#1817 = PCURVE('',#1483,#1818);
#1818 = DEFINITIONAL_REPRESENTATION('',(#1819),#1823);
#1819 = LINE('',#1820,#1821);
#1820 = CARTESIAN_POINT('',(-0.,0.));
#1821 = VECTOR('',#1822,1.);
#1822 = DIRECTION('',(-0.,-1.));
#1823 = ( GEOMETRIC_REPRESENTATION_CONTEXT(2) 
PARAMETRIC_REPRESENTATION_CONTEXT() REPRESENTATION_CONTEXT('2D SPACE',''
  ) );
#1824 = ORIENTED_EDGE('',*,*,#1462,.F.);
#1825 = ORIENTED_EDGE('',*,*,#1804,.F.);
#1826 = ADVANCED_FACE('',(#1827),#1521,.F.);
#1827 = FACE_BOUND('',#1828,.T.);
#1828 = EDGE_LOOP('',(#1829,#1830,#1851,#1852));
#1829 = ORIENTED_EDGE('',*,*,#1691,.T.);
#1830 = ORIENTED_EDGE('',*,*,#1831,.T.);
#1831 = EDGE_CURVE('',#1692,#1501,#1832,.T.);
#1832 = SEAM_CURVE('',#1833,(#1837,#1844),.PCURVE_S1.);
#1833 = LINE('',#1834,#1835);
#1834 = CARTESIAN_POINT('',(76.12741699797,72.62741699797,-1.));
#1835 = VECTOR('',#1836,1.);
#1836 = DIRECTION('',(0.,0.,1.));
#1837 = PCURVE('',#1521,#1838);
#1838 = DEFINITIONAL_REPRESENTATION('',(#1839),#1843);
#1839 = LINE('',#1840,#1841);
#1840 = CARTESIAN_POINT('',(-6.28318530718,0.));
#1841 = VECTOR('',#1842,1.);
#1842 = DIRECTION('',(-0.,-1.));
#1843 = ( GEOMETRIC_REPRESENTATION_CONTEXT(2) 
PARAMETRIC_REPRESENTATION_CONTEXT() REPRESENTATION_CONTEXT('2D SPACE',''
  ) );
#1844 = PCURVE('',#1521,#1845);
#1845 = DEFINITIONAL_REPRESENTATION('',(#1846),#1850);
#1846 = LINE('',#1847,#1848);
#1847 = CARTESIAN_POINT('',(-0.,0.));
#1848 = VECTOR('',#1849,1.);
#1849 = DIRECTION('',(-0.,-1.));
#1850 = ( GEOMETRIC_REPRESENTATION_CONTEXT(2) 
PARAMETRIC_REPRESENTATION_CONTEXT() REPRESENTATION_CONTEXT('2D SPACE',''
  ) );
#1851 = ORIENTED_EDGE('',*,*,#1500,.F.);
#1852 = ORIENTED_EDGE('',*,*,#1831,.F.);
#1853 = ( GEOMETRIC_REPRESENTATION_CONTEXT(3) 
GLOBAL_UNCERTAINTY_ASSIGNED_CONTEXT((#1857)) 
GLOBAL_UNIT_ASSIGNED_CONTEXT((#1854,#1855,#1856)) REPRESENTATION_CONTEXT
('Context #1','3D Context with UNIT and UNCERTAINTY') );
#1854 = ( LENGTH_UNIT() NAMED_UNIT(*) SI_UNIT(.MILLI.,.METRE.) );
#1855 = ( NAMED_UNIT(*) PLANE_ANGLE_UNIT() SI_UNIT($,.RADIAN.) );
#1856 = ( NAMED_UNIT(*) SI_UNIT($,.STERADIAN.) SOLID_ANGLE_UNIT() );
#1857 = UNCERTAINTY_MEASURE_WITH_UNIT(LENGTH_MEASURE(5.E-06),#1854,
  'distance_accuracy_value','confusion accuracy');
#1858 = PRODUCT_RELATED_PRODUCT_CATEGORY('part',$,(#7));
ENDSEC;
END-ISO-10303-21;
