/*--------------------------------*- C++ -*----------------------------------*\
  =========                 |
  \\      /  F ield         | OpenFOAM: The Open Source CFD Toolbox
   \\    /   O peration     | Website:  https://openfoam.org
    \\  /    A nd           | Version:  11
     \\/     M anipulation  |
\*---------------------------------------------------------------------------*/
FoamFile
{
    format      ascii;
    class       vectorField;
    location    "1.75/polyMesh";
    object      points;
}
// * * * * * * * * * * * * * * * * * * * * * * * * * * * * * * * * * * * * * //


3830
(
(0.7660446802 0.6427878086 -1)
(0.7966863807 0.6684992482 -1)
(0.8273280812 0.6942106878 -1)
(0.8579697818 0.7199221275 -1)
(0.8886114823 0.7456335671 -1)
(0.9192531829 0.7713450067 -1)
(0.9498948834 0.7970564463 -1)
(0.9805365839 0.8227678859 -1)
(1.011178284 0.8484793256 -1)
(1.041819985 0.8741907652 -1)
(1.072461686 0.8999022048 -1)
(0.713250471 0.7009092274 -1)
(0.7417804213 0.7289455365 -1)
(0.7703103716 0.7569818456 -1)
(0.798840322 0.7850181547 -1)
(0.8273702724 0.8130544638 -1)
(0.8559002227 0.8410907729 -1)
(0.884430173 0.869127082 -1)
(0.9129601234 0.897163391 -1)
(0.9414900738 0.9251997005 -1)
(0.970020024 0.9532360091 -1)
(0.9985499744 0.9812723187 -1)
(0.6560588987 0.7547093381 -1)
(0.6823012015 0.7848976639 -1)
(0.7085435044 0.8150859897 -1)
(0.7347858072 0.8452743155 -1)
(0.7610281101 0.8754626413 -1)
(0.7872704129 0.9056509671 -1)
(0.8135127158 0.9358392931 -1)
(0.8397550186 0.9660276184 -1)
(0.8659973215 0.9962159447 -1)
(0.8922396243 1.02640427 -1)
(0.9184819271 1.056592596 -1)
(0.5948225611 0.8038564519 -1)
(0.6186154232 0.8360106737 -1)
(0.6424082854 0.8681648956 -1)
(0.6662011475 0.9003191174 -1)
(0.6899940097 0.9324733393 -1)
(0.7137868718 0.9646275611 -1)
(0.7375797339 0.9967817831 -1)
(0.7613725962 1.028936005 -1)
(0.7851654583 1.061090227 -1)
(0.8089583205 1.093244449 -1)
(0.8327511826 1.125398671 -1)
(0.5299189925 0.8480475669 -1)
(0.5511157224 0.8819694438 -1)
(0.5723124523 0.9158913206 -1)
(0.5935091822 0.9498131975 -1)
(0.6147059121 0.9837350746 -1)
(0.635902642 1.017656951 -1)
(0.6570993718 1.051578828 -1)
(0.6782961017 1.085500704 -1)
(0.6994928316 1.119422582 -1)
(0.7206895615 1.153344459 -1)
(0.7418862914 1.187266335 -1)
(0.461748337 0.8870102358 -1)
(0.480218249 0.9224906285 -1)
(0.4986881611 0.9579710211 -1)
(0.517158073 0.9934514136 -1)
(0.5356279851 1.028931806 -1)
(0.5540978972 1.064412199 -1)
(0.5725678092 1.099892592 -1)
(0.5910377212 1.135372984 -1)
(0.6095076333 1.170853377 -1)
(0.6279775454 1.20633377 -1)
(0.6464474573 1.241814162 -1)
(0.3907308804 0.9205042459 -1)
(0.4063601007 0.9573244062 -1)
(0.4219893211 0.9941445665 -1)
(0.4376185414 1.030964727 -1)
(0.4532477617 1.067784888 -1)
(0.4688769821 1.104605048 -1)
(0.4845062025 1.141425209 -1)
(0.5001354228 1.178245368 -1)
(0.5157646431 1.215065529 -1)
(0.5313938635 1.251885689 -1)
(0.5470230838 1.28870585 -1)
(0.3173044599 0.9483230995 -1)
(0.3299966285 0.9862560196 -1)
(0.3426887971 1.024188939 -1)
(0.3553809657 1.062121859 -1)
(0.3680731343 1.10005478 -1)
(0.380765303 1.1379877 -1)
(0.3934574715 1.17592062 -1)
(0.4061496401 1.21385354 -1)
(0.4188418088 1.251786459 -1)
(0.4315339774 1.28971938 -1)
(0.444226146 1.3276523 -1)
(0.2419217644 0.970295288 -1)
(0.251598629 1.009107099 -1)
(0.2612754938 1.04791891 -1)
(0.2709523585 1.086730721 -1)
(0.2806292233 1.125542533 -1)
(0.290306088 1.164354343 -1)
(0.2999829527 1.203166154 -1)
(0.3096598175 1.241977966 -1)
(0.3193366822 1.280789777 -1)
(0.3290135469 1.319601587 -1)
(0.3386904116 1.358413399 -1)
(0.1650475436 0.9862853482 -1)
(0.1716494426 1.025736763 -1)
(0.1782513416 1.065188178 -1)
(0.1848532407 1.104639593 -1)
(0.1914551397 1.144091008 -1)
(0.1980570387 1.183542422 -1)
(0.2046589378 1.222993837 -1)
(0.2112608368 1.262445252 -1)
(0.2178627359 1.301896667 -1)
(0.2244646348 1.341348081 -1)
(0.2310665339 1.380799497 -1)
(0.08715574275 0.9961946981 -1)
(0.09064197246 1.036042486 -1)
(0.09412820217 1.075890274 -1)
(0.09761443188 1.115738062 -1)
(0.1011006616 1.15558585 -1)
(0.1045868913 1.195433638 -1)
(0.108073121 1.235281426 -1)
(0.1115593507 1.275129214 -1)
(0.1150455804 1.314977001 -1)
(0.1185318101 1.354824789 -1)
(0.1220180398 1.394672577 -1)
(0.7660446802 0.6427878086 1)
(0.7966863807 0.6684992482 1)
(0.8273280812 0.6942106878 1)
(0.8579697818 0.7199221275 1)
(0.8886114823 0.7456335671 1)
(0.9192531829 0.7713450067 1)
(0.9498948834 0.7970564463 1)
(0.9805365839 0.8227678859 1)
(1.011178284 0.8484793256 1)
(1.041819985 0.8741907652 1)
(1.072461686 0.8999022048 1)
(0.713250471 0.7009092274 1)
(0.7417804213 0.7289455365 1)
(0.7703103716 0.7569818456 1)
(0.798840322 0.7850181547 1)
(0.8273702724 0.8130544638 1)
(0.8559002227 0.8410907729 1)
(0.884430173 0.869127082 1)
(0.9129601234 0.897163391 1)
(0.9414900738 0.9251997005 1)
(0.970020024 0.9532360091 1)
(0.9985499744 0.9812723187 1)
(0.6560588987 0.7547093381 1)
(0.6823012015 0.7848976639 1)
(0.7085435044 0.8150859897 1)
(0.7347858072 0.8452743155 1)
(0.7610281101 0.8754626413 1)
(0.7872704129 0.9056509671 1)
(0.8135127158 0.9358392931 1)
(0.8397550186 0.9660276184 1)
(0.8659973215 0.9962159447 1)
(0.8922396243 1.02640427 1)
(0.9184819271 1.056592596 1)
(0.5948225611 0.8038564519 1)
(0.6186154232 0.8360106737 1)
(0.6424082854 0.8681648956 1)
(0.6662011475 0.9003191174 1)
(0.6899940097 0.9324733393 1)
(0.7137868718 0.9646275611 1)
(0.7375797339 0.9967817831 1)
(0.7613725962 1.028936005 1)
(0.7851654583 1.061090227 1)
(0.8089583205 1.093244449 1)
(0.8327511826 1.125398671 1)
(0.5299189925 0.8480475669 1)
(0.5511157224 0.8819694438 1)
(0.5723124523 0.9158913206 1)
(0.5935091822 0.9498131975 1)
(0.6147059121 0.9837350746 1)
(0.635902642 1.017656951 1)
(0.6570993718 1.051578828 1)
(0.6782961017 1.085500704 1)
(0.6994928316 1.119422582 1)
(0.7206895615 1.153344459 1)
(0.7418862914 1.187266335 1)
(0.461748337 0.8870102358 1)
(0.480218249 0.9224906285 1)
(0.4986881611 0.9579710211 1)
(0.517158073 0.9934514136 1)
(0.5356279851 1.028931806 1)
(0.5540978972 1.064412199 1)
(0.5725678092 1.099892592 1)
(0.5910377212 1.135372984 1)
(0.6095076333 1.170853377 1)
(0.6279775454 1.20633377 1)
(0.6464474573 1.241814162 1)
(0.3907308804 0.9205042459 1)
(0.4063601007 0.9573244062 1)
(0.4219893211 0.9941445665 1)
(0.4376185414 1.030964727 1)
(0.4532477617 1.067784888 1)
(0.4688769821 1.104605048 1)
(0.4845062025 1.141425209 1)
(0.5001354228 1.178245368 1)
(0.5157646431 1.215065529 1)
(0.5313938635 1.251885689 1)
(0.5470230838 1.28870585 1)
(0.3173044599 0.9483230995 1)
(0.3299966285 0.9862560196 1)
(0.3426887971 1.024188939 1)
(0.3553809657 1.062121859 1)
(0.3680731343 1.10005478 1)
(0.380765303 1.1379877 1)
(0.3934574715 1.17592062 1)
(0.4061496401 1.21385354 1)
(0.4188418088 1.251786459 1)
(0.4315339774 1.28971938 1)
(0.444226146 1.3276523 1)
(0.2419217644 0.970295288 1)
(0.251598629 1.009107099 1)
(0.2612754938 1.04791891 1)
(0.2709523585 1.086730721 1)
(0.2806292233 1.125542533 1)
(0.290306088 1.164354343 1)
(0.2999829527 1.203166154 1)
(0.3096598175 1.241977966 1)
(0.3193366822 1.280789777 1)
(0.3290135469 1.319601587 1)
(0.3386904116 1.358413399 1)
(0.1650475436 0.9862853482 1)
(0.1716494426 1.025736763 1)
(0.1782513416 1.065188178 1)
(0.1848532407 1.104639593 1)
(0.1914551397 1.144091008 1)
(0.1980570387 1.183542422 1)
(0.2046589378 1.222993837 1)
(0.2112608368 1.262445252 1)
(0.2178627359 1.301896667 1)
(0.2244646348 1.341348081 1)
(0.2310665339 1.380799497 1)
(0.08715574275 0.9961946981 1)
(0.09064197246 1.036042486 1)
(0.09412820217 1.075890274 1)
(0.09761443188 1.115738062 1)
(0.1011006616 1.15558585 1)
(0.1045868913 1.195433638 1)
(0.108073121 1.235281426 1)
(0.1115593507 1.275129214 1)
(0.1150455804 1.314977001 1)
(0.1185318101 1.354824789 1)
(0.1220180398 1.394672577 1)
(0.9961946981 -0.08715574275 -1)
(1.036042486 -0.09064197246 -1)
(1.075890274 -0.09412820217 -1)
(1.115738062 -0.09761443188 -1)
(1.15558585 -0.1011006616 -1)
(1.195433638 -0.1045868913 -1)
(1.235281426 -0.108073121 -1)
(1.275129214 -0.1115593507 -1)
(1.314977001 -0.1150455804 -1)
(1.354824789 -0.1185318101 -1)
(1.394672577 -0.1220180398 -1)
(0.9999619929 -0.008726520905 -1)
(1.039960427 -0.009075589033 -1)
(1.079958861 -0.009424657161 -1)
(1.119957294 -0.00977372529 -1)
(1.159955728 -0.01012279341 -1)
(1.199954162 -0.01047186154 -1)
(1.239952597 -0.01082092975 -1)
(1.279951031 -0.01116999787 -1)
(1.319949464 -0.01151906599 -1)
(1.359947898 -0.01186813411 -1)
(1.399946332 -0.01221720223 -1)
(0.9975641796 0.06975650806 -1)
(1.037466664 0.07254675043 -1)
(1.077369147 0.07533699294 -1)
(1.117271632 0.07812723527 -1)
(1.157174116 0.08091747769 -1)
(1.197076599 0.0837077201 -1)
(1.236979084 0.08649796243 -1)
(1.276881568 0.08928820484 -1)
(1.316784051 0.09207844726 -1)
(1.356686536 0.09486868959 -1)
(1.39658902 0.097658932 -1)
(0.9890160419 0.1478094689 -1)
(1.028576572 0.1537218171 -1)
(1.068137101 0.1596341652 -1)
(1.107697631 0.1655465133 -1)
(1.147258161 0.1714588614 -1)
(1.186818691 0.1773712095 -1)
(1.22637922 0.1832835577 -1)
(1.26593975 0.1891959058 -1)
(1.305500279 0.1951082539 -1)
(1.345060809 0.2010206021 -1)
(1.384621339 0.2069329502 -1)
(0.9743702818 0.2249511377 -1)
(1.013344961 0.2339491391 -1)
(1.05231964 0.2429471404 -1)
(1.091294319 0.2519451419 -1)
(1.130268998 0.2609431433 -1)
(1.169243678 0.2699411446 -1)
(1.208218357 0.2789391461 -1)
(1.247193036 0.2879371475 -1)
(1.286167715 0.2969351489 -1)
(1.325142395 0.3059331502 -1)
(1.364117074 0.3149311517 -1)
(0.9537171956 0.300705909 -1)
(0.9918657398 0.3127340883 -1)
(1.030014284 0.3247622675 -1)
(1.068162829 0.3367904467 -1)
(1.106311372 0.348818626 -1)
(1.144459917 0.3608468053 -1)
(1.18260846 0.3728749846 -1)
(1.220757005 0.3849031639 -1)
(1.258905549 0.3969313431 -1)
(1.297054093 0.4089595224 -1)
(1.335202637 0.4209877018 -1)
(0.9271841168 0.3746067281 -1)
(0.9642713346 0.3895909289 -1)
(1.001358552 0.4045751297 -1)
(1.03844577 0.4195593305 -1)
(1.075532988 0.4345435313 -1)
(1.112620205 0.4495277322 -1)
(1.149707423 0.4645119329 -1)
(1.186794642 0.4794961337 -1)
(1.223881859 0.4944803345 -1)
(1.260969077 0.5094645353 -1)
(1.298056294 0.5244487361 -1)
(0.8949346312 0.4461979708 -1)
(0.9307318742 0.464045813 -1)
(0.9665291171 0.4818936553 -1)
(1.00232636 0.4997414974 -1)
(1.038123603 0.5175893396 -1)
(1.073920846 0.5354371817 -1)
(1.10971809 0.5532850239 -1)
(1.145515332 0.5711328662 -1)
(1.181312575 0.5889807083 -1)
(1.217109818 0.6068285505 -1)
(1.252907062 0.6246763926 -1)
(0.8571675681 0.5150382519 -1)
(0.8914541405 0.535639701 -1)
(0.9257407131 0.5562411503 -1)
(0.9600272856 0.5768425995 -1)
(0.9943138581 0.5974440487 -1)
(1.028600431 0.6180454979 -1)
(1.062887003 0.6386469471 -1)
(1.097173575 0.6592483964 -1)
(1.131460149 0.6798498456 -1)
(1.165746721 0.7004512948 -1)
(1.200033293 0.721052744 -1)
(0.8141157746 0.5807031468 -1)
(0.8466802941 0.6039311928 -1)
(0.8792448137 0.6271592387 -1)
(0.9118093333 0.6503872848 -1)
(0.9443738529 0.6736153307 -1)
(0.9769383724 0.6968433768 -1)
(1.009502892 0.7200714227 -1)
(1.042067412 0.7432994687 -1)
(1.074631931 0.7665275147 -1)
(1.10719645 0.7897555608 -1)
(1.139760971 0.8129836066 -1)
(0.9961946981 -0.08715574275 1)
(1.036042486 -0.09064197246 1)
(1.075890274 -0.09412820217 1)
(1.115738062 -0.09761443188 1)
(1.15558585 -0.1011006616 1)
(1.195433638 -0.1045868913 1)
(1.235281426 -0.108073121 1)
(1.275129214 -0.1115593507 1)
(1.314977001 -0.1150455804 1)
(1.354824789 -0.1185318101 1)
(1.394672577 -0.1220180398 1)
(0.9999619929 -0.008726520905 1)
(1.039960427 -0.009075589033 1)
(1.079958861 -0.009424657161 1)
(1.119957294 -0.00977372529 1)
(1.159955728 -0.01012279341 1)
(1.199954162 -0.01047186154 1)
(1.239952597 -0.01082092975 1)
(1.279951031 -0.01116999787 1)
(1.319949464 -0.01151906599 1)
(1.359947898 -0.01186813411 1)
(1.399946332 -0.01221720223 1)
(0.9975641796 0.06975650806 1)
(1.037466664 0.07254675043 1)
(1.077369147 0.07533699294 1)
(1.117271632 0.07812723527 1)
(1.157174116 0.08091747769 1)
(1.197076599 0.0837077201 1)
(1.236979084 0.08649796243 1)
(1.276881568 0.08928820484 1)
(1.316784051 0.09207844726 1)
(1.356686536 0.09486868959 1)
(1.39658902 0.097658932 1)
(0.9890160419 0.1478094689 1)
(1.028576572 0.1537218171 1)
(1.068137101 0.1596341652 1)
(1.107697631 0.1655465133 1)
(1.147258161 0.1714588614 1)
(1.186818691 0.1773712095 1)
(1.22637922 0.1832835577 1)
(1.26593975 0.1891959058 1)
(1.305500279 0.1951082539 1)
(1.345060809 0.2010206021 1)
(1.384621339 0.2069329502 1)
(0.9743702818 0.2249511377 1)
(1.013344961 0.2339491391 1)
(1.05231964 0.2429471404 1)
(1.091294319 0.2519451419 1)
(1.130268998 0.2609431433 1)
(1.169243678 0.2699411446 1)
(1.208218357 0.2789391461 1)
(1.247193036 0.2879371475 1)
(1.286167715 0.2969351489 1)
(1.325142395 0.3059331502 1)
(1.364117074 0.3149311517 1)
(0.9537171956 0.300705909 1)
(0.9918657398 0.3127340883 1)
(1.030014284 0.3247622675 1)
(1.068162829 0.3367904467 1)
(1.106311372 0.348818626 1)
(1.144459917 0.3608468053 1)
(1.18260846 0.3728749846 1)
(1.220757005 0.3849031639 1)
(1.258905549 0.3969313431 1)
(1.297054093 0.4089595224 1)
(1.335202637 0.4209877018 1)
(0.9271841168 0.3746067281 1)
(0.9642713346 0.3895909289 1)
(1.001358552 0.4045751297 1)
(1.03844577 0.4195593305 1)
(1.075532988 0.4345435313 1)
(1.112620205 0.4495277322 1)
(1.149707423 0.4645119329 1)
(1.186794642 0.4794961337 1)
(1.223881859 0.4944803345 1)
(1.260969077 0.5094645353 1)
(1.298056294 0.5244487361 1)
(0.8949346312 0.4461979708 1)
(0.9307318742 0.464045813 1)
(0.9665291171 0.4818936553 1)
(1.00232636 0.4997414974 1)
(1.038123603 0.5175893396 1)
(1.073920846 0.5354371817 1)
(1.10971809 0.5532850239 1)
(1.145515332 0.5711328662 1)
(1.181312575 0.5889807083 1)
(1.217109818 0.6068285505 1)
(1.252907062 0.6246763926 1)
(0.8571675681 0.5150382519 1)
(0.8914541405 0.535639701 1)
(0.9257407131 0.5562411503 1)
(0.9600272856 0.5768425995 1)
(0.9943138581 0.5974440487 1)
(1.028600431 0.6180454979 1)
(1.062887003 0.6386469471 1)
(1.097173575 0.6592483964 1)
(1.131460149 0.6798498456 1)
(1.165746721 0.7004512948 1)
(1.200033293 0.721052744 1)
(0.8141157746 0.5807031468 1)
(0.8466802941 0.6039311928 1)
(0.8792448137 0.6271592387 1)
(0.9118093333 0.6503872848 1)
(0.9443738529 0.6736153307 1)
(0.9769383724 0.6968433768 1)
(1.009502892 0.7200714227 1)
(1.042067412 0.7432994687 1)
(1.074631931 0.7665275147 1)
(1.10719645 0.7897555608 1)
(1.139760971 0.8129836066 1)
(1.76 0 -1)
(2.12 0 -1)
(2.48 0 -1)
(2.84 0 -1)
(3.2 0 -1)
(3.56 0 -1)
(3.92 0 -1)
(4.28 0 -1)
(4.64 0 -1)
(5 0 -1)
(1.756115522 0.1087578752 -1)
(2.11654713 0.1076731002 -1)
(2.476978739 0.1065883252 -1)
(2.837410348 0.1055035502 -1)
(3.197841956 0.1044187751 -1)
(3.558273565 0.1033340001 -1)
(3.918705174 0.1022492251 -1)
(4.279136783 0.1011644501 -1)
(4.639568391 0.100079675 -1)
(5 0.0989949 -1)
(1.744486736 0.2169062373 -1)
(2.106210432 0.2148044109 -1)
(2.467934128 0.2127025845 -1)
(2.829657824 0.2106007582 -1)
(3.19138152 0.2084989318 -1)
(3.553105216 0.2063971054 -1)
(3.914828912 0.2042952791 -1)
(4.276552608 0.2021934527 -1)
(4.638276304 0.2000916264 -1)
(5 0.1979898 -1)
(1.725185338 0.3238393582 -1)
(2.089053634 0.3208555073 -1)
(2.452921929 0.3178716563 -1)
(2.816790225 0.3148878054 -1)
(3.180658521 0.3119039545 -1)
(3.544526817 0.3089201036 -1)
(3.908395113 0.3059362527 -1)
(4.272263408 0.3029524018 -1)
(4.636131704 0.2999685509 -1)
(5 0.2969847 -1)
(1.698330324 0.4289590023 -1)
(2.06518251 0.4252946243 -1)
(2.432034697 0.4216302462 -1)
(2.798886883 0.4179658682 -1)
(3.165739069 0.4143014902 -1)
(3.532591255 0.4106371121 -1)
(3.899443441 0.4069727341 -1)
(4.266295628 0.4033083561 -1)
(4.633147814 0.399643978 -1)
(5 0.3959796 -1)
(1.664087263 0.5316781146 -1)
(2.034744234 0.5275999352 -1)
(2.405401205 0.5235217558 -1)
(2.776058175 0.5194435764 -1)
(3.146715146 0.515365397 -1)
(3.517372117 0.5112872176 -1)
(3.888029088 0.5072090382 -1)
(4.258686058 0.5031308588 -1)
(4.629343029 0.4990526794 -1)
(5 0.4949745 -1)
(1.622667271 0.6314244397 -1)
(1.997926463 0.6272627686 -1)
(2.373185656 0.6231010975 -1)
(2.748444848 0.6189394265 -1)
(3.12370404 0.6147777554 -1)
(3.498963232 0.6106160843 -1)
(3.874222424 0.6064544132 -1)
(4.249481616 0.6022927422 -1)
(4.624740808 0.5981310711 -1)
(5 0.5939694 -1)
(1.574325713 0.7276440503 -1)
(1.954956189 0.7237907448 -1)
(2.335586666 0.7199374392 -1)
(2.716217142 0.7160841336 -1)
(3.096847618 0.712230828 -1)
(3.477478095 0.7083775224 -1)
(3.858108571 0.7045242168 -1)
(4.238739047 0.7006709112 -1)
(4.619369524 0.6968176056 -1)
(5 0.6929643 -1)
(1.519360625 0.8198047623 -1)
(1.906098333 0.8167108109 -1)
(2.292836042 0.8136168595 -1)
(2.67957375 0.8105229082 -1)
(3.066311458 0.8074289568 -1)
(3.453049167 0.8043350055 -1)
(3.839786875 0.8012410541 -1)
(4.226524583 0.7981471027 -1)
(4.613262292 0.7950531514 -1)
(5 0.7919592 -1)
(1.458110881 0.9073994153 -1)
(1.851654116 0.905572158 -1)
(2.245197352 0.9037449008 -1)
(2.638740587 0.9019176435 -1)
(3.032283823 0.9000903863 -1)
(3.425827058 0.898263129 -1)
(3.819370294 0.8964358718 -1)
(4.212913529 0.8946086145 -1)
(4.606456765 0.8927813573 -1)
(5 0.8909541 -1)
(1.3909541 0.989949 -1)
(1.7919592 0.989949 -1)
(2.1929643 0.989949 -1)
(2.5939694 0.989949 -1)
(2.9949745 0.989949 -1)
(3.3959796 0.989949 -1)
(3.7969847 0.989949 -1)
(4.1979898 0.989949 -1)
(4.5989949 0.989949 -1)
(5 0.989949 -1)
(1.76 0 1)
(2.12 0 1)
(2.48 0 1)
(2.84 0 1)
(3.2 0 1)
(3.56 0 1)
(3.92 0 1)
(4.28 0 1)
(4.64 0 1)
(5 0 1)
(1.756115522 0.1087578752 1)
(2.11654713 0.1076731002 1)
(2.476978739 0.1065883252 1)
(2.837410348 0.1055035502 1)
(3.197841956 0.1044187751 1)
(3.558273565 0.1033340001 1)
(3.918705174 0.1022492251 1)
(4.279136783 0.1011644501 1)
(4.639568391 0.100079675 1)
(5 0.0989949 1)
(1.744486736 0.2169062373 1)
(2.106210432 0.2148044109 1)
(2.467934128 0.2127025845 1)
(2.829657824 0.2106007582 1)
(3.19138152 0.2084989318 1)
(3.553105216 0.2063971054 1)
(3.914828912 0.2042952791 1)
(4.276552608 0.2021934527 1)
(4.638276304 0.2000916264 1)
(5 0.1979898 1)
(1.725185338 0.3238393582 1)
(2.089053634 0.3208555073 1)
(2.452921929 0.3178716563 1)
(2.816790225 0.3148878054 1)
(3.180658521 0.3119039545 1)
(3.544526817 0.3089201036 1)
(3.908395113 0.3059362527 1)
(4.272263408 0.3029524018 1)
(4.636131704 0.2999685509 1)
(5 0.2969847 1)
(1.698330324 0.4289590023 1)
(2.06518251 0.4252946243 1)
(2.432034697 0.4216302462 1)
(2.798886883 0.4179658682 1)
(3.165739069 0.4143014902 1)
(3.532591255 0.4106371121 1)
(3.899443441 0.4069727341 1)
(4.266295628 0.4033083561 1)
(4.633147814 0.399643978 1)
(5 0.3959796 1)
(1.664087263 0.5316781146 1)
(2.034744234 0.5275999352 1)
(2.405401205 0.5235217558 1)
(2.776058175 0.5194435764 1)
(3.146715146 0.515365397 1)
(3.517372117 0.5112872176 1)
(3.888029088 0.5072090382 1)
(4.258686058 0.5031308588 1)
(4.629343029 0.4990526794 1)
(5 0.4949745 1)
(1.622667271 0.6314244397 1)
(1.997926463 0.6272627686 1)
(2.373185656 0.6231010975 1)
(2.748444848 0.6189394265 1)
(3.12370404 0.6147777554 1)
(3.498963232 0.6106160843 1)
(3.874222424 0.6064544132 1)
(4.249481616 0.6022927422 1)
(4.624740808 0.5981310711 1)
(5 0.5939694 1)
(1.574325713 0.7276440503 1)
(1.954956189 0.7237907448 1)
(2.335586666 0.7199374392 1)
(2.716217142 0.7160841336 1)
(3.096847618 0.712230828 1)
(3.477478095 0.7083775224 1)
(3.858108571 0.7045242168 1)
(4.238739047 0.7006709112 1)
(4.619369524 0.6968176056 1)
(5 0.6929643 1)
(1.519360625 0.8198047623 1)
(1.906098333 0.8167108109 1)
(2.292836042 0.8136168595 1)
(2.67957375 0.8105229082 1)
(3.066311458 0.8074289568 1)
(3.453049167 0.8043350055 1)
(3.839786875 0.8012410541 1)
(4.226524583 0.7981471027 1)
(4.613262292 0.7950531514 1)
(5 0.7919592 1)
(1.458110881 0.9073994153 1)
(1.851654116 0.905572158 1)
(2.245197352 0.9037449008 1)
(2.638740587 0.9019176435 1)
(3.032283823 0.9000903863 1)
(3.425827058 0.898263129 1)
(3.819370294 0.8964358718 1)
(4.212913529 0.8946086145 1)
(4.606456765 0.8927813573 1)
(5 0.8909541 1)
(1.3909541 0.989949 1)
(1.7919592 0.989949 1)
(2.1929643 0.989949 1)
(2.5939694 0.989949 1)
(2.9949745 0.989949 1)
(3.3959796 0.989949 1)
(3.7969847 0.989949 1)
(4.1979898 0.989949 1)
(4.5989949 0.989949 1)
(5 0.989949 1)
(0.989949 1.1409541 -1)
(1.3909541 1.1409541 -1)
(1.7919592 1.1409541 -1)
(2.1929643 1.1409541 -1)
(2.5939694 1.1409541 -1)
(2.9949745 1.1409541 -1)
(3.3959796 1.1409541 -1)
(3.7969847 1.1409541 -1)
(4.1979898 1.1409541 -1)
(4.5989949 1.1409541 -1)
(5 1.1409541 -1)
(0.989949 1.2919592 -1)
(1.3909541 1.2919592 -1)
(1.7919592 1.2919592 -1)
(2.1929643 1.2919592 -1)
(2.5939694 1.2919592 -1)
(2.9949745 1.2919592 -1)
(3.3959796 1.2919592 -1)
(3.7969847 1.2919592 -1)
(4.1979898 1.2919592 -1)
(4.5989949 1.2919592 -1)
(5 1.2919592 -1)
(0.989949 1.4429643 -1)
(1.3909541 1.4429643 -1)
(1.7919592 1.4429643 -1)
(2.1929643 1.4429643 -1)
(2.5939694 1.4429643 -1)
(2.9949745 1.4429643 -1)
(3.3959796 1.4429643 -1)
(3.7969847 1.4429643 -1)
(4.1979898 1.4429643 -1)
(4.5989949 1.4429643 -1)
(5 1.4429643 -1)
(0.989949 1.5939694 -1)
(1.3909541 1.5939694 -1)
(1.7919592 1.5939694 -1)
(2.1929643 1.5939694 -1)
(2.5939694 1.5939694 -1)
(2.9949745 1.5939694 -1)
(3.3959796 1.5939694 -1)
(3.7969847 1.5939694 -1)
(4.1979898 1.5939694 -1)
(4.5989949 1.5939694 -1)
(5 1.5939694 -1)
(0.989949 1.7449745 -1)
(1.3909541 1.7449745 -1)
(1.7919592 1.7449745 -1)
(2.1929643 1.7449745 -1)
(2.5939694 1.7449745 -1)
(2.9949745 1.7449745 -1)
(3.3959796 1.7449745 -1)
(3.7969847 1.7449745 -1)
(4.1979898 1.7449745 -1)
(4.5989949 1.7449745 -1)
(5 1.7449745 -1)
(0.989949 1.8959796 -1)
(1.3909541 1.8959796 -1)
(1.7919592 1.8959796 -1)
(2.1929643 1.8959796 -1)
(2.5939694 1.8959796 -1)
(2.9949745 1.8959796 -1)
(3.3959796 1.8959796 -1)
(3.7969847 1.8959796 -1)
(4.1979898 1.8959796 -1)
(4.5989949 1.8959796 -1)
(5 1.8959796 -1)
(0.989949 2.0469847 -1)
(1.3909541 2.0469847 -1)
(1.7919592 2.0469847 -1)
(2.1929643 2.0469847 -1)
(2.5939694 2.0469847 -1)
(2.9949745 2.0469847 -1)
(3.3959796 2.0469847 -1)
(3.7969847 2.0469847 -1)
(4.1979898 2.0469847 -1)
(4.5989949 2.0469847 -1)
(5 2.0469847 -1)
(0.989949 2.1979898 -1)
(1.3909541 2.1979898 -1)
(1.7919592 2.1979898 -1)
(2.1929643 2.1979898 -1)
(2.5939694 2.1979898 -1)
(2.9949745 2.1979898 -1)
(3.3959796 2.1979898 -1)
(3.7969847 2.1979898 -1)
(4.1979898 2.1979898 -1)
(4.5989949 2.1979898 -1)
(5 2.1979898 -1)
(0.989949 2.3489949 -1)
(1.3909541 2.3489949 -1)
(1.7919592 2.3489949 -1)
(2.1929643 2.3489949 -1)
(2.5939694 2.3489949 -1)
(2.9949745 2.3489949 -1)
(3.3959796 2.3489949 -1)
(3.7969847 2.3489949 -1)
(4.1979898 2.3489949 -1)
(4.5989949 2.3489949 -1)
(5 2.3489949 -1)
(0.989949 2.5 -1)
(1.3909541 2.5 -1)
(1.7919592 2.5 -1)
(2.1929643 2.5 -1)
(2.5939694 2.5 -1)
(2.9949745 2.5 -1)
(3.3959796 2.5 -1)
(3.7969847 2.5 -1)
(4.1979898 2.5 -1)
(4.5989949 2.5 -1)
(5 2.5 -1)
(0.989949 1.1409541 1)
(1.3909541 1.1409541 1)
(1.7919592 1.1409541 1)
(2.1929643 1.1409541 1)
(2.5939694 1.1409541 1)
(2.9949745 1.1409541 1)
(3.3959796 1.1409541 1)
(3.7969847 1.1409541 1)
(4.1979898 1.1409541 1)
(4.5989949 1.1409541 1)
(5 1.1409541 1)
(0.989949 1.2919592 1)
(1.3909541 1.2919592 1)
(1.7919592 1.2919592 1)
(2.1929643 1.2919592 1)
(2.5939694 1.2919592 1)
(2.9949745 1.2919592 1)
(3.3959796 1.2919592 1)
(3.7969847 1.2919592 1)
(4.1979898 1.2919592 1)
(4.5989949 1.2919592 1)
(5 1.2919592 1)
(0.989949 1.4429643 1)
(1.3909541 1.4429643 1)
(1.7919592 1.4429643 1)
(2.1929643 1.4429643 1)
(2.5939694 1.4429643 1)
(2.9949745 1.4429643 1)
(3.3959796 1.4429643 1)
(3.7969847 1.4429643 1)
(4.1979898 1.4429643 1)
(4.5989949 1.4429643 1)
(5 1.4429643 1)
(0.989949 1.5939694 1)
(1.3909541 1.5939694 1)
(1.7919592 1.5939694 1)
(2.1929643 1.5939694 1)
(2.5939694 1.5939694 1)
(2.9949745 1.5939694 1)
(3.3959796 1.5939694 1)
(3.7969847 1.5939694 1)
(4.1979898 1.5939694 1)
(4.5989949 1.5939694 1)
(5 1.5939694 1)
(0.989949 1.7449745 1)
(1.3909541 1.7449745 1)
(1.7919592 1.7449745 1)
(2.1929643 1.7449745 1)
(2.5939694 1.7449745 1)
(2.9949745 1.7449745 1)
(3.3959796 1.7449745 1)
(3.7969847 1.7449745 1)
(4.1979898 1.7449745 1)
(4.5989949 1.7449745 1)
(5 1.7449745 1)
(0.989949 1.8959796 1)
(1.3909541 1.8959796 1)
(1.7919592 1.8959796 1)
(2.1929643 1.8959796 1)
(2.5939694 1.8959796 1)
(2.9949745 1.8959796 1)
(3.3959796 1.8959796 1)
(3.7969847 1.8959796 1)
(4.1979898 1.8959796 1)
(4.5989949 1.8959796 1)
(5 1.8959796 1)
(0.989949 2.0469847 1)
(1.3909541 2.0469847 1)
(1.7919592 2.0469847 1)
(2.1929643 2.0469847 1)
(2.5939694 2.0469847 1)
(2.9949745 2.0469847 1)
(3.3959796 2.0469847 1)
(3.7969847 2.0469847 1)
(4.1979898 2.0469847 1)
(4.5989949 2.0469847 1)
(5 2.0469847 1)
(0.989949 2.1979898 1)
(1.3909541 2.1979898 1)
(1.7919592 2.1979898 1)
(2.1929643 2.1979898 1)
(2.5939694 2.1979898 1)
(2.9949745 2.1979898 1)
(3.3959796 2.1979898 1)
(3.7969847 2.1979898 1)
(4.1979898 2.1979898 1)
(4.5989949 2.1979898 1)
(5 2.1979898 1)
(0.989949 2.3489949 1)
(1.3909541 2.3489949 1)
(1.7919592 2.3489949 1)
(2.1929643 2.3489949 1)
(2.5939694 2.3489949 1)
(2.9949745 2.3489949 1)
(3.3959796 2.3489949 1)
(3.7969847 2.3489949 1)
(4.1979898 2.3489949 1)
(4.5989949 2.3489949 1)
(5 2.3489949 1)
(0.989949 2.5 1)
(1.3909541 2.5 1)
(1.7919592 2.5 1)
(2.1929643 2.5 1)
(2.5939694 2.5 1)
(2.9949745 2.5 1)
(3.3959796 2.5 1)
(3.7969847 2.5 1)
(4.1979898 2.5 1)
(4.5989949 2.5 1)
(5 2.5 1)
(0 1.51 -1)
(0.1087578752 1.506115522 -1)
(0.2169062373 1.494486736 -1)
(0.3238393582 1.475185338 -1)
(0.4289590023 1.448330324 -1)
(0.5316781146 1.414087263 -1)
(0.6314244397 1.372667271 -1)
(0.7276440503 1.324325713 -1)
(0.8198047623 1.269360625 -1)
(0.9073994153 1.208110881 -1)
(0 1.62 -1)
(0.1076731002 1.61654713 -1)
(0.2148044109 1.606210432 -1)
(0.3208555073 1.589053634 -1)
(0.4252946243 1.56518251 -1)
(0.5275999352 1.534744234 -1)
(0.6272627686 1.497926463 -1)
(0.7237907448 1.454956189 -1)
(0.8167108109 1.406098333 -1)
(0.905572158 1.351654116 -1)
(0 1.73 -1)
(0.1065883252 1.726978739 -1)
(0.2127025845 1.717934128 -1)
(0.3178716563 1.702921929 -1)
(0.4216302462 1.682034697 -1)
(0.5235217558 1.655401205 -1)
(0.6231010975 1.623185656 -1)
(0.7199374392 1.585586666 -1)
(0.8136168595 1.542836042 -1)
(0.9037449008 1.495197352 -1)
(0 1.84 -1)
(0.1055035502 1.837410348 -1)
(0.2106007582 1.829657824 -1)
(0.3148878054 1.816790225 -1)
(0.4179658682 1.798886883 -1)
(0.5194435764 1.776058175 -1)
(0.6189394265 1.748444848 -1)
(0.7160841336 1.716217142 -1)
(0.8105229082 1.67957375 -1)
(0.9019176435 1.638740587 -1)
(0 1.95 -1)
(0.1044187751 1.947841956 -1)
(0.2084989318 1.94138152 -1)
(0.3119039545 1.930658521 -1)
(0.4143014902 1.915739069 -1)
(0.515365397 1.896715146 -1)
(0.6147777554 1.87370404 -1)
(0.712230828 1.846847618 -1)
(0.8074289568 1.816311458 -1)
(0.9000903863 1.782283823 -1)
(0 2.06 -1)
(0.1033340001 2.058273565 -1)
(0.2063971054 2.053105216 -1)
(0.3089201036 2.044526817 -1)
(0.4106371121 2.032591255 -1)
(0.5112872176 2.017372117 -1)
(0.6106160843 1.998963232 -1)
(0.7083775224 1.977478095 -1)
(0.8043350055 1.953049167 -1)
(0.898263129 1.925827058 -1)
(0 2.17 -1)
(0.1022492251 2.168705174 -1)
(0.2042952791 2.164828912 -1)
(0.3059362527 2.158395113 -1)
(0.4069727341 2.149443441 -1)
(0.5072090382 2.138029088 -1)
(0.6064544132 2.124222424 -1)
(0.7045242168 2.108108571 -1)
(0.8012410541 2.089786875 -1)
(0.8964358718 2.069370294 -1)
(0 2.28 -1)
(0.1011644501 2.279136783 -1)
(0.2021934527 2.276552608 -1)
(0.3029524018 2.272263408 -1)
(0.4033083561 2.266295628 -1)
(0.5031308588 2.258686058 -1)
(0.6022927422 2.249481616 -1)
(0.7006709112 2.238739047 -1)
(0.7981471027 2.226524583 -1)
(0.8946086145 2.212913529 -1)
(0 2.39 -1)
(0.100079675 2.389568391 -1)
(0.2000916264 2.388276304 -1)
(0.2999685509 2.386131704 -1)
(0.399643978 2.383147814 -1)
(0.4990526794 2.379343029 -1)
(0.5981310711 2.374740808 -1)
(0.6968176056 2.369369524 -1)
(0.7950531514 2.363262292 -1)
(0.8927813573 2.356456765 -1)
(0 2.5 -1)
(0.0989949 2.5 -1)
(0.1979898 2.5 -1)
(0.2969847 2.5 -1)
(0.3959796 2.5 -1)
(0.4949745 2.5 -1)
(0.5939694 2.5 -1)
(0.6929643 2.5 -1)
(0.7919592 2.5 -1)
(0.8909541 2.5 -1)
(0 1.51 1)
(0.1087578752 1.506115522 1)
(0.2169062373 1.494486736 1)
(0.3238393582 1.475185338 1)
(0.4289590023 1.448330324 1)
(0.5316781146 1.414087263 1)
(0.6314244397 1.372667271 1)
(0.7276440503 1.324325713 1)
(0.8198047623 1.269360625 1)
(0.9073994153 1.208110881 1)
(0 1.62 1)
(0.1076731002 1.61654713 1)
(0.2148044109 1.606210432 1)
(0.3208555073 1.589053634 1)
(0.4252946243 1.56518251 1)
(0.5275999352 1.534744234 1)
(0.6272627686 1.497926463 1)
(0.7237907448 1.454956189 1)
(0.8167108109 1.406098333 1)
(0.905572158 1.351654116 1)
(0 1.73 1)
(0.1065883252 1.726978739 1)
(0.2127025845 1.717934128 1)
(0.3178716563 1.702921929 1)
(0.4216302462 1.682034697 1)
(0.5235217558 1.655401205 1)
(0.6231010975 1.623185656 1)
(0.7199374392 1.585586666 1)
(0.8136168595 1.542836042 1)
(0.9037449008 1.495197352 1)
(0 1.84 1)
(0.1055035502 1.837410348 1)
(0.2106007582 1.829657824 1)
(0.3148878054 1.816790225 1)
(0.4179658682 1.798886883 1)
(0.5194435764 1.776058175 1)
(0.6189394265 1.748444848 1)
(0.7160841336 1.716217142 1)
(0.8105229082 1.67957375 1)
(0.9019176435 1.638740587 1)
(0 1.95 1)
(0.1044187751 1.947841956 1)
(0.2084989318 1.94138152 1)
(0.3119039545 1.930658521 1)
(0.4143014902 1.915739069 1)
(0.515365397 1.896715146 1)
(0.6147777554 1.87370404 1)
(0.712230828 1.846847618 1)
(0.8074289568 1.816311458 1)
(0.9000903863 1.782283823 1)
(0 2.06 1)
(0.1033340001 2.058273565 1)
(0.2063971054 2.053105216 1)
(0.3089201036 2.044526817 1)
(0.4106371121 2.032591255 1)
(0.5112872176 2.017372117 1)
(0.6106160843 1.998963232 1)
(0.7083775224 1.977478095 1)
(0.8043350055 1.953049167 1)
(0.898263129 1.925827058 1)
(0 2.17 1)
(0.1022492251 2.168705174 1)
(0.2042952791 2.164828912 1)
(0.3059362527 2.158395113 1)
(0.4069727341 2.149443441 1)
(0.5072090382 2.138029088 1)
(0.6064544132 2.124222424 1)
(0.7045242168 2.108108571 1)
(0.8012410541 2.089786875 1)
(0.8964358718 2.069370294 1)
(0 2.28 1)
(0.1011644501 2.279136783 1)
(0.2021934527 2.276552608 1)
(0.3029524018 2.272263408 1)
(0.4033083561 2.266295628 1)
(0.5031308588 2.258686058 1)
(0.6022927422 2.249481616 1)
(0.7006709112 2.238739047 1)
(0.7981471027 2.226524583 1)
(0.8946086145 2.212913529 1)
(0 2.39 1)
(0.100079675 2.389568391 1)
(0.2000916264 2.388276304 1)
(0.2999685509 2.386131704 1)
(0.399643978 2.383147814 1)
(0.4990526794 2.379343029 1)
(0.5981310711 2.374740808 1)
(0.6968176056 2.369369524 1)
(0.7950531514 2.363262292 1)
(0.8927813573 2.356456765 1)
(0 2.5 1)
(0.0989949 2.5 1)
(0.1979898 2.5 1)
(0.2969847 2.5 1)
(0.3959796 2.5 1)
(0.4949745 2.5 1)
(0.5939694 2.5 1)
(0.6929643 2.5 1)
(0.7919592 2.5 1)
(0.8909541 2.5 1)
(-0.8999022048 1.072461686 -1)
(-0.8741907652 1.041819985 -1)
(-0.8484793256 1.011178284 -1)
(-0.8227678859 0.9805365839 -1)
(-0.7970564463 0.9498948834 -1)
(-0.7713450067 0.9192531829 -1)
(-0.7456335671 0.8886114823 -1)
(-0.7199221275 0.8579697818 -1)
(-0.6942106878 0.8273280812 -1)
(-0.6684992482 0.7966863807 -1)
(-0.6427878086 0.7660446802 -1)
(-0.8129836066 1.139760971 -1)
(-0.7897555444 1.107196422 -1)
(-0.7665274821 1.074631874 -1)
(-0.7432994198 1.042067325 -1)
(-0.7200713574 1.009502777 -1)
(-0.6968432951 0.9769382281 -1)
(-0.6736152329 0.9443736796 -1)
(-0.6503871706 0.9118091312 -1)
(-0.6271591082 0.8792445827 -1)
(-0.6039310459 0.8466800342 -1)
(-0.5807029836 0.8141154858 -1)
(-0.721052744 1.200033293 -1)
(-0.7004512685 1.165746668 -1)
(-0.6798497929 1.131460043 -1)
(-0.6592483174 1.097173417 -1)
(-0.6386468418 1.062886792 -1)
(-0.6180453663 1.028600166 -1)
(-0.5974438908 0.9943135411 -1)
(-0.5768424152 0.9600269157 -1)
(-0.5562409397 0.9257402903 -1)
(-0.5356394642 0.891453665 -1)
(-0.5150379886 0.8571670396 -1)
(-0.6246763926 1.252907062 -1)
(-0.6068285196 1.217109747 -1)
(-0.5889806464 1.181312433 -1)
(-0.5711327734 1.145515119 -1)
(-0.5532849003 1.109717805 -1)
(-0.5354370272 1.07392049 -1)
(-0.5175891542 1.038123176 -1)
(-0.4997412811 1.002325862 -1)
(-0.481893408 0.9665285481 -1)
(-0.4640455349 0.930731234 -1)
(-0.4461976618 0.8949339199 -1)
(-0.5244487361 1.298056294 -1)
(-0.5094645042 1.260968994 -1)
(-0.4944802724 1.223881693 -1)
(-0.4794960406 1.186794392 -1)
(-0.4645118087 1.149707091 -1)
(-0.4495275769 1.11261979 -1)
(-0.434543345 1.07553249 -1)
(-0.4195591133 1.038445189 -1)
(-0.4045748814 1.001357888 -1)
(-0.3895906495 0.964270587 -1)
(-0.3746064177 0.9271832862 -1)
(-0.4209877018 1.335202637 -1)
(-0.4089594946 1.297054006 -1)
(-0.3969312875 1.258905373 -1)
(-0.3849030805 1.220756741 -1)
(-0.3728748735 1.182608108 -1)
(-0.3608466664 1.144459476 -1)
(-0.3488184594 1.106310844 -1)
(-0.3367902523 1.068162211 -1)
(-0.3247620453 1.030013579 -1)
(-0.3127338382 0.9918649468 -1)
(-0.3007056312 0.9537163144 -1)
(-0.3149311517 1.364117074 -1)
(-0.3059331281 1.325142309 -1)
(-0.2969351045 1.286167543 -1)
(-0.2879370809 1.247192778 -1)
(-0.2789390572 1.208218014 -1)
(-0.2699410335 1.169243249 -1)
(-0.2609430099 1.130268484 -1)
(-0.2519449863 1.091293718 -1)
(-0.2429469628 1.052318953 -1)
(-0.2339489392 1.013344188 -1)
(-0.2249509155 0.9743694234 -1)
(-0.2069329502 1.384621339 -1)
(-0.2010205865 1.345060734 -1)
(-0.195108223 1.305500127 -1)
(-0.1891958594 1.265939522 -1)
(-0.1832834957 1.226378916 -1)
(-0.1773711321 1.186818311 -1)
(-0.1714587685 1.147257705 -1)
(-0.165546405 1.107697099 -1)
(-0.1596340413 1.068136493 -1)
(-0.1537216777 1.028575888 -1)
(-0.1478093141 0.989015282 -1)
(-0.097658932 1.39658902 -1)
(-0.09486868089 1.356686477 -1)
(-0.0920784297 1.316783935 -1)
(-0.08928817859 1.276881393 -1)
(-0.08649792749 1.23697885 -1)
(-0.08370767638 1.197076307 -1)
(-0.08091742508 1.157173766 -1)
(-0.07812717398 1.117271223 -1)
(-0.07533692287 1.077368681 -1)
(-0.07254667176 1.037466138 -1)
(-0.06975642061 0.9975635958 -1)
(0.01221720223 1.399946332 -1)
(0.01186813731 1.359947865 -1)
(0.01151907238 1.319949399 -1)
(0.01117000746 1.279950931 -1)
(0.01082094248 1.239952464 -1)
(0.01047187752 1.199953997 -1)
(0.01012281264 1.159955531 -1)
(0.009773747677 1.119957064 -1)
(0.009424682709 1.079958596 -1)
(0.009075617839 1.03996013 -1)
(0.008726552862 0.9999616627 -1)
(-0.8999022048 1.072461686 1)
(-0.8741907652 1.041819985 1)
(-0.8484793256 1.011178284 1)
(-0.8227678859 0.9805365839 1)
(-0.7970564463 0.9498948834 1)
(-0.7713450067 0.9192531829 1)
(-0.7456335671 0.8886114823 1)
(-0.7199221275 0.8579697818 1)
(-0.6942106878 0.8273280812 1)
(-0.6684992482 0.7966863807 1)
(-0.6427878086 0.7660446802 1)
(-0.8129836066 1.139760971 1)
(-0.7897555444 1.107196422 1)
(-0.7665274821 1.074631874 1)
(-0.7432994198 1.042067325 1)
(-0.7200713574 1.009502777 1)
(-0.6968432951 0.9769382281 1)
(-0.6736152329 0.9443736796 1)
(-0.6503871706 0.9118091312 1)
(-0.6271591082 0.8792445827 1)
(-0.6039310459 0.8466800342 1)
(-0.5807029836 0.8141154858 1)
(-0.721052744 1.200033293 1)
(-0.7004512685 1.165746668 1)
(-0.6798497929 1.131460043 1)
(-0.6592483174 1.097173417 1)
(-0.6386468418 1.062886792 1)
(-0.6180453663 1.028600166 1)
(-0.5974438908 0.9943135411 1)
(-0.5768424152 0.9600269157 1)
(-0.5562409397 0.9257402903 1)
(-0.5356394642 0.891453665 1)
(-0.5150379886 0.8571670396 1)
(-0.6246763926 1.252907062 1)
(-0.6068285196 1.217109747 1)
(-0.5889806464 1.181312433 1)
(-0.5711327734 1.145515119 1)
(-0.5532849003 1.109717805 1)
(-0.5354370272 1.07392049 1)
(-0.5175891542 1.038123176 1)
(-0.4997412811 1.002325862 1)
(-0.481893408 0.9665285481 1)
(-0.4640455349 0.930731234 1)
(-0.4461976618 0.8949339199 1)
(-0.5244487361 1.298056294 1)
(-0.5094645042 1.260968994 1)
(-0.4944802724 1.223881693 1)
(-0.4794960406 1.186794392 1)
(-0.4645118087 1.149707091 1)
(-0.4495275769 1.11261979 1)
(-0.434543345 1.07553249 1)
(-0.4195591133 1.038445189 1)
(-0.4045748814 1.001357888 1)
(-0.3895906495 0.964270587 1)
(-0.3746064177 0.9271832862 1)
(-0.4209877018 1.335202637 1)
(-0.4089594946 1.297054006 1)
(-0.3969312875 1.258905373 1)
(-0.3849030805 1.220756741 1)
(-0.3728748735 1.182608108 1)
(-0.3608466664 1.144459476 1)
(-0.3488184594 1.106310844 1)
(-0.3367902523 1.068162211 1)
(-0.3247620453 1.030013579 1)
(-0.3127338382 0.9918649468 1)
(-0.3007056312 0.9537163144 1)
(-0.3149311517 1.364117074 1)
(-0.3059331281 1.325142309 1)
(-0.2969351045 1.286167543 1)
(-0.2879370809 1.247192778 1)
(-0.2789390572 1.208218014 1)
(-0.2699410335 1.169243249 1)
(-0.2609430099 1.130268484 1)
(-0.2519449863 1.091293718 1)
(-0.2429469628 1.052318953 1)
(-0.2339489392 1.013344188 1)
(-0.2249509155 0.9743694234 1)
(-0.2069329502 1.384621339 1)
(-0.2010205865 1.345060734 1)
(-0.195108223 1.305500127 1)
(-0.1891958594 1.265939522 1)
(-0.1832834957 1.226378916 1)
(-0.1773711321 1.186818311 1)
(-0.1714587685 1.147257705 1)
(-0.165546405 1.107697099 1)
(-0.1596340413 1.068136493 1)
(-0.1537216777 1.028575888 1)
(-0.1478093141 0.989015282 1)
(-0.097658932 1.39658902 1)
(-0.09486868089 1.356686477 1)
(-0.0920784297 1.316783935 1)
(-0.08928817859 1.276881393 1)
(-0.08649792749 1.23697885 1)
(-0.08370767638 1.197076307 1)
(-0.08091742508 1.157173766 1)
(-0.07812717398 1.117271223 1)
(-0.07533692287 1.077368681 1)
(-0.07254667176 1.037466138 1)
(-0.06975642061 0.9975635958 1)
(0.01221720223 1.399946332 1)
(0.01186813731 1.359947865 1)
(0.01151907238 1.319949399 1)
(0.01117000746 1.279950931 1)
(0.01082094248 1.239952464 1)
(0.01047187752 1.199953997 1)
(0.01012281264 1.159955531 1)
(0.009773747677 1.119957064 1)
(0.009424682709 1.079958596 1)
(0.009075617839 1.03996013 1)
(0.008726552862 0.9999616627 1)
(-1.394672577 0.1220180398 -1)
(-1.354824789 0.1185318101 -1)
(-1.314977001 0.1150455804 -1)
(-1.275129214 0.1115593507 -1)
(-1.235281426 0.108073121 -1)
(-1.195433638 0.1045868913 -1)
(-1.15558585 0.1011006616 -1)
(-1.115738062 0.09761443188 -1)
(-1.075890274 0.09412820217 -1)
(-1.036042486 0.09064197246 -1)
(-0.9961946981 0.08715574275 -1)
(-1.380799497 0.2310665339 -1)
(-1.341348081 0.2244646348 -1)
(-1.301896667 0.2178627359 -1)
(-1.262445252 0.2112608368 -1)
(-1.222993837 0.2046589378 -1)
(-1.183542422 0.1980570387 -1)
(-1.144091008 0.1914551397 -1)
(-1.104639593 0.1848532407 -1)
(-1.065188178 0.1782513416 -1)
(-1.025736763 0.1716494426 -1)
(-0.9862853482 0.1650475436 -1)
(-1.358413399 0.3386904116 -1)
(-1.319601587 0.3290135469 -1)
(-1.280789777 0.3193366822 -1)
(-1.241977966 0.3096598175 -1)
(-1.203166154 0.2999829527 -1)
(-1.164354343 0.290306088 -1)
(-1.125542533 0.2806292233 -1)
(-1.086730721 0.2709523585 -1)
(-1.04791891 0.2612754938 -1)
(-1.009107099 0.251598629 -1)
(-0.970295288 0.2419217644 -1)
(-1.3276523 0.444226146 -1)
(-1.28971938 0.4315339774 -1)
(-1.251786459 0.4188418088 -1)
(-1.21385354 0.4061496401 -1)
(-1.17592062 0.3934574715 -1)
(-1.1379877 0.380765303 -1)
(-1.10005478 0.3680731343 -1)
(-1.062121859 0.3553809657 -1)
(-1.024188939 0.3426887971 -1)
(-0.9862560196 0.3299966285 -1)
(-0.9483230995 0.3173044599 -1)
(-1.28870585 0.5470230838 -1)
(-1.251885689 0.5313938635 -1)
(-1.215065529 0.5157646431 -1)
(-1.178245368 0.5001354228 -1)
(-1.141425209 0.4845062025 -1)
(-1.104605048 0.4688769821 -1)
(-1.067784888 0.4532477617 -1)
(-1.030964727 0.4376185414 -1)
(-0.9941445665 0.4219893211 -1)
(-0.9573244062 0.4063601007 -1)
(-0.9205042459 0.3907308804 -1)
(-1.241814162 0.6464474573 -1)
(-1.20633377 0.6279775454 -1)
(-1.170853377 0.6095076333 -1)
(-1.135372984 0.5910377212 -1)
(-1.099892592 0.5725678092 -1)
(-1.064412199 0.5540978972 -1)
(-1.028931806 0.5356279851 -1)
(-0.9934514136 0.517158073 -1)
(-0.9579710211 0.4986881611 -1)
(-0.9224906285 0.480218249 -1)
(-0.8870102358 0.461748337 -1)
(-1.187266335 0.7418862914 -1)
(-1.153344459 0.7206895615 -1)
(-1.119422582 0.6994928316 -1)
(-1.085500704 0.6782961017 -1)
(-1.051578828 0.6570993718 -1)
(-1.017656951 0.635902642 -1)
(-0.9837350746 0.6147059121 -1)
(-0.9498131975 0.5935091822 -1)
(-0.9158913206 0.5723124523 -1)
(-0.8819694438 0.5511157224 -1)
(-0.8480475669 0.5299189925 -1)
(-1.125398671 0.8327511826 -1)
(-1.093244449 0.8089583205 -1)
(-1.061090227 0.7851654583 -1)
(-1.028936005 0.7613725962 -1)
(-0.9967817831 0.7375797339 -1)
(-0.9646275611 0.7137868718 -1)
(-0.9324733393 0.6899940097 -1)
(-0.9003191174 0.6662011475 -1)
(-0.8681648956 0.6424082854 -1)
(-0.8360106737 0.6186154232 -1)
(-0.8038564519 0.5948225611 -1)
(-1.056592596 0.9184819271 -1)
(-1.02640427 0.8922396243 -1)
(-0.9962159447 0.8659973215 -1)
(-0.9660276184 0.8397550186 -1)
(-0.9358392931 0.8135127158 -1)
(-0.9056509671 0.7872704129 -1)
(-0.8754626413 0.7610281101 -1)
(-0.8452743155 0.7347858072 -1)
(-0.8150859897 0.7085435044 -1)
(-0.7848976639 0.6823012015 -1)
(-0.7547093381 0.6560588987 -1)
(-0.9812723187 0.9985499744 -1)
(-0.9532360091 0.970020024 -1)
(-0.9251997005 0.9414900738 -1)
(-0.897163391 0.9129601234 -1)
(-0.869127082 0.884430173 -1)
(-0.8410907729 0.8559002227 -1)
(-0.8130544638 0.8273702724 -1)
(-0.7850181547 0.798840322 -1)
(-0.7569818456 0.7703103716 -1)
(-0.7289455365 0.7417804213 -1)
(-0.7009092274 0.713250471 -1)
(-1.394672577 0.1220180398 1)
(-1.354824789 0.1185318101 1)
(-1.314977001 0.1150455804 1)
(-1.275129214 0.1115593507 1)
(-1.235281426 0.108073121 1)
(-1.195433638 0.1045868913 1)
(-1.15558585 0.1011006616 1)
(-1.115738062 0.09761443188 1)
(-1.075890274 0.09412820217 1)
(-1.036042486 0.09064197246 1)
(-0.9961946981 0.08715574275 1)
(-1.380799497 0.2310665339 1)
(-1.341348081 0.2244646348 1)
(-1.301896667 0.2178627359 1)
(-1.262445252 0.2112608368 1)
(-1.222993837 0.2046589378 1)
(-1.183542422 0.1980570387 1)
(-1.144091008 0.1914551397 1)
(-1.104639593 0.1848532407 1)
(-1.065188178 0.1782513416 1)
(-1.025736763 0.1716494426 1)
(-0.9862853482 0.1650475436 1)
(-1.358413399 0.3386904116 1)
(-1.319601587 0.3290135469 1)
(-1.280789777 0.3193366822 1)
(-1.241977966 0.3096598175 1)
(-1.203166154 0.2999829527 1)
(-1.164354343 0.290306088 1)
(-1.125542533 0.2806292233 1)
(-1.086730721 0.2709523585 1)
(-1.04791891 0.2612754938 1)
(-1.009107099 0.251598629 1)
(-0.970295288 0.2419217644 1)
(-1.3276523 0.444226146 1)
(-1.28971938 0.4315339774 1)
(-1.251786459 0.4188418088 1)
(-1.21385354 0.4061496401 1)
(-1.17592062 0.3934574715 1)
(-1.1379877 0.380765303 1)
(-1.10005478 0.3680731343 1)
(-1.062121859 0.3553809657 1)
(-1.024188939 0.3426887971 1)
(-0.9862560196 0.3299966285 1)
(-0.9483230995 0.3173044599 1)
(-1.28870585 0.5470230838 1)
(-1.251885689 0.5313938635 1)
(-1.215065529 0.5157646431 1)
(-1.178245368 0.5001354228 1)
(-1.141425209 0.4845062025 1)
(-1.104605048 0.4688769821 1)
(-1.067784888 0.4532477617 1)
(-1.030964727 0.4376185414 1)
(-0.9941445665 0.4219893211 1)
(-0.9573244062 0.4063601007 1)
(-0.9205042459 0.3907308804 1)
(-1.241814162 0.6464474573 1)
(-1.20633377 0.6279775454 1)
(-1.170853377 0.6095076333 1)
(-1.135372984 0.5910377212 1)
(-1.099892592 0.5725678092 1)
(-1.064412199 0.5540978972 1)
(-1.028931806 0.5356279851 1)
(-0.9934514136 0.517158073 1)
(-0.9579710211 0.4986881611 1)
(-0.9224906285 0.480218249 1)
(-0.8870102358 0.461748337 1)
(-1.187266335 0.7418862914 1)
(-1.153344459 0.7206895615 1)
(-1.119422582 0.6994928316 1)
(-1.085500704 0.6782961017 1)
(-1.051578828 0.6570993718 1)
(-1.017656951 0.635902642 1)
(-0.9837350746 0.6147059121 1)
(-0.9498131975 0.5935091822 1)
(-0.9158913206 0.5723124523 1)
(-0.8819694438 0.5511157224 1)
(-0.8480475669 0.5299189925 1)
(-1.125398671 0.8327511826 1)
(-1.093244449 0.8089583205 1)
(-1.061090227 0.7851654583 1)
(-1.028936005 0.7613725962 1)
(-0.9967817831 0.7375797339 1)
(-0.9646275611 0.7137868718 1)
(-0.9324733393 0.6899940097 1)
(-0.9003191174 0.6662011475 1)
(-0.8681648956 0.6424082854 1)
(-0.8360106737 0.6186154232 1)
(-0.8038564519 0.5948225611 1)
(-1.056592596 0.9184819271 1)
(-1.02640427 0.8922396243 1)
(-0.9962159447 0.8659973215 1)
(-0.9660276184 0.8397550186 1)
(-0.9358392931 0.8135127158 1)
(-0.9056509671 0.7872704129 1)
(-0.8754626413 0.7610281101 1)
(-0.8452743155 0.7347858072 1)
(-0.8150859897 0.7085435044 1)
(-0.7848976639 0.6823012015 1)
(-0.7547093381 0.6560588987 1)
(-0.9812723187 0.9985499744 1)
(-0.9532360091 0.970020024 1)
(-0.9251997005 0.9414900738 1)
(-0.897163391 0.9129601234 1)
(-0.869127082 0.884430173 1)
(-0.8410907729 0.8559002227 1)
(-0.8130544638 0.8273702724 1)
(-0.7850181547 0.798840322 1)
(-0.7569818456 0.7703103716 1)
(-0.7289455365 0.7417804213 1)
(-0.7009092274 0.713250471 1)
(-5 0 -1)
(-4.64 0 -1)
(-4.28 0 -1)
(-3.92 0 -1)
(-3.56 0 -1)
(-3.2 0 -1)
(-2.84 0 -1)
(-2.48 0 -1)
(-2.12 0 -1)
(-1.76 0 -1)
(-5 0.0989949 -1)
(-4.639568391 0.100079675 -1)
(-4.279136783 0.1011644501 -1)
(-3.918705174 0.1022492251 -1)
(-3.558273565 0.1033340001 -1)
(-3.197841956 0.1044187751 -1)
(-2.837410348 0.1055035502 -1)
(-2.476978739 0.1065883252 -1)
(-2.11654713 0.1076731002 -1)
(-1.756115522 0.1087578752 -1)
(-5 0.1979898 -1)
(-4.638276304 0.2000916264 -1)
(-4.276552608 0.2021934527 -1)
(-3.914828912 0.2042952791 -1)
(-3.553105216 0.2063971054 -1)
(-3.19138152 0.2084989318 -1)
(-2.829657824 0.2106007582 -1)
(-2.467934128 0.2127025845 -1)
(-2.106210432 0.2148044109 -1)
(-1.744486736 0.2169062373 -1)
(-5 0.2969847 -1)
(-4.636131704 0.2999685509 -1)
(-4.272263408 0.3029524018 -1)
(-3.908395113 0.3059362527 -1)
(-3.544526817 0.3089201036 -1)
(-3.180658521 0.3119039545 -1)
(-2.816790225 0.3148878054 -1)
(-2.452921929 0.3178716563 -1)
(-2.089053634 0.3208555073 -1)
(-1.725185338 0.3238393582 -1)
(-5 0.3959796 -1)
(-4.633147814 0.399643978 -1)
(-4.266295628 0.4033083561 -1)
(-3.899443441 0.4069727341 -1)
(-3.532591255 0.4106371121 -1)
(-3.165739069 0.4143014902 -1)
(-2.798886883 0.4179658682 -1)
(-2.432034697 0.4216302462 -1)
(-2.06518251 0.4252946243 -1)
(-1.698330324 0.4289590023 -1)
(-5 0.4949745 -1)
(-4.629343029 0.4990526794 -1)
(-4.258686058 0.5031308588 -1)
(-3.888029088 0.5072090382 -1)
(-3.517372117 0.5112872176 -1)
(-3.146715146 0.515365397 -1)
(-2.776058175 0.5194435764 -1)
(-2.405401205 0.5235217558 -1)
(-2.034744234 0.5275999352 -1)
(-1.664087263 0.5316781146 -1)
(-5 0.5939694 -1)
(-4.624740808 0.5981310711 -1)
(-4.249481616 0.6022927422 -1)
(-3.874222424 0.6064544132 -1)
(-3.498963232 0.6106160843 -1)
(-3.12370404 0.6147777554 -1)
(-2.748444848 0.6189394265 -1)
(-2.373185656 0.6231010975 -1)
(-1.997926463 0.6272627686 -1)
(-1.622667271 0.6314244397 -1)
(-5 0.6929643 -1)
(-4.619369524 0.6968176056 -1)
(-4.238739047 0.7006709112 -1)
(-3.858108571 0.7045242168 -1)
(-3.477478095 0.7083775224 -1)
(-3.096847618 0.712230828 -1)
(-2.716217142 0.7160841336 -1)
(-2.335586666 0.7199374392 -1)
(-1.954956189 0.7237907448 -1)
(-1.574325713 0.7276440503 -1)
(-5 0.7919592 -1)
(-4.613262292 0.7950531514 -1)
(-4.226524583 0.7981471027 -1)
(-3.839786875 0.8012410541 -1)
(-3.453049167 0.8043350055 -1)
(-3.066311458 0.8074289568 -1)
(-2.67957375 0.8105229082 -1)
(-2.292836042 0.8136168595 -1)
(-1.906098333 0.8167108109 -1)
(-1.519360625 0.8198047623 -1)
(-5 0.8909541 -1)
(-4.606456765 0.8927813573 -1)
(-4.212913529 0.8946086145 -1)
(-3.819370294 0.8964358718 -1)
(-3.425827058 0.898263129 -1)
(-3.032283823 0.9000903863 -1)
(-2.638740587 0.9019176435 -1)
(-2.245197352 0.9037449008 -1)
(-1.851654116 0.905572158 -1)
(-1.458110881 0.9073994153 -1)
(-5 0.989949 -1)
(-4.5989949 0.989949 -1)
(-4.1979898 0.989949 -1)
(-3.7969847 0.989949 -1)
(-3.3959796 0.989949 -1)
(-2.9949745 0.989949 -1)
(-2.5939694 0.989949 -1)
(-2.1929643 0.989949 -1)
(-1.7919592 0.989949 -1)
(-1.3909541 0.989949 -1)
(-5 0 1)
(-4.64 0 1)
(-4.28 0 1)
(-3.92 0 1)
(-3.56 0 1)
(-3.2 0 1)
(-2.84 0 1)
(-2.48 0 1)
(-2.12 0 1)
(-1.76 0 1)
(-5 0.0989949 1)
(-4.639568391 0.100079675 1)
(-4.279136783 0.1011644501 1)
(-3.918705174 0.1022492251 1)
(-3.558273565 0.1033340001 1)
(-3.197841956 0.1044187751 1)
(-2.837410348 0.1055035502 1)
(-2.476978739 0.1065883252 1)
(-2.11654713 0.1076731002 1)
(-1.756115522 0.1087578752 1)
(-5 0.1979898 1)
(-4.638276304 0.2000916264 1)
(-4.276552608 0.2021934527 1)
(-3.914828912 0.2042952791 1)
(-3.553105216 0.2063971054 1)
(-3.19138152 0.2084989318 1)
(-2.829657824 0.2106007582 1)
(-2.467934128 0.2127025845 1)
(-2.106210432 0.2148044109 1)
(-1.744486736 0.2169062373 1)
(-5 0.2969847 1)
(-4.636131704 0.2999685509 1)
(-4.272263408 0.3029524018 1)
(-3.908395113 0.3059362527 1)
(-3.544526817 0.3089201036 1)
(-3.180658521 0.3119039545 1)
(-2.816790225 0.3148878054 1)
(-2.452921929 0.3178716563 1)
(-2.089053634 0.3208555073 1)
(-1.725185338 0.3238393582 1)
(-5 0.3959796 1)
(-4.633147814 0.399643978 1)
(-4.266295628 0.4033083561 1)
(-3.899443441 0.4069727341 1)
(-3.532591255 0.4106371121 1)
(-3.165739069 0.4143014902 1)
(-2.798886883 0.4179658682 1)
(-2.432034697 0.4216302462 1)
(-2.06518251 0.4252946243 1)
(-1.698330324 0.4289590023 1)
(-5 0.4949745 1)
(-4.629343029 0.4990526794 1)
(-4.258686058 0.5031308588 1)
(-3.888029088 0.5072090382 1)
(-3.517372117 0.5112872176 1)
(-3.146715146 0.515365397 1)
(-2.776058175 0.5194435764 1)
(-2.405401205 0.5235217558 1)
(-2.034744234 0.5275999352 1)
(-1.664087263 0.5316781146 1)
(-5 0.5939694 1)
(-4.624740808 0.5981310711 1)
(-4.249481616 0.6022927422 1)
(-3.874222424 0.6064544132 1)
(-3.498963232 0.6106160843 1)
(-3.12370404 0.6147777554 1)
(-2.748444848 0.6189394265 1)
(-2.373185656 0.6231010975 1)
(-1.997926463 0.6272627686 1)
(-1.622667271 0.6314244397 1)
(-5 0.6929643 1)
(-4.619369524 0.6968176056 1)
(-4.238739047 0.7006709112 1)
(-3.858108571 0.7045242168 1)
(-3.477478095 0.7083775224 1)
(-3.096847618 0.712230828 1)
(-2.716217142 0.7160841336 1)
(-2.335586666 0.7199374392 1)
(-1.954956189 0.7237907448 1)
(-1.574325713 0.7276440503 1)
(-5 0.7919592 1)
(-4.613262292 0.7950531514 1)
(-4.226524583 0.7981471027 1)
(-3.839786875 0.8012410541 1)
(-3.453049167 0.8043350055 1)
(-3.066311458 0.8074289568 1)
(-2.67957375 0.8105229082 1)
(-2.292836042 0.8136168595 1)
(-1.906098333 0.8167108109 1)
(-1.519360625 0.8198047623 1)
(-5 0.8909541 1)
(-4.606456765 0.8927813573 1)
(-4.212913529 0.8946086145 1)
(-3.819370294 0.8964358718 1)
(-3.425827058 0.898263129 1)
(-3.032283823 0.9000903863 1)
(-2.638740587 0.9019176435 1)
(-2.245197352 0.9037449008 1)
(-1.851654116 0.905572158 1)
(-1.458110881 0.9073994153 1)
(-5 0.989949 1)
(-4.5989949 0.989949 1)
(-4.1979898 0.989949 1)
(-3.7969847 0.989949 1)
(-3.3959796 0.989949 1)
(-2.9949745 0.989949 1)
(-2.5939694 0.989949 1)
(-2.1929643 0.989949 1)
(-1.7919592 0.989949 1)
(-1.3909541 0.989949 1)
(-5 1.1409541 -1)
(-4.5989949 1.1409541 -1)
(-4.1979898 1.1409541 -1)
(-3.7969847 1.1409541 -1)
(-3.3959796 1.1409541 -1)
(-2.9949745 1.1409541 -1)
(-2.5939694 1.1409541 -1)
(-2.1929643 1.1409541 -1)
(-1.7919592 1.1409541 -1)
(-1.3909541 1.1409541 -1)
(-0.989949 1.1409541 -1)
(-5 1.2919592 -1)
(-4.5989949 1.2919592 -1)
(-4.1979898 1.2919592 -1)
(-3.7969847 1.2919592 -1)
(-3.3959796 1.2919592 -1)
(-2.9949745 1.2919592 -1)
(-2.5939694 1.2919592 -1)
(-2.1929643 1.2919592 -1)
(-1.7919592 1.2919592 -1)
(-1.3909541 1.2919592 -1)
(-0.989949 1.2919592 -1)
(-5 1.4429643 -1)
(-4.5989949 1.4429643 -1)
(-4.1979898 1.4429643 -1)
(-3.7969847 1.4429643 -1)
(-3.3959796 1.4429643 -1)
(-2.9949745 1.4429643 -1)
(-2.5939694 1.4429643 -1)
(-2.1929643 1.4429643 -1)
(-1.7919592 1.4429643 -1)
(-1.3909541 1.4429643 -1)
(-0.989949 1.4429643 -1)
(-5 1.5939694 -1)
(-4.5989949 1.5939694 -1)
(-4.1979898 1.5939694 -1)
(-3.7969847 1.5939694 -1)
(-3.3959796 1.5939694 -1)
(-2.9949745 1.5939694 -1)
(-2.5939694 1.5939694 -1)
(-2.1929643 1.5939694 -1)
(-1.7919592 1.5939694 -1)
(-1.3909541 1.5939694 -1)
(-0.989949 1.5939694 -1)
(-5 1.7449745 -1)
(-4.5989949 1.7449745 -1)
(-4.1979898 1.7449745 -1)
(-3.7969847 1.7449745 -1)
(-3.3959796 1.7449745 -1)
(-2.9949745 1.7449745 -1)
(-2.5939694 1.7449745 -1)
(-2.1929643 1.7449745 -1)
(-1.7919592 1.7449745 -1)
(-1.3909541 1.7449745 -1)
(-0.989949 1.7449745 -1)
(-5 1.8959796 -1)
(-4.5989949 1.8959796 -1)
(-4.1979898 1.8959796 -1)
(-3.7969847 1.8959796 -1)
(-3.3959796 1.8959796 -1)
(-2.9949745 1.8959796 -1)
(-2.5939694 1.8959796 -1)
(-2.1929643 1.8959796 -1)
(-1.7919592 1.8959796 -1)
(-1.3909541 1.8959796 -1)
(-0.989949 1.8959796 -1)
(-5 2.0469847 -1)
(-4.5989949 2.0469847 -1)
(-4.1979898 2.0469847 -1)
(-3.7969847 2.0469847 -1)
(-3.3959796 2.0469847 -1)
(-2.9949745 2.0469847 -1)
(-2.5939694 2.0469847 -1)
(-2.1929643 2.0469847 -1)
(-1.7919592 2.0469847 -1)
(-1.3909541 2.0469847 -1)
(-0.989949 2.0469847 -1)
(-5 2.1979898 -1)
(-4.5989949 2.1979898 -1)
(-4.1979898 2.1979898 -1)
(-3.7969847 2.1979898 -1)
(-3.3959796 2.1979898 -1)
(-2.9949745 2.1979898 -1)
(-2.5939694 2.1979898 -1)
(-2.1929643 2.1979898 -1)
(-1.7919592 2.1979898 -1)
(-1.3909541 2.1979898 -1)
(-0.989949 2.1979898 -1)
(-5 2.3489949 -1)
(-4.5989949 2.3489949 -1)
(-4.1979898 2.3489949 -1)
(-3.7969847 2.3489949 -1)
(-3.3959796 2.3489949 -1)
(-2.9949745 2.3489949 -1)
(-2.5939694 2.3489949 -1)
(-2.1929643 2.3489949 -1)
(-1.7919592 2.3489949 -1)
(-1.3909541 2.3489949 -1)
(-0.989949 2.3489949 -1)
(-5 2.5 -1)
(-4.5989949 2.5 -1)
(-4.1979898 2.5 -1)
(-3.7969847 2.5 -1)
(-3.3959796 2.5 -1)
(-2.9949745 2.5 -1)
(-2.5939694 2.5 -1)
(-2.1929643 2.5 -1)
(-1.7919592 2.5 -1)
(-1.3909541 2.5 -1)
(-0.989949 2.5 -1)
(-5 1.1409541 1)
(-4.5989949 1.1409541 1)
(-4.1979898 1.1409541 1)
(-3.7969847 1.1409541 1)
(-3.3959796 1.1409541 1)
(-2.9949745 1.1409541 1)
(-2.5939694 1.1409541 1)
(-2.1929643 1.1409541 1)
(-1.7919592 1.1409541 1)
(-1.3909541 1.1409541 1)
(-0.989949 1.1409541 1)
(-5 1.2919592 1)
(-4.5989949 1.2919592 1)
(-4.1979898 1.2919592 1)
(-3.7969847 1.2919592 1)
(-3.3959796 1.2919592 1)
(-2.9949745 1.2919592 1)
(-2.5939694 1.2919592 1)
(-2.1929643 1.2919592 1)
(-1.7919592 1.2919592 1)
(-1.3909541 1.2919592 1)
(-0.989949 1.2919592 1)
(-5 1.4429643 1)
(-4.5989949 1.4429643 1)
(-4.1979898 1.4429643 1)
(-3.7969847 1.4429643 1)
(-3.3959796 1.4429643 1)
(-2.9949745 1.4429643 1)
(-2.5939694 1.4429643 1)
(-2.1929643 1.4429643 1)
(-1.7919592 1.4429643 1)
(-1.3909541 1.4429643 1)
(-0.989949 1.4429643 1)
(-5 1.5939694 1)
(-4.5989949 1.5939694 1)
(-4.1979898 1.5939694 1)
(-3.7969847 1.5939694 1)
(-3.3959796 1.5939694 1)
(-2.9949745 1.5939694 1)
(-2.5939694 1.5939694 1)
(-2.1929643 1.5939694 1)
(-1.7919592 1.5939694 1)
(-1.3909541 1.5939694 1)
(-0.989949 1.5939694 1)
(-5 1.7449745 1)
(-4.5989949 1.7449745 1)
(-4.1979898 1.7449745 1)
(-3.7969847 1.7449745 1)
(-3.3959796 1.7449745 1)
(-2.9949745 1.7449745 1)
(-2.5939694 1.7449745 1)
(-2.1929643 1.7449745 1)
(-1.7919592 1.7449745 1)
(-1.3909541 1.7449745 1)
(-0.989949 1.7449745 1)
(-5 1.8959796 1)
(-4.5989949 1.8959796 1)
(-4.1979898 1.8959796 1)
(-3.7969847 1.8959796 1)
(-3.3959796 1.8959796 1)
(-2.9949745 1.8959796 1)
(-2.5939694 1.8959796 1)
(-2.1929643 1.8959796 1)
(-1.7919592 1.8959796 1)
(-1.3909541 1.8959796 1)
(-0.989949 1.8959796 1)
(-5 2.0469847 1)
(-4.5989949 2.0469847 1)
(-4.1979898 2.0469847 1)
(-3.7969847 2.0469847 1)
(-3.3959796 2.0469847 1)
(-2.9949745 2.0469847 1)
(-2.5939694 2.0469847 1)
(-2.1929643 2.0469847 1)
(-1.7919592 2.0469847 1)
(-1.3909541 2.0469847 1)
(-0.989949 2.0469847 1)
(-5 2.1979898 1)
(-4.5989949 2.1979898 1)
(-4.1979898 2.1979898 1)
(-3.7969847 2.1979898 1)
(-3.3959796 2.1979898 1)
(-2.9949745 2.1979898 1)
(-2.5939694 2.1979898 1)
(-2.1929643 2.1979898 1)
(-1.7919592 2.1979898 1)
(-1.3909541 2.1979898 1)
(-0.989949 2.1979898 1)
(-5 2.3489949 1)
(-4.5989949 2.3489949 1)
(-4.1979898 2.3489949 1)
(-3.7969847 2.3489949 1)
(-3.3959796 2.3489949 1)
(-2.9949745 2.3489949 1)
(-2.5939694 2.3489949 1)
(-2.1929643 2.3489949 1)
(-1.7919592 2.3489949 1)
(-1.3909541 2.3489949 1)
(-0.989949 2.3489949 1)
(-5 2.5 1)
(-4.5989949 2.5 1)
(-4.1979898 2.5 1)
(-3.7969847 2.5 1)
(-3.3959796 2.5 1)
(-2.9949745 2.5 1)
(-2.5939694 2.5 1)
(-2.1929643 2.5 1)
(-1.7919592 2.5 1)
(-1.3909541 2.5 1)
(-0.989949 2.5 1)
(-0.9073994153 1.208110881 -1)
(-0.8198047623 1.269360625 -1)
(-0.7276440503 1.324325713 -1)
(-0.6314244397 1.372667271 -1)
(-0.5316781146 1.414087263 -1)
(-0.4289590023 1.448330324 -1)
(-0.3238393582 1.475185338 -1)
(-0.2169062373 1.494486736 -1)
(-0.1087578752 1.506115522 -1)
(-0.905572158 1.351654116 -1)
(-0.8167108109 1.406098333 -1)
(-0.7237907448 1.454956189 -1)
(-0.6272627686 1.497926463 -1)
(-0.5275999352 1.534744234 -1)
(-0.4252946243 1.56518251 -1)
(-0.3208555073 1.589053634 -1)
(-0.2148044109 1.606210432 -1)
(-0.1076731002 1.61654713 -1)
(-0.9037449008 1.495197352 -1)
(-0.8136168595 1.542836042 -1)
(-0.7199374392 1.585586666 -1)
(-0.6231010975 1.623185656 -1)
(-0.5235217558 1.655401205 -1)
(-0.4216302462 1.682034697 -1)
(-0.3178716563 1.702921929 -1)
(-0.2127025845 1.717934128 -1)
(-0.1065883252 1.726978739 -1)
(-0.9019176435 1.638740587 -1)
(-0.8105229082 1.67957375 -1)
(-0.7160841336 1.716217142 -1)
(-0.6189394265 1.748444848 -1)
(-0.5194435764 1.776058175 -1)
(-0.4179658682 1.798886883 -1)
(-0.3148878054 1.816790225 -1)
(-0.2106007582 1.829657824 -1)
(-0.1055035502 1.837410348 -1)
(-0.9000903863 1.782283823 -1)
(-0.8074289568 1.816311458 -1)
(-0.712230828 1.846847618 -1)
(-0.6147777554 1.87370404 -1)
(-0.515365397 1.896715146 -1)
(-0.4143014902 1.915739069 -1)
(-0.3119039545 1.930658521 -1)
(-0.2084989318 1.94138152 -1)
(-0.1044187751 1.947841956 -1)
(-0.898263129 1.925827058 -1)
(-0.8043350055 1.953049167 -1)
(-0.7083775224 1.977478095 -1)
(-0.6106160843 1.998963232 -1)
(-0.5112872176 2.017372117 -1)
(-0.4106371121 2.032591255 -1)
(-0.3089201036 2.044526817 -1)
(-0.2063971054 2.053105216 -1)
(-0.1033340001 2.058273565 -1)
(-0.8964358718 2.069370294 -1)
(-0.8012410541 2.089786875 -1)
(-0.7045242168 2.108108571 -1)
(-0.6064544132 2.124222424 -1)
(-0.5072090382 2.138029088 -1)
(-0.4069727341 2.149443441 -1)
(-0.3059362527 2.158395113 -1)
(-0.2042952791 2.164828912 -1)
(-0.1022492251 2.168705174 -1)
(-0.8946086145 2.212913529 -1)
(-0.7981471027 2.226524583 -1)
(-0.7006709112 2.238739047 -1)
(-0.6022927422 2.249481616 -1)
(-0.5031308588 2.258686058 -1)
(-0.4033083561 2.266295628 -1)
(-0.3029524018 2.272263408 -1)
(-0.2021934527 2.276552608 -1)
(-0.1011644501 2.279136783 -1)
(-0.8927813573 2.356456765 -1)
(-0.7950531514 2.363262292 -1)
(-0.6968176056 2.369369524 -1)
(-0.5981310711 2.374740808 -1)
(-0.4990526794 2.379343029 -1)
(-0.399643978 2.383147814 -1)
(-0.2999685509 2.386131704 -1)
(-0.2000916264 2.388276304 -1)
(-0.100079675 2.389568391 -1)
(-0.8909541 2.5 -1)
(-0.7919592 2.5 -1)
(-0.6929643 2.5 -1)
(-0.5939694 2.5 -1)
(-0.4949745 2.5 -1)
(-0.3959796 2.5 -1)
(-0.2969847 2.5 -1)
(-0.1979898 2.5 -1)
(-0.0989949 2.5 -1)
(-0.9073994153 1.208110881 1)
(-0.8198047623 1.269360625 1)
(-0.7276440503 1.324325713 1)
(-0.6314244397 1.372667271 1)
(-0.5316781146 1.414087263 1)
(-0.4289590023 1.448330324 1)
(-0.3238393582 1.475185338 1)
(-0.2169062373 1.494486736 1)
(-0.1087578752 1.506115522 1)
(-0.905572158 1.351654116 1)
(-0.8167108109 1.406098333 1)
(-0.7237907448 1.454956189 1)
(-0.6272627686 1.497926463 1)
(-0.5275999352 1.534744234 1)
(-0.4252946243 1.56518251 1)
(-0.3208555073 1.589053634 1)
(-0.2148044109 1.606210432 1)
(-0.1076731002 1.61654713 1)
(-0.9037449008 1.495197352 1)
(-0.8136168595 1.542836042 1)
(-0.7199374392 1.585586666 1)
(-0.6231010975 1.623185656 1)
(-0.5235217558 1.655401205 1)
(-0.4216302462 1.682034697 1)
(-0.3178716563 1.702921929 1)
(-0.2127025845 1.717934128 1)
(-0.1065883252 1.726978739 1)
(-0.9019176435 1.638740587 1)
(-0.8105229082 1.67957375 1)
(-0.7160841336 1.716217142 1)
(-0.6189394265 1.748444848 1)
(-0.5194435764 1.776058175 1)
(-0.4179658682 1.798886883 1)
(-0.3148878054 1.816790225 1)
(-0.2106007582 1.829657824 1)
(-0.1055035502 1.837410348 1)
(-0.9000903863 1.782283823 1)
(-0.8074289568 1.816311458 1)
(-0.712230828 1.846847618 1)
(-0.6147777554 1.87370404 1)
(-0.515365397 1.896715146 1)
(-0.4143014902 1.915739069 1)
(-0.3119039545 1.930658521 1)
(-0.2084989318 1.94138152 1)
(-0.1044187751 1.947841956 1)
(-0.898263129 1.925827058 1)
(-0.8043350055 1.953049167 1)
(-0.7083775224 1.977478095 1)
(-0.6106160843 1.998963232 1)
(-0.5112872176 2.017372117 1)
(-0.4106371121 2.032591255 1)
(-0.3089201036 2.044526817 1)
(-0.2063971054 2.053105216 1)
(-0.1033340001 2.058273565 1)
(-0.8964358718 2.069370294 1)
(-0.8012410541 2.089786875 1)
(-0.7045242168 2.108108571 1)
(-0.6064544132 2.124222424 1)
(-0.5072090382 2.138029088 1)
(-0.4069727341 2.149443441 1)
(-0.3059362527 2.158395113 1)
(-0.2042952791 2.164828912 1)
(-0.1022492251 2.168705174 1)
(-0.8946086145 2.212913529 1)
(-0.7981471027 2.226524583 1)
(-0.7006709112 2.238739047 1)
(-0.6022927422 2.249481616 1)
(-0.5031308588 2.258686058 1)
(-0.4033083561 2.266295628 1)
(-0.3029524018 2.272263408 1)
(-0.2021934527 2.276552608 1)
(-0.1011644501 2.279136783 1)
(-0.8927813573 2.356456765 1)
(-0.7950531514 2.363262292 1)
(-0.6968176056 2.369369524 1)
(-0.5981310711 2.374740808 1)
(-0.4990526794 2.379343029 1)
(-0.399643978 2.383147814 1)
(-0.2999685509 2.386131704 1)
(-0.2000916264 2.388276304 1)
(-0.100079675 2.389568391 1)
(-0.8909541 2.5 1)
(-0.7919592 2.5 1)
(-0.6929643 2.5 1)
(-0.5939694 2.5 1)
(-0.4949745 2.5 1)
(-0.3959796 2.5 1)
(-0.2969847 2.5 1)
(-0.1979898 2.5 1)
(-0.0989949 2.5 1)
(-0.08715574275 -0.9961946981 -1)
(-0.09064197246 -1.036042486 -1)
(-0.09412820217 -1.075890274 -1)
(-0.09761443188 -1.115738062 -1)
(-0.1011006616 -1.15558585 -1)
(-0.1045868913 -1.195433638 -1)
(-0.108073121 -1.235281426 -1)
(-0.1115593507 -1.275129214 -1)
(-0.1150455804 -1.314977001 -1)
(-0.1185318101 -1.354824789 -1)
(-0.1220180398 -1.394672577 -1)
(-0.008726552862 -0.9999616627 -1)
(-0.009075617839 -1.03996013 -1)
(-0.009424682709 -1.079958596 -1)
(-0.009773747677 -1.119957064 -1)
(-0.01012281264 -1.159955531 -1)
(-0.01047187752 -1.199953997 -1)
(-0.01082094248 -1.239952464 -1)
(-0.01117000746 -1.279950931 -1)
(-0.01151907238 -1.319949399 -1)
(-0.01186813731 -1.359947865 -1)
(-0.01221720223 -1.399946332 -1)
(0.06975642061 -0.9975635958 -1)
(0.07254667176 -1.037466138 -1)
(0.07533692287 -1.077368681 -1)
(0.07812717398 -1.117271223 -1)
(0.08091742508 -1.157173766 -1)
(0.08370767638 -1.197076307 -1)
(0.08649792749 -1.23697885 -1)
(0.08928817859 -1.276881393 -1)
(0.0920784297 -1.316783935 -1)
(0.09486868089 -1.356686477 -1)
(0.097658932 -1.39658902 -1)
(0.1478093141 -0.989015282 -1)
(0.1537216777 -1.028575888 -1)
(0.1596340413 -1.068136493 -1)
(0.165546405 -1.107697099 -1)
(0.1714587685 -1.147257705 -1)
(0.1773711321 -1.186818311 -1)
(0.1832834957 -1.226378916 -1)
(0.1891958594 -1.265939522 -1)
(0.195108223 -1.305500127 -1)
(0.2010205865 -1.345060734 -1)
(0.2069329502 -1.384621339 -1)
(0.2249509155 -0.9743694234 -1)
(0.2339489392 -1.013344188 -1)
(0.2429469628 -1.052318953 -1)
(0.2519449863 -1.091293718 -1)
(0.2609430099 -1.130268484 -1)
(0.2699410335 -1.169243249 -1)
(0.2789390572 -1.208218014 -1)
(0.2879370809 -1.247192778 -1)
(0.2969351045 -1.286167543 -1)
(0.3059331281 -1.325142309 -1)
(0.3149311517 -1.364117074 -1)
(0.3007056312 -0.9537163144 -1)
(0.3127338382 -0.9918649468 -1)
(0.3247620453 -1.030013579 -1)
(0.3367902523 -1.068162211 -1)
(0.3488184594 -1.106310844 -1)
(0.3608466664 -1.144459476 -1)
(0.3728748735 -1.182608108 -1)
(0.3849030805 -1.220756741 -1)
(0.3969312875 -1.258905373 -1)
(0.4089594946 -1.297054006 -1)
(0.4209877018 -1.335202637 -1)
(0.3746064177 -0.9271832862 -1)
(0.3895906495 -0.964270587 -1)
(0.4045748814 -1.001357888 -1)
(0.4195591133 -1.038445189 -1)
(0.434543345 -1.07553249 -1)
(0.4495275769 -1.11261979 -1)
(0.4645118087 -1.149707091 -1)
(0.4794960406 -1.186794392 -1)
(0.4944802724 -1.223881693 -1)
(0.5094645042 -1.260968994 -1)
(0.5244487361 -1.298056294 -1)
(0.4461976618 -0.8949339199 -1)
(0.4640455349 -0.930731234 -1)
(0.481893408 -0.9665285481 -1)
(0.4997412811 -1.002325862 -1)
(0.5175891542 -1.038123176 -1)
(0.5354370272 -1.07392049 -1)
(0.5532849003 -1.109717805 -1)
(0.5711327734 -1.145515119 -1)
(0.5889806464 -1.181312433 -1)
(0.6068285196 -1.217109747 -1)
(0.6246763926 -1.252907062 -1)
(0.5150379886 -0.8571670396 -1)
(0.5356394642 -0.891453665 -1)
(0.5562409397 -0.9257402903 -1)
(0.5768424152 -0.9600269157 -1)
(0.5974438908 -0.9943135411 -1)
(0.6180453663 -1.028600166 -1)
(0.6386468418 -1.062886792 -1)
(0.6592483174 -1.097173417 -1)
(0.6798497929 -1.131460043 -1)
(0.7004512685 -1.165746668 -1)
(0.721052744 -1.200033293 -1)
(0.5807029836 -0.8141154858 -1)
(0.6039310459 -0.8466800342 -1)
(0.6271591082 -0.8792445827 -1)
(0.6503871706 -0.9118091312 -1)
(0.6736152329 -0.9443736796 -1)
(0.6968432951 -0.9769382281 -1)
(0.7200713574 -1.009502777 -1)
(0.7432994198 -1.042067325 -1)
(0.7665274821 -1.074631874 -1)
(0.7897555444 -1.107196422 -1)
(0.8129836066 -1.139760971 -1)
(0.6427878086 -0.7660446802 -1)
(0.6684992482 -0.7966863807 -1)
(0.6942106878 -0.8273280812 -1)
(0.7199221275 -0.8579697818 -1)
(0.7456335671 -0.8886114823 -1)
(0.7713450067 -0.9192531829 -1)
(0.7970564463 -0.9498948834 -1)
(0.8227678859 -0.9805365839 -1)
(0.8484793256 -1.011178284 -1)
(0.8741907652 -1.041819985 -1)
(0.8999022048 -1.072461686 -1)
(-0.08715574275 -0.9961946981 1)
(-0.09064197246 -1.036042486 1)
(-0.09412820217 -1.075890274 1)
(-0.09761443188 -1.115738062 1)
(-0.1011006616 -1.15558585 1)
(-0.1045868913 -1.195433638 1)
(-0.108073121 -1.235281426 1)
(-0.1115593507 -1.275129214 1)
(-0.1150455804 -1.314977001 1)
(-0.1185318101 -1.354824789 1)
(-0.1220180398 -1.394672577 1)
(-0.008726552862 -0.9999616627 1)
(-0.009075617839 -1.03996013 1)
(-0.009424682709 -1.079958596 1)
(-0.009773747677 -1.119957064 1)
(-0.01012281264 -1.159955531 1)
(-0.01047187752 -1.199953997 1)
(-0.01082094248 -1.239952464 1)
(-0.01117000746 -1.279950931 1)
(-0.01151907238 -1.319949399 1)
(-0.01186813731 -1.359947865 1)
(-0.01221720223 -1.399946332 1)
(0.06975642061 -0.9975635958 1)
(0.07254667176 -1.037466138 1)
(0.07533692287 -1.077368681 1)
(0.07812717398 -1.117271223 1)
(0.08091742508 -1.157173766 1)
(0.08370767638 -1.197076307 1)
(0.08649792749 -1.23697885 1)
(0.08928817859 -1.276881393 1)
(0.0920784297 -1.316783935 1)
(0.09486868089 -1.356686477 1)
(0.097658932 -1.39658902 1)
(0.1478093141 -0.989015282 1)
(0.1537216777 -1.028575888 1)
(0.1596340413 -1.068136493 1)
(0.165546405 -1.107697099 1)
(0.1714587685 -1.147257705 1)
(0.1773711321 -1.186818311 1)
(0.1832834957 -1.226378916 1)
(0.1891958594 -1.265939522 1)
(0.195108223 -1.305500127 1)
(0.2010205865 -1.345060734 1)
(0.2069329502 -1.384621339 1)
(0.2249509155 -0.9743694234 1)
(0.2339489392 -1.013344188 1)
(0.2429469628 -1.052318953 1)
(0.2519449863 -1.091293718 1)
(0.2609430099 -1.130268484 1)
(0.2699410335 -1.169243249 1)
(0.2789390572 -1.208218014 1)
(0.2879370809 -1.247192778 1)
(0.2969351045 -1.286167543 1)
(0.3059331281 -1.325142309 1)
(0.3149311517 -1.364117074 1)
(0.3007056312 -0.9537163144 1)
(0.3127338382 -0.9918649468 1)
(0.3247620453 -1.030013579 1)
(0.3367902523 -1.068162211 1)
(0.3488184594 -1.106310844 1)
(0.3608466664 -1.144459476 1)
(0.3728748735 -1.182608108 1)
(0.3849030805 -1.220756741 1)
(0.3969312875 -1.258905373 1)
(0.4089594946 -1.297054006 1)
(0.4209877018 -1.335202637 1)
(0.3746064177 -0.9271832862 1)
(0.3895906495 -0.964270587 1)
(0.4045748814 -1.001357888 1)
(0.4195591133 -1.038445189 1)
(0.434543345 -1.07553249 1)
(0.4495275769 -1.11261979 1)
(0.4645118087 -1.149707091 1)
(0.4794960406 -1.186794392 1)
(0.4944802724 -1.223881693 1)
(0.5094645042 -1.260968994 1)
(0.5244487361 -1.298056294 1)
(0.4461976618 -0.8949339199 1)
(0.4640455349 -0.930731234 1)
(0.481893408 -0.9665285481 1)
(0.4997412811 -1.002325862 1)
(0.5175891542 -1.038123176 1)
(0.5354370272 -1.07392049 1)
(0.5532849003 -1.109717805 1)
(0.5711327734 -1.145515119 1)
(0.5889806464 -1.181312433 1)
(0.6068285196 -1.217109747 1)
(0.6246763926 -1.252907062 1)
(0.5150379886 -0.8571670396 1)
(0.5356394642 -0.891453665 1)
(0.5562409397 -0.9257402903 1)
(0.5768424152 -0.9600269157 1)
(0.5974438908 -0.9943135411 1)
(0.6180453663 -1.028600166 1)
(0.6386468418 -1.062886792 1)
(0.6592483174 -1.097173417 1)
(0.6798497929 -1.131460043 1)
(0.7004512685 -1.165746668 1)
(0.721052744 -1.200033293 1)
(0.5807029836 -0.8141154858 1)
(0.6039310459 -0.8466800342 1)
(0.6271591082 -0.8792445827 1)
(0.6503871706 -0.9118091312 1)
(0.6736152329 -0.9443736796 1)
(0.6968432951 -0.9769382281 1)
(0.7200713574 -1.009502777 1)
(0.7432994198 -1.042067325 1)
(0.7665274821 -1.074631874 1)
(0.7897555444 -1.107196422 1)
(0.8129836066 -1.139760971 1)
(0.6427878086 -0.7660446802 1)
(0.6684992482 -0.7966863807 1)
(0.6942106878 -0.8273280812 1)
(0.7199221275 -0.8579697818 1)
(0.7456335671 -0.8886114823 1)
(0.7713450067 -0.9192531829 1)
(0.7970564463 -0.9498948834 1)
(0.8227678859 -0.9805365839 1)
(0.8484793256 -1.011178284 1)
(0.8741907652 -1.041819985 1)
(0.8999022048 -1.072461686 1)
(0.7009092274 -0.713250471 -1)
(0.7289455365 -0.7417804213 -1)
(0.7569818456 -0.7703103716 -1)
(0.7850181547 -0.798840322 -1)
(0.8130544638 -0.8273702724 -1)
(0.8410907729 -0.8559002227 -1)
(0.869127082 -0.884430173 -1)
(0.897163391 -0.9129601234 -1)
(0.9251997005 -0.9414900738 -1)
(0.9532360091 -0.970020024 -1)
(0.9812723187 -0.9985499744 -1)
(0.7547093381 -0.6560588987 -1)
(0.7848976639 -0.6823012015 -1)
(0.8150859897 -0.7085435044 -1)
(0.8452743155 -0.7347858072 -1)
(0.8754626413 -0.7610281101 -1)
(0.9056509671 -0.7872704129 -1)
(0.9358392931 -0.8135127158 -1)
(0.9660276184 -0.8397550186 -1)
(0.9962159447 -0.8659973215 -1)
(1.02640427 -0.8922396243 -1)
(1.056592596 -0.9184819271 -1)
(0.8038564519 -0.5948225611 -1)
(0.8360106737 -0.6186154232 -1)
(0.8681648956 -0.6424082854 -1)
(0.9003191174 -0.6662011475 -1)
(0.9324733393 -0.6899940097 -1)
(0.9646275611 -0.7137868718 -1)
(0.9967817831 -0.7375797339 -1)
(1.028936005 -0.7613725962 -1)
(1.061090227 -0.7851654583 -1)
(1.093244449 -0.8089583205 -1)
(1.125398671 -0.8327511826 -1)
(0.8480475669 -0.5299189925 -1)
(0.8819694438 -0.5511157224 -1)
(0.9158913206 -0.5723124523 -1)
(0.9498131975 -0.5935091822 -1)
(0.9837350746 -0.6147059121 -1)
(1.017656951 -0.635902642 -1)
(1.051578828 -0.6570993718 -1)
(1.085500704 -0.6782961017 -1)
(1.119422582 -0.6994928316 -1)
(1.153344459 -0.7206895615 -1)
(1.187266335 -0.7418862914 -1)
(0.8870102358 -0.461748337 -1)
(0.9224906285 -0.480218249 -1)
(0.9579710211 -0.4986881611 -1)
(0.9934514136 -0.517158073 -1)
(1.028931806 -0.5356279851 -1)
(1.064412199 -0.5540978972 -1)
(1.099892592 -0.5725678092 -1)
(1.135372984 -0.5910377212 -1)
(1.170853377 -0.6095076333 -1)
(1.20633377 -0.6279775454 -1)
(1.241814162 -0.6464474573 -1)
(0.9205042459 -0.3907308804 -1)
(0.9573244062 -0.4063601007 -1)
(0.9941445665 -0.4219893211 -1)
(1.030964727 -0.4376185414 -1)
(1.067784888 -0.4532477617 -1)
(1.104605048 -0.4688769821 -1)
(1.141425209 -0.4845062025 -1)
(1.178245368 -0.5001354228 -1)
(1.215065529 -0.5157646431 -1)
(1.251885689 -0.5313938635 -1)
(1.28870585 -0.5470230838 -1)
(0.9483230995 -0.3173044599 -1)
(0.9862560196 -0.3299966285 -1)
(1.024188939 -0.3426887971 -1)
(1.062121859 -0.3553809657 -1)
(1.10005478 -0.3680731343 -1)
(1.1379877 -0.380765303 -1)
(1.17592062 -0.3934574715 -1)
(1.21385354 -0.4061496401 -1)
(1.251786459 -0.4188418088 -1)
(1.28971938 -0.4315339774 -1)
(1.3276523 -0.444226146 -1)
(0.970295288 -0.2419217644 -1)
(1.009107099 -0.251598629 -1)
(1.04791891 -0.2612754938 -1)
(1.086730721 -0.2709523585 -1)
(1.125542533 -0.2806292233 -1)
(1.164354343 -0.290306088 -1)
(1.203166154 -0.2999829527 -1)
(1.241977966 -0.3096598175 -1)
(1.280789777 -0.3193366822 -1)
(1.319601587 -0.3290135469 -1)
(1.358413399 -0.3386904116 -1)
(0.9862853482 -0.1650475436 -1)
(1.025736763 -0.1716494426 -1)
(1.065188178 -0.1782513416 -1)
(1.104639593 -0.1848532407 -1)
(1.144091008 -0.1914551397 -1)
(1.183542422 -0.1980570387 -1)
(1.222993837 -0.2046589378 -1)
(1.262445252 -0.2112608368 -1)
(1.301896667 -0.2178627359 -1)
(1.341348081 -0.2244646348 -1)
(1.380799497 -0.2310665339 -1)
(0.7009092274 -0.713250471 1)
(0.7289455365 -0.7417804213 1)
(0.7569818456 -0.7703103716 1)
(0.7850181547 -0.798840322 1)
(0.8130544638 -0.8273702724 1)
(0.8410907729 -0.8559002227 1)
(0.869127082 -0.884430173 1)
(0.897163391 -0.9129601234 1)
(0.9251997005 -0.9414900738 1)
(0.9532360091 -0.970020024 1)
(0.9812723187 -0.9985499744 1)
(0.7547093381 -0.6560588987 1)
(0.7848976639 -0.6823012015 1)
(0.8150859897 -0.7085435044 1)
(0.8452743155 -0.7347858072 1)
(0.8754626413 -0.7610281101 1)
(0.9056509671 -0.7872704129 1)
(0.9358392931 -0.8135127158 1)
(0.9660276184 -0.8397550186 1)
(0.9962159447 -0.8659973215 1)
(1.02640427 -0.8922396243 1)
(1.056592596 -0.9184819271 1)
(0.8038564519 -0.5948225611 1)
(0.8360106737 -0.6186154232 1)
(0.8681648956 -0.6424082854 1)
(0.9003191174 -0.6662011475 1)
(0.9324733393 -0.6899940097 1)
(0.9646275611 -0.7137868718 1)
(0.9967817831 -0.7375797339 1)
(1.028936005 -0.7613725962 1)
(1.061090227 -0.7851654583 1)
(1.093244449 -0.8089583205 1)
(1.125398671 -0.8327511826 1)
(0.8480475669 -0.5299189925 1)
(0.8819694438 -0.5511157224 1)
(0.9158913206 -0.5723124523 1)
(0.9498131975 -0.5935091822 1)
(0.9837350746 -0.6147059121 1)
(1.017656951 -0.635902642 1)
(1.051578828 -0.6570993718 1)
(1.085500704 -0.6782961017 1)
(1.119422582 -0.6994928316 1)
(1.153344459 -0.7206895615 1)
(1.187266335 -0.7418862914 1)
(0.8870102358 -0.461748337 1)
(0.9224906285 -0.480218249 1)
(0.9579710211 -0.4986881611 1)
(0.9934514136 -0.517158073 1)
(1.028931806 -0.5356279851 1)
(1.064412199 -0.5540978972 1)
(1.099892592 -0.5725678092 1)
(1.135372984 -0.5910377212 1)
(1.170853377 -0.6095076333 1)
(1.20633377 -0.6279775454 1)
(1.241814162 -0.6464474573 1)
(0.9205042459 -0.3907308804 1)
(0.9573244062 -0.4063601007 1)
(0.9941445665 -0.4219893211 1)
(1.030964727 -0.4376185414 1)
(1.067784888 -0.4532477617 1)
(1.104605048 -0.4688769821 1)
(1.141425209 -0.4845062025 1)
(1.178245368 -0.5001354228 1)
(1.215065529 -0.5157646431 1)
(1.251885689 -0.5313938635 1)
(1.28870585 -0.5470230838 1)
(0.9483230995 -0.3173044599 1)
(0.9862560196 -0.3299966285 1)
(1.024188939 -0.3426887971 1)
(1.062121859 -0.3553809657 1)
(1.10005478 -0.3680731343 1)
(1.1379877 -0.380765303 1)
(1.17592062 -0.3934574715 1)
(1.21385354 -0.4061496401 1)
(1.251786459 -0.4188418088 1)
(1.28971938 -0.4315339774 1)
(1.3276523 -0.444226146 1)
(0.970295288 -0.2419217644 1)
(1.009107099 -0.251598629 1)
(1.04791891 -0.2612754938 1)
(1.086730721 -0.2709523585 1)
(1.125542533 -0.2806292233 1)
(1.164354343 -0.290306088 1)
(1.203166154 -0.2999829527 1)
(1.241977966 -0.3096598175 1)
(1.280789777 -0.3193366822 1)
(1.319601587 -0.3290135469 1)
(1.358413399 -0.3386904116 1)
(0.9862853482 -0.1650475436 1)
(1.025736763 -0.1716494426 1)
(1.065188178 -0.1782513416 1)
(1.104639593 -0.1848532407 1)
(1.144091008 -0.1914551397 1)
(1.183542422 -0.1980570387 1)
(1.222993837 -0.2046589378 1)
(1.262445252 -0.2112608368 1)
(1.301896667 -0.2178627359 1)
(1.341348081 -0.2244646348 1)
(1.380799497 -0.2310665339 1)
(1.3909541 -0.989949 -1)
(1.7919592 -0.989949 -1)
(2.1929643 -0.989949 -1)
(2.5939694 -0.989949 -1)
(2.9949745 -0.989949 -1)
(3.3959796 -0.989949 -1)
(3.7969847 -0.989949 -1)
(4.1979898 -0.989949 -1)
(4.5989949 -0.989949 -1)
(5 -0.989949 -1)
(1.458110881 -0.9073994153 -1)
(1.851654116 -0.905572158 -1)
(2.245197352 -0.9037449008 -1)
(2.638740587 -0.9019176435 -1)
(3.032283823 -0.9000903863 -1)
(3.425827058 -0.898263129 -1)
(3.819370294 -0.8964358718 -1)
(4.212913529 -0.8946086145 -1)
(4.606456765 -0.8927813573 -1)
(5 -0.8909541 -1)
(1.519360625 -0.8198047623 -1)
(1.906098333 -0.8167108109 -1)
(2.292836042 -0.8136168595 -1)
(2.67957375 -0.8105229082 -1)
(3.066311458 -0.8074289568 -1)
(3.453049167 -0.8043350055 -1)
(3.839786875 -0.8012410541 -1)
(4.226524583 -0.7981471027 -1)
(4.613262292 -0.7950531514 -1)
(5 -0.7919592 -1)
(1.574325713 -0.7276440503 -1)
(1.954956189 -0.7237907448 -1)
(2.335586666 -0.7199374392 -1)
(2.716217142 -0.7160841336 -1)
(3.096847618 -0.712230828 -1)
(3.477478095 -0.7083775224 -1)
(3.858108571 -0.7045242168 -1)
(4.238739047 -0.7006709112 -1)
(4.619369524 -0.6968176056 -1)
(5 -0.6929643 -1)
(1.622667271 -0.6314244397 -1)
(1.997926463 -0.6272627686 -1)
(2.373185656 -0.6231010975 -1)
(2.748444848 -0.6189394265 -1)
(3.12370404 -0.6147777554 -1)
(3.498963232 -0.6106160843 -1)
(3.874222424 -0.6064544132 -1)
(4.249481616 -0.6022927422 -1)
(4.624740808 -0.5981310711 -1)
(5 -0.5939694 -1)
(1.664087263 -0.5316781146 -1)
(2.034744234 -0.5275999352 -1)
(2.405401205 -0.5235217558 -1)
(2.776058175 -0.5194435764 -1)
(3.146715146 -0.515365397 -1)
(3.517372117 -0.5112872176 -1)
(3.888029088 -0.5072090382 -1)
(4.258686058 -0.5031308588 -1)
(4.629343029 -0.4990526794 -1)
(5 -0.4949745 -1)
(1.698330324 -0.4289590023 -1)
(2.06518251 -0.4252946243 -1)
(2.432034697 -0.4216302462 -1)
(2.798886883 -0.4179658682 -1)
(3.165739069 -0.4143014902 -1)
(3.532591255 -0.4106371121 -1)
(3.899443441 -0.4069727341 -1)
(4.266295628 -0.4033083561 -1)
(4.633147814 -0.399643978 -1)
(5 -0.3959796 -1)
(1.725185338 -0.3238393582 -1)
(2.089053634 -0.3208555073 -1)
(2.452921929 -0.3178716563 -1)
(2.816790225 -0.3148878054 -1)
(3.180658521 -0.3119039545 -1)
(3.544526817 -0.3089201036 -1)
(3.908395113 -0.3059362527 -1)
(4.272263408 -0.3029524018 -1)
(4.636131704 -0.2999685509 -1)
(5 -0.2969847 -1)
(1.744486736 -0.2169062373 -1)
(2.106210432 -0.2148044109 -1)
(2.467934128 -0.2127025845 -1)
(2.829657824 -0.2106007582 -1)
(3.19138152 -0.2084989318 -1)
(3.553105216 -0.2063971054 -1)
(3.914828912 -0.2042952791 -1)
(4.276552608 -0.2021934527 -1)
(4.638276304 -0.2000916264 -1)
(5 -0.1979898 -1)
(1.756115522 -0.1087578752 -1)
(2.11654713 -0.1076731002 -1)
(2.476978739 -0.1065883252 -1)
(2.837410348 -0.1055035502 -1)
(3.197841956 -0.1044187751 -1)
(3.558273565 -0.1033340001 -1)
(3.918705174 -0.1022492251 -1)
(4.279136783 -0.1011644501 -1)
(4.639568391 -0.100079675 -1)
(5 -0.0989949 -1)
(1.3909541 -0.989949 1)
(1.7919592 -0.989949 1)
(2.1929643 -0.989949 1)
(2.5939694 -0.989949 1)
(2.9949745 -0.989949 1)
(3.3959796 -0.989949 1)
(3.7969847 -0.989949 1)
(4.1979898 -0.989949 1)
(4.5989949 -0.989949 1)
(5 -0.989949 1)
(1.458110881 -0.9073994153 1)
(1.851654116 -0.905572158 1)
(2.245197352 -0.9037449008 1)
(2.638740587 -0.9019176435 1)
(3.032283823 -0.9000903863 1)
(3.425827058 -0.898263129 1)
(3.819370294 -0.8964358718 1)
(4.212913529 -0.8946086145 1)
(4.606456765 -0.8927813573 1)
(5 -0.8909541 1)
(1.519360625 -0.8198047623 1)
(1.906098333 -0.8167108109 1)
(2.292836042 -0.8136168595 1)
(2.67957375 -0.8105229082 1)
(3.066311458 -0.8074289568 1)
(3.453049167 -0.8043350055 1)
(3.839786875 -0.8012410541 1)
(4.226524583 -0.7981471027 1)
(4.613262292 -0.7950531514 1)
(5 -0.7919592 1)
(1.574325713 -0.7276440503 1)
(1.954956189 -0.7237907448 1)
(2.335586666 -0.7199374392 1)
(2.716217142 -0.7160841336 1)
(3.096847618 -0.712230828 1)
(3.477478095 -0.7083775224 1)
(3.858108571 -0.7045242168 1)
(4.238739047 -0.7006709112 1)
(4.619369524 -0.6968176056 1)
(5 -0.6929643 1)
(1.622667271 -0.6314244397 1)
(1.997926463 -0.6272627686 1)
(2.373185656 -0.6231010975 1)
(2.748444848 -0.6189394265 1)
(3.12370404 -0.6147777554 1)
(3.498963232 -0.6106160843 1)
(3.874222424 -0.6064544132 1)
(4.249481616 -0.6022927422 1)
(4.624740808 -0.5981310711 1)
(5 -0.5939694 1)
(1.664087263 -0.5316781146 1)
(2.034744234 -0.5275999352 1)
(2.405401205 -0.5235217558 1)
(2.776058175 -0.5194435764 1)
(3.146715146 -0.515365397 1)
(3.517372117 -0.5112872176 1)
(3.888029088 -0.5072090382 1)
(4.258686058 -0.5031308588 1)
(4.629343029 -0.4990526794 1)
(5 -0.4949745 1)
(1.698330324 -0.4289590023 1)
(2.06518251 -0.4252946243 1)
(2.432034697 -0.4216302462 1)
(2.798886883 -0.4179658682 1)
(3.165739069 -0.4143014902 1)
(3.532591255 -0.4106371121 1)
(3.899443441 -0.4069727341 1)
(4.266295628 -0.4033083561 1)
(4.633147814 -0.399643978 1)
(5 -0.3959796 1)
(1.725185338 -0.3238393582 1)
(2.089053634 -0.3208555073 1)
(2.452921929 -0.3178716563 1)
(2.816790225 -0.3148878054 1)
(3.180658521 -0.3119039545 1)
(3.544526817 -0.3089201036 1)
(3.908395113 -0.3059362527 1)
(4.272263408 -0.3029524018 1)
(4.636131704 -0.2999685509 1)
(5 -0.2969847 1)
(1.744486736 -0.2169062373 1)
(2.106210432 -0.2148044109 1)
(2.467934128 -0.2127025845 1)
(2.829657824 -0.2106007582 1)
(3.19138152 -0.2084989318 1)
(3.553105216 -0.2063971054 1)
(3.914828912 -0.2042952791 1)
(4.276552608 -0.2021934527 1)
(4.638276304 -0.2000916264 1)
(5 -0.1979898 1)
(1.756115522 -0.1087578752 1)
(2.11654713 -0.1076731002 1)
(2.476978739 -0.1065883252 1)
(2.837410348 -0.1055035502 1)
(3.197841956 -0.1044187751 1)
(3.558273565 -0.1033340001 1)
(3.918705174 -0.1022492251 1)
(4.279136783 -0.1011644501 1)
(4.639568391 -0.100079675 1)
(5 -0.0989949 1)
(0.989949 -1.5 -1)
(1.3909541 -1.5 -1)
(1.7919592 -1.5 -1)
(2.1929643 -1.5 -1)
(2.5939694 -1.5 -1)
(2.9949745 -1.5 -1)
(3.3959796 -1.5 -1)
(3.7969847 -1.5 -1)
(4.1979898 -1.5 -1)
(4.5989949 -1.5 -1)
(5 -1.5 -1)
(0.989949 -1.3979898 -1)
(1.3909541 -1.3979898 -1)
(1.7919592 -1.3979898 -1)
(2.1929643 -1.3979898 -1)
(2.5939694 -1.3979898 -1)
(2.9949745 -1.3979898 -1)
(3.3959796 -1.3979898 -1)
(3.7969847 -1.3979898 -1)
(4.1979898 -1.3979898 -1)
(4.5989949 -1.3979898 -1)
(5 -1.3979898 -1)
(0.989949 -1.2959796 -1)
(1.3909541 -1.2959796 -1)
(1.7919592 -1.2959796 -1)
(2.1929643 -1.2959796 -1)
(2.5939694 -1.2959796 -1)
(2.9949745 -1.2959796 -1)
(3.3959796 -1.2959796 -1)
(3.7969847 -1.2959796 -1)
(4.1979898 -1.2959796 -1)
(4.5989949 -1.2959796 -1)
(5 -1.2959796 -1)
(0.989949 -1.1939694 -1)
(1.3909541 -1.1939694 -1)
(1.7919592 -1.1939694 -1)
(2.1929643 -1.1939694 -1)
(2.5939694 -1.1939694 -1)
(2.9949745 -1.1939694 -1)
(3.3959796 -1.1939694 -1)
(3.7969847 -1.1939694 -1)
(4.1979898 -1.1939694 -1)
(4.5989949 -1.1939694 -1)
(5 -1.1939694 -1)
(0.989949 -1.0919592 -1)
(1.3909541 -1.0919592 -1)
(1.7919592 -1.0919592 -1)
(2.1929643 -1.0919592 -1)
(2.5939694 -1.0919592 -1)
(2.9949745 -1.0919592 -1)
(3.3959796 -1.0919592 -1)
(3.7969847 -1.0919592 -1)
(4.1979898 -1.0919592 -1)
(4.5989949 -1.0919592 -1)
(5 -1.0919592 -1)
(0.989949 -1.5 1)
(1.3909541 -1.5 1)
(1.7919592 -1.5 1)
(2.1929643 -1.5 1)
(2.5939694 -1.5 1)
(2.9949745 -1.5 1)
(3.3959796 -1.5 1)
(3.7969847 -1.5 1)
(4.1979898 -1.5 1)
(4.5989949 -1.5 1)
(5 -1.5 1)
(0.989949 -1.3979898 1)
(1.3909541 -1.3979898 1)
(1.7919592 -1.3979898 1)
(2.1929643 -1.3979898 1)
(2.5939694 -1.3979898 1)
(2.9949745 -1.3979898 1)
(3.3959796 -1.3979898 1)
(3.7969847 -1.3979898 1)
(4.1979898 -1.3979898 1)
(4.5989949 -1.3979898 1)
(5 -1.3979898 1)
(0.989949 -1.2959796 1)
(1.3909541 -1.2959796 1)
(1.7919592 -1.2959796 1)
(2.1929643 -1.2959796 1)
(2.5939694 -1.2959796 1)
(2.9949745 -1.2959796 1)
(3.3959796 -1.2959796 1)
(3.7969847 -1.2959796 1)
(4.1979898 -1.2959796 1)
(4.5989949 -1.2959796 1)
(5 -1.2959796 1)
(0.989949 -1.1939694 1)
(1.3909541 -1.1939694 1)
(1.7919592 -1.1939694 1)
(2.1929643 -1.1939694 1)
(2.5939694 -1.1939694 1)
(2.9949745 -1.1939694 1)
(3.3959796 -1.1939694 1)
(3.7969847 -1.1939694 1)
(4.1979898 -1.1939694 1)
(4.5989949 -1.1939694 1)
(5 -1.1939694 1)
(0.989949 -1.0919592 1)
(1.3909541 -1.0919592 1)
(1.7919592 -1.0919592 1)
(2.1929643 -1.0919592 1)
(2.5939694 -1.0919592 1)
(2.9949745 -1.0919592 1)
(3.3959796 -1.0919592 1)
(3.7969847 -1.0919592 1)
(4.1979898 -1.0919592 1)
(4.5989949 -1.0919592 1)
(5 -1.0919592 1)
(0 -1.5 -1)
(0.0989949 -1.5 -1)
(0.1979898 -1.5 -1)
(0.2969847 -1.5 -1)
(0.3959796 -1.5 -1)
(0.4949745 -1.5 -1)
(0.5939694 -1.5 -1)
(0.6929643 -1.5 -1)
(0.7919592 -1.5 -1)
(0.8909541 -1.5 -1)
(0 -1.48 -1)
(0.1011644501 -1.479136783 -1)
(0.2021934527 -1.476552608 -1)
(0.3029524018 -1.472263408 -1)
(0.4033083561 -1.466295628 -1)
(0.5031308588 -1.458686058 -1)
(0.6022927422 -1.449481616 -1)
(0.7006709112 -1.438739047 -1)
(0.7981471027 -1.426524583 -1)
(0.8946086145 -1.412913529 -1)
(0 -1.46 -1)
(0.1033340001 -1.458273565 -1)
(0.2063971054 -1.453105216 -1)
(0.3089201036 -1.444526817 -1)
(0.4106371121 -1.432591255 -1)
(0.5112872176 -1.417372117 -1)
(0.6106160843 -1.398963232 -1)
(0.7083775224 -1.377478095 -1)
(0.8043350055 -1.353049167 -1)
(0.898263129 -1.325827058 -1)
(0 -1.44 -1)
(0.1055035502 -1.437410348 -1)
(0.2106007582 -1.429657824 -1)
(0.3148878054 -1.416790225 -1)
(0.4179658682 -1.398886883 -1)
(0.5194435764 -1.376058175 -1)
(0.6189394265 -1.348444848 -1)
(0.7160841336 -1.316217142 -1)
(0.8105229082 -1.27957375 -1)
(0.9019176435 -1.238740587 -1)
(-0.1237611547 -1.414596471 -1)
(-0.01619684571 -1.42054107 -1)
(0.0914277006 -1.419580815 -1)
(0.3208555073 -1.389053634 -1)
(0.4252946243 -1.36518251 -1)
(0.5275999352 -1.334744234 -1)
(0.6272627686 -1.297926463 -1)
(0.7237907448 -1.254956189 -1)
(0.8167108109 -1.206098333 -1)
(0.905572158 -1.151654116 -1)
(0 -1.5 1)
(0.0989949 -1.5 1)
(0.1979898 -1.5 1)
(0.2969847 -1.5 1)
(0.3959796 -1.5 1)
(0.4949745 -1.5 1)
(0.5939694 -1.5 1)
(0.6929643 -1.5 1)
(0.7919592 -1.5 1)
(0.8909541 -1.5 1)
(0 -1.48 1)
(0.1011644501 -1.479136783 1)
(0.2021934527 -1.476552608 1)
(0.3029524018 -1.472263408 1)
(0.4033083561 -1.466295628 1)
(0.5031308588 -1.458686058 1)
(0.6022927422 -1.449481616 1)
(0.7006709112 -1.438739047 1)
(0.7981471027 -1.426524583 1)
(0.8946086145 -1.412913529 1)
(0 -1.46 1)
(0.1033340001 -1.458273565 1)
(0.2063971054 -1.453105216 1)
(0.3089201036 -1.444526817 1)
(0.4106371121 -1.432591255 1)
(0.5112872176 -1.417372117 1)
(0.6106160843 -1.398963232 1)
(0.7083775224 -1.377478095 1)
(0.8043350055 -1.353049167 1)
(0.898263129 -1.325827058 1)
(0 -1.44 1)
(0.1055035502 -1.437410348 1)
(0.2106007582 -1.429657824 1)
(0.3148878054 -1.416790225 1)
(0.4179658682 -1.398886883 1)
(0.5194435764 -1.376058175 1)
(0.6189394265 -1.348444848 1)
(0.7160841336 -1.316217142 1)
(0.8105229082 -1.27957375 1)
(0.9019176435 -1.238740587 1)
(-0.1237611547 -1.414596471 1)
(-0.01619684571 -1.42054107 1)
(0.0914277006 -1.419580815 1)
(0.3208555073 -1.389053634 1)
(0.4252946243 -1.36518251 1)
(0.5275999352 -1.334744234 1)
(0.6272627686 -1.297926463 1)
(0.7237907448 -1.254956189 1)
(0.8167108109 -1.206098333 1)
(0.905572158 -1.151654116 1)
(-1.072461686 -0.8999022048 -1)
(-1.041819985 -0.8741907652 -1)
(-1.011178284 -0.8484793256 -1)
(-0.9805365839 -0.8227678859 -1)
(-0.9498948834 -0.7970564463 -1)
(-0.9192531829 -0.7713450067 -1)
(-0.8886114823 -0.7456335671 -1)
(-0.8579697818 -0.7199221275 -1)
(-0.8273280812 -0.6942106878 -1)
(-0.7966863807 -0.6684992482 -1)
(-0.7660446802 -0.6427878086 -1)
(-1.139760971 -0.8129836066 -1)
(-1.107196422 -0.7897555444 -1)
(-1.074631874 -0.7665274821 -1)
(-1.042067325 -0.7432994198 -1)
(-1.009502777 -0.7200713574 -1)
(-0.9769382281 -0.6968432951 -1)
(-0.9443736796 -0.6736152329 -1)
(-0.9118091312 -0.6503871706 -1)
(-0.8792445827 -0.6271591082 -1)
(-0.8466800342 -0.6039310459 -1)
(-0.8141154858 -0.5807029836 -1)
(-1.200033293 -0.721052744 -1)
(-1.165746668 -0.7004512685 -1)
(-1.131460043 -0.6798497929 -1)
(-1.097173417 -0.6592483174 -1)
(-1.062886792 -0.6386468418 -1)
(-1.028600166 -0.6180453663 -1)
(-0.9943135411 -0.5974438908 -1)
(-0.9600269157 -0.5768424152 -1)
(-0.9257402903 -0.5562409397 -1)
(-0.891453665 -0.5356394642 -1)
(-0.8571670396 -0.5150379886 -1)
(-1.252907062 -0.6246763926 -1)
(-1.217109747 -0.6068285196 -1)
(-1.181312433 -0.5889806464 -1)
(-1.145515119 -0.5711327734 -1)
(-1.109717805 -0.5532849003 -1)
(-1.07392049 -0.5354370272 -1)
(-1.038123176 -0.5175891542 -1)
(-1.002325862 -0.4997412811 -1)
(-0.9665285481 -0.481893408 -1)
(-0.930731234 -0.4640455349 -1)
(-0.8949339199 -0.4461976618 -1)
(-1.298056294 -0.5244487361 -1)
(-1.260968994 -0.5094645042 -1)
(-1.223881693 -0.4944802724 -1)
(-1.186794392 -0.4794960406 -1)
(-1.149707091 -0.4645118087 -1)
(-1.11261979 -0.4495275769 -1)
(-1.07553249 -0.434543345 -1)
(-1.038445189 -0.4195591133 -1)
(-1.001357888 -0.4045748814 -1)
(-0.964270587 -0.3895906495 -1)
(-0.9271832862 -0.3746064177 -1)
(-1.335202637 -0.4209877018 -1)
(-1.297054006 -0.4089594946 -1)
(-1.258905373 -0.3969312875 -1)
(-1.220756741 -0.3849030805 -1)
(-1.182608108 -0.3728748735 -1)
(-1.144459476 -0.3608466664 -1)
(-1.106310844 -0.3488184594 -1)
(-1.068162211 -0.3367902523 -1)
(-1.030013579 -0.3247620453 -1)
(-0.9918649468 -0.3127338382 -1)
(-0.9537163144 -0.3007056312 -1)
(-1.364117074 -0.3149311517 -1)
(-1.325142309 -0.3059331281 -1)
(-1.286167543 -0.2969351045 -1)
(-1.247192778 -0.2879370809 -1)
(-1.208218014 -0.2789390572 -1)
(-1.169243249 -0.2699410335 -1)
(-1.130268484 -0.2609430099 -1)
(-1.091293718 -0.2519449863 -1)
(-1.052318953 -0.2429469628 -1)
(-1.013344188 -0.2339489392 -1)
(-0.9743694234 -0.2249509155 -1)
(-1.384621339 -0.2069329502 -1)
(-1.345060734 -0.2010205865 -1)
(-1.305500127 -0.195108223 -1)
(-1.265939522 -0.1891958594 -1)
(-1.226378916 -0.1832834957 -1)
(-1.186818311 -0.1773711321 -1)
(-1.147257705 -0.1714587685 -1)
(-1.107697099 -0.165546405 -1)
(-1.068136493 -0.1596340413 -1)
(-1.028575888 -0.1537216777 -1)
(-0.989015282 -0.1478093141 -1)
(-1.39658902 -0.097658932 -1)
(-1.356686477 -0.09486868089 -1)
(-1.316783935 -0.0920784297 -1)
(-1.276881393 -0.08928817859 -1)
(-1.23697885 -0.08649792749 -1)
(-1.197076307 -0.08370767638 -1)
(-1.157173766 -0.08091742508 -1)
(-1.117271223 -0.07812717398 -1)
(-1.077368681 -0.07533692287 -1)
(-1.037466138 -0.07254667176 -1)
(-0.9975635958 -0.06975642061 -1)
(-1.399946332 0.01221720223 -1)
(-1.359947865 0.01186813731 -1)
(-1.319949399 0.01151907238 -1)
(-1.279950931 0.01117000746 -1)
(-1.239952464 0.01082094248 -1)
(-1.199953997 0.01047187752 -1)
(-1.159955531 0.01012281264 -1)
(-1.119957064 0.009773747677 -1)
(-1.079958596 0.009424682709 -1)
(-1.03996013 0.009075617839 -1)
(-0.9999616627 0.008726552862 -1)
(-1.072461686 -0.8999022048 1)
(-1.041819985 -0.8741907652 1)
(-1.011178284 -0.8484793256 1)
(-0.9805365839 -0.8227678859 1)
(-0.9498948834 -0.7970564463 1)
(-0.9192531829 -0.7713450067 1)
(-0.8886114823 -0.7456335671 1)
(-0.8579697818 -0.7199221275 1)
(-0.8273280812 -0.6942106878 1)
(-0.7966863807 -0.6684992482 1)
(-0.7660446802 -0.6427878086 1)
(-1.139760971 -0.8129836066 1)
(-1.107196422 -0.7897555444 1)
(-1.074631874 -0.7665274821 1)
(-1.042067325 -0.7432994198 1)
(-1.009502777 -0.7200713574 1)
(-0.9769382281 -0.6968432951 1)
(-0.9443736796 -0.6736152329 1)
(-0.9118091312 -0.6503871706 1)
(-0.8792445827 -0.6271591082 1)
(-0.8466800342 -0.6039310459 1)
(-0.8141154858 -0.5807029836 1)
(-1.200033293 -0.721052744 1)
(-1.165746668 -0.7004512685 1)
(-1.131460043 -0.6798497929 1)
(-1.097173417 -0.6592483174 1)
(-1.062886792 -0.6386468418 1)
(-1.028600166 -0.6180453663 1)
(-0.9943135411 -0.5974438908 1)
(-0.9600269157 -0.5768424152 1)
(-0.9257402903 -0.5562409397 1)
(-0.891453665 -0.5356394642 1)
(-0.8571670396 -0.5150379886 1)
(-1.252907062 -0.6246763926 1)
(-1.217109747 -0.6068285196 1)
(-1.181312433 -0.5889806464 1)
(-1.145515119 -0.5711327734 1)
(-1.109717805 -0.5532849003 1)
(-1.07392049 -0.5354370272 1)
(-1.038123176 -0.5175891542 1)
(-1.002325862 -0.4997412811 1)
(-0.9665285481 -0.481893408 1)
(-0.930731234 -0.4640455349 1)
(-0.8949339199 -0.4461976618 1)
(-1.298056294 -0.5244487361 1)
(-1.260968994 -0.5094645042 1)
(-1.223881693 -0.4944802724 1)
(-1.186794392 -0.4794960406 1)
(-1.149707091 -0.4645118087 1)
(-1.11261979 -0.4495275769 1)
(-1.07553249 -0.434543345 1)
(-1.038445189 -0.4195591133 1)
(-1.001357888 -0.4045748814 1)
(-0.964270587 -0.3895906495 1)
(-0.9271832862 -0.3746064177 1)
(-1.335202637 -0.4209877018 1)
(-1.297054006 -0.4089594946 1)
(-1.258905373 -0.3969312875 1)
(-1.220756741 -0.3849030805 1)
(-1.182608108 -0.3728748735 1)
(-1.144459476 -0.3608466664 1)
(-1.106310844 -0.3488184594 1)
(-1.068162211 -0.3367902523 1)
(-1.030013579 -0.3247620453 1)
(-0.9918649468 -0.3127338382 1)
(-0.9537163144 -0.3007056312 1)
(-1.364117074 -0.3149311517 1)
(-1.325142309 -0.3059331281 1)
(-1.286167543 -0.2969351045 1)
(-1.247192778 -0.2879370809 1)
(-1.208218014 -0.2789390572 1)
(-1.169243249 -0.2699410335 1)
(-1.130268484 -0.2609430099 1)
(-1.091293718 -0.2519449863 1)
(-1.052318953 -0.2429469628 1)
(-1.013344188 -0.2339489392 1)
(-0.9743694234 -0.2249509155 1)
(-1.384621339 -0.2069329502 1)
(-1.345060734 -0.2010205865 1)
(-1.305500127 -0.195108223 1)
(-1.265939522 -0.1891958594 1)
(-1.226378916 -0.1832834957 1)
(-1.186818311 -0.1773711321 1)
(-1.147257705 -0.1714587685 1)
(-1.107697099 -0.165546405 1)
(-1.068136493 -0.1596340413 1)
(-1.028575888 -0.1537216777 1)
(-0.989015282 -0.1478093141 1)
(-1.39658902 -0.097658932 1)
(-1.356686477 -0.09486868089 1)
(-1.316783935 -0.0920784297 1)
(-1.276881393 -0.08928817859 1)
(-1.23697885 -0.08649792749 1)
(-1.197076307 -0.08370767638 1)
(-1.157173766 -0.08091742508 1)
(-1.117271223 -0.07812717398 1)
(-1.077368681 -0.07533692287 1)
(-1.037466138 -0.07254667176 1)
(-0.9975635958 -0.06975642061 1)
(-1.399946332 0.01221720223 1)
(-1.359947865 0.01186813731 1)
(-1.319949399 0.01151907238 1)
(-1.279950931 0.01117000746 1)
(-1.239952464 0.01082094248 1)
(-1.199953997 0.01047187752 1)
(-1.159955531 0.01012281264 1)
(-1.119957064 0.009773747677 1)
(-1.079958596 0.009424682709 1)
(-1.03996013 0.009075617839 1)
(-0.9999616627 0.008726552862 1)
(-0.2310665339 -1.380799497 -1)
(-0.2244646348 -1.341348081 -1)
(-0.2178627359 -1.301896667 -1)
(-0.2112608368 -1.262445252 -1)
(-0.2046589378 -1.222993837 -1)
(-0.1980570387 -1.183542422 -1)
(-0.1914551397 -1.144091008 -1)
(-0.1848532407 -1.104639593 -1)
(-0.1782513416 -1.065188178 -1)
(-0.1716494426 -1.025736763 -1)
(-0.1650475436 -0.9862853482 -1)
(-0.3386904116 -1.358413399 -1)
(-0.3290135469 -1.319601587 -1)
(-0.3193366822 -1.280789777 -1)
(-0.3096598175 -1.241977966 -1)
(-0.2999829527 -1.203166154 -1)
(-0.290306088 -1.164354343 -1)
(-0.2806292233 -1.125542533 -1)
(-0.2709523585 -1.086730721 -1)
(-0.2612754938 -1.04791891 -1)
(-0.251598629 -1.009107099 -1)
(-0.2419217644 -0.970295288 -1)
(-0.444226146 -1.3276523 -1)
(-0.4315339774 -1.28971938 -1)
(-0.4188418088 -1.251786459 -1)
(-0.4061496401 -1.21385354 -1)
(-0.3934574715 -1.17592062 -1)
(-0.380765303 -1.1379877 -1)
(-0.3680731343 -1.10005478 -1)
(-0.3553809657 -1.062121859 -1)
(-0.3426887971 -1.024188939 -1)
(-0.3299966285 -0.9862560196 -1)
(-0.3173044599 -0.9483230995 -1)
(-0.5470230838 -1.28870585 -1)
(-0.5313938635 -1.251885689 -1)
(-0.5157646431 -1.215065529 -1)
(-0.5001354228 -1.178245368 -1)
(-0.4845062025 -1.141425209 -1)
(-0.4688769821 -1.104605048 -1)
(-0.4532477617 -1.067784888 -1)
(-0.4376185414 -1.030964727 -1)
(-0.4219893211 -0.9941445665 -1)
(-0.4063601007 -0.9573244062 -1)
(-0.3907308804 -0.9205042459 -1)
(-0.6464474573 -1.241814162 -1)
(-0.6279775454 -1.20633377 -1)
(-0.6095076333 -1.170853377 -1)
(-0.5910377212 -1.135372984 -1)
(-0.5725678092 -1.099892592 -1)
(-0.5540978972 -1.064412199 -1)
(-0.5356279851 -1.028931806 -1)
(-0.517158073 -0.9934514136 -1)
(-0.4986881611 -0.9579710211 -1)
(-0.480218249 -0.9224906285 -1)
(-0.461748337 -0.8870102358 -1)
(-0.7418862914 -1.187266335 -1)
(-0.7206895615 -1.153344459 -1)
(-0.6994928316 -1.119422582 -1)
(-0.6782961017 -1.085500704 -1)
(-0.6570993718 -1.051578828 -1)
(-0.635902642 -1.017656951 -1)
(-0.6147059121 -0.9837350746 -1)
(-0.5935091822 -0.9498131975 -1)
(-0.5723124523 -0.9158913206 -1)
(-0.5511157224 -0.8819694438 -1)
(-0.5299189925 -0.8480475669 -1)
(-0.8327511826 -1.125398671 -1)
(-0.8089583205 -1.093244449 -1)
(-0.7851654583 -1.061090227 -1)
(-0.7613725962 -1.028936005 -1)
(-0.7375797339 -0.9967817831 -1)
(-0.7137868718 -0.9646275611 -1)
(-0.6899940097 -0.9324733393 -1)
(-0.6662011475 -0.9003191174 -1)
(-0.6424082854 -0.8681648956 -1)
(-0.6186154232 -0.8360106737 -1)
(-0.5948225611 -0.8038564519 -1)
(-0.9184819271 -1.056592596 -1)
(-0.8922396243 -1.02640427 -1)
(-0.8659973215 -0.9962159447 -1)
(-0.8397550186 -0.9660276184 -1)
(-0.8135127158 -0.9358392931 -1)
(-0.7872704129 -0.9056509671 -1)
(-0.7610281101 -0.8754626413 -1)
(-0.7347858072 -0.8452743155 -1)
(-0.7085435044 -0.8150859897 -1)
(-0.6823012015 -0.7848976639 -1)
(-0.6560588987 -0.7547093381 -1)
(-0.9985499744 -0.9812723187 -1)
(-0.970020024 -0.9532360091 -1)
(-0.9414900738 -0.9251997005 -1)
(-0.9129601234 -0.897163391 -1)
(-0.884430173 -0.869127082 -1)
(-0.8559002227 -0.8410907729 -1)
(-0.8273702724 -0.8130544638 -1)
(-0.798840322 -0.7850181547 -1)
(-0.7703103716 -0.7569818456 -1)
(-0.7417804213 -0.7289455365 -1)
(-0.713250471 -0.7009092274 -1)
(-0.2310665339 -1.380799497 1)
(-0.2244646348 -1.341348081 1)
(-0.2178627359 -1.301896667 1)
(-0.2112608368 -1.262445252 1)
(-0.2046589378 -1.222993837 1)
(-0.1980570387 -1.183542422 1)
(-0.1914551397 -1.144091008 1)
(-0.1848532407 -1.104639593 1)
(-0.1782513416 -1.065188178 1)
(-0.1716494426 -1.025736763 1)
(-0.1650475436 -0.9862853482 1)
(-0.3386904116 -1.358413399 1)
(-0.3290135469 -1.319601587 1)
(-0.3193366822 -1.280789777 1)
(-0.3096598175 -1.241977966 1)
(-0.2999829527 -1.203166154 1)
(-0.290306088 -1.164354343 1)
(-0.2806292233 -1.125542533 1)
(-0.2709523585 -1.086730721 1)
(-0.2612754938 -1.04791891 1)
(-0.251598629 -1.009107099 1)
(-0.2419217644 -0.970295288 1)
(-0.444226146 -1.3276523 1)
(-0.4315339774 -1.28971938 1)
(-0.4188418088 -1.251786459 1)
(-0.4061496401 -1.21385354 1)
(-0.3934574715 -1.17592062 1)
(-0.380765303 -1.1379877 1)
(-0.3680731343 -1.10005478 1)
(-0.3553809657 -1.062121859 1)
(-0.3426887971 -1.024188939 1)
(-0.3299966285 -0.9862560196 1)
(-0.3173044599 -0.9483230995 1)
(-0.5470230838 -1.28870585 1)
(-0.5313938635 -1.251885689 1)
(-0.5157646431 -1.215065529 1)
(-0.5001354228 -1.178245368 1)
(-0.4845062025 -1.141425209 1)
(-0.4688769821 -1.104605048 1)
(-0.4532477617 -1.067784888 1)
(-0.4376185414 -1.030964727 1)
(-0.4219893211 -0.9941445665 1)
(-0.4063601007 -0.9573244062 1)
(-0.3907308804 -0.9205042459 1)
(-0.6464474573 -1.241814162 1)
(-0.6279775454 -1.20633377 1)
(-0.6095076333 -1.170853377 1)
(-0.5910377212 -1.135372984 1)
(-0.5725678092 -1.099892592 1)
(-0.5540978972 -1.064412199 1)
(-0.5356279851 -1.028931806 1)
(-0.517158073 -0.9934514136 1)
(-0.4986881611 -0.9579710211 1)
(-0.480218249 -0.9224906285 1)
(-0.461748337 -0.8870102358 1)
(-0.7418862914 -1.187266335 1)
(-0.7206895615 -1.153344459 1)
(-0.6994928316 -1.119422582 1)
(-0.6782961017 -1.085500704 1)
(-0.6570993718 -1.051578828 1)
(-0.635902642 -1.017656951 1)
(-0.6147059121 -0.9837350746 1)
(-0.5935091822 -0.9498131975 1)
(-0.5723124523 -0.9158913206 1)
(-0.5511157224 -0.8819694438 1)
(-0.5299189925 -0.8480475669 1)
(-0.8327511826 -1.125398671 1)
(-0.8089583205 -1.093244449 1)
(-0.7851654583 -1.061090227 1)
(-0.7613725962 -1.028936005 1)
(-0.7375797339 -0.9967817831 1)
(-0.7137868718 -0.9646275611 1)
(-0.6899940097 -0.9324733393 1)
(-0.6662011475 -0.9003191174 1)
(-0.6424082854 -0.8681648956 1)
(-0.6186154232 -0.8360106737 1)
(-0.5948225611 -0.8038564519 1)
(-0.9184819271 -1.056592596 1)
(-0.8922396243 -1.02640427 1)
(-0.8659973215 -0.9962159447 1)
(-0.8397550186 -0.9660276184 1)
(-0.8135127158 -0.9358392931 1)
(-0.7872704129 -0.9056509671 1)
(-0.7610281101 -0.8754626413 1)
(-0.7347858072 -0.8452743155 1)
(-0.7085435044 -0.8150859897 1)
(-0.6823012015 -0.7848976639 1)
(-0.6560588987 -0.7547093381 1)
(-0.9985499744 -0.9812723187 1)
(-0.970020024 -0.9532360091 1)
(-0.9414900738 -0.9251997005 1)
(-0.9129601234 -0.897163391 1)
(-0.884430173 -0.869127082 1)
(-0.8559002227 -0.8410907729 1)
(-0.8273702724 -0.8130544638 1)
(-0.798840322 -0.7850181547 1)
(-0.7703103716 -0.7569818456 1)
(-0.7417804213 -0.7289455365 1)
(-0.713250471 -0.7009092274 1)
(-5 -0.989949 -1)
(-4.5989949 -0.989949 -1)
(-4.1979898 -0.989949 -1)
(-3.7969847 -0.989949 -1)
(-3.3959796 -0.989949 -1)
(-2.9949745 -0.989949 -1)
(-2.5939694 -0.989949 -1)
(-2.1929643 -0.989949 -1)
(-1.7919592 -0.989949 -1)
(-1.3909541 -0.989949 -1)
(-5 -0.8909541 -1)
(-4.606456765 -0.8927813573 -1)
(-4.212913529 -0.8946086145 -1)
(-3.819370294 -0.8964358718 -1)
(-3.425827058 -0.898263129 -1)
(-3.032283823 -0.9000903863 -1)
(-2.638740587 -0.9019176435 -1)
(-2.245197352 -0.9037449008 -1)
(-1.851654116 -0.905572158 -1)
(-1.458110881 -0.9073994153 -1)
(-5 -0.7919592 -1)
(-4.613262292 -0.7950531514 -1)
(-4.226524583 -0.7981471027 -1)
(-3.839786875 -0.8012410541 -1)
(-3.453049167 -0.8043350055 -1)
(-3.066311458 -0.8074289568 -1)
(-2.67957375 -0.8105229082 -1)
(-2.292836042 -0.8136168595 -1)
(-1.906098333 -0.8167108109 -1)
(-1.519360625 -0.8198047623 -1)
(-5 -0.6929643 -1)
(-4.619369524 -0.6968176056 -1)
(-4.238739047 -0.7006709112 -1)
(-3.858108571 -0.7045242168 -1)
(-3.477478095 -0.7083775224 -1)
(-3.096847618 -0.712230828 -1)
(-2.716217142 -0.7160841336 -1)
(-2.335586666 -0.7199374392 -1)
(-1.954956189 -0.7237907448 -1)
(-1.574325713 -0.7276440503 -1)
(-5 -0.5939694 -1)
(-4.624740808 -0.5981310711 -1)
(-4.249481616 -0.6022927422 -1)
(-3.874222424 -0.6064544132 -1)
(-3.498963232 -0.6106160843 -1)
(-3.12370404 -0.6147777554 -1)
(-2.748444848 -0.6189394265 -1)
(-2.373185656 -0.6231010975 -1)
(-1.997926463 -0.6272627686 -1)
(-1.622667271 -0.6314244397 -1)
(-5 -0.4949745 -1)
(-4.629343029 -0.4990526794 -1)
(-4.258686058 -0.5031308588 -1)
(-3.888029088 -0.5072090382 -1)
(-3.517372117 -0.5112872176 -1)
(-3.146715146 -0.515365397 -1)
(-2.776058175 -0.5194435764 -1)
(-2.405401205 -0.5235217558 -1)
(-2.034744234 -0.5275999352 -1)
(-1.664087263 -0.5316781146 -1)
(-5 -0.3959796 -1)
(-4.633147814 -0.399643978 -1)
(-4.266295628 -0.4033083561 -1)
(-3.899443441 -0.4069727341 -1)
(-3.532591255 -0.4106371121 -1)
(-3.165739069 -0.4143014902 -1)
(-2.798886883 -0.4179658682 -1)
(-2.432034697 -0.4216302462 -1)
(-2.06518251 -0.4252946243 -1)
(-1.698330324 -0.4289590023 -1)
(-5 -0.2969847 -1)
(-4.636131704 -0.2999685509 -1)
(-4.272263408 -0.3029524018 -1)
(-3.908395113 -0.3059362527 -1)
(-3.544526817 -0.3089201036 -1)
(-3.180658521 -0.3119039545 -1)
(-2.816790225 -0.3148878054 -1)
(-2.452921929 -0.3178716563 -1)
(-2.089053634 -0.3208555073 -1)
(-1.725185338 -0.3238393582 -1)
(-5 -0.1979898 -1)
(-4.638276304 -0.2000916264 -1)
(-4.276552608 -0.2021934527 -1)
(-3.914828912 -0.2042952791 -1)
(-3.553105216 -0.2063971054 -1)
(-3.19138152 -0.2084989318 -1)
(-2.829657824 -0.2106007582 -1)
(-2.467934128 -0.2127025845 -1)
(-2.106210432 -0.2148044109 -1)
(-1.744486736 -0.2169062373 -1)
(-5 -0.0989949 -1)
(-4.639568391 -0.100079675 -1)
(-4.279136783 -0.1011644501 -1)
(-3.918705174 -0.1022492251 -1)
(-3.558273565 -0.1033340001 -1)
(-3.197841956 -0.1044187751 -1)
(-2.837410348 -0.1055035502 -1)
(-2.476978739 -0.1065883252 -1)
(-2.11654713 -0.1076731002 -1)
(-1.756115522 -0.1087578752 -1)
(-5 -0.989949 1)
(-4.5989949 -0.989949 1)
(-4.1979898 -0.989949 1)
(-3.7969847 -0.989949 1)
(-3.3959796 -0.989949 1)
(-2.9949745 -0.989949 1)
(-2.5939694 -0.989949 1)
(-2.1929643 -0.989949 1)
(-1.7919592 -0.989949 1)
(-1.3909541 -0.989949 1)
(-5 -0.8909541 1)
(-4.606456765 -0.8927813573 1)
(-4.212913529 -0.8946086145 1)
(-3.819370294 -0.8964358718 1)
(-3.425827058 -0.898263129 1)
(-3.032283823 -0.9000903863 1)
(-2.638740587 -0.9019176435 1)
(-2.245197352 -0.9037449008 1)
(-1.851654116 -0.905572158 1)
(-1.458110881 -0.9073994153 1)
(-5 -0.7919592 1)
(-4.613262292 -0.7950531514 1)
(-4.226524583 -0.7981471027 1)
(-3.839786875 -0.8012410541 1)
(-3.453049167 -0.8043350055 1)
(-3.066311458 -0.8074289568 1)
(-2.67957375 -0.8105229082 1)
(-2.292836042 -0.8136168595 1)
(-1.906098333 -0.8167108109 1)
(-1.519360625 -0.8198047623 1)
(-5 -0.6929643 1)
(-4.619369524 -0.6968176056 1)
(-4.238739047 -0.7006709112 1)
(-3.858108571 -0.7045242168 1)
(-3.477478095 -0.7083775224 1)
(-3.096847618 -0.712230828 1)
(-2.716217142 -0.7160841336 1)
(-2.335586666 -0.7199374392 1)
(-1.954956189 -0.7237907448 1)
(-1.574325713 -0.7276440503 1)
(-5 -0.5939694 1)
(-4.624740808 -0.5981310711 1)
(-4.249481616 -0.6022927422 1)
(-3.874222424 -0.6064544132 1)
(-3.498963232 -0.6106160843 1)
(-3.12370404 -0.6147777554 1)
(-2.748444848 -0.6189394265 1)
(-2.373185656 -0.6231010975 1)
(-1.997926463 -0.6272627686 1)
(-1.622667271 -0.6314244397 1)
(-5 -0.4949745 1)
(-4.629343029 -0.4990526794 1)
(-4.258686058 -0.5031308588 1)
(-3.888029088 -0.5072090382 1)
(-3.517372117 -0.5112872176 1)
(-3.146715146 -0.515365397 1)
(-2.776058175 -0.5194435764 1)
(-2.405401205 -0.5235217558 1)
(-2.034744234 -0.5275999352 1)
(-1.664087263 -0.5316781146 1)
(-5 -0.3959796 1)
(-4.633147814 -0.399643978 1)
(-4.266295628 -0.4033083561 1)
(-3.899443441 -0.4069727341 1)
(-3.532591255 -0.4106371121 1)
(-3.165739069 -0.4143014902 1)
(-2.798886883 -0.4179658682 1)
(-2.432034697 -0.4216302462 1)
(-2.06518251 -0.4252946243 1)
(-1.698330324 -0.4289590023 1)
(-5 -0.2969847 1)
(-4.636131704 -0.2999685509 1)
(-4.272263408 -0.3029524018 1)
(-3.908395113 -0.3059362527 1)
(-3.544526817 -0.3089201036 1)
(-3.180658521 -0.3119039545 1)
(-2.816790225 -0.3148878054 1)
(-2.452921929 -0.3178716563 1)
(-2.089053634 -0.3208555073 1)
(-1.725185338 -0.3238393582 1)
(-5 -0.1979898 1)
(-4.638276304 -0.2000916264 1)
(-4.276552608 -0.2021934527 1)
(-3.914828912 -0.2042952791 1)
(-3.553105216 -0.2063971054 1)
(-3.19138152 -0.2084989318 1)
(-2.829657824 -0.2106007582 1)
(-2.467934128 -0.2127025845 1)
(-2.106210432 -0.2148044109 1)
(-1.744486736 -0.2169062373 1)
(-5 -0.0989949 1)
(-4.639568391 -0.100079675 1)
(-4.279136783 -0.1011644501 1)
(-3.918705174 -0.1022492251 1)
(-3.558273565 -0.1033340001 1)
(-3.197841956 -0.1044187751 1)
(-2.837410348 -0.1055035502 1)
(-2.476978739 -0.1065883252 1)
(-2.11654713 -0.1076731002 1)
(-1.756115522 -0.1087578752 1)
(-5 -1.5 -1)
(-4.5989949 -1.5 -1)
(-4.1979898 -1.5 -1)
(-3.7969847 -1.5 -1)
(-3.3959796 -1.5 -1)
(-2.9949745 -1.5 -1)
(-2.5939694 -1.5 -1)
(-2.1929643 -1.5 -1)
(-1.7919592 -1.5 -1)
(-1.3909541 -1.5 -1)
(-0.989949 -1.5 -1)
(-5 -1.3979898 -1)
(-4.5989949 -1.3979898 -1)
(-4.1979898 -1.3979898 -1)
(-3.7969847 -1.3979898 -1)
(-3.3959796 -1.3979898 -1)
(-2.9949745 -1.3979898 -1)
(-2.5939694 -1.3979898 -1)
(-2.1929643 -1.3979898 -1)
(-1.7919592 -1.3979898 -1)
(-1.3909541 -1.3979898 -1)
(-0.989949 -1.3979898 -1)
(-5 -1.2959796 -1)
(-4.5989949 -1.2959796 -1)
(-4.1979898 -1.2959796 -1)
(-3.7969847 -1.2959796 -1)
(-3.3959796 -1.2959796 -1)
(-2.9949745 -1.2959796 -1)
(-2.5939694 -1.2959796 -1)
(-2.1929643 -1.2959796 -1)
(-1.7919592 -1.2959796 -1)
(-1.3909541 -1.2959796 -1)
(-0.989949 -1.2959796 -1)
(-5 -1.1939694 -1)
(-4.5989949 -1.1939694 -1)
(-4.1979898 -1.1939694 -1)
(-3.7969847 -1.1939694 -1)
(-3.3959796 -1.1939694 -1)
(-2.9949745 -1.1939694 -1)
(-2.5939694 -1.1939694 -1)
(-2.1929643 -1.1939694 -1)
(-1.7919592 -1.1939694 -1)
(-1.3909541 -1.1939694 -1)
(-0.989949 -1.1939694 -1)
(-5 -1.0919592 -1)
(-4.5989949 -1.0919592 -1)
(-4.1979898 -1.0919592 -1)
(-3.7969847 -1.0919592 -1)
(-3.3959796 -1.0919592 -1)
(-2.9949745 -1.0919592 -1)
(-2.5939694 -1.0919592 -1)
(-2.1929643 -1.0919592 -1)
(-1.7919592 -1.0919592 -1)
(-1.3909541 -1.0919592 -1)
(-0.989949 -1.0919592 -1)
(-5 -1.5 1)
(-4.5989949 -1.5 1)
(-4.1979898 -1.5 1)
(-3.7969847 -1.5 1)
(-3.3959796 -1.5 1)
(-2.9949745 -1.5 1)
(-2.5939694 -1.5 1)
(-2.1929643 -1.5 1)
(-1.7919592 -1.5 1)
(-1.3909541 -1.5 1)
(-0.989949 -1.5 1)
(-5 -1.3979898 1)
(-4.5989949 -1.3979898 1)
(-4.1979898 -1.3979898 1)
(-3.7969847 -1.3979898 1)
(-3.3959796 -1.3979898 1)
(-2.9949745 -1.3979898 1)
(-2.5939694 -1.3979898 1)
(-2.1929643 -1.3979898 1)
(-1.7919592 -1.3979898 1)
(-1.3909541 -1.3979898 1)
(-0.989949 -1.3979898 1)
(-5 -1.2959796 1)
(-4.5989949 -1.2959796 1)
(-4.1979898 -1.2959796 1)
(-3.7969847 -1.2959796 1)
(-3.3959796 -1.2959796 1)
(-2.9949745 -1.2959796 1)
(-2.5939694 -1.2959796 1)
(-2.1929643 -1.2959796 1)
(-1.7919592 -1.2959796 1)
(-1.3909541 -1.2959796 1)
(-0.989949 -1.2959796 1)
(-5 -1.1939694 1)
(-4.5989949 -1.1939694 1)
(-4.1979898 -1.1939694 1)
(-3.7969847 -1.1939694 1)
(-3.3959796 -1.1939694 1)
(-2.9949745 -1.1939694 1)
(-2.5939694 -1.1939694 1)
(-2.1929643 -1.1939694 1)
(-1.7919592 -1.1939694 1)
(-1.3909541 -1.1939694 1)
(-0.989949 -1.1939694 1)
(-5 -1.0919592 1)
(-4.5989949 -1.0919592 1)
(-4.1979898 -1.0919592 1)
(-3.7969847 -1.0919592 1)
(-3.3959796 -1.0919592 1)
(-2.9949745 -1.0919592 1)
(-2.5939694 -1.0919592 1)
(-2.1929643 -1.0919592 1)
(-1.7919592 -1.0919592 1)
(-1.3909541 -1.0919592 1)
(-0.989949 -1.0919592 1)
(-0.8909541 -1.5 -1)
(-0.7919592 -1.5 -1)
(-0.6929643 -1.5 -1)
(-0.5939694 -1.5 -1)
(-0.4949745 -1.5 -1)
(-0.3959796 -1.5 -1)
(-0.2969847 -1.5 -1)
(-0.1979898 -1.5 -1)
(-0.0989949 -1.5 -1)
(-0.8946086145 -1.412913529 -1)
(-0.7981471027 -1.426524583 -1)
(-0.7006709112 -1.438739047 -1)
(-0.6022927422 -1.449481616 -1)
(-0.5031308588 -1.458686058 -1)
(-0.4033083561 -1.466295628 -1)
(-0.3029524018 -1.472263408 -1)
(-0.2021934527 -1.476552608 -1)
(-0.1011644501 -1.479136783 -1)
(-0.898263129 -1.325827058 -1)
(-0.8043350055 -1.353049167 -1)
(-0.7083775224 -1.377478095 -1)
(-0.6106160843 -1.398963232 -1)
(-0.5112872176 -1.417372117 -1)
(-0.4106371121 -1.432591255 -1)
(-0.3089201036 -1.444526817 -1)
(-0.2063971054 -1.453105216 -1)
(-0.1033340001 -1.458273565 -1)
(-0.9019176435 -1.238740587 -1)
(-0.8105229082 -1.27957375 -1)
(-0.7160841336 -1.316217142 -1)
(-0.6189394265 -1.348444848 -1)
(-0.5194435764 -1.376058175 -1)
(-0.4179658682 -1.398886883 -1)
(-0.3148878054 -1.416790225 -1)
(-0.2106007582 -1.429657824 -1)
(-0.1055035502 -1.437410348 -1)
(-0.905572158 -1.151654116 -1)
(-0.8167108109 -1.206098333 -1)
(-0.7237907448 -1.254956189 -1)
(-0.6272627686 -1.297926463 -1)
(-0.5275999352 -1.334744234 -1)
(-0.4252946243 -1.36518251 -1)
(-0.3208555073 -1.389053634 -1)
(-0.3365463299 -1.382137939 -1)
(-0.2307235888 -1.401772411 -1)
(-0.8909541 -1.5 1)
(-0.7919592 -1.5 1)
(-0.6929643 -1.5 1)
(-0.5939694 -1.5 1)
(-0.4949745 -1.5 1)
(-0.3959796 -1.5 1)
(-0.2969847 -1.5 1)
(-0.1979898 -1.5 1)
(-0.0989949 -1.5 1)
(-0.8946086145 -1.412913529 1)
(-0.7981471027 -1.426524583 1)
(-0.7006709112 -1.438739047 1)
(-0.6022927422 -1.449481616 1)
(-0.5031308588 -1.458686058 1)
(-0.4033083561 -1.466295628 1)
(-0.3029524018 -1.472263408 1)
(-0.2021934527 -1.476552608 1)
(-0.1011644501 -1.479136783 1)
(-0.898263129 -1.325827058 1)
(-0.8043350055 -1.353049167 1)
(-0.7083775224 -1.377478095 1)
(-0.6106160843 -1.398963232 1)
(-0.5112872176 -1.417372117 1)
(-0.4106371121 -1.432591255 1)
(-0.3089201036 -1.444526817 1)
(-0.2063971054 -1.453105216 1)
(-0.1033340001 -1.458273565 1)
(-0.9019176435 -1.238740587 1)
(-0.8105229082 -1.27957375 1)
(-0.7160841336 -1.316217142 1)
(-0.6189394265 -1.348444848 1)
(-0.5194435764 -1.376058175 1)
(-0.4179658682 -1.398886883 1)
(-0.3148878054 -1.416790225 1)
(-0.2106007582 -1.429657824 1)
(-0.1055035502 -1.437410348 1)
(-0.905572158 -1.151654116 1)
(-0.8167108109 -1.206098333 1)
(-0.7237907448 -1.254956189 1)
(-0.6272627686 -1.297926463 1)
(-0.5275999352 -1.334744234 1)
(-0.4252946243 -1.36518251 1)
(-0.3208555073 -1.389053634 1)
(-0.3365463299 -1.382137939 1)
(-0.2307235888 -1.401772411 1)
)


// ************************************************************************* //
