ISO-10303-21;
HEADER;
FILE_DESCRIPTION(('FreeCAD Model'),'2;1');
FILE_NAME('Open CASCADE Shape Model','2026-08-17T23:13:31',('FreeCAD'),(
    'FreeCAD'),'Open CASCADE STEP processor 7.9','FreeCAD','Unknown');
FILE_SCHEMA(('AUTOMOTIVE_DESIGN { 1 0 10303 214 1 1 1 1 }'));
ENDSEC;
DATA;
#1 = APPLICATION_PROTOCOL_DEFINITION('international standard',
  'automotive_design',2000,#2);
#2 = APPLICATION_CONTEXT(
  'core data for automotive mechanical design processes');
#3 = SHAPE_DEFINITION_REPRESENTATION(#4,#10);
#4 = PRODUCT_DEFINITION_SHAPE('','',#5);
#5 = PRODUCT_DEFINITION('design','',#6,#9);
#6 = PRODUCT_DEFINITION_FORMATION('','',#7);
#7 = PRODUCT('Open CASCADE STEP translator 7.9 1',
  'Open CASCADE STEP translator 7.9 1','',(#8));
#8 = PRODUCT_CONTEXT('',#2,'mechanical');
#9 = PRODUCT_DEFINITION_CONTEXT('part definition',#2,'design');
#10 = SHAPE_REPRESENTATION('',(#11,#15,#18167,#18317,#18605,#18983,
    #19289,#19439,#19589,#19739,#19889),#20039);
#11 = AXIS2_PLACEMENT_3D('',#12,#13,#14);
#12 = CARTESIAN_POINT('',(0.,0.,0.));
#13 = DIRECTION('',(0.,0.,1.));
#14 = DIRECTION('',(1.,0.,-0.));
#15 = MANIFOLD_SOLID_BREP('',#16);
#16 = CLOSED_SHELL('',(#17,#57,#88,#128,#159,#233,#298,#322,#2402,#2419,
    #2450,#2474,#2498,#2515,#2561,#2598,#2622,#2680,#2697,#2728,#2752,
    #2776,#2800,#2824,#2848,#2872,#2896,#2920,#2944,#2968,#2992,#3016,
    #3040,#3064,#3088,#3112,#3136,#3160,#3184,#3208,#3232,#3256,#3280,
    #3304,#3328,#3352,#3376,#3400,#3424,#3448,#3472,#3496,#3520,#3544,
    #3568,#3592,#3616,#3640,#3664,#3688,#3712,#3736,#3760,#3784,#3808,
    #3832,#3856,#3880,#3904,#3928,#3952,#3976,#4000,#4024,#4048,#4072,
    #4096,#4120,#4144,#4168,#4192,#4216,#4233,#4264,#4288,#4312,#4336,
    #4360,#4384,#4408,#4432,#4456,#4480,#4504,#4528,#4552,#4576,#4600,
    #4624,#4648,#4672,#4696,#4720,#4744,#4768,#4792,#4816,#4840,#4864,
    #4888,#4912,#4936,#4960,#4984,#5008,#5032,#5056,#5080,#5104,#5128,
    #5152,#5176,#5200,#5224,#5248,#5272,#5296,#5320,#5344,#5368,#5392,
    #5416,#5440,#5464,#5488,#5512,#5536,#5560,#5584,#5608,#5632,#5656,
    #5680,#5704,#5728,#5752,#5769,#5800,#5824,#5848,#5872,#5896,#5920,
    #5944,#5968,#5992,#6016,#6040,#6064,#6088,#6112,#6136,#6160,#6184,
    #6208,#6232,#6256,#6280,#6304,#6328,#6352,#6376,#6400,#6424,#6448,
    #6472,#6496,#6520,#6544,#6568,#6592,#6616,#6640,#6664,#6688,#6712,
    #6736,#6760,#6784,#6808,#6832,#6856,#6880,#6904,#6928,#6952,#6976,
    #7000,#7024,#7048,#7072,#7096,#7120,#7144,#7168,#7192,#7216,#7240,
    #7264,#7288,#7305,#7336,#7360,#7384,#7408,#7432,#7456,#7480,#7504,
    #7528,#7552,#7576,#7600,#7624,#7648,#7672,#7696,#7720,#7744,#7768,
    #7792,#7816,#7840,#7864,#7888,#7912,#7936,#7960,#7984,#8008,#8032,
    #8056,#8080,#8104,#8128,#8152,#8176,#8200,#8224,#8248,#8272,#8296,
    #8320,#8344,#8368,#8392,#8416,#8440,#8464,#8488,#8512,#8536,#8560,
    #8584,#8608,#8632,#8656,#8680,#8704,#8728,#8752,#8776,#8800,#8824,
    #8841,#8863,#8880,#8897,#8909,#9495,#10072,#10649,#11235,#11266,
    #11290,#11314,#11338,#11362,#11386,#11410,#11434,#11458,#11482,
    #11506,#11530,#11554,#11578,#11602,#11626,#11650,#11674,#11698,
    #11722,#11746,#11770,#11794,#11818,#11842,#11866,#11890,#11914,
    #11938,#11962,#11986,#12010,#12034,#12058,#12082,#12106,#12130,
    #12154,#12178,#12202,#12226,#12257,#12288,#12319,#12343,#12367,
    #12391,#12415,#12439,#12463,#12487,#12511,#12535,#12559,#12583,
    #12607,#12631,#12655,#12679,#12703,#12727,#12751,#12775,#12799,
    #12823,#12847,#12871,#12895,#12919,#12943,#12967,#12991,#13015,
    #13039,#13063,#13087,#13111,#13135,#13159,#13183,#13207,#13231,
    #13255,#13279,#13303,#13327,#13351,#13375,#13399,#13423,#13447,
    #13471,#13495,#13519,#13543,#13567,#13591,#13615,#13639,#13663,
    #13687,#13711,#13742,#13766,#13790,#13814,#13838,#13862,#13886,
    #13910,#13934,#13958,#13982,#14006,#14030,#14054,#14078,#14102,
    #14126,#14143,#14174,#14198,#14222,#14246,#14270,#14294,#14318,
    #14342,#14366,#14390,#14414,#14438,#14462,#14486,#14510,#14534,
    #14565,#14596,#14627,#14651,#14675,#14699,#14723,#14747,#14771,
    #14795,#14819,#14843,#14867,#14891,#14915,#14939,#14963,#14987,
    #15011,#15035,#15059,#15083,#15107,#15131,#15155,#15179,#15203,
    #15227,#15251,#15275,#15299,#15323,#15347,#15371,#15395,#15419,
    #15443,#15467,#15491,#15515,#15539,#15563,#15587,#15611,#15635,
    #15659,#15683,#15707,#15731,#15755,#15779,#15803,#15827,#15851,
    #15875,#15899,#15930,#15954,#15978,#16002,#16026,#16050,#16074,
    #16098,#16122,#16146,#16170,#16194,#16218,#16242,#16266,#16290,
    #16314,#16338,#16362,#16386,#16410,#16434,#16458,#16482,#16506,
    #16530,#16554,#16578,#16602,#16626,#16650,#16674,#16698,#16722,
    #16746,#16770,#16794,#16811,#16827,#16858,#16882,#16906,#16930,
    #16954,#16978,#17002,#17026,#17042,#17058,#17089,#17113,#17137,
    #17161,#17185,#17209,#17233,#17257,#17273,#17289,#17320,#17344,
    #17368,#17384,#17400,#17431,#17455,#17479,#17495,#17526,#17557,
    #17579,#17601,#17632,#17663,#17685,#17707,#17723,#17748,#17759,
    #17775,#17800,#17811,#17827,#17847,#17858,#17874,#17894,#17905));
#17 = ADVANCED_FACE('',(#18),#52,.T.);
#18 = FACE_BOUND('',#19,.T.);
#19 = EDGE_LOOP('',(#20,#30,#38,#46));
#20 = ORIENTED_EDGE('',*,*,#21,.F.);
#21 = EDGE_CURVE('',#22,#24,#26,.T.);
#22 = VERTEX_POINT('',#23);
#23 = CARTESIAN_POINT('',(50.035301208496,35.5,3.200000047684));
#24 = VERTEX_POINT('',#25);
#25 = CARTESIAN_POINT('',(50.019298553467,35.607898712158,3.200000047684
    ));
#26 = LINE('',#27,#28);
#27 = CARTESIAN_POINT('',(50.035301208496,35.5,3.200000047684));
#28 = VECTOR('',#29,1.);
#29 = DIRECTION('',(-0.146707088924,0.989179978598,0.));
#30 = ORIENTED_EDGE('',*,*,#31,.T.);
#31 = EDGE_CURVE('',#22,#32,#34,.T.);
#32 = VERTEX_POINT('',#33);
#33 = CARTESIAN_POINT('',(50.035301208496,35.5,5.699999809265));
#34 = LINE('',#35,#36);
#35 = CARTESIAN_POINT('',(50.035301208496,35.5,3.200000047684));
#36 = VECTOR('',#37,1.);
#37 = DIRECTION('',(0.,0.,1.));
#38 = ORIENTED_EDGE('',*,*,#39,.T.);
#39 = EDGE_CURVE('',#32,#40,#42,.T.);
#40 = VERTEX_POINT('',#41);
#41 = CARTESIAN_POINT('',(50.019298553467,35.607898712158,9.));
#42 = LINE('',#43,#44);
#43 = CARTESIAN_POINT('',(50.035301208496,35.5,5.699999809265));
#44 = VECTOR('',#45,1.);
#45 = DIRECTION('',(-4.846642168857E-03,3.267873033281E-02,
    0.999454156349));
#46 = ORIENTED_EDGE('',*,*,#47,.F.);
#47 = EDGE_CURVE('',#24,#40,#48,.T.);
#48 = LINE('',#49,#50);
#49 = CARTESIAN_POINT('',(50.019298553467,35.607898712158,3.200000047684
    ));
#50 = VECTOR('',#51,1.);
#51 = DIRECTION('',(0.,0.,1.));
#52 = PLANE('',#53);
#53 = AXIS2_PLACEMENT_3D('',#54,#55,#56);
#54 = CARTESIAN_POINT('',(50.025045193051,35.569151703666,6.07318085364)
  );
#55 = DIRECTION('',(-0.989179978598,-0.146707088924,-0.));
#56 = DIRECTION('',(0.146707088924,-0.989179978598,0.));
#57 = ADVANCED_FACE('',(#58),#83,.T.);
#58 = FACE_BOUND('',#59,.T.);
#59 = EDGE_LOOP('',(#60,#70,#76,#77));
#60 = ORIENTED_EDGE('',*,*,#61,.T.);
#61 = EDGE_CURVE('',#62,#64,#66,.T.);
#62 = VERTEX_POINT('',#63);
#63 = CARTESIAN_POINT('',(50.,36.,9.));
#64 = VERTEX_POINT('',#65);
#65 = CARTESIAN_POINT('',(50.,36.,3.200000047684));
#66 = LINE('',#67,#68);
#67 = CARTESIAN_POINT('',(50.,36.,9.));
#68 = VECTOR('',#69,1.);
#69 = DIRECTION('',(0.,0.,-1.));
#70 = ORIENTED_EDGE('',*,*,#71,.F.);
#71 = EDGE_CURVE('',#24,#64,#72,.T.);
#72 = LINE('',#73,#74);
#73 = CARTESIAN_POINT('',(50.019298553467,35.607898712158,3.200000047684
    ));
#74 = VECTOR('',#75,1.);
#75 = DIRECTION('',(-4.915878028406E-02,0.998790976291,0.));
#76 = ORIENTED_EDGE('',*,*,#47,.T.);
#77 = ORIENTED_EDGE('',*,*,#78,.F.);
#78 = EDGE_CURVE('',#62,#40,#79,.T.);
#79 = LINE('',#80,#81);
#80 = CARTESIAN_POINT('',(50.,36.,9.));
#81 = VECTOR('',#82,1.);
#82 = DIRECTION('',(4.915878028406E-02,-0.998790976291,0.));
#83 = PLANE('',#84);
#84 = AXIS2_PLACEMENT_3D('',#85,#86,#87);
#85 = CARTESIAN_POINT('',(50.009649276733,35.803949356079,6.100000023842
    ));
#86 = DIRECTION('',(-0.998790976291,-4.915878028406E-02,-0.));
#87 = DIRECTION('',(4.915878028406E-02,-0.998790976291,0.));
#88 = ADVANCED_FACE('',(#89),#123,.T.);
#89 = FACE_BOUND('',#90,.T.);
#90 = EDGE_LOOP('',(#91,#101,#109,#117));
#91 = ORIENTED_EDGE('',*,*,#92,.F.);
#92 = EDGE_CURVE('',#93,#95,#97,.T.);
#93 = VERTEX_POINT('',#94);
#94 = CARTESIAN_POINT('',(-50.6740989685,-33.77769851684,9.));
#95 = VERTEX_POINT('',#96);
#96 = CARTESIAN_POINT('',(-50.88010025024,-33.5,5.699999809265));
#97 = LINE('',#98,#99);
#98 = CARTESIAN_POINT('',(-50.6740989685,-33.77769851684,9.));
#99 = VECTOR('',#100,1.);
#100 = DIRECTION('',(-6.208476685826E-02,8.369291457689E-02,
    -0.994555668514));
#101 = ORIENTED_EDGE('',*,*,#102,.T.);
#102 = EDGE_CURVE('',#93,#103,#105,.T.);
#103 = VERTEX_POINT('',#104);
#104 = CARTESIAN_POINT('',(-50.6740989685,-33.77769851684,3.200000047684
    ));
#105 = LINE('',#106,#107);
#106 = CARTESIAN_POINT('',(-50.6740989685,-33.77769851684,9.));
#107 = VECTOR('',#108,1.);
#108 = DIRECTION('',(0.,0.,-1.));
#109 = ORIENTED_EDGE('',*,*,#110,.F.);
#110 = EDGE_CURVE('',#111,#103,#113,.T.);
#111 = VERTEX_POINT('',#112);
#112 = CARTESIAN_POINT('',(-50.88010025024,-33.5,3.200000047684));
#113 = LINE('',#114,#115);
#114 = CARTESIAN_POINT('',(-50.88010025024,-33.5,3.200000047684));
#115 = VECTOR('',#116,1.);
#116 = DIRECTION('',(0.595785176594,-0.803143837274,0.));
#117 = ORIENTED_EDGE('',*,*,#118,.T.);
#118 = EDGE_CURVE('',#111,#95,#119,.T.);
#119 = LINE('',#120,#121);
#120 = CARTESIAN_POINT('',(-50.88010025024,-33.5,3.200000047684));
#121 = VECTOR('',#122,1.);
#122 = DIRECTION('',(0.,0.,1.));
#123 = PLANE('',#124);
#124 = AXIS2_PLACEMENT_3D('',#125,#126,#127);
#125 = CARTESIAN_POINT('',(-50.74868879399,-33.67714824971,
    6.018075094445));
#126 = DIRECTION('',(0.803143837274,0.595785176594,0.));
#127 = DIRECTION('',(-0.595785176594,0.803143837274,0.));
#128 = ADVANCED_FACE('',(#129),#154,.T.);
#129 = FACE_BOUND('',#130,.T.);
#130 = EDGE_LOOP('',(#131,#132,#140,#148));
#131 = ORIENTED_EDGE('',*,*,#102,.F.);
#132 = ORIENTED_EDGE('',*,*,#133,.T.);
#133 = EDGE_CURVE('',#93,#134,#136,.T.);
#134 = VERTEX_POINT('',#135);
#135 = CARTESIAN_POINT('',(-50.47230148315,-34.11439895629,9.));
#136 = LINE('',#137,#138);
#137 = CARTESIAN_POINT('',(-50.6740989685,-33.77769851684,9.));
#138 = VECTOR('',#139,1.);
#139 = DIRECTION('',(0.514078395239,-0.857743203732,0.));
#140 = ORIENTED_EDGE('',*,*,#141,.F.);
#141 = EDGE_CURVE('',#142,#134,#144,.T.);
#142 = VERTEX_POINT('',#143);
#143 = CARTESIAN_POINT('',(-50.47230148315,-34.11439895629,
    3.200000047684));
#144 = LINE('',#145,#146);
#145 = CARTESIAN_POINT('',(-50.47230148315,-34.11439895629,
    3.200000047684));
#146 = VECTOR('',#147,1.);
#147 = DIRECTION('',(0.,0.,1.));
#148 = ORIENTED_EDGE('',*,*,#149,.F.);
#149 = EDGE_CURVE('',#103,#142,#150,.T.);
#150 = LINE('',#151,#152);
#151 = CARTESIAN_POINT('',(-50.6740989685,-33.77769851684,3.200000047684
    ));
#152 = VECTOR('',#153,1.);
#153 = DIRECTION('',(0.514078395239,-0.857743203732,0.));
#154 = PLANE('',#155);
#155 = AXIS2_PLACEMENT_3D('',#156,#157,#158);
#156 = CARTESIAN_POINT('',(-50.57320022583,-33.94604873657,
    6.100000023842));
#157 = DIRECTION('',(0.857743203732,0.514078395239,0.));
#158 = DIRECTION('',(-0.514078395239,0.857743203732,0.));
#159 = ADVANCED_FACE('',(#160,#194),#228,.T.);
#160 = FACE_BOUND('',#161,.T.);
#161 = EDGE_LOOP('',(#162,#172,#180,#188));
#162 = ORIENTED_EDGE('',*,*,#163,.F.);
#163 = EDGE_CURVE('',#164,#166,#168,.T.);
#164 = VERTEX_POINT('',#165);
#165 = CARTESIAN_POINT('',(-71.19999694824,50.200000762939,
    23.10000038147));
#166 = VERTEX_POINT('',#167);
#167 = CARTESIAN_POINT('',(-71.19999694824,-50.20000076293,
    23.10000038147));
#168 = LINE('',#169,#170);
#169 = CARTESIAN_POINT('',(-71.19999694824,50.200000762939,
    23.10000038147));
#170 = VECTOR('',#171,1.);
#171 = DIRECTION('',(0.,-1.,0.));
#172 = ORIENTED_EDGE('',*,*,#173,.T.);
#173 = EDGE_CURVE('',#164,#174,#176,.T.);
#174 = VERTEX_POINT('',#175);
#175 = CARTESIAN_POINT('',(-71.19999694824,50.200000762939,0.));
#176 = LINE('',#177,#178);
#177 = CARTESIAN_POINT('',(-71.19999694824,50.200000762939,
    23.10000038147));
#178 = VECTOR('',#179,1.);
#179 = DIRECTION('',(0.,0.,-1.));
#180 = ORIENTED_EDGE('',*,*,#181,.F.);
#181 = EDGE_CURVE('',#182,#174,#184,.T.);
#182 = VERTEX_POINT('',#183);
#183 = CARTESIAN_POINT('',(-71.19999694824,-50.20000076293,0.));
#184 = LINE('',#185,#186);
#185 = CARTESIAN_POINT('',(-71.19999694824,-50.20000076293,0.));
#186 = VECTOR('',#187,1.);
#187 = DIRECTION('',(0.,1.,0.));
#188 = ORIENTED_EDGE('',*,*,#189,.T.);
#189 = EDGE_CURVE('',#182,#166,#190,.T.);
#190 = LINE('',#191,#192);
#191 = CARTESIAN_POINT('',(-71.19999694824,-50.20000076293,0.));
#192 = VECTOR('',#193,1.);
#193 = DIRECTION('',(0.,0.,1.));
#194 = FACE_BOUND('',#195,.T.);
#195 = EDGE_LOOP('',(#196,#206,#214,#222));
#196 = ORIENTED_EDGE('',*,*,#197,.T.);
#197 = EDGE_CURVE('',#198,#200,#202,.T.);
#198 = VERTEX_POINT('',#199);
#199 = CARTESIAN_POINT('',(-71.19999694824,-10.,15.60000038147));
#200 = VERTEX_POINT('',#201);
#201 = CARTESIAN_POINT('',(-71.19999694824,-26.,15.60000038147));
#202 = LINE('',#203,#204);
#203 = CARTESIAN_POINT('',(-71.19999694824,-10.,15.60000038147));
#204 = VECTOR('',#205,1.);
#205 = DIRECTION('',(0.,-1.,0.));
#206 = ORIENTED_EDGE('',*,*,#207,.T.);
#207 = EDGE_CURVE('',#200,#208,#210,.T.);
#208 = VERTEX_POINT('',#209);
#209 = CARTESIAN_POINT('',(-71.19999694824,-26.,9.60000038147));
#210 = LINE('',#211,#212);
#211 = CARTESIAN_POINT('',(-71.19999694824,-26.,15.60000038147));
#212 = VECTOR('',#213,1.);
#213 = DIRECTION('',(0.,0.,-1.));
#214 = ORIENTED_EDGE('',*,*,#215,.T.);
#215 = EDGE_CURVE('',#208,#216,#218,.T.);
#216 = VERTEX_POINT('',#217);
#217 = CARTESIAN_POINT('',(-71.19999694824,-10.,9.60000038147));
#218 = LINE('',#219,#220);
#219 = CARTESIAN_POINT('',(-71.19999694824,-26.,9.60000038147));
#220 = VECTOR('',#221,1.);
#221 = DIRECTION('',(0.,1.,0.));
#222 = ORIENTED_EDGE('',*,*,#223,.T.);
#223 = EDGE_CURVE('',#216,#198,#224,.T.);
#224 = LINE('',#225,#226);
#225 = CARTESIAN_POINT('',(-71.19999694824,-10.,9.60000038147));
#226 = VECTOR('',#227,1.);
#227 = DIRECTION('',(0.,0.,1.));
#228 = PLANE('',#229);
#229 = AXIS2_PLACEMENT_3D('',#230,#231,#232);
#230 = CARTESIAN_POINT('',(-71.19999694824,0.,11.550000190735));
#231 = DIRECTION('',(-1.,-0.,-0.));
#232 = DIRECTION('',(0.,0.,-1.));
#233 = ADVANCED_FACE('',(#234,#259),#293,.T.);
#234 = FACE_BOUND('',#235,.T.);
#235 = EDGE_LOOP('',(#236,#244,#245,#253));
#236 = ORIENTED_EDGE('',*,*,#237,.T.);
#237 = EDGE_CURVE('',#238,#164,#240,.T.);
#238 = VERTEX_POINT('',#239);
#239 = CARTESIAN_POINT('',(71.199996948242,50.200000762939,
    23.10000038147));
#240 = LINE('',#241,#242);
#241 = CARTESIAN_POINT('',(71.199996948242,50.200000762939,
    23.10000038147));
#242 = VECTOR('',#243,1.);
#243 = DIRECTION('',(-1.,0.,0.));
#244 = ORIENTED_EDGE('',*,*,#163,.T.);
#245 = ORIENTED_EDGE('',*,*,#246,.T.);
#246 = EDGE_CURVE('',#166,#247,#249,.T.);
#247 = VERTEX_POINT('',#248);
#248 = CARTESIAN_POINT('',(71.199996948242,-50.20000076293,
    23.10000038147));
#249 = LINE('',#250,#251);
#250 = CARTESIAN_POINT('',(-71.19999694824,-50.20000076293,
    23.10000038147));
#251 = VECTOR('',#252,1.);
#252 = DIRECTION('',(1.,0.,0.));
#253 = ORIENTED_EDGE('',*,*,#254,.F.);
#254 = EDGE_CURVE('',#238,#247,#255,.T.);
#255 = LINE('',#256,#257);
#256 = CARTESIAN_POINT('',(71.199996948242,50.200000762939,
    23.10000038147));
#257 = VECTOR('',#258,1.);
#258 = DIRECTION('',(0.,-1.,0.));
#259 = FACE_BOUND('',#260,.T.);
#260 = EDGE_LOOP('',(#261,#271,#279,#287));
#261 = ORIENTED_EDGE('',*,*,#262,.T.);
#262 = EDGE_CURVE('',#263,#265,#267,.T.);
#263 = VERTEX_POINT('',#264);
#264 = CARTESIAN_POINT('',(-68.,-47.,23.10000038147));
#265 = VERTEX_POINT('',#266);
#266 = CARTESIAN_POINT('',(-68.,47.,23.10000038147));
#267 = LINE('',#268,#269);
#268 = CARTESIAN_POINT('',(-68.,-47.,23.10000038147));
#269 = VECTOR('',#270,1.);
#270 = DIRECTION('',(0.,1.,0.));
#271 = ORIENTED_EDGE('',*,*,#272,.T.);
#272 = EDGE_CURVE('',#265,#273,#275,.T.);
#273 = VERTEX_POINT('',#274);
#274 = CARTESIAN_POINT('',(68.,47.,23.10000038147));
#275 = LINE('',#276,#277);
#276 = CARTESIAN_POINT('',(-68.,47.,23.10000038147));
#277 = VECTOR('',#278,1.);
#278 = DIRECTION('',(1.,0.,0.));
#279 = ORIENTED_EDGE('',*,*,#280,.T.);
#280 = EDGE_CURVE('',#273,#281,#283,.T.);
#281 = VERTEX_POINT('',#282);
#282 = CARTESIAN_POINT('',(68.,-47.,23.10000038147));
#283 = LINE('',#284,#285);
#284 = CARTESIAN_POINT('',(68.,47.,23.10000038147));
#285 = VECTOR('',#286,1.);
#286 = DIRECTION('',(0.,-1.,0.));
#287 = ORIENTED_EDGE('',*,*,#288,.T.);
#288 = EDGE_CURVE('',#281,#263,#289,.T.);
#289 = LINE('',#290,#291);
#290 = CARTESIAN_POINT('',(68.,-47.,23.10000038147));
#291 = VECTOR('',#292,1.);
#292 = DIRECTION('',(-1.,0.,0.));
#293 = PLANE('',#294);
#294 = AXIS2_PLACEMENT_3D('',#295,#296,#297);
#295 = CARTESIAN_POINT('',(0.,0.,23.10000038147));
#296 = DIRECTION('',(0.,0.,1.));
#297 = DIRECTION('',(1.,0.,0.));
#298 = ADVANCED_FACE('',(#299),#317,.T.);
#299 = FACE_BOUND('',#300,.T.);
#300 = EDGE_LOOP('',(#301,#302,#310,#316));
#301 = ORIENTED_EDGE('',*,*,#237,.F.);
#302 = ORIENTED_EDGE('',*,*,#303,.F.);
#303 = EDGE_CURVE('',#304,#238,#306,.T.);
#304 = VERTEX_POINT('',#305);
#305 = CARTESIAN_POINT('',(71.199996948242,50.200000762939,0.));
#306 = LINE('',#307,#308);
#307 = CARTESIAN_POINT('',(71.199996948242,50.200000762939,0.));
#308 = VECTOR('',#309,1.);
#309 = DIRECTION('',(0.,0.,1.));
#310 = ORIENTED_EDGE('',*,*,#311,.F.);
#311 = EDGE_CURVE('',#174,#304,#312,.T.);
#312 = LINE('',#313,#314);
#313 = CARTESIAN_POINT('',(-71.19999694824,50.200000762939,0.));
#314 = VECTOR('',#315,1.);
#315 = DIRECTION('',(1.,0.,0.));
#316 = ORIENTED_EDGE('',*,*,#173,.F.);
#317 = PLANE('',#318);
#318 = AXIS2_PLACEMENT_3D('',#319,#320,#321);
#319 = CARTESIAN_POINT('',(0.,50.200000762939,11.550000190735));
#320 = DIRECTION('',(0.,1.,0.));
#321 = DIRECTION('',(0.,0.,1.));
#322 = ADVANCED_FACE('',(#323,#341,#855,#1369,#1883),#2397,.T.);
#323 = FACE_BOUND('',#324,.T.);
#324 = EDGE_LOOP('',(#325,#326,#334,#340));
#325 = ORIENTED_EDGE('',*,*,#311,.T.);
#326 = ORIENTED_EDGE('',*,*,#327,.F.);
#327 = EDGE_CURVE('',#328,#304,#330,.T.);
#328 = VERTEX_POINT('',#329);
#329 = CARTESIAN_POINT('',(71.199996948242,-50.20000076293,0.));
#330 = LINE('',#331,#332);
#331 = CARTESIAN_POINT('',(71.199996948242,-50.20000076293,0.));
#332 = VECTOR('',#333,1.);
#333 = DIRECTION('',(0.,1.,0.));
#334 = ORIENTED_EDGE('',*,*,#335,.T.);
#335 = EDGE_CURVE('',#328,#182,#336,.T.);
#336 = LINE('',#337,#338);
#337 = CARTESIAN_POINT('',(71.199996948242,-50.20000076293,0.));
#338 = VECTOR('',#339,1.);
#339 = DIRECTION('',(-1.,0.,0.));
#340 = ORIENTED_EDGE('',*,*,#181,.T.);
#341 = FACE_BOUND('',#342,.T.);
#342 = EDGE_LOOP('',(#343,#353,#361,#369,#377,#385,#393,#401,#409,#417,
    #425,#433,#441,#449,#457,#465,#473,#481,#489,#497,#505,#513,#521,
    #529,#537,#545,#553,#561,#569,#577,#585,#593,#601,#609,#617,#625,
    #633,#641,#649,#657,#665,#673,#681,#689,#697,#705,#713,#721,#729,
    #737,#745,#753,#761,#769,#777,#785,#793,#801,#809,#817,#825,#833,
    #841,#849));
#343 = ORIENTED_EDGE('',*,*,#344,.T.);
#344 = EDGE_CURVE('',#345,#347,#349,.T.);
#345 = VERTEX_POINT('',#346);
#346 = CARTESIAN_POINT('',(-53.12789916992,37.63159942627,0.));
#347 = VERTEX_POINT('',#348);
#348 = CARTESIAN_POINT('',(-53.29199981689,37.709201812744,0.));
#349 = LINE('',#350,#351);
#350 = CARTESIAN_POINT('',(-53.12789916992,37.63159942627,0.));
#351 = VECTOR('',#352,1.);
#352 = DIRECTION('',(-0.904013648298,0.427503594945,0.));
#353 = ORIENTED_EDGE('',*,*,#354,.T.);
#354 = EDGE_CURVE('',#347,#355,#357,.T.);
#355 = VERTEX_POINT('',#356);
#356 = CARTESIAN_POINT('',(-53.46300125122,37.770301818848,0.));
#357 = LINE('',#358,#359);
#358 = CARTESIAN_POINT('',(-53.29199981689,37.709201812744,0.));
#359 = VECTOR('',#360,1.);
#360 = DIRECTION('',(-0.941692948024,0.336473463504,0.));
#361 = ORIENTED_EDGE('',*,*,#362,.T.);
#362 = EDGE_CURVE('',#355,#363,#365,.T.);
#363 = VERTEX_POINT('',#364);
#364 = CARTESIAN_POINT('',(-53.63909912109,37.814498901367,0.));
#365 = LINE('',#366,#367);
#366 = CARTESIAN_POINT('',(-53.46300125122,37.770301818848,0.));
#367 = VECTOR('',#368,1.);
#368 = DIRECTION('',(-0.969918384991,0.243430331835,0.));
#369 = ORIENTED_EDGE('',*,*,#370,.T.);
#370 = EDGE_CURVE('',#363,#371,#373,.T.);
#371 = VERTEX_POINT('',#372);
#372 = CARTESIAN_POINT('',(-53.81869888305,37.8410987854,0.));
#373 = LINE('',#374,#375);
#374 = CARTESIAN_POINT('',(-53.63909912109,37.814498901367,0.));
#375 = VECTOR('',#376,1.);
#376 = DIRECTION('',(-0.989209440443,0.146508303311,0.));
#377 = ORIENTED_EDGE('',*,*,#378,.T.);
#378 = EDGE_CURVE('',#371,#379,#381,.T.);
#379 = VERTEX_POINT('',#380);
#380 = CARTESIAN_POINT('',(-54.,37.849998474121,0.));
#381 = LINE('',#382,#383);
#382 = CARTESIAN_POINT('',(-53.81869888305,37.8410987854,0.));
#383 = VECTOR('',#384,1.);
#384 = DIRECTION('',(-0.998797362669,4.90288519601E-02,0.));
#385 = ORIENTED_EDGE('',*,*,#386,.T.);
#386 = EDGE_CURVE('',#379,#387,#389,.T.);
#387 = VERTEX_POINT('',#388);
#388 = CARTESIAN_POINT('',(-54.18130111694,37.8410987854,0.));
#389 = LINE('',#390,#391);
#390 = CARTESIAN_POINT('',(-54.,37.849998474121,0.));
#391 = VECTOR('',#392,1.);
#392 = DIRECTION('',(-0.998797362669,-4.90288519601E-02,0.));
#393 = ORIENTED_EDGE('',*,*,#394,.T.);
#394 = EDGE_CURVE('',#387,#395,#397,.T.);
#395 = VERTEX_POINT('',#396);
#396 = CARTESIAN_POINT('',(-54.3609008789,37.814498901367,0.));
#397 = LINE('',#398,#399);
#398 = CARTESIAN_POINT('',(-54.18130111694,37.8410987854,0.));
#399 = VECTOR('',#400,1.);
#400 = DIRECTION('',(-0.989209440443,-0.146508303311,0.));
#401 = ORIENTED_EDGE('',*,*,#402,.T.);
#402 = EDGE_CURVE('',#395,#403,#405,.T.);
#403 = VERTEX_POINT('',#404);
#404 = CARTESIAN_POINT('',(-54.53699874877,37.770301818848,0.));
#405 = LINE('',#406,#407);
#406 = CARTESIAN_POINT('',(-54.3609008789,37.814498901367,0.));
#407 = VECTOR('',#408,1.);
#408 = DIRECTION('',(-0.969918384991,-0.243430331835,0.));
#409 = ORIENTED_EDGE('',*,*,#410,.T.);
#410 = EDGE_CURVE('',#403,#411,#413,.T.);
#411 = VERTEX_POINT('',#412);
#412 = CARTESIAN_POINT('',(-54.7080001831,37.709201812744,0.));
#413 = LINE('',#414,#415);
#414 = CARTESIAN_POINT('',(-54.53699874877,37.770301818848,0.));
#415 = VECTOR('',#416,1.);
#416 = DIRECTION('',(-0.941692948024,-0.336473463504,0.));
#417 = ORIENTED_EDGE('',*,*,#418,.T.);
#418 = EDGE_CURVE('',#411,#419,#421,.T.);
#419 = VERTEX_POINT('',#420);
#420 = CARTESIAN_POINT('',(-54.87210083007,37.63159942627,0.));
#421 = LINE('',#422,#423);
#422 = CARTESIAN_POINT('',(-54.7080001831,37.709201812744,0.));
#423 = VECTOR('',#424,1.);
#424 = DIRECTION('',(-0.904013648298,-0.427503594945,0.));
#425 = ORIENTED_EDGE('',*,*,#426,.T.);
#426 = EDGE_CURVE('',#419,#427,#429,.T.);
#427 = VERTEX_POINT('',#428);
#428 = CARTESIAN_POINT('',(-55.02780151367,37.538200378418,0.));
#429 = LINE('',#430,#431);
#430 = CARTESIAN_POINT('',(-54.87210083007,37.63159942627,0.));
#431 = VECTOR('',#432,1.);
#432 = DIRECTION('',(-0.857544828448,-0.514409240977,0.));
#433 = ORIENTED_EDGE('',*,*,#434,.T.);
#434 = EDGE_CURVE('',#427,#435,#437,.T.);
#435 = VERTEX_POINT('',#436);
#436 = CARTESIAN_POINT('',(-55.17359924316,37.430099487305,0.));
#437 = LINE('',#438,#439);
#438 = CARTESIAN_POINT('',(-55.02780151367,37.538200378418,0.));
#439 = VECTOR('',#440,1.);
#440 = DIRECTION('',(-0.803286806393,-0.595592399779,0.));
#441 = ORIENTED_EDGE('',*,*,#442,.T.);
#442 = EDGE_CURVE('',#435,#443,#445,.T.);
#443 = VERTEX_POINT('',#444);
#444 = CARTESIAN_POINT('',(-55.30810165405,37.308101654053,0.));
#445 = LINE('',#446,#447);
#446 = CARTESIAN_POINT('',(-55.17359924316,37.430099487305,0.));
#447 = VECTOR('',#448,1.);
#448 = DIRECTION('',(-0.740699099224,-0.671836918015,0.));
#449 = ORIENTED_EDGE('',*,*,#450,.T.);
#450 = EDGE_CURVE('',#443,#451,#453,.T.);
#451 = VERTEX_POINT('',#452);
#452 = CARTESIAN_POINT('',(-55.4300994873,37.173599243164,0.));
#453 = LINE('',#454,#455);
#454 = CARTESIAN_POINT('',(-55.30810165405,37.308101654053,0.));
#455 = VECTOR('',#456,1.);
#456 = DIRECTION('',(-0.671836918015,-0.740699099224,0.));
#457 = ORIENTED_EDGE('',*,*,#458,.T.);
#458 = EDGE_CURVE('',#451,#459,#461,.T.);
#459 = VERTEX_POINT('',#460);
#460 = CARTESIAN_POINT('',(-55.53820037841,37.027801513672,0.));
#461 = LINE('',#462,#463);
#462 = CARTESIAN_POINT('',(-55.4300994873,37.173599243164,0.));
#463 = VECTOR('',#464,1.);
#464 = DIRECTION('',(-0.595592399779,-0.803286806393,0.));
#465 = ORIENTED_EDGE('',*,*,#466,.T.);
#466 = EDGE_CURVE('',#459,#467,#469,.T.);
#467 = VERTEX_POINT('',#468);
#468 = CARTESIAN_POINT('',(-55.63159942627,36.872100830078,0.));
#469 = LINE('',#470,#471);
#470 = CARTESIAN_POINT('',(-55.53820037841,37.027801513672,0.));
#471 = VECTOR('',#472,1.);
#472 = DIRECTION('',(-0.514409240977,-0.857544828448,0.));
#473 = ORIENTED_EDGE('',*,*,#474,.T.);
#474 = EDGE_CURVE('',#467,#475,#477,.T.);
#475 = VERTEX_POINT('',#476);
#476 = CARTESIAN_POINT('',(-55.70920181274,36.708000183105,0.));
#477 = LINE('',#478,#479);
#478 = CARTESIAN_POINT('',(-55.63159942627,36.872100830078,0.));
#479 = VECTOR('',#480,1.);
#480 = DIRECTION('',(-0.427503594945,-0.904013648298,0.));
#481 = ORIENTED_EDGE('',*,*,#482,.T.);
#482 = EDGE_CURVE('',#475,#483,#485,.T.);
#483 = VERTEX_POINT('',#484);
#484 = CARTESIAN_POINT('',(-55.77030181884,36.536998748779,0.));
#485 = LINE('',#486,#487);
#486 = CARTESIAN_POINT('',(-55.70920181274,36.708000183105,0.));
#487 = VECTOR('',#488,1.);
#488 = DIRECTION('',(-0.336473463504,-0.941692948024,0.));
#489 = ORIENTED_EDGE('',*,*,#490,.T.);
#490 = EDGE_CURVE('',#483,#491,#493,.T.);
#491 = VERTEX_POINT('',#492);
#492 = CARTESIAN_POINT('',(-55.81449890136,36.360900878906,0.));
#493 = LINE('',#494,#495);
#494 = CARTESIAN_POINT('',(-55.77030181884,36.536998748779,0.));
#495 = VECTOR('',#496,1.);
#496 = DIRECTION('',(-0.243430331835,-0.969918384991,0.));
#497 = ORIENTED_EDGE('',*,*,#498,.T.);
#498 = EDGE_CURVE('',#491,#499,#501,.T.);
#499 = VERTEX_POINT('',#500);
#500 = CARTESIAN_POINT('',(-55.8410987854,36.181301116943,0.));
#501 = LINE('',#502,#503);
#502 = CARTESIAN_POINT('',(-55.81449890136,36.360900878906,0.));
#503 = VECTOR('',#504,1.);
#504 = DIRECTION('',(-0.146508303311,-0.989209440443,0.));
#505 = ORIENTED_EDGE('',*,*,#506,.T.);
#506 = EDGE_CURVE('',#499,#507,#509,.T.);
#507 = VERTEX_POINT('',#508);
#508 = CARTESIAN_POINT('',(-55.84999847412,36.,0.));
#509 = LINE('',#510,#511);
#510 = CARTESIAN_POINT('',(-55.8410987854,36.181301116943,0.));
#511 = VECTOR('',#512,1.);
#512 = DIRECTION('',(-4.90288519601E-02,-0.998797362669,0.));
#513 = ORIENTED_EDGE('',*,*,#514,.T.);
#514 = EDGE_CURVE('',#507,#515,#517,.T.);
#515 = VERTEX_POINT('',#516);
#516 = CARTESIAN_POINT('',(-55.8410987854,35.818698883057,0.));
#517 = LINE('',#518,#519);
#518 = CARTESIAN_POINT('',(-55.84999847412,36.,0.));
#519 = VECTOR('',#520,1.);
#520 = DIRECTION('',(4.90288519601E-02,-0.998797362669,0.));
#521 = ORIENTED_EDGE('',*,*,#522,.T.);
#522 = EDGE_CURVE('',#515,#523,#525,.T.);
#523 = VERTEX_POINT('',#524);
#524 = CARTESIAN_POINT('',(-55.81449890136,35.639099121094,0.));
#525 = LINE('',#526,#527);
#526 = CARTESIAN_POINT('',(-55.8410987854,35.818698883057,0.));
#527 = VECTOR('',#528,1.);
#528 = DIRECTION('',(0.146508303311,-0.989209440443,0.));
#529 = ORIENTED_EDGE('',*,*,#530,.T.);
#530 = EDGE_CURVE('',#523,#531,#533,.T.);
#531 = VERTEX_POINT('',#532);
#532 = CARTESIAN_POINT('',(-55.77030181884,35.463001251221,0.));
#533 = LINE('',#534,#535);
#534 = CARTESIAN_POINT('',(-55.81449890136,35.639099121094,0.));
#535 = VECTOR('',#536,1.);
#536 = DIRECTION('',(0.243430331835,-0.969918384991,0.));
#537 = ORIENTED_EDGE('',*,*,#538,.T.);
#538 = EDGE_CURVE('',#531,#539,#541,.T.);
#539 = VERTEX_POINT('',#540);
#540 = CARTESIAN_POINT('',(-55.70920181274,35.291999816895,0.));
#541 = LINE('',#542,#543);
#542 = CARTESIAN_POINT('',(-55.77030181884,35.463001251221,0.));
#543 = VECTOR('',#544,1.);
#544 = DIRECTION('',(0.336473463504,-0.941692948024,0.));
#545 = ORIENTED_EDGE('',*,*,#546,.T.);
#546 = EDGE_CURVE('',#539,#547,#549,.T.);
#547 = VERTEX_POINT('',#548);
#548 = CARTESIAN_POINT('',(-55.63159942627,35.127899169922,0.));
#549 = LINE('',#550,#551);
#550 = CARTESIAN_POINT('',(-55.70920181274,35.291999816895,0.));
#551 = VECTOR('',#552,1.);
#552 = DIRECTION('',(0.427503594945,-0.904013648298,0.));
#553 = ORIENTED_EDGE('',*,*,#554,.T.);
#554 = EDGE_CURVE('',#547,#555,#557,.T.);
#555 = VERTEX_POINT('',#556);
#556 = CARTESIAN_POINT('',(-55.53820037841,34.972198486328,0.));
#557 = LINE('',#558,#559);
#558 = CARTESIAN_POINT('',(-55.63159942627,35.127899169922,0.));
#559 = VECTOR('',#560,1.);
#560 = DIRECTION('',(0.514409240977,-0.857544828448,0.));
#561 = ORIENTED_EDGE('',*,*,#562,.T.);
#562 = EDGE_CURVE('',#555,#563,#565,.T.);
#563 = VERTEX_POINT('',#564);
#564 = CARTESIAN_POINT('',(-55.4300994873,34.826400756836,0.));
#565 = LINE('',#566,#567);
#566 = CARTESIAN_POINT('',(-55.53820037841,34.972198486328,0.));
#567 = VECTOR('',#568,1.);
#568 = DIRECTION('',(0.595592399779,-0.803286806393,0.));
#569 = ORIENTED_EDGE('',*,*,#570,.T.);
#570 = EDGE_CURVE('',#563,#571,#573,.T.);
#571 = VERTEX_POINT('',#572);
#572 = CARTESIAN_POINT('',(-55.30810165405,34.691898345947,0.));
#573 = LINE('',#574,#575);
#574 = CARTESIAN_POINT('',(-55.4300994873,34.826400756836,0.));
#575 = VECTOR('',#576,1.);
#576 = DIRECTION('',(0.671836918015,-0.740699099224,0.));
#577 = ORIENTED_EDGE('',*,*,#578,.T.);
#578 = EDGE_CURVE('',#571,#579,#581,.T.);
#579 = VERTEX_POINT('',#580);
#580 = CARTESIAN_POINT('',(-55.17359924316,34.569900512695,0.));
#581 = LINE('',#582,#583);
#582 = CARTESIAN_POINT('',(-55.30810165405,34.691898345947,0.));
#583 = VECTOR('',#584,1.);
#584 = DIRECTION('',(0.740699099224,-0.671836918015,0.));
#585 = ORIENTED_EDGE('',*,*,#586,.T.);
#586 = EDGE_CURVE('',#579,#587,#589,.T.);
#587 = VERTEX_POINT('',#588);
#588 = CARTESIAN_POINT('',(-55.02780151367,34.461799621582,0.));
#589 = LINE('',#590,#591);
#590 = CARTESIAN_POINT('',(-55.17359924316,34.569900512695,0.));
#591 = VECTOR('',#592,1.);
#592 = DIRECTION('',(0.803286806393,-0.595592399779,0.));
#593 = ORIENTED_EDGE('',*,*,#594,.T.);
#594 = EDGE_CURVE('',#587,#595,#597,.T.);
#595 = VERTEX_POINT('',#596);
#596 = CARTESIAN_POINT('',(-54.87210083007,34.36840057373,0.));
#597 = LINE('',#598,#599);
#598 = CARTESIAN_POINT('',(-55.02780151367,34.461799621582,0.));
#599 = VECTOR('',#600,1.);
#600 = DIRECTION('',(0.857544828448,-0.514409240977,0.));
#601 = ORIENTED_EDGE('',*,*,#602,.T.);
#602 = EDGE_CURVE('',#595,#603,#605,.T.);
#603 = VERTEX_POINT('',#604);
#604 = CARTESIAN_POINT('',(-54.7080001831,34.290798187256,0.));
#605 = LINE('',#606,#607);
#606 = CARTESIAN_POINT('',(-54.87210083007,34.36840057373,0.));
#607 = VECTOR('',#608,1.);
#608 = DIRECTION('',(0.904013648298,-0.427503594945,0.));
#609 = ORIENTED_EDGE('',*,*,#610,.T.);
#610 = EDGE_CURVE('',#603,#611,#613,.T.);
#611 = VERTEX_POINT('',#612);
#612 = CARTESIAN_POINT('',(-54.53699874877,34.229698181152,0.));
#613 = LINE('',#614,#615);
#614 = CARTESIAN_POINT('',(-54.7080001831,34.290798187256,0.));
#615 = VECTOR('',#616,1.);
#616 = DIRECTION('',(0.941692948024,-0.336473463504,0.));
#617 = ORIENTED_EDGE('',*,*,#618,.T.);
#618 = EDGE_CURVE('',#611,#619,#621,.T.);
#619 = VERTEX_POINT('',#620);
#620 = CARTESIAN_POINT('',(-54.3609008789,34.185501098633,0.));
#621 = LINE('',#622,#623);
#622 = CARTESIAN_POINT('',(-54.53699874877,34.229698181152,0.));
#623 = VECTOR('',#624,1.);
#624 = DIRECTION('',(0.969918384991,-0.243430331835,0.));
#625 = ORIENTED_EDGE('',*,*,#626,.T.);
#626 = EDGE_CURVE('',#619,#627,#629,.T.);
#627 = VERTEX_POINT('',#628);
#628 = CARTESIAN_POINT('',(-54.18130111694,34.1589012146,0.));
#629 = LINE('',#630,#631);
#630 = CARTESIAN_POINT('',(-54.3609008789,34.185501098633,0.));
#631 = VECTOR('',#632,1.);
#632 = DIRECTION('',(0.989209440443,-0.146508303311,0.));
#633 = ORIENTED_EDGE('',*,*,#634,.T.);
#634 = EDGE_CURVE('',#627,#635,#637,.T.);
#635 = VERTEX_POINT('',#636);
#636 = CARTESIAN_POINT('',(-54.,34.150001525879,0.));
#637 = LINE('',#638,#639);
#638 = CARTESIAN_POINT('',(-54.18130111694,34.1589012146,0.));
#639 = VECTOR('',#640,1.);
#640 = DIRECTION('',(0.998797362669,-4.90288519601E-02,0.));
#641 = ORIENTED_EDGE('',*,*,#642,.T.);
#642 = EDGE_CURVE('',#635,#643,#645,.T.);
#643 = VERTEX_POINT('',#644);
#644 = CARTESIAN_POINT('',(-53.81869888305,34.1589012146,0.));
#645 = LINE('',#646,#647);
#646 = CARTESIAN_POINT('',(-54.,34.150001525879,0.));
#647 = VECTOR('',#648,1.);
#648 = DIRECTION('',(0.998797362669,4.90288519601E-02,0.));
#649 = ORIENTED_EDGE('',*,*,#650,.T.);
#650 = EDGE_CURVE('',#643,#651,#653,.T.);
#651 = VERTEX_POINT('',#652);
#652 = CARTESIAN_POINT('',(-53.63909912109,34.185501098633,0.));
#653 = LINE('',#654,#655);
#654 = CARTESIAN_POINT('',(-53.81869888305,34.1589012146,0.));
#655 = VECTOR('',#656,1.);
#656 = DIRECTION('',(0.989209440443,0.146508303311,0.));
#657 = ORIENTED_EDGE('',*,*,#658,.T.);
#658 = EDGE_CURVE('',#651,#659,#661,.T.);
#659 = VERTEX_POINT('',#660);
#660 = CARTESIAN_POINT('',(-53.46300125122,34.229698181152,0.));
#661 = LINE('',#662,#663);
#662 = CARTESIAN_POINT('',(-53.63909912109,34.185501098633,0.));
#663 = VECTOR('',#664,1.);
#664 = DIRECTION('',(0.969918384991,0.243430331835,0.));
#665 = ORIENTED_EDGE('',*,*,#666,.T.);
#666 = EDGE_CURVE('',#659,#667,#669,.T.);
#667 = VERTEX_POINT('',#668);
#668 = CARTESIAN_POINT('',(-53.29199981689,34.290798187256,0.));
#669 = LINE('',#670,#671);
#670 = CARTESIAN_POINT('',(-53.46300125122,34.229698181152,0.));
#671 = VECTOR('',#672,1.);
#672 = DIRECTION('',(0.941692948024,0.336473463504,0.));
#673 = ORIENTED_EDGE('',*,*,#674,.T.);
#674 = EDGE_CURVE('',#667,#675,#677,.T.);
#675 = VERTEX_POINT('',#676);
#676 = CARTESIAN_POINT('',(-53.12789916992,34.36840057373,0.));
#677 = LINE('',#678,#679);
#678 = CARTESIAN_POINT('',(-53.29199981689,34.290798187256,0.));
#679 = VECTOR('',#680,1.);
#680 = DIRECTION('',(0.904013648298,0.427503594945,0.));
#681 = ORIENTED_EDGE('',*,*,#682,.T.);
#682 = EDGE_CURVE('',#675,#683,#685,.T.);
#683 = VERTEX_POINT('',#684);
#684 = CARTESIAN_POINT('',(-52.97219848632,34.461799621582,0.));
#685 = LINE('',#686,#687);
#686 = CARTESIAN_POINT('',(-53.12789916992,34.36840057373,0.));
#687 = VECTOR('',#688,1.);
#688 = DIRECTION('',(0.857544828448,0.514409240977,0.));
#689 = ORIENTED_EDGE('',*,*,#690,.T.);
#690 = EDGE_CURVE('',#683,#691,#693,.T.);
#691 = VERTEX_POINT('',#692);
#692 = CARTESIAN_POINT('',(-52.82640075683,34.569900512695,0.));
#693 = LINE('',#694,#695);
#694 = CARTESIAN_POINT('',(-52.97219848632,34.461799621582,0.));
#695 = VECTOR('',#696,1.);
#696 = DIRECTION('',(0.803286806393,0.595592399779,0.));
#697 = ORIENTED_EDGE('',*,*,#698,.T.);
#698 = EDGE_CURVE('',#691,#699,#701,.T.);
#699 = VERTEX_POINT('',#700);
#700 = CARTESIAN_POINT('',(-52.69189834594,34.691898345947,0.));
#701 = LINE('',#702,#703);
#702 = CARTESIAN_POINT('',(-52.82640075683,34.569900512695,0.));
#703 = VECTOR('',#704,1.);
#704 = DIRECTION('',(0.740699099224,0.671836918015,0.));
#705 = ORIENTED_EDGE('',*,*,#706,.T.);
#706 = EDGE_CURVE('',#699,#707,#709,.T.);
#707 = VERTEX_POINT('',#708);
#708 = CARTESIAN_POINT('',(-52.56990051269,34.826400756836,0.));
#709 = LINE('',#710,#711);
#710 = CARTESIAN_POINT('',(-52.69189834594,34.691898345947,0.));
#711 = VECTOR('',#712,1.);
#712 = DIRECTION('',(0.671836918015,0.740699099224,0.));
#713 = ORIENTED_EDGE('',*,*,#714,.T.);
#714 = EDGE_CURVE('',#707,#715,#717,.T.);
#715 = VERTEX_POINT('',#716);
#716 = CARTESIAN_POINT('',(-52.46179962158,34.972198486328,0.));
#717 = LINE('',#718,#719);
#718 = CARTESIAN_POINT('',(-52.56990051269,34.826400756836,0.));
#719 = VECTOR('',#720,1.);
#720 = DIRECTION('',(0.595592399779,0.803286806393,0.));
#721 = ORIENTED_EDGE('',*,*,#722,.T.);
#722 = EDGE_CURVE('',#715,#723,#725,.T.);
#723 = VERTEX_POINT('',#724);
#724 = CARTESIAN_POINT('',(-52.36840057373,35.127899169922,0.));
#725 = LINE('',#726,#727);
#726 = CARTESIAN_POINT('',(-52.46179962158,34.972198486328,0.));
#727 = VECTOR('',#728,1.);
#728 = DIRECTION('',(0.514409240977,0.857544828448,0.));
#729 = ORIENTED_EDGE('',*,*,#730,.T.);
#730 = EDGE_CURVE('',#723,#731,#733,.T.);
#731 = VERTEX_POINT('',#732);
#732 = CARTESIAN_POINT('',(-52.29079818725,35.291999816895,0.));
#733 = LINE('',#734,#735);
#734 = CARTESIAN_POINT('',(-52.36840057373,35.127899169922,0.));
#735 = VECTOR('',#736,1.);
#736 = DIRECTION('',(0.427503594945,0.904013648298,0.));
#737 = ORIENTED_EDGE('',*,*,#738,.T.);
#738 = EDGE_CURVE('',#731,#739,#741,.T.);
#739 = VERTEX_POINT('',#740);
#740 = CARTESIAN_POINT('',(-52.22969818115,35.463001251221,0.));
#741 = LINE('',#742,#743);
#742 = CARTESIAN_POINT('',(-52.29079818725,35.291999816895,0.));
#743 = VECTOR('',#744,1.);
#744 = DIRECTION('',(0.336473463504,0.941692948024,0.));
#745 = ORIENTED_EDGE('',*,*,#746,.T.);
#746 = EDGE_CURVE('',#739,#747,#749,.T.);
#747 = VERTEX_POINT('',#748);
#748 = CARTESIAN_POINT('',(-52.18550109863,35.639099121094,0.));
#749 = LINE('',#750,#751);
#750 = CARTESIAN_POINT('',(-52.22969818115,35.463001251221,0.));
#751 = VECTOR('',#752,1.);
#752 = DIRECTION('',(0.243430331835,0.969918384991,0.));
#753 = ORIENTED_EDGE('',*,*,#754,.T.);
#754 = EDGE_CURVE('',#747,#755,#757,.T.);
#755 = VERTEX_POINT('',#756);
#756 = CARTESIAN_POINT('',(-52.1589012146,35.818698883057,0.));
#757 = LINE('',#758,#759);
#758 = CARTESIAN_POINT('',(-52.18550109863,35.639099121094,0.));
#759 = VECTOR('',#760,1.);
#760 = DIRECTION('',(0.146508303311,0.989209440443,0.));
#761 = ORIENTED_EDGE('',*,*,#762,.T.);
#762 = EDGE_CURVE('',#755,#763,#765,.T.);
#763 = VERTEX_POINT('',#764);
#764 = CARTESIAN_POINT('',(-52.15000152587,36.,0.));
#765 = LINE('',#766,#767);
#766 = CARTESIAN_POINT('',(-52.1589012146,35.818698883057,0.));
#767 = VECTOR('',#768,1.);
#768 = DIRECTION('',(4.90288519601E-02,0.998797362669,0.));
#769 = ORIENTED_EDGE('',*,*,#770,.T.);
#770 = EDGE_CURVE('',#763,#771,#773,.T.);
#771 = VERTEX_POINT('',#772);
#772 = CARTESIAN_POINT('',(-52.1589012146,36.181301116943,0.));
#773 = LINE('',#774,#775);
#774 = CARTESIAN_POINT('',(-52.15000152587,36.,0.));
#775 = VECTOR('',#776,1.);
#776 = DIRECTION('',(-4.90288519601E-02,0.998797362669,0.));
#777 = ORIENTED_EDGE('',*,*,#778,.T.);
#778 = EDGE_CURVE('',#771,#779,#781,.T.);
#779 = VERTEX_POINT('',#780);
#780 = CARTESIAN_POINT('',(-52.18550109863,36.360900878906,0.));
#781 = LINE('',#782,#783);
#782 = CARTESIAN_POINT('',(-52.1589012146,36.181301116943,0.));
#783 = VECTOR('',#784,1.);
#784 = DIRECTION('',(-0.146508303311,0.989209440443,0.));
#785 = ORIENTED_EDGE('',*,*,#786,.T.);
#786 = EDGE_CURVE('',#779,#787,#789,.T.);
#787 = VERTEX_POINT('',#788);
#788 = CARTESIAN_POINT('',(-52.22969818115,36.536998748779,0.));
#789 = LINE('',#790,#791);
#790 = CARTESIAN_POINT('',(-52.18550109863,36.360900878906,0.));
#791 = VECTOR('',#792,1.);
#792 = DIRECTION('',(-0.243430331835,0.969918384991,0.));
#793 = ORIENTED_EDGE('',*,*,#794,.T.);
#794 = EDGE_CURVE('',#787,#795,#797,.T.);
#795 = VERTEX_POINT('',#796);
#796 = CARTESIAN_POINT('',(-52.29079818725,36.708000183105,0.));
#797 = LINE('',#798,#799);
#798 = CARTESIAN_POINT('',(-52.22969818115,36.536998748779,0.));
#799 = VECTOR('',#800,1.);
#800 = DIRECTION('',(-0.336473463504,0.941692948024,0.));
#801 = ORIENTED_EDGE('',*,*,#802,.T.);
#802 = EDGE_CURVE('',#795,#803,#805,.T.);
#803 = VERTEX_POINT('',#804);
#804 = CARTESIAN_POINT('',(-52.36840057373,36.872100830078,0.));
#805 = LINE('',#806,#807);
#806 = CARTESIAN_POINT('',(-52.29079818725,36.708000183105,0.));
#807 = VECTOR('',#808,1.);
#808 = DIRECTION('',(-0.427503594945,0.904013648298,0.));
#809 = ORIENTED_EDGE('',*,*,#810,.T.);
#810 = EDGE_CURVE('',#803,#811,#813,.T.);
#811 = VERTEX_POINT('',#812);
#812 = CARTESIAN_POINT('',(-52.46179962158,37.027801513672,0.));
#813 = LINE('',#814,#815);
#814 = CARTESIAN_POINT('',(-52.36840057373,36.872100830078,0.));
#815 = VECTOR('',#816,1.);
#816 = DIRECTION('',(-0.514409240977,0.857544828448,0.));
#817 = ORIENTED_EDGE('',*,*,#818,.T.);
#818 = EDGE_CURVE('',#811,#819,#821,.T.);
#819 = VERTEX_POINT('',#820);
#820 = CARTESIAN_POINT('',(-52.56990051269,37.173599243164,0.));
#821 = LINE('',#822,#823);
#822 = CARTESIAN_POINT('',(-52.46179962158,37.027801513672,0.));
#823 = VECTOR('',#824,1.);
#824 = DIRECTION('',(-0.595592399779,0.803286806393,0.));
#825 = ORIENTED_EDGE('',*,*,#826,.T.);
#826 = EDGE_CURVE('',#819,#827,#829,.T.);
#827 = VERTEX_POINT('',#828);
#828 = CARTESIAN_POINT('',(-52.69189834594,37.308101654053,0.));
#829 = LINE('',#830,#831);
#830 = CARTESIAN_POINT('',(-52.56990051269,37.173599243164,0.));
#831 = VECTOR('',#832,1.);
#832 = DIRECTION('',(-0.671836918015,0.740699099224,0.));
#833 = ORIENTED_EDGE('',*,*,#834,.T.);
#834 = EDGE_CURVE('',#827,#835,#837,.T.);
#835 = VERTEX_POINT('',#836);
#836 = CARTESIAN_POINT('',(-52.82640075683,37.430099487305,0.));
#837 = LINE('',#838,#839);
#838 = CARTESIAN_POINT('',(-52.69189834594,37.308101654053,0.));
#839 = VECTOR('',#840,1.);
#840 = DIRECTION('',(-0.740699099224,0.671836918015,0.));
#841 = ORIENTED_EDGE('',*,*,#842,.T.);
#842 = EDGE_CURVE('',#835,#843,#845,.T.);
#843 = VERTEX_POINT('',#844);
#844 = CARTESIAN_POINT('',(-52.97219848632,37.538200378418,0.));
#845 = LINE('',#846,#847);
#846 = CARTESIAN_POINT('',(-52.82640075683,37.430099487305,0.));
#847 = VECTOR('',#848,1.);
#848 = DIRECTION('',(-0.803286806393,0.595592399779,0.));
#849 = ORIENTED_EDGE('',*,*,#850,.T.);
#850 = EDGE_CURVE('',#843,#345,#851,.T.);
#851 = LINE('',#852,#853);
#852 = CARTESIAN_POINT('',(-52.97219848632,37.538200378418,0.));
#853 = VECTOR('',#854,1.);
#854 = DIRECTION('',(-0.857544828448,0.514409240977,0.));
#855 = FACE_BOUND('',#856,.T.);
#856 = EDGE_LOOP('',(#857,#867,#875,#883,#891,#899,#907,#915,#923,#931,
    #939,#947,#955,#963,#971,#979,#987,#995,#1003,#1011,#1019,#1027,
    #1035,#1043,#1051,#1059,#1067,#1075,#1083,#1091,#1099,#1107,#1115,
    #1123,#1131,#1139,#1147,#1155,#1163,#1171,#1179,#1187,#1195,#1203,
    #1211,#1219,#1227,#1235,#1243,#1251,#1259,#1267,#1275,#1283,#1291,
    #1299,#1307,#1315,#1323,#1331,#1339,#1347,#1355,#1363));
#857 = ORIENTED_EDGE('',*,*,#858,.T.);
#858 = EDGE_CURVE('',#859,#861,#863,.T.);
#859 = VERTEX_POINT('',#860);
#860 = CARTESIAN_POINT('',(53.127899169922,37.63159942627,0.));
#861 = VERTEX_POINT('',#862);
#862 = CARTESIAN_POINT('',(52.972198486328,37.538200378418,0.));
#863 = LINE('',#864,#865);
#864 = CARTESIAN_POINT('',(53.127899169922,37.63159942627,0.));
#865 = VECTOR('',#866,1.);
#866 = DIRECTION('',(-0.857544828448,-0.514409240977,0.));
#867 = ORIENTED_EDGE('',*,*,#868,.T.);
#868 = EDGE_CURVE('',#861,#869,#871,.T.);
#869 = VERTEX_POINT('',#870);
#870 = CARTESIAN_POINT('',(52.826400756836,37.430099487305,0.));
#871 = LINE('',#872,#873);
#872 = CARTESIAN_POINT('',(52.972198486328,37.538200378418,0.));
#873 = VECTOR('',#874,1.);
#874 = DIRECTION('',(-0.803286806393,-0.595592399779,0.));
#875 = ORIENTED_EDGE('',*,*,#876,.T.);
#876 = EDGE_CURVE('',#869,#877,#879,.T.);
#877 = VERTEX_POINT('',#878);
#878 = CARTESIAN_POINT('',(52.691898345947,37.308101654053,0.));
#879 = LINE('',#880,#881);
#880 = CARTESIAN_POINT('',(52.826400756836,37.430099487305,0.));
#881 = VECTOR('',#882,1.);
#882 = DIRECTION('',(-0.740699099224,-0.671836918015,0.));
#883 = ORIENTED_EDGE('',*,*,#884,.T.);
#884 = EDGE_CURVE('',#877,#885,#887,.T.);
#885 = VERTEX_POINT('',#886);
#886 = CARTESIAN_POINT('',(52.569900512695,37.173599243164,0.));
#887 = LINE('',#888,#889);
#888 = CARTESIAN_POINT('',(52.691898345947,37.308101654053,0.));
#889 = VECTOR('',#890,1.);
#890 = DIRECTION('',(-0.671836918015,-0.740699099224,0.));
#891 = ORIENTED_EDGE('',*,*,#892,.T.);
#892 = EDGE_CURVE('',#885,#893,#895,.T.);
#893 = VERTEX_POINT('',#894);
#894 = CARTESIAN_POINT('',(52.461799621582,37.027801513672,0.));
#895 = LINE('',#896,#897);
#896 = CARTESIAN_POINT('',(52.569900512695,37.173599243164,0.));
#897 = VECTOR('',#898,1.);
#898 = DIRECTION('',(-0.595592399779,-0.803286806393,0.));
#899 = ORIENTED_EDGE('',*,*,#900,.T.);
#900 = EDGE_CURVE('',#893,#901,#903,.T.);
#901 = VERTEX_POINT('',#902);
#902 = CARTESIAN_POINT('',(52.36840057373,36.872100830078,0.));
#903 = LINE('',#904,#905);
#904 = CARTESIAN_POINT('',(52.461799621582,37.027801513672,0.));
#905 = VECTOR('',#906,1.);
#906 = DIRECTION('',(-0.514409240977,-0.857544828448,0.));
#907 = ORIENTED_EDGE('',*,*,#908,.T.);
#908 = EDGE_CURVE('',#901,#909,#911,.T.);
#909 = VERTEX_POINT('',#910);
#910 = CARTESIAN_POINT('',(52.290798187256,36.708000183105,0.));
#911 = LINE('',#912,#913);
#912 = CARTESIAN_POINT('',(52.36840057373,36.872100830078,0.));
#913 = VECTOR('',#914,1.);
#914 = DIRECTION('',(-0.427503594945,-0.904013648298,0.));
#915 = ORIENTED_EDGE('',*,*,#916,.T.);
#916 = EDGE_CURVE('',#909,#917,#919,.T.);
#917 = VERTEX_POINT('',#918);
#918 = CARTESIAN_POINT('',(52.229698181152,36.536998748779,0.));
#919 = LINE('',#920,#921);
#920 = CARTESIAN_POINT('',(52.290798187256,36.708000183105,0.));
#921 = VECTOR('',#922,1.);
#922 = DIRECTION('',(-0.336473463504,-0.941692948024,0.));
#923 = ORIENTED_EDGE('',*,*,#924,.T.);
#924 = EDGE_CURVE('',#917,#925,#927,.T.);
#925 = VERTEX_POINT('',#926);
#926 = CARTESIAN_POINT('',(52.185501098633,36.360900878906,0.));
#927 = LINE('',#928,#929);
#928 = CARTESIAN_POINT('',(52.229698181152,36.536998748779,0.));
#929 = VECTOR('',#930,1.);
#930 = DIRECTION('',(-0.243430331835,-0.969918384991,0.));
#931 = ORIENTED_EDGE('',*,*,#932,.T.);
#932 = EDGE_CURVE('',#925,#933,#935,.T.);
#933 = VERTEX_POINT('',#934);
#934 = CARTESIAN_POINT('',(52.1589012146,36.181301116943,0.));
#935 = LINE('',#936,#937);
#936 = CARTESIAN_POINT('',(52.185501098633,36.360900878906,0.));
#937 = VECTOR('',#938,1.);
#938 = DIRECTION('',(-0.146508303311,-0.989209440443,0.));
#939 = ORIENTED_EDGE('',*,*,#940,.T.);
#940 = EDGE_CURVE('',#933,#941,#943,.T.);
#941 = VERTEX_POINT('',#942);
#942 = CARTESIAN_POINT('',(52.150001525879,36.,0.));
#943 = LINE('',#944,#945);
#944 = CARTESIAN_POINT('',(52.1589012146,36.181301116943,0.));
#945 = VECTOR('',#946,1.);
#946 = DIRECTION('',(-4.90288519601E-02,-0.998797362669,0.));
#947 = ORIENTED_EDGE('',*,*,#948,.T.);
#948 = EDGE_CURVE('',#941,#949,#951,.T.);
#949 = VERTEX_POINT('',#950);
#950 = CARTESIAN_POINT('',(52.1589012146,35.818698883057,0.));
#951 = LINE('',#952,#953);
#952 = CARTESIAN_POINT('',(52.150001525879,36.,0.));
#953 = VECTOR('',#954,1.);
#954 = DIRECTION('',(4.90288519601E-02,-0.998797362669,0.));
#955 = ORIENTED_EDGE('',*,*,#956,.T.);
#956 = EDGE_CURVE('',#949,#957,#959,.T.);
#957 = VERTEX_POINT('',#958);
#958 = CARTESIAN_POINT('',(52.185501098633,35.639099121094,0.));
#959 = LINE('',#960,#961);
#960 = CARTESIAN_POINT('',(52.1589012146,35.818698883057,0.));
#961 = VECTOR('',#962,1.);
#962 = DIRECTION('',(0.146508303311,-0.989209440443,0.));
#963 = ORIENTED_EDGE('',*,*,#964,.T.);
#964 = EDGE_CURVE('',#957,#965,#967,.T.);
#965 = VERTEX_POINT('',#966);
#966 = CARTESIAN_POINT('',(52.229698181152,35.463001251221,0.));
#967 = LINE('',#968,#969);
#968 = CARTESIAN_POINT('',(52.185501098633,35.639099121094,0.));
#969 = VECTOR('',#970,1.);
#970 = DIRECTION('',(0.243430331835,-0.969918384991,0.));
#971 = ORIENTED_EDGE('',*,*,#972,.T.);
#972 = EDGE_CURVE('',#965,#973,#975,.T.);
#973 = VERTEX_POINT('',#974);
#974 = CARTESIAN_POINT('',(52.290798187256,35.291999816895,0.));
#975 = LINE('',#976,#977);
#976 = CARTESIAN_POINT('',(52.229698181152,35.463001251221,0.));
#977 = VECTOR('',#978,1.);
#978 = DIRECTION('',(0.336473463504,-0.941692948024,0.));
#979 = ORIENTED_EDGE('',*,*,#980,.T.);
#980 = EDGE_CURVE('',#973,#981,#983,.T.);
#981 = VERTEX_POINT('',#982);
#982 = CARTESIAN_POINT('',(52.36840057373,35.127899169922,0.));
#983 = LINE('',#984,#985);
#984 = CARTESIAN_POINT('',(52.290798187256,35.291999816895,0.));
#985 = VECTOR('',#986,1.);
#986 = DIRECTION('',(0.427503594945,-0.904013648298,0.));
#987 = ORIENTED_EDGE('',*,*,#988,.T.);
#988 = EDGE_CURVE('',#981,#989,#991,.T.);
#989 = VERTEX_POINT('',#990);
#990 = CARTESIAN_POINT('',(52.461799621582,34.972198486328,0.));
#991 = LINE('',#992,#993);
#992 = CARTESIAN_POINT('',(52.36840057373,35.127899169922,0.));
#993 = VECTOR('',#994,1.);
#994 = DIRECTION('',(0.514409240977,-0.857544828448,0.));
#995 = ORIENTED_EDGE('',*,*,#996,.T.);
#996 = EDGE_CURVE('',#989,#997,#999,.T.);
#997 = VERTEX_POINT('',#998);
#998 = CARTESIAN_POINT('',(52.569900512695,34.826400756836,0.));
#999 = LINE('',#1000,#1001);
#1000 = CARTESIAN_POINT('',(52.461799621582,34.972198486328,0.));
#1001 = VECTOR('',#1002,1.);
#1002 = DIRECTION('',(0.595592399779,-0.803286806393,0.));
#1003 = ORIENTED_EDGE('',*,*,#1004,.T.);
#1004 = EDGE_CURVE('',#997,#1005,#1007,.T.);
#1005 = VERTEX_POINT('',#1006);
#1006 = CARTESIAN_POINT('',(52.691898345947,34.691898345947,0.));
#1007 = LINE('',#1008,#1009);
#1008 = CARTESIAN_POINT('',(52.569900512695,34.826400756836,0.));
#1009 = VECTOR('',#1010,1.);
#1010 = DIRECTION('',(0.671836918015,-0.740699099224,0.));
#1011 = ORIENTED_EDGE('',*,*,#1012,.T.);
#1012 = EDGE_CURVE('',#1005,#1013,#1015,.T.);
#1013 = VERTEX_POINT('',#1014);
#1014 = CARTESIAN_POINT('',(52.826400756836,34.569900512695,0.));
#1015 = LINE('',#1016,#1017);
#1016 = CARTESIAN_POINT('',(52.691898345947,34.691898345947,0.));
#1017 = VECTOR('',#1018,1.);
#1018 = DIRECTION('',(0.740699099224,-0.671836918015,0.));
#1019 = ORIENTED_EDGE('',*,*,#1020,.T.);
#1020 = EDGE_CURVE('',#1013,#1021,#1023,.T.);
#1021 = VERTEX_POINT('',#1022);
#1022 = CARTESIAN_POINT('',(52.972198486328,34.461799621582,0.));
#1023 = LINE('',#1024,#1025);
#1024 = CARTESIAN_POINT('',(52.826400756836,34.569900512695,0.));
#1025 = VECTOR('',#1026,1.);
#1026 = DIRECTION('',(0.803286806393,-0.595592399779,0.));
#1027 = ORIENTED_EDGE('',*,*,#1028,.T.);
#1028 = EDGE_CURVE('',#1021,#1029,#1031,.T.);
#1029 = VERTEX_POINT('',#1030);
#1030 = CARTESIAN_POINT('',(53.127899169922,34.36840057373,0.));
#1031 = LINE('',#1032,#1033);
#1032 = CARTESIAN_POINT('',(52.972198486328,34.461799621582,0.));
#1033 = VECTOR('',#1034,1.);
#1034 = DIRECTION('',(0.857544828448,-0.514409240977,0.));
#1035 = ORIENTED_EDGE('',*,*,#1036,.T.);
#1036 = EDGE_CURVE('',#1029,#1037,#1039,.T.);
#1037 = VERTEX_POINT('',#1038);
#1038 = CARTESIAN_POINT('',(53.291999816895,34.290798187256,0.));
#1039 = LINE('',#1040,#1041);
#1040 = CARTESIAN_POINT('',(53.127899169922,34.36840057373,0.));
#1041 = VECTOR('',#1042,1.);
#1042 = DIRECTION('',(0.904013648298,-0.427503594945,0.));
#1043 = ORIENTED_EDGE('',*,*,#1044,.T.);
#1044 = EDGE_CURVE('',#1037,#1045,#1047,.T.);
#1045 = VERTEX_POINT('',#1046);
#1046 = CARTESIAN_POINT('',(53.463001251221,34.229698181152,0.));
#1047 = LINE('',#1048,#1049);
#1048 = CARTESIAN_POINT('',(53.291999816895,34.290798187256,0.));
#1049 = VECTOR('',#1050,1.);
#1050 = DIRECTION('',(0.941692948024,-0.336473463504,0.));
#1051 = ORIENTED_EDGE('',*,*,#1052,.T.);
#1052 = EDGE_CURVE('',#1045,#1053,#1055,.T.);
#1053 = VERTEX_POINT('',#1054);
#1054 = CARTESIAN_POINT('',(53.639099121094,34.185501098633,0.));
#1055 = LINE('',#1056,#1057);
#1056 = CARTESIAN_POINT('',(53.463001251221,34.229698181152,0.));
#1057 = VECTOR('',#1058,1.);
#1058 = DIRECTION('',(0.969918384991,-0.243430331835,0.));
#1059 = ORIENTED_EDGE('',*,*,#1060,.T.);
#1060 = EDGE_CURVE('',#1053,#1061,#1063,.T.);
#1061 = VERTEX_POINT('',#1062);
#1062 = CARTESIAN_POINT('',(53.818698883057,34.1589012146,0.));
#1063 = LINE('',#1064,#1065);
#1064 = CARTESIAN_POINT('',(53.639099121094,34.185501098633,0.));
#1065 = VECTOR('',#1066,1.);
#1066 = DIRECTION('',(0.989209440443,-0.146508303311,0.));
#1067 = ORIENTED_EDGE('',*,*,#1068,.T.);
#1068 = EDGE_CURVE('',#1061,#1069,#1071,.T.);
#1069 = VERTEX_POINT('',#1070);
#1070 = CARTESIAN_POINT('',(54.,34.150001525879,0.));
#1071 = LINE('',#1072,#1073);
#1072 = CARTESIAN_POINT('',(53.818698883057,34.1589012146,0.));
#1073 = VECTOR('',#1074,1.);
#1074 = DIRECTION('',(0.998797362669,-4.90288519601E-02,0.));
#1075 = ORIENTED_EDGE('',*,*,#1076,.T.);
#1076 = EDGE_CURVE('',#1069,#1077,#1079,.T.);
#1077 = VERTEX_POINT('',#1078);
#1078 = CARTESIAN_POINT('',(54.181301116943,34.1589012146,0.));
#1079 = LINE('',#1080,#1081);
#1080 = CARTESIAN_POINT('',(54.,34.150001525879,0.));
#1081 = VECTOR('',#1082,1.);
#1082 = DIRECTION('',(0.998797362669,4.90288519601E-02,0.));
#1083 = ORIENTED_EDGE('',*,*,#1084,.T.);
#1084 = EDGE_CURVE('',#1077,#1085,#1087,.T.);
#1085 = VERTEX_POINT('',#1086);
#1086 = CARTESIAN_POINT('',(54.360900878906,34.185501098633,0.));
#1087 = LINE('',#1088,#1089);
#1088 = CARTESIAN_POINT('',(54.181301116943,34.1589012146,0.));
#1089 = VECTOR('',#1090,1.);
#1090 = DIRECTION('',(0.989209440443,0.146508303311,0.));
#1091 = ORIENTED_EDGE('',*,*,#1092,.T.);
#1092 = EDGE_CURVE('',#1085,#1093,#1095,.T.);
#1093 = VERTEX_POINT('',#1094);
#1094 = CARTESIAN_POINT('',(54.536998748779,34.229698181152,0.));
#1095 = LINE('',#1096,#1097);
#1096 = CARTESIAN_POINT('',(54.360900878906,34.185501098633,0.));
#1097 = VECTOR('',#1098,1.);
#1098 = DIRECTION('',(0.969918384991,0.243430331835,0.));
#1099 = ORIENTED_EDGE('',*,*,#1100,.T.);
#1100 = EDGE_CURVE('',#1093,#1101,#1103,.T.);
#1101 = VERTEX_POINT('',#1102);
#1102 = CARTESIAN_POINT('',(54.708000183105,34.290798187256,0.));
#1103 = LINE('',#1104,#1105);
#1104 = CARTESIAN_POINT('',(54.536998748779,34.229698181152,0.));
#1105 = VECTOR('',#1106,1.);
#1106 = DIRECTION('',(0.941692948024,0.336473463504,0.));
#1107 = ORIENTED_EDGE('',*,*,#1108,.T.);
#1108 = EDGE_CURVE('',#1101,#1109,#1111,.T.);
#1109 = VERTEX_POINT('',#1110);
#1110 = CARTESIAN_POINT('',(54.872100830078,34.36840057373,0.));
#1111 = LINE('',#1112,#1113);
#1112 = CARTESIAN_POINT('',(54.708000183105,34.290798187256,0.));
#1113 = VECTOR('',#1114,1.);
#1114 = DIRECTION('',(0.904013648298,0.427503594945,0.));
#1115 = ORIENTED_EDGE('',*,*,#1116,.T.);
#1116 = EDGE_CURVE('',#1109,#1117,#1119,.T.);
#1117 = VERTEX_POINT('',#1118);
#1118 = CARTESIAN_POINT('',(55.027801513672,34.461799621582,0.));
#1119 = LINE('',#1120,#1121);
#1120 = CARTESIAN_POINT('',(54.872100830078,34.36840057373,0.));
#1121 = VECTOR('',#1122,1.);
#1122 = DIRECTION('',(0.857544828448,0.514409240977,0.));
#1123 = ORIENTED_EDGE('',*,*,#1124,.T.);
#1124 = EDGE_CURVE('',#1117,#1125,#1127,.T.);
#1125 = VERTEX_POINT('',#1126);
#1126 = CARTESIAN_POINT('',(55.173599243164,34.569900512695,0.));
#1127 = LINE('',#1128,#1129);
#1128 = CARTESIAN_POINT('',(55.027801513672,34.461799621582,0.));
#1129 = VECTOR('',#1130,1.);
#1130 = DIRECTION('',(0.803286806393,0.595592399779,0.));
#1131 = ORIENTED_EDGE('',*,*,#1132,.T.);
#1132 = EDGE_CURVE('',#1125,#1133,#1135,.T.);
#1133 = VERTEX_POINT('',#1134);
#1134 = CARTESIAN_POINT('',(55.308101654053,34.691898345947,0.));
#1135 = LINE('',#1136,#1137);
#1136 = CARTESIAN_POINT('',(55.173599243164,34.569900512695,0.));
#1137 = VECTOR('',#1138,1.);
#1138 = DIRECTION('',(0.740699099224,0.671836918015,0.));
#1139 = ORIENTED_EDGE('',*,*,#1140,.T.);
#1140 = EDGE_CURVE('',#1133,#1141,#1143,.T.);
#1141 = VERTEX_POINT('',#1142);
#1142 = CARTESIAN_POINT('',(55.430099487305,34.826400756836,0.));
#1143 = LINE('',#1144,#1145);
#1144 = CARTESIAN_POINT('',(55.308101654053,34.691898345947,0.));
#1145 = VECTOR('',#1146,1.);
#1146 = DIRECTION('',(0.671836918015,0.740699099224,0.));
#1147 = ORIENTED_EDGE('',*,*,#1148,.T.);
#1148 = EDGE_CURVE('',#1141,#1149,#1151,.T.);
#1149 = VERTEX_POINT('',#1150);
#1150 = CARTESIAN_POINT('',(55.538200378418,34.972198486328,0.));
#1151 = LINE('',#1152,#1153);
#1152 = CARTESIAN_POINT('',(55.430099487305,34.826400756836,0.));
#1153 = VECTOR('',#1154,1.);
#1154 = DIRECTION('',(0.595592399779,0.803286806393,0.));
#1155 = ORIENTED_EDGE('',*,*,#1156,.T.);
#1156 = EDGE_CURVE('',#1149,#1157,#1159,.T.);
#1157 = VERTEX_POINT('',#1158);
#1158 = CARTESIAN_POINT('',(55.63159942627,35.127899169922,0.));
#1159 = LINE('',#1160,#1161);
#1160 = CARTESIAN_POINT('',(55.538200378418,34.972198486328,0.));
#1161 = VECTOR('',#1162,1.);
#1162 = DIRECTION('',(0.514409240977,0.857544828448,0.));
#1163 = ORIENTED_EDGE('',*,*,#1164,.T.);
#1164 = EDGE_CURVE('',#1157,#1165,#1167,.T.);
#1165 = VERTEX_POINT('',#1166);
#1166 = CARTESIAN_POINT('',(55.709201812744,35.291999816895,0.));
#1167 = LINE('',#1168,#1169);
#1168 = CARTESIAN_POINT('',(55.63159942627,35.127899169922,0.));
#1169 = VECTOR('',#1170,1.);
#1170 = DIRECTION('',(0.427503594945,0.904013648298,0.));
#1171 = ORIENTED_EDGE('',*,*,#1172,.T.);
#1172 = EDGE_CURVE('',#1165,#1173,#1175,.T.);
#1173 = VERTEX_POINT('',#1174);
#1174 = CARTESIAN_POINT('',(55.770301818848,35.463001251221,0.));
#1175 = LINE('',#1176,#1177);
#1176 = CARTESIAN_POINT('',(55.709201812744,35.291999816895,0.));
#1177 = VECTOR('',#1178,1.);
#1178 = DIRECTION('',(0.336473463504,0.941692948024,0.));
#1179 = ORIENTED_EDGE('',*,*,#1180,.T.);
#1180 = EDGE_CURVE('',#1173,#1181,#1183,.T.);
#1181 = VERTEX_POINT('',#1182);
#1182 = CARTESIAN_POINT('',(55.814498901367,35.639099121094,0.));
#1183 = LINE('',#1184,#1185);
#1184 = CARTESIAN_POINT('',(55.770301818848,35.463001251221,0.));
#1185 = VECTOR('',#1186,1.);
#1186 = DIRECTION('',(0.243430331835,0.969918384991,0.));
#1187 = ORIENTED_EDGE('',*,*,#1188,.T.);
#1188 = EDGE_CURVE('',#1181,#1189,#1191,.T.);
#1189 = VERTEX_POINT('',#1190);
#1190 = CARTESIAN_POINT('',(55.8410987854,35.818698883057,0.));
#1191 = LINE('',#1192,#1193);
#1192 = CARTESIAN_POINT('',(55.814498901367,35.639099121094,0.));
#1193 = VECTOR('',#1194,1.);
#1194 = DIRECTION('',(0.146508303311,0.989209440443,0.));
#1195 = ORIENTED_EDGE('',*,*,#1196,.T.);
#1196 = EDGE_CURVE('',#1189,#1197,#1199,.T.);
#1197 = VERTEX_POINT('',#1198);
#1198 = CARTESIAN_POINT('',(55.849998474121,36.,0.));
#1199 = LINE('',#1200,#1201);
#1200 = CARTESIAN_POINT('',(55.8410987854,35.818698883057,0.));
#1201 = VECTOR('',#1202,1.);
#1202 = DIRECTION('',(4.90288519601E-02,0.998797362669,0.));
#1203 = ORIENTED_EDGE('',*,*,#1204,.T.);
#1204 = EDGE_CURVE('',#1197,#1205,#1207,.T.);
#1205 = VERTEX_POINT('',#1206);
#1206 = CARTESIAN_POINT('',(55.8410987854,36.181301116943,0.));
#1207 = LINE('',#1208,#1209);
#1208 = CARTESIAN_POINT('',(55.849998474121,36.,0.));
#1209 = VECTOR('',#1210,1.);
#1210 = DIRECTION('',(-4.90288519601E-02,0.998797362669,0.));
#1211 = ORIENTED_EDGE('',*,*,#1212,.T.);
#1212 = EDGE_CURVE('',#1205,#1213,#1215,.T.);
#1213 = VERTEX_POINT('',#1214);
#1214 = CARTESIAN_POINT('',(55.814498901367,36.360900878906,0.));
#1215 = LINE('',#1216,#1217);
#1216 = CARTESIAN_POINT('',(55.8410987854,36.181301116943,0.));
#1217 = VECTOR('',#1218,1.);
#1218 = DIRECTION('',(-0.146508303311,0.989209440443,0.));
#1219 = ORIENTED_EDGE('',*,*,#1220,.T.);
#1220 = EDGE_CURVE('',#1213,#1221,#1223,.T.);
#1221 = VERTEX_POINT('',#1222);
#1222 = CARTESIAN_POINT('',(55.770301818848,36.536998748779,0.));
#1223 = LINE('',#1224,#1225);
#1224 = CARTESIAN_POINT('',(55.814498901367,36.360900878906,0.));
#1225 = VECTOR('',#1226,1.);
#1226 = DIRECTION('',(-0.243430331835,0.969918384991,0.));
#1227 = ORIENTED_EDGE('',*,*,#1228,.T.);
#1228 = EDGE_CURVE('',#1221,#1229,#1231,.T.);
#1229 = VERTEX_POINT('',#1230);
#1230 = CARTESIAN_POINT('',(55.709201812744,36.708000183105,0.));
#1231 = LINE('',#1232,#1233);
#1232 = CARTESIAN_POINT('',(55.770301818848,36.536998748779,0.));
#1233 = VECTOR('',#1234,1.);
#1234 = DIRECTION('',(-0.336473463504,0.941692948024,0.));
#1235 = ORIENTED_EDGE('',*,*,#1236,.T.);
#1236 = EDGE_CURVE('',#1229,#1237,#1239,.T.);
#1237 = VERTEX_POINT('',#1238);
#1238 = CARTESIAN_POINT('',(55.63159942627,36.872100830078,0.));
#1239 = LINE('',#1240,#1241);
#1240 = CARTESIAN_POINT('',(55.709201812744,36.708000183105,0.));
#1241 = VECTOR('',#1242,1.);
#1242 = DIRECTION('',(-0.427503594945,0.904013648298,0.));
#1243 = ORIENTED_EDGE('',*,*,#1244,.T.);
#1244 = EDGE_CURVE('',#1237,#1245,#1247,.T.);
#1245 = VERTEX_POINT('',#1246);
#1246 = CARTESIAN_POINT('',(55.538200378418,37.027801513672,0.));
#1247 = LINE('',#1248,#1249);
#1248 = CARTESIAN_POINT('',(55.63159942627,36.872100830078,0.));
#1249 = VECTOR('',#1250,1.);
#1250 = DIRECTION('',(-0.514409240977,0.857544828448,0.));
#1251 = ORIENTED_EDGE('',*,*,#1252,.T.);
#1252 = EDGE_CURVE('',#1245,#1253,#1255,.T.);
#1253 = VERTEX_POINT('',#1254);
#1254 = CARTESIAN_POINT('',(55.430099487305,37.173599243164,0.));
#1255 = LINE('',#1256,#1257);
#1256 = CARTESIAN_POINT('',(55.538200378418,37.027801513672,0.));
#1257 = VECTOR('',#1258,1.);
#1258 = DIRECTION('',(-0.595592399779,0.803286806393,0.));
#1259 = ORIENTED_EDGE('',*,*,#1260,.T.);
#1260 = EDGE_CURVE('',#1253,#1261,#1263,.T.);
#1261 = VERTEX_POINT('',#1262);
#1262 = CARTESIAN_POINT('',(55.308101654053,37.308101654053,0.));
#1263 = LINE('',#1264,#1265);
#1264 = CARTESIAN_POINT('',(55.430099487305,37.173599243164,0.));
#1265 = VECTOR('',#1266,1.);
#1266 = DIRECTION('',(-0.671836918015,0.740699099224,0.));
#1267 = ORIENTED_EDGE('',*,*,#1268,.T.);
#1268 = EDGE_CURVE('',#1261,#1269,#1271,.T.);
#1269 = VERTEX_POINT('',#1270);
#1270 = CARTESIAN_POINT('',(55.173599243164,37.430099487305,0.));
#1271 = LINE('',#1272,#1273);
#1272 = CARTESIAN_POINT('',(55.308101654053,37.308101654053,0.));
#1273 = VECTOR('',#1274,1.);
#1274 = DIRECTION('',(-0.740699099224,0.671836918015,0.));
#1275 = ORIENTED_EDGE('',*,*,#1276,.T.);
#1276 = EDGE_CURVE('',#1269,#1277,#1279,.T.);
#1277 = VERTEX_POINT('',#1278);
#1278 = CARTESIAN_POINT('',(55.027801513672,37.538200378418,0.));
#1279 = LINE('',#1280,#1281);
#1280 = CARTESIAN_POINT('',(55.173599243164,37.430099487305,0.));
#1281 = VECTOR('',#1282,1.);
#1282 = DIRECTION('',(-0.803286806393,0.595592399779,0.));
#1283 = ORIENTED_EDGE('',*,*,#1284,.T.);
#1284 = EDGE_CURVE('',#1277,#1285,#1287,.T.);
#1285 = VERTEX_POINT('',#1286);
#1286 = CARTESIAN_POINT('',(54.872100830078,37.63159942627,0.));
#1287 = LINE('',#1288,#1289);
#1288 = CARTESIAN_POINT('',(55.027801513672,37.538200378418,0.));
#1289 = VECTOR('',#1290,1.);
#1290 = DIRECTION('',(-0.857544828448,0.514409240977,0.));
#1291 = ORIENTED_EDGE('',*,*,#1292,.T.);
#1292 = EDGE_CURVE('',#1285,#1293,#1295,.T.);
#1293 = VERTEX_POINT('',#1294);
#1294 = CARTESIAN_POINT('',(54.708000183105,37.709201812744,0.));
#1295 = LINE('',#1296,#1297);
#1296 = CARTESIAN_POINT('',(54.872100830078,37.63159942627,0.));
#1297 = VECTOR('',#1298,1.);
#1298 = DIRECTION('',(-0.904013648298,0.427503594945,0.));
#1299 = ORIENTED_EDGE('',*,*,#1300,.T.);
#1300 = EDGE_CURVE('',#1293,#1301,#1303,.T.);
#1301 = VERTEX_POINT('',#1302);
#1302 = CARTESIAN_POINT('',(54.536998748779,37.770301818848,0.));
#1303 = LINE('',#1304,#1305);
#1304 = CARTESIAN_POINT('',(54.708000183105,37.709201812744,0.));
#1305 = VECTOR('',#1306,1.);
#1306 = DIRECTION('',(-0.941692948024,0.336473463504,0.));
#1307 = ORIENTED_EDGE('',*,*,#1308,.T.);
#1308 = EDGE_CURVE('',#1301,#1309,#1311,.T.);
#1309 = VERTEX_POINT('',#1310);
#1310 = CARTESIAN_POINT('',(54.360900878906,37.814498901367,0.));
#1311 = LINE('',#1312,#1313);
#1312 = CARTESIAN_POINT('',(54.536998748779,37.770301818848,0.));
#1313 = VECTOR('',#1314,1.);
#1314 = DIRECTION('',(-0.969918384991,0.243430331835,0.));
#1315 = ORIENTED_EDGE('',*,*,#1316,.T.);
#1316 = EDGE_CURVE('',#1309,#1317,#1319,.T.);
#1317 = VERTEX_POINT('',#1318);
#1318 = CARTESIAN_POINT('',(54.181301116943,37.8410987854,0.));
#1319 = LINE('',#1320,#1321);
#1320 = CARTESIAN_POINT('',(54.360900878906,37.814498901367,0.));
#1321 = VECTOR('',#1322,1.);
#1322 = DIRECTION('',(-0.989209440443,0.146508303311,0.));
#1323 = ORIENTED_EDGE('',*,*,#1324,.T.);
#1324 = EDGE_CURVE('',#1317,#1325,#1327,.T.);
#1325 = VERTEX_POINT('',#1326);
#1326 = CARTESIAN_POINT('',(54.,37.849998474121,0.));
#1327 = LINE('',#1328,#1329);
#1328 = CARTESIAN_POINT('',(54.181301116943,37.8410987854,0.));
#1329 = VECTOR('',#1330,1.);
#1330 = DIRECTION('',(-0.998797362669,4.90288519601E-02,0.));
#1331 = ORIENTED_EDGE('',*,*,#1332,.T.);
#1332 = EDGE_CURVE('',#1325,#1333,#1335,.T.);
#1333 = VERTEX_POINT('',#1334);
#1334 = CARTESIAN_POINT('',(53.818698883057,37.8410987854,0.));
#1335 = LINE('',#1336,#1337);
#1336 = CARTESIAN_POINT('',(54.,37.849998474121,0.));
#1337 = VECTOR('',#1338,1.);
#1338 = DIRECTION('',(-0.998797362669,-4.90288519601E-02,0.));
#1339 = ORIENTED_EDGE('',*,*,#1340,.T.);
#1340 = EDGE_CURVE('',#1333,#1341,#1343,.T.);
#1341 = VERTEX_POINT('',#1342);
#1342 = CARTESIAN_POINT('',(53.639099121094,37.814498901367,0.));
#1343 = LINE('',#1344,#1345);
#1344 = CARTESIAN_POINT('',(53.818698883057,37.8410987854,0.));
#1345 = VECTOR('',#1346,1.);
#1346 = DIRECTION('',(-0.989209440443,-0.146508303311,0.));
#1347 = ORIENTED_EDGE('',*,*,#1348,.T.);
#1348 = EDGE_CURVE('',#1341,#1349,#1351,.T.);
#1349 = VERTEX_POINT('',#1350);
#1350 = CARTESIAN_POINT('',(53.463001251221,37.770301818848,0.));
#1351 = LINE('',#1352,#1353);
#1352 = CARTESIAN_POINT('',(53.639099121094,37.814498901367,0.));
#1353 = VECTOR('',#1354,1.);
#1354 = DIRECTION('',(-0.969918384991,-0.243430331835,0.));
#1355 = ORIENTED_EDGE('',*,*,#1356,.T.);
#1356 = EDGE_CURVE('',#1349,#1357,#1359,.T.);
#1357 = VERTEX_POINT('',#1358);
#1358 = CARTESIAN_POINT('',(53.291999816895,37.709201812744,0.));
#1359 = LINE('',#1360,#1361);
#1360 = CARTESIAN_POINT('',(53.463001251221,37.770301818848,0.));
#1361 = VECTOR('',#1362,1.);
#1362 = DIRECTION('',(-0.941692948024,-0.336473463504,0.));
#1363 = ORIENTED_EDGE('',*,*,#1364,.T.);
#1364 = EDGE_CURVE('',#1357,#859,#1365,.T.);
#1365 = LINE('',#1366,#1367);
#1366 = CARTESIAN_POINT('',(53.291999816895,37.709201812744,0.));
#1367 = VECTOR('',#1368,1.);
#1368 = DIRECTION('',(-0.904013648298,-0.427503594945,0.));
#1369 = FACE_BOUND('',#1370,.T.);
#1370 = EDGE_LOOP('',(#1371,#1381,#1389,#1397,#1405,#1413,#1421,#1429,
    #1437,#1445,#1453,#1461,#1469,#1477,#1485,#1493,#1501,#1509,#1517,
    #1525,#1533,#1541,#1549,#1557,#1565,#1573,#1581,#1589,#1597,#1605,
    #1613,#1621,#1629,#1637,#1645,#1653,#1661,#1669,#1677,#1685,#1693,
    #1701,#1709,#1717,#1725,#1733,#1741,#1749,#1757,#1765,#1773,#1781,
    #1789,#1797,#1805,#1813,#1821,#1829,#1837,#1845,#1853,#1861,#1869,
    #1877));
#1371 = ORIENTED_EDGE('',*,*,#1372,.T.);
#1372 = EDGE_CURVE('',#1373,#1375,#1377,.T.);
#1373 = VERTEX_POINT('',#1374);
#1374 = CARTESIAN_POINT('',(-52.36840057373,-35.12789916992,0.));
#1375 = VERTEX_POINT('',#1376);
#1376 = CARTESIAN_POINT('',(-52.46179962158,-34.97219848632,0.));
#1377 = LINE('',#1378,#1379);
#1378 = CARTESIAN_POINT('',(-52.36840057373,-35.12789916992,0.));
#1379 = VECTOR('',#1380,1.);
#1380 = DIRECTION('',(-0.514409240977,0.857544828448,0.));
#1381 = ORIENTED_EDGE('',*,*,#1382,.T.);
#1382 = EDGE_CURVE('',#1375,#1383,#1385,.T.);
#1383 = VERTEX_POINT('',#1384);
#1384 = CARTESIAN_POINT('',(-52.56990051269,-34.82640075683,0.));
#1385 = LINE('',#1386,#1387);
#1386 = CARTESIAN_POINT('',(-52.46179962158,-34.97219848632,0.));
#1387 = VECTOR('',#1388,1.);
#1388 = DIRECTION('',(-0.595592399779,0.803286806393,0.));
#1389 = ORIENTED_EDGE('',*,*,#1390,.T.);
#1390 = EDGE_CURVE('',#1383,#1391,#1393,.T.);
#1391 = VERTEX_POINT('',#1392);
#1392 = CARTESIAN_POINT('',(-52.69189834594,-34.69189834594,0.));
#1393 = LINE('',#1394,#1395);
#1394 = CARTESIAN_POINT('',(-52.56990051269,-34.82640075683,0.));
#1395 = VECTOR('',#1396,1.);
#1396 = DIRECTION('',(-0.671836918015,0.740699099224,0.));
#1397 = ORIENTED_EDGE('',*,*,#1398,.T.);
#1398 = EDGE_CURVE('',#1391,#1399,#1401,.T.);
#1399 = VERTEX_POINT('',#1400);
#1400 = CARTESIAN_POINT('',(-52.82640075683,-34.56990051269,0.));
#1401 = LINE('',#1402,#1403);
#1402 = CARTESIAN_POINT('',(-52.69189834594,-34.69189834594,0.));
#1403 = VECTOR('',#1404,1.);
#1404 = DIRECTION('',(-0.740699099224,0.671836918015,0.));
#1405 = ORIENTED_EDGE('',*,*,#1406,.T.);
#1406 = EDGE_CURVE('',#1399,#1407,#1409,.T.);
#1407 = VERTEX_POINT('',#1408);
#1408 = CARTESIAN_POINT('',(-52.97219848632,-34.46179962158,0.));
#1409 = LINE('',#1410,#1411);
#1410 = CARTESIAN_POINT('',(-52.82640075683,-34.56990051269,0.));
#1411 = VECTOR('',#1412,1.);
#1412 = DIRECTION('',(-0.803286806393,0.595592399779,0.));
#1413 = ORIENTED_EDGE('',*,*,#1414,.T.);
#1414 = EDGE_CURVE('',#1407,#1415,#1417,.T.);
#1415 = VERTEX_POINT('',#1416);
#1416 = CARTESIAN_POINT('',(-53.12789916992,-34.36840057373,0.));
#1417 = LINE('',#1418,#1419);
#1418 = CARTESIAN_POINT('',(-52.97219848632,-34.46179962158,0.));
#1419 = VECTOR('',#1420,1.);
#1420 = DIRECTION('',(-0.857544828448,0.514409240977,0.));
#1421 = ORIENTED_EDGE('',*,*,#1422,.T.);
#1422 = EDGE_CURVE('',#1415,#1423,#1425,.T.);
#1423 = VERTEX_POINT('',#1424);
#1424 = CARTESIAN_POINT('',(-53.29199981689,-34.29079818725,0.));
#1425 = LINE('',#1426,#1427);
#1426 = CARTESIAN_POINT('',(-53.12789916992,-34.36840057373,0.));
#1427 = VECTOR('',#1428,1.);
#1428 = DIRECTION('',(-0.904013648298,0.427503594945,0.));
#1429 = ORIENTED_EDGE('',*,*,#1430,.T.);
#1430 = EDGE_CURVE('',#1423,#1431,#1433,.T.);
#1431 = VERTEX_POINT('',#1432);
#1432 = CARTESIAN_POINT('',(-53.46300125122,-34.22969818115,0.));
#1433 = LINE('',#1434,#1435);
#1434 = CARTESIAN_POINT('',(-53.29199981689,-34.29079818725,0.));
#1435 = VECTOR('',#1436,1.);
#1436 = DIRECTION('',(-0.941692948024,0.336473463504,0.));
#1437 = ORIENTED_EDGE('',*,*,#1438,.T.);
#1438 = EDGE_CURVE('',#1431,#1439,#1441,.T.);
#1439 = VERTEX_POINT('',#1440);
#1440 = CARTESIAN_POINT('',(-53.63909912109,-34.18550109863,0.));
#1441 = LINE('',#1442,#1443);
#1442 = CARTESIAN_POINT('',(-53.46300125122,-34.22969818115,0.));
#1443 = VECTOR('',#1444,1.);
#1444 = DIRECTION('',(-0.969918384991,0.243430331835,0.));
#1445 = ORIENTED_EDGE('',*,*,#1446,.T.);
#1446 = EDGE_CURVE('',#1439,#1447,#1449,.T.);
#1447 = VERTEX_POINT('',#1448);
#1448 = CARTESIAN_POINT('',(-53.81869888305,-34.1589012146,0.));
#1449 = LINE('',#1450,#1451);
#1450 = CARTESIAN_POINT('',(-53.63909912109,-34.18550109863,0.));
#1451 = VECTOR('',#1452,1.);
#1452 = DIRECTION('',(-0.989209440443,0.146508303311,0.));
#1453 = ORIENTED_EDGE('',*,*,#1454,.T.);
#1454 = EDGE_CURVE('',#1447,#1455,#1457,.T.);
#1455 = VERTEX_POINT('',#1456);
#1456 = CARTESIAN_POINT('',(-54.,-34.15000152587,0.));
#1457 = LINE('',#1458,#1459);
#1458 = CARTESIAN_POINT('',(-53.81869888305,-34.1589012146,0.));
#1459 = VECTOR('',#1460,1.);
#1460 = DIRECTION('',(-0.998797362669,4.90288519601E-02,0.));
#1461 = ORIENTED_EDGE('',*,*,#1462,.T.);
#1462 = EDGE_CURVE('',#1455,#1463,#1465,.T.);
#1463 = VERTEX_POINT('',#1464);
#1464 = CARTESIAN_POINT('',(-54.18130111694,-34.1589012146,0.));
#1465 = LINE('',#1466,#1467);
#1466 = CARTESIAN_POINT('',(-54.,-34.15000152587,0.));
#1467 = VECTOR('',#1468,1.);
#1468 = DIRECTION('',(-0.998797362669,-4.90288519601E-02,0.));
#1469 = ORIENTED_EDGE('',*,*,#1470,.T.);
#1470 = EDGE_CURVE('',#1463,#1471,#1473,.T.);
#1471 = VERTEX_POINT('',#1472);
#1472 = CARTESIAN_POINT('',(-54.3609008789,-34.18550109863,0.));
#1473 = LINE('',#1474,#1475);
#1474 = CARTESIAN_POINT('',(-54.18130111694,-34.1589012146,0.));
#1475 = VECTOR('',#1476,1.);
#1476 = DIRECTION('',(-0.989209440443,-0.146508303311,0.));
#1477 = ORIENTED_EDGE('',*,*,#1478,.T.);
#1478 = EDGE_CURVE('',#1471,#1479,#1481,.T.);
#1479 = VERTEX_POINT('',#1480);
#1480 = CARTESIAN_POINT('',(-54.53699874877,-34.22969818115,0.));
#1481 = LINE('',#1482,#1483);
#1482 = CARTESIAN_POINT('',(-54.3609008789,-34.18550109863,0.));
#1483 = VECTOR('',#1484,1.);
#1484 = DIRECTION('',(-0.969918384991,-0.243430331835,0.));
#1485 = ORIENTED_EDGE('',*,*,#1486,.T.);
#1486 = EDGE_CURVE('',#1479,#1487,#1489,.T.);
#1487 = VERTEX_POINT('',#1488);
#1488 = CARTESIAN_POINT('',(-54.7080001831,-34.29079818725,0.));
#1489 = LINE('',#1490,#1491);
#1490 = CARTESIAN_POINT('',(-54.53699874877,-34.22969818115,0.));
#1491 = VECTOR('',#1492,1.);
#1492 = DIRECTION('',(-0.941692948024,-0.336473463504,0.));
#1493 = ORIENTED_EDGE('',*,*,#1494,.T.);
#1494 = EDGE_CURVE('',#1487,#1495,#1497,.T.);
#1495 = VERTEX_POINT('',#1496);
#1496 = CARTESIAN_POINT('',(-54.87210083007,-34.36840057373,0.));
#1497 = LINE('',#1498,#1499);
#1498 = CARTESIAN_POINT('',(-54.7080001831,-34.29079818725,0.));
#1499 = VECTOR('',#1500,1.);
#1500 = DIRECTION('',(-0.904013648298,-0.427503594945,0.));
#1501 = ORIENTED_EDGE('',*,*,#1502,.T.);
#1502 = EDGE_CURVE('',#1495,#1503,#1505,.T.);
#1503 = VERTEX_POINT('',#1504);
#1504 = CARTESIAN_POINT('',(-55.02780151367,-34.46179962158,0.));
#1505 = LINE('',#1506,#1507);
#1506 = CARTESIAN_POINT('',(-54.87210083007,-34.36840057373,0.));
#1507 = VECTOR('',#1508,1.);
#1508 = DIRECTION('',(-0.857544828448,-0.514409240977,0.));
#1509 = ORIENTED_EDGE('',*,*,#1510,.T.);
#1510 = EDGE_CURVE('',#1503,#1511,#1513,.T.);
#1511 = VERTEX_POINT('',#1512);
#1512 = CARTESIAN_POINT('',(-55.17359924316,-34.56990051269,0.));
#1513 = LINE('',#1514,#1515);
#1514 = CARTESIAN_POINT('',(-55.02780151367,-34.46179962158,0.));
#1515 = VECTOR('',#1516,1.);
#1516 = DIRECTION('',(-0.803286806393,-0.595592399779,0.));
#1517 = ORIENTED_EDGE('',*,*,#1518,.T.);
#1518 = EDGE_CURVE('',#1511,#1519,#1521,.T.);
#1519 = VERTEX_POINT('',#1520);
#1520 = CARTESIAN_POINT('',(-55.30810165405,-34.69189834594,0.));
#1521 = LINE('',#1522,#1523);
#1522 = CARTESIAN_POINT('',(-55.17359924316,-34.56990051269,0.));
#1523 = VECTOR('',#1524,1.);
#1524 = DIRECTION('',(-0.740699099224,-0.671836918015,0.));
#1525 = ORIENTED_EDGE('',*,*,#1526,.T.);
#1526 = EDGE_CURVE('',#1519,#1527,#1529,.T.);
#1527 = VERTEX_POINT('',#1528);
#1528 = CARTESIAN_POINT('',(-55.4300994873,-34.82640075683,0.));
#1529 = LINE('',#1530,#1531);
#1530 = CARTESIAN_POINT('',(-55.30810165405,-34.69189834594,0.));
#1531 = VECTOR('',#1532,1.);
#1532 = DIRECTION('',(-0.671836918015,-0.740699099224,0.));
#1533 = ORIENTED_EDGE('',*,*,#1534,.T.);
#1534 = EDGE_CURVE('',#1527,#1535,#1537,.T.);
#1535 = VERTEX_POINT('',#1536);
#1536 = CARTESIAN_POINT('',(-55.53820037841,-34.97219848632,0.));
#1537 = LINE('',#1538,#1539);
#1538 = CARTESIAN_POINT('',(-55.4300994873,-34.82640075683,0.));
#1539 = VECTOR('',#1540,1.);
#1540 = DIRECTION('',(-0.595592399779,-0.803286806393,0.));
#1541 = ORIENTED_EDGE('',*,*,#1542,.T.);
#1542 = EDGE_CURVE('',#1535,#1543,#1545,.T.);
#1543 = VERTEX_POINT('',#1544);
#1544 = CARTESIAN_POINT('',(-55.63159942627,-35.12789916992,0.));
#1545 = LINE('',#1546,#1547);
#1546 = CARTESIAN_POINT('',(-55.53820037841,-34.97219848632,0.));
#1547 = VECTOR('',#1548,1.);
#1548 = DIRECTION('',(-0.514409240977,-0.857544828448,0.));
#1549 = ORIENTED_EDGE('',*,*,#1550,.T.);
#1550 = EDGE_CURVE('',#1543,#1551,#1553,.T.);
#1551 = VERTEX_POINT('',#1552);
#1552 = CARTESIAN_POINT('',(-55.70920181274,-35.29199981689,0.));
#1553 = LINE('',#1554,#1555);
#1554 = CARTESIAN_POINT('',(-55.63159942627,-35.12789916992,0.));
#1555 = VECTOR('',#1556,1.);
#1556 = DIRECTION('',(-0.427503594945,-0.904013648298,0.));
#1557 = ORIENTED_EDGE('',*,*,#1558,.T.);
#1558 = EDGE_CURVE('',#1551,#1559,#1561,.T.);
#1559 = VERTEX_POINT('',#1560);
#1560 = CARTESIAN_POINT('',(-55.77030181884,-35.46300125122,0.));
#1561 = LINE('',#1562,#1563);
#1562 = CARTESIAN_POINT('',(-55.70920181274,-35.29199981689,0.));
#1563 = VECTOR('',#1564,1.);
#1564 = DIRECTION('',(-0.336473463504,-0.941692948024,0.));
#1565 = ORIENTED_EDGE('',*,*,#1566,.T.);
#1566 = EDGE_CURVE('',#1559,#1567,#1569,.T.);
#1567 = VERTEX_POINT('',#1568);
#1568 = CARTESIAN_POINT('',(-55.81449890136,-35.63909912109,0.));
#1569 = LINE('',#1570,#1571);
#1570 = CARTESIAN_POINT('',(-55.77030181884,-35.46300125122,0.));
#1571 = VECTOR('',#1572,1.);
#1572 = DIRECTION('',(-0.243430331835,-0.969918384991,0.));
#1573 = ORIENTED_EDGE('',*,*,#1574,.T.);
#1574 = EDGE_CURVE('',#1567,#1575,#1577,.T.);
#1575 = VERTEX_POINT('',#1576);
#1576 = CARTESIAN_POINT('',(-55.8410987854,-35.81869888305,0.));
#1577 = LINE('',#1578,#1579);
#1578 = CARTESIAN_POINT('',(-55.81449890136,-35.63909912109,0.));
#1579 = VECTOR('',#1580,1.);
#1580 = DIRECTION('',(-0.146508303311,-0.989209440443,0.));
#1581 = ORIENTED_EDGE('',*,*,#1582,.T.);
#1582 = EDGE_CURVE('',#1575,#1583,#1585,.T.);
#1583 = VERTEX_POINT('',#1584);
#1584 = CARTESIAN_POINT('',(-55.84999847412,-36.,0.));
#1585 = LINE('',#1586,#1587);
#1586 = CARTESIAN_POINT('',(-55.8410987854,-35.81869888305,0.));
#1587 = VECTOR('',#1588,1.);
#1588 = DIRECTION('',(-4.90288519601E-02,-0.998797362669,0.));
#1589 = ORIENTED_EDGE('',*,*,#1590,.T.);
#1590 = EDGE_CURVE('',#1583,#1591,#1593,.T.);
#1591 = VERTEX_POINT('',#1592);
#1592 = CARTESIAN_POINT('',(-55.8410987854,-36.18130111694,0.));
#1593 = LINE('',#1594,#1595);
#1594 = CARTESIAN_POINT('',(-55.84999847412,-36.,0.));
#1595 = VECTOR('',#1596,1.);
#1596 = DIRECTION('',(4.90288519601E-02,-0.998797362669,0.));
#1597 = ORIENTED_EDGE('',*,*,#1598,.T.);
#1598 = EDGE_CURVE('',#1591,#1599,#1601,.T.);
#1599 = VERTEX_POINT('',#1600);
#1600 = CARTESIAN_POINT('',(-55.81449890136,-36.3609008789,0.));
#1601 = LINE('',#1602,#1603);
#1602 = CARTESIAN_POINT('',(-55.8410987854,-36.18130111694,0.));
#1603 = VECTOR('',#1604,1.);
#1604 = DIRECTION('',(0.146508303311,-0.989209440443,0.));
#1605 = ORIENTED_EDGE('',*,*,#1606,.T.);
#1606 = EDGE_CURVE('',#1599,#1607,#1609,.T.);
#1607 = VERTEX_POINT('',#1608);
#1608 = CARTESIAN_POINT('',(-55.77030181884,-36.53699874877,0.));
#1609 = LINE('',#1610,#1611);
#1610 = CARTESIAN_POINT('',(-55.81449890136,-36.3609008789,0.));
#1611 = VECTOR('',#1612,1.);
#1612 = DIRECTION('',(0.243430331835,-0.969918384991,0.));
#1613 = ORIENTED_EDGE('',*,*,#1614,.T.);
#1614 = EDGE_CURVE('',#1607,#1615,#1617,.T.);
#1615 = VERTEX_POINT('',#1616);
#1616 = CARTESIAN_POINT('',(-55.70920181274,-36.7080001831,0.));
#1617 = LINE('',#1618,#1619);
#1618 = CARTESIAN_POINT('',(-55.77030181884,-36.53699874877,0.));
#1619 = VECTOR('',#1620,1.);
#1620 = DIRECTION('',(0.336473463504,-0.941692948024,0.));
#1621 = ORIENTED_EDGE('',*,*,#1622,.T.);
#1622 = EDGE_CURVE('',#1615,#1623,#1625,.T.);
#1623 = VERTEX_POINT('',#1624);
#1624 = CARTESIAN_POINT('',(-55.63159942627,-36.87210083007,0.));
#1625 = LINE('',#1626,#1627);
#1626 = CARTESIAN_POINT('',(-55.70920181274,-36.7080001831,0.));
#1627 = VECTOR('',#1628,1.);
#1628 = DIRECTION('',(0.427503594945,-0.904013648298,0.));
#1629 = ORIENTED_EDGE('',*,*,#1630,.T.);
#1630 = EDGE_CURVE('',#1623,#1631,#1633,.T.);
#1631 = VERTEX_POINT('',#1632);
#1632 = CARTESIAN_POINT('',(-55.53820037841,-37.02780151367,0.));
#1633 = LINE('',#1634,#1635);
#1634 = CARTESIAN_POINT('',(-55.63159942627,-36.87210083007,0.));
#1635 = VECTOR('',#1636,1.);
#1636 = DIRECTION('',(0.514409240977,-0.857544828448,0.));
#1637 = ORIENTED_EDGE('',*,*,#1638,.T.);
#1638 = EDGE_CURVE('',#1631,#1639,#1641,.T.);
#1639 = VERTEX_POINT('',#1640);
#1640 = CARTESIAN_POINT('',(-55.4300994873,-37.17359924316,0.));
#1641 = LINE('',#1642,#1643);
#1642 = CARTESIAN_POINT('',(-55.53820037841,-37.02780151367,0.));
#1643 = VECTOR('',#1644,1.);
#1644 = DIRECTION('',(0.595592399779,-0.803286806393,0.));
#1645 = ORIENTED_EDGE('',*,*,#1646,.T.);
#1646 = EDGE_CURVE('',#1639,#1647,#1649,.T.);
#1647 = VERTEX_POINT('',#1648);
#1648 = CARTESIAN_POINT('',(-55.30810165405,-37.30810165405,0.));
#1649 = LINE('',#1650,#1651);
#1650 = CARTESIAN_POINT('',(-55.4300994873,-37.17359924316,0.));
#1651 = VECTOR('',#1652,1.);
#1652 = DIRECTION('',(0.671836918015,-0.740699099224,0.));
#1653 = ORIENTED_EDGE('',*,*,#1654,.T.);
#1654 = EDGE_CURVE('',#1647,#1655,#1657,.T.);
#1655 = VERTEX_POINT('',#1656);
#1656 = CARTESIAN_POINT('',(-55.17359924316,-37.4300994873,0.));
#1657 = LINE('',#1658,#1659);
#1658 = CARTESIAN_POINT('',(-55.30810165405,-37.30810165405,0.));
#1659 = VECTOR('',#1660,1.);
#1660 = DIRECTION('',(0.740699099224,-0.671836918015,0.));
#1661 = ORIENTED_EDGE('',*,*,#1662,.T.);
#1662 = EDGE_CURVE('',#1655,#1663,#1665,.T.);
#1663 = VERTEX_POINT('',#1664);
#1664 = CARTESIAN_POINT('',(-55.02780151367,-37.53820037841,0.));
#1665 = LINE('',#1666,#1667);
#1666 = CARTESIAN_POINT('',(-55.17359924316,-37.4300994873,0.));
#1667 = VECTOR('',#1668,1.);
#1668 = DIRECTION('',(0.803286806393,-0.595592399779,0.));
#1669 = ORIENTED_EDGE('',*,*,#1670,.T.);
#1670 = EDGE_CURVE('',#1663,#1671,#1673,.T.);
#1671 = VERTEX_POINT('',#1672);
#1672 = CARTESIAN_POINT('',(-54.87210083007,-37.63159942627,0.));
#1673 = LINE('',#1674,#1675);
#1674 = CARTESIAN_POINT('',(-55.02780151367,-37.53820037841,0.));
#1675 = VECTOR('',#1676,1.);
#1676 = DIRECTION('',(0.857544828448,-0.514409240977,0.));
#1677 = ORIENTED_EDGE('',*,*,#1678,.T.);
#1678 = EDGE_CURVE('',#1671,#1679,#1681,.T.);
#1679 = VERTEX_POINT('',#1680);
#1680 = CARTESIAN_POINT('',(-54.7080001831,-37.70920181274,0.));
#1681 = LINE('',#1682,#1683);
#1682 = CARTESIAN_POINT('',(-54.87210083007,-37.63159942627,0.));
#1683 = VECTOR('',#1684,1.);
#1684 = DIRECTION('',(0.904013648298,-0.427503594945,0.));
#1685 = ORIENTED_EDGE('',*,*,#1686,.T.);
#1686 = EDGE_CURVE('',#1679,#1687,#1689,.T.);
#1687 = VERTEX_POINT('',#1688);
#1688 = CARTESIAN_POINT('',(-54.53699874877,-37.77030181884,0.));
#1689 = LINE('',#1690,#1691);
#1690 = CARTESIAN_POINT('',(-54.7080001831,-37.70920181274,0.));
#1691 = VECTOR('',#1692,1.);
#1692 = DIRECTION('',(0.941692948024,-0.336473463504,0.));
#1693 = ORIENTED_EDGE('',*,*,#1694,.T.);
#1694 = EDGE_CURVE('',#1687,#1695,#1697,.T.);
#1695 = VERTEX_POINT('',#1696);
#1696 = CARTESIAN_POINT('',(-54.3609008789,-37.81449890136,0.));
#1697 = LINE('',#1698,#1699);
#1698 = CARTESIAN_POINT('',(-54.53699874877,-37.77030181884,0.));
#1699 = VECTOR('',#1700,1.);
#1700 = DIRECTION('',(0.969918384991,-0.243430331835,0.));
#1701 = ORIENTED_EDGE('',*,*,#1702,.T.);
#1702 = EDGE_CURVE('',#1695,#1703,#1705,.T.);
#1703 = VERTEX_POINT('',#1704);
#1704 = CARTESIAN_POINT('',(-54.18130111694,-37.8410987854,0.));
#1705 = LINE('',#1706,#1707);
#1706 = CARTESIAN_POINT('',(-54.3609008789,-37.81449890136,0.));
#1707 = VECTOR('',#1708,1.);
#1708 = DIRECTION('',(0.989209440443,-0.146508303311,0.));
#1709 = ORIENTED_EDGE('',*,*,#1710,.T.);
#1710 = EDGE_CURVE('',#1703,#1711,#1713,.T.);
#1711 = VERTEX_POINT('',#1712);
#1712 = CARTESIAN_POINT('',(-54.,-37.84999847412,0.));
#1713 = LINE('',#1714,#1715);
#1714 = CARTESIAN_POINT('',(-54.18130111694,-37.8410987854,0.));
#1715 = VECTOR('',#1716,1.);
#1716 = DIRECTION('',(0.998797362669,-4.90288519601E-02,0.));
#1717 = ORIENTED_EDGE('',*,*,#1718,.T.);
#1718 = EDGE_CURVE('',#1711,#1719,#1721,.T.);
#1719 = VERTEX_POINT('',#1720);
#1720 = CARTESIAN_POINT('',(-53.81869888305,-37.8410987854,0.));
#1721 = LINE('',#1722,#1723);
#1722 = CARTESIAN_POINT('',(-54.,-37.84999847412,0.));
#1723 = VECTOR('',#1724,1.);
#1724 = DIRECTION('',(0.998797362669,4.90288519601E-02,0.));
#1725 = ORIENTED_EDGE('',*,*,#1726,.T.);
#1726 = EDGE_CURVE('',#1719,#1727,#1729,.T.);
#1727 = VERTEX_POINT('',#1728);
#1728 = CARTESIAN_POINT('',(-53.63909912109,-37.81449890136,0.));
#1729 = LINE('',#1730,#1731);
#1730 = CARTESIAN_POINT('',(-53.81869888305,-37.8410987854,0.));
#1731 = VECTOR('',#1732,1.);
#1732 = DIRECTION('',(0.989209440443,0.146508303311,0.));
#1733 = ORIENTED_EDGE('',*,*,#1734,.T.);
#1734 = EDGE_CURVE('',#1727,#1735,#1737,.T.);
#1735 = VERTEX_POINT('',#1736);
#1736 = CARTESIAN_POINT('',(-53.46300125122,-37.77030181884,0.));
#1737 = LINE('',#1738,#1739);
#1738 = CARTESIAN_POINT('',(-53.63909912109,-37.81449890136,0.));
#1739 = VECTOR('',#1740,1.);
#1740 = DIRECTION('',(0.969918384991,0.243430331835,0.));
#1741 = ORIENTED_EDGE('',*,*,#1742,.T.);
#1742 = EDGE_CURVE('',#1735,#1743,#1745,.T.);
#1743 = VERTEX_POINT('',#1744);
#1744 = CARTESIAN_POINT('',(-53.29199981689,-37.70920181274,0.));
#1745 = LINE('',#1746,#1747);
#1746 = CARTESIAN_POINT('',(-53.46300125122,-37.77030181884,0.));
#1747 = VECTOR('',#1748,1.);
#1748 = DIRECTION('',(0.941692948024,0.336473463504,0.));
#1749 = ORIENTED_EDGE('',*,*,#1750,.T.);
#1750 = EDGE_CURVE('',#1743,#1751,#1753,.T.);
#1751 = VERTEX_POINT('',#1752);
#1752 = CARTESIAN_POINT('',(-53.12789916992,-37.63159942627,0.));
#1753 = LINE('',#1754,#1755);
#1754 = CARTESIAN_POINT('',(-53.29199981689,-37.70920181274,0.));
#1755 = VECTOR('',#1756,1.);
#1756 = DIRECTION('',(0.904013648298,0.427503594945,0.));
#1757 = ORIENTED_EDGE('',*,*,#1758,.T.);
#1758 = EDGE_CURVE('',#1751,#1759,#1761,.T.);
#1759 = VERTEX_POINT('',#1760);
#1760 = CARTESIAN_POINT('',(-52.97219848632,-37.53820037841,0.));
#1761 = LINE('',#1762,#1763);
#1762 = CARTESIAN_POINT('',(-53.12789916992,-37.63159942627,0.));
#1763 = VECTOR('',#1764,1.);
#1764 = DIRECTION('',(0.857544828448,0.514409240977,0.));
#1765 = ORIENTED_EDGE('',*,*,#1766,.T.);
#1766 = EDGE_CURVE('',#1759,#1767,#1769,.T.);
#1767 = VERTEX_POINT('',#1768);
#1768 = CARTESIAN_POINT('',(-52.82640075683,-37.4300994873,0.));
#1769 = LINE('',#1770,#1771);
#1770 = CARTESIAN_POINT('',(-52.97219848632,-37.53820037841,0.));
#1771 = VECTOR('',#1772,1.);
#1772 = DIRECTION('',(0.803286806393,0.595592399779,0.));
#1773 = ORIENTED_EDGE('',*,*,#1774,.T.);
#1774 = EDGE_CURVE('',#1767,#1775,#1777,.T.);
#1775 = VERTEX_POINT('',#1776);
#1776 = CARTESIAN_POINT('',(-52.69189834594,-37.30810165405,0.));
#1777 = LINE('',#1778,#1779);
#1778 = CARTESIAN_POINT('',(-52.82640075683,-37.4300994873,0.));
#1779 = VECTOR('',#1780,1.);
#1780 = DIRECTION('',(0.740699099224,0.671836918015,0.));
#1781 = ORIENTED_EDGE('',*,*,#1782,.T.);
#1782 = EDGE_CURVE('',#1775,#1783,#1785,.T.);
#1783 = VERTEX_POINT('',#1784);
#1784 = CARTESIAN_POINT('',(-52.56990051269,-37.17359924316,0.));
#1785 = LINE('',#1786,#1787);
#1786 = CARTESIAN_POINT('',(-52.69189834594,-37.30810165405,0.));
#1787 = VECTOR('',#1788,1.);
#1788 = DIRECTION('',(0.671836918015,0.740699099224,0.));
#1789 = ORIENTED_EDGE('',*,*,#1790,.T.);
#1790 = EDGE_CURVE('',#1783,#1791,#1793,.T.);
#1791 = VERTEX_POINT('',#1792);
#1792 = CARTESIAN_POINT('',(-52.46179962158,-37.02780151367,0.));
#1793 = LINE('',#1794,#1795);
#1794 = CARTESIAN_POINT('',(-52.56990051269,-37.17359924316,0.));
#1795 = VECTOR('',#1796,1.);
#1796 = DIRECTION('',(0.595592399779,0.803286806393,0.));
#1797 = ORIENTED_EDGE('',*,*,#1798,.T.);
#1798 = EDGE_CURVE('',#1791,#1799,#1801,.T.);
#1799 = VERTEX_POINT('',#1800);
#1800 = CARTESIAN_POINT('',(-52.36840057373,-36.87210083007,0.));
#1801 = LINE('',#1802,#1803);
#1802 = CARTESIAN_POINT('',(-52.46179962158,-37.02780151367,0.));
#1803 = VECTOR('',#1804,1.);
#1804 = DIRECTION('',(0.514409240977,0.857544828448,0.));
#1805 = ORIENTED_EDGE('',*,*,#1806,.T.);
#1806 = EDGE_CURVE('',#1799,#1807,#1809,.T.);
#1807 = VERTEX_POINT('',#1808);
#1808 = CARTESIAN_POINT('',(-52.29079818725,-36.7080001831,0.));
#1809 = LINE('',#1810,#1811);
#1810 = CARTESIAN_POINT('',(-52.36840057373,-36.87210083007,0.));
#1811 = VECTOR('',#1812,1.);
#1812 = DIRECTION('',(0.427503594945,0.904013648298,0.));
#1813 = ORIENTED_EDGE('',*,*,#1814,.T.);
#1814 = EDGE_CURVE('',#1807,#1815,#1817,.T.);
#1815 = VERTEX_POINT('',#1816);
#1816 = CARTESIAN_POINT('',(-52.22969818115,-36.53699874877,0.));
#1817 = LINE('',#1818,#1819);
#1818 = CARTESIAN_POINT('',(-52.29079818725,-36.7080001831,0.));
#1819 = VECTOR('',#1820,1.);
#1820 = DIRECTION('',(0.336473463504,0.941692948024,0.));
#1821 = ORIENTED_EDGE('',*,*,#1822,.T.);
#1822 = EDGE_CURVE('',#1815,#1823,#1825,.T.);
#1823 = VERTEX_POINT('',#1824);
#1824 = CARTESIAN_POINT('',(-52.18550109863,-36.3609008789,0.));
#1825 = LINE('',#1826,#1827);
#1826 = CARTESIAN_POINT('',(-52.22969818115,-36.53699874877,0.));
#1827 = VECTOR('',#1828,1.);
#1828 = DIRECTION('',(0.243430331835,0.969918384991,0.));
#1829 = ORIENTED_EDGE('',*,*,#1830,.T.);
#1830 = EDGE_CURVE('',#1823,#1831,#1833,.T.);
#1831 = VERTEX_POINT('',#1832);
#1832 = CARTESIAN_POINT('',(-52.1589012146,-36.18130111694,0.));
#1833 = LINE('',#1834,#1835);
#1834 = CARTESIAN_POINT('',(-52.18550109863,-36.3609008789,0.));
#1835 = VECTOR('',#1836,1.);
#1836 = DIRECTION('',(0.146508303311,0.989209440443,0.));
#1837 = ORIENTED_EDGE('',*,*,#1838,.T.);
#1838 = EDGE_CURVE('',#1831,#1839,#1841,.T.);
#1839 = VERTEX_POINT('',#1840);
#1840 = CARTESIAN_POINT('',(-52.15000152587,-36.,0.));
#1841 = LINE('',#1842,#1843);
#1842 = CARTESIAN_POINT('',(-52.1589012146,-36.18130111694,0.));
#1843 = VECTOR('',#1844,1.);
#1844 = DIRECTION('',(4.90288519601E-02,0.998797362669,0.));
#1845 = ORIENTED_EDGE('',*,*,#1846,.T.);
#1846 = EDGE_CURVE('',#1839,#1847,#1849,.T.);
#1847 = VERTEX_POINT('',#1848);
#1848 = CARTESIAN_POINT('',(-52.1589012146,-35.81869888305,0.));
#1849 = LINE('',#1850,#1851);
#1850 = CARTESIAN_POINT('',(-52.15000152587,-36.,0.));
#1851 = VECTOR('',#1852,1.);
#1852 = DIRECTION('',(-4.90288519601E-02,0.998797362669,0.));
#1853 = ORIENTED_EDGE('',*,*,#1854,.T.);
#1854 = EDGE_CURVE('',#1847,#1855,#1857,.T.);
#1855 = VERTEX_POINT('',#1856);
#1856 = CARTESIAN_POINT('',(-52.18550109863,-35.63909912109,0.));
#1857 = LINE('',#1858,#1859);
#1858 = CARTESIAN_POINT('',(-52.1589012146,-35.81869888305,0.));
#1859 = VECTOR('',#1860,1.);
#1860 = DIRECTION('',(-0.146508303311,0.989209440443,0.));
#1861 = ORIENTED_EDGE('',*,*,#1862,.T.);
#1862 = EDGE_CURVE('',#1855,#1863,#1865,.T.);
#1863 = VERTEX_POINT('',#1864);
#1864 = CARTESIAN_POINT('',(-52.22969818115,-35.46300125122,0.));
#1865 = LINE('',#1866,#1867);
#1866 = CARTESIAN_POINT('',(-52.18550109863,-35.63909912109,0.));
#1867 = VECTOR('',#1868,1.);
#1868 = DIRECTION('',(-0.243430331835,0.969918384991,0.));
#1869 = ORIENTED_EDGE('',*,*,#1870,.T.);
#1870 = EDGE_CURVE('',#1863,#1871,#1873,.T.);
#1871 = VERTEX_POINT('',#1872);
#1872 = CARTESIAN_POINT('',(-52.29079818725,-35.29199981689,0.));
#1873 = LINE('',#1874,#1875);
#1874 = CARTESIAN_POINT('',(-52.22969818115,-35.46300125122,0.));
#1875 = VECTOR('',#1876,1.);
#1876 = DIRECTION('',(-0.336473463504,0.941692948024,0.));
#1877 = ORIENTED_EDGE('',*,*,#1878,.T.);
#1878 = EDGE_CURVE('',#1871,#1373,#1879,.T.);
#1879 = LINE('',#1880,#1881);
#1880 = CARTESIAN_POINT('',(-52.29079818725,-35.29199981689,0.));
#1881 = VECTOR('',#1882,1.);
#1882 = DIRECTION('',(-0.427503594945,0.904013648298,0.));
#1883 = FACE_BOUND('',#1884,.T.);
#1884 = EDGE_LOOP('',(#1885,#1895,#1903,#1911,#1919,#1927,#1935,#1943,
    #1951,#1959,#1967,#1975,#1983,#1991,#1999,#2007,#2015,#2023,#2031,
    #2039,#2047,#2055,#2063,#2071,#2079,#2087,#2095,#2103,#2111,#2119,
    #2127,#2135,#2143,#2151,#2159,#2167,#2175,#2183,#2191,#2199,#2207,
    #2215,#2223,#2231,#2239,#2247,#2255,#2263,#2271,#2279,#2287,#2295,
    #2303,#2311,#2319,#2327,#2335,#2343,#2351,#2359,#2367,#2375,#2383,
    #2391));
#1885 = ORIENTED_EDGE('',*,*,#1886,.T.);
#1886 = EDGE_CURVE('',#1887,#1889,#1891,.T.);
#1887 = VERTEX_POINT('',#1888);
#1888 = CARTESIAN_POINT('',(52.461799621582,-34.97219848632,0.));
#1889 = VERTEX_POINT('',#1890);
#1890 = CARTESIAN_POINT('',(52.36840057373,-35.12789916992,0.));
#1891 = LINE('',#1892,#1893);
#1892 = CARTESIAN_POINT('',(52.461799621582,-34.97219848632,0.));
#1893 = VECTOR('',#1894,1.);
#1894 = DIRECTION('',(-0.514409240977,-0.857544828448,0.));
#1895 = ORIENTED_EDGE('',*,*,#1896,.T.);
#1896 = EDGE_CURVE('',#1889,#1897,#1899,.T.);
#1897 = VERTEX_POINT('',#1898);
#1898 = CARTESIAN_POINT('',(52.290798187256,-35.29199981689,0.));
#1899 = LINE('',#1900,#1901);
#1900 = CARTESIAN_POINT('',(52.36840057373,-35.12789916992,0.));
#1901 = VECTOR('',#1902,1.);
#1902 = DIRECTION('',(-0.427503594945,-0.904013648298,0.));
#1903 = ORIENTED_EDGE('',*,*,#1904,.T.);
#1904 = EDGE_CURVE('',#1897,#1905,#1907,.T.);
#1905 = VERTEX_POINT('',#1906);
#1906 = CARTESIAN_POINT('',(52.229698181152,-35.46300125122,0.));
#1907 = LINE('',#1908,#1909);
#1908 = CARTESIAN_POINT('',(52.290798187256,-35.29199981689,0.));
#1909 = VECTOR('',#1910,1.);
#1910 = DIRECTION('',(-0.336473463504,-0.941692948024,0.));
#1911 = ORIENTED_EDGE('',*,*,#1912,.T.);
#1912 = EDGE_CURVE('',#1905,#1913,#1915,.T.);
#1913 = VERTEX_POINT('',#1914);
#1914 = CARTESIAN_POINT('',(52.185501098633,-35.63909912109,0.));
#1915 = LINE('',#1916,#1917);
#1916 = CARTESIAN_POINT('',(52.229698181152,-35.46300125122,0.));
#1917 = VECTOR('',#1918,1.);
#1918 = DIRECTION('',(-0.243430331835,-0.969918384991,0.));
#1919 = ORIENTED_EDGE('',*,*,#1920,.T.);
#1920 = EDGE_CURVE('',#1913,#1921,#1923,.T.);
#1921 = VERTEX_POINT('',#1922);
#1922 = CARTESIAN_POINT('',(52.1589012146,-35.81869888305,0.));
#1923 = LINE('',#1924,#1925);
#1924 = CARTESIAN_POINT('',(52.185501098633,-35.63909912109,0.));
#1925 = VECTOR('',#1926,1.);
#1926 = DIRECTION('',(-0.146508303311,-0.989209440443,0.));
#1927 = ORIENTED_EDGE('',*,*,#1928,.T.);
#1928 = EDGE_CURVE('',#1921,#1929,#1931,.T.);
#1929 = VERTEX_POINT('',#1930);
#1930 = CARTESIAN_POINT('',(52.150001525879,-36.,0.));
#1931 = LINE('',#1932,#1933);
#1932 = CARTESIAN_POINT('',(52.1589012146,-35.81869888305,0.));
#1933 = VECTOR('',#1934,1.);
#1934 = DIRECTION('',(-4.90288519601E-02,-0.998797362669,0.));
#1935 = ORIENTED_EDGE('',*,*,#1936,.T.);
#1936 = EDGE_CURVE('',#1929,#1937,#1939,.T.);
#1937 = VERTEX_POINT('',#1938);
#1938 = CARTESIAN_POINT('',(52.1589012146,-36.18130111694,0.));
#1939 = LINE('',#1940,#1941);
#1940 = CARTESIAN_POINT('',(52.150001525879,-36.,0.));
#1941 = VECTOR('',#1942,1.);
#1942 = DIRECTION('',(4.90288519601E-02,-0.998797362669,0.));
#1943 = ORIENTED_EDGE('',*,*,#1944,.T.);
#1944 = EDGE_CURVE('',#1937,#1945,#1947,.T.);
#1945 = VERTEX_POINT('',#1946);
#1946 = CARTESIAN_POINT('',(52.185501098633,-36.3609008789,0.));
#1947 = LINE('',#1948,#1949);
#1948 = CARTESIAN_POINT('',(52.1589012146,-36.18130111694,0.));
#1949 = VECTOR('',#1950,1.);
#1950 = DIRECTION('',(0.146508303311,-0.989209440443,0.));
#1951 = ORIENTED_EDGE('',*,*,#1952,.T.);
#1952 = EDGE_CURVE('',#1945,#1953,#1955,.T.);
#1953 = VERTEX_POINT('',#1954);
#1954 = CARTESIAN_POINT('',(52.229698181152,-36.53699874877,0.));
#1955 = LINE('',#1956,#1957);
#1956 = CARTESIAN_POINT('',(52.185501098633,-36.3609008789,0.));
#1957 = VECTOR('',#1958,1.);
#1958 = DIRECTION('',(0.243430331835,-0.969918384991,0.));
#1959 = ORIENTED_EDGE('',*,*,#1960,.T.);
#1960 = EDGE_CURVE('',#1953,#1961,#1963,.T.);
#1961 = VERTEX_POINT('',#1962);
#1962 = CARTESIAN_POINT('',(52.290798187256,-36.7080001831,0.));
#1963 = LINE('',#1964,#1965);
#1964 = CARTESIAN_POINT('',(52.229698181152,-36.53699874877,0.));
#1965 = VECTOR('',#1966,1.);
#1966 = DIRECTION('',(0.336473463504,-0.941692948024,0.));
#1967 = ORIENTED_EDGE('',*,*,#1968,.T.);
#1968 = EDGE_CURVE('',#1961,#1969,#1971,.T.);
#1969 = VERTEX_POINT('',#1970);
#1970 = CARTESIAN_POINT('',(52.36840057373,-36.87210083007,0.));
#1971 = LINE('',#1972,#1973);
#1972 = CARTESIAN_POINT('',(52.290798187256,-36.7080001831,0.));
#1973 = VECTOR('',#1974,1.);
#1974 = DIRECTION('',(0.427503594945,-0.904013648298,0.));
#1975 = ORIENTED_EDGE('',*,*,#1976,.T.);
#1976 = EDGE_CURVE('',#1969,#1977,#1979,.T.);
#1977 = VERTEX_POINT('',#1978);
#1978 = CARTESIAN_POINT('',(52.461799621582,-37.02780151367,0.));
#1979 = LINE('',#1980,#1981);
#1980 = CARTESIAN_POINT('',(52.36840057373,-36.87210083007,0.));
#1981 = VECTOR('',#1982,1.);
#1982 = DIRECTION('',(0.514409240977,-0.857544828448,0.));
#1983 = ORIENTED_EDGE('',*,*,#1984,.T.);
#1984 = EDGE_CURVE('',#1977,#1985,#1987,.T.);
#1985 = VERTEX_POINT('',#1986);
#1986 = CARTESIAN_POINT('',(52.569900512695,-37.17359924316,0.));
#1987 = LINE('',#1988,#1989);
#1988 = CARTESIAN_POINT('',(52.461799621582,-37.02780151367,0.));
#1989 = VECTOR('',#1990,1.);
#1990 = DIRECTION('',(0.595592399779,-0.803286806393,0.));
#1991 = ORIENTED_EDGE('',*,*,#1992,.T.);
#1992 = EDGE_CURVE('',#1985,#1993,#1995,.T.);
#1993 = VERTEX_POINT('',#1994);
#1994 = CARTESIAN_POINT('',(52.691898345947,-37.30810165405,0.));
#1995 = LINE('',#1996,#1997);
#1996 = CARTESIAN_POINT('',(52.569900512695,-37.17359924316,0.));
#1997 = VECTOR('',#1998,1.);
#1998 = DIRECTION('',(0.671836918015,-0.740699099224,0.));
#1999 = ORIENTED_EDGE('',*,*,#2000,.T.);
#2000 = EDGE_CURVE('',#1993,#2001,#2003,.T.);
#2001 = VERTEX_POINT('',#2002);
#2002 = CARTESIAN_POINT('',(52.826400756836,-37.4300994873,0.));
#2003 = LINE('',#2004,#2005);
#2004 = CARTESIAN_POINT('',(52.691898345947,-37.30810165405,0.));
#2005 = VECTOR('',#2006,1.);
#2006 = DIRECTION('',(0.740699099224,-0.671836918015,0.));
#2007 = ORIENTED_EDGE('',*,*,#2008,.T.);
#2008 = EDGE_CURVE('',#2001,#2009,#2011,.T.);
#2009 = VERTEX_POINT('',#2010);
#2010 = CARTESIAN_POINT('',(52.972198486328,-37.53820037841,0.));
#2011 = LINE('',#2012,#2013);
#2012 = CARTESIAN_POINT('',(52.826400756836,-37.4300994873,0.));
#2013 = VECTOR('',#2014,1.);
#2014 = DIRECTION('',(0.803286806393,-0.595592399779,0.));
#2015 = ORIENTED_EDGE('',*,*,#2016,.T.);
#2016 = EDGE_CURVE('',#2009,#2017,#2019,.T.);
#2017 = VERTEX_POINT('',#2018);
#2018 = CARTESIAN_POINT('',(53.127899169922,-37.63159942627,0.));
#2019 = LINE('',#2020,#2021);
#2020 = CARTESIAN_POINT('',(52.972198486328,-37.53820037841,0.));
#2021 = VECTOR('',#2022,1.);
#2022 = DIRECTION('',(0.857544828448,-0.514409240977,0.));
#2023 = ORIENTED_EDGE('',*,*,#2024,.T.);
#2024 = EDGE_CURVE('',#2017,#2025,#2027,.T.);
#2025 = VERTEX_POINT('',#2026);
#2026 = CARTESIAN_POINT('',(53.291999816895,-37.70920181274,0.));
#2027 = LINE('',#2028,#2029);
#2028 = CARTESIAN_POINT('',(53.127899169922,-37.63159942627,0.));
#2029 = VECTOR('',#2030,1.);
#2030 = DIRECTION('',(0.904013648298,-0.427503594945,0.));
#2031 = ORIENTED_EDGE('',*,*,#2032,.T.);
#2032 = EDGE_CURVE('',#2025,#2033,#2035,.T.);
#2033 = VERTEX_POINT('',#2034);
#2034 = CARTESIAN_POINT('',(53.463001251221,-37.77030181884,0.));
#2035 = LINE('',#2036,#2037);
#2036 = CARTESIAN_POINT('',(53.291999816895,-37.70920181274,0.));
#2037 = VECTOR('',#2038,1.);
#2038 = DIRECTION('',(0.941692948024,-0.336473463504,0.));
#2039 = ORIENTED_EDGE('',*,*,#2040,.T.);
#2040 = EDGE_CURVE('',#2033,#2041,#2043,.T.);
#2041 = VERTEX_POINT('',#2042);
#2042 = CARTESIAN_POINT('',(53.639099121094,-37.81449890136,0.));
#2043 = LINE('',#2044,#2045);
#2044 = CARTESIAN_POINT('',(53.463001251221,-37.77030181884,0.));
#2045 = VECTOR('',#2046,1.);
#2046 = DIRECTION('',(0.969918384991,-0.243430331835,0.));
#2047 = ORIENTED_EDGE('',*,*,#2048,.T.);
#2048 = EDGE_CURVE('',#2041,#2049,#2051,.T.);
#2049 = VERTEX_POINT('',#2050);
#2050 = CARTESIAN_POINT('',(53.818698883057,-37.8410987854,0.));
#2051 = LINE('',#2052,#2053);
#2052 = CARTESIAN_POINT('',(53.639099121094,-37.81449890136,0.));
#2053 = VECTOR('',#2054,1.);
#2054 = DIRECTION('',(0.989209440443,-0.146508303311,0.));
#2055 = ORIENTED_EDGE('',*,*,#2056,.T.);
#2056 = EDGE_CURVE('',#2049,#2057,#2059,.T.);
#2057 = VERTEX_POINT('',#2058);
#2058 = CARTESIAN_POINT('',(54.,-37.84999847412,0.));
#2059 = LINE('',#2060,#2061);
#2060 = CARTESIAN_POINT('',(53.818698883057,-37.8410987854,0.));
#2061 = VECTOR('',#2062,1.);
#2062 = DIRECTION('',(0.998797362669,-4.90288519601E-02,0.));
#2063 = ORIENTED_EDGE('',*,*,#2064,.T.);
#2064 = EDGE_CURVE('',#2057,#2065,#2067,.T.);
#2065 = VERTEX_POINT('',#2066);
#2066 = CARTESIAN_POINT('',(54.181301116943,-37.8410987854,0.));
#2067 = LINE('',#2068,#2069);
#2068 = CARTESIAN_POINT('',(54.,-37.84999847412,0.));
#2069 = VECTOR('',#2070,1.);
#2070 = DIRECTION('',(0.998797362669,4.90288519601E-02,0.));
#2071 = ORIENTED_EDGE('',*,*,#2072,.T.);
#2072 = EDGE_CURVE('',#2065,#2073,#2075,.T.);
#2073 = VERTEX_POINT('',#2074);
#2074 = CARTESIAN_POINT('',(54.360900878906,-37.81449890136,0.));
#2075 = LINE('',#2076,#2077);
#2076 = CARTESIAN_POINT('',(54.181301116943,-37.8410987854,0.));
#2077 = VECTOR('',#2078,1.);
#2078 = DIRECTION('',(0.989209440443,0.146508303311,0.));
#2079 = ORIENTED_EDGE('',*,*,#2080,.T.);
#2080 = EDGE_CURVE('',#2073,#2081,#2083,.T.);
#2081 = VERTEX_POINT('',#2082);
#2082 = CARTESIAN_POINT('',(54.536998748779,-37.77030181884,0.));
#2083 = LINE('',#2084,#2085);
#2084 = CARTESIAN_POINT('',(54.360900878906,-37.81449890136,0.));
#2085 = VECTOR('',#2086,1.);
#2086 = DIRECTION('',(0.969918384991,0.243430331835,0.));
#2087 = ORIENTED_EDGE('',*,*,#2088,.T.);
#2088 = EDGE_CURVE('',#2081,#2089,#2091,.T.);
#2089 = VERTEX_POINT('',#2090);
#2090 = CARTESIAN_POINT('',(54.708000183105,-37.70920181274,0.));
#2091 = LINE('',#2092,#2093);
#2092 = CARTESIAN_POINT('',(54.536998748779,-37.77030181884,0.));
#2093 = VECTOR('',#2094,1.);
#2094 = DIRECTION('',(0.941692948024,0.336473463504,0.));
#2095 = ORIENTED_EDGE('',*,*,#2096,.T.);
#2096 = EDGE_CURVE('',#2089,#2097,#2099,.T.);
#2097 = VERTEX_POINT('',#2098);
#2098 = CARTESIAN_POINT('',(54.872100830078,-37.63159942627,0.));
#2099 = LINE('',#2100,#2101);
#2100 = CARTESIAN_POINT('',(54.708000183105,-37.70920181274,0.));
#2101 = VECTOR('',#2102,1.);
#2102 = DIRECTION('',(0.904013648298,0.427503594945,0.));
#2103 = ORIENTED_EDGE('',*,*,#2104,.T.);
#2104 = EDGE_CURVE('',#2097,#2105,#2107,.T.);
#2105 = VERTEX_POINT('',#2106);
#2106 = CARTESIAN_POINT('',(55.027801513672,-37.53820037841,0.));
#2107 = LINE('',#2108,#2109);
#2108 = CARTESIAN_POINT('',(54.872100830078,-37.63159942627,0.));
#2109 = VECTOR('',#2110,1.);
#2110 = DIRECTION('',(0.857544828448,0.514409240977,0.));
#2111 = ORIENTED_EDGE('',*,*,#2112,.T.);
#2112 = EDGE_CURVE('',#2105,#2113,#2115,.T.);
#2113 = VERTEX_POINT('',#2114);
#2114 = CARTESIAN_POINT('',(55.173599243164,-37.4300994873,0.));
#2115 = LINE('',#2116,#2117);
#2116 = CARTESIAN_POINT('',(55.027801513672,-37.53820037841,0.));
#2117 = VECTOR('',#2118,1.);
#2118 = DIRECTION('',(0.803286806393,0.595592399779,0.));
#2119 = ORIENTED_EDGE('',*,*,#2120,.T.);
#2120 = EDGE_CURVE('',#2113,#2121,#2123,.T.);
#2121 = VERTEX_POINT('',#2122);
#2122 = CARTESIAN_POINT('',(55.308101654053,-37.30810165405,0.));
#2123 = LINE('',#2124,#2125);
#2124 = CARTESIAN_POINT('',(55.173599243164,-37.4300994873,0.));
#2125 = VECTOR('',#2126,1.);
#2126 = DIRECTION('',(0.740699099224,0.671836918015,0.));
#2127 = ORIENTED_EDGE('',*,*,#2128,.T.);
#2128 = EDGE_CURVE('',#2121,#2129,#2131,.T.);
#2129 = VERTEX_POINT('',#2130);
#2130 = CARTESIAN_POINT('',(55.430099487305,-37.17359924316,0.));
#2131 = LINE('',#2132,#2133);
#2132 = CARTESIAN_POINT('',(55.308101654053,-37.30810165405,0.));
#2133 = VECTOR('',#2134,1.);
#2134 = DIRECTION('',(0.671836918015,0.740699099224,0.));
#2135 = ORIENTED_EDGE('',*,*,#2136,.T.);
#2136 = EDGE_CURVE('',#2129,#2137,#2139,.T.);
#2137 = VERTEX_POINT('',#2138);
#2138 = CARTESIAN_POINT('',(55.538200378418,-37.02780151367,0.));
#2139 = LINE('',#2140,#2141);
#2140 = CARTESIAN_POINT('',(55.430099487305,-37.17359924316,0.));
#2141 = VECTOR('',#2142,1.);
#2142 = DIRECTION('',(0.595592399779,0.803286806393,0.));
#2143 = ORIENTED_EDGE('',*,*,#2144,.T.);
#2144 = EDGE_CURVE('',#2137,#2145,#2147,.T.);
#2145 = VERTEX_POINT('',#2146);
#2146 = CARTESIAN_POINT('',(55.63159942627,-36.87210083007,0.));
#2147 = LINE('',#2148,#2149);
#2148 = CARTESIAN_POINT('',(55.538200378418,-37.02780151367,0.));
#2149 = VECTOR('',#2150,1.);
#2150 = DIRECTION('',(0.514409240977,0.857544828448,0.));
#2151 = ORIENTED_EDGE('',*,*,#2152,.T.);
#2152 = EDGE_CURVE('',#2145,#2153,#2155,.T.);
#2153 = VERTEX_POINT('',#2154);
#2154 = CARTESIAN_POINT('',(55.709201812744,-36.7080001831,0.));
#2155 = LINE('',#2156,#2157);
#2156 = CARTESIAN_POINT('',(55.63159942627,-36.87210083007,0.));
#2157 = VECTOR('',#2158,1.);
#2158 = DIRECTION('',(0.427503594945,0.904013648298,0.));
#2159 = ORIENTED_EDGE('',*,*,#2160,.T.);
#2160 = EDGE_CURVE('',#2153,#2161,#2163,.T.);
#2161 = VERTEX_POINT('',#2162);
#2162 = CARTESIAN_POINT('',(55.770301818848,-36.53699874877,0.));
#2163 = LINE('',#2164,#2165);
#2164 = CARTESIAN_POINT('',(55.709201812744,-36.7080001831,0.));
#2165 = VECTOR('',#2166,1.);
#2166 = DIRECTION('',(0.336473463504,0.941692948024,0.));
#2167 = ORIENTED_EDGE('',*,*,#2168,.T.);
#2168 = EDGE_CURVE('',#2161,#2169,#2171,.T.);
#2169 = VERTEX_POINT('',#2170);
#2170 = CARTESIAN_POINT('',(55.814498901367,-36.3609008789,0.));
#2171 = LINE('',#2172,#2173);
#2172 = CARTESIAN_POINT('',(55.770301818848,-36.53699874877,0.));
#2173 = VECTOR('',#2174,1.);
#2174 = DIRECTION('',(0.243430331835,0.969918384991,0.));
#2175 = ORIENTED_EDGE('',*,*,#2176,.T.);
#2176 = EDGE_CURVE('',#2169,#2177,#2179,.T.);
#2177 = VERTEX_POINT('',#2178);
#2178 = CARTESIAN_POINT('',(55.8410987854,-36.18130111694,0.));
#2179 = LINE('',#2180,#2181);
#2180 = CARTESIAN_POINT('',(55.814498901367,-36.3609008789,0.));
#2181 = VECTOR('',#2182,1.);
#2182 = DIRECTION('',(0.146508303311,0.989209440443,0.));
#2183 = ORIENTED_EDGE('',*,*,#2184,.T.);
#2184 = EDGE_CURVE('',#2177,#2185,#2187,.T.);
#2185 = VERTEX_POINT('',#2186);
#2186 = CARTESIAN_POINT('',(55.849998474121,-36.,0.));
#2187 = LINE('',#2188,#2189);
#2188 = CARTESIAN_POINT('',(55.8410987854,-36.18130111694,0.));
#2189 = VECTOR('',#2190,1.);
#2190 = DIRECTION('',(4.90288519601E-02,0.998797362669,0.));
#2191 = ORIENTED_EDGE('',*,*,#2192,.T.);
#2192 = EDGE_CURVE('',#2185,#2193,#2195,.T.);
#2193 = VERTEX_POINT('',#2194);
#2194 = CARTESIAN_POINT('',(55.8410987854,-35.81869888305,0.));
#2195 = LINE('',#2196,#2197);
#2196 = CARTESIAN_POINT('',(55.849998474121,-36.,0.));
#2197 = VECTOR('',#2198,1.);
#2198 = DIRECTION('',(-4.90288519601E-02,0.998797362669,0.));
#2199 = ORIENTED_EDGE('',*,*,#2200,.T.);
#2200 = EDGE_CURVE('',#2193,#2201,#2203,.T.);
#2201 = VERTEX_POINT('',#2202);
#2202 = CARTESIAN_POINT('',(55.814498901367,-35.63909912109,0.));
#2203 = LINE('',#2204,#2205);
#2204 = CARTESIAN_POINT('',(55.8410987854,-35.81869888305,0.));
#2205 = VECTOR('',#2206,1.);
#2206 = DIRECTION('',(-0.146508303311,0.989209440443,0.));
#2207 = ORIENTED_EDGE('',*,*,#2208,.T.);
#2208 = EDGE_CURVE('',#2201,#2209,#2211,.T.);
#2209 = VERTEX_POINT('',#2210);
#2210 = CARTESIAN_POINT('',(55.770301818848,-35.46300125122,0.));
#2211 = LINE('',#2212,#2213);
#2212 = CARTESIAN_POINT('',(55.814498901367,-35.63909912109,0.));
#2213 = VECTOR('',#2214,1.);
#2214 = DIRECTION('',(-0.243430331835,0.969918384991,0.));
#2215 = ORIENTED_EDGE('',*,*,#2216,.T.);
#2216 = EDGE_CURVE('',#2209,#2217,#2219,.T.);
#2217 = VERTEX_POINT('',#2218);
#2218 = CARTESIAN_POINT('',(55.709201812744,-35.29199981689,0.));
#2219 = LINE('',#2220,#2221);
#2220 = CARTESIAN_POINT('',(55.770301818848,-35.46300125122,0.));
#2221 = VECTOR('',#2222,1.);
#2222 = DIRECTION('',(-0.336473463504,0.941692948024,0.));
#2223 = ORIENTED_EDGE('',*,*,#2224,.T.);
#2224 = EDGE_CURVE('',#2217,#2225,#2227,.T.);
#2225 = VERTEX_POINT('',#2226);
#2226 = CARTESIAN_POINT('',(55.63159942627,-35.12789916992,0.));
#2227 = LINE('',#2228,#2229);
#2228 = CARTESIAN_POINT('',(55.709201812744,-35.29199981689,0.));
#2229 = VECTOR('',#2230,1.);
#2230 = DIRECTION('',(-0.427503594945,0.904013648298,0.));
#2231 = ORIENTED_EDGE('',*,*,#2232,.T.);
#2232 = EDGE_CURVE('',#2225,#2233,#2235,.T.);
#2233 = VERTEX_POINT('',#2234);
#2234 = CARTESIAN_POINT('',(55.538200378418,-34.97219848632,0.));
#2235 = LINE('',#2236,#2237);
#2236 = CARTESIAN_POINT('',(55.63159942627,-35.12789916992,0.));
#2237 = VECTOR('',#2238,1.);
#2238 = DIRECTION('',(-0.514409240977,0.857544828448,0.));
#2239 = ORIENTED_EDGE('',*,*,#2240,.T.);
#2240 = EDGE_CURVE('',#2233,#2241,#2243,.T.);
#2241 = VERTEX_POINT('',#2242);
#2242 = CARTESIAN_POINT('',(55.430099487305,-34.82640075683,0.));
#2243 = LINE('',#2244,#2245);
#2244 = CARTESIAN_POINT('',(55.538200378418,-34.97219848632,0.));
#2245 = VECTOR('',#2246,1.);
#2246 = DIRECTION('',(-0.595592399779,0.803286806393,0.));
#2247 = ORIENTED_EDGE('',*,*,#2248,.T.);
#2248 = EDGE_CURVE('',#2241,#2249,#2251,.T.);
#2249 = VERTEX_POINT('',#2250);
#2250 = CARTESIAN_POINT('',(55.308101654053,-34.69189834594,0.));
#2251 = LINE('',#2252,#2253);
#2252 = CARTESIAN_POINT('',(55.430099487305,-34.82640075683,0.));
#2253 = VECTOR('',#2254,1.);
#2254 = DIRECTION('',(-0.671836918015,0.740699099224,0.));
#2255 = ORIENTED_EDGE('',*,*,#2256,.T.);
#2256 = EDGE_CURVE('',#2249,#2257,#2259,.T.);
#2257 = VERTEX_POINT('',#2258);
#2258 = CARTESIAN_POINT('',(55.173599243164,-34.56990051269,0.));
#2259 = LINE('',#2260,#2261);
#2260 = CARTESIAN_POINT('',(55.308101654053,-34.69189834594,0.));
#2261 = VECTOR('',#2262,1.);
#2262 = DIRECTION('',(-0.740699099224,0.671836918015,0.));
#2263 = ORIENTED_EDGE('',*,*,#2264,.T.);
#2264 = EDGE_CURVE('',#2257,#2265,#2267,.T.);
#2265 = VERTEX_POINT('',#2266);
#2266 = CARTESIAN_POINT('',(55.027801513672,-34.46179962158,0.));
#2267 = LINE('',#2268,#2269);
#2268 = CARTESIAN_POINT('',(55.173599243164,-34.56990051269,0.));
#2269 = VECTOR('',#2270,1.);
#2270 = DIRECTION('',(-0.803286806393,0.595592399779,0.));
#2271 = ORIENTED_EDGE('',*,*,#2272,.T.);
#2272 = EDGE_CURVE('',#2265,#2273,#2275,.T.);
#2273 = VERTEX_POINT('',#2274);
#2274 = CARTESIAN_POINT('',(54.872100830078,-34.36840057373,0.));
#2275 = LINE('',#2276,#2277);
#2276 = CARTESIAN_POINT('',(55.027801513672,-34.46179962158,0.));
#2277 = VECTOR('',#2278,1.);
#2278 = DIRECTION('',(-0.857544828448,0.514409240977,0.));
#2279 = ORIENTED_EDGE('',*,*,#2280,.T.);
#2280 = EDGE_CURVE('',#2273,#2281,#2283,.T.);
#2281 = VERTEX_POINT('',#2282);
#2282 = CARTESIAN_POINT('',(54.708000183105,-34.29079818725,0.));
#2283 = LINE('',#2284,#2285);
#2284 = CARTESIAN_POINT('',(54.872100830078,-34.36840057373,0.));
#2285 = VECTOR('',#2286,1.);
#2286 = DIRECTION('',(-0.904013648298,0.427503594945,0.));
#2287 = ORIENTED_EDGE('',*,*,#2288,.T.);
#2288 = EDGE_CURVE('',#2281,#2289,#2291,.T.);
#2289 = VERTEX_POINT('',#2290);
#2290 = CARTESIAN_POINT('',(54.536998748779,-34.22969818115,0.));
#2291 = LINE('',#2292,#2293);
#2292 = CARTESIAN_POINT('',(54.708000183105,-34.29079818725,0.));
#2293 = VECTOR('',#2294,1.);
#2294 = DIRECTION('',(-0.941692948024,0.336473463504,0.));
#2295 = ORIENTED_EDGE('',*,*,#2296,.T.);
#2296 = EDGE_CURVE('',#2289,#2297,#2299,.T.);
#2297 = VERTEX_POINT('',#2298);
#2298 = CARTESIAN_POINT('',(54.360900878906,-34.18550109863,0.));
#2299 = LINE('',#2300,#2301);
#2300 = CARTESIAN_POINT('',(54.536998748779,-34.22969818115,0.));
#2301 = VECTOR('',#2302,1.);
#2302 = DIRECTION('',(-0.969918384991,0.243430331835,0.));
#2303 = ORIENTED_EDGE('',*,*,#2304,.T.);
#2304 = EDGE_CURVE('',#2297,#2305,#2307,.T.);
#2305 = VERTEX_POINT('',#2306);
#2306 = CARTESIAN_POINT('',(54.181301116943,-34.1589012146,0.));
#2307 = LINE('',#2308,#2309);
#2308 = CARTESIAN_POINT('',(54.360900878906,-34.18550109863,0.));
#2309 = VECTOR('',#2310,1.);
#2310 = DIRECTION('',(-0.989209440443,0.146508303311,0.));
#2311 = ORIENTED_EDGE('',*,*,#2312,.T.);
#2312 = EDGE_CURVE('',#2305,#2313,#2315,.T.);
#2313 = VERTEX_POINT('',#2314);
#2314 = CARTESIAN_POINT('',(54.,-34.15000152587,0.));
#2315 = LINE('',#2316,#2317);
#2316 = CARTESIAN_POINT('',(54.181301116943,-34.1589012146,0.));
#2317 = VECTOR('',#2318,1.);
#2318 = DIRECTION('',(-0.998797362669,4.90288519601E-02,0.));
#2319 = ORIENTED_EDGE('',*,*,#2320,.T.);
#2320 = EDGE_CURVE('',#2313,#2321,#2323,.T.);
#2321 = VERTEX_POINT('',#2322);
#2322 = CARTESIAN_POINT('',(53.818698883057,-34.1589012146,0.));
#2323 = LINE('',#2324,#2325);
#2324 = CARTESIAN_POINT('',(54.,-34.15000152587,0.));
#2325 = VECTOR('',#2326,1.);
#2326 = DIRECTION('',(-0.998797362669,-4.90288519601E-02,0.));
#2327 = ORIENTED_EDGE('',*,*,#2328,.T.);
#2328 = EDGE_CURVE('',#2321,#2329,#2331,.T.);
#2329 = VERTEX_POINT('',#2330);
#2330 = CARTESIAN_POINT('',(53.639099121094,-34.18550109863,0.));
#2331 = LINE('',#2332,#2333);
#2332 = CARTESIAN_POINT('',(53.818698883057,-34.1589012146,0.));
#2333 = VECTOR('',#2334,1.);
#2334 = DIRECTION('',(-0.989209440443,-0.146508303311,0.));
#2335 = ORIENTED_EDGE('',*,*,#2336,.T.);
#2336 = EDGE_CURVE('',#2329,#2337,#2339,.T.);
#2337 = VERTEX_POINT('',#2338);
#2338 = CARTESIAN_POINT('',(53.463001251221,-34.22969818115,0.));
#2339 = LINE('',#2340,#2341);
#2340 = CARTESIAN_POINT('',(53.639099121094,-34.18550109863,0.));
#2341 = VECTOR('',#2342,1.);
#2342 = DIRECTION('',(-0.969918384991,-0.243430331835,0.));
#2343 = ORIENTED_EDGE('',*,*,#2344,.T.);
#2344 = EDGE_CURVE('',#2337,#2345,#2347,.T.);
#2345 = VERTEX_POINT('',#2346);
#2346 = CARTESIAN_POINT('',(53.291999816895,-34.29079818725,0.));
#2347 = LINE('',#2348,#2349);
#2348 = CARTESIAN_POINT('',(53.463001251221,-34.22969818115,0.));
#2349 = VECTOR('',#2350,1.);
#2350 = DIRECTION('',(-0.941692948024,-0.336473463504,0.));
#2351 = ORIENTED_EDGE('',*,*,#2352,.T.);
#2352 = EDGE_CURVE('',#2345,#2353,#2355,.T.);
#2353 = VERTEX_POINT('',#2354);
#2354 = CARTESIAN_POINT('',(53.127899169922,-34.36840057373,0.));
#2355 = LINE('',#2356,#2357);
#2356 = CARTESIAN_POINT('',(53.291999816895,-34.29079818725,0.));
#2357 = VECTOR('',#2358,1.);
#2358 = DIRECTION('',(-0.904013648298,-0.427503594945,0.));
#2359 = ORIENTED_EDGE('',*,*,#2360,.T.);
#2360 = EDGE_CURVE('',#2353,#2361,#2363,.T.);
#2361 = VERTEX_POINT('',#2362);
#2362 = CARTESIAN_POINT('',(52.972198486328,-34.46179962158,0.));
#2363 = LINE('',#2364,#2365);
#2364 = CARTESIAN_POINT('',(53.127899169922,-34.36840057373,0.));
#2365 = VECTOR('',#2366,1.);
#2366 = DIRECTION('',(-0.857544828448,-0.514409240977,0.));
#2367 = ORIENTED_EDGE('',*,*,#2368,.T.);
#2368 = EDGE_CURVE('',#2361,#2369,#2371,.T.);
#2369 = VERTEX_POINT('',#2370);
#2370 = CARTESIAN_POINT('',(52.826400756836,-34.56990051269,0.));
#2371 = LINE('',#2372,#2373);
#2372 = CARTESIAN_POINT('',(52.972198486328,-34.46179962158,0.));
#2373 = VECTOR('',#2374,1.);
#2374 = DIRECTION('',(-0.803286806393,-0.595592399779,0.));
#2375 = ORIENTED_EDGE('',*,*,#2376,.T.);
#2376 = EDGE_CURVE('',#2369,#2377,#2379,.T.);
#2377 = VERTEX_POINT('',#2378);
#2378 = CARTESIAN_POINT('',(52.691898345947,-34.69189834594,0.));
#2379 = LINE('',#2380,#2381);
#2380 = CARTESIAN_POINT('',(52.826400756836,-34.56990051269,0.));
#2381 = VECTOR('',#2382,1.);
#2382 = DIRECTION('',(-0.740699099224,-0.671836918015,0.));
#2383 = ORIENTED_EDGE('',*,*,#2384,.T.);
#2384 = EDGE_CURVE('',#2377,#2385,#2387,.T.);
#2385 = VERTEX_POINT('',#2386);
#2386 = CARTESIAN_POINT('',(52.569900512695,-34.82640075683,0.));
#2387 = LINE('',#2388,#2389);
#2388 = CARTESIAN_POINT('',(52.691898345947,-34.69189834594,0.));
#2389 = VECTOR('',#2390,1.);
#2390 = DIRECTION('',(-0.671836918015,-0.740699099224,0.));
#2391 = ORIENTED_EDGE('',*,*,#2392,.T.);
#2392 = EDGE_CURVE('',#2385,#1887,#2393,.T.);
#2393 = LINE('',#2394,#2395);
#2394 = CARTESIAN_POINT('',(52.569900512695,-34.82640075683,0.));
#2395 = VECTOR('',#2396,1.);
#2396 = DIRECTION('',(-0.595592399779,-0.803286806393,0.));
#2397 = PLANE('',#2398);
#2398 = AXIS2_PLACEMENT_3D('',#2399,#2400,#2401);
#2399 = CARTESIAN_POINT('',(0.,0.,0.));
#2400 = DIRECTION('',(-0.,-0.,-1.));
#2401 = DIRECTION('',(-1.,0.,0.));
#2402 = ADVANCED_FACE('',(#2403),#2414,.T.);
#2403 = FACE_BOUND('',#2404,.T.);
#2404 = EDGE_LOOP('',(#2405,#2406,#2407,#2408));
#2405 = ORIENTED_EDGE('',*,*,#246,.F.);
#2406 = ORIENTED_EDGE('',*,*,#189,.F.);
#2407 = ORIENTED_EDGE('',*,*,#335,.F.);
#2408 = ORIENTED_EDGE('',*,*,#2409,.F.);
#2409 = EDGE_CURVE('',#247,#328,#2410,.T.);
#2410 = LINE('',#2411,#2412);
#2411 = CARTESIAN_POINT('',(71.199996948242,-50.20000076293,
    23.10000038147));
#2412 = VECTOR('',#2413,1.);
#2413 = DIRECTION('',(0.,0.,-1.));
#2414 = PLANE('',#2415);
#2415 = AXIS2_PLACEMENT_3D('',#2416,#2417,#2418);
#2416 = CARTESIAN_POINT('',(0.,-50.20000076293,11.550000190735));
#2417 = DIRECTION('',(-0.,-1.,-0.));
#2418 = DIRECTION('',(0.,0.,-1.));
#2419 = ADVANCED_FACE('',(#2420),#2445,.T.);
#2420 = FACE_BOUND('',#2421,.T.);
#2421 = EDGE_LOOP('',(#2422,#2432,#2438,#2439));
#2422 = ORIENTED_EDGE('',*,*,#2423,.F.);
#2423 = EDGE_CURVE('',#2424,#2426,#2428,.T.);
#2424 = VERTEX_POINT('',#2425);
#2425 = CARTESIAN_POINT('',(-68.,-26.,15.60000038147));
#2426 = VERTEX_POINT('',#2427);
#2427 = CARTESIAN_POINT('',(-68.,-10.,15.60000038147));
#2428 = LINE('',#2429,#2430);
#2429 = CARTESIAN_POINT('',(-68.,-26.,15.60000038147));
#2430 = VECTOR('',#2431,1.);
#2431 = DIRECTION('',(0.,1.,0.));
#2432 = ORIENTED_EDGE('',*,*,#2433,.T.);
#2433 = EDGE_CURVE('',#2424,#200,#2434,.T.);
#2434 = LINE('',#2435,#2436);
#2435 = CARTESIAN_POINT('',(-68.,-26.,15.60000038147));
#2436 = VECTOR('',#2437,1.);
#2437 = DIRECTION('',(-1.,0.,0.));
#2438 = ORIENTED_EDGE('',*,*,#197,.F.);
#2439 = ORIENTED_EDGE('',*,*,#2440,.T.);
#2440 = EDGE_CURVE('',#198,#2426,#2441,.T.);
#2441 = LINE('',#2442,#2443);
#2442 = CARTESIAN_POINT('',(-71.19999694824,-10.,15.60000038147));
#2443 = VECTOR('',#2444,1.);
#2444 = DIRECTION('',(1.,0.,0.));
#2445 = PLANE('',#2446);
#2446 = AXIS2_PLACEMENT_3D('',#2447,#2448,#2449);
#2447 = CARTESIAN_POINT('',(-69.59999847412,-18.,15.60000038147));
#2448 = DIRECTION('',(-0.,-0.,-1.));
#2449 = DIRECTION('',(-1.,0.,0.));
#2450 = ADVANCED_FACE('',(#2451),#2469,.T.);
#2451 = FACE_BOUND('',#2452,.T.);
#2452 = EDGE_LOOP('',(#2453,#2454,#2462,#2468));
#2453 = ORIENTED_EDGE('',*,*,#2433,.F.);
#2454 = ORIENTED_EDGE('',*,*,#2455,.F.);
#2455 = EDGE_CURVE('',#2456,#2424,#2458,.T.);
#2456 = VERTEX_POINT('',#2457);
#2457 = CARTESIAN_POINT('',(-68.,-26.,9.60000038147));
#2458 = LINE('',#2459,#2460);
#2459 = CARTESIAN_POINT('',(-68.,-26.,9.60000038147));
#2460 = VECTOR('',#2461,1.);
#2461 = DIRECTION('',(0.,0.,1.));
#2462 = ORIENTED_EDGE('',*,*,#2463,.F.);
#2463 = EDGE_CURVE('',#208,#2456,#2464,.T.);
#2464 = LINE('',#2465,#2466);
#2465 = CARTESIAN_POINT('',(-71.19999694824,-26.,9.60000038147));
#2466 = VECTOR('',#2467,1.);
#2467 = DIRECTION('',(1.,0.,0.));
#2468 = ORIENTED_EDGE('',*,*,#207,.F.);
#2469 = PLANE('',#2470);
#2470 = AXIS2_PLACEMENT_3D('',#2471,#2472,#2473);
#2471 = CARTESIAN_POINT('',(-69.59999847412,-26.,12.60000038147));
#2472 = DIRECTION('',(0.,1.,0.));
#2473 = DIRECTION('',(0.,0.,1.));
#2474 = ADVANCED_FACE('',(#2475),#2493,.T.);
#2475 = FACE_BOUND('',#2476,.T.);
#2476 = EDGE_LOOP('',(#2477,#2485,#2491,#2492));
#2477 = ORIENTED_EDGE('',*,*,#2478,.F.);
#2478 = EDGE_CURVE('',#2479,#2456,#2481,.T.);
#2479 = VERTEX_POINT('',#2480);
#2480 = CARTESIAN_POINT('',(-68.,-10.,9.60000038147));
#2481 = LINE('',#2482,#2483);
#2482 = CARTESIAN_POINT('',(-68.,-10.,9.60000038147));
#2483 = VECTOR('',#2484,1.);
#2484 = DIRECTION('',(0.,-1.,0.));
#2485 = ORIENTED_EDGE('',*,*,#2486,.T.);
#2486 = EDGE_CURVE('',#2479,#216,#2487,.T.);
#2487 = LINE('',#2488,#2489);
#2488 = CARTESIAN_POINT('',(-68.,-10.,9.60000038147));
#2489 = VECTOR('',#2490,1.);
#2490 = DIRECTION('',(-1.,0.,0.));
#2491 = ORIENTED_EDGE('',*,*,#215,.F.);
#2492 = ORIENTED_EDGE('',*,*,#2463,.T.);
#2493 = PLANE('',#2494);
#2494 = AXIS2_PLACEMENT_3D('',#2495,#2496,#2497);
#2495 = CARTESIAN_POINT('',(-69.59999847412,-18.,9.60000038147));
#2496 = DIRECTION('',(0.,0.,1.));
#2497 = DIRECTION('',(1.,0.,0.));
#2498 = ADVANCED_FACE('',(#2499),#2510,.T.);
#2499 = FACE_BOUND('',#2500,.T.);
#2500 = EDGE_LOOP('',(#2501,#2502,#2503,#2504));
#2501 = ORIENTED_EDGE('',*,*,#2440,.F.);
#2502 = ORIENTED_EDGE('',*,*,#223,.F.);
#2503 = ORIENTED_EDGE('',*,*,#2486,.F.);
#2504 = ORIENTED_EDGE('',*,*,#2505,.F.);
#2505 = EDGE_CURVE('',#2426,#2479,#2506,.T.);
#2506 = LINE('',#2507,#2508);
#2507 = CARTESIAN_POINT('',(-68.,-10.,15.60000038147));
#2508 = VECTOR('',#2509,1.);
#2509 = DIRECTION('',(0.,0.,-1.));
#2510 = PLANE('',#2511);
#2511 = AXIS2_PLACEMENT_3D('',#2512,#2513,#2514);
#2512 = CARTESIAN_POINT('',(-69.59999847412,-10.,12.60000038147));
#2513 = DIRECTION('',(-0.,-1.,-0.));
#2514 = DIRECTION('',(0.,0.,-1.));
#2515 = ADVANCED_FACE('',(#2516,#2522),#2556,.T.);
#2516 = FACE_BOUND('',#2517,.T.);
#2517 = EDGE_LOOP('',(#2518,#2519,#2520,#2521));
#2518 = ORIENTED_EDGE('',*,*,#254,.T.);
#2519 = ORIENTED_EDGE('',*,*,#2409,.T.);
#2520 = ORIENTED_EDGE('',*,*,#327,.T.);
#2521 = ORIENTED_EDGE('',*,*,#303,.T.);
#2522 = FACE_BOUND('',#2523,.T.);
#2523 = EDGE_LOOP('',(#2524,#2534,#2542,#2550));
#2524 = ORIENTED_EDGE('',*,*,#2525,.T.);
#2525 = EDGE_CURVE('',#2526,#2528,#2530,.T.);
#2526 = VERTEX_POINT('',#2527);
#2527 = CARTESIAN_POINT('',(71.199996948242,-14.,9.60000038147));
#2528 = VERTEX_POINT('',#2529);
#2529 = CARTESIAN_POINT('',(71.199996948242,-14.,20.60000038147));
#2530 = LINE('',#2531,#2532);
#2531 = CARTESIAN_POINT('',(71.199996948242,-14.,9.60000038147));
#2532 = VECTOR('',#2533,1.);
#2533 = DIRECTION('',(0.,0.,1.));
#2534 = ORIENTED_EDGE('',*,*,#2535,.T.);
#2535 = EDGE_CURVE('',#2528,#2536,#2538,.T.);
#2536 = VERTEX_POINT('',#2537);
#2537 = CARTESIAN_POINT('',(71.199996948242,14.,20.60000038147));
#2538 = LINE('',#2539,#2540);
#2539 = CARTESIAN_POINT('',(71.199996948242,-14.,20.60000038147));
#2540 = VECTOR('',#2541,1.);
#2541 = DIRECTION('',(0.,1.,0.));
#2542 = ORIENTED_EDGE('',*,*,#2543,.T.);
#2543 = EDGE_CURVE('',#2536,#2544,#2546,.T.);
#2544 = VERTEX_POINT('',#2545);
#2545 = CARTESIAN_POINT('',(71.199996948242,14.,9.60000038147));
#2546 = LINE('',#2547,#2548);
#2547 = CARTESIAN_POINT('',(71.199996948242,14.,20.60000038147));
#2548 = VECTOR('',#2549,1.);
#2549 = DIRECTION('',(0.,0.,-1.));
#2550 = ORIENTED_EDGE('',*,*,#2551,.T.);
#2551 = EDGE_CURVE('',#2544,#2526,#2552,.T.);
#2552 = LINE('',#2553,#2554);
#2553 = CARTESIAN_POINT('',(71.199996948242,14.,9.60000038147));
#2554 = VECTOR('',#2555,1.);
#2555 = DIRECTION('',(0.,-1.,0.));
#2556 = PLANE('',#2557);
#2557 = AXIS2_PLACEMENT_3D('',#2558,#2559,#2560);
#2558 = CARTESIAN_POINT('',(71.199996948242,0.,11.550000190735));
#2559 = DIRECTION('',(1.,0.,0.));
#2560 = DIRECTION('',(0.,0.,1.));
#2561 = ADVANCED_FACE('',(#2562,#2587),#2593,.T.);
#2562 = FACE_BOUND('',#2563,.T.);
#2563 = EDGE_LOOP('',(#2564,#2574,#2580,#2581));
#2564 = ORIENTED_EDGE('',*,*,#2565,.F.);
#2565 = EDGE_CURVE('',#2566,#2568,#2570,.T.);
#2566 = VERTEX_POINT('',#2567);
#2567 = CARTESIAN_POINT('',(-68.,47.,3.200000047684));
#2568 = VERTEX_POINT('',#2569);
#2569 = CARTESIAN_POINT('',(-68.,-47.,3.200000047684));
#2570 = LINE('',#2571,#2572);
#2571 = CARTESIAN_POINT('',(-68.,47.,3.200000047684));
#2572 = VECTOR('',#2573,1.);
#2573 = DIRECTION('',(0.,-1.,0.));
#2574 = ORIENTED_EDGE('',*,*,#2575,.T.);
#2575 = EDGE_CURVE('',#2566,#265,#2576,.T.);
#2576 = LINE('',#2577,#2578);
#2577 = CARTESIAN_POINT('',(-68.,47.,3.200000047684));
#2578 = VECTOR('',#2579,1.);
#2579 = DIRECTION('',(0.,0.,1.));
#2580 = ORIENTED_EDGE('',*,*,#262,.F.);
#2581 = ORIENTED_EDGE('',*,*,#2582,.T.);
#2582 = EDGE_CURVE('',#263,#2568,#2583,.T.);
#2583 = LINE('',#2584,#2585);
#2584 = CARTESIAN_POINT('',(-68.,-47.,23.10000038147));
#2585 = VECTOR('',#2586,1.);
#2586 = DIRECTION('',(0.,0.,-1.));
#2587 = FACE_BOUND('',#2588,.T.);
#2588 = EDGE_LOOP('',(#2589,#2590,#2591,#2592));
#2589 = ORIENTED_EDGE('',*,*,#2478,.T.);
#2590 = ORIENTED_EDGE('',*,*,#2455,.T.);
#2591 = ORIENTED_EDGE('',*,*,#2423,.T.);
#2592 = ORIENTED_EDGE('',*,*,#2505,.T.);
#2593 = PLANE('',#2594);
#2594 = AXIS2_PLACEMENT_3D('',#2595,#2596,#2597);
#2595 = CARTESIAN_POINT('',(-68.,0.,13.150000214577));
#2596 = DIRECTION('',(1.,0.,0.));
#2597 = DIRECTION('',(0.,0.,1.));
#2598 = ADVANCED_FACE('',(#2599),#2617,.T.);
#2599 = FACE_BOUND('',#2600,.T.);
#2600 = EDGE_LOOP('',(#2601,#2602,#2603,#2611));
#2601 = ORIENTED_EDGE('',*,*,#272,.F.);
#2602 = ORIENTED_EDGE('',*,*,#2575,.F.);
#2603 = ORIENTED_EDGE('',*,*,#2604,.F.);
#2604 = EDGE_CURVE('',#2605,#2566,#2607,.T.);
#2605 = VERTEX_POINT('',#2606);
#2606 = CARTESIAN_POINT('',(68.,47.,3.200000047684));
#2607 = LINE('',#2608,#2609);
#2608 = CARTESIAN_POINT('',(68.,47.,3.200000047684));
#2609 = VECTOR('',#2610,1.);
#2610 = DIRECTION('',(-1.,0.,0.));
#2611 = ORIENTED_EDGE('',*,*,#2612,.F.);
#2612 = EDGE_CURVE('',#273,#2605,#2613,.T.);
#2613 = LINE('',#2614,#2615);
#2614 = CARTESIAN_POINT('',(68.,47.,23.10000038147));
#2615 = VECTOR('',#2616,1.);
#2616 = DIRECTION('',(0.,0.,-1.));
#2617 = PLANE('',#2618);
#2618 = AXIS2_PLACEMENT_3D('',#2619,#2620,#2621);
#2619 = CARTESIAN_POINT('',(0.,47.,13.150000214577));
#2620 = DIRECTION('',(-0.,-1.,-0.));
#2621 = DIRECTION('',(0.,0.,-1.));
#2622 = ADVANCED_FACE('',(#2623,#2641),#2675,.T.);
#2623 = FACE_BOUND('',#2624,.T.);
#2624 = EDGE_LOOP('',(#2625,#2626,#2627,#2635));
#2625 = ORIENTED_EDGE('',*,*,#280,.F.);
#2626 = ORIENTED_EDGE('',*,*,#2612,.T.);
#2627 = ORIENTED_EDGE('',*,*,#2628,.T.);
#2628 = EDGE_CURVE('',#2605,#2629,#2631,.T.);
#2629 = VERTEX_POINT('',#2630);
#2630 = CARTESIAN_POINT('',(68.,-47.,3.200000047684));
#2631 = LINE('',#2632,#2633);
#2632 = CARTESIAN_POINT('',(68.,47.,3.200000047684));
#2633 = VECTOR('',#2634,1.);
#2634 = DIRECTION('',(0.,-1.,0.));
#2635 = ORIENTED_EDGE('',*,*,#2636,.T.);
#2636 = EDGE_CURVE('',#2629,#281,#2637,.T.);
#2637 = LINE('',#2638,#2639);
#2638 = CARTESIAN_POINT('',(68.,-47.,3.200000047684));
#2639 = VECTOR('',#2640,1.);
#2640 = DIRECTION('',(0.,0.,1.));
#2641 = FACE_BOUND('',#2642,.T.);
#2642 = EDGE_LOOP('',(#2643,#2653,#2661,#2669));
#2643 = ORIENTED_EDGE('',*,*,#2644,.T.);
#2644 = EDGE_CURVE('',#2645,#2647,#2649,.T.);
#2645 = VERTEX_POINT('',#2646);
#2646 = CARTESIAN_POINT('',(68.,-14.,20.60000038147));
#2647 = VERTEX_POINT('',#2648);
#2648 = CARTESIAN_POINT('',(68.,-14.,9.60000038147));
#2649 = LINE('',#2650,#2651);
#2650 = CARTESIAN_POINT('',(68.,-14.,20.60000038147));
#2651 = VECTOR('',#2652,1.);
#2652 = DIRECTION('',(0.,0.,-1.));
#2653 = ORIENTED_EDGE('',*,*,#2654,.T.);
#2654 = EDGE_CURVE('',#2647,#2655,#2657,.T.);
#2655 = VERTEX_POINT('',#2656);
#2656 = CARTESIAN_POINT('',(68.,14.,9.60000038147));
#2657 = LINE('',#2658,#2659);
#2658 = CARTESIAN_POINT('',(68.,-14.,9.60000038147));
#2659 = VECTOR('',#2660,1.);
#2660 = DIRECTION('',(0.,1.,0.));
#2661 = ORIENTED_EDGE('',*,*,#2662,.T.);
#2662 = EDGE_CURVE('',#2655,#2663,#2665,.T.);
#2663 = VERTEX_POINT('',#2664);
#2664 = CARTESIAN_POINT('',(68.,14.,20.60000038147));
#2665 = LINE('',#2666,#2667);
#2666 = CARTESIAN_POINT('',(68.,14.,9.60000038147));
#2667 = VECTOR('',#2668,1.);
#2668 = DIRECTION('',(0.,0.,1.));
#2669 = ORIENTED_EDGE('',*,*,#2670,.T.);
#2670 = EDGE_CURVE('',#2663,#2645,#2671,.T.);
#2671 = LINE('',#2672,#2673);
#2672 = CARTESIAN_POINT('',(68.,14.,20.60000038147));
#2673 = VECTOR('',#2674,1.);
#2674 = DIRECTION('',(0.,-1.,0.));
#2675 = PLANE('',#2676);
#2676 = AXIS2_PLACEMENT_3D('',#2677,#2678,#2679);
#2677 = CARTESIAN_POINT('',(68.,0.,13.150000214577));
#2678 = DIRECTION('',(-1.,-0.,-0.));
#2679 = DIRECTION('',(0.,0.,-1.));
#2680 = ADVANCED_FACE('',(#2681),#2692,.T.);
#2681 = FACE_BOUND('',#2682,.T.);
#2682 = EDGE_LOOP('',(#2683,#2684,#2685,#2691));
#2683 = ORIENTED_EDGE('',*,*,#288,.F.);
#2684 = ORIENTED_EDGE('',*,*,#2636,.F.);
#2685 = ORIENTED_EDGE('',*,*,#2686,.F.);
#2686 = EDGE_CURVE('',#2568,#2629,#2687,.T.);
#2687 = LINE('',#2688,#2689);
#2688 = CARTESIAN_POINT('',(-68.,-47.,3.200000047684));
#2689 = VECTOR('',#2690,1.);
#2690 = DIRECTION('',(1.,0.,0.));
#2691 = ORIENTED_EDGE('',*,*,#2582,.F.);
#2692 = PLANE('',#2693);
#2693 = AXIS2_PLACEMENT_3D('',#2694,#2695,#2696);
#2694 = CARTESIAN_POINT('',(0.,-47.,13.150000214577));
#2695 = DIRECTION('',(0.,1.,0.));
#2696 = DIRECTION('',(0.,0.,1.));
#2697 = ADVANCED_FACE('',(#2698),#2723,.T.);
#2698 = FACE_BOUND('',#2699,.T.);
#2699 = EDGE_LOOP('',(#2700,#2710,#2716,#2717));
#2700 = ORIENTED_EDGE('',*,*,#2701,.F.);
#2701 = EDGE_CURVE('',#2702,#2704,#2706,.T.);
#2702 = VERTEX_POINT('',#2703);
#2703 = CARTESIAN_POINT('',(-53.29199981689,37.709201812744,9.));
#2704 = VERTEX_POINT('',#2705);
#2705 = CARTESIAN_POINT('',(-53.12789916992,37.63159942627,9.));
#2706 = LINE('',#2707,#2708);
#2707 = CARTESIAN_POINT('',(-53.29199981689,37.709201812744,9.));
#2708 = VECTOR('',#2709,1.);
#2709 = DIRECTION('',(0.904013648298,-0.427503594945,0.));
#2710 = ORIENTED_EDGE('',*,*,#2711,.F.);
#2711 = EDGE_CURVE('',#347,#2702,#2712,.T.);
#2712 = LINE('',#2713,#2714);
#2713 = CARTESIAN_POINT('',(-53.29199981689,37.709201812744,0.));
#2714 = VECTOR('',#2715,1.);
#2715 = DIRECTION('',(0.,0.,1.));
#2716 = ORIENTED_EDGE('',*,*,#344,.F.);
#2717 = ORIENTED_EDGE('',*,*,#2718,.F.);
#2718 = EDGE_CURVE('',#2704,#345,#2719,.T.);
#2719 = LINE('',#2720,#2721);
#2720 = CARTESIAN_POINT('',(-53.12789916992,37.63159942627,9.));
#2721 = VECTOR('',#2722,1.);
#2722 = DIRECTION('',(0.,0.,-1.));
#2723 = PLANE('',#2724);
#2724 = AXIS2_PLACEMENT_3D('',#2725,#2726,#2727);
#2725 = CARTESIAN_POINT('',(-53.2099494934,37.670400619507,4.5));
#2726 = DIRECTION('',(-0.427503594945,-0.904013648298,-0.));
#2727 = DIRECTION('',(-0.904013648298,0.427503594945,0.));
#2728 = ADVANCED_FACE('',(#2729),#2747,.T.);
#2729 = FACE_BOUND('',#2730,.T.);
#2730 = EDGE_LOOP('',(#2731,#2739,#2745,#2746));
#2731 = ORIENTED_EDGE('',*,*,#2732,.F.);
#2732 = EDGE_CURVE('',#2733,#2702,#2735,.T.);
#2733 = VERTEX_POINT('',#2734);
#2734 = CARTESIAN_POINT('',(-53.46300125122,37.770301818848,9.));
#2735 = LINE('',#2736,#2737);
#2736 = CARTESIAN_POINT('',(-53.46300125122,37.770301818848,9.));
#2737 = VECTOR('',#2738,1.);
#2738 = DIRECTION('',(0.941692948024,-0.336473463504,0.));
#2739 = ORIENTED_EDGE('',*,*,#2740,.T.);
#2740 = EDGE_CURVE('',#2733,#355,#2741,.T.);
#2741 = LINE('',#2742,#2743);
#2742 = CARTESIAN_POINT('',(-53.46300125122,37.770301818848,9.));
#2743 = VECTOR('',#2744,1.);
#2744 = DIRECTION('',(0.,0.,-1.));
#2745 = ORIENTED_EDGE('',*,*,#354,.F.);
#2746 = ORIENTED_EDGE('',*,*,#2711,.T.);
#2747 = PLANE('',#2748);
#2748 = AXIS2_PLACEMENT_3D('',#2749,#2750,#2751);
#2749 = CARTESIAN_POINT('',(-53.37750053405,37.739751815796,4.5));
#2750 = DIRECTION('',(-0.336473463504,-0.941692948024,-0.));
#2751 = DIRECTION('',(-0.941692948024,0.336473463504,0.));
#2752 = ADVANCED_FACE('',(#2753),#2771,.T.);
#2753 = FACE_BOUND('',#2754,.T.);
#2754 = EDGE_LOOP('',(#2755,#2763,#2769,#2770));
#2755 = ORIENTED_EDGE('',*,*,#2756,.F.);
#2756 = EDGE_CURVE('',#2757,#2733,#2759,.T.);
#2757 = VERTEX_POINT('',#2758);
#2758 = CARTESIAN_POINT('',(-53.63909912109,37.814498901367,9.));
#2759 = LINE('',#2760,#2761);
#2760 = CARTESIAN_POINT('',(-53.63909912109,37.814498901367,9.));
#2761 = VECTOR('',#2762,1.);
#2762 = DIRECTION('',(0.969918384991,-0.243430331835,0.));
#2763 = ORIENTED_EDGE('',*,*,#2764,.F.);
#2764 = EDGE_CURVE('',#363,#2757,#2765,.T.);
#2765 = LINE('',#2766,#2767);
#2766 = CARTESIAN_POINT('',(-53.63909912109,37.814498901367,0.));
#2767 = VECTOR('',#2768,1.);
#2768 = DIRECTION('',(0.,0.,1.));
#2769 = ORIENTED_EDGE('',*,*,#362,.F.);
#2770 = ORIENTED_EDGE('',*,*,#2740,.F.);
#2771 = PLANE('',#2772);
#2772 = AXIS2_PLACEMENT_3D('',#2773,#2774,#2775);
#2773 = CARTESIAN_POINT('',(-53.55105018615,37.792400360107,4.5));
#2774 = DIRECTION('',(-0.243430331835,-0.969918384991,-0.));
#2775 = DIRECTION('',(-0.969918384991,0.243430331835,0.));
#2776 = ADVANCED_FACE('',(#2777),#2795,.T.);
#2777 = FACE_BOUND('',#2778,.T.);
#2778 = EDGE_LOOP('',(#2779,#2787,#2793,#2794));
#2779 = ORIENTED_EDGE('',*,*,#2780,.F.);
#2780 = EDGE_CURVE('',#2781,#2757,#2783,.T.);
#2781 = VERTEX_POINT('',#2782);
#2782 = CARTESIAN_POINT('',(-53.81869888305,37.8410987854,9.));
#2783 = LINE('',#2784,#2785);
#2784 = CARTESIAN_POINT('',(-53.81869888305,37.8410987854,9.));
#2785 = VECTOR('',#2786,1.);
#2786 = DIRECTION('',(0.989209440443,-0.146508303311,0.));
#2787 = ORIENTED_EDGE('',*,*,#2788,.T.);
#2788 = EDGE_CURVE('',#2781,#371,#2789,.T.);
#2789 = LINE('',#2790,#2791);
#2790 = CARTESIAN_POINT('',(-53.81869888305,37.8410987854,9.));
#2791 = VECTOR('',#2792,1.);
#2792 = DIRECTION('',(0.,0.,-1.));
#2793 = ORIENTED_EDGE('',*,*,#370,.F.);
#2794 = ORIENTED_EDGE('',*,*,#2764,.T.);
#2795 = PLANE('',#2796);
#2796 = AXIS2_PLACEMENT_3D('',#2797,#2798,#2799);
#2797 = CARTESIAN_POINT('',(-53.72889900207,37.827798843384,4.5));
#2798 = DIRECTION('',(-0.146508303311,-0.989209440443,-0.));
#2799 = DIRECTION('',(-0.989209440443,0.146508303311,0.));
#2800 = ADVANCED_FACE('',(#2801),#2819,.T.);
#2801 = FACE_BOUND('',#2802,.T.);
#2802 = EDGE_LOOP('',(#2803,#2811,#2817,#2818));
#2803 = ORIENTED_EDGE('',*,*,#2804,.F.);
#2804 = EDGE_CURVE('',#2805,#2781,#2807,.T.);
#2805 = VERTEX_POINT('',#2806);
#2806 = CARTESIAN_POINT('',(-54.,37.849998474121,9.));
#2807 = LINE('',#2808,#2809);
#2808 = CARTESIAN_POINT('',(-54.,37.849998474121,9.));
#2809 = VECTOR('',#2810,1.);
#2810 = DIRECTION('',(0.998797362669,-4.90288519601E-02,0.));
#2811 = ORIENTED_EDGE('',*,*,#2812,.F.);
#2812 = EDGE_CURVE('',#379,#2805,#2813,.T.);
#2813 = LINE('',#2814,#2815);
#2814 = CARTESIAN_POINT('',(-54.,37.849998474121,0.));
#2815 = VECTOR('',#2816,1.);
#2816 = DIRECTION('',(0.,0.,1.));
#2817 = ORIENTED_EDGE('',*,*,#378,.F.);
#2818 = ORIENTED_EDGE('',*,*,#2788,.F.);
#2819 = PLANE('',#2820);
#2820 = AXIS2_PLACEMENT_3D('',#2821,#2822,#2823);
#2821 = CARTESIAN_POINT('',(-53.90934944152,37.845548629761,4.5));
#2822 = DIRECTION('',(-4.90288519601E-02,-0.998797362669,-0.));
#2823 = DIRECTION('',(-0.998797362669,4.90288519601E-02,0.));
#2824 = ADVANCED_FACE('',(#2825),#2843,.T.);
#2825 = FACE_BOUND('',#2826,.T.);
#2826 = EDGE_LOOP('',(#2827,#2835,#2841,#2842));
#2827 = ORIENTED_EDGE('',*,*,#2828,.F.);
#2828 = EDGE_CURVE('',#2829,#2805,#2831,.T.);
#2829 = VERTEX_POINT('',#2830);
#2830 = CARTESIAN_POINT('',(-54.18130111694,37.8410987854,9.));
#2831 = LINE('',#2832,#2833);
#2832 = CARTESIAN_POINT('',(-54.18130111694,37.8410987854,9.));
#2833 = VECTOR('',#2834,1.);
#2834 = DIRECTION('',(0.998797362669,4.90288519601E-02,0.));
#2835 = ORIENTED_EDGE('',*,*,#2836,.T.);
#2836 = EDGE_CURVE('',#2829,#387,#2837,.T.);
#2837 = LINE('',#2838,#2839);
#2838 = CARTESIAN_POINT('',(-54.18130111694,37.8410987854,9.));
#2839 = VECTOR('',#2840,1.);
#2840 = DIRECTION('',(0.,0.,-1.));
#2841 = ORIENTED_EDGE('',*,*,#386,.F.);
#2842 = ORIENTED_EDGE('',*,*,#2812,.T.);
#2843 = PLANE('',#2844);
#2844 = AXIS2_PLACEMENT_3D('',#2845,#2846,#2847);
#2845 = CARTESIAN_POINT('',(-54.09065055847,37.845548629761,4.5));
#2846 = DIRECTION('',(4.90288519601E-02,-0.998797362669,0.));
#2847 = DIRECTION('',(-0.998797362669,-4.90288519601E-02,0.));
#2848 = ADVANCED_FACE('',(#2849),#2867,.T.);
#2849 = FACE_BOUND('',#2850,.T.);
#2850 = EDGE_LOOP('',(#2851,#2859,#2865,#2866));
#2851 = ORIENTED_EDGE('',*,*,#2852,.F.);
#2852 = EDGE_CURVE('',#2853,#2829,#2855,.T.);
#2853 = VERTEX_POINT('',#2854);
#2854 = CARTESIAN_POINT('',(-54.3609008789,37.814498901367,9.));
#2855 = LINE('',#2856,#2857);
#2856 = CARTESIAN_POINT('',(-54.3609008789,37.814498901367,9.));
#2857 = VECTOR('',#2858,1.);
#2858 = DIRECTION('',(0.989209440443,0.146508303311,0.));
#2859 = ORIENTED_EDGE('',*,*,#2860,.F.);
#2860 = EDGE_CURVE('',#395,#2853,#2861,.T.);
#2861 = LINE('',#2862,#2863);
#2862 = CARTESIAN_POINT('',(-54.3609008789,37.814498901367,0.));
#2863 = VECTOR('',#2864,1.);
#2864 = DIRECTION('',(0.,0.,1.));
#2865 = ORIENTED_EDGE('',*,*,#394,.F.);
#2866 = ORIENTED_EDGE('',*,*,#2836,.F.);
#2867 = PLANE('',#2868);
#2868 = AXIS2_PLACEMENT_3D('',#2869,#2870,#2871);
#2869 = CARTESIAN_POINT('',(-54.27110099792,37.827798843384,4.5));
#2870 = DIRECTION('',(0.146508303311,-0.989209440443,0.));
#2871 = DIRECTION('',(-0.989209440443,-0.146508303311,0.));
#2872 = ADVANCED_FACE('',(#2873),#2891,.T.);
#2873 = FACE_BOUND('',#2874,.T.);
#2874 = EDGE_LOOP('',(#2875,#2883,#2889,#2890));
#2875 = ORIENTED_EDGE('',*,*,#2876,.F.);
#2876 = EDGE_CURVE('',#2877,#2853,#2879,.T.);
#2877 = VERTEX_POINT('',#2878);
#2878 = CARTESIAN_POINT('',(-54.53699874877,37.770301818848,9.));
#2879 = LINE('',#2880,#2881);
#2880 = CARTESIAN_POINT('',(-54.53699874877,37.770301818848,9.));
#2881 = VECTOR('',#2882,1.);
#2882 = DIRECTION('',(0.969918384991,0.243430331835,0.));
#2883 = ORIENTED_EDGE('',*,*,#2884,.T.);
#2884 = EDGE_CURVE('',#2877,#403,#2885,.T.);
#2885 = LINE('',#2886,#2887);
#2886 = CARTESIAN_POINT('',(-54.53699874877,37.770301818848,9.));
#2887 = VECTOR('',#2888,1.);
#2888 = DIRECTION('',(0.,0.,-1.));
#2889 = ORIENTED_EDGE('',*,*,#402,.F.);
#2890 = ORIENTED_EDGE('',*,*,#2860,.T.);
#2891 = PLANE('',#2892);
#2892 = AXIS2_PLACEMENT_3D('',#2893,#2894,#2895);
#2893 = CARTESIAN_POINT('',(-54.44894981384,37.792400360107,4.5));
#2894 = DIRECTION('',(0.243430331835,-0.969918384991,0.));
#2895 = DIRECTION('',(-0.969918384991,-0.243430331835,0.));
#2896 = ADVANCED_FACE('',(#2897),#2915,.T.);
#2897 = FACE_BOUND('',#2898,.T.);
#2898 = EDGE_LOOP('',(#2899,#2907,#2913,#2914));
#2899 = ORIENTED_EDGE('',*,*,#2900,.F.);
#2900 = EDGE_CURVE('',#2901,#2877,#2903,.T.);
#2901 = VERTEX_POINT('',#2902);
#2902 = CARTESIAN_POINT('',(-54.7080001831,37.709201812744,9.));
#2903 = LINE('',#2904,#2905);
#2904 = CARTESIAN_POINT('',(-54.7080001831,37.709201812744,9.));
#2905 = VECTOR('',#2906,1.);
#2906 = DIRECTION('',(0.941692948024,0.336473463504,0.));
#2907 = ORIENTED_EDGE('',*,*,#2908,.F.);
#2908 = EDGE_CURVE('',#411,#2901,#2909,.T.);
#2909 = LINE('',#2910,#2911);
#2910 = CARTESIAN_POINT('',(-54.7080001831,37.709201812744,0.));
#2911 = VECTOR('',#2912,1.);
#2912 = DIRECTION('',(0.,0.,1.));
#2913 = ORIENTED_EDGE('',*,*,#410,.F.);
#2914 = ORIENTED_EDGE('',*,*,#2884,.F.);
#2915 = PLANE('',#2916);
#2916 = AXIS2_PLACEMENT_3D('',#2917,#2918,#2919);
#2917 = CARTESIAN_POINT('',(-54.62249946594,37.739751815796,4.5));
#2918 = DIRECTION('',(0.336473463504,-0.941692948024,0.));
#2919 = DIRECTION('',(-0.941692948024,-0.336473463504,0.));
#2920 = ADVANCED_FACE('',(#2921),#2939,.T.);
#2921 = FACE_BOUND('',#2922,.T.);
#2922 = EDGE_LOOP('',(#2923,#2931,#2937,#2938));
#2923 = ORIENTED_EDGE('',*,*,#2924,.F.);
#2924 = EDGE_CURVE('',#2925,#2901,#2927,.T.);
#2925 = VERTEX_POINT('',#2926);
#2926 = CARTESIAN_POINT('',(-54.87210083007,37.63159942627,9.));
#2927 = LINE('',#2928,#2929);
#2928 = CARTESIAN_POINT('',(-54.87210083007,37.63159942627,9.));
#2929 = VECTOR('',#2930,1.);
#2930 = DIRECTION('',(0.904013648298,0.427503594945,0.));
#2931 = ORIENTED_EDGE('',*,*,#2932,.F.);
#2932 = EDGE_CURVE('',#419,#2925,#2933,.T.);
#2933 = LINE('',#2934,#2935);
#2934 = CARTESIAN_POINT('',(-54.87210083007,37.63159942627,0.));
#2935 = VECTOR('',#2936,1.);
#2936 = DIRECTION('',(0.,0.,1.));
#2937 = ORIENTED_EDGE('',*,*,#418,.F.);
#2938 = ORIENTED_EDGE('',*,*,#2908,.T.);
#2939 = PLANE('',#2940);
#2940 = AXIS2_PLACEMENT_3D('',#2941,#2942,#2943);
#2941 = CARTESIAN_POINT('',(-54.79005050659,37.670400619507,4.5));
#2942 = DIRECTION('',(0.427503594945,-0.904013648298,0.));
#2943 = DIRECTION('',(-0.904013648298,-0.427503594945,0.));
#2944 = ADVANCED_FACE('',(#2945),#2963,.T.);
#2945 = FACE_BOUND('',#2946,.T.);
#2946 = EDGE_LOOP('',(#2947,#2955,#2961,#2962));
#2947 = ORIENTED_EDGE('',*,*,#2948,.F.);
#2948 = EDGE_CURVE('',#2949,#2925,#2951,.T.);
#2949 = VERTEX_POINT('',#2950);
#2950 = CARTESIAN_POINT('',(-55.02780151367,37.538200378418,9.));
#2951 = LINE('',#2952,#2953);
#2952 = CARTESIAN_POINT('',(-55.02780151367,37.538200378418,9.));
#2953 = VECTOR('',#2954,1.);
#2954 = DIRECTION('',(0.857544828448,0.514409240977,0.));
#2955 = ORIENTED_EDGE('',*,*,#2956,.F.);
#2956 = EDGE_CURVE('',#427,#2949,#2957,.T.);
#2957 = LINE('',#2958,#2959);
#2958 = CARTESIAN_POINT('',(-55.02780151367,37.538200378418,0.));
#2959 = VECTOR('',#2960,1.);
#2960 = DIRECTION('',(0.,0.,1.));
#2961 = ORIENTED_EDGE('',*,*,#426,.F.);
#2962 = ORIENTED_EDGE('',*,*,#2932,.T.);
#2963 = PLANE('',#2964);
#2964 = AXIS2_PLACEMENT_3D('',#2965,#2966,#2967);
#2965 = CARTESIAN_POINT('',(-54.94995117187,37.584899902344,4.5));
#2966 = DIRECTION('',(0.514409240977,-0.857544828448,0.));
#2967 = DIRECTION('',(-0.857544828448,-0.514409240977,0.));
#2968 = ADVANCED_FACE('',(#2969),#2987,.T.);
#2969 = FACE_BOUND('',#2970,.T.);
#2970 = EDGE_LOOP('',(#2971,#2979,#2985,#2986));
#2971 = ORIENTED_EDGE('',*,*,#2972,.F.);
#2972 = EDGE_CURVE('',#2973,#2949,#2975,.T.);
#2973 = VERTEX_POINT('',#2974);
#2974 = CARTESIAN_POINT('',(-55.17359924316,37.430099487305,9.));
#2975 = LINE('',#2976,#2977);
#2976 = CARTESIAN_POINT('',(-55.17359924316,37.430099487305,9.));
#2977 = VECTOR('',#2978,1.);
#2978 = DIRECTION('',(0.803286806393,0.595592399779,0.));
#2979 = ORIENTED_EDGE('',*,*,#2980,.F.);
#2980 = EDGE_CURVE('',#435,#2973,#2981,.T.);
#2981 = LINE('',#2982,#2983);
#2982 = CARTESIAN_POINT('',(-55.17359924316,37.430099487305,0.));
#2983 = VECTOR('',#2984,1.);
#2984 = DIRECTION('',(0.,0.,1.));
#2985 = ORIENTED_EDGE('',*,*,#434,.F.);
#2986 = ORIENTED_EDGE('',*,*,#2956,.T.);
#2987 = PLANE('',#2988);
#2988 = AXIS2_PLACEMENT_3D('',#2989,#2990,#2991);
#2989 = CARTESIAN_POINT('',(-55.10070037841,37.484149932861,4.5));
#2990 = DIRECTION('',(0.595592399779,-0.803286806393,0.));
#2991 = DIRECTION('',(-0.803286806393,-0.595592399779,0.));
#2992 = ADVANCED_FACE('',(#2993),#3011,.T.);
#2993 = FACE_BOUND('',#2994,.T.);
#2994 = EDGE_LOOP('',(#2995,#3003,#3009,#3010));
#2995 = ORIENTED_EDGE('',*,*,#2996,.F.);
#2996 = EDGE_CURVE('',#2997,#2973,#2999,.T.);
#2997 = VERTEX_POINT('',#2998);
#2998 = CARTESIAN_POINT('',(-55.30810165405,37.308101654053,9.));
#2999 = LINE('',#3000,#3001);
#3000 = CARTESIAN_POINT('',(-55.30810165405,37.308101654053,9.));
#3001 = VECTOR('',#3002,1.);
#3002 = DIRECTION('',(0.740699099224,0.671836918015,0.));
#3003 = ORIENTED_EDGE('',*,*,#3004,.T.);
#3004 = EDGE_CURVE('',#2997,#443,#3005,.T.);
#3005 = LINE('',#3006,#3007);
#3006 = CARTESIAN_POINT('',(-55.30810165405,37.308101654053,9.));
#3007 = VECTOR('',#3008,1.);
#3008 = DIRECTION('',(0.,0.,-1.));
#3009 = ORIENTED_EDGE('',*,*,#442,.F.);
#3010 = ORIENTED_EDGE('',*,*,#2980,.T.);
#3011 = PLANE('',#3012);
#3012 = AXIS2_PLACEMENT_3D('',#3013,#3014,#3015);
#3013 = CARTESIAN_POINT('',(-55.2408504486,37.369100570679,4.5));
#3014 = DIRECTION('',(0.671836918015,-0.740699099224,0.));
#3015 = DIRECTION('',(-0.740699099224,-0.671836918015,0.));
#3016 = ADVANCED_FACE('',(#3017),#3035,.T.);
#3017 = FACE_BOUND('',#3018,.T.);
#3018 = EDGE_LOOP('',(#3019,#3020,#3028,#3034));
#3019 = ORIENTED_EDGE('',*,*,#3004,.F.);
#3020 = ORIENTED_EDGE('',*,*,#3021,.F.);
#3021 = EDGE_CURVE('',#3022,#2997,#3024,.T.);
#3022 = VERTEX_POINT('',#3023);
#3023 = CARTESIAN_POINT('',(-55.4300994873,37.173599243164,9.));
#3024 = LINE('',#3025,#3026);
#3025 = CARTESIAN_POINT('',(-55.4300994873,37.173599243164,9.));
#3026 = VECTOR('',#3027,1.);
#3027 = DIRECTION('',(0.671836918015,0.740699099224,0.));
#3028 = ORIENTED_EDGE('',*,*,#3029,.F.);
#3029 = EDGE_CURVE('',#451,#3022,#3030,.T.);
#3030 = LINE('',#3031,#3032);
#3031 = CARTESIAN_POINT('',(-55.4300994873,37.173599243164,0.));
#3032 = VECTOR('',#3033,1.);
#3033 = DIRECTION('',(0.,0.,1.));
#3034 = ORIENTED_EDGE('',*,*,#450,.F.);
#3035 = PLANE('',#3036);
#3036 = AXIS2_PLACEMENT_3D('',#3037,#3038,#3039);
#3037 = CARTESIAN_POINT('',(-55.36910057067,37.240850448608,4.5));
#3038 = DIRECTION('',(0.740699099224,-0.671836918015,0.));
#3039 = DIRECTION('',(0.671836918015,0.740699099224,0.));
#3040 = ADVANCED_FACE('',(#3041),#3059,.T.);
#3041 = FACE_BOUND('',#3042,.T.);
#3042 = EDGE_LOOP('',(#3043,#3044,#3052,#3058));
#3043 = ORIENTED_EDGE('',*,*,#3029,.T.);
#3044 = ORIENTED_EDGE('',*,*,#3045,.F.);
#3045 = EDGE_CURVE('',#3046,#3022,#3048,.T.);
#3046 = VERTEX_POINT('',#3047);
#3047 = CARTESIAN_POINT('',(-55.53820037841,37.027801513672,9.));
#3048 = LINE('',#3049,#3050);
#3049 = CARTESIAN_POINT('',(-55.53820037841,37.027801513672,9.));
#3050 = VECTOR('',#3051,1.);
#3051 = DIRECTION('',(0.595592399779,0.803286806393,0.));
#3052 = ORIENTED_EDGE('',*,*,#3053,.F.);
#3053 = EDGE_CURVE('',#459,#3046,#3054,.T.);
#3054 = LINE('',#3055,#3056);
#3055 = CARTESIAN_POINT('',(-55.53820037841,37.027801513672,0.));
#3056 = VECTOR('',#3057,1.);
#3057 = DIRECTION('',(0.,0.,1.));
#3058 = ORIENTED_EDGE('',*,*,#458,.F.);
#3059 = PLANE('',#3060);
#3060 = AXIS2_PLACEMENT_3D('',#3061,#3062,#3063);
#3061 = CARTESIAN_POINT('',(-55.48414993286,37.100700378418,4.5));
#3062 = DIRECTION('',(0.803286806393,-0.595592399779,0.));
#3063 = DIRECTION('',(0.595592399779,0.803286806393,0.));
#3064 = ADVANCED_FACE('',(#3065),#3083,.T.);
#3065 = FACE_BOUND('',#3066,.T.);
#3066 = EDGE_LOOP('',(#3067,#3068,#3076,#3082));
#3067 = ORIENTED_EDGE('',*,*,#3053,.T.);
#3068 = ORIENTED_EDGE('',*,*,#3069,.F.);
#3069 = EDGE_CURVE('',#3070,#3046,#3072,.T.);
#3070 = VERTEX_POINT('',#3071);
#3071 = CARTESIAN_POINT('',(-55.63159942627,36.872100830078,9.));
#3072 = LINE('',#3073,#3074);
#3073 = CARTESIAN_POINT('',(-55.63159942627,36.872100830078,9.));
#3074 = VECTOR('',#3075,1.);
#3075 = DIRECTION('',(0.514409240977,0.857544828448,0.));
#3076 = ORIENTED_EDGE('',*,*,#3077,.T.);
#3077 = EDGE_CURVE('',#3070,#467,#3078,.T.);
#3078 = LINE('',#3079,#3080);
#3079 = CARTESIAN_POINT('',(-55.63159942627,36.872100830078,9.));
#3080 = VECTOR('',#3081,1.);
#3081 = DIRECTION('',(0.,0.,-1.));
#3082 = ORIENTED_EDGE('',*,*,#466,.F.);
#3083 = PLANE('',#3084);
#3084 = AXIS2_PLACEMENT_3D('',#3085,#3086,#3087);
#3085 = CARTESIAN_POINT('',(-55.58489990234,36.949951171875,4.5));
#3086 = DIRECTION('',(0.857544828448,-0.514409240977,0.));
#3087 = DIRECTION('',(0.514409240977,0.857544828448,0.));
#3088 = ADVANCED_FACE('',(#3089),#3107,.T.);
#3089 = FACE_BOUND('',#3090,.T.);
#3090 = EDGE_LOOP('',(#3091,#3092,#3100,#3106));
#3091 = ORIENTED_EDGE('',*,*,#3077,.F.);
#3092 = ORIENTED_EDGE('',*,*,#3093,.F.);
#3093 = EDGE_CURVE('',#3094,#3070,#3096,.T.);
#3094 = VERTEX_POINT('',#3095);
#3095 = CARTESIAN_POINT('',(-55.70920181274,36.708000183105,9.));
#3096 = LINE('',#3097,#3098);
#3097 = CARTESIAN_POINT('',(-55.70920181274,36.708000183105,9.));
#3098 = VECTOR('',#3099,1.);
#3099 = DIRECTION('',(0.427503594945,0.904013648298,0.));
#3100 = ORIENTED_EDGE('',*,*,#3101,.F.);
#3101 = EDGE_CURVE('',#475,#3094,#3102,.T.);
#3102 = LINE('',#3103,#3104);
#3103 = CARTESIAN_POINT('',(-55.70920181274,36.708000183105,0.));
#3104 = VECTOR('',#3105,1.);
#3105 = DIRECTION('',(0.,0.,1.));
#3106 = ORIENTED_EDGE('',*,*,#474,.F.);
#3107 = PLANE('',#3108);
#3108 = AXIS2_PLACEMENT_3D('',#3109,#3110,#3111);
#3109 = CARTESIAN_POINT('',(-55.6704006195,36.790050506592,4.5));
#3110 = DIRECTION('',(0.904013648298,-0.427503594945,0.));
#3111 = DIRECTION('',(0.427503594945,0.904013648298,0.));
#3112 = ADVANCED_FACE('',(#3113),#3131,.T.);
#3113 = FACE_BOUND('',#3114,.T.);
#3114 = EDGE_LOOP('',(#3115,#3116,#3124,#3130));
#3115 = ORIENTED_EDGE('',*,*,#3101,.T.);
#3116 = ORIENTED_EDGE('',*,*,#3117,.F.);
#3117 = EDGE_CURVE('',#3118,#3094,#3120,.T.);
#3118 = VERTEX_POINT('',#3119);
#3119 = CARTESIAN_POINT('',(-55.77030181884,36.536998748779,9.));
#3120 = LINE('',#3121,#3122);
#3121 = CARTESIAN_POINT('',(-55.77030181884,36.536998748779,9.));
#3122 = VECTOR('',#3123,1.);
#3123 = DIRECTION('',(0.336473463504,0.941692948024,0.));
#3124 = ORIENTED_EDGE('',*,*,#3125,.T.);
#3125 = EDGE_CURVE('',#3118,#483,#3126,.T.);
#3126 = LINE('',#3127,#3128);
#3127 = CARTESIAN_POINT('',(-55.77030181884,36.536998748779,9.));
#3128 = VECTOR('',#3129,1.);
#3129 = DIRECTION('',(0.,0.,-1.));
#3130 = ORIENTED_EDGE('',*,*,#482,.F.);
#3131 = PLANE('',#3132);
#3132 = AXIS2_PLACEMENT_3D('',#3133,#3134,#3135);
#3133 = CARTESIAN_POINT('',(-55.73975181579,36.622499465942,4.5));
#3134 = DIRECTION('',(0.941692948024,-0.336473463504,0.));
#3135 = DIRECTION('',(0.336473463504,0.941692948024,0.));
#3136 = ADVANCED_FACE('',(#3137),#3155,.T.);
#3137 = FACE_BOUND('',#3138,.T.);
#3138 = EDGE_LOOP('',(#3139,#3140,#3148,#3154));
#3139 = ORIENTED_EDGE('',*,*,#3125,.F.);
#3140 = ORIENTED_EDGE('',*,*,#3141,.F.);
#3141 = EDGE_CURVE('',#3142,#3118,#3144,.T.);
#3142 = VERTEX_POINT('',#3143);
#3143 = CARTESIAN_POINT('',(-55.81449890136,36.360900878906,9.));
#3144 = LINE('',#3145,#3146);
#3145 = CARTESIAN_POINT('',(-55.81449890136,36.360900878906,9.));
#3146 = VECTOR('',#3147,1.);
#3147 = DIRECTION('',(0.243430331835,0.969918384991,0.));
#3148 = ORIENTED_EDGE('',*,*,#3149,.F.);
#3149 = EDGE_CURVE('',#491,#3142,#3150,.T.);
#3150 = LINE('',#3151,#3152);
#3151 = CARTESIAN_POINT('',(-55.81449890136,36.360900878906,0.));
#3152 = VECTOR('',#3153,1.);
#3153 = DIRECTION('',(0.,0.,1.));
#3154 = ORIENTED_EDGE('',*,*,#490,.F.);
#3155 = PLANE('',#3156);
#3156 = AXIS2_PLACEMENT_3D('',#3157,#3158,#3159);
#3157 = CARTESIAN_POINT('',(-55.7924003601,36.448949813843,4.5));
#3158 = DIRECTION('',(0.969918384991,-0.243430331835,0.));
#3159 = DIRECTION('',(0.243430331835,0.969918384991,0.));
#3160 = ADVANCED_FACE('',(#3161),#3179,.T.);
#3161 = FACE_BOUND('',#3162,.T.);
#3162 = EDGE_LOOP('',(#3163,#3164,#3172,#3178));
#3163 = ORIENTED_EDGE('',*,*,#3149,.T.);
#3164 = ORIENTED_EDGE('',*,*,#3165,.F.);
#3165 = EDGE_CURVE('',#3166,#3142,#3168,.T.);
#3166 = VERTEX_POINT('',#3167);
#3167 = CARTESIAN_POINT('',(-55.8410987854,36.181301116943,9.));
#3168 = LINE('',#3169,#3170);
#3169 = CARTESIAN_POINT('',(-55.8410987854,36.181301116943,9.));
#3170 = VECTOR('',#3171,1.);
#3171 = DIRECTION('',(0.146508303311,0.989209440443,0.));
#3172 = ORIENTED_EDGE('',*,*,#3173,.T.);
#3173 = EDGE_CURVE('',#3166,#499,#3174,.T.);
#3174 = LINE('',#3175,#3176);
#3175 = CARTESIAN_POINT('',(-55.8410987854,36.181301116943,9.));
#3176 = VECTOR('',#3177,1.);
#3177 = DIRECTION('',(0.,0.,-1.));
#3178 = ORIENTED_EDGE('',*,*,#498,.F.);
#3179 = PLANE('',#3180);
#3180 = AXIS2_PLACEMENT_3D('',#3181,#3182,#3183);
#3181 = CARTESIAN_POINT('',(-55.82779884338,36.271100997925,4.5));
#3182 = DIRECTION('',(0.989209440443,-0.146508303311,0.));
#3183 = DIRECTION('',(0.146508303311,0.989209440443,0.));
#3184 = ADVANCED_FACE('',(#3185),#3203,.T.);
#3185 = FACE_BOUND('',#3186,.T.);
#3186 = EDGE_LOOP('',(#3187,#3188,#3196,#3202));
#3187 = ORIENTED_EDGE('',*,*,#3173,.F.);
#3188 = ORIENTED_EDGE('',*,*,#3189,.F.);
#3189 = EDGE_CURVE('',#3190,#3166,#3192,.T.);
#3190 = VERTEX_POINT('',#3191);
#3191 = CARTESIAN_POINT('',(-55.84999847412,36.,9.));
#3192 = LINE('',#3193,#3194);
#3193 = CARTESIAN_POINT('',(-55.84999847412,36.,9.));
#3194 = VECTOR('',#3195,1.);
#3195 = DIRECTION('',(4.90288519601E-02,0.998797362669,0.));
#3196 = ORIENTED_EDGE('',*,*,#3197,.F.);
#3197 = EDGE_CURVE('',#507,#3190,#3198,.T.);
#3198 = LINE('',#3199,#3200);
#3199 = CARTESIAN_POINT('',(-55.84999847412,36.,0.));
#3200 = VECTOR('',#3201,1.);
#3201 = DIRECTION('',(0.,0.,1.));
#3202 = ORIENTED_EDGE('',*,*,#506,.F.);
#3203 = PLANE('',#3204);
#3204 = AXIS2_PLACEMENT_3D('',#3205,#3206,#3207);
#3205 = CARTESIAN_POINT('',(-55.84554862976,36.090650558472,4.5));
#3206 = DIRECTION('',(0.998797362669,-4.90288519601E-02,0.));
#3207 = DIRECTION('',(4.90288519601E-02,0.998797362669,0.));
#3208 = ADVANCED_FACE('',(#3209),#3227,.T.);
#3209 = FACE_BOUND('',#3210,.T.);
#3210 = EDGE_LOOP('',(#3211,#3212,#3220,#3226));
#3211 = ORIENTED_EDGE('',*,*,#3197,.T.);
#3212 = ORIENTED_EDGE('',*,*,#3213,.F.);
#3213 = EDGE_CURVE('',#3214,#3190,#3216,.T.);
#3214 = VERTEX_POINT('',#3215);
#3215 = CARTESIAN_POINT('',(-55.8410987854,35.818698883057,9.));
#3216 = LINE('',#3217,#3218);
#3217 = CARTESIAN_POINT('',(-55.8410987854,35.818698883057,9.));
#3218 = VECTOR('',#3219,1.);
#3219 = DIRECTION('',(-4.90288519601E-02,0.998797362669,0.));
#3220 = ORIENTED_EDGE('',*,*,#3221,.T.);
#3221 = EDGE_CURVE('',#3214,#515,#3222,.T.);
#3222 = LINE('',#3223,#3224);
#3223 = CARTESIAN_POINT('',(-55.8410987854,35.818698883057,9.));
#3224 = VECTOR('',#3225,1.);
#3225 = DIRECTION('',(0.,0.,-1.));
#3226 = ORIENTED_EDGE('',*,*,#514,.F.);
#3227 = PLANE('',#3228);
#3228 = AXIS2_PLACEMENT_3D('',#3229,#3230,#3231);
#3229 = CARTESIAN_POINT('',(-55.84554862976,35.909349441528,4.5));
#3230 = DIRECTION('',(0.998797362669,4.90288519601E-02,0.));
#3231 = DIRECTION('',(-4.90288519601E-02,0.998797362669,0.));
#3232 = ADVANCED_FACE('',(#3233),#3251,.T.);
#3233 = FACE_BOUND('',#3234,.T.);
#3234 = EDGE_LOOP('',(#3235,#3236,#3244,#3250));
#3235 = ORIENTED_EDGE('',*,*,#3221,.F.);
#3236 = ORIENTED_EDGE('',*,*,#3237,.F.);
#3237 = EDGE_CURVE('',#3238,#3214,#3240,.T.);
#3238 = VERTEX_POINT('',#3239);
#3239 = CARTESIAN_POINT('',(-55.81449890136,35.639099121094,9.));
#3240 = LINE('',#3241,#3242);
#3241 = CARTESIAN_POINT('',(-55.81449890136,35.639099121094,9.));
#3242 = VECTOR('',#3243,1.);
#3243 = DIRECTION('',(-0.146508303311,0.989209440443,0.));
#3244 = ORIENTED_EDGE('',*,*,#3245,.F.);
#3245 = EDGE_CURVE('',#523,#3238,#3246,.T.);
#3246 = LINE('',#3247,#3248);
#3247 = CARTESIAN_POINT('',(-55.81449890136,35.639099121094,0.));
#3248 = VECTOR('',#3249,1.);
#3249 = DIRECTION('',(0.,0.,1.));
#3250 = ORIENTED_EDGE('',*,*,#522,.F.);
#3251 = PLANE('',#3252);
#3252 = AXIS2_PLACEMENT_3D('',#3253,#3254,#3255);
#3253 = CARTESIAN_POINT('',(-55.82779884338,35.728899002075,4.5));
#3254 = DIRECTION('',(0.989209440443,0.146508303311,0.));
#3255 = DIRECTION('',(-0.146508303311,0.989209440443,0.));
#3256 = ADVANCED_FACE('',(#3257),#3275,.T.);
#3257 = FACE_BOUND('',#3258,.T.);
#3258 = EDGE_LOOP('',(#3259,#3260,#3268,#3274));
#3259 = ORIENTED_EDGE('',*,*,#3245,.T.);
#3260 = ORIENTED_EDGE('',*,*,#3261,.F.);
#3261 = EDGE_CURVE('',#3262,#3238,#3264,.T.);
#3262 = VERTEX_POINT('',#3263);
#3263 = CARTESIAN_POINT('',(-55.77030181884,35.463001251221,9.));
#3264 = LINE('',#3265,#3266);
#3265 = CARTESIAN_POINT('',(-55.77030181884,35.463001251221,9.));
#3266 = VECTOR('',#3267,1.);
#3267 = DIRECTION('',(-0.243430331835,0.969918384991,0.));
#3268 = ORIENTED_EDGE('',*,*,#3269,.F.);
#3269 = EDGE_CURVE('',#531,#3262,#3270,.T.);
#3270 = LINE('',#3271,#3272);
#3271 = CARTESIAN_POINT('',(-55.77030181884,35.463001251221,0.));
#3272 = VECTOR('',#3273,1.);
#3273 = DIRECTION('',(0.,0.,1.));
#3274 = ORIENTED_EDGE('',*,*,#530,.F.);
#3275 = PLANE('',#3276);
#3276 = AXIS2_PLACEMENT_3D('',#3277,#3278,#3279);
#3277 = CARTESIAN_POINT('',(-55.7924003601,35.551050186157,4.5));
#3278 = DIRECTION('',(0.969918384991,0.243430331835,0.));
#3279 = DIRECTION('',(-0.243430331835,0.969918384991,0.));
#3280 = ADVANCED_FACE('',(#3281),#3299,.T.);
#3281 = FACE_BOUND('',#3282,.T.);
#3282 = EDGE_LOOP('',(#3283,#3284,#3292,#3298));
#3283 = ORIENTED_EDGE('',*,*,#3269,.T.);
#3284 = ORIENTED_EDGE('',*,*,#3285,.F.);
#3285 = EDGE_CURVE('',#3286,#3262,#3288,.T.);
#3286 = VERTEX_POINT('',#3287);
#3287 = CARTESIAN_POINT('',(-55.70920181274,35.291999816895,9.));
#3288 = LINE('',#3289,#3290);
#3289 = CARTESIAN_POINT('',(-55.70920181274,35.291999816895,9.));
#3290 = VECTOR('',#3291,1.);
#3291 = DIRECTION('',(-0.336473463504,0.941692948024,0.));
#3292 = ORIENTED_EDGE('',*,*,#3293,.F.);
#3293 = EDGE_CURVE('',#539,#3286,#3294,.T.);
#3294 = LINE('',#3295,#3296);
#3295 = CARTESIAN_POINT('',(-55.70920181274,35.291999816895,0.));
#3296 = VECTOR('',#3297,1.);
#3297 = DIRECTION('',(0.,0.,1.));
#3298 = ORIENTED_EDGE('',*,*,#538,.F.);
#3299 = PLANE('',#3300);
#3300 = AXIS2_PLACEMENT_3D('',#3301,#3302,#3303);
#3301 = CARTESIAN_POINT('',(-55.73975181579,35.377500534058,4.5));
#3302 = DIRECTION('',(0.941692948024,0.336473463504,0.));
#3303 = DIRECTION('',(-0.336473463504,0.941692948024,0.));
#3304 = ADVANCED_FACE('',(#3305),#3323,.T.);
#3305 = FACE_BOUND('',#3306,.T.);
#3306 = EDGE_LOOP('',(#3307,#3308,#3316,#3322));
#3307 = ORIENTED_EDGE('',*,*,#3293,.T.);
#3308 = ORIENTED_EDGE('',*,*,#3309,.F.);
#3309 = EDGE_CURVE('',#3310,#3286,#3312,.T.);
#3310 = VERTEX_POINT('',#3311);
#3311 = CARTESIAN_POINT('',(-55.63159942627,35.127899169922,9.));
#3312 = LINE('',#3313,#3314);
#3313 = CARTESIAN_POINT('',(-55.63159942627,35.127899169922,9.));
#3314 = VECTOR('',#3315,1.);
#3315 = DIRECTION('',(-0.427503594945,0.904013648298,0.));
#3316 = ORIENTED_EDGE('',*,*,#3317,.T.);
#3317 = EDGE_CURVE('',#3310,#547,#3318,.T.);
#3318 = LINE('',#3319,#3320);
#3319 = CARTESIAN_POINT('',(-55.63159942627,35.127899169922,9.));
#3320 = VECTOR('',#3321,1.);
#3321 = DIRECTION('',(0.,0.,-1.));
#3322 = ORIENTED_EDGE('',*,*,#546,.F.);
#3323 = PLANE('',#3324);
#3324 = AXIS2_PLACEMENT_3D('',#3325,#3326,#3327);
#3325 = CARTESIAN_POINT('',(-55.6704006195,35.209949493408,4.5));
#3326 = DIRECTION('',(0.904013648298,0.427503594945,0.));
#3327 = DIRECTION('',(-0.427503594945,0.904013648298,0.));
#3328 = ADVANCED_FACE('',(#3329),#3347,.T.);
#3329 = FACE_BOUND('',#3330,.T.);
#3330 = EDGE_LOOP('',(#3331,#3332,#3340,#3346));
#3331 = ORIENTED_EDGE('',*,*,#3317,.F.);
#3332 = ORIENTED_EDGE('',*,*,#3333,.F.);
#3333 = EDGE_CURVE('',#3334,#3310,#3336,.T.);
#3334 = VERTEX_POINT('',#3335);
#3335 = CARTESIAN_POINT('',(-55.53820037841,34.972198486328,9.));
#3336 = LINE('',#3337,#3338);
#3337 = CARTESIAN_POINT('',(-55.53820037841,34.972198486328,9.));
#3338 = VECTOR('',#3339,1.);
#3339 = DIRECTION('',(-0.514409240977,0.857544828448,0.));
#3340 = ORIENTED_EDGE('',*,*,#3341,.T.);
#3341 = EDGE_CURVE('',#3334,#555,#3342,.T.);
#3342 = LINE('',#3343,#3344);
#3343 = CARTESIAN_POINT('',(-55.53820037841,34.972198486328,9.));
#3344 = VECTOR('',#3345,1.);
#3345 = DIRECTION('',(0.,0.,-1.));
#3346 = ORIENTED_EDGE('',*,*,#554,.F.);
#3347 = PLANE('',#3348);
#3348 = AXIS2_PLACEMENT_3D('',#3349,#3350,#3351);
#3349 = CARTESIAN_POINT('',(-55.58489990234,35.050048828125,4.5));
#3350 = DIRECTION('',(0.857544828448,0.514409240977,0.));
#3351 = DIRECTION('',(-0.514409240977,0.857544828448,0.));
#3352 = ADVANCED_FACE('',(#3353),#3371,.T.);
#3353 = FACE_BOUND('',#3354,.T.);
#3354 = EDGE_LOOP('',(#3355,#3356,#3364,#3370));
#3355 = ORIENTED_EDGE('',*,*,#3341,.F.);
#3356 = ORIENTED_EDGE('',*,*,#3357,.F.);
#3357 = EDGE_CURVE('',#3358,#3334,#3360,.T.);
#3358 = VERTEX_POINT('',#3359);
#3359 = CARTESIAN_POINT('',(-55.4300994873,34.826400756836,9.));
#3360 = LINE('',#3361,#3362);
#3361 = CARTESIAN_POINT('',(-55.4300994873,34.826400756836,9.));
#3362 = VECTOR('',#3363,1.);
#3363 = DIRECTION('',(-0.595592399779,0.803286806393,0.));
#3364 = ORIENTED_EDGE('',*,*,#3365,.F.);
#3365 = EDGE_CURVE('',#563,#3358,#3366,.T.);
#3366 = LINE('',#3367,#3368);
#3367 = CARTESIAN_POINT('',(-55.4300994873,34.826400756836,0.));
#3368 = VECTOR('',#3369,1.);
#3369 = DIRECTION('',(0.,0.,1.));
#3370 = ORIENTED_EDGE('',*,*,#562,.F.);
#3371 = PLANE('',#3372);
#3372 = AXIS2_PLACEMENT_3D('',#3373,#3374,#3375);
#3373 = CARTESIAN_POINT('',(-55.48414993286,34.899299621582,4.5));
#3374 = DIRECTION('',(0.803286806393,0.595592399779,0.));
#3375 = DIRECTION('',(-0.595592399779,0.803286806393,0.));
#3376 = ADVANCED_FACE('',(#3377),#3395,.T.);
#3377 = FACE_BOUND('',#3378,.T.);
#3378 = EDGE_LOOP('',(#3379,#3380,#3388,#3394));
#3379 = ORIENTED_EDGE('',*,*,#3365,.T.);
#3380 = ORIENTED_EDGE('',*,*,#3381,.F.);
#3381 = EDGE_CURVE('',#3382,#3358,#3384,.T.);
#3382 = VERTEX_POINT('',#3383);
#3383 = CARTESIAN_POINT('',(-55.30810165405,34.691898345947,9.));
#3384 = LINE('',#3385,#3386);
#3385 = CARTESIAN_POINT('',(-55.30810165405,34.691898345947,9.));
#3386 = VECTOR('',#3387,1.);
#3387 = DIRECTION('',(-0.671836918015,0.740699099224,0.));
#3388 = ORIENTED_EDGE('',*,*,#3389,.F.);
#3389 = EDGE_CURVE('',#571,#3382,#3390,.T.);
#3390 = LINE('',#3391,#3392);
#3391 = CARTESIAN_POINT('',(-55.30810165405,34.691898345947,0.));
#3392 = VECTOR('',#3393,1.);
#3393 = DIRECTION('',(0.,0.,1.));
#3394 = ORIENTED_EDGE('',*,*,#570,.F.);
#3395 = PLANE('',#3396);
#3396 = AXIS2_PLACEMENT_3D('',#3397,#3398,#3399);
#3397 = CARTESIAN_POINT('',(-55.36910057067,34.759149551392,4.5));
#3398 = DIRECTION('',(0.740699099224,0.671836918015,0.));
#3399 = DIRECTION('',(-0.671836918015,0.740699099224,0.));
#3400 = ADVANCED_FACE('',(#3401),#3419,.T.);
#3401 = FACE_BOUND('',#3402,.T.);
#3402 = EDGE_LOOP('',(#3403,#3411,#3417,#3418));
#3403 = ORIENTED_EDGE('',*,*,#3404,.F.);
#3404 = EDGE_CURVE('',#3405,#3382,#3407,.T.);
#3405 = VERTEX_POINT('',#3406);
#3406 = CARTESIAN_POINT('',(-55.17359924316,34.569900512695,9.));
#3407 = LINE('',#3408,#3409);
#3408 = CARTESIAN_POINT('',(-55.17359924316,34.569900512695,9.));
#3409 = VECTOR('',#3410,1.);
#3410 = DIRECTION('',(-0.740699099224,0.671836918015,0.));
#3411 = ORIENTED_EDGE('',*,*,#3412,.F.);
#3412 = EDGE_CURVE('',#579,#3405,#3413,.T.);
#3413 = LINE('',#3414,#3415);
#3414 = CARTESIAN_POINT('',(-55.17359924316,34.569900512695,0.));
#3415 = VECTOR('',#3416,1.);
#3416 = DIRECTION('',(0.,0.,1.));
#3417 = ORIENTED_EDGE('',*,*,#578,.F.);
#3418 = ORIENTED_EDGE('',*,*,#3389,.T.);
#3419 = PLANE('',#3420);
#3420 = AXIS2_PLACEMENT_3D('',#3421,#3422,#3423);
#3421 = CARTESIAN_POINT('',(-55.2408504486,34.630899429321,4.5));
#3422 = DIRECTION('',(0.671836918015,0.740699099224,0.));
#3423 = DIRECTION('',(0.740699099224,-0.671836918015,0.));
#3424 = ADVANCED_FACE('',(#3425),#3443,.T.);
#3425 = FACE_BOUND('',#3426,.T.);
#3426 = EDGE_LOOP('',(#3427,#3435,#3441,#3442));
#3427 = ORIENTED_EDGE('',*,*,#3428,.F.);
#3428 = EDGE_CURVE('',#3429,#3405,#3431,.T.);
#3429 = VERTEX_POINT('',#3430);
#3430 = CARTESIAN_POINT('',(-55.02780151367,34.461799621582,9.));
#3431 = LINE('',#3432,#3433);
#3432 = CARTESIAN_POINT('',(-55.02780151367,34.461799621582,9.));
#3433 = VECTOR('',#3434,1.);
#3434 = DIRECTION('',(-0.803286806393,0.595592399779,0.));
#3435 = ORIENTED_EDGE('',*,*,#3436,.T.);
#3436 = EDGE_CURVE('',#3429,#587,#3437,.T.);
#3437 = LINE('',#3438,#3439);
#3438 = CARTESIAN_POINT('',(-55.02780151367,34.461799621582,9.));
#3439 = VECTOR('',#3440,1.);
#3440 = DIRECTION('',(0.,0.,-1.));
#3441 = ORIENTED_EDGE('',*,*,#586,.F.);
#3442 = ORIENTED_EDGE('',*,*,#3412,.T.);
#3443 = PLANE('',#3444);
#3444 = AXIS2_PLACEMENT_3D('',#3445,#3446,#3447);
#3445 = CARTESIAN_POINT('',(-55.10070037841,34.515850067139,4.5));
#3446 = DIRECTION('',(0.595592399779,0.803286806393,0.));
#3447 = DIRECTION('',(0.803286806393,-0.595592399779,0.));
#3448 = ADVANCED_FACE('',(#3449),#3467,.T.);
#3449 = FACE_BOUND('',#3450,.T.);
#3450 = EDGE_LOOP('',(#3451,#3459,#3465,#3466));
#3451 = ORIENTED_EDGE('',*,*,#3452,.F.);
#3452 = EDGE_CURVE('',#3453,#3429,#3455,.T.);
#3453 = VERTEX_POINT('',#3454);
#3454 = CARTESIAN_POINT('',(-54.87210083007,34.36840057373,9.));
#3455 = LINE('',#3456,#3457);
#3456 = CARTESIAN_POINT('',(-54.87210083007,34.36840057373,9.));
#3457 = VECTOR('',#3458,1.);
#3458 = DIRECTION('',(-0.857544828448,0.514409240977,0.));
#3459 = ORIENTED_EDGE('',*,*,#3460,.T.);
#3460 = EDGE_CURVE('',#3453,#595,#3461,.T.);
#3461 = LINE('',#3462,#3463);
#3462 = CARTESIAN_POINT('',(-54.87210083007,34.36840057373,9.));
#3463 = VECTOR('',#3464,1.);
#3464 = DIRECTION('',(0.,0.,-1.));
#3465 = ORIENTED_EDGE('',*,*,#594,.F.);
#3466 = ORIENTED_EDGE('',*,*,#3436,.F.);
#3467 = PLANE('',#3468);
#3468 = AXIS2_PLACEMENT_3D('',#3469,#3470,#3471);
#3469 = CARTESIAN_POINT('',(-54.94995117187,34.415100097656,4.5));
#3470 = DIRECTION('',(0.514409240977,0.857544828448,0.));
#3471 = DIRECTION('',(0.857544828448,-0.514409240977,0.));
#3472 = ADVANCED_FACE('',(#3473),#3491,.T.);
#3473 = FACE_BOUND('',#3474,.T.);
#3474 = EDGE_LOOP('',(#3475,#3483,#3489,#3490));
#3475 = ORIENTED_EDGE('',*,*,#3476,.F.);
#3476 = EDGE_CURVE('',#3477,#3453,#3479,.T.);
#3477 = VERTEX_POINT('',#3478);
#3478 = CARTESIAN_POINT('',(-54.7080001831,34.290798187256,9.));
#3479 = LINE('',#3480,#3481);
#3480 = CARTESIAN_POINT('',(-54.7080001831,34.290798187256,9.));
#3481 = VECTOR('',#3482,1.);
#3482 = DIRECTION('',(-0.904013648298,0.427503594945,0.));
#3483 = ORIENTED_EDGE('',*,*,#3484,.F.);
#3484 = EDGE_CURVE('',#603,#3477,#3485,.T.);
#3485 = LINE('',#3486,#3487);
#3486 = CARTESIAN_POINT('',(-54.7080001831,34.290798187256,0.));
#3487 = VECTOR('',#3488,1.);
#3488 = DIRECTION('',(0.,0.,1.));
#3489 = ORIENTED_EDGE('',*,*,#602,.F.);
#3490 = ORIENTED_EDGE('',*,*,#3460,.F.);
#3491 = PLANE('',#3492);
#3492 = AXIS2_PLACEMENT_3D('',#3493,#3494,#3495);
#3493 = CARTESIAN_POINT('',(-54.79005050659,34.329599380493,4.5));
#3494 = DIRECTION('',(0.427503594945,0.904013648298,0.));
#3495 = DIRECTION('',(0.904013648298,-0.427503594945,0.));
#3496 = ADVANCED_FACE('',(#3497),#3515,.T.);
#3497 = FACE_BOUND('',#3498,.T.);
#3498 = EDGE_LOOP('',(#3499,#3507,#3513,#3514));
#3499 = ORIENTED_EDGE('',*,*,#3500,.F.);
#3500 = EDGE_CURVE('',#3501,#3477,#3503,.T.);
#3501 = VERTEX_POINT('',#3502);
#3502 = CARTESIAN_POINT('',(-54.53699874877,34.229698181152,9.));
#3503 = LINE('',#3504,#3505);
#3504 = CARTESIAN_POINT('',(-54.53699874877,34.229698181152,9.));
#3505 = VECTOR('',#3506,1.);
#3506 = DIRECTION('',(-0.941692948024,0.336473463504,0.));
#3507 = ORIENTED_EDGE('',*,*,#3508,.F.);
#3508 = EDGE_CURVE('',#611,#3501,#3509,.T.);
#3509 = LINE('',#3510,#3511);
#3510 = CARTESIAN_POINT('',(-54.53699874877,34.229698181152,0.));
#3511 = VECTOR('',#3512,1.);
#3512 = DIRECTION('',(0.,0.,1.));
#3513 = ORIENTED_EDGE('',*,*,#610,.F.);
#3514 = ORIENTED_EDGE('',*,*,#3484,.T.);
#3515 = PLANE('',#3516);
#3516 = AXIS2_PLACEMENT_3D('',#3517,#3518,#3519);
#3517 = CARTESIAN_POINT('',(-54.62249946594,34.260248184204,4.5));
#3518 = DIRECTION('',(0.336473463504,0.941692948024,0.));
#3519 = DIRECTION('',(0.941692948024,-0.336473463504,0.));
#3520 = ADVANCED_FACE('',(#3521),#3539,.T.);
#3521 = FACE_BOUND('',#3522,.T.);
#3522 = EDGE_LOOP('',(#3523,#3531,#3537,#3538));
#3523 = ORIENTED_EDGE('',*,*,#3524,.F.);
#3524 = EDGE_CURVE('',#3525,#3501,#3527,.T.);
#3525 = VERTEX_POINT('',#3526);
#3526 = CARTESIAN_POINT('',(-54.3609008789,34.185501098633,9.));
#3527 = LINE('',#3528,#3529);
#3528 = CARTESIAN_POINT('',(-54.3609008789,34.185501098633,9.));
#3529 = VECTOR('',#3530,1.);
#3530 = DIRECTION('',(-0.969918384991,0.243430331835,0.));
#3531 = ORIENTED_EDGE('',*,*,#3532,.T.);
#3532 = EDGE_CURVE('',#3525,#619,#3533,.T.);
#3533 = LINE('',#3534,#3535);
#3534 = CARTESIAN_POINT('',(-54.3609008789,34.185501098633,9.));
#3535 = VECTOR('',#3536,1.);
#3536 = DIRECTION('',(0.,0.,-1.));
#3537 = ORIENTED_EDGE('',*,*,#618,.F.);
#3538 = ORIENTED_EDGE('',*,*,#3508,.T.);
#3539 = PLANE('',#3540);
#3540 = AXIS2_PLACEMENT_3D('',#3541,#3542,#3543);
#3541 = CARTESIAN_POINT('',(-54.44894981384,34.207599639893,4.5));
#3542 = DIRECTION('',(0.243430331835,0.969918384991,0.));
#3543 = DIRECTION('',(0.969918384991,-0.243430331835,0.));
#3544 = ADVANCED_FACE('',(#3545),#3563,.T.);
#3545 = FACE_BOUND('',#3546,.T.);
#3546 = EDGE_LOOP('',(#3547,#3555,#3561,#3562));
#3547 = ORIENTED_EDGE('',*,*,#3548,.F.);
#3548 = EDGE_CURVE('',#3549,#3525,#3551,.T.);
#3549 = VERTEX_POINT('',#3550);
#3550 = CARTESIAN_POINT('',(-54.18130111694,34.1589012146,9.));
#3551 = LINE('',#3552,#3553);
#3552 = CARTESIAN_POINT('',(-54.18130111694,34.1589012146,9.));
#3553 = VECTOR('',#3554,1.);
#3554 = DIRECTION('',(-0.989209440443,0.146508303311,0.));
#3555 = ORIENTED_EDGE('',*,*,#3556,.T.);
#3556 = EDGE_CURVE('',#3549,#627,#3557,.T.);
#3557 = LINE('',#3558,#3559);
#3558 = CARTESIAN_POINT('',(-54.18130111694,34.1589012146,9.));
#3559 = VECTOR('',#3560,1.);
#3560 = DIRECTION('',(0.,0.,-1.));
#3561 = ORIENTED_EDGE('',*,*,#626,.F.);
#3562 = ORIENTED_EDGE('',*,*,#3532,.F.);
#3563 = PLANE('',#3564);
#3564 = AXIS2_PLACEMENT_3D('',#3565,#3566,#3567);
#3565 = CARTESIAN_POINT('',(-54.27110099792,34.172201156616,4.5));
#3566 = DIRECTION('',(0.146508303311,0.989209440443,0.));
#3567 = DIRECTION('',(0.989209440443,-0.146508303311,0.));
#3568 = ADVANCED_FACE('',(#3569),#3587,.T.);
#3569 = FACE_BOUND('',#3570,.T.);
#3570 = EDGE_LOOP('',(#3571,#3579,#3585,#3586));
#3571 = ORIENTED_EDGE('',*,*,#3572,.F.);
#3572 = EDGE_CURVE('',#3573,#3549,#3575,.T.);
#3573 = VERTEX_POINT('',#3574);
#3574 = CARTESIAN_POINT('',(-54.,34.150001525879,9.));
#3575 = LINE('',#3576,#3577);
#3576 = CARTESIAN_POINT('',(-54.,34.150001525879,9.));
#3577 = VECTOR('',#3578,1.);
#3578 = DIRECTION('',(-0.998797362669,4.90288519601E-02,0.));
#3579 = ORIENTED_EDGE('',*,*,#3580,.T.);
#3580 = EDGE_CURVE('',#3573,#635,#3581,.T.);
#3581 = LINE('',#3582,#3583);
#3582 = CARTESIAN_POINT('',(-54.,34.150001525879,9.));
#3583 = VECTOR('',#3584,1.);
#3584 = DIRECTION('',(0.,0.,-1.));
#3585 = ORIENTED_EDGE('',*,*,#634,.F.);
#3586 = ORIENTED_EDGE('',*,*,#3556,.F.);
#3587 = PLANE('',#3588);
#3588 = AXIS2_PLACEMENT_3D('',#3589,#3590,#3591);
#3589 = CARTESIAN_POINT('',(-54.09065055847,34.154451370239,4.5));
#3590 = DIRECTION('',(4.90288519601E-02,0.998797362669,0.));
#3591 = DIRECTION('',(0.998797362669,-4.90288519601E-02,0.));
#3592 = ADVANCED_FACE('',(#3593),#3611,.T.);
#3593 = FACE_BOUND('',#3594,.T.);
#3594 = EDGE_LOOP('',(#3595,#3603,#3609,#3610));
#3595 = ORIENTED_EDGE('',*,*,#3596,.F.);
#3596 = EDGE_CURVE('',#3597,#3573,#3599,.T.);
#3597 = VERTEX_POINT('',#3598);
#3598 = CARTESIAN_POINT('',(-53.81869888305,34.1589012146,9.));
#3599 = LINE('',#3600,#3601);
#3600 = CARTESIAN_POINT('',(-53.81869888305,34.1589012146,9.));
#3601 = VECTOR('',#3602,1.);
#3602 = DIRECTION('',(-0.998797362669,-4.90288519601E-02,0.));
#3603 = ORIENTED_EDGE('',*,*,#3604,.F.);
#3604 = EDGE_CURVE('',#643,#3597,#3605,.T.);
#3605 = LINE('',#3606,#3607);
#3606 = CARTESIAN_POINT('',(-53.81869888305,34.1589012146,0.));
#3607 = VECTOR('',#3608,1.);
#3608 = DIRECTION('',(0.,0.,1.));
#3609 = ORIENTED_EDGE('',*,*,#642,.F.);
#3610 = ORIENTED_EDGE('',*,*,#3580,.F.);
#3611 = PLANE('',#3612);
#3612 = AXIS2_PLACEMENT_3D('',#3613,#3614,#3615);
#3613 = CARTESIAN_POINT('',(-53.90934944152,34.154451370239,4.5));
#3614 = DIRECTION('',(-4.90288519601E-02,0.998797362669,0.));
#3615 = DIRECTION('',(0.998797362669,4.90288519601E-02,0.));
#3616 = ADVANCED_FACE('',(#3617),#3635,.T.);
#3617 = FACE_BOUND('',#3618,.T.);
#3618 = EDGE_LOOP('',(#3619,#3627,#3633,#3634));
#3619 = ORIENTED_EDGE('',*,*,#3620,.F.);
#3620 = EDGE_CURVE('',#3621,#3597,#3623,.T.);
#3621 = VERTEX_POINT('',#3622);
#3622 = CARTESIAN_POINT('',(-53.63909912109,34.185501098633,9.));
#3623 = LINE('',#3624,#3625);
#3624 = CARTESIAN_POINT('',(-53.63909912109,34.185501098633,9.));
#3625 = VECTOR('',#3626,1.);
#3626 = DIRECTION('',(-0.989209440443,-0.146508303311,0.));
#3627 = ORIENTED_EDGE('',*,*,#3628,.F.);
#3628 = EDGE_CURVE('',#651,#3621,#3629,.T.);
#3629 = LINE('',#3630,#3631);
#3630 = CARTESIAN_POINT('',(-53.63909912109,34.185501098633,0.));
#3631 = VECTOR('',#3632,1.);
#3632 = DIRECTION('',(0.,0.,1.));
#3633 = ORIENTED_EDGE('',*,*,#650,.F.);
#3634 = ORIENTED_EDGE('',*,*,#3604,.T.);
#3635 = PLANE('',#3636);
#3636 = AXIS2_PLACEMENT_3D('',#3637,#3638,#3639);
#3637 = CARTESIAN_POINT('',(-53.72889900207,34.172201156616,4.5));
#3638 = DIRECTION('',(-0.146508303311,0.989209440443,0.));
#3639 = DIRECTION('',(0.989209440443,0.146508303311,0.));
#3640 = ADVANCED_FACE('',(#3641),#3659,.T.);
#3641 = FACE_BOUND('',#3642,.T.);
#3642 = EDGE_LOOP('',(#3643,#3651,#3657,#3658));
#3643 = ORIENTED_EDGE('',*,*,#3644,.F.);
#3644 = EDGE_CURVE('',#3645,#3621,#3647,.T.);
#3645 = VERTEX_POINT('',#3646);
#3646 = CARTESIAN_POINT('',(-53.46300125122,34.229698181152,9.));
#3647 = LINE('',#3648,#3649);
#3648 = CARTESIAN_POINT('',(-53.46300125122,34.229698181152,9.));
#3649 = VECTOR('',#3650,1.);
#3650 = DIRECTION('',(-0.969918384991,-0.243430331835,0.));
#3651 = ORIENTED_EDGE('',*,*,#3652,.F.);
#3652 = EDGE_CURVE('',#659,#3645,#3653,.T.);
#3653 = LINE('',#3654,#3655);
#3654 = CARTESIAN_POINT('',(-53.46300125122,34.229698181152,0.));
#3655 = VECTOR('',#3656,1.);
#3656 = DIRECTION('',(0.,0.,1.));
#3657 = ORIENTED_EDGE('',*,*,#658,.F.);
#3658 = ORIENTED_EDGE('',*,*,#3628,.T.);
#3659 = PLANE('',#3660);
#3660 = AXIS2_PLACEMENT_3D('',#3661,#3662,#3663);
#3661 = CARTESIAN_POINT('',(-53.55105018615,34.207599639893,4.5));
#3662 = DIRECTION('',(-0.243430331835,0.969918384991,0.));
#3663 = DIRECTION('',(0.969918384991,0.243430331835,0.));
#3664 = ADVANCED_FACE('',(#3665),#3683,.T.);
#3665 = FACE_BOUND('',#3666,.T.);
#3666 = EDGE_LOOP('',(#3667,#3675,#3681,#3682));
#3667 = ORIENTED_EDGE('',*,*,#3668,.F.);
#3668 = EDGE_CURVE('',#3669,#3645,#3671,.T.);
#3669 = VERTEX_POINT('',#3670);
#3670 = CARTESIAN_POINT('',(-53.29199981689,34.290798187256,9.));
#3671 = LINE('',#3672,#3673);
#3672 = CARTESIAN_POINT('',(-53.29199981689,34.290798187256,9.));
#3673 = VECTOR('',#3674,1.);
#3674 = DIRECTION('',(-0.941692948024,-0.336473463504,0.));
#3675 = ORIENTED_EDGE('',*,*,#3676,.T.);
#3676 = EDGE_CURVE('',#3669,#667,#3677,.T.);
#3677 = LINE('',#3678,#3679);
#3678 = CARTESIAN_POINT('',(-53.29199981689,34.290798187256,9.));
#3679 = VECTOR('',#3680,1.);
#3680 = DIRECTION('',(0.,0.,-1.));
#3681 = ORIENTED_EDGE('',*,*,#666,.F.);
#3682 = ORIENTED_EDGE('',*,*,#3652,.T.);
#3683 = PLANE('',#3684);
#3684 = AXIS2_PLACEMENT_3D('',#3685,#3686,#3687);
#3685 = CARTESIAN_POINT('',(-53.37750053405,34.260248184204,4.5));
#3686 = DIRECTION('',(-0.336473463504,0.941692948024,0.));
#3687 = DIRECTION('',(0.941692948024,0.336473463504,0.));
#3688 = ADVANCED_FACE('',(#3689),#3707,.T.);
#3689 = FACE_BOUND('',#3690,.T.);
#3690 = EDGE_LOOP('',(#3691,#3699,#3705,#3706));
#3691 = ORIENTED_EDGE('',*,*,#3692,.F.);
#3692 = EDGE_CURVE('',#3693,#3669,#3695,.T.);
#3693 = VERTEX_POINT('',#3694);
#3694 = CARTESIAN_POINT('',(-53.12789916992,34.36840057373,9.));
#3695 = LINE('',#3696,#3697);
#3696 = CARTESIAN_POINT('',(-53.12789916992,34.36840057373,9.));
#3697 = VECTOR('',#3698,1.);
#3698 = DIRECTION('',(-0.904013648298,-0.427503594945,0.));
#3699 = ORIENTED_EDGE('',*,*,#3700,.F.);
#3700 = EDGE_CURVE('',#675,#3693,#3701,.T.);
#3701 = LINE('',#3702,#3703);
#3702 = CARTESIAN_POINT('',(-53.12789916992,34.36840057373,0.));
#3703 = VECTOR('',#3704,1.);
#3704 = DIRECTION('',(0.,0.,1.));
#3705 = ORIENTED_EDGE('',*,*,#674,.F.);
#3706 = ORIENTED_EDGE('',*,*,#3676,.F.);
#3707 = PLANE('',#3708);
#3708 = AXIS2_PLACEMENT_3D('',#3709,#3710,#3711);
#3709 = CARTESIAN_POINT('',(-53.2099494934,34.329599380493,4.5));
#3710 = DIRECTION('',(-0.427503594945,0.904013648298,0.));
#3711 = DIRECTION('',(0.904013648298,0.427503594945,0.));
#3712 = ADVANCED_FACE('',(#3713),#3731,.T.);
#3713 = FACE_BOUND('',#3714,.T.);
#3714 = EDGE_LOOP('',(#3715,#3723,#3729,#3730));
#3715 = ORIENTED_EDGE('',*,*,#3716,.F.);
#3716 = EDGE_CURVE('',#3717,#3693,#3719,.T.);
#3717 = VERTEX_POINT('',#3718);
#3718 = CARTESIAN_POINT('',(-52.97219848632,34.461799621582,9.));
#3719 = LINE('',#3720,#3721);
#3720 = CARTESIAN_POINT('',(-52.97219848632,34.461799621582,9.));
#3721 = VECTOR('',#3722,1.);
#3722 = DIRECTION('',(-0.857544828448,-0.514409240977,0.));
#3723 = ORIENTED_EDGE('',*,*,#3724,.T.);
#3724 = EDGE_CURVE('',#3717,#683,#3725,.T.);
#3725 = LINE('',#3726,#3727);
#3726 = CARTESIAN_POINT('',(-52.97219848632,34.461799621582,9.));
#3727 = VECTOR('',#3728,1.);
#3728 = DIRECTION('',(0.,0.,-1.));
#3729 = ORIENTED_EDGE('',*,*,#682,.F.);
#3730 = ORIENTED_EDGE('',*,*,#3700,.T.);
#3731 = PLANE('',#3732);
#3732 = AXIS2_PLACEMENT_3D('',#3733,#3734,#3735);
#3733 = CARTESIAN_POINT('',(-53.05004882812,34.415100097656,4.5));
#3734 = DIRECTION('',(-0.514409240977,0.857544828448,0.));
#3735 = DIRECTION('',(0.857544828448,0.514409240977,0.));
#3736 = ADVANCED_FACE('',(#3737),#3755,.T.);
#3737 = FACE_BOUND('',#3738,.T.);
#3738 = EDGE_LOOP('',(#3739,#3747,#3753,#3754));
#3739 = ORIENTED_EDGE('',*,*,#3740,.F.);
#3740 = EDGE_CURVE('',#3741,#3717,#3743,.T.);
#3741 = VERTEX_POINT('',#3742);
#3742 = CARTESIAN_POINT('',(-52.82640075683,34.569900512695,9.));
#3743 = LINE('',#3744,#3745);
#3744 = CARTESIAN_POINT('',(-52.82640075683,34.569900512695,9.));
#3745 = VECTOR('',#3746,1.);
#3746 = DIRECTION('',(-0.803286806393,-0.595592399779,0.));
#3747 = ORIENTED_EDGE('',*,*,#3748,.F.);
#3748 = EDGE_CURVE('',#691,#3741,#3749,.T.);
#3749 = LINE('',#3750,#3751);
#3750 = CARTESIAN_POINT('',(-52.82640075683,34.569900512695,0.));
#3751 = VECTOR('',#3752,1.);
#3752 = DIRECTION('',(0.,0.,1.));
#3753 = ORIENTED_EDGE('',*,*,#690,.F.);
#3754 = ORIENTED_EDGE('',*,*,#3724,.F.);
#3755 = PLANE('',#3756);
#3756 = AXIS2_PLACEMENT_3D('',#3757,#3758,#3759);
#3757 = CARTESIAN_POINT('',(-52.89929962158,34.515850067139,4.5));
#3758 = DIRECTION('',(-0.595592399779,0.803286806393,0.));
#3759 = DIRECTION('',(0.803286806393,0.595592399779,0.));
#3760 = ADVANCED_FACE('',(#3761),#3779,.T.);
#3761 = FACE_BOUND('',#3762,.T.);
#3762 = EDGE_LOOP('',(#3763,#3771,#3777,#3778));
#3763 = ORIENTED_EDGE('',*,*,#3764,.F.);
#3764 = EDGE_CURVE('',#3765,#3741,#3767,.T.);
#3765 = VERTEX_POINT('',#3766);
#3766 = CARTESIAN_POINT('',(-52.69189834594,34.691898345947,9.));
#3767 = LINE('',#3768,#3769);
#3768 = CARTESIAN_POINT('',(-52.69189834594,34.691898345947,9.));
#3769 = VECTOR('',#3770,1.);
#3770 = DIRECTION('',(-0.740699099224,-0.671836918015,0.));
#3771 = ORIENTED_EDGE('',*,*,#3772,.T.);
#3772 = EDGE_CURVE('',#3765,#699,#3773,.T.);
#3773 = LINE('',#3774,#3775);
#3774 = CARTESIAN_POINT('',(-52.69189834594,34.691898345947,9.));
#3775 = VECTOR('',#3776,1.);
#3776 = DIRECTION('',(0.,0.,-1.));
#3777 = ORIENTED_EDGE('',*,*,#698,.F.);
#3778 = ORIENTED_EDGE('',*,*,#3748,.T.);
#3779 = PLANE('',#3780);
#3780 = AXIS2_PLACEMENT_3D('',#3781,#3782,#3783);
#3781 = CARTESIAN_POINT('',(-52.75914955139,34.630899429321,4.5));
#3782 = DIRECTION('',(-0.671836918015,0.740699099224,0.));
#3783 = DIRECTION('',(0.740699099224,0.671836918015,0.));
#3784 = ADVANCED_FACE('',(#3785),#3803,.T.);
#3785 = FACE_BOUND('',#3786,.T.);
#3786 = EDGE_LOOP('',(#3787,#3795,#3796,#3797));
#3787 = ORIENTED_EDGE('',*,*,#3788,.F.);
#3788 = EDGE_CURVE('',#707,#3789,#3791,.T.);
#3789 = VERTEX_POINT('',#3790);
#3790 = CARTESIAN_POINT('',(-52.56990051269,34.826400756836,9.));
#3791 = LINE('',#3792,#3793);
#3792 = CARTESIAN_POINT('',(-52.56990051269,34.826400756836,0.));
#3793 = VECTOR('',#3794,1.);
#3794 = DIRECTION('',(0.,0.,1.));
#3795 = ORIENTED_EDGE('',*,*,#706,.F.);
#3796 = ORIENTED_EDGE('',*,*,#3772,.F.);
#3797 = ORIENTED_EDGE('',*,*,#3798,.F.);
#3798 = EDGE_CURVE('',#3789,#3765,#3799,.T.);
#3799 = LINE('',#3800,#3801);
#3800 = CARTESIAN_POINT('',(-52.56990051269,34.826400756836,9.));
#3801 = VECTOR('',#3802,1.);
#3802 = DIRECTION('',(-0.671836918015,-0.740699099224,0.));
#3803 = PLANE('',#3804);
#3804 = AXIS2_PLACEMENT_3D('',#3805,#3806,#3807);
#3805 = CARTESIAN_POINT('',(-52.63089942932,34.759149551392,4.5));
#3806 = DIRECTION('',(-0.740699099224,0.671836918015,0.));
#3807 = DIRECTION('',(-0.671836918015,-0.740699099224,0.));
#3808 = ADVANCED_FACE('',(#3809),#3827,.T.);
#3809 = FACE_BOUND('',#3810,.T.);
#3810 = EDGE_LOOP('',(#3811,#3819,#3820,#3821));
#3811 = ORIENTED_EDGE('',*,*,#3812,.T.);
#3812 = EDGE_CURVE('',#3813,#715,#3815,.T.);
#3813 = VERTEX_POINT('',#3814);
#3814 = CARTESIAN_POINT('',(-52.46179962158,34.972198486328,9.));
#3815 = LINE('',#3816,#3817);
#3816 = CARTESIAN_POINT('',(-52.46179962158,34.972198486328,9.));
#3817 = VECTOR('',#3818,1.);
#3818 = DIRECTION('',(0.,0.,-1.));
#3819 = ORIENTED_EDGE('',*,*,#714,.F.);
#3820 = ORIENTED_EDGE('',*,*,#3788,.T.);
#3821 = ORIENTED_EDGE('',*,*,#3822,.F.);
#3822 = EDGE_CURVE('',#3813,#3789,#3823,.T.);
#3823 = LINE('',#3824,#3825);
#3824 = CARTESIAN_POINT('',(-52.46179962158,34.972198486328,9.));
#3825 = VECTOR('',#3826,1.);
#3826 = DIRECTION('',(-0.595592399779,-0.803286806393,0.));
#3827 = PLANE('',#3828);
#3828 = AXIS2_PLACEMENT_3D('',#3829,#3830,#3831);
#3829 = CARTESIAN_POINT('',(-52.51585006713,34.899299621582,4.5));
#3830 = DIRECTION('',(-0.803286806393,0.595592399779,0.));
#3831 = DIRECTION('',(-0.595592399779,-0.803286806393,0.));
#3832 = ADVANCED_FACE('',(#3833),#3851,.T.);
#3833 = FACE_BOUND('',#3834,.T.);
#3834 = EDGE_LOOP('',(#3835,#3843,#3844,#3845));
#3835 = ORIENTED_EDGE('',*,*,#3836,.F.);
#3836 = EDGE_CURVE('',#723,#3837,#3839,.T.);
#3837 = VERTEX_POINT('',#3838);
#3838 = CARTESIAN_POINT('',(-52.36840057373,35.127899169922,9.));
#3839 = LINE('',#3840,#3841);
#3840 = CARTESIAN_POINT('',(-52.36840057373,35.127899169922,0.));
#3841 = VECTOR('',#3842,1.);
#3842 = DIRECTION('',(0.,0.,1.));
#3843 = ORIENTED_EDGE('',*,*,#722,.F.);
#3844 = ORIENTED_EDGE('',*,*,#3812,.F.);
#3845 = ORIENTED_EDGE('',*,*,#3846,.F.);
#3846 = EDGE_CURVE('',#3837,#3813,#3847,.T.);
#3847 = LINE('',#3848,#3849);
#3848 = CARTESIAN_POINT('',(-52.36840057373,35.127899169922,9.));
#3849 = VECTOR('',#3850,1.);
#3850 = DIRECTION('',(-0.514409240977,-0.857544828448,0.));
#3851 = PLANE('',#3852);
#3852 = AXIS2_PLACEMENT_3D('',#3853,#3854,#3855);
#3853 = CARTESIAN_POINT('',(-52.41510009765,35.050048828125,4.5));
#3854 = DIRECTION('',(-0.857544828448,0.514409240977,0.));
#3855 = DIRECTION('',(-0.514409240977,-0.857544828448,0.));
#3856 = ADVANCED_FACE('',(#3857),#3875,.T.);
#3857 = FACE_BOUND('',#3858,.T.);
#3858 = EDGE_LOOP('',(#3859,#3867,#3868,#3869));
#3859 = ORIENTED_EDGE('',*,*,#3860,.T.);
#3860 = EDGE_CURVE('',#3861,#731,#3863,.T.);
#3861 = VERTEX_POINT('',#3862);
#3862 = CARTESIAN_POINT('',(-52.29079818725,35.291999816895,9.));
#3863 = LINE('',#3864,#3865);
#3864 = CARTESIAN_POINT('',(-52.29079818725,35.291999816895,9.));
#3865 = VECTOR('',#3866,1.);
#3866 = DIRECTION('',(0.,0.,-1.));
#3867 = ORIENTED_EDGE('',*,*,#730,.F.);
#3868 = ORIENTED_EDGE('',*,*,#3836,.T.);
#3869 = ORIENTED_EDGE('',*,*,#3870,.F.);
#3870 = EDGE_CURVE('',#3861,#3837,#3871,.T.);
#3871 = LINE('',#3872,#3873);
#3872 = CARTESIAN_POINT('',(-52.29079818725,35.291999816895,9.));
#3873 = VECTOR('',#3874,1.);
#3874 = DIRECTION('',(-0.427503594945,-0.904013648298,0.));
#3875 = PLANE('',#3876);
#3876 = AXIS2_PLACEMENT_3D('',#3877,#3878,#3879);
#3877 = CARTESIAN_POINT('',(-52.32959938049,35.209949493408,4.5));
#3878 = DIRECTION('',(-0.904013648298,0.427503594945,0.));
#3879 = DIRECTION('',(-0.427503594945,-0.904013648298,0.));
#3880 = ADVANCED_FACE('',(#3881),#3899,.T.);
#3881 = FACE_BOUND('',#3882,.T.);
#3882 = EDGE_LOOP('',(#3883,#3891,#3892,#3893));
#3883 = ORIENTED_EDGE('',*,*,#3884,.F.);
#3884 = EDGE_CURVE('',#739,#3885,#3887,.T.);
#3885 = VERTEX_POINT('',#3886);
#3886 = CARTESIAN_POINT('',(-52.22969818115,35.463001251221,9.));
#3887 = LINE('',#3888,#3889);
#3888 = CARTESIAN_POINT('',(-52.22969818115,35.463001251221,0.));
#3889 = VECTOR('',#3890,1.);
#3890 = DIRECTION('',(0.,0.,1.));
#3891 = ORIENTED_EDGE('',*,*,#738,.F.);
#3892 = ORIENTED_EDGE('',*,*,#3860,.F.);
#3893 = ORIENTED_EDGE('',*,*,#3894,.F.);
#3894 = EDGE_CURVE('',#3885,#3861,#3895,.T.);
#3895 = LINE('',#3896,#3897);
#3896 = CARTESIAN_POINT('',(-52.22969818115,35.463001251221,9.));
#3897 = VECTOR('',#3898,1.);
#3898 = DIRECTION('',(-0.336473463504,-0.941692948024,0.));
#3899 = PLANE('',#3900);
#3900 = AXIS2_PLACEMENT_3D('',#3901,#3902,#3903);
#3901 = CARTESIAN_POINT('',(-52.2602481842,35.377500534058,4.5));
#3902 = DIRECTION('',(-0.941692948024,0.336473463504,0.));
#3903 = DIRECTION('',(-0.336473463504,-0.941692948024,0.));
#3904 = ADVANCED_FACE('',(#3905),#3923,.T.);
#3905 = FACE_BOUND('',#3906,.T.);
#3906 = EDGE_LOOP('',(#3907,#3915,#3916,#3917));
#3907 = ORIENTED_EDGE('',*,*,#3908,.T.);
#3908 = EDGE_CURVE('',#3909,#747,#3911,.T.);
#3909 = VERTEX_POINT('',#3910);
#3910 = CARTESIAN_POINT('',(-52.18550109863,35.639099121094,9.));
#3911 = LINE('',#3912,#3913);
#3912 = CARTESIAN_POINT('',(-52.18550109863,35.639099121094,9.));
#3913 = VECTOR('',#3914,1.);
#3914 = DIRECTION('',(0.,0.,-1.));
#3915 = ORIENTED_EDGE('',*,*,#746,.F.);
#3916 = ORIENTED_EDGE('',*,*,#3884,.T.);
#3917 = ORIENTED_EDGE('',*,*,#3918,.F.);
#3918 = EDGE_CURVE('',#3909,#3885,#3919,.T.);
#3919 = LINE('',#3920,#3921);
#3920 = CARTESIAN_POINT('',(-52.18550109863,35.639099121094,9.));
#3921 = VECTOR('',#3922,1.);
#3922 = DIRECTION('',(-0.243430331835,-0.969918384991,0.));
#3923 = PLANE('',#3924);
#3924 = AXIS2_PLACEMENT_3D('',#3925,#3926,#3927);
#3925 = CARTESIAN_POINT('',(-52.20759963989,35.551050186157,4.5));
#3926 = DIRECTION('',(-0.969918384991,0.243430331835,0.));
#3927 = DIRECTION('',(-0.243430331835,-0.969918384991,0.));
#3928 = ADVANCED_FACE('',(#3929),#3947,.T.);
#3929 = FACE_BOUND('',#3930,.T.);
#3930 = EDGE_LOOP('',(#3931,#3939,#3940,#3941));
#3931 = ORIENTED_EDGE('',*,*,#3932,.F.);
#3932 = EDGE_CURVE('',#755,#3933,#3935,.T.);
#3933 = VERTEX_POINT('',#3934);
#3934 = CARTESIAN_POINT('',(-52.1589012146,35.818698883057,9.));
#3935 = LINE('',#3936,#3937);
#3936 = CARTESIAN_POINT('',(-52.1589012146,35.818698883057,0.));
#3937 = VECTOR('',#3938,1.);
#3938 = DIRECTION('',(0.,0.,1.));
#3939 = ORIENTED_EDGE('',*,*,#754,.F.);
#3940 = ORIENTED_EDGE('',*,*,#3908,.F.);
#3941 = ORIENTED_EDGE('',*,*,#3942,.F.);
#3942 = EDGE_CURVE('',#3933,#3909,#3943,.T.);
#3943 = LINE('',#3944,#3945);
#3944 = CARTESIAN_POINT('',(-52.1589012146,35.818698883057,9.));
#3945 = VECTOR('',#3946,1.);
#3946 = DIRECTION('',(-0.146508303311,-0.989209440443,0.));
#3947 = PLANE('',#3948);
#3948 = AXIS2_PLACEMENT_3D('',#3949,#3950,#3951);
#3949 = CARTESIAN_POINT('',(-52.17220115661,35.728899002075,4.5));
#3950 = DIRECTION('',(-0.989209440443,0.146508303311,0.));
#3951 = DIRECTION('',(-0.146508303311,-0.989209440443,0.));
#3952 = ADVANCED_FACE('',(#3953),#3971,.T.);
#3953 = FACE_BOUND('',#3954,.T.);
#3954 = EDGE_LOOP('',(#3955,#3963,#3964,#3965));
#3955 = ORIENTED_EDGE('',*,*,#3956,.F.);
#3956 = EDGE_CURVE('',#763,#3957,#3959,.T.);
#3957 = VERTEX_POINT('',#3958);
#3958 = CARTESIAN_POINT('',(-52.15000152587,36.,9.));
#3959 = LINE('',#3960,#3961);
#3960 = CARTESIAN_POINT('',(-52.15000152587,36.,0.));
#3961 = VECTOR('',#3962,1.);
#3962 = DIRECTION('',(0.,0.,1.));
#3963 = ORIENTED_EDGE('',*,*,#762,.F.);
#3964 = ORIENTED_EDGE('',*,*,#3932,.T.);
#3965 = ORIENTED_EDGE('',*,*,#3966,.F.);
#3966 = EDGE_CURVE('',#3957,#3933,#3967,.T.);
#3967 = LINE('',#3968,#3969);
#3968 = CARTESIAN_POINT('',(-52.15000152587,36.,9.));
#3969 = VECTOR('',#3970,1.);
#3970 = DIRECTION('',(-4.90288519601E-02,-0.998797362669,0.));
#3971 = PLANE('',#3972);
#3972 = AXIS2_PLACEMENT_3D('',#3973,#3974,#3975);
#3973 = CARTESIAN_POINT('',(-52.15445137023,35.909349441528,4.5));
#3974 = DIRECTION('',(-0.998797362669,4.90288519601E-02,0.));
#3975 = DIRECTION('',(-4.90288519601E-02,-0.998797362669,0.));
#3976 = ADVANCED_FACE('',(#3977),#3995,.T.);
#3977 = FACE_BOUND('',#3978,.T.);
#3978 = EDGE_LOOP('',(#3979,#3987,#3988,#3989));
#3979 = ORIENTED_EDGE('',*,*,#3980,.F.);
#3980 = EDGE_CURVE('',#771,#3981,#3983,.T.);
#3981 = VERTEX_POINT('',#3982);
#3982 = CARTESIAN_POINT('',(-52.1589012146,36.181301116943,9.));
#3983 = LINE('',#3984,#3985);
#3984 = CARTESIAN_POINT('',(-52.1589012146,36.181301116943,0.));
#3985 = VECTOR('',#3986,1.);
#3986 = DIRECTION('',(0.,0.,1.));
#3987 = ORIENTED_EDGE('',*,*,#770,.F.);
#3988 = ORIENTED_EDGE('',*,*,#3956,.T.);
#3989 = ORIENTED_EDGE('',*,*,#3990,.F.);
#3990 = EDGE_CURVE('',#3981,#3957,#3991,.T.);
#3991 = LINE('',#3992,#3993);
#3992 = CARTESIAN_POINT('',(-52.1589012146,36.181301116943,9.));
#3993 = VECTOR('',#3994,1.);
#3994 = DIRECTION('',(4.90288519601E-02,-0.998797362669,0.));
#3995 = PLANE('',#3996);
#3996 = AXIS2_PLACEMENT_3D('',#3997,#3998,#3999);
#3997 = CARTESIAN_POINT('',(-52.15445137023,36.090650558472,4.5));
#3998 = DIRECTION('',(-0.998797362669,-4.90288519601E-02,-0.));
#3999 = DIRECTION('',(4.90288519601E-02,-0.998797362669,0.));
#4000 = ADVANCED_FACE('',(#4001),#4019,.T.);
#4001 = FACE_BOUND('',#4002,.T.);
#4002 = EDGE_LOOP('',(#4003,#4011,#4012,#4013));
#4003 = ORIENTED_EDGE('',*,*,#4004,.T.);
#4004 = EDGE_CURVE('',#4005,#779,#4007,.T.);
#4005 = VERTEX_POINT('',#4006);
#4006 = CARTESIAN_POINT('',(-52.18550109863,36.360900878906,9.));
#4007 = LINE('',#4008,#4009);
#4008 = CARTESIAN_POINT('',(-52.18550109863,36.360900878906,9.));
#4009 = VECTOR('',#4010,1.);
#4010 = DIRECTION('',(0.,0.,-1.));
#4011 = ORIENTED_EDGE('',*,*,#778,.F.);
#4012 = ORIENTED_EDGE('',*,*,#3980,.T.);
#4013 = ORIENTED_EDGE('',*,*,#4014,.F.);
#4014 = EDGE_CURVE('',#4005,#3981,#4015,.T.);
#4015 = LINE('',#4016,#4017);
#4016 = CARTESIAN_POINT('',(-52.18550109863,36.360900878906,9.));
#4017 = VECTOR('',#4018,1.);
#4018 = DIRECTION('',(0.146508303311,-0.989209440443,0.));
#4019 = PLANE('',#4020);
#4020 = AXIS2_PLACEMENT_3D('',#4021,#4022,#4023);
#4021 = CARTESIAN_POINT('',(-52.17220115661,36.271100997925,4.5));
#4022 = DIRECTION('',(-0.989209440443,-0.146508303311,-0.));
#4023 = DIRECTION('',(0.146508303311,-0.989209440443,0.));
#4024 = ADVANCED_FACE('',(#4025),#4043,.T.);
#4025 = FACE_BOUND('',#4026,.T.);
#4026 = EDGE_LOOP('',(#4027,#4035,#4036,#4037));
#4027 = ORIENTED_EDGE('',*,*,#4028,.T.);
#4028 = EDGE_CURVE('',#4029,#787,#4031,.T.);
#4029 = VERTEX_POINT('',#4030);
#4030 = CARTESIAN_POINT('',(-52.22969818115,36.536998748779,9.));
#4031 = LINE('',#4032,#4033);
#4032 = CARTESIAN_POINT('',(-52.22969818115,36.536998748779,9.));
#4033 = VECTOR('',#4034,1.);
#4034 = DIRECTION('',(0.,0.,-1.));
#4035 = ORIENTED_EDGE('',*,*,#786,.F.);
#4036 = ORIENTED_EDGE('',*,*,#4004,.F.);
#4037 = ORIENTED_EDGE('',*,*,#4038,.F.);
#4038 = EDGE_CURVE('',#4029,#4005,#4039,.T.);
#4039 = LINE('',#4040,#4041);
#4040 = CARTESIAN_POINT('',(-52.22969818115,36.536998748779,9.));
#4041 = VECTOR('',#4042,1.);
#4042 = DIRECTION('',(0.243430331835,-0.969918384991,0.));
#4043 = PLANE('',#4044);
#4044 = AXIS2_PLACEMENT_3D('',#4045,#4046,#4047);
#4045 = CARTESIAN_POINT('',(-52.20759963989,36.448949813843,4.5));
#4046 = DIRECTION('',(-0.969918384991,-0.243430331835,-0.));
#4047 = DIRECTION('',(0.243430331835,-0.969918384991,0.));
#4048 = ADVANCED_FACE('',(#4049),#4067,.T.);
#4049 = FACE_BOUND('',#4050,.T.);
#4050 = EDGE_LOOP('',(#4051,#4059,#4060,#4061));
#4051 = ORIENTED_EDGE('',*,*,#4052,.F.);
#4052 = EDGE_CURVE('',#795,#4053,#4055,.T.);
#4053 = VERTEX_POINT('',#4054);
#4054 = CARTESIAN_POINT('',(-52.29079818725,36.708000183105,9.));
#4055 = LINE('',#4056,#4057);
#4056 = CARTESIAN_POINT('',(-52.29079818725,36.708000183105,0.));
#4057 = VECTOR('',#4058,1.);
#4058 = DIRECTION('',(0.,0.,1.));
#4059 = ORIENTED_EDGE('',*,*,#794,.F.);
#4060 = ORIENTED_EDGE('',*,*,#4028,.F.);
#4061 = ORIENTED_EDGE('',*,*,#4062,.F.);
#4062 = EDGE_CURVE('',#4053,#4029,#4063,.T.);
#4063 = LINE('',#4064,#4065);
#4064 = CARTESIAN_POINT('',(-52.29079818725,36.708000183105,9.));
#4065 = VECTOR('',#4066,1.);
#4066 = DIRECTION('',(0.336473463504,-0.941692948024,0.));
#4067 = PLANE('',#4068);
#4068 = AXIS2_PLACEMENT_3D('',#4069,#4070,#4071);
#4069 = CARTESIAN_POINT('',(-52.2602481842,36.622499465942,4.5));
#4070 = DIRECTION('',(-0.941692948024,-0.336473463504,-0.));
#4071 = DIRECTION('',(0.336473463504,-0.941692948024,0.));
#4072 = ADVANCED_FACE('',(#4073),#4091,.T.);
#4073 = FACE_BOUND('',#4074,.T.);
#4074 = EDGE_LOOP('',(#4075,#4083,#4084,#4085));
#4075 = ORIENTED_EDGE('',*,*,#4076,.T.);
#4076 = EDGE_CURVE('',#4077,#803,#4079,.T.);
#4077 = VERTEX_POINT('',#4078);
#4078 = CARTESIAN_POINT('',(-52.36840057373,36.872100830078,9.));
#4079 = LINE('',#4080,#4081);
#4080 = CARTESIAN_POINT('',(-52.36840057373,36.872100830078,9.));
#4081 = VECTOR('',#4082,1.);
#4082 = DIRECTION('',(0.,0.,-1.));
#4083 = ORIENTED_EDGE('',*,*,#802,.F.);
#4084 = ORIENTED_EDGE('',*,*,#4052,.T.);
#4085 = ORIENTED_EDGE('',*,*,#4086,.F.);
#4086 = EDGE_CURVE('',#4077,#4053,#4087,.T.);
#4087 = LINE('',#4088,#4089);
#4088 = CARTESIAN_POINT('',(-52.36840057373,36.872100830078,9.));
#4089 = VECTOR('',#4090,1.);
#4090 = DIRECTION('',(0.427503594945,-0.904013648298,0.));
#4091 = PLANE('',#4092);
#4092 = AXIS2_PLACEMENT_3D('',#4093,#4094,#4095);
#4093 = CARTESIAN_POINT('',(-52.32959938049,36.790050506592,4.5));
#4094 = DIRECTION('',(-0.904013648298,-0.427503594945,-0.));
#4095 = DIRECTION('',(0.427503594945,-0.904013648298,0.));
#4096 = ADVANCED_FACE('',(#4097),#4115,.T.);
#4097 = FACE_BOUND('',#4098,.T.);
#4098 = EDGE_LOOP('',(#4099,#4107,#4108,#4109));
#4099 = ORIENTED_EDGE('',*,*,#4100,.F.);
#4100 = EDGE_CURVE('',#811,#4101,#4103,.T.);
#4101 = VERTEX_POINT('',#4102);
#4102 = CARTESIAN_POINT('',(-52.46179962158,37.027801513672,9.));
#4103 = LINE('',#4104,#4105);
#4104 = CARTESIAN_POINT('',(-52.46179962158,37.027801513672,0.));
#4105 = VECTOR('',#4106,1.);
#4106 = DIRECTION('',(0.,0.,1.));
#4107 = ORIENTED_EDGE('',*,*,#810,.F.);
#4108 = ORIENTED_EDGE('',*,*,#4076,.F.);
#4109 = ORIENTED_EDGE('',*,*,#4110,.F.);
#4110 = EDGE_CURVE('',#4101,#4077,#4111,.T.);
#4111 = LINE('',#4112,#4113);
#4112 = CARTESIAN_POINT('',(-52.46179962158,37.027801513672,9.));
#4113 = VECTOR('',#4114,1.);
#4114 = DIRECTION('',(0.514409240977,-0.857544828448,0.));
#4115 = PLANE('',#4116);
#4116 = AXIS2_PLACEMENT_3D('',#4117,#4118,#4119);
#4117 = CARTESIAN_POINT('',(-52.41510009765,36.949951171875,4.5));
#4118 = DIRECTION('',(-0.857544828448,-0.514409240977,-0.));
#4119 = DIRECTION('',(0.514409240977,-0.857544828448,0.));
#4120 = ADVANCED_FACE('',(#4121),#4139,.T.);
#4121 = FACE_BOUND('',#4122,.T.);
#4122 = EDGE_LOOP('',(#4123,#4131,#4132,#4133));
#4123 = ORIENTED_EDGE('',*,*,#4124,.T.);
#4124 = EDGE_CURVE('',#4125,#819,#4127,.T.);
#4125 = VERTEX_POINT('',#4126);
#4126 = CARTESIAN_POINT('',(-52.56990051269,37.173599243164,9.));
#4127 = LINE('',#4128,#4129);
#4128 = CARTESIAN_POINT('',(-52.56990051269,37.173599243164,9.));
#4129 = VECTOR('',#4130,1.);
#4130 = DIRECTION('',(0.,0.,-1.));
#4131 = ORIENTED_EDGE('',*,*,#818,.F.);
#4132 = ORIENTED_EDGE('',*,*,#4100,.T.);
#4133 = ORIENTED_EDGE('',*,*,#4134,.F.);
#4134 = EDGE_CURVE('',#4125,#4101,#4135,.T.);
#4135 = LINE('',#4136,#4137);
#4136 = CARTESIAN_POINT('',(-52.56990051269,37.173599243164,9.));
#4137 = VECTOR('',#4138,1.);
#4138 = DIRECTION('',(0.595592399779,-0.803286806393,0.));
#4139 = PLANE('',#4140);
#4140 = AXIS2_PLACEMENT_3D('',#4141,#4142,#4143);
#4141 = CARTESIAN_POINT('',(-52.51585006713,37.100700378418,4.5));
#4142 = DIRECTION('',(-0.803286806393,-0.595592399779,-0.));
#4143 = DIRECTION('',(0.595592399779,-0.803286806393,0.));
#4144 = ADVANCED_FACE('',(#4145),#4163,.T.);
#4145 = FACE_BOUND('',#4146,.T.);
#4146 = EDGE_LOOP('',(#4147,#4155,#4156,#4157));
#4147 = ORIENTED_EDGE('',*,*,#4148,.T.);
#4148 = EDGE_CURVE('',#4149,#827,#4151,.T.);
#4149 = VERTEX_POINT('',#4150);
#4150 = CARTESIAN_POINT('',(-52.69189834594,37.308101654053,9.));
#4151 = LINE('',#4152,#4153);
#4152 = CARTESIAN_POINT('',(-52.69189834594,37.308101654053,9.));
#4153 = VECTOR('',#4154,1.);
#4154 = DIRECTION('',(0.,0.,-1.));
#4155 = ORIENTED_EDGE('',*,*,#826,.F.);
#4156 = ORIENTED_EDGE('',*,*,#4124,.F.);
#4157 = ORIENTED_EDGE('',*,*,#4158,.F.);
#4158 = EDGE_CURVE('',#4149,#4125,#4159,.T.);
#4159 = LINE('',#4160,#4161);
#4160 = CARTESIAN_POINT('',(-52.69189834594,37.308101654053,9.));
#4161 = VECTOR('',#4162,1.);
#4162 = DIRECTION('',(0.671836918015,-0.740699099224,0.));
#4163 = PLANE('',#4164);
#4164 = AXIS2_PLACEMENT_3D('',#4165,#4166,#4167);
#4165 = CARTESIAN_POINT('',(-52.63089942932,37.240850448608,4.5));
#4166 = DIRECTION('',(-0.740699099224,-0.671836918015,-0.));
#4167 = DIRECTION('',(0.671836918015,-0.740699099224,0.));
#4168 = ADVANCED_FACE('',(#4169),#4187,.T.);
#4169 = FACE_BOUND('',#4170,.T.);
#4170 = EDGE_LOOP('',(#4171,#4179,#4185,#4186));
#4171 = ORIENTED_EDGE('',*,*,#4172,.F.);
#4172 = EDGE_CURVE('',#4173,#4149,#4175,.T.);
#4173 = VERTEX_POINT('',#4174);
#4174 = CARTESIAN_POINT('',(-52.82640075683,37.430099487305,9.));
#4175 = LINE('',#4176,#4177);
#4176 = CARTESIAN_POINT('',(-52.82640075683,37.430099487305,9.));
#4177 = VECTOR('',#4178,1.);
#4178 = DIRECTION('',(0.740699099224,-0.671836918015,0.));
#4179 = ORIENTED_EDGE('',*,*,#4180,.F.);
#4180 = EDGE_CURVE('',#835,#4173,#4181,.T.);
#4181 = LINE('',#4182,#4183);
#4182 = CARTESIAN_POINT('',(-52.82640075683,37.430099487305,0.));
#4183 = VECTOR('',#4184,1.);
#4184 = DIRECTION('',(0.,0.,1.));
#4185 = ORIENTED_EDGE('',*,*,#834,.F.);
#4186 = ORIENTED_EDGE('',*,*,#4148,.F.);
#4187 = PLANE('',#4188);
#4188 = AXIS2_PLACEMENT_3D('',#4189,#4190,#4191);
#4189 = CARTESIAN_POINT('',(-52.75914955139,37.369100570679,4.5));
#4190 = DIRECTION('',(-0.671836918015,-0.740699099224,-0.));
#4191 = DIRECTION('',(-0.740699099224,0.671836918015,0.));
#4192 = ADVANCED_FACE('',(#4193),#4211,.T.);
#4193 = FACE_BOUND('',#4194,.T.);
#4194 = EDGE_LOOP('',(#4195,#4203,#4209,#4210));
#4195 = ORIENTED_EDGE('',*,*,#4196,.F.);
#4196 = EDGE_CURVE('',#4197,#4173,#4199,.T.);
#4197 = VERTEX_POINT('',#4198);
#4198 = CARTESIAN_POINT('',(-52.97219848632,37.538200378418,9.));
#4199 = LINE('',#4200,#4201);
#4200 = CARTESIAN_POINT('',(-52.97219848632,37.538200378418,9.));
#4201 = VECTOR('',#4202,1.);
#4202 = DIRECTION('',(0.803286806393,-0.595592399779,0.));
#4203 = ORIENTED_EDGE('',*,*,#4204,.T.);
#4204 = EDGE_CURVE('',#4197,#843,#4205,.T.);
#4205 = LINE('',#4206,#4207);
#4206 = CARTESIAN_POINT('',(-52.97219848632,37.538200378418,9.));
#4207 = VECTOR('',#4208,1.);
#4208 = DIRECTION('',(0.,0.,-1.));
#4209 = ORIENTED_EDGE('',*,*,#842,.F.);
#4210 = ORIENTED_EDGE('',*,*,#4180,.T.);
#4211 = PLANE('',#4212);
#4212 = AXIS2_PLACEMENT_3D('',#4213,#4214,#4215);
#4213 = CARTESIAN_POINT('',(-52.89929962158,37.484149932861,4.5));
#4214 = DIRECTION('',(-0.595592399779,-0.803286806393,-0.));
#4215 = DIRECTION('',(-0.803286806393,0.595592399779,0.));
#4216 = ADVANCED_FACE('',(#4217),#4228,.T.);
#4217 = FACE_BOUND('',#4218,.T.);
#4218 = EDGE_LOOP('',(#4219,#4225,#4226,#4227));
#4219 = ORIENTED_EDGE('',*,*,#4220,.F.);
#4220 = EDGE_CURVE('',#2704,#4197,#4221,.T.);
#4221 = LINE('',#4222,#4223);
#4222 = CARTESIAN_POINT('',(-53.12789916992,37.63159942627,9.));
#4223 = VECTOR('',#4224,1.);
#4224 = DIRECTION('',(0.857544828448,-0.514409240977,0.));
#4225 = ORIENTED_EDGE('',*,*,#2718,.T.);
#4226 = ORIENTED_EDGE('',*,*,#850,.F.);
#4227 = ORIENTED_EDGE('',*,*,#4204,.F.);
#4228 = PLANE('',#4229);
#4229 = AXIS2_PLACEMENT_3D('',#4230,#4231,#4232);
#4230 = CARTESIAN_POINT('',(-53.05004882812,37.584899902344,4.5));
#4231 = DIRECTION('',(-0.514409240977,-0.857544828448,-0.));
#4232 = DIRECTION('',(-0.857544828448,0.514409240977,0.));
#4233 = ADVANCED_FACE('',(#4234),#4259,.T.);
#4234 = FACE_BOUND('',#4235,.T.);
#4235 = EDGE_LOOP('',(#4236,#4246,#4252,#4253));
#4236 = ORIENTED_EDGE('',*,*,#4237,.F.);
#4237 = EDGE_CURVE('',#4238,#4240,#4242,.T.);
#4238 = VERTEX_POINT('',#4239);
#4239 = CARTESIAN_POINT('',(52.972198486328,37.538200378418,9.));
#4240 = VERTEX_POINT('',#4241);
#4241 = CARTESIAN_POINT('',(53.127899169922,37.63159942627,9.));
#4242 = LINE('',#4243,#4244);
#4243 = CARTESIAN_POINT('',(52.972198486328,37.538200378418,9.));
#4244 = VECTOR('',#4245,1.);
#4245 = DIRECTION('',(0.857544828448,0.514409240977,0.));
#4246 = ORIENTED_EDGE('',*,*,#4247,.F.);
#4247 = EDGE_CURVE('',#861,#4238,#4248,.T.);
#4248 = LINE('',#4249,#4250);
#4249 = CARTESIAN_POINT('',(52.972198486328,37.538200378418,0.));
#4250 = VECTOR('',#4251,1.);
#4251 = DIRECTION('',(0.,0.,1.));
#4252 = ORIENTED_EDGE('',*,*,#858,.F.);
#4253 = ORIENTED_EDGE('',*,*,#4254,.T.);
#4254 = EDGE_CURVE('',#859,#4240,#4255,.T.);
#4255 = LINE('',#4256,#4257);
#4256 = CARTESIAN_POINT('',(53.127899169922,37.63159942627,0.));
#4257 = VECTOR('',#4258,1.);
#4258 = DIRECTION('',(0.,0.,1.));
#4259 = PLANE('',#4260);
#4260 = AXIS2_PLACEMENT_3D('',#4261,#4262,#4263);
#4261 = CARTESIAN_POINT('',(53.050048828125,37.584899902344,4.5));
#4262 = DIRECTION('',(0.514409240977,-0.857544828448,0.));
#4263 = DIRECTION('',(-0.857544828448,-0.514409240977,0.));
#4264 = ADVANCED_FACE('',(#4265),#4283,.T.);
#4265 = FACE_BOUND('',#4266,.T.);
#4266 = EDGE_LOOP('',(#4267,#4275,#4281,#4282));
#4267 = ORIENTED_EDGE('',*,*,#4268,.F.);
#4268 = EDGE_CURVE('',#4269,#4238,#4271,.T.);
#4269 = VERTEX_POINT('',#4270);
#4270 = CARTESIAN_POINT('',(52.826400756836,37.430099487305,9.));
#4271 = LINE('',#4272,#4273);
#4272 = CARTESIAN_POINT('',(52.826400756836,37.430099487305,9.));
#4273 = VECTOR('',#4274,1.);
#4274 = DIRECTION('',(0.803286806393,0.595592399779,0.));
#4275 = ORIENTED_EDGE('',*,*,#4276,.F.);
#4276 = EDGE_CURVE('',#869,#4269,#4277,.T.);
#4277 = LINE('',#4278,#4279);
#4278 = CARTESIAN_POINT('',(52.826400756836,37.430099487305,0.));
#4279 = VECTOR('',#4280,1.);
#4280 = DIRECTION('',(0.,0.,1.));
#4281 = ORIENTED_EDGE('',*,*,#868,.F.);
#4282 = ORIENTED_EDGE('',*,*,#4247,.T.);
#4283 = PLANE('',#4284);
#4284 = AXIS2_PLACEMENT_3D('',#4285,#4286,#4287);
#4285 = CARTESIAN_POINT('',(52.899299621582,37.484149932861,4.5));
#4286 = DIRECTION('',(0.595592399779,-0.803286806393,0.));
#4287 = DIRECTION('',(-0.803286806393,-0.595592399779,0.));
#4288 = ADVANCED_FACE('',(#4289),#4307,.T.);
#4289 = FACE_BOUND('',#4290,.T.);
#4290 = EDGE_LOOP('',(#4291,#4299,#4305,#4306));
#4291 = ORIENTED_EDGE('',*,*,#4292,.F.);
#4292 = EDGE_CURVE('',#4293,#4269,#4295,.T.);
#4293 = VERTEX_POINT('',#4294);
#4294 = CARTESIAN_POINT('',(52.691898345947,37.308101654053,9.));
#4295 = LINE('',#4296,#4297);
#4296 = CARTESIAN_POINT('',(52.691898345947,37.308101654053,9.));
#4297 = VECTOR('',#4298,1.);
#4298 = DIRECTION('',(0.740699099224,0.671836918015,0.));
#4299 = ORIENTED_EDGE('',*,*,#4300,.T.);
#4300 = EDGE_CURVE('',#4293,#877,#4301,.T.);
#4301 = LINE('',#4302,#4303);
#4302 = CARTESIAN_POINT('',(52.691898345947,37.308101654053,9.));
#4303 = VECTOR('',#4304,1.);
#4304 = DIRECTION('',(0.,0.,-1.));
#4305 = ORIENTED_EDGE('',*,*,#876,.F.);
#4306 = ORIENTED_EDGE('',*,*,#4276,.T.);
#4307 = PLANE('',#4308);
#4308 = AXIS2_PLACEMENT_3D('',#4309,#4310,#4311);
#4309 = CARTESIAN_POINT('',(52.759149551392,37.369100570679,4.5));
#4310 = DIRECTION('',(0.671836918015,-0.740699099224,0.));
#4311 = DIRECTION('',(-0.740699099224,-0.671836918015,0.));
#4312 = ADVANCED_FACE('',(#4313),#4331,.T.);
#4313 = FACE_BOUND('',#4314,.T.);
#4314 = EDGE_LOOP('',(#4315,#4316,#4324,#4330));
#4315 = ORIENTED_EDGE('',*,*,#4300,.F.);
#4316 = ORIENTED_EDGE('',*,*,#4317,.F.);
#4317 = EDGE_CURVE('',#4318,#4293,#4320,.T.);
#4318 = VERTEX_POINT('',#4319);
#4319 = CARTESIAN_POINT('',(52.569900512695,37.173599243164,9.));
#4320 = LINE('',#4321,#4322);
#4321 = CARTESIAN_POINT('',(52.569900512695,37.173599243164,9.));
#4322 = VECTOR('',#4323,1.);
#4323 = DIRECTION('',(0.671836918015,0.740699099224,0.));
#4324 = ORIENTED_EDGE('',*,*,#4325,.F.);
#4325 = EDGE_CURVE('',#885,#4318,#4326,.T.);
#4326 = LINE('',#4327,#4328);
#4327 = CARTESIAN_POINT('',(52.569900512695,37.173599243164,0.));
#4328 = VECTOR('',#4329,1.);
#4329 = DIRECTION('',(0.,0.,1.));
#4330 = ORIENTED_EDGE('',*,*,#884,.F.);
#4331 = PLANE('',#4332);
#4332 = AXIS2_PLACEMENT_3D('',#4333,#4334,#4335);
#4333 = CARTESIAN_POINT('',(52.630899429321,37.240850448608,4.5));
#4334 = DIRECTION('',(0.740699099224,-0.671836918015,0.));
#4335 = DIRECTION('',(0.671836918015,0.740699099224,0.));
#4336 = ADVANCED_FACE('',(#4337),#4355,.T.);
#4337 = FACE_BOUND('',#4338,.T.);
#4338 = EDGE_LOOP('',(#4339,#4340,#4348,#4354));
#4339 = ORIENTED_EDGE('',*,*,#4325,.T.);
#4340 = ORIENTED_EDGE('',*,*,#4341,.F.);
#4341 = EDGE_CURVE('',#4342,#4318,#4344,.T.);
#4342 = VERTEX_POINT('',#4343);
#4343 = CARTESIAN_POINT('',(52.461799621582,37.027801513672,9.));
#4344 = LINE('',#4345,#4346);
#4345 = CARTESIAN_POINT('',(52.461799621582,37.027801513672,9.));
#4346 = VECTOR('',#4347,1.);
#4347 = DIRECTION('',(0.595592399779,0.803286806393,0.));
#4348 = ORIENTED_EDGE('',*,*,#4349,.F.);
#4349 = EDGE_CURVE('',#893,#4342,#4350,.T.);
#4350 = LINE('',#4351,#4352);
#4351 = CARTESIAN_POINT('',(52.461799621582,37.027801513672,0.));
#4352 = VECTOR('',#4353,1.);
#4353 = DIRECTION('',(0.,0.,1.));
#4354 = ORIENTED_EDGE('',*,*,#892,.F.);
#4355 = PLANE('',#4356);
#4356 = AXIS2_PLACEMENT_3D('',#4357,#4358,#4359);
#4357 = CARTESIAN_POINT('',(52.515850067139,37.100700378418,4.5));
#4358 = DIRECTION('',(0.803286806393,-0.595592399779,0.));
#4359 = DIRECTION('',(0.595592399779,0.803286806393,0.));
#4360 = ADVANCED_FACE('',(#4361),#4379,.T.);
#4361 = FACE_BOUND('',#4362,.T.);
#4362 = EDGE_LOOP('',(#4363,#4364,#4372,#4378));
#4363 = ORIENTED_EDGE('',*,*,#4349,.T.);
#4364 = ORIENTED_EDGE('',*,*,#4365,.F.);
#4365 = EDGE_CURVE('',#4366,#4342,#4368,.T.);
#4366 = VERTEX_POINT('',#4367);
#4367 = CARTESIAN_POINT('',(52.36840057373,36.872100830078,9.));
#4368 = LINE('',#4369,#4370);
#4369 = CARTESIAN_POINT('',(52.36840057373,36.872100830078,9.));
#4370 = VECTOR('',#4371,1.);
#4371 = DIRECTION('',(0.514409240977,0.857544828448,0.));
#4372 = ORIENTED_EDGE('',*,*,#4373,.T.);
#4373 = EDGE_CURVE('',#4366,#901,#4374,.T.);
#4374 = LINE('',#4375,#4376);
#4375 = CARTESIAN_POINT('',(52.36840057373,36.872100830078,9.));
#4376 = VECTOR('',#4377,1.);
#4377 = DIRECTION('',(0.,0.,-1.));
#4378 = ORIENTED_EDGE('',*,*,#900,.F.);
#4379 = PLANE('',#4380);
#4380 = AXIS2_PLACEMENT_3D('',#4381,#4382,#4383);
#4381 = CARTESIAN_POINT('',(52.415100097656,36.949951171875,4.5));
#4382 = DIRECTION('',(0.857544828448,-0.514409240977,0.));
#4383 = DIRECTION('',(0.514409240977,0.857544828448,0.));
#4384 = ADVANCED_FACE('',(#4385),#4403,.T.);
#4385 = FACE_BOUND('',#4386,.T.);
#4386 = EDGE_LOOP('',(#4387,#4388,#4396,#4402));
#4387 = ORIENTED_EDGE('',*,*,#4373,.F.);
#4388 = ORIENTED_EDGE('',*,*,#4389,.F.);
#4389 = EDGE_CURVE('',#4390,#4366,#4392,.T.);
#4390 = VERTEX_POINT('',#4391);
#4391 = CARTESIAN_POINT('',(52.290798187256,36.708000183105,9.));
#4392 = LINE('',#4393,#4394);
#4393 = CARTESIAN_POINT('',(52.290798187256,36.708000183105,9.));
#4394 = VECTOR('',#4395,1.);
#4395 = DIRECTION('',(0.427503594945,0.904013648298,0.));
#4396 = ORIENTED_EDGE('',*,*,#4397,.F.);
#4397 = EDGE_CURVE('',#909,#4390,#4398,.T.);
#4398 = LINE('',#4399,#4400);
#4399 = CARTESIAN_POINT('',(52.290798187256,36.708000183105,0.));
#4400 = VECTOR('',#4401,1.);
#4401 = DIRECTION('',(0.,0.,1.));
#4402 = ORIENTED_EDGE('',*,*,#908,.F.);
#4403 = PLANE('',#4404);
#4404 = AXIS2_PLACEMENT_3D('',#4405,#4406,#4407);
#4405 = CARTESIAN_POINT('',(52.329599380493,36.790050506592,4.5));
#4406 = DIRECTION('',(0.904013648298,-0.427503594945,0.));
#4407 = DIRECTION('',(0.427503594945,0.904013648298,0.));
#4408 = ADVANCED_FACE('',(#4409),#4427,.T.);
#4409 = FACE_BOUND('',#4410,.T.);
#4410 = EDGE_LOOP('',(#4411,#4412,#4420,#4426));
#4411 = ORIENTED_EDGE('',*,*,#4397,.T.);
#4412 = ORIENTED_EDGE('',*,*,#4413,.F.);
#4413 = EDGE_CURVE('',#4414,#4390,#4416,.T.);
#4414 = VERTEX_POINT('',#4415);
#4415 = CARTESIAN_POINT('',(52.229698181152,36.536998748779,9.));
#4416 = LINE('',#4417,#4418);
#4417 = CARTESIAN_POINT('',(52.229698181152,36.536998748779,9.));
#4418 = VECTOR('',#4419,1.);
#4419 = DIRECTION('',(0.336473463504,0.941692948024,0.));
#4420 = ORIENTED_EDGE('',*,*,#4421,.T.);
#4421 = EDGE_CURVE('',#4414,#917,#4422,.T.);
#4422 = LINE('',#4423,#4424);
#4423 = CARTESIAN_POINT('',(52.229698181152,36.536998748779,9.));
#4424 = VECTOR('',#4425,1.);
#4425 = DIRECTION('',(0.,0.,-1.));
#4426 = ORIENTED_EDGE('',*,*,#916,.F.);
#4427 = PLANE('',#4428);
#4428 = AXIS2_PLACEMENT_3D('',#4429,#4430,#4431);
#4429 = CARTESIAN_POINT('',(52.260248184204,36.622499465942,4.5));
#4430 = DIRECTION('',(0.941692948024,-0.336473463504,0.));
#4431 = DIRECTION('',(0.336473463504,0.941692948024,0.));
#4432 = ADVANCED_FACE('',(#4433),#4451,.T.);
#4433 = FACE_BOUND('',#4434,.T.);
#4434 = EDGE_LOOP('',(#4435,#4436,#4444,#4450));
#4435 = ORIENTED_EDGE('',*,*,#4421,.F.);
#4436 = ORIENTED_EDGE('',*,*,#4437,.F.);
#4437 = EDGE_CURVE('',#4438,#4414,#4440,.T.);
#4438 = VERTEX_POINT('',#4439);
#4439 = CARTESIAN_POINT('',(52.185501098633,36.360900878906,9.));
#4440 = LINE('',#4441,#4442);
#4441 = CARTESIAN_POINT('',(52.185501098633,36.360900878906,9.));
#4442 = VECTOR('',#4443,1.);
#4443 = DIRECTION('',(0.243430331835,0.969918384991,0.));
#4444 = ORIENTED_EDGE('',*,*,#4445,.F.);
#4445 = EDGE_CURVE('',#925,#4438,#4446,.T.);
#4446 = LINE('',#4447,#4448);
#4447 = CARTESIAN_POINT('',(52.185501098633,36.360900878906,0.));
#4448 = VECTOR('',#4449,1.);
#4449 = DIRECTION('',(0.,0.,1.));
#4450 = ORIENTED_EDGE('',*,*,#924,.F.);
#4451 = PLANE('',#4452);
#4452 = AXIS2_PLACEMENT_3D('',#4453,#4454,#4455);
#4453 = CARTESIAN_POINT('',(52.207599639893,36.448949813843,4.5));
#4454 = DIRECTION('',(0.969918384991,-0.243430331835,0.));
#4455 = DIRECTION('',(0.243430331835,0.969918384991,0.));
#4456 = ADVANCED_FACE('',(#4457),#4475,.T.);
#4457 = FACE_BOUND('',#4458,.T.);
#4458 = EDGE_LOOP('',(#4459,#4460,#4468,#4474));
#4459 = ORIENTED_EDGE('',*,*,#4445,.T.);
#4460 = ORIENTED_EDGE('',*,*,#4461,.F.);
#4461 = EDGE_CURVE('',#4462,#4438,#4464,.T.);
#4462 = VERTEX_POINT('',#4463);
#4463 = CARTESIAN_POINT('',(52.1589012146,36.181301116943,9.));
#4464 = LINE('',#4465,#4466);
#4465 = CARTESIAN_POINT('',(52.1589012146,36.181301116943,9.));
#4466 = VECTOR('',#4467,1.);
#4467 = DIRECTION('',(0.146508303311,0.989209440443,0.));
#4468 = ORIENTED_EDGE('',*,*,#4469,.T.);
#4469 = EDGE_CURVE('',#4462,#933,#4470,.T.);
#4470 = LINE('',#4471,#4472);
#4471 = CARTESIAN_POINT('',(52.1589012146,36.181301116943,9.));
#4472 = VECTOR('',#4473,1.);
#4473 = DIRECTION('',(0.,0.,-1.));
#4474 = ORIENTED_EDGE('',*,*,#932,.F.);
#4475 = PLANE('',#4476);
#4476 = AXIS2_PLACEMENT_3D('',#4477,#4478,#4479);
#4477 = CARTESIAN_POINT('',(52.172201156616,36.271100997925,4.5));
#4478 = DIRECTION('',(0.989209440443,-0.146508303311,0.));
#4479 = DIRECTION('',(0.146508303311,0.989209440443,0.));
#4480 = ADVANCED_FACE('',(#4481),#4499,.T.);
#4481 = FACE_BOUND('',#4482,.T.);
#4482 = EDGE_LOOP('',(#4483,#4484,#4492,#4498));
#4483 = ORIENTED_EDGE('',*,*,#4469,.F.);
#4484 = ORIENTED_EDGE('',*,*,#4485,.F.);
#4485 = EDGE_CURVE('',#4486,#4462,#4488,.T.);
#4486 = VERTEX_POINT('',#4487);
#4487 = CARTESIAN_POINT('',(52.150001525879,36.,9.));
#4488 = LINE('',#4489,#4490);
#4489 = CARTESIAN_POINT('',(52.150001525879,36.,9.));
#4490 = VECTOR('',#4491,1.);
#4491 = DIRECTION('',(4.90288519601E-02,0.998797362669,0.));
#4492 = ORIENTED_EDGE('',*,*,#4493,.F.);
#4493 = EDGE_CURVE('',#941,#4486,#4494,.T.);
#4494 = LINE('',#4495,#4496);
#4495 = CARTESIAN_POINT('',(52.150001525879,36.,0.));
#4496 = VECTOR('',#4497,1.);
#4497 = DIRECTION('',(0.,0.,1.));
#4498 = ORIENTED_EDGE('',*,*,#940,.F.);
#4499 = PLANE('',#4500);
#4500 = AXIS2_PLACEMENT_3D('',#4501,#4502,#4503);
#4501 = CARTESIAN_POINT('',(52.154451370239,36.090650558472,4.5));
#4502 = DIRECTION('',(0.998797362669,-4.90288519601E-02,0.));
#4503 = DIRECTION('',(4.90288519601E-02,0.998797362669,0.));
#4504 = ADVANCED_FACE('',(#4505),#4523,.T.);
#4505 = FACE_BOUND('',#4506,.T.);
#4506 = EDGE_LOOP('',(#4507,#4508,#4516,#4522));
#4507 = ORIENTED_EDGE('',*,*,#4493,.T.);
#4508 = ORIENTED_EDGE('',*,*,#4509,.F.);
#4509 = EDGE_CURVE('',#4510,#4486,#4512,.T.);
#4510 = VERTEX_POINT('',#4511);
#4511 = CARTESIAN_POINT('',(52.1589012146,35.818698883057,9.));
#4512 = LINE('',#4513,#4514);
#4513 = CARTESIAN_POINT('',(52.1589012146,35.818698883057,9.));
#4514 = VECTOR('',#4515,1.);
#4515 = DIRECTION('',(-4.90288519601E-02,0.998797362669,0.));
#4516 = ORIENTED_EDGE('',*,*,#4517,.T.);
#4517 = EDGE_CURVE('',#4510,#949,#4518,.T.);
#4518 = LINE('',#4519,#4520);
#4519 = CARTESIAN_POINT('',(52.1589012146,35.818698883057,9.));
#4520 = VECTOR('',#4521,1.);
#4521 = DIRECTION('',(0.,0.,-1.));
#4522 = ORIENTED_EDGE('',*,*,#948,.F.);
#4523 = PLANE('',#4524);
#4524 = AXIS2_PLACEMENT_3D('',#4525,#4526,#4527);
#4525 = CARTESIAN_POINT('',(52.154451370239,35.909349441528,4.5));
#4526 = DIRECTION('',(0.998797362669,4.90288519601E-02,0.));
#4527 = DIRECTION('',(-4.90288519601E-02,0.998797362669,0.));
#4528 = ADVANCED_FACE('',(#4529),#4547,.T.);
#4529 = FACE_BOUND('',#4530,.T.);
#4530 = EDGE_LOOP('',(#4531,#4532,#4540,#4546));
#4531 = ORIENTED_EDGE('',*,*,#4517,.F.);
#4532 = ORIENTED_EDGE('',*,*,#4533,.F.);
#4533 = EDGE_CURVE('',#4534,#4510,#4536,.T.);
#4534 = VERTEX_POINT('',#4535);
#4535 = CARTESIAN_POINT('',(52.185501098633,35.639099121094,9.));
#4536 = LINE('',#4537,#4538);
#4537 = CARTESIAN_POINT('',(52.185501098633,35.639099121094,9.));
#4538 = VECTOR('',#4539,1.);
#4539 = DIRECTION('',(-0.146508303311,0.989209440443,0.));
#4540 = ORIENTED_EDGE('',*,*,#4541,.F.);
#4541 = EDGE_CURVE('',#957,#4534,#4542,.T.);
#4542 = LINE('',#4543,#4544);
#4543 = CARTESIAN_POINT('',(52.185501098633,35.639099121094,0.));
#4544 = VECTOR('',#4545,1.);
#4545 = DIRECTION('',(0.,0.,1.));
#4546 = ORIENTED_EDGE('',*,*,#956,.F.);
#4547 = PLANE('',#4548);
#4548 = AXIS2_PLACEMENT_3D('',#4549,#4550,#4551);
#4549 = CARTESIAN_POINT('',(52.172201156616,35.728899002075,4.5));
#4550 = DIRECTION('',(0.989209440443,0.146508303311,0.));
#4551 = DIRECTION('',(-0.146508303311,0.989209440443,0.));
#4552 = ADVANCED_FACE('',(#4553),#4571,.T.);
#4553 = FACE_BOUND('',#4554,.T.);
#4554 = EDGE_LOOP('',(#4555,#4556,#4564,#4570));
#4555 = ORIENTED_EDGE('',*,*,#4541,.T.);
#4556 = ORIENTED_EDGE('',*,*,#4557,.F.);
#4557 = EDGE_CURVE('',#4558,#4534,#4560,.T.);
#4558 = VERTEX_POINT('',#4559);
#4559 = CARTESIAN_POINT('',(52.229698181152,35.463001251221,9.));
#4560 = LINE('',#4561,#4562);
#4561 = CARTESIAN_POINT('',(52.229698181152,35.463001251221,9.));
#4562 = VECTOR('',#4563,1.);
#4563 = DIRECTION('',(-0.243430331835,0.969918384991,0.));
#4564 = ORIENTED_EDGE('',*,*,#4565,.F.);
#4565 = EDGE_CURVE('',#965,#4558,#4566,.T.);
#4566 = LINE('',#4567,#4568);
#4567 = CARTESIAN_POINT('',(52.229698181152,35.463001251221,0.));
#4568 = VECTOR('',#4569,1.);
#4569 = DIRECTION('',(0.,0.,1.));
#4570 = ORIENTED_EDGE('',*,*,#964,.F.);
#4571 = PLANE('',#4572);
#4572 = AXIS2_PLACEMENT_3D('',#4573,#4574,#4575);
#4573 = CARTESIAN_POINT('',(52.207599639893,35.551050186157,4.5));
#4574 = DIRECTION('',(0.969918384991,0.243430331835,0.));
#4575 = DIRECTION('',(-0.243430331835,0.969918384991,0.));
#4576 = ADVANCED_FACE('',(#4577),#4595,.T.);
#4577 = FACE_BOUND('',#4578,.T.);
#4578 = EDGE_LOOP('',(#4579,#4580,#4588,#4594));
#4579 = ORIENTED_EDGE('',*,*,#4565,.T.);
#4580 = ORIENTED_EDGE('',*,*,#4581,.F.);
#4581 = EDGE_CURVE('',#4582,#4558,#4584,.T.);
#4582 = VERTEX_POINT('',#4583);
#4583 = CARTESIAN_POINT('',(52.290798187256,35.291999816895,9.));
#4584 = LINE('',#4585,#4586);
#4585 = CARTESIAN_POINT('',(52.290798187256,35.291999816895,9.));
#4586 = VECTOR('',#4587,1.);
#4587 = DIRECTION('',(-0.336473463504,0.941692948024,0.));
#4588 = ORIENTED_EDGE('',*,*,#4589,.F.);
#4589 = EDGE_CURVE('',#973,#4582,#4590,.T.);
#4590 = LINE('',#4591,#4592);
#4591 = CARTESIAN_POINT('',(52.290798187256,35.291999816895,0.));
#4592 = VECTOR('',#4593,1.);
#4593 = DIRECTION('',(0.,0.,1.));
#4594 = ORIENTED_EDGE('',*,*,#972,.F.);
#4595 = PLANE('',#4596);
#4596 = AXIS2_PLACEMENT_3D('',#4597,#4598,#4599);
#4597 = CARTESIAN_POINT('',(52.260248184204,35.377500534058,4.5));
#4598 = DIRECTION('',(0.941692948024,0.336473463504,0.));
#4599 = DIRECTION('',(-0.336473463504,0.941692948024,0.));
#4600 = ADVANCED_FACE('',(#4601),#4619,.T.);
#4601 = FACE_BOUND('',#4602,.T.);
#4602 = EDGE_LOOP('',(#4603,#4604,#4612,#4618));
#4603 = ORIENTED_EDGE('',*,*,#4589,.T.);
#4604 = ORIENTED_EDGE('',*,*,#4605,.F.);
#4605 = EDGE_CURVE('',#4606,#4582,#4608,.T.);
#4606 = VERTEX_POINT('',#4607);
#4607 = CARTESIAN_POINT('',(52.36840057373,35.127899169922,9.));
#4608 = LINE('',#4609,#4610);
#4609 = CARTESIAN_POINT('',(52.36840057373,35.127899169922,9.));
#4610 = VECTOR('',#4611,1.);
#4611 = DIRECTION('',(-0.427503594945,0.904013648298,0.));
#4612 = ORIENTED_EDGE('',*,*,#4613,.T.);
#4613 = EDGE_CURVE('',#4606,#981,#4614,.T.);
#4614 = LINE('',#4615,#4616);
#4615 = CARTESIAN_POINT('',(52.36840057373,35.127899169922,9.));
#4616 = VECTOR('',#4617,1.);
#4617 = DIRECTION('',(0.,0.,-1.));
#4618 = ORIENTED_EDGE('',*,*,#980,.F.);
#4619 = PLANE('',#4620);
#4620 = AXIS2_PLACEMENT_3D('',#4621,#4622,#4623);
#4621 = CARTESIAN_POINT('',(52.329599380493,35.209949493408,4.5));
#4622 = DIRECTION('',(0.904013648298,0.427503594945,0.));
#4623 = DIRECTION('',(-0.427503594945,0.904013648298,0.));
#4624 = ADVANCED_FACE('',(#4625),#4643,.T.);
#4625 = FACE_BOUND('',#4626,.T.);
#4626 = EDGE_LOOP('',(#4627,#4628,#4636,#4642));
#4627 = ORIENTED_EDGE('',*,*,#4613,.F.);
#4628 = ORIENTED_EDGE('',*,*,#4629,.F.);
#4629 = EDGE_CURVE('',#4630,#4606,#4632,.T.);
#4630 = VERTEX_POINT('',#4631);
#4631 = CARTESIAN_POINT('',(52.461799621582,34.972198486328,9.));
#4632 = LINE('',#4633,#4634);
#4633 = CARTESIAN_POINT('',(52.461799621582,34.972198486328,9.));
#4634 = VECTOR('',#4635,1.);
#4635 = DIRECTION('',(-0.514409240977,0.857544828448,0.));
#4636 = ORIENTED_EDGE('',*,*,#4637,.T.);
#4637 = EDGE_CURVE('',#4630,#989,#4638,.T.);
#4638 = LINE('',#4639,#4640);
#4639 = CARTESIAN_POINT('',(52.461799621582,34.972198486328,9.));
#4640 = VECTOR('',#4641,1.);
#4641 = DIRECTION('',(0.,0.,-1.));
#4642 = ORIENTED_EDGE('',*,*,#988,.F.);
#4643 = PLANE('',#4644);
#4644 = AXIS2_PLACEMENT_3D('',#4645,#4646,#4647);
#4645 = CARTESIAN_POINT('',(52.415100097656,35.050048828125,4.5));
#4646 = DIRECTION('',(0.857544828448,0.514409240977,0.));
#4647 = DIRECTION('',(-0.514409240977,0.857544828448,0.));
#4648 = ADVANCED_FACE('',(#4649),#4667,.T.);
#4649 = FACE_BOUND('',#4650,.T.);
#4650 = EDGE_LOOP('',(#4651,#4652,#4660,#4666));
#4651 = ORIENTED_EDGE('',*,*,#4637,.F.);
#4652 = ORIENTED_EDGE('',*,*,#4653,.F.);
#4653 = EDGE_CURVE('',#4654,#4630,#4656,.T.);
#4654 = VERTEX_POINT('',#4655);
#4655 = CARTESIAN_POINT('',(52.569900512695,34.826400756836,9.));
#4656 = LINE('',#4657,#4658);
#4657 = CARTESIAN_POINT('',(52.569900512695,34.826400756836,9.));
#4658 = VECTOR('',#4659,1.);
#4659 = DIRECTION('',(-0.595592399779,0.803286806393,0.));
#4660 = ORIENTED_EDGE('',*,*,#4661,.F.);
#4661 = EDGE_CURVE('',#997,#4654,#4662,.T.);
#4662 = LINE('',#4663,#4664);
#4663 = CARTESIAN_POINT('',(52.569900512695,34.826400756836,0.));
#4664 = VECTOR('',#4665,1.);
#4665 = DIRECTION('',(0.,0.,1.));
#4666 = ORIENTED_EDGE('',*,*,#996,.F.);
#4667 = PLANE('',#4668);
#4668 = AXIS2_PLACEMENT_3D('',#4669,#4670,#4671);
#4669 = CARTESIAN_POINT('',(52.515850067139,34.899299621582,4.5));
#4670 = DIRECTION('',(0.803286806393,0.595592399779,0.));
#4671 = DIRECTION('',(-0.595592399779,0.803286806393,0.));
#4672 = ADVANCED_FACE('',(#4673),#4691,.T.);
#4673 = FACE_BOUND('',#4674,.T.);
#4674 = EDGE_LOOP('',(#4675,#4676,#4684,#4690));
#4675 = ORIENTED_EDGE('',*,*,#4661,.T.);
#4676 = ORIENTED_EDGE('',*,*,#4677,.F.);
#4677 = EDGE_CURVE('',#4678,#4654,#4680,.T.);
#4678 = VERTEX_POINT('',#4679);
#4679 = CARTESIAN_POINT('',(52.691898345947,34.691898345947,9.));
#4680 = LINE('',#4681,#4682);
#4681 = CARTESIAN_POINT('',(52.691898345947,34.691898345947,9.));
#4682 = VECTOR('',#4683,1.);
#4683 = DIRECTION('',(-0.671836918015,0.740699099224,0.));
#4684 = ORIENTED_EDGE('',*,*,#4685,.F.);
#4685 = EDGE_CURVE('',#1005,#4678,#4686,.T.);
#4686 = LINE('',#4687,#4688);
#4687 = CARTESIAN_POINT('',(52.691898345947,34.691898345947,0.));
#4688 = VECTOR('',#4689,1.);
#4689 = DIRECTION('',(0.,0.,1.));
#4690 = ORIENTED_EDGE('',*,*,#1004,.F.);
#4691 = PLANE('',#4692);
#4692 = AXIS2_PLACEMENT_3D('',#4693,#4694,#4695);
#4693 = CARTESIAN_POINT('',(52.630899429321,34.759149551392,4.5));
#4694 = DIRECTION('',(0.740699099224,0.671836918015,0.));
#4695 = DIRECTION('',(-0.671836918015,0.740699099224,0.));
#4696 = ADVANCED_FACE('',(#4697),#4715,.T.);
#4697 = FACE_BOUND('',#4698,.T.);
#4698 = EDGE_LOOP('',(#4699,#4707,#4713,#4714));
#4699 = ORIENTED_EDGE('',*,*,#4700,.F.);
#4700 = EDGE_CURVE('',#4701,#4678,#4703,.T.);
#4701 = VERTEX_POINT('',#4702);
#4702 = CARTESIAN_POINT('',(52.826400756836,34.569900512695,9.));
#4703 = LINE('',#4704,#4705);
#4704 = CARTESIAN_POINT('',(52.826400756836,34.569900512695,9.));
#4705 = VECTOR('',#4706,1.);
#4706 = DIRECTION('',(-0.740699099224,0.671836918015,0.));
#4707 = ORIENTED_EDGE('',*,*,#4708,.F.);
#4708 = EDGE_CURVE('',#1013,#4701,#4709,.T.);
#4709 = LINE('',#4710,#4711);
#4710 = CARTESIAN_POINT('',(52.826400756836,34.569900512695,0.));
#4711 = VECTOR('',#4712,1.);
#4712 = DIRECTION('',(0.,0.,1.));
#4713 = ORIENTED_EDGE('',*,*,#1012,.F.);
#4714 = ORIENTED_EDGE('',*,*,#4685,.T.);
#4715 = PLANE('',#4716);
#4716 = AXIS2_PLACEMENT_3D('',#4717,#4718,#4719);
#4717 = CARTESIAN_POINT('',(52.759149551392,34.630899429321,4.5));
#4718 = DIRECTION('',(0.671836918015,0.740699099224,0.));
#4719 = DIRECTION('',(0.740699099224,-0.671836918015,0.));
#4720 = ADVANCED_FACE('',(#4721),#4739,.T.);
#4721 = FACE_BOUND('',#4722,.T.);
#4722 = EDGE_LOOP('',(#4723,#4731,#4737,#4738));
#4723 = ORIENTED_EDGE('',*,*,#4724,.F.);
#4724 = EDGE_CURVE('',#4725,#4701,#4727,.T.);
#4725 = VERTEX_POINT('',#4726);
#4726 = CARTESIAN_POINT('',(52.972198486328,34.461799621582,9.));
#4727 = LINE('',#4728,#4729);
#4728 = CARTESIAN_POINT('',(52.972198486328,34.461799621582,9.));
#4729 = VECTOR('',#4730,1.);
#4730 = DIRECTION('',(-0.803286806393,0.595592399779,0.));
#4731 = ORIENTED_EDGE('',*,*,#4732,.T.);
#4732 = EDGE_CURVE('',#4725,#1021,#4733,.T.);
#4733 = LINE('',#4734,#4735);
#4734 = CARTESIAN_POINT('',(52.972198486328,34.461799621582,9.));
#4735 = VECTOR('',#4736,1.);
#4736 = DIRECTION('',(0.,0.,-1.));
#4737 = ORIENTED_EDGE('',*,*,#1020,.F.);
#4738 = ORIENTED_EDGE('',*,*,#4708,.T.);
#4739 = PLANE('',#4740);
#4740 = AXIS2_PLACEMENT_3D('',#4741,#4742,#4743);
#4741 = CARTESIAN_POINT('',(52.899299621582,34.515850067139,4.5));
#4742 = DIRECTION('',(0.595592399779,0.803286806393,0.));
#4743 = DIRECTION('',(0.803286806393,-0.595592399779,0.));
#4744 = ADVANCED_FACE('',(#4745),#4763,.T.);
#4745 = FACE_BOUND('',#4746,.T.);
#4746 = EDGE_LOOP('',(#4747,#4755,#4761,#4762));
#4747 = ORIENTED_EDGE('',*,*,#4748,.F.);
#4748 = EDGE_CURVE('',#4749,#4725,#4751,.T.);
#4749 = VERTEX_POINT('',#4750);
#4750 = CARTESIAN_POINT('',(53.127899169922,34.36840057373,9.));
#4751 = LINE('',#4752,#4753);
#4752 = CARTESIAN_POINT('',(53.127899169922,34.36840057373,9.));
#4753 = VECTOR('',#4754,1.);
#4754 = DIRECTION('',(-0.857544828448,0.514409240977,0.));
#4755 = ORIENTED_EDGE('',*,*,#4756,.T.);
#4756 = EDGE_CURVE('',#4749,#1029,#4757,.T.);
#4757 = LINE('',#4758,#4759);
#4758 = CARTESIAN_POINT('',(53.127899169922,34.36840057373,9.));
#4759 = VECTOR('',#4760,1.);
#4760 = DIRECTION('',(0.,0.,-1.));
#4761 = ORIENTED_EDGE('',*,*,#1028,.F.);
#4762 = ORIENTED_EDGE('',*,*,#4732,.F.);
#4763 = PLANE('',#4764);
#4764 = AXIS2_PLACEMENT_3D('',#4765,#4766,#4767);
#4765 = CARTESIAN_POINT('',(53.050048828125,34.415100097656,4.5));
#4766 = DIRECTION('',(0.514409240977,0.857544828448,0.));
#4767 = DIRECTION('',(0.857544828448,-0.514409240977,0.));
#4768 = ADVANCED_FACE('',(#4769),#4787,.T.);
#4769 = FACE_BOUND('',#4770,.T.);
#4770 = EDGE_LOOP('',(#4771,#4779,#4785,#4786));
#4771 = ORIENTED_EDGE('',*,*,#4772,.F.);
#4772 = EDGE_CURVE('',#4773,#4749,#4775,.T.);
#4773 = VERTEX_POINT('',#4774);
#4774 = CARTESIAN_POINT('',(53.291999816895,34.290798187256,9.));
#4775 = LINE('',#4776,#4777);
#4776 = CARTESIAN_POINT('',(53.291999816895,34.290798187256,9.));
#4777 = VECTOR('',#4778,1.);
#4778 = DIRECTION('',(-0.904013648298,0.427503594945,0.));
#4779 = ORIENTED_EDGE('',*,*,#4780,.F.);
#4780 = EDGE_CURVE('',#1037,#4773,#4781,.T.);
#4781 = LINE('',#4782,#4783);
#4782 = CARTESIAN_POINT('',(53.291999816895,34.290798187256,0.));
#4783 = VECTOR('',#4784,1.);
#4784 = DIRECTION('',(0.,0.,1.));
#4785 = ORIENTED_EDGE('',*,*,#1036,.F.);
#4786 = ORIENTED_EDGE('',*,*,#4756,.F.);
#4787 = PLANE('',#4788);
#4788 = AXIS2_PLACEMENT_3D('',#4789,#4790,#4791);
#4789 = CARTESIAN_POINT('',(53.209949493408,34.329599380493,4.5));
#4790 = DIRECTION('',(0.427503594945,0.904013648298,0.));
#4791 = DIRECTION('',(0.904013648298,-0.427503594945,0.));
#4792 = ADVANCED_FACE('',(#4793),#4811,.T.);
#4793 = FACE_BOUND('',#4794,.T.);
#4794 = EDGE_LOOP('',(#4795,#4803,#4809,#4810));
#4795 = ORIENTED_EDGE('',*,*,#4796,.F.);
#4796 = EDGE_CURVE('',#4797,#4773,#4799,.T.);
#4797 = VERTEX_POINT('',#4798);
#4798 = CARTESIAN_POINT('',(53.463001251221,34.229698181152,9.));
#4799 = LINE('',#4800,#4801);
#4800 = CARTESIAN_POINT('',(53.463001251221,34.229698181152,9.));
#4801 = VECTOR('',#4802,1.);
#4802 = DIRECTION('',(-0.941692948024,0.336473463504,0.));
#4803 = ORIENTED_EDGE('',*,*,#4804,.F.);
#4804 = EDGE_CURVE('',#1045,#4797,#4805,.T.);
#4805 = LINE('',#4806,#4807);
#4806 = CARTESIAN_POINT('',(53.463001251221,34.229698181152,0.));
#4807 = VECTOR('',#4808,1.);
#4808 = DIRECTION('',(0.,0.,1.));
#4809 = ORIENTED_EDGE('',*,*,#1044,.F.);
#4810 = ORIENTED_EDGE('',*,*,#4780,.T.);
#4811 = PLANE('',#4812);
#4812 = AXIS2_PLACEMENT_3D('',#4813,#4814,#4815);
#4813 = CARTESIAN_POINT('',(53.377500534058,34.260248184204,4.5));
#4814 = DIRECTION('',(0.336473463504,0.941692948024,0.));
#4815 = DIRECTION('',(0.941692948024,-0.336473463504,0.));
#4816 = ADVANCED_FACE('',(#4817),#4835,.T.);
#4817 = FACE_BOUND('',#4818,.T.);
#4818 = EDGE_LOOP('',(#4819,#4827,#4833,#4834));
#4819 = ORIENTED_EDGE('',*,*,#4820,.F.);
#4820 = EDGE_CURVE('',#4821,#4797,#4823,.T.);
#4821 = VERTEX_POINT('',#4822);
#4822 = CARTESIAN_POINT('',(53.639099121094,34.185501098633,9.));
#4823 = LINE('',#4824,#4825);
#4824 = CARTESIAN_POINT('',(53.639099121094,34.185501098633,9.));
#4825 = VECTOR('',#4826,1.);
#4826 = DIRECTION('',(-0.969918384991,0.243430331835,0.));
#4827 = ORIENTED_EDGE('',*,*,#4828,.T.);
#4828 = EDGE_CURVE('',#4821,#1053,#4829,.T.);
#4829 = LINE('',#4830,#4831);
#4830 = CARTESIAN_POINT('',(53.639099121094,34.185501098633,9.));
#4831 = VECTOR('',#4832,1.);
#4832 = DIRECTION('',(0.,0.,-1.));
#4833 = ORIENTED_EDGE('',*,*,#1052,.F.);
#4834 = ORIENTED_EDGE('',*,*,#4804,.T.);
#4835 = PLANE('',#4836);
#4836 = AXIS2_PLACEMENT_3D('',#4837,#4838,#4839);
#4837 = CARTESIAN_POINT('',(53.551050186157,34.207599639893,4.5));
#4838 = DIRECTION('',(0.243430331835,0.969918384991,0.));
#4839 = DIRECTION('',(0.969918384991,-0.243430331835,0.));
#4840 = ADVANCED_FACE('',(#4841),#4859,.T.);
#4841 = FACE_BOUND('',#4842,.T.);
#4842 = EDGE_LOOP('',(#4843,#4851,#4857,#4858));
#4843 = ORIENTED_EDGE('',*,*,#4844,.F.);
#4844 = EDGE_CURVE('',#4845,#4821,#4847,.T.);
#4845 = VERTEX_POINT('',#4846);
#4846 = CARTESIAN_POINT('',(53.818698883057,34.1589012146,9.));
#4847 = LINE('',#4848,#4849);
#4848 = CARTESIAN_POINT('',(53.818698883057,34.1589012146,9.));
#4849 = VECTOR('',#4850,1.);
#4850 = DIRECTION('',(-0.989209440443,0.146508303311,0.));
#4851 = ORIENTED_EDGE('',*,*,#4852,.T.);
#4852 = EDGE_CURVE('',#4845,#1061,#4853,.T.);
#4853 = LINE('',#4854,#4855);
#4854 = CARTESIAN_POINT('',(53.818698883057,34.1589012146,9.));
#4855 = VECTOR('',#4856,1.);
#4856 = DIRECTION('',(0.,0.,-1.));
#4857 = ORIENTED_EDGE('',*,*,#1060,.F.);
#4858 = ORIENTED_EDGE('',*,*,#4828,.F.);
#4859 = PLANE('',#4860);
#4860 = AXIS2_PLACEMENT_3D('',#4861,#4862,#4863);
#4861 = CARTESIAN_POINT('',(53.728899002075,34.172201156616,4.5));
#4862 = DIRECTION('',(0.146508303311,0.989209440443,0.));
#4863 = DIRECTION('',(0.989209440443,-0.146508303311,0.));
#4864 = ADVANCED_FACE('',(#4865),#4883,.T.);
#4865 = FACE_BOUND('',#4866,.T.);
#4866 = EDGE_LOOP('',(#4867,#4875,#4881,#4882));
#4867 = ORIENTED_EDGE('',*,*,#4868,.F.);
#4868 = EDGE_CURVE('',#4869,#4845,#4871,.T.);
#4869 = VERTEX_POINT('',#4870);
#4870 = CARTESIAN_POINT('',(54.,34.150001525879,9.));
#4871 = LINE('',#4872,#4873);
#4872 = CARTESIAN_POINT('',(54.,34.150001525879,9.));
#4873 = VECTOR('',#4874,1.);
#4874 = DIRECTION('',(-0.998797362669,4.90288519601E-02,0.));
#4875 = ORIENTED_EDGE('',*,*,#4876,.T.);
#4876 = EDGE_CURVE('',#4869,#1069,#4877,.T.);
#4877 = LINE('',#4878,#4879);
#4878 = CARTESIAN_POINT('',(54.,34.150001525879,9.));
#4879 = VECTOR('',#4880,1.);
#4880 = DIRECTION('',(0.,0.,-1.));
#4881 = ORIENTED_EDGE('',*,*,#1068,.F.);
#4882 = ORIENTED_EDGE('',*,*,#4852,.F.);
#4883 = PLANE('',#4884);
#4884 = AXIS2_PLACEMENT_3D('',#4885,#4886,#4887);
#4885 = CARTESIAN_POINT('',(53.909349441528,34.154451370239,4.5));
#4886 = DIRECTION('',(4.90288519601E-02,0.998797362669,0.));
#4887 = DIRECTION('',(0.998797362669,-4.90288519601E-02,0.));
#4888 = ADVANCED_FACE('',(#4889),#4907,.T.);
#4889 = FACE_BOUND('',#4890,.T.);
#4890 = EDGE_LOOP('',(#4891,#4899,#4905,#4906));
#4891 = ORIENTED_EDGE('',*,*,#4892,.F.);
#4892 = EDGE_CURVE('',#4893,#4869,#4895,.T.);
#4893 = VERTEX_POINT('',#4894);
#4894 = CARTESIAN_POINT('',(54.181301116943,34.1589012146,9.));
#4895 = LINE('',#4896,#4897);
#4896 = CARTESIAN_POINT('',(54.181301116943,34.1589012146,9.));
#4897 = VECTOR('',#4898,1.);
#4898 = DIRECTION('',(-0.998797362669,-4.90288519601E-02,0.));
#4899 = ORIENTED_EDGE('',*,*,#4900,.F.);
#4900 = EDGE_CURVE('',#1077,#4893,#4901,.T.);
#4901 = LINE('',#4902,#4903);
#4902 = CARTESIAN_POINT('',(54.181301116943,34.1589012146,0.));
#4903 = VECTOR('',#4904,1.);
#4904 = DIRECTION('',(0.,0.,1.));
#4905 = ORIENTED_EDGE('',*,*,#1076,.F.);
#4906 = ORIENTED_EDGE('',*,*,#4876,.F.);
#4907 = PLANE('',#4908);
#4908 = AXIS2_PLACEMENT_3D('',#4909,#4910,#4911);
#4909 = CARTESIAN_POINT('',(54.090650558472,34.154451370239,4.5));
#4910 = DIRECTION('',(-4.90288519601E-02,0.998797362669,0.));
#4911 = DIRECTION('',(0.998797362669,4.90288519601E-02,0.));
#4912 = ADVANCED_FACE('',(#4913),#4931,.T.);
#4913 = FACE_BOUND('',#4914,.T.);
#4914 = EDGE_LOOP('',(#4915,#4923,#4929,#4930));
#4915 = ORIENTED_EDGE('',*,*,#4916,.F.);
#4916 = EDGE_CURVE('',#4917,#4893,#4919,.T.);
#4917 = VERTEX_POINT('',#4918);
#4918 = CARTESIAN_POINT('',(54.360900878906,34.185501098633,9.));
#4919 = LINE('',#4920,#4921);
#4920 = CARTESIAN_POINT('',(54.360900878906,34.185501098633,9.));
#4921 = VECTOR('',#4922,1.);
#4922 = DIRECTION('',(-0.989209440443,-0.146508303311,0.));
#4923 = ORIENTED_EDGE('',*,*,#4924,.F.);
#4924 = EDGE_CURVE('',#1085,#4917,#4925,.T.);
#4925 = LINE('',#4926,#4927);
#4926 = CARTESIAN_POINT('',(54.360900878906,34.185501098633,0.));
#4927 = VECTOR('',#4928,1.);
#4928 = DIRECTION('',(0.,0.,1.));
#4929 = ORIENTED_EDGE('',*,*,#1084,.F.);
#4930 = ORIENTED_EDGE('',*,*,#4900,.T.);
#4931 = PLANE('',#4932);
#4932 = AXIS2_PLACEMENT_3D('',#4933,#4934,#4935);
#4933 = CARTESIAN_POINT('',(54.271100997925,34.172201156616,4.5));
#4934 = DIRECTION('',(-0.146508303311,0.989209440443,0.));
#4935 = DIRECTION('',(0.989209440443,0.146508303311,0.));
#4936 = ADVANCED_FACE('',(#4937),#4955,.T.);
#4937 = FACE_BOUND('',#4938,.T.);
#4938 = EDGE_LOOP('',(#4939,#4947,#4953,#4954));
#4939 = ORIENTED_EDGE('',*,*,#4940,.F.);
#4940 = EDGE_CURVE('',#4941,#4917,#4943,.T.);
#4941 = VERTEX_POINT('',#4942);
#4942 = CARTESIAN_POINT('',(54.536998748779,34.229698181152,9.));
#4943 = LINE('',#4944,#4945);
#4944 = CARTESIAN_POINT('',(54.536998748779,34.229698181152,9.));
#4945 = VECTOR('',#4946,1.);
#4946 = DIRECTION('',(-0.969918384991,-0.243430331835,0.));
#4947 = ORIENTED_EDGE('',*,*,#4948,.F.);
#4948 = EDGE_CURVE('',#1093,#4941,#4949,.T.);
#4949 = LINE('',#4950,#4951);
#4950 = CARTESIAN_POINT('',(54.536998748779,34.229698181152,0.));
#4951 = VECTOR('',#4952,1.);
#4952 = DIRECTION('',(0.,0.,1.));
#4953 = ORIENTED_EDGE('',*,*,#1092,.F.);
#4954 = ORIENTED_EDGE('',*,*,#4924,.T.);
#4955 = PLANE('',#4956);
#4956 = AXIS2_PLACEMENT_3D('',#4957,#4958,#4959);
#4957 = CARTESIAN_POINT('',(54.448949813843,34.207599639893,4.5));
#4958 = DIRECTION('',(-0.243430331835,0.969918384991,0.));
#4959 = DIRECTION('',(0.969918384991,0.243430331835,0.));
#4960 = ADVANCED_FACE('',(#4961),#4979,.T.);
#4961 = FACE_BOUND('',#4962,.T.);
#4962 = EDGE_LOOP('',(#4963,#4971,#4977,#4978));
#4963 = ORIENTED_EDGE('',*,*,#4964,.F.);
#4964 = EDGE_CURVE('',#4965,#4941,#4967,.T.);
#4965 = VERTEX_POINT('',#4966);
#4966 = CARTESIAN_POINT('',(54.708000183105,34.290798187256,9.));
#4967 = LINE('',#4968,#4969);
#4968 = CARTESIAN_POINT('',(54.708000183105,34.290798187256,9.));
#4969 = VECTOR('',#4970,1.);
#4970 = DIRECTION('',(-0.941692948024,-0.336473463504,0.));
#4971 = ORIENTED_EDGE('',*,*,#4972,.T.);
#4972 = EDGE_CURVE('',#4965,#1101,#4973,.T.);
#4973 = LINE('',#4974,#4975);
#4974 = CARTESIAN_POINT('',(54.708000183105,34.290798187256,9.));
#4975 = VECTOR('',#4976,1.);
#4976 = DIRECTION('',(0.,0.,-1.));
#4977 = ORIENTED_EDGE('',*,*,#1100,.F.);
#4978 = ORIENTED_EDGE('',*,*,#4948,.T.);
#4979 = PLANE('',#4980);
#4980 = AXIS2_PLACEMENT_3D('',#4981,#4982,#4983);
#4981 = CARTESIAN_POINT('',(54.622499465942,34.260248184204,4.5));
#4982 = DIRECTION('',(-0.336473463504,0.941692948024,0.));
#4983 = DIRECTION('',(0.941692948024,0.336473463504,0.));
#4984 = ADVANCED_FACE('',(#4985),#5003,.T.);
#4985 = FACE_BOUND('',#4986,.T.);
#4986 = EDGE_LOOP('',(#4987,#4995,#5001,#5002));
#4987 = ORIENTED_EDGE('',*,*,#4988,.F.);
#4988 = EDGE_CURVE('',#4989,#4965,#4991,.T.);
#4989 = VERTEX_POINT('',#4990);
#4990 = CARTESIAN_POINT('',(54.872100830078,34.36840057373,9.));
#4991 = LINE('',#4992,#4993);
#4992 = CARTESIAN_POINT('',(54.872100830078,34.36840057373,9.));
#4993 = VECTOR('',#4994,1.);
#4994 = DIRECTION('',(-0.904013648298,-0.427503594945,0.));
#4995 = ORIENTED_EDGE('',*,*,#4996,.F.);
#4996 = EDGE_CURVE('',#1109,#4989,#4997,.T.);
#4997 = LINE('',#4998,#4999);
#4998 = CARTESIAN_POINT('',(54.872100830078,34.36840057373,0.));
#4999 = VECTOR('',#5000,1.);
#5000 = DIRECTION('',(0.,0.,1.));
#5001 = ORIENTED_EDGE('',*,*,#1108,.F.);
#5002 = ORIENTED_EDGE('',*,*,#4972,.F.);
#5003 = PLANE('',#5004);
#5004 = AXIS2_PLACEMENT_3D('',#5005,#5006,#5007);
#5005 = CARTESIAN_POINT('',(54.790050506592,34.329599380493,4.5));
#5006 = DIRECTION('',(-0.427503594945,0.904013648298,0.));
#5007 = DIRECTION('',(0.904013648298,0.427503594945,0.));
#5008 = ADVANCED_FACE('',(#5009),#5027,.T.);
#5009 = FACE_BOUND('',#5010,.T.);
#5010 = EDGE_LOOP('',(#5011,#5019,#5025,#5026));
#5011 = ORIENTED_EDGE('',*,*,#5012,.F.);
#5012 = EDGE_CURVE('',#5013,#4989,#5015,.T.);
#5013 = VERTEX_POINT('',#5014);
#5014 = CARTESIAN_POINT('',(55.027801513672,34.461799621582,9.));
#5015 = LINE('',#5016,#5017);
#5016 = CARTESIAN_POINT('',(55.027801513672,34.461799621582,9.));
#5017 = VECTOR('',#5018,1.);
#5018 = DIRECTION('',(-0.857544828448,-0.514409240977,0.));
#5019 = ORIENTED_EDGE('',*,*,#5020,.T.);
#5020 = EDGE_CURVE('',#5013,#1117,#5021,.T.);
#5021 = LINE('',#5022,#5023);
#5022 = CARTESIAN_POINT('',(55.027801513672,34.461799621582,9.));
#5023 = VECTOR('',#5024,1.);
#5024 = DIRECTION('',(0.,0.,-1.));
#5025 = ORIENTED_EDGE('',*,*,#1116,.F.);
#5026 = ORIENTED_EDGE('',*,*,#4996,.T.);
#5027 = PLANE('',#5028);
#5028 = AXIS2_PLACEMENT_3D('',#5029,#5030,#5031);
#5029 = CARTESIAN_POINT('',(54.949951171875,34.415100097656,4.5));
#5030 = DIRECTION('',(-0.514409240977,0.857544828448,0.));
#5031 = DIRECTION('',(0.857544828448,0.514409240977,0.));
#5032 = ADVANCED_FACE('',(#5033),#5051,.T.);
#5033 = FACE_BOUND('',#5034,.T.);
#5034 = EDGE_LOOP('',(#5035,#5043,#5049,#5050));
#5035 = ORIENTED_EDGE('',*,*,#5036,.F.);
#5036 = EDGE_CURVE('',#5037,#5013,#5039,.T.);
#5037 = VERTEX_POINT('',#5038);
#5038 = CARTESIAN_POINT('',(55.173599243164,34.569900512695,9.));
#5039 = LINE('',#5040,#5041);
#5040 = CARTESIAN_POINT('',(55.173599243164,34.569900512695,9.));
#5041 = VECTOR('',#5042,1.);
#5042 = DIRECTION('',(-0.803286806393,-0.595592399779,0.));
#5043 = ORIENTED_EDGE('',*,*,#5044,.F.);
#5044 = EDGE_CURVE('',#1125,#5037,#5045,.T.);
#5045 = LINE('',#5046,#5047);
#5046 = CARTESIAN_POINT('',(55.173599243164,34.569900512695,0.));
#5047 = VECTOR('',#5048,1.);
#5048 = DIRECTION('',(0.,0.,1.));
#5049 = ORIENTED_EDGE('',*,*,#1124,.F.);
#5050 = ORIENTED_EDGE('',*,*,#5020,.F.);
#5051 = PLANE('',#5052);
#5052 = AXIS2_PLACEMENT_3D('',#5053,#5054,#5055);
#5053 = CARTESIAN_POINT('',(55.100700378418,34.515850067139,4.5));
#5054 = DIRECTION('',(-0.595592399779,0.803286806393,0.));
#5055 = DIRECTION('',(0.803286806393,0.595592399779,0.));
#5056 = ADVANCED_FACE('',(#5057),#5075,.T.);
#5057 = FACE_BOUND('',#5058,.T.);
#5058 = EDGE_LOOP('',(#5059,#5067,#5073,#5074));
#5059 = ORIENTED_EDGE('',*,*,#5060,.F.);
#5060 = EDGE_CURVE('',#5061,#5037,#5063,.T.);
#5061 = VERTEX_POINT('',#5062);
#5062 = CARTESIAN_POINT('',(55.308101654053,34.691898345947,9.));
#5063 = LINE('',#5064,#5065);
#5064 = CARTESIAN_POINT('',(55.308101654053,34.691898345947,9.));
#5065 = VECTOR('',#5066,1.);
#5066 = DIRECTION('',(-0.740699099224,-0.671836918015,0.));
#5067 = ORIENTED_EDGE('',*,*,#5068,.T.);
#5068 = EDGE_CURVE('',#5061,#1133,#5069,.T.);
#5069 = LINE('',#5070,#5071);
#5070 = CARTESIAN_POINT('',(55.308101654053,34.691898345947,9.));
#5071 = VECTOR('',#5072,1.);
#5072 = DIRECTION('',(0.,0.,-1.));
#5073 = ORIENTED_EDGE('',*,*,#1132,.F.);
#5074 = ORIENTED_EDGE('',*,*,#5044,.T.);
#5075 = PLANE('',#5076);
#5076 = AXIS2_PLACEMENT_3D('',#5077,#5078,#5079);
#5077 = CARTESIAN_POINT('',(55.240850448608,34.630899429321,4.5));
#5078 = DIRECTION('',(-0.671836918015,0.740699099224,0.));
#5079 = DIRECTION('',(0.740699099224,0.671836918015,0.));
#5080 = ADVANCED_FACE('',(#5081),#5099,.T.);
#5081 = FACE_BOUND('',#5082,.T.);
#5082 = EDGE_LOOP('',(#5083,#5091,#5092,#5093));
#5083 = ORIENTED_EDGE('',*,*,#5084,.F.);
#5084 = EDGE_CURVE('',#1141,#5085,#5087,.T.);
#5085 = VERTEX_POINT('',#5086);
#5086 = CARTESIAN_POINT('',(55.430099487305,34.826400756836,9.));
#5087 = LINE('',#5088,#5089);
#5088 = CARTESIAN_POINT('',(55.430099487305,34.826400756836,0.));
#5089 = VECTOR('',#5090,1.);
#5090 = DIRECTION('',(0.,0.,1.));
#5091 = ORIENTED_EDGE('',*,*,#1140,.F.);
#5092 = ORIENTED_EDGE('',*,*,#5068,.F.);
#5093 = ORIENTED_EDGE('',*,*,#5094,.F.);
#5094 = EDGE_CURVE('',#5085,#5061,#5095,.T.);
#5095 = LINE('',#5096,#5097);
#5096 = CARTESIAN_POINT('',(55.430099487305,34.826400756836,9.));
#5097 = VECTOR('',#5098,1.);
#5098 = DIRECTION('',(-0.671836918015,-0.740699099224,0.));
#5099 = PLANE('',#5100);
#5100 = AXIS2_PLACEMENT_3D('',#5101,#5102,#5103);
#5101 = CARTESIAN_POINT('',(55.369100570679,34.759149551392,4.5));
#5102 = DIRECTION('',(-0.740699099224,0.671836918015,0.));
#5103 = DIRECTION('',(-0.671836918015,-0.740699099224,0.));
#5104 = ADVANCED_FACE('',(#5105),#5123,.T.);
#5105 = FACE_BOUND('',#5106,.T.);
#5106 = EDGE_LOOP('',(#5107,#5115,#5116,#5117));
#5107 = ORIENTED_EDGE('',*,*,#5108,.T.);
#5108 = EDGE_CURVE('',#5109,#1149,#5111,.T.);
#5109 = VERTEX_POINT('',#5110);
#5110 = CARTESIAN_POINT('',(55.538200378418,34.972198486328,9.));
#5111 = LINE('',#5112,#5113);
#5112 = CARTESIAN_POINT('',(55.538200378418,34.972198486328,9.));
#5113 = VECTOR('',#5114,1.);
#5114 = DIRECTION('',(0.,0.,-1.));
#5115 = ORIENTED_EDGE('',*,*,#1148,.F.);
#5116 = ORIENTED_EDGE('',*,*,#5084,.T.);
#5117 = ORIENTED_EDGE('',*,*,#5118,.F.);
#5118 = EDGE_CURVE('',#5109,#5085,#5119,.T.);
#5119 = LINE('',#5120,#5121);
#5120 = CARTESIAN_POINT('',(55.538200378418,34.972198486328,9.));
#5121 = VECTOR('',#5122,1.);
#5122 = DIRECTION('',(-0.595592399779,-0.803286806393,0.));
#5123 = PLANE('',#5124);
#5124 = AXIS2_PLACEMENT_3D('',#5125,#5126,#5127);
#5125 = CARTESIAN_POINT('',(55.484149932861,34.899299621582,4.5));
#5126 = DIRECTION('',(-0.803286806393,0.595592399779,0.));
#5127 = DIRECTION('',(-0.595592399779,-0.803286806393,0.));
#5128 = ADVANCED_FACE('',(#5129),#5147,.T.);
#5129 = FACE_BOUND('',#5130,.T.);
#5130 = EDGE_LOOP('',(#5131,#5139,#5140,#5141));
#5131 = ORIENTED_EDGE('',*,*,#5132,.F.);
#5132 = EDGE_CURVE('',#1157,#5133,#5135,.T.);
#5133 = VERTEX_POINT('',#5134);
#5134 = CARTESIAN_POINT('',(55.63159942627,35.127899169922,9.));
#5135 = LINE('',#5136,#5137);
#5136 = CARTESIAN_POINT('',(55.63159942627,35.127899169922,0.));
#5137 = VECTOR('',#5138,1.);
#5138 = DIRECTION('',(0.,0.,1.));
#5139 = ORIENTED_EDGE('',*,*,#1156,.F.);
#5140 = ORIENTED_EDGE('',*,*,#5108,.F.);
#5141 = ORIENTED_EDGE('',*,*,#5142,.F.);
#5142 = EDGE_CURVE('',#5133,#5109,#5143,.T.);
#5143 = LINE('',#5144,#5145);
#5144 = CARTESIAN_POINT('',(55.63159942627,35.127899169922,9.));
#5145 = VECTOR('',#5146,1.);
#5146 = DIRECTION('',(-0.514409240977,-0.857544828448,0.));
#5147 = PLANE('',#5148);
#5148 = AXIS2_PLACEMENT_3D('',#5149,#5150,#5151);
#5149 = CARTESIAN_POINT('',(55.584899902344,35.050048828125,4.5));
#5150 = DIRECTION('',(-0.857544828448,0.514409240977,0.));
#5151 = DIRECTION('',(-0.514409240977,-0.857544828448,0.));
#5152 = ADVANCED_FACE('',(#5153),#5171,.T.);
#5153 = FACE_BOUND('',#5154,.T.);
#5154 = EDGE_LOOP('',(#5155,#5163,#5164,#5165));
#5155 = ORIENTED_EDGE('',*,*,#5156,.T.);
#5156 = EDGE_CURVE('',#5157,#1165,#5159,.T.);
#5157 = VERTEX_POINT('',#5158);
#5158 = CARTESIAN_POINT('',(55.709201812744,35.291999816895,9.));
#5159 = LINE('',#5160,#5161);
#5160 = CARTESIAN_POINT('',(55.709201812744,35.291999816895,9.));
#5161 = VECTOR('',#5162,1.);
#5162 = DIRECTION('',(0.,0.,-1.));
#5163 = ORIENTED_EDGE('',*,*,#1164,.F.);
#5164 = ORIENTED_EDGE('',*,*,#5132,.T.);
#5165 = ORIENTED_EDGE('',*,*,#5166,.F.);
#5166 = EDGE_CURVE('',#5157,#5133,#5167,.T.);
#5167 = LINE('',#5168,#5169);
#5168 = CARTESIAN_POINT('',(55.709201812744,35.291999816895,9.));
#5169 = VECTOR('',#5170,1.);
#5170 = DIRECTION('',(-0.427503594945,-0.904013648298,0.));
#5171 = PLANE('',#5172);
#5172 = AXIS2_PLACEMENT_3D('',#5173,#5174,#5175);
#5173 = CARTESIAN_POINT('',(55.670400619507,35.209949493408,4.5));
#5174 = DIRECTION('',(-0.904013648298,0.427503594945,0.));
#5175 = DIRECTION('',(-0.427503594945,-0.904013648298,0.));
#5176 = ADVANCED_FACE('',(#5177),#5195,.T.);
#5177 = FACE_BOUND('',#5178,.T.);
#5178 = EDGE_LOOP('',(#5179,#5187,#5188,#5189));
#5179 = ORIENTED_EDGE('',*,*,#5180,.F.);
#5180 = EDGE_CURVE('',#1173,#5181,#5183,.T.);
#5181 = VERTEX_POINT('',#5182);
#5182 = CARTESIAN_POINT('',(55.770301818848,35.463001251221,9.));
#5183 = LINE('',#5184,#5185);
#5184 = CARTESIAN_POINT('',(55.770301818848,35.463001251221,0.));
#5185 = VECTOR('',#5186,1.);
#5186 = DIRECTION('',(0.,0.,1.));
#5187 = ORIENTED_EDGE('',*,*,#1172,.F.);
#5188 = ORIENTED_EDGE('',*,*,#5156,.F.);
#5189 = ORIENTED_EDGE('',*,*,#5190,.F.);
#5190 = EDGE_CURVE('',#5181,#5157,#5191,.T.);
#5191 = LINE('',#5192,#5193);
#5192 = CARTESIAN_POINT('',(55.770301818848,35.463001251221,9.));
#5193 = VECTOR('',#5194,1.);
#5194 = DIRECTION('',(-0.336473463504,-0.941692948024,0.));
#5195 = PLANE('',#5196);
#5196 = AXIS2_PLACEMENT_3D('',#5197,#5198,#5199);
#5197 = CARTESIAN_POINT('',(55.739751815796,35.377500534058,4.5));
#5198 = DIRECTION('',(-0.941692948024,0.336473463504,0.));
#5199 = DIRECTION('',(-0.336473463504,-0.941692948024,0.));
#5200 = ADVANCED_FACE('',(#5201),#5219,.T.);
#5201 = FACE_BOUND('',#5202,.T.);
#5202 = EDGE_LOOP('',(#5203,#5211,#5212,#5213));
#5203 = ORIENTED_EDGE('',*,*,#5204,.T.);
#5204 = EDGE_CURVE('',#5205,#1181,#5207,.T.);
#5205 = VERTEX_POINT('',#5206);
#5206 = CARTESIAN_POINT('',(55.814498901367,35.639099121094,9.));
#5207 = LINE('',#5208,#5209);
#5208 = CARTESIAN_POINT('',(55.814498901367,35.639099121094,9.));
#5209 = VECTOR('',#5210,1.);
#5210 = DIRECTION('',(0.,0.,-1.));
#5211 = ORIENTED_EDGE('',*,*,#1180,.F.);
#5212 = ORIENTED_EDGE('',*,*,#5180,.T.);
#5213 = ORIENTED_EDGE('',*,*,#5214,.F.);
#5214 = EDGE_CURVE('',#5205,#5181,#5215,.T.);
#5215 = LINE('',#5216,#5217);
#5216 = CARTESIAN_POINT('',(55.814498901367,35.639099121094,9.));
#5217 = VECTOR('',#5218,1.);
#5218 = DIRECTION('',(-0.243430331835,-0.969918384991,0.));
#5219 = PLANE('',#5220);
#5220 = AXIS2_PLACEMENT_3D('',#5221,#5222,#5223);
#5221 = CARTESIAN_POINT('',(55.792400360107,35.551050186157,4.5));
#5222 = DIRECTION('',(-0.969918384991,0.243430331835,0.));
#5223 = DIRECTION('',(-0.243430331835,-0.969918384991,0.));
#5224 = ADVANCED_FACE('',(#5225),#5243,.T.);
#5225 = FACE_BOUND('',#5226,.T.);
#5226 = EDGE_LOOP('',(#5227,#5235,#5236,#5237));
#5227 = ORIENTED_EDGE('',*,*,#5228,.F.);
#5228 = EDGE_CURVE('',#1189,#5229,#5231,.T.);
#5229 = VERTEX_POINT('',#5230);
#5230 = CARTESIAN_POINT('',(55.8410987854,35.818698883057,9.));
#5231 = LINE('',#5232,#5233);
#5232 = CARTESIAN_POINT('',(55.8410987854,35.818698883057,0.));
#5233 = VECTOR('',#5234,1.);
#5234 = DIRECTION('',(0.,0.,1.));
#5235 = ORIENTED_EDGE('',*,*,#1188,.F.);
#5236 = ORIENTED_EDGE('',*,*,#5204,.F.);
#5237 = ORIENTED_EDGE('',*,*,#5238,.F.);
#5238 = EDGE_CURVE('',#5229,#5205,#5239,.T.);
#5239 = LINE('',#5240,#5241);
#5240 = CARTESIAN_POINT('',(55.8410987854,35.818698883057,9.));
#5241 = VECTOR('',#5242,1.);
#5242 = DIRECTION('',(-0.146508303311,-0.989209440443,0.));
#5243 = PLANE('',#5244);
#5244 = AXIS2_PLACEMENT_3D('',#5245,#5246,#5247);
#5245 = CARTESIAN_POINT('',(55.827798843384,35.728899002075,4.5));
#5246 = DIRECTION('',(-0.989209440443,0.146508303311,0.));
#5247 = DIRECTION('',(-0.146508303311,-0.989209440443,0.));
#5248 = ADVANCED_FACE('',(#5249),#5267,.T.);
#5249 = FACE_BOUND('',#5250,.T.);
#5250 = EDGE_LOOP('',(#5251,#5259,#5260,#5261));
#5251 = ORIENTED_EDGE('',*,*,#5252,.F.);
#5252 = EDGE_CURVE('',#1197,#5253,#5255,.T.);
#5253 = VERTEX_POINT('',#5254);
#5254 = CARTESIAN_POINT('',(55.849998474121,36.,9.));
#5255 = LINE('',#5256,#5257);
#5256 = CARTESIAN_POINT('',(55.849998474121,36.,0.));
#5257 = VECTOR('',#5258,1.);
#5258 = DIRECTION('',(0.,0.,1.));
#5259 = ORIENTED_EDGE('',*,*,#1196,.F.);
#5260 = ORIENTED_EDGE('',*,*,#5228,.T.);
#5261 = ORIENTED_EDGE('',*,*,#5262,.F.);
#5262 = EDGE_CURVE('',#5253,#5229,#5263,.T.);
#5263 = LINE('',#5264,#5265);
#5264 = CARTESIAN_POINT('',(55.849998474121,36.,9.));
#5265 = VECTOR('',#5266,1.);
#5266 = DIRECTION('',(-4.90288519601E-02,-0.998797362669,0.));
#5267 = PLANE('',#5268);
#5268 = AXIS2_PLACEMENT_3D('',#5269,#5270,#5271);
#5269 = CARTESIAN_POINT('',(55.845548629761,35.909349441528,4.5));
#5270 = DIRECTION('',(-0.998797362669,4.90288519601E-02,0.));
#5271 = DIRECTION('',(-4.90288519601E-02,-0.998797362669,0.));
#5272 = ADVANCED_FACE('',(#5273),#5291,.T.);
#5273 = FACE_BOUND('',#5274,.T.);
#5274 = EDGE_LOOP('',(#5275,#5283,#5284,#5285));
#5275 = ORIENTED_EDGE('',*,*,#5276,.F.);
#5276 = EDGE_CURVE('',#1205,#5277,#5279,.T.);
#5277 = VERTEX_POINT('',#5278);
#5278 = CARTESIAN_POINT('',(55.8410987854,36.181301116943,9.));
#5279 = LINE('',#5280,#5281);
#5280 = CARTESIAN_POINT('',(55.8410987854,36.181301116943,0.));
#5281 = VECTOR('',#5282,1.);
#5282 = DIRECTION('',(0.,0.,1.));
#5283 = ORIENTED_EDGE('',*,*,#1204,.F.);
#5284 = ORIENTED_EDGE('',*,*,#5252,.T.);
#5285 = ORIENTED_EDGE('',*,*,#5286,.F.);
#5286 = EDGE_CURVE('',#5277,#5253,#5287,.T.);
#5287 = LINE('',#5288,#5289);
#5288 = CARTESIAN_POINT('',(55.8410987854,36.181301116943,9.));
#5289 = VECTOR('',#5290,1.);
#5290 = DIRECTION('',(4.90288519601E-02,-0.998797362669,0.));
#5291 = PLANE('',#5292);
#5292 = AXIS2_PLACEMENT_3D('',#5293,#5294,#5295);
#5293 = CARTESIAN_POINT('',(55.845548629761,36.090650558472,4.5));
#5294 = DIRECTION('',(-0.998797362669,-4.90288519601E-02,-0.));
#5295 = DIRECTION('',(4.90288519601E-02,-0.998797362669,0.));
#5296 = ADVANCED_FACE('',(#5297),#5315,.T.);
#5297 = FACE_BOUND('',#5298,.T.);
#5298 = EDGE_LOOP('',(#5299,#5307,#5308,#5309));
#5299 = ORIENTED_EDGE('',*,*,#5300,.T.);
#5300 = EDGE_CURVE('',#5301,#1213,#5303,.T.);
#5301 = VERTEX_POINT('',#5302);
#5302 = CARTESIAN_POINT('',(55.814498901367,36.360900878906,9.));
#5303 = LINE('',#5304,#5305);
#5304 = CARTESIAN_POINT('',(55.814498901367,36.360900878906,9.));
#5305 = VECTOR('',#5306,1.);
#5306 = DIRECTION('',(0.,0.,-1.));
#5307 = ORIENTED_EDGE('',*,*,#1212,.F.);
#5308 = ORIENTED_EDGE('',*,*,#5276,.T.);
#5309 = ORIENTED_EDGE('',*,*,#5310,.F.);
#5310 = EDGE_CURVE('',#5301,#5277,#5311,.T.);
#5311 = LINE('',#5312,#5313);
#5312 = CARTESIAN_POINT('',(55.814498901367,36.360900878906,9.));
#5313 = VECTOR('',#5314,1.);
#5314 = DIRECTION('',(0.146508303311,-0.989209440443,0.));
#5315 = PLANE('',#5316);
#5316 = AXIS2_PLACEMENT_3D('',#5317,#5318,#5319);
#5317 = CARTESIAN_POINT('',(55.827798843384,36.271100997925,4.5));
#5318 = DIRECTION('',(-0.989209440443,-0.146508303311,-0.));
#5319 = DIRECTION('',(0.146508303311,-0.989209440443,0.));
#5320 = ADVANCED_FACE('',(#5321),#5339,.T.);
#5321 = FACE_BOUND('',#5322,.T.);
#5322 = EDGE_LOOP('',(#5323,#5331,#5332,#5333));
#5323 = ORIENTED_EDGE('',*,*,#5324,.T.);
#5324 = EDGE_CURVE('',#5325,#1221,#5327,.T.);
#5325 = VERTEX_POINT('',#5326);
#5326 = CARTESIAN_POINT('',(55.770301818848,36.536998748779,9.));
#5327 = LINE('',#5328,#5329);
#5328 = CARTESIAN_POINT('',(55.770301818848,36.536998748779,9.));
#5329 = VECTOR('',#5330,1.);
#5330 = DIRECTION('',(0.,0.,-1.));
#5331 = ORIENTED_EDGE('',*,*,#1220,.F.);
#5332 = ORIENTED_EDGE('',*,*,#5300,.F.);
#5333 = ORIENTED_EDGE('',*,*,#5334,.F.);
#5334 = EDGE_CURVE('',#5325,#5301,#5335,.T.);
#5335 = LINE('',#5336,#5337);
#5336 = CARTESIAN_POINT('',(55.770301818848,36.536998748779,9.));
#5337 = VECTOR('',#5338,1.);
#5338 = DIRECTION('',(0.243430331835,-0.969918384991,0.));
#5339 = PLANE('',#5340);
#5340 = AXIS2_PLACEMENT_3D('',#5341,#5342,#5343);
#5341 = CARTESIAN_POINT('',(55.792400360107,36.448949813843,4.5));
#5342 = DIRECTION('',(-0.969918384991,-0.243430331835,-0.));
#5343 = DIRECTION('',(0.243430331835,-0.969918384991,0.));
#5344 = ADVANCED_FACE('',(#5345),#5363,.T.);
#5345 = FACE_BOUND('',#5346,.T.);
#5346 = EDGE_LOOP('',(#5347,#5355,#5356,#5357));
#5347 = ORIENTED_EDGE('',*,*,#5348,.F.);
#5348 = EDGE_CURVE('',#1229,#5349,#5351,.T.);
#5349 = VERTEX_POINT('',#5350);
#5350 = CARTESIAN_POINT('',(55.709201812744,36.708000183105,9.));
#5351 = LINE('',#5352,#5353);
#5352 = CARTESIAN_POINT('',(55.709201812744,36.708000183105,0.));
#5353 = VECTOR('',#5354,1.);
#5354 = DIRECTION('',(0.,0.,1.));
#5355 = ORIENTED_EDGE('',*,*,#1228,.F.);
#5356 = ORIENTED_EDGE('',*,*,#5324,.F.);
#5357 = ORIENTED_EDGE('',*,*,#5358,.F.);
#5358 = EDGE_CURVE('',#5349,#5325,#5359,.T.);
#5359 = LINE('',#5360,#5361);
#5360 = CARTESIAN_POINT('',(55.709201812744,36.708000183105,9.));
#5361 = VECTOR('',#5362,1.);
#5362 = DIRECTION('',(0.336473463504,-0.941692948024,0.));
#5363 = PLANE('',#5364);
#5364 = AXIS2_PLACEMENT_3D('',#5365,#5366,#5367);
#5365 = CARTESIAN_POINT('',(55.739751815796,36.622499465942,4.5));
#5366 = DIRECTION('',(-0.941692948024,-0.336473463504,-0.));
#5367 = DIRECTION('',(0.336473463504,-0.941692948024,0.));
#5368 = ADVANCED_FACE('',(#5369),#5387,.T.);
#5369 = FACE_BOUND('',#5370,.T.);
#5370 = EDGE_LOOP('',(#5371,#5379,#5380,#5381));
#5371 = ORIENTED_EDGE('',*,*,#5372,.T.);
#5372 = EDGE_CURVE('',#5373,#1237,#5375,.T.);
#5373 = VERTEX_POINT('',#5374);
#5374 = CARTESIAN_POINT('',(55.63159942627,36.872100830078,9.));
#5375 = LINE('',#5376,#5377);
#5376 = CARTESIAN_POINT('',(55.63159942627,36.872100830078,9.));
#5377 = VECTOR('',#5378,1.);
#5378 = DIRECTION('',(0.,0.,-1.));
#5379 = ORIENTED_EDGE('',*,*,#1236,.F.);
#5380 = ORIENTED_EDGE('',*,*,#5348,.T.);
#5381 = ORIENTED_EDGE('',*,*,#5382,.F.);
#5382 = EDGE_CURVE('',#5373,#5349,#5383,.T.);
#5383 = LINE('',#5384,#5385);
#5384 = CARTESIAN_POINT('',(55.63159942627,36.872100830078,9.));
#5385 = VECTOR('',#5386,1.);
#5386 = DIRECTION('',(0.427503594945,-0.904013648298,0.));
#5387 = PLANE('',#5388);
#5388 = AXIS2_PLACEMENT_3D('',#5389,#5390,#5391);
#5389 = CARTESIAN_POINT('',(55.670400619507,36.790050506592,4.5));
#5390 = DIRECTION('',(-0.904013648298,-0.427503594945,-0.));
#5391 = DIRECTION('',(0.427503594945,-0.904013648298,0.));
#5392 = ADVANCED_FACE('',(#5393),#5411,.T.);
#5393 = FACE_BOUND('',#5394,.T.);
#5394 = EDGE_LOOP('',(#5395,#5403,#5404,#5405));
#5395 = ORIENTED_EDGE('',*,*,#5396,.F.);
#5396 = EDGE_CURVE('',#1245,#5397,#5399,.T.);
#5397 = VERTEX_POINT('',#5398);
#5398 = CARTESIAN_POINT('',(55.538200378418,37.027801513672,9.));
#5399 = LINE('',#5400,#5401);
#5400 = CARTESIAN_POINT('',(55.538200378418,37.027801513672,0.));
#5401 = VECTOR('',#5402,1.);
#5402 = DIRECTION('',(0.,0.,1.));
#5403 = ORIENTED_EDGE('',*,*,#1244,.F.);
#5404 = ORIENTED_EDGE('',*,*,#5372,.F.);
#5405 = ORIENTED_EDGE('',*,*,#5406,.F.);
#5406 = EDGE_CURVE('',#5397,#5373,#5407,.T.);
#5407 = LINE('',#5408,#5409);
#5408 = CARTESIAN_POINT('',(55.538200378418,37.027801513672,9.));
#5409 = VECTOR('',#5410,1.);
#5410 = DIRECTION('',(0.514409240977,-0.857544828448,0.));
#5411 = PLANE('',#5412);
#5412 = AXIS2_PLACEMENT_3D('',#5413,#5414,#5415);
#5413 = CARTESIAN_POINT('',(55.584899902344,36.949951171875,4.5));
#5414 = DIRECTION('',(-0.857544828448,-0.514409240977,-0.));
#5415 = DIRECTION('',(0.514409240977,-0.857544828448,0.));
#5416 = ADVANCED_FACE('',(#5417),#5435,.T.);
#5417 = FACE_BOUND('',#5418,.T.);
#5418 = EDGE_LOOP('',(#5419,#5427,#5428,#5429));
#5419 = ORIENTED_EDGE('',*,*,#5420,.T.);
#5420 = EDGE_CURVE('',#5421,#1253,#5423,.T.);
#5421 = VERTEX_POINT('',#5422);
#5422 = CARTESIAN_POINT('',(55.430099487305,37.173599243164,9.));
#5423 = LINE('',#5424,#5425);
#5424 = CARTESIAN_POINT('',(55.430099487305,37.173599243164,9.));
#5425 = VECTOR('',#5426,1.);
#5426 = DIRECTION('',(0.,0.,-1.));
#5427 = ORIENTED_EDGE('',*,*,#1252,.F.);
#5428 = ORIENTED_EDGE('',*,*,#5396,.T.);
#5429 = ORIENTED_EDGE('',*,*,#5430,.F.);
#5430 = EDGE_CURVE('',#5421,#5397,#5431,.T.);
#5431 = LINE('',#5432,#5433);
#5432 = CARTESIAN_POINT('',(55.430099487305,37.173599243164,9.));
#5433 = VECTOR('',#5434,1.);
#5434 = DIRECTION('',(0.595592399779,-0.803286806393,0.));
#5435 = PLANE('',#5436);
#5436 = AXIS2_PLACEMENT_3D('',#5437,#5438,#5439);
#5437 = CARTESIAN_POINT('',(55.484149932861,37.100700378418,4.5));
#5438 = DIRECTION('',(-0.803286806393,-0.595592399779,-0.));
#5439 = DIRECTION('',(0.595592399779,-0.803286806393,0.));
#5440 = ADVANCED_FACE('',(#5441),#5459,.T.);
#5441 = FACE_BOUND('',#5442,.T.);
#5442 = EDGE_LOOP('',(#5443,#5451,#5452,#5453));
#5443 = ORIENTED_EDGE('',*,*,#5444,.F.);
#5444 = EDGE_CURVE('',#1261,#5445,#5447,.T.);
#5445 = VERTEX_POINT('',#5446);
#5446 = CARTESIAN_POINT('',(55.308101654053,37.308101654053,9.));
#5447 = LINE('',#5448,#5449);
#5448 = CARTESIAN_POINT('',(55.308101654053,37.308101654053,0.));
#5449 = VECTOR('',#5450,1.);
#5450 = DIRECTION('',(0.,0.,1.));
#5451 = ORIENTED_EDGE('',*,*,#1260,.F.);
#5452 = ORIENTED_EDGE('',*,*,#5420,.F.);
#5453 = ORIENTED_EDGE('',*,*,#5454,.F.);
#5454 = EDGE_CURVE('',#5445,#5421,#5455,.T.);
#5455 = LINE('',#5456,#5457);
#5456 = CARTESIAN_POINT('',(55.308101654053,37.308101654053,9.));
#5457 = VECTOR('',#5458,1.);
#5458 = DIRECTION('',(0.671836918015,-0.740699099224,0.));
#5459 = PLANE('',#5460);
#5460 = AXIS2_PLACEMENT_3D('',#5461,#5462,#5463);
#5461 = CARTESIAN_POINT('',(55.369100570679,37.240850448608,4.5));
#5462 = DIRECTION('',(-0.740699099224,-0.671836918015,-0.));
#5463 = DIRECTION('',(0.671836918015,-0.740699099224,0.));
#5464 = ADVANCED_FACE('',(#5465),#5483,.T.);
#5465 = FACE_BOUND('',#5466,.T.);
#5466 = EDGE_LOOP('',(#5467,#5475,#5481,#5482));
#5467 = ORIENTED_EDGE('',*,*,#5468,.F.);
#5468 = EDGE_CURVE('',#5469,#5445,#5471,.T.);
#5469 = VERTEX_POINT('',#5470);
#5470 = CARTESIAN_POINT('',(55.173599243164,37.430099487305,9.));
#5471 = LINE('',#5472,#5473);
#5472 = CARTESIAN_POINT('',(55.173599243164,37.430099487305,9.));
#5473 = VECTOR('',#5474,1.);
#5474 = DIRECTION('',(0.740699099224,-0.671836918015,0.));
#5475 = ORIENTED_EDGE('',*,*,#5476,.F.);
#5476 = EDGE_CURVE('',#1269,#5469,#5477,.T.);
#5477 = LINE('',#5478,#5479);
#5478 = CARTESIAN_POINT('',(55.173599243164,37.430099487305,0.));
#5479 = VECTOR('',#5480,1.);
#5480 = DIRECTION('',(0.,0.,1.));
#5481 = ORIENTED_EDGE('',*,*,#1268,.F.);
#5482 = ORIENTED_EDGE('',*,*,#5444,.T.);
#5483 = PLANE('',#5484);
#5484 = AXIS2_PLACEMENT_3D('',#5485,#5486,#5487);
#5485 = CARTESIAN_POINT('',(55.240850448608,37.369100570679,4.5));
#5486 = DIRECTION('',(-0.671836918015,-0.740699099224,-0.));
#5487 = DIRECTION('',(-0.740699099224,0.671836918015,0.));
#5488 = ADVANCED_FACE('',(#5489),#5507,.T.);
#5489 = FACE_BOUND('',#5490,.T.);
#5490 = EDGE_LOOP('',(#5491,#5499,#5505,#5506));
#5491 = ORIENTED_EDGE('',*,*,#5492,.F.);
#5492 = EDGE_CURVE('',#5493,#5469,#5495,.T.);
#5493 = VERTEX_POINT('',#5494);
#5494 = CARTESIAN_POINT('',(55.027801513672,37.538200378418,9.));
#5495 = LINE('',#5496,#5497);
#5496 = CARTESIAN_POINT('',(55.027801513672,37.538200378418,9.));
#5497 = VECTOR('',#5498,1.);
#5498 = DIRECTION('',(0.803286806393,-0.595592399779,0.));
#5499 = ORIENTED_EDGE('',*,*,#5500,.T.);
#5500 = EDGE_CURVE('',#5493,#1277,#5501,.T.);
#5501 = LINE('',#5502,#5503);
#5502 = CARTESIAN_POINT('',(55.027801513672,37.538200378418,9.));
#5503 = VECTOR('',#5504,1.);
#5504 = DIRECTION('',(0.,0.,-1.));
#5505 = ORIENTED_EDGE('',*,*,#1276,.F.);
#5506 = ORIENTED_EDGE('',*,*,#5476,.T.);
#5507 = PLANE('',#5508);
#5508 = AXIS2_PLACEMENT_3D('',#5509,#5510,#5511);
#5509 = CARTESIAN_POINT('',(55.100700378418,37.484149932861,4.5));
#5510 = DIRECTION('',(-0.595592399779,-0.803286806393,-0.));
#5511 = DIRECTION('',(-0.803286806393,0.595592399779,0.));
#5512 = ADVANCED_FACE('',(#5513),#5531,.T.);
#5513 = FACE_BOUND('',#5514,.T.);
#5514 = EDGE_LOOP('',(#5515,#5523,#5529,#5530));
#5515 = ORIENTED_EDGE('',*,*,#5516,.F.);
#5516 = EDGE_CURVE('',#5517,#5493,#5519,.T.);
#5517 = VERTEX_POINT('',#5518);
#5518 = CARTESIAN_POINT('',(54.872100830078,37.63159942627,9.));
#5519 = LINE('',#5520,#5521);
#5520 = CARTESIAN_POINT('',(54.872100830078,37.63159942627,9.));
#5521 = VECTOR('',#5522,1.);
#5522 = DIRECTION('',(0.857544828448,-0.514409240977,0.));
#5523 = ORIENTED_EDGE('',*,*,#5524,.T.);
#5524 = EDGE_CURVE('',#5517,#1285,#5525,.T.);
#5525 = LINE('',#5526,#5527);
#5526 = CARTESIAN_POINT('',(54.872100830078,37.63159942627,9.));
#5527 = VECTOR('',#5528,1.);
#5528 = DIRECTION('',(0.,0.,-1.));
#5529 = ORIENTED_EDGE('',*,*,#1284,.F.);
#5530 = ORIENTED_EDGE('',*,*,#5500,.F.);
#5531 = PLANE('',#5532);
#5532 = AXIS2_PLACEMENT_3D('',#5533,#5534,#5535);
#5533 = CARTESIAN_POINT('',(54.949951171875,37.584899902344,4.5));
#5534 = DIRECTION('',(-0.514409240977,-0.857544828448,-0.));
#5535 = DIRECTION('',(-0.857544828448,0.514409240977,0.));
#5536 = ADVANCED_FACE('',(#5537),#5555,.T.);
#5537 = FACE_BOUND('',#5538,.T.);
#5538 = EDGE_LOOP('',(#5539,#5547,#5553,#5554));
#5539 = ORIENTED_EDGE('',*,*,#5540,.F.);
#5540 = EDGE_CURVE('',#5541,#5517,#5543,.T.);
#5541 = VERTEX_POINT('',#5542);
#5542 = CARTESIAN_POINT('',(54.708000183105,37.709201812744,9.));
#5543 = LINE('',#5544,#5545);
#5544 = CARTESIAN_POINT('',(54.708000183105,37.709201812744,9.));
#5545 = VECTOR('',#5546,1.);
#5546 = DIRECTION('',(0.904013648298,-0.427503594945,0.));
#5547 = ORIENTED_EDGE('',*,*,#5548,.F.);
#5548 = EDGE_CURVE('',#1293,#5541,#5549,.T.);
#5549 = LINE('',#5550,#5551);
#5550 = CARTESIAN_POINT('',(54.708000183105,37.709201812744,0.));
#5551 = VECTOR('',#5552,1.);
#5552 = DIRECTION('',(0.,0.,1.));
#5553 = ORIENTED_EDGE('',*,*,#1292,.F.);
#5554 = ORIENTED_EDGE('',*,*,#5524,.F.);
#5555 = PLANE('',#5556);
#5556 = AXIS2_PLACEMENT_3D('',#5557,#5558,#5559);
#5557 = CARTESIAN_POINT('',(54.790050506592,37.670400619507,4.5));
#5558 = DIRECTION('',(-0.427503594945,-0.904013648298,-0.));
#5559 = DIRECTION('',(-0.904013648298,0.427503594945,0.));
#5560 = ADVANCED_FACE('',(#5561),#5579,.T.);
#5561 = FACE_BOUND('',#5562,.T.);
#5562 = EDGE_LOOP('',(#5563,#5571,#5577,#5578));
#5563 = ORIENTED_EDGE('',*,*,#5564,.F.);
#5564 = EDGE_CURVE('',#5565,#5541,#5567,.T.);
#5565 = VERTEX_POINT('',#5566);
#5566 = CARTESIAN_POINT('',(54.536998748779,37.770301818848,9.));
#5567 = LINE('',#5568,#5569);
#5568 = CARTESIAN_POINT('',(54.536998748779,37.770301818848,9.));
#5569 = VECTOR('',#5570,1.);
#5570 = DIRECTION('',(0.941692948024,-0.336473463504,0.));
#5571 = ORIENTED_EDGE('',*,*,#5572,.T.);
#5572 = EDGE_CURVE('',#5565,#1301,#5573,.T.);
#5573 = LINE('',#5574,#5575);
#5574 = CARTESIAN_POINT('',(54.536998748779,37.770301818848,9.));
#5575 = VECTOR('',#5576,1.);
#5576 = DIRECTION('',(0.,0.,-1.));
#5577 = ORIENTED_EDGE('',*,*,#1300,.F.);
#5578 = ORIENTED_EDGE('',*,*,#5548,.T.);
#5579 = PLANE('',#5580);
#5580 = AXIS2_PLACEMENT_3D('',#5581,#5582,#5583);
#5581 = CARTESIAN_POINT('',(54.622499465942,37.739751815796,4.5));
#5582 = DIRECTION('',(-0.336473463504,-0.941692948024,-0.));
#5583 = DIRECTION('',(-0.941692948024,0.336473463504,0.));
#5584 = ADVANCED_FACE('',(#5585),#5603,.T.);
#5585 = FACE_BOUND('',#5586,.T.);
#5586 = EDGE_LOOP('',(#5587,#5595,#5601,#5602));
#5587 = ORIENTED_EDGE('',*,*,#5588,.F.);
#5588 = EDGE_CURVE('',#5589,#5565,#5591,.T.);
#5589 = VERTEX_POINT('',#5590);
#5590 = CARTESIAN_POINT('',(54.360900878906,37.814498901367,9.));
#5591 = LINE('',#5592,#5593);
#5592 = CARTESIAN_POINT('',(54.360900878906,37.814498901367,9.));
#5593 = VECTOR('',#5594,1.);
#5594 = DIRECTION('',(0.969918384991,-0.243430331835,0.));
#5595 = ORIENTED_EDGE('',*,*,#5596,.F.);
#5596 = EDGE_CURVE('',#1309,#5589,#5597,.T.);
#5597 = LINE('',#5598,#5599);
#5598 = CARTESIAN_POINT('',(54.360900878906,37.814498901367,0.));
#5599 = VECTOR('',#5600,1.);
#5600 = DIRECTION('',(0.,0.,1.));
#5601 = ORIENTED_EDGE('',*,*,#1308,.F.);
#5602 = ORIENTED_EDGE('',*,*,#5572,.F.);
#5603 = PLANE('',#5604);
#5604 = AXIS2_PLACEMENT_3D('',#5605,#5606,#5607);
#5605 = CARTESIAN_POINT('',(54.448949813843,37.792400360107,4.5));
#5606 = DIRECTION('',(-0.243430331835,-0.969918384991,-0.));
#5607 = DIRECTION('',(-0.969918384991,0.243430331835,0.));
#5608 = ADVANCED_FACE('',(#5609),#5627,.T.);
#5609 = FACE_BOUND('',#5610,.T.);
#5610 = EDGE_LOOP('',(#5611,#5619,#5625,#5626));
#5611 = ORIENTED_EDGE('',*,*,#5612,.F.);
#5612 = EDGE_CURVE('',#5613,#5589,#5615,.T.);
#5613 = VERTEX_POINT('',#5614);
#5614 = CARTESIAN_POINT('',(54.181301116943,37.8410987854,9.));
#5615 = LINE('',#5616,#5617);
#5616 = CARTESIAN_POINT('',(54.181301116943,37.8410987854,9.));
#5617 = VECTOR('',#5618,1.);
#5618 = DIRECTION('',(0.989209440443,-0.146508303311,0.));
#5619 = ORIENTED_EDGE('',*,*,#5620,.T.);
#5620 = EDGE_CURVE('',#5613,#1317,#5621,.T.);
#5621 = LINE('',#5622,#5623);
#5622 = CARTESIAN_POINT('',(54.181301116943,37.8410987854,9.));
#5623 = VECTOR('',#5624,1.);
#5624 = DIRECTION('',(0.,0.,-1.));
#5625 = ORIENTED_EDGE('',*,*,#1316,.F.);
#5626 = ORIENTED_EDGE('',*,*,#5596,.T.);
#5627 = PLANE('',#5628);
#5628 = AXIS2_PLACEMENT_3D('',#5629,#5630,#5631);
#5629 = CARTESIAN_POINT('',(54.271100997925,37.827798843384,4.5));
#5630 = DIRECTION('',(-0.146508303311,-0.989209440443,-0.));
#5631 = DIRECTION('',(-0.989209440443,0.146508303311,0.));
#5632 = ADVANCED_FACE('',(#5633),#5651,.T.);
#5633 = FACE_BOUND('',#5634,.T.);
#5634 = EDGE_LOOP('',(#5635,#5643,#5649,#5650));
#5635 = ORIENTED_EDGE('',*,*,#5636,.F.);
#5636 = EDGE_CURVE('',#5637,#5613,#5639,.T.);
#5637 = VERTEX_POINT('',#5638);
#5638 = CARTESIAN_POINT('',(54.,37.849998474121,9.));
#5639 = LINE('',#5640,#5641);
#5640 = CARTESIAN_POINT('',(54.,37.849998474121,9.));
#5641 = VECTOR('',#5642,1.);
#5642 = DIRECTION('',(0.998797362669,-4.90288519601E-02,0.));
#5643 = ORIENTED_EDGE('',*,*,#5644,.F.);
#5644 = EDGE_CURVE('',#1325,#5637,#5645,.T.);
#5645 = LINE('',#5646,#5647);
#5646 = CARTESIAN_POINT('',(54.,37.849998474121,0.));
#5647 = VECTOR('',#5648,1.);
#5648 = DIRECTION('',(0.,0.,1.));
#5649 = ORIENTED_EDGE('',*,*,#1324,.F.);
#5650 = ORIENTED_EDGE('',*,*,#5620,.F.);
#5651 = PLANE('',#5652);
#5652 = AXIS2_PLACEMENT_3D('',#5653,#5654,#5655);
#5653 = CARTESIAN_POINT('',(54.090650558472,37.845548629761,4.5));
#5654 = DIRECTION('',(-4.90288519601E-02,-0.998797362669,-0.));
#5655 = DIRECTION('',(-0.998797362669,4.90288519601E-02,0.));
#5656 = ADVANCED_FACE('',(#5657),#5675,.T.);
#5657 = FACE_BOUND('',#5658,.T.);
#5658 = EDGE_LOOP('',(#5659,#5667,#5673,#5674));
#5659 = ORIENTED_EDGE('',*,*,#5660,.F.);
#5660 = EDGE_CURVE('',#5661,#5637,#5663,.T.);
#5661 = VERTEX_POINT('',#5662);
#5662 = CARTESIAN_POINT('',(53.818698883057,37.8410987854,9.));
#5663 = LINE('',#5664,#5665);
#5664 = CARTESIAN_POINT('',(53.818698883057,37.8410987854,9.));
#5665 = VECTOR('',#5666,1.);
#5666 = DIRECTION('',(0.998797362669,4.90288519601E-02,0.));
#5667 = ORIENTED_EDGE('',*,*,#5668,.T.);
#5668 = EDGE_CURVE('',#5661,#1333,#5669,.T.);
#5669 = LINE('',#5670,#5671);
#5670 = CARTESIAN_POINT('',(53.818698883057,37.8410987854,9.));
#5671 = VECTOR('',#5672,1.);
#5672 = DIRECTION('',(0.,0.,-1.));
#5673 = ORIENTED_EDGE('',*,*,#1332,.F.);
#5674 = ORIENTED_EDGE('',*,*,#5644,.T.);
#5675 = PLANE('',#5676);
#5676 = AXIS2_PLACEMENT_3D('',#5677,#5678,#5679);
#5677 = CARTESIAN_POINT('',(53.909349441528,37.845548629761,4.5));
#5678 = DIRECTION('',(4.90288519601E-02,-0.998797362669,0.));
#5679 = DIRECTION('',(-0.998797362669,-4.90288519601E-02,0.));
#5680 = ADVANCED_FACE('',(#5681),#5699,.T.);
#5681 = FACE_BOUND('',#5682,.T.);
#5682 = EDGE_LOOP('',(#5683,#5691,#5697,#5698));
#5683 = ORIENTED_EDGE('',*,*,#5684,.F.);
#5684 = EDGE_CURVE('',#5685,#5661,#5687,.T.);
#5685 = VERTEX_POINT('',#5686);
#5686 = CARTESIAN_POINT('',(53.639099121094,37.814498901367,9.));
#5687 = LINE('',#5688,#5689);
#5688 = CARTESIAN_POINT('',(53.639099121094,37.814498901367,9.));
#5689 = VECTOR('',#5690,1.);
#5690 = DIRECTION('',(0.989209440443,0.146508303311,0.));
#5691 = ORIENTED_EDGE('',*,*,#5692,.F.);
#5692 = EDGE_CURVE('',#1341,#5685,#5693,.T.);
#5693 = LINE('',#5694,#5695);
#5694 = CARTESIAN_POINT('',(53.639099121094,37.814498901367,0.));
#5695 = VECTOR('',#5696,1.);
#5696 = DIRECTION('',(0.,0.,1.));
#5697 = ORIENTED_EDGE('',*,*,#1340,.F.);
#5698 = ORIENTED_EDGE('',*,*,#5668,.F.);
#5699 = PLANE('',#5700);
#5700 = AXIS2_PLACEMENT_3D('',#5701,#5702,#5703);
#5701 = CARTESIAN_POINT('',(53.728899002075,37.827798843384,4.5));
#5702 = DIRECTION('',(0.146508303311,-0.989209440443,0.));
#5703 = DIRECTION('',(-0.989209440443,-0.146508303311,0.));
#5704 = ADVANCED_FACE('',(#5705),#5723,.T.);
#5705 = FACE_BOUND('',#5706,.T.);
#5706 = EDGE_LOOP('',(#5707,#5715,#5721,#5722));
#5707 = ORIENTED_EDGE('',*,*,#5708,.F.);
#5708 = EDGE_CURVE('',#5709,#5685,#5711,.T.);
#5709 = VERTEX_POINT('',#5710);
#5710 = CARTESIAN_POINT('',(53.463001251221,37.770301818848,9.));
#5711 = LINE('',#5712,#5713);
#5712 = CARTESIAN_POINT('',(53.463001251221,37.770301818848,9.));
#5713 = VECTOR('',#5714,1.);
#5714 = DIRECTION('',(0.969918384991,0.243430331835,0.));
#5715 = ORIENTED_EDGE('',*,*,#5716,.T.);
#5716 = EDGE_CURVE('',#5709,#1349,#5717,.T.);
#5717 = LINE('',#5718,#5719);
#5718 = CARTESIAN_POINT('',(53.463001251221,37.770301818848,9.));
#5719 = VECTOR('',#5720,1.);
#5720 = DIRECTION('',(0.,0.,-1.));
#5721 = ORIENTED_EDGE('',*,*,#1348,.F.);
#5722 = ORIENTED_EDGE('',*,*,#5692,.T.);
#5723 = PLANE('',#5724);
#5724 = AXIS2_PLACEMENT_3D('',#5725,#5726,#5727);
#5725 = CARTESIAN_POINT('',(53.551050186157,37.792400360107,4.5));
#5726 = DIRECTION('',(0.243430331835,-0.969918384991,0.));
#5727 = DIRECTION('',(-0.969918384991,-0.243430331835,0.));
#5728 = ADVANCED_FACE('',(#5729),#5747,.T.);
#5729 = FACE_BOUND('',#5730,.T.);
#5730 = EDGE_LOOP('',(#5731,#5739,#5745,#5746));
#5731 = ORIENTED_EDGE('',*,*,#5732,.F.);
#5732 = EDGE_CURVE('',#5733,#5709,#5735,.T.);
#5733 = VERTEX_POINT('',#5734);
#5734 = CARTESIAN_POINT('',(53.291999816895,37.709201812744,9.));
#5735 = LINE('',#5736,#5737);
#5736 = CARTESIAN_POINT('',(53.291999816895,37.709201812744,9.));
#5737 = VECTOR('',#5738,1.);
#5738 = DIRECTION('',(0.941692948024,0.336473463504,0.));
#5739 = ORIENTED_EDGE('',*,*,#5740,.F.);
#5740 = EDGE_CURVE('',#1357,#5733,#5741,.T.);
#5741 = LINE('',#5742,#5743);
#5742 = CARTESIAN_POINT('',(53.291999816895,37.709201812744,0.));
#5743 = VECTOR('',#5744,1.);
#5744 = DIRECTION('',(0.,0.,1.));
#5745 = ORIENTED_EDGE('',*,*,#1356,.F.);
#5746 = ORIENTED_EDGE('',*,*,#5716,.F.);
#5747 = PLANE('',#5748);
#5748 = AXIS2_PLACEMENT_3D('',#5749,#5750,#5751);
#5749 = CARTESIAN_POINT('',(53.377500534058,37.739751815796,4.5));
#5750 = DIRECTION('',(0.336473463504,-0.941692948024,0.));
#5751 = DIRECTION('',(-0.941692948024,-0.336473463504,0.));
#5752 = ADVANCED_FACE('',(#5753),#5764,.T.);
#5753 = FACE_BOUND('',#5754,.T.);
#5754 = EDGE_LOOP('',(#5755,#5761,#5762,#5763));
#5755 = ORIENTED_EDGE('',*,*,#5756,.F.);
#5756 = EDGE_CURVE('',#4240,#5733,#5757,.T.);
#5757 = LINE('',#5758,#5759);
#5758 = CARTESIAN_POINT('',(53.127899169922,37.63159942627,9.));
#5759 = VECTOR('',#5760,1.);
#5760 = DIRECTION('',(0.904013648298,0.427503594945,0.));
#5761 = ORIENTED_EDGE('',*,*,#4254,.F.);
#5762 = ORIENTED_EDGE('',*,*,#1364,.F.);
#5763 = ORIENTED_EDGE('',*,*,#5740,.T.);
#5764 = PLANE('',#5765);
#5765 = AXIS2_PLACEMENT_3D('',#5766,#5767,#5768);
#5766 = CARTESIAN_POINT('',(53.209949493408,37.670400619507,4.5));
#5767 = DIRECTION('',(0.427503594945,-0.904013648298,0.));
#5768 = DIRECTION('',(-0.904013648298,-0.427503594945,0.));
#5769 = ADVANCED_FACE('',(#5770),#5795,.T.);
#5770 = FACE_BOUND('',#5771,.T.);
#5771 = EDGE_LOOP('',(#5772,#5780,#5781,#5789));
#5772 = ORIENTED_EDGE('',*,*,#5773,.F.);
#5773 = EDGE_CURVE('',#1375,#5774,#5776,.T.);
#5774 = VERTEX_POINT('',#5775);
#5775 = CARTESIAN_POINT('',(-52.46179962158,-34.97219848632,9.));
#5776 = LINE('',#5777,#5778);
#5777 = CARTESIAN_POINT('',(-52.46179962158,-34.97219848632,0.));
#5778 = VECTOR('',#5779,1.);
#5779 = DIRECTION('',(0.,0.,1.));
#5780 = ORIENTED_EDGE('',*,*,#1372,.F.);
#5781 = ORIENTED_EDGE('',*,*,#5782,.F.);
#5782 = EDGE_CURVE('',#5783,#1373,#5785,.T.);
#5783 = VERTEX_POINT('',#5784);
#5784 = CARTESIAN_POINT('',(-52.36840057373,-35.12789916992,9.));
#5785 = LINE('',#5786,#5787);
#5786 = CARTESIAN_POINT('',(-52.36840057373,-35.12789916992,9.));
#5787 = VECTOR('',#5788,1.);
#5788 = DIRECTION('',(0.,0.,-1.));
#5789 = ORIENTED_EDGE('',*,*,#5790,.F.);
#5790 = EDGE_CURVE('',#5774,#5783,#5791,.T.);
#5791 = LINE('',#5792,#5793);
#5792 = CARTESIAN_POINT('',(-52.46179962158,-34.97219848632,9.));
#5793 = VECTOR('',#5794,1.);
#5794 = DIRECTION('',(0.514409240977,-0.857544828448,0.));
#5795 = PLANE('',#5796);
#5796 = AXIS2_PLACEMENT_3D('',#5797,#5798,#5799);
#5797 = CARTESIAN_POINT('',(-52.41510009765,-35.05004882812,4.5));
#5798 = DIRECTION('',(-0.857544828448,-0.514409240977,-0.));
#5799 = DIRECTION('',(0.514409240977,-0.857544828448,0.));
#5800 = ADVANCED_FACE('',(#5801),#5819,.T.);
#5801 = FACE_BOUND('',#5802,.T.);
#5802 = EDGE_LOOP('',(#5803,#5811,#5812,#5813));
#5803 = ORIENTED_EDGE('',*,*,#5804,.F.);
#5804 = EDGE_CURVE('',#1383,#5805,#5807,.T.);
#5805 = VERTEX_POINT('',#5806);
#5806 = CARTESIAN_POINT('',(-52.56990051269,-34.82640075683,9.));
#5807 = LINE('',#5808,#5809);
#5808 = CARTESIAN_POINT('',(-52.56990051269,-34.82640075683,0.));
#5809 = VECTOR('',#5810,1.);
#5810 = DIRECTION('',(0.,0.,1.));
#5811 = ORIENTED_EDGE('',*,*,#1382,.F.);
#5812 = ORIENTED_EDGE('',*,*,#5773,.T.);
#5813 = ORIENTED_EDGE('',*,*,#5814,.F.);
#5814 = EDGE_CURVE('',#5805,#5774,#5815,.T.);
#5815 = LINE('',#5816,#5817);
#5816 = CARTESIAN_POINT('',(-52.56990051269,-34.82640075683,9.));
#5817 = VECTOR('',#5818,1.);
#5818 = DIRECTION('',(0.595592399779,-0.803286806393,0.));
#5819 = PLANE('',#5820);
#5820 = AXIS2_PLACEMENT_3D('',#5821,#5822,#5823);
#5821 = CARTESIAN_POINT('',(-52.51585006713,-34.89929962158,4.5));
#5822 = DIRECTION('',(-0.803286806393,-0.595592399779,-0.));
#5823 = DIRECTION('',(0.595592399779,-0.803286806393,0.));
#5824 = ADVANCED_FACE('',(#5825),#5843,.T.);
#5825 = FACE_BOUND('',#5826,.T.);
#5826 = EDGE_LOOP('',(#5827,#5835,#5836,#5837));
#5827 = ORIENTED_EDGE('',*,*,#5828,.T.);
#5828 = EDGE_CURVE('',#5829,#1391,#5831,.T.);
#5829 = VERTEX_POINT('',#5830);
#5830 = CARTESIAN_POINT('',(-52.69189834594,-34.69189834594,9.));
#5831 = LINE('',#5832,#5833);
#5832 = CARTESIAN_POINT('',(-52.69189834594,-34.69189834594,9.));
#5833 = VECTOR('',#5834,1.);
#5834 = DIRECTION('',(0.,0.,-1.));
#5835 = ORIENTED_EDGE('',*,*,#1390,.F.);
#5836 = ORIENTED_EDGE('',*,*,#5804,.T.);
#5837 = ORIENTED_EDGE('',*,*,#5838,.F.);
#5838 = EDGE_CURVE('',#5829,#5805,#5839,.T.);
#5839 = LINE('',#5840,#5841);
#5840 = CARTESIAN_POINT('',(-52.69189834594,-34.69189834594,9.));
#5841 = VECTOR('',#5842,1.);
#5842 = DIRECTION('',(0.671836918015,-0.740699099224,0.));
#5843 = PLANE('',#5844);
#5844 = AXIS2_PLACEMENT_3D('',#5845,#5846,#5847);
#5845 = CARTESIAN_POINT('',(-52.63089942932,-34.75914955139,4.5));
#5846 = DIRECTION('',(-0.740699099224,-0.671836918015,-0.));
#5847 = DIRECTION('',(0.671836918015,-0.740699099224,0.));
#5848 = ADVANCED_FACE('',(#5849),#5867,.T.);
#5849 = FACE_BOUND('',#5850,.T.);
#5850 = EDGE_LOOP('',(#5851,#5859,#5865,#5866));
#5851 = ORIENTED_EDGE('',*,*,#5852,.F.);
#5852 = EDGE_CURVE('',#5853,#5829,#5855,.T.);
#5853 = VERTEX_POINT('',#5854);
#5854 = CARTESIAN_POINT('',(-52.82640075683,-34.56990051269,9.));
#5855 = LINE('',#5856,#5857);
#5856 = CARTESIAN_POINT('',(-52.82640075683,-34.56990051269,9.));
#5857 = VECTOR('',#5858,1.);
#5858 = DIRECTION('',(0.740699099224,-0.671836918015,0.));
#5859 = ORIENTED_EDGE('',*,*,#5860,.F.);
#5860 = EDGE_CURVE('',#1399,#5853,#5861,.T.);
#5861 = LINE('',#5862,#5863);
#5862 = CARTESIAN_POINT('',(-52.82640075683,-34.56990051269,0.));
#5863 = VECTOR('',#5864,1.);
#5864 = DIRECTION('',(0.,0.,1.));
#5865 = ORIENTED_EDGE('',*,*,#1398,.F.);
#5866 = ORIENTED_EDGE('',*,*,#5828,.F.);
#5867 = PLANE('',#5868);
#5868 = AXIS2_PLACEMENT_3D('',#5869,#5870,#5871);
#5869 = CARTESIAN_POINT('',(-52.75914955139,-34.63089942932,4.5));
#5870 = DIRECTION('',(-0.671836918015,-0.740699099224,-0.));
#5871 = DIRECTION('',(-0.740699099224,0.671836918015,0.));
#5872 = ADVANCED_FACE('',(#5873),#5891,.T.);
#5873 = FACE_BOUND('',#5874,.T.);
#5874 = EDGE_LOOP('',(#5875,#5883,#5889,#5890));
#5875 = ORIENTED_EDGE('',*,*,#5876,.F.);
#5876 = EDGE_CURVE('',#5877,#5853,#5879,.T.);
#5877 = VERTEX_POINT('',#5878);
#5878 = CARTESIAN_POINT('',(-52.97219848632,-34.46179962158,9.));
#5879 = LINE('',#5880,#5881);
#5880 = CARTESIAN_POINT('',(-52.97219848632,-34.46179962158,9.));
#5881 = VECTOR('',#5882,1.);
#5882 = DIRECTION('',(0.803286806393,-0.595592399779,0.));
#5883 = ORIENTED_EDGE('',*,*,#5884,.T.);
#5884 = EDGE_CURVE('',#5877,#1407,#5885,.T.);
#5885 = LINE('',#5886,#5887);
#5886 = CARTESIAN_POINT('',(-52.97219848632,-34.46179962158,9.));
#5887 = VECTOR('',#5888,1.);
#5888 = DIRECTION('',(0.,0.,-1.));
#5889 = ORIENTED_EDGE('',*,*,#1406,.F.);
#5890 = ORIENTED_EDGE('',*,*,#5860,.T.);
#5891 = PLANE('',#5892);
#5892 = AXIS2_PLACEMENT_3D('',#5893,#5894,#5895);
#5893 = CARTESIAN_POINT('',(-52.89929962158,-34.51585006713,4.5));
#5894 = DIRECTION('',(-0.595592399779,-0.803286806393,-0.));
#5895 = DIRECTION('',(-0.803286806393,0.595592399779,0.));
#5896 = ADVANCED_FACE('',(#5897),#5915,.T.);
#5897 = FACE_BOUND('',#5898,.T.);
#5898 = EDGE_LOOP('',(#5899,#5907,#5913,#5914));
#5899 = ORIENTED_EDGE('',*,*,#5900,.F.);
#5900 = EDGE_CURVE('',#5901,#5877,#5903,.T.);
#5901 = VERTEX_POINT('',#5902);
#5902 = CARTESIAN_POINT('',(-53.12789916992,-34.36840057373,9.));
#5903 = LINE('',#5904,#5905);
#5904 = CARTESIAN_POINT('',(-53.12789916992,-34.36840057373,9.));
#5905 = VECTOR('',#5906,1.);
#5906 = DIRECTION('',(0.857544828448,-0.514409240977,0.));
#5907 = ORIENTED_EDGE('',*,*,#5908,.T.);
#5908 = EDGE_CURVE('',#5901,#1415,#5909,.T.);
#5909 = LINE('',#5910,#5911);
#5910 = CARTESIAN_POINT('',(-53.12789916992,-34.36840057373,9.));
#5911 = VECTOR('',#5912,1.);
#5912 = DIRECTION('',(0.,0.,-1.));
#5913 = ORIENTED_EDGE('',*,*,#1414,.F.);
#5914 = ORIENTED_EDGE('',*,*,#5884,.F.);
#5915 = PLANE('',#5916);
#5916 = AXIS2_PLACEMENT_3D('',#5917,#5918,#5919);
#5917 = CARTESIAN_POINT('',(-53.05004882812,-34.41510009765,4.5));
#5918 = DIRECTION('',(-0.514409240977,-0.857544828448,-0.));
#5919 = DIRECTION('',(-0.857544828448,0.514409240977,0.));
#5920 = ADVANCED_FACE('',(#5921),#5939,.T.);
#5921 = FACE_BOUND('',#5922,.T.);
#5922 = EDGE_LOOP('',(#5923,#5931,#5937,#5938));
#5923 = ORIENTED_EDGE('',*,*,#5924,.F.);
#5924 = EDGE_CURVE('',#5925,#5901,#5927,.T.);
#5925 = VERTEX_POINT('',#5926);
#5926 = CARTESIAN_POINT('',(-53.29199981689,-34.29079818725,9.));
#5927 = LINE('',#5928,#5929);
#5928 = CARTESIAN_POINT('',(-53.29199981689,-34.29079818725,9.));
#5929 = VECTOR('',#5930,1.);
#5930 = DIRECTION('',(0.904013648298,-0.427503594945,0.));
#5931 = ORIENTED_EDGE('',*,*,#5932,.F.);
#5932 = EDGE_CURVE('',#1423,#5925,#5933,.T.);
#5933 = LINE('',#5934,#5935);
#5934 = CARTESIAN_POINT('',(-53.29199981689,-34.29079818725,0.));
#5935 = VECTOR('',#5936,1.);
#5936 = DIRECTION('',(0.,0.,1.));
#5937 = ORIENTED_EDGE('',*,*,#1422,.F.);
#5938 = ORIENTED_EDGE('',*,*,#5908,.F.);
#5939 = PLANE('',#5940);
#5940 = AXIS2_PLACEMENT_3D('',#5941,#5942,#5943);
#5941 = CARTESIAN_POINT('',(-53.2099494934,-34.32959938049,4.5));
#5942 = DIRECTION('',(-0.427503594945,-0.904013648298,-0.));
#5943 = DIRECTION('',(-0.904013648298,0.427503594945,0.));
#5944 = ADVANCED_FACE('',(#5945),#5963,.T.);
#5945 = FACE_BOUND('',#5946,.T.);
#5946 = EDGE_LOOP('',(#5947,#5955,#5961,#5962));
#5947 = ORIENTED_EDGE('',*,*,#5948,.F.);
#5948 = EDGE_CURVE('',#5949,#5925,#5951,.T.);
#5949 = VERTEX_POINT('',#5950);
#5950 = CARTESIAN_POINT('',(-53.46300125122,-34.22969818115,9.));
#5951 = LINE('',#5952,#5953);
#5952 = CARTESIAN_POINT('',(-53.46300125122,-34.22969818115,9.));
#5953 = VECTOR('',#5954,1.);
#5954 = DIRECTION('',(0.941692948024,-0.336473463504,0.));
#5955 = ORIENTED_EDGE('',*,*,#5956,.T.);
#5956 = EDGE_CURVE('',#5949,#1431,#5957,.T.);
#5957 = LINE('',#5958,#5959);
#5958 = CARTESIAN_POINT('',(-53.46300125122,-34.22969818115,9.));
#5959 = VECTOR('',#5960,1.);
#5960 = DIRECTION('',(0.,0.,-1.));
#5961 = ORIENTED_EDGE('',*,*,#1430,.F.);
#5962 = ORIENTED_EDGE('',*,*,#5932,.T.);
#5963 = PLANE('',#5964);
#5964 = AXIS2_PLACEMENT_3D('',#5965,#5966,#5967);
#5965 = CARTESIAN_POINT('',(-53.37750053405,-34.2602481842,4.5));
#5966 = DIRECTION('',(-0.336473463504,-0.941692948024,-0.));
#5967 = DIRECTION('',(-0.941692948024,0.336473463504,0.));
#5968 = ADVANCED_FACE('',(#5969),#5987,.T.);
#5969 = FACE_BOUND('',#5970,.T.);
#5970 = EDGE_LOOP('',(#5971,#5979,#5985,#5986));
#5971 = ORIENTED_EDGE('',*,*,#5972,.F.);
#5972 = EDGE_CURVE('',#5973,#5949,#5975,.T.);
#5973 = VERTEX_POINT('',#5974);
#5974 = CARTESIAN_POINT('',(-53.63909912109,-34.18550109863,9.));
#5975 = LINE('',#5976,#5977);
#5976 = CARTESIAN_POINT('',(-53.63909912109,-34.18550109863,9.));
#5977 = VECTOR('',#5978,1.);
#5978 = DIRECTION('',(0.969918384991,-0.243430331835,0.));
#5979 = ORIENTED_EDGE('',*,*,#5980,.T.);
#5980 = EDGE_CURVE('',#5973,#1439,#5981,.T.);
#5981 = LINE('',#5982,#5983);
#5982 = CARTESIAN_POINT('',(-53.63909912109,-34.18550109863,9.));
#5983 = VECTOR('',#5984,1.);
#5984 = DIRECTION('',(0.,0.,-1.));
#5985 = ORIENTED_EDGE('',*,*,#1438,.F.);
#5986 = ORIENTED_EDGE('',*,*,#5956,.F.);
#5987 = PLANE('',#5988);
#5988 = AXIS2_PLACEMENT_3D('',#5989,#5990,#5991);
#5989 = CARTESIAN_POINT('',(-53.55105018615,-34.20759963989,4.5));
#5990 = DIRECTION('',(-0.243430331835,-0.969918384991,-0.));
#5991 = DIRECTION('',(-0.969918384991,0.243430331835,0.));
#5992 = ADVANCED_FACE('',(#5993),#6011,.T.);
#5993 = FACE_BOUND('',#5994,.T.);
#5994 = EDGE_LOOP('',(#5995,#6003,#6009,#6010));
#5995 = ORIENTED_EDGE('',*,*,#5996,.F.);
#5996 = EDGE_CURVE('',#5997,#5973,#5999,.T.);
#5997 = VERTEX_POINT('',#5998);
#5998 = CARTESIAN_POINT('',(-53.81869888305,-34.1589012146,9.));
#5999 = LINE('',#6000,#6001);
#6000 = CARTESIAN_POINT('',(-53.81869888305,-34.1589012146,9.));
#6001 = VECTOR('',#6002,1.);
#6002 = DIRECTION('',(0.989209440443,-0.146508303311,0.));
#6003 = ORIENTED_EDGE('',*,*,#6004,.F.);
#6004 = EDGE_CURVE('',#1447,#5997,#6005,.T.);
#6005 = LINE('',#6006,#6007);
#6006 = CARTESIAN_POINT('',(-53.81869888305,-34.1589012146,0.));
#6007 = VECTOR('',#6008,1.);
#6008 = DIRECTION('',(0.,0.,1.));
#6009 = ORIENTED_EDGE('',*,*,#1446,.F.);
#6010 = ORIENTED_EDGE('',*,*,#5980,.F.);
#6011 = PLANE('',#6012);
#6012 = AXIS2_PLACEMENT_3D('',#6013,#6014,#6015);
#6013 = CARTESIAN_POINT('',(-53.72889900207,-34.17220115661,4.5));
#6014 = DIRECTION('',(-0.146508303311,-0.989209440443,-0.));
#6015 = DIRECTION('',(-0.989209440443,0.146508303311,0.));
#6016 = ADVANCED_FACE('',(#6017),#6035,.T.);
#6017 = FACE_BOUND('',#6018,.T.);
#6018 = EDGE_LOOP('',(#6019,#6027,#6033,#6034));
#6019 = ORIENTED_EDGE('',*,*,#6020,.F.);
#6020 = EDGE_CURVE('',#6021,#5997,#6023,.T.);
#6021 = VERTEX_POINT('',#6022);
#6022 = CARTESIAN_POINT('',(-54.,-34.15000152587,9.));
#6023 = LINE('',#6024,#6025);
#6024 = CARTESIAN_POINT('',(-54.,-34.15000152587,9.));
#6025 = VECTOR('',#6026,1.);
#6026 = DIRECTION('',(0.998797362669,-4.90288519601E-02,0.));
#6027 = ORIENTED_EDGE('',*,*,#6028,.T.);
#6028 = EDGE_CURVE('',#6021,#1455,#6029,.T.);
#6029 = LINE('',#6030,#6031);
#6030 = CARTESIAN_POINT('',(-54.,-34.15000152587,9.));
#6031 = VECTOR('',#6032,1.);
#6032 = DIRECTION('',(0.,0.,-1.));
#6033 = ORIENTED_EDGE('',*,*,#1454,.F.);
#6034 = ORIENTED_EDGE('',*,*,#6004,.T.);
#6035 = PLANE('',#6036);
#6036 = AXIS2_PLACEMENT_3D('',#6037,#6038,#6039);
#6037 = CARTESIAN_POINT('',(-53.90934944152,-34.15445137023,4.5));
#6038 = DIRECTION('',(-4.90288519601E-02,-0.998797362669,-0.));
#6039 = DIRECTION('',(-0.998797362669,4.90288519601E-02,0.));
#6040 = ADVANCED_FACE('',(#6041),#6059,.T.);
#6041 = FACE_BOUND('',#6042,.T.);
#6042 = EDGE_LOOP('',(#6043,#6051,#6057,#6058));
#6043 = ORIENTED_EDGE('',*,*,#6044,.F.);
#6044 = EDGE_CURVE('',#6045,#6021,#6047,.T.);
#6045 = VERTEX_POINT('',#6046);
#6046 = CARTESIAN_POINT('',(-54.18130111694,-34.1589012146,9.));
#6047 = LINE('',#6048,#6049);
#6048 = CARTESIAN_POINT('',(-54.18130111694,-34.1589012146,9.));
#6049 = VECTOR('',#6050,1.);
#6050 = DIRECTION('',(0.998797362669,4.90288519601E-02,0.));
#6051 = ORIENTED_EDGE('',*,*,#6052,.F.);
#6052 = EDGE_CURVE('',#1463,#6045,#6053,.T.);
#6053 = LINE('',#6054,#6055);
#6054 = CARTESIAN_POINT('',(-54.18130111694,-34.1589012146,0.));
#6055 = VECTOR('',#6056,1.);
#6056 = DIRECTION('',(0.,0.,1.));
#6057 = ORIENTED_EDGE('',*,*,#1462,.F.);
#6058 = ORIENTED_EDGE('',*,*,#6028,.F.);
#6059 = PLANE('',#6060);
#6060 = AXIS2_PLACEMENT_3D('',#6061,#6062,#6063);
#6061 = CARTESIAN_POINT('',(-54.09065055847,-34.15445137023,4.5));
#6062 = DIRECTION('',(4.90288519601E-02,-0.998797362669,0.));
#6063 = DIRECTION('',(-0.998797362669,-4.90288519601E-02,0.));
#6064 = ADVANCED_FACE('',(#6065),#6083,.T.);
#6065 = FACE_BOUND('',#6066,.T.);
#6066 = EDGE_LOOP('',(#6067,#6075,#6081,#6082));
#6067 = ORIENTED_EDGE('',*,*,#6068,.F.);
#6068 = EDGE_CURVE('',#6069,#6045,#6071,.T.);
#6069 = VERTEX_POINT('',#6070);
#6070 = CARTESIAN_POINT('',(-54.3609008789,-34.18550109863,9.));
#6071 = LINE('',#6072,#6073);
#6072 = CARTESIAN_POINT('',(-54.3609008789,-34.18550109863,9.));
#6073 = VECTOR('',#6074,1.);
#6074 = DIRECTION('',(0.989209440443,0.146508303311,0.));
#6075 = ORIENTED_EDGE('',*,*,#6076,.T.);
#6076 = EDGE_CURVE('',#6069,#1471,#6077,.T.);
#6077 = LINE('',#6078,#6079);
#6078 = CARTESIAN_POINT('',(-54.3609008789,-34.18550109863,9.));
#6079 = VECTOR('',#6080,1.);
#6080 = DIRECTION('',(0.,0.,-1.));
#6081 = ORIENTED_EDGE('',*,*,#1470,.F.);
#6082 = ORIENTED_EDGE('',*,*,#6052,.T.);
#6083 = PLANE('',#6084);
#6084 = AXIS2_PLACEMENT_3D('',#6085,#6086,#6087);
#6085 = CARTESIAN_POINT('',(-54.27110099792,-34.17220115661,4.5));
#6086 = DIRECTION('',(0.146508303311,-0.989209440443,0.));
#6087 = DIRECTION('',(-0.989209440443,-0.146508303311,0.));
#6088 = ADVANCED_FACE('',(#6089),#6107,.T.);
#6089 = FACE_BOUND('',#6090,.T.);
#6090 = EDGE_LOOP('',(#6091,#6099,#6105,#6106));
#6091 = ORIENTED_EDGE('',*,*,#6092,.F.);
#6092 = EDGE_CURVE('',#6093,#6069,#6095,.T.);
#6093 = VERTEX_POINT('',#6094);
#6094 = CARTESIAN_POINT('',(-54.53699874877,-34.22969818115,9.));
#6095 = LINE('',#6096,#6097);
#6096 = CARTESIAN_POINT('',(-54.53699874877,-34.22969818115,9.));
#6097 = VECTOR('',#6098,1.);
#6098 = DIRECTION('',(0.969918384991,0.243430331835,0.));
#6099 = ORIENTED_EDGE('',*,*,#6100,.T.);
#6100 = EDGE_CURVE('',#6093,#1479,#6101,.T.);
#6101 = LINE('',#6102,#6103);
#6102 = CARTESIAN_POINT('',(-54.53699874877,-34.22969818115,9.));
#6103 = VECTOR('',#6104,1.);
#6104 = DIRECTION('',(0.,0.,-1.));
#6105 = ORIENTED_EDGE('',*,*,#1478,.F.);
#6106 = ORIENTED_EDGE('',*,*,#6076,.F.);
#6107 = PLANE('',#6108);
#6108 = AXIS2_PLACEMENT_3D('',#6109,#6110,#6111);
#6109 = CARTESIAN_POINT('',(-54.44894981384,-34.20759963989,4.5));
#6110 = DIRECTION('',(0.243430331835,-0.969918384991,0.));
#6111 = DIRECTION('',(-0.969918384991,-0.243430331835,0.));
#6112 = ADVANCED_FACE('',(#6113),#6131,.T.);
#6113 = FACE_BOUND('',#6114,.T.);
#6114 = EDGE_LOOP('',(#6115,#6123,#6129,#6130));
#6115 = ORIENTED_EDGE('',*,*,#6116,.F.);
#6116 = EDGE_CURVE('',#6117,#6093,#6119,.T.);
#6117 = VERTEX_POINT('',#6118);
#6118 = CARTESIAN_POINT('',(-54.7080001831,-34.29079818725,9.));
#6119 = LINE('',#6120,#6121);
#6120 = CARTESIAN_POINT('',(-54.7080001831,-34.29079818725,9.));
#6121 = VECTOR('',#6122,1.);
#6122 = DIRECTION('',(0.941692948024,0.336473463504,0.));
#6123 = ORIENTED_EDGE('',*,*,#6124,.F.);
#6124 = EDGE_CURVE('',#1487,#6117,#6125,.T.);
#6125 = LINE('',#6126,#6127);
#6126 = CARTESIAN_POINT('',(-54.7080001831,-34.29079818725,0.));
#6127 = VECTOR('',#6128,1.);
#6128 = DIRECTION('',(0.,0.,1.));
#6129 = ORIENTED_EDGE('',*,*,#1486,.F.);
#6130 = ORIENTED_EDGE('',*,*,#6100,.F.);
#6131 = PLANE('',#6132);
#6132 = AXIS2_PLACEMENT_3D('',#6133,#6134,#6135);
#6133 = CARTESIAN_POINT('',(-54.62249946594,-34.2602481842,4.5));
#6134 = DIRECTION('',(0.336473463504,-0.941692948024,0.));
#6135 = DIRECTION('',(-0.941692948024,-0.336473463504,0.));
#6136 = ADVANCED_FACE('',(#6137),#6155,.T.);
#6137 = FACE_BOUND('',#6138,.T.);
#6138 = EDGE_LOOP('',(#6139,#6147,#6153,#6154));
#6139 = ORIENTED_EDGE('',*,*,#6140,.F.);
#6140 = EDGE_CURVE('',#6141,#6117,#6143,.T.);
#6141 = VERTEX_POINT('',#6142);
#6142 = CARTESIAN_POINT('',(-54.87210083007,-34.36840057373,9.));
#6143 = LINE('',#6144,#6145);
#6144 = CARTESIAN_POINT('',(-54.87210083007,-34.36840057373,9.));
#6145 = VECTOR('',#6146,1.);
#6146 = DIRECTION('',(0.904013648298,0.427503594945,0.));
#6147 = ORIENTED_EDGE('',*,*,#6148,.F.);
#6148 = EDGE_CURVE('',#1495,#6141,#6149,.T.);
#6149 = LINE('',#6150,#6151);
#6150 = CARTESIAN_POINT('',(-54.87210083007,-34.36840057373,0.));
#6151 = VECTOR('',#6152,1.);
#6152 = DIRECTION('',(0.,0.,1.));
#6153 = ORIENTED_EDGE('',*,*,#1494,.F.);
#6154 = ORIENTED_EDGE('',*,*,#6124,.T.);
#6155 = PLANE('',#6156);
#6156 = AXIS2_PLACEMENT_3D('',#6157,#6158,#6159);
#6157 = CARTESIAN_POINT('',(-54.79005050659,-34.32959938049,4.5));
#6158 = DIRECTION('',(0.427503594945,-0.904013648298,0.));
#6159 = DIRECTION('',(-0.904013648298,-0.427503594945,0.));
#6160 = ADVANCED_FACE('',(#6161),#6179,.T.);
#6161 = FACE_BOUND('',#6162,.T.);
#6162 = EDGE_LOOP('',(#6163,#6171,#6177,#6178));
#6163 = ORIENTED_EDGE('',*,*,#6164,.F.);
#6164 = EDGE_CURVE('',#6165,#6141,#6167,.T.);
#6165 = VERTEX_POINT('',#6166);
#6166 = CARTESIAN_POINT('',(-55.02780151367,-34.46179962158,9.));
#6167 = LINE('',#6168,#6169);
#6168 = CARTESIAN_POINT('',(-55.02780151367,-34.46179962158,9.));
#6169 = VECTOR('',#6170,1.);
#6170 = DIRECTION('',(0.857544828448,0.514409240977,0.));
#6171 = ORIENTED_EDGE('',*,*,#6172,.T.);
#6172 = EDGE_CURVE('',#6165,#1503,#6173,.T.);
#6173 = LINE('',#6174,#6175);
#6174 = CARTESIAN_POINT('',(-55.02780151367,-34.46179962158,9.));
#6175 = VECTOR('',#6176,1.);
#6176 = DIRECTION('',(0.,0.,-1.));
#6177 = ORIENTED_EDGE('',*,*,#1502,.F.);
#6178 = ORIENTED_EDGE('',*,*,#6148,.T.);
#6179 = PLANE('',#6180);
#6180 = AXIS2_PLACEMENT_3D('',#6181,#6182,#6183);
#6181 = CARTESIAN_POINT('',(-54.94995117187,-34.41510009765,4.5));
#6182 = DIRECTION('',(0.514409240977,-0.857544828448,0.));
#6183 = DIRECTION('',(-0.857544828448,-0.514409240977,0.));
#6184 = ADVANCED_FACE('',(#6185),#6203,.T.);
#6185 = FACE_BOUND('',#6186,.T.);
#6186 = EDGE_LOOP('',(#6187,#6195,#6201,#6202));
#6187 = ORIENTED_EDGE('',*,*,#6188,.F.);
#6188 = EDGE_CURVE('',#6189,#6165,#6191,.T.);
#6189 = VERTEX_POINT('',#6190);
#6190 = CARTESIAN_POINT('',(-55.17359924316,-34.56990051269,9.));
#6191 = LINE('',#6192,#6193);
#6192 = CARTESIAN_POINT('',(-55.17359924316,-34.56990051269,9.));
#6193 = VECTOR('',#6194,1.);
#6194 = DIRECTION('',(0.803286806393,0.595592399779,0.));
#6195 = ORIENTED_EDGE('',*,*,#6196,.T.);
#6196 = EDGE_CURVE('',#6189,#1511,#6197,.T.);
#6197 = LINE('',#6198,#6199);
#6198 = CARTESIAN_POINT('',(-55.17359924316,-34.56990051269,9.));
#6199 = VECTOR('',#6200,1.);
#6200 = DIRECTION('',(0.,0.,-1.));
#6201 = ORIENTED_EDGE('',*,*,#1510,.F.);
#6202 = ORIENTED_EDGE('',*,*,#6172,.F.);
#6203 = PLANE('',#6204);
#6204 = AXIS2_PLACEMENT_3D('',#6205,#6206,#6207);
#6205 = CARTESIAN_POINT('',(-55.10070037841,-34.51585006713,4.5));
#6206 = DIRECTION('',(0.595592399779,-0.803286806393,0.));
#6207 = DIRECTION('',(-0.803286806393,-0.595592399779,0.));
#6208 = ADVANCED_FACE('',(#6209),#6227,.T.);
#6209 = FACE_BOUND('',#6210,.T.);
#6210 = EDGE_LOOP('',(#6211,#6219,#6225,#6226));
#6211 = ORIENTED_EDGE('',*,*,#6212,.F.);
#6212 = EDGE_CURVE('',#6213,#6189,#6215,.T.);
#6213 = VERTEX_POINT('',#6214);
#6214 = CARTESIAN_POINT('',(-55.30810165405,-34.69189834594,9.));
#6215 = LINE('',#6216,#6217);
#6216 = CARTESIAN_POINT('',(-55.30810165405,-34.69189834594,9.));
#6217 = VECTOR('',#6218,1.);
#6218 = DIRECTION('',(0.740699099224,0.671836918015,0.));
#6219 = ORIENTED_EDGE('',*,*,#6220,.T.);
#6220 = EDGE_CURVE('',#6213,#1519,#6221,.T.);
#6221 = LINE('',#6222,#6223);
#6222 = CARTESIAN_POINT('',(-55.30810165405,-34.69189834594,9.));
#6223 = VECTOR('',#6224,1.);
#6224 = DIRECTION('',(0.,0.,-1.));
#6225 = ORIENTED_EDGE('',*,*,#1518,.F.);
#6226 = ORIENTED_EDGE('',*,*,#6196,.F.);
#6227 = PLANE('',#6228);
#6228 = AXIS2_PLACEMENT_3D('',#6229,#6230,#6231);
#6229 = CARTESIAN_POINT('',(-55.2408504486,-34.63089942932,4.5));
#6230 = DIRECTION('',(0.671836918015,-0.740699099224,0.));
#6231 = DIRECTION('',(-0.740699099224,-0.671836918015,0.));
#6232 = ADVANCED_FACE('',(#6233),#6251,.T.);
#6233 = FACE_BOUND('',#6234,.T.);
#6234 = EDGE_LOOP('',(#6235,#6236,#6244,#6250));
#6235 = ORIENTED_EDGE('',*,*,#6220,.F.);
#6236 = ORIENTED_EDGE('',*,*,#6237,.F.);
#6237 = EDGE_CURVE('',#6238,#6213,#6240,.T.);
#6238 = VERTEX_POINT('',#6239);
#6239 = CARTESIAN_POINT('',(-55.4300994873,-34.82640075683,9.));
#6240 = LINE('',#6241,#6242);
#6241 = CARTESIAN_POINT('',(-55.4300994873,-34.82640075683,9.));
#6242 = VECTOR('',#6243,1.);
#6243 = DIRECTION('',(0.671836918015,0.740699099224,0.));
#6244 = ORIENTED_EDGE('',*,*,#6245,.F.);
#6245 = EDGE_CURVE('',#1527,#6238,#6246,.T.);
#6246 = LINE('',#6247,#6248);
#6247 = CARTESIAN_POINT('',(-55.4300994873,-34.82640075683,0.));
#6248 = VECTOR('',#6249,1.);
#6249 = DIRECTION('',(0.,0.,1.));
#6250 = ORIENTED_EDGE('',*,*,#1526,.F.);
#6251 = PLANE('',#6252);
#6252 = AXIS2_PLACEMENT_3D('',#6253,#6254,#6255);
#6253 = CARTESIAN_POINT('',(-55.36910057067,-34.75914955139,4.5));
#6254 = DIRECTION('',(0.740699099224,-0.671836918015,0.));
#6255 = DIRECTION('',(0.671836918015,0.740699099224,0.));
#6256 = ADVANCED_FACE('',(#6257),#6275,.T.);
#6257 = FACE_BOUND('',#6258,.T.);
#6258 = EDGE_LOOP('',(#6259,#6260,#6268,#6274));
#6259 = ORIENTED_EDGE('',*,*,#6245,.T.);
#6260 = ORIENTED_EDGE('',*,*,#6261,.F.);
#6261 = EDGE_CURVE('',#6262,#6238,#6264,.T.);
#6262 = VERTEX_POINT('',#6263);
#6263 = CARTESIAN_POINT('',(-55.53820037841,-34.97219848632,9.));
#6264 = LINE('',#6265,#6266);
#6265 = CARTESIAN_POINT('',(-55.53820037841,-34.97219848632,9.));
#6266 = VECTOR('',#6267,1.);
#6267 = DIRECTION('',(0.595592399779,0.803286806393,0.));
#6268 = ORIENTED_EDGE('',*,*,#6269,.F.);
#6269 = EDGE_CURVE('',#1535,#6262,#6270,.T.);
#6270 = LINE('',#6271,#6272);
#6271 = CARTESIAN_POINT('',(-55.53820037841,-34.97219848632,0.));
#6272 = VECTOR('',#6273,1.);
#6273 = DIRECTION('',(0.,0.,1.));
#6274 = ORIENTED_EDGE('',*,*,#1534,.F.);
#6275 = PLANE('',#6276);
#6276 = AXIS2_PLACEMENT_3D('',#6277,#6278,#6279);
#6277 = CARTESIAN_POINT('',(-55.48414993286,-34.89929962158,4.5));
#6278 = DIRECTION('',(0.803286806393,-0.595592399779,0.));
#6279 = DIRECTION('',(0.595592399779,0.803286806393,0.));
#6280 = ADVANCED_FACE('',(#6281),#6299,.T.);
#6281 = FACE_BOUND('',#6282,.T.);
#6282 = EDGE_LOOP('',(#6283,#6284,#6292,#6298));
#6283 = ORIENTED_EDGE('',*,*,#6269,.T.);
#6284 = ORIENTED_EDGE('',*,*,#6285,.F.);
#6285 = EDGE_CURVE('',#6286,#6262,#6288,.T.);
#6286 = VERTEX_POINT('',#6287);
#6287 = CARTESIAN_POINT('',(-55.63159942627,-35.12789916992,9.));
#6288 = LINE('',#6289,#6290);
#6289 = CARTESIAN_POINT('',(-55.63159942627,-35.12789916992,9.));
#6290 = VECTOR('',#6291,1.);
#6291 = DIRECTION('',(0.514409240977,0.857544828448,0.));
#6292 = ORIENTED_EDGE('',*,*,#6293,.T.);
#6293 = EDGE_CURVE('',#6286,#1543,#6294,.T.);
#6294 = LINE('',#6295,#6296);
#6295 = CARTESIAN_POINT('',(-55.63159942627,-35.12789916992,9.));
#6296 = VECTOR('',#6297,1.);
#6297 = DIRECTION('',(0.,0.,-1.));
#6298 = ORIENTED_EDGE('',*,*,#1542,.F.);
#6299 = PLANE('',#6300);
#6300 = AXIS2_PLACEMENT_3D('',#6301,#6302,#6303);
#6301 = CARTESIAN_POINT('',(-55.58489990234,-35.05004882812,4.5));
#6302 = DIRECTION('',(0.857544828448,-0.514409240977,0.));
#6303 = DIRECTION('',(0.514409240977,0.857544828448,0.));
#6304 = ADVANCED_FACE('',(#6305),#6323,.T.);
#6305 = FACE_BOUND('',#6306,.T.);
#6306 = EDGE_LOOP('',(#6307,#6308,#6316,#6322));
#6307 = ORIENTED_EDGE('',*,*,#6293,.F.);
#6308 = ORIENTED_EDGE('',*,*,#6309,.F.);
#6309 = EDGE_CURVE('',#6310,#6286,#6312,.T.);
#6310 = VERTEX_POINT('',#6311);
#6311 = CARTESIAN_POINT('',(-55.70920181274,-35.29199981689,9.));
#6312 = LINE('',#6313,#6314);
#6313 = CARTESIAN_POINT('',(-55.70920181274,-35.29199981689,9.));
#6314 = VECTOR('',#6315,1.);
#6315 = DIRECTION('',(0.427503594945,0.904013648298,0.));
#6316 = ORIENTED_EDGE('',*,*,#6317,.T.);
#6317 = EDGE_CURVE('',#6310,#1551,#6318,.T.);
#6318 = LINE('',#6319,#6320);
#6319 = CARTESIAN_POINT('',(-55.70920181274,-35.29199981689,9.));
#6320 = VECTOR('',#6321,1.);
#6321 = DIRECTION('',(0.,0.,-1.));
#6322 = ORIENTED_EDGE('',*,*,#1550,.F.);
#6323 = PLANE('',#6324);
#6324 = AXIS2_PLACEMENT_3D('',#6325,#6326,#6327);
#6325 = CARTESIAN_POINT('',(-55.6704006195,-35.2099494934,4.5));
#6326 = DIRECTION('',(0.904013648298,-0.427503594945,0.));
#6327 = DIRECTION('',(0.427503594945,0.904013648298,0.));
#6328 = ADVANCED_FACE('',(#6329),#6347,.T.);
#6329 = FACE_BOUND('',#6330,.T.);
#6330 = EDGE_LOOP('',(#6331,#6332,#6340,#6346));
#6331 = ORIENTED_EDGE('',*,*,#6317,.F.);
#6332 = ORIENTED_EDGE('',*,*,#6333,.F.);
#6333 = EDGE_CURVE('',#6334,#6310,#6336,.T.);
#6334 = VERTEX_POINT('',#6335);
#6335 = CARTESIAN_POINT('',(-55.77030181884,-35.46300125122,9.));
#6336 = LINE('',#6337,#6338);
#6337 = CARTESIAN_POINT('',(-55.77030181884,-35.46300125122,9.));
#6338 = VECTOR('',#6339,1.);
#6339 = DIRECTION('',(0.336473463504,0.941692948024,0.));
#6340 = ORIENTED_EDGE('',*,*,#6341,.F.);
#6341 = EDGE_CURVE('',#1559,#6334,#6342,.T.);
#6342 = LINE('',#6343,#6344);
#6343 = CARTESIAN_POINT('',(-55.77030181884,-35.46300125122,0.));
#6344 = VECTOR('',#6345,1.);
#6345 = DIRECTION('',(0.,0.,1.));
#6346 = ORIENTED_EDGE('',*,*,#1558,.F.);
#6347 = PLANE('',#6348);
#6348 = AXIS2_PLACEMENT_3D('',#6349,#6350,#6351);
#6349 = CARTESIAN_POINT('',(-55.73975181579,-35.37750053405,4.5));
#6350 = DIRECTION('',(0.941692948024,-0.336473463504,0.));
#6351 = DIRECTION('',(0.336473463504,0.941692948024,0.));
#6352 = ADVANCED_FACE('',(#6353),#6371,.T.);
#6353 = FACE_BOUND('',#6354,.T.);
#6354 = EDGE_LOOP('',(#6355,#6356,#6364,#6370));
#6355 = ORIENTED_EDGE('',*,*,#6341,.T.);
#6356 = ORIENTED_EDGE('',*,*,#6357,.F.);
#6357 = EDGE_CURVE('',#6358,#6334,#6360,.T.);
#6358 = VERTEX_POINT('',#6359);
#6359 = CARTESIAN_POINT('',(-55.81449890136,-35.63909912109,9.));
#6360 = LINE('',#6361,#6362);
#6361 = CARTESIAN_POINT('',(-55.81449890136,-35.63909912109,9.));
#6362 = VECTOR('',#6363,1.);
#6363 = DIRECTION('',(0.243430331835,0.969918384991,0.));
#6364 = ORIENTED_EDGE('',*,*,#6365,.T.);
#6365 = EDGE_CURVE('',#6358,#1567,#6366,.T.);
#6366 = LINE('',#6367,#6368);
#6367 = CARTESIAN_POINT('',(-55.81449890136,-35.63909912109,9.));
#6368 = VECTOR('',#6369,1.);
#6369 = DIRECTION('',(0.,0.,-1.));
#6370 = ORIENTED_EDGE('',*,*,#1566,.F.);
#6371 = PLANE('',#6372);
#6372 = AXIS2_PLACEMENT_3D('',#6373,#6374,#6375);
#6373 = CARTESIAN_POINT('',(-55.7924003601,-35.55105018615,4.5));
#6374 = DIRECTION('',(0.969918384991,-0.243430331835,0.));
#6375 = DIRECTION('',(0.243430331835,0.969918384991,0.));
#6376 = ADVANCED_FACE('',(#6377),#6395,.T.);
#6377 = FACE_BOUND('',#6378,.T.);
#6378 = EDGE_LOOP('',(#6379,#6380,#6388,#6394));
#6379 = ORIENTED_EDGE('',*,*,#6365,.F.);
#6380 = ORIENTED_EDGE('',*,*,#6381,.F.);
#6381 = EDGE_CURVE('',#6382,#6358,#6384,.T.);
#6382 = VERTEX_POINT('',#6383);
#6383 = CARTESIAN_POINT('',(-55.8410987854,-35.81869888305,9.));
#6384 = LINE('',#6385,#6386);
#6385 = CARTESIAN_POINT('',(-55.8410987854,-35.81869888305,9.));
#6386 = VECTOR('',#6387,1.);
#6387 = DIRECTION('',(0.146508303311,0.989209440443,0.));
#6388 = ORIENTED_EDGE('',*,*,#6389,.F.);
#6389 = EDGE_CURVE('',#1575,#6382,#6390,.T.);
#6390 = LINE('',#6391,#6392);
#6391 = CARTESIAN_POINT('',(-55.8410987854,-35.81869888305,0.));
#6392 = VECTOR('',#6393,1.);
#6393 = DIRECTION('',(0.,0.,1.));
#6394 = ORIENTED_EDGE('',*,*,#1574,.F.);
#6395 = PLANE('',#6396);
#6396 = AXIS2_PLACEMENT_3D('',#6397,#6398,#6399);
#6397 = CARTESIAN_POINT('',(-55.82779884338,-35.72889900207,4.5));
#6398 = DIRECTION('',(0.989209440443,-0.146508303311,0.));
#6399 = DIRECTION('',(0.146508303311,0.989209440443,0.));
#6400 = ADVANCED_FACE('',(#6401),#6419,.T.);
#6401 = FACE_BOUND('',#6402,.T.);
#6402 = EDGE_LOOP('',(#6403,#6404,#6412,#6418));
#6403 = ORIENTED_EDGE('',*,*,#6389,.T.);
#6404 = ORIENTED_EDGE('',*,*,#6405,.F.);
#6405 = EDGE_CURVE('',#6406,#6382,#6408,.T.);
#6406 = VERTEX_POINT('',#6407);
#6407 = CARTESIAN_POINT('',(-55.84999847412,-36.,9.));
#6408 = LINE('',#6409,#6410);
#6409 = CARTESIAN_POINT('',(-55.84999847412,-36.,9.));
#6410 = VECTOR('',#6411,1.);
#6411 = DIRECTION('',(4.90288519601E-02,0.998797362669,0.));
#6412 = ORIENTED_EDGE('',*,*,#6413,.F.);
#6413 = EDGE_CURVE('',#1583,#6406,#6414,.T.);
#6414 = LINE('',#6415,#6416);
#6415 = CARTESIAN_POINT('',(-55.84999847412,-36.,0.));
#6416 = VECTOR('',#6417,1.);
#6417 = DIRECTION('',(0.,0.,1.));
#6418 = ORIENTED_EDGE('',*,*,#1582,.F.);
#6419 = PLANE('',#6420);
#6420 = AXIS2_PLACEMENT_3D('',#6421,#6422,#6423);
#6421 = CARTESIAN_POINT('',(-55.84554862976,-35.90934944152,4.5));
#6422 = DIRECTION('',(0.998797362669,-4.90288519601E-02,0.));
#6423 = DIRECTION('',(4.90288519601E-02,0.998797362669,0.));
#6424 = ADVANCED_FACE('',(#6425),#6443,.T.);
#6425 = FACE_BOUND('',#6426,.T.);
#6426 = EDGE_LOOP('',(#6427,#6428,#6436,#6442));
#6427 = ORIENTED_EDGE('',*,*,#6413,.T.);
#6428 = ORIENTED_EDGE('',*,*,#6429,.F.);
#6429 = EDGE_CURVE('',#6430,#6406,#6432,.T.);
#6430 = VERTEX_POINT('',#6431);
#6431 = CARTESIAN_POINT('',(-55.8410987854,-36.18130111694,9.));
#6432 = LINE('',#6433,#6434);
#6433 = CARTESIAN_POINT('',(-55.8410987854,-36.18130111694,9.));
#6434 = VECTOR('',#6435,1.);
#6435 = DIRECTION('',(-4.90288519601E-02,0.998797362669,0.));
#6436 = ORIENTED_EDGE('',*,*,#6437,.T.);
#6437 = EDGE_CURVE('',#6430,#1591,#6438,.T.);
#6438 = LINE('',#6439,#6440);
#6439 = CARTESIAN_POINT('',(-55.8410987854,-36.18130111694,9.));
#6440 = VECTOR('',#6441,1.);
#6441 = DIRECTION('',(0.,0.,-1.));
#6442 = ORIENTED_EDGE('',*,*,#1590,.F.);
#6443 = PLANE('',#6444);
#6444 = AXIS2_PLACEMENT_3D('',#6445,#6446,#6447);
#6445 = CARTESIAN_POINT('',(-55.84554862976,-36.09065055847,4.5));
#6446 = DIRECTION('',(0.998797362669,4.90288519601E-02,0.));
#6447 = DIRECTION('',(-4.90288519601E-02,0.998797362669,0.));
#6448 = ADVANCED_FACE('',(#6449),#6467,.T.);
#6449 = FACE_BOUND('',#6450,.T.);
#6450 = EDGE_LOOP('',(#6451,#6452,#6460,#6466));
#6451 = ORIENTED_EDGE('',*,*,#6437,.F.);
#6452 = ORIENTED_EDGE('',*,*,#6453,.F.);
#6453 = EDGE_CURVE('',#6454,#6430,#6456,.T.);
#6454 = VERTEX_POINT('',#6455);
#6455 = CARTESIAN_POINT('',(-55.81449890136,-36.3609008789,9.));
#6456 = LINE('',#6457,#6458);
#6457 = CARTESIAN_POINT('',(-55.81449890136,-36.3609008789,9.));
#6458 = VECTOR('',#6459,1.);
#6459 = DIRECTION('',(-0.146508303311,0.989209440443,0.));
#6460 = ORIENTED_EDGE('',*,*,#6461,.F.);
#6461 = EDGE_CURVE('',#1599,#6454,#6462,.T.);
#6462 = LINE('',#6463,#6464);
#6463 = CARTESIAN_POINT('',(-55.81449890136,-36.3609008789,0.));
#6464 = VECTOR('',#6465,1.);
#6465 = DIRECTION('',(0.,0.,1.));
#6466 = ORIENTED_EDGE('',*,*,#1598,.F.);
#6467 = PLANE('',#6468);
#6468 = AXIS2_PLACEMENT_3D('',#6469,#6470,#6471);
#6469 = CARTESIAN_POINT('',(-55.82779884338,-36.27110099792,4.5));
#6470 = DIRECTION('',(0.989209440443,0.146508303311,0.));
#6471 = DIRECTION('',(-0.146508303311,0.989209440443,0.));
#6472 = ADVANCED_FACE('',(#6473),#6491,.T.);
#6473 = FACE_BOUND('',#6474,.T.);
#6474 = EDGE_LOOP('',(#6475,#6476,#6484,#6490));
#6475 = ORIENTED_EDGE('',*,*,#6461,.T.);
#6476 = ORIENTED_EDGE('',*,*,#6477,.F.);
#6477 = EDGE_CURVE('',#6478,#6454,#6480,.T.);
#6478 = VERTEX_POINT('',#6479);
#6479 = CARTESIAN_POINT('',(-55.77030181884,-36.53699874877,9.));
#6480 = LINE('',#6481,#6482);
#6481 = CARTESIAN_POINT('',(-55.77030181884,-36.53699874877,9.));
#6482 = VECTOR('',#6483,1.);
#6483 = DIRECTION('',(-0.243430331835,0.969918384991,0.));
#6484 = ORIENTED_EDGE('',*,*,#6485,.T.);
#6485 = EDGE_CURVE('',#6478,#1607,#6486,.T.);
#6486 = LINE('',#6487,#6488);
#6487 = CARTESIAN_POINT('',(-55.77030181884,-36.53699874877,9.));
#6488 = VECTOR('',#6489,1.);
#6489 = DIRECTION('',(0.,0.,-1.));
#6490 = ORIENTED_EDGE('',*,*,#1606,.F.);
#6491 = PLANE('',#6492);
#6492 = AXIS2_PLACEMENT_3D('',#6493,#6494,#6495);
#6493 = CARTESIAN_POINT('',(-55.7924003601,-36.44894981384,4.5));
#6494 = DIRECTION('',(0.969918384991,0.243430331835,0.));
#6495 = DIRECTION('',(-0.243430331835,0.969918384991,0.));
#6496 = ADVANCED_FACE('',(#6497),#6515,.T.);
#6497 = FACE_BOUND('',#6498,.T.);
#6498 = EDGE_LOOP('',(#6499,#6500,#6508,#6514));
#6499 = ORIENTED_EDGE('',*,*,#6485,.F.);
#6500 = ORIENTED_EDGE('',*,*,#6501,.F.);
#6501 = EDGE_CURVE('',#6502,#6478,#6504,.T.);
#6502 = VERTEX_POINT('',#6503);
#6503 = CARTESIAN_POINT('',(-55.70920181274,-36.7080001831,9.));
#6504 = LINE('',#6505,#6506);
#6505 = CARTESIAN_POINT('',(-55.70920181274,-36.7080001831,9.));
#6506 = VECTOR('',#6507,1.);
#6507 = DIRECTION('',(-0.336473463504,0.941692948024,0.));
#6508 = ORIENTED_EDGE('',*,*,#6509,.F.);
#6509 = EDGE_CURVE('',#1615,#6502,#6510,.T.);
#6510 = LINE('',#6511,#6512);
#6511 = CARTESIAN_POINT('',(-55.70920181274,-36.7080001831,0.));
#6512 = VECTOR('',#6513,1.);
#6513 = DIRECTION('',(0.,0.,1.));
#6514 = ORIENTED_EDGE('',*,*,#1614,.F.);
#6515 = PLANE('',#6516);
#6516 = AXIS2_PLACEMENT_3D('',#6517,#6518,#6519);
#6517 = CARTESIAN_POINT('',(-55.73975181579,-36.62249946594,4.5));
#6518 = DIRECTION('',(0.941692948024,0.336473463504,0.));
#6519 = DIRECTION('',(-0.336473463504,0.941692948024,0.));
#6520 = ADVANCED_FACE('',(#6521),#6539,.T.);
#6521 = FACE_BOUND('',#6522,.T.);
#6522 = EDGE_LOOP('',(#6523,#6524,#6532,#6538));
#6523 = ORIENTED_EDGE('',*,*,#6509,.T.);
#6524 = ORIENTED_EDGE('',*,*,#6525,.F.);
#6525 = EDGE_CURVE('',#6526,#6502,#6528,.T.);
#6526 = VERTEX_POINT('',#6527);
#6527 = CARTESIAN_POINT('',(-55.63159942627,-36.87210083007,9.));
#6528 = LINE('',#6529,#6530);
#6529 = CARTESIAN_POINT('',(-55.63159942627,-36.87210083007,9.));
#6530 = VECTOR('',#6531,1.);
#6531 = DIRECTION('',(-0.427503594945,0.904013648298,0.));
#6532 = ORIENTED_EDGE('',*,*,#6533,.F.);
#6533 = EDGE_CURVE('',#1623,#6526,#6534,.T.);
#6534 = LINE('',#6535,#6536);
#6535 = CARTESIAN_POINT('',(-55.63159942627,-36.87210083007,0.));
#6536 = VECTOR('',#6537,1.);
#6537 = DIRECTION('',(0.,0.,1.));
#6538 = ORIENTED_EDGE('',*,*,#1622,.F.);
#6539 = PLANE('',#6540);
#6540 = AXIS2_PLACEMENT_3D('',#6541,#6542,#6543);
#6541 = CARTESIAN_POINT('',(-55.6704006195,-36.79005050659,4.5));
#6542 = DIRECTION('',(0.904013648298,0.427503594945,0.));
#6543 = DIRECTION('',(-0.427503594945,0.904013648298,0.));
#6544 = ADVANCED_FACE('',(#6545),#6563,.T.);
#6545 = FACE_BOUND('',#6546,.T.);
#6546 = EDGE_LOOP('',(#6547,#6548,#6556,#6562));
#6547 = ORIENTED_EDGE('',*,*,#6533,.T.);
#6548 = ORIENTED_EDGE('',*,*,#6549,.F.);
#6549 = EDGE_CURVE('',#6550,#6526,#6552,.T.);
#6550 = VERTEX_POINT('',#6551);
#6551 = CARTESIAN_POINT('',(-55.53820037841,-37.02780151367,9.));
#6552 = LINE('',#6553,#6554);
#6553 = CARTESIAN_POINT('',(-55.53820037841,-37.02780151367,9.));
#6554 = VECTOR('',#6555,1.);
#6555 = DIRECTION('',(-0.514409240977,0.857544828448,0.));
#6556 = ORIENTED_EDGE('',*,*,#6557,.T.);
#6557 = EDGE_CURVE('',#6550,#1631,#6558,.T.);
#6558 = LINE('',#6559,#6560);
#6559 = CARTESIAN_POINT('',(-55.53820037841,-37.02780151367,9.));
#6560 = VECTOR('',#6561,1.);
#6561 = DIRECTION('',(0.,0.,-1.));
#6562 = ORIENTED_EDGE('',*,*,#1630,.F.);
#6563 = PLANE('',#6564);
#6564 = AXIS2_PLACEMENT_3D('',#6565,#6566,#6567);
#6565 = CARTESIAN_POINT('',(-55.58489990234,-36.94995117187,4.5));
#6566 = DIRECTION('',(0.857544828448,0.514409240977,0.));
#6567 = DIRECTION('',(-0.514409240977,0.857544828448,0.));
#6568 = ADVANCED_FACE('',(#6569),#6587,.T.);
#6569 = FACE_BOUND('',#6570,.T.);
#6570 = EDGE_LOOP('',(#6571,#6572,#6580,#6586));
#6571 = ORIENTED_EDGE('',*,*,#6557,.F.);
#6572 = ORIENTED_EDGE('',*,*,#6573,.F.);
#6573 = EDGE_CURVE('',#6574,#6550,#6576,.T.);
#6574 = VERTEX_POINT('',#6575);
#6575 = CARTESIAN_POINT('',(-55.4300994873,-37.17359924316,9.));
#6576 = LINE('',#6577,#6578);
#6577 = CARTESIAN_POINT('',(-55.4300994873,-37.17359924316,9.));
#6578 = VECTOR('',#6579,1.);
#6579 = DIRECTION('',(-0.595592399779,0.803286806393,0.));
#6580 = ORIENTED_EDGE('',*,*,#6581,.F.);
#6581 = EDGE_CURVE('',#1639,#6574,#6582,.T.);
#6582 = LINE('',#6583,#6584);
#6583 = CARTESIAN_POINT('',(-55.4300994873,-37.17359924316,0.));
#6584 = VECTOR('',#6585,1.);
#6585 = DIRECTION('',(0.,0.,1.));
#6586 = ORIENTED_EDGE('',*,*,#1638,.F.);
#6587 = PLANE('',#6588);
#6588 = AXIS2_PLACEMENT_3D('',#6589,#6590,#6591);
#6589 = CARTESIAN_POINT('',(-55.48414993286,-37.10070037841,4.5));
#6590 = DIRECTION('',(0.803286806393,0.595592399779,0.));
#6591 = DIRECTION('',(-0.595592399779,0.803286806393,0.));
#6592 = ADVANCED_FACE('',(#6593),#6611,.T.);
#6593 = FACE_BOUND('',#6594,.T.);
#6594 = EDGE_LOOP('',(#6595,#6596,#6604,#6610));
#6595 = ORIENTED_EDGE('',*,*,#6581,.T.);
#6596 = ORIENTED_EDGE('',*,*,#6597,.F.);
#6597 = EDGE_CURVE('',#6598,#6574,#6600,.T.);
#6598 = VERTEX_POINT('',#6599);
#6599 = CARTESIAN_POINT('',(-55.30810165405,-37.30810165405,9.));
#6600 = LINE('',#6601,#6602);
#6601 = CARTESIAN_POINT('',(-55.30810165405,-37.30810165405,9.));
#6602 = VECTOR('',#6603,1.);
#6603 = DIRECTION('',(-0.671836918015,0.740699099224,0.));
#6604 = ORIENTED_EDGE('',*,*,#6605,.T.);
#6605 = EDGE_CURVE('',#6598,#1647,#6606,.T.);
#6606 = LINE('',#6607,#6608);
#6607 = CARTESIAN_POINT('',(-55.30810165405,-37.30810165405,9.));
#6608 = VECTOR('',#6609,1.);
#6609 = DIRECTION('',(0.,0.,-1.));
#6610 = ORIENTED_EDGE('',*,*,#1646,.F.);
#6611 = PLANE('',#6612);
#6612 = AXIS2_PLACEMENT_3D('',#6613,#6614,#6615);
#6613 = CARTESIAN_POINT('',(-55.36910057067,-37.2408504486,4.5));
#6614 = DIRECTION('',(0.740699099224,0.671836918015,0.));
#6615 = DIRECTION('',(-0.671836918015,0.740699099224,0.));
#6616 = ADVANCED_FACE('',(#6617),#6635,.T.);
#6617 = FACE_BOUND('',#6618,.T.);
#6618 = EDGE_LOOP('',(#6619,#6627,#6633,#6634));
#6619 = ORIENTED_EDGE('',*,*,#6620,.F.);
#6620 = EDGE_CURVE('',#6621,#6598,#6623,.T.);
#6621 = VERTEX_POINT('',#6622);
#6622 = CARTESIAN_POINT('',(-55.17359924316,-37.4300994873,9.));
#6623 = LINE('',#6624,#6625);
#6624 = CARTESIAN_POINT('',(-55.17359924316,-37.4300994873,9.));
#6625 = VECTOR('',#6626,1.);
#6626 = DIRECTION('',(-0.740699099224,0.671836918015,0.));
#6627 = ORIENTED_EDGE('',*,*,#6628,.F.);
#6628 = EDGE_CURVE('',#1655,#6621,#6629,.T.);
#6629 = LINE('',#6630,#6631);
#6630 = CARTESIAN_POINT('',(-55.17359924316,-37.4300994873,0.));
#6631 = VECTOR('',#6632,1.);
#6632 = DIRECTION('',(0.,0.,1.));
#6633 = ORIENTED_EDGE('',*,*,#1654,.F.);
#6634 = ORIENTED_EDGE('',*,*,#6605,.F.);
#6635 = PLANE('',#6636);
#6636 = AXIS2_PLACEMENT_3D('',#6637,#6638,#6639);
#6637 = CARTESIAN_POINT('',(-55.2408504486,-37.36910057067,4.5));
#6638 = DIRECTION('',(0.671836918015,0.740699099224,0.));
#6639 = DIRECTION('',(0.740699099224,-0.671836918015,0.));
#6640 = ADVANCED_FACE('',(#6641),#6659,.T.);
#6641 = FACE_BOUND('',#6642,.T.);
#6642 = EDGE_LOOP('',(#6643,#6651,#6657,#6658));
#6643 = ORIENTED_EDGE('',*,*,#6644,.F.);
#6644 = EDGE_CURVE('',#6645,#6621,#6647,.T.);
#6645 = VERTEX_POINT('',#6646);
#6646 = CARTESIAN_POINT('',(-55.02780151367,-37.53820037841,9.));
#6647 = LINE('',#6648,#6649);
#6648 = CARTESIAN_POINT('',(-55.02780151367,-37.53820037841,9.));
#6649 = VECTOR('',#6650,1.);
#6650 = DIRECTION('',(-0.803286806393,0.595592399779,0.));
#6651 = ORIENTED_EDGE('',*,*,#6652,.T.);
#6652 = EDGE_CURVE('',#6645,#1663,#6653,.T.);
#6653 = LINE('',#6654,#6655);
#6654 = CARTESIAN_POINT('',(-55.02780151367,-37.53820037841,9.));
#6655 = VECTOR('',#6656,1.);
#6656 = DIRECTION('',(0.,0.,-1.));
#6657 = ORIENTED_EDGE('',*,*,#1662,.F.);
#6658 = ORIENTED_EDGE('',*,*,#6628,.T.);
#6659 = PLANE('',#6660);
#6660 = AXIS2_PLACEMENT_3D('',#6661,#6662,#6663);
#6661 = CARTESIAN_POINT('',(-55.10070037841,-37.48414993286,4.5));
#6662 = DIRECTION('',(0.595592399779,0.803286806393,0.));
#6663 = DIRECTION('',(0.803286806393,-0.595592399779,0.));
#6664 = ADVANCED_FACE('',(#6665),#6683,.T.);
#6665 = FACE_BOUND('',#6666,.T.);
#6666 = EDGE_LOOP('',(#6667,#6675,#6681,#6682));
#6667 = ORIENTED_EDGE('',*,*,#6668,.F.);
#6668 = EDGE_CURVE('',#6669,#6645,#6671,.T.);
#6669 = VERTEX_POINT('',#6670);
#6670 = CARTESIAN_POINT('',(-54.87210083007,-37.63159942627,9.));
#6671 = LINE('',#6672,#6673);
#6672 = CARTESIAN_POINT('',(-54.87210083007,-37.63159942627,9.));
#6673 = VECTOR('',#6674,1.);
#6674 = DIRECTION('',(-0.857544828448,0.514409240977,0.));
#6675 = ORIENTED_EDGE('',*,*,#6676,.T.);
#6676 = EDGE_CURVE('',#6669,#1671,#6677,.T.);
#6677 = LINE('',#6678,#6679);
#6678 = CARTESIAN_POINT('',(-54.87210083007,-37.63159942627,9.));
#6679 = VECTOR('',#6680,1.);
#6680 = DIRECTION('',(0.,0.,-1.));
#6681 = ORIENTED_EDGE('',*,*,#1670,.F.);
#6682 = ORIENTED_EDGE('',*,*,#6652,.F.);
#6683 = PLANE('',#6684);
#6684 = AXIS2_PLACEMENT_3D('',#6685,#6686,#6687);
#6685 = CARTESIAN_POINT('',(-54.94995117187,-37.58489990234,4.5));
#6686 = DIRECTION('',(0.514409240977,0.857544828448,0.));
#6687 = DIRECTION('',(0.857544828448,-0.514409240977,0.));
#6688 = ADVANCED_FACE('',(#6689),#6707,.T.);
#6689 = FACE_BOUND('',#6690,.T.);
#6690 = EDGE_LOOP('',(#6691,#6699,#6705,#6706));
#6691 = ORIENTED_EDGE('',*,*,#6692,.F.);
#6692 = EDGE_CURVE('',#6693,#6669,#6695,.T.);
#6693 = VERTEX_POINT('',#6694);
#6694 = CARTESIAN_POINT('',(-54.7080001831,-37.70920181274,9.));
#6695 = LINE('',#6696,#6697);
#6696 = CARTESIAN_POINT('',(-54.7080001831,-37.70920181274,9.));
#6697 = VECTOR('',#6698,1.);
#6698 = DIRECTION('',(-0.904013648298,0.427503594945,0.));
#6699 = ORIENTED_EDGE('',*,*,#6700,.F.);
#6700 = EDGE_CURVE('',#1679,#6693,#6701,.T.);
#6701 = LINE('',#6702,#6703);
#6702 = CARTESIAN_POINT('',(-54.7080001831,-37.70920181274,0.));
#6703 = VECTOR('',#6704,1.);
#6704 = DIRECTION('',(0.,0.,1.));
#6705 = ORIENTED_EDGE('',*,*,#1678,.F.);
#6706 = ORIENTED_EDGE('',*,*,#6676,.F.);
#6707 = PLANE('',#6708);
#6708 = AXIS2_PLACEMENT_3D('',#6709,#6710,#6711);
#6709 = CARTESIAN_POINT('',(-54.79005050659,-37.6704006195,4.5));
#6710 = DIRECTION('',(0.427503594945,0.904013648298,0.));
#6711 = DIRECTION('',(0.904013648298,-0.427503594945,0.));
#6712 = ADVANCED_FACE('',(#6713),#6731,.T.);
#6713 = FACE_BOUND('',#6714,.T.);
#6714 = EDGE_LOOP('',(#6715,#6723,#6729,#6730));
#6715 = ORIENTED_EDGE('',*,*,#6716,.F.);
#6716 = EDGE_CURVE('',#6717,#6693,#6719,.T.);
#6717 = VERTEX_POINT('',#6718);
#6718 = CARTESIAN_POINT('',(-54.53699874877,-37.77030181884,9.));
#6719 = LINE('',#6720,#6721);
#6720 = CARTESIAN_POINT('',(-54.53699874877,-37.77030181884,9.));
#6721 = VECTOR('',#6722,1.);
#6722 = DIRECTION('',(-0.941692948024,0.336473463504,0.));
#6723 = ORIENTED_EDGE('',*,*,#6724,.T.);
#6724 = EDGE_CURVE('',#6717,#1687,#6725,.T.);
#6725 = LINE('',#6726,#6727);
#6726 = CARTESIAN_POINT('',(-54.53699874877,-37.77030181884,9.));
#6727 = VECTOR('',#6728,1.);
#6728 = DIRECTION('',(0.,0.,-1.));
#6729 = ORIENTED_EDGE('',*,*,#1686,.F.);
#6730 = ORIENTED_EDGE('',*,*,#6700,.T.);
#6731 = PLANE('',#6732);
#6732 = AXIS2_PLACEMENT_3D('',#6733,#6734,#6735);
#6733 = CARTESIAN_POINT('',(-54.62249946594,-37.73975181579,4.5));
#6734 = DIRECTION('',(0.336473463504,0.941692948024,0.));
#6735 = DIRECTION('',(0.941692948024,-0.336473463504,0.));
#6736 = ADVANCED_FACE('',(#6737),#6755,.T.);
#6737 = FACE_BOUND('',#6738,.T.);
#6738 = EDGE_LOOP('',(#6739,#6747,#6753,#6754));
#6739 = ORIENTED_EDGE('',*,*,#6740,.F.);
#6740 = EDGE_CURVE('',#6741,#6717,#6743,.T.);
#6741 = VERTEX_POINT('',#6742);
#6742 = CARTESIAN_POINT('',(-54.3609008789,-37.81449890136,9.));
#6743 = LINE('',#6744,#6745);
#6744 = CARTESIAN_POINT('',(-54.3609008789,-37.81449890136,9.));
#6745 = VECTOR('',#6746,1.);
#6746 = DIRECTION('',(-0.969918384991,0.243430331835,0.));
#6747 = ORIENTED_EDGE('',*,*,#6748,.T.);
#6748 = EDGE_CURVE('',#6741,#1695,#6749,.T.);
#6749 = LINE('',#6750,#6751);
#6750 = CARTESIAN_POINT('',(-54.3609008789,-37.81449890136,9.));
#6751 = VECTOR('',#6752,1.);
#6752 = DIRECTION('',(0.,0.,-1.));
#6753 = ORIENTED_EDGE('',*,*,#1694,.F.);
#6754 = ORIENTED_EDGE('',*,*,#6724,.F.);
#6755 = PLANE('',#6756);
#6756 = AXIS2_PLACEMENT_3D('',#6757,#6758,#6759);
#6757 = CARTESIAN_POINT('',(-54.44894981384,-37.7924003601,4.5));
#6758 = DIRECTION('',(0.243430331835,0.969918384991,0.));
#6759 = DIRECTION('',(0.969918384991,-0.243430331835,0.));
#6760 = ADVANCED_FACE('',(#6761),#6779,.T.);
#6761 = FACE_BOUND('',#6762,.T.);
#6762 = EDGE_LOOP('',(#6763,#6771,#6777,#6778));
#6763 = ORIENTED_EDGE('',*,*,#6764,.F.);
#6764 = EDGE_CURVE('',#6765,#6741,#6767,.T.);
#6765 = VERTEX_POINT('',#6766);
#6766 = CARTESIAN_POINT('',(-54.18130111694,-37.8410987854,9.));
#6767 = LINE('',#6768,#6769);
#6768 = CARTESIAN_POINT('',(-54.18130111694,-37.8410987854,9.));
#6769 = VECTOR('',#6770,1.);
#6770 = DIRECTION('',(-0.989209440443,0.146508303311,0.));
#6771 = ORIENTED_EDGE('',*,*,#6772,.F.);
#6772 = EDGE_CURVE('',#1703,#6765,#6773,.T.);
#6773 = LINE('',#6774,#6775);
#6774 = CARTESIAN_POINT('',(-54.18130111694,-37.8410987854,0.));
#6775 = VECTOR('',#6776,1.);
#6776 = DIRECTION('',(0.,0.,1.));
#6777 = ORIENTED_EDGE('',*,*,#1702,.F.);
#6778 = ORIENTED_EDGE('',*,*,#6748,.F.);
#6779 = PLANE('',#6780);
#6780 = AXIS2_PLACEMENT_3D('',#6781,#6782,#6783);
#6781 = CARTESIAN_POINT('',(-54.27110099792,-37.82779884338,4.5));
#6782 = DIRECTION('',(0.146508303311,0.989209440443,0.));
#6783 = DIRECTION('',(0.989209440443,-0.146508303311,0.));
#6784 = ADVANCED_FACE('',(#6785),#6803,.T.);
#6785 = FACE_BOUND('',#6786,.T.);
#6786 = EDGE_LOOP('',(#6787,#6795,#6801,#6802));
#6787 = ORIENTED_EDGE('',*,*,#6788,.F.);
#6788 = EDGE_CURVE('',#6789,#6765,#6791,.T.);
#6789 = VERTEX_POINT('',#6790);
#6790 = CARTESIAN_POINT('',(-54.,-37.84999847412,9.));
#6791 = LINE('',#6792,#6793);
#6792 = CARTESIAN_POINT('',(-54.,-37.84999847412,9.));
#6793 = VECTOR('',#6794,1.);
#6794 = DIRECTION('',(-0.998797362669,4.90288519601E-02,0.));
#6795 = ORIENTED_EDGE('',*,*,#6796,.T.);
#6796 = EDGE_CURVE('',#6789,#1711,#6797,.T.);
#6797 = LINE('',#6798,#6799);
#6798 = CARTESIAN_POINT('',(-54.,-37.84999847412,9.));
#6799 = VECTOR('',#6800,1.);
#6800 = DIRECTION('',(0.,0.,-1.));
#6801 = ORIENTED_EDGE('',*,*,#1710,.F.);
#6802 = ORIENTED_EDGE('',*,*,#6772,.T.);
#6803 = PLANE('',#6804);
#6804 = AXIS2_PLACEMENT_3D('',#6805,#6806,#6807);
#6805 = CARTESIAN_POINT('',(-54.09065055847,-37.84554862976,4.5));
#6806 = DIRECTION('',(4.90288519601E-02,0.998797362669,0.));
#6807 = DIRECTION('',(0.998797362669,-4.90288519601E-02,0.));
#6808 = ADVANCED_FACE('',(#6809),#6827,.T.);
#6809 = FACE_BOUND('',#6810,.T.);
#6810 = EDGE_LOOP('',(#6811,#6819,#6825,#6826));
#6811 = ORIENTED_EDGE('',*,*,#6812,.F.);
#6812 = EDGE_CURVE('',#6813,#6789,#6815,.T.);
#6813 = VERTEX_POINT('',#6814);
#6814 = CARTESIAN_POINT('',(-53.81869888305,-37.8410987854,9.));
#6815 = LINE('',#6816,#6817);
#6816 = CARTESIAN_POINT('',(-53.81869888305,-37.8410987854,9.));
#6817 = VECTOR('',#6818,1.);
#6818 = DIRECTION('',(-0.998797362669,-4.90288519601E-02,0.));
#6819 = ORIENTED_EDGE('',*,*,#6820,.T.);
#6820 = EDGE_CURVE('',#6813,#1719,#6821,.T.);
#6821 = LINE('',#6822,#6823);
#6822 = CARTESIAN_POINT('',(-53.81869888305,-37.8410987854,9.));
#6823 = VECTOR('',#6824,1.);
#6824 = DIRECTION('',(0.,0.,-1.));
#6825 = ORIENTED_EDGE('',*,*,#1718,.F.);
#6826 = ORIENTED_EDGE('',*,*,#6796,.F.);
#6827 = PLANE('',#6828);
#6828 = AXIS2_PLACEMENT_3D('',#6829,#6830,#6831);
#6829 = CARTESIAN_POINT('',(-53.90934944152,-37.84554862976,4.5));
#6830 = DIRECTION('',(-4.90288519601E-02,0.998797362669,0.));
#6831 = DIRECTION('',(0.998797362669,4.90288519601E-02,0.));
#6832 = ADVANCED_FACE('',(#6833),#6851,.T.);
#6833 = FACE_BOUND('',#6834,.T.);
#6834 = EDGE_LOOP('',(#6835,#6843,#6849,#6850));
#6835 = ORIENTED_EDGE('',*,*,#6836,.F.);
#6836 = EDGE_CURVE('',#6837,#6813,#6839,.T.);
#6837 = VERTEX_POINT('',#6838);
#6838 = CARTESIAN_POINT('',(-53.63909912109,-37.81449890136,9.));
#6839 = LINE('',#6840,#6841);
#6840 = CARTESIAN_POINT('',(-53.63909912109,-37.81449890136,9.));
#6841 = VECTOR('',#6842,1.);
#6842 = DIRECTION('',(-0.989209440443,-0.146508303311,0.));
#6843 = ORIENTED_EDGE('',*,*,#6844,.T.);
#6844 = EDGE_CURVE('',#6837,#1727,#6845,.T.);
#6845 = LINE('',#6846,#6847);
#6846 = CARTESIAN_POINT('',(-53.63909912109,-37.81449890136,9.));
#6847 = VECTOR('',#6848,1.);
#6848 = DIRECTION('',(0.,0.,-1.));
#6849 = ORIENTED_EDGE('',*,*,#1726,.F.);
#6850 = ORIENTED_EDGE('',*,*,#6820,.F.);
#6851 = PLANE('',#6852);
#6852 = AXIS2_PLACEMENT_3D('',#6853,#6854,#6855);
#6853 = CARTESIAN_POINT('',(-53.72889900207,-37.82779884338,4.5));
#6854 = DIRECTION('',(-0.146508303311,0.989209440443,0.));
#6855 = DIRECTION('',(0.989209440443,0.146508303311,0.));
#6856 = ADVANCED_FACE('',(#6857),#6875,.T.);
#6857 = FACE_BOUND('',#6858,.T.);
#6858 = EDGE_LOOP('',(#6859,#6867,#6873,#6874));
#6859 = ORIENTED_EDGE('',*,*,#6860,.F.);
#6860 = EDGE_CURVE('',#6861,#6837,#6863,.T.);
#6861 = VERTEX_POINT('',#6862);
#6862 = CARTESIAN_POINT('',(-53.46300125122,-37.77030181884,9.));
#6863 = LINE('',#6864,#6865);
#6864 = CARTESIAN_POINT('',(-53.46300125122,-37.77030181884,9.));
#6865 = VECTOR('',#6866,1.);
#6866 = DIRECTION('',(-0.969918384991,-0.243430331835,0.));
#6867 = ORIENTED_EDGE('',*,*,#6868,.F.);
#6868 = EDGE_CURVE('',#1735,#6861,#6869,.T.);
#6869 = LINE('',#6870,#6871);
#6870 = CARTESIAN_POINT('',(-53.46300125122,-37.77030181884,0.));
#6871 = VECTOR('',#6872,1.);
#6872 = DIRECTION('',(0.,0.,1.));
#6873 = ORIENTED_EDGE('',*,*,#1734,.F.);
#6874 = ORIENTED_EDGE('',*,*,#6844,.F.);
#6875 = PLANE('',#6876);
#6876 = AXIS2_PLACEMENT_3D('',#6877,#6878,#6879);
#6877 = CARTESIAN_POINT('',(-53.55105018615,-37.7924003601,4.5));
#6878 = DIRECTION('',(-0.243430331835,0.969918384991,0.));
#6879 = DIRECTION('',(0.969918384991,0.243430331835,0.));
#6880 = ADVANCED_FACE('',(#6881),#6899,.T.);
#6881 = FACE_BOUND('',#6882,.T.);
#6882 = EDGE_LOOP('',(#6883,#6891,#6897,#6898));
#6883 = ORIENTED_EDGE('',*,*,#6884,.F.);
#6884 = EDGE_CURVE('',#6885,#6861,#6887,.T.);
#6885 = VERTEX_POINT('',#6886);
#6886 = CARTESIAN_POINT('',(-53.29199981689,-37.70920181274,9.));
#6887 = LINE('',#6888,#6889);
#6888 = CARTESIAN_POINT('',(-53.29199981689,-37.70920181274,9.));
#6889 = VECTOR('',#6890,1.);
#6890 = DIRECTION('',(-0.941692948024,-0.336473463504,0.));
#6891 = ORIENTED_EDGE('',*,*,#6892,.T.);
#6892 = EDGE_CURVE('',#6885,#1743,#6893,.T.);
#6893 = LINE('',#6894,#6895);
#6894 = CARTESIAN_POINT('',(-53.29199981689,-37.70920181274,9.));
#6895 = VECTOR('',#6896,1.);
#6896 = DIRECTION('',(0.,0.,-1.));
#6897 = ORIENTED_EDGE('',*,*,#1742,.F.);
#6898 = ORIENTED_EDGE('',*,*,#6868,.T.);
#6899 = PLANE('',#6900);
#6900 = AXIS2_PLACEMENT_3D('',#6901,#6902,#6903);
#6901 = CARTESIAN_POINT('',(-53.37750053405,-37.73975181579,4.5));
#6902 = DIRECTION('',(-0.336473463504,0.941692948024,0.));
#6903 = DIRECTION('',(0.941692948024,0.336473463504,0.));
#6904 = ADVANCED_FACE('',(#6905),#6923,.T.);
#6905 = FACE_BOUND('',#6906,.T.);
#6906 = EDGE_LOOP('',(#6907,#6915,#6921,#6922));
#6907 = ORIENTED_EDGE('',*,*,#6908,.F.);
#6908 = EDGE_CURVE('',#6909,#6885,#6911,.T.);
#6909 = VERTEX_POINT('',#6910);
#6910 = CARTESIAN_POINT('',(-53.12789916992,-37.63159942627,9.));
#6911 = LINE('',#6912,#6913);
#6912 = CARTESIAN_POINT('',(-53.12789916992,-37.63159942627,9.));
#6913 = VECTOR('',#6914,1.);
#6914 = DIRECTION('',(-0.904013648298,-0.427503594945,0.));
#6915 = ORIENTED_EDGE('',*,*,#6916,.F.);
#6916 = EDGE_CURVE('',#1751,#6909,#6917,.T.);
#6917 = LINE('',#6918,#6919);
#6918 = CARTESIAN_POINT('',(-53.12789916992,-37.63159942627,0.));
#6919 = VECTOR('',#6920,1.);
#6920 = DIRECTION('',(0.,0.,1.));
#6921 = ORIENTED_EDGE('',*,*,#1750,.F.);
#6922 = ORIENTED_EDGE('',*,*,#6892,.F.);
#6923 = PLANE('',#6924);
#6924 = AXIS2_PLACEMENT_3D('',#6925,#6926,#6927);
#6925 = CARTESIAN_POINT('',(-53.2099494934,-37.6704006195,4.5));
#6926 = DIRECTION('',(-0.427503594945,0.904013648298,0.));
#6927 = DIRECTION('',(0.904013648298,0.427503594945,0.));
#6928 = ADVANCED_FACE('',(#6929),#6947,.T.);
#6929 = FACE_BOUND('',#6930,.T.);
#6930 = EDGE_LOOP('',(#6931,#6939,#6945,#6946));
#6931 = ORIENTED_EDGE('',*,*,#6932,.F.);
#6932 = EDGE_CURVE('',#6933,#6909,#6935,.T.);
#6933 = VERTEX_POINT('',#6934);
#6934 = CARTESIAN_POINT('',(-52.97219848632,-37.53820037841,9.));
#6935 = LINE('',#6936,#6937);
#6936 = CARTESIAN_POINT('',(-52.97219848632,-37.53820037841,9.));
#6937 = VECTOR('',#6938,1.);
#6938 = DIRECTION('',(-0.857544828448,-0.514409240977,0.));
#6939 = ORIENTED_EDGE('',*,*,#6940,.T.);
#6940 = EDGE_CURVE('',#6933,#1759,#6941,.T.);
#6941 = LINE('',#6942,#6943);
#6942 = CARTESIAN_POINT('',(-52.97219848632,-37.53820037841,9.));
#6943 = VECTOR('',#6944,1.);
#6944 = DIRECTION('',(0.,0.,-1.));
#6945 = ORIENTED_EDGE('',*,*,#1758,.F.);
#6946 = ORIENTED_EDGE('',*,*,#6916,.T.);
#6947 = PLANE('',#6948);
#6948 = AXIS2_PLACEMENT_3D('',#6949,#6950,#6951);
#6949 = CARTESIAN_POINT('',(-53.05004882812,-37.58489990234,4.5));
#6950 = DIRECTION('',(-0.514409240977,0.857544828448,0.));
#6951 = DIRECTION('',(0.857544828448,0.514409240977,0.));
#6952 = ADVANCED_FACE('',(#6953),#6971,.T.);
#6953 = FACE_BOUND('',#6954,.T.);
#6954 = EDGE_LOOP('',(#6955,#6963,#6969,#6970));
#6955 = ORIENTED_EDGE('',*,*,#6956,.F.);
#6956 = EDGE_CURVE('',#6957,#6933,#6959,.T.);
#6957 = VERTEX_POINT('',#6958);
#6958 = CARTESIAN_POINT('',(-52.82640075683,-37.4300994873,9.));
#6959 = LINE('',#6960,#6961);
#6960 = CARTESIAN_POINT('',(-52.82640075683,-37.4300994873,9.));
#6961 = VECTOR('',#6962,1.);
#6962 = DIRECTION('',(-0.803286806393,-0.595592399779,0.));
#6963 = ORIENTED_EDGE('',*,*,#6964,.T.);
#6964 = EDGE_CURVE('',#6957,#1767,#6965,.T.);
#6965 = LINE('',#6966,#6967);
#6966 = CARTESIAN_POINT('',(-52.82640075683,-37.4300994873,9.));
#6967 = VECTOR('',#6968,1.);
#6968 = DIRECTION('',(0.,0.,-1.));
#6969 = ORIENTED_EDGE('',*,*,#1766,.F.);
#6970 = ORIENTED_EDGE('',*,*,#6940,.F.);
#6971 = PLANE('',#6972);
#6972 = AXIS2_PLACEMENT_3D('',#6973,#6974,#6975);
#6973 = CARTESIAN_POINT('',(-52.89929962158,-37.48414993286,4.5));
#6974 = DIRECTION('',(-0.595592399779,0.803286806393,0.));
#6975 = DIRECTION('',(0.803286806393,0.595592399779,0.));
#6976 = ADVANCED_FACE('',(#6977),#6995,.T.);
#6977 = FACE_BOUND('',#6978,.T.);
#6978 = EDGE_LOOP('',(#6979,#6987,#6993,#6994));
#6979 = ORIENTED_EDGE('',*,*,#6980,.F.);
#6980 = EDGE_CURVE('',#6981,#6957,#6983,.T.);
#6981 = VERTEX_POINT('',#6982);
#6982 = CARTESIAN_POINT('',(-52.69189834594,-37.30810165405,9.));
#6983 = LINE('',#6984,#6985);
#6984 = CARTESIAN_POINT('',(-52.69189834594,-37.30810165405,9.));
#6985 = VECTOR('',#6986,1.);
#6986 = DIRECTION('',(-0.740699099224,-0.671836918015,0.));
#6987 = ORIENTED_EDGE('',*,*,#6988,.F.);
#6988 = EDGE_CURVE('',#1775,#6981,#6989,.T.);
#6989 = LINE('',#6990,#6991);
#6990 = CARTESIAN_POINT('',(-52.69189834594,-37.30810165405,0.));
#6991 = VECTOR('',#6992,1.);
#6992 = DIRECTION('',(0.,0.,1.));
#6993 = ORIENTED_EDGE('',*,*,#1774,.F.);
#6994 = ORIENTED_EDGE('',*,*,#6964,.F.);
#6995 = PLANE('',#6996);
#6996 = AXIS2_PLACEMENT_3D('',#6997,#6998,#6999);
#6997 = CARTESIAN_POINT('',(-52.75914955139,-37.36910057067,4.5));
#6998 = DIRECTION('',(-0.671836918015,0.740699099224,0.));
#6999 = DIRECTION('',(0.740699099224,0.671836918015,0.));
#7000 = ADVANCED_FACE('',(#7001),#7019,.T.);
#7001 = FACE_BOUND('',#7002,.T.);
#7002 = EDGE_LOOP('',(#7003,#7011,#7012,#7013));
#7003 = ORIENTED_EDGE('',*,*,#7004,.T.);
#7004 = EDGE_CURVE('',#7005,#1783,#7007,.T.);
#7005 = VERTEX_POINT('',#7006);
#7006 = CARTESIAN_POINT('',(-52.56990051269,-37.17359924316,9.));
#7007 = LINE('',#7008,#7009);
#7008 = CARTESIAN_POINT('',(-52.56990051269,-37.17359924316,9.));
#7009 = VECTOR('',#7010,1.);
#7010 = DIRECTION('',(0.,0.,-1.));
#7011 = ORIENTED_EDGE('',*,*,#1782,.F.);
#7012 = ORIENTED_EDGE('',*,*,#6988,.T.);
#7013 = ORIENTED_EDGE('',*,*,#7014,.F.);
#7014 = EDGE_CURVE('',#7005,#6981,#7015,.T.);
#7015 = LINE('',#7016,#7017);
#7016 = CARTESIAN_POINT('',(-52.56990051269,-37.17359924316,9.));
#7017 = VECTOR('',#7018,1.);
#7018 = DIRECTION('',(-0.671836918015,-0.740699099224,0.));
#7019 = PLANE('',#7020);
#7020 = AXIS2_PLACEMENT_3D('',#7021,#7022,#7023);
#7021 = CARTESIAN_POINT('',(-52.63089942932,-37.2408504486,4.5));
#7022 = DIRECTION('',(-0.740699099224,0.671836918015,0.));
#7023 = DIRECTION('',(-0.671836918015,-0.740699099224,0.));
#7024 = ADVANCED_FACE('',(#7025),#7043,.T.);
#7025 = FACE_BOUND('',#7026,.T.);
#7026 = EDGE_LOOP('',(#7027,#7035,#7036,#7037));
#7027 = ORIENTED_EDGE('',*,*,#7028,.F.);
#7028 = EDGE_CURVE('',#1791,#7029,#7031,.T.);
#7029 = VERTEX_POINT('',#7030);
#7030 = CARTESIAN_POINT('',(-52.46179962158,-37.02780151367,9.));
#7031 = LINE('',#7032,#7033);
#7032 = CARTESIAN_POINT('',(-52.46179962158,-37.02780151367,0.));
#7033 = VECTOR('',#7034,1.);
#7034 = DIRECTION('',(0.,0.,1.));
#7035 = ORIENTED_EDGE('',*,*,#1790,.F.);
#7036 = ORIENTED_EDGE('',*,*,#7004,.F.);
#7037 = ORIENTED_EDGE('',*,*,#7038,.F.);
#7038 = EDGE_CURVE('',#7029,#7005,#7039,.T.);
#7039 = LINE('',#7040,#7041);
#7040 = CARTESIAN_POINT('',(-52.46179962158,-37.02780151367,9.));
#7041 = VECTOR('',#7042,1.);
#7042 = DIRECTION('',(-0.595592399779,-0.803286806393,0.));
#7043 = PLANE('',#7044);
#7044 = AXIS2_PLACEMENT_3D('',#7045,#7046,#7047);
#7045 = CARTESIAN_POINT('',(-52.51585006713,-37.10070037841,4.5));
#7046 = DIRECTION('',(-0.803286806393,0.595592399779,0.));
#7047 = DIRECTION('',(-0.595592399779,-0.803286806393,0.));
#7048 = ADVANCED_FACE('',(#7049),#7067,.T.);
#7049 = FACE_BOUND('',#7050,.T.);
#7050 = EDGE_LOOP('',(#7051,#7059,#7060,#7061));
#7051 = ORIENTED_EDGE('',*,*,#7052,.T.);
#7052 = EDGE_CURVE('',#7053,#1799,#7055,.T.);
#7053 = VERTEX_POINT('',#7054);
#7054 = CARTESIAN_POINT('',(-52.36840057373,-36.87210083007,9.));
#7055 = LINE('',#7056,#7057);
#7056 = CARTESIAN_POINT('',(-52.36840057373,-36.87210083007,9.));
#7057 = VECTOR('',#7058,1.);
#7058 = DIRECTION('',(0.,0.,-1.));
#7059 = ORIENTED_EDGE('',*,*,#1798,.F.);
#7060 = ORIENTED_EDGE('',*,*,#7028,.T.);
#7061 = ORIENTED_EDGE('',*,*,#7062,.F.);
#7062 = EDGE_CURVE('',#7053,#7029,#7063,.T.);
#7063 = LINE('',#7064,#7065);
#7064 = CARTESIAN_POINT('',(-52.36840057373,-36.87210083007,9.));
#7065 = VECTOR('',#7066,1.);
#7066 = DIRECTION('',(-0.514409240977,-0.857544828448,0.));
#7067 = PLANE('',#7068);
#7068 = AXIS2_PLACEMENT_3D('',#7069,#7070,#7071);
#7069 = CARTESIAN_POINT('',(-52.41510009765,-36.94995117187,4.5));
#7070 = DIRECTION('',(-0.857544828448,0.514409240977,0.));
#7071 = DIRECTION('',(-0.514409240977,-0.857544828448,0.));
#7072 = ADVANCED_FACE('',(#7073),#7091,.T.);
#7073 = FACE_BOUND('',#7074,.T.);
#7074 = EDGE_LOOP('',(#7075,#7083,#7084,#7085));
#7075 = ORIENTED_EDGE('',*,*,#7076,.F.);
#7076 = EDGE_CURVE('',#1807,#7077,#7079,.T.);
#7077 = VERTEX_POINT('',#7078);
#7078 = CARTESIAN_POINT('',(-52.29079818725,-36.7080001831,9.));
#7079 = LINE('',#7080,#7081);
#7080 = CARTESIAN_POINT('',(-52.29079818725,-36.7080001831,0.));
#7081 = VECTOR('',#7082,1.);
#7082 = DIRECTION('',(0.,0.,1.));
#7083 = ORIENTED_EDGE('',*,*,#1806,.F.);
#7084 = ORIENTED_EDGE('',*,*,#7052,.F.);
#7085 = ORIENTED_EDGE('',*,*,#7086,.F.);
#7086 = EDGE_CURVE('',#7077,#7053,#7087,.T.);
#7087 = LINE('',#7088,#7089);
#7088 = CARTESIAN_POINT('',(-52.29079818725,-36.7080001831,9.));
#7089 = VECTOR('',#7090,1.);
#7090 = DIRECTION('',(-0.427503594945,-0.904013648298,0.));
#7091 = PLANE('',#7092);
#7092 = AXIS2_PLACEMENT_3D('',#7093,#7094,#7095);
#7093 = CARTESIAN_POINT('',(-52.32959938049,-36.79005050659,4.5));
#7094 = DIRECTION('',(-0.904013648298,0.427503594945,0.));
#7095 = DIRECTION('',(-0.427503594945,-0.904013648298,0.));
#7096 = ADVANCED_FACE('',(#7097),#7115,.T.);
#7097 = FACE_BOUND('',#7098,.T.);
#7098 = EDGE_LOOP('',(#7099,#7107,#7108,#7109));
#7099 = ORIENTED_EDGE('',*,*,#7100,.T.);
#7100 = EDGE_CURVE('',#7101,#1815,#7103,.T.);
#7101 = VERTEX_POINT('',#7102);
#7102 = CARTESIAN_POINT('',(-52.22969818115,-36.53699874877,9.));
#7103 = LINE('',#7104,#7105);
#7104 = CARTESIAN_POINT('',(-52.22969818115,-36.53699874877,9.));
#7105 = VECTOR('',#7106,1.);
#7106 = DIRECTION('',(0.,0.,-1.));
#7107 = ORIENTED_EDGE('',*,*,#1814,.F.);
#7108 = ORIENTED_EDGE('',*,*,#7076,.T.);
#7109 = ORIENTED_EDGE('',*,*,#7110,.F.);
#7110 = EDGE_CURVE('',#7101,#7077,#7111,.T.);
#7111 = LINE('',#7112,#7113);
#7112 = CARTESIAN_POINT('',(-52.22969818115,-36.53699874877,9.));
#7113 = VECTOR('',#7114,1.);
#7114 = DIRECTION('',(-0.336473463504,-0.941692948024,0.));
#7115 = PLANE('',#7116);
#7116 = AXIS2_PLACEMENT_3D('',#7117,#7118,#7119);
#7117 = CARTESIAN_POINT('',(-52.2602481842,-36.62249946594,4.5));
#7118 = DIRECTION('',(-0.941692948024,0.336473463504,0.));
#7119 = DIRECTION('',(-0.336473463504,-0.941692948024,0.));
#7120 = ADVANCED_FACE('',(#7121),#7139,.T.);
#7121 = FACE_BOUND('',#7122,.T.);
#7122 = EDGE_LOOP('',(#7123,#7131,#7132,#7133));
#7123 = ORIENTED_EDGE('',*,*,#7124,.F.);
#7124 = EDGE_CURVE('',#1823,#7125,#7127,.T.);
#7125 = VERTEX_POINT('',#7126);
#7126 = CARTESIAN_POINT('',(-52.18550109863,-36.3609008789,9.));
#7127 = LINE('',#7128,#7129);
#7128 = CARTESIAN_POINT('',(-52.18550109863,-36.3609008789,0.));
#7129 = VECTOR('',#7130,1.);
#7130 = DIRECTION('',(0.,0.,1.));
#7131 = ORIENTED_EDGE('',*,*,#1822,.F.);
#7132 = ORIENTED_EDGE('',*,*,#7100,.F.);
#7133 = ORIENTED_EDGE('',*,*,#7134,.F.);
#7134 = EDGE_CURVE('',#7125,#7101,#7135,.T.);
#7135 = LINE('',#7136,#7137);
#7136 = CARTESIAN_POINT('',(-52.18550109863,-36.3609008789,9.));
#7137 = VECTOR('',#7138,1.);
#7138 = DIRECTION('',(-0.243430331835,-0.969918384991,0.));
#7139 = PLANE('',#7140);
#7140 = AXIS2_PLACEMENT_3D('',#7141,#7142,#7143);
#7141 = CARTESIAN_POINT('',(-52.20759963989,-36.44894981384,4.5));
#7142 = DIRECTION('',(-0.969918384991,0.243430331835,0.));
#7143 = DIRECTION('',(-0.243430331835,-0.969918384991,0.));
#7144 = ADVANCED_FACE('',(#7145),#7163,.T.);
#7145 = FACE_BOUND('',#7146,.T.);
#7146 = EDGE_LOOP('',(#7147,#7155,#7156,#7157));
#7147 = ORIENTED_EDGE('',*,*,#7148,.F.);
#7148 = EDGE_CURVE('',#1831,#7149,#7151,.T.);
#7149 = VERTEX_POINT('',#7150);
#7150 = CARTESIAN_POINT('',(-52.1589012146,-36.18130111694,9.));
#7151 = LINE('',#7152,#7153);
#7152 = CARTESIAN_POINT('',(-52.1589012146,-36.18130111694,0.));
#7153 = VECTOR('',#7154,1.);
#7154 = DIRECTION('',(0.,0.,1.));
#7155 = ORIENTED_EDGE('',*,*,#1830,.F.);
#7156 = ORIENTED_EDGE('',*,*,#7124,.T.);
#7157 = ORIENTED_EDGE('',*,*,#7158,.F.);
#7158 = EDGE_CURVE('',#7149,#7125,#7159,.T.);
#7159 = LINE('',#7160,#7161);
#7160 = CARTESIAN_POINT('',(-52.1589012146,-36.18130111694,9.));
#7161 = VECTOR('',#7162,1.);
#7162 = DIRECTION('',(-0.146508303311,-0.989209440443,0.));
#7163 = PLANE('',#7164);
#7164 = AXIS2_PLACEMENT_3D('',#7165,#7166,#7167);
#7165 = CARTESIAN_POINT('',(-52.17220115661,-36.27110099792,4.5));
#7166 = DIRECTION('',(-0.989209440443,0.146508303311,0.));
#7167 = DIRECTION('',(-0.146508303311,-0.989209440443,0.));
#7168 = ADVANCED_FACE('',(#7169),#7187,.T.);
#7169 = FACE_BOUND('',#7170,.T.);
#7170 = EDGE_LOOP('',(#7171,#7179,#7180,#7181));
#7171 = ORIENTED_EDGE('',*,*,#7172,.F.);
#7172 = EDGE_CURVE('',#1839,#7173,#7175,.T.);
#7173 = VERTEX_POINT('',#7174);
#7174 = CARTESIAN_POINT('',(-52.15000152587,-36.,9.));
#7175 = LINE('',#7176,#7177);
#7176 = CARTESIAN_POINT('',(-52.15000152587,-36.,0.));
#7177 = VECTOR('',#7178,1.);
#7178 = DIRECTION('',(0.,0.,1.));
#7179 = ORIENTED_EDGE('',*,*,#1838,.F.);
#7180 = ORIENTED_EDGE('',*,*,#7148,.T.);
#7181 = ORIENTED_EDGE('',*,*,#7182,.F.);
#7182 = EDGE_CURVE('',#7173,#7149,#7183,.T.);
#7183 = LINE('',#7184,#7185);
#7184 = CARTESIAN_POINT('',(-52.15000152587,-36.,9.));
#7185 = VECTOR('',#7186,1.);
#7186 = DIRECTION('',(-4.90288519601E-02,-0.998797362669,0.));
#7187 = PLANE('',#7188);
#7188 = AXIS2_PLACEMENT_3D('',#7189,#7190,#7191);
#7189 = CARTESIAN_POINT('',(-52.15445137023,-36.09065055847,4.5));
#7190 = DIRECTION('',(-0.998797362669,4.90288519601E-02,0.));
#7191 = DIRECTION('',(-4.90288519601E-02,-0.998797362669,0.));
#7192 = ADVANCED_FACE('',(#7193),#7211,.T.);
#7193 = FACE_BOUND('',#7194,.T.);
#7194 = EDGE_LOOP('',(#7195,#7203,#7204,#7205));
#7195 = ORIENTED_EDGE('',*,*,#7196,.F.);
#7196 = EDGE_CURVE('',#1847,#7197,#7199,.T.);
#7197 = VERTEX_POINT('',#7198);
#7198 = CARTESIAN_POINT('',(-52.1589012146,-35.81869888305,9.));
#7199 = LINE('',#7200,#7201);
#7200 = CARTESIAN_POINT('',(-52.1589012146,-35.81869888305,0.));
#7201 = VECTOR('',#7202,1.);
#7202 = DIRECTION('',(0.,0.,1.));
#7203 = ORIENTED_EDGE('',*,*,#1846,.F.);
#7204 = ORIENTED_EDGE('',*,*,#7172,.T.);
#7205 = ORIENTED_EDGE('',*,*,#7206,.F.);
#7206 = EDGE_CURVE('',#7197,#7173,#7207,.T.);
#7207 = LINE('',#7208,#7209);
#7208 = CARTESIAN_POINT('',(-52.1589012146,-35.81869888305,9.));
#7209 = VECTOR('',#7210,1.);
#7210 = DIRECTION('',(4.90288519601E-02,-0.998797362669,0.));
#7211 = PLANE('',#7212);
#7212 = AXIS2_PLACEMENT_3D('',#7213,#7214,#7215);
#7213 = CARTESIAN_POINT('',(-52.15445137023,-35.90934944152,4.5));
#7214 = DIRECTION('',(-0.998797362669,-4.90288519601E-02,-0.));
#7215 = DIRECTION('',(4.90288519601E-02,-0.998797362669,0.));
#7216 = ADVANCED_FACE('',(#7217),#7235,.T.);
#7217 = FACE_BOUND('',#7218,.T.);
#7218 = EDGE_LOOP('',(#7219,#7227,#7228,#7229));
#7219 = ORIENTED_EDGE('',*,*,#7220,.T.);
#7220 = EDGE_CURVE('',#7221,#1855,#7223,.T.);
#7221 = VERTEX_POINT('',#7222);
#7222 = CARTESIAN_POINT('',(-52.18550109863,-35.63909912109,9.));
#7223 = LINE('',#7224,#7225);
#7224 = CARTESIAN_POINT('',(-52.18550109863,-35.63909912109,9.));
#7225 = VECTOR('',#7226,1.);
#7226 = DIRECTION('',(0.,0.,-1.));
#7227 = ORIENTED_EDGE('',*,*,#1854,.F.);
#7228 = ORIENTED_EDGE('',*,*,#7196,.T.);
#7229 = ORIENTED_EDGE('',*,*,#7230,.F.);
#7230 = EDGE_CURVE('',#7221,#7197,#7231,.T.);
#7231 = LINE('',#7232,#7233);
#7232 = CARTESIAN_POINT('',(-52.18550109863,-35.63909912109,9.));
#7233 = VECTOR('',#7234,1.);
#7234 = DIRECTION('',(0.146508303311,-0.989209440443,0.));
#7235 = PLANE('',#7236);
#7236 = AXIS2_PLACEMENT_3D('',#7237,#7238,#7239);
#7237 = CARTESIAN_POINT('',(-52.17220115661,-35.72889900207,4.5));
#7238 = DIRECTION('',(-0.989209440443,-0.146508303311,-0.));
#7239 = DIRECTION('',(0.146508303311,-0.989209440443,0.));
#7240 = ADVANCED_FACE('',(#7241),#7259,.T.);
#7241 = FACE_BOUND('',#7242,.T.);
#7242 = EDGE_LOOP('',(#7243,#7251,#7252,#7253));
#7243 = ORIENTED_EDGE('',*,*,#7244,.T.);
#7244 = EDGE_CURVE('',#7245,#1863,#7247,.T.);
#7245 = VERTEX_POINT('',#7246);
#7246 = CARTESIAN_POINT('',(-52.22969818115,-35.46300125122,9.));
#7247 = LINE('',#7248,#7249);
#7248 = CARTESIAN_POINT('',(-52.22969818115,-35.46300125122,9.));
#7249 = VECTOR('',#7250,1.);
#7250 = DIRECTION('',(0.,0.,-1.));
#7251 = ORIENTED_EDGE('',*,*,#1862,.F.);
#7252 = ORIENTED_EDGE('',*,*,#7220,.F.);
#7253 = ORIENTED_EDGE('',*,*,#7254,.F.);
#7254 = EDGE_CURVE('',#7245,#7221,#7255,.T.);
#7255 = LINE('',#7256,#7257);
#7256 = CARTESIAN_POINT('',(-52.22969818115,-35.46300125122,9.));
#7257 = VECTOR('',#7258,1.);
#7258 = DIRECTION('',(0.243430331835,-0.969918384991,0.));
#7259 = PLANE('',#7260);
#7260 = AXIS2_PLACEMENT_3D('',#7261,#7262,#7263);
#7261 = CARTESIAN_POINT('',(-52.20759963989,-35.55105018615,4.5));
#7262 = DIRECTION('',(-0.969918384991,-0.243430331835,-0.));
#7263 = DIRECTION('',(0.243430331835,-0.969918384991,0.));
#7264 = ADVANCED_FACE('',(#7265),#7283,.T.);
#7265 = FACE_BOUND('',#7266,.T.);
#7266 = EDGE_LOOP('',(#7267,#7275,#7276,#7277));
#7267 = ORIENTED_EDGE('',*,*,#7268,.T.);
#7268 = EDGE_CURVE('',#7269,#1871,#7271,.T.);
#7269 = VERTEX_POINT('',#7270);
#7270 = CARTESIAN_POINT('',(-52.29079818725,-35.29199981689,9.));
#7271 = LINE('',#7272,#7273);
#7272 = CARTESIAN_POINT('',(-52.29079818725,-35.29199981689,9.));
#7273 = VECTOR('',#7274,1.);
#7274 = DIRECTION('',(0.,0.,-1.));
#7275 = ORIENTED_EDGE('',*,*,#1870,.F.);
#7276 = ORIENTED_EDGE('',*,*,#7244,.F.);
#7277 = ORIENTED_EDGE('',*,*,#7278,.F.);
#7278 = EDGE_CURVE('',#7269,#7245,#7279,.T.);
#7279 = LINE('',#7280,#7281);
#7280 = CARTESIAN_POINT('',(-52.29079818725,-35.29199981689,9.));
#7281 = VECTOR('',#7282,1.);
#7282 = DIRECTION('',(0.336473463504,-0.941692948024,0.));
#7283 = PLANE('',#7284);
#7284 = AXIS2_PLACEMENT_3D('',#7285,#7286,#7287);
#7285 = CARTESIAN_POINT('',(-52.2602481842,-35.37750053405,4.5));
#7286 = DIRECTION('',(-0.941692948024,-0.336473463504,-0.));
#7287 = DIRECTION('',(0.336473463504,-0.941692948024,0.));
#7288 = ADVANCED_FACE('',(#7289),#7300,.T.);
#7289 = FACE_BOUND('',#7290,.T.);
#7290 = EDGE_LOOP('',(#7291,#7292,#7293,#7294));
#7291 = ORIENTED_EDGE('',*,*,#5782,.T.);
#7292 = ORIENTED_EDGE('',*,*,#1878,.F.);
#7293 = ORIENTED_EDGE('',*,*,#7268,.F.);
#7294 = ORIENTED_EDGE('',*,*,#7295,.F.);
#7295 = EDGE_CURVE('',#5783,#7269,#7296,.T.);
#7296 = LINE('',#7297,#7298);
#7297 = CARTESIAN_POINT('',(-52.36840057373,-35.12789916992,9.));
#7298 = VECTOR('',#7299,1.);
#7299 = DIRECTION('',(0.427503594945,-0.904013648298,0.));
#7300 = PLANE('',#7301);
#7301 = AXIS2_PLACEMENT_3D('',#7302,#7303,#7304);
#7302 = CARTESIAN_POINT('',(-52.32959938049,-35.2099494934,4.5));
#7303 = DIRECTION('',(-0.904013648298,-0.427503594945,-0.));
#7304 = DIRECTION('',(0.427503594945,-0.904013648298,0.));
#7305 = ADVANCED_FACE('',(#7306),#7331,.T.);
#7306 = FACE_BOUND('',#7307,.T.);
#7307 = EDGE_LOOP('',(#7308,#7316,#7324,#7330));
#7308 = ORIENTED_EDGE('',*,*,#7309,.T.);
#7309 = EDGE_CURVE('',#1887,#7310,#7312,.T.);
#7310 = VERTEX_POINT('',#7311);
#7311 = CARTESIAN_POINT('',(52.461799621582,-34.97219848632,9.));
#7312 = LINE('',#7313,#7314);
#7313 = CARTESIAN_POINT('',(52.461799621582,-34.97219848632,0.));
#7314 = VECTOR('',#7315,1.);
#7315 = DIRECTION('',(0.,0.,1.));
#7316 = ORIENTED_EDGE('',*,*,#7317,.F.);
#7317 = EDGE_CURVE('',#7318,#7310,#7320,.T.);
#7318 = VERTEX_POINT('',#7319);
#7319 = CARTESIAN_POINT('',(52.36840057373,-35.12789916992,9.));
#7320 = LINE('',#7321,#7322);
#7321 = CARTESIAN_POINT('',(52.36840057373,-35.12789916992,9.));
#7322 = VECTOR('',#7323,1.);
#7323 = DIRECTION('',(0.514409240977,0.857544828448,0.));
#7324 = ORIENTED_EDGE('',*,*,#7325,.T.);
#7325 = EDGE_CURVE('',#7318,#1889,#7326,.T.);
#7326 = LINE('',#7327,#7328);
#7327 = CARTESIAN_POINT('',(52.36840057373,-35.12789916992,9.));
#7328 = VECTOR('',#7329,1.);
#7329 = DIRECTION('',(0.,0.,-1.));
#7330 = ORIENTED_EDGE('',*,*,#1886,.F.);
#7331 = PLANE('',#7332);
#7332 = AXIS2_PLACEMENT_3D('',#7333,#7334,#7335);
#7333 = CARTESIAN_POINT('',(52.415100097656,-35.05004882812,4.5));
#7334 = DIRECTION('',(0.857544828448,-0.514409240977,0.));
#7335 = DIRECTION('',(0.514409240977,0.857544828448,0.));
#7336 = ADVANCED_FACE('',(#7337),#7355,.T.);
#7337 = FACE_BOUND('',#7338,.T.);
#7338 = EDGE_LOOP('',(#7339,#7340,#7348,#7354));
#7339 = ORIENTED_EDGE('',*,*,#7325,.F.);
#7340 = ORIENTED_EDGE('',*,*,#7341,.F.);
#7341 = EDGE_CURVE('',#7342,#7318,#7344,.T.);
#7342 = VERTEX_POINT('',#7343);
#7343 = CARTESIAN_POINT('',(52.290798187256,-35.29199981689,9.));
#7344 = LINE('',#7345,#7346);
#7345 = CARTESIAN_POINT('',(52.290798187256,-35.29199981689,9.));
#7346 = VECTOR('',#7347,1.);
#7347 = DIRECTION('',(0.427503594945,0.904013648298,0.));
#7348 = ORIENTED_EDGE('',*,*,#7349,.T.);
#7349 = EDGE_CURVE('',#7342,#1897,#7350,.T.);
#7350 = LINE('',#7351,#7352);
#7351 = CARTESIAN_POINT('',(52.290798187256,-35.29199981689,9.));
#7352 = VECTOR('',#7353,1.);
#7353 = DIRECTION('',(0.,0.,-1.));
#7354 = ORIENTED_EDGE('',*,*,#1896,.F.);
#7355 = PLANE('',#7356);
#7356 = AXIS2_PLACEMENT_3D('',#7357,#7358,#7359);
#7357 = CARTESIAN_POINT('',(52.329599380493,-35.2099494934,4.5));
#7358 = DIRECTION('',(0.904013648298,-0.427503594945,0.));
#7359 = DIRECTION('',(0.427503594945,0.904013648298,0.));
#7360 = ADVANCED_FACE('',(#7361),#7379,.T.);
#7361 = FACE_BOUND('',#7362,.T.);
#7362 = EDGE_LOOP('',(#7363,#7364,#7372,#7378));
#7363 = ORIENTED_EDGE('',*,*,#7349,.F.);
#7364 = ORIENTED_EDGE('',*,*,#7365,.F.);
#7365 = EDGE_CURVE('',#7366,#7342,#7368,.T.);
#7366 = VERTEX_POINT('',#7367);
#7367 = CARTESIAN_POINT('',(52.229698181152,-35.46300125122,9.));
#7368 = LINE('',#7369,#7370);
#7369 = CARTESIAN_POINT('',(52.229698181152,-35.46300125122,9.));
#7370 = VECTOR('',#7371,1.);
#7371 = DIRECTION('',(0.336473463504,0.941692948024,0.));
#7372 = ORIENTED_EDGE('',*,*,#7373,.F.);
#7373 = EDGE_CURVE('',#1905,#7366,#7374,.T.);
#7374 = LINE('',#7375,#7376);
#7375 = CARTESIAN_POINT('',(52.229698181152,-35.46300125122,0.));
#7376 = VECTOR('',#7377,1.);
#7377 = DIRECTION('',(0.,0.,1.));
#7378 = ORIENTED_EDGE('',*,*,#1904,.F.);
#7379 = PLANE('',#7380);
#7380 = AXIS2_PLACEMENT_3D('',#7381,#7382,#7383);
#7381 = CARTESIAN_POINT('',(52.260248184204,-35.37750053405,4.5));
#7382 = DIRECTION('',(0.941692948024,-0.336473463504,0.));
#7383 = DIRECTION('',(0.336473463504,0.941692948024,0.));
#7384 = ADVANCED_FACE('',(#7385),#7403,.T.);
#7385 = FACE_BOUND('',#7386,.T.);
#7386 = EDGE_LOOP('',(#7387,#7388,#7396,#7402));
#7387 = ORIENTED_EDGE('',*,*,#7373,.T.);
#7388 = ORIENTED_EDGE('',*,*,#7389,.F.);
#7389 = EDGE_CURVE('',#7390,#7366,#7392,.T.);
#7390 = VERTEX_POINT('',#7391);
#7391 = CARTESIAN_POINT('',(52.185501098633,-35.63909912109,9.));
#7392 = LINE('',#7393,#7394);
#7393 = CARTESIAN_POINT('',(52.185501098633,-35.63909912109,9.));
#7394 = VECTOR('',#7395,1.);
#7395 = DIRECTION('',(0.243430331835,0.969918384991,0.));
#7396 = ORIENTED_EDGE('',*,*,#7397,.T.);
#7397 = EDGE_CURVE('',#7390,#1913,#7398,.T.);
#7398 = LINE('',#7399,#7400);
#7399 = CARTESIAN_POINT('',(52.185501098633,-35.63909912109,9.));
#7400 = VECTOR('',#7401,1.);
#7401 = DIRECTION('',(0.,0.,-1.));
#7402 = ORIENTED_EDGE('',*,*,#1912,.F.);
#7403 = PLANE('',#7404);
#7404 = AXIS2_PLACEMENT_3D('',#7405,#7406,#7407);
#7405 = CARTESIAN_POINT('',(52.207599639893,-35.55105018615,4.5));
#7406 = DIRECTION('',(0.969918384991,-0.243430331835,0.));
#7407 = DIRECTION('',(0.243430331835,0.969918384991,0.));
#7408 = ADVANCED_FACE('',(#7409),#7427,.T.);
#7409 = FACE_BOUND('',#7410,.T.);
#7410 = EDGE_LOOP('',(#7411,#7412,#7420,#7426));
#7411 = ORIENTED_EDGE('',*,*,#7397,.F.);
#7412 = ORIENTED_EDGE('',*,*,#7413,.F.);
#7413 = EDGE_CURVE('',#7414,#7390,#7416,.T.);
#7414 = VERTEX_POINT('',#7415);
#7415 = CARTESIAN_POINT('',(52.1589012146,-35.81869888305,9.));
#7416 = LINE('',#7417,#7418);
#7417 = CARTESIAN_POINT('',(52.1589012146,-35.81869888305,9.));
#7418 = VECTOR('',#7419,1.);
#7419 = DIRECTION('',(0.146508303311,0.989209440443,0.));
#7420 = ORIENTED_EDGE('',*,*,#7421,.F.);
#7421 = EDGE_CURVE('',#1921,#7414,#7422,.T.);
#7422 = LINE('',#7423,#7424);
#7423 = CARTESIAN_POINT('',(52.1589012146,-35.81869888305,0.));
#7424 = VECTOR('',#7425,1.);
#7425 = DIRECTION('',(0.,0.,1.));
#7426 = ORIENTED_EDGE('',*,*,#1920,.F.);
#7427 = PLANE('',#7428);
#7428 = AXIS2_PLACEMENT_3D('',#7429,#7430,#7431);
#7429 = CARTESIAN_POINT('',(52.172201156616,-35.72889900207,4.5));
#7430 = DIRECTION('',(0.989209440443,-0.146508303311,0.));
#7431 = DIRECTION('',(0.146508303311,0.989209440443,0.));
#7432 = ADVANCED_FACE('',(#7433),#7451,.T.);
#7433 = FACE_BOUND('',#7434,.T.);
#7434 = EDGE_LOOP('',(#7435,#7436,#7444,#7450));
#7435 = ORIENTED_EDGE('',*,*,#7421,.T.);
#7436 = ORIENTED_EDGE('',*,*,#7437,.F.);
#7437 = EDGE_CURVE('',#7438,#7414,#7440,.T.);
#7438 = VERTEX_POINT('',#7439);
#7439 = CARTESIAN_POINT('',(52.150001525879,-36.,9.));
#7440 = LINE('',#7441,#7442);
#7441 = CARTESIAN_POINT('',(52.150001525879,-36.,9.));
#7442 = VECTOR('',#7443,1.);
#7443 = DIRECTION('',(4.90288519601E-02,0.998797362669,0.));
#7444 = ORIENTED_EDGE('',*,*,#7445,.F.);
#7445 = EDGE_CURVE('',#1929,#7438,#7446,.T.);
#7446 = LINE('',#7447,#7448);
#7447 = CARTESIAN_POINT('',(52.150001525879,-36.,0.));
#7448 = VECTOR('',#7449,1.);
#7449 = DIRECTION('',(0.,0.,1.));
#7450 = ORIENTED_EDGE('',*,*,#1928,.F.);
#7451 = PLANE('',#7452);
#7452 = AXIS2_PLACEMENT_3D('',#7453,#7454,#7455);
#7453 = CARTESIAN_POINT('',(52.154451370239,-35.90934944152,4.5));
#7454 = DIRECTION('',(0.998797362669,-4.90288519601E-02,0.));
#7455 = DIRECTION('',(4.90288519601E-02,0.998797362669,0.));
#7456 = ADVANCED_FACE('',(#7457),#7475,.T.);
#7457 = FACE_BOUND('',#7458,.T.);
#7458 = EDGE_LOOP('',(#7459,#7460,#7468,#7474));
#7459 = ORIENTED_EDGE('',*,*,#7445,.T.);
#7460 = ORIENTED_EDGE('',*,*,#7461,.F.);
#7461 = EDGE_CURVE('',#7462,#7438,#7464,.T.);
#7462 = VERTEX_POINT('',#7463);
#7463 = CARTESIAN_POINT('',(52.1589012146,-36.18130111694,9.));
#7464 = LINE('',#7465,#7466);
#7465 = CARTESIAN_POINT('',(52.1589012146,-36.18130111694,9.));
#7466 = VECTOR('',#7467,1.);
#7467 = DIRECTION('',(-4.90288519601E-02,0.998797362669,0.));
#7468 = ORIENTED_EDGE('',*,*,#7469,.T.);
#7469 = EDGE_CURVE('',#7462,#1937,#7470,.T.);
#7470 = LINE('',#7471,#7472);
#7471 = CARTESIAN_POINT('',(52.1589012146,-36.18130111694,9.));
#7472 = VECTOR('',#7473,1.);
#7473 = DIRECTION('',(0.,0.,-1.));
#7474 = ORIENTED_EDGE('',*,*,#1936,.F.);
#7475 = PLANE('',#7476);
#7476 = AXIS2_PLACEMENT_3D('',#7477,#7478,#7479);
#7477 = CARTESIAN_POINT('',(52.154451370239,-36.09065055847,4.5));
#7478 = DIRECTION('',(0.998797362669,4.90288519601E-02,0.));
#7479 = DIRECTION('',(-4.90288519601E-02,0.998797362669,0.));
#7480 = ADVANCED_FACE('',(#7481),#7499,.T.);
#7481 = FACE_BOUND('',#7482,.T.);
#7482 = EDGE_LOOP('',(#7483,#7484,#7492,#7498));
#7483 = ORIENTED_EDGE('',*,*,#7469,.F.);
#7484 = ORIENTED_EDGE('',*,*,#7485,.F.);
#7485 = EDGE_CURVE('',#7486,#7462,#7488,.T.);
#7486 = VERTEX_POINT('',#7487);
#7487 = CARTESIAN_POINT('',(52.185501098633,-36.3609008789,9.));
#7488 = LINE('',#7489,#7490);
#7489 = CARTESIAN_POINT('',(52.185501098633,-36.3609008789,9.));
#7490 = VECTOR('',#7491,1.);
#7491 = DIRECTION('',(-0.146508303311,0.989209440443,0.));
#7492 = ORIENTED_EDGE('',*,*,#7493,.F.);
#7493 = EDGE_CURVE('',#1945,#7486,#7494,.T.);
#7494 = LINE('',#7495,#7496);
#7495 = CARTESIAN_POINT('',(52.185501098633,-36.3609008789,0.));
#7496 = VECTOR('',#7497,1.);
#7497 = DIRECTION('',(0.,0.,1.));
#7498 = ORIENTED_EDGE('',*,*,#1944,.F.);
#7499 = PLANE('',#7500);
#7500 = AXIS2_PLACEMENT_3D('',#7501,#7502,#7503);
#7501 = CARTESIAN_POINT('',(52.172201156616,-36.27110099792,4.5));
#7502 = DIRECTION('',(0.989209440443,0.146508303311,0.));
#7503 = DIRECTION('',(-0.146508303311,0.989209440443,0.));
#7504 = ADVANCED_FACE('',(#7505),#7523,.T.);
#7505 = FACE_BOUND('',#7506,.T.);
#7506 = EDGE_LOOP('',(#7507,#7508,#7516,#7522));
#7507 = ORIENTED_EDGE('',*,*,#7493,.T.);
#7508 = ORIENTED_EDGE('',*,*,#7509,.F.);
#7509 = EDGE_CURVE('',#7510,#7486,#7512,.T.);
#7510 = VERTEX_POINT('',#7511);
#7511 = CARTESIAN_POINT('',(52.229698181152,-36.53699874877,9.));
#7512 = LINE('',#7513,#7514);
#7513 = CARTESIAN_POINT('',(52.229698181152,-36.53699874877,9.));
#7514 = VECTOR('',#7515,1.);
#7515 = DIRECTION('',(-0.243430331835,0.969918384991,0.));
#7516 = ORIENTED_EDGE('',*,*,#7517,.T.);
#7517 = EDGE_CURVE('',#7510,#1953,#7518,.T.);
#7518 = LINE('',#7519,#7520);
#7519 = CARTESIAN_POINT('',(52.229698181152,-36.53699874877,9.));
#7520 = VECTOR('',#7521,1.);
#7521 = DIRECTION('',(0.,0.,-1.));
#7522 = ORIENTED_EDGE('',*,*,#1952,.F.);
#7523 = PLANE('',#7524);
#7524 = AXIS2_PLACEMENT_3D('',#7525,#7526,#7527);
#7525 = CARTESIAN_POINT('',(52.207599639893,-36.44894981384,4.5));
#7526 = DIRECTION('',(0.969918384991,0.243430331835,0.));
#7527 = DIRECTION('',(-0.243430331835,0.969918384991,0.));
#7528 = ADVANCED_FACE('',(#7529),#7547,.T.);
#7529 = FACE_BOUND('',#7530,.T.);
#7530 = EDGE_LOOP('',(#7531,#7532,#7540,#7546));
#7531 = ORIENTED_EDGE('',*,*,#7517,.F.);
#7532 = ORIENTED_EDGE('',*,*,#7533,.F.);
#7533 = EDGE_CURVE('',#7534,#7510,#7536,.T.);
#7534 = VERTEX_POINT('',#7535);
#7535 = CARTESIAN_POINT('',(52.290798187256,-36.7080001831,9.));
#7536 = LINE('',#7537,#7538);
#7537 = CARTESIAN_POINT('',(52.290798187256,-36.7080001831,9.));
#7538 = VECTOR('',#7539,1.);
#7539 = DIRECTION('',(-0.336473463504,0.941692948024,0.));
#7540 = ORIENTED_EDGE('',*,*,#7541,.F.);
#7541 = EDGE_CURVE('',#1961,#7534,#7542,.T.);
#7542 = LINE('',#7543,#7544);
#7543 = CARTESIAN_POINT('',(52.290798187256,-36.7080001831,0.));
#7544 = VECTOR('',#7545,1.);
#7545 = DIRECTION('',(0.,0.,1.));
#7546 = ORIENTED_EDGE('',*,*,#1960,.F.);
#7547 = PLANE('',#7548);
#7548 = AXIS2_PLACEMENT_3D('',#7549,#7550,#7551);
#7549 = CARTESIAN_POINT('',(52.260248184204,-36.62249946594,4.5));
#7550 = DIRECTION('',(0.941692948024,0.336473463504,0.));
#7551 = DIRECTION('',(-0.336473463504,0.941692948024,0.));
#7552 = ADVANCED_FACE('',(#7553),#7571,.T.);
#7553 = FACE_BOUND('',#7554,.T.);
#7554 = EDGE_LOOP('',(#7555,#7556,#7564,#7570));
#7555 = ORIENTED_EDGE('',*,*,#7541,.T.);
#7556 = ORIENTED_EDGE('',*,*,#7557,.F.);
#7557 = EDGE_CURVE('',#7558,#7534,#7560,.T.);
#7558 = VERTEX_POINT('',#7559);
#7559 = CARTESIAN_POINT('',(52.36840057373,-36.87210083007,9.));
#7560 = LINE('',#7561,#7562);
#7561 = CARTESIAN_POINT('',(52.36840057373,-36.87210083007,9.));
#7562 = VECTOR('',#7563,1.);
#7563 = DIRECTION('',(-0.427503594945,0.904013648298,0.));
#7564 = ORIENTED_EDGE('',*,*,#7565,.F.);
#7565 = EDGE_CURVE('',#1969,#7558,#7566,.T.);
#7566 = LINE('',#7567,#7568);
#7567 = CARTESIAN_POINT('',(52.36840057373,-36.87210083007,0.));
#7568 = VECTOR('',#7569,1.);
#7569 = DIRECTION('',(0.,0.,1.));
#7570 = ORIENTED_EDGE('',*,*,#1968,.F.);
#7571 = PLANE('',#7572);
#7572 = AXIS2_PLACEMENT_3D('',#7573,#7574,#7575);
#7573 = CARTESIAN_POINT('',(52.329599380493,-36.79005050659,4.5));
#7574 = DIRECTION('',(0.904013648298,0.427503594945,0.));
#7575 = DIRECTION('',(-0.427503594945,0.904013648298,0.));
#7576 = ADVANCED_FACE('',(#7577),#7595,.T.);
#7577 = FACE_BOUND('',#7578,.T.);
#7578 = EDGE_LOOP('',(#7579,#7580,#7588,#7594));
#7579 = ORIENTED_EDGE('',*,*,#7565,.T.);
#7580 = ORIENTED_EDGE('',*,*,#7581,.F.);
#7581 = EDGE_CURVE('',#7582,#7558,#7584,.T.);
#7582 = VERTEX_POINT('',#7583);
#7583 = CARTESIAN_POINT('',(52.461799621582,-37.02780151367,9.));
#7584 = LINE('',#7585,#7586);
#7585 = CARTESIAN_POINT('',(52.461799621582,-37.02780151367,9.));
#7586 = VECTOR('',#7587,1.);
#7587 = DIRECTION('',(-0.514409240977,0.857544828448,0.));
#7588 = ORIENTED_EDGE('',*,*,#7589,.T.);
#7589 = EDGE_CURVE('',#7582,#1977,#7590,.T.);
#7590 = LINE('',#7591,#7592);
#7591 = CARTESIAN_POINT('',(52.461799621582,-37.02780151367,9.));
#7592 = VECTOR('',#7593,1.);
#7593 = DIRECTION('',(0.,0.,-1.));
#7594 = ORIENTED_EDGE('',*,*,#1976,.F.);
#7595 = PLANE('',#7596);
#7596 = AXIS2_PLACEMENT_3D('',#7597,#7598,#7599);
#7597 = CARTESIAN_POINT('',(52.415100097656,-36.94995117187,4.5));
#7598 = DIRECTION('',(0.857544828448,0.514409240977,0.));
#7599 = DIRECTION('',(-0.514409240977,0.857544828448,0.));
#7600 = ADVANCED_FACE('',(#7601),#7619,.T.);
#7601 = FACE_BOUND('',#7602,.T.);
#7602 = EDGE_LOOP('',(#7603,#7604,#7612,#7618));
#7603 = ORIENTED_EDGE('',*,*,#7589,.F.);
#7604 = ORIENTED_EDGE('',*,*,#7605,.F.);
#7605 = EDGE_CURVE('',#7606,#7582,#7608,.T.);
#7606 = VERTEX_POINT('',#7607);
#7607 = CARTESIAN_POINT('',(52.569900512695,-37.17359924316,9.));
#7608 = LINE('',#7609,#7610);
#7609 = CARTESIAN_POINT('',(52.569900512695,-37.17359924316,9.));
#7610 = VECTOR('',#7611,1.);
#7611 = DIRECTION('',(-0.595592399779,0.803286806393,0.));
#7612 = ORIENTED_EDGE('',*,*,#7613,.F.);
#7613 = EDGE_CURVE('',#1985,#7606,#7614,.T.);
#7614 = LINE('',#7615,#7616);
#7615 = CARTESIAN_POINT('',(52.569900512695,-37.17359924316,0.));
#7616 = VECTOR('',#7617,1.);
#7617 = DIRECTION('',(0.,0.,1.));
#7618 = ORIENTED_EDGE('',*,*,#1984,.F.);
#7619 = PLANE('',#7620);
#7620 = AXIS2_PLACEMENT_3D('',#7621,#7622,#7623);
#7621 = CARTESIAN_POINT('',(52.515850067139,-37.10070037841,4.5));
#7622 = DIRECTION('',(0.803286806393,0.595592399779,0.));
#7623 = DIRECTION('',(-0.595592399779,0.803286806393,0.));
#7624 = ADVANCED_FACE('',(#7625),#7643,.T.);
#7625 = FACE_BOUND('',#7626,.T.);
#7626 = EDGE_LOOP('',(#7627,#7628,#7636,#7642));
#7627 = ORIENTED_EDGE('',*,*,#7613,.T.);
#7628 = ORIENTED_EDGE('',*,*,#7629,.F.);
#7629 = EDGE_CURVE('',#7630,#7606,#7632,.T.);
#7630 = VERTEX_POINT('',#7631);
#7631 = CARTESIAN_POINT('',(52.691898345947,-37.30810165405,9.));
#7632 = LINE('',#7633,#7634);
#7633 = CARTESIAN_POINT('',(52.691898345947,-37.30810165405,9.));
#7634 = VECTOR('',#7635,1.);
#7635 = DIRECTION('',(-0.671836918015,0.740699099224,0.));
#7636 = ORIENTED_EDGE('',*,*,#7637,.T.);
#7637 = EDGE_CURVE('',#7630,#1993,#7638,.T.);
#7638 = LINE('',#7639,#7640);
#7639 = CARTESIAN_POINT('',(52.691898345947,-37.30810165405,9.));
#7640 = VECTOR('',#7641,1.);
#7641 = DIRECTION('',(0.,0.,-1.));
#7642 = ORIENTED_EDGE('',*,*,#1992,.F.);
#7643 = PLANE('',#7644);
#7644 = AXIS2_PLACEMENT_3D('',#7645,#7646,#7647);
#7645 = CARTESIAN_POINT('',(52.630899429321,-37.2408504486,4.5));
#7646 = DIRECTION('',(0.740699099224,0.671836918015,0.));
#7647 = DIRECTION('',(-0.671836918015,0.740699099224,0.));
#7648 = ADVANCED_FACE('',(#7649),#7667,.T.);
#7649 = FACE_BOUND('',#7650,.T.);
#7650 = EDGE_LOOP('',(#7651,#7659,#7665,#7666));
#7651 = ORIENTED_EDGE('',*,*,#7652,.F.);
#7652 = EDGE_CURVE('',#7653,#7630,#7655,.T.);
#7653 = VERTEX_POINT('',#7654);
#7654 = CARTESIAN_POINT('',(52.826400756836,-37.4300994873,9.));
#7655 = LINE('',#7656,#7657);
#7656 = CARTESIAN_POINT('',(52.826400756836,-37.4300994873,9.));
#7657 = VECTOR('',#7658,1.);
#7658 = DIRECTION('',(-0.740699099224,0.671836918015,0.));
#7659 = ORIENTED_EDGE('',*,*,#7660,.F.);
#7660 = EDGE_CURVE('',#2001,#7653,#7661,.T.);
#7661 = LINE('',#7662,#7663);
#7662 = CARTESIAN_POINT('',(52.826400756836,-37.4300994873,0.));
#7663 = VECTOR('',#7664,1.);
#7664 = DIRECTION('',(0.,0.,1.));
#7665 = ORIENTED_EDGE('',*,*,#2000,.F.);
#7666 = ORIENTED_EDGE('',*,*,#7637,.F.);
#7667 = PLANE('',#7668);
#7668 = AXIS2_PLACEMENT_3D('',#7669,#7670,#7671);
#7669 = CARTESIAN_POINT('',(52.759149551392,-37.36910057067,4.5));
#7670 = DIRECTION('',(0.671836918015,0.740699099224,0.));
#7671 = DIRECTION('',(0.740699099224,-0.671836918015,0.));
#7672 = ADVANCED_FACE('',(#7673),#7691,.T.);
#7673 = FACE_BOUND('',#7674,.T.);
#7674 = EDGE_LOOP('',(#7675,#7683,#7689,#7690));
#7675 = ORIENTED_EDGE('',*,*,#7676,.F.);
#7676 = EDGE_CURVE('',#7677,#7653,#7679,.T.);
#7677 = VERTEX_POINT('',#7678);
#7678 = CARTESIAN_POINT('',(52.972198486328,-37.53820037841,9.));
#7679 = LINE('',#7680,#7681);
#7680 = CARTESIAN_POINT('',(52.972198486328,-37.53820037841,9.));
#7681 = VECTOR('',#7682,1.);
#7682 = DIRECTION('',(-0.803286806393,0.595592399779,0.));
#7683 = ORIENTED_EDGE('',*,*,#7684,.T.);
#7684 = EDGE_CURVE('',#7677,#2009,#7685,.T.);
#7685 = LINE('',#7686,#7687);
#7686 = CARTESIAN_POINT('',(52.972198486328,-37.53820037841,9.));
#7687 = VECTOR('',#7688,1.);
#7688 = DIRECTION('',(0.,0.,-1.));
#7689 = ORIENTED_EDGE('',*,*,#2008,.F.);
#7690 = ORIENTED_EDGE('',*,*,#7660,.T.);
#7691 = PLANE('',#7692);
#7692 = AXIS2_PLACEMENT_3D('',#7693,#7694,#7695);
#7693 = CARTESIAN_POINT('',(52.899299621582,-37.48414993286,4.5));
#7694 = DIRECTION('',(0.595592399779,0.803286806393,0.));
#7695 = DIRECTION('',(0.803286806393,-0.595592399779,0.));
#7696 = ADVANCED_FACE('',(#7697),#7715,.T.);
#7697 = FACE_BOUND('',#7698,.T.);
#7698 = EDGE_LOOP('',(#7699,#7707,#7713,#7714));
#7699 = ORIENTED_EDGE('',*,*,#7700,.F.);
#7700 = EDGE_CURVE('',#7701,#7677,#7703,.T.);
#7701 = VERTEX_POINT('',#7702);
#7702 = CARTESIAN_POINT('',(53.127899169922,-37.63159942627,9.));
#7703 = LINE('',#7704,#7705);
#7704 = CARTESIAN_POINT('',(53.127899169922,-37.63159942627,9.));
#7705 = VECTOR('',#7706,1.);
#7706 = DIRECTION('',(-0.857544828448,0.514409240977,0.));
#7707 = ORIENTED_EDGE('',*,*,#7708,.T.);
#7708 = EDGE_CURVE('',#7701,#2017,#7709,.T.);
#7709 = LINE('',#7710,#7711);
#7710 = CARTESIAN_POINT('',(53.127899169922,-37.63159942627,9.));
#7711 = VECTOR('',#7712,1.);
#7712 = DIRECTION('',(0.,0.,-1.));
#7713 = ORIENTED_EDGE('',*,*,#2016,.F.);
#7714 = ORIENTED_EDGE('',*,*,#7684,.F.);
#7715 = PLANE('',#7716);
#7716 = AXIS2_PLACEMENT_3D('',#7717,#7718,#7719);
#7717 = CARTESIAN_POINT('',(53.050048828125,-37.58489990234,4.5));
#7718 = DIRECTION('',(0.514409240977,0.857544828448,0.));
#7719 = DIRECTION('',(0.857544828448,-0.514409240977,0.));
#7720 = ADVANCED_FACE('',(#7721),#7739,.T.);
#7721 = FACE_BOUND('',#7722,.T.);
#7722 = EDGE_LOOP('',(#7723,#7731,#7737,#7738));
#7723 = ORIENTED_EDGE('',*,*,#7724,.F.);
#7724 = EDGE_CURVE('',#7725,#7701,#7727,.T.);
#7725 = VERTEX_POINT('',#7726);
#7726 = CARTESIAN_POINT('',(53.291999816895,-37.70920181274,9.));
#7727 = LINE('',#7728,#7729);
#7728 = CARTESIAN_POINT('',(53.291999816895,-37.70920181274,9.));
#7729 = VECTOR('',#7730,1.);
#7730 = DIRECTION('',(-0.904013648298,0.427503594945,0.));
#7731 = ORIENTED_EDGE('',*,*,#7732,.F.);
#7732 = EDGE_CURVE('',#2025,#7725,#7733,.T.);
#7733 = LINE('',#7734,#7735);
#7734 = CARTESIAN_POINT('',(53.291999816895,-37.70920181274,0.));
#7735 = VECTOR('',#7736,1.);
#7736 = DIRECTION('',(0.,0.,1.));
#7737 = ORIENTED_EDGE('',*,*,#2024,.F.);
#7738 = ORIENTED_EDGE('',*,*,#7708,.F.);
#7739 = PLANE('',#7740);
#7740 = AXIS2_PLACEMENT_3D('',#7741,#7742,#7743);
#7741 = CARTESIAN_POINT('',(53.209949493408,-37.6704006195,4.5));
#7742 = DIRECTION('',(0.427503594945,0.904013648298,0.));
#7743 = DIRECTION('',(0.904013648298,-0.427503594945,0.));
#7744 = ADVANCED_FACE('',(#7745),#7763,.T.);
#7745 = FACE_BOUND('',#7746,.T.);
#7746 = EDGE_LOOP('',(#7747,#7755,#7761,#7762));
#7747 = ORIENTED_EDGE('',*,*,#7748,.F.);
#7748 = EDGE_CURVE('',#7749,#7725,#7751,.T.);
#7749 = VERTEX_POINT('',#7750);
#7750 = CARTESIAN_POINT('',(53.463001251221,-37.77030181884,9.));
#7751 = LINE('',#7752,#7753);
#7752 = CARTESIAN_POINT('',(53.463001251221,-37.77030181884,9.));
#7753 = VECTOR('',#7754,1.);
#7754 = DIRECTION('',(-0.941692948024,0.336473463504,0.));
#7755 = ORIENTED_EDGE('',*,*,#7756,.T.);
#7756 = EDGE_CURVE('',#7749,#2033,#7757,.T.);
#7757 = LINE('',#7758,#7759);
#7758 = CARTESIAN_POINT('',(53.463001251221,-37.77030181884,9.));
#7759 = VECTOR('',#7760,1.);
#7760 = DIRECTION('',(0.,0.,-1.));
#7761 = ORIENTED_EDGE('',*,*,#2032,.F.);
#7762 = ORIENTED_EDGE('',*,*,#7732,.T.);
#7763 = PLANE('',#7764);
#7764 = AXIS2_PLACEMENT_3D('',#7765,#7766,#7767);
#7765 = CARTESIAN_POINT('',(53.377500534058,-37.73975181579,4.5));
#7766 = DIRECTION('',(0.336473463504,0.941692948024,0.));
#7767 = DIRECTION('',(0.941692948024,-0.336473463504,0.));
#7768 = ADVANCED_FACE('',(#7769),#7787,.T.);
#7769 = FACE_BOUND('',#7770,.T.);
#7770 = EDGE_LOOP('',(#7771,#7779,#7785,#7786));
#7771 = ORIENTED_EDGE('',*,*,#7772,.F.);
#7772 = EDGE_CURVE('',#7773,#7749,#7775,.T.);
#7773 = VERTEX_POINT('',#7774);
#7774 = CARTESIAN_POINT('',(53.639099121094,-37.81449890136,9.));
#7775 = LINE('',#7776,#7777);
#7776 = CARTESIAN_POINT('',(53.639099121094,-37.81449890136,9.));
#7777 = VECTOR('',#7778,1.);
#7778 = DIRECTION('',(-0.969918384991,0.243430331835,0.));
#7779 = ORIENTED_EDGE('',*,*,#7780,.F.);
#7780 = EDGE_CURVE('',#2041,#7773,#7781,.T.);
#7781 = LINE('',#7782,#7783);
#7782 = CARTESIAN_POINT('',(53.639099121094,-37.81449890136,0.));
#7783 = VECTOR('',#7784,1.);
#7784 = DIRECTION('',(0.,0.,1.));
#7785 = ORIENTED_EDGE('',*,*,#2040,.F.);
#7786 = ORIENTED_EDGE('',*,*,#7756,.F.);
#7787 = PLANE('',#7788);
#7788 = AXIS2_PLACEMENT_3D('',#7789,#7790,#7791);
#7789 = CARTESIAN_POINT('',(53.551050186157,-37.7924003601,4.5));
#7790 = DIRECTION('',(0.243430331835,0.969918384991,0.));
#7791 = DIRECTION('',(0.969918384991,-0.243430331835,0.));
#7792 = ADVANCED_FACE('',(#7793),#7811,.T.);
#7793 = FACE_BOUND('',#7794,.T.);
#7794 = EDGE_LOOP('',(#7795,#7803,#7809,#7810));
#7795 = ORIENTED_EDGE('',*,*,#7796,.F.);
#7796 = EDGE_CURVE('',#7797,#7773,#7799,.T.);
#7797 = VERTEX_POINT('',#7798);
#7798 = CARTESIAN_POINT('',(53.818698883057,-37.8410987854,9.));
#7799 = LINE('',#7800,#7801);
#7800 = CARTESIAN_POINT('',(53.818698883057,-37.8410987854,9.));
#7801 = VECTOR('',#7802,1.);
#7802 = DIRECTION('',(-0.989209440443,0.146508303311,0.));
#7803 = ORIENTED_EDGE('',*,*,#7804,.F.);
#7804 = EDGE_CURVE('',#2049,#7797,#7805,.T.);
#7805 = LINE('',#7806,#7807);
#7806 = CARTESIAN_POINT('',(53.818698883057,-37.8410987854,0.));
#7807 = VECTOR('',#7808,1.);
#7808 = DIRECTION('',(0.,0.,1.));
#7809 = ORIENTED_EDGE('',*,*,#2048,.F.);
#7810 = ORIENTED_EDGE('',*,*,#7780,.T.);
#7811 = PLANE('',#7812);
#7812 = AXIS2_PLACEMENT_3D('',#7813,#7814,#7815);
#7813 = CARTESIAN_POINT('',(53.728899002075,-37.82779884338,4.5));
#7814 = DIRECTION('',(0.146508303311,0.989209440443,0.));
#7815 = DIRECTION('',(0.989209440443,-0.146508303311,0.));
#7816 = ADVANCED_FACE('',(#7817),#7835,.T.);
#7817 = FACE_BOUND('',#7818,.T.);
#7818 = EDGE_LOOP('',(#7819,#7827,#7833,#7834));
#7819 = ORIENTED_EDGE('',*,*,#7820,.F.);
#7820 = EDGE_CURVE('',#7821,#7797,#7823,.T.);
#7821 = VERTEX_POINT('',#7822);
#7822 = CARTESIAN_POINT('',(54.,-37.84999847412,9.));
#7823 = LINE('',#7824,#7825);
#7824 = CARTESIAN_POINT('',(54.,-37.84999847412,9.));
#7825 = VECTOR('',#7826,1.);
#7826 = DIRECTION('',(-0.998797362669,4.90288519601E-02,0.));
#7827 = ORIENTED_EDGE('',*,*,#7828,.T.);
#7828 = EDGE_CURVE('',#7821,#2057,#7829,.T.);
#7829 = LINE('',#7830,#7831);
#7830 = CARTESIAN_POINT('',(54.,-37.84999847412,9.));
#7831 = VECTOR('',#7832,1.);
#7832 = DIRECTION('',(0.,0.,-1.));
#7833 = ORIENTED_EDGE('',*,*,#2056,.F.);
#7834 = ORIENTED_EDGE('',*,*,#7804,.T.);
#7835 = PLANE('',#7836);
#7836 = AXIS2_PLACEMENT_3D('',#7837,#7838,#7839);
#7837 = CARTESIAN_POINT('',(53.909349441528,-37.84554862976,4.5));
#7838 = DIRECTION('',(4.90288519601E-02,0.998797362669,0.));
#7839 = DIRECTION('',(0.998797362669,-4.90288519601E-02,0.));
#7840 = ADVANCED_FACE('',(#7841),#7859,.T.);
#7841 = FACE_BOUND('',#7842,.T.);
#7842 = EDGE_LOOP('',(#7843,#7851,#7857,#7858));
#7843 = ORIENTED_EDGE('',*,*,#7844,.F.);
#7844 = EDGE_CURVE('',#7845,#7821,#7847,.T.);
#7845 = VERTEX_POINT('',#7846);
#7846 = CARTESIAN_POINT('',(54.181301116943,-37.8410987854,9.));
#7847 = LINE('',#7848,#7849);
#7848 = CARTESIAN_POINT('',(54.181301116943,-37.8410987854,9.));
#7849 = VECTOR('',#7850,1.);
#7850 = DIRECTION('',(-0.998797362669,-4.90288519601E-02,0.));
#7851 = ORIENTED_EDGE('',*,*,#7852,.T.);
#7852 = EDGE_CURVE('',#7845,#2065,#7853,.T.);
#7853 = LINE('',#7854,#7855);
#7854 = CARTESIAN_POINT('',(54.181301116943,-37.8410987854,9.));
#7855 = VECTOR('',#7856,1.);
#7856 = DIRECTION('',(0.,0.,-1.));
#7857 = ORIENTED_EDGE('',*,*,#2064,.F.);
#7858 = ORIENTED_EDGE('',*,*,#7828,.F.);
#7859 = PLANE('',#7860);
#7860 = AXIS2_PLACEMENT_3D('',#7861,#7862,#7863);
#7861 = CARTESIAN_POINT('',(54.090650558472,-37.84554862976,4.5));
#7862 = DIRECTION('',(-4.90288519601E-02,0.998797362669,0.));
#7863 = DIRECTION('',(0.998797362669,4.90288519601E-02,0.));
#7864 = ADVANCED_FACE('',(#7865),#7883,.T.);
#7865 = FACE_BOUND('',#7866,.T.);
#7866 = EDGE_LOOP('',(#7867,#7875,#7881,#7882));
#7867 = ORIENTED_EDGE('',*,*,#7868,.F.);
#7868 = EDGE_CURVE('',#7869,#7845,#7871,.T.);
#7869 = VERTEX_POINT('',#7870);
#7870 = CARTESIAN_POINT('',(54.360900878906,-37.81449890136,9.));
#7871 = LINE('',#7872,#7873);
#7872 = CARTESIAN_POINT('',(54.360900878906,-37.81449890136,9.));
#7873 = VECTOR('',#7874,1.);
#7874 = DIRECTION('',(-0.989209440443,-0.146508303311,0.));
#7875 = ORIENTED_EDGE('',*,*,#7876,.T.);
#7876 = EDGE_CURVE('',#7869,#2073,#7877,.T.);
#7877 = LINE('',#7878,#7879);
#7878 = CARTESIAN_POINT('',(54.360900878906,-37.81449890136,9.));
#7879 = VECTOR('',#7880,1.);
#7880 = DIRECTION('',(0.,0.,-1.));
#7881 = ORIENTED_EDGE('',*,*,#2072,.F.);
#7882 = ORIENTED_EDGE('',*,*,#7852,.F.);
#7883 = PLANE('',#7884);
#7884 = AXIS2_PLACEMENT_3D('',#7885,#7886,#7887);
#7885 = CARTESIAN_POINT('',(54.271100997925,-37.82779884338,4.5));
#7886 = DIRECTION('',(-0.146508303311,0.989209440443,0.));
#7887 = DIRECTION('',(0.989209440443,0.146508303311,0.));
#7888 = ADVANCED_FACE('',(#7889),#7907,.T.);
#7889 = FACE_BOUND('',#7890,.T.);
#7890 = EDGE_LOOP('',(#7891,#7899,#7905,#7906));
#7891 = ORIENTED_EDGE('',*,*,#7892,.F.);
#7892 = EDGE_CURVE('',#7893,#7869,#7895,.T.);
#7893 = VERTEX_POINT('',#7894);
#7894 = CARTESIAN_POINT('',(54.536998748779,-37.77030181884,9.));
#7895 = LINE('',#7896,#7897);
#7896 = CARTESIAN_POINT('',(54.536998748779,-37.77030181884,9.));
#7897 = VECTOR('',#7898,1.);
#7898 = DIRECTION('',(-0.969918384991,-0.243430331835,0.));
#7899 = ORIENTED_EDGE('',*,*,#7900,.F.);
#7900 = EDGE_CURVE('',#2081,#7893,#7901,.T.);
#7901 = LINE('',#7902,#7903);
#7902 = CARTESIAN_POINT('',(54.536998748779,-37.77030181884,0.));
#7903 = VECTOR('',#7904,1.);
#7904 = DIRECTION('',(0.,0.,1.));
#7905 = ORIENTED_EDGE('',*,*,#2080,.F.);
#7906 = ORIENTED_EDGE('',*,*,#7876,.F.);
#7907 = PLANE('',#7908);
#7908 = AXIS2_PLACEMENT_3D('',#7909,#7910,#7911);
#7909 = CARTESIAN_POINT('',(54.448949813843,-37.7924003601,4.5));
#7910 = DIRECTION('',(-0.243430331835,0.969918384991,0.));
#7911 = DIRECTION('',(0.969918384991,0.243430331835,0.));
#7912 = ADVANCED_FACE('',(#7913),#7931,.T.);
#7913 = FACE_BOUND('',#7914,.T.);
#7914 = EDGE_LOOP('',(#7915,#7923,#7929,#7930));
#7915 = ORIENTED_EDGE('',*,*,#7916,.F.);
#7916 = EDGE_CURVE('',#7917,#7893,#7919,.T.);
#7917 = VERTEX_POINT('',#7918);
#7918 = CARTESIAN_POINT('',(54.708000183105,-37.70920181274,9.));
#7919 = LINE('',#7920,#7921);
#7920 = CARTESIAN_POINT('',(54.708000183105,-37.70920181274,9.));
#7921 = VECTOR('',#7922,1.);
#7922 = DIRECTION('',(-0.941692948024,-0.336473463504,0.));
#7923 = ORIENTED_EDGE('',*,*,#7924,.T.);
#7924 = EDGE_CURVE('',#7917,#2089,#7925,.T.);
#7925 = LINE('',#7926,#7927);
#7926 = CARTESIAN_POINT('',(54.708000183105,-37.70920181274,9.));
#7927 = VECTOR('',#7928,1.);
#7928 = DIRECTION('',(0.,0.,-1.));
#7929 = ORIENTED_EDGE('',*,*,#2088,.F.);
#7930 = ORIENTED_EDGE('',*,*,#7900,.T.);
#7931 = PLANE('',#7932);
#7932 = AXIS2_PLACEMENT_3D('',#7933,#7934,#7935);
#7933 = CARTESIAN_POINT('',(54.622499465942,-37.73975181579,4.5));
#7934 = DIRECTION('',(-0.336473463504,0.941692948024,0.));
#7935 = DIRECTION('',(0.941692948024,0.336473463504,0.));
#7936 = ADVANCED_FACE('',(#7937),#7955,.T.);
#7937 = FACE_BOUND('',#7938,.T.);
#7938 = EDGE_LOOP('',(#7939,#7947,#7953,#7954));
#7939 = ORIENTED_EDGE('',*,*,#7940,.F.);
#7940 = EDGE_CURVE('',#7941,#7917,#7943,.T.);
#7941 = VERTEX_POINT('',#7942);
#7942 = CARTESIAN_POINT('',(54.872100830078,-37.63159942627,9.));
#7943 = LINE('',#7944,#7945);
#7944 = CARTESIAN_POINT('',(54.872100830078,-37.63159942627,9.));
#7945 = VECTOR('',#7946,1.);
#7946 = DIRECTION('',(-0.904013648298,-0.427503594945,0.));
#7947 = ORIENTED_EDGE('',*,*,#7948,.F.);
#7948 = EDGE_CURVE('',#2097,#7941,#7949,.T.);
#7949 = LINE('',#7950,#7951);
#7950 = CARTESIAN_POINT('',(54.872100830078,-37.63159942627,0.));
#7951 = VECTOR('',#7952,1.);
#7952 = DIRECTION('',(0.,0.,1.));
#7953 = ORIENTED_EDGE('',*,*,#2096,.F.);
#7954 = ORIENTED_EDGE('',*,*,#7924,.F.);
#7955 = PLANE('',#7956);
#7956 = AXIS2_PLACEMENT_3D('',#7957,#7958,#7959);
#7957 = CARTESIAN_POINT('',(54.790050506592,-37.6704006195,4.5));
#7958 = DIRECTION('',(-0.427503594945,0.904013648298,0.));
#7959 = DIRECTION('',(0.904013648298,0.427503594945,0.));
#7960 = ADVANCED_FACE('',(#7961),#7979,.T.);
#7961 = FACE_BOUND('',#7962,.T.);
#7962 = EDGE_LOOP('',(#7963,#7971,#7977,#7978));
#7963 = ORIENTED_EDGE('',*,*,#7964,.F.);
#7964 = EDGE_CURVE('',#7965,#7941,#7967,.T.);
#7965 = VERTEX_POINT('',#7966);
#7966 = CARTESIAN_POINT('',(55.027801513672,-37.53820037841,9.));
#7967 = LINE('',#7968,#7969);
#7968 = CARTESIAN_POINT('',(55.027801513672,-37.53820037841,9.));
#7969 = VECTOR('',#7970,1.);
#7970 = DIRECTION('',(-0.857544828448,-0.514409240977,0.));
#7971 = ORIENTED_EDGE('',*,*,#7972,.T.);
#7972 = EDGE_CURVE('',#7965,#2105,#7973,.T.);
#7973 = LINE('',#7974,#7975);
#7974 = CARTESIAN_POINT('',(55.027801513672,-37.53820037841,9.));
#7975 = VECTOR('',#7976,1.);
#7976 = DIRECTION('',(0.,0.,-1.));
#7977 = ORIENTED_EDGE('',*,*,#2104,.F.);
#7978 = ORIENTED_EDGE('',*,*,#7948,.T.);
#7979 = PLANE('',#7980);
#7980 = AXIS2_PLACEMENT_3D('',#7981,#7982,#7983);
#7981 = CARTESIAN_POINT('',(54.949951171875,-37.58489990234,4.5));
#7982 = DIRECTION('',(-0.514409240977,0.857544828448,0.));
#7983 = DIRECTION('',(0.857544828448,0.514409240977,0.));
#7984 = ADVANCED_FACE('',(#7985),#8003,.T.);
#7985 = FACE_BOUND('',#7986,.T.);
#7986 = EDGE_LOOP('',(#7987,#7995,#8001,#8002));
#7987 = ORIENTED_EDGE('',*,*,#7988,.F.);
#7988 = EDGE_CURVE('',#7989,#7965,#7991,.T.);
#7989 = VERTEX_POINT('',#7990);
#7990 = CARTESIAN_POINT('',(55.173599243164,-37.4300994873,9.));
#7991 = LINE('',#7992,#7993);
#7992 = CARTESIAN_POINT('',(55.173599243164,-37.4300994873,9.));
#7993 = VECTOR('',#7994,1.);
#7994 = DIRECTION('',(-0.803286806393,-0.595592399779,0.));
#7995 = ORIENTED_EDGE('',*,*,#7996,.T.);
#7996 = EDGE_CURVE('',#7989,#2113,#7997,.T.);
#7997 = LINE('',#7998,#7999);
#7998 = CARTESIAN_POINT('',(55.173599243164,-37.4300994873,9.));
#7999 = VECTOR('',#8000,1.);
#8000 = DIRECTION('',(0.,0.,-1.));
#8001 = ORIENTED_EDGE('',*,*,#2112,.F.);
#8002 = ORIENTED_EDGE('',*,*,#7972,.F.);
#8003 = PLANE('',#8004);
#8004 = AXIS2_PLACEMENT_3D('',#8005,#8006,#8007);
#8005 = CARTESIAN_POINT('',(55.100700378418,-37.48414993286,4.5));
#8006 = DIRECTION('',(-0.595592399779,0.803286806393,0.));
#8007 = DIRECTION('',(0.803286806393,0.595592399779,0.));
#8008 = ADVANCED_FACE('',(#8009),#8027,.T.);
#8009 = FACE_BOUND('',#8010,.T.);
#8010 = EDGE_LOOP('',(#8011,#8019,#8025,#8026));
#8011 = ORIENTED_EDGE('',*,*,#8012,.F.);
#8012 = EDGE_CURVE('',#8013,#7989,#8015,.T.);
#8013 = VERTEX_POINT('',#8014);
#8014 = CARTESIAN_POINT('',(55.308101654053,-37.30810165405,9.));
#8015 = LINE('',#8016,#8017);
#8016 = CARTESIAN_POINT('',(55.308101654053,-37.30810165405,9.));
#8017 = VECTOR('',#8018,1.);
#8018 = DIRECTION('',(-0.740699099224,-0.671836918015,0.));
#8019 = ORIENTED_EDGE('',*,*,#8020,.F.);
#8020 = EDGE_CURVE('',#2121,#8013,#8021,.T.);
#8021 = LINE('',#8022,#8023);
#8022 = CARTESIAN_POINT('',(55.308101654053,-37.30810165405,0.));
#8023 = VECTOR('',#8024,1.);
#8024 = DIRECTION('',(0.,0.,1.));
#8025 = ORIENTED_EDGE('',*,*,#2120,.F.);
#8026 = ORIENTED_EDGE('',*,*,#7996,.F.);
#8027 = PLANE('',#8028);
#8028 = AXIS2_PLACEMENT_3D('',#8029,#8030,#8031);
#8029 = CARTESIAN_POINT('',(55.240850448608,-37.36910057067,4.5));
#8030 = DIRECTION('',(-0.671836918015,0.740699099224,0.));
#8031 = DIRECTION('',(0.740699099224,0.671836918015,0.));
#8032 = ADVANCED_FACE('',(#8033),#8051,.T.);
#8033 = FACE_BOUND('',#8034,.T.);
#8034 = EDGE_LOOP('',(#8035,#8043,#8044,#8045));
#8035 = ORIENTED_EDGE('',*,*,#8036,.T.);
#8036 = EDGE_CURVE('',#8037,#2129,#8039,.T.);
#8037 = VERTEX_POINT('',#8038);
#8038 = CARTESIAN_POINT('',(55.430099487305,-37.17359924316,9.));
#8039 = LINE('',#8040,#8041);
#8040 = CARTESIAN_POINT('',(55.430099487305,-37.17359924316,9.));
#8041 = VECTOR('',#8042,1.);
#8042 = DIRECTION('',(0.,0.,-1.));
#8043 = ORIENTED_EDGE('',*,*,#2128,.F.);
#8044 = ORIENTED_EDGE('',*,*,#8020,.T.);
#8045 = ORIENTED_EDGE('',*,*,#8046,.F.);
#8046 = EDGE_CURVE('',#8037,#8013,#8047,.T.);
#8047 = LINE('',#8048,#8049);
#8048 = CARTESIAN_POINT('',(55.430099487305,-37.17359924316,9.));
#8049 = VECTOR('',#8050,1.);
#8050 = DIRECTION('',(-0.671836918015,-0.740699099224,0.));
#8051 = PLANE('',#8052);
#8052 = AXIS2_PLACEMENT_3D('',#8053,#8054,#8055);
#8053 = CARTESIAN_POINT('',(55.369100570679,-37.2408504486,4.5));
#8054 = DIRECTION('',(-0.740699099224,0.671836918015,0.));
#8055 = DIRECTION('',(-0.671836918015,-0.740699099224,0.));
#8056 = ADVANCED_FACE('',(#8057),#8075,.T.);
#8057 = FACE_BOUND('',#8058,.T.);
#8058 = EDGE_LOOP('',(#8059,#8067,#8068,#8069));
#8059 = ORIENTED_EDGE('',*,*,#8060,.F.);
#8060 = EDGE_CURVE('',#2137,#8061,#8063,.T.);
#8061 = VERTEX_POINT('',#8062);
#8062 = CARTESIAN_POINT('',(55.538200378418,-37.02780151367,9.));
#8063 = LINE('',#8064,#8065);
#8064 = CARTESIAN_POINT('',(55.538200378418,-37.02780151367,0.));
#8065 = VECTOR('',#8066,1.);
#8066 = DIRECTION('',(0.,0.,1.));
#8067 = ORIENTED_EDGE('',*,*,#2136,.F.);
#8068 = ORIENTED_EDGE('',*,*,#8036,.F.);
#8069 = ORIENTED_EDGE('',*,*,#8070,.F.);
#8070 = EDGE_CURVE('',#8061,#8037,#8071,.T.);
#8071 = LINE('',#8072,#8073);
#8072 = CARTESIAN_POINT('',(55.538200378418,-37.02780151367,9.));
#8073 = VECTOR('',#8074,1.);
#8074 = DIRECTION('',(-0.595592399779,-0.803286806393,0.));
#8075 = PLANE('',#8076);
#8076 = AXIS2_PLACEMENT_3D('',#8077,#8078,#8079);
#8077 = CARTESIAN_POINT('',(55.484149932861,-37.10070037841,4.5));
#8078 = DIRECTION('',(-0.803286806393,0.595592399779,0.));
#8079 = DIRECTION('',(-0.595592399779,-0.803286806393,0.));
#8080 = ADVANCED_FACE('',(#8081),#8099,.T.);
#8081 = FACE_BOUND('',#8082,.T.);
#8082 = EDGE_LOOP('',(#8083,#8091,#8092,#8093));
#8083 = ORIENTED_EDGE('',*,*,#8084,.T.);
#8084 = EDGE_CURVE('',#8085,#2145,#8087,.T.);
#8085 = VERTEX_POINT('',#8086);
#8086 = CARTESIAN_POINT('',(55.63159942627,-36.87210083007,9.));
#8087 = LINE('',#8088,#8089);
#8088 = CARTESIAN_POINT('',(55.63159942627,-36.87210083007,9.));
#8089 = VECTOR('',#8090,1.);
#8090 = DIRECTION('',(0.,0.,-1.));
#8091 = ORIENTED_EDGE('',*,*,#2144,.F.);
#8092 = ORIENTED_EDGE('',*,*,#8060,.T.);
#8093 = ORIENTED_EDGE('',*,*,#8094,.F.);
#8094 = EDGE_CURVE('',#8085,#8061,#8095,.T.);
#8095 = LINE('',#8096,#8097);
#8096 = CARTESIAN_POINT('',(55.63159942627,-36.87210083007,9.));
#8097 = VECTOR('',#8098,1.);
#8098 = DIRECTION('',(-0.514409240977,-0.857544828448,0.));
#8099 = PLANE('',#8100);
#8100 = AXIS2_PLACEMENT_3D('',#8101,#8102,#8103);
#8101 = CARTESIAN_POINT('',(55.584899902344,-36.94995117187,4.5));
#8102 = DIRECTION('',(-0.857544828448,0.514409240977,0.));
#8103 = DIRECTION('',(-0.514409240977,-0.857544828448,0.));
#8104 = ADVANCED_FACE('',(#8105),#8123,.T.);
#8105 = FACE_BOUND('',#8106,.T.);
#8106 = EDGE_LOOP('',(#8107,#8115,#8116,#8117));
#8107 = ORIENTED_EDGE('',*,*,#8108,.F.);
#8108 = EDGE_CURVE('',#2153,#8109,#8111,.T.);
#8109 = VERTEX_POINT('',#8110);
#8110 = CARTESIAN_POINT('',(55.709201812744,-36.7080001831,9.));
#8111 = LINE('',#8112,#8113);
#8112 = CARTESIAN_POINT('',(55.709201812744,-36.7080001831,0.));
#8113 = VECTOR('',#8114,1.);
#8114 = DIRECTION('',(0.,0.,1.));
#8115 = ORIENTED_EDGE('',*,*,#2152,.F.);
#8116 = ORIENTED_EDGE('',*,*,#8084,.F.);
#8117 = ORIENTED_EDGE('',*,*,#8118,.F.);
#8118 = EDGE_CURVE('',#8109,#8085,#8119,.T.);
#8119 = LINE('',#8120,#8121);
#8120 = CARTESIAN_POINT('',(55.709201812744,-36.7080001831,9.));
#8121 = VECTOR('',#8122,1.);
#8122 = DIRECTION('',(-0.427503594945,-0.904013648298,0.));
#8123 = PLANE('',#8124);
#8124 = AXIS2_PLACEMENT_3D('',#8125,#8126,#8127);
#8125 = CARTESIAN_POINT('',(55.670400619507,-36.79005050659,4.5));
#8126 = DIRECTION('',(-0.904013648298,0.427503594945,0.));
#8127 = DIRECTION('',(-0.427503594945,-0.904013648298,0.));
#8128 = ADVANCED_FACE('',(#8129),#8147,.T.);
#8129 = FACE_BOUND('',#8130,.T.);
#8130 = EDGE_LOOP('',(#8131,#8139,#8140,#8141));
#8131 = ORIENTED_EDGE('',*,*,#8132,.T.);
#8132 = EDGE_CURVE('',#8133,#2161,#8135,.T.);
#8133 = VERTEX_POINT('',#8134);
#8134 = CARTESIAN_POINT('',(55.770301818848,-36.53699874877,9.));
#8135 = LINE('',#8136,#8137);
#8136 = CARTESIAN_POINT('',(55.770301818848,-36.53699874877,9.));
#8137 = VECTOR('',#8138,1.);
#8138 = DIRECTION('',(0.,0.,-1.));
#8139 = ORIENTED_EDGE('',*,*,#2160,.F.);
#8140 = ORIENTED_EDGE('',*,*,#8108,.T.);
#8141 = ORIENTED_EDGE('',*,*,#8142,.F.);
#8142 = EDGE_CURVE('',#8133,#8109,#8143,.T.);
#8143 = LINE('',#8144,#8145);
#8144 = CARTESIAN_POINT('',(55.770301818848,-36.53699874877,9.));
#8145 = VECTOR('',#8146,1.);
#8146 = DIRECTION('',(-0.336473463504,-0.941692948024,0.));
#8147 = PLANE('',#8148);
#8148 = AXIS2_PLACEMENT_3D('',#8149,#8150,#8151);
#8149 = CARTESIAN_POINT('',(55.739751815796,-36.62249946594,4.5));
#8150 = DIRECTION('',(-0.941692948024,0.336473463504,0.));
#8151 = DIRECTION('',(-0.336473463504,-0.941692948024,0.));
#8152 = ADVANCED_FACE('',(#8153),#8171,.T.);
#8153 = FACE_BOUND('',#8154,.T.);
#8154 = EDGE_LOOP('',(#8155,#8163,#8164,#8165));
#8155 = ORIENTED_EDGE('',*,*,#8156,.F.);
#8156 = EDGE_CURVE('',#2169,#8157,#8159,.T.);
#8157 = VERTEX_POINT('',#8158);
#8158 = CARTESIAN_POINT('',(55.814498901367,-36.3609008789,9.));
#8159 = LINE('',#8160,#8161);
#8160 = CARTESIAN_POINT('',(55.814498901367,-36.3609008789,0.));
#8161 = VECTOR('',#8162,1.);
#8162 = DIRECTION('',(0.,0.,1.));
#8163 = ORIENTED_EDGE('',*,*,#2168,.F.);
#8164 = ORIENTED_EDGE('',*,*,#8132,.F.);
#8165 = ORIENTED_EDGE('',*,*,#8166,.F.);
#8166 = EDGE_CURVE('',#8157,#8133,#8167,.T.);
#8167 = LINE('',#8168,#8169);
#8168 = CARTESIAN_POINT('',(55.814498901367,-36.3609008789,9.));
#8169 = VECTOR('',#8170,1.);
#8170 = DIRECTION('',(-0.243430331835,-0.969918384991,0.));
#8171 = PLANE('',#8172);
#8172 = AXIS2_PLACEMENT_3D('',#8173,#8174,#8175);
#8173 = CARTESIAN_POINT('',(55.792400360107,-36.44894981384,4.5));
#8174 = DIRECTION('',(-0.969918384991,0.243430331835,0.));
#8175 = DIRECTION('',(-0.243430331835,-0.969918384991,0.));
#8176 = ADVANCED_FACE('',(#8177),#8195,.T.);
#8177 = FACE_BOUND('',#8178,.T.);
#8178 = EDGE_LOOP('',(#8179,#8187,#8188,#8189));
#8179 = ORIENTED_EDGE('',*,*,#8180,.F.);
#8180 = EDGE_CURVE('',#2177,#8181,#8183,.T.);
#8181 = VERTEX_POINT('',#8182);
#8182 = CARTESIAN_POINT('',(55.8410987854,-36.18130111694,9.));
#8183 = LINE('',#8184,#8185);
#8184 = CARTESIAN_POINT('',(55.8410987854,-36.18130111694,0.));
#8185 = VECTOR('',#8186,1.);
#8186 = DIRECTION('',(0.,0.,1.));
#8187 = ORIENTED_EDGE('',*,*,#2176,.F.);
#8188 = ORIENTED_EDGE('',*,*,#8156,.T.);
#8189 = ORIENTED_EDGE('',*,*,#8190,.F.);
#8190 = EDGE_CURVE('',#8181,#8157,#8191,.T.);
#8191 = LINE('',#8192,#8193);
#8192 = CARTESIAN_POINT('',(55.8410987854,-36.18130111694,9.));
#8193 = VECTOR('',#8194,1.);
#8194 = DIRECTION('',(-0.146508303311,-0.989209440443,0.));
#8195 = PLANE('',#8196);
#8196 = AXIS2_PLACEMENT_3D('',#8197,#8198,#8199);
#8197 = CARTESIAN_POINT('',(55.827798843384,-36.27110099792,4.5));
#8198 = DIRECTION('',(-0.989209440443,0.146508303311,0.));
#8199 = DIRECTION('',(-0.146508303311,-0.989209440443,0.));
#8200 = ADVANCED_FACE('',(#8201),#8219,.T.);
#8201 = FACE_BOUND('',#8202,.T.);
#8202 = EDGE_LOOP('',(#8203,#8211,#8212,#8213));
#8203 = ORIENTED_EDGE('',*,*,#8204,.F.);
#8204 = EDGE_CURVE('',#2185,#8205,#8207,.T.);
#8205 = VERTEX_POINT('',#8206);
#8206 = CARTESIAN_POINT('',(55.849998474121,-36.,9.));
#8207 = LINE('',#8208,#8209);
#8208 = CARTESIAN_POINT('',(55.849998474121,-36.,0.));
#8209 = VECTOR('',#8210,1.);
#8210 = DIRECTION('',(0.,0.,1.));
#8211 = ORIENTED_EDGE('',*,*,#2184,.F.);
#8212 = ORIENTED_EDGE('',*,*,#8180,.T.);
#8213 = ORIENTED_EDGE('',*,*,#8214,.F.);
#8214 = EDGE_CURVE('',#8205,#8181,#8215,.T.);
#8215 = LINE('',#8216,#8217);
#8216 = CARTESIAN_POINT('',(55.849998474121,-36.,9.));
#8217 = VECTOR('',#8218,1.);
#8218 = DIRECTION('',(-4.90288519601E-02,-0.998797362669,0.));
#8219 = PLANE('',#8220);
#8220 = AXIS2_PLACEMENT_3D('',#8221,#8222,#8223);
#8221 = CARTESIAN_POINT('',(55.845548629761,-36.09065055847,4.5));
#8222 = DIRECTION('',(-0.998797362669,4.90288519601E-02,0.));
#8223 = DIRECTION('',(-4.90288519601E-02,-0.998797362669,0.));
#8224 = ADVANCED_FACE('',(#8225),#8243,.T.);
#8225 = FACE_BOUND('',#8226,.T.);
#8226 = EDGE_LOOP('',(#8227,#8235,#8236,#8237));
#8227 = ORIENTED_EDGE('',*,*,#8228,.F.);
#8228 = EDGE_CURVE('',#2193,#8229,#8231,.T.);
#8229 = VERTEX_POINT('',#8230);
#8230 = CARTESIAN_POINT('',(55.8410987854,-35.81869888305,9.));
#8231 = LINE('',#8232,#8233);
#8232 = CARTESIAN_POINT('',(55.8410987854,-35.81869888305,0.));
#8233 = VECTOR('',#8234,1.);
#8234 = DIRECTION('',(0.,0.,1.));
#8235 = ORIENTED_EDGE('',*,*,#2192,.F.);
#8236 = ORIENTED_EDGE('',*,*,#8204,.T.);
#8237 = ORIENTED_EDGE('',*,*,#8238,.F.);
#8238 = EDGE_CURVE('',#8229,#8205,#8239,.T.);
#8239 = LINE('',#8240,#8241);
#8240 = CARTESIAN_POINT('',(55.8410987854,-35.81869888305,9.));
#8241 = VECTOR('',#8242,1.);
#8242 = DIRECTION('',(4.90288519601E-02,-0.998797362669,0.));
#8243 = PLANE('',#8244);
#8244 = AXIS2_PLACEMENT_3D('',#8245,#8246,#8247);
#8245 = CARTESIAN_POINT('',(55.845548629761,-35.90934944152,4.5));
#8246 = DIRECTION('',(-0.998797362669,-4.90288519601E-02,-0.));
#8247 = DIRECTION('',(4.90288519601E-02,-0.998797362669,0.));
#8248 = ADVANCED_FACE('',(#8249),#8267,.T.);
#8249 = FACE_BOUND('',#8250,.T.);
#8250 = EDGE_LOOP('',(#8251,#8259,#8260,#8261));
#8251 = ORIENTED_EDGE('',*,*,#8252,.T.);
#8252 = EDGE_CURVE('',#8253,#2201,#8255,.T.);
#8253 = VERTEX_POINT('',#8254);
#8254 = CARTESIAN_POINT('',(55.814498901367,-35.63909912109,9.));
#8255 = LINE('',#8256,#8257);
#8256 = CARTESIAN_POINT('',(55.814498901367,-35.63909912109,9.));
#8257 = VECTOR('',#8258,1.);
#8258 = DIRECTION('',(0.,0.,-1.));
#8259 = ORIENTED_EDGE('',*,*,#2200,.F.);
#8260 = ORIENTED_EDGE('',*,*,#8228,.T.);
#8261 = ORIENTED_EDGE('',*,*,#8262,.F.);
#8262 = EDGE_CURVE('',#8253,#8229,#8263,.T.);
#8263 = LINE('',#8264,#8265);
#8264 = CARTESIAN_POINT('',(55.814498901367,-35.63909912109,9.));
#8265 = VECTOR('',#8266,1.);
#8266 = DIRECTION('',(0.146508303311,-0.989209440443,0.));
#8267 = PLANE('',#8268);
#8268 = AXIS2_PLACEMENT_3D('',#8269,#8270,#8271);
#8269 = CARTESIAN_POINT('',(55.827798843384,-35.72889900207,4.5));
#8270 = DIRECTION('',(-0.989209440443,-0.146508303311,-0.));
#8271 = DIRECTION('',(0.146508303311,-0.989209440443,0.));
#8272 = ADVANCED_FACE('',(#8273),#8291,.T.);
#8273 = FACE_BOUND('',#8274,.T.);
#8274 = EDGE_LOOP('',(#8275,#8283,#8284,#8285));
#8275 = ORIENTED_EDGE('',*,*,#8276,.T.);
#8276 = EDGE_CURVE('',#8277,#2209,#8279,.T.);
#8277 = VERTEX_POINT('',#8278);
#8278 = CARTESIAN_POINT('',(55.770301818848,-35.46300125122,9.));
#8279 = LINE('',#8280,#8281);
#8280 = CARTESIAN_POINT('',(55.770301818848,-35.46300125122,9.));
#8281 = VECTOR('',#8282,1.);
#8282 = DIRECTION('',(0.,0.,-1.));
#8283 = ORIENTED_EDGE('',*,*,#2208,.F.);
#8284 = ORIENTED_EDGE('',*,*,#8252,.F.);
#8285 = ORIENTED_EDGE('',*,*,#8286,.F.);
#8286 = EDGE_CURVE('',#8277,#8253,#8287,.T.);
#8287 = LINE('',#8288,#8289);
#8288 = CARTESIAN_POINT('',(55.770301818848,-35.46300125122,9.));
#8289 = VECTOR('',#8290,1.);
#8290 = DIRECTION('',(0.243430331835,-0.969918384991,0.));
#8291 = PLANE('',#8292);
#8292 = AXIS2_PLACEMENT_3D('',#8293,#8294,#8295);
#8293 = CARTESIAN_POINT('',(55.792400360107,-35.55105018615,4.5));
#8294 = DIRECTION('',(-0.969918384991,-0.243430331835,-0.));
#8295 = DIRECTION('',(0.243430331835,-0.969918384991,0.));
#8296 = ADVANCED_FACE('',(#8297),#8315,.T.);
#8297 = FACE_BOUND('',#8298,.T.);
#8298 = EDGE_LOOP('',(#8299,#8307,#8308,#8309));
#8299 = ORIENTED_EDGE('',*,*,#8300,.T.);
#8300 = EDGE_CURVE('',#8301,#2217,#8303,.T.);
#8301 = VERTEX_POINT('',#8302);
#8302 = CARTESIAN_POINT('',(55.709201812744,-35.29199981689,9.));
#8303 = LINE('',#8304,#8305);
#8304 = CARTESIAN_POINT('',(55.709201812744,-35.29199981689,9.));
#8305 = VECTOR('',#8306,1.);
#8306 = DIRECTION('',(0.,0.,-1.));
#8307 = ORIENTED_EDGE('',*,*,#2216,.F.);
#8308 = ORIENTED_EDGE('',*,*,#8276,.F.);
#8309 = ORIENTED_EDGE('',*,*,#8310,.F.);
#8310 = EDGE_CURVE('',#8301,#8277,#8311,.T.);
#8311 = LINE('',#8312,#8313);
#8312 = CARTESIAN_POINT('',(55.709201812744,-35.29199981689,9.));
#8313 = VECTOR('',#8314,1.);
#8314 = DIRECTION('',(0.336473463504,-0.941692948024,0.));
#8315 = PLANE('',#8316);
#8316 = AXIS2_PLACEMENT_3D('',#8317,#8318,#8319);
#8317 = CARTESIAN_POINT('',(55.739751815796,-35.37750053405,4.5));
#8318 = DIRECTION('',(-0.941692948024,-0.336473463504,-0.));
#8319 = DIRECTION('',(0.336473463504,-0.941692948024,0.));
#8320 = ADVANCED_FACE('',(#8321),#8339,.T.);
#8321 = FACE_BOUND('',#8322,.T.);
#8322 = EDGE_LOOP('',(#8323,#8331,#8332,#8333));
#8323 = ORIENTED_EDGE('',*,*,#8324,.T.);
#8324 = EDGE_CURVE('',#8325,#2225,#8327,.T.);
#8325 = VERTEX_POINT('',#8326);
#8326 = CARTESIAN_POINT('',(55.63159942627,-35.12789916992,9.));
#8327 = LINE('',#8328,#8329);
#8328 = CARTESIAN_POINT('',(55.63159942627,-35.12789916992,9.));
#8329 = VECTOR('',#8330,1.);
#8330 = DIRECTION('',(0.,0.,-1.));
#8331 = ORIENTED_EDGE('',*,*,#2224,.F.);
#8332 = ORIENTED_EDGE('',*,*,#8300,.F.);
#8333 = ORIENTED_EDGE('',*,*,#8334,.F.);
#8334 = EDGE_CURVE('',#8325,#8301,#8335,.T.);
#8335 = LINE('',#8336,#8337);
#8336 = CARTESIAN_POINT('',(55.63159942627,-35.12789916992,9.));
#8337 = VECTOR('',#8338,1.);
#8338 = DIRECTION('',(0.427503594945,-0.904013648298,0.));
#8339 = PLANE('',#8340);
#8340 = AXIS2_PLACEMENT_3D('',#8341,#8342,#8343);
#8341 = CARTESIAN_POINT('',(55.670400619507,-35.2099494934,4.5));
#8342 = DIRECTION('',(-0.904013648298,-0.427503594945,-0.));
#8343 = DIRECTION('',(0.427503594945,-0.904013648298,0.));
#8344 = ADVANCED_FACE('',(#8345),#8363,.T.);
#8345 = FACE_BOUND('',#8346,.T.);
#8346 = EDGE_LOOP('',(#8347,#8355,#8356,#8357));
#8347 = ORIENTED_EDGE('',*,*,#8348,.F.);
#8348 = EDGE_CURVE('',#2233,#8349,#8351,.T.);
#8349 = VERTEX_POINT('',#8350);
#8350 = CARTESIAN_POINT('',(55.538200378418,-34.97219848632,9.));
#8351 = LINE('',#8352,#8353);
#8352 = CARTESIAN_POINT('',(55.538200378418,-34.97219848632,0.));
#8353 = VECTOR('',#8354,1.);
#8354 = DIRECTION('',(0.,0.,1.));
#8355 = ORIENTED_EDGE('',*,*,#2232,.F.);
#8356 = ORIENTED_EDGE('',*,*,#8324,.F.);
#8357 = ORIENTED_EDGE('',*,*,#8358,.F.);
#8358 = EDGE_CURVE('',#8349,#8325,#8359,.T.);
#8359 = LINE('',#8360,#8361);
#8360 = CARTESIAN_POINT('',(55.538200378418,-34.97219848632,9.));
#8361 = VECTOR('',#8362,1.);
#8362 = DIRECTION('',(0.514409240977,-0.857544828448,0.));
#8363 = PLANE('',#8364);
#8364 = AXIS2_PLACEMENT_3D('',#8365,#8366,#8367);
#8365 = CARTESIAN_POINT('',(55.584899902344,-35.05004882812,4.5));
#8366 = DIRECTION('',(-0.857544828448,-0.514409240977,-0.));
#8367 = DIRECTION('',(0.514409240977,-0.857544828448,0.));
#8368 = ADVANCED_FACE('',(#8369),#8387,.T.);
#8369 = FACE_BOUND('',#8370,.T.);
#8370 = EDGE_LOOP('',(#8371,#8379,#8380,#8381));
#8371 = ORIENTED_EDGE('',*,*,#8372,.F.);
#8372 = EDGE_CURVE('',#2241,#8373,#8375,.T.);
#8373 = VERTEX_POINT('',#8374);
#8374 = CARTESIAN_POINT('',(55.430099487305,-34.82640075683,9.));
#8375 = LINE('',#8376,#8377);
#8376 = CARTESIAN_POINT('',(55.430099487305,-34.82640075683,0.));
#8377 = VECTOR('',#8378,1.);
#8378 = DIRECTION('',(0.,0.,1.));
#8379 = ORIENTED_EDGE('',*,*,#2240,.F.);
#8380 = ORIENTED_EDGE('',*,*,#8348,.T.);
#8381 = ORIENTED_EDGE('',*,*,#8382,.F.);
#8382 = EDGE_CURVE('',#8373,#8349,#8383,.T.);
#8383 = LINE('',#8384,#8385);
#8384 = CARTESIAN_POINT('',(55.430099487305,-34.82640075683,9.));
#8385 = VECTOR('',#8386,1.);
#8386 = DIRECTION('',(0.595592399779,-0.803286806393,0.));
#8387 = PLANE('',#8388);
#8388 = AXIS2_PLACEMENT_3D('',#8389,#8390,#8391);
#8389 = CARTESIAN_POINT('',(55.484149932861,-34.89929962158,4.5));
#8390 = DIRECTION('',(-0.803286806393,-0.595592399779,-0.));
#8391 = DIRECTION('',(0.595592399779,-0.803286806393,0.));
#8392 = ADVANCED_FACE('',(#8393),#8411,.T.);
#8393 = FACE_BOUND('',#8394,.T.);
#8394 = EDGE_LOOP('',(#8395,#8403,#8404,#8405));
#8395 = ORIENTED_EDGE('',*,*,#8396,.T.);
#8396 = EDGE_CURVE('',#8397,#2249,#8399,.T.);
#8397 = VERTEX_POINT('',#8398);
#8398 = CARTESIAN_POINT('',(55.308101654053,-34.69189834594,9.));
#8399 = LINE('',#8400,#8401);
#8400 = CARTESIAN_POINT('',(55.308101654053,-34.69189834594,9.));
#8401 = VECTOR('',#8402,1.);
#8402 = DIRECTION('',(0.,0.,-1.));
#8403 = ORIENTED_EDGE('',*,*,#2248,.F.);
#8404 = ORIENTED_EDGE('',*,*,#8372,.T.);
#8405 = ORIENTED_EDGE('',*,*,#8406,.F.);
#8406 = EDGE_CURVE('',#8397,#8373,#8407,.T.);
#8407 = LINE('',#8408,#8409);
#8408 = CARTESIAN_POINT('',(55.308101654053,-34.69189834594,9.));
#8409 = VECTOR('',#8410,1.);
#8410 = DIRECTION('',(0.671836918015,-0.740699099224,0.));
#8411 = PLANE('',#8412);
#8412 = AXIS2_PLACEMENT_3D('',#8413,#8414,#8415);
#8413 = CARTESIAN_POINT('',(55.369100570679,-34.75914955139,4.5));
#8414 = DIRECTION('',(-0.740699099224,-0.671836918015,-0.));
#8415 = DIRECTION('',(0.671836918015,-0.740699099224,0.));
#8416 = ADVANCED_FACE('',(#8417),#8435,.T.);
#8417 = FACE_BOUND('',#8418,.T.);
#8418 = EDGE_LOOP('',(#8419,#8427,#8433,#8434));
#8419 = ORIENTED_EDGE('',*,*,#8420,.F.);
#8420 = EDGE_CURVE('',#8421,#8397,#8423,.T.);
#8421 = VERTEX_POINT('',#8422);
#8422 = CARTESIAN_POINT('',(55.173599243164,-34.56990051269,9.));
#8423 = LINE('',#8424,#8425);
#8424 = CARTESIAN_POINT('',(55.173599243164,-34.56990051269,9.));
#8425 = VECTOR('',#8426,1.);
#8426 = DIRECTION('',(0.740699099224,-0.671836918015,0.));
#8427 = ORIENTED_EDGE('',*,*,#8428,.F.);
#8428 = EDGE_CURVE('',#2257,#8421,#8429,.T.);
#8429 = LINE('',#8430,#8431);
#8430 = CARTESIAN_POINT('',(55.173599243164,-34.56990051269,0.));
#8431 = VECTOR('',#8432,1.);
#8432 = DIRECTION('',(0.,0.,1.));
#8433 = ORIENTED_EDGE('',*,*,#2256,.F.);
#8434 = ORIENTED_EDGE('',*,*,#8396,.F.);
#8435 = PLANE('',#8436);
#8436 = AXIS2_PLACEMENT_3D('',#8437,#8438,#8439);
#8437 = CARTESIAN_POINT('',(55.240850448608,-34.63089942932,4.5));
#8438 = DIRECTION('',(-0.671836918015,-0.740699099224,-0.));
#8439 = DIRECTION('',(-0.740699099224,0.671836918015,0.));
#8440 = ADVANCED_FACE('',(#8441),#8459,.T.);
#8441 = FACE_BOUND('',#8442,.T.);
#8442 = EDGE_LOOP('',(#8443,#8451,#8457,#8458));
#8443 = ORIENTED_EDGE('',*,*,#8444,.F.);
#8444 = EDGE_CURVE('',#8445,#8421,#8447,.T.);
#8445 = VERTEX_POINT('',#8446);
#8446 = CARTESIAN_POINT('',(55.027801513672,-34.46179962158,9.));
#8447 = LINE('',#8448,#8449);
#8448 = CARTESIAN_POINT('',(55.027801513672,-34.46179962158,9.));
#8449 = VECTOR('',#8450,1.);
#8450 = DIRECTION('',(0.803286806393,-0.595592399779,0.));
#8451 = ORIENTED_EDGE('',*,*,#8452,.T.);
#8452 = EDGE_CURVE('',#8445,#2265,#8453,.T.);
#8453 = LINE('',#8454,#8455);
#8454 = CARTESIAN_POINT('',(55.027801513672,-34.46179962158,9.));
#8455 = VECTOR('',#8456,1.);
#8456 = DIRECTION('',(0.,0.,-1.));
#8457 = ORIENTED_EDGE('',*,*,#2264,.F.);
#8458 = ORIENTED_EDGE('',*,*,#8428,.T.);
#8459 = PLANE('',#8460);
#8460 = AXIS2_PLACEMENT_3D('',#8461,#8462,#8463);
#8461 = CARTESIAN_POINT('',(55.100700378418,-34.51585006713,4.5));
#8462 = DIRECTION('',(-0.595592399779,-0.803286806393,-0.));
#8463 = DIRECTION('',(-0.803286806393,0.595592399779,0.));
#8464 = ADVANCED_FACE('',(#8465),#8483,.T.);
#8465 = FACE_BOUND('',#8466,.T.);
#8466 = EDGE_LOOP('',(#8467,#8475,#8481,#8482));
#8467 = ORIENTED_EDGE('',*,*,#8468,.F.);
#8468 = EDGE_CURVE('',#8469,#8445,#8471,.T.);
#8469 = VERTEX_POINT('',#8470);
#8470 = CARTESIAN_POINT('',(54.872100830078,-34.36840057373,9.));
#8471 = LINE('',#8472,#8473);
#8472 = CARTESIAN_POINT('',(54.872100830078,-34.36840057373,9.));
#8473 = VECTOR('',#8474,1.);
#8474 = DIRECTION('',(0.857544828448,-0.514409240977,0.));
#8475 = ORIENTED_EDGE('',*,*,#8476,.T.);
#8476 = EDGE_CURVE('',#8469,#2273,#8477,.T.);
#8477 = LINE('',#8478,#8479);
#8478 = CARTESIAN_POINT('',(54.872100830078,-34.36840057373,9.));
#8479 = VECTOR('',#8480,1.);
#8480 = DIRECTION('',(0.,0.,-1.));
#8481 = ORIENTED_EDGE('',*,*,#2272,.F.);
#8482 = ORIENTED_EDGE('',*,*,#8452,.F.);
#8483 = PLANE('',#8484);
#8484 = AXIS2_PLACEMENT_3D('',#8485,#8486,#8487);
#8485 = CARTESIAN_POINT('',(54.949951171875,-34.41510009765,4.5));
#8486 = DIRECTION('',(-0.514409240977,-0.857544828448,-0.));
#8487 = DIRECTION('',(-0.857544828448,0.514409240977,0.));
#8488 = ADVANCED_FACE('',(#8489),#8507,.T.);
#8489 = FACE_BOUND('',#8490,.T.);
#8490 = EDGE_LOOP('',(#8491,#8499,#8505,#8506));
#8491 = ORIENTED_EDGE('',*,*,#8492,.F.);
#8492 = EDGE_CURVE('',#8493,#8469,#8495,.T.);
#8493 = VERTEX_POINT('',#8494);
#8494 = CARTESIAN_POINT('',(54.708000183105,-34.29079818725,9.));
#8495 = LINE('',#8496,#8497);
#8496 = CARTESIAN_POINT('',(54.708000183105,-34.29079818725,9.));
#8497 = VECTOR('',#8498,1.);
#8498 = DIRECTION('',(0.904013648298,-0.427503594945,0.));
#8499 = ORIENTED_EDGE('',*,*,#8500,.F.);
#8500 = EDGE_CURVE('',#2281,#8493,#8501,.T.);
#8501 = LINE('',#8502,#8503);
#8502 = CARTESIAN_POINT('',(54.708000183105,-34.29079818725,0.));
#8503 = VECTOR('',#8504,1.);
#8504 = DIRECTION('',(0.,0.,1.));
#8505 = ORIENTED_EDGE('',*,*,#2280,.F.);
#8506 = ORIENTED_EDGE('',*,*,#8476,.F.);
#8507 = PLANE('',#8508);
#8508 = AXIS2_PLACEMENT_3D('',#8509,#8510,#8511);
#8509 = CARTESIAN_POINT('',(54.790050506592,-34.32959938049,4.5));
#8510 = DIRECTION('',(-0.427503594945,-0.904013648298,-0.));
#8511 = DIRECTION('',(-0.904013648298,0.427503594945,0.));
#8512 = ADVANCED_FACE('',(#8513),#8531,.T.);
#8513 = FACE_BOUND('',#8514,.T.);
#8514 = EDGE_LOOP('',(#8515,#8523,#8529,#8530));
#8515 = ORIENTED_EDGE('',*,*,#8516,.F.);
#8516 = EDGE_CURVE('',#8517,#8493,#8519,.T.);
#8517 = VERTEX_POINT('',#8518);
#8518 = CARTESIAN_POINT('',(54.536998748779,-34.22969818115,9.));
#8519 = LINE('',#8520,#8521);
#8520 = CARTESIAN_POINT('',(54.536998748779,-34.22969818115,9.));
#8521 = VECTOR('',#8522,1.);
#8522 = DIRECTION('',(0.941692948024,-0.336473463504,0.));
#8523 = ORIENTED_EDGE('',*,*,#8524,.T.);
#8524 = EDGE_CURVE('',#8517,#2289,#8525,.T.);
#8525 = LINE('',#8526,#8527);
#8526 = CARTESIAN_POINT('',(54.536998748779,-34.22969818115,9.));
#8527 = VECTOR('',#8528,1.);
#8528 = DIRECTION('',(0.,0.,-1.));
#8529 = ORIENTED_EDGE('',*,*,#2288,.F.);
#8530 = ORIENTED_EDGE('',*,*,#8500,.T.);
#8531 = PLANE('',#8532);
#8532 = AXIS2_PLACEMENT_3D('',#8533,#8534,#8535);
#8533 = CARTESIAN_POINT('',(54.622499465942,-34.2602481842,4.5));
#8534 = DIRECTION('',(-0.336473463504,-0.941692948024,-0.));
#8535 = DIRECTION('',(-0.941692948024,0.336473463504,0.));
#8536 = ADVANCED_FACE('',(#8537),#8555,.T.);
#8537 = FACE_BOUND('',#8538,.T.);
#8538 = EDGE_LOOP('',(#8539,#8547,#8553,#8554));
#8539 = ORIENTED_EDGE('',*,*,#8540,.F.);
#8540 = EDGE_CURVE('',#8541,#8517,#8543,.T.);
#8541 = VERTEX_POINT('',#8542);
#8542 = CARTESIAN_POINT('',(54.360900878906,-34.18550109863,9.));
#8543 = LINE('',#8544,#8545);
#8544 = CARTESIAN_POINT('',(54.360900878906,-34.18550109863,9.));
#8545 = VECTOR('',#8546,1.);
#8546 = DIRECTION('',(0.969918384991,-0.243430331835,0.));
#8547 = ORIENTED_EDGE('',*,*,#8548,.T.);
#8548 = EDGE_CURVE('',#8541,#2297,#8549,.T.);
#8549 = LINE('',#8550,#8551);
#8550 = CARTESIAN_POINT('',(54.360900878906,-34.18550109863,9.));
#8551 = VECTOR('',#8552,1.);
#8552 = DIRECTION('',(0.,0.,-1.));
#8553 = ORIENTED_EDGE('',*,*,#2296,.F.);
#8554 = ORIENTED_EDGE('',*,*,#8524,.F.);
#8555 = PLANE('',#8556);
#8556 = AXIS2_PLACEMENT_3D('',#8557,#8558,#8559);
#8557 = CARTESIAN_POINT('',(54.448949813843,-34.20759963989,4.5));
#8558 = DIRECTION('',(-0.243430331835,-0.969918384991,-0.));
#8559 = DIRECTION('',(-0.969918384991,0.243430331835,0.));
#8560 = ADVANCED_FACE('',(#8561),#8579,.T.);
#8561 = FACE_BOUND('',#8562,.T.);
#8562 = EDGE_LOOP('',(#8563,#8571,#8577,#8578));
#8563 = ORIENTED_EDGE('',*,*,#8564,.F.);
#8564 = EDGE_CURVE('',#8565,#8541,#8567,.T.);
#8565 = VERTEX_POINT('',#8566);
#8566 = CARTESIAN_POINT('',(54.181301116943,-34.1589012146,9.));
#8567 = LINE('',#8568,#8569);
#8568 = CARTESIAN_POINT('',(54.181301116943,-34.1589012146,9.));
#8569 = VECTOR('',#8570,1.);
#8570 = DIRECTION('',(0.989209440443,-0.146508303311,0.));
#8571 = ORIENTED_EDGE('',*,*,#8572,.F.);
#8572 = EDGE_CURVE('',#2305,#8565,#8573,.T.);
#8573 = LINE('',#8574,#8575);
#8574 = CARTESIAN_POINT('',(54.181301116943,-34.1589012146,0.));
#8575 = VECTOR('',#8576,1.);
#8576 = DIRECTION('',(0.,0.,1.));
#8577 = ORIENTED_EDGE('',*,*,#2304,.F.);
#8578 = ORIENTED_EDGE('',*,*,#8548,.F.);
#8579 = PLANE('',#8580);
#8580 = AXIS2_PLACEMENT_3D('',#8581,#8582,#8583);
#8581 = CARTESIAN_POINT('',(54.271100997925,-34.17220115661,4.5));
#8582 = DIRECTION('',(-0.146508303311,-0.989209440443,-0.));
#8583 = DIRECTION('',(-0.989209440443,0.146508303311,0.));
#8584 = ADVANCED_FACE('',(#8585),#8603,.T.);
#8585 = FACE_BOUND('',#8586,.T.);
#8586 = EDGE_LOOP('',(#8587,#8595,#8601,#8602));
#8587 = ORIENTED_EDGE('',*,*,#8588,.F.);
#8588 = EDGE_CURVE('',#8589,#8565,#8591,.T.);
#8589 = VERTEX_POINT('',#8590);
#8590 = CARTESIAN_POINT('',(54.,-34.15000152587,9.));
#8591 = LINE('',#8592,#8593);
#8592 = CARTESIAN_POINT('',(54.,-34.15000152587,9.));
#8593 = VECTOR('',#8594,1.);
#8594 = DIRECTION('',(0.998797362669,-4.90288519601E-02,0.));
#8595 = ORIENTED_EDGE('',*,*,#8596,.T.);
#8596 = EDGE_CURVE('',#8589,#2313,#8597,.T.);
#8597 = LINE('',#8598,#8599);
#8598 = CARTESIAN_POINT('',(54.,-34.15000152587,9.));
#8599 = VECTOR('',#8600,1.);
#8600 = DIRECTION('',(0.,0.,-1.));
#8601 = ORIENTED_EDGE('',*,*,#2312,.F.);
#8602 = ORIENTED_EDGE('',*,*,#8572,.T.);
#8603 = PLANE('',#8604);
#8604 = AXIS2_PLACEMENT_3D('',#8605,#8606,#8607);
#8605 = CARTESIAN_POINT('',(54.090650558472,-34.15445137023,4.5));
#8606 = DIRECTION('',(-4.90288519601E-02,-0.998797362669,-0.));
#8607 = DIRECTION('',(-0.998797362669,4.90288519601E-02,0.));
#8608 = ADVANCED_FACE('',(#8609),#8627,.T.);
#8609 = FACE_BOUND('',#8610,.T.);
#8610 = EDGE_LOOP('',(#8611,#8619,#8625,#8626));
#8611 = ORIENTED_EDGE('',*,*,#8612,.F.);
#8612 = EDGE_CURVE('',#8613,#8589,#8615,.T.);
#8613 = VERTEX_POINT('',#8614);
#8614 = CARTESIAN_POINT('',(53.818698883057,-34.1589012146,9.));
#8615 = LINE('',#8616,#8617);
#8616 = CARTESIAN_POINT('',(53.818698883057,-34.1589012146,9.));
#8617 = VECTOR('',#8618,1.);
#8618 = DIRECTION('',(0.998797362669,4.90288519601E-02,0.));
#8619 = ORIENTED_EDGE('',*,*,#8620,.F.);
#8620 = EDGE_CURVE('',#2321,#8613,#8621,.T.);
#8621 = LINE('',#8622,#8623);
#8622 = CARTESIAN_POINT('',(53.818698883057,-34.1589012146,0.));
#8623 = VECTOR('',#8624,1.);
#8624 = DIRECTION('',(0.,0.,1.));
#8625 = ORIENTED_EDGE('',*,*,#2320,.F.);
#8626 = ORIENTED_EDGE('',*,*,#8596,.F.);
#8627 = PLANE('',#8628);
#8628 = AXIS2_PLACEMENT_3D('',#8629,#8630,#8631);
#8629 = CARTESIAN_POINT('',(53.909349441528,-34.15445137023,4.5));
#8630 = DIRECTION('',(4.90288519601E-02,-0.998797362669,0.));
#8631 = DIRECTION('',(-0.998797362669,-4.90288519601E-02,0.));
#8632 = ADVANCED_FACE('',(#8633),#8651,.T.);
#8633 = FACE_BOUND('',#8634,.T.);
#8634 = EDGE_LOOP('',(#8635,#8643,#8649,#8650));
#8635 = ORIENTED_EDGE('',*,*,#8636,.F.);
#8636 = EDGE_CURVE('',#8637,#8613,#8639,.T.);
#8637 = VERTEX_POINT('',#8638);
#8638 = CARTESIAN_POINT('',(53.639099121094,-34.18550109863,9.));
#8639 = LINE('',#8640,#8641);
#8640 = CARTESIAN_POINT('',(53.639099121094,-34.18550109863,9.));
#8641 = VECTOR('',#8642,1.);
#8642 = DIRECTION('',(0.989209440443,0.146508303311,0.));
#8643 = ORIENTED_EDGE('',*,*,#8644,.T.);
#8644 = EDGE_CURVE('',#8637,#2329,#8645,.T.);
#8645 = LINE('',#8646,#8647);
#8646 = CARTESIAN_POINT('',(53.639099121094,-34.18550109863,9.));
#8647 = VECTOR('',#8648,1.);
#8648 = DIRECTION('',(0.,0.,-1.));
#8649 = ORIENTED_EDGE('',*,*,#2328,.F.);
#8650 = ORIENTED_EDGE('',*,*,#8620,.T.);
#8651 = PLANE('',#8652);
#8652 = AXIS2_PLACEMENT_3D('',#8653,#8654,#8655);
#8653 = CARTESIAN_POINT('',(53.728899002075,-34.17220115661,4.5));
#8654 = DIRECTION('',(0.146508303311,-0.989209440443,0.));
#8655 = DIRECTION('',(-0.989209440443,-0.146508303311,0.));
#8656 = ADVANCED_FACE('',(#8657),#8675,.T.);
#8657 = FACE_BOUND('',#8658,.T.);
#8658 = EDGE_LOOP('',(#8659,#8667,#8673,#8674));
#8659 = ORIENTED_EDGE('',*,*,#8660,.F.);
#8660 = EDGE_CURVE('',#8661,#8637,#8663,.T.);
#8661 = VERTEX_POINT('',#8662);
#8662 = CARTESIAN_POINT('',(53.463001251221,-34.22969818115,9.));
#8663 = LINE('',#8664,#8665);
#8664 = CARTESIAN_POINT('',(53.463001251221,-34.22969818115,9.));
#8665 = VECTOR('',#8666,1.);
#8666 = DIRECTION('',(0.969918384991,0.243430331835,0.));
#8667 = ORIENTED_EDGE('',*,*,#8668,.T.);
#8668 = EDGE_CURVE('',#8661,#2337,#8669,.T.);
#8669 = LINE('',#8670,#8671);
#8670 = CARTESIAN_POINT('',(53.463001251221,-34.22969818115,9.));
#8671 = VECTOR('',#8672,1.);
#8672 = DIRECTION('',(0.,0.,-1.));
#8673 = ORIENTED_EDGE('',*,*,#2336,.F.);
#8674 = ORIENTED_EDGE('',*,*,#8644,.F.);
#8675 = PLANE('',#8676);
#8676 = AXIS2_PLACEMENT_3D('',#8677,#8678,#8679);
#8677 = CARTESIAN_POINT('',(53.551050186157,-34.20759963989,4.5));
#8678 = DIRECTION('',(0.243430331835,-0.969918384991,0.));
#8679 = DIRECTION('',(-0.969918384991,-0.243430331835,0.));
#8680 = ADVANCED_FACE('',(#8681),#8699,.T.);
#8681 = FACE_BOUND('',#8682,.T.);
#8682 = EDGE_LOOP('',(#8683,#8691,#8697,#8698));
#8683 = ORIENTED_EDGE('',*,*,#8684,.F.);
#8684 = EDGE_CURVE('',#8685,#8661,#8687,.T.);
#8685 = VERTEX_POINT('',#8686);
#8686 = CARTESIAN_POINT('',(53.291999816895,-34.29079818725,9.));
#8687 = LINE('',#8688,#8689);
#8688 = CARTESIAN_POINT('',(53.291999816895,-34.29079818725,9.));
#8689 = VECTOR('',#8690,1.);
#8690 = DIRECTION('',(0.941692948024,0.336473463504,0.));
#8691 = ORIENTED_EDGE('',*,*,#8692,.F.);
#8692 = EDGE_CURVE('',#2345,#8685,#8693,.T.);
#8693 = LINE('',#8694,#8695);
#8694 = CARTESIAN_POINT('',(53.291999816895,-34.29079818725,0.));
#8695 = VECTOR('',#8696,1.);
#8696 = DIRECTION('',(0.,0.,1.));
#8697 = ORIENTED_EDGE('',*,*,#2344,.F.);
#8698 = ORIENTED_EDGE('',*,*,#8668,.F.);
#8699 = PLANE('',#8700);
#8700 = AXIS2_PLACEMENT_3D('',#8701,#8702,#8703);
#8701 = CARTESIAN_POINT('',(53.377500534058,-34.2602481842,4.5));
#8702 = DIRECTION('',(0.336473463504,-0.941692948024,0.));
#8703 = DIRECTION('',(-0.941692948024,-0.336473463504,0.));
#8704 = ADVANCED_FACE('',(#8705),#8723,.T.);
#8705 = FACE_BOUND('',#8706,.T.);
#8706 = EDGE_LOOP('',(#8707,#8715,#8721,#8722));
#8707 = ORIENTED_EDGE('',*,*,#8708,.F.);
#8708 = EDGE_CURVE('',#8709,#8685,#8711,.T.);
#8709 = VERTEX_POINT('',#8710);
#8710 = CARTESIAN_POINT('',(53.127899169922,-34.36840057373,9.));
#8711 = LINE('',#8712,#8713);
#8712 = CARTESIAN_POINT('',(53.127899169922,-34.36840057373,9.));
#8713 = VECTOR('',#8714,1.);
#8714 = DIRECTION('',(0.904013648298,0.427503594945,0.));
#8715 = ORIENTED_EDGE('',*,*,#8716,.F.);
#8716 = EDGE_CURVE('',#2353,#8709,#8717,.T.);
#8717 = LINE('',#8718,#8719);
#8718 = CARTESIAN_POINT('',(53.127899169922,-34.36840057373,0.));
#8719 = VECTOR('',#8720,1.);
#8720 = DIRECTION('',(0.,0.,1.));
#8721 = ORIENTED_EDGE('',*,*,#2352,.F.);
#8722 = ORIENTED_EDGE('',*,*,#8692,.T.);
#8723 = PLANE('',#8724);
#8724 = AXIS2_PLACEMENT_3D('',#8725,#8726,#8727);
#8725 = CARTESIAN_POINT('',(53.209949493408,-34.32959938049,4.5));
#8726 = DIRECTION('',(0.427503594945,-0.904013648298,0.));
#8727 = DIRECTION('',(-0.904013648298,-0.427503594945,0.));
#8728 = ADVANCED_FACE('',(#8729),#8747,.T.);
#8729 = FACE_BOUND('',#8730,.T.);
#8730 = EDGE_LOOP('',(#8731,#8739,#8745,#8746));
#8731 = ORIENTED_EDGE('',*,*,#8732,.F.);
#8732 = EDGE_CURVE('',#8733,#8709,#8735,.T.);
#8733 = VERTEX_POINT('',#8734);
#8734 = CARTESIAN_POINT('',(52.972198486328,-34.46179962158,9.));
#8735 = LINE('',#8736,#8737);
#8736 = CARTESIAN_POINT('',(52.972198486328,-34.46179962158,9.));
#8737 = VECTOR('',#8738,1.);
#8738 = DIRECTION('',(0.857544828448,0.514409240977,0.));
#8739 = ORIENTED_EDGE('',*,*,#8740,.T.);
#8740 = EDGE_CURVE('',#8733,#2361,#8741,.T.);
#8741 = LINE('',#8742,#8743);
#8742 = CARTESIAN_POINT('',(52.972198486328,-34.46179962158,9.));
#8743 = VECTOR('',#8744,1.);
#8744 = DIRECTION('',(0.,0.,-1.));
#8745 = ORIENTED_EDGE('',*,*,#2360,.F.);
#8746 = ORIENTED_EDGE('',*,*,#8716,.T.);
#8747 = PLANE('',#8748);
#8748 = AXIS2_PLACEMENT_3D('',#8749,#8750,#8751);
#8749 = CARTESIAN_POINT('',(53.050048828125,-34.41510009765,4.5));
#8750 = DIRECTION('',(0.514409240977,-0.857544828448,0.));
#8751 = DIRECTION('',(-0.857544828448,-0.514409240977,0.));
#8752 = ADVANCED_FACE('',(#8753),#8771,.T.);
#8753 = FACE_BOUND('',#8754,.T.);
#8754 = EDGE_LOOP('',(#8755,#8763,#8769,#8770));
#8755 = ORIENTED_EDGE('',*,*,#8756,.F.);
#8756 = EDGE_CURVE('',#8757,#8733,#8759,.T.);
#8757 = VERTEX_POINT('',#8758);
#8758 = CARTESIAN_POINT('',(52.826400756836,-34.56990051269,9.));
#8759 = LINE('',#8760,#8761);
#8760 = CARTESIAN_POINT('',(52.826400756836,-34.56990051269,9.));
#8761 = VECTOR('',#8762,1.);
#8762 = DIRECTION('',(0.803286806393,0.595592399779,0.));
#8763 = ORIENTED_EDGE('',*,*,#8764,.T.);
#8764 = EDGE_CURVE('',#8757,#2369,#8765,.T.);
#8765 = LINE('',#8766,#8767);
#8766 = CARTESIAN_POINT('',(52.826400756836,-34.56990051269,9.));
#8767 = VECTOR('',#8768,1.);
#8768 = DIRECTION('',(0.,0.,-1.));
#8769 = ORIENTED_EDGE('',*,*,#2368,.F.);
#8770 = ORIENTED_EDGE('',*,*,#8740,.F.);
#8771 = PLANE('',#8772);
#8772 = AXIS2_PLACEMENT_3D('',#8773,#8774,#8775);
#8773 = CARTESIAN_POINT('',(52.899299621582,-34.51585006713,4.5));
#8774 = DIRECTION('',(0.595592399779,-0.803286806393,0.));
#8775 = DIRECTION('',(-0.803286806393,-0.595592399779,0.));
#8776 = ADVANCED_FACE('',(#8777),#8795,.T.);
#8777 = FACE_BOUND('',#8778,.T.);
#8778 = EDGE_LOOP('',(#8779,#8787,#8793,#8794));
#8779 = ORIENTED_EDGE('',*,*,#8780,.F.);
#8780 = EDGE_CURVE('',#8781,#8757,#8783,.T.);
#8781 = VERTEX_POINT('',#8782);
#8782 = CARTESIAN_POINT('',(52.691898345947,-34.69189834594,9.));
#8783 = LINE('',#8784,#8785);
#8784 = CARTESIAN_POINT('',(52.691898345947,-34.69189834594,9.));
#8785 = VECTOR('',#8786,1.);
#8786 = DIRECTION('',(0.740699099224,0.671836918015,0.));
#8787 = ORIENTED_EDGE('',*,*,#8788,.F.);
#8788 = EDGE_CURVE('',#2377,#8781,#8789,.T.);
#8789 = LINE('',#8790,#8791);
#8790 = CARTESIAN_POINT('',(52.691898345947,-34.69189834594,0.));
#8791 = VECTOR('',#8792,1.);
#8792 = DIRECTION('',(0.,0.,1.));
#8793 = ORIENTED_EDGE('',*,*,#2376,.F.);
#8794 = ORIENTED_EDGE('',*,*,#8764,.F.);
#8795 = PLANE('',#8796);
#8796 = AXIS2_PLACEMENT_3D('',#8797,#8798,#8799);
#8797 = CARTESIAN_POINT('',(52.759149551392,-34.63089942932,4.5));
#8798 = DIRECTION('',(0.671836918015,-0.740699099224,0.));
#8799 = DIRECTION('',(-0.740699099224,-0.671836918015,0.));
#8800 = ADVANCED_FACE('',(#8801),#8819,.T.);
#8801 = FACE_BOUND('',#8802,.T.);
#8802 = EDGE_LOOP('',(#8803,#8804,#8812,#8818));
#8803 = ORIENTED_EDGE('',*,*,#8788,.T.);
#8804 = ORIENTED_EDGE('',*,*,#8805,.F.);
#8805 = EDGE_CURVE('',#8806,#8781,#8808,.T.);
#8806 = VERTEX_POINT('',#8807);
#8807 = CARTESIAN_POINT('',(52.569900512695,-34.82640075683,9.));
#8808 = LINE('',#8809,#8810);
#8809 = CARTESIAN_POINT('',(52.569900512695,-34.82640075683,9.));
#8810 = VECTOR('',#8811,1.);
#8811 = DIRECTION('',(0.671836918015,0.740699099224,0.));
#8812 = ORIENTED_EDGE('',*,*,#8813,.T.);
#8813 = EDGE_CURVE('',#8806,#2385,#8814,.T.);
#8814 = LINE('',#8815,#8816);
#8815 = CARTESIAN_POINT('',(52.569900512695,-34.82640075683,9.));
#8816 = VECTOR('',#8817,1.);
#8817 = DIRECTION('',(0.,0.,-1.));
#8818 = ORIENTED_EDGE('',*,*,#2384,.F.);
#8819 = PLANE('',#8820);
#8820 = AXIS2_PLACEMENT_3D('',#8821,#8822,#8823);
#8821 = CARTESIAN_POINT('',(52.630899429321,-34.75914955139,4.5));
#8822 = DIRECTION('',(0.740699099224,-0.671836918015,0.));
#8823 = DIRECTION('',(0.671836918015,0.740699099224,0.));
#8824 = ADVANCED_FACE('',(#8825),#8836,.T.);
#8825 = FACE_BOUND('',#8826,.T.);
#8826 = EDGE_LOOP('',(#8827,#8828,#8834,#8835));
#8827 = ORIENTED_EDGE('',*,*,#8813,.F.);
#8828 = ORIENTED_EDGE('',*,*,#8829,.F.);
#8829 = EDGE_CURVE('',#7310,#8806,#8830,.T.);
#8830 = LINE('',#8831,#8832);
#8831 = CARTESIAN_POINT('',(52.461799621582,-34.97219848632,9.));
#8832 = VECTOR('',#8833,1.);
#8833 = DIRECTION('',(0.595592399779,0.803286806393,0.));
#8834 = ORIENTED_EDGE('',*,*,#7309,.F.);
#8835 = ORIENTED_EDGE('',*,*,#2392,.F.);
#8836 = PLANE('',#8837);
#8837 = AXIS2_PLACEMENT_3D('',#8838,#8839,#8840);
#8838 = CARTESIAN_POINT('',(52.515850067139,-34.89929962158,4.5));
#8839 = DIRECTION('',(0.803286806393,-0.595592399779,0.));
#8840 = DIRECTION('',(0.595592399779,0.803286806393,0.));
#8841 = ADVANCED_FACE('',(#8842),#8858,.T.);
#8842 = FACE_BOUND('',#8843,.T.);
#8843 = EDGE_LOOP('',(#8844,#8850,#8851,#8857));
#8844 = ORIENTED_EDGE('',*,*,#8845,.F.);
#8845 = EDGE_CURVE('',#2528,#2645,#8846,.T.);
#8846 = LINE('',#8847,#8848);
#8847 = CARTESIAN_POINT('',(71.199996948242,-14.,20.60000038147));
#8848 = VECTOR('',#8849,1.);
#8849 = DIRECTION('',(-1.,0.,0.));
#8850 = ORIENTED_EDGE('',*,*,#2525,.F.);
#8851 = ORIENTED_EDGE('',*,*,#8852,.F.);
#8852 = EDGE_CURVE('',#2647,#2526,#8853,.T.);
#8853 = LINE('',#8854,#8855);
#8854 = CARTESIAN_POINT('',(68.,-14.,9.60000038147));
#8855 = VECTOR('',#8856,1.);
#8856 = DIRECTION('',(1.,0.,0.));
#8857 = ORIENTED_EDGE('',*,*,#2644,.F.);
#8858 = PLANE('',#8859);
#8859 = AXIS2_PLACEMENT_3D('',#8860,#8861,#8862);
#8860 = CARTESIAN_POINT('',(69.599998474121,-14.,15.10000038147));
#8861 = DIRECTION('',(0.,1.,0.));
#8862 = DIRECTION('',(0.,0.,1.));
#8863 = ADVANCED_FACE('',(#8864),#8875,.T.);
#8864 = FACE_BOUND('',#8865,.T.);
#8865 = EDGE_LOOP('',(#8866,#8867,#8868,#8869));
#8866 = ORIENTED_EDGE('',*,*,#2535,.F.);
#8867 = ORIENTED_EDGE('',*,*,#8845,.T.);
#8868 = ORIENTED_EDGE('',*,*,#2670,.F.);
#8869 = ORIENTED_EDGE('',*,*,#8870,.T.);
#8870 = EDGE_CURVE('',#2663,#2536,#8871,.T.);
#8871 = LINE('',#8872,#8873);
#8872 = CARTESIAN_POINT('',(68.,14.,20.60000038147));
#8873 = VECTOR('',#8874,1.);
#8874 = DIRECTION('',(1.,0.,0.));
#8875 = PLANE('',#8876);
#8876 = AXIS2_PLACEMENT_3D('',#8877,#8878,#8879);
#8877 = CARTESIAN_POINT('',(69.599998474121,0.,20.60000038147));
#8878 = DIRECTION('',(-0.,-0.,-1.));
#8879 = DIRECTION('',(-1.,0.,0.));
#8880 = ADVANCED_FACE('',(#8881),#8892,.T.);
#8881 = FACE_BOUND('',#8882,.T.);
#8882 = EDGE_LOOP('',(#8883,#8884,#8885,#8891));
#8883 = ORIENTED_EDGE('',*,*,#8870,.F.);
#8884 = ORIENTED_EDGE('',*,*,#2662,.F.);
#8885 = ORIENTED_EDGE('',*,*,#8886,.F.);
#8886 = EDGE_CURVE('',#2544,#2655,#8887,.T.);
#8887 = LINE('',#8888,#8889);
#8888 = CARTESIAN_POINT('',(71.199996948242,14.,9.60000038147));
#8889 = VECTOR('',#8890,1.);
#8890 = DIRECTION('',(-1.,0.,0.));
#8891 = ORIENTED_EDGE('',*,*,#2543,.F.);
#8892 = PLANE('',#8893);
#8893 = AXIS2_PLACEMENT_3D('',#8894,#8895,#8896);
#8894 = CARTESIAN_POINT('',(69.599998474121,14.,15.10000038147));
#8895 = DIRECTION('',(-0.,-1.,-0.));
#8896 = DIRECTION('',(0.,0.,-1.));
#8897 = ADVANCED_FACE('',(#8898),#8904,.T.);
#8898 = FACE_BOUND('',#8899,.T.);
#8899 = EDGE_LOOP('',(#8900,#8901,#8902,#8903));
#8900 = ORIENTED_EDGE('',*,*,#2551,.F.);
#8901 = ORIENTED_EDGE('',*,*,#8886,.T.);
#8902 = ORIENTED_EDGE('',*,*,#2654,.F.);
#8903 = ORIENTED_EDGE('',*,*,#8852,.T.);
#8904 = PLANE('',#8905);
#8905 = AXIS2_PLACEMENT_3D('',#8906,#8907,#8908);
#8906 = CARTESIAN_POINT('',(69.599998474121,0.,9.60000038147));
#8907 = DIRECTION('',(0.,0.,1.));
#8908 = DIRECTION('',(1.,0.,0.));
#8909 = ADVANCED_FACE('',(#8910,#9424),#9490,.T.);
#8910 = FACE_BOUND('',#8911,.T.);
#8911 = EDGE_LOOP('',(#8912,#8922,#8930,#8938,#8946,#8954,#8962,#8970,
    #8978,#8986,#8994,#9002,#9010,#9018,#9026,#9034,#9042,#9050,#9058,
    #9066,#9074,#9082,#9090,#9098,#9106,#9114,#9122,#9130,#9138,#9146,
    #9154,#9162,#9170,#9178,#9186,#9194,#9202,#9210,#9218,#9226,#9234,
    #9242,#9250,#9258,#9266,#9274,#9282,#9290,#9298,#9306,#9314,#9322,
    #9330,#9338,#9346,#9354,#9362,#9370,#9378,#9386,#9394,#9402,#9410,
    #9418));
#8912 = ORIENTED_EDGE('',*,*,#8913,.F.);
#8913 = EDGE_CURVE('',#8914,#8916,#8918,.T.);
#8914 = VERTEX_POINT('',#8915);
#8915 = CARTESIAN_POINT('',(-57.92309951782,35.21960067749,9.));
#8916 = VERTEX_POINT('',#8917);
#8917 = CARTESIAN_POINT('',(-57.98070144653,35.607898712158,9.));
#8918 = LINE('',#8919,#8920);
#8919 = CARTESIAN_POINT('',(-57.92309951782,35.21960067749,9.));
#8920 = VECTOR('',#8921,1.);
#8921 = DIRECTION('',(-0.146738840371,0.989175268962,0.));
#8922 = ORIENTED_EDGE('',*,*,#8923,.F.);
#8923 = EDGE_CURVE('',#8924,#8914,#8926,.T.);
#8924 = VERTEX_POINT('',#8925);
#8925 = CARTESIAN_POINT('',(-57.82780075073,34.838901519775,9.));
#8926 = LINE('',#8927,#8928);
#8927 = CARTESIAN_POINT('',(-57.82780075073,34.838901519775,9.));
#8928 = VECTOR('',#8929,1.);
#8929 = DIRECTION('',(-0.242832940967,0.970068122753,0.));
#8930 = ORIENTED_EDGE('',*,*,#8931,.F.);
#8931 = EDGE_CURVE('',#8932,#8924,#8934,.T.);
#8932 = VERTEX_POINT('',#8933);
#8933 = CARTESIAN_POINT('',(-57.69549942016,34.469299316406,9.));
#8934 = LINE('',#8935,#8936);
#8935 = CARTESIAN_POINT('',(-57.69549942016,34.469299316406,9.));
#8936 = VECTOR('',#8937,1.);
#8937 = DIRECTION('',(-0.33701528921,0.941499174104,0.));
#8938 = ORIENTED_EDGE('',*,*,#8939,.F.);
#8939 = EDGE_CURVE('',#8940,#8932,#8942,.T.);
#8940 = VERTEX_POINT('',#8941);
#8941 = CARTESIAN_POINT('',(-57.52769851684,34.114398956299,9.));
#8942 = LINE('',#8943,#8944);
#8943 = CARTESIAN_POINT('',(-57.52769851684,34.114398956299,9.));
#8944 = VECTOR('',#8945,1.);
#8945 = DIRECTION('',(-0.427441710615,0.904042910501,0.));
#8946 = ORIENTED_EDGE('',*,*,#8947,.T.);
#8947 = EDGE_CURVE('',#8940,#8948,#8950,.T.);
#8948 = VERTEX_POINT('',#8949);
#8949 = CARTESIAN_POINT('',(-57.32590103149,33.777698516846,9.));
#8950 = LINE('',#8951,#8952);
#8951 = CARTESIAN_POINT('',(-57.52769851684,34.114398956299,9.));
#8952 = VECTOR('',#8953,1.);
#8953 = DIRECTION('',(0.514078395239,-0.857743203732,0.));
#8954 = ORIENTED_EDGE('',*,*,#8955,.F.);
#8955 = EDGE_CURVE('',#8956,#8948,#8958,.T.);
#8956 = VERTEX_POINT('',#8957);
#8957 = CARTESIAN_POINT('',(-57.09199905395,33.462398529053,9.));
#8958 = LINE('',#8959,#8960);
#8959 = CARTESIAN_POINT('',(-57.09199905395,33.462398529053,9.));
#8960 = VECTOR('',#8961,1.);
#8961 = DIRECTION('',(-0.595797191118,0.803134924565,0.));
#8962 = ORIENTED_EDGE('',*,*,#8963,.F.);
#8963 = EDGE_CURVE('',#8964,#8956,#8966,.T.);
#8964 = VERTEX_POINT('',#8965);
#8965 = CARTESIAN_POINT('',(-56.8283996582,33.171600341797,9.));
#8966 = LINE('',#8967,#8968);
#8967 = CARTESIAN_POINT('',(-56.8283996582,33.171600341797,9.));
#8968 = VECTOR('',#8969,1.);
#8969 = DIRECTION('',(-0.671608305235,0.740906393777,0.));
#8970 = ORIENTED_EDGE('',*,*,#8971,.F.);
#8971 = EDGE_CURVE('',#8972,#8964,#8974,.T.);
#8972 = VERTEX_POINT('',#8973);
#8973 = CARTESIAN_POINT('',(-56.53760147094,32.908000946045,9.));
#8974 = LINE('',#8975,#8976);
#8975 = CARTESIAN_POINT('',(-56.53760147094,32.908000946045,9.));
#8976 = VECTOR('',#8977,1.);
#8977 = DIRECTION('',(-0.740906393777,0.671608305235,0.));
#8978 = ORIENTED_EDGE('',*,*,#8979,.F.);
#8979 = EDGE_CURVE('',#8980,#8972,#8982,.T.);
#8980 = VERTEX_POINT('',#8981);
#8981 = CARTESIAN_POINT('',(-56.22230148315,32.674098968506,9.));
#8982 = LINE('',#8983,#8984);
#8983 = CARTESIAN_POINT('',(-56.22230148315,32.674098968506,9.));
#8984 = VECTOR('',#8985,1.);
#8985 = DIRECTION('',(-0.803134924565,0.595797191118,0.));
#8986 = ORIENTED_EDGE('',*,*,#8987,.F.);
#8987 = EDGE_CURVE('',#8988,#8980,#8990,.T.);
#8988 = VERTEX_POINT('',#8989);
#8989 = CARTESIAN_POINT('',(-55.8856010437,32.472301483154,9.));
#8990 = LINE('',#8991,#8992);
#8991 = CARTESIAN_POINT('',(-55.8856010437,32.472301483154,9.));
#8992 = VECTOR('',#8993,1.);
#8993 = DIRECTION('',(-0.857743203732,0.514078395239,0.));
#8994 = ORIENTED_EDGE('',*,*,#8995,.F.);
#8995 = EDGE_CURVE('',#8996,#8988,#8998,.T.);
#8996 = VERTEX_POINT('',#8997);
#8997 = CARTESIAN_POINT('',(-55.53070068359,32.304500579834,9.));
#8998 = LINE('',#8999,#9000);
#8999 = CARTESIAN_POINT('',(-55.53070068359,32.304500579834,9.));
#9000 = VECTOR('',#9001,1.);
#9001 = DIRECTION('',(-0.904042910501,0.427441710615,0.));
#9002 = ORIENTED_EDGE('',*,*,#9003,.F.);
#9003 = EDGE_CURVE('',#9004,#8996,#9006,.T.);
#9004 = VERTEX_POINT('',#9005);
#9005 = CARTESIAN_POINT('',(-55.16109848022,32.172199249268,9.));
#9006 = LINE('',#9007,#9008);
#9007 = CARTESIAN_POINT('',(-55.16109848022,32.172199249268,9.));
#9008 = VECTOR('',#9009,1.);
#9009 = DIRECTION('',(-0.941499174104,0.33701528921,0.));
#9010 = ORIENTED_EDGE('',*,*,#9011,.F.);
#9011 = EDGE_CURVE('',#9012,#9004,#9014,.T.);
#9012 = VERTEX_POINT('',#9013);
#9013 = CARTESIAN_POINT('',(-54.78039932251,32.076900482178,9.));
#9014 = LINE('',#9015,#9016);
#9015 = CARTESIAN_POINT('',(-54.78039932251,32.076900482178,9.));
#9016 = VECTOR('',#9017,1.);
#9017 = DIRECTION('',(-0.970068122753,0.242832940967,0.));
#9018 = ORIENTED_EDGE('',*,*,#9019,.F.);
#9019 = EDGE_CURVE('',#9020,#9012,#9022,.T.);
#9020 = VERTEX_POINT('',#9021);
#9021 = CARTESIAN_POINT('',(-54.39210128784,32.019298553467,9.));
#9022 = LINE('',#9023,#9024);
#9023 = CARTESIAN_POINT('',(-54.39210128784,32.019298553467,9.));
#9024 = VECTOR('',#9025,1.);
#9025 = DIRECTION('',(-0.989175268962,0.146738840371,0.));
#9026 = ORIENTED_EDGE('',*,*,#9027,.F.);
#9027 = EDGE_CURVE('',#9028,#9020,#9030,.T.);
#9028 = VERTEX_POINT('',#9029);
#9029 = CARTESIAN_POINT('',(-54.,32.,9.));
#9030 = LINE('',#9031,#9032);
#9031 = CARTESIAN_POINT('',(-54.,32.,9.));
#9032 = VECTOR('',#9033,1.);
#9033 = DIRECTION('',(-0.998790976291,4.915878028406E-02,0.));
#9034 = ORIENTED_EDGE('',*,*,#9035,.F.);
#9035 = EDGE_CURVE('',#9036,#9028,#9038,.T.);
#9036 = VERTEX_POINT('',#9037);
#9037 = CARTESIAN_POINT('',(-53.60789871215,32.019298553467,9.));
#9038 = LINE('',#9039,#9040);
#9039 = CARTESIAN_POINT('',(-53.60789871215,32.019298553467,9.));
#9040 = VECTOR('',#9041,1.);
#9041 = DIRECTION('',(-0.998790976291,-4.915878028406E-02,0.));
#9042 = ORIENTED_EDGE('',*,*,#9043,.F.);
#9043 = EDGE_CURVE('',#9044,#9036,#9046,.T.);
#9044 = VERTEX_POINT('',#9045);
#9045 = CARTESIAN_POINT('',(-53.21960067749,32.076900482178,9.));
#9046 = LINE('',#9047,#9048);
#9047 = CARTESIAN_POINT('',(-53.21960067749,32.076900482178,9.));
#9048 = VECTOR('',#9049,1.);
#9049 = DIRECTION('',(-0.989175268962,-0.146738840371,0.));
#9050 = ORIENTED_EDGE('',*,*,#9051,.F.);
#9051 = EDGE_CURVE('',#9052,#9044,#9054,.T.);
#9052 = VERTEX_POINT('',#9053);
#9053 = CARTESIAN_POINT('',(-52.83890151977,32.172199249268,9.));
#9054 = LINE('',#9055,#9056);
#9055 = CARTESIAN_POINT('',(-52.83890151977,32.172199249268,9.));
#9056 = VECTOR('',#9057,1.);
#9057 = DIRECTION('',(-0.970068122753,-0.242832940967,0.));
#9058 = ORIENTED_EDGE('',*,*,#9059,.F.);
#9059 = EDGE_CURVE('',#9060,#9052,#9062,.T.);
#9060 = VERTEX_POINT('',#9061);
#9061 = CARTESIAN_POINT('',(-52.4692993164,32.304500579834,9.));
#9062 = LINE('',#9063,#9064);
#9063 = CARTESIAN_POINT('',(-52.4692993164,32.304500579834,9.));
#9064 = VECTOR('',#9065,1.);
#9065 = DIRECTION('',(-0.941499174104,-0.33701528921,0.));
#9066 = ORIENTED_EDGE('',*,*,#9067,.F.);
#9067 = EDGE_CURVE('',#9068,#9060,#9070,.T.);
#9068 = VERTEX_POINT('',#9069);
#9069 = CARTESIAN_POINT('',(-52.11439895629,32.472301483154,9.));
#9070 = LINE('',#9071,#9072);
#9071 = CARTESIAN_POINT('',(-52.11439895629,32.472301483154,9.));
#9072 = VECTOR('',#9073,1.);
#9073 = DIRECTION('',(-0.904042910501,-0.427441710615,0.));
#9074 = ORIENTED_EDGE('',*,*,#9075,.F.);
#9075 = EDGE_CURVE('',#9076,#9068,#9078,.T.);
#9076 = VERTEX_POINT('',#9077);
#9077 = CARTESIAN_POINT('',(-51.77769851684,32.674098968506,9.));
#9078 = LINE('',#9079,#9080);
#9079 = CARTESIAN_POINT('',(-51.77769851684,32.674098968506,9.));
#9080 = VECTOR('',#9081,1.);
#9081 = DIRECTION('',(-0.857743203732,-0.514078395239,0.));
#9082 = ORIENTED_EDGE('',*,*,#9083,.F.);
#9083 = EDGE_CURVE('',#9084,#9076,#9086,.T.);
#9084 = VERTEX_POINT('',#9085);
#9085 = CARTESIAN_POINT('',(-51.46239852905,32.908000946045,9.));
#9086 = LINE('',#9087,#9088);
#9087 = CARTESIAN_POINT('',(-51.46239852905,32.908000946045,9.));
#9088 = VECTOR('',#9089,1.);
#9089 = DIRECTION('',(-0.803134924565,-0.595797191118,0.));
#9090 = ORIENTED_EDGE('',*,*,#9091,.F.);
#9091 = EDGE_CURVE('',#9092,#9084,#9094,.T.);
#9092 = VERTEX_POINT('',#9093);
#9093 = CARTESIAN_POINT('',(-51.17160034179,33.171600341797,9.));
#9094 = LINE('',#9095,#9096);
#9095 = CARTESIAN_POINT('',(-51.17160034179,33.171600341797,9.));
#9096 = VECTOR('',#9097,1.);
#9097 = DIRECTION('',(-0.740906393777,-0.671608305235,0.));
#9098 = ORIENTED_EDGE('',*,*,#9099,.F.);
#9099 = EDGE_CURVE('',#9100,#9092,#9102,.T.);
#9100 = VERTEX_POINT('',#9101);
#9101 = CARTESIAN_POINT('',(-50.90800094604,33.462398529053,9.));
#9102 = LINE('',#9103,#9104);
#9103 = CARTESIAN_POINT('',(-50.90800094604,33.462398529053,9.));
#9104 = VECTOR('',#9105,1.);
#9105 = DIRECTION('',(-0.671608305235,-0.740906393777,0.));
#9106 = ORIENTED_EDGE('',*,*,#9107,.F.);
#9107 = EDGE_CURVE('',#9108,#9100,#9110,.T.);
#9108 = VERTEX_POINT('',#9109);
#9109 = CARTESIAN_POINT('',(-50.6740989685,33.777698516846,9.));
#9110 = LINE('',#9111,#9112);
#9111 = CARTESIAN_POINT('',(-50.6740989685,33.777698516846,9.));
#9112 = VECTOR('',#9113,1.);
#9113 = DIRECTION('',(-0.595797191118,-0.803134924565,0.));
#9114 = ORIENTED_EDGE('',*,*,#9115,.F.);
#9115 = EDGE_CURVE('',#9116,#9108,#9118,.T.);
#9116 = VERTEX_POINT('',#9117);
#9117 = CARTESIAN_POINT('',(-50.47230148315,34.114398956299,9.));
#9118 = LINE('',#9119,#9120);
#9119 = CARTESIAN_POINT('',(-50.47230148315,34.114398956299,9.));
#9120 = VECTOR('',#9121,1.);
#9121 = DIRECTION('',(-0.514078395239,-0.857743203732,0.));
#9122 = ORIENTED_EDGE('',*,*,#9123,.F.);
#9123 = EDGE_CURVE('',#9124,#9116,#9126,.T.);
#9124 = VERTEX_POINT('',#9125);
#9125 = CARTESIAN_POINT('',(-50.30450057983,34.469299316406,9.));
#9126 = LINE('',#9127,#9128);
#9127 = CARTESIAN_POINT('',(-50.30450057983,34.469299316406,9.));
#9128 = VECTOR('',#9129,1.);
#9129 = DIRECTION('',(-0.427441710615,-0.904042910501,0.));
#9130 = ORIENTED_EDGE('',*,*,#9131,.F.);
#9131 = EDGE_CURVE('',#9132,#9124,#9134,.T.);
#9132 = VERTEX_POINT('',#9133);
#9133 = CARTESIAN_POINT('',(-50.17219924926,34.838901519775,9.));
#9134 = LINE('',#9135,#9136);
#9135 = CARTESIAN_POINT('',(-50.17219924926,34.838901519775,9.));
#9136 = VECTOR('',#9137,1.);
#9137 = DIRECTION('',(-0.33701528921,-0.941499174104,0.));
#9138 = ORIENTED_EDGE('',*,*,#9139,.F.);
#9139 = EDGE_CURVE('',#9140,#9132,#9142,.T.);
#9140 = VERTEX_POINT('',#9141);
#9141 = CARTESIAN_POINT('',(-50.07690048217,35.21960067749,9.));
#9142 = LINE('',#9143,#9144);
#9143 = CARTESIAN_POINT('',(-50.07690048217,35.21960067749,9.));
#9144 = VECTOR('',#9145,1.);
#9145 = DIRECTION('',(-0.242832940967,-0.970068122753,0.));
#9146 = ORIENTED_EDGE('',*,*,#9147,.F.);
#9147 = EDGE_CURVE('',#9148,#9140,#9150,.T.);
#9148 = VERTEX_POINT('',#9149);
#9149 = CARTESIAN_POINT('',(-50.01929855346,35.607898712158,9.));
#9150 = LINE('',#9151,#9152);
#9151 = CARTESIAN_POINT('',(-50.01929855346,35.607898712158,9.));
#9152 = VECTOR('',#9153,1.);
#9153 = DIRECTION('',(-0.146738840371,-0.989175268962,0.));
#9154 = ORIENTED_EDGE('',*,*,#9155,.F.);
#9155 = EDGE_CURVE('',#9156,#9148,#9158,.T.);
#9156 = VERTEX_POINT('',#9157);
#9157 = CARTESIAN_POINT('',(-50.,36.,9.));
#9158 = LINE('',#9159,#9160);
#9159 = CARTESIAN_POINT('',(-50.,36.,9.));
#9160 = VECTOR('',#9161,1.);
#9161 = DIRECTION('',(-4.915878028406E-02,-0.998790976291,0.));
#9162 = ORIENTED_EDGE('',*,*,#9163,.F.);
#9163 = EDGE_CURVE('',#9164,#9156,#9166,.T.);
#9164 = VERTEX_POINT('',#9165);
#9165 = CARTESIAN_POINT('',(-50.01929855346,36.392101287842,9.));
#9166 = LINE('',#9167,#9168);
#9167 = CARTESIAN_POINT('',(-50.01929855346,36.392101287842,9.));
#9168 = VECTOR('',#9169,1.);
#9169 = DIRECTION('',(4.915878028406E-02,-0.998790976291,0.));
#9170 = ORIENTED_EDGE('',*,*,#9171,.F.);
#9171 = EDGE_CURVE('',#9172,#9164,#9174,.T.);
#9172 = VERTEX_POINT('',#9173);
#9173 = CARTESIAN_POINT('',(-50.07690048217,36.78039932251,9.));
#9174 = LINE('',#9175,#9176);
#9175 = CARTESIAN_POINT('',(-50.07690048217,36.78039932251,9.));
#9176 = VECTOR('',#9177,1.);
#9177 = DIRECTION('',(0.146738840371,-0.989175268962,0.));
#9178 = ORIENTED_EDGE('',*,*,#9179,.F.);
#9179 = EDGE_CURVE('',#9180,#9172,#9182,.T.);
#9180 = VERTEX_POINT('',#9181);
#9181 = CARTESIAN_POINT('',(-50.17219924926,37.161098480225,9.));
#9182 = LINE('',#9183,#9184);
#9183 = CARTESIAN_POINT('',(-50.17219924926,37.161098480225,9.));
#9184 = VECTOR('',#9185,1.);
#9185 = DIRECTION('',(0.242832940967,-0.970068122753,0.));
#9186 = ORIENTED_EDGE('',*,*,#9187,.F.);
#9187 = EDGE_CURVE('',#9188,#9180,#9190,.T.);
#9188 = VERTEX_POINT('',#9189);
#9189 = CARTESIAN_POINT('',(-50.30450057983,37.530700683594,9.));
#9190 = LINE('',#9191,#9192);
#9191 = CARTESIAN_POINT('',(-50.30450057983,37.530700683594,9.));
#9192 = VECTOR('',#9193,1.);
#9193 = DIRECTION('',(0.33701528921,-0.941499174104,0.));
#9194 = ORIENTED_EDGE('',*,*,#9195,.F.);
#9195 = EDGE_CURVE('',#9196,#9188,#9198,.T.);
#9196 = VERTEX_POINT('',#9197);
#9197 = CARTESIAN_POINT('',(-50.47230148315,37.885601043701,9.));
#9198 = LINE('',#9199,#9200);
#9199 = CARTESIAN_POINT('',(-50.47230148315,37.885601043701,9.));
#9200 = VECTOR('',#9201,1.);
#9201 = DIRECTION('',(0.427441710615,-0.904042910501,0.));
#9202 = ORIENTED_EDGE('',*,*,#9203,.F.);
#9203 = EDGE_CURVE('',#9204,#9196,#9206,.T.);
#9204 = VERTEX_POINT('',#9205);
#9205 = CARTESIAN_POINT('',(-50.6740989685,38.222301483154,9.));
#9206 = LINE('',#9207,#9208);
#9207 = CARTESIAN_POINT('',(-50.6740989685,38.222301483154,9.));
#9208 = VECTOR('',#9209,1.);
#9209 = DIRECTION('',(0.514078395239,-0.857743203732,0.));
#9210 = ORIENTED_EDGE('',*,*,#9211,.F.);
#9211 = EDGE_CURVE('',#9212,#9204,#9214,.T.);
#9212 = VERTEX_POINT('',#9213);
#9213 = CARTESIAN_POINT('',(-50.90800094604,38.537601470947,9.));
#9214 = LINE('',#9215,#9216);
#9215 = CARTESIAN_POINT('',(-50.90800094604,38.537601470947,9.));
#9216 = VECTOR('',#9217,1.);
#9217 = DIRECTION('',(0.595797191118,-0.803134924565,0.));
#9218 = ORIENTED_EDGE('',*,*,#9219,.F.);
#9219 = EDGE_CURVE('',#9220,#9212,#9222,.T.);
#9220 = VERTEX_POINT('',#9221);
#9221 = CARTESIAN_POINT('',(-51.17160034179,38.828399658203,9.));
#9222 = LINE('',#9223,#9224);
#9223 = CARTESIAN_POINT('',(-51.17160034179,38.828399658203,9.));
#9224 = VECTOR('',#9225,1.);
#9225 = DIRECTION('',(0.671608305235,-0.740906393777,0.));
#9226 = ORIENTED_EDGE('',*,*,#9227,.F.);
#9227 = EDGE_CURVE('',#9228,#9220,#9230,.T.);
#9228 = VERTEX_POINT('',#9229);
#9229 = CARTESIAN_POINT('',(-51.46239852905,39.091999053955,9.));
#9230 = LINE('',#9231,#9232);
#9231 = CARTESIAN_POINT('',(-51.46239852905,39.091999053955,9.));
#9232 = VECTOR('',#9233,1.);
#9233 = DIRECTION('',(0.740906393777,-0.671608305235,0.));
#9234 = ORIENTED_EDGE('',*,*,#9235,.F.);
#9235 = EDGE_CURVE('',#9236,#9228,#9238,.T.);
#9236 = VERTEX_POINT('',#9237);
#9237 = CARTESIAN_POINT('',(-51.77769851684,39.325901031494,9.));
#9238 = LINE('',#9239,#9240);
#9239 = CARTESIAN_POINT('',(-51.77769851684,39.325901031494,9.));
#9240 = VECTOR('',#9241,1.);
#9241 = DIRECTION('',(0.803134924565,-0.595797191118,0.));
#9242 = ORIENTED_EDGE('',*,*,#9243,.F.);
#9243 = EDGE_CURVE('',#9244,#9236,#9246,.T.);
#9244 = VERTEX_POINT('',#9245);
#9245 = CARTESIAN_POINT('',(-52.11439895629,39.527698516846,9.));
#9246 = LINE('',#9247,#9248);
#9247 = CARTESIAN_POINT('',(-52.11439895629,39.527698516846,9.));
#9248 = VECTOR('',#9249,1.);
#9249 = DIRECTION('',(0.857743203732,-0.514078395239,0.));
#9250 = ORIENTED_EDGE('',*,*,#9251,.F.);
#9251 = EDGE_CURVE('',#9252,#9244,#9254,.T.);
#9252 = VERTEX_POINT('',#9253);
#9253 = CARTESIAN_POINT('',(-52.4692993164,39.695499420166,9.));
#9254 = LINE('',#9255,#9256);
#9255 = CARTESIAN_POINT('',(-52.4692993164,39.695499420166,9.));
#9256 = VECTOR('',#9257,1.);
#9257 = DIRECTION('',(0.904042910501,-0.427441710615,0.));
#9258 = ORIENTED_EDGE('',*,*,#9259,.F.);
#9259 = EDGE_CURVE('',#9260,#9252,#9262,.T.);
#9260 = VERTEX_POINT('',#9261);
#9261 = CARTESIAN_POINT('',(-52.83890151977,39.827800750732,9.));
#9262 = LINE('',#9263,#9264);
#9263 = CARTESIAN_POINT('',(-52.83890151977,39.827800750732,9.));
#9264 = VECTOR('',#9265,1.);
#9265 = DIRECTION('',(0.941499174104,-0.33701528921,0.));
#9266 = ORIENTED_EDGE('',*,*,#9267,.F.);
#9267 = EDGE_CURVE('',#9268,#9260,#9270,.T.);
#9268 = VERTEX_POINT('',#9269);
#9269 = CARTESIAN_POINT('',(-53.21960067749,39.923099517822,9.));
#9270 = LINE('',#9271,#9272);
#9271 = CARTESIAN_POINT('',(-53.21960067749,39.923099517822,9.));
#9272 = VECTOR('',#9273,1.);
#9273 = DIRECTION('',(0.970068122753,-0.242832940967,0.));
#9274 = ORIENTED_EDGE('',*,*,#9275,.F.);
#9275 = EDGE_CURVE('',#9276,#9268,#9278,.T.);
#9276 = VERTEX_POINT('',#9277);
#9277 = CARTESIAN_POINT('',(-53.60789871215,39.980701446533,9.));
#9278 = LINE('',#9279,#9280);
#9279 = CARTESIAN_POINT('',(-53.60789871215,39.980701446533,9.));
#9280 = VECTOR('',#9281,1.);
#9281 = DIRECTION('',(0.989175268962,-0.146738840371,0.));
#9282 = ORIENTED_EDGE('',*,*,#9283,.F.);
#9283 = EDGE_CURVE('',#9284,#9276,#9286,.T.);
#9284 = VERTEX_POINT('',#9285);
#9285 = CARTESIAN_POINT('',(-54.,40.,9.));
#9286 = LINE('',#9287,#9288);
#9287 = CARTESIAN_POINT('',(-54.,40.,9.));
#9288 = VECTOR('',#9289,1.);
#9289 = DIRECTION('',(0.998790976291,-4.915878028406E-02,0.));
#9290 = ORIENTED_EDGE('',*,*,#9291,.F.);
#9291 = EDGE_CURVE('',#9292,#9284,#9294,.T.);
#9292 = VERTEX_POINT('',#9293);
#9293 = CARTESIAN_POINT('',(-54.39210128784,39.980701446533,9.));
#9294 = LINE('',#9295,#9296);
#9295 = CARTESIAN_POINT('',(-54.39210128784,39.980701446533,9.));
#9296 = VECTOR('',#9297,1.);
#9297 = DIRECTION('',(0.998790976291,4.915878028406E-02,0.));
#9298 = ORIENTED_EDGE('',*,*,#9299,.F.);
#9299 = EDGE_CURVE('',#9300,#9292,#9302,.T.);
#9300 = VERTEX_POINT('',#9301);
#9301 = CARTESIAN_POINT('',(-54.78039932251,39.923099517822,9.));
#9302 = LINE('',#9303,#9304);
#9303 = CARTESIAN_POINT('',(-54.78039932251,39.923099517822,9.));
#9304 = VECTOR('',#9305,1.);
#9305 = DIRECTION('',(0.989175268962,0.146738840371,0.));
#9306 = ORIENTED_EDGE('',*,*,#9307,.F.);
#9307 = EDGE_CURVE('',#9308,#9300,#9310,.T.);
#9308 = VERTEX_POINT('',#9309);
#9309 = CARTESIAN_POINT('',(-55.16109848022,39.827800750732,9.));
#9310 = LINE('',#9311,#9312);
#9311 = CARTESIAN_POINT('',(-55.16109848022,39.827800750732,9.));
#9312 = VECTOR('',#9313,1.);
#9313 = DIRECTION('',(0.970068122753,0.242832940967,0.));
#9314 = ORIENTED_EDGE('',*,*,#9315,.F.);
#9315 = EDGE_CURVE('',#9316,#9308,#9318,.T.);
#9316 = VERTEX_POINT('',#9317);
#9317 = CARTESIAN_POINT('',(-55.53070068359,39.695499420166,9.));
#9318 = LINE('',#9319,#9320);
#9319 = CARTESIAN_POINT('',(-55.53070068359,39.695499420166,9.));
#9320 = VECTOR('',#9321,1.);
#9321 = DIRECTION('',(0.941499174104,0.33701528921,0.));
#9322 = ORIENTED_EDGE('',*,*,#9323,.F.);
#9323 = EDGE_CURVE('',#9324,#9316,#9326,.T.);
#9324 = VERTEX_POINT('',#9325);
#9325 = CARTESIAN_POINT('',(-55.8856010437,39.527698516846,9.));
#9326 = LINE('',#9327,#9328);
#9327 = CARTESIAN_POINT('',(-55.8856010437,39.527698516846,9.));
#9328 = VECTOR('',#9329,1.);
#9329 = DIRECTION('',(0.904042910501,0.427441710615,0.));
#9330 = ORIENTED_EDGE('',*,*,#9331,.T.);
#9331 = EDGE_CURVE('',#9324,#9332,#9334,.T.);
#9332 = VERTEX_POINT('',#9333);
#9333 = CARTESIAN_POINT('',(-56.22230148315,39.325901031494,9.));
#9334 = LINE('',#9335,#9336);
#9335 = CARTESIAN_POINT('',(-55.8856010437,39.527698516846,9.));
#9336 = VECTOR('',#9337,1.);
#9337 = DIRECTION('',(-0.857743203732,-0.514078395239,0.));
#9338 = ORIENTED_EDGE('',*,*,#9339,.F.);
#9339 = EDGE_CURVE('',#9340,#9332,#9342,.T.);
#9340 = VERTEX_POINT('',#9341);
#9341 = CARTESIAN_POINT('',(-56.53760147094,39.091999053955,9.));
#9342 = LINE('',#9343,#9344);
#9343 = CARTESIAN_POINT('',(-56.53760147094,39.091999053955,9.));
#9344 = VECTOR('',#9345,1.);
#9345 = DIRECTION('',(0.803134924565,0.595797191118,0.));
#9346 = ORIENTED_EDGE('',*,*,#9347,.F.);
#9347 = EDGE_CURVE('',#9348,#9340,#9350,.T.);
#9348 = VERTEX_POINT('',#9349);
#9349 = CARTESIAN_POINT('',(-56.8283996582,38.828399658203,9.));
#9350 = LINE('',#9351,#9352);
#9351 = CARTESIAN_POINT('',(-56.8283996582,38.828399658203,9.));
#9352 = VECTOR('',#9353,1.);
#9353 = DIRECTION('',(0.740906393777,0.671608305235,0.));
#9354 = ORIENTED_EDGE('',*,*,#9355,.F.);
#9355 = EDGE_CURVE('',#9356,#9348,#9358,.T.);
#9356 = VERTEX_POINT('',#9357);
#9357 = CARTESIAN_POINT('',(-57.09199905395,38.537601470947,9.));
#9358 = LINE('',#9359,#9360);
#9359 = CARTESIAN_POINT('',(-57.09199905395,38.537601470947,9.));
#9360 = VECTOR('',#9361,1.);
#9361 = DIRECTION('',(0.671608305235,0.740906393777,0.));
#9362 = ORIENTED_EDGE('',*,*,#9363,.F.);
#9363 = EDGE_CURVE('',#9364,#9356,#9366,.T.);
#9364 = VERTEX_POINT('',#9365);
#9365 = CARTESIAN_POINT('',(-57.32590103149,38.222301483154,9.));
#9366 = LINE('',#9367,#9368);
#9367 = CARTESIAN_POINT('',(-57.32590103149,38.222301483154,9.));
#9368 = VECTOR('',#9369,1.);
#9369 = DIRECTION('',(0.595797191118,0.803134924565,0.));
#9370 = ORIENTED_EDGE('',*,*,#9371,.F.);
#9371 = EDGE_CURVE('',#9372,#9364,#9374,.T.);
#9372 = VERTEX_POINT('',#9373);
#9373 = CARTESIAN_POINT('',(-57.52769851684,37.885601043701,9.));
#9374 = LINE('',#9375,#9376);
#9375 = CARTESIAN_POINT('',(-57.52769851684,37.885601043701,9.));
#9376 = VECTOR('',#9377,1.);
#9377 = DIRECTION('',(0.514078395239,0.857743203732,0.));
#9378 = ORIENTED_EDGE('',*,*,#9379,.T.);
#9379 = EDGE_CURVE('',#9372,#9380,#9382,.T.);
#9380 = VERTEX_POINT('',#9381);
#9381 = CARTESIAN_POINT('',(-57.69549942016,37.530700683594,9.));
#9382 = LINE('',#9383,#9384);
#9383 = CARTESIAN_POINT('',(-57.52769851684,37.885601043701,9.));
#9384 = VECTOR('',#9385,1.);
#9385 = DIRECTION('',(-0.427441710615,-0.904042910501,0.));
#9386 = ORIENTED_EDGE('',*,*,#9387,.F.);
#9387 = EDGE_CURVE('',#9388,#9380,#9390,.T.);
#9388 = VERTEX_POINT('',#9389);
#9389 = CARTESIAN_POINT('',(-57.82780075073,37.161098480225,9.));
#9390 = LINE('',#9391,#9392);
#9391 = CARTESIAN_POINT('',(-57.82780075073,37.161098480225,9.));
#9392 = VECTOR('',#9393,1.);
#9393 = DIRECTION('',(0.33701528921,0.941499174104,0.));
#9394 = ORIENTED_EDGE('',*,*,#9395,.F.);
#9395 = EDGE_CURVE('',#9396,#9388,#9398,.T.);
#9396 = VERTEX_POINT('',#9397);
#9397 = CARTESIAN_POINT('',(-57.92309951782,36.78039932251,9.));
#9398 = LINE('',#9399,#9400);
#9399 = CARTESIAN_POINT('',(-57.92309951782,36.78039932251,9.));
#9400 = VECTOR('',#9401,1.);
#9401 = DIRECTION('',(0.242832940967,0.970068122753,0.));
#9402 = ORIENTED_EDGE('',*,*,#9403,.F.);
#9403 = EDGE_CURVE('',#9404,#9396,#9406,.T.);
#9404 = VERTEX_POINT('',#9405);
#9405 = CARTESIAN_POINT('',(-57.98070144653,36.392101287842,9.));
#9406 = LINE('',#9407,#9408);
#9407 = CARTESIAN_POINT('',(-57.98070144653,36.392101287842,9.));
#9408 = VECTOR('',#9409,1.);
#9409 = DIRECTION('',(0.146738840371,0.989175268962,0.));
#9410 = ORIENTED_EDGE('',*,*,#9411,.F.);
#9411 = EDGE_CURVE('',#9412,#9404,#9414,.T.);
#9412 = VERTEX_POINT('',#9413);
#9413 = CARTESIAN_POINT('',(-58.,36.,9.));
#9414 = LINE('',#9415,#9416);
#9415 = CARTESIAN_POINT('',(-58.,36.,9.));
#9416 = VECTOR('',#9417,1.);
#9417 = DIRECTION('',(4.915878028406E-02,0.998790976291,0.));
#9418 = ORIENTED_EDGE('',*,*,#9419,.T.);
#9419 = EDGE_CURVE('',#9412,#8916,#9420,.T.);
#9420 = LINE('',#9421,#9422);
#9421 = CARTESIAN_POINT('',(-58.,36.,9.));
#9422 = VECTOR('',#9423,1.);
#9423 = DIRECTION('',(4.915878028406E-02,-0.998790976291,0.));
#9424 = FACE_BOUND('',#9425,.T.);
#9425 = EDGE_LOOP('',(#9426,#9427,#9428,#9429,#9430,#9431,#9432,#9433,
    #9434,#9435,#9436,#9437,#9438,#9439,#9440,#9441,#9442,#9443,#9444,
    #9445,#9446,#9447,#9448,#9449,#9450,#9451,#9452,#9453,#9454,#9455,
    #9456,#9457,#9458,#9459,#9460,#9461,#9462,#9463,#9464,#9465,#9466,
    #9467,#9468,#9469,#9470,#9471,#9472,#9473,#9474,#9475,#9476,#9477,
    #9478,#9479,#9480,#9481,#9482,#9483,#9484,#9485,#9486,#9487,#9488,
    #9489));
#9426 = ORIENTED_EDGE('',*,*,#3213,.T.);
#9427 = ORIENTED_EDGE('',*,*,#3189,.T.);
#9428 = ORIENTED_EDGE('',*,*,#3165,.T.);
#9429 = ORIENTED_EDGE('',*,*,#3141,.T.);
#9430 = ORIENTED_EDGE('',*,*,#3117,.T.);
#9431 = ORIENTED_EDGE('',*,*,#3093,.T.);
#9432 = ORIENTED_EDGE('',*,*,#3069,.T.);
#9433 = ORIENTED_EDGE('',*,*,#3045,.T.);
#9434 = ORIENTED_EDGE('',*,*,#3021,.T.);
#9435 = ORIENTED_EDGE('',*,*,#2996,.T.);
#9436 = ORIENTED_EDGE('',*,*,#2972,.T.);
#9437 = ORIENTED_EDGE('',*,*,#2948,.T.);
#9438 = ORIENTED_EDGE('',*,*,#2924,.T.);
#9439 = ORIENTED_EDGE('',*,*,#2900,.T.);
#9440 = ORIENTED_EDGE('',*,*,#2876,.T.);
#9441 = ORIENTED_EDGE('',*,*,#2852,.T.);
#9442 = ORIENTED_EDGE('',*,*,#2828,.T.);
#9443 = ORIENTED_EDGE('',*,*,#2804,.T.);
#9444 = ORIENTED_EDGE('',*,*,#2780,.T.);
#9445 = ORIENTED_EDGE('',*,*,#2756,.T.);
#9446 = ORIENTED_EDGE('',*,*,#2732,.T.);
#9447 = ORIENTED_EDGE('',*,*,#2701,.T.);
#9448 = ORIENTED_EDGE('',*,*,#4220,.T.);
#9449 = ORIENTED_EDGE('',*,*,#4196,.T.);
#9450 = ORIENTED_EDGE('',*,*,#4172,.T.);
#9451 = ORIENTED_EDGE('',*,*,#4158,.T.);
#9452 = ORIENTED_EDGE('',*,*,#4134,.T.);
#9453 = ORIENTED_EDGE('',*,*,#4110,.T.);
#9454 = ORIENTED_EDGE('',*,*,#4086,.T.);
#9455 = ORIENTED_EDGE('',*,*,#4062,.T.);
#9456 = ORIENTED_EDGE('',*,*,#4038,.T.);
#9457 = ORIENTED_EDGE('',*,*,#4014,.T.);
#9458 = ORIENTED_EDGE('',*,*,#3990,.T.);
#9459 = ORIENTED_EDGE('',*,*,#3966,.T.);
#9460 = ORIENTED_EDGE('',*,*,#3942,.T.);
#9461 = ORIENTED_EDGE('',*,*,#3918,.T.);
#9462 = ORIENTED_EDGE('',*,*,#3894,.T.);
#9463 = ORIENTED_EDGE('',*,*,#3870,.T.);
#9464 = ORIENTED_EDGE('',*,*,#3846,.T.);
#9465 = ORIENTED_EDGE('',*,*,#3822,.T.);
#9466 = ORIENTED_EDGE('',*,*,#3798,.T.);
#9467 = ORIENTED_EDGE('',*,*,#3764,.T.);
#9468 = ORIENTED_EDGE('',*,*,#3740,.T.);
#9469 = ORIENTED_EDGE('',*,*,#3716,.T.);
#9470 = ORIENTED_EDGE('',*,*,#3692,.T.);
#9471 = ORIENTED_EDGE('',*,*,#3668,.T.);
#9472 = ORIENTED_EDGE('',*,*,#3644,.T.);
#9473 = ORIENTED_EDGE('',*,*,#3620,.T.);
#9474 = ORIENTED_EDGE('',*,*,#3596,.T.);
#9475 = ORIENTED_EDGE('',*,*,#3572,.T.);
#9476 = ORIENTED_EDGE('',*,*,#3548,.T.);
#9477 = ORIENTED_EDGE('',*,*,#3524,.T.);
#9478 = ORIENTED_EDGE('',*,*,#3500,.T.);
#9479 = ORIENTED_EDGE('',*,*,#3476,.T.);
#9480 = ORIENTED_EDGE('',*,*,#3452,.T.);
#9481 = ORIENTED_EDGE('',*,*,#3428,.T.);
#9482 = ORIENTED_EDGE('',*,*,#3404,.T.);
#9483 = ORIENTED_EDGE('',*,*,#3381,.T.);
#9484 = ORIENTED_EDGE('',*,*,#3357,.T.);
#9485 = ORIENTED_EDGE('',*,*,#3333,.T.);
#9486 = ORIENTED_EDGE('',*,*,#3309,.T.);
#9487 = ORIENTED_EDGE('',*,*,#3285,.T.);
#9488 = ORIENTED_EDGE('',*,*,#3261,.T.);
#9489 = ORIENTED_EDGE('',*,*,#3237,.T.);
#9490 = PLANE('',#9491);
#9491 = AXIS2_PLACEMENT_3D('',#9492,#9493,#9494);
#9492 = CARTESIAN_POINT('',(-54.,36.,9.));
#9493 = DIRECTION('',(0.,0.,1.));
#9494 = DIRECTION('',(1.,0.,0.));
#9495 = ADVANCED_FACE('',(#9496,#10001),#10067,.T.);
#9496 = FACE_BOUND('',#9497,.T.);
#9497 = EDGE_LOOP('',(#9498,#9506,#9514,#9522,#9530,#9538,#9546,#9554,
    #9562,#9570,#9578,#9586,#9594,#9602,#9610,#9618,#9626,#9634,#9642,
    #9650,#9658,#9666,#9674,#9682,#9690,#9698,#9706,#9714,#9722,#9730,
    #9738,#9746,#9754,#9762,#9770,#9778,#9786,#9794,#9802,#9810,#9818,
    #9826,#9834,#9842,#9850,#9858,#9866,#9874,#9882,#9890,#9898,#9906,
    #9914,#9922,#9930,#9938,#9946,#9954,#9962,#9970,#9978,#9986,#9994,
    #10000));
#9498 = ORIENTED_EDGE('',*,*,#9499,.T.);
#9499 = EDGE_CURVE('',#40,#9500,#9502,.T.);
#9500 = VERTEX_POINT('',#9501);
#9501 = CARTESIAN_POINT('',(50.076900482178,35.21960067749,9.));
#9502 = LINE('',#9503,#9504);
#9503 = CARTESIAN_POINT('',(50.019298553467,35.607898712158,9.));
#9504 = VECTOR('',#9505,1.);
#9505 = DIRECTION('',(0.146738840371,-0.989175268962,0.));
#9506 = ORIENTED_EDGE('',*,*,#9507,.T.);
#9507 = EDGE_CURVE('',#9500,#9508,#9510,.T.);
#9508 = VERTEX_POINT('',#9509);
#9509 = CARTESIAN_POINT('',(50.172199249268,34.838901519775,9.));
#9510 = LINE('',#9511,#9512);
#9511 = CARTESIAN_POINT('',(50.076900482178,35.21960067749,9.));
#9512 = VECTOR('',#9513,1.);
#9513 = DIRECTION('',(0.242832940967,-0.970068122753,0.));
#9514 = ORIENTED_EDGE('',*,*,#9515,.F.);
#9515 = EDGE_CURVE('',#9516,#9508,#9518,.T.);
#9516 = VERTEX_POINT('',#9517);
#9517 = CARTESIAN_POINT('',(50.304500579834,34.469299316406,9.));
#9518 = LINE('',#9519,#9520);
#9519 = CARTESIAN_POINT('',(50.304500579834,34.469299316406,9.));
#9520 = VECTOR('',#9521,1.);
#9521 = DIRECTION('',(-0.33701528921,0.941499174104,0.));
#9522 = ORIENTED_EDGE('',*,*,#9523,.F.);
#9523 = EDGE_CURVE('',#9524,#9516,#9526,.T.);
#9524 = VERTEX_POINT('',#9525);
#9525 = CARTESIAN_POINT('',(50.472301483154,34.114398956299,9.));
#9526 = LINE('',#9527,#9528);
#9527 = CARTESIAN_POINT('',(50.472301483154,34.114398956299,9.));
#9528 = VECTOR('',#9529,1.);
#9529 = DIRECTION('',(-0.427441710615,0.904042910501,0.));
#9530 = ORIENTED_EDGE('',*,*,#9531,.F.);
#9531 = EDGE_CURVE('',#9532,#9524,#9534,.T.);
#9532 = VERTEX_POINT('',#9533);
#9533 = CARTESIAN_POINT('',(50.674098968506,33.777698516846,9.));
#9534 = LINE('',#9535,#9536);
#9535 = CARTESIAN_POINT('',(50.674098968506,33.777698516846,9.));
#9536 = VECTOR('',#9537,1.);
#9537 = DIRECTION('',(-0.514078395239,0.857743203732,0.));
#9538 = ORIENTED_EDGE('',*,*,#9539,.T.);
#9539 = EDGE_CURVE('',#9532,#9540,#9542,.T.);
#9540 = VERTEX_POINT('',#9541);
#9541 = CARTESIAN_POINT('',(50.908000946045,33.462398529053,9.));
#9542 = LINE('',#9543,#9544);
#9543 = CARTESIAN_POINT('',(50.674098968506,33.777698516846,9.));
#9544 = VECTOR('',#9545,1.);
#9545 = DIRECTION('',(0.595797191118,-0.803134924565,0.));
#9546 = ORIENTED_EDGE('',*,*,#9547,.T.);
#9547 = EDGE_CURVE('',#9540,#9548,#9550,.T.);
#9548 = VERTEX_POINT('',#9549);
#9549 = CARTESIAN_POINT('',(51.171600341797,33.171600341797,9.));
#9550 = LINE('',#9551,#9552);
#9551 = CARTESIAN_POINT('',(50.908000946045,33.462398529053,9.));
#9552 = VECTOR('',#9553,1.);
#9553 = DIRECTION('',(0.671608305235,-0.740906393777,0.));
#9554 = ORIENTED_EDGE('',*,*,#9555,.T.);
#9555 = EDGE_CURVE('',#9548,#9556,#9558,.T.);
#9556 = VERTEX_POINT('',#9557);
#9557 = CARTESIAN_POINT('',(51.462398529053,32.908000946045,9.));
#9558 = LINE('',#9559,#9560);
#9559 = CARTESIAN_POINT('',(51.171600341797,33.171600341797,9.));
#9560 = VECTOR('',#9561,1.);
#9561 = DIRECTION('',(0.740906393777,-0.671608305235,0.));
#9562 = ORIENTED_EDGE('',*,*,#9563,.F.);
#9563 = EDGE_CURVE('',#9564,#9556,#9566,.T.);
#9564 = VERTEX_POINT('',#9565);
#9565 = CARTESIAN_POINT('',(51.777698516846,32.674098968506,9.));
#9566 = LINE('',#9567,#9568);
#9567 = CARTESIAN_POINT('',(51.777698516846,32.674098968506,9.));
#9568 = VECTOR('',#9569,1.);
#9569 = DIRECTION('',(-0.803134924565,0.595797191118,0.));
#9570 = ORIENTED_EDGE('',*,*,#9571,.T.);
#9571 = EDGE_CURVE('',#9564,#9572,#9574,.T.);
#9572 = VERTEX_POINT('',#9573);
#9573 = CARTESIAN_POINT('',(52.114398956299,32.472301483154,9.));
#9574 = LINE('',#9575,#9576);
#9575 = CARTESIAN_POINT('',(51.777698516846,32.674098968506,9.));
#9576 = VECTOR('',#9577,1.);
#9577 = DIRECTION('',(0.857743203732,-0.514078395239,0.));
#9578 = ORIENTED_EDGE('',*,*,#9579,.T.);
#9579 = EDGE_CURVE('',#9572,#9580,#9582,.T.);
#9580 = VERTEX_POINT('',#9581);
#9581 = CARTESIAN_POINT('',(52.469299316406,32.304500579834,9.));
#9582 = LINE('',#9583,#9584);
#9583 = CARTESIAN_POINT('',(52.114398956299,32.472301483154,9.));
#9584 = VECTOR('',#9585,1.);
#9585 = DIRECTION('',(0.904042910501,-0.427441710615,0.));
#9586 = ORIENTED_EDGE('',*,*,#9587,.F.);
#9587 = EDGE_CURVE('',#9588,#9580,#9590,.T.);
#9588 = VERTEX_POINT('',#9589);
#9589 = CARTESIAN_POINT('',(52.838901519775,32.172199249268,9.));
#9590 = LINE('',#9591,#9592);
#9591 = CARTESIAN_POINT('',(52.838901519775,32.172199249268,9.));
#9592 = VECTOR('',#9593,1.);
#9593 = DIRECTION('',(-0.941499174104,0.33701528921,0.));
#9594 = ORIENTED_EDGE('',*,*,#9595,.F.);
#9595 = EDGE_CURVE('',#9596,#9588,#9598,.T.);
#9596 = VERTEX_POINT('',#9597);
#9597 = CARTESIAN_POINT('',(53.21960067749,32.076900482178,9.));
#9598 = LINE('',#9599,#9600);
#9599 = CARTESIAN_POINT('',(53.21960067749,32.076900482178,9.));
#9600 = VECTOR('',#9601,1.);
#9601 = DIRECTION('',(-0.970068122753,0.242832940967,0.));
#9602 = ORIENTED_EDGE('',*,*,#9603,.T.);
#9603 = EDGE_CURVE('',#9596,#9604,#9606,.T.);
#9604 = VERTEX_POINT('',#9605);
#9605 = CARTESIAN_POINT('',(53.607898712158,32.019298553467,9.));
#9606 = LINE('',#9607,#9608);
#9607 = CARTESIAN_POINT('',(53.21960067749,32.076900482178,9.));
#9608 = VECTOR('',#9609,1.);
#9609 = DIRECTION('',(0.989175268962,-0.146738840371,0.));
#9610 = ORIENTED_EDGE('',*,*,#9611,.T.);
#9611 = EDGE_CURVE('',#9604,#9612,#9614,.T.);
#9612 = VERTEX_POINT('',#9613);
#9613 = CARTESIAN_POINT('',(54.,32.,9.));
#9614 = LINE('',#9615,#9616);
#9615 = CARTESIAN_POINT('',(53.607898712158,32.019298553467,9.));
#9616 = VECTOR('',#9617,1.);
#9617 = DIRECTION('',(0.998790976291,-4.915878028406E-02,0.));
#9618 = ORIENTED_EDGE('',*,*,#9619,.T.);
#9619 = EDGE_CURVE('',#9612,#9620,#9622,.T.);
#9620 = VERTEX_POINT('',#9621);
#9621 = CARTESIAN_POINT('',(54.392101287842,32.019298553467,9.));
#9622 = LINE('',#9623,#9624);
#9623 = CARTESIAN_POINT('',(54.,32.,9.));
#9624 = VECTOR('',#9625,1.);
#9625 = DIRECTION('',(0.998790976291,4.915878028406E-02,0.));
#9626 = ORIENTED_EDGE('',*,*,#9627,.T.);
#9627 = EDGE_CURVE('',#9620,#9628,#9630,.T.);
#9628 = VERTEX_POINT('',#9629);
#9629 = CARTESIAN_POINT('',(54.78039932251,32.076900482178,9.));
#9630 = LINE('',#9631,#9632);
#9631 = CARTESIAN_POINT('',(54.392101287842,32.019298553467,9.));
#9632 = VECTOR('',#9633,1.);
#9633 = DIRECTION('',(0.989175268962,0.146738840371,0.));
#9634 = ORIENTED_EDGE('',*,*,#9635,.F.);
#9635 = EDGE_CURVE('',#9636,#9628,#9638,.T.);
#9636 = VERTEX_POINT('',#9637);
#9637 = CARTESIAN_POINT('',(55.161098480225,32.172199249268,9.));
#9638 = LINE('',#9639,#9640);
#9639 = CARTESIAN_POINT('',(55.161098480225,32.172199249268,9.));
#9640 = VECTOR('',#9641,1.);
#9641 = DIRECTION('',(-0.970068122753,-0.242832940967,0.));
#9642 = ORIENTED_EDGE('',*,*,#9643,.F.);
#9643 = EDGE_CURVE('',#9644,#9636,#9646,.T.);
#9644 = VERTEX_POINT('',#9645);
#9645 = CARTESIAN_POINT('',(55.530700683594,32.304500579834,9.));
#9646 = LINE('',#9647,#9648);
#9647 = CARTESIAN_POINT('',(55.530700683594,32.304500579834,9.));
#9648 = VECTOR('',#9649,1.);
#9649 = DIRECTION('',(-0.941499174104,-0.33701528921,0.));
#9650 = ORIENTED_EDGE('',*,*,#9651,.F.);
#9651 = EDGE_CURVE('',#9652,#9644,#9654,.T.);
#9652 = VERTEX_POINT('',#9653);
#9653 = CARTESIAN_POINT('',(55.885601043701,32.472301483154,9.));
#9654 = LINE('',#9655,#9656);
#9655 = CARTESIAN_POINT('',(55.885601043701,32.472301483154,9.));
#9656 = VECTOR('',#9657,1.);
#9657 = DIRECTION('',(-0.904042910501,-0.427441710615,0.));
#9658 = ORIENTED_EDGE('',*,*,#9659,.F.);
#9659 = EDGE_CURVE('',#9660,#9652,#9662,.T.);
#9660 = VERTEX_POINT('',#9661);
#9661 = CARTESIAN_POINT('',(56.222301483154,32.674098968506,9.));
#9662 = LINE('',#9663,#9664);
#9663 = CARTESIAN_POINT('',(56.222301483154,32.674098968506,9.));
#9664 = VECTOR('',#9665,1.);
#9665 = DIRECTION('',(-0.857743203732,-0.514078395239,0.));
#9666 = ORIENTED_EDGE('',*,*,#9667,.T.);
#9667 = EDGE_CURVE('',#9660,#9668,#9670,.T.);
#9668 = VERTEX_POINT('',#9669);
#9669 = CARTESIAN_POINT('',(56.537601470947,32.908000946045,9.));
#9670 = LINE('',#9671,#9672);
#9671 = CARTESIAN_POINT('',(56.222301483154,32.674098968506,9.));
#9672 = VECTOR('',#9673,1.);
#9673 = DIRECTION('',(0.803134924565,0.595797191118,0.));
#9674 = ORIENTED_EDGE('',*,*,#9675,.T.);
#9675 = EDGE_CURVE('',#9668,#9676,#9678,.T.);
#9676 = VERTEX_POINT('',#9677);
#9677 = CARTESIAN_POINT('',(56.828399658203,33.171600341797,9.));
#9678 = LINE('',#9679,#9680);
#9679 = CARTESIAN_POINT('',(56.537601470947,32.908000946045,9.));
#9680 = VECTOR('',#9681,1.);
#9681 = DIRECTION('',(0.740906393777,0.671608305235,0.));
#9682 = ORIENTED_EDGE('',*,*,#9683,.T.);
#9683 = EDGE_CURVE('',#9676,#9684,#9686,.T.);
#9684 = VERTEX_POINT('',#9685);
#9685 = CARTESIAN_POINT('',(57.091999053955,33.462398529053,9.));
#9686 = LINE('',#9687,#9688);
#9687 = CARTESIAN_POINT('',(56.828399658203,33.171600341797,9.));
#9688 = VECTOR('',#9689,1.);
#9689 = DIRECTION('',(0.671608305235,0.740906393777,0.));
#9690 = ORIENTED_EDGE('',*,*,#9691,.F.);
#9691 = EDGE_CURVE('',#9692,#9684,#9694,.T.);
#9692 = VERTEX_POINT('',#9693);
#9693 = CARTESIAN_POINT('',(57.325901031494,33.777698516846,9.));
#9694 = LINE('',#9695,#9696);
#9695 = CARTESIAN_POINT('',(57.325901031494,33.777698516846,9.));
#9696 = VECTOR('',#9697,1.);
#9697 = DIRECTION('',(-0.595797191118,-0.803134924565,0.));
#9698 = ORIENTED_EDGE('',*,*,#9699,.T.);
#9699 = EDGE_CURVE('',#9692,#9700,#9702,.T.);
#9700 = VERTEX_POINT('',#9701);
#9701 = CARTESIAN_POINT('',(57.527698516846,34.114398956299,9.));
#9702 = LINE('',#9703,#9704);
#9703 = CARTESIAN_POINT('',(57.325901031494,33.777698516846,9.));
#9704 = VECTOR('',#9705,1.);
#9705 = DIRECTION('',(0.514078395239,0.857743203732,0.));
#9706 = ORIENTED_EDGE('',*,*,#9707,.F.);
#9707 = EDGE_CURVE('',#9708,#9700,#9710,.T.);
#9708 = VERTEX_POINT('',#9709);
#9709 = CARTESIAN_POINT('',(57.695499420166,34.469299316406,9.));
#9710 = LINE('',#9711,#9712);
#9711 = CARTESIAN_POINT('',(57.695499420166,34.469299316406,9.));
#9712 = VECTOR('',#9713,1.);
#9713 = DIRECTION('',(-0.427441710615,-0.904042910501,0.));
#9714 = ORIENTED_EDGE('',*,*,#9715,.T.);
#9715 = EDGE_CURVE('',#9708,#9716,#9718,.T.);
#9716 = VERTEX_POINT('',#9717);
#9717 = CARTESIAN_POINT('',(57.827800750732,34.838901519775,9.));
#9718 = LINE('',#9719,#9720);
#9719 = CARTESIAN_POINT('',(57.695499420166,34.469299316406,9.));
#9720 = VECTOR('',#9721,1.);
#9721 = DIRECTION('',(0.33701528921,0.941499174104,0.));
#9722 = ORIENTED_EDGE('',*,*,#9723,.F.);
#9723 = EDGE_CURVE('',#9724,#9716,#9726,.T.);
#9724 = VERTEX_POINT('',#9725);
#9725 = CARTESIAN_POINT('',(57.923099517822,35.21960067749,9.));
#9726 = LINE('',#9727,#9728);
#9727 = CARTESIAN_POINT('',(57.923099517822,35.21960067749,9.));
#9728 = VECTOR('',#9729,1.);
#9729 = DIRECTION('',(-0.242832940967,-0.970068122753,0.));
#9730 = ORIENTED_EDGE('',*,*,#9731,.F.);
#9731 = EDGE_CURVE('',#9732,#9724,#9734,.T.);
#9732 = VERTEX_POINT('',#9733);
#9733 = CARTESIAN_POINT('',(57.980701446533,35.607898712158,9.));
#9734 = LINE('',#9735,#9736);
#9735 = CARTESIAN_POINT('',(57.980701446533,35.607898712158,9.));
#9736 = VECTOR('',#9737,1.);
#9737 = DIRECTION('',(-0.146738840371,-0.989175268962,0.));
#9738 = ORIENTED_EDGE('',*,*,#9739,.F.);
#9739 = EDGE_CURVE('',#9740,#9732,#9742,.T.);
#9740 = VERTEX_POINT('',#9741);
#9741 = CARTESIAN_POINT('',(58.,36.,9.));
#9742 = LINE('',#9743,#9744);
#9743 = CARTESIAN_POINT('',(58.,36.,9.));
#9744 = VECTOR('',#9745,1.);
#9745 = DIRECTION('',(-4.915878028406E-02,-0.998790976291,0.));
#9746 = ORIENTED_EDGE('',*,*,#9747,.F.);
#9747 = EDGE_CURVE('',#9748,#9740,#9750,.T.);
#9748 = VERTEX_POINT('',#9749);
#9749 = CARTESIAN_POINT('',(57.980701446533,36.392101287842,9.));
#9750 = LINE('',#9751,#9752);
#9751 = CARTESIAN_POINT('',(57.980701446533,36.392101287842,9.));
#9752 = VECTOR('',#9753,1.);
#9753 = DIRECTION('',(4.915878028406E-02,-0.998790976291,0.));
#9754 = ORIENTED_EDGE('',*,*,#9755,.F.);
#9755 = EDGE_CURVE('',#9756,#9748,#9758,.T.);
#9756 = VERTEX_POINT('',#9757);
#9757 = CARTESIAN_POINT('',(57.923099517822,36.78039932251,9.));
#9758 = LINE('',#9759,#9760);
#9759 = CARTESIAN_POINT('',(57.923099517822,36.78039932251,9.));
#9760 = VECTOR('',#9761,1.);
#9761 = DIRECTION('',(0.146738840371,-0.989175268962,0.));
#9762 = ORIENTED_EDGE('',*,*,#9763,.F.);
#9763 = EDGE_CURVE('',#9764,#9756,#9766,.T.);
#9764 = VERTEX_POINT('',#9765);
#9765 = CARTESIAN_POINT('',(57.827800750732,37.161098480225,9.));
#9766 = LINE('',#9767,#9768);
#9767 = CARTESIAN_POINT('',(57.827800750732,37.161098480225,9.));
#9768 = VECTOR('',#9769,1.);
#9769 = DIRECTION('',(0.242832940967,-0.970068122753,0.));
#9770 = ORIENTED_EDGE('',*,*,#9771,.T.);
#9771 = EDGE_CURVE('',#9764,#9772,#9774,.T.);
#9772 = VERTEX_POINT('',#9773);
#9773 = CARTESIAN_POINT('',(57.695499420166,37.530700683594,9.));
#9774 = LINE('',#9775,#9776);
#9775 = CARTESIAN_POINT('',(57.827800750732,37.161098480225,9.));
#9776 = VECTOR('',#9777,1.);
#9777 = DIRECTION('',(-0.33701528921,0.941499174104,0.));
#9778 = ORIENTED_EDGE('',*,*,#9779,.T.);
#9779 = EDGE_CURVE('',#9772,#9780,#9782,.T.);
#9780 = VERTEX_POINT('',#9781);
#9781 = CARTESIAN_POINT('',(57.527698516846,37.885601043701,9.));
#9782 = LINE('',#9783,#9784);
#9783 = CARTESIAN_POINT('',(57.695499420166,37.530700683594,9.));
#9784 = VECTOR('',#9785,1.);
#9785 = DIRECTION('',(-0.427441710615,0.904042910501,0.));
#9786 = ORIENTED_EDGE('',*,*,#9787,.F.);
#9787 = EDGE_CURVE('',#9788,#9780,#9790,.T.);
#9788 = VERTEX_POINT('',#9789);
#9789 = CARTESIAN_POINT('',(57.325901031494,38.222301483154,9.));
#9790 = LINE('',#9791,#9792);
#9791 = CARTESIAN_POINT('',(57.325901031494,38.222301483154,9.));
#9792 = VECTOR('',#9793,1.);
#9793 = DIRECTION('',(0.514078395239,-0.857743203732,0.));
#9794 = ORIENTED_EDGE('',*,*,#9795,.F.);
#9795 = EDGE_CURVE('',#9796,#9788,#9798,.T.);
#9796 = VERTEX_POINT('',#9797);
#9797 = CARTESIAN_POINT('',(57.091999053955,38.537601470947,9.));
#9798 = LINE('',#9799,#9800);
#9799 = CARTESIAN_POINT('',(57.091999053955,38.537601470947,9.));
#9800 = VECTOR('',#9801,1.);
#9801 = DIRECTION('',(0.595797191118,-0.803134924565,0.));
#9802 = ORIENTED_EDGE('',*,*,#9803,.T.);
#9803 = EDGE_CURVE('',#9796,#9804,#9806,.T.);
#9804 = VERTEX_POINT('',#9805);
#9805 = CARTESIAN_POINT('',(56.828399658203,38.828399658203,9.));
#9806 = LINE('',#9807,#9808);
#9807 = CARTESIAN_POINT('',(57.091999053955,38.537601470947,9.));
#9808 = VECTOR('',#9809,1.);
#9809 = DIRECTION('',(-0.671608305235,0.740906393777,0.));
#9810 = ORIENTED_EDGE('',*,*,#9811,.F.);
#9811 = EDGE_CURVE('',#9812,#9804,#9814,.T.);
#9812 = VERTEX_POINT('',#9813);
#9813 = CARTESIAN_POINT('',(56.537601470947,39.091999053955,9.));
#9814 = LINE('',#9815,#9816);
#9815 = CARTESIAN_POINT('',(56.537601470947,39.091999053955,9.));
#9816 = VECTOR('',#9817,1.);
#9817 = DIRECTION('',(0.740906393777,-0.671608305235,0.));
#9818 = ORIENTED_EDGE('',*,*,#9819,.T.);
#9819 = EDGE_CURVE('',#9812,#9820,#9822,.T.);
#9820 = VERTEX_POINT('',#9821);
#9821 = CARTESIAN_POINT('',(56.222301483154,39.325901031494,9.));
#9822 = LINE('',#9823,#9824);
#9823 = CARTESIAN_POINT('',(56.537601470947,39.091999053955,9.));
#9824 = VECTOR('',#9825,1.);
#9825 = DIRECTION('',(-0.803134924565,0.595797191118,0.));
#9826 = ORIENTED_EDGE('',*,*,#9827,.T.);
#9827 = EDGE_CURVE('',#9820,#9828,#9830,.T.);
#9828 = VERTEX_POINT('',#9829);
#9829 = CARTESIAN_POINT('',(55.885601043701,39.527698516846,9.));
#9830 = LINE('',#9831,#9832);
#9831 = CARTESIAN_POINT('',(56.222301483154,39.325901031494,9.));
#9832 = VECTOR('',#9833,1.);
#9833 = DIRECTION('',(-0.857743203732,0.514078395239,0.));
#9834 = ORIENTED_EDGE('',*,*,#9835,.F.);
#9835 = EDGE_CURVE('',#9836,#9828,#9838,.T.);
#9836 = VERTEX_POINT('',#9837);
#9837 = CARTESIAN_POINT('',(55.530700683594,39.695499420166,9.));
#9838 = LINE('',#9839,#9840);
#9839 = CARTESIAN_POINT('',(55.530700683594,39.695499420166,9.));
#9840 = VECTOR('',#9841,1.);
#9841 = DIRECTION('',(0.904042910501,-0.427441710615,0.));
#9842 = ORIENTED_EDGE('',*,*,#9843,.F.);
#9843 = EDGE_CURVE('',#9844,#9836,#9846,.T.);
#9844 = VERTEX_POINT('',#9845);
#9845 = CARTESIAN_POINT('',(55.161098480225,39.827800750732,9.));
#9846 = LINE('',#9847,#9848);
#9847 = CARTESIAN_POINT('',(55.161098480225,39.827800750732,9.));
#9848 = VECTOR('',#9849,1.);
#9849 = DIRECTION('',(0.941499174104,-0.33701528921,0.));
#9850 = ORIENTED_EDGE('',*,*,#9851,.T.);
#9851 = EDGE_CURVE('',#9844,#9852,#9854,.T.);
#9852 = VERTEX_POINT('',#9853);
#9853 = CARTESIAN_POINT('',(54.78039932251,39.923099517822,9.));
#9854 = LINE('',#9855,#9856);
#9855 = CARTESIAN_POINT('',(55.161098480225,39.827800750732,9.));
#9856 = VECTOR('',#9857,1.);
#9857 = DIRECTION('',(-0.970068122753,0.242832940967,0.));
#9858 = ORIENTED_EDGE('',*,*,#9859,.F.);
#9859 = EDGE_CURVE('',#9860,#9852,#9862,.T.);
#9860 = VERTEX_POINT('',#9861);
#9861 = CARTESIAN_POINT('',(54.392101287842,39.980701446533,9.));
#9862 = LINE('',#9863,#9864);
#9863 = CARTESIAN_POINT('',(54.392101287842,39.980701446533,9.));
#9864 = VECTOR('',#9865,1.);
#9865 = DIRECTION('',(0.989175268962,-0.146738840371,0.));
#9866 = ORIENTED_EDGE('',*,*,#9867,.T.);
#9867 = EDGE_CURVE('',#9860,#9868,#9870,.T.);
#9868 = VERTEX_POINT('',#9869);
#9869 = CARTESIAN_POINT('',(54.,40.,9.));
#9870 = LINE('',#9871,#9872);
#9871 = CARTESIAN_POINT('',(54.392101287842,39.980701446533,9.));
#9872 = VECTOR('',#9873,1.);
#9873 = DIRECTION('',(-0.998790976291,4.915878028406E-02,0.));
#9874 = ORIENTED_EDGE('',*,*,#9875,.F.);
#9875 = EDGE_CURVE('',#9876,#9868,#9878,.T.);
#9876 = VERTEX_POINT('',#9877);
#9877 = CARTESIAN_POINT('',(53.607898712158,39.980701446533,9.));
#9878 = LINE('',#9879,#9880);
#9879 = CARTESIAN_POINT('',(53.607898712158,39.980701446533,9.));
#9880 = VECTOR('',#9881,1.);
#9881 = DIRECTION('',(0.998790976291,4.915878028406E-02,0.));
#9882 = ORIENTED_EDGE('',*,*,#9883,.T.);
#9883 = EDGE_CURVE('',#9876,#9884,#9886,.T.);
#9884 = VERTEX_POINT('',#9885);
#9885 = CARTESIAN_POINT('',(53.21960067749,39.923099517822,9.));
#9886 = LINE('',#9887,#9888);
#9887 = CARTESIAN_POINT('',(53.607898712158,39.980701446533,9.));
#9888 = VECTOR('',#9889,1.);
#9889 = DIRECTION('',(-0.989175268962,-0.146738840371,0.));
#9890 = ORIENTED_EDGE('',*,*,#9891,.F.);
#9891 = EDGE_CURVE('',#9892,#9884,#9894,.T.);
#9892 = VERTEX_POINT('',#9893);
#9893 = CARTESIAN_POINT('',(52.838901519775,39.827800750732,9.));
#9894 = LINE('',#9895,#9896);
#9895 = CARTESIAN_POINT('',(52.838901519775,39.827800750732,9.));
#9896 = VECTOR('',#9897,1.);
#9897 = DIRECTION('',(0.970068122753,0.242832940967,0.));
#9898 = ORIENTED_EDGE('',*,*,#9899,.F.);
#9899 = EDGE_CURVE('',#9900,#9892,#9902,.T.);
#9900 = VERTEX_POINT('',#9901);
#9901 = CARTESIAN_POINT('',(52.469299316406,39.695499420166,9.));
#9902 = LINE('',#9903,#9904);
#9903 = CARTESIAN_POINT('',(52.469299316406,39.695499420166,9.));
#9904 = VECTOR('',#9905,1.);
#9905 = DIRECTION('',(0.941499174104,0.33701528921,0.));
#9906 = ORIENTED_EDGE('',*,*,#9907,.F.);
#9907 = EDGE_CURVE('',#9908,#9900,#9910,.T.);
#9908 = VERTEX_POINT('',#9909);
#9909 = CARTESIAN_POINT('',(52.114398956299,39.527698516846,9.));
#9910 = LINE('',#9911,#9912);
#9911 = CARTESIAN_POINT('',(52.114398956299,39.527698516846,9.));
#9912 = VECTOR('',#9913,1.);
#9913 = DIRECTION('',(0.904042910501,0.427441710615,0.));
#9914 = ORIENTED_EDGE('',*,*,#9915,.F.);
#9915 = EDGE_CURVE('',#9916,#9908,#9918,.T.);
#9916 = VERTEX_POINT('',#9917);
#9917 = CARTESIAN_POINT('',(51.777698516846,39.325901031494,9.));
#9918 = LINE('',#9919,#9920);
#9919 = CARTESIAN_POINT('',(51.777698516846,39.325901031494,9.));
#9920 = VECTOR('',#9921,1.);
#9921 = DIRECTION('',(0.857743203732,0.514078395239,0.));
#9922 = ORIENTED_EDGE('',*,*,#9923,.F.);
#9923 = EDGE_CURVE('',#9924,#9916,#9926,.T.);
#9924 = VERTEX_POINT('',#9925);
#9925 = CARTESIAN_POINT('',(51.462398529053,39.091999053955,9.));
#9926 = LINE('',#9927,#9928);
#9927 = CARTESIAN_POINT('',(51.462398529053,39.091999053955,9.));
#9928 = VECTOR('',#9929,1.);
#9929 = DIRECTION('',(0.803134924565,0.595797191118,0.));
#9930 = ORIENTED_EDGE('',*,*,#9931,.F.);
#9931 = EDGE_CURVE('',#9932,#9924,#9934,.T.);
#9932 = VERTEX_POINT('',#9933);
#9933 = CARTESIAN_POINT('',(51.171600341797,38.828399658203,9.));
#9934 = LINE('',#9935,#9936);
#9935 = CARTESIAN_POINT('',(51.171600341797,38.828399658203,9.));
#9936 = VECTOR('',#9937,1.);
#9937 = DIRECTION('',(0.740906393777,0.671608305235,0.));
#9938 = ORIENTED_EDGE('',*,*,#9939,.T.);
#9939 = EDGE_CURVE('',#9932,#9940,#9942,.T.);
#9940 = VERTEX_POINT('',#9941);
#9941 = CARTESIAN_POINT('',(50.908000946045,38.537601470947,9.));
#9942 = LINE('',#9943,#9944);
#9943 = CARTESIAN_POINT('',(51.171600341797,38.828399658203,9.));
#9944 = VECTOR('',#9945,1.);
#9945 = DIRECTION('',(-0.671608305235,-0.740906393777,0.));
#9946 = ORIENTED_EDGE('',*,*,#9947,.F.);
#9947 = EDGE_CURVE('',#9948,#9940,#9950,.T.);
#9948 = VERTEX_POINT('',#9949);
#9949 = CARTESIAN_POINT('',(50.674098968506,38.222301483154,9.));
#9950 = LINE('',#9951,#9952);
#9951 = CARTESIAN_POINT('',(50.674098968506,38.222301483154,9.));
#9952 = VECTOR('',#9953,1.);
#9953 = DIRECTION('',(0.595797191118,0.803134924565,0.));
#9954 = ORIENTED_EDGE('',*,*,#9955,.F.);
#9955 = EDGE_CURVE('',#9956,#9948,#9958,.T.);
#9956 = VERTEX_POINT('',#9957);
#9957 = CARTESIAN_POINT('',(50.472301483154,37.885601043701,9.));
#9958 = LINE('',#9959,#9960);
#9959 = CARTESIAN_POINT('',(50.472301483154,37.885601043701,9.));
#9960 = VECTOR('',#9961,1.);
#9961 = DIRECTION('',(0.514078395239,0.857743203732,0.));
#9962 = ORIENTED_EDGE('',*,*,#9963,.T.);
#9963 = EDGE_CURVE('',#9956,#9964,#9966,.T.);
#9964 = VERTEX_POINT('',#9965);
#9965 = CARTESIAN_POINT('',(50.304500579834,37.530700683594,9.));
#9966 = LINE('',#9967,#9968);
#9967 = CARTESIAN_POINT('',(50.472301483154,37.885601043701,9.));
#9968 = VECTOR('',#9969,1.);
#9969 = DIRECTION('',(-0.427441710615,-0.904042910501,0.));
#9970 = ORIENTED_EDGE('',*,*,#9971,.F.);
#9971 = EDGE_CURVE('',#9972,#9964,#9974,.T.);
#9972 = VERTEX_POINT('',#9973);
#9973 = CARTESIAN_POINT('',(50.172199249268,37.161098480225,9.));
#9974 = LINE('',#9975,#9976);
#9975 = CARTESIAN_POINT('',(50.172199249268,37.161098480225,9.));
#9976 = VECTOR('',#9977,1.);
#9977 = DIRECTION('',(0.33701528921,0.941499174104,0.));
#9978 = ORIENTED_EDGE('',*,*,#9979,.T.);
#9979 = EDGE_CURVE('',#9972,#9980,#9982,.T.);
#9980 = VERTEX_POINT('',#9981);
#9981 = CARTESIAN_POINT('',(50.076900482178,36.78039932251,9.));
#9982 = LINE('',#9983,#9984);
#9983 = CARTESIAN_POINT('',(50.172199249268,37.161098480225,9.));
#9984 = VECTOR('',#9985,1.);
#9985 = DIRECTION('',(-0.242832940967,-0.970068122753,0.));
#9986 = ORIENTED_EDGE('',*,*,#9987,.F.);
#9987 = EDGE_CURVE('',#9988,#9980,#9990,.T.);
#9988 = VERTEX_POINT('',#9989);
#9989 = CARTESIAN_POINT('',(50.019298553467,36.392101287842,9.));
#9990 = LINE('',#9991,#9992);
#9991 = CARTESIAN_POINT('',(50.019298553467,36.392101287842,9.));
#9992 = VECTOR('',#9993,1.);
#9993 = DIRECTION('',(0.146738840371,0.989175268962,0.));
#9994 = ORIENTED_EDGE('',*,*,#9995,.T.);
#9995 = EDGE_CURVE('',#9988,#62,#9996,.T.);
#9996 = LINE('',#9997,#9998);
#9997 = CARTESIAN_POINT('',(50.019298553467,36.392101287842,9.));
#9998 = VECTOR('',#9999,1.);
#9999 = DIRECTION('',(-4.915878028406E-02,-0.998790976291,0.));
#10000 = ORIENTED_EDGE('',*,*,#78,.T.);
#10001 = FACE_BOUND('',#10002,.T.);
#10002 = EDGE_LOOP('',(#10003,#10004,#10005,#10006,#10007,#10008,#10009,
    #10010,#10011,#10012,#10013,#10014,#10015,#10016,#10017,#10018,
    #10019,#10020,#10021,#10022,#10023,#10024,#10025,#10026,#10027,
    #10028,#10029,#10030,#10031,#10032,#10033,#10034,#10035,#10036,
    #10037,#10038,#10039,#10040,#10041,#10042,#10043,#10044,#10045,
    #10046,#10047,#10048,#10049,#10050,#10051,#10052,#10053,#10054,
    #10055,#10056,#10057,#10058,#10059,#10060,#10061,#10062,#10063,
    #10064,#10065,#10066));
#10003 = ORIENTED_EDGE('',*,*,#4509,.T.);
#10004 = ORIENTED_EDGE('',*,*,#4485,.T.);
#10005 = ORIENTED_EDGE('',*,*,#4461,.T.);
#10006 = ORIENTED_EDGE('',*,*,#4437,.T.);
#10007 = ORIENTED_EDGE('',*,*,#4413,.T.);
#10008 = ORIENTED_EDGE('',*,*,#4389,.T.);
#10009 = ORIENTED_EDGE('',*,*,#4365,.T.);
#10010 = ORIENTED_EDGE('',*,*,#4341,.T.);
#10011 = ORIENTED_EDGE('',*,*,#4317,.T.);
#10012 = ORIENTED_EDGE('',*,*,#4292,.T.);
#10013 = ORIENTED_EDGE('',*,*,#4268,.T.);
#10014 = ORIENTED_EDGE('',*,*,#4237,.T.);
#10015 = ORIENTED_EDGE('',*,*,#5756,.T.);
#10016 = ORIENTED_EDGE('',*,*,#5732,.T.);
#10017 = ORIENTED_EDGE('',*,*,#5708,.T.);
#10018 = ORIENTED_EDGE('',*,*,#5684,.T.);
#10019 = ORIENTED_EDGE('',*,*,#5660,.T.);
#10020 = ORIENTED_EDGE('',*,*,#5636,.T.);
#10021 = ORIENTED_EDGE('',*,*,#5612,.T.);
#10022 = ORIENTED_EDGE('',*,*,#5588,.T.);
#10023 = ORIENTED_EDGE('',*,*,#5564,.T.);
#10024 = ORIENTED_EDGE('',*,*,#5540,.T.);
#10025 = ORIENTED_EDGE('',*,*,#5516,.T.);
#10026 = ORIENTED_EDGE('',*,*,#5492,.T.);
#10027 = ORIENTED_EDGE('',*,*,#5468,.T.);
#10028 = ORIENTED_EDGE('',*,*,#5454,.T.);
#10029 = ORIENTED_EDGE('',*,*,#5430,.T.);
#10030 = ORIENTED_EDGE('',*,*,#5406,.T.);
#10031 = ORIENTED_EDGE('',*,*,#5382,.T.);
#10032 = ORIENTED_EDGE('',*,*,#5358,.T.);
#10033 = ORIENTED_EDGE('',*,*,#5334,.T.);
#10034 = ORIENTED_EDGE('',*,*,#5310,.T.);
#10035 = ORIENTED_EDGE('',*,*,#5286,.T.);
#10036 = ORIENTED_EDGE('',*,*,#5262,.T.);
#10037 = ORIENTED_EDGE('',*,*,#5238,.T.);
#10038 = ORIENTED_EDGE('',*,*,#5214,.T.);
#10039 = ORIENTED_EDGE('',*,*,#5190,.T.);
#10040 = ORIENTED_EDGE('',*,*,#5166,.T.);
#10041 = ORIENTED_EDGE('',*,*,#5142,.T.);
#10042 = ORIENTED_EDGE('',*,*,#5118,.T.);
#10043 = ORIENTED_EDGE('',*,*,#5094,.T.);
#10044 = ORIENTED_EDGE('',*,*,#5060,.T.);
#10045 = ORIENTED_EDGE('',*,*,#5036,.T.);
#10046 = ORIENTED_EDGE('',*,*,#5012,.T.);
#10047 = ORIENTED_EDGE('',*,*,#4988,.T.);
#10048 = ORIENTED_EDGE('',*,*,#4964,.T.);
#10049 = ORIENTED_EDGE('',*,*,#4940,.T.);
#10050 = ORIENTED_EDGE('',*,*,#4916,.T.);
#10051 = ORIENTED_EDGE('',*,*,#4892,.T.);
#10052 = ORIENTED_EDGE('',*,*,#4868,.T.);
#10053 = ORIENTED_EDGE('',*,*,#4844,.T.);
#10054 = ORIENTED_EDGE('',*,*,#4820,.T.);
#10055 = ORIENTED_EDGE('',*,*,#4796,.T.);
#10056 = ORIENTED_EDGE('',*,*,#4772,.T.);
#10057 = ORIENTED_EDGE('',*,*,#4748,.T.);
#10058 = ORIENTED_EDGE('',*,*,#4724,.T.);
#10059 = ORIENTED_EDGE('',*,*,#4700,.T.);
#10060 = ORIENTED_EDGE('',*,*,#4677,.T.);
#10061 = ORIENTED_EDGE('',*,*,#4653,.T.);
#10062 = ORIENTED_EDGE('',*,*,#4629,.T.);
#10063 = ORIENTED_EDGE('',*,*,#4605,.T.);
#10064 = ORIENTED_EDGE('',*,*,#4581,.T.);
#10065 = ORIENTED_EDGE('',*,*,#4557,.T.);
#10066 = ORIENTED_EDGE('',*,*,#4533,.T.);
#10067 = PLANE('',#10068);
#10068 = AXIS2_PLACEMENT_3D('',#10069,#10070,#10071);
#10069 = CARTESIAN_POINT('',(54.,36.,9.));
#10070 = DIRECTION('',(0.,0.,1.));
#10071 = DIRECTION('',(1.,0.,0.));
#10072 = ADVANCED_FACE('',(#10073,#10578),#10644,.T.);
#10073 = FACE_BOUND('',#10074,.T.);
#10074 = EDGE_LOOP('',(#10075,#10085,#10093,#10101,#10109,#10117,#10125,
    #10133,#10141,#10149,#10157,#10165,#10173,#10181,#10189,#10197,
    #10205,#10213,#10221,#10229,#10237,#10245,#10253,#10261,#10269,
    #10277,#10285,#10293,#10301,#10309,#10317,#10325,#10333,#10341,
    #10349,#10357,#10363,#10364,#10372,#10380,#10388,#10396,#10404,
    #10412,#10420,#10428,#10436,#10444,#10452,#10460,#10468,#10476,
    #10484,#10492,#10500,#10508,#10516,#10524,#10532,#10540,#10548,
    #10556,#10564,#10572));
#10075 = ORIENTED_EDGE('',*,*,#10076,.T.);
#10076 = EDGE_CURVE('',#10077,#10079,#10081,.T.);
#10077 = VERTEX_POINT('',#10078);
#10078 = CARTESIAN_POINT('',(-57.98070144653,-36.39210128784,9.));
#10079 = VERTEX_POINT('',#10080);
#10080 = CARTESIAN_POINT('',(-57.92309951782,-36.78039932251,9.));
#10081 = LINE('',#10082,#10083);
#10082 = CARTESIAN_POINT('',(-57.98070144653,-36.39210128784,9.));
#10083 = VECTOR('',#10084,1.);
#10084 = DIRECTION('',(0.146738840371,-0.989175268962,0.));
#10085 = ORIENTED_EDGE('',*,*,#10086,.F.);
#10086 = EDGE_CURVE('',#10087,#10079,#10089,.T.);
#10087 = VERTEX_POINT('',#10088);
#10088 = CARTESIAN_POINT('',(-57.82780075073,-37.16109848022,9.));
#10089 = LINE('',#10090,#10091);
#10090 = CARTESIAN_POINT('',(-57.82780075073,-37.16109848022,9.));
#10091 = VECTOR('',#10092,1.);
#10092 = DIRECTION('',(-0.242832940967,0.970068122753,0.));
#10093 = ORIENTED_EDGE('',*,*,#10094,.F.);
#10094 = EDGE_CURVE('',#10095,#10087,#10097,.T.);
#10095 = VERTEX_POINT('',#10096);
#10096 = CARTESIAN_POINT('',(-57.69549942016,-37.53070068359,9.));
#10097 = LINE('',#10098,#10099);
#10098 = CARTESIAN_POINT('',(-57.69549942016,-37.53070068359,9.));
#10099 = VECTOR('',#10100,1.);
#10100 = DIRECTION('',(-0.33701528921,0.941499174104,0.));
#10101 = ORIENTED_EDGE('',*,*,#10102,.T.);
#10102 = EDGE_CURVE('',#10095,#10103,#10105,.T.);
#10103 = VERTEX_POINT('',#10104);
#10104 = CARTESIAN_POINT('',(-57.52769851684,-37.8856010437,9.));
#10105 = LINE('',#10106,#10107);
#10106 = CARTESIAN_POINT('',(-57.69549942016,-37.53070068359,9.));
#10107 = VECTOR('',#10108,1.);
#10108 = DIRECTION('',(0.427441710615,-0.904042910501,0.));
#10109 = ORIENTED_EDGE('',*,*,#10110,.F.);
#10110 = EDGE_CURVE('',#10111,#10103,#10113,.T.);
#10111 = VERTEX_POINT('',#10112);
#10112 = CARTESIAN_POINT('',(-57.32590103149,-38.22230148315,9.));
#10113 = LINE('',#10114,#10115);
#10114 = CARTESIAN_POINT('',(-57.32590103149,-38.22230148315,9.));
#10115 = VECTOR('',#10116,1.);
#10116 = DIRECTION('',(-0.514078395239,0.857743203732,0.));
#10117 = ORIENTED_EDGE('',*,*,#10118,.T.);
#10118 = EDGE_CURVE('',#10111,#10119,#10121,.T.);
#10119 = VERTEX_POINT('',#10120);
#10120 = CARTESIAN_POINT('',(-57.09199905395,-38.53760147094,9.));
#10121 = LINE('',#10122,#10123);
#10122 = CARTESIAN_POINT('',(-57.32590103149,-38.22230148315,9.));
#10123 = VECTOR('',#10124,1.);
#10124 = DIRECTION('',(0.595797191118,-0.803134924565,0.));
#10125 = ORIENTED_EDGE('',*,*,#10126,.F.);
#10126 = EDGE_CURVE('',#10127,#10119,#10129,.T.);
#10127 = VERTEX_POINT('',#10128);
#10128 = CARTESIAN_POINT('',(-56.8283996582,-38.8283996582,9.));
#10129 = LINE('',#10130,#10131);
#10130 = CARTESIAN_POINT('',(-56.8283996582,-38.8283996582,9.));
#10131 = VECTOR('',#10132,1.);
#10132 = DIRECTION('',(-0.671608305235,0.740906393777,0.));
#10133 = ORIENTED_EDGE('',*,*,#10134,.F.);
#10134 = EDGE_CURVE('',#10135,#10127,#10137,.T.);
#10135 = VERTEX_POINT('',#10136);
#10136 = CARTESIAN_POINT('',(-56.53760147094,-39.09199905395,9.));
#10137 = LINE('',#10138,#10139);
#10138 = CARTESIAN_POINT('',(-56.53760147094,-39.09199905395,9.));
#10139 = VECTOR('',#10140,1.);
#10140 = DIRECTION('',(-0.740906393777,0.671608305235,0.));
#10141 = ORIENTED_EDGE('',*,*,#10142,.T.);
#10142 = EDGE_CURVE('',#10135,#10143,#10145,.T.);
#10143 = VERTEX_POINT('',#10144);
#10144 = CARTESIAN_POINT('',(-56.22230148315,-39.32590103149,9.));
#10145 = LINE('',#10146,#10147);
#10146 = CARTESIAN_POINT('',(-56.53760147094,-39.09199905395,9.));
#10147 = VECTOR('',#10148,1.);
#10148 = DIRECTION('',(0.803134924565,-0.595797191118,0.));
#10149 = ORIENTED_EDGE('',*,*,#10150,.F.);
#10150 = EDGE_CURVE('',#10151,#10143,#10153,.T.);
#10151 = VERTEX_POINT('',#10152);
#10152 = CARTESIAN_POINT('',(-55.8856010437,-39.52769851684,9.));
#10153 = LINE('',#10154,#10155);
#10154 = CARTESIAN_POINT('',(-55.8856010437,-39.52769851684,9.));
#10155 = VECTOR('',#10156,1.);
#10156 = DIRECTION('',(-0.857743203732,0.514078395239,0.));
#10157 = ORIENTED_EDGE('',*,*,#10158,.F.);
#10158 = EDGE_CURVE('',#10159,#10151,#10161,.T.);
#10159 = VERTEX_POINT('',#10160);
#10160 = CARTESIAN_POINT('',(-55.53070068359,-39.69549942016,9.));
#10161 = LINE('',#10162,#10163);
#10162 = CARTESIAN_POINT('',(-55.53070068359,-39.69549942016,9.));
#10163 = VECTOR('',#10164,1.);
#10164 = DIRECTION('',(-0.904042910501,0.427441710615,0.));
#10165 = ORIENTED_EDGE('',*,*,#10166,.T.);
#10166 = EDGE_CURVE('',#10159,#10167,#10169,.T.);
#10167 = VERTEX_POINT('',#10168);
#10168 = CARTESIAN_POINT('',(-55.16109848022,-39.82780075073,9.));
#10169 = LINE('',#10170,#10171);
#10170 = CARTESIAN_POINT('',(-55.53070068359,-39.69549942016,9.));
#10171 = VECTOR('',#10172,1.);
#10172 = DIRECTION('',(0.941499174104,-0.33701528921,0.));
#10173 = ORIENTED_EDGE('',*,*,#10174,.T.);
#10174 = EDGE_CURVE('',#10167,#10175,#10177,.T.);
#10175 = VERTEX_POINT('',#10176);
#10176 = CARTESIAN_POINT('',(-54.78039932251,-39.92309951782,9.));
#10177 = LINE('',#10178,#10179);
#10178 = CARTESIAN_POINT('',(-55.16109848022,-39.82780075073,9.));
#10179 = VECTOR('',#10180,1.);
#10180 = DIRECTION('',(0.970068122753,-0.242832940967,0.));
#10181 = ORIENTED_EDGE('',*,*,#10182,.F.);
#10182 = EDGE_CURVE('',#10183,#10175,#10185,.T.);
#10183 = VERTEX_POINT('',#10184);
#10184 = CARTESIAN_POINT('',(-54.39210128784,-39.98070144653,9.));
#10185 = LINE('',#10186,#10187);
#10186 = CARTESIAN_POINT('',(-54.39210128784,-39.98070144653,9.));
#10187 = VECTOR('',#10188,1.);
#10188 = DIRECTION('',(-0.989175268962,0.146738840371,0.));
#10189 = ORIENTED_EDGE('',*,*,#10190,.T.);
#10190 = EDGE_CURVE('',#10183,#10191,#10193,.T.);
#10191 = VERTEX_POINT('',#10192);
#10192 = CARTESIAN_POINT('',(-54.,-40.,9.));
#10193 = LINE('',#10194,#10195);
#10194 = CARTESIAN_POINT('',(-54.39210128784,-39.98070144653,9.));
#10195 = VECTOR('',#10196,1.);
#10196 = DIRECTION('',(0.998790976291,-4.915878028406E-02,0.));
#10197 = ORIENTED_EDGE('',*,*,#10198,.F.);
#10198 = EDGE_CURVE('',#10199,#10191,#10201,.T.);
#10199 = VERTEX_POINT('',#10200);
#10200 = CARTESIAN_POINT('',(-53.60789871215,-39.98070144653,9.));
#10201 = LINE('',#10202,#10203);
#10202 = CARTESIAN_POINT('',(-53.60789871215,-39.98070144653,9.));
#10203 = VECTOR('',#10204,1.);
#10204 = DIRECTION('',(-0.998790976291,-4.915878028406E-02,0.));
#10205 = ORIENTED_EDGE('',*,*,#10206,.F.);
#10206 = EDGE_CURVE('',#10207,#10199,#10209,.T.);
#10207 = VERTEX_POINT('',#10208);
#10208 = CARTESIAN_POINT('',(-53.21960067749,-39.92309951782,9.));
#10209 = LINE('',#10210,#10211);
#10210 = CARTESIAN_POINT('',(-53.21960067749,-39.92309951782,9.));
#10211 = VECTOR('',#10212,1.);
#10212 = DIRECTION('',(-0.989175268962,-0.146738840371,0.));
#10213 = ORIENTED_EDGE('',*,*,#10214,.F.);
#10214 = EDGE_CURVE('',#10215,#10207,#10217,.T.);
#10215 = VERTEX_POINT('',#10216);
#10216 = CARTESIAN_POINT('',(-52.83890151977,-39.82780075073,9.));
#10217 = LINE('',#10218,#10219);
#10218 = CARTESIAN_POINT('',(-52.83890151977,-39.82780075073,9.));
#10219 = VECTOR('',#10220,1.);
#10220 = DIRECTION('',(-0.970068122753,-0.242832940967,0.));
#10221 = ORIENTED_EDGE('',*,*,#10222,.F.);
#10222 = EDGE_CURVE('',#10223,#10215,#10225,.T.);
#10223 = VERTEX_POINT('',#10224);
#10224 = CARTESIAN_POINT('',(-52.4692993164,-39.69549942016,9.));
#10225 = LINE('',#10226,#10227);
#10226 = CARTESIAN_POINT('',(-52.4692993164,-39.69549942016,9.));
#10227 = VECTOR('',#10228,1.);
#10228 = DIRECTION('',(-0.941499174104,-0.33701528921,0.));
#10229 = ORIENTED_EDGE('',*,*,#10230,.F.);
#10230 = EDGE_CURVE('',#10231,#10223,#10233,.T.);
#10231 = VERTEX_POINT('',#10232);
#10232 = CARTESIAN_POINT('',(-52.11439895629,-39.52769851684,9.));
#10233 = LINE('',#10234,#10235);
#10234 = CARTESIAN_POINT('',(-52.11439895629,-39.52769851684,9.));
#10235 = VECTOR('',#10236,1.);
#10236 = DIRECTION('',(-0.904042910501,-0.427441710615,0.));
#10237 = ORIENTED_EDGE('',*,*,#10238,.F.);
#10238 = EDGE_CURVE('',#10239,#10231,#10241,.T.);
#10239 = VERTEX_POINT('',#10240);
#10240 = CARTESIAN_POINT('',(-51.77769851684,-39.32590103149,9.));
#10241 = LINE('',#10242,#10243);
#10242 = CARTESIAN_POINT('',(-51.77769851684,-39.32590103149,9.));
#10243 = VECTOR('',#10244,1.);
#10244 = DIRECTION('',(-0.857743203732,-0.514078395239,0.));
#10245 = ORIENTED_EDGE('',*,*,#10246,.F.);
#10246 = EDGE_CURVE('',#10247,#10239,#10249,.T.);
#10247 = VERTEX_POINT('',#10248);
#10248 = CARTESIAN_POINT('',(-51.46239852905,-39.09199905395,9.));
#10249 = LINE('',#10250,#10251);
#10250 = CARTESIAN_POINT('',(-51.46239852905,-39.09199905395,9.));
#10251 = VECTOR('',#10252,1.);
#10252 = DIRECTION('',(-0.803134924565,-0.595797191118,0.));
#10253 = ORIENTED_EDGE('',*,*,#10254,.F.);
#10254 = EDGE_CURVE('',#10255,#10247,#10257,.T.);
#10255 = VERTEX_POINT('',#10256);
#10256 = CARTESIAN_POINT('',(-51.17160034179,-38.8283996582,9.));
#10257 = LINE('',#10258,#10259);
#10258 = CARTESIAN_POINT('',(-51.17160034179,-38.8283996582,9.));
#10259 = VECTOR('',#10260,1.);
#10260 = DIRECTION('',(-0.740906393777,-0.671608305235,0.));
#10261 = ORIENTED_EDGE('',*,*,#10262,.T.);
#10262 = EDGE_CURVE('',#10255,#10263,#10265,.T.);
#10263 = VERTEX_POINT('',#10264);
#10264 = CARTESIAN_POINT('',(-50.90800094604,-38.53760147094,9.));
#10265 = LINE('',#10266,#10267);
#10266 = CARTESIAN_POINT('',(-51.17160034179,-38.8283996582,9.));
#10267 = VECTOR('',#10268,1.);
#10268 = DIRECTION('',(0.671608305235,0.740906393777,0.));
#10269 = ORIENTED_EDGE('',*,*,#10270,.F.);
#10270 = EDGE_CURVE('',#10271,#10263,#10273,.T.);
#10271 = VERTEX_POINT('',#10272);
#10272 = CARTESIAN_POINT('',(-50.6740989685,-38.22230148315,9.));
#10273 = LINE('',#10274,#10275);
#10274 = CARTESIAN_POINT('',(-50.6740989685,-38.22230148315,9.));
#10275 = VECTOR('',#10276,1.);
#10276 = DIRECTION('',(-0.595797191118,-0.803134924565,0.));
#10277 = ORIENTED_EDGE('',*,*,#10278,.F.);
#10278 = EDGE_CURVE('',#10279,#10271,#10281,.T.);
#10279 = VERTEX_POINT('',#10280);
#10280 = CARTESIAN_POINT('',(-50.47230148315,-37.8856010437,9.));
#10281 = LINE('',#10282,#10283);
#10282 = CARTESIAN_POINT('',(-50.47230148315,-37.8856010437,9.));
#10283 = VECTOR('',#10284,1.);
#10284 = DIRECTION('',(-0.514078395239,-0.857743203732,0.));
#10285 = ORIENTED_EDGE('',*,*,#10286,.F.);
#10286 = EDGE_CURVE('',#10287,#10279,#10289,.T.);
#10287 = VERTEX_POINT('',#10288);
#10288 = CARTESIAN_POINT('',(-50.30450057983,-37.53070068359,9.));
#10289 = LINE('',#10290,#10291);
#10290 = CARTESIAN_POINT('',(-50.30450057983,-37.53070068359,9.));
#10291 = VECTOR('',#10292,1.);
#10292 = DIRECTION('',(-0.427441710615,-0.904042910501,0.));
#10293 = ORIENTED_EDGE('',*,*,#10294,.F.);
#10294 = EDGE_CURVE('',#10295,#10287,#10297,.T.);
#10295 = VERTEX_POINT('',#10296);
#10296 = CARTESIAN_POINT('',(-50.17219924926,-37.16109848022,9.));
#10297 = LINE('',#10298,#10299);
#10298 = CARTESIAN_POINT('',(-50.17219924926,-37.16109848022,9.));
#10299 = VECTOR('',#10300,1.);
#10300 = DIRECTION('',(-0.33701528921,-0.941499174104,0.));
#10301 = ORIENTED_EDGE('',*,*,#10302,.F.);
#10302 = EDGE_CURVE('',#10303,#10295,#10305,.T.);
#10303 = VERTEX_POINT('',#10304);
#10304 = CARTESIAN_POINT('',(-50.07690048217,-36.78039932251,9.));
#10305 = LINE('',#10306,#10307);
#10306 = CARTESIAN_POINT('',(-50.07690048217,-36.78039932251,9.));
#10307 = VECTOR('',#10308,1.);
#10308 = DIRECTION('',(-0.242832940967,-0.970068122753,0.));
#10309 = ORIENTED_EDGE('',*,*,#10310,.F.);
#10310 = EDGE_CURVE('',#10311,#10303,#10313,.T.);
#10311 = VERTEX_POINT('',#10312);
#10312 = CARTESIAN_POINT('',(-50.01929855346,-36.39210128784,9.));
#10313 = LINE('',#10314,#10315);
#10314 = CARTESIAN_POINT('',(-50.01929855346,-36.39210128784,9.));
#10315 = VECTOR('',#10316,1.);
#10316 = DIRECTION('',(-0.146738840371,-0.989175268962,0.));
#10317 = ORIENTED_EDGE('',*,*,#10318,.F.);
#10318 = EDGE_CURVE('',#10319,#10311,#10321,.T.);
#10319 = VERTEX_POINT('',#10320);
#10320 = CARTESIAN_POINT('',(-50.,-36.,9.));
#10321 = LINE('',#10322,#10323);
#10322 = CARTESIAN_POINT('',(-50.,-36.,9.));
#10323 = VECTOR('',#10324,1.);
#10324 = DIRECTION('',(-4.915878028406E-02,-0.998790976291,0.));
#10325 = ORIENTED_EDGE('',*,*,#10326,.F.);
#10326 = EDGE_CURVE('',#10327,#10319,#10329,.T.);
#10327 = VERTEX_POINT('',#10328);
#10328 = CARTESIAN_POINT('',(-50.01929855346,-35.60789871215,9.));
#10329 = LINE('',#10330,#10331);
#10330 = CARTESIAN_POINT('',(-50.01929855346,-35.60789871215,9.));
#10331 = VECTOR('',#10332,1.);
#10332 = DIRECTION('',(4.915878028406E-02,-0.998790976291,0.));
#10333 = ORIENTED_EDGE('',*,*,#10334,.F.);
#10334 = EDGE_CURVE('',#10335,#10327,#10337,.T.);
#10335 = VERTEX_POINT('',#10336);
#10336 = CARTESIAN_POINT('',(-50.07690048217,-35.21960067749,9.));
#10337 = LINE('',#10338,#10339);
#10338 = CARTESIAN_POINT('',(-50.07690048217,-35.21960067749,9.));
#10339 = VECTOR('',#10340,1.);
#10340 = DIRECTION('',(0.146738840371,-0.989175268962,0.));
#10341 = ORIENTED_EDGE('',*,*,#10342,.F.);
#10342 = EDGE_CURVE('',#10343,#10335,#10345,.T.);
#10343 = VERTEX_POINT('',#10344);
#10344 = CARTESIAN_POINT('',(-50.17219924926,-34.83890151977,9.));
#10345 = LINE('',#10346,#10347);
#10346 = CARTESIAN_POINT('',(-50.17219924926,-34.83890151977,9.));
#10347 = VECTOR('',#10348,1.);
#10348 = DIRECTION('',(0.242832940967,-0.970068122753,0.));
#10349 = ORIENTED_EDGE('',*,*,#10350,.F.);
#10350 = EDGE_CURVE('',#10351,#10343,#10353,.T.);
#10351 = VERTEX_POINT('',#10352);
#10352 = CARTESIAN_POINT('',(-50.30450057983,-34.4692993164,9.));
#10353 = LINE('',#10354,#10355);
#10354 = CARTESIAN_POINT('',(-50.30450057983,-34.4692993164,9.));
#10355 = VECTOR('',#10356,1.);
#10356 = DIRECTION('',(0.33701528921,-0.941499174104,0.));
#10357 = ORIENTED_EDGE('',*,*,#10358,.F.);
#10358 = EDGE_CURVE('',#134,#10351,#10359,.T.);
#10359 = LINE('',#10360,#10361);
#10360 = CARTESIAN_POINT('',(-50.47230148315,-34.11439895629,9.));
#10361 = VECTOR('',#10362,1.);
#10362 = DIRECTION('',(0.427441710615,-0.904042910501,0.));
#10363 = ORIENTED_EDGE('',*,*,#133,.F.);
#10364 = ORIENTED_EDGE('',*,*,#10365,.F.);
#10365 = EDGE_CURVE('',#10366,#93,#10368,.T.);
#10366 = VERTEX_POINT('',#10367);
#10367 = CARTESIAN_POINT('',(-50.90800094604,-33.46239852905,9.));
#10368 = LINE('',#10369,#10370);
#10369 = CARTESIAN_POINT('',(-50.90800094604,-33.46239852905,9.));
#10370 = VECTOR('',#10371,1.);
#10371 = DIRECTION('',(0.595797191118,-0.803134924565,0.));
#10372 = ORIENTED_EDGE('',*,*,#10373,.F.);
#10373 = EDGE_CURVE('',#10374,#10366,#10376,.T.);
#10374 = VERTEX_POINT('',#10375);
#10375 = CARTESIAN_POINT('',(-51.17160034179,-33.17160034179,9.));
#10376 = LINE('',#10377,#10378);
#10377 = CARTESIAN_POINT('',(-51.17160034179,-33.17160034179,9.));
#10378 = VECTOR('',#10379,1.);
#10379 = DIRECTION('',(0.671608305235,-0.740906393777,0.));
#10380 = ORIENTED_EDGE('',*,*,#10381,.T.);
#10381 = EDGE_CURVE('',#10374,#10382,#10384,.T.);
#10382 = VERTEX_POINT('',#10383);
#10383 = CARTESIAN_POINT('',(-51.46239852905,-32.90800094604,9.));
#10384 = LINE('',#10385,#10386);
#10385 = CARTESIAN_POINT('',(-51.17160034179,-33.17160034179,9.));
#10386 = VECTOR('',#10387,1.);
#10387 = DIRECTION('',(-0.740906393777,0.671608305235,0.));
#10388 = ORIENTED_EDGE('',*,*,#10389,.F.);
#10389 = EDGE_CURVE('',#10390,#10382,#10392,.T.);
#10390 = VERTEX_POINT('',#10391);
#10391 = CARTESIAN_POINT('',(-51.77769851684,-32.6740989685,9.));
#10392 = LINE('',#10393,#10394);
#10393 = CARTESIAN_POINT('',(-51.77769851684,-32.6740989685,9.));
#10394 = VECTOR('',#10395,1.);
#10395 = DIRECTION('',(0.803134924565,-0.595797191118,0.));
#10396 = ORIENTED_EDGE('',*,*,#10397,.F.);
#10397 = EDGE_CURVE('',#10398,#10390,#10400,.T.);
#10398 = VERTEX_POINT('',#10399);
#10399 = CARTESIAN_POINT('',(-52.11439895629,-32.47230148315,9.));
#10400 = LINE('',#10401,#10402);
#10401 = CARTESIAN_POINT('',(-52.11439895629,-32.47230148315,9.));
#10402 = VECTOR('',#10403,1.);
#10403 = DIRECTION('',(0.857743203732,-0.514078395239,0.));
#10404 = ORIENTED_EDGE('',*,*,#10405,.F.);
#10405 = EDGE_CURVE('',#10406,#10398,#10408,.T.);
#10406 = VERTEX_POINT('',#10407);
#10407 = CARTESIAN_POINT('',(-52.4692993164,-32.30450057983,9.));
#10408 = LINE('',#10409,#10410);
#10409 = CARTESIAN_POINT('',(-52.4692993164,-32.30450057983,9.));
#10410 = VECTOR('',#10411,1.);
#10411 = DIRECTION('',(0.904042910501,-0.427441710615,0.));
#10412 = ORIENTED_EDGE('',*,*,#10413,.F.);
#10413 = EDGE_CURVE('',#10414,#10406,#10416,.T.);
#10414 = VERTEX_POINT('',#10415);
#10415 = CARTESIAN_POINT('',(-52.83890151977,-32.17219924926,9.));
#10416 = LINE('',#10417,#10418);
#10417 = CARTESIAN_POINT('',(-52.83890151977,-32.17219924926,9.));
#10418 = VECTOR('',#10419,1.);
#10419 = DIRECTION('',(0.941499174104,-0.33701528921,0.));
#10420 = ORIENTED_EDGE('',*,*,#10421,.T.);
#10421 = EDGE_CURVE('',#10414,#10422,#10424,.T.);
#10422 = VERTEX_POINT('',#10423);
#10423 = CARTESIAN_POINT('',(-53.21960067749,-32.07690048217,9.));
#10424 = LINE('',#10425,#10426);
#10425 = CARTESIAN_POINT('',(-52.83890151977,-32.17219924926,9.));
#10426 = VECTOR('',#10427,1.);
#10427 = DIRECTION('',(-0.970068122753,0.242832940967,0.));
#10428 = ORIENTED_EDGE('',*,*,#10429,.F.);
#10429 = EDGE_CURVE('',#10430,#10422,#10432,.T.);
#10430 = VERTEX_POINT('',#10431);
#10431 = CARTESIAN_POINT('',(-53.60789871215,-32.01929855346,9.));
#10432 = LINE('',#10433,#10434);
#10433 = CARTESIAN_POINT('',(-53.60789871215,-32.01929855346,9.));
#10434 = VECTOR('',#10435,1.);
#10435 = DIRECTION('',(0.989175268962,-0.146738840371,0.));
#10436 = ORIENTED_EDGE('',*,*,#10437,.F.);
#10437 = EDGE_CURVE('',#10438,#10430,#10440,.T.);
#10438 = VERTEX_POINT('',#10439);
#10439 = CARTESIAN_POINT('',(-54.,-32.,9.));
#10440 = LINE('',#10441,#10442);
#10441 = CARTESIAN_POINT('',(-54.,-32.,9.));
#10442 = VECTOR('',#10443,1.);
#10443 = DIRECTION('',(0.998790976291,-4.915878028406E-02,0.));
#10444 = ORIENTED_EDGE('',*,*,#10445,.F.);
#10445 = EDGE_CURVE('',#10446,#10438,#10448,.T.);
#10446 = VERTEX_POINT('',#10447);
#10447 = CARTESIAN_POINT('',(-54.39210128784,-32.01929855346,9.));
#10448 = LINE('',#10449,#10450);
#10449 = CARTESIAN_POINT('',(-54.39210128784,-32.01929855346,9.));
#10450 = VECTOR('',#10451,1.);
#10451 = DIRECTION('',(0.998790976291,4.915878028406E-02,0.));
#10452 = ORIENTED_EDGE('',*,*,#10453,.F.);
#10453 = EDGE_CURVE('',#10454,#10446,#10456,.T.);
#10454 = VERTEX_POINT('',#10455);
#10455 = CARTESIAN_POINT('',(-54.78039932251,-32.07690048217,9.));
#10456 = LINE('',#10457,#10458);
#10457 = CARTESIAN_POINT('',(-54.78039932251,-32.07690048217,9.));
#10458 = VECTOR('',#10459,1.);
#10459 = DIRECTION('',(0.989175268962,0.146738840371,0.));
#10460 = ORIENTED_EDGE('',*,*,#10461,.F.);
#10461 = EDGE_CURVE('',#10462,#10454,#10464,.T.);
#10462 = VERTEX_POINT('',#10463);
#10463 = CARTESIAN_POINT('',(-55.16109848022,-32.17219924926,9.));
#10464 = LINE('',#10465,#10466);
#10465 = CARTESIAN_POINT('',(-55.16109848022,-32.17219924926,9.));
#10466 = VECTOR('',#10467,1.);
#10467 = DIRECTION('',(0.970068122753,0.242832940967,0.));
#10468 = ORIENTED_EDGE('',*,*,#10469,.F.);
#10469 = EDGE_CURVE('',#10470,#10462,#10472,.T.);
#10470 = VERTEX_POINT('',#10471);
#10471 = CARTESIAN_POINT('',(-55.53070068359,-32.30450057983,9.));
#10472 = LINE('',#10473,#10474);
#10473 = CARTESIAN_POINT('',(-55.53070068359,-32.30450057983,9.));
#10474 = VECTOR('',#10475,1.);
#10475 = DIRECTION('',(0.941499174104,0.33701528921,0.));
#10476 = ORIENTED_EDGE('',*,*,#10477,.F.);
#10477 = EDGE_CURVE('',#10478,#10470,#10480,.T.);
#10478 = VERTEX_POINT('',#10479);
#10479 = CARTESIAN_POINT('',(-55.8856010437,-32.47230148315,9.));
#10480 = LINE('',#10481,#10482);
#10481 = CARTESIAN_POINT('',(-55.8856010437,-32.47230148315,9.));
#10482 = VECTOR('',#10483,1.);
#10483 = DIRECTION('',(0.904042910501,0.427441710615,0.));
#10484 = ORIENTED_EDGE('',*,*,#10485,.F.);
#10485 = EDGE_CURVE('',#10486,#10478,#10488,.T.);
#10486 = VERTEX_POINT('',#10487);
#10487 = CARTESIAN_POINT('',(-56.22230148315,-32.6740989685,9.));
#10488 = LINE('',#10489,#10490);
#10489 = CARTESIAN_POINT('',(-56.22230148315,-32.6740989685,9.));
#10490 = VECTOR('',#10491,1.);
#10491 = DIRECTION('',(0.857743203732,0.514078395239,0.));
#10492 = ORIENTED_EDGE('',*,*,#10493,.F.);
#10493 = EDGE_CURVE('',#10494,#10486,#10496,.T.);
#10494 = VERTEX_POINT('',#10495);
#10495 = CARTESIAN_POINT('',(-56.53760147094,-32.90800094604,9.));
#10496 = LINE('',#10497,#10498);
#10497 = CARTESIAN_POINT('',(-56.53760147094,-32.90800094604,9.));
#10498 = VECTOR('',#10499,1.);
#10499 = DIRECTION('',(0.803134924565,0.595797191118,0.));
#10500 = ORIENTED_EDGE('',*,*,#10501,.F.);
#10501 = EDGE_CURVE('',#10502,#10494,#10504,.T.);
#10502 = VERTEX_POINT('',#10503);
#10503 = CARTESIAN_POINT('',(-56.8283996582,-33.17160034179,9.));
#10504 = LINE('',#10505,#10506);
#10505 = CARTESIAN_POINT('',(-56.8283996582,-33.17160034179,9.));
#10506 = VECTOR('',#10507,1.);
#10507 = DIRECTION('',(0.740906393777,0.671608305235,0.));
#10508 = ORIENTED_EDGE('',*,*,#10509,.F.);
#10509 = EDGE_CURVE('',#10510,#10502,#10512,.T.);
#10510 = VERTEX_POINT('',#10511);
#10511 = CARTESIAN_POINT('',(-57.09199905395,-33.46239852905,9.));
#10512 = LINE('',#10513,#10514);
#10513 = CARTESIAN_POINT('',(-57.09199905395,-33.46239852905,9.));
#10514 = VECTOR('',#10515,1.);
#10515 = DIRECTION('',(0.671608305235,0.740906393777,0.));
#10516 = ORIENTED_EDGE('',*,*,#10517,.T.);
#10517 = EDGE_CURVE('',#10510,#10518,#10520,.T.);
#10518 = VERTEX_POINT('',#10519);
#10519 = CARTESIAN_POINT('',(-57.32590103149,-33.77769851684,9.));
#10520 = LINE('',#10521,#10522);
#10521 = CARTESIAN_POINT('',(-57.09199905395,-33.46239852905,9.));
#10522 = VECTOR('',#10523,1.);
#10523 = DIRECTION('',(-0.595797191118,-0.803134924565,0.));
#10524 = ORIENTED_EDGE('',*,*,#10525,.T.);
#10525 = EDGE_CURVE('',#10518,#10526,#10528,.T.);
#10526 = VERTEX_POINT('',#10527);
#10527 = CARTESIAN_POINT('',(-57.52769851684,-34.11439895629,9.));
#10528 = LINE('',#10529,#10530);
#10529 = CARTESIAN_POINT('',(-57.32590103149,-33.77769851684,9.));
#10530 = VECTOR('',#10531,1.);
#10531 = DIRECTION('',(-0.514078395239,-0.857743203732,0.));
#10532 = ORIENTED_EDGE('',*,*,#10533,.F.);
#10533 = EDGE_CURVE('',#10534,#10526,#10536,.T.);
#10534 = VERTEX_POINT('',#10535);
#10535 = CARTESIAN_POINT('',(-57.69549942016,-34.4692993164,9.));
#10536 = LINE('',#10537,#10538);
#10537 = CARTESIAN_POINT('',(-57.69549942016,-34.4692993164,9.));
#10538 = VECTOR('',#10539,1.);
#10539 = DIRECTION('',(0.427441710615,0.904042910501,0.));
#10540 = ORIENTED_EDGE('',*,*,#10541,.F.);
#10541 = EDGE_CURVE('',#10542,#10534,#10544,.T.);
#10542 = VERTEX_POINT('',#10543);
#10543 = CARTESIAN_POINT('',(-57.82780075073,-34.83890151977,9.));
#10544 = LINE('',#10545,#10546);
#10545 = CARTESIAN_POINT('',(-57.82780075073,-34.83890151977,9.));
#10546 = VECTOR('',#10547,1.);
#10547 = DIRECTION('',(0.33701528921,0.941499174104,0.));
#10548 = ORIENTED_EDGE('',*,*,#10549,.T.);
#10549 = EDGE_CURVE('',#10542,#10550,#10552,.T.);
#10550 = VERTEX_POINT('',#10551);
#10551 = CARTESIAN_POINT('',(-57.92309951782,-35.21960067749,9.));
#10552 = LINE('',#10553,#10554);
#10553 = CARTESIAN_POINT('',(-57.82780075073,-34.83890151977,9.));
#10554 = VECTOR('',#10555,1.);
#10555 = DIRECTION('',(-0.242832940967,-0.970068122753,0.));
#10556 = ORIENTED_EDGE('',*,*,#10557,.F.);
#10557 = EDGE_CURVE('',#10558,#10550,#10560,.T.);
#10558 = VERTEX_POINT('',#10559);
#10559 = CARTESIAN_POINT('',(-57.98070144653,-35.60789871215,9.));
#10560 = LINE('',#10561,#10562);
#10561 = CARTESIAN_POINT('',(-57.98070144653,-35.60789871215,9.));
#10562 = VECTOR('',#10563,1.);
#10563 = DIRECTION('',(0.146738840371,0.989175268962,0.));
#10564 = ORIENTED_EDGE('',*,*,#10565,.F.);
#10565 = EDGE_CURVE('',#10566,#10558,#10568,.T.);
#10566 = VERTEX_POINT('',#10567);
#10567 = CARTESIAN_POINT('',(-58.,-36.,9.));
#10568 = LINE('',#10569,#10570);
#10569 = CARTESIAN_POINT('',(-58.,-36.,9.));
#10570 = VECTOR('',#10571,1.);
#10571 = DIRECTION('',(4.915878028406E-02,0.998790976291,0.));
#10572 = ORIENTED_EDGE('',*,*,#10573,.F.);
#10573 = EDGE_CURVE('',#10077,#10566,#10574,.T.);
#10574 = LINE('',#10575,#10576);
#10575 = CARTESIAN_POINT('',(-57.98070144653,-36.39210128784,9.));
#10576 = VECTOR('',#10577,1.);
#10577 = DIRECTION('',(-4.915878028406E-02,0.998790976291,0.));
#10578 = FACE_BOUND('',#10579,.T.);
#10579 = EDGE_LOOP('',(#10580,#10581,#10582,#10583,#10584,#10585,#10586,
    #10587,#10588,#10589,#10590,#10591,#10592,#10593,#10594,#10595,
    #10596,#10597,#10598,#10599,#10600,#10601,#10602,#10603,#10604,
    #10605,#10606,#10607,#10608,#10609,#10610,#10611,#10612,#10613,
    #10614,#10615,#10616,#10617,#10618,#10619,#10620,#10621,#10622,
    #10623,#10624,#10625,#10626,#10627,#10628,#10629,#10630,#10631,
    #10632,#10633,#10634,#10635,#10636,#10637,#10638,#10639,#10640,
    #10641,#10642,#10643));
#10580 = ORIENTED_EDGE('',*,*,#6429,.T.);
#10581 = ORIENTED_EDGE('',*,*,#6405,.T.);
#10582 = ORIENTED_EDGE('',*,*,#6381,.T.);
#10583 = ORIENTED_EDGE('',*,*,#6357,.T.);
#10584 = ORIENTED_EDGE('',*,*,#6333,.T.);
#10585 = ORIENTED_EDGE('',*,*,#6309,.T.);
#10586 = ORIENTED_EDGE('',*,*,#6285,.T.);
#10587 = ORIENTED_EDGE('',*,*,#6261,.T.);
#10588 = ORIENTED_EDGE('',*,*,#6237,.T.);
#10589 = ORIENTED_EDGE('',*,*,#6212,.T.);
#10590 = ORIENTED_EDGE('',*,*,#6188,.T.);
#10591 = ORIENTED_EDGE('',*,*,#6164,.T.);
#10592 = ORIENTED_EDGE('',*,*,#6140,.T.);
#10593 = ORIENTED_EDGE('',*,*,#6116,.T.);
#10594 = ORIENTED_EDGE('',*,*,#6092,.T.);
#10595 = ORIENTED_EDGE('',*,*,#6068,.T.);
#10596 = ORIENTED_EDGE('',*,*,#6044,.T.);
#10597 = ORIENTED_EDGE('',*,*,#6020,.T.);
#10598 = ORIENTED_EDGE('',*,*,#5996,.T.);
#10599 = ORIENTED_EDGE('',*,*,#5972,.T.);
#10600 = ORIENTED_EDGE('',*,*,#5948,.T.);
#10601 = ORIENTED_EDGE('',*,*,#5924,.T.);
#10602 = ORIENTED_EDGE('',*,*,#5900,.T.);
#10603 = ORIENTED_EDGE('',*,*,#5876,.T.);
#10604 = ORIENTED_EDGE('',*,*,#5852,.T.);
#10605 = ORIENTED_EDGE('',*,*,#5838,.T.);
#10606 = ORIENTED_EDGE('',*,*,#5814,.T.);
#10607 = ORIENTED_EDGE('',*,*,#5790,.T.);
#10608 = ORIENTED_EDGE('',*,*,#7295,.T.);
#10609 = ORIENTED_EDGE('',*,*,#7278,.T.);
#10610 = ORIENTED_EDGE('',*,*,#7254,.T.);
#10611 = ORIENTED_EDGE('',*,*,#7230,.T.);
#10612 = ORIENTED_EDGE('',*,*,#7206,.T.);
#10613 = ORIENTED_EDGE('',*,*,#7182,.T.);
#10614 = ORIENTED_EDGE('',*,*,#7158,.T.);
#10615 = ORIENTED_EDGE('',*,*,#7134,.T.);
#10616 = ORIENTED_EDGE('',*,*,#7110,.T.);
#10617 = ORIENTED_EDGE('',*,*,#7086,.T.);
#10618 = ORIENTED_EDGE('',*,*,#7062,.T.);
#10619 = ORIENTED_EDGE('',*,*,#7038,.T.);
#10620 = ORIENTED_EDGE('',*,*,#7014,.T.);
#10621 = ORIENTED_EDGE('',*,*,#6980,.T.);
#10622 = ORIENTED_EDGE('',*,*,#6956,.T.);
#10623 = ORIENTED_EDGE('',*,*,#6932,.T.);
#10624 = ORIENTED_EDGE('',*,*,#6908,.T.);
#10625 = ORIENTED_EDGE('',*,*,#6884,.T.);
#10626 = ORIENTED_EDGE('',*,*,#6860,.T.);
#10627 = ORIENTED_EDGE('',*,*,#6836,.T.);
#10628 = ORIENTED_EDGE('',*,*,#6812,.T.);
#10629 = ORIENTED_EDGE('',*,*,#6788,.T.);
#10630 = ORIENTED_EDGE('',*,*,#6764,.T.);
#10631 = ORIENTED_EDGE('',*,*,#6740,.T.);
#10632 = ORIENTED_EDGE('',*,*,#6716,.T.);
#10633 = ORIENTED_EDGE('',*,*,#6692,.T.);
#10634 = ORIENTED_EDGE('',*,*,#6668,.T.);
#10635 = ORIENTED_EDGE('',*,*,#6644,.T.);
#10636 = ORIENTED_EDGE('',*,*,#6620,.T.);
#10637 = ORIENTED_EDGE('',*,*,#6597,.T.);
#10638 = ORIENTED_EDGE('',*,*,#6573,.T.);
#10639 = ORIENTED_EDGE('',*,*,#6549,.T.);
#10640 = ORIENTED_EDGE('',*,*,#6525,.T.);
#10641 = ORIENTED_EDGE('',*,*,#6501,.T.);
#10642 = ORIENTED_EDGE('',*,*,#6477,.T.);
#10643 = ORIENTED_EDGE('',*,*,#6453,.T.);
#10644 = PLANE('',#10645);
#10645 = AXIS2_PLACEMENT_3D('',#10646,#10647,#10648);
#10646 = CARTESIAN_POINT('',(-54.,-36.,9.));
#10647 = DIRECTION('',(0.,0.,1.));
#10648 = DIRECTION('',(1.,0.,0.));
#10649 = ADVANCED_FACE('',(#10650,#11164),#11230,.T.);
#10650 = FACE_BOUND('',#10651,.T.);
#10651 = EDGE_LOOP('',(#10652,#10662,#10670,#10678,#10686,#10694,#10702,
    #10710,#10718,#10726,#10734,#10742,#10750,#10758,#10766,#10774,
    #10782,#10790,#10798,#10806,#10814,#10822,#10830,#10838,#10846,
    #10854,#10862,#10870,#10878,#10886,#10894,#10902,#10910,#10918,
    #10926,#10934,#10942,#10950,#10958,#10966,#10974,#10982,#10990,
    #10998,#11006,#11014,#11022,#11030,#11038,#11046,#11054,#11062,
    #11070,#11078,#11086,#11094,#11102,#11110,#11118,#11126,#11134,
    #11142,#11150,#11158));
#10652 = ORIENTED_EDGE('',*,*,#10653,.F.);
#10653 = EDGE_CURVE('',#10654,#10656,#10658,.T.);
#10654 = VERTEX_POINT('',#10655);
#10655 = CARTESIAN_POINT('',(50.076900482178,-36.78039932251,9.));
#10656 = VERTEX_POINT('',#10657);
#10657 = CARTESIAN_POINT('',(50.019298553467,-36.39210128784,9.));
#10658 = LINE('',#10659,#10660);
#10659 = CARTESIAN_POINT('',(50.076900482178,-36.78039932251,9.));
#10660 = VECTOR('',#10661,1.);
#10661 = DIRECTION('',(-0.146738840371,0.989175268962,0.));
#10662 = ORIENTED_EDGE('',*,*,#10663,.F.);
#10663 = EDGE_CURVE('',#10664,#10654,#10666,.T.);
#10664 = VERTEX_POINT('',#10665);
#10665 = CARTESIAN_POINT('',(50.172199249268,-37.16109848022,9.));
#10666 = LINE('',#10667,#10668);
#10667 = CARTESIAN_POINT('',(50.172199249268,-37.16109848022,9.));
#10668 = VECTOR('',#10669,1.);
#10669 = DIRECTION('',(-0.242832940967,0.970068122753,0.));
#10670 = ORIENTED_EDGE('',*,*,#10671,.F.);
#10671 = EDGE_CURVE('',#10672,#10664,#10674,.T.);
#10672 = VERTEX_POINT('',#10673);
#10673 = CARTESIAN_POINT('',(50.304500579834,-37.53070068359,9.));
#10674 = LINE('',#10675,#10676);
#10675 = CARTESIAN_POINT('',(50.304500579834,-37.53070068359,9.));
#10676 = VECTOR('',#10677,1.);
#10677 = DIRECTION('',(-0.33701528921,0.941499174104,0.));
#10678 = ORIENTED_EDGE('',*,*,#10679,.F.);
#10679 = EDGE_CURVE('',#10680,#10672,#10682,.T.);
#10680 = VERTEX_POINT('',#10681);
#10681 = CARTESIAN_POINT('',(50.472301483154,-37.8856010437,9.));
#10682 = LINE('',#10683,#10684);
#10683 = CARTESIAN_POINT('',(50.472301483154,-37.8856010437,9.));
#10684 = VECTOR('',#10685,1.);
#10685 = DIRECTION('',(-0.427441710615,0.904042910501,0.));
#10686 = ORIENTED_EDGE('',*,*,#10687,.F.);
#10687 = EDGE_CURVE('',#10688,#10680,#10690,.T.);
#10688 = VERTEX_POINT('',#10689);
#10689 = CARTESIAN_POINT('',(50.674098968506,-38.22230148315,9.));
#10690 = LINE('',#10691,#10692);
#10691 = CARTESIAN_POINT('',(50.674098968506,-38.22230148315,9.));
#10692 = VECTOR('',#10693,1.);
#10693 = DIRECTION('',(-0.514078395239,0.857743203732,0.));
#10694 = ORIENTED_EDGE('',*,*,#10695,.F.);
#10695 = EDGE_CURVE('',#10696,#10688,#10698,.T.);
#10696 = VERTEX_POINT('',#10697);
#10697 = CARTESIAN_POINT('',(50.908000946045,-38.53760147094,9.));
#10698 = LINE('',#10699,#10700);
#10699 = CARTESIAN_POINT('',(50.908000946045,-38.53760147094,9.));
#10700 = VECTOR('',#10701,1.);
#10701 = DIRECTION('',(-0.595797191118,0.803134924565,0.));
#10702 = ORIENTED_EDGE('',*,*,#10703,.F.);
#10703 = EDGE_CURVE('',#10704,#10696,#10706,.T.);
#10704 = VERTEX_POINT('',#10705);
#10705 = CARTESIAN_POINT('',(51.171600341797,-38.8283996582,9.));
#10706 = LINE('',#10707,#10708);
#10707 = CARTESIAN_POINT('',(51.171600341797,-38.8283996582,9.));
#10708 = VECTOR('',#10709,1.);
#10709 = DIRECTION('',(-0.671608305235,0.740906393777,0.));
#10710 = ORIENTED_EDGE('',*,*,#10711,.F.);
#10711 = EDGE_CURVE('',#10712,#10704,#10714,.T.);
#10712 = VERTEX_POINT('',#10713);
#10713 = CARTESIAN_POINT('',(51.462398529053,-39.09199905395,9.));
#10714 = LINE('',#10715,#10716);
#10715 = CARTESIAN_POINT('',(51.462398529053,-39.09199905395,9.));
#10716 = VECTOR('',#10717,1.);
#10717 = DIRECTION('',(-0.740906393777,0.671608305235,0.));
#10718 = ORIENTED_EDGE('',*,*,#10719,.F.);
#10719 = EDGE_CURVE('',#10720,#10712,#10722,.T.);
#10720 = VERTEX_POINT('',#10721);
#10721 = CARTESIAN_POINT('',(51.777698516846,-39.32590103149,9.));
#10722 = LINE('',#10723,#10724);
#10723 = CARTESIAN_POINT('',(51.777698516846,-39.32590103149,9.));
#10724 = VECTOR('',#10725,1.);
#10725 = DIRECTION('',(-0.803134924565,0.595797191118,0.));
#10726 = ORIENTED_EDGE('',*,*,#10727,.F.);
#10727 = EDGE_CURVE('',#10728,#10720,#10730,.T.);
#10728 = VERTEX_POINT('',#10729);
#10729 = CARTESIAN_POINT('',(52.114398956299,-39.52769851684,9.));
#10730 = LINE('',#10731,#10732);
#10731 = CARTESIAN_POINT('',(52.114398956299,-39.52769851684,9.));
#10732 = VECTOR('',#10733,1.);
#10733 = DIRECTION('',(-0.857743203732,0.514078395239,0.));
#10734 = ORIENTED_EDGE('',*,*,#10735,.T.);
#10735 = EDGE_CURVE('',#10728,#10736,#10738,.T.);
#10736 = VERTEX_POINT('',#10737);
#10737 = CARTESIAN_POINT('',(52.469299316406,-39.69549942016,9.));
#10738 = LINE('',#10739,#10740);
#10739 = CARTESIAN_POINT('',(52.114398956299,-39.52769851684,9.));
#10740 = VECTOR('',#10741,1.);
#10741 = DIRECTION('',(0.904042910501,-0.427441710615,0.));
#10742 = ORIENTED_EDGE('',*,*,#10743,.F.);
#10743 = EDGE_CURVE('',#10744,#10736,#10746,.T.);
#10744 = VERTEX_POINT('',#10745);
#10745 = CARTESIAN_POINT('',(52.838901519775,-39.82780075073,9.));
#10746 = LINE('',#10747,#10748);
#10747 = CARTESIAN_POINT('',(52.838901519775,-39.82780075073,9.));
#10748 = VECTOR('',#10749,1.);
#10749 = DIRECTION('',(-0.941499174104,0.33701528921,0.));
#10750 = ORIENTED_EDGE('',*,*,#10751,.F.);
#10751 = EDGE_CURVE('',#10752,#10744,#10754,.T.);
#10752 = VERTEX_POINT('',#10753);
#10753 = CARTESIAN_POINT('',(53.21960067749,-39.92309951782,9.));
#10754 = LINE('',#10755,#10756);
#10755 = CARTESIAN_POINT('',(53.21960067749,-39.92309951782,9.));
#10756 = VECTOR('',#10757,1.);
#10757 = DIRECTION('',(-0.970068122753,0.242832940967,0.));
#10758 = ORIENTED_EDGE('',*,*,#10759,.F.);
#10759 = EDGE_CURVE('',#10760,#10752,#10762,.T.);
#10760 = VERTEX_POINT('',#10761);
#10761 = CARTESIAN_POINT('',(53.607898712158,-39.98070144653,9.));
#10762 = LINE('',#10763,#10764);
#10763 = CARTESIAN_POINT('',(53.607898712158,-39.98070144653,9.));
#10764 = VECTOR('',#10765,1.);
#10765 = DIRECTION('',(-0.989175268962,0.146738840371,0.));
#10766 = ORIENTED_EDGE('',*,*,#10767,.T.);
#10767 = EDGE_CURVE('',#10760,#10768,#10770,.T.);
#10768 = VERTEX_POINT('',#10769);
#10769 = CARTESIAN_POINT('',(54.,-40.,9.));
#10770 = LINE('',#10771,#10772);
#10771 = CARTESIAN_POINT('',(53.607898712158,-39.98070144653,9.));
#10772 = VECTOR('',#10773,1.);
#10773 = DIRECTION('',(0.998790976291,-4.915878028406E-02,0.));
#10774 = ORIENTED_EDGE('',*,*,#10775,.F.);
#10775 = EDGE_CURVE('',#10776,#10768,#10778,.T.);
#10776 = VERTEX_POINT('',#10777);
#10777 = CARTESIAN_POINT('',(54.392101287842,-39.98070144653,9.));
#10778 = LINE('',#10779,#10780);
#10779 = CARTESIAN_POINT('',(54.392101287842,-39.98070144653,9.));
#10780 = VECTOR('',#10781,1.);
#10781 = DIRECTION('',(-0.998790976291,-4.915878028406E-02,0.));
#10782 = ORIENTED_EDGE('',*,*,#10783,.F.);
#10783 = EDGE_CURVE('',#10784,#10776,#10786,.T.);
#10784 = VERTEX_POINT('',#10785);
#10785 = CARTESIAN_POINT('',(54.78039932251,-39.92309951782,9.));
#10786 = LINE('',#10787,#10788);
#10787 = CARTESIAN_POINT('',(54.78039932251,-39.92309951782,9.));
#10788 = VECTOR('',#10789,1.);
#10789 = DIRECTION('',(-0.989175268962,-0.146738840371,0.));
#10790 = ORIENTED_EDGE('',*,*,#10791,.F.);
#10791 = EDGE_CURVE('',#10792,#10784,#10794,.T.);
#10792 = VERTEX_POINT('',#10793);
#10793 = CARTESIAN_POINT('',(55.161098480225,-39.82780075073,9.));
#10794 = LINE('',#10795,#10796);
#10795 = CARTESIAN_POINT('',(55.161098480225,-39.82780075073,9.));
#10796 = VECTOR('',#10797,1.);
#10797 = DIRECTION('',(-0.970068122753,-0.242832940967,0.));
#10798 = ORIENTED_EDGE('',*,*,#10799,.F.);
#10799 = EDGE_CURVE('',#10800,#10792,#10802,.T.);
#10800 = VERTEX_POINT('',#10801);
#10801 = CARTESIAN_POINT('',(55.530700683594,-39.69549942016,9.));
#10802 = LINE('',#10803,#10804);
#10803 = CARTESIAN_POINT('',(55.530700683594,-39.69549942016,9.));
#10804 = VECTOR('',#10805,1.);
#10805 = DIRECTION('',(-0.941499174104,-0.33701528921,0.));
#10806 = ORIENTED_EDGE('',*,*,#10807,.F.);
#10807 = EDGE_CURVE('',#10808,#10800,#10810,.T.);
#10808 = VERTEX_POINT('',#10809);
#10809 = CARTESIAN_POINT('',(55.885601043701,-39.52769851684,9.));
#10810 = LINE('',#10811,#10812);
#10811 = CARTESIAN_POINT('',(55.885601043701,-39.52769851684,9.));
#10812 = VECTOR('',#10813,1.);
#10813 = DIRECTION('',(-0.904042910501,-0.427441710615,0.));
#10814 = ORIENTED_EDGE('',*,*,#10815,.F.);
#10815 = EDGE_CURVE('',#10816,#10808,#10818,.T.);
#10816 = VERTEX_POINT('',#10817);
#10817 = CARTESIAN_POINT('',(56.222301483154,-39.32590103149,9.));
#10818 = LINE('',#10819,#10820);
#10819 = CARTESIAN_POINT('',(56.222301483154,-39.32590103149,9.));
#10820 = VECTOR('',#10821,1.);
#10821 = DIRECTION('',(-0.857743203732,-0.514078395239,0.));
#10822 = ORIENTED_EDGE('',*,*,#10823,.F.);
#10823 = EDGE_CURVE('',#10824,#10816,#10826,.T.);
#10824 = VERTEX_POINT('',#10825);
#10825 = CARTESIAN_POINT('',(56.537601470947,-39.09199905395,9.));
#10826 = LINE('',#10827,#10828);
#10827 = CARTESIAN_POINT('',(56.537601470947,-39.09199905395,9.));
#10828 = VECTOR('',#10829,1.);
#10829 = DIRECTION('',(-0.803134924565,-0.595797191118,0.));
#10830 = ORIENTED_EDGE('',*,*,#10831,.F.);
#10831 = EDGE_CURVE('',#10832,#10824,#10834,.T.);
#10832 = VERTEX_POINT('',#10833);
#10833 = CARTESIAN_POINT('',(56.828399658203,-38.8283996582,9.));
#10834 = LINE('',#10835,#10836);
#10835 = CARTESIAN_POINT('',(56.828399658203,-38.8283996582,9.));
#10836 = VECTOR('',#10837,1.);
#10837 = DIRECTION('',(-0.740906393777,-0.671608305235,0.));
#10838 = ORIENTED_EDGE('',*,*,#10839,.T.);
#10839 = EDGE_CURVE('',#10832,#10840,#10842,.T.);
#10840 = VERTEX_POINT('',#10841);
#10841 = CARTESIAN_POINT('',(57.091999053955,-38.53760147094,9.));
#10842 = LINE('',#10843,#10844);
#10843 = CARTESIAN_POINT('',(56.828399658203,-38.8283996582,9.));
#10844 = VECTOR('',#10845,1.);
#10845 = DIRECTION('',(0.671608305235,0.740906393777,0.));
#10846 = ORIENTED_EDGE('',*,*,#10847,.F.);
#10847 = EDGE_CURVE('',#10848,#10840,#10850,.T.);
#10848 = VERTEX_POINT('',#10849);
#10849 = CARTESIAN_POINT('',(57.325901031494,-38.22230148315,9.));
#10850 = LINE('',#10851,#10852);
#10851 = CARTESIAN_POINT('',(57.325901031494,-38.22230148315,9.));
#10852 = VECTOR('',#10853,1.);
#10853 = DIRECTION('',(-0.595797191118,-0.803134924565,0.));
#10854 = ORIENTED_EDGE('',*,*,#10855,.F.);
#10855 = EDGE_CURVE('',#10856,#10848,#10858,.T.);
#10856 = VERTEX_POINT('',#10857);
#10857 = CARTESIAN_POINT('',(57.527698516846,-37.8856010437,9.));
#10858 = LINE('',#10859,#10860);
#10859 = CARTESIAN_POINT('',(57.527698516846,-37.8856010437,9.));
#10860 = VECTOR('',#10861,1.);
#10861 = DIRECTION('',(-0.514078395239,-0.857743203732,0.));
#10862 = ORIENTED_EDGE('',*,*,#10863,.T.);
#10863 = EDGE_CURVE('',#10856,#10864,#10866,.T.);
#10864 = VERTEX_POINT('',#10865);
#10865 = CARTESIAN_POINT('',(57.695499420166,-37.53070068359,9.));
#10866 = LINE('',#10867,#10868);
#10867 = CARTESIAN_POINT('',(57.527698516846,-37.8856010437,9.));
#10868 = VECTOR('',#10869,1.);
#10869 = DIRECTION('',(0.427441710615,0.904042910501,0.));
#10870 = ORIENTED_EDGE('',*,*,#10871,.F.);
#10871 = EDGE_CURVE('',#10872,#10864,#10874,.T.);
#10872 = VERTEX_POINT('',#10873);
#10873 = CARTESIAN_POINT('',(57.827800750732,-37.16109848022,9.));
#10874 = LINE('',#10875,#10876);
#10875 = CARTESIAN_POINT('',(57.827800750732,-37.16109848022,9.));
#10876 = VECTOR('',#10877,1.);
#10877 = DIRECTION('',(-0.33701528921,-0.941499174104,0.));
#10878 = ORIENTED_EDGE('',*,*,#10879,.F.);
#10879 = EDGE_CURVE('',#10880,#10872,#10882,.T.);
#10880 = VERTEX_POINT('',#10881);
#10881 = CARTESIAN_POINT('',(57.923099517822,-36.78039932251,9.));
#10882 = LINE('',#10883,#10884);
#10883 = CARTESIAN_POINT('',(57.923099517822,-36.78039932251,9.));
#10884 = VECTOR('',#10885,1.);
#10885 = DIRECTION('',(-0.242832940967,-0.970068122753,0.));
#10886 = ORIENTED_EDGE('',*,*,#10887,.F.);
#10887 = EDGE_CURVE('',#10888,#10880,#10890,.T.);
#10888 = VERTEX_POINT('',#10889);
#10889 = CARTESIAN_POINT('',(57.980701446533,-36.39210128784,9.));
#10890 = LINE('',#10891,#10892);
#10891 = CARTESIAN_POINT('',(57.980701446533,-36.39210128784,9.));
#10892 = VECTOR('',#10893,1.);
#10893 = DIRECTION('',(-0.146738840371,-0.989175268962,0.));
#10894 = ORIENTED_EDGE('',*,*,#10895,.F.);
#10895 = EDGE_CURVE('',#10896,#10888,#10898,.T.);
#10896 = VERTEX_POINT('',#10897);
#10897 = CARTESIAN_POINT('',(58.,-36.,9.));
#10898 = LINE('',#10899,#10900);
#10899 = CARTESIAN_POINT('',(58.,-36.,9.));
#10900 = VECTOR('',#10901,1.);
#10901 = DIRECTION('',(-4.915878028406E-02,-0.998790976291,0.));
#10902 = ORIENTED_EDGE('',*,*,#10903,.F.);
#10903 = EDGE_CURVE('',#10904,#10896,#10906,.T.);
#10904 = VERTEX_POINT('',#10905);
#10905 = CARTESIAN_POINT('',(57.980701446533,-35.60789871215,9.));
#10906 = LINE('',#10907,#10908);
#10907 = CARTESIAN_POINT('',(57.980701446533,-35.60789871215,9.));
#10908 = VECTOR('',#10909,1.);
#10909 = DIRECTION('',(4.915878028406E-02,-0.998790976291,0.));
#10910 = ORIENTED_EDGE('',*,*,#10911,.F.);
#10911 = EDGE_CURVE('',#10912,#10904,#10914,.T.);
#10912 = VERTEX_POINT('',#10913);
#10913 = CARTESIAN_POINT('',(57.923099517822,-35.21960067749,9.));
#10914 = LINE('',#10915,#10916);
#10915 = CARTESIAN_POINT('',(57.923099517822,-35.21960067749,9.));
#10916 = VECTOR('',#10917,1.);
#10917 = DIRECTION('',(0.146738840371,-0.989175268962,0.));
#10918 = ORIENTED_EDGE('',*,*,#10919,.F.);
#10919 = EDGE_CURVE('',#10920,#10912,#10922,.T.);
#10920 = VERTEX_POINT('',#10921);
#10921 = CARTESIAN_POINT('',(57.827800750732,-34.83890151977,9.));
#10922 = LINE('',#10923,#10924);
#10923 = CARTESIAN_POINT('',(57.827800750732,-34.83890151977,9.));
#10924 = VECTOR('',#10925,1.);
#10925 = DIRECTION('',(0.242832940967,-0.970068122753,0.));
#10926 = ORIENTED_EDGE('',*,*,#10927,.F.);
#10927 = EDGE_CURVE('',#10928,#10920,#10930,.T.);
#10928 = VERTEX_POINT('',#10929);
#10929 = CARTESIAN_POINT('',(57.695499420166,-34.4692993164,9.));
#10930 = LINE('',#10931,#10932);
#10931 = CARTESIAN_POINT('',(57.695499420166,-34.4692993164,9.));
#10932 = VECTOR('',#10933,1.);
#10933 = DIRECTION('',(0.33701528921,-0.941499174104,0.));
#10934 = ORIENTED_EDGE('',*,*,#10935,.F.);
#10935 = EDGE_CURVE('',#10936,#10928,#10938,.T.);
#10936 = VERTEX_POINT('',#10937);
#10937 = CARTESIAN_POINT('',(57.527698516846,-34.11439895629,9.));
#10938 = LINE('',#10939,#10940);
#10939 = CARTESIAN_POINT('',(57.527698516846,-34.11439895629,9.));
#10940 = VECTOR('',#10941,1.);
#10941 = DIRECTION('',(0.427441710615,-0.904042910501,0.));
#10942 = ORIENTED_EDGE('',*,*,#10943,.F.);
#10943 = EDGE_CURVE('',#10944,#10936,#10946,.T.);
#10944 = VERTEX_POINT('',#10945);
#10945 = CARTESIAN_POINT('',(57.325901031494,-33.77769851684,9.));
#10946 = LINE('',#10947,#10948);
#10947 = CARTESIAN_POINT('',(57.325901031494,-33.77769851684,9.));
#10948 = VECTOR('',#10949,1.);
#10949 = DIRECTION('',(0.514078395239,-0.857743203732,0.));
#10950 = ORIENTED_EDGE('',*,*,#10951,.F.);
#10951 = EDGE_CURVE('',#10952,#10944,#10954,.T.);
#10952 = VERTEX_POINT('',#10953);
#10953 = CARTESIAN_POINT('',(57.091999053955,-33.46239852905,9.));
#10954 = LINE('',#10955,#10956);
#10955 = CARTESIAN_POINT('',(57.091999053955,-33.46239852905,9.));
#10956 = VECTOR('',#10957,1.);
#10957 = DIRECTION('',(0.595797191118,-0.803134924565,0.));
#10958 = ORIENTED_EDGE('',*,*,#10959,.F.);
#10959 = EDGE_CURVE('',#10960,#10952,#10962,.T.);
#10960 = VERTEX_POINT('',#10961);
#10961 = CARTESIAN_POINT('',(56.828399658203,-33.17160034179,9.));
#10962 = LINE('',#10963,#10964);
#10963 = CARTESIAN_POINT('',(56.828399658203,-33.17160034179,9.));
#10964 = VECTOR('',#10965,1.);
#10965 = DIRECTION('',(0.671608305235,-0.740906393777,0.));
#10966 = ORIENTED_EDGE('',*,*,#10967,.F.);
#10967 = EDGE_CURVE('',#10968,#10960,#10970,.T.);
#10968 = VERTEX_POINT('',#10969);
#10969 = CARTESIAN_POINT('',(56.537601470947,-32.90800094604,9.));
#10970 = LINE('',#10971,#10972);
#10971 = CARTESIAN_POINT('',(56.537601470947,-32.90800094604,9.));
#10972 = VECTOR('',#10973,1.);
#10973 = DIRECTION('',(0.740906393777,-0.671608305235,0.));
#10974 = ORIENTED_EDGE('',*,*,#10975,.F.);
#10975 = EDGE_CURVE('',#10976,#10968,#10978,.T.);
#10976 = VERTEX_POINT('',#10977);
#10977 = CARTESIAN_POINT('',(56.222301483154,-32.6740989685,9.));
#10978 = LINE('',#10979,#10980);
#10979 = CARTESIAN_POINT('',(56.222301483154,-32.6740989685,9.));
#10980 = VECTOR('',#10981,1.);
#10981 = DIRECTION('',(0.803134924565,-0.595797191118,0.));
#10982 = ORIENTED_EDGE('',*,*,#10983,.F.);
#10983 = EDGE_CURVE('',#10984,#10976,#10986,.T.);
#10984 = VERTEX_POINT('',#10985);
#10985 = CARTESIAN_POINT('',(55.885601043701,-32.47230148315,9.));
#10986 = LINE('',#10987,#10988);
#10987 = CARTESIAN_POINT('',(55.885601043701,-32.47230148315,9.));
#10988 = VECTOR('',#10989,1.);
#10989 = DIRECTION('',(0.857743203732,-0.514078395239,0.));
#10990 = ORIENTED_EDGE('',*,*,#10991,.F.);
#10991 = EDGE_CURVE('',#10992,#10984,#10994,.T.);
#10992 = VERTEX_POINT('',#10993);
#10993 = CARTESIAN_POINT('',(55.530700683594,-32.30450057983,9.));
#10994 = LINE('',#10995,#10996);
#10995 = CARTESIAN_POINT('',(55.530700683594,-32.30450057983,9.));
#10996 = VECTOR('',#10997,1.);
#10997 = DIRECTION('',(0.904042910501,-0.427441710615,0.));
#10998 = ORIENTED_EDGE('',*,*,#10999,.F.);
#10999 = EDGE_CURVE('',#11000,#10992,#11002,.T.);
#11000 = VERTEX_POINT('',#11001);
#11001 = CARTESIAN_POINT('',(55.161098480225,-32.17219924926,9.));
#11002 = LINE('',#11003,#11004);
#11003 = CARTESIAN_POINT('',(55.161098480225,-32.17219924926,9.));
#11004 = VECTOR('',#11005,1.);
#11005 = DIRECTION('',(0.941499174104,-0.33701528921,0.));
#11006 = ORIENTED_EDGE('',*,*,#11007,.F.);
#11007 = EDGE_CURVE('',#11008,#11000,#11010,.T.);
#11008 = VERTEX_POINT('',#11009);
#11009 = CARTESIAN_POINT('',(54.78039932251,-32.07690048217,9.));
#11010 = LINE('',#11011,#11012);
#11011 = CARTESIAN_POINT('',(54.78039932251,-32.07690048217,9.));
#11012 = VECTOR('',#11013,1.);
#11013 = DIRECTION('',(0.970068122753,-0.242832940967,0.));
#11014 = ORIENTED_EDGE('',*,*,#11015,.F.);
#11015 = EDGE_CURVE('',#11016,#11008,#11018,.T.);
#11016 = VERTEX_POINT('',#11017);
#11017 = CARTESIAN_POINT('',(54.392101287842,-32.01929855346,9.));
#11018 = LINE('',#11019,#11020);
#11019 = CARTESIAN_POINT('',(54.392101287842,-32.01929855346,9.));
#11020 = VECTOR('',#11021,1.);
#11021 = DIRECTION('',(0.989175268962,-0.146738840371,0.));
#11022 = ORIENTED_EDGE('',*,*,#11023,.F.);
#11023 = EDGE_CURVE('',#11024,#11016,#11026,.T.);
#11024 = VERTEX_POINT('',#11025);
#11025 = CARTESIAN_POINT('',(54.,-32.,9.));
#11026 = LINE('',#11027,#11028);
#11027 = CARTESIAN_POINT('',(54.,-32.,9.));
#11028 = VECTOR('',#11029,1.);
#11029 = DIRECTION('',(0.998790976291,-4.915878028406E-02,0.));
#11030 = ORIENTED_EDGE('',*,*,#11031,.F.);
#11031 = EDGE_CURVE('',#11032,#11024,#11034,.T.);
#11032 = VERTEX_POINT('',#11033);
#11033 = CARTESIAN_POINT('',(53.607898712158,-32.01929855346,9.));
#11034 = LINE('',#11035,#11036);
#11035 = CARTESIAN_POINT('',(53.607898712158,-32.01929855346,9.));
#11036 = VECTOR('',#11037,1.);
#11037 = DIRECTION('',(0.998790976291,4.915878028406E-02,0.));
#11038 = ORIENTED_EDGE('',*,*,#11039,.F.);
#11039 = EDGE_CURVE('',#11040,#11032,#11042,.T.);
#11040 = VERTEX_POINT('',#11041);
#11041 = CARTESIAN_POINT('',(53.21960067749,-32.07690048217,9.));
#11042 = LINE('',#11043,#11044);
#11043 = CARTESIAN_POINT('',(53.21960067749,-32.07690048217,9.));
#11044 = VECTOR('',#11045,1.);
#11045 = DIRECTION('',(0.989175268962,0.146738840371,0.));
#11046 = ORIENTED_EDGE('',*,*,#11047,.F.);
#11047 = EDGE_CURVE('',#11048,#11040,#11050,.T.);
#11048 = VERTEX_POINT('',#11049);
#11049 = CARTESIAN_POINT('',(52.838901519775,-32.17219924926,9.));
#11050 = LINE('',#11051,#11052);
#11051 = CARTESIAN_POINT('',(52.838901519775,-32.17219924926,9.));
#11052 = VECTOR('',#11053,1.);
#11053 = DIRECTION('',(0.970068122753,0.242832940967,0.));
#11054 = ORIENTED_EDGE('',*,*,#11055,.F.);
#11055 = EDGE_CURVE('',#11056,#11048,#11058,.T.);
#11056 = VERTEX_POINT('',#11057);
#11057 = CARTESIAN_POINT('',(52.469299316406,-32.30450057983,9.));
#11058 = LINE('',#11059,#11060);
#11059 = CARTESIAN_POINT('',(52.469299316406,-32.30450057983,9.));
#11060 = VECTOR('',#11061,1.);
#11061 = DIRECTION('',(0.941499174104,0.33701528921,0.));
#11062 = ORIENTED_EDGE('',*,*,#11063,.F.);
#11063 = EDGE_CURVE('',#11064,#11056,#11066,.T.);
#11064 = VERTEX_POINT('',#11065);
#11065 = CARTESIAN_POINT('',(52.114398956299,-32.47230148315,9.));
#11066 = LINE('',#11067,#11068);
#11067 = CARTESIAN_POINT('',(52.114398956299,-32.47230148315,9.));
#11068 = VECTOR('',#11069,1.);
#11069 = DIRECTION('',(0.904042910501,0.427441710615,0.));
#11070 = ORIENTED_EDGE('',*,*,#11071,.F.);
#11071 = EDGE_CURVE('',#11072,#11064,#11074,.T.);
#11072 = VERTEX_POINT('',#11073);
#11073 = CARTESIAN_POINT('',(51.777698516846,-32.6740989685,9.));
#11074 = LINE('',#11075,#11076);
#11075 = CARTESIAN_POINT('',(51.777698516846,-32.6740989685,9.));
#11076 = VECTOR('',#11077,1.);
#11077 = DIRECTION('',(0.857743203732,0.514078395239,0.));
#11078 = ORIENTED_EDGE('',*,*,#11079,.F.);
#11079 = EDGE_CURVE('',#11080,#11072,#11082,.T.);
#11080 = VERTEX_POINT('',#11081);
#11081 = CARTESIAN_POINT('',(51.462398529053,-32.90800094604,9.));
#11082 = LINE('',#11083,#11084);
#11083 = CARTESIAN_POINT('',(51.462398529053,-32.90800094604,9.));
#11084 = VECTOR('',#11085,1.);
#11085 = DIRECTION('',(0.803134924565,0.595797191118,0.));
#11086 = ORIENTED_EDGE('',*,*,#11087,.F.);
#11087 = EDGE_CURVE('',#11088,#11080,#11090,.T.);
#11088 = VERTEX_POINT('',#11089);
#11089 = CARTESIAN_POINT('',(51.171600341797,-33.17160034179,9.));
#11090 = LINE('',#11091,#11092);
#11091 = CARTESIAN_POINT('',(51.171600341797,-33.17160034179,9.));
#11092 = VECTOR('',#11093,1.);
#11093 = DIRECTION('',(0.740906393777,0.671608305235,0.));
#11094 = ORIENTED_EDGE('',*,*,#11095,.F.);
#11095 = EDGE_CURVE('',#11096,#11088,#11098,.T.);
#11096 = VERTEX_POINT('',#11097);
#11097 = CARTESIAN_POINT('',(50.908000946045,-33.46239852905,9.));
#11098 = LINE('',#11099,#11100);
#11099 = CARTESIAN_POINT('',(50.908000946045,-33.46239852905,9.));
#11100 = VECTOR('',#11101,1.);
#11101 = DIRECTION('',(0.671608305235,0.740906393777,0.));
#11102 = ORIENTED_EDGE('',*,*,#11103,.F.);
#11103 = EDGE_CURVE('',#11104,#11096,#11106,.T.);
#11104 = VERTEX_POINT('',#11105);
#11105 = CARTESIAN_POINT('',(50.674098968506,-33.77769851684,9.));
#11106 = LINE('',#11107,#11108);
#11107 = CARTESIAN_POINT('',(50.674098968506,-33.77769851684,9.));
#11108 = VECTOR('',#11109,1.);
#11109 = DIRECTION('',(0.595797191118,0.803134924565,0.));
#11110 = ORIENTED_EDGE('',*,*,#11111,.T.);
#11111 = EDGE_CURVE('',#11104,#11112,#11114,.T.);
#11112 = VERTEX_POINT('',#11113);
#11113 = CARTESIAN_POINT('',(50.472301483154,-34.11439895629,9.));
#11114 = LINE('',#11115,#11116);
#11115 = CARTESIAN_POINT('',(50.674098968506,-33.77769851684,9.));
#11116 = VECTOR('',#11117,1.);
#11117 = DIRECTION('',(-0.514078395239,-0.857743203732,0.));
#11118 = ORIENTED_EDGE('',*,*,#11119,.F.);
#11119 = EDGE_CURVE('',#11120,#11112,#11122,.T.);
#11120 = VERTEX_POINT('',#11121);
#11121 = CARTESIAN_POINT('',(50.304500579834,-34.4692993164,9.));
#11122 = LINE('',#11123,#11124);
#11123 = CARTESIAN_POINT('',(50.304500579834,-34.4692993164,9.));
#11124 = VECTOR('',#11125,1.);
#11125 = DIRECTION('',(0.427441710615,0.904042910501,0.));
#11126 = ORIENTED_EDGE('',*,*,#11127,.F.);
#11127 = EDGE_CURVE('',#11128,#11120,#11130,.T.);
#11128 = VERTEX_POINT('',#11129);
#11129 = CARTESIAN_POINT('',(50.172199249268,-34.83890151977,9.));
#11130 = LINE('',#11131,#11132);
#11131 = CARTESIAN_POINT('',(50.172199249268,-34.83890151977,9.));
#11132 = VECTOR('',#11133,1.);
#11133 = DIRECTION('',(0.33701528921,0.941499174104,0.));
#11134 = ORIENTED_EDGE('',*,*,#11135,.F.);
#11135 = EDGE_CURVE('',#11136,#11128,#11138,.T.);
#11136 = VERTEX_POINT('',#11137);
#11137 = CARTESIAN_POINT('',(50.076900482178,-35.21960067749,9.));
#11138 = LINE('',#11139,#11140);
#11139 = CARTESIAN_POINT('',(50.076900482178,-35.21960067749,9.));
#11140 = VECTOR('',#11141,1.);
#11141 = DIRECTION('',(0.242832940967,0.970068122753,0.));
#11142 = ORIENTED_EDGE('',*,*,#11143,.F.);
#11143 = EDGE_CURVE('',#11144,#11136,#11146,.T.);
#11144 = VERTEX_POINT('',#11145);
#11145 = CARTESIAN_POINT('',(50.019298553467,-35.60789871215,9.));
#11146 = LINE('',#11147,#11148);
#11147 = CARTESIAN_POINT('',(50.019298553467,-35.60789871215,9.));
#11148 = VECTOR('',#11149,1.);
#11149 = DIRECTION('',(0.146738840371,0.989175268962,0.));
#11150 = ORIENTED_EDGE('',*,*,#11151,.T.);
#11151 = EDGE_CURVE('',#11144,#11152,#11154,.T.);
#11152 = VERTEX_POINT('',#11153);
#11153 = CARTESIAN_POINT('',(50.,-36.,9.));
#11154 = LINE('',#11155,#11156);
#11155 = CARTESIAN_POINT('',(50.019298553467,-35.60789871215,9.));
#11156 = VECTOR('',#11157,1.);
#11157 = DIRECTION('',(-4.915878028406E-02,-0.998790976291,0.));
#11158 = ORIENTED_EDGE('',*,*,#11159,.T.);
#11159 = EDGE_CURVE('',#11152,#10656,#11160,.T.);
#11160 = LINE('',#11161,#11162);
#11161 = CARTESIAN_POINT('',(50.,-36.,9.));
#11162 = VECTOR('',#11163,1.);
#11163 = DIRECTION('',(4.915878028406E-02,-0.998790976291,0.));
#11164 = FACE_BOUND('',#11165,.T.);
#11165 = EDGE_LOOP('',(#11166,#11167,#11168,#11169,#11170,#11171,#11172,
    #11173,#11174,#11175,#11176,#11177,#11178,#11179,#11180,#11181,
    #11182,#11183,#11184,#11185,#11186,#11187,#11188,#11189,#11190,
    #11191,#11192,#11193,#11194,#11195,#11196,#11197,#11198,#11199,
    #11200,#11201,#11202,#11203,#11204,#11205,#11206,#11207,#11208,
    #11209,#11210,#11211,#11212,#11213,#11214,#11215,#11216,#11217,
    #11218,#11219,#11220,#11221,#11222,#11223,#11224,#11225,#11226,
    #11227,#11228,#11229));
#11166 = ORIENTED_EDGE('',*,*,#7461,.T.);
#11167 = ORIENTED_EDGE('',*,*,#7437,.T.);
#11168 = ORIENTED_EDGE('',*,*,#7413,.T.);
#11169 = ORIENTED_EDGE('',*,*,#7389,.T.);
#11170 = ORIENTED_EDGE('',*,*,#7365,.T.);
#11171 = ORIENTED_EDGE('',*,*,#7341,.T.);
#11172 = ORIENTED_EDGE('',*,*,#7317,.T.);
#11173 = ORIENTED_EDGE('',*,*,#8829,.T.);
#11174 = ORIENTED_EDGE('',*,*,#8805,.T.);
#11175 = ORIENTED_EDGE('',*,*,#8780,.T.);
#11176 = ORIENTED_EDGE('',*,*,#8756,.T.);
#11177 = ORIENTED_EDGE('',*,*,#8732,.T.);
#11178 = ORIENTED_EDGE('',*,*,#8708,.T.);
#11179 = ORIENTED_EDGE('',*,*,#8684,.T.);
#11180 = ORIENTED_EDGE('',*,*,#8660,.T.);
#11181 = ORIENTED_EDGE('',*,*,#8636,.T.);
#11182 = ORIENTED_EDGE('',*,*,#8612,.T.);
#11183 = ORIENTED_EDGE('',*,*,#8588,.T.);
#11184 = ORIENTED_EDGE('',*,*,#8564,.T.);
#11185 = ORIENTED_EDGE('',*,*,#8540,.T.);
#11186 = ORIENTED_EDGE('',*,*,#8516,.T.);
#11187 = ORIENTED_EDGE('',*,*,#8492,.T.);
#11188 = ORIENTED_EDGE('',*,*,#8468,.T.);
#11189 = ORIENTED_EDGE('',*,*,#8444,.T.);
#11190 = ORIENTED_EDGE('',*,*,#8420,.T.);
#11191 = ORIENTED_EDGE('',*,*,#8406,.T.);
#11192 = ORIENTED_EDGE('',*,*,#8382,.T.);
#11193 = ORIENTED_EDGE('',*,*,#8358,.T.);
#11194 = ORIENTED_EDGE('',*,*,#8334,.T.);
#11195 = ORIENTED_EDGE('',*,*,#8310,.T.);
#11196 = ORIENTED_EDGE('',*,*,#8286,.T.);
#11197 = ORIENTED_EDGE('',*,*,#8262,.T.);
#11198 = ORIENTED_EDGE('',*,*,#8238,.T.);
#11199 = ORIENTED_EDGE('',*,*,#8214,.T.);
#11200 = ORIENTED_EDGE('',*,*,#8190,.T.);
#11201 = ORIENTED_EDGE('',*,*,#8166,.T.);
#11202 = ORIENTED_EDGE('',*,*,#8142,.T.);
#11203 = ORIENTED_EDGE('',*,*,#8118,.T.);
#11204 = ORIENTED_EDGE('',*,*,#8094,.T.);
#11205 = ORIENTED_EDGE('',*,*,#8070,.T.);
#11206 = ORIENTED_EDGE('',*,*,#8046,.T.);
#11207 = ORIENTED_EDGE('',*,*,#8012,.T.);
#11208 = ORIENTED_EDGE('',*,*,#7988,.T.);
#11209 = ORIENTED_EDGE('',*,*,#7964,.T.);
#11210 = ORIENTED_EDGE('',*,*,#7940,.T.);
#11211 = ORIENTED_EDGE('',*,*,#7916,.T.);
#11212 = ORIENTED_EDGE('',*,*,#7892,.T.);
#11213 = ORIENTED_EDGE('',*,*,#7868,.T.);
#11214 = ORIENTED_EDGE('',*,*,#7844,.T.);
#11215 = ORIENTED_EDGE('',*,*,#7820,.T.);
#11216 = ORIENTED_EDGE('',*,*,#7796,.T.);
#11217 = ORIENTED_EDGE('',*,*,#7772,.T.);
#11218 = ORIENTED_EDGE('',*,*,#7748,.T.);
#11219 = ORIENTED_EDGE('',*,*,#7724,.T.);
#11220 = ORIENTED_EDGE('',*,*,#7700,.T.);
#11221 = ORIENTED_EDGE('',*,*,#7676,.T.);
#11222 = ORIENTED_EDGE('',*,*,#7652,.T.);
#11223 = ORIENTED_EDGE('',*,*,#7629,.T.);
#11224 = ORIENTED_EDGE('',*,*,#7605,.T.);
#11225 = ORIENTED_EDGE('',*,*,#7581,.T.);
#11226 = ORIENTED_EDGE('',*,*,#7557,.T.);
#11227 = ORIENTED_EDGE('',*,*,#7533,.T.);
#11228 = ORIENTED_EDGE('',*,*,#7509,.T.);
#11229 = ORIENTED_EDGE('',*,*,#7485,.T.);
#11230 = PLANE('',#11231);
#11231 = AXIS2_PLACEMENT_3D('',#11232,#11233,#11234);
#11232 = CARTESIAN_POINT('',(54.,-36.,9.));
#11233 = DIRECTION('',(0.,0.,1.));
#11234 = DIRECTION('',(1.,0.,0.));
#11235 = ADVANCED_FACE('',(#11236),#11261,.T.);
#11236 = FACE_BOUND('',#11237,.T.);
#11237 = EDGE_LOOP('',(#11238,#11239,#11247,#11255));
#11238 = ORIENTED_EDGE('',*,*,#10222,.T.);
#11239 = ORIENTED_EDGE('',*,*,#11240,.F.);
#11240 = EDGE_CURVE('',#11241,#10215,#11243,.T.);
#11241 = VERTEX_POINT('',#11242);
#11242 = CARTESIAN_POINT('',(-52.83890151977,-39.82780075073,
    3.200000047684));
#11243 = LINE('',#11244,#11245);
#11244 = CARTESIAN_POINT('',(-52.83890151977,-39.82780075073,
    3.200000047684));
#11245 = VECTOR('',#11246,1.);
#11246 = DIRECTION('',(0.,0.,1.));
#11247 = ORIENTED_EDGE('',*,*,#11248,.F.);
#11248 = EDGE_CURVE('',#11249,#11241,#11251,.T.);
#11249 = VERTEX_POINT('',#11250);
#11250 = CARTESIAN_POINT('',(-52.4692993164,-39.69549942016,
    3.200000047684));
#11251 = LINE('',#11252,#11253);
#11252 = CARTESIAN_POINT('',(-52.4692993164,-39.69549942016,
    3.200000047684));
#11253 = VECTOR('',#11254,1.);
#11254 = DIRECTION('',(-0.941499174104,-0.33701528921,0.));
#11255 = ORIENTED_EDGE('',*,*,#11256,.F.);
#11256 = EDGE_CURVE('',#10223,#11249,#11257,.T.);
#11257 = LINE('',#11258,#11259);
#11258 = CARTESIAN_POINT('',(-52.4692993164,-39.69549942016,9.));
#11259 = VECTOR('',#11260,1.);
#11260 = DIRECTION('',(0.,0.,-1.));
#11261 = PLANE('',#11262);
#11262 = AXIS2_PLACEMENT_3D('',#11263,#11264,#11265);
#11263 = CARTESIAN_POINT('',(-52.65410041809,-39.76165008544,
    6.100000023842));
#11264 = DIRECTION('',(0.33701528921,-0.941499174104,0.));
#11265 = DIRECTION('',(-0.941499174104,-0.33701528921,0.));
#11266 = ADVANCED_FACE('',(#11267),#11285,.T.);
#11267 = FACE_BOUND('',#11268,.T.);
#11268 = EDGE_LOOP('',(#11269,#11270,#11278,#11284));
#11269 = ORIENTED_EDGE('',*,*,#10214,.T.);
#11270 = ORIENTED_EDGE('',*,*,#11271,.T.);
#11271 = EDGE_CURVE('',#10207,#11272,#11274,.T.);
#11272 = VERTEX_POINT('',#11273);
#11273 = CARTESIAN_POINT('',(-53.21960067749,-39.92309951782,
    3.200000047684));
#11274 = LINE('',#11275,#11276);
#11275 = CARTESIAN_POINT('',(-53.21960067749,-39.92309951782,9.));
#11276 = VECTOR('',#11277,1.);
#11277 = DIRECTION('',(0.,0.,-1.));
#11278 = ORIENTED_EDGE('',*,*,#11279,.F.);
#11279 = EDGE_CURVE('',#11241,#11272,#11280,.T.);
#11280 = LINE('',#11281,#11282);
#11281 = CARTESIAN_POINT('',(-52.83890151977,-39.82780075073,
    3.200000047684));
#11282 = VECTOR('',#11283,1.);
#11283 = DIRECTION('',(-0.970068122753,-0.242832940967,0.));
#11284 = ORIENTED_EDGE('',*,*,#11240,.T.);
#11285 = PLANE('',#11286);
#11286 = AXIS2_PLACEMENT_3D('',#11287,#11288,#11289);
#11287 = CARTESIAN_POINT('',(-53.02925109863,-39.87545013427,
    6.100000023842));
#11288 = DIRECTION('',(0.242832940967,-0.970068122753,0.));
#11289 = DIRECTION('',(-0.970068122753,-0.242832940967,0.));
#11290 = ADVANCED_FACE('',(#11291),#11309,.T.);
#11291 = FACE_BOUND('',#11292,.T.);
#11292 = EDGE_LOOP('',(#11293,#11294,#11302,#11308));
#11293 = ORIENTED_EDGE('',*,*,#10206,.T.);
#11294 = ORIENTED_EDGE('',*,*,#11295,.T.);
#11295 = EDGE_CURVE('',#10199,#11296,#11298,.T.);
#11296 = VERTEX_POINT('',#11297);
#11297 = CARTESIAN_POINT('',(-53.60789871215,-39.98070144653,
    3.200000047684));
#11298 = LINE('',#11299,#11300);
#11299 = CARTESIAN_POINT('',(-53.60789871215,-39.98070144653,9.));
#11300 = VECTOR('',#11301,1.);
#11301 = DIRECTION('',(0.,0.,-1.));
#11302 = ORIENTED_EDGE('',*,*,#11303,.F.);
#11303 = EDGE_CURVE('',#11272,#11296,#11304,.T.);
#11304 = LINE('',#11305,#11306);
#11305 = CARTESIAN_POINT('',(-53.21960067749,-39.92309951782,
    3.200000047684));
#11306 = VECTOR('',#11307,1.);
#11307 = DIRECTION('',(-0.989175268962,-0.146738840371,0.));
#11308 = ORIENTED_EDGE('',*,*,#11271,.F.);
#11309 = PLANE('',#11310);
#11310 = AXIS2_PLACEMENT_3D('',#11311,#11312,#11313);
#11311 = CARTESIAN_POINT('',(-53.41374969482,-39.95190048217,
    6.100000023842));
#11312 = DIRECTION('',(0.146738840371,-0.989175268962,0.));
#11313 = DIRECTION('',(-0.989175268962,-0.146738840371,0.));
#11314 = ADVANCED_FACE('',(#11315),#11333,.T.);
#11315 = FACE_BOUND('',#11316,.T.);
#11316 = EDGE_LOOP('',(#11317,#11318,#11326,#11332));
#11317 = ORIENTED_EDGE('',*,*,#10198,.T.);
#11318 = ORIENTED_EDGE('',*,*,#11319,.T.);
#11319 = EDGE_CURVE('',#10191,#11320,#11322,.T.);
#11320 = VERTEX_POINT('',#11321);
#11321 = CARTESIAN_POINT('',(-54.,-40.,3.200000047684));
#11322 = LINE('',#11323,#11324);
#11323 = CARTESIAN_POINT('',(-54.,-40.,9.));
#11324 = VECTOR('',#11325,1.);
#11325 = DIRECTION('',(0.,0.,-1.));
#11326 = ORIENTED_EDGE('',*,*,#11327,.F.);
#11327 = EDGE_CURVE('',#11296,#11320,#11328,.T.);
#11328 = LINE('',#11329,#11330);
#11329 = CARTESIAN_POINT('',(-53.60789871215,-39.98070144653,
    3.200000047684));
#11330 = VECTOR('',#11331,1.);
#11331 = DIRECTION('',(-0.998790976291,-4.915878028406E-02,0.));
#11332 = ORIENTED_EDGE('',*,*,#11295,.F.);
#11333 = PLANE('',#11334);
#11334 = AXIS2_PLACEMENT_3D('',#11335,#11336,#11337);
#11335 = CARTESIAN_POINT('',(-53.80394935607,-39.99035072326,
    6.100000023842));
#11336 = DIRECTION('',(4.915878028406E-02,-0.998790976291,0.));
#11337 = DIRECTION('',(-0.998790976291,-4.915878028406E-02,0.));
#11338 = ADVANCED_FACE('',(#11339),#11357,.T.);
#11339 = FACE_BOUND('',#11340,.T.);
#11340 = EDGE_LOOP('',(#11341,#11342,#11350,#11356));
#11341 = ORIENTED_EDGE('',*,*,#10190,.F.);
#11342 = ORIENTED_EDGE('',*,*,#11343,.F.);
#11343 = EDGE_CURVE('',#11344,#10183,#11346,.T.);
#11344 = VERTEX_POINT('',#11345);
#11345 = CARTESIAN_POINT('',(-54.39210128784,-39.98070144653,
    3.200000047684));
#11346 = LINE('',#11347,#11348);
#11347 = CARTESIAN_POINT('',(-54.39210128784,-39.98070144653,
    3.200000047684));
#11348 = VECTOR('',#11349,1.);
#11349 = DIRECTION('',(0.,0.,1.));
#11350 = ORIENTED_EDGE('',*,*,#11351,.F.);
#11351 = EDGE_CURVE('',#11320,#11344,#11352,.T.);
#11352 = LINE('',#11353,#11354);
#11353 = CARTESIAN_POINT('',(-54.,-40.,3.200000047684));
#11354 = VECTOR('',#11355,1.);
#11355 = DIRECTION('',(-0.998790976291,4.915878028406E-02,0.));
#11356 = ORIENTED_EDGE('',*,*,#11319,.F.);
#11357 = PLANE('',#11358);
#11358 = AXIS2_PLACEMENT_3D('',#11359,#11360,#11361);
#11359 = CARTESIAN_POINT('',(-54.19605064392,-39.99035072326,
    6.100000023842));
#11360 = DIRECTION('',(-4.915878028406E-02,-0.998790976291,-0.));
#11361 = DIRECTION('',(-0.998790976291,4.915878028406E-02,0.));
#11362 = ADVANCED_FACE('',(#11363),#11381,.T.);
#11363 = FACE_BOUND('',#11364,.T.);
#11364 = EDGE_LOOP('',(#11365,#11366,#11374,#11380));
#11365 = ORIENTED_EDGE('',*,*,#10182,.T.);
#11366 = ORIENTED_EDGE('',*,*,#11367,.T.);
#11367 = EDGE_CURVE('',#10175,#11368,#11370,.T.);
#11368 = VERTEX_POINT('',#11369);
#11369 = CARTESIAN_POINT('',(-54.78039932251,-39.92309951782,
    3.200000047684));
#11370 = LINE('',#11371,#11372);
#11371 = CARTESIAN_POINT('',(-54.78039932251,-39.92309951782,9.));
#11372 = VECTOR('',#11373,1.);
#11373 = DIRECTION('',(0.,0.,-1.));
#11374 = ORIENTED_EDGE('',*,*,#11375,.F.);
#11375 = EDGE_CURVE('',#11344,#11368,#11376,.T.);
#11376 = LINE('',#11377,#11378);
#11377 = CARTESIAN_POINT('',(-54.39210128784,-39.98070144653,
    3.200000047684));
#11378 = VECTOR('',#11379,1.);
#11379 = DIRECTION('',(-0.989175268962,0.146738840371,0.));
#11380 = ORIENTED_EDGE('',*,*,#11343,.T.);
#11381 = PLANE('',#11382);
#11382 = AXIS2_PLACEMENT_3D('',#11383,#11384,#11385);
#11383 = CARTESIAN_POINT('',(-54.58625030517,-39.95190048217,
    6.100000023842));
#11384 = DIRECTION('',(-0.146738840371,-0.989175268962,-0.));
#11385 = DIRECTION('',(-0.989175268962,0.146738840371,0.));
#11386 = ADVANCED_FACE('',(#11387),#11405,.T.);
#11387 = FACE_BOUND('',#11388,.T.);
#11388 = EDGE_LOOP('',(#11389,#11390,#11398,#11404));
#11389 = ORIENTED_EDGE('',*,*,#10174,.F.);
#11390 = ORIENTED_EDGE('',*,*,#11391,.F.);
#11391 = EDGE_CURVE('',#11392,#10167,#11394,.T.);
#11392 = VERTEX_POINT('',#11393);
#11393 = CARTESIAN_POINT('',(-55.16109848022,-39.82780075073,
    3.200000047684));
#11394 = LINE('',#11395,#11396);
#11395 = CARTESIAN_POINT('',(-55.16109848022,-39.82780075073,
    3.200000047684));
#11396 = VECTOR('',#11397,1.);
#11397 = DIRECTION('',(0.,0.,1.));
#11398 = ORIENTED_EDGE('',*,*,#11399,.F.);
#11399 = EDGE_CURVE('',#11368,#11392,#11400,.T.);
#11400 = LINE('',#11401,#11402);
#11401 = CARTESIAN_POINT('',(-54.78039932251,-39.92309951782,
    3.200000047684));
#11402 = VECTOR('',#11403,1.);
#11403 = DIRECTION('',(-0.970068122753,0.242832940967,0.));
#11404 = ORIENTED_EDGE('',*,*,#11367,.F.);
#11405 = PLANE('',#11406);
#11406 = AXIS2_PLACEMENT_3D('',#11407,#11408,#11409);
#11407 = CARTESIAN_POINT('',(-54.97074890136,-39.87545013427,
    6.100000023842));
#11408 = DIRECTION('',(-0.242832940967,-0.970068122753,-0.));
#11409 = DIRECTION('',(-0.970068122753,0.242832940967,0.));
#11410 = ADVANCED_FACE('',(#11411),#11429,.T.);
#11411 = FACE_BOUND('',#11412,.T.);
#11412 = EDGE_LOOP('',(#11413,#11414,#11422,#11428));
#11413 = ORIENTED_EDGE('',*,*,#10166,.F.);
#11414 = ORIENTED_EDGE('',*,*,#11415,.F.);
#11415 = EDGE_CURVE('',#11416,#10159,#11418,.T.);
#11416 = VERTEX_POINT('',#11417);
#11417 = CARTESIAN_POINT('',(-55.53070068359,-39.69549942016,
    3.200000047684));
#11418 = LINE('',#11419,#11420);
#11419 = CARTESIAN_POINT('',(-55.53070068359,-39.69549942016,
    3.200000047684));
#11420 = VECTOR('',#11421,1.);
#11421 = DIRECTION('',(0.,0.,1.));
#11422 = ORIENTED_EDGE('',*,*,#11423,.F.);
#11423 = EDGE_CURVE('',#11392,#11416,#11424,.T.);
#11424 = LINE('',#11425,#11426);
#11425 = CARTESIAN_POINT('',(-55.16109848022,-39.82780075073,
    3.200000047684));
#11426 = VECTOR('',#11427,1.);
#11427 = DIRECTION('',(-0.941499174104,0.33701528921,0.));
#11428 = ORIENTED_EDGE('',*,*,#11391,.T.);
#11429 = PLANE('',#11430);
#11430 = AXIS2_PLACEMENT_3D('',#11431,#11432,#11433);
#11431 = CARTESIAN_POINT('',(-55.3458995819,-39.76165008544,
    6.100000023842));
#11432 = DIRECTION('',(-0.33701528921,-0.941499174104,-0.));
#11433 = DIRECTION('',(-0.941499174104,0.33701528921,0.));
#11434 = ADVANCED_FACE('',(#11435),#11453,.T.);
#11435 = FACE_BOUND('',#11436,.T.);
#11436 = EDGE_LOOP('',(#11437,#11438,#11446,#11452));
#11437 = ORIENTED_EDGE('',*,*,#10158,.T.);
#11438 = ORIENTED_EDGE('',*,*,#11439,.T.);
#11439 = EDGE_CURVE('',#10151,#11440,#11442,.T.);
#11440 = VERTEX_POINT('',#11441);
#11441 = CARTESIAN_POINT('',(-55.8856010437,-39.52769851684,
    3.200000047684));
#11442 = LINE('',#11443,#11444);
#11443 = CARTESIAN_POINT('',(-55.8856010437,-39.52769851684,9.));
#11444 = VECTOR('',#11445,1.);
#11445 = DIRECTION('',(0.,0.,-1.));
#11446 = ORIENTED_EDGE('',*,*,#11447,.F.);
#11447 = EDGE_CURVE('',#11416,#11440,#11448,.T.);
#11448 = LINE('',#11449,#11450);
#11449 = CARTESIAN_POINT('',(-55.53070068359,-39.69549942016,
    3.200000047684));
#11450 = VECTOR('',#11451,1.);
#11451 = DIRECTION('',(-0.904042910501,0.427441710615,0.));
#11452 = ORIENTED_EDGE('',*,*,#11415,.T.);
#11453 = PLANE('',#11454);
#11454 = AXIS2_PLACEMENT_3D('',#11455,#11456,#11457);
#11455 = CARTESIAN_POINT('',(-55.70815086364,-39.6115989685,
    6.100000023842));
#11456 = DIRECTION('',(-0.427441710615,-0.904042910501,-0.));
#11457 = DIRECTION('',(-0.904042910501,0.427441710615,0.));
#11458 = ADVANCED_FACE('',(#11459),#11477,.T.);
#11459 = FACE_BOUND('',#11460,.T.);
#11460 = EDGE_LOOP('',(#11461,#11462,#11470,#11476));
#11461 = ORIENTED_EDGE('',*,*,#10150,.T.);
#11462 = ORIENTED_EDGE('',*,*,#11463,.T.);
#11463 = EDGE_CURVE('',#10143,#11464,#11466,.T.);
#11464 = VERTEX_POINT('',#11465);
#11465 = CARTESIAN_POINT('',(-56.22230148315,-39.32590103149,
    3.200000047684));
#11466 = LINE('',#11467,#11468);
#11467 = CARTESIAN_POINT('',(-56.22230148315,-39.32590103149,9.));
#11468 = VECTOR('',#11469,1.);
#11469 = DIRECTION('',(0.,0.,-1.));
#11470 = ORIENTED_EDGE('',*,*,#11471,.F.);
#11471 = EDGE_CURVE('',#11440,#11464,#11472,.T.);
#11472 = LINE('',#11473,#11474);
#11473 = CARTESIAN_POINT('',(-55.8856010437,-39.52769851684,
    3.200000047684));
#11474 = VECTOR('',#11475,1.);
#11475 = DIRECTION('',(-0.857743203732,0.514078395239,0.));
#11476 = ORIENTED_EDGE('',*,*,#11439,.F.);
#11477 = PLANE('',#11478);
#11478 = AXIS2_PLACEMENT_3D('',#11479,#11480,#11481);
#11479 = CARTESIAN_POINT('',(-56.05395126342,-39.42679977417,
    6.100000023842));
#11480 = DIRECTION('',(-0.514078395239,-0.857743203732,-0.));
#11481 = DIRECTION('',(-0.857743203732,0.514078395239,0.));
#11482 = ADVANCED_FACE('',(#11483),#11501,.T.);
#11483 = FACE_BOUND('',#11484,.T.);
#11484 = EDGE_LOOP('',(#11485,#11486,#11494,#11500));
#11485 = ORIENTED_EDGE('',*,*,#10142,.F.);
#11486 = ORIENTED_EDGE('',*,*,#11487,.F.);
#11487 = EDGE_CURVE('',#11488,#10135,#11490,.T.);
#11488 = VERTEX_POINT('',#11489);
#11489 = CARTESIAN_POINT('',(-56.53760147094,-39.09199905395,
    3.200000047684));
#11490 = LINE('',#11491,#11492);
#11491 = CARTESIAN_POINT('',(-56.53760147094,-39.09199905395,
    3.200000047684));
#11492 = VECTOR('',#11493,1.);
#11493 = DIRECTION('',(0.,0.,1.));
#11494 = ORIENTED_EDGE('',*,*,#11495,.F.);
#11495 = EDGE_CURVE('',#11464,#11488,#11496,.T.);
#11496 = LINE('',#11497,#11498);
#11497 = CARTESIAN_POINT('',(-56.22230148315,-39.32590103149,
    3.200000047684));
#11498 = VECTOR('',#11499,1.);
#11499 = DIRECTION('',(-0.803134924565,0.595797191118,0.));
#11500 = ORIENTED_EDGE('',*,*,#11463,.F.);
#11501 = PLANE('',#11502);
#11502 = AXIS2_PLACEMENT_3D('',#11503,#11504,#11505);
#11503 = CARTESIAN_POINT('',(-56.37995147705,-39.20895004272,
    6.100000023842));
#11504 = DIRECTION('',(-0.595797191118,-0.803134924565,-0.));
#11505 = DIRECTION('',(-0.803134924565,0.595797191118,0.));
#11506 = ADVANCED_FACE('',(#11507),#11525,.T.);
#11507 = FACE_BOUND('',#11508,.T.);
#11508 = EDGE_LOOP('',(#11509,#11510,#11518,#11524));
#11509 = ORIENTED_EDGE('',*,*,#10134,.T.);
#11510 = ORIENTED_EDGE('',*,*,#11511,.F.);
#11511 = EDGE_CURVE('',#11512,#10127,#11514,.T.);
#11512 = VERTEX_POINT('',#11513);
#11513 = CARTESIAN_POINT('',(-56.8283996582,-38.8283996582,
    3.200000047684));
#11514 = LINE('',#11515,#11516);
#11515 = CARTESIAN_POINT('',(-56.8283996582,-38.8283996582,
    3.200000047684));
#11516 = VECTOR('',#11517,1.);
#11517 = DIRECTION('',(0.,0.,1.));
#11518 = ORIENTED_EDGE('',*,*,#11519,.F.);
#11519 = EDGE_CURVE('',#11488,#11512,#11520,.T.);
#11520 = LINE('',#11521,#11522);
#11521 = CARTESIAN_POINT('',(-56.53760147094,-39.09199905395,
    3.200000047684));
#11522 = VECTOR('',#11523,1.);
#11523 = DIRECTION('',(-0.740906393777,0.671608305235,0.));
#11524 = ORIENTED_EDGE('',*,*,#11487,.T.);
#11525 = PLANE('',#11526);
#11526 = AXIS2_PLACEMENT_3D('',#11527,#11528,#11529);
#11527 = CARTESIAN_POINT('',(-56.68300056457,-38.96019935607,
    6.100000023842));
#11528 = DIRECTION('',(-0.671608305235,-0.740906393777,-0.));
#11529 = DIRECTION('',(-0.740906393777,0.671608305235,0.));
#11530 = ADVANCED_FACE('',(#11531),#11549,.T.);
#11531 = FACE_BOUND('',#11532,.T.);
#11532 = EDGE_LOOP('',(#11533,#11541,#11547,#11548));
#11533 = ORIENTED_EDGE('',*,*,#11534,.T.);
#11534 = EDGE_CURVE('',#10119,#11535,#11537,.T.);
#11535 = VERTEX_POINT('',#11536);
#11536 = CARTESIAN_POINT('',(-57.09199905395,-38.53760147094,
    3.200000047684));
#11537 = LINE('',#11538,#11539);
#11538 = CARTESIAN_POINT('',(-57.09199905395,-38.53760147094,9.));
#11539 = VECTOR('',#11540,1.);
#11540 = DIRECTION('',(0.,0.,-1.));
#11541 = ORIENTED_EDGE('',*,*,#11542,.F.);
#11542 = EDGE_CURVE('',#11512,#11535,#11543,.T.);
#11543 = LINE('',#11544,#11545);
#11544 = CARTESIAN_POINT('',(-56.8283996582,-38.8283996582,
    3.200000047684));
#11545 = VECTOR('',#11546,1.);
#11546 = DIRECTION('',(-0.671608305235,0.740906393777,0.));
#11547 = ORIENTED_EDGE('',*,*,#11511,.T.);
#11548 = ORIENTED_EDGE('',*,*,#10126,.T.);
#11549 = PLANE('',#11550);
#11550 = AXIS2_PLACEMENT_3D('',#11551,#11552,#11553);
#11551 = CARTESIAN_POINT('',(-56.96019935607,-38.68300056457,
    6.100000023842));
#11552 = DIRECTION('',(-0.740906393777,-0.671608305235,-0.));
#11553 = DIRECTION('',(0.671608305235,-0.740906393777,0.));
#11554 = ADVANCED_FACE('',(#11555),#11573,.T.);
#11555 = FACE_BOUND('',#11556,.T.);
#11556 = EDGE_LOOP('',(#11557,#11565,#11571,#11572));
#11557 = ORIENTED_EDGE('',*,*,#11558,.F.);
#11558 = EDGE_CURVE('',#11559,#10111,#11561,.T.);
#11559 = VERTEX_POINT('',#11560);
#11560 = CARTESIAN_POINT('',(-57.32590103149,-38.22230148315,
    3.200000047684));
#11561 = LINE('',#11562,#11563);
#11562 = CARTESIAN_POINT('',(-57.32590103149,-38.22230148315,
    3.200000047684));
#11563 = VECTOR('',#11564,1.);
#11564 = DIRECTION('',(0.,0.,1.));
#11565 = ORIENTED_EDGE('',*,*,#11566,.F.);
#11566 = EDGE_CURVE('',#11535,#11559,#11567,.T.);
#11567 = LINE('',#11568,#11569);
#11568 = CARTESIAN_POINT('',(-57.09199905395,-38.53760147094,
    3.200000047684));
#11569 = VECTOR('',#11570,1.);
#11570 = DIRECTION('',(-0.595797191118,0.803134924565,0.));
#11571 = ORIENTED_EDGE('',*,*,#11534,.F.);
#11572 = ORIENTED_EDGE('',*,*,#10118,.F.);
#11573 = PLANE('',#11574);
#11574 = AXIS2_PLACEMENT_3D('',#11575,#11576,#11577);
#11575 = CARTESIAN_POINT('',(-57.20895004272,-38.37995147705,
    6.100000023842));
#11576 = DIRECTION('',(-0.803134924565,-0.595797191118,-0.));
#11577 = DIRECTION('',(0.595797191118,-0.803134924565,0.));
#11578 = ADVANCED_FACE('',(#11579),#11597,.T.);
#11579 = FACE_BOUND('',#11580,.T.);
#11580 = EDGE_LOOP('',(#11581,#11589,#11595,#11596));
#11581 = ORIENTED_EDGE('',*,*,#11582,.T.);
#11582 = EDGE_CURVE('',#10103,#11583,#11585,.T.);
#11583 = VERTEX_POINT('',#11584);
#11584 = CARTESIAN_POINT('',(-57.52769851684,-37.8856010437,
    3.200000047684));
#11585 = LINE('',#11586,#11587);
#11586 = CARTESIAN_POINT('',(-57.52769851684,-37.8856010437,9.));
#11587 = VECTOR('',#11588,1.);
#11588 = DIRECTION('',(0.,0.,-1.));
#11589 = ORIENTED_EDGE('',*,*,#11590,.F.);
#11590 = EDGE_CURVE('',#11559,#11583,#11591,.T.);
#11591 = LINE('',#11592,#11593);
#11592 = CARTESIAN_POINT('',(-57.32590103149,-38.22230148315,
    3.200000047684));
#11593 = VECTOR('',#11594,1.);
#11594 = DIRECTION('',(-0.514078395239,0.857743203732,0.));
#11595 = ORIENTED_EDGE('',*,*,#11558,.T.);
#11596 = ORIENTED_EDGE('',*,*,#10110,.T.);
#11597 = PLANE('',#11598);
#11598 = AXIS2_PLACEMENT_3D('',#11599,#11600,#11601);
#11599 = CARTESIAN_POINT('',(-57.42679977417,-38.05395126342,
    6.100000023842));
#11600 = DIRECTION('',(-0.857743203732,-0.514078395239,-0.));
#11601 = DIRECTION('',(0.514078395239,-0.857743203732,0.));
#11602 = ADVANCED_FACE('',(#11603),#11621,.T.);
#11603 = FACE_BOUND('',#11604,.T.);
#11604 = EDGE_LOOP('',(#11605,#11613,#11619,#11620));
#11605 = ORIENTED_EDGE('',*,*,#11606,.F.);
#11606 = EDGE_CURVE('',#11607,#10095,#11609,.T.);
#11607 = VERTEX_POINT('',#11608);
#11608 = CARTESIAN_POINT('',(-57.69549942016,-37.53070068359,
    3.200000047684));
#11609 = LINE('',#11610,#11611);
#11610 = CARTESIAN_POINT('',(-57.69549942016,-37.53070068359,
    3.200000047684));
#11611 = VECTOR('',#11612,1.);
#11612 = DIRECTION('',(0.,0.,1.));
#11613 = ORIENTED_EDGE('',*,*,#11614,.F.);
#11614 = EDGE_CURVE('',#11583,#11607,#11615,.T.);
#11615 = LINE('',#11616,#11617);
#11616 = CARTESIAN_POINT('',(-57.52769851684,-37.8856010437,
    3.200000047684));
#11617 = VECTOR('',#11618,1.);
#11618 = DIRECTION('',(-0.427441710615,0.904042910501,0.));
#11619 = ORIENTED_EDGE('',*,*,#11582,.F.);
#11620 = ORIENTED_EDGE('',*,*,#10102,.F.);
#11621 = PLANE('',#11622);
#11622 = AXIS2_PLACEMENT_3D('',#11623,#11624,#11625);
#11623 = CARTESIAN_POINT('',(-57.6115989685,-37.70815086364,
    6.100000023842));
#11624 = DIRECTION('',(-0.904042910501,-0.427441710615,-0.));
#11625 = DIRECTION('',(0.427441710615,-0.904042910501,0.));
#11626 = ADVANCED_FACE('',(#11627),#11645,.T.);
#11627 = FACE_BOUND('',#11628,.T.);
#11628 = EDGE_LOOP('',(#11629,#11637,#11643,#11644));
#11629 = ORIENTED_EDGE('',*,*,#11630,.F.);
#11630 = EDGE_CURVE('',#11631,#10087,#11633,.T.);
#11631 = VERTEX_POINT('',#11632);
#11632 = CARTESIAN_POINT('',(-57.82780075073,-37.16109848022,
    3.200000047684));
#11633 = LINE('',#11634,#11635);
#11634 = CARTESIAN_POINT('',(-57.82780075073,-37.16109848022,
    3.200000047684));
#11635 = VECTOR('',#11636,1.);
#11636 = DIRECTION('',(0.,0.,1.));
#11637 = ORIENTED_EDGE('',*,*,#11638,.F.);
#11638 = EDGE_CURVE('',#11607,#11631,#11639,.T.);
#11639 = LINE('',#11640,#11641);
#11640 = CARTESIAN_POINT('',(-57.69549942016,-37.53070068359,
    3.200000047684));
#11641 = VECTOR('',#11642,1.);
#11642 = DIRECTION('',(-0.33701528921,0.941499174104,0.));
#11643 = ORIENTED_EDGE('',*,*,#11606,.T.);
#11644 = ORIENTED_EDGE('',*,*,#10094,.T.);
#11645 = PLANE('',#11646);
#11646 = AXIS2_PLACEMENT_3D('',#11647,#11648,#11649);
#11647 = CARTESIAN_POINT('',(-57.76165008544,-37.3458995819,
    6.100000023842));
#11648 = DIRECTION('',(-0.941499174104,-0.33701528921,-0.));
#11649 = DIRECTION('',(0.33701528921,-0.941499174104,0.));
#11650 = ADVANCED_FACE('',(#11651),#11669,.T.);
#11651 = FACE_BOUND('',#11652,.T.);
#11652 = EDGE_LOOP('',(#11653,#11661,#11667,#11668));
#11653 = ORIENTED_EDGE('',*,*,#11654,.T.);
#11654 = EDGE_CURVE('',#10079,#11655,#11657,.T.);
#11655 = VERTEX_POINT('',#11656);
#11656 = CARTESIAN_POINT('',(-57.92309951782,-36.78039932251,
    3.200000047684));
#11657 = LINE('',#11658,#11659);
#11658 = CARTESIAN_POINT('',(-57.92309951782,-36.78039932251,9.));
#11659 = VECTOR('',#11660,1.);
#11660 = DIRECTION('',(0.,0.,-1.));
#11661 = ORIENTED_EDGE('',*,*,#11662,.F.);
#11662 = EDGE_CURVE('',#11631,#11655,#11663,.T.);
#11663 = LINE('',#11664,#11665);
#11664 = CARTESIAN_POINT('',(-57.82780075073,-37.16109848022,
    3.200000047684));
#11665 = VECTOR('',#11666,1.);
#11666 = DIRECTION('',(-0.242832940967,0.970068122753,0.));
#11667 = ORIENTED_EDGE('',*,*,#11630,.T.);
#11668 = ORIENTED_EDGE('',*,*,#10086,.T.);
#11669 = PLANE('',#11670);
#11670 = AXIS2_PLACEMENT_3D('',#11671,#11672,#11673);
#11671 = CARTESIAN_POINT('',(-57.87545013427,-36.97074890136,
    6.100000023842));
#11672 = DIRECTION('',(-0.970068122753,-0.242832940967,-0.));
#11673 = DIRECTION('',(0.242832940967,-0.970068122753,0.));
#11674 = ADVANCED_FACE('',(#11675),#11693,.T.);
#11675 = FACE_BOUND('',#11676,.T.);
#11676 = EDGE_LOOP('',(#11677,#11685,#11691,#11692));
#11677 = ORIENTED_EDGE('',*,*,#11678,.F.);
#11678 = EDGE_CURVE('',#11679,#10077,#11681,.T.);
#11679 = VERTEX_POINT('',#11680);
#11680 = CARTESIAN_POINT('',(-57.98070144653,-36.39210128784,
    3.200000047684));
#11681 = LINE('',#11682,#11683);
#11682 = CARTESIAN_POINT('',(-57.98070144653,-36.39210128784,
    3.200000047684));
#11683 = VECTOR('',#11684,1.);
#11684 = DIRECTION('',(0.,0.,1.));
#11685 = ORIENTED_EDGE('',*,*,#11686,.F.);
#11686 = EDGE_CURVE('',#11655,#11679,#11687,.T.);
#11687 = LINE('',#11688,#11689);
#11688 = CARTESIAN_POINT('',(-57.92309951782,-36.78039932251,
    3.200000047684));
#11689 = VECTOR('',#11690,1.);
#11690 = DIRECTION('',(-0.146738840371,0.989175268962,0.));
#11691 = ORIENTED_EDGE('',*,*,#11654,.F.);
#11692 = ORIENTED_EDGE('',*,*,#10076,.F.);
#11693 = PLANE('',#11694);
#11694 = AXIS2_PLACEMENT_3D('',#11695,#11696,#11697);
#11695 = CARTESIAN_POINT('',(-57.95190048217,-36.58625030517,
    6.100000023842));
#11696 = DIRECTION('',(-0.989175268962,-0.146738840371,-0.));
#11697 = DIRECTION('',(0.146738840371,-0.989175268962,0.));
#11698 = ADVANCED_FACE('',(#11699),#11717,.T.);
#11699 = FACE_BOUND('',#11700,.T.);
#11700 = EDGE_LOOP('',(#11701,#11709,#11715,#11716));
#11701 = ORIENTED_EDGE('',*,*,#11702,.T.);
#11702 = EDGE_CURVE('',#10566,#11703,#11705,.T.);
#11703 = VERTEX_POINT('',#11704);
#11704 = CARTESIAN_POINT('',(-58.,-36.,3.200000047684));
#11705 = LINE('',#11706,#11707);
#11706 = CARTESIAN_POINT('',(-58.,-36.,9.));
#11707 = VECTOR('',#11708,1.);
#11708 = DIRECTION('',(0.,0.,-1.));
#11709 = ORIENTED_EDGE('',*,*,#11710,.F.);
#11710 = EDGE_CURVE('',#11679,#11703,#11711,.T.);
#11711 = LINE('',#11712,#11713);
#11712 = CARTESIAN_POINT('',(-57.98070144653,-36.39210128784,
    3.200000047684));
#11713 = VECTOR('',#11714,1.);
#11714 = DIRECTION('',(-4.915878028406E-02,0.998790976291,0.));
#11715 = ORIENTED_EDGE('',*,*,#11678,.T.);
#11716 = ORIENTED_EDGE('',*,*,#10573,.T.);
#11717 = PLANE('',#11718);
#11718 = AXIS2_PLACEMENT_3D('',#11719,#11720,#11721);
#11719 = CARTESIAN_POINT('',(-57.99035072326,-36.19605064392,
    6.100000023842));
#11720 = DIRECTION('',(-0.998790976291,-4.915878028406E-02,-0.));
#11721 = DIRECTION('',(4.915878028406E-02,-0.998790976291,0.));
#11722 = ADVANCED_FACE('',(#11723),#11741,.T.);
#11723 = FACE_BOUND('',#11724,.T.);
#11724 = EDGE_LOOP('',(#11725,#11733,#11739,#11740));
#11725 = ORIENTED_EDGE('',*,*,#11726,.F.);
#11726 = EDGE_CURVE('',#11727,#10558,#11729,.T.);
#11727 = VERTEX_POINT('',#11728);
#11728 = CARTESIAN_POINT('',(-57.98070144653,-35.60789871215,
    3.200000047684));
#11729 = LINE('',#11730,#11731);
#11730 = CARTESIAN_POINT('',(-57.98070144653,-35.60789871215,
    3.200000047684));
#11731 = VECTOR('',#11732,1.);
#11732 = DIRECTION('',(0.,0.,1.));
#11733 = ORIENTED_EDGE('',*,*,#11734,.F.);
#11734 = EDGE_CURVE('',#11703,#11727,#11735,.T.);
#11735 = LINE('',#11736,#11737);
#11736 = CARTESIAN_POINT('',(-58.,-36.,3.200000047684));
#11737 = VECTOR('',#11738,1.);
#11738 = DIRECTION('',(4.915878028406E-02,0.998790976291,0.));
#11739 = ORIENTED_EDGE('',*,*,#11702,.F.);
#11740 = ORIENTED_EDGE('',*,*,#10565,.T.);
#11741 = PLANE('',#11742);
#11742 = AXIS2_PLACEMENT_3D('',#11743,#11744,#11745);
#11743 = CARTESIAN_POINT('',(-57.99035072326,-35.80394935607,
    6.100000023842));
#11744 = DIRECTION('',(-0.998790976291,4.915878028406E-02,0.));
#11745 = DIRECTION('',(-4.915878028406E-02,-0.998790976291,0.));
#11746 = ADVANCED_FACE('',(#11747),#11765,.T.);
#11747 = FACE_BOUND('',#11748,.T.);
#11748 = EDGE_LOOP('',(#11749,#11757,#11763,#11764));
#11749 = ORIENTED_EDGE('',*,*,#11750,.T.);
#11750 = EDGE_CURVE('',#10550,#11751,#11753,.T.);
#11751 = VERTEX_POINT('',#11752);
#11752 = CARTESIAN_POINT('',(-57.92309951782,-35.21960067749,
    3.200000047684));
#11753 = LINE('',#11754,#11755);
#11754 = CARTESIAN_POINT('',(-57.92309951782,-35.21960067749,9.));
#11755 = VECTOR('',#11756,1.);
#11756 = DIRECTION('',(0.,0.,-1.));
#11757 = ORIENTED_EDGE('',*,*,#11758,.F.);
#11758 = EDGE_CURVE('',#11727,#11751,#11759,.T.);
#11759 = LINE('',#11760,#11761);
#11760 = CARTESIAN_POINT('',(-57.98070144653,-35.60789871215,
    3.200000047684));
#11761 = VECTOR('',#11762,1.);
#11762 = DIRECTION('',(0.146738840371,0.989175268962,0.));
#11763 = ORIENTED_EDGE('',*,*,#11726,.T.);
#11764 = ORIENTED_EDGE('',*,*,#10557,.T.);
#11765 = PLANE('',#11766);
#11766 = AXIS2_PLACEMENT_3D('',#11767,#11768,#11769);
#11767 = CARTESIAN_POINT('',(-57.95190048217,-35.41374969482,
    6.100000023842));
#11768 = DIRECTION('',(-0.989175268962,0.146738840371,0.));
#11769 = DIRECTION('',(-0.146738840371,-0.989175268962,0.));
#11770 = ADVANCED_FACE('',(#11771),#11789,.T.);
#11771 = FACE_BOUND('',#11772,.T.);
#11772 = EDGE_LOOP('',(#11773,#11781,#11787,#11788));
#11773 = ORIENTED_EDGE('',*,*,#11774,.F.);
#11774 = EDGE_CURVE('',#11775,#10542,#11777,.T.);
#11775 = VERTEX_POINT('',#11776);
#11776 = CARTESIAN_POINT('',(-57.82780075073,-34.83890151977,
    3.200000047684));
#11777 = LINE('',#11778,#11779);
#11778 = CARTESIAN_POINT('',(-57.82780075073,-34.83890151977,
    3.200000047684));
#11779 = VECTOR('',#11780,1.);
#11780 = DIRECTION('',(0.,0.,1.));
#11781 = ORIENTED_EDGE('',*,*,#11782,.F.);
#11782 = EDGE_CURVE('',#11751,#11775,#11783,.T.);
#11783 = LINE('',#11784,#11785);
#11784 = CARTESIAN_POINT('',(-57.92309951782,-35.21960067749,
    3.200000047684));
#11785 = VECTOR('',#11786,1.);
#11786 = DIRECTION('',(0.242832940967,0.970068122753,0.));
#11787 = ORIENTED_EDGE('',*,*,#11750,.F.);
#11788 = ORIENTED_EDGE('',*,*,#10549,.F.);
#11789 = PLANE('',#11790);
#11790 = AXIS2_PLACEMENT_3D('',#11791,#11792,#11793);
#11791 = CARTESIAN_POINT('',(-57.87545013427,-35.02925109863,
    6.100000023842));
#11792 = DIRECTION('',(-0.970068122753,0.242832940967,0.));
#11793 = DIRECTION('',(-0.242832940967,-0.970068122753,0.));
#11794 = ADVANCED_FACE('',(#11795),#11813,.T.);
#11795 = FACE_BOUND('',#11796,.T.);
#11796 = EDGE_LOOP('',(#11797,#11805,#11811,#11812));
#11797 = ORIENTED_EDGE('',*,*,#11798,.F.);
#11798 = EDGE_CURVE('',#11799,#10534,#11801,.T.);
#11799 = VERTEX_POINT('',#11800);
#11800 = CARTESIAN_POINT('',(-57.69549942016,-34.4692993164,
    3.200000047684));
#11801 = LINE('',#11802,#11803);
#11802 = CARTESIAN_POINT('',(-57.69549942016,-34.4692993164,
    3.200000047684));
#11803 = VECTOR('',#11804,1.);
#11804 = DIRECTION('',(0.,0.,1.));
#11805 = ORIENTED_EDGE('',*,*,#11806,.F.);
#11806 = EDGE_CURVE('',#11775,#11799,#11807,.T.);
#11807 = LINE('',#11808,#11809);
#11808 = CARTESIAN_POINT('',(-57.82780075073,-34.83890151977,
    3.200000047684));
#11809 = VECTOR('',#11810,1.);
#11810 = DIRECTION('',(0.33701528921,0.941499174104,0.));
#11811 = ORIENTED_EDGE('',*,*,#11774,.T.);
#11812 = ORIENTED_EDGE('',*,*,#10541,.T.);
#11813 = PLANE('',#11814);
#11814 = AXIS2_PLACEMENT_3D('',#11815,#11816,#11817);
#11815 = CARTESIAN_POINT('',(-57.76165008544,-34.65410041809,
    6.100000023842));
#11816 = DIRECTION('',(-0.941499174104,0.33701528921,0.));
#11817 = DIRECTION('',(-0.33701528921,-0.941499174104,0.));
#11818 = ADVANCED_FACE('',(#11819),#11837,.T.);
#11819 = FACE_BOUND('',#11820,.T.);
#11820 = EDGE_LOOP('',(#11821,#11829,#11835,#11836));
#11821 = ORIENTED_EDGE('',*,*,#11822,.T.);
#11822 = EDGE_CURVE('',#10526,#11823,#11825,.T.);
#11823 = VERTEX_POINT('',#11824);
#11824 = CARTESIAN_POINT('',(-57.52769851684,-34.11439895629,
    3.200000047684));
#11825 = LINE('',#11826,#11827);
#11826 = CARTESIAN_POINT('',(-57.52769851684,-34.11439895629,9.));
#11827 = VECTOR('',#11828,1.);
#11828 = DIRECTION('',(0.,0.,-1.));
#11829 = ORIENTED_EDGE('',*,*,#11830,.F.);
#11830 = EDGE_CURVE('',#11799,#11823,#11831,.T.);
#11831 = LINE('',#11832,#11833);
#11832 = CARTESIAN_POINT('',(-57.69549942016,-34.4692993164,
    3.200000047684));
#11833 = VECTOR('',#11834,1.);
#11834 = DIRECTION('',(0.427441710615,0.904042910501,0.));
#11835 = ORIENTED_EDGE('',*,*,#11798,.T.);
#11836 = ORIENTED_EDGE('',*,*,#10533,.T.);
#11837 = PLANE('',#11838);
#11838 = AXIS2_PLACEMENT_3D('',#11839,#11840,#11841);
#11839 = CARTESIAN_POINT('',(-57.6115989685,-34.29184913635,
    6.100000023842));
#11840 = DIRECTION('',(-0.904042910501,0.427441710615,0.));
#11841 = DIRECTION('',(-0.427441710615,-0.904042910501,0.));
#11842 = ADVANCED_FACE('',(#11843),#11861,.T.);
#11843 = FACE_BOUND('',#11844,.T.);
#11844 = EDGE_LOOP('',(#11845,#11853,#11859,#11860));
#11845 = ORIENTED_EDGE('',*,*,#11846,.F.);
#11846 = EDGE_CURVE('',#11847,#10518,#11849,.T.);
#11847 = VERTEX_POINT('',#11848);
#11848 = CARTESIAN_POINT('',(-57.32590103149,-33.77769851684,
    3.200000047684));
#11849 = LINE('',#11850,#11851);
#11850 = CARTESIAN_POINT('',(-57.32590103149,-33.77769851684,
    3.200000047684));
#11851 = VECTOR('',#11852,1.);
#11852 = DIRECTION('',(0.,0.,1.));
#11853 = ORIENTED_EDGE('',*,*,#11854,.F.);
#11854 = EDGE_CURVE('',#11823,#11847,#11855,.T.);
#11855 = LINE('',#11856,#11857);
#11856 = CARTESIAN_POINT('',(-57.52769851684,-34.11439895629,
    3.200000047684));
#11857 = VECTOR('',#11858,1.);
#11858 = DIRECTION('',(0.514078395239,0.857743203732,0.));
#11859 = ORIENTED_EDGE('',*,*,#11822,.F.);
#11860 = ORIENTED_EDGE('',*,*,#10525,.F.);
#11861 = PLANE('',#11862);
#11862 = AXIS2_PLACEMENT_3D('',#11863,#11864,#11865);
#11863 = CARTESIAN_POINT('',(-57.42679977417,-33.94604873657,
    6.100000023842));
#11864 = DIRECTION('',(-0.857743203732,0.514078395239,0.));
#11865 = DIRECTION('',(-0.514078395239,-0.857743203732,0.));
#11866 = ADVANCED_FACE('',(#11867),#11885,.T.);
#11867 = FACE_BOUND('',#11868,.T.);
#11868 = EDGE_LOOP('',(#11869,#11877,#11883,#11884));
#11869 = ORIENTED_EDGE('',*,*,#11870,.F.);
#11870 = EDGE_CURVE('',#11871,#10510,#11873,.T.);
#11871 = VERTEX_POINT('',#11872);
#11872 = CARTESIAN_POINT('',(-57.09199905395,-33.46239852905,
    3.200000047684));
#11873 = LINE('',#11874,#11875);
#11874 = CARTESIAN_POINT('',(-57.09199905395,-33.46239852905,
    3.200000047684));
#11875 = VECTOR('',#11876,1.);
#11876 = DIRECTION('',(0.,0.,1.));
#11877 = ORIENTED_EDGE('',*,*,#11878,.F.);
#11878 = EDGE_CURVE('',#11847,#11871,#11879,.T.);
#11879 = LINE('',#11880,#11881);
#11880 = CARTESIAN_POINT('',(-57.32590103149,-33.77769851684,
    3.200000047684));
#11881 = VECTOR('',#11882,1.);
#11882 = DIRECTION('',(0.595797191118,0.803134924565,0.));
#11883 = ORIENTED_EDGE('',*,*,#11846,.T.);
#11884 = ORIENTED_EDGE('',*,*,#10517,.F.);
#11885 = PLANE('',#11886);
#11886 = AXIS2_PLACEMENT_3D('',#11887,#11888,#11889);
#11887 = CARTESIAN_POINT('',(-57.20895004272,-33.62004852294,
    6.100000023842));
#11888 = DIRECTION('',(-0.803134924565,0.595797191118,0.));
#11889 = DIRECTION('',(-0.595797191118,-0.803134924565,0.));
#11890 = ADVANCED_FACE('',(#11891),#11909,.T.);
#11891 = FACE_BOUND('',#11892,.T.);
#11892 = EDGE_LOOP('',(#11893,#11901,#11907,#11908));
#11893 = ORIENTED_EDGE('',*,*,#11894,.F.);
#11894 = EDGE_CURVE('',#11895,#10502,#11897,.T.);
#11895 = VERTEX_POINT('',#11896);
#11896 = CARTESIAN_POINT('',(-56.8283996582,-33.17160034179,
    3.200000047684));
#11897 = LINE('',#11898,#11899);
#11898 = CARTESIAN_POINT('',(-56.8283996582,-33.17160034179,
    3.200000047684));
#11899 = VECTOR('',#11900,1.);
#11900 = DIRECTION('',(0.,0.,1.));
#11901 = ORIENTED_EDGE('',*,*,#11902,.F.);
#11902 = EDGE_CURVE('',#11871,#11895,#11903,.T.);
#11903 = LINE('',#11904,#11905);
#11904 = CARTESIAN_POINT('',(-57.09199905395,-33.46239852905,
    3.200000047684));
#11905 = VECTOR('',#11906,1.);
#11906 = DIRECTION('',(0.671608305235,0.740906393777,0.));
#11907 = ORIENTED_EDGE('',*,*,#11870,.T.);
#11908 = ORIENTED_EDGE('',*,*,#10509,.T.);
#11909 = PLANE('',#11910);
#11910 = AXIS2_PLACEMENT_3D('',#11911,#11912,#11913);
#11911 = CARTESIAN_POINT('',(-56.96019935607,-33.31699943542,
    6.100000023842));
#11912 = DIRECTION('',(-0.740906393777,0.671608305235,0.));
#11913 = DIRECTION('',(-0.671608305235,-0.740906393777,0.));
#11914 = ADVANCED_FACE('',(#11915),#11933,.T.);
#11915 = FACE_BOUND('',#11916,.T.);
#11916 = EDGE_LOOP('',(#11917,#11918,#11926,#11932));
#11917 = ORIENTED_EDGE('',*,*,#10501,.T.);
#11918 = ORIENTED_EDGE('',*,*,#11919,.T.);
#11919 = EDGE_CURVE('',#10494,#11920,#11922,.T.);
#11920 = VERTEX_POINT('',#11921);
#11921 = CARTESIAN_POINT('',(-56.53760147094,-32.90800094604,
    3.200000047684));
#11922 = LINE('',#11923,#11924);
#11923 = CARTESIAN_POINT('',(-56.53760147094,-32.90800094604,9.));
#11924 = VECTOR('',#11925,1.);
#11925 = DIRECTION('',(0.,0.,-1.));
#11926 = ORIENTED_EDGE('',*,*,#11927,.F.);
#11927 = EDGE_CURVE('',#11895,#11920,#11928,.T.);
#11928 = LINE('',#11929,#11930);
#11929 = CARTESIAN_POINT('',(-56.8283996582,-33.17160034179,
    3.200000047684));
#11930 = VECTOR('',#11931,1.);
#11931 = DIRECTION('',(0.740906393777,0.671608305235,0.));
#11932 = ORIENTED_EDGE('',*,*,#11894,.T.);
#11933 = PLANE('',#11934);
#11934 = AXIS2_PLACEMENT_3D('',#11935,#11936,#11937);
#11935 = CARTESIAN_POINT('',(-56.68300056457,-33.03980064392,
    6.100000023842));
#11936 = DIRECTION('',(-0.671608305235,0.740906393777,0.));
#11937 = DIRECTION('',(0.740906393777,0.671608305235,0.));
#11938 = ADVANCED_FACE('',(#11939),#11957,.T.);
#11939 = FACE_BOUND('',#11940,.T.);
#11940 = EDGE_LOOP('',(#11941,#11942,#11950,#11956));
#11941 = ORIENTED_EDGE('',*,*,#10493,.T.);
#11942 = ORIENTED_EDGE('',*,*,#11943,.T.);
#11943 = EDGE_CURVE('',#10486,#11944,#11946,.T.);
#11944 = VERTEX_POINT('',#11945);
#11945 = CARTESIAN_POINT('',(-56.22230148315,-32.6740989685,
    3.200000047684));
#11946 = LINE('',#11947,#11948);
#11947 = CARTESIAN_POINT('',(-56.22230148315,-32.6740989685,9.));
#11948 = VECTOR('',#11949,1.);
#11949 = DIRECTION('',(0.,0.,-1.));
#11950 = ORIENTED_EDGE('',*,*,#11951,.F.);
#11951 = EDGE_CURVE('',#11920,#11944,#11952,.T.);
#11952 = LINE('',#11953,#11954);
#11953 = CARTESIAN_POINT('',(-56.53760147094,-32.90800094604,
    3.200000047684));
#11954 = VECTOR('',#11955,1.);
#11955 = DIRECTION('',(0.803134924565,0.595797191118,0.));
#11956 = ORIENTED_EDGE('',*,*,#11919,.F.);
#11957 = PLANE('',#11958);
#11958 = AXIS2_PLACEMENT_3D('',#11959,#11960,#11961);
#11959 = CARTESIAN_POINT('',(-56.37995147705,-32.79104995727,
    6.100000023842));
#11960 = DIRECTION('',(-0.595797191118,0.803134924565,0.));
#11961 = DIRECTION('',(0.803134924565,0.595797191118,0.));
#11962 = ADVANCED_FACE('',(#11963),#11981,.T.);
#11963 = FACE_BOUND('',#11964,.T.);
#11964 = EDGE_LOOP('',(#11965,#11966,#11974,#11980));
#11965 = ORIENTED_EDGE('',*,*,#10485,.T.);
#11966 = ORIENTED_EDGE('',*,*,#11967,.F.);
#11967 = EDGE_CURVE('',#11968,#10478,#11970,.T.);
#11968 = VERTEX_POINT('',#11969);
#11969 = CARTESIAN_POINT('',(-55.8856010437,-32.47230148315,
    3.200000047684));
#11970 = LINE('',#11971,#11972);
#11971 = CARTESIAN_POINT('',(-55.8856010437,-32.47230148315,
    3.200000047684));
#11972 = VECTOR('',#11973,1.);
#11973 = DIRECTION('',(0.,0.,1.));
#11974 = ORIENTED_EDGE('',*,*,#11975,.F.);
#11975 = EDGE_CURVE('',#11944,#11968,#11976,.T.);
#11976 = LINE('',#11977,#11978);
#11977 = CARTESIAN_POINT('',(-56.22230148315,-32.6740989685,
    3.200000047684));
#11978 = VECTOR('',#11979,1.);
#11979 = DIRECTION('',(0.857743203732,0.514078395239,0.));
#11980 = ORIENTED_EDGE('',*,*,#11943,.F.);
#11981 = PLANE('',#11982);
#11982 = AXIS2_PLACEMENT_3D('',#11983,#11984,#11985);
#11983 = CARTESIAN_POINT('',(-56.05395126342,-32.57320022583,
    6.100000023842));
#11984 = DIRECTION('',(-0.514078395239,0.857743203732,0.));
#11985 = DIRECTION('',(0.857743203732,0.514078395239,0.));
#11986 = ADVANCED_FACE('',(#11987),#12005,.T.);
#11987 = FACE_BOUND('',#11988,.T.);
#11988 = EDGE_LOOP('',(#11989,#11990,#11998,#12004));
#11989 = ORIENTED_EDGE('',*,*,#10477,.T.);
#11990 = ORIENTED_EDGE('',*,*,#11991,.F.);
#11991 = EDGE_CURVE('',#11992,#10470,#11994,.T.);
#11992 = VERTEX_POINT('',#11993);
#11993 = CARTESIAN_POINT('',(-55.53070068359,-32.30450057983,
    3.200000047684));
#11994 = LINE('',#11995,#11996);
#11995 = CARTESIAN_POINT('',(-55.53070068359,-32.30450057983,
    3.200000047684));
#11996 = VECTOR('',#11997,1.);
#11997 = DIRECTION('',(0.,0.,1.));
#11998 = ORIENTED_EDGE('',*,*,#11999,.F.);
#11999 = EDGE_CURVE('',#11968,#11992,#12000,.T.);
#12000 = LINE('',#12001,#12002);
#12001 = CARTESIAN_POINT('',(-55.8856010437,-32.47230148315,
    3.200000047684));
#12002 = VECTOR('',#12003,1.);
#12003 = DIRECTION('',(0.904042910501,0.427441710615,0.));
#12004 = ORIENTED_EDGE('',*,*,#11967,.T.);
#12005 = PLANE('',#12006);
#12006 = AXIS2_PLACEMENT_3D('',#12007,#12008,#12009);
#12007 = CARTESIAN_POINT('',(-55.70815086364,-32.38840103149,
    6.100000023842));
#12008 = DIRECTION('',(-0.427441710615,0.904042910501,0.));
#12009 = DIRECTION('',(0.904042910501,0.427441710615,0.));
#12010 = ADVANCED_FACE('',(#12011),#12029,.T.);
#12011 = FACE_BOUND('',#12012,.T.);
#12012 = EDGE_LOOP('',(#12013,#12014,#12022,#12028));
#12013 = ORIENTED_EDGE('',*,*,#10469,.T.);
#12014 = ORIENTED_EDGE('',*,*,#12015,.T.);
#12015 = EDGE_CURVE('',#10462,#12016,#12018,.T.);
#12016 = VERTEX_POINT('',#12017);
#12017 = CARTESIAN_POINT('',(-55.16109848022,-32.17219924926,
    3.200000047684));
#12018 = LINE('',#12019,#12020);
#12019 = CARTESIAN_POINT('',(-55.16109848022,-32.17219924926,9.));
#12020 = VECTOR('',#12021,1.);
#12021 = DIRECTION('',(0.,0.,-1.));
#12022 = ORIENTED_EDGE('',*,*,#12023,.F.);
#12023 = EDGE_CURVE('',#11992,#12016,#12024,.T.);
#12024 = LINE('',#12025,#12026);
#12025 = CARTESIAN_POINT('',(-55.53070068359,-32.30450057983,
    3.200000047684));
#12026 = VECTOR('',#12027,1.);
#12027 = DIRECTION('',(0.941499174104,0.33701528921,0.));
#12028 = ORIENTED_EDGE('',*,*,#11991,.T.);
#12029 = PLANE('',#12030);
#12030 = AXIS2_PLACEMENT_3D('',#12031,#12032,#12033);
#12031 = CARTESIAN_POINT('',(-55.3458995819,-32.23834991455,
    6.100000023842));
#12032 = DIRECTION('',(-0.33701528921,0.941499174104,0.));
#12033 = DIRECTION('',(0.941499174104,0.33701528921,0.));
#12034 = ADVANCED_FACE('',(#12035),#12053,.T.);
#12035 = FACE_BOUND('',#12036,.T.);
#12036 = EDGE_LOOP('',(#12037,#12038,#12046,#12052));
#12037 = ORIENTED_EDGE('',*,*,#10461,.T.);
#12038 = ORIENTED_EDGE('',*,*,#12039,.F.);
#12039 = EDGE_CURVE('',#12040,#10454,#12042,.T.);
#12040 = VERTEX_POINT('',#12041);
#12041 = CARTESIAN_POINT('',(-54.78039932251,-32.07690048217,
    3.200000047684));
#12042 = LINE('',#12043,#12044);
#12043 = CARTESIAN_POINT('',(-54.78039932251,-32.07690048217,
    3.200000047684));
#12044 = VECTOR('',#12045,1.);
#12045 = DIRECTION('',(0.,0.,1.));
#12046 = ORIENTED_EDGE('',*,*,#12047,.F.);
#12047 = EDGE_CURVE('',#12016,#12040,#12048,.T.);
#12048 = LINE('',#12049,#12050);
#12049 = CARTESIAN_POINT('',(-55.16109848022,-32.17219924926,
    3.200000047684));
#12050 = VECTOR('',#12051,1.);
#12051 = DIRECTION('',(0.970068122753,0.242832940967,0.));
#12052 = ORIENTED_EDGE('',*,*,#12015,.F.);
#12053 = PLANE('',#12054);
#12054 = AXIS2_PLACEMENT_3D('',#12055,#12056,#12057);
#12055 = CARTESIAN_POINT('',(-54.97074890136,-32.12454986572,
    6.100000023842));
#12056 = DIRECTION('',(-0.242832940967,0.970068122753,0.));
#12057 = DIRECTION('',(0.970068122753,0.242832940967,0.));
#12058 = ADVANCED_FACE('',(#12059),#12077,.T.);
#12059 = FACE_BOUND('',#12060,.T.);
#12060 = EDGE_LOOP('',(#12061,#12062,#12070,#12076));
#12061 = ORIENTED_EDGE('',*,*,#10453,.T.);
#12062 = ORIENTED_EDGE('',*,*,#12063,.T.);
#12063 = EDGE_CURVE('',#10446,#12064,#12066,.T.);
#12064 = VERTEX_POINT('',#12065);
#12065 = CARTESIAN_POINT('',(-54.39210128784,-32.01929855346,
    3.200000047684));
#12066 = LINE('',#12067,#12068);
#12067 = CARTESIAN_POINT('',(-54.39210128784,-32.01929855346,9.));
#12068 = VECTOR('',#12069,1.);
#12069 = DIRECTION('',(0.,0.,-1.));
#12070 = ORIENTED_EDGE('',*,*,#12071,.F.);
#12071 = EDGE_CURVE('',#12040,#12064,#12072,.T.);
#12072 = LINE('',#12073,#12074);
#12073 = CARTESIAN_POINT('',(-54.78039932251,-32.07690048217,
    3.200000047684));
#12074 = VECTOR('',#12075,1.);
#12075 = DIRECTION('',(0.989175268962,0.146738840371,0.));
#12076 = ORIENTED_EDGE('',*,*,#12039,.T.);
#12077 = PLANE('',#12078);
#12078 = AXIS2_PLACEMENT_3D('',#12079,#12080,#12081);
#12079 = CARTESIAN_POINT('',(-54.58625030517,-32.04809951782,
    6.100000023842));
#12080 = DIRECTION('',(-0.146738840371,0.989175268962,0.));
#12081 = DIRECTION('',(0.989175268962,0.146738840371,0.));
#12082 = ADVANCED_FACE('',(#12083),#12101,.T.);
#12083 = FACE_BOUND('',#12084,.T.);
#12084 = EDGE_LOOP('',(#12085,#12086,#12094,#12100));
#12085 = ORIENTED_EDGE('',*,*,#10445,.T.);
#12086 = ORIENTED_EDGE('',*,*,#12087,.T.);
#12087 = EDGE_CURVE('',#10438,#12088,#12090,.T.);
#12088 = VERTEX_POINT('',#12089);
#12089 = CARTESIAN_POINT('',(-54.,-32.,3.200000047684));
#12090 = LINE('',#12091,#12092);
#12091 = CARTESIAN_POINT('',(-54.,-32.,9.));
#12092 = VECTOR('',#12093,1.);
#12093 = DIRECTION('',(0.,0.,-1.));
#12094 = ORIENTED_EDGE('',*,*,#12095,.F.);
#12095 = EDGE_CURVE('',#12064,#12088,#12096,.T.);
#12096 = LINE('',#12097,#12098);
#12097 = CARTESIAN_POINT('',(-54.39210128784,-32.01929855346,
    3.200000047684));
#12098 = VECTOR('',#12099,1.);
#12099 = DIRECTION('',(0.998790976291,4.915878028406E-02,0.));
#12100 = ORIENTED_EDGE('',*,*,#12063,.F.);
#12101 = PLANE('',#12102);
#12102 = AXIS2_PLACEMENT_3D('',#12103,#12104,#12105);
#12103 = CARTESIAN_POINT('',(-54.19605064392,-32.00964927673,
    6.100000023842));
#12104 = DIRECTION('',(-4.915878028406E-02,0.998790976291,0.));
#12105 = DIRECTION('',(0.998790976291,4.915878028406E-02,0.));
#12106 = ADVANCED_FACE('',(#12107),#12125,.T.);
#12107 = FACE_BOUND('',#12108,.T.);
#12108 = EDGE_LOOP('',(#12109,#12110,#12118,#12124));
#12109 = ORIENTED_EDGE('',*,*,#10437,.T.);
#12110 = ORIENTED_EDGE('',*,*,#12111,.F.);
#12111 = EDGE_CURVE('',#12112,#10430,#12114,.T.);
#12112 = VERTEX_POINT('',#12113);
#12113 = CARTESIAN_POINT('',(-53.60789871215,-32.01929855346,
    3.200000047684));
#12114 = LINE('',#12115,#12116);
#12115 = CARTESIAN_POINT('',(-53.60789871215,-32.01929855346,
    3.200000047684));
#12116 = VECTOR('',#12117,1.);
#12117 = DIRECTION('',(0.,0.,1.));
#12118 = ORIENTED_EDGE('',*,*,#12119,.F.);
#12119 = EDGE_CURVE('',#12088,#12112,#12120,.T.);
#12120 = LINE('',#12121,#12122);
#12121 = CARTESIAN_POINT('',(-54.,-32.,3.200000047684));
#12122 = VECTOR('',#12123,1.);
#12123 = DIRECTION('',(0.998790976291,-4.915878028406E-02,0.));
#12124 = ORIENTED_EDGE('',*,*,#12087,.F.);
#12125 = PLANE('',#12126);
#12126 = AXIS2_PLACEMENT_3D('',#12127,#12128,#12129);
#12127 = CARTESIAN_POINT('',(-53.80394935607,-32.00964927673,
    6.100000023842));
#12128 = DIRECTION('',(4.915878028406E-02,0.998790976291,0.));
#12129 = DIRECTION('',(0.998790976291,-4.915878028406E-02,0.));
#12130 = ADVANCED_FACE('',(#12131),#12149,.T.);
#12131 = FACE_BOUND('',#12132,.T.);
#12132 = EDGE_LOOP('',(#12133,#12134,#12142,#12148));
#12133 = ORIENTED_EDGE('',*,*,#10429,.T.);
#12134 = ORIENTED_EDGE('',*,*,#12135,.T.);
#12135 = EDGE_CURVE('',#10422,#12136,#12138,.T.);
#12136 = VERTEX_POINT('',#12137);
#12137 = CARTESIAN_POINT('',(-53.21960067749,-32.07690048217,
    3.200000047684));
#12138 = LINE('',#12139,#12140);
#12139 = CARTESIAN_POINT('',(-53.21960067749,-32.07690048217,9.));
#12140 = VECTOR('',#12141,1.);
#12141 = DIRECTION('',(0.,0.,-1.));
#12142 = ORIENTED_EDGE('',*,*,#12143,.F.);
#12143 = EDGE_CURVE('',#12112,#12136,#12144,.T.);
#12144 = LINE('',#12145,#12146);
#12145 = CARTESIAN_POINT('',(-53.60789871215,-32.01929855346,
    3.200000047684));
#12146 = VECTOR('',#12147,1.);
#12147 = DIRECTION('',(0.989175268962,-0.146738840371,0.));
#12148 = ORIENTED_EDGE('',*,*,#12111,.T.);
#12149 = PLANE('',#12150);
#12150 = AXIS2_PLACEMENT_3D('',#12151,#12152,#12153);
#12151 = CARTESIAN_POINT('',(-53.41374969482,-32.04809951782,
    6.100000023842));
#12152 = DIRECTION('',(0.146738840371,0.989175268962,0.));
#12153 = DIRECTION('',(0.989175268962,-0.146738840371,0.));
#12154 = ADVANCED_FACE('',(#12155),#12173,.T.);
#12155 = FACE_BOUND('',#12156,.T.);
#12156 = EDGE_LOOP('',(#12157,#12158,#12166,#12172));
#12157 = ORIENTED_EDGE('',*,*,#10421,.F.);
#12158 = ORIENTED_EDGE('',*,*,#12159,.F.);
#12159 = EDGE_CURVE('',#12160,#10414,#12162,.T.);
#12160 = VERTEX_POINT('',#12161);
#12161 = CARTESIAN_POINT('',(-52.83890151977,-32.17219924926,
    3.200000047684));
#12162 = LINE('',#12163,#12164);
#12163 = CARTESIAN_POINT('',(-52.83890151977,-32.17219924926,
    3.200000047684));
#12164 = VECTOR('',#12165,1.);
#12165 = DIRECTION('',(0.,0.,1.));
#12166 = ORIENTED_EDGE('',*,*,#12167,.F.);
#12167 = EDGE_CURVE('',#12136,#12160,#12168,.T.);
#12168 = LINE('',#12169,#12170);
#12169 = CARTESIAN_POINT('',(-53.21960067749,-32.07690048217,
    3.200000047684));
#12170 = VECTOR('',#12171,1.);
#12171 = DIRECTION('',(0.970068122753,-0.242832940967,0.));
#12172 = ORIENTED_EDGE('',*,*,#12135,.F.);
#12173 = PLANE('',#12174);
#12174 = AXIS2_PLACEMENT_3D('',#12175,#12176,#12177);
#12175 = CARTESIAN_POINT('',(-53.02925109863,-32.12454986572,
    6.100000023842));
#12176 = DIRECTION('',(0.242832940967,0.970068122753,0.));
#12177 = DIRECTION('',(0.970068122753,-0.242832940967,0.));
#12178 = ADVANCED_FACE('',(#12179),#12197,.T.);
#12179 = FACE_BOUND('',#12180,.T.);
#12180 = EDGE_LOOP('',(#12181,#12182,#12190,#12196));
#12181 = ORIENTED_EDGE('',*,*,#10413,.T.);
#12182 = ORIENTED_EDGE('',*,*,#12183,.T.);
#12183 = EDGE_CURVE('',#10406,#12184,#12186,.T.);
#12184 = VERTEX_POINT('',#12185);
#12185 = CARTESIAN_POINT('',(-52.4692993164,-32.30450057983,
    3.200000047684));
#12186 = LINE('',#12187,#12188);
#12187 = CARTESIAN_POINT('',(-52.4692993164,-32.30450057983,9.));
#12188 = VECTOR('',#12189,1.);
#12189 = DIRECTION('',(0.,0.,-1.));
#12190 = ORIENTED_EDGE('',*,*,#12191,.F.);
#12191 = EDGE_CURVE('',#12160,#12184,#12192,.T.);
#12192 = LINE('',#12193,#12194);
#12193 = CARTESIAN_POINT('',(-52.83890151977,-32.17219924926,
    3.200000047684));
#12194 = VECTOR('',#12195,1.);
#12195 = DIRECTION('',(0.941499174104,-0.33701528921,0.));
#12196 = ORIENTED_EDGE('',*,*,#12159,.T.);
#12197 = PLANE('',#12198);
#12198 = AXIS2_PLACEMENT_3D('',#12199,#12200,#12201);
#12199 = CARTESIAN_POINT('',(-52.65410041809,-32.23834991455,
    6.100000023842));
#12200 = DIRECTION('',(0.33701528921,0.941499174104,0.));
#12201 = DIRECTION('',(0.941499174104,-0.33701528921,0.));
#12202 = ADVANCED_FACE('',(#12203),#12221,.T.);
#12203 = FACE_BOUND('',#12204,.T.);
#12204 = EDGE_LOOP('',(#12205,#12206,#12214,#12220));
#12205 = ORIENTED_EDGE('',*,*,#10405,.T.);
#12206 = ORIENTED_EDGE('',*,*,#12207,.F.);
#12207 = EDGE_CURVE('',#12208,#10398,#12210,.T.);
#12208 = VERTEX_POINT('',#12209);
#12209 = CARTESIAN_POINT('',(-52.11439895629,-32.47230148315,
    3.200000047684));
#12210 = LINE('',#12211,#12212);
#12211 = CARTESIAN_POINT('',(-52.11439895629,-32.47230148315,
    3.200000047684));
#12212 = VECTOR('',#12213,1.);
#12213 = DIRECTION('',(0.,0.,1.));
#12214 = ORIENTED_EDGE('',*,*,#12215,.F.);
#12215 = EDGE_CURVE('',#12184,#12208,#12216,.T.);
#12216 = LINE('',#12217,#12218);
#12217 = CARTESIAN_POINT('',(-52.4692993164,-32.30450057983,
    3.200000047684));
#12218 = VECTOR('',#12219,1.);
#12219 = DIRECTION('',(0.904042910501,-0.427441710615,0.));
#12220 = ORIENTED_EDGE('',*,*,#12183,.F.);
#12221 = PLANE('',#12222);
#12222 = AXIS2_PLACEMENT_3D('',#12223,#12224,#12225);
#12223 = CARTESIAN_POINT('',(-52.29184913635,-32.38840103149,
    6.100000023842));
#12224 = DIRECTION('',(0.427441710615,0.904042910501,0.));
#12225 = DIRECTION('',(0.904042910501,-0.427441710615,0.));
#12226 = ADVANCED_FACE('',(#12227),#12252,.T.);
#12227 = FACE_BOUND('',#12228,.T.);
#12228 = EDGE_LOOP('',(#12229,#12239,#12245,#12246));
#12229 = ORIENTED_EDGE('',*,*,#12230,.T.);
#12230 = EDGE_CURVE('',#12231,#12233,#12235,.T.);
#12231 = VERTEX_POINT('',#12232);
#12232 = CARTESIAN_POINT('',(-52.,-32.54090118408,5.699999809265));
#12233 = VERTEX_POINT('',#12234);
#12234 = CARTESIAN_POINT('',(-52.,-32.54090118408,3.200000047684));
#12235 = LINE('',#12236,#12237);
#12236 = CARTESIAN_POINT('',(-52.,-32.54090118408,5.699999809265));
#12237 = VECTOR('',#12238,1.);
#12238 = DIRECTION('',(0.,0.,-1.));
#12239 = ORIENTED_EDGE('',*,*,#12240,.F.);
#12240 = EDGE_CURVE('',#12208,#12233,#12241,.T.);
#12241 = LINE('',#12242,#12243);
#12242 = CARTESIAN_POINT('',(-52.11439895629,-32.47230148315,
    3.200000047684));
#12243 = VECTOR('',#12244,1.);
#12244 = DIRECTION('',(0.857624111978,-0.514277048441,0.));
#12245 = ORIENTED_EDGE('',*,*,#12207,.T.);
#12246 = ORIENTED_EDGE('',*,*,#12247,.F.);
#12247 = EDGE_CURVE('',#12231,#10398,#12248,.T.);
#12248 = LINE('',#12249,#12250);
#12249 = CARTESIAN_POINT('',(-52.,-32.54090118408,5.699999809265));
#12250 = VECTOR('',#12251,1.);
#12251 = DIRECTION('',(-3.463806258528E-02,2.077082528497E-02,
    0.999184055836));
#12252 = PLANE('',#12253);
#12253 = AXIS2_PLACEMENT_3D('',#12254,#12255,#12256);
#12254 = CARTESIAN_POINT('',(-52.07328306005,-32.49695676216,
    6.067326088764));
#12255 = DIRECTION('',(0.514277048441,0.857624111978,0.));
#12256 = DIRECTION('',(0.857624111978,-0.514277048441,0.));
#12257 = ADVANCED_FACE('',(#12258),#12283,.T.);
#12258 = FACE_BOUND('',#12259,.T.);
#12259 = EDGE_LOOP('',(#12260,#12261,#12269,#12277));
#12260 = ORIENTED_EDGE('',*,*,#11063,.T.);
#12261 = ORIENTED_EDGE('',*,*,#12262,.T.);
#12262 = EDGE_CURVE('',#11056,#12263,#12265,.T.);
#12263 = VERTEX_POINT('',#12264);
#12264 = CARTESIAN_POINT('',(52.469299316406,-32.30450057983,
    3.200000047684));
#12265 = LINE('',#12266,#12267);
#12266 = CARTESIAN_POINT('',(52.469299316406,-32.30450057983,9.));
#12267 = VECTOR('',#12268,1.);
#12268 = DIRECTION('',(0.,0.,-1.));
#12269 = ORIENTED_EDGE('',*,*,#12270,.F.);
#12270 = EDGE_CURVE('',#12271,#12263,#12273,.T.);
#12271 = VERTEX_POINT('',#12272);
#12272 = CARTESIAN_POINT('',(52.114398956299,-32.47230148315,
    3.200000047684));
#12273 = LINE('',#12274,#12275);
#12274 = CARTESIAN_POINT('',(52.114398956299,-32.47230148315,
    3.200000047684));
#12275 = VECTOR('',#12276,1.);
#12276 = DIRECTION('',(0.904042910501,0.427441710615,0.));
#12277 = ORIENTED_EDGE('',*,*,#12278,.T.);
#12278 = EDGE_CURVE('',#12271,#11064,#12279,.T.);
#12279 = LINE('',#12280,#12281);
#12280 = CARTESIAN_POINT('',(52.114398956299,-32.47230148315,
    3.200000047684));
#12281 = VECTOR('',#12282,1.);
#12282 = DIRECTION('',(0.,0.,1.));
#12283 = PLANE('',#12284);
#12284 = AXIS2_PLACEMENT_3D('',#12285,#12286,#12287);
#12285 = CARTESIAN_POINT('',(52.291849136353,-32.38840103149,
    6.100000023842));
#12286 = DIRECTION('',(-0.427441710615,0.904042910501,0.));
#12287 = DIRECTION('',(0.904042910501,0.427441710615,0.));
#12288 = ADVANCED_FACE('',(#12289),#12314,.T.);
#12289 = FACE_BOUND('',#12290,.T.);
#12290 = EDGE_LOOP('',(#12291,#12299,#12300,#12308));
#12291 = ORIENTED_EDGE('',*,*,#12292,.F.);
#12292 = EDGE_CURVE('',#11064,#12293,#12295,.T.);
#12293 = VERTEX_POINT('',#12294);
#12294 = CARTESIAN_POINT('',(52.,-32.54090118408,5.699999809265));
#12295 = LINE('',#12296,#12297);
#12296 = CARTESIAN_POINT('',(52.114398956299,-32.47230148315,9.));
#12297 = VECTOR('',#12298,1.);
#12298 = DIRECTION('',(-3.463806258528E-02,-2.077082528497E-02,
    -0.999184055836));
#12299 = ORIENTED_EDGE('',*,*,#12278,.F.);
#12300 = ORIENTED_EDGE('',*,*,#12301,.F.);
#12301 = EDGE_CURVE('',#12302,#12271,#12304,.T.);
#12302 = VERTEX_POINT('',#12303);
#12303 = CARTESIAN_POINT('',(52.,-32.54090118408,3.200000047684));
#12304 = LINE('',#12305,#12306);
#12305 = CARTESIAN_POINT('',(52.,-32.54090118408,3.200000047684));
#12306 = VECTOR('',#12307,1.);
#12307 = DIRECTION('',(0.857624111978,0.514277048441,0.));
#12308 = ORIENTED_EDGE('',*,*,#12309,.T.);
#12309 = EDGE_CURVE('',#12302,#12293,#12310,.T.);
#12310 = LINE('',#12311,#12312);
#12311 = CARTESIAN_POINT('',(52.,-32.54090118408,3.200000047684));
#12312 = VECTOR('',#12313,1.);
#12313 = DIRECTION('',(0.,0.,1.));
#12314 = PLANE('',#12315);
#12315 = AXIS2_PLACEMENT_3D('',#12316,#12317,#12318);
#12316 = CARTESIAN_POINT('',(52.073283060059,-32.49695676216,
    6.067326088764));
#12317 = DIRECTION('',(-0.514277048441,0.857624111978,0.));
#12318 = DIRECTION('',(0.857624111978,0.514277048441,0.));
#12319 = ADVANCED_FACE('',(#12320),#12338,.T.);
#12320 = FACE_BOUND('',#12321,.T.);
#12321 = EDGE_LOOP('',(#12322,#12323,#12331,#12337));
#12322 = ORIENTED_EDGE('',*,*,#11055,.T.);
#12323 = ORIENTED_EDGE('',*,*,#12324,.F.);
#12324 = EDGE_CURVE('',#12325,#11048,#12327,.T.);
#12325 = VERTEX_POINT('',#12326);
#12326 = CARTESIAN_POINT('',(52.838901519775,-32.17219924926,
    3.200000047684));
#12327 = LINE('',#12328,#12329);
#12328 = CARTESIAN_POINT('',(52.838901519775,-32.17219924926,
    3.200000047684));
#12329 = VECTOR('',#12330,1.);
#12330 = DIRECTION('',(0.,0.,1.));
#12331 = ORIENTED_EDGE('',*,*,#12332,.F.);
#12332 = EDGE_CURVE('',#12263,#12325,#12333,.T.);
#12333 = LINE('',#12334,#12335);
#12334 = CARTESIAN_POINT('',(52.469299316406,-32.30450057983,
    3.200000047684));
#12335 = VECTOR('',#12336,1.);
#12336 = DIRECTION('',(0.941499174104,0.33701528921,0.));
#12337 = ORIENTED_EDGE('',*,*,#12262,.F.);
#12338 = PLANE('',#12339);
#12339 = AXIS2_PLACEMENT_3D('',#12340,#12341,#12342);
#12340 = CARTESIAN_POINT('',(52.654100418091,-32.23834991455,
    6.100000023842));
#12341 = DIRECTION('',(-0.33701528921,0.941499174104,0.));
#12342 = DIRECTION('',(0.941499174104,0.33701528921,0.));
#12343 = ADVANCED_FACE('',(#12344),#12362,.T.);
#12344 = FACE_BOUND('',#12345,.T.);
#12345 = EDGE_LOOP('',(#12346,#12347,#12355,#12361));
#12346 = ORIENTED_EDGE('',*,*,#11047,.T.);
#12347 = ORIENTED_EDGE('',*,*,#12348,.F.);
#12348 = EDGE_CURVE('',#12349,#11040,#12351,.T.);
#12349 = VERTEX_POINT('',#12350);
#12350 = CARTESIAN_POINT('',(53.21960067749,-32.07690048217,
    3.200000047684));
#12351 = LINE('',#12352,#12353);
#12352 = CARTESIAN_POINT('',(53.21960067749,-32.07690048217,
    3.200000047684));
#12353 = VECTOR('',#12354,1.);
#12354 = DIRECTION('',(0.,0.,1.));
#12355 = ORIENTED_EDGE('',*,*,#12356,.F.);
#12356 = EDGE_CURVE('',#12325,#12349,#12357,.T.);
#12357 = LINE('',#12358,#12359);
#12358 = CARTESIAN_POINT('',(52.838901519775,-32.17219924926,
    3.200000047684));
#12359 = VECTOR('',#12360,1.);
#12360 = DIRECTION('',(0.970068122753,0.242832940967,0.));
#12361 = ORIENTED_EDGE('',*,*,#12324,.T.);
#12362 = PLANE('',#12363);
#12363 = AXIS2_PLACEMENT_3D('',#12364,#12365,#12366);
#12364 = CARTESIAN_POINT('',(53.029251098633,-32.12454986572,
    6.100000023842));
#12365 = DIRECTION('',(-0.242832940967,0.970068122753,0.));
#12366 = DIRECTION('',(0.970068122753,0.242832940967,0.));
#12367 = ADVANCED_FACE('',(#12368),#12386,.T.);
#12368 = FACE_BOUND('',#12369,.T.);
#12369 = EDGE_LOOP('',(#12370,#12371,#12379,#12385));
#12370 = ORIENTED_EDGE('',*,*,#11039,.T.);
#12371 = ORIENTED_EDGE('',*,*,#12372,.T.);
#12372 = EDGE_CURVE('',#11032,#12373,#12375,.T.);
#12373 = VERTEX_POINT('',#12374);
#12374 = CARTESIAN_POINT('',(53.607898712158,-32.01929855346,
    3.200000047684));
#12375 = LINE('',#12376,#12377);
#12376 = CARTESIAN_POINT('',(53.607898712158,-32.01929855346,9.));
#12377 = VECTOR('',#12378,1.);
#12378 = DIRECTION('',(0.,0.,-1.));
#12379 = ORIENTED_EDGE('',*,*,#12380,.F.);
#12380 = EDGE_CURVE('',#12349,#12373,#12381,.T.);
#12381 = LINE('',#12382,#12383);
#12382 = CARTESIAN_POINT('',(53.21960067749,-32.07690048217,
    3.200000047684));
#12383 = VECTOR('',#12384,1.);
#12384 = DIRECTION('',(0.989175268962,0.146738840371,0.));
#12385 = ORIENTED_EDGE('',*,*,#12348,.T.);
#12386 = PLANE('',#12387);
#12387 = AXIS2_PLACEMENT_3D('',#12388,#12389,#12390);
#12388 = CARTESIAN_POINT('',(53.413749694824,-32.04809951782,
    6.100000023842));
#12389 = DIRECTION('',(-0.146738840371,0.989175268962,0.));
#12390 = DIRECTION('',(0.989175268962,0.146738840371,0.));
#12391 = ADVANCED_FACE('',(#12392),#12410,.T.);
#12392 = FACE_BOUND('',#12393,.T.);
#12393 = EDGE_LOOP('',(#12394,#12395,#12403,#12409));
#12394 = ORIENTED_EDGE('',*,*,#11031,.T.);
#12395 = ORIENTED_EDGE('',*,*,#12396,.F.);
#12396 = EDGE_CURVE('',#12397,#11024,#12399,.T.);
#12397 = VERTEX_POINT('',#12398);
#12398 = CARTESIAN_POINT('',(54.,-32.,3.200000047684));
#12399 = LINE('',#12400,#12401);
#12400 = CARTESIAN_POINT('',(54.,-32.,3.200000047684));
#12401 = VECTOR('',#12402,1.);
#12402 = DIRECTION('',(0.,0.,1.));
#12403 = ORIENTED_EDGE('',*,*,#12404,.F.);
#12404 = EDGE_CURVE('',#12373,#12397,#12405,.T.);
#12405 = LINE('',#12406,#12407);
#12406 = CARTESIAN_POINT('',(53.607898712158,-32.01929855346,
    3.200000047684));
#12407 = VECTOR('',#12408,1.);
#12408 = DIRECTION('',(0.998790976291,4.915878028406E-02,0.));
#12409 = ORIENTED_EDGE('',*,*,#12372,.F.);
#12410 = PLANE('',#12411);
#12411 = AXIS2_PLACEMENT_3D('',#12412,#12413,#12414);
#12412 = CARTESIAN_POINT('',(53.803949356079,-32.00964927673,
    6.100000023842));
#12413 = DIRECTION('',(-4.915878028406E-02,0.998790976291,0.));
#12414 = DIRECTION('',(0.998790976291,4.915878028406E-02,0.));
#12415 = ADVANCED_FACE('',(#12416),#12434,.T.);
#12416 = FACE_BOUND('',#12417,.T.);
#12417 = EDGE_LOOP('',(#12418,#12419,#12427,#12433));
#12418 = ORIENTED_EDGE('',*,*,#11023,.T.);
#12419 = ORIENTED_EDGE('',*,*,#12420,.T.);
#12420 = EDGE_CURVE('',#11016,#12421,#12423,.T.);
#12421 = VERTEX_POINT('',#12422);
#12422 = CARTESIAN_POINT('',(54.392101287842,-32.01929855346,
    3.200000047684));
#12423 = LINE('',#12424,#12425);
#12424 = CARTESIAN_POINT('',(54.392101287842,-32.01929855346,9.));
#12425 = VECTOR('',#12426,1.);
#12426 = DIRECTION('',(0.,0.,-1.));
#12427 = ORIENTED_EDGE('',*,*,#12428,.F.);
#12428 = EDGE_CURVE('',#12397,#12421,#12429,.T.);
#12429 = LINE('',#12430,#12431);
#12430 = CARTESIAN_POINT('',(54.,-32.,3.200000047684));
#12431 = VECTOR('',#12432,1.);
#12432 = DIRECTION('',(0.998790976291,-4.915878028406E-02,0.));
#12433 = ORIENTED_EDGE('',*,*,#12396,.T.);
#12434 = PLANE('',#12435);
#12435 = AXIS2_PLACEMENT_3D('',#12436,#12437,#12438);
#12436 = CARTESIAN_POINT('',(54.196050643921,-32.00964927673,
    6.100000023842));
#12437 = DIRECTION('',(4.915878028406E-02,0.998790976291,0.));
#12438 = DIRECTION('',(0.998790976291,-4.915878028406E-02,0.));
#12439 = ADVANCED_FACE('',(#12440),#12458,.T.);
#12440 = FACE_BOUND('',#12441,.T.);
#12441 = EDGE_LOOP('',(#12442,#12443,#12451,#12457));
#12442 = ORIENTED_EDGE('',*,*,#11015,.T.);
#12443 = ORIENTED_EDGE('',*,*,#12444,.T.);
#12444 = EDGE_CURVE('',#11008,#12445,#12447,.T.);
#12445 = VERTEX_POINT('',#12446);
#12446 = CARTESIAN_POINT('',(54.78039932251,-32.07690048217,
    3.200000047684));
#12447 = LINE('',#12448,#12449);
#12448 = CARTESIAN_POINT('',(54.78039932251,-32.07690048217,9.));
#12449 = VECTOR('',#12450,1.);
#12450 = DIRECTION('',(0.,0.,-1.));
#12451 = ORIENTED_EDGE('',*,*,#12452,.F.);
#12452 = EDGE_CURVE('',#12421,#12445,#12453,.T.);
#12453 = LINE('',#12454,#12455);
#12454 = CARTESIAN_POINT('',(54.392101287842,-32.01929855346,
    3.200000047684));
#12455 = VECTOR('',#12456,1.);
#12456 = DIRECTION('',(0.989175268962,-0.146738840371,0.));
#12457 = ORIENTED_EDGE('',*,*,#12420,.F.);
#12458 = PLANE('',#12459);
#12459 = AXIS2_PLACEMENT_3D('',#12460,#12461,#12462);
#12460 = CARTESIAN_POINT('',(54.586250305176,-32.04809951782,
    6.100000023842));
#12461 = DIRECTION('',(0.146738840371,0.989175268962,0.));
#12462 = DIRECTION('',(0.989175268962,-0.146738840371,0.));
#12463 = ADVANCED_FACE('',(#12464),#12482,.T.);
#12464 = FACE_BOUND('',#12465,.T.);
#12465 = EDGE_LOOP('',(#12466,#12467,#12475,#12481));
#12466 = ORIENTED_EDGE('',*,*,#11007,.T.);
#12467 = ORIENTED_EDGE('',*,*,#12468,.F.);
#12468 = EDGE_CURVE('',#12469,#11000,#12471,.T.);
#12469 = VERTEX_POINT('',#12470);
#12470 = CARTESIAN_POINT('',(55.161098480225,-32.17219924926,
    3.200000047684));
#12471 = LINE('',#12472,#12473);
#12472 = CARTESIAN_POINT('',(55.161098480225,-32.17219924926,
    3.200000047684));
#12473 = VECTOR('',#12474,1.);
#12474 = DIRECTION('',(0.,0.,1.));
#12475 = ORIENTED_EDGE('',*,*,#12476,.F.);
#12476 = EDGE_CURVE('',#12445,#12469,#12477,.T.);
#12477 = LINE('',#12478,#12479);
#12478 = CARTESIAN_POINT('',(54.78039932251,-32.07690048217,
    3.200000047684));
#12479 = VECTOR('',#12480,1.);
#12480 = DIRECTION('',(0.970068122753,-0.242832940967,0.));
#12481 = ORIENTED_EDGE('',*,*,#12444,.F.);
#12482 = PLANE('',#12483);
#12483 = AXIS2_PLACEMENT_3D('',#12484,#12485,#12486);
#12484 = CARTESIAN_POINT('',(54.970748901367,-32.12454986572,
    6.100000023842));
#12485 = DIRECTION('',(0.242832940967,0.970068122753,0.));
#12486 = DIRECTION('',(0.970068122753,-0.242832940967,0.));
#12487 = ADVANCED_FACE('',(#12488),#12506,.T.);
#12488 = FACE_BOUND('',#12489,.T.);
#12489 = EDGE_LOOP('',(#12490,#12491,#12499,#12505));
#12490 = ORIENTED_EDGE('',*,*,#10999,.T.);
#12491 = ORIENTED_EDGE('',*,*,#12492,.F.);
#12492 = EDGE_CURVE('',#12493,#10992,#12495,.T.);
#12493 = VERTEX_POINT('',#12494);
#12494 = CARTESIAN_POINT('',(55.530700683594,-32.30450057983,
    3.200000047684));
#12495 = LINE('',#12496,#12497);
#12496 = CARTESIAN_POINT('',(55.530700683594,-32.30450057983,
    3.200000047684));
#12497 = VECTOR('',#12498,1.);
#12498 = DIRECTION('',(0.,0.,1.));
#12499 = ORIENTED_EDGE('',*,*,#12500,.F.);
#12500 = EDGE_CURVE('',#12469,#12493,#12501,.T.);
#12501 = LINE('',#12502,#12503);
#12502 = CARTESIAN_POINT('',(55.161098480225,-32.17219924926,
    3.200000047684));
#12503 = VECTOR('',#12504,1.);
#12504 = DIRECTION('',(0.941499174104,-0.33701528921,0.));
#12505 = ORIENTED_EDGE('',*,*,#12468,.T.);
#12506 = PLANE('',#12507);
#12507 = AXIS2_PLACEMENT_3D('',#12508,#12509,#12510);
#12508 = CARTESIAN_POINT('',(55.345899581909,-32.23834991455,
    6.100000023842));
#12509 = DIRECTION('',(0.33701528921,0.941499174104,0.));
#12510 = DIRECTION('',(0.941499174104,-0.33701528921,0.));
#12511 = ADVANCED_FACE('',(#12512),#12530,.T.);
#12512 = FACE_BOUND('',#12513,.T.);
#12513 = EDGE_LOOP('',(#12514,#12515,#12523,#12529));
#12514 = ORIENTED_EDGE('',*,*,#10991,.T.);
#12515 = ORIENTED_EDGE('',*,*,#12516,.T.);
#12516 = EDGE_CURVE('',#10984,#12517,#12519,.T.);
#12517 = VERTEX_POINT('',#12518);
#12518 = CARTESIAN_POINT('',(55.885601043701,-32.47230148315,
    3.200000047684));
#12519 = LINE('',#12520,#12521);
#12520 = CARTESIAN_POINT('',(55.885601043701,-32.47230148315,9.));
#12521 = VECTOR('',#12522,1.);
#12522 = DIRECTION('',(0.,0.,-1.));
#12523 = ORIENTED_EDGE('',*,*,#12524,.F.);
#12524 = EDGE_CURVE('',#12493,#12517,#12525,.T.);
#12525 = LINE('',#12526,#12527);
#12526 = CARTESIAN_POINT('',(55.530700683594,-32.30450057983,
    3.200000047684));
#12527 = VECTOR('',#12528,1.);
#12528 = DIRECTION('',(0.904042910501,-0.427441710615,0.));
#12529 = ORIENTED_EDGE('',*,*,#12492,.T.);
#12530 = PLANE('',#12531);
#12531 = AXIS2_PLACEMENT_3D('',#12532,#12533,#12534);
#12532 = CARTESIAN_POINT('',(55.708150863647,-32.38840103149,
    6.100000023842));
#12533 = DIRECTION('',(0.427441710615,0.904042910501,0.));
#12534 = DIRECTION('',(0.904042910501,-0.427441710615,0.));
#12535 = ADVANCED_FACE('',(#12536),#12554,.T.);
#12536 = FACE_BOUND('',#12537,.T.);
#12537 = EDGE_LOOP('',(#12538,#12539,#12547,#12553));
#12538 = ORIENTED_EDGE('',*,*,#10983,.T.);
#12539 = ORIENTED_EDGE('',*,*,#12540,.F.);
#12540 = EDGE_CURVE('',#12541,#10976,#12543,.T.);
#12541 = VERTEX_POINT('',#12542);
#12542 = CARTESIAN_POINT('',(56.222301483154,-32.6740989685,
    3.200000047684));
#12543 = LINE('',#12544,#12545);
#12544 = CARTESIAN_POINT('',(56.222301483154,-32.6740989685,
    3.200000047684));
#12545 = VECTOR('',#12546,1.);
#12546 = DIRECTION('',(0.,0.,1.));
#12547 = ORIENTED_EDGE('',*,*,#12548,.F.);
#12548 = EDGE_CURVE('',#12517,#12541,#12549,.T.);
#12549 = LINE('',#12550,#12551);
#12550 = CARTESIAN_POINT('',(55.885601043701,-32.47230148315,
    3.200000047684));
#12551 = VECTOR('',#12552,1.);
#12552 = DIRECTION('',(0.857743203732,-0.514078395239,0.));
#12553 = ORIENTED_EDGE('',*,*,#12516,.F.);
#12554 = PLANE('',#12555);
#12555 = AXIS2_PLACEMENT_3D('',#12556,#12557,#12558);
#12556 = CARTESIAN_POINT('',(56.053951263428,-32.57320022583,
    6.100000023842));
#12557 = DIRECTION('',(0.514078395239,0.857743203732,0.));
#12558 = DIRECTION('',(0.857743203732,-0.514078395239,0.));
#12559 = ADVANCED_FACE('',(#12560),#12578,.T.);
#12560 = FACE_BOUND('',#12561,.T.);
#12561 = EDGE_LOOP('',(#12562,#12563,#12571,#12577));
#12562 = ORIENTED_EDGE('',*,*,#10975,.T.);
#12563 = ORIENTED_EDGE('',*,*,#12564,.F.);
#12564 = EDGE_CURVE('',#12565,#10968,#12567,.T.);
#12565 = VERTEX_POINT('',#12566);
#12566 = CARTESIAN_POINT('',(56.537601470947,-32.90800094604,
    3.200000047684));
#12567 = LINE('',#12568,#12569);
#12568 = CARTESIAN_POINT('',(56.537601470947,-32.90800094604,
    3.200000047684));
#12569 = VECTOR('',#12570,1.);
#12570 = DIRECTION('',(0.,0.,1.));
#12571 = ORIENTED_EDGE('',*,*,#12572,.F.);
#12572 = EDGE_CURVE('',#12541,#12565,#12573,.T.);
#12573 = LINE('',#12574,#12575);
#12574 = CARTESIAN_POINT('',(56.222301483154,-32.6740989685,
    3.200000047684));
#12575 = VECTOR('',#12576,1.);
#12576 = DIRECTION('',(0.803134924565,-0.595797191118,0.));
#12577 = ORIENTED_EDGE('',*,*,#12540,.T.);
#12578 = PLANE('',#12579);
#12579 = AXIS2_PLACEMENT_3D('',#12580,#12581,#12582);
#12580 = CARTESIAN_POINT('',(56.379951477051,-32.79104995727,
    6.100000023842));
#12581 = DIRECTION('',(0.595797191118,0.803134924565,0.));
#12582 = DIRECTION('',(0.803134924565,-0.595797191118,0.));
#12583 = ADVANCED_FACE('',(#12584),#12602,.T.);
#12584 = FACE_BOUND('',#12585,.T.);
#12585 = EDGE_LOOP('',(#12586,#12587,#12595,#12601));
#12586 = ORIENTED_EDGE('',*,*,#10967,.T.);
#12587 = ORIENTED_EDGE('',*,*,#12588,.T.);
#12588 = EDGE_CURVE('',#10960,#12589,#12591,.T.);
#12589 = VERTEX_POINT('',#12590);
#12590 = CARTESIAN_POINT('',(56.828399658203,-33.17160034179,
    3.200000047684));
#12591 = LINE('',#12592,#12593);
#12592 = CARTESIAN_POINT('',(56.828399658203,-33.17160034179,9.));
#12593 = VECTOR('',#12594,1.);
#12594 = DIRECTION('',(0.,0.,-1.));
#12595 = ORIENTED_EDGE('',*,*,#12596,.F.);
#12596 = EDGE_CURVE('',#12565,#12589,#12597,.T.);
#12597 = LINE('',#12598,#12599);
#12598 = CARTESIAN_POINT('',(56.537601470947,-32.90800094604,
    3.200000047684));
#12599 = VECTOR('',#12600,1.);
#12600 = DIRECTION('',(0.740906393777,-0.671608305235,0.));
#12601 = ORIENTED_EDGE('',*,*,#12564,.T.);
#12602 = PLANE('',#12603);
#12603 = AXIS2_PLACEMENT_3D('',#12604,#12605,#12606);
#12604 = CARTESIAN_POINT('',(56.683000564575,-33.03980064392,
    6.100000023842));
#12605 = DIRECTION('',(0.671608305235,0.740906393777,0.));
#12606 = DIRECTION('',(0.740906393777,-0.671608305235,0.));
#12607 = ADVANCED_FACE('',(#12608),#12626,.T.);
#12608 = FACE_BOUND('',#12609,.T.);
#12609 = EDGE_LOOP('',(#12610,#12611,#12612,#12620));
#12610 = ORIENTED_EDGE('',*,*,#12588,.F.);
#12611 = ORIENTED_EDGE('',*,*,#10959,.T.);
#12612 = ORIENTED_EDGE('',*,*,#12613,.F.);
#12613 = EDGE_CURVE('',#12614,#10952,#12616,.T.);
#12614 = VERTEX_POINT('',#12615);
#12615 = CARTESIAN_POINT('',(57.091999053955,-33.46239852905,
    3.200000047684));
#12616 = LINE('',#12617,#12618);
#12617 = CARTESIAN_POINT('',(57.091999053955,-33.46239852905,
    3.200000047684));
#12618 = VECTOR('',#12619,1.);
#12619 = DIRECTION('',(0.,0.,1.));
#12620 = ORIENTED_EDGE('',*,*,#12621,.F.);
#12621 = EDGE_CURVE('',#12589,#12614,#12622,.T.);
#12622 = LINE('',#12623,#12624);
#12623 = CARTESIAN_POINT('',(56.828399658203,-33.17160034179,
    3.200000047684));
#12624 = VECTOR('',#12625,1.);
#12625 = DIRECTION('',(0.671608305235,-0.740906393777,0.));
#12626 = PLANE('',#12627);
#12627 = AXIS2_PLACEMENT_3D('',#12628,#12629,#12630);
#12628 = CARTESIAN_POINT('',(56.960199356079,-33.31699943542,
    6.100000023842));
#12629 = DIRECTION('',(0.740906393777,0.671608305235,0.));
#12630 = DIRECTION('',(-0.671608305235,0.740906393777,0.));
#12631 = ADVANCED_FACE('',(#12632),#12650,.T.);
#12632 = FACE_BOUND('',#12633,.T.);
#12633 = EDGE_LOOP('',(#12634,#12635,#12636,#12644));
#12634 = ORIENTED_EDGE('',*,*,#12613,.T.);
#12635 = ORIENTED_EDGE('',*,*,#10951,.T.);
#12636 = ORIENTED_EDGE('',*,*,#12637,.T.);
#12637 = EDGE_CURVE('',#10944,#12638,#12640,.T.);
#12638 = VERTEX_POINT('',#12639);
#12639 = CARTESIAN_POINT('',(57.325901031494,-33.77769851684,
    3.200000047684));
#12640 = LINE('',#12641,#12642);
#12641 = CARTESIAN_POINT('',(57.325901031494,-33.77769851684,9.));
#12642 = VECTOR('',#12643,1.);
#12643 = DIRECTION('',(0.,0.,-1.));
#12644 = ORIENTED_EDGE('',*,*,#12645,.F.);
#12645 = EDGE_CURVE('',#12614,#12638,#12646,.T.);
#12646 = LINE('',#12647,#12648);
#12647 = CARTESIAN_POINT('',(57.091999053955,-33.46239852905,
    3.200000047684));
#12648 = VECTOR('',#12649,1.);
#12649 = DIRECTION('',(0.595797191118,-0.803134924565,0.));
#12650 = PLANE('',#12651);
#12651 = AXIS2_PLACEMENT_3D('',#12652,#12653,#12654);
#12652 = CARTESIAN_POINT('',(57.208950042725,-33.62004852294,
    6.100000023842));
#12653 = DIRECTION('',(0.803134924565,0.595797191118,0.));
#12654 = DIRECTION('',(-0.595797191118,0.803134924565,0.));
#12655 = ADVANCED_FACE('',(#12656),#12674,.T.);
#12656 = FACE_BOUND('',#12657,.T.);
#12657 = EDGE_LOOP('',(#12658,#12659,#12660,#12668));
#12658 = ORIENTED_EDGE('',*,*,#12637,.F.);
#12659 = ORIENTED_EDGE('',*,*,#10943,.T.);
#12660 = ORIENTED_EDGE('',*,*,#12661,.F.);
#12661 = EDGE_CURVE('',#12662,#10936,#12664,.T.);
#12662 = VERTEX_POINT('',#12663);
#12663 = CARTESIAN_POINT('',(57.527698516846,-34.11439895629,
    3.200000047684));
#12664 = LINE('',#12665,#12666);
#12665 = CARTESIAN_POINT('',(57.527698516846,-34.11439895629,
    3.200000047684));
#12666 = VECTOR('',#12667,1.);
#12667 = DIRECTION('',(0.,0.,1.));
#12668 = ORIENTED_EDGE('',*,*,#12669,.F.);
#12669 = EDGE_CURVE('',#12638,#12662,#12670,.T.);
#12670 = LINE('',#12671,#12672);
#12671 = CARTESIAN_POINT('',(57.325901031494,-33.77769851684,
    3.200000047684));
#12672 = VECTOR('',#12673,1.);
#12673 = DIRECTION('',(0.514078395239,-0.857743203732,0.));
#12674 = PLANE('',#12675);
#12675 = AXIS2_PLACEMENT_3D('',#12676,#12677,#12678);
#12676 = CARTESIAN_POINT('',(57.42679977417,-33.94604873657,
    6.100000023842));
#12677 = DIRECTION('',(0.857743203732,0.514078395239,0.));
#12678 = DIRECTION('',(-0.514078395239,0.857743203732,0.));
#12679 = ADVANCED_FACE('',(#12680),#12698,.T.);
#12680 = FACE_BOUND('',#12681,.T.);
#12681 = EDGE_LOOP('',(#12682,#12683,#12684,#12692));
#12682 = ORIENTED_EDGE('',*,*,#12661,.T.);
#12683 = ORIENTED_EDGE('',*,*,#10935,.T.);
#12684 = ORIENTED_EDGE('',*,*,#12685,.T.);
#12685 = EDGE_CURVE('',#10928,#12686,#12688,.T.);
#12686 = VERTEX_POINT('',#12687);
#12687 = CARTESIAN_POINT('',(57.695499420166,-34.4692993164,
    3.200000047684));
#12688 = LINE('',#12689,#12690);
#12689 = CARTESIAN_POINT('',(57.695499420166,-34.4692993164,9.));
#12690 = VECTOR('',#12691,1.);
#12691 = DIRECTION('',(0.,0.,-1.));
#12692 = ORIENTED_EDGE('',*,*,#12693,.F.);
#12693 = EDGE_CURVE('',#12662,#12686,#12694,.T.);
#12694 = LINE('',#12695,#12696);
#12695 = CARTESIAN_POINT('',(57.527698516846,-34.11439895629,
    3.200000047684));
#12696 = VECTOR('',#12697,1.);
#12697 = DIRECTION('',(0.427441710615,-0.904042910501,0.));
#12698 = PLANE('',#12699);
#12699 = AXIS2_PLACEMENT_3D('',#12700,#12701,#12702);
#12700 = CARTESIAN_POINT('',(57.611598968506,-34.29184913635,
    6.100000023842));
#12701 = DIRECTION('',(0.904042910501,0.427441710615,0.));
#12702 = DIRECTION('',(-0.427441710615,0.904042910501,0.));
#12703 = ADVANCED_FACE('',(#12704),#12722,.T.);
#12704 = FACE_BOUND('',#12705,.T.);
#12705 = EDGE_LOOP('',(#12706,#12707,#12708,#12716));
#12706 = ORIENTED_EDGE('',*,*,#12685,.F.);
#12707 = ORIENTED_EDGE('',*,*,#10927,.T.);
#12708 = ORIENTED_EDGE('',*,*,#12709,.F.);
#12709 = EDGE_CURVE('',#12710,#10920,#12712,.T.);
#12710 = VERTEX_POINT('',#12711);
#12711 = CARTESIAN_POINT('',(57.827800750732,-34.83890151977,
    3.200000047684));
#12712 = LINE('',#12713,#12714);
#12713 = CARTESIAN_POINT('',(57.827800750732,-34.83890151977,
    3.200000047684));
#12714 = VECTOR('',#12715,1.);
#12715 = DIRECTION('',(0.,0.,1.));
#12716 = ORIENTED_EDGE('',*,*,#12717,.F.);
#12717 = EDGE_CURVE('',#12686,#12710,#12718,.T.);
#12718 = LINE('',#12719,#12720);
#12719 = CARTESIAN_POINT('',(57.695499420166,-34.4692993164,
    3.200000047684));
#12720 = VECTOR('',#12721,1.);
#12721 = DIRECTION('',(0.33701528921,-0.941499174104,0.));
#12722 = PLANE('',#12723);
#12723 = AXIS2_PLACEMENT_3D('',#12724,#12725,#12726);
#12724 = CARTESIAN_POINT('',(57.761650085449,-34.65410041809,
    6.100000023842));
#12725 = DIRECTION('',(0.941499174104,0.33701528921,0.));
#12726 = DIRECTION('',(-0.33701528921,0.941499174104,0.));
#12727 = ADVANCED_FACE('',(#12728),#12746,.T.);
#12728 = FACE_BOUND('',#12729,.T.);
#12729 = EDGE_LOOP('',(#12730,#12731,#12732,#12740));
#12730 = ORIENTED_EDGE('',*,*,#12709,.T.);
#12731 = ORIENTED_EDGE('',*,*,#10919,.T.);
#12732 = ORIENTED_EDGE('',*,*,#12733,.F.);
#12733 = EDGE_CURVE('',#12734,#10912,#12736,.T.);
#12734 = VERTEX_POINT('',#12735);
#12735 = CARTESIAN_POINT('',(57.923099517822,-35.21960067749,
    3.200000047684));
#12736 = LINE('',#12737,#12738);
#12737 = CARTESIAN_POINT('',(57.923099517822,-35.21960067749,
    3.200000047684));
#12738 = VECTOR('',#12739,1.);
#12739 = DIRECTION('',(0.,0.,1.));
#12740 = ORIENTED_EDGE('',*,*,#12741,.F.);
#12741 = EDGE_CURVE('',#12710,#12734,#12742,.T.);
#12742 = LINE('',#12743,#12744);
#12743 = CARTESIAN_POINT('',(57.827800750732,-34.83890151977,
    3.200000047684));
#12744 = VECTOR('',#12745,1.);
#12745 = DIRECTION('',(0.242832940967,-0.970068122753,0.));
#12746 = PLANE('',#12747);
#12747 = AXIS2_PLACEMENT_3D('',#12748,#12749,#12750);
#12748 = CARTESIAN_POINT('',(57.875450134277,-35.02925109863,
    6.100000023842));
#12749 = DIRECTION('',(0.970068122753,0.242832940967,0.));
#12750 = DIRECTION('',(-0.242832940967,0.970068122753,0.));
#12751 = ADVANCED_FACE('',(#12752),#12770,.T.);
#12752 = FACE_BOUND('',#12753,.T.);
#12753 = EDGE_LOOP('',(#12754,#12755,#12756,#12764));
#12754 = ORIENTED_EDGE('',*,*,#12733,.T.);
#12755 = ORIENTED_EDGE('',*,*,#10911,.T.);
#12756 = ORIENTED_EDGE('',*,*,#12757,.T.);
#12757 = EDGE_CURVE('',#10904,#12758,#12760,.T.);
#12758 = VERTEX_POINT('',#12759);
#12759 = CARTESIAN_POINT('',(57.980701446533,-35.60789871215,
    3.200000047684));
#12760 = LINE('',#12761,#12762);
#12761 = CARTESIAN_POINT('',(57.980701446533,-35.60789871215,9.));
#12762 = VECTOR('',#12763,1.);
#12763 = DIRECTION('',(0.,0.,-1.));
#12764 = ORIENTED_EDGE('',*,*,#12765,.F.);
#12765 = EDGE_CURVE('',#12734,#12758,#12766,.T.);
#12766 = LINE('',#12767,#12768);
#12767 = CARTESIAN_POINT('',(57.923099517822,-35.21960067749,
    3.200000047684));
#12768 = VECTOR('',#12769,1.);
#12769 = DIRECTION('',(0.146738840371,-0.989175268962,0.));
#12770 = PLANE('',#12771);
#12771 = AXIS2_PLACEMENT_3D('',#12772,#12773,#12774);
#12772 = CARTESIAN_POINT('',(57.951900482178,-35.41374969482,
    6.100000023842));
#12773 = DIRECTION('',(0.989175268962,0.146738840371,0.));
#12774 = DIRECTION('',(-0.146738840371,0.989175268962,0.));
#12775 = ADVANCED_FACE('',(#12776),#12794,.T.);
#12776 = FACE_BOUND('',#12777,.T.);
#12777 = EDGE_LOOP('',(#12778,#12779,#12780,#12788));
#12778 = ORIENTED_EDGE('',*,*,#12757,.F.);
#12779 = ORIENTED_EDGE('',*,*,#10903,.T.);
#12780 = ORIENTED_EDGE('',*,*,#12781,.T.);
#12781 = EDGE_CURVE('',#10896,#12782,#12784,.T.);
#12782 = VERTEX_POINT('',#12783);
#12783 = CARTESIAN_POINT('',(58.,-36.,3.200000047684));
#12784 = LINE('',#12785,#12786);
#12785 = CARTESIAN_POINT('',(58.,-36.,9.));
#12786 = VECTOR('',#12787,1.);
#12787 = DIRECTION('',(0.,0.,-1.));
#12788 = ORIENTED_EDGE('',*,*,#12789,.F.);
#12789 = EDGE_CURVE('',#12758,#12782,#12790,.T.);
#12790 = LINE('',#12791,#12792);
#12791 = CARTESIAN_POINT('',(57.980701446533,-35.60789871215,
    3.200000047684));
#12792 = VECTOR('',#12793,1.);
#12793 = DIRECTION('',(4.915878028406E-02,-0.998790976291,0.));
#12794 = PLANE('',#12795);
#12795 = AXIS2_PLACEMENT_3D('',#12796,#12797,#12798);
#12796 = CARTESIAN_POINT('',(57.990350723267,-35.80394935607,
    6.100000023842));
#12797 = DIRECTION('',(0.998790976291,4.915878028406E-02,0.));
#12798 = DIRECTION('',(-4.915878028406E-02,0.998790976291,0.));
#12799 = ADVANCED_FACE('',(#12800),#12818,.T.);
#12800 = FACE_BOUND('',#12801,.T.);
#12801 = EDGE_LOOP('',(#12802,#12803,#12804,#12812));
#12802 = ORIENTED_EDGE('',*,*,#12781,.F.);
#12803 = ORIENTED_EDGE('',*,*,#10895,.T.);
#12804 = ORIENTED_EDGE('',*,*,#12805,.T.);
#12805 = EDGE_CURVE('',#10888,#12806,#12808,.T.);
#12806 = VERTEX_POINT('',#12807);
#12807 = CARTESIAN_POINT('',(57.980701446533,-36.39210128784,
    3.200000047684));
#12808 = LINE('',#12809,#12810);
#12809 = CARTESIAN_POINT('',(57.980701446533,-36.39210128784,9.));
#12810 = VECTOR('',#12811,1.);
#12811 = DIRECTION('',(0.,0.,-1.));
#12812 = ORIENTED_EDGE('',*,*,#12813,.F.);
#12813 = EDGE_CURVE('',#12782,#12806,#12814,.T.);
#12814 = LINE('',#12815,#12816);
#12815 = CARTESIAN_POINT('',(58.,-36.,3.200000047684));
#12816 = VECTOR('',#12817,1.);
#12817 = DIRECTION('',(-4.915878028406E-02,-0.998790976291,0.));
#12818 = PLANE('',#12819);
#12819 = AXIS2_PLACEMENT_3D('',#12820,#12821,#12822);
#12820 = CARTESIAN_POINT('',(57.990350723267,-36.19605064392,
    6.100000023842));
#12821 = DIRECTION('',(0.998790976291,-4.915878028406E-02,0.));
#12822 = DIRECTION('',(4.915878028406E-02,0.998790976291,0.));
#12823 = ADVANCED_FACE('',(#12824),#12842,.T.);
#12824 = FACE_BOUND('',#12825,.T.);
#12825 = EDGE_LOOP('',(#12826,#12827,#12828,#12836));
#12826 = ORIENTED_EDGE('',*,*,#12805,.F.);
#12827 = ORIENTED_EDGE('',*,*,#10887,.T.);
#12828 = ORIENTED_EDGE('',*,*,#12829,.F.);
#12829 = EDGE_CURVE('',#12830,#10880,#12832,.T.);
#12830 = VERTEX_POINT('',#12831);
#12831 = CARTESIAN_POINT('',(57.923099517822,-36.78039932251,
    3.200000047684));
#12832 = LINE('',#12833,#12834);
#12833 = CARTESIAN_POINT('',(57.923099517822,-36.78039932251,
    3.200000047684));
#12834 = VECTOR('',#12835,1.);
#12835 = DIRECTION('',(0.,0.,1.));
#12836 = ORIENTED_EDGE('',*,*,#12837,.F.);
#12837 = EDGE_CURVE('',#12806,#12830,#12838,.T.);
#12838 = LINE('',#12839,#12840);
#12839 = CARTESIAN_POINT('',(57.980701446533,-36.39210128784,
    3.200000047684));
#12840 = VECTOR('',#12841,1.);
#12841 = DIRECTION('',(-0.146738840371,-0.989175268962,0.));
#12842 = PLANE('',#12843);
#12843 = AXIS2_PLACEMENT_3D('',#12844,#12845,#12846);
#12844 = CARTESIAN_POINT('',(57.951900482178,-36.58625030517,
    6.100000023842));
#12845 = DIRECTION('',(0.989175268962,-0.146738840371,0.));
#12846 = DIRECTION('',(0.146738840371,0.989175268962,0.));
#12847 = ADVANCED_FACE('',(#12848),#12866,.T.);
#12848 = FACE_BOUND('',#12849,.T.);
#12849 = EDGE_LOOP('',(#12850,#12851,#12852,#12860));
#12850 = ORIENTED_EDGE('',*,*,#12829,.T.);
#12851 = ORIENTED_EDGE('',*,*,#10879,.T.);
#12852 = ORIENTED_EDGE('',*,*,#12853,.T.);
#12853 = EDGE_CURVE('',#10872,#12854,#12856,.T.);
#12854 = VERTEX_POINT('',#12855);
#12855 = CARTESIAN_POINT('',(57.827800750732,-37.16109848022,
    3.200000047684));
#12856 = LINE('',#12857,#12858);
#12857 = CARTESIAN_POINT('',(57.827800750732,-37.16109848022,9.));
#12858 = VECTOR('',#12859,1.);
#12859 = DIRECTION('',(0.,0.,-1.));
#12860 = ORIENTED_EDGE('',*,*,#12861,.F.);
#12861 = EDGE_CURVE('',#12830,#12854,#12862,.T.);
#12862 = LINE('',#12863,#12864);
#12863 = CARTESIAN_POINT('',(57.923099517822,-36.78039932251,
    3.200000047684));
#12864 = VECTOR('',#12865,1.);
#12865 = DIRECTION('',(-0.242832940967,-0.970068122753,0.));
#12866 = PLANE('',#12867);
#12867 = AXIS2_PLACEMENT_3D('',#12868,#12869,#12870);
#12868 = CARTESIAN_POINT('',(57.875450134277,-36.97074890136,
    6.100000023842));
#12869 = DIRECTION('',(0.970068122753,-0.242832940967,0.));
#12870 = DIRECTION('',(0.242832940967,0.970068122753,0.));
#12871 = ADVANCED_FACE('',(#12872),#12890,.T.);
#12872 = FACE_BOUND('',#12873,.T.);
#12873 = EDGE_LOOP('',(#12874,#12875,#12876,#12884));
#12874 = ORIENTED_EDGE('',*,*,#12853,.F.);
#12875 = ORIENTED_EDGE('',*,*,#10871,.T.);
#12876 = ORIENTED_EDGE('',*,*,#12877,.T.);
#12877 = EDGE_CURVE('',#10864,#12878,#12880,.T.);
#12878 = VERTEX_POINT('',#12879);
#12879 = CARTESIAN_POINT('',(57.695499420166,-37.53070068359,
    3.200000047684));
#12880 = LINE('',#12881,#12882);
#12881 = CARTESIAN_POINT('',(57.695499420166,-37.53070068359,9.));
#12882 = VECTOR('',#12883,1.);
#12883 = DIRECTION('',(0.,0.,-1.));
#12884 = ORIENTED_EDGE('',*,*,#12885,.F.);
#12885 = EDGE_CURVE('',#12854,#12878,#12886,.T.);
#12886 = LINE('',#12887,#12888);
#12887 = CARTESIAN_POINT('',(57.827800750732,-37.16109848022,
    3.200000047684));
#12888 = VECTOR('',#12889,1.);
#12889 = DIRECTION('',(-0.33701528921,-0.941499174104,0.));
#12890 = PLANE('',#12891);
#12891 = AXIS2_PLACEMENT_3D('',#12892,#12893,#12894);
#12892 = CARTESIAN_POINT('',(57.761650085449,-37.3458995819,
    6.100000023842));
#12893 = DIRECTION('',(0.941499174104,-0.33701528921,0.));
#12894 = DIRECTION('',(0.33701528921,0.941499174104,0.));
#12895 = ADVANCED_FACE('',(#12896),#12914,.T.);
#12896 = FACE_BOUND('',#12897,.T.);
#12897 = EDGE_LOOP('',(#12898,#12899,#12900,#12908));
#12898 = ORIENTED_EDGE('',*,*,#12877,.F.);
#12899 = ORIENTED_EDGE('',*,*,#10863,.F.);
#12900 = ORIENTED_EDGE('',*,*,#12901,.F.);
#12901 = EDGE_CURVE('',#12902,#10856,#12904,.T.);
#12902 = VERTEX_POINT('',#12903);
#12903 = CARTESIAN_POINT('',(57.527698516846,-37.8856010437,
    3.200000047684));
#12904 = LINE('',#12905,#12906);
#12905 = CARTESIAN_POINT('',(57.527698516846,-37.8856010437,
    3.200000047684));
#12906 = VECTOR('',#12907,1.);
#12907 = DIRECTION('',(0.,0.,1.));
#12908 = ORIENTED_EDGE('',*,*,#12909,.F.);
#12909 = EDGE_CURVE('',#12878,#12902,#12910,.T.);
#12910 = LINE('',#12911,#12912);
#12911 = CARTESIAN_POINT('',(57.695499420166,-37.53070068359,
    3.200000047684));
#12912 = VECTOR('',#12913,1.);
#12913 = DIRECTION('',(-0.427441710615,-0.904042910501,0.));
#12914 = PLANE('',#12915);
#12915 = AXIS2_PLACEMENT_3D('',#12916,#12917,#12918);
#12916 = CARTESIAN_POINT('',(57.611598968506,-37.70815086364,
    6.100000023842));
#12917 = DIRECTION('',(0.904042910501,-0.427441710615,0.));
#12918 = DIRECTION('',(0.427441710615,0.904042910501,0.));
#12919 = ADVANCED_FACE('',(#12920),#12938,.T.);
#12920 = FACE_BOUND('',#12921,.T.);
#12921 = EDGE_LOOP('',(#12922,#12923,#12924,#12932));
#12922 = ORIENTED_EDGE('',*,*,#12901,.T.);
#12923 = ORIENTED_EDGE('',*,*,#10855,.T.);
#12924 = ORIENTED_EDGE('',*,*,#12925,.T.);
#12925 = EDGE_CURVE('',#10848,#12926,#12928,.T.);
#12926 = VERTEX_POINT('',#12927);
#12927 = CARTESIAN_POINT('',(57.325901031494,-38.22230148315,
    3.200000047684));
#12928 = LINE('',#12929,#12930);
#12929 = CARTESIAN_POINT('',(57.325901031494,-38.22230148315,9.));
#12930 = VECTOR('',#12931,1.);
#12931 = DIRECTION('',(0.,0.,-1.));
#12932 = ORIENTED_EDGE('',*,*,#12933,.F.);
#12933 = EDGE_CURVE('',#12902,#12926,#12934,.T.);
#12934 = LINE('',#12935,#12936);
#12935 = CARTESIAN_POINT('',(57.527698516846,-37.8856010437,
    3.200000047684));
#12936 = VECTOR('',#12937,1.);
#12937 = DIRECTION('',(-0.514078395239,-0.857743203732,0.));
#12938 = PLANE('',#12939);
#12939 = AXIS2_PLACEMENT_3D('',#12940,#12941,#12942);
#12940 = CARTESIAN_POINT('',(57.42679977417,-38.05395126342,
    6.100000023842));
#12941 = DIRECTION('',(0.857743203732,-0.514078395239,0.));
#12942 = DIRECTION('',(0.514078395239,0.857743203732,0.));
#12943 = ADVANCED_FACE('',(#12944),#12962,.T.);
#12944 = FACE_BOUND('',#12945,.T.);
#12945 = EDGE_LOOP('',(#12946,#12947,#12948,#12956));
#12946 = ORIENTED_EDGE('',*,*,#12925,.F.);
#12947 = ORIENTED_EDGE('',*,*,#10847,.T.);
#12948 = ORIENTED_EDGE('',*,*,#12949,.T.);
#12949 = EDGE_CURVE('',#10840,#12950,#12952,.T.);
#12950 = VERTEX_POINT('',#12951);
#12951 = CARTESIAN_POINT('',(57.091999053955,-38.53760147094,
    3.200000047684));
#12952 = LINE('',#12953,#12954);
#12953 = CARTESIAN_POINT('',(57.091999053955,-38.53760147094,9.));
#12954 = VECTOR('',#12955,1.);
#12955 = DIRECTION('',(0.,0.,-1.));
#12956 = ORIENTED_EDGE('',*,*,#12957,.F.);
#12957 = EDGE_CURVE('',#12926,#12950,#12958,.T.);
#12958 = LINE('',#12959,#12960);
#12959 = CARTESIAN_POINT('',(57.325901031494,-38.22230148315,
    3.200000047684));
#12960 = VECTOR('',#12961,1.);
#12961 = DIRECTION('',(-0.595797191118,-0.803134924565,0.));
#12962 = PLANE('',#12963);
#12963 = AXIS2_PLACEMENT_3D('',#12964,#12965,#12966);
#12964 = CARTESIAN_POINT('',(57.208950042725,-38.37995147705,
    6.100000023842));
#12965 = DIRECTION('',(0.803134924565,-0.595797191118,0.));
#12966 = DIRECTION('',(0.595797191118,0.803134924565,0.));
#12967 = ADVANCED_FACE('',(#12968),#12986,.T.);
#12968 = FACE_BOUND('',#12969,.T.);
#12969 = EDGE_LOOP('',(#12970,#12971,#12972,#12980));
#12970 = ORIENTED_EDGE('',*,*,#12949,.F.);
#12971 = ORIENTED_EDGE('',*,*,#10839,.F.);
#12972 = ORIENTED_EDGE('',*,*,#12973,.F.);
#12973 = EDGE_CURVE('',#12974,#10832,#12976,.T.);
#12974 = VERTEX_POINT('',#12975);
#12975 = CARTESIAN_POINT('',(56.828399658203,-38.8283996582,
    3.200000047684));
#12976 = LINE('',#12977,#12978);
#12977 = CARTESIAN_POINT('',(56.828399658203,-38.8283996582,
    3.200000047684));
#12978 = VECTOR('',#12979,1.);
#12979 = DIRECTION('',(0.,0.,1.));
#12980 = ORIENTED_EDGE('',*,*,#12981,.F.);
#12981 = EDGE_CURVE('',#12950,#12974,#12982,.T.);
#12982 = LINE('',#12983,#12984);
#12983 = CARTESIAN_POINT('',(57.091999053955,-38.53760147094,
    3.200000047684));
#12984 = VECTOR('',#12985,1.);
#12985 = DIRECTION('',(-0.671608305235,-0.740906393777,0.));
#12986 = PLANE('',#12987);
#12987 = AXIS2_PLACEMENT_3D('',#12988,#12989,#12990);
#12988 = CARTESIAN_POINT('',(56.960199356079,-38.68300056457,
    6.100000023842));
#12989 = DIRECTION('',(0.740906393777,-0.671608305235,0.));
#12990 = DIRECTION('',(0.671608305235,0.740906393777,0.));
#12991 = ADVANCED_FACE('',(#12992),#13010,.T.);
#12992 = FACE_BOUND('',#12993,.T.);
#12993 = EDGE_LOOP('',(#12994,#12995,#13003,#13009));
#12994 = ORIENTED_EDGE('',*,*,#10831,.T.);
#12995 = ORIENTED_EDGE('',*,*,#12996,.T.);
#12996 = EDGE_CURVE('',#10824,#12997,#12999,.T.);
#12997 = VERTEX_POINT('',#12998);
#12998 = CARTESIAN_POINT('',(56.537601470947,-39.09199905395,
    3.200000047684));
#12999 = LINE('',#13000,#13001);
#13000 = CARTESIAN_POINT('',(56.537601470947,-39.09199905395,9.));
#13001 = VECTOR('',#13002,1.);
#13002 = DIRECTION('',(0.,0.,-1.));
#13003 = ORIENTED_EDGE('',*,*,#13004,.F.);
#13004 = EDGE_CURVE('',#12974,#12997,#13005,.T.);
#13005 = LINE('',#13006,#13007);
#13006 = CARTESIAN_POINT('',(56.828399658203,-38.8283996582,
    3.200000047684));
#13007 = VECTOR('',#13008,1.);
#13008 = DIRECTION('',(-0.740906393777,-0.671608305235,0.));
#13009 = ORIENTED_EDGE('',*,*,#12973,.T.);
#13010 = PLANE('',#13011);
#13011 = AXIS2_PLACEMENT_3D('',#13012,#13013,#13014);
#13012 = CARTESIAN_POINT('',(56.683000564575,-38.96019935607,
    6.100000023842));
#13013 = DIRECTION('',(0.671608305235,-0.740906393777,0.));
#13014 = DIRECTION('',(-0.740906393777,-0.671608305235,0.));
#13015 = ADVANCED_FACE('',(#13016),#13034,.T.);
#13016 = FACE_BOUND('',#13017,.T.);
#13017 = EDGE_LOOP('',(#13018,#13019,#13027,#13033));
#13018 = ORIENTED_EDGE('',*,*,#10823,.T.);
#13019 = ORIENTED_EDGE('',*,*,#13020,.T.);
#13020 = EDGE_CURVE('',#10816,#13021,#13023,.T.);
#13021 = VERTEX_POINT('',#13022);
#13022 = CARTESIAN_POINT('',(56.222301483154,-39.32590103149,
    3.200000047684));
#13023 = LINE('',#13024,#13025);
#13024 = CARTESIAN_POINT('',(56.222301483154,-39.32590103149,9.));
#13025 = VECTOR('',#13026,1.);
#13026 = DIRECTION('',(0.,0.,-1.));
#13027 = ORIENTED_EDGE('',*,*,#13028,.F.);
#13028 = EDGE_CURVE('',#12997,#13021,#13029,.T.);
#13029 = LINE('',#13030,#13031);
#13030 = CARTESIAN_POINT('',(56.537601470947,-39.09199905395,
    3.200000047684));
#13031 = VECTOR('',#13032,1.);
#13032 = DIRECTION('',(-0.803134924565,-0.595797191118,0.));
#13033 = ORIENTED_EDGE('',*,*,#12996,.F.);
#13034 = PLANE('',#13035);
#13035 = AXIS2_PLACEMENT_3D('',#13036,#13037,#13038);
#13036 = CARTESIAN_POINT('',(56.379951477051,-39.20895004272,
    6.100000023842));
#13037 = DIRECTION('',(0.595797191118,-0.803134924565,0.));
#13038 = DIRECTION('',(-0.803134924565,-0.595797191118,0.));
#13039 = ADVANCED_FACE('',(#13040),#13058,.T.);
#13040 = FACE_BOUND('',#13041,.T.);
#13041 = EDGE_LOOP('',(#13042,#13043,#13051,#13057));
#13042 = ORIENTED_EDGE('',*,*,#10815,.T.);
#13043 = ORIENTED_EDGE('',*,*,#13044,.F.);
#13044 = EDGE_CURVE('',#13045,#10808,#13047,.T.);
#13045 = VERTEX_POINT('',#13046);
#13046 = CARTESIAN_POINT('',(55.885601043701,-39.52769851684,
    3.200000047684));
#13047 = LINE('',#13048,#13049);
#13048 = CARTESIAN_POINT('',(55.885601043701,-39.52769851684,
    3.200000047684));
#13049 = VECTOR('',#13050,1.);
#13050 = DIRECTION('',(0.,0.,1.));
#13051 = ORIENTED_EDGE('',*,*,#13052,.F.);
#13052 = EDGE_CURVE('',#13021,#13045,#13053,.T.);
#13053 = LINE('',#13054,#13055);
#13054 = CARTESIAN_POINT('',(56.222301483154,-39.32590103149,
    3.200000047684));
#13055 = VECTOR('',#13056,1.);
#13056 = DIRECTION('',(-0.857743203732,-0.514078395239,0.));
#13057 = ORIENTED_EDGE('',*,*,#13020,.F.);
#13058 = PLANE('',#13059);
#13059 = AXIS2_PLACEMENT_3D('',#13060,#13061,#13062);
#13060 = CARTESIAN_POINT('',(56.053951263428,-39.42679977417,
    6.100000023842));
#13061 = DIRECTION('',(0.514078395239,-0.857743203732,0.));
#13062 = DIRECTION('',(-0.857743203732,-0.514078395239,0.));
#13063 = ADVANCED_FACE('',(#13064),#13082,.T.);
#13064 = FACE_BOUND('',#13065,.T.);
#13065 = EDGE_LOOP('',(#13066,#13067,#13075,#13081));
#13066 = ORIENTED_EDGE('',*,*,#10807,.T.);
#13067 = ORIENTED_EDGE('',*,*,#13068,.T.);
#13068 = EDGE_CURVE('',#10800,#13069,#13071,.T.);
#13069 = VERTEX_POINT('',#13070);
#13070 = CARTESIAN_POINT('',(55.530700683594,-39.69549942016,
    3.200000047684));
#13071 = LINE('',#13072,#13073);
#13072 = CARTESIAN_POINT('',(55.530700683594,-39.69549942016,9.));
#13073 = VECTOR('',#13074,1.);
#13074 = DIRECTION('',(0.,0.,-1.));
#13075 = ORIENTED_EDGE('',*,*,#13076,.F.);
#13076 = EDGE_CURVE('',#13045,#13069,#13077,.T.);
#13077 = LINE('',#13078,#13079);
#13078 = CARTESIAN_POINT('',(55.885601043701,-39.52769851684,
    3.200000047684));
#13079 = VECTOR('',#13080,1.);
#13080 = DIRECTION('',(-0.904042910501,-0.427441710615,0.));
#13081 = ORIENTED_EDGE('',*,*,#13044,.T.);
#13082 = PLANE('',#13083);
#13083 = AXIS2_PLACEMENT_3D('',#13084,#13085,#13086);
#13084 = CARTESIAN_POINT('',(55.708150863647,-39.6115989685,
    6.100000023842));
#13085 = DIRECTION('',(0.427441710615,-0.904042910501,0.));
#13086 = DIRECTION('',(-0.904042910501,-0.427441710615,0.));
#13087 = ADVANCED_FACE('',(#13088),#13106,.T.);
#13088 = FACE_BOUND('',#13089,.T.);
#13089 = EDGE_LOOP('',(#13090,#13091,#13099,#13105));
#13090 = ORIENTED_EDGE('',*,*,#10799,.T.);
#13091 = ORIENTED_EDGE('',*,*,#13092,.T.);
#13092 = EDGE_CURVE('',#10792,#13093,#13095,.T.);
#13093 = VERTEX_POINT('',#13094);
#13094 = CARTESIAN_POINT('',(55.161098480225,-39.82780075073,
    3.200000047684));
#13095 = LINE('',#13096,#13097);
#13096 = CARTESIAN_POINT('',(55.161098480225,-39.82780075073,9.));
#13097 = VECTOR('',#13098,1.);
#13098 = DIRECTION('',(0.,0.,-1.));
#13099 = ORIENTED_EDGE('',*,*,#13100,.F.);
#13100 = EDGE_CURVE('',#13069,#13093,#13101,.T.);
#13101 = LINE('',#13102,#13103);
#13102 = CARTESIAN_POINT('',(55.530700683594,-39.69549942016,
    3.200000047684));
#13103 = VECTOR('',#13104,1.);
#13104 = DIRECTION('',(-0.941499174104,-0.33701528921,0.));
#13105 = ORIENTED_EDGE('',*,*,#13068,.F.);
#13106 = PLANE('',#13107);
#13107 = AXIS2_PLACEMENT_3D('',#13108,#13109,#13110);
#13108 = CARTESIAN_POINT('',(55.345899581909,-39.76165008544,
    6.100000023842));
#13109 = DIRECTION('',(0.33701528921,-0.941499174104,0.));
#13110 = DIRECTION('',(-0.941499174104,-0.33701528921,0.));
#13111 = ADVANCED_FACE('',(#13112),#13130,.T.);
#13112 = FACE_BOUND('',#13113,.T.);
#13113 = EDGE_LOOP('',(#13114,#13115,#13123,#13129));
#13114 = ORIENTED_EDGE('',*,*,#10791,.T.);
#13115 = ORIENTED_EDGE('',*,*,#13116,.T.);
#13116 = EDGE_CURVE('',#10784,#13117,#13119,.T.);
#13117 = VERTEX_POINT('',#13118);
#13118 = CARTESIAN_POINT('',(54.78039932251,-39.92309951782,
    3.200000047684));
#13119 = LINE('',#13120,#13121);
#13120 = CARTESIAN_POINT('',(54.78039932251,-39.92309951782,9.));
#13121 = VECTOR('',#13122,1.);
#13122 = DIRECTION('',(0.,0.,-1.));
#13123 = ORIENTED_EDGE('',*,*,#13124,.F.);
#13124 = EDGE_CURVE('',#13093,#13117,#13125,.T.);
#13125 = LINE('',#13126,#13127);
#13126 = CARTESIAN_POINT('',(55.161098480225,-39.82780075073,
    3.200000047684));
#13127 = VECTOR('',#13128,1.);
#13128 = DIRECTION('',(-0.970068122753,-0.242832940967,0.));
#13129 = ORIENTED_EDGE('',*,*,#13092,.F.);
#13130 = PLANE('',#13131);
#13131 = AXIS2_PLACEMENT_3D('',#13132,#13133,#13134);
#13132 = CARTESIAN_POINT('',(54.970748901367,-39.87545013427,
    6.100000023842));
#13133 = DIRECTION('',(0.242832940967,-0.970068122753,0.));
#13134 = DIRECTION('',(-0.970068122753,-0.242832940967,0.));
#13135 = ADVANCED_FACE('',(#13136),#13154,.T.);
#13136 = FACE_BOUND('',#13137,.T.);
#13137 = EDGE_LOOP('',(#13138,#13139,#13147,#13153));
#13138 = ORIENTED_EDGE('',*,*,#10783,.T.);
#13139 = ORIENTED_EDGE('',*,*,#13140,.T.);
#13140 = EDGE_CURVE('',#10776,#13141,#13143,.T.);
#13141 = VERTEX_POINT('',#13142);
#13142 = CARTESIAN_POINT('',(54.392101287842,-39.98070144653,
    3.200000047684));
#13143 = LINE('',#13144,#13145);
#13144 = CARTESIAN_POINT('',(54.392101287842,-39.98070144653,9.));
#13145 = VECTOR('',#13146,1.);
#13146 = DIRECTION('',(0.,0.,-1.));
#13147 = ORIENTED_EDGE('',*,*,#13148,.F.);
#13148 = EDGE_CURVE('',#13117,#13141,#13149,.T.);
#13149 = LINE('',#13150,#13151);
#13150 = CARTESIAN_POINT('',(54.78039932251,-39.92309951782,
    3.200000047684));
#13151 = VECTOR('',#13152,1.);
#13152 = DIRECTION('',(-0.989175268962,-0.146738840371,0.));
#13153 = ORIENTED_EDGE('',*,*,#13116,.F.);
#13154 = PLANE('',#13155);
#13155 = AXIS2_PLACEMENT_3D('',#13156,#13157,#13158);
#13156 = CARTESIAN_POINT('',(54.586250305176,-39.95190048217,
    6.100000023842));
#13157 = DIRECTION('',(0.146738840371,-0.989175268962,0.));
#13158 = DIRECTION('',(-0.989175268962,-0.146738840371,0.));
#13159 = ADVANCED_FACE('',(#13160),#13178,.T.);
#13160 = FACE_BOUND('',#13161,.T.);
#13161 = EDGE_LOOP('',(#13162,#13163,#13171,#13177));
#13162 = ORIENTED_EDGE('',*,*,#10775,.T.);
#13163 = ORIENTED_EDGE('',*,*,#13164,.T.);
#13164 = EDGE_CURVE('',#10768,#13165,#13167,.T.);
#13165 = VERTEX_POINT('',#13166);
#13166 = CARTESIAN_POINT('',(54.,-40.,3.200000047684));
#13167 = LINE('',#13168,#13169);
#13168 = CARTESIAN_POINT('',(54.,-40.,9.));
#13169 = VECTOR('',#13170,1.);
#13170 = DIRECTION('',(0.,0.,-1.));
#13171 = ORIENTED_EDGE('',*,*,#13172,.F.);
#13172 = EDGE_CURVE('',#13141,#13165,#13173,.T.);
#13173 = LINE('',#13174,#13175);
#13174 = CARTESIAN_POINT('',(54.392101287842,-39.98070144653,
    3.200000047684));
#13175 = VECTOR('',#13176,1.);
#13176 = DIRECTION('',(-0.998790976291,-4.915878028406E-02,0.));
#13177 = ORIENTED_EDGE('',*,*,#13140,.F.);
#13178 = PLANE('',#13179);
#13179 = AXIS2_PLACEMENT_3D('',#13180,#13181,#13182);
#13180 = CARTESIAN_POINT('',(54.196050643921,-39.99035072326,
    6.100000023842));
#13181 = DIRECTION('',(4.915878028406E-02,-0.998790976291,0.));
#13182 = DIRECTION('',(-0.998790976291,-4.915878028406E-02,0.));
#13183 = ADVANCED_FACE('',(#13184),#13202,.T.);
#13184 = FACE_BOUND('',#13185,.T.);
#13185 = EDGE_LOOP('',(#13186,#13187,#13195,#13201));
#13186 = ORIENTED_EDGE('',*,*,#10767,.F.);
#13187 = ORIENTED_EDGE('',*,*,#13188,.F.);
#13188 = EDGE_CURVE('',#13189,#10760,#13191,.T.);
#13189 = VERTEX_POINT('',#13190);
#13190 = CARTESIAN_POINT('',(53.607898712158,-39.98070144653,
    3.200000047684));
#13191 = LINE('',#13192,#13193);
#13192 = CARTESIAN_POINT('',(53.607898712158,-39.98070144653,
    3.200000047684));
#13193 = VECTOR('',#13194,1.);
#13194 = DIRECTION('',(0.,0.,1.));
#13195 = ORIENTED_EDGE('',*,*,#13196,.F.);
#13196 = EDGE_CURVE('',#13165,#13189,#13197,.T.);
#13197 = LINE('',#13198,#13199);
#13198 = CARTESIAN_POINT('',(54.,-40.,3.200000047684));
#13199 = VECTOR('',#13200,1.);
#13200 = DIRECTION('',(-0.998790976291,4.915878028406E-02,0.));
#13201 = ORIENTED_EDGE('',*,*,#13164,.F.);
#13202 = PLANE('',#13203);
#13203 = AXIS2_PLACEMENT_3D('',#13204,#13205,#13206);
#13204 = CARTESIAN_POINT('',(53.803949356079,-39.99035072326,
    6.100000023842));
#13205 = DIRECTION('',(-4.915878028406E-02,-0.998790976291,-0.));
#13206 = DIRECTION('',(-0.998790976291,4.915878028406E-02,0.));
#13207 = ADVANCED_FACE('',(#13208),#13226,.T.);
#13208 = FACE_BOUND('',#13209,.T.);
#13209 = EDGE_LOOP('',(#13210,#13211,#13219,#13225));
#13210 = ORIENTED_EDGE('',*,*,#10759,.T.);
#13211 = ORIENTED_EDGE('',*,*,#13212,.T.);
#13212 = EDGE_CURVE('',#10752,#13213,#13215,.T.);
#13213 = VERTEX_POINT('',#13214);
#13214 = CARTESIAN_POINT('',(53.21960067749,-39.92309951782,
    3.200000047684));
#13215 = LINE('',#13216,#13217);
#13216 = CARTESIAN_POINT('',(53.21960067749,-39.92309951782,9.));
#13217 = VECTOR('',#13218,1.);
#13218 = DIRECTION('',(0.,0.,-1.));
#13219 = ORIENTED_EDGE('',*,*,#13220,.F.);
#13220 = EDGE_CURVE('',#13189,#13213,#13221,.T.);
#13221 = LINE('',#13222,#13223);
#13222 = CARTESIAN_POINT('',(53.607898712158,-39.98070144653,
    3.200000047684));
#13223 = VECTOR('',#13224,1.);
#13224 = DIRECTION('',(-0.989175268962,0.146738840371,0.));
#13225 = ORIENTED_EDGE('',*,*,#13188,.T.);
#13226 = PLANE('',#13227);
#13227 = AXIS2_PLACEMENT_3D('',#13228,#13229,#13230);
#13228 = CARTESIAN_POINT('',(53.413749694824,-39.95190048217,
    6.100000023842));
#13229 = DIRECTION('',(-0.146738840371,-0.989175268962,-0.));
#13230 = DIRECTION('',(-0.989175268962,0.146738840371,0.));
#13231 = ADVANCED_FACE('',(#13232),#13250,.T.);
#13232 = FACE_BOUND('',#13233,.T.);
#13233 = EDGE_LOOP('',(#13234,#13235,#13243,#13249));
#13234 = ORIENTED_EDGE('',*,*,#10751,.T.);
#13235 = ORIENTED_EDGE('',*,*,#13236,.T.);
#13236 = EDGE_CURVE('',#10744,#13237,#13239,.T.);
#13237 = VERTEX_POINT('',#13238);
#13238 = CARTESIAN_POINT('',(52.838901519775,-39.82780075073,
    3.200000047684));
#13239 = LINE('',#13240,#13241);
#13240 = CARTESIAN_POINT('',(52.838901519775,-39.82780075073,9.));
#13241 = VECTOR('',#13242,1.);
#13242 = DIRECTION('',(0.,0.,-1.));
#13243 = ORIENTED_EDGE('',*,*,#13244,.F.);
#13244 = EDGE_CURVE('',#13213,#13237,#13245,.T.);
#13245 = LINE('',#13246,#13247);
#13246 = CARTESIAN_POINT('',(53.21960067749,-39.92309951782,
    3.200000047684));
#13247 = VECTOR('',#13248,1.);
#13248 = DIRECTION('',(-0.970068122753,0.242832940967,0.));
#13249 = ORIENTED_EDGE('',*,*,#13212,.F.);
#13250 = PLANE('',#13251);
#13251 = AXIS2_PLACEMENT_3D('',#13252,#13253,#13254);
#13252 = CARTESIAN_POINT('',(53.029251098633,-39.87545013427,
    6.100000023842));
#13253 = DIRECTION('',(-0.242832940967,-0.970068122753,-0.));
#13254 = DIRECTION('',(-0.970068122753,0.242832940967,0.));
#13255 = ADVANCED_FACE('',(#13256),#13274,.T.);
#13256 = FACE_BOUND('',#13257,.T.);
#13257 = EDGE_LOOP('',(#13258,#13259,#13267,#13273));
#13258 = ORIENTED_EDGE('',*,*,#10743,.T.);
#13259 = ORIENTED_EDGE('',*,*,#13260,.T.);
#13260 = EDGE_CURVE('',#10736,#13261,#13263,.T.);
#13261 = VERTEX_POINT('',#13262);
#13262 = CARTESIAN_POINT('',(52.469299316406,-39.69549942016,
    3.200000047684));
#13263 = LINE('',#13264,#13265);
#13264 = CARTESIAN_POINT('',(52.469299316406,-39.69549942016,9.));
#13265 = VECTOR('',#13266,1.);
#13266 = DIRECTION('',(0.,0.,-1.));
#13267 = ORIENTED_EDGE('',*,*,#13268,.F.);
#13268 = EDGE_CURVE('',#13237,#13261,#13269,.T.);
#13269 = LINE('',#13270,#13271);
#13270 = CARTESIAN_POINT('',(52.838901519775,-39.82780075073,
    3.200000047684));
#13271 = VECTOR('',#13272,1.);
#13272 = DIRECTION('',(-0.941499174104,0.33701528921,0.));
#13273 = ORIENTED_EDGE('',*,*,#13236,.F.);
#13274 = PLANE('',#13275);
#13275 = AXIS2_PLACEMENT_3D('',#13276,#13277,#13278);
#13276 = CARTESIAN_POINT('',(52.654100418091,-39.76165008544,
    6.100000023842));
#13277 = DIRECTION('',(-0.33701528921,-0.941499174104,-0.));
#13278 = DIRECTION('',(-0.941499174104,0.33701528921,0.));
#13279 = ADVANCED_FACE('',(#13280),#13298,.T.);
#13280 = FACE_BOUND('',#13281,.T.);
#13281 = EDGE_LOOP('',(#13282,#13283,#13291,#13297));
#13282 = ORIENTED_EDGE('',*,*,#10735,.F.);
#13283 = ORIENTED_EDGE('',*,*,#13284,.F.);
#13284 = EDGE_CURVE('',#13285,#10728,#13287,.T.);
#13285 = VERTEX_POINT('',#13286);
#13286 = CARTESIAN_POINT('',(52.114398956299,-39.52769851684,
    3.200000047684));
#13287 = LINE('',#13288,#13289);
#13288 = CARTESIAN_POINT('',(52.114398956299,-39.52769851684,
    3.200000047684));
#13289 = VECTOR('',#13290,1.);
#13290 = DIRECTION('',(0.,0.,1.));
#13291 = ORIENTED_EDGE('',*,*,#13292,.F.);
#13292 = EDGE_CURVE('',#13261,#13285,#13293,.T.);
#13293 = LINE('',#13294,#13295);
#13294 = CARTESIAN_POINT('',(52.469299316406,-39.69549942016,
    3.200000047684));
#13295 = VECTOR('',#13296,1.);
#13296 = DIRECTION('',(-0.904042910501,0.427441710615,0.));
#13297 = ORIENTED_EDGE('',*,*,#13260,.F.);
#13298 = PLANE('',#13299);
#13299 = AXIS2_PLACEMENT_3D('',#13300,#13301,#13302);
#13300 = CARTESIAN_POINT('',(52.291849136353,-39.6115989685,
    6.100000023842));
#13301 = DIRECTION('',(-0.427441710615,-0.904042910501,-0.));
#13302 = DIRECTION('',(-0.904042910501,0.427441710615,0.));
#13303 = ADVANCED_FACE('',(#13304),#13322,.T.);
#13304 = FACE_BOUND('',#13305,.T.);
#13305 = EDGE_LOOP('',(#13306,#13307,#13315,#13321));
#13306 = ORIENTED_EDGE('',*,*,#10727,.T.);
#13307 = ORIENTED_EDGE('',*,*,#13308,.T.);
#13308 = EDGE_CURVE('',#10720,#13309,#13311,.T.);
#13309 = VERTEX_POINT('',#13310);
#13310 = CARTESIAN_POINT('',(51.777698516846,-39.32590103149,
    3.200000047684));
#13311 = LINE('',#13312,#13313);
#13312 = CARTESIAN_POINT('',(51.777698516846,-39.32590103149,9.));
#13313 = VECTOR('',#13314,1.);
#13314 = DIRECTION('',(0.,0.,-1.));
#13315 = ORIENTED_EDGE('',*,*,#13316,.F.);
#13316 = EDGE_CURVE('',#13285,#13309,#13317,.T.);
#13317 = LINE('',#13318,#13319);
#13318 = CARTESIAN_POINT('',(52.114398956299,-39.52769851684,
    3.200000047684));
#13319 = VECTOR('',#13320,1.);
#13320 = DIRECTION('',(-0.857743203732,0.514078395239,0.));
#13321 = ORIENTED_EDGE('',*,*,#13284,.T.);
#13322 = PLANE('',#13323);
#13323 = AXIS2_PLACEMENT_3D('',#13324,#13325,#13326);
#13324 = CARTESIAN_POINT('',(51.946048736572,-39.42679977417,
    6.100000023842));
#13325 = DIRECTION('',(-0.514078395239,-0.857743203732,-0.));
#13326 = DIRECTION('',(-0.857743203732,0.514078395239,0.));
#13327 = ADVANCED_FACE('',(#13328),#13346,.T.);
#13328 = FACE_BOUND('',#13329,.T.);
#13329 = EDGE_LOOP('',(#13330,#13331,#13339,#13345));
#13330 = ORIENTED_EDGE('',*,*,#10719,.T.);
#13331 = ORIENTED_EDGE('',*,*,#13332,.F.);
#13332 = EDGE_CURVE('',#13333,#10712,#13335,.T.);
#13333 = VERTEX_POINT('',#13334);
#13334 = CARTESIAN_POINT('',(51.462398529053,-39.09199905395,
    3.200000047684));
#13335 = LINE('',#13336,#13337);
#13336 = CARTESIAN_POINT('',(51.462398529053,-39.09199905395,
    3.200000047684));
#13337 = VECTOR('',#13338,1.);
#13338 = DIRECTION('',(0.,0.,1.));
#13339 = ORIENTED_EDGE('',*,*,#13340,.F.);
#13340 = EDGE_CURVE('',#13309,#13333,#13341,.T.);
#13341 = LINE('',#13342,#13343);
#13342 = CARTESIAN_POINT('',(51.777698516846,-39.32590103149,
    3.200000047684));
#13343 = VECTOR('',#13344,1.);
#13344 = DIRECTION('',(-0.803134924565,0.595797191118,0.));
#13345 = ORIENTED_EDGE('',*,*,#13308,.F.);
#13346 = PLANE('',#13347);
#13347 = AXIS2_PLACEMENT_3D('',#13348,#13349,#13350);
#13348 = CARTESIAN_POINT('',(51.620048522949,-39.20895004272,
    6.100000023842));
#13349 = DIRECTION('',(-0.595797191118,-0.803134924565,-0.));
#13350 = DIRECTION('',(-0.803134924565,0.595797191118,0.));
#13351 = ADVANCED_FACE('',(#13352),#13370,.T.);
#13352 = FACE_BOUND('',#13353,.T.);
#13353 = EDGE_LOOP('',(#13354,#13355,#13363,#13369));
#13354 = ORIENTED_EDGE('',*,*,#10711,.T.);
#13355 = ORIENTED_EDGE('',*,*,#13356,.T.);
#13356 = EDGE_CURVE('',#10704,#13357,#13359,.T.);
#13357 = VERTEX_POINT('',#13358);
#13358 = CARTESIAN_POINT('',(51.171600341797,-38.8283996582,
    3.200000047684));
#13359 = LINE('',#13360,#13361);
#13360 = CARTESIAN_POINT('',(51.171600341797,-38.8283996582,9.));
#13361 = VECTOR('',#13362,1.);
#13362 = DIRECTION('',(0.,0.,-1.));
#13363 = ORIENTED_EDGE('',*,*,#13364,.F.);
#13364 = EDGE_CURVE('',#13333,#13357,#13365,.T.);
#13365 = LINE('',#13366,#13367);
#13366 = CARTESIAN_POINT('',(51.462398529053,-39.09199905395,
    3.200000047684));
#13367 = VECTOR('',#13368,1.);
#13368 = DIRECTION('',(-0.740906393777,0.671608305235,0.));
#13369 = ORIENTED_EDGE('',*,*,#13332,.T.);
#13370 = PLANE('',#13371);
#13371 = AXIS2_PLACEMENT_3D('',#13372,#13373,#13374);
#13372 = CARTESIAN_POINT('',(51.316999435425,-38.96019935607,
    6.100000023842));
#13373 = DIRECTION('',(-0.671608305235,-0.740906393777,-0.));
#13374 = DIRECTION('',(-0.740906393777,0.671608305235,0.));
#13375 = ADVANCED_FACE('',(#13376),#13394,.T.);
#13376 = FACE_BOUND('',#13377,.T.);
#13377 = EDGE_LOOP('',(#13378,#13386,#13392,#13393));
#13378 = ORIENTED_EDGE('',*,*,#13379,.F.);
#13379 = EDGE_CURVE('',#13380,#10696,#13382,.T.);
#13380 = VERTEX_POINT('',#13381);
#13381 = CARTESIAN_POINT('',(50.908000946045,-38.53760147094,
    3.200000047684));
#13382 = LINE('',#13383,#13384);
#13383 = CARTESIAN_POINT('',(50.908000946045,-38.53760147094,
    3.200000047684));
#13384 = VECTOR('',#13385,1.);
#13385 = DIRECTION('',(0.,0.,1.));
#13386 = ORIENTED_EDGE('',*,*,#13387,.F.);
#13387 = EDGE_CURVE('',#13357,#13380,#13388,.T.);
#13388 = LINE('',#13389,#13390);
#13389 = CARTESIAN_POINT('',(51.171600341797,-38.8283996582,
    3.200000047684));
#13390 = VECTOR('',#13391,1.);
#13391 = DIRECTION('',(-0.671608305235,0.740906393777,0.));
#13392 = ORIENTED_EDGE('',*,*,#13356,.F.);
#13393 = ORIENTED_EDGE('',*,*,#10703,.T.);
#13394 = PLANE('',#13395);
#13395 = AXIS2_PLACEMENT_3D('',#13396,#13397,#13398);
#13396 = CARTESIAN_POINT('',(51.039800643921,-38.68300056457,
    6.100000023842));
#13397 = DIRECTION('',(-0.740906393777,-0.671608305235,-0.));
#13398 = DIRECTION('',(0.671608305235,-0.740906393777,0.));
#13399 = ADVANCED_FACE('',(#13400),#13418,.T.);
#13400 = FACE_BOUND('',#13401,.T.);
#13401 = EDGE_LOOP('',(#13402,#13410,#13416,#13417));
#13402 = ORIENTED_EDGE('',*,*,#13403,.T.);
#13403 = EDGE_CURVE('',#10688,#13404,#13406,.T.);
#13404 = VERTEX_POINT('',#13405);
#13405 = CARTESIAN_POINT('',(50.674098968506,-38.22230148315,
    3.200000047684));
#13406 = LINE('',#13407,#13408);
#13407 = CARTESIAN_POINT('',(50.674098968506,-38.22230148315,9.));
#13408 = VECTOR('',#13409,1.);
#13409 = DIRECTION('',(0.,0.,-1.));
#13410 = ORIENTED_EDGE('',*,*,#13411,.F.);
#13411 = EDGE_CURVE('',#13380,#13404,#13412,.T.);
#13412 = LINE('',#13413,#13414);
#13413 = CARTESIAN_POINT('',(50.908000946045,-38.53760147094,
    3.200000047684));
#13414 = VECTOR('',#13415,1.);
#13415 = DIRECTION('',(-0.595797191118,0.803134924565,0.));
#13416 = ORIENTED_EDGE('',*,*,#13379,.T.);
#13417 = ORIENTED_EDGE('',*,*,#10695,.T.);
#13418 = PLANE('',#13419);
#13419 = AXIS2_PLACEMENT_3D('',#13420,#13421,#13422);
#13420 = CARTESIAN_POINT('',(50.791049957275,-38.37995147705,
    6.100000023842));
#13421 = DIRECTION('',(-0.803134924565,-0.595797191118,-0.));
#13422 = DIRECTION('',(0.595797191118,-0.803134924565,0.));
#13423 = ADVANCED_FACE('',(#13424),#13442,.T.);
#13424 = FACE_BOUND('',#13425,.T.);
#13425 = EDGE_LOOP('',(#13426,#13434,#13440,#13441));
#13426 = ORIENTED_EDGE('',*,*,#13427,.F.);
#13427 = EDGE_CURVE('',#13428,#10680,#13430,.T.);
#13428 = VERTEX_POINT('',#13429);
#13429 = CARTESIAN_POINT('',(50.472301483154,-37.8856010437,
    3.200000047684));
#13430 = LINE('',#13431,#13432);
#13431 = CARTESIAN_POINT('',(50.472301483154,-37.8856010437,
    3.200000047684));
#13432 = VECTOR('',#13433,1.);
#13433 = DIRECTION('',(0.,0.,1.));
#13434 = ORIENTED_EDGE('',*,*,#13435,.F.);
#13435 = EDGE_CURVE('',#13404,#13428,#13436,.T.);
#13436 = LINE('',#13437,#13438);
#13437 = CARTESIAN_POINT('',(50.674098968506,-38.22230148315,
    3.200000047684));
#13438 = VECTOR('',#13439,1.);
#13439 = DIRECTION('',(-0.514078395239,0.857743203732,0.));
#13440 = ORIENTED_EDGE('',*,*,#13403,.F.);
#13441 = ORIENTED_EDGE('',*,*,#10687,.T.);
#13442 = PLANE('',#13443);
#13443 = AXIS2_PLACEMENT_3D('',#13444,#13445,#13446);
#13444 = CARTESIAN_POINT('',(50.57320022583,-38.05395126342,
    6.100000023842));
#13445 = DIRECTION('',(-0.857743203732,-0.514078395239,-0.));
#13446 = DIRECTION('',(0.514078395239,-0.857743203732,0.));
#13447 = ADVANCED_FACE('',(#13448),#13466,.T.);
#13448 = FACE_BOUND('',#13449,.T.);
#13449 = EDGE_LOOP('',(#13450,#13458,#13464,#13465));
#13450 = ORIENTED_EDGE('',*,*,#13451,.F.);
#13451 = EDGE_CURVE('',#13452,#10672,#13454,.T.);
#13452 = VERTEX_POINT('',#13453);
#13453 = CARTESIAN_POINT('',(50.304500579834,-37.53070068359,
    3.200000047684));
#13454 = LINE('',#13455,#13456);
#13455 = CARTESIAN_POINT('',(50.304500579834,-37.53070068359,
    3.200000047684));
#13456 = VECTOR('',#13457,1.);
#13457 = DIRECTION('',(0.,0.,1.));
#13458 = ORIENTED_EDGE('',*,*,#13459,.F.);
#13459 = EDGE_CURVE('',#13428,#13452,#13460,.T.);
#13460 = LINE('',#13461,#13462);
#13461 = CARTESIAN_POINT('',(50.472301483154,-37.8856010437,
    3.200000047684));
#13462 = VECTOR('',#13463,1.);
#13463 = DIRECTION('',(-0.427441710615,0.904042910501,0.));
#13464 = ORIENTED_EDGE('',*,*,#13427,.T.);
#13465 = ORIENTED_EDGE('',*,*,#10679,.T.);
#13466 = PLANE('',#13467);
#13467 = AXIS2_PLACEMENT_3D('',#13468,#13469,#13470);
#13468 = CARTESIAN_POINT('',(50.388401031494,-37.70815086364,
    6.100000023842));
#13469 = DIRECTION('',(-0.904042910501,-0.427441710615,-0.));
#13470 = DIRECTION('',(0.427441710615,-0.904042910501,0.));
#13471 = ADVANCED_FACE('',(#13472),#13490,.T.);
#13472 = FACE_BOUND('',#13473,.T.);
#13473 = EDGE_LOOP('',(#13474,#13482,#13488,#13489));
#13474 = ORIENTED_EDGE('',*,*,#13475,.F.);
#13475 = EDGE_CURVE('',#13476,#10664,#13478,.T.);
#13476 = VERTEX_POINT('',#13477);
#13477 = CARTESIAN_POINT('',(50.172199249268,-37.16109848022,
    3.200000047684));
#13478 = LINE('',#13479,#13480);
#13479 = CARTESIAN_POINT('',(50.172199249268,-37.16109848022,
    3.200000047684));
#13480 = VECTOR('',#13481,1.);
#13481 = DIRECTION('',(0.,0.,1.));
#13482 = ORIENTED_EDGE('',*,*,#13483,.F.);
#13483 = EDGE_CURVE('',#13452,#13476,#13484,.T.);
#13484 = LINE('',#13485,#13486);
#13485 = CARTESIAN_POINT('',(50.304500579834,-37.53070068359,
    3.200000047684));
#13486 = VECTOR('',#13487,1.);
#13487 = DIRECTION('',(-0.33701528921,0.941499174104,0.));
#13488 = ORIENTED_EDGE('',*,*,#13451,.T.);
#13489 = ORIENTED_EDGE('',*,*,#10671,.T.);
#13490 = PLANE('',#13491);
#13491 = AXIS2_PLACEMENT_3D('',#13492,#13493,#13494);
#13492 = CARTESIAN_POINT('',(50.238349914551,-37.3458995819,
    6.100000023842));
#13493 = DIRECTION('',(-0.941499174104,-0.33701528921,-0.));
#13494 = DIRECTION('',(0.33701528921,-0.941499174104,0.));
#13495 = ADVANCED_FACE('',(#13496),#13514,.T.);
#13496 = FACE_BOUND('',#13497,.T.);
#13497 = EDGE_LOOP('',(#13498,#13506,#13512,#13513));
#13498 = ORIENTED_EDGE('',*,*,#13499,.F.);
#13499 = EDGE_CURVE('',#13500,#10654,#13502,.T.);
#13500 = VERTEX_POINT('',#13501);
#13501 = CARTESIAN_POINT('',(50.076900482178,-36.78039932251,
    3.200000047684));
#13502 = LINE('',#13503,#13504);
#13503 = CARTESIAN_POINT('',(50.076900482178,-36.78039932251,
    3.200000047684));
#13504 = VECTOR('',#13505,1.);
#13505 = DIRECTION('',(0.,0.,1.));
#13506 = ORIENTED_EDGE('',*,*,#13507,.F.);
#13507 = EDGE_CURVE('',#13476,#13500,#13508,.T.);
#13508 = LINE('',#13509,#13510);
#13509 = CARTESIAN_POINT('',(50.172199249268,-37.16109848022,
    3.200000047684));
#13510 = VECTOR('',#13511,1.);
#13511 = DIRECTION('',(-0.242832940967,0.970068122753,0.));
#13512 = ORIENTED_EDGE('',*,*,#13475,.T.);
#13513 = ORIENTED_EDGE('',*,*,#10663,.T.);
#13514 = PLANE('',#13515);
#13515 = AXIS2_PLACEMENT_3D('',#13516,#13517,#13518);
#13516 = CARTESIAN_POINT('',(50.124549865723,-36.97074890136,
    6.100000023842));
#13517 = DIRECTION('',(-0.970068122753,-0.242832940967,-0.));
#13518 = DIRECTION('',(0.242832940967,-0.970068122753,0.));
#13519 = ADVANCED_FACE('',(#13520),#13538,.T.);
#13520 = FACE_BOUND('',#13521,.T.);
#13521 = EDGE_LOOP('',(#13522,#13530,#13536,#13537));
#13522 = ORIENTED_EDGE('',*,*,#13523,.T.);
#13523 = EDGE_CURVE('',#10656,#13524,#13526,.T.);
#13524 = VERTEX_POINT('',#13525);
#13525 = CARTESIAN_POINT('',(50.019298553467,-36.39210128784,
    3.200000047684));
#13526 = LINE('',#13527,#13528);
#13527 = CARTESIAN_POINT('',(50.019298553467,-36.39210128784,9.));
#13528 = VECTOR('',#13529,1.);
#13529 = DIRECTION('',(0.,0.,-1.));
#13530 = ORIENTED_EDGE('',*,*,#13531,.F.);
#13531 = EDGE_CURVE('',#13500,#13524,#13532,.T.);
#13532 = LINE('',#13533,#13534);
#13533 = CARTESIAN_POINT('',(50.076900482178,-36.78039932251,
    3.200000047684));
#13534 = VECTOR('',#13535,1.);
#13535 = DIRECTION('',(-0.146738840371,0.989175268962,0.));
#13536 = ORIENTED_EDGE('',*,*,#13499,.T.);
#13537 = ORIENTED_EDGE('',*,*,#10653,.T.);
#13538 = PLANE('',#13539);
#13539 = AXIS2_PLACEMENT_3D('',#13540,#13541,#13542);
#13540 = CARTESIAN_POINT('',(50.048099517822,-36.58625030517,
    6.100000023842));
#13541 = DIRECTION('',(-0.989175268962,-0.146738840371,-0.));
#13542 = DIRECTION('',(0.146738840371,-0.989175268962,0.));
#13543 = ADVANCED_FACE('',(#13544),#13562,.T.);
#13544 = FACE_BOUND('',#13545,.T.);
#13545 = EDGE_LOOP('',(#13546,#13554,#13560,#13561));
#13546 = ORIENTED_EDGE('',*,*,#13547,.F.);
#13547 = EDGE_CURVE('',#13548,#11152,#13550,.T.);
#13548 = VERTEX_POINT('',#13549);
#13549 = CARTESIAN_POINT('',(50.,-36.,3.200000047684));
#13550 = LINE('',#13551,#13552);
#13551 = CARTESIAN_POINT('',(50.,-36.,3.200000047684));
#13552 = VECTOR('',#13553,1.);
#13553 = DIRECTION('',(0.,0.,1.));
#13554 = ORIENTED_EDGE('',*,*,#13555,.F.);
#13555 = EDGE_CURVE('',#13524,#13548,#13556,.T.);
#13556 = LINE('',#13557,#13558);
#13557 = CARTESIAN_POINT('',(50.019298553467,-36.39210128784,
    3.200000047684));
#13558 = VECTOR('',#13559,1.);
#13559 = DIRECTION('',(-4.915878028406E-02,0.998790976291,0.));
#13560 = ORIENTED_EDGE('',*,*,#13523,.F.);
#13561 = ORIENTED_EDGE('',*,*,#11159,.F.);
#13562 = PLANE('',#13563);
#13563 = AXIS2_PLACEMENT_3D('',#13564,#13565,#13566);
#13564 = CARTESIAN_POINT('',(50.009649276733,-36.19605064392,
    6.100000023842));
#13565 = DIRECTION('',(-0.998790976291,-4.915878028406E-02,-0.));
#13566 = DIRECTION('',(4.915878028406E-02,-0.998790976291,0.));
#13567 = ADVANCED_FACE('',(#13568),#13586,.T.);
#13568 = FACE_BOUND('',#13569,.T.);
#13569 = EDGE_LOOP('',(#13570,#13578,#13584,#13585));
#13570 = ORIENTED_EDGE('',*,*,#13571,.F.);
#13571 = EDGE_CURVE('',#13572,#11144,#13574,.T.);
#13572 = VERTEX_POINT('',#13573);
#13573 = CARTESIAN_POINT('',(50.019298553467,-35.60789871215,
    3.200000047684));
#13574 = LINE('',#13575,#13576);
#13575 = CARTESIAN_POINT('',(50.019298553467,-35.60789871215,
    3.200000047684));
#13576 = VECTOR('',#13577,1.);
#13577 = DIRECTION('',(0.,0.,1.));
#13578 = ORIENTED_EDGE('',*,*,#13579,.F.);
#13579 = EDGE_CURVE('',#13548,#13572,#13580,.T.);
#13580 = LINE('',#13581,#13582);
#13581 = CARTESIAN_POINT('',(50.,-36.,3.200000047684));
#13582 = VECTOR('',#13583,1.);
#13583 = DIRECTION('',(4.915878028406E-02,0.998790976291,0.));
#13584 = ORIENTED_EDGE('',*,*,#13547,.T.);
#13585 = ORIENTED_EDGE('',*,*,#11151,.F.);
#13586 = PLANE('',#13587);
#13587 = AXIS2_PLACEMENT_3D('',#13588,#13589,#13590);
#13588 = CARTESIAN_POINT('',(50.009649276733,-35.80394935607,
    6.100000023842));
#13589 = DIRECTION('',(-0.998790976291,4.915878028406E-02,0.));
#13590 = DIRECTION('',(-4.915878028406E-02,-0.998790976291,0.));
#13591 = ADVANCED_FACE('',(#13592),#13610,.T.);
#13592 = FACE_BOUND('',#13593,.T.);
#13593 = EDGE_LOOP('',(#13594,#13602,#13608,#13609));
#13594 = ORIENTED_EDGE('',*,*,#13595,.T.);
#13595 = EDGE_CURVE('',#11136,#13596,#13598,.T.);
#13596 = VERTEX_POINT('',#13597);
#13597 = CARTESIAN_POINT('',(50.076900482178,-35.21960067749,
    3.200000047684));
#13598 = LINE('',#13599,#13600);
#13599 = CARTESIAN_POINT('',(50.076900482178,-35.21960067749,9.));
#13600 = VECTOR('',#13601,1.);
#13601 = DIRECTION('',(0.,0.,-1.));
#13602 = ORIENTED_EDGE('',*,*,#13603,.F.);
#13603 = EDGE_CURVE('',#13572,#13596,#13604,.T.);
#13604 = LINE('',#13605,#13606);
#13605 = CARTESIAN_POINT('',(50.019298553467,-35.60789871215,
    3.200000047684));
#13606 = VECTOR('',#13607,1.);
#13607 = DIRECTION('',(0.146738840371,0.989175268962,0.));
#13608 = ORIENTED_EDGE('',*,*,#13571,.T.);
#13609 = ORIENTED_EDGE('',*,*,#11143,.T.);
#13610 = PLANE('',#13611);
#13611 = AXIS2_PLACEMENT_3D('',#13612,#13613,#13614);
#13612 = CARTESIAN_POINT('',(50.048099517822,-35.41374969482,
    6.100000023842));
#13613 = DIRECTION('',(-0.989175268962,0.146738840371,0.));
#13614 = DIRECTION('',(-0.146738840371,-0.989175268962,0.));
#13615 = ADVANCED_FACE('',(#13616),#13634,.T.);
#13616 = FACE_BOUND('',#13617,.T.);
#13617 = EDGE_LOOP('',(#13618,#13626,#13632,#13633));
#13618 = ORIENTED_EDGE('',*,*,#13619,.F.);
#13619 = EDGE_CURVE('',#13620,#11128,#13622,.T.);
#13620 = VERTEX_POINT('',#13621);
#13621 = CARTESIAN_POINT('',(50.172199249268,-34.83890151977,
    3.200000047684));
#13622 = LINE('',#13623,#13624);
#13623 = CARTESIAN_POINT('',(50.172199249268,-34.83890151977,
    3.200000047684));
#13624 = VECTOR('',#13625,1.);
#13625 = DIRECTION('',(0.,0.,1.));
#13626 = ORIENTED_EDGE('',*,*,#13627,.F.);
#13627 = EDGE_CURVE('',#13596,#13620,#13628,.T.);
#13628 = LINE('',#13629,#13630);
#13629 = CARTESIAN_POINT('',(50.076900482178,-35.21960067749,
    3.200000047684));
#13630 = VECTOR('',#13631,1.);
#13631 = DIRECTION('',(0.242832940967,0.970068122753,0.));
#13632 = ORIENTED_EDGE('',*,*,#13595,.F.);
#13633 = ORIENTED_EDGE('',*,*,#11135,.T.);
#13634 = PLANE('',#13635);
#13635 = AXIS2_PLACEMENT_3D('',#13636,#13637,#13638);
#13636 = CARTESIAN_POINT('',(50.124549865723,-35.02925109863,
    6.100000023842));
#13637 = DIRECTION('',(-0.970068122753,0.242832940967,0.));
#13638 = DIRECTION('',(-0.242832940967,-0.970068122753,0.));
#13639 = ADVANCED_FACE('',(#13640),#13658,.T.);
#13640 = FACE_BOUND('',#13641,.T.);
#13641 = EDGE_LOOP('',(#13642,#13650,#13656,#13657));
#13642 = ORIENTED_EDGE('',*,*,#13643,.T.);
#13643 = EDGE_CURVE('',#11120,#13644,#13646,.T.);
#13644 = VERTEX_POINT('',#13645);
#13645 = CARTESIAN_POINT('',(50.304500579834,-34.4692993164,
    3.200000047684));
#13646 = LINE('',#13647,#13648);
#13647 = CARTESIAN_POINT('',(50.304500579834,-34.4692993164,9.));
#13648 = VECTOR('',#13649,1.);
#13649 = DIRECTION('',(0.,0.,-1.));
#13650 = ORIENTED_EDGE('',*,*,#13651,.F.);
#13651 = EDGE_CURVE('',#13620,#13644,#13652,.T.);
#13652 = LINE('',#13653,#13654);
#13653 = CARTESIAN_POINT('',(50.172199249268,-34.83890151977,
    3.200000047684));
#13654 = VECTOR('',#13655,1.);
#13655 = DIRECTION('',(0.33701528921,0.941499174104,0.));
#13656 = ORIENTED_EDGE('',*,*,#13619,.T.);
#13657 = ORIENTED_EDGE('',*,*,#11127,.T.);
#13658 = PLANE('',#13659);
#13659 = AXIS2_PLACEMENT_3D('',#13660,#13661,#13662);
#13660 = CARTESIAN_POINT('',(50.238349914551,-34.65410041809,
    6.100000023842));
#13661 = DIRECTION('',(-0.941499174104,0.33701528921,0.));
#13662 = DIRECTION('',(-0.33701528921,-0.941499174104,0.));
#13663 = ADVANCED_FACE('',(#13664),#13682,.T.);
#13664 = FACE_BOUND('',#13665,.T.);
#13665 = EDGE_LOOP('',(#13666,#13674,#13680,#13681));
#13666 = ORIENTED_EDGE('',*,*,#13667,.T.);
#13667 = EDGE_CURVE('',#11112,#13668,#13670,.T.);
#13668 = VERTEX_POINT('',#13669);
#13669 = CARTESIAN_POINT('',(50.472301483154,-34.11439895629,
    3.200000047684));
#13670 = LINE('',#13671,#13672);
#13671 = CARTESIAN_POINT('',(50.472301483154,-34.11439895629,9.));
#13672 = VECTOR('',#13673,1.);
#13673 = DIRECTION('',(0.,0.,-1.));
#13674 = ORIENTED_EDGE('',*,*,#13675,.F.);
#13675 = EDGE_CURVE('',#13644,#13668,#13676,.T.);
#13676 = LINE('',#13677,#13678);
#13677 = CARTESIAN_POINT('',(50.304500579834,-34.4692993164,
    3.200000047684));
#13678 = VECTOR('',#13679,1.);
#13679 = DIRECTION('',(0.427441710615,0.904042910501,0.));
#13680 = ORIENTED_EDGE('',*,*,#13643,.F.);
#13681 = ORIENTED_EDGE('',*,*,#11119,.T.);
#13682 = PLANE('',#13683);
#13683 = AXIS2_PLACEMENT_3D('',#13684,#13685,#13686);
#13684 = CARTESIAN_POINT('',(50.388401031494,-34.29184913635,
    6.100000023842));
#13685 = DIRECTION('',(-0.904042910501,0.427441710615,0.));
#13686 = DIRECTION('',(-0.427441710615,-0.904042910501,0.));
#13687 = ADVANCED_FACE('',(#13688),#13706,.T.);
#13688 = FACE_BOUND('',#13689,.T.);
#13689 = EDGE_LOOP('',(#13690,#13698,#13704,#13705));
#13690 = ORIENTED_EDGE('',*,*,#13691,.F.);
#13691 = EDGE_CURVE('',#13692,#11104,#13694,.T.);
#13692 = VERTEX_POINT('',#13693);
#13693 = CARTESIAN_POINT('',(50.674098968506,-33.77769851684,
    3.200000047684));
#13694 = LINE('',#13695,#13696);
#13695 = CARTESIAN_POINT('',(50.674098968506,-33.77769851684,
    3.200000047684));
#13696 = VECTOR('',#13697,1.);
#13697 = DIRECTION('',(0.,0.,1.));
#13698 = ORIENTED_EDGE('',*,*,#13699,.F.);
#13699 = EDGE_CURVE('',#13668,#13692,#13700,.T.);
#13700 = LINE('',#13701,#13702);
#13701 = CARTESIAN_POINT('',(50.472301483154,-34.11439895629,
    3.200000047684));
#13702 = VECTOR('',#13703,1.);
#13703 = DIRECTION('',(0.514078395239,0.857743203732,0.));
#13704 = ORIENTED_EDGE('',*,*,#13667,.F.);
#13705 = ORIENTED_EDGE('',*,*,#11111,.F.);
#13706 = PLANE('',#13707);
#13707 = AXIS2_PLACEMENT_3D('',#13708,#13709,#13710);
#13708 = CARTESIAN_POINT('',(50.57320022583,-33.94604873657,
    6.100000023842));
#13709 = DIRECTION('',(-0.857743203732,0.514078395239,0.));
#13710 = DIRECTION('',(-0.514078395239,-0.857743203732,0.));
#13711 = ADVANCED_FACE('',(#13712),#13737,.T.);
#13712 = FACE_BOUND('',#13713,.T.);
#13713 = EDGE_LOOP('',(#13714,#13722,#13723,#13731));
#13714 = ORIENTED_EDGE('',*,*,#13715,.F.);
#13715 = EDGE_CURVE('',#13692,#13716,#13718,.T.);
#13716 = VERTEX_POINT('',#13717);
#13717 = CARTESIAN_POINT('',(50.880100250244,-33.5,3.200000047684));
#13718 = LINE('',#13719,#13720);
#13719 = CARTESIAN_POINT('',(50.674098968506,-33.77769851684,
    3.200000047684));
#13720 = VECTOR('',#13721,1.);
#13721 = DIRECTION('',(0.595785176594,0.803143837274,0.));
#13722 = ORIENTED_EDGE('',*,*,#13691,.T.);
#13723 = ORIENTED_EDGE('',*,*,#13724,.T.);
#13724 = EDGE_CURVE('',#11104,#13725,#13727,.T.);
#13725 = VERTEX_POINT('',#13726);
#13726 = CARTESIAN_POINT('',(50.880100250244,-33.5,5.699999809265));
#13727 = LINE('',#13728,#13729);
#13728 = CARTESIAN_POINT('',(50.674098968506,-33.77769851684,9.));
#13729 = VECTOR('',#13730,1.);
#13730 = DIRECTION('',(6.208476685826E-02,8.369291457689E-02,
    -0.994555668514));
#13731 = ORIENTED_EDGE('',*,*,#13732,.T.);
#13732 = EDGE_CURVE('',#13725,#13716,#13733,.T.);
#13733 = LINE('',#13734,#13735);
#13734 = CARTESIAN_POINT('',(50.880100250244,-33.5,5.699999809265));
#13735 = VECTOR('',#13736,1.);
#13736 = DIRECTION('',(0.,0.,-1.));
#13737 = PLANE('',#13738);
#13738 = AXIS2_PLACEMENT_3D('',#13739,#13740,#13741);
#13739 = CARTESIAN_POINT('',(50.74868879399,-33.67714824971,
    6.018075094445));
#13740 = DIRECTION('',(-0.803143837274,0.595785176594,0.));
#13741 = DIRECTION('',(-0.595785176594,-0.803143837274,0.));
#13742 = ADVANCED_FACE('',(#13743),#13761,.T.);
#13743 = FACE_BOUND('',#13744,.T.);
#13744 = EDGE_LOOP('',(#13745,#13746,#13747,#13755));
#13745 = ORIENTED_EDGE('',*,*,#141,.T.);
#13746 = ORIENTED_EDGE('',*,*,#10358,.T.);
#13747 = ORIENTED_EDGE('',*,*,#13748,.T.);
#13748 = EDGE_CURVE('',#10351,#13749,#13751,.T.);
#13749 = VERTEX_POINT('',#13750);
#13750 = CARTESIAN_POINT('',(-50.30450057983,-34.4692993164,
    3.200000047684));
#13751 = LINE('',#13752,#13753);
#13752 = CARTESIAN_POINT('',(-50.30450057983,-34.4692993164,9.));
#13753 = VECTOR('',#13754,1.);
#13754 = DIRECTION('',(0.,0.,-1.));
#13755 = ORIENTED_EDGE('',*,*,#13756,.F.);
#13756 = EDGE_CURVE('',#142,#13749,#13757,.T.);
#13757 = LINE('',#13758,#13759);
#13758 = CARTESIAN_POINT('',(-50.47230148315,-34.11439895629,
    3.200000047684));
#13759 = VECTOR('',#13760,1.);
#13760 = DIRECTION('',(0.427441710615,-0.904042910501,0.));
#13761 = PLANE('',#13762);
#13762 = AXIS2_PLACEMENT_3D('',#13763,#13764,#13765);
#13763 = CARTESIAN_POINT('',(-50.38840103149,-34.29184913635,
    6.100000023842));
#13764 = DIRECTION('',(0.904042910501,0.427441710615,0.));
#13765 = DIRECTION('',(-0.427441710615,0.904042910501,0.));
#13766 = ADVANCED_FACE('',(#13767),#13785,.T.);
#13767 = FACE_BOUND('',#13768,.T.);
#13768 = EDGE_LOOP('',(#13769,#13770,#13771,#13779));
#13769 = ORIENTED_EDGE('',*,*,#13748,.F.);
#13770 = ORIENTED_EDGE('',*,*,#10350,.T.);
#13771 = ORIENTED_EDGE('',*,*,#13772,.F.);
#13772 = EDGE_CURVE('',#13773,#10343,#13775,.T.);
#13773 = VERTEX_POINT('',#13774);
#13774 = CARTESIAN_POINT('',(-50.17219924926,-34.83890151977,
    3.200000047684));
#13775 = LINE('',#13776,#13777);
#13776 = CARTESIAN_POINT('',(-50.17219924926,-34.83890151977,
    3.200000047684));
#13777 = VECTOR('',#13778,1.);
#13778 = DIRECTION('',(0.,0.,1.));
#13779 = ORIENTED_EDGE('',*,*,#13780,.F.);
#13780 = EDGE_CURVE('',#13749,#13773,#13781,.T.);
#13781 = LINE('',#13782,#13783);
#13782 = CARTESIAN_POINT('',(-50.30450057983,-34.4692993164,
    3.200000047684));
#13783 = VECTOR('',#13784,1.);
#13784 = DIRECTION('',(0.33701528921,-0.941499174104,0.));
#13785 = PLANE('',#13786);
#13786 = AXIS2_PLACEMENT_3D('',#13787,#13788,#13789);
#13787 = CARTESIAN_POINT('',(-50.23834991455,-34.65410041809,
    6.100000023842));
#13788 = DIRECTION('',(0.941499174104,0.33701528921,0.));
#13789 = DIRECTION('',(-0.33701528921,0.941499174104,0.));
#13790 = ADVANCED_FACE('',(#13791),#13809,.T.);
#13791 = FACE_BOUND('',#13792,.T.);
#13792 = EDGE_LOOP('',(#13793,#13794,#13795,#13803));
#13793 = ORIENTED_EDGE('',*,*,#13772,.T.);
#13794 = ORIENTED_EDGE('',*,*,#10342,.T.);
#13795 = ORIENTED_EDGE('',*,*,#13796,.F.);
#13796 = EDGE_CURVE('',#13797,#10335,#13799,.T.);
#13797 = VERTEX_POINT('',#13798);
#13798 = CARTESIAN_POINT('',(-50.07690048217,-35.21960067749,
    3.200000047684));
#13799 = LINE('',#13800,#13801);
#13800 = CARTESIAN_POINT('',(-50.07690048217,-35.21960067749,
    3.200000047684));
#13801 = VECTOR('',#13802,1.);
#13802 = DIRECTION('',(0.,0.,1.));
#13803 = ORIENTED_EDGE('',*,*,#13804,.F.);
#13804 = EDGE_CURVE('',#13773,#13797,#13805,.T.);
#13805 = LINE('',#13806,#13807);
#13806 = CARTESIAN_POINT('',(-50.17219924926,-34.83890151977,
    3.200000047684));
#13807 = VECTOR('',#13808,1.);
#13808 = DIRECTION('',(0.242832940967,-0.970068122753,0.));
#13809 = PLANE('',#13810);
#13810 = AXIS2_PLACEMENT_3D('',#13811,#13812,#13813);
#13811 = CARTESIAN_POINT('',(-50.12454986572,-35.02925109863,
    6.100000023842));
#13812 = DIRECTION('',(0.970068122753,0.242832940967,0.));
#13813 = DIRECTION('',(-0.242832940967,0.970068122753,0.));
#13814 = ADVANCED_FACE('',(#13815),#13833,.T.);
#13815 = FACE_BOUND('',#13816,.T.);
#13816 = EDGE_LOOP('',(#13817,#13818,#13819,#13827));
#13817 = ORIENTED_EDGE('',*,*,#13796,.T.);
#13818 = ORIENTED_EDGE('',*,*,#10334,.T.);
#13819 = ORIENTED_EDGE('',*,*,#13820,.T.);
#13820 = EDGE_CURVE('',#10327,#13821,#13823,.T.);
#13821 = VERTEX_POINT('',#13822);
#13822 = CARTESIAN_POINT('',(-50.01929855346,-35.60789871215,
    3.200000047684));
#13823 = LINE('',#13824,#13825);
#13824 = CARTESIAN_POINT('',(-50.01929855346,-35.60789871215,9.));
#13825 = VECTOR('',#13826,1.);
#13826 = DIRECTION('',(0.,0.,-1.));
#13827 = ORIENTED_EDGE('',*,*,#13828,.F.);
#13828 = EDGE_CURVE('',#13797,#13821,#13829,.T.);
#13829 = LINE('',#13830,#13831);
#13830 = CARTESIAN_POINT('',(-50.07690048217,-35.21960067749,
    3.200000047684));
#13831 = VECTOR('',#13832,1.);
#13832 = DIRECTION('',(0.146738840371,-0.989175268962,0.));
#13833 = PLANE('',#13834);
#13834 = AXIS2_PLACEMENT_3D('',#13835,#13836,#13837);
#13835 = CARTESIAN_POINT('',(-50.04809951782,-35.41374969482,
    6.100000023842));
#13836 = DIRECTION('',(0.989175268962,0.146738840371,0.));
#13837 = DIRECTION('',(-0.146738840371,0.989175268962,0.));
#13838 = ADVANCED_FACE('',(#13839),#13857,.T.);
#13839 = FACE_BOUND('',#13840,.T.);
#13840 = EDGE_LOOP('',(#13841,#13842,#13843,#13851));
#13841 = ORIENTED_EDGE('',*,*,#13820,.F.);
#13842 = ORIENTED_EDGE('',*,*,#10326,.T.);
#13843 = ORIENTED_EDGE('',*,*,#13844,.T.);
#13844 = EDGE_CURVE('',#10319,#13845,#13847,.T.);
#13845 = VERTEX_POINT('',#13846);
#13846 = CARTESIAN_POINT('',(-50.,-36.,3.200000047684));
#13847 = LINE('',#13848,#13849);
#13848 = CARTESIAN_POINT('',(-50.,-36.,9.));
#13849 = VECTOR('',#13850,1.);
#13850 = DIRECTION('',(0.,0.,-1.));
#13851 = ORIENTED_EDGE('',*,*,#13852,.F.);
#13852 = EDGE_CURVE('',#13821,#13845,#13853,.T.);
#13853 = LINE('',#13854,#13855);
#13854 = CARTESIAN_POINT('',(-50.01929855346,-35.60789871215,
    3.200000047684));
#13855 = VECTOR('',#13856,1.);
#13856 = DIRECTION('',(4.915878028406E-02,-0.998790976291,0.));
#13857 = PLANE('',#13858);
#13858 = AXIS2_PLACEMENT_3D('',#13859,#13860,#13861);
#13859 = CARTESIAN_POINT('',(-50.00964927673,-35.80394935607,
    6.100000023842));
#13860 = DIRECTION('',(0.998790976291,4.915878028406E-02,0.));
#13861 = DIRECTION('',(-4.915878028406E-02,0.998790976291,0.));
#13862 = ADVANCED_FACE('',(#13863),#13881,.T.);
#13863 = FACE_BOUND('',#13864,.T.);
#13864 = EDGE_LOOP('',(#13865,#13866,#13867,#13875));
#13865 = ORIENTED_EDGE('',*,*,#13844,.F.);
#13866 = ORIENTED_EDGE('',*,*,#10318,.T.);
#13867 = ORIENTED_EDGE('',*,*,#13868,.T.);
#13868 = EDGE_CURVE('',#10311,#13869,#13871,.T.);
#13869 = VERTEX_POINT('',#13870);
#13870 = CARTESIAN_POINT('',(-50.01929855346,-36.39210128784,
    3.200000047684));
#13871 = LINE('',#13872,#13873);
#13872 = CARTESIAN_POINT('',(-50.01929855346,-36.39210128784,9.));
#13873 = VECTOR('',#13874,1.);
#13874 = DIRECTION('',(0.,0.,-1.));
#13875 = ORIENTED_EDGE('',*,*,#13876,.F.);
#13876 = EDGE_CURVE('',#13845,#13869,#13877,.T.);
#13877 = LINE('',#13878,#13879);
#13878 = CARTESIAN_POINT('',(-50.,-36.,3.200000047684));
#13879 = VECTOR('',#13880,1.);
#13880 = DIRECTION('',(-4.915878028406E-02,-0.998790976291,0.));
#13881 = PLANE('',#13882);
#13882 = AXIS2_PLACEMENT_3D('',#13883,#13884,#13885);
#13883 = CARTESIAN_POINT('',(-50.00964927673,-36.19605064392,
    6.100000023842));
#13884 = DIRECTION('',(0.998790976291,-4.915878028406E-02,0.));
#13885 = DIRECTION('',(4.915878028406E-02,0.998790976291,0.));
#13886 = ADVANCED_FACE('',(#13887),#13905,.T.);
#13887 = FACE_BOUND('',#13888,.T.);
#13888 = EDGE_LOOP('',(#13889,#13890,#13891,#13899));
#13889 = ORIENTED_EDGE('',*,*,#13868,.F.);
#13890 = ORIENTED_EDGE('',*,*,#10310,.T.);
#13891 = ORIENTED_EDGE('',*,*,#13892,.F.);
#13892 = EDGE_CURVE('',#13893,#10303,#13895,.T.);
#13893 = VERTEX_POINT('',#13894);
#13894 = CARTESIAN_POINT('',(-50.07690048217,-36.78039932251,
    3.200000047684));
#13895 = LINE('',#13896,#13897);
#13896 = CARTESIAN_POINT('',(-50.07690048217,-36.78039932251,
    3.200000047684));
#13897 = VECTOR('',#13898,1.);
#13898 = DIRECTION('',(0.,0.,1.));
#13899 = ORIENTED_EDGE('',*,*,#13900,.F.);
#13900 = EDGE_CURVE('',#13869,#13893,#13901,.T.);
#13901 = LINE('',#13902,#13903);
#13902 = CARTESIAN_POINT('',(-50.01929855346,-36.39210128784,
    3.200000047684));
#13903 = VECTOR('',#13904,1.);
#13904 = DIRECTION('',(-0.146738840371,-0.989175268962,0.));
#13905 = PLANE('',#13906);
#13906 = AXIS2_PLACEMENT_3D('',#13907,#13908,#13909);
#13907 = CARTESIAN_POINT('',(-50.04809951782,-36.58625030517,
    6.100000023842));
#13908 = DIRECTION('',(0.989175268962,-0.146738840371,0.));
#13909 = DIRECTION('',(0.146738840371,0.989175268962,0.));
#13910 = ADVANCED_FACE('',(#13911),#13929,.T.);
#13911 = FACE_BOUND('',#13912,.T.);
#13912 = EDGE_LOOP('',(#13913,#13914,#13915,#13923));
#13913 = ORIENTED_EDGE('',*,*,#13892,.T.);
#13914 = ORIENTED_EDGE('',*,*,#10302,.T.);
#13915 = ORIENTED_EDGE('',*,*,#13916,.T.);
#13916 = EDGE_CURVE('',#10295,#13917,#13919,.T.);
#13917 = VERTEX_POINT('',#13918);
#13918 = CARTESIAN_POINT('',(-50.17219924926,-37.16109848022,
    3.200000047684));
#13919 = LINE('',#13920,#13921);
#13920 = CARTESIAN_POINT('',(-50.17219924926,-37.16109848022,9.));
#13921 = VECTOR('',#13922,1.);
#13922 = DIRECTION('',(0.,0.,-1.));
#13923 = ORIENTED_EDGE('',*,*,#13924,.F.);
#13924 = EDGE_CURVE('',#13893,#13917,#13925,.T.);
#13925 = LINE('',#13926,#13927);
#13926 = CARTESIAN_POINT('',(-50.07690048217,-36.78039932251,
    3.200000047684));
#13927 = VECTOR('',#13928,1.);
#13928 = DIRECTION('',(-0.242832940967,-0.970068122753,0.));
#13929 = PLANE('',#13930);
#13930 = AXIS2_PLACEMENT_3D('',#13931,#13932,#13933);
#13931 = CARTESIAN_POINT('',(-50.12454986572,-36.97074890136,
    6.100000023842));
#13932 = DIRECTION('',(0.970068122753,-0.242832940967,0.));
#13933 = DIRECTION('',(0.242832940967,0.970068122753,0.));
#13934 = ADVANCED_FACE('',(#13935),#13953,.T.);
#13935 = FACE_BOUND('',#13936,.T.);
#13936 = EDGE_LOOP('',(#13937,#13938,#13939,#13947));
#13937 = ORIENTED_EDGE('',*,*,#13916,.F.);
#13938 = ORIENTED_EDGE('',*,*,#10294,.T.);
#13939 = ORIENTED_EDGE('',*,*,#13940,.F.);
#13940 = EDGE_CURVE('',#13941,#10287,#13943,.T.);
#13941 = VERTEX_POINT('',#13942);
#13942 = CARTESIAN_POINT('',(-50.30450057983,-37.53070068359,
    3.200000047684));
#13943 = LINE('',#13944,#13945);
#13944 = CARTESIAN_POINT('',(-50.30450057983,-37.53070068359,
    3.200000047684));
#13945 = VECTOR('',#13946,1.);
#13946 = DIRECTION('',(0.,0.,1.));
#13947 = ORIENTED_EDGE('',*,*,#13948,.F.);
#13948 = EDGE_CURVE('',#13917,#13941,#13949,.T.);
#13949 = LINE('',#13950,#13951);
#13950 = CARTESIAN_POINT('',(-50.17219924926,-37.16109848022,
    3.200000047684));
#13951 = VECTOR('',#13952,1.);
#13952 = DIRECTION('',(-0.33701528921,-0.941499174104,0.));
#13953 = PLANE('',#13954);
#13954 = AXIS2_PLACEMENT_3D('',#13955,#13956,#13957);
#13955 = CARTESIAN_POINT('',(-50.23834991455,-37.3458995819,
    6.100000023842));
#13956 = DIRECTION('',(0.941499174104,-0.33701528921,0.));
#13957 = DIRECTION('',(0.33701528921,0.941499174104,0.));
#13958 = ADVANCED_FACE('',(#13959),#13977,.T.);
#13959 = FACE_BOUND('',#13960,.T.);
#13960 = EDGE_LOOP('',(#13961,#13962,#13963,#13971));
#13961 = ORIENTED_EDGE('',*,*,#13940,.T.);
#13962 = ORIENTED_EDGE('',*,*,#10286,.T.);
#13963 = ORIENTED_EDGE('',*,*,#13964,.T.);
#13964 = EDGE_CURVE('',#10279,#13965,#13967,.T.);
#13965 = VERTEX_POINT('',#13966);
#13966 = CARTESIAN_POINT('',(-50.47230148315,-37.8856010437,
    3.200000047684));
#13967 = LINE('',#13968,#13969);
#13968 = CARTESIAN_POINT('',(-50.47230148315,-37.8856010437,9.));
#13969 = VECTOR('',#13970,1.);
#13970 = DIRECTION('',(0.,0.,-1.));
#13971 = ORIENTED_EDGE('',*,*,#13972,.F.);
#13972 = EDGE_CURVE('',#13941,#13965,#13973,.T.);
#13973 = LINE('',#13974,#13975);
#13974 = CARTESIAN_POINT('',(-50.30450057983,-37.53070068359,
    3.200000047684));
#13975 = VECTOR('',#13976,1.);
#13976 = DIRECTION('',(-0.427441710615,-0.904042910501,0.));
#13977 = PLANE('',#13978);
#13978 = AXIS2_PLACEMENT_3D('',#13979,#13980,#13981);
#13979 = CARTESIAN_POINT('',(-50.38840103149,-37.70815086364,
    6.100000023842));
#13980 = DIRECTION('',(0.904042910501,-0.427441710615,0.));
#13981 = DIRECTION('',(0.427441710615,0.904042910501,0.));
#13982 = ADVANCED_FACE('',(#13983),#14001,.T.);
#13983 = FACE_BOUND('',#13984,.T.);
#13984 = EDGE_LOOP('',(#13985,#13986,#13987,#13995));
#13985 = ORIENTED_EDGE('',*,*,#13964,.F.);
#13986 = ORIENTED_EDGE('',*,*,#10278,.T.);
#13987 = ORIENTED_EDGE('',*,*,#13988,.F.);
#13988 = EDGE_CURVE('',#13989,#10271,#13991,.T.);
#13989 = VERTEX_POINT('',#13990);
#13990 = CARTESIAN_POINT('',(-50.6740989685,-38.22230148315,
    3.200000047684));
#13991 = LINE('',#13992,#13993);
#13992 = CARTESIAN_POINT('',(-50.6740989685,-38.22230148315,
    3.200000047684));
#13993 = VECTOR('',#13994,1.);
#13994 = DIRECTION('',(0.,0.,1.));
#13995 = ORIENTED_EDGE('',*,*,#13996,.F.);
#13996 = EDGE_CURVE('',#13965,#13989,#13997,.T.);
#13997 = LINE('',#13998,#13999);
#13998 = CARTESIAN_POINT('',(-50.47230148315,-37.8856010437,
    3.200000047684));
#13999 = VECTOR('',#14000,1.);
#14000 = DIRECTION('',(-0.514078395239,-0.857743203732,0.));
#14001 = PLANE('',#14002);
#14002 = AXIS2_PLACEMENT_3D('',#14003,#14004,#14005);
#14003 = CARTESIAN_POINT('',(-50.57320022583,-38.05395126342,
    6.100000023842));
#14004 = DIRECTION('',(0.857743203732,-0.514078395239,0.));
#14005 = DIRECTION('',(0.514078395239,0.857743203732,0.));
#14006 = ADVANCED_FACE('',(#14007),#14025,.T.);
#14007 = FACE_BOUND('',#14008,.T.);
#14008 = EDGE_LOOP('',(#14009,#14010,#14011,#14019));
#14009 = ORIENTED_EDGE('',*,*,#13988,.T.);
#14010 = ORIENTED_EDGE('',*,*,#10270,.T.);
#14011 = ORIENTED_EDGE('',*,*,#14012,.T.);
#14012 = EDGE_CURVE('',#10263,#14013,#14015,.T.);
#14013 = VERTEX_POINT('',#14014);
#14014 = CARTESIAN_POINT('',(-50.90800094604,-38.53760147094,
    3.200000047684));
#14015 = LINE('',#14016,#14017);
#14016 = CARTESIAN_POINT('',(-50.90800094604,-38.53760147094,9.));
#14017 = VECTOR('',#14018,1.);
#14018 = DIRECTION('',(0.,0.,-1.));
#14019 = ORIENTED_EDGE('',*,*,#14020,.F.);
#14020 = EDGE_CURVE('',#13989,#14013,#14021,.T.);
#14021 = LINE('',#14022,#14023);
#14022 = CARTESIAN_POINT('',(-50.6740989685,-38.22230148315,
    3.200000047684));
#14023 = VECTOR('',#14024,1.);
#14024 = DIRECTION('',(-0.595797191118,-0.803134924565,0.));
#14025 = PLANE('',#14026);
#14026 = AXIS2_PLACEMENT_3D('',#14027,#14028,#14029);
#14027 = CARTESIAN_POINT('',(-50.79104995727,-38.37995147705,
    6.100000023842));
#14028 = DIRECTION('',(0.803134924565,-0.595797191118,0.));
#14029 = DIRECTION('',(0.595797191118,0.803134924565,0.));
#14030 = ADVANCED_FACE('',(#14031),#14049,.T.);
#14031 = FACE_BOUND('',#14032,.T.);
#14032 = EDGE_LOOP('',(#14033,#14034,#14035,#14043));
#14033 = ORIENTED_EDGE('',*,*,#14012,.F.);
#14034 = ORIENTED_EDGE('',*,*,#10262,.F.);
#14035 = ORIENTED_EDGE('',*,*,#14036,.F.);
#14036 = EDGE_CURVE('',#14037,#10255,#14039,.T.);
#14037 = VERTEX_POINT('',#14038);
#14038 = CARTESIAN_POINT('',(-51.17160034179,-38.8283996582,
    3.200000047684));
#14039 = LINE('',#14040,#14041);
#14040 = CARTESIAN_POINT('',(-51.17160034179,-38.8283996582,
    3.200000047684));
#14041 = VECTOR('',#14042,1.);
#14042 = DIRECTION('',(0.,0.,1.));
#14043 = ORIENTED_EDGE('',*,*,#14044,.F.);
#14044 = EDGE_CURVE('',#14013,#14037,#14045,.T.);
#14045 = LINE('',#14046,#14047);
#14046 = CARTESIAN_POINT('',(-50.90800094604,-38.53760147094,
    3.200000047684));
#14047 = VECTOR('',#14048,1.);
#14048 = DIRECTION('',(-0.671608305235,-0.740906393777,0.));
#14049 = PLANE('',#14050);
#14050 = AXIS2_PLACEMENT_3D('',#14051,#14052,#14053);
#14051 = CARTESIAN_POINT('',(-51.03980064392,-38.68300056457,
    6.100000023842));
#14052 = DIRECTION('',(0.740906393777,-0.671608305235,0.));
#14053 = DIRECTION('',(0.671608305235,0.740906393777,0.));
#14054 = ADVANCED_FACE('',(#14055),#14073,.T.);
#14055 = FACE_BOUND('',#14056,.T.);
#14056 = EDGE_LOOP('',(#14057,#14058,#14066,#14072));
#14057 = ORIENTED_EDGE('',*,*,#10254,.T.);
#14058 = ORIENTED_EDGE('',*,*,#14059,.T.);
#14059 = EDGE_CURVE('',#10247,#14060,#14062,.T.);
#14060 = VERTEX_POINT('',#14061);
#14061 = CARTESIAN_POINT('',(-51.46239852905,-39.09199905395,
    3.200000047684));
#14062 = LINE('',#14063,#14064);
#14063 = CARTESIAN_POINT('',(-51.46239852905,-39.09199905395,9.));
#14064 = VECTOR('',#14065,1.);
#14065 = DIRECTION('',(0.,0.,-1.));
#14066 = ORIENTED_EDGE('',*,*,#14067,.F.);
#14067 = EDGE_CURVE('',#14037,#14060,#14068,.T.);
#14068 = LINE('',#14069,#14070);
#14069 = CARTESIAN_POINT('',(-51.17160034179,-38.8283996582,
    3.200000047684));
#14070 = VECTOR('',#14071,1.);
#14071 = DIRECTION('',(-0.740906393777,-0.671608305235,0.));
#14072 = ORIENTED_EDGE('',*,*,#14036,.T.);
#14073 = PLANE('',#14074);
#14074 = AXIS2_PLACEMENT_3D('',#14075,#14076,#14077);
#14075 = CARTESIAN_POINT('',(-51.31699943542,-38.96019935607,
    6.100000023842));
#14076 = DIRECTION('',(0.671608305235,-0.740906393777,0.));
#14077 = DIRECTION('',(-0.740906393777,-0.671608305235,0.));
#14078 = ADVANCED_FACE('',(#14079),#14097,.T.);
#14079 = FACE_BOUND('',#14080,.T.);
#14080 = EDGE_LOOP('',(#14081,#14082,#14090,#14096));
#14081 = ORIENTED_EDGE('',*,*,#10246,.T.);
#14082 = ORIENTED_EDGE('',*,*,#14083,.F.);
#14083 = EDGE_CURVE('',#14084,#10239,#14086,.T.);
#14084 = VERTEX_POINT('',#14085);
#14085 = CARTESIAN_POINT('',(-51.77769851684,-39.32590103149,
    3.200000047684));
#14086 = LINE('',#14087,#14088);
#14087 = CARTESIAN_POINT('',(-51.77769851684,-39.32590103149,
    3.200000047684));
#14088 = VECTOR('',#14089,1.);
#14089 = DIRECTION('',(0.,0.,1.));
#14090 = ORIENTED_EDGE('',*,*,#14091,.F.);
#14091 = EDGE_CURVE('',#14060,#14084,#14092,.T.);
#14092 = LINE('',#14093,#14094);
#14093 = CARTESIAN_POINT('',(-51.46239852905,-39.09199905395,
    3.200000047684));
#14094 = VECTOR('',#14095,1.);
#14095 = DIRECTION('',(-0.803134924565,-0.595797191118,0.));
#14096 = ORIENTED_EDGE('',*,*,#14059,.F.);
#14097 = PLANE('',#14098);
#14098 = AXIS2_PLACEMENT_3D('',#14099,#14100,#14101);
#14099 = CARTESIAN_POINT('',(-51.62004852294,-39.20895004272,
    6.100000023842));
#14100 = DIRECTION('',(0.595797191118,-0.803134924565,0.));
#14101 = DIRECTION('',(-0.803134924565,-0.595797191118,0.));
#14102 = ADVANCED_FACE('',(#14103),#14121,.T.);
#14103 = FACE_BOUND('',#14104,.T.);
#14104 = EDGE_LOOP('',(#14105,#14106,#14114,#14120));
#14105 = ORIENTED_EDGE('',*,*,#10238,.T.);
#14106 = ORIENTED_EDGE('',*,*,#14107,.F.);
#14107 = EDGE_CURVE('',#14108,#10231,#14110,.T.);
#14108 = VERTEX_POINT('',#14109);
#14109 = CARTESIAN_POINT('',(-52.11439895629,-39.52769851684,
    3.200000047684));
#14110 = LINE('',#14111,#14112);
#14111 = CARTESIAN_POINT('',(-52.11439895629,-39.52769851684,
    3.200000047684));
#14112 = VECTOR('',#14113,1.);
#14113 = DIRECTION('',(0.,0.,1.));
#14114 = ORIENTED_EDGE('',*,*,#14115,.F.);
#14115 = EDGE_CURVE('',#14084,#14108,#14116,.T.);
#14116 = LINE('',#14117,#14118);
#14117 = CARTESIAN_POINT('',(-51.77769851684,-39.32590103149,
    3.200000047684));
#14118 = VECTOR('',#14119,1.);
#14119 = DIRECTION('',(-0.857743203732,-0.514078395239,0.));
#14120 = ORIENTED_EDGE('',*,*,#14083,.T.);
#14121 = PLANE('',#14122);
#14122 = AXIS2_PLACEMENT_3D('',#14123,#14124,#14125);
#14123 = CARTESIAN_POINT('',(-51.94604873657,-39.42679977417,
    6.100000023842));
#14124 = DIRECTION('',(0.514078395239,-0.857743203732,0.));
#14125 = DIRECTION('',(-0.857743203732,-0.514078395239,0.));
#14126 = ADVANCED_FACE('',(#14127),#14138,.T.);
#14127 = FACE_BOUND('',#14128,.T.);
#14128 = EDGE_LOOP('',(#14129,#14130,#14131,#14137));
#14129 = ORIENTED_EDGE('',*,*,#10230,.T.);
#14130 = ORIENTED_EDGE('',*,*,#11256,.T.);
#14131 = ORIENTED_EDGE('',*,*,#14132,.F.);
#14132 = EDGE_CURVE('',#14108,#11249,#14133,.T.);
#14133 = LINE('',#14134,#14135);
#14134 = CARTESIAN_POINT('',(-52.11439895629,-39.52769851684,
    3.200000047684));
#14135 = VECTOR('',#14136,1.);
#14136 = DIRECTION('',(-0.904042910501,-0.427441710615,0.));
#14137 = ORIENTED_EDGE('',*,*,#14107,.T.);
#14138 = PLANE('',#14139);
#14139 = AXIS2_PLACEMENT_3D('',#14140,#14141,#14142);
#14140 = CARTESIAN_POINT('',(-52.29184913635,-39.6115989685,
    6.100000023842));
#14141 = DIRECTION('',(0.427441710615,-0.904042910501,0.));
#14142 = DIRECTION('',(-0.904042910501,-0.427441710615,0.));
#14143 = ADVANCED_FACE('',(#14144),#14169,.T.);
#14144 = FACE_BOUND('',#14145,.T.);
#14145 = EDGE_LOOP('',(#14146,#14154,#14155,#14163));
#14146 = ORIENTED_EDGE('',*,*,#14147,.F.);
#14147 = EDGE_CURVE('',#9700,#14148,#14150,.T.);
#14148 = VERTEX_POINT('',#14149);
#14149 = CARTESIAN_POINT('',(57.527698516846,34.114398956299,
    3.200000047684));
#14150 = LINE('',#14151,#14152);
#14151 = CARTESIAN_POINT('',(57.527698516846,34.114398956299,9.));
#14152 = VECTOR('',#14153,1.);
#14153 = DIRECTION('',(0.,0.,-1.));
#14154 = ORIENTED_EDGE('',*,*,#9699,.F.);
#14155 = ORIENTED_EDGE('',*,*,#14156,.F.);
#14156 = EDGE_CURVE('',#14157,#9692,#14159,.T.);
#14157 = VERTEX_POINT('',#14158);
#14158 = CARTESIAN_POINT('',(57.325901031494,33.777698516846,
    3.200000047684));
#14159 = LINE('',#14160,#14161);
#14160 = CARTESIAN_POINT('',(57.325901031494,33.777698516846,
    3.200000047684));
#14161 = VECTOR('',#14162,1.);
#14162 = DIRECTION('',(0.,0.,1.));
#14163 = ORIENTED_EDGE('',*,*,#14164,.F.);
#14164 = EDGE_CURVE('',#14148,#14157,#14165,.T.);
#14165 = LINE('',#14166,#14167);
#14166 = CARTESIAN_POINT('',(57.527698516846,34.114398956299,
    3.200000047684));
#14167 = VECTOR('',#14168,1.);
#14168 = DIRECTION('',(-0.514078395239,-0.857743203732,0.));
#14169 = PLANE('',#14170);
#14170 = AXIS2_PLACEMENT_3D('',#14171,#14172,#14173);
#14171 = CARTESIAN_POINT('',(57.42679977417,33.946048736572,
    6.100000023842));
#14172 = DIRECTION('',(0.857743203732,-0.514078395239,0.));
#14173 = DIRECTION('',(0.514078395239,0.857743203732,0.));
#14174 = ADVANCED_FACE('',(#14175),#14193,.T.);
#14175 = FACE_BOUND('',#14176,.T.);
#14176 = EDGE_LOOP('',(#14177,#14178,#14179,#14187));
#14177 = ORIENTED_EDGE('',*,*,#14156,.T.);
#14178 = ORIENTED_EDGE('',*,*,#9691,.T.);
#14179 = ORIENTED_EDGE('',*,*,#14180,.T.);
#14180 = EDGE_CURVE('',#9684,#14181,#14183,.T.);
#14181 = VERTEX_POINT('',#14182);
#14182 = CARTESIAN_POINT('',(57.091999053955,33.462398529053,
    3.200000047684));
#14183 = LINE('',#14184,#14185);
#14184 = CARTESIAN_POINT('',(57.091999053955,33.462398529053,9.));
#14185 = VECTOR('',#14186,1.);
#14186 = DIRECTION('',(0.,0.,-1.));
#14187 = ORIENTED_EDGE('',*,*,#14188,.F.);
#14188 = EDGE_CURVE('',#14157,#14181,#14189,.T.);
#14189 = LINE('',#14190,#14191);
#14190 = CARTESIAN_POINT('',(57.325901031494,33.777698516846,
    3.200000047684));
#14191 = VECTOR('',#14192,1.);
#14192 = DIRECTION('',(-0.595797191118,-0.803134924565,0.));
#14193 = PLANE('',#14194);
#14194 = AXIS2_PLACEMENT_3D('',#14195,#14196,#14197);
#14195 = CARTESIAN_POINT('',(57.208950042725,33.620048522949,
    6.100000023842));
#14196 = DIRECTION('',(0.803134924565,-0.595797191118,0.));
#14197 = DIRECTION('',(0.595797191118,0.803134924565,0.));
#14198 = ADVANCED_FACE('',(#14199),#14217,.T.);
#14199 = FACE_BOUND('',#14200,.T.);
#14200 = EDGE_LOOP('',(#14201,#14202,#14203,#14211));
#14201 = ORIENTED_EDGE('',*,*,#14180,.F.);
#14202 = ORIENTED_EDGE('',*,*,#9683,.F.);
#14203 = ORIENTED_EDGE('',*,*,#14204,.F.);
#14204 = EDGE_CURVE('',#14205,#9676,#14207,.T.);
#14205 = VERTEX_POINT('',#14206);
#14206 = CARTESIAN_POINT('',(56.828399658203,33.171600341797,
    3.200000047684));
#14207 = LINE('',#14208,#14209);
#14208 = CARTESIAN_POINT('',(56.828399658203,33.171600341797,
    3.200000047684));
#14209 = VECTOR('',#14210,1.);
#14210 = DIRECTION('',(0.,0.,1.));
#14211 = ORIENTED_EDGE('',*,*,#14212,.F.);
#14212 = EDGE_CURVE('',#14181,#14205,#14213,.T.);
#14213 = LINE('',#14214,#14215);
#14214 = CARTESIAN_POINT('',(57.091999053955,33.462398529053,
    3.200000047684));
#14215 = VECTOR('',#14216,1.);
#14216 = DIRECTION('',(-0.671608305235,-0.740906393777,0.));
#14217 = PLANE('',#14218);
#14218 = AXIS2_PLACEMENT_3D('',#14219,#14220,#14221);
#14219 = CARTESIAN_POINT('',(56.960199356079,33.316999435425,
    6.100000023842));
#14220 = DIRECTION('',(0.740906393777,-0.671608305235,0.));
#14221 = DIRECTION('',(0.671608305235,0.740906393777,0.));
#14222 = ADVANCED_FACE('',(#14223),#14241,.T.);
#14223 = FACE_BOUND('',#14224,.T.);
#14224 = EDGE_LOOP('',(#14225,#14226,#14234,#14240));
#14225 = ORIENTED_EDGE('',*,*,#9675,.F.);
#14226 = ORIENTED_EDGE('',*,*,#14227,.T.);
#14227 = EDGE_CURVE('',#9668,#14228,#14230,.T.);
#14228 = VERTEX_POINT('',#14229);
#14229 = CARTESIAN_POINT('',(56.537601470947,32.908000946045,
    3.200000047684));
#14230 = LINE('',#14231,#14232);
#14231 = CARTESIAN_POINT('',(56.537601470947,32.908000946045,9.));
#14232 = VECTOR('',#14233,1.);
#14233 = DIRECTION('',(0.,0.,-1.));
#14234 = ORIENTED_EDGE('',*,*,#14235,.F.);
#14235 = EDGE_CURVE('',#14205,#14228,#14236,.T.);
#14236 = LINE('',#14237,#14238);
#14237 = CARTESIAN_POINT('',(56.828399658203,33.171600341797,
    3.200000047684));
#14238 = VECTOR('',#14239,1.);
#14239 = DIRECTION('',(-0.740906393777,-0.671608305235,0.));
#14240 = ORIENTED_EDGE('',*,*,#14204,.T.);
#14241 = PLANE('',#14242);
#14242 = AXIS2_PLACEMENT_3D('',#14243,#14244,#14245);
#14243 = CARTESIAN_POINT('',(56.683000564575,33.039800643921,
    6.100000023842));
#14244 = DIRECTION('',(0.671608305235,-0.740906393777,0.));
#14245 = DIRECTION('',(-0.740906393777,-0.671608305235,0.));
#14246 = ADVANCED_FACE('',(#14247),#14265,.T.);
#14247 = FACE_BOUND('',#14248,.T.);
#14248 = EDGE_LOOP('',(#14249,#14250,#14258,#14264));
#14249 = ORIENTED_EDGE('',*,*,#9667,.F.);
#14250 = ORIENTED_EDGE('',*,*,#14251,.F.);
#14251 = EDGE_CURVE('',#14252,#9660,#14254,.T.);
#14252 = VERTEX_POINT('',#14253);
#14253 = CARTESIAN_POINT('',(56.222301483154,32.674098968506,
    3.200000047684));
#14254 = LINE('',#14255,#14256);
#14255 = CARTESIAN_POINT('',(56.222301483154,32.674098968506,
    3.200000047684));
#14256 = VECTOR('',#14257,1.);
#14257 = DIRECTION('',(0.,0.,1.));
#14258 = ORIENTED_EDGE('',*,*,#14259,.F.);
#14259 = EDGE_CURVE('',#14228,#14252,#14260,.T.);
#14260 = LINE('',#14261,#14262);
#14261 = CARTESIAN_POINT('',(56.537601470947,32.908000946045,
    3.200000047684));
#14262 = VECTOR('',#14263,1.);
#14263 = DIRECTION('',(-0.803134924565,-0.595797191118,0.));
#14264 = ORIENTED_EDGE('',*,*,#14227,.F.);
#14265 = PLANE('',#14266);
#14266 = AXIS2_PLACEMENT_3D('',#14267,#14268,#14269);
#14267 = CARTESIAN_POINT('',(56.379951477051,32.791049957275,
    6.100000023842));
#14268 = DIRECTION('',(0.595797191118,-0.803134924565,0.));
#14269 = DIRECTION('',(-0.803134924565,-0.595797191118,0.));
#14270 = ADVANCED_FACE('',(#14271),#14289,.T.);
#14271 = FACE_BOUND('',#14272,.T.);
#14272 = EDGE_LOOP('',(#14273,#14274,#14282,#14288));
#14273 = ORIENTED_EDGE('',*,*,#9659,.T.);
#14274 = ORIENTED_EDGE('',*,*,#14275,.T.);
#14275 = EDGE_CURVE('',#9652,#14276,#14278,.T.);
#14276 = VERTEX_POINT('',#14277);
#14277 = CARTESIAN_POINT('',(55.885601043701,32.472301483154,
    3.200000047684));
#14278 = LINE('',#14279,#14280);
#14279 = CARTESIAN_POINT('',(55.885601043701,32.472301483154,9.));
#14280 = VECTOR('',#14281,1.);
#14281 = DIRECTION('',(0.,0.,-1.));
#14282 = ORIENTED_EDGE('',*,*,#14283,.F.);
#14283 = EDGE_CURVE('',#14252,#14276,#14284,.T.);
#14284 = LINE('',#14285,#14286);
#14285 = CARTESIAN_POINT('',(56.222301483154,32.674098968506,
    3.200000047684));
#14286 = VECTOR('',#14287,1.);
#14287 = DIRECTION('',(-0.857743203732,-0.514078395239,0.));
#14288 = ORIENTED_EDGE('',*,*,#14251,.T.);
#14289 = PLANE('',#14290);
#14290 = AXIS2_PLACEMENT_3D('',#14291,#14292,#14293);
#14291 = CARTESIAN_POINT('',(56.053951263428,32.57320022583,
    6.100000023842));
#14292 = DIRECTION('',(0.514078395239,-0.857743203732,0.));
#14293 = DIRECTION('',(-0.857743203732,-0.514078395239,0.));
#14294 = ADVANCED_FACE('',(#14295),#14313,.T.);
#14295 = FACE_BOUND('',#14296,.T.);
#14296 = EDGE_LOOP('',(#14297,#14298,#14306,#14312));
#14297 = ORIENTED_EDGE('',*,*,#9651,.T.);
#14298 = ORIENTED_EDGE('',*,*,#14299,.T.);
#14299 = EDGE_CURVE('',#9644,#14300,#14302,.T.);
#14300 = VERTEX_POINT('',#14301);
#14301 = CARTESIAN_POINT('',(55.530700683594,32.304500579834,
    3.200000047684));
#14302 = LINE('',#14303,#14304);
#14303 = CARTESIAN_POINT('',(55.530700683594,32.304500579834,9.));
#14304 = VECTOR('',#14305,1.);
#14305 = DIRECTION('',(0.,0.,-1.));
#14306 = ORIENTED_EDGE('',*,*,#14307,.F.);
#14307 = EDGE_CURVE('',#14276,#14300,#14308,.T.);
#14308 = LINE('',#14309,#14310);
#14309 = CARTESIAN_POINT('',(55.885601043701,32.472301483154,
    3.200000047684));
#14310 = VECTOR('',#14311,1.);
#14311 = DIRECTION('',(-0.904042910501,-0.427441710615,0.));
#14312 = ORIENTED_EDGE('',*,*,#14275,.F.);
#14313 = PLANE('',#14314);
#14314 = AXIS2_PLACEMENT_3D('',#14315,#14316,#14317);
#14315 = CARTESIAN_POINT('',(55.708150863647,32.388401031494,
    6.100000023842));
#14316 = DIRECTION('',(0.427441710615,-0.904042910501,0.));
#14317 = DIRECTION('',(-0.904042910501,-0.427441710615,0.));
#14318 = ADVANCED_FACE('',(#14319),#14337,.T.);
#14319 = FACE_BOUND('',#14320,.T.);
#14320 = EDGE_LOOP('',(#14321,#14322,#14330,#14336));
#14321 = ORIENTED_EDGE('',*,*,#9643,.T.);
#14322 = ORIENTED_EDGE('',*,*,#14323,.F.);
#14323 = EDGE_CURVE('',#14324,#9636,#14326,.T.);
#14324 = VERTEX_POINT('',#14325);
#14325 = CARTESIAN_POINT('',(55.161098480225,32.172199249268,
    3.200000047684));
#14326 = LINE('',#14327,#14328);
#14327 = CARTESIAN_POINT('',(55.161098480225,32.172199249268,
    3.200000047684));
#14328 = VECTOR('',#14329,1.);
#14329 = DIRECTION('',(0.,0.,1.));
#14330 = ORIENTED_EDGE('',*,*,#14331,.F.);
#14331 = EDGE_CURVE('',#14300,#14324,#14332,.T.);
#14332 = LINE('',#14333,#14334);
#14333 = CARTESIAN_POINT('',(55.530700683594,32.304500579834,
    3.200000047684));
#14334 = VECTOR('',#14335,1.);
#14335 = DIRECTION('',(-0.941499174104,-0.33701528921,0.));
#14336 = ORIENTED_EDGE('',*,*,#14299,.F.);
#14337 = PLANE('',#14338);
#14338 = AXIS2_PLACEMENT_3D('',#14339,#14340,#14341);
#14339 = CARTESIAN_POINT('',(55.345899581909,32.238349914551,
    6.100000023842));
#14340 = DIRECTION('',(0.33701528921,-0.941499174104,0.));
#14341 = DIRECTION('',(-0.941499174104,-0.33701528921,0.));
#14342 = ADVANCED_FACE('',(#14343),#14361,.T.);
#14343 = FACE_BOUND('',#14344,.T.);
#14344 = EDGE_LOOP('',(#14345,#14346,#14354,#14360));
#14345 = ORIENTED_EDGE('',*,*,#9635,.T.);
#14346 = ORIENTED_EDGE('',*,*,#14347,.T.);
#14347 = EDGE_CURVE('',#9628,#14348,#14350,.T.);
#14348 = VERTEX_POINT('',#14349);
#14349 = CARTESIAN_POINT('',(54.78039932251,32.076900482178,
    3.200000047684));
#14350 = LINE('',#14351,#14352);
#14351 = CARTESIAN_POINT('',(54.78039932251,32.076900482178,9.));
#14352 = VECTOR('',#14353,1.);
#14353 = DIRECTION('',(0.,0.,-1.));
#14354 = ORIENTED_EDGE('',*,*,#14355,.F.);
#14355 = EDGE_CURVE('',#14324,#14348,#14356,.T.);
#14356 = LINE('',#14357,#14358);
#14357 = CARTESIAN_POINT('',(55.161098480225,32.172199249268,
    3.200000047684));
#14358 = VECTOR('',#14359,1.);
#14359 = DIRECTION('',(-0.970068122753,-0.242832940967,0.));
#14360 = ORIENTED_EDGE('',*,*,#14323,.T.);
#14361 = PLANE('',#14362);
#14362 = AXIS2_PLACEMENT_3D('',#14363,#14364,#14365);
#14363 = CARTESIAN_POINT('',(54.970748901367,32.124549865723,
    6.100000023842));
#14364 = DIRECTION('',(0.242832940967,-0.970068122753,0.));
#14365 = DIRECTION('',(-0.970068122753,-0.242832940967,0.));
#14366 = ADVANCED_FACE('',(#14367),#14385,.T.);
#14367 = FACE_BOUND('',#14368,.T.);
#14368 = EDGE_LOOP('',(#14369,#14370,#14378,#14384));
#14369 = ORIENTED_EDGE('',*,*,#9627,.F.);
#14370 = ORIENTED_EDGE('',*,*,#14371,.T.);
#14371 = EDGE_CURVE('',#9620,#14372,#14374,.T.);
#14372 = VERTEX_POINT('',#14373);
#14373 = CARTESIAN_POINT('',(54.392101287842,32.019298553467,
    3.200000047684));
#14374 = LINE('',#14375,#14376);
#14375 = CARTESIAN_POINT('',(54.392101287842,32.019298553467,9.));
#14376 = VECTOR('',#14377,1.);
#14377 = DIRECTION('',(0.,0.,-1.));
#14378 = ORIENTED_EDGE('',*,*,#14379,.F.);
#14379 = EDGE_CURVE('',#14348,#14372,#14380,.T.);
#14380 = LINE('',#14381,#14382);
#14381 = CARTESIAN_POINT('',(54.78039932251,32.076900482178,
    3.200000047684));
#14382 = VECTOR('',#14383,1.);
#14383 = DIRECTION('',(-0.989175268962,-0.146738840371,0.));
#14384 = ORIENTED_EDGE('',*,*,#14347,.F.);
#14385 = PLANE('',#14386);
#14386 = AXIS2_PLACEMENT_3D('',#14387,#14388,#14389);
#14387 = CARTESIAN_POINT('',(54.586250305176,32.048099517822,
    6.100000023842));
#14388 = DIRECTION('',(0.146738840371,-0.989175268962,0.));
#14389 = DIRECTION('',(-0.989175268962,-0.146738840371,0.));
#14390 = ADVANCED_FACE('',(#14391),#14409,.T.);
#14391 = FACE_BOUND('',#14392,.T.);
#14392 = EDGE_LOOP('',(#14393,#14394,#14402,#14408));
#14393 = ORIENTED_EDGE('',*,*,#9619,.F.);
#14394 = ORIENTED_EDGE('',*,*,#14395,.F.);
#14395 = EDGE_CURVE('',#14396,#9612,#14398,.T.);
#14396 = VERTEX_POINT('',#14397);
#14397 = CARTESIAN_POINT('',(54.,32.,3.200000047684));
#14398 = LINE('',#14399,#14400);
#14399 = CARTESIAN_POINT('',(54.,32.,3.200000047684));
#14400 = VECTOR('',#14401,1.);
#14401 = DIRECTION('',(0.,0.,1.));
#14402 = ORIENTED_EDGE('',*,*,#14403,.F.);
#14403 = EDGE_CURVE('',#14372,#14396,#14404,.T.);
#14404 = LINE('',#14405,#14406);
#14405 = CARTESIAN_POINT('',(54.392101287842,32.019298553467,
    3.200000047684));
#14406 = VECTOR('',#14407,1.);
#14407 = DIRECTION('',(-0.998790976291,-4.915878028406E-02,0.));
#14408 = ORIENTED_EDGE('',*,*,#14371,.F.);
#14409 = PLANE('',#14410);
#14410 = AXIS2_PLACEMENT_3D('',#14411,#14412,#14413);
#14411 = CARTESIAN_POINT('',(54.196050643921,32.009649276733,
    6.100000023842));
#14412 = DIRECTION('',(4.915878028406E-02,-0.998790976291,0.));
#14413 = DIRECTION('',(-0.998790976291,-4.915878028406E-02,0.));
#14414 = ADVANCED_FACE('',(#14415),#14433,.T.);
#14415 = FACE_BOUND('',#14416,.T.);
#14416 = EDGE_LOOP('',(#14417,#14418,#14426,#14432));
#14417 = ORIENTED_EDGE('',*,*,#9611,.F.);
#14418 = ORIENTED_EDGE('',*,*,#14419,.F.);
#14419 = EDGE_CURVE('',#14420,#9604,#14422,.T.);
#14420 = VERTEX_POINT('',#14421);
#14421 = CARTESIAN_POINT('',(53.607898712158,32.019298553467,
    3.200000047684));
#14422 = LINE('',#14423,#14424);
#14423 = CARTESIAN_POINT('',(53.607898712158,32.019298553467,
    3.200000047684));
#14424 = VECTOR('',#14425,1.);
#14425 = DIRECTION('',(0.,0.,1.));
#14426 = ORIENTED_EDGE('',*,*,#14427,.F.);
#14427 = EDGE_CURVE('',#14396,#14420,#14428,.T.);
#14428 = LINE('',#14429,#14430);
#14429 = CARTESIAN_POINT('',(54.,32.,3.200000047684));
#14430 = VECTOR('',#14431,1.);
#14431 = DIRECTION('',(-0.998790976291,4.915878028406E-02,0.));
#14432 = ORIENTED_EDGE('',*,*,#14395,.T.);
#14433 = PLANE('',#14434);
#14434 = AXIS2_PLACEMENT_3D('',#14435,#14436,#14437);
#14435 = CARTESIAN_POINT('',(53.803949356079,32.009649276733,
    6.100000023842));
#14436 = DIRECTION('',(-4.915878028406E-02,-0.998790976291,-0.));
#14437 = DIRECTION('',(-0.998790976291,4.915878028406E-02,0.));
#14438 = ADVANCED_FACE('',(#14439),#14457,.T.);
#14439 = FACE_BOUND('',#14440,.T.);
#14440 = EDGE_LOOP('',(#14441,#14442,#14450,#14456));
#14441 = ORIENTED_EDGE('',*,*,#9603,.F.);
#14442 = ORIENTED_EDGE('',*,*,#14443,.F.);
#14443 = EDGE_CURVE('',#14444,#9596,#14446,.T.);
#14444 = VERTEX_POINT('',#14445);
#14445 = CARTESIAN_POINT('',(53.21960067749,32.076900482178,
    3.200000047684));
#14446 = LINE('',#14447,#14448);
#14447 = CARTESIAN_POINT('',(53.21960067749,32.076900482178,
    3.200000047684));
#14448 = VECTOR('',#14449,1.);
#14449 = DIRECTION('',(0.,0.,1.));
#14450 = ORIENTED_EDGE('',*,*,#14451,.F.);
#14451 = EDGE_CURVE('',#14420,#14444,#14452,.T.);
#14452 = LINE('',#14453,#14454);
#14453 = CARTESIAN_POINT('',(53.607898712158,32.019298553467,
    3.200000047684));
#14454 = VECTOR('',#14455,1.);
#14455 = DIRECTION('',(-0.989175268962,0.146738840371,0.));
#14456 = ORIENTED_EDGE('',*,*,#14419,.T.);
#14457 = PLANE('',#14458);
#14458 = AXIS2_PLACEMENT_3D('',#14459,#14460,#14461);
#14459 = CARTESIAN_POINT('',(53.413749694824,32.048099517822,
    6.100000023842));
#14460 = DIRECTION('',(-0.146738840371,-0.989175268962,-0.));
#14461 = DIRECTION('',(-0.989175268962,0.146738840371,0.));
#14462 = ADVANCED_FACE('',(#14463),#14481,.T.);
#14463 = FACE_BOUND('',#14464,.T.);
#14464 = EDGE_LOOP('',(#14465,#14466,#14474,#14480));
#14465 = ORIENTED_EDGE('',*,*,#9595,.T.);
#14466 = ORIENTED_EDGE('',*,*,#14467,.F.);
#14467 = EDGE_CURVE('',#14468,#9588,#14470,.T.);
#14468 = VERTEX_POINT('',#14469);
#14469 = CARTESIAN_POINT('',(52.838901519775,32.172199249268,
    3.200000047684));
#14470 = LINE('',#14471,#14472);
#14471 = CARTESIAN_POINT('',(52.838901519775,32.172199249268,
    3.200000047684));
#14472 = VECTOR('',#14473,1.);
#14473 = DIRECTION('',(0.,0.,1.));
#14474 = ORIENTED_EDGE('',*,*,#14475,.F.);
#14475 = EDGE_CURVE('',#14444,#14468,#14476,.T.);
#14476 = LINE('',#14477,#14478);
#14477 = CARTESIAN_POINT('',(53.21960067749,32.076900482178,
    3.200000047684));
#14478 = VECTOR('',#14479,1.);
#14479 = DIRECTION('',(-0.970068122753,0.242832940967,0.));
#14480 = ORIENTED_EDGE('',*,*,#14443,.T.);
#14481 = PLANE('',#14482);
#14482 = AXIS2_PLACEMENT_3D('',#14483,#14484,#14485);
#14483 = CARTESIAN_POINT('',(53.029251098633,32.124549865723,
    6.100000023842));
#14484 = DIRECTION('',(-0.242832940967,-0.970068122753,-0.));
#14485 = DIRECTION('',(-0.970068122753,0.242832940967,0.));
#14486 = ADVANCED_FACE('',(#14487),#14505,.T.);
#14487 = FACE_BOUND('',#14488,.T.);
#14488 = EDGE_LOOP('',(#14489,#14490,#14498,#14504));
#14489 = ORIENTED_EDGE('',*,*,#9587,.T.);
#14490 = ORIENTED_EDGE('',*,*,#14491,.T.);
#14491 = EDGE_CURVE('',#9580,#14492,#14494,.T.);
#14492 = VERTEX_POINT('',#14493);
#14493 = CARTESIAN_POINT('',(52.469299316406,32.304500579834,
    3.200000047684));
#14494 = LINE('',#14495,#14496);
#14495 = CARTESIAN_POINT('',(52.469299316406,32.304500579834,9.));
#14496 = VECTOR('',#14497,1.);
#14497 = DIRECTION('',(0.,0.,-1.));
#14498 = ORIENTED_EDGE('',*,*,#14499,.F.);
#14499 = EDGE_CURVE('',#14468,#14492,#14500,.T.);
#14500 = LINE('',#14501,#14502);
#14501 = CARTESIAN_POINT('',(52.838901519775,32.172199249268,
    3.200000047684));
#14502 = VECTOR('',#14503,1.);
#14503 = DIRECTION('',(-0.941499174104,0.33701528921,0.));
#14504 = ORIENTED_EDGE('',*,*,#14467,.T.);
#14505 = PLANE('',#14506);
#14506 = AXIS2_PLACEMENT_3D('',#14507,#14508,#14509);
#14507 = CARTESIAN_POINT('',(52.654100418091,32.238349914551,
    6.100000023842));
#14508 = DIRECTION('',(-0.33701528921,-0.941499174104,-0.));
#14509 = DIRECTION('',(-0.941499174104,0.33701528921,0.));
#14510 = ADVANCED_FACE('',(#14511),#14529,.T.);
#14511 = FACE_BOUND('',#14512,.T.);
#14512 = EDGE_LOOP('',(#14513,#14514,#14522,#14528));
#14513 = ORIENTED_EDGE('',*,*,#9579,.F.);
#14514 = ORIENTED_EDGE('',*,*,#14515,.F.);
#14515 = EDGE_CURVE('',#14516,#9572,#14518,.T.);
#14516 = VERTEX_POINT('',#14517);
#14517 = CARTESIAN_POINT('',(52.114398956299,32.472301483154,
    3.200000047684));
#14518 = LINE('',#14519,#14520);
#14519 = CARTESIAN_POINT('',(52.114398956299,32.472301483154,
    3.200000047684));
#14520 = VECTOR('',#14521,1.);
#14521 = DIRECTION('',(0.,0.,1.));
#14522 = ORIENTED_EDGE('',*,*,#14523,.F.);
#14523 = EDGE_CURVE('',#14492,#14516,#14524,.T.);
#14524 = LINE('',#14525,#14526);
#14525 = CARTESIAN_POINT('',(52.469299316406,32.304500579834,
    3.200000047684));
#14526 = VECTOR('',#14527,1.);
#14527 = DIRECTION('',(-0.904042910501,0.427441710615,0.));
#14528 = ORIENTED_EDGE('',*,*,#14491,.F.);
#14529 = PLANE('',#14530);
#14530 = AXIS2_PLACEMENT_3D('',#14531,#14532,#14533);
#14531 = CARTESIAN_POINT('',(52.291849136353,32.388401031494,
    6.100000023842));
#14532 = DIRECTION('',(-0.427441710615,-0.904042910501,-0.));
#14533 = DIRECTION('',(-0.904042910501,0.427441710615,0.));
#14534 = ADVANCED_FACE('',(#14535),#14560,.T.);
#14535 = FACE_BOUND('',#14536,.T.);
#14536 = EDGE_LOOP('',(#14537,#14547,#14553,#14554));
#14537 = ORIENTED_EDGE('',*,*,#14538,.T.);
#14538 = EDGE_CURVE('',#14539,#14541,#14543,.T.);
#14539 = VERTEX_POINT('',#14540);
#14540 = CARTESIAN_POINT('',(52.,32.540901184082,5.699999809265));
#14541 = VERTEX_POINT('',#14542);
#14542 = CARTESIAN_POINT('',(52.,32.540901184082,3.200000047684));
#14543 = LINE('',#14544,#14545);
#14544 = CARTESIAN_POINT('',(52.,32.540901184082,5.699999809265));
#14545 = VECTOR('',#14546,1.);
#14546 = DIRECTION('',(0.,0.,-1.));
#14547 = ORIENTED_EDGE('',*,*,#14548,.F.);
#14548 = EDGE_CURVE('',#14516,#14541,#14549,.T.);
#14549 = LINE('',#14550,#14551);
#14550 = CARTESIAN_POINT('',(52.114398956299,32.472301483154,
    3.200000047684));
#14551 = VECTOR('',#14552,1.);
#14552 = DIRECTION('',(-0.857624111978,0.514277048441,0.));
#14553 = ORIENTED_EDGE('',*,*,#14515,.T.);
#14554 = ORIENTED_EDGE('',*,*,#14555,.F.);
#14555 = EDGE_CURVE('',#14539,#9572,#14556,.T.);
#14556 = LINE('',#14557,#14558);
#14557 = CARTESIAN_POINT('',(52.,32.540901184082,5.699999809265));
#14558 = VECTOR('',#14559,1.);
#14559 = DIRECTION('',(3.463806258528E-02,-2.077082528497E-02,
    0.999184055836));
#14560 = PLANE('',#14561);
#14561 = AXIS2_PLACEMENT_3D('',#14562,#14563,#14564);
#14562 = CARTESIAN_POINT('',(52.073283060059,32.49695676216,
    6.067326088764));
#14563 = DIRECTION('',(-0.514277048441,-0.857624111978,-0.));
#14564 = DIRECTION('',(-0.857624111978,0.514277048441,0.));
#14565 = ADVANCED_FACE('',(#14566),#14591,.T.);
#14566 = FACE_BOUND('',#14567,.T.);
#14567 = EDGE_LOOP('',(#14568,#14569,#14577,#14585));
#14568 = ORIENTED_EDGE('',*,*,#9067,.T.);
#14569 = ORIENTED_EDGE('',*,*,#14570,.F.);
#14570 = EDGE_CURVE('',#14571,#9060,#14573,.T.);
#14571 = VERTEX_POINT('',#14572);
#14572 = CARTESIAN_POINT('',(-52.4692993164,32.304500579834,
    3.200000047684));
#14573 = LINE('',#14574,#14575);
#14574 = CARTESIAN_POINT('',(-52.4692993164,32.304500579834,
    3.200000047684));
#14575 = VECTOR('',#14576,1.);
#14576 = DIRECTION('',(0.,0.,1.));
#14577 = ORIENTED_EDGE('',*,*,#14578,.F.);
#14578 = EDGE_CURVE('',#14579,#14571,#14581,.T.);
#14579 = VERTEX_POINT('',#14580);
#14580 = CARTESIAN_POINT('',(-52.11439895629,32.472301483154,
    3.200000047684));
#14581 = LINE('',#14582,#14583);
#14582 = CARTESIAN_POINT('',(-52.11439895629,32.472301483154,
    3.200000047684));
#14583 = VECTOR('',#14584,1.);
#14584 = DIRECTION('',(-0.904042910501,-0.427441710615,0.));
#14585 = ORIENTED_EDGE('',*,*,#14586,.T.);
#14586 = EDGE_CURVE('',#14579,#9068,#14587,.T.);
#14587 = LINE('',#14588,#14589);
#14588 = CARTESIAN_POINT('',(-52.11439895629,32.472301483154,
    3.200000047684));
#14589 = VECTOR('',#14590,1.);
#14590 = DIRECTION('',(0.,0.,1.));
#14591 = PLANE('',#14592);
#14592 = AXIS2_PLACEMENT_3D('',#14593,#14594,#14595);
#14593 = CARTESIAN_POINT('',(-52.29184913635,32.388401031494,
    6.100000023842));
#14594 = DIRECTION('',(0.427441710615,-0.904042910501,0.));
#14595 = DIRECTION('',(-0.904042910501,-0.427441710615,0.));
#14596 = ADVANCED_FACE('',(#14597),#14622,.T.);
#14597 = FACE_BOUND('',#14598,.T.);
#14598 = EDGE_LOOP('',(#14599,#14607,#14608,#14616));
#14599 = ORIENTED_EDGE('',*,*,#14600,.F.);
#14600 = EDGE_CURVE('',#9068,#14601,#14603,.T.);
#14601 = VERTEX_POINT('',#14602);
#14602 = CARTESIAN_POINT('',(-52.,32.540901184082,5.699999809265));
#14603 = LINE('',#14604,#14605);
#14604 = CARTESIAN_POINT('',(-52.11439895629,32.472301483154,9.));
#14605 = VECTOR('',#14606,1.);
#14606 = DIRECTION('',(3.463806258528E-02,2.077082528497E-02,
    -0.999184055836));
#14607 = ORIENTED_EDGE('',*,*,#14586,.F.);
#14608 = ORIENTED_EDGE('',*,*,#14609,.F.);
#14609 = EDGE_CURVE('',#14610,#14579,#14612,.T.);
#14610 = VERTEX_POINT('',#14611);
#14611 = CARTESIAN_POINT('',(-52.,32.540901184082,3.200000047684));
#14612 = LINE('',#14613,#14614);
#14613 = CARTESIAN_POINT('',(-52.,32.540901184082,3.200000047684));
#14614 = VECTOR('',#14615,1.);
#14615 = DIRECTION('',(-0.857624111978,-0.514277048441,0.));
#14616 = ORIENTED_EDGE('',*,*,#14617,.T.);
#14617 = EDGE_CURVE('',#14610,#14601,#14618,.T.);
#14618 = LINE('',#14619,#14620);
#14619 = CARTESIAN_POINT('',(-52.,32.540901184082,3.200000047684));
#14620 = VECTOR('',#14621,1.);
#14621 = DIRECTION('',(0.,0.,1.));
#14622 = PLANE('',#14623);
#14623 = AXIS2_PLACEMENT_3D('',#14624,#14625,#14626);
#14624 = CARTESIAN_POINT('',(-52.07328306005,32.49695676216,
    6.067326088764));
#14625 = DIRECTION('',(0.514277048441,-0.857624111978,0.));
#14626 = DIRECTION('',(-0.857624111978,-0.514277048441,0.));
#14627 = ADVANCED_FACE('',(#14628),#14646,.T.);
#14628 = FACE_BOUND('',#14629,.T.);
#14629 = EDGE_LOOP('',(#14630,#14631,#14639,#14645));
#14630 = ORIENTED_EDGE('',*,*,#9059,.T.);
#14631 = ORIENTED_EDGE('',*,*,#14632,.T.);
#14632 = EDGE_CURVE('',#9052,#14633,#14635,.T.);
#14633 = VERTEX_POINT('',#14634);
#14634 = CARTESIAN_POINT('',(-52.83890151977,32.172199249268,
    3.200000047684));
#14635 = LINE('',#14636,#14637);
#14636 = CARTESIAN_POINT('',(-52.83890151977,32.172199249268,9.));
#14637 = VECTOR('',#14638,1.);
#14638 = DIRECTION('',(0.,0.,-1.));
#14639 = ORIENTED_EDGE('',*,*,#14640,.F.);
#14640 = EDGE_CURVE('',#14571,#14633,#14641,.T.);
#14641 = LINE('',#14642,#14643);
#14642 = CARTESIAN_POINT('',(-52.4692993164,32.304500579834,
    3.200000047684));
#14643 = VECTOR('',#14644,1.);
#14644 = DIRECTION('',(-0.941499174104,-0.33701528921,0.));
#14645 = ORIENTED_EDGE('',*,*,#14570,.T.);
#14646 = PLANE('',#14647);
#14647 = AXIS2_PLACEMENT_3D('',#14648,#14649,#14650);
#14648 = CARTESIAN_POINT('',(-52.65410041809,32.238349914551,
    6.100000023842));
#14649 = DIRECTION('',(0.33701528921,-0.941499174104,0.));
#14650 = DIRECTION('',(-0.941499174104,-0.33701528921,0.));
#14651 = ADVANCED_FACE('',(#14652),#14670,.T.);
#14652 = FACE_BOUND('',#14653,.T.);
#14653 = EDGE_LOOP('',(#14654,#14655,#14663,#14669));
#14654 = ORIENTED_EDGE('',*,*,#9051,.T.);
#14655 = ORIENTED_EDGE('',*,*,#14656,.F.);
#14656 = EDGE_CURVE('',#14657,#9044,#14659,.T.);
#14657 = VERTEX_POINT('',#14658);
#14658 = CARTESIAN_POINT('',(-53.21960067749,32.076900482178,
    3.200000047684));
#14659 = LINE('',#14660,#14661);
#14660 = CARTESIAN_POINT('',(-53.21960067749,32.076900482178,
    3.200000047684));
#14661 = VECTOR('',#14662,1.);
#14662 = DIRECTION('',(0.,0.,1.));
#14663 = ORIENTED_EDGE('',*,*,#14664,.F.);
#14664 = EDGE_CURVE('',#14633,#14657,#14665,.T.);
#14665 = LINE('',#14666,#14667);
#14666 = CARTESIAN_POINT('',(-52.83890151977,32.172199249268,
    3.200000047684));
#14667 = VECTOR('',#14668,1.);
#14668 = DIRECTION('',(-0.970068122753,-0.242832940967,0.));
#14669 = ORIENTED_EDGE('',*,*,#14632,.F.);
#14670 = PLANE('',#14671);
#14671 = AXIS2_PLACEMENT_3D('',#14672,#14673,#14674);
#14672 = CARTESIAN_POINT('',(-53.02925109863,32.124549865723,
    6.100000023842));
#14673 = DIRECTION('',(0.242832940967,-0.970068122753,0.));
#14674 = DIRECTION('',(-0.970068122753,-0.242832940967,0.));
#14675 = ADVANCED_FACE('',(#14676),#14694,.T.);
#14676 = FACE_BOUND('',#14677,.T.);
#14677 = EDGE_LOOP('',(#14678,#14679,#14687,#14693));
#14678 = ORIENTED_EDGE('',*,*,#9043,.T.);
#14679 = ORIENTED_EDGE('',*,*,#14680,.T.);
#14680 = EDGE_CURVE('',#9036,#14681,#14683,.T.);
#14681 = VERTEX_POINT('',#14682);
#14682 = CARTESIAN_POINT('',(-53.60789871215,32.019298553467,
    3.200000047684));
#14683 = LINE('',#14684,#14685);
#14684 = CARTESIAN_POINT('',(-53.60789871215,32.019298553467,9.));
#14685 = VECTOR('',#14686,1.);
#14686 = DIRECTION('',(0.,0.,-1.));
#14687 = ORIENTED_EDGE('',*,*,#14688,.F.);
#14688 = EDGE_CURVE('',#14657,#14681,#14689,.T.);
#14689 = LINE('',#14690,#14691);
#14690 = CARTESIAN_POINT('',(-53.21960067749,32.076900482178,
    3.200000047684));
#14691 = VECTOR('',#14692,1.);
#14692 = DIRECTION('',(-0.989175268962,-0.146738840371,0.));
#14693 = ORIENTED_EDGE('',*,*,#14656,.T.);
#14694 = PLANE('',#14695);
#14695 = AXIS2_PLACEMENT_3D('',#14696,#14697,#14698);
#14696 = CARTESIAN_POINT('',(-53.41374969482,32.048099517822,
    6.100000023842));
#14697 = DIRECTION('',(0.146738840371,-0.989175268962,0.));
#14698 = DIRECTION('',(-0.989175268962,-0.146738840371,0.));
#14699 = ADVANCED_FACE('',(#14700),#14718,.T.);
#14700 = FACE_BOUND('',#14701,.T.);
#14701 = EDGE_LOOP('',(#14702,#14703,#14711,#14717));
#14702 = ORIENTED_EDGE('',*,*,#9035,.T.);
#14703 = ORIENTED_EDGE('',*,*,#14704,.F.);
#14704 = EDGE_CURVE('',#14705,#9028,#14707,.T.);
#14705 = VERTEX_POINT('',#14706);
#14706 = CARTESIAN_POINT('',(-54.,32.,3.200000047684));
#14707 = LINE('',#14708,#14709);
#14708 = CARTESIAN_POINT('',(-54.,32.,3.200000047684));
#14709 = VECTOR('',#14710,1.);
#14710 = DIRECTION('',(0.,0.,1.));
#14711 = ORIENTED_EDGE('',*,*,#14712,.F.);
#14712 = EDGE_CURVE('',#14681,#14705,#14713,.T.);
#14713 = LINE('',#14714,#14715);
#14714 = CARTESIAN_POINT('',(-53.60789871215,32.019298553467,
    3.200000047684));
#14715 = VECTOR('',#14716,1.);
#14716 = DIRECTION('',(-0.998790976291,-4.915878028406E-02,0.));
#14717 = ORIENTED_EDGE('',*,*,#14680,.F.);
#14718 = PLANE('',#14719);
#14719 = AXIS2_PLACEMENT_3D('',#14720,#14721,#14722);
#14720 = CARTESIAN_POINT('',(-53.80394935607,32.009649276733,
    6.100000023842));
#14721 = DIRECTION('',(4.915878028406E-02,-0.998790976291,0.));
#14722 = DIRECTION('',(-0.998790976291,-4.915878028406E-02,0.));
#14723 = ADVANCED_FACE('',(#14724),#14742,.T.);
#14724 = FACE_BOUND('',#14725,.T.);
#14725 = EDGE_LOOP('',(#14726,#14727,#14735,#14741));
#14726 = ORIENTED_EDGE('',*,*,#9027,.T.);
#14727 = ORIENTED_EDGE('',*,*,#14728,.T.);
#14728 = EDGE_CURVE('',#9020,#14729,#14731,.T.);
#14729 = VERTEX_POINT('',#14730);
#14730 = CARTESIAN_POINT('',(-54.39210128784,32.019298553467,
    3.200000047684));
#14731 = LINE('',#14732,#14733);
#14732 = CARTESIAN_POINT('',(-54.39210128784,32.019298553467,9.));
#14733 = VECTOR('',#14734,1.);
#14734 = DIRECTION('',(0.,0.,-1.));
#14735 = ORIENTED_EDGE('',*,*,#14736,.F.);
#14736 = EDGE_CURVE('',#14705,#14729,#14737,.T.);
#14737 = LINE('',#14738,#14739);
#14738 = CARTESIAN_POINT('',(-54.,32.,3.200000047684));
#14739 = VECTOR('',#14740,1.);
#14740 = DIRECTION('',(-0.998790976291,4.915878028406E-02,0.));
#14741 = ORIENTED_EDGE('',*,*,#14704,.T.);
#14742 = PLANE('',#14743);
#14743 = AXIS2_PLACEMENT_3D('',#14744,#14745,#14746);
#14744 = CARTESIAN_POINT('',(-54.19605064392,32.009649276733,
    6.100000023842));
#14745 = DIRECTION('',(-4.915878028406E-02,-0.998790976291,-0.));
#14746 = DIRECTION('',(-0.998790976291,4.915878028406E-02,0.));
#14747 = ADVANCED_FACE('',(#14748),#14766,.T.);
#14748 = FACE_BOUND('',#14749,.T.);
#14749 = EDGE_LOOP('',(#14750,#14751,#14759,#14765));
#14750 = ORIENTED_EDGE('',*,*,#9019,.T.);
#14751 = ORIENTED_EDGE('',*,*,#14752,.T.);
#14752 = EDGE_CURVE('',#9012,#14753,#14755,.T.);
#14753 = VERTEX_POINT('',#14754);
#14754 = CARTESIAN_POINT('',(-54.78039932251,32.076900482178,
    3.200000047684));
#14755 = LINE('',#14756,#14757);
#14756 = CARTESIAN_POINT('',(-54.78039932251,32.076900482178,9.));
#14757 = VECTOR('',#14758,1.);
#14758 = DIRECTION('',(0.,0.,-1.));
#14759 = ORIENTED_EDGE('',*,*,#14760,.F.);
#14760 = EDGE_CURVE('',#14729,#14753,#14761,.T.);
#14761 = LINE('',#14762,#14763);
#14762 = CARTESIAN_POINT('',(-54.39210128784,32.019298553467,
    3.200000047684));
#14763 = VECTOR('',#14764,1.);
#14764 = DIRECTION('',(-0.989175268962,0.146738840371,0.));
#14765 = ORIENTED_EDGE('',*,*,#14728,.F.);
#14766 = PLANE('',#14767);
#14767 = AXIS2_PLACEMENT_3D('',#14768,#14769,#14770);
#14768 = CARTESIAN_POINT('',(-54.58625030517,32.048099517822,
    6.100000023842));
#14769 = DIRECTION('',(-0.146738840371,-0.989175268962,-0.));
#14770 = DIRECTION('',(-0.989175268962,0.146738840371,0.));
#14771 = ADVANCED_FACE('',(#14772),#14790,.T.);
#14772 = FACE_BOUND('',#14773,.T.);
#14773 = EDGE_LOOP('',(#14774,#14775,#14783,#14789));
#14774 = ORIENTED_EDGE('',*,*,#9011,.T.);
#14775 = ORIENTED_EDGE('',*,*,#14776,.F.);
#14776 = EDGE_CURVE('',#14777,#9004,#14779,.T.);
#14777 = VERTEX_POINT('',#14778);
#14778 = CARTESIAN_POINT('',(-55.16109848022,32.172199249268,
    3.200000047684));
#14779 = LINE('',#14780,#14781);
#14780 = CARTESIAN_POINT('',(-55.16109848022,32.172199249268,
    3.200000047684));
#14781 = VECTOR('',#14782,1.);
#14782 = DIRECTION('',(0.,0.,1.));
#14783 = ORIENTED_EDGE('',*,*,#14784,.F.);
#14784 = EDGE_CURVE('',#14753,#14777,#14785,.T.);
#14785 = LINE('',#14786,#14787);
#14786 = CARTESIAN_POINT('',(-54.78039932251,32.076900482178,
    3.200000047684));
#14787 = VECTOR('',#14788,1.);
#14788 = DIRECTION('',(-0.970068122753,0.242832940967,0.));
#14789 = ORIENTED_EDGE('',*,*,#14752,.F.);
#14790 = PLANE('',#14791);
#14791 = AXIS2_PLACEMENT_3D('',#14792,#14793,#14794);
#14792 = CARTESIAN_POINT('',(-54.97074890136,32.124549865723,
    6.100000023842));
#14793 = DIRECTION('',(-0.242832940967,-0.970068122753,-0.));
#14794 = DIRECTION('',(-0.970068122753,0.242832940967,0.));
#14795 = ADVANCED_FACE('',(#14796),#14814,.T.);
#14796 = FACE_BOUND('',#14797,.T.);
#14797 = EDGE_LOOP('',(#14798,#14799,#14807,#14813));
#14798 = ORIENTED_EDGE('',*,*,#9003,.T.);
#14799 = ORIENTED_EDGE('',*,*,#14800,.T.);
#14800 = EDGE_CURVE('',#8996,#14801,#14803,.T.);
#14801 = VERTEX_POINT('',#14802);
#14802 = CARTESIAN_POINT('',(-55.53070068359,32.304500579834,
    3.200000047684));
#14803 = LINE('',#14804,#14805);
#14804 = CARTESIAN_POINT('',(-55.53070068359,32.304500579834,9.));
#14805 = VECTOR('',#14806,1.);
#14806 = DIRECTION('',(0.,0.,-1.));
#14807 = ORIENTED_EDGE('',*,*,#14808,.F.);
#14808 = EDGE_CURVE('',#14777,#14801,#14809,.T.);
#14809 = LINE('',#14810,#14811);
#14810 = CARTESIAN_POINT('',(-55.16109848022,32.172199249268,
    3.200000047684));
#14811 = VECTOR('',#14812,1.);
#14812 = DIRECTION('',(-0.941499174104,0.33701528921,0.));
#14813 = ORIENTED_EDGE('',*,*,#14776,.T.);
#14814 = PLANE('',#14815);
#14815 = AXIS2_PLACEMENT_3D('',#14816,#14817,#14818);
#14816 = CARTESIAN_POINT('',(-55.3458995819,32.238349914551,
    6.100000023842));
#14817 = DIRECTION('',(-0.33701528921,-0.941499174104,-0.));
#14818 = DIRECTION('',(-0.941499174104,0.33701528921,0.));
#14819 = ADVANCED_FACE('',(#14820),#14838,.T.);
#14820 = FACE_BOUND('',#14821,.T.);
#14821 = EDGE_LOOP('',(#14822,#14823,#14831,#14837));
#14822 = ORIENTED_EDGE('',*,*,#8995,.T.);
#14823 = ORIENTED_EDGE('',*,*,#14824,.F.);
#14824 = EDGE_CURVE('',#14825,#8988,#14827,.T.);
#14825 = VERTEX_POINT('',#14826);
#14826 = CARTESIAN_POINT('',(-55.8856010437,32.472301483154,
    3.200000047684));
#14827 = LINE('',#14828,#14829);
#14828 = CARTESIAN_POINT('',(-55.8856010437,32.472301483154,
    3.200000047684));
#14829 = VECTOR('',#14830,1.);
#14830 = DIRECTION('',(0.,0.,1.));
#14831 = ORIENTED_EDGE('',*,*,#14832,.F.);
#14832 = EDGE_CURVE('',#14801,#14825,#14833,.T.);
#14833 = LINE('',#14834,#14835);
#14834 = CARTESIAN_POINT('',(-55.53070068359,32.304500579834,
    3.200000047684));
#14835 = VECTOR('',#14836,1.);
#14836 = DIRECTION('',(-0.904042910501,0.427441710615,0.));
#14837 = ORIENTED_EDGE('',*,*,#14800,.F.);
#14838 = PLANE('',#14839);
#14839 = AXIS2_PLACEMENT_3D('',#14840,#14841,#14842);
#14840 = CARTESIAN_POINT('',(-55.70815086364,32.388401031494,
    6.100000023842));
#14841 = DIRECTION('',(-0.427441710615,-0.904042910501,-0.));
#14842 = DIRECTION('',(-0.904042910501,0.427441710615,0.));
#14843 = ADVANCED_FACE('',(#14844),#14862,.T.);
#14844 = FACE_BOUND('',#14845,.T.);
#14845 = EDGE_LOOP('',(#14846,#14847,#14855,#14861));
#14846 = ORIENTED_EDGE('',*,*,#8987,.T.);
#14847 = ORIENTED_EDGE('',*,*,#14848,.T.);
#14848 = EDGE_CURVE('',#8980,#14849,#14851,.T.);
#14849 = VERTEX_POINT('',#14850);
#14850 = CARTESIAN_POINT('',(-56.22230148315,32.674098968506,
    3.200000047684));
#14851 = LINE('',#14852,#14853);
#14852 = CARTESIAN_POINT('',(-56.22230148315,32.674098968506,9.));
#14853 = VECTOR('',#14854,1.);
#14854 = DIRECTION('',(0.,0.,-1.));
#14855 = ORIENTED_EDGE('',*,*,#14856,.F.);
#14856 = EDGE_CURVE('',#14825,#14849,#14857,.T.);
#14857 = LINE('',#14858,#14859);
#14858 = CARTESIAN_POINT('',(-55.8856010437,32.472301483154,
    3.200000047684));
#14859 = VECTOR('',#14860,1.);
#14860 = DIRECTION('',(-0.857743203732,0.514078395239,0.));
#14861 = ORIENTED_EDGE('',*,*,#14824,.T.);
#14862 = PLANE('',#14863);
#14863 = AXIS2_PLACEMENT_3D('',#14864,#14865,#14866);
#14864 = CARTESIAN_POINT('',(-56.05395126342,32.57320022583,
    6.100000023842));
#14865 = DIRECTION('',(-0.514078395239,-0.857743203732,-0.));
#14866 = DIRECTION('',(-0.857743203732,0.514078395239,0.));
#14867 = ADVANCED_FACE('',(#14868),#14886,.T.);
#14868 = FACE_BOUND('',#14869,.T.);
#14869 = EDGE_LOOP('',(#14870,#14871,#14879,#14885));
#14870 = ORIENTED_EDGE('',*,*,#8979,.T.);
#14871 = ORIENTED_EDGE('',*,*,#14872,.T.);
#14872 = EDGE_CURVE('',#8972,#14873,#14875,.T.);
#14873 = VERTEX_POINT('',#14874);
#14874 = CARTESIAN_POINT('',(-56.53760147094,32.908000946045,
    3.200000047684));
#14875 = LINE('',#14876,#14877);
#14876 = CARTESIAN_POINT('',(-56.53760147094,32.908000946045,9.));
#14877 = VECTOR('',#14878,1.);
#14878 = DIRECTION('',(0.,0.,-1.));
#14879 = ORIENTED_EDGE('',*,*,#14880,.F.);
#14880 = EDGE_CURVE('',#14849,#14873,#14881,.T.);
#14881 = LINE('',#14882,#14883);
#14882 = CARTESIAN_POINT('',(-56.22230148315,32.674098968506,
    3.200000047684));
#14883 = VECTOR('',#14884,1.);
#14884 = DIRECTION('',(-0.803134924565,0.595797191118,0.));
#14885 = ORIENTED_EDGE('',*,*,#14848,.F.);
#14886 = PLANE('',#14887);
#14887 = AXIS2_PLACEMENT_3D('',#14888,#14889,#14890);
#14888 = CARTESIAN_POINT('',(-56.37995147705,32.791049957275,
    6.100000023842));
#14889 = DIRECTION('',(-0.595797191118,-0.803134924565,-0.));
#14890 = DIRECTION('',(-0.803134924565,0.595797191118,0.));
#14891 = ADVANCED_FACE('',(#14892),#14910,.T.);
#14892 = FACE_BOUND('',#14893,.T.);
#14893 = EDGE_LOOP('',(#14894,#14895,#14903,#14909));
#14894 = ORIENTED_EDGE('',*,*,#8971,.T.);
#14895 = ORIENTED_EDGE('',*,*,#14896,.F.);
#14896 = EDGE_CURVE('',#14897,#8964,#14899,.T.);
#14897 = VERTEX_POINT('',#14898);
#14898 = CARTESIAN_POINT('',(-56.8283996582,33.171600341797,
    3.200000047684));
#14899 = LINE('',#14900,#14901);
#14900 = CARTESIAN_POINT('',(-56.8283996582,33.171600341797,
    3.200000047684));
#14901 = VECTOR('',#14902,1.);
#14902 = DIRECTION('',(0.,0.,1.));
#14903 = ORIENTED_EDGE('',*,*,#14904,.F.);
#14904 = EDGE_CURVE('',#14873,#14897,#14905,.T.);
#14905 = LINE('',#14906,#14907);
#14906 = CARTESIAN_POINT('',(-56.53760147094,32.908000946045,
    3.200000047684));
#14907 = VECTOR('',#14908,1.);
#14908 = DIRECTION('',(-0.740906393777,0.671608305235,0.));
#14909 = ORIENTED_EDGE('',*,*,#14872,.F.);
#14910 = PLANE('',#14911);
#14911 = AXIS2_PLACEMENT_3D('',#14912,#14913,#14914);
#14912 = CARTESIAN_POINT('',(-56.68300056457,33.039800643921,
    6.100000023842));
#14913 = DIRECTION('',(-0.671608305235,-0.740906393777,-0.));
#14914 = DIRECTION('',(-0.740906393777,0.671608305235,0.));
#14915 = ADVANCED_FACE('',(#14916),#14934,.T.);
#14916 = FACE_BOUND('',#14917,.T.);
#14917 = EDGE_LOOP('',(#14918,#14926,#14932,#14933));
#14918 = ORIENTED_EDGE('',*,*,#14919,.T.);
#14919 = EDGE_CURVE('',#8956,#14920,#14922,.T.);
#14920 = VERTEX_POINT('',#14921);
#14921 = CARTESIAN_POINT('',(-57.09199905395,33.462398529053,
    3.200000047684));
#14922 = LINE('',#14923,#14924);
#14923 = CARTESIAN_POINT('',(-57.09199905395,33.462398529053,9.));
#14924 = VECTOR('',#14925,1.);
#14925 = DIRECTION('',(0.,0.,-1.));
#14926 = ORIENTED_EDGE('',*,*,#14927,.F.);
#14927 = EDGE_CURVE('',#14897,#14920,#14928,.T.);
#14928 = LINE('',#14929,#14930);
#14929 = CARTESIAN_POINT('',(-56.8283996582,33.171600341797,
    3.200000047684));
#14930 = VECTOR('',#14931,1.);
#14931 = DIRECTION('',(-0.671608305235,0.740906393777,0.));
#14932 = ORIENTED_EDGE('',*,*,#14896,.T.);
#14933 = ORIENTED_EDGE('',*,*,#8963,.T.);
#14934 = PLANE('',#14935);
#14935 = AXIS2_PLACEMENT_3D('',#14936,#14937,#14938);
#14936 = CARTESIAN_POINT('',(-56.96019935607,33.316999435425,
    6.100000023842));
#14937 = DIRECTION('',(-0.740906393777,-0.671608305235,-0.));
#14938 = DIRECTION('',(0.671608305235,-0.740906393777,0.));
#14939 = ADVANCED_FACE('',(#14940),#14958,.T.);
#14940 = FACE_BOUND('',#14941,.T.);
#14941 = EDGE_LOOP('',(#14942,#14950,#14956,#14957));
#14942 = ORIENTED_EDGE('',*,*,#14943,.T.);
#14943 = EDGE_CURVE('',#8948,#14944,#14946,.T.);
#14944 = VERTEX_POINT('',#14945);
#14945 = CARTESIAN_POINT('',(-57.32590103149,33.777698516846,
    3.200000047684));
#14946 = LINE('',#14947,#14948);
#14947 = CARTESIAN_POINT('',(-57.32590103149,33.777698516846,9.));
#14948 = VECTOR('',#14949,1.);
#14949 = DIRECTION('',(0.,0.,-1.));
#14950 = ORIENTED_EDGE('',*,*,#14951,.F.);
#14951 = EDGE_CURVE('',#14920,#14944,#14952,.T.);
#14952 = LINE('',#14953,#14954);
#14953 = CARTESIAN_POINT('',(-57.09199905395,33.462398529053,
    3.200000047684));
#14954 = VECTOR('',#14955,1.);
#14955 = DIRECTION('',(-0.595797191118,0.803134924565,0.));
#14956 = ORIENTED_EDGE('',*,*,#14919,.F.);
#14957 = ORIENTED_EDGE('',*,*,#8955,.T.);
#14958 = PLANE('',#14959);
#14959 = AXIS2_PLACEMENT_3D('',#14960,#14961,#14962);
#14960 = CARTESIAN_POINT('',(-57.20895004272,33.620048522949,
    6.100000023842));
#14961 = DIRECTION('',(-0.803134924565,-0.595797191118,-0.));
#14962 = DIRECTION('',(0.595797191118,-0.803134924565,0.));
#14963 = ADVANCED_FACE('',(#14964),#14982,.T.);
#14964 = FACE_BOUND('',#14965,.T.);
#14965 = EDGE_LOOP('',(#14966,#14974,#14980,#14981));
#14966 = ORIENTED_EDGE('',*,*,#14967,.F.);
#14967 = EDGE_CURVE('',#14968,#8940,#14970,.T.);
#14968 = VERTEX_POINT('',#14969);
#14969 = CARTESIAN_POINT('',(-57.52769851684,34.114398956299,
    3.200000047684));
#14970 = LINE('',#14971,#14972);
#14971 = CARTESIAN_POINT('',(-57.52769851684,34.114398956299,
    3.200000047684));
#14972 = VECTOR('',#14973,1.);
#14973 = DIRECTION('',(0.,0.,1.));
#14974 = ORIENTED_EDGE('',*,*,#14975,.F.);
#14975 = EDGE_CURVE('',#14944,#14968,#14976,.T.);
#14976 = LINE('',#14977,#14978);
#14977 = CARTESIAN_POINT('',(-57.32590103149,33.777698516846,
    3.200000047684));
#14978 = VECTOR('',#14979,1.);
#14979 = DIRECTION('',(-0.514078395239,0.857743203732,0.));
#14980 = ORIENTED_EDGE('',*,*,#14943,.F.);
#14981 = ORIENTED_EDGE('',*,*,#8947,.F.);
#14982 = PLANE('',#14983);
#14983 = AXIS2_PLACEMENT_3D('',#14984,#14985,#14986);
#14984 = CARTESIAN_POINT('',(-57.42679977417,33.946048736572,
    6.100000023842));
#14985 = DIRECTION('',(-0.857743203732,-0.514078395239,-0.));
#14986 = DIRECTION('',(0.514078395239,-0.857743203732,0.));
#14987 = ADVANCED_FACE('',(#14988),#15006,.T.);
#14988 = FACE_BOUND('',#14989,.T.);
#14989 = EDGE_LOOP('',(#14990,#14998,#15004,#15005));
#14990 = ORIENTED_EDGE('',*,*,#14991,.T.);
#14991 = EDGE_CURVE('',#8932,#14992,#14994,.T.);
#14992 = VERTEX_POINT('',#14993);
#14993 = CARTESIAN_POINT('',(-57.69549942016,34.469299316406,
    3.200000047684));
#14994 = LINE('',#14995,#14996);
#14995 = CARTESIAN_POINT('',(-57.69549942016,34.469299316406,9.));
#14996 = VECTOR('',#14997,1.);
#14997 = DIRECTION('',(0.,0.,-1.));
#14998 = ORIENTED_EDGE('',*,*,#14999,.F.);
#14999 = EDGE_CURVE('',#14968,#14992,#15000,.T.);
#15000 = LINE('',#15001,#15002);
#15001 = CARTESIAN_POINT('',(-57.52769851684,34.114398956299,
    3.200000047684));
#15002 = VECTOR('',#15003,1.);
#15003 = DIRECTION('',(-0.427441710615,0.904042910501,0.));
#15004 = ORIENTED_EDGE('',*,*,#14967,.T.);
#15005 = ORIENTED_EDGE('',*,*,#8939,.T.);
#15006 = PLANE('',#15007);
#15007 = AXIS2_PLACEMENT_3D('',#15008,#15009,#15010);
#15008 = CARTESIAN_POINT('',(-57.6115989685,34.291849136353,
    6.100000023842));
#15009 = DIRECTION('',(-0.904042910501,-0.427441710615,-0.));
#15010 = DIRECTION('',(0.427441710615,-0.904042910501,0.));
#15011 = ADVANCED_FACE('',(#15012),#15030,.T.);
#15012 = FACE_BOUND('',#15013,.T.);
#15013 = EDGE_LOOP('',(#15014,#15022,#15028,#15029));
#15014 = ORIENTED_EDGE('',*,*,#15015,.T.);
#15015 = EDGE_CURVE('',#8924,#15016,#15018,.T.);
#15016 = VERTEX_POINT('',#15017);
#15017 = CARTESIAN_POINT('',(-57.82780075073,34.838901519775,
    3.200000047684));
#15018 = LINE('',#15019,#15020);
#15019 = CARTESIAN_POINT('',(-57.82780075073,34.838901519775,9.));
#15020 = VECTOR('',#15021,1.);
#15021 = DIRECTION('',(0.,0.,-1.));
#15022 = ORIENTED_EDGE('',*,*,#15023,.F.);
#15023 = EDGE_CURVE('',#14992,#15016,#15024,.T.);
#15024 = LINE('',#15025,#15026);
#15025 = CARTESIAN_POINT('',(-57.69549942016,34.469299316406,
    3.200000047684));
#15026 = VECTOR('',#15027,1.);
#15027 = DIRECTION('',(-0.33701528921,0.941499174104,0.));
#15028 = ORIENTED_EDGE('',*,*,#14991,.F.);
#15029 = ORIENTED_EDGE('',*,*,#8931,.T.);
#15030 = PLANE('',#15031);
#15031 = AXIS2_PLACEMENT_3D('',#15032,#15033,#15034);
#15032 = CARTESIAN_POINT('',(-57.76165008544,34.654100418091,
    6.100000023842));
#15033 = DIRECTION('',(-0.941499174104,-0.33701528921,-0.));
#15034 = DIRECTION('',(0.33701528921,-0.941499174104,0.));
#15035 = ADVANCED_FACE('',(#15036),#15054,.T.);
#15036 = FACE_BOUND('',#15037,.T.);
#15037 = EDGE_LOOP('',(#15038,#15046,#15052,#15053));
#15038 = ORIENTED_EDGE('',*,*,#15039,.F.);
#15039 = EDGE_CURVE('',#15040,#8914,#15042,.T.);
#15040 = VERTEX_POINT('',#15041);
#15041 = CARTESIAN_POINT('',(-57.92309951782,35.21960067749,
    3.200000047684));
#15042 = LINE('',#15043,#15044);
#15043 = CARTESIAN_POINT('',(-57.92309951782,35.21960067749,
    3.200000047684));
#15044 = VECTOR('',#15045,1.);
#15045 = DIRECTION('',(0.,0.,1.));
#15046 = ORIENTED_EDGE('',*,*,#15047,.F.);
#15047 = EDGE_CURVE('',#15016,#15040,#15048,.T.);
#15048 = LINE('',#15049,#15050);
#15049 = CARTESIAN_POINT('',(-57.82780075073,34.838901519775,
    3.200000047684));
#15050 = VECTOR('',#15051,1.);
#15051 = DIRECTION('',(-0.242832940967,0.970068122753,0.));
#15052 = ORIENTED_EDGE('',*,*,#15015,.F.);
#15053 = ORIENTED_EDGE('',*,*,#8923,.T.);
#15054 = PLANE('',#15055);
#15055 = AXIS2_PLACEMENT_3D('',#15056,#15057,#15058);
#15056 = CARTESIAN_POINT('',(-57.87545013427,35.029251098633,
    6.100000023842));
#15057 = DIRECTION('',(-0.970068122753,-0.242832940967,-0.));
#15058 = DIRECTION('',(0.242832940967,-0.970068122753,0.));
#15059 = ADVANCED_FACE('',(#15060),#15078,.T.);
#15060 = FACE_BOUND('',#15061,.T.);
#15061 = EDGE_LOOP('',(#15062,#15070,#15076,#15077));
#15062 = ORIENTED_EDGE('',*,*,#15063,.T.);
#15063 = EDGE_CURVE('',#8916,#15064,#15066,.T.);
#15064 = VERTEX_POINT('',#15065);
#15065 = CARTESIAN_POINT('',(-57.98070144653,35.607898712158,
    3.200000047684));
#15066 = LINE('',#15067,#15068);
#15067 = CARTESIAN_POINT('',(-57.98070144653,35.607898712158,9.));
#15068 = VECTOR('',#15069,1.);
#15069 = DIRECTION('',(0.,0.,-1.));
#15070 = ORIENTED_EDGE('',*,*,#15071,.F.);
#15071 = EDGE_CURVE('',#15040,#15064,#15072,.T.);
#15072 = LINE('',#15073,#15074);
#15073 = CARTESIAN_POINT('',(-57.92309951782,35.21960067749,
    3.200000047684));
#15074 = VECTOR('',#15075,1.);
#15075 = DIRECTION('',(-0.146738840371,0.989175268962,0.));
#15076 = ORIENTED_EDGE('',*,*,#15039,.T.);
#15077 = ORIENTED_EDGE('',*,*,#8913,.T.);
#15078 = PLANE('',#15079);
#15079 = AXIS2_PLACEMENT_3D('',#15080,#15081,#15082);
#15080 = CARTESIAN_POINT('',(-57.95190048217,35.413749694824,
    6.100000023842));
#15081 = DIRECTION('',(-0.989175268962,-0.146738840371,-0.));
#15082 = DIRECTION('',(0.146738840371,-0.989175268962,0.));
#15083 = ADVANCED_FACE('',(#15084),#15102,.T.);
#15084 = FACE_BOUND('',#15085,.T.);
#15085 = EDGE_LOOP('',(#15086,#15094,#15100,#15101));
#15086 = ORIENTED_EDGE('',*,*,#15087,.F.);
#15087 = EDGE_CURVE('',#15088,#9412,#15090,.T.);
#15088 = VERTEX_POINT('',#15089);
#15089 = CARTESIAN_POINT('',(-58.,36.,3.200000047684));
#15090 = LINE('',#15091,#15092);
#15091 = CARTESIAN_POINT('',(-58.,36.,3.200000047684));
#15092 = VECTOR('',#15093,1.);
#15093 = DIRECTION('',(0.,0.,1.));
#15094 = ORIENTED_EDGE('',*,*,#15095,.F.);
#15095 = EDGE_CURVE('',#15064,#15088,#15096,.T.);
#15096 = LINE('',#15097,#15098);
#15097 = CARTESIAN_POINT('',(-57.98070144653,35.607898712158,
    3.200000047684));
#15098 = VECTOR('',#15099,1.);
#15099 = DIRECTION('',(-4.915878028406E-02,0.998790976291,0.));
#15100 = ORIENTED_EDGE('',*,*,#15063,.F.);
#15101 = ORIENTED_EDGE('',*,*,#9419,.F.);
#15102 = PLANE('',#15103);
#15103 = AXIS2_PLACEMENT_3D('',#15104,#15105,#15106);
#15104 = CARTESIAN_POINT('',(-57.99035072326,35.803949356079,
    6.100000023842));
#15105 = DIRECTION('',(-0.998790976291,-4.915878028406E-02,-0.));
#15106 = DIRECTION('',(4.915878028406E-02,-0.998790976291,0.));
#15107 = ADVANCED_FACE('',(#15108),#15126,.T.);
#15108 = FACE_BOUND('',#15109,.T.);
#15109 = EDGE_LOOP('',(#15110,#15118,#15124,#15125));
#15110 = ORIENTED_EDGE('',*,*,#15111,.F.);
#15111 = EDGE_CURVE('',#15112,#9404,#15114,.T.);
#15112 = VERTEX_POINT('',#15113);
#15113 = CARTESIAN_POINT('',(-57.98070144653,36.392101287842,
    3.200000047684));
#15114 = LINE('',#15115,#15116);
#15115 = CARTESIAN_POINT('',(-57.98070144653,36.392101287842,
    3.200000047684));
#15116 = VECTOR('',#15117,1.);
#15117 = DIRECTION('',(0.,0.,1.));
#15118 = ORIENTED_EDGE('',*,*,#15119,.F.);
#15119 = EDGE_CURVE('',#15088,#15112,#15120,.T.);
#15120 = LINE('',#15121,#15122);
#15121 = CARTESIAN_POINT('',(-58.,36.,3.200000047684));
#15122 = VECTOR('',#15123,1.);
#15123 = DIRECTION('',(4.915878028406E-02,0.998790976291,0.));
#15124 = ORIENTED_EDGE('',*,*,#15087,.T.);
#15125 = ORIENTED_EDGE('',*,*,#9411,.T.);
#15126 = PLANE('',#15127);
#15127 = AXIS2_PLACEMENT_3D('',#15128,#15129,#15130);
#15128 = CARTESIAN_POINT('',(-57.99035072326,36.196050643921,
    6.100000023842));
#15129 = DIRECTION('',(-0.998790976291,4.915878028406E-02,0.));
#15130 = DIRECTION('',(-4.915878028406E-02,-0.998790976291,0.));
#15131 = ADVANCED_FACE('',(#15132),#15150,.T.);
#15132 = FACE_BOUND('',#15133,.T.);
#15133 = EDGE_LOOP('',(#15134,#15142,#15148,#15149));
#15134 = ORIENTED_EDGE('',*,*,#15135,.T.);
#15135 = EDGE_CURVE('',#9396,#15136,#15138,.T.);
#15136 = VERTEX_POINT('',#15137);
#15137 = CARTESIAN_POINT('',(-57.92309951782,36.78039932251,
    3.200000047684));
#15138 = LINE('',#15139,#15140);
#15139 = CARTESIAN_POINT('',(-57.92309951782,36.78039932251,9.));
#15140 = VECTOR('',#15141,1.);
#15141 = DIRECTION('',(0.,0.,-1.));
#15142 = ORIENTED_EDGE('',*,*,#15143,.F.);
#15143 = EDGE_CURVE('',#15112,#15136,#15144,.T.);
#15144 = LINE('',#15145,#15146);
#15145 = CARTESIAN_POINT('',(-57.98070144653,36.392101287842,
    3.200000047684));
#15146 = VECTOR('',#15147,1.);
#15147 = DIRECTION('',(0.146738840371,0.989175268962,0.));
#15148 = ORIENTED_EDGE('',*,*,#15111,.T.);
#15149 = ORIENTED_EDGE('',*,*,#9403,.T.);
#15150 = PLANE('',#15151);
#15151 = AXIS2_PLACEMENT_3D('',#15152,#15153,#15154);
#15152 = CARTESIAN_POINT('',(-57.95190048217,36.586250305176,
    6.100000023842));
#15153 = DIRECTION('',(-0.989175268962,0.146738840371,0.));
#15154 = DIRECTION('',(-0.146738840371,-0.989175268962,0.));
#15155 = ADVANCED_FACE('',(#15156),#15174,.T.);
#15156 = FACE_BOUND('',#15157,.T.);
#15157 = EDGE_LOOP('',(#15158,#15166,#15172,#15173));
#15158 = ORIENTED_EDGE('',*,*,#15159,.F.);
#15159 = EDGE_CURVE('',#15160,#9388,#15162,.T.);
#15160 = VERTEX_POINT('',#15161);
#15161 = CARTESIAN_POINT('',(-57.82780075073,37.161098480225,
    3.200000047684));
#15162 = LINE('',#15163,#15164);
#15163 = CARTESIAN_POINT('',(-57.82780075073,37.161098480225,
    3.200000047684));
#15164 = VECTOR('',#15165,1.);
#15165 = DIRECTION('',(0.,0.,1.));
#15166 = ORIENTED_EDGE('',*,*,#15167,.F.);
#15167 = EDGE_CURVE('',#15136,#15160,#15168,.T.);
#15168 = LINE('',#15169,#15170);
#15169 = CARTESIAN_POINT('',(-57.92309951782,36.78039932251,
    3.200000047684));
#15170 = VECTOR('',#15171,1.);
#15171 = DIRECTION('',(0.242832940967,0.970068122753,0.));
#15172 = ORIENTED_EDGE('',*,*,#15135,.F.);
#15173 = ORIENTED_EDGE('',*,*,#9395,.T.);
#15174 = PLANE('',#15175);
#15175 = AXIS2_PLACEMENT_3D('',#15176,#15177,#15178);
#15176 = CARTESIAN_POINT('',(-57.87545013427,36.970748901367,
    6.100000023842));
#15177 = DIRECTION('',(-0.970068122753,0.242832940967,0.));
#15178 = DIRECTION('',(-0.242832940967,-0.970068122753,0.));
#15179 = ADVANCED_FACE('',(#15180),#15198,.T.);
#15180 = FACE_BOUND('',#15181,.T.);
#15181 = EDGE_LOOP('',(#15182,#15190,#15196,#15197));
#15182 = ORIENTED_EDGE('',*,*,#15183,.T.);
#15183 = EDGE_CURVE('',#9380,#15184,#15186,.T.);
#15184 = VERTEX_POINT('',#15185);
#15185 = CARTESIAN_POINT('',(-57.69549942016,37.530700683594,
    3.200000047684));
#15186 = LINE('',#15187,#15188);
#15187 = CARTESIAN_POINT('',(-57.69549942016,37.530700683594,9.));
#15188 = VECTOR('',#15189,1.);
#15189 = DIRECTION('',(0.,0.,-1.));
#15190 = ORIENTED_EDGE('',*,*,#15191,.F.);
#15191 = EDGE_CURVE('',#15160,#15184,#15192,.T.);
#15192 = LINE('',#15193,#15194);
#15193 = CARTESIAN_POINT('',(-57.82780075073,37.161098480225,
    3.200000047684));
#15194 = VECTOR('',#15195,1.);
#15195 = DIRECTION('',(0.33701528921,0.941499174104,0.));
#15196 = ORIENTED_EDGE('',*,*,#15159,.T.);
#15197 = ORIENTED_EDGE('',*,*,#9387,.T.);
#15198 = PLANE('',#15199);
#15199 = AXIS2_PLACEMENT_3D('',#15200,#15201,#15202);
#15200 = CARTESIAN_POINT('',(-57.76165008544,37.345899581909,
    6.100000023842));
#15201 = DIRECTION('',(-0.941499174104,0.33701528921,0.));
#15202 = DIRECTION('',(-0.33701528921,-0.941499174104,0.));
#15203 = ADVANCED_FACE('',(#15204),#15222,.T.);
#15204 = FACE_BOUND('',#15205,.T.);
#15205 = EDGE_LOOP('',(#15206,#15214,#15220,#15221));
#15206 = ORIENTED_EDGE('',*,*,#15207,.F.);
#15207 = EDGE_CURVE('',#15208,#9372,#15210,.T.);
#15208 = VERTEX_POINT('',#15209);
#15209 = CARTESIAN_POINT('',(-57.52769851684,37.885601043701,
    3.200000047684));
#15210 = LINE('',#15211,#15212);
#15211 = CARTESIAN_POINT('',(-57.52769851684,37.885601043701,
    3.200000047684));
#15212 = VECTOR('',#15213,1.);
#15213 = DIRECTION('',(0.,0.,1.));
#15214 = ORIENTED_EDGE('',*,*,#15215,.F.);
#15215 = EDGE_CURVE('',#15184,#15208,#15216,.T.);
#15216 = LINE('',#15217,#15218);
#15217 = CARTESIAN_POINT('',(-57.69549942016,37.530700683594,
    3.200000047684));
#15218 = VECTOR('',#15219,1.);
#15219 = DIRECTION('',(0.427441710615,0.904042910501,0.));
#15220 = ORIENTED_EDGE('',*,*,#15183,.F.);
#15221 = ORIENTED_EDGE('',*,*,#9379,.F.);
#15222 = PLANE('',#15223);
#15223 = AXIS2_PLACEMENT_3D('',#15224,#15225,#15226);
#15224 = CARTESIAN_POINT('',(-57.6115989685,37.708150863647,
    6.100000023842));
#15225 = DIRECTION('',(-0.904042910501,0.427441710615,0.));
#15226 = DIRECTION('',(-0.427441710615,-0.904042910501,0.));
#15227 = ADVANCED_FACE('',(#15228),#15246,.T.);
#15228 = FACE_BOUND('',#15229,.T.);
#15229 = EDGE_LOOP('',(#15230,#15238,#15244,#15245));
#15230 = ORIENTED_EDGE('',*,*,#15231,.T.);
#15231 = EDGE_CURVE('',#9364,#15232,#15234,.T.);
#15232 = VERTEX_POINT('',#15233);
#15233 = CARTESIAN_POINT('',(-57.32590103149,38.222301483154,
    3.200000047684));
#15234 = LINE('',#15235,#15236);
#15235 = CARTESIAN_POINT('',(-57.32590103149,38.222301483154,9.));
#15236 = VECTOR('',#15237,1.);
#15237 = DIRECTION('',(0.,0.,-1.));
#15238 = ORIENTED_EDGE('',*,*,#15239,.F.);
#15239 = EDGE_CURVE('',#15208,#15232,#15240,.T.);
#15240 = LINE('',#15241,#15242);
#15241 = CARTESIAN_POINT('',(-57.52769851684,37.885601043701,
    3.200000047684));
#15242 = VECTOR('',#15243,1.);
#15243 = DIRECTION('',(0.514078395239,0.857743203732,0.));
#15244 = ORIENTED_EDGE('',*,*,#15207,.T.);
#15245 = ORIENTED_EDGE('',*,*,#9371,.T.);
#15246 = PLANE('',#15247);
#15247 = AXIS2_PLACEMENT_3D('',#15248,#15249,#15250);
#15248 = CARTESIAN_POINT('',(-57.42679977417,38.053951263428,
    6.100000023842));
#15249 = DIRECTION('',(-0.857743203732,0.514078395239,0.));
#15250 = DIRECTION('',(-0.514078395239,-0.857743203732,0.));
#15251 = ADVANCED_FACE('',(#15252),#15270,.T.);
#15252 = FACE_BOUND('',#15253,.T.);
#15253 = EDGE_LOOP('',(#15254,#15262,#15268,#15269));
#15254 = ORIENTED_EDGE('',*,*,#15255,.F.);
#15255 = EDGE_CURVE('',#15256,#9356,#15258,.T.);
#15256 = VERTEX_POINT('',#15257);
#15257 = CARTESIAN_POINT('',(-57.09199905395,38.537601470947,
    3.200000047684));
#15258 = LINE('',#15259,#15260);
#15259 = CARTESIAN_POINT('',(-57.09199905395,38.537601470947,
    3.200000047684));
#15260 = VECTOR('',#15261,1.);
#15261 = DIRECTION('',(0.,0.,1.));
#15262 = ORIENTED_EDGE('',*,*,#15263,.F.);
#15263 = EDGE_CURVE('',#15232,#15256,#15264,.T.);
#15264 = LINE('',#15265,#15266);
#15265 = CARTESIAN_POINT('',(-57.32590103149,38.222301483154,
    3.200000047684));
#15266 = VECTOR('',#15267,1.);
#15267 = DIRECTION('',(0.595797191118,0.803134924565,0.));
#15268 = ORIENTED_EDGE('',*,*,#15231,.F.);
#15269 = ORIENTED_EDGE('',*,*,#9363,.T.);
#15270 = PLANE('',#15271);
#15271 = AXIS2_PLACEMENT_3D('',#15272,#15273,#15274);
#15272 = CARTESIAN_POINT('',(-57.20895004272,38.379951477051,
    6.100000023842));
#15273 = DIRECTION('',(-0.803134924565,0.595797191118,0.));
#15274 = DIRECTION('',(-0.595797191118,-0.803134924565,0.));
#15275 = ADVANCED_FACE('',(#15276),#15294,.T.);
#15276 = FACE_BOUND('',#15277,.T.);
#15277 = EDGE_LOOP('',(#15278,#15286,#15292,#15293));
#15278 = ORIENTED_EDGE('',*,*,#15279,.T.);
#15279 = EDGE_CURVE('',#9348,#15280,#15282,.T.);
#15280 = VERTEX_POINT('',#15281);
#15281 = CARTESIAN_POINT('',(-56.8283996582,38.828399658203,
    3.200000047684));
#15282 = LINE('',#15283,#15284);
#15283 = CARTESIAN_POINT('',(-56.8283996582,38.828399658203,9.));
#15284 = VECTOR('',#15285,1.);
#15285 = DIRECTION('',(0.,0.,-1.));
#15286 = ORIENTED_EDGE('',*,*,#15287,.F.);
#15287 = EDGE_CURVE('',#15256,#15280,#15288,.T.);
#15288 = LINE('',#15289,#15290);
#15289 = CARTESIAN_POINT('',(-57.09199905395,38.537601470947,
    3.200000047684));
#15290 = VECTOR('',#15291,1.);
#15291 = DIRECTION('',(0.671608305235,0.740906393777,0.));
#15292 = ORIENTED_EDGE('',*,*,#15255,.T.);
#15293 = ORIENTED_EDGE('',*,*,#9355,.T.);
#15294 = PLANE('',#15295);
#15295 = AXIS2_PLACEMENT_3D('',#15296,#15297,#15298);
#15296 = CARTESIAN_POINT('',(-56.96019935607,38.683000564575,
    6.100000023842));
#15297 = DIRECTION('',(-0.740906393777,0.671608305235,0.));
#15298 = DIRECTION('',(-0.671608305235,-0.740906393777,0.));
#15299 = ADVANCED_FACE('',(#15300),#15318,.T.);
#15300 = FACE_BOUND('',#15301,.T.);
#15301 = EDGE_LOOP('',(#15302,#15303,#15311,#15317));
#15302 = ORIENTED_EDGE('',*,*,#9347,.T.);
#15303 = ORIENTED_EDGE('',*,*,#15304,.T.);
#15304 = EDGE_CURVE('',#9340,#15305,#15307,.T.);
#15305 = VERTEX_POINT('',#15306);
#15306 = CARTESIAN_POINT('',(-56.53760147094,39.091999053955,
    3.200000047684));
#15307 = LINE('',#15308,#15309);
#15308 = CARTESIAN_POINT('',(-56.53760147094,39.091999053955,9.));
#15309 = VECTOR('',#15310,1.);
#15310 = DIRECTION('',(0.,0.,-1.));
#15311 = ORIENTED_EDGE('',*,*,#15312,.F.);
#15312 = EDGE_CURVE('',#15280,#15305,#15313,.T.);
#15313 = LINE('',#15314,#15315);
#15314 = CARTESIAN_POINT('',(-56.8283996582,38.828399658203,
    3.200000047684));
#15315 = VECTOR('',#15316,1.);
#15316 = DIRECTION('',(0.740906393777,0.671608305235,0.));
#15317 = ORIENTED_EDGE('',*,*,#15279,.F.);
#15318 = PLANE('',#15319);
#15319 = AXIS2_PLACEMENT_3D('',#15320,#15321,#15322);
#15320 = CARTESIAN_POINT('',(-56.68300056457,38.960199356079,
    6.100000023842));
#15321 = DIRECTION('',(-0.671608305235,0.740906393777,0.));
#15322 = DIRECTION('',(0.740906393777,0.671608305235,0.));
#15323 = ADVANCED_FACE('',(#15324),#15342,.T.);
#15324 = FACE_BOUND('',#15325,.T.);
#15325 = EDGE_LOOP('',(#15326,#15327,#15335,#15341));
#15326 = ORIENTED_EDGE('',*,*,#9339,.T.);
#15327 = ORIENTED_EDGE('',*,*,#15328,.T.);
#15328 = EDGE_CURVE('',#9332,#15329,#15331,.T.);
#15329 = VERTEX_POINT('',#15330);
#15330 = CARTESIAN_POINT('',(-56.22230148315,39.325901031494,
    3.200000047684));
#15331 = LINE('',#15332,#15333);
#15332 = CARTESIAN_POINT('',(-56.22230148315,39.325901031494,9.));
#15333 = VECTOR('',#15334,1.);
#15334 = DIRECTION('',(0.,0.,-1.));
#15335 = ORIENTED_EDGE('',*,*,#15336,.F.);
#15336 = EDGE_CURVE('',#15305,#15329,#15337,.T.);
#15337 = LINE('',#15338,#15339);
#15338 = CARTESIAN_POINT('',(-56.53760147094,39.091999053955,
    3.200000047684));
#15339 = VECTOR('',#15340,1.);
#15340 = DIRECTION('',(0.803134924565,0.595797191118,0.));
#15341 = ORIENTED_EDGE('',*,*,#15304,.F.);
#15342 = PLANE('',#15343);
#15343 = AXIS2_PLACEMENT_3D('',#15344,#15345,#15346);
#15344 = CARTESIAN_POINT('',(-56.37995147705,39.208950042725,
    6.100000023842));
#15345 = DIRECTION('',(-0.595797191118,0.803134924565,0.));
#15346 = DIRECTION('',(0.803134924565,0.595797191118,0.));
#15347 = ADVANCED_FACE('',(#15348),#15366,.T.);
#15348 = FACE_BOUND('',#15349,.T.);
#15349 = EDGE_LOOP('',(#15350,#15351,#15359,#15365));
#15350 = ORIENTED_EDGE('',*,*,#9331,.F.);
#15351 = ORIENTED_EDGE('',*,*,#15352,.F.);
#15352 = EDGE_CURVE('',#15353,#9324,#15355,.T.);
#15353 = VERTEX_POINT('',#15354);
#15354 = CARTESIAN_POINT('',(-55.8856010437,39.527698516846,
    3.200000047684));
#15355 = LINE('',#15356,#15357);
#15356 = CARTESIAN_POINT('',(-55.8856010437,39.527698516846,
    3.200000047684));
#15357 = VECTOR('',#15358,1.);
#15358 = DIRECTION('',(0.,0.,1.));
#15359 = ORIENTED_EDGE('',*,*,#15360,.F.);
#15360 = EDGE_CURVE('',#15329,#15353,#15361,.T.);
#15361 = LINE('',#15362,#15363);
#15362 = CARTESIAN_POINT('',(-56.22230148315,39.325901031494,
    3.200000047684));
#15363 = VECTOR('',#15364,1.);
#15364 = DIRECTION('',(0.857743203732,0.514078395239,0.));
#15365 = ORIENTED_EDGE('',*,*,#15328,.F.);
#15366 = PLANE('',#15367);
#15367 = AXIS2_PLACEMENT_3D('',#15368,#15369,#15370);
#15368 = CARTESIAN_POINT('',(-56.05395126342,39.42679977417,
    6.100000023842));
#15369 = DIRECTION('',(-0.514078395239,0.857743203732,0.));
#15370 = DIRECTION('',(0.857743203732,0.514078395239,0.));
#15371 = ADVANCED_FACE('',(#15372),#15390,.T.);
#15372 = FACE_BOUND('',#15373,.T.);
#15373 = EDGE_LOOP('',(#15374,#15375,#15383,#15389));
#15374 = ORIENTED_EDGE('',*,*,#9323,.T.);
#15375 = ORIENTED_EDGE('',*,*,#15376,.T.);
#15376 = EDGE_CURVE('',#9316,#15377,#15379,.T.);
#15377 = VERTEX_POINT('',#15378);
#15378 = CARTESIAN_POINT('',(-55.53070068359,39.695499420166,
    3.200000047684));
#15379 = LINE('',#15380,#15381);
#15380 = CARTESIAN_POINT('',(-55.53070068359,39.695499420166,9.));
#15381 = VECTOR('',#15382,1.);
#15382 = DIRECTION('',(0.,0.,-1.));
#15383 = ORIENTED_EDGE('',*,*,#15384,.F.);
#15384 = EDGE_CURVE('',#15353,#15377,#15385,.T.);
#15385 = LINE('',#15386,#15387);
#15386 = CARTESIAN_POINT('',(-55.8856010437,39.527698516846,
    3.200000047684));
#15387 = VECTOR('',#15388,1.);
#15388 = DIRECTION('',(0.904042910501,0.427441710615,0.));
#15389 = ORIENTED_EDGE('',*,*,#15352,.T.);
#15390 = PLANE('',#15391);
#15391 = AXIS2_PLACEMENT_3D('',#15392,#15393,#15394);
#15392 = CARTESIAN_POINT('',(-55.70815086364,39.611598968506,
    6.100000023842));
#15393 = DIRECTION('',(-0.427441710615,0.904042910501,0.));
#15394 = DIRECTION('',(0.904042910501,0.427441710615,0.));
#15395 = ADVANCED_FACE('',(#15396),#15414,.T.);
#15396 = FACE_BOUND('',#15397,.T.);
#15397 = EDGE_LOOP('',(#15398,#15399,#15407,#15413));
#15398 = ORIENTED_EDGE('',*,*,#9315,.T.);
#15399 = ORIENTED_EDGE('',*,*,#15400,.F.);
#15400 = EDGE_CURVE('',#15401,#9308,#15403,.T.);
#15401 = VERTEX_POINT('',#15402);
#15402 = CARTESIAN_POINT('',(-55.16109848022,39.827800750732,
    3.200000047684));
#15403 = LINE('',#15404,#15405);
#15404 = CARTESIAN_POINT('',(-55.16109848022,39.827800750732,
    3.200000047684));
#15405 = VECTOR('',#15406,1.);
#15406 = DIRECTION('',(0.,0.,1.));
#15407 = ORIENTED_EDGE('',*,*,#15408,.F.);
#15408 = EDGE_CURVE('',#15377,#15401,#15409,.T.);
#15409 = LINE('',#15410,#15411);
#15410 = CARTESIAN_POINT('',(-55.53070068359,39.695499420166,
    3.200000047684));
#15411 = VECTOR('',#15412,1.);
#15412 = DIRECTION('',(0.941499174104,0.33701528921,0.));
#15413 = ORIENTED_EDGE('',*,*,#15376,.F.);
#15414 = PLANE('',#15415);
#15415 = AXIS2_PLACEMENT_3D('',#15416,#15417,#15418);
#15416 = CARTESIAN_POINT('',(-55.3458995819,39.761650085449,
    6.100000023842));
#15417 = DIRECTION('',(-0.33701528921,0.941499174104,0.));
#15418 = DIRECTION('',(0.941499174104,0.33701528921,0.));
#15419 = ADVANCED_FACE('',(#15420),#15438,.T.);
#15420 = FACE_BOUND('',#15421,.T.);
#15421 = EDGE_LOOP('',(#15422,#15423,#15431,#15437));
#15422 = ORIENTED_EDGE('',*,*,#9307,.T.);
#15423 = ORIENTED_EDGE('',*,*,#15424,.T.);
#15424 = EDGE_CURVE('',#9300,#15425,#15427,.T.);
#15425 = VERTEX_POINT('',#15426);
#15426 = CARTESIAN_POINT('',(-54.78039932251,39.923099517822,
    3.200000047684));
#15427 = LINE('',#15428,#15429);
#15428 = CARTESIAN_POINT('',(-54.78039932251,39.923099517822,9.));
#15429 = VECTOR('',#15430,1.);
#15430 = DIRECTION('',(0.,0.,-1.));
#15431 = ORIENTED_EDGE('',*,*,#15432,.F.);
#15432 = EDGE_CURVE('',#15401,#15425,#15433,.T.);
#15433 = LINE('',#15434,#15435);
#15434 = CARTESIAN_POINT('',(-55.16109848022,39.827800750732,
    3.200000047684));
#15435 = VECTOR('',#15436,1.);
#15436 = DIRECTION('',(0.970068122753,0.242832940967,0.));
#15437 = ORIENTED_EDGE('',*,*,#15400,.T.);
#15438 = PLANE('',#15439);
#15439 = AXIS2_PLACEMENT_3D('',#15440,#15441,#15442);
#15440 = CARTESIAN_POINT('',(-54.97074890136,39.875450134277,
    6.100000023842));
#15441 = DIRECTION('',(-0.242832940967,0.970068122753,0.));
#15442 = DIRECTION('',(0.970068122753,0.242832940967,0.));
#15443 = ADVANCED_FACE('',(#15444),#15462,.T.);
#15444 = FACE_BOUND('',#15445,.T.);
#15445 = EDGE_LOOP('',(#15446,#15447,#15455,#15461));
#15446 = ORIENTED_EDGE('',*,*,#9299,.T.);
#15447 = ORIENTED_EDGE('',*,*,#15448,.T.);
#15448 = EDGE_CURVE('',#9292,#15449,#15451,.T.);
#15449 = VERTEX_POINT('',#15450);
#15450 = CARTESIAN_POINT('',(-54.39210128784,39.980701446533,
    3.200000047684));
#15451 = LINE('',#15452,#15453);
#15452 = CARTESIAN_POINT('',(-54.39210128784,39.980701446533,9.));
#15453 = VECTOR('',#15454,1.);
#15454 = DIRECTION('',(0.,0.,-1.));
#15455 = ORIENTED_EDGE('',*,*,#15456,.F.);
#15456 = EDGE_CURVE('',#15425,#15449,#15457,.T.);
#15457 = LINE('',#15458,#15459);
#15458 = CARTESIAN_POINT('',(-54.78039932251,39.923099517822,
    3.200000047684));
#15459 = VECTOR('',#15460,1.);
#15460 = DIRECTION('',(0.989175268962,0.146738840371,0.));
#15461 = ORIENTED_EDGE('',*,*,#15424,.F.);
#15462 = PLANE('',#15463);
#15463 = AXIS2_PLACEMENT_3D('',#15464,#15465,#15466);
#15464 = CARTESIAN_POINT('',(-54.58625030517,39.951900482178,
    6.100000023842));
#15465 = DIRECTION('',(-0.146738840371,0.989175268962,0.));
#15466 = DIRECTION('',(0.989175268962,0.146738840371,0.));
#15467 = ADVANCED_FACE('',(#15468),#15486,.T.);
#15468 = FACE_BOUND('',#15469,.T.);
#15469 = EDGE_LOOP('',(#15470,#15471,#15479,#15485));
#15470 = ORIENTED_EDGE('',*,*,#9291,.T.);
#15471 = ORIENTED_EDGE('',*,*,#15472,.F.);
#15472 = EDGE_CURVE('',#15473,#9284,#15475,.T.);
#15473 = VERTEX_POINT('',#15474);
#15474 = CARTESIAN_POINT('',(-54.,40.,3.200000047684));
#15475 = LINE('',#15476,#15477);
#15476 = CARTESIAN_POINT('',(-54.,40.,3.200000047684));
#15477 = VECTOR('',#15478,1.);
#15478 = DIRECTION('',(0.,0.,1.));
#15479 = ORIENTED_EDGE('',*,*,#15480,.F.);
#15480 = EDGE_CURVE('',#15449,#15473,#15481,.T.);
#15481 = LINE('',#15482,#15483);
#15482 = CARTESIAN_POINT('',(-54.39210128784,39.980701446533,
    3.200000047684));
#15483 = VECTOR('',#15484,1.);
#15484 = DIRECTION('',(0.998790976291,4.915878028406E-02,0.));
#15485 = ORIENTED_EDGE('',*,*,#15448,.F.);
#15486 = PLANE('',#15487);
#15487 = AXIS2_PLACEMENT_3D('',#15488,#15489,#15490);
#15488 = CARTESIAN_POINT('',(-54.19605064392,39.990350723267,
    6.100000023842));
#15489 = DIRECTION('',(-4.915878028406E-02,0.998790976291,0.));
#15490 = DIRECTION('',(0.998790976291,4.915878028406E-02,0.));
#15491 = ADVANCED_FACE('',(#15492),#15510,.T.);
#15492 = FACE_BOUND('',#15493,.T.);
#15493 = EDGE_LOOP('',(#15494,#15495,#15503,#15509));
#15494 = ORIENTED_EDGE('',*,*,#9283,.T.);
#15495 = ORIENTED_EDGE('',*,*,#15496,.T.);
#15496 = EDGE_CURVE('',#9276,#15497,#15499,.T.);
#15497 = VERTEX_POINT('',#15498);
#15498 = CARTESIAN_POINT('',(-53.60789871215,39.980701446533,
    3.200000047684));
#15499 = LINE('',#15500,#15501);
#15500 = CARTESIAN_POINT('',(-53.60789871215,39.980701446533,9.));
#15501 = VECTOR('',#15502,1.);
#15502 = DIRECTION('',(0.,0.,-1.));
#15503 = ORIENTED_EDGE('',*,*,#15504,.F.);
#15504 = EDGE_CURVE('',#15473,#15497,#15505,.T.);
#15505 = LINE('',#15506,#15507);
#15506 = CARTESIAN_POINT('',(-54.,40.,3.200000047684));
#15507 = VECTOR('',#15508,1.);
#15508 = DIRECTION('',(0.998790976291,-4.915878028406E-02,0.));
#15509 = ORIENTED_EDGE('',*,*,#15472,.T.);
#15510 = PLANE('',#15511);
#15511 = AXIS2_PLACEMENT_3D('',#15512,#15513,#15514);
#15512 = CARTESIAN_POINT('',(-53.80394935607,39.990350723267,
    6.100000023842));
#15513 = DIRECTION('',(4.915878028406E-02,0.998790976291,0.));
#15514 = DIRECTION('',(0.998790976291,-4.915878028406E-02,0.));
#15515 = ADVANCED_FACE('',(#15516),#15534,.T.);
#15516 = FACE_BOUND('',#15517,.T.);
#15517 = EDGE_LOOP('',(#15518,#15519,#15527,#15533));
#15518 = ORIENTED_EDGE('',*,*,#9275,.T.);
#15519 = ORIENTED_EDGE('',*,*,#15520,.F.);
#15520 = EDGE_CURVE('',#15521,#9268,#15523,.T.);
#15521 = VERTEX_POINT('',#15522);
#15522 = CARTESIAN_POINT('',(-53.21960067749,39.923099517822,
    3.200000047684));
#15523 = LINE('',#15524,#15525);
#15524 = CARTESIAN_POINT('',(-53.21960067749,39.923099517822,
    3.200000047684));
#15525 = VECTOR('',#15526,1.);
#15526 = DIRECTION('',(0.,0.,1.));
#15527 = ORIENTED_EDGE('',*,*,#15528,.F.);
#15528 = EDGE_CURVE('',#15497,#15521,#15529,.T.);
#15529 = LINE('',#15530,#15531);
#15530 = CARTESIAN_POINT('',(-53.60789871215,39.980701446533,
    3.200000047684));
#15531 = VECTOR('',#15532,1.);
#15532 = DIRECTION('',(0.989175268962,-0.146738840371,0.));
#15533 = ORIENTED_EDGE('',*,*,#15496,.F.);
#15534 = PLANE('',#15535);
#15535 = AXIS2_PLACEMENT_3D('',#15536,#15537,#15538);
#15536 = CARTESIAN_POINT('',(-53.41374969482,39.951900482178,
    6.100000023842));
#15537 = DIRECTION('',(0.146738840371,0.989175268962,0.));
#15538 = DIRECTION('',(0.989175268962,-0.146738840371,0.));
#15539 = ADVANCED_FACE('',(#15540),#15558,.T.);
#15540 = FACE_BOUND('',#15541,.T.);
#15541 = EDGE_LOOP('',(#15542,#15543,#15551,#15557));
#15542 = ORIENTED_EDGE('',*,*,#9267,.T.);
#15543 = ORIENTED_EDGE('',*,*,#15544,.T.);
#15544 = EDGE_CURVE('',#9260,#15545,#15547,.T.);
#15545 = VERTEX_POINT('',#15546);
#15546 = CARTESIAN_POINT('',(-52.83890151977,39.827800750732,
    3.200000047684));
#15547 = LINE('',#15548,#15549);
#15548 = CARTESIAN_POINT('',(-52.83890151977,39.827800750732,9.));
#15549 = VECTOR('',#15550,1.);
#15550 = DIRECTION('',(0.,0.,-1.));
#15551 = ORIENTED_EDGE('',*,*,#15552,.F.);
#15552 = EDGE_CURVE('',#15521,#15545,#15553,.T.);
#15553 = LINE('',#15554,#15555);
#15554 = CARTESIAN_POINT('',(-53.21960067749,39.923099517822,
    3.200000047684));
#15555 = VECTOR('',#15556,1.);
#15556 = DIRECTION('',(0.970068122753,-0.242832940967,0.));
#15557 = ORIENTED_EDGE('',*,*,#15520,.T.);
#15558 = PLANE('',#15559);
#15559 = AXIS2_PLACEMENT_3D('',#15560,#15561,#15562);
#15560 = CARTESIAN_POINT('',(-53.02925109863,39.875450134277,
    6.100000023842));
#15561 = DIRECTION('',(0.242832940967,0.970068122753,0.));
#15562 = DIRECTION('',(0.970068122753,-0.242832940967,0.));
#15563 = ADVANCED_FACE('',(#15564),#15582,.T.);
#15564 = FACE_BOUND('',#15565,.T.);
#15565 = EDGE_LOOP('',(#15566,#15567,#15575,#15581));
#15566 = ORIENTED_EDGE('',*,*,#9259,.T.);
#15567 = ORIENTED_EDGE('',*,*,#15568,.F.);
#15568 = EDGE_CURVE('',#15569,#9252,#15571,.T.);
#15569 = VERTEX_POINT('',#15570);
#15570 = CARTESIAN_POINT('',(-52.4692993164,39.695499420166,
    3.200000047684));
#15571 = LINE('',#15572,#15573);
#15572 = CARTESIAN_POINT('',(-52.4692993164,39.695499420166,
    3.200000047684));
#15573 = VECTOR('',#15574,1.);
#15574 = DIRECTION('',(0.,0.,1.));
#15575 = ORIENTED_EDGE('',*,*,#15576,.F.);
#15576 = EDGE_CURVE('',#15545,#15569,#15577,.T.);
#15577 = LINE('',#15578,#15579);
#15578 = CARTESIAN_POINT('',(-52.83890151977,39.827800750732,
    3.200000047684));
#15579 = VECTOR('',#15580,1.);
#15580 = DIRECTION('',(0.941499174104,-0.33701528921,0.));
#15581 = ORIENTED_EDGE('',*,*,#15544,.F.);
#15582 = PLANE('',#15583);
#15583 = AXIS2_PLACEMENT_3D('',#15584,#15585,#15586);
#15584 = CARTESIAN_POINT('',(-52.65410041809,39.761650085449,
    6.100000023842));
#15585 = DIRECTION('',(0.33701528921,0.941499174104,0.));
#15586 = DIRECTION('',(0.941499174104,-0.33701528921,0.));
#15587 = ADVANCED_FACE('',(#15588),#15606,.T.);
#15588 = FACE_BOUND('',#15589,.T.);
#15589 = EDGE_LOOP('',(#15590,#15591,#15599,#15605));
#15590 = ORIENTED_EDGE('',*,*,#9251,.T.);
#15591 = ORIENTED_EDGE('',*,*,#15592,.T.);
#15592 = EDGE_CURVE('',#9244,#15593,#15595,.T.);
#15593 = VERTEX_POINT('',#15594);
#15594 = CARTESIAN_POINT('',(-52.11439895629,39.527698516846,
    3.200000047684));
#15595 = LINE('',#15596,#15597);
#15596 = CARTESIAN_POINT('',(-52.11439895629,39.527698516846,9.));
#15597 = VECTOR('',#15598,1.);
#15598 = DIRECTION('',(0.,0.,-1.));
#15599 = ORIENTED_EDGE('',*,*,#15600,.F.);
#15600 = EDGE_CURVE('',#15569,#15593,#15601,.T.);
#15601 = LINE('',#15602,#15603);
#15602 = CARTESIAN_POINT('',(-52.4692993164,39.695499420166,
    3.200000047684));
#15603 = VECTOR('',#15604,1.);
#15604 = DIRECTION('',(0.904042910501,-0.427441710615,0.));
#15605 = ORIENTED_EDGE('',*,*,#15568,.T.);
#15606 = PLANE('',#15607);
#15607 = AXIS2_PLACEMENT_3D('',#15608,#15609,#15610);
#15608 = CARTESIAN_POINT('',(-52.29184913635,39.611598968506,
    6.100000023842));
#15609 = DIRECTION('',(0.427441710615,0.904042910501,0.));
#15610 = DIRECTION('',(0.904042910501,-0.427441710615,0.));
#15611 = ADVANCED_FACE('',(#15612),#15630,.T.);
#15612 = FACE_BOUND('',#15613,.T.);
#15613 = EDGE_LOOP('',(#15614,#15615,#15623,#15629));
#15614 = ORIENTED_EDGE('',*,*,#9243,.T.);
#15615 = ORIENTED_EDGE('',*,*,#15616,.T.);
#15616 = EDGE_CURVE('',#9236,#15617,#15619,.T.);
#15617 = VERTEX_POINT('',#15618);
#15618 = CARTESIAN_POINT('',(-51.77769851684,39.325901031494,
    3.200000047684));
#15619 = LINE('',#15620,#15621);
#15620 = CARTESIAN_POINT('',(-51.77769851684,39.325901031494,9.));
#15621 = VECTOR('',#15622,1.);
#15622 = DIRECTION('',(0.,0.,-1.));
#15623 = ORIENTED_EDGE('',*,*,#15624,.F.);
#15624 = EDGE_CURVE('',#15593,#15617,#15625,.T.);
#15625 = LINE('',#15626,#15627);
#15626 = CARTESIAN_POINT('',(-52.11439895629,39.527698516846,
    3.200000047684));
#15627 = VECTOR('',#15628,1.);
#15628 = DIRECTION('',(0.857743203732,-0.514078395239,0.));
#15629 = ORIENTED_EDGE('',*,*,#15592,.F.);
#15630 = PLANE('',#15631);
#15631 = AXIS2_PLACEMENT_3D('',#15632,#15633,#15634);
#15632 = CARTESIAN_POINT('',(-51.94604873657,39.42679977417,
    6.100000023842));
#15633 = DIRECTION('',(0.514078395239,0.857743203732,0.));
#15634 = DIRECTION('',(0.857743203732,-0.514078395239,0.));
#15635 = ADVANCED_FACE('',(#15636),#15654,.T.);
#15636 = FACE_BOUND('',#15637,.T.);
#15637 = EDGE_LOOP('',(#15638,#15639,#15647,#15653));
#15638 = ORIENTED_EDGE('',*,*,#9235,.T.);
#15639 = ORIENTED_EDGE('',*,*,#15640,.T.);
#15640 = EDGE_CURVE('',#9228,#15641,#15643,.T.);
#15641 = VERTEX_POINT('',#15642);
#15642 = CARTESIAN_POINT('',(-51.46239852905,39.091999053955,
    3.200000047684));
#15643 = LINE('',#15644,#15645);
#15644 = CARTESIAN_POINT('',(-51.46239852905,39.091999053955,9.));
#15645 = VECTOR('',#15646,1.);
#15646 = DIRECTION('',(0.,0.,-1.));
#15647 = ORIENTED_EDGE('',*,*,#15648,.F.);
#15648 = EDGE_CURVE('',#15617,#15641,#15649,.T.);
#15649 = LINE('',#15650,#15651);
#15650 = CARTESIAN_POINT('',(-51.77769851684,39.325901031494,
    3.200000047684));
#15651 = VECTOR('',#15652,1.);
#15652 = DIRECTION('',(0.803134924565,-0.595797191118,0.));
#15653 = ORIENTED_EDGE('',*,*,#15616,.F.);
#15654 = PLANE('',#15655);
#15655 = AXIS2_PLACEMENT_3D('',#15656,#15657,#15658);
#15656 = CARTESIAN_POINT('',(-51.62004852294,39.208950042725,
    6.100000023842));
#15657 = DIRECTION('',(0.595797191118,0.803134924565,0.));
#15658 = DIRECTION('',(0.803134924565,-0.595797191118,0.));
#15659 = ADVANCED_FACE('',(#15660),#15678,.T.);
#15660 = FACE_BOUND('',#15661,.T.);
#15661 = EDGE_LOOP('',(#15662,#15663,#15671,#15677));
#15662 = ORIENTED_EDGE('',*,*,#9227,.T.);
#15663 = ORIENTED_EDGE('',*,*,#15664,.T.);
#15664 = EDGE_CURVE('',#9220,#15665,#15667,.T.);
#15665 = VERTEX_POINT('',#15666);
#15666 = CARTESIAN_POINT('',(-51.17160034179,38.828399658203,
    3.200000047684));
#15667 = LINE('',#15668,#15669);
#15668 = CARTESIAN_POINT('',(-51.17160034179,38.828399658203,9.));
#15669 = VECTOR('',#15670,1.);
#15670 = DIRECTION('',(0.,0.,-1.));
#15671 = ORIENTED_EDGE('',*,*,#15672,.F.);
#15672 = EDGE_CURVE('',#15641,#15665,#15673,.T.);
#15673 = LINE('',#15674,#15675);
#15674 = CARTESIAN_POINT('',(-51.46239852905,39.091999053955,
    3.200000047684));
#15675 = VECTOR('',#15676,1.);
#15676 = DIRECTION('',(0.740906393777,-0.671608305235,0.));
#15677 = ORIENTED_EDGE('',*,*,#15640,.F.);
#15678 = PLANE('',#15679);
#15679 = AXIS2_PLACEMENT_3D('',#15680,#15681,#15682);
#15680 = CARTESIAN_POINT('',(-51.31699943542,38.960199356079,
    6.100000023842));
#15681 = DIRECTION('',(0.671608305235,0.740906393777,0.));
#15682 = DIRECTION('',(0.740906393777,-0.671608305235,0.));
#15683 = ADVANCED_FACE('',(#15684),#15702,.T.);
#15684 = FACE_BOUND('',#15685,.T.);
#15685 = EDGE_LOOP('',(#15686,#15687,#15688,#15696));
#15686 = ORIENTED_EDGE('',*,*,#15664,.F.);
#15687 = ORIENTED_EDGE('',*,*,#9219,.T.);
#15688 = ORIENTED_EDGE('',*,*,#15689,.F.);
#15689 = EDGE_CURVE('',#15690,#9212,#15692,.T.);
#15690 = VERTEX_POINT('',#15691);
#15691 = CARTESIAN_POINT('',(-50.90800094604,38.537601470947,
    3.200000047684));
#15692 = LINE('',#15693,#15694);
#15693 = CARTESIAN_POINT('',(-50.90800094604,38.537601470947,
    3.200000047684));
#15694 = VECTOR('',#15695,1.);
#15695 = DIRECTION('',(0.,0.,1.));
#15696 = ORIENTED_EDGE('',*,*,#15697,.F.);
#15697 = EDGE_CURVE('',#15665,#15690,#15698,.T.);
#15698 = LINE('',#15699,#15700);
#15699 = CARTESIAN_POINT('',(-51.17160034179,38.828399658203,
    3.200000047684));
#15700 = VECTOR('',#15701,1.);
#15701 = DIRECTION('',(0.671608305235,-0.740906393777,0.));
#15702 = PLANE('',#15703);
#15703 = AXIS2_PLACEMENT_3D('',#15704,#15705,#15706);
#15704 = CARTESIAN_POINT('',(-51.03980064392,38.683000564575,
    6.100000023842));
#15705 = DIRECTION('',(0.740906393777,0.671608305235,0.));
#15706 = DIRECTION('',(-0.671608305235,0.740906393777,0.));
#15707 = ADVANCED_FACE('',(#15708),#15726,.T.);
#15708 = FACE_BOUND('',#15709,.T.);
#15709 = EDGE_LOOP('',(#15710,#15711,#15712,#15720));
#15710 = ORIENTED_EDGE('',*,*,#15689,.T.);
#15711 = ORIENTED_EDGE('',*,*,#9211,.T.);
#15712 = ORIENTED_EDGE('',*,*,#15713,.T.);
#15713 = EDGE_CURVE('',#9204,#15714,#15716,.T.);
#15714 = VERTEX_POINT('',#15715);
#15715 = CARTESIAN_POINT('',(-50.6740989685,38.222301483154,
    3.200000047684));
#15716 = LINE('',#15717,#15718);
#15717 = CARTESIAN_POINT('',(-50.6740989685,38.222301483154,9.));
#15718 = VECTOR('',#15719,1.);
#15719 = DIRECTION('',(0.,0.,-1.));
#15720 = ORIENTED_EDGE('',*,*,#15721,.F.);
#15721 = EDGE_CURVE('',#15690,#15714,#15722,.T.);
#15722 = LINE('',#15723,#15724);
#15723 = CARTESIAN_POINT('',(-50.90800094604,38.537601470947,
    3.200000047684));
#15724 = VECTOR('',#15725,1.);
#15725 = DIRECTION('',(0.595797191118,-0.803134924565,0.));
#15726 = PLANE('',#15727);
#15727 = AXIS2_PLACEMENT_3D('',#15728,#15729,#15730);
#15728 = CARTESIAN_POINT('',(-50.79104995727,38.379951477051,
    6.100000023842));
#15729 = DIRECTION('',(0.803134924565,0.595797191118,0.));
#15730 = DIRECTION('',(-0.595797191118,0.803134924565,0.));
#15731 = ADVANCED_FACE('',(#15732),#15750,.T.);
#15732 = FACE_BOUND('',#15733,.T.);
#15733 = EDGE_LOOP('',(#15734,#15735,#15736,#15744));
#15734 = ORIENTED_EDGE('',*,*,#15713,.F.);
#15735 = ORIENTED_EDGE('',*,*,#9203,.T.);
#15736 = ORIENTED_EDGE('',*,*,#15737,.F.);
#15737 = EDGE_CURVE('',#15738,#9196,#15740,.T.);
#15738 = VERTEX_POINT('',#15739);
#15739 = CARTESIAN_POINT('',(-50.47230148315,37.885601043701,
    3.200000047684));
#15740 = LINE('',#15741,#15742);
#15741 = CARTESIAN_POINT('',(-50.47230148315,37.885601043701,
    3.200000047684));
#15742 = VECTOR('',#15743,1.);
#15743 = DIRECTION('',(0.,0.,1.));
#15744 = ORIENTED_EDGE('',*,*,#15745,.F.);
#15745 = EDGE_CURVE('',#15714,#15738,#15746,.T.);
#15746 = LINE('',#15747,#15748);
#15747 = CARTESIAN_POINT('',(-50.6740989685,38.222301483154,
    3.200000047684));
#15748 = VECTOR('',#15749,1.);
#15749 = DIRECTION('',(0.514078395239,-0.857743203732,0.));
#15750 = PLANE('',#15751);
#15751 = AXIS2_PLACEMENT_3D('',#15752,#15753,#15754);
#15752 = CARTESIAN_POINT('',(-50.57320022583,38.053951263428,
    6.100000023842));
#15753 = DIRECTION('',(0.857743203732,0.514078395239,0.));
#15754 = DIRECTION('',(-0.514078395239,0.857743203732,0.));
#15755 = ADVANCED_FACE('',(#15756),#15774,.T.);
#15756 = FACE_BOUND('',#15757,.T.);
#15757 = EDGE_LOOP('',(#15758,#15759,#15760,#15768));
#15758 = ORIENTED_EDGE('',*,*,#15737,.T.);
#15759 = ORIENTED_EDGE('',*,*,#9195,.T.);
#15760 = ORIENTED_EDGE('',*,*,#15761,.F.);
#15761 = EDGE_CURVE('',#15762,#9188,#15764,.T.);
#15762 = VERTEX_POINT('',#15763);
#15763 = CARTESIAN_POINT('',(-50.30450057983,37.530700683594,
    3.200000047684));
#15764 = LINE('',#15765,#15766);
#15765 = CARTESIAN_POINT('',(-50.30450057983,37.530700683594,
    3.200000047684));
#15766 = VECTOR('',#15767,1.);
#15767 = DIRECTION('',(0.,0.,1.));
#15768 = ORIENTED_EDGE('',*,*,#15769,.F.);
#15769 = EDGE_CURVE('',#15738,#15762,#15770,.T.);
#15770 = LINE('',#15771,#15772);
#15771 = CARTESIAN_POINT('',(-50.47230148315,37.885601043701,
    3.200000047684));
#15772 = VECTOR('',#15773,1.);
#15773 = DIRECTION('',(0.427441710615,-0.904042910501,0.));
#15774 = PLANE('',#15775);
#15775 = AXIS2_PLACEMENT_3D('',#15776,#15777,#15778);
#15776 = CARTESIAN_POINT('',(-50.38840103149,37.708150863647,
    6.100000023842));
#15777 = DIRECTION('',(0.904042910501,0.427441710615,0.));
#15778 = DIRECTION('',(-0.427441710615,0.904042910501,0.));
#15779 = ADVANCED_FACE('',(#15780),#15798,.T.);
#15780 = FACE_BOUND('',#15781,.T.);
#15781 = EDGE_LOOP('',(#15782,#15783,#15784,#15792));
#15782 = ORIENTED_EDGE('',*,*,#15761,.T.);
#15783 = ORIENTED_EDGE('',*,*,#9187,.T.);
#15784 = ORIENTED_EDGE('',*,*,#15785,.F.);
#15785 = EDGE_CURVE('',#15786,#9180,#15788,.T.);
#15786 = VERTEX_POINT('',#15787);
#15787 = CARTESIAN_POINT('',(-50.17219924926,37.161098480225,
    3.200000047684));
#15788 = LINE('',#15789,#15790);
#15789 = CARTESIAN_POINT('',(-50.17219924926,37.161098480225,
    3.200000047684));
#15790 = VECTOR('',#15791,1.);
#15791 = DIRECTION('',(0.,0.,1.));
#15792 = ORIENTED_EDGE('',*,*,#15793,.F.);
#15793 = EDGE_CURVE('',#15762,#15786,#15794,.T.);
#15794 = LINE('',#15795,#15796);
#15795 = CARTESIAN_POINT('',(-50.30450057983,37.530700683594,
    3.200000047684));
#15796 = VECTOR('',#15797,1.);
#15797 = DIRECTION('',(0.33701528921,-0.941499174104,0.));
#15798 = PLANE('',#15799);
#15799 = AXIS2_PLACEMENT_3D('',#15800,#15801,#15802);
#15800 = CARTESIAN_POINT('',(-50.23834991455,37.345899581909,
    6.100000023842));
#15801 = DIRECTION('',(0.941499174104,0.33701528921,0.));
#15802 = DIRECTION('',(-0.33701528921,0.941499174104,0.));
#15803 = ADVANCED_FACE('',(#15804),#15822,.T.);
#15804 = FACE_BOUND('',#15805,.T.);
#15805 = EDGE_LOOP('',(#15806,#15807,#15808,#15816));
#15806 = ORIENTED_EDGE('',*,*,#15785,.T.);
#15807 = ORIENTED_EDGE('',*,*,#9179,.T.);
#15808 = ORIENTED_EDGE('',*,*,#15809,.F.);
#15809 = EDGE_CURVE('',#15810,#9172,#15812,.T.);
#15810 = VERTEX_POINT('',#15811);
#15811 = CARTESIAN_POINT('',(-50.07690048217,36.78039932251,
    3.200000047684));
#15812 = LINE('',#15813,#15814);
#15813 = CARTESIAN_POINT('',(-50.07690048217,36.78039932251,
    3.200000047684));
#15814 = VECTOR('',#15815,1.);
#15815 = DIRECTION('',(0.,0.,1.));
#15816 = ORIENTED_EDGE('',*,*,#15817,.F.);
#15817 = EDGE_CURVE('',#15786,#15810,#15818,.T.);
#15818 = LINE('',#15819,#15820);
#15819 = CARTESIAN_POINT('',(-50.17219924926,37.161098480225,
    3.200000047684));
#15820 = VECTOR('',#15821,1.);
#15821 = DIRECTION('',(0.242832940967,-0.970068122753,0.));
#15822 = PLANE('',#15823);
#15823 = AXIS2_PLACEMENT_3D('',#15824,#15825,#15826);
#15824 = CARTESIAN_POINT('',(-50.12454986572,36.970748901367,
    6.100000023842));
#15825 = DIRECTION('',(0.970068122753,0.242832940967,0.));
#15826 = DIRECTION('',(-0.242832940967,0.970068122753,0.));
#15827 = ADVANCED_FACE('',(#15828),#15846,.T.);
#15828 = FACE_BOUND('',#15829,.T.);
#15829 = EDGE_LOOP('',(#15830,#15831,#15832,#15840));
#15830 = ORIENTED_EDGE('',*,*,#15809,.T.);
#15831 = ORIENTED_EDGE('',*,*,#9171,.T.);
#15832 = ORIENTED_EDGE('',*,*,#15833,.T.);
#15833 = EDGE_CURVE('',#9164,#15834,#15836,.T.);
#15834 = VERTEX_POINT('',#15835);
#15835 = CARTESIAN_POINT('',(-50.01929855346,36.392101287842,
    3.200000047684));
#15836 = LINE('',#15837,#15838);
#15837 = CARTESIAN_POINT('',(-50.01929855346,36.392101287842,9.));
#15838 = VECTOR('',#15839,1.);
#15839 = DIRECTION('',(0.,0.,-1.));
#15840 = ORIENTED_EDGE('',*,*,#15841,.F.);
#15841 = EDGE_CURVE('',#15810,#15834,#15842,.T.);
#15842 = LINE('',#15843,#15844);
#15843 = CARTESIAN_POINT('',(-50.07690048217,36.78039932251,
    3.200000047684));
#15844 = VECTOR('',#15845,1.);
#15845 = DIRECTION('',(0.146738840371,-0.989175268962,0.));
#15846 = PLANE('',#15847);
#15847 = AXIS2_PLACEMENT_3D('',#15848,#15849,#15850);
#15848 = CARTESIAN_POINT('',(-50.04809951782,36.586250305176,
    6.100000023842));
#15849 = DIRECTION('',(0.989175268962,0.146738840371,0.));
#15850 = DIRECTION('',(-0.146738840371,0.989175268962,0.));
#15851 = ADVANCED_FACE('',(#15852),#15870,.T.);
#15852 = FACE_BOUND('',#15853,.T.);
#15853 = EDGE_LOOP('',(#15854,#15855,#15856,#15864));
#15854 = ORIENTED_EDGE('',*,*,#15833,.F.);
#15855 = ORIENTED_EDGE('',*,*,#9163,.T.);
#15856 = ORIENTED_EDGE('',*,*,#15857,.T.);
#15857 = EDGE_CURVE('',#9156,#15858,#15860,.T.);
#15858 = VERTEX_POINT('',#15859);
#15859 = CARTESIAN_POINT('',(-50.,36.,3.200000047684));
#15860 = LINE('',#15861,#15862);
#15861 = CARTESIAN_POINT('',(-50.,36.,9.));
#15862 = VECTOR('',#15863,1.);
#15863 = DIRECTION('',(0.,0.,-1.));
#15864 = ORIENTED_EDGE('',*,*,#15865,.F.);
#15865 = EDGE_CURVE('',#15834,#15858,#15866,.T.);
#15866 = LINE('',#15867,#15868);
#15867 = CARTESIAN_POINT('',(-50.01929855346,36.392101287842,
    3.200000047684));
#15868 = VECTOR('',#15869,1.);
#15869 = DIRECTION('',(4.915878028406E-02,-0.998790976291,0.));
#15870 = PLANE('',#15871);
#15871 = AXIS2_PLACEMENT_3D('',#15872,#15873,#15874);
#15872 = CARTESIAN_POINT('',(-50.00964927673,36.196050643921,
    6.100000023842));
#15873 = DIRECTION('',(0.998790976291,4.915878028406E-02,0.));
#15874 = DIRECTION('',(-4.915878028406E-02,0.998790976291,0.));
#15875 = ADVANCED_FACE('',(#15876),#15894,.T.);
#15876 = FACE_BOUND('',#15877,.T.);
#15877 = EDGE_LOOP('',(#15878,#15879,#15880,#15888));
#15878 = ORIENTED_EDGE('',*,*,#15857,.F.);
#15879 = ORIENTED_EDGE('',*,*,#9155,.T.);
#15880 = ORIENTED_EDGE('',*,*,#15881,.T.);
#15881 = EDGE_CURVE('',#9148,#15882,#15884,.T.);
#15882 = VERTEX_POINT('',#15883);
#15883 = CARTESIAN_POINT('',(-50.01929855346,35.607898712158,
    3.200000047684));
#15884 = LINE('',#15885,#15886);
#15885 = CARTESIAN_POINT('',(-50.01929855346,35.607898712158,9.));
#15886 = VECTOR('',#15887,1.);
#15887 = DIRECTION('',(0.,0.,-1.));
#15888 = ORIENTED_EDGE('',*,*,#15889,.F.);
#15889 = EDGE_CURVE('',#15858,#15882,#15890,.T.);
#15890 = LINE('',#15891,#15892);
#15891 = CARTESIAN_POINT('',(-50.,36.,3.200000047684));
#15892 = VECTOR('',#15893,1.);
#15893 = DIRECTION('',(-4.915878028406E-02,-0.998790976291,0.));
#15894 = PLANE('',#15895);
#15895 = AXIS2_PLACEMENT_3D('',#15896,#15897,#15898);
#15896 = CARTESIAN_POINT('',(-50.00964927673,35.803949356079,
    6.100000023842));
#15897 = DIRECTION('',(0.998790976291,-4.915878028406E-02,0.));
#15898 = DIRECTION('',(4.915878028406E-02,0.998790976291,0.));
#15899 = ADVANCED_FACE('',(#15900),#15925,.T.);
#15900 = FACE_BOUND('',#15901,.T.);
#15901 = EDGE_LOOP('',(#15902,#15910,#15918,#15924));
#15902 = ORIENTED_EDGE('',*,*,#15903,.T.);
#15903 = EDGE_CURVE('',#9148,#15904,#15906,.T.);
#15904 = VERTEX_POINT('',#15905);
#15905 = CARTESIAN_POINT('',(-50.03530120849,35.5,5.699999809265));
#15906 = LINE('',#15907,#15908);
#15907 = CARTESIAN_POINT('',(-50.01929855346,35.607898712158,9.));
#15908 = VECTOR('',#15909,1.);
#15909 = DIRECTION('',(-4.846642168857E-03,-3.267873033281E-02,
    -0.999454156349));
#15910 = ORIENTED_EDGE('',*,*,#15911,.T.);
#15911 = EDGE_CURVE('',#15904,#15912,#15914,.T.);
#15912 = VERTEX_POINT('',#15913);
#15913 = CARTESIAN_POINT('',(-50.03530120849,35.5,3.200000047684));
#15914 = LINE('',#15915,#15916);
#15915 = CARTESIAN_POINT('',(-50.03530120849,35.5,5.699999809265));
#15916 = VECTOR('',#15917,1.);
#15917 = DIRECTION('',(0.,0.,-1.));
#15918 = ORIENTED_EDGE('',*,*,#15919,.F.);
#15919 = EDGE_CURVE('',#15882,#15912,#15920,.T.);
#15920 = LINE('',#15921,#15922);
#15921 = CARTESIAN_POINT('',(-50.01929855346,35.607898712158,
    3.200000047684));
#15922 = VECTOR('',#15923,1.);
#15923 = DIRECTION('',(-0.146707088924,-0.989179978598,0.));
#15924 = ORIENTED_EDGE('',*,*,#15881,.F.);
#15925 = PLANE('',#15926);
#15926 = AXIS2_PLACEMENT_3D('',#15927,#15928,#15929);
#15927 = CARTESIAN_POINT('',(-50.02504519305,35.569151703666,
    6.07318085364));
#15928 = DIRECTION('',(0.989179978598,-0.146707088924,0.));
#15929 = DIRECTION('',(0.146707088924,0.989179978598,0.));
#15930 = ADVANCED_FACE('',(#15931),#15949,.T.);
#15931 = FACE_BOUND('',#15932,.T.);
#15932 = EDGE_LOOP('',(#15933,#15941,#15947,#15948));
#15933 = ORIENTED_EDGE('',*,*,#15934,.F.);
#15934 = EDGE_CURVE('',#15935,#9988,#15937,.T.);
#15935 = VERTEX_POINT('',#15936);
#15936 = CARTESIAN_POINT('',(50.019298553467,36.392101287842,
    3.200000047684));
#15937 = LINE('',#15938,#15939);
#15938 = CARTESIAN_POINT('',(50.019298553467,36.392101287842,
    3.200000047684));
#15939 = VECTOR('',#15940,1.);
#15940 = DIRECTION('',(0.,0.,1.));
#15941 = ORIENTED_EDGE('',*,*,#15942,.F.);
#15942 = EDGE_CURVE('',#64,#15935,#15943,.T.);
#15943 = LINE('',#15944,#15945);
#15944 = CARTESIAN_POINT('',(50.,36.,3.200000047684));
#15945 = VECTOR('',#15946,1.);
#15946 = DIRECTION('',(4.915878028406E-02,0.998790976291,0.));
#15947 = ORIENTED_EDGE('',*,*,#61,.F.);
#15948 = ORIENTED_EDGE('',*,*,#9995,.F.);
#15949 = PLANE('',#15950);
#15950 = AXIS2_PLACEMENT_3D('',#15951,#15952,#15953);
#15951 = CARTESIAN_POINT('',(50.009649276733,36.196050643921,
    6.100000023842));
#15952 = DIRECTION('',(-0.998790976291,4.915878028406E-02,0.));
#15953 = DIRECTION('',(-4.915878028406E-02,-0.998790976291,0.));
#15954 = ADVANCED_FACE('',(#15955),#15973,.T.);
#15955 = FACE_BOUND('',#15956,.T.);
#15956 = EDGE_LOOP('',(#15957,#15965,#15971,#15972));
#15957 = ORIENTED_EDGE('',*,*,#15958,.T.);
#15958 = EDGE_CURVE('',#9980,#15959,#15961,.T.);
#15959 = VERTEX_POINT('',#15960);
#15960 = CARTESIAN_POINT('',(50.076900482178,36.78039932251,
    3.200000047684));
#15961 = LINE('',#15962,#15963);
#15962 = CARTESIAN_POINT('',(50.076900482178,36.78039932251,9.));
#15963 = VECTOR('',#15964,1.);
#15964 = DIRECTION('',(0.,0.,-1.));
#15965 = ORIENTED_EDGE('',*,*,#15966,.F.);
#15966 = EDGE_CURVE('',#15935,#15959,#15967,.T.);
#15967 = LINE('',#15968,#15969);
#15968 = CARTESIAN_POINT('',(50.019298553467,36.392101287842,
    3.200000047684));
#15969 = VECTOR('',#15970,1.);
#15970 = DIRECTION('',(0.146738840371,0.989175268962,0.));
#15971 = ORIENTED_EDGE('',*,*,#15934,.T.);
#15972 = ORIENTED_EDGE('',*,*,#9987,.T.);
#15973 = PLANE('',#15974);
#15974 = AXIS2_PLACEMENT_3D('',#15975,#15976,#15977);
#15975 = CARTESIAN_POINT('',(50.048099517822,36.586250305176,
    6.100000023842));
#15976 = DIRECTION('',(-0.989175268962,0.146738840371,0.));
#15977 = DIRECTION('',(-0.146738840371,-0.989175268962,0.));
#15978 = ADVANCED_FACE('',(#15979),#15997,.T.);
#15979 = FACE_BOUND('',#15980,.T.);
#15980 = EDGE_LOOP('',(#15981,#15989,#15995,#15996));
#15981 = ORIENTED_EDGE('',*,*,#15982,.F.);
#15982 = EDGE_CURVE('',#15983,#9972,#15985,.T.);
#15983 = VERTEX_POINT('',#15984);
#15984 = CARTESIAN_POINT('',(50.172199249268,37.161098480225,
    3.200000047684));
#15985 = LINE('',#15986,#15987);
#15986 = CARTESIAN_POINT('',(50.172199249268,37.161098480225,
    3.200000047684));
#15987 = VECTOR('',#15988,1.);
#15988 = DIRECTION('',(0.,0.,1.));
#15989 = ORIENTED_EDGE('',*,*,#15990,.F.);
#15990 = EDGE_CURVE('',#15959,#15983,#15991,.T.);
#15991 = LINE('',#15992,#15993);
#15992 = CARTESIAN_POINT('',(50.076900482178,36.78039932251,
    3.200000047684));
#15993 = VECTOR('',#15994,1.);
#15994 = DIRECTION('',(0.242832940967,0.970068122753,0.));
#15995 = ORIENTED_EDGE('',*,*,#15958,.F.);
#15996 = ORIENTED_EDGE('',*,*,#9979,.F.);
#15997 = PLANE('',#15998);
#15998 = AXIS2_PLACEMENT_3D('',#15999,#16000,#16001);
#15999 = CARTESIAN_POINT('',(50.124549865723,36.970748901367,
    6.100000023842));
#16000 = DIRECTION('',(-0.970068122753,0.242832940967,0.));
#16001 = DIRECTION('',(-0.242832940967,-0.970068122753,0.));
#16002 = ADVANCED_FACE('',(#16003),#16021,.T.);
#16003 = FACE_BOUND('',#16004,.T.);
#16004 = EDGE_LOOP('',(#16005,#16013,#16019,#16020));
#16005 = ORIENTED_EDGE('',*,*,#16006,.T.);
#16006 = EDGE_CURVE('',#9964,#16007,#16009,.T.);
#16007 = VERTEX_POINT('',#16008);
#16008 = CARTESIAN_POINT('',(50.304500579834,37.530700683594,
    3.200000047684));
#16009 = LINE('',#16010,#16011);
#16010 = CARTESIAN_POINT('',(50.304500579834,37.530700683594,9.));
#16011 = VECTOR('',#16012,1.);
#16012 = DIRECTION('',(0.,0.,-1.));
#16013 = ORIENTED_EDGE('',*,*,#16014,.F.);
#16014 = EDGE_CURVE('',#15983,#16007,#16015,.T.);
#16015 = LINE('',#16016,#16017);
#16016 = CARTESIAN_POINT('',(50.172199249268,37.161098480225,
    3.200000047684));
#16017 = VECTOR('',#16018,1.);
#16018 = DIRECTION('',(0.33701528921,0.941499174104,0.));
#16019 = ORIENTED_EDGE('',*,*,#15982,.T.);
#16020 = ORIENTED_EDGE('',*,*,#9971,.T.);
#16021 = PLANE('',#16022);
#16022 = AXIS2_PLACEMENT_3D('',#16023,#16024,#16025);
#16023 = CARTESIAN_POINT('',(50.238349914551,37.345899581909,
    6.100000023842));
#16024 = DIRECTION('',(-0.941499174104,0.33701528921,0.));
#16025 = DIRECTION('',(-0.33701528921,-0.941499174104,0.));
#16026 = ADVANCED_FACE('',(#16027),#16045,.T.);
#16027 = FACE_BOUND('',#16028,.T.);
#16028 = EDGE_LOOP('',(#16029,#16037,#16043,#16044));
#16029 = ORIENTED_EDGE('',*,*,#16030,.F.);
#16030 = EDGE_CURVE('',#16031,#9956,#16033,.T.);
#16031 = VERTEX_POINT('',#16032);
#16032 = CARTESIAN_POINT('',(50.472301483154,37.885601043701,
    3.200000047684));
#16033 = LINE('',#16034,#16035);
#16034 = CARTESIAN_POINT('',(50.472301483154,37.885601043701,
    3.200000047684));
#16035 = VECTOR('',#16036,1.);
#16036 = DIRECTION('',(0.,0.,1.));
#16037 = ORIENTED_EDGE('',*,*,#16038,.F.);
#16038 = EDGE_CURVE('',#16007,#16031,#16039,.T.);
#16039 = LINE('',#16040,#16041);
#16040 = CARTESIAN_POINT('',(50.304500579834,37.530700683594,
    3.200000047684));
#16041 = VECTOR('',#16042,1.);
#16042 = DIRECTION('',(0.427441710615,0.904042910501,0.));
#16043 = ORIENTED_EDGE('',*,*,#16006,.F.);
#16044 = ORIENTED_EDGE('',*,*,#9963,.F.);
#16045 = PLANE('',#16046);
#16046 = AXIS2_PLACEMENT_3D('',#16047,#16048,#16049);
#16047 = CARTESIAN_POINT('',(50.388401031494,37.708150863647,
    6.100000023842));
#16048 = DIRECTION('',(-0.904042910501,0.427441710615,0.));
#16049 = DIRECTION('',(-0.427441710615,-0.904042910501,0.));
#16050 = ADVANCED_FACE('',(#16051),#16069,.T.);
#16051 = FACE_BOUND('',#16052,.T.);
#16052 = EDGE_LOOP('',(#16053,#16061,#16067,#16068));
#16053 = ORIENTED_EDGE('',*,*,#16054,.F.);
#16054 = EDGE_CURVE('',#16055,#9948,#16057,.T.);
#16055 = VERTEX_POINT('',#16056);
#16056 = CARTESIAN_POINT('',(50.674098968506,38.222301483154,
    3.200000047684));
#16057 = LINE('',#16058,#16059);
#16058 = CARTESIAN_POINT('',(50.674098968506,38.222301483154,
    3.200000047684));
#16059 = VECTOR('',#16060,1.);
#16060 = DIRECTION('',(0.,0.,1.));
#16061 = ORIENTED_EDGE('',*,*,#16062,.F.);
#16062 = EDGE_CURVE('',#16031,#16055,#16063,.T.);
#16063 = LINE('',#16064,#16065);
#16064 = CARTESIAN_POINT('',(50.472301483154,37.885601043701,
    3.200000047684));
#16065 = VECTOR('',#16066,1.);
#16066 = DIRECTION('',(0.514078395239,0.857743203732,0.));
#16067 = ORIENTED_EDGE('',*,*,#16030,.T.);
#16068 = ORIENTED_EDGE('',*,*,#9955,.T.);
#16069 = PLANE('',#16070);
#16070 = AXIS2_PLACEMENT_3D('',#16071,#16072,#16073);
#16071 = CARTESIAN_POINT('',(50.57320022583,38.053951263428,
    6.100000023842));
#16072 = DIRECTION('',(-0.857743203732,0.514078395239,0.));
#16073 = DIRECTION('',(-0.514078395239,-0.857743203732,0.));
#16074 = ADVANCED_FACE('',(#16075),#16093,.T.);
#16075 = FACE_BOUND('',#16076,.T.);
#16076 = EDGE_LOOP('',(#16077,#16085,#16091,#16092));
#16077 = ORIENTED_EDGE('',*,*,#16078,.T.);
#16078 = EDGE_CURVE('',#9940,#16079,#16081,.T.);
#16079 = VERTEX_POINT('',#16080);
#16080 = CARTESIAN_POINT('',(50.908000946045,38.537601470947,
    3.200000047684));
#16081 = LINE('',#16082,#16083);
#16082 = CARTESIAN_POINT('',(50.908000946045,38.537601470947,9.));
#16083 = VECTOR('',#16084,1.);
#16084 = DIRECTION('',(0.,0.,-1.));
#16085 = ORIENTED_EDGE('',*,*,#16086,.F.);
#16086 = EDGE_CURVE('',#16055,#16079,#16087,.T.);
#16087 = LINE('',#16088,#16089);
#16088 = CARTESIAN_POINT('',(50.674098968506,38.222301483154,
    3.200000047684));
#16089 = VECTOR('',#16090,1.);
#16090 = DIRECTION('',(0.595797191118,0.803134924565,0.));
#16091 = ORIENTED_EDGE('',*,*,#16054,.T.);
#16092 = ORIENTED_EDGE('',*,*,#9947,.T.);
#16093 = PLANE('',#16094);
#16094 = AXIS2_PLACEMENT_3D('',#16095,#16096,#16097);
#16095 = CARTESIAN_POINT('',(50.791049957275,38.379951477051,
    6.100000023842));
#16096 = DIRECTION('',(-0.803134924565,0.595797191118,0.));
#16097 = DIRECTION('',(-0.595797191118,-0.803134924565,0.));
#16098 = ADVANCED_FACE('',(#16099),#16117,.T.);
#16099 = FACE_BOUND('',#16100,.T.);
#16100 = EDGE_LOOP('',(#16101,#16109,#16115,#16116));
#16101 = ORIENTED_EDGE('',*,*,#16102,.F.);
#16102 = EDGE_CURVE('',#16103,#9932,#16105,.T.);
#16103 = VERTEX_POINT('',#16104);
#16104 = CARTESIAN_POINT('',(51.171600341797,38.828399658203,
    3.200000047684));
#16105 = LINE('',#16106,#16107);
#16106 = CARTESIAN_POINT('',(51.171600341797,38.828399658203,
    3.200000047684));
#16107 = VECTOR('',#16108,1.);
#16108 = DIRECTION('',(0.,0.,1.));
#16109 = ORIENTED_EDGE('',*,*,#16110,.F.);
#16110 = EDGE_CURVE('',#16079,#16103,#16111,.T.);
#16111 = LINE('',#16112,#16113);
#16112 = CARTESIAN_POINT('',(50.908000946045,38.537601470947,
    3.200000047684));
#16113 = VECTOR('',#16114,1.);
#16114 = DIRECTION('',(0.671608305235,0.740906393777,0.));
#16115 = ORIENTED_EDGE('',*,*,#16078,.F.);
#16116 = ORIENTED_EDGE('',*,*,#9939,.F.);
#16117 = PLANE('',#16118);
#16118 = AXIS2_PLACEMENT_3D('',#16119,#16120,#16121);
#16119 = CARTESIAN_POINT('',(51.039800643921,38.683000564575,
    6.100000023842));
#16120 = DIRECTION('',(-0.740906393777,0.671608305235,0.));
#16121 = DIRECTION('',(-0.671608305235,-0.740906393777,0.));
#16122 = ADVANCED_FACE('',(#16123),#16141,.T.);
#16123 = FACE_BOUND('',#16124,.T.);
#16124 = EDGE_LOOP('',(#16125,#16126,#16134,#16140));
#16125 = ORIENTED_EDGE('',*,*,#9931,.T.);
#16126 = ORIENTED_EDGE('',*,*,#16127,.F.);
#16127 = EDGE_CURVE('',#16128,#9924,#16130,.T.);
#16128 = VERTEX_POINT('',#16129);
#16129 = CARTESIAN_POINT('',(51.462398529053,39.091999053955,
    3.200000047684));
#16130 = LINE('',#16131,#16132);
#16131 = CARTESIAN_POINT('',(51.462398529053,39.091999053955,
    3.200000047684));
#16132 = VECTOR('',#16133,1.);
#16133 = DIRECTION('',(0.,0.,1.));
#16134 = ORIENTED_EDGE('',*,*,#16135,.F.);
#16135 = EDGE_CURVE('',#16103,#16128,#16136,.T.);
#16136 = LINE('',#16137,#16138);
#16137 = CARTESIAN_POINT('',(51.171600341797,38.828399658203,
    3.200000047684));
#16138 = VECTOR('',#16139,1.);
#16139 = DIRECTION('',(0.740906393777,0.671608305235,0.));
#16140 = ORIENTED_EDGE('',*,*,#16102,.T.);
#16141 = PLANE('',#16142);
#16142 = AXIS2_PLACEMENT_3D('',#16143,#16144,#16145);
#16143 = CARTESIAN_POINT('',(51.316999435425,38.960199356079,
    6.100000023842));
#16144 = DIRECTION('',(-0.671608305235,0.740906393777,0.));
#16145 = DIRECTION('',(0.740906393777,0.671608305235,0.));
#16146 = ADVANCED_FACE('',(#16147),#16165,.T.);
#16147 = FACE_BOUND('',#16148,.T.);
#16148 = EDGE_LOOP('',(#16149,#16150,#16158,#16164));
#16149 = ORIENTED_EDGE('',*,*,#9923,.T.);
#16150 = ORIENTED_EDGE('',*,*,#16151,.F.);
#16151 = EDGE_CURVE('',#16152,#9916,#16154,.T.);
#16152 = VERTEX_POINT('',#16153);
#16153 = CARTESIAN_POINT('',(51.777698516846,39.325901031494,
    3.200000047684));
#16154 = LINE('',#16155,#16156);
#16155 = CARTESIAN_POINT('',(51.777698516846,39.325901031494,
    3.200000047684));
#16156 = VECTOR('',#16157,1.);
#16157 = DIRECTION('',(0.,0.,1.));
#16158 = ORIENTED_EDGE('',*,*,#16159,.F.);
#16159 = EDGE_CURVE('',#16128,#16152,#16160,.T.);
#16160 = LINE('',#16161,#16162);
#16161 = CARTESIAN_POINT('',(51.462398529053,39.091999053955,
    3.200000047684));
#16162 = VECTOR('',#16163,1.);
#16163 = DIRECTION('',(0.803134924565,0.595797191118,0.));
#16164 = ORIENTED_EDGE('',*,*,#16127,.T.);
#16165 = PLANE('',#16166);
#16166 = AXIS2_PLACEMENT_3D('',#16167,#16168,#16169);
#16167 = CARTESIAN_POINT('',(51.620048522949,39.208950042725,
    6.100000023842));
#16168 = DIRECTION('',(-0.595797191118,0.803134924565,0.));
#16169 = DIRECTION('',(0.803134924565,0.595797191118,0.));
#16170 = ADVANCED_FACE('',(#16171),#16189,.T.);
#16171 = FACE_BOUND('',#16172,.T.);
#16172 = EDGE_LOOP('',(#16173,#16174,#16182,#16188));
#16173 = ORIENTED_EDGE('',*,*,#9915,.T.);
#16174 = ORIENTED_EDGE('',*,*,#16175,.T.);
#16175 = EDGE_CURVE('',#9908,#16176,#16178,.T.);
#16176 = VERTEX_POINT('',#16177);
#16177 = CARTESIAN_POINT('',(52.114398956299,39.527698516846,
    3.200000047684));
#16178 = LINE('',#16179,#16180);
#16179 = CARTESIAN_POINT('',(52.114398956299,39.527698516846,9.));
#16180 = VECTOR('',#16181,1.);
#16181 = DIRECTION('',(0.,0.,-1.));
#16182 = ORIENTED_EDGE('',*,*,#16183,.F.);
#16183 = EDGE_CURVE('',#16152,#16176,#16184,.T.);
#16184 = LINE('',#16185,#16186);
#16185 = CARTESIAN_POINT('',(51.777698516846,39.325901031494,
    3.200000047684));
#16186 = VECTOR('',#16187,1.);
#16187 = DIRECTION('',(0.857743203732,0.514078395239,0.));
#16188 = ORIENTED_EDGE('',*,*,#16151,.T.);
#16189 = PLANE('',#16190);
#16190 = AXIS2_PLACEMENT_3D('',#16191,#16192,#16193);
#16191 = CARTESIAN_POINT('',(51.946048736572,39.42679977417,
    6.100000023842));
#16192 = DIRECTION('',(-0.514078395239,0.857743203732,0.));
#16193 = DIRECTION('',(0.857743203732,0.514078395239,0.));
#16194 = ADVANCED_FACE('',(#16195),#16213,.T.);
#16195 = FACE_BOUND('',#16196,.T.);
#16196 = EDGE_LOOP('',(#16197,#16198,#16206,#16212));
#16197 = ORIENTED_EDGE('',*,*,#9907,.T.);
#16198 = ORIENTED_EDGE('',*,*,#16199,.T.);
#16199 = EDGE_CURVE('',#9900,#16200,#16202,.T.);
#16200 = VERTEX_POINT('',#16201);
#16201 = CARTESIAN_POINT('',(52.469299316406,39.695499420166,
    3.200000047684));
#16202 = LINE('',#16203,#16204);
#16203 = CARTESIAN_POINT('',(52.469299316406,39.695499420166,9.));
#16204 = VECTOR('',#16205,1.);
#16205 = DIRECTION('',(0.,0.,-1.));
#16206 = ORIENTED_EDGE('',*,*,#16207,.F.);
#16207 = EDGE_CURVE('',#16176,#16200,#16208,.T.);
#16208 = LINE('',#16209,#16210);
#16209 = CARTESIAN_POINT('',(52.114398956299,39.527698516846,
    3.200000047684));
#16210 = VECTOR('',#16211,1.);
#16211 = DIRECTION('',(0.904042910501,0.427441710615,0.));
#16212 = ORIENTED_EDGE('',*,*,#16175,.F.);
#16213 = PLANE('',#16214);
#16214 = AXIS2_PLACEMENT_3D('',#16215,#16216,#16217);
#16215 = CARTESIAN_POINT('',(52.291849136353,39.611598968506,
    6.100000023842));
#16216 = DIRECTION('',(-0.427441710615,0.904042910501,0.));
#16217 = DIRECTION('',(0.904042910501,0.427441710615,0.));
#16218 = ADVANCED_FACE('',(#16219),#16237,.T.);
#16219 = FACE_BOUND('',#16220,.T.);
#16220 = EDGE_LOOP('',(#16221,#16222,#16230,#16236));
#16221 = ORIENTED_EDGE('',*,*,#9899,.T.);
#16222 = ORIENTED_EDGE('',*,*,#16223,.F.);
#16223 = EDGE_CURVE('',#16224,#9892,#16226,.T.);
#16224 = VERTEX_POINT('',#16225);
#16225 = CARTESIAN_POINT('',(52.838901519775,39.827800750732,
    3.200000047684));
#16226 = LINE('',#16227,#16228);
#16227 = CARTESIAN_POINT('',(52.838901519775,39.827800750732,
    3.200000047684));
#16228 = VECTOR('',#16229,1.);
#16229 = DIRECTION('',(0.,0.,1.));
#16230 = ORIENTED_EDGE('',*,*,#16231,.F.);
#16231 = EDGE_CURVE('',#16200,#16224,#16232,.T.);
#16232 = LINE('',#16233,#16234);
#16233 = CARTESIAN_POINT('',(52.469299316406,39.695499420166,
    3.200000047684));
#16234 = VECTOR('',#16235,1.);
#16235 = DIRECTION('',(0.941499174104,0.33701528921,0.));
#16236 = ORIENTED_EDGE('',*,*,#16199,.F.);
#16237 = PLANE('',#16238);
#16238 = AXIS2_PLACEMENT_3D('',#16239,#16240,#16241);
#16239 = CARTESIAN_POINT('',(52.654100418091,39.761650085449,
    6.100000023842));
#16240 = DIRECTION('',(-0.33701528921,0.941499174104,0.));
#16241 = DIRECTION('',(0.941499174104,0.33701528921,0.));
#16242 = ADVANCED_FACE('',(#16243),#16261,.T.);
#16243 = FACE_BOUND('',#16244,.T.);
#16244 = EDGE_LOOP('',(#16245,#16246,#16254,#16260));
#16245 = ORIENTED_EDGE('',*,*,#9891,.T.);
#16246 = ORIENTED_EDGE('',*,*,#16247,.T.);
#16247 = EDGE_CURVE('',#9884,#16248,#16250,.T.);
#16248 = VERTEX_POINT('',#16249);
#16249 = CARTESIAN_POINT('',(53.21960067749,39.923099517822,
    3.200000047684));
#16250 = LINE('',#16251,#16252);
#16251 = CARTESIAN_POINT('',(53.21960067749,39.923099517822,9.));
#16252 = VECTOR('',#16253,1.);
#16253 = DIRECTION('',(0.,0.,-1.));
#16254 = ORIENTED_EDGE('',*,*,#16255,.F.);
#16255 = EDGE_CURVE('',#16224,#16248,#16256,.T.);
#16256 = LINE('',#16257,#16258);
#16257 = CARTESIAN_POINT('',(52.838901519775,39.827800750732,
    3.200000047684));
#16258 = VECTOR('',#16259,1.);
#16259 = DIRECTION('',(0.970068122753,0.242832940967,0.));
#16260 = ORIENTED_EDGE('',*,*,#16223,.T.);
#16261 = PLANE('',#16262);
#16262 = AXIS2_PLACEMENT_3D('',#16263,#16264,#16265);
#16263 = CARTESIAN_POINT('',(53.029251098633,39.875450134277,
    6.100000023842));
#16264 = DIRECTION('',(-0.242832940967,0.970068122753,0.));
#16265 = DIRECTION('',(0.970068122753,0.242832940967,0.));
#16266 = ADVANCED_FACE('',(#16267),#16285,.T.);
#16267 = FACE_BOUND('',#16268,.T.);
#16268 = EDGE_LOOP('',(#16269,#16270,#16278,#16284));
#16269 = ORIENTED_EDGE('',*,*,#9883,.F.);
#16270 = ORIENTED_EDGE('',*,*,#16271,.F.);
#16271 = EDGE_CURVE('',#16272,#9876,#16274,.T.);
#16272 = VERTEX_POINT('',#16273);
#16273 = CARTESIAN_POINT('',(53.607898712158,39.980701446533,
    3.200000047684));
#16274 = LINE('',#16275,#16276);
#16275 = CARTESIAN_POINT('',(53.607898712158,39.980701446533,
    3.200000047684));
#16276 = VECTOR('',#16277,1.);
#16277 = DIRECTION('',(0.,0.,1.));
#16278 = ORIENTED_EDGE('',*,*,#16279,.F.);
#16279 = EDGE_CURVE('',#16248,#16272,#16280,.T.);
#16280 = LINE('',#16281,#16282);
#16281 = CARTESIAN_POINT('',(53.21960067749,39.923099517822,
    3.200000047684));
#16282 = VECTOR('',#16283,1.);
#16283 = DIRECTION('',(0.989175268962,0.146738840371,0.));
#16284 = ORIENTED_EDGE('',*,*,#16247,.F.);
#16285 = PLANE('',#16286);
#16286 = AXIS2_PLACEMENT_3D('',#16287,#16288,#16289);
#16287 = CARTESIAN_POINT('',(53.413749694824,39.951900482178,
    6.100000023842));
#16288 = DIRECTION('',(-0.146738840371,0.989175268962,0.));
#16289 = DIRECTION('',(0.989175268962,0.146738840371,0.));
#16290 = ADVANCED_FACE('',(#16291),#16309,.T.);
#16291 = FACE_BOUND('',#16292,.T.);
#16292 = EDGE_LOOP('',(#16293,#16294,#16302,#16308));
#16293 = ORIENTED_EDGE('',*,*,#9875,.T.);
#16294 = ORIENTED_EDGE('',*,*,#16295,.T.);
#16295 = EDGE_CURVE('',#9868,#16296,#16298,.T.);
#16296 = VERTEX_POINT('',#16297);
#16297 = CARTESIAN_POINT('',(54.,40.,3.200000047684));
#16298 = LINE('',#16299,#16300);
#16299 = CARTESIAN_POINT('',(54.,40.,9.));
#16300 = VECTOR('',#16301,1.);
#16301 = DIRECTION('',(0.,0.,-1.));
#16302 = ORIENTED_EDGE('',*,*,#16303,.F.);
#16303 = EDGE_CURVE('',#16272,#16296,#16304,.T.);
#16304 = LINE('',#16305,#16306);
#16305 = CARTESIAN_POINT('',(53.607898712158,39.980701446533,
    3.200000047684));
#16306 = VECTOR('',#16307,1.);
#16307 = DIRECTION('',(0.998790976291,4.915878028406E-02,0.));
#16308 = ORIENTED_EDGE('',*,*,#16271,.T.);
#16309 = PLANE('',#16310);
#16310 = AXIS2_PLACEMENT_3D('',#16311,#16312,#16313);
#16311 = CARTESIAN_POINT('',(53.803949356079,39.990350723267,
    6.100000023842));
#16312 = DIRECTION('',(-4.915878028406E-02,0.998790976291,0.));
#16313 = DIRECTION('',(0.998790976291,4.915878028406E-02,0.));
#16314 = ADVANCED_FACE('',(#16315),#16333,.T.);
#16315 = FACE_BOUND('',#16316,.T.);
#16316 = EDGE_LOOP('',(#16317,#16318,#16326,#16332));
#16317 = ORIENTED_EDGE('',*,*,#9867,.F.);
#16318 = ORIENTED_EDGE('',*,*,#16319,.F.);
#16319 = EDGE_CURVE('',#16320,#9860,#16322,.T.);
#16320 = VERTEX_POINT('',#16321);
#16321 = CARTESIAN_POINT('',(54.392101287842,39.980701446533,
    3.200000047684));
#16322 = LINE('',#16323,#16324);
#16323 = CARTESIAN_POINT('',(54.392101287842,39.980701446533,
    3.200000047684));
#16324 = VECTOR('',#16325,1.);
#16325 = DIRECTION('',(0.,0.,1.));
#16326 = ORIENTED_EDGE('',*,*,#16327,.F.);
#16327 = EDGE_CURVE('',#16296,#16320,#16328,.T.);
#16328 = LINE('',#16329,#16330);
#16329 = CARTESIAN_POINT('',(54.,40.,3.200000047684));
#16330 = VECTOR('',#16331,1.);
#16331 = DIRECTION('',(0.998790976291,-4.915878028406E-02,0.));
#16332 = ORIENTED_EDGE('',*,*,#16295,.F.);
#16333 = PLANE('',#16334);
#16334 = AXIS2_PLACEMENT_3D('',#16335,#16336,#16337);
#16335 = CARTESIAN_POINT('',(54.196050643921,39.990350723267,
    6.100000023842));
#16336 = DIRECTION('',(4.915878028406E-02,0.998790976291,0.));
#16337 = DIRECTION('',(0.998790976291,-4.915878028406E-02,0.));
#16338 = ADVANCED_FACE('',(#16339),#16357,.T.);
#16339 = FACE_BOUND('',#16340,.T.);
#16340 = EDGE_LOOP('',(#16341,#16342,#16350,#16356));
#16341 = ORIENTED_EDGE('',*,*,#9859,.T.);
#16342 = ORIENTED_EDGE('',*,*,#16343,.T.);
#16343 = EDGE_CURVE('',#9852,#16344,#16346,.T.);
#16344 = VERTEX_POINT('',#16345);
#16345 = CARTESIAN_POINT('',(54.78039932251,39.923099517822,
    3.200000047684));
#16346 = LINE('',#16347,#16348);
#16347 = CARTESIAN_POINT('',(54.78039932251,39.923099517822,9.));
#16348 = VECTOR('',#16349,1.);
#16349 = DIRECTION('',(0.,0.,-1.));
#16350 = ORIENTED_EDGE('',*,*,#16351,.F.);
#16351 = EDGE_CURVE('',#16320,#16344,#16352,.T.);
#16352 = LINE('',#16353,#16354);
#16353 = CARTESIAN_POINT('',(54.392101287842,39.980701446533,
    3.200000047684));
#16354 = VECTOR('',#16355,1.);
#16355 = DIRECTION('',(0.989175268962,-0.146738840371,0.));
#16356 = ORIENTED_EDGE('',*,*,#16319,.T.);
#16357 = PLANE('',#16358);
#16358 = AXIS2_PLACEMENT_3D('',#16359,#16360,#16361);
#16359 = CARTESIAN_POINT('',(54.586250305176,39.951900482178,
    6.100000023842));
#16360 = DIRECTION('',(0.146738840371,0.989175268962,0.));
#16361 = DIRECTION('',(0.989175268962,-0.146738840371,0.));
#16362 = ADVANCED_FACE('',(#16363),#16381,.T.);
#16363 = FACE_BOUND('',#16364,.T.);
#16364 = EDGE_LOOP('',(#16365,#16366,#16374,#16380));
#16365 = ORIENTED_EDGE('',*,*,#9851,.F.);
#16366 = ORIENTED_EDGE('',*,*,#16367,.F.);
#16367 = EDGE_CURVE('',#16368,#9844,#16370,.T.);
#16368 = VERTEX_POINT('',#16369);
#16369 = CARTESIAN_POINT('',(55.161098480225,39.827800750732,
    3.200000047684));
#16370 = LINE('',#16371,#16372);
#16371 = CARTESIAN_POINT('',(55.161098480225,39.827800750732,
    3.200000047684));
#16372 = VECTOR('',#16373,1.);
#16373 = DIRECTION('',(0.,0.,1.));
#16374 = ORIENTED_EDGE('',*,*,#16375,.F.);
#16375 = EDGE_CURVE('',#16344,#16368,#16376,.T.);
#16376 = LINE('',#16377,#16378);
#16377 = CARTESIAN_POINT('',(54.78039932251,39.923099517822,
    3.200000047684));
#16378 = VECTOR('',#16379,1.);
#16379 = DIRECTION('',(0.970068122753,-0.242832940967,0.));
#16380 = ORIENTED_EDGE('',*,*,#16343,.F.);
#16381 = PLANE('',#16382);
#16382 = AXIS2_PLACEMENT_3D('',#16383,#16384,#16385);
#16383 = CARTESIAN_POINT('',(54.970748901367,39.875450134277,
    6.100000023842));
#16384 = DIRECTION('',(0.242832940967,0.970068122753,0.));
#16385 = DIRECTION('',(0.970068122753,-0.242832940967,0.));
#16386 = ADVANCED_FACE('',(#16387),#16405,.T.);
#16387 = FACE_BOUND('',#16388,.T.);
#16388 = EDGE_LOOP('',(#16389,#16390,#16398,#16404));
#16389 = ORIENTED_EDGE('',*,*,#9843,.T.);
#16390 = ORIENTED_EDGE('',*,*,#16391,.T.);
#16391 = EDGE_CURVE('',#9836,#16392,#16394,.T.);
#16392 = VERTEX_POINT('',#16393);
#16393 = CARTESIAN_POINT('',(55.530700683594,39.695499420166,
    3.200000047684));
#16394 = LINE('',#16395,#16396);
#16395 = CARTESIAN_POINT('',(55.530700683594,39.695499420166,9.));
#16396 = VECTOR('',#16397,1.);
#16397 = DIRECTION('',(0.,0.,-1.));
#16398 = ORIENTED_EDGE('',*,*,#16399,.F.);
#16399 = EDGE_CURVE('',#16368,#16392,#16400,.T.);
#16400 = LINE('',#16401,#16402);
#16401 = CARTESIAN_POINT('',(55.161098480225,39.827800750732,
    3.200000047684));
#16402 = VECTOR('',#16403,1.);
#16403 = DIRECTION('',(0.941499174104,-0.33701528921,0.));
#16404 = ORIENTED_EDGE('',*,*,#16367,.T.);
#16405 = PLANE('',#16406);
#16406 = AXIS2_PLACEMENT_3D('',#16407,#16408,#16409);
#16407 = CARTESIAN_POINT('',(55.345899581909,39.761650085449,
    6.100000023842));
#16408 = DIRECTION('',(0.33701528921,0.941499174104,0.));
#16409 = DIRECTION('',(0.941499174104,-0.33701528921,0.));
#16410 = ADVANCED_FACE('',(#16411),#16429,.T.);
#16411 = FACE_BOUND('',#16412,.T.);
#16412 = EDGE_LOOP('',(#16413,#16414,#16422,#16428));
#16413 = ORIENTED_EDGE('',*,*,#9835,.T.);
#16414 = ORIENTED_EDGE('',*,*,#16415,.T.);
#16415 = EDGE_CURVE('',#9828,#16416,#16418,.T.);
#16416 = VERTEX_POINT('',#16417);
#16417 = CARTESIAN_POINT('',(55.885601043701,39.527698516846,
    3.200000047684));
#16418 = LINE('',#16419,#16420);
#16419 = CARTESIAN_POINT('',(55.885601043701,39.527698516846,9.));
#16420 = VECTOR('',#16421,1.);
#16421 = DIRECTION('',(0.,0.,-1.));
#16422 = ORIENTED_EDGE('',*,*,#16423,.F.);
#16423 = EDGE_CURVE('',#16392,#16416,#16424,.T.);
#16424 = LINE('',#16425,#16426);
#16425 = CARTESIAN_POINT('',(55.530700683594,39.695499420166,
    3.200000047684));
#16426 = VECTOR('',#16427,1.);
#16427 = DIRECTION('',(0.904042910501,-0.427441710615,0.));
#16428 = ORIENTED_EDGE('',*,*,#16391,.F.);
#16429 = PLANE('',#16430);
#16430 = AXIS2_PLACEMENT_3D('',#16431,#16432,#16433);
#16431 = CARTESIAN_POINT('',(55.708150863647,39.611598968506,
    6.100000023842));
#16432 = DIRECTION('',(0.427441710615,0.904042910501,0.));
#16433 = DIRECTION('',(0.904042910501,-0.427441710615,0.));
#16434 = ADVANCED_FACE('',(#16435),#16453,.T.);
#16435 = FACE_BOUND('',#16436,.T.);
#16436 = EDGE_LOOP('',(#16437,#16438,#16446,#16452));
#16437 = ORIENTED_EDGE('',*,*,#9827,.F.);
#16438 = ORIENTED_EDGE('',*,*,#16439,.F.);
#16439 = EDGE_CURVE('',#16440,#9820,#16442,.T.);
#16440 = VERTEX_POINT('',#16441);
#16441 = CARTESIAN_POINT('',(56.222301483154,39.325901031494,
    3.200000047684));
#16442 = LINE('',#16443,#16444);
#16443 = CARTESIAN_POINT('',(56.222301483154,39.325901031494,
    3.200000047684));
#16444 = VECTOR('',#16445,1.);
#16445 = DIRECTION('',(0.,0.,1.));
#16446 = ORIENTED_EDGE('',*,*,#16447,.F.);
#16447 = EDGE_CURVE('',#16416,#16440,#16448,.T.);
#16448 = LINE('',#16449,#16450);
#16449 = CARTESIAN_POINT('',(55.885601043701,39.527698516846,
    3.200000047684));
#16450 = VECTOR('',#16451,1.);
#16451 = DIRECTION('',(0.857743203732,-0.514078395239,0.));
#16452 = ORIENTED_EDGE('',*,*,#16415,.F.);
#16453 = PLANE('',#16454);
#16454 = AXIS2_PLACEMENT_3D('',#16455,#16456,#16457);
#16455 = CARTESIAN_POINT('',(56.053951263428,39.42679977417,
    6.100000023842));
#16456 = DIRECTION('',(0.514078395239,0.857743203732,0.));
#16457 = DIRECTION('',(0.857743203732,-0.514078395239,0.));
#16458 = ADVANCED_FACE('',(#16459),#16477,.T.);
#16459 = FACE_BOUND('',#16460,.T.);
#16460 = EDGE_LOOP('',(#16461,#16462,#16470,#16476));
#16461 = ORIENTED_EDGE('',*,*,#9819,.F.);
#16462 = ORIENTED_EDGE('',*,*,#16463,.F.);
#16463 = EDGE_CURVE('',#16464,#9812,#16466,.T.);
#16464 = VERTEX_POINT('',#16465);
#16465 = CARTESIAN_POINT('',(56.537601470947,39.091999053955,
    3.200000047684));
#16466 = LINE('',#16467,#16468);
#16467 = CARTESIAN_POINT('',(56.537601470947,39.091999053955,
    3.200000047684));
#16468 = VECTOR('',#16469,1.);
#16469 = DIRECTION('',(0.,0.,1.));
#16470 = ORIENTED_EDGE('',*,*,#16471,.F.);
#16471 = EDGE_CURVE('',#16440,#16464,#16472,.T.);
#16472 = LINE('',#16473,#16474);
#16473 = CARTESIAN_POINT('',(56.222301483154,39.325901031494,
    3.200000047684));
#16474 = VECTOR('',#16475,1.);
#16475 = DIRECTION('',(0.803134924565,-0.595797191118,0.));
#16476 = ORIENTED_EDGE('',*,*,#16439,.T.);
#16477 = PLANE('',#16478);
#16478 = AXIS2_PLACEMENT_3D('',#16479,#16480,#16481);
#16479 = CARTESIAN_POINT('',(56.379951477051,39.208950042725,
    6.100000023842));
#16480 = DIRECTION('',(0.595797191118,0.803134924565,0.));
#16481 = DIRECTION('',(0.803134924565,-0.595797191118,0.));
#16482 = ADVANCED_FACE('',(#16483),#16501,.T.);
#16483 = FACE_BOUND('',#16484,.T.);
#16484 = EDGE_LOOP('',(#16485,#16486,#16494,#16500));
#16485 = ORIENTED_EDGE('',*,*,#9811,.T.);
#16486 = ORIENTED_EDGE('',*,*,#16487,.T.);
#16487 = EDGE_CURVE('',#9804,#16488,#16490,.T.);
#16488 = VERTEX_POINT('',#16489);
#16489 = CARTESIAN_POINT('',(56.828399658203,38.828399658203,
    3.200000047684));
#16490 = LINE('',#16491,#16492);
#16491 = CARTESIAN_POINT('',(56.828399658203,38.828399658203,9.));
#16492 = VECTOR('',#16493,1.);
#16493 = DIRECTION('',(0.,0.,-1.));
#16494 = ORIENTED_EDGE('',*,*,#16495,.F.);
#16495 = EDGE_CURVE('',#16464,#16488,#16496,.T.);
#16496 = LINE('',#16497,#16498);
#16497 = CARTESIAN_POINT('',(56.537601470947,39.091999053955,
    3.200000047684));
#16498 = VECTOR('',#16499,1.);
#16499 = DIRECTION('',(0.740906393777,-0.671608305235,0.));
#16500 = ORIENTED_EDGE('',*,*,#16463,.T.);
#16501 = PLANE('',#16502);
#16502 = AXIS2_PLACEMENT_3D('',#16503,#16504,#16505);
#16503 = CARTESIAN_POINT('',(56.683000564575,38.960199356079,
    6.100000023842));
#16504 = DIRECTION('',(0.671608305235,0.740906393777,0.));
#16505 = DIRECTION('',(0.740906393777,-0.671608305235,0.));
#16506 = ADVANCED_FACE('',(#16507),#16525,.T.);
#16507 = FACE_BOUND('',#16508,.T.);
#16508 = EDGE_LOOP('',(#16509,#16510,#16511,#16519));
#16509 = ORIENTED_EDGE('',*,*,#16487,.F.);
#16510 = ORIENTED_EDGE('',*,*,#9803,.F.);
#16511 = ORIENTED_EDGE('',*,*,#16512,.F.);
#16512 = EDGE_CURVE('',#16513,#9796,#16515,.T.);
#16513 = VERTEX_POINT('',#16514);
#16514 = CARTESIAN_POINT('',(57.091999053955,38.537601470947,
    3.200000047684));
#16515 = LINE('',#16516,#16517);
#16516 = CARTESIAN_POINT('',(57.091999053955,38.537601470947,
    3.200000047684));
#16517 = VECTOR('',#16518,1.);
#16518 = DIRECTION('',(0.,0.,1.));
#16519 = ORIENTED_EDGE('',*,*,#16520,.F.);
#16520 = EDGE_CURVE('',#16488,#16513,#16521,.T.);
#16521 = LINE('',#16522,#16523);
#16522 = CARTESIAN_POINT('',(56.828399658203,38.828399658203,
    3.200000047684));
#16523 = VECTOR('',#16524,1.);
#16524 = DIRECTION('',(0.671608305235,-0.740906393777,0.));
#16525 = PLANE('',#16526);
#16526 = AXIS2_PLACEMENT_3D('',#16527,#16528,#16529);
#16527 = CARTESIAN_POINT('',(56.960199356079,38.683000564575,
    6.100000023842));
#16528 = DIRECTION('',(0.740906393777,0.671608305235,0.));
#16529 = DIRECTION('',(-0.671608305235,0.740906393777,0.));
#16530 = ADVANCED_FACE('',(#16531),#16549,.T.);
#16531 = FACE_BOUND('',#16532,.T.);
#16532 = EDGE_LOOP('',(#16533,#16534,#16535,#16543));
#16533 = ORIENTED_EDGE('',*,*,#16512,.T.);
#16534 = ORIENTED_EDGE('',*,*,#9795,.T.);
#16535 = ORIENTED_EDGE('',*,*,#16536,.T.);
#16536 = EDGE_CURVE('',#9788,#16537,#16539,.T.);
#16537 = VERTEX_POINT('',#16538);
#16538 = CARTESIAN_POINT('',(57.325901031494,38.222301483154,
    3.200000047684));
#16539 = LINE('',#16540,#16541);
#16540 = CARTESIAN_POINT('',(57.325901031494,38.222301483154,9.));
#16541 = VECTOR('',#16542,1.);
#16542 = DIRECTION('',(0.,0.,-1.));
#16543 = ORIENTED_EDGE('',*,*,#16544,.F.);
#16544 = EDGE_CURVE('',#16513,#16537,#16545,.T.);
#16545 = LINE('',#16546,#16547);
#16546 = CARTESIAN_POINT('',(57.091999053955,38.537601470947,
    3.200000047684));
#16547 = VECTOR('',#16548,1.);
#16548 = DIRECTION('',(0.595797191118,-0.803134924565,0.));
#16549 = PLANE('',#16550);
#16550 = AXIS2_PLACEMENT_3D('',#16551,#16552,#16553);
#16551 = CARTESIAN_POINT('',(57.208950042725,38.379951477051,
    6.100000023842));
#16552 = DIRECTION('',(0.803134924565,0.595797191118,0.));
#16553 = DIRECTION('',(-0.595797191118,0.803134924565,0.));
#16554 = ADVANCED_FACE('',(#16555),#16573,.T.);
#16555 = FACE_BOUND('',#16556,.T.);
#16556 = EDGE_LOOP('',(#16557,#16558,#16559,#16567));
#16557 = ORIENTED_EDGE('',*,*,#16536,.F.);
#16558 = ORIENTED_EDGE('',*,*,#9787,.T.);
#16559 = ORIENTED_EDGE('',*,*,#16560,.T.);
#16560 = EDGE_CURVE('',#9780,#16561,#16563,.T.);
#16561 = VERTEX_POINT('',#16562);
#16562 = CARTESIAN_POINT('',(57.527698516846,37.885601043701,
    3.200000047684));
#16563 = LINE('',#16564,#16565);
#16564 = CARTESIAN_POINT('',(57.527698516846,37.885601043701,9.));
#16565 = VECTOR('',#16566,1.);
#16566 = DIRECTION('',(0.,0.,-1.));
#16567 = ORIENTED_EDGE('',*,*,#16568,.F.);
#16568 = EDGE_CURVE('',#16537,#16561,#16569,.T.);
#16569 = LINE('',#16570,#16571);
#16570 = CARTESIAN_POINT('',(57.325901031494,38.222301483154,
    3.200000047684));
#16571 = VECTOR('',#16572,1.);
#16572 = DIRECTION('',(0.514078395239,-0.857743203732,0.));
#16573 = PLANE('',#16574);
#16574 = AXIS2_PLACEMENT_3D('',#16575,#16576,#16577);
#16575 = CARTESIAN_POINT('',(57.42679977417,38.053951263428,
    6.100000023842));
#16576 = DIRECTION('',(0.857743203732,0.514078395239,0.));
#16577 = DIRECTION('',(-0.514078395239,0.857743203732,0.));
#16578 = ADVANCED_FACE('',(#16579),#16597,.T.);
#16579 = FACE_BOUND('',#16580,.T.);
#16580 = EDGE_LOOP('',(#16581,#16582,#16583,#16591));
#16581 = ORIENTED_EDGE('',*,*,#16560,.F.);
#16582 = ORIENTED_EDGE('',*,*,#9779,.F.);
#16583 = ORIENTED_EDGE('',*,*,#16584,.F.);
#16584 = EDGE_CURVE('',#16585,#9772,#16587,.T.);
#16585 = VERTEX_POINT('',#16586);
#16586 = CARTESIAN_POINT('',(57.695499420166,37.530700683594,
    3.200000047684));
#16587 = LINE('',#16588,#16589);
#16588 = CARTESIAN_POINT('',(57.695499420166,37.530700683594,
    3.200000047684));
#16589 = VECTOR('',#16590,1.);
#16590 = DIRECTION('',(0.,0.,1.));
#16591 = ORIENTED_EDGE('',*,*,#16592,.F.);
#16592 = EDGE_CURVE('',#16561,#16585,#16593,.T.);
#16593 = LINE('',#16594,#16595);
#16594 = CARTESIAN_POINT('',(57.527698516846,37.885601043701,
    3.200000047684));
#16595 = VECTOR('',#16596,1.);
#16596 = DIRECTION('',(0.427441710615,-0.904042910501,0.));
#16597 = PLANE('',#16598);
#16598 = AXIS2_PLACEMENT_3D('',#16599,#16600,#16601);
#16599 = CARTESIAN_POINT('',(57.611598968506,37.708150863647,
    6.100000023842));
#16600 = DIRECTION('',(0.904042910501,0.427441710615,0.));
#16601 = DIRECTION('',(-0.427441710615,0.904042910501,0.));
#16602 = ADVANCED_FACE('',(#16603),#16621,.T.);
#16603 = FACE_BOUND('',#16604,.T.);
#16604 = EDGE_LOOP('',(#16605,#16606,#16607,#16615));
#16605 = ORIENTED_EDGE('',*,*,#16584,.T.);
#16606 = ORIENTED_EDGE('',*,*,#9771,.F.);
#16607 = ORIENTED_EDGE('',*,*,#16608,.F.);
#16608 = EDGE_CURVE('',#16609,#9764,#16611,.T.);
#16609 = VERTEX_POINT('',#16610);
#16610 = CARTESIAN_POINT('',(57.827800750732,37.161098480225,
    3.200000047684));
#16611 = LINE('',#16612,#16613);
#16612 = CARTESIAN_POINT('',(57.827800750732,37.161098480225,
    3.200000047684));
#16613 = VECTOR('',#16614,1.);
#16614 = DIRECTION('',(0.,0.,1.));
#16615 = ORIENTED_EDGE('',*,*,#16616,.F.);
#16616 = EDGE_CURVE('',#16585,#16609,#16617,.T.);
#16617 = LINE('',#16618,#16619);
#16618 = CARTESIAN_POINT('',(57.695499420166,37.530700683594,
    3.200000047684));
#16619 = VECTOR('',#16620,1.);
#16620 = DIRECTION('',(0.33701528921,-0.941499174104,0.));
#16621 = PLANE('',#16622);
#16622 = AXIS2_PLACEMENT_3D('',#16623,#16624,#16625);
#16623 = CARTESIAN_POINT('',(57.761650085449,37.345899581909,
    6.100000023842));
#16624 = DIRECTION('',(0.941499174104,0.33701528921,0.));
#16625 = DIRECTION('',(-0.33701528921,0.941499174104,0.));
#16626 = ADVANCED_FACE('',(#16627),#16645,.T.);
#16627 = FACE_BOUND('',#16628,.T.);
#16628 = EDGE_LOOP('',(#16629,#16630,#16631,#16639));
#16629 = ORIENTED_EDGE('',*,*,#16608,.T.);
#16630 = ORIENTED_EDGE('',*,*,#9763,.T.);
#16631 = ORIENTED_EDGE('',*,*,#16632,.F.);
#16632 = EDGE_CURVE('',#16633,#9756,#16635,.T.);
#16633 = VERTEX_POINT('',#16634);
#16634 = CARTESIAN_POINT('',(57.923099517822,36.78039932251,
    3.200000047684));
#16635 = LINE('',#16636,#16637);
#16636 = CARTESIAN_POINT('',(57.923099517822,36.78039932251,
    3.200000047684));
#16637 = VECTOR('',#16638,1.);
#16638 = DIRECTION('',(0.,0.,1.));
#16639 = ORIENTED_EDGE('',*,*,#16640,.F.);
#16640 = EDGE_CURVE('',#16609,#16633,#16641,.T.);
#16641 = LINE('',#16642,#16643);
#16642 = CARTESIAN_POINT('',(57.827800750732,37.161098480225,
    3.200000047684));
#16643 = VECTOR('',#16644,1.);
#16644 = DIRECTION('',(0.242832940967,-0.970068122753,0.));
#16645 = PLANE('',#16646);
#16646 = AXIS2_PLACEMENT_3D('',#16647,#16648,#16649);
#16647 = CARTESIAN_POINT('',(57.875450134277,36.970748901367,
    6.100000023842));
#16648 = DIRECTION('',(0.970068122753,0.242832940967,0.));
#16649 = DIRECTION('',(-0.242832940967,0.970068122753,0.));
#16650 = ADVANCED_FACE('',(#16651),#16669,.T.);
#16651 = FACE_BOUND('',#16652,.T.);
#16652 = EDGE_LOOP('',(#16653,#16654,#16655,#16663));
#16653 = ORIENTED_EDGE('',*,*,#16632,.T.);
#16654 = ORIENTED_EDGE('',*,*,#9755,.T.);
#16655 = ORIENTED_EDGE('',*,*,#16656,.T.);
#16656 = EDGE_CURVE('',#9748,#16657,#16659,.T.);
#16657 = VERTEX_POINT('',#16658);
#16658 = CARTESIAN_POINT('',(57.980701446533,36.392101287842,
    3.200000047684));
#16659 = LINE('',#16660,#16661);
#16660 = CARTESIAN_POINT('',(57.980701446533,36.392101287842,9.));
#16661 = VECTOR('',#16662,1.);
#16662 = DIRECTION('',(0.,0.,-1.));
#16663 = ORIENTED_EDGE('',*,*,#16664,.F.);
#16664 = EDGE_CURVE('',#16633,#16657,#16665,.T.);
#16665 = LINE('',#16666,#16667);
#16666 = CARTESIAN_POINT('',(57.923099517822,36.78039932251,
    3.200000047684));
#16667 = VECTOR('',#16668,1.);
#16668 = DIRECTION('',(0.146738840371,-0.989175268962,0.));
#16669 = PLANE('',#16670);
#16670 = AXIS2_PLACEMENT_3D('',#16671,#16672,#16673);
#16671 = CARTESIAN_POINT('',(57.951900482178,36.586250305176,
    6.100000023842));
#16672 = DIRECTION('',(0.989175268962,0.146738840371,0.));
#16673 = DIRECTION('',(-0.146738840371,0.989175268962,0.));
#16674 = ADVANCED_FACE('',(#16675),#16693,.T.);
#16675 = FACE_BOUND('',#16676,.T.);
#16676 = EDGE_LOOP('',(#16677,#16678,#16679,#16687));
#16677 = ORIENTED_EDGE('',*,*,#16656,.F.);
#16678 = ORIENTED_EDGE('',*,*,#9747,.T.);
#16679 = ORIENTED_EDGE('',*,*,#16680,.T.);
#16680 = EDGE_CURVE('',#9740,#16681,#16683,.T.);
#16681 = VERTEX_POINT('',#16682);
#16682 = CARTESIAN_POINT('',(58.,36.,3.200000047684));
#16683 = LINE('',#16684,#16685);
#16684 = CARTESIAN_POINT('',(58.,36.,9.));
#16685 = VECTOR('',#16686,1.);
#16686 = DIRECTION('',(0.,0.,-1.));
#16687 = ORIENTED_EDGE('',*,*,#16688,.F.);
#16688 = EDGE_CURVE('',#16657,#16681,#16689,.T.);
#16689 = LINE('',#16690,#16691);
#16690 = CARTESIAN_POINT('',(57.980701446533,36.392101287842,
    3.200000047684));
#16691 = VECTOR('',#16692,1.);
#16692 = DIRECTION('',(4.915878028406E-02,-0.998790976291,0.));
#16693 = PLANE('',#16694);
#16694 = AXIS2_PLACEMENT_3D('',#16695,#16696,#16697);
#16695 = CARTESIAN_POINT('',(57.990350723267,36.196050643921,
    6.100000023842));
#16696 = DIRECTION('',(0.998790976291,4.915878028406E-02,0.));
#16697 = DIRECTION('',(-4.915878028406E-02,0.998790976291,0.));
#16698 = ADVANCED_FACE('',(#16699),#16717,.T.);
#16699 = FACE_BOUND('',#16700,.T.);
#16700 = EDGE_LOOP('',(#16701,#16702,#16703,#16711));
#16701 = ORIENTED_EDGE('',*,*,#16680,.F.);
#16702 = ORIENTED_EDGE('',*,*,#9739,.T.);
#16703 = ORIENTED_EDGE('',*,*,#16704,.F.);
#16704 = EDGE_CURVE('',#16705,#9732,#16707,.T.);
#16705 = VERTEX_POINT('',#16706);
#16706 = CARTESIAN_POINT('',(57.980701446533,35.607898712158,
    3.200000047684));
#16707 = LINE('',#16708,#16709);
#16708 = CARTESIAN_POINT('',(57.980701446533,35.607898712158,
    3.200000047684));
#16709 = VECTOR('',#16710,1.);
#16710 = DIRECTION('',(0.,0.,1.));
#16711 = ORIENTED_EDGE('',*,*,#16712,.F.);
#16712 = EDGE_CURVE('',#16681,#16705,#16713,.T.);
#16713 = LINE('',#16714,#16715);
#16714 = CARTESIAN_POINT('',(58.,36.,3.200000047684));
#16715 = VECTOR('',#16716,1.);
#16716 = DIRECTION('',(-4.915878028406E-02,-0.998790976291,0.));
#16717 = PLANE('',#16718);
#16718 = AXIS2_PLACEMENT_3D('',#16719,#16720,#16721);
#16719 = CARTESIAN_POINT('',(57.990350723267,35.803949356079,
    6.100000023842));
#16720 = DIRECTION('',(0.998790976291,-4.915878028406E-02,0.));
#16721 = DIRECTION('',(4.915878028406E-02,0.998790976291,0.));
#16722 = ADVANCED_FACE('',(#16723),#16741,.T.);
#16723 = FACE_BOUND('',#16724,.T.);
#16724 = EDGE_LOOP('',(#16725,#16726,#16727,#16735));
#16725 = ORIENTED_EDGE('',*,*,#16704,.T.);
#16726 = ORIENTED_EDGE('',*,*,#9731,.T.);
#16727 = ORIENTED_EDGE('',*,*,#16728,.T.);
#16728 = EDGE_CURVE('',#9724,#16729,#16731,.T.);
#16729 = VERTEX_POINT('',#16730);
#16730 = CARTESIAN_POINT('',(57.923099517822,35.21960067749,
    3.200000047684));
#16731 = LINE('',#16732,#16733);
#16732 = CARTESIAN_POINT('',(57.923099517822,35.21960067749,9.));
#16733 = VECTOR('',#16734,1.);
#16734 = DIRECTION('',(0.,0.,-1.));
#16735 = ORIENTED_EDGE('',*,*,#16736,.F.);
#16736 = EDGE_CURVE('',#16705,#16729,#16737,.T.);
#16737 = LINE('',#16738,#16739);
#16738 = CARTESIAN_POINT('',(57.980701446533,35.607898712158,
    3.200000047684));
#16739 = VECTOR('',#16740,1.);
#16740 = DIRECTION('',(-0.146738840371,-0.989175268962,0.));
#16741 = PLANE('',#16742);
#16742 = AXIS2_PLACEMENT_3D('',#16743,#16744,#16745);
#16743 = CARTESIAN_POINT('',(57.951900482178,35.413749694824,
    6.100000023842));
#16744 = DIRECTION('',(0.989175268962,-0.146738840371,0.));
#16745 = DIRECTION('',(0.146738840371,0.989175268962,0.));
#16746 = ADVANCED_FACE('',(#16747),#16765,.T.);
#16747 = FACE_BOUND('',#16748,.T.);
#16748 = EDGE_LOOP('',(#16749,#16750,#16751,#16759));
#16749 = ORIENTED_EDGE('',*,*,#16728,.F.);
#16750 = ORIENTED_EDGE('',*,*,#9723,.T.);
#16751 = ORIENTED_EDGE('',*,*,#16752,.T.);
#16752 = EDGE_CURVE('',#9716,#16753,#16755,.T.);
#16753 = VERTEX_POINT('',#16754);
#16754 = CARTESIAN_POINT('',(57.827800750732,34.838901519775,
    3.200000047684));
#16755 = LINE('',#16756,#16757);
#16756 = CARTESIAN_POINT('',(57.827800750732,34.838901519775,9.));
#16757 = VECTOR('',#16758,1.);
#16758 = DIRECTION('',(0.,0.,-1.));
#16759 = ORIENTED_EDGE('',*,*,#16760,.F.);
#16760 = EDGE_CURVE('',#16729,#16753,#16761,.T.);
#16761 = LINE('',#16762,#16763);
#16762 = CARTESIAN_POINT('',(57.923099517822,35.21960067749,
    3.200000047684));
#16763 = VECTOR('',#16764,1.);
#16764 = DIRECTION('',(-0.242832940967,-0.970068122753,0.));
#16765 = PLANE('',#16766);
#16766 = AXIS2_PLACEMENT_3D('',#16767,#16768,#16769);
#16767 = CARTESIAN_POINT('',(57.875450134277,35.029251098633,
    6.100000023842));
#16768 = DIRECTION('',(0.970068122753,-0.242832940967,0.));
#16769 = DIRECTION('',(0.242832940967,0.970068122753,0.));
#16770 = ADVANCED_FACE('',(#16771),#16789,.T.);
#16771 = FACE_BOUND('',#16772,.T.);
#16772 = EDGE_LOOP('',(#16773,#16774,#16775,#16783));
#16773 = ORIENTED_EDGE('',*,*,#16752,.F.);
#16774 = ORIENTED_EDGE('',*,*,#9715,.F.);
#16775 = ORIENTED_EDGE('',*,*,#16776,.F.);
#16776 = EDGE_CURVE('',#16777,#9708,#16779,.T.);
#16777 = VERTEX_POINT('',#16778);
#16778 = CARTESIAN_POINT('',(57.695499420166,34.469299316406,
    3.200000047684));
#16779 = LINE('',#16780,#16781);
#16780 = CARTESIAN_POINT('',(57.695499420166,34.469299316406,
    3.200000047684));
#16781 = VECTOR('',#16782,1.);
#16782 = DIRECTION('',(0.,0.,1.));
#16783 = ORIENTED_EDGE('',*,*,#16784,.F.);
#16784 = EDGE_CURVE('',#16753,#16777,#16785,.T.);
#16785 = LINE('',#16786,#16787);
#16786 = CARTESIAN_POINT('',(57.827800750732,34.838901519775,
    3.200000047684));
#16787 = VECTOR('',#16788,1.);
#16788 = DIRECTION('',(-0.33701528921,-0.941499174104,0.));
#16789 = PLANE('',#16790);
#16790 = AXIS2_PLACEMENT_3D('',#16791,#16792,#16793);
#16791 = CARTESIAN_POINT('',(57.761650085449,34.654100418091,
    6.100000023842));
#16792 = DIRECTION('',(0.941499174104,-0.33701528921,0.));
#16793 = DIRECTION('',(0.33701528921,0.941499174104,0.));
#16794 = ADVANCED_FACE('',(#16795),#16806,.T.);
#16795 = FACE_BOUND('',#16796,.T.);
#16796 = EDGE_LOOP('',(#16797,#16798,#16799,#16800));
#16797 = ORIENTED_EDGE('',*,*,#16776,.T.);
#16798 = ORIENTED_EDGE('',*,*,#9707,.T.);
#16799 = ORIENTED_EDGE('',*,*,#14147,.T.);
#16800 = ORIENTED_EDGE('',*,*,#16801,.F.);
#16801 = EDGE_CURVE('',#16777,#14148,#16802,.T.);
#16802 = LINE('',#16803,#16804);
#16803 = CARTESIAN_POINT('',(57.695499420166,34.469299316406,
    3.200000047684));
#16804 = VECTOR('',#16805,1.);
#16805 = DIRECTION('',(-0.427441710615,-0.904042910501,0.));
#16806 = PLANE('',#16807);
#16807 = AXIS2_PLACEMENT_3D('',#16808,#16809,#16810);
#16808 = CARTESIAN_POINT('',(57.611598968506,34.291849136353,
    6.100000023842));
#16809 = DIRECTION('',(0.904042910501,-0.427441710615,0.));
#16810 = DIRECTION('',(0.427441710615,0.904042910501,0.));
#16811 = ADVANCED_FACE('',(#16812),#16822,.T.);
#16812 = FACE_BOUND('',#16813,.T.);
#16813 = EDGE_LOOP('',(#16814,#16815,#16821));
#16814 = ORIENTED_EDGE('',*,*,#14600,.T.);
#16815 = ORIENTED_EDGE('',*,*,#16816,.T.);
#16816 = EDGE_CURVE('',#14601,#9076,#16817,.T.);
#16817 = LINE('',#16818,#16819);
#16818 = CARTESIAN_POINT('',(-52.,32.540901184082,5.699999809265));
#16819 = VECTOR('',#16820,1.);
#16820 = DIRECTION('',(6.71573176507E-02,4.02390743957E-02,0.99693064532
    ));
#16821 = ORIENTED_EDGE('',*,*,#9075,.T.);
#16822 = PLANE('',#16823);
#16823 = AXIS2_PLACEMENT_3D('',#16824,#16825,#16826);
#16824 = CARTESIAN_POINT('',(-51.97142310833,32.558009392289,
    7.44245643345));
#16825 = DIRECTION('',(0.514078395217,-0.857743203694,-9.36223510454E-06
    ));
#16826 = DIRECTION('',(-0.857743203732,-0.514078395239,0.));
#16827 = ADVANCED_FACE('',(#16828),#16853,.T.);
#16828 = FACE_BOUND('',#16829,.T.);
#16829 = EDGE_LOOP('',(#16830,#16831,#16839,#16847));
#16830 = ORIENTED_EDGE('',*,*,#9083,.T.);
#16831 = ORIENTED_EDGE('',*,*,#16832,.F.);
#16832 = EDGE_CURVE('',#16833,#9076,#16835,.T.);
#16833 = VERTEX_POINT('',#16834);
#16834 = CARTESIAN_POINT('',(-51.77769851684,32.674098968506,
    5.699999809265));
#16835 = LINE('',#16836,#16837);
#16836 = CARTESIAN_POINT('',(-51.77769851684,32.674098968506,
    5.699999809265));
#16837 = VECTOR('',#16838,1.);
#16838 = DIRECTION('',(0.,0.,1.));
#16839 = ORIENTED_EDGE('',*,*,#16840,.T.);
#16840 = EDGE_CURVE('',#16833,#16841,#16843,.T.);
#16841 = VERTEX_POINT('',#16842);
#16842 = CARTESIAN_POINT('',(-51.46239852905,32.908000946045,
    5.699999809265));
#16843 = LINE('',#16844,#16845);
#16844 = CARTESIAN_POINT('',(-51.77769851684,32.674098968506,
    5.699999809265));
#16845 = VECTOR('',#16846,1.);
#16846 = DIRECTION('',(0.803134924565,0.595797191118,0.));
#16847 = ORIENTED_EDGE('',*,*,#16848,.T.);
#16848 = EDGE_CURVE('',#16841,#9084,#16849,.T.);
#16849 = LINE('',#16850,#16851);
#16850 = CARTESIAN_POINT('',(-51.46239852905,32.908000946045,
    5.699999809265));
#16851 = VECTOR('',#16852,1.);
#16852 = DIRECTION('',(0.,0.,1.));
#16853 = PLANE('',#16854);
#16854 = AXIS2_PLACEMENT_3D('',#16855,#16856,#16857);
#16855 = CARTESIAN_POINT('',(-51.62004852294,32.791049957275,
    7.349999904633));
#16856 = DIRECTION('',(0.595797191118,-0.803134924565,0.));
#16857 = DIRECTION('',(-0.803134924565,-0.595797191118,0.));
#16858 = ADVANCED_FACE('',(#16859),#16877,.T.);
#16859 = FACE_BOUND('',#16860,.T.);
#16860 = EDGE_LOOP('',(#16861,#16862,#16863,#16871));
#16861 = ORIENTED_EDGE('',*,*,#9091,.T.);
#16862 = ORIENTED_EDGE('',*,*,#16848,.F.);
#16863 = ORIENTED_EDGE('',*,*,#16864,.T.);
#16864 = EDGE_CURVE('',#16841,#16865,#16867,.T.);
#16865 = VERTEX_POINT('',#16866);
#16866 = CARTESIAN_POINT('',(-51.17160034179,33.171600341797,
    5.699999809265));
#16867 = LINE('',#16868,#16869);
#16868 = CARTESIAN_POINT('',(-51.46239852905,32.908000946045,
    5.699999809265));
#16869 = VECTOR('',#16870,1.);
#16870 = DIRECTION('',(0.740906393777,0.671608305235,0.));
#16871 = ORIENTED_EDGE('',*,*,#16872,.F.);
#16872 = EDGE_CURVE('',#9092,#16865,#16873,.T.);
#16873 = LINE('',#16874,#16875);
#16874 = CARTESIAN_POINT('',(-51.17160034179,33.171600341797,9.));
#16875 = VECTOR('',#16876,1.);
#16876 = DIRECTION('',(0.,0.,-1.));
#16877 = PLANE('',#16878);
#16878 = AXIS2_PLACEMENT_3D('',#16879,#16880,#16881);
#16879 = CARTESIAN_POINT('',(-51.31699943542,33.039800643921,
    7.349999904633));
#16880 = DIRECTION('',(0.671608305235,-0.740906393777,0.));
#16881 = DIRECTION('',(-0.740906393777,-0.671608305235,0.));
#16882 = ADVANCED_FACE('',(#16883),#16901,.T.);
#16883 = FACE_BOUND('',#16884,.T.);
#16884 = EDGE_LOOP('',(#16885,#16893,#16894,#16895));
#16885 = ORIENTED_EDGE('',*,*,#16886,.T.);
#16886 = EDGE_CURVE('',#16887,#9100,#16889,.T.);
#16887 = VERTEX_POINT('',#16888);
#16888 = CARTESIAN_POINT('',(-50.90800094604,33.462398529053,
    5.699999809265));
#16889 = LINE('',#16890,#16891);
#16890 = CARTESIAN_POINT('',(-50.90800094604,33.462398529053,
    5.699999809265));
#16891 = VECTOR('',#16892,1.);
#16892 = DIRECTION('',(0.,0.,1.));
#16893 = ORIENTED_EDGE('',*,*,#9099,.T.);
#16894 = ORIENTED_EDGE('',*,*,#16872,.T.);
#16895 = ORIENTED_EDGE('',*,*,#16896,.T.);
#16896 = EDGE_CURVE('',#16865,#16887,#16897,.T.);
#16897 = LINE('',#16898,#16899);
#16898 = CARTESIAN_POINT('',(-51.17160034179,33.171600341797,
    5.699999809265));
#16899 = VECTOR('',#16900,1.);
#16900 = DIRECTION('',(0.671608305235,0.740906393777,0.));
#16901 = PLANE('',#16902);
#16902 = AXIS2_PLACEMENT_3D('',#16903,#16904,#16905);
#16903 = CARTESIAN_POINT('',(-51.03980064392,33.316999435425,
    7.349999904633));
#16904 = DIRECTION('',(0.740906393777,-0.671608305235,0.));
#16905 = DIRECTION('',(0.671608305235,0.740906393777,0.));
#16906 = ADVANCED_FACE('',(#16907),#16925,.T.);
#16907 = FACE_BOUND('',#16908,.T.);
#16908 = EDGE_LOOP('',(#16909,#16917,#16918,#16919));
#16909 = ORIENTED_EDGE('',*,*,#16910,.F.);
#16910 = EDGE_CURVE('',#9108,#16911,#16913,.T.);
#16911 = VERTEX_POINT('',#16912);
#16912 = CARTESIAN_POINT('',(-50.6740989685,33.777698516846,
    5.699999809265));
#16913 = LINE('',#16914,#16915);
#16914 = CARTESIAN_POINT('',(-50.6740989685,33.777698516846,9.));
#16915 = VECTOR('',#16916,1.);
#16916 = DIRECTION('',(0.,0.,-1.));
#16917 = ORIENTED_EDGE('',*,*,#9107,.T.);
#16918 = ORIENTED_EDGE('',*,*,#16886,.F.);
#16919 = ORIENTED_EDGE('',*,*,#16920,.T.);
#16920 = EDGE_CURVE('',#16887,#16911,#16921,.T.);
#16921 = LINE('',#16922,#16923);
#16922 = CARTESIAN_POINT('',(-50.90800094604,33.462398529053,
    5.699999809265));
#16923 = VECTOR('',#16924,1.);
#16924 = DIRECTION('',(0.595797191118,0.803134924565,0.));
#16925 = PLANE('',#16926);
#16926 = AXIS2_PLACEMENT_3D('',#16927,#16928,#16929);
#16927 = CARTESIAN_POINT('',(-50.79104995727,33.620048522949,
    7.349999904633));
#16928 = DIRECTION('',(0.803134924565,-0.595797191118,0.));
#16929 = DIRECTION('',(0.595797191118,0.803134924565,0.));
#16930 = ADVANCED_FACE('',(#16931),#16949,.T.);
#16931 = FACE_BOUND('',#16932,.T.);
#16932 = EDGE_LOOP('',(#16933,#16941,#16942,#16943));
#16933 = ORIENTED_EDGE('',*,*,#16934,.T.);
#16934 = EDGE_CURVE('',#16935,#9116,#16937,.T.);
#16935 = VERTEX_POINT('',#16936);
#16936 = CARTESIAN_POINT('',(-50.47230148315,34.114398956299,
    5.699999809265));
#16937 = LINE('',#16938,#16939);
#16938 = CARTESIAN_POINT('',(-50.47230148315,34.114398956299,
    5.699999809265));
#16939 = VECTOR('',#16940,1.);
#16940 = DIRECTION('',(0.,0.,1.));
#16941 = ORIENTED_EDGE('',*,*,#9115,.T.);
#16942 = ORIENTED_EDGE('',*,*,#16910,.T.);
#16943 = ORIENTED_EDGE('',*,*,#16944,.T.);
#16944 = EDGE_CURVE('',#16911,#16935,#16945,.T.);
#16945 = LINE('',#16946,#16947);
#16946 = CARTESIAN_POINT('',(-50.6740989685,33.777698516846,
    5.699999809265));
#16947 = VECTOR('',#16948,1.);
#16948 = DIRECTION('',(0.514078395239,0.857743203732,0.));
#16949 = PLANE('',#16950);
#16950 = AXIS2_PLACEMENT_3D('',#16951,#16952,#16953);
#16951 = CARTESIAN_POINT('',(-50.57320022583,33.946048736572,
    7.349999904633));
#16952 = DIRECTION('',(0.857743203732,-0.514078395239,0.));
#16953 = DIRECTION('',(0.514078395239,0.857743203732,0.));
#16954 = ADVANCED_FACE('',(#16955),#16973,.T.);
#16955 = FACE_BOUND('',#16956,.T.);
#16956 = EDGE_LOOP('',(#16957,#16965,#16966,#16967));
#16957 = ORIENTED_EDGE('',*,*,#16958,.T.);
#16958 = EDGE_CURVE('',#16959,#9124,#16961,.T.);
#16959 = VERTEX_POINT('',#16960);
#16960 = CARTESIAN_POINT('',(-50.30450057983,34.469299316406,
    5.699999809265));
#16961 = LINE('',#16962,#16963);
#16962 = CARTESIAN_POINT('',(-50.30450057983,34.469299316406,
    5.699999809265));
#16963 = VECTOR('',#16964,1.);
#16964 = DIRECTION('',(0.,0.,1.));
#16965 = ORIENTED_EDGE('',*,*,#9123,.T.);
#16966 = ORIENTED_EDGE('',*,*,#16934,.F.);
#16967 = ORIENTED_EDGE('',*,*,#16968,.T.);
#16968 = EDGE_CURVE('',#16935,#16959,#16969,.T.);
#16969 = LINE('',#16970,#16971);
#16970 = CARTESIAN_POINT('',(-50.47230148315,34.114398956299,
    5.699999809265));
#16971 = VECTOR('',#16972,1.);
#16972 = DIRECTION('',(0.427441710615,0.904042910501,0.));
#16973 = PLANE('',#16974);
#16974 = AXIS2_PLACEMENT_3D('',#16975,#16976,#16977);
#16975 = CARTESIAN_POINT('',(-50.38840103149,34.291849136353,
    7.349999904633));
#16976 = DIRECTION('',(0.904042910501,-0.427441710615,0.));
#16977 = DIRECTION('',(0.427441710615,0.904042910501,0.));
#16978 = ADVANCED_FACE('',(#16979),#16997,.T.);
#16979 = FACE_BOUND('',#16980,.T.);
#16980 = EDGE_LOOP('',(#16981,#16989,#16990,#16991));
#16981 = ORIENTED_EDGE('',*,*,#16982,.F.);
#16982 = EDGE_CURVE('',#9132,#16983,#16985,.T.);
#16983 = VERTEX_POINT('',#16984);
#16984 = CARTESIAN_POINT('',(-50.17219924926,34.838901519775,
    5.699999809265));
#16985 = LINE('',#16986,#16987);
#16986 = CARTESIAN_POINT('',(-50.17219924926,34.838901519775,9.));
#16987 = VECTOR('',#16988,1.);
#16988 = DIRECTION('',(0.,0.,-1.));
#16989 = ORIENTED_EDGE('',*,*,#9131,.T.);
#16990 = ORIENTED_EDGE('',*,*,#16958,.F.);
#16991 = ORIENTED_EDGE('',*,*,#16992,.T.);
#16992 = EDGE_CURVE('',#16959,#16983,#16993,.T.);
#16993 = LINE('',#16994,#16995);
#16994 = CARTESIAN_POINT('',(-50.30450057983,34.469299316406,
    5.699999809265));
#16995 = VECTOR('',#16996,1.);
#16996 = DIRECTION('',(0.33701528921,0.941499174104,0.));
#16997 = PLANE('',#16998);
#16998 = AXIS2_PLACEMENT_3D('',#16999,#17000,#17001);
#16999 = CARTESIAN_POINT('',(-50.23834991455,34.654100418091,
    7.349999904633));
#17000 = DIRECTION('',(0.941499174104,-0.33701528921,0.));
#17001 = DIRECTION('',(0.33701528921,0.941499174104,0.));
#17002 = ADVANCED_FACE('',(#17003),#17021,.T.);
#17003 = FACE_BOUND('',#17004,.T.);
#17004 = EDGE_LOOP('',(#17005,#17013,#17014,#17015));
#17005 = ORIENTED_EDGE('',*,*,#17006,.F.);
#17006 = EDGE_CURVE('',#9140,#17007,#17009,.T.);
#17007 = VERTEX_POINT('',#17008);
#17008 = CARTESIAN_POINT('',(-50.07690048217,35.21960067749,
    5.699999809265));
#17009 = LINE('',#17010,#17011);
#17010 = CARTESIAN_POINT('',(-50.07690048217,35.21960067749,9.));
#17011 = VECTOR('',#17012,1.);
#17012 = DIRECTION('',(0.,0.,-1.));
#17013 = ORIENTED_EDGE('',*,*,#9139,.T.);
#17014 = ORIENTED_EDGE('',*,*,#16982,.T.);
#17015 = ORIENTED_EDGE('',*,*,#17016,.T.);
#17016 = EDGE_CURVE('',#16983,#17007,#17017,.T.);
#17017 = LINE('',#17018,#17019);
#17018 = CARTESIAN_POINT('',(-50.17219924926,34.838901519775,
    5.699999809265));
#17019 = VECTOR('',#17020,1.);
#17020 = DIRECTION('',(0.242832940967,0.970068122753,0.));
#17021 = PLANE('',#17022);
#17022 = AXIS2_PLACEMENT_3D('',#17023,#17024,#17025);
#17023 = CARTESIAN_POINT('',(-50.12454986572,35.029251098633,
    7.349999904633));
#17024 = DIRECTION('',(0.970068122753,-0.242832940967,0.));
#17025 = DIRECTION('',(0.242832940967,0.970068122753,0.));
#17026 = ADVANCED_FACE('',(#17027),#17037,.T.);
#17027 = FACE_BOUND('',#17028,.T.);
#17028 = EDGE_LOOP('',(#17029,#17035,#17036));
#17029 = ORIENTED_EDGE('',*,*,#17030,.T.);
#17030 = EDGE_CURVE('',#9140,#15904,#17031,.T.);
#17031 = LINE('',#17032,#17033);
#17032 = CARTESIAN_POINT('',(-50.07690048217,35.21960067749,9.));
#17033 = VECTOR('',#17034,1.);
#17034 = DIRECTION('',(1.25595880963E-02,8.46577279247E-02,
    -0.996330931894));
#17035 = ORIENTED_EDGE('',*,*,#15903,.F.);
#17036 = ORIENTED_EDGE('',*,*,#9147,.T.);
#17037 = PLANE('',#17038);
#17038 = AXIS2_PLACEMENT_3D('',#17039,#17040,#17041);
#17039 = CARTESIAN_POINT('',(-50.04208015595,35.454315309977,
    7.442443033396));
#17040 = DIRECTION('',(0.989175268962,-0.146738840371,1.061002019901E-06
    ));
#17041 = DIRECTION('',(0.146738840371,0.989175268962,0.));
#17042 = ADVANCED_FACE('',(#17043),#17053,.T.);
#17043 = FACE_BOUND('',#17044,.T.);
#17044 = EDGE_LOOP('',(#17045,#17051,#17052));
#17045 = ORIENTED_EDGE('',*,*,#17046,.F.);
#17046 = EDGE_CURVE('',#9500,#32,#17047,.T.);
#17047 = LINE('',#17048,#17049);
#17048 = CARTESIAN_POINT('',(50.076900482178,35.21960067749,9.));
#17049 = VECTOR('',#17050,1.);
#17050 = DIRECTION('',(-1.25595880963E-02,8.46577279247E-02,
    -0.996330931894));
#17051 = ORIENTED_EDGE('',*,*,#9499,.F.);
#17052 = ORIENTED_EDGE('',*,*,#39,.F.);
#17053 = PLANE('',#17054);
#17054 = AXIS2_PLACEMENT_3D('',#17055,#17056,#17057);
#17055 = CARTESIAN_POINT('',(50.042080155952,35.454315309977,
    7.442443033396));
#17056 = DIRECTION('',(-0.989175268962,-0.146738840371,
    1.061002019902E-06));
#17057 = DIRECTION('',(0.146738840371,-0.989175268962,-2.64697796017E-23
    ));
#17058 = ADVANCED_FACE('',(#17059),#17084,.T.);
#17059 = FACE_BOUND('',#17060,.T.);
#17060 = EDGE_LOOP('',(#17061,#17069,#17077,#17083));
#17061 = ORIENTED_EDGE('',*,*,#17062,.T.);
#17062 = EDGE_CURVE('',#9500,#17063,#17065,.T.);
#17063 = VERTEX_POINT('',#17064);
#17064 = CARTESIAN_POINT('',(50.076900482178,35.21960067749,
    5.699999809265));
#17065 = LINE('',#17066,#17067);
#17066 = CARTESIAN_POINT('',(50.076900482178,35.21960067749,9.));
#17067 = VECTOR('',#17068,1.);
#17068 = DIRECTION('',(0.,0.,-1.));
#17069 = ORIENTED_EDGE('',*,*,#17070,.T.);
#17070 = EDGE_CURVE('',#17063,#17071,#17073,.T.);
#17071 = VERTEX_POINT('',#17072);
#17072 = CARTESIAN_POINT('',(50.172199249268,34.838901519775,
    5.699999809265));
#17073 = LINE('',#17074,#17075);
#17074 = CARTESIAN_POINT('',(50.076900482178,35.21960067749,
    5.699999809265));
#17075 = VECTOR('',#17076,1.);
#17076 = DIRECTION('',(0.242832940967,-0.970068122753,0.));
#17077 = ORIENTED_EDGE('',*,*,#17078,.F.);
#17078 = EDGE_CURVE('',#9508,#17071,#17079,.T.);
#17079 = LINE('',#17080,#17081);
#17080 = CARTESIAN_POINT('',(50.172199249268,34.838901519775,9.));
#17081 = VECTOR('',#17082,1.);
#17082 = DIRECTION('',(0.,0.,-1.));
#17083 = ORIENTED_EDGE('',*,*,#9507,.F.);
#17084 = PLANE('',#17085);
#17085 = AXIS2_PLACEMENT_3D('',#17086,#17087,#17088);
#17086 = CARTESIAN_POINT('',(50.124549865723,35.029251098633,
    7.349999904633));
#17087 = DIRECTION('',(-0.970068122753,-0.242832940967,-0.));
#17088 = DIRECTION('',(0.242832940967,-0.970068122753,0.));
#17089 = ADVANCED_FACE('',(#17090),#17108,.T.);
#17090 = FACE_BOUND('',#17091,.T.);
#17091 = EDGE_LOOP('',(#17092,#17093,#17101,#17107));
#17092 = ORIENTED_EDGE('',*,*,#17078,.T.);
#17093 = ORIENTED_EDGE('',*,*,#17094,.T.);
#17094 = EDGE_CURVE('',#17071,#17095,#17097,.T.);
#17095 = VERTEX_POINT('',#17096);
#17096 = CARTESIAN_POINT('',(50.304500579834,34.469299316406,
    5.699999809265));
#17097 = LINE('',#17098,#17099);
#17098 = CARTESIAN_POINT('',(50.172199249268,34.838901519775,
    5.699999809265));
#17099 = VECTOR('',#17100,1.);
#17100 = DIRECTION('',(0.33701528921,-0.941499174104,0.));
#17101 = ORIENTED_EDGE('',*,*,#17102,.F.);
#17102 = EDGE_CURVE('',#9516,#17095,#17103,.T.);
#17103 = LINE('',#17104,#17105);
#17104 = CARTESIAN_POINT('',(50.304500579834,34.469299316406,9.));
#17105 = VECTOR('',#17106,1.);
#17106 = DIRECTION('',(0.,0.,-1.));
#17107 = ORIENTED_EDGE('',*,*,#9515,.T.);
#17108 = PLANE('',#17109);
#17109 = AXIS2_PLACEMENT_3D('',#17110,#17111,#17112);
#17110 = CARTESIAN_POINT('',(50.238349914551,34.654100418091,
    7.349999904633));
#17111 = DIRECTION('',(-0.941499174104,-0.33701528921,-0.));
#17112 = DIRECTION('',(0.33701528921,-0.941499174104,0.));
#17113 = ADVANCED_FACE('',(#17114),#17132,.T.);
#17114 = FACE_BOUND('',#17115,.T.);
#17115 = EDGE_LOOP('',(#17116,#17117,#17125,#17131));
#17116 = ORIENTED_EDGE('',*,*,#17102,.T.);
#17117 = ORIENTED_EDGE('',*,*,#17118,.T.);
#17118 = EDGE_CURVE('',#17095,#17119,#17121,.T.);
#17119 = VERTEX_POINT('',#17120);
#17120 = CARTESIAN_POINT('',(50.472301483154,34.114398956299,
    5.699999809265));
#17121 = LINE('',#17122,#17123);
#17122 = CARTESIAN_POINT('',(50.304500579834,34.469299316406,
    5.699999809265));
#17123 = VECTOR('',#17124,1.);
#17124 = DIRECTION('',(0.427441710615,-0.904042910501,0.));
#17125 = ORIENTED_EDGE('',*,*,#17126,.T.);
#17126 = EDGE_CURVE('',#17119,#9524,#17127,.T.);
#17127 = LINE('',#17128,#17129);
#17128 = CARTESIAN_POINT('',(50.472301483154,34.114398956299,
    5.699999809265));
#17129 = VECTOR('',#17130,1.);
#17130 = DIRECTION('',(0.,0.,1.));
#17131 = ORIENTED_EDGE('',*,*,#9523,.T.);
#17132 = PLANE('',#17133);
#17133 = AXIS2_PLACEMENT_3D('',#17134,#17135,#17136);
#17134 = CARTESIAN_POINT('',(50.388401031494,34.291849136353,
    7.349999904633));
#17135 = DIRECTION('',(-0.904042910501,-0.427441710615,-0.));
#17136 = DIRECTION('',(0.427441710615,-0.904042910501,0.));
#17137 = ADVANCED_FACE('',(#17138),#17156,.T.);
#17138 = FACE_BOUND('',#17139,.T.);
#17139 = EDGE_LOOP('',(#17140,#17141,#17149,#17155));
#17140 = ORIENTED_EDGE('',*,*,#17126,.F.);
#17141 = ORIENTED_EDGE('',*,*,#17142,.T.);
#17142 = EDGE_CURVE('',#17119,#17143,#17145,.T.);
#17143 = VERTEX_POINT('',#17144);
#17144 = CARTESIAN_POINT('',(50.674098968506,33.777698516846,
    5.699999809265));
#17145 = LINE('',#17146,#17147);
#17146 = CARTESIAN_POINT('',(50.472301483154,34.114398956299,
    5.699999809265));
#17147 = VECTOR('',#17148,1.);
#17148 = DIRECTION('',(0.514078395239,-0.857743203732,0.));
#17149 = ORIENTED_EDGE('',*,*,#17150,.T.);
#17150 = EDGE_CURVE('',#17143,#9532,#17151,.T.);
#17151 = LINE('',#17152,#17153);
#17152 = CARTESIAN_POINT('',(50.674098968506,33.777698516846,
    5.699999809265));
#17153 = VECTOR('',#17154,1.);
#17154 = DIRECTION('',(0.,0.,1.));
#17155 = ORIENTED_EDGE('',*,*,#9531,.T.);
#17156 = PLANE('',#17157);
#17157 = AXIS2_PLACEMENT_3D('',#17158,#17159,#17160);
#17158 = CARTESIAN_POINT('',(50.57320022583,33.946048736572,
    7.349999904633));
#17159 = DIRECTION('',(-0.857743203732,-0.514078395239,-0.));
#17160 = DIRECTION('',(0.514078395239,-0.857743203732,0.));
#17161 = ADVANCED_FACE('',(#17162),#17180,.T.);
#17162 = FACE_BOUND('',#17163,.T.);
#17163 = EDGE_LOOP('',(#17164,#17165,#17173,#17179));
#17164 = ORIENTED_EDGE('',*,*,#17150,.F.);
#17165 = ORIENTED_EDGE('',*,*,#17166,.T.);
#17166 = EDGE_CURVE('',#17143,#17167,#17169,.T.);
#17167 = VERTEX_POINT('',#17168);
#17168 = CARTESIAN_POINT('',(50.908000946045,33.462398529053,
    5.699999809265));
#17169 = LINE('',#17170,#17171);
#17170 = CARTESIAN_POINT('',(50.674098968506,33.777698516846,
    5.699999809265));
#17171 = VECTOR('',#17172,1.);
#17172 = DIRECTION('',(0.595797191118,-0.803134924565,0.));
#17173 = ORIENTED_EDGE('',*,*,#17174,.F.);
#17174 = EDGE_CURVE('',#9540,#17167,#17175,.T.);
#17175 = LINE('',#17176,#17177);
#17176 = CARTESIAN_POINT('',(50.908000946045,33.462398529053,9.));
#17177 = VECTOR('',#17178,1.);
#17178 = DIRECTION('',(0.,0.,-1.));
#17179 = ORIENTED_EDGE('',*,*,#9539,.F.);
#17180 = PLANE('',#17181);
#17181 = AXIS2_PLACEMENT_3D('',#17182,#17183,#17184);
#17182 = CARTESIAN_POINT('',(50.791049957275,33.620048522949,
    7.349999904633));
#17183 = DIRECTION('',(-0.803134924565,-0.595797191118,-0.));
#17184 = DIRECTION('',(0.595797191118,-0.803134924565,0.));
#17185 = ADVANCED_FACE('',(#17186),#17204,.T.);
#17186 = FACE_BOUND('',#17187,.T.);
#17187 = EDGE_LOOP('',(#17188,#17189,#17197,#17203));
#17188 = ORIENTED_EDGE('',*,*,#17174,.T.);
#17189 = ORIENTED_EDGE('',*,*,#17190,.T.);
#17190 = EDGE_CURVE('',#17167,#17191,#17193,.T.);
#17191 = VERTEX_POINT('',#17192);
#17192 = CARTESIAN_POINT('',(51.171600341797,33.171600341797,
    5.699999809265));
#17193 = LINE('',#17194,#17195);
#17194 = CARTESIAN_POINT('',(50.908000946045,33.462398529053,
    5.699999809265));
#17195 = VECTOR('',#17196,1.);
#17196 = DIRECTION('',(0.671608305235,-0.740906393777,0.));
#17197 = ORIENTED_EDGE('',*,*,#17198,.F.);
#17198 = EDGE_CURVE('',#9548,#17191,#17199,.T.);
#17199 = LINE('',#17200,#17201);
#17200 = CARTESIAN_POINT('',(51.171600341797,33.171600341797,9.));
#17201 = VECTOR('',#17202,1.);
#17202 = DIRECTION('',(0.,0.,-1.));
#17203 = ORIENTED_EDGE('',*,*,#9547,.F.);
#17204 = PLANE('',#17205);
#17205 = AXIS2_PLACEMENT_3D('',#17206,#17207,#17208);
#17206 = CARTESIAN_POINT('',(51.039800643921,33.316999435425,
    7.349999904633));
#17207 = DIRECTION('',(-0.740906393777,-0.671608305235,-0.));
#17208 = DIRECTION('',(0.671608305235,-0.740906393777,0.));
#17209 = ADVANCED_FACE('',(#17210),#17228,.T.);
#17210 = FACE_BOUND('',#17211,.T.);
#17211 = EDGE_LOOP('',(#17212,#17213,#17214,#17222));
#17212 = ORIENTED_EDGE('',*,*,#9555,.F.);
#17213 = ORIENTED_EDGE('',*,*,#17198,.T.);
#17214 = ORIENTED_EDGE('',*,*,#17215,.T.);
#17215 = EDGE_CURVE('',#17191,#17216,#17218,.T.);
#17216 = VERTEX_POINT('',#17217);
#17217 = CARTESIAN_POINT('',(51.462398529053,32.908000946045,
    5.699999809265));
#17218 = LINE('',#17219,#17220);
#17219 = CARTESIAN_POINT('',(51.171600341797,33.171600341797,
    5.699999809265));
#17220 = VECTOR('',#17221,1.);
#17221 = DIRECTION('',(0.740906393777,-0.671608305235,0.));
#17222 = ORIENTED_EDGE('',*,*,#17223,.F.);
#17223 = EDGE_CURVE('',#9556,#17216,#17224,.T.);
#17224 = LINE('',#17225,#17226);
#17225 = CARTESIAN_POINT('',(51.462398529053,32.908000946045,9.));
#17226 = VECTOR('',#17227,1.);
#17227 = DIRECTION('',(0.,0.,-1.));
#17228 = PLANE('',#17229);
#17229 = AXIS2_PLACEMENT_3D('',#17230,#17231,#17232);
#17230 = CARTESIAN_POINT('',(51.316999435425,33.039800643921,
    7.349999904633));
#17231 = DIRECTION('',(-0.671608305235,-0.740906393777,-0.));
#17232 = DIRECTION('',(-0.740906393777,0.671608305235,0.));
#17233 = ADVANCED_FACE('',(#17234),#17252,.T.);
#17234 = FACE_BOUND('',#17235,.T.);
#17235 = EDGE_LOOP('',(#17236,#17237,#17238,#17246));
#17236 = ORIENTED_EDGE('',*,*,#9563,.T.);
#17237 = ORIENTED_EDGE('',*,*,#17223,.T.);
#17238 = ORIENTED_EDGE('',*,*,#17239,.T.);
#17239 = EDGE_CURVE('',#17216,#17240,#17242,.T.);
#17240 = VERTEX_POINT('',#17241);
#17241 = CARTESIAN_POINT('',(51.777698516846,32.674098968506,
    5.699999809265));
#17242 = LINE('',#17243,#17244);
#17243 = CARTESIAN_POINT('',(51.462398529053,32.908000946045,
    5.699999809265));
#17244 = VECTOR('',#17245,1.);
#17245 = DIRECTION('',(0.803134924565,-0.595797191118,0.));
#17246 = ORIENTED_EDGE('',*,*,#17247,.T.);
#17247 = EDGE_CURVE('',#17240,#9564,#17248,.T.);
#17248 = LINE('',#17249,#17250);
#17249 = CARTESIAN_POINT('',(51.777698516846,32.674098968506,
    5.699999809265));
#17250 = VECTOR('',#17251,1.);
#17251 = DIRECTION('',(0.,0.,1.));
#17252 = PLANE('',#17253);
#17253 = AXIS2_PLACEMENT_3D('',#17254,#17255,#17256);
#17254 = CARTESIAN_POINT('',(51.620048522949,32.791049957275,
    7.349999904633));
#17255 = DIRECTION('',(-0.595797191118,-0.803134924565,-0.));
#17256 = DIRECTION('',(-0.803134924565,0.595797191118,0.));
#17257 = ADVANCED_FACE('',(#17258),#17268,.T.);
#17258 = FACE_BOUND('',#17259,.T.);
#17259 = EDGE_LOOP('',(#17260,#17266,#17267));
#17260 = ORIENTED_EDGE('',*,*,#17261,.F.);
#17261 = EDGE_CURVE('',#14539,#9564,#17262,.T.);
#17262 = LINE('',#17263,#17264);
#17263 = CARTESIAN_POINT('',(52.,32.540901184082,5.699999809265));
#17264 = VECTOR('',#17265,1.);
#17265 = DIRECTION('',(-6.71573176507E-02,4.02390743957E-02,
    0.99693064532));
#17266 = ORIENTED_EDGE('',*,*,#14555,.T.);
#17267 = ORIENTED_EDGE('',*,*,#9571,.F.);
#17268 = PLANE('',#17269);
#17269 = AXIS2_PLACEMENT_3D('',#17270,#17271,#17272);
#17270 = CARTESIAN_POINT('',(51.971423108339,32.558009392289,
    7.44245643345));
#17271 = DIRECTION('',(-0.514078395217,-0.857743203694,
    -9.36223510454E-06));
#17272 = DIRECTION('',(-0.857743203732,0.514078395239,8.470329472543E-22
    ));
#17273 = ADVANCED_FACE('',(#17274),#17284,.T.);
#17274 = FACE_BOUND('',#17275,.T.);
#17275 = EDGE_LOOP('',(#17276,#17277,#17283));
#17276 = ORIENTED_EDGE('',*,*,#92,.T.);
#17277 = ORIENTED_EDGE('',*,*,#17278,.F.);
#17278 = EDGE_CURVE('',#10366,#95,#17279,.T.);
#17279 = LINE('',#17280,#17281);
#17280 = CARTESIAN_POINT('',(-50.90800094604,-33.46239852905,9.));
#17281 = VECTOR('',#17282,1.);
#17282 = DIRECTION('',(8.453904908935E-03,-1.139323772045E-02,
    -0.999899357749));
#17283 = ORIENTED_EDGE('',*,*,#10365,.T.);
#17284 = PLANE('',#17285);
#17285 = AXIS2_PLACEMENT_3D('',#17286,#17287,#17288);
#17286 = CARTESIAN_POINT('',(-50.83293397784,-33.56358474365,
    7.442393198638));
#17287 = DIRECTION('',(0.803134924564,0.595797191117,1.567407486231E-06)
  );
#17288 = DIRECTION('',(-0.595797191118,0.803134924565,0.));
#17289 = ADVANCED_FACE('',(#17290),#17315,.T.);
#17290 = FACE_BOUND('',#17291,.T.);
#17291 = EDGE_LOOP('',(#17292,#17300,#17301,#17309));
#17292 = ORIENTED_EDGE('',*,*,#17293,.T.);
#17293 = EDGE_CURVE('',#17294,#10374,#17296,.T.);
#17294 = VERTEX_POINT('',#17295);
#17295 = CARTESIAN_POINT('',(-51.17160034179,-33.17160034179,
    5.699999809265));
#17296 = LINE('',#17297,#17298);
#17297 = CARTESIAN_POINT('',(-51.17160034179,-33.17160034179,
    5.699999809265));
#17298 = VECTOR('',#17299,1.);
#17299 = DIRECTION('',(0.,0.,1.));
#17300 = ORIENTED_EDGE('',*,*,#10373,.T.);
#17301 = ORIENTED_EDGE('',*,*,#17302,.F.);
#17302 = EDGE_CURVE('',#17303,#10366,#17305,.T.);
#17303 = VERTEX_POINT('',#17304);
#17304 = CARTESIAN_POINT('',(-50.90800094604,-33.46239852905,
    5.699999809265));
#17305 = LINE('',#17306,#17307);
#17306 = CARTESIAN_POINT('',(-50.90800094604,-33.46239852905,
    5.699999809265));
#17307 = VECTOR('',#17308,1.);
#17308 = DIRECTION('',(0.,0.,1.));
#17309 = ORIENTED_EDGE('',*,*,#17310,.T.);
#17310 = EDGE_CURVE('',#17303,#17294,#17311,.T.);
#17311 = LINE('',#17312,#17313);
#17312 = CARTESIAN_POINT('',(-50.90800094604,-33.46239852905,
    5.699999809265));
#17313 = VECTOR('',#17314,1.);
#17314 = DIRECTION('',(-0.671608305235,0.740906393777,0.));
#17315 = PLANE('',#17316);
#17316 = AXIS2_PLACEMENT_3D('',#17317,#17318,#17319);
#17317 = CARTESIAN_POINT('',(-51.03980064392,-33.31699943542,
    7.349999904633));
#17318 = DIRECTION('',(0.740906393777,0.671608305235,0.));
#17319 = DIRECTION('',(-0.671608305235,0.740906393777,0.));
#17320 = ADVANCED_FACE('',(#17321),#17339,.T.);
#17321 = FACE_BOUND('',#17322,.T.);
#17322 = EDGE_LOOP('',(#17323,#17324,#17325,#17333));
#17323 = ORIENTED_EDGE('',*,*,#10381,.F.);
#17324 = ORIENTED_EDGE('',*,*,#17293,.F.);
#17325 = ORIENTED_EDGE('',*,*,#17326,.T.);
#17326 = EDGE_CURVE('',#17294,#17327,#17329,.T.);
#17327 = VERTEX_POINT('',#17328);
#17328 = CARTESIAN_POINT('',(-51.46239852905,-32.90800094604,
    5.699999809265));
#17329 = LINE('',#17330,#17331);
#17330 = CARTESIAN_POINT('',(-51.17160034179,-33.17160034179,
    5.699999809265));
#17331 = VECTOR('',#17332,1.);
#17332 = DIRECTION('',(-0.740906393777,0.671608305235,0.));
#17333 = ORIENTED_EDGE('',*,*,#17334,.F.);
#17334 = EDGE_CURVE('',#10382,#17327,#17335,.T.);
#17335 = LINE('',#17336,#17337);
#17336 = CARTESIAN_POINT('',(-51.46239852905,-32.90800094604,9.));
#17337 = VECTOR('',#17338,1.);
#17338 = DIRECTION('',(0.,0.,-1.));
#17339 = PLANE('',#17340);
#17340 = AXIS2_PLACEMENT_3D('',#17341,#17342,#17343);
#17341 = CARTESIAN_POINT('',(-51.31699943542,-33.03980064392,
    7.349999904633));
#17342 = DIRECTION('',(0.671608305235,0.740906393777,0.));
#17343 = DIRECTION('',(0.740906393777,-0.671608305235,0.));
#17344 = ADVANCED_FACE('',(#17345),#17363,.T.);
#17345 = FACE_BOUND('',#17346,.T.);
#17346 = EDGE_LOOP('',(#17347,#17348,#17349,#17357));
#17347 = ORIENTED_EDGE('',*,*,#10389,.T.);
#17348 = ORIENTED_EDGE('',*,*,#17334,.T.);
#17349 = ORIENTED_EDGE('',*,*,#17350,.T.);
#17350 = EDGE_CURVE('',#17327,#17351,#17353,.T.);
#17351 = VERTEX_POINT('',#17352);
#17352 = CARTESIAN_POINT('',(-51.77769851684,-32.6740989685,
    5.699999809265));
#17353 = LINE('',#17354,#17355);
#17354 = CARTESIAN_POINT('',(-51.46239852905,-32.90800094604,
    5.699999809265));
#17355 = VECTOR('',#17356,1.);
#17356 = DIRECTION('',(-0.803134924565,0.595797191118,0.));
#17357 = ORIENTED_EDGE('',*,*,#17358,.T.);
#17358 = EDGE_CURVE('',#17351,#10390,#17359,.T.);
#17359 = LINE('',#17360,#17361);
#17360 = CARTESIAN_POINT('',(-51.77769851684,-32.6740989685,
    5.699999809265));
#17361 = VECTOR('',#17362,1.);
#17362 = DIRECTION('',(0.,0.,1.));
#17363 = PLANE('',#17364);
#17364 = AXIS2_PLACEMENT_3D('',#17365,#17366,#17367);
#17365 = CARTESIAN_POINT('',(-51.62004852294,-32.79104995727,
    7.349999904633));
#17366 = DIRECTION('',(0.595797191118,0.803134924565,0.));
#17367 = DIRECTION('',(0.803134924565,-0.595797191118,0.));
#17368 = ADVANCED_FACE('',(#17369),#17379,.T.);
#17369 = FACE_BOUND('',#17370,.T.);
#17370 = EDGE_LOOP('',(#17371,#17377,#17378));
#17371 = ORIENTED_EDGE('',*,*,#17372,.F.);
#17372 = EDGE_CURVE('',#12231,#10390,#17373,.T.);
#17373 = LINE('',#17374,#17375);
#17374 = CARTESIAN_POINT('',(-52.,-32.54090118408,5.699999809265));
#17375 = VECTOR('',#17376,1.);
#17376 = DIRECTION('',(6.71573176507E-02,-4.02390743957E-02,
    0.99693064532));
#17377 = ORIENTED_EDGE('',*,*,#12247,.T.);
#17378 = ORIENTED_EDGE('',*,*,#10397,.T.);
#17379 = PLANE('',#17380);
#17380 = AXIS2_PLACEMENT_3D('',#17381,#17382,#17383);
#17381 = CARTESIAN_POINT('',(-51.97142310833,-32.55800939228,
    7.44245643345));
#17382 = DIRECTION('',(0.514078395217,0.857743203694,-9.36223510454E-06)
  );
#17383 = DIRECTION('',(0.857743203732,-0.514078395239,8.470329472543E-22
    ));
#17384 = ADVANCED_FACE('',(#17385),#17395,.T.);
#17385 = FACE_BOUND('',#17386,.T.);
#17386 = EDGE_LOOP('',(#17387,#17388,#17394));
#17387 = ORIENTED_EDGE('',*,*,#12292,.T.);
#17388 = ORIENTED_EDGE('',*,*,#17389,.T.);
#17389 = EDGE_CURVE('',#12293,#11072,#17390,.T.);
#17390 = LINE('',#17391,#17392);
#17391 = CARTESIAN_POINT('',(52.,-32.54090118408,5.699999809265));
#17392 = VECTOR('',#17393,1.);
#17393 = DIRECTION('',(-6.71573176507E-02,-4.02390743957E-02,
    0.99693064532));
#17394 = ORIENTED_EDGE('',*,*,#11071,.T.);
#17395 = PLANE('',#17396);
#17396 = AXIS2_PLACEMENT_3D('',#17397,#17398,#17399);
#17397 = CARTESIAN_POINT('',(51.971423108339,-32.55800939228,
    7.44245643345));
#17398 = DIRECTION('',(-0.514078395217,0.857743203694,-9.36223510454E-06
    ));
#17399 = DIRECTION('',(0.857743203732,0.514078395239,0.));
#17400 = ADVANCED_FACE('',(#17401),#17426,.T.);
#17401 = FACE_BOUND('',#17402,.T.);
#17402 = EDGE_LOOP('',(#17403,#17404,#17412,#17420));
#17403 = ORIENTED_EDGE('',*,*,#11079,.T.);
#17404 = ORIENTED_EDGE('',*,*,#17405,.F.);
#17405 = EDGE_CURVE('',#17406,#11072,#17408,.T.);
#17406 = VERTEX_POINT('',#17407);
#17407 = CARTESIAN_POINT('',(51.777698516846,-32.6740989685,
    5.699999809265));
#17408 = LINE('',#17409,#17410);
#17409 = CARTESIAN_POINT('',(51.777698516846,-32.6740989685,
    5.699999809265));
#17410 = VECTOR('',#17411,1.);
#17411 = DIRECTION('',(0.,0.,1.));
#17412 = ORIENTED_EDGE('',*,*,#17413,.T.);
#17413 = EDGE_CURVE('',#17406,#17414,#17416,.T.);
#17414 = VERTEX_POINT('',#17415);
#17415 = CARTESIAN_POINT('',(51.462398529053,-32.90800094604,
    5.699999809265));
#17416 = LINE('',#17417,#17418);
#17417 = CARTESIAN_POINT('',(51.777698516846,-32.6740989685,
    5.699999809265));
#17418 = VECTOR('',#17419,1.);
#17419 = DIRECTION('',(-0.803134924565,-0.595797191118,0.));
#17420 = ORIENTED_EDGE('',*,*,#17421,.F.);
#17421 = EDGE_CURVE('',#11080,#17414,#17422,.T.);
#17422 = LINE('',#17423,#17424);
#17423 = CARTESIAN_POINT('',(51.462398529053,-32.90800094604,9.));
#17424 = VECTOR('',#17425,1.);
#17425 = DIRECTION('',(0.,0.,-1.));
#17426 = PLANE('',#17427);
#17427 = AXIS2_PLACEMENT_3D('',#17428,#17429,#17430);
#17428 = CARTESIAN_POINT('',(51.620048522949,-32.79104995727,
    7.349999904633));
#17429 = DIRECTION('',(-0.595797191118,0.803134924565,0.));
#17430 = DIRECTION('',(0.803134924565,0.595797191118,0.));
#17431 = ADVANCED_FACE('',(#17432),#17450,.T.);
#17432 = FACE_BOUND('',#17433,.T.);
#17433 = EDGE_LOOP('',(#17434,#17435,#17436,#17444));
#17434 = ORIENTED_EDGE('',*,*,#11087,.T.);
#17435 = ORIENTED_EDGE('',*,*,#17421,.T.);
#17436 = ORIENTED_EDGE('',*,*,#17437,.T.);
#17437 = EDGE_CURVE('',#17414,#17438,#17440,.T.);
#17438 = VERTEX_POINT('',#17439);
#17439 = CARTESIAN_POINT('',(51.171600341797,-33.17160034179,
    5.699999809265));
#17440 = LINE('',#17441,#17442);
#17441 = CARTESIAN_POINT('',(51.462398529053,-32.90800094604,
    5.699999809265));
#17442 = VECTOR('',#17443,1.);
#17443 = DIRECTION('',(-0.740906393777,-0.671608305235,0.));
#17444 = ORIENTED_EDGE('',*,*,#17445,.T.);
#17445 = EDGE_CURVE('',#17438,#11088,#17446,.T.);
#17446 = LINE('',#17447,#17448);
#17447 = CARTESIAN_POINT('',(51.171600341797,-33.17160034179,
    5.699999809265));
#17448 = VECTOR('',#17449,1.);
#17449 = DIRECTION('',(0.,0.,1.));
#17450 = PLANE('',#17451);
#17451 = AXIS2_PLACEMENT_3D('',#17452,#17453,#17454);
#17452 = CARTESIAN_POINT('',(51.316999435425,-33.03980064392,
    7.349999904633));
#17453 = DIRECTION('',(-0.671608305235,0.740906393777,0.));
#17454 = DIRECTION('',(0.740906393777,0.671608305235,0.));
#17455 = ADVANCED_FACE('',(#17456),#17474,.T.);
#17456 = FACE_BOUND('',#17457,.T.);
#17457 = EDGE_LOOP('',(#17458,#17459,#17467,#17473));
#17458 = ORIENTED_EDGE('',*,*,#17445,.F.);
#17459 = ORIENTED_EDGE('',*,*,#17460,.T.);
#17460 = EDGE_CURVE('',#17438,#17461,#17463,.T.);
#17461 = VERTEX_POINT('',#17462);
#17462 = CARTESIAN_POINT('',(50.908000946045,-33.46239852905,
    5.699999809265));
#17463 = LINE('',#17464,#17465);
#17464 = CARTESIAN_POINT('',(51.171600341797,-33.17160034179,
    5.699999809265));
#17465 = VECTOR('',#17466,1.);
#17466 = DIRECTION('',(-0.671608305235,-0.740906393777,0.));
#17467 = ORIENTED_EDGE('',*,*,#17468,.F.);
#17468 = EDGE_CURVE('',#11096,#17461,#17469,.T.);
#17469 = LINE('',#17470,#17471);
#17470 = CARTESIAN_POINT('',(50.908000946045,-33.46239852905,9.));
#17471 = VECTOR('',#17472,1.);
#17472 = DIRECTION('',(0.,0.,-1.));
#17473 = ORIENTED_EDGE('',*,*,#11095,.T.);
#17474 = PLANE('',#17475);
#17475 = AXIS2_PLACEMENT_3D('',#17476,#17477,#17478);
#17476 = CARTESIAN_POINT('',(51.039800643921,-33.31699943542,
    7.349999904633));
#17477 = DIRECTION('',(-0.740906393777,0.671608305235,0.));
#17478 = DIRECTION('',(-0.671608305235,-0.740906393777,0.));
#17479 = ADVANCED_FACE('',(#17480),#17490,.T.);
#17480 = FACE_BOUND('',#17481,.T.);
#17481 = EDGE_LOOP('',(#17482,#17483,#17484));
#17482 = ORIENTED_EDGE('',*,*,#13724,.F.);
#17483 = ORIENTED_EDGE('',*,*,#11103,.T.);
#17484 = ORIENTED_EDGE('',*,*,#17485,.F.);
#17485 = EDGE_CURVE('',#13725,#11096,#17486,.T.);
#17486 = LINE('',#17487,#17488);
#17487 = CARTESIAN_POINT('',(50.880100250244,-33.5,5.699999809265));
#17488 = VECTOR('',#17489,1.);
#17489 = DIRECTION('',(8.453904908935E-03,1.139323772045E-02,
    0.999899357749));
#17490 = PLANE('',#17491);
#17491 = AXIS2_PLACEMENT_3D('',#17492,#17493,#17494);
#17492 = CARTESIAN_POINT('',(50.83293397784,-33.56358474365,
    7.442393198638));
#17493 = DIRECTION('',(-0.803134924564,0.595797191117,1.567407486231E-06
    ));
#17494 = DIRECTION('',(-0.595797191118,-0.803134924565,0.));
#17495 = ADVANCED_FACE('',(#17496),#17521,.F.);
#17496 = FACE_BOUND('',#17497,.F.);
#17497 = EDGE_LOOP('',(#17498,#17508,#17514,#17515));
#17498 = ORIENTED_EDGE('',*,*,#17499,.T.);
#17499 = EDGE_CURVE('',#17500,#17502,#17504,.T.);
#17500 = VERTEX_POINT('',#17501);
#17501 = CARTESIAN_POINT('',(-52.,-33.5,3.2));
#17502 = VERTEX_POINT('',#17503);
#17503 = CARTESIAN_POINT('',(-52.,-33.5,5.7));
#17504 = LINE('',#17505,#17506);
#17505 = CARTESIAN_POINT('',(-52.,-33.5,3.2));
#17506 = VECTOR('',#17507,1.);
#17507 = DIRECTION('',(0.,0.,1.));
#17508 = ORIENTED_EDGE('',*,*,#17509,.T.);
#17509 = EDGE_CURVE('',#17502,#12231,#17510,.T.);
#17510 = LINE('',#17511,#17512);
#17511 = CARTESIAN_POINT('',(-52.,-33.5,5.7));
#17512 = VECTOR('',#17513,1.);
#17513 = DIRECTION('',(0.,1.,0.));
#17514 = ORIENTED_EDGE('',*,*,#12230,.T.);
#17515 = ORIENTED_EDGE('',*,*,#17516,.F.);
#17516 = EDGE_CURVE('',#17500,#12233,#17517,.T.);
#17517 = LINE('',#17518,#17519);
#17518 = CARTESIAN_POINT('',(-52.,-33.5,3.2));
#17519 = VECTOR('',#17520,1.);
#17520 = DIRECTION('',(0.,1.,0.));
#17521 = PLANE('',#17522);
#17522 = AXIS2_PLACEMENT_3D('',#17523,#17524,#17525);
#17523 = CARTESIAN_POINT('',(-52.,-32.00000003251,4.449999957203));
#17524 = DIRECTION('',(-1.,-0.,-0.));
#17525 = DIRECTION('',(0.,0.,-1.));
#17526 = ADVANCED_FACE('',(#17527),#17552,.F.);
#17527 = FACE_BOUND('',#17528,.F.);
#17528 = EDGE_LOOP('',(#17529,#17537,#17545,#17551));
#17529 = ORIENTED_EDGE('',*,*,#17530,.F.);
#17530 = EDGE_CURVE('',#17531,#12293,#17533,.T.);
#17531 = VERTEX_POINT('',#17532);
#17532 = CARTESIAN_POINT('',(52.,-33.5,5.7));
#17533 = LINE('',#17534,#17535);
#17534 = CARTESIAN_POINT('',(52.,-33.5,5.7));
#17535 = VECTOR('',#17536,1.);
#17536 = DIRECTION('',(0.,1.,0.));
#17537 = ORIENTED_EDGE('',*,*,#17538,.F.);
#17538 = EDGE_CURVE('',#17539,#17531,#17541,.T.);
#17539 = VERTEX_POINT('',#17540);
#17540 = CARTESIAN_POINT('',(52.,-33.5,3.2));
#17541 = LINE('',#17542,#17543);
#17542 = CARTESIAN_POINT('',(52.,-33.5,3.2));
#17543 = VECTOR('',#17544,1.);
#17544 = DIRECTION('',(0.,0.,1.));
#17545 = ORIENTED_EDGE('',*,*,#17546,.F.);
#17546 = EDGE_CURVE('',#12302,#17539,#17547,.T.);
#17547 = LINE('',#17548,#17549);
#17548 = CARTESIAN_POINT('',(52.,-30.5,3.200000047684));
#17549 = VECTOR('',#17550,1.);
#17550 = DIRECTION('',(0.,-1.,0.));
#17551 = ORIENTED_EDGE('',*,*,#12309,.T.);
#17552 = PLANE('',#17553);
#17553 = AXIS2_PLACEMENT_3D('',#17554,#17555,#17556);
#17554 = CARTESIAN_POINT('',(52.,-32.00000003251,4.449999957203));
#17555 = DIRECTION('',(1.,0.,0.));
#17556 = DIRECTION('',(0.,0.,1.));
#17557 = ADVANCED_FACE('',(#17558),#17574,.F.);
#17558 = FACE_BOUND('',#17559,.F.);
#17559 = EDGE_LOOP('',(#17560,#17561,#17567,#17568));
#17560 = ORIENTED_EDGE('',*,*,#17499,.F.);
#17561 = ORIENTED_EDGE('',*,*,#17562,.T.);
#17562 = EDGE_CURVE('',#17500,#111,#17563,.T.);
#17563 = LINE('',#17564,#17565);
#17564 = CARTESIAN_POINT('',(-52.,-33.5,3.2));
#17565 = VECTOR('',#17566,1.);
#17566 = DIRECTION('',(1.,0.,0.));
#17567 = ORIENTED_EDGE('',*,*,#118,.T.);
#17568 = ORIENTED_EDGE('',*,*,#17569,.F.);
#17569 = EDGE_CURVE('',#17502,#95,#17570,.T.);
#17570 = LINE('',#17571,#17572);
#17571 = CARTESIAN_POINT('',(-52.,-33.5,5.7));
#17572 = VECTOR('',#17573,1.);
#17573 = DIRECTION('',(1.,0.,0.));
#17574 = PLANE('',#17575);
#17575 = AXIS2_PLACEMENT_3D('',#17576,#17577,#17578);
#17576 = CARTESIAN_POINT('',(0.,-33.5,4.449999931658));
#17577 = DIRECTION('',(-0.,-1.,-0.));
#17578 = DIRECTION('',(0.,0.,-1.));
#17579 = ADVANCED_FACE('',(#17580),#17596,.F.);
#17580 = FACE_BOUND('',#17581,.F.);
#17581 = EDGE_LOOP('',(#17582,#17583,#17589,#17590));
#17582 = ORIENTED_EDGE('',*,*,#13732,.T.);
#17583 = ORIENTED_EDGE('',*,*,#17584,.T.);
#17584 = EDGE_CURVE('',#13716,#17539,#17585,.T.);
#17585 = LINE('',#17586,#17587);
#17586 = CARTESIAN_POINT('',(-52.,-33.5,3.2));
#17587 = VECTOR('',#17588,1.);
#17588 = DIRECTION('',(1.,0.,0.));
#17589 = ORIENTED_EDGE('',*,*,#17538,.T.);
#17590 = ORIENTED_EDGE('',*,*,#17591,.F.);
#17591 = EDGE_CURVE('',#13725,#17531,#17592,.T.);
#17592 = LINE('',#17593,#17594);
#17593 = CARTESIAN_POINT('',(-52.,-33.5,5.7));
#17594 = VECTOR('',#17595,1.);
#17595 = DIRECTION('',(1.,0.,0.));
#17596 = PLANE('',#17597);
#17597 = AXIS2_PLACEMENT_3D('',#17598,#17599,#17600);
#17598 = CARTESIAN_POINT('',(0.,-33.5,4.449999931658));
#17599 = DIRECTION('',(-0.,-1.,-0.));
#17600 = DIRECTION('',(0.,0.,-1.));
#17601 = ADVANCED_FACE('',(#17602),#17627,.F.);
#17602 = FACE_BOUND('',#17603,.F.);
#17603 = EDGE_LOOP('',(#17604,#17612,#17613,#17621));
#17604 = ORIENTED_EDGE('',*,*,#17605,.F.);
#17605 = EDGE_CURVE('',#14539,#17606,#17608,.T.);
#17606 = VERTEX_POINT('',#17607);
#17607 = CARTESIAN_POINT('',(52.,35.5,5.7));
#17608 = LINE('',#17609,#17610);
#17609 = CARTESIAN_POINT('',(52.,32.5,5.7));
#17610 = VECTOR('',#17611,1.);
#17611 = DIRECTION('',(0.,1.,0.));
#17612 = ORIENTED_EDGE('',*,*,#14538,.T.);
#17613 = ORIENTED_EDGE('',*,*,#17614,.T.);
#17614 = EDGE_CURVE('',#14541,#17615,#17617,.T.);
#17615 = VERTEX_POINT('',#17616);
#17616 = CARTESIAN_POINT('',(52.,35.5,3.2));
#17617 = LINE('',#17618,#17619);
#17618 = CARTESIAN_POINT('',(52.,32.5,3.2));
#17619 = VECTOR('',#17620,1.);
#17620 = DIRECTION('',(0.,1.,0.));
#17621 = ORIENTED_EDGE('',*,*,#17622,.T.);
#17622 = EDGE_CURVE('',#17615,#17606,#17623,.T.);
#17623 = LINE('',#17624,#17625);
#17624 = CARTESIAN_POINT('',(52.,35.5,3.2));
#17625 = VECTOR('',#17626,1.);
#17626 = DIRECTION('',(0.,0.,1.));
#17627 = PLANE('',#17628);
#17628 = AXIS2_PLACEMENT_3D('',#17629,#17630,#17631);
#17629 = CARTESIAN_POINT('',(52.,34.000000032512,4.449999983212));
#17630 = DIRECTION('',(1.,0.,0.));
#17631 = DIRECTION('',(0.,0.,1.));
#17632 = ADVANCED_FACE('',(#17633),#17658,.F.);
#17633 = FACE_BOUND('',#17634,.F.);
#17634 = EDGE_LOOP('',(#17635,#17643,#17644,#17652));
#17635 = ORIENTED_EDGE('',*,*,#17636,.F.);
#17636 = EDGE_CURVE('',#14610,#17637,#17639,.T.);
#17637 = VERTEX_POINT('',#17638);
#17638 = CARTESIAN_POINT('',(-52.,35.5,3.2));
#17639 = LINE('',#17640,#17641);
#17640 = CARTESIAN_POINT('',(-52.,32.5,3.200000047684));
#17641 = VECTOR('',#17642,1.);
#17642 = DIRECTION('',(0.,1.,0.));
#17643 = ORIENTED_EDGE('',*,*,#14617,.T.);
#17644 = ORIENTED_EDGE('',*,*,#17645,.T.);
#17645 = EDGE_CURVE('',#14601,#17646,#17648,.T.);
#17646 = VERTEX_POINT('',#17647);
#17647 = CARTESIAN_POINT('',(-52.,35.5,5.7));
#17648 = LINE('',#17649,#17650);
#17649 = CARTESIAN_POINT('',(-52.,32.5,5.7));
#17650 = VECTOR('',#17651,1.);
#17651 = DIRECTION('',(0.,1.,0.));
#17652 = ORIENTED_EDGE('',*,*,#17653,.F.);
#17653 = EDGE_CURVE('',#17637,#17646,#17654,.T.);
#17654 = LINE('',#17655,#17656);
#17655 = CARTESIAN_POINT('',(-52.,35.5,3.2));
#17656 = VECTOR('',#17657,1.);
#17657 = DIRECTION('',(0.,0.,1.));
#17658 = PLANE('',#17659);
#17659 = AXIS2_PLACEMENT_3D('',#17660,#17661,#17662);
#17660 = CARTESIAN_POINT('',(-52.,34.000000032512,4.449999983212));
#17661 = DIRECTION('',(-1.,-0.,-0.));
#17662 = DIRECTION('',(0.,0.,-1.));
#17663 = ADVANCED_FACE('',(#17664),#17680,.F.);
#17664 = FACE_BOUND('',#17665,.F.);
#17665 = EDGE_LOOP('',(#17666,#17672,#17673,#17679));
#17666 = ORIENTED_EDGE('',*,*,#17667,.F.);
#17667 = EDGE_CURVE('',#17637,#15912,#17668,.T.);
#17668 = LINE('',#17669,#17670);
#17669 = CARTESIAN_POINT('',(-52.,35.5,3.2));
#17670 = VECTOR('',#17671,1.);
#17671 = DIRECTION('',(1.,0.,0.));
#17672 = ORIENTED_EDGE('',*,*,#17653,.T.);
#17673 = ORIENTED_EDGE('',*,*,#17674,.T.);
#17674 = EDGE_CURVE('',#17646,#15904,#17675,.T.);
#17675 = LINE('',#17676,#17677);
#17676 = CARTESIAN_POINT('',(-52.,35.5,5.7));
#17677 = VECTOR('',#17678,1.);
#17678 = DIRECTION('',(1.,0.,0.));
#17679 = ORIENTED_EDGE('',*,*,#15911,.T.);
#17680 = PLANE('',#17681);
#17681 = AXIS2_PLACEMENT_3D('',#17682,#17683,#17684);
#17682 = CARTESIAN_POINT('',(0.,35.5,4.449999932792));
#17683 = DIRECTION('',(0.,1.,0.));
#17684 = DIRECTION('',(0.,0.,1.));
#17685 = ADVANCED_FACE('',(#17686),#17702,.F.);
#17686 = FACE_BOUND('',#17687,.F.);
#17687 = EDGE_LOOP('',(#17688,#17694,#17695,#17701));
#17688 = ORIENTED_EDGE('',*,*,#17689,.F.);
#17689 = EDGE_CURVE('',#22,#17615,#17690,.T.);
#17690 = LINE('',#17691,#17692);
#17691 = CARTESIAN_POINT('',(-52.,35.5,3.2));
#17692 = VECTOR('',#17693,1.);
#17693 = DIRECTION('',(1.,0.,0.));
#17694 = ORIENTED_EDGE('',*,*,#31,.T.);
#17695 = ORIENTED_EDGE('',*,*,#17696,.T.);
#17696 = EDGE_CURVE('',#32,#17606,#17697,.T.);
#17697 = LINE('',#17698,#17699);
#17698 = CARTESIAN_POINT('',(-52.,35.5,5.7));
#17699 = VECTOR('',#17700,1.);
#17700 = DIRECTION('',(1.,0.,0.));
#17701 = ORIENTED_EDGE('',*,*,#17622,.F.);
#17702 = PLANE('',#17703);
#17703 = AXIS2_PLACEMENT_3D('',#17704,#17705,#17706);
#17704 = CARTESIAN_POINT('',(0.,35.5,4.449999932792));
#17705 = DIRECTION('',(0.,1.,0.));
#17706 = DIRECTION('',(0.,0.,1.));
#17707 = ADVANCED_FACE('',(#17708),#17718,.T.);
#17708 = FACE_BOUND('',#17709,.T.);
#17709 = EDGE_LOOP('',(#17710,#17711,#17717));
#17710 = ORIENTED_EDGE('',*,*,#16816,.F.);
#17711 = ORIENTED_EDGE('',*,*,#17712,.T.);
#17712 = EDGE_CURVE('',#14601,#16833,#17713,.T.);
#17713 = LINE('',#17714,#17715);
#17714 = CARTESIAN_POINT('',(-52.,32.540901184082,5.699999809265));
#17715 = VECTOR('',#17716,1.);
#17716 = DIRECTION('',(0.8578044847,0.513976133715,0.));
#17717 = ORIENTED_EDGE('',*,*,#16832,.T.);
#17718 = PLANE('',#17719);
#17719 = AXIS2_PLACEMENT_3D('',#17720,#17721,#17722);
#17720 = CARTESIAN_POINT('',(-51.835452723,32.639494015845,
    7.287751995728));
#17721 = DIRECTION('',(0.513976133715,-0.8578044847,0.));
#17722 = DIRECTION('',(-0.8578044847,-0.513976133715,0.));
#17723 = ADVANCED_FACE('',(#17724),#17743,.F.);
#17724 = FACE_BOUND('',#17725,.F.);
#17725 = EDGE_LOOP('',(#17726,#17727,#17728,#17729,#17730,#17731,#17732,
    #17733,#17734,#17735,#17736,#17742));
#17726 = ORIENTED_EDGE('',*,*,#17645,.F.);
#17727 = ORIENTED_EDGE('',*,*,#17712,.T.);
#17728 = ORIENTED_EDGE('',*,*,#16840,.T.);
#17729 = ORIENTED_EDGE('',*,*,#16864,.T.);
#17730 = ORIENTED_EDGE('',*,*,#16896,.T.);
#17731 = ORIENTED_EDGE('',*,*,#16920,.T.);
#17732 = ORIENTED_EDGE('',*,*,#16944,.T.);
#17733 = ORIENTED_EDGE('',*,*,#16968,.T.);
#17734 = ORIENTED_EDGE('',*,*,#16992,.T.);
#17735 = ORIENTED_EDGE('',*,*,#17016,.T.);
#17736 = ORIENTED_EDGE('',*,*,#17737,.T.);
#17737 = EDGE_CURVE('',#17007,#15904,#17738,.T.);
#17738 = LINE('',#17739,#17740);
#17739 = CARTESIAN_POINT('',(-50.07690048217,35.21960067749,
    5.699999809265));
#17740 = VECTOR('',#17741,1.);
#17741 = DIRECTION('',(0.146751058326,0.989173456417,0.));
#17742 = ORIENTED_EDGE('',*,*,#17674,.F.);
#17743 = PLANE('',#17744);
#17744 = AXIS2_PLACEMENT_3D('',#17745,#17746,#17747);
#17745 = CARTESIAN_POINT('',(-52.,32.5,5.7));
#17746 = DIRECTION('',(0.,0.,1.));
#17747 = DIRECTION('',(1.,0.,0.));
#17748 = ADVANCED_FACE('',(#17749),#17754,.T.);
#17749 = FACE_BOUND('',#17750,.T.);
#17750 = EDGE_LOOP('',(#17751,#17752,#17753));
#17751 = ORIENTED_EDGE('',*,*,#17030,.F.);
#17752 = ORIENTED_EDGE('',*,*,#17006,.T.);
#17753 = ORIENTED_EDGE('',*,*,#17737,.T.);
#17754 = PLANE('',#17755);
#17755 = AXIS2_PLACEMENT_3D('',#17756,#17757,#17758);
#17756 = CARTESIAN_POINT('',(-50.06605481519,35.29270574415,
    7.282170956979));
#17757 = DIRECTION('',(0.989173456417,-0.146751058326,0.));
#17758 = DIRECTION('',(0.146751058326,0.989173456417,0.));
#17759 = ADVANCED_FACE('',(#17760),#17770,.T.);
#17760 = FACE_BOUND('',#17761,.T.);
#17761 = EDGE_LOOP('',(#17762,#17763,#17769));
#17762 = ORIENTED_EDGE('',*,*,#17046,.T.);
#17763 = ORIENTED_EDGE('',*,*,#17764,.T.);
#17764 = EDGE_CURVE('',#32,#17063,#17765,.T.);
#17765 = LINE('',#17766,#17767);
#17766 = CARTESIAN_POINT('',(50.035301208496,35.5,5.699999809265));
#17767 = VECTOR('',#17768,1.);
#17768 = DIRECTION('',(0.146751058326,-0.989173456417,0.));
#17769 = ORIENTED_EDGE('',*,*,#17062,.F.);
#17770 = PLANE('',#17771);
#17771 = AXIS2_PLACEMENT_3D('',#17772,#17773,#17774);
#17772 = CARTESIAN_POINT('',(50.06605481519,35.29270574415,
    7.282170956979));
#17773 = DIRECTION('',(-0.989173456417,-0.146751058326,-0.));
#17774 = DIRECTION('',(0.146751058326,-0.989173456417,0.));
#17775 = ADVANCED_FACE('',(#17776),#17795,.F.);
#17776 = FACE_BOUND('',#17777,.F.);
#17777 = EDGE_LOOP('',(#17778,#17784,#17785,#17786,#17787,#17788,#17789,
    #17790,#17791,#17792,#17793,#17794));
#17778 = ORIENTED_EDGE('',*,*,#17779,.T.);
#17779 = EDGE_CURVE('',#17240,#14539,#17780,.T.);
#17780 = LINE('',#17781,#17782);
#17781 = CARTESIAN_POINT('',(51.777698516846,32.674098968506,
    5.699999809265));
#17782 = VECTOR('',#17783,1.);
#17783 = DIRECTION('',(0.8578044847,-0.513976133715,0.));
#17784 = ORIENTED_EDGE('',*,*,#17605,.T.);
#17785 = ORIENTED_EDGE('',*,*,#17696,.F.);
#17786 = ORIENTED_EDGE('',*,*,#17764,.T.);
#17787 = ORIENTED_EDGE('',*,*,#17070,.T.);
#17788 = ORIENTED_EDGE('',*,*,#17094,.T.);
#17789 = ORIENTED_EDGE('',*,*,#17118,.T.);
#17790 = ORIENTED_EDGE('',*,*,#17142,.T.);
#17791 = ORIENTED_EDGE('',*,*,#17166,.T.);
#17792 = ORIENTED_EDGE('',*,*,#17190,.T.);
#17793 = ORIENTED_EDGE('',*,*,#17215,.T.);
#17794 = ORIENTED_EDGE('',*,*,#17239,.T.);
#17795 = PLANE('',#17796);
#17796 = AXIS2_PLACEMENT_3D('',#17797,#17798,#17799);
#17797 = CARTESIAN_POINT('',(-52.,32.5,5.7));
#17798 = DIRECTION('',(0.,0.,1.));
#17799 = DIRECTION('',(1.,0.,0.));
#17800 = ADVANCED_FACE('',(#17801),#17806,.T.);
#17801 = FACE_BOUND('',#17802,.T.);
#17802 = EDGE_LOOP('',(#17803,#17804,#17805));
#17803 = ORIENTED_EDGE('',*,*,#17261,.T.);
#17804 = ORIENTED_EDGE('',*,*,#17247,.F.);
#17805 = ORIENTED_EDGE('',*,*,#17779,.T.);
#17806 = PLANE('',#17807);
#17807 = AXIS2_PLACEMENT_3D('',#17808,#17809,#17810);
#17808 = CARTESIAN_POINT('',(51.835452723001,32.639494015845,
    7.287751995728));
#17809 = DIRECTION('',(-0.513976133715,-0.8578044847,-0.));
#17810 = DIRECTION('',(-0.8578044847,0.513976133715,0.));
#17811 = ADVANCED_FACE('',(#17812),#17822,.T.);
#17812 = FACE_BOUND('',#17813,.T.);
#17813 = EDGE_LOOP('',(#17814,#17815,#17821));
#17814 = ORIENTED_EDGE('',*,*,#17278,.T.);
#17815 = ORIENTED_EDGE('',*,*,#17816,.T.);
#17816 = EDGE_CURVE('',#95,#17303,#17817,.T.);
#17817 = LINE('',#17818,#17819);
#17818 = CARTESIAN_POINT('',(-50.88010025024,-33.5,5.699999809265));
#17819 = VECTOR('',#17820,1.);
#17820 = DIRECTION('',(-0.595885909718,0.803069102008,0.));
#17821 = ORIENTED_EDGE('',*,*,#17302,.T.);
#17822 = PLANE('',#17823);
#17823 = AXIS2_PLACEMENT_3D('',#17824,#17825,#17826);
#17824 = CARTESIAN_POINT('',(-50.90097629079,-33.47186558221,
    7.3383773901));
#17825 = DIRECTION('',(0.803069102008,0.595885909718,0.));
#17826 = DIRECTION('',(-0.595885909718,0.803069102008,0.));
#17827 = ADVANCED_FACE('',(#17828),#17842,.F.);
#17828 = FACE_BOUND('',#17829,.F.);
#17829 = EDGE_LOOP('',(#17830,#17831,#17832,#17833,#17834,#17835,#17836)
  );
#17830 = ORIENTED_EDGE('',*,*,#17509,.F.);
#17831 = ORIENTED_EDGE('',*,*,#17569,.T.);
#17832 = ORIENTED_EDGE('',*,*,#17816,.T.);
#17833 = ORIENTED_EDGE('',*,*,#17310,.T.);
#17834 = ORIENTED_EDGE('',*,*,#17326,.T.);
#17835 = ORIENTED_EDGE('',*,*,#17350,.T.);
#17836 = ORIENTED_EDGE('',*,*,#17837,.T.);
#17837 = EDGE_CURVE('',#17351,#12231,#17838,.T.);
#17838 = LINE('',#17839,#17840);
#17839 = CARTESIAN_POINT('',(-51.77769851684,-32.6740989685,
    5.699999809265));
#17840 = VECTOR('',#17841,1.);
#17841 = DIRECTION('',(-0.8578044847,0.513976133715,0.));
#17842 = PLANE('',#17843);
#17843 = AXIS2_PLACEMENT_3D('',#17844,#17845,#17846);
#17844 = CARTESIAN_POINT('',(-52.,-33.5,5.7));
#17845 = DIRECTION('',(0.,0.,1.));
#17846 = DIRECTION('',(1.,0.,0.));
#17847 = ADVANCED_FACE('',(#17848),#17853,.T.);
#17848 = FACE_BOUND('',#17849,.T.);
#17849 = EDGE_LOOP('',(#17850,#17851,#17852));
#17850 = ORIENTED_EDGE('',*,*,#17372,.T.);
#17851 = ORIENTED_EDGE('',*,*,#17358,.F.);
#17852 = ORIENTED_EDGE('',*,*,#17837,.T.);
#17853 = PLANE('',#17854);
#17854 = AXIS2_PLACEMENT_3D('',#17855,#17856,#17857);
#17855 = CARTESIAN_POINT('',(-51.835452723,-32.63949401584,
    7.287751995728));
#17856 = DIRECTION('',(0.513976133715,0.8578044847,0.));
#17857 = DIRECTION('',(0.8578044847,-0.513976133715,0.));
#17858 = ADVANCED_FACE('',(#17859),#17869,.T.);
#17859 = FACE_BOUND('',#17860,.T.);
#17860 = EDGE_LOOP('',(#17861,#17862,#17868));
#17861 = ORIENTED_EDGE('',*,*,#17389,.F.);
#17862 = ORIENTED_EDGE('',*,*,#17863,.T.);
#17863 = EDGE_CURVE('',#12293,#17406,#17864,.T.);
#17864 = LINE('',#17865,#17866);
#17865 = CARTESIAN_POINT('',(52.,-32.54090118408,5.699999809265));
#17866 = VECTOR('',#17867,1.);
#17867 = DIRECTION('',(-0.8578044847,-0.513976133715,0.));
#17868 = ORIENTED_EDGE('',*,*,#17405,.T.);
#17869 = PLANE('',#17870);
#17870 = AXIS2_PLACEMENT_3D('',#17871,#17872,#17873);
#17871 = CARTESIAN_POINT('',(51.835452723001,-32.63949401584,
    7.287751995728));
#17872 = DIRECTION('',(-0.513976133715,0.8578044847,0.));
#17873 = DIRECTION('',(0.8578044847,0.513976133715,0.));
#17874 = ADVANCED_FACE('',(#17875),#17889,.F.);
#17875 = FACE_BOUND('',#17876,.F.);
#17876 = EDGE_LOOP('',(#17877,#17883,#17884,#17885,#17886,#17887,#17888)
  );
#17877 = ORIENTED_EDGE('',*,*,#17878,.T.);
#17878 = EDGE_CURVE('',#17461,#13725,#17879,.T.);
#17879 = LINE('',#17880,#17881);
#17880 = CARTESIAN_POINT('',(50.908000946045,-33.46239852905,
    5.699999809265));
#17881 = VECTOR('',#17882,1.);
#17882 = DIRECTION('',(-0.595885909718,-0.803069102008,0.));
#17883 = ORIENTED_EDGE('',*,*,#17591,.T.);
#17884 = ORIENTED_EDGE('',*,*,#17530,.T.);
#17885 = ORIENTED_EDGE('',*,*,#17863,.T.);
#17886 = ORIENTED_EDGE('',*,*,#17413,.T.);
#17887 = ORIENTED_EDGE('',*,*,#17437,.T.);
#17888 = ORIENTED_EDGE('',*,*,#17460,.T.);
#17889 = PLANE('',#17890);
#17890 = AXIS2_PLACEMENT_3D('',#17891,#17892,#17893);
#17891 = CARTESIAN_POINT('',(-52.,-33.5,5.7));
#17892 = DIRECTION('',(0.,0.,1.));
#17893 = DIRECTION('',(1.,0.,0.));
#17894 = ADVANCED_FACE('',(#17895),#17900,.T.);
#17895 = FACE_BOUND('',#17896,.T.);
#17896 = EDGE_LOOP('',(#17897,#17898,#17899));
#17897 = ORIENTED_EDGE('',*,*,#17485,.T.);
#17898 = ORIENTED_EDGE('',*,*,#17468,.T.);
#17899 = ORIENTED_EDGE('',*,*,#17878,.T.);
#17900 = PLANE('',#17901);
#17901 = AXIS2_PLACEMENT_3D('',#17902,#17903,#17904);
#17902 = CARTESIAN_POINT('',(50.90097629079,-33.47186558221,7.3383773901
    ));
#17903 = DIRECTION('',(-0.803069102008,0.595885909718,0.));
#17904 = DIRECTION('',(-0.595885909718,-0.803069102008,0.));
#17905 = ADVANCED_FACE('',(#17906,#17912,#17977,#18042,#18102),#18162,
  .T.);
#17906 = FACE_BOUND('',#17907,.T.);
#17907 = EDGE_LOOP('',(#17908,#17909,#17910,#17911));
#17908 = ORIENTED_EDGE('',*,*,#2686,.T.);
#17909 = ORIENTED_EDGE('',*,*,#2628,.F.);
#17910 = ORIENTED_EDGE('',*,*,#2604,.T.);
#17911 = ORIENTED_EDGE('',*,*,#2565,.T.);
#17912 = FACE_BOUND('',#17913,.T.);
#17913 = EDGE_LOOP('',(#17914,#17915,#17916,#17917,#17918,#17919,#17920,
    #17921,#17922,#17923,#17924,#17925,#17926,#17927,#17928,#17929,
    #17930,#17931,#17932,#17933,#17934,#17935,#17936,#17937,#17938,
    #17939,#17940,#17941,#17942,#17943,#17944,#17945,#17946,#17947,
    #17948,#17949,#17950,#17951,#17952,#17953,#17954,#17955,#17956,
    #17957,#17958,#17959,#17960,#17961,#17962,#17963,#17964,#17965,
    #17966,#17967,#17968,#17969,#17970,#17971,#17972,#17973,#17974,
    #17975,#17976));
#17914 = ORIENTED_EDGE('',*,*,#11248,.T.);
#17915 = ORIENTED_EDGE('',*,*,#11279,.T.);
#17916 = ORIENTED_EDGE('',*,*,#11303,.T.);
#17917 = ORIENTED_EDGE('',*,*,#11327,.T.);
#17918 = ORIENTED_EDGE('',*,*,#11351,.T.);
#17919 = ORIENTED_EDGE('',*,*,#11375,.T.);
#17920 = ORIENTED_EDGE('',*,*,#11399,.T.);
#17921 = ORIENTED_EDGE('',*,*,#11423,.T.);
#17922 = ORIENTED_EDGE('',*,*,#11447,.T.);
#17923 = ORIENTED_EDGE('',*,*,#11471,.T.);
#17924 = ORIENTED_EDGE('',*,*,#11495,.T.);
#17925 = ORIENTED_EDGE('',*,*,#11519,.T.);
#17926 = ORIENTED_EDGE('',*,*,#11542,.T.);
#17927 = ORIENTED_EDGE('',*,*,#11566,.T.);
#17928 = ORIENTED_EDGE('',*,*,#11590,.T.);
#17929 = ORIENTED_EDGE('',*,*,#11614,.T.);
#17930 = ORIENTED_EDGE('',*,*,#11638,.T.);
#17931 = ORIENTED_EDGE('',*,*,#11662,.T.);
#17932 = ORIENTED_EDGE('',*,*,#11686,.T.);
#17933 = ORIENTED_EDGE('',*,*,#11710,.T.);
#17934 = ORIENTED_EDGE('',*,*,#11734,.T.);
#17935 = ORIENTED_EDGE('',*,*,#11758,.T.);
#17936 = ORIENTED_EDGE('',*,*,#11782,.T.);
#17937 = ORIENTED_EDGE('',*,*,#11806,.T.);
#17938 = ORIENTED_EDGE('',*,*,#11830,.T.);
#17939 = ORIENTED_EDGE('',*,*,#11854,.T.);
#17940 = ORIENTED_EDGE('',*,*,#11878,.T.);
#17941 = ORIENTED_EDGE('',*,*,#11902,.T.);
#17942 = ORIENTED_EDGE('',*,*,#11927,.T.);
#17943 = ORIENTED_EDGE('',*,*,#11951,.T.);
#17944 = ORIENTED_EDGE('',*,*,#11975,.T.);
#17945 = ORIENTED_EDGE('',*,*,#11999,.T.);
#17946 = ORIENTED_EDGE('',*,*,#12023,.T.);
#17947 = ORIENTED_EDGE('',*,*,#12047,.T.);
#17948 = ORIENTED_EDGE('',*,*,#12071,.T.);
#17949 = ORIENTED_EDGE('',*,*,#12095,.T.);
#17950 = ORIENTED_EDGE('',*,*,#12119,.T.);
#17951 = ORIENTED_EDGE('',*,*,#12143,.T.);
#17952 = ORIENTED_EDGE('',*,*,#12167,.T.);
#17953 = ORIENTED_EDGE('',*,*,#12191,.T.);
#17954 = ORIENTED_EDGE('',*,*,#12215,.T.);
#17955 = ORIENTED_EDGE('',*,*,#12240,.T.);
#17956 = ORIENTED_EDGE('',*,*,#17516,.F.);
#17957 = ORIENTED_EDGE('',*,*,#17562,.T.);
#17958 = ORIENTED_EDGE('',*,*,#110,.T.);
#17959 = ORIENTED_EDGE('',*,*,#149,.T.);
#17960 = ORIENTED_EDGE('',*,*,#13756,.T.);
#17961 = ORIENTED_EDGE('',*,*,#13780,.T.);
#17962 = ORIENTED_EDGE('',*,*,#13804,.T.);
#17963 = ORIENTED_EDGE('',*,*,#13828,.T.);
#17964 = ORIENTED_EDGE('',*,*,#13852,.T.);
#17965 = ORIENTED_EDGE('',*,*,#13876,.T.);
#17966 = ORIENTED_EDGE('',*,*,#13900,.T.);
#17967 = ORIENTED_EDGE('',*,*,#13924,.T.);
#17968 = ORIENTED_EDGE('',*,*,#13948,.T.);
#17969 = ORIENTED_EDGE('',*,*,#13972,.T.);
#17970 = ORIENTED_EDGE('',*,*,#13996,.T.);
#17971 = ORIENTED_EDGE('',*,*,#14020,.T.);
#17972 = ORIENTED_EDGE('',*,*,#14044,.T.);
#17973 = ORIENTED_EDGE('',*,*,#14067,.T.);
#17974 = ORIENTED_EDGE('',*,*,#14091,.T.);
#17975 = ORIENTED_EDGE('',*,*,#14115,.T.);
#17976 = ORIENTED_EDGE('',*,*,#14132,.T.);
#17977 = FACE_BOUND('',#17978,.T.);
#17978 = EDGE_LOOP('',(#17979,#17980,#17981,#17982,#17983,#17984,#17985,
    #17986,#17987,#17988,#17989,#17990,#17991,#17992,#17993,#17994,
    #17995,#17996,#17997,#17998,#17999,#18000,#18001,#18002,#18003,
    #18004,#18005,#18006,#18007,#18008,#18009,#18010,#18011,#18012,
    #18013,#18014,#18015,#18016,#18017,#18018,#18019,#18020,#18021,
    #18022,#18023,#18024,#18025,#18026,#18027,#18028,#18029,#18030,
    #18031,#18032,#18033,#18034,#18035,#18036,#18037,#18038,#18039,
    #18040,#18041));
#17979 = ORIENTED_EDGE('',*,*,#12301,.T.);
#17980 = ORIENTED_EDGE('',*,*,#12270,.T.);
#17981 = ORIENTED_EDGE('',*,*,#12332,.T.);
#17982 = ORIENTED_EDGE('',*,*,#12356,.T.);
#17983 = ORIENTED_EDGE('',*,*,#12380,.T.);
#17984 = ORIENTED_EDGE('',*,*,#12404,.T.);
#17985 = ORIENTED_EDGE('',*,*,#12428,.T.);
#17986 = ORIENTED_EDGE('',*,*,#12452,.T.);
#17987 = ORIENTED_EDGE('',*,*,#12476,.T.);
#17988 = ORIENTED_EDGE('',*,*,#12500,.T.);
#17989 = ORIENTED_EDGE('',*,*,#12524,.T.);
#17990 = ORIENTED_EDGE('',*,*,#12548,.T.);
#17991 = ORIENTED_EDGE('',*,*,#12572,.T.);
#17992 = ORIENTED_EDGE('',*,*,#12596,.T.);
#17993 = ORIENTED_EDGE('',*,*,#12621,.T.);
#17994 = ORIENTED_EDGE('',*,*,#12645,.T.);
#17995 = ORIENTED_EDGE('',*,*,#12669,.T.);
#17996 = ORIENTED_EDGE('',*,*,#12693,.T.);
#17997 = ORIENTED_EDGE('',*,*,#12717,.T.);
#17998 = ORIENTED_EDGE('',*,*,#12741,.T.);
#17999 = ORIENTED_EDGE('',*,*,#12765,.T.);
#18000 = ORIENTED_EDGE('',*,*,#12789,.T.);
#18001 = ORIENTED_EDGE('',*,*,#12813,.T.);
#18002 = ORIENTED_EDGE('',*,*,#12837,.T.);
#18003 = ORIENTED_EDGE('',*,*,#12861,.T.);
#18004 = ORIENTED_EDGE('',*,*,#12885,.T.);
#18005 = ORIENTED_EDGE('',*,*,#12909,.T.);
#18006 = ORIENTED_EDGE('',*,*,#12933,.T.);
#18007 = ORIENTED_EDGE('',*,*,#12957,.T.);
#18008 = ORIENTED_EDGE('',*,*,#12981,.T.);
#18009 = ORIENTED_EDGE('',*,*,#13004,.T.);
#18010 = ORIENTED_EDGE('',*,*,#13028,.T.);
#18011 = ORIENTED_EDGE('',*,*,#13052,.T.);
#18012 = ORIENTED_EDGE('',*,*,#13076,.T.);
#18013 = ORIENTED_EDGE('',*,*,#13100,.T.);
#18014 = ORIENTED_EDGE('',*,*,#13124,.T.);
#18015 = ORIENTED_EDGE('',*,*,#13148,.T.);
#18016 = ORIENTED_EDGE('',*,*,#13172,.T.);
#18017 = ORIENTED_EDGE('',*,*,#13196,.T.);
#18018 = ORIENTED_EDGE('',*,*,#13220,.T.);
#18019 = ORIENTED_EDGE('',*,*,#13244,.T.);
#18020 = ORIENTED_EDGE('',*,*,#13268,.T.);
#18021 = ORIENTED_EDGE('',*,*,#13292,.T.);
#18022 = ORIENTED_EDGE('',*,*,#13316,.T.);
#18023 = ORIENTED_EDGE('',*,*,#13340,.T.);
#18024 = ORIENTED_EDGE('',*,*,#13364,.T.);
#18025 = ORIENTED_EDGE('',*,*,#13387,.T.);
#18026 = ORIENTED_EDGE('',*,*,#13411,.T.);
#18027 = ORIENTED_EDGE('',*,*,#13435,.T.);
#18028 = ORIENTED_EDGE('',*,*,#13459,.T.);
#18029 = ORIENTED_EDGE('',*,*,#13483,.T.);
#18030 = ORIENTED_EDGE('',*,*,#13507,.T.);
#18031 = ORIENTED_EDGE('',*,*,#13531,.T.);
#18032 = ORIENTED_EDGE('',*,*,#13555,.T.);
#18033 = ORIENTED_EDGE('',*,*,#13579,.T.);
#18034 = ORIENTED_EDGE('',*,*,#13603,.T.);
#18035 = ORIENTED_EDGE('',*,*,#13627,.T.);
#18036 = ORIENTED_EDGE('',*,*,#13651,.T.);
#18037 = ORIENTED_EDGE('',*,*,#13675,.T.);
#18038 = ORIENTED_EDGE('',*,*,#13699,.T.);
#18039 = ORIENTED_EDGE('',*,*,#13715,.T.);
#18040 = ORIENTED_EDGE('',*,*,#17584,.T.);
#18041 = ORIENTED_EDGE('',*,*,#17546,.F.);
#18042 = FACE_BOUND('',#18043,.T.);
#18043 = EDGE_LOOP('',(#18044,#18045,#18046,#18047,#18048,#18049,#18050,
    #18051,#18052,#18053,#18054,#18055,#18056,#18057,#18058,#18059,
    #18060,#18061,#18062,#18063,#18064,#18065,#18066,#18067,#18068,
    #18069,#18070,#18071,#18072,#18073,#18074,#18075,#18076,#18077,
    #18078,#18079,#18080,#18081,#18082,#18083,#18084,#18085,#18086,
    #18087,#18088,#18089,#18090,#18091,#18092,#18093,#18094,#18095,
    #18096,#18097,#18098,#18099,#18100,#18101));
#18044 = ORIENTED_EDGE('',*,*,#14164,.T.);
#18045 = ORIENTED_EDGE('',*,*,#14188,.T.);
#18046 = ORIENTED_EDGE('',*,*,#14212,.T.);
#18047 = ORIENTED_EDGE('',*,*,#14235,.T.);
#18048 = ORIENTED_EDGE('',*,*,#14259,.T.);
#18049 = ORIENTED_EDGE('',*,*,#14283,.T.);
#18050 = ORIENTED_EDGE('',*,*,#14307,.T.);
#18051 = ORIENTED_EDGE('',*,*,#14331,.T.);
#18052 = ORIENTED_EDGE('',*,*,#14355,.T.);
#18053 = ORIENTED_EDGE('',*,*,#14379,.T.);
#18054 = ORIENTED_EDGE('',*,*,#14403,.T.);
#18055 = ORIENTED_EDGE('',*,*,#14427,.T.);
#18056 = ORIENTED_EDGE('',*,*,#14451,.T.);
#18057 = ORIENTED_EDGE('',*,*,#14475,.T.);
#18058 = ORIENTED_EDGE('',*,*,#14499,.T.);
#18059 = ORIENTED_EDGE('',*,*,#14523,.T.);
#18060 = ORIENTED_EDGE('',*,*,#14548,.T.);
#18061 = ORIENTED_EDGE('',*,*,#17614,.T.);
#18062 = ORIENTED_EDGE('',*,*,#17689,.F.);
#18063 = ORIENTED_EDGE('',*,*,#21,.T.);
#18064 = ORIENTED_EDGE('',*,*,#71,.T.);
#18065 = ORIENTED_EDGE('',*,*,#15942,.T.);
#18066 = ORIENTED_EDGE('',*,*,#15966,.T.);
#18067 = ORIENTED_EDGE('',*,*,#15990,.T.);
#18068 = ORIENTED_EDGE('',*,*,#16014,.T.);
#18069 = ORIENTED_EDGE('',*,*,#16038,.T.);
#18070 = ORIENTED_EDGE('',*,*,#16062,.T.);
#18071 = ORIENTED_EDGE('',*,*,#16086,.T.);
#18072 = ORIENTED_EDGE('',*,*,#16110,.T.);
#18073 = ORIENTED_EDGE('',*,*,#16135,.T.);
#18074 = ORIENTED_EDGE('',*,*,#16159,.T.);
#18075 = ORIENTED_EDGE('',*,*,#16183,.T.);
#18076 = ORIENTED_EDGE('',*,*,#16207,.T.);
#18077 = ORIENTED_EDGE('',*,*,#16231,.T.);
#18078 = ORIENTED_EDGE('',*,*,#16255,.T.);
#18079 = ORIENTED_EDGE('',*,*,#16279,.T.);
#18080 = ORIENTED_EDGE('',*,*,#16303,.T.);
#18081 = ORIENTED_EDGE('',*,*,#16327,.T.);
#18082 = ORIENTED_EDGE('',*,*,#16351,.T.);
#18083 = ORIENTED_EDGE('',*,*,#16375,.T.);
#18084 = ORIENTED_EDGE('',*,*,#16399,.T.);
#18085 = ORIENTED_EDGE('',*,*,#16423,.T.);
#18086 = ORIENTED_EDGE('',*,*,#16447,.T.);
#18087 = ORIENTED_EDGE('',*,*,#16471,.T.);
#18088 = ORIENTED_EDGE('',*,*,#16495,.T.);
#18089 = ORIENTED_EDGE('',*,*,#16520,.T.);
#18090 = ORIENTED_EDGE('',*,*,#16544,.T.);
#18091 = ORIENTED_EDGE('',*,*,#16568,.T.);
#18092 = ORIENTED_EDGE('',*,*,#16592,.T.);
#18093 = ORIENTED_EDGE('',*,*,#16616,.T.);
#18094 = ORIENTED_EDGE('',*,*,#16640,.T.);
#18095 = ORIENTED_EDGE('',*,*,#16664,.T.);
#18096 = ORIENTED_EDGE('',*,*,#16688,.T.);
#18097 = ORIENTED_EDGE('',*,*,#16712,.T.);
#18098 = ORIENTED_EDGE('',*,*,#16736,.T.);
#18099 = ORIENTED_EDGE('',*,*,#16760,.T.);
#18100 = ORIENTED_EDGE('',*,*,#16784,.T.);
#18101 = ORIENTED_EDGE('',*,*,#16801,.T.);
#18102 = FACE_BOUND('',#18103,.T.);
#18103 = EDGE_LOOP('',(#18104,#18105,#18106,#18107,#18108,#18109,#18110,
    #18111,#18112,#18113,#18114,#18115,#18116,#18117,#18118,#18119,
    #18120,#18121,#18122,#18123,#18124,#18125,#18126,#18127,#18128,
    #18129,#18130,#18131,#18132,#18133,#18134,#18135,#18136,#18137,
    #18138,#18139,#18140,#18141,#18142,#18143,#18144,#18145,#18146,
    #18147,#18148,#18149,#18150,#18151,#18152,#18153,#18154,#18155,
    #18156,#18157,#18158,#18159,#18160,#18161));
#18104 = ORIENTED_EDGE('',*,*,#14609,.T.);
#18105 = ORIENTED_EDGE('',*,*,#14578,.T.);
#18106 = ORIENTED_EDGE('',*,*,#14640,.T.);
#18107 = ORIENTED_EDGE('',*,*,#14664,.T.);
#18108 = ORIENTED_EDGE('',*,*,#14688,.T.);
#18109 = ORIENTED_EDGE('',*,*,#14712,.T.);
#18110 = ORIENTED_EDGE('',*,*,#14736,.T.);
#18111 = ORIENTED_EDGE('',*,*,#14760,.T.);
#18112 = ORIENTED_EDGE('',*,*,#14784,.T.);
#18113 = ORIENTED_EDGE('',*,*,#14808,.T.);
#18114 = ORIENTED_EDGE('',*,*,#14832,.T.);
#18115 = ORIENTED_EDGE('',*,*,#14856,.T.);
#18116 = ORIENTED_EDGE('',*,*,#14880,.T.);
#18117 = ORIENTED_EDGE('',*,*,#14904,.T.);
#18118 = ORIENTED_EDGE('',*,*,#14927,.T.);
#18119 = ORIENTED_EDGE('',*,*,#14951,.T.);
#18120 = ORIENTED_EDGE('',*,*,#14975,.T.);
#18121 = ORIENTED_EDGE('',*,*,#14999,.T.);
#18122 = ORIENTED_EDGE('',*,*,#15023,.T.);
#18123 = ORIENTED_EDGE('',*,*,#15047,.T.);
#18124 = ORIENTED_EDGE('',*,*,#15071,.T.);
#18125 = ORIENTED_EDGE('',*,*,#15095,.T.);
#18126 = ORIENTED_EDGE('',*,*,#15119,.T.);
#18127 = ORIENTED_EDGE('',*,*,#15143,.T.);
#18128 = ORIENTED_EDGE('',*,*,#15167,.T.);
#18129 = ORIENTED_EDGE('',*,*,#15191,.T.);
#18130 = ORIENTED_EDGE('',*,*,#15215,.T.);
#18131 = ORIENTED_EDGE('',*,*,#15239,.T.);
#18132 = ORIENTED_EDGE('',*,*,#15263,.T.);
#18133 = ORIENTED_EDGE('',*,*,#15287,.T.);
#18134 = ORIENTED_EDGE('',*,*,#15312,.T.);
#18135 = ORIENTED_EDGE('',*,*,#15336,.T.);
#18136 = ORIENTED_EDGE('',*,*,#15360,.T.);
#18137 = ORIENTED_EDGE('',*,*,#15384,.T.);
#18138 = ORIENTED_EDGE('',*,*,#15408,.T.);
#18139 = ORIENTED_EDGE('',*,*,#15432,.T.);
#18140 = ORIENTED_EDGE('',*,*,#15456,.T.);
#18141 = ORIENTED_EDGE('',*,*,#15480,.T.);
#18142 = ORIENTED_EDGE('',*,*,#15504,.T.);
#18143 = ORIENTED_EDGE('',*,*,#15528,.T.);
#18144 = ORIENTED_EDGE('',*,*,#15552,.T.);
#18145 = ORIENTED_EDGE('',*,*,#15576,.T.);
#18146 = ORIENTED_EDGE('',*,*,#15600,.T.);
#18147 = ORIENTED_EDGE('',*,*,#15624,.T.);
#18148 = ORIENTED_EDGE('',*,*,#15648,.T.);
#18149 = ORIENTED_EDGE('',*,*,#15672,.T.);
#18150 = ORIENTED_EDGE('',*,*,#15697,.T.);
#18151 = ORIENTED_EDGE('',*,*,#15721,.T.);
#18152 = ORIENTED_EDGE('',*,*,#15745,.T.);
#18153 = ORIENTED_EDGE('',*,*,#15769,.T.);
#18154 = ORIENTED_EDGE('',*,*,#15793,.T.);
#18155 = ORIENTED_EDGE('',*,*,#15817,.T.);
#18156 = ORIENTED_EDGE('',*,*,#15841,.T.);
#18157 = ORIENTED_EDGE('',*,*,#15865,.T.);
#18158 = ORIENTED_EDGE('',*,*,#15889,.T.);
#18159 = ORIENTED_EDGE('',*,*,#15919,.T.);
#18160 = ORIENTED_EDGE('',*,*,#17667,.F.);
#18161 = ORIENTED_EDGE('',*,*,#17636,.F.);
#18162 = PLANE('',#18163);
#18163 = AXIS2_PLACEMENT_3D('',#18164,#18165,#18166);
#18164 = CARTESIAN_POINT('',(0.,0.,3.200000047684));
#18165 = DIRECTION('',(0.,0.,1.));
#18166 = DIRECTION('',(1.,0.,0.));
#18167 = MANIFOLD_SOLID_BREP('',#18168);
#18168 = CLOSED_SHELL('',(#18169,#18209,#18240,#18271,#18293,#18305));
#18169 = ADVANCED_FACE('',(#18170),#18204,.T.);
#18170 = FACE_BOUND('',#18171,.T.);
#18171 = EDGE_LOOP('',(#18172,#18182,#18190,#18198));
#18172 = ORIENTED_EDGE('',*,*,#18173,.T.);
#18173 = EDGE_CURVE('',#18174,#18176,#18178,.T.);
#18174 = VERTEX_POINT('',#18175);
#18175 = CARTESIAN_POINT('',(71.199996948242,50.200000762939,
    23.200000762939));
#18176 = VERTEX_POINT('',#18177);
#18177 = CARTESIAN_POINT('',(71.199996948242,50.200000762939,
    26.39999961853));
#18178 = LINE('',#18179,#18180);
#18179 = CARTESIAN_POINT('',(71.199996948242,50.200000762939,
    23.200000762939));
#18180 = VECTOR('',#18181,1.);
#18181 = DIRECTION('',(0.,0.,1.));
#18182 = ORIENTED_EDGE('',*,*,#18183,.T.);
#18183 = EDGE_CURVE('',#18176,#18184,#18186,.T.);
#18184 = VERTEX_POINT('',#18185);
#18185 = CARTESIAN_POINT('',(71.199996948242,-50.20000076293,
    26.39999961853));
#18186 = LINE('',#18187,#18188);
#18187 = CARTESIAN_POINT('',(71.199996948242,50.200000762939,
    26.39999961853));
#18188 = VECTOR('',#18189,1.);
#18189 = DIRECTION('',(0.,-1.,0.));
#18190 = ORIENTED_EDGE('',*,*,#18191,.T.);
#18191 = EDGE_CURVE('',#18184,#18192,#18194,.T.);
#18192 = VERTEX_POINT('',#18193);
#18193 = CARTESIAN_POINT('',(71.199996948242,-50.20000076293,
    23.200000762939));
#18194 = LINE('',#18195,#18196);
#18195 = CARTESIAN_POINT('',(71.199996948242,-50.20000076293,
    26.39999961853));
#18196 = VECTOR('',#18197,1.);
#18197 = DIRECTION('',(0.,0.,-1.));
#18198 = ORIENTED_EDGE('',*,*,#18199,.T.);
#18199 = EDGE_CURVE('',#18192,#18174,#18200,.T.);
#18200 = LINE('',#18201,#18202);
#18201 = CARTESIAN_POINT('',(71.199996948242,-50.20000076293,
    23.200000762939));
#18202 = VECTOR('',#18203,1.);
#18203 = DIRECTION('',(0.,1.,0.));
#18204 = PLANE('',#18205);
#18205 = AXIS2_PLACEMENT_3D('',#18206,#18207,#18208);
#18206 = CARTESIAN_POINT('',(71.199996948242,0.,24.800000190735));
#18207 = DIRECTION('',(1.,0.,0.));
#18208 = DIRECTION('',(0.,0.,1.));
#18209 = ADVANCED_FACE('',(#18210),#18235,.T.);
#18210 = FACE_BOUND('',#18211,.T.);
#18211 = EDGE_LOOP('',(#18212,#18213,#18221,#18229));
#18212 = ORIENTED_EDGE('',*,*,#18183,.F.);
#18213 = ORIENTED_EDGE('',*,*,#18214,.T.);
#18214 = EDGE_CURVE('',#18176,#18215,#18217,.T.);
#18215 = VERTEX_POINT('',#18216);
#18216 = CARTESIAN_POINT('',(-71.19999694824,50.200000762939,
    26.39999961853));
#18217 = LINE('',#18218,#18219);
#18218 = CARTESIAN_POINT('',(71.199996948242,50.200000762939,
    26.39999961853));
#18219 = VECTOR('',#18220,1.);
#18220 = DIRECTION('',(-1.,0.,0.));
#18221 = ORIENTED_EDGE('',*,*,#18222,.T.);
#18222 = EDGE_CURVE('',#18215,#18223,#18225,.T.);
#18223 = VERTEX_POINT('',#18224);
#18224 = CARTESIAN_POINT('',(-71.19999694824,-50.20000076293,
    26.39999961853));
#18225 = LINE('',#18226,#18227);
#18226 = CARTESIAN_POINT('',(-71.19999694824,50.200000762939,
    26.39999961853));
#18227 = VECTOR('',#18228,1.);
#18228 = DIRECTION('',(0.,-1.,0.));
#18229 = ORIENTED_EDGE('',*,*,#18230,.T.);
#18230 = EDGE_CURVE('',#18223,#18184,#18231,.T.);
#18231 = LINE('',#18232,#18233);
#18232 = CARTESIAN_POINT('',(-71.19999694824,-50.20000076293,
    26.39999961853));
#18233 = VECTOR('',#18234,1.);
#18234 = DIRECTION('',(1.,0.,0.));
#18235 = PLANE('',#18236);
#18236 = AXIS2_PLACEMENT_3D('',#18237,#18238,#18239);
#18237 = CARTESIAN_POINT('',(0.,0.,26.39999961853));
#18238 = DIRECTION('',(0.,0.,1.));
#18239 = DIRECTION('',(1.,0.,0.));
#18240 = ADVANCED_FACE('',(#18241),#18266,.T.);
#18241 = FACE_BOUND('',#18242,.T.);
#18242 = EDGE_LOOP('',(#18243,#18244,#18252,#18260));
#18243 = ORIENTED_EDGE('',*,*,#18199,.F.);
#18244 = ORIENTED_EDGE('',*,*,#18245,.T.);
#18245 = EDGE_CURVE('',#18192,#18246,#18248,.T.);
#18246 = VERTEX_POINT('',#18247);
#18247 = CARTESIAN_POINT('',(-71.19999694824,-50.20000076293,
    23.200000762939));
#18248 = LINE('',#18249,#18250);
#18249 = CARTESIAN_POINT('',(71.199996948242,-50.20000076293,
    23.200000762939));
#18250 = VECTOR('',#18251,1.);
#18251 = DIRECTION('',(-1.,0.,0.));
#18252 = ORIENTED_EDGE('',*,*,#18253,.T.);
#18253 = EDGE_CURVE('',#18246,#18254,#18256,.T.);
#18254 = VERTEX_POINT('',#18255);
#18255 = CARTESIAN_POINT('',(-71.19999694824,50.200000762939,
    23.200000762939));
#18256 = LINE('',#18257,#18258);
#18257 = CARTESIAN_POINT('',(-71.19999694824,-50.20000076293,
    23.200000762939));
#18258 = VECTOR('',#18259,1.);
#18259 = DIRECTION('',(0.,1.,0.));
#18260 = ORIENTED_EDGE('',*,*,#18261,.T.);
#18261 = EDGE_CURVE('',#18254,#18174,#18262,.T.);
#18262 = LINE('',#18263,#18264);
#18263 = CARTESIAN_POINT('',(-71.19999694824,50.200000762939,
    23.200000762939));
#18264 = VECTOR('',#18265,1.);
#18265 = DIRECTION('',(1.,0.,0.));
#18266 = PLANE('',#18267);
#18267 = AXIS2_PLACEMENT_3D('',#18268,#18269,#18270);
#18268 = CARTESIAN_POINT('',(0.,0.,23.200000762939));
#18269 = DIRECTION('',(-0.,-0.,-1.));
#18270 = DIRECTION('',(-1.,0.,0.));
#18271 = ADVANCED_FACE('',(#18272),#18288,.T.);
#18272 = FACE_BOUND('',#18273,.T.);
#18273 = EDGE_LOOP('',(#18274,#18280,#18281,#18287));
#18274 = ORIENTED_EDGE('',*,*,#18275,.T.);
#18275 = EDGE_CURVE('',#18215,#18254,#18276,.T.);
#18276 = LINE('',#18277,#18278);
#18277 = CARTESIAN_POINT('',(-71.19999694824,50.200000762939,
    26.39999961853));
#18278 = VECTOR('',#18279,1.);
#18279 = DIRECTION('',(0.,0.,-1.));
#18280 = ORIENTED_EDGE('',*,*,#18253,.F.);
#18281 = ORIENTED_EDGE('',*,*,#18282,.T.);
#18282 = EDGE_CURVE('',#18246,#18223,#18283,.T.);
#18283 = LINE('',#18284,#18285);
#18284 = CARTESIAN_POINT('',(-71.19999694824,-50.20000076293,
    23.200000762939));
#18285 = VECTOR('',#18286,1.);
#18286 = DIRECTION('',(0.,0.,1.));
#18287 = ORIENTED_EDGE('',*,*,#18222,.F.);
#18288 = PLANE('',#18289);
#18289 = AXIS2_PLACEMENT_3D('',#18290,#18291,#18292);
#18290 = CARTESIAN_POINT('',(-71.19999694824,0.,24.800000190735));
#18291 = DIRECTION('',(-1.,-0.,-0.));
#18292 = DIRECTION('',(0.,0.,-1.));
#18293 = ADVANCED_FACE('',(#18294),#18300,.T.);
#18294 = FACE_BOUND('',#18295,.T.);
#18295 = EDGE_LOOP('',(#18296,#18297,#18298,#18299));
#18296 = ORIENTED_EDGE('',*,*,#18214,.F.);
#18297 = ORIENTED_EDGE('',*,*,#18173,.F.);
#18298 = ORIENTED_EDGE('',*,*,#18261,.F.);
#18299 = ORIENTED_EDGE('',*,*,#18275,.F.);
#18300 = PLANE('',#18301);
#18301 = AXIS2_PLACEMENT_3D('',#18302,#18303,#18304);
#18302 = CARTESIAN_POINT('',(0.,50.200000762939,24.800000190735));
#18303 = DIRECTION('',(0.,1.,0.));
#18304 = DIRECTION('',(0.,0.,1.));
#18305 = ADVANCED_FACE('',(#18306),#18312,.T.);
#18306 = FACE_BOUND('',#18307,.T.);
#18307 = EDGE_LOOP('',(#18308,#18309,#18310,#18311));
#18308 = ORIENTED_EDGE('',*,*,#18230,.F.);
#18309 = ORIENTED_EDGE('',*,*,#18282,.F.);
#18310 = ORIENTED_EDGE('',*,*,#18245,.F.);
#18311 = ORIENTED_EDGE('',*,*,#18191,.F.);
#18312 = PLANE('',#18313);
#18313 = AXIS2_PLACEMENT_3D('',#18314,#18315,#18316);
#18314 = CARTESIAN_POINT('',(0.,-50.20000076293,24.800000190735));
#18315 = DIRECTION('',(-0.,-1.,-0.));
#18316 = DIRECTION('',(0.,0.,-1.));
#18317 = MANIFOLD_SOLID_BREP('',#18318);
#18318 = CLOSED_SHELL('',(#18319,#18359,#18390,#18501,#18528,#18555,
    #18573,#18591));
#18319 = ADVANCED_FACE('',(#18320),#18354,.T.);
#18320 = FACE_BOUND('',#18321,.T.);
#18321 = EDGE_LOOP('',(#18322,#18332,#18340,#18348));
#18322 = ORIENTED_EDGE('',*,*,#18323,.F.);
#18323 = EDGE_CURVE('',#18324,#18326,#18328,.T.);
#18324 = VERTEX_POINT('',#18325);
#18325 = CARTESIAN_POINT('',(52.,-30.5,5.699999904633));
#18326 = VERTEX_POINT('',#18327);
#18327 = CARTESIAN_POINT('',(-52.,-30.5,5.699999904633));
#18328 = LINE('',#18329,#18330);
#18329 = CARTESIAN_POINT('',(52.,-30.5,5.699999809265));
#18330 = VECTOR('',#18331,1.);
#18331 = DIRECTION('',(-1.,0.,0.));
#18332 = ORIENTED_EDGE('',*,*,#18333,.F.);
#18333 = EDGE_CURVE('',#18334,#18324,#18336,.T.);
#18334 = VERTEX_POINT('',#18335);
#18335 = CARTESIAN_POINT('',(52.,-30.5,3.200000023842));
#18336 = LINE('',#18337,#18338);
#18337 = CARTESIAN_POINT('',(52.,-30.5,3.200000047684));
#18338 = VECTOR('',#18339,1.);
#18339 = DIRECTION('',(0.,0.,1.));
#18340 = ORIENTED_EDGE('',*,*,#18341,.F.);
#18341 = EDGE_CURVE('',#18342,#18334,#18344,.T.);
#18342 = VERTEX_POINT('',#18343);
#18343 = CARTESIAN_POINT('',(-52.,-30.5,3.200000023842));
#18344 = LINE('',#18345,#18346);
#18345 = CARTESIAN_POINT('',(-52.,-30.5,3.200000047684));
#18346 = VECTOR('',#18347,1.);
#18347 = DIRECTION('',(1.,0.,0.));
#18348 = ORIENTED_EDGE('',*,*,#18349,.F.);
#18349 = EDGE_CURVE('',#18326,#18342,#18350,.T.);
#18350 = LINE('',#18351,#18352);
#18351 = CARTESIAN_POINT('',(-52.,-30.5,5.699999809265));
#18352 = VECTOR('',#18353,1.);
#18353 = DIRECTION('',(0.,0.,-1.));
#18354 = PLANE('',#18355);
#18355 = AXIS2_PLACEMENT_3D('',#18356,#18357,#18358);
#18356 = CARTESIAN_POINT('',(0.,-30.5,4.449999928474));
#18357 = DIRECTION('',(0.,1.,0.));
#18358 = DIRECTION('',(0.,0.,1.));
#18359 = ADVANCED_FACE('',(#18360),#18385,.F.);
#18360 = FACE_BOUND('',#18361,.F.);
#18361 = EDGE_LOOP('',(#18362,#18370,#18378,#18384));
#18362 = ORIENTED_EDGE('',*,*,#18363,.F.);
#18363 = EDGE_CURVE('',#18364,#18342,#18366,.T.);
#18364 = VERTEX_POINT('',#18365);
#18365 = CARTESIAN_POINT('',(-52.,-33.5,3.2));
#18366 = LINE('',#18367,#18368);
#18367 = CARTESIAN_POINT('',(-52.,-33.5,3.2));
#18368 = VECTOR('',#18369,1.);
#18369 = DIRECTION('',(0.,1.,0.));
#18370 = ORIENTED_EDGE('',*,*,#18371,.T.);
#18371 = EDGE_CURVE('',#18364,#18372,#18374,.T.);
#18372 = VERTEX_POINT('',#18373);
#18373 = CARTESIAN_POINT('',(52.,-33.5,3.2));
#18374 = LINE('',#18375,#18376);
#18375 = CARTESIAN_POINT('',(-52.,-33.5,3.2));
#18376 = VECTOR('',#18377,1.);
#18377 = DIRECTION('',(1.,0.,0.));
#18378 = ORIENTED_EDGE('',*,*,#18379,.F.);
#18379 = EDGE_CURVE('',#18334,#18372,#18380,.T.);
#18380 = LINE('',#18381,#18382);
#18381 = CARTESIAN_POINT('',(52.,-30.5,3.200000047684));
#18382 = VECTOR('',#18383,1.);
#18383 = DIRECTION('',(0.,-1.,0.));
#18384 = ORIENTED_EDGE('',*,*,#18341,.F.);
#18385 = PLANE('',#18386);
#18386 = AXIS2_PLACEMENT_3D('',#18387,#18388,#18389);
#18387 = CARTESIAN_POINT('',(-52.,-33.5,3.2));
#18388 = DIRECTION('',(0.,0.,1.));
#18389 = DIRECTION('',(1.,0.,0.));
#18390 = ADVANCED_FACE('',(#18391),#18496,.T.);
#18391 = FACE_BOUND('',#18392,.T.);
#18392 = EDGE_LOOP('',(#18393,#18403,#18409,#18410,#18418,#18426,#18434,
    #18442,#18450,#18458,#18466,#18474,#18482,#18490));
#18393 = ORIENTED_EDGE('',*,*,#18394,.F.);
#18394 = EDGE_CURVE('',#18395,#18397,#18399,.T.);
#18395 = VERTEX_POINT('',#18396);
#18396 = CARTESIAN_POINT('',(52.,-32.54090118408,5.699999809265));
#18397 = VERTEX_POINT('',#18398);
#18398 = CARTESIAN_POINT('',(51.777698516846,-32.6740989685,
    5.699999809265));
#18399 = LINE('',#18400,#18401);
#18400 = CARTESIAN_POINT('',(52.,-32.54090118408,5.699999809265));
#18401 = VECTOR('',#18402,1.);
#18402 = DIRECTION('',(-0.8578044847,-0.513976133715,0.));
#18403 = ORIENTED_EDGE('',*,*,#18404,.F.);
#18404 = EDGE_CURVE('',#18324,#18395,#18405,.T.);
#18405 = LINE('',#18406,#18407);
#18406 = CARTESIAN_POINT('',(52.,-30.5,5.699999809265));
#18407 = VECTOR('',#18408,1.);
#18408 = DIRECTION('',(0.,-1.,0.));
#18409 = ORIENTED_EDGE('',*,*,#18323,.T.);
#18410 = ORIENTED_EDGE('',*,*,#18411,.T.);
#18411 = EDGE_CURVE('',#18326,#18412,#18414,.T.);
#18412 = VERTEX_POINT('',#18413);
#18413 = CARTESIAN_POINT('',(-52.,-32.54090118408,5.699999809265));
#18414 = LINE('',#18415,#18416);
#18415 = CARTESIAN_POINT('',(-52.,-30.5,5.699999809265));
#18416 = VECTOR('',#18417,1.);
#18417 = DIRECTION('',(0.,-1.,0.));
#18418 = ORIENTED_EDGE('',*,*,#18419,.F.);
#18419 = EDGE_CURVE('',#18420,#18412,#18422,.T.);
#18420 = VERTEX_POINT('',#18421);
#18421 = CARTESIAN_POINT('',(-51.77769851684,-32.6740989685,
    5.699999809265));
#18422 = LINE('',#18423,#18424);
#18423 = CARTESIAN_POINT('',(-51.77769851684,-32.6740989685,
    5.699999809265));
#18424 = VECTOR('',#18425,1.);
#18425 = DIRECTION('',(-0.8578044847,0.513976133715,0.));
#18426 = ORIENTED_EDGE('',*,*,#18427,.F.);
#18427 = EDGE_CURVE('',#18428,#18420,#18430,.T.);
#18428 = VERTEX_POINT('',#18429);
#18429 = CARTESIAN_POINT('',(-51.46239852905,-32.90800094604,
    5.699999809265));
#18430 = LINE('',#18431,#18432);
#18431 = CARTESIAN_POINT('',(-51.46239852905,-32.90800094604,
    5.699999809265));
#18432 = VECTOR('',#18433,1.);
#18433 = DIRECTION('',(-0.803134924565,0.595797191118,0.));
#18434 = ORIENTED_EDGE('',*,*,#18435,.F.);
#18435 = EDGE_CURVE('',#18436,#18428,#18438,.T.);
#18436 = VERTEX_POINT('',#18437);
#18437 = CARTESIAN_POINT('',(-51.17160034179,-33.17160034179,
    5.699999809265));
#18438 = LINE('',#18439,#18440);
#18439 = CARTESIAN_POINT('',(-51.17160034179,-33.17160034179,
    5.699999809265));
#18440 = VECTOR('',#18441,1.);
#18441 = DIRECTION('',(-0.740906393777,0.671608305235,0.));
#18442 = ORIENTED_EDGE('',*,*,#18443,.F.);
#18443 = EDGE_CURVE('',#18444,#18436,#18446,.T.);
#18444 = VERTEX_POINT('',#18445);
#18445 = CARTESIAN_POINT('',(-50.90800094604,-33.46239852905,
    5.699999809265));
#18446 = LINE('',#18447,#18448);
#18447 = CARTESIAN_POINT('',(-50.90800094604,-33.46239852905,
    5.699999809265));
#18448 = VECTOR('',#18449,1.);
#18449 = DIRECTION('',(-0.671608305235,0.740906393777,0.));
#18450 = ORIENTED_EDGE('',*,*,#18451,.F.);
#18451 = EDGE_CURVE('',#18452,#18444,#18454,.T.);
#18452 = VERTEX_POINT('',#18453);
#18453 = CARTESIAN_POINT('',(-50.88010025024,-33.5,5.699999809265));
#18454 = LINE('',#18455,#18456);
#18455 = CARTESIAN_POINT('',(-50.88010025024,-33.5,5.699999809265));
#18456 = VECTOR('',#18457,1.);
#18457 = DIRECTION('',(-0.595885909718,0.803069102008,0.));
#18458 = ORIENTED_EDGE('',*,*,#18459,.T.);
#18459 = EDGE_CURVE('',#18452,#18460,#18462,.T.);
#18460 = VERTEX_POINT('',#18461);
#18461 = CARTESIAN_POINT('',(50.880100250244,-33.5,5.699999809265));
#18462 = LINE('',#18463,#18464);
#18463 = CARTESIAN_POINT('',(-50.88010025024,-33.5,5.699999809265));
#18464 = VECTOR('',#18465,1.);
#18465 = DIRECTION('',(1.,0.,0.));
#18466 = ORIENTED_EDGE('',*,*,#18467,.F.);
#18467 = EDGE_CURVE('',#18468,#18460,#18470,.T.);
#18468 = VERTEX_POINT('',#18469);
#18469 = CARTESIAN_POINT('',(50.908000946045,-33.46239852905,
    5.699999809265));
#18470 = LINE('',#18471,#18472);
#18471 = CARTESIAN_POINT('',(50.908000946045,-33.46239852905,
    5.699999809265));
#18472 = VECTOR('',#18473,1.);
#18473 = DIRECTION('',(-0.595885909718,-0.803069102008,0.));
#18474 = ORIENTED_EDGE('',*,*,#18475,.F.);
#18475 = EDGE_CURVE('',#18476,#18468,#18478,.T.);
#18476 = VERTEX_POINT('',#18477);
#18477 = CARTESIAN_POINT('',(51.171600341797,-33.17160034179,
    5.699999809265));
#18478 = LINE('',#18479,#18480);
#18479 = CARTESIAN_POINT('',(51.171600341797,-33.17160034179,
    5.699999809265));
#18480 = VECTOR('',#18481,1.);
#18481 = DIRECTION('',(-0.671608305235,-0.740906393777,0.));
#18482 = ORIENTED_EDGE('',*,*,#18483,.F.);
#18483 = EDGE_CURVE('',#18484,#18476,#18486,.T.);
#18484 = VERTEX_POINT('',#18485);
#18485 = CARTESIAN_POINT('',(51.462398529053,-32.90800094604,
    5.699999809265));
#18486 = LINE('',#18487,#18488);
#18487 = CARTESIAN_POINT('',(51.462398529053,-32.90800094604,
    5.699999809265));
#18488 = VECTOR('',#18489,1.);
#18489 = DIRECTION('',(-0.740906393777,-0.671608305235,0.));
#18490 = ORIENTED_EDGE('',*,*,#18491,.F.);
#18491 = EDGE_CURVE('',#18397,#18484,#18492,.T.);
#18492 = LINE('',#18493,#18494);
#18493 = CARTESIAN_POINT('',(51.777698516846,-32.6740989685,
    5.699999809265));
#18494 = VECTOR('',#18495,1.);
#18495 = DIRECTION('',(-0.803134924565,-0.595797191118,0.));
#18496 = PLANE('',#18497);
#18497 = AXIS2_PLACEMENT_3D('',#18498,#18499,#18500);
#18498 = CARTESIAN_POINT('',(2.086796313944E-16,-31.98875800478,
    5.699999809265));
#18499 = DIRECTION('',(0.,0.,1.));
#18500 = DIRECTION('',(1.,0.,0.));
#18501 = ADVANCED_FACE('',(#18502),#18523,.T.);
#18502 = FACE_BOUND('',#18503,.T.);
#18503 = EDGE_LOOP('',(#18504,#18512,#18518,#18519,#18520,#18521,#18522)
  );
#18504 = ORIENTED_EDGE('',*,*,#18505,.F.);
#18505 = EDGE_CURVE('',#18506,#18412,#18508,.T.);
#18506 = VERTEX_POINT('',#18507);
#18507 = CARTESIAN_POINT('',(-52.,-33.5,5.7));
#18508 = LINE('',#18509,#18510);
#18509 = CARTESIAN_POINT('',(-52.,-33.5,5.7));
#18510 = VECTOR('',#18511,1.);
#18511 = DIRECTION('',(0.,1.,0.));
#18512 = ORIENTED_EDGE('',*,*,#18513,.T.);
#18513 = EDGE_CURVE('',#18506,#18452,#18514,.T.);
#18514 = LINE('',#18515,#18516);
#18515 = CARTESIAN_POINT('',(-52.,-33.5,5.7));
#18516 = VECTOR('',#18517,1.);
#18517 = DIRECTION('',(1.,0.,0.));
#18518 = ORIENTED_EDGE('',*,*,#18451,.T.);
#18519 = ORIENTED_EDGE('',*,*,#18443,.T.);
#18520 = ORIENTED_EDGE('',*,*,#18435,.T.);
#18521 = ORIENTED_EDGE('',*,*,#18427,.T.);
#18522 = ORIENTED_EDGE('',*,*,#18419,.T.);
#18523 = PLANE('',#18524);
#18524 = AXIS2_PLACEMENT_3D('',#18525,#18526,#18527);
#18525 = CARTESIAN_POINT('',(-52.,-33.5,5.7));
#18526 = DIRECTION('',(0.,0.,1.));
#18527 = DIRECTION('',(1.,0.,0.));
#18528 = ADVANCED_FACE('',(#18529),#18550,.T.);
#18529 = FACE_BOUND('',#18530,.T.);
#18530 = EDGE_LOOP('',(#18531,#18532,#18540,#18546,#18547,#18548,#18549)
  );
#18531 = ORIENTED_EDGE('',*,*,#18467,.T.);
#18532 = ORIENTED_EDGE('',*,*,#18533,.T.);
#18533 = EDGE_CURVE('',#18460,#18534,#18536,.T.);
#18534 = VERTEX_POINT('',#18535);
#18535 = CARTESIAN_POINT('',(52.,-33.5,5.7));
#18536 = LINE('',#18537,#18538);
#18537 = CARTESIAN_POINT('',(-52.,-33.5,5.7));
#18538 = VECTOR('',#18539,1.);
#18539 = DIRECTION('',(1.,0.,0.));
#18540 = ORIENTED_EDGE('',*,*,#18541,.T.);
#18541 = EDGE_CURVE('',#18534,#18395,#18542,.T.);
#18542 = LINE('',#18543,#18544);
#18543 = CARTESIAN_POINT('',(52.,-33.5,5.7));
#18544 = VECTOR('',#18545,1.);
#18545 = DIRECTION('',(0.,1.,0.));
#18546 = ORIENTED_EDGE('',*,*,#18394,.T.);
#18547 = ORIENTED_EDGE('',*,*,#18491,.T.);
#18548 = ORIENTED_EDGE('',*,*,#18483,.T.);
#18549 = ORIENTED_EDGE('',*,*,#18475,.T.);
#18550 = PLANE('',#18551);
#18551 = AXIS2_PLACEMENT_3D('',#18552,#18553,#18554);
#18552 = CARTESIAN_POINT('',(-52.,-33.5,5.7));
#18553 = DIRECTION('',(0.,0.,1.));
#18554 = DIRECTION('',(1.,0.,0.));
#18555 = ADVANCED_FACE('',(#18556),#18568,.T.);
#18556 = FACE_BOUND('',#18557,.T.);
#18557 = EDGE_LOOP('',(#18558,#18559,#18560,#18561,#18562));
#18558 = ORIENTED_EDGE('',*,*,#18505,.T.);
#18559 = ORIENTED_EDGE('',*,*,#18411,.F.);
#18560 = ORIENTED_EDGE('',*,*,#18349,.T.);
#18561 = ORIENTED_EDGE('',*,*,#18363,.F.);
#18562 = ORIENTED_EDGE('',*,*,#18563,.T.);
#18563 = EDGE_CURVE('',#18364,#18506,#18564,.T.);
#18564 = LINE('',#18565,#18566);
#18565 = CARTESIAN_POINT('',(-52.,-33.5,3.2));
#18566 = VECTOR('',#18567,1.);
#18567 = DIRECTION('',(0.,0.,1.));
#18568 = PLANE('',#18569);
#18569 = AXIS2_PLACEMENT_3D('',#18570,#18571,#18572);
#18570 = CARTESIAN_POINT('',(-52.,-32.00000003251,4.449999957203));
#18571 = DIRECTION('',(-1.,-0.,-0.));
#18572 = DIRECTION('',(0.,0.,-1.));
#18573 = ADVANCED_FACE('',(#18574),#18586,.T.);
#18574 = FACE_BOUND('',#18575,.T.);
#18575 = EDGE_LOOP('',(#18576,#18577,#18583,#18584,#18585));
#18576 = ORIENTED_EDGE('',*,*,#18541,.F.);
#18577 = ORIENTED_EDGE('',*,*,#18578,.F.);
#18578 = EDGE_CURVE('',#18372,#18534,#18579,.T.);
#18579 = LINE('',#18580,#18581);
#18580 = CARTESIAN_POINT('',(52.,-33.5,3.2));
#18581 = VECTOR('',#18582,1.);
#18582 = DIRECTION('',(0.,0.,1.));
#18583 = ORIENTED_EDGE('',*,*,#18379,.F.);
#18584 = ORIENTED_EDGE('',*,*,#18333,.T.);
#18585 = ORIENTED_EDGE('',*,*,#18404,.T.);
#18586 = PLANE('',#18587);
#18587 = AXIS2_PLACEMENT_3D('',#18588,#18589,#18590);
#18588 = CARTESIAN_POINT('',(52.,-32.00000003251,4.449999957203));
#18589 = DIRECTION('',(1.,0.,0.));
#18590 = DIRECTION('',(0.,0.,1.));
#18591 = ADVANCED_FACE('',(#18592),#18600,.T.);
#18592 = FACE_BOUND('',#18593,.T.);
#18593 = EDGE_LOOP('',(#18594,#18595,#18596,#18597,#18598,#18599));
#18594 = ORIENTED_EDGE('',*,*,#18371,.T.);
#18595 = ORIENTED_EDGE('',*,*,#18578,.T.);
#18596 = ORIENTED_EDGE('',*,*,#18533,.F.);
#18597 = ORIENTED_EDGE('',*,*,#18459,.F.);
#18598 = ORIENTED_EDGE('',*,*,#18513,.F.);
#18599 = ORIENTED_EDGE('',*,*,#18563,.F.);
#18600 = PLANE('',#18601);
#18601 = AXIS2_PLACEMENT_3D('',#18602,#18603,#18604);
#18602 = CARTESIAN_POINT('',(0.,-33.5,4.449999931658));
#18603 = DIRECTION('',(-0.,-1.,-0.));
#18604 = DIRECTION('',(0.,0.,-1.));
#18605 = MANIFOLD_SOLID_BREP('',#18606);
#18606 = CLOSED_SHELL('',(#18607,#18647,#18678,#18869,#18901,#18933,
    #18951,#18969));
#18607 = ADVANCED_FACE('',(#18608),#18642,.T.);
#18608 = FACE_BOUND('',#18609,.T.);
#18609 = EDGE_LOOP('',(#18610,#18620,#18628,#18636));
#18610 = ORIENTED_EDGE('',*,*,#18611,.F.);
#18611 = EDGE_CURVE('',#18612,#18614,#18616,.T.);
#18612 = VERTEX_POINT('',#18613);
#18613 = CARTESIAN_POINT('',(-52.,32.5,5.699999904633));
#18614 = VERTEX_POINT('',#18615);
#18615 = CARTESIAN_POINT('',(52.,32.5,5.699999904633));
#18616 = LINE('',#18617,#18618);
#18617 = CARTESIAN_POINT('',(-52.,32.5,5.699999809265));
#18618 = VECTOR('',#18619,1.);
#18619 = DIRECTION('',(1.,0.,0.));
#18620 = ORIENTED_EDGE('',*,*,#18621,.F.);
#18621 = EDGE_CURVE('',#18622,#18612,#18624,.T.);
#18622 = VERTEX_POINT('',#18623);
#18623 = CARTESIAN_POINT('',(-52.,32.5,3.200000023842));
#18624 = LINE('',#18625,#18626);
#18625 = CARTESIAN_POINT('',(-52.,32.5,3.200000047684));
#18626 = VECTOR('',#18627,1.);
#18627 = DIRECTION('',(0.,0.,1.));
#18628 = ORIENTED_EDGE('',*,*,#18629,.F.);
#18629 = EDGE_CURVE('',#18630,#18622,#18632,.T.);
#18630 = VERTEX_POINT('',#18631);
#18631 = CARTESIAN_POINT('',(52.,32.5,3.200000023842));
#18632 = LINE('',#18633,#18634);
#18633 = CARTESIAN_POINT('',(52.,32.5,3.200000047684));
#18634 = VECTOR('',#18635,1.);
#18635 = DIRECTION('',(-1.,0.,0.));
#18636 = ORIENTED_EDGE('',*,*,#18637,.F.);
#18637 = EDGE_CURVE('',#18614,#18630,#18638,.T.);
#18638 = LINE('',#18639,#18640);
#18639 = CARTESIAN_POINT('',(52.,32.5,5.699999809265));
#18640 = VECTOR('',#18641,1.);
#18641 = DIRECTION('',(0.,0.,-1.));
#18642 = PLANE('',#18643);
#18643 = AXIS2_PLACEMENT_3D('',#18644,#18645,#18646);
#18644 = CARTESIAN_POINT('',(0.,32.5,4.449999928474));
#18645 = DIRECTION('',(-0.,-1.,-0.));
#18646 = DIRECTION('',(0.,0.,-1.));
#18647 = ADVANCED_FACE('',(#18648),#18673,.F.);
#18648 = FACE_BOUND('',#18649,.F.);
#18649 = EDGE_LOOP('',(#18650,#18658,#18659,#18667));
#18650 = ORIENTED_EDGE('',*,*,#18651,.F.);
#18651 = EDGE_CURVE('',#18622,#18652,#18654,.T.);
#18652 = VERTEX_POINT('',#18653);
#18653 = CARTESIAN_POINT('',(-52.,35.5,3.2));
#18654 = LINE('',#18655,#18656);
#18655 = CARTESIAN_POINT('',(-52.,32.5,3.200000047684));
#18656 = VECTOR('',#18657,1.);
#18657 = DIRECTION('',(0.,1.,0.));
#18658 = ORIENTED_EDGE('',*,*,#18629,.F.);
#18659 = ORIENTED_EDGE('',*,*,#18660,.T.);
#18660 = EDGE_CURVE('',#18630,#18661,#18663,.T.);
#18661 = VERTEX_POINT('',#18662);
#18662 = CARTESIAN_POINT('',(52.,35.5,3.2));
#18663 = LINE('',#18664,#18665);
#18664 = CARTESIAN_POINT('',(52.,32.5,3.2));
#18665 = VECTOR('',#18666,1.);
#18666 = DIRECTION('',(0.,1.,0.));
#18667 = ORIENTED_EDGE('',*,*,#18668,.F.);
#18668 = EDGE_CURVE('',#18652,#18661,#18669,.T.);
#18669 = LINE('',#18670,#18671);
#18670 = CARTESIAN_POINT('',(-52.,35.5,3.2));
#18671 = VECTOR('',#18672,1.);
#18672 = DIRECTION('',(1.,0.,0.));
#18673 = PLANE('',#18674);
#18674 = AXIS2_PLACEMENT_3D('',#18675,#18676,#18677);
#18675 = CARTESIAN_POINT('',(-52.,32.5,3.2));
#18676 = DIRECTION('',(0.,0.,1.));
#18677 = DIRECTION('',(1.,0.,0.));
#18678 = ADVANCED_FACE('',(#18679),#18864,.T.);
#18679 = FACE_BOUND('',#18680,.T.);
#18680 = EDGE_LOOP('',(#18681,#18689,#18697,#18705,#18713,#18721,#18729,
    #18737,#18745,#18753,#18761,#18769,#18777,#18785,#18793,#18801,
    #18809,#18817,#18825,#18833,#18841,#18849,#18857,#18863));
#18681 = ORIENTED_EDGE('',*,*,#18682,.F.);
#18682 = EDGE_CURVE('',#18683,#18614,#18685,.T.);
#18683 = VERTEX_POINT('',#18684);
#18684 = CARTESIAN_POINT('',(52.,32.540901184082,5.699999809265));
#18685 = LINE('',#18686,#18687);
#18686 = CARTESIAN_POINT('',(52.,32.540901184082,5.699999809265));
#18687 = VECTOR('',#18688,1.);
#18688 = DIRECTION('',(0.,-1.,0.));
#18689 = ORIENTED_EDGE('',*,*,#18690,.F.);
#18690 = EDGE_CURVE('',#18691,#18683,#18693,.T.);
#18691 = VERTEX_POINT('',#18692);
#18692 = CARTESIAN_POINT('',(51.777698516846,32.674098968506,
    5.699999809265));
#18693 = LINE('',#18694,#18695);
#18694 = CARTESIAN_POINT('',(51.777698516846,32.674098968506,
    5.699999809265));
#18695 = VECTOR('',#18696,1.);
#18696 = DIRECTION('',(0.8578044847,-0.513976133715,0.));
#18697 = ORIENTED_EDGE('',*,*,#18698,.F.);
#18698 = EDGE_CURVE('',#18699,#18691,#18701,.T.);
#18699 = VERTEX_POINT('',#18700);
#18700 = CARTESIAN_POINT('',(51.462398529053,32.908000946045,
    5.699999809265));
#18701 = LINE('',#18702,#18703);
#18702 = CARTESIAN_POINT('',(51.462398529053,32.908000946045,
    5.699999809265));
#18703 = VECTOR('',#18704,1.);
#18704 = DIRECTION('',(0.803134924565,-0.595797191118,0.));
#18705 = ORIENTED_EDGE('',*,*,#18706,.F.);
#18706 = EDGE_CURVE('',#18707,#18699,#18709,.T.);
#18707 = VERTEX_POINT('',#18708);
#18708 = CARTESIAN_POINT('',(51.171600341797,33.171600341797,
    5.699999809265));
#18709 = LINE('',#18710,#18711);
#18710 = CARTESIAN_POINT('',(51.171600341797,33.171600341797,
    5.699999809265));
#18711 = VECTOR('',#18712,1.);
#18712 = DIRECTION('',(0.740906393777,-0.671608305235,0.));
#18713 = ORIENTED_EDGE('',*,*,#18714,.F.);
#18714 = EDGE_CURVE('',#18715,#18707,#18717,.T.);
#18715 = VERTEX_POINT('',#18716);
#18716 = CARTESIAN_POINT('',(50.908000946045,33.462398529053,
    5.699999809265));
#18717 = LINE('',#18718,#18719);
#18718 = CARTESIAN_POINT('',(50.908000946045,33.462398529053,
    5.699999809265));
#18719 = VECTOR('',#18720,1.);
#18720 = DIRECTION('',(0.671608305235,-0.740906393777,0.));
#18721 = ORIENTED_EDGE('',*,*,#18722,.F.);
#18722 = EDGE_CURVE('',#18723,#18715,#18725,.T.);
#18723 = VERTEX_POINT('',#18724);
#18724 = CARTESIAN_POINT('',(50.674098968506,33.777698516846,
    5.699999809265));
#18725 = LINE('',#18726,#18727);
#18726 = CARTESIAN_POINT('',(50.674098968506,33.777698516846,
    5.699999809265));
#18727 = VECTOR('',#18728,1.);
#18728 = DIRECTION('',(0.595797191118,-0.803134924565,0.));
#18729 = ORIENTED_EDGE('',*,*,#18730,.F.);
#18730 = EDGE_CURVE('',#18731,#18723,#18733,.T.);
#18731 = VERTEX_POINT('',#18732);
#18732 = CARTESIAN_POINT('',(50.472301483154,34.114398956299,
    5.699999809265));
#18733 = LINE('',#18734,#18735);
#18734 = CARTESIAN_POINT('',(50.472301483154,34.114398956299,
    5.699999809265));
#18735 = VECTOR('',#18736,1.);
#18736 = DIRECTION('',(0.514078395239,-0.857743203732,0.));
#18737 = ORIENTED_EDGE('',*,*,#18738,.F.);
#18738 = EDGE_CURVE('',#18739,#18731,#18741,.T.);
#18739 = VERTEX_POINT('',#18740);
#18740 = CARTESIAN_POINT('',(50.304500579834,34.469299316406,
    5.699999809265));
#18741 = LINE('',#18742,#18743);
#18742 = CARTESIAN_POINT('',(50.304500579834,34.469299316406,
    5.699999809265));
#18743 = VECTOR('',#18744,1.);
#18744 = DIRECTION('',(0.427441710615,-0.904042910501,0.));
#18745 = ORIENTED_EDGE('',*,*,#18746,.F.);
#18746 = EDGE_CURVE('',#18747,#18739,#18749,.T.);
#18747 = VERTEX_POINT('',#18748);
#18748 = CARTESIAN_POINT('',(50.172199249268,34.838901519775,
    5.699999809265));
#18749 = LINE('',#18750,#18751);
#18750 = CARTESIAN_POINT('',(50.172199249268,34.838901519775,
    5.699999809265));
#18751 = VECTOR('',#18752,1.);
#18752 = DIRECTION('',(0.33701528921,-0.941499174104,0.));
#18753 = ORIENTED_EDGE('',*,*,#18754,.F.);
#18754 = EDGE_CURVE('',#18755,#18747,#18757,.T.);
#18755 = VERTEX_POINT('',#18756);
#18756 = CARTESIAN_POINT('',(50.076900482178,35.21960067749,
    5.699999809265));
#18757 = LINE('',#18758,#18759);
#18758 = CARTESIAN_POINT('',(50.076900482178,35.21960067749,
    5.699999809265));
#18759 = VECTOR('',#18760,1.);
#18760 = DIRECTION('',(0.242832940967,-0.970068122753,0.));
#18761 = ORIENTED_EDGE('',*,*,#18762,.F.);
#18762 = EDGE_CURVE('',#18763,#18755,#18765,.T.);
#18763 = VERTEX_POINT('',#18764);
#18764 = CARTESIAN_POINT('',(50.035301208496,35.5,5.699999809265));
#18765 = LINE('',#18766,#18767);
#18766 = CARTESIAN_POINT('',(50.035301208496,35.5,5.699999809265));
#18767 = VECTOR('',#18768,1.);
#18768 = DIRECTION('',(0.146751058326,-0.989173456417,0.));
#18769 = ORIENTED_EDGE('',*,*,#18770,.T.);
#18770 = EDGE_CURVE('',#18763,#18771,#18773,.T.);
#18771 = VERTEX_POINT('',#18772);
#18772 = CARTESIAN_POINT('',(-50.03530120849,35.5,5.699999809265));
#18773 = LINE('',#18774,#18775);
#18774 = CARTESIAN_POINT('',(50.035301208496,35.5,5.699999809265));
#18775 = VECTOR('',#18776,1.);
#18776 = DIRECTION('',(-1.,0.,0.));
#18777 = ORIENTED_EDGE('',*,*,#18778,.F.);
#18778 = EDGE_CURVE('',#18779,#18771,#18781,.T.);
#18779 = VERTEX_POINT('',#18780);
#18780 = CARTESIAN_POINT('',(-50.07690048217,35.21960067749,
    5.699999809265));
#18781 = LINE('',#18782,#18783);
#18782 = CARTESIAN_POINT('',(-50.07690048217,35.21960067749,
    5.699999809265));
#18783 = VECTOR('',#18784,1.);
#18784 = DIRECTION('',(0.146751058326,0.989173456417,0.));
#18785 = ORIENTED_EDGE('',*,*,#18786,.F.);
#18786 = EDGE_CURVE('',#18787,#18779,#18789,.T.);
#18787 = VERTEX_POINT('',#18788);
#18788 = CARTESIAN_POINT('',(-50.17219924926,34.838901519775,
    5.699999809265));
#18789 = LINE('',#18790,#18791);
#18790 = CARTESIAN_POINT('',(-50.17219924926,34.838901519775,
    5.699999809265));
#18791 = VECTOR('',#18792,1.);
#18792 = DIRECTION('',(0.242832940967,0.970068122753,0.));
#18793 = ORIENTED_EDGE('',*,*,#18794,.F.);
#18794 = EDGE_CURVE('',#18795,#18787,#18797,.T.);
#18795 = VERTEX_POINT('',#18796);
#18796 = CARTESIAN_POINT('',(-50.30450057983,34.469299316406,
    5.699999809265));
#18797 = LINE('',#18798,#18799);
#18798 = CARTESIAN_POINT('',(-50.30450057983,34.469299316406,
    5.699999809265));
#18799 = VECTOR('',#18800,1.);
#18800 = DIRECTION('',(0.33701528921,0.941499174104,0.));
#18801 = ORIENTED_EDGE('',*,*,#18802,.F.);
#18802 = EDGE_CURVE('',#18803,#18795,#18805,.T.);
#18803 = VERTEX_POINT('',#18804);
#18804 = CARTESIAN_POINT('',(-50.47230148315,34.114398956299,
    5.699999809265));
#18805 = LINE('',#18806,#18807);
#18806 = CARTESIAN_POINT('',(-50.47230148315,34.114398956299,
    5.699999809265));
#18807 = VECTOR('',#18808,1.);
#18808 = DIRECTION('',(0.427441710615,0.904042910501,0.));
#18809 = ORIENTED_EDGE('',*,*,#18810,.F.);
#18810 = EDGE_CURVE('',#18811,#18803,#18813,.T.);
#18811 = VERTEX_POINT('',#18812);
#18812 = CARTESIAN_POINT('',(-50.6740989685,33.777698516846,
    5.699999809265));
#18813 = LINE('',#18814,#18815);
#18814 = CARTESIAN_POINT('',(-50.6740989685,33.777698516846,
    5.699999809265));
#18815 = VECTOR('',#18816,1.);
#18816 = DIRECTION('',(0.514078395239,0.857743203732,0.));
#18817 = ORIENTED_EDGE('',*,*,#18818,.F.);
#18818 = EDGE_CURVE('',#18819,#18811,#18821,.T.);
#18819 = VERTEX_POINT('',#18820);
#18820 = CARTESIAN_POINT('',(-50.90800094604,33.462398529053,
    5.699999809265));
#18821 = LINE('',#18822,#18823);
#18822 = CARTESIAN_POINT('',(-50.90800094604,33.462398529053,
    5.699999809265));
#18823 = VECTOR('',#18824,1.);
#18824 = DIRECTION('',(0.595797191118,0.803134924565,0.));
#18825 = ORIENTED_EDGE('',*,*,#18826,.F.);
#18826 = EDGE_CURVE('',#18827,#18819,#18829,.T.);
#18827 = VERTEX_POINT('',#18828);
#18828 = CARTESIAN_POINT('',(-51.17160034179,33.171600341797,
    5.699999809265));
#18829 = LINE('',#18830,#18831);
#18830 = CARTESIAN_POINT('',(-51.17160034179,33.171600341797,
    5.699999809265));
#18831 = VECTOR('',#18832,1.);
#18832 = DIRECTION('',(0.671608305235,0.740906393777,0.));
#18833 = ORIENTED_EDGE('',*,*,#18834,.F.);
#18834 = EDGE_CURVE('',#18835,#18827,#18837,.T.);
#18835 = VERTEX_POINT('',#18836);
#18836 = CARTESIAN_POINT('',(-51.46239852905,32.908000946045,
    5.699999809265));
#18837 = LINE('',#18838,#18839);
#18838 = CARTESIAN_POINT('',(-51.46239852905,32.908000946045,
    5.699999809265));
#18839 = VECTOR('',#18840,1.);
#18840 = DIRECTION('',(0.740906393777,0.671608305235,0.));
#18841 = ORIENTED_EDGE('',*,*,#18842,.F.);
#18842 = EDGE_CURVE('',#18843,#18835,#18845,.T.);
#18843 = VERTEX_POINT('',#18844);
#18844 = CARTESIAN_POINT('',(-51.77769851684,32.674098968506,
    5.699999809265));
#18845 = LINE('',#18846,#18847);
#18846 = CARTESIAN_POINT('',(-51.77769851684,32.674098968506,
    5.699999809265));
#18847 = VECTOR('',#18848,1.);
#18848 = DIRECTION('',(0.803134924565,0.595797191118,0.));
#18849 = ORIENTED_EDGE('',*,*,#18850,.F.);
#18850 = EDGE_CURVE('',#18851,#18843,#18853,.T.);
#18851 = VERTEX_POINT('',#18852);
#18852 = CARTESIAN_POINT('',(-52.,32.540901184082,5.699999809265));
#18853 = LINE('',#18854,#18855);
#18854 = CARTESIAN_POINT('',(-52.,32.540901184082,5.699999809265));
#18855 = VECTOR('',#18856,1.);
#18856 = DIRECTION('',(0.8578044847,0.513976133715,0.));
#18857 = ORIENTED_EDGE('',*,*,#18858,.T.);
#18858 = EDGE_CURVE('',#18851,#18612,#18859,.T.);
#18859 = LINE('',#18860,#18861);
#18860 = CARTESIAN_POINT('',(-52.,32.540901184082,5.699999809265));
#18861 = VECTOR('',#18862,1.);
#18862 = DIRECTION('',(0.,-1.,0.));
#18863 = ORIENTED_EDGE('',*,*,#18611,.T.);
#18864 = PLANE('',#18865);
#18865 = AXIS2_PLACEMENT_3D('',#18866,#18867,#18868);
#18866 = CARTESIAN_POINT('',(0.,33.966928658321,5.699999809265));
#18867 = DIRECTION('',(0.,0.,1.));
#18868 = DIRECTION('',(1.,0.,0.));
#18869 = ADVANCED_FACE('',(#18870),#18896,.T.);
#18870 = FACE_BOUND('',#18871,.T.);
#18871 = EDGE_LOOP('',(#18872,#18880,#18881,#18882,#18883,#18884,#18885,
    #18886,#18887,#18888,#18889,#18890));
#18872 = ORIENTED_EDGE('',*,*,#18873,.F.);
#18873 = EDGE_CURVE('',#18851,#18874,#18876,.T.);
#18874 = VERTEX_POINT('',#18875);
#18875 = CARTESIAN_POINT('',(-52.,35.5,5.7));
#18876 = LINE('',#18877,#18878);
#18877 = CARTESIAN_POINT('',(-52.,32.5,5.7));
#18878 = VECTOR('',#18879,1.);
#18879 = DIRECTION('',(0.,1.,0.));
#18880 = ORIENTED_EDGE('',*,*,#18850,.T.);
#18881 = ORIENTED_EDGE('',*,*,#18842,.T.);
#18882 = ORIENTED_EDGE('',*,*,#18834,.T.);
#18883 = ORIENTED_EDGE('',*,*,#18826,.T.);
#18884 = ORIENTED_EDGE('',*,*,#18818,.T.);
#18885 = ORIENTED_EDGE('',*,*,#18810,.T.);
#18886 = ORIENTED_EDGE('',*,*,#18802,.T.);
#18887 = ORIENTED_EDGE('',*,*,#18794,.T.);
#18888 = ORIENTED_EDGE('',*,*,#18786,.T.);
#18889 = ORIENTED_EDGE('',*,*,#18778,.T.);
#18890 = ORIENTED_EDGE('',*,*,#18891,.F.);
#18891 = EDGE_CURVE('',#18874,#18771,#18892,.T.);
#18892 = LINE('',#18893,#18894);
#18893 = CARTESIAN_POINT('',(-52.,35.5,5.7));
#18894 = VECTOR('',#18895,1.);
#18895 = DIRECTION('',(1.,0.,0.));
#18896 = PLANE('',#18897);
#18897 = AXIS2_PLACEMENT_3D('',#18898,#18899,#18900);
#18898 = CARTESIAN_POINT('',(-52.,32.5,5.7));
#18899 = DIRECTION('',(0.,0.,1.));
#18900 = DIRECTION('',(1.,0.,0.));
#18901 = ADVANCED_FACE('',(#18902),#18928,.T.);
#18902 = FACE_BOUND('',#18903,.T.);
#18903 = EDGE_LOOP('',(#18904,#18905,#18913,#18919,#18920,#18921,#18922,
    #18923,#18924,#18925,#18926,#18927));
#18904 = ORIENTED_EDGE('',*,*,#18690,.T.);
#18905 = ORIENTED_EDGE('',*,*,#18906,.T.);
#18906 = EDGE_CURVE('',#18683,#18907,#18909,.T.);
#18907 = VERTEX_POINT('',#18908);
#18908 = CARTESIAN_POINT('',(52.,35.5,5.7));
#18909 = LINE('',#18910,#18911);
#18910 = CARTESIAN_POINT('',(52.,32.5,5.7));
#18911 = VECTOR('',#18912,1.);
#18912 = DIRECTION('',(0.,1.,0.));
#18913 = ORIENTED_EDGE('',*,*,#18914,.F.);
#18914 = EDGE_CURVE('',#18763,#18907,#18915,.T.);
#18915 = LINE('',#18916,#18917);
#18916 = CARTESIAN_POINT('',(-52.,35.5,5.7));
#18917 = VECTOR('',#18918,1.);
#18918 = DIRECTION('',(1.,0.,0.));
#18919 = ORIENTED_EDGE('',*,*,#18762,.T.);
#18920 = ORIENTED_EDGE('',*,*,#18754,.T.);
#18921 = ORIENTED_EDGE('',*,*,#18746,.T.);
#18922 = ORIENTED_EDGE('',*,*,#18738,.T.);
#18923 = ORIENTED_EDGE('',*,*,#18730,.T.);
#18924 = ORIENTED_EDGE('',*,*,#18722,.T.);
#18925 = ORIENTED_EDGE('',*,*,#18714,.T.);
#18926 = ORIENTED_EDGE('',*,*,#18706,.T.);
#18927 = ORIENTED_EDGE('',*,*,#18698,.T.);
#18928 = PLANE('',#18929);
#18929 = AXIS2_PLACEMENT_3D('',#18930,#18931,#18932);
#18930 = CARTESIAN_POINT('',(-52.,32.5,5.7));
#18931 = DIRECTION('',(0.,0.,1.));
#18932 = DIRECTION('',(1.,0.,0.));
#18933 = ADVANCED_FACE('',(#18934),#18946,.T.);
#18934 = FACE_BOUND('',#18935,.T.);
#18935 = EDGE_LOOP('',(#18936,#18937,#18938,#18939,#18940));
#18936 = ORIENTED_EDGE('',*,*,#18651,.F.);
#18937 = ORIENTED_EDGE('',*,*,#18621,.T.);
#18938 = ORIENTED_EDGE('',*,*,#18858,.F.);
#18939 = ORIENTED_EDGE('',*,*,#18873,.T.);
#18940 = ORIENTED_EDGE('',*,*,#18941,.F.);
#18941 = EDGE_CURVE('',#18652,#18874,#18942,.T.);
#18942 = LINE('',#18943,#18944);
#18943 = CARTESIAN_POINT('',(-52.,35.5,3.2));
#18944 = VECTOR('',#18945,1.);
#18945 = DIRECTION('',(0.,0.,1.));
#18946 = PLANE('',#18947);
#18947 = AXIS2_PLACEMENT_3D('',#18948,#18949,#18950);
#18948 = CARTESIAN_POINT('',(-52.,34.000000032512,4.449999983212));
#18949 = DIRECTION('',(-1.,-0.,-0.));
#18950 = DIRECTION('',(0.,0.,-1.));
#18951 = ADVANCED_FACE('',(#18952),#18964,.T.);
#18952 = FACE_BOUND('',#18953,.T.);
#18953 = EDGE_LOOP('',(#18954,#18955,#18956,#18957,#18963));
#18954 = ORIENTED_EDGE('',*,*,#18682,.T.);
#18955 = ORIENTED_EDGE('',*,*,#18637,.T.);
#18956 = ORIENTED_EDGE('',*,*,#18660,.T.);
#18957 = ORIENTED_EDGE('',*,*,#18958,.T.);
#18958 = EDGE_CURVE('',#18661,#18907,#18959,.T.);
#18959 = LINE('',#18960,#18961);
#18960 = CARTESIAN_POINT('',(52.,35.5,3.2));
#18961 = VECTOR('',#18962,1.);
#18962 = DIRECTION('',(0.,0.,1.));
#18963 = ORIENTED_EDGE('',*,*,#18906,.F.);
#18964 = PLANE('',#18965);
#18965 = AXIS2_PLACEMENT_3D('',#18966,#18967,#18968);
#18966 = CARTESIAN_POINT('',(52.,34.000000032512,4.449999983212));
#18967 = DIRECTION('',(1.,0.,0.));
#18968 = DIRECTION('',(0.,0.,1.));
#18969 = ADVANCED_FACE('',(#18970),#18978,.T.);
#18970 = FACE_BOUND('',#18971,.T.);
#18971 = EDGE_LOOP('',(#18972,#18973,#18974,#18975,#18976,#18977));
#18972 = ORIENTED_EDGE('',*,*,#18668,.F.);
#18973 = ORIENTED_EDGE('',*,*,#18941,.T.);
#18974 = ORIENTED_EDGE('',*,*,#18891,.T.);
#18975 = ORIENTED_EDGE('',*,*,#18770,.F.);
#18976 = ORIENTED_EDGE('',*,*,#18914,.T.);
#18977 = ORIENTED_EDGE('',*,*,#18958,.F.);
#18978 = PLANE('',#18979);
#18979 = AXIS2_PLACEMENT_3D('',#18980,#18981,#18982);
#18980 = CARTESIAN_POINT('',(0.,35.5,4.449999932792));
#18981 = DIRECTION('',(0.,1.,0.));
#18982 = DIRECTION('',(0.,0.,1.));
#18983 = MANIFOLD_SOLID_BREP('',#18984);
#18984 = CLOSED_SHELL('',(#18985,#19025,#19056,#19087,#19148,#19209,
    #19221,#19238,#19255,#19272));
#18985 = ADVANCED_FACE('',(#18986),#19020,.T.);
#18986 = FACE_BOUND('',#18987,.T.);
#18987 = EDGE_LOOP('',(#18988,#18998,#19006,#19014));
#18988 = ORIENTED_EDGE('',*,*,#18989,.T.);
#18989 = EDGE_CURVE('',#18990,#18992,#18994,.T.);
#18990 = VERTEX_POINT('',#18991);
#18991 = CARTESIAN_POINT('',(64.,-43.,9.));
#18992 = VERTEX_POINT('',#18993);
#18993 = CARTESIAN_POINT('',(64.,-43.,10.51));
#18994 = LINE('',#18995,#18996);
#18995 = CARTESIAN_POINT('',(64.,-43.,9.));
#18996 = VECTOR('',#18997,1.);
#18997 = DIRECTION('',(0.,0.,1.));
#18998 = ORIENTED_EDGE('',*,*,#18999,.T.);
#18999 = EDGE_CURVE('',#18992,#19000,#19002,.T.);
#19000 = VERTEX_POINT('',#19001);
#19001 = CARTESIAN_POINT('',(-64.,-43.,10.51));
#19002 = LINE('',#19003,#19004);
#19003 = CARTESIAN_POINT('',(64.,-43.,10.51));
#19004 = VECTOR('',#19005,1.);
#19005 = DIRECTION('',(-1.,0.,0.));
#19006 = ORIENTED_EDGE('',*,*,#19007,.F.);
#19007 = EDGE_CURVE('',#19008,#19000,#19010,.T.);
#19008 = VERTEX_POINT('',#19009);
#19009 = CARTESIAN_POINT('',(-64.,-43.,9.));
#19010 = LINE('',#19011,#19012);
#19011 = CARTESIAN_POINT('',(-64.,-43.,9.));
#19012 = VECTOR('',#19013,1.);
#19013 = DIRECTION('',(0.,0.,1.));
#19014 = ORIENTED_EDGE('',*,*,#19015,.F.);
#19015 = EDGE_CURVE('',#18990,#19008,#19016,.T.);
#19016 = LINE('',#19017,#19018);
#19017 = CARTESIAN_POINT('',(64.,-43.,9.));
#19018 = VECTOR('',#19019,1.);
#19019 = DIRECTION('',(-1.,0.,0.));
#19020 = PLANE('',#19021);
#19021 = AXIS2_PLACEMENT_3D('',#19022,#19023,#19024);
#19022 = CARTESIAN_POINT('',(64.,-43.,9.));
#19023 = DIRECTION('',(0.,-1.,0.));
#19024 = DIRECTION('',(-1.,0.,0.));
#19025 = ADVANCED_FACE('',(#19026),#19051,.T.);
#19026 = FACE_BOUND('',#19027,.T.);
#19027 = EDGE_LOOP('',(#19028,#19038,#19044,#19045));
#19028 = ORIENTED_EDGE('',*,*,#19029,.T.);
#19029 = EDGE_CURVE('',#19030,#19032,#19034,.T.);
#19030 = VERTEX_POINT('',#19031);
#19031 = CARTESIAN_POINT('',(64.,43.,9.));
#19032 = VERTEX_POINT('',#19033);
#19033 = CARTESIAN_POINT('',(64.,43.,10.51));
#19034 = LINE('',#19035,#19036);
#19035 = CARTESIAN_POINT('',(64.,43.,9.));
#19036 = VECTOR('',#19037,1.);
#19037 = DIRECTION('',(0.,0.,1.));
#19038 = ORIENTED_EDGE('',*,*,#19039,.T.);
#19039 = EDGE_CURVE('',#19032,#18992,#19040,.T.);
#19040 = LINE('',#19041,#19042);
#19041 = CARTESIAN_POINT('',(64.,43.,10.51));
#19042 = VECTOR('',#19043,1.);
#19043 = DIRECTION('',(0.,-1.,0.));
#19044 = ORIENTED_EDGE('',*,*,#18989,.F.);
#19045 = ORIENTED_EDGE('',*,*,#19046,.F.);
#19046 = EDGE_CURVE('',#19030,#18990,#19047,.T.);
#19047 = LINE('',#19048,#19049);
#19048 = CARTESIAN_POINT('',(64.,43.,9.));
#19049 = VECTOR('',#19050,1.);
#19050 = DIRECTION('',(0.,-1.,0.));
#19051 = PLANE('',#19052);
#19052 = AXIS2_PLACEMENT_3D('',#19053,#19054,#19055);
#19053 = CARTESIAN_POINT('',(64.,43.,9.));
#19054 = DIRECTION('',(1.,0.,0.));
#19055 = DIRECTION('',(0.,-1.,0.));
#19056 = ADVANCED_FACE('',(#19057),#19082,.T.);
#19057 = FACE_BOUND('',#19058,.T.);
#19058 = EDGE_LOOP('',(#19059,#19060,#19068,#19076));
#19059 = ORIENTED_EDGE('',*,*,#19007,.T.);
#19060 = ORIENTED_EDGE('',*,*,#19061,.T.);
#19061 = EDGE_CURVE('',#19000,#19062,#19064,.T.);
#19062 = VERTEX_POINT('',#19063);
#19063 = CARTESIAN_POINT('',(-64.,43.,10.51));
#19064 = LINE('',#19065,#19066);
#19065 = CARTESIAN_POINT('',(-64.,-43.,10.51));
#19066 = VECTOR('',#19067,1.);
#19067 = DIRECTION('',(0.,1.,0.));
#19068 = ORIENTED_EDGE('',*,*,#19069,.F.);
#19069 = EDGE_CURVE('',#19070,#19062,#19072,.T.);
#19070 = VERTEX_POINT('',#19071);
#19071 = CARTESIAN_POINT('',(-64.,43.,9.));
#19072 = LINE('',#19073,#19074);
#19073 = CARTESIAN_POINT('',(-64.,43.,9.));
#19074 = VECTOR('',#19075,1.);
#19075 = DIRECTION('',(0.,0.,1.));
#19076 = ORIENTED_EDGE('',*,*,#19077,.F.);
#19077 = EDGE_CURVE('',#19008,#19070,#19078,.T.);
#19078 = LINE('',#19079,#19080);
#19079 = CARTESIAN_POINT('',(-64.,-43.,9.));
#19080 = VECTOR('',#19081,1.);
#19081 = DIRECTION('',(0.,1.,0.));
#19082 = PLANE('',#19083);
#19083 = AXIS2_PLACEMENT_3D('',#19084,#19085,#19086);
#19084 = CARTESIAN_POINT('',(-64.,-43.,9.));
#19085 = DIRECTION('',(-1.,0.,0.));
#19086 = DIRECTION('',(0.,1.,0.));
#19087 = ADVANCED_FACE('',(#19088,#19099,#19110,#19121,#19132),#19143,
  .F.);
#19088 = FACE_BOUND('',#19089,.F.);
#19089 = EDGE_LOOP('',(#19090,#19091,#19092,#19098));
#19090 = ORIENTED_EDGE('',*,*,#19015,.F.);
#19091 = ORIENTED_EDGE('',*,*,#19046,.F.);
#19092 = ORIENTED_EDGE('',*,*,#19093,.F.);
#19093 = EDGE_CURVE('',#19070,#19030,#19094,.T.);
#19094 = LINE('',#19095,#19096);
#19095 = CARTESIAN_POINT('',(-64.,43.,9.));
#19096 = VECTOR('',#19097,1.);
#19097 = DIRECTION('',(1.,0.,0.));
#19098 = ORIENTED_EDGE('',*,*,#19077,.F.);
#19099 = FACE_BOUND('',#19100,.F.);
#19100 = EDGE_LOOP('',(#19101));
#19101 = ORIENTED_EDGE('',*,*,#19102,.T.);
#19102 = EDGE_CURVE('',#19103,#19103,#19105,.T.);
#19103 = VERTEX_POINT('',#19104);
#19104 = CARTESIAN_POINT('',(-54.,-37.75,9.));
#19105 = CIRCLE('',#19106,1.75);
#19106 = AXIS2_PLACEMENT_3D('',#19107,#19108,#19109);
#19107 = CARTESIAN_POINT('',(-54.,-36.,9.));
#19108 = DIRECTION('',(-0.,-0.,-1.));
#19109 = DIRECTION('',(0.,-1.,0.));
#19110 = FACE_BOUND('',#19111,.F.);
#19111 = EDGE_LOOP('',(#19112));
#19112 = ORIENTED_EDGE('',*,*,#19113,.T.);
#19113 = EDGE_CURVE('',#19114,#19114,#19116,.T.);
#19114 = VERTEX_POINT('',#19115);
#19115 = CARTESIAN_POINT('',(54.,-37.75,9.));
#19116 = CIRCLE('',#19117,1.75);
#19117 = AXIS2_PLACEMENT_3D('',#19118,#19119,#19120);
#19118 = CARTESIAN_POINT('',(54.,-36.,9.));
#19119 = DIRECTION('',(-0.,-0.,-1.));
#19120 = DIRECTION('',(0.,-1.,0.));
#19121 = FACE_BOUND('',#19122,.F.);
#19122 = EDGE_LOOP('',(#19123));
#19123 = ORIENTED_EDGE('',*,*,#19124,.T.);
#19124 = EDGE_CURVE('',#19125,#19125,#19127,.T.);
#19125 = VERTEX_POINT('',#19126);
#19126 = CARTESIAN_POINT('',(-54.,34.25,9.));
#19127 = CIRCLE('',#19128,1.75);
#19128 = AXIS2_PLACEMENT_3D('',#19129,#19130,#19131);
#19129 = CARTESIAN_POINT('',(-54.,36.,9.));
#19130 = DIRECTION('',(-0.,-0.,-1.));
#19131 = DIRECTION('',(0.,-1.,0.));
#19132 = FACE_BOUND('',#19133,.F.);
#19133 = EDGE_LOOP('',(#19134));
#19134 = ORIENTED_EDGE('',*,*,#19135,.T.);
#19135 = EDGE_CURVE('',#19136,#19136,#19138,.T.);
#19136 = VERTEX_POINT('',#19137);
#19137 = CARTESIAN_POINT('',(54.,34.25,9.));
#19138 = CIRCLE('',#19139,1.75);
#19139 = AXIS2_PLACEMENT_3D('',#19140,#19141,#19142);
#19140 = CARTESIAN_POINT('',(54.,36.,9.));
#19141 = DIRECTION('',(-0.,-0.,-1.));
#19142 = DIRECTION('',(0.,-1.,0.));
#19143 = PLANE('',#19144);
#19144 = AXIS2_PLACEMENT_3D('',#19145,#19146,#19147);
#19145 = CARTESIAN_POINT('',(0.,0.,9.));
#19146 = DIRECTION('',(0.,0.,1.));
#19147 = DIRECTION('',(1.,0.,0.));
#19148 = ADVANCED_FACE('',(#19149,#19160,#19171,#19182,#19193),#19204,
  .T.);
#19149 = FACE_BOUND('',#19150,.T.);
#19150 = EDGE_LOOP('',(#19151,#19152,#19153,#19159));
#19151 = ORIENTED_EDGE('',*,*,#18999,.F.);
#19152 = ORIENTED_EDGE('',*,*,#19039,.F.);
#19153 = ORIENTED_EDGE('',*,*,#19154,.F.);
#19154 = EDGE_CURVE('',#19062,#19032,#19155,.T.);
#19155 = LINE('',#19156,#19157);
#19156 = CARTESIAN_POINT('',(-64.,43.,10.51));
#19157 = VECTOR('',#19158,1.);
#19158 = DIRECTION('',(1.,0.,0.));
#19159 = ORIENTED_EDGE('',*,*,#19061,.F.);
#19160 = FACE_BOUND('',#19161,.T.);
#19161 = EDGE_LOOP('',(#19162));
#19162 = ORIENTED_EDGE('',*,*,#19163,.T.);
#19163 = EDGE_CURVE('',#19164,#19164,#19166,.T.);
#19164 = VERTEX_POINT('',#19165);
#19165 = CARTESIAN_POINT('',(-54.,-37.75,10.51));
#19166 = CIRCLE('',#19167,1.75);
#19167 = AXIS2_PLACEMENT_3D('',#19168,#19169,#19170);
#19168 = CARTESIAN_POINT('',(-54.,-36.,10.51));
#19169 = DIRECTION('',(-0.,-0.,-1.));
#19170 = DIRECTION('',(0.,-1.,0.));
#19171 = FACE_BOUND('',#19172,.T.);
#19172 = EDGE_LOOP('',(#19173));
#19173 = ORIENTED_EDGE('',*,*,#19174,.T.);
#19174 = EDGE_CURVE('',#19175,#19175,#19177,.T.);
#19175 = VERTEX_POINT('',#19176);
#19176 = CARTESIAN_POINT('',(54.,-37.75,10.51));
#19177 = CIRCLE('',#19178,1.75);
#19178 = AXIS2_PLACEMENT_3D('',#19179,#19180,#19181);
#19179 = CARTESIAN_POINT('',(54.,-36.,10.51));
#19180 = DIRECTION('',(-0.,-0.,-1.));
#19181 = DIRECTION('',(0.,-1.,0.));
#19182 = FACE_BOUND('',#19183,.T.);
#19183 = EDGE_LOOP('',(#19184));
#19184 = ORIENTED_EDGE('',*,*,#19185,.T.);
#19185 = EDGE_CURVE('',#19186,#19186,#19188,.T.);
#19186 = VERTEX_POINT('',#19187);
#19187 = CARTESIAN_POINT('',(-54.,34.25,10.51));
#19188 = CIRCLE('',#19189,1.75);
#19189 = AXIS2_PLACEMENT_3D('',#19190,#19191,#19192);
#19190 = CARTESIAN_POINT('',(-54.,36.,10.51));
#19191 = DIRECTION('',(-0.,-0.,-1.));
#19192 = DIRECTION('',(0.,-1.,0.));
#19193 = FACE_BOUND('',#19194,.T.);
#19194 = EDGE_LOOP('',(#19195));
#19195 = ORIENTED_EDGE('',*,*,#19196,.T.);
#19196 = EDGE_CURVE('',#19197,#19197,#19199,.T.);
#19197 = VERTEX_POINT('',#19198);
#19198 = CARTESIAN_POINT('',(54.,34.25,10.51));
#19199 = CIRCLE('',#19200,1.75);
#19200 = AXIS2_PLACEMENT_3D('',#19201,#19202,#19203);
#19201 = CARTESIAN_POINT('',(54.,36.,10.51));
#19202 = DIRECTION('',(-0.,-0.,-1.));
#19203 = DIRECTION('',(0.,-1.,0.));
#19204 = PLANE('',#19205);
#19205 = AXIS2_PLACEMENT_3D('',#19206,#19207,#19208);
#19206 = CARTESIAN_POINT('',(0.,0.,10.51));
#19207 = DIRECTION('',(0.,0.,1.));
#19208 = DIRECTION('',(1.,0.,0.));
#19209 = ADVANCED_FACE('',(#19210),#19216,.T.);
#19210 = FACE_BOUND('',#19211,.T.);
#19211 = EDGE_LOOP('',(#19212,#19213,#19214,#19215));
#19212 = ORIENTED_EDGE('',*,*,#19069,.T.);
#19213 = ORIENTED_EDGE('',*,*,#19154,.T.);
#19214 = ORIENTED_EDGE('',*,*,#19029,.F.);
#19215 = ORIENTED_EDGE('',*,*,#19093,.F.);
#19216 = PLANE('',#19217);
#19217 = AXIS2_PLACEMENT_3D('',#19218,#19219,#19220);
#19218 = CARTESIAN_POINT('',(-64.,43.,9.));
#19219 = DIRECTION('',(0.,1.,0.));
#19220 = DIRECTION('',(1.,0.,0.));
#19221 = ADVANCED_FACE('',(#19222),#19233,.F.);
#19222 = FACE_BOUND('',#19223,.F.);
#19223 = EDGE_LOOP('',(#19224,#19230,#19231,#19232));
#19224 = ORIENTED_EDGE('',*,*,#19225,.T.);
#19225 = EDGE_CURVE('',#19103,#19164,#19226,.T.);
#19226 = LINE('',#19227,#19228);
#19227 = CARTESIAN_POINT('',(-54.,-37.75,8.954));
#19228 = VECTOR('',#19229,1.);
#19229 = DIRECTION('',(0.,0.,1.));
#19230 = ORIENTED_EDGE('',*,*,#19163,.T.);
#19231 = ORIENTED_EDGE('',*,*,#19225,.F.);
#19232 = ORIENTED_EDGE('',*,*,#19102,.F.);
#19233 = CYLINDRICAL_SURFACE('',#19234,1.75);
#19234 = AXIS2_PLACEMENT_3D('',#19235,#19236,#19237);
#19235 = CARTESIAN_POINT('',(-54.,-36.,8.954));
#19236 = DIRECTION('',(-0.,-0.,-1.));
#19237 = DIRECTION('',(0.,-1.,0.));
#19238 = ADVANCED_FACE('',(#19239),#19250,.F.);
#19239 = FACE_BOUND('',#19240,.F.);
#19240 = EDGE_LOOP('',(#19241,#19247,#19248,#19249));
#19241 = ORIENTED_EDGE('',*,*,#19242,.T.);
#19242 = EDGE_CURVE('',#19114,#19175,#19243,.T.);
#19243 = LINE('',#19244,#19245);
#19244 = CARTESIAN_POINT('',(54.,-37.75,8.954));
#19245 = VECTOR('',#19246,1.);
#19246 = DIRECTION('',(0.,0.,1.));
#19247 = ORIENTED_EDGE('',*,*,#19174,.T.);
#19248 = ORIENTED_EDGE('',*,*,#19242,.F.);
#19249 = ORIENTED_EDGE('',*,*,#19113,.F.);
#19250 = CYLINDRICAL_SURFACE('',#19251,1.75);
#19251 = AXIS2_PLACEMENT_3D('',#19252,#19253,#19254);
#19252 = CARTESIAN_POINT('',(54.,-36.,8.954));
#19253 = DIRECTION('',(-0.,-0.,-1.));
#19254 = DIRECTION('',(0.,-1.,0.));
#19255 = ADVANCED_FACE('',(#19256),#19267,.F.);
#19256 = FACE_BOUND('',#19257,.F.);
#19257 = EDGE_LOOP('',(#19258,#19264,#19265,#19266));
#19258 = ORIENTED_EDGE('',*,*,#19259,.T.);
#19259 = EDGE_CURVE('',#19125,#19186,#19260,.T.);
#19260 = LINE('',#19261,#19262);
#19261 = CARTESIAN_POINT('',(-54.,34.25,8.954));
#19262 = VECTOR('',#19263,1.);
#19263 = DIRECTION('',(0.,0.,1.));
#19264 = ORIENTED_EDGE('',*,*,#19185,.T.);
#19265 = ORIENTED_EDGE('',*,*,#19259,.F.);
#19266 = ORIENTED_EDGE('',*,*,#19124,.F.);
#19267 = CYLINDRICAL_SURFACE('',#19268,1.75);
#19268 = AXIS2_PLACEMENT_3D('',#19269,#19270,#19271);
#19269 = CARTESIAN_POINT('',(-54.,36.,8.954));
#19270 = DIRECTION('',(-0.,-0.,-1.));
#19271 = DIRECTION('',(0.,-1.,0.));
#19272 = ADVANCED_FACE('',(#19273),#19284,.F.);
#19273 = FACE_BOUND('',#19274,.F.);
#19274 = EDGE_LOOP('',(#19275,#19281,#19282,#19283));
#19275 = ORIENTED_EDGE('',*,*,#19276,.T.);
#19276 = EDGE_CURVE('',#19136,#19197,#19277,.T.);
#19277 = LINE('',#19278,#19279);
#19278 = CARTESIAN_POINT('',(54.,34.25,8.954));
#19279 = VECTOR('',#19280,1.);
#19280 = DIRECTION('',(0.,0.,1.));
#19281 = ORIENTED_EDGE('',*,*,#19196,.T.);
#19282 = ORIENTED_EDGE('',*,*,#19276,.F.);
#19283 = ORIENTED_EDGE('',*,*,#19135,.F.);
#19284 = CYLINDRICAL_SURFACE('',#19285,1.75);
#19285 = AXIS2_PLACEMENT_3D('',#19286,#19287,#19288);
#19286 = CARTESIAN_POINT('',(54.,36.,8.954));
#19287 = DIRECTION('',(-0.,-0.,-1.));
#19288 = DIRECTION('',(0.,-1.,0.));
#19289 = MANIFOLD_SOLID_BREP('',#19290);
#19290 = CLOSED_SHELL('',(#19291,#19331,#19371,#19393,#19415,#19427));
#19291 = ADVANCED_FACE('',(#19292),#19326,.F.);
#19292 = FACE_BOUND('',#19293,.F.);
#19293 = EDGE_LOOP('',(#19294,#19304,#19312,#19320));
#19294 = ORIENTED_EDGE('',*,*,#19295,.F.);
#19295 = EDGE_CURVE('',#19296,#19298,#19300,.T.);
#19296 = VERTEX_POINT('',#19297);
#19297 = CARTESIAN_POINT('',(-39.,2.,10.6));
#19298 = VERTEX_POINT('',#19299);
#19299 = CARTESIAN_POINT('',(-39.,2.,16.1));
#19300 = LINE('',#19301,#19302);
#19301 = CARTESIAN_POINT('',(-39.,2.,10.6));
#19302 = VECTOR('',#19303,1.);
#19303 = DIRECTION('',(0.,0.,1.));
#19304 = ORIENTED_EDGE('',*,*,#19305,.T.);
#19305 = EDGE_CURVE('',#19296,#19306,#19308,.T.);
#19306 = VERTEX_POINT('',#19307);
#19307 = CARTESIAN_POINT('',(-39.,18.,10.6));
#19308 = LINE('',#19309,#19310);
#19309 = CARTESIAN_POINT('',(-39.,2.,10.6));
#19310 = VECTOR('',#19311,1.);
#19311 = DIRECTION('',(0.,1.,0.));
#19312 = ORIENTED_EDGE('',*,*,#19313,.T.);
#19313 = EDGE_CURVE('',#19306,#19314,#19316,.T.);
#19314 = VERTEX_POINT('',#19315);
#19315 = CARTESIAN_POINT('',(-39.,18.,16.1));
#19316 = LINE('',#19317,#19318);
#19317 = CARTESIAN_POINT('',(-39.,18.,10.6));
#19318 = VECTOR('',#19319,1.);
#19319 = DIRECTION('',(0.,0.,1.));
#19320 = ORIENTED_EDGE('',*,*,#19321,.F.);
#19321 = EDGE_CURVE('',#19298,#19314,#19322,.T.);
#19322 = LINE('',#19323,#19324);
#19323 = CARTESIAN_POINT('',(-39.,2.,16.1));
#19324 = VECTOR('',#19325,1.);
#19325 = DIRECTION('',(0.,1.,0.));
#19326 = PLANE('',#19327);
#19327 = AXIS2_PLACEMENT_3D('',#19328,#19329,#19330);
#19328 = CARTESIAN_POINT('',(-39.,2.,10.6));
#19329 = DIRECTION('',(1.,0.,0.));
#19330 = DIRECTION('',(0.,0.,1.));
#19331 = ADVANCED_FACE('',(#19332),#19366,.T.);
#19332 = FACE_BOUND('',#19333,.T.);
#19333 = EDGE_LOOP('',(#19334,#19344,#19352,#19360));
#19334 = ORIENTED_EDGE('',*,*,#19335,.F.);
#19335 = EDGE_CURVE('',#19336,#19338,#19340,.T.);
#19336 = VERTEX_POINT('',#19337);
#19337 = CARTESIAN_POINT('',(-17.,2.,10.6));
#19338 = VERTEX_POINT('',#19339);
#19339 = CARTESIAN_POINT('',(-17.,2.,16.1));
#19340 = LINE('',#19341,#19342);
#19341 = CARTESIAN_POINT('',(-17.,2.,10.6));
#19342 = VECTOR('',#19343,1.);
#19343 = DIRECTION('',(0.,0.,1.));
#19344 = ORIENTED_EDGE('',*,*,#19345,.T.);
#19345 = EDGE_CURVE('',#19336,#19346,#19348,.T.);
#19346 = VERTEX_POINT('',#19347);
#19347 = CARTESIAN_POINT('',(-17.,18.,10.6));
#19348 = LINE('',#19349,#19350);
#19349 = CARTESIAN_POINT('',(-17.,2.,10.6));
#19350 = VECTOR('',#19351,1.);
#19351 = DIRECTION('',(0.,1.,0.));
#19352 = ORIENTED_EDGE('',*,*,#19353,.T.);
#19353 = EDGE_CURVE('',#19346,#19354,#19356,.T.);
#19354 = VERTEX_POINT('',#19355);
#19355 = CARTESIAN_POINT('',(-17.,18.,16.1));
#19356 = LINE('',#19357,#19358);
#19357 = CARTESIAN_POINT('',(-17.,18.,10.6));
#19358 = VECTOR('',#19359,1.);
#19359 = DIRECTION('',(0.,0.,1.));
#19360 = ORIENTED_EDGE('',*,*,#19361,.F.);
#19361 = EDGE_CURVE('',#19338,#19354,#19362,.T.);
#19362 = LINE('',#19363,#19364);
#19363 = CARTESIAN_POINT('',(-17.,2.,16.1));
#19364 = VECTOR('',#19365,1.);
#19365 = DIRECTION('',(0.,1.,0.));
#19366 = PLANE('',#19367);
#19367 = AXIS2_PLACEMENT_3D('',#19368,#19369,#19370);
#19368 = CARTESIAN_POINT('',(-17.,2.,10.6));
#19369 = DIRECTION('',(1.,0.,0.));
#19370 = DIRECTION('',(0.,0.,1.));
#19371 = ADVANCED_FACE('',(#19372),#19388,.F.);
#19372 = FACE_BOUND('',#19373,.F.);
#19373 = EDGE_LOOP('',(#19374,#19380,#19381,#19387));
#19374 = ORIENTED_EDGE('',*,*,#19375,.F.);
#19375 = EDGE_CURVE('',#19296,#19336,#19376,.T.);
#19376 = LINE('',#19377,#19378);
#19377 = CARTESIAN_POINT('',(-39.,2.,10.6));
#19378 = VECTOR('',#19379,1.);
#19379 = DIRECTION('',(1.,0.,0.));
#19380 = ORIENTED_EDGE('',*,*,#19295,.T.);
#19381 = ORIENTED_EDGE('',*,*,#19382,.T.);
#19382 = EDGE_CURVE('',#19298,#19338,#19383,.T.);
#19383 = LINE('',#19384,#19385);
#19384 = CARTESIAN_POINT('',(-39.,2.,16.1));
#19385 = VECTOR('',#19386,1.);
#19386 = DIRECTION('',(1.,0.,0.));
#19387 = ORIENTED_EDGE('',*,*,#19335,.F.);
#19388 = PLANE('',#19389);
#19389 = AXIS2_PLACEMENT_3D('',#19390,#19391,#19392);
#19390 = CARTESIAN_POINT('',(-39.,2.,10.6));
#19391 = DIRECTION('',(0.,1.,0.));
#19392 = DIRECTION('',(0.,0.,1.));
#19393 = ADVANCED_FACE('',(#19394),#19410,.T.);
#19394 = FACE_BOUND('',#19395,.T.);
#19395 = EDGE_LOOP('',(#19396,#19402,#19403,#19409));
#19396 = ORIENTED_EDGE('',*,*,#19397,.F.);
#19397 = EDGE_CURVE('',#19306,#19346,#19398,.T.);
#19398 = LINE('',#19399,#19400);
#19399 = CARTESIAN_POINT('',(-39.,18.,10.6));
#19400 = VECTOR('',#19401,1.);
#19401 = DIRECTION('',(1.,0.,0.));
#19402 = ORIENTED_EDGE('',*,*,#19313,.T.);
#19403 = ORIENTED_EDGE('',*,*,#19404,.T.);
#19404 = EDGE_CURVE('',#19314,#19354,#19405,.T.);
#19405 = LINE('',#19406,#19407);
#19406 = CARTESIAN_POINT('',(-39.,18.,16.1));
#19407 = VECTOR('',#19408,1.);
#19408 = DIRECTION('',(1.,0.,0.));
#19409 = ORIENTED_EDGE('',*,*,#19353,.F.);
#19410 = PLANE('',#19411);
#19411 = AXIS2_PLACEMENT_3D('',#19412,#19413,#19414);
#19412 = CARTESIAN_POINT('',(-39.,18.,10.6));
#19413 = DIRECTION('',(0.,1.,0.));
#19414 = DIRECTION('',(0.,0.,1.));
#19415 = ADVANCED_FACE('',(#19416),#19422,.F.);
#19416 = FACE_BOUND('',#19417,.F.);
#19417 = EDGE_LOOP('',(#19418,#19419,#19420,#19421));
#19418 = ORIENTED_EDGE('',*,*,#19305,.F.);
#19419 = ORIENTED_EDGE('',*,*,#19375,.T.);
#19420 = ORIENTED_EDGE('',*,*,#19345,.T.);
#19421 = ORIENTED_EDGE('',*,*,#19397,.F.);
#19422 = PLANE('',#19423);
#19423 = AXIS2_PLACEMENT_3D('',#19424,#19425,#19426);
#19424 = CARTESIAN_POINT('',(-39.,2.,10.6));
#19425 = DIRECTION('',(0.,0.,1.));
#19426 = DIRECTION('',(1.,0.,0.));
#19427 = ADVANCED_FACE('',(#19428),#19434,.T.);
#19428 = FACE_BOUND('',#19429,.T.);
#19429 = EDGE_LOOP('',(#19430,#19431,#19432,#19433));
#19430 = ORIENTED_EDGE('',*,*,#19321,.F.);
#19431 = ORIENTED_EDGE('',*,*,#19382,.T.);
#19432 = ORIENTED_EDGE('',*,*,#19361,.T.);
#19433 = ORIENTED_EDGE('',*,*,#19404,.F.);
#19434 = PLANE('',#19435);
#19435 = AXIS2_PLACEMENT_3D('',#19436,#19437,#19438);
#19436 = CARTESIAN_POINT('',(-39.,2.,16.1));
#19437 = DIRECTION('',(0.,0.,1.));
#19438 = DIRECTION('',(1.,0.,0.));
#19439 = MANIFOLD_SOLID_BREP('',#19440);
#19440 = CLOSED_SHELL('',(#19441,#19481,#19521,#19543,#19565,#19577));
#19441 = ADVANCED_FACE('',(#19442),#19476,.F.);
#19442 = FACE_BOUND('',#19443,.F.);
#19443 = EDGE_LOOP('',(#19444,#19454,#19462,#19470));
#19444 = ORIENTED_EDGE('',*,*,#19445,.F.);
#19445 = EDGE_CURVE('',#19446,#19448,#19450,.T.);
#19446 = VERTEX_POINT('',#19447);
#19447 = CARTESIAN_POINT('',(-11.,2.,10.6));
#19448 = VERTEX_POINT('',#19449);
#19449 = CARTESIAN_POINT('',(-11.,2.,16.1));
#19450 = LINE('',#19451,#19452);
#19451 = CARTESIAN_POINT('',(-11.,2.,10.6));
#19452 = VECTOR('',#19453,1.);
#19453 = DIRECTION('',(0.,0.,1.));
#19454 = ORIENTED_EDGE('',*,*,#19455,.T.);
#19455 = EDGE_CURVE('',#19446,#19456,#19458,.T.);
#19456 = VERTEX_POINT('',#19457);
#19457 = CARTESIAN_POINT('',(-11.,18.,10.6));
#19458 = LINE('',#19459,#19460);
#19459 = CARTESIAN_POINT('',(-11.,2.,10.6));
#19460 = VECTOR('',#19461,1.);
#19461 = DIRECTION('',(0.,1.,0.));
#19462 = ORIENTED_EDGE('',*,*,#19463,.T.);
#19463 = EDGE_CURVE('',#19456,#19464,#19466,.T.);
#19464 = VERTEX_POINT('',#19465);
#19465 = CARTESIAN_POINT('',(-11.,18.,16.1));
#19466 = LINE('',#19467,#19468);
#19467 = CARTESIAN_POINT('',(-11.,18.,10.6));
#19468 = VECTOR('',#19469,1.);
#19469 = DIRECTION('',(0.,0.,1.));
#19470 = ORIENTED_EDGE('',*,*,#19471,.F.);
#19471 = EDGE_CURVE('',#19448,#19464,#19472,.T.);
#19472 = LINE('',#19473,#19474);
#19473 = CARTESIAN_POINT('',(-11.,2.,16.1));
#19474 = VECTOR('',#19475,1.);
#19475 = DIRECTION('',(0.,1.,0.));
#19476 = PLANE('',#19477);
#19477 = AXIS2_PLACEMENT_3D('',#19478,#19479,#19480);
#19478 = CARTESIAN_POINT('',(-11.,2.,10.6));
#19479 = DIRECTION('',(1.,0.,0.));
#19480 = DIRECTION('',(0.,0.,1.));
#19481 = ADVANCED_FACE('',(#19482),#19516,.T.);
#19482 = FACE_BOUND('',#19483,.T.);
#19483 = EDGE_LOOP('',(#19484,#19494,#19502,#19510));
#19484 = ORIENTED_EDGE('',*,*,#19485,.F.);
#19485 = EDGE_CURVE('',#19486,#19488,#19490,.T.);
#19486 = VERTEX_POINT('',#19487);
#19487 = CARTESIAN_POINT('',(11.,2.,10.6));
#19488 = VERTEX_POINT('',#19489);
#19489 = CARTESIAN_POINT('',(11.,2.,16.1));
#19490 = LINE('',#19491,#19492);
#19491 = CARTESIAN_POINT('',(11.,2.,10.6));
#19492 = VECTOR('',#19493,1.);
#19493 = DIRECTION('',(0.,0.,1.));
#19494 = ORIENTED_EDGE('',*,*,#19495,.T.);
#19495 = EDGE_CURVE('',#19486,#19496,#19498,.T.);
#19496 = VERTEX_POINT('',#19497);
#19497 = CARTESIAN_POINT('',(11.,18.,10.6));
#19498 = LINE('',#19499,#19500);
#19499 = CARTESIAN_POINT('',(11.,2.,10.6));
#19500 = VECTOR('',#19501,1.);
#19501 = DIRECTION('',(0.,1.,0.));
#19502 = ORIENTED_EDGE('',*,*,#19503,.T.);
#19503 = EDGE_CURVE('',#19496,#19504,#19506,.T.);
#19504 = VERTEX_POINT('',#19505);
#19505 = CARTESIAN_POINT('',(11.,18.,16.1));
#19506 = LINE('',#19507,#19508);
#19507 = CARTESIAN_POINT('',(11.,18.,10.6));
#19508 = VECTOR('',#19509,1.);
#19509 = DIRECTION('',(0.,0.,1.));
#19510 = ORIENTED_EDGE('',*,*,#19511,.F.);
#19511 = EDGE_CURVE('',#19488,#19504,#19512,.T.);
#19512 = LINE('',#19513,#19514);
#19513 = CARTESIAN_POINT('',(11.,2.,16.1));
#19514 = VECTOR('',#19515,1.);
#19515 = DIRECTION('',(0.,1.,0.));
#19516 = PLANE('',#19517);
#19517 = AXIS2_PLACEMENT_3D('',#19518,#19519,#19520);
#19518 = CARTESIAN_POINT('',(11.,2.,10.6));
#19519 = DIRECTION('',(1.,0.,0.));
#19520 = DIRECTION('',(0.,0.,1.));
#19521 = ADVANCED_FACE('',(#19522),#19538,.F.);
#19522 = FACE_BOUND('',#19523,.F.);
#19523 = EDGE_LOOP('',(#19524,#19530,#19531,#19537));
#19524 = ORIENTED_EDGE('',*,*,#19525,.F.);
#19525 = EDGE_CURVE('',#19446,#19486,#19526,.T.);
#19526 = LINE('',#19527,#19528);
#19527 = CARTESIAN_POINT('',(-11.,2.,10.6));
#19528 = VECTOR('',#19529,1.);
#19529 = DIRECTION('',(1.,0.,0.));
#19530 = ORIENTED_EDGE('',*,*,#19445,.T.);
#19531 = ORIENTED_EDGE('',*,*,#19532,.T.);
#19532 = EDGE_CURVE('',#19448,#19488,#19533,.T.);
#19533 = LINE('',#19534,#19535);
#19534 = CARTESIAN_POINT('',(-11.,2.,16.1));
#19535 = VECTOR('',#19536,1.);
#19536 = DIRECTION('',(1.,0.,0.));
#19537 = ORIENTED_EDGE('',*,*,#19485,.F.);
#19538 = PLANE('',#19539);
#19539 = AXIS2_PLACEMENT_3D('',#19540,#19541,#19542);
#19540 = CARTESIAN_POINT('',(-11.,2.,10.6));
#19541 = DIRECTION('',(0.,1.,0.));
#19542 = DIRECTION('',(0.,0.,1.));
#19543 = ADVANCED_FACE('',(#19544),#19560,.T.);
#19544 = FACE_BOUND('',#19545,.T.);
#19545 = EDGE_LOOP('',(#19546,#19552,#19553,#19559));
#19546 = ORIENTED_EDGE('',*,*,#19547,.F.);
#19547 = EDGE_CURVE('',#19456,#19496,#19548,.T.);
#19548 = LINE('',#19549,#19550);
#19549 = CARTESIAN_POINT('',(-11.,18.,10.6));
#19550 = VECTOR('',#19551,1.);
#19551 = DIRECTION('',(1.,0.,0.));
#19552 = ORIENTED_EDGE('',*,*,#19463,.T.);
#19553 = ORIENTED_EDGE('',*,*,#19554,.T.);
#19554 = EDGE_CURVE('',#19464,#19504,#19555,.T.);
#19555 = LINE('',#19556,#19557);
#19556 = CARTESIAN_POINT('',(-11.,18.,16.1));
#19557 = VECTOR('',#19558,1.);
#19558 = DIRECTION('',(1.,0.,0.));
#19559 = ORIENTED_EDGE('',*,*,#19503,.F.);
#19560 = PLANE('',#19561);
#19561 = AXIS2_PLACEMENT_3D('',#19562,#19563,#19564);
#19562 = CARTESIAN_POINT('',(-11.,18.,10.6));
#19563 = DIRECTION('',(0.,1.,0.));
#19564 = DIRECTION('',(0.,0.,1.));
#19565 = ADVANCED_FACE('',(#19566),#19572,.F.);
#19566 = FACE_BOUND('',#19567,.F.);
#19567 = EDGE_LOOP('',(#19568,#19569,#19570,#19571));
#19568 = ORIENTED_EDGE('',*,*,#19455,.F.);
#19569 = ORIENTED_EDGE('',*,*,#19525,.T.);
#19570 = ORIENTED_EDGE('',*,*,#19495,.T.);
#19571 = ORIENTED_EDGE('',*,*,#19547,.F.);
#19572 = PLANE('',#19573);
#19573 = AXIS2_PLACEMENT_3D('',#19574,#19575,#19576);
#19574 = CARTESIAN_POINT('',(-11.,2.,10.6));
#19575 = DIRECTION('',(0.,0.,1.));
#19576 = DIRECTION('',(1.,0.,0.));
#19577 = ADVANCED_FACE('',(#19578),#19584,.T.);
#19578 = FACE_BOUND('',#19579,.T.);
#19579 = EDGE_LOOP('',(#19580,#19581,#19582,#19583));
#19580 = ORIENTED_EDGE('',*,*,#19471,.F.);
#19581 = ORIENTED_EDGE('',*,*,#19532,.T.);
#19582 = ORIENTED_EDGE('',*,*,#19511,.T.);
#19583 = ORIENTED_EDGE('',*,*,#19554,.F.);
#19584 = PLANE('',#19585);
#19585 = AXIS2_PLACEMENT_3D('',#19586,#19587,#19588);
#19586 = CARTESIAN_POINT('',(-11.,2.,16.1));
#19587 = DIRECTION('',(0.,0.,1.));
#19588 = DIRECTION('',(1.,0.,0.));
#19589 = MANIFOLD_SOLID_BREP('',#19590);
#19590 = CLOSED_SHELL('',(#19591,#19631,#19671,#19693,#19715,#19727));
#19591 = ADVANCED_FACE('',(#19592),#19626,.F.);
#19592 = FACE_BOUND('',#19593,.F.);
#19593 = EDGE_LOOP('',(#19594,#19604,#19612,#19620));
#19594 = ORIENTED_EDGE('',*,*,#19595,.F.);
#19595 = EDGE_CURVE('',#19596,#19598,#19600,.T.);
#19596 = VERTEX_POINT('',#19597);
#19597 = CARTESIAN_POINT('',(17.,2.,10.6));
#19598 = VERTEX_POINT('',#19599);
#19599 = CARTESIAN_POINT('',(17.,2.,16.1));
#19600 = LINE('',#19601,#19602);
#19601 = CARTESIAN_POINT('',(17.,2.,10.6));
#19602 = VECTOR('',#19603,1.);
#19603 = DIRECTION('',(0.,0.,1.));
#19604 = ORIENTED_EDGE('',*,*,#19605,.T.);
#19605 = EDGE_CURVE('',#19596,#19606,#19608,.T.);
#19606 = VERTEX_POINT('',#19607);
#19607 = CARTESIAN_POINT('',(17.,18.,10.6));
#19608 = LINE('',#19609,#19610);
#19609 = CARTESIAN_POINT('',(17.,2.,10.6));
#19610 = VECTOR('',#19611,1.);
#19611 = DIRECTION('',(0.,1.,0.));
#19612 = ORIENTED_EDGE('',*,*,#19613,.T.);
#19613 = EDGE_CURVE('',#19606,#19614,#19616,.T.);
#19614 = VERTEX_POINT('',#19615);
#19615 = CARTESIAN_POINT('',(17.,18.,16.1));
#19616 = LINE('',#19617,#19618);
#19617 = CARTESIAN_POINT('',(17.,18.,10.6));
#19618 = VECTOR('',#19619,1.);
#19619 = DIRECTION('',(0.,0.,1.));
#19620 = ORIENTED_EDGE('',*,*,#19621,.F.);
#19621 = EDGE_CURVE('',#19598,#19614,#19622,.T.);
#19622 = LINE('',#19623,#19624);
#19623 = CARTESIAN_POINT('',(17.,2.,16.1));
#19624 = VECTOR('',#19625,1.);
#19625 = DIRECTION('',(0.,1.,0.));
#19626 = PLANE('',#19627);
#19627 = AXIS2_PLACEMENT_3D('',#19628,#19629,#19630);
#19628 = CARTESIAN_POINT('',(17.,2.,10.6));
#19629 = DIRECTION('',(1.,0.,0.));
#19630 = DIRECTION('',(0.,0.,1.));
#19631 = ADVANCED_FACE('',(#19632),#19666,.T.);
#19632 = FACE_BOUND('',#19633,.T.);
#19633 = EDGE_LOOP('',(#19634,#19644,#19652,#19660));
#19634 = ORIENTED_EDGE('',*,*,#19635,.F.);
#19635 = EDGE_CURVE('',#19636,#19638,#19640,.T.);
#19636 = VERTEX_POINT('',#19637);
#19637 = CARTESIAN_POINT('',(39.,2.,10.6));
#19638 = VERTEX_POINT('',#19639);
#19639 = CARTESIAN_POINT('',(39.,2.,16.1));
#19640 = LINE('',#19641,#19642);
#19641 = CARTESIAN_POINT('',(39.,2.,10.6));
#19642 = VECTOR('',#19643,1.);
#19643 = DIRECTION('',(0.,0.,1.));
#19644 = ORIENTED_EDGE('',*,*,#19645,.T.);
#19645 = EDGE_CURVE('',#19636,#19646,#19648,.T.);
#19646 = VERTEX_POINT('',#19647);
#19647 = CARTESIAN_POINT('',(39.,18.,10.6));
#19648 = LINE('',#19649,#19650);
#19649 = CARTESIAN_POINT('',(39.,2.,10.6));
#19650 = VECTOR('',#19651,1.);
#19651 = DIRECTION('',(0.,1.,0.));
#19652 = ORIENTED_EDGE('',*,*,#19653,.T.);
#19653 = EDGE_CURVE('',#19646,#19654,#19656,.T.);
#19654 = VERTEX_POINT('',#19655);
#19655 = CARTESIAN_POINT('',(39.,18.,16.1));
#19656 = LINE('',#19657,#19658);
#19657 = CARTESIAN_POINT('',(39.,18.,10.6));
#19658 = VECTOR('',#19659,1.);
#19659 = DIRECTION('',(0.,0.,1.));
#19660 = ORIENTED_EDGE('',*,*,#19661,.F.);
#19661 = EDGE_CURVE('',#19638,#19654,#19662,.T.);
#19662 = LINE('',#19663,#19664);
#19663 = CARTESIAN_POINT('',(39.,2.,16.1));
#19664 = VECTOR('',#19665,1.);
#19665 = DIRECTION('',(0.,1.,0.));
#19666 = PLANE('',#19667);
#19667 = AXIS2_PLACEMENT_3D('',#19668,#19669,#19670);
#19668 = CARTESIAN_POINT('',(39.,2.,10.6));
#19669 = DIRECTION('',(1.,0.,0.));
#19670 = DIRECTION('',(0.,0.,1.));
#19671 = ADVANCED_FACE('',(#19672),#19688,.F.);
#19672 = FACE_BOUND('',#19673,.F.);
#19673 = EDGE_LOOP('',(#19674,#19680,#19681,#19687));
#19674 = ORIENTED_EDGE('',*,*,#19675,.F.);
#19675 = EDGE_CURVE('',#19596,#19636,#19676,.T.);
#19676 = LINE('',#19677,#19678);
#19677 = CARTESIAN_POINT('',(17.,2.,10.6));
#19678 = VECTOR('',#19679,1.);
#19679 = DIRECTION('',(1.,0.,0.));
#19680 = ORIENTED_EDGE('',*,*,#19595,.T.);
#19681 = ORIENTED_EDGE('',*,*,#19682,.T.);
#19682 = EDGE_CURVE('',#19598,#19638,#19683,.T.);
#19683 = LINE('',#19684,#19685);
#19684 = CARTESIAN_POINT('',(17.,2.,16.1));
#19685 = VECTOR('',#19686,1.);
#19686 = DIRECTION('',(1.,0.,0.));
#19687 = ORIENTED_EDGE('',*,*,#19635,.F.);
#19688 = PLANE('',#19689);
#19689 = AXIS2_PLACEMENT_3D('',#19690,#19691,#19692);
#19690 = CARTESIAN_POINT('',(17.,2.,10.6));
#19691 = DIRECTION('',(0.,1.,0.));
#19692 = DIRECTION('',(0.,0.,1.));
#19693 = ADVANCED_FACE('',(#19694),#19710,.T.);
#19694 = FACE_BOUND('',#19695,.T.);
#19695 = EDGE_LOOP('',(#19696,#19702,#19703,#19709));
#19696 = ORIENTED_EDGE('',*,*,#19697,.F.);
#19697 = EDGE_CURVE('',#19606,#19646,#19698,.T.);
#19698 = LINE('',#19699,#19700);
#19699 = CARTESIAN_POINT('',(17.,18.,10.6));
#19700 = VECTOR('',#19701,1.);
#19701 = DIRECTION('',(1.,0.,0.));
#19702 = ORIENTED_EDGE('',*,*,#19613,.T.);
#19703 = ORIENTED_EDGE('',*,*,#19704,.T.);
#19704 = EDGE_CURVE('',#19614,#19654,#19705,.T.);
#19705 = LINE('',#19706,#19707);
#19706 = CARTESIAN_POINT('',(17.,18.,16.1));
#19707 = VECTOR('',#19708,1.);
#19708 = DIRECTION('',(1.,0.,0.));
#19709 = ORIENTED_EDGE('',*,*,#19653,.F.);
#19710 = PLANE('',#19711);
#19711 = AXIS2_PLACEMENT_3D('',#19712,#19713,#19714);
#19712 = CARTESIAN_POINT('',(17.,18.,10.6));
#19713 = DIRECTION('',(0.,1.,0.));
#19714 = DIRECTION('',(0.,0.,1.));
#19715 = ADVANCED_FACE('',(#19716),#19722,.F.);
#19716 = FACE_BOUND('',#19717,.F.);
#19717 = EDGE_LOOP('',(#19718,#19719,#19720,#19721));
#19718 = ORIENTED_EDGE('',*,*,#19605,.F.);
#19719 = ORIENTED_EDGE('',*,*,#19675,.T.);
#19720 = ORIENTED_EDGE('',*,*,#19645,.T.);
#19721 = ORIENTED_EDGE('',*,*,#19697,.F.);
#19722 = PLANE('',#19723);
#19723 = AXIS2_PLACEMENT_3D('',#19724,#19725,#19726);
#19724 = CARTESIAN_POINT('',(17.,2.,10.6));
#19725 = DIRECTION('',(0.,0.,1.));
#19726 = DIRECTION('',(1.,0.,0.));
#19727 = ADVANCED_FACE('',(#19728),#19734,.T.);
#19728 = FACE_BOUND('',#19729,.T.);
#19729 = EDGE_LOOP('',(#19730,#19731,#19732,#19733));
#19730 = ORIENTED_EDGE('',*,*,#19621,.F.);
#19731 = ORIENTED_EDGE('',*,*,#19682,.T.);
#19732 = ORIENTED_EDGE('',*,*,#19661,.T.);
#19733 = ORIENTED_EDGE('',*,*,#19704,.F.);
#19734 = PLANE('',#19735);
#19735 = AXIS2_PLACEMENT_3D('',#19736,#19737,#19738);
#19736 = CARTESIAN_POINT('',(17.,2.,16.1));
#19737 = DIRECTION('',(0.,0.,1.));
#19738 = DIRECTION('',(1.,0.,0.));
#19739 = MANIFOLD_SOLID_BREP('',#19740);
#19740 = CLOSED_SHELL('',(#19741,#19781,#19821,#19843,#19865,#19877));
#19741 = ADVANCED_FACE('',(#19742),#19776,.F.);
#19742 = FACE_BOUND('',#19743,.F.);
#19743 = EDGE_LOOP('',(#19744,#19754,#19762,#19770));
#19744 = ORIENTED_EDGE('',*,*,#19745,.F.);
#19745 = EDGE_CURVE('',#19746,#19748,#19750,.T.);
#19746 = VERTEX_POINT('',#19747);
#19747 = CARTESIAN_POINT('',(52.,-12.,10.6));
#19748 = VERTEX_POINT('',#19749);
#19749 = CARTESIAN_POINT('',(52.,-12.,19.6));
#19750 = LINE('',#19751,#19752);
#19751 = CARTESIAN_POINT('',(52.,-12.,10.6));
#19752 = VECTOR('',#19753,1.);
#19753 = DIRECTION('',(0.,0.,1.));
#19754 = ORIENTED_EDGE('',*,*,#19755,.T.);
#19755 = EDGE_CURVE('',#19746,#19756,#19758,.T.);
#19756 = VERTEX_POINT('',#19757);
#19757 = CARTESIAN_POINT('',(52.,12.,10.6));
#19758 = LINE('',#19759,#19760);
#19759 = CARTESIAN_POINT('',(52.,-12.,10.6));
#19760 = VECTOR('',#19761,1.);
#19761 = DIRECTION('',(0.,1.,0.));
#19762 = ORIENTED_EDGE('',*,*,#19763,.T.);
#19763 = EDGE_CURVE('',#19756,#19764,#19766,.T.);
#19764 = VERTEX_POINT('',#19765);
#19765 = CARTESIAN_POINT('',(52.,12.,19.6));
#19766 = LINE('',#19767,#19768);
#19767 = CARTESIAN_POINT('',(52.,12.,10.6));
#19768 = VECTOR('',#19769,1.);
#19769 = DIRECTION('',(0.,0.,1.));
#19770 = ORIENTED_EDGE('',*,*,#19771,.F.);
#19771 = EDGE_CURVE('',#19748,#19764,#19772,.T.);
#19772 = LINE('',#19773,#19774);
#19773 = CARTESIAN_POINT('',(52.,-12.,19.6));
#19774 = VECTOR('',#19775,1.);
#19775 = DIRECTION('',(0.,1.,0.));
#19776 = PLANE('',#19777);
#19777 = AXIS2_PLACEMENT_3D('',#19778,#19779,#19780);
#19778 = CARTESIAN_POINT('',(52.,-12.,10.6));
#19779 = DIRECTION('',(1.,0.,0.));
#19780 = DIRECTION('',(0.,0.,1.));
#19781 = ADVANCED_FACE('',(#19782),#19816,.T.);
#19782 = FACE_BOUND('',#19783,.T.);
#19783 = EDGE_LOOP('',(#19784,#19794,#19802,#19810));
#19784 = ORIENTED_EDGE('',*,*,#19785,.F.);
#19785 = EDGE_CURVE('',#19786,#19788,#19790,.T.);
#19786 = VERTEX_POINT('',#19787);
#19787 = CARTESIAN_POINT('',(64.,-12.,10.6));
#19788 = VERTEX_POINT('',#19789);
#19789 = CARTESIAN_POINT('',(64.,-12.,19.6));
#19790 = LINE('',#19791,#19792);
#19791 = CARTESIAN_POINT('',(64.,-12.,10.6));
#19792 = VECTOR('',#19793,1.);
#19793 = DIRECTION('',(0.,0.,1.));
#19794 = ORIENTED_EDGE('',*,*,#19795,.T.);
#19795 = EDGE_CURVE('',#19786,#19796,#19798,.T.);
#19796 = VERTEX_POINT('',#19797);
#19797 = CARTESIAN_POINT('',(64.,12.,10.6));
#19798 = LINE('',#19799,#19800);
#19799 = CARTESIAN_POINT('',(64.,-12.,10.6));
#19800 = VECTOR('',#19801,1.);
#19801 = DIRECTION('',(0.,1.,0.));
#19802 = ORIENTED_EDGE('',*,*,#19803,.T.);
#19803 = EDGE_CURVE('',#19796,#19804,#19806,.T.);
#19804 = VERTEX_POINT('',#19805);
#19805 = CARTESIAN_POINT('',(64.,12.,19.6));
#19806 = LINE('',#19807,#19808);
#19807 = CARTESIAN_POINT('',(64.,12.,10.6));
#19808 = VECTOR('',#19809,1.);
#19809 = DIRECTION('',(0.,0.,1.));
#19810 = ORIENTED_EDGE('',*,*,#19811,.F.);
#19811 = EDGE_CURVE('',#19788,#19804,#19812,.T.);
#19812 = LINE('',#19813,#19814);
#19813 = CARTESIAN_POINT('',(64.,-12.,19.6));
#19814 = VECTOR('',#19815,1.);
#19815 = DIRECTION('',(0.,1.,0.));
#19816 = PLANE('',#19817);
#19817 = AXIS2_PLACEMENT_3D('',#19818,#19819,#19820);
#19818 = CARTESIAN_POINT('',(64.,-12.,10.6));
#19819 = DIRECTION('',(1.,0.,0.));
#19820 = DIRECTION('',(0.,0.,1.));
#19821 = ADVANCED_FACE('',(#19822),#19838,.F.);
#19822 = FACE_BOUND('',#19823,.F.);
#19823 = EDGE_LOOP('',(#19824,#19830,#19831,#19837));
#19824 = ORIENTED_EDGE('',*,*,#19825,.F.);
#19825 = EDGE_CURVE('',#19746,#19786,#19826,.T.);
#19826 = LINE('',#19827,#19828);
#19827 = CARTESIAN_POINT('',(52.,-12.,10.6));
#19828 = VECTOR('',#19829,1.);
#19829 = DIRECTION('',(1.,0.,0.));
#19830 = ORIENTED_EDGE('',*,*,#19745,.T.);
#19831 = ORIENTED_EDGE('',*,*,#19832,.T.);
#19832 = EDGE_CURVE('',#19748,#19788,#19833,.T.);
#19833 = LINE('',#19834,#19835);
#19834 = CARTESIAN_POINT('',(52.,-12.,19.6));
#19835 = VECTOR('',#19836,1.);
#19836 = DIRECTION('',(1.,0.,0.));
#19837 = ORIENTED_EDGE('',*,*,#19785,.F.);
#19838 = PLANE('',#19839);
#19839 = AXIS2_PLACEMENT_3D('',#19840,#19841,#19842);
#19840 = CARTESIAN_POINT('',(52.,-12.,10.6));
#19841 = DIRECTION('',(0.,1.,0.));
#19842 = DIRECTION('',(0.,0.,1.));
#19843 = ADVANCED_FACE('',(#19844),#19860,.T.);
#19844 = FACE_BOUND('',#19845,.T.);
#19845 = EDGE_LOOP('',(#19846,#19852,#19853,#19859));
#19846 = ORIENTED_EDGE('',*,*,#19847,.F.);
#19847 = EDGE_CURVE('',#19756,#19796,#19848,.T.);
#19848 = LINE('',#19849,#19850);
#19849 = CARTESIAN_POINT('',(52.,12.,10.6));
#19850 = VECTOR('',#19851,1.);
#19851 = DIRECTION('',(1.,0.,0.));
#19852 = ORIENTED_EDGE('',*,*,#19763,.T.);
#19853 = ORIENTED_EDGE('',*,*,#19854,.T.);
#19854 = EDGE_CURVE('',#19764,#19804,#19855,.T.);
#19855 = LINE('',#19856,#19857);
#19856 = CARTESIAN_POINT('',(52.,12.,19.6));
#19857 = VECTOR('',#19858,1.);
#19858 = DIRECTION('',(1.,0.,0.));
#19859 = ORIENTED_EDGE('',*,*,#19803,.F.);
#19860 = PLANE('',#19861);
#19861 = AXIS2_PLACEMENT_3D('',#19862,#19863,#19864);
#19862 = CARTESIAN_POINT('',(52.,12.,10.6));
#19863 = DIRECTION('',(0.,1.,0.));
#19864 = DIRECTION('',(0.,0.,1.));
#19865 = ADVANCED_FACE('',(#19866),#19872,.F.);
#19866 = FACE_BOUND('',#19867,.F.);
#19867 = EDGE_LOOP('',(#19868,#19869,#19870,#19871));
#19868 = ORIENTED_EDGE('',*,*,#19755,.F.);
#19869 = ORIENTED_EDGE('',*,*,#19825,.T.);
#19870 = ORIENTED_EDGE('',*,*,#19795,.T.);
#19871 = ORIENTED_EDGE('',*,*,#19847,.F.);
#19872 = PLANE('',#19873);
#19873 = AXIS2_PLACEMENT_3D('',#19874,#19875,#19876);
#19874 = CARTESIAN_POINT('',(52.,-12.,10.6));
#19875 = DIRECTION('',(0.,0.,1.));
#19876 = DIRECTION('',(1.,0.,0.));
#19877 = ADVANCED_FACE('',(#19878),#19884,.T.);
#19878 = FACE_BOUND('',#19879,.T.);
#19879 = EDGE_LOOP('',(#19880,#19881,#19882,#19883));
#19880 = ORIENTED_EDGE('',*,*,#19771,.F.);
#19881 = ORIENTED_EDGE('',*,*,#19832,.T.);
#19882 = ORIENTED_EDGE('',*,*,#19811,.T.);
#19883 = ORIENTED_EDGE('',*,*,#19854,.F.);
#19884 = PLANE('',#19885);
#19885 = AXIS2_PLACEMENT_3D('',#19886,#19887,#19888);
#19886 = CARTESIAN_POINT('',(52.,-12.,19.6));
#19887 = DIRECTION('',(0.,0.,1.));
#19888 = DIRECTION('',(1.,0.,0.));
#19889 = MANIFOLD_SOLID_BREP('',#19890);
#19890 = CLOSED_SHELL('',(#19891,#19931,#19971,#19993,#20015,#20027));
#19891 = ADVANCED_FACE('',(#19892),#19926,.F.);
#19892 = FACE_BOUND('',#19893,.F.);
#19893 = EDGE_LOOP('',(#19894,#19904,#19912,#19920));
#19894 = ORIENTED_EDGE('',*,*,#19895,.F.);
#19895 = EDGE_CURVE('',#19896,#19898,#19900,.T.);
#19896 = VERTEX_POINT('',#19897);
#19897 = CARTESIAN_POINT('',(-63.,-25.,10.6));
#19898 = VERTEX_POINT('',#19899);
#19899 = CARTESIAN_POINT('',(-63.,-25.,14.6));
#19900 = LINE('',#19901,#19902);
#19901 = CARTESIAN_POINT('',(-63.,-25.,10.6));
#19902 = VECTOR('',#19903,1.);
#19903 = DIRECTION('',(0.,0.,1.));
#19904 = ORIENTED_EDGE('',*,*,#19905,.T.);
#19905 = EDGE_CURVE('',#19896,#19906,#19908,.T.);
#19906 = VERTEX_POINT('',#19907);
#19907 = CARTESIAN_POINT('',(-63.,-11.,10.6));
#19908 = LINE('',#19909,#19910);
#19909 = CARTESIAN_POINT('',(-63.,-25.,10.6));
#19910 = VECTOR('',#19911,1.);
#19911 = DIRECTION('',(0.,1.,0.));
#19912 = ORIENTED_EDGE('',*,*,#19913,.T.);
#19913 = EDGE_CURVE('',#19906,#19914,#19916,.T.);
#19914 = VERTEX_POINT('',#19915);
#19915 = CARTESIAN_POINT('',(-63.,-11.,14.6));
#19916 = LINE('',#19917,#19918);
#19917 = CARTESIAN_POINT('',(-63.,-11.,10.6));
#19918 = VECTOR('',#19919,1.);
#19919 = DIRECTION('',(0.,0.,1.));
#19920 = ORIENTED_EDGE('',*,*,#19921,.F.);
#19921 = EDGE_CURVE('',#19898,#19914,#19922,.T.);
#19922 = LINE('',#19923,#19924);
#19923 = CARTESIAN_POINT('',(-63.,-25.,14.6));
#19924 = VECTOR('',#19925,1.);
#19925 = DIRECTION('',(0.,1.,0.));
#19926 = PLANE('',#19927);
#19927 = AXIS2_PLACEMENT_3D('',#19928,#19929,#19930);
#19928 = CARTESIAN_POINT('',(-63.,-25.,10.6));
#19929 = DIRECTION('',(1.,0.,0.));
#19930 = DIRECTION('',(0.,0.,1.));
#19931 = ADVANCED_FACE('',(#19932),#19966,.T.);
#19932 = FACE_BOUND('',#19933,.T.);
#19933 = EDGE_LOOP('',(#19934,#19944,#19952,#19960));
#19934 = ORIENTED_EDGE('',*,*,#19935,.F.);
#19935 = EDGE_CURVE('',#19936,#19938,#19940,.T.);
#19936 = VERTEX_POINT('',#19937);
#19937 = CARTESIAN_POINT('',(-53.,-25.,10.6));
#19938 = VERTEX_POINT('',#19939);
#19939 = CARTESIAN_POINT('',(-53.,-25.,14.6));
#19940 = LINE('',#19941,#19942);
#19941 = CARTESIAN_POINT('',(-53.,-25.,10.6));
#19942 = VECTOR('',#19943,1.);
#19943 = DIRECTION('',(0.,0.,1.));
#19944 = ORIENTED_EDGE('',*,*,#19945,.T.);
#19945 = EDGE_CURVE('',#19936,#19946,#19948,.T.);
#19946 = VERTEX_POINT('',#19947);
#19947 = CARTESIAN_POINT('',(-53.,-11.,10.6));
#19948 = LINE('',#19949,#19950);
#19949 = CARTESIAN_POINT('',(-53.,-25.,10.6));
#19950 = VECTOR('',#19951,1.);
#19951 = DIRECTION('',(0.,1.,0.));
#19952 = ORIENTED_EDGE('',*,*,#19953,.T.);
#19953 = EDGE_CURVE('',#19946,#19954,#19956,.T.);
#19954 = VERTEX_POINT('',#19955);
#19955 = CARTESIAN_POINT('',(-53.,-11.,14.6));
#19956 = LINE('',#19957,#19958);
#19957 = CARTESIAN_POINT('',(-53.,-11.,10.6));
#19958 = VECTOR('',#19959,1.);
#19959 = DIRECTION('',(0.,0.,1.));
#19960 = ORIENTED_EDGE('',*,*,#19961,.F.);
#19961 = EDGE_CURVE('',#19938,#19954,#19962,.T.);
#19962 = LINE('',#19963,#19964);
#19963 = CARTESIAN_POINT('',(-53.,-25.,14.6));
#19964 = VECTOR('',#19965,1.);
#19965 = DIRECTION('',(0.,1.,0.));
#19966 = PLANE('',#19967);
#19967 = AXIS2_PLACEMENT_3D('',#19968,#19969,#19970);
#19968 = CARTESIAN_POINT('',(-53.,-25.,10.6));
#19969 = DIRECTION('',(1.,0.,0.));
#19970 = DIRECTION('',(0.,0.,1.));
#19971 = ADVANCED_FACE('',(#19972),#19988,.F.);
#19972 = FACE_BOUND('',#19973,.F.);
#19973 = EDGE_LOOP('',(#19974,#19980,#19981,#19987));
#19974 = ORIENTED_EDGE('',*,*,#19975,.F.);
#19975 = EDGE_CURVE('',#19896,#19936,#19976,.T.);
#19976 = LINE('',#19977,#19978);
#19977 = CARTESIAN_POINT('',(-63.,-25.,10.6));
#19978 = VECTOR('',#19979,1.);
#19979 = DIRECTION('',(1.,0.,0.));
#19980 = ORIENTED_EDGE('',*,*,#19895,.T.);
#19981 = ORIENTED_EDGE('',*,*,#19982,.T.);
#19982 = EDGE_CURVE('',#19898,#19938,#19983,.T.);
#19983 = LINE('',#19984,#19985);
#19984 = CARTESIAN_POINT('',(-63.,-25.,14.6));
#19985 = VECTOR('',#19986,1.);
#19986 = DIRECTION('',(1.,0.,0.));
#19987 = ORIENTED_EDGE('',*,*,#19935,.F.);
#19988 = PLANE('',#19989);
#19989 = AXIS2_PLACEMENT_3D('',#19990,#19991,#19992);
#19990 = CARTESIAN_POINT('',(-63.,-25.,10.6));
#19991 = DIRECTION('',(0.,1.,0.));
#19992 = DIRECTION('',(0.,0.,1.));
#19993 = ADVANCED_FACE('',(#19994),#20010,.T.);
#19994 = FACE_BOUND('',#19995,.T.);
#19995 = EDGE_LOOP('',(#19996,#20002,#20003,#20009));
#19996 = ORIENTED_EDGE('',*,*,#19997,.F.);
#19997 = EDGE_CURVE('',#19906,#19946,#19998,.T.);
#19998 = LINE('',#19999,#20000);
#19999 = CARTESIAN_POINT('',(-63.,-11.,10.6));
#20000 = VECTOR('',#20001,1.);
#20001 = DIRECTION('',(1.,0.,0.));
#20002 = ORIENTED_EDGE('',*,*,#19913,.T.);
#20003 = ORIENTED_EDGE('',*,*,#20004,.T.);
#20004 = EDGE_CURVE('',#19914,#19954,#20005,.T.);
#20005 = LINE('',#20006,#20007);
#20006 = CARTESIAN_POINT('',(-63.,-11.,14.6));
#20007 = VECTOR('',#20008,1.);
#20008 = DIRECTION('',(1.,0.,0.));
#20009 = ORIENTED_EDGE('',*,*,#19953,.F.);
#20010 = PLANE('',#20011);
#20011 = AXIS2_PLACEMENT_3D('',#20012,#20013,#20014);
#20012 = CARTESIAN_POINT('',(-63.,-11.,10.6));
#20013 = DIRECTION('',(0.,1.,0.));
#20014 = DIRECTION('',(0.,0.,1.));
#20015 = ADVANCED_FACE('',(#20016),#20022,.F.);
#20016 = FACE_BOUND('',#20017,.F.);
#20017 = EDGE_LOOP('',(#20018,#20019,#20020,#20021));
#20018 = ORIENTED_EDGE('',*,*,#19905,.F.);
#20019 = ORIENTED_EDGE('',*,*,#19975,.T.);
#20020 = ORIENTED_EDGE('',*,*,#19945,.T.);
#20021 = ORIENTED_EDGE('',*,*,#19997,.F.);
#20022 = PLANE('',#20023);
#20023 = AXIS2_PLACEMENT_3D('',#20024,#20025,#20026);
#20024 = CARTESIAN_POINT('',(-63.,-25.,10.6));
#20025 = DIRECTION('',(0.,0.,1.));
#20026 = DIRECTION('',(1.,0.,0.));
#20027 = ADVANCED_FACE('',(#20028),#20034,.T.);
#20028 = FACE_BOUND('',#20029,.T.);
#20029 = EDGE_LOOP('',(#20030,#20031,#20032,#20033));
#20030 = ORIENTED_EDGE('',*,*,#19921,.F.);
#20031 = ORIENTED_EDGE('',*,*,#19982,.T.);
#20032 = ORIENTED_EDGE('',*,*,#19961,.T.);
#20033 = ORIENTED_EDGE('',*,*,#20004,.F.);
#20034 = PLANE('',#20035);
#20035 = AXIS2_PLACEMENT_3D('',#20036,#20037,#20038);
#20036 = CARTESIAN_POINT('',(-63.,-25.,14.6));
#20037 = DIRECTION('',(0.,0.,1.));
#20038 = DIRECTION('',(1.,0.,0.));
#20039 = ( GEOMETRIC_REPRESENTATION_CONTEXT(3) 
GLOBAL_UNCERTAINTY_ASSIGNED_CONTEXT((#20043)) 
GLOBAL_UNIT_ASSIGNED_CONTEXT((#20040,#20041,#20042)) 
REPRESENTATION_CONTEXT('Context #1',
  '3D Context with UNIT and UNCERTAINTY') );
#20040 = ( LENGTH_UNIT() NAMED_UNIT(*) SI_UNIT(.MILLI.,.METRE.) );
#20041 = ( NAMED_UNIT(*) PLANE_ANGLE_UNIT() SI_UNIT($,.RADIAN.) );
#20042 = ( NAMED_UNIT(*) SI_UNIT($,.STERADIAN.) SOLID_ANGLE_UNIT() );
#20043 = UNCERTAINTY_MEASURE_WITH_UNIT(LENGTH_MEASURE(1.E-07),#20040,
  'distance_accuracy_value','confusion accuracy');
#20044 = PRODUCT_RELATED_PRODUCT_CATEGORY('part',$,(#7));
ENDSEC;
END-ISO-10303-21;
